{"page":264,"per_page":10,"total_pages":500,"coubs":[{"flag":null,"abuses":null,"recoubs_by_users_channels":null,"favourite":false,"promoted_id":null,"recoub":null,"like":null,"dislike":null,"reaction":null,"in_my_best2015":false,"id":63469891,"type":"Coub::Simple","permalink":"11c8ph","title":"DAY 28: Elsa Hosk by Phil Poynter #LOVEADVENT2017","visibility_type":"public","original_visibility_type":"public","channel_id":151036,"created_at":"2017-12-30T22:15:03Z","updated_at":"2022-03-12T12:33:49Z","is_done":true,"views_count":121958,"cotd":null,"cotd_at":null,"visible_on_explore_root":true,"visible_on_explore":true,"featured":true,"published":true,"published_at":"2017-12-30T22:15:02Z","reversed":false,"from_editor_v2":true,"is_editable":true,"original_sound":false,"has_sound":false,"recoub_to":null,"file_versions":{"html5":{"video":{"higher":{"url":"https://coub-anubis-a.akamaized.net/coub_storage/coub/simple/cw_file/0eb90c63192/fa5ce889fc7998c44da36/muted_mp4_huge_size_1568177935_muted_huge.mp4","size":3154228},"high":{"url":"https://coub-anubis-a.akamaized.net/coub_storage/coub/simple/cw_file/0eb90c63192/fa5ce889fc7998c44da36/muted_mp4_big_size_1568177935_muted_big.mp4","size":2266650},"med":{"url":"https://coub-anubis-a.akamaized.net/coub_storage/coub/simple/cw_file/0eb90c63192/fa5ce889fc7998c44da36/muted_mp4_med_size_1568177935_muted_med.mp4","size":729470}},"audio":{"high":{"url":"https://coub-anubis-a.akamaized.net/coub_storage/coub/simple/cw_looped_audio_high/3cd16c5b63e/822153460b19ad3550c14/1605623926_high_1514672322_high.mp3","size":2506837},"med":{"url":"https://coub-anubis-a.akamaized.net/coub_storage/coub/simple/cw_looped_audio_med/6379e6d8102/ff4e42e93883183f66a22/1605623926_med_1514672322_med.mp3","size":1872747}}},"mobile":{"video":"https://coub-anubis-a.akamaized.net/coub_storage/coub/simple/cw_file/0eb90c63192/fa5ce889fc7998c44da36/muted_mp4_med_size_1568177935_muted_med.mp4","audio":["https://coub-anubis-a.akamaized.net/coub_storage/coub/simple/cw_looped_audio_med/6379e6d8102/ff4e42e93883183f66a22/1605623926_med_1514672322_med.mp3"]},"share":{"default":"https://coub-anubis-a.akamaized.net/coub_storage/coub/simple/cw_video_for_sharing/7660c50771f/5123bdf640d35fc888313/1609327265_looped_1609327265.mp4"}},"audio_versions":{"template":"https://coub-anubis-a.akamaized.net/coub_storage/audio_track/cw_normalized_copy/1d9580dc158/ae3b7d385072d8eaa1a48/mid_1514672315_19ihl71_normalized_1514672305_d6k1ps_edited.mp3","versions":["mid","low"]},"image_versions":{"template":"https://coub-anubis-a.akamaized.net/coub_storage/coub/simple/cw_image/f47b97dd4d3/a4ac8092ec9fb68e44df6/1514672334_00032.jpg","versions":["micro","tiny","age_restricted","ios_large","ios_mosaic","big","med","small","pinterest"]},"first_frame_versions":{"template":"https://coub-anubis-a.akamaized.net/coub_storage/coub/simple/cw_timeline_pic/111bee20a49/5cac4dca8fa62c9a439bd/%{version}_1514672333_image.jpg","versions":["big","med","small","ios_large"]},"dimensions":{"big":[1280,720],"med":[640,360]},"site_w_h":[640,360],"page_w_h":[640,360],"site_w_h_small":[310,174],"size":[1280,720],"age_restricted":false,"age_restricted_by_admin":false,"not_safe_for_work":false,"allow_reuse":false,"dont_crop":false,"banned":false,"global_safe":true,"audio_file_url":"https://coub-anubis-a.akamaized.net/coub_storage/audio_track/cw_normalized_copy/1d9580dc158/ae3b7d385072d8eaa1a48/low_1514672315_19ihl71_normalized_1514672305_d6k1ps_edited.mp3","external_download":{"type":"Youtube","service_name":"YouTube","url":"http://www.youtube.com/watch?v=sB3qZZIV0UQ","has_embed":true},"application":null,"channel":{"id":151036,"permalink":"givenchy-no.5","title":"GIVENCHY No.5","description":null,"followers_count":25150,"following_count":0,"avatar_versions":{"template":"https://coub-anubis-a.akamaized.net/coub_storage/channel/cw_avatar/6510f424e09/704dbd42a53264292a9d8/%{version}_1643198560_tumblr_6e3fdc85806c4a5602f30a5cc887a480_b22053c3_1280.jpg","versions":["medium","medium_2x","profile_pic","profile_pic_new","profile_pic_new_2x","tiny","tiny_2x","small","small_2x","ios_large","ios_small"]}},"file":null,"picture":"https://coub-anubis-a.akamaized.net/coub_storage/coub/simple/cw_image/f47b97dd4d3/a4ac8092ec9fb68e44df6/1514672334_00032.jpg","timeline_picture":"https://coub-anubis-a.akamaized.net/coub_storage/coub/simple/cw_timeline_pic/111bee20a49/5cac4dca8fa62c9a439bd/ios_large_1514672333_image.jpg","small_picture":"https://coub-anubis-a.akamaized.net/coub_storage/coub/simple/cw_image/f47b97dd4d3/a4ac8092ec9fb68e44df6/1514672334_00032.jpg","sharing_picture":null,"percent_done":100,"tags":[{"id":3498938,"title":"loveadvent2017","value":"loveadvent2017"}],"categories":[{"id":16,"title":"Fashion & Beauty","permalink":"fashion","subscriptions_count":10059485,"big_image_url":"https://coub-anubis-a.akamaized.net/coub_storage/category/cw_image/503df3602c0/3bb25ae4face4a7c9a6f8/big_1544654169_Fashion.png","small_image_url":"https://coub-anubis-a.akamaized.net/coub_storage/category/cw_image/503df3602c0/3bb25ae4face4a7c9a6f8/small_1544654169_Fashion.png","med_image_url":"https://coub-anubis-a.akamaized.net/coub_storage/category/cw_image/503df3602c0/3bb25ae4face4a7c9a6f8/med_1544654169_Fashion.png","visible":true}],"communities":[{"id":16,"title":"Fashion & Beauty","permalink":"fashion","subscriptions_count":10059485,"big_image_url":"https://coub-anubis-a.akamaized.net/coub_storage/category/cw_image/503df3602c0/3bb25ae4face4a7c9a6f8/big_1544654169_Fashion.png","small_image_url":"https://coub-anubis-a.akamaized.net/coub_storage/category/cw_image/503df3602c0/3bb25ae4face4a7c9a6f8/small_1544654169_Fashion.png","med_image_url":"https://coub-anubis-a.akamaized.net/coub_storage/category/cw_image/503df3602c0/3bb25ae4face4a7c9a6f8/med_1544654169_Fashion.png","i_subscribed":true,"community_notifications_enabled":null,"description":null}],"recoubs_count":171,"remixes_count":0,"likes_count":756,"dislikes_count":0,"raw_video_id":10841159,"uploaded_by_ios_app":false,"uploaded_by_android_app":false,"media_blocks":{"uploaded_raw_videos":[],"external_raw_videos":[{"id":23970900,"title":"DAY 28: Elsa Hosk by Phil Poynter #LOVEADVENT2017","url":"http://www.youtube.com/watch?v=sB3qZZIV0UQ","image":"https://coub-anubis-a.akamaized.net/coub_storage/media_block/cw_image/dccb7a3dccf/515aef45c211235d85801/1514671214_1514671184_4e45pf_att-url-download.jpg","image_retina":"https://coub-anubis-a.akamaized.net/coub_storage/media_block/cw_image/dccb7a3dccf/515aef45c211235d85801/1514671214_1514671184_4e45pf_att-url-download.jpg","meta":{"service":"Youtube","duration":"78.04"},"duration":78.04,"raw_video_id":10841159,"has_embed":true}],"remixed_from_coubs":[],"external_video":{"id":23970900,"title":"DAY 28: Elsa Hosk by Phil Poynter #LOVEADVENT2017","url":"http://www.youtube.com/watch?v=sB3qZZIV0UQ","image":"https://coub-anubis-a.akamaized.net/coub_storage/media_block/cw_image/dccb7a3dccf/515aef45c211235d85801/1514671214_1514671184_4e45pf_att-url-download.jpg","image_retina":"https://coub-anubis-a.akamaized.net/coub_storage/media_block/cw_image/dccb7a3dccf/515aef45c211235d85801/1514671214_1514671184_4e45pf_att-url-download.jpg","meta":{"service":"Youtube","duration":"78.04"},"duration":78.04,"raw_video_id":10841159,"has_embed":true}},"raw_video_thumbnail_url":"/missing/missing.png","raw_video_title":"DAY 28: Elsa Hosk by Phil Poynter #LOVEADVENT2017","video_block_banned":false,"duration":10.08,"promo_winner":false,"promo_winner_recoubers":null,"editorial_info":{},"promo_hint":null,"beeline_best_2014":null,"from_web_editor":true,"normalize_sound":true,"normalize_change_allowed":true,"best2015_addable":false,"ahmad_promo":null,"promo_data":null,"audio_copyright_claim":null,"ads_disabled":false,"is_safe_for_ads":true,"megafon_contents":[],"position_on_page":1},{"flag":null,"abuses":null,"recoubs_by_users_channels":null,"favourite":false,"promoted_id":null,"recoub":null,"like":null,"dislike":null,"reaction":null,"in_my_best2015":false,"id":47031114,"type":"Coub::Simple","permalink":"rjwca","title":"panda girl","visibility_type":"public","original_visibility_type":"public","channel_id":1442580,"created_at":"2017-01-31T06:46:06Z","updated_at":"2022-02-24T18:35:47Z","is_done":true,"views_count":50607,"cotd":null,"cotd_at":null,"visible_on_explore_root":false,"visible_on_explore":false,"featured":false,"published":true,"published_at":"2017-01-31T06:46:06Z","reversed":false,"from_editor_v2":true,"is_editable":true,"original_sound":false,"has_sound":false,"recoub_to":null,"file_versions":{"html5":{"video":{"higher":{"url":"https://coub-anubis-a.akamaized.net/coub_storage/coub/simple/cw_file/8a49cd9870c/44b352c849866ab803355/muted_mp4_huge_size_1568086435_muted_huge.mp4","size":3454655},"high":{"url":"https://coub-anubis-a.akamaized.net/coub_storage/coub/simple/cw_file/8a49cd9870c/44b352c849866ab803355/muted_mp4_big_size_1568086435_muted_big.mp4","size":2611296},"med":{"url":"https://coub-anubis-a.akamaized.net/coub_storage/coub/simple/cw_file/8a49cd9870c/44b352c849866ab803355/muted_mp4_med_size_1568086435_muted_med.mp4","size":775080}},"audio":{"high":{"url":"https://coub-anubis-a.akamaized.net/coub_storage/coub/simple/cw_looped_audio_high/61f1b4e822a/b470f48b8c18078f0273c/1605578834_high_1485845228_high.mp3","size":1574045},"med":{"url":"https://coub-anubis-a.akamaized.net/coub_storage/coub/simple/cw_looped_audio_med/1ef87df4586/989a730706ec7239ccff1/1605578834_med_1485845228_med.mp3","size":1522261}}},"mobile":{"video":"https://coub-anubis-a.akamaized.net/coub_storage/coub/simple/cw_file/8a49cd9870c/44b352c849866ab803355/muted_mp4_med_size_1568086435_muted_med.mp4","audio":["https://coub-anubis-a.akamaized.net/coub_storage/coub/simple/cw_looped_audio_med/1ef87df4586/989a730706ec7239ccff1/1605578834_med_1485845228_med.mp3"]},"share":{"default":"https://coub-anubis-a.akamaized.net/coub_storage/coub/simple/cw_video_for_sharing/99c1fef33c7/df7470f591cb9544c2120/1617661939_looped_1617661938.mp4"}},"audio_versions":{"template":"https://coub-anubis-a.akamaized.net/coub_storage/audio_track/cw_file/620a6902fd6/f6ad0b5814a81a69c2474/mid_1485845223_1ji9725_edited.mp3","versions":["mid","low"]},"image_versions":{"template":"https://coub-anubis-a.akamaized.net/coub_storage/coub/simple/cw_image/ba02146ecbf/6573913dded38552855f8/1485845237_00031.jpg","versions":["micro","tiny","age_restricted","ios_large","ios_mosaic","big","med","small","pinterest"]},"first_frame_versions":{"template":"https://coub-anubis-a.akamaized.net/coub_storage/coub/simple/cw_timeline_pic/ba02146ecbf/6573913dded38552855f8/%{version}_1485845237_image.jpg","versions":["big","med","small","ios_large"]},"dimensions":{"big":[1280,720],"med":[640,360]},"site_w_h":[640,360],"page_w_h":[640,360],"site_w_h_small":[310,174],"size":[1280,720],"age_restricted":false,"age_restricted_by_admin":false,"not_safe_for_work":false,"allow_reuse":false,"dont_crop":false,"banned":false,"global_safe":true,"audio_file_url":"https://coub-anubis-a.akamaized.net/coub_storage/audio_track/cw_file/620a6902fd6/f6ad0b5814a81a69c2474/low_1485845223_1ji9725_edited.mp3","external_download":{"type":"Vimeo","service_name":"Vimeo","url":"http://vimeo.com/59902887","has_embed":true},"application":null,"channel":{"id":1442580,"permalink":"artyomdoc","title":"KAMINSKY","description":null,"followers_count":2619,"following_count":106,"avatar_versions":{"template":"https://coub-anubis-a.akamaized.net/coub_storage/channel/cw_avatar/0335045f2f8/3dd3f72820c15334596a4/%{version}_1607902942_u4d51u_1474703022_hm4QtEPzb34.jpg","versions":["medium","medium_2x","profile_pic","profile_pic_new","profile_pic_new_2x","tiny","tiny_2x","small","small_2x","ios_large","ios_small"]}},"file":null,"picture":"https://coub-anubis-a.akamaized.net/coub_storage/coub/simple/cw_image/ba02146ecbf/6573913dded38552855f8/1485845237_00031.jpg","timeline_picture":"https://coub-anubis-a.akamaized.net/coub_storage/coub/simple/cw_timeline_pic/ba02146ecbf/6573913dded38552855f8/ios_large_1485845237_image.jpg","small_picture":"https://coub-anubis-a.akamaized.net/coub_storage/coub/simple/cw_image/ba02146ecbf/6573913dded38552855f8/1485845237_00031.jpg","sharing_picture":null,"percent_done":100,"tags":[{"id":35091,"title":"deadmau5","value":"deadmau5"},{"id":81596,"title":"kaskade","value":"kaskade"},{"id":61710,"title":"cougar","value":"cougar"},{"id":120997,"title":"hex","value":"hex"},{"id":595010,"title":"remix music","value":"remix%20music"},{"id":1237,"title":"remix","value":"remix"},{"id":2695274,"title":"hex cougar remix","value":"hex%20cougar%20remix"},{"id":1404613,"title":"hex cougar","value":"hex%20cougar"},{"id":2532770,"title":"move for me","value":"move%20for%20me"},{"id":2705333,"title":"kaskade & deadmau5","value":"kaskade%20&%20deadmau5"},{"id":1435358,"title":"coub music loop","value":"coub%20music%20loop"},{"id":207062,"title":"coub musics","value":"coub%20musics"},{"id":642781,"title":"coub music loops","value":"coub%20music%20loops"},{"id":636176,"title":"coub music movie","value":"coub%20music%20movie"},{"id":636175,"title":"coub music film","value":"coub%20music%20film"},{"id":295647,"title":"coub music video","value":"coub%20music%20video"},{"id":128369,"title":"coub music","value":"coub%20music"},{"id":13825,"title":"electronic music","value":"electronic%20music"},{"id":10803,"title":"electronic","value":"electronic"},{"id":127,"title":"electro","value":"electro"},{"id":1433722,"title":"future music video","value":"future%20music%20video"},{"id":138772,"title":"future music","value":"future%20music"},{"id":414,"title":"future","value":"future"},{"id":39840,"title":"music coub","value":"music%20coub"},{"id":7618,"title":"musicvideo","value":"musicvideo"},{"id":735,"title":"music video","value":"music%20video"},{"id":86,"title":"music","value":"music"},{"id":367,"title":"hot","value":"hot"},{"id":7108,"title":"body","value":"body"},{"id":604215,"title":"cute face","value":"cute%20face"},{"id":1816,"title":"face","value":"face"},{"id":4050,"title":"hair","value":"hair"},{"id":2075,"title":"lips","value":"lips"},{"id":461,"title":"eyes","value":"eyes"},{"id":112687,"title":"funny girl","value":"funny%20girl"},{"id":174,"title":"funny","value":"funny"},{"id":744181,"title":"smile girl","value":"smile%20girl"},{"id":2505,"title":"smile","value":"smile"},{"id":1594,"title":"black","value":"black"},{"id":109318,"title":"lingerie video","value":"lingerie%20video"},{"id":159391,"title":"lingerie model","value":"lingerie%20model"},{"id":109319,"title":"lingerie girl","value":"lingerie%20girl"},{"id":15838,"title":"lingerie","value":"lingerie"},{"id":399897,"title":"pijama","value":"pijama"},{"id":153826,"title":"kigurumi","value":"kigurumi"},{"id":1910,"title":"white","value":"white"},{"id":70928,"title":"fashion tv","value":"fashion%20tv"},{"id":207373,"title":"fashion campaign","value":"fashion%20campaign"},{"id":591297,"title":"fashion channel","value":"fashion%20channel"},{"id":1234298,"title":"fashion clip","value":"fashion%20clip"},{"id":649398,"title":"fashion coub","value":"fashion%20coub"},{"id":220794,"title":"fashion model","value":"fashion%20model"},{"id":14486,"title":"fashion video","value":"fashion%20video"},{"id":13331,"title":"fashion film","value":"fashion%20film"},{"id":959418,"title":"fashion & style","value":"fashion%20&%20style"},{"id":609653,"title":"fashion & beauty","value":"fashion%20&%20beauty"},{"id":2036519,"title":"fashion&style","value":"fashion&style"},{"id":1328,"title":"style","value":"style"},{"id":6443,"title":"fashion","value":"fashion"},{"id":1888678,"title":"model channel","value":"model%20channel"},{"id":2141500,"title":"model clothes","value":"model%20clothes"},{"id":2293048,"title":"model coub","value":"model%20coub"},{"id":487492,"title":"model clip","value":"model%20clip"},{"id":146221,"title":"model agency","value":"model%20agency"},{"id":2408193,"title":"model training","value":"model%20training"},{"id":1072363,"title":"model girl","value":"model%20girl"},{"id":639179,"title":"model beauty","value":"model%20beauty"},{"id":109320,"title":"model video","value":"model%20video"},{"id":2665,"title":"models","value":"models"},{"id":4442,"title":"model","value":"model"},{"id":602,"title":"beautiful","value":"beautiful"},{"id":151936,"title":"beautiful girl","value":"beautiful%20girl"},{"id":679703,"title":"beauty girl","value":"beauty%20girl"},{"id":601,"title":"beauty","value":"beauty"},{"id":1558,"title":"film","value":"film"},{"id":2724,"title":"clip","value":"clip"},{"id":44612,"title":"video music","value":"video%20music"},{"id":296038,"title":"coubvideo","value":"coubvideo"},{"id":168346,"title":"coub video","value":"coub%20video"},{"id":3082,"title":"video","value":"video"},{"id":2529009,"title":"coub2017","value":"coub2017"},{"id":2273699,"title":"coub 2017","value":"coub%202017"},{"id":50,"title":"coub","value":"coub"},{"id":54673,"title":"2017","value":"2017"},{"id":22870,"title":"17","value":"17"},{"id":13140,"title":"christmas","value":"christmas"},{"id":450707,"title":"etam","value":"etam"},{"id":952,"title":"pretty","value":"pretty"},{"id":45148,"title":"pretty girl","value":"pretty%20girl"},{"id":193140,"title":"cute girls","value":"cute%20girls"},{"id":37201,"title":"cute girl","value":"cute%20girl"},{"id":757,"title":"cute","value":"cute"},{"id":265,"title":"girls","value":"girls"},{"id":183,"title":"girl","value":"girl"}],"categories":[{"id":16,"title":"Fashion & Beauty","permalink":"fashion","subscriptions_count":10059485,"big_image_url":"https://coub-anubis-a.akamaized.net/coub_storage/category/cw_image/503df3602c0/3bb25ae4face4a7c9a6f8/big_1544654169_Fashion.png","small_image_url":"https://coub-anubis-a.akamaized.net/coub_storage/category/cw_image/503df3602c0/3bb25ae4face4a7c9a6f8/small_1544654169_Fashion.png","med_image_url":"https://coub-anubis-a.akamaized.net/coub_storage/category/cw_image/503df3602c0/3bb25ae4face4a7c9a6f8/med_1544654169_Fashion.png","visible":true}],"communities":[{"id":16,"title":"Fashion & Beauty","permalink":"fashion","subscriptions_count":10059485,"big_image_url":"https://coub-anubis-a.akamaized.net/coub_storage/category/cw_image/503df3602c0/3bb25ae4face4a7c9a6f8/big_1544654169_Fashion.png","small_image_url":"https://coub-anubis-a.akamaized.net/coub_storage/category/cw_image/503df3602c0/3bb25ae4face4a7c9a6f8/small_1544654169_Fashion.png","med_image_url":"https://coub-anubis-a.akamaized.net/coub_storage/category/cw_image/503df3602c0/3bb25ae4face4a7c9a6f8/med_1544654169_Fashion.png","i_subscribed":true,"community_notifications_enabled":null,"description":null}],"recoubs_count":216,"remixes_count":2,"likes_count":756,"dislikes_count":0,"raw_video_id":9017141,"uploaded_by_ios_app":false,"uploaded_by_android_app":false,"media_blocks":{"uploaded_raw_videos":[],"external_raw_videos":[{"id":13126679,"title":"Etam christmas 17","url":"http://vimeo.com/59902887","image":"https://coub-anubis-a.akamaized.net/coub_storage/media_block/cw_image/8d2def4e8f3/1e0cf44b5f718b8a7656f/1489448622_1485840503_1lq76c2_att-url-download.jpg","image_retina":"https://coub-anubis-a.akamaized.net/coub_storage/media_block/cw_image/8d2def4e8f3/1e0cf44b5f718b8a7656f/1489448622_1485840503_1lq76c2_att-url-download.jpg","meta":{"service":"Vimeo","duration":"30.04"},"duration":30.04,"raw_video_id":9017141,"has_embed":true}],"remixed_from_coubs":[],"external_video":{"id":13126679,"title":"Etam christmas 17","url":"http://vimeo.com/59902887","image":"https://coub-anubis-a.akamaized.net/coub_storage/media_block/cw_image/8d2def4e8f3/1e0cf44b5f718b8a7656f/1489448622_1485840503_1lq76c2_att-url-download.jpg","image_retina":"https://coub-anubis-a.akamaized.net/coub_storage/media_block/cw_image/8d2def4e8f3/1e0cf44b5f718b8a7656f/1489448622_1485840503_1lq76c2_att-url-download.jpg","meta":{"service":"Vimeo","duration":"30.04"},"duration":30.04,"raw_video_id":9017141,"has_embed":true}},"raw_video_thumbnail_url":"/missing/missing.png","raw_video_title":"Etam christmas 17","video_block_banned":false,"duration":9.88,"promo_winner":false,"promo_winner_recoubers":null,"editorial_info":{},"promo_hint":null,"beeline_best_2014":null,"from_web_editor":true,"normalize_sound":false,"normalize_change_allowed":true,"best2015_addable":false,"ahmad_promo":null,"promo_data":null,"audio_copyright_claim":null,"ads_disabled":false,"is_safe_for_ads":true,"megafon_contents":[],"position_on_page":2},{"flag":null,"abuses":null,"recoubs_by_users_channels":null,"favourite":false,"promoted_id":null,"recoub":null,"like":null,"dislike":null,"reaction":null,"in_my_best2015":false,"id":47008115,"type":"Coub::Simple","permalink":"rjele","title":"Gary Oldman, Tim Roth, Willem Dafoe and Adrien Brody... on the Prada catwalk!","visibility_type":"public","original_visibility_type":"public","channel_id":11186,"created_at":"2017-01-30T17:23:13Z","updated_at":"2022-03-09T12:31:39Z","is_done":true,"views_count":61487,"cotd":null,"cotd_at":null,"visible_on_explore_root":false,"visible_on_explore":false,"featured":false,"published":true,"published_at":"2017-01-30T17:23:13Z","reversed":false,"from_editor_v2":true,"is_editable":true,"original_sound":false,"has_sound":false,"recoub_to":null,"file_versions":{"html5":{"video":{"higher":{"url":"https://coub-anubis-a.akamaized.net/coub_storage/coub/simple/cw_file/8fe35d09f25/e32f382dffab899e72bdb/muted_mp4_huge_size_1568086314_muted_huge.mp4","size":3885281},"high":{"url":"https://coub-anubis-a.akamaized.net/coub_storage/coub/simple/cw_file/8fe35d09f25/e32f382dffab899e72bdb/muted_mp4_big_size_1568086314_muted_big.mp4","size":2617231},"med":{"url":"https://coub-anubis-a.akamaized.net/coub_storage/coub/simple/cw_file/8fe35d09f25/e32f382dffab899e72bdb/muted_mp4_med_size_1568086314_muted_med.mp4","size":866233}},"audio":{"high":{"url":"https://coub-anubis-a.akamaized.net/coub_storage/coub/simple/cw_looped_audio_high/8a0ec4dc1a1/2fc5315604e05f179affc/1605578502_high_1485797043_high.mp3","size":5800562},"med":{"url":"https://coub-anubis-a.akamaized.net/coub_storage/coub/simple/cw_looped_audio_med/28cfe32ff33/4af05a30b19843023ccef/1605578499_med_1485797043_med.mp3","size":5372245}}},"mobile":{"video":"https://coub-anubis-a.akamaized.net/coub_storage/coub/simple/cw_file/8fe35d09f25/e32f382dffab899e72bdb/muted_mp4_med_size_1568086314_muted_med.mp4","audio":["https://coub-anubis-a.akamaized.net/coub_storage/coub/simple/cw_looped_audio_med/28cfe32ff33/4af05a30b19843023ccef/1605578499_med_1485797043_med.mp3"]},"share":{"default":"https://coub-anubis-a.akamaized.net/coub_storage/coub/simple/cw_video_for_sharing/bdf4f2c0de4/71ed9d7adba4e631a0f4a/1620374610_looped_1620374609.mp4"}},"audio_versions":{"template":"https://coub-anubis-a.akamaized.net/coub_storage/audio_track/cw_normalized_copy/cbf111f21db/510025893cbc2de06438d/mid_1485797026_1fvgr9s_normalized_1485796576_audio.mp3","versions":["mid","low"]},"image_versions":{"template":"https://coub-anubis-a.akamaized.net/coub_storage/coub/simple/cw_image/f407661988b/50da30e92182b79c56e78/1485797068_00032.jpg","versions":["micro","tiny","age_restricted","ios_large","ios_mosaic","big","med","small","pinterest"]},"first_frame_versions":{"template":"https://coub-anubis-a.akamaized.net/coub_storage/coub/simple/cw_timeline_pic/f407661988b/50da30e92182b79c56e78/%{version}_1485797068_image.jpg","versions":["big","med","small","ios_large"]},"dimensions":{"big":[1280,720],"med":[640,360]},"site_w_h":[640,360],"page_w_h":[640,360],"site_w_h_small":[310,174],"size":[1280,720],"age_restricted":false,"age_restricted_by_admin":false,"not_safe_for_work":false,"allow_reuse":false,"dont_crop":false,"banned":false,"global_safe":true,"audio_file_url":"https://coub-anubis-a.akamaized.net/coub_storage/audio_track/cw_normalized_copy/cbf111f21db/510025893cbc2de06438d/low_1485797026_1fvgr9s_normalized_1485796576_audio.mp3","external_download":{"type":"Facebook","service_name":"Facebook","url":"http://www.facebook.com/SteampunkTendencies/videos/1234002290047468/","has_embed":false},"application":null,"channel":{"id":11186,"permalink":"krum.krumov.904","title":"Krum Krumov","description":null,"followers_count":7671,"following_count":641,"avatar_versions":{"template":"https://coub-anubis-a.akamaized.net/coub_storage/channel/cw_avatar/c9998d578b6/0fb81d79f091bccc59980/%{version}_1525067093_550954_395157893861045_2103499066_n.jpg","versions":["medium","medium_2x","profile_pic","profile_pic_new","profile_pic_new_2x","tiny","tiny_2x","small","small_2x","ios_large","ios_small"]}},"file":null,"picture":"https://coub-anubis-a.akamaized.net/coub_storage/coub/simple/cw_image/f407661988b/50da30e92182b79c56e78/1485797068_00032.jpg","timeline_picture":"https://coub-anubis-a.akamaized.net/coub_storage/coub/simple/cw_timeline_pic/f407661988b/50da30e92182b79c56e78/ios_large_1485797068_image.jpg","small_picture":"https://coub-anubis-a.akamaized.net/coub_storage/coub/simple/cw_image/f407661988b/50da30e92182b79c56e78/1485797068_00032.jpg","sharing_picture":null,"percent_done":100,"tags":[],"categories":[{"id":16,"title":"Fashion & Beauty","permalink":"fashion","subscriptions_count":10059485,"big_image_url":"https://coub-anubis-a.akamaized.net/coub_storage/category/cw_image/503df3602c0/3bb25ae4face4a7c9a6f8/big_1544654169_Fashion.png","small_image_url":"https://coub-anubis-a.akamaized.net/coub_storage/category/cw_image/503df3602c0/3bb25ae4face4a7c9a6f8/small_1544654169_Fashion.png","med_image_url":"https://coub-anubis-a.akamaized.net/coub_storage/category/cw_image/503df3602c0/3bb25ae4face4a7c9a6f8/med_1544654169_Fashion.png","visible":true}],"communities":[{"id":16,"title":"Fashion & Beauty","permalink":"fashion","subscriptions_count":10059485,"big_image_url":"https://coub-anubis-a.akamaized.net/coub_storage/category/cw_image/503df3602c0/3bb25ae4face4a7c9a6f8/big_1544654169_Fashion.png","small_image_url":"https://coub-anubis-a.akamaized.net/coub_storage/category/cw_image/503df3602c0/3bb25ae4face4a7c9a6f8/small_1544654169_Fashion.png","med_image_url":"https://coub-anubis-a.akamaized.net/coub_storage/category/cw_image/503df3602c0/3bb25ae4face4a7c9a6f8/med_1544654169_Fashion.png","i_subscribed":true,"community_notifications_enabled":null,"description":null}],"recoubs_count":233,"remixes_count":4,"likes_count":756,"dislikes_count":0,"raw_video_id":9013579,"uploaded_by_ios_app":false,"uploaded_by_android_app":false,"media_blocks":{"uploaded_raw_videos":[],"external_raw_videos":[{"id":13123043,"title":"Gary Oldman, Tim Roth, Willem Dafoe and Adrien Brody... on the Prada catwalk!","url":"https://www.facebook.com/video/video.php?v=1234002290047468","image":"https://coub-anubis-a.akamaized.net/coub_storage/media_block/cw_image/6ccd867ac9f/909c4f006f4603eb0f78f/1489447845_1485796576_image.jpg","image_retina":"https://coub-anubis-a.akamaized.net/coub_storage/media_block/cw_image/6ccd867ac9f/909c4f006f4603eb0f78f/1489447845_1485796576_image.jpg","meta":{"service":"Facebook","duration":"125.76"},"duration":125.76,"raw_video_id":9013579,"has_embed":false}],"remixed_from_coubs":[],"external_video":{"id":13123043,"title":"Gary Oldman, Tim Roth, Willem Dafoe and Adrien Brody... on the Prada catwalk!","url":"https://www.facebook.com/video/video.php?v=1234002290047468","image":"https://coub-anubis-a.akamaized.net/coub_storage/media_block/cw_image/6ccd867ac9f/909c4f006f4603eb0f78f/1489447845_1485796576_image.jpg","image_retina":"https://coub-anubis-a.akamaized.net/coub_storage/media_block/cw_image/6ccd867ac9f/909c4f006f4603eb0f78f/1489447845_1485796576_image.jpg","meta":{"service":"Facebook","duration":"125.76"},"duration":125.76,"raw_video_id":9013579,"has_embed":false}},"raw_video_thumbnail_url":"/missing/missing.png","raw_video_title":"Gary Oldman, Tim Roth, Willem Dafoe and Adrien Brody... on the Prada catwalk!","video_block_banned":false,"duration":10.04,"promo_winner":false,"promo_winner_recoubers":null,"editorial_info":{},"promo_hint":null,"beeline_best_2014":null,"from_web_editor":true,"normalize_sound":true,"normalize_change_allowed":true,"best2015_addable":false,"ahmad_promo":null,"promo_data":null,"audio_copyright_claim":null,"ads_disabled":null,"is_safe_for_ads":true,"megafon_contents":[],"position_on_page":3},{"flag":null,"abuses":null,"recoubs_by_users_channels":null,"favourite":false,"promoted_id":null,"recoub":null,"like":null,"dislike":null,"reaction":null,"in_my_best2015":false,"id":183218792,"type":"Coub::Simple","permalink":"30qr6p","title":"💖♨️💖","visibility_type":"public","original_visibility_type":"public","channel_id":10829436,"created_at":"2022-02-25T08:29:44Z","updated_at":"2022-03-16T10:24:49Z","is_done":true,"views_count":89249,"cotd":null,"cotd_at":null,"visible_on_explore_root":false,"visible_on_explore":false,"featured":false,"published":true,"published_at":"2022-02-25T08:29:44Z","reversed":false,"from_editor_v2":true,"is_editable":true,"original_sound":false,"has_sound":false,"recoub_to":null,"file_versions":{"html5":{"video":{"higher":{"url":"https://coub-anubis-a.akamaized.net/coub_storage/coub/simple/cw_file/2b6f85c768a/82f37173a20783f4c6dbb/muted_mp4_huge_size_1645777790_muted_huge.mp4","size":2420049},"high":{"url":"https://coub-anubis-a.akamaized.net/coub_storage/coub/simple/cw_file/2b6f85c768a/82f37173a20783f4c6dbb/muted_mp4_big_size_1645777790_muted_big.mp4","size":1570723},"med":{"url":"https://coub-anubis-a.akamaized.net/coub_storage/coub/simple/cw_file/2b6f85c768a/82f37173a20783f4c6dbb/muted_mp4_med_size_1645777790_muted_med.mp4","size":554965}},"audio":{"high":{"url":"https://coub-anubis-a.akamaized.net/coub_storage/coub/simple/cw_looped_audio_high/f78fa67f45a/b9b5c20b3c22f67265911/1645777803_mp3-high.mp3","size":1830703},"med":{"url":"https://coub-anubis-a.akamaized.net/coub_storage/coub/simple/cw_looped_audio_med/069a6753bf1/c099aeef692b37507397b/1645777802_mp3-med.mp3","size":1444905}}},"mobile":{"video":"https://coub-anubis-a.akamaized.net/coub_storage/coub/simple/cw_file/2b6f85c768a/82f37173a20783f4c6dbb/muted_mp4_med_size_1645777790_muted_med.mp4","audio":["https://coub-anubis-a.akamaized.net/coub_storage/coub/simple/cw_looped_audio_med/069a6753bf1/c099aeef692b37507397b/1645777802_mp3-med.mp3"]},"share":{"default":"https://coub-anubis-a.akamaized.net/coub_storage/coub/simple/cw_video_for_sharing/98a084c172a/a94dec27917b3820e2cee/1645777831_looped_1645777830.mp4"}},"audio_versions":{"template":"https://coub-anubis-a.akamaized.net/coub_storage/audio_track/cw_file/53f8292ef7e/2a053ff02a4028129811d/mid_1645777792_31qf6y_edited.mp3","versions":["mid","low"]},"image_versions":{"template":"https://coub-anubis-a.akamaized.net/coub_storage/coub/simple/cw_image/1c34de96522/0562667e70d54ddb6db62/%{version}_1645777808_00032.jpg","versions":["micro","tiny","age_restricted","ios_large","ios_mosaic","big","med","small","pinterest"]},"first_frame_versions":{"template":"https://coub-anubis-a.akamaized.net/coub_storage/coub/simple/cw_timeline_pic/7f3f92f6a1a/b071a893b1e4a00832cdc/%{version}_1645777807_image.jpg","versions":["big","med","small","ios_large"]},"dimensions":{"big":[538,960],"med":[268,480]},"site_w_h":[224,400],"page_w_h":[400,714],"site_w_h_small":[310,553],"size":[538,960],"age_restricted":false,"age_restricted_by_admin":false,"not_safe_for_work":false,"allow_reuse":false,"dont_crop":true,"banned":false,"global_safe":null,"audio_file_url":"https://coub-anubis-a.akamaized.net/coub_storage/audio_track/cw_file/53f8292ef7e/2a053ff02a4028129811d/low_1645777792_31qf6y_edited.mp3","external_download":false,"application":null,"channel":{"id":10829436,"permalink":"0012f0b866e1b94a22fcb4be53bea327","title":"Andrey Andreevich","description":null,"followers_count":296,"following_count":19,"avatar_versions":{"template":"https://coub-anubis-a.akamaized.net/coub_storage/channel/cw_avatar/8516a55eab1/3e957b75b538f32b148c8/%{version}_1609862343_1t3o0bv_103538782086925356127.jpg","versions":["medium","medium_2x","profile_pic","profile_pic_new","profile_pic_new_2x","tiny","tiny_2x","small","small_2x","ios_large","ios_small"]}},"file":null,"picture":"https://coub-anubis-a.akamaized.net/coub_storage/coub/simple/cw_image/1c34de96522/0562667e70d54ddb6db62/med_1645777808_00032.jpg","timeline_picture":"https://coub-anubis-a.akamaized.net/coub_storage/coub/simple/cw_timeline_pic/7f3f92f6a1a/b071a893b1e4a00832cdc/ios_large_1645777807_image.jpg","small_picture":"https://coub-anubis-a.akamaized.net/coub_storage/coub/simple/cw_image/1c34de96522/0562667e70d54ddb6db62/ios_mosaic_1645777808_00032.jpg","sharing_picture":null,"percent_done":100,"tags":[{"id":151936,"title":"beautiful girl","value":"beautiful%20girl"},{"id":86,"title":"music","value":"music"},{"id":183,"title":"girl","value":"girl"},{"id":184,"title":"sexy","value":"sexy"},{"id":84558,"title":"beautiful music","value":"beautiful%20music"},{"id":6773,"title":"sexy girl","value":"sexy%20girl"},{"id":1450,"title":"best","value":"best"},{"id":692349,"title":"beautiful sexy girl","value":"beautiful%20sexy%20girl"},{"id":602,"title":"beautiful","value":"beautiful"},{"id":87523,"title":"ag","value":"ag"}],"categories":[{"id":16,"title":"Fashion & Beauty","permalink":"fashion","subscriptions_count":10059485,"big_image_url":"https://coub-anubis-a.akamaized.net/coub_storage/category/cw_image/503df3602c0/3bb25ae4face4a7c9a6f8/big_1544654169_Fashion.png","small_image_url":"https://coub-anubis-a.akamaized.net/coub_storage/category/cw_image/503df3602c0/3bb25ae4face4a7c9a6f8/small_1544654169_Fashion.png","med_image_url":"https://coub-anubis-a.akamaized.net/coub_storage/category/cw_image/503df3602c0/3bb25ae4face4a7c9a6f8/med_1544654169_Fashion.png","visible":true}],"communities":[{"id":16,"title":"Fashion & Beauty","permalink":"fashion","subscriptions_count":10059485,"big_image_url":"https://coub-anubis-a.akamaized.net/coub_storage/category/cw_image/503df3602c0/3bb25ae4face4a7c9a6f8/big_1544654169_Fashion.png","small_image_url":"https://coub-anubis-a.akamaized.net/coub_storage/category/cw_image/503df3602c0/3bb25ae4face4a7c9a6f8/small_1544654169_Fashion.png","med_image_url":"https://coub-anubis-a.akamaized.net/coub_storage/category/cw_image/503df3602c0/3bb25ae4face4a7c9a6f8/med_1544654169_Fashion.png","i_subscribed":true,"community_notifications_enabled":null,"description":null}],"recoubs_count":146,"remixes_count":1,"likes_count":755,"dislikes_count":0,"raw_video_id":17155940,"uploaded_by_ios_app":false,"uploaded_by_android_app":true,"media_blocks":{"uploaded_raw_videos":[],"external_raw_videos":[],"remixed_from_coubs":[]},"raw_video_thumbnail_url":"/missing/missing.png","raw_video_title":null,"video_block_banned":false,"duration":10.04,"promo_winner":false,"promo_winner_recoubers":null,"editorial_info":{},"promo_hint":null,"beeline_best_2014":null,"from_web_editor":false,"normalize_sound":true,"normalize_change_allowed":true,"best2015_addable":false,"ahmad_promo":null,"promo_data":null,"audio_copyright_claim":null,"ads_disabled":false,"is_safe_for_ads":true,"megafon_contents":[],"position_on_page":4},{"flag":null,"abuses":null,"recoubs_by_users_channels":null,"favourite":false,"promoted_id":null,"recoub":null,"like":null,"dislike":null,"reaction":null,"in_my_best2015":false,"id":160409348,"type":"Coub::Simple","permalink":"2n5ngf","title":"Наталья Бузько","visibility_type":"public","original_visibility_type":"public","channel_id":31279,"created_at":"2020-12-24T12:29:41Z","updated_at":"2022-03-16T06:31:48Z","is_done":true,"views_count":71169,"cotd":null,"cotd_at":null,"visible_on_explore_root":false,"visible_on_explore":false,"featured":false,"published":true,"published_at":"2020-12-24T12:29:41Z","reversed":false,"from_editor_v2":true,"is_editable":true,"original_sound":false,"has_sound":false,"recoub_to":null,"file_versions":{"html5":{"video":{"higher":{"url":"https://coub-anubis-a.akamaized.net/coub_storage/coub/simple/cw_file/19a2b038379/2956cbe75e4e65f4c5f0b/muted_mp4_huge_size_1608813050_muted_huge.mp4","size":3340828},"high":{"url":"https://coub-anubis-a.akamaized.net/coub_storage/coub/simple/cw_file/19a2b038379/2956cbe75e4e65f4c5f0b/muted_mp4_big_size_1608813050_muted_big.mp4","size":2011463},"med":{"url":"https://coub-anubis-a.akamaized.net/coub_storage/coub/simple/cw_file/19a2b038379/2956cbe75e4e65f4c5f0b/muted_mp4_med_size_1608813050_muted_med.mp4","size":621474}},"audio":{"high":{"url":"https://coub-anubis-a.akamaized.net/coub_storage/coub/simple/cw_looped_audio_high/9114f54f572/a3d66dd5e2ea5aaef2103/1608813127_mp3-high.mp3","size":4251964},"med":{"url":"https://coub-anubis-a.akamaized.net/coub_storage/coub/simple/cw_looped_audio_med/9d7b97dd38c/8d5b91e0c5aa5e1a773e4/1608813124_mp3-med.mp3","size":2876049}}},"mobile":{"video":"https://coub-anubis-a.akamaized.net/coub_storage/coub/simple/cw_file/19a2b038379/2956cbe75e4e65f4c5f0b/muted_mp4_med_size_1608813050_muted_med.mp4","audio":["https://coub-anubis-a.akamaized.net/coub_storage/coub/simple/cw_looped_audio_med/9d7b97dd38c/8d5b91e0c5aa5e1a773e4/1608813124_mp3-med.mp3"]},"share":{"default":"https://coub-anubis-a.akamaized.net/coub_storage/coub/simple/cw_video_for_sharing/4c89f0f3e56/430c8719fef434bf71f25/1608813249_looped_1608813248.mp4"}},"audio_versions":{"template":"https://coub-anubis-a.akamaized.net/coub_storage/audio_track/cw_file/05b41d6b71e/824d2d0fea0646291873e/mid_1608813054_1cn0rxh_edited.mp3","versions":["mid","low"]},"image_versions":{"template":"https://coub-anubis-a.akamaized.net/coub_storage/coub/simple/cw_image/335314eeee3/11c81c89f949f9a3331b2/%{version}_1608813183_00031.jpg","versions":["micro","tiny","age_restricted","ios_large","ios_mosaic","big","med","small","pinterest"]},"first_frame_versions":{"template":"https://coub-anubis-a.akamaized.net/coub_storage/coub/simple/cw_timeline_pic/745db2662e9/b067205da9aeccc3e2bdd/%{version}_1608813183_image.jpg","versions":["big","med","small","ios_large"]},"dimensions":{"big":[1280,936],"med":[640,468]},"site_w_h":[640,468],"page_w_h":[640,468],"site_w_h_small":[310,227],"size":[1280,936],"age_restricted":false,"age_restricted_by_admin":false,"not_safe_for_work":false,"allow_reuse":false,"dont_crop":true,"banned":false,"global_safe":null,"audio_file_url":"https://coub-anubis-a.akamaized.net/coub_storage/audio_track/cw_file/05b41d6b71e/824d2d0fea0646291873e/low_1608813054_1cn0rxh_edited.mp3","external_download":false,"application":null,"channel":{"id":31279,"permalink":"dream2013","title":" ̶D̶ ̶R̶ ̶E̶ ̶A̶ ̶M̶","description":null,"followers_count":8399,"following_count":359,"avatar_versions":{"template":"https://coub-anubis-a.akamaized.net/coub_storage/channel/cw_avatar/a383acb0804/bed737568d61f17b31fe3/%{version}_1620471307_profile_pic_big_1596669646_M86LLTulLAY__1__-________1_.jpg","versions":["medium","medium_2x","profile_pic","profile_pic_new","profile_pic_new_2x","tiny","tiny_2x","small","small_2x","ios_large","ios_small"]}},"file":null,"picture":"https://coub-anubis-a.akamaized.net/coub_storage/coub/simple/cw_image/335314eeee3/11c81c89f949f9a3331b2/med_1608813183_00031.jpg","timeline_picture":"https://coub-anubis-a.akamaized.net/coub_storage/coub/simple/cw_timeline_pic/745db2662e9/b067205da9aeccc3e2bdd/ios_large_1608813183_image.jpg","small_picture":"https://coub-anubis-a.akamaized.net/coub_storage/coub/simple/cw_image/335314eeee3/11c81c89f949f9a3331b2/ios_mosaic_1608813183_00031.jpg","sharing_picture":null,"percent_done":100,"tags":[],"categories":[{"id":16,"title":"Fashion & Beauty","permalink":"fashion","subscriptions_count":10059485,"big_image_url":"https://coub-anubis-a.akamaized.net/coub_storage/category/cw_image/503df3602c0/3bb25ae4face4a7c9a6f8/big_1544654169_Fashion.png","small_image_url":"https://coub-anubis-a.akamaized.net/coub_storage/category/cw_image/503df3602c0/3bb25ae4face4a7c9a6f8/small_1544654169_Fashion.png","med_image_url":"https://coub-anubis-a.akamaized.net/coub_storage/category/cw_image/503df3602c0/3bb25ae4face4a7c9a6f8/med_1544654169_Fashion.png","visible":true}],"communities":[{"id":16,"title":"Fashion & Beauty","permalink":"fashion","subscriptions_count":10059485,"big_image_url":"https://coub-anubis-a.akamaized.net/coub_storage/category/cw_image/503df3602c0/3bb25ae4face4a7c9a6f8/big_1544654169_Fashion.png","small_image_url":"https://coub-anubis-a.akamaized.net/coub_storage/category/cw_image/503df3602c0/3bb25ae4face4a7c9a6f8/small_1544654169_Fashion.png","med_image_url":"https://coub-anubis-a.akamaized.net/coub_storage/category/cw_image/503df3602c0/3bb25ae4face4a7c9a6f8/med_1544654169_Fashion.png","i_subscribed":true,"community_notifications_enabled":null,"description":null}],"recoubs_count":133,"remixes_count":0,"likes_count":755,"dislikes_count":0,"raw_video_id":16001720,"uploaded_by_ios_app":false,"uploaded_by_android_app":false,"media_blocks":{"uploaded_raw_videos":[],"external_raw_videos":[],"remixed_from_coubs":[]},"raw_video_thumbnail_url":"/missing/missing.png","raw_video_title":"_____________________-___.mp4","video_block_banned":false,"duration":9.68,"promo_winner":false,"promo_winner_recoubers":null,"editorial_info":{},"promo_hint":null,"beeline_best_2014":null,"from_web_editor":true,"normalize_sound":false,"normalize_change_allowed":true,"best2015_addable":false,"ahmad_promo":null,"promo_data":null,"audio_copyright_claim":null,"ads_disabled":false,"is_safe_for_ads":true,"megafon_contents":[],"position_on_page":5},{"flag":null,"abuses":null,"recoubs_by_users_channels":null,"favourite":false,"promoted_id":null,"recoub":null,"like":null,"dislike":null,"reaction":null,"in_my_best2015":false,"id":149045893,"type":"Coub::Simple","permalink":"2ge39v","title":"Shangri-La (song: Gravy Beats - Kanji)","visibility_type":"public","original_visibility_type":"public","channel_id":5063935,"created_at":"2020-07-07T11:43:46Z","updated_at":"2022-02-26T07:21:50Z","is_done":true,"views_count":130804,"cotd":null,"cotd_at":null,"visible_on_explore_root":false,"visible_on_explore":false,"featured":false,"published":true,"published_at":"2020-07-07T11:45:28Z","reversed":true,"from_editor_v2":true,"is_editable":true,"original_sound":false,"has_sound":false,"recoub_to":null,"file_versions":{"html5":{"video":{"higher":{"url":"https://coub-anubis-a.akamaized.net/coub_storage/coub/simple/cw_file/dc1d3d34d22/55415a01233ad8516d9ac/muted_mp4_huge_size_1594122237_muted_huge.mp4","size":5311748},"high":{"url":"https://coub-anubis-a.akamaized.net/coub_storage/coub/simple/cw_file/dc1d3d34d22/55415a01233ad8516d9ac/muted_mp4_big_size_1594122237_muted_big.mp4","size":3149732},"med":{"url":"https://coub-anubis-a.akamaized.net/coub_storage/coub/simple/cw_file/dc1d3d34d22/55415a01233ad8516d9ac/muted_mp4_med_size_1594122237_muted_med.mp4","size":945632}},"audio":{"high":{"url":"https://coub-anubis-a.akamaized.net/coub_storage/coub/simple/cw_looped_audio_high/f1362c6b631/1f30135c22b391f7ebfb6/1605681912_high_1594122256_high.mp3","size":2702409},"med":{"url":"https://coub-anubis-a.akamaized.net/coub_storage/coub/simple/cw_looped_audio_med/f2fc5730a36/4255a0863e65663d8e6f3/1605681911_med_1594122256_med.mp3","size":1992302}}},"mobile":{"video":"https://coub-anubis-a.akamaized.net/coub_storage/coub/simple/cw_file/dc1d3d34d22/55415a01233ad8516d9ac/muted_mp4_med_size_1594122237_muted_med.mp4","audio":["https://coub-anubis-a.akamaized.net/coub_storage/coub/simple/cw_looped_audio_med/f2fc5730a36/4255a0863e65663d8e6f3/1605681911_med_1594122256_med.mp3"]},"share":{"default":"https://coub-anubis-a.akamaized.net/coub_storage/coub/simple/cw_video_for_sharing/c229644a678/f71849fca9cb0293aa308/1608525485_looped_1608525483.mp4"}},"audio_versions":{"template":"https://coub-anubis-a.akamaized.net/coub_storage/audio_track/cw_file/3d0336d1c33/50ad509043459fb50e892/mid_1594122241_iw21e7_edited.mp3","versions":["mid","low"]},"image_versions":{"template":"https://coub-anubis-a.akamaized.net/coub_storage/coub/simple/cw_image/f8eb64f71c7/101eaf2a635c7e1dee437/1594122270_00039.jpg","versions":["micro","tiny","age_restricted","ios_large","ios_mosaic","big","med","small","pinterest"]},"first_frame_versions":{"template":"https://coub-anubis-a.akamaized.net/coub_storage/coub/simple/cw_timeline_pic/afbe246cf04/ae2fb8afc8347685507a6/%{version}_1594122269_image.jpg","versions":["big","med","small","ios_large"]},"dimensions":{"big":[960,960],"med":[480,480]},"site_w_h":[400,400],"page_w_h":[400,400],"site_w_h_small":[310,310],"size":[960,960],"age_restricted":false,"age_restricted_by_admin":false,"not_safe_for_work":false,"allow_reuse":false,"dont_crop":true,"banned":false,"global_safe":true,"audio_file_url":"https://coub-anubis-a.akamaized.net/coub_storage/audio_track/cw_file/3d0336d1c33/50ad509043459fb50e892/low_1594122241_iw21e7_edited.mp3","external_download":{"type":"Instagram","service_name":"Instagram","url":"https://www.instagram.com/p/B02ukLGBZQu/","has_embed":false},"application":null,"channel":{"id":5063935,"permalink":"hachi-franxx","title":"Hachi Franxx","description":"Like, follow and, most importantly, repost!","followers_count":4823,"following_count":40,"avatar_versions":{"template":"https://coub-anubis-a.akamaized.net/coub_storage/channel/cw_avatar/164d0f0a980/3f67e0b8d5814ca21713f/%{version}_1607421387_15qy57m_1547914543_filename.jpeg","versions":["medium","medium_2x","profile_pic","profile_pic_new","profile_pic_new_2x","tiny","tiny_2x","small","small_2x","ios_large","ios_small"]}},"file":null,"picture":"https://coub-anubis-a.akamaized.net/coub_storage/coub/simple/cw_image/f8eb64f71c7/101eaf2a635c7e1dee437/1594122270_00039.jpg","timeline_picture":"https://coub-anubis-a.akamaized.net/coub_storage/coub/simple/cw_timeline_pic/afbe246cf04/ae2fb8afc8347685507a6/ios_large_1594122269_image.jpg","small_picture":"https://coub-anubis-a.akamaized.net/coub_storage/coub/simple/cw_image/f8eb64f71c7/101eaf2a635c7e1dee437/1594122270_00039.jpg","sharing_picture":null,"percent_done":100,"tags":[{"id":144330,"title":"korean girls","value":"korean%20girls"},{"id":394775,"title":"asian girls","value":"asian%20girls"},{"id":5770985,"title":"_____jjh","value":"_____jjh"},{"id":5770986,"title":"shangri-la's mactan resort and spa","value":"shangri-la's%20mactan%20resort%20and%20spa"},{"id":148062,"title":"cebu","value":"cebu"},{"id":126572,"title":"philippines","value":"philippines"},{"id":5906068,"title":"song: gravy beats - kanji","value":"song:%20gravy%20beats%20-%20kanji"}],"categories":[{"id":16,"title":"Fashion & Beauty","permalink":"fashion","subscriptions_count":10059485,"big_image_url":"https://coub-anubis-a.akamaized.net/coub_storage/category/cw_image/503df3602c0/3bb25ae4face4a7c9a6f8/big_1544654169_Fashion.png","small_image_url":"https://coub-anubis-a.akamaized.net/coub_storage/category/cw_image/503df3602c0/3bb25ae4face4a7c9a6f8/small_1544654169_Fashion.png","med_image_url":"https://coub-anubis-a.akamaized.net/coub_storage/category/cw_image/503df3602c0/3bb25ae4face4a7c9a6f8/med_1544654169_Fashion.png","visible":true}],"communities":[{"id":16,"title":"Fashion & Beauty","permalink":"fashion","subscriptions_count":10059485,"big_image_url":"https://coub-anubis-a.akamaized.net/coub_storage/category/cw_image/503df3602c0/3bb25ae4face4a7c9a6f8/big_1544654169_Fashion.png","small_image_url":"https://coub-anubis-a.akamaized.net/coub_storage/category/cw_image/503df3602c0/3bb25ae4face4a7c9a6f8/small_1544654169_Fashion.png","med_image_url":"https://coub-anubis-a.akamaized.net/coub_storage/category/cw_image/503df3602c0/3bb25ae4face4a7c9a6f8/med_1544654169_Fashion.png","i_subscribed":true,"community_notifications_enabled":null,"description":null}],"recoubs_count":121,"remixes_count":1,"likes_count":755,"dislikes_count":0,"raw_video_id":15430830,"uploaded_by_ios_app":false,"uploaded_by_android_app":false,"media_blocks":{"uploaded_raw_videos":[],"external_raw_videos":[{"id":36335692,"title":"Shot by _____jjh","url":"http://instagram.com/p/B02ukLGBZQu/","image":null,"image_retina":null,"meta":{"service":"Instagram","duration":"6.084"},"duration":6.084,"raw_video_id":15430830,"has_embed":false}],"remixed_from_coubs":[],"external_video":{"id":36335692,"title":"Shot by _____jjh","url":"http://instagram.com/p/B02ukLGBZQu/","image":null,"image_retina":null,"meta":{"service":"Instagram","duration":"6.084"},"duration":6.084,"raw_video_id":15430830,"has_embed":false}},"raw_video_thumbnail_url":"/missing/missing.png","raw_video_title":"Shot by _____jjh","video_block_banned":false,"duration":12.24,"promo_winner":false,"promo_winner_recoubers":null,"editorial_info":{},"promo_hint":null,"beeline_best_2014":null,"from_web_editor":true,"normalize_sound":false,"normalize_change_allowed":true,"best2015_addable":false,"ahmad_promo":null,"promo_data":null,"audio_copyright_claim":null,"ads_disabled":false,"is_safe_for_ads":true,"megafon_contents":[],"position_on_page":6},{"flag":null,"abuses":null,"recoubs_by_users_channels":null,"favourite":false,"promoted_id":null,"recoub":null,"like":null,"dislike":null,"reaction":null,"in_my_best2015":false,"id":149859424,"type":"Coub::Simple","permalink":"2gvj06","title":"Гипнодэнц","visibility_type":"public","original_visibility_type":"public","channel_id":7302733,"created_at":"2020-07-18T15:52:36Z","updated_at":"2022-03-15T16:13:37Z","is_done":true,"views_count":81735,"cotd":null,"cotd_at":null,"visible_on_explore_root":false,"visible_on_explore":false,"featured":false,"published":true,"published_at":"2020-07-18T15:52:36Z","reversed":false,"from_editor_v2":true,"is_editable":true,"original_sound":false,"has_sound":false,"recoub_to":null,"file_versions":{"html5":{"video":{"higher":{"url":"https://coub-anubis-a.akamaized.net/coub_storage/coub/simple/cw_file/aab519588ae/e1b5ce61690b890b109ce/muted_mp4_huge_size_1595087559_muted_huge.mp4","size":911253},"high":{"url":"https://coub-anubis-a.akamaized.net/coub_storage/coub/simple/cw_file/aab519588ae/e1b5ce61690b890b109ce/muted_mp4_big_size_1595087559_muted_big.mp4","size":566046},"med":{"url":"https://coub-anubis-a.akamaized.net/coub_storage/coub/simple/cw_file/aab519588ae/e1b5ce61690b890b109ce/muted_mp4_med_size_1595087559_muted_med.mp4","size":188658}},"audio":{"high":{"url":"https://coub-anubis-a.akamaized.net/coub_storage/coub/simple/cw_looped_audio_high/9459b899fb7/0921f48472289ff43e354/1605680197_high_1595087585_high.mp3","size":4667025},"med":{"url":"https://coub-anubis-a.akamaized.net/coub_storage/coub/simple/cw_looped_audio_med/8c6e2c1b662/69028df524920d14d6fa9/1605680196_med_1595087585_med.mp3","size":3333502}}},"mobile":{"video":"https://coub-anubis-a.akamaized.net/coub_storage/coub/simple/cw_file/aab519588ae/e1b5ce61690b890b109ce/muted_mp4_med_size_1595087559_muted_med.mp4","audio":["https://coub-anubis-a.akamaized.net/coub_storage/coub/simple/cw_looped_audio_med/8c6e2c1b662/69028df524920d14d6fa9/1605680196_med_1595087585_med.mp3"]},"share":{"default":"https://coub-anubis-a.akamaized.net/coub_storage/coub/simple/cw_video_for_sharing/537c575cea4/4944c2cc035226a54b01c/1609065899_looped_1609065898.mp4"}},"audio_versions":{"template":"https://coub-anubis-a.akamaized.net/coub_storage/audio_track/cw_normalized_copy/eb393b83e50/1296c938315e9d5e0724e/mid_1595087570_normalized_1595087132_audio.mp3","versions":["mid","low"]},"image_versions":{"template":"https://coub-anubis-a.akamaized.net/coub_storage/coub/simple/cw_image/afb4170d157/2aa51202b9c67d731117b/1595087598_00012.jpg","versions":["micro","tiny","age_restricted","ios_large","ios_mosaic","big","med","small","pinterest"]},"first_frame_versions":{"template":"https://coub-anubis-a.akamaized.net/coub_storage/coub/simple/cw_timeline_pic/99ca0dfc8d3/9b668ec4b7172107088dd/1595087598_image.jpg","versions":["big","med","small","ios_large"]},"dimensions":{"big":[768,960],"med":[384,480]},"site_w_h":[320,400],"page_w_h":[400,500],"site_w_h_small":[310,388],"size":[768,960],"age_restricted":false,"age_restricted_by_admin":false,"not_safe_for_work":false,"allow_reuse":false,"dont_crop":false,"banned":false,"global_safe":null,"audio_file_url":"https://coub-anubis-a.akamaized.net/coub_storage/audio_track/cw_normalized_copy/eb393b83e50/1296c938315e9d5e0724e/low_1595087570_normalized_1595087132_audio.mp3","external_download":{"type":"Instagram","service_name":"Instagram","url":"https://www.instagram.com/p/CCi0WkfnF-p/?utm_source=ig_web_button_share_sheet","has_embed":false},"application":null,"channel":{"id":7302733,"permalink":".dekrast","title":"DeKrAsT","description":null,"followers_count":58,"following_count":4,"avatar_versions":{"template":"https://coub-anubis-a.akamaized.net/coub_storage/channel/cw_avatar/84e5b4bfd13/c300f43a3ad826fd77b6c/%{version}_1608484349_hpdx7y_1576621024_f216efdfad29653570d6f787d7fe272ae6f965fd_full.jpg","versions":["medium","medium_2x","profile_pic","profile_pic_new","profile_pic_new_2x","tiny","tiny_2x","small","small_2x","ios_large","ios_small"]}},"file":null,"picture":"https://coub-anubis-a.akamaized.net/coub_storage/coub/simple/cw_image/afb4170d157/2aa51202b9c67d731117b/1595087598_00012.jpg","timeline_picture":"https://coub-anubis-a.akamaized.net/coub_storage/coub/simple/cw_timeline_pic/99ca0dfc8d3/9b668ec4b7172107088dd/1595087598_image.jpg","small_picture":"https://coub-anubis-a.akamaized.net/coub_storage/coub/simple/cw_image/afb4170d157/2aa51202b9c67d731117b/1595087598_00012.jpg","sharing_picture":null,"percent_done":100,"tags":[{"id":183,"title":"girl","value":"girl"},{"id":74393,"title":"asian girl","value":"asian%20girl"},{"id":182,"title":"dance","value":"dance"},{"id":6443,"title":"fashion","value":"fashion"},{"id":127902,"title":"rave music","value":"rave%20music"},{"id":5792281,"title":"dead blonde - режим облавы","value":"dead%20blonde%20-%20%D1%80%D0%B5%D0%B6%D0%B8%D0%BC%20%D0%BE%D0%B1%D0%BB%D0%B0%D0%B2%D1%8B"},{"id":5440635,"title":"dekrast","value":"dekrast"},{"id":5049731,"title":"cindy518c","value":"cindy518c"}],"categories":[{"id":16,"title":"Fashion & Beauty","permalink":"fashion","subscriptions_count":10059485,"big_image_url":"https://coub-anubis-a.akamaized.net/coub_storage/category/cw_image/503df3602c0/3bb25ae4face4a7c9a6f8/big_1544654169_Fashion.png","small_image_url":"https://coub-anubis-a.akamaized.net/coub_storage/category/cw_image/503df3602c0/3bb25ae4face4a7c9a6f8/small_1544654169_Fashion.png","med_image_url":"https://coub-anubis-a.akamaized.net/coub_storage/category/cw_image/503df3602c0/3bb25ae4face4a7c9a6f8/med_1544654169_Fashion.png","visible":true}],"communities":[{"id":16,"title":"Fashion & Beauty","permalink":"fashion","subscriptions_count":10059485,"big_image_url":"https://coub-anubis-a.akamaized.net/coub_storage/category/cw_image/503df3602c0/3bb25ae4face4a7c9a6f8/big_1544654169_Fashion.png","small_image_url":"https://coub-anubis-a.akamaized.net/coub_storage/category/cw_image/503df3602c0/3bb25ae4face4a7c9a6f8/small_1544654169_Fashion.png","med_image_url":"https://coub-anubis-a.akamaized.net/coub_storage/category/cw_image/503df3602c0/3bb25ae4face4a7c9a6f8/med_1544654169_Fashion.png","i_subscribed":true,"community_notifications_enabled":null,"description":null}],"recoubs_count":136,"remixes_count":1,"likes_count":754,"dislikes_count":0,"raw_video_id":15454461,"uploaded_by_ios_app":false,"uploaded_by_android_app":false,"media_blocks":{"uploaded_raw_videos":[],"external_raw_videos":[{"id":36395921,"title":"Shot by cindy518c","url":"http://instagram.com/p/CCi0WkfnF-p/","image":null,"image_retina":null,"meta":{"service":"Instagram","duration":"5.834"},"duration":5.834,"raw_video_id":15454461,"has_embed":false}],"remixed_from_coubs":[],"external_video":{"id":36395921,"title":"Shot by cindy518c","url":"http://instagram.com/p/CCi0WkfnF-p/","image":null,"image_retina":null,"meta":{"service":"Instagram","duration":"5.834"},"duration":5.834,"raw_video_id":15454461,"has_embed":false}},"raw_video_thumbnail_url":"/missing/missing.png","raw_video_title":"Shot by cindy518c","video_block_banned":false,"duration":3.56,"promo_winner":false,"promo_winner_recoubers":null,"editorial_info":{},"promo_hint":null,"beeline_best_2014":null,"from_web_editor":true,"normalize_sound":true,"normalize_change_allowed":true,"best2015_addable":false,"ahmad_promo":null,"promo_data":null,"audio_copyright_claim":null,"ads_disabled":false,"is_safe_for_ads":true,"megafon_contents":[],"position_on_page":7},{"flag":null,"abuses":null,"recoubs_by_users_channels":null,"favourite":false,"promoted_id":null,"recoub":null,"like":null,"dislike":null,"reaction":null,"in_my_best2015":false,"id":181291388,"type":"Coub::Simple","permalink":"2zl89g","title":"Green light bunny girl","visibility_type":"public","original_visibility_type":"public","channel_id":11704918,"created_at":"2022-01-10T19:04:43Z","updated_at":"2022-03-16T08:39:54Z","is_done":true,"views_count":80921,"cotd":null,"cotd_at":null,"visible_on_explore_root":false,"visible_on_explore":false,"featured":false,"published":true,"published_at":"2022-01-10T19:04:43Z","reversed":false,"from_editor_v2":true,"is_editable":true,"original_sound":true,"has_sound":true,"recoub_to":null,"file_versions":{"html5":{"video":{"higher":{"url":"https://coub-anubis-a.akamaized.net/coub_storage/coub/simple/cw_file/6e3e521217e/8b2e0a0dc7091addbb03b/muted_mp4_huge_size_1641841490_muted_huge.mp4","size":1301566},"high":{"url":"https://coub-anubis-a.akamaized.net/coub_storage/coub/simple/cw_file/6e3e521217e/8b2e0a0dc7091addbb03b/muted_mp4_big_size_1641841490_muted_big.mp4","size":813329},"med":{"url":"https://coub-anubis-a.akamaized.net/coub_storage/coub/simple/cw_file/6e3e521217e/8b2e0a0dc7091addbb03b/muted_mp4_med_size_1641841490_muted_med.mp4","size":265234}},"audio":{"high":{"url":"https://coub-anubis-a.akamaized.net/coub_storage/coub/simple/cw_looped_audio_high/d311268a0d5/3c270008049a2facb134b/1641841493_mp3-high.mp3","size":1030596},"med":{"url":"https://coub-anubis-a.akamaized.net/coub_storage/coub/simple/cw_looped_audio_med/4a3b1b91b2c/7e3b7bdfda9ee87e8e7ce/1641841492_mp3-med.mp3","size":799076},"sample_duration":10.008}},"mobile":{"video":"https://coub-anubis-a.akamaized.net/coub_storage/coub/simple/cw_file/6e3e521217e/8b2e0a0dc7091addbb03b/muted_mp4_med_size_1641841490_muted_med.mp4","audio":["https://coub-anubis-a.akamaized.net/coub_storage/coub/simple/cw_looped_audio_med/4a3b1b91b2c/7e3b7bdfda9ee87e8e7ce/1641841492_mp3-med.mp3"]},"share":{"default":"https://coub-anubis-a.akamaized.net/coub_storage/coub/simple/cw_video_for_sharing/94ef2b02e27/f61259e5a5dd8ab88f9ec/1641841542_looped_1641841540.mp4"}},"audio_versions":{},"image_versions":{"template":"https://coub-anubis-a.akamaized.net/coub_storage/coub/simple/cw_image/b194a8348e4/d45d67db05d51686a214b/%{version}_1641841504_00032.jpg","versions":["micro","tiny","age_restricted","ios_large","ios_mosaic","big","med","small","pinterest"]},"first_frame_versions":{"template":"https://coub-anubis-a.akamaized.net/coub_storage/coub/simple/cw_timeline_pic/291599cb028/6ae6462cf33a90e3dc882/%{version}_1641841503_image.jpg","versions":["big","med","small","ios_large"]},"dimensions":{"big":[538,960],"med":[268,480]},"site_w_h":[224,400],"page_w_h":[400,714],"site_w_h_small":[310,553],"size":[538,960],"age_restricted":false,"age_restricted_by_admin":false,"not_safe_for_work":false,"allow_reuse":false,"dont_crop":true,"banned":false,"global_safe":null,"audio_file_url":null,"external_download":false,"application":null,"channel":{"id":11704918,"permalink":"dizotris.2nd","title":"Dizotris 2nd","description":null,"followers_count":751,"following_count":11,"avatar_versions":{"template":"https://coub-anubis-a.akamaized.net/coub_storage/channel/cw_avatar/e687d553385/e18b8a103a61bcecb283a/%{version}_1623691863_683437.jpg","versions":["medium","medium_2x","profile_pic","profile_pic_new","profile_pic_new_2x","tiny","tiny_2x","small","small_2x","ios_large","ios_small"]}},"file":null,"picture":"https://coub-anubis-a.akamaized.net/coub_storage/coub/simple/cw_image/b194a8348e4/d45d67db05d51686a214b/med_1641841504_00032.jpg","timeline_picture":"https://coub-anubis-a.akamaized.net/coub_storage/coub/simple/cw_timeline_pic/291599cb028/6ae6462cf33a90e3dc882/ios_large_1641841503_image.jpg","small_picture":"https://coub-anubis-a.akamaized.net/coub_storage/coub/simple/cw_image/b194a8348e4/d45d67db05d51686a214b/ios_mosaic_1641841504_00032.jpg","sharing_picture":null,"percent_done":100,"tags":[{"id":424,"title":"animation","value":"animation"},{"id":2692,"title":"bunny","value":"bunny"},{"id":12035,"title":"cosplay","value":"cosplay"},{"id":12583,"title":"hot girl","value":"hot%20girl"},{"id":7170,"title":"light","value":"light"},{"id":6961,"title":"green","value":"green"},{"id":367,"title":"hot","value":"hot"}],"categories":[{"id":16,"title":"Fashion & Beauty","permalink":"fashion","subscriptions_count":10059485,"big_image_url":"https://coub-anubis-a.akamaized.net/coub_storage/category/cw_image/503df3602c0/3bb25ae4face4a7c9a6f8/big_1544654169_Fashion.png","small_image_url":"https://coub-anubis-a.akamaized.net/coub_storage/category/cw_image/503df3602c0/3bb25ae4face4a7c9a6f8/small_1544654169_Fashion.png","med_image_url":"https://coub-anubis-a.akamaized.net/coub_storage/category/cw_image/503df3602c0/3bb25ae4face4a7c9a6f8/med_1544654169_Fashion.png","visible":true}],"communities":[{"id":16,"title":"Fashion & Beauty","permalink":"fashion","subscriptions_count":10059485,"big_image_url":"https://coub-anubis-a.akamaized.net/coub_storage/category/cw_image/503df3602c0/3bb25ae4face4a7c9a6f8/big_1544654169_Fashion.png","small_image_url":"https://coub-anubis-a.akamaized.net/coub_storage/category/cw_image/503df3602c0/3bb25ae4face4a7c9a6f8/small_1544654169_Fashion.png","med_image_url":"https://coub-anubis-a.akamaized.net/coub_storage/category/cw_image/503df3602c0/3bb25ae4face4a7c9a6f8/med_1544654169_Fashion.png","i_subscribed":true,"community_notifications_enabled":null,"description":null}],"recoubs_count":118,"remixes_count":2,"likes_count":753,"dislikes_count":0,"raw_video_id":17053060,"uploaded_by_ios_app":false,"uploaded_by_android_app":false,"media_blocks":{"uploaded_raw_videos":[],"external_raw_videos":[],"remixed_from_coubs":[]},"raw_video_thumbnail_url":"https://coub-anubis-a.akamaized.net/coub_storage/raw_video/cw_image/be124626160/b78defc5db2069b95a4ba/coub_media_1641839354_image.jpg","raw_video_title":"Infinity___Bunny_Cosplay__.mp4","video_block_banned":false,"duration":10.0,"promo_winner":false,"promo_winner_recoubers":null,"editorial_info":{},"promo_hint":null,"beeline_best_2014":null,"from_web_editor":true,"normalize_sound":true,"normalize_change_allowed":true,"best2015_addable":false,"ahmad_promo":null,"promo_data":null,"audio_copyright_claim":null,"ads_disabled":false,"is_safe_for_ads":true,"megafon_contents":[],"position_on_page":8},{"flag":null,"abuses":null,"recoubs_by_users_channels":null,"favourite":false,"promoted_id":null,"recoub":null,"like":null,"dislike":null,"reaction":null,"in_my_best2015":false,"id":158665588,"type":"Coub::Simple","permalink":"2m49y5","title":"Stockings (song: Thievery Corporation & Emiliana Torrini - Until the Morning)","visibility_type":"public","original_visibility_type":"public","channel_id":5063935,"created_at":"2020-11-26T23:50:00Z","updated_at":"2022-03-16T09:50:40Z","is_done":true,"views_count":85718,"cotd":null,"cotd_at":null,"visible_on_explore_root":false,"visible_on_explore":false,"featured":false,"published":true,"published_at":"2020-11-26T23:53:01Z","reversed":false,"from_editor_v2":true,"is_editable":true,"original_sound":false,"has_sound":false,"recoub_to":null,"file_versions":{"html5":{"video":{"higher":{"url":"https://coub-anubis-a.akamaized.net/coub_storage/coub/simple/cw_file/5ecc1e16af4/f68d91ed6e3a10ee8cc6f/muted_mp4_huge_size_1606434700_muted_huge.mp4","size":2286621},"high":{"url":"https://coub-anubis-a.akamaized.net/coub_storage/coub/simple/cw_file/5ecc1e16af4/f68d91ed6e3a10ee8cc6f/muted_mp4_big_size_1606434700_muted_big.mp4","size":1555478},"med":{"url":"https://coub-anubis-a.akamaized.net/coub_storage/coub/simple/cw_file/5ecc1e16af4/f68d91ed6e3a10ee8cc6f/muted_mp4_med_size_1606434700_muted_med.mp4","size":442250}},"audio":{"high":{"url":"https://coub-anubis-a.akamaized.net/coub_storage/coub/simple/cw_looped_audio_high/4cf7734a48a/4c40162a35927366f4410/1606434737_mp3-high.mp3","size":4602613},"med":{"url":"https://coub-anubis-a.akamaized.net/coub_storage/coub/simple/cw_looped_audio_med/1640cd78ee6/17df72372fba376ef33a0/1606434733_mp3-med.mp3","size":3769149}}},"mobile":{"video":"https://coub-anubis-a.akamaized.net/coub_storage/coub/simple/cw_file/5ecc1e16af4/f68d91ed6e3a10ee8cc6f/muted_mp4_med_size_1606434700_muted_med.mp4","audio":["https://coub-anubis-a.akamaized.net/coub_storage/coub/simple/cw_looped_audio_med/1640cd78ee6/17df72372fba376ef33a0/1606434733_mp3-med.mp3"]},"share":{"default":"https://coub-anubis-a.akamaized.net/coub_storage/coub/simple/cw_video_for_sharing/ad3f8d64527/c5fa63b33a697a0da9837/1606434778_looped_1606434777.mp4"}},"audio_versions":{"template":"https://coub-anubis-a.akamaized.net/coub_storage/audio_track/cw_file/423eeccf43a/fd796c1e12364e00196e6/mid_1606434705_wr9unq_edited.mp3","versions":["mid","low"]},"image_versions":{"template":"https://coub-anubis-a.akamaized.net/coub_storage/coub/simple/cw_image/c425b0d5ee4/e29e792fd3139cc25539e/%{version}_1606434743_00032.jpg","versions":["micro","tiny","age_restricted","ios_large","ios_mosaic","big","med","small","pinterest"]},"first_frame_versions":{"template":"https://coub-anubis-a.akamaized.net/coub_storage/coub/simple/cw_timeline_pic/d079fd57241/eb01f7f83a74a15f0ab1c/%{version}_1606434742_image.jpg","versions":["big","med","small","ios_large"]},"dimensions":{"big":[1280,720],"med":[640,360]},"site_w_h":[640,360],"page_w_h":[640,360],"site_w_h_small":[310,174],"size":[1280,720],"age_restricted":false,"age_restricted_by_admin":false,"not_safe_for_work":false,"allow_reuse":false,"dont_crop":true,"banned":false,"global_safe":null,"audio_file_url":"https://coub-anubis-a.akamaized.net/coub_storage/audio_track/cw_file/423eeccf43a/fd796c1e12364e00196e6/low_1606434705_wr9unq_edited.mp3","external_download":{"type":"Youtube","service_name":"YouTube","url":"https://www.youtube.com/watch?v=kToppkPNmAk","has_embed":true},"application":null,"channel":{"id":5063935,"permalink":"hachi-franxx","title":"Hachi Franxx","description":"Like, follow and, most importantly, repost!","followers_count":4823,"following_count":40,"avatar_versions":{"template":"https://coub-anubis-a.akamaized.net/coub_storage/channel/cw_avatar/164d0f0a980/3f67e0b8d5814ca21713f/%{version}_1607421387_15qy57m_1547914543_filename.jpeg","versions":["medium","medium_2x","profile_pic","profile_pic_new","profile_pic_new_2x","tiny","tiny_2x","small","small_2x","ios_large","ios_small"]}},"file":null,"picture":"https://coub-anubis-a.akamaized.net/coub_storage/coub/simple/cw_image/c425b0d5ee4/e29e792fd3139cc25539e/med_1606434743_00032.jpg","timeline_picture":"https://coub-anubis-a.akamaized.net/coub_storage/coub/simple/cw_timeline_pic/d079fd57241/eb01f7f83a74a15f0ab1c/ios_large_1606434742_image.jpg","small_picture":"https://coub-anubis-a.akamaized.net/coub_storage/coub/simple/cw_image/c425b0d5ee4/e29e792fd3139cc25539e/ios_mosaic_1606434743_00032.jpg","sharing_picture":null,"percent_done":100,"tags":[{"id":5883646,"title":"excinderella","value":"excinderella"},{"id":5897254,"title":"marta kowalczyk","value":"marta%20kowalczyk"},{"id":24098,"title":"stockings","value":"stockings"},{"id":490763,"title":"nylons","value":"nylons"},{"id":59600,"title":"high heels","value":"high%20heels"},{"id":921092,"title":"short skirt","value":"short%20skirt"},{"id":194165,"title":"long legs","value":"long%20legs"},{"id":24096,"title":"pantyhose","value":"pantyhose"},{"id":65303,"title":"tights","value":"tights"},{"id":230848,"title":"polish girls","value":"polish%20girls"},{"id":4066006,"title":"slavic girls","value":"slavic%20girls"},{"id":17860,"title":"poland","value":"poland"},{"id":6025968,"title":"song: thievery corporation & emiliana torrini - until the morning","value":"song:%20thievery%20corporation%20&%20emiliana%20torrini%20-%20until%20the%20morning"}],"categories":[{"id":16,"title":"Fashion & Beauty","permalink":"fashion","subscriptions_count":10059485,"big_image_url":"https://coub-anubis-a.akamaized.net/coub_storage/category/cw_image/503df3602c0/3bb25ae4face4a7c9a6f8/big_1544654169_Fashion.png","small_image_url":"https://coub-anubis-a.akamaized.net/coub_storage/category/cw_image/503df3602c0/3bb25ae4face4a7c9a6f8/small_1544654169_Fashion.png","med_image_url":"https://coub-anubis-a.akamaized.net/coub_storage/category/cw_image/503df3602c0/3bb25ae4face4a7c9a6f8/med_1544654169_Fashion.png","visible":true}],"communities":[{"id":16,"title":"Fashion & Beauty","permalink":"fashion","subscriptions_count":10059485,"big_image_url":"https://coub-anubis-a.akamaized.net/coub_storage/category/cw_image/503df3602c0/3bb25ae4face4a7c9a6f8/big_1544654169_Fashion.png","small_image_url":"https://coub-anubis-a.akamaized.net/coub_storage/category/cw_image/503df3602c0/3bb25ae4face4a7c9a6f8/small_1544654169_Fashion.png","med_image_url":"https://coub-anubis-a.akamaized.net/coub_storage/category/cw_image/503df3602c0/3bb25ae4face4a7c9a6f8/med_1544654169_Fashion.png","i_subscribed":true,"community_notifications_enabled":null,"description":null}],"recoubs_count":134,"remixes_count":2,"likes_count":753,"dislikes_count":0,"raw_video_id":15913033,"uploaded_by_ios_app":false,"uploaded_by_android_app":false,"media_blocks":{"uploaded_raw_videos":[],"external_raw_videos":[{"id":37547364,"title":"Woman in pantyhose and high heels || Excinderella","url":"https://www.youtube.com/watch?v=kToppkPNmAk","image":null,"image_retina":null,"meta":{"service":"Youtube","duration":"95.861"},"duration":95.861,"raw_video_id":15913033,"has_embed":true}],"remixed_from_coubs":[],"external_video":{"id":37547364,"title":"Woman in pantyhose and high heels || Excinderella","url":"https://www.youtube.com/watch?v=kToppkPNmAk","image":null,"image_retina":null,"meta":{"service":"Youtube","duration":"95.861"},"duration":95.861,"raw_video_id":15913033,"has_embed":true}},"raw_video_thumbnail_url":"/missing/missing.png","raw_video_title":"Woman in pantyhose and high heels || Excinderella","video_block_banned":false,"duration":10.04,"promo_winner":false,"promo_winner_recoubers":null,"editorial_info":{},"promo_hint":null,"beeline_best_2014":null,"from_web_editor":true,"normalize_sound":false,"normalize_change_allowed":true,"best2015_addable":false,"ahmad_promo":null,"promo_data":null,"audio_copyright_claim":null,"ads_disabled":false,"is_safe_for_ads":true,"megafon_contents":[],"position_on_page":9},{"flag":null,"abuses":null,"recoubs_by_users_channels":null,"favourite":false,"promoted_id":null,"recoub":null,"like":null,"dislike":null,"reaction":null,"in_my_best2015":false,"id":149658464,"type":"Coub::Simple","permalink":"2gr7xx","title":"instagram @fegalvao_ song: lana del rey - summertime sadness (sxade synthwave remix) | 80s [legendado/tradução]","visibility_type":"public","original_visibility_type":"public","channel_id":9817559,"created_at":"2020-07-15T20:27:14Z","updated_at":"2022-03-14T20:36:57Z","is_done":true,"views_count":99542,"cotd":null,"cotd_at":null,"visible_on_explore_root":false,"visible_on_explore":false,"featured":false,"published":true,"published_at":"2020-07-15T20:27:14Z","reversed":false,"from_editor_v2":true,"is_editable":true,"original_sound":false,"has_sound":false,"recoub_to":null,"file_versions":{"html5":{"video":{"higher":{"url":"https://coub-anubis-a.akamaized.net/coub_storage/coub/simple/cw_file/be8c7929d08/88b74a30125ed083fdb7d/muted_mp4_huge_size_1594844840_muted_huge.mp4","size":3928133},"high":{"url":"https://coub-anubis-a.akamaized.net/coub_storage/coub/simple/cw_file/be8c7929d08/88b74a30125ed083fdb7d/muted_mp4_big_size_1594844840_muted_big.mp4","size":2415163},"med":{"url":"https://coub-anubis-a.akamaized.net/coub_storage/coub/simple/cw_file/be8c7929d08/88b74a30125ed083fdb7d/muted_mp4_med_size_1594844840_muted_med.mp4","size":802275}},"audio":{"high":{"url":"https://coub-anubis-a.akamaized.net/coub_storage/coub/simple/cw_looped_audio_high/675809997f6/62e334cb7cbb1eb6a5856/1605680033_high_1594844887_high.mp3","size":5226478},"med":{"url":"https://coub-anubis-a.akamaized.net/coub_storage/coub/simple/cw_looped_audio_med/1f31773c042/72b4d87e936ce0a741a12/1605680033_med_1594844887_med.mp3","size":3724227}}},"mobile":{"video":"https://coub-anubis-a.akamaized.net/coub_storage/coub/simple/cw_file/be8c7929d08/88b74a30125ed083fdb7d/muted_mp4_med_size_1594844840_muted_med.mp4","audio":["https://coub-anubis-a.akamaized.net/coub_storage/coub/simple/cw_looped_audio_med/1f31773c042/72b4d87e936ce0a741a12/1605680033_med_1594844887_med.mp3"]},"share":{"default":"https://coub-anubis-a.akamaized.net/coub_storage/coub/simple/cw_video_for_sharing/1530b941cf1/59c243fb22cab3637ecf0/1608583084_looped_1608583081.mp4"}},"audio_versions":{"template":"https://coub-anubis-a.akamaized.net/coub_storage/audio_track/cw_normalized_copy/09c7e549825/1b8d8a4ca464b9673fcff/mid_1594844871_normalized_1594844845_1tt5vtk_edited.mp3","versions":["mid","low"]},"image_versions":{"template":"https://coub-anubis-a.akamaized.net/coub_storage/coub/simple/cw_image/4edd850794a/1170740cd41858aa56c16/1594844905_00031.jpg","versions":["micro","tiny","age_restricted","ios_large","ios_mosaic","big","med","small","pinterest"]},"first_frame_versions":{"template":"https://coub-anubis-a.akamaized.net/coub_storage/coub/simple/cw_timeline_pic/e71c4a351b8/f393c41d242d8308e6dc2/%{version}_1594844904_image.jpg","versions":["big","med","small","ios_large"]},"dimensions":{"big":[768,960],"med":[384,480]},"site_w_h":[320,400],"page_w_h":[400,500],"site_w_h_small":[310,388],"size":[768,960],"age_restricted":false,"age_restricted_by_admin":false,"not_safe_for_work":false,"allow_reuse":false,"dont_crop":false,"banned":false,"global_safe":null,"audio_file_url":"https://coub-anubis-a.akamaized.net/coub_storage/audio_track/cw_normalized_copy/09c7e549825/1b8d8a4ca464b9673fcff/low_1594844871_normalized_1594844845_1tt5vtk_edited.mp3","external_download":false,"application":null,"channel":{"id":9817559,"permalink":"joerogandmitrypuchkov","title":"JoeRoganDmitryPuchkov","description":"I'm Joe Rogan and Dmitry Puchkov Youtube Channels Fan. Joe Rogan is in a Sauna :)","followers_count":117,"following_count":11,"avatar_versions":{"template":"https://coub-anubis-a.akamaized.net/coub_storage/channel/cw_avatar/2fff3e86302/f647a027e2ea6e2bd7bb6/%{version}_1607424057_hbwsgd_1593246737_joerogandmytrypuchkov39.png","versions":["medium","medium_2x","profile_pic","profile_pic_new","profile_pic_new_2x","tiny","tiny_2x","small","small_2x","ios_large","ios_small"]}},"file":null,"picture":"https://coub-anubis-a.akamaized.net/coub_storage/coub/simple/cw_image/4edd850794a/1170740cd41858aa56c16/1594844905_00031.jpg","timeline_picture":"https://coub-anubis-a.akamaized.net/coub_storage/coub/simple/cw_timeline_pic/e71c4a351b8/f393c41d242d8308e6dc2/ios_large_1594844904_image.jpg","small_picture":"https://coub-anubis-a.akamaized.net/coub_storage/coub/simple/cw_image/4edd850794a/1170740cd41858aa56c16/1594844905_00031.jpg","sharing_picture":null,"percent_done":100,"tags":[{"id":2529,"title":"instagram","value":"instagram"},{"id":5119197,"title":"fegalvao_","value":"fegalvao_"},{"id":317562,"title":"brazilian girls","value":"brazilian%20girls"},{"id":246685,"title":"white girls","value":"white%20girls"},{"id":183,"title":"girl","value":"girl"},{"id":270,"title":"девушка","value":"%D0%B4%D0%B5%D0%B2%D1%83%D1%88%D0%BA%D0%B0"},{"id":4217,"title":"booty","value":"booty"},{"id":4732,"title":"butt","value":"butt"},{"id":122,"title":"ass","value":"ass"},{"id":4219,"title":"попа","value":"%D0%BF%D0%BE%D0%BF%D0%B0"},{"id":124,"title":"жопа","value":"%D0%B6%D0%BE%D0%BF%D0%B0"},{"id":3444,"title":"summertime","value":"summertime"},{"id":591,"title":"summertime sadness","value":"summertime%20sadness"},{"id":3363,"title":"sadness","value":"sadness"},{"id":268,"title":"summer","value":"summer"},{"id":4081,"title":"time","value":"time"},{"id":168037,"title":"summer time","value":"summer%20time"},{"id":330173,"title":"summer time sadness","value":"summer%20time%20sadness"},{"id":5787011,"title":"@fegalvao_","value":"@fegalvao_"},{"id":150254,"title":"сетка","value":"%D1%81%D0%B5%D1%82%D0%BA%D0%B0"},{"id":397249,"title":"fishnet","value":"fishnet"},{"id":5787012,"title":"instagram @fegalvao_","value":"instagram%20@fegalvao_"},{"id":4039,"title":"lana del rey","value":"lana%20del%20rey"},{"id":169531,"title":"lanadelrey \"summertimesadness","value":"lanadelrey%20%22summertimesadness"},{"id":1681,"title":"lanadelrey","value":"lanadelrey"},{"id":451969,"title":"summertime sadness lana","value":"summertime%20sadness%20lana"},{"id":44910,"title":"summertime sadness remix","value":"summertime%20sadness%20remix"},{"id":6273,"title":"lana","value":"lana"},{"id":5787013,"title":"lana del rey - summertime sadness (sxade synthwave remix) | 80s [legendado/tradução]","value":"lana%20del%20rey%20-%20summertime%20sadness%20(sxade%20synthwave%20remix)%20%7C%2080s%20[legendado/tradu%C3%A7%C3%A3o]"},{"id":22189,"title":"brazilian","value":"brazilian"},{"id":5787014,"title":"song: lana del rey - summertime sadness (sxade synthwave remix) | 80s [legendado/tradução]","value":"song:%20lana%20del%20rey%20-%20summertime%20sadness%20(sxade%20synthwave%20remix)%20%7C%2080s%20[legendado/tradu%C3%A7%C3%A3o]"}],"categories":[{"id":16,"title":"Fashion & Beauty","permalink":"fashion","subscriptions_count":10059485,"big_image_url":"https://coub-anubis-a.akamaized.net/coub_storage/category/cw_image/503df3602c0/3bb25ae4face4a7c9a6f8/big_1544654169_Fashion.png","small_image_url":"https://coub-anubis-a.akamaized.net/coub_storage/category/cw_image/503df3602c0/3bb25ae4face4a7c9a6f8/small_1544654169_Fashion.png","med_image_url":"https://coub-anubis-a.akamaized.net/coub_storage/category/cw_image/503df3602c0/3bb25ae4face4a7c9a6f8/med_1544654169_Fashion.png","visible":true}],"communities":[{"id":16,"title":"Fashion & Beauty","permalink":"fashion","subscriptions_count":10059485,"big_image_url":"https://coub-anubis-a.akamaized.net/coub_storage/category/cw_image/503df3602c0/3bb25ae4face4a7c9a6f8/big_1544654169_Fashion.png","small_image_url":"https://coub-anubis-a.akamaized.net/coub_storage/category/cw_image/503df3602c0/3bb25ae4face4a7c9a6f8/small_1544654169_Fashion.png","med_image_url":"https://coub-anubis-a.akamaized.net/coub_storage/category/cw_image/503df3602c0/3bb25ae4face4a7c9a6f8/med_1544654169_Fashion.png","i_subscribed":true,"community_notifications_enabled":null,"description":null}],"recoubs_count":138,"remixes_count":1,"likes_count":753,"dislikes_count":0,"raw_video_id":"","uploaded_by_ios_app":false,"uploaded_by_android_app":false,"media_blocks":{"uploaded_raw_videos":[],"external_raw_videos":[],"remixed_from_coubs":[{"id":36132272,"title":"Fishnet (by Instagram @fegalvao_, song: Soulker - Lambo)","url":"https://coub.com/coubs/2ff5n4/remix","image":"https://coub-anubis-a.akamaized.net/coub_storage/media_block/cw_image/7e5da97bc0d/401dc07fdfca2faf05434/1592230200_lt6o7g_1592230166_00032.jpg","image_retina":"https://coub-anubis-a.akamaized.net/coub_storage/media_block/cw_image/7e5da97bc0d/401dc07fdfca2faf05434/1592230200_lt6o7g_1592230166_00032.jpg","meta":{"duration":"10.0"},"duration":null,"coub_channel_title":"Hachi Franxx","coub_channel_permalink":"hachi-franxx","coub_views_count":159869,"coub_permalink":"2ff5n4"}]},"raw_video_thumbnail_url":"","raw_video_title":"","video_block_banned":false,"duration":9.72,"promo_winner":false,"promo_winner_recoubers":null,"editorial_info":{},"promo_hint":null,"beeline_best_2014":null,"from_web_editor":true,"normalize_sound":true,"normalize_change_allowed":true,"best2015_addable":false,"ahmad_promo":null,"promo_data":null,"audio_copyright_claim":null,"ads_disabled":false,"is_safe_for_ads":true,"megafon_contents":[],"position_on_page":10}]}