{"page":240,"per_page":10,"total_pages":500,"coubs":[{"flag":null,"abuses":null,"recoubs_by_users_channels":null,"favourite":false,"promoted_id":null,"recoub":null,"like":null,"dislike":null,"reaction":null,"in_my_best2015":false,"id":170820111,"type":"Coub::Simple","permalink":"2tcsip","title":"chinese streetstyle fashion","visibility_type":"public","original_visibility_type":"public","channel_id":11524280,"created_at":"2021-06-20T02:14:16Z","updated_at":"2022-03-16T06:26:29Z","is_done":true,"views_count":70385,"cotd":null,"cotd_at":null,"visible_on_explore_root":false,"visible_on_explore":false,"featured":false,"published":true,"published_at":"2021-06-20T02:14:16Z","reversed":false,"from_editor_v2":true,"is_editable":true,"original_sound":true,"has_sound":true,"recoub_to":null,"file_versions":{"html5":{"video":{"higher":{"url":"https://coub-anubis-a.akamaized.net/coub_storage/coub/simple/cw_file/4b4faf86ef9/4f33922dbe5cc52287e7f/muted_mp4_huge_size_1624155262_muted_huge.mp4","size":2242455},"high":{"url":"https://coub-anubis-a.akamaized.net/coub_storage/coub/simple/cw_file/4b4faf86ef9/4f33922dbe5cc52287e7f/muted_mp4_big_size_1624155262_muted_big.mp4","size":1455277},"med":{"url":"https://coub-anubis-a.akamaized.net/coub_storage/coub/simple/cw_file/4b4faf86ef9/4f33922dbe5cc52287e7f/muted_mp4_med_size_1624155262_muted_med.mp4","size":528985}},"audio":{"high":{"url":"https://coub-anubis-a.akamaized.net/coub_storage/coub/simple/cw_looped_audio_high/237966e360e/9b4859da0badbd9cbaf31/1624155264_mp3-high.mp3","size":1144994},"med":{"url":"https://coub-anubis-a.akamaized.net/coub_storage/coub/simple/cw_looped_audio_med/bb679b8bd86/60b2d9bad8d99fac38045/1624155263_mp3-med.mp3","size":850942},"sample_duration":8.893}},"mobile":{"video":"https://coub-anubis-a.akamaized.net/coub_storage/coub/simple/cw_file/4b4faf86ef9/4f33922dbe5cc52287e7f/muted_mp4_med_size_1624155262_muted_med.mp4","audio":["https://coub-anubis-a.akamaized.net/coub_storage/coub/simple/cw_looped_audio_med/bb679b8bd86/60b2d9bad8d99fac38045/1624155263_mp3-med.mp3"]},"share":{"default":"https://coub-anubis-a.akamaized.net/coub_storage/coub/simple/cw_video_for_sharing/0e2154470f7/b395311201944985dbc85/1624155286_looped_1624155285.mp4"}},"audio_versions":{},"image_versions":{"template":"https://coub-anubis-a.akamaized.net/coub_storage/coub/simple/cw_image/766d0e43b97/3172a9b821c8ce0be8e0f/%{version}_1624155267_00028.jpg","versions":["micro","tiny","age_restricted","ios_large","ios_mosaic","big","med","small","pinterest"]},"first_frame_versions":{"template":"https://coub-anubis-a.akamaized.net/coub_storage/coub/simple/cw_timeline_pic/98cf236369a/df4b0882623978a3575e3/%{version}_1624155267_image.jpg","versions":["big","med","small","ios_large"]},"dimensions":{"big":[538,960],"med":[268,480]},"site_w_h":[224,400],"page_w_h":[400,714],"site_w_h_small":[310,553],"size":[538,960],"age_restricted":false,"age_restricted_by_admin":false,"not_safe_for_work":false,"allow_reuse":false,"dont_crop":true,"banned":false,"global_safe":null,"audio_file_url":null,"external_download":false,"application":null,"channel":{"id":11524280,"permalink":"kwaiichn","title":"ChineseShiza","description":"❤ (ɔˆз(ˆ⌣ˆc)\r\nСпрашивая названия песни - не питайте особых надежд, но и не теряйте её (с)\r\nСкину или поищу","followers_count":163,"following_count":12,"avatar_versions":{"template":"https://coub-anubis-a.akamaized.net/coub_storage/channel/cw_avatar/1b589c6b7a8/b43a9a41ff3b8b7b1c048/%{version}_1624939884_Screenshot_2021-05-11-09-36-04-969_com.yandex.browser.jpg","versions":["medium","medium_2x","profile_pic","profile_pic_new","profile_pic_new_2x","tiny","tiny_2x","small","small_2x","ios_large","ios_small"]}},"file":null,"picture":"https://coub-anubis-a.akamaized.net/coub_storage/coub/simple/cw_image/766d0e43b97/3172a9b821c8ce0be8e0f/med_1624155267_00028.jpg","timeline_picture":"https://coub-anubis-a.akamaized.net/coub_storage/coub/simple/cw_timeline_pic/98cf236369a/df4b0882623978a3575e3/ios_large_1624155267_image.jpg","small_picture":"https://coub-anubis-a.akamaized.net/coub_storage/coub/simple/cw_image/766d0e43b97/3172a9b821c8ce0be8e0f/ios_mosaic_1624155267_00028.jpg","sharing_picture":null,"percent_done":100,"tags":[{"id":6365597,"title":"вроде её не было","value":"%D0%B2%D1%80%D0%BE%D0%B4%D0%B5%20%D0%B5%D1%91%20%D0%BD%D0%B5%20%D0%B1%D1%8B%D0%BB%D0%BE"},{"id":6365598,"title":"я уже запутался)","value":"%D1%8F%20%D1%83%D0%B6%D0%B5%20%D0%B7%D0%B0%D0%BF%D1%83%D1%82%D0%B0%D0%BB%D1%81%D1%8F)"}],"categories":[{"id":16,"title":"Fashion & Beauty","permalink":"fashion","subscriptions_count":10059485,"big_image_url":"https://coub-anubis-a.akamaized.net/coub_storage/category/cw_image/503df3602c0/3bb25ae4face4a7c9a6f8/big_1544654169_Fashion.png","small_image_url":"https://coub-anubis-a.akamaized.net/coub_storage/category/cw_image/503df3602c0/3bb25ae4face4a7c9a6f8/small_1544654169_Fashion.png","med_image_url":"https://coub-anubis-a.akamaized.net/coub_storage/category/cw_image/503df3602c0/3bb25ae4face4a7c9a6f8/med_1544654169_Fashion.png","visible":true}],"communities":[{"id":16,"title":"Fashion & Beauty","permalink":"fashion","subscriptions_count":10059485,"big_image_url":"https://coub-anubis-a.akamaized.net/coub_storage/category/cw_image/503df3602c0/3bb25ae4face4a7c9a6f8/big_1544654169_Fashion.png","small_image_url":"https://coub-anubis-a.akamaized.net/coub_storage/category/cw_image/503df3602c0/3bb25ae4face4a7c9a6f8/small_1544654169_Fashion.png","med_image_url":"https://coub-anubis-a.akamaized.net/coub_storage/category/cw_image/503df3602c0/3bb25ae4face4a7c9a6f8/med_1544654169_Fashion.png","i_subscribed":true,"community_notifications_enabled":null,"description":null}],"recoubs_count":138,"remixes_count":1,"likes_count":834,"dislikes_count":0,"raw_video_id":16543002,"uploaded_by_ios_app":false,"uploaded_by_android_app":false,"media_blocks":{"uploaded_raw_videos":[],"external_raw_videos":[],"remixed_from_coubs":[]},"raw_video_thumbnail_url":"https://coub-anubis-a.akamaized.net/coub_storage/raw_video/cw_image/e4f53df82cc/ad8299eefc4046ff41964/coub_media_1624155203_image.jpg","raw_video_title":"BMjAyMTAzMTkyMTU0NDNfMTQzMzA1MjgwM180NjI3NzczMDk1M18yXzM__b_B73cb512d6e9063bfb787cefa7c60d036.mp4","video_block_banned":false,"duration":8.88,"promo_winner":false,"promo_winner_recoubers":null,"editorial_info":{},"promo_hint":null,"beeline_best_2014":null,"from_web_editor":true,"normalize_sound":true,"normalize_change_allowed":true,"best2015_addable":false,"ahmad_promo":null,"promo_data":null,"audio_copyright_claim":null,"ads_disabled":false,"is_safe_for_ads":true,"megafon_contents":[],"position_on_page":1},{"flag":null,"abuses":null,"recoubs_by_users_channels":null,"favourite":false,"promoted_id":null,"recoub":null,"like":null,"dislike":null,"reaction":null,"in_my_best2015":false,"id":56300777,"type":"Coub::Simple","permalink":"x2kx8","title":"Cara ","visibility_type":"public","original_visibility_type":"public","channel_id":2897153,"created_at":"2017-08-24T20:08:16Z","updated_at":"2022-03-16T11:32:17Z","is_done":true,"views_count":75407,"cotd":null,"cotd_at":null,"visible_on_explore_root":true,"visible_on_explore":true,"featured":true,"published":true,"published_at":"2017-08-24T20:15:31Z","reversed":false,"from_editor_v2":true,"is_editable":true,"original_sound":false,"has_sound":false,"recoub_to":null,"file_versions":{"html5":{"video":{"higher":{"url":"https://coub-anubis-a.akamaized.net/coub_storage/coub/simple/cw_file/34d744eadcb/c1e51600056a151d2675e/muted_mp4_huge_size_1570655882_muted_huge.mp4","size":2030236},"high":{"url":"https://coub-anubis-a.akamaized.net/coub_storage/coub/simple/cw_file/34d744eadcb/c1e51600056a151d2675e/muted_mp4_big_size_1570655882_muted_big.mp4","size":1457167},"med":{"url":"https://coub-anubis-a.akamaized.net/coub_storage/coub/simple/cw_file/34d744eadcb/c1e51600056a151d2675e/muted_mp4_med_size_1570655882_muted_med.mp4","size":532599}},"audio":{"high":{"url":"https://coub-anubis-a.akamaized.net/coub_storage/coub/simple/cw_looped_audio_high/8684b33b4a8/908d7c9b3fb9486e635c4/1605564535_high_1545707069_high.mp3","size":4429461},"med":{"url":"https://coub-anubis-a.akamaized.net/coub_storage/coub/simple/cw_looped_audio_med/6f68a21a1e8/1347e08e6d7d55eea657f/1605564534_med_1545707069_med.mp3","size":3148767}}},"mobile":{"video":"https://coub-anubis-a.akamaized.net/coub_storage/coub/simple/cw_file/34d744eadcb/c1e51600056a151d2675e/muted_mp4_med_size_1570655882_muted_med.mp4","audio":["https://coub-anubis-a.akamaized.net/coub_storage/coub/simple/cw_looped_audio_med/6f68a21a1e8/1347e08e6d7d55eea657f/1605564534_med_1545707069_med.mp3"]},"share":{"default":"https://coub-anubis-a.akamaized.net/coub_storage/coub/simple/cw_video_for_sharing/c8f9a5c26b0/477ea5447c3f2d4869814/1608174389_looped_1608174388.mp4"}},"audio_versions":{"template":"https://coub-anubis-a.akamaized.net/coub_storage/audio_track/cw_file/d2a77dbd2b1/2be5cedbb4a172a53de0c/mid_1545707045_kqvox1_edited.mp3","versions":["mid","low"]},"image_versions":{"template":"https://coub-anubis-a.akamaized.net/coub_storage/coub/simple/cw_image/f289f4d0441/83c0cfb23366e8abaf75d/1545707082_00030.jpg","versions":["micro","tiny","age_restricted","ios_large","ios_mosaic","big","med","small","pinterest"]},"first_frame_versions":{"template":"https://coub-anubis-a.akamaized.net/coub_storage/coub/simple/cw_timeline_pic/4897ef275ee/0ff03ec85788214ef1aba/%{version}_1545707081_image.jpg","versions":["big","med","small","ios_large"]},"dimensions":{"big":[1280,720],"med":[640,360]},"site_w_h":[640,360],"page_w_h":[640,360],"site_w_h_small":[310,174],"size":[1280,720],"age_restricted":false,"age_restricted_by_admin":false,"not_safe_for_work":false,"allow_reuse":false,"dont_crop":false,"banned":false,"global_safe":true,"audio_file_url":"https://coub-anubis-a.akamaized.net/coub_storage/audio_track/cw_file/d2a77dbd2b1/2be5cedbb4a172a53de0c/low_1545707045_kqvox1_edited.mp3","external_download":{"type":"Youtube","service_name":"YouTube","url":"http://www.youtube.com/watch?v=qmV5MW_XAtg","has_embed":true},"application":null,"channel":{"id":2897153,"permalink":"shipkova","title":"☸ on ᵗʰe Sʰί℘ ☸ ","description":null,"followers_count":14007,"following_count":204,"avatar_versions":{"template":"https://coub-anubis-a.akamaized.net/coub_storage/channel/cw_avatar/22dec64cd1d/cacb302e021ea515adbdc/%{version}_1607421227_1qtpqn5_1568835555_1737_oooo.plus__1_.png","versions":["medium","medium_2x","profile_pic","profile_pic_new","profile_pic_new_2x","tiny","tiny_2x","small","small_2x","ios_large","ios_small"]}},"file":null,"picture":"https://coub-anubis-a.akamaized.net/coub_storage/coub/simple/cw_image/f289f4d0441/83c0cfb23366e8abaf75d/1545707082_00030.jpg","timeline_picture":"https://coub-anubis-a.akamaized.net/coub_storage/coub/simple/cw_timeline_pic/4897ef275ee/0ff03ec85788214ef1aba/ios_large_1545707081_image.jpg","small_picture":"https://coub-anubis-a.akamaized.net/coub_storage/coub/simple/cw_image/f289f4d0441/83c0cfb23366e8abaf75d/1545707082_00030.jpg","sharing_picture":null,"percent_done":100,"tags":[{"id":86,"title":"music","value":"music"},{"id":182,"title":"dance","value":"dance"},{"id":3277542,"title":"just tango","value":"just%20tango"},{"id":22215,"title":"mood","value":"mood"},{"id":626349,"title":"delevigne","value":"delevigne"},{"id":19321,"title":"cara delevingne","value":"cara%20delevingne"}],"categories":[{"id":16,"title":"Fashion & Beauty","permalink":"fashion","subscriptions_count":10059485,"big_image_url":"https://coub-anubis-a.akamaized.net/coub_storage/category/cw_image/503df3602c0/3bb25ae4face4a7c9a6f8/big_1544654169_Fashion.png","small_image_url":"https://coub-anubis-a.akamaized.net/coub_storage/category/cw_image/503df3602c0/3bb25ae4face4a7c9a6f8/small_1544654169_Fashion.png","med_image_url":"https://coub-anubis-a.akamaized.net/coub_storage/category/cw_image/503df3602c0/3bb25ae4face4a7c9a6f8/med_1544654169_Fashion.png","visible":true}],"communities":[{"id":16,"title":"Fashion & Beauty","permalink":"fashion","subscriptions_count":10059485,"big_image_url":"https://coub-anubis-a.akamaized.net/coub_storage/category/cw_image/503df3602c0/3bb25ae4face4a7c9a6f8/big_1544654169_Fashion.png","small_image_url":"https://coub-anubis-a.akamaized.net/coub_storage/category/cw_image/503df3602c0/3bb25ae4face4a7c9a6f8/small_1544654169_Fashion.png","med_image_url":"https://coub-anubis-a.akamaized.net/coub_storage/category/cw_image/503df3602c0/3bb25ae4face4a7c9a6f8/med_1544654169_Fashion.png","i_subscribed":true,"community_notifications_enabled":null,"description":null}],"recoubs_count":164,"remixes_count":1,"likes_count":834,"dislikes_count":0,"raw_video_id":10008830,"uploaded_by_ios_app":false,"uploaded_by_android_app":false,"media_blocks":{"uploaded_raw_videos":[],"external_raw_videos":[{"id":21669124,"title":"Cara Delevingne - I Feel Everything (From \"Valerian and the City of a Thousand Planets\")","url":"http://www.youtube.com/watch?v=qmV5MW_XAtg","image":"https://coub-anubis-a.akamaized.net/coub_storage/media_block/cw_image/0e2217b92bc/173ffd53633c76c306a1d/1501177588_1501177558_f474hl_att-url-download.jpg","image_retina":"https://coub-anubis-a.akamaized.net/coub_storage/media_block/cw_image/0e2217b92bc/173ffd53633c76c306a1d/1501177588_1501177558_f474hl_att-url-download.jpg","meta":{"service":"Youtube","duration":"191.88"},"duration":191.88,"raw_video_id":10008830,"has_embed":true}],"remixed_from_coubs":[],"external_video":{"id":21669124,"title":"Cara Delevingne - I Feel Everything (From \"Valerian and the City of a Thousand Planets\")","url":"http://www.youtube.com/watch?v=qmV5MW_XAtg","image":"https://coub-anubis-a.akamaized.net/coub_storage/media_block/cw_image/0e2217b92bc/173ffd53633c76c306a1d/1501177588_1501177558_f474hl_att-url-download.jpg","image_retina":"https://coub-anubis-a.akamaized.net/coub_storage/media_block/cw_image/0e2217b92bc/173ffd53633c76c306a1d/1501177588_1501177558_f474hl_att-url-download.jpg","meta":{"service":"Youtube","duration":"191.88"},"duration":191.88,"raw_video_id":10008830,"has_embed":true}},"raw_video_thumbnail_url":"/missing/missing.png","raw_video_title":"Cara Delevingne - I Feel Everything (From \"Valerian and the City of a Thousand Planets\")","video_block_banned":false,"duration":9.28,"promo_winner":false,"promo_winner_recoubers":null,"editorial_info":{},"promo_hint":null,"beeline_best_2014":null,"from_web_editor":true,"normalize_sound":false,"normalize_change_allowed":true,"best2015_addable":false,"ahmad_promo":null,"promo_data":null,"audio_copyright_claim":null,"ads_disabled":false,"is_safe_for_ads":true,"megafon_contents":[],"position_on_page":2},{"flag":null,"abuses":null,"recoubs_by_users_channels":null,"favourite":false,"promoted_id":null,"recoub":null,"like":null,"dislike":null,"reaction":null,"in_my_best2015":false,"id":10312892,"type":"Coub::Simple","permalink":"5ow4v","title":"I could f*ck you all the time ( http://vk.com/music_coub) ","visibility_type":"public","original_visibility_type":"public","channel_id":124265,"created_at":"2015-03-30T19:31:08Z","updated_at":"2022-03-02T11:20:14Z","is_done":true,"views_count":38081,"cotd":null,"cotd_at":null,"visible_on_explore_root":false,"visible_on_explore":false,"featured":false,"published":true,"published_at":"2015-03-30T19:31:08Z","reversed":false,"from_editor_v2":true,"is_editable":true,"original_sound":false,"has_sound":false,"recoub_to":null,"file_versions":{"html5":{"video":{"higher":{"url":"https://coub-anubis-a.akamaized.net/coub_storage/coub/simple/cw_file/e6b40f766a1/6a57b5aaf4c576c3153dc/muted_mp4_huge_size_1567761552_muted_huge.mp4","size":2932337},"high":{"url":"https://coub-anubis-a.akamaized.net/coub_storage/coub/simple/cw_file/e6b40f766a1/6a57b5aaf4c576c3153dc/muted_mp4_big_size_1567761552_muted_big.mp4","size":2179780},"med":{"url":"https://coub-anubis-a.akamaized.net/coub_storage/coub/simple/cw_file/e6b40f766a1/6a57b5aaf4c576c3153dc/muted_mp4_med_size_1567761552_muted_med.mp4","size":686735}},"audio":{"high":{"url":"https://coub-anubis-a.akamaized.net/coub_storage/coub/simple/cw_looped_audio_high/d42b8e91d76/393ee91a0f6be283a9dea/1605448694_high_1446000582_high.mp3","size":5187917},"med":{"url":"https://coub-anubis-a.akamaized.net/coub_storage/coub/simple/cw_looped_audio_med/c3e1b41f8fe/5a4092172fc17bb0a88d8/1605448693_med_1446000582_med.mp3","size":3458611}}},"mobile":{"video":"https://coub-anubis-a.akamaized.net/coub_storage/coub/simple/cw_file/e6b40f766a1/6a57b5aaf4c576c3153dc/muted_mp4_med_size_1567761552_muted_med.mp4","audio":["https://coub-anubis-a.akamaized.net/coub_storage/coub/simple/cw_looped_audio_med/c3e1b41f8fe/5a4092172fc17bb0a88d8/1605448693_med_1446000582_med.mp3"]},"share":{"default":null}},"audio_versions":{"template":"https://coub-anubis-a.akamaized.net/coub_storage/audio_track/cw_normalized_copy/45d333e04d7/0a8f59bdd1864022e224f/mid_1480786202_fqq2t1_normalized_1471237653_audio.mp3","versions":["mid","low"]},"image_versions":{"template":"https://coub-anubis-a.akamaized.net/coub_storage/coub/simple/cw_image/8913f41cc06/d9d42c44fd361fcfaeb65/1427743940_00028.jpg","versions":["micro","tiny","age_restricted","ios_large","ios_mosaic","big","med","small","pinterest"]},"first_frame_versions":{"template":"https://coub-anubis-a.akamaized.net/coub_storage/coub/simple/cw_timeline_pic/8913f41cc06/d9d42c44fd361fcfaeb65/%{version}_1427743939_image.jpg","versions":["big","med","small","ios_large"]},"dimensions":{"big":[1280,720],"med":[640,360]},"site_w_h":[640,360],"page_w_h":[640,360],"site_w_h_small":[310,174],"size":[1280,720],"age_restricted":false,"age_restricted_by_admin":false,"not_safe_for_work":false,"allow_reuse":false,"dont_crop":false,"banned":false,"global_safe":true,"audio_file_url":"https://coub-anubis-a.akamaized.net/coub_storage/audio_track/cw_normalized_copy/45d333e04d7/0a8f59bdd1864022e224f/low_1480786202_fqq2t1_normalized_1471237653_audio.mp3","external_download":false,"application":null,"channel":{"id":124265,"permalink":"dima-dozarov","title":"Dima Dozarov","description":"Я сейчас не делаю кубики, но в ближайшее время я снова буду удивлять , у меня есть telegram-@sosi_music, также instagram-@ddozarov","followers_count":2301,"following_count":2269,"avatar_versions":{"template":"https://coub-anubis-a.akamaized.net/coub_storage/channel/cw_avatar/a8636db92bd/33b35e8926a26d9f806fa/%{version}_1474487322_155dpxm_att-url-download.jpg","versions":["medium","medium_2x","profile_pic","profile_pic_new","profile_pic_new_2x","tiny","tiny_2x","small","small_2x","ios_large","ios_small"]}},"file":null,"picture":"https://coub-anubis-a.akamaized.net/coub_storage/coub/simple/cw_image/8913f41cc06/d9d42c44fd361fcfaeb65/1427743940_00028.jpg","timeline_picture":"https://coub-anubis-a.akamaized.net/coub_storage/coub/simple/cw_timeline_pic/8913f41cc06/d9d42c44fd361fcfaeb65/ios_large_1427743939_image.jpg","small_picture":"https://coub-anubis-a.akamaized.net/coub_storage/coub/simple/cw_image/8913f41cc06/d9d42c44fd361fcfaeb65/1427743940_00028.jpg","sharing_picture":null,"percent_done":100,"tags":[{"id":947018,"title":"http://vk.com/music_coub","value":"http://vk.com/music_coub"}],"categories":[{"id":16,"title":"Fashion & Beauty","permalink":"fashion","subscriptions_count":10059485,"big_image_url":"https://coub-anubis-a.akamaized.net/coub_storage/category/cw_image/503df3602c0/3bb25ae4face4a7c9a6f8/big_1544654169_Fashion.png","small_image_url":"https://coub-anubis-a.akamaized.net/coub_storage/category/cw_image/503df3602c0/3bb25ae4face4a7c9a6f8/small_1544654169_Fashion.png","med_image_url":"https://coub-anubis-a.akamaized.net/coub_storage/category/cw_image/503df3602c0/3bb25ae4face4a7c9a6f8/med_1544654169_Fashion.png","visible":true}],"communities":[{"id":16,"title":"Fashion & Beauty","permalink":"fashion","subscriptions_count":10059485,"big_image_url":"https://coub-anubis-a.akamaized.net/coub_storage/category/cw_image/503df3602c0/3bb25ae4face4a7c9a6f8/big_1544654169_Fashion.png","small_image_url":"https://coub-anubis-a.akamaized.net/coub_storage/category/cw_image/503df3602c0/3bb25ae4face4a7c9a6f8/small_1544654169_Fashion.png","med_image_url":"https://coub-anubis-a.akamaized.net/coub_storage/category/cw_image/503df3602c0/3bb25ae4face4a7c9a6f8/med_1544654169_Fashion.png","i_subscribed":true,"community_notifications_enabled":null,"description":null}],"recoubs_count":219,"remixes_count":2,"likes_count":834,"dislikes_count":0,"raw_video_id":1239389,"uploaded_by_ios_app":false,"uploaded_by_android_app":false,"media_blocks":{"uploaded_raw_videos":[],"external_raw_videos":[],"remixed_from_coubs":[],"audio_track":{"id":19556582,"title":"Black Swan (Prod. DJ Shlohmo)","url":null,"image":null,"image_retina":null,"meta":{"year":null,"album":"MTSYD: The Revenge Of The African Booty Scratcher","title":"Black Swan (Prod. DJ Shlohmo)","artist":"Well$","echonest_id":null},"duration":null,"amazon_url":null,"google_play_url":null,"bandcamp_url":null,"soundcloud_url":null,"track_name":null,"track_artist":null,"track_album":null,"itunes_url":null}},"raw_video_thumbnail_url":"/missing/missing.png","raw_video_title":"Без_названия.MP4","video_block_banned":false,"duration":8.72,"promo_winner":false,"promo_winner_recoubers":null,"editorial_info":{},"promo_hint":null,"beeline_best_2014":null,"from_web_editor":true,"normalize_sound":true,"normalize_change_allowed":true,"best2015_addable":false,"ahmad_promo":null,"promo_data":null,"audio_copyright_claim":null,"ads_disabled":null,"is_safe_for_ads":true,"megafon_contents":[],"position_on_page":3},{"flag":null,"abuses":null,"recoubs_by_users_channels":null,"favourite":false,"promoted_id":null,"recoub":null,"like":null,"dislike":null,"reaction":null,"in_my_best2015":false,"id":173577285,"type":"Coub::Simple","permalink":"2uzvzc","title":"💟👀👀👀💟","visibility_type":"public","original_visibility_type":"public","channel_id":9646237,"created_at":"2021-08-09T19:31:41Z","updated_at":"2022-03-15T21:06:53Z","is_done":true,"views_count":63660,"cotd":null,"cotd_at":null,"visible_on_explore_root":false,"visible_on_explore":false,"featured":false,"published":true,"published_at":"2021-08-09T19:31:41Z","reversed":false,"from_editor_v2":true,"is_editable":true,"original_sound":false,"has_sound":false,"recoub_to":null,"file_versions":{"html5":{"video":{"higher":{"url":"https://coub-anubis-a.akamaized.net/coub_storage/coub/simple/cw_file/beb1770220d/a5bb8a3a37f9790cfc2e5/muted_mp4_huge_size_1628537505_muted_huge.mp4","size":1646038},"high":{"url":"https://coub-anubis-a.akamaized.net/coub_storage/coub/simple/cw_file/beb1770220d/a5bb8a3a37f9790cfc2e5/muted_mp4_big_size_1628537505_muted_big.mp4","size":1055907},"med":{"url":"https://coub-anubis-a.akamaized.net/coub_storage/coub/simple/cw_file/beb1770220d/a5bb8a3a37f9790cfc2e5/muted_mp4_med_size_1628537505_muted_med.mp4","size":367685}},"audio":{"high":{"url":"https://coub-anubis-a.akamaized.net/coub_storage/coub/simple/cw_looped_audio_high/06a6e5f51f3/876c4f379f32997707d6f/1628537525_mp3-high.mp3","size":3070091},"med":{"url":"https://coub-anubis-a.akamaized.net/coub_storage/coub/simple/cw_looped_audio_med/3831d9403b1/552d9264a33ef141cc3b5/1628537523_mp3-med.mp3","size":2230135}}},"mobile":{"video":"https://coub-anubis-a.akamaized.net/coub_storage/coub/simple/cw_file/beb1770220d/a5bb8a3a37f9790cfc2e5/muted_mp4_med_size_1628537505_muted_med.mp4","audio":["https://coub-anubis-a.akamaized.net/coub_storage/coub/simple/cw_looped_audio_med/3831d9403b1/552d9264a33ef141cc3b5/1628537523_mp3-med.mp3"]},"share":{"default":"https://coub-anubis-a.akamaized.net/coub_storage/coub/simple/cw_video_for_sharing/7fee4cf4432/51b65352b65942c745c7b/1628537545_looped_1628537545.mp4"}},"audio_versions":{"template":"https://coub-anubis-a.akamaized.net/coub_storage/audio_track/cw_file/59ac8334537/40caab0f833f847a11e62/mid_1628537508_c8boi9_edited.mp3","versions":["mid","low"]},"image_versions":{"template":"https://coub-anubis-a.akamaized.net/coub_storage/coub/simple/cw_image/7fedfccceae/d4f2a51f70b7c2f898a4e/%{version}_1628537529_00023.jpg","versions":["micro","tiny","age_restricted","ios_large","ios_mosaic","big","med","small","pinterest"]},"first_frame_versions":{"template":"https://coub-anubis-a.akamaized.net/coub_storage/coub/simple/cw_timeline_pic/669b1b427d1/f08ad174e0119072bd026/%{version}_1628537529_image.jpg","versions":["big","med","small","ios_large"]},"dimensions":{"big":[538,960],"med":[268,480]},"site_w_h":[224,400],"page_w_h":[400,714],"site_w_h_small":[310,553],"size":[538,960],"age_restricted":false,"age_restricted_by_admin":false,"not_safe_for_work":false,"allow_reuse":false,"dont_crop":true,"banned":false,"global_safe":null,"audio_file_url":"https://coub-anubis-a.akamaized.net/coub_storage/audio_track/cw_file/59ac8334537/40caab0f833f847a11e62/low_1628537508_c8boi9_edited.mp3","external_download":false,"application":null,"channel":{"id":9646237,"permalink":"m-u-z-y-k-a-n-t","title":"M͓̽u͓̽z͓̽y͓̽k͓̽a͓̽n͓̽t͓̽","description":null,"followers_count":1094,"following_count":3,"avatar_versions":{"template":"https://coub-anubis-a.akamaized.net/coub_storage/channel/cw_avatar/76f0ca46247/c0338220fd8440ca892a0/%{version}_1608098530_h5tb9f_1591554875_1nr61yi_109376059247901703677.jpg","versions":["medium","medium_2x","profile_pic","profile_pic_new","profile_pic_new_2x","tiny","tiny_2x","small","small_2x","ios_large","ios_small"]}},"file":null,"picture":"https://coub-anubis-a.akamaized.net/coub_storage/coub/simple/cw_image/7fedfccceae/d4f2a51f70b7c2f898a4e/med_1628537529_00023.jpg","timeline_picture":"https://coub-anubis-a.akamaized.net/coub_storage/coub/simple/cw_timeline_pic/669b1b427d1/f08ad174e0119072bd026/ios_large_1628537529_image.jpg","small_picture":"https://coub-anubis-a.akamaized.net/coub_storage/coub/simple/cw_image/7fedfccceae/d4f2a51f70b7c2f898a4e/ios_mosaic_1628537529_00023.jpg","sharing_picture":null,"percent_done":100,"tags":[],"categories":[{"id":16,"title":"Fashion & Beauty","permalink":"fashion","subscriptions_count":10059485,"big_image_url":"https://coub-anubis-a.akamaized.net/coub_storage/category/cw_image/503df3602c0/3bb25ae4face4a7c9a6f8/big_1544654169_Fashion.png","small_image_url":"https://coub-anubis-a.akamaized.net/coub_storage/category/cw_image/503df3602c0/3bb25ae4face4a7c9a6f8/small_1544654169_Fashion.png","med_image_url":"https://coub-anubis-a.akamaized.net/coub_storage/category/cw_image/503df3602c0/3bb25ae4face4a7c9a6f8/med_1544654169_Fashion.png","visible":true}],"communities":[{"id":16,"title":"Fashion & Beauty","permalink":"fashion","subscriptions_count":10059485,"big_image_url":"https://coub-anubis-a.akamaized.net/coub_storage/category/cw_image/503df3602c0/3bb25ae4face4a7c9a6f8/big_1544654169_Fashion.png","small_image_url":"https://coub-anubis-a.akamaized.net/coub_storage/category/cw_image/503df3602c0/3bb25ae4face4a7c9a6f8/small_1544654169_Fashion.png","med_image_url":"https://coub-anubis-a.akamaized.net/coub_storage/category/cw_image/503df3602c0/3bb25ae4face4a7c9a6f8/med_1544654169_Fashion.png","i_subscribed":true,"community_notifications_enabled":null,"description":null}],"recoubs_count":168,"remixes_count":0,"likes_count":833,"dislikes_count":0,"raw_video_id":"","uploaded_by_ios_app":false,"uploaded_by_android_app":true,"media_blocks":{"uploaded_raw_videos":[],"external_raw_videos":[],"remixed_from_coubs":[{"id":37874851,"title":"These eyes... O.O","url":"https://coub.com/coubs/2nopj6/remix","image":"https://coub-anubis-a.akamaized.net/coub_storage/media_block/cw_image/7b20a287d60/7a4c7f4efbbb8f15a4c73/video_1610034728_ugxcgl_1610034703_00045.jpg","image_retina":"https://coub-anubis-a.akamaized.net/coub_storage/media_block/cw_image/7b20a287d60/7a4c7f4efbbb8f15a4c73/video_retina_1610034728_ugxcgl_1610034703_00045.jpg","meta":{"duration":"14.08"},"duration":null,"coub_channel_title":"twwwwwweeet","coub_channel_permalink":"twwwwwweeet","coub_views_count":129392,"coub_permalink":"2nopj6"}]},"raw_video_thumbnail_url":"","raw_video_title":"","video_block_banned":false,"duration":7.04,"promo_winner":false,"promo_winner_recoubers":null,"editorial_info":{},"promo_hint":null,"beeline_best_2014":null,"from_web_editor":false,"normalize_sound":true,"normalize_change_allowed":true,"best2015_addable":false,"ahmad_promo":null,"promo_data":null,"audio_copyright_claim":null,"ads_disabled":false,"is_safe_for_ads":true,"megafon_contents":[],"position_on_page":4},{"flag":null,"abuses":null,"recoubs_by_users_channels":null,"favourite":false,"promoted_id":null,"recoub":null,"like":null,"dislike":null,"reaction":null,"in_my_best2015":false,"id":166587280,"type":"Coub::Simple","permalink":"2qu2f0","title":" ","visibility_type":"public","original_visibility_type":"public","channel_id":4272539,"created_at":"2021-04-06T12:28:44Z","updated_at":"2022-03-15T17:03:47Z","is_done":true,"views_count":85613,"cotd":null,"cotd_at":null,"visible_on_explore_root":false,"visible_on_explore":false,"featured":false,"published":true,"published_at":"2021-04-06T12:28:44Z","reversed":false,"from_editor_v2":true,"is_editable":true,"original_sound":false,"has_sound":false,"recoub_to":null,"file_versions":{"html5":{"video":{"higher":{"url":"https://coub-anubis-a.akamaized.net/coub_storage/coub/simple/cw_file/accb0d92063/52aa4b6f094ad1ef7d1ad/muted_mp4_huge_size_1617712128_muted_huge.mp4","size":1249210},"high":{"url":"https://coub-anubis-a.akamaized.net/coub_storage/coub/simple/cw_file/accb0d92063/52aa4b6f094ad1ef7d1ad/muted_mp4_big_size_1617712128_muted_big.mp4","size":775031},"med":{"url":"https://coub-anubis-a.akamaized.net/coub_storage/coub/simple/cw_file/accb0d92063/52aa4b6f094ad1ef7d1ad/muted_mp4_med_size_1617712128_muted_med.mp4","size":271398}},"audio":{"high":{"url":"https://coub-anubis-a.akamaized.net/coub_storage/coub/simple/cw_looped_audio_high/1674fa35d8a/4cc9fe2fc5ccb60b38792/1617712147_mp3-high.mp3","size":2860759},"med":{"url":"https://coub-anubis-a.akamaized.net/coub_storage/coub/simple/cw_looped_audio_med/4f45e73eca9/422d94de262115644d458/1617712145_mp3-med.mp3","size":2091672}}},"mobile":{"video":"https://coub-anubis-a.akamaized.net/coub_storage/coub/simple/cw_file/accb0d92063/52aa4b6f094ad1ef7d1ad/muted_mp4_med_size_1617712128_muted_med.mp4","audio":["https://coub-anubis-a.akamaized.net/coub_storage/coub/simple/cw_looped_audio_med/4f45e73eca9/422d94de262115644d458/1617712145_mp3-med.mp3"]},"share":{"default":"https://coub-anubis-a.akamaized.net/coub_storage/coub/simple/cw_video_for_sharing/5ee0cdd8f5b/3286fe1e51a916043a889/1617712168_looped_1617712168.mp4"}},"audio_versions":{"template":"https://coub-anubis-a.akamaized.net/coub_storage/audio_track/cw_file/09cdb45b2cb/3a5027faa185ece06fe64/mid_1617712130_xfk9f9_edited.mp3","versions":["mid","low"]},"image_versions":{"template":"https://coub-anubis-a.akamaized.net/coub_storage/coub/simple/cw_image/50cfcbbb4f4/04f76036141d7c3bbdfa4/%{version}_1617712150_00023.jpg","versions":["micro","tiny","age_restricted","ios_large","ios_mosaic","big","med","small","pinterest"]},"first_frame_versions":{"template":"https://coub-anubis-a.akamaized.net/coub_storage/coub/simple/cw_timeline_pic/0059de95b74/04b303a250f6856f3dfa1/%{version}_1617712150_image.jpg","versions":["big","med","small","ios_large"]},"dimensions":{"big":[538,960],"med":[268,480]},"site_w_h":[224,400],"page_w_h":[400,714],"site_w_h_small":[310,553],"size":[538,960],"age_restricted":false,"age_restricted_by_admin":false,"not_safe_for_work":false,"allow_reuse":false,"dont_crop":true,"banned":false,"global_safe":null,"audio_file_url":"https://coub-anubis-a.akamaized.net/coub_storage/audio_track/cw_file/09cdb45b2cb/3a5027faa185ece06fe64/low_1617712130_xfk9f9_edited.mp3","external_download":false,"application":null,"channel":{"id":4272539,"permalink":"satusanull","title":"Satusa","description":null,"followers_count":2592,"following_count":14,"avatar_versions":{"template":"https://coub-anubis-a.akamaized.net/coub_storage/channel/cw_avatar/1fe06d556a5/f6994ff41a131890ff311/%{version}_1631518330_cropped.jpeg","versions":["medium","medium_2x","profile_pic","profile_pic_new","profile_pic_new_2x","tiny","tiny_2x","small","small_2x","ios_large","ios_small"]}},"file":null,"picture":"https://coub-anubis-a.akamaized.net/coub_storage/coub/simple/cw_image/50cfcbbb4f4/04f76036141d7c3bbdfa4/med_1617712150_00023.jpg","timeline_picture":"https://coub-anubis-a.akamaized.net/coub_storage/coub/simple/cw_timeline_pic/0059de95b74/04b303a250f6856f3dfa1/ios_large_1617712150_image.jpg","small_picture":"https://coub-anubis-a.akamaized.net/coub_storage/coub/simple/cw_image/50cfcbbb4f4/04f76036141d7c3bbdfa4/ios_mosaic_1617712150_00023.jpg","sharing_picture":null,"percent_done":100,"tags":[{"id":6208122,"title":"muzty","value":"muzty"},{"id":41973,"title":"hanji","value":"hanji"}],"categories":[{"id":16,"title":"Fashion & Beauty","permalink":"fashion","subscriptions_count":10059485,"big_image_url":"https://coub-anubis-a.akamaized.net/coub_storage/category/cw_image/503df3602c0/3bb25ae4face4a7c9a6f8/big_1544654169_Fashion.png","small_image_url":"https://coub-anubis-a.akamaized.net/coub_storage/category/cw_image/503df3602c0/3bb25ae4face4a7c9a6f8/small_1544654169_Fashion.png","med_image_url":"https://coub-anubis-a.akamaized.net/coub_storage/category/cw_image/503df3602c0/3bb25ae4face4a7c9a6f8/med_1544654169_Fashion.png","visible":true}],"communities":[{"id":16,"title":"Fashion & Beauty","permalink":"fashion","subscriptions_count":10059485,"big_image_url":"https://coub-anubis-a.akamaized.net/coub_storage/category/cw_image/503df3602c0/3bb25ae4face4a7c9a6f8/big_1544654169_Fashion.png","small_image_url":"https://coub-anubis-a.akamaized.net/coub_storage/category/cw_image/503df3602c0/3bb25ae4face4a7c9a6f8/small_1544654169_Fashion.png","med_image_url":"https://coub-anubis-a.akamaized.net/coub_storage/category/cw_image/503df3602c0/3bb25ae4face4a7c9a6f8/med_1544654169_Fashion.png","i_subscribed":true,"community_notifications_enabled":null,"description":null}],"recoubs_count":97,"remixes_count":0,"likes_count":833,"dislikes_count":0,"raw_video_id":16328584,"uploaded_by_ios_app":false,"uploaded_by_android_app":true,"media_blocks":{"uploaded_raw_videos":[],"external_raw_videos":[],"remixed_from_coubs":[]},"raw_video_thumbnail_url":"/missing/missing.png","raw_video_title":null,"video_block_banned":false,"duration":7.04,"promo_winner":false,"promo_winner_recoubers":null,"editorial_info":{},"promo_hint":null,"beeline_best_2014":null,"from_web_editor":false,"normalize_sound":true,"normalize_change_allowed":true,"best2015_addable":false,"ahmad_promo":null,"promo_data":null,"audio_copyright_claim":null,"ads_disabled":false,"is_safe_for_ads":true,"megafon_contents":[],"position_on_page":5},{"flag":null,"abuses":null,"recoubs_by_users_channels":null,"favourite":false,"promoted_id":null,"recoub":null,"like":null,"dislike":null,"reaction":null,"in_my_best2015":false,"id":22727818,"type":"Coub::Simple","permalink":"d2zn6","title":"La nostalgie","visibility_type":"public","original_visibility_type":"public","channel_id":1584857,"created_at":"2016-06-20T07:25:41Z","updated_at":"2022-03-04T15:24:12Z","is_done":true,"views_count":79540,"cotd":null,"cotd_at":null,"visible_on_explore_root":true,"visible_on_explore":true,"featured":true,"published":true,"published_at":"2016-06-20T07:25:41Z","reversed":false,"from_editor_v2":true,"is_editable":true,"original_sound":false,"has_sound":false,"recoub_to":null,"file_versions":{"html5":{"video":{"higher":{"url":"https://coub-anubis-a.akamaized.net/coub_storage/coub/simple/cw_file/267ddfcb28d/e69623e4d0c6a4ac308a6/muted_mp4_huge_size_1567897855_muted_huge.mp4","size":3949494},"high":{"url":"https://coub-anubis-a.akamaized.net/coub_storage/coub/simple/cw_file/267ddfcb28d/e69623e4d0c6a4ac308a6/muted_mp4_big_size_1567897855_muted_big.mp4","size":2723997},"med":{"url":"https://coub-anubis-a.akamaized.net/coub_storage/coub/simple/cw_file/267ddfcb28d/e69623e4d0c6a4ac308a6/muted_mp4_med_size_1567897855_muted_med.mp4","size":774268}},"audio":{"high":{"url":"https://coub-anubis-a.akamaized.net/coub_storage/coub/simple/cw_looped_audio_high/19359a716cf/b7b9d76971444749311c8/1605498637_high_1466407634_high.mp3","size":5649971},"med":{"url":"https://coub-anubis-a.akamaized.net/coub_storage/coub/simple/cw_looped_audio_med/4ed25f2ac85/e7463e5c884226aa2ce60/1605498636_med_1466407634_med.mp3","size":3766647}}},"mobile":{"video":"https://coub-anubis-a.akamaized.net/coub_storage/coub/simple/cw_file/267ddfcb28d/e69623e4d0c6a4ac308a6/muted_mp4_med_size_1567897855_muted_med.mp4","audio":["https://coub-anubis-a.akamaized.net/coub_storage/coub/simple/cw_looped_audio_med/4ed25f2ac85/e7463e5c884226aa2ce60/1605498636_med_1466407634_med.mp3"]},"share":{"default":"https://coub-anubis-a.akamaized.net/coub_storage/coub/simple/cw_video_for_sharing/792a7378610/91626111c975670cdf9f3/1608329408_looped_1608329407.mp4"}},"audio_versions":{"template":"https://coub-anubis-a.akamaized.net/coub_storage/audio_track/cw_normalized_copy/7977406de34/93f999a0f7142dd4a3846/mid_1466407585_1gmvqci_normalized_1466407088_audio.mp3","versions":["mid","low"]},"image_versions":{"template":"https://coub-anubis-a.akamaized.net/coub_storage/coub/simple/cw_image/5391a0c82fc/c8d68d498795191b42c7e/1466407703_00032.jpg","versions":["micro","tiny","age_restricted","ios_large","ios_mosaic","big","med","small","pinterest"]},"first_frame_versions":{"template":"https://coub-anubis-a.akamaized.net/coub_storage/coub/simple/cw_timeline_pic/db59e582958/05ff6f39ee066729807f4/%{version}_1466407702_image.jpg","versions":["big","med","small","ios_large"]},"dimensions":{"big":[1280,960],"med":[640,480]},"site_w_h":[640,480],"page_w_h":[640,480],"site_w_h_small":[310,233],"size":[1280,960],"age_restricted":false,"age_restricted_by_admin":false,"not_safe_for_work":false,"allow_reuse":false,"dont_crop":false,"banned":false,"global_safe":true,"audio_file_url":"https://coub-anubis-a.akamaized.net/coub_storage/audio_track/cw_normalized_copy/7977406de34/93f999a0f7142dd4a3846/low_1466407585_1gmvqci_normalized_1466407088_audio.mp3","external_download":false,"application":null,"channel":{"id":1584857,"permalink":"chicago-tv","title":"Chicago TV","description":"Vive la Résistance!","followers_count":9360,"following_count":4957,"avatar_versions":{"template":"https://coub-anubis-a.akamaized.net/coub_storage/channel/cw_avatar/68f93df83ff/8fe0e475ecb0dc7951674/%{version}_1607423974_tjgaiu_1502733614_dr-evil_800.jpg","versions":["medium","medium_2x","profile_pic","profile_pic_new","profile_pic_new_2x","tiny","tiny_2x","small","small_2x","ios_large","ios_small"]}},"file":null,"picture":"https://coub-anubis-a.akamaized.net/coub_storage/coub/simple/cw_image/5391a0c82fc/c8d68d498795191b42c7e/1466407703_00032.jpg","timeline_picture":"https://coub-anubis-a.akamaized.net/coub_storage/coub/simple/cw_timeline_pic/db59e582958/05ff6f39ee066729807f4/ios_large_1466407702_image.jpg","small_picture":"https://coub-anubis-a.akamaized.net/coub_storage/coub/simple/cw_image/5391a0c82fc/c8d68d498795191b42c7e/1466407703_00032.jpg","sharing_picture":null,"percent_done":100,"tags":[{"id":683999,"title":"girl girls beautiful sexy","value":"girl%20girls%20beautiful%20sexy"},{"id":845981,"title":"music amazing like","value":"music%20amazing%20like"},{"id":4183,"title":"community","value":"community"},{"id":48825,"title":"gillian jacobs","value":"gillian%20jacobs"},{"id":48824,"title":"alison brie","value":"alison%20brie"},{"id":53992,"title":"beyoncé","value":"beyonc%C3%A9"},{"id":53991,"title":"du titre de","value":"du%20titre%20de"}],"categories":[{"id":16,"title":"Fashion & Beauty","permalink":"fashion","subscriptions_count":10059485,"big_image_url":"https://coub-anubis-a.akamaized.net/coub_storage/category/cw_image/503df3602c0/3bb25ae4face4a7c9a6f8/big_1544654169_Fashion.png","small_image_url":"https://coub-anubis-a.akamaized.net/coub_storage/category/cw_image/503df3602c0/3bb25ae4face4a7c9a6f8/small_1544654169_Fashion.png","med_image_url":"https://coub-anubis-a.akamaized.net/coub_storage/category/cw_image/503df3602c0/3bb25ae4face4a7c9a6f8/med_1544654169_Fashion.png","visible":true}],"communities":[{"id":16,"title":"Fashion & Beauty","permalink":"fashion","subscriptions_count":10059485,"big_image_url":"https://coub-anubis-a.akamaized.net/coub_storage/category/cw_image/503df3602c0/3bb25ae4face4a7c9a6f8/big_1544654169_Fashion.png","small_image_url":"https://coub-anubis-a.akamaized.net/coub_storage/category/cw_image/503df3602c0/3bb25ae4face4a7c9a6f8/small_1544654169_Fashion.png","med_image_url":"https://coub-anubis-a.akamaized.net/coub_storage/category/cw_image/503df3602c0/3bb25ae4face4a7c9a6f8/med_1544654169_Fashion.png","i_subscribed":true,"community_notifications_enabled":null,"description":null}],"recoubs_count":141,"remixes_count":0,"likes_count":833,"dislikes_count":0,"raw_video_id":"","uploaded_by_ios_app":false,"uploaded_by_android_app":false,"media_blocks":{"uploaded_raw_videos":[],"external_raw_videos":[],"remixed_from_coubs":[{"id":19656262,"title":"La nostalgie","url":"http://coub.com/coubs/d2zn6/remix","image":"https://coub-anubis-a.akamaized.net/coub_storage/media_block/cw_image/6be520f4d8d/940af187ebc1c9eb08b8c/1492121304_1466407703_00032.jpg","image_retina":"https://coub-anubis-a.akamaized.net/coub_storage/media_block/cw_image/6be520f4d8d/940af187ebc1c9eb08b8c/1492121304_1466407703_00032.jpg","meta":{"duration":"10.04"},"duration":null,"coub_channel_title":"Chicago TV","coub_channel_permalink":"chicago-tv","coub_views_count":79540,"coub_permalink":"d2zn6"}]},"raw_video_thumbnail_url":"","raw_video_title":"","video_block_banned":false,"duration":10.04,"promo_winner":false,"promo_winner_recoubers":null,"editorial_info":{},"promo_hint":null,"beeline_best_2014":null,"from_web_editor":true,"normalize_sound":true,"normalize_change_allowed":true,"best2015_addable":false,"ahmad_promo":null,"promo_data":null,"audio_copyright_claim":null,"ads_disabled":null,"is_safe_for_ads":true,"megafon_contents":[],"position_on_page":6},{"flag":null,"abuses":null,"recoubs_by_users_channels":null,"favourite":false,"promoted_id":null,"recoub":null,"like":null,"dislike":null,"reaction":null,"in_my_best2015":false,"id":173729555,"type":"Coub::Simple","permalink":"2v35h4","title":"Hannah Palmer @ Cancún Beach (song: Eli & Fur - You're so High)","visibility_type":"public","original_visibility_type":"public","channel_id":5063935,"created_at":"2021-08-12T17:41:25Z","updated_at":"2022-03-16T11:30:20Z","is_done":true,"views_count":103520,"cotd":null,"cotd_at":null,"visible_on_explore_root":false,"visible_on_explore":false,"featured":false,"published":true,"published_at":"2021-08-12T17:43:09Z","reversed":false,"from_editor_v2":true,"is_editable":true,"original_sound":false,"has_sound":false,"recoub_to":null,"file_versions":{"html5":{"video":{"higher":{"url":"https://coub-anubis-a.akamaized.net/coub_storage/coub/simple/cw_file/f2f0971b55e/365ffd6077f60b5930dac/muted_mp4_huge_size_1628790157_muted_huge.mp4","size":1899297},"high":{"url":"https://coub-anubis-a.akamaized.net/coub_storage/coub/simple/cw_file/f2f0971b55e/365ffd6077f60b5930dac/muted_mp4_big_size_1628790157_muted_big.mp4","size":1258610},"med":{"url":"https://coub-anubis-a.akamaized.net/coub_storage/coub/simple/cw_file/f2f0971b55e/365ffd6077f60b5930dac/muted_mp4_med_size_1628790157_muted_med.mp4","size":306086}},"audio":{"high":{"url":"https://coub-anubis-a.akamaized.net/coub_storage/coub/simple/cw_looped_audio_high/2d3ea50d959/fb8499ee90ef07c3fa0cd/1628790167_mp3-high.mp3","size":2630902},"med":{"url":"https://coub-anubis-a.akamaized.net/coub_storage/coub/simple/cw_looped_audio_med/5f6b787337a/eb805926f7eea2084d648/1628790166_mp3-med.mp3","size":1781945}}},"mobile":{"video":"https://coub-anubis-a.akamaized.net/coub_storage/coub/simple/cw_file/f2f0971b55e/365ffd6077f60b5930dac/muted_mp4_med_size_1628790157_muted_med.mp4","audio":["https://coub-anubis-a.akamaized.net/coub_storage/coub/simple/cw_looped_audio_med/5f6b787337a/eb805926f7eea2084d648/1628790166_mp3-med.mp3"]},"share":{"default":"https://coub-anubis-a.akamaized.net/coub_storage/coub/simple/cw_video_for_sharing/01ba9785969/0d479d12790afcf702f56/1628790201_looped_1628790199.mp4"}},"audio_versions":{"template":"https://coub-anubis-a.akamaized.net/coub_storage/audio_track/cw_file/08ea519791c/5efd67252df223636b31c/mid_1610033622_audio.mp3","versions":["mid","low"]},"image_versions":{"template":"https://coub-anubis-a.akamaized.net/coub_storage/coub/simple/cw_image/e6a54c67608/f76dc5074db9e231ec3e3/%{version}_1628790172_00032.jpg","versions":["micro","tiny","age_restricted","ios_large","ios_mosaic","big","med","small","pinterest"]},"first_frame_versions":{"template":"https://coub-anubis-a.akamaized.net/coub_storage/coub/simple/cw_timeline_pic/d70c3effc6f/7b91596e6995de0bc5489/%{version}_1628790171_image.jpg","versions":["big","med","small","ios_large"]},"dimensions":{"big":[1280,720],"med":[640,360]},"site_w_h":[640,360],"page_w_h":[640,360],"site_w_h_small":[310,174],"size":[1280,720],"age_restricted":false,"age_restricted_by_admin":false,"not_safe_for_work":false,"allow_reuse":false,"dont_crop":true,"banned":false,"global_safe":null,"audio_file_url":"https://coub-anubis-a.akamaized.net/coub_storage/audio_track/cw_file/08ea519791c/5efd67252df223636b31c/low_1610033622_audio.mp3","external_download":{"type":"Youtube","service_name":"YouTube","url":"https://www.youtube.com/watch?v=QuGD77JS6yk","has_embed":true},"application":null,"channel":{"id":5063935,"permalink":"hachi-franxx","title":"Hachi Franxx","description":"Like, follow and, most importantly, repost!","followers_count":4823,"following_count":40,"avatar_versions":{"template":"https://coub-anubis-a.akamaized.net/coub_storage/channel/cw_avatar/164d0f0a980/3f67e0b8d5814ca21713f/%{version}_1607421387_15qy57m_1547914543_filename.jpeg","versions":["medium","medium_2x","profile_pic","profile_pic_new","profile_pic_new_2x","tiny","tiny_2x","small","small_2x","ios_large","ios_small"]}},"file":null,"picture":"https://coub-anubis-a.akamaized.net/coub_storage/coub/simple/cw_image/e6a54c67608/f76dc5074db9e231ec3e3/med_1628790172_00032.jpg","timeline_picture":"https://coub-anubis-a.akamaized.net/coub_storage/coub/simple/cw_timeline_pic/d70c3effc6f/7b91596e6995de0bc5489/ios_large_1628790171_image.jpg","small_picture":"https://coub-anubis-a.akamaized.net/coub_storage/coub/simple/cw_image/e6a54c67608/f76dc5074db9e231ec3e3/ios_mosaic_1628790172_00032.jpg","sharing_picture":null,"percent_done":100,"tags":[{"id":4380005,"title":"hannah palmer","value":"hannah%20palmer"},{"id":5306674,"title":"hannah_cpalmer","value":"hannah_cpalmer"},{"id":1355566,"title":"blonde girls","value":"blonde%20girls"},{"id":675563,"title":"american girls","value":"american%20girls"},{"id":275752,"title":"cancun","value":"cancun"},{"id":22868,"title":"mexico","value":"mexico"},{"id":6443601,"title":"song: eli & fur - you're so high","value":"song:%20eli%20&%20fur%20-%20you're%20so%20high"}],"categories":[{"id":16,"title":"Fashion & Beauty","permalink":"fashion","subscriptions_count":10059485,"big_image_url":"https://coub-anubis-a.akamaized.net/coub_storage/category/cw_image/503df3602c0/3bb25ae4face4a7c9a6f8/big_1544654169_Fashion.png","small_image_url":"https://coub-anubis-a.akamaized.net/coub_storage/category/cw_image/503df3602c0/3bb25ae4face4a7c9a6f8/small_1544654169_Fashion.png","med_image_url":"https://coub-anubis-a.akamaized.net/coub_storage/category/cw_image/503df3602c0/3bb25ae4face4a7c9a6f8/med_1544654169_Fashion.png","visible":true}],"communities":[{"id":16,"title":"Fashion & Beauty","permalink":"fashion","subscriptions_count":10059485,"big_image_url":"https://coub-anubis-a.akamaized.net/coub_storage/category/cw_image/503df3602c0/3bb25ae4face4a7c9a6f8/big_1544654169_Fashion.png","small_image_url":"https://coub-anubis-a.akamaized.net/coub_storage/category/cw_image/503df3602c0/3bb25ae4face4a7c9a6f8/small_1544654169_Fashion.png","med_image_url":"https://coub-anubis-a.akamaized.net/coub_storage/category/cw_image/503df3602c0/3bb25ae4face4a7c9a6f8/med_1544654169_Fashion.png","i_subscribed":true,"community_notifications_enabled":null,"description":null}],"recoubs_count":171,"remixes_count":0,"likes_count":832,"dislikes_count":0,"raw_video_id":16684444,"uploaded_by_ios_app":false,"uploaded_by_android_app":false,"media_blocks":{"uploaded_raw_videos":[],"external_raw_videos":[{"id":39461870,"title":"Hannah Palmer Rolls Around In The Cancún Beach Sand | Pink Swimsuit Edition","url":"https://www.youtube.com/watch?v=QuGD77JS6yk","image":"https://coub-anubis-a.akamaized.net/coub_storage/media_block/cw_image/c6ff3c8b50e/82e7c93b1511f1608c606/video_1628788486_1dsbyjq_1628788466_1628788465_1nix928_att-url-download.webp","image_retina":"https://coub-anubis-a.akamaized.net/coub_storage/media_block/cw_image/c6ff3c8b50e/82e7c93b1511f1608c606/video_retina_1628788486_1dsbyjq_1628788466_1628788465_1nix928_att-url-download.webp","meta":{"service":"Youtube","duration":"52.741"},"duration":52.741,"raw_video_id":16684444,"has_embed":true}],"remixed_from_coubs":[],"external_video":{"id":39461870,"title":"Hannah Palmer Rolls Around In The Cancún Beach Sand | Pink Swimsuit Edition","url":"https://www.youtube.com/watch?v=QuGD77JS6yk","image":"https://coub-anubis-a.akamaized.net/coub_storage/media_block/cw_image/c6ff3c8b50e/82e7c93b1511f1608c606/video_1628788486_1dsbyjq_1628788466_1628788465_1nix928_att-url-download.webp","image_retina":"https://coub-anubis-a.akamaized.net/coub_storage/media_block/cw_image/c6ff3c8b50e/82e7c93b1511f1608c606/video_retina_1628788486_1dsbyjq_1628788466_1628788465_1nix928_att-url-download.webp","meta":{"service":"Youtube","duration":"52.741"},"duration":52.741,"raw_video_id":16684444,"has_embed":true}},"raw_video_thumbnail_url":"https://coub-anubis-a.akamaized.net/coub_storage/raw_video/cw_image/ee8fe6e6145/cd3cd2731e207b31321ab/coub_media_1628788466_1628788465_1nix928_att-url-download.webp","raw_video_title":"Hannah Palmer Rolls Around In The Cancún Beach Sand | Pink Swimsuit Edition","video_block_banned":false,"duration":9.96,"promo_winner":false,"promo_winner_recoubers":null,"editorial_info":{},"promo_hint":null,"beeline_best_2014":null,"from_web_editor":true,"normalize_sound":false,"normalize_change_allowed":true,"best2015_addable":false,"ahmad_promo":null,"promo_data":null,"audio_copyright_claim":null,"ads_disabled":false,"is_safe_for_ads":true,"megafon_contents":[],"position_on_page":7},{"flag":null,"abuses":null,"recoubs_by_users_channels":null,"favourite":false,"promoted_id":null,"recoub":null,"like":null,"dislike":null,"reaction":null,"in_my_best2015":false,"id":171615416,"type":"Coub::Simple","permalink":"2ttu6r","title":" ","visibility_type":"public","original_visibility_type":"public","channel_id":4272539,"created_at":"2021-07-04T14:37:05Z","updated_at":"2022-03-15T21:34:22Z","is_done":true,"views_count":71959,"cotd":null,"cotd_at":null,"visible_on_explore_root":false,"visible_on_explore":false,"featured":false,"published":true,"published_at":"2021-07-04T14:37:05Z","reversed":false,"from_editor_v2":true,"is_editable":true,"original_sound":true,"has_sound":true,"recoub_to":null,"file_versions":{"html5":{"video":{"higher":{"url":"https://coub-anubis-a.akamaized.net/coub_storage/coub/simple/cw_file/43261aa9da7/e7403c1c15f7299509eb9/muted_mp4_huge_size_1625409430_muted_huge.mp4","size":1274701},"high":{"url":"https://coub-anubis-a.akamaized.net/coub_storage/coub/simple/cw_file/43261aa9da7/e7403c1c15f7299509eb9/muted_mp4_big_size_1625409430_muted_big.mp4","size":775414},"med":{"url":"https://coub-anubis-a.akamaized.net/coub_storage/coub/simple/cw_file/43261aa9da7/e7403c1c15f7299509eb9/muted_mp4_med_size_1625409430_muted_med.mp4","size":243108}},"audio":{"high":{"url":"https://coub-anubis-a.akamaized.net/coub_storage/coub/simple/cw_looped_audio_high/2e007298523/87ff23f306398f570b0ef/1625409432_mp3-high.mp3","size":1118665},"med":{"url":"https://coub-anubis-a.akamaized.net/coub_storage/coub/simple/cw_looped_audio_med/71204b2c14b/37616e8630720c43658ac/1625409431_mp3-med.mp3","size":876221},"sample_duration":9.149}},"mobile":{"video":"https://coub-anubis-a.akamaized.net/coub_storage/coub/simple/cw_file/43261aa9da7/e7403c1c15f7299509eb9/muted_mp4_med_size_1625409430_muted_med.mp4","audio":["https://coub-anubis-a.akamaized.net/coub_storage/coub/simple/cw_looped_audio_med/71204b2c14b/37616e8630720c43658ac/1625409431_mp3-med.mp3"]},"share":{"default":"https://coub-anubis-a.akamaized.net/coub_storage/coub/simple/cw_video_for_sharing/ccc18cc4edd/1b237dbc83b374d67b1ca/1625409455_looped_1625409455.mp4"}},"audio_versions":{},"image_versions":{"template":"https://coub-anubis-a.akamaized.net/coub_storage/coub/simple/cw_image/01d9578c3eb/fd5ff94dad8aa230160c2/%{version}_1625409436_00030.jpg","versions":["micro","tiny","age_restricted","ios_large","ios_mosaic","big","med","small","pinterest"]},"first_frame_versions":{"template":"https://coub-anubis-a.akamaized.net/coub_storage/coub/simple/cw_timeline_pic/50fde1ba5ff/6be56468f2d101374e097/%{version}_1625409435_image.jpg","versions":["big","med","small","ios_large"]},"dimensions":{"big":[538,960],"med":[268,480]},"site_w_h":[224,400],"page_w_h":[400,714],"site_w_h_small":[310,553],"size":[538,960],"age_restricted":false,"age_restricted_by_admin":false,"not_safe_for_work":false,"allow_reuse":false,"dont_crop":true,"banned":false,"global_safe":null,"audio_file_url":null,"external_download":false,"application":null,"channel":{"id":4272539,"permalink":"satusanull","title":"Satusa","description":null,"followers_count":2592,"following_count":14,"avatar_versions":{"template":"https://coub-anubis-a.akamaized.net/coub_storage/channel/cw_avatar/1fe06d556a5/f6994ff41a131890ff311/%{version}_1631518330_cropped.jpeg","versions":["medium","medium_2x","profile_pic","profile_pic_new","profile_pic_new_2x","tiny","tiny_2x","small","small_2x","ios_large","ios_small"]}},"file":null,"picture":"https://coub-anubis-a.akamaized.net/coub_storage/coub/simple/cw_image/01d9578c3eb/fd5ff94dad8aa230160c2/med_1625409436_00030.jpg","timeline_picture":"https://coub-anubis-a.akamaized.net/coub_storage/coub/simple/cw_timeline_pic/50fde1ba5ff/6be56468f2d101374e097/ios_large_1625409435_image.jpg","small_picture":"https://coub-anubis-a.akamaized.net/coub_storage/coub/simple/cw_image/01d9578c3eb/fd5ff94dad8aa230160c2/ios_mosaic_1625409436_00030.jpg","sharing_picture":null,"percent_done":100,"tags":[{"id":6387004,"title":"mm.miria","value":"mm.miria"}],"categories":[{"id":16,"title":"Fashion & Beauty","permalink":"fashion","subscriptions_count":10059485,"big_image_url":"https://coub-anubis-a.akamaized.net/coub_storage/category/cw_image/503df3602c0/3bb25ae4face4a7c9a6f8/big_1544654169_Fashion.png","small_image_url":"https://coub-anubis-a.akamaized.net/coub_storage/category/cw_image/503df3602c0/3bb25ae4face4a7c9a6f8/small_1544654169_Fashion.png","med_image_url":"https://coub-anubis-a.akamaized.net/coub_storage/category/cw_image/503df3602c0/3bb25ae4face4a7c9a6f8/med_1544654169_Fashion.png","visible":true}],"communities":[{"id":16,"title":"Fashion & Beauty","permalink":"fashion","subscriptions_count":10059485,"big_image_url":"https://coub-anubis-a.akamaized.net/coub_storage/category/cw_image/503df3602c0/3bb25ae4face4a7c9a6f8/big_1544654169_Fashion.png","small_image_url":"https://coub-anubis-a.akamaized.net/coub_storage/category/cw_image/503df3602c0/3bb25ae4face4a7c9a6f8/small_1544654169_Fashion.png","med_image_url":"https://coub-anubis-a.akamaized.net/coub_storage/category/cw_image/503df3602c0/3bb25ae4face4a7c9a6f8/med_1544654169_Fashion.png","i_subscribed":true,"community_notifications_enabled":null,"description":null}],"recoubs_count":149,"remixes_count":0,"likes_count":832,"dislikes_count":0,"raw_video_id":16581381,"uploaded_by_ios_app":false,"uploaded_by_android_app":true,"media_blocks":{"uploaded_raw_videos":[],"external_raw_videos":[],"remixed_from_coubs":[]},"raw_video_thumbnail_url":"/missing/missing.png","raw_video_title":null,"video_block_banned":false,"duration":9.28,"promo_winner":false,"promo_winner_recoubers":null,"editorial_info":{},"promo_hint":null,"beeline_best_2014":null,"from_web_editor":false,"normalize_sound":true,"normalize_change_allowed":true,"best2015_addable":false,"ahmad_promo":null,"promo_data":null,"audio_copyright_claim":null,"ads_disabled":false,"is_safe_for_ads":true,"megafon_contents":[],"position_on_page":8},{"flag":null,"abuses":null,"recoubs_by_users_channels":null,"favourite":false,"promoted_id":null,"recoub":null,"like":null,"dislike":null,"reaction":null,"in_my_best2015":false,"id":119652755,"type":"Coub::Simple","permalink":"1yty14","title":"slipfunc - under your spell","visibility_type":"public","original_visibility_type":"public","channel_id":3701476,"created_at":"2019-08-01T11:15:56Z","updated_at":"2022-03-09T19:14:27Z","is_done":true,"views_count":78197,"cotd":null,"cotd_at":null,"visible_on_explore_root":false,"visible_on_explore":false,"featured":false,"published":true,"published_at":"2019-08-01T11:15:56Z","reversed":false,"from_editor_v2":true,"is_editable":true,"original_sound":false,"has_sound":false,"recoub_to":null,"file_versions":{"html5":{"video":{"higher":{"url":"https://coub-anubis-a.akamaized.net/coub_storage/coub/simple/cw_file/ccc8dd41a36/8c5a74a34e05da4f132e4/muted_mp4_huge_size_1568851369_muted_huge.mp4","size":1472716},"high":{"url":"https://coub-anubis-a.akamaized.net/coub_storage/coub/simple/cw_file/ccc8dd41a36/8c5a74a34e05da4f132e4/muted_mp4_big_size_1568851369_muted_big.mp4","size":1120968},"med":{"url":"https://coub-anubis-a.akamaized.net/coub_storage/coub/simple/cw_file/ccc8dd41a36/8c5a74a34e05da4f132e4/muted_mp4_med_size_1568851369_muted_med.mp4","size":283958}},"audio":{"high":{"url":"https://coub-anubis-a.akamaized.net/coub_storage/coub/simple/cw_looped_audio_high/ecfec45ebfd/49829afec85500be682a9/1605643669_high_1564658186_high.mp3","size":2482423},"med":{"url":"https://coub-anubis-a.akamaized.net/coub_storage/coub/simple/cw_looped_audio_med/37b6c79ce79/62f067fb7de3f54d68ea4/1605643668_med_1564658186_med.mp3","size":1890431}}},"mobile":{"video":"https://coub-anubis-a.akamaized.net/coub_storage/coub/simple/cw_file/ccc8dd41a36/8c5a74a34e05da4f132e4/muted_mp4_med_size_1568851369_muted_med.mp4","audio":["https://coub-anubis-a.akamaized.net/coub_storage/coub/simple/cw_looped_audio_med/37b6c79ce79/62f067fb7de3f54d68ea4/1605643668_med_1564658186_med.mp3"]},"share":{"default":"https://coub-anubis-a.akamaized.net/coub_storage/coub/simple/cw_video_for_sharing/c1e91617f8b/fc5aeb35ce69a65124d42/1609868367_looped_1609868367.mp4"}},"audio_versions":{"template":"https://coub-anubis-a.akamaized.net/coub_storage/audio_track/cw_normalized_copy/ae108cfc4e7/06ce0e28625650f5a5090/mid_1564658178_normalized_1564658164_1gq7rl7_edited.mp3","versions":["mid","low"]},"image_versions":{"template":"https://coub-anubis-a.akamaized.net/coub_storage/coub/simple/cw_image/07b0ddc91c8/92feb7570eb5f949a68cb/1564658195_00018.jpg","versions":["micro","tiny","age_restricted","ios_large","ios_mosaic","big","med","small","pinterest"]},"first_frame_versions":{"template":"https://coub-anubis-a.akamaized.net/coub_storage/coub/simple/cw_timeline_pic/d6486ec1b96/ced0cedc3ca7760a4ef81/%{version}_1564658194_image.jpg","versions":["big","med","small","ios_large"]},"dimensions":{"big":[1280,720],"med":[640,360]},"site_w_h":[640,360],"page_w_h":[640,360],"site_w_h_small":[310,174],"size":[1280,720],"age_restricted":false,"age_restricted_by_admin":false,"not_safe_for_work":false,"allow_reuse":false,"dont_crop":false,"banned":false,"global_safe":true,"audio_file_url":"https://coub-anubis-a.akamaized.net/coub_storage/audio_track/cw_normalized_copy/ae108cfc4e7/06ce0e28625650f5a5090/low_1564658178_normalized_1564658164_1gq7rl7_edited.mp3","external_download":false,"application":null,"channel":{"id":3701476,"permalink":"the-lovable-protagonist","title":"The Lovable Protagonist","description":null,"followers_count":119,"following_count":94,"avatar_versions":{"template":"https://coub-anubis-a.akamaized.net/coub_storage/channel/cw_avatar/6d4bbe03cc0/facf00b620aad094f0b30/%{version}_1609547156_20qb2u_1501844537_HeartStar_couple_CameronGray.jpg","versions":["medium","medium_2x","profile_pic","profile_pic_new","profile_pic_new_2x","tiny","tiny_2x","small","small_2x","ios_large","ios_small"]}},"file":null,"picture":"https://coub-anubis-a.akamaized.net/coub_storage/coub/simple/cw_image/07b0ddc91c8/92feb7570eb5f949a68cb/1564658195_00018.jpg","timeline_picture":"https://coub-anubis-a.akamaized.net/coub_storage/coub/simple/cw_timeline_pic/d6486ec1b96/ced0cedc3ca7760a4ef81/ios_large_1564658194_image.jpg","small_picture":"https://coub-anubis-a.akamaized.net/coub_storage/coub/simple/cw_image/07b0ddc91c8/92feb7570eb5f949a68cb/1564658195_00018.jpg","sharing_picture":null,"percent_done":100,"tags":[],"categories":[{"id":16,"title":"Fashion & Beauty","permalink":"fashion","subscriptions_count":10059485,"big_image_url":"https://coub-anubis-a.akamaized.net/coub_storage/category/cw_image/503df3602c0/3bb25ae4face4a7c9a6f8/big_1544654169_Fashion.png","small_image_url":"https://coub-anubis-a.akamaized.net/coub_storage/category/cw_image/503df3602c0/3bb25ae4face4a7c9a6f8/small_1544654169_Fashion.png","med_image_url":"https://coub-anubis-a.akamaized.net/coub_storage/category/cw_image/503df3602c0/3bb25ae4face4a7c9a6f8/med_1544654169_Fashion.png","visible":true}],"communities":[{"id":16,"title":"Fashion & Beauty","permalink":"fashion","subscriptions_count":10059485,"big_image_url":"https://coub-anubis-a.akamaized.net/coub_storage/category/cw_image/503df3602c0/3bb25ae4face4a7c9a6f8/big_1544654169_Fashion.png","small_image_url":"https://coub-anubis-a.akamaized.net/coub_storage/category/cw_image/503df3602c0/3bb25ae4face4a7c9a6f8/small_1544654169_Fashion.png","med_image_url":"https://coub-anubis-a.akamaized.net/coub_storage/category/cw_image/503df3602c0/3bb25ae4face4a7c9a6f8/med_1544654169_Fashion.png","i_subscribed":true,"community_notifications_enabled":null,"description":null}],"recoubs_count":139,"remixes_count":5,"likes_count":832,"dislikes_count":0,"raw_video_id":"","uploaded_by_ios_app":false,"uploaded_by_android_app":false,"media_blocks":{"uploaded_raw_videos":[],"external_raw_videos":[],"remixed_from_coubs":[{"id":30361599,"title":"Last time. ","url":"https://coub.com/coubs/1nmm8u/remix","image":"https://coub-anubis-a.akamaized.net/coub_storage/media_block/cw_image/96a3cdf82ba/cb084a6251acf51daddd7/1549454511_1k8wfsi_1549454503_00018.jpg","image_retina":"https://coub-anubis-a.akamaized.net/coub_storage/media_block/cw_image/96a3cdf82ba/cb084a6251acf51daddd7/1549454511_1k8wfsi_1549454503_00018.jpg","meta":{"duration":"5.6"},"duration":null,"coub_channel_title":"The girl hentai.","coub_channel_permalink":"be.my.favorite","coub_views_count":374526,"coub_permalink":"1nmm8u"}]},"raw_video_thumbnail_url":"","raw_video_title":"","video_block_banned":false,"duration":5.6,"promo_winner":false,"promo_winner_recoubers":null,"editorial_info":{},"promo_hint":null,"beeline_best_2014":null,"from_web_editor":true,"normalize_sound":true,"normalize_change_allowed":true,"best2015_addable":false,"ahmad_promo":null,"promo_data":null,"audio_copyright_claim":null,"ads_disabled":false,"is_safe_for_ads":true,"megafon_contents":[],"position_on_page":9},{"flag":null,"abuses":null,"recoubs_by_users_channels":null,"favourite":false,"promoted_id":null,"recoub":null,"like":null,"dislike":null,"reaction":null,"in_my_best2015":false,"id":168676527,"type":"Coub::Simple","permalink":"2s2ui0","title":"Keep rockin'","visibility_type":"public","original_visibility_type":"public","channel_id":6734149,"created_at":"2021-05-14T04:39:42Z","updated_at":"2022-03-11T19:08:42Z","is_done":true,"views_count":99436,"cotd":null,"cotd_at":null,"visible_on_explore_root":false,"visible_on_explore":false,"featured":false,"published":true,"published_at":"2021-05-14T04:39:42Z","reversed":false,"from_editor_v2":true,"is_editable":true,"original_sound":false,"has_sound":false,"recoub_to":null,"file_versions":{"html5":{"video":{"higher":{"url":"https://coub-anubis-a.akamaized.net/coub_storage/coub/simple/cw_file/db6167cb2b4/eb151d18feda27b92cc1e/muted_mp4_huge_size_1620967185_muted_huge.mp4","size":1069752},"high":{"url":"https://coub-anubis-a.akamaized.net/coub_storage/coub/simple/cw_file/db6167cb2b4/eb151d18feda27b92cc1e/muted_mp4_big_size_1620967185_muted_big.mp4","size":629246},"med":{"url":"https://coub-anubis-a.akamaized.net/coub_storage/coub/simple/cw_file/db6167cb2b4/eb151d18feda27b92cc1e/muted_mp4_med_size_1620967185_muted_med.mp4","size":190436}},"audio":{"high":{"url":"https://coub-anubis-a.akamaized.net/coub_storage/coub/simple/cw_looped_audio_high/609b3d7b043/8e07251c90ce1d1fff93d/1620967217_mp3-high.mp3","size":3243001},"med":{"url":"https://coub-anubis-a.akamaized.net/coub_storage/coub/simple/cw_looped_audio_med/e02ee3287df/02ee8382187c1891df3e7/1620967215_mp3-med.mp3","size":2405671}}},"mobile":{"video":"https://coub-anubis-a.akamaized.net/coub_storage/coub/simple/cw_file/db6167cb2b4/eb151d18feda27b92cc1e/muted_mp4_med_size_1620967185_muted_med.mp4","audio":["https://coub-anubis-a.akamaized.net/coub_storage/coub/simple/cw_looped_audio_med/e02ee3287df/02ee8382187c1891df3e7/1620967215_mp3-med.mp3"]},"share":{"default":"https://coub-anubis-a.akamaized.net/coub_storage/coub/simple/cw_video_for_sharing/a6931549152/f7a302356fd4fe1751a1a/1620967233_looped_1620967233.mp4"}},"audio_versions":{"template":"https://coub-anubis-a.akamaized.net/coub_storage/audio_track/cw_normalized_copy/3fba7d9e71a/7313018741ce552163a6c/mid_1620967204_normalized_1620967188_mm3jav_edited.mp3","versions":["mid","low"]},"image_versions":{"template":"https://coub-anubis-a.akamaized.net/coub_storage/coub/simple/cw_image/c9d50cda210/ef787eb0c5b31b7c83136/%{version}_1620967219_00023.jpg","versions":["micro","tiny","age_restricted","ios_large","ios_mosaic","big","med","small","pinterest"]},"first_frame_versions":{"template":"https://coub-anubis-a.akamaized.net/coub_storage/coub/simple/cw_timeline_pic/f72c3ed284f/b4a55e3298a36ccfe091f/%{version}_1620967219_image.jpg","versions":["big","med","small","ios_large"]},"dimensions":{"big":[538,960],"med":[268,480]},"site_w_h":[224,400],"page_w_h":[400,714],"site_w_h_small":[310,553],"size":[538,960],"age_restricted":false,"age_restricted_by_admin":false,"not_safe_for_work":false,"allow_reuse":false,"dont_crop":true,"banned":false,"global_safe":null,"audio_file_url":"https://coub-anubis-a.akamaized.net/coub_storage/audio_track/cw_normalized_copy/3fba7d9e71a/7313018741ce552163a6c/low_1620967204_normalized_1620967188_mm3jav_edited.mp3","external_download":false,"application":null,"channel":{"id":6734149,"permalink":"lamortality","title":"lamortality","description":null,"followers_count":1346,"following_count":3,"avatar_versions":{"template":"https://coub-anubis-a.akamaized.net/coub_storage/channel/cw_avatar/c23a1cf738a/867b2e72edbb16fc333d5/%{version}_1607424426_zmt20i_1565116266_X36l1csxvGg.jpg","versions":["medium","medium_2x","profile_pic","profile_pic_new","profile_pic_new_2x","tiny","tiny_2x","small","small_2x","ios_large","ios_small"]}},"file":null,"picture":"https://coub-anubis-a.akamaized.net/coub_storage/coub/simple/cw_image/c9d50cda210/ef787eb0c5b31b7c83136/med_1620967219_00023.jpg","timeline_picture":"https://coub-anubis-a.akamaized.net/coub_storage/coub/simple/cw_timeline_pic/f72c3ed284f/b4a55e3298a36ccfe091f/ios_large_1620967219_image.jpg","small_picture":"https://coub-anubis-a.akamaized.net/coub_storage/coub/simple/cw_image/c9d50cda210/ef787eb0c5b31b7c83136/ios_mosaic_1620967219_00023.jpg","sharing_picture":null,"percent_done":100,"tags":[{"id":183,"title":"girl","value":"girl"},{"id":86,"title":"music","value":"music"},{"id":823,"title":"edm","value":"edm"},{"id":7558,"title":"dress","value":"dress"},{"id":184,"title":"sexy","value":"sexy"},{"id":4050,"title":"hair","value":"hair"},{"id":8967,"title":"mirror","value":"mirror"}],"categories":[{"id":16,"title":"Fashion & Beauty","permalink":"fashion","subscriptions_count":10059485,"big_image_url":"https://coub-anubis-a.akamaized.net/coub_storage/category/cw_image/503df3602c0/3bb25ae4face4a7c9a6f8/big_1544654169_Fashion.png","small_image_url":"https://coub-anubis-a.akamaized.net/coub_storage/category/cw_image/503df3602c0/3bb25ae4face4a7c9a6f8/small_1544654169_Fashion.png","med_image_url":"https://coub-anubis-a.akamaized.net/coub_storage/category/cw_image/503df3602c0/3bb25ae4face4a7c9a6f8/med_1544654169_Fashion.png","visible":true}],"communities":[{"id":16,"title":"Fashion & Beauty","permalink":"fashion","subscriptions_count":10059485,"big_image_url":"https://coub-anubis-a.akamaized.net/coub_storage/category/cw_image/503df3602c0/3bb25ae4face4a7c9a6f8/big_1544654169_Fashion.png","small_image_url":"https://coub-anubis-a.akamaized.net/coub_storage/category/cw_image/503df3602c0/3bb25ae4face4a7c9a6f8/small_1544654169_Fashion.png","med_image_url":"https://coub-anubis-a.akamaized.net/coub_storage/category/cw_image/503df3602c0/3bb25ae4face4a7c9a6f8/med_1544654169_Fashion.png","i_subscribed":true,"community_notifications_enabled":null,"description":null}],"recoubs_count":117,"remixes_count":0,"likes_count":831,"dislikes_count":0,"raw_video_id":16439187,"uploaded_by_ios_app":false,"uploaded_by_android_app":false,"media_blocks":{"uploaded_raw_videos":[],"external_raw_videos":[],"remixed_from_coubs":[]},"raw_video_thumbnail_url":"https://coub-anubis-a.akamaized.net/coub_storage/raw_video/cw_image/3b672fcddd0/4bb9276ccdef066cf6d4e/coub_media_1620966859_image.jpg","raw_video_title":"yumifka_-_6960330200496229633.mp4","video_block_banned":false,"duration":7.2,"promo_winner":false,"promo_winner_recoubers":null,"editorial_info":{},"promo_hint":null,"beeline_best_2014":null,"from_web_editor":true,"normalize_sound":true,"normalize_change_allowed":true,"best2015_addable":false,"ahmad_promo":null,"promo_data":null,"audio_copyright_claim":null,"ads_disabled":false,"is_safe_for_ads":true,"megafon_contents":[],"position_on_page":10}]}