{"page":102,"per_page":10,"total_pages":500,"coubs":[{"flag":null,"abuses":null,"recoubs_by_users_channels":null,"favourite":false,"promoted_id":null,"recoub":null,"like":null,"dislike":null,"reaction":null,"in_my_best2015":false,"id":148660100,"type":"Coub::Simple","permalink":"2g5tld","title":"cooler than we","visibility_type":"public","original_visibility_type":"public","channel_id":9510055,"created_at":"2020-07-02T08:03:49Z","updated_at":"2022-03-13T16:00:10Z","is_done":true,"views_count":200981,"cotd":null,"cotd_at":null,"visible_on_explore_root":false,"visible_on_explore":false,"featured":false,"published":true,"published_at":"2020-07-02T08:03:48Z","reversed":false,"from_editor_v2":true,"is_editable":true,"original_sound":false,"has_sound":false,"recoub_to":null,"file_versions":{"html5":{"video":{"higher":{"url":"https://coub-anubis-a.akamaized.net/coub_storage/coub/simple/cw_file/d9fe6efc5fc/f35947486dd53c9c9efd3/muted_mp4_huge_size_1593677043_muted_huge.mp4","size":1993265},"high":{"url":"https://coub-anubis-a.akamaized.net/coub_storage/coub/simple/cw_file/d9fe6efc5fc/f35947486dd53c9c9efd3/muted_mp4_big_size_1593677043_muted_big.mp4","size":1362630},"med":{"url":"https://coub-anubis-a.akamaized.net/coub_storage/coub/simple/cw_file/d9fe6efc5fc/f35947486dd53c9c9efd3/muted_mp4_med_size_1593677043_muted_med.mp4","size":443540}},"audio":{"high":{"url":"https://coub-anubis-a.akamaized.net/coub_storage/coub/simple/cw_looped_audio_high/4740c4f95a2/334f39788b212575ac6a5/1605681607_high_1593677087_high.mp3","size":3928142},"med":{"url":"https://coub-anubis-a.akamaized.net/coub_storage/coub/simple/cw_looped_audio_med/a005e69d474/d491fbf0a6aeb3b7bf945/1605681606_med_1593677087_med.mp3","size":3169836}}},"mobile":{"video":"https://coub-anubis-a.akamaized.net/coub_storage/coub/simple/cw_file/d9fe6efc5fc/f35947486dd53c9c9efd3/muted_mp4_med_size_1593677043_muted_med.mp4","audio":["https://coub-anubis-a.akamaized.net/coub_storage/coub/simple/cw_looped_audio_med/a005e69d474/d491fbf0a6aeb3b7bf945/1605681606_med_1593677087_med.mp3"]},"share":{"default":"https://coub-anubis-a.akamaized.net/coub_storage/coub/simple/cw_video_for_sharing/bd5d3a1f8e6/ed4753a5ec0e56d90fc7b/1608919969_looped_1608919968.mp4"}},"audio_versions":{"template":"https://coub-anubis-a.akamaized.net/coub_storage/audio_track/cw_normalized_copy/ad20256383b/34f7c6a26c5042a1103e7/mid_1593677072_normalized_1593677047_b4bzu9_edited.mp3","versions":["mid","low"]},"image_versions":{"template":"https://coub-anubis-a.akamaized.net/coub_storage/coub/simple/cw_image/7a305484c80/f16edf44b5952b6f9e6f2/1593677104_00018.jpg","versions":["micro","tiny","age_restricted","ios_large","ios_mosaic","big","med","small","pinterest"]},"first_frame_versions":{"template":"https://coub-anubis-a.akamaized.net/coub_storage/coub/simple/cw_timeline_pic/64d6c10d56a/9d65c94de3fe702be13ae/%{version}_1593677103_image.jpg","versions":["big","med","small","ios_large"]},"dimensions":{"big":[1280,720],"med":[640,360]},"site_w_h":[640,360],"page_w_h":[640,360],"site_w_h_small":[310,174],"size":[1280,720],"age_restricted":false,"age_restricted_by_admin":false,"not_safe_for_work":false,"allow_reuse":false,"dont_crop":false,"banned":false,"global_safe":true,"audio_file_url":"https://coub-anubis-a.akamaized.net/coub_storage/audio_track/cw_normalized_copy/ad20256383b/34f7c6a26c5042a1103e7/low_1593677072_normalized_1593677047_b4bzu9_edited.mp3","external_download":false,"application":null,"channel":{"id":9510055,"permalink":"bmobeemo","title":"BMO","description":null,"followers_count":175,"following_count":59,"avatar_versions":{"template":"https://coub-anubis-a.akamaized.net/coub_storage/channel/cw_avatar/2ed14bceb66/5ce2e4e40e3c2958b0e62/%{version}_1620806882_bmobeemoklee2.png","versions":["medium","medium_2x","profile_pic","profile_pic_new","profile_pic_new_2x","tiny","tiny_2x","small","small_2x","ios_large","ios_small"]}},"file":null,"picture":"https://coub-anubis-a.akamaized.net/coub_storage/coub/simple/cw_image/7a305484c80/f16edf44b5952b6f9e6f2/1593677104_00018.jpg","timeline_picture":"https://coub-anubis-a.akamaized.net/coub_storage/coub/simple/cw_timeline_pic/64d6c10d56a/9d65c94de3fe702be13ae/ios_large_1593677103_image.jpg","small_picture":"https://coub-anubis-a.akamaized.net/coub_storage/coub/simple/cw_image/7a305484c80/f16edf44b5952b6f9e6f2/1593677104_00018.jpg","sharing_picture":null,"percent_done":100,"tags":[{"id":12035,"title":"cosplay","value":"cosplay"},{"id":1212732,"title":"kda","value":"kda"},{"id":246671,"title":"akali","value":"akali"},{"id":3858,"title":"macklemore","value":"macklemore"},{"id":186092,"title":"prestige","value":"prestige"},{"id":170,"title":"lol","value":"lol"},{"id":1636,"title":"league of legends","value":"league%20of%20legends"},{"id":4413210,"title":"kda akali","value":"kda%20akali"},{"id":46076,"title":"ryan lewis","value":"ryan%20lewis"},{"id":160293,"title":"2018","value":"2018"},{"id":50,"title":"coub","value":"coub"},{"id":265,"title":"girls","value":"girls"},{"id":165,"title":"anime","value":"anime"},{"id":951,"title":"top","value":"top"},{"id":86,"title":"music","value":"music"},{"id":15665,"title":"fate","value":"fate"},{"id":73925,"title":"fanime","value":"fanime"},{"id":457455,"title":"anime expo","value":"anime%20expo"},{"id":58399,"title":"cosplayers","value":"cosplayers"},{"id":195703,"title":"senpai","value":"senpai"},{"id":174378,"title":"yugioh","value":"yugioh"},{"id":1179300,"title":"dragonballsuper","value":"dragonballsuper"},{"id":66909,"title":"gintama","value":"gintama"},{"id":108668,"title":"fairy tail","value":"fairy%20tail"},{"id":86585,"title":"inuyasha","value":"inuyasha"},{"id":32657,"title":"bleach","value":"bleach"},{"id":5265,"title":"naruto","value":"naruto"},{"id":1058097,"title":"arcade riven","value":"arcade%20riven"},{"id":2935120,"title":"wcs 2016","value":"wcs%202016"},{"id":121677,"title":"roxette","value":"roxette"},{"id":609608,"title":"she's got the look","value":"she's%20got%20the%20look"},{"id":4313599,"title":"category fashion","value":"category%20fashion"},{"id":4422710,"title":"jtm she has got the look","value":"jtm%20she%20has%20got%20the%20look"},{"id":997548,"title":"sempai","value":"sempai"},{"id":3183381,"title":"sempaii","value":"sempaii"},{"id":926118,"title":"cosplay girls","value":"cosplay%20girls"},{"id":387384,"title":"cosplay girl","value":"cosplay%20girl"},{"id":33872,"title":"косплей","value":"%D0%BA%D0%BE%D1%81%D0%BF%D0%BB%D0%B5%D0%B9"},{"id":1143168,"title":"семпай","value":"%D1%81%D0%B5%D0%BC%D0%BF%D0%B0%D0%B9"},{"id":4938456,"title":"full bodied (feat. al!ce)","value":"full%20bodied%20(feat.%20al!ce)"},{"id":5649024,"title":"full bodies","value":"full%20bodies"},{"id":4993406,"title":"full bodied","value":"full%20bodied"},{"id":5169893,"title":"full bodied ghost data","value":"full%20bodied%20ghost%20data"},{"id":4957295,"title":"ghost data - full bodied","value":"ghost%20data%20-%20full%20bodied"},{"id":183,"title":"girl","value":"girl"},{"id":105469,"title":"red head","value":"red%20head"},{"id":1153,"title":"рыжая","value":"%D1%80%D1%8B%D0%B6%D0%B0%D1%8F"},{"id":42405,"title":"kim possible","value":"kim%20possible"},{"id":4008512,"title":"baby i wanna touch you","value":"baby%20i%20wanna%20touch%20you"},{"id":4560870,"title":"i wanna touch you","value":"i%20wanna%20touch%20you"},{"id":1846333,"title":"touch you","value":"touch%20you"},{"id":6356,"title":"touch","value":"touch"},{"id":4321,"title":"you","value":"you"},{"id":4886577,"title":"how do you want me","value":"how%20do%20you%20want%20me"},{"id":5380727,"title":"how do you want me?","value":"how%20do%20you%20want%20me?"},{"id":13709,"title":"desire","value":"desire"},{"id":4305943,"title":"desire meg myers","value":"desire%20meg%20myers"},{"id":1561346,"title":"meg myers - desire","value":"meg%20myers%20-%20desire"},{"id":186672,"title":"meg myers","value":"meg%20myers"},{"id":1829790,"title":"meg myers – desire","value":"meg%20myers%20%E2%80%93%20desire"},{"id":481,"title":"fuck you","value":"fuck%20you"},{"id":1375,"title":"fuck","value":"fuck"},{"id":2925248,"title":"i wanna feel you","value":"i%20wanna%20feel%20you"},{"id":365290,"title":"feel you","value":"feel%20you"},{"id":5390010,"title":"baby i wanna fuck you","value":"baby%20i%20wanna%20fuck%20you"},{"id":48705,"title":"comic con","value":"comic%20con"},{"id":42488,"title":"comic-con","value":"comic-con"},{"id":72572,"title":"comicon","value":"comicon"},{"id":37554,"title":"sdcc","value":"sdcc"},{"id":119219,"title":"cosplay music video","value":"cosplay%20music%20video"},{"id":4556829,"title":"cosplay 2019","value":"cosplay%202019"},{"id":1189618,"title":"best cosplay","value":"best%20cosplay"},{"id":4761033,"title":"comic con 2019","value":"comic%20con%202019"},{"id":5088313,"title":"sdcc 2019","value":"sdcc%202019"},{"id":5095547,"title":"comic con 2019 cosplay","value":"comic%20con%202019%20cosplay"},{"id":442301,"title":"cosplayer","value":"cosplayer"},{"id":4815955,"title":"best cosplayers","value":"best%20cosplayers"},{"id":4211256,"title":"best cosplays","value":"best%20cosplays"},{"id":1311267,"title":"mineralblu","value":"mineralblu"},{"id":4206609,"title":"mineralblue","value":"mineralblue"},{"id":5102027,"title":"mineral blu","value":"mineral%20blu"},{"id":4206610,"title":"mineral blue","value":"mineral%20blue"},{"id":5102028,"title":"hottest cosplay costumes","value":"hottest%20cosplay%20costumes"},{"id":5102029,"title":"hottest cosplays","value":"hottest%20cosplays"},{"id":3261501,"title":"hot cosplay girls","value":"hot%20cosplay%20girls"},{"id":40678,"title":"nycc","value":"nycc"},{"id":40116,"title":"new york comic con","value":"new%20york%20comic%20con"},{"id":60355,"title":"wondercon","value":"wondercon"},{"id":71615,"title":"san diego comic con","value":"san%20diego%20comic%20con"},{"id":135870,"title":"geek girls","value":"geek%20girls"},{"id":4367563,"title":"cosplay photography","value":"cosplay%20photography"},{"id":3653,"title":"photography","value":"photography"},{"id":47950,"title":"videography","value":"videography"},{"id":735,"title":"music video","value":"music%20video"},{"id":39840,"title":"music coub","value":"music%20coub"},{"id":4840717,"title":"by seed","value":"by%20seed"},{"id":1191430,"title":"nyaaa","value":"nyaaa"},{"id":257922,"title":"2019","value":"2019"},{"id":4890114,"title":"no flex hella sketchy","value":"no%20flex%20hella%20sketchy"},{"id":4892996,"title":"@welcomeandbye","value":"@welcomeandbye"}],"categories":[{"id":16,"title":"Fashion & Beauty","permalink":"fashion","subscriptions_count":10059485,"big_image_url":"https://coub-anubis-a.akamaized.net/coub_storage/category/cw_image/503df3602c0/3bb25ae4face4a7c9a6f8/big_1544654169_Fashion.png","small_image_url":"https://coub-anubis-a.akamaized.net/coub_storage/category/cw_image/503df3602c0/3bb25ae4face4a7c9a6f8/small_1544654169_Fashion.png","med_image_url":"https://coub-anubis-a.akamaized.net/coub_storage/category/cw_image/503df3602c0/3bb25ae4face4a7c9a6f8/med_1544654169_Fashion.png","visible":true}],"communities":[{"id":16,"title":"Fashion & Beauty","permalink":"fashion","subscriptions_count":10059485,"big_image_url":"https://coub-anubis-a.akamaized.net/coub_storage/category/cw_image/503df3602c0/3bb25ae4face4a7c9a6f8/big_1544654169_Fashion.png","small_image_url":"https://coub-anubis-a.akamaized.net/coub_storage/category/cw_image/503df3602c0/3bb25ae4face4a7c9a6f8/small_1544654169_Fashion.png","med_image_url":"https://coub-anubis-a.akamaized.net/coub_storage/category/cw_image/503df3602c0/3bb25ae4face4a7c9a6f8/med_1544654169_Fashion.png","i_subscribed":true,"community_notifications_enabled":null,"description":null}],"recoubs_count":305,"remixes_count":2,"likes_count":1722,"dislikes_count":0,"raw_video_id":"","uploaded_by_ios_app":false,"uploaded_by_android_app":false,"media_blocks":{"uploaded_raw_videos":[],"external_raw_videos":[],"remixed_from_coubs":[{"id":35738582,"title":"Akali","url":"https://coub.com/coubs/2dmpdl/remix","image":"https://coub-anubis-a.akamaized.net/coub_storage/media_block/cw_image/91b3544e68e/b4ab94838c33200a573f6/1588960042_6yuuuk_1588960015_00031.jpg","image_retina":"https://coub-anubis-a.akamaized.net/coub_storage/media_block/cw_image/91b3544e68e/b4ab94838c33200a573f6/1588960042_6yuuuk_1588960015_00031.jpg","meta":{"duration":"9.8"},"duration":null,"coub_channel_title":"George Zanguri","coub_channel_permalink":"giorgi-zanguri","coub_views_count":67012,"coub_permalink":"2dmpdl"},{"id":35735037,"title":"Sempai","url":"https://coub.com/coubs/2dm9sv/remix","image":"https://coub-anubis-a.akamaized.net/coub_storage/media_block/cw_image/89b61641b7c/978763f0978c67d6bfa9c/1588941363_155ffdq_1588941325_00030.jpg","image_retina":"https://coub-anubis-a.akamaized.net/coub_storage/media_block/cw_image/89b61641b7c/978763f0978c67d6bfa9c/1588941363_155ffdq_1588941325_00030.jpg","meta":{"duration":"9.44"},"duration":null,"coub_channel_title":"WarriorTradingWatchNow","coub_channel_permalink":"warriortrading","coub_views_count":87756,"coub_permalink":"2dm9sv"},{"id":35733747,"title":"Baby I Wanna Touch You","url":"https://coub.com/coubs/2dm3hd/remix","image":"https://coub-anubis-a.akamaized.net/coub_storage/media_block/cw_image/002c432a1c7/78fe01e6b3951b7970782/1588933999_ch5jux_1588933972_00032.jpg","image_retina":"https://coub-anubis-a.akamaized.net/coub_storage/media_block/cw_image/002c432a1c7/78fe01e6b3951b7970782/1588933999_ch5jux_1588933972_00032.jpg","meta":{"duration":"10.0"},"duration":null,"coub_channel_title":"WarriorTradingWatchNow","coub_channel_permalink":"warriortrading","coub_views_count":106266,"coub_permalink":"2dm3hd"},{"id":35473535,"title":"࿐❀°","url":"https://coub.com/coubs/2cg9aj/remix","image":"https://coub-anubis-a.akamaized.net/coub_storage/media_block/cw_image/54cea1de98b/cee092a46bc60070cb7fc/1587056558_1buk8d_1587056531_00032.jpg","image_retina":"https://coub-anubis-a.akamaized.net/coub_storage/media_block/cw_image/54cea1de98b/cee092a46bc60070cb7fc/1587056558_1buk8d_1587056531_00032.jpg","meta":{"duration":"10.0"},"duration":null,"coub_channel_title":"yui","coub_channel_permalink":"latumfksk","coub_views_count":138947,"coub_permalink":"2cg9aj"},{"id":35438308,"title":"Without Me","url":"https://coub.com/coubs/2calg5/remix","image":"https://coub-anubis-a.akamaized.net/coub_storage/media_block/cw_image/d427207cfec/da70d4f635efae72050f5/1586809414_ilb1ey_1586809389_00029.jpg","image_retina":"https://coub-anubis-a.akamaized.net/coub_storage/media_block/cw_image/d427207cfec/da70d4f635efae72050f5/1586809414_ilb1ey_1586809389_00029.jpg","meta":{"duration":"9.0"},"duration":null,"coub_channel_title":"ego","coub_channel_permalink":"wave103.2","coub_views_count":89571,"coub_permalink":"2calg5"},{"id":35306327,"title":",","url":"https://coub.com/coubs/2bon1w/remix","image":"https://coub-anubis-a.akamaized.net/coub_storage/media_block/cw_image/c174ca78552/1f7ed0e6ec74e41c5cb64/1585874937_1gdjnlh_1585874919_00024.jpg","image_retina":"https://coub-anubis-a.akamaized.net/coub_storage/media_block/cw_image/c174ca78552/1f7ed0e6ec74e41c5cb64/1585874937_1gdjnlh_1585874919_00024.jpg","meta":{"duration":"7.64"},"duration":null,"coub_channel_title":"E J","coub_channel_permalink":"the.dreamer","coub_views_count":71986,"coub_permalink":"2bon1w"},{"id":35160866,"title":"Cosplay Adamae - Tracer","url":"https://coub.com/coubs/2b0lc6/remix","image":"https://coub-anubis-a.akamaized.net/coub_storage/media_block/cw_image/0d58d93bf77/2b91c7561a54b7b4f0f08/1584796721_p2nnat_1584796701_00032.jpg","image_retina":"https://coub-anubis-a.akamaized.net/coub_storage/media_block/cw_image/0d58d93bf77/2b91c7561a54b7b4f0f08/1584796721_p2nnat_1584796701_00032.jpg","meta":{"duration":"10.0"},"duration":null,"coub_channel_title":"Apec","coub_channel_permalink":"apec2884","coub_views_count":95417,"coub_permalink":"2b0lc6"},{"id":35111460,"title":"||| @lucidinraptures Cyberpunk Ciri Cosplay","url":"https://coub.com/coubs/2arzgl/remix","image":"https://coub-anubis-a.akamaized.net/coub_storage/media_block/cw_image/5a69fd577e9/cda1ec991a7a08b0684e8/1584387342_1l9tkma_1584387315_00032.jpg","image_retina":"https://coub-anubis-a.akamaized.net/coub_storage/media_block/cw_image/5a69fd577e9/cda1ec991a7a08b0684e8/1584387342_1l9tkma_1584387315_00032.jpg","meta":{"duration":"10.0"},"duration":null,"coub_channel_title":"barsviktCOUBs","coub_channel_permalink":"barsviktcoubs","coub_views_count":257570,"coub_permalink":"2arzgl"},{"id":35001251,"title":"Comic con 2019 Russia (age of magic ) Azariel","url":"https://coub.com/coubs/2a9eiu/remix","image":"https://coub-anubis-a.akamaized.net/coub_storage/media_block/cw_image/60a95c096b0/34292fcc74fb3ac877dab/1583475933_w0u6gb_1583475917_00032.jpg","image_retina":"https://coub-anubis-a.akamaized.net/coub_storage/media_block/cw_image/60a95c096b0/34292fcc74fb3ac877dab/1583475933_w0u6gb_1583475917_00032.jpg","meta":{"duration":"10.0"},"duration":null,"coub_channel_title":"Вулфыч (Cosplay)","coub_channel_permalink":"vulfich.cosplay","coub_views_count":61047,"coub_permalink":"2a9eiu"},{"id":34758008,"title":"Cosplay","url":"https://coub.com/coubs/292ycw/remix","image":"https://coub-anubis-a.akamaized.net/coub_storage/media_block/cw_image/dca035c611d/522154750d6a5eecd1af8/1581408576_15v84lz_1581408558_00032.jpg","image_retina":"https://coub-anubis-a.akamaized.net/coub_storage/media_block/cw_image/dca035c611d/522154750d6a5eecd1af8/1581408576_15v84lz_1581408558_00032.jpg","meta":{"duration":"10.0"},"duration":null,"coub_channel_title":"\"Funny Coub\"","coub_channel_permalink":"funnynyashka","coub_views_count":196021,"coub_permalink":"292ycw"}]},"raw_video_thumbnail_url":"","raw_video_title":"","video_block_banned":false,"duration":5.6,"promo_winner":false,"promo_winner_recoubers":null,"editorial_info":{},"promo_hint":null,"beeline_best_2014":null,"from_web_editor":true,"normalize_sound":true,"normalize_change_allowed":true,"best2015_addable":false,"ahmad_promo":null,"promo_data":null,"audio_copyright_claim":null,"ads_disabled":false,"is_safe_for_ads":true,"megafon_contents":[],"position_on_page":1},{"flag":null,"abuses":null,"recoubs_by_users_channels":null,"favourite":false,"promoted_id":null,"recoub":null,"like":null,"dislike":null,"reaction":null,"in_my_best2015":false,"id":111423829,"type":"Coub::Simple","permalink":"1txkhy","title":"deadlyredlea","visibility_type":"public","original_visibility_type":"public","channel_id":3601355,"created_at":"2019-05-10T05:26:46Z","updated_at":"2022-03-07T06:28:43Z","is_done":true,"views_count":130460,"cotd":null,"cotd_at":null,"visible_on_explore_root":false,"visible_on_explore":false,"featured":false,"published":true,"published_at":"2019-05-10T05:26:45Z","reversed":false,"from_editor_v2":true,"is_editable":true,"original_sound":false,"has_sound":false,"recoub_to":null,"file_versions":{"html5":{"video":{"higher":{"url":"https://coub-anubis-a.akamaized.net/coub_storage/coub/simple/cw_file/649c28f709a/cb5a6e3b4df2f2a1af0b4/muted_mp4_huge_size_1569346515_muted_huge.mp4","size":1143431},"high":{"url":"https://coub-anubis-a.akamaized.net/coub_storage/coub/simple/cw_file/649c28f709a/cb5a6e3b4df2f2a1af0b4/muted_mp4_big_size_1569346515_muted_big.mp4","size":749749},"med":{"url":"https://coub-anubis-a.akamaized.net/coub_storage/coub/simple/cw_file/649c28f709a/cb5a6e3b4df2f2a1af0b4/muted_mp4_med_size_1569346515_muted_med.mp4","size":230887}},"audio":{"high":{"url":"https://coub-anubis-a.akamaized.net/coub_storage/coub/simple/cw_looped_audio_high/79b1e7167ee/7ba36ec60b933345f8a5f/1605672044_high_1557466032_high.mp3","size":2091046},"med":{"url":"https://coub-anubis-a.akamaized.net/coub_storage/coub/simple/cw_looped_audio_med/b7285fd7cb8/a3c1442f32d3e5e6b1138/1605672043_med_1557466032_med.mp3","size":1577928}}},"mobile":{"video":"https://coub-anubis-a.akamaized.net/coub_storage/coub/simple/cw_file/649c28f709a/cb5a6e3b4df2f2a1af0b4/muted_mp4_med_size_1569346515_muted_med.mp4","audio":["https://coub-anubis-a.akamaized.net/coub_storage/coub/simple/cw_looped_audio_med/b7285fd7cb8/a3c1442f32d3e5e6b1138/1605672043_med_1557466032_med.mp3"]},"share":{"default":"https://coub-anubis-a.akamaized.net/coub_storage/coub/simple/cw_video_for_sharing/24cae410c44/685406738c64036c3c488/1608664479_looped_1608664479.mp4"}},"audio_versions":{"template":"https://coub-anubis-a.akamaized.net/coub_storage/audio_track/cw_normalized_copy/7802a06889a/35eeb54cb6c2e9761080f/mid_1557466024_normalized_1557466011_1buxlwa_edited.mp3","versions":["mid","low"]},"image_versions":{"template":"https://coub-anubis-a.akamaized.net/coub_storage/coub/simple/cw_image/7f6713fd1c3/075631dd8f8daaaa9573d/1557466040_00016.jpg","versions":["micro","tiny","age_restricted","ios_large","ios_mosaic","big","med","small","pinterest"]},"first_frame_versions":{"template":"https://coub-anubis-a.akamaized.net/coub_storage/coub/simple/cw_timeline_pic/05ccaeed7d9/10e5baf16bdc2f84ebfca/%{version}_1557466039_image.jpg","versions":["big","med","small","ios_large"]},"dimensions":{"big":[768,960],"med":[384,480]},"site_w_h":[320,400],"page_w_h":[400,500],"site_w_h_small":[310,388],"size":[768,960],"age_restricted":false,"age_restricted_by_admin":false,"not_safe_for_work":false,"allow_reuse":false,"dont_crop":false,"banned":false,"global_safe":true,"audio_file_url":"https://coub-anubis-a.akamaized.net/coub_storage/audio_track/cw_normalized_copy/7802a06889a/35eeb54cb6c2e9761080f/low_1557466024_normalized_1557466011_1buxlwa_edited.mp3","external_download":{"type":"Instagram","service_name":"Instagram","url":"https://www.instagram.com/p/BxAW3qzAYkA/","has_embed":false},"application":null,"channel":{"id":3601355,"permalink":"egorender","title":"egorendER","description":"Some coubs with my music / Часть коубов с моей музыкой 😉","followers_count":1185,"following_count":828,"avatar_versions":{"template":"https://coub-anubis-a.akamaized.net/coub_storage/channel/cw_avatar/3b189d10d7a/3577da270a7e1413993f9/%{version}_1614798777______.png","versions":["medium","medium_2x","profile_pic","profile_pic_new","profile_pic_new_2x","tiny","tiny_2x","small","small_2x","ios_large","ios_small"]}},"file":null,"picture":"https://coub-anubis-a.akamaized.net/coub_storage/coub/simple/cw_image/7f6713fd1c3/075631dd8f8daaaa9573d/1557466040_00016.jpg","timeline_picture":"https://coub-anubis-a.akamaized.net/coub_storage/coub/simple/cw_timeline_pic/05ccaeed7d9/10e5baf16bdc2f84ebfca/ios_large_1557466039_image.jpg","small_picture":"https://coub-anubis-a.akamaized.net/coub_storage/coub/simple/cw_image/7f6713fd1c3/075631dd8f8daaaa9573d/1557466040_00016.jpg","sharing_picture":null,"percent_done":100,"tags":[],"categories":[{"id":16,"title":"Fashion & Beauty","permalink":"fashion","subscriptions_count":10059485,"big_image_url":"https://coub-anubis-a.akamaized.net/coub_storage/category/cw_image/503df3602c0/3bb25ae4face4a7c9a6f8/big_1544654169_Fashion.png","small_image_url":"https://coub-anubis-a.akamaized.net/coub_storage/category/cw_image/503df3602c0/3bb25ae4face4a7c9a6f8/small_1544654169_Fashion.png","med_image_url":"https://coub-anubis-a.akamaized.net/coub_storage/category/cw_image/503df3602c0/3bb25ae4face4a7c9a6f8/med_1544654169_Fashion.png","visible":true}],"communities":[{"id":16,"title":"Fashion & Beauty","permalink":"fashion","subscriptions_count":10059485,"big_image_url":"https://coub-anubis-a.akamaized.net/coub_storage/category/cw_image/503df3602c0/3bb25ae4face4a7c9a6f8/big_1544654169_Fashion.png","small_image_url":"https://coub-anubis-a.akamaized.net/coub_storage/category/cw_image/503df3602c0/3bb25ae4face4a7c9a6f8/small_1544654169_Fashion.png","med_image_url":"https://coub-anubis-a.akamaized.net/coub_storage/category/cw_image/503df3602c0/3bb25ae4face4a7c9a6f8/med_1544654169_Fashion.png","i_subscribed":true,"community_notifications_enabled":null,"description":null}],"recoubs_count":302,"remixes_count":2,"likes_count":1722,"dislikes_count":0,"raw_video_id":13678392,"uploaded_by_ios_app":false,"uploaded_by_android_app":false,"media_blocks":{"uploaded_raw_videos":[],"external_raw_videos":[{"id":31736180,"title":"Shot by deadlyredlea","url":"http://instagram.com/p/BxAW3qzAYkA/","image":null,"image_retina":null,"meta":{"service":"Instagram","duration":"5.08"},"duration":5.08,"raw_video_id":13678392,"has_embed":false}],"remixed_from_coubs":[],"external_video":{"id":31736180,"title":"Shot by deadlyredlea","url":"http://instagram.com/p/BxAW3qzAYkA/","image":null,"image_retina":null,"meta":{"service":"Instagram","duration":"5.08"},"duration":5.08,"raw_video_id":13678392,"has_embed":false}},"raw_video_thumbnail_url":"/missing/missing.png","raw_video_title":"Shot by deadlyredlea","video_block_banned":false,"duration":5.08,"promo_winner":false,"promo_winner_recoubers":null,"editorial_info":{},"promo_hint":null,"beeline_best_2014":null,"from_web_editor":true,"normalize_sound":true,"normalize_change_allowed":true,"best2015_addable":false,"ahmad_promo":null,"promo_data":null,"audio_copyright_claim":null,"ads_disabled":false,"is_safe_for_ads":true,"megafon_contents":[],"position_on_page":2},{"flag":null,"abuses":null,"recoubs_by_users_channels":null,"favourite":false,"promoted_id":null,"recoub":null,"like":null,"dislike":null,"reaction":null,"in_my_best2015":false,"id":115501810,"type":"Coub::Simple","permalink":"1wcz49","title":"Beauty & Beauty","visibility_type":"public","original_visibility_type":"public","channel_id":1777474,"created_at":"2019-06-18T21:28:56Z","updated_at":"2022-03-07T13:17:18Z","is_done":true,"views_count":163931,"cotd":null,"cotd_at":null,"visible_on_explore_root":false,"visible_on_explore":false,"featured":false,"published":true,"published_at":"2019-06-18T22:38:45Z","reversed":false,"from_editor_v2":true,"is_editable":true,"original_sound":false,"has_sound":false,"recoub_to":null,"file_versions":{"html5":{"video":{"higher":{"url":"https://coub-anubis-a.akamaized.net/coub_storage/coub/simple/cw_file/b28057ded96/c44ff1cc8adfc5c707b98/muted_mp4_huge_size_1570537480_muted_huge.mp4","size":2901026},"high":{"url":"https://coub-anubis-a.akamaized.net/coub_storage/coub/simple/cw_file/b28057ded96/c44ff1cc8adfc5c707b98/muted_mp4_big_size_1570537480_muted_big.mp4","size":2143628},"med":{"url":"https://coub-anubis-a.akamaized.net/coub_storage/coub/simple/cw_file/b28057ded96/c44ff1cc8adfc5c707b98/muted_mp4_med_size_1570537480_muted_med.mp4","size":732213}},"audio":{"high":{"url":"https://coub-anubis-a.akamaized.net/coub_storage/coub/simple/cw_looped_audio_high/00a3e6f142a/c2c2522b68ac645b6bc3c/1605657773_high_1560897302_high.mp3","size":4205465},"med":{"url":"https://coub-anubis-a.akamaized.net/coub_storage/coub/simple/cw_looped_audio_med/6f5cf40e764/3f54464ffb2f1227e2b9e/1605657771_med_1560897302_med.mp3","size":3097059}}},"mobile":{"video":"https://coub-anubis-a.akamaized.net/coub_storage/coub/simple/cw_file/b28057ded96/c44ff1cc8adfc5c707b98/muted_mp4_med_size_1570537480_muted_med.mp4","audio":["https://coub-anubis-a.akamaized.net/coub_storage/coub/simple/cw_looped_audio_med/6f5cf40e764/3f54464ffb2f1227e2b9e/1605657771_med_1560897302_med.mp3"]},"share":{"default":"https://coub-anubis-a.akamaized.net/coub_storage/coub/simple/cw_video_for_sharing/25a64bc1939/176a571aae4c9b44076a2/1610807838_looped_1610807837.mp4"}},"audio_versions":{"template":"https://coub-anubis-a.akamaized.net/coub_storage/audio_track/cw_normalized_copy/e6784cbcd19/6b918742542974f8489e7/mid_1560897288_normalized_1560897262_14n9cmu_edited.mp3","versions":["mid","low"]},"image_versions":{"template":"https://coub-anubis-a.akamaized.net/coub_storage/coub/simple/cw_image/c4f4fdb0d25/c4ae14abdfd2f3c07a7e4/1560897317_00032.jpg","versions":["micro","tiny","age_restricted","ios_large","ios_mosaic","big","med","small","pinterest"]},"first_frame_versions":{"template":"https://coub-anubis-a.akamaized.net/coub_storage/coub/simple/cw_timeline_pic/42d880f17e4/31369131f4af9a7223187/%{version}_1560897316_image.jpg","versions":["big","med","small","ios_large"]},"dimensions":{"big":[1280,720],"med":[640,360]},"site_w_h":[640,360],"page_w_h":[640,360],"site_w_h_small":[310,174],"size":[1280,720],"age_restricted":false,"age_restricted_by_admin":false,"not_safe_for_work":false,"allow_reuse":false,"dont_crop":false,"banned":false,"global_safe":true,"audio_file_url":"https://coub-anubis-a.akamaized.net/coub_storage/audio_track/cw_normalized_copy/e6784cbcd19/6b918742542974f8489e7/low_1560897288_normalized_1560897262_14n9cmu_edited.mp3","external_download":false,"application":null,"channel":{"id":1777474,"permalink":"mcsquare","title":"MCsquare","description":"All accurate short","followers_count":2061,"following_count":109,"avatar_versions":{"template":"https://coub-anubis-a.akamaized.net/coub_storage/channel/cw_avatar/25ea21e1e15/3cfc2c2c5ac14a77367ad/%{version}_1625994921_ava.jpg","versions":["medium","medium_2x","profile_pic","profile_pic_new","profile_pic_new_2x","tiny","tiny_2x","small","small_2x","ios_large","ios_small"]}},"file":null,"picture":"https://coub-anubis-a.akamaized.net/coub_storage/coub/simple/cw_image/c4f4fdb0d25/c4ae14abdfd2f3c07a7e4/1560897317_00032.jpg","timeline_picture":"https://coub-anubis-a.akamaized.net/coub_storage/coub/simple/cw_timeline_pic/42d880f17e4/31369131f4af9a7223187/ios_large_1560897316_image.jpg","small_picture":"https://coub-anubis-a.akamaized.net/coub_storage/coub/simple/cw_image/c4f4fdb0d25/c4ae14abdfd2f3c07a7e4/1560897317_00032.jpg","sharing_picture":null,"percent_done":100,"tags":[{"id":617453,"title":"aline weber","value":"aline%20weber"},{"id":85076,"title":"karlie kloss","value":"karlie%20kloss"},{"id":865573,"title":"김현중","value":"%EA%B9%80%ED%98%84%EC%A4%91"},{"id":5024845,"title":"beauty beauty","value":"beauty%20beauty"},{"id":128633,"title":"supermodel","value":"supermodel"},{"id":4442,"title":"model","value":"model"},{"id":265,"title":"girls","value":"girls"},{"id":4403125,"title":"kim hyun joong","value":"kim%20hyun%20joong"},{"id":10758,"title":"2012","value":"2012"},{"id":108697,"title":"swell","value":"swell"}],"categories":[{"id":16,"title":"Fashion & Beauty","permalink":"fashion","subscriptions_count":10059485,"big_image_url":"https://coub-anubis-a.akamaized.net/coub_storage/category/cw_image/503df3602c0/3bb25ae4face4a7c9a6f8/big_1544654169_Fashion.png","small_image_url":"https://coub-anubis-a.akamaized.net/coub_storage/category/cw_image/503df3602c0/3bb25ae4face4a7c9a6f8/small_1544654169_Fashion.png","med_image_url":"https://coub-anubis-a.akamaized.net/coub_storage/category/cw_image/503df3602c0/3bb25ae4face4a7c9a6f8/med_1544654169_Fashion.png","visible":true}],"communities":[{"id":16,"title":"Fashion & Beauty","permalink":"fashion","subscriptions_count":10059485,"big_image_url":"https://coub-anubis-a.akamaized.net/coub_storage/category/cw_image/503df3602c0/3bb25ae4face4a7c9a6f8/big_1544654169_Fashion.png","small_image_url":"https://coub-anubis-a.akamaized.net/coub_storage/category/cw_image/503df3602c0/3bb25ae4face4a7c9a6f8/small_1544654169_Fashion.png","med_image_url":"https://coub-anubis-a.akamaized.net/coub_storage/category/cw_image/503df3602c0/3bb25ae4face4a7c9a6f8/med_1544654169_Fashion.png","i_subscribed":true,"community_notifications_enabled":null,"description":null}],"recoubs_count":320,"remixes_count":10,"likes_count":1721,"dislikes_count":0,"raw_video_id":13868804,"uploaded_by_ios_app":false,"uploaded_by_android_app":false,"media_blocks":{"uploaded_raw_videos":[],"external_raw_videos":[],"remixed_from_coubs":[]},"raw_video_thumbnail_url":"/missing/missing.png","raw_video_title":"KarlieandAline.mp4","video_block_banned":false,"duration":10.0,"promo_winner":false,"promo_winner_recoubers":null,"editorial_info":{},"promo_hint":null,"beeline_best_2014":null,"from_web_editor":true,"normalize_sound":true,"normalize_change_allowed":true,"best2015_addable":false,"ahmad_promo":null,"promo_data":null,"audio_copyright_claim":null,"ads_disabled":false,"is_safe_for_ads":true,"megafon_contents":[],"position_on_page":3},{"flag":null,"abuses":null,"recoubs_by_users_channels":null,"favourite":false,"promoted_id":null,"recoub":null,"like":null,"dislike":null,"reaction":null,"in_my_best2015":false,"id":111756273,"type":"Coub::Simple","permalink":"1u4p0l","title":"2b cosplay Nier Automata","visibility_type":"public","original_visibility_type":"public","channel_id":5565397,"created_at":"2019-05-13T08:12:31Z","updated_at":"2022-03-16T00:43:12Z","is_done":true,"views_count":123879,"cotd":null,"cotd_at":null,"visible_on_explore_root":false,"visible_on_explore":false,"featured":false,"published":true,"published_at":"2019-05-13T08:12:31Z","reversed":false,"from_editor_v2":true,"is_editable":true,"original_sound":false,"has_sound":false,"recoub_to":null,"file_versions":{"html5":{"video":{"higher":{"url":"https://coub-anubis-a.akamaized.net/coub_storage/coub/simple/cw_file/ac0978f8cbe/c97bf14a61202597e2b2f/muted_mp4_huge_size_1570897123_muted_huge.mp4","size":3276150},"high":{"url":"https://coub-anubis-a.akamaized.net/coub_storage/coub/simple/cw_file/ac0978f8cbe/c97bf14a61202597e2b2f/muted_mp4_big_size_1570897123_muted_big.mp4","size":2336736},"med":{"url":"https://coub-anubis-a.akamaized.net/coub_storage/coub/simple/cw_file/ac0978f8cbe/c97bf14a61202597e2b2f/muted_mp4_med_size_1570897123_muted_med.mp4","size":661194}},"audio":{"high":{"url":"https://coub-anubis-a.akamaized.net/coub_storage/coub/simple/cw_looped_audio_high/0561149444b/0de83d808f7c02f2840cc/1605672478_high_1570897134_high.mp3","size":815965},"med":{"url":"https://coub-anubis-a.akamaized.net/coub_storage/coub/simple/cw_looped_audio_med/52466347a97/c6f5d1582ffb38b8efc39/1605672478_med_1570897134_med.mp3","size":583800}}},"mobile":{"video":"https://coub-anubis-a.akamaized.net/coub_storage/coub/simple/cw_file/ac0978f8cbe/c97bf14a61202597e2b2f/muted_mp4_med_size_1570897123_muted_med.mp4","audio":["https://coub-anubis-a.akamaized.net/coub_storage/coub/simple/cw_looped_audio_med/52466347a97/c6f5d1582ffb38b8efc39/1605672478_med_1570897134_med.mp3"]},"share":{"default":"https://coub-anubis-a.akamaized.net/coub_storage/coub/simple/cw_video_for_sharing/e058704311a/b3c2ef23ab154a2706416/1614267193_looped_1614267192.mp4"}},"audio_versions":{"template":"https://coub-anubis-a.akamaized.net/coub_storage/audio_track/cw_file/a43a2eb0bca/085f43842f84cbf055fb6/mid_1570897125_1p99v5z_edited.mp3","versions":["mid","low"]},"image_versions":{"template":"https://coub-anubis-a.akamaized.net/coub_storage/coub/simple/cw_image/6c1c0145de7/c1df36d7ee22bdaac2f70/1570897154_00032.jpg","versions":["micro","tiny","age_restricted","ios_large","ios_mosaic","big","med","small","pinterest"]},"first_frame_versions":{"template":"https://coub-anubis-a.akamaized.net/coub_storage/coub/simple/cw_timeline_pic/b8e63fc69e6/75527d289f8b5b4f0c0a8/%{version}_1570897151_image.jpg","versions":["big","med","small","ios_large"]},"dimensions":{"big":[1280,720],"med":[640,360]},"site_w_h":[640,360],"page_w_h":[640,360],"site_w_h_small":[310,174],"size":[1280,720],"age_restricted":false,"age_restricted_by_admin":false,"not_safe_for_work":false,"allow_reuse":false,"dont_crop":false,"banned":false,"global_safe":true,"audio_file_url":"https://coub-anubis-a.akamaized.net/coub_storage/audio_track/cw_file/a43a2eb0bca/085f43842f84cbf055fb6/low_1570897125_1p99v5z_edited.mp3","external_download":{"type":"Youtube","service_name":"YouTube","url":"https://youtu.be/eWk_BiZ6KDI","has_embed":true},"application":null,"channel":{"id":5565397,"permalink":"ikuzo-cosplay","title":"Ikuzo Cosplay!","description":"The best cosplay edits. Жми «рекуб», чтобы видеть трек. \n\nMust follow.","followers_count":1234,"following_count":533,"avatar_versions":{"template":"https://coub-anubis-a.akamaized.net/coub_storage/channel/cw_avatar/03c0d116d90/134a3f1eb02bdb2293397/%{version}_1607421608_1e2phzb_1599845154_filename.jpeg","versions":["medium","medium_2x","profile_pic","profile_pic_new","profile_pic_new_2x","tiny","tiny_2x","small","small_2x","ios_large","ios_small"]}},"file":null,"picture":"https://coub-anubis-a.akamaized.net/coub_storage/coub/simple/cw_image/6c1c0145de7/c1df36d7ee22bdaac2f70/1570897154_00032.jpg","timeline_picture":"https://coub-anubis-a.akamaized.net/coub_storage/coub/simple/cw_timeline_pic/b8e63fc69e6/75527d289f8b5b4f0c0a8/ios_large_1570897151_image.jpg","small_picture":"https://coub-anubis-a.akamaized.net/coub_storage/coub/simple/cw_image/6c1c0145de7/c1df36d7ee22bdaac2f70/1570897154_00032.jpg","sharing_picture":null,"percent_done":100,"tags":[{"id":984674,"title":"nier","value":"nier"},{"id":12035,"title":"cosplay","value":"cosplay"},{"id":565756,"title":"2b","value":"2b"},{"id":13244,"title":"backstage","value":"backstage"}],"categories":[{"id":16,"title":"Fashion & Beauty","permalink":"fashion","subscriptions_count":10059485,"big_image_url":"https://coub-anubis-a.akamaized.net/coub_storage/category/cw_image/503df3602c0/3bb25ae4face4a7c9a6f8/big_1544654169_Fashion.png","small_image_url":"https://coub-anubis-a.akamaized.net/coub_storage/category/cw_image/503df3602c0/3bb25ae4face4a7c9a6f8/small_1544654169_Fashion.png","med_image_url":"https://coub-anubis-a.akamaized.net/coub_storage/category/cw_image/503df3602c0/3bb25ae4face4a7c9a6f8/med_1544654169_Fashion.png","visible":true}],"communities":[{"id":16,"title":"Fashion & Beauty","permalink":"fashion","subscriptions_count":10059485,"big_image_url":"https://coub-anubis-a.akamaized.net/coub_storage/category/cw_image/503df3602c0/3bb25ae4face4a7c9a6f8/big_1544654169_Fashion.png","small_image_url":"https://coub-anubis-a.akamaized.net/coub_storage/category/cw_image/503df3602c0/3bb25ae4face4a7c9a6f8/small_1544654169_Fashion.png","med_image_url":"https://coub-anubis-a.akamaized.net/coub_storage/category/cw_image/503df3602c0/3bb25ae4face4a7c9a6f8/med_1544654169_Fashion.png","i_subscribed":true,"community_notifications_enabled":null,"description":null}],"recoubs_count":330,"remixes_count":1,"likes_count":1720,"dislikes_count":0,"raw_video_id":13694877,"uploaded_by_ios_app":true,"uploaded_by_android_app":false,"media_blocks":{"uploaded_raw_videos":[],"external_raw_videos":[{"id":31780806,"title":"2b cosplay Nier Automata","url":"https://www.youtube.com/watch?v=eWk_BiZ6KDI","image":"https://coub-anubis-a.akamaized.net/coub_storage/media_block/cw_image/22a10da3ed4/163e5dab5be80c3b7fd73/1557733382_10844zw_1557733365_v47xyg_att-url-download.jpg","image_retina":"https://coub-anubis-a.akamaized.net/coub_storage/media_block/cw_image/22a10da3ed4/163e5dab5be80c3b7fd73/1557733382_10844zw_1557733365_v47xyg_att-url-download.jpg","meta":{"service":"Youtube","duration":"77.16"},"duration":77.16,"raw_video_id":13694877,"has_embed":true}],"remixed_from_coubs":[],"external_video":{"id":31780806,"title":"2b cosplay Nier Automata","url":"https://www.youtube.com/watch?v=eWk_BiZ6KDI","image":"https://coub-anubis-a.akamaized.net/coub_storage/media_block/cw_image/22a10da3ed4/163e5dab5be80c3b7fd73/1557733382_10844zw_1557733365_v47xyg_att-url-download.jpg","image_retina":"https://coub-anubis-a.akamaized.net/coub_storage/media_block/cw_image/22a10da3ed4/163e5dab5be80c3b7fd73/1557733382_10844zw_1557733365_v47xyg_att-url-download.jpg","meta":{"service":"Youtube","duration":"77.16"},"duration":77.16,"raw_video_id":13694877,"has_embed":true}},"raw_video_thumbnail_url":"/missing/missing.png","raw_video_title":"2b cosplay Nier Automata","video_block_banned":false,"duration":10.08,"promo_winner":false,"promo_winner_recoubers":null,"editorial_info":{},"promo_hint":null,"beeline_best_2014":null,"from_web_editor":false,"normalize_sound":false,"normalize_change_allowed":true,"best2015_addable":false,"ahmad_promo":null,"promo_data":null,"audio_copyright_claim":null,"ads_disabled":false,"is_safe_for_ads":true,"megafon_contents":[],"position_on_page":4},{"flag":null,"abuses":null,"recoubs_by_users_channels":null,"favourite":false,"promoted_id":null,"recoub":null,"like":null,"dislike":null,"reaction":null,"in_my_best2015":false,"id":2109585,"type":"Coub::Simple","permalink":"t2db","title":"Catch U [† CΛIN † – ☾IMΣ†RY (Wiggψ Wiggψ)]","visibility_type":"public","original_visibility_type":"public","channel_id":335182,"created_at":"2014-02-26T19:02:57Z","updated_at":"2022-03-09T19:54:03Z","is_done":true,"views_count":98736,"cotd":null,"cotd_at":null,"visible_on_explore_root":true,"visible_on_explore":true,"featured":true,"published":true,"published_at":"2014-02-26T19:02:57Z","reversed":true,"from_editor_v2":true,"is_editable":true,"original_sound":false,"has_sound":false,"recoub_to":null,"file_versions":{"html5":{"video":{"higher":{"url":"https://coub-anubis-a.akamaized.net/coub_storage/coub/simple/cw_file/bbb1dd977a9/655fbb9edfa2e17aac4a5/muted_mp4_huge_size_1567696544_muted_huge.mp4","size":675043},"high":{"url":"https://coub-anubis-a.akamaized.net/coub_storage/coub/simple/cw_file/bbb1dd977a9/655fbb9edfa2e17aac4a5/muted_mp4_big_size_1567696544_muted_big.mp4","size":462735},"med":{"url":"https://coub-anubis-a.akamaized.net/coub_storage/coub/simple/cw_file/bbb1dd977a9/655fbb9edfa2e17aac4a5/muted_mp4_med_size_1567696544_muted_med.mp4","size":158587}},"audio":{"high":{"url":"https://coub-anubis-a.akamaized.net/coub_storage/coub/simple/cw_looped_audio_high/3243a1c0849/d1856d555d11d162c7a54/1605424098_high_1445979113_high.mp3","size":4610506},"med":{"url":"https://coub-anubis-a.akamaized.net/coub_storage/coub/simple/cw_looped_audio_med/bc3c407ebf0/62300c8fae03cc4cc2340/1605424097_med_1445979113_med.mp3","size":3073670}}},"mobile":{"video":"https://coub-anubis-a.akamaized.net/coub_storage/coub/simple/cw_file/bbb1dd977a9/655fbb9edfa2e17aac4a5/muted_mp4_med_size_1567696544_muted_med.mp4","audio":["https://coub-anubis-a.akamaized.net/coub_storage/coub/simple/cw_looped_audio_med/bc3c407ebf0/62300c8fae03cc4cc2340/1605424097_med_1445979113_med.mp3"]},"share":{"default":"https://coub-anubis-a.akamaized.net/coub_storage/coub/simple/cw_video_for_sharing/894177438d0/4c3438d0ea921ca3f6f47/1615136337_looped_1615136336.mp4"}},"audio_versions":{"template":"https://coub-anubis-a.akamaized.net/coub_storage/audio_track/cw_normalized_copy/292b9ad32a3/f3850d0d3adb49f9381db/mid_1488928319_qjoegi_normalized_1414572310_1393441242_audio.mp3","versions":["mid","low"]},"image_versions":{"template":"https://coub-anubis-a.akamaized.net/coub_storage/coub/simple/cw_image/cd999baec19/09d36df9405178d7f6965/1434654055_00012.jpg","versions":["micro","tiny","age_restricted","ios_large","ios_mosaic","big","med","small","pinterest"]},"first_frame_versions":{"template":"https://coub-anubis-a.akamaized.net/coub_storage/coub/simple/cw_timeline_pic/cd999baec19/09d36df9405178d7f6965/%{version}_1434654055_image.jpg","versions":["big","med","small","ios_large"]},"dimensions":{"big":[1280,718],"med":[640,358]},"site_w_h":[640,359],"page_w_h":[640,359],"site_w_h_small":[310,174],"size":[1280,718],"age_restricted":false,"age_restricted_by_admin":false,"not_safe_for_work":null,"allow_reuse":false,"dont_crop":false,"banned":false,"global_safe":true,"audio_file_url":"https://coub-anubis-a.akamaized.net/coub_storage/audio_track/cw_normalized_copy/292b9ad32a3/f3850d0d3adb49f9381db/low_1488928319_qjoegi_normalized_1414572310_1393441242_audio.mp3","external_download":false,"application":null,"channel":{"id":335182,"permalink":"andrey-gerasimchuk","title":"Andrey Gerasimchuk","description":null,"followers_count":51,"following_count":4,"avatar_versions":{"template":"https://coub-anubis-a.akamaized.net/coub_storage/channel/cw_avatar/0edfb8b90fa/325fa51a5d0ac9739e965/%{version}_1562358723_Dz_d1wDV4AAxk76.jpg","versions":["medium","medium_2x","profile_pic","profile_pic_new","profile_pic_new_2x","tiny","tiny_2x","small","small_2x","ios_large","ios_small"]}},"file":null,"picture":"https://coub-anubis-a.akamaized.net/coub_storage/coub/simple/cw_image/cd999baec19/09d36df9405178d7f6965/1434654055_00012.jpg","timeline_picture":"https://coub-anubis-a.akamaized.net/coub_storage/coub/simple/cw_timeline_pic/cd999baec19/09d36df9405178d7f6965/ios_large_1434654055_image.jpg","small_picture":"https://coub-anubis-a.akamaized.net/coub_storage/coub/simple/cw_image/cd999baec19/09d36df9405178d7f6965/1434654055_00012.jpg","sharing_picture":null,"percent_done":100,"tags":[{"id":6324,"title":"pussy","value":"pussy"},{"id":2980,"title":"look","value":"look"},{"id":182,"title":"dance","value":"dance"}],"categories":[{"id":16,"title":"Fashion & Beauty","permalink":"fashion","subscriptions_count":10059485,"big_image_url":"https://coub-anubis-a.akamaized.net/coub_storage/category/cw_image/503df3602c0/3bb25ae4face4a7c9a6f8/big_1544654169_Fashion.png","small_image_url":"https://coub-anubis-a.akamaized.net/coub_storage/category/cw_image/503df3602c0/3bb25ae4face4a7c9a6f8/small_1544654169_Fashion.png","med_image_url":"https://coub-anubis-a.akamaized.net/coub_storage/category/cw_image/503df3602c0/3bb25ae4face4a7c9a6f8/med_1544654169_Fashion.png","visible":true}],"communities":[{"id":16,"title":"Fashion & Beauty","permalink":"fashion","subscriptions_count":10059485,"big_image_url":"https://coub-anubis-a.akamaized.net/coub_storage/category/cw_image/503df3602c0/3bb25ae4face4a7c9a6f8/big_1544654169_Fashion.png","small_image_url":"https://coub-anubis-a.akamaized.net/coub_storage/category/cw_image/503df3602c0/3bb25ae4face4a7c9a6f8/small_1544654169_Fashion.png","med_image_url":"https://coub-anubis-a.akamaized.net/coub_storage/category/cw_image/503df3602c0/3bb25ae4face4a7c9a6f8/med_1544654169_Fashion.png","i_subscribed":true,"community_notifications_enabled":null,"description":null}],"recoubs_count":414,"remixes_count":8,"likes_count":1720,"dislikes_count":0,"raw_video_id":503577,"uploaded_by_ios_app":false,"uploaded_by_android_app":false,"media_blocks":{"uploaded_raw_videos":[],"external_raw_videos":[],"remixed_from_coubs":[],"audio_track":{"id":19214818,"title":"Unknown","url":null,"image":null,"image_retina":null,"meta":{"year":null,"album":null,"title":"Unknown","artist":null,"echonest_id":null},"duration":null,"amazon_url":null,"google_play_url":null,"bandcamp_url":null,"soundcloud_url":null,"track_name":null,"track_artist":null,"track_album":null,"itunes_url":null}},"raw_video_thumbnail_url":"/missing/missing.png","raw_video_title":"Andrey Gerasimchuks Videos  341 videos (1).mp4","video_block_banned":false,"duration":3.76,"promo_winner":false,"promo_winner_recoubers":null,"editorial_info":{},"promo_hint":null,"beeline_best_2014":null,"from_web_editor":true,"normalize_sound":true,"normalize_change_allowed":true,"best2015_addable":false,"ahmad_promo":null,"promo_data":null,"audio_copyright_claim":null,"ads_disabled":null,"is_safe_for_ads":true,"megafon_contents":[],"position_on_page":5},{"flag":null,"abuses":null,"recoubs_by_users_channels":null,"favourite":false,"promoted_id":null,"recoub":null,"like":null,"dislike":null,"reaction":null,"in_my_best2015":false,"id":168252595,"type":"Coub::Simple","permalink":"2rtre0","title":" Great Mage Demia косплей (song: Celtic Woman - Téir Abhaile Riú)","visibility_type":"public","original_visibility_type":"public","channel_id":5063935,"created_at":"2021-05-06T17:57:42Z","updated_at":"2022-03-15T21:50:20Z","is_done":true,"views_count":133851,"cotd":null,"cotd_at":null,"visible_on_explore_root":false,"visible_on_explore":false,"featured":false,"published":true,"published_at":"2021-05-06T18:32:34Z","reversed":false,"from_editor_v2":true,"is_editable":true,"original_sound":false,"has_sound":false,"recoub_to":null,"file_versions":{"html5":{"video":{"higher":{"url":"https://coub-anubis-a.akamaized.net/coub_storage/coub/simple/cw_file/fadbf58abdb/e21ac1e19a4a7e3a18cd4/muted_mp4_huge_size_1620323870_muted_huge.mp4","size":1974133},"high":{"url":"https://coub-anubis-a.akamaized.net/coub_storage/coub/simple/cw_file/fadbf58abdb/e21ac1e19a4a7e3a18cd4/muted_mp4_big_size_1620323870_muted_big.mp4","size":1202788},"med":{"url":"https://coub-anubis-a.akamaized.net/coub_storage/coub/simple/cw_file/fadbf58abdb/e21ac1e19a4a7e3a18cd4/muted_mp4_med_size_1620323870_muted_med.mp4","size":397522}},"audio":{"high":{"url":"https://coub-anubis-a.akamaized.net/coub_storage/coub/simple/cw_looped_audio_high/b8fddc7d3f4/22592483d3f26c0ad9e8e/1620323899_mp3-high.mp3","size":3357123},"med":{"url":"https://coub-anubis-a.akamaized.net/coub_storage/coub/simple/cw_looped_audio_med/0ba162d0450/ecac881bff2f2a3753b5c/1620323895_mp3-med.mp3","size":2522158}}},"mobile":{"video":"https://coub-anubis-a.akamaized.net/coub_storage/coub/simple/cw_file/fadbf58abdb/e21ac1e19a4a7e3a18cd4/muted_mp4_med_size_1620323870_muted_med.mp4","audio":["https://coub-anubis-a.akamaized.net/coub_storage/coub/simple/cw_looped_audio_med/0ba162d0450/ecac881bff2f2a3753b5c/1620323895_mp3-med.mp3"]},"share":{"default":"https://coub-anubis-a.akamaized.net/coub_storage/coub/simple/cw_video_for_sharing/e0b27d0e3ae/2e8a2148e04828f01906d/1620323926_looped_1620323926.mp4"}},"audio_versions":{"template":"https://coub-anubis-a.akamaized.net/coub_storage/audio_track/cw_file/5620b08f7c2/2d00e7616820e4948b8ef/mid_1620323873_zn76re_edited.mp3","versions":["mid","low"]},"image_versions":{"template":"https://coub-anubis-a.akamaized.net/coub_storage/coub/simple/cw_image/f8decb5297d/5e853386400c7ebfd9e19/%{version}_1620323905_00027.jpg","versions":["micro","tiny","age_restricted","ios_large","ios_mosaic","big","med","small","pinterest"]},"first_frame_versions":{"template":"https://coub-anubis-a.akamaized.net/coub_storage/coub/simple/cw_timeline_pic/9618cad6548/2fc92a5973c01d3a8d91e/%{version}_1620323905_image.jpg","versions":["big","med","small","ios_large"]},"dimensions":{"big":[768,960],"med":[384,480]},"site_w_h":[320,400],"page_w_h":[400,500],"site_w_h_small":[310,388],"size":[768,960],"age_restricted":false,"age_restricted_by_admin":false,"not_safe_for_work":false,"allow_reuse":false,"dont_crop":true,"banned":false,"global_safe":null,"audio_file_url":"https://coub-anubis-a.akamaized.net/coub_storage/audio_track/cw_file/5620b08f7c2/2d00e7616820e4948b8ef/low_1620323873_zn76re_edited.mp3","external_download":{"type":"Instagram","service_name":"Instagram","url":"https://www.instagram.com/p/CB-UceKhAYN/","has_embed":false},"application":null,"channel":{"id":5063935,"permalink":"hachi-franxx","title":"Hachi Franxx","description":"Like, follow and, most importantly, repost!","followers_count":4823,"following_count":40,"avatar_versions":{"template":"https://coub-anubis-a.akamaized.net/coub_storage/channel/cw_avatar/164d0f0a980/3f67e0b8d5814ca21713f/%{version}_1607421387_15qy57m_1547914543_filename.jpeg","versions":["medium","medium_2x","profile_pic","profile_pic_new","profile_pic_new_2x","tiny","tiny_2x","small","small_2x","ios_large","ios_small"]}},"file":null,"picture":"https://coub-anubis-a.akamaized.net/coub_storage/coub/simple/cw_image/f8decb5297d/5e853386400c7ebfd9e19/med_1620323905_00027.jpg","timeline_picture":"https://coub-anubis-a.akamaized.net/coub_storage/coub/simple/cw_timeline_pic/9618cad6548/2fc92a5973c01d3a8d91e/ios_large_1620323905_image.jpg","small_picture":"https://coub-anubis-a.akamaized.net/coub_storage/coub/simple/cw_image/f8decb5297d/5e853386400c7ebfd9e19/ios_mosaic_1620323905_00027.jpg","sharing_picture":null,"percent_done":100,"tags":[{"id":4969700,"title":"smilecutty","value":"smilecutty"},{"id":4084416,"title":"demia","value":"demia"},{"id":5419871,"title":"interspecies reviewers","value":"interspecies%20reviewers"},{"id":1101429,"title":"anime cosplay","value":"anime%20cosplay"},{"id":12035,"title":"cosplay","value":"cosplay"},{"id":33872,"title":"косплей","value":"%D0%BA%D0%BE%D1%81%D0%BF%D0%BB%D0%B5%D0%B9"},{"id":394775,"title":"asian girls","value":"asian%20girls"},{"id":5333993,"title":"taiwanese girls","value":"taiwanese%20girls"},{"id":16102,"title":"taiwan","value":"taiwan"},{"id":6298391,"title":"song: celtic woman - téir abhaile riú","value":"song:%20celtic%20woman%20-%20t%C3%A9ir%20abhaile%20ri%C3%BA"}],"categories":[{"id":16,"title":"Fashion & Beauty","permalink":"fashion","subscriptions_count":10059485,"big_image_url":"https://coub-anubis-a.akamaized.net/coub_storage/category/cw_image/503df3602c0/3bb25ae4face4a7c9a6f8/big_1544654169_Fashion.png","small_image_url":"https://coub-anubis-a.akamaized.net/coub_storage/category/cw_image/503df3602c0/3bb25ae4face4a7c9a6f8/small_1544654169_Fashion.png","med_image_url":"https://coub-anubis-a.akamaized.net/coub_storage/category/cw_image/503df3602c0/3bb25ae4face4a7c9a6f8/med_1544654169_Fashion.png","visible":true}],"communities":[{"id":16,"title":"Fashion & Beauty","permalink":"fashion","subscriptions_count":10059485,"big_image_url":"https://coub-anubis-a.akamaized.net/coub_storage/category/cw_image/503df3602c0/3bb25ae4face4a7c9a6f8/big_1544654169_Fashion.png","small_image_url":"https://coub-anubis-a.akamaized.net/coub_storage/category/cw_image/503df3602c0/3bb25ae4face4a7c9a6f8/small_1544654169_Fashion.png","med_image_url":"https://coub-anubis-a.akamaized.net/coub_storage/category/cw_image/503df3602c0/3bb25ae4face4a7c9a6f8/med_1544654169_Fashion.png","i_subscribed":true,"community_notifications_enabled":null,"description":null}],"recoubs_count":279,"remixes_count":1,"likes_count":1719,"dislikes_count":0,"raw_video_id":16418155,"uploaded_by_ios_app":false,"uploaded_by_android_app":false,"media_blocks":{"uploaded_raw_videos":[],"external_raw_videos":[{"id":38806282,"title":"Shot by smilecutty","url":"http://instagram.com/p/CB-UceKhAYN/","image":"https://coub-anubis-a.akamaized.net/coub_storage/media_block/cw_image/5087a8b42de/5ee1bb5e4f19c676ac207/video_1620323298_1hcbvds_1620323290_image.jpg","image_retina":"https://coub-anubis-a.akamaized.net/coub_storage/media_block/cw_image/5087a8b42de/5ee1bb5e4f19c676ac207/video_retina_1620323298_1hcbvds_1620323290_image.jpg","meta":{"service":"Instagram","duration":"16.12"},"duration":16.12,"raw_video_id":16418155,"has_embed":false}],"remixed_from_coubs":[],"external_video":{"id":38806282,"title":"Shot by smilecutty","url":"http://instagram.com/p/CB-UceKhAYN/","image":"https://coub-anubis-a.akamaized.net/coub_storage/media_block/cw_image/5087a8b42de/5ee1bb5e4f19c676ac207/video_1620323298_1hcbvds_1620323290_image.jpg","image_retina":"https://coub-anubis-a.akamaized.net/coub_storage/media_block/cw_image/5087a8b42de/5ee1bb5e4f19c676ac207/video_retina_1620323298_1hcbvds_1620323290_image.jpg","meta":{"service":"Instagram","duration":"16.12"},"duration":16.12,"raw_video_id":16418155,"has_embed":false}},"raw_video_thumbnail_url":"https://coub-anubis-a.akamaized.net/coub_storage/raw_video/cw_image/a7ee2a07f54/7eac1eb98c191ee0c0002/coub_media_1620323290_1620323290_image.jpg","raw_video_title":"Shot by smilecutty","video_block_banned":false,"duration":8.48,"promo_winner":false,"promo_winner_recoubers":null,"editorial_info":{},"promo_hint":null,"beeline_best_2014":null,"from_web_editor":true,"normalize_sound":false,"normalize_change_allowed":true,"best2015_addable":false,"ahmad_promo":null,"promo_data":null,"audio_copyright_claim":null,"ads_disabled":false,"is_safe_for_ads":true,"megafon_contents":[],"position_on_page":6},{"flag":null,"abuses":null,"recoubs_by_users_channels":null,"favourite":false,"promoted_id":null,"recoub":null,"like":null,"dislike":null,"reaction":null,"in_my_best2015":false,"id":170097103,"type":"Coub::Simple","permalink":"2sxamt","title":" ","visibility_type":"public","original_visibility_type":"public","channel_id":4272539,"created_at":"2021-06-07T03:03:44Z","updated_at":"2022-03-12T19:04:44Z","is_done":true,"views_count":132486,"cotd":null,"cotd_at":null,"visible_on_explore_root":false,"visible_on_explore":false,"featured":false,"published":true,"published_at":"2021-06-07T03:03:43Z","reversed":false,"from_editor_v2":true,"is_editable":true,"original_sound":true,"has_sound":true,"recoub_to":null,"file_versions":{"html5":{"video":{"higher":{"url":"https://coub-anubis-a.akamaized.net/coub_storage/coub/simple/cw_file/8d7f9c7157f/926d9cb518fdee0ab6189/muted_mp4_huge_size_1623035028_muted_huge.mp4","size":2134447},"high":{"url":"https://coub-anubis-a.akamaized.net/coub_storage/coub/simple/cw_file/8d7f9c7157f/926d9cb518fdee0ab6189/muted_mp4_big_size_1623035028_muted_big.mp4","size":1295589},"med":{"url":"https://coub-anubis-a.akamaized.net/coub_storage/coub/simple/cw_file/8d7f9c7157f/926d9cb518fdee0ab6189/muted_mp4_med_size_1623035028_muted_med.mp4","size":433428}},"audio":{"high":{"url":"https://coub-anubis-a.akamaized.net/coub_storage/coub/simple/cw_looped_audio_high/f975ba93528/7f213086b6fa4b19d9ce2/1623035030_mp3-high.mp3","size":1025339},"med":{"url":"https://coub-anubis-a.akamaized.net/coub_storage/coub/simple/cw_looped_audio_med/947741473e5/08177b96c5bb2a586412e/1623035029_mp3-med.mp3","size":942420},"sample_duration":9.845}},"mobile":{"video":"https://coub-anubis-a.akamaized.net/coub_storage/coub/simple/cw_file/8d7f9c7157f/926d9cb518fdee0ab6189/muted_mp4_med_size_1623035028_muted_med.mp4","audio":["https://coub-anubis-a.akamaized.net/coub_storage/coub/simple/cw_looped_audio_med/947741473e5/08177b96c5bb2a586412e/1623035029_mp3-med.mp3"]},"share":{"default":"https://coub-anubis-a.akamaized.net/coub_storage/coub/simple/cw_video_for_sharing/ed7fba2ed99/6c5c889d05bbb4471e917/1623035053_looped_1623035053.mp4"}},"audio_versions":{},"image_versions":{"template":"https://coub-anubis-a.akamaized.net/coub_storage/coub/simple/cw_image/3549d5539d8/eb8e4917d1c56172ddce8/%{version}_1623035034_00032.jpg","versions":["micro","tiny","age_restricted","ios_large","ios_mosaic","big","med","small","pinterest"]},"first_frame_versions":{"template":"https://coub-anubis-a.akamaized.net/coub_storage/coub/simple/cw_timeline_pic/4399567c9de/af15343548de9c6d83e50/%{version}_1623035033_image.jpg","versions":["big","med","small","ios_large"]},"dimensions":{"big":[538,960],"med":[268,480]},"site_w_h":[224,400],"page_w_h":[400,714],"site_w_h_small":[310,553],"size":[538,960],"age_restricted":false,"age_restricted_by_admin":false,"not_safe_for_work":false,"allow_reuse":false,"dont_crop":true,"banned":false,"global_safe":null,"audio_file_url":null,"external_download":false,"application":null,"channel":{"id":4272539,"permalink":"satusanull","title":"Satusa","description":null,"followers_count":2592,"following_count":14,"avatar_versions":{"template":"https://coub-anubis-a.akamaized.net/coub_storage/channel/cw_avatar/1fe06d556a5/f6994ff41a131890ff311/%{version}_1631518330_cropped.jpeg","versions":["medium","medium_2x","profile_pic","profile_pic_new","profile_pic_new_2x","tiny","tiny_2x","small","small_2x","ios_large","ios_small"]}},"file":null,"picture":"https://coub-anubis-a.akamaized.net/coub_storage/coub/simple/cw_image/3549d5539d8/eb8e4917d1c56172ddce8/med_1623035034_00032.jpg","timeline_picture":"https://coub-anubis-a.akamaized.net/coub_storage/coub/simple/cw_timeline_pic/4399567c9de/af15343548de9c6d83e50/ios_large_1623035033_image.jpg","small_picture":"https://coub-anubis-a.akamaized.net/coub_storage/coub/simple/cw_image/3549d5539d8/eb8e4917d1c56172ddce8/ios_mosaic_1623035034_00032.jpg","sharing_picture":null,"percent_done":100,"tags":[{"id":6345982,"title":"dazymeow","value":"dazymeow"}],"categories":[{"id":16,"title":"Fashion & Beauty","permalink":"fashion","subscriptions_count":10059485,"big_image_url":"https://coub-anubis-a.akamaized.net/coub_storage/category/cw_image/503df3602c0/3bb25ae4face4a7c9a6f8/big_1544654169_Fashion.png","small_image_url":"https://coub-anubis-a.akamaized.net/coub_storage/category/cw_image/503df3602c0/3bb25ae4face4a7c9a6f8/small_1544654169_Fashion.png","med_image_url":"https://coub-anubis-a.akamaized.net/coub_storage/category/cw_image/503df3602c0/3bb25ae4face4a7c9a6f8/med_1544654169_Fashion.png","visible":true}],"communities":[{"id":16,"title":"Fashion & Beauty","permalink":"fashion","subscriptions_count":10059485,"big_image_url":"https://coub-anubis-a.akamaized.net/coub_storage/category/cw_image/503df3602c0/3bb25ae4face4a7c9a6f8/big_1544654169_Fashion.png","small_image_url":"https://coub-anubis-a.akamaized.net/coub_storage/category/cw_image/503df3602c0/3bb25ae4face4a7c9a6f8/small_1544654169_Fashion.png","med_image_url":"https://coub-anubis-a.akamaized.net/coub_storage/category/cw_image/503df3602c0/3bb25ae4face4a7c9a6f8/med_1544654169_Fashion.png","i_subscribed":true,"community_notifications_enabled":null,"description":null}],"recoubs_count":301,"remixes_count":2,"likes_count":1717,"dislikes_count":0,"raw_video_id":16507487,"uploaded_by_ios_app":false,"uploaded_by_android_app":true,"media_blocks":{"uploaded_raw_videos":[],"external_raw_videos":[],"remixed_from_coubs":[]},"raw_video_thumbnail_url":"/missing/missing.png","raw_video_title":null,"video_block_banned":false,"duration":10.0,"promo_winner":false,"promo_winner_recoubers":null,"editorial_info":{},"promo_hint":null,"beeline_best_2014":null,"from_web_editor":false,"normalize_sound":true,"normalize_change_allowed":true,"best2015_addable":false,"ahmad_promo":null,"promo_data":null,"audio_copyright_claim":null,"ads_disabled":false,"is_safe_for_ads":true,"megafon_contents":[],"position_on_page":7},{"flag":null,"abuses":null,"recoubs_by_users_channels":null,"favourite":false,"promoted_id":null,"recoub":null,"like":null,"dislike":null,"reaction":null,"in_my_best2015":false,"id":85655859,"type":"Coub::Simple","permalink":"1el9nl","title":"Bolder - Passive Aggressive ","visibility_type":"public","original_visibility_type":"public","channel_id":4057680,"created_at":"2018-09-18T19:41:52Z","updated_at":"2022-03-09T12:17:35Z","is_done":true,"views_count":168785,"cotd":null,"cotd_at":null,"visible_on_explore_root":true,"visible_on_explore":true,"featured":true,"published":true,"published_at":"2018-09-18T19:41:52Z","reversed":false,"from_editor_v2":true,"is_editable":true,"original_sound":false,"has_sound":false,"recoub_to":null,"file_versions":{"html5":{"video":{"higher":{"url":"https://coub-anubis-a.akamaized.net/coub_storage/coub/simple/cw_file/fd391e550da/f6185da3cb0cf458cb1f6/muted_mp4_huge_size_1570686684_muted_huge.mp4","size":3921703},"high":{"url":"https://coub-anubis-a.akamaized.net/coub_storage/coub/simple/cw_file/fd391e550da/f6185da3cb0cf458cb1f6/muted_mp4_big_size_1570686684_muted_big.mp4","size":2830653},"med":{"url":"https://coub-anubis-a.akamaized.net/coub_storage/coub/simple/cw_file/fd391e550da/f6185da3cb0cf458cb1f6/muted_mp4_med_size_1570686684_muted_med.mp4","size":876040}},"audio":{"high":{"url":"https://coub-anubis-a.akamaized.net/coub_storage/coub/simple/cw_looped_audio_high/9f210928a0a/947a520cdea45fbc3eae3/1605608269_high_1537299822_high.mp3","size":7123103},"med":{"url":"https://coub-anubis-a.akamaized.net/coub_storage/coub/simple/cw_looped_audio_med/fa26d7ef8d5/9c8f77aaefdc2016b677a/1605608268_med_1537299822_med.mp3","size":5293088}}},"mobile":{"video":"https://coub-anubis-a.akamaized.net/coub_storage/coub/simple/cw_file/fd391e550da/f6185da3cb0cf458cb1f6/muted_mp4_med_size_1570686684_muted_med.mp4","audio":["https://coub-anubis-a.akamaized.net/coub_storage/coub/simple/cw_looped_audio_med/fa26d7ef8d5/9c8f77aaefdc2016b677a/1605608268_med_1537299822_med.mp3"]},"share":{"default":"https://coub-anubis-a.akamaized.net/coub_storage/coub/simple/cw_video_for_sharing/62fd86eb83e/cc3ce70aba2c9d6da1567/1610010387_looped_1610010386.mp4"}},"audio_versions":{"template":"https://coub-anubis-a.akamaized.net/coub_storage/audio_track/cw_normalized_copy/830a03f100f/4f6dcc81ebdf7c1cebad9/mid_1537299797_1up1t7k_normalized_1537299768_11n6q7c_edited.mp3","versions":["mid","low"]},"image_versions":{"template":"https://coub-anubis-a.akamaized.net/coub_storage/coub/simple/cw_image/7e4c06f542f/1986979df55f7ddc25ebe/1537299850_00030.jpg","versions":["micro","tiny","age_restricted","ios_large","ios_mosaic","big","med","small","pinterest"]},"first_frame_versions":{"template":"https://coub-anubis-a.akamaized.net/coub_storage/coub/simple/cw_timeline_pic/7d721561ef2/9ad6bcc984ad93a947b84/%{version}_1537299849_image.jpg","versions":["big","med","small","ios_large"]},"dimensions":{"big":[1280,720],"med":[640,360]},"site_w_h":[640,360],"page_w_h":[640,360],"site_w_h_small":[310,174],"size":[1280,720],"age_restricted":false,"age_restricted_by_admin":false,"not_safe_for_work":false,"allow_reuse":false,"dont_crop":false,"banned":false,"global_safe":true,"audio_file_url":"https://coub-anubis-a.akamaized.net/coub_storage/audio_track/cw_normalized_copy/830a03f100f/4f6dcc81ebdf7c1cebad9/low_1537299797_1up1t7k_normalized_1537299768_11n6q7c_edited.mp3","external_download":{"type":"Youtube","service_name":"YouTube","url":"https://www.youtube.com/watch?v=lnEZvaeQ9WU#at=69","has_embed":true},"application":null,"channel":{"id":4057680,"permalink":"codename3","title":"Codename","description":null,"followers_count":4980,"following_count":4096,"avatar_versions":{"template":"https://coub-anubis-a.akamaized.net/coub_storage/channel/cw_avatar/a9982dbe94e/5f491f3d55c40c5db7292/%{version}_1607424463_cojhar_1524930530_w.jpg","versions":["medium","medium_2x","profile_pic","profile_pic_new","profile_pic_new_2x","tiny","tiny_2x","small","small_2x","ios_large","ios_small"]}},"file":null,"picture":"https://coub-anubis-a.akamaized.net/coub_storage/coub/simple/cw_image/7e4c06f542f/1986979df55f7ddc25ebe/1537299850_00030.jpg","timeline_picture":"https://coub-anubis-a.akamaized.net/coub_storage/coub/simple/cw_timeline_pic/7d721561ef2/9ad6bcc984ad93a947b84/ios_large_1537299849_image.jpg","small_picture":"https://coub-anubis-a.akamaized.net/coub_storage/coub/simple/cw_image/7e4c06f542f/1986979df55f7ddc25ebe/1537299850_00030.jpg","sharing_picture":null,"percent_done":100,"tags":[{"id":128,"title":"daft punk","value":"daft%20punk"},{"id":85076,"title":"karlie kloss","value":"karlie%20kloss"},{"id":22497,"title":"behind-the-scenes","value":"behind-the-scenes"},{"id":15476,"title":"interviews","value":"interviews"},{"id":105683,"title":"fashion films","value":"fashion%20films"},{"id":22498,"title":"cover story","value":"cover%20story"},{"id":601,"title":"beauty","value":"beauty"},{"id":6443,"title":"fashion","value":"fashion"},{"id":105684,"title":"vogue magazine","value":"vogue%20magazine"},{"id":53396,"title":"vogue","value":"vogue"}],"categories":[{"id":16,"title":"Fashion & Beauty","permalink":"fashion","subscriptions_count":10059485,"big_image_url":"https://coub-anubis-a.akamaized.net/coub_storage/category/cw_image/503df3602c0/3bb25ae4face4a7c9a6f8/big_1544654169_Fashion.png","small_image_url":"https://coub-anubis-a.akamaized.net/coub_storage/category/cw_image/503df3602c0/3bb25ae4face4a7c9a6f8/small_1544654169_Fashion.png","med_image_url":"https://coub-anubis-a.akamaized.net/coub_storage/category/cw_image/503df3602c0/3bb25ae4face4a7c9a6f8/med_1544654169_Fashion.png","visible":true}],"communities":[{"id":16,"title":"Fashion & Beauty","permalink":"fashion","subscriptions_count":10059485,"big_image_url":"https://coub-anubis-a.akamaized.net/coub_storage/category/cw_image/503df3602c0/3bb25ae4face4a7c9a6f8/big_1544654169_Fashion.png","small_image_url":"https://coub-anubis-a.akamaized.net/coub_storage/category/cw_image/503df3602c0/3bb25ae4face4a7c9a6f8/small_1544654169_Fashion.png","med_image_url":"https://coub-anubis-a.akamaized.net/coub_storage/category/cw_image/503df3602c0/3bb25ae4face4a7c9a6f8/med_1544654169_Fashion.png","i_subscribed":true,"community_notifications_enabled":null,"description":null}],"recoubs_count":342,"remixes_count":5,"likes_count":1717,"dislikes_count":0,"raw_video_id":12389680,"uploaded_by_ios_app":false,"uploaded_by_android_app":false,"media_blocks":{"uploaded_raw_videos":[],"external_raw_videos":[{"id":28234719,"title":"Daft Punk and Karlie Kloss","url":"https://www.youtube.com/watch?v=lnEZvaeQ9WU","image":"https://coub-anubis-a.akamaized.net/coub_storage/media_block/cw_image/3a1bbc4b12b/1a443df677f5ea5cb69c8/1537299105_1537299090_1b5ccy8_att-url-download.jpg","image_retina":"https://coub-anubis-a.akamaized.net/coub_storage/media_block/cw_image/3a1bbc4b12b/1a443df677f5ea5cb69c8/1537299105_1537299090_1b5ccy8_att-url-download.jpg","meta":{"service":"Youtube","duration":"79.44"},"duration":79.44,"raw_video_id":12389680,"has_embed":true}],"remixed_from_coubs":[],"external_video":{"id":28234719,"title":"Daft Punk and Karlie Kloss","url":"https://www.youtube.com/watch?v=lnEZvaeQ9WU","image":"https://coub-anubis-a.akamaized.net/coub_storage/media_block/cw_image/3a1bbc4b12b/1a443df677f5ea5cb69c8/1537299105_1537299090_1b5ccy8_att-url-download.jpg","image_retina":"https://coub-anubis-a.akamaized.net/coub_storage/media_block/cw_image/3a1bbc4b12b/1a443df677f5ea5cb69c8/1537299105_1537299090_1b5ccy8_att-url-download.jpg","meta":{"service":"Youtube","duration":"79.44"},"duration":79.44,"raw_video_id":12389680,"has_embed":true}},"raw_video_thumbnail_url":"/missing/missing.png","raw_video_title":"Daft Punk and Karlie Kloss","video_block_banned":false,"duration":9.44,"promo_winner":false,"promo_winner_recoubers":null,"editorial_info":{},"promo_hint":null,"beeline_best_2014":null,"from_web_editor":true,"normalize_sound":true,"normalize_change_allowed":true,"best2015_addable":false,"ahmad_promo":null,"promo_data":null,"audio_copyright_claim":null,"ads_disabled":false,"is_safe_for_ads":true,"megafon_contents":[],"position_on_page":8},{"flag":null,"abuses":null,"recoubs_by_users_channels":null,"favourite":false,"promoted_id":null,"recoub":null,"like":null,"dislike":null,"reaction":null,"in_my_best2015":false,"id":140616913,"type":"Coub::Simple","permalink":"2bdfdr","title":"Be Mine","visibility_type":"public","original_visibility_type":"public","channel_id":7840064,"created_at":"2020-03-28T11:35:17Z","updated_at":"2022-03-11T23:09:38Z","is_done":true,"views_count":183706,"cotd":null,"cotd_at":null,"visible_on_explore_root":false,"visible_on_explore":false,"featured":false,"published":true,"published_at":"2020-03-28T11:35:16Z","reversed":false,"from_editor_v2":true,"is_editable":true,"original_sound":false,"has_sound":false,"recoub_to":null,"file_versions":{"html5":{"video":{"higher":{"url":"https://coub-anubis-a.akamaized.net/coub_storage/coub/simple/cw_file/205b1f6f674/8f365d7cbdebf4430aeb1/muted_mp4_huge_size_1585395321_muted_huge.mp4","size":5084430},"high":{"url":"https://coub-anubis-a.akamaized.net/coub_storage/coub/simple/cw_file/205b1f6f674/8f365d7cbdebf4430aeb1/muted_mp4_big_size_1585395321_muted_big.mp4","size":3407429},"med":{"url":"https://coub-anubis-a.akamaized.net/coub_storage/coub/simple/cw_file/205b1f6f674/8f365d7cbdebf4430aeb1/muted_mp4_med_size_1585395321_muted_med.mp4","size":1220617}},"audio":{"high":{"url":"https://coub-anubis-a.akamaized.net/coub_storage/coub/simple/cw_looped_audio_high/79c52733067/339d79f5e5ee87a51bc4b/1605701551_high_1585395341_high.mp3","size":2849058},"med":{"url":"https://coub-anubis-a.akamaized.net/coub_storage/coub/simple/cw_looped_audio_med/6209128adc1/a77786e170129a4759e04/1605701550_med_1585395341_med.mp3","size":2235120}}},"mobile":{"video":"https://coub-anubis-a.akamaized.net/coub_storage/coub/simple/cw_file/205b1f6f674/8f365d7cbdebf4430aeb1/muted_mp4_med_size_1585395321_muted_med.mp4","audio":["https://coub-anubis-a.akamaized.net/coub_storage/coub/simple/cw_looped_audio_med/6209128adc1/a77786e170129a4759e04/1605701550_med_1585395341_med.mp3"]},"share":{"default":"https://coub-anubis-a.akamaized.net/coub_storage/coub/simple/cw_video_for_sharing/709405ac3b7/1ccfcebfda37842f7f608/1608285519_looped_1608285518.mp4"}},"audio_versions":{"template":"https://coub-anubis-a.akamaized.net/coub_storage/audio_track/cw_file/9c630d23208/e39bb75163f17675de44e/mid_1585395324_18d7fpi_edited.mp3","versions":["mid","low"]},"image_versions":{"template":"https://coub-anubis-a.akamaized.net/coub_storage/coub/simple/cw_image/7b75a90e63b/aebf9a3aaf92d5fb64c95/1585395353_00032.jpg","versions":["micro","tiny","age_restricted","ios_large","ios_mosaic","big","med","small","pinterest"]},"first_frame_versions":{"template":"https://coub-anubis-a.akamaized.net/coub_storage/coub/simple/cw_timeline_pic/a391f3b99a4/dc7b2ea113be86b916d33/%{version}_1585395353_image.jpg","versions":["big","med","small","ios_large"]},"dimensions":{"big":[960,960],"med":[480,480]},"site_w_h":[400,400],"page_w_h":[400,400],"site_w_h_small":[310,310],"size":[960,960],"age_restricted":false,"age_restricted_by_admin":false,"not_safe_for_work":false,"allow_reuse":false,"dont_crop":false,"banned":false,"global_safe":true,"audio_file_url":"https://coub-anubis-a.akamaized.net/coub_storage/audio_track/cw_file/9c630d23208/e39bb75163f17675de44e/low_1585395324_18d7fpi_edited.mp3","external_download":false,"application":null,"channel":{"id":7840064,"permalink":"antonkreil","title":"TheTraderAntonKreil","description":"Антон Креил - Профессиональный Трейдинг Мастеркласс. Anton Kreil - Professional Trading Masterclass. Professional FOREX Trading Masterclass.","followers_count":163,"following_count":11,"avatar_versions":{"template":"https://coub-anubis-a.akamaized.net/coub_storage/channel/cw_avatar/29b17cdd3c1/911070a4dd31388def7f6/%{version}_1647271198_unnamed__30__1.jpg","versions":["medium","medium_2x","profile_pic","profile_pic_new","profile_pic_new_2x","tiny","tiny_2x","small","small_2x","ios_large","ios_small"]}},"file":null,"picture":"https://coub-anubis-a.akamaized.net/coub_storage/coub/simple/cw_image/7b75a90e63b/aebf9a3aaf92d5fb64c95/1585395353_00032.jpg","timeline_picture":"https://coub-anubis-a.akamaized.net/coub_storage/coub/simple/cw_timeline_pic/a391f3b99a4/dc7b2ea113be86b916d33/ios_large_1585395353_image.jpg","small_picture":"https://coub-anubis-a.akamaized.net/coub_storage/coub/simple/cw_image/7b75a90e63b/aebf9a3aaf92d5fb64c95/1585395353_00032.jpg","sharing_picture":null,"percent_done":100,"tags":[{"id":1435358,"title":"coub music loop","value":"coub%20music%20loop"},{"id":636176,"title":"coub music movie","value":"coub%20music%20movie"},{"id":642781,"title":"coub music loops","value":"coub%20music%20loops"},{"id":207062,"title":"coub musics","value":"coub%20musics"},{"id":636175,"title":"coub music film","value":"coub%20music%20film"},{"id":295647,"title":"coub music video","value":"coub%20music%20video"},{"id":128369,"title":"coub music","value":"coub%20music"},{"id":7108,"title":"body","value":"body"},{"id":41491,"title":"future beats","value":"future%20beats"},{"id":1463142,"title":"future music channel","value":"future%20music%20channel"},{"id":1433722,"title":"future music video","value":"future%20music%20video"},{"id":138772,"title":"future music","value":"future%20music"},{"id":414,"title":"future","value":"future"},{"id":291681,"title":"chill music","value":"chill%20music"},{"id":939,"title":"relax","value":"relax"},{"id":4111,"title":"chill","value":"chill"},{"id":10803,"title":"electronic","value":"electronic"},{"id":386641,"title":"vacant","value":"vacant"},{"id":329571,"title":"music channel","value":"music%20channel"},{"id":105193,"title":"electro music","value":"electro%20music"},{"id":127,"title":"electro","value":"electro"},{"id":39840,"title":"music coub","value":"music%20coub"},{"id":7618,"title":"musicvideo","value":"musicvideo"},{"id":735,"title":"music video","value":"music%20video"},{"id":86,"title":"music","value":"music"},{"id":296038,"title":"coubvideo","value":"coubvideo"},{"id":1197839,"title":"girl video","value":"girl%20video"},{"id":44612,"title":"video music","value":"video%20music"},{"id":115668,"title":"video girl","value":"video%20girl"},{"id":168346,"title":"coub video","value":"coub%20video"},{"id":245109,"title":"girl coub","value":"girl%20coub"},{"id":155794,"title":"coub girl","value":"coub%20girl"},{"id":54673,"title":"2017","value":"2017"},{"id":2529009,"title":"coub2017","value":"coub2017"},{"id":2273699,"title":"coub 2017","value":"coub%202017"},{"id":50,"title":"coub","value":"coub"},{"id":3082,"title":"video","value":"video"},{"id":1558,"title":"film","value":"film"},{"id":2724,"title":"clip","value":"clip"},{"id":413737,"title":"fashion style","value":"fashion%20style"},{"id":412094,"title":"fashion clothes","value":"fashion%20clothes"},{"id":1234298,"title":"fashion clip","value":"fashion%20clip"},{"id":591297,"title":"fashion channel","value":"fashion%20channel"},{"id":70928,"title":"fashion tv","value":"fashion%20tv"},{"id":649398,"title":"fashion coub","value":"fashion%20coub"},{"id":220794,"title":"fashion model","value":"fashion%20model"},{"id":14486,"title":"fashion video","value":"fashion%20video"},{"id":13331,"title":"fashion film","value":"fashion%20film"},{"id":959418,"title":"fashion & style","value":"fashion%20&%20style"},{"id":609653,"title":"fashion & beauty","value":"fashion%20&%20beauty"},{"id":2036519,"title":"fashion&style","value":"fashion&style"},{"id":6443,"title":"fashion","value":"fashion"},{"id":1328,"title":"style","value":"style"},{"id":33350,"title":"blondie","value":"blondie"},{"id":4050,"title":"hair","value":"hair"},{"id":1126571,"title":"blond hair","value":"blond%20hair"},{"id":182995,"title":"blond girl","value":"blond%20girl"},{"id":9345,"title":"blonde","value":"blonde"},{"id":11638,"title":"blond","value":"blond"},{"id":242580,"title":"walking girl","value":"walking%20girl"},{"id":1866,"title":"walking","value":"walking"},{"id":2697,"title":"walk","value":"walk"},{"id":4874,"title":"photoshoot","value":"photoshoot"},{"id":10254,"title":"bra","value":"bra"},{"id":1888678,"title":"model channel","value":"model%20channel"},{"id":146221,"title":"model agency","value":"model%20agency"},{"id":2293048,"title":"model coub","value":"model%20coub"},{"id":487492,"title":"model clip","value":"model%20clip"},{"id":1072363,"title":"model girl","value":"model%20girl"},{"id":639179,"title":"model beauty","value":"model%20beauty"},{"id":109320,"title":"model video","value":"model%20video"},{"id":2665,"title":"models","value":"models"},{"id":4442,"title":"model","value":"model"},{"id":602,"title":"beautiful","value":"beautiful"},{"id":151936,"title":"beautiful girl","value":"beautiful%20girl"},{"id":679703,"title":"beauty girl","value":"beauty%20girl"},{"id":601,"title":"beauty","value":"beauty"},{"id":45148,"title":"pretty girl","value":"pretty%20girl"},{"id":952,"title":"pretty","value":"pretty"},{"id":37201,"title":"cute girl","value":"cute%20girl"},{"id":757,"title":"cute","value":"cute"},{"id":265,"title":"girls","value":"girls"},{"id":183,"title":"girl","value":"girl"},{"id":4075,"title":"street","value":"street"},{"id":669,"title":"road","value":"road"},{"id":118251,"title":"crosswalk","value":"crosswalk"},{"id":20701,"title":"cross","value":"cross"},{"id":332692,"title":"be mine","value":"be%20mine"},{"id":48955,"title":"rock and roll","value":"rock%20and%20roll"},{"id":1087,"title":"rock","value":"rock"},{"id":4491,"title":"roll","value":"roll"},{"id":309,"title":"queen","value":"queen"},{"id":365152,"title":"rock and roll queen","value":"rock%20and%20roll%20queen"},{"id":5558200,"title":"rick & roll","value":"rick%20&%20roll"},{"id":145657,"title":"rock & roll queen","value":"rock%20&%20roll%20queen"},{"id":208484,"title":"rock & roll","value":"rock%20&%20roll"},{"id":5558201,"title":"girl on crosswalk","value":"girl%20on%20crosswalk"},{"id":5550152,"title":"be mine rock and roll queen","value":"be%20mine%20rock%20and%20roll%20queen"},{"id":1382423,"title":"be mine rocknroll queen","value":"be%20mine%20rocknroll%20queen"},{"id":5558202,"title":"be mine queen","value":"be%20mine%20queen"}],"categories":[{"id":16,"title":"Fashion & Beauty","permalink":"fashion","subscriptions_count":10059485,"big_image_url":"https://coub-anubis-a.akamaized.net/coub_storage/category/cw_image/503df3602c0/3bb25ae4face4a7c9a6f8/big_1544654169_Fashion.png","small_image_url":"https://coub-anubis-a.akamaized.net/coub_storage/category/cw_image/503df3602c0/3bb25ae4face4a7c9a6f8/small_1544654169_Fashion.png","med_image_url":"https://coub-anubis-a.akamaized.net/coub_storage/category/cw_image/503df3602c0/3bb25ae4face4a7c9a6f8/med_1544654169_Fashion.png","visible":true}],"communities":[{"id":16,"title":"Fashion & Beauty","permalink":"fashion","subscriptions_count":10059485,"big_image_url":"https://coub-anubis-a.akamaized.net/coub_storage/category/cw_image/503df3602c0/3bb25ae4face4a7c9a6f8/big_1544654169_Fashion.png","small_image_url":"https://coub-anubis-a.akamaized.net/coub_storage/category/cw_image/503df3602c0/3bb25ae4face4a7c9a6f8/small_1544654169_Fashion.png","med_image_url":"https://coub-anubis-a.akamaized.net/coub_storage/category/cw_image/503df3602c0/3bb25ae4face4a7c9a6f8/med_1544654169_Fashion.png","i_subscribed":true,"community_notifications_enabled":null,"description":null}],"recoubs_count":259,"remixes_count":1,"likes_count":1712,"dislikes_count":0,"raw_video_id":"","uploaded_by_ios_app":false,"uploaded_by_android_app":false,"media_blocks":{"uploaded_raw_videos":[],"external_raw_videos":[],"remixed_from_coubs":[{"id":20959616,"title":"girl on crosswalk","url":"http://coub.com/coubs/uz9wu/remix","image":"https://coub-anubis-a.akamaized.net/coub_storage/media_block/cw_image/15a459b0d30/40effb5dfbe4fd8ce4203/1497337034_1497337013_00032.jpg","image_retina":"https://coub-anubis-a.akamaized.net/coub_storage/media_block/cw_image/15a459b0d30/40effb5dfbe4fd8ce4203/1497337034_1497337013_00032.jpg","meta":{"duration":"10.04"},"duration":null,"coub_channel_title":"KAMINSKY","coub_channel_permalink":"artyomdoc","coub_views_count":17959,"coub_permalink":"uz9wu"}]},"raw_video_thumbnail_url":"","raw_video_title":"","video_block_banned":false,"duration":10.0,"promo_winner":false,"promo_winner_recoubers":null,"editorial_info":{},"promo_hint":null,"beeline_best_2014":null,"from_web_editor":true,"normalize_sound":false,"normalize_change_allowed":true,"best2015_addable":false,"ahmad_promo":null,"promo_data":null,"audio_copyright_claim":null,"ads_disabled":false,"is_safe_for_ads":true,"megafon_contents":[],"position_on_page":9},{"flag":null,"abuses":null,"recoubs_by_users_channels":null,"favourite":false,"promoted_id":null,"recoub":null,"like":null,"dislike":null,"reaction":null,"in_my_best2015":false,"id":132888220,"type":"Coub::Simple","permalink":"26r4oi","title":"Cosplay","visibility_type":"public","original_visibility_type":"public","channel_id":7579239,"created_at":"2019-12-27T15:34:46Z","updated_at":"2022-03-09T03:29:34Z","is_done":true,"views_count":137518,"cotd":null,"cotd_at":null,"visible_on_explore_root":false,"visible_on_explore":false,"featured":false,"published":true,"published_at":"2019-12-27T15:34:46Z","reversed":true,"from_editor_v2":true,"is_editable":true,"original_sound":false,"has_sound":false,"recoub_to":null,"file_versions":{"html5":{"video":{"higher":{"url":"https://coub-anubis-a.akamaized.net/coub_storage/coub/simple/cw_file/91ca142136b/96ad3a1f226b23092e933/muted_mp4_huge_size_1577462468_muted_huge.mp4","size":5319376},"high":{"url":"https://coub-anubis-a.akamaized.net/coub_storage/coub/simple/cw_file/91ca142136b/96ad3a1f226b23092e933/muted_mp4_big_size_1577462468_muted_big.mp4","size":3804453},"med":{"url":"https://coub-anubis-a.akamaized.net/coub_storage/coub/simple/cw_file/91ca142136b/96ad3a1f226b23092e933/muted_mp4_med_size_1577462468_muted_med.mp4","size":963944}},"audio":{"high":{"url":"https://coub-anubis-a.akamaized.net/coub_storage/coub/simple/cw_looped_audio_high/3899e8720dc/1bd96fc93603a4d6f4175/1605702060_high_1577462506_high.mp3","size":3969909},"med":{"url":"https://coub-anubis-a.akamaized.net/coub_storage/coub/simple/cw_looped_audio_med/2d950a21c17/6b0c58fe6f150c2e02eed/1605702059_med_1577462506_med.mp3","size":2949961}}},"mobile":{"video":"https://coub-anubis-a.akamaized.net/coub_storage/coub/simple/cw_file/91ca142136b/96ad3a1f226b23092e933/muted_mp4_med_size_1577462468_muted_med.mp4","audio":["https://coub-anubis-a.akamaized.net/coub_storage/coub/simple/cw_looped_audio_med/2d950a21c17/6b0c58fe6f150c2e02eed/1605702059_med_1577462506_med.mp3"]},"share":{"default":"https://coub-anubis-a.akamaized.net/coub_storage/coub/simple/cw_video_for_sharing/4512bc20d78/bb2a5e76c4efbae4a8c98/1609867470_looped_1609867469.mp4"}},"audio_versions":{"template":"https://coub-anubis-a.akamaized.net/coub_storage/audio_track/cw_normalized_copy/1c5015d3ef0/75b8a9d271c224c13b854/mid_1577462493_normalized_1577462472_1ffvnp6_edited.mp3","versions":["mid","low"]},"image_versions":{"template":"https://coub-anubis-a.akamaized.net/coub_storage/coub/simple/cw_image/bdedd49a802/32b9ce42cd5560f63cb83/1577462527_00061.jpg","versions":["micro","tiny","age_restricted","ios_large","ios_mosaic","big","med","small","pinterest"]},"first_frame_versions":{"template":"https://coub-anubis-a.akamaized.net/coub_storage/coub/simple/cw_timeline_pic/9d7ce47a879/a14de37c8635b9d3932de/%{version}_1577462526_image.jpg","versions":["big","med","small","ios_large"]},"dimensions":{"big":[1280,720],"med":[640,360]},"site_w_h":[640,360],"page_w_h":[640,360],"site_w_h_small":[310,174],"size":[1280,720],"age_restricted":false,"age_restricted_by_admin":false,"not_safe_for_work":false,"allow_reuse":false,"dont_crop":false,"banned":false,"global_safe":true,"audio_file_url":"https://coub-anubis-a.akamaized.net/coub_storage/audio_track/cw_normalized_copy/1c5015d3ef0/75b8a9d271c224c13b854/low_1577462493_normalized_1577462472_1ffvnp6_edited.mp3","external_download":false,"application":null,"channel":{"id":7579239,"permalink":"operatingsystems","title":"OperatingSystems","description":"Operating Systems: Principles and Practice 2nd Edition","followers_count":269,"following_count":11,"avatar_versions":{"template":"https://coub-anubis-a.akamaized.net/coub_storage/channel/cw_avatar/ca2de283a67/914c8a2bf3fc333b7861f/%{version}_1647280479_unnamed__22__1.jpg","versions":["medium","medium_2x","profile_pic","profile_pic_new","profile_pic_new_2x","tiny","tiny_2x","small","small_2x","ios_large","ios_small"]}},"file":null,"picture":"https://coub-anubis-a.akamaized.net/coub_storage/coub/simple/cw_image/bdedd49a802/32b9ce42cd5560f63cb83/1577462527_00061.jpg","timeline_picture":"https://coub-anubis-a.akamaized.net/coub_storage/coub/simple/cw_timeline_pic/9d7ce47a879/a14de37c8635b9d3932de/ios_large_1577462526_image.jpg","small_picture":"https://coub-anubis-a.akamaized.net/coub_storage/coub/simple/cw_image/bdedd49a802/32b9ce42cd5560f63cb83/1577462527_00061.jpg","sharing_picture":null,"percent_done":100,"tags":[{"id":15665,"title":"fate","value":"fate"},{"id":265,"title":"girls","value":"girls"},{"id":3515,"title":"nice","value":"nice"},{"id":39840,"title":"music coub","value":"music%20coub"},{"id":50087,"title":"pluto","value":"pluto"},{"id":12035,"title":"cosplay","value":"cosplay"},{"id":18095,"title":"hate me","value":"hate%20me"}],"categories":[{"id":16,"title":"Fashion & Beauty","permalink":"fashion","subscriptions_count":10059485,"big_image_url":"https://coub-anubis-a.akamaized.net/coub_storage/category/cw_image/503df3602c0/3bb25ae4face4a7c9a6f8/big_1544654169_Fashion.png","small_image_url":"https://coub-anubis-a.akamaized.net/coub_storage/category/cw_image/503df3602c0/3bb25ae4face4a7c9a6f8/small_1544654169_Fashion.png","med_image_url":"https://coub-anubis-a.akamaized.net/coub_storage/category/cw_image/503df3602c0/3bb25ae4face4a7c9a6f8/med_1544654169_Fashion.png","visible":true}],"communities":[{"id":16,"title":"Fashion & Beauty","permalink":"fashion","subscriptions_count":10059485,"big_image_url":"https://coub-anubis-a.akamaized.net/coub_storage/category/cw_image/503df3602c0/3bb25ae4face4a7c9a6f8/big_1544654169_Fashion.png","small_image_url":"https://coub-anubis-a.akamaized.net/coub_storage/category/cw_image/503df3602c0/3bb25ae4face4a7c9a6f8/small_1544654169_Fashion.png","med_image_url":"https://coub-anubis-a.akamaized.net/coub_storage/category/cw_image/503df3602c0/3bb25ae4face4a7c9a6f8/med_1544654169_Fashion.png","i_subscribed":true,"community_notifications_enabled":null,"description":null}],"recoubs_count":294,"remixes_count":0,"likes_count":1712,"dislikes_count":0,"raw_video_id":"","uploaded_by_ios_app":false,"uploaded_by_android_app":false,"media_blocks":{"uploaded_raw_videos":[],"external_raw_videos":[],"remixed_from_coubs":[{"id":34108543,"title":"Girls cosplay","url":"https://coub.com/coubs/25ol2x/remix","image":"https://coub-anubis-a.akamaized.net/coub_storage/media_block/cw_image/2ceee060fb8/4ee7100463b6fe691eb1e/1575722390_19wns8e_1575722342_00061.jpg","image_retina":"https://coub-anubis-a.akamaized.net/coub_storage/media_block/cw_image/2ceee060fb8/4ee7100463b6fe691eb1e/1575722390_19wns8e_1575722342_00061.jpg","meta":{"duration":"19.44"},"duration":null,"coub_channel_title":"I am Лис","coub_channel_permalink":"ahegaocoub","coub_views_count":279957,"coub_permalink":"25ol2x"}]},"raw_video_thumbnail_url":"","raw_video_title":"","video_block_banned":false,"duration":19.44,"promo_winner":false,"promo_winner_recoubers":null,"editorial_info":{},"promo_hint":null,"beeline_best_2014":null,"from_web_editor":true,"normalize_sound":true,"normalize_change_allowed":true,"best2015_addable":false,"ahmad_promo":null,"promo_data":null,"audio_copyright_claim":null,"ads_disabled":false,"is_safe_for_ads":true,"megafon_contents":[],"position_on_page":10}]}