{"page":173,"per_page":10,"total_pages":500,"coubs":[{"flag":null,"abuses":null,"recoubs_by_users_channels":null,"favourite":false,"promoted_id":null,"recoub":null,"like":null,"dislike":null,"reaction":null,"in_my_best2015":false,"id":131028620,"type":"Coub::Simple","permalink":"25n22p","title":"living my live to a standard","visibility_type":"public","original_visibility_type":"public","channel_id":7457924,"created_at":"2019-12-06T16:39:27Z","updated_at":"2022-03-03T02:56:35Z","is_done":true,"views_count":134464,"cotd":null,"cotd_at":null,"visible_on_explore_root":false,"visible_on_explore":false,"featured":false,"published":true,"published_at":"2019-12-06T16:39:27Z","reversed":true,"from_editor_v2":true,"is_editable":true,"original_sound":false,"has_sound":false,"recoub_to":null,"file_versions":{"html5":{"video":{"higher":{"url":"https://coub-anubis-a.akamaized.net/coub_storage/coub/simple/cw_file/e43a7c1820c/82143736168ff1d80db81/muted_mp4_huge_size_1575651793_muted_huge.mp4","size":8322568},"high":{"url":"https://coub-anubis-a.akamaized.net/coub_storage/coub/simple/cw_file/e43a7c1820c/82143736168ff1d80db81/muted_mp4_big_size_1575651793_muted_big.mp4","size":5913691},"med":{"url":"https://coub-anubis-a.akamaized.net/coub_storage/coub/simple/cw_file/e43a7c1820c/82143736168ff1d80db81/muted_mp4_med_size_1575651793_muted_med.mp4","size":2054333}},"audio":{"high":{"url":"https://coub-anubis-a.akamaized.net/coub_storage/coub/simple/cw_looped_audio_high/df991fb138a/91afe3d196f2691830b9c/1605699718_high_1575651835_high.mp3","size":4164756},"med":{"url":"https://coub-anubis-a.akamaized.net/coub_storage/coub/simple/cw_looped_audio_med/9a0e3568fcf/dd82acba50ed834ca0f8f/1605699716_med_1575651835_med.mp3","size":3123671}}},"mobile":{"video":"https://coub-anubis-a.akamaized.net/coub_storage/coub/simple/cw_file/e43a7c1820c/82143736168ff1d80db81/muted_mp4_med_size_1575651793_muted_med.mp4","audio":["https://coub-anubis-a.akamaized.net/coub_storage/coub/simple/cw_looped_audio_med/9a0e3568fcf/dd82acba50ed834ca0f8f/1605699716_med_1575651835_med.mp3"]},"share":{"default":"https://coub-anubis-a.akamaized.net/coub_storage/coub/simple/cw_video_for_sharing/14fdb255fea/34090cf66639d3c1c6271/1608463883_looped_1608463881.mp4"}},"audio_versions":{"template":"https://coub-anubis-a.akamaized.net/coub_storage/audio_track/cw_normalized_copy/94f38cdbed9/22bd8c12a5db5f020e11b/mid_1575651822_normalized_1575651798_u1qnzl_edited.mp3","versions":["mid","low"]},"image_versions":{"template":"https://coub-anubis-a.akamaized.net/coub_storage/coub/simple/cw_image/e155c75e179/fe9c49108177fe7354225/1575651857_00063.jpg","versions":["micro","tiny","age_restricted","ios_large","ios_mosaic","big","med","small","pinterest"]},"first_frame_versions":{"template":"https://coub-anubis-a.akamaized.net/coub_storage/coub/simple/cw_timeline_pic/b355ee22081/93af8d458384aba650657/%{version}_1575651856_image.jpg","versions":["big","med","small","ios_large"]},"dimensions":{"big":[768,960],"med":[384,480]},"site_w_h":[320,400],"page_w_h":[400,500],"site_w_h_small":[310,388],"size":[768,960],"age_restricted":false,"age_restricted_by_admin":false,"not_safe_for_work":false,"allow_reuse":false,"dont_crop":false,"banned":false,"global_safe":true,"audio_file_url":"https://coub-anubis-a.akamaized.net/coub_storage/audio_track/cw_normalized_copy/94f38cdbed9/22bd8c12a5db5f020e11b/low_1575651822_normalized_1575651798_u1qnzl_edited.mp3","external_download":false,"application":null,"channel":{"id":7457924,"permalink":"cplusplus","title":"C++","description":null,"followers_count":306,"following_count":11,"avatar_versions":{"template":"https://coub-anubis-a.akamaized.net/coub_storage/channel/cw_avatar/3dc82bf52e2/e6691f5f41ef9f2861b5f/%{version}_1607626970_1a07x3p_1575628496_Cpp-Francophonie.png","versions":["medium","medium_2x","profile_pic","profile_pic_new","profile_pic_new_2x","tiny","tiny_2x","small","small_2x","ios_large","ios_small"]}},"file":null,"picture":"https://coub-anubis-a.akamaized.net/coub_storage/coub/simple/cw_image/e155c75e179/fe9c49108177fe7354225/1575651857_00063.jpg","timeline_picture":"https://coub-anubis-a.akamaized.net/coub_storage/coub/simple/cw_timeline_pic/b355ee22081/93af8d458384aba650657/ios_large_1575651856_image.jpg","small_picture":"https://coub-anubis-a.akamaized.net/coub_storage/coub/simple/cw_image/e155c75e179/fe9c49108177fe7354225/1575651857_00063.jpg","sharing_picture":null,"percent_done":100,"tags":[{"id":8178,"title":"roses","value":"roses"},{"id":2712,"title":"rose","value":"rose"},{"id":24785,"title":"brunette","value":"brunette"},{"id":94205,"title":"cleavage","value":"cleavage"},{"id":184,"title":"sexy","value":"sexy"},{"id":5360020,"title":"living my live to a standard","value":"living%20my%20live%20to%20a%20standard"}],"categories":[{"id":16,"title":"Fashion & Beauty","permalink":"fashion","subscriptions_count":10059485,"big_image_url":"https://coub-anubis-a.akamaized.net/coub_storage/category/cw_image/503df3602c0/3bb25ae4face4a7c9a6f8/big_1544654169_Fashion.png","small_image_url":"https://coub-anubis-a.akamaized.net/coub_storage/category/cw_image/503df3602c0/3bb25ae4face4a7c9a6f8/small_1544654169_Fashion.png","med_image_url":"https://coub-anubis-a.akamaized.net/coub_storage/category/cw_image/503df3602c0/3bb25ae4face4a7c9a6f8/med_1544654169_Fashion.png","visible":true}],"communities":[{"id":16,"title":"Fashion & Beauty","permalink":"fashion","subscriptions_count":10059485,"big_image_url":"https://coub-anubis-a.akamaized.net/coub_storage/category/cw_image/503df3602c0/3bb25ae4face4a7c9a6f8/big_1544654169_Fashion.png","small_image_url":"https://coub-anubis-a.akamaized.net/coub_storage/category/cw_image/503df3602c0/3bb25ae4face4a7c9a6f8/small_1544654169_Fashion.png","med_image_url":"https://coub-anubis-a.akamaized.net/coub_storage/category/cw_image/503df3602c0/3bb25ae4face4a7c9a6f8/med_1544654169_Fashion.png","i_subscribed":true,"community_notifications_enabled":null,"description":null}],"recoubs_count":204,"remixes_count":6,"likes_count":1143,"dislikes_count":0,"raw_video_id":"","uploaded_by_ios_app":false,"uploaded_by_android_app":false,"media_blocks":{"uploaded_raw_videos":[],"external_raw_videos":[],"remixed_from_coubs":[{"id":34033815,"title":"Lovely Lady","url":"https://coub.com/coubs/25b2g0/remix","image":"https://coub-anubis-a.akamaized.net/coub_storage/media_block/cw_image/6d0299c2b14/de854382ffc03593ee26a/1575081770_1u2qi2j_1575081743_00063.jpg","image_retina":"https://coub-anubis-a.akamaized.net/coub_storage/media_block/cw_image/6d0299c2b14/de854382ffc03593ee26a/1575081770_1u2qi2j_1575081743_00063.jpg","meta":{"duration":"20.0"},"duration":null,"coub_channel_title":"Dusty Fiftysix","coub_channel_permalink":"dusty-fiftysix","coub_views_count":106193,"coub_permalink":"25b2g0"}]},"raw_video_thumbnail_url":"","raw_video_title":"","video_block_banned":false,"duration":20.0,"promo_winner":false,"promo_winner_recoubers":null,"editorial_info":{},"promo_hint":null,"beeline_best_2014":null,"from_web_editor":true,"normalize_sound":true,"normalize_change_allowed":true,"best2015_addable":false,"ahmad_promo":null,"promo_data":null,"audio_copyright_claim":null,"ads_disabled":false,"is_safe_for_ads":true,"megafon_contents":[],"position_on_page":1},{"flag":null,"abuses":null,"recoubs_by_users_channels":null,"favourite":false,"promoted_id":null,"recoub":null,"like":null,"dislike":null,"reaction":null,"in_my_best2015":false,"id":49777486,"type":"Coub::Simple","permalink":"t6rgz","title":"red","visibility_type":"public","original_visibility_type":"public","channel_id":1168971,"created_at":"2017-04-05T00:10:37Z","updated_at":"2022-03-14T16:02:54Z","is_done":true,"views_count":93598,"cotd":null,"cotd_at":null,"visible_on_explore_root":true,"visible_on_explore":true,"featured":true,"published":true,"published_at":"2017-04-05T00:10:37Z","reversed":false,"from_editor_v2":true,"is_editable":true,"original_sound":false,"has_sound":false,"recoub_to":null,"file_versions":{"html5":{"video":{"higher":{"url":"https://coub-anubis-a.akamaized.net/coub_storage/coub/simple/cw_file/148b6ac2f81/b5a091b258a7688ac6d40/muted_mp4_huge_size_1568101758_muted_huge.mp4","size":2540431},"high":{"url":"https://coub-anubis-a.akamaized.net/coub_storage/coub/simple/cw_file/148b6ac2f81/b5a091b258a7688ac6d40/muted_mp4_big_size_1568101758_muted_big.mp4","size":1839190},"med":{"url":"https://coub-anubis-a.akamaized.net/coub_storage/coub/simple/cw_file/148b6ac2f81/b5a091b258a7688ac6d40/muted_mp4_med_size_1568101758_muted_med.mp4","size":500127}},"audio":{"high":{"url":"https://coub-anubis-a.akamaized.net/coub_storage/coub/simple/cw_looped_audio_high/137c2c3727c/431c4e88a43f12889d027/1605591113_high_1491351058_high.mp3","size":926238},"med":{"url":"https://coub-anubis-a.akamaized.net/coub_storage/coub/simple/cw_looped_audio_med/5ddf41b1558/6000bf88a14db04d742b0/1605591112_med_1491351058_med.mp3","size":859955}}},"mobile":{"video":"https://coub-anubis-a.akamaized.net/coub_storage/coub/simple/cw_file/148b6ac2f81/b5a091b258a7688ac6d40/muted_mp4_med_size_1568101758_muted_med.mp4","audio":["https://coub-anubis-a.akamaized.net/coub_storage/coub/simple/cw_looped_audio_med/5ddf41b1558/6000bf88a14db04d742b0/1605591112_med_1491351058_med.mp3"]},"share":{"default":"https://coub-anubis-a.akamaized.net/coub_storage/coub/simple/cw_video_for_sharing/29b37e6fa84/0c64e1aab7e0dd43ead55/1610292879_looped_1610292878.mp4"}},"audio_versions":{"template":"https://coub-anubis-a.akamaized.net/coub_storage/audio_track/cw_normalized_copy/60833c1c7b2/c63553e45eb552caf360d/mid_1539892665_normalized_1491350323_audio.mp3","versions":["mid","low"]},"image_versions":{"template":"https://coub-anubis-a.akamaized.net/coub_storage/coub/simple/cw_image/2cb6ee955f8/46a279f4308ac1e272da6/1491351067_00029.jpg","versions":["micro","tiny","age_restricted","ios_large","ios_mosaic","big","med","small","pinterest"]},"first_frame_versions":{"template":"https://coub-anubis-a.akamaized.net/coub_storage/coub/simple/cw_timeline_pic/b5dbb1cfda5/cba9ab27c97357e0ea6c1/%{version}_1491351066_image.jpg","versions":["big","med","small","ios_large"]},"dimensions":{"big":[1280,720],"med":[640,360]},"site_w_h":[640,360],"page_w_h":[640,360],"site_w_h_small":[310,174],"size":[1280,720],"age_restricted":false,"age_restricted_by_admin":false,"not_safe_for_work":false,"allow_reuse":false,"dont_crop":false,"banned":false,"global_safe":true,"audio_file_url":"https://coub-anubis-a.akamaized.net/coub_storage/audio_track/cw_normalized_copy/60833c1c7b2/c63553e45eb552caf360d/low_1539892665_normalized_1491350323_audio.mp3","external_download":false,"application":null,"channel":{"id":1168971,"permalink":"kidcorebeats","title":"kidcorebeats","description":"#kidcore","followers_count":240,"following_count":135,"avatar_versions":{"template":"https://coub-anubis-a.akamaized.net/coub_storage/channel/cw_avatar/b50fd3dc242/f2ca824c8c8022bac8a0e/%{version}_1607831615_1qgejfc_1470337287_plantoid_07_copy.png","versions":["medium","medium_2x","profile_pic","profile_pic_new","profile_pic_new_2x","tiny","tiny_2x","small","small_2x","ios_large","ios_small"]}},"file":null,"picture":"https://coub-anubis-a.akamaized.net/coub_storage/coub/simple/cw_image/2cb6ee955f8/46a279f4308ac1e272da6/1491351067_00029.jpg","timeline_picture":"https://coub-anubis-a.akamaized.net/coub_storage/coub/simple/cw_timeline_pic/b5dbb1cfda5/cba9ab27c97357e0ea6c1/ios_large_1491351066_image.jpg","small_picture":"https://coub-anubis-a.akamaized.net/coub_storage/coub/simple/cw_image/2cb6ee955f8/46a279f4308ac1e272da6/1491351067_00029.jpg","sharing_picture":null,"percent_done":100,"tags":[{"id":182,"title":"dance","value":"dance"},{"id":6443,"title":"fashion","value":"fashion"},{"id":54673,"title":"2017","value":"2017"},{"id":1257060,"title":"kidcore","value":"kidcore"}],"categories":[{"id":16,"title":"Fashion & Beauty","permalink":"fashion","subscriptions_count":10059485,"big_image_url":"https://coub-anubis-a.akamaized.net/coub_storage/category/cw_image/503df3602c0/3bb25ae4face4a7c9a6f8/big_1544654169_Fashion.png","small_image_url":"https://coub-anubis-a.akamaized.net/coub_storage/category/cw_image/503df3602c0/3bb25ae4face4a7c9a6f8/small_1544654169_Fashion.png","med_image_url":"https://coub-anubis-a.akamaized.net/coub_storage/category/cw_image/503df3602c0/3bb25ae4face4a7c9a6f8/med_1544654169_Fashion.png","visible":true}],"communities":[{"id":16,"title":"Fashion & Beauty","permalink":"fashion","subscriptions_count":10059485,"big_image_url":"https://coub-anubis-a.akamaized.net/coub_storage/category/cw_image/503df3602c0/3bb25ae4face4a7c9a6f8/big_1544654169_Fashion.png","small_image_url":"https://coub-anubis-a.akamaized.net/coub_storage/category/cw_image/503df3602c0/3bb25ae4face4a7c9a6f8/small_1544654169_Fashion.png","med_image_url":"https://coub-anubis-a.akamaized.net/coub_storage/category/cw_image/503df3602c0/3bb25ae4face4a7c9a6f8/med_1544654169_Fashion.png","i_subscribed":true,"community_notifications_enabled":null,"description":null}],"recoubs_count":221,"remixes_count":2,"likes_count":1143,"dislikes_count":0,"raw_video_id":"","uploaded_by_ios_app":false,"uploaded_by_android_app":false,"media_blocks":{"uploaded_raw_videos":[],"external_raw_videos":[],"remixed_from_coubs":[{"id":18662405,"title":"ᅠᅠ","url":"http://coub.com/coubs/s588n/remix","image":"https://coub-anubis-a.akamaized.net/coub_storage/media_block/cw_image/555e4b8b1ea/e1603f13f8c15bf763f4d/1491951228_1487901246_00023.jpg","image_retina":"https://coub-anubis-a.akamaized.net/coub_storage/media_block/cw_image/555e4b8b1ea/e1603f13f8c15bf763f4d/1491951228_1487901246_00023.jpg","meta":{"duration":"7.24"},"duration":null,"coub_channel_title":"Alenka","coub_channel_permalink":"alenkaaa","coub_views_count":65876,"coub_permalink":"s588n"}]},"raw_video_thumbnail_url":"","raw_video_title":"","video_block_banned":false,"duration":9.08,"promo_winner":false,"promo_winner_recoubers":null,"editorial_info":{},"promo_hint":null,"beeline_best_2014":null,"from_web_editor":true,"normalize_sound":true,"normalize_change_allowed":true,"best2015_addable":false,"ahmad_promo":null,"promo_data":null,"audio_copyright_claim":null,"ads_disabled":null,"is_safe_for_ads":true,"megafon_contents":[],"position_on_page":2},{"flag":null,"abuses":null,"recoubs_by_users_channels":null,"favourite":false,"promoted_id":null,"recoub":null,"like":null,"dislike":null,"reaction":null,"in_my_best2015":false,"id":179372259,"type":"Coub::Simple","permalink":"2yg3fy","title":"Carmella Rose Bikinis ","visibility_type":"public","original_visibility_type":"public","channel_id":11116986,"created_at":"2021-11-30T18:25:16Z","updated_at":"2022-03-16T10:55:30Z","is_done":true,"views_count":91582,"cotd":null,"cotd_at":null,"visible_on_explore_root":false,"visible_on_explore":false,"featured":false,"published":true,"published_at":"2021-11-30T18:25:16Z","reversed":false,"from_editor_v2":true,"is_editable":true,"original_sound":false,"has_sound":false,"recoub_to":null,"file_versions":{"html5":{"video":{"higher":{"url":"https://coub-anubis-a.akamaized.net/coub_storage/coub/simple/cw_file/00ac037175b/bd70b80bddd377a14402b/muted_mp4_huge_size_1638297262_muted_huge.mp4","size":2918179},"high":{"url":"https://coub-anubis-a.akamaized.net/coub_storage/coub/simple/cw_file/00ac037175b/bd70b80bddd377a14402b/muted_mp4_big_size_1638297262_muted_big.mp4","size":1975420},"med":{"url":"https://coub-anubis-a.akamaized.net/coub_storage/coub/simple/cw_file/00ac037175b/bd70b80bddd377a14402b/muted_mp4_med_size_1638297262_muted_med.mp4","size":556578}},"audio":{"high":{"url":"https://coub-anubis-a.akamaized.net/coub_storage/coub/simple/cw_looped_audio_high/1c20d1222a7/b9ff0d7c1dfe914f988a1/1638297367_mp3-high.mp3","size":5159127},"med":{"url":"https://coub-anubis-a.akamaized.net/coub_storage/coub/simple/cw_looped_audio_med/b1566a39dbe/8de4cd1005ff08572dd68/1638297359_mp3-med.mp3","size":3711299}}},"mobile":{"video":"https://coub-anubis-a.akamaized.net/coub_storage/coub/simple/cw_file/00ac037175b/bd70b80bddd377a14402b/muted_mp4_med_size_1638297262_muted_med.mp4","audio":["https://coub-anubis-a.akamaized.net/coub_storage/coub/simple/cw_looped_audio_med/b1566a39dbe/8de4cd1005ff08572dd68/1638297359_mp3-med.mp3"]},"share":{"default":"https://coub-anubis-a.akamaized.net/coub_storage/coub/simple/cw_video_for_sharing/b07254dd6d5/ab0aa690c6c6734e1b6f5/1638297506_looped_1638297502.mp4"}},"audio_versions":{"template":"https://coub-anubis-a.akamaized.net/coub_storage/audio_track/cw_normalized_copy/ed345735959/e044d256295fca10652af/mid_1638297323_normalized_1638297274_1d3ou3d_edited.mp3","versions":["mid","low"]},"image_versions":{"template":"https://coub-anubis-a.akamaized.net/coub_storage/coub/simple/cw_image/b695b573c6c/c40b098603091db1df4a1/%{version}_1638297405_00031.jpg","versions":["micro","tiny","age_restricted","ios_large","ios_mosaic","big","med","small","pinterest"]},"first_frame_versions":{"template":"https://coub-anubis-a.akamaized.net/coub_storage/coub/simple/cw_timeline_pic/446a0ec9c72/0dac307cd71273838b403/%{version}_1638297403_image.jpg","versions":["big","med","small","ios_large"]},"dimensions":{"big":[1280,720],"med":[640,360]},"site_w_h":[640,360],"page_w_h":[640,360],"site_w_h_small":[310,174],"size":[1280,720],"age_restricted":false,"age_restricted_by_admin":false,"not_safe_for_work":false,"allow_reuse":false,"dont_crop":true,"banned":false,"global_safe":null,"audio_file_url":"https://coub-anubis-a.akamaized.net/coub_storage/audio_track/cw_normalized_copy/ed345735959/e044d256295fca10652af/low_1638297323_normalized_1638297274_1d3ou3d_edited.mp3","external_download":{"type":"Youtube","service_name":"YouTube","url":"https://www.youtube.com/watch?v=n1tRMYecpIQ","has_embed":true},"application":null,"channel":{"id":11116986,"permalink":"s-p-l-a-s-h","title":"S-P-L-A-S-H","description":null,"followers_count":110,"following_count":13,"avatar_versions":{"template":"https://coub-anubis-a.akamaized.net/coub_storage/channel/cw_avatar/79e23206a13/aa3f9491bfc3e6d191763/%{version}_1615138814_46167734-splash-sound-effect-illustration-word-and-splash-picture-isolated-on-white.jpg","versions":["medium","medium_2x","profile_pic","profile_pic_new","profile_pic_new_2x","tiny","tiny_2x","small","small_2x","ios_large","ios_small"]}},"file":null,"picture":"https://coub-anubis-a.akamaized.net/coub_storage/coub/simple/cw_image/b695b573c6c/c40b098603091db1df4a1/med_1638297405_00031.jpg","timeline_picture":"https://coub-anubis-a.akamaized.net/coub_storage/coub/simple/cw_timeline_pic/446a0ec9c72/0dac307cd71273838b403/ios_large_1638297403_image.jpg","small_picture":"https://coub-anubis-a.akamaized.net/coub_storage/coub/simple/cw_image/b695b573c6c/c40b098603091db1df4a1/ios_mosaic_1638297405_00031.jpg","sharing_picture":null,"percent_done":100,"tags":[{"id":397195,"title":"frankies bikinis","value":"frankies%20bikinis"},{"id":235231,"title":"miami fashion week","value":"miami%20fashion%20week"},{"id":4257980,"title":"electronomia sky high","value":"electronomia%20sky%20high"},{"id":1228939,"title":"carmella rose","value":"carmella%20rose"}],"categories":[{"id":16,"title":"Fashion & Beauty","permalink":"fashion","subscriptions_count":10059485,"big_image_url":"https://coub-anubis-a.akamaized.net/coub_storage/category/cw_image/503df3602c0/3bb25ae4face4a7c9a6f8/big_1544654169_Fashion.png","small_image_url":"https://coub-anubis-a.akamaized.net/coub_storage/category/cw_image/503df3602c0/3bb25ae4face4a7c9a6f8/small_1544654169_Fashion.png","med_image_url":"https://coub-anubis-a.akamaized.net/coub_storage/category/cw_image/503df3602c0/3bb25ae4face4a7c9a6f8/med_1544654169_Fashion.png","visible":true}],"communities":[{"id":16,"title":"Fashion & Beauty","permalink":"fashion","subscriptions_count":10059485,"big_image_url":"https://coub-anubis-a.akamaized.net/coub_storage/category/cw_image/503df3602c0/3bb25ae4face4a7c9a6f8/big_1544654169_Fashion.png","small_image_url":"https://coub-anubis-a.akamaized.net/coub_storage/category/cw_image/503df3602c0/3bb25ae4face4a7c9a6f8/small_1544654169_Fashion.png","med_image_url":"https://coub-anubis-a.akamaized.net/coub_storage/category/cw_image/503df3602c0/3bb25ae4face4a7c9a6f8/med_1544654169_Fashion.png","i_subscribed":true,"community_notifications_enabled":null,"description":null}],"recoubs_count":189,"remixes_count":1,"likes_count":1142,"dislikes_count":0,"raw_video_id":16959937,"uploaded_by_ios_app":false,"uploaded_by_android_app":false,"media_blocks":{"uploaded_raw_videos":[],"external_raw_videos":[{"id":40476809,"title":"Frankies Bikinis 4K UHD Swimwear Fashion Show SS 2018 Miami Swim Week 2017 Full Show","url":"https://www.youtube.com/watch?v=n1tRMYecpIQ","image":"https://coub-anubis-a.akamaized.net/coub_storage/media_block/cw_image/4f3906fe610/688152e0822bfa16fccc6/video_1638294953_yhh7hm_1638294680_1638294662_12km9hv_att-url-download.webp","image_retina":"https://coub-anubis-a.akamaized.net/coub_storage/media_block/cw_image/4f3906fe610/688152e0822bfa16fccc6/video_retina_1638294953_yhh7hm_1638294680_1638294662_12km9hv_att-url-download.webp","meta":{"service":"Youtube","duration":"1215.24"},"duration":1215.24,"raw_video_id":16959937,"has_embed":true}],"remixed_from_coubs":[],"external_video":{"id":40476809,"title":"Frankies Bikinis 4K UHD Swimwear Fashion Show SS 2018 Miami Swim Week 2017 Full Show","url":"https://www.youtube.com/watch?v=n1tRMYecpIQ","image":"https://coub-anubis-a.akamaized.net/coub_storage/media_block/cw_image/4f3906fe610/688152e0822bfa16fccc6/video_1638294953_yhh7hm_1638294680_1638294662_12km9hv_att-url-download.webp","image_retina":"https://coub-anubis-a.akamaized.net/coub_storage/media_block/cw_image/4f3906fe610/688152e0822bfa16fccc6/video_retina_1638294953_yhh7hm_1638294680_1638294662_12km9hv_att-url-download.webp","meta":{"service":"Youtube","duration":"1215.24"},"duration":1215.24,"raw_video_id":16959937,"has_embed":true}},"raw_video_thumbnail_url":"https://coub-anubis-a.akamaized.net/coub_storage/raw_video/cw_image/7ebed1d1060/adae68e84cb3292d561a2/coub_media_1638294680_1638294662_12km9hv_att-url-download.webp","raw_video_title":"Frankies Bikinis 4K UHD Swimwear Fashion Show SS 2018 Miami Swim Week 2017 Full Show","video_block_banned":false,"duration":9.68,"promo_winner":false,"promo_winner_recoubers":null,"editorial_info":{},"promo_hint":null,"beeline_best_2014":null,"from_web_editor":true,"normalize_sound":true,"normalize_change_allowed":true,"best2015_addable":false,"ahmad_promo":null,"promo_data":null,"audio_copyright_claim":null,"ads_disabled":false,"is_safe_for_ads":true,"megafon_contents":[],"position_on_page":3},{"flag":null,"abuses":null,"recoubs_by_users_channels":null,"favourite":false,"promoted_id":null,"recoub":null,"like":null,"dislike":null,"reaction":null,"in_my_best2015":false,"id":159587306,"type":"Coub::Simple","permalink":"2mo15s","title":"Какая мадам)))","visibility_type":"public","original_visibility_type":"public","channel_id":4680215,"created_at":"2020-12-11T13:59:07Z","updated_at":"2022-03-07T12:02:28Z","is_done":true,"views_count":122103,"cotd":null,"cotd_at":null,"visible_on_explore_root":false,"visible_on_explore":false,"featured":false,"published":true,"published_at":"2020-12-11T13:59:07Z","reversed":false,"from_editor_v2":true,"is_editable":true,"original_sound":true,"has_sound":true,"recoub_to":null,"file_versions":{"html5":{"video":{"higher":{"url":"https://coub-anubis-a.akamaized.net/coub_storage/coub/simple/cw_file/cac7ed3c554/5a8746ecd186b835317c0/muted_mp4_huge_size_1607695150_muted_huge.mp4","size":1341580},"high":{"url":"https://coub-anubis-a.akamaized.net/coub_storage/coub/simple/cw_file/cac7ed3c554/5a8746ecd186b835317c0/muted_mp4_big_size_1607695150_muted_big.mp4","size":790808},"med":{"url":"https://coub-anubis-a.akamaized.net/coub_storage/coub/simple/cw_file/cac7ed3c554/5a8746ecd186b835317c0/muted_mp4_med_size_1607695150_muted_med.mp4","size":244238}},"audio":{"high":{"url":"https://coub-anubis-a.akamaized.net/coub_storage/coub/simple/cw_looped_audio_high/ede2bfe5eb2/8f23cc39860bfd6cded34/1607695153_mp3-high.mp3","size":1274700},"med":{"url":"https://coub-anubis-a.akamaized.net/coub_storage/coub/simple/cw_looped_audio_med/93cee8d7b27/90fd3d993072e558dd2b6/1607695152_mp3-med.mp3","size":950760},"sample_duration":9.915}},"mobile":{"video":"https://coub-anubis-a.akamaized.net/coub_storage/coub/simple/cw_file/cac7ed3c554/5a8746ecd186b835317c0/muted_mp4_med_size_1607695150_muted_med.mp4","audio":["https://coub-anubis-a.akamaized.net/coub_storage/coub/simple/cw_looped_audio_med/93cee8d7b27/90fd3d993072e558dd2b6/1607695152_mp3-med.mp3"]},"share":{"default":"https://coub-anubis-a.akamaized.net/coub_storage/coub/simple/cw_video_for_sharing/efa797a2b0d/6fee39c20693777621f7b/1607695197_looped_1607695196.mp4"}},"audio_versions":{},"image_versions":{"template":"https://coub-anubis-a.akamaized.net/coub_storage/coub/simple/cw_image/91bb48b100d/92f2b27e268f2dd4e8fa2/%{version}_1607695159_00032.jpg","versions":["micro","tiny","age_restricted","ios_large","ios_mosaic","big","med","small","pinterest"]},"first_frame_versions":{"template":"https://coub-anubis-a.akamaized.net/coub_storage/coub/simple/cw_timeline_pic/0ddd59c91a9/626b6dd169098a0cbc461/%{version}_1607695158_image.jpg","versions":["big","med","small","ios_large"]},"dimensions":{"big":[538,960],"med":[268,480]},"site_w_h":[224,400],"page_w_h":[400,714],"site_w_h_small":[310,553],"size":[538,960],"age_restricted":false,"age_restricted_by_admin":false,"not_safe_for_work":false,"allow_reuse":false,"dont_crop":true,"banned":false,"global_safe":null,"audio_file_url":null,"external_download":false,"application":null,"channel":{"id":4680215,"permalink":"angelina-vladimirova5","title":"∞ɪɴғ|Angelina.                                                                                                             ","description":"2202 2011 4436 5539 подддержите  мой канал Благодарю всех, кому понравились мои работы (I thank everyone who liked my works ) ^///^","followers_count":715,"following_count":21,"avatar_versions":{"template":"https://coub-anubis-a.akamaized.net/coub_storage/channel/cw_avatar/e6c142bdff1/cdbb8e9adb9818b57b8f5/%{version}_1607976482_cropped.jpeg","versions":["medium","medium_2x","profile_pic","profile_pic_new","profile_pic_new_2x","tiny","tiny_2x","small","small_2x","ios_large","ios_small"]}},"file":null,"picture":"https://coub-anubis-a.akamaized.net/coub_storage/coub/simple/cw_image/91bb48b100d/92f2b27e268f2dd4e8fa2/med_1607695159_00032.jpg","timeline_picture":"https://coub-anubis-a.akamaized.net/coub_storage/coub/simple/cw_timeline_pic/0ddd59c91a9/626b6dd169098a0cbc461/ios_large_1607695158_image.jpg","small_picture":"https://coub-anubis-a.akamaized.net/coub_storage/coub/simple/cw_image/91bb48b100d/92f2b27e268f2dd4e8fa2/ios_mosaic_1607695159_00032.jpg","sharing_picture":null,"percent_done":100,"tags":[],"categories":[{"id":16,"title":"Fashion & Beauty","permalink":"fashion","subscriptions_count":10059485,"big_image_url":"https://coub-anubis-a.akamaized.net/coub_storage/category/cw_image/503df3602c0/3bb25ae4face4a7c9a6f8/big_1544654169_Fashion.png","small_image_url":"https://coub-anubis-a.akamaized.net/coub_storage/category/cw_image/503df3602c0/3bb25ae4face4a7c9a6f8/small_1544654169_Fashion.png","med_image_url":"https://coub-anubis-a.akamaized.net/coub_storage/category/cw_image/503df3602c0/3bb25ae4face4a7c9a6f8/med_1544654169_Fashion.png","visible":true}],"communities":[{"id":16,"title":"Fashion & Beauty","permalink":"fashion","subscriptions_count":10059485,"big_image_url":"https://coub-anubis-a.akamaized.net/coub_storage/category/cw_image/503df3602c0/3bb25ae4face4a7c9a6f8/big_1544654169_Fashion.png","small_image_url":"https://coub-anubis-a.akamaized.net/coub_storage/category/cw_image/503df3602c0/3bb25ae4face4a7c9a6f8/small_1544654169_Fashion.png","med_image_url":"https://coub-anubis-a.akamaized.net/coub_storage/category/cw_image/503df3602c0/3bb25ae4face4a7c9a6f8/med_1544654169_Fashion.png","i_subscribed":true,"community_notifications_enabled":null,"description":null}],"recoubs_count":178,"remixes_count":1,"likes_count":1142,"dislikes_count":0,"raw_video_id":15960787,"uploaded_by_ios_app":false,"uploaded_by_android_app":true,"media_blocks":{"uploaded_raw_videos":[],"external_raw_videos":[],"remixed_from_coubs":[]},"raw_video_thumbnail_url":"/missing/missing.png","raw_video_title":null,"video_block_banned":false,"duration":10.0,"promo_winner":false,"promo_winner_recoubers":null,"editorial_info":{},"promo_hint":null,"beeline_best_2014":null,"from_web_editor":false,"normalize_sound":true,"normalize_change_allowed":true,"best2015_addable":false,"ahmad_promo":null,"promo_data":null,"audio_copyright_claim":null,"ads_disabled":false,"is_safe_for_ads":true,"megafon_contents":[],"position_on_page":4},{"flag":null,"abuses":null,"recoubs_by_users_channels":null,"favourite":false,"promoted_id":null,"recoub":null,"like":null,"dislike":null,"reaction":null,"in_my_best2015":false,"id":179838534,"type":"Coub::Simple","permalink":"2yq384","title":"Kastyell - Neverland","visibility_type":"public","original_visibility_type":"public","channel_id":9661266,"created_at":"2021-12-10T09:20:52Z","updated_at":"2022-03-16T03:37:43Z","is_done":true,"views_count":111102,"cotd":null,"cotd_at":null,"visible_on_explore_root":false,"visible_on_explore":false,"featured":false,"published":true,"published_at":"2021-12-10T09:20:52Z","reversed":false,"from_editor_v2":true,"is_editable":true,"original_sound":false,"has_sound":false,"recoub_to":null,"file_versions":{"html5":{"video":{"higher":{"url":"https://coub-anubis-a.akamaized.net/coub_storage/coub/simple/cw_file/21aab778bf1/68fae5a98431f94701d3d/muted_mp4_huge_size_1639128064_muted_huge.mp4","size":2591628},"high":{"url":"https://coub-anubis-a.akamaized.net/coub_storage/coub/simple/cw_file/21aab778bf1/68fae5a98431f94701d3d/muted_mp4_big_size_1639128064_muted_big.mp4","size":1712156},"med":{"url":"https://coub-anubis-a.akamaized.net/coub_storage/coub/simple/cw_file/21aab778bf1/68fae5a98431f94701d3d/muted_mp4_med_size_1639128064_muted_med.mp4","size":449651}},"audio":{"high":{"url":"https://coub-anubis-a.akamaized.net/coub_storage/coub/simple/cw_looped_audio_high/99d58d84b4f/e21219cdef28055833bff/1639128100_mp3-high.mp3","size":3306651},"med":{"url":"https://coub-anubis-a.akamaized.net/coub_storage/coub/simple/cw_looped_audio_med/efc3a970d1e/9df72e20ebd390d4970dd/1639128097_mp3-med.mp3","size":2471782}}},"mobile":{"video":"https://coub-anubis-a.akamaized.net/coub_storage/coub/simple/cw_file/21aab778bf1/68fae5a98431f94701d3d/muted_mp4_med_size_1639128064_muted_med.mp4","audio":["https://coub-anubis-a.akamaized.net/coub_storage/coub/simple/cw_looped_audio_med/efc3a970d1e/9df72e20ebd390d4970dd/1639128097_mp3-med.mp3"]},"share":{"default":"https://coub-anubis-a.akamaized.net/coub_storage/coub/simple/cw_video_for_sharing/fcfd884dc2c/34d96c8cc4a40f7127afb/1639128145_looped_1639128144.mp4"}},"audio_versions":{"template":"https://coub-anubis-a.akamaized.net/coub_storage/audio_track/cw_normalized_copy/6f6e5d24ef4/05433a9b6f13b6c480dd6/mid_1639128085_normalized_1639128068_8x6utm_edited.mp3","versions":["mid","low"]},"image_versions":{"template":"https://coub-anubis-a.akamaized.net/coub_storage/coub/simple/cw_image/031cf523c6c/1b6601666aaf55ed7e4c0/%{version}_1639128107_00032.jpg","versions":["micro","tiny","age_restricted","ios_large","ios_mosaic","big","med","small","pinterest"]},"first_frame_versions":{"template":"https://coub-anubis-a.akamaized.net/coub_storage/coub/simple/cw_timeline_pic/4ae09b6756a/2c4590158d39239cd580e/%{version}_1639128106_image.jpg","versions":["big","med","small","ios_large"]},"dimensions":{"big":[1280,720],"med":[640,360]},"site_w_h":[640,360],"page_w_h":[640,360],"site_w_h_small":[310,174],"size":[1280,720],"age_restricted":false,"age_restricted_by_admin":false,"not_safe_for_work":false,"allow_reuse":false,"dont_crop":true,"banned":false,"global_safe":null,"audio_file_url":"https://coub-anubis-a.akamaized.net/coub_storage/audio_track/cw_normalized_copy/6f6e5d24ef4/05433a9b6f13b6c480dd6/low_1639128085_normalized_1639128068_8x6utm_edited.mp3","external_download":false,"application":null,"channel":{"id":9661266,"permalink":"makeyourmoney","title":"MakeYourMoney","description":null,"followers_count":87,"following_count":14,"avatar_versions":{"template":"https://coub-anubis-a.akamaized.net/coub_storage/channel/cw_avatar/8a5244133d8/3764aac1dd085aa497450/%{version}_1607425845_1xa8cam_1591912240_jkb5ln_896761800951255041.jpg","versions":["medium","medium_2x","profile_pic","profile_pic_new","profile_pic_new_2x","tiny","tiny_2x","small","small_2x","ios_large","ios_small"]}},"file":null,"picture":"https://coub-anubis-a.akamaized.net/coub_storage/coub/simple/cw_image/031cf523c6c/1b6601666aaf55ed7e4c0/med_1639128107_00032.jpg","timeline_picture":"https://coub-anubis-a.akamaized.net/coub_storage/coub/simple/cw_timeline_pic/4ae09b6756a/2c4590158d39239cd580e/ios_large_1639128106_image.jpg","small_picture":"https://coub-anubis-a.akamaized.net/coub_storage/coub/simple/cw_image/031cf523c6c/1b6601666aaf55ed7e4c0/ios_mosaic_1639128107_00032.jpg","sharing_picture":null,"percent_done":100,"tags":[{"id":4442021,"title":"fancy - flames of love","value":"fancy%20-%20flames%20of%20love"},{"id":601,"title":"beauty","value":"beauty"},{"id":183,"title":"girl","value":"girl"},{"id":87825,"title":"bikini model","value":"bikini%20model"},{"id":1564,"title":"sea","value":"sea"},{"id":2651,"title":"sky","value":"sky"},{"id":10258,"title":"bikini","value":"bikini"},{"id":6078,"title":"lovely","value":"lovely"},{"id":5044,"title":"beach","value":"beach"}],"categories":[{"id":16,"title":"Fashion & Beauty","permalink":"fashion","subscriptions_count":10059485,"big_image_url":"https://coub-anubis-a.akamaized.net/coub_storage/category/cw_image/503df3602c0/3bb25ae4face4a7c9a6f8/big_1544654169_Fashion.png","small_image_url":"https://coub-anubis-a.akamaized.net/coub_storage/category/cw_image/503df3602c0/3bb25ae4face4a7c9a6f8/small_1544654169_Fashion.png","med_image_url":"https://coub-anubis-a.akamaized.net/coub_storage/category/cw_image/503df3602c0/3bb25ae4face4a7c9a6f8/med_1544654169_Fashion.png","visible":true}],"communities":[{"id":16,"title":"Fashion & Beauty","permalink":"fashion","subscriptions_count":10059485,"big_image_url":"https://coub-anubis-a.akamaized.net/coub_storage/category/cw_image/503df3602c0/3bb25ae4face4a7c9a6f8/big_1544654169_Fashion.png","small_image_url":"https://coub-anubis-a.akamaized.net/coub_storage/category/cw_image/503df3602c0/3bb25ae4face4a7c9a6f8/small_1544654169_Fashion.png","med_image_url":"https://coub-anubis-a.akamaized.net/coub_storage/category/cw_image/503df3602c0/3bb25ae4face4a7c9a6f8/med_1544654169_Fashion.png","i_subscribed":true,"community_notifications_enabled":null,"description":null}],"recoubs_count":216,"remixes_count":0,"likes_count":1141,"dislikes_count":0,"raw_video_id":"","uploaded_by_ios_app":false,"uploaded_by_android_app":false,"media_blocks":{"uploaded_raw_videos":[],"external_raw_videos":[],"remixed_from_coubs":[{"id":39957324,"title":"One For My Baby ( Frank Sinatra )","url":"https://coub.com/coubs/2xm0tg/remix","image":"https://coub-anubis-a.akamaized.net/coub_storage/media_block/cw_image/a7176d23b84/95b9c182309f2251b1502/video_1635796152_16f3y7q_1635796124_00032.jpg","image_retina":"https://coub-anubis-a.akamaized.net/coub_storage/media_block/cw_image/a7176d23b84/95b9c182309f2251b1502/video_retina_1635796152_16f3y7q_1635796124_00032.jpg","meta":{"duration":"10.0"},"duration":null,"coub_channel_title":"Vote","coub_channel_permalink":"vote0000","coub_views_count":102751,"coub_permalink":"2xm0tg"}]},"raw_video_thumbnail_url":"","raw_video_title":"","video_block_banned":false,"duration":10.0,"promo_winner":false,"promo_winner_recoubers":null,"editorial_info":{},"promo_hint":null,"beeline_best_2014":null,"from_web_editor":true,"normalize_sound":true,"normalize_change_allowed":true,"best2015_addable":false,"ahmad_promo":null,"promo_data":null,"audio_copyright_claim":null,"ads_disabled":false,"is_safe_for_ads":true,"megafon_contents":[],"position_on_page":5},{"flag":null,"abuses":null,"recoubs_by_users_channels":null,"favourite":false,"promoted_id":null,"recoub":null,"like":null,"dislike":null,"reaction":null,"in_my_best2015":false,"id":178587074,"type":"Coub::Simple","permalink":"2xz9l3","title":"💟💟💟","visibility_type":"public","original_visibility_type":"public","channel_id":9646237,"created_at":"2021-11-14T10:12:05Z","updated_at":"2022-03-15T14:22:18Z","is_done":true,"views_count":113650,"cotd":null,"cotd_at":null,"visible_on_explore_root":false,"visible_on_explore":false,"featured":false,"published":true,"published_at":"2021-11-14T10:12:05Z","reversed":false,"from_editor_v2":true,"is_editable":true,"original_sound":true,"has_sound":true,"recoub_to":null,"file_versions":{"html5":{"video":{"higher":{"url":"https://coub-anubis-a.akamaized.net/coub_storage/coub/simple/cw_file/38e323f219b/66ef75795b84f6bd4eb06/muted_mp4_huge_size_1636884730_muted_huge.mp4","size":1519596},"high":{"url":"https://coub-anubis-a.akamaized.net/coub_storage/coub/simple/cw_file/38e323f219b/66ef75795b84f6bd4eb06/muted_mp4_big_size_1636884730_muted_big.mp4","size":924234},"med":{"url":"https://coub-anubis-a.akamaized.net/coub_storage/coub/simple/cw_file/38e323f219b/66ef75795b84f6bd4eb06/muted_mp4_med_size_1636884730_muted_med.mp4","size":295832}},"audio":{"high":{"url":"https://coub-anubis-a.akamaized.net/coub_storage/coub/simple/cw_looped_audio_high/239d98cc05c/6c7a731fd1e07cf936cf1/1636884732_mp3-high.mp3","size":1095916},"med":{"url":"https://coub-anubis-a.akamaized.net/coub_storage/coub/simple/cw_looped_audio_med/e0f498363d6/287740acc188244280be9/1636884731_mp3-med.mp3","size":798868},"sample_duration":10.008}},"mobile":{"video":"https://coub-anubis-a.akamaized.net/coub_storage/coub/simple/cw_file/38e323f219b/66ef75795b84f6bd4eb06/muted_mp4_med_size_1636884730_muted_med.mp4","audio":["https://coub-anubis-a.akamaized.net/coub_storage/coub/simple/cw_looped_audio_med/e0f498363d6/287740acc188244280be9/1636884731_mp3-med.mp3"]},"share":{"default":"https://coub-anubis-a.akamaized.net/coub_storage/coub/simple/cw_video_for_sharing/1668547c6e0/aeeb148d7806571c8fb42/1636884751_looped_1636884751.mp4"}},"audio_versions":{},"image_versions":{"template":"https://coub-anubis-a.akamaized.net/coub_storage/coub/simple/cw_image/aefc4e925e3/b6f69b1890eb6bc43742b/%{version}_1636884735_00032.jpg","versions":["micro","tiny","age_restricted","ios_large","ios_mosaic","big","med","small","pinterest"]},"first_frame_versions":{"template":"https://coub-anubis-a.akamaized.net/coub_storage/coub/simple/cw_timeline_pic/2c31c2b213b/19d99ff14f8504b5ca43c/%{version}_1636884735_image.jpg","versions":["big","med","small","ios_large"]},"dimensions":{"big":[538,960],"med":[268,480]},"site_w_h":[224,400],"page_w_h":[400,714],"site_w_h_small":[310,553],"size":[538,960],"age_restricted":false,"age_restricted_by_admin":false,"not_safe_for_work":false,"allow_reuse":false,"dont_crop":true,"banned":false,"global_safe":null,"audio_file_url":null,"external_download":{"type":"Instagram","service_name":"Instagram","url":"https://www.instagram.com/p/CWQJgPUge67/?utm_medium=share_sheet","has_embed":false},"application":null,"channel":{"id":9646237,"permalink":"m-u-z-y-k-a-n-t","title":"M͓̽u͓̽z͓̽y͓̽k͓̽a͓̽n͓̽t͓̽","description":null,"followers_count":1094,"following_count":3,"avatar_versions":{"template":"https://coub-anubis-a.akamaized.net/coub_storage/channel/cw_avatar/76f0ca46247/c0338220fd8440ca892a0/%{version}_1608098530_h5tb9f_1591554875_1nr61yi_109376059247901703677.jpg","versions":["medium","medium_2x","profile_pic","profile_pic_new","profile_pic_new_2x","tiny","tiny_2x","small","small_2x","ios_large","ios_small"]}},"file":null,"picture":"https://coub-anubis-a.akamaized.net/coub_storage/coub/simple/cw_image/aefc4e925e3/b6f69b1890eb6bc43742b/med_1636884735_00032.jpg","timeline_picture":"https://coub-anubis-a.akamaized.net/coub_storage/coub/simple/cw_timeline_pic/2c31c2b213b/19d99ff14f8504b5ca43c/ios_large_1636884735_image.jpg","small_picture":"https://coub-anubis-a.akamaized.net/coub_storage/coub/simple/cw_image/aefc4e925e3/b6f69b1890eb6bc43742b/ios_mosaic_1636884735_00032.jpg","sharing_picture":null,"percent_done":100,"tags":[{"id":151936,"title":"beautiful girl","value":"beautiful%20girl"},{"id":86,"title":"music","value":"music"},{"id":183,"title":"girl","value":"girl"},{"id":84558,"title":"beautiful music","value":"beautiful%20music"},{"id":6297559,"title":"riwww","value":"riwww"}],"categories":[{"id":16,"title":"Fashion & Beauty","permalink":"fashion","subscriptions_count":10059485,"big_image_url":"https://coub-anubis-a.akamaized.net/coub_storage/category/cw_image/503df3602c0/3bb25ae4face4a7c9a6f8/big_1544654169_Fashion.png","small_image_url":"https://coub-anubis-a.akamaized.net/coub_storage/category/cw_image/503df3602c0/3bb25ae4face4a7c9a6f8/small_1544654169_Fashion.png","med_image_url":"https://coub-anubis-a.akamaized.net/coub_storage/category/cw_image/503df3602c0/3bb25ae4face4a7c9a6f8/med_1544654169_Fashion.png","visible":true}],"communities":[{"id":16,"title":"Fashion & Beauty","permalink":"fashion","subscriptions_count":10059485,"big_image_url":"https://coub-anubis-a.akamaized.net/coub_storage/category/cw_image/503df3602c0/3bb25ae4face4a7c9a6f8/big_1544654169_Fashion.png","small_image_url":"https://coub-anubis-a.akamaized.net/coub_storage/category/cw_image/503df3602c0/3bb25ae4face4a7c9a6f8/small_1544654169_Fashion.png","med_image_url":"https://coub-anubis-a.akamaized.net/coub_storage/category/cw_image/503df3602c0/3bb25ae4face4a7c9a6f8/med_1544654169_Fashion.png","i_subscribed":true,"community_notifications_enabled":null,"description":null}],"recoubs_count":183,"remixes_count":0,"likes_count":1141,"dislikes_count":0,"raw_video_id":16920894,"uploaded_by_ios_app":false,"uploaded_by_android_app":true,"media_blocks":{"uploaded_raw_videos":[],"external_raw_videos":[{"id":40188697,"title":"Shot by muzykant148","url":"http://instagram.com/p/CWQJgPUge67/","image":"https://coub-anubis-a.akamaized.net/coub_storage/media_block/cw_image/1c249f8a5b0/aee18dc2c1e62bc5fd4d1/video_1636884537_1ork3jv_1636884530_image.jpg","image_retina":"https://coub-anubis-a.akamaized.net/coub_storage/media_block/cw_image/1c249f8a5b0/aee18dc2c1e62bc5fd4d1/video_retina_1636884537_1ork3jv_1636884530_image.jpg","meta":{"service":"Instagram","duration":"14.08"},"duration":14.08,"raw_video_id":16920894,"has_embed":false}],"remixed_from_coubs":[],"external_video":{"id":40188697,"title":"Shot by muzykant148","url":"http://instagram.com/p/CWQJgPUge67/","image":"https://coub-anubis-a.akamaized.net/coub_storage/media_block/cw_image/1c249f8a5b0/aee18dc2c1e62bc5fd4d1/video_1636884537_1ork3jv_1636884530_image.jpg","image_retina":"https://coub-anubis-a.akamaized.net/coub_storage/media_block/cw_image/1c249f8a5b0/aee18dc2c1e62bc5fd4d1/video_retina_1636884537_1ork3jv_1636884530_image.jpg","meta":{"service":"Instagram","duration":"14.08"},"duration":14.08,"raw_video_id":16920894,"has_embed":false}},"raw_video_thumbnail_url":"https://coub-anubis-a.akamaized.net/coub_storage/raw_video/cw_image/cddebcfdd14/4d670e1d783b8d1f4735c/coub_media_1636884531_1636884530_image.jpg","raw_video_title":"Shot by muzykant148","video_block_banned":false,"duration":10.04,"promo_winner":false,"promo_winner_recoubers":null,"editorial_info":{},"promo_hint":null,"beeline_best_2014":null,"from_web_editor":false,"normalize_sound":true,"normalize_change_allowed":true,"best2015_addable":false,"ahmad_promo":null,"promo_data":null,"audio_copyright_claim":null,"ads_disabled":false,"is_safe_for_ads":true,"megafon_contents":[],"position_on_page":6},{"flag":null,"abuses":null,"recoubs_by_users_channels":null,"favourite":false,"promoted_id":null,"recoub":null,"like":null,"dislike":null,"reaction":null,"in_my_best2015":false,"id":148033940,"type":"Coub::Simple","permalink":"2fsefx","title":"OL (song: Grillabeats - Menyala)","visibility_type":"public","original_visibility_type":"public","channel_id":5063935,"created_at":"2020-06-23T20:23:07Z","updated_at":"2022-03-14T12:39:39Z","is_done":true,"views_count":135561,"cotd":null,"cotd_at":null,"visible_on_explore_root":false,"visible_on_explore":false,"featured":false,"published":true,"published_at":"2020-06-23T20:27:56Z","reversed":false,"from_editor_v2":true,"is_editable":true,"original_sound":false,"has_sound":false,"recoub_to":null,"file_versions":{"html5":{"video":{"higher":{"url":"https://coub-anubis-a.akamaized.net/coub_storage/coub/simple/cw_file/a7abc26ab8d/ae43b7c9c9a43d2b99dfb/muted_mp4_huge_size_1592943790_muted_huge.mp4","size":1007550},"high":{"url":"https://coub-anubis-a.akamaized.net/coub_storage/coub/simple/cw_file/a7abc26ab8d/ae43b7c9c9a43d2b99dfb/muted_mp4_big_size_1592943790_muted_big.mp4","size":611240},"med":{"url":"https://coub-anubis-a.akamaized.net/coub_storage/coub/simple/cw_file/a7abc26ab8d/ae43b7c9c9a43d2b99dfb/muted_mp4_med_size_1592943790_muted_med.mp4","size":184907}},"audio":{"high":{"url":"https://coub-anubis-a.akamaized.net/coub_storage/coub/simple/cw_looped_audio_high/44f89174126/b06da5e5f7b51b23c48b0/1605683498_high_1592943817_high.mp3","size":3691027},"med":{"url":"https://coub-anubis-a.akamaized.net/coub_storage/coub/simple/cw_looped_audio_med/6ffabb849f8/3cbe9d7bdca504c6ce12b/1605683497_med_1592943817_med.mp3","size":2793275}}},"mobile":{"video":"https://coub-anubis-a.akamaized.net/coub_storage/coub/simple/cw_file/a7abc26ab8d/ae43b7c9c9a43d2b99dfb/muted_mp4_med_size_1592943790_muted_med.mp4","audio":["https://coub-anubis-a.akamaized.net/coub_storage/coub/simple/cw_looped_audio_med/6ffabb849f8/3cbe9d7bdca504c6ce12b/1605683497_med_1592943817_med.mp3"]},"share":{"default":"https://coub-anubis-a.akamaized.net/coub_storage/coub/simple/cw_video_for_sharing/df2c4649b0f/bc4f0e8d11f8f2a1f12eb/1608272188_looped_1608272185.mp4"}},"audio_versions":{"template":"https://coub-anubis-a.akamaized.net/coub_storage/audio_track/cw_file/26f5709f086/b22344736b98a7f92b56c/mid_1592943795_i8jfiw_edited.mp3","versions":["mid","low"]},"image_versions":{"template":"https://coub-anubis-a.akamaized.net/coub_storage/coub/simple/cw_image/f45f29a9c92/ebc23f0447cee3515bd97/1592943829_00016.jpg","versions":["micro","tiny","age_restricted","ios_large","ios_mosaic","big","med","small","pinterest"]},"first_frame_versions":{"template":"https://coub-anubis-a.akamaized.net/coub_storage/coub/simple/cw_timeline_pic/203021499fb/6c6996d99990edfd9f8a7/%{version}_1592943828_image.jpg","versions":["big","med","small","ios_large"]},"dimensions":{"big":[768,960],"med":[384,480]},"site_w_h":[320,400],"page_w_h":[400,500],"site_w_h_small":[310,388],"size":[768,960],"age_restricted":false,"age_restricted_by_admin":false,"not_safe_for_work":false,"allow_reuse":false,"dont_crop":true,"banned":false,"global_safe":true,"audio_file_url":"https://coub-anubis-a.akamaized.net/coub_storage/audio_track/cw_file/26f5709f086/b22344736b98a7f92b56c/low_1592943795_i8jfiw_edited.mp3","external_download":{"type":"Instagram","service_name":"Instagram","url":"https://www.instagram.com/p/BwEqxoKA13i/","has_embed":false},"application":null,"channel":{"id":5063935,"permalink":"hachi-franxx","title":"Hachi Franxx","description":"Like, follow and, most importantly, repost!","followers_count":4823,"following_count":40,"avatar_versions":{"template":"https://coub-anubis-a.akamaized.net/coub_storage/channel/cw_avatar/164d0f0a980/3f67e0b8d5814ca21713f/%{version}_1607421387_15qy57m_1547914543_filename.jpeg","versions":["medium","medium_2x","profile_pic","profile_pic_new","profile_pic_new_2x","tiny","tiny_2x","small","small_2x","ios_large","ios_small"]}},"file":null,"picture":"https://coub-anubis-a.akamaized.net/coub_storage/coub/simple/cw_image/f45f29a9c92/ebc23f0447cee3515bd97/1592943829_00016.jpg","timeline_picture":"https://coub-anubis-a.akamaized.net/coub_storage/coub/simple/cw_timeline_pic/203021499fb/6c6996d99990edfd9f8a7/ios_large_1592943828_image.jpg","small_picture":"https://coub-anubis-a.akamaized.net/coub_storage/coub/simple/cw_image/f45f29a9c92/ebc23f0447cee3515bd97/1592943829_00016.jpg","sharing_picture":null,"percent_done":100,"tags":[{"id":2529,"title":"instagram","value":"instagram"},{"id":144330,"title":"korean girls","value":"korean%20girls"},{"id":394775,"title":"asian girls","value":"asian%20girls"},{"id":5239567,"title":"ssunbiki","value":"ssunbiki"},{"id":5745104,"title":"song: grillabeats - menyala","value":"song:%20grillabeats%20-%20menyala"},{"id":4918010,"title":"office lady","value":"office%20lady"}],"categories":[{"id":16,"title":"Fashion & Beauty","permalink":"fashion","subscriptions_count":10059485,"big_image_url":"https://coub-anubis-a.akamaized.net/coub_storage/category/cw_image/503df3602c0/3bb25ae4face4a7c9a6f8/big_1544654169_Fashion.png","small_image_url":"https://coub-anubis-a.akamaized.net/coub_storage/category/cw_image/503df3602c0/3bb25ae4face4a7c9a6f8/small_1544654169_Fashion.png","med_image_url":"https://coub-anubis-a.akamaized.net/coub_storage/category/cw_image/503df3602c0/3bb25ae4face4a7c9a6f8/med_1544654169_Fashion.png","visible":true}],"communities":[{"id":16,"title":"Fashion & Beauty","permalink":"fashion","subscriptions_count":10059485,"big_image_url":"https://coub-anubis-a.akamaized.net/coub_storage/category/cw_image/503df3602c0/3bb25ae4face4a7c9a6f8/big_1544654169_Fashion.png","small_image_url":"https://coub-anubis-a.akamaized.net/coub_storage/category/cw_image/503df3602c0/3bb25ae4face4a7c9a6f8/small_1544654169_Fashion.png","med_image_url":"https://coub-anubis-a.akamaized.net/coub_storage/category/cw_image/503df3602c0/3bb25ae4face4a7c9a6f8/med_1544654169_Fashion.png","i_subscribed":true,"community_notifications_enabled":null,"description":null}],"recoubs_count":199,"remixes_count":0,"likes_count":1141,"dislikes_count":0,"raw_video_id":15382000,"uploaded_by_ios_app":false,"uploaded_by_android_app":false,"media_blocks":{"uploaded_raw_videos":[],"external_raw_videos":[{"id":36211178,"title":"Shot by ssunbiki","url":"http://instagram.com/p/BwEqxoKA13i/","image":null,"image_retina":null,"meta":{"service":"Instagram","duration":"6.534"},"duration":6.534,"raw_video_id":15382000,"has_embed":false}],"remixed_from_coubs":[],"external_video":{"id":36211178,"title":"Shot by ssunbiki","url":"http://instagram.com/p/BwEqxoKA13i/","image":null,"image_retina":null,"meta":{"service":"Instagram","duration":"6.534"},"duration":6.534,"raw_video_id":15382000,"has_embed":false}},"raw_video_thumbnail_url":"/missing/missing.png","raw_video_title":"Shot by ssunbiki","video_block_banned":false,"duration":5.0,"promo_winner":false,"promo_winner_recoubers":null,"editorial_info":{},"promo_hint":null,"beeline_best_2014":null,"from_web_editor":true,"normalize_sound":false,"normalize_change_allowed":true,"best2015_addable":false,"ahmad_promo":null,"promo_data":null,"audio_copyright_claim":null,"ads_disabled":false,"is_safe_for_ads":true,"megafon_contents":[],"position_on_page":7},{"flag":null,"abuses":null,"recoubs_by_users_channels":null,"favourite":false,"promoted_id":null,"recoub":null,"like":null,"dislike":null,"reaction":null,"in_my_best2015":false,"id":61896616,"type":"Coub::Simple","permalink":"10eiqx","title":"Asians.....","visibility_type":"public","original_visibility_type":"public","channel_id":1243434,"created_at":"2017-12-07T17:54:05Z","updated_at":"2022-03-08T18:01:12Z","is_done":true,"views_count":109886,"cotd":null,"cotd_at":null,"visible_on_explore_root":false,"visible_on_explore":false,"featured":false,"published":true,"published_at":"2017-12-07T17:54:05Z","reversed":false,"from_editor_v2":true,"is_editable":true,"original_sound":false,"has_sound":false,"recoub_to":null,"file_versions":{"html5":{"video":{"higher":{"url":"https://coub-anubis-a.akamaized.net/coub_storage/coub/simple/cw_file/70ff723276d/f00e6599b87ad6bf692ec/muted_mp4_huge_size_1568171100_muted_huge.mp4","size":3812187},"high":{"url":"https://coub-anubis-a.akamaized.net/coub_storage/coub/simple/cw_file/70ff723276d/f00e6599b87ad6bf692ec/muted_mp4_big_size_1568171100_muted_big.mp4","size":2649085},"med":{"url":"https://coub-anubis-a.akamaized.net/coub_storage/coub/simple/cw_file/70ff723276d/f00e6599b87ad6bf692ec/muted_mp4_med_size_1568171100_muted_med.mp4","size":839409}},"audio":{"high":{"url":"https://coub-anubis-a.akamaized.net/coub_storage/coub/simple/cw_looped_audio_high/b8a7d6151cc/6fe5482c3dbb03fd26613/1605619569_high_1512669307_high.mp3","size":6036299},"med":{"url":"https://coub-anubis-a.akamaized.net/coub_storage/coub/simple/cw_looped_audio_med/f5e2f0e1218/f27d351660c562a21e5fe/1605619568_med_1512669307_med.mp3","size":4662128}}},"mobile":{"video":"https://coub-anubis-a.akamaized.net/coub_storage/coub/simple/cw_file/70ff723276d/f00e6599b87ad6bf692ec/muted_mp4_med_size_1568171100_muted_med.mp4","audio":["https://coub-anubis-a.akamaized.net/coub_storage/coub/simple/cw_looped_audio_med/f5e2f0e1218/f27d351660c562a21e5fe/1605619568_med_1512669307_med.mp3"]},"share":{"default":"https://coub-anubis-a.akamaized.net/coub_storage/coub/simple/cw_video_for_sharing/73fe660d323/bcb25492cdb99b7e00749/1611831352_looped_1611831351.mp4"}},"audio_versions":{"template":"https://coub-anubis-a.akamaized.net/coub_storage/audio_track/cw_normalized_copy/6547cabccbf/c8d8f4e466cae0d47f099/mid_1512669286_1yvxj1i_normalized_1512669262_1tmct77_edited.mp3","versions":["mid","low"]},"image_versions":{"template":"https://coub-anubis-a.akamaized.net/coub_storage/coub/simple/cw_image/ff491a9c9f0/76ac28d469094487f05da/1512669331_00032.jpg","versions":["micro","tiny","age_restricted","ios_large","ios_mosaic","big","med","small","pinterest"]},"first_frame_versions":{"template":"https://coub-anubis-a.akamaized.net/coub_storage/coub/simple/cw_timeline_pic/fddc6468719/90c4677fc0d11d5dc6314/%{version}_1512669330_image.jpg","versions":["big","med","small","ios_large"]},"dimensions":{"big":[1280,720],"med":[640,360]},"site_w_h":[640,360],"page_w_h":[640,360],"site_w_h_small":[310,174],"size":[1280,720],"age_restricted":false,"age_restricted_by_admin":false,"not_safe_for_work":false,"allow_reuse":false,"dont_crop":false,"banned":false,"global_safe":false,"audio_file_url":"https://coub-anubis-a.akamaized.net/coub_storage/audio_track/cw_normalized_copy/6547cabccbf/c8d8f4e466cae0d47f099/low_1512669286_1yvxj1i_normalized_1512669262_1tmct77_edited.mp3","external_download":false,"application":null,"channel":{"id":1243434,"permalink":"fujitsu.tv","title":"►Fuji☻","description":null,"followers_count":399,"following_count":9,"avatar_versions":{"template":"https://coub-anubis-a.akamaized.net/coub_storage/channel/cw_avatar/7e9b66005bb/ed5b4be884a6cf02c4216/%{version}_1607426526_f79wtu_1519930001_ahegao_face_ela.png","versions":["medium","medium_2x","profile_pic","profile_pic_new","profile_pic_new_2x","tiny","tiny_2x","small","small_2x","ios_large","ios_small"]}},"file":null,"picture":"https://coub-anubis-a.akamaized.net/coub_storage/coub/simple/cw_image/ff491a9c9f0/76ac28d469094487f05da/1512669331_00032.jpg","timeline_picture":"https://coub-anubis-a.akamaized.net/coub_storage/coub/simple/cw_timeline_pic/fddc6468719/90c4677fc0d11d5dc6314/ios_large_1512669330_image.jpg","small_picture":"https://coub-anubis-a.akamaized.net/coub_storage/coub/simple/cw_image/ff491a9c9f0/76ac28d469094487f05da/1512669331_00032.jpg","sharing_picture":null,"percent_done":100,"tags":[{"id":7399,"title":"asian","value":"asian"},{"id":211225,"title":"ela","value":"ela"},{"id":3283915,"title":"ela bosak","value":"ela%20bosak"},{"id":356784,"title":"rainbow six siege","value":"rainbow%20six%20siege"},{"id":1158085,"title":"r6s","value":"r6s"}],"categories":[{"id":16,"title":"Fashion & Beauty","permalink":"fashion","subscriptions_count":10059485,"big_image_url":"https://coub-anubis-a.akamaized.net/coub_storage/category/cw_image/503df3602c0/3bb25ae4face4a7c9a6f8/big_1544654169_Fashion.png","small_image_url":"https://coub-anubis-a.akamaized.net/coub_storage/category/cw_image/503df3602c0/3bb25ae4face4a7c9a6f8/small_1544654169_Fashion.png","med_image_url":"https://coub-anubis-a.akamaized.net/coub_storage/category/cw_image/503df3602c0/3bb25ae4face4a7c9a6f8/med_1544654169_Fashion.png","visible":true}],"communities":[{"id":16,"title":"Fashion & Beauty","permalink":"fashion","subscriptions_count":10059485,"big_image_url":"https://coub-anubis-a.akamaized.net/coub_storage/category/cw_image/503df3602c0/3bb25ae4face4a7c9a6f8/big_1544654169_Fashion.png","small_image_url":"https://coub-anubis-a.akamaized.net/coub_storage/category/cw_image/503df3602c0/3bb25ae4face4a7c9a6f8/small_1544654169_Fashion.png","med_image_url":"https://coub-anubis-a.akamaized.net/coub_storage/category/cw_image/503df3602c0/3bb25ae4face4a7c9a6f8/med_1544654169_Fashion.png","i_subscribed":true,"community_notifications_enabled":null,"description":null}],"recoubs_count":237,"remixes_count":0,"likes_count":1141,"dislikes_count":0,"raw_video_id":10709092,"uploaded_by_ios_app":false,"uploaded_by_android_app":false,"media_blocks":{"uploaded_raw_videos":[],"external_raw_videos":[],"remixed_from_coubs":[]},"raw_video_thumbnail_url":"/missing/missing.png","raw_video_title":"asians...mp4","video_block_banned":false,"duration":10.0,"promo_winner":false,"promo_winner_recoubers":null,"editorial_info":{},"promo_hint":null,"beeline_best_2014":null,"from_web_editor":true,"normalize_sound":true,"normalize_change_allowed":true,"best2015_addable":false,"ahmad_promo":null,"promo_data":null,"audio_copyright_claim":null,"ads_disabled":false,"is_safe_for_ads":true,"megafon_contents":[],"position_on_page":8},{"flag":null,"abuses":null,"recoubs_by_users_channels":null,"favourite":false,"promoted_id":null,"recoub":null,"like":null,"dislike":null,"reaction":null,"in_my_best2015":false,"id":127620804,"type":"Coub::Simple","permalink":"23ll4z","title":"Русалочка","visibility_type":"public","original_visibility_type":"public","channel_id":2098124,"created_at":"2019-10-28T17:27:55Z","updated_at":"2022-03-09T21:30:37Z","is_done":true,"views_count":141790,"cotd":null,"cotd_at":null,"visible_on_explore_root":false,"visible_on_explore":false,"featured":false,"published":true,"published_at":"2019-10-28T17:27:55Z","reversed":false,"from_editor_v2":true,"is_editable":true,"original_sound":false,"has_sound":false,"recoub_to":null,"file_versions":{"html5":{"video":{"higher":{"url":"https://coub-anubis-a.akamaized.net/coub_storage/coub/simple/cw_file/482d7305356/53c649ca7320b24f9f0b8/muted_mp4_huge_size_1572283679_muted_huge.mp4","size":3450384},"high":{"url":"https://coub-anubis-a.akamaized.net/coub_storage/coub/simple/cw_file/482d7305356/53c649ca7320b24f9f0b8/muted_mp4_big_size_1572283679_muted_big.mp4","size":2422816},"med":{"url":"https://coub-anubis-a.akamaized.net/coub_storage/coub/simple/cw_file/482d7305356/53c649ca7320b24f9f0b8/muted_mp4_med_size_1572283679_muted_med.mp4","size":769509}},"audio":{"high":{"url":"https://coub-anubis-a.akamaized.net/coub_storage/coub/simple/cw_looped_audio_high/c087784d0ba/0f93a4a6e1ba5b5f9ec49/1605695258_high_1572283720_high.mp3","size":6910316},"med":{"url":"https://coub-anubis-a.akamaized.net/coub_storage/coub/simple/cw_looped_audio_med/8e2f918cafb/ba1864814981d6d6dab83/1605695257_med_1572283720_med.mp3","size":5072909}}},"mobile":{"video":"https://coub-anubis-a.akamaized.net/coub_storage/coub/simple/cw_file/482d7305356/53c649ca7320b24f9f0b8/muted_mp4_med_size_1572283679_muted_med.mp4","audio":["https://coub-anubis-a.akamaized.net/coub_storage/coub/simple/cw_looped_audio_med/8e2f918cafb/ba1864814981d6d6dab83/1605695257_med_1572283720_med.mp3"]},"share":{"default":"https://coub-anubis-a.akamaized.net/coub_storage/coub/simple/cw_video_for_sharing/501154d1e05/b5959b1848cc70f598a32/1609939712_looped_1609939711.mp4"}},"audio_versions":{"template":"https://coub-anubis-a.akamaized.net/coub_storage/audio_track/cw_normalized_copy/8f77a68abbb/e28f251c5346f31f65968/mid_1572283696_normalized_1572283384_audio.mp3","versions":["mid","low"]},"image_versions":{"template":"https://coub-anubis-a.akamaized.net/coub_storage/coub/simple/cw_image/e5b1ce459a8/45e09233232923de4ed46/1572283741_00032.jpg","versions":["micro","tiny","age_restricted","ios_large","ios_mosaic","big","med","small","pinterest"]},"first_frame_versions":{"template":"https://coub-anubis-a.akamaized.net/coub_storage/coub/simple/cw_timeline_pic/5b6eaade0b8/6bfd7e7419ddf83808e4e/1572283740_image.jpg","versions":["big","med","small","ios_large"]},"dimensions":{"big":[768,960],"med":[384,480]},"site_w_h":[320,400],"page_w_h":[400,500],"site_w_h_small":[310,388],"size":[768,960],"age_restricted":false,"age_restricted_by_admin":false,"not_safe_for_work":false,"allow_reuse":false,"dont_crop":false,"banned":false,"global_safe":false,"audio_file_url":"https://coub-anubis-a.akamaized.net/coub_storage/audio_track/cw_normalized_copy/8f77a68abbb/e28f251c5346f31f65968/low_1572283696_normalized_1572283384_audio.mp3","external_download":false,"application":null,"channel":{"id":2098124,"permalink":"sexysexysex","title":"Sexy Sexy Sex","description":"Сплошной релакс","followers_count":758,"following_count":4,"avatar_versions":{"template":"https://coub-anubis-a.akamaized.net/coub_storage/channel/cw_avatar/0c87cc6f072/13856bd8573ad7cac09d6/%{version}_1607975326_w1cjvp_1572009361_5HRty77jEIQ.jpg","versions":["medium","medium_2x","profile_pic","profile_pic_new","profile_pic_new_2x","tiny","tiny_2x","small","small_2x","ios_large","ios_small"]}},"file":null,"picture":"https://coub-anubis-a.akamaized.net/coub_storage/coub/simple/cw_image/e5b1ce459a8/45e09233232923de4ed46/1572283741_00032.jpg","timeline_picture":"https://coub-anubis-a.akamaized.net/coub_storage/coub/simple/cw_timeline_pic/5b6eaade0b8/6bfd7e7419ddf83808e4e/1572283740_image.jpg","small_picture":"https://coub-anubis-a.akamaized.net/coub_storage/coub/simple/cw_image/e5b1ce459a8/45e09233232923de4ed46/1572283741_00032.jpg","sharing_picture":null,"percent_done":100,"tags":[{"id":602,"title":"beautiful","value":"beautiful"},{"id":4442,"title":"model","value":"model"},{"id":184,"title":"sexy","value":"sexy"},{"id":601,"title":"beauty","value":"beauty"},{"id":10258,"title":"bikini","value":"bikini"},{"id":6773,"title":"sexy girl","value":"sexy%20girl"},{"id":3227,"title":"erotic","value":"erotic"}],"categories":[{"id":16,"title":"Fashion & Beauty","permalink":"fashion","subscriptions_count":10059485,"big_image_url":"https://coub-anubis-a.akamaized.net/coub_storage/category/cw_image/503df3602c0/3bb25ae4face4a7c9a6f8/big_1544654169_Fashion.png","small_image_url":"https://coub-anubis-a.akamaized.net/coub_storage/category/cw_image/503df3602c0/3bb25ae4face4a7c9a6f8/small_1544654169_Fashion.png","med_image_url":"https://coub-anubis-a.akamaized.net/coub_storage/category/cw_image/503df3602c0/3bb25ae4face4a7c9a6f8/med_1544654169_Fashion.png","visible":true}],"communities":[{"id":16,"title":"Fashion & Beauty","permalink":"fashion","subscriptions_count":10059485,"big_image_url":"https://coub-anubis-a.akamaized.net/coub_storage/category/cw_image/503df3602c0/3bb25ae4face4a7c9a6f8/big_1544654169_Fashion.png","small_image_url":"https://coub-anubis-a.akamaized.net/coub_storage/category/cw_image/503df3602c0/3bb25ae4face4a7c9a6f8/small_1544654169_Fashion.png","med_image_url":"https://coub-anubis-a.akamaized.net/coub_storage/category/cw_image/503df3602c0/3bb25ae4face4a7c9a6f8/med_1544654169_Fashion.png","i_subscribed":true,"community_notifications_enabled":null,"description":null}],"recoubs_count":194,"remixes_count":0,"likes_count":1140,"dislikes_count":0,"raw_video_id":"","uploaded_by_ios_app":false,"uploaded_by_android_app":false,"media_blocks":{"uploaded_raw_videos":[],"external_raw_videos":[],"remixed_from_coubs":[{"id":31157172,"title":"Rachel ❤️","url":"https://coub.com/coubs/1rf6uk/remix","image":"https://coub-anubis-a.akamaized.net/coub_storage/media_block/cw_image/c7c1de842e6/730156048d006c51381e0/1553971882_1u2pa79_1553971872_00032.jpg","image_retina":"https://coub-anubis-a.akamaized.net/coub_storage/media_block/cw_image/c7c1de842e6/730156048d006c51381e0/1553971882_1u2pa79_1553971872_00032.jpg","meta":{"duration":"10.04"},"duration":null,"coub_channel_title":"MCoub","coub_channel_permalink":"mcoub273","coub_views_count":170416,"coub_permalink":"1rf6uk"}]},"raw_video_thumbnail_url":"","raw_video_title":"","video_block_banned":false,"duration":10.0,"promo_winner":false,"promo_winner_recoubers":null,"editorial_info":{},"promo_hint":null,"beeline_best_2014":null,"from_web_editor":true,"normalize_sound":true,"normalize_change_allowed":true,"best2015_addable":false,"ahmad_promo":null,"promo_data":null,"audio_copyright_claim":null,"ads_disabled":false,"is_safe_for_ads":true,"megafon_contents":[],"position_on_page":9},{"flag":null,"abuses":null,"recoubs_by_users_channels":null,"favourite":false,"promoted_id":null,"recoub":null,"like":null,"dislike":null,"reaction":null,"in_my_best2015":false,"id":177948302,"type":"Coub::Simple","permalink":"2xlkpb","title":"#532","visibility_type":"public","original_visibility_type":"public","channel_id":698514,"created_at":"2021-11-01T10:59:59Z","updated_at":"2022-03-13T21:41:41Z","is_done":true,"views_count":116504,"cotd":null,"cotd_at":null,"visible_on_explore_root":false,"visible_on_explore":false,"featured":false,"published":true,"published_at":"2021-11-01T10:59:59Z","reversed":false,"from_editor_v2":true,"is_editable":true,"original_sound":false,"has_sound":false,"recoub_to":null,"file_versions":{"html5":{"video":{"higher":{"url":"https://coub-anubis-a.akamaized.net/coub_storage/coub/simple/cw_file/4c76325e2d7/90a04d249a8242e37c701/muted_mp4_huge_size_1635764428_muted_huge.mp4","size":3468731},"high":{"url":"https://coub-anubis-a.akamaized.net/coub_storage/coub/simple/cw_file/4c76325e2d7/90a04d249a8242e37c701/muted_mp4_big_size_1635764428_muted_big.mp4","size":2284825},"med":{"url":"https://coub-anubis-a.akamaized.net/coub_storage/coub/simple/cw_file/4c76325e2d7/90a04d249a8242e37c701/muted_mp4_med_size_1635764428_muted_med.mp4","size":746043}},"audio":{"high":{"url":"https://coub-anubis-a.akamaized.net/coub_storage/coub/simple/cw_looped_audio_high/e862033d028/fbc53026915479095cb4a/1635764459_mp3-high.mp3","size":2981932},"med":{"url":"https://coub-anubis-a.akamaized.net/coub_storage/coub/simple/cw_looped_audio_med/162bab767fe/8a23a0ea4aef22741535d/1635764457_mp3-med.mp3","size":2394831}}},"mobile":{"video":"https://coub-anubis-a.akamaized.net/coub_storage/coub/simple/cw_file/4c76325e2d7/90a04d249a8242e37c701/muted_mp4_med_size_1635764428_muted_med.mp4","audio":["https://coub-anubis-a.akamaized.net/coub_storage/coub/simple/cw_looped_audio_med/162bab767fe/8a23a0ea4aef22741535d/1635764457_mp3-med.mp3"]},"share":{"default":"https://coub-anubis-a.akamaized.net/coub_storage/coub/simple/cw_video_for_sharing/750f05192a0/89b0c7de416916f5bc643/1635764496_looped_1635764495.mp4"}},"audio_versions":{"template":"https://coub-anubis-a.akamaized.net/coub_storage/audio_track/cw_normalized_copy/52f4e46b64c/20767835fba90b001febe/mid_1635764446_normalized_1635764431_y88ih6_edited.mp3","versions":["mid","low"]},"image_versions":{"template":"https://coub-anubis-a.akamaized.net/coub_storage/coub/simple/cw_image/f6dc67c2b2a/334b8c62ecd33007b56c9/%{version}_1635764465_00032.jpg","versions":["micro","tiny","age_restricted","ios_large","ios_mosaic","big","med","small","pinterest"]},"first_frame_versions":{"template":"https://coub-anubis-a.akamaized.net/coub_storage/coub/simple/cw_timeline_pic/7b5a4e492bb/d29c9e72108c67d961409/%{version}_1635764464_image.jpg","versions":["big","med","small","ios_large"]},"dimensions":{"big":[1280,720],"med":[640,360]},"site_w_h":[640,360],"page_w_h":[640,360],"site_w_h_small":[310,174],"size":[1280,720],"age_restricted":false,"age_restricted_by_admin":false,"not_safe_for_work":false,"allow_reuse":false,"dont_crop":true,"banned":false,"global_safe":null,"audio_file_url":"https://coub-anubis-a.akamaized.net/coub_storage/audio_track/cw_normalized_copy/52f4e46b64c/20767835fba90b001febe/low_1635764446_normalized_1635764431_y88ih6_edited.mp3","external_download":false,"application":null,"channel":{"id":698514,"permalink":"norm-777","title":"#Follow ME","description":null,"followers_count":2226,"following_count":0,"avatar_versions":{"template":"https://coub-anubis-a.akamaized.net/coub_storage/channel/cw_avatar/cc5671a377e/86ea74c269431f4591ddb/%{version}_1569694157_h86868686ffkh.jpg","versions":["medium","medium_2x","profile_pic","profile_pic_new","profile_pic_new_2x","tiny","tiny_2x","small","small_2x","ios_large","ios_small"]}},"file":null,"picture":"https://coub-anubis-a.akamaized.net/coub_storage/coub/simple/cw_image/f6dc67c2b2a/334b8c62ecd33007b56c9/med_1635764465_00032.jpg","timeline_picture":"https://coub-anubis-a.akamaized.net/coub_storage/coub/simple/cw_timeline_pic/7b5a4e492bb/d29c9e72108c67d961409/ios_large_1635764464_image.jpg","small_picture":"https://coub-anubis-a.akamaized.net/coub_storage/coub/simple/cw_image/f6dc67c2b2a/334b8c62ecd33007b56c9/ios_mosaic_1635764465_00032.jpg","sharing_picture":null,"percent_done":100,"tags":[{"id":108879,"title":"norm","value":"norm"},{"id":1213948,"title":"532","value":"532"}],"categories":[{"id":16,"title":"Fashion & Beauty","permalink":"fashion","subscriptions_count":10059485,"big_image_url":"https://coub-anubis-a.akamaized.net/coub_storage/category/cw_image/503df3602c0/3bb25ae4face4a7c9a6f8/big_1544654169_Fashion.png","small_image_url":"https://coub-anubis-a.akamaized.net/coub_storage/category/cw_image/503df3602c0/3bb25ae4face4a7c9a6f8/small_1544654169_Fashion.png","med_image_url":"https://coub-anubis-a.akamaized.net/coub_storage/category/cw_image/503df3602c0/3bb25ae4face4a7c9a6f8/med_1544654169_Fashion.png","visible":true}],"communities":[{"id":16,"title":"Fashion & Beauty","permalink":"fashion","subscriptions_count":10059485,"big_image_url":"https://coub-anubis-a.akamaized.net/coub_storage/category/cw_image/503df3602c0/3bb25ae4face4a7c9a6f8/big_1544654169_Fashion.png","small_image_url":"https://coub-anubis-a.akamaized.net/coub_storage/category/cw_image/503df3602c0/3bb25ae4face4a7c9a6f8/small_1544654169_Fashion.png","med_image_url":"https://coub-anubis-a.akamaized.net/coub_storage/category/cw_image/503df3602c0/3bb25ae4face4a7c9a6f8/med_1544654169_Fashion.png","i_subscribed":true,"community_notifications_enabled":null,"description":null}],"recoubs_count":189,"remixes_count":2,"likes_count":1138,"dislikes_count":0,"raw_video_id":16889529,"uploaded_by_ios_app":false,"uploaded_by_android_app":false,"media_blocks":{"uploaded_raw_videos":[],"external_raw_videos":[],"remixed_from_coubs":[]},"raw_video_thumbnail_url":"https://coub-anubis-a.akamaized.net/coub_storage/raw_video/cw_image/7811480944d/477c4a23749d0b1ca914f/coub_media_1635763941_image.jpg","raw_video_title":"y2mate.com_-_Sofia_Bevarly_INSANE_Golden_Hour_Photoshoot_1080p.mp4","video_block_banned":false,"duration":10.0,"promo_winner":false,"promo_winner_recoubers":null,"editorial_info":{},"promo_hint":null,"beeline_best_2014":null,"from_web_editor":true,"normalize_sound":true,"normalize_change_allowed":true,"best2015_addable":false,"ahmad_promo":null,"promo_data":null,"audio_copyright_claim":null,"ads_disabled":false,"is_safe_for_ads":true,"megafon_contents":[],"position_on_page":10}]}