{"page":63,"per_page":10,"total_pages":500,"coubs":[{"flag":null,"abuses":null,"recoubs_by_users_channels":null,"favourite":false,"promoted_id":null,"recoub":null,"like":null,"dislike":null,"reaction":null,"in_my_best2015":false,"id":140265457,"type":"Coub::Simple","permalink":"2b5w71","title":"Act","visibility_type":"public","original_visibility_type":"public","channel_id":7840064,"created_at":"2020-03-24T10:43:45Z","updated_at":"2022-03-08T23:26:06Z","is_done":true,"views_count":204084,"cotd":null,"cotd_at":null,"visible_on_explore_root":false,"visible_on_explore":false,"featured":false,"published":true,"published_at":"2020-03-24T10:43:45Z","reversed":false,"from_editor_v2":true,"is_editable":true,"original_sound":false,"has_sound":false,"recoub_to":null,"file_versions":{"html5":{"video":{"higher":{"url":"https://coub-anubis-a.akamaized.net/coub_storage/coub/simple/cw_file/b6d8f0e67cf/9805f2748310d217cff49/muted_mp4_huge_size_1585046646_muted_huge.mp4","size":4567405},"high":{"url":"https://coub-anubis-a.akamaized.net/coub_storage/coub/simple/cw_file/b6d8f0e67cf/9805f2748310d217cff49/muted_mp4_big_size_1585046646_muted_big.mp4","size":3361592},"med":{"url":"https://coub-anubis-a.akamaized.net/coub_storage/coub/simple/cw_file/b6d8f0e67cf/9805f2748310d217cff49/muted_mp4_med_size_1585046646_muted_med.mp4","size":1129852}},"audio":{"high":{"url":"https://coub-anubis-a.akamaized.net/coub_storage/coub/simple/cw_looped_audio_high/1980dfa5b77/791ee86d997d7091cf67a/1605701323_high_1585046657_high.mp3","size":1146130},"med":{"url":"https://coub-anubis-a.akamaized.net/coub_storage/coub/simple/cw_looped_audio_med/f4c80f3b414/81f664bd9c851d9c4a77c/1605701323_med_1585046657_med.mp3","size":791883}}},"mobile":{"video":"https://coub-anubis-a.akamaized.net/coub_storage/coub/simple/cw_file/b6d8f0e67cf/9805f2748310d217cff49/muted_mp4_med_size_1585046646_muted_med.mp4","audio":["https://coub-anubis-a.akamaized.net/coub_storage/coub/simple/cw_looped_audio_med/f4c80f3b414/81f664bd9c851d9c4a77c/1605701323_med_1585046657_med.mp3"]},"share":{"default":"https://coub-anubis-a.akamaized.net/coub_storage/coub/simple/cw_video_for_sharing/53a9862c8de/3c454dec8a6449dee5692/1608776053_looped_1608776052.mp4"}},"audio_versions":{"template":"https://coub-anubis-a.akamaized.net/coub_storage/audio_track/cw_file/62e1a74cdf2/752b52a801e82705402fe/mid_1585046649_19wqmun_edited.mp3","versions":["mid","low"]},"image_versions":{"template":"https://coub-anubis-a.akamaized.net/coub_storage/coub/simple/cw_image/8262fd91100/627101003d3a1d2d211b0/1585046672_00032.jpg","versions":["micro","tiny","age_restricted","ios_large","ios_mosaic","big","med","small","pinterest"]},"first_frame_versions":{"template":"https://coub-anubis-a.akamaized.net/coub_storage/coub/simple/cw_timeline_pic/6504868398c/3824c6da27624eb650fda/1585046670_image.jpg","versions":["big","med","small","ios_large"]},"dimensions":{"big":[1280,720],"med":[640,360]},"site_w_h":[640,360],"page_w_h":[640,360],"site_w_h_small":[310,174],"size":[1280,720],"age_restricted":false,"age_restricted_by_admin":false,"not_safe_for_work":false,"allow_reuse":false,"dont_crop":false,"banned":false,"global_safe":true,"audio_file_url":"https://coub-anubis-a.akamaized.net/coub_storage/audio_track/cw_file/62e1a74cdf2/752b52a801e82705402fe/low_1585046649_19wqmun_edited.mp3","external_download":false,"application":null,"channel":{"id":7840064,"permalink":"antonkreil","title":"TheTraderAntonKreil","description":"Антон Креил - Профессиональный Трейдинг Мастеркласс. Anton Kreil - Professional Trading Masterclass. Professional FOREX Trading Masterclass.","followers_count":163,"following_count":11,"avatar_versions":{"template":"https://coub-anubis-a.akamaized.net/coub_storage/channel/cw_avatar/29b17cdd3c1/911070a4dd31388def7f6/%{version}_1647271198_unnamed__30__1.jpg","versions":["medium","medium_2x","profile_pic","profile_pic_new","profile_pic_new_2x","tiny","tiny_2x","small","small_2x","ios_large","ios_small"]}},"file":null,"picture":"https://coub-anubis-a.akamaized.net/coub_storage/coub/simple/cw_image/8262fd91100/627101003d3a1d2d211b0/1585046672_00032.jpg","timeline_picture":"https://coub-anubis-a.akamaized.net/coub_storage/coub/simple/cw_timeline_pic/6504868398c/3824c6da27624eb650fda/1585046670_image.jpg","small_picture":"https://coub-anubis-a.akamaized.net/coub_storage/coub/simple/cw_image/8262fd91100/627101003d3a1d2d211b0/1585046672_00032.jpg","sharing_picture":null,"percent_done":100,"tags":[{"id":39114,"title":"sexy girls","value":"sexy%20girls"},{"id":230834,"title":"cheerleaders nba","value":"cheerleaders%20nba"},{"id":254,"title":"dancers","value":"dancers"},{"id":29844,"title":"hot girls","value":"hot%20girls"},{"id":265,"title":"girls","value":"girls"},{"id":82258,"title":"cheerleaders","value":"cheerleaders"},{"id":30165,"title":"act","value":"act"},{"id":179268,"title":"акт","value":"%D0%B0%D0%BA%D1%82"}],"categories":[{"id":16,"title":"Fashion & Beauty","permalink":"fashion","subscriptions_count":10059485,"big_image_url":"https://coub-anubis-a.akamaized.net/coub_storage/category/cw_image/503df3602c0/3bb25ae4face4a7c9a6f8/big_1544654169_Fashion.png","small_image_url":"https://coub-anubis-a.akamaized.net/coub_storage/category/cw_image/503df3602c0/3bb25ae4face4a7c9a6f8/small_1544654169_Fashion.png","med_image_url":"https://coub-anubis-a.akamaized.net/coub_storage/category/cw_image/503df3602c0/3bb25ae4face4a7c9a6f8/med_1544654169_Fashion.png","visible":true}],"communities":[{"id":16,"title":"Fashion & Beauty","permalink":"fashion","subscriptions_count":10059485,"big_image_url":"https://coub-anubis-a.akamaized.net/coub_storage/category/cw_image/503df3602c0/3bb25ae4face4a7c9a6f8/big_1544654169_Fashion.png","small_image_url":"https://coub-anubis-a.akamaized.net/coub_storage/category/cw_image/503df3602c0/3bb25ae4face4a7c9a6f8/small_1544654169_Fashion.png","med_image_url":"https://coub-anubis-a.akamaized.net/coub_storage/category/cw_image/503df3602c0/3bb25ae4face4a7c9a6f8/med_1544654169_Fashion.png","i_subscribed":true,"community_notifications_enabled":null,"description":null}],"recoubs_count":413,"remixes_count":2,"likes_count":2370,"dislikes_count":0,"raw_video_id":"","uploaded_by_ios_app":false,"uploaded_by_android_app":false,"media_blocks":{"uploaded_raw_videos":[],"external_raw_videos":[],"remixed_from_coubs":[{"id":21361005,"title":"XXXX","url":"http://coub.com/coubs/vprd8/remix","image":"https://coub-anubis-a.akamaized.net/coub_storage/media_block/cw_image/79b9ca22f11/b2e367e7be0cd715389df/1499468507_1499468470_00032.jpg","image_retina":"https://coub-anubis-a.akamaized.net/coub_storage/media_block/cw_image/79b9ca22f11/b2e367e7be0cd715389df/1499468507_1499468470_00032.jpg","meta":{"duration":"9.96"},"duration":null,"coub_channel_title":"California Dream","coub_channel_permalink":"californiadream","coub_views_count":98400,"coub_permalink":"vprd8"}]},"raw_video_thumbnail_url":"","raw_video_title":"","video_block_banned":false,"duration":9.92,"promo_winner":false,"promo_winner_recoubers":null,"editorial_info":{},"promo_hint":null,"beeline_best_2014":null,"from_web_editor":true,"normalize_sound":false,"normalize_change_allowed":true,"best2015_addable":false,"ahmad_promo":null,"promo_data":null,"audio_copyright_claim":null,"ads_disabled":false,"is_safe_for_ads":true,"megafon_contents":[],"position_on_page":1},{"flag":null,"abuses":null,"recoubs_by_users_channels":null,"favourite":false,"promoted_id":null,"recoub":null,"like":null,"dislike":null,"reaction":null,"in_my_best2015":false,"id":134054916,"type":"Coub::Simple","permalink":"27gcmu","title":"Beauty 2.0","visibility_type":"public","original_visibility_type":"public","channel_id":3700227,"created_at":"2020-01-10T16:08:40Z","updated_at":"2022-03-13T10:06:26Z","is_done":true,"views_count":219067,"cotd":null,"cotd_at":null,"visible_on_explore_root":false,"visible_on_explore":false,"featured":false,"published":true,"published_at":"2020-01-10T16:08:40Z","reversed":false,"from_editor_v2":true,"is_editable":true,"original_sound":false,"has_sound":false,"recoub_to":null,"file_versions":{"html5":{"video":{"higher":{"url":"https://coub-anubis-a.akamaized.net/coub_storage/coub/simple/cw_file/f276504d10a/a6c52bde802e9e51e10b4/muted_mp4_huge_size_1578672528_muted_huge.mp4","size":4347229},"high":{"url":"https://coub-anubis-a.akamaized.net/coub_storage/coub/simple/cw_file/f276504d10a/a6c52bde802e9e51e10b4/muted_mp4_big_size_1578672528_muted_big.mp4","size":3054449},"med":{"url":"https://coub-anubis-a.akamaized.net/coub_storage/coub/simple/cw_file/f276504d10a/a6c52bde802e9e51e10b4/muted_mp4_med_size_1578672528_muted_med.mp4","size":1043342}},"audio":{"high":{"url":"https://coub-anubis-a.akamaized.net/coub_storage/coub/simple/cw_looped_audio_high/7d9780b5903/aa39dd69cbc1cb8d02223/1605703732_high_1578672563_high.mp3","size":3219180},"med":{"url":"https://coub-anubis-a.akamaized.net/coub_storage/coub/simple/cw_looped_audio_med/8abf72b29ec/23a88f8067a75270e79c8/1605703731_med_1578672563_med.mp3","size":2481984}}},"mobile":{"video":"https://coub-anubis-a.akamaized.net/coub_storage/coub/simple/cw_file/f276504d10a/a6c52bde802e9e51e10b4/muted_mp4_med_size_1578672528_muted_med.mp4","audio":["https://coub-anubis-a.akamaized.net/coub_storage/coub/simple/cw_looped_audio_med/8abf72b29ec/23a88f8067a75270e79c8/1605703731_med_1578672563_med.mp3"]},"share":{"default":"https://coub-anubis-a.akamaized.net/coub_storage/coub/simple/cw_video_for_sharing/87e5d03b3a7/4e5ac33569094b55a48c2/1608905963_looped_1608905962.mp4"}},"audio_versions":{"template":"https://coub-anubis-a.akamaized.net/coub_storage/audio_track/cw_normalized_copy/a3beb28414c/63942d02de1091ddfe211/mid_1578672551_normalized_1578672532_i3ljaa_edited.mp3","versions":["mid","low"]},"image_versions":{"template":"https://coub-anubis-a.akamaized.net/coub_storage/coub/simple/cw_image/d1c0c50156f/439ac93dacb15b9a3e2a5/1578672583_00031.jpg","versions":["micro","tiny","age_restricted","ios_large","ios_mosaic","big","med","small","pinterest"]},"first_frame_versions":{"template":"https://coub-anubis-a.akamaized.net/coub_storage/coub/simple/cw_timeline_pic/4ed71873fb1/2829722c97d53753ea4b3/%{version}_1578672582_image.jpg","versions":["big","med","small","ios_large"]},"dimensions":{"big":[768,960],"med":[384,480]},"site_w_h":[320,400],"page_w_h":[400,500],"site_w_h_small":[310,388],"size":[768,960],"age_restricted":false,"age_restricted_by_admin":false,"not_safe_for_work":false,"allow_reuse":false,"dont_crop":false,"banned":false,"global_safe":true,"audio_file_url":"https://coub-anubis-a.akamaized.net/coub_storage/audio_track/cw_normalized_copy/a3beb28414c/63942d02de1091ddfe211/low_1578672551_normalized_1578672532_i3ljaa_edited.mp3","external_download":false,"application":null,"channel":{"id":3700227,"permalink":"bafkinss","title":"Bafkins","description":null,"followers_count":29,"following_count":15,"avatar_versions":{"template":"https://coub-anubis-a.akamaized.net/coub_storage/channel/cw_avatar/99e9baa4d31/b96160b6c283328d03ae1/%{version}_1608480733_1nuqcrn_1501949370_mists-of-pandaria-ss0259-large.jpg","versions":["medium","medium_2x","profile_pic","profile_pic_new","profile_pic_new_2x","tiny","tiny_2x","small","small_2x","ios_large","ios_small"]}},"file":null,"picture":"https://coub-anubis-a.akamaized.net/coub_storage/coub/simple/cw_image/d1c0c50156f/439ac93dacb15b9a3e2a5/1578672583_00031.jpg","timeline_picture":"https://coub-anubis-a.akamaized.net/coub_storage/coub/simple/cw_timeline_pic/4ed71873fb1/2829722c97d53753ea4b3/ios_large_1578672582_image.jpg","small_picture":"https://coub-anubis-a.akamaized.net/coub_storage/coub/simple/cw_image/d1c0c50156f/439ac93dacb15b9a3e2a5/1578672583_00031.jpg","sharing_picture":null,"percent_done":100,"tags":[{"id":183,"title":"girl","value":"girl"},{"id":602,"title":"beautiful","value":"beautiful"},{"id":361185,"title":"2020","value":"2020"},{"id":3204317,"title":"coubfan","value":"coubfan"},{"id":1781,"title":"new","value":"new"},{"id":86,"title":"music","value":"music"},{"id":6443,"title":"fashion","value":"fashion"},{"id":601,"title":"beauty","value":"beauty"}],"categories":[{"id":16,"title":"Fashion & Beauty","permalink":"fashion","subscriptions_count":10059485,"big_image_url":"https://coub-anubis-a.akamaized.net/coub_storage/category/cw_image/503df3602c0/3bb25ae4face4a7c9a6f8/big_1544654169_Fashion.png","small_image_url":"https://coub-anubis-a.akamaized.net/coub_storage/category/cw_image/503df3602c0/3bb25ae4face4a7c9a6f8/small_1544654169_Fashion.png","med_image_url":"https://coub-anubis-a.akamaized.net/coub_storage/category/cw_image/503df3602c0/3bb25ae4face4a7c9a6f8/med_1544654169_Fashion.png","visible":true}],"communities":[{"id":16,"title":"Fashion & Beauty","permalink":"fashion","subscriptions_count":10059485,"big_image_url":"https://coub-anubis-a.akamaized.net/coub_storage/category/cw_image/503df3602c0/3bb25ae4face4a7c9a6f8/big_1544654169_Fashion.png","small_image_url":"https://coub-anubis-a.akamaized.net/coub_storage/category/cw_image/503df3602c0/3bb25ae4face4a7c9a6f8/small_1544654169_Fashion.png","med_image_url":"https://coub-anubis-a.akamaized.net/coub_storage/category/cw_image/503df3602c0/3bb25ae4face4a7c9a6f8/med_1544654169_Fashion.png","i_subscribed":true,"community_notifications_enabled":null,"description":null}],"recoubs_count":441,"remixes_count":12,"likes_count":2365,"dislikes_count":0,"raw_video_id":"","uploaded_by_ios_app":false,"uploaded_by_android_app":false,"media_blocks":{"uploaded_raw_videos":[],"external_raw_videos":[],"remixed_from_coubs":[{"id":34411622,"title":"Beauty","url":"https://coub.com/coubs/27aokd/remix","image":"https://coub-anubis-a.akamaized.net/coub_storage/media_block/cw_image/046cf2b1ca0/b72316d56fe17eaabe53d/1578399377_1avxdcj_1578399352_00032.jpg","image_retina":"https://coub-anubis-a.akamaized.net/coub_storage/media_block/cw_image/046cf2b1ca0/b72316d56fe17eaabe53d/1578399377_1avxdcj_1578399352_00032.jpg","meta":{"duration":"10.0"},"duration":null,"coub_channel_title":"coubFan","coub_channel_permalink":"coubfan1","coub_views_count":230116,"coub_permalink":"27aokd"}]},"raw_video_thumbnail_url":"","raw_video_title":"","video_block_banned":false,"duration":9.76,"promo_winner":false,"promo_winner_recoubers":null,"editorial_info":{},"promo_hint":null,"beeline_best_2014":null,"from_web_editor":true,"normalize_sound":true,"normalize_change_allowed":true,"best2015_addable":false,"ahmad_promo":null,"promo_data":null,"audio_copyright_claim":null,"ads_disabled":false,"is_safe_for_ads":true,"megafon_contents":[],"position_on_page":2},{"flag":null,"abuses":null,"recoubs_by_users_channels":null,"favourite":false,"promoted_id":null,"recoub":null,"like":null,"dislike":null,"reaction":null,"in_my_best2015":false,"id":132221112,"type":"Coub::Simple","permalink":"26ctxk","title":"The Kisses of The Sun","visibility_type":"public","original_visibility_type":"public","channel_id":7536139,"created_at":"2019-12-19T21:33:53Z","updated_at":"2022-03-15T20:02:31Z","is_done":true,"views_count":206355,"cotd":null,"cotd_at":null,"visible_on_explore_root":false,"visible_on_explore":false,"featured":false,"published":true,"published_at":"2019-12-19T21:33:53Z","reversed":false,"from_editor_v2":true,"is_editable":true,"original_sound":false,"has_sound":false,"recoub_to":null,"file_versions":{"html5":{"video":{"higher":{"url":"https://coub-anubis-a.akamaized.net/coub_storage/coub/simple/cw_file/5ef5995b8a7/a22031bdec21e623273a3/muted_mp4_huge_size_1576793877_muted_huge.mp4","size":2245999},"high":{"url":"https://coub-anubis-a.akamaized.net/coub_storage/coub/simple/cw_file/5ef5995b8a7/a22031bdec21e623273a3/muted_mp4_big_size_1576793877_muted_big.mp4","size":1537368},"med":{"url":"https://coub-anubis-a.akamaized.net/coub_storage/coub/simple/cw_file/5ef5995b8a7/a22031bdec21e623273a3/muted_mp4_med_size_1576793877_muted_med.mp4","size":479350}},"audio":{"high":{"url":"https://coub-anubis-a.akamaized.net/coub_storage/coub/simple/cw_looped_audio_high/20fdf43be4d/0d971baa280639f91d091/1605701192_high_1576793916_high.mp3","size":3490967},"med":{"url":"https://coub-anubis-a.akamaized.net/coub_storage/coub/simple/cw_looped_audio_med/e4401e40f45/142ab56078d4640013168/1605701192_med_1576793916_med.mp3","size":2713836}}},"mobile":{"video":"https://coub-anubis-a.akamaized.net/coub_storage/coub/simple/cw_file/5ef5995b8a7/a22031bdec21e623273a3/muted_mp4_med_size_1576793877_muted_med.mp4","audio":["https://coub-anubis-a.akamaized.net/coub_storage/coub/simple/cw_looped_audio_med/e4401e40f45/142ab56078d4640013168/1605701192_med_1576793916_med.mp3"]},"share":{"default":"https://coub-anubis-a.akamaized.net/coub_storage/coub/simple/cw_video_for_sharing/4d08f2e6f83/2fc57215bb2f0c419e81a/1608231044_looped_1608231044.mp4"}},"audio_versions":{"template":"https://coub-anubis-a.akamaized.net/coub_storage/audio_track/cw_normalized_copy/583f03f781f/90aa693b4b8aa1ae58694/mid_1576793899_normalized_1576793880_1al7nl7_edited.mp3","versions":["mid","low"]},"image_versions":{"template":"https://coub-anubis-a.akamaized.net/coub_storage/coub/simple/cw_image/8acb078d28d/bdec16e439bdf2e6097d7/1576793929_00032.jpg","versions":["micro","tiny","age_restricted","ios_large","ios_mosaic","big","med","small","pinterest"]},"first_frame_versions":{"template":"https://coub-anubis-a.akamaized.net/coub_storage/coub/simple/cw_timeline_pic/038dccb1b6e/449d7d35a624fe8fc1779/%{version}_1576793928_image.jpg","versions":["big","med","small","ios_large"]},"dimensions":{"big":[768,960],"med":[384,480]},"site_w_h":[320,400],"page_w_h":[400,500],"site_w_h_small":[310,388],"size":[768,960],"age_restricted":false,"age_restricted_by_admin":false,"not_safe_for_work":false,"allow_reuse":false,"dont_crop":false,"banned":false,"global_safe":true,"audio_file_url":"https://coub-anubis-a.akamaized.net/coub_storage/audio_track/cw_normalized_copy/583f03f781f/90aa693b4b8aa1ae58694/low_1576793899_normalized_1576793880_1al7nl7_edited.mp3","external_download":false,"application":null,"channel":{"id":7536139,"permalink":"booleanalgebra","title":"BooleanAlgebra","description":"The Elements of Computing Systems: Building a Modern Computer from First Principles (The MIT Press)","followers_count":377,"following_count":11,"avatar_versions":{"template":"https://coub-anubis-a.akamaized.net/coub_storage/channel/cw_avatar/6e962e54fcc/3b72538473f5c1b07fb21/%{version}_1609479178_1n5exo_1576652470_boolean-algebra-on-.png","versions":["medium","medium_2x","profile_pic","profile_pic_new","profile_pic_new_2x","tiny","tiny_2x","small","small_2x","ios_large","ios_small"]}},"file":null,"picture":"https://coub-anubis-a.akamaized.net/coub_storage/coub/simple/cw_image/8acb078d28d/bdec16e439bdf2e6097d7/1576793929_00032.jpg","timeline_picture":"https://coub-anubis-a.akamaized.net/coub_storage/coub/simple/cw_timeline_pic/038dccb1b6e/449d7d35a624fe8fc1779/ios_large_1576793928_image.jpg","small_picture":"https://coub-anubis-a.akamaized.net/coub_storage/coub/simple/cw_image/8acb078d28d/bdec16e439bdf2e6097d7/1576793929_00032.jpg","sharing_picture":null,"percent_done":100,"tags":[{"id":129,"title":"around the world","value":"around%20the%20world"},{"id":8873,"title":"lalala","value":"lalala"},{"id":381974,"title":"la la","value":"la%20la"},{"id":65789,"title":"la la la","value":"la%20la%20la"},{"id":2350904,"title":"la la la la","value":"la%20la%20la%20la"},{"id":47619,"title":"lalalala","value":"lalalala"},{"id":5289900,"title":"the kisses of the sun","value":"the%20kisses%20of%20the%20sun"},{"id":8178,"title":"roses","value":"roses"},{"id":2712,"title":"rose","value":"rose"},{"id":4622805,"title":"honey_cot","value":"honey_cot"},{"id":5273239,"title":"honey cot","value":"honey%20cot"},{"id":53758,"title":"honey bunny","value":"honey%20bunny"}],"categories":[{"id":16,"title":"Fashion & Beauty","permalink":"fashion","subscriptions_count":10059485,"big_image_url":"https://coub-anubis-a.akamaized.net/coub_storage/category/cw_image/503df3602c0/3bb25ae4face4a7c9a6f8/big_1544654169_Fashion.png","small_image_url":"https://coub-anubis-a.akamaized.net/coub_storage/category/cw_image/503df3602c0/3bb25ae4face4a7c9a6f8/small_1544654169_Fashion.png","med_image_url":"https://coub-anubis-a.akamaized.net/coub_storage/category/cw_image/503df3602c0/3bb25ae4face4a7c9a6f8/med_1544654169_Fashion.png","visible":true}],"communities":[{"id":16,"title":"Fashion & Beauty","permalink":"fashion","subscriptions_count":10059485,"big_image_url":"https://coub-anubis-a.akamaized.net/coub_storage/category/cw_image/503df3602c0/3bb25ae4face4a7c9a6f8/big_1544654169_Fashion.png","small_image_url":"https://coub-anubis-a.akamaized.net/coub_storage/category/cw_image/503df3602c0/3bb25ae4face4a7c9a6f8/small_1544654169_Fashion.png","med_image_url":"https://coub-anubis-a.akamaized.net/coub_storage/category/cw_image/503df3602c0/3bb25ae4face4a7c9a6f8/med_1544654169_Fashion.png","i_subscribed":true,"community_notifications_enabled":null,"description":null}],"recoubs_count":404,"remixes_count":7,"likes_count":2363,"dislikes_count":0,"raw_video_id":"","uploaded_by_ios_app":false,"uploaded_by_android_app":false,"media_blocks":{"uploaded_raw_videos":[],"external_raw_videos":[],"remixed_from_coubs":[{"id":34224310,"title":"Rose","url":"https://coub.com/coubs/26baku/remix","image":"https://coub-anubis-a.akamaized.net/coub_storage/media_block/cw_image/c075d75e242/b77902b0a6614c5e37f08/1576713657_3xa50r_1576713635_00032.jpg","image_retina":"https://coub-anubis-a.akamaized.net/coub_storage/media_block/cw_image/c075d75e242/b77902b0a6614c5e37f08/1576713657_3xa50r_1576713635_00032.jpg","meta":{"duration":"9.96"},"duration":null,"coub_channel_title":"BooleanAlgebra","coub_channel_permalink":"booleanalgebra","coub_views_count":65918,"coub_permalink":"26baku"}]},"raw_video_thumbnail_url":"","raw_video_title":"","video_block_banned":false,"duration":9.96,"promo_winner":false,"promo_winner_recoubers":null,"editorial_info":{},"promo_hint":null,"beeline_best_2014":null,"from_web_editor":true,"normalize_sound":true,"normalize_change_allowed":true,"best2015_addable":false,"ahmad_promo":null,"promo_data":null,"audio_copyright_claim":null,"ads_disabled":false,"is_safe_for_ads":true,"megafon_contents":[],"position_on_page":3},{"flag":null,"abuses":null,"recoubs_by_users_channels":null,"favourite":false,"promoted_id":null,"recoub":null,"like":null,"dislike":null,"reaction":null,"in_my_best2015":false,"id":138216929,"type":"Coub::Simple","permalink":"29xzj0","title":"Cosplay rem","visibility_type":"public","original_visibility_type":"public","channel_id":7164030,"created_at":"2020-02-28T17:01:43Z","updated_at":"2022-03-09T13:59:42Z","is_done":true,"views_count":185489,"cotd":null,"cotd_at":null,"visible_on_explore_root":false,"visible_on_explore":false,"featured":false,"published":true,"published_at":"2020-02-28T17:01:43Z","reversed":false,"from_editor_v2":true,"is_editable":true,"original_sound":false,"has_sound":false,"recoub_to":null,"file_versions":{"html5":{"video":{"higher":{"url":"https://coub-anubis-a.akamaized.net/coub_storage/coub/simple/cw_file/7288ccccc43/625a2fece9e85e85e2c62/muted_mp4_huge_size_1582909313_muted_huge.mp4","size":2938829},"high":{"url":"https://coub-anubis-a.akamaized.net/coub_storage/coub/simple/cw_file/7288ccccc43/625a2fece9e85e85e2c62/muted_mp4_big_size_1582909313_muted_big.mp4","size":2184879},"med":{"url":"https://coub-anubis-a.akamaized.net/coub_storage/coub/simple/cw_file/7288ccccc43/625a2fece9e85e85e2c62/muted_mp4_med_size_1582909313_muted_med.mp4","size":644081}},"audio":{"high":{"url":"https://coub-anubis-a.akamaized.net/coub_storage/coub/simple/cw_looped_audio_high/cbf5c99be03/884b3aec6b3920a7503e2/1605706919_high_1582909346_high.mp3","size":4967912},"med":{"url":"https://coub-anubis-a.akamaized.net/coub_storage/coub/simple/cw_looped_audio_med/81f422f038d/c7b0e32e575064b8dd7aa/1605706918_med_1582909346_med.mp3","size":3369151}}},"mobile":{"video":"https://coub-anubis-a.akamaized.net/coub_storage/coub/simple/cw_file/7288ccccc43/625a2fece9e85e85e2c62/muted_mp4_med_size_1582909313_muted_med.mp4","audio":["https://coub-anubis-a.akamaized.net/coub_storage/coub/simple/cw_looped_audio_med/81f422f038d/c7b0e32e575064b8dd7aa/1605706918_med_1582909346_med.mp3"]},"share":{"default":"https://coub-anubis-a.akamaized.net/coub_storage/coub/simple/cw_video_for_sharing/5f3e05fe10e/eb452267d4e4a9b3de4d1/1608949025_looped_1608949024.mp4"}},"audio_versions":{"template":"https://coub-anubis-a.akamaized.net/coub_storage/audio_track/cw_file/7148bb8c67b/f3c4ee2b7c7a183f21cef/mid_1582909317_1w2xalh_edited.mp3","versions":["mid","low"]},"image_versions":{"template":"https://coub-anubis-a.akamaized.net/coub_storage/coub/simple/cw_image/8c9d0e6ce9b/3d68528f5d845eb8359f3/1582909377_00032.jpg","versions":["micro","tiny","age_restricted","ios_large","ios_mosaic","big","med","small","pinterest"]},"first_frame_versions":{"template":"https://coub-anubis-a.akamaized.net/coub_storage/coub/simple/cw_timeline_pic/ee42601e08b/48fd17c73e97354877665/%{version}_1582909375_image.jpg","versions":["big","med","small","ios_large"]},"dimensions":{"big":[1280,720],"med":[640,360]},"site_w_h":[640,360],"page_w_h":[640,360],"site_w_h_small":[310,174],"size":[1280,720],"age_restricted":false,"age_restricted_by_admin":false,"not_safe_for_work":false,"allow_reuse":false,"dont_crop":false,"banned":false,"global_safe":true,"audio_file_url":"https://coub-anubis-a.akamaized.net/coub_storage/audio_track/cw_file/7148bb8c67b/f3c4ee2b7c7a183f21cef/low_1582909317_1w2xalh_edited.mp3","external_download":false,"application":null,"channel":{"id":7164030,"permalink":"ahegaocoub","title":"I am Lis","description":"Оформи подписку.\r\nТы же ведь оформил?\r\nДелаю то что мне нравиться.\r\n\r\nПо поводу музыки пишите вк vk.com/ahegaocoub","followers_count":1503,"following_count":49,"avatar_versions":{"template":"https://coub-anubis-a.akamaized.net/coub_storage/channel/cw_avatar/d382cb206ff/1dbbb33df439be6488596/%{version}_1607419583_1bw50x1_1574857120_unnamed__4_.jpg","versions":["medium","medium_2x","profile_pic","profile_pic_new","profile_pic_new_2x","tiny","tiny_2x","small","small_2x","ios_large","ios_small"]}},"file":null,"picture":"https://coub-anubis-a.akamaized.net/coub_storage/coub/simple/cw_image/8c9d0e6ce9b/3d68528f5d845eb8359f3/1582909377_00032.jpg","timeline_picture":"https://coub-anubis-a.akamaized.net/coub_storage/coub/simple/cw_timeline_pic/ee42601e08b/48fd17c73e97354877665/ios_large_1582909375_image.jpg","small_picture":"https://coub-anubis-a.akamaized.net/coub_storage/coub/simple/cw_image/8c9d0e6ce9b/3d68528f5d845eb8359f3/1582909377_00032.jpg","sharing_picture":null,"percent_done":100,"tags":[{"id":1483910,"title":"re: zero","value":"re:%20zero"},{"id":42062,"title":"rem","value":"rem"},{"id":5443331,"title":"ellepastelle","value":"ellepastelle"},{"id":148938,"title":"catgirl","value":"catgirl"},{"id":197872,"title":"nekomimi","value":"nekomimi"},{"id":12035,"title":"cosplay","value":"cosplay"},{"id":33872,"title":"косплей","value":"%D0%BA%D0%BE%D1%81%D0%BF%D0%BB%D0%B5%D0%B9"},{"id":1101429,"title":"anime cosplay","value":"anime%20cosplay"},{"id":165,"title":"anime","value":"anime"}],"categories":[{"id":16,"title":"Fashion & Beauty","permalink":"fashion","subscriptions_count":10059485,"big_image_url":"https://coub-anubis-a.akamaized.net/coub_storage/category/cw_image/503df3602c0/3bb25ae4face4a7c9a6f8/big_1544654169_Fashion.png","small_image_url":"https://coub-anubis-a.akamaized.net/coub_storage/category/cw_image/503df3602c0/3bb25ae4face4a7c9a6f8/small_1544654169_Fashion.png","med_image_url":"https://coub-anubis-a.akamaized.net/coub_storage/category/cw_image/503df3602c0/3bb25ae4face4a7c9a6f8/med_1544654169_Fashion.png","visible":true}],"communities":[{"id":16,"title":"Fashion & Beauty","permalink":"fashion","subscriptions_count":10059485,"big_image_url":"https://coub-anubis-a.akamaized.net/coub_storage/category/cw_image/503df3602c0/3bb25ae4face4a7c9a6f8/big_1544654169_Fashion.png","small_image_url":"https://coub-anubis-a.akamaized.net/coub_storage/category/cw_image/503df3602c0/3bb25ae4face4a7c9a6f8/small_1544654169_Fashion.png","med_image_url":"https://coub-anubis-a.akamaized.net/coub_storage/category/cw_image/503df3602c0/3bb25ae4face4a7c9a6f8/med_1544654169_Fashion.png","i_subscribed":true,"community_notifications_enabled":null,"description":null}],"recoubs_count":440,"remixes_count":7,"likes_count":2361,"dislikes_count":0,"raw_video_id":"","uploaded_by_ios_app":false,"uploaded_by_android_app":false,"media_blocks":{"uploaded_raw_videos":[],"external_raw_videos":[],"remixed_from_coubs":[{"id":34609324,"title":"Re: Zero Catgirls: Rem nekomimi косплей (by Youtube @Ellepastelle, song: Rie Takahashi - Stay Alive (Re: Zero OST))","url":"https://coub.com/coubs/28ba9s/remix","image":"https://coub-anubis-a.akamaized.net/coub_storage/media_block/cw_image/2f9458a87b0/e2f4657051952c8b9fa39/1580081544_1a3b7aq_1580081528_00032.jpg","image_retina":"https://coub-anubis-a.akamaized.net/coub_storage/media_block/cw_image/2f9458a87b0/e2f4657051952c8b9fa39/1580081544_1a3b7aq_1580081528_00032.jpg","meta":{"duration":"10.0"},"duration":null,"coub_channel_title":"Hachi's Bargain Bin","coub_channel_permalink":"hachis.bargain.bin","coub_views_count":9429,"coub_permalink":"28ba9s"}]},"raw_video_thumbnail_url":"","raw_video_title":"","video_block_banned":false,"duration":10.0,"promo_winner":false,"promo_winner_recoubers":null,"editorial_info":{},"promo_hint":null,"beeline_best_2014":null,"from_web_editor":true,"normalize_sound":false,"normalize_change_allowed":true,"best2015_addable":false,"ahmad_promo":null,"promo_data":null,"audio_copyright_claim":null,"ads_disabled":false,"is_safe_for_ads":true,"megafon_contents":[],"position_on_page":4},{"flag":null,"abuses":null,"recoubs_by_users_channels":null,"favourite":false,"promoted_id":null,"recoub":null,"like":null,"dislike":null,"reaction":null,"in_my_best2015":false,"id":133465892,"type":"Coub::Simple","permalink":"273li8","title":"Crazy asB*@ch cosplay","visibility_type":"public","original_visibility_type":"public","channel_id":7583191,"created_at":"2020-01-03T13:06:05Z","updated_at":"2022-03-06T17:40:49Z","is_done":true,"views_count":187314,"cotd":null,"cotd_at":null,"visible_on_explore_root":false,"visible_on_explore":false,"featured":false,"published":true,"published_at":"2020-01-03T13:06:05Z","reversed":false,"from_editor_v2":true,"is_editable":true,"original_sound":false,"has_sound":false,"recoub_to":null,"file_versions":{"html5":{"video":{"higher":{"url":"https://coub-anubis-a.akamaized.net/coub_storage/coub/simple/cw_file/cfa794ce7ab/b7689b862f8a957a08c6b/muted_mp4_huge_size_1578056770_muted_huge.mp4","size":2412208},"high":{"url":"https://coub-anubis-a.akamaized.net/coub_storage/coub/simple/cw_file/cfa794ce7ab/b7689b862f8a957a08c6b/muted_mp4_big_size_1578056770_muted_big.mp4","size":1618524},"med":{"url":"https://coub-anubis-a.akamaized.net/coub_storage/coub/simple/cw_file/cfa794ce7ab/b7689b862f8a957a08c6b/muted_mp4_med_size_1578056770_muted_med.mp4","size":555965}},"audio":{"high":{"url":"https://coub-anubis-a.akamaized.net/coub_storage/coub/simple/cw_looped_audio_high/203970b8083/a5d27e9845f1372bf2bb5/1605702725_high_1578056804_high.mp3","size":3463899},"med":{"url":"https://coub-anubis-a.akamaized.net/coub_storage/coub/simple/cw_looped_audio_med/b48d0f5b7e0/63924d56af3f02ebc671c/1605702725_med_1578056804_med.mp3","size":2833515}}},"mobile":{"video":"https://coub-anubis-a.akamaized.net/coub_storage/coub/simple/cw_file/cfa794ce7ab/b7689b862f8a957a08c6b/muted_mp4_med_size_1578056770_muted_med.mp4","audio":["https://coub-anubis-a.akamaized.net/coub_storage/coub/simple/cw_looped_audio_med/b48d0f5b7e0/63924d56af3f02ebc671c/1605702725_med_1578056804_med.mp3"]},"share":{"default":"https://coub-anubis-a.akamaized.net/coub_storage/coub/simple/cw_video_for_sharing/bb03a2dce9a/3195f3d90cbd27e693c5e/1608496620_looped_1608496620.mp4"}},"audio_versions":{"template":"https://coub-anubis-a.akamaized.net/coub_storage/audio_track/cw_normalized_copy/00f31a32870/857ee9872ab0ae7d37cd1/mid_1578056793_normalized_1578056774_2j8h1g_edited.mp3","versions":["mid","low"]},"image_versions":{"template":"https://coub-anubis-a.akamaized.net/coub_storage/coub/simple/cw_image/811b8ac29b2/ba08b17f3d2c9efd0c042/1578056815_00031.jpg","versions":["micro","tiny","age_restricted","ios_large","ios_mosaic","big","med","small","pinterest"]},"first_frame_versions":{"template":"https://coub-anubis-a.akamaized.net/coub_storage/coub/simple/cw_timeline_pic/d18adf06c05/b70d470139ae082fba574/%{version}_1578056815_image.jpg","versions":["big","med","small","ios_large"]},"dimensions":{"big":[496,960],"med":[248,480]},"site_w_h":[207,400],"page_w_h":[400,774],"site_w_h_small":[310,600],"size":[496,960],"age_restricted":false,"age_restricted_by_admin":false,"not_safe_for_work":false,"allow_reuse":false,"dont_crop":false,"banned":false,"global_safe":true,"audio_file_url":"https://coub-anubis-a.akamaized.net/coub_storage/audio_track/cw_normalized_copy/00f31a32870/857ee9872ab0ae7d37cd1/low_1578056793_normalized_1578056774_2j8h1g_edited.mp3","external_download":false,"application":null,"channel":{"id":7583191,"permalink":"fappeach","title":"PEaCH","description":null,"followers_count":826,"following_count":14,"avatar_versions":{"template":"https://coub-anubis-a.akamaized.net/coub_storage/channel/cw_avatar/e40f7bd72e1/51ddefd30241171878ed8/%{version}_1607423940_1178tgt_1577552071_Ava1.jpg","versions":["medium","medium_2x","profile_pic","profile_pic_new","profile_pic_new_2x","tiny","tiny_2x","small","small_2x","ios_large","ios_small"]}},"file":null,"picture":"https://coub-anubis-a.akamaized.net/coub_storage/coub/simple/cw_image/811b8ac29b2/ba08b17f3d2c9efd0c042/1578056815_00031.jpg","timeline_picture":"https://coub-anubis-a.akamaized.net/coub_storage/coub/simple/cw_timeline_pic/d18adf06c05/b70d470139ae082fba574/ios_large_1578056815_image.jpg","small_picture":"https://coub-anubis-a.akamaized.net/coub_storage/coub/simple/cw_image/811b8ac29b2/ba08b17f3d2c9efd0c042/1578056815_00031.jpg","sharing_picture":null,"percent_done":100,"tags":[{"id":4873167,"title":"coseplay","value":"coseplay"},{"id":303022,"title":"fasion","value":"fasion"},{"id":165,"title":"anime","value":"anime"},{"id":987631,"title":"makemecrazy","value":"makemecrazy"},{"id":234,"title":"crazy","value":"crazy"},{"id":18718,"title":"luna","value":"luna"},{"id":12035,"title":"cosplay","value":"cosplay"}],"categories":[{"id":16,"title":"Fashion & Beauty","permalink":"fashion","subscriptions_count":10059485,"big_image_url":"https://coub-anubis-a.akamaized.net/coub_storage/category/cw_image/503df3602c0/3bb25ae4face4a7c9a6f8/big_1544654169_Fashion.png","small_image_url":"https://coub-anubis-a.akamaized.net/coub_storage/category/cw_image/503df3602c0/3bb25ae4face4a7c9a6f8/small_1544654169_Fashion.png","med_image_url":"https://coub-anubis-a.akamaized.net/coub_storage/category/cw_image/503df3602c0/3bb25ae4face4a7c9a6f8/med_1544654169_Fashion.png","visible":true}],"communities":[{"id":16,"title":"Fashion & Beauty","permalink":"fashion","subscriptions_count":10059485,"big_image_url":"https://coub-anubis-a.akamaized.net/coub_storage/category/cw_image/503df3602c0/3bb25ae4face4a7c9a6f8/big_1544654169_Fashion.png","small_image_url":"https://coub-anubis-a.akamaized.net/coub_storage/category/cw_image/503df3602c0/3bb25ae4face4a7c9a6f8/small_1544654169_Fashion.png","med_image_url":"https://coub-anubis-a.akamaized.net/coub_storage/category/cw_image/503df3602c0/3bb25ae4face4a7c9a6f8/med_1544654169_Fashion.png","i_subscribed":true,"community_notifications_enabled":null,"description":null}],"recoubs_count":414,"remixes_count":0,"likes_count":2360,"dislikes_count":0,"raw_video_id":14659568,"uploaded_by_ios_app":false,"uploaded_by_android_app":false,"media_blocks":{"uploaded_raw_videos":[],"external_raw_videos":[],"remixed_from_coubs":[]},"raw_video_thumbnail_url":"/missing/missing.png","raw_video_title":"liTrT09AdLrv2p9_.mp4","video_block_banned":false,"duration":9.84,"promo_winner":false,"promo_winner_recoubers":null,"editorial_info":{},"promo_hint":null,"beeline_best_2014":null,"from_web_editor":true,"normalize_sound":true,"normalize_change_allowed":true,"best2015_addable":false,"ahmad_promo":null,"promo_data":null,"audio_copyright_claim":null,"ads_disabled":false,"is_safe_for_ads":true,"megafon_contents":[],"position_on_page":5},{"flag":null,"abuses":null,"recoubs_by_users_channels":null,"favourite":false,"promoted_id":null,"recoub":null,"like":null,"dislike":null,"reaction":null,"in_my_best2015":false,"id":52945045,"type":"Coub::Simple","permalink":"v2nlh","title":"I catch your eyes.","visibility_type":"public","original_visibility_type":"public","channel_id":2828162,"created_at":"2017-06-15T23:06:54Z","updated_at":"2022-03-16T09:40:23Z","is_done":true,"views_count":219518,"cotd":null,"cotd_at":null,"visible_on_explore_root":false,"visible_on_explore":false,"featured":false,"published":true,"published_at":"2017-06-15T23:06:54Z","reversed":false,"from_editor_v2":true,"is_editable":true,"original_sound":false,"has_sound":false,"recoub_to":null,"file_versions":{"html5":{"video":{"higher":{"url":"https://coub-anubis-a.akamaized.net/coub_storage/coub/simple/cw_file/038f1b669fe/839e0e06b031d49bed954/muted_mp4_huge_size_1568120561_muted_huge.mp4","size":2320397},"high":{"url":"https://coub-anubis-a.akamaized.net/coub_storage/coub/simple/cw_file/038f1b669fe/839e0e06b031d49bed954/muted_mp4_big_size_1568120561_muted_big.mp4","size":1716918},"med":{"url":"https://coub-anubis-a.akamaized.net/coub_storage/coub/simple/cw_file/038f1b669fe/839e0e06b031d49bed954/muted_mp4_med_size_1568120561_muted_med.mp4","size":531227}},"audio":{"high":{"url":"https://coub-anubis-a.akamaized.net/coub_storage/coub/simple/cw_looped_audio_high/f5f310be44c/4df183a2fbfcc579bebe8/1605603715_high_1497568075_high.mp3","size":5218211},"med":{"url":"https://coub-anubis-a.akamaized.net/coub_storage/coub/simple/cw_looped_audio_med/a7f53c421ee/ae741a3f80581df3bc3ea/1605603714_med_1497568075_med.mp3","size":4265655}}},"mobile":{"video":"https://coub-anubis-a.akamaized.net/coub_storage/coub/simple/cw_file/038f1b669fe/839e0e06b031d49bed954/muted_mp4_med_size_1568120561_muted_med.mp4","audio":["https://coub-anubis-a.akamaized.net/coub_storage/coub/simple/cw_looped_audio_med/a7f53c421ee/ae741a3f80581df3bc3ea/1605603714_med_1497568075_med.mp3"]},"share":{"default":"https://coub-anubis-a.akamaized.net/coub_storage/coub/simple/cw_video_for_sharing/e8369210b3e/69a5e74fa7071d87a6584/1608779784_looped_1608779783.mp4"}},"audio_versions":{"template":"https://coub-anubis-a.akamaized.net/coub_storage/audio_track/cw_normalized_copy/0df2ad69075/495435c87f06ce1410733/mid_1497568055_pore6c_normalized_1497568032_zgl1lp_edited.mp3","versions":["mid","low"]},"image_versions":{"template":"https://coub-anubis-a.akamaized.net/coub_storage/coub/simple/cw_image/2f00744cdf6/c3ac1c78ec28437b15a2f/1497568095_00027.jpg","versions":["micro","tiny","age_restricted","ios_large","ios_mosaic","big","med","small","pinterest"]},"first_frame_versions":{"template":"https://coub-anubis-a.akamaized.net/coub_storage/coub/simple/cw_timeline_pic/2f00744cdf6/c3ac1c78ec28437b15a2f/%{version}_1497568095_image.jpg","versions":["big","med","small","ios_large"]},"dimensions":{"big":[1280,720],"med":[640,360]},"site_w_h":[640,360],"page_w_h":[640,360],"site_w_h_small":[310,174],"size":[1280,720],"age_restricted":false,"age_restricted_by_admin":false,"not_safe_for_work":false,"allow_reuse":false,"dont_crop":false,"banned":false,"global_safe":true,"audio_file_url":"https://coub-anubis-a.akamaized.net/coub_storage/audio_track/cw_normalized_copy/0df2ad69075/495435c87f06ce1410733/low_1497568055_pore6c_normalized_1497568032_zgl1lp_edited.mp3","external_download":{"type":"Youtube","service_name":"YouTube","url":"http://www.youtube.com/watch?v=9DSFSqPM850","has_embed":true},"application":null,"channel":{"id":2828162,"permalink":"tsotne-tvaradze","title":"Tsotne Tvaradze","description":null,"followers_count":69,"following_count":17,"avatar_versions":{"template":"https://coub-anubis-a.akamaized.net/coub_storage/channel/cw_avatar/8a89202b346/7a04725e8551d21ddf937/%{version}_1608040295_1n05x2h_1497617757_1233601_517819018302381_1869837840_n__2_.jpg","versions":["medium","medium_2x","profile_pic","profile_pic_new","profile_pic_new_2x","tiny","tiny_2x","small","small_2x","ios_large","ios_small"]}},"file":null,"picture":"https://coub-anubis-a.akamaized.net/coub_storage/coub/simple/cw_image/2f00744cdf6/c3ac1c78ec28437b15a2f/1497568095_00027.jpg","timeline_picture":"https://coub-anubis-a.akamaized.net/coub_storage/coub/simple/cw_timeline_pic/2f00744cdf6/c3ac1c78ec28437b15a2f/ios_large_1497568095_image.jpg","small_picture":"https://coub-anubis-a.akamaized.net/coub_storage/coub/simple/cw_image/2f00744cdf6/c3ac1c78ec28437b15a2f/1497568095_00027.jpg","sharing_picture":null,"percent_done":100,"tags":[{"id":602,"title":"beautiful","value":"beautiful"},{"id":183,"title":"girl","value":"girl"},{"id":7399,"title":"asian","value":"asian"},{"id":184,"title":"sexy","value":"sexy"},{"id":461,"title":"eyes","value":"eyes"}],"categories":[{"id":16,"title":"Fashion & Beauty","permalink":"fashion","subscriptions_count":10059485,"big_image_url":"https://coub-anubis-a.akamaized.net/coub_storage/category/cw_image/503df3602c0/3bb25ae4face4a7c9a6f8/big_1544654169_Fashion.png","small_image_url":"https://coub-anubis-a.akamaized.net/coub_storage/category/cw_image/503df3602c0/3bb25ae4face4a7c9a6f8/small_1544654169_Fashion.png","med_image_url":"https://coub-anubis-a.akamaized.net/coub_storage/category/cw_image/503df3602c0/3bb25ae4face4a7c9a6f8/med_1544654169_Fashion.png","visible":true}],"communities":[{"id":16,"title":"Fashion & Beauty","permalink":"fashion","subscriptions_count":10059485,"big_image_url":"https://coub-anubis-a.akamaized.net/coub_storage/category/cw_image/503df3602c0/3bb25ae4face4a7c9a6f8/big_1544654169_Fashion.png","small_image_url":"https://coub-anubis-a.akamaized.net/coub_storage/category/cw_image/503df3602c0/3bb25ae4face4a7c9a6f8/small_1544654169_Fashion.png","med_image_url":"https://coub-anubis-a.akamaized.net/coub_storage/category/cw_image/503df3602c0/3bb25ae4face4a7c9a6f8/med_1544654169_Fashion.png","i_subscribed":true,"community_notifications_enabled":null,"description":null}],"recoubs_count":557,"remixes_count":6,"likes_count":2360,"dislikes_count":0,"raw_video_id":6558626,"uploaded_by_ios_app":false,"uploaded_by_android_app":false,"media_blocks":{"uploaded_raw_videos":[],"external_raw_videos":[{"id":16139906,"title":"I catch your eyes.","url":"http://www.youtube.com/watch?v=9DSFSqPM850","image":"https://coub-anubis-a.akamaized.net/coub_storage/media_block/cw_image/58aecdcd42e/764d9bbeba6feb259fcb4/1492718052_1481982794_1gkgtco_att-url-download.jpg","image_retina":"https://coub-anubis-a.akamaized.net/coub_storage/media_block/cw_image/58aecdcd42e/764d9bbeba6feb259fcb4/1492718052_1481982794_1gkgtco_att-url-download.jpg","meta":{"service":"Youtube","duration":"30.13"},"duration":30.13,"raw_video_id":6558626,"has_embed":true}],"remixed_from_coubs":[],"external_video":{"id":16139906,"title":"I catch your eyes.","url":"http://www.youtube.com/watch?v=9DSFSqPM850","image":"https://coub-anubis-a.akamaized.net/coub_storage/media_block/cw_image/58aecdcd42e/764d9bbeba6feb259fcb4/1492718052_1481982794_1gkgtco_att-url-download.jpg","image_retina":"https://coub-anubis-a.akamaized.net/coub_storage/media_block/cw_image/58aecdcd42e/764d9bbeba6feb259fcb4/1492718052_1481982794_1gkgtco_att-url-download.jpg","meta":{"service":"Youtube","duration":"30.13"},"duration":30.13,"raw_video_id":6558626,"has_embed":true}},"raw_video_thumbnail_url":"/missing/missing.png","raw_video_title":"I catch your eyes.","video_block_banned":false,"duration":8.52,"promo_winner":false,"promo_winner_recoubers":null,"editorial_info":{},"promo_hint":null,"beeline_best_2014":null,"from_web_editor":true,"normalize_sound":true,"normalize_change_allowed":true,"best2015_addable":false,"ahmad_promo":null,"promo_data":null,"audio_copyright_claim":null,"ads_disabled":null,"is_safe_for_ads":true,"megafon_contents":[],"position_on_page":6},{"flag":null,"abuses":null,"recoubs_by_users_channels":null,"favourite":false,"promoted_id":null,"recoub":null,"like":null,"dislike":null,"reaction":null,"in_my_best2015":false,"id":104008410,"type":"Coub::Simple","permalink":"1pimol","title":"Anime Los Angeles | Anime Impulse - 2019 Cosplay Video","visibility_type":"public","original_visibility_type":"public","channel_id":5063935,"created_at":"2019-03-03T00:24:01Z","updated_at":"2022-03-15T20:10:05Z","is_done":true,"views_count":171845,"cotd":null,"cotd_at":null,"visible_on_explore_root":false,"visible_on_explore":false,"featured":false,"published":true,"published_at":"2019-03-03T00:24:01Z","reversed":false,"from_editor_v2":true,"is_editable":true,"original_sound":true,"has_sound":true,"recoub_to":null,"file_versions":{"html5":{"video":{"higher":{"url":"https://coub-anubis-a.akamaized.net/coub_storage/coub/simple/cw_file/99a1eebd587/4d2951fe63e2738cf03ca/muted_mp4_huge_size_1569941817_muted_huge.mp4","size":5690259},"high":{"url":"https://coub-anubis-a.akamaized.net/coub_storage/coub/simple/cw_file/99a1eebd587/4d2951fe63e2738cf03ca/muted_mp4_big_size_1569941817_muted_big.mp4","size":4769537},"med":{"url":"https://coub-anubis-a.akamaized.net/coub_storage/coub/simple/cw_file/99a1eebd587/4d2951fe63e2738cf03ca/muted_mp4_med_size_1569941817_muted_med.mp4","size":1287855}},"audio":{"high":{"url":"https://coub-anubis-a.akamaized.net/coub_storage/coub/simple/cw_looped_audio_high/c71da136a4b/e6ae400965562f8f5edca/1605675692_high_1551572750_high.mp3","size":1083162},"med":{"url":"https://coub-anubis-a.akamaized.net/coub_storage/coub/simple/cw_looped_audio_med/8236d47e565/64e5b738a8a5cc9c0cf7d/1605675691_med_1551572750_med.mp3","size":799076},"sample_duration":10.009}},"mobile":{"video":"https://coub-anubis-a.akamaized.net/coub_storage/coub/simple/cw_file/99a1eebd587/4d2951fe63e2738cf03ca/muted_mp4_med_size_1569941817_muted_med.mp4","audio":["https://coub-anubis-a.akamaized.net/coub_storage/coub/simple/cw_looped_audio_med/8236d47e565/64e5b738a8a5cc9c0cf7d/1605675691_med_1551572750_med.mp3"]},"share":{"default":"https://coub-anubis-a.akamaized.net/coub_storage/coub/simple/cw_video_for_sharing/68d9b6f873c/493d116681f597299bf54/1615623875_looped_1615623874.mp4"}},"audio_versions":{},"image_versions":{"template":"https://coub-anubis-a.akamaized.net/coub_storage/coub/simple/cw_image/dde7e2c1382/3cd0d9a9465e452dab9c7/1551572760_00032.jpg","versions":["micro","tiny","age_restricted","ios_large","ios_mosaic","big","med","small","pinterest"]},"first_frame_versions":{"template":"https://coub-anubis-a.akamaized.net/coub_storage/coub/simple/cw_timeline_pic/314423fc7f7/7f4ee14ae31294fd0aba4/%{version}_1551572759_image.jpg","versions":["big","med","small","ios_large"]},"dimensions":{"big":[1280,720],"med":[640,360]},"site_w_h":[640,360],"page_w_h":[640,360],"site_w_h_small":[310,174],"size":[1280,720],"age_restricted":false,"age_restricted_by_admin":false,"not_safe_for_work":false,"allow_reuse":false,"dont_crop":false,"banned":false,"global_safe":true,"audio_file_url":null,"external_download":{"type":"Youtube","service_name":"YouTube","url":"https://youtu.be/_7lOmf_xZBQ","has_embed":true},"application":null,"channel":{"id":5063935,"permalink":"hachi-franxx","title":"Hachi Franxx","description":"Like, follow and, most importantly, repost!","followers_count":4823,"following_count":40,"avatar_versions":{"template":"https://coub-anubis-a.akamaized.net/coub_storage/channel/cw_avatar/164d0f0a980/3f67e0b8d5814ca21713f/%{version}_1607421387_15qy57m_1547914543_filename.jpeg","versions":["medium","medium_2x","profile_pic","profile_pic_new","profile_pic_new_2x","tiny","tiny_2x","small","small_2x","ios_large","ios_small"]}},"file":null,"picture":"https://coub-anubis-a.akamaized.net/coub_storage/coub/simple/cw_image/dde7e2c1382/3cd0d9a9465e452dab9c7/1551572760_00032.jpg","timeline_picture":"https://coub-anubis-a.akamaized.net/coub_storage/coub/simple/cw_timeline_pic/314423fc7f7/7f4ee14ae31294fd0aba4/ios_large_1551572759_image.jpg","small_picture":"https://coub-anubis-a.akamaized.net/coub_storage/coub/simple/cw_image/dde7e2c1382/3cd0d9a9465e452dab9c7/1551572760_00032.jpg","sharing_picture":null,"percent_done":100,"tags":[{"id":1417458,"title":"anime los angeles","value":"anime%20los%20angeles"},{"id":4605645,"title":"anime los angeles 2019","value":"anime%20los%20angeles%202019"},{"id":4707891,"title":"anime los angeles 2019 cosplay music video","value":"anime%20los%20angeles%202019%20cosplay%20music%20video"},{"id":4170668,"title":"anime los angeles cosplay","value":"anime%20los%20angeles%20cosplay"},{"id":2739612,"title":"anime impulse","value":"anime%20impulse"},{"id":4707892,"title":"anime impulse cosplay video","value":"anime%20impulse%20cosplay%20video"},{"id":4707893,"title":"anime impulse cosplay music video","value":"anime%20impulse%20cosplay%20music%20video"},{"id":634694,"title":"katsucon","value":"katsucon"},{"id":4707894,"title":"katsucon2019","value":"katsucon2019"},{"id":4707895,"title":"katsucon 2019 cosplay","value":"katsucon%202019%20cosplay"}],"categories":[{"id":16,"title":"Fashion & Beauty","permalink":"fashion","subscriptions_count":10059485,"big_image_url":"https://coub-anubis-a.akamaized.net/coub_storage/category/cw_image/503df3602c0/3bb25ae4face4a7c9a6f8/big_1544654169_Fashion.png","small_image_url":"https://coub-anubis-a.akamaized.net/coub_storage/category/cw_image/503df3602c0/3bb25ae4face4a7c9a6f8/small_1544654169_Fashion.png","med_image_url":"https://coub-anubis-a.akamaized.net/coub_storage/category/cw_image/503df3602c0/3bb25ae4face4a7c9a6f8/med_1544654169_Fashion.png","visible":true}],"communities":[{"id":16,"title":"Fashion & Beauty","permalink":"fashion","subscriptions_count":10059485,"big_image_url":"https://coub-anubis-a.akamaized.net/coub_storage/category/cw_image/503df3602c0/3bb25ae4face4a7c9a6f8/big_1544654169_Fashion.png","small_image_url":"https://coub-anubis-a.akamaized.net/coub_storage/category/cw_image/503df3602c0/3bb25ae4face4a7c9a6f8/small_1544654169_Fashion.png","med_image_url":"https://coub-anubis-a.akamaized.net/coub_storage/category/cw_image/503df3602c0/3bb25ae4face4a7c9a6f8/med_1544654169_Fashion.png","i_subscribed":true,"community_notifications_enabled":null,"description":null}],"recoubs_count":478,"remixes_count":0,"likes_count":2358,"dislikes_count":0,"raw_video_id":13253763,"uploaded_by_ios_app":false,"uploaded_by_android_app":false,"media_blocks":{"uploaded_raw_videos":[],"external_raw_videos":[{"id":30587672,"title":"Anime Los Angeles | Anime Impulse - 2019 Cosplay Video","url":"https://www.youtube.com/watch?v=_7lOmf_xZBQ","image":"https://coub-anubis-a.akamaized.net/coub_storage/media_block/cw_image/83b63e7e31d/aa9c27e7211d8d7440914/1550725814_d0o7sy_1550725678_1sr98g2_att-url-download.jpg","image_retina":"https://coub-anubis-a.akamaized.net/coub_storage/media_block/cw_image/83b63e7e31d/aa9c27e7211d8d7440914/1550725814_d0o7sy_1550725678_1sr98g2_att-url-download.jpg","meta":{"service":"Youtube","duration":"213.36"},"duration":213.36,"raw_video_id":13253763,"has_embed":true}],"remixed_from_coubs":[],"external_video":{"id":30587672,"title":"Anime Los Angeles | Anime Impulse - 2019 Cosplay Video","url":"https://www.youtube.com/watch?v=_7lOmf_xZBQ","image":"https://coub-anubis-a.akamaized.net/coub_storage/media_block/cw_image/83b63e7e31d/aa9c27e7211d8d7440914/1550725814_d0o7sy_1550725678_1sr98g2_att-url-download.jpg","image_retina":"https://coub-anubis-a.akamaized.net/coub_storage/media_block/cw_image/83b63e7e31d/aa9c27e7211d8d7440914/1550725814_d0o7sy_1550725678_1sr98g2_att-url-download.jpg","meta":{"service":"Youtube","duration":"213.36"},"duration":213.36,"raw_video_id":13253763,"has_embed":true}},"raw_video_thumbnail_url":"/missing/missing.png","raw_video_title":"Anime Los Angeles | Anime Impulse - 2019 Cosplay Video","video_block_banned":false,"duration":10.0,"promo_winner":false,"promo_winner_recoubers":null,"editorial_info":{},"promo_hint":null,"beeline_best_2014":null,"from_web_editor":true,"normalize_sound":true,"normalize_change_allowed":true,"best2015_addable":false,"ahmad_promo":null,"promo_data":null,"audio_copyright_claim":null,"ads_disabled":false,"is_safe_for_ads":true,"megafon_contents":[],"position_on_page":7},{"flag":null,"abuses":null,"recoubs_by_users_channels":null,"favourite":false,"promoted_id":null,"recoub":null,"like":null,"dislike":null,"reaction":null,"in_my_best2015":false,"id":154026560,"type":"Coub::Simple","permalink":"2jcuf4","title":"Black Wolf-Girl","visibility_type":"public","original_visibility_type":"public","channel_id":3950104,"created_at":"2020-09-17T16:03:48Z","updated_at":"2022-03-15T18:49:06Z","is_done":true,"views_count":198404,"cotd":null,"cotd_at":null,"visible_on_explore_root":false,"visible_on_explore":false,"featured":false,"published":true,"published_at":"2020-09-17T16:03:48Z","reversed":false,"from_editor_v2":true,"is_editable":true,"original_sound":false,"has_sound":false,"recoub_to":null,"file_versions":{"html5":{"video":{"higher":{"url":"https://coub-anubis-a.akamaized.net/coub_storage/coub/simple/cw_file/853eb947ced/8af19a9789398eb7066a8/muted_mp4_huge_size_1600358635_muted_huge.mp4","size":1376515},"high":{"url":"https://coub-anubis-a.akamaized.net/coub_storage/coub/simple/cw_file/853eb947ced/8af19a9789398eb7066a8/muted_mp4_big_size_1600358635_muted_big.mp4","size":806876},"med":{"url":"https://coub-anubis-a.akamaized.net/coub_storage/coub/simple/cw_file/853eb947ced/8af19a9789398eb7066a8/muted_mp4_med_size_1600358635_muted_med.mp4","size":261189}},"audio":{"high":{"url":"https://coub-anubis-a.akamaized.net/coub_storage/coub/simple/cw_looped_audio_high/1a671ce356d/b9d3c3768d96c90129dd3/1607274286_high_1600358690_high.mp3","size":4870023},"med":{"url":"https://coub-anubis-a.akamaized.net/coub_storage/coub/simple/cw_looped_audio_med/ae4cd96ec9e/4f1629be1f6d8bc87c362/1607274285_med_1600358690_med.mp3","size":3578381}}},"mobile":{"video":"https://coub-anubis-a.akamaized.net/coub_storage/coub/simple/cw_file/853eb947ced/8af19a9789398eb7066a8/muted_mp4_med_size_1600358635_muted_med.mp4","audio":["https://coub-anubis-a.akamaized.net/coub_storage/coub/simple/cw_looped_audio_med/ae4cd96ec9e/4f1629be1f6d8bc87c362/1607274285_med_1600358690_med.mp3"]},"share":{"default":"https://coub-anubis-a.akamaized.net/coub_storage/coub/simple/cw_video_for_sharing/f78b90d6f2e/8c3469f38d6f96b91de9d/1608525303_looped_1608525302.mp4"}},"audio_versions":{"template":"https://coub-anubis-a.akamaized.net/coub_storage/audio_track/cw_normalized_copy/38da4003ffa/082a8551f7833ab63fc04/mid_1600358675_normalized_1600358640_otniym_edited.mp3","versions":["mid","low"]},"image_versions":{"template":"https://coub-anubis-a.akamaized.net/coub_storage/coub/simple/cw_image/6527b40cbdf/bda6f9567696c201aad0f/1600358708_00032.jpg","versions":["micro","tiny","age_restricted","ios_large","ios_mosaic","big","med","small","pinterest"]},"first_frame_versions":{"template":"https://coub-anubis-a.akamaized.net/coub_storage/coub/simple/cw_timeline_pic/0cb44d0970f/ac74e20c353b273a6cb24/%{version}_1600358707_image.jpg","versions":["big","med","small","ios_large"]},"dimensions":{"big":[464,960],"med":[232,480]},"site_w_h":[193,400],"page_w_h":[400,828],"site_w_h_small":[310,641],"size":[464,960],"age_restricted":false,"age_restricted_by_admin":false,"not_safe_for_work":false,"allow_reuse":false,"dont_crop":false,"banned":false,"global_safe":null,"audio_file_url":"https://coub-anubis-a.akamaized.net/coub_storage/audio_track/cw_normalized_copy/38da4003ffa/082a8551f7833ab63fc04/low_1600358675_normalized_1600358640_otniym_edited.mp3","external_download":false,"application":null,"channel":{"id":3950104,"permalink":"parmezan-partizan","title":"Vadim Terentiev","description":null,"followers_count":39,"following_count":30,"avatar_versions":{"template":"https://coub-anubis-a.akamaized.net/coub_storage/channel/cw_avatar/2e8c7f67047/7eba1b374c11b7c8b9eb0/%{version}_1626683769_jlcFhQaZHJQ.jpg","versions":["medium","medium_2x","profile_pic","profile_pic_new","profile_pic_new_2x","tiny","tiny_2x","small","small_2x","ios_large","ios_small"]}},"file":null,"picture":"https://coub-anubis-a.akamaized.net/coub_storage/coub/simple/cw_image/6527b40cbdf/bda6f9567696c201aad0f/1600358708_00032.jpg","timeline_picture":"https://coub-anubis-a.akamaized.net/coub_storage/coub/simple/cw_timeline_pic/0cb44d0970f/ac74e20c353b273a6cb24/ios_large_1600358707_image.jpg","small_picture":"https://coub-anubis-a.akamaized.net/coub_storage/coub/simple/cw_image/6527b40cbdf/bda6f9567696c201aad0f/1600358708_00032.jpg","sharing_picture":null,"percent_done":100,"tags":[{"id":5249286,"title":"mirikashi","value":"mirikashi"},{"id":5356883,"title":"mirikashi cosplay","value":"mirikashi%20cosplay"},{"id":12035,"title":"cosplay","value":"cosplay"},{"id":38769,"title":"werewolf","value":"werewolf"},{"id":3631,"title":"wolf","value":"wolf"},{"id":183,"title":"girl","value":"girl"},{"id":37201,"title":"cute girl","value":"cute%20girl"},{"id":1113390,"title":"blackhair","value":"blackhair"},{"id":1598861,"title":"tiktok","value":"tiktok"},{"id":12583,"title":"hot girl","value":"hot%20girl"},{"id":3418758,"title":"nbsplv - imprint","value":"nbsplv%20-%20imprint"},{"id":735,"title":"music video","value":"music%20video"},{"id":33872,"title":"косплей","value":"%D0%BA%D0%BE%D1%81%D0%BF%D0%BB%D0%B5%D0%B9"},{"id":939798,"title":"рекоуб","value":"%D1%80%D0%B5%D0%BA%D0%BE%D1%83%D0%B1"},{"id":5902556,"title":"vk.com/mirikashi_c","value":"vk.com/mirikashi_c"},{"id":5902557,"title":"everything black mike taylor unlike pluto","value":"everything%20black%20mike%20taylor%20unlike%20pluto"}],"categories":[{"id":16,"title":"Fashion & Beauty","permalink":"fashion","subscriptions_count":10059485,"big_image_url":"https://coub-anubis-a.akamaized.net/coub_storage/category/cw_image/503df3602c0/3bb25ae4face4a7c9a6f8/big_1544654169_Fashion.png","small_image_url":"https://coub-anubis-a.akamaized.net/coub_storage/category/cw_image/503df3602c0/3bb25ae4face4a7c9a6f8/small_1544654169_Fashion.png","med_image_url":"https://coub-anubis-a.akamaized.net/coub_storage/category/cw_image/503df3602c0/3bb25ae4face4a7c9a6f8/med_1544654169_Fashion.png","visible":true}],"communities":[{"id":16,"title":"Fashion & Beauty","permalink":"fashion","subscriptions_count":10059485,"big_image_url":"https://coub-anubis-a.akamaized.net/coub_storage/category/cw_image/503df3602c0/3bb25ae4face4a7c9a6f8/big_1544654169_Fashion.png","small_image_url":"https://coub-anubis-a.akamaized.net/coub_storage/category/cw_image/503df3602c0/3bb25ae4face4a7c9a6f8/small_1544654169_Fashion.png","med_image_url":"https://coub-anubis-a.akamaized.net/coub_storage/category/cw_image/503df3602c0/3bb25ae4face4a7c9a6f8/med_1544654169_Fashion.png","i_subscribed":true,"community_notifications_enabled":null,"description":null}],"recoubs_count":374,"remixes_count":5,"likes_count":2354,"dislikes_count":0,"raw_video_id":"","uploaded_by_ios_app":false,"uploaded_by_android_app":false,"media_blocks":{"uploaded_raw_videos":[],"external_raw_videos":[],"remixed_from_coubs":[{"id":36932143,"title":"She wolf","url":"https://coub.com/coubs/2j7cto/remix","image":"https://coub-anubis-a.akamaized.net/coub_storage/media_block/cw_image/6f50ab5b277/5c87840969fac60b663b4/1600014290_9m9orl_1600014264_00032.jpg","image_retina":"https://coub-anubis-a.akamaized.net/coub_storage/media_block/cw_image/6f50ab5b277/5c87840969fac60b663b4/1600014290_9m9orl_1600014264_00032.jpg","meta":{"duration":"10.0"},"duration":null,"coub_channel_title":"Miri","coub_channel_permalink":"miri3077","coub_views_count":291602,"coub_permalink":"2j7cto"}]},"raw_video_thumbnail_url":"","raw_video_title":"","video_block_banned":false,"duration":10.0,"promo_winner":false,"promo_winner_recoubers":null,"editorial_info":{},"promo_hint":null,"beeline_best_2014":null,"from_web_editor":true,"normalize_sound":true,"normalize_change_allowed":true,"best2015_addable":false,"ahmad_promo":null,"promo_data":null,"audio_copyright_claim":null,"ads_disabled":false,"is_safe_for_ads":true,"megafon_contents":[],"position_on_page":8},{"flag":null,"abuses":null,"recoubs_by_users_channels":null,"favourite":false,"promoted_id":null,"recoub":null,"like":null,"dislike":null,"reaction":null,"in_my_best2015":false,"id":167815978,"type":"Coub::Simple","permalink":"2rkehq","title":"🎶 ","visibility_type":"public","original_visibility_type":"public","channel_id":4894530,"created_at":"2021-04-29T10:55:36Z","updated_at":"2022-03-16T11:31:01Z","is_done":true,"views_count":191576,"cotd":null,"cotd_at":null,"visible_on_explore_root":false,"visible_on_explore":false,"featured":false,"published":true,"published_at":"2021-04-29T10:55:36Z","reversed":false,"from_editor_v2":true,"is_editable":true,"original_sound":false,"has_sound":false,"recoub_to":null,"file_versions":{"html5":{"video":{"higher":{"url":"https://coub-anubis-a.akamaized.net/coub_storage/coub/simple/cw_file/726582651b3/d3da52691dd7086110542/muted_mp4_huge_size_1619693741_muted_huge.mp4","size":2456750},"high":{"url":"https://coub-anubis-a.akamaized.net/coub_storage/coub/simple/cw_file/726582651b3/d3da52691dd7086110542/muted_mp4_big_size_1619693741_muted_big.mp4","size":1543944},"med":{"url":"https://coub-anubis-a.akamaized.net/coub_storage/coub/simple/cw_file/726582651b3/d3da52691dd7086110542/muted_mp4_med_size_1619693741_muted_med.mp4","size":522431}},"audio":{"high":{"url":"https://coub-anubis-a.akamaized.net/coub_storage/coub/simple/cw_looped_audio_high/4d6289a2696/22b62e0008d03d4f299b1/1619693769_mp3-high.mp3","size":4022520},"med":{"url":"https://coub-anubis-a.akamaized.net/coub_storage/coub/simple/cw_looped_audio_med/d35226cfd60/c1a6659a59395baf5b1f4/1619693767_mp3-med.mp3","size":2969874}}},"mobile":{"video":"https://coub-anubis-a.akamaized.net/coub_storage/coub/simple/cw_file/726582651b3/d3da52691dd7086110542/muted_mp4_med_size_1619693741_muted_med.mp4","audio":["https://coub-anubis-a.akamaized.net/coub_storage/coub/simple/cw_looped_audio_med/d35226cfd60/c1a6659a59395baf5b1f4/1619693767_mp3-med.mp3"]},"share":{"default":"https://coub-anubis-a.akamaized.net/coub_storage/coub/simple/cw_video_for_sharing/41affacec85/90626021109aac11ce74c/1619693792_looped_1619693792.mp4"}},"audio_versions":{"template":"https://coub-anubis-a.akamaized.net/coub_storage/audio_track/cw_normalized_copy/7a818f1d0be/c4c08e90405d8ae759211/mid_1619693754_normalized_1619693613_audio.mp3","versions":["mid","low"]},"image_versions":{"template":"https://coub-anubis-a.akamaized.net/coub_storage/coub/simple/cw_image/7ad36ef43c2/af400ee2aae92071dcea0/%{version}_1619693773_00025.jpg","versions":["micro","tiny","age_restricted","ios_large","ios_mosaic","big","med","small","pinterest"]},"first_frame_versions":{"template":"https://coub-anubis-a.akamaized.net/coub_storage/coub/simple/cw_timeline_pic/93d46d49c83/018ed25f3e3f06ce3b15a/%{version}_1619693773_image.jpg","versions":["big","med","small","ios_large"]},"dimensions":{"big":[522,960],"med":[260,480]},"site_w_h":[218,400],"page_w_h":[400,736],"site_w_h_small":[310,570],"size":[522,960],"age_restricted":false,"age_restricted_by_admin":false,"not_safe_for_work":false,"allow_reuse":false,"dont_crop":true,"banned":false,"global_safe":null,"audio_file_url":"https://coub-anubis-a.akamaized.net/coub_storage/audio_track/cw_normalized_copy/7a818f1d0be/c4c08e90405d8ae759211/low_1619693754_normalized_1619693613_audio.mp3","external_download":false,"application":null,"channel":{"id":4894530,"permalink":"kirill-chepurnoj1","title":"CCTV","description":null,"followers_count":57,"following_count":0,"avatar_versions":{"template":"https://coub-anubis-a.akamaized.net/coub_storage/channel/cw_avatar/9696aa8d56f/d63e3b54491cca0f464d2/%{version}_1607988208_10czryu_1539869081_cropped.jpeg","versions":["medium","medium_2x","profile_pic","profile_pic_new","profile_pic_new_2x","tiny","tiny_2x","small","small_2x","ios_large","ios_small"]}},"file":null,"picture":"https://coub-anubis-a.akamaized.net/coub_storage/coub/simple/cw_image/7ad36ef43c2/af400ee2aae92071dcea0/med_1619693773_00025.jpg","timeline_picture":"https://coub-anubis-a.akamaized.net/coub_storage/coub/simple/cw_timeline_pic/93d46d49c83/018ed25f3e3f06ce3b15a/ios_large_1619693773_image.jpg","small_picture":"https://coub-anubis-a.akamaized.net/coub_storage/coub/simple/cw_image/7ad36ef43c2/af400ee2aae92071dcea0/ios_mosaic_1619693773_00025.jpg","sharing_picture":null,"percent_done":100,"tags":[{"id":25683,"title":"saint","value":"saint"},{"id":18775,"title":"angel","value":"angel"},{"id":1598861,"title":"tiktok","value":"tiktok"},{"id":1910,"title":"white","value":"white"},{"id":12035,"title":"cosplay","value":"cosplay"}],"categories":[{"id":16,"title":"Fashion & Beauty","permalink":"fashion","subscriptions_count":10059485,"big_image_url":"https://coub-anubis-a.akamaized.net/coub_storage/category/cw_image/503df3602c0/3bb25ae4face4a7c9a6f8/big_1544654169_Fashion.png","small_image_url":"https://coub-anubis-a.akamaized.net/coub_storage/category/cw_image/503df3602c0/3bb25ae4face4a7c9a6f8/small_1544654169_Fashion.png","med_image_url":"https://coub-anubis-a.akamaized.net/coub_storage/category/cw_image/503df3602c0/3bb25ae4face4a7c9a6f8/med_1544654169_Fashion.png","visible":true}],"communities":[{"id":16,"title":"Fashion & Beauty","permalink":"fashion","subscriptions_count":10059485,"big_image_url":"https://coub-anubis-a.akamaized.net/coub_storage/category/cw_image/503df3602c0/3bb25ae4face4a7c9a6f8/big_1544654169_Fashion.png","small_image_url":"https://coub-anubis-a.akamaized.net/coub_storage/category/cw_image/503df3602c0/3bb25ae4face4a7c9a6f8/small_1544654169_Fashion.png","med_image_url":"https://coub-anubis-a.akamaized.net/coub_storage/category/cw_image/503df3602c0/3bb25ae4face4a7c9a6f8/med_1544654169_Fashion.png","i_subscribed":true,"community_notifications_enabled":null,"description":null}],"recoubs_count":380,"remixes_count":0,"likes_count":2352,"dislikes_count":0,"raw_video_id":"","uploaded_by_ios_app":false,"uploaded_by_android_app":false,"media_blocks":{"uploaded_raw_videos":[],"external_raw_videos":[],"remixed_from_coubs":[{"id":38746123,"title":"Mу Dear⛅️","url":"https://coub.com/coubs/2rj80p/remix","image":"https://coub-anubis-a.akamaized.net/coub_storage/media_block/cw_image/e3976c98303/dc0af8fbf46589d63e947/video_1619615018_hm9t2h_1619615000_00025.jpg","image_retina":"https://coub-anubis-a.akamaized.net/coub_storage/media_block/cw_image/e3976c98303/dc0af8fbf46589d63e947/video_retina_1619615018_hm9t2h_1619615000_00025.jpg","meta":{"duration":"7.92"},"duration":null,"coub_channel_title":"NabbyFit","coub_channel_permalink":"nabbyfit","coub_views_count":245965,"coub_permalink":"2rj80p"}]},"raw_video_thumbnail_url":"","raw_video_title":"","video_block_banned":false,"duration":7.92,"promo_winner":false,"promo_winner_recoubers":null,"editorial_info":{},"promo_hint":null,"beeline_best_2014":null,"from_web_editor":true,"normalize_sound":true,"normalize_change_allowed":true,"best2015_addable":false,"ahmad_promo":null,"promo_data":null,"audio_copyright_claim":null,"ads_disabled":false,"is_safe_for_ads":true,"megafon_contents":[],"position_on_page":9},{"flag":null,"abuses":null,"recoubs_by_users_channels":null,"favourite":false,"promoted_id":null,"recoub":null,"like":null,"dislike":null,"reaction":null,"in_my_best2015":false,"id":160291454,"type":"Coub::Simple","permalink":"2n34hk","title":"Cyberpunk 2077  (Yugoro)","visibility_type":"public","original_visibility_type":"public","channel_id":391792,"created_at":"2020-12-22T14:31:39Z","updated_at":"2022-03-14T12:40:47Z","is_done":true,"views_count":168176,"cotd":null,"cotd_at":null,"visible_on_explore_root":true,"visible_on_explore":true,"featured":true,"published":true,"published_at":"2020-12-22T14:31:39Z","reversed":false,"from_editor_v2":true,"is_editable":true,"original_sound":false,"has_sound":false,"recoub_to":null,"file_versions":{"html5":{"video":{"higher":{"url":"https://coub-anubis-a.akamaized.net/coub_storage/coub/simple/cw_file/15cbde28738/b450006088cf2a431f12f/muted_mp4_huge_size_1608648170_muted_huge.mp4","size":2896968},"high":{"url":"https://coub-anubis-a.akamaized.net/coub_storage/coub/simple/cw_file/15cbde28738/b450006088cf2a431f12f/muted_mp4_big_size_1608648170_muted_big.mp4","size":2046653},"med":{"url":"https://coub-anubis-a.akamaized.net/coub_storage/coub/simple/cw_file/15cbde28738/b450006088cf2a431f12f/muted_mp4_med_size_1608648170_muted_med.mp4","size":593248}},"audio":{"high":{"url":"https://coub-anubis-a.akamaized.net/coub_storage/coub/simple/cw_looped_audio_high/1e5dbb00975/559e3bc7fd93a691793e0/1608648235_mp3-high.mp3","size":6100699},"med":{"url":"https://coub-anubis-a.akamaized.net/coub_storage/coub/simple/cw_looped_audio_med/d2af7692ec1/60f340520affdca5bdcef/1608648230_mp3-med.mp3","size":4237855}}},"mobile":{"video":"https://coub-anubis-a.akamaized.net/coub_storage/coub/simple/cw_file/15cbde28738/b450006088cf2a431f12f/muted_mp4_med_size_1608648170_muted_med.mp4","audio":["https://coub-anubis-a.akamaized.net/coub_storage/coub/simple/cw_looped_audio_med/d2af7692ec1/60f340520affdca5bdcef/1608648230_mp3-med.mp3"]},"share":{"default":"https://coub-anubis-a.akamaized.net/coub_storage/coub/simple/cw_video_for_sharing/39287ad2122/90a322b0c9f8851795496/1608648280_looped_1608648279.mp4"}},"audio_versions":{"template":"https://coub-anubis-a.akamaized.net/coub_storage/audio_track/cw_normalized_copy/e035330b944/ecd09668f355966a79dd4/mid_1608648209_normalized_1608648178_zclfqr_edited.mp3","versions":["mid","low"]},"image_versions":{"template":"https://coub-anubis-a.akamaized.net/coub_storage/coub/simple/cw_image/fbf15817c8b/9b84a44b00c2a08845182/%{version}_1608648244_00032.jpg","versions":["micro","tiny","age_restricted","ios_large","ios_mosaic","big","med","small","pinterest"]},"first_frame_versions":{"template":"https://coub-anubis-a.akamaized.net/coub_storage/coub/simple/cw_timeline_pic/40b101a8ab2/3938d90eca8a92babb838/%{version}_1608648243_image.jpg","versions":["big","med","small","ios_large"]},"dimensions":{"big":[1280,720],"med":[640,360]},"site_w_h":[640,360],"page_w_h":[640,360],"site_w_h_small":[310,174],"size":[1280,720],"age_restricted":false,"age_restricted_by_admin":false,"not_safe_for_work":false,"allow_reuse":false,"dont_crop":true,"banned":false,"global_safe":true,"audio_file_url":"https://coub-anubis-a.akamaized.net/coub_storage/audio_track/cw_normalized_copy/e035330b944/ecd09668f355966a79dd4/low_1608648209_normalized_1608648178_zclfqr_edited.mp3","external_download":{"type":"Youtube","service_name":"YouTube","url":"https://www.youtube.com/watch?v=SVCDL753c_o","has_embed":true},"application":null,"channel":{"id":391792,"permalink":"ras01rus","title":"RasdeX","description":null,"followers_count":190,"following_count":10,"avatar_versions":{"template":"https://coub-anubis-a.akamaized.net/coub_storage/channel/cw_avatar/6c416ae796b/f07e36598751b476138a2/%{version}_1481050239_84-mShNB1WM.jpg","versions":["medium","medium_2x","profile_pic","profile_pic_new","profile_pic_new_2x","tiny","tiny_2x","small","small_2x","ios_large","ios_small"]}},"file":null,"picture":"https://coub-anubis-a.akamaized.net/coub_storage/coub/simple/cw_image/fbf15817c8b/9b84a44b00c2a08845182/med_1608648244_00032.jpg","timeline_picture":"https://coub-anubis-a.akamaized.net/coub_storage/coub/simple/cw_timeline_pic/40b101a8ab2/3938d90eca8a92babb838/ios_large_1608648243_image.jpg","small_picture":"https://coub-anubis-a.akamaized.net/coub_storage/coub/simple/cw_image/fbf15817c8b/9b84a44b00c2a08845182/ios_mosaic_1608648244_00032.jpg","sharing_picture":null,"percent_done":100,"tags":[{"id":33595,"title":"cyberpunk","value":"cyberpunk"},{"id":33596,"title":"cyberpunk 2077","value":"cyberpunk%202077"},{"id":64148,"title":"cp","value":"cp"},{"id":4040815,"title":"cp77","value":"cp77"},{"id":4040816,"title":"cp2077","value":"cp2077"},{"id":33597,"title":"2077","value":"2077"},{"id":361185,"title":"2020","value":"2020"},{"id":5749376,"title":"night city wire","value":"night%20city%20wire"},{"id":9958,"title":"official","value":"official"},{"id":1781,"title":"new","value":"new"},{"id":12035,"title":"cosplay","value":"cosplay"},{"id":11409,"title":"contest","value":"contest"},{"id":67962,"title":"winners","value":"winners"},{"id":9967,"title":"video game","value":"video%20game"},{"id":1140,"title":"game","value":"game"},{"id":8122,"title":"rpg","value":"rpg"},{"id":4109,"title":"night city","value":"night%20city"},{"id":1351674,"title":"fpp","value":"fpp"},{"id":669446,"title":"cd projekt","value":"cd%20projekt"},{"id":33598,"title":"cd projekt red","value":"cd%20projekt%20red"},{"id":544128,"title":"cdpr","value":"cdpr"},{"id":458717,"title":"cd project","value":"cd%20project"},{"id":1329805,"title":"cd project red","value":"cd%20project%20red"},{"id":10005,"title":"xbox","value":"xbox"},{"id":28637,"title":"xbox one","value":"xbox%20one"},{"id":10017,"title":"playstation","value":"playstation"},{"id":37925,"title":"playstation 4","value":"playstation%204"},{"id":8538,"title":"ps4","value":"ps4"},{"id":10013,"title":"pc","value":"pc"},{"id":4788422,"title":"stadia","value":"stadia"}],"categories":[{"id":16,"title":"Fashion & Beauty","permalink":"fashion","subscriptions_count":10059485,"big_image_url":"https://coub-anubis-a.akamaized.net/coub_storage/category/cw_image/503df3602c0/3bb25ae4face4a7c9a6f8/big_1544654169_Fashion.png","small_image_url":"https://coub-anubis-a.akamaized.net/coub_storage/category/cw_image/503df3602c0/3bb25ae4face4a7c9a6f8/small_1544654169_Fashion.png","med_image_url":"https://coub-anubis-a.akamaized.net/coub_storage/category/cw_image/503df3602c0/3bb25ae4face4a7c9a6f8/med_1544654169_Fashion.png","visible":true}],"communities":[{"id":16,"title":"Fashion & Beauty","permalink":"fashion","subscriptions_count":10059485,"big_image_url":"https://coub-anubis-a.akamaized.net/coub_storage/category/cw_image/503df3602c0/3bb25ae4face4a7c9a6f8/big_1544654169_Fashion.png","small_image_url":"https://coub-anubis-a.akamaized.net/coub_storage/category/cw_image/503df3602c0/3bb25ae4face4a7c9a6f8/small_1544654169_Fashion.png","med_image_url":"https://coub-anubis-a.akamaized.net/coub_storage/category/cw_image/503df3602c0/3bb25ae4face4a7c9a6f8/med_1544654169_Fashion.png","i_subscribed":true,"community_notifications_enabled":null,"description":null}],"recoubs_count":372,"remixes_count":3,"likes_count":2352,"dislikes_count":0,"raw_video_id":15772215,"uploaded_by_ios_app":false,"uploaded_by_android_app":false,"media_blocks":{"uploaded_raw_videos":[],"external_raw_videos":[{"id":37197844,"title":"Cyberpunk 2077 — Cosplay Contest Grand Finale","url":"https://www.youtube.com/watch?v=SVCDL753c_o","image":"https://coub-anubis-a.akamaized.net/coub_storage/media_block/cw_image/b6709f9cb56/9c09e1640d4ef2ecb2339/1602778743_11b5i83_1602778454_1rdkquz_att-url-download.jpg","image_retina":"https://coub-anubis-a.akamaized.net/coub_storage/media_block/cw_image/b6709f9cb56/9c09e1640d4ef2ecb2339/1602778743_11b5i83_1602778454_1rdkquz_att-url-download.jpg","meta":{"service":"Youtube","duration":"1195.561"},"duration":1195.561,"raw_video_id":15772215,"has_embed":true}],"remixed_from_coubs":[],"external_video":{"id":37197844,"title":"Cyberpunk 2077 — Cosplay Contest Grand Finale","url":"https://www.youtube.com/watch?v=SVCDL753c_o","image":"https://coub-anubis-a.akamaized.net/coub_storage/media_block/cw_image/b6709f9cb56/9c09e1640d4ef2ecb2339/1602778743_11b5i83_1602778454_1rdkquz_att-url-download.jpg","image_retina":"https://coub-anubis-a.akamaized.net/coub_storage/media_block/cw_image/b6709f9cb56/9c09e1640d4ef2ecb2339/1602778743_11b5i83_1602778454_1rdkquz_att-url-download.jpg","meta":{"service":"Youtube","duration":"1195.561"},"duration":1195.561,"raw_video_id":15772215,"has_embed":true}},"raw_video_thumbnail_url":"/missing/missing.png","raw_video_title":"Cyberpunk 2077 — Cosplay Contest Grand Finale","video_block_banned":false,"duration":9.96,"promo_winner":false,"promo_winner_recoubers":null,"editorial_info":{},"promo_hint":null,"beeline_best_2014":null,"from_web_editor":true,"normalize_sound":true,"normalize_change_allowed":true,"best2015_addable":false,"ahmad_promo":null,"promo_data":null,"audio_copyright_claim":null,"ads_disabled":false,"is_safe_for_ads":true,"megafon_contents":[],"position_on_page":10}]}