{"page":328,"per_page":10,"total_pages":500,"coubs":[{"flag":null,"abuses":null,"recoubs_by_users_channels":null,"favourite":false,"promoted_id":null,"recoub":null,"like":null,"dislike":null,"reaction":null,"in_my_best2015":false,"id":109865486,"type":"Coub::Simple","permalink":"1t062b","title":"incredibly stupid, albeit fairly impressive","visibility_type":"public","original_visibility_type":"public","channel_id":3825955,"created_at":"2019-04-24T19:13:32Z","updated_at":"2022-03-17T22:47:12Z","is_done":true,"views_count":81238,"cotd":null,"cotd_at":null,"visible_on_explore_root":false,"visible_on_explore":false,"featured":false,"published":true,"published_at":"2019-04-24T19:13:32Z","reversed":false,"from_editor_v2":true,"is_editable":true,"original_sound":false,"has_sound":false,"recoub_to":null,"file_versions":{"html5":{"video":{"higher":{"url":"https://coub-anubis-a.akamaized.net/coub_storage/coub/simple/cw_file/5d965e8a0de/e7fbf6820c3279189e5e8/muted_mp4_huge_size_1569993541_muted_huge.mp4","size":1215457},"high":{"url":"https://coub-anubis-a.akamaized.net/coub_storage/coub/simple/cw_file/5d965e8a0de/e7fbf6820c3279189e5e8/muted_mp4_big_size_1569993541_muted_big.mp4","size":815340},"med":{"url":"https://coub-anubis-a.akamaized.net/coub_storage/coub/simple/cw_file/5d965e8a0de/e7fbf6820c3279189e5e8/muted_mp4_med_size_1569993541_muted_med.mp4","size":254804}},"audio":{"high":{"url":"https://coub-anubis-a.akamaized.net/coub_storage/coub/simple/cw_looped_audio_high/156c65863ed/a8f6cd7028d2cc712c48d/1605678757_high_1556133225_high.mp3","size":1781886},"med":{"url":"https://coub-anubis-a.akamaized.net/coub_storage/coub/simple/cw_looped_audio_med/3ff1988b20a/f7da5f603abf79dc49eea/1605678756_med_1556133225_med.mp3","size":1778072}}},"mobile":{"video":"https://coub-anubis-a.akamaized.net/coub_storage/coub/simple/cw_file/5d965e8a0de/e7fbf6820c3279189e5e8/muted_mp4_med_size_1569993541_muted_med.mp4","audio":["https://coub-anubis-a.akamaized.net/coub_storage/coub/simple/cw_looped_audio_med/3ff1988b20a/f7da5f603abf79dc49eea/1605678756_med_1556133225_med.mp3"]},"share":{"default":"https://coub-anubis-a.akamaized.net/coub_storage/coub/simple/cw_video_for_sharing/ffe4e2815a0/10cc509c7aa4142de955f/1647380125_looped_1647380121.mp4"}},"audio_versions":{"template":"https://coub-anubis-a.akamaized.net/coub_storage/audio_track/cw_file/59bc0f9914d/3a209a6ba1a681d4393c6/mid_1556133067_audio.mp3","versions":["mid","low"]},"image_versions":{"template":"https://coub-anubis-a.akamaized.net/coub_storage/coub/simple/cw_image/dbd9159b0c2/a48fbc88bb25b346395e7/1556133235_00032.jpg","versions":["micro","tiny","age_restricted","ios_large","ios_mosaic","big","med","small","pinterest"]},"first_frame_versions":{"template":"https://coub-anubis-a.akamaized.net/coub_storage/coub/simple/cw_timeline_pic/6d940784d7c/0a8325e820204c68eb4da/%{version}_1556133234_image.jpg","versions":["big","med","small","ios_large"]},"dimensions":{"big":[960,960],"med":[480,480]},"site_w_h":[400,400],"page_w_h":[400,400],"site_w_h_small":[310,310],"size":[960,960],"age_restricted":false,"age_restricted_by_admin":false,"not_safe_for_work":false,"allow_reuse":false,"dont_crop":false,"banned":false,"global_safe":true,"audio_file_url":"https://coub-anubis-a.akamaized.net/coub_storage/audio_track/cw_file/59bc0f9914d/3a209a6ba1a681d4393c6/low_1556133067_audio.mp3","external_download":false,"application":null,"channel":{"id":3825955,"permalink":"gergely-gyuricza","title":"Gergely Gyuricza","description":null,"followers_count":58,"following_count":18,"avatar_versions":{"template":"https://coub-anubis-a.akamaized.net/coub_storage/channel/cw_avatar/0e7fed046c0/01ee0773e329cc10362b9/%{version}_1608906293_1omhxus_1521845979_cropped.jpeg","versions":["medium","medium_2x","profile_pic","profile_pic_new","profile_pic_new_2x","tiny","tiny_2x","small","small_2x","ios_large","ios_small"]}},"file":null,"picture":"https://coub-anubis-a.akamaized.net/coub_storage/coub/simple/cw_image/dbd9159b0c2/a48fbc88bb25b346395e7/1556133235_00032.jpg","timeline_picture":"https://coub-anubis-a.akamaized.net/coub_storage/coub/simple/cw_timeline_pic/6d940784d7c/0a8325e820204c68eb4da/ios_large_1556133234_image.jpg","small_picture":"https://coub-anubis-a.akamaized.net/coub_storage/coub/simple/cw_image/dbd9159b0c2/a48fbc88bb25b346395e7/1556133235_00032.jpg","sharing_picture":null,"percent_done":100,"tags":[{"id":1173,"title":"car","value":"car"},{"id":2454,"title":"circle","value":"circle"},{"id":82314,"title":"fastandfurious","value":"fastandfurious"},{"id":495833,"title":"pulpfuction","value":"pulpfuction"},{"id":11572,"title":"drifting","value":"drifting"},{"id":2682520,"title":"likeaglove","value":"likeaglove"}],"categories":[{"id":75,"title":"Auto & Technique","permalink":"cars","subscriptions_count":10083456,"big_image_url":"https://coub-anubis-a.akamaized.net/coub_storage/category/cw_image/dcda24f72f3/076e0f1bc1028aa643b02/big_1545566648_Auto.png","small_image_url":"https://coub-anubis-a.akamaized.net/coub_storage/category/cw_image/dcda24f72f3/076e0f1bc1028aa643b02/small_1545566648_Auto.png","med_image_url":"https://coub-anubis-a.akamaized.net/coub_storage/category/cw_image/dcda24f72f3/076e0f1bc1028aa643b02/med_1545566648_Auto.png","visible":true}],"communities":[{"id":75,"title":"Auto & Technique","permalink":"cars","subscriptions_count":10083456,"big_image_url":"https://coub-anubis-a.akamaized.net/coub_storage/category/cw_image/dcda24f72f3/076e0f1bc1028aa643b02/big_1545566648_Auto.png","small_image_url":"https://coub-anubis-a.akamaized.net/coub_storage/category/cw_image/dcda24f72f3/076e0f1bc1028aa643b02/small_1545566648_Auto.png","med_image_url":"https://coub-anubis-a.akamaized.net/coub_storage/category/cw_image/dcda24f72f3/076e0f1bc1028aa643b02/med_1545566648_Auto.png","i_subscribed":true,"community_notifications_enabled":null,"description":null}],"recoubs_count":253,"remixes_count":0,"likes_count":1141,"dislikes_count":0,"raw_video_id":13599774,"uploaded_by_ios_app":false,"uploaded_by_android_app":true,"media_blocks":{"uploaded_raw_videos":[],"external_raw_videos":[],"remixed_from_coubs":[]},"raw_video_thumbnail_url":"/missing/missing.png","raw_video_title":null,"video_block_banned":false,"duration":10.0,"promo_winner":false,"promo_winner_recoubers":null,"editorial_info":{},"promo_hint":null,"beeline_best_2014":null,"from_web_editor":false,"normalize_sound":true,"normalize_change_allowed":true,"best2015_addable":false,"ahmad_promo":null,"promo_data":null,"audio_copyright_claim":null,"ads_disabled":false,"is_safe_for_ads":true,"megafon_contents":[],"position_on_page":1},{"flag":null,"abuses":null,"recoubs_by_users_channels":null,"favourite":false,"promoted_id":null,"recoub":null,"like":null,"dislike":null,"reaction":null,"in_my_best2015":false,"id":170461117,"type":"Coub::Simple","permalink":"2t53if","title":"The Stig","visibility_type":"public","original_visibility_type":"public","channel_id":11696512,"created_at":"2021-06-13T14:39:49Z","updated_at":"2022-03-05T20:59:31Z","is_done":true,"views_count":86767,"cotd":null,"cotd_at":null,"visible_on_explore_root":false,"visible_on_explore":false,"featured":false,"published":true,"published_at":"2021-06-13T14:39:49Z","reversed":false,"from_editor_v2":true,"is_editable":true,"original_sound":false,"has_sound":false,"recoub_to":null,"file_versions":{"html5":{"video":{"higher":{"url":"https://coub-anubis-a.akamaized.net/coub_storage/coub/simple/cw_file/fb15bcb310d/714b7629940b7bc361bf2/muted_mp4_huge_size_1623595197_muted_huge.mp4","size":1918351},"high":{"url":"https://coub-anubis-a.akamaized.net/coub_storage/coub/simple/cw_file/fb15bcb310d/714b7629940b7bc361bf2/muted_mp4_big_size_1623595197_muted_big.mp4","size":1260924},"med":{"url":"https://coub-anubis-a.akamaized.net/coub_storage/coub/simple/cw_file/fb15bcb310d/714b7629940b7bc361bf2/muted_mp4_med_size_1623595197_muted_med.mp4","size":388094}},"audio":{"high":{"url":"https://coub-anubis-a.akamaized.net/coub_storage/coub/simple/cw_looped_audio_high/db9519dd4c3/a4470e0f293bb5ada59f7/1623595218_mp3-high.mp3","size":3087628},"med":{"url":"https://coub-anubis-a.akamaized.net/coub_storage/coub/simple/cw_looped_audio_med/5b4aaa471cf/45276eaa0bda4a99c4743/1623595216_mp3-med.mp3","size":2389003}}},"mobile":{"video":"https://coub-anubis-a.akamaized.net/coub_storage/coub/simple/cw_file/fb15bcb310d/714b7629940b7bc361bf2/muted_mp4_med_size_1623595197_muted_med.mp4","audio":["https://coub-anubis-a.akamaized.net/coub_storage/coub/simple/cw_looped_audio_med/5b4aaa471cf/45276eaa0bda4a99c4743/1623595216_mp3-med.mp3"]},"share":{"default":"https://coub-anubis-a.akamaized.net/coub_storage/coub/simple/cw_video_for_sharing/b9e2907fc4a/ec92437d84e85b9599e93/1623595246_looped_1623595245.mp4"}},"audio_versions":{"template":"https://coub-anubis-a.akamaized.net/coub_storage/audio_track/cw_file/3d5e11d94cb/80caeff0ba29794784d02/mid_1623595200_ojxmul_edited.mp3","versions":["mid","low"]},"image_versions":{"template":"https://coub-anubis-a.akamaized.net/coub_storage/coub/simple/cw_image/dc63e6717bd/5e4a0e054a8edc757961d/%{version}_1623595223_00019.jpg","versions":["micro","tiny","age_restricted","ios_large","ios_mosaic","big","med","small","pinterest"]},"first_frame_versions":{"template":"https://coub-anubis-a.akamaized.net/coub_storage/coub/simple/cw_timeline_pic/bc73850b057/aa9a7fc36c19dcdd0b7d5/%{version}_1623595222_image.jpg","versions":["big","med","small","ios_large"]},"dimensions":{"big":[1280,720],"med":[640,360]},"site_w_h":[640,360],"page_w_h":[640,360],"site_w_h_small":[310,174],"size":[1280,720],"age_restricted":false,"age_restricted_by_admin":false,"not_safe_for_work":null,"allow_reuse":false,"dont_crop":true,"banned":false,"global_safe":null,"audio_file_url":"https://coub-anubis-a.akamaized.net/coub_storage/audio_track/cw_file/3d5e11d94cb/80caeff0ba29794784d02/low_1623595200_ojxmul_edited.mp3","external_download":false,"application":null,"channel":{"id":11696512,"permalink":"onlygodnota","title":"OnlyGodnota","description":null,"followers_count":4,"following_count":11,"avatar_versions":{"template":"https://coubsecureassets-a.akamaihd.net/assets/default-avatars/322-4d1d05e5557886746c2a39523892e74c3617f703f64047a81c0480878d134afd.png"}},"file":null,"picture":"https://coub-anubis-a.akamaized.net/coub_storage/coub/simple/cw_image/dc63e6717bd/5e4a0e054a8edc757961d/med_1623595223_00019.jpg","timeline_picture":"https://coub-anubis-a.akamaized.net/coub_storage/coub/simple/cw_timeline_pic/bc73850b057/aa9a7fc36c19dcdd0b7d5/ios_large_1623595222_image.jpg","small_picture":"https://coub-anubis-a.akamaized.net/coub_storage/coub/simple/cw_image/dc63e6717bd/5e4a0e054a8edc757961d/ios_mosaic_1623595223_00019.jpg","sharing_picture":null,"percent_done":100,"tags":[{"id":10217,"title":"stig","value":"stig"},{"id":115772,"title":"the stig","value":"the%20stig"},{"id":3200,"title":"top gear","value":"top%20gear"},{"id":7649,"title":"f1","value":"f1"},{"id":38430,"title":"formula 1","value":"formula%201"},{"id":1816,"title":"face","value":"face"},{"id":2846,"title":"bbc","value":"bbc"}],"categories":[{"id":75,"title":"Auto & Technique","permalink":"cars","subscriptions_count":10083456,"big_image_url":"https://coub-anubis-a.akamaized.net/coub_storage/category/cw_image/dcda24f72f3/076e0f1bc1028aa643b02/big_1545566648_Auto.png","small_image_url":"https://coub-anubis-a.akamaized.net/coub_storage/category/cw_image/dcda24f72f3/076e0f1bc1028aa643b02/small_1545566648_Auto.png","med_image_url":"https://coub-anubis-a.akamaized.net/coub_storage/category/cw_image/dcda24f72f3/076e0f1bc1028aa643b02/med_1545566648_Auto.png","visible":true}],"communities":[{"id":75,"title":"Auto & Technique","permalink":"cars","subscriptions_count":10083456,"big_image_url":"https://coub-anubis-a.akamaized.net/coub_storage/category/cw_image/dcda24f72f3/076e0f1bc1028aa643b02/big_1545566648_Auto.png","small_image_url":"https://coub-anubis-a.akamaized.net/coub_storage/category/cw_image/dcda24f72f3/076e0f1bc1028aa643b02/small_1545566648_Auto.png","med_image_url":"https://coub-anubis-a.akamaized.net/coub_storage/category/cw_image/dcda24f72f3/076e0f1bc1028aa643b02/med_1545566648_Auto.png","i_subscribed":true,"community_notifications_enabled":null,"description":null}],"recoubs_count":170,"remixes_count":0,"likes_count":1140,"dislikes_count":0,"raw_video_id":"","uploaded_by_ios_app":false,"uploaded_by_android_app":false,"media_blocks":{"uploaded_raw_videos":[],"external_raw_videos":[],"remixed_from_coubs":[{"id":36682735,"title":"The Stig","url":"https://coub.com/coubs/2i0xj8/remix","image":"https://coub-anubis-a.akamaized.net/coub_storage/media_block/cw_image/47e11a3926f/ab5c5896dbd5d027c63fc/1597482948_1e7mohv_1597482922_00032.jpg","image_retina":"https://coub-anubis-a.akamaized.net/coub_storage/media_block/cw_image/47e11a3926f/ab5c5896dbd5d027c63fc/1597482948_1e7mohv_1597482922_00032.jpg","meta":{"duration":"10.04"},"duration":null,"coub_channel_title":"SODHAN","coub_channel_permalink":"sodhan00","coub_views_count":118096,"coub_permalink":"2i0xj8"}]},"raw_video_thumbnail_url":"","raw_video_title":"","video_block_banned":false,"duration":6.0,"promo_winner":false,"promo_winner_recoubers":null,"editorial_info":{},"promo_hint":null,"beeline_best_2014":null,"from_web_editor":true,"normalize_sound":false,"normalize_change_allowed":true,"best2015_addable":false,"ahmad_promo":null,"promo_data":null,"audio_copyright_claim":null,"ads_disabled":null,"is_safe_for_ads":true,"megafon_contents":[],"position_on_page":2},{"flag":null,"abuses":null,"recoubs_by_users_channels":null,"favourite":false,"promoted_id":null,"recoub":null,"like":null,"dislike":null,"reaction":null,"in_my_best2015":false,"id":157676854,"type":"Coub::Simple","permalink":"2lj313","title":"старый VW Passat ","visibility_type":"public","original_visibility_type":"public","channel_id":5092290,"created_at":"2020-11-11T19:53:49Z","updated_at":"2022-03-17T20:19:00Z","is_done":true,"views_count":91002,"cotd":null,"cotd_at":null,"visible_on_explore_root":false,"visible_on_explore":false,"featured":false,"published":true,"published_at":"2020-11-11T19:53:49Z","reversed":false,"from_editor_v2":true,"is_editable":true,"original_sound":true,"has_sound":true,"recoub_to":null,"file_versions":{"html5":{"video":{"higher":{"url":"https://coub-anubis-a.akamaized.net/coub_storage/coub/simple/cw_file/f9e638427d2/d4ea08b9232ecfd4d2b0f/muted_mp4_huge_size_1605124490_muted_huge.mp4","size":6853433},"high":{"url":"https://coub-anubis-a.akamaized.net/coub_storage/coub/simple/cw_file/f9e638427d2/d4ea08b9232ecfd4d2b0f/muted_mp4_big_size_1605124490_muted_big.mp4","size":5176026},"med":{"url":"https://coub-anubis-a.akamaized.net/coub_storage/coub/simple/cw_file/f9e638427d2/d4ea08b9232ecfd4d2b0f/muted_mp4_med_size_1605124490_muted_med.mp4","size":1178306}},"audio":{"high":{"url":"https://coub-anubis-a.akamaized.net/coub_storage/coub/simple/cw_looped_audio_high/7a12b6feac1/19b7ce4139d782e620e2f/1605124493_mp3-high.mp3","size":1136915},"med":{"url":"https://coub-anubis-a.akamaized.net/coub_storage/coub/simple/cw_looped_audio_med/def7bc42a7c/a02a468b0fed522f42edd/1605124492_mp3-med.mp3","size":796053},"sample_duration":10.008}},"mobile":{"video":"https://coub-anubis-a.akamaized.net/coub_storage/coub/simple/cw_file/f9e638427d2/d4ea08b9232ecfd4d2b0f/muted_mp4_med_size_1605124490_muted_med.mp4","audio":["https://coub-anubis-a.akamaized.net/coub_storage/coub/simple/cw_looped_audio_med/def7bc42a7c/a02a468b0fed522f42edd/1605124492_mp3-med.mp3"]},"share":{"default":"https://coub-anubis-a.akamaized.net/coub_storage/coub/simple/cw_video_for_sharing/eaa163d1bf4/5cfcdfded3a5b7e5b410a/1608495645_looped_1608495643.mp4"}},"audio_versions":{},"image_versions":{"template":"https://coub-anubis-a.akamaized.net/coub_storage/coub/simple/cw_image/1808553e9ef/055cfce9a78c25b2862bc/1605124505_00032.jpg","versions":["micro","tiny","age_restricted","ios_large","ios_mosaic","big","med","small","pinterest"]},"first_frame_versions":{"template":"https://coub-anubis-a.akamaized.net/coub_storage/coub/simple/cw_timeline_pic/e7853c14c35/16cd1ab4be7324af6cf7b/%{version}_1605124503_image.jpg","versions":["big","med","small","ios_large"]},"dimensions":{"big":[1280,720],"med":[640,360]},"site_w_h":[640,360],"page_w_h":[640,360],"site_w_h_small":[310,174],"size":[1280,720],"age_restricted":false,"age_restricted_by_admin":false,"not_safe_for_work":false,"allow_reuse":false,"dont_crop":true,"banned":false,"global_safe":false,"audio_file_url":null,"external_download":{"type":"Youtube","service_name":"YouTube","url":"https://youtu.be/HFxSlw9EHWY","has_embed":true},"application":null,"channel":{"id":5092290,"permalink":"dmitrij-goto-hoij--e","title":"Dmitriy Goto-Hoiy-Ee","description":null,"followers_count":42,"following_count":12,"avatar_versions":{"template":"https://coub-anubis-a.akamaized.net/coub_storage/channel/cw_avatar/9d563723b59/3f319f2ca2c5ddfb64a36/%{version}_1607421545_1cgfw02_1569169837_5j_70UEfBMU.jpg","versions":["medium","medium_2x","profile_pic","profile_pic_new","profile_pic_new_2x","tiny","tiny_2x","small","small_2x","ios_large","ios_small"]}},"file":null,"picture":"https://coub-anubis-a.akamaized.net/coub_storage/coub/simple/cw_image/1808553e9ef/055cfce9a78c25b2862bc/1605124505_00032.jpg","timeline_picture":"https://coub-anubis-a.akamaized.net/coub_storage/coub/simple/cw_timeline_pic/e7853c14c35/16cd1ab4be7324af6cf7b/ios_large_1605124503_image.jpg","small_picture":"https://coub-anubis-a.akamaized.net/coub_storage/coub/simple/cw_image/1808553e9ef/055cfce9a78c25b2862bc/1605124505_00032.jpg","sharing_picture":null,"percent_done":100,"tags":[],"categories":[{"id":75,"title":"Auto & Technique","permalink":"cars","subscriptions_count":10083456,"big_image_url":"https://coub-anubis-a.akamaized.net/coub_storage/category/cw_image/dcda24f72f3/076e0f1bc1028aa643b02/big_1545566648_Auto.png","small_image_url":"https://coub-anubis-a.akamaized.net/coub_storage/category/cw_image/dcda24f72f3/076e0f1bc1028aa643b02/small_1545566648_Auto.png","med_image_url":"https://coub-anubis-a.akamaized.net/coub_storage/category/cw_image/dcda24f72f3/076e0f1bc1028aa643b02/med_1545566648_Auto.png","visible":true}],"communities":[{"id":75,"title":"Auto & Technique","permalink":"cars","subscriptions_count":10083456,"big_image_url":"https://coub-anubis-a.akamaized.net/coub_storage/category/cw_image/dcda24f72f3/076e0f1bc1028aa643b02/big_1545566648_Auto.png","small_image_url":"https://coub-anubis-a.akamaized.net/coub_storage/category/cw_image/dcda24f72f3/076e0f1bc1028aa643b02/small_1545566648_Auto.png","med_image_url":"https://coub-anubis-a.akamaized.net/coub_storage/category/cw_image/dcda24f72f3/076e0f1bc1028aa643b02/med_1545566648_Auto.png","i_subscribed":true,"community_notifications_enabled":null,"description":null}],"recoubs_count":206,"remixes_count":1,"likes_count":1140,"dislikes_count":0,"raw_video_id":15861908,"uploaded_by_ios_app":false,"uploaded_by_android_app":true,"media_blocks":{"uploaded_raw_videos":[],"external_raw_videos":[{"id":37421718,"title":"Когда реально страшно! 600hp Разгон на старом VW Passat b5 vr6 turbo Ecumaster EMU","url":"https://www.youtube.com/watch?v=HFxSlw9EHWY","image":null,"image_retina":null,"meta":{"service":"Youtube","duration":"182.12"},"duration":182.12,"raw_video_id":15861908,"has_embed":true}],"remixed_from_coubs":[],"external_video":{"id":37421718,"title":"Когда реально страшно! 600hp Разгон на старом VW Passat b5 vr6 turbo Ecumaster EMU","url":"https://www.youtube.com/watch?v=HFxSlw9EHWY","image":null,"image_retina":null,"meta":{"service":"Youtube","duration":"182.12"},"duration":182.12,"raw_video_id":15861908,"has_embed":true}},"raw_video_thumbnail_url":"/missing/missing.png","raw_video_title":"Когда реально страшно! 600hp Разгон на старом VW Passat b5 vr6 turbo Ecumaster EMU","video_block_banned":false,"duration":10.0,"promo_winner":false,"promo_winner_recoubers":null,"editorial_info":{},"promo_hint":null,"beeline_best_2014":null,"from_web_editor":false,"normalize_sound":true,"normalize_change_allowed":true,"best2015_addable":false,"ahmad_promo":null,"promo_data":null,"audio_copyright_claim":null,"ads_disabled":false,"is_safe_for_ads":true,"megafon_contents":[],"position_on_page":3},{"flag":null,"abuses":null,"recoubs_by_users_channels":null,"favourite":false,"promoted_id":null,"recoub":null,"like":null,"dislike":null,"reaction":null,"in_my_best2015":false,"id":94898502,"type":"Coub::Simple","permalink":"1k3ddu","title":"Initial D - Deja Vu","visibility_type":"public","original_visibility_type":"public","channel_id":917962,"created_at":"2018-12-18T22:15:11Z","updated_at":"2022-03-15T23:50:06Z","is_done":true,"views_count":88931,"cotd":null,"cotd_at":null,"visible_on_explore_root":false,"visible_on_explore":false,"featured":false,"published":true,"published_at":"2018-12-18T22:15:11Z","reversed":false,"from_editor_v2":true,"is_editable":true,"original_sound":false,"has_sound":false,"recoub_to":null,"file_versions":{"html5":{"video":{"higher":{"url":"https://coub-anubis-a.akamaized.net/coub_storage/coub/simple/cw_file/34493137760/1bd7ef712da5b10d36729/muted_mp4_huge_size_1572533292_muted_huge.mp4","size":5307251},"high":{"url":"https://coub-anubis-a.akamaized.net/coub_storage/coub/simple/cw_file/34493137760/1bd7ef712da5b10d36729/muted_mp4_big_size_1572533292_muted_big.mp4","size":4331883},"med":{"url":"https://coub-anubis-a.akamaized.net/coub_storage/coub/simple/cw_file/34493137760/1bd7ef712da5b10d36729/muted_mp4_med_size_1572533292_muted_med.mp4","size":1130432}},"audio":{"high":{"url":"https://coub-anubis-a.akamaized.net/coub_storage/coub/simple/cw_looped_audio_high/0df3155dec6/bcb037a201b0fdb63ab46/1605662111_high_1545171367_high.mp3","size":4366546},"med":{"url":"https://coub-anubis-a.akamaized.net/coub_storage/coub/simple/cw_looped_audio_med/7d15f817ad0/21db8e3665fbc3bd6bf9b/1605662110_med_1545171367_med.mp3","size":3198334}}},"mobile":{"video":"https://coub-anubis-a.akamaized.net/coub_storage/coub/simple/cw_file/34493137760/1bd7ef712da5b10d36729/muted_mp4_med_size_1572533292_muted_med.mp4","audio":["https://coub-anubis-a.akamaized.net/coub_storage/coub/simple/cw_looped_audio_med/7d15f817ad0/21db8e3665fbc3bd6bf9b/1605662110_med_1545171367_med.mp3"]},"share":{"default":"https://coub-anubis-a.akamaized.net/coub_storage/coub/simple/cw_video_for_sharing/a0732e0b2a0/552ca0efe12beafbdb708/1615621617_looped_1615621616.mp4"}},"audio_versions":{"template":"https://coub-anubis-a.akamaized.net/coub_storage/audio_track/cw_normalized_copy/5ca901929c4/98b266bc6b5606e4bd2f2/mid_1545171350_normalized_1545171326_nxmnn2_edited.mp3","versions":["mid","low"]},"image_versions":{"template":"https://coub-anubis-a.akamaized.net/coub_storage/coub/simple/cw_image/95649e1e2b0/b6b99459a565c0adfaa29/1545171384_00032.jpg","versions":["micro","tiny","age_restricted","ios_large","ios_mosaic","big","med","small","pinterest"]},"first_frame_versions":{"template":"https://coub-anubis-a.akamaized.net/coub_storage/coub/simple/cw_timeline_pic/9f6ec4b3823/08ee11ce5de4d9ed4e3d1/1545171383_image.jpg","versions":["big","med","small","ios_large"]},"dimensions":{"big":[1280,720],"med":[640,360]},"site_w_h":[640,360],"page_w_h":[640,360],"site_w_h_small":[310,174],"size":[1280,720],"age_restricted":false,"age_restricted_by_admin":false,"not_safe_for_work":false,"allow_reuse":false,"dont_crop":false,"banned":false,"global_safe":true,"audio_file_url":"https://coub-anubis-a.akamaized.net/coub_storage/audio_track/cw_normalized_copy/5ca901929c4/98b266bc6b5606e4bd2f2/low_1545171350_normalized_1545171326_nxmnn2_edited.mp3","external_download":false,"application":null,"channel":{"id":917962,"permalink":"roxanisen","title":"Roxanisen","description":"Just Roxanisen`s channel =)","followers_count":64,"following_count":12,"avatar_versions":{"template":"https://coub-anubis-a.akamaized.net/coub_storage/channel/cw_avatar/ceccbae04c8/8166d910d05880142dcc8/%{version}_1543434090_0_2ed2d_725dfa01_XL.jpg","versions":["medium","medium_2x","profile_pic","profile_pic_new","profile_pic_new_2x","tiny","tiny_2x","small","small_2x","ios_large","ios_small"]}},"file":null,"picture":"https://coub-anubis-a.akamaized.net/coub_storage/coub/simple/cw_image/95649e1e2b0/b6b99459a565c0adfaa29/1545171384_00032.jpg","timeline_picture":"https://coub-anubis-a.akamaized.net/coub_storage/coub/simple/cw_timeline_pic/9f6ec4b3823/08ee11ce5de4d9ed4e3d1/1545171383_image.jpg","small_picture":"https://coub-anubis-a.akamaized.net/coub_storage/coub/simple/cw_image/95649e1e2b0/b6b99459a565c0adfaa29/1545171384_00032.jpg","sharing_picture":null,"percent_done":100,"tags":[{"id":4510360,"title":"t-34 (invention)","value":"t-34%20(invention)"},{"id":16053,"title":"tank","value":"tank"},{"id":180006,"title":"soviet tank","value":"soviet%20tank"},{"id":617527,"title":"t-34-85","value":"t-34-85"},{"id":2945522,"title":"red army (armed force)","value":"red%20army%20(armed%20force)"},{"id":2946491,"title":"soviet union (country)","value":"soviet%20union%20(country)"},{"id":2139,"title":"ussr","value":"ussr"},{"id":195,"title":"russia","value":"russia"},{"id":117564,"title":"uralvagonzavod","value":"uralvagonzavod"},{"id":117563,"title":"uvz","value":"uvz"},{"id":4510396,"title":"tank factory no. 183","value":"tank%20factory%20no.%20183"},{"id":20170,"title":"wwii","value":"wwii"},{"id":1563,"title":"ww2","value":"ww2"},{"id":117562,"title":"nizhny tagil","value":"nizhny%20tagil"},{"id":176927,"title":"уралвагонзавод","value":"%D1%83%D1%80%D0%B0%D0%BB%D0%B2%D0%B0%D0%B3%D0%BE%D0%BD%D0%B7%D0%B0%D0%B2%D0%BE%D0%B4"},{"id":748677,"title":"увз","value":"%D1%83%D0%B2%D0%B7"},{"id":4510397,"title":"завод №183","value":"%D0%B7%D0%B0%D0%B2%D0%BE%D0%B4%20%E2%84%96183"},{"id":693177,"title":"средний танк","value":"%D1%81%D1%80%D0%B5%D0%B4%D0%BD%D0%B8%D0%B9%20%D1%82%D0%B0%D0%BD%D0%BA"},{"id":4510398,"title":"«тридцатьчетверка»","value":"%C2%AB%D1%82%D1%80%D0%B8%D0%B4%D1%86%D0%B0%D1%82%D1%8C%D1%87%D0%B5%D1%82%D0%B2%D0%B5%D1%80%D0%BA%D0%B0%C2%BB"},{"id":4510399,"title":"советский танк победы","value":"%D1%81%D0%BE%D0%B2%D0%B5%D1%82%D1%81%D0%BA%D0%B8%D0%B9%20%D1%82%D0%B0%D0%BD%D0%BA%20%D0%BF%D0%BE%D0%B1%D0%B5%D0%B4%D1%8B"},{"id":1877151,"title":"initial d - deja vu","value":"initial%20d%20-%20deja%20vu"},{"id":177959,"title":"deja vu","value":"deja%20vu"},{"id":16858,"title":"initial d","value":"initial%20d"},{"id":62415,"title":"dejavu","value":"dejavu"},{"id":329587,"title":"дежавю","value":"%D0%B4%D0%B5%D0%B6%D0%B0%D0%B2%D1%8E"}],"categories":[{"id":75,"title":"Auto & Technique","permalink":"cars","subscriptions_count":10083456,"big_image_url":"https://coub-anubis-a.akamaized.net/coub_storage/category/cw_image/dcda24f72f3/076e0f1bc1028aa643b02/big_1545566648_Auto.png","small_image_url":"https://coub-anubis-a.akamaized.net/coub_storage/category/cw_image/dcda24f72f3/076e0f1bc1028aa643b02/small_1545566648_Auto.png","med_image_url":"https://coub-anubis-a.akamaized.net/coub_storage/category/cw_image/dcda24f72f3/076e0f1bc1028aa643b02/med_1545566648_Auto.png","visible":true}],"communities":[{"id":75,"title":"Auto & Technique","permalink":"cars","subscriptions_count":10083456,"big_image_url":"https://coub-anubis-a.akamaized.net/coub_storage/category/cw_image/dcda24f72f3/076e0f1bc1028aa643b02/big_1545566648_Auto.png","small_image_url":"https://coub-anubis-a.akamaized.net/coub_storage/category/cw_image/dcda24f72f3/076e0f1bc1028aa643b02/small_1545566648_Auto.png","med_image_url":"https://coub-anubis-a.akamaized.net/coub_storage/category/cw_image/dcda24f72f3/076e0f1bc1028aa643b02/med_1545566648_Auto.png","i_subscribed":true,"community_notifications_enabled":null,"description":null}],"recoubs_count":172,"remixes_count":3,"likes_count":1140,"dislikes_count":0,"raw_video_id":"","uploaded_by_ios_app":false,"uploaded_by_android_app":false,"media_blocks":{"uploaded_raw_videos":[],"external_raw_videos":[],"remixed_from_coubs":[{"id":29481489,"title":"T-34-85 (завод №183) 2","url":"https://coub.com/coubs/1jjwsv/remix","image":"https://coub-anubis-a.akamaized.net/coub_storage/media_block/cw_image/d79dfb9fab8/f1bae6f2c3855faf16c3f/1544460566_1y7yhcs_1544460552_00032.jpg","image_retina":"https://coub-anubis-a.akamaized.net/coub_storage/media_block/cw_image/d79dfb9fab8/f1bae6f2c3855faf16c3f/1544460566_1y7yhcs_1544460552_00032.jpg","meta":{"duration":"10.0"},"duration":null,"coub_channel_title":"Mikhail Drozdov","coub_channel_permalink":"mikhail-drozdov5","coub_views_count":55910,"coub_permalink":"1jjwsv"}]},"raw_video_thumbnail_url":"","raw_video_title":"","video_block_banned":false,"duration":10.0,"promo_winner":false,"promo_winner_recoubers":null,"editorial_info":{},"promo_hint":null,"beeline_best_2014":null,"from_web_editor":true,"normalize_sound":true,"normalize_change_allowed":true,"best2015_addable":false,"ahmad_promo":null,"promo_data":null,"audio_copyright_claim":null,"ads_disabled":false,"is_safe_for_ads":true,"megafon_contents":[],"position_on_page":4},{"flag":null,"abuses":null,"recoubs_by_users_channels":null,"favourite":false,"promoted_id":null,"recoub":null,"like":null,"dislike":null,"reaction":null,"in_my_best2015":false,"id":183388325,"type":"Coub::Simple","permalink":"30udzz","title":"Crazy Rocketman: Riding the \"Beast\" jet engine go kart.","visibility_type":"public","original_visibility_type":"public","channel_id":536408,"created_at":"2022-03-02T09:28:01Z","updated_at":"2022-03-18T06:18:01Z","is_done":true,"views_count":94719,"cotd":null,"cotd_at":null,"visible_on_explore_root":true,"visible_on_explore":true,"featured":true,"published":true,"published_at":"2022-03-02T09:28:01Z","reversed":false,"from_editor_v2":true,"is_editable":true,"original_sound":false,"has_sound":false,"recoub_to":null,"file_versions":{"html5":{"video":{"higher":{"url":"https://coub-anubis-a.akamaized.net/coub_storage/coub/simple/cw_file/46d043e3ae2/35c3ed1c6f64c2da8cba7/muted_mp4_huge_size_1646213317_muted_huge.mp4","size":4057894},"high":{"url":"https://coub-anubis-a.akamaized.net/coub_storage/coub/simple/cw_file/46d043e3ae2/35c3ed1c6f64c2da8cba7/muted_mp4_big_size_1646213317_muted_big.mp4","size":2636744},"med":{"url":"https://coub-anubis-a.akamaized.net/coub_storage/coub/simple/cw_file/46d043e3ae2/35c3ed1c6f64c2da8cba7/muted_mp4_med_size_1646213317_muted_med.mp4","size":765160}},"audio":{"high":{"url":"https://coub-anubis-a.akamaized.net/coub_storage/coub/simple/cw_looped_audio_high/7745bdacd9a/3c9e681165a0ea523e2dd/1646213345_mp3-high.mp3","size":4389251},"med":{"url":"https://coub-anubis-a.akamaized.net/coub_storage/coub/simple/cw_looped_audio_med/cc6e15a7ef0/9876e43095b7e2df1290e/1646213342_mp3-med.mp3","size":3440143}}},"mobile":{"video":"https://coub-anubis-a.akamaized.net/coub_storage/coub/simple/cw_file/46d043e3ae2/35c3ed1c6f64c2da8cba7/muted_mp4_med_size_1646213317_muted_med.mp4","audio":["https://coub-anubis-a.akamaized.net/coub_storage/coub/simple/cw_looped_audio_med/cc6e15a7ef0/9876e43095b7e2df1290e/1646213342_mp3-med.mp3"]},"share":{"default":"https://coub-anubis-a.akamaized.net/coub_storage/coub/simple/cw_video_for_sharing/7a2b28ec2ee/be56e7d264f2ffe1d22e6/1646213377_looped_1646213376.mp4"}},"audio_versions":{"template":"https://coub-anubis-a.akamaized.net/coub_storage/audio_track/cw_normalized_copy/e6153b33c21/34e7fd781a1caa6b8bd19/mid_1646213328_normalized_1646213109_audio.mp3","versions":["mid","low"]},"image_versions":{"template":"https://coub-anubis-a.akamaized.net/coub_storage/coub/simple/cw_image/c4ca984c0ae/c39a4ef39eca2892977a4/%{version}_1646213351_00032.jpg","versions":["micro","tiny","age_restricted","ios_large","ios_mosaic","big","med","small","pinterest"]},"first_frame_versions":{"template":"https://coub-anubis-a.akamaized.net/coub_storage/coub/simple/cw_timeline_pic/a7caa4d51b2/433f4f149dbcf7d9baa0b/%{version}_1646213350_image.jpg","versions":["big","med","small","ios_large"]},"dimensions":{"big":[1280,720],"med":[640,360]},"site_w_h":[640,360],"page_w_h":[640,360],"site_w_h_small":[310,174],"size":[1280,720],"age_restricted":false,"age_restricted_by_admin":false,"not_safe_for_work":false,"allow_reuse":false,"dont_crop":true,"banned":false,"global_safe":true,"audio_file_url":"https://coub-anubis-a.akamaized.net/coub_storage/audio_track/cw_normalized_copy/e6153b33c21/34e7fd781a1caa6b8bd19/low_1646213328_normalized_1646213109_audio.mp3","external_download":{"type":"Youtube","service_name":"YouTube","url":"https://www.youtube.com/watch?v=gAKekhmTRaY","has_embed":true},"application":null,"channel":{"id":536408,"permalink":"dezso.boldog","title":"DezBo","description":"The Almighty Answer to the Meaning of Life, the Universe, and Everything.","followers_count":25910,"following_count":442,"avatar_versions":{"template":"https://coub-anubis-a.akamaized.net/coub_storage/channel/cw_avatar/791bf3f12f3/01385d22b24700d14525c/%{version}_1585391713_1f5b511e52cfb5bb2317951a5f99f32a.jpg","versions":["medium","medium_2x","profile_pic","profile_pic_new","profile_pic_new_2x","tiny","tiny_2x","small","small_2x","ios_large","ios_small"]}},"file":null,"picture":"https://coub-anubis-a.akamaized.net/coub_storage/coub/simple/cw_image/c4ca984c0ae/c39a4ef39eca2892977a4/med_1646213351_00032.jpg","timeline_picture":"https://coub-anubis-a.akamaized.net/coub_storage/coub/simple/cw_timeline_pic/a7caa4d51b2/433f4f149dbcf7d9baa0b/ios_large_1646213350_image.jpg","small_picture":"https://coub-anubis-a.akamaized.net/coub_storage/coub/simple/cw_image/c4ca984c0ae/c39a4ef39eca2892977a4/ios_mosaic_1646213351_00032.jpg","sharing_picture":null,"percent_done":100,"tags":[{"id":4159,"title":"acdc","value":"acdc"},{"id":136610,"title":"born to be wild","value":"born%20to%20be%20wild"},{"id":6760919,"title":"crazy rocketman","value":"crazy%20rocketman"}],"categories":[{"id":75,"title":"Auto & Technique","permalink":"cars","subscriptions_count":10083456,"big_image_url":"https://coub-anubis-a.akamaized.net/coub_storage/category/cw_image/dcda24f72f3/076e0f1bc1028aa643b02/big_1545566648_Auto.png","small_image_url":"https://coub-anubis-a.akamaized.net/coub_storage/category/cw_image/dcda24f72f3/076e0f1bc1028aa643b02/small_1545566648_Auto.png","med_image_url":"https://coub-anubis-a.akamaized.net/coub_storage/category/cw_image/dcda24f72f3/076e0f1bc1028aa643b02/med_1545566648_Auto.png","visible":true}],"communities":[{"id":75,"title":"Auto & Technique","permalink":"cars","subscriptions_count":10083456,"big_image_url":"https://coub-anubis-a.akamaized.net/coub_storage/category/cw_image/dcda24f72f3/076e0f1bc1028aa643b02/big_1545566648_Auto.png","small_image_url":"https://coub-anubis-a.akamaized.net/coub_storage/category/cw_image/dcda24f72f3/076e0f1bc1028aa643b02/small_1545566648_Auto.png","med_image_url":"https://coub-anubis-a.akamaized.net/coub_storage/category/cw_image/dcda24f72f3/076e0f1bc1028aa643b02/med_1545566648_Auto.png","i_subscribed":true,"community_notifications_enabled":null,"description":null}],"recoubs_count":220,"remixes_count":0,"likes_count":1139,"dislikes_count":0,"raw_video_id":17148716,"uploaded_by_ios_app":false,"uploaded_by_android_app":false,"media_blocks":{"uploaded_raw_videos":[],"external_raw_videos":[{"id":41091284,"title":"Crazy Rocketman: Riding the \"Beast\" jet engine go kart.","url":"https://www.youtube.com/watch?v=gAKekhmTRaY","image":"https://coub-anubis-a.akamaized.net/coub_storage/media_block/cw_image/7c455102faf/63e5b78643d7cf497a900/video_1645469055_1v4fyvn_1645469005_peeim_att-url-download.jpg","image_retina":"https://coub-anubis-a.akamaized.net/coub_storage/media_block/cw_image/7c455102faf/63e5b78643d7cf497a900/video_retina_1645469055_1v4fyvn_1645469005_peeim_att-url-download.jpg","meta":{"service":"Youtube","duration":"162.48"},"duration":162.48,"raw_video_id":17148716,"has_embed":true}],"remixed_from_coubs":[],"external_video":{"id":41091284,"title":"Crazy Rocketman: Riding the \"Beast\" jet engine go kart.","url":"https://www.youtube.com/watch?v=gAKekhmTRaY","image":"https://coub-anubis-a.akamaized.net/coub_storage/media_block/cw_image/7c455102faf/63e5b78643d7cf497a900/video_1645469055_1v4fyvn_1645469005_peeim_att-url-download.jpg","image_retina":"https://coub-anubis-a.akamaized.net/coub_storage/media_block/cw_image/7c455102faf/63e5b78643d7cf497a900/video_retina_1645469055_1v4fyvn_1645469005_peeim_att-url-download.jpg","meta":{"service":"Youtube","duration":"162.48"},"duration":162.48,"raw_video_id":17148716,"has_embed":true}},"raw_video_thumbnail_url":"https://coub-anubis-a.akamaized.net/coub_storage/raw_video/cw_image/3fff97af861/1c17dc5cc437b162b8302/coub_media_1645469010_1645469005_peeim_att-url-download.jpg","raw_video_title":"Crazy Rocketman: Riding the \"Beast\" jet engine go kart.","video_block_banned":false,"duration":10.0,"promo_winner":false,"promo_winner_recoubers":null,"editorial_info":{},"promo_hint":null,"beeline_best_2014":null,"from_web_editor":true,"normalize_sound":true,"normalize_change_allowed":true,"best2015_addable":false,"ahmad_promo":null,"promo_data":null,"audio_copyright_claim":null,"ads_disabled":false,"is_safe_for_ads":true,"megafon_contents":[],"position_on_page":5},{"flag":null,"abuses":null,"recoubs_by_users_channels":null,"favourite":false,"promoted_id":null,"recoub":null,"like":null,"dislike":null,"reaction":null,"in_my_best2015":false,"id":167860707,"type":"Coub::Simple","permalink":"2rld07","title":"Девушкам на заметку","visibility_type":"public","original_visibility_type":"public","channel_id":4108198,"created_at":"2021-04-30T03:22:18Z","updated_at":"2022-03-17T20:07:31Z","is_done":true,"views_count":134905,"cotd":null,"cotd_at":null,"visible_on_explore_root":false,"visible_on_explore":false,"featured":false,"published":true,"published_at":"2021-04-30T03:22:18Z","reversed":false,"from_editor_v2":true,"is_editable":true,"original_sound":true,"has_sound":true,"recoub_to":null,"file_versions":{"html5":{"video":{"higher":{"url":"https://coub-anubis-a.akamaized.net/coub_storage/coub/simple/cw_file/c7e4ea5e188/54292082ff87e1714a5a8/muted_mp4_huge_size_1619753106_muted_huge.mp4","size":2239758},"high":{"url":"https://coub-anubis-a.akamaized.net/coub_storage/coub/simple/cw_file/c7e4ea5e188/54292082ff87e1714a5a8/muted_mp4_big_size_1619753106_muted_big.mp4","size":1536965},"med":{"url":"https://coub-anubis-a.akamaized.net/coub_storage/coub/simple/cw_file/c7e4ea5e188/54292082ff87e1714a5a8/muted_mp4_med_size_1619753106_muted_med.mp4","size":445320}},"audio":{"high":{"url":"https://coub-anubis-a.akamaized.net/coub_storage/coub/simple/cw_looped_audio_high/c7c43a775f9/3c7e14a64a3e2da12bc20/1619753108_mp3-high.mp3","size":1130903},"med":{"url":"https://coub-anubis-a.akamaized.net/coub_storage/coub/simple/cw_looped_audio_med/922b821e2c1/4353f74e635f1eab7e65a/1619753107_mp3-med.mp3","size":805644},"sample_duration":10.101}},"mobile":{"video":"https://coub-anubis-a.akamaized.net/coub_storage/coub/simple/cw_file/c7e4ea5e188/54292082ff87e1714a5a8/muted_mp4_med_size_1619753106_muted_med.mp4","audio":["https://coub-anubis-a.akamaized.net/coub_storage/coub/simple/cw_looped_audio_med/922b821e2c1/4353f74e635f1eab7e65a/1619753107_mp3-med.mp3"]},"share":{"default":"https://coub-anubis-a.akamaized.net/coub_storage/coub/simple/cw_video_for_sharing/cafdcf67334/600fc7116cb8cf25adcad/1619753136_looped_1619753135.mp4"}},"audio_versions":{},"image_versions":{"template":"https://coub-anubis-a.akamaized.net/coub_storage/coub/simple/cw_image/dc5e6f968ba/cea00070b96d1a871178e/%{version}_1619753113_00032.jpg","versions":["micro","tiny","age_restricted","ios_large","ios_mosaic","big","med","small","pinterest"]},"first_frame_versions":{"template":"https://coub-anubis-a.akamaized.net/coub_storage/coub/simple/cw_timeline_pic/05e4e8acfcc/86678cb3faa0d7b7e5cbd/%{version}_1619753112_image.jpg","versions":["big","med","small","ios_large"]},"dimensions":{"big":[1280,720],"med":[640,360]},"site_w_h":[640,360],"page_w_h":[640,360],"site_w_h_small":[310,174],"size":[1280,720],"age_restricted":false,"age_restricted_by_admin":false,"not_safe_for_work":false,"allow_reuse":false,"dont_crop":true,"banned":false,"global_safe":null,"audio_file_url":null,"external_download":{"type":"Youtube","service_name":"YouTube","url":"https://www.youtube.com/watch?v=l-1UgRNOFoY","has_embed":true},"application":null,"channel":{"id":4108198,"permalink":"muddy-hokage","title":"Muddy Hokage","description":null,"followers_count":18,"following_count":11,"avatar_versions":{"template":"https://coub-anubis-a.akamaized.net/coub_storage/channel/cw_avatar/e5714a63a4c/7f4a7bdd05d3e8e1d95ae/%{version}_1618721390_7ilkwnnj0g141.jpg","versions":["medium","medium_2x","profile_pic","profile_pic_new","profile_pic_new_2x","tiny","tiny_2x","small","small_2x","ios_large","ios_small"]}},"file":null,"picture":"https://coub-anubis-a.akamaized.net/coub_storage/coub/simple/cw_image/dc5e6f968ba/cea00070b96d1a871178e/med_1619753113_00032.jpg","timeline_picture":"https://coub-anubis-a.akamaized.net/coub_storage/coub/simple/cw_timeline_pic/05e4e8acfcc/86678cb3faa0d7b7e5cbd/ios_large_1619753112_image.jpg","small_picture":"https://coub-anubis-a.akamaized.net/coub_storage/coub/simple/cw_image/dc5e6f968ba/cea00070b96d1a871178e/ios_mosaic_1619753113_00032.jpg","sharing_picture":null,"percent_done":100,"tags":[{"id":882,"title":"прикол","value":"%D0%BF%D1%80%D0%B8%D0%BA%D0%BE%D0%BB"},{"id":143358,"title":"дальнобой","value":"%D0%B4%D0%B0%D0%BB%D1%8C%D0%BD%D0%BE%D0%B1%D0%BE%D0%B9"},{"id":143357,"title":"дальнобойщик","value":"%D0%B4%D0%B0%D0%BB%D1%8C%D0%BD%D0%BE%D0%B1%D0%BE%D0%B9%D1%89%D0%B8%D0%BA"},{"id":59869,"title":"грузовик","value":"%D0%B3%D1%80%D1%83%D0%B7%D0%BE%D0%B2%D0%B8%D0%BA"},{"id":345527,"title":"hokage","value":"hokage"}],"categories":[{"id":75,"title":"Auto & Technique","permalink":"cars","subscriptions_count":10083456,"big_image_url":"https://coub-anubis-a.akamaized.net/coub_storage/category/cw_image/dcda24f72f3/076e0f1bc1028aa643b02/big_1545566648_Auto.png","small_image_url":"https://coub-anubis-a.akamaized.net/coub_storage/category/cw_image/dcda24f72f3/076e0f1bc1028aa643b02/small_1545566648_Auto.png","med_image_url":"https://coub-anubis-a.akamaized.net/coub_storage/category/cw_image/dcda24f72f3/076e0f1bc1028aa643b02/med_1545566648_Auto.png","visible":true}],"communities":[{"id":75,"title":"Auto & Technique","permalink":"cars","subscriptions_count":10083456,"big_image_url":"https://coub-anubis-a.akamaized.net/coub_storage/category/cw_image/dcda24f72f3/076e0f1bc1028aa643b02/big_1545566648_Auto.png","small_image_url":"https://coub-anubis-a.akamaized.net/coub_storage/category/cw_image/dcda24f72f3/076e0f1bc1028aa643b02/small_1545566648_Auto.png","med_image_url":"https://coub-anubis-a.akamaized.net/coub_storage/category/cw_image/dcda24f72f3/076e0f1bc1028aa643b02/med_1545566648_Auto.png","i_subscribed":true,"community_notifications_enabled":null,"description":null}],"recoubs_count":200,"remixes_count":0,"likes_count":1139,"dislikes_count":0,"raw_video_id":16398422,"uploaded_by_ios_app":false,"uploaded_by_android_app":false,"media_blocks":{"uploaded_raw_videos":[],"external_raw_videos":[{"id":38757937,"title":"Лучшие автомобильные приколы №95. Мгновенная карма для обочечника","url":"https://www.youtube.com/watch?v=l-1UgRNOFoY","image":"https://coub-anubis-a.akamaized.net/coub_storage/media_block/cw_image/adbbc68e8f7/6c32b2729e6f4cd479fc1/video_1619752535_1m6ktc3_1619752428_1619752423_7cfldu_att-url-download.webp","image_retina":"https://coub-anubis-a.akamaized.net/coub_storage/media_block/cw_image/adbbc68e8f7/6c32b2729e6f4cd479fc1/video_retina_1619752535_1m6ktc3_1619752428_1619752423_7cfldu_att-url-download.webp","meta":{"service":"Youtube","duration":"490.28"},"duration":490.28,"raw_video_id":16398422,"has_embed":true}],"remixed_from_coubs":[],"external_video":{"id":38757937,"title":"Лучшие автомобильные приколы №95. Мгновенная карма для обочечника","url":"https://www.youtube.com/watch?v=l-1UgRNOFoY","image":"https://coub-anubis-a.akamaized.net/coub_storage/media_block/cw_image/adbbc68e8f7/6c32b2729e6f4cd479fc1/video_1619752535_1m6ktc3_1619752428_1619752423_7cfldu_att-url-download.webp","image_retina":"https://coub-anubis-a.akamaized.net/coub_storage/media_block/cw_image/adbbc68e8f7/6c32b2729e6f4cd479fc1/video_retina_1619752535_1m6ktc3_1619752428_1619752423_7cfldu_att-url-download.webp","meta":{"service":"Youtube","duration":"490.28"},"duration":490.28,"raw_video_id":16398422,"has_embed":true}},"raw_video_thumbnail_url":"https://coub-anubis-a.akamaized.net/coub_storage/raw_video/cw_image/b41de6a3c9c/39bf9fa9e7b4444e0b9d4/coub_media_1619752428_1619752423_7cfldu_att-url-download.webp","raw_video_title":"Лучшие автомобильные приколы №95. Мгновенная карма для обочечника","video_block_banned":false,"duration":9.96,"promo_winner":false,"promo_winner_recoubers":null,"editorial_info":{},"promo_hint":null,"beeline_best_2014":null,"from_web_editor":true,"normalize_sound":true,"normalize_change_allowed":true,"best2015_addable":false,"ahmad_promo":null,"promo_data":null,"audio_copyright_claim":null,"ads_disabled":false,"is_safe_for_ads":true,"megafon_contents":[],"position_on_page":6},{"flag":null,"abuses":null,"recoubs_by_users_channels":null,"favourite":false,"promoted_id":null,"recoub":null,"like":null,"dislike":null,"reaction":null,"in_my_best2015":false,"id":147426727,"type":"Coub::Simple","permalink":"2ffdws","title":"Мальчик на девятке","visibility_type":"public","original_visibility_type":"public","channel_id":4844459,"created_at":"2020-06-15T16:51:25Z","updated_at":"2022-03-17T07:14:15Z","is_done":true,"views_count":99633,"cotd":null,"cotd_at":null,"visible_on_explore_root":false,"visible_on_explore":false,"featured":false,"published":true,"published_at":"2020-06-15T16:51:25Z","reversed":false,"from_editor_v2":true,"is_editable":true,"original_sound":false,"has_sound":false,"recoub_to":null,"file_versions":{"html5":{"video":{"higher":{"url":"https://coub-anubis-a.akamaized.net/coub_storage/coub/simple/cw_file/765004dbb34/084275cb81d361de847c2/muted_mp4_huge_size_1592239925_muted_huge.mp4","size":2726818},"high":{"url":"https://coub-anubis-a.akamaized.net/coub_storage/coub/simple/cw_file/765004dbb34/084275cb81d361de847c2/muted_mp4_big_size_1592239925_muted_big.mp4","size":1635586},"med":{"url":"https://coub-anubis-a.akamaized.net/coub_storage/coub/simple/cw_file/765004dbb34/084275cb81d361de847c2/muted_mp4_med_size_1592239925_muted_med.mp4","size":507213}},"audio":{"high":{"url":"https://coub-anubis-a.akamaized.net/coub_storage/coub/simple/cw_looped_audio_high/b7f79962415/314b7a471a935dc1aceca/1605685448_high_1592239975_high.mp3","size":3179287},"med":{"url":"https://coub-anubis-a.akamaized.net/coub_storage/coub/simple/cw_looped_audio_med/55f01cd02c6/a180fb94cbdcb03b4a625/1605685447_med_1592239975_med.mp3","size":2394831}}},"mobile":{"video":"https://coub-anubis-a.akamaized.net/coub_storage/coub/simple/cw_file/765004dbb34/084275cb81d361de847c2/muted_mp4_med_size_1592239925_muted_med.mp4","audio":["https://coub-anubis-a.akamaized.net/coub_storage/coub/simple/cw_looped_audio_med/55f01cd02c6/a180fb94cbdcb03b4a625/1605685447_med_1592239975_med.mp3"]},"share":{"default":"https://coub-anubis-a.akamaized.net/coub_storage/coub/simple/cw_video_for_sharing/c4bf2248b0d/45ca1cd8b827a88962bf4/1609224764_looped_1609224763.mp4"}},"audio_versions":{"template":"https://coub-anubis-a.akamaized.net/coub_storage/audio_track/cw_normalized_copy/cdfce85ca4e/ab97b024b60e9852386af/mid_1592239957_normalized_1592239929_zi1t9x_edited.mp3","versions":["mid","low"]},"image_versions":{"template":"https://coub-anubis-a.akamaized.net/coub_storage/coub/simple/cw_image/9b5b08c59b4/a0e7a3906fafaf17a8037/1592240014_00032.jpg","versions":["micro","tiny","age_restricted","ios_large","ios_mosaic","big","med","small","pinterest"]},"first_frame_versions":{"template":"https://coub-anubis-a.akamaized.net/coub_storage/coub/simple/cw_timeline_pic/209a6c1cce6/1c1791055f3bcdc31f051/%{version}_1592240013_image.jpg","versions":["big","med","small","ios_large"]},"dimensions":{"big":[1280,720],"med":[640,360]},"site_w_h":[640,360],"page_w_h":[640,360],"site_w_h_small":[310,174],"size":[1280,720],"age_restricted":false,"age_restricted_by_admin":false,"not_safe_for_work":false,"allow_reuse":false,"dont_crop":false,"banned":false,"global_safe":false,"audio_file_url":"https://coub-anubis-a.akamaized.net/coub_storage/audio_track/cw_normalized_copy/cdfce85ca4e/ab97b024b60e9852386af/low_1592239957_normalized_1592239929_zi1t9x_edited.mp3","external_download":{"type":"Youtube","service_name":"YouTube","url":"https://www.youtube.com/watch?v=mM9IiQ0JeFg","has_embed":true},"application":null,"channel":{"id":4844459,"permalink":"hellrage6","title":"Hellrage","description":null,"followers_count":91,"following_count":11,"avatar_versions":{"template":"https://coub-anubis-a.akamaized.net/coub_storage/channel/cw_avatar/4c1de039ab0/ebfd95530d22b63cfff11/%{version}_1607871772_1whujwb_1539192916_2WT-MTQ53II.jpg","versions":["medium","medium_2x","profile_pic","profile_pic_new","profile_pic_new_2x","tiny","tiny_2x","small","small_2x","ios_large","ios_small"]}},"file":null,"picture":"https://coub-anubis-a.akamaized.net/coub_storage/coub/simple/cw_image/9b5b08c59b4/a0e7a3906fafaf17a8037/1592240014_00032.jpg","timeline_picture":"https://coub-anubis-a.akamaized.net/coub_storage/coub/simple/cw_timeline_pic/209a6c1cce6/1c1791055f3bcdc31f051/ios_large_1592240013_image.jpg","small_picture":"https://coub-anubis-a.akamaized.net/coub_storage/coub/simple/cw_image/9b5b08c59b4/a0e7a3906fafaf17a8037/1592240014_00032.jpg","sharing_picture":null,"percent_done":100,"tags":[{"id":95232,"title":"буксировка","value":"%D0%B1%D1%83%D0%BA%D1%81%D0%B8%D1%80%D0%BE%D0%B2%D0%BA%D0%B0"},{"id":634,"title":"дрифт","value":"%D0%B4%D1%80%D0%B8%D1%84%D1%82"},{"id":4657,"title":"таз","value":"%D1%82%D0%B0%D0%B7"},{"id":982351,"title":"ваз развалился за 1 удар","value":"%D0%B2%D0%B0%D0%B7%20%D1%80%D0%B0%D0%B7%D0%B2%D0%B0%D0%BB%D0%B8%D0%BB%D1%81%D1%8F%20%D0%B7%D0%B0%201%20%D1%83%D0%B4%D0%B0%D1%80"},{"id":127312,"title":"девятка","value":"%D0%B4%D0%B5%D0%B2%D1%8F%D1%82%D0%BA%D0%B0"},{"id":3166714,"title":"мой мальчик","value":"%D0%BC%D0%BE%D0%B9%20%D0%BC%D0%B0%D0%BB%D1%8C%D1%87%D0%B8%D0%BA"},{"id":5729174,"title":"а мой мальчик едет на девятке","value":"%D0%B0%20%D0%BC%D0%BE%D0%B9%20%D0%BC%D0%B0%D0%BB%D1%8C%D1%87%D0%B8%D0%BA%20%D0%B5%D0%B4%D0%B5%D1%82%20%D0%BD%D0%B0%20%D0%B4%D0%B5%D0%B2%D1%8F%D1%82%D0%BA%D0%B5"},{"id":5483253,"title":"dead blonde","value":"dead%20blonde"},{"id":5483252,"title":"dead blonde - back to school","value":"dead%20blonde%20-%20back%20to%20school"},{"id":5729175,"title":"мальчик на девятке","value":"%D0%BC%D0%B0%D0%BB%D1%8C%D1%87%D0%B8%D0%BA%20%D0%BD%D0%B0%20%D0%B4%D0%B5%D0%B2%D1%8F%D1%82%D0%BA%D0%B5"},{"id":1095524,"title":"gachi","value":"gachi"},{"id":70454,"title":"gachimuchi","value":"gachimuchi"},{"id":267209,"title":"van darkholme","value":"van%20darkholme"}],"categories":[{"id":75,"title":"Auto & Technique","permalink":"cars","subscriptions_count":10083456,"big_image_url":"https://coub-anubis-a.akamaized.net/coub_storage/category/cw_image/dcda24f72f3/076e0f1bc1028aa643b02/big_1545566648_Auto.png","small_image_url":"https://coub-anubis-a.akamaized.net/coub_storage/category/cw_image/dcda24f72f3/076e0f1bc1028aa643b02/small_1545566648_Auto.png","med_image_url":"https://coub-anubis-a.akamaized.net/coub_storage/category/cw_image/dcda24f72f3/076e0f1bc1028aa643b02/med_1545566648_Auto.png","visible":true}],"communities":[{"id":75,"title":"Auto & Technique","permalink":"cars","subscriptions_count":10083456,"big_image_url":"https://coub-anubis-a.akamaized.net/coub_storage/category/cw_image/dcda24f72f3/076e0f1bc1028aa643b02/big_1545566648_Auto.png","small_image_url":"https://coub-anubis-a.akamaized.net/coub_storage/category/cw_image/dcda24f72f3/076e0f1bc1028aa643b02/small_1545566648_Auto.png","med_image_url":"https://coub-anubis-a.akamaized.net/coub_storage/category/cw_image/dcda24f72f3/076e0f1bc1028aa643b02/med_1545566648_Auto.png","i_subscribed":true,"community_notifications_enabled":null,"description":null}],"recoubs_count":213,"remixes_count":1,"likes_count":1139,"dislikes_count":0,"raw_video_id":15351689,"uploaded_by_ios_app":false,"uploaded_by_android_app":false,"media_blocks":{"uploaded_raw_videos":[],"external_raw_videos":[{"id":36133675,"title":"Девятка(ВАЗ-2109) дрифтует на буксировочном тросе","url":"https://www.youtube.com/watch?v=mM9IiQ0JeFg","image":"https://coub-anubis-a.akamaized.net/coub_storage/media_block/cw_image/3a4b175934b/722b10ae8b33cbe5b9ea3/1592239361_1rl52j1_1592239350_1sxyh9s_att-url-download.jpg","image_retina":"https://coub-anubis-a.akamaized.net/coub_storage/media_block/cw_image/3a4b175934b/722b10ae8b33cbe5b9ea3/1592239361_1rl52j1_1592239350_1sxyh9s_att-url-download.jpg","meta":{"service":"Youtube","duration":"57.91"},"duration":57.91,"raw_video_id":15351689,"has_embed":true}],"remixed_from_coubs":[],"external_video":{"id":36133675,"title":"Девятка(ВАЗ-2109) дрифтует на буксировочном тросе","url":"https://www.youtube.com/watch?v=mM9IiQ0JeFg","image":"https://coub-anubis-a.akamaized.net/coub_storage/media_block/cw_image/3a4b175934b/722b10ae8b33cbe5b9ea3/1592239361_1rl52j1_1592239350_1sxyh9s_att-url-download.jpg","image_retina":"https://coub-anubis-a.akamaized.net/coub_storage/media_block/cw_image/3a4b175934b/722b10ae8b33cbe5b9ea3/1592239361_1rl52j1_1592239350_1sxyh9s_att-url-download.jpg","meta":{"service":"Youtube","duration":"57.91"},"duration":57.91,"raw_video_id":15351689,"has_embed":true}},"raw_video_thumbnail_url":"/missing/missing.png","raw_video_title":"Девятка(ВАЗ-2109) дрифтует на буксировочном тросе","video_block_banned":false,"duration":10.0,"promo_winner":false,"promo_winner_recoubers":null,"editorial_info":{},"promo_hint":null,"beeline_best_2014":null,"from_web_editor":true,"normalize_sound":true,"normalize_change_allowed":true,"best2015_addable":false,"ahmad_promo":null,"promo_data":null,"audio_copyright_claim":null,"ads_disabled":false,"is_safe_for_ads":true,"megafon_contents":[],"position_on_page":7},{"flag":null,"abuses":null,"recoubs_by_users_channels":null,"favourite":false,"promoted_id":null,"recoub":null,"like":null,"dislike":null,"reaction":null,"in_my_best2015":false,"id":168726679,"type":"Coub::Simple","permalink":"2s3x74","title":"Lada- Russian auto","visibility_type":"public","original_visibility_type":"public","channel_id":10684547,"created_at":"2021-05-14T21:22:08Z","updated_at":"2022-03-12T19:34:18Z","is_done":true,"views_count":72544,"cotd":null,"cotd_at":null,"visible_on_explore_root":false,"visible_on_explore":false,"featured":false,"published":true,"published_at":"2021-05-14T21:22:08Z","reversed":false,"from_editor_v2":true,"is_editable":true,"original_sound":true,"has_sound":true,"recoub_to":null,"file_versions":{"html5":{"video":{"higher":{"url":"https://coub-anubis-a.akamaized.net/coub_storage/coub/simple/cw_file/c182bb45881/f66047937a98f8183df62/muted_mp4_huge_size_1621027338_muted_huge.mp4","size":1069625},"high":{"url":"https://coub-anubis-a.akamaized.net/coub_storage/coub/simple/cw_file/c182bb45881/f66047937a98f8183df62/muted_mp4_big_size_1621027338_muted_big.mp4","size":661537},"med":{"url":"https://coub-anubis-a.akamaized.net/coub_storage/coub/simple/cw_file/c182bb45881/f66047937a98f8183df62/muted_mp4_med_size_1621027338_muted_med.mp4","size":230187}},"audio":{"high":{"url":"https://coub-anubis-a.akamaized.net/coub_storage/coub/simple/cw_looped_audio_high/7db0925d43a/b392a1aaccfe796646d9e/1621027339_mp3-high.mp3","size":721698},"med":{"url":"https://coub-anubis-a.akamaized.net/coub_storage/coub/simple/cw_looped_audio_med/9f753a32661/601be346c776d48f63f51/1621027339_mp3-med.mp3","size":721051},"sample_duration":5.619}},"mobile":{"video":"https://coub-anubis-a.akamaized.net/coub_storage/coub/simple/cw_file/c182bb45881/f66047937a98f8183df62/muted_mp4_med_size_1621027338_muted_med.mp4","audio":["https://coub-anubis-a.akamaized.net/coub_storage/coub/simple/cw_looped_audio_med/9f753a32661/601be346c776d48f63f51/1621027339_mp3-med.mp3"]},"share":{"default":"https://coub-anubis-a.akamaized.net/coub_storage/coub/simple/cw_video_for_sharing/2037167cf34/8734a147e5c1f3399ecda/1621027358_looped_1621027358.mp4"}},"audio_versions":{},"image_versions":{"template":"https://coub-anubis-a.akamaized.net/coub_storage/coub/simple/cw_image/137d0e02a05/28e4a83ab55ad35abc4c4/%{version}_1621027342_00019.jpg","versions":["micro","tiny","age_restricted","ios_large","ios_mosaic","big","med","small","pinterest"]},"first_frame_versions":{"template":"https://coub-anubis-a.akamaized.net/coub_storage/coub/simple/cw_timeline_pic/3760bd0fea2/eeccf23805dd442566c4f/%{version}_1621027341_image.jpg","versions":["big","med","small","ios_large"]},"dimensions":{"big":[960,960],"med":[480,480]},"site_w_h":[400,400],"page_w_h":[400,400],"site_w_h_small":[310,310],"size":[960,960],"age_restricted":false,"age_restricted_by_admin":false,"not_safe_for_work":false,"allow_reuse":false,"dont_crop":true,"banned":false,"global_safe":null,"audio_file_url":null,"external_download":false,"application":null,"channel":{"id":10684547,"permalink":"alex0128960","title":"Alex01","description":null,"followers_count":13,"following_count":14,"avatar_versions":{"template":"https://coubsecureassets-a.akamaihd.net/assets/default-avatars/57-3df56c4b76e4d3bb8e9b5aae039ebe5d6c66e5007bc618873e85c5eccce6923b.png"}},"file":null,"picture":"https://coub-anubis-a.akamaized.net/coub_storage/coub/simple/cw_image/137d0e02a05/28e4a83ab55ad35abc4c4/med_1621027342_00019.jpg","timeline_picture":"https://coub-anubis-a.akamaized.net/coub_storage/coub/simple/cw_timeline_pic/3760bd0fea2/eeccf23805dd442566c4f/ios_large_1621027341_image.jpg","small_picture":"https://coub-anubis-a.akamaized.net/coub_storage/coub/simple/cw_image/137d0e02a05/28e4a83ab55ad35abc4c4/ios_mosaic_1621027342_00019.jpg","sharing_picture":null,"percent_done":100,"tags":[{"id":2546,"title":"лада","value":"%D0%BB%D0%B0%D0%B4%D0%B0"},{"id":1099790,"title":"седан баклажан","value":"%D1%81%D0%B5%D0%B4%D0%B0%D0%BD%20%D0%B1%D0%B0%D0%BA%D0%BB%D0%B0%D0%B6%D0%B0%D0%BD"},{"id":2882,"title":"авто","value":"%D0%B0%D0%B2%D1%82%D0%BE"},{"id":18272,"title":"автомобиль","value":"%D0%B0%D0%B2%D1%82%D0%BE%D0%BC%D0%BE%D0%B1%D0%B8%D0%BB%D1%8C"},{"id":1265,"title":"россия","value":"%D1%80%D0%BE%D1%81%D1%81%D0%B8%D1%8F"},{"id":4480,"title":"приколы","value":"%D0%BF%D1%80%D0%B8%D0%BA%D0%BE%D0%BB%D1%8B"},{"id":292,"title":"humor","value":"humor"},{"id":1904,"title":"auto","value":"auto"},{"id":51155,"title":"transport","value":"transport"},{"id":1466,"title":"israel","value":"israel"}],"categories":[{"id":75,"title":"Auto & Technique","permalink":"cars","subscriptions_count":10083456,"big_image_url":"https://coub-anubis-a.akamaized.net/coub_storage/category/cw_image/dcda24f72f3/076e0f1bc1028aa643b02/big_1545566648_Auto.png","small_image_url":"https://coub-anubis-a.akamaized.net/coub_storage/category/cw_image/dcda24f72f3/076e0f1bc1028aa643b02/small_1545566648_Auto.png","med_image_url":"https://coub-anubis-a.akamaized.net/coub_storage/category/cw_image/dcda24f72f3/076e0f1bc1028aa643b02/med_1545566648_Auto.png","visible":true}],"communities":[{"id":75,"title":"Auto & Technique","permalink":"cars","subscriptions_count":10083456,"big_image_url":"https://coub-anubis-a.akamaized.net/coub_storage/category/cw_image/dcda24f72f3/076e0f1bc1028aa643b02/big_1545566648_Auto.png","small_image_url":"https://coub-anubis-a.akamaized.net/coub_storage/category/cw_image/dcda24f72f3/076e0f1bc1028aa643b02/small_1545566648_Auto.png","med_image_url":"https://coub-anubis-a.akamaized.net/coub_storage/category/cw_image/dcda24f72f3/076e0f1bc1028aa643b02/med_1545566648_Auto.png","i_subscribed":true,"community_notifications_enabled":null,"description":null}],"recoubs_count":197,"remixes_count":0,"likes_count":1138,"dislikes_count":0,"raw_video_id":16441446,"uploaded_by_ios_app":true,"uploaded_by_android_app":false,"media_blocks":{"uploaded_raw_videos":[],"external_raw_videos":[],"remixed_from_coubs":[]},"raw_video_thumbnail_url":"https://coub-anubis-a.akamaized.net/coub_storage/raw_video/cw_image/283bb23d2fa/0fb8c6a8f78d358b11c43/coub_media_1621027324_image.jpg","raw_video_title":"filename.mp4","video_block_banned":false,"duration":5.76,"promo_winner":false,"promo_winner_recoubers":null,"editorial_info":{},"promo_hint":null,"beeline_best_2014":null,"from_web_editor":false,"normalize_sound":true,"normalize_change_allowed":true,"best2015_addable":false,"ahmad_promo":null,"promo_data":null,"audio_copyright_claim":null,"ads_disabled":false,"is_safe_for_ads":true,"megafon_contents":[],"position_on_page":8},{"flag":null,"abuses":null,"recoubs_by_users_channels":null,"favourite":false,"promoted_id":null,"recoub":null,"like":null,"dislike":null,"reaction":null,"in_my_best2015":false,"id":96925491,"type":"Coub::Simple","permalink":"1latfb","title":"Fast and Furious Bélapátfalva Drift","visibility_type":"public","original_visibility_type":"public","channel_id":401172,"created_at":"2019-01-05T13:41:26Z","updated_at":"2022-03-18T06:42:49Z","is_done":true,"views_count":56874,"cotd":null,"cotd_at":null,"visible_on_explore_root":false,"visible_on_explore":false,"featured":false,"published":true,"published_at":"2019-01-05T13:41:26Z","reversed":false,"from_editor_v2":true,"is_editable":true,"original_sound":false,"has_sound":false,"recoub_to":null,"file_versions":{"html5":{"video":{"higher":{"url":"https://coub-anubis-a.akamaized.net/coub_storage/coub/simple/cw_file/aa81dc06f06/3d1352ed019f4b4949079/muted_mp4_huge_size_1570289523_muted_huge.mp4","size":4277012},"high":{"url":"https://coub-anubis-a.akamaized.net/coub_storage/coub/simple/cw_file/aa81dc06f06/3d1352ed019f4b4949079/muted_mp4_big_size_1570289523_muted_big.mp4","size":3198341},"med":{"url":"https://coub-anubis-a.akamaized.net/coub_storage/coub/simple/cw_file/aa81dc06f06/3d1352ed019f4b4949079/muted_mp4_med_size_1570289523_muted_med.mp4","size":949775}},"audio":{"high":{"url":"https://coub-anubis-a.akamaized.net/coub_storage/coub/simple/cw_looped_audio_high/8c8a337a011/ebf9454cd1668ab4f28ca/1605665153_high_1546695755_high.mp3","size":5281203},"med":{"url":"https://coub-anubis-a.akamaized.net/coub_storage/coub/simple/cw_looped_audio_med/e3ed48529d2/8d629257bd03996ae6227/1605665153_med_1546695755_med.mp3","size":4054997}}},"mobile":{"video":"https://coub-anubis-a.akamaized.net/coub_storage/coub/simple/cw_file/aa81dc06f06/3d1352ed019f4b4949079/muted_mp4_med_size_1570289523_muted_med.mp4","audio":["https://coub-anubis-a.akamaized.net/coub_storage/coub/simple/cw_looped_audio_med/e3ed48529d2/8d629257bd03996ae6227/1605665153_med_1546695755_med.mp3"]},"share":{"default":"https://coub-anubis-a.akamaized.net/coub_storage/coub/simple/cw_video_for_sharing/6097413b8df/615559306be4779a71f70/1611242512_looped_1611242511.mp4"}},"audio_versions":{"template":"https://coub-anubis-a.akamaized.net/coub_storage/audio_track/cw_normalized_copy/c804144ff2b/5879f7d8bfb015b6cb294/mid_1546695737_normalized_1546695701_1oy9xr_edited.mp3","versions":["mid","low"]},"image_versions":{"template":"https://coub-anubis-a.akamaized.net/coub_storage/coub/simple/cw_image/9e588d2b5ea/ca8ac0ad7358d3ff4612a/1546695774_00026.jpg","versions":["micro","tiny","age_restricted","ios_large","ios_mosaic","big","med","small","pinterest"]},"first_frame_versions":{"template":"https://coub-anubis-a.akamaized.net/coub_storage/coub/simple/cw_timeline_pic/4de3b7499d6/705c27c9e32c712cb4eae/1546695773_image.jpg","versions":["big","med","small","ios_large"]},"dimensions":{"big":[1280,720],"med":[640,360]},"site_w_h":[640,360],"page_w_h":[640,360],"site_w_h_small":[310,174],"size":[1280,720],"age_restricted":false,"age_restricted_by_admin":false,"not_safe_for_work":false,"allow_reuse":false,"dont_crop":false,"banned":false,"global_safe":true,"audio_file_url":"https://coub-anubis-a.akamaized.net/coub_storage/audio_track/cw_normalized_copy/c804144ff2b/5879f7d8bfb015b6cb294/low_1546695737_normalized_1546695701_1oy9xr_edited.mp3","external_download":false,"application":null,"channel":{"id":401172,"permalink":"zsuki000","title":"zsuki","description":null,"followers_count":95,"following_count":43,"avatar_versions":{"template":"https://coub-anubis-a.akamaized.net/coub_storage/channel/cw_avatar/3fd3daa61f4/9b7ee26a3d06917842d13/%{version}_1528372040_hakke.png","versions":["medium","medium_2x","profile_pic","profile_pic_new","profile_pic_new_2x","tiny","tiny_2x","small","small_2x","ios_large","ios_small"]}},"file":null,"picture":"https://coub-anubis-a.akamaized.net/coub_storage/coub/simple/cw_image/9e588d2b5ea/ca8ac0ad7358d3ff4612a/1546695774_00026.jpg","timeline_picture":"https://coub-anubis-a.akamaized.net/coub_storage/coub/simple/cw_timeline_pic/4de3b7499d6/705c27c9e32c712cb4eae/1546695773_image.jpg","small_picture":"https://coub-anubis-a.akamaized.net/coub_storage/coub/simple/cw_image/9e588d2b5ea/ca8ac0ad7358d3ff4612a/1546695774_00026.jpg","sharing_picture":null,"percent_done":100,"tags":[{"id":531987,"title":"csirketelep","value":"csirketelep"},{"id":224579,"title":"busz","value":"busz"},{"id":13417,"title":"bus","value":"bus"},{"id":98801,"title":"strongest","value":"strongest"},{"id":43421,"title":"magyarország","value":"magyarorsz%C3%A1g"},{"id":17815,"title":"hungary","value":"hungary"},{"id":24073,"title":"1981","value":"1981"},{"id":4119319,"title":"rába engine","value":"r%C3%A1ba%20engine"},{"id":25440,"title":"tuning","value":"tuning"},{"id":636,"title":"drift","value":"drift"},{"id":4119318,"title":"hegyifelfuto","value":"hegyifelfuto"},{"id":4119320,"title":"bélapátfalva","value":"b%C3%A9lap%C3%A1tfalva"},{"id":3931455,"title":"béke tóni","value":"b%C3%A9ke%20t%C3%B3ni"},{"id":531986,"title":"béke antal","value":"b%C3%A9ke%20antal"},{"id":3052124,"title":"ikarus busz","value":"ikarus%20busz"},{"id":997994,"title":"ikarus bus","value":"ikarus%20bus"},{"id":159455,"title":"ikarus 260","value":"ikarus%20260"},{"id":159452,"title":"ikarus","value":"ikarus"},{"id":4135260,"title":"illyés melinda","value":"illy%C3%A9s%20melinda"},{"id":4135273,"title":"w3rc","value":"w3rc"},{"id":6251,"title":"fast and furious","value":"fast%20and%20furious"},{"id":26632,"title":"tokyo drift","value":"tokyo%20drift"},{"id":206259,"title":"teriyaki boyz","value":"teriyaki%20boyz"}],"categories":[{"id":75,"title":"Auto & Technique","permalink":"cars","subscriptions_count":10083456,"big_image_url":"https://coub-anubis-a.akamaized.net/coub_storage/category/cw_image/dcda24f72f3/076e0f1bc1028aa643b02/big_1545566648_Auto.png","small_image_url":"https://coub-anubis-a.akamaized.net/coub_storage/category/cw_image/dcda24f72f3/076e0f1bc1028aa643b02/small_1545566648_Auto.png","med_image_url":"https://coub-anubis-a.akamaized.net/coub_storage/category/cw_image/dcda24f72f3/076e0f1bc1028aa643b02/med_1545566648_Auto.png","visible":true}],"communities":[{"id":75,"title":"Auto & Technique","permalink":"cars","subscriptions_count":10083456,"big_image_url":"https://coub-anubis-a.akamaized.net/coub_storage/category/cw_image/dcda24f72f3/076e0f1bc1028aa643b02/big_1545566648_Auto.png","small_image_url":"https://coub-anubis-a.akamaized.net/coub_storage/category/cw_image/dcda24f72f3/076e0f1bc1028aa643b02/small_1545566648_Auto.png","med_image_url":"https://coub-anubis-a.akamaized.net/coub_storage/category/cw_image/dcda24f72f3/076e0f1bc1028aa643b02/med_1545566648_Auto.png","i_subscribed":true,"community_notifications_enabled":null,"description":null}],"recoubs_count":142,"remixes_count":0,"likes_count":1138,"dislikes_count":0,"raw_video_id":"","uploaded_by_ios_app":false,"uploaded_by_android_app":false,"media_blocks":{"uploaded_raw_videos":[],"external_raw_videos":[],"remixed_from_coubs":[{"id":27246556,"title":"'The strongest bus of Galaxy, powered by Csirketelep' (Hungary): IKARUS 260 (340 hp) & Béke Tóni - Próbakör @ Bélapátfalva 2018 Hegyifelfutó","url":"https://coub.com/coubs/1avg42/remix","image":"https://coub-anubis-a.akamaized.net/coub_storage/media_block/cw_image/9ae40bee78c/62fd062bd4318a964adc0/1531652325_1531652310_00026.jpg","image_retina":"https://coub-anubis-a.akamaized.net/coub_storage/media_block/cw_image/9ae40bee78c/62fd062bd4318a964adc0/1531652325_1531652310_00026.jpg","meta":{"duration":"8.16"},"duration":null,"coub_channel_title":"StróMan","coub_channel_permalink":"felcsuti.stroman","coub_views_count":463976,"coub_permalink":"1avg42"}]},"raw_video_thumbnail_url":"","raw_video_title":"","video_block_banned":false,"duration":8.16,"promo_winner":false,"promo_winner_recoubers":null,"editorial_info":{},"promo_hint":null,"beeline_best_2014":null,"from_web_editor":true,"normalize_sound":true,"normalize_change_allowed":true,"best2015_addable":false,"ahmad_promo":null,"promo_data":null,"audio_copyright_claim":null,"ads_disabled":false,"is_safe_for_ads":true,"megafon_contents":[],"position_on_page":9},{"flag":null,"abuses":null,"recoubs_by_users_channels":null,"favourite":false,"promoted_id":null,"recoub":null,"like":null,"dislike":null,"reaction":null,"in_my_best2015":false,"id":172594716,"type":"Coub::Simple","permalink":"2uettl","title":"Mazda MX5","visibility_type":"public","original_visibility_type":"public","channel_id":11116596,"created_at":"2021-07-22T18:22:00Z","updated_at":"2022-03-15T23:48:41Z","is_done":true,"views_count":98841,"cotd":null,"cotd_at":null,"visible_on_explore_root":true,"visible_on_explore":true,"featured":true,"published":true,"published_at":"2021-07-22T18:22:00Z","reversed":false,"from_editor_v2":true,"is_editable":true,"original_sound":false,"has_sound":false,"recoub_to":null,"file_versions":{"html5":{"video":{"higher":{"url":"https://coub-anubis-a.akamaized.net/coub_storage/coub/simple/cw_file/c2263bc4d67/3379f98cda06a9c23130f/muted_mp4_huge_size_1626978130_muted_huge.mp4","size":2199796},"high":{"url":"https://coub-anubis-a.akamaized.net/coub_storage/coub/simple/cw_file/c2263bc4d67/3379f98cda06a9c23130f/muted_mp4_big_size_1626978130_muted_big.mp4","size":1472018},"med":{"url":"https://coub-anubis-a.akamaized.net/coub_storage/coub/simple/cw_file/c2263bc4d67/3379f98cda06a9c23130f/muted_mp4_med_size_1626978130_muted_med.mp4","size":425742}},"audio":{"high":{"url":"https://coub-anubis-a.akamaized.net/coub_storage/coub/simple/cw_looped_audio_high/aade10f78c1/4c38e4a7d1b7b5228d964/1626978154_mp3-high.mp3","size":3772341},"med":{"url":"https://coub-anubis-a.akamaized.net/coub_storage/coub/simple/cw_looped_audio_med/aa695c44e89/deb03a25800819e799a7f/1626978152_mp3-med.mp3","size":2965028}}},"mobile":{"video":"https://coub-anubis-a.akamaized.net/coub_storage/coub/simple/cw_file/c2263bc4d67/3379f98cda06a9c23130f/muted_mp4_med_size_1626978130_muted_med.mp4","audio":["https://coub-anubis-a.akamaized.net/coub_storage/coub/simple/cw_looped_audio_med/aa695c44e89/deb03a25800819e799a7f/1626978152_mp3-med.mp3"]},"share":{"default":"https://coub-anubis-a.akamaized.net/coub_storage/coub/simple/cw_video_for_sharing/feb9a76f2a1/ed9c305fe6cc6c5fbbccd/1626978184_looped_1626978183.mp4"}},"audio_versions":{"template":"https://coub-anubis-a.akamaized.net/coub_storage/audio_track/cw_file/394b55ad4e8/76c94746b7d85461d28c3/mid_1626978133_qaq6ln_edited.mp3","versions":["mid","low"]},"image_versions":{"template":"https://coub-anubis-a.akamaized.net/coub_storage/coub/simple/cw_image/53cf8074f65/1b88b269845adb28e231c/%{version}_1626978159_00027.jpg","versions":["micro","tiny","age_restricted","ios_large","ios_mosaic","big","med","small","pinterest"]},"first_frame_versions":{"template":"https://coub-anubis-a.akamaized.net/coub_storage/coub/simple/cw_timeline_pic/e21f840d922/cc68900060655ad007a54/%{version}_1626978159_image.jpg","versions":["big","med","small","ios_large"]},"dimensions":{"big":[1280,720],"med":[640,360]},"site_w_h":[640,360],"page_w_h":[640,360],"site_w_h_small":[310,174],"size":[1280,720],"age_restricted":false,"age_restricted_by_admin":false,"not_safe_for_work":false,"allow_reuse":false,"dont_crop":true,"banned":false,"global_safe":true,"audio_file_url":"https://coub-anubis-a.akamaized.net/coub_storage/audio_track/cw_file/394b55ad4e8/76c94746b7d85461d28c3/low_1626978133_qaq6ln_edited.mp3","external_download":false,"application":null,"channel":{"id":11116596,"permalink":"cvaltrum","title":"Cvaltrum | ~LNR~","description":"Auto edits, music and animation edits","followers_count":266,"following_count":447,"avatar_versions":{"template":"https://coub-anubis-a.akamaized.net/coub_storage/channel/cw_avatar/3776672ca24/6d37ae6110399530fb6f4/%{version}_1615136700_____________2332.jpg","versions":["medium","medium_2x","profile_pic","profile_pic_new","profile_pic_new_2x","tiny","tiny_2x","small","small_2x","ios_large","ios_small"]}},"file":null,"picture":"https://coub-anubis-a.akamaized.net/coub_storage/coub/simple/cw_image/53cf8074f65/1b88b269845adb28e231c/med_1626978159_00027.jpg","timeline_picture":"https://coub-anubis-a.akamaized.net/coub_storage/coub/simple/cw_timeline_pic/e21f840d922/cc68900060655ad007a54/ios_large_1626978159_image.jpg","small_picture":"https://coub-anubis-a.akamaized.net/coub_storage/coub/simple/cw_image/53cf8074f65/1b88b269845adb28e231c/ios_mosaic_1626978159_00027.jpg","sharing_picture":null,"percent_done":100,"tags":[{"id":353688,"title":"lnr","value":"lnr"},{"id":6413686,"title":"heroine (slowed) dutch disorder","value":"heroine%20(slowed)%20dutch%20disorder"},{"id":346526,"title":"akihabara","value":"akihabara"},{"id":1904,"title":"auto","value":"auto"},{"id":1173,"title":"car","value":"car"},{"id":86,"title":"music","value":"music"},{"id":29830,"title":"mazda","value":"mazda"},{"id":1090240,"title":"mx 5","value":"mx%205"},{"id":939,"title":"relax","value":"relax"},{"id":4111,"title":"chill","value":"chill"},{"id":6413687,"title":"heroine (slowed)","value":"heroine%20(slowed)"},{"id":3438024,"title":"dutch disorder","value":"dutch%20disorder"}],"categories":[{"id":75,"title":"Auto & Technique","permalink":"cars","subscriptions_count":10083456,"big_image_url":"https://coub-anubis-a.akamaized.net/coub_storage/category/cw_image/dcda24f72f3/076e0f1bc1028aa643b02/big_1545566648_Auto.png","small_image_url":"https://coub-anubis-a.akamaized.net/coub_storage/category/cw_image/dcda24f72f3/076e0f1bc1028aa643b02/small_1545566648_Auto.png","med_image_url":"https://coub-anubis-a.akamaized.net/coub_storage/category/cw_image/dcda24f72f3/076e0f1bc1028aa643b02/med_1545566648_Auto.png","visible":true}],"communities":[{"id":75,"title":"Auto & Technique","permalink":"cars","subscriptions_count":10083456,"big_image_url":"https://coub-anubis-a.akamaized.net/coub_storage/category/cw_image/dcda24f72f3/076e0f1bc1028aa643b02/big_1545566648_Auto.png","small_image_url":"https://coub-anubis-a.akamaized.net/coub_storage/category/cw_image/dcda24f72f3/076e0f1bc1028aa643b02/small_1545566648_Auto.png","med_image_url":"https://coub-anubis-a.akamaized.net/coub_storage/category/cw_image/dcda24f72f3/076e0f1bc1028aa643b02/med_1545566648_Auto.png","i_subscribed":true,"community_notifications_enabled":null,"description":null}],"recoubs_count":227,"remixes_count":1,"likes_count":1135,"dislikes_count":0,"raw_video_id":16629096,"uploaded_by_ios_app":false,"uploaded_by_android_app":false,"media_blocks":{"uploaded_raw_videos":[],"external_raw_videos":[],"remixed_from_coubs":[]},"raw_video_thumbnail_url":"https://coub-anubis-a.akamaized.net/coub_storage/raw_video/cw_image/7b2b73298b9/c07fdb438d00a19b330dc/coub_media_1626977103_image.jpg","raw_video_title":"lv_0_20210720230320.mp4","video_block_banned":false,"duration":8.44,"promo_winner":false,"promo_winner_recoubers":null,"editorial_info":{},"promo_hint":null,"beeline_best_2014":null,"from_web_editor":true,"normalize_sound":false,"normalize_change_allowed":true,"best2015_addable":false,"ahmad_promo":null,"promo_data":null,"audio_copyright_claim":null,"ads_disabled":false,"is_safe_for_ads":true,"megafon_contents":[],"position_on_page":10}]}