{"page":48,"per_page":10,"total_pages":500,"coubs":[{"flag":null,"abuses":null,"recoubs_by_users_channels":null,"favourite":false,"promoted_id":null,"recoub":null,"like":null,"dislike":null,"reaction":null,"in_my_best2015":false,"id":172564396,"type":"Coub::Simple","permalink":"2ue6fd","title":"Система торможения Вольво","visibility_type":"public","original_visibility_type":"public","channel_id":10863287,"created_at":"2021-07-22T06:00:18Z","updated_at":"2022-03-17T19:11:15Z","is_done":true,"views_count":204301,"cotd":null,"cotd_at":null,"visible_on_explore_root":false,"visible_on_explore":false,"featured":false,"published":true,"published_at":"2021-07-22T06:00:18Z","reversed":false,"from_editor_v2":true,"is_editable":true,"original_sound":true,"has_sound":true,"recoub_to":null,"file_versions":{"html5":{"video":{"higher":{"url":"https://coub-anubis-a.akamaized.net/coub_storage/coub/simple/cw_file/b8cfc17bff4/deab55dee175d8ab1ed52/muted_mp4_huge_size_1626933624_muted_huge.mp4","size":1622225},"high":{"url":"https://coub-anubis-a.akamaized.net/coub_storage/coub/simple/cw_file/b8cfc17bff4/deab55dee175d8ab1ed52/muted_mp4_big_size_1626933624_muted_big.mp4","size":1012136},"med":{"url":"https://coub-anubis-a.akamaized.net/coub_storage/coub/simple/cw_file/b8cfc17bff4/deab55dee175d8ab1ed52/muted_mp4_med_size_1626933624_muted_med.mp4","size":319430}},"audio":{"high":{"url":"https://coub-anubis-a.akamaized.net/coub_storage/coub/simple/cw_looped_audio_high/d23d61a09c1/0c38f2559fe0833bbbe29/1626933626_mp3-high.mp3","size":1040915},"med":{"url":"https://coub-anubis-a.akamaized.net/coub_storage/coub/simple/cw_looped_audio_med/8505490b41b/4f3a1e6ce2c08c9c08842/1626933625_mp3-med.mp3","size":799076},"sample_duration":10.008}},"mobile":{"video":"https://coub-anubis-a.akamaized.net/coub_storage/coub/simple/cw_file/b8cfc17bff4/deab55dee175d8ab1ed52/muted_mp4_med_size_1626933624_muted_med.mp4","audio":["https://coub-anubis-a.akamaized.net/coub_storage/coub/simple/cw_looped_audio_med/8505490b41b/4f3a1e6ce2c08c9c08842/1626933625_mp3-med.mp3"]},"share":{"default":"https://coub-anubis-a.akamaized.net/coub_storage/coub/simple/cw_video_for_sharing/9365e08d458/14437f5719f83f890044d/1626933653_looped_1626933652.mp4"}},"audio_versions":{},"image_versions":{"template":"https://coub-anubis-a.akamaized.net/coub_storage/coub/simple/cw_image/720f2bbdf73/42734bc74d592680ba02c/%{version}_1626933629_00032.jpg","versions":["micro","tiny","age_restricted","ios_large","ios_mosaic","big","med","small","pinterest"]},"first_frame_versions":{"template":"https://coub-anubis-a.akamaized.net/coub_storage/coub/simple/cw_timeline_pic/4d815c9adbf/abc2d339df7b937ce2e17/%{version}_1626933629_image.jpg","versions":["big","med","small","ios_large"]},"dimensions":{"big":[960,960],"med":[480,480]},"site_w_h":[400,400],"page_w_h":[400,400],"site_w_h_small":[310,310],"size":[960,960],"age_restricted":false,"age_restricted_by_admin":false,"not_safe_for_work":false,"allow_reuse":false,"dont_crop":true,"banned":false,"global_safe":null,"audio_file_url":null,"external_download":{"type":"Youtube","service_name":"YouTube","url":"https://www.youtube.com/watch?v=pqGga79cKKo","has_embed":true},"application":null,"channel":{"id":10863287,"permalink":"stalkermod","title":"STALKERMOD","description":null,"followers_count":126,"following_count":116,"avatar_versions":{"template":"https://coub-anubis-a.akamaized.net/coub_storage/channel/cw_avatar/cc981d5063a/4bf4c7393beede39ab444/%{version}_1617547225_ss_user_02-13-14_21-49-41__l07_military_.jpg","versions":["medium","medium_2x","profile_pic","profile_pic_new","profile_pic_new_2x","tiny","tiny_2x","small","small_2x","ios_large","ios_small"]}},"file":null,"picture":"https://coub-anubis-a.akamaized.net/coub_storage/coub/simple/cw_image/720f2bbdf73/42734bc74d592680ba02c/med_1626933629_00032.jpg","timeline_picture":"https://coub-anubis-a.akamaized.net/coub_storage/coub/simple/cw_timeline_pic/4d815c9adbf/abc2d339df7b937ce2e17/ios_large_1626933629_image.jpg","small_picture":"https://coub-anubis-a.akamaized.net/coub_storage/coub/simple/cw_image/720f2bbdf73/42734bc74d592680ba02c/ios_mosaic_1626933629_00032.jpg","sharing_picture":null,"percent_done":100,"tags":[],"categories":[{"id":75,"title":"Auto & Technique","permalink":"cars","subscriptions_count":10083456,"big_image_url":"https://coub-anubis-a.akamaized.net/coub_storage/category/cw_image/dcda24f72f3/076e0f1bc1028aa643b02/big_1545566648_Auto.png","small_image_url":"https://coub-anubis-a.akamaized.net/coub_storage/category/cw_image/dcda24f72f3/076e0f1bc1028aa643b02/small_1545566648_Auto.png","med_image_url":"https://coub-anubis-a.akamaized.net/coub_storage/category/cw_image/dcda24f72f3/076e0f1bc1028aa643b02/med_1545566648_Auto.png","visible":true}],"communities":[{"id":75,"title":"Auto & Technique","permalink":"cars","subscriptions_count":10083456,"big_image_url":"https://coub-anubis-a.akamaized.net/coub_storage/category/cw_image/dcda24f72f3/076e0f1bc1028aa643b02/big_1545566648_Auto.png","small_image_url":"https://coub-anubis-a.akamaized.net/coub_storage/category/cw_image/dcda24f72f3/076e0f1bc1028aa643b02/small_1545566648_Auto.png","med_image_url":"https://coub-anubis-a.akamaized.net/coub_storage/category/cw_image/dcda24f72f3/076e0f1bc1028aa643b02/med_1545566648_Auto.png","i_subscribed":true,"community_notifications_enabled":null,"description":null}],"recoubs_count":731,"remixes_count":2,"likes_count":4549,"dislikes_count":0,"raw_video_id":16627538,"uploaded_by_ios_app":false,"uploaded_by_android_app":false,"media_blocks":{"uploaded_raw_videos":[],"external_raw_videos":[{"id":39325871,"title":"Система торможения Вольво","url":"https://www.youtube.com/watch?v=pqGga79cKKo","image":"https://coub-anubis-a.akamaized.net/coub_storage/media_block/cw_image/791e1e0b56a/97c3f9b8c243aa5865eff/video_1626933558_yf5csk_1626933548_1johj3f_att-url-download.jpg","image_retina":"https://coub-anubis-a.akamaized.net/coub_storage/media_block/cw_image/791e1e0b56a/97c3f9b8c243aa5865eff/video_retina_1626933558_yf5csk_1626933548_1johj3f_att-url-download.jpg","meta":{"service":"Youtube","duration":"23.04"},"duration":23.04,"raw_video_id":16627538,"has_embed":true}],"remixed_from_coubs":[],"external_video":{"id":39325871,"title":"Система торможения Вольво","url":"https://www.youtube.com/watch?v=pqGga79cKKo","image":"https://coub-anubis-a.akamaized.net/coub_storage/media_block/cw_image/791e1e0b56a/97c3f9b8c243aa5865eff/video_1626933558_yf5csk_1626933548_1johj3f_att-url-download.jpg","image_retina":"https://coub-anubis-a.akamaized.net/coub_storage/media_block/cw_image/791e1e0b56a/97c3f9b8c243aa5865eff/video_retina_1626933558_yf5csk_1626933548_1johj3f_att-url-download.jpg","meta":{"service":"Youtube","duration":"23.04"},"duration":23.04,"raw_video_id":16627538,"has_embed":true}},"raw_video_thumbnail_url":"https://coub-anubis-a.akamaized.net/coub_storage/raw_video/cw_image/2a641c2ae68/3a6df530de28bcdc8c91d/coub_media_1626933548_1626933548_1johj3f_att-url-download.jpg","raw_video_title":"Система торможения Вольво","video_block_banned":false,"duration":10.0,"promo_winner":false,"promo_winner_recoubers":null,"editorial_info":{},"promo_hint":null,"beeline_best_2014":null,"from_web_editor":true,"normalize_sound":true,"normalize_change_allowed":true,"best2015_addable":false,"ahmad_promo":null,"promo_data":null,"audio_copyright_claim":null,"ads_disabled":false,"is_safe_for_ads":true,"megafon_contents":[],"position_on_page":1},{"flag":null,"abuses":null,"recoubs_by_users_channels":null,"favourite":false,"promoted_id":null,"recoub":null,"like":null,"dislike":null,"reaction":null,"in_my_best2015":false,"id":148997923,"type":"Coub::Simple","permalink":"2gd29d","title":".","visibility_type":"public","original_visibility_type":"public","channel_id":3433408,"created_at":"2020-07-06T18:16:08Z","updated_at":"2022-03-16T11:06:02Z","is_done":true,"views_count":231374,"cotd":null,"cotd_at":null,"visible_on_explore_root":false,"visible_on_explore":false,"featured":false,"published":true,"published_at":"2020-07-06T18:16:08Z","reversed":false,"from_editor_v2":true,"is_editable":true,"original_sound":false,"has_sound":false,"recoub_to":null,"file_versions":{"html5":{"video":{"higher":{"url":"https://coub-anubis-a.akamaized.net/coub_storage/coub/simple/cw_file/8fe4dbbbdda/b0b476baf4a62519976ad/muted_mp4_huge_size_1594059372_muted_huge.mp4","size":3036196},"high":{"url":"https://coub-anubis-a.akamaized.net/coub_storage/coub/simple/cw_file/8fe4dbbbdda/b0b476baf4a62519976ad/muted_mp4_big_size_1594059372_muted_big.mp4","size":1831417},"med":{"url":"https://coub-anubis-a.akamaized.net/coub_storage/coub/simple/cw_file/8fe4dbbbdda/b0b476baf4a62519976ad/muted_mp4_med_size_1594059372_muted_med.mp4","size":720255}},"audio":{"high":{"url":"https://coub-anubis-a.akamaized.net/coub_storage/coub/simple/cw_looped_audio_high/6086ac09c4c/8f466c0f5932f482f0282/1605681878_high_1594059377_high.mp3","size":901516},"med":{"url":"https://coub-anubis-a.akamaized.net/coub_storage/coub/simple/cw_looped_audio_med/722e0ca5936/3f1fcc5a89bb7a3ad31f3/1605681877_med_1594059377_med.mp3","size":847087}}},"mobile":{"video":"https://coub-anubis-a.akamaized.net/coub_storage/coub/simple/cw_file/8fe4dbbbdda/b0b476baf4a62519976ad/muted_mp4_med_size_1594059372_muted_med.mp4","audio":["https://coub-anubis-a.akamaized.net/coub_storage/coub/simple/cw_looped_audio_med/722e0ca5936/3f1fcc5a89bb7a3ad31f3/1605681877_med_1594059377_med.mp3"]},"share":{"default":"https://coub-anubis-a.akamaized.net/coub_storage/coub/simple/cw_video_for_sharing/93a73b1a2d7/03b011d966d07f32e0f29/1608858684_looped_1608858683.mp4"}},"audio_versions":{"template":"https://coub-anubis-a.akamaized.net/coub_storage/audio_track/cw_file/dbb104931ec/6f5c675c132cf81f64728/mid_1594059373_8roqhu_edited.mp3","versions":["mid","low"]},"image_versions":{"template":"https://coub-anubis-a.akamaized.net/coub_storage/coub/simple/cw_image/2e27865a846/129a8ecbd3b0784606810/1594059384_00028.jpg","versions":["micro","tiny","age_restricted","ios_large","ios_mosaic","big","med","small","pinterest"]},"first_frame_versions":{"template":"https://coub-anubis-a.akamaized.net/coub_storage/coub/simple/cw_timeline_pic/34e2c5f5082/8f90be3947b7763a57fa8/%{version}_1594059384_image.jpg","versions":["big","med","small","ios_large"]},"dimensions":{"big":[1280,720],"med":[640,360]},"site_w_h":[640,360],"page_w_h":[640,360],"site_w_h_small":[310,174],"size":[1280,720],"age_restricted":false,"age_restricted_by_admin":false,"not_safe_for_work":null,"allow_reuse":false,"dont_crop":false,"banned":false,"global_safe":false,"audio_file_url":"https://coub-anubis-a.akamaized.net/coub_storage/audio_track/cw_file/dbb104931ec/6f5c675c132cf81f64728/low_1594059373_8roqhu_edited.mp3","external_download":false,"application":null,"channel":{"id":3433408,"permalink":"vitragon","title":"VitragON","description":"no comment","followers_count":862,"following_count":30,"avatar_versions":{"template":"https://coub-anubis-a.akamaized.net/coub_storage/channel/cw_avatar/1719f9a47e9/0cb834b2f5666d120e273/%{version}_1606568109_cropped.jpeg","versions":["medium","medium_2x","profile_pic","profile_pic_new","profile_pic_new_2x","tiny","tiny_2x","small","small_2x","ios_large","ios_small"]}},"file":null,"picture":"https://coub-anubis-a.akamaized.net/coub_storage/coub/simple/cw_image/2e27865a846/129a8ecbd3b0784606810/1594059384_00028.jpg","timeline_picture":"https://coub-anubis-a.akamaized.net/coub_storage/coub/simple/cw_timeline_pic/34e2c5f5082/8f90be3947b7763a57fa8/ios_large_1594059384_image.jpg","small_picture":"https://coub-anubis-a.akamaized.net/coub_storage/coub/simple/cw_image/2e27865a846/129a8ecbd3b0784606810/1594059384_00028.jpg","sharing_picture":null,"percent_done":100,"tags":[{"id":1904,"title":"auto","value":"auto"}],"categories":[{"id":75,"title":"Auto & Technique","permalink":"cars","subscriptions_count":10083456,"big_image_url":"https://coub-anubis-a.akamaized.net/coub_storage/category/cw_image/dcda24f72f3/076e0f1bc1028aa643b02/big_1545566648_Auto.png","small_image_url":"https://coub-anubis-a.akamaized.net/coub_storage/category/cw_image/dcda24f72f3/076e0f1bc1028aa643b02/small_1545566648_Auto.png","med_image_url":"https://coub-anubis-a.akamaized.net/coub_storage/category/cw_image/dcda24f72f3/076e0f1bc1028aa643b02/med_1545566648_Auto.png","visible":true}],"communities":[{"id":75,"title":"Auto & Technique","permalink":"cars","subscriptions_count":10083456,"big_image_url":"https://coub-anubis-a.akamaized.net/coub_storage/category/cw_image/dcda24f72f3/076e0f1bc1028aa643b02/big_1545566648_Auto.png","small_image_url":"https://coub-anubis-a.akamaized.net/coub_storage/category/cw_image/dcda24f72f3/076e0f1bc1028aa643b02/small_1545566648_Auto.png","med_image_url":"https://coub-anubis-a.akamaized.net/coub_storage/category/cw_image/dcda24f72f3/076e0f1bc1028aa643b02/med_1545566648_Auto.png","i_subscribed":true,"community_notifications_enabled":null,"description":null}],"recoubs_count":883,"remixes_count":0,"likes_count":4547,"dislikes_count":0,"raw_video_id":15428423,"uploaded_by_ios_app":false,"uploaded_by_android_app":true,"media_blocks":{"uploaded_raw_videos":[],"external_raw_videos":[],"remixed_from_coubs":[]},"raw_video_thumbnail_url":"/missing/missing.png","raw_video_title":null,"video_block_banned":false,"duration":8.72,"promo_winner":false,"promo_winner_recoubers":null,"editorial_info":{},"promo_hint":null,"beeline_best_2014":null,"from_web_editor":false,"normalize_sound":true,"normalize_change_allowed":true,"best2015_addable":false,"ahmad_promo":null,"promo_data":null,"audio_copyright_claim":null,"ads_disabled":null,"is_safe_for_ads":true,"megafon_contents":[],"position_on_page":2},{"flag":null,"abuses":null,"recoubs_by_users_channels":null,"favourite":false,"promoted_id":null,"recoub":null,"like":null,"dislike":null,"reaction":null,"in_my_best2015":false,"id":54338517,"type":"Coub::Simple","permalink":"vwitf","title":"Odnokontaktnaya","visibility_type":"public","original_visibility_type":"public","channel_id":2137656,"created_at":"2017-07-14T09:19:18Z","updated_at":"2022-03-18T06:33:37Z","is_done":true,"views_count":587836,"cotd":null,"cotd_at":null,"visible_on_explore_root":false,"visible_on_explore":false,"featured":false,"published":true,"published_at":"2017-07-14T09:19:18Z","reversed":false,"from_editor_v2":true,"is_editable":true,"original_sound":true,"has_sound":true,"recoub_to":null,"file_versions":{"html5":{"video":{"higher":{"url":"https://coub-anubis-a.akamaized.net/coub_storage/coub/simple/cw_file/4d12e8e4491/26994f28a1cdec1ff6ba6/muted_mp4_huge_size_1568128849_muted_huge.mp4","size":4032755},"high":{"url":"https://coub-anubis-a.akamaized.net/coub_storage/coub/simple/cw_file/4d12e8e4491/26994f28a1cdec1ff6ba6/muted_mp4_big_size_1568128849_muted_big.mp4","size":3161496},"med":{"url":"https://coub-anubis-a.akamaized.net/coub_storage/coub/simple/cw_file/4d12e8e4491/26994f28a1cdec1ff6ba6/muted_mp4_med_size_1568128849_muted_med.mp4","size":717284}},"audio":{"high":{"url":"https://coub-anubis-a.akamaized.net/coub_storage/coub/simple/cw_looped_audio_high/8a3c8dbbb97/3e0887c747990d0ac3035/1605610809_high_1500023983_high.mp3","size":1105528},"med":{"url":"https://coub-anubis-a.akamaized.net/coub_storage/coub/simple/cw_looped_audio_med/69be5d94c2d/8c1046104fa33269df3e9/1605610808_med_1500023983_med.mp3","size":799076},"sample_duration":10.009}},"mobile":{"video":"https://coub-anubis-a.akamaized.net/coub_storage/coub/simple/cw_file/4d12e8e4491/26994f28a1cdec1ff6ba6/muted_mp4_med_size_1568128849_muted_med.mp4","audio":["https://coub-anubis-a.akamaized.net/coub_storage/coub/simple/cw_looped_audio_med/69be5d94c2d/8c1046104fa33269df3e9/1605610808_med_1500023983_med.mp3"]},"share":{"default":"https://coub-anubis-a.akamaized.net/coub_storage/coub/simple/cw_video_for_sharing/7d8ea6c5071/2074c9cb251261339a0b6/1610171637_looped_1610171636.mp4"}},"audio_versions":{},"image_versions":{"template":"https://coub-anubis-a.akamaized.net/coub_storage/coub/simple/cw_image/4d952ebcd70/b63774cbeb88effe90fbb/1500023995_00032.jpg","versions":["micro","tiny","age_restricted","ios_large","ios_mosaic","big","med","small","pinterest"]},"first_frame_versions":{"template":"https://coub-anubis-a.akamaized.net/coub_storage/coub/simple/cw_timeline_pic/1870a72c2d4/f68465a9dfa1ab6355389/%{version}_1500023994_image.jpg","versions":["big","med","small","ios_large"]},"dimensions":{"big":[1280,720],"med":[640,360]},"site_w_h":[640,360],"page_w_h":[640,360],"site_w_h_small":[310,174],"size":[1280,720],"age_restricted":false,"age_restricted_by_admin":false,"not_safe_for_work":false,"allow_reuse":false,"dont_crop":false,"banned":false,"global_safe":false,"audio_file_url":null,"external_download":false,"application":null,"channel":{"id":2137656,"permalink":"neoncoub","title":"Neon","description":"Follow the Glow","followers_count":4405,"following_count":361,"avatar_versions":{"template":"https://coub-anubis-a.akamaized.net/coub_storage/channel/cw_avatar/b580e016af9/2bb0dcd4efa6987063d8f/%{version}_1607812135_1mbo7t7_1470687352_Neon_Big.png","versions":["medium","medium_2x","profile_pic","profile_pic_new","profile_pic_new_2x","tiny","tiny_2x","small","small_2x","ios_large","ios_small"]}},"file":null,"picture":"https://coub-anubis-a.akamaized.net/coub_storage/coub/simple/cw_image/4d952ebcd70/b63774cbeb88effe90fbb/1500023995_00032.jpg","timeline_picture":"https://coub-anubis-a.akamaized.net/coub_storage/coub/simple/cw_timeline_pic/1870a72c2d4/f68465a9dfa1ab6355389/ios_large_1500023994_image.jpg","small_picture":"https://coub-anubis-a.akamaized.net/coub_storage/coub/simple/cw_image/4d952ebcd70/b63774cbeb88effe90fbb/1500023995_00032.jpg","sharing_picture":null,"percent_done":100,"tags":[{"id":1115,"title":"joke","value":"joke"},{"id":170,"title":"lol","value":"lol"},{"id":2707,"title":"omg","value":"omg"},{"id":1253,"title":"wtf","value":"wtf"},{"id":4634,"title":"prank","value":"prank"},{"id":12662,"title":"gag","value":"gag"},{"id":10449,"title":"jokes","value":"jokes"},{"id":292,"title":"humor","value":"humor"},{"id":1091,"title":"humour","value":"humour"},{"id":1485,"title":"comedy","value":"comedy"},{"id":2505,"title":"smile","value":"smile"},{"id":1904,"title":"auto","value":"auto"},{"id":6941,"title":"geek","value":"geek"},{"id":169,"title":"fun","value":"fun"},{"id":174,"title":"funny","value":"funny"},{"id":2882,"title":"авто","value":"%D0%B0%D0%B2%D1%82%D0%BE"},{"id":882,"title":"прикол","value":"%D0%BF%D1%80%D0%B8%D0%BA%D0%BE%D0%BB"},{"id":4930,"title":"шутка","value":"%D1%88%D1%83%D1%82%D0%BA%D0%B0"},{"id":4679,"title":"шутки","value":"%D1%88%D1%83%D1%82%D0%BA%D0%B8"},{"id":1264,"title":"смех","value":"%D1%81%D0%BC%D0%B5%D1%85"}],"categories":[{"id":75,"title":"Auto & Technique","permalink":"cars","subscriptions_count":10083456,"big_image_url":"https://coub-anubis-a.akamaized.net/coub_storage/category/cw_image/dcda24f72f3/076e0f1bc1028aa643b02/big_1545566648_Auto.png","small_image_url":"https://coub-anubis-a.akamaized.net/coub_storage/category/cw_image/dcda24f72f3/076e0f1bc1028aa643b02/small_1545566648_Auto.png","med_image_url":"https://coub-anubis-a.akamaized.net/coub_storage/category/cw_image/dcda24f72f3/076e0f1bc1028aa643b02/med_1545566648_Auto.png","visible":true}],"communities":[{"id":75,"title":"Auto & Technique","permalink":"cars","subscriptions_count":10083456,"big_image_url":"https://coub-anubis-a.akamaized.net/coub_storage/category/cw_image/dcda24f72f3/076e0f1bc1028aa643b02/big_1545566648_Auto.png","small_image_url":"https://coub-anubis-a.akamaized.net/coub_storage/category/cw_image/dcda24f72f3/076e0f1bc1028aa643b02/small_1545566648_Auto.png","med_image_url":"https://coub-anubis-a.akamaized.net/coub_storage/category/cw_image/dcda24f72f3/076e0f1bc1028aa643b02/med_1545566648_Auto.png","i_subscribed":true,"community_notifications_enabled":null,"description":null}],"recoubs_count":1002,"remixes_count":1,"likes_count":4545,"dislikes_count":0,"raw_video_id":9942717,"uploaded_by_ios_app":false,"uploaded_by_android_app":false,"media_blocks":{"uploaded_raw_videos":[],"external_raw_videos":[],"remixed_from_coubs":[]},"raw_video_thumbnail_url":"/missing/missing.png","raw_video_title":"__________.mp4","video_block_banned":false,"duration":10.04,"promo_winner":false,"promo_winner_recoubers":null,"editorial_info":{},"promo_hint":null,"beeline_best_2014":null,"from_web_editor":true,"normalize_sound":false,"normalize_change_allowed":true,"best2015_addable":false,"ahmad_promo":null,"promo_data":null,"audio_copyright_claim":null,"ads_disabled":null,"is_safe_for_ads":true,"megafon_contents":[],"position_on_page":3},{"flag":null,"abuses":null,"recoubs_by_users_channels":null,"favourite":false,"promoted_id":null,"recoub":null,"like":null,"dislike":null,"reaction":null,"in_my_best2015":false,"id":108402838,"type":"Coub::Simple","permalink":"1s4tgz","title":"AE 86","visibility_type":"public","original_visibility_type":"public","channel_id":1836207,"created_at":"2019-04-10T21:28:22Z","updated_at":"2022-03-17T23:08:41Z","is_done":true,"views_count":190007,"cotd":null,"cotd_at":null,"visible_on_explore_root":false,"visible_on_explore":false,"featured":false,"published":true,"published_at":"2019-04-10T21:28:22Z","reversed":false,"from_editor_v2":true,"is_editable":true,"original_sound":false,"has_sound":false,"recoub_to":null,"file_versions":{"html5":{"video":{"higher":{"url":"https://coub-anubis-a.akamaized.net/coub_storage/coub/simple/cw_file/dce67a10b24/b836deffd2e3db353c070/muted_mp4_huge_size_1570281820_muted_huge.mp4","size":3423384},"high":{"url":"https://coub-anubis-a.akamaized.net/coub_storage/coub/simple/cw_file/dce67a10b24/b836deffd2e3db353c070/muted_mp4_big_size_1570281820_muted_big.mp4","size":2556661},"med":{"url":"https://coub-anubis-a.akamaized.net/coub_storage/coub/simple/cw_file/dce67a10b24/b836deffd2e3db353c070/muted_mp4_med_size_1570281820_muted_med.mp4","size":766947}},"audio":{"high":{"url":"https://coub-anubis-a.akamaized.net/coub_storage/coub/simple/cw_looped_audio_high/052705f4ea8/32b6649937afbb7783195/1605683215_high_1554931789_high.mp3","size":5156300},"med":{"url":"https://coub-anubis-a.akamaized.net/coub_storage/coub/simple/cw_looped_audio_med/90857ce1e6f/1f3377a1216800161523d/1605683214_med_1554931789_med.mp3","size":3615520}}},"mobile":{"video":"https://coub-anubis-a.akamaized.net/coub_storage/coub/simple/cw_file/dce67a10b24/b836deffd2e3db353c070/muted_mp4_med_size_1570281820_muted_med.mp4","audio":["https://coub-anubis-a.akamaized.net/coub_storage/coub/simple/cw_looped_audio_med/90857ce1e6f/1f3377a1216800161523d/1605683214_med_1554931789_med.mp3"]},"share":{"default":"https://coub-anubis-a.akamaized.net/coub_storage/coub/simple/cw_video_for_sharing/5df567a8973/49ea89aa7e4166b2393bc/1608758929_looped_1608758927.mp4"}},"audio_versions":{"template":"https://coub-anubis-a.akamaized.net/coub_storage/audio_track/cw_normalized_copy/faad746da97/4a251afa08058172fdcb9/mid_1554931765_normalized_1554931728_1plmvx2_edited.mp3","versions":["mid","low"]},"image_versions":{"template":"https://coub-anubis-a.akamaized.net/coub_storage/coub/simple/cw_image/9f00f91cb76/e67ed2b58e95ca8a848ac/1554931817_00029.jpg","versions":["micro","tiny","age_restricted","ios_large","ios_mosaic","big","med","small","pinterest"]},"first_frame_versions":{"template":"https://coub-anubis-a.akamaized.net/coub_storage/coub/simple/cw_timeline_pic/eea1cc1ce00/5772cfe9c158de9fd5889/%{version}_1554931816_image.jpg","versions":["big","med","small","ios_large"]},"dimensions":{"big":[1280,720],"med":[640,360]},"site_w_h":[640,360],"page_w_h":[640,360],"site_w_h_small":[310,174],"size":[1280,720],"age_restricted":false,"age_restricted_by_admin":false,"not_safe_for_work":false,"allow_reuse":false,"dont_crop":false,"banned":false,"global_safe":true,"audio_file_url":"https://coub-anubis-a.akamaized.net/coub_storage/audio_track/cw_normalized_copy/faad746da97/4a251afa08058172fdcb9/low_1554931765_normalized_1554931728_1plmvx2_edited.mp3","external_download":false,"application":null,"channel":{"id":1836207,"permalink":"lnlamzik","title":"Lambo","description":null,"followers_count":79,"following_count":12,"avatar_versions":{"template":"https://coub-anubis-a.akamaized.net/coub_storage/channel/cw_avatar/dcc6bd98913/8ba560bc66a9ea8303201/%{version}_1608156182_4jcgcb_1522149064_DE7dkk62gzY.jpg","versions":["medium","medium_2x","profile_pic","profile_pic_new","profile_pic_new_2x","tiny","tiny_2x","small","small_2x","ios_large","ios_small"]}},"file":null,"picture":"https://coub-anubis-a.akamaized.net/coub_storage/coub/simple/cw_image/9f00f91cb76/e67ed2b58e95ca8a848ac/1554931817_00029.jpg","timeline_picture":"https://coub-anubis-a.akamaized.net/coub_storage/coub/simple/cw_timeline_pic/eea1cc1ce00/5772cfe9c158de9fd5889/ios_large_1554931816_image.jpg","small_picture":"https://coub-anubis-a.akamaized.net/coub_storage/coub/simple/cw_image/9f00f91cb76/e67ed2b58e95ca8a848ac/1554931817_00029.jpg","sharing_picture":null,"percent_done":100,"tags":[{"id":515,"title":"driving","value":"driving"},{"id":1173,"title":"car","value":"car"},{"id":20294,"title":"toyota","value":"toyota"},{"id":35033,"title":"ae86","value":"ae86"},{"id":1352,"title":"london","value":"london"},{"id":467,"title":"night","value":"night"},{"id":1902,"title":"cruise","value":"cruise"},{"id":1170,"title":"city","value":"city"},{"id":16858,"title":"initial d","value":"initial%20d"},{"id":1952097,"title":"drivetribe","value":"drivetribe"},{"id":993,"title":"cars","value":"cars"},{"id":194,"title":"retro","value":"retro"},{"id":1608,"title":"80s","value":"80s"},{"id":23350,"title":"synth","value":"synth"},{"id":6514,"title":"japan","value":"japan"},{"id":838,"title":"japanese","value":"japanese"}],"categories":[{"id":75,"title":"Auto & Technique","permalink":"cars","subscriptions_count":10083456,"big_image_url":"https://coub-anubis-a.akamaized.net/coub_storage/category/cw_image/dcda24f72f3/076e0f1bc1028aa643b02/big_1545566648_Auto.png","small_image_url":"https://coub-anubis-a.akamaized.net/coub_storage/category/cw_image/dcda24f72f3/076e0f1bc1028aa643b02/small_1545566648_Auto.png","med_image_url":"https://coub-anubis-a.akamaized.net/coub_storage/category/cw_image/dcda24f72f3/076e0f1bc1028aa643b02/med_1545566648_Auto.png","visible":true}],"communities":[{"id":75,"title":"Auto & Technique","permalink":"cars","subscriptions_count":10083456,"big_image_url":"https://coub-anubis-a.akamaized.net/coub_storage/category/cw_image/dcda24f72f3/076e0f1bc1028aa643b02/big_1545566648_Auto.png","small_image_url":"https://coub-anubis-a.akamaized.net/coub_storage/category/cw_image/dcda24f72f3/076e0f1bc1028aa643b02/small_1545566648_Auto.png","med_image_url":"https://coub-anubis-a.akamaized.net/coub_storage/category/cw_image/dcda24f72f3/076e0f1bc1028aa643b02/med_1545566648_Auto.png","i_subscribed":true,"community_notifications_enabled":null,"description":null}],"recoubs_count":941,"remixes_count":5,"likes_count":4541,"dislikes_count":0,"raw_video_id":"","uploaded_by_ios_app":false,"uploaded_by_android_app":false,"media_blocks":{"uploaded_raw_videos":[],"external_raw_videos":[],"remixed_from_coubs":[{"id":24968783,"title":"The Escape: Initial D Tribute","url":"http://coub.com/coubs/13wxzu/remix","image":"https://coub-anubis-a.akamaized.net/coub_storage/media_block/cw_image/94ba0cfa5a1/854110cae8a4018e5df82/1519501915_1519501891_00029.jpg","image_retina":"https://coub-anubis-a.akamaized.net/coub_storage/media_block/cw_image/94ba0cfa5a1/854110cae8a4018e5df82/1519501915_1519501891_00029.jpg","meta":{"duration":"9.08"},"duration":null,"coub_channel_title":"Mr.KOT","coub_channel_permalink":"mr.kot94","coub_views_count":123317,"coub_permalink":"13wxzu"}]},"raw_video_thumbnail_url":"","raw_video_title":"","video_block_banned":false,"duration":9.08,"promo_winner":false,"promo_winner_recoubers":null,"editorial_info":{},"promo_hint":null,"beeline_best_2014":null,"from_web_editor":true,"normalize_sound":true,"normalize_change_allowed":true,"best2015_addable":false,"ahmad_promo":null,"promo_data":null,"audio_copyright_claim":null,"ads_disabled":false,"is_safe_for_ads":true,"megafon_contents":[],"position_on_page":4},{"flag":null,"abuses":null,"recoubs_by_users_channels":null,"favourite":false,"promoted_id":null,"recoub":null,"like":null,"dislike":null,"reaction":null,"in_my_best2015":false,"id":104881055,"type":"Coub::Simple","permalink":"1q1c0w","title":"Doc Hudson is you?","visibility_type":"public","original_visibility_type":"public","channel_id":1559707,"created_at":"2019-03-10T12:47:30Z","updated_at":"2022-03-18T00:48:37Z","is_done":true,"views_count":201336,"cotd":null,"cotd_at":null,"visible_on_explore_root":false,"visible_on_explore":false,"featured":false,"published":true,"published_at":"2019-03-10T12:47:30Z","reversed":false,"from_editor_v2":true,"is_editable":true,"original_sound":false,"has_sound":false,"recoub_to":null,"file_versions":{"html5":{"video":{"higher":{"url":"https://coub-anubis-a.akamaized.net/coub_storage/coub/simple/cw_file/8e2fddbca66/5bbeadf9273c25179e831/muted_mp4_huge_size_1570511135_muted_huge.mp4","size":4465094},"high":{"url":"https://coub-anubis-a.akamaized.net/coub_storage/coub/simple/cw_file/8e2fddbca66/5bbeadf9273c25179e831/muted_mp4_big_size_1570511135_muted_big.mp4","size":3181644},"med":{"url":"https://coub-anubis-a.akamaized.net/coub_storage/coub/simple/cw_file/8e2fddbca66/5bbeadf9273c25179e831/muted_mp4_med_size_1570511135_muted_med.mp4","size":945708}},"audio":{"high":{"url":"https://coub-anubis-a.akamaized.net/coub_storage/coub/simple/cw_looped_audio_high/97a04194033/0a22901822441e36a6ef7/1605677144_high_1552222105_high.mp3","size":4042501},"med":{"url":"https://coub-anubis-a.akamaized.net/coub_storage/coub/simple/cw_looped_audio_med/dba33709d0d/ce70be7c83f5492c6c75e/1605677143_med_1552222105_med.mp3","size":2964557}}},"mobile":{"video":"https://coub-anubis-a.akamaized.net/coub_storage/coub/simple/cw_file/8e2fddbca66/5bbeadf9273c25179e831/muted_mp4_med_size_1570511135_muted_med.mp4","audio":["https://coub-anubis-a.akamaized.net/coub_storage/coub/simple/cw_looped_audio_med/dba33709d0d/ce70be7c83f5492c6c75e/1605677143_med_1552222105_med.mp3"]},"share":{"default":"https://coub-anubis-a.akamaized.net/coub_storage/coub/simple/cw_video_for_sharing/8f4e2ccf7fb/4dbab5b12f042e6c705e0/1611774993_looped_1611774992.mp4"}},"audio_versions":{"template":"https://coub-anubis-a.akamaized.net/coub_storage/audio_track/cw_normalized_copy/d8ee0805f9d/0d6511013023b69326f0f/mid_1552222092_normalized_1552222067_qkfryk_edited.mp3","versions":["mid","low"]},"image_versions":{"template":"https://coub-anubis-a.akamaized.net/coub_storage/coub/simple/cw_image/4437db1016c/df651f5abad7a3da6e7b4/1552222120_00032.jpg","versions":["micro","tiny","age_restricted","ios_large","ios_mosaic","big","med","small","pinterest"]},"first_frame_versions":{"template":"https://coub-anubis-a.akamaized.net/coub_storage/coub/simple/cw_timeline_pic/fc595182282/7eea37bc098a2c95580f2/%{version}_1552222119_image.jpg","versions":["big","med","small","ios_large"]},"dimensions":{"big":[1280,720],"med":[640,360]},"site_w_h":[640,360],"page_w_h":[640,360],"site_w_h_small":[310,174],"size":[1280,720],"age_restricted":false,"age_restricted_by_admin":false,"not_safe_for_work":false,"allow_reuse":false,"dont_crop":false,"banned":false,"global_safe":true,"audio_file_url":"https://coub-anubis-a.akamaized.net/coub_storage/audio_track/cw_normalized_copy/d8ee0805f9d/0d6511013023b69326f0f/low_1552222092_normalized_1552222067_qkfryk_edited.mp3","external_download":false,"application":null,"channel":{"id":1559707,"permalink":"andrei.dunaev1999","title":"Andrey Dunaev","description":"Просто развлекаюсь","followers_count":73,"following_count":10,"avatar_versions":{"template":"https://coub-anubis-a.akamaized.net/coub_storage/channel/cw_avatar/0083772db90/8109d537fd4b26662cf22/%{version}_1609054689_lok70b_1550789860_9H1-vj8i2zo.jpg","versions":["medium","medium_2x","profile_pic","profile_pic_new","profile_pic_new_2x","tiny","tiny_2x","small","small_2x","ios_large","ios_small"]}},"file":null,"picture":"https://coub-anubis-a.akamaized.net/coub_storage/coub/simple/cw_image/4437db1016c/df651f5abad7a3da6e7b4/1552222120_00032.jpg","timeline_picture":"https://coub-anubis-a.akamaized.net/coub_storage/coub/simple/cw_timeline_pic/fc595182282/7eea37bc098a2c95580f2/ios_large_1552222119_image.jpg","small_picture":"https://coub-anubis-a.akamaized.net/coub_storage/coub/simple/cw_image/4437db1016c/df651f5abad7a3da6e7b4/1552222120_00032.jpg","sharing_picture":null,"percent_done":100,"tags":[{"id":636,"title":"drift","value":"drift"},{"id":244656,"title":"american car","value":"american%20car"},{"id":139269,"title":"classic car","value":"classic%20car"},{"id":249458,"title":"musclecar","value":"musclecar"},{"id":993,"title":"cars","value":"cars"},{"id":105200,"title":"cars2","value":"cars2"},{"id":2267550,"title":"cars3","value":"cars3"}],"categories":[{"id":75,"title":"Auto & Technique","permalink":"cars","subscriptions_count":10083456,"big_image_url":"https://coub-anubis-a.akamaized.net/coub_storage/category/cw_image/dcda24f72f3/076e0f1bc1028aa643b02/big_1545566648_Auto.png","small_image_url":"https://coub-anubis-a.akamaized.net/coub_storage/category/cw_image/dcda24f72f3/076e0f1bc1028aa643b02/small_1545566648_Auto.png","med_image_url":"https://coub-anubis-a.akamaized.net/coub_storage/category/cw_image/dcda24f72f3/076e0f1bc1028aa643b02/med_1545566648_Auto.png","visible":true}],"communities":[{"id":75,"title":"Auto & Technique","permalink":"cars","subscriptions_count":10083456,"big_image_url":"https://coub-anubis-a.akamaized.net/coub_storage/category/cw_image/dcda24f72f3/076e0f1bc1028aa643b02/big_1545566648_Auto.png","small_image_url":"https://coub-anubis-a.akamaized.net/coub_storage/category/cw_image/dcda24f72f3/076e0f1bc1028aa643b02/small_1545566648_Auto.png","med_image_url":"https://coub-anubis-a.akamaized.net/coub_storage/category/cw_image/dcda24f72f3/076e0f1bc1028aa643b02/med_1545566648_Auto.png","i_subscribed":true,"community_notifications_enabled":null,"description":null}],"recoubs_count":858,"remixes_count":6,"likes_count":4531,"dislikes_count":0,"raw_video_id":"","uploaded_by_ios_app":false,"uploaded_by_android_app":false,"media_blocks":{"uploaded_raw_videos":[],"external_raw_videos":[],"remixed_from_coubs":[{"id":24714161,"title":"pure power [HD]","url":"https://coub.com/coubs/139x92/remix","image":"https://coub-anubis-a.akamaized.net/coub_storage/media_block/cw_image/f7320c4e204/39d798fb8be7c11367b8d/1539369705_vq9e23_1539369693_00032.jpg","image_retina":"https://coub-anubis-a.akamaized.net/coub_storage/media_block/cw_image/f7320c4e204/39d798fb8be7c11367b8d/1539369705_vq9e23_1539369693_00032.jpg","meta":{"duration":"10.0"},"duration":null,"coub_channel_title":"FPCouber","coub_channel_permalink":"fpcouber","coub_views_count":114431,"coub_permalink":"139x92"}]},"raw_video_thumbnail_url":"","raw_video_title":"","video_block_banned":false,"duration":10.0,"promo_winner":false,"promo_winner_recoubers":null,"editorial_info":{},"promo_hint":null,"beeline_best_2014":null,"from_web_editor":true,"normalize_sound":true,"normalize_change_allowed":true,"best2015_addable":false,"ahmad_promo":null,"promo_data":null,"audio_copyright_claim":null,"ads_disabled":false,"is_safe_for_ads":true,"megafon_contents":[],"position_on_page":5},{"flag":null,"abuses":null,"recoubs_by_users_channels":null,"favourite":false,"promoted_id":null,"recoub":null,"like":null,"dislike":null,"reaction":null,"in_my_best2015":false,"id":140584152,"type":"Coub::Simple","permalink":"2bcq3q","title":"R h y t h m O f T h e N i g h t","visibility_type":"public","original_visibility_type":"public","channel_id":1458671,"created_at":"2020-03-27T23:37:57Z","updated_at":"2022-03-18T01:34:09Z","is_done":true,"views_count":320958,"cotd":null,"cotd_at":null,"visible_on_explore_root":true,"visible_on_explore":true,"featured":true,"published":true,"published_at":"2020-03-27T23:37:57Z","reversed":false,"from_editor_v2":true,"is_editable":true,"original_sound":false,"has_sound":false,"recoub_to":null,"file_versions":{"html5":{"video":{"higher":{"url":"https://coub-anubis-a.akamaized.net/coub_storage/coub/simple/cw_file/ee96998f987/574212d73c0d335fe6178/muted_mp4_huge_size_1585352426_muted_huge.mp4","size":4000089},"high":{"url":"https://coub-anubis-a.akamaized.net/coub_storage/coub/simple/cw_file/ee96998f987/574212d73c0d335fe6178/muted_mp4_big_size_1585352426_muted_big.mp4","size":2957820},"med":{"url":"https://coub-anubis-a.akamaized.net/coub_storage/coub/simple/cw_file/ee96998f987/574212d73c0d335fe6178/muted_mp4_med_size_1585352426_muted_med.mp4","size":919471}},"audio":{"high":{"url":"https://coub-anubis-a.akamaized.net/coub_storage/coub/simple/cw_looped_audio_high/1137c8ab37a/ed626dd43af5777da2a0e/1605701535_high_1585352508_high.mp3","size":7663677},"med":{"url":"https://coub-anubis-a.akamaized.net/coub_storage/coub/simple/cw_looped_audio_med/bbfeed9710f/61dda38ad3d2e58e306a3/1605701534_med_1585352508_med.mp3","size":6353465}}},"mobile":{"video":"https://coub-anubis-a.akamaized.net/coub_storage/coub/simple/cw_file/ee96998f987/574212d73c0d335fe6178/muted_mp4_med_size_1585352426_muted_med.mp4","audio":["https://coub-anubis-a.akamaized.net/coub_storage/coub/simple/cw_looped_audio_med/bbfeed9710f/61dda38ad3d2e58e306a3/1605701534_med_1585352508_med.mp3"]},"share":{"default":"https://coub-anubis-a.akamaized.net/coub_storage/coub/simple/cw_video_for_sharing/22ca501b0d1/07e0c4d54d38c62486022/1608214774_looped_1608214773.mp4"}},"audio_versions":{"template":"https://coub-anubis-a.akamaized.net/coub_storage/audio_track/cw_normalized_copy/b69967c4a66/3c3246cae213bc9da09a1/mid_1585352480_normalized_1585352438_13amuud_edited.mp3","versions":["mid","low"]},"image_versions":{"template":"https://coub-anubis-a.akamaized.net/coub_storage/coub/simple/cw_image/c6f445c3cc8/fe59c4f1d7e8396485efa/1585352534_00032.jpg","versions":["micro","tiny","age_restricted","ios_large","ios_mosaic","big","med","small","pinterest"]},"first_frame_versions":{"template":"https://coub-anubis-a.akamaized.net/coub_storage/coub/simple/cw_timeline_pic/b34992d9951/f7bad83e485d23e72a3f5/%{version}_1585352533_image.jpg","versions":["big","med","small","ios_large"]},"dimensions":{"big":[1280,720],"med":[640,360]},"site_w_h":[640,360],"page_w_h":[640,360],"site_w_h_small":[310,174],"size":[1280,720],"age_restricted":false,"age_restricted_by_admin":false,"not_safe_for_work":false,"allow_reuse":false,"dont_crop":false,"banned":false,"global_safe":true,"audio_file_url":"https://coub-anubis-a.akamaized.net/coub_storage/audio_track/cw_normalized_copy/b69967c4a66/3c3246cae213bc9da09a1/low_1585352480_normalized_1585352438_13amuud_edited.mp3","external_download":{"type":"Youtube","service_name":"YouTube","url":"https://www.youtube.com/watch?v=2vBsYCOEfR4","has_embed":true},"application":null,"channel":{"id":1458671,"permalink":"gabor.vajda","title":"Gabor Vajda","description":"Music videos centred around cars, motorcycles, racing, fashion, style and occasional fun.","followers_count":424,"following_count":12,"avatar_versions":{"template":"https://coub-anubis-a.akamaized.net/coub_storage/channel/cw_avatar/a0ff2378d97/98585cccbbf4081444ff1/%{version}_1624523590_busz2.jpg","versions":["medium","medium_2x","profile_pic","profile_pic_new","profile_pic_new_2x","tiny","tiny_2x","small","small_2x","ios_large","ios_small"]}},"file":null,"picture":"https://coub-anubis-a.akamaized.net/coub_storage/coub/simple/cw_image/c6f445c3cc8/fe59c4f1d7e8396485efa/1585352534_00032.jpg","timeline_picture":"https://coub-anubis-a.akamaized.net/coub_storage/coub/simple/cw_timeline_pic/b34992d9951/f7bad83e485d23e72a3f5/ios_large_1585352533_image.jpg","small_picture":"https://coub-anubis-a.akamaized.net/coub_storage/coub/simple/cw_image/c6f445c3cc8/fe59c4f1d7e8396485efa/1585352534_00032.jpg","sharing_picture":null,"percent_done":100,"tags":[{"id":2218971,"title":"街道レーサー","value":"%E8%A1%97%E9%81%93%E3%83%AC%E3%83%BC%E3%82%B5%E3%83%BC"},{"id":2165342,"title":"kaido racer","value":"kaido%20racer"},{"id":2327,"title":"tokyo","value":"tokyo"},{"id":5557534,"title":"japanese kaido racer","value":"japanese%20kaido%20racer"},{"id":5557535,"title":"オーマイ街道レーサー","value":"%E3%82%AA%E3%83%BC%E3%83%9E%E3%82%A4%E8%A1%97%E9%81%93%E3%83%AC%E3%83%BC%E3%82%B5%E3%83%BC"},{"id":5557536,"title":"l型 デュアルマフラー退場","value":"l%E5%9E%8B%20%E3%83%87%E3%83%A5%E3%82%A2%E3%83%AB%E3%83%9E%E3%83%95%E3%83%A9%E3%83%BC%E9%80%80%E5%A0%B4"},{"id":5557537,"title":"fueltanktv","value":"fueltanktv"},{"id":5557538,"title":"fuel tank tv","value":"fuel%20tank%20tv"},{"id":20831,"title":"speedhunters","value":"speedhunters"},{"id":453454,"title":"speed hunters","value":"speed%20hunters"},{"id":160674,"title":"stance works","value":"stance%20works"},{"id":1908,"title":"stanceworks","value":"stanceworks"},{"id":157921,"title":"bosozoku","value":"bosozoku"},{"id":366642,"title":"liberty walk","value":"liberty%20walk"}],"categories":[{"id":75,"title":"Auto & Technique","permalink":"cars","subscriptions_count":10083456,"big_image_url":"https://coub-anubis-a.akamaized.net/coub_storage/category/cw_image/dcda24f72f3/076e0f1bc1028aa643b02/big_1545566648_Auto.png","small_image_url":"https://coub-anubis-a.akamaized.net/coub_storage/category/cw_image/dcda24f72f3/076e0f1bc1028aa643b02/small_1545566648_Auto.png","med_image_url":"https://coub-anubis-a.akamaized.net/coub_storage/category/cw_image/dcda24f72f3/076e0f1bc1028aa643b02/med_1545566648_Auto.png","visible":true}],"communities":[{"id":75,"title":"Auto & Technique","permalink":"cars","subscriptions_count":10083456,"big_image_url":"https://coub-anubis-a.akamaized.net/coub_storage/category/cw_image/dcda24f72f3/076e0f1bc1028aa643b02/big_1545566648_Auto.png","small_image_url":"https://coub-anubis-a.akamaized.net/coub_storage/category/cw_image/dcda24f72f3/076e0f1bc1028aa643b02/small_1545566648_Auto.png","med_image_url":"https://coub-anubis-a.akamaized.net/coub_storage/category/cw_image/dcda24f72f3/076e0f1bc1028aa643b02/med_1545566648_Auto.png","i_subscribed":true,"community_notifications_enabled":null,"description":null}],"recoubs_count":931,"remixes_count":5,"likes_count":4525,"dislikes_count":0,"raw_video_id":14990127,"uploaded_by_ios_app":false,"uploaded_by_android_app":false,"media_blocks":{"uploaded_raw_videos":[],"external_raw_videos":[{"id":35232986,"title":"東京 ドライブ | Tokyo Drive | Kaido Racer Bonus Footage","url":"https://www.youtube.com/watch?v=2vBsYCOEfR4","image":"https://coub-anubis-a.akamaized.net/coub_storage/media_block/cw_image/83ae6dea005/8bcd15dcbea3d1989d9c2/1585351127_1aehe88_1585351105_v5tx9y_att-url-download.jpg","image_retina":"https://coub-anubis-a.akamaized.net/coub_storage/media_block/cw_image/83ae6dea005/8bcd15dcbea3d1989d9c2/1585351127_1aehe88_1585351105_v5tx9y_att-url-download.jpg","meta":{"service":"Youtube","duration":"104.56"},"duration":104.56,"raw_video_id":14990127,"has_embed":true}],"remixed_from_coubs":[],"external_video":{"id":35232986,"title":"東京 ドライブ | Tokyo Drive | Kaido Racer Bonus Footage","url":"https://www.youtube.com/watch?v=2vBsYCOEfR4","image":"https://coub-anubis-a.akamaized.net/coub_storage/media_block/cw_image/83ae6dea005/8bcd15dcbea3d1989d9c2/1585351127_1aehe88_1585351105_v5tx9y_att-url-download.jpg","image_retina":"https://coub-anubis-a.akamaized.net/coub_storage/media_block/cw_image/83ae6dea005/8bcd15dcbea3d1989d9c2/1585351127_1aehe88_1585351105_v5tx9y_att-url-download.jpg","meta":{"service":"Youtube","duration":"104.56"},"duration":104.56,"raw_video_id":14990127,"has_embed":true}},"raw_video_thumbnail_url":"/missing/missing.png","raw_video_title":"東京 ドライブ | Tokyo Drive | Kaido Racer Bonus Footage","video_block_banned":false,"duration":10.0,"promo_winner":false,"promo_winner_recoubers":null,"editorial_info":{},"promo_hint":null,"beeline_best_2014":null,"from_web_editor":true,"normalize_sound":true,"normalize_change_allowed":true,"best2015_addable":false,"ahmad_promo":null,"promo_data":null,"audio_copyright_claim":null,"ads_disabled":false,"is_safe_for_ads":true,"megafon_contents":[],"position_on_page":6},{"flag":null,"abuses":null,"recoubs_by_users_channels":null,"favourite":false,"promoted_id":null,"recoub":null,"like":null,"dislike":null,"reaction":null,"in_my_best2015":false,"id":128447253,"type":"Coub::Simple","permalink":"243dx2","title":"Понаставили машин ","visibility_type":"public","original_visibility_type":"public","channel_id":1426964,"created_at":"2019-11-07T08:23:17Z","updated_at":"2022-03-16T13:31:04Z","is_done":true,"views_count":103280,"cotd":null,"cotd_at":null,"visible_on_explore_root":false,"visible_on_explore":false,"featured":false,"published":true,"published_at":"2019-11-07T08:23:17Z","reversed":false,"from_editor_v2":true,"is_editable":true,"original_sound":true,"has_sound":true,"recoub_to":null,"file_versions":{"html5":{"video":{"higher":{"url":"https://coub-anubis-a.akamaized.net/coub_storage/coub/simple/cw_file/58fb04abbcb/b39be66a4aabea6dcd3bc/muted_mp4_huge_size_1573115001_muted_huge.mp4","size":3133649},"high":{"url":"https://coub-anubis-a.akamaized.net/coub_storage/coub/simple/cw_file/58fb04abbcb/b39be66a4aabea6dcd3bc/muted_mp4_big_size_1573115001_muted_big.mp4","size":2057967},"med":{"url":"https://coub-anubis-a.akamaized.net/coub_storage/coub/simple/cw_file/58fb04abbcb/b39be66a4aabea6dcd3bc/muted_mp4_med_size_1573115001_muted_med.mp4","size":800988}},"audio":{"high":{"url":"https://coub-anubis-a.akamaized.net/coub_storage/coub/simple/cw_looped_audio_high/a6580850c3b/23be21a10b10433bfde67/1605696351_high_1573115001_high.mp3","size":1150603},"med":{"url":"https://coub-anubis-a.akamaized.net/coub_storage/coub/simple/cw_looped_audio_med/a0ce28c1a13/5d382c2b3ae854443b22d/1605696351_med_1573115001_med.mp3","size":799076},"sample_duration":10.008}},"mobile":{"video":"https://coub-anubis-a.akamaized.net/coub_storage/coub/simple/cw_file/58fb04abbcb/b39be66a4aabea6dcd3bc/muted_mp4_med_size_1573115001_muted_med.mp4","audio":["https://coub-anubis-a.akamaized.net/coub_storage/coub/simple/cw_looped_audio_med/a0ce28c1a13/5d382c2b3ae854443b22d/1605696351_med_1573115001_med.mp3"]},"share":{"default":"https://coub-anubis-a.akamaized.net/coub_storage/coub/simple/cw_video_for_sharing/1f0ca4a274d/d19c003a4ed44e8e75d7a/1616806862_looped_1616806861.mp4"}},"audio_versions":{},"image_versions":{"template":"https://coub-anubis-a.akamaized.net/coub_storage/coub/simple/cw_image/66fa2ac795a/3e3c40d2ced0ffd100a6c/1573115010_00032.jpg","versions":["micro","tiny","age_restricted","ios_large","ios_mosaic","big","med","small","pinterest"]},"first_frame_versions":{"template":"https://coub-anubis-a.akamaized.net/coub_storage/coub/simple/cw_timeline_pic/b0baf741cc9/a9c9aeed56ff9be2e67ba/%{version}_1573115009_image.jpg","versions":["big","med","small","ios_large"]},"dimensions":{"big":[528,960],"med":[264,480]},"site_w_h":[220,400],"page_w_h":[400,727],"site_w_h_small":[310,564],"size":[528,960],"age_restricted":false,"age_restricted_by_admin":false,"not_safe_for_work":false,"allow_reuse":false,"dont_crop":false,"banned":false,"global_safe":false,"audio_file_url":null,"external_download":{"type":"Youtube","service_name":"YouTube","url":"https://www.youtube.com/watch?v=3_cpOEsNIk8","has_embed":true},"application":null,"channel":{"id":1426964,"permalink":"best-coub","title":"best coub","description":null,"followers_count":51,"following_count":2,"avatar_versions":{"template":"https://coub-anubis-a.akamaized.net/coub_storage/channel/cw_avatar/a2b85fd600f/148129fe63f3f63638623/%{version}_1607578429_hopg02_1474565417_spaun-otrode-hd_1920x1080.jpg","versions":["medium","medium_2x","profile_pic","profile_pic_new","profile_pic_new_2x","tiny","tiny_2x","small","small_2x","ios_large","ios_small"]}},"file":null,"picture":"https://coub-anubis-a.akamaized.net/coub_storage/coub/simple/cw_image/66fa2ac795a/3e3c40d2ced0ffd100a6c/1573115010_00032.jpg","timeline_picture":"https://coub-anubis-a.akamaized.net/coub_storage/coub/simple/cw_timeline_pic/b0baf741cc9/a9c9aeed56ff9be2e67ba/ios_large_1573115009_image.jpg","small_picture":"https://coub-anubis-a.akamaized.net/coub_storage/coub/simple/cw_image/66fa2ac795a/3e3c40d2ced0ffd100a6c/1573115010_00032.jpg","sharing_picture":null,"percent_done":100,"tags":[{"id":3031084,"title":"юный водитель","value":"%D1%8E%D0%BD%D1%8B%D0%B9%20%D0%B2%D0%BE%D0%B4%D0%B8%D1%82%D0%B5%D0%BB%D1%8C"},{"id":5307067,"title":"ругается за рулём","value":"%D1%80%D1%83%D0%B3%D0%B0%D0%B5%D1%82%D1%81%D1%8F%20%D0%B7%D0%B0%20%D1%80%D1%83%D0%BB%D1%91%D0%BC"},{"id":5307068,"title":"мальчик ругается за рулём","value":"%D0%BC%D0%B0%D0%BB%D1%8C%D1%87%D0%B8%D0%BA%20%D1%80%D1%83%D0%B3%D0%B0%D0%B5%D1%82%D1%81%D1%8F%20%D0%B7%D0%B0%20%D1%80%D1%83%D0%BB%D1%91%D0%BC"},{"id":178735,"title":"твари","value":"%D1%82%D0%B2%D0%B0%D1%80%D0%B8"},{"id":5307069,"title":"ругается на чёрному","value":"%D1%80%D1%83%D0%B3%D0%B0%D0%B5%D1%82%D1%81%D1%8F%20%D0%BD%D0%B0%20%D1%87%D1%91%D1%80%D0%BD%D0%BE%D0%BC%D1%83"},{"id":5307070,"title":"сын дальнобойщика","value":"%D1%81%D1%8B%D0%BD%20%D0%B4%D0%B0%D0%BB%D1%8C%D0%BD%D0%BE%D0%B1%D0%BE%D0%B9%D1%89%D0%B8%D0%BA%D0%B0"},{"id":1192964,"title":"ребёнок за рулём","value":"%D1%80%D0%B5%D0%B1%D1%91%D0%BD%D0%BE%D0%BA%20%D0%B7%D0%B0%20%D1%80%D1%83%D0%BB%D1%91%D0%BC"}],"categories":[{"id":75,"title":"Auto & Technique","permalink":"cars","subscriptions_count":10083456,"big_image_url":"https://coub-anubis-a.akamaized.net/coub_storage/category/cw_image/dcda24f72f3/076e0f1bc1028aa643b02/big_1545566648_Auto.png","small_image_url":"https://coub-anubis-a.akamaized.net/coub_storage/category/cw_image/dcda24f72f3/076e0f1bc1028aa643b02/small_1545566648_Auto.png","med_image_url":"https://coub-anubis-a.akamaized.net/coub_storage/category/cw_image/dcda24f72f3/076e0f1bc1028aa643b02/med_1545566648_Auto.png","visible":true}],"communities":[{"id":75,"title":"Auto & Technique","permalink":"cars","subscriptions_count":10083456,"big_image_url":"https://coub-anubis-a.akamaized.net/coub_storage/category/cw_image/dcda24f72f3/076e0f1bc1028aa643b02/big_1545566648_Auto.png","small_image_url":"https://coub-anubis-a.akamaized.net/coub_storage/category/cw_image/dcda24f72f3/076e0f1bc1028aa643b02/small_1545566648_Auto.png","med_image_url":"https://coub-anubis-a.akamaized.net/coub_storage/category/cw_image/dcda24f72f3/076e0f1bc1028aa643b02/med_1545566648_Auto.png","i_subscribed":true,"community_notifications_enabled":null,"description":null}],"recoubs_count":665,"remixes_count":0,"likes_count":4522,"dislikes_count":0,"raw_video_id":14436686,"uploaded_by_ios_app":false,"uploaded_by_android_app":false,"media_blocks":{"uploaded_raw_videos":[],"external_raw_videos":[{"id":33798951,"title":"Понаставили машин твари","url":"https://www.youtube.com/watch?v=3_cpOEsNIk8","image":"https://coub-anubis-a.akamaized.net/coub_storage/media_block/cw_image/dba28445ed0/a093e61856d041fbfd395/1573114889_1wapfz4_1573114883_1cr9u48_att-url-download.jpg","image_retina":"https://coub-anubis-a.akamaized.net/coub_storage/media_block/cw_image/dba28445ed0/a093e61856d041fbfd395/1573114889_1wapfz4_1573114883_1cr9u48_att-url-download.jpg","meta":{"service":"Youtube","duration":"27.88"},"duration":27.88,"raw_video_id":14436686,"has_embed":true}],"remixed_from_coubs":[],"external_video":{"id":33798951,"title":"Понаставили машин твари","url":"https://www.youtube.com/watch?v=3_cpOEsNIk8","image":"https://coub-anubis-a.akamaized.net/coub_storage/media_block/cw_image/dba28445ed0/a093e61856d041fbfd395/1573114889_1wapfz4_1573114883_1cr9u48_att-url-download.jpg","image_retina":"https://coub-anubis-a.akamaized.net/coub_storage/media_block/cw_image/dba28445ed0/a093e61856d041fbfd395/1573114889_1wapfz4_1573114883_1cr9u48_att-url-download.jpg","meta":{"service":"Youtube","duration":"27.88"},"duration":27.88,"raw_video_id":14436686,"has_embed":true}},"raw_video_thumbnail_url":"/missing/missing.png","raw_video_title":"Понаставили машин твари","video_block_banned":false,"duration":10.0,"promo_winner":false,"promo_winner_recoubers":null,"editorial_info":{},"promo_hint":null,"beeline_best_2014":null,"from_web_editor":true,"normalize_sound":true,"normalize_change_allowed":true,"best2015_addable":false,"ahmad_promo":null,"promo_data":null,"audio_copyright_claim":null,"ads_disabled":false,"is_safe_for_ads":true,"megafon_contents":[],"position_on_page":7},{"flag":null,"abuses":null,"recoubs_by_users_channels":null,"favourite":false,"promoted_id":null,"recoub":null,"like":null,"dislike":null,"reaction":null,"in_my_best2015":false,"id":162036106,"type":"Coub::Simple","permalink":"2o4iol","title":"HONDA CB 1000","visibility_type":"public","original_visibility_type":"public","channel_id":3739967,"created_at":"2021-01-18T17:04:26Z","updated_at":"2022-03-17T00:18:48Z","is_done":true,"views_count":229045,"cotd":null,"cotd_at":null,"visible_on_explore_root":false,"visible_on_explore":false,"featured":false,"published":true,"published_at":"2021-01-18T17:04:26Z","reversed":false,"from_editor_v2":true,"is_editable":true,"original_sound":true,"has_sound":true,"recoub_to":null,"file_versions":{"html5":{"video":{"higher":{"url":"https://coub-anubis-a.akamaized.net/coub_storage/coub/simple/cw_file/d18335834b3/88a0c0f2cb21b46cfc440/muted_mp4_huge_size_1610989480_muted_huge.mp4","size":4601391},"high":{"url":"https://coub-anubis-a.akamaized.net/coub_storage/coub/simple/cw_file/d18335834b3/88a0c0f2cb21b46cfc440/muted_mp4_big_size_1610989480_muted_big.mp4","size":3051027},"med":{"url":"https://coub-anubis-a.akamaized.net/coub_storage/coub/simple/cw_file/d18335834b3/88a0c0f2cb21b46cfc440/muted_mp4_med_size_1610989480_muted_med.mp4","size":995810}},"audio":{"high":{"url":"https://coub-anubis-a.akamaized.net/coub_storage/coub/simple/cw_looped_audio_high/8fb59ba9213/e303bec88beb86b4f0274/1610989481_mp3-high.mp3","size":911424},"med":{"url":"https://coub-anubis-a.akamaized.net/coub_storage/coub/simple/cw_looped_audio_med/390bc16d88f/2985b418c3bd94673e8e8/1610989481_mp3-med.mp3","size":799076},"sample_duration":10.008}},"mobile":{"video":"https://coub-anubis-a.akamaized.net/coub_storage/coub/simple/cw_file/d18335834b3/88a0c0f2cb21b46cfc440/muted_mp4_med_size_1610989480_muted_med.mp4","audio":["https://coub-anubis-a.akamaized.net/coub_storage/coub/simple/cw_looped_audio_med/390bc16d88f/2985b418c3bd94673e8e8/1610989481_mp3-med.mp3"]},"share":{"default":"https://coub-anubis-a.akamaized.net/coub_storage/coub/simple/cw_video_for_sharing/9a233ccb453/913d0d13717e1d57ece19/1610989515_looped_1610989514.mp4"}},"audio_versions":{},"image_versions":{"template":"https://coub-anubis-a.akamaized.net/coub_storage/coub/simple/cw_image/81f471688b2/4c008934be069a237dc92/%{version}_1610989487_00032.jpg","versions":["micro","tiny","age_restricted","ios_large","ios_mosaic","big","med","small","pinterest"]},"first_frame_versions":{"template":"https://coub-anubis-a.akamaized.net/coub_storage/coub/simple/cw_timeline_pic/1000e50e0df/ff4980aa13c1a0373924b/%{version}_1610989487_image.jpg","versions":["big","med","small","ios_large"]},"dimensions":{"big":[1280,720],"med":[640,360]},"site_w_h":[640,360],"page_w_h":[640,360],"site_w_h_small":[310,174],"size":[1280,720],"age_restricted":false,"age_restricted_by_admin":false,"not_safe_for_work":false,"allow_reuse":false,"dont_crop":true,"banned":false,"global_safe":false,"audio_file_url":null,"external_download":false,"application":null,"channel":{"id":3739967,"permalink":"thats-a-tuna-bro","title":"That's a tuna, bro","description":null,"followers_count":29,"following_count":18,"avatar_versions":{"template":"https://coub-anubis-a.akamaized.net/coub_storage/channel/cw_avatar/bc718abcf4e/943aae0552ed9031e8b27/%{version}_1608876394_1pf7nfp_1533321150_c9efcbc7f838d5fcfab950731f7df960.jpg","versions":["medium","medium_2x","profile_pic","profile_pic_new","profile_pic_new_2x","tiny","tiny_2x","small","small_2x","ios_large","ios_small"]}},"file":null,"picture":"https://coub-anubis-a.akamaized.net/coub_storage/coub/simple/cw_image/81f471688b2/4c008934be069a237dc92/med_1610989487_00032.jpg","timeline_picture":"https://coub-anubis-a.akamaized.net/coub_storage/coub/simple/cw_timeline_pic/1000e50e0df/ff4980aa13c1a0373924b/ios_large_1610989487_image.jpg","small_picture":"https://coub-anubis-a.akamaized.net/coub_storage/coub/simple/cw_image/81f471688b2/4c008934be069a237dc92/ios_mosaic_1610989487_00032.jpg","sharing_picture":null,"percent_done":100,"tags":[{"id":6114849,"title":"honda cb 1000","value":"honda%20cb%201000"},{"id":4861,"title":"обзор","value":"%D0%BE%D0%B1%D0%B7%D0%BE%D1%80"},{"id":3218,"title":"мотоцикл","value":"%D0%BC%D0%BE%D1%82%D0%BE%D1%86%D0%B8%D0%BA%D0%BB"},{"id":6114812,"title":"литруха","value":"%D0%BB%D0%B8%D1%82%D1%80%D1%83%D1%85%D0%B0"},{"id":6114850,"title":"1000 кубов","value":"1000%20%D0%BA%D1%83%D0%B1%D0%BE%D0%B2"},{"id":3223127,"title":"лучший мотоцикл","value":"%D0%BB%D1%83%D1%87%D1%88%D0%B8%D0%B9%20%D0%BC%D0%BE%D1%82%D0%BE%D1%86%D0%B8%D0%BA%D0%BB"},{"id":118864,"title":"литр","value":"%D0%BB%D0%B8%D1%82%D1%80"},{"id":75415,"title":"клитор","value":"%D0%BA%D0%BB%D0%B8%D1%82%D0%BE%D1%80"},{"id":3740657,"title":"explosive mike","value":"explosive%20mike"},{"id":6114813,"title":"https://youtu.be/67kdtys-t2a","value":"https://youtu.be/67kdtys-t2a"},{"id":361012,"title":"you dead","value":"you%20dead"},{"id":24747,"title":"поехал","value":"%D0%BF%D0%BE%D0%B5%D1%85%D0%B0%D0%BB"},{"id":6114851,"title":"старый японец","value":"%D1%81%D1%82%D0%B0%D1%80%D1%8B%D0%B9%20%D1%8F%D0%BF%D0%BE%D0%BD%D0%B5%D1%86"}],"categories":[{"id":75,"title":"Auto & Technique","permalink":"cars","subscriptions_count":10083456,"big_image_url":"https://coub-anubis-a.akamaized.net/coub_storage/category/cw_image/dcda24f72f3/076e0f1bc1028aa643b02/big_1545566648_Auto.png","small_image_url":"https://coub-anubis-a.akamaized.net/coub_storage/category/cw_image/dcda24f72f3/076e0f1bc1028aa643b02/small_1545566648_Auto.png","med_image_url":"https://coub-anubis-a.akamaized.net/coub_storage/category/cw_image/dcda24f72f3/076e0f1bc1028aa643b02/med_1545566648_Auto.png","visible":true}],"communities":[{"id":75,"title":"Auto & Technique","permalink":"cars","subscriptions_count":10083456,"big_image_url":"https://coub-anubis-a.akamaized.net/coub_storage/category/cw_image/dcda24f72f3/076e0f1bc1028aa643b02/big_1545566648_Auto.png","small_image_url":"https://coub-anubis-a.akamaized.net/coub_storage/category/cw_image/dcda24f72f3/076e0f1bc1028aa643b02/small_1545566648_Auto.png","med_image_url":"https://coub-anubis-a.akamaized.net/coub_storage/category/cw_image/dcda24f72f3/076e0f1bc1028aa643b02/med_1545566648_Auto.png","i_subscribed":true,"community_notifications_enabled":null,"description":null}],"recoubs_count":847,"remixes_count":1,"likes_count":4521,"dislikes_count":0,"raw_video_id":16081862,"uploaded_by_ios_app":false,"uploaded_by_android_app":false,"media_blocks":{"uploaded_raw_videos":[],"external_raw_videos":[],"remixed_from_coubs":[]},"raw_video_thumbnail_url":"/missing/missing.png","raw_video_title":"____________.mp4","video_block_banned":false,"duration":10.0,"promo_winner":false,"promo_winner_recoubers":null,"editorial_info":{},"promo_hint":null,"beeline_best_2014":null,"from_web_editor":true,"normalize_sound":true,"normalize_change_allowed":true,"best2015_addable":false,"ahmad_promo":null,"promo_data":null,"audio_copyright_claim":null,"ads_disabled":false,"is_safe_for_ads":true,"megafon_contents":[],"position_on_page":8},{"flag":null,"abuses":null,"recoubs_by_users_channels":null,"favourite":false,"promoted_id":null,"recoub":null,"like":null,"dislike":null,"reaction":null,"in_my_best2015":false,"id":93632766,"type":"Coub::Simple","permalink":"1jc8q2","title":"BKV Drift","visibility_type":"public","original_visibility_type":"public","channel_id":2793576,"created_at":"2018-12-07T10:31:24Z","updated_at":"2022-03-18T06:43:22Z","is_done":true,"views_count":184265,"cotd":null,"cotd_at":null,"visible_on_explore_root":false,"visible_on_explore":false,"featured":false,"published":true,"published_at":"2018-12-07T10:31:24Z","reversed":false,"from_editor_v2":true,"is_editable":true,"original_sound":true,"has_sound":true,"recoub_to":null,"file_versions":{"html5":{"video":{"higher":{"url":"https://coub-anubis-a.akamaized.net/coub_storage/coub/simple/cw_file/39274d69b79/437ed436af799202dfc3b/muted_mp4_huge_size_1569571596_muted_huge.mp4","size":3999603},"high":{"url":"https://coub-anubis-a.akamaized.net/coub_storage/coub/simple/cw_file/39274d69b79/437ed436af799202dfc3b/muted_mp4_big_size_1569571596_muted_big.mp4","size":2962555},"med":{"url":"https://coub-anubis-a.akamaized.net/coub_storage/coub/simple/cw_file/39274d69b79/437ed436af799202dfc3b/muted_mp4_med_size_1569571596_muted_med.mp4","size":833808}},"audio":{"high":{"url":"https://coub-anubis-a.akamaized.net/coub_storage/coub/simple/cw_looped_audio_high/f10880fbf0e/532efe25ff57ee3adb048/1605660042_high_1544178706_high.mp3","size":999016},"med":{"url":"https://coub-anubis-a.akamaized.net/coub_storage/coub/simple/cw_looped_audio_med/becab2b469a/cbe7532f1696658a775fa/1605660042_med_1544178706_med.mp3","size":805644},"sample_duration":10.1}},"mobile":{"video":"https://coub-anubis-a.akamaized.net/coub_storage/coub/simple/cw_file/39274d69b79/437ed436af799202dfc3b/muted_mp4_med_size_1569571596_muted_med.mp4","audio":["https://coub-anubis-a.akamaized.net/coub_storage/coub/simple/cw_looped_audio_med/becab2b469a/cbe7532f1696658a775fa/1605660042_med_1544178706_med.mp3"]},"share":{"default":"https://coub-anubis-a.akamaized.net/coub_storage/coub/simple/cw_video_for_sharing/c755f05c4a9/2a5de5725c94ba6458174/1609252824_looped_1609252822.mp4"}},"audio_versions":{},"image_versions":{"template":"https://coub-anubis-a.akamaized.net/coub_storage/coub/simple/cw_image/a72d750ff74/2aa952ea3715413732868/1544178713_00032.jpg","versions":["micro","tiny","age_restricted","ios_large","ios_mosaic","big","med","small","pinterest"]},"first_frame_versions":{"template":"https://coub-anubis-a.akamaized.net/coub_storage/coub/simple/cw_timeline_pic/bee18d130d6/875e62789fcbe4edb3356/%{version}_1544178712_image.jpg","versions":["big","med","small","ios_large"]},"dimensions":{"big":[1280,720],"med":[640,360]},"site_w_h":[640,360],"page_w_h":[640,360],"site_w_h_small":[310,174],"size":[1280,720],"age_restricted":false,"age_restricted_by_admin":false,"not_safe_for_work":false,"allow_reuse":false,"dont_crop":false,"banned":false,"global_safe":true,"audio_file_url":null,"external_download":{"type":"Youtube","service_name":"YouTube","url":"https://www.youtube.com/watch?v=MYLkleq3PQA","has_embed":true},"application":null,"channel":{"id":2793576,"permalink":"sziamarcivagyok","title":"sziamarcivagyok","description":null,"followers_count":456,"following_count":55,"avatar_versions":{"template":"https://coub-anubis-a.akamaized.net/coub_storage/channel/cw_avatar/2a2096a5ec4/c9f3fda9355b66b7fc7b9/%{version}_1607420832_io8ysn_1568583508_aRrUy--S_400x400.jpg","versions":["medium","medium_2x","profile_pic","profile_pic_new","profile_pic_new_2x","tiny","tiny_2x","small","small_2x","ios_large","ios_small"]}},"file":null,"picture":"https://coub-anubis-a.akamaized.net/coub_storage/coub/simple/cw_image/a72d750ff74/2aa952ea3715413732868/1544178713_00032.jpg","timeline_picture":"https://coub-anubis-a.akamaized.net/coub_storage/coub/simple/cw_timeline_pic/bee18d130d6/875e62789fcbe4edb3356/ios_large_1544178712_image.jpg","small_picture":"https://coub-anubis-a.akamaized.net/coub_storage/coub/simple/cw_image/a72d750ff74/2aa952ea3715413732868/1544178713_00032.jpg","sharing_picture":null,"percent_done":100,"tags":[{"id":88954,"title":"videó","value":"vide%C3%B3"},{"id":170023,"title":"0010","value":"0010"},{"id":636,"title":"drift","value":"drift"},{"id":224579,"title":"busz","value":"busz"},{"id":1023849,"title":"halálos iramban","value":"hal%C3%A1los%20iramban"},{"id":6251,"title":"fast and furious","value":"fast%20and%20furious"},{"id":4393816,"title":"bkv busz","value":"bkv%20busz"},{"id":47042,"title":"bkv","value":"bkv"},{"id":17815,"title":"hungary","value":"hungary"},{"id":43421,"title":"magyarország","value":"magyarorsz%C3%A1g"},{"id":4501539,"title":"eszméletlen","value":"eszm%C3%A9letlen"},{"id":777,"title":"awesome","value":"awesome"},{"id":4501540,"title":"brutal drift","value":"brutal%20drift"},{"id":118829,"title":"snow drift","value":"snow%20drift"},{"id":4501541,"title":"bkv busz havas drift","value":"bkv%20busz%20havas%20drift"},{"id":686351,"title":"havazás","value":"havaz%C3%A1s"},{"id":159452,"title":"ikarus","value":"ikarus"},{"id":11572,"title":"drifting","value":"drifting"},{"id":13417,"title":"bus","value":"bus"},{"id":164673,"title":"bkk","value":"bkk"},{"id":17817,"title":"budapest","value":"budapest"}],"categories":[{"id":75,"title":"Auto & Technique","permalink":"cars","subscriptions_count":10083456,"big_image_url":"https://coub-anubis-a.akamaized.net/coub_storage/category/cw_image/dcda24f72f3/076e0f1bc1028aa643b02/big_1545566648_Auto.png","small_image_url":"https://coub-anubis-a.akamaized.net/coub_storage/category/cw_image/dcda24f72f3/076e0f1bc1028aa643b02/small_1545566648_Auto.png","med_image_url":"https://coub-anubis-a.akamaized.net/coub_storage/category/cw_image/dcda24f72f3/076e0f1bc1028aa643b02/med_1545566648_Auto.png","visible":true}],"communities":[{"id":75,"title":"Auto & Technique","permalink":"cars","subscriptions_count":10083456,"big_image_url":"https://coub-anubis-a.akamaized.net/coub_storage/category/cw_image/dcda24f72f3/076e0f1bc1028aa643b02/big_1545566648_Auto.png","small_image_url":"https://coub-anubis-a.akamaized.net/coub_storage/category/cw_image/dcda24f72f3/076e0f1bc1028aa643b02/small_1545566648_Auto.png","med_image_url":"https://coub-anubis-a.akamaized.net/coub_storage/category/cw_image/dcda24f72f3/076e0f1bc1028aa643b02/med_1545566648_Auto.png","i_subscribed":true,"community_notifications_enabled":null,"description":null}],"recoubs_count":493,"remixes_count":4,"likes_count":4521,"dislikes_count":0,"raw_video_id":12821859,"uploaded_by_ios_app":false,"uploaded_by_android_app":false,"media_blocks":{"uploaded_raw_videos":[],"external_raw_videos":[{"id":29430031,"title":"Drifting Bkv bus!!!","url":"https://www.youtube.com/watch?v=MYLkleq3PQA","image":"https://coub-anubis-a.akamaized.net/coub_storage/media_block/cw_image/a9c0c63ecce/d01ab425ed6751e73447b/1544178296_jftobw_1544178260_1o4mvoy_att-url-download.jpg","image_retina":"https://coub-anubis-a.akamaized.net/coub_storage/media_block/cw_image/a9c0c63ecce/d01ab425ed6751e73447b/1544178296_jftobw_1544178260_1o4mvoy_att-url-download.jpg","meta":{"service":"Youtube","duration":"130.92"},"duration":130.92,"raw_video_id":12821859,"has_embed":true},{"id":29429918,"title":"Téged is várunk csapatunkba!","url":"https://www.facebook.com/bkvzrt1/videos/278777552781302","image":null,"image_retina":null,"meta":{"service":"Facebook","duration":"35.88"},"duration":35.88,"raw_video_id":12821820,"has_embed":false}],"remixed_from_coubs":[],"external_video":{"id":29430031,"title":"Drifting Bkv bus!!!","url":"https://www.youtube.com/watch?v=MYLkleq3PQA","image":"https://coub-anubis-a.akamaized.net/coub_storage/media_block/cw_image/a9c0c63ecce/d01ab425ed6751e73447b/1544178296_jftobw_1544178260_1o4mvoy_att-url-download.jpg","image_retina":"https://coub-anubis-a.akamaized.net/coub_storage/media_block/cw_image/a9c0c63ecce/d01ab425ed6751e73447b/1544178296_jftobw_1544178260_1o4mvoy_att-url-download.jpg","meta":{"service":"Youtube","duration":"130.92"},"duration":130.92,"raw_video_id":12821859,"has_embed":true}},"raw_video_thumbnail_url":"/missing/missing.png","raw_video_title":"Drifting Bkv bus!!!","video_block_banned":false,"duration":10.04,"promo_winner":false,"promo_winner_recoubers":null,"editorial_info":{},"promo_hint":null,"beeline_best_2014":null,"from_web_editor":true,"normalize_sound":true,"normalize_change_allowed":true,"best2015_addable":false,"ahmad_promo":null,"promo_data":null,"audio_copyright_claim":null,"ads_disabled":false,"is_safe_for_ads":true,"megafon_contents":[],"position_on_page":9},{"flag":null,"abuses":null,"recoubs_by_users_channels":null,"favourite":false,"promoted_id":null,"recoub":null,"like":null,"dislike":null,"reaction":null,"in_my_best2015":false,"id":171425967,"type":"Coub::Simple","permalink":"2tps07","title":"когда едешь в жару","visibility_type":"public","original_visibility_type":"public","channel_id":5463638,"created_at":"2021-07-01T05:33:41Z","updated_at":"2022-03-17T20:30:55Z","is_done":true,"views_count":238177,"cotd":null,"cotd_at":null,"visible_on_explore_root":false,"visible_on_explore":false,"featured":false,"published":true,"published_at":"2021-07-01T05:33:41Z","reversed":false,"from_editor_v2":true,"is_editable":true,"original_sound":true,"has_sound":true,"recoub_to":null,"file_versions":{"html5":{"video":{"higher":{"url":"https://coub-anubis-a.akamaized.net/coub_storage/coub/simple/cw_file/829f4b7bf0a/4a5d4edf09f31e81a0c5b/muted_mp4_huge_size_1625117633_muted_huge.mp4","size":4153810},"high":{"url":"https://coub-anubis-a.akamaized.net/coub_storage/coub/simple/cw_file/829f4b7bf0a/4a5d4edf09f31e81a0c5b/muted_mp4_big_size_1625117633_muted_big.mp4","size":2675075},"med":{"url":"https://coub-anubis-a.akamaized.net/coub_storage/coub/simple/cw_file/829f4b7bf0a/4a5d4edf09f31e81a0c5b/muted_mp4_med_size_1625117633_muted_med.mp4","size":981536}},"audio":{"high":{"url":"https://coub-anubis-a.akamaized.net/coub_storage/coub/simple/cw_looped_audio_high/30169eede04/26ce908fafff92585ff23/1625117636_mp3-high.mp3","size":1097033},"med":{"url":"https://coub-anubis-a.akamaized.net/coub_storage/coub/simple/cw_looped_audio_med/476bd07596d/538a5bc4b033348bfd7ca/1625117635_mp3-med.mp3","size":799076},"sample_duration":10.008}},"mobile":{"video":"https://coub-anubis-a.akamaized.net/coub_storage/coub/simple/cw_file/829f4b7bf0a/4a5d4edf09f31e81a0c5b/muted_mp4_med_size_1625117633_muted_med.mp4","audio":["https://coub-anubis-a.akamaized.net/coub_storage/coub/simple/cw_looped_audio_med/476bd07596d/538a5bc4b033348bfd7ca/1625117635_mp3-med.mp3"]},"share":{"default":"https://coub-anubis-a.akamaized.net/coub_storage/coub/simple/cw_video_for_sharing/bf4d9f29481/28631ffff02d3efd9c94b/1625117691_looped_1625117689.mp4"}},"audio_versions":{},"image_versions":{"template":"https://coub-anubis-a.akamaized.net/coub_storage/coub/simple/cw_image/240e6d61c02/1fcfab3cc440c4e60890b/%{version}_1625117650_00032.jpg","versions":["micro","tiny","age_restricted","ios_large","ios_mosaic","big","med","small","pinterest"]},"first_frame_versions":{"template":"https://coub-anubis-a.akamaized.net/coub_storage/coub/simple/cw_timeline_pic/92a4eee32ac/e6a0d739ce2bc6cbb14f0/%{version}_1625117650_image.jpg","versions":["big","med","small","ios_large"]},"dimensions":{"big":[960,960],"med":[480,480]},"site_w_h":[400,400],"page_w_h":[400,400],"site_w_h_small":[310,310],"size":[960,960],"age_restricted":false,"age_restricted_by_admin":false,"not_safe_for_work":false,"allow_reuse":false,"dont_crop":true,"banned":false,"global_safe":null,"audio_file_url":null,"external_download":false,"application":null,"channel":{"id":5463638,"permalink":"feliyx00","title":"Feliyx","description":null,"followers_count":106,"following_count":12,"avatar_versions":{"template":"https://coub-anubis-a.akamaized.net/coub_storage/channel/cw_avatar/344b13c0d58/eb77bd367e8cb8e1dfc78/%{version}_1631920242_artistic-abstract-99.jpg","versions":["medium","medium_2x","profile_pic","profile_pic_new","profile_pic_new_2x","tiny","tiny_2x","small","small_2x","ios_large","ios_small"]}},"file":null,"picture":"https://coub-anubis-a.akamaized.net/coub_storage/coub/simple/cw_image/240e6d61c02/1fcfab3cc440c4e60890b/med_1625117650_00032.jpg","timeline_picture":"https://coub-anubis-a.akamaized.net/coub_storage/coub/simple/cw_timeline_pic/92a4eee32ac/e6a0d739ce2bc6cbb14f0/ios_large_1625117650_image.jpg","small_picture":"https://coub-anubis-a.akamaized.net/coub_storage/coub/simple/cw_image/240e6d61c02/1fcfab3cc440c4e60890b/ios_mosaic_1625117650_00032.jpg","sharing_picture":null,"percent_done":100,"tags":[],"categories":[{"id":75,"title":"Auto & Technique","permalink":"cars","subscriptions_count":10083456,"big_image_url":"https://coub-anubis-a.akamaized.net/coub_storage/category/cw_image/dcda24f72f3/076e0f1bc1028aa643b02/big_1545566648_Auto.png","small_image_url":"https://coub-anubis-a.akamaized.net/coub_storage/category/cw_image/dcda24f72f3/076e0f1bc1028aa643b02/small_1545566648_Auto.png","med_image_url":"https://coub-anubis-a.akamaized.net/coub_storage/category/cw_image/dcda24f72f3/076e0f1bc1028aa643b02/med_1545566648_Auto.png","visible":true}],"communities":[{"id":75,"title":"Auto & Technique","permalink":"cars","subscriptions_count":10083456,"big_image_url":"https://coub-anubis-a.akamaized.net/coub_storage/category/cw_image/dcda24f72f3/076e0f1bc1028aa643b02/big_1545566648_Auto.png","small_image_url":"https://coub-anubis-a.akamaized.net/coub_storage/category/cw_image/dcda24f72f3/076e0f1bc1028aa643b02/small_1545566648_Auto.png","med_image_url":"https://coub-anubis-a.akamaized.net/coub_storage/category/cw_image/dcda24f72f3/076e0f1bc1028aa643b02/med_1545566648_Auto.png","i_subscribed":true,"community_notifications_enabled":null,"description":null}],"recoubs_count":870,"remixes_count":1,"likes_count":4520,"dislikes_count":0,"raw_video_id":16572457,"uploaded_by_ios_app":false,"uploaded_by_android_app":false,"media_blocks":{"uploaded_raw_videos":[],"external_raw_videos":[],"remixed_from_coubs":[]},"raw_video_thumbnail_url":"https://coub-anubis-a.akamaized.net/coub_storage/raw_video/cw_image/b1ce8eabe89/e43f8883ca749fbb006b1/coub_media_1625117493_image.jpg","raw_video_title":"VID_20210701_081837_534.mp4","video_block_banned":false,"duration":10.0,"promo_winner":false,"promo_winner_recoubers":null,"editorial_info":{},"promo_hint":null,"beeline_best_2014":null,"from_web_editor":true,"normalize_sound":true,"normalize_change_allowed":true,"best2015_addable":false,"ahmad_promo":null,"promo_data":null,"audio_copyright_claim":null,"ads_disabled":false,"is_safe_for_ads":true,"megafon_contents":[],"position_on_page":10}]}