{"page":334,"per_page":10,"total_pages":500,"coubs":[{"flag":null,"abuses":null,"recoubs_by_users_channels":null,"favourite":false,"promoted_id":null,"recoub":null,"like":null,"dislike":null,"reaction":null,"in_my_best2015":false,"id":19706143,"type":"Coub::Simple","permalink":"ba82q","title":"mini V8","visibility_type":"public","original_visibility_type":"public","channel_id":1554465,"created_at":"2016-03-08T13:11:34Z","updated_at":"2022-03-06T07:52:38Z","is_done":true,"views_count":238405,"cotd":null,"cotd_at":null,"visible_on_explore_root":true,"visible_on_explore":true,"featured":true,"published":true,"published_at":"2016-03-08T13:11:34Z","reversed":false,"from_editor_v2":true,"is_editable":true,"original_sound":true,"has_sound":true,"recoub_to":null,"file_versions":{"html5":{"video":{"higher":{"url":"https://coub-anubis-a.akamaized.net/coub_storage/coub/simple/cw_file/ca587770e84/2f9f9aca0bee16db8aa83/muted_mp4_huge_size_1567858107_muted_huge.mp4","size":2645805},"high":{"url":"https://coub-anubis-a.akamaized.net/coub_storage/coub/simple/cw_file/ca587770e84/2f9f9aca0bee16db8aa83/muted_mp4_big_size_1567858107_muted_big.mp4","size":1719392},"med":{"url":"https://coub-anubis-a.akamaized.net/coub_storage/coub/simple/cw_file/ca587770e84/2f9f9aca0bee16db8aa83/muted_mp4_med_size_1567858107_muted_med.mp4","size":629342}},"audio":{"high":{"url":"https://coub-anubis-a.akamaized.net/coub_storage/coub/simple/cw_looped_audio_high/be3cd8db22d/ded637d3e39f97f6903c6/1605475004_high_1470782752_high.mp3","size":1461429},"med":{"url":"https://coub-anubis-a.akamaized.net/coub_storage/coub/simple/cw_looped_audio_med/762977c65fe/a205e75c72225e00033dd/1605475003_med_1470782752_med.mp3","size":1301238},"sample_duration":9.916}},"mobile":{"video":"https://coub-anubis-a.akamaized.net/coub_storage/coub/simple/cw_file/ca587770e84/2f9f9aca0bee16db8aa83/muted_mp4_med_size_1567858107_muted_med.mp4","audio":["https://coub-anubis-a.akamaized.net/coub_storage/coub/simple/cw_looped_audio_med/762977c65fe/a205e75c72225e00033dd/1605475003_med_1470782752_med.mp3"]},"share":{"default":"https://coub-anubis-a.akamaized.net/coub_storage/coub/simple/cw_video_for_sharing/1f1be0091a9/42f0f0ca35e05dd493c19/1646133187_looped_1646133186.mp4"}},"audio_versions":{},"image_versions":{"template":"https://coub-anubis-a.akamaized.net/coub_storage/coub/simple/cw_image/5743b0a091d/db17956f5189ae7937568/1470782711_00031.jpg","versions":["micro","tiny","age_restricted","ios_large","ios_mosaic","big","med","small","pinterest"]},"first_frame_versions":{"template":"https://coub-anubis-a.akamaized.net/coub_storage/coub/simple/cw_timeline_pic/79841c1fd9d/b36b30e712fbf7afd8128/%{version}_1470782720_image.jpg","versions":["big","med","small","ios_large"]},"dimensions":{"big":[1280,720],"med":[640,360]},"site_w_h":[640,360],"page_w_h":[640,360],"site_w_h_small":[310,174],"size":[1280,720],"age_restricted":false,"age_restricted_by_admin":false,"not_safe_for_work":false,"allow_reuse":false,"dont_crop":false,"banned":false,"global_safe":true,"audio_file_url":null,"external_download":{"type":"Vk","service_name":"Vk","url":"http://vk.com/feed?z=video-45960892_456239343%2F4ab895e87031c811ce%2Fpl_feed_block","has_embed":false},"application":null,"channel":{"id":1554465,"permalink":"the-rikitikitavi","title":"the_Rikitikitavi","description":"on fleek","followers_count":381,"following_count":222,"avatar_versions":{"template":"https://coub-anubis-a.akamaized.net/coub_storage/channel/cw_avatar/42a10a31bf0/e48771bb6953a1c4e71f5/%{version}_1609590582_1hphqqb_1493005929_17903692_643936475800545_6076935571130424006_n.jpg","versions":["medium","medium_2x","profile_pic","profile_pic_new","profile_pic_new_2x","tiny","tiny_2x","small","small_2x","ios_large","ios_small"]}},"file":null,"picture":"https://coub-anubis-a.akamaized.net/coub_storage/coub/simple/cw_image/5743b0a091d/db17956f5189ae7937568/1470782711_00031.jpg","timeline_picture":"https://coub-anubis-a.akamaized.net/coub_storage/coub/simple/cw_timeline_pic/79841c1fd9d/b36b30e712fbf7afd8128/ios_large_1470782720_image.jpg","small_picture":"https://coub-anubis-a.akamaized.net/coub_storage/coub/simple/cw_image/5743b0a091d/db17956f5189ae7937568/1470782711_00031.jpg","sharing_picture":null,"percent_done":100,"tags":[{"id":12789,"title":"mini","value":"mini"},{"id":126753,"title":"hart","value":"hart"},{"id":1450,"title":"best","value":"best"},{"id":955,"title":"like","value":"like"},{"id":3098,"title":"sound","value":"sound"},{"id":24683,"title":"engine","value":"engine"},{"id":1359,"title":"sport","value":"sport"},{"id":1173,"title":"car","value":"car"},{"id":61754,"title":"v8","value":"v8"}],"categories":[{"id":75,"title":"Auto & Technique","permalink":"cars","subscriptions_count":10083456,"big_image_url":"https://coub-anubis-a.akamaized.net/coub_storage/category/cw_image/dcda24f72f3/076e0f1bc1028aa643b02/big_1545566648_Auto.png","small_image_url":"https://coub-anubis-a.akamaized.net/coub_storage/category/cw_image/dcda24f72f3/076e0f1bc1028aa643b02/small_1545566648_Auto.png","med_image_url":"https://coub-anubis-a.akamaized.net/coub_storage/category/cw_image/dcda24f72f3/076e0f1bc1028aa643b02/med_1545566648_Auto.png","visible":true}],"communities":[{"id":75,"title":"Auto & Technique","permalink":"cars","subscriptions_count":10083456,"big_image_url":"https://coub-anubis-a.akamaized.net/coub_storage/category/cw_image/dcda24f72f3/076e0f1bc1028aa643b02/big_1545566648_Auto.png","small_image_url":"https://coub-anubis-a.akamaized.net/coub_storage/category/cw_image/dcda24f72f3/076e0f1bc1028aa643b02/small_1545566648_Auto.png","med_image_url":"https://coub-anubis-a.akamaized.net/coub_storage/category/cw_image/dcda24f72f3/076e0f1bc1028aa643b02/med_1545566648_Auto.png","i_subscribed":true,"community_notifications_enabled":null,"description":null}],"recoubs_count":291,"remixes_count":0,"likes_count":1112,"dislikes_count":0,"raw_video_id":2265113,"uploaded_by_ios_app":false,"uploaded_by_android_app":false,"media_blocks":{"uploaded_raw_videos":[],"external_raw_videos":[{"id":12477468,"title":"Мини мотор V8 с крутым звуком&#33;","url":"https://vk.com/video-45960892_456239343","image":"https://coub-anubis-a.akamaized.net/coub_storage/media_block/cw_image/4b97d6a437d/7c02e758ae617bef1ba27/1488868447_1457442403_1yvtpev_att-url-download.jpg","image_retina":"https://coub-anubis-a.akamaized.net/coub_storage/media_block/cw_image/4b97d6a437d/7c02e758ae617bef1ba27/1488868447_1457442403_1yvtpev_att-url-download.jpg","meta":{"service":"Vk","duration":"61.08"},"duration":61.08,"raw_video_id":2265113,"has_embed":false}],"remixed_from_coubs":[],"external_video":{"id":12477468,"title":"Мини мотор V8 с крутым звуком&#33;","url":"https://vk.com/video-45960892_456239343","image":"https://coub-anubis-a.akamaized.net/coub_storage/media_block/cw_image/4b97d6a437d/7c02e758ae617bef1ba27/1488868447_1457442403_1yvtpev_att-url-download.jpg","image_retina":"https://coub-anubis-a.akamaized.net/coub_storage/media_block/cw_image/4b97d6a437d/7c02e758ae617bef1ba27/1488868447_1457442403_1yvtpev_att-url-download.jpg","meta":{"service":"Vk","duration":"61.08"},"duration":61.08,"raw_video_id":2265113,"has_embed":false}},"raw_video_thumbnail_url":"/missing/missing.png","raw_video_title":"Мини мотор V8 с крутым звуком&#33;","video_block_banned":false,"duration":9.88,"promo_winner":false,"promo_winner_recoubers":null,"editorial_info":{},"promo_hint":null,"beeline_best_2014":null,"from_web_editor":true,"normalize_sound":true,"normalize_change_allowed":true,"best2015_addable":false,"ahmad_promo":null,"promo_data":null,"audio_copyright_claim":null,"ads_disabled":null,"is_safe_for_ads":true,"megafon_contents":[],"position_on_page":1},{"flag":null,"abuses":null,"recoubs_by_users_channels":null,"favourite":false,"promoted_id":null,"recoub":null,"like":null,"dislike":null,"reaction":null,"in_my_best2015":false,"id":168209640,"type":"Coub::Simple","permalink":"2rsu8t","title":"Texas...","visibility_type":"public","original_visibility_type":"public","channel_id":5209984,"created_at":"2021-05-05T23:47:44Z","updated_at":"2022-03-17T18:34:49Z","is_done":true,"views_count":99866,"cotd":null,"cotd_at":null,"visible_on_explore_root":false,"visible_on_explore":false,"featured":false,"published":true,"published_at":"2021-05-05T23:47:44Z","reversed":false,"from_editor_v2":true,"is_editable":true,"original_sound":true,"has_sound":true,"recoub_to":null,"file_versions":{"html5":{"video":{"higher":{"url":"https://coub-anubis-a.akamaized.net/coub_storage/coub/simple/cw_file/b18f3c90779/af65d0b8b23ac904a3d5c/muted_mp4_huge_size_1620258468_muted_huge.mp4","size":926468},"high":{"url":"https://coub-anubis-a.akamaized.net/coub_storage/coub/simple/cw_file/b18f3c90779/af65d0b8b23ac904a3d5c/muted_mp4_big_size_1620258468_muted_big.mp4","size":550381},"med":{"url":"https://coub-anubis-a.akamaized.net/coub_storage/coub/simple/cw_file/b18f3c90779/af65d0b8b23ac904a3d5c/muted_mp4_med_size_1620258468_muted_med.mp4","size":160553}},"audio":{"high":{"url":"https://coub-anubis-a.akamaized.net/coub_storage/coub/simple/cw_looped_audio_high/02078d7671a/e3055d821b9e0e6c54a7b/1620258470_mp3-high.mp3","size":754760},"med":{"url":"https://coub-anubis-a.akamaized.net/coub_storage/coub/simple/cw_looped_audio_med/6ee126d8ed5/fe5f03e92746608ec9e56/1620258469_mp3-med.mp3","size":753940},"sample_duration":10.008}},"mobile":{"video":"https://coub-anubis-a.akamaized.net/coub_storage/coub/simple/cw_file/b18f3c90779/af65d0b8b23ac904a3d5c/muted_mp4_med_size_1620258468_muted_med.mp4","audio":["https://coub-anubis-a.akamaized.net/coub_storage/coub/simple/cw_looped_audio_med/6ee126d8ed5/fe5f03e92746608ec9e56/1620258469_mp3-med.mp3"]},"share":{"default":"https://coub-anubis-a.akamaized.net/coub_storage/coub/simple/cw_video_for_sharing/18af2f216fc/df3eeb929ac73e3aa54c1/1620258496_looped_1620258496.mp4"}},"audio_versions":{},"image_versions":{"template":"https://coub-anubis-a.akamaized.net/coub_storage/coub/simple/cw_image/e4fad7d85a2/79a330a8ca8fce8feb57a/%{version}_1620258480_00032.jpg","versions":["micro","tiny","age_restricted","ios_large","ios_mosaic","big","med","small","pinterest"]},"first_frame_versions":{"template":"https://coub-anubis-a.akamaized.net/coub_storage/coub/simple/cw_timeline_pic/71faf86d230/8e723511ac852b4a8de24/%{version}_1620258479_image.jpg","versions":["big","med","small","ios_large"]},"dimensions":{"big":[1280,718],"med":[640,358]},"site_w_h":[640,359],"page_w_h":[640,359],"site_w_h_small":[310,174],"size":[1280,718],"age_restricted":false,"age_restricted_by_admin":false,"not_safe_for_work":null,"allow_reuse":false,"dont_crop":true,"banned":false,"global_safe":true,"audio_file_url":null,"external_download":{"type":"Youtube","service_name":"YouTube","url":"https://www.youtube.com/watch?v=KkcEtH3myCc","has_embed":true},"application":null,"channel":{"id":5209984,"permalink":"alcaponke","title":"Al Caponke ","description":null,"followers_count":57,"following_count":19,"avatar_versions":{"template":"https://coub-anubis-a.akamaized.net/coub_storage/channel/cw_avatar/af2bd402e8b/0a21107efad6a4bd84c81/%{version}_1607839708_lhcga2_1603777984_cropped.jpeg","versions":["medium","medium_2x","profile_pic","profile_pic_new","profile_pic_new_2x","tiny","tiny_2x","small","small_2x","ios_large","ios_small"]}},"file":null,"picture":"https://coub-anubis-a.akamaized.net/coub_storage/coub/simple/cw_image/e4fad7d85a2/79a330a8ca8fce8feb57a/med_1620258480_00032.jpg","timeline_picture":"https://coub-anubis-a.akamaized.net/coub_storage/coub/simple/cw_timeline_pic/71faf86d230/8e723511ac852b4a8de24/ios_large_1620258479_image.jpg","small_picture":"https://coub-anubis-a.akamaized.net/coub_storage/coub/simple/cw_image/e4fad7d85a2/79a330a8ca8fce8feb57a/ios_mosaic_1620258480_00032.jpg","sharing_picture":null,"percent_done":100,"tags":[{"id":2234,"title":"meme","value":"meme"},{"id":174,"title":"funny","value":"funny"},{"id":34315,"title":"airplane","value":"airplane"},{"id":8185,"title":"trash","value":"trash"},{"id":1173,"title":"car","value":"car"},{"id":2326,"title":"america","value":"america"},{"id":175,"title":"usa","value":"usa"},{"id":15813,"title":"us","value":"us"},{"id":14891,"title":"texas","value":"texas"}],"categories":[{"id":75,"title":"Auto & Technique","permalink":"cars","subscriptions_count":10083456,"big_image_url":"https://coub-anubis-a.akamaized.net/coub_storage/category/cw_image/dcda24f72f3/076e0f1bc1028aa643b02/big_1545566648_Auto.png","small_image_url":"https://coub-anubis-a.akamaized.net/coub_storage/category/cw_image/dcda24f72f3/076e0f1bc1028aa643b02/small_1545566648_Auto.png","med_image_url":"https://coub-anubis-a.akamaized.net/coub_storage/category/cw_image/dcda24f72f3/076e0f1bc1028aa643b02/med_1545566648_Auto.png","visible":true}],"communities":[{"id":75,"title":"Auto & Technique","permalink":"cars","subscriptions_count":10083456,"big_image_url":"https://coub-anubis-a.akamaized.net/coub_storage/category/cw_image/dcda24f72f3/076e0f1bc1028aa643b02/big_1545566648_Auto.png","small_image_url":"https://coub-anubis-a.akamaized.net/coub_storage/category/cw_image/dcda24f72f3/076e0f1bc1028aa643b02/small_1545566648_Auto.png","med_image_url":"https://coub-anubis-a.akamaized.net/coub_storage/category/cw_image/dcda24f72f3/076e0f1bc1028aa643b02/med_1545566648_Auto.png","i_subscribed":true,"community_notifications_enabled":null,"description":null}],"recoubs_count":179,"remixes_count":0,"likes_count":1111,"dislikes_count":0,"raw_video_id":15233946,"uploaded_by_ios_app":false,"uploaded_by_android_app":true,"media_blocks":{"uploaded_raw_videos":[],"external_raw_videos":[{"id":35838095,"title":"something to think about, if you throw trash on texas highways, somebody up there’s gon be watching","url":"https://www.youtube.com/watch?v=KkcEtH3myCc","image":"https://coub-anubis-a.akamaized.net/coub_storage/media_block/cw_image/5c5a2100cce/ef371503d3479a0e7d33d/1589726619_oault8_1589726611_1x5mkoh_att-url-download.jpg","image_retina":"https://coub-anubis-a.akamaized.net/coub_storage/media_block/cw_image/5c5a2100cce/ef371503d3479a0e7d33d/1589726619_oault8_1589726611_1x5mkoh_att-url-download.jpg","meta":{"service":"Youtube","duration":"27.28"},"duration":27.28,"raw_video_id":15233946,"has_embed":true}],"remixed_from_coubs":[],"external_video":{"id":35838095,"title":"something to think about, if you throw trash on texas highways, somebody up there’s gon be watching","url":"https://www.youtube.com/watch?v=KkcEtH3myCc","image":"https://coub-anubis-a.akamaized.net/coub_storage/media_block/cw_image/5c5a2100cce/ef371503d3479a0e7d33d/1589726619_oault8_1589726611_1x5mkoh_att-url-download.jpg","image_retina":"https://coub-anubis-a.akamaized.net/coub_storage/media_block/cw_image/5c5a2100cce/ef371503d3479a0e7d33d/1589726619_oault8_1589726611_1x5mkoh_att-url-download.jpg","meta":{"service":"Youtube","duration":"27.28"},"duration":27.28,"raw_video_id":15233946,"has_embed":true}},"raw_video_thumbnail_url":"/missing/missing.png","raw_video_title":"something to think about, if you throw trash on texas highways, somebody up there’s gon be watching","video_block_banned":false,"duration":10.0,"promo_winner":false,"promo_winner_recoubers":null,"editorial_info":{},"promo_hint":null,"beeline_best_2014":null,"from_web_editor":false,"normalize_sound":true,"normalize_change_allowed":true,"best2015_addable":false,"ahmad_promo":null,"promo_data":null,"audio_copyright_claim":null,"ads_disabled":null,"is_safe_for_ads":true,"megafon_contents":[],"position_on_page":2},{"flag":null,"abuses":null,"recoubs_by_users_channels":null,"favourite":false,"promoted_id":null,"recoub":null,"like":null,"dislike":null,"reaction":null,"in_my_best2015":false,"id":153765499,"type":"Coub::Simple","permalink":"2j78zc","title":"    ‌‌‍‍","visibility_type":"public","original_visibility_type":"public","channel_id":10197724,"created_at":"2020-09-13T15:03:28Z","updated_at":"2022-03-16T15:36:18Z","is_done":true,"views_count":103000,"cotd":null,"cotd_at":null,"visible_on_explore_root":false,"visible_on_explore":false,"featured":false,"published":true,"published_at":"2020-09-13T15:03:28Z","reversed":false,"from_editor_v2":true,"is_editable":true,"original_sound":false,"has_sound":false,"recoub_to":null,"file_versions":{"html5":{"video":{"higher":{"url":"https://coub-anubis-a.akamaized.net/coub_storage/coub/simple/cw_file/41ec28365cd/e990a93e61fe9ffc4c612/muted_mp4_huge_size_1600009418_muted_huge.mp4","size":5206961},"high":{"url":"https://coub-anubis-a.akamaized.net/coub_storage/coub/simple/cw_file/41ec28365cd/e990a93e61fe9ffc4c612/muted_mp4_big_size_1600009418_muted_big.mp4","size":3538991},"med":{"url":"https://coub-anubis-a.akamaized.net/coub_storage/coub/simple/cw_file/41ec28365cd/e990a93e61fe9ffc4c612/muted_mp4_med_size_1600009418_muted_med.mp4","size":1175447}},"audio":{"high":{"url":"https://coub-anubis-a.akamaized.net/coub_storage/coub/simple/cw_looped_audio_high/85c20032f2b/c76b0069c61066b35f06b/1607276862_high_1600009433_high.mp3","size":4576052},"med":{"url":"https://coub-anubis-a.akamaized.net/coub_storage/coub/simple/cw_looped_audio_med/511e2eae48e/456d0bf78abc1652b1263/1607276861_med_1600009433_med.mp3","size":3168366}}},"mobile":{"video":"https://coub-anubis-a.akamaized.net/coub_storage/coub/simple/cw_file/41ec28365cd/e990a93e61fe9ffc4c612/muted_mp4_med_size_1600009418_muted_med.mp4","audio":["https://coub-anubis-a.akamaized.net/coub_storage/coub/simple/cw_looped_audio_med/511e2eae48e/456d0bf78abc1652b1263/1607276861_med_1600009433_med.mp3"]},"share":{"default":"https://coub-anubis-a.akamaized.net/coub_storage/coub/simple/cw_video_for_sharing/38ee550ed92/7412dab56231d682bd209/1609630137_looped_1609630135.mp4"}},"audio_versions":{"template":"https://coub-anubis-a.akamaized.net/coub_storage/audio_track/cw_file/ef1a9f4a582/20081bbfd57c774ba2c6c/mid_1595501827_audio.mp3","versions":["mid","low"]},"image_versions":{"template":"https://coub-anubis-a.akamaized.net/coub_storage/coub/simple/cw_image/e1145ab132c/8239899557fc5fee507e0/1600009455_00031.jpg","versions":["micro","tiny","age_restricted","ios_large","ios_mosaic","big","med","small","pinterest"]},"first_frame_versions":{"template":"https://coub-anubis-a.akamaized.net/coub_storage/coub/simple/cw_timeline_pic/c6218c608d8/5c35dafa6db7e60b4cbbd/%{version}_1600009454_image.jpg","versions":["big","med","small","ios_large"]},"dimensions":{"big":[1280,720],"med":[640,360]},"site_w_h":[640,360],"page_w_h":[640,360],"site_w_h_small":[310,174],"size":[1280,720],"age_restricted":false,"age_restricted_by_admin":false,"not_safe_for_work":false,"allow_reuse":false,"dont_crop":false,"banned":false,"global_safe":true,"audio_file_url":"https://coub-anubis-a.akamaized.net/coub_storage/audio_track/cw_file/ef1a9f4a582/20081bbfd57c774ba2c6c/low_1595501827_audio.mp3","external_download":false,"application":null,"channel":{"id":10197724,"permalink":"paketick","title":"🔥Mostima","description":"И камнем вниз","followers_count":218,"following_count":52,"avatar_versions":{"template":"https://coub-anubis-a.akamaized.net/coub_storage/channel/cw_avatar/052743a7f27/256f29b5770b82a2b12bb/%{version}_1629135857_cropped.jpeg","versions":["medium","medium_2x","profile_pic","profile_pic_new","profile_pic_new_2x","tiny","tiny_2x","small","small_2x","ios_large","ios_small"]}},"file":null,"picture":"https://coub-anubis-a.akamaized.net/coub_storage/coub/simple/cw_image/e1145ab132c/8239899557fc5fee507e0/1600009455_00031.jpg","timeline_picture":"https://coub-anubis-a.akamaized.net/coub_storage/coub/simple/cw_timeline_pic/c6218c608d8/5c35dafa6db7e60b4cbbd/ios_large_1600009454_image.jpg","small_picture":"https://coub-anubis-a.akamaized.net/coub_storage/coub/simple/cw_image/e1145ab132c/8239899557fc5fee507e0/1600009455_00031.jpg","sharing_picture":null,"percent_done":100,"tags":[{"id":6205237,"title":"спиздил коуб у тараса","value":"%D1%81%D0%BF%D0%B8%D0%B7%D0%B4%D0%B8%D0%BB%20%D0%BA%D0%BE%D1%83%D0%B1%20%D1%83%20%D1%82%D0%B0%D1%80%D0%B0%D1%81%D0%B0"}],"categories":[{"id":75,"title":"Auto & Technique","permalink":"cars","subscriptions_count":10083456,"big_image_url":"https://coub-anubis-a.akamaized.net/coub_storage/category/cw_image/dcda24f72f3/076e0f1bc1028aa643b02/big_1545566648_Auto.png","small_image_url":"https://coub-anubis-a.akamaized.net/coub_storage/category/cw_image/dcda24f72f3/076e0f1bc1028aa643b02/small_1545566648_Auto.png","med_image_url":"https://coub-anubis-a.akamaized.net/coub_storage/category/cw_image/dcda24f72f3/076e0f1bc1028aa643b02/med_1545566648_Auto.png","visible":true}],"communities":[{"id":75,"title":"Auto & Technique","permalink":"cars","subscriptions_count":10083456,"big_image_url":"https://coub-anubis-a.akamaized.net/coub_storage/category/cw_image/dcda24f72f3/076e0f1bc1028aa643b02/big_1545566648_Auto.png","small_image_url":"https://coub-anubis-a.akamaized.net/coub_storage/category/cw_image/dcda24f72f3/076e0f1bc1028aa643b02/small_1545566648_Auto.png","med_image_url":"https://coub-anubis-a.akamaized.net/coub_storage/category/cw_image/dcda24f72f3/076e0f1bc1028aa643b02/med_1545566648_Auto.png","i_subscribed":true,"community_notifications_enabled":null,"description":null}],"recoubs_count":188,"remixes_count":0,"likes_count":1111,"dislikes_count":0,"raw_video_id":"","uploaded_by_ios_app":false,"uploaded_by_android_app":false,"media_blocks":{"uploaded_raw_videos":[],"external_raw_videos":[],"remixed_from_coubs":[]},"raw_video_thumbnail_url":"","raw_video_title":"","video_block_banned":false,"duration":9.6,"promo_winner":false,"promo_winner_recoubers":null,"editorial_info":{},"promo_hint":null,"beeline_best_2014":null,"from_web_editor":true,"normalize_sound":false,"normalize_change_allowed":true,"best2015_addable":false,"ahmad_promo":null,"promo_data":null,"audio_copyright_claim":null,"ads_disabled":false,"is_safe_for_ads":true,"megafon_contents":[],"position_on_page":3},{"flag":null,"abuses":null,"recoubs_by_users_channels":null,"favourite":false,"promoted_id":null,"recoub":null,"like":null,"dislike":null,"reaction":null,"in_my_best2015":false,"id":9055834,"type":"Coub::Simple","permalink":"4xy6c","title":"Beetle Drift","visibility_type":"public","original_visibility_type":"public","channel_id":11186,"created_at":"2015-02-09T08:17:59Z","updated_at":"2022-03-17T13:02:34Z","is_done":true,"views_count":183303,"cotd":null,"cotd_at":null,"visible_on_explore_root":true,"visible_on_explore":true,"featured":true,"published":true,"published_at":"2015-02-09T08:17:59Z","reversed":false,"from_editor_v2":true,"is_editable":true,"original_sound":false,"has_sound":false,"recoub_to":null,"file_versions":{"html5":{"video":{"higher":{"url":"https://coub-anubis-a.akamaized.net/coub_storage/coub/simple/cw_file/81132a3e4cc/b641afd2e557102b5ccbc/muted_mp4_huge_size_1567752124_muted_huge.mp4","size":3809352},"high":{"url":"https://coub-anubis-a.akamaized.net/coub_storage/coub/simple/cw_file/81132a3e4cc/b641afd2e557102b5ccbc/muted_mp4_big_size_1567752124_muted_big.mp4","size":2507542},"med":{"url":"https://coub-anubis-a.akamaized.net/coub_storage/coub/simple/cw_file/81132a3e4cc/b641afd2e557102b5ccbc/muted_mp4_med_size_1567752124_muted_med.mp4","size":884780}},"audio":{"high":{"url":"https://coub-anubis-a.akamaized.net/coub_storage/coub/simple/cw_looped_audio_high/b5de62f9ed1/9e97e98f830f0e4585c22/1605442589_high_1470797258_high.mp3","size":5285914},"med":{"url":"https://coub-anubis-a.akamaized.net/coub_storage/coub/simple/cw_looped_audio_med/ba4f3235a25/730e602506942c240fad1/1605442588_med_1470797258_med.mp3","size":4369668}}},"mobile":{"video":"https://coub-anubis-a.akamaized.net/coub_storage/coub/simple/cw_file/81132a3e4cc/b641afd2e557102b5ccbc/muted_mp4_med_size_1567752124_muted_med.mp4","audio":["https://coub-anubis-a.akamaized.net/coub_storage/coub/simple/cw_looped_audio_med/ba4f3235a25/730e602506942c240fad1/1605442588_med_1470797258_med.mp3"]},"share":{"default":"https://coub-anubis-a.akamaized.net/coub_storage/coub/simple/cw_video_for_sharing/32c519b5331/07286862465db04c3e426/1613933778_looped_1613933775.mp4"}},"audio_versions":{"template":"https://coub-anubis-a.akamaized.net/coub_storage/audio_track/cw_normalized_copy/181e0959b94/2c33ef0b349227d981f62/mid_1471205284_1y2zjz8_normalized_1426803087_audio.mp3","versions":["mid","low"]},"image_versions":{"template":"https://coub-anubis-a.akamaized.net/coub_storage/coub/simple/cw_image/f9f4a396003/4ea2a470792b2a4ed1bdc/1470797218_00032.jpg","versions":["micro","tiny","age_restricted","ios_large","ios_mosaic","big","med","small","pinterest"]},"first_frame_versions":{"template":"https://coub-anubis-a.akamaized.net/coub_storage/coub/simple/cw_timeline_pic/54df5a85dde/2009fa45253a7abffbace/%{version}_1470797227_image.jpg","versions":["big","med","small","ios_large"]},"dimensions":{"big":[1280,720],"med":[640,360]},"site_w_h":[640,360],"page_w_h":[640,360],"site_w_h_small":[310,174],"size":[1280,720],"age_restricted":false,"age_restricted_by_admin":false,"not_safe_for_work":false,"allow_reuse":false,"dont_crop":false,"banned":false,"global_safe":true,"audio_file_url":"https://coub-anubis-a.akamaized.net/coub_storage/audio_track/cw_normalized_copy/181e0959b94/2c33ef0b349227d981f62/low_1471205284_1y2zjz8_normalized_1426803087_audio.mp3","external_download":{"type":"Youtube","service_name":"YouTube","url":"http://www.youtube.com/watch?v=NCndL1Pv1qE","has_embed":true},"application":null,"channel":{"id":11186,"permalink":"krum.krumov.904","title":"Krum Krumov","description":null,"followers_count":7670,"following_count":641,"avatar_versions":{"template":"https://coub-anubis-a.akamaized.net/coub_storage/channel/cw_avatar/c9998d578b6/0fb81d79f091bccc59980/%{version}_1525067093_550954_395157893861045_2103499066_n.jpg","versions":["medium","medium_2x","profile_pic","profile_pic_new","profile_pic_new_2x","tiny","tiny_2x","small","small_2x","ios_large","ios_small"]}},"file":null,"picture":"https://coub-anubis-a.akamaized.net/coub_storage/coub/simple/cw_image/f9f4a396003/4ea2a470792b2a4ed1bdc/1470797218_00032.jpg","timeline_picture":"https://coub-anubis-a.akamaized.net/coub_storage/coub/simple/cw_timeline_pic/54df5a85dde/2009fa45253a7abffbace/ios_large_1470797227_image.jpg","small_picture":"https://coub-anubis-a.akamaized.net/coub_storage/coub/simple/cw_image/f9f4a396003/4ea2a470792b2a4ed1bdc/1470797218_00032.jpg","sharing_picture":null,"percent_done":100,"tags":[],"categories":[{"id":75,"title":"Auto & Technique","permalink":"cars","subscriptions_count":10083456,"big_image_url":"https://coub-anubis-a.akamaized.net/coub_storage/category/cw_image/dcda24f72f3/076e0f1bc1028aa643b02/big_1545566648_Auto.png","small_image_url":"https://coub-anubis-a.akamaized.net/coub_storage/category/cw_image/dcda24f72f3/076e0f1bc1028aa643b02/small_1545566648_Auto.png","med_image_url":"https://coub-anubis-a.akamaized.net/coub_storage/category/cw_image/dcda24f72f3/076e0f1bc1028aa643b02/med_1545566648_Auto.png","visible":true}],"communities":[{"id":75,"title":"Auto & Technique","permalink":"cars","subscriptions_count":10083456,"big_image_url":"https://coub-anubis-a.akamaized.net/coub_storage/category/cw_image/dcda24f72f3/076e0f1bc1028aa643b02/big_1545566648_Auto.png","small_image_url":"https://coub-anubis-a.akamaized.net/coub_storage/category/cw_image/dcda24f72f3/076e0f1bc1028aa643b02/small_1545566648_Auto.png","med_image_url":"https://coub-anubis-a.akamaized.net/coub_storage/category/cw_image/dcda24f72f3/076e0f1bc1028aa643b02/med_1545566648_Auto.png","i_subscribed":true,"community_notifications_enabled":null,"description":null}],"recoubs_count":370,"remixes_count":1,"likes_count":1111,"dislikes_count":0,"raw_video_id":1101992,"uploaded_by_ios_app":false,"uploaded_by_android_app":false,"media_blocks":{"uploaded_raw_videos":[],"external_raw_videos":[{"id":11651745,"title":"Beetle Drift","url":"http://www.youtube.com/watch?v=NCndL1Pv1qE","image":"https://coub-anubis-a.akamaized.net/coub_storage/media_block/cw_image/5feec4e596d/8cc53df38d6c9d2b0b8f0/1492491532_1423469542_1vxceqr_att-url-download.jpg","image_retina":"https://coub-anubis-a.akamaized.net/coub_storage/media_block/cw_image/5feec4e596d/8cc53df38d6c9d2b0b8f0/1492491532_1423469542_1vxceqr_att-url-download.jpg","meta":{"service":"Youtube","duration":"30.12"},"duration":30.12,"raw_video_id":1101992,"has_embed":true}],"remixed_from_coubs":[],"external_video":{"id":11651745,"title":"Beetle Drift","url":"http://www.youtube.com/watch?v=NCndL1Pv1qE","image":"https://coub-anubis-a.akamaized.net/coub_storage/media_block/cw_image/5feec4e596d/8cc53df38d6c9d2b0b8f0/1492491532_1423469542_1vxceqr_att-url-download.jpg","image_retina":"https://coub-anubis-a.akamaized.net/coub_storage/media_block/cw_image/5feec4e596d/8cc53df38d6c9d2b0b8f0/1492491532_1423469542_1vxceqr_att-url-download.jpg","meta":{"service":"Youtube","duration":"30.12"},"duration":30.12,"raw_video_id":1101992,"has_embed":true},"audio_track":{"id":19510460,"title":"Pump It (Instrumental)","url":null,"image":null,"image_retina":null,"meta":{"year":"0","album":"Monkey Business","title":"Pump It (Instrumental)","artist":"Black Eyed Peas","echonest_id":null},"duration":null,"amazon_url":null,"google_play_url":null,"bandcamp_url":null,"soundcloud_url":null,"track_name":null,"track_artist":null,"track_album":null,"itunes_url":null}},"raw_video_thumbnail_url":"/missing/missing.png","raw_video_title":"Beetle Drift","video_block_banned":false,"duration":10.0,"promo_winner":false,"promo_winner_recoubers":null,"editorial_info":{},"promo_hint":null,"beeline_best_2014":null,"from_web_editor":true,"normalize_sound":true,"normalize_change_allowed":true,"best2015_addable":false,"ahmad_promo":null,"promo_data":null,"audio_copyright_claim":null,"ads_disabled":null,"is_safe_for_ads":true,"megafon_contents":[],"position_on_page":4},{"flag":null,"abuses":null,"recoubs_by_users_channels":null,"favourite":false,"promoted_id":null,"recoub":null,"like":null,"dislike":null,"reaction":null,"in_my_best2015":false,"id":118565351,"type":"Coub::Simple","permalink":"1y6mz4","title":"Aventador","visibility_type":"public","original_visibility_type":"public","channel_id":2348218,"created_at":"2019-07-20T20:15:01Z","updated_at":"2022-03-09T01:56:26Z","is_done":true,"views_count":63226,"cotd":null,"cotd_at":null,"visible_on_explore_root":false,"visible_on_explore":false,"featured":false,"published":true,"published_at":"2019-07-20T20:15:01Z","reversed":false,"from_editor_v2":true,"is_editable":true,"original_sound":false,"has_sound":false,"recoub_to":null,"file_versions":{"html5":{"video":{"higher":{"url":"https://coub-anubis-a.akamaized.net/coub_storage/coub/simple/cw_file/b13ee85b3a2/33604332d984a1ad93cd3/muted_mp4_huge_size_1569207067_muted_huge.mp4","size":938173},"high":{"url":"https://coub-anubis-a.akamaized.net/coub_storage/coub/simple/cw_file/b13ee85b3a2/33604332d984a1ad93cd3/muted_mp4_big_size_1569207067_muted_big.mp4","size":681176},"med":{"url":"https://coub-anubis-a.akamaized.net/coub_storage/coub/simple/cw_file/b13ee85b3a2/33604332d984a1ad93cd3/muted_mp4_med_size_1569207067_muted_med.mp4","size":204163}},"audio":{"high":{"url":"https://coub-anubis-a.akamaized.net/coub_storage/coub/simple/cw_looped_audio_high/c8880436b83/8b400baa0212edab3ed81/1605647078_high_1563996643_high.mp3","size":2559711},"med":{"url":"https://coub-anubis-a.akamaized.net/coub_storage/coub/simple/cw_looped_audio_med/12c990adcad/a76f6b11e96044a9c0566/1605647078_med_1563996643_med.mp3","size":1751921}}},"mobile":{"video":"https://coub-anubis-a.akamaized.net/coub_storage/coub/simple/cw_file/b13ee85b3a2/33604332d984a1ad93cd3/muted_mp4_med_size_1569207067_muted_med.mp4","audio":["https://coub-anubis-a.akamaized.net/coub_storage/coub/simple/cw_looped_audio_med/12c990adcad/a76f6b11e96044a9c0566/1605647078_med_1563996643_med.mp3"]},"share":{"default":"https://coub-anubis-a.akamaized.net/coub_storage/coub/simple/cw_video_for_sharing/7bc975922f8/01c7b7efef2194198462f/1618551488_looped_1618551487.mp4"}},"audio_versions":{"template":"https://coub-anubis-a.akamaized.net/coub_storage/audio_track/cw_file/aa3c2c920b0/2a9f6830c9f41b085c8bc/mid_1563996628_17iahm9_edited.mp3","versions":["mid","low"]},"image_versions":{"template":"https://coub-anubis-a.akamaized.net/coub_storage/coub/simple/cw_image/0e75ae5fa3a/58a567e69db09852fed9a/1563996652_00011.jpg","versions":["micro","tiny","age_restricted","ios_large","ios_mosaic","big","med","small","pinterest"]},"first_frame_versions":{"template":"https://coub-anubis-a.akamaized.net/coub_storage/coub/simple/cw_timeline_pic/ca80a233d4c/fd0d223561c46c64c720f/%{version}_1563996651_image.jpg","versions":["big","med","small","ios_large"]},"dimensions":{"big":[1280,720],"med":[640,360]},"site_w_h":[640,360],"page_w_h":[640,360],"site_w_h_small":[310,174],"size":[1280,720],"age_restricted":false,"age_restricted_by_admin":false,"not_safe_for_work":false,"allow_reuse":false,"dont_crop":false,"banned":false,"global_safe":true,"audio_file_url":"https://coub-anubis-a.akamaized.net/coub_storage/audio_track/cw_file/aa3c2c920b0/2a9f6830c9f41b085c8bc/low_1563996628_17iahm9_edited.mp3","external_download":{"type":"Youtube","service_name":"YouTube","url":"https://youtu.be/vEvBbNe3rqU","has_embed":true},"application":null,"channel":{"id":2348218,"permalink":"riazanovalexandr","title":"RiazanovAlexandr","description":null,"followers_count":64,"following_count":0,"avatar_versions":{"template":"https://coub-anubis-a.akamaized.net/coub_storage/channel/cw_avatar/67aad646803/af70a1a5aee74ef64b088/%{version}_1608068270_tbtizo_1582494111_filename.jpeg","versions":["medium","medium_2x","profile_pic","profile_pic_new","profile_pic_new_2x","tiny","tiny_2x","small","small_2x","ios_large","ios_small"]}},"file":null,"picture":"https://coub-anubis-a.akamaized.net/coub_storage/coub/simple/cw_image/0e75ae5fa3a/58a567e69db09852fed9a/1563996652_00011.jpg","timeline_picture":"https://coub-anubis-a.akamaized.net/coub_storage/coub/simple/cw_timeline_pic/ca80a233d4c/fd0d223561c46c64c720f/ios_large_1563996651_image.jpg","small_picture":"https://coub-anubis-a.akamaized.net/coub_storage/coub/simple/cw_image/0e75ae5fa3a/58a567e69db09852fed9a/1563996652_00011.jpg","sharing_picture":null,"percent_done":100,"tags":[{"id":30359,"title":"lamborghini","value":"lamborghini"},{"id":72116,"title":"aventador","value":"aventador"}],"categories":[{"id":75,"title":"Auto & Technique","permalink":"cars","subscriptions_count":10083456,"big_image_url":"https://coub-anubis-a.akamaized.net/coub_storage/category/cw_image/dcda24f72f3/076e0f1bc1028aa643b02/big_1545566648_Auto.png","small_image_url":"https://coub-anubis-a.akamaized.net/coub_storage/category/cw_image/dcda24f72f3/076e0f1bc1028aa643b02/small_1545566648_Auto.png","med_image_url":"https://coub-anubis-a.akamaized.net/coub_storage/category/cw_image/dcda24f72f3/076e0f1bc1028aa643b02/med_1545566648_Auto.png","visible":true}],"communities":[{"id":75,"title":"Auto & Technique","permalink":"cars","subscriptions_count":10083456,"big_image_url":"https://coub-anubis-a.akamaized.net/coub_storage/category/cw_image/dcda24f72f3/076e0f1bc1028aa643b02/big_1545566648_Auto.png","small_image_url":"https://coub-anubis-a.akamaized.net/coub_storage/category/cw_image/dcda24f72f3/076e0f1bc1028aa643b02/small_1545566648_Auto.png","med_image_url":"https://coub-anubis-a.akamaized.net/coub_storage/category/cw_image/dcda24f72f3/076e0f1bc1028aa643b02/med_1545566648_Auto.png","i_subscribed":true,"community_notifications_enabled":null,"description":null}],"recoubs_count":231,"remixes_count":2,"likes_count":1110,"dislikes_count":0,"raw_video_id":13223971,"uploaded_by_ios_app":true,"uploaded_by_android_app":false,"media_blocks":{"uploaded_raw_videos":[],"external_raw_videos":[{"id":30508901,"title":"LAMBORGHINI AVENTADOR LP 700-4. A RELENTLESS FORCE","url":"https://www.youtube.com/watch?v=vEvBbNe3rqU","image":"https://coub-anubis-a.akamaized.net/coub_storage/media_block/cw_image/96d9768a6dd/3fe28f7a8fd8365a78291/1550263576_27crds_1550263543_11xyaug_att-url-download.jpg","image_retina":"https://coub-anubis-a.akamaized.net/coub_storage/media_block/cw_image/96d9768a6dd/3fe28f7a8fd8365a78291/1550263576_27crds_1550263543_11xyaug_att-url-download.jpg","meta":{"service":"Youtube","duration":"174.32"},"duration":174.32,"raw_video_id":13223971,"has_embed":true}],"remixed_from_coubs":[],"external_video":{"id":30508901,"title":"LAMBORGHINI AVENTADOR LP 700-4. A RELENTLESS FORCE","url":"https://www.youtube.com/watch?v=vEvBbNe3rqU","image":"https://coub-anubis-a.akamaized.net/coub_storage/media_block/cw_image/96d9768a6dd/3fe28f7a8fd8365a78291/1550263576_27crds_1550263543_11xyaug_att-url-download.jpg","image_retina":"https://coub-anubis-a.akamaized.net/coub_storage/media_block/cw_image/96d9768a6dd/3fe28f7a8fd8365a78291/1550263576_27crds_1550263543_11xyaug_att-url-download.jpg","meta":{"service":"Youtube","duration":"174.32"},"duration":174.32,"raw_video_id":13223971,"has_embed":true}},"raw_video_thumbnail_url":"/missing/missing.png","raw_video_title":"LAMBORGHINI AVENTADOR LP 700-4. A RELENTLESS FORCE","video_block_banned":false,"duration":3.2,"promo_winner":false,"promo_winner_recoubers":null,"editorial_info":{},"promo_hint":null,"beeline_best_2014":null,"from_web_editor":false,"normalize_sound":false,"normalize_change_allowed":true,"best2015_addable":false,"ahmad_promo":null,"promo_data":null,"audio_copyright_claim":null,"ads_disabled":false,"is_safe_for_ads":true,"megafon_contents":[],"position_on_page":5},{"flag":null,"abuses":null,"recoubs_by_users_channels":null,"favourite":false,"promoted_id":null,"recoub":null,"like":null,"dislike":null,"reaction":null,"in_my_best2015":false,"id":102564726,"type":"Coub::Simple","permalink":"1onoq2","title":"Gasen motociklisten kaput ja ja","visibility_type":"public","original_visibility_type":"public","channel_id":2245937,"created_at":"2019-02-19T13:32:47Z","updated_at":"2022-03-17T05:02:20Z","is_done":true,"views_count":110937,"cotd":null,"cotd_at":null,"visible_on_explore_root":false,"visible_on_explore":false,"featured":false,"published":true,"published_at":"2019-02-19T13:32:47Z","reversed":false,"from_editor_v2":true,"is_editable":true,"original_sound":false,"has_sound":false,"recoub_to":null,"file_versions":{"html5":{"video":{"higher":{"url":"https://coub-anubis-a.akamaized.net/coub_storage/coub/simple/cw_file/83cd44c78d3/a001251025f70e3758e0a/muted_mp4_huge_size_1578583803_muted_huge.mp4","size":2183619},"high":{"url":"https://coub-anubis-a.akamaized.net/coub_storage/coub/simple/cw_file/83cd44c78d3/a001251025f70e3758e0a/muted_mp4_big_size_1578583803_muted_big.mp4","size":1471408},"med":{"url":"https://coub-anubis-a.akamaized.net/coub_storage/coub/simple/cw_file/83cd44c78d3/a001251025f70e3758e0a/muted_mp4_med_size_1578583803_muted_med.mp4","size":410807}},"audio":{"high":{"url":"https://coub-anubis-a.akamaized.net/coub_storage/coub/simple/cw_looped_audio_high/f1ce58697c8/4f947b460ae86c7f19269/1605673537_high_1550583268_high.mp3","size":3914629},"med":{"url":"https://coub-anubis-a.akamaized.net/coub_storage/coub/simple/cw_looped_audio_med/d875359d76b/d2aeb0f7285660d9dacef/1605673536_med_1550583268_med.mp3","size":2858951}}},"mobile":{"video":"https://coub-anubis-a.akamaized.net/coub_storage/coub/simple/cw_file/83cd44c78d3/a001251025f70e3758e0a/muted_mp4_med_size_1578583803_muted_med.mp4","audio":["https://coub-anubis-a.akamaized.net/coub_storage/coub/simple/cw_looped_audio_med/d875359d76b/d2aeb0f7285660d9dacef/1605673536_med_1550583268_med.mp3"]},"share":{"default":"https://coub-anubis-a.akamaized.net/coub_storage/coub/simple/cw_video_for_sharing/096c30b1bff/5561b6e7d975f88252163/1611229401_looped_1611229400.mp4"}},"audio_versions":{"template":"https://coub-anubis-a.akamaized.net/coub_storage/audio_track/cw_file/447ff8075ef/cc2ac516b2f53a6ef4d6b/mid_1550582917_audio.mp3","versions":["mid","low"]},"image_versions":{"template":"https://coub-anubis-a.akamaized.net/coub_storage/coub/simple/cw_image/57766fbf4fc/7696b3a06905c59939431/1550583283_00032.jpg","versions":["micro","tiny","age_restricted","ios_large","ios_mosaic","big","med","small","pinterest"]},"first_frame_versions":{"template":"https://coub-anubis-a.akamaized.net/coub_storage/coub/simple/cw_timeline_pic/f3bc732ae1a/72a482009779155026b38/%{version}_1550583282_image.jpg","versions":["big","med","small","ios_large"]},"dimensions":{"big":[1280,722],"med":[640,360]},"site_w_h":[640,361],"page_w_h":[640,361],"site_w_h_small":[310,175],"size":[1280,722],"age_restricted":false,"age_restricted_by_admin":false,"not_safe_for_work":false,"allow_reuse":false,"dont_crop":false,"banned":false,"global_safe":true,"audio_file_url":"https://coub-anubis-a.akamaized.net/coub_storage/audio_track/cw_file/447ff8075ef/cc2ac516b2f53a6ef4d6b/low_1550582917_audio.mp3","external_download":{"type":"Youtube","service_name":"YouTube","url":"https://youtu.be/EOEpEL_kcP8","has_embed":true},"application":null,"channel":{"id":2245937,"permalink":"andrewnameless","title":"AndrewNameless","description":null,"followers_count":38,"following_count":7,"avatar_versions":{"template":"https://coubsecureassets-a.akamaihd.net/assets/default-avatars/97-63df3e18e4e91d24d6c72c832867bec4c015f5dd3a9bb8503f077e8c75b20d17.png"}},"file":null,"picture":"https://coub-anubis-a.akamaized.net/coub_storage/coub/simple/cw_image/57766fbf4fc/7696b3a06905c59939431/1550583283_00032.jpg","timeline_picture":"https://coub-anubis-a.akamaized.net/coub_storage/coub/simple/cw_timeline_pic/f3bc732ae1a/72a482009779155026b38/ios_large_1550583282_image.jpg","small_picture":"https://coub-anubis-a.akamaized.net/coub_storage/coub/simple/cw_image/57766fbf4fc/7696b3a06905c59939431/1550583283_00032.jpg","sharing_picture":null,"percent_done":100,"tags":[{"id":12239,"title":"funny videos","value":"funny%20videos"},{"id":15704,"title":"fails","value":"fails"},{"id":2967281,"title":"fail laugh","value":"fail%20laugh"},{"id":663131,"title":"scooter fail","value":"scooter%20fail"},{"id":132460,"title":"epic fails","value":"epic%20fails"},{"id":15388,"title":"funny fails","value":"funny%20fails"},{"id":443,"title":"fail","value":"fail"},{"id":53483,"title":"fails compilation","value":"fails%20compilation"},{"id":120488,"title":"best fails","value":"best%20fails"},{"id":14541,"title":"fail compilation","value":"fail%20compilation"},{"id":96236,"title":"drivers","value":"drivers"},{"id":1173,"title":"car","value":"car"},{"id":515,"title":"driving","value":"driving"},{"id":1497,"title":"driver","value":"driver"},{"id":514,"title":"drive","value":"drive"},{"id":449917,"title":"driving lessons","value":"driving%20lessons"},{"id":174,"title":"funny","value":"funny"}],"categories":[{"id":75,"title":"Auto & Technique","permalink":"cars","subscriptions_count":10083456,"big_image_url":"https://coub-anubis-a.akamaized.net/coub_storage/category/cw_image/dcda24f72f3/076e0f1bc1028aa643b02/big_1545566648_Auto.png","small_image_url":"https://coub-anubis-a.akamaized.net/coub_storage/category/cw_image/dcda24f72f3/076e0f1bc1028aa643b02/small_1545566648_Auto.png","med_image_url":"https://coub-anubis-a.akamaized.net/coub_storage/category/cw_image/dcda24f72f3/076e0f1bc1028aa643b02/med_1545566648_Auto.png","visible":true}],"communities":[{"id":75,"title":"Auto & Technique","permalink":"cars","subscriptions_count":10083456,"big_image_url":"https://coub-anubis-a.akamaized.net/coub_storage/category/cw_image/dcda24f72f3/076e0f1bc1028aa643b02/big_1545566648_Auto.png","small_image_url":"https://coub-anubis-a.akamaized.net/coub_storage/category/cw_image/dcda24f72f3/076e0f1bc1028aa643b02/small_1545566648_Auto.png","med_image_url":"https://coub-anubis-a.akamaized.net/coub_storage/category/cw_image/dcda24f72f3/076e0f1bc1028aa643b02/med_1545566648_Auto.png","i_subscribed":true,"community_notifications_enabled":null,"description":null}],"recoubs_count":226,"remixes_count":1,"likes_count":1110,"dislikes_count":0,"raw_video_id":13244578,"uploaded_by_ios_app":false,"uploaded_by_android_app":false,"media_blocks":{"uploaded_raw_videos":[],"external_raw_videos":[{"id":30563191,"title":"Bad Drivers: Fails of the Week #820 (July 2018) | CCTube","url":"https://www.youtube.com/watch?v=EOEpEL_kcP8","image":"https://coub-anubis-a.akamaized.net/coub_storage/media_block/cw_image/99676e8b076/85c5e008bd0154a632241/1550582772_j2qp93_1550582672_unh20c_att-url-download.jpg","image_retina":"https://coub-anubis-a.akamaized.net/coub_storage/media_block/cw_image/99676e8b076/85c5e008bd0154a632241/1550582772_j2qp93_1550582672_unh20c_att-url-download.jpg","meta":{"service":"Youtube","duration":"603.72"},"duration":603.72,"raw_video_id":13244578,"has_embed":true}],"remixed_from_coubs":[],"external_video":{"id":30563191,"title":"Bad Drivers: Fails of the Week #820 (July 2018) | CCTube","url":"https://www.youtube.com/watch?v=EOEpEL_kcP8","image":"https://coub-anubis-a.akamaized.net/coub_storage/media_block/cw_image/99676e8b076/85c5e008bd0154a632241/1550582772_j2qp93_1550582672_unh20c_att-url-download.jpg","image_retina":"https://coub-anubis-a.akamaized.net/coub_storage/media_block/cw_image/99676e8b076/85c5e008bd0154a632241/1550582772_j2qp93_1550582672_unh20c_att-url-download.jpg","meta":{"service":"Youtube","duration":"603.72"},"duration":603.72,"raw_video_id":13244578,"has_embed":true}},"raw_video_thumbnail_url":"/missing/missing.png","raw_video_title":"Bad Drivers: Fails of the Week #820 (July 2018) | CCTube","video_block_banned":false,"duration":10.0,"promo_winner":false,"promo_winner_recoubers":null,"editorial_info":{},"promo_hint":null,"beeline_best_2014":null,"from_web_editor":true,"normalize_sound":false,"normalize_change_allowed":true,"best2015_addable":false,"ahmad_promo":null,"promo_data":null,"audio_copyright_claim":null,"ads_disabled":false,"is_safe_for_ads":true,"megafon_contents":[],"position_on_page":6},{"flag":null,"abuses":null,"recoubs_by_users_channels":null,"favourite":false,"promoted_id":null,"recoub":null,"like":null,"dislike":null,"reaction":null,"in_my_best2015":false,"id":86988013,"type":"Coub::Simple","permalink":"1fdtk3","title":"WTTP","visibility_type":"public","original_visibility_type":"public","channel_id":4241662,"created_at":"2018-10-02T18:33:26Z","updated_at":"2022-03-17T20:58:01Z","is_done":true,"views_count":84565,"cotd":null,"cotd_at":null,"visible_on_explore_root":false,"visible_on_explore":false,"featured":false,"published":true,"published_at":"2018-10-02T18:33:26Z","reversed":false,"from_editor_v2":true,"is_editable":true,"original_sound":false,"has_sound":false,"recoub_to":null,"file_versions":{"html5":{"video":{"higher":{"url":"https://coub-anubis-a.akamaized.net/coub_storage/coub/simple/cw_file/edec11f0616/00891130e5a32a320451f/muted_mp4_huge_size_1571408407_muted_huge.mp4","size":2485733},"high":{"url":"https://coub-anubis-a.akamaized.net/coub_storage/coub/simple/cw_file/edec11f0616/00891130e5a32a320451f/muted_mp4_big_size_1571408407_muted_big.mp4","size":1776136},"med":{"url":"https://coub-anubis-a.akamaized.net/coub_storage/coub/simple/cw_file/edec11f0616/00891130e5a32a320451f/muted_mp4_med_size_1571408407_muted_med.mp4","size":473282}},"audio":{"high":{"url":"https://coub-anubis-a.akamaized.net/coub_storage/coub/simple/cw_looped_audio_high/37ee9445539/495459ba41ad24d9ae4b2/1605605741_high_1538505229_high.mp3","size":1561238},"med":{"url":"https://coub-anubis-a.akamaized.net/coub_storage/coub/simple/cw_looped_audio_med/b553c97c0f0/98d7002ccbcfc9e3a8955/1605605741_med_1538505229_med.mp3","size":1180190}}},"mobile":{"video":"https://coub-anubis-a.akamaized.net/coub_storage/coub/simple/cw_file/edec11f0616/00891130e5a32a320451f/muted_mp4_med_size_1571408407_muted_med.mp4","audio":["https://coub-anubis-a.akamaized.net/coub_storage/coub/simple/cw_looped_audio_med/b553c97c0f0/98d7002ccbcfc9e3a8955/1605605741_med_1538505229_med.mp3"]},"share":{"default":"https://coub-anubis-a.akamaized.net/coub_storage/coub/simple/cw_video_for_sharing/722ebdefa49/929c14177206ec9af7193/1608246829_looped_1608246829.mp4"}},"audio_versions":{"template":"https://coub-anubis-a.akamaized.net/coub_storage/audio_track/cw_file/46f8b055c22/7c8cdecfd794b586b247f/mid_1538505219_jima5f_edited.mp3","versions":["mid","low"]},"image_versions":{"template":"https://coub-anubis-a.akamaized.net/coub_storage/coub/simple/cw_image/082bfa23ea6/b9725e7d4b608d294548c/1538505236_00030.jpg","versions":["micro","tiny","age_restricted","ios_large","ios_mosaic","big","med","small","pinterest"]},"first_frame_versions":{"template":"https://coub-anubis-a.akamaized.net/coub_storage/coub/simple/cw_timeline_pic/15a4bebbf9a/1b4ff64dbc44e962be68d/%{version}_1538505235_image.jpg","versions":["big","med","small","ios_large"]},"dimensions":{"big":[1280,720],"med":[640,360]},"site_w_h":[640,360],"page_w_h":[640,360],"site_w_h_small":[310,174],"size":[1280,720],"age_restricted":false,"age_restricted_by_admin":false,"not_safe_for_work":false,"allow_reuse":false,"dont_crop":false,"banned":false,"global_safe":true,"audio_file_url":"https://coub-anubis-a.akamaized.net/coub_storage/audio_track/cw_file/46f8b055c22/7c8cdecfd794b586b247f/low_1538505219_jima5f_edited.mp3","external_download":false,"application":null,"channel":{"id":4241662,"permalink":"lomt1koff","title":"𝐥𝐨𝐦𝐭𝟏𝐤𝐨𝐟𝐟","description":"HI BECH","followers_count":119,"following_count":4,"avatar_versions":{"template":"https://coub-anubis-a.akamaized.net/coub_storage/channel/cw_avatar/aa69b4c3f0f/74c68d81bf9ed9015aef4/%{version}_1615402727__.jpg","versions":["medium","medium_2x","profile_pic","profile_pic_new","profile_pic_new_2x","tiny","tiny_2x","small","small_2x","ios_large","ios_small"]}},"file":null,"picture":"https://coub-anubis-a.akamaized.net/coub_storage/coub/simple/cw_image/082bfa23ea6/b9725e7d4b608d294548c/1538505236_00030.jpg","timeline_picture":"https://coub-anubis-a.akamaized.net/coub_storage/coub/simple/cw_timeline_pic/15a4bebbf9a/1b4ff64dbc44e962be68d/ios_large_1538505235_image.jpg","small_picture":"https://coub-anubis-a.akamaized.net/coub_storage/coub/simple/cw_image/082bfa23ea6/b9725e7d4b608d294548c/1538505236_00030.jpg","sharing_picture":null,"percent_done":100,"tags":[{"id":10556,"title":"mustang","value":"mustang"},{"id":10555,"title":"ford","value":"ford"},{"id":25440,"title":"tuning","value":"tuning"},{"id":1173,"title":"car","value":"car"},{"id":993,"title":"cars","value":"cars"},{"id":1907,"title":"slammed","value":"slammed"},{"id":1901,"title":"stance","value":"stance"},{"id":2882,"title":"авто","value":"%D0%B0%D0%B2%D1%82%D0%BE"},{"id":31674,"title":"тюнинг","value":"%D1%82%D1%8E%D0%BD%D0%B8%D0%BD%D0%B3"},{"id":636,"title":"drift","value":"drift"},{"id":11572,"title":"drifting","value":"drifting"},{"id":634,"title":"дрифт","value":"%D0%B4%D1%80%D0%B8%D1%84%D1%82"},{"id":86196,"title":"дрифтинг","value":"%D0%B4%D1%80%D0%B8%D1%84%D1%82%D0%B8%D0%BD%D0%B3"},{"id":2258,"title":"hard","value":"hard"},{"id":86,"title":"music","value":"music"},{"id":1982,"title":"song","value":"song"},{"id":601,"title":"beauty","value":"beauty"},{"id":1170,"title":"city","value":"city"},{"id":2395321,"title":"welcome to the party","value":"welcome%20to%20the%20party"},{"id":1616238,"title":"lil pump","value":"lil%20pump"}],"categories":[{"id":75,"title":"Auto & Technique","permalink":"cars","subscriptions_count":10083456,"big_image_url":"https://coub-anubis-a.akamaized.net/coub_storage/category/cw_image/dcda24f72f3/076e0f1bc1028aa643b02/big_1545566648_Auto.png","small_image_url":"https://coub-anubis-a.akamaized.net/coub_storage/category/cw_image/dcda24f72f3/076e0f1bc1028aa643b02/small_1545566648_Auto.png","med_image_url":"https://coub-anubis-a.akamaized.net/coub_storage/category/cw_image/dcda24f72f3/076e0f1bc1028aa643b02/med_1545566648_Auto.png","visible":true}],"communities":[{"id":75,"title":"Auto & Technique","permalink":"cars","subscriptions_count":10083456,"big_image_url":"https://coub-anubis-a.akamaized.net/coub_storage/category/cw_image/dcda24f72f3/076e0f1bc1028aa643b02/big_1545566648_Auto.png","small_image_url":"https://coub-anubis-a.akamaized.net/coub_storage/category/cw_image/dcda24f72f3/076e0f1bc1028aa643b02/small_1545566648_Auto.png","med_image_url":"https://coub-anubis-a.akamaized.net/coub_storage/category/cw_image/dcda24f72f3/076e0f1bc1028aa643b02/med_1545566648_Auto.png","i_subscribed":true,"community_notifications_enabled":null,"description":null}],"recoubs_count":211,"remixes_count":7,"likes_count":1110,"dislikes_count":0,"raw_video_id":"","uploaded_by_ios_app":true,"uploaded_by_android_app":false,"media_blocks":{"uploaded_raw_videos":[],"external_raw_videos":[],"remixed_from_coubs":[{"id":28196289,"title":"Ford Mustang","url":"https://coub.com/coubs/1efs0f/remix","image":"https://coub-anubis-a.akamaized.net/coub_storage/media_block/cw_image/b3feca3980a/b852cf37e09947759da2c/1537076379_1537076367_00030.jpg","image_retina":"https://coub-anubis-a.akamaized.net/coub_storage/media_block/cw_image/b3feca3980a/b852cf37e09947759da2c/1537076379_1537076367_00030.jpg","meta":{"duration":"9.4"},"duration":null,"coub_channel_title":"✖️ SHH ✖️","coub_channel_permalink":"shershxx","coub_views_count":88897,"coub_permalink":"1efs0f"}]},"raw_video_thumbnail_url":"","raw_video_title":"","video_block_banned":false,"duration":9.4,"promo_winner":false,"promo_winner_recoubers":null,"editorial_info":{},"promo_hint":null,"beeline_best_2014":null,"from_web_editor":false,"normalize_sound":false,"normalize_change_allowed":true,"best2015_addable":false,"ahmad_promo":null,"promo_data":null,"audio_copyright_claim":null,"ads_disabled":false,"is_safe_for_ads":true,"megafon_contents":[],"position_on_page":7},{"flag":null,"abuses":null,"recoubs_by_users_channels":null,"favourite":false,"promoted_id":null,"recoub":null,"like":null,"dislike":null,"reaction":null,"in_my_best2015":false,"id":66124603,"type":"Coub::Simple","permalink":"12x53v","title":"А че так можно было чтоли!!??😸","visibility_type":"public","original_visibility_type":"public","channel_id":4038226,"created_at":"2018-02-04T11:18:35Z","updated_at":"2022-03-05T03:04:33Z","is_done":true,"views_count":62584,"cotd":null,"cotd_at":null,"visible_on_explore_root":false,"visible_on_explore":false,"featured":false,"published":true,"published_at":"2018-02-04T11:18:35Z","reversed":false,"from_editor_v2":true,"is_editable":true,"original_sound":true,"has_sound":true,"recoub_to":null,"file_versions":{"html5":{"video":{"higher":{"url":"https://coub-anubis-a.akamaized.net/coub_storage/coub/simple/cw_file/d289025d34c/0daa8a5e261bf241d437b/muted_mp4_huge_size_1568190536_muted_huge.mp4","size":2489601},"high":{"url":"https://coub-anubis-a.akamaized.net/coub_storage/coub/simple/cw_file/d289025d34c/0daa8a5e261bf241d437b/muted_mp4_big_size_1568190536_muted_big.mp4","size":1671464},"med":{"url":"https://coub-anubis-a.akamaized.net/coub_storage/coub/simple/cw_file/d289025d34c/0daa8a5e261bf241d437b/muted_mp4_med_size_1568190536_muted_med.mp4","size":589122}},"audio":{"high":{"url":"https://coub-anubis-a.akamaized.net/coub_storage/coub/simple/cw_looped_audio_high/958ae11aaf7/bae97ad51e1e7044848bb/1605629906_high_1517750058_high.mp3","size":781452},"med":{"url":"https://coub-anubis-a.akamaized.net/coub_storage/coub/simple/cw_looped_audio_med/76eeeaf9f13/eaddedb179249a401fae8/1605629906_med_1517750058_med.mp3","size":779899},"sample_duration":10.1}},"mobile":{"video":"https://coub-anubis-a.akamaized.net/coub_storage/coub/simple/cw_file/d289025d34c/0daa8a5e261bf241d437b/muted_mp4_med_size_1568190536_muted_med.mp4","audio":["https://coub-anubis-a.akamaized.net/coub_storage/coub/simple/cw_looped_audio_med/76eeeaf9f13/eaddedb179249a401fae8/1605629906_med_1517750058_med.mp3"]},"share":{"default":"https://coub-anubis-a.akamaized.net/coub_storage/coub/simple/cw_video_for_sharing/1932e9f7f1b/f5cb6570cad01109b859f/1609331663_looped_1609331661.mp4"}},"audio_versions":{},"image_versions":{"template":"https://coub-anubis-a.akamaized.net/coub_storage/coub/simple/cw_image/52106c62649/7fed6fad5916b1723b31e/1517750063_00032.jpg","versions":["micro","tiny","age_restricted","ios_large","ios_mosaic","big","med","small","pinterest"]},"first_frame_versions":{"template":"https://coub-anubis-a.akamaized.net/coub_storage/coub/simple/cw_timeline_pic/67642e2df88/45e1e4253c718305f69bf/%{version}_1517750063_image.jpg","versions":["big","med","small","ios_large"]},"dimensions":{"big":[960,960],"med":[480,480]},"site_w_h":[400,400],"page_w_h":[400,400],"site_w_h_small":[310,310],"size":[960,960],"age_restricted":false,"age_restricted_by_admin":false,"not_safe_for_work":false,"allow_reuse":false,"dont_crop":false,"banned":false,"global_safe":false,"audio_file_url":null,"external_download":false,"application":null,"channel":{"id":4038226,"permalink":"vladimir1722","title":"Vladimir88","description":null,"followers_count":17,"following_count":1,"avatar_versions":{"template":"https://coub-anubis-a.akamaized.net/coub_storage/channel/cw_avatar/44af4f4e56f/b8fa234c0b1af9ee1d2c3/%{version}_1607914400_ddbvf9_1516225063_filename.jpeg","versions":["medium","medium_2x","profile_pic","profile_pic_new","profile_pic_new_2x","tiny","tiny_2x","small","small_2x","ios_large","ios_small"]}},"file":null,"picture":"https://coub-anubis-a.akamaized.net/coub_storage/coub/simple/cw_image/52106c62649/7fed6fad5916b1723b31e/1517750063_00032.jpg","timeline_picture":"https://coub-anubis-a.akamaized.net/coub_storage/coub/simple/cw_timeline_pic/67642e2df88/45e1e4253c718305f69bf/ios_large_1517750063_image.jpg","small_picture":"https://coub-anubis-a.akamaized.net/coub_storage/coub/simple/cw_image/52106c62649/7fed6fad5916b1723b31e/1517750063_00032.jpg","sharing_picture":null,"percent_done":100,"tags":[{"id":21054,"title":"новый год","value":"%D0%BD%D0%BE%D0%B2%D1%8B%D0%B9%20%D0%B3%D0%BE%D0%B4"},{"id":160293,"title":"2018","value":"2018"},{"id":17294,"title":"гибдд","value":"%D0%B3%D0%B8%D0%B1%D0%B4%D0%B4"}],"categories":[{"id":75,"title":"Auto & Technique","permalink":"cars","subscriptions_count":10083456,"big_image_url":"https://coub-anubis-a.akamaized.net/coub_storage/category/cw_image/dcda24f72f3/076e0f1bc1028aa643b02/big_1545566648_Auto.png","small_image_url":"https://coub-anubis-a.akamaized.net/coub_storage/category/cw_image/dcda24f72f3/076e0f1bc1028aa643b02/small_1545566648_Auto.png","med_image_url":"https://coub-anubis-a.akamaized.net/coub_storage/category/cw_image/dcda24f72f3/076e0f1bc1028aa643b02/med_1545566648_Auto.png","visible":true}],"communities":[{"id":75,"title":"Auto & Technique","permalink":"cars","subscriptions_count":10083456,"big_image_url":"https://coub-anubis-a.akamaized.net/coub_storage/category/cw_image/dcda24f72f3/076e0f1bc1028aa643b02/big_1545566648_Auto.png","small_image_url":"https://coub-anubis-a.akamaized.net/coub_storage/category/cw_image/dcda24f72f3/076e0f1bc1028aa643b02/small_1545566648_Auto.png","med_image_url":"https://coub-anubis-a.akamaized.net/coub_storage/category/cw_image/dcda24f72f3/076e0f1bc1028aa643b02/med_1545566648_Auto.png","i_subscribed":true,"community_notifications_enabled":null,"description":null}],"recoubs_count":243,"remixes_count":1,"likes_count":1110,"dislikes_count":0,"raw_video_id":11063133,"uploaded_by_ios_app":true,"uploaded_by_android_app":false,"media_blocks":{"uploaded_raw_videos":[],"external_raw_videos":[],"remixed_from_coubs":[]},"raw_video_thumbnail_url":"/missing/missing.png","raw_video_title":"filename.mp4","video_block_banned":false,"duration":10.08,"promo_winner":false,"promo_winner_recoubers":null,"editorial_info":{},"promo_hint":null,"beeline_best_2014":null,"from_web_editor":false,"normalize_sound":true,"normalize_change_allowed":true,"best2015_addable":false,"ahmad_promo":null,"promo_data":null,"audio_copyright_claim":null,"ads_disabled":false,"is_safe_for_ads":true,"megafon_contents":[],"position_on_page":8},{"flag":null,"abuses":null,"recoubs_by_users_channels":null,"favourite":false,"promoted_id":null,"recoub":null,"like":null,"dislike":null,"reaction":null,"in_my_best2015":false,"id":64640965,"type":"Coub::Simple","permalink":"121cbf","title":" Jaden's Liberty Walk Nissan GT-R R35 w/ ARMYTRIX Exhaust","visibility_type":"public","original_visibility_type":"public","channel_id":2597565,"created_at":"2018-01-15T19:20:08Z","updated_at":"2022-03-17T04:23:39Z","is_done":true,"views_count":81583,"cotd":null,"cotd_at":null,"visible_on_explore_root":false,"visible_on_explore":false,"featured":false,"published":true,"published_at":"2018-01-15T19:20:08Z","reversed":false,"from_editor_v2":true,"is_editable":true,"original_sound":false,"has_sound":false,"recoub_to":null,"file_versions":{"html5":{"video":{"higher":{"url":"https://coub-anubis-a.akamaized.net/coub_storage/coub/simple/cw_file/174b34a5634/11740b4a2213c1406fd8a/muted_mp4_huge_size_1568183287_muted_huge.mp4","size":3383229},"high":{"url":"https://coub-anubis-a.akamaized.net/coub_storage/coub/simple/cw_file/174b34a5634/11740b4a2213c1406fd8a/muted_mp4_big_size_1568183287_muted_big.mp4","size":2569207},"med":{"url":"https://coub-anubis-a.akamaized.net/coub_storage/coub/simple/cw_file/174b34a5634/11740b4a2213c1406fd8a/muted_mp4_med_size_1568183287_muted_med.mp4","size":752376}},"audio":{"high":{"url":"https://coub-anubis-a.akamaized.net/coub_storage/coub/simple/cw_looped_audio_high/c07659f410b/610eb61f294edde2c70a5/1605626671_high_1516044086_high.mp3","size":3804439},"med":{"url":"https://coub-anubis-a.akamaized.net/coub_storage/coub/simple/cw_looped_audio_med/8ddc0e54af7/aafceb832bf99143760e8/1605626671_med_1516044086_med.mp3","size":2779984}}},"mobile":{"video":"https://coub-anubis-a.akamaized.net/coub_storage/coub/simple/cw_file/174b34a5634/11740b4a2213c1406fd8a/muted_mp4_med_size_1568183287_muted_med.mp4","audio":["https://coub-anubis-a.akamaized.net/coub_storage/coub/simple/cw_looped_audio_med/8ddc0e54af7/aafceb832bf99143760e8/1605626671_med_1516044086_med.mp3"]},"share":{"default":"https://coub-anubis-a.akamaized.net/coub_storage/coub/simple/cw_video_for_sharing/724bfe14205/315ca9fc489520458d59c/1638311945_looped_1638311944.mp4"}},"audio_versions":{"template":"https://coub-anubis-a.akamaized.net/coub_storage/audio_track/cw_normalized_copy/8a27f02a280/de96978baaf43041146cc/mid_1516044063_4falkc_normalized_1516044044_1hs25te_edited.mp3","versions":["mid","low"]},"image_versions":{"template":"https://coub-anubis-a.akamaized.net/coub_storage/coub/simple/cw_image/f8a5bde0916/5f5d80a6825583a2ddedf/1516044114_00032.jpg","versions":["micro","tiny","age_restricted","ios_large","ios_mosaic","big","med","small","pinterest"]},"first_frame_versions":{"template":"https://coub-anubis-a.akamaized.net/coub_storage/coub/simple/cw_timeline_pic/911ce81a9f1/a8d37c2ea8b64a944049b/%{version}_1516044113_image.jpg","versions":["big","med","small","ios_large"]},"dimensions":{"big":[1280,540],"med":[640,270]},"site_w_h":[640,270],"page_w_h":[640,270],"site_w_h_small":[310,131],"size":[1280,540],"age_restricted":false,"age_restricted_by_admin":false,"not_safe_for_work":false,"allow_reuse":false,"dont_crop":false,"banned":false,"global_safe":true,"audio_file_url":"https://coub-anubis-a.akamaized.net/coub_storage/audio_track/cw_normalized_copy/8a27f02a280/de96978baaf43041146cc/low_1516044063_4falkc_normalized_1516044044_1hs25te_edited.mp3","external_download":{"type":"Youtube","service_name":"YouTube","url":"http://www.youtube.com/watch?v=4_pQ8S5kJR8","has_embed":true},"application":null,"channel":{"id":2597565,"permalink":"hellowin","title":"Hello Win","description":null,"followers_count":1344,"following_count":25,"avatar_versions":{"template":"https://coub-anubis-a.akamaized.net/coub_storage/channel/cw_avatar/ae658a07664/27784f0351f63e3860fd2/%{version}_1607898892_xwkurh_1518986512_sPsLWGZ.jpeg","versions":["medium","medium_2x","profile_pic","profile_pic_new","profile_pic_new_2x","tiny","tiny_2x","small","small_2x","ios_large","ios_small"]}},"file":null,"picture":"https://coub-anubis-a.akamaized.net/coub_storage/coub/simple/cw_image/f8a5bde0916/5f5d80a6825583a2ddedf/1516044114_00032.jpg","timeline_picture":"https://coub-anubis-a.akamaized.net/coub_storage/coub/simple/cw_timeline_pic/911ce81a9f1/a8d37c2ea8b64a944049b/ios_large_1516044113_image.jpg","small_picture":"https://coub-anubis-a.akamaized.net/coub_storage/coub/simple/cw_image/f8a5bde0916/5f5d80a6825583a2ddedf/1516044114_00032.jpg","sharing_picture":null,"percent_done":100,"tags":[{"id":882109,"title":"armytrix","value":"armytrix"},{"id":24684,"title":"exhaust","value":"exhaust"},{"id":29829,"title":"nissan","value":"nissan"},{"id":3624622,"title":"gt-r r35 w","value":"gt-r%20r35%20w"}],"categories":[{"id":75,"title":"Auto & Technique","permalink":"cars","subscriptions_count":10083456,"big_image_url":"https://coub-anubis-a.akamaized.net/coub_storage/category/cw_image/dcda24f72f3/076e0f1bc1028aa643b02/big_1545566648_Auto.png","small_image_url":"https://coub-anubis-a.akamaized.net/coub_storage/category/cw_image/dcda24f72f3/076e0f1bc1028aa643b02/small_1545566648_Auto.png","med_image_url":"https://coub-anubis-a.akamaized.net/coub_storage/category/cw_image/dcda24f72f3/076e0f1bc1028aa643b02/med_1545566648_Auto.png","visible":true}],"communities":[{"id":75,"title":"Auto & Technique","permalink":"cars","subscriptions_count":10083456,"big_image_url":"https://coub-anubis-a.akamaized.net/coub_storage/category/cw_image/dcda24f72f3/076e0f1bc1028aa643b02/big_1545566648_Auto.png","small_image_url":"https://coub-anubis-a.akamaized.net/coub_storage/category/cw_image/dcda24f72f3/076e0f1bc1028aa643b02/small_1545566648_Auto.png","med_image_url":"https://coub-anubis-a.akamaized.net/coub_storage/category/cw_image/dcda24f72f3/076e0f1bc1028aa643b02/med_1545566648_Auto.png","i_subscribed":true,"community_notifications_enabled":null,"description":null}],"recoubs_count":285,"remixes_count":7,"likes_count":1110,"dislikes_count":0,"raw_video_id":10873124,"uploaded_by_ios_app":false,"uploaded_by_android_app":false,"media_blocks":{"uploaded_raw_videos":[],"external_raw_videos":[{"id":24059212,"title":"STRANGER THINGS - Jaden's Liberty Walk Nissan GT-R R35 w/ ARMYTRIX Exhaust","url":"http://www.youtube.com/watch?v=4_pQ8S5kJR8","image":"https://coub-anubis-a.akamaized.net/coub_storage/media_block/cw_image/c163bca7af8/ecaeeaa0060a86ba9f62f/1515171295_1515171273_1m1ace2_att-url-download.jpg","image_retina":"https://coub-anubis-a.akamaized.net/coub_storage/media_block/cw_image/c163bca7af8/ecaeeaa0060a86ba9f62f/1515171295_1515171273_1m1ace2_att-url-download.jpg","meta":{"service":"Youtube","duration":"122.68"},"duration":122.68,"raw_video_id":10873124,"has_embed":true}],"remixed_from_coubs":[],"external_video":{"id":24059212,"title":"STRANGER THINGS - Jaden's Liberty Walk Nissan GT-R R35 w/ ARMYTRIX Exhaust","url":"http://www.youtube.com/watch?v=4_pQ8S5kJR8","image":"https://coub-anubis-a.akamaized.net/coub_storage/media_block/cw_image/c163bca7af8/ecaeeaa0060a86ba9f62f/1515171295_1515171273_1m1ace2_att-url-download.jpg","image_retina":"https://coub-anubis-a.akamaized.net/coub_storage/media_block/cw_image/c163bca7af8/ecaeeaa0060a86ba9f62f/1515171295_1515171273_1m1ace2_att-url-download.jpg","meta":{"service":"Youtube","duration":"122.68"},"duration":122.68,"raw_video_id":10873124,"has_embed":true}},"raw_video_thumbnail_url":"/missing/missing.png","raw_video_title":"STRANGER THINGS - Jaden's Liberty Walk Nissan GT-R R35 w/ ARMYTRIX Exhaust","video_block_banned":false,"duration":10.0,"promo_winner":false,"promo_winner_recoubers":null,"editorial_info":{},"promo_hint":null,"beeline_best_2014":null,"from_web_editor":true,"normalize_sound":true,"normalize_change_allowed":true,"best2015_addable":false,"ahmad_promo":null,"promo_data":null,"audio_copyright_claim":null,"ads_disabled":false,"is_safe_for_ads":true,"megafon_contents":[],"position_on_page":9},{"flag":null,"abuses":null,"recoubs_by_users_channels":null,"favourite":false,"promoted_id":null,"recoub":null,"like":null,"dislike":null,"reaction":null,"in_my_best2015":false,"id":157454650,"type":"Coub::Simple","permalink":"2lebkq","title":"drift","visibility_type":"public","original_visibility_type":"public","channel_id":7515839,"created_at":"2020-11-08T10:30:31Z","updated_at":"2022-03-16T08:33:54Z","is_done":true,"views_count":102376,"cotd":null,"cotd_at":null,"visible_on_explore_root":false,"visible_on_explore":false,"featured":false,"published":true,"published_at":"2020-11-08T10:30:31Z","reversed":false,"from_editor_v2":true,"is_editable":true,"original_sound":false,"has_sound":false,"recoub_to":null,"file_versions":{"html5":{"video":{"higher":{"url":"https://coub-anubis-a.akamaized.net/coub_storage/coub/simple/cw_file/d44ad7016c4/059da6c72381af3e18df4/muted_mp4_huge_size_1604831487_muted_huge.mp4","size":4084479},"high":{"url":"https://coub-anubis-a.akamaized.net/coub_storage/coub/simple/cw_file/d44ad7016c4/059da6c72381af3e18df4/muted_mp4_big_size_1604831487_muted_big.mp4","size":2821761},"med":{"url":"https://coub-anubis-a.akamaized.net/coub_storage/coub/simple/cw_file/d44ad7016c4/059da6c72381af3e18df4/muted_mp4_med_size_1604831487_muted_med.mp4","size":815044}},"audio":{"high":{"url":"https://coub-anubis-a.akamaized.net/coub_storage/coub/simple/cw_looped_audio_high/1aa87ba449e/1bf7e7d18a882fb3fa223/1604831511_mp3-high.mp3","size":2752756},"med":{"url":"https://coub-anubis-a.akamaized.net/coub_storage/coub/simple/cw_looped_audio_med/b75d390087e/dda7fc8e93317f91bd7f1/1604831509_mp3-med.mp3","size":2010044}}},"mobile":{"video":"https://coub-anubis-a.akamaized.net/coub_storage/coub/simple/cw_file/d44ad7016c4/059da6c72381af3e18df4/muted_mp4_med_size_1604831487_muted_med.mp4","audio":["https://coub-anubis-a.akamaized.net/coub_storage/coub/simple/cw_looped_audio_med/b75d390087e/dda7fc8e93317f91bd7f1/1604831509_mp3-med.mp3"]},"share":{"default":"https://coub-anubis-a.akamaized.net/coub_storage/coub/simple/cw_video_for_sharing/b6e1cb9a1e9/9307d378dfb74ffa18f05/1609081860_looped_1609081859.mp4"}},"audio_versions":{"template":"https://coub-anubis-a.akamaized.net/coub_storage/audio_track/cw_file/41abb961ffe/85398afe067a8e652dfed/mid_1604831489_18tclul_edited.mp3","versions":["mid","low"]},"image_versions":{"template":"https://coub-anubis-a.akamaized.net/coub_storage/coub/simple/cw_image/297acc6339b/4d7eb9f6eca3b4ef77577/1604831516_00026.jpg","versions":["micro","tiny","age_restricted","ios_large","ios_mosaic","big","med","small","pinterest"]},"first_frame_versions":{"template":"https://coub-anubis-a.akamaized.net/coub_storage/coub/simple/cw_timeline_pic/0c3474663cc/aaa1c5d18c58f21aed91d/%{version}_1604831515_image.jpg","versions":["big","med","small","ios_large"]},"dimensions":{"big":[1280,720],"med":[640,360]},"site_w_h":[640,360],"page_w_h":[640,360],"site_w_h_small":[310,174],"size":[1280,720],"age_restricted":false,"age_restricted_by_admin":false,"not_safe_for_work":false,"allow_reuse":false,"dont_crop":true,"banned":false,"global_safe":true,"audio_file_url":"https://coub-anubis-a.akamaized.net/coub_storage/audio_track/cw_file/41abb961ffe/85398afe067a8e652dfed/low_1604831489_18tclul_edited.mp3","external_download":{"type":"Youtube","service_name":"YouTube","url":"https://www.youtube.com/watch?v=GaqiyYPaDOg","has_embed":true},"application":null,"channel":{"id":7515839,"permalink":"shibby96","title":"ShiBBy","description":null,"followers_count":44,"following_count":12,"avatar_versions":{"template":"https://coub-anubis-a.akamaized.net/coub_storage/channel/cw_avatar/4087f0a6599/85231c4480afff9e694ad/%{version}_1607420029_193ydus_1585935386_dark.jpg","versions":["medium","medium_2x","profile_pic","profile_pic_new","profile_pic_new_2x","tiny","tiny_2x","small","small_2x","ios_large","ios_small"]}},"file":null,"picture":"https://coub-anubis-a.akamaized.net/coub_storage/coub/simple/cw_image/297acc6339b/4d7eb9f6eca3b4ef77577/1604831516_00026.jpg","timeline_picture":"https://coub-anubis-a.akamaized.net/coub_storage/coub/simple/cw_timeline_pic/0c3474663cc/aaa1c5d18c58f21aed91d/ios_large_1604831515_image.jpg","small_picture":"https://coub-anubis-a.akamaized.net/coub_storage/coub/simple/cw_image/297acc6339b/4d7eb9f6eca3b4ef77577/1604831516_00026.jpg","sharing_picture":null,"percent_done":100,"tags":[{"id":3427331,"title":"drifty","value":"drifty"},{"id":5993280,"title":"dridty na lodzie","value":"dridty%20na%20lodzie"},{"id":5993281,"title":"drifty ciągników","value":"drifty%20ci%C4%85gnik%C3%B3w"},{"id":5993282,"title":"ciągnik na lodzie","value":"ci%C4%85gnik%20na%20lodzie"},{"id":1311,"title":"bmw","value":"bmw"},{"id":5993283,"title":"merceses","value":"merceses"},{"id":3533368,"title":"wyścigi","value":"wy%C5%9Bcigi"},{"id":5993284,"title":"ursus 360","value":"ursus%20360"},{"id":5993285,"title":"c360","value":"c360"},{"id":188968,"title":"john deere","value":"john%20deere"},{"id":5993286,"title":"agroprofil","value":"agroprofil"},{"id":5993287,"title":"nawozy 2018","value":"nawozy%202018"},{"id":5993288,"title":"arktyczne nawozy","value":"arktyczne%20nawozy"},{"id":5993289,"title":"nekielka","value":"nekielka"},{"id":5898,"title":"renault","value":"renault"},{"id":5993290,"title":"drifty ciągnikami","value":"drifty%20ci%C4%85gnikami"},{"id":5993291,"title":"zima 2018","value":"zima%202018"},{"id":5993292,"title":"nawozy2019","value":"nawozy2019"},{"id":5333480,"title":"wiosna 2019","value":"wiosna%202019"}],"categories":[{"id":75,"title":"Auto & Technique","permalink":"cars","subscriptions_count":10083456,"big_image_url":"https://coub-anubis-a.akamaized.net/coub_storage/category/cw_image/dcda24f72f3/076e0f1bc1028aa643b02/big_1545566648_Auto.png","small_image_url":"https://coub-anubis-a.akamaized.net/coub_storage/category/cw_image/dcda24f72f3/076e0f1bc1028aa643b02/small_1545566648_Auto.png","med_image_url":"https://coub-anubis-a.akamaized.net/coub_storage/category/cw_image/dcda24f72f3/076e0f1bc1028aa643b02/med_1545566648_Auto.png","visible":true}],"communities":[{"id":75,"title":"Auto & Technique","permalink":"cars","subscriptions_count":10083456,"big_image_url":"https://coub-anubis-a.akamaized.net/coub_storage/category/cw_image/dcda24f72f3/076e0f1bc1028aa643b02/big_1545566648_Auto.png","small_image_url":"https://coub-anubis-a.akamaized.net/coub_storage/category/cw_image/dcda24f72f3/076e0f1bc1028aa643b02/small_1545566648_Auto.png","med_image_url":"https://coub-anubis-a.akamaized.net/coub_storage/category/cw_image/dcda24f72f3/076e0f1bc1028aa643b02/med_1545566648_Auto.png","i_subscribed":true,"community_notifications_enabled":null,"description":null}],"recoubs_count":180,"remixes_count":2,"likes_count":1109,"dislikes_count":0,"raw_video_id":15850247,"uploaded_by_ios_app":false,"uploaded_by_android_app":false,"media_blocks":{"uploaded_raw_videos":[],"external_raw_videos":[{"id":37393315,"title":"Drifty ciągnikami na lodzie| Special na 2000 subskrybcji | Ursus leci bokiem|","url":"https://www.youtube.com/watch?v=GaqiyYPaDOg","image":null,"image_retina":null,"meta":{"service":"Youtube","duration":"77.401"},"duration":77.401,"raw_video_id":15850247,"has_embed":true}],"remixed_from_coubs":[],"external_video":{"id":37393315,"title":"Drifty ciągnikami na lodzie| Special na 2000 subskrybcji | Ursus leci bokiem|","url":"https://www.youtube.com/watch?v=GaqiyYPaDOg","image":null,"image_retina":null,"meta":{"service":"Youtube","duration":"77.401"},"duration":77.401,"raw_video_id":15850247,"has_embed":true}},"raw_video_thumbnail_url":"/missing/missing.png","raw_video_title":"Drifty ciągnikami na lodzie| Special na 2000 subskrybcji | Ursus leci bokiem|","video_block_banned":false,"duration":8.04,"promo_winner":false,"promo_winner_recoubers":null,"editorial_info":{},"promo_hint":null,"beeline_best_2014":null,"from_web_editor":true,"normalize_sound":false,"normalize_change_allowed":true,"best2015_addable":false,"ahmad_promo":null,"promo_data":null,"audio_copyright_claim":null,"ads_disabled":false,"is_safe_for_ads":true,"megafon_contents":[],"position_on_page":10}]}