{"page":164,"per_page":10,"total_pages":500,"coubs":[{"flag":null,"abuses":null,"recoubs_by_users_channels":null,"favourite":false,"promoted_id":null,"recoub":null,"like":null,"dislike":null,"reaction":null,"in_my_best2015":false,"id":117533482,"type":"Coub::Simple","permalink":"1xkirv","title":"open like this ","visibility_type":"public","original_visibility_type":"public","channel_id":2629628,"created_at":"2019-07-09T19:17:11Z","updated_at":"2022-03-17T18:12:50Z","is_done":true,"views_count":112283,"cotd":null,"cotd_at":null,"visible_on_explore_root":false,"visible_on_explore":false,"featured":false,"published":true,"published_at":"2019-07-09T19:17:11Z","reversed":false,"from_editor_v2":true,"is_editable":true,"original_sound":true,"has_sound":true,"recoub_to":null,"file_versions":{"html5":{"video":{"higher":{"url":"https://coub-anubis-a.akamaized.net/coub_storage/coub/simple/cw_file/1fe8871ae3b/47e0ffd81610b892baee5/muted_mp4_huge_size_1568997663_muted_huge.mp4","size":4192329},"high":{"url":"https://coub-anubis-a.akamaized.net/coub_storage/coub/simple/cw_file/1fe8871ae3b/47e0ffd81610b892baee5/muted_mp4_big_size_1568997663_muted_big.mp4","size":2885458},"med":{"url":"https://coub-anubis-a.akamaized.net/coub_storage/coub/simple/cw_file/1fe8871ae3b/47e0ffd81610b892baee5/muted_mp4_med_size_1568997663_muted_med.mp4","size":894512}},"audio":{"high":{"url":"https://coub-anubis-a.akamaized.net/coub_storage/coub/simple/cw_looped_audio_high/3dbd7a50eaf/db29026339c7af3d6eaec/1605650537_high_1562699841_high.mp3","size":841728},"med":{"url":"https://coub-anubis-a.akamaized.net/coub_storage/coub/simple/cw_looped_audio_med/4b207527e89/00c2d51650f2945786407/1605650536_med_1562699841_med.mp3","size":795355},"sample_duration":10.147}},"mobile":{"video":"https://coub-anubis-a.akamaized.net/coub_storage/coub/simple/cw_file/1fe8871ae3b/47e0ffd81610b892baee5/muted_mp4_med_size_1568997663_muted_med.mp4","audio":["https://coub-anubis-a.akamaized.net/coub_storage/coub/simple/cw_looped_audio_med/4b207527e89/00c2d51650f2945786407/1605650536_med_1562699841_med.mp3"]},"share":{"default":"https://coub-anubis-a.akamaized.net/coub_storage/coub/simple/cw_video_for_sharing/923981f1128/36b6fa4b9bf4726431afe/1614154663_looped_1614154661.mp4"}},"audio_versions":{},"image_versions":{"template":"https://coub-anubis-a.akamaized.net/coub_storage/coub/simple/cw_image/60641d055a9/fceb699a3c135ea47ff0b/1562699847_00032.jpg","versions":["micro","tiny","age_restricted","ios_large","ios_mosaic","big","med","small","pinterest"]},"first_frame_versions":{"template":"https://coub-anubis-a.akamaized.net/coub_storage/coub/simple/cw_timeline_pic/b7c3c232a0c/2c708dd17d045336e9b06/1562699847_image.jpg","versions":["big","med","small","ios_large"]},"dimensions":{"big":[1280,800],"med":[640,400]},"site_w_h":[640,400],"page_w_h":[640,400],"site_w_h_small":[310,194],"size":[1280,800],"age_restricted":false,"age_restricted_by_admin":false,"not_safe_for_work":false,"allow_reuse":false,"dont_crop":false,"banned":false,"global_safe":true,"audio_file_url":null,"external_download":false,"application":null,"channel":{"id":2629628,"permalink":"-marsik-","title":"MARSIK","description":"Создавайте образный сборник любимой музыки и настроения  который приятно слушать и смотреть в кубе!!","followers_count":128,"following_count":110,"avatar_versions":{"template":"https://coub-anubis-a.akamaized.net/coub_storage/channel/cw_avatar/200084dd93d/6c5699a3e14aa2e2f110b/%{version}_1620918721_________cd3142cae2c49ef290b7a6a7198e9.jpg","versions":["medium","medium_2x","profile_pic","profile_pic_new","profile_pic_new_2x","tiny","tiny_2x","small","small_2x","ios_large","ios_small"]}},"file":null,"picture":"https://coub-anubis-a.akamaized.net/coub_storage/coub/simple/cw_image/60641d055a9/fceb699a3c135ea47ff0b/1562699847_00032.jpg","timeline_picture":"https://coub-anubis-a.akamaized.net/coub_storage/coub/simple/cw_timeline_pic/b7c3c232a0c/2c708dd17d045336e9b06/1562699847_image.jpg","small_picture":"https://coub-anubis-a.akamaized.net/coub_storage/coub/simple/cw_image/60641d055a9/fceb699a3c135ea47ff0b/1562699847_00032.jpg","sharing_picture":null,"percent_done":100,"tags":[{"id":227543,"title":"silicon valley","value":"silicon%20valley"},{"id":304114,"title":"driven","value":"driven"},{"id":1173,"title":"car","value":"car"},{"id":993,"title":"cars","value":"cars"},{"id":95623,"title":"delorean","value":"delorean"},{"id":9725,"title":"open","value":"open"},{"id":337945,"title":"like this","value":"like%20this"}],"categories":[{"id":75,"title":"Auto & Technique","permalink":"cars","subscriptions_count":10083456,"big_image_url":"https://coub-anubis-a.akamaized.net/coub_storage/category/cw_image/dcda24f72f3/076e0f1bc1028aa643b02/big_1545566648_Auto.png","small_image_url":"https://coub-anubis-a.akamaized.net/coub_storage/category/cw_image/dcda24f72f3/076e0f1bc1028aa643b02/small_1545566648_Auto.png","med_image_url":"https://coub-anubis-a.akamaized.net/coub_storage/category/cw_image/dcda24f72f3/076e0f1bc1028aa643b02/med_1545566648_Auto.png","visible":true}],"communities":[{"id":75,"title":"Auto & Technique","permalink":"cars","subscriptions_count":10083456,"big_image_url":"https://coub-anubis-a.akamaized.net/coub_storage/category/cw_image/dcda24f72f3/076e0f1bc1028aa643b02/big_1545566648_Auto.png","small_image_url":"https://coub-anubis-a.akamaized.net/coub_storage/category/cw_image/dcda24f72f3/076e0f1bc1028aa643b02/small_1545566648_Auto.png","med_image_url":"https://coub-anubis-a.akamaized.net/coub_storage/category/cw_image/dcda24f72f3/076e0f1bc1028aa643b02/med_1545566648_Auto.png","i_subscribed":true,"community_notifications_enabled":null,"description":null}],"recoubs_count":449,"remixes_count":1,"likes_count":2161,"dislikes_count":0,"raw_video_id":"","uploaded_by_ios_app":false,"uploaded_by_android_app":false,"media_blocks":{"uploaded_raw_videos":[],"external_raw_videos":[],"remixed_from_coubs":[{"id":32489919,"title":"Бля.","url":"https://coub.com/coubs/1xjuwk/remix","image":"https://coub-anubis-a.akamaized.net/coub_storage/media_block/cw_image/7e6fac824dd/2bf89925b594dcae685cd/1562679456_wmz7xr_1562679443_00010.jpg","image_retina":"https://coub-anubis-a.akamaized.net/coub_storage/media_block/cw_image/7e6fac824dd/2bf89925b594dcae685cd/1562679456_wmz7xr_1562679443_00010.jpg","meta":{"duration":"2.92"},"duration":null,"coub_channel_title":"Nazarii Petreshak","coub_channel_permalink":"petreshak","coub_views_count":1130,"coub_permalink":"1xjuwk"},{"id":32455246,"title":"Billionaire Cardoor","url":"https://coub.com/coubs/1xdryf/remix","image":"https://coub-anubis-a.akamaized.net/coub_storage/media_block/cw_image/437e0c111fa/adaf8fab7fa4e19cf3458/1562418880_9o6yxe_1562418869_00032.jpg","image_retina":"https://coub-anubis-a.akamaized.net/coub_storage/media_block/cw_image/437e0c111fa/adaf8fab7fa4e19cf3458/1562418880_9o6yxe_1562418869_00032.jpg","meta":{"duration":"10.0"},"duration":null,"coub_channel_title":"Irgum Smith","coub_channel_permalink":"irgum761","coub_views_count":167866,"coub_permalink":"1xdryf"},{"id":32493563,"title":"concept","url":"https://coub.com/coubs/1ssej/remix","image":"https://coub-anubis-a.akamaized.net/coub_storage/media_block/cw_image/cf4b93f9d50/270bab6ac6ebf9bafc9a0/1562699859_1dgiday_1411081343_1400868844_00039.jpg","image_retina":"https://coub-anubis-a.akamaized.net/coub_storage/media_block/cw_image/cf4b93f9d50/270bab6ac6ebf9bafc9a0/1562699859_1dgiday_1411081343_1400868844_00039.jpg","meta":{"duration":"12.24"},"duration":null,"coub_channel_title":"7mpler","coub_channel_permalink":"dima7mpler","coub_views_count":134796,"coub_permalink":"1ssej"}]},"raw_video_thumbnail_url":"","raw_video_title":"","video_block_banned":false,"duration":10.04,"promo_winner":false,"promo_winner_recoubers":null,"editorial_info":{},"promo_hint":null,"beeline_best_2014":null,"from_web_editor":true,"normalize_sound":true,"normalize_change_allowed":true,"best2015_addable":false,"ahmad_promo":null,"promo_data":null,"audio_copyright_claim":null,"ads_disabled":false,"is_safe_for_ads":true,"megafon_contents":[],"position_on_page":1},{"flag":null,"abuses":null,"recoubs_by_users_channels":null,"favourite":false,"promoted_id":null,"recoub":null,"like":null,"dislike":null,"reaction":null,"in_my_best2015":false,"id":79878829,"type":"Coub::Simple","permalink":"1b5g14","title":"I like this job!","visibility_type":"public","original_visibility_type":"public","channel_id":1658169,"created_at":"2018-07-16T13:07:41Z","updated_at":"2022-03-07T00:44:31Z","is_done":true,"views_count":162907,"cotd":null,"cotd_at":null,"visible_on_explore_root":false,"visible_on_explore":false,"featured":false,"published":true,"published_at":"2018-07-16T13:07:41Z","reversed":false,"from_editor_v2":true,"is_editable":true,"original_sound":true,"has_sound":true,"recoub_to":null,"file_versions":{"html5":{"video":{"higher":{"url":"https://coub-anubis-a.akamaized.net/coub_storage/coub/simple/cw_file/8c1b49c8f1c/2999826b71b1cf9f2feae/muted_mp4_huge_size_1592989549_muted_huge.mp4","size":3348801},"high":{"url":"https://coub-anubis-a.akamaized.net/coub_storage/coub/simple/cw_file/8c1b49c8f1c/2999826b71b1cf9f2feae/muted_mp4_big_size_1592989549_muted_big.mp4","size":2058777},"med":{"url":"https://coub-anubis-a.akamaized.net/coub_storage/coub/simple/cw_file/8c1b49c8f1c/2999826b71b1cf9f2feae/muted_mp4_med_size_1592989549_muted_med.mp4","size":668659}},"audio":{"high":{"url":"https://coub-anubis-a.akamaized.net/coub_storage/coub/simple/cw_looped_audio_high/388180ca3c5/6458ec1a996e169fcee61/1605618355_high_1531746470_high.mp3","size":1219908},"med":{"url":"https://coub-anubis-a.akamaized.net/coub_storage/coub/simple/cw_looped_audio_med/2ad4b72b7c1/a8ae5b149a61da628ae9a/1605618355_med_1531746470_med.mp3","size":958214},"sample_duration":7.5}},"mobile":{"video":"https://coub-anubis-a.akamaized.net/coub_storage/coub/simple/cw_file/8c1b49c8f1c/2999826b71b1cf9f2feae/muted_mp4_med_size_1592989549_muted_med.mp4","audio":["https://coub-anubis-a.akamaized.net/coub_storage/coub/simple/cw_looped_audio_med/2ad4b72b7c1/a8ae5b149a61da628ae9a/1605618355_med_1531746470_med.mp3"]},"share":{"default":"https://coub-anubis-a.akamaized.net/coub_storage/coub/simple/cw_video_for_sharing/41dba96ac0c/6da9b8892c24ff68ca158/1608236597_looped_1608236595.mp4"}},"audio_versions":{},"image_versions":{"template":"https://coub-anubis-a.akamaized.net/coub_storage/coub/simple/cw_image/1ca7105b425/666479730bf010db5a12c/1531746478_00024.jpg","versions":["micro","tiny","age_restricted","ios_large","ios_mosaic","big","med","small","pinterest"]},"first_frame_versions":{"template":"https://coub-anubis-a.akamaized.net/coub_storage/coub/simple/cw_timeline_pic/adb2d5f399c/17394675b0591954350da/%{version}_1531746477_image.jpg","versions":["big","med","small","ios_large"]},"dimensions":{"big":[1280,800],"med":[640,400]},"site_w_h":[640,400],"page_w_h":[640,400],"site_w_h_small":[310,194],"size":[1280,800],"age_restricted":false,"age_restricted_by_admin":false,"not_safe_for_work":false,"allow_reuse":false,"dont_crop":false,"banned":false,"global_safe":true,"audio_file_url":null,"external_download":false,"application":null,"channel":{"id":1658169,"permalink":".random.hero","title":"RANDOM HERO","description":"Random coubs","followers_count":247,"following_count":68,"avatar_versions":{"template":"https://coub-anubis-a.akamaized.net/coub_storage/channel/cw_avatar/a50cc8a07c1/b5ae1ef1ceaee5e811314/%{version}_1607420708_agg7z4_1552223605_hqdefault.jpg","versions":["medium","medium_2x","profile_pic","profile_pic_new","profile_pic_new_2x","tiny","tiny_2x","small","small_2x","ios_large","ios_small"]}},"file":null,"picture":"https://coub-anubis-a.akamaized.net/coub_storage/coub/simple/cw_image/1ca7105b425/666479730bf010db5a12c/1531746478_00024.jpg","timeline_picture":"https://coub-anubis-a.akamaized.net/coub_storage/coub/simple/cw_timeline_pic/adb2d5f399c/17394675b0591954350da/ios_large_1531746477_image.jpg","small_picture":"https://coub-anubis-a.akamaized.net/coub_storage/coub/simple/cw_image/1ca7105b425/666479730bf010db5a12c/1531746478_00024.jpg","sharing_picture":null,"percent_done":100,"tags":[{"id":224579,"title":"busz","value":"busz"},{"id":13417,"title":"bus","value":"bus"},{"id":98801,"title":"strongest","value":"strongest"},{"id":24073,"title":"1981","value":"1981"},{"id":25440,"title":"tuning","value":"tuning"},{"id":636,"title":"drift","value":"drift"},{"id":4119318,"title":"hegyifelfuto","value":"hegyifelfuto"},{"id":4119320,"title":"bélapátfalva","value":"b%C3%A9lap%C3%A1tfalva"},{"id":3931455,"title":"béke tóni","value":"b%C3%A9ke%20t%C3%B3ni"},{"id":531986,"title":"béke antal","value":"b%C3%A9ke%20antal"},{"id":3052124,"title":"ikarus busz","value":"ikarus%20busz"},{"id":997994,"title":"ikarus bus","value":"ikarus%20bus"},{"id":159455,"title":"ikarus 260","value":"ikarus%20260"},{"id":159452,"title":"ikarus","value":"ikarus"},{"id":295,"title":"batman","value":"batman"},{"id":715,"title":"dark knight","value":"dark%20knight"},{"id":717,"title":"heath ledger","value":"heath%20ledger"},{"id":43258,"title":"gotham city","value":"gotham%20city"},{"id":397,"title":"christopher nolan","value":"christopher%20nolan"},{"id":3757,"title":"christian bale","value":"christian%20bale"}],"categories":[{"id":75,"title":"Auto & Technique","permalink":"cars","subscriptions_count":10083456,"big_image_url":"https://coub-anubis-a.akamaized.net/coub_storage/category/cw_image/dcda24f72f3/076e0f1bc1028aa643b02/big_1545566648_Auto.png","small_image_url":"https://coub-anubis-a.akamaized.net/coub_storage/category/cw_image/dcda24f72f3/076e0f1bc1028aa643b02/small_1545566648_Auto.png","med_image_url":"https://coub-anubis-a.akamaized.net/coub_storage/category/cw_image/dcda24f72f3/076e0f1bc1028aa643b02/med_1545566648_Auto.png","visible":true}],"communities":[{"id":75,"title":"Auto & Technique","permalink":"cars","subscriptions_count":10083456,"big_image_url":"https://coub-anubis-a.akamaized.net/coub_storage/category/cw_image/dcda24f72f3/076e0f1bc1028aa643b02/big_1545566648_Auto.png","small_image_url":"https://coub-anubis-a.akamaized.net/coub_storage/category/cw_image/dcda24f72f3/076e0f1bc1028aa643b02/small_1545566648_Auto.png","med_image_url":"https://coub-anubis-a.akamaized.net/coub_storage/category/cw_image/dcda24f72f3/076e0f1bc1028aa643b02/med_1545566648_Auto.png","i_subscribed":true,"community_notifications_enabled":null,"description":null}],"recoubs_count":387,"remixes_count":3,"likes_count":2160,"dislikes_count":0,"raw_video_id":"","uploaded_by_ios_app":false,"uploaded_by_android_app":false,"media_blocks":{"uploaded_raw_videos":[],"external_raw_videos":[],"remixed_from_coubs":[{"id":26330488,"title":"I like this job – I love it!","url":"https://coub.com/coubs/17ruba/remix","image":"https://coub-anubis-a.akamaized.net/coub_storage/media_block/cw_image/8a4c90bfe98/3743403b4a32bee1c0e2f/1526104250_1526104238_00020.jpg","image_retina":"https://coub-anubis-a.akamaized.net/coub_storage/media_block/cw_image/8a4c90bfe98/3743403b4a32bee1c0e2f/1526104250_1526104238_00020.jpg","meta":{"duration":"6.08"},"duration":null,"coub_channel_title":"RANDOM HERO","coub_channel_permalink":".random.hero","coub_views_count":6665,"coub_permalink":"17ruba"},{"id":27246556,"title":"'The strongest bus of Galaxy, powered by Csirketelep' (Hungary): IKARUS 260 (340 hp) & Béke Tóni - Próbakör @ Bélapátfalva 2018 Hegyifelfutó","url":"https://coub.com/coubs/1avg42/remix","image":"https://coub-anubis-a.akamaized.net/coub_storage/media_block/cw_image/9ae40bee78c/62fd062bd4318a964adc0/1531652325_1531652310_00026.jpg","image_retina":"https://coub-anubis-a.akamaized.net/coub_storage/media_block/cw_image/9ae40bee78c/62fd062bd4318a964adc0/1531652325_1531652310_00026.jpg","meta":{"duration":"8.16"},"duration":null,"coub_channel_title":"StróMan","coub_channel_permalink":"felcsuti.stroman","coub_views_count":463975,"coub_permalink":"1avg42"}]},"raw_video_thumbnail_url":"","raw_video_title":"","video_block_banned":false,"duration":7.4,"promo_winner":false,"promo_winner_recoubers":null,"editorial_info":{},"promo_hint":null,"beeline_best_2014":null,"from_web_editor":true,"normalize_sound":true,"normalize_change_allowed":true,"best2015_addable":false,"ahmad_promo":null,"promo_data":null,"audio_copyright_claim":null,"ads_disabled":false,"is_safe_for_ads":true,"megafon_contents":[],"position_on_page":2},{"flag":null,"abuses":null,"recoubs_by_users_channels":null,"favourite":false,"promoted_id":null,"recoub":null,"like":null,"dislike":null,"reaction":null,"in_my_best2015":false,"id":75077437,"type":"Coub::Simple","permalink":"18abi8","title":"Corolla 1998 VS. 2015","visibility_type":"public","original_visibility_type":"public","channel_id":34013,"created_at":"2018-05-21T22:32:45Z","updated_at":"2022-03-15T20:33:00Z","is_done":true,"views_count":178602,"cotd":null,"cotd_at":null,"visible_on_explore_root":true,"visible_on_explore":true,"featured":true,"published":true,"published_at":"2018-05-21T22:32:45Z","reversed":false,"from_editor_v2":true,"is_editable":true,"original_sound":false,"has_sound":false,"recoub_to":null,"file_versions":{"html5":{"video":{"higher":{"url":"https://coub-anubis-a.akamaized.net/coub_storage/coub/simple/cw_file/67664c52f28/74375a0ba93a1889908c4/muted_mp4_huge_size_1568236806_muted_huge.mp4","size":4083792},"high":{"url":"https://coub-anubis-a.akamaized.net/coub_storage/coub/simple/cw_file/67664c52f28/74375a0ba93a1889908c4/muted_mp4_big_size_1568236806_muted_big.mp4","size":3227938},"med":{"url":"https://coub-anubis-a.akamaized.net/coub_storage/coub/simple/cw_file/67664c52f28/74375a0ba93a1889908c4/muted_mp4_med_size_1568236806_muted_med.mp4","size":1037278}},"audio":{"high":{"url":"https://coub-anubis-a.akamaized.net/coub_storage/coub/simple/cw_looped_audio_high/3613b510705/7046f30f2ec49b2830c47/1605625657_high_1526941979_high.mp3","size":1222439},"med":{"url":"https://coub-anubis-a.akamaized.net/coub_storage/coub/simple/cw_looped_audio_med/6beaade44f2/5f203c21f8f784df2562c/1605625656_med_1526941979_med.mp3","size":883623}}},"mobile":{"video":"https://coub-anubis-a.akamaized.net/coub_storage/coub/simple/cw_file/67664c52f28/74375a0ba93a1889908c4/muted_mp4_med_size_1568236806_muted_med.mp4","audio":["https://coub-anubis-a.akamaized.net/coub_storage/coub/simple/cw_looped_audio_med/6beaade44f2/5f203c21f8f784df2562c/1605625656_med_1526941979_med.mp3"]},"share":{"default":"https://coub-anubis-a.akamaized.net/coub_storage/coub/simple/cw_video_for_sharing/5559f2c6eb8/1a424abbdfaf288197f3f/1616240726_looped_1616240725.mp4"}},"audio_versions":{"template":"https://coub-anubis-a.akamaized.net/coub_storage/audio_track/cw_file/6496256cf81/932e0caf379860e40f20b/mid_1526941977_1iiedti_edited.mp3","versions":["mid","low"]},"image_versions":{"template":"https://coub-anubis-a.akamaized.net/coub_storage/coub/simple/cw_image/fb5ad1ce8e2/0dfa18d85ce24d1a46b26/1526941987_00030.jpg","versions":["micro","tiny","age_restricted","ios_large","ios_mosaic","big","med","small","pinterest"]},"first_frame_versions":{"template":"https://coub-anubis-a.akamaized.net/coub_storage/coub/simple/cw_timeline_pic/e73191ac2e5/53c182175b91e953f2c7f/%{version}_1526941986_image.jpg","versions":["big","med","small","ios_large"]},"dimensions":{"big":[1280,720],"med":[640,360]},"site_w_h":[640,360],"page_w_h":[640,360],"site_w_h_small":[310,174],"size":[1280,720],"age_restricted":false,"age_restricted_by_admin":false,"not_safe_for_work":false,"allow_reuse":false,"dont_crop":false,"banned":false,"global_safe":true,"audio_file_url":"https://coub-anubis-a.akamaized.net/coub_storage/audio_track/cw_file/6496256cf81/932e0caf379860e40f20b/low_1526941977_1iiedti_edited.mp3","external_download":{"type":"Gfycat","service_name":"Gfycat","url":"http://gfycat.com/capitaldistantblobfish","has_embed":true},"application":null,"channel":{"id":34013,"permalink":"eleprimer","title":"Light Tuesday ","description":"In Source We Trust #eleprimer","followers_count":47208,"following_count":309,"avatar_versions":{"template":"https://coub-anubis-a.akamaized.net/coub_storage/channel/cw_avatar/6935064c7dc/619c13567459f10bfe258/%{version}_1598751147_ghh.jpg","versions":["medium","medium_2x","profile_pic","profile_pic_new","profile_pic_new_2x","tiny","tiny_2x","small","small_2x","ios_large","ios_small"]}},"file":null,"picture":"https://coub-anubis-a.akamaized.net/coub_storage/coub/simple/cw_image/fb5ad1ce8e2/0dfa18d85ce24d1a46b26/1526941987_00030.jpg","timeline_picture":"https://coub-anubis-a.akamaized.net/coub_storage/coub/simple/cw_timeline_pic/e73191ac2e5/53c182175b91e953f2c7f/ios_large_1526941986_image.jpg","small_picture":"https://coub-anubis-a.akamaized.net/coub_storage/coub/simple/cw_image/fb5ad1ce8e2/0dfa18d85ce24d1a46b26/1526941987_00030.jpg","sharing_picture":null,"percent_done":100,"tags":[{"id":20294,"title":"toyota","value":"toyota"},{"id":1173,"title":"car","value":"car"},{"id":266,"title":"deep","value":"deep"},{"id":109,"title":"crash","value":"crash"},{"id":42,"title":"test","value":"test"},{"id":1133540,"title":"eleprimer","value":"eleprimer"},{"id":1904,"title":"auto","value":"auto"}],"categories":[{"id":75,"title":"Auto & Technique","permalink":"cars","subscriptions_count":10083456,"big_image_url":"https://coub-anubis-a.akamaized.net/coub_storage/category/cw_image/dcda24f72f3/076e0f1bc1028aa643b02/big_1545566648_Auto.png","small_image_url":"https://coub-anubis-a.akamaized.net/coub_storage/category/cw_image/dcda24f72f3/076e0f1bc1028aa643b02/small_1545566648_Auto.png","med_image_url":"https://coub-anubis-a.akamaized.net/coub_storage/category/cw_image/dcda24f72f3/076e0f1bc1028aa643b02/med_1545566648_Auto.png","visible":true}],"communities":[{"id":75,"title":"Auto & Technique","permalink":"cars","subscriptions_count":10083456,"big_image_url":"https://coub-anubis-a.akamaized.net/coub_storage/category/cw_image/dcda24f72f3/076e0f1bc1028aa643b02/big_1545566648_Auto.png","small_image_url":"https://coub-anubis-a.akamaized.net/coub_storage/category/cw_image/dcda24f72f3/076e0f1bc1028aa643b02/small_1545566648_Auto.png","med_image_url":"https://coub-anubis-a.akamaized.net/coub_storage/category/cw_image/dcda24f72f3/076e0f1bc1028aa643b02/med_1545566648_Auto.png","i_subscribed":true,"community_notifications_enabled":null,"description":null}],"recoubs_count":487,"remixes_count":0,"likes_count":2160,"dislikes_count":0,"raw_video_id":11743789,"uploaded_by_ios_app":false,"uploaded_by_android_app":false,"media_blocks":{"uploaded_raw_videos":[],"external_raw_videos":[{"id":26493486,"title":"capitaldistantblobfish","url":"https://gfycat.com/capitaldistantblobfish","image":"https://coub-anubis-a.akamaized.net/coub_storage/media_block/cw_image/a308b65c545/8329118e4dc7940b97bac/1526941626_1526941620_10cr8ft_att-url-download.jpg","image_retina":"https://coub-anubis-a.akamaized.net/coub_storage/media_block/cw_image/a308b65c545/8329118e4dc7940b97bac/1526941626_1526941620_10cr8ft_att-url-download.jpg","meta":{"service":"Gfycat","duration":"9.56"},"duration":9.56,"raw_video_id":11743789,"has_embed":true}],"remixed_from_coubs":[],"external_video":{"id":26493486,"title":"capitaldistantblobfish","url":"https://gfycat.com/capitaldistantblobfish","image":"https://coub-anubis-a.akamaized.net/coub_storage/media_block/cw_image/a308b65c545/8329118e4dc7940b97bac/1526941626_1526941620_10cr8ft_att-url-download.jpg","image_retina":"https://coub-anubis-a.akamaized.net/coub_storage/media_block/cw_image/a308b65c545/8329118e4dc7940b97bac/1526941626_1526941620_10cr8ft_att-url-download.jpg","meta":{"service":"Gfycat","duration":"9.56"},"duration":9.56,"raw_video_id":11743789,"has_embed":true}},"raw_video_thumbnail_url":"/missing/missing.png","raw_video_title":"capitaldistantblobfish","video_block_banned":false,"duration":9.28,"promo_winner":false,"promo_winner_recoubers":null,"editorial_info":{},"promo_hint":null,"beeline_best_2014":null,"from_web_editor":true,"normalize_sound":false,"normalize_change_allowed":true,"best2015_addable":false,"ahmad_promo":null,"promo_data":null,"audio_copyright_claim":null,"ads_disabled":false,"is_safe_for_ads":true,"megafon_contents":[],"position_on_page":3},{"flag":null,"abuses":null,"recoubs_by_users_channels":null,"favourite":false,"promoted_id":null,"recoub":null,"like":null,"dislike":null,"reaction":null,"in_my_best2015":false,"id":45827241,"type":"Coub::Simple","permalink":"qu3f0","title":"Надо же, надо же было такому случиться...","visibility_type":"public","original_visibility_type":"public","channel_id":2137656,"created_at":"2017-01-25T09:43:09Z","updated_at":"2022-03-16T20:32:29Z","is_done":true,"views_count":788823,"cotd":null,"cotd_at":null,"visible_on_explore_root":false,"visible_on_explore":false,"featured":false,"published":true,"published_at":"2017-01-25T09:43:09Z","reversed":false,"from_editor_v2":true,"is_editable":true,"original_sound":true,"has_sound":true,"recoub_to":null,"file_versions":{"html5":{"video":{"higher":{"url":"https://coub-anubis-a.akamaized.net/coub_storage/coub/simple/cw_file/b284cf33b61/f062fe20b50cdbd849121/muted_mp4_huge_size_1568085208_muted_huge.mp4","size":6606637},"high":{"url":"https://coub-anubis-a.akamaized.net/coub_storage/coub/simple/cw_file/b284cf33b61/f062fe20b50cdbd849121/muted_mp4_big_size_1568085208_muted_big.mp4","size":4345370},"med":{"url":"https://coub-anubis-a.akamaized.net/coub_storage/coub/simple/cw_file/b284cf33b61/f062fe20b50cdbd849121/muted_mp4_med_size_1568085208_muted_med.mp4","size":1353331}},"audio":{"high":{"url":"https://coub-anubis-a.akamaized.net/coub_storage/coub/simple/cw_looped_audio_high/823b0fae31f/b2854ea0e326f605f0cad/1605576664_high_1485337408_high.mp3","size":1204548},"med":{"url":"https://coub-anubis-a.akamaized.net/coub_storage/coub/simple/cw_looped_audio_med/b824a9b9c4e/5f1d0e72a65280a43c682/1605576663_med_1485337408_med.mp3","size":906849},"sample_duration":10.009}},"mobile":{"video":"https://coub-anubis-a.akamaized.net/coub_storage/coub/simple/cw_file/b284cf33b61/f062fe20b50cdbd849121/muted_mp4_med_size_1568085208_muted_med.mp4","audio":["https://coub-anubis-a.akamaized.net/coub_storage/coub/simple/cw_looped_audio_med/b824a9b9c4e/5f1d0e72a65280a43c682/1605576663_med_1485337408_med.mp3"]},"share":{"default":"https://coub-anubis-a.akamaized.net/coub_storage/coub/simple/cw_video_for_sharing/29b8de223b3/03d1001e2774d6f044d54/1609776732_looped_1609776731.mp4"}},"audio_versions":{},"image_versions":{"template":"https://coub-anubis-a.akamaized.net/coub_storage/coub/simple/cw_image/83ec2d9d865/1af83fa38cf6905bdefb7/1485337418_00032.jpg","versions":["micro","tiny","age_restricted","ios_large","ios_mosaic","big","med","small","pinterest"]},"first_frame_versions":{"template":"https://coub-anubis-a.akamaized.net/coub_storage/coub/simple/cw_timeline_pic/529dda58689/65e6c3d0f385ce9d2d732/1485337417_image.jpg","versions":["big","med","small","ios_large"]},"dimensions":{"big":[1280,720],"med":[640,360]},"site_w_h":[640,360],"page_w_h":[640,360],"site_w_h_small":[310,174],"size":[1280,720],"age_restricted":false,"age_restricted_by_admin":false,"not_safe_for_work":false,"allow_reuse":false,"dont_crop":false,"banned":false,"global_safe":false,"audio_file_url":null,"external_download":false,"application":null,"channel":{"id":2137656,"permalink":"neoncoub","title":"Neon","description":"Follow the Glow","followers_count":4405,"following_count":361,"avatar_versions":{"template":"https://coub-anubis-a.akamaized.net/coub_storage/channel/cw_avatar/b580e016af9/2bb0dcd4efa6987063d8f/%{version}_1607812135_1mbo7t7_1470687352_Neon_Big.png","versions":["medium","medium_2x","profile_pic","profile_pic_new","profile_pic_new_2x","tiny","tiny_2x","small","small_2x","ios_large","ios_small"]}},"file":null,"picture":"https://coub-anubis-a.akamaized.net/coub_storage/coub/simple/cw_image/83ec2d9d865/1af83fa38cf6905bdefb7/1485337418_00032.jpg","timeline_picture":"https://coub-anubis-a.akamaized.net/coub_storage/coub/simple/cw_timeline_pic/529dda58689/65e6c3d0f385ce9d2d732/1485337417_image.jpg","small_picture":"https://coub-anubis-a.akamaized.net/coub_storage/coub/simple/cw_image/83ec2d9d865/1af83fa38cf6905bdefb7/1485337418_00032.jpg","sharing_picture":null,"percent_done":100,"tags":[{"id":195,"title":"russia","value":"russia"},{"id":1265,"title":"россия","value":"%D1%80%D0%BE%D1%81%D1%81%D0%B8%D1%8F"},{"id":28376,"title":"oops","value":"oops"},{"id":22306,"title":"ouch","value":"ouch"},{"id":1253,"title":"wtf","value":"wtf"},{"id":2817,"title":"видео","value":"%D0%B2%D0%B8%D0%B4%D0%B5%D0%BE"},{"id":1437,"title":"юмор","value":"%D1%8E%D0%BC%D0%BE%D1%80"},{"id":443,"title":"fail","value":"fail"},{"id":1485,"title":"comedy","value":"comedy"},{"id":1091,"title":"humour","value":"humour"},{"id":292,"title":"humor","value":"humor"},{"id":4634,"title":"prank","value":"prank"},{"id":2707,"title":"omg","value":"omg"},{"id":174,"title":"funny","value":"funny"},{"id":169,"title":"fun","value":"fun"},{"id":12662,"title":"gag","value":"gag"},{"id":170,"title":"lol","value":"lol"},{"id":10449,"title":"jokes","value":"jokes"},{"id":1115,"title":"joke","value":"joke"},{"id":993,"title":"cars","value":"cars"},{"id":1173,"title":"car","value":"car"},{"id":109,"title":"crash","value":"crash"},{"id":669,"title":"road","value":"road"},{"id":1904,"title":"auto","value":"auto"},{"id":2882,"title":"авто","value":"%D0%B0%D0%B2%D1%82%D0%BE"},{"id":4679,"title":"шутки","value":"%D1%88%D1%83%D1%82%D0%BA%D0%B8"},{"id":4005,"title":"жесть","value":"%D0%B6%D0%B5%D1%81%D1%82%D1%8C"},{"id":5836,"title":"смешное","value":"%D1%81%D0%BC%D0%B5%D1%88%D0%BD%D0%BE%D0%B5"},{"id":1212,"title":"смешно","value":"%D1%81%D0%BC%D0%B5%D1%88%D0%BD%D0%BE"},{"id":4930,"title":"шутка","value":"%D1%88%D1%83%D1%82%D0%BA%D0%B0"},{"id":882,"title":"прикол","value":"%D0%BF%D1%80%D0%B8%D0%BA%D0%BE%D0%BB"},{"id":6186,"title":"авария","value":"%D0%B0%D0%B2%D0%B0%D1%80%D0%B8%D1%8F"},{"id":10920,"title":"регистратор","value":"%D1%80%D0%B5%D0%B3%D0%B8%D1%81%D1%82%D1%80%D0%B0%D1%82%D0%BE%D1%80"},{"id":6187,"title":"дтп","value":"%D0%B4%D1%82%D0%BF"}],"categories":[{"id":75,"title":"Auto & Technique","permalink":"cars","subscriptions_count":10083456,"big_image_url":"https://coub-anubis-a.akamaized.net/coub_storage/category/cw_image/dcda24f72f3/076e0f1bc1028aa643b02/big_1545566648_Auto.png","small_image_url":"https://coub-anubis-a.akamaized.net/coub_storage/category/cw_image/dcda24f72f3/076e0f1bc1028aa643b02/small_1545566648_Auto.png","med_image_url":"https://coub-anubis-a.akamaized.net/coub_storage/category/cw_image/dcda24f72f3/076e0f1bc1028aa643b02/med_1545566648_Auto.png","visible":true}],"communities":[{"id":75,"title":"Auto & Technique","permalink":"cars","subscriptions_count":10083456,"big_image_url":"https://coub-anubis-a.akamaized.net/coub_storage/category/cw_image/dcda24f72f3/076e0f1bc1028aa643b02/big_1545566648_Auto.png","small_image_url":"https://coub-anubis-a.akamaized.net/coub_storage/category/cw_image/dcda24f72f3/076e0f1bc1028aa643b02/small_1545566648_Auto.png","med_image_url":"https://coub-anubis-a.akamaized.net/coub_storage/category/cw_image/dcda24f72f3/076e0f1bc1028aa643b02/med_1545566648_Auto.png","i_subscribed":true,"community_notifications_enabled":null,"description":null}],"recoubs_count":572,"remixes_count":3,"likes_count":2160,"dislikes_count":0,"raw_video_id":8851904,"uploaded_by_ios_app":false,"uploaded_by_android_app":false,"media_blocks":{"uploaded_raw_videos":[],"external_raw_videos":[],"remixed_from_coubs":[]},"raw_video_thumbnail_url":"/missing/missing.png","raw_video_title":"nadozhe_nadozhe_takomu_sluchitsya.mp4","video_block_banned":false,"duration":10.0,"promo_winner":false,"promo_winner_recoubers":null,"editorial_info":{},"promo_hint":null,"beeline_best_2014":null,"from_web_editor":true,"normalize_sound":false,"normalize_change_allowed":true,"best2015_addable":false,"ahmad_promo":null,"promo_data":null,"audio_copyright_claim":null,"ads_disabled":null,"is_safe_for_ads":true,"megafon_contents":[],"position_on_page":4},{"flag":null,"abuses":null,"recoubs_by_users_channels":null,"favourite":false,"promoted_id":null,"recoub":null,"like":null,"dislike":null,"reaction":null,"in_my_best2015":false,"id":163028090,"type":"Coub::Simple","permalink":"2ops3x","title":"😎","visibility_type":"public","original_visibility_type":"public","channel_id":341605,"created_at":"2021-02-03T12:44:38Z","updated_at":"2022-03-18T03:25:03Z","is_done":true,"views_count":138072,"cotd":null,"cotd_at":null,"visible_on_explore_root":false,"visible_on_explore":false,"featured":false,"published":true,"published_at":"2021-02-03T12:44:38Z","reversed":false,"from_editor_v2":true,"is_editable":true,"original_sound":true,"has_sound":true,"recoub_to":null,"file_versions":{"html5":{"video":{"higher":{"url":"https://coub-anubis-a.akamaized.net/coub_storage/coub/simple/cw_file/c89e437ddc5/f528e23bb09e363d41e2f/muted_mp4_huge_size_1612356283_muted_huge.mp4","size":1389027},"high":{"url":"https://coub-anubis-a.akamaized.net/coub_storage/coub/simple/cw_file/c89e437ddc5/f528e23bb09e363d41e2f/muted_mp4_big_size_1612356283_muted_big.mp4","size":830046},"med":{"url":"https://coub-anubis-a.akamaized.net/coub_storage/coub/simple/cw_file/c89e437ddc5/f528e23bb09e363d41e2f/muted_mp4_med_size_1612356283_muted_med.mp4","size":243101}},"audio":{"high":{"url":"https://coub-anubis-a.akamaized.net/coub_storage/coub/simple/cw_looped_audio_high/b42019883f8/fe049b10ee0e8225414bf/1612356285_mp3-high.mp3","size":747663},"med":{"url":"https://coub-anubis-a.akamaized.net/coub_storage/coub/simple/cw_looped_audio_med/1ec9c40ecdf/98108a8869d491d9be83f/1612356284_mp3-med.mp3","size":747650},"sample_duration":9.706}},"mobile":{"video":"https://coub-anubis-a.akamaized.net/coub_storage/coub/simple/cw_file/c89e437ddc5/f528e23bb09e363d41e2f/muted_mp4_med_size_1612356283_muted_med.mp4","audio":["https://coub-anubis-a.akamaized.net/coub_storage/coub/simple/cw_looped_audio_med/1ec9c40ecdf/98108a8869d491d9be83f/1612356284_mp3-med.mp3"]},"share":{"default":"https://coub-anubis-a.akamaized.net/coub_storage/coub/simple/cw_video_for_sharing/5b2d35277d5/8d519665da5478f3dffdb/1612356323_looped_1612356322.mp4"}},"audio_versions":{},"image_versions":{"template":"https://coub-anubis-a.akamaized.net/coub_storage/coub/simple/cw_image/9c13de907c2/ff299cdb1ea8bbefafe27/%{version}_1612356291_00031.jpg","versions":["micro","tiny","age_restricted","ios_large","ios_mosaic","big","med","small","pinterest"]},"first_frame_versions":{"template":"https://coub-anubis-a.akamaized.net/coub_storage/coub/simple/cw_timeline_pic/a2999763854/f662be890f65e96ca4331/%{version}_1612356291_image.jpg","versions":["big","med","small","ios_large"]},"dimensions":{"big":[960,960],"med":[480,480]},"site_w_h":[400,400],"page_w_h":[400,400],"site_w_h_small":[310,310],"size":[960,960],"age_restricted":false,"age_restricted_by_admin":false,"not_safe_for_work":false,"allow_reuse":false,"dont_crop":true,"banned":false,"global_safe":true,"audio_file_url":null,"external_download":false,"application":null,"channel":{"id":341605,"permalink":"praid995","title":"praid995","description":null,"followers_count":114,"following_count":6,"avatar_versions":{"template":"https://coub-anubis-a.akamaized.net/coub_storage/channel/cw_avatar/8528b13e236/a915478c3c74362da5012/%{version}_1534316111_1395762686_370157069.jpg","versions":["medium","medium_2x","profile_pic","profile_pic_new","profile_pic_new_2x","tiny","tiny_2x","small","small_2x","ios_large","ios_small"]}},"file":null,"picture":"https://coub-anubis-a.akamaized.net/coub_storage/coub/simple/cw_image/9c13de907c2/ff299cdb1ea8bbefafe27/med_1612356291_00031.jpg","timeline_picture":"https://coub-anubis-a.akamaized.net/coub_storage/coub/simple/cw_timeline_pic/a2999763854/f662be890f65e96ca4331/ios_large_1612356291_image.jpg","small_picture":"https://coub-anubis-a.akamaized.net/coub_storage/coub/simple/cw_image/9c13de907c2/ff299cdb1ea8bbefafe27/ios_mosaic_1612356291_00031.jpg","sharing_picture":null,"percent_done":100,"tags":[{"id":175,"title":"usa","value":"usa"},{"id":1173,"title":"car","value":"car"},{"id":8052,"title":"american","value":"american"}],"categories":[{"id":75,"title":"Auto & Technique","permalink":"cars","subscriptions_count":10083456,"big_image_url":"https://coub-anubis-a.akamaized.net/coub_storage/category/cw_image/dcda24f72f3/076e0f1bc1028aa643b02/big_1545566648_Auto.png","small_image_url":"https://coub-anubis-a.akamaized.net/coub_storage/category/cw_image/dcda24f72f3/076e0f1bc1028aa643b02/small_1545566648_Auto.png","med_image_url":"https://coub-anubis-a.akamaized.net/coub_storage/category/cw_image/dcda24f72f3/076e0f1bc1028aa643b02/med_1545566648_Auto.png","visible":true}],"communities":[{"id":75,"title":"Auto & Technique","permalink":"cars","subscriptions_count":10083456,"big_image_url":"https://coub-anubis-a.akamaized.net/coub_storage/category/cw_image/dcda24f72f3/076e0f1bc1028aa643b02/big_1545566648_Auto.png","small_image_url":"https://coub-anubis-a.akamaized.net/coub_storage/category/cw_image/dcda24f72f3/076e0f1bc1028aa643b02/small_1545566648_Auto.png","med_image_url":"https://coub-anubis-a.akamaized.net/coub_storage/category/cw_image/dcda24f72f3/076e0f1bc1028aa643b02/med_1545566648_Auto.png","i_subscribed":true,"community_notifications_enabled":null,"description":null}],"recoubs_count":375,"remixes_count":0,"likes_count":2159,"dislikes_count":0,"raw_video_id":16133751,"uploaded_by_ios_app":false,"uploaded_by_android_app":true,"media_blocks":{"uploaded_raw_videos":[],"external_raw_videos":[],"remixed_from_coubs":[]},"raw_video_thumbnail_url":"/missing/missing.png","raw_video_title":null,"video_block_banned":false,"duration":9.76,"promo_winner":false,"promo_winner_recoubers":null,"editorial_info":{},"promo_hint":null,"beeline_best_2014":null,"from_web_editor":false,"normalize_sound":true,"normalize_change_allowed":true,"best2015_addable":false,"ahmad_promo":null,"promo_data":null,"audio_copyright_claim":null,"ads_disabled":false,"is_safe_for_ads":true,"megafon_contents":[],"position_on_page":5},{"flag":null,"abuses":null,"recoubs_by_users_channels":null,"favourite":false,"promoted_id":null,"recoub":null,"like":null,"dislike":null,"reaction":null,"in_my_best2015":false,"id":133380205,"type":"Coub::Simple","permalink":"271puh","title":"Tesla CyberTruck Russia ","visibility_type":"public","original_visibility_type":"public","channel_id":1594865,"created_at":"2020-01-02T11:24:42Z","updated_at":"2022-03-16T18:18:55Z","is_done":true,"views_count":182869,"cotd":null,"cotd_at":null,"visible_on_explore_root":true,"visible_on_explore":true,"featured":true,"published":true,"published_at":"2020-01-02T11:24:42Z","reversed":false,"from_editor_v2":true,"is_editable":true,"original_sound":false,"has_sound":false,"recoub_to":null,"file_versions":{"html5":{"video":{"higher":{"url":"https://coub-anubis-a.akamaized.net/coub_storage/coub/simple/cw_file/6dc2b8d4fd1/ccb729381c8bff0e29667/muted_mp4_huge_size_1577964408_muted_huge.mp4","size":2174211},"high":{"url":"https://coub-anubis-a.akamaized.net/coub_storage/coub/simple/cw_file/6dc2b8d4fd1/ccb729381c8bff0e29667/muted_mp4_big_size_1577964408_muted_big.mp4","size":1661712},"med":{"url":"https://coub-anubis-a.akamaized.net/coub_storage/coub/simple/cw_file/6dc2b8d4fd1/ccb729381c8bff0e29667/muted_mp4_med_size_1577964408_muted_med.mp4","size":421063}},"audio":{"high":{"url":"https://coub-anubis-a.akamaized.net/coub_storage/coub/simple/cw_looped_audio_high/3649f2dc5bf/dfdca9de878c75b2770a3/1605702619_high_1577964467_high.mp3","size":7326793},"med":{"url":"https://coub-anubis-a.akamaized.net/coub_storage/coub/simple/cw_looped_audio_med/f2558c6233f/99a516832f6ba90fbd99b/1605702618_med_1577964467_med.mp3","size":5566467}}},"mobile":{"video":"https://coub-anubis-a.akamaized.net/coub_storage/coub/simple/cw_file/6dc2b8d4fd1/ccb729381c8bff0e29667/muted_mp4_med_size_1577964408_muted_med.mp4","audio":["https://coub-anubis-a.akamaized.net/coub_storage/coub/simple/cw_looped_audio_med/f2558c6233f/99a516832f6ba90fbd99b/1605702618_med_1577964467_med.mp3"]},"share":{"default":"https://coub-anubis-a.akamaized.net/coub_storage/coub/simple/cw_video_for_sharing/be7620d33dc/70f5c38eee8e24b306ba1/1614804728_looped_1614804727.mp4"}},"audio_versions":{"template":"https://coub-anubis-a.akamaized.net/coub_storage/audio_track/cw_file/54701d8bfa0/0d60cc76bc121ac45c422/mid_1577964416_152bkf0_edited.mp3","versions":["mid","low"]},"image_versions":{"template":"https://coub-anubis-a.akamaized.net/coub_storage/coub/simple/cw_image/ae83fd77057/7a2b5f0dadb9c03fc0e14/1577964491_00032.jpg","versions":["micro","tiny","age_restricted","ios_large","ios_mosaic","big","med","small","pinterest"]},"first_frame_versions":{"template":"https://coub-anubis-a.akamaized.net/coub_storage/coub/simple/cw_timeline_pic/5ea28e5f2fe/71d0a5e06c4e198b846c6/%{version}_1577964490_image.jpg","versions":["big","med","small","ios_large"]},"dimensions":{"big":[1280,548],"med":[640,274]},"site_w_h":[640,274],"page_w_h":[640,274],"site_w_h_small":[310,133],"size":[1280,548],"age_restricted":false,"age_restricted_by_admin":false,"not_safe_for_work":false,"allow_reuse":false,"dont_crop":false,"banned":false,"global_safe":true,"audio_file_url":"https://coub-anubis-a.akamaized.net/coub_storage/audio_track/cw_file/54701d8bfa0/0d60cc76bc121ac45c422/low_1577964416_152bkf0_edited.mp3","external_download":{"type":"Youtube","service_name":"YouTube","url":"https://youtu.be/3hF369YsOOE","has_embed":true},"application":null,"channel":{"id":1594865,"permalink":"pokushuka","title":"pokushuka","description":null,"followers_count":35,"following_count":2,"avatar_versions":{"template":"https://coub-anubis-a.akamaized.net/coub_storage/channel/cw_avatar/1e3769015df/855b4b735a527823fe31d/%{version}_1608011860_if640f_1474576014_coKN9CEbjxI.jpg","versions":["medium","medium_2x","profile_pic","profile_pic_new","profile_pic_new_2x","tiny","tiny_2x","small","small_2x","ios_large","ios_small"]}},"file":null,"picture":"https://coub-anubis-a.akamaized.net/coub_storage/coub/simple/cw_image/ae83fd77057/7a2b5f0dadb9c03fc0e14/1577964491_00032.jpg","timeline_picture":"https://coub-anubis-a.akamaized.net/coub_storage/coub/simple/cw_timeline_pic/5ea28e5f2fe/71d0a5e06c4e198b846c6/ios_large_1577964490_image.jpg","small_picture":"https://coub-anubis-a.akamaized.net/coub_storage/coub/simple/cw_image/ae83fd77057/7a2b5f0dadb9c03fc0e14/1577964491_00032.jpg","sharing_picture":null,"percent_done":100,"tags":[{"id":1882237,"title":"гараж54","value":"%D0%B3%D0%B0%D1%80%D0%B0%D0%B654"},{"id":1882238,"title":"garage54","value":"garage54"},{"id":43500,"title":"гараж","value":"%D0%B3%D0%B0%D1%80%D0%B0%D0%B6"},{"id":73173,"title":"54","value":"54"},{"id":19363,"title":"тесла","value":"%D1%82%D0%B5%D1%81%D0%BB%D0%B0"},{"id":5400800,"title":"кибер трак","value":"%D0%BA%D0%B8%D0%B1%D0%B5%D1%80%20%D1%82%D1%80%D0%B0%D0%BA"},{"id":5332338,"title":"tesla cybertruck","value":"tesla%20cybertruck"},{"id":5400801,"title":"самодельная тесла","value":"%D1%81%D0%B0%D0%BC%D0%BE%D0%B4%D0%B5%D0%BB%D1%8C%D0%BD%D0%B0%D1%8F%20%D1%82%D0%B5%D1%81%D0%BB%D0%B0"},{"id":4772041,"title":"iceauto51","value":"iceauto51"}],"categories":[{"id":75,"title":"Auto & Technique","permalink":"cars","subscriptions_count":10083456,"big_image_url":"https://coub-anubis-a.akamaized.net/coub_storage/category/cw_image/dcda24f72f3/076e0f1bc1028aa643b02/big_1545566648_Auto.png","small_image_url":"https://coub-anubis-a.akamaized.net/coub_storage/category/cw_image/dcda24f72f3/076e0f1bc1028aa643b02/small_1545566648_Auto.png","med_image_url":"https://coub-anubis-a.akamaized.net/coub_storage/category/cw_image/dcda24f72f3/076e0f1bc1028aa643b02/med_1545566648_Auto.png","visible":true}],"communities":[{"id":75,"title":"Auto & Technique","permalink":"cars","subscriptions_count":10083456,"big_image_url":"https://coub-anubis-a.akamaized.net/coub_storage/category/cw_image/dcda24f72f3/076e0f1bc1028aa643b02/big_1545566648_Auto.png","small_image_url":"https://coub-anubis-a.akamaized.net/coub_storage/category/cw_image/dcda24f72f3/076e0f1bc1028aa643b02/small_1545566648_Auto.png","med_image_url":"https://coub-anubis-a.akamaized.net/coub_storage/category/cw_image/dcda24f72f3/076e0f1bc1028aa643b02/med_1545566648_Auto.png","i_subscribed":true,"community_notifications_enabled":null,"description":null}],"recoubs_count":391,"remixes_count":0,"likes_count":2159,"dislikes_count":0,"raw_video_id":14655886,"uploaded_by_ios_app":false,"uploaded_by_android_app":false,"media_blocks":{"uploaded_raw_videos":[],"external_raw_videos":[{"id":34362555,"title":"Tesla CyberTruck из УАЗика - КУЗОВ ГОТОВ","url":"https://www.youtube.com/watch?v=3hF369YsOOE","image":"https://coub-anubis-a.akamaized.net/coub_storage/media_block/cw_image/07c282792bb/d3369be5adf8bba576494/1577963017_dzkqpz_1577962888_1fok7b2_att-url-download.jpg","image_retina":"https://coub-anubis-a.akamaized.net/coub_storage/media_block/cw_image/07c282792bb/d3369be5adf8bba576494/1577963017_dzkqpz_1577962888_1fok7b2_att-url-download.jpg","meta":{"service":"Youtube","duration":"762.6"},"duration":762.6,"raw_video_id":14655886,"has_embed":true}],"remixed_from_coubs":[],"external_video":{"id":34362555,"title":"Tesla CyberTruck из УАЗика - КУЗОВ ГОТОВ","url":"https://www.youtube.com/watch?v=3hF369YsOOE","image":"https://coub-anubis-a.akamaized.net/coub_storage/media_block/cw_image/07c282792bb/d3369be5adf8bba576494/1577963017_dzkqpz_1577962888_1fok7b2_att-url-download.jpg","image_retina":"https://coub-anubis-a.akamaized.net/coub_storage/media_block/cw_image/07c282792bb/d3369be5adf8bba576494/1577963017_dzkqpz_1577962888_1fok7b2_att-url-download.jpg","meta":{"service":"Youtube","duration":"762.6"},"duration":762.6,"raw_video_id":14655886,"has_embed":true}},"raw_video_thumbnail_url":"/missing/missing.png","raw_video_title":"Tesla CyberTruck из УАЗика - КУЗОВ ГОТОВ","video_block_banned":false,"duration":10.0,"promo_winner":false,"promo_winner_recoubers":null,"editorial_info":{},"promo_hint":null,"beeline_best_2014":null,"from_web_editor":true,"normalize_sound":false,"normalize_change_allowed":true,"best2015_addable":false,"ahmad_promo":null,"promo_data":null,"audio_copyright_claim":null,"ads_disabled":false,"is_safe_for_ads":true,"megafon_contents":[],"position_on_page":6},{"flag":null,"abuses":null,"recoubs_by_users_channels":null,"favourite":false,"promoted_id":null,"recoub":null,"like":null,"dislike":null,"reaction":null,"in_my_best2015":false,"id":102361781,"type":"Coub::Simple","permalink":"1ojc4o","title":"Toyota Corolla 1ZR-FE","visibility_type":"public","original_visibility_type":"public","channel_id":1964688,"created_at":"2019-02-17T20:04:02Z","updated_at":"2022-03-17T19:41:06Z","is_done":true,"views_count":111806,"cotd":null,"cotd_at":null,"visible_on_explore_root":false,"visible_on_explore":false,"featured":false,"published":true,"published_at":"2019-02-17T20:04:02Z","reversed":false,"from_editor_v2":true,"is_editable":true,"original_sound":false,"has_sound":false,"recoub_to":null,"file_versions":{"html5":{"video":{"higher":{"url":"https://coub-anubis-a.akamaized.net/coub_storage/coub/simple/cw_file/498769136c6/9d4722fd8bebecc2551b3/muted_mp4_huge_size_1574005710_muted_huge.mp4","size":2522815},"high":{"url":"https://coub-anubis-a.akamaized.net/coub_storage/coub/simple/cw_file/498769136c6/9d4722fd8bebecc2551b3/muted_mp4_big_size_1574005710_muted_big.mp4","size":1881888},"med":{"url":"https://coub-anubis-a.akamaized.net/coub_storage/coub/simple/cw_file/498769136c6/9d4722fd8bebecc2551b3/muted_mp4_med_size_1574005710_muted_med.mp4","size":458520}},"audio":{"high":{"url":"https://coub-anubis-a.akamaized.net/coub_storage/coub/simple/cw_looped_audio_high/a29afbfbca6/55bf704d1e41b41cb7dcc/1605673278_high_1550433998_high.mp3","size":2458242},"med":{"url":"https://coub-anubis-a.akamaized.net/coub_storage/coub/simple/cw_looped_audio_med/83254f5e9ba/18f9c456f44c0e04d35c1/1605673277_med_1550433998_med.mp3","size":2436039}}},"mobile":{"video":"https://coub-anubis-a.akamaized.net/coub_storage/coub/simple/cw_file/498769136c6/9d4722fd8bebecc2551b3/muted_mp4_med_size_1574005710_muted_med.mp4","audio":["https://coub-anubis-a.akamaized.net/coub_storage/coub/simple/cw_looped_audio_med/83254f5e9ba/18f9c456f44c0e04d35c1/1605673277_med_1550433998_med.mp3"]},"share":{"default":"https://coub-anubis-a.akamaized.net/coub_storage/coub/simple/cw_video_for_sharing/cdd2299f47e/001324e083a41f4f50c5c/1613159934_looped_1613159932.mp4"}},"audio_versions":{"template":"https://coub-anubis-a.akamaized.net/coub_storage/audio_track/cw_normalized_copy/c68fe0535f7/f0ebed0e49dfeca36d9ba/mid_1550433989_normalized_1550433972_armhrn_edited.mp3","versions":["mid","low"]},"image_versions":{"template":"https://coub-anubis-a.akamaized.net/coub_storage/coub/simple/cw_image/91bb61de542/59ac3da0a313adfcea803/1550434011_00032.jpg","versions":["micro","tiny","age_restricted","ios_large","ios_mosaic","big","med","small","pinterest"]},"first_frame_versions":{"template":"https://coub-anubis-a.akamaized.net/coub_storage/coub/simple/cw_timeline_pic/9a13c4ba0e7/5bffb915a52067c6a7659/%{version}_1550434010_image.jpg","versions":["big","med","small","ios_large"]},"dimensions":{"big":[1280,720],"med":[640,360]},"site_w_h":[640,360],"page_w_h":[640,360],"site_w_h_small":[310,174],"size":[1280,720],"age_restricted":false,"age_restricted_by_admin":false,"not_safe_for_work":false,"allow_reuse":false,"dont_crop":false,"banned":false,"global_safe":false,"audio_file_url":"https://coub-anubis-a.akamaized.net/coub_storage/audio_track/cw_normalized_copy/c68fe0535f7/f0ebed0e49dfeca36d9ba/low_1550433989_normalized_1550433972_armhrn_edited.mp3","external_download":{"type":"Youtube","service_name":"YouTube","url":"https://www.youtube.com/watch?v=SuMV9XAVEdw","has_embed":true},"application":null,"channel":{"id":1964688,"permalink":"ousama21","title":"ousama","description":null,"followers_count":81,"following_count":70,"avatar_versions":{"template":"https://coub-anubis-a.akamaized.net/coub_storage/channel/cw_avatar/34b3342c35c/b03ea42aff5825057b1f3/%{version}_1608081293_vwjfhn_1554963901_cropped.jpeg","versions":["medium","medium_2x","profile_pic","profile_pic_new","profile_pic_new_2x","tiny","tiny_2x","small","small_2x","ios_large","ios_small"]}},"file":null,"picture":"https://coub-anubis-a.akamaized.net/coub_storage/coub/simple/cw_image/91bb61de542/59ac3da0a313adfcea803/1550434011_00032.jpg","timeline_picture":"https://coub-anubis-a.akamaized.net/coub_storage/coub/simple/cw_timeline_pic/9a13c4ba0e7/5bffb915a52067c6a7659/ios_large_1550434010_image.jpg","small_picture":"https://coub-anubis-a.akamaized.net/coub_storage/coub/simple/cw_image/91bb61de542/59ac3da0a313adfcea803/1550434011_00032.jpg","sharing_picture":null,"percent_done":100,"tags":[{"id":20294,"title":"toyota","value":"toyota"},{"id":103978,"title":"corolla","value":"corolla"},{"id":4699113,"title":"1zr-fe","value":"1zr-fe"},{"id":4699114,"title":"1zrfe","value":"1zrfe"},{"id":109862,"title":"цепь","value":"%D1%86%D0%B5%D0%BF%D1%8C"},{"id":207112,"title":"метки","value":"%D0%BC%D0%B5%D1%82%D0%BA%D0%B8"},{"id":4699115,"title":"замена цепи","value":"%D0%B7%D0%B0%D0%BC%D0%B5%D0%BD%D0%B0%20%D1%86%D0%B5%D0%BF%D0%B8"},{"id":43408,"title":"грм","value":"%D0%B3%D1%80%D0%BC"},{"id":592745,"title":"башмаки","value":"%D0%B1%D0%B0%D1%88%D0%BC%D0%B0%D0%BA%D0%B8"},{"id":4699116,"title":"натяжители","value":"%D0%BD%D0%B0%D1%82%D1%8F%D0%B6%D0%B8%D1%82%D0%B5%D0%BB%D0%B8"},{"id":56325,"title":"метан","value":"%D0%BC%D0%B5%D1%82%D0%B0%D0%BD"},{"id":34654,"title":"гбо","value":"%D0%B3%D0%B1%D0%BE"},{"id":75844,"title":"пропан","value":"%D0%BF%D1%80%D0%BE%D0%BF%D0%B0%D0%BD"},{"id":29837,"title":"тойота","value":"%D1%82%D0%BE%D0%B9%D0%BE%D1%82%D0%B0"},{"id":225642,"title":"королла","value":"%D0%BA%D0%BE%D1%80%D0%BE%D0%BB%D0%BB%D0%B0"},{"id":510623,"title":"квазар","value":"%D0%BA%D0%B2%D0%B0%D0%B7%D0%B0%D1%80"},{"id":467320,"title":"мастерская","value":"%D0%BC%D0%B0%D1%81%D1%82%D0%B5%D1%80%D1%81%D0%BA%D0%B0%D1%8F"},{"id":4699117,"title":"k-power","value":"k-power"},{"id":2671313,"title":"пламегаситель","value":"%D0%BF%D0%BB%D0%B0%D0%BC%D0%B5%D0%B3%D0%B0%D1%81%D0%B8%D1%82%D0%B5%D0%BB%D1%8C"},{"id":351278,"title":"обманка","value":"%D0%BE%D0%B1%D0%BC%D0%B0%D0%BD%D0%BA%D0%B0"},{"id":727404,"title":"стронгер","value":"%D1%81%D1%82%D1%80%D0%BE%D0%BD%D0%B3%D0%B5%D1%80"},{"id":436255,"title":"пробег","value":"%D0%BF%D1%80%D0%BE%D0%B1%D0%B5%D0%B3"},{"id":1531839,"title":"капиталка","value":"%D0%BA%D0%B0%D0%BF%D0%B8%D1%82%D0%B0%D0%BB%D0%BA%D0%B0"},{"id":7720,"title":"ремонт","value":"%D1%80%D0%B5%D0%BC%D0%BE%D0%BD%D1%82"},{"id":1173,"title":"car","value":"car"}],"categories":[{"id":75,"title":"Auto & Technique","permalink":"cars","subscriptions_count":10083456,"big_image_url":"https://coub-anubis-a.akamaized.net/coub_storage/category/cw_image/dcda24f72f3/076e0f1bc1028aa643b02/big_1545566648_Auto.png","small_image_url":"https://coub-anubis-a.akamaized.net/coub_storage/category/cw_image/dcda24f72f3/076e0f1bc1028aa643b02/small_1545566648_Auto.png","med_image_url":"https://coub-anubis-a.akamaized.net/coub_storage/category/cw_image/dcda24f72f3/076e0f1bc1028aa643b02/med_1545566648_Auto.png","visible":true}],"communities":[{"id":75,"title":"Auto & Technique","permalink":"cars","subscriptions_count":10083456,"big_image_url":"https://coub-anubis-a.akamaized.net/coub_storage/category/cw_image/dcda24f72f3/076e0f1bc1028aa643b02/big_1545566648_Auto.png","small_image_url":"https://coub-anubis-a.akamaized.net/coub_storage/category/cw_image/dcda24f72f3/076e0f1bc1028aa643b02/small_1545566648_Auto.png","med_image_url":"https://coub-anubis-a.akamaized.net/coub_storage/category/cw_image/dcda24f72f3/076e0f1bc1028aa643b02/med_1545566648_Auto.png","i_subscribed":true,"community_notifications_enabled":null,"description":null}],"recoubs_count":392,"remixes_count":0,"likes_count":2159,"dislikes_count":0,"raw_video_id":13235377,"uploaded_by_ios_app":false,"uploaded_by_android_app":false,"media_blocks":{"uploaded_raw_videos":[],"external_raw_videos":[{"id":30539440,"title":"Toyota Corolla 1.6 (1ZR-FE): замена ГРМ, вварка пламегаса","url":"https://www.youtube.com/watch?v=SuMV9XAVEdw","image":"https://coub-anubis-a.akamaized.net/coub_storage/media_block/cw_image/91f307568e2/504729831584303ead03b/1550432612_1s7nnrl_1550432477_1hacmxp_att-url-download.jpg","image_retina":"https://coub-anubis-a.akamaized.net/coub_storage/media_block/cw_image/91f307568e2/504729831584303ead03b/1550432612_1s7nnrl_1550432477_1hacmxp_att-url-download.jpg","meta":{"service":"Youtube","duration":"868.92"},"duration":868.92,"raw_video_id":13235377,"has_embed":true}],"remixed_from_coubs":[],"external_video":{"id":30539440,"title":"Toyota Corolla 1.6 (1ZR-FE): замена ГРМ, вварка пламегаса","url":"https://www.youtube.com/watch?v=SuMV9XAVEdw","image":"https://coub-anubis-a.akamaized.net/coub_storage/media_block/cw_image/91f307568e2/504729831584303ead03b/1550432612_1s7nnrl_1550432477_1hacmxp_att-url-download.jpg","image_retina":"https://coub-anubis-a.akamaized.net/coub_storage/media_block/cw_image/91f307568e2/504729831584303ead03b/1550432612_1s7nnrl_1550432477_1hacmxp_att-url-download.jpg","meta":{"service":"Youtube","duration":"868.92"},"duration":868.92,"raw_video_id":13235377,"has_embed":true}},"raw_video_thumbnail_url":"/missing/missing.png","raw_video_title":"Toyota Corolla 1.6 (1ZR-FE): замена ГРМ, вварка пламегаса","video_block_banned":false,"duration":10.0,"promo_winner":false,"promo_winner_recoubers":null,"editorial_info":{},"promo_hint":null,"beeline_best_2014":null,"from_web_editor":true,"normalize_sound":true,"normalize_change_allowed":true,"best2015_addable":false,"ahmad_promo":null,"promo_data":null,"audio_copyright_claim":null,"ads_disabled":false,"is_safe_for_ads":true,"megafon_contents":[],"position_on_page":7},{"flag":null,"abuses":null,"recoubs_by_users_channels":null,"favourite":false,"promoted_id":null,"recoub":null,"like":null,"dislike":null,"reaction":null,"in_my_best2015":false,"id":124110839,"type":"Coub::Simple","permalink":"21hxdh","title":"Омывайка","visibility_type":"public","original_visibility_type":"public","channel_id":4465899,"created_at":"2019-09-20T07:07:54Z","updated_at":"2022-03-09T12:13:45Z","is_done":true,"views_count":179515,"cotd":null,"cotd_at":null,"visible_on_explore_root":false,"visible_on_explore":false,"featured":false,"published":true,"published_at":"2019-09-20T07:07:54Z","reversed":false,"from_editor_v2":true,"is_editable":true,"original_sound":true,"has_sound":true,"recoub_to":null,"file_versions":{"html5":{"video":{"higher":{"url":"https://coub-anubis-a.akamaized.net/coub_storage/coub/simple/cw_file/7b237033d26/fc4a8b6d9043416410909/muted_mp4_huge_size_1568963457_muted_huge.mp4","size":2338876},"high":{"url":"https://coub-anubis-a.akamaized.net/coub_storage/coub/simple/cw_file/7b237033d26/fc4a8b6d9043416410909/muted_mp4_big_size_1568963457_muted_big.mp4","size":1628106},"med":{"url":"https://coub-anubis-a.akamaized.net/coub_storage/coub/simple/cw_file/7b237033d26/fc4a8b6d9043416410909/muted_mp4_med_size_1568963457_muted_med.mp4","size":442039}},"audio":{"high":{"url":"https://coub-anubis-a.akamaized.net/coub_storage/coub/simple/cw_looped_audio_high/6235b8e2216/8aa978a24671deb587c62/1605690676_high_1568963457_high.mp3","size":1034793},"med":{"url":"https://coub-anubis-a.akamaized.net/coub_storage/coub/simple/cw_looped_audio_med/7e45a632d9c/df1d8e009f60456b9262a/1605690675_med_1568963457_med.mp3","size":894882},"sample_duration":8.011}},"mobile":{"video":"https://coub-anubis-a.akamaized.net/coub_storage/coub/simple/cw_file/7b237033d26/fc4a8b6d9043416410909/muted_mp4_med_size_1568963457_muted_med.mp4","audio":["https://coub-anubis-a.akamaized.net/coub_storage/coub/simple/cw_looped_audio_med/7e45a632d9c/df1d8e009f60456b9262a/1605690675_med_1568963457_med.mp3"]},"share":{"default":"https://coub-anubis-a.akamaized.net/coub_storage/coub/simple/cw_video_for_sharing/db81d90e213/3bddc3dfea90169ee2ab3/1609623196_looped_1609623195.mp4"}},"audio_versions":{},"image_versions":{"template":"https://coub-anubis-a.akamaized.net/coub_storage/coub/simple/cw_image/47578e5d1d9/5865777438314f9ef4f33/1568963463_00026.jpg","versions":["micro","tiny","age_restricted","ios_large","ios_mosaic","big","med","small","pinterest"]},"first_frame_versions":{"template":"https://coub-anubis-a.akamaized.net/coub_storage/coub/simple/cw_timeline_pic/31c4a03cc62/fb07e173e8552c8d7e510/%{version}_1568963463_image.jpg","versions":["big","med","small","ios_large"]},"dimensions":{"big":[538,960],"med":[268,480]},"site_w_h":[224,400],"page_w_h":[400,714],"site_w_h_small":[310,553],"size":[538,960],"age_restricted":false,"age_restricted_by_admin":false,"not_safe_for_work":false,"allow_reuse":false,"dont_crop":false,"banned":false,"global_safe":false,"audio_file_url":null,"external_download":false,"application":null,"channel":{"id":4465899,"permalink":"artem-volkov16","title":"Artyom Volkov","description":null,"followers_count":18,"following_count":7,"avatar_versions":{"template":"https://coubsecureassets-a.akamaihd.net/assets/default-avatars/14-0b770f0fc14b9cbfa57e79b867bf6605c7de79dde6a0f4e57e72dbb4342c8a59.png"}},"file":null,"picture":"https://coub-anubis-a.akamaized.net/coub_storage/coub/simple/cw_image/47578e5d1d9/5865777438314f9ef4f33/1568963463_00026.jpg","timeline_picture":"https://coub-anubis-a.akamaized.net/coub_storage/coub/simple/cw_timeline_pic/31c4a03cc62/fb07e173e8552c8d7e510/ios_large_1568963463_image.jpg","small_picture":"https://coub-anubis-a.akamaized.net/coub_storage/coub/simple/cw_image/47578e5d1d9/5865777438314f9ef4f33/1568963463_00026.jpg","sharing_picture":null,"percent_done":100,"tags":[],"categories":[{"id":75,"title":"Auto & Technique","permalink":"cars","subscriptions_count":10083456,"big_image_url":"https://coub-anubis-a.akamaized.net/coub_storage/category/cw_image/dcda24f72f3/076e0f1bc1028aa643b02/big_1545566648_Auto.png","small_image_url":"https://coub-anubis-a.akamaized.net/coub_storage/category/cw_image/dcda24f72f3/076e0f1bc1028aa643b02/small_1545566648_Auto.png","med_image_url":"https://coub-anubis-a.akamaized.net/coub_storage/category/cw_image/dcda24f72f3/076e0f1bc1028aa643b02/med_1545566648_Auto.png","visible":true}],"communities":[{"id":75,"title":"Auto & Technique","permalink":"cars","subscriptions_count":10083456,"big_image_url":"https://coub-anubis-a.akamaized.net/coub_storage/category/cw_image/dcda24f72f3/076e0f1bc1028aa643b02/big_1545566648_Auto.png","small_image_url":"https://coub-anubis-a.akamaized.net/coub_storage/category/cw_image/dcda24f72f3/076e0f1bc1028aa643b02/small_1545566648_Auto.png","med_image_url":"https://coub-anubis-a.akamaized.net/coub_storage/category/cw_image/dcda24f72f3/076e0f1bc1028aa643b02/med_1545566648_Auto.png","i_subscribed":true,"community_notifications_enabled":null,"description":null}],"recoubs_count":367,"remixes_count":1,"likes_count":2157,"dislikes_count":0,"raw_video_id":14244672,"uploaded_by_ios_app":true,"uploaded_by_android_app":false,"media_blocks":{"uploaded_raw_videos":[],"external_raw_videos":[],"remixed_from_coubs":[]},"raw_video_thumbnail_url":"/missing/missing.png","raw_video_title":"filename.mp4","video_block_banned":false,"duration":8.04,"promo_winner":false,"promo_winner_recoubers":null,"editorial_info":{},"promo_hint":null,"beeline_best_2014":null,"from_web_editor":false,"normalize_sound":true,"normalize_change_allowed":true,"best2015_addable":false,"ahmad_promo":null,"promo_data":null,"audio_copyright_claim":null,"ads_disabled":false,"is_safe_for_ads":true,"megafon_contents":[],"position_on_page":8},{"flag":null,"abuses":null,"recoubs_by_users_channels":null,"favourite":false,"promoted_id":null,"recoub":null,"like":null,"dislike":null,"reaction":null,"in_my_best2015":false,"id":161960677,"type":"Coub::Simple","permalink":"2o2whb","title":"N-NANI!? AKAI BASU??","visibility_type":"public","original_visibility_type":"public","channel_id":674379,"created_at":"2021-01-17T14:10:43Z","updated_at":"2022-03-18T05:09:08Z","is_done":true,"views_count":125683,"cotd":null,"cotd_at":null,"visible_on_explore_root":false,"visible_on_explore":false,"featured":false,"published":true,"published_at":"2021-01-17T14:10:43Z","reversed":false,"from_editor_v2":true,"is_editable":true,"original_sound":true,"has_sound":true,"recoub_to":null,"file_versions":{"html5":{"video":{"higher":{"url":"https://coub-anubis-a.akamaized.net/coub_storage/coub/simple/cw_file/dfbba0095e6/0bcec2ad2c3ae095480e6/muted_mp4_huge_size_1610892659_muted_huge.mp4","size":4319454},"high":{"url":"https://coub-anubis-a.akamaized.net/coub_storage/coub/simple/cw_file/dfbba0095e6/0bcec2ad2c3ae095480e6/muted_mp4_big_size_1610892659_muted_big.mp4","size":2896094},"med":{"url":"https://coub-anubis-a.akamaized.net/coub_storage/coub/simple/cw_file/dfbba0095e6/0bcec2ad2c3ae095480e6/muted_mp4_med_size_1610892659_muted_med.mp4","size":1008243}},"audio":{"high":{"url":"https://coub-anubis-a.akamaized.net/coub_storage/coub/simple/cw_looped_audio_high/f753a9a9b13/0f4ba8b2025220c2fbb18/1610892661_mp3-high.mp3","size":1080786},"med":{"url":"https://coub-anubis-a.akamaized.net/coub_storage/coub/simple/cw_looped_audio_med/9850800a405/0f22a5d283321366e71f9/1610892661_mp3-med.mp3","size":799076},"sample_duration":10.008}},"mobile":{"video":"https://coub-anubis-a.akamaized.net/coub_storage/coub/simple/cw_file/dfbba0095e6/0bcec2ad2c3ae095480e6/muted_mp4_med_size_1610892659_muted_med.mp4","audio":["https://coub-anubis-a.akamaized.net/coub_storage/coub/simple/cw_looped_audio_med/9850800a405/0f22a5d283321366e71f9/1610892661_mp3-med.mp3"]},"share":{"default":"https://coub-anubis-a.akamaized.net/coub_storage/coub/simple/cw_video_for_sharing/a8e2caab4eb/c8f7bac488a02d7140cc1/1610892733_looped_1610892730.mp4"}},"audio_versions":{},"image_versions":{"template":"https://coub-anubis-a.akamaized.net/coub_storage/coub/simple/cw_image/d33196718e6/739152553793fd563f51f/%{version}_1610892675_00032.jpg","versions":["micro","tiny","age_restricted","ios_large","ios_mosaic","big","med","small","pinterest"]},"first_frame_versions":{"template":"https://coub-anubis-a.akamaized.net/coub_storage/coub/simple/cw_timeline_pic/e666fa2a0dc/0bdbe69adbab42bea6f66/%{version}_1610892674_image.jpg","versions":["big","med","small","ios_large"]},"dimensions":{"big":[1280,720],"med":[640,360]},"site_w_h":[640,360],"page_w_h":[640,360],"site_w_h_small":[310,174],"size":[1280,720],"age_restricted":false,"age_restricted_by_admin":false,"not_safe_for_work":false,"allow_reuse":false,"dont_crop":true,"banned":false,"global_safe":true,"audio_file_url":null,"external_download":{"type":"Youtube","service_name":"YouTube","url":"https://youtu.be/f_I07om3I2Y","has_embed":true},"application":null,"channel":{"id":674379,"permalink":"inf1nity","title":"[INF1NITY]","description":"Лучший развлекательный 😉\nСпасибо каждому за подписку\nБудем ждать возрождения коуб вместе в моей уютной телеге, буду рад всем","followers_count":476,"following_count":4,"avatar_versions":{"template":"https://coub-anubis-a.akamaized.net/coub_storage/channel/cw_avatar/bfeb6ad5691/dbf9d40758c5f4d0955bd/%{version}_1588351095_Untitled_000036.jpeg","versions":["medium","medium_2x","profile_pic","profile_pic_new","profile_pic_new_2x","tiny","tiny_2x","small","small_2x","ios_large","ios_small"]}},"file":null,"picture":"https://coub-anubis-a.akamaized.net/coub_storage/coub/simple/cw_image/d33196718e6/739152553793fd563f51f/med_1610892675_00032.jpg","timeline_picture":"https://coub-anubis-a.akamaized.net/coub_storage/coub/simple/cw_timeline_pic/e666fa2a0dc/0bdbe69adbab42bea6f66/ios_large_1610892674_image.jpg","small_picture":"https://coub-anubis-a.akamaized.net/coub_storage/coub/simple/cw_image/d33196718e6/739152553793fd563f51f/ios_mosaic_1610892675_00032.jpg","sharing_picture":null,"percent_done":100,"tags":[{"id":16858,"title":"initial d","value":"initial%20d"}],"categories":[{"id":75,"title":"Auto & Technique","permalink":"cars","subscriptions_count":10083456,"big_image_url":"https://coub-anubis-a.akamaized.net/coub_storage/category/cw_image/dcda24f72f3/076e0f1bc1028aa643b02/big_1545566648_Auto.png","small_image_url":"https://coub-anubis-a.akamaized.net/coub_storage/category/cw_image/dcda24f72f3/076e0f1bc1028aa643b02/small_1545566648_Auto.png","med_image_url":"https://coub-anubis-a.akamaized.net/coub_storage/category/cw_image/dcda24f72f3/076e0f1bc1028aa643b02/med_1545566648_Auto.png","visible":true}],"communities":[{"id":75,"title":"Auto & Technique","permalink":"cars","subscriptions_count":10083456,"big_image_url":"https://coub-anubis-a.akamaized.net/coub_storage/category/cw_image/dcda24f72f3/076e0f1bc1028aa643b02/big_1545566648_Auto.png","small_image_url":"https://coub-anubis-a.akamaized.net/coub_storage/category/cw_image/dcda24f72f3/076e0f1bc1028aa643b02/small_1545566648_Auto.png","med_image_url":"https://coub-anubis-a.akamaized.net/coub_storage/category/cw_image/dcda24f72f3/076e0f1bc1028aa643b02/med_1545566648_Auto.png","i_subscribed":true,"community_notifications_enabled":null,"description":null}],"recoubs_count":401,"remixes_count":0,"likes_count":2155,"dislikes_count":0,"raw_video_id":12442932,"uploaded_by_ios_app":true,"uploaded_by_android_app":false,"media_blocks":{"uploaded_raw_videos":[],"external_raw_videos":[{"id":28383105,"title":"N-NANI!? AKAI BASU??","url":"https://www.youtube.com/watch?v=f_I07om3I2Y","image":"https://coub-anubis-a.akamaized.net/coub_storage/media_block/cw_image/381a89b9cf6/c63af149c9731db0fe955/1538163462_1538163442_njymvi_att-url-download.jpg","image_retina":"https://coub-anubis-a.akamaized.net/coub_storage/media_block/cw_image/381a89b9cf6/c63af149c9731db0fe955/1538163462_1538163442_njymvi_att-url-download.jpg","meta":{"service":"Youtube","duration":"59.64"},"duration":59.64,"raw_video_id":12442932,"has_embed":true}],"remixed_from_coubs":[],"external_video":{"id":28383105,"title":"N-NANI!? AKAI BASU??","url":"https://www.youtube.com/watch?v=f_I07om3I2Y","image":"https://coub-anubis-a.akamaized.net/coub_storage/media_block/cw_image/381a89b9cf6/c63af149c9731db0fe955/1538163462_1538163442_njymvi_att-url-download.jpg","image_retina":"https://coub-anubis-a.akamaized.net/coub_storage/media_block/cw_image/381a89b9cf6/c63af149c9731db0fe955/1538163462_1538163442_njymvi_att-url-download.jpg","meta":{"service":"Youtube","duration":"59.64"},"duration":59.64,"raw_video_id":12442932,"has_embed":true}},"raw_video_thumbnail_url":"/missing/missing.png","raw_video_title":"N-NANI!? AKAI BASU??","video_block_banned":false,"duration":10.0,"promo_winner":false,"promo_winner_recoubers":null,"editorial_info":{},"promo_hint":null,"beeline_best_2014":null,"from_web_editor":false,"normalize_sound":true,"normalize_change_allowed":true,"best2015_addable":false,"ahmad_promo":null,"promo_data":null,"audio_copyright_claim":null,"ads_disabled":false,"is_safe_for_ads":true,"megafon_contents":[],"position_on_page":9},{"flag":null,"abuses":null,"recoubs_by_users_channels":null,"favourite":false,"promoted_id":null,"recoub":null,"like":null,"dislike":null,"reaction":null,"in_my_best2015":false,"id":1846137,"type":"Coub::Simple","permalink":"nf39","title":"Snow Plow","visibility_type":"public","original_visibility_type":"public","channel_id":1113495,"created_at":"2014-02-07T22:54:21Z","updated_at":"2022-03-08T20:54:22Z","is_done":true,"views_count":313288,"cotd":null,"cotd_at":null,"visible_on_explore_root":false,"visible_on_explore":true,"featured":false,"published":true,"published_at":"2014-02-07T22:54:21Z","reversed":false,"from_editor_v2":true,"is_editable":true,"original_sound":false,"has_sound":false,"recoub_to":null,"file_versions":{"html5":{"video":{"higher":{"url":"https://coub-anubis-a.akamaized.net/coub_storage/coub/simple/cw_file/83d376c398e/b29cea84b89857b97bd6e/muted_mp4_huge_size_1567693781_muted_huge.mp4","size":1371153},"high":{"url":"https://coub-anubis-a.akamaized.net/coub_storage/coub/simple/cw_file/83d376c398e/b29cea84b89857b97bd6e/muted_mp4_big_size_1567693781_muted_big.mp4","size":973104},"med":{"url":"https://coub-anubis-a.akamaized.net/coub_storage/coub/simple/cw_file/83d376c398e/b29cea84b89857b97bd6e/muted_mp4_med_size_1567693781_muted_med.mp4","size":269243}},"audio":{"high":{"url":"https://coub-anubis-a.akamaized.net/coub_storage/coub/simple/cw_looped_audio_high/fa92f36477e/0783940af0e79324ae318/1605423079_high_1470778285_high.mp3","size":2631418},"med":{"url":"https://coub-anubis-a.akamaized.net/coub_storage/coub/simple/cw_looped_audio_med/538fe71b634/5299a0c072cf68da21c0d/1605423078_med_1470778285_med.mp3","size":2439368}}},"mobile":{"video":"https://coub-anubis-a.akamaized.net/coub_storage/coub/simple/cw_file/83d376c398e/b29cea84b89857b97bd6e/muted_mp4_med_size_1567693781_muted_med.mp4","audio":["https://coub-anubis-a.akamaized.net/coub_storage/coub/simple/cw_looped_audio_med/538fe71b634/5299a0c072cf68da21c0d/1605423078_med_1470778285_med.mp3"]},"share":{"default":"https://coub-anubis-a.akamaized.net/coub_storage/coub/simple/cw_video_for_sharing/c05246569e3/1b4b08dd5b63d2c8812c7/1608665895_looped_1608665895.mp4"}},"audio_versions":{"template":"https://coub-anubis-a.akamaized.net/coub_storage/coub/simple/cw_audio/13c352078bb/9859eb24af8f42743688e/mid_1470778244_1401005285_out.mp3","versions":["mid","low"]},"image_versions":{"template":"https://coub-anubis-a.akamaized.net/coub_storage/coub/simple/cw_image/22a8b19bc30/c9e32dfef29a27c3b34e0/1470778229_1391813692_00014.jpg","versions":["micro","tiny","age_restricted","ios_large","ios_mosaic","big","med","small","pinterest"]},"first_frame_versions":{"template":"https://coub-anubis-a.akamaized.net/coub_storage/coub/simple/cw_timeline_pic/a7c53df2e37/7e14cf4218f0aa946060b/%{version}_1470778240_1391813692_image.jpg","versions":["big","med","small","ios_large"]},"dimensions":{"big":[1280,720],"med":[640,360]},"site_w_h":[640,360],"page_w_h":[640,360],"site_w_h_small":[310,174],"size":[1280,720],"age_restricted":false,"age_restricted_by_admin":false,"not_safe_for_work":null,"allow_reuse":false,"dont_crop":false,"banned":false,"global_safe":true,"audio_file_url":"https://coub-anubis-a.akamaized.net/coub_storage/coub/simple/cw_audio/13c352078bb/9859eb24af8f42743688e/low_1470778244_1401005285_out.mp3","external_download":false,"application":null,"channel":{"id":1113495,"permalink":"pikapikapikachu","title":"Pikachu🌟","description":"𝕷𝖊𝖌𝖊𝖓𝖉","followers_count":26167,"following_count":0,"avatar_versions":{"template":"https://coub-anubis-a.akamaized.net/coub_storage/channel/cw_avatar/a2edd810207/0a5a72053b95764440a7c/%{version}_1607420529_rtwflo_1510332266_profile_pic_new_2x_1474666374_profile_pic_new_2x_1406288974_vNtLcFoE11.png","versions":["medium","medium_2x","profile_pic","profile_pic_new","profile_pic_new_2x","tiny","tiny_2x","small","small_2x","ios_large","ios_small"]}},"file":null,"picture":"https://coub-anubis-a.akamaized.net/coub_storage/coub/simple/cw_image/22a8b19bc30/c9e32dfef29a27c3b34e0/1470778229_1391813692_00014.jpg","timeline_picture":"https://coub-anubis-a.akamaized.net/coub_storage/coub/simple/cw_timeline_pic/a7c53df2e37/7e14cf4218f0aa946060b/ios_large_1470778240_1391813692_image.jpg","small_picture":"https://coub-anubis-a.akamaized.net/coub_storage/coub/simple/cw_image/22a8b19bc30/c9e32dfef29a27c3b34e0/1470778229_1391813692_00014.jpg","sharing_picture":null,"percent_done":100,"tags":[],"categories":[{"id":75,"title":"Auto & Technique","permalink":"cars","subscriptions_count":10083456,"big_image_url":"https://coub-anubis-a.akamaized.net/coub_storage/category/cw_image/dcda24f72f3/076e0f1bc1028aa643b02/big_1545566648_Auto.png","small_image_url":"https://coub-anubis-a.akamaized.net/coub_storage/category/cw_image/dcda24f72f3/076e0f1bc1028aa643b02/small_1545566648_Auto.png","med_image_url":"https://coub-anubis-a.akamaized.net/coub_storage/category/cw_image/dcda24f72f3/076e0f1bc1028aa643b02/med_1545566648_Auto.png","visible":true}],"communities":[{"id":75,"title":"Auto & Technique","permalink":"cars","subscriptions_count":10083456,"big_image_url":"https://coub-anubis-a.akamaized.net/coub_storage/category/cw_image/dcda24f72f3/076e0f1bc1028aa643b02/big_1545566648_Auto.png","small_image_url":"https://coub-anubis-a.akamaized.net/coub_storage/category/cw_image/dcda24f72f3/076e0f1bc1028aa643b02/small_1545566648_Auto.png","med_image_url":"https://coub-anubis-a.akamaized.net/coub_storage/category/cw_image/dcda24f72f3/076e0f1bc1028aa643b02/med_1545566648_Auto.png","i_subscribed":true,"community_notifications_enabled":null,"description":null}],"recoubs_count":776,"remixes_count":0,"likes_count":2155,"dislikes_count":0,"raw_video_id":468098,"uploaded_by_ios_app":false,"uploaded_by_android_app":false,"media_blocks":{"uploaded_raw_videos":[],"external_raw_videos":[],"remixed_from_coubs":[],"audio_track":{"id":19198069,"title":"Banana Splits","url":"https://geo.itunes.apple.com/us/album/banana-splits-tra-la-la-song/id366365014?i=366365025&uo=4&at=10l5bB&app=music","image":"https://coub-anubis-a.akamaized.net/coub_storage/media_block/cw_image/ccbc24db576/138f70bbe0abb9f9bf141/1492057434_1407424531_1391813640_8n053m_att-url-download.jpg","image_retina":"https://coub-anubis-a.akamaized.net/coub_storage/media_block/cw_image/ccbc24db576/138f70bbe0abb9f9bf141/1492057434_1407424531_1391813640_8n053m_att-url-download.jpg","meta":{"year":null,"album":null,"title":"Banana Splits","artist":"The Dickies","echonest_id":null},"duration":null,"amazon_url":null,"google_play_url":null,"bandcamp_url":null,"soundcloud_url":null,"track_name":null,"track_artist":null,"track_album":null,"itunes_url":"https://geo.itunes.apple.com/us/album/banana-splits-tra-la-la-song/id366365014?i=366365025&uo=4&at=10l5bB&app=music"}},"raw_video_thumbnail_url":"/missing/missing.png","raw_video_title":"snow3.mp4","video_block_banned":false,"duration":4.24,"promo_winner":false,"promo_winner_recoubers":null,"editorial_info":{},"promo_hint":null,"beeline_best_2014":null,"from_web_editor":true,"normalize_sound":true,"normalize_change_allowed":true,"best2015_addable":false,"ahmad_promo":null,"promo_data":null,"audio_copyright_claim":null,"ads_disabled":null,"is_safe_for_ads":true,"megafon_contents":[],"position_on_page":10}]}