{"page":57,"per_page":10,"total_pages":500,"coubs":[{"flag":null,"abuses":null,"recoubs_by_users_channels":null,"favourite":false,"promoted_id":null,"recoub":null,"like":null,"dislike":null,"reaction":null,"in_my_best2015":false,"id":113061306,"type":"Coub::Simple","permalink":"1uwnzv","title":"hahah ","visibility_type":"public","original_visibility_type":"public","channel_id":4382611,"created_at":"2019-05-25T21:34:41Z","updated_at":"2022-03-18T07:09:07Z","is_done":true,"views_count":196219,"cotd":null,"cotd_at":null,"visible_on_explore_root":false,"visible_on_explore":false,"featured":false,"published":true,"published_at":"2019-05-25T21:34:41Z","reversed":false,"from_editor_v2":true,"is_editable":true,"original_sound":true,"has_sound":true,"recoub_to":null,"file_versions":{"html5":{"video":{"higher":{"url":"https://coub-anubis-a.akamaized.net/coub_storage/coub/simple/cw_file/95fb64a6ffe/c9bbb56fc1f1a9994e2a2/muted_mp4_huge_size_1568959689_muted_huge.mp4","size":2348431},"high":{"url":"https://coub-anubis-a.akamaized.net/coub_storage/coub/simple/cw_file/95fb64a6ffe/c9bbb56fc1f1a9994e2a2/muted_mp4_big_size_1568959689_muted_big.mp4","size":1544253},"med":{"url":"https://coub-anubis-a.akamaized.net/coub_storage/coub/simple/cw_file/95fb64a6ffe/c9bbb56fc1f1a9994e2a2/muted_mp4_med_size_1568959689_muted_med.mp4","size":442743}},"audio":{"high":{"url":"https://coub-anubis-a.akamaized.net/coub_storage/coub/simple/cw_looped_audio_high/abed6136f3a/cc216425cc5880508f5c8/1605664407_high_1558820088_high.mp3","size":1277174},"med":{"url":"https://coub-anubis-a.akamaized.net/coub_storage/coub/simple/cw_looped_audio_med/2c3e13e60c5/bafb529754aa5bf73d143/1605664407_med_1558820088_med.mp3","size":952532},"sample_duration":9.938}},"mobile":{"video":"https://coub-anubis-a.akamaized.net/coub_storage/coub/simple/cw_file/95fb64a6ffe/c9bbb56fc1f1a9994e2a2/muted_mp4_med_size_1568959689_muted_med.mp4","audio":["https://coub-anubis-a.akamaized.net/coub_storage/coub/simple/cw_looped_audio_med/2c3e13e60c5/bafb529754aa5bf73d143/1605664407_med_1558820088_med.mp3"]},"share":{"default":"https://coub-anubis-a.akamaized.net/coub_storage/coub/simple/cw_video_for_sharing/d89d713f795/07b9bcedc86828fd187eb/1608923781_looped_1608923781.mp4"}},"audio_versions":{},"image_versions":{"template":"https://coub-anubis-a.akamaized.net/coub_storage/coub/simple/cw_image/b2f8620dfe6/197452362a836933dc3e0/1558820095_00032.jpg","versions":["micro","tiny","age_restricted","ios_large","ios_mosaic","big","med","small","pinterest"]},"first_frame_versions":{"template":"https://coub-anubis-a.akamaized.net/coub_storage/coub/simple/cw_timeline_pic/7d4f60d0a28/16f79294227dc679c56f7/%{version}_1558820095_image.jpg","versions":["big","med","small","ios_large"]},"dimensions":{"big":[984,960],"med":[492,480]},"site_w_h":[640,624],"page_w_h":[400,390],"site_w_h_small":[310,302],"size":[984,960],"age_restricted":false,"age_restricted_by_admin":false,"not_safe_for_work":false,"allow_reuse":false,"dont_crop":false,"banned":false,"global_safe":true,"audio_file_url":null,"external_download":{"type":"Facebook","service_name":"Facebook","url":"https://www.facebook.com/avtomoyvaruli/videos/1390954941052014/?t=1","has_embed":false},"application":null,"channel":{"id":4382611,"permalink":"giorgi-fridonashvili","title":"Giorgi Fridonashvili","description":null,"followers_count":212,"following_count":21,"avatar_versions":{"template":"https://coub-anubis-a.akamaized.net/coub_storage/channel/cw_avatar/a7942d52464/2fbf3434710fcd2809500/%{version}_1607427452_1vvkssq_1527064479_gwigeu_2017601638556183.jpg","versions":["medium","medium_2x","profile_pic","profile_pic_new","profile_pic_new_2x","tiny","tiny_2x","small","small_2x","ios_large","ios_small"]}},"file":null,"picture":"https://coub-anubis-a.akamaized.net/coub_storage/coub/simple/cw_image/b2f8620dfe6/197452362a836933dc3e0/1558820095_00032.jpg","timeline_picture":"https://coub-anubis-a.akamaized.net/coub_storage/coub/simple/cw_timeline_pic/7d4f60d0a28/16f79294227dc679c56f7/ios_large_1558820095_image.jpg","small_picture":"https://coub-anubis-a.akamaized.net/coub_storage/coub/simple/cw_image/b2f8620dfe6/197452362a836933dc3e0/1558820095_00032.jpg","sharing_picture":null,"percent_done":100,"tags":[{"id":1175,"title":"fast","value":"fast"},{"id":5364,"title":"and","value":"and"},{"id":1773305,"title":"forious","value":"forious"},{"id":1909130,"title":"toreto","value":"toreto"},{"id":933042,"title":"vindiesel","value":"vindiesel"},{"id":154,"title":"movie","value":"movie"},{"id":1173,"title":"car","value":"car"},{"id":174,"title":"funny","value":"funny"},{"id":467,"title":"night","value":"night"},{"id":4365,"title":"hahaha","value":"hahaha"}],"categories":[{"id":75,"title":"Auto & Technique","permalink":"cars","subscriptions_count":10083456,"big_image_url":"https://coub-anubis-a.akamaized.net/coub_storage/category/cw_image/dcda24f72f3/076e0f1bc1028aa643b02/big_1545566648_Auto.png","small_image_url":"https://coub-anubis-a.akamaized.net/coub_storage/category/cw_image/dcda24f72f3/076e0f1bc1028aa643b02/small_1545566648_Auto.png","med_image_url":"https://coub-anubis-a.akamaized.net/coub_storage/category/cw_image/dcda24f72f3/076e0f1bc1028aa643b02/med_1545566648_Auto.png","visible":true}],"communities":[{"id":75,"title":"Auto & Technique","permalink":"cars","subscriptions_count":10083456,"big_image_url":"https://coub-anubis-a.akamaized.net/coub_storage/category/cw_image/dcda24f72f3/076e0f1bc1028aa643b02/big_1545566648_Auto.png","small_image_url":"https://coub-anubis-a.akamaized.net/coub_storage/category/cw_image/dcda24f72f3/076e0f1bc1028aa643b02/small_1545566648_Auto.png","med_image_url":"https://coub-anubis-a.akamaized.net/coub_storage/category/cw_image/dcda24f72f3/076e0f1bc1028aa643b02/med_1545566648_Auto.png","i_subscribed":true,"community_notifications_enabled":null,"description":null}],"recoubs_count":843,"remixes_count":1,"likes_count":4184,"dislikes_count":0,"raw_video_id":13758820,"uploaded_by_ios_app":false,"uploaded_by_android_app":false,"media_blocks":{"uploaded_raw_videos":[],"external_raw_videos":[{"id":31957718,"title":"გაუტესტავთ ? 😁 #TaTa","url":"https://www.facebook.com/avtomoyvaruli/videos/1390954941052014","image":null,"image_retina":null,"meta":{"service":"Facebook","duration":"10.84"},"duration":10.84,"raw_video_id":13758820,"has_embed":false}],"remixed_from_coubs":[],"external_video":{"id":31957718,"title":"გაუტესტავთ ? 😁 #TaTa","url":"https://www.facebook.com/avtomoyvaruli/videos/1390954941052014","image":null,"image_retina":null,"meta":{"service":"Facebook","duration":"10.84"},"duration":10.84,"raw_video_id":13758820,"has_embed":false}},"raw_video_thumbnail_url":"/missing/missing.png","raw_video_title":"გაუტესტავთ ? 😁 #TaTa","video_block_banned":false,"duration":10.0,"promo_winner":false,"promo_winner_recoubers":null,"editorial_info":{},"promo_hint":null,"beeline_best_2014":null,"from_web_editor":true,"normalize_sound":true,"normalize_change_allowed":true,"best2015_addable":false,"ahmad_promo":null,"promo_data":null,"audio_copyright_claim":null,"ads_disabled":false,"is_safe_for_ads":true,"megafon_contents":[],"position_on_page":1},{"flag":null,"abuses":null,"recoubs_by_users_channels":null,"favourite":false,"promoted_id":null,"recoub":null,"like":null,"dislike":null,"reaction":null,"in_my_best2015":false,"id":157264210,"type":"Coub::Simple","permalink":"2la8mp","title":"It's hard to explain","visibility_type":"public","original_visibility_type":"public","channel_id":1895596,"created_at":"2020-11-05T15:45:18Z","updated_at":"2022-03-18T07:28:35Z","is_done":true,"views_count":315488,"cotd":null,"cotd_at":null,"visible_on_explore_root":false,"visible_on_explore":false,"featured":false,"published":true,"published_at":"2020-11-05T15:45:18Z","reversed":false,"from_editor_v2":true,"is_editable":true,"original_sound":false,"has_sound":false,"recoub_to":null,"file_versions":{"html5":{"video":{"higher":{"url":"https://coub-anubis-a.akamaized.net/coub_storage/coub/simple/cw_file/a6af5dd8dba/cf8e5ddb0306ab34a870a/muted_mp4_huge_size_1604591126_muted_huge.mp4","size":1525396},"high":{"url":"https://coub-anubis-a.akamaized.net/coub_storage/coub/simple/cw_file/a6af5dd8dba/cf8e5ddb0306ab34a870a/muted_mp4_big_size_1604591126_muted_big.mp4","size":1065811},"med":{"url":"https://coub-anubis-a.akamaized.net/coub_storage/coub/simple/cw_file/a6af5dd8dba/cf8e5ddb0306ab34a870a/muted_mp4_med_size_1604591126_muted_med.mp4","size":251240}},"audio":{"high":{"url":"https://coub-anubis-a.akamaized.net/coub_storage/coub/simple/cw_looped_audio_high/cfe021b6485/24ee03486fbae1d6c22d8/1604591188_mp3-high.mp3","size":4947443},"med":{"url":"https://coub-anubis-a.akamaized.net/coub_storage/coub/simple/cw_looped_audio_med/61d78cdb03a/578aa79d0d9b844805860/1604591184_mp3-med.mp3","size":3831396}}},"mobile":{"video":"https://coub-anubis-a.akamaized.net/coub_storage/coub/simple/cw_file/a6af5dd8dba/cf8e5ddb0306ab34a870a/muted_mp4_med_size_1604591126_muted_med.mp4","audio":["https://coub-anubis-a.akamaized.net/coub_storage/coub/simple/cw_looped_audio_med/61d78cdb03a/578aa79d0d9b844805860/1604591184_mp3-med.mp3"]},"share":{"default":"https://coub-anubis-a.akamaized.net/coub_storage/coub/simple/cw_video_for_sharing/fe6e36c0006/c2a226de6db0486b15289/1608332737_looped_1608332736.mp4"}},"audio_versions":{"template":"https://coub-anubis-a.akamaized.net/coub_storage/audio_track/cw_normalized_copy/0ca7dc06f22/a16e3de67780512183eed/mid_1604591163_normalized_1604591132_uncg3u_edited.mp3","versions":["mid","low"]},"image_versions":{"template":"https://coub-anubis-a.akamaized.net/coub_storage/coub/simple/cw_image/951b09952ff/78700512149b9e98c4b61/1604591191_00032.jpg","versions":["micro","tiny","age_restricted","ios_large","ios_mosaic","big","med","small","pinterest"]},"first_frame_versions":{"template":"https://coub-anubis-a.akamaized.net/coub_storage/coub/simple/cw_timeline_pic/f810f0872e9/2660d023e5dcd470f13d5/%{version}_1604591191_image.jpg","versions":["big","med","small","ios_large"]},"dimensions":{"big":[1280,720],"med":[640,360]},"site_w_h":[640,360],"page_w_h":[640,360],"site_w_h_small":[310,174],"size":[1280,720],"age_restricted":false,"age_restricted_by_admin":false,"not_safe_for_work":false,"allow_reuse":false,"dont_crop":true,"banned":false,"global_safe":true,"audio_file_url":"https://coub-anubis-a.akamaized.net/coub_storage/audio_track/cw_normalized_copy/0ca7dc06f22/a16e3de67780512183eed/low_1604591163_normalized_1604591132_uncg3u_edited.mp3","external_download":false,"application":null,"channel":{"id":1895596,"permalink":"blackspot","title":"blackspot","description":null,"followers_count":23,"following_count":4,"avatar_versions":{"template":"https://coub-anubis-a.akamaized.net/coub_storage/channel/cw_avatar/a9ae11635be/e20a1f7a841c7777f0d0b/%{version}_1609198236_1kla1gj_1474584643_51461p_3323753487.jpg","versions":["medium","medium_2x","profile_pic","profile_pic_new","profile_pic_new_2x","tiny","tiny_2x","small","small_2x","ios_large","ios_small"]}},"file":null,"picture":"https://coub-anubis-a.akamaized.net/coub_storage/coub/simple/cw_image/951b09952ff/78700512149b9e98c4b61/1604591191_00032.jpg","timeline_picture":"https://coub-anubis-a.akamaized.net/coub_storage/coub/simple/cw_timeline_pic/f810f0872e9/2660d023e5dcd470f13d5/ios_large_1604591191_image.jpg","small_picture":"https://coub-anubis-a.akamaized.net/coub_storage/coub/simple/cw_image/951b09952ff/78700512149b9e98c4b61/1604591191_00032.jpg","sharing_picture":null,"percent_done":100,"tags":[{"id":2107,"title":"ride","value":"ride"},{"id":187,"title":"lada","value":"lada"},{"id":1497,"title":"driver","value":"driver"}],"categories":[{"id":75,"title":"Auto & Technique","permalink":"cars","subscriptions_count":10083456,"big_image_url":"https://coub-anubis-a.akamaized.net/coub_storage/category/cw_image/dcda24f72f3/076e0f1bc1028aa643b02/big_1545566648_Auto.png","small_image_url":"https://coub-anubis-a.akamaized.net/coub_storage/category/cw_image/dcda24f72f3/076e0f1bc1028aa643b02/small_1545566648_Auto.png","med_image_url":"https://coub-anubis-a.akamaized.net/coub_storage/category/cw_image/dcda24f72f3/076e0f1bc1028aa643b02/med_1545566648_Auto.png","visible":true}],"communities":[{"id":75,"title":"Auto & Technique","permalink":"cars","subscriptions_count":10083456,"big_image_url":"https://coub-anubis-a.akamaized.net/coub_storage/category/cw_image/dcda24f72f3/076e0f1bc1028aa643b02/big_1545566648_Auto.png","small_image_url":"https://coub-anubis-a.akamaized.net/coub_storage/category/cw_image/dcda24f72f3/076e0f1bc1028aa643b02/small_1545566648_Auto.png","med_image_url":"https://coub-anubis-a.akamaized.net/coub_storage/category/cw_image/dcda24f72f3/076e0f1bc1028aa643b02/med_1545566648_Auto.png","i_subscribed":true,"community_notifications_enabled":null,"description":null}],"recoubs_count":765,"remixes_count":2,"likes_count":4180,"dislikes_count":0,"raw_video_id":"","uploaded_by_ios_app":false,"uploaded_by_android_app":false,"media_blocks":{"uploaded_raw_videos":[],"external_raw_videos":[],"remixed_from_coubs":[]},"raw_video_thumbnail_url":"","raw_video_title":"","video_block_banned":false,"duration":9.96,"promo_winner":false,"promo_winner_recoubers":null,"editorial_info":{},"promo_hint":null,"beeline_best_2014":null,"from_web_editor":true,"normalize_sound":true,"normalize_change_allowed":true,"best2015_addable":false,"ahmad_promo":null,"promo_data":null,"audio_copyright_claim":null,"ads_disabled":false,"is_safe_for_ads":true,"megafon_contents":[],"position_on_page":2},{"flag":null,"abuses":null,"recoubs_by_users_channels":null,"favourite":false,"promoted_id":null,"recoub":null,"like":null,"dislike":null,"reaction":null,"in_my_best2015":false,"id":130136914,"type":"Coub::Simple","permalink":"253te5","title":"The new Lamborghini Vision Gran Turismo","visibility_type":"public","original_visibility_type":"public","channel_id":2965452,"created_at":"2019-11-26T11:29:35Z","updated_at":"2022-03-16T11:12:20Z","is_done":true,"views_count":141953,"cotd":null,"cotd_at":null,"visible_on_explore_root":false,"visible_on_explore":false,"featured":false,"published":true,"published_at":"2019-11-26T11:29:35Z","reversed":false,"from_editor_v2":true,"is_editable":true,"original_sound":true,"has_sound":true,"recoub_to":null,"file_versions":{"html5":{"video":{"higher":{"url":"https://coub-anubis-a.akamaized.net/coub_storage/coub/simple/cw_file/4af8ec1106b/3654f9b906f429bde6406/muted_mp4_huge_size_1574767800_muted_huge.mp4","size":3510550},"high":{"url":"https://coub-anubis-a.akamaized.net/coub_storage/coub/simple/cw_file/4af8ec1106b/3654f9b906f429bde6406/muted_mp4_big_size_1574767800_muted_big.mp4","size":2726195},"med":{"url":"https://coub-anubis-a.akamaized.net/coub_storage/coub/simple/cw_file/4af8ec1106b/3654f9b906f429bde6406/muted_mp4_med_size_1574767800_muted_med.mp4","size":777558}},"audio":{"high":{"url":"https://coub-anubis-a.akamaized.net/coub_storage/coub/simple/cw_looped_audio_high/9c00ecac93d/3fd2a16e82a7ee379ca7c/1605698632_high_1574767800_high.mp3","size":940758},"med":{"url":"https://coub-anubis-a.akamaized.net/coub_storage/coub/simple/cw_looped_audio_med/05f0fe4b429/0c58707593165e59dabe2/1605698632_med_1574767800_med.mp3","size":799076},"sample_duration":10.008}},"mobile":{"video":"https://coub-anubis-a.akamaized.net/coub_storage/coub/simple/cw_file/4af8ec1106b/3654f9b906f429bde6406/muted_mp4_med_size_1574767800_muted_med.mp4","audio":["https://coub-anubis-a.akamaized.net/coub_storage/coub/simple/cw_looped_audio_med/05f0fe4b429/0c58707593165e59dabe2/1605698632_med_1574767800_med.mp3"]},"share":{"default":"https://coub-anubis-a.akamaized.net/coub_storage/coub/simple/cw_video_for_sharing/80950ec1832/735aa7cb3a3c33cd9262e/1616437697_looped_1616437696.mp4"}},"audio_versions":{},"image_versions":{"template":"https://coub-anubis-a.akamaized.net/coub_storage/coub/simple/cw_image/e4a68bcc1b1/7156b8b3093a87295d207/1574767808_00032.jpg","versions":["micro","tiny","age_restricted","ios_large","ios_mosaic","big","med","small","pinterest"]},"first_frame_versions":{"template":"https://coub-anubis-a.akamaized.net/coub_storage/coub/simple/cw_timeline_pic/5813e11eb60/8d48d433e6ed7602a91f8/%{version}_1574767807_image.jpg","versions":["big","med","small","ios_large"]},"dimensions":{"big":[1280,670],"med":[640,334]},"site_w_h":[640,335],"page_w_h":[640,335],"site_w_h_small":[310,162],"size":[1280,670],"age_restricted":false,"age_restricted_by_admin":false,"not_safe_for_work":false,"allow_reuse":false,"dont_crop":false,"banned":false,"global_safe":true,"audio_file_url":null,"external_download":false,"application":null,"channel":{"id":2965452,"permalink":"justmycoubs","title":"My Coubs","description":null,"followers_count":43,"following_count":14,"avatar_versions":{"template":"https://coub-anubis-a.akamaized.net/coub_storage/channel/cw_avatar/5d4ed306031/6811cde15e5c568b27e72/%{version}_1608022237_b83lkq_1507486854_emil.jpg","versions":["medium","medium_2x","profile_pic","profile_pic_new","profile_pic_new_2x","tiny","tiny_2x","small","small_2x","ios_large","ios_small"]}},"file":null,"picture":"https://coub-anubis-a.akamaized.net/coub_storage/coub/simple/cw_image/e4a68bcc1b1/7156b8b3093a87295d207/1574767808_00032.jpg","timeline_picture":"https://coub-anubis-a.akamaized.net/coub_storage/coub/simple/cw_timeline_pic/5813e11eb60/8d48d433e6ed7602a91f8/ios_large_1574767807_image.jpg","small_picture":"https://coub-anubis-a.akamaized.net/coub_storage/coub/simple/cw_image/e4a68bcc1b1/7156b8b3093a87295d207/1574767808_00032.jpg","sharing_picture":null,"percent_done":100,"tags":[{"id":969695,"title":"ps5","value":"ps5"},{"id":128623,"title":"gran turismo","value":"gran%20turismo"},{"id":30359,"title":"lamborghini","value":"lamborghini"},{"id":2707,"title":"omg","value":"omg"},{"id":5063,"title":"tron","value":"tron"},{"id":165325,"title":"monaco","value":"monaco"}],"categories":[{"id":75,"title":"Auto & Technique","permalink":"cars","subscriptions_count":10083456,"big_image_url":"https://coub-anubis-a.akamaized.net/coub_storage/category/cw_image/dcda24f72f3/076e0f1bc1028aa643b02/big_1545566648_Auto.png","small_image_url":"https://coub-anubis-a.akamaized.net/coub_storage/category/cw_image/dcda24f72f3/076e0f1bc1028aa643b02/small_1545566648_Auto.png","med_image_url":"https://coub-anubis-a.akamaized.net/coub_storage/category/cw_image/dcda24f72f3/076e0f1bc1028aa643b02/med_1545566648_Auto.png","visible":true}],"communities":[{"id":75,"title":"Auto & Technique","permalink":"cars","subscriptions_count":10083456,"big_image_url":"https://coub-anubis-a.akamaized.net/coub_storage/category/cw_image/dcda24f72f3/076e0f1bc1028aa643b02/big_1545566648_Auto.png","small_image_url":"https://coub-anubis-a.akamaized.net/coub_storage/category/cw_image/dcda24f72f3/076e0f1bc1028aa643b02/small_1545566648_Auto.png","med_image_url":"https://coub-anubis-a.akamaized.net/coub_storage/category/cw_image/dcda24f72f3/076e0f1bc1028aa643b02/med_1545566648_Auto.png","i_subscribed":true,"community_notifications_enabled":null,"description":null}],"recoubs_count":491,"remixes_count":5,"likes_count":4165,"dislikes_count":0,"raw_video_id":14510054,"uploaded_by_ios_app":false,"uploaded_by_android_app":false,"media_blocks":{"uploaded_raw_videos":[],"external_raw_videos":[],"remixed_from_coubs":[]},"raw_video_thumbnail_url":"/missing/missing.png","raw_video_title":"lambo_gt.mp4","video_block_banned":false,"duration":10.0,"promo_winner":false,"promo_winner_recoubers":null,"editorial_info":{},"promo_hint":null,"beeline_best_2014":null,"from_web_editor":true,"normalize_sound":true,"normalize_change_allowed":true,"best2015_addable":false,"ahmad_promo":null,"promo_data":null,"audio_copyright_claim":null,"ads_disabled":false,"is_safe_for_ads":true,"megafon_contents":[],"position_on_page":3},{"flag":null,"abuses":null,"recoubs_by_users_channels":null,"favourite":false,"promoted_id":null,"recoub":null,"like":null,"dislike":null,"reaction":null,"in_my_best2015":false,"id":137223960,"type":"Coub::Simple","permalink":"29cpc6","title":"drift","visibility_type":"public","original_visibility_type":"public","channel_id":4890775,"created_at":"2020-02-16T14:55:58Z","updated_at":"2022-03-18T07:22:30Z","is_done":true,"views_count":260222,"cotd":null,"cotd_at":null,"visible_on_explore_root":false,"visible_on_explore":false,"featured":false,"published":true,"published_at":"2020-02-16T14:55:57Z","reversed":false,"from_editor_v2":true,"is_editable":true,"original_sound":true,"has_sound":true,"recoub_to":null,"file_versions":{"html5":{"video":{"higher":{"url":"https://coub-anubis-a.akamaized.net/coub_storage/coub/simple/cw_file/17a807aed24/2c17b07e30d46ae746544/muted_mp4_huge_size_1581864979_muted_huge.mp4","size":2804291},"high":{"url":"https://coub-anubis-a.akamaized.net/coub_storage/coub/simple/cw_file/17a807aed24/2c17b07e30d46ae746544/muted_mp4_big_size_1581864979_muted_big.mp4","size":2088681},"med":{"url":"https://coub-anubis-a.akamaized.net/coub_storage/coub/simple/cw_file/17a807aed24/2c17b07e30d46ae746544/muted_mp4_med_size_1581864979_muted_med.mp4","size":607590}},"audio":{"high":{"url":"https://coub-anubis-a.akamaized.net/coub_storage/coub/simple/cw_looped_audio_high/f7491133f9e/8e71135e2f940a1e5c27f/1605707830_high_1581864980_high.mp3","size":1020480},"med":{"url":"https://coub-anubis-a.akamaized.net/coub_storage/coub/simple/cw_looped_audio_med/616641aebed/b1c145c6548d883c205b2/1605707830_med_1581864980_med.mp3","size":799076},"sample_duration":10.008}},"mobile":{"video":"https://coub-anubis-a.akamaized.net/coub_storage/coub/simple/cw_file/17a807aed24/2c17b07e30d46ae746544/muted_mp4_med_size_1581864979_muted_med.mp4","audio":["https://coub-anubis-a.akamaized.net/coub_storage/coub/simple/cw_looped_audio_med/616641aebed/b1c145c6548d883c205b2/1605707830_med_1581864980_med.mp3"]},"share":{"default":"https://coub-anubis-a.akamaized.net/coub_storage/coub/simple/cw_video_for_sharing/9dbb8370947/f54074ab3b7bd4d4134f7/1608725066_looped_1608725065.mp4"}},"audio_versions":{},"image_versions":{"template":"https://coub-anubis-a.akamaized.net/coub_storage/coub/simple/cw_image/f006918e216/1f99d1e2814eeea81fbed/1581864987_00032.jpg","versions":["micro","tiny","age_restricted","ios_large","ios_mosaic","big","med","small","pinterest"]},"first_frame_versions":{"template":"https://coub-anubis-a.akamaized.net/coub_storage/coub/simple/cw_timeline_pic/21a27cb1c11/21eee70f74b17dacbafad/%{version}_1581864986_image.jpg","versions":["big","med","small","ios_large"]},"dimensions":{"big":[1280,720],"med":[640,360]},"site_w_h":[640,360],"page_w_h":[640,360],"site_w_h_small":[310,174],"size":[1280,720],"age_restricted":false,"age_restricted_by_admin":false,"not_safe_for_work":false,"allow_reuse":false,"dont_crop":false,"banned":false,"global_safe":false,"audio_file_url":null,"external_download":{"type":"Vk","service_name":"Vk","url":"https://vk.com/video?z=video132406495_456239957%2Fpl_cat_updates","has_embed":false},"application":null,"channel":{"id":4890775,"permalink":"z6178239","title":"z1","description":null,"followers_count":36,"following_count":0,"avatar_versions":{"template":"https://coub-anubis-a.akamaized.net/coub_storage/channel/cw_avatar/e39c594adae/0d7cee9c4ae49108913d8/%{version}_1607425424_61mvbg_1555993356_cropped.jpeg","versions":["medium","medium_2x","profile_pic","profile_pic_new","profile_pic_new_2x","tiny","tiny_2x","small","small_2x","ios_large","ios_small"]}},"file":null,"picture":"https://coub-anubis-a.akamaized.net/coub_storage/coub/simple/cw_image/f006918e216/1f99d1e2814eeea81fbed/1581864987_00032.jpg","timeline_picture":"https://coub-anubis-a.akamaized.net/coub_storage/coub/simple/cw_timeline_pic/21a27cb1c11/21eee70f74b17dacbafad/ios_large_1581864986_image.jpg","small_picture":"https://coub-anubis-a.akamaized.net/coub_storage/coub/simple/cw_image/f006918e216/1f99d1e2814eeea81fbed/1581864987_00032.jpg","sharing_picture":null,"percent_done":100,"tags":[{"id":636,"title":"drift","value":"drift"},{"id":5517318,"title":"big rocky sinful world","value":"big%20rocky%20sinful%20world"}],"categories":[{"id":75,"title":"Auto & Technique","permalink":"cars","subscriptions_count":10083456,"big_image_url":"https://coub-anubis-a.akamaized.net/coub_storage/category/cw_image/dcda24f72f3/076e0f1bc1028aa643b02/big_1545566648_Auto.png","small_image_url":"https://coub-anubis-a.akamaized.net/coub_storage/category/cw_image/dcda24f72f3/076e0f1bc1028aa643b02/small_1545566648_Auto.png","med_image_url":"https://coub-anubis-a.akamaized.net/coub_storage/category/cw_image/dcda24f72f3/076e0f1bc1028aa643b02/med_1545566648_Auto.png","visible":true}],"communities":[{"id":75,"title":"Auto & Technique","permalink":"cars","subscriptions_count":10083456,"big_image_url":"https://coub-anubis-a.akamaized.net/coub_storage/category/cw_image/dcda24f72f3/076e0f1bc1028aa643b02/big_1545566648_Auto.png","small_image_url":"https://coub-anubis-a.akamaized.net/coub_storage/category/cw_image/dcda24f72f3/076e0f1bc1028aa643b02/small_1545566648_Auto.png","med_image_url":"https://coub-anubis-a.akamaized.net/coub_storage/category/cw_image/dcda24f72f3/076e0f1bc1028aa643b02/med_1545566648_Auto.png","i_subscribed":true,"community_notifications_enabled":null,"description":null}],"recoubs_count":784,"remixes_count":0,"likes_count":4152,"dislikes_count":0,"raw_video_id":14828176,"uploaded_by_ios_app":false,"uploaded_by_android_app":true,"media_blocks":{"uploaded_raw_videos":[],"external_raw_videos":[{"id":34813640,"title":"DRIFT","url":"https://vk.com/video132406495_456239957","image":"https://coub-anubis-a.akamaized.net/coub_storage/media_block/cw_image/0f9b8b31b77/b5e2c938ac3e2ae7849b4/1581864879_743zt4_1581864865_19nsa70_att-url-download.jpg","image_retina":"https://coub-anubis-a.akamaized.net/coub_storage/media_block/cw_image/0f9b8b31b77/b5e2c938ac3e2ae7849b4/1581864879_743zt4_1581864865_19nsa70_att-url-download.jpg","meta":{"service":"Vk","duration":"35.28"},"duration":35.28,"raw_video_id":14828176,"has_embed":false}],"remixed_from_coubs":[],"external_video":{"id":34813640,"title":"DRIFT","url":"https://vk.com/video132406495_456239957","image":"https://coub-anubis-a.akamaized.net/coub_storage/media_block/cw_image/0f9b8b31b77/b5e2c938ac3e2ae7849b4/1581864879_743zt4_1581864865_19nsa70_att-url-download.jpg","image_retina":"https://coub-anubis-a.akamaized.net/coub_storage/media_block/cw_image/0f9b8b31b77/b5e2c938ac3e2ae7849b4/1581864879_743zt4_1581864865_19nsa70_att-url-download.jpg","meta":{"service":"Vk","duration":"35.28"},"duration":35.28,"raw_video_id":14828176,"has_embed":false}},"raw_video_thumbnail_url":"/missing/missing.png","raw_video_title":"DRIFT","video_block_banned":false,"duration":10.04,"promo_winner":false,"promo_winner_recoubers":null,"editorial_info":{},"promo_hint":null,"beeline_best_2014":null,"from_web_editor":false,"normalize_sound":true,"normalize_change_allowed":true,"best2015_addable":false,"ahmad_promo":null,"promo_data":null,"audio_copyright_claim":null,"ads_disabled":false,"is_safe_for_ads":true,"megafon_contents":[],"position_on_page":4},{"flag":null,"abuses":null,"recoubs_by_users_channels":null,"favourite":false,"promoted_id":null,"recoub":null,"like":null,"dislike":null,"reaction":null,"in_my_best2015":false,"id":148611833,"type":"Coub::Simple","permalink":"2g4scm","title":"BOX39 Giotto 5","visibility_type":"public","original_visibility_type":"public","channel_id":3589750,"created_at":"2020-07-01T15:57:11Z","updated_at":"2022-03-16T20:16:56Z","is_done":true,"views_count":244567,"cotd":null,"cotd_at":null,"visible_on_explore_root":true,"visible_on_explore":true,"featured":true,"published":true,"published_at":"2020-07-01T15:57:11Z","reversed":false,"from_editor_v2":true,"is_editable":true,"original_sound":false,"has_sound":false,"recoub_to":null,"file_versions":{"html5":{"video":{"higher":{"url":"https://coub-anubis-a.akamaized.net/coub_storage/coub/simple/cw_file/dfa6403f495/16ddf4f3b2456f32123e7/muted_mp4_huge_size_1593619290_muted_huge.mp4","size":2715560},"high":{"url":"https://coub-anubis-a.akamaized.net/coub_storage/coub/simple/cw_file/dfa6403f495/16ddf4f3b2456f32123e7/muted_mp4_big_size_1593619290_muted_big.mp4","size":1746396},"med":{"url":"https://coub-anubis-a.akamaized.net/coub_storage/coub/simple/cw_file/dfa6403f495/16ddf4f3b2456f32123e7/muted_mp4_med_size_1593619290_muted_med.mp4","size":462024}},"audio":{"high":{"url":"https://coub-anubis-a.akamaized.net/coub_storage/coub/simple/cw_looped_audio_high/495a7467053/449941c6370c1fcf2d5be/1605681573_high_1593619308_high.mp3","size":2842167},"med":{"url":"https://coub-anubis-a.akamaized.net/coub_storage/coub/simple/cw_looped_audio_med/3779628f7d8/f3c5c744f6e19c908fc0a/1605681573_med_1593619308_med.mp3","size":2042987}}},"mobile":{"video":"https://coub-anubis-a.akamaized.net/coub_storage/coub/simple/cw_file/dfa6403f495/16ddf4f3b2456f32123e7/muted_mp4_med_size_1593619290_muted_med.mp4","audio":["https://coub-anubis-a.akamaized.net/coub_storage/coub/simple/cw_looped_audio_med/3779628f7d8/f3c5c744f6e19c908fc0a/1605681573_med_1593619308_med.mp3"]},"share":{"default":"https://coub-anubis-a.akamaized.net/coub_storage/coub/simple/cw_video_for_sharing/c7e8bbe9053/8b743eff8faf3c4c9c4e2/1608201206_looped_1608201206.mp4"}},"audio_versions":{"template":"https://coub-anubis-a.akamaized.net/coub_storage/audio_track/cw_file/60b280205bc/19b2613dd4ee9269ab638/mid_1593619293_x2cqru_edited.mp3","versions":["mid","low"]},"image_versions":{"template":"https://coub-anubis-a.akamaized.net/coub_storage/coub/simple/cw_image/4fdf22173c7/d4661f0dd20840e269be3/1593619320_00032.jpg","versions":["micro","tiny","age_restricted","ios_large","ios_mosaic","big","med","small","pinterest"]},"first_frame_versions":{"template":"https://coub-anubis-a.akamaized.net/coub_storage/coub/simple/cw_timeline_pic/f954bac5e98/3076fc3fa66da7c2b40c1/%{version}_1593619319_image.jpg","versions":["big","med","small","ios_large"]},"dimensions":{"big":[1280,720],"med":[640,360]},"site_w_h":[640,360],"page_w_h":[640,360],"site_w_h_small":[310,174],"size":[1280,720],"age_restricted":false,"age_restricted_by_admin":false,"not_safe_for_work":false,"allow_reuse":false,"dont_crop":false,"banned":false,"global_safe":true,"audio_file_url":"https://coub-anubis-a.akamaized.net/coub_storage/audio_track/cw_file/60b280205bc/19b2613dd4ee9269ab638/low_1593619293_x2cqru_edited.mp3","external_download":false,"application":null,"channel":{"id":3589750,"permalink":"suspiciousotter","title":"Podozritelnaya Vydra","description":null,"followers_count":49,"following_count":2,"avatar_versions":{"template":"https://coub-anubis-a.akamaized.net/coub_storage/channel/cw_avatar/cfb77636643/26c64726d6a22c757f366/%{version}_1607744128_11cusoh_1567166713_otter.jpg","versions":["medium","medium_2x","profile_pic","profile_pic_new","profile_pic_new_2x","tiny","tiny_2x","small","small_2x","ios_large","ios_small"]}},"file":null,"picture":"https://coub-anubis-a.akamaized.net/coub_storage/coub/simple/cw_image/4fdf22173c7/d4661f0dd20840e269be3/1593619320_00032.jpg","timeline_picture":"https://coub-anubis-a.akamaized.net/coub_storage/coub/simple/cw_timeline_pic/f954bac5e98/3076fc3fa66da7c2b40c1/ios_large_1593619319_image.jpg","small_picture":"https://coub-anubis-a.akamaized.net/coub_storage/coub/simple/cw_image/4fdf22173c7/d4661f0dd20840e269be3/1593619320_00032.jpg","sharing_picture":null,"percent_done":100,"tags":[{"id":5759855,"title":"giotto 5","value":"giotto%205"},{"id":5249440,"title":"box39","value":"box39"},{"id":5759856,"title":"loud strings (original mix) tomsize x simeon","value":"loud%20strings%20(original%20mix)%20tomsize%20x%20simeon"},{"id":1504,"title":"moto","value":"moto"}],"categories":[{"id":75,"title":"Auto & Technique","permalink":"cars","subscriptions_count":10083456,"big_image_url":"https://coub-anubis-a.akamaized.net/coub_storage/category/cw_image/dcda24f72f3/076e0f1bc1028aa643b02/big_1545566648_Auto.png","small_image_url":"https://coub-anubis-a.akamaized.net/coub_storage/category/cw_image/dcda24f72f3/076e0f1bc1028aa643b02/small_1545566648_Auto.png","med_image_url":"https://coub-anubis-a.akamaized.net/coub_storage/category/cw_image/dcda24f72f3/076e0f1bc1028aa643b02/med_1545566648_Auto.png","visible":true}],"communities":[{"id":75,"title":"Auto & Technique","permalink":"cars","subscriptions_count":10083456,"big_image_url":"https://coub-anubis-a.akamaized.net/coub_storage/category/cw_image/dcda24f72f3/076e0f1bc1028aa643b02/big_1545566648_Auto.png","small_image_url":"https://coub-anubis-a.akamaized.net/coub_storage/category/cw_image/dcda24f72f3/076e0f1bc1028aa643b02/small_1545566648_Auto.png","med_image_url":"https://coub-anubis-a.akamaized.net/coub_storage/category/cw_image/dcda24f72f3/076e0f1bc1028aa643b02/med_1545566648_Auto.png","i_subscribed":true,"community_notifications_enabled":null,"description":null}],"recoubs_count":782,"remixes_count":0,"likes_count":4140,"dislikes_count":0,"raw_video_id":15409727,"uploaded_by_ios_app":false,"uploaded_by_android_app":false,"media_blocks":{"uploaded_raw_videos":[],"external_raw_videos":[],"remixed_from_coubs":[]},"raw_video_thumbnail_url":"/missing/missing.png","raw_video_title":"_33_BOX39._LAMBORGHINI_SVJ____2_________Segment_0_VP8.webm","video_block_banned":false,"duration":10.04,"promo_winner":false,"promo_winner_recoubers":null,"editorial_info":{},"promo_hint":null,"beeline_best_2014":null,"from_web_editor":true,"normalize_sound":false,"normalize_change_allowed":false,"best2015_addable":false,"ahmad_promo":null,"promo_data":null,"audio_copyright_claim":null,"ads_disabled":false,"is_safe_for_ads":true,"megafon_contents":[],"position_on_page":5},{"flag":null,"abuses":null,"recoubs_by_users_channels":null,"favourite":false,"promoted_id":null,"recoub":null,"like":null,"dislike":null,"reaction":null,"in_my_best2015":false,"id":82301997,"type":"Coub::Simple","permalink":"1cldrx","title":"Rally","visibility_type":"public","original_visibility_type":"public","channel_id":4706935,"created_at":"2018-08-14T11:15:07Z","updated_at":"2022-03-17T20:30:07Z","is_done":true,"views_count":256235,"cotd":null,"cotd_at":null,"visible_on_explore_root":false,"visible_on_explore":false,"featured":false,"published":true,"published_at":"2018-08-14T11:15:07Z","reversed":false,"from_editor_v2":true,"is_editable":true,"original_sound":false,"has_sound":false,"recoub_to":null,"file_versions":{"html5":{"video":{"higher":{"url":"https://coub-anubis-a.akamaized.net/coub_storage/coub/simple/cw_file/2d3bd103674/3a332206bcffede198a4c/muted_mp4_huge_size_1568269442_muted_huge.mp4","size":4854353},"high":{"url":"https://coub-anubis-a.akamaized.net/coub_storage/coub/simple/cw_file/2d3bd103674/3a332206bcffede198a4c/muted_mp4_big_size_1568269442_muted_big.mp4","size":3459027},"med":{"url":"https://coub-anubis-a.akamaized.net/coub_storage/coub/simple/cw_file/2d3bd103674/3a332206bcffede198a4c/muted_mp4_med_size_1568269442_muted_med.mp4","size":1208170}},"audio":{"high":{"url":"https://coub-anubis-a.akamaized.net/coub_storage/coub/simple/cw_looped_audio_high/3fa2a102552/4be98e8fec08d50dd0657/1605613293_high_1534245353_high.mp3","size":4922352},"med":{"url":"https://coub-anubis-a.akamaized.net/coub_storage/coub/simple/cw_looped_audio_med/bc83467f84e/2d2e7bff9186d39651d7f/1605613293_med_1534245353_med.mp3","size":3457740}}},"mobile":{"video":"https://coub-anubis-a.akamaized.net/coub_storage/coub/simple/cw_file/2d3bd103674/3a332206bcffede198a4c/muted_mp4_med_size_1568269442_muted_med.mp4","audio":["https://coub-anubis-a.akamaized.net/coub_storage/coub/simple/cw_looped_audio_med/bc83467f84e/2d2e7bff9186d39651d7f/1605613293_med_1534245353_med.mp3"]},"share":{"default":"https://coub-anubis-a.akamaized.net/coub_storage/coub/simple/cw_video_for_sharing/e0eca8fbb9f/7e7798c7e8a83408efb00/1610692994_looped_1610692991.mp4"}},"audio_versions":{"template":"https://coub-anubis-a.akamaized.net/coub_storage/audio_track/cw_normalized_copy/c820eb778af/583660ac23ae090707777/mid_1534245338_17uhjjn_normalized_1534245317_dx640_edited.mp3","versions":["mid","low"]},"image_versions":{"template":"https://coub-anubis-a.akamaized.net/coub_storage/coub/simple/cw_image/b8d215bcd6d/9babd1bdd0bf214c59efc/1534245367_00032.jpg","versions":["micro","tiny","age_restricted","ios_large","ios_mosaic","big","med","small","pinterest"]},"first_frame_versions":{"template":"https://coub-anubis-a.akamaized.net/coub_storage/coub/simple/cw_timeline_pic/7d1cc4ae6cc/6c93e78df5babf6629193/%{version}_1534245367_image.jpg","versions":["big","med","small","ios_large"]},"dimensions":{"big":[1280,716],"med":[640,358]},"site_w_h":[640,358],"page_w_h":[640,358],"site_w_h_small":[310,173],"size":[1280,716],"age_restricted":false,"age_restricted_by_admin":false,"not_safe_for_work":false,"allow_reuse":false,"dont_crop":false,"banned":false,"global_safe":true,"audio_file_url":"https://coub-anubis-a.akamaized.net/coub_storage/audio_track/cw_normalized_copy/c820eb778af/583660ac23ae090707777/low_1534245338_17uhjjn_normalized_1534245317_dx640_edited.mp3","external_download":false,"application":null,"channel":{"id":4706935,"permalink":"savoho00","title":"savoho","description":null,"followers_count":46,"following_count":127,"avatar_versions":{"template":"https://coubsecureassets-a.akamaihd.net/assets/default-avatars/185-8109ea151df0705548ed97722385d98c428aa79a923bf71d4353fa0be8cee7b2.png"}},"file":null,"picture":"https://coub-anubis-a.akamaized.net/coub_storage/coub/simple/cw_image/b8d215bcd6d/9babd1bdd0bf214c59efc/1534245367_00032.jpg","timeline_picture":"https://coub-anubis-a.akamaized.net/coub_storage/coub/simple/cw_timeline_pic/7d1cc4ae6cc/6c93e78df5babf6629193/ios_large_1534245367_image.jpg","small_picture":"https://coub-anubis-a.akamaized.net/coub_storage/coub/simple/cw_image/b8d215bcd6d/9babd1bdd0bf214c59efc/1534245367_00032.jpg","sharing_picture":null,"percent_done":100,"tags":[{"id":3123,"title":"truck","value":"truck"},{"id":3118,"title":"rally","value":"rally"}],"categories":[{"id":75,"title":"Auto & Technique","permalink":"cars","subscriptions_count":10083456,"big_image_url":"https://coub-anubis-a.akamaized.net/coub_storage/category/cw_image/dcda24f72f3/076e0f1bc1028aa643b02/big_1545566648_Auto.png","small_image_url":"https://coub-anubis-a.akamaized.net/coub_storage/category/cw_image/dcda24f72f3/076e0f1bc1028aa643b02/small_1545566648_Auto.png","med_image_url":"https://coub-anubis-a.akamaized.net/coub_storage/category/cw_image/dcda24f72f3/076e0f1bc1028aa643b02/med_1545566648_Auto.png","visible":true}],"communities":[{"id":75,"title":"Auto & Technique","permalink":"cars","subscriptions_count":10083456,"big_image_url":"https://coub-anubis-a.akamaized.net/coub_storage/category/cw_image/dcda24f72f3/076e0f1bc1028aa643b02/big_1545566648_Auto.png","small_image_url":"https://coub-anubis-a.akamaized.net/coub_storage/category/cw_image/dcda24f72f3/076e0f1bc1028aa643b02/small_1545566648_Auto.png","med_image_url":"https://coub-anubis-a.akamaized.net/coub_storage/category/cw_image/dcda24f72f3/076e0f1bc1028aa643b02/med_1545566648_Auto.png","i_subscribed":true,"community_notifications_enabled":null,"description":null}],"recoubs_count":824,"remixes_count":14,"likes_count":4139,"dislikes_count":0,"raw_video_id":"","uploaded_by_ios_app":false,"uploaded_by_android_app":false,"media_blocks":{"uploaded_raw_videos":[],"external_raw_videos":[],"remixed_from_coubs":[{"id":27670380,"title":"Rally","url":"https://coub.com/coubs/1ceom8/remix","image":"https://coub-anubis-a.akamaized.net/coub_storage/media_block/cw_image/26facaffe56/c85a441f6abf608cab3c5/1533933892_1533933880_00032.jpg","image_retina":"https://coub-anubis-a.akamaized.net/coub_storage/media_block/cw_image/26facaffe56/c85a441f6abf608cab3c5/1533933892_1533933880_00032.jpg","meta":{"duration":"10.04"},"duration":null,"coub_channel_title":"Gravred","coub_channel_permalink":"glavred1","coub_views_count":158263,"coub_permalink":"1ceom8"}]},"raw_video_thumbnail_url":"","raw_video_title":"","video_block_banned":false,"duration":10.0,"promo_winner":false,"promo_winner_recoubers":null,"editorial_info":{},"promo_hint":null,"beeline_best_2014":null,"from_web_editor":true,"normalize_sound":true,"normalize_change_allowed":true,"best2015_addable":false,"ahmad_promo":null,"promo_data":null,"audio_copyright_claim":null,"ads_disabled":false,"is_safe_for_ads":true,"megafon_contents":[],"position_on_page":6},{"flag":null,"abuses":null,"recoubs_by_users_channels":null,"favourite":false,"promoted_id":null,"recoub":null,"like":null,"dislike":null,"reaction":null,"in_my_best2015":false,"id":137399626,"type":"Coub::Simple","permalink":"29ggvt","title":"Rolling","visibility_type":"public","original_visibility_type":"public","channel_id":7735106,"created_at":"2020-02-18T19:08:51Z","updated_at":"2022-03-18T08:07:44Z","is_done":true,"views_count":251481,"cotd":null,"cotd_at":null,"visible_on_explore_root":false,"visible_on_explore":false,"featured":false,"published":true,"published_at":"2020-02-18T19:08:51Z","reversed":false,"from_editor_v2":true,"is_editable":true,"original_sound":false,"has_sound":false,"recoub_to":null,"file_versions":{"html5":{"video":{"higher":{"url":"https://coub-anubis-a.akamaized.net/coub_storage/coub/simple/cw_file/b9c0e8331b1/c1ec39ea915177b3a4b65/muted_mp4_huge_size_1582052935_muted_huge.mp4","size":776927},"high":{"url":"https://coub-anubis-a.akamaized.net/coub_storage/coub/simple/cw_file/b9c0e8331b1/c1ec39ea915177b3a4b65/muted_mp4_big_size_1582052935_muted_big.mp4","size":595059},"med":{"url":"https://coub-anubis-a.akamaized.net/coub_storage/coub/simple/cw_file/b9c0e8331b1/c1ec39ea915177b3a4b65/muted_mp4_med_size_1582052935_muted_med.mp4","size":180442}},"audio":{"high":{"url":"https://coub-anubis-a.akamaized.net/coub_storage/coub/simple/cw_looped_audio_high/e08439e63de/fc17e2a639b89d66b66de/1605708047_high_1582052949_high.mp3","size":1221531},"med":{"url":"https://coub-anubis-a.akamaized.net/coub_storage/coub/simple/cw_looped_audio_med/7a599bfc6ab/097362496481eb0855cf3/1605708046_med_1582052949_med.mp3","size":1117560}}},"mobile":{"video":"https://coub-anubis-a.akamaized.net/coub_storage/coub/simple/cw_file/b9c0e8331b1/c1ec39ea915177b3a4b65/muted_mp4_med_size_1582052935_muted_med.mp4","audio":["https://coub-anubis-a.akamaized.net/coub_storage/coub/simple/cw_looped_audio_med/7a599bfc6ab/097362496481eb0855cf3/1605708046_med_1582052949_med.mp3"]},"share":{"default":"https://coub-anubis-a.akamaized.net/coub_storage/coub/simple/cw_video_for_sharing/b859530836a/f23568a96a086bc8c1724/1609659792_looped_1609659790.mp4"}},"audio_versions":{"template":"https://coub-anubis-a.akamaized.net/coub_storage/audio_track/cw_normalized_copy/3265f0027a7/a411031fae99bf0d9115c/mid_1582052944_normalized_1582052937_13z26bm_edited.mp3","versions":["mid","low"]},"image_versions":{"template":"https://coub-anubis-a.akamaized.net/coub_storage/coub/simple/cw_image/7de2a1fdc36/1cf89e30e11cf64ad1cd4/1582052953_00009.jpg","versions":["micro","tiny","age_restricted","ios_large","ios_mosaic","big","med","small","pinterest"]},"first_frame_versions":{"template":"https://coub-anubis-a.akamaized.net/coub_storage/coub/simple/cw_timeline_pic/2246701bbca/bfdcd20cfa248fe855f1d/1582052953_image.jpg","versions":["big","med","small","ios_large"]},"dimensions":{"big":[1280,720],"med":[640,360]},"site_w_h":[640,360],"page_w_h":[640,360],"site_w_h_small":[310,174],"size":[1280,720],"age_restricted":false,"age_restricted_by_admin":false,"not_safe_for_work":false,"allow_reuse":false,"dont_crop":false,"banned":false,"global_safe":true,"audio_file_url":"https://coub-anubis-a.akamaized.net/coub_storage/audio_track/cw_normalized_copy/3265f0027a7/a411031fae99bf0d9115c/low_1582052944_normalized_1582052937_13z26bm_edited.mp3","external_download":false,"application":null,"channel":{"id":7735106,"permalink":"shinebull","title":"Shinebull","description":null,"followers_count":3,"following_count":11,"avatar_versions":{"template":"https://coubsecureassets-a.akamaihd.net/assets/default-avatars/291-88fcba1ac1aaf276b34144b20217f8d28f0ded2b4a0df681b53e8eba04fd55cf.png"}},"file":null,"picture":"https://coub-anubis-a.akamaized.net/coub_storage/coub/simple/cw_image/7de2a1fdc36/1cf89e30e11cf64ad1cd4/1582052953_00009.jpg","timeline_picture":"https://coub-anubis-a.akamaized.net/coub_storage/coub/simple/cw_timeline_pic/2246701bbca/bfdcd20cfa248fe855f1d/1582052953_image.jpg","small_picture":"https://coub-anubis-a.akamaized.net/coub_storage/coub/simple/cw_image/7de2a1fdc36/1cf89e30e11cf64ad1cd4/1582052953_00009.jpg","sharing_picture":null,"percent_done":100,"tags":[{"id":313859,"title":"phonk","value":"phonk"},{"id":636,"title":"drift","value":"drift"},{"id":86,"title":"music","value":"music"}],"categories":[{"id":75,"title":"Auto & Technique","permalink":"cars","subscriptions_count":10083456,"big_image_url":"https://coub-anubis-a.akamaized.net/coub_storage/category/cw_image/dcda24f72f3/076e0f1bc1028aa643b02/big_1545566648_Auto.png","small_image_url":"https://coub-anubis-a.akamaized.net/coub_storage/category/cw_image/dcda24f72f3/076e0f1bc1028aa643b02/small_1545566648_Auto.png","med_image_url":"https://coub-anubis-a.akamaized.net/coub_storage/category/cw_image/dcda24f72f3/076e0f1bc1028aa643b02/med_1545566648_Auto.png","visible":true}],"communities":[{"id":75,"title":"Auto & Technique","permalink":"cars","subscriptions_count":10083456,"big_image_url":"https://coub-anubis-a.akamaized.net/coub_storage/category/cw_image/dcda24f72f3/076e0f1bc1028aa643b02/big_1545566648_Auto.png","small_image_url":"https://coub-anubis-a.akamaized.net/coub_storage/category/cw_image/dcda24f72f3/076e0f1bc1028aa643b02/small_1545566648_Auto.png","med_image_url":"https://coub-anubis-a.akamaized.net/coub_storage/category/cw_image/dcda24f72f3/076e0f1bc1028aa643b02/med_1545566648_Auto.png","i_subscribed":true,"community_notifications_enabled":null,"description":null}],"recoubs_count":824,"remixes_count":17,"likes_count":4135,"dislikes_count":0,"raw_video_id":14836948,"uploaded_by_ios_app":false,"uploaded_by_android_app":false,"media_blocks":{"uploaded_raw_videos":[],"external_raw_videos":[],"remixed_from_coubs":[]},"raw_video_thumbnail_url":"/missing/missing.png","raw_video_title":"Untitled.MP4","video_block_banned":false,"duration":2.8,"promo_winner":false,"promo_winner_recoubers":null,"editorial_info":{},"promo_hint":null,"beeline_best_2014":null,"from_web_editor":true,"normalize_sound":true,"normalize_change_allowed":true,"best2015_addable":false,"ahmad_promo":null,"promo_data":null,"audio_copyright_claim":null,"ads_disabled":false,"is_safe_for_ads":true,"megafon_contents":[],"position_on_page":7},{"flag":null,"abuses":null,"recoubs_by_users_channels":null,"favourite":false,"promoted_id":null,"recoub":null,"like":null,"dislike":null,"reaction":null,"in_my_best2015":false,"id":157916535,"type":"Coub::Simple","permalink":"2lo7yw","title":"sala maleku","visibility_type":"public","original_visibility_type":"public","channel_id":1312350,"created_at":"2020-11-15T12:25:53Z","updated_at":"2022-03-18T00:21:36Z","is_done":true,"views_count":229311,"cotd":null,"cotd_at":null,"visible_on_explore_root":false,"visible_on_explore":false,"featured":false,"published":true,"published_at":"2020-11-15T12:25:53Z","reversed":false,"from_editor_v2":true,"is_editable":true,"original_sound":true,"has_sound":true,"recoub_to":null,"file_versions":{"html5":{"video":{"higher":{"url":"https://coub-anubis-a.akamaized.net/coub_storage/coub/simple/cw_file/282bab8f572/6b6f8df5d3e2b16acc0d4/muted_mp4_huge_size_1605443170_muted_huge.mp4","size":1469682},"high":{"url":"https://coub-anubis-a.akamaized.net/coub_storage/coub/simple/cw_file/282bab8f572/6b6f8df5d3e2b16acc0d4/muted_mp4_big_size_1605443170_muted_big.mp4","size":867671},"med":{"url":"https://coub-anubis-a.akamaized.net/coub_storage/coub/simple/cw_file/282bab8f572/6b6f8df5d3e2b16acc0d4/muted_mp4_med_size_1605443170_muted_med.mp4","size":261142}},"audio":{"high":{"url":"https://coub-anubis-a.akamaized.net/coub_storage/coub/simple/cw_looped_audio_high/fbe9eebcc29/bd3514e555ddcbee8e648/1605443173_mp3-high.mp3","size":829302},"med":{"url":"https://coub-anubis-a.akamaized.net/coub_storage/coub/simple/cw_looped_audio_med/e26f438ee24/e9d454950923db31def94/1605443172_mp3-med.mp3","size":826868},"sample_duration":9.985}},"mobile":{"video":"https://coub-anubis-a.akamaized.net/coub_storage/coub/simple/cw_file/282bab8f572/6b6f8df5d3e2b16acc0d4/muted_mp4_med_size_1605443170_muted_med.mp4","audio":["https://coub-anubis-a.akamaized.net/coub_storage/coub/simple/cw_looped_audio_med/e26f438ee24/e9d454950923db31def94/1605443172_mp3-med.mp3"]},"share":{"default":"https://coub-anubis-a.akamaized.net/coub_storage/coub/simple/cw_video_for_sharing/0682080992c/0ce782613fc988c7f587a/1608189975_looped_1608189973.mp4"}},"audio_versions":{},"image_versions":{"template":"https://coub-anubis-a.akamaized.net/coub_storage/coub/simple/cw_image/2ecb9de4c46/4f1ea284021c2b828f4ef/1605443186_00032.jpg","versions":["micro","tiny","age_restricted","ios_large","ios_mosaic","big","med","small","pinterest"]},"first_frame_versions":{"template":"https://coub-anubis-a.akamaized.net/coub_storage/coub/simple/cw_timeline_pic/51fa357be8b/dfecc9803b0c0ee6f7b65/%{version}_1605443185_image.jpg","versions":["big","med","small","ios_large"]},"dimensions":{"big":[940,960],"med":[470,480]},"site_w_h":[392,400],"page_w_h":[400,409],"site_w_h_small":[310,317],"size":[940,960],"age_restricted":false,"age_restricted_by_admin":false,"not_safe_for_work":false,"allow_reuse":false,"dont_crop":true,"banned":false,"global_safe":true,"audio_file_url":null,"external_download":false,"application":null,"channel":{"id":1312350,"permalink":"ivnev000","title":"Chilly Willy","description":"🌝","followers_count":52,"following_count":13,"avatar_versions":{"template":"https://coub-anubis-a.akamaized.net/coub_storage/channel/cw_avatar/ea2485cfe12/08ee3fa660ff2987d8c5a/%{version}_1607421690_dljc0o_1591622894_filename.jpeg","versions":["medium","medium_2x","profile_pic","profile_pic_new","profile_pic_new_2x","tiny","tiny_2x","small","small_2x","ios_large","ios_small"]}},"file":null,"picture":"https://coub-anubis-a.akamaized.net/coub_storage/coub/simple/cw_image/2ecb9de4c46/4f1ea284021c2b828f4ef/1605443186_00032.jpg","timeline_picture":"https://coub-anubis-a.akamaized.net/coub_storage/coub/simple/cw_timeline_pic/51fa357be8b/dfecc9803b0c0ee6f7b65/ios_large_1605443185_image.jpg","small_picture":"https://coub-anubis-a.akamaized.net/coub_storage/coub/simple/cw_image/2ecb9de4c46/4f1ea284021c2b828f4ef/1605443186_00032.jpg","sharing_picture":null,"percent_done":100,"tags":[{"id":174,"title":"funny","value":"funny"},{"id":169,"title":"fun","value":"fun"},{"id":1497,"title":"driver","value":"driver"},{"id":11572,"title":"drifting","value":"drifting"},{"id":5724048,"title":"sala maleku","value":"sala%20maleku"},{"id":1662,"title":"rofl","value":"rofl"}],"categories":[{"id":75,"title":"Auto & Technique","permalink":"cars","subscriptions_count":10083456,"big_image_url":"https://coub-anubis-a.akamaized.net/coub_storage/category/cw_image/dcda24f72f3/076e0f1bc1028aa643b02/big_1545566648_Auto.png","small_image_url":"https://coub-anubis-a.akamaized.net/coub_storage/category/cw_image/dcda24f72f3/076e0f1bc1028aa643b02/small_1545566648_Auto.png","med_image_url":"https://coub-anubis-a.akamaized.net/coub_storage/category/cw_image/dcda24f72f3/076e0f1bc1028aa643b02/med_1545566648_Auto.png","visible":true}],"communities":[{"id":75,"title":"Auto & Technique","permalink":"cars","subscriptions_count":10083456,"big_image_url":"https://coub-anubis-a.akamaized.net/coub_storage/category/cw_image/dcda24f72f3/076e0f1bc1028aa643b02/big_1545566648_Auto.png","small_image_url":"https://coub-anubis-a.akamaized.net/coub_storage/category/cw_image/dcda24f72f3/076e0f1bc1028aa643b02/small_1545566648_Auto.png","med_image_url":"https://coub-anubis-a.akamaized.net/coub_storage/category/cw_image/dcda24f72f3/076e0f1bc1028aa643b02/med_1545566648_Auto.png","i_subscribed":true,"community_notifications_enabled":null,"description":null}],"recoubs_count":761,"remixes_count":0,"likes_count":4130,"dislikes_count":0,"raw_video_id":15874096,"uploaded_by_ios_app":true,"uploaded_by_android_app":false,"media_blocks":{"uploaded_raw_videos":[],"external_raw_videos":[],"remixed_from_coubs":[]},"raw_video_thumbnail_url":"/missing/missing.png","raw_video_title":"filename.mp4","video_block_banned":false,"duration":10.0,"promo_winner":false,"promo_winner_recoubers":null,"editorial_info":{},"promo_hint":null,"beeline_best_2014":null,"from_web_editor":false,"normalize_sound":true,"normalize_change_allowed":true,"best2015_addable":false,"ahmad_promo":null,"promo_data":null,"audio_copyright_claim":null,"ads_disabled":false,"is_safe_for_ads":true,"megafon_contents":[],"position_on_page":8},{"flag":null,"abuses":null,"recoubs_by_users_channels":null,"favourite":false,"promoted_id":null,"recoub":null,"like":null,"dislike":null,"reaction":null,"in_my_best2015":false,"id":50518931,"type":"Coub::Simple","permalink":"tmnkx","title":"Hard takeoff x5","visibility_type":"public","original_visibility_type":"public","channel_id":3381810,"created_at":"2017-04-21T21:33:40Z","updated_at":"2022-03-16T05:25:20Z","is_done":true,"views_count":386417,"cotd":null,"cotd_at":null,"visible_on_explore_root":true,"visible_on_explore":true,"featured":true,"published":true,"published_at":"2017-04-21T21:33:40Z","reversed":false,"from_editor_v2":true,"is_editable":true,"original_sound":false,"has_sound":false,"recoub_to":null,"file_versions":{"html5":{"video":{"higher":{"url":"https://coub-anubis-a.akamaized.net/coub_storage/coub/simple/cw_file/4656c953c09/d316c1e97d15c65dffd28/muted_mp4_huge_size_1568105987_muted_huge.mp4","size":3437474},"high":{"url":"https://coub-anubis-a.akamaized.net/coub_storage/coub/simple/cw_file/4656c953c09/d316c1e97d15c65dffd28/muted_mp4_big_size_1568105987_muted_big.mp4","size":2545233},"med":{"url":"https://coub-anubis-a.akamaized.net/coub_storage/coub/simple/cw_file/4656c953c09/d316c1e97d15c65dffd28/muted_mp4_med_size_1568105987_muted_med.mp4","size":709335}},"audio":{"high":{"url":"https://coub-anubis-a.akamaized.net/coub_storage/coub/simple/cw_looped_audio_high/56f59742956/19593a39aa6e1f37e5632/1605593951_high_1492851608_high.mp3","size":1209889},"med":{"url":"https://coub-anubis-a.akamaized.net/coub_storage/coub/simple/cw_looped_audio_med/c704f2f4487/b512b8cf361ecc068a4cd/1605593950_med_1492851608_med.mp3","size":1062427}}},"mobile":{"video":"https://coub-anubis-a.akamaized.net/coub_storage/coub/simple/cw_file/4656c953c09/d316c1e97d15c65dffd28/muted_mp4_med_size_1568105987_muted_med.mp4","audio":["https://coub-anubis-a.akamaized.net/coub_storage/coub/simple/cw_looped_audio_med/c704f2f4487/b512b8cf361ecc068a4cd/1605593950_med_1492851608_med.mp3"]},"share":{"default":"https://coub-anubis-a.akamaized.net/coub_storage/coub/simple/cw_video_for_sharing/5c9d095b073/766bd4e8d55920e04c165/1609340502_looped_1609340501.mp4"}},"audio_versions":{"template":"https://coub-anubis-a.akamaized.net/coub_storage/audio_track/cw_file/9558199633d/f21405f4fd89f89d236fe/mid_1492851599_499jtj_edited.mp3","versions":["mid","low"]},"image_versions":{"template":"https://coub-anubis-a.akamaized.net/coub_storage/coub/simple/cw_image/e6cf5ec3f81/02f791064eb915841162d/1492851615_00032.jpg","versions":["micro","tiny","age_restricted","ios_large","ios_mosaic","big","med","small","pinterest"]},"first_frame_versions":{"template":"https://coub-anubis-a.akamaized.net/coub_storage/coub/simple/cw_timeline_pic/3d957450dbe/e60d0766c700e6bcc519b/%{version}_1492851614_image.jpg","versions":["big","med","small","ios_large"]},"dimensions":{"big":[1280,720],"med":[640,360]},"site_w_h":[640,360],"page_w_h":[640,360],"site_w_h_small":[310,174],"size":[1280,720],"age_restricted":false,"age_restricted_by_admin":false,"not_safe_for_work":false,"allow_reuse":false,"dont_crop":false,"banned":false,"global_safe":true,"audio_file_url":"https://coub-anubis-a.akamaized.net/coub_storage/audio_track/cw_file/9558199633d/f21405f4fd89f89d236fe/low_1492851599_499jtj_edited.mp3","external_download":false,"application":null,"channel":{"id":3381810,"permalink":"aeronautics","title":"Aviation","description":"The sky is calling","followers_count":7358,"following_count":15,"avatar_versions":{"template":"https://coub-anubis-a.akamaized.net/coub_storage/channel/cw_avatar/534f04f8cf1/c850603b58961d990b891/%{version}_1607432450_2r4pk0_1524406380_aviation_background.jpg","versions":["medium","medium_2x","profile_pic","profile_pic_new","profile_pic_new_2x","tiny","tiny_2x","small","small_2x","ios_large","ios_small"]}},"file":null,"picture":"https://coub-anubis-a.akamaized.net/coub_storage/coub/simple/cw_image/e6cf5ec3f81/02f791064eb915841162d/1492851615_00032.jpg","timeline_picture":"https://coub-anubis-a.akamaized.net/coub_storage/coub/simple/cw_timeline_pic/3d957450dbe/e60d0766c700e6bcc519b/ios_large_1492851614_image.jpg","small_picture":"https://coub-anubis-a.akamaized.net/coub_storage/coub/simple/cw_image/e6cf5ec3f81/02f791064eb915841162d/1492851615_00032.jpg","sharing_picture":null,"percent_done":100,"tags":[{"id":237209,"title":"musiccoub","value":"musiccoub"},{"id":61817,"title":"radiocoub","value":"radiocoub"},{"id":5044,"title":"beach","value":"beach"},{"id":443,"title":"fail","value":"fail"},{"id":2707,"title":"omg","value":"omg"},{"id":1253,"title":"wtf","value":"wtf"},{"id":1311652,"title":"boeing747","value":"boeing747"},{"id":55163,"title":"boeing","value":"boeing"},{"id":169929,"title":"klm","value":"klm"},{"id":19535,"title":"heavy metal","value":"heavy%20metal"},{"id":22993,"title":"hard rock","value":"hard%20rock"},{"id":1087,"title":"rock","value":"rock"},{"id":1071,"title":"cool","value":"cool"},{"id":1160,"title":"музыка","value":"%D0%BC%D1%83%D0%B7%D1%8B%D0%BA%D0%B0"},{"id":119048,"title":"взлет","value":"%D0%B2%D0%B7%D0%BB%D0%B5%D1%82"},{"id":26810,"title":"самолет","value":"%D1%81%D0%B0%D0%BC%D0%BE%D0%BB%D0%B5%D1%82"},{"id":75188,"title":"авиация","value":"%D0%B0%D0%B2%D0%B8%D0%B0%D1%86%D0%B8%D1%8F"},{"id":88550,"title":"авиа","value":"%D0%B0%D0%B2%D0%B8%D0%B0"},{"id":39840,"title":"music coub","value":"music%20coub"},{"id":86,"title":"music","value":"music"},{"id":3082,"title":"video","value":"video"},{"id":137824,"title":"radio coub","value":"radio%20coub"},{"id":1409,"title":"radio","value":"radio"},{"id":6941,"title":"geek","value":"geek"},{"id":34315,"title":"airplane","value":"airplane"},{"id":1449,"title":"aircraft","value":"aircraft"},{"id":1126,"title":"amazing","value":"amazing"},{"id":777,"title":"awesome","value":"awesome"},{"id":1671,"title":"extreme","value":"extreme"},{"id":2564,"title":"flying","value":"flying"},{"id":9780,"title":"flight","value":"flight"},{"id":5551,"title":"takeoff","value":"takeoff"},{"id":986,"title":"fly","value":"fly"},{"id":3349,"title":"air","value":"air"},{"id":2053,"title":"metal","value":"metal"},{"id":9308,"title":"heavy","value":"heavy"},{"id":2258,"title":"hard","value":"hard"},{"id":4837,"title":"dope","value":"dope"},{"id":20304,"title":"aviation","value":"aviation"}],"categories":[{"id":75,"title":"Auto & Technique","permalink":"cars","subscriptions_count":10083456,"big_image_url":"https://coub-anubis-a.akamaized.net/coub_storage/category/cw_image/dcda24f72f3/076e0f1bc1028aa643b02/big_1545566648_Auto.png","small_image_url":"https://coub-anubis-a.akamaized.net/coub_storage/category/cw_image/dcda24f72f3/076e0f1bc1028aa643b02/small_1545566648_Auto.png","med_image_url":"https://coub-anubis-a.akamaized.net/coub_storage/category/cw_image/dcda24f72f3/076e0f1bc1028aa643b02/med_1545566648_Auto.png","visible":true}],"communities":[{"id":75,"title":"Auto & Technique","permalink":"cars","subscriptions_count":10083456,"big_image_url":"https://coub-anubis-a.akamaized.net/coub_storage/category/cw_image/dcda24f72f3/076e0f1bc1028aa643b02/big_1545566648_Auto.png","small_image_url":"https://coub-anubis-a.akamaized.net/coub_storage/category/cw_image/dcda24f72f3/076e0f1bc1028aa643b02/small_1545566648_Auto.png","med_image_url":"https://coub-anubis-a.akamaized.net/coub_storage/category/cw_image/dcda24f72f3/076e0f1bc1028aa643b02/med_1545566648_Auto.png","i_subscribed":true,"community_notifications_enabled":null,"description":null}],"recoubs_count":927,"remixes_count":4,"likes_count":4127,"dislikes_count":0,"raw_video_id":9498870,"uploaded_by_ios_app":false,"uploaded_by_android_app":false,"media_blocks":{"uploaded_raw_videos":[],"external_raw_videos":[],"remixed_from_coubs":[]},"raw_video_thumbnail_url":"/missing/missing.png","raw_video_title":"________________________________________.mp4","video_block_banned":false,"duration":10.0,"promo_winner":false,"promo_winner_recoubers":null,"editorial_info":{},"promo_hint":null,"beeline_best_2014":null,"from_web_editor":true,"normalize_sound":false,"normalize_change_allowed":true,"best2015_addable":false,"ahmad_promo":null,"promo_data":null,"audio_copyright_claim":null,"ads_disabled":null,"is_safe_for_ads":true,"megafon_contents":[],"position_on_page":9},{"flag":null,"abuses":null,"recoubs_by_users_channels":null,"favourite":false,"promoted_id":null,"recoub":null,"like":null,"dislike":null,"reaction":null,"in_my_best2015":false,"id":165834046,"type":"Coub::Simple","permalink":"2qdx7n","title":" Crashes at El Mirage ","visibility_type":"public","original_visibility_type":"public","channel_id":380007,"created_at":"2021-03-23T22:07:40Z","updated_at":"2022-03-18T06:49:24Z","is_done":true,"views_count":229288,"cotd":null,"cotd_at":null,"visible_on_explore_root":false,"visible_on_explore":false,"featured":false,"published":true,"published_at":"2021-03-23T22:07:40Z","reversed":false,"from_editor_v2":true,"is_editable":true,"original_sound":false,"has_sound":false,"recoub_to":null,"file_versions":{"html5":{"video":{"higher":{"url":"https://coub-anubis-a.akamaized.net/coub_storage/coub/simple/cw_file/58118f919ef/984864ab8809ad86d8782/muted_mp4_huge_size_1616537287_muted_huge.mp4","size":2297362},"high":{"url":"https://coub-anubis-a.akamaized.net/coub_storage/coub/simple/cw_file/58118f919ef/984864ab8809ad86d8782/muted_mp4_big_size_1616537287_muted_big.mp4","size":1521526},"med":{"url":"https://coub-anubis-a.akamaized.net/coub_storage/coub/simple/cw_file/58118f919ef/984864ab8809ad86d8782/muted_mp4_med_size_1616537287_muted_med.mp4","size":429814}},"audio":{"high":{"url":"https://coub-anubis-a.akamaized.net/coub_storage/coub/simple/cw_looped_audio_high/8f85599c569/0189d148d322d45c05b18/1616537293_mp3-high.mp3","size":1306603},"med":{"url":"https://coub-anubis-a.akamaized.net/coub_storage/coub/simple/cw_looped_audio_med/2f81eaa79d2/e259efd8271243555b61c/1616537292_mp3-med.mp3","size":956285}}},"mobile":{"video":"https://coub-anubis-a.akamaized.net/coub_storage/coub/simple/cw_file/58118f919ef/984864ab8809ad86d8782/muted_mp4_med_size_1616537287_muted_med.mp4","audio":["https://coub-anubis-a.akamaized.net/coub_storage/coub/simple/cw_looped_audio_med/2f81eaa79d2/e259efd8271243555b61c/1616537292_mp3-med.mp3"]},"share":{"default":"https://coub-anubis-a.akamaized.net/coub_storage/coub/simple/cw_video_for_sharing/c3a671b2ec2/a517b16b456eccee7f11a/1616537344_looped_1616537341.mp4"}},"audio_versions":{"template":"https://coub-anubis-a.akamaized.net/coub_storage/audio_track/cw_file/f4b0d8e980a/1c72f5f7effe8e60ef0b9/mid_1616537288_1kvmxc7_edited.mp3","versions":["mid","low"]},"image_versions":{"template":"https://coub-anubis-a.akamaized.net/coub_storage/coub/simple/cw_image/cfda94caec9/1cf718b63e2476169c102/%{version}_1616537302_00032.jpg","versions":["micro","tiny","age_restricted","ios_large","ios_mosaic","big","med","small","pinterest"]},"first_frame_versions":{"template":"https://coub-anubis-a.akamaized.net/coub_storage/coub/simple/cw_timeline_pic/d594c7c2aa8/067cbb30242c7cb82d6fa/%{version}_1616537301_image.jpg","versions":["big","med","small","ios_large"]},"dimensions":{"big":[1280,720],"med":[640,360]},"site_w_h":[640,360],"page_w_h":[640,360],"site_w_h_small":[310,174],"size":[1280,720],"age_restricted":false,"age_restricted_by_admin":false,"not_safe_for_work":false,"allow_reuse":false,"dont_crop":true,"banned":false,"global_safe":true,"audio_file_url":"https://coub-anubis-a.akamaized.net/coub_storage/audio_track/cw_file/f4b0d8e980a/1c72f5f7effe8e60ef0b9/low_1616537288_1kvmxc7_edited.mp3","external_download":{"type":"Youtube","service_name":"YouTube","url":"https://www.youtube.com/watch?v=McJJeukIWSA","has_embed":true},"application":null,"channel":{"id":380007,"permalink":"mirasmirror","title":"MIRAS","description":null,"followers_count":99,"following_count":37,"avatar_versions":{"template":"https://coub-anubis-a.akamaized.net/coub_storage/channel/cw_avatar/3ecd7832a28/22fd0f87bb0a350bcfa75/%{version}_1474502987________.jpg","versions":["medium","medium_2x","profile_pic","profile_pic_new","profile_pic_new_2x","tiny","tiny_2x","small","small_2x","ios_large","ios_small"]}},"file":null,"picture":"https://coub-anubis-a.akamaized.net/coub_storage/coub/simple/cw_image/cfda94caec9/1cf718b63e2476169c102/med_1616537302_00032.jpg","timeline_picture":"https://coub-anubis-a.akamaized.net/coub_storage/coub/simple/cw_timeline_pic/d594c7c2aa8/067cbb30242c7cb82d6fa/ios_large_1616537301_image.jpg","small_picture":"https://coub-anubis-a.akamaized.net/coub_storage/coub/simple/cw_image/cfda94caec9/1cf718b63e2476169c102/ios_mosaic_1616537302_00032.jpg","sharing_picture":null,"percent_done":100,"tags":[{"id":93347,"title":"hasport hondata insight","value":"hasport%20hondata%20insight"},{"id":93348,"title":"scta","value":"scta"},{"id":93349,"title":"el mirage","value":"el%20mirage"},{"id":6226237,"title":"hondata (business operation)","value":"hondata%20(business%20operation)"},{"id":109,"title":"crash","value":"crash"}],"categories":[{"id":75,"title":"Auto & Technique","permalink":"cars","subscriptions_count":10083456,"big_image_url":"https://coub-anubis-a.akamaized.net/coub_storage/category/cw_image/dcda24f72f3/076e0f1bc1028aa643b02/big_1545566648_Auto.png","small_image_url":"https://coub-anubis-a.akamaized.net/coub_storage/category/cw_image/dcda24f72f3/076e0f1bc1028aa643b02/small_1545566648_Auto.png","med_image_url":"https://coub-anubis-a.akamaized.net/coub_storage/category/cw_image/dcda24f72f3/076e0f1bc1028aa643b02/med_1545566648_Auto.png","visible":true}],"communities":[{"id":75,"title":"Auto & Technique","permalink":"cars","subscriptions_count":10083456,"big_image_url":"https://coub-anubis-a.akamaized.net/coub_storage/category/cw_image/dcda24f72f3/076e0f1bc1028aa643b02/big_1545566648_Auto.png","small_image_url":"https://coub-anubis-a.akamaized.net/coub_storage/category/cw_image/dcda24f72f3/076e0f1bc1028aa643b02/small_1545566648_Auto.png","med_image_url":"https://coub-anubis-a.akamaized.net/coub_storage/category/cw_image/dcda24f72f3/076e0f1bc1028aa643b02/med_1545566648_Auto.png","i_subscribed":true,"community_notifications_enabled":null,"description":null}],"recoubs_count":781,"remixes_count":1,"likes_count":4122,"dislikes_count":0,"raw_video_id":16287868,"uploaded_by_ios_app":false,"uploaded_by_android_app":false,"media_blocks":{"uploaded_raw_videos":[],"external_raw_videos":[{"id":38479361,"title":"HASport Hondata Insight car #2010 Crashes at El Mirage Nov '13","url":"https://www.youtube.com/watch?v=McJJeukIWSA","image":"https://coub-anubis-a.akamaized.net/coub_storage/media_block/cw_image/9a2191dea81/7ccaabadf7a953e517c1a/video_1616536685_1wot5s_1616536663_1616536663_1xxz4zz_att-url-download.webp","image_retina":"https://coub-anubis-a.akamaized.net/coub_storage/media_block/cw_image/9a2191dea81/7ccaabadf7a953e517c1a/video_retina_1616536685_1wot5s_1616536663_1616536663_1xxz4zz_att-url-download.webp","meta":{"service":"Youtube","duration":"68.24"},"duration":68.24,"raw_video_id":16287868,"has_embed":true}],"remixed_from_coubs":[],"external_video":{"id":38479361,"title":"HASport Hondata Insight car #2010 Crashes at El Mirage Nov '13","url":"https://www.youtube.com/watch?v=McJJeukIWSA","image":"https://coub-anubis-a.akamaized.net/coub_storage/media_block/cw_image/9a2191dea81/7ccaabadf7a953e517c1a/video_1616536685_1wot5s_1616536663_1616536663_1xxz4zz_att-url-download.webp","image_retina":"https://coub-anubis-a.akamaized.net/coub_storage/media_block/cw_image/9a2191dea81/7ccaabadf7a953e517c1a/video_retina_1616536685_1wot5s_1616536663_1616536663_1xxz4zz_att-url-download.webp","meta":{"service":"Youtube","duration":"68.24"},"duration":68.24,"raw_video_id":16287868,"has_embed":true}},"raw_video_thumbnail_url":"https://coub-anubis-a.akamaized.net/coub_storage/raw_video/cw_image/d14188e5c08/96a50f6553cc50d66210f/coub_media_1616536663_1616536663_1xxz4zz_att-url-download.webp","raw_video_title":"HASport Hondata Insight car #2010 Crashes at El Mirage Nov '13","video_block_banned":false,"duration":10.0,"promo_winner":false,"promo_winner_recoubers":null,"editorial_info":{},"promo_hint":null,"beeline_best_2014":null,"from_web_editor":true,"normalize_sound":false,"normalize_change_allowed":true,"best2015_addable":false,"ahmad_promo":null,"promo_data":null,"audio_copyright_claim":null,"ads_disabled":false,"is_safe_for_ads":true,"megafon_contents":[],"position_on_page":10}]}