{"page":118,"per_page":10,"total_pages":500,"coubs":[{"flag":null,"abuses":null,"recoubs_by_users_channels":null,"favourite":false,"promoted_id":null,"recoub":null,"like":null,"dislike":null,"reaction":null,"in_my_best2015":false,"id":75486849,"type":"Coub::Simple","permalink":"18j3ey","title":"братаны!))","visibility_type":"public","original_visibility_type":"public","channel_id":3867019,"created_at":"2018-05-26T19:08:19Z","updated_at":"2022-03-16T10:11:31Z","is_done":true,"views_count":168542,"cotd":null,"cotd_at":null,"visible_on_explore_root":false,"visible_on_explore":false,"featured":false,"published":true,"published_at":"2018-05-26T19:08:18Z","reversed":false,"from_editor_v2":true,"is_editable":true,"original_sound":true,"has_sound":true,"recoub_to":null,"file_versions":{"html5":{"video":{"higher":{"url":"https://coub-anubis-a.akamaized.net/coub_storage/coub/simple/cw_file/b739b5d3347/845f88e0497f32a16faa2/muted_mp4_huge_size_1568238782_muted_huge.mp4","size":2280678},"high":{"url":"https://coub-anubis-a.akamaized.net/coub_storage/coub/simple/cw_file/b739b5d3347/845f88e0497f32a16faa2/muted_mp4_big_size_1568238782_muted_big.mp4","size":1561167},"med":{"url":"https://coub-anubis-a.akamaized.net/coub_storage/coub/simple/cw_file/b739b5d3347/845f88e0497f32a16faa2/muted_mp4_med_size_1568238782_muted_med.mp4","size":464981}},"audio":{"high":{"url":"https://coub-anubis-a.akamaized.net/coub_storage/coub/simple/cw_looped_audio_high/f9eadeb1cb7/3c5cb6a70dcc83696d5da/1605626178_high_1527361768_high.mp3","size":887666},"med":{"url":"https://coub-anubis-a.akamaized.net/coub_storage/coub/simple/cw_looped_audio_med/2d19872a999/8bcd7c03538422b7a4d4e/1605626178_med_1527361768_med.mp3","size":858095},"sample_duration":8.127}},"mobile":{"video":"https://coub-anubis-a.akamaized.net/coub_storage/coub/simple/cw_file/b739b5d3347/845f88e0497f32a16faa2/muted_mp4_med_size_1568238782_muted_med.mp4","audio":["https://coub-anubis-a.akamaized.net/coub_storage/coub/simple/cw_looped_audio_med/2d19872a999/8bcd7c03538422b7a4d4e/1605626178_med_1527361768_med.mp3"]},"share":{"default":"https://coub-anubis-a.akamaized.net/coub_storage/coub/simple/cw_video_for_sharing/269ff734f5e/9a3901c5575f648e426ef/1626212187_looped_1626212186.mp4"}},"audio_versions":{},"image_versions":{"template":"https://coub-anubis-a.akamaized.net/coub_storage/coub/simple/cw_image/2ea5d672138/f8b25b7bd9e69697968f1/1527361773_00026.jpg","versions":["micro","tiny","age_restricted","ios_large","ios_mosaic","big","med","small","pinterest"]},"first_frame_versions":{"template":"https://coub-anubis-a.akamaized.net/coub_storage/coub/simple/cw_timeline_pic/ff4f59d788a/5b69365cd29cf5abb9115/%{version}_1527361773_image.jpg","versions":["big","med","small","ios_large"]},"dimensions":{"big":[1280,720],"med":[640,360]},"site_w_h":[640,360],"page_w_h":[640,360],"site_w_h_small":[310,174],"size":[1280,720],"age_restricted":false,"age_restricted_by_admin":false,"not_safe_for_work":false,"allow_reuse":false,"dont_crop":false,"banned":false,"global_safe":false,"audio_file_url":null,"external_download":{"type":"Youtube","service_name":"YouTube","url":"http://www.youtube.com/watch?v=tjik_jB0tW0","has_embed":true},"application":null,"channel":{"id":3867019,"permalink":"baistrua","title":"baistrua","description":null,"followers_count":46,"following_count":0,"avatar_versions":{"template":"https://coub-anubis-a.akamaized.net/coub_storage/channel/cw_avatar/e8e3205cde4/7c5ae82e9e8914b3dd94c/%{version}_1609308064_tjd31c_1509108939_demon-krasnyy-chernyy-fon.jpg","versions":["medium","medium_2x","profile_pic","profile_pic_new","profile_pic_new_2x","tiny","tiny_2x","small","small_2x","ios_large","ios_small"]}},"file":null,"picture":"https://coub-anubis-a.akamaized.net/coub_storage/coub/simple/cw_image/2ea5d672138/f8b25b7bd9e69697968f1/1527361773_00026.jpg","timeline_picture":"https://coub-anubis-a.akamaized.net/coub_storage/coub/simple/cw_timeline_pic/ff4f59d788a/5b69365cd29cf5abb9115/ios_large_1527361773_image.jpg","small_picture":"https://coub-anubis-a.akamaized.net/coub_storage/coub/simple/cw_image/2ea5d672138/f8b25b7bd9e69697968f1/1527361773_00026.jpg","sharing_picture":null,"percent_done":100,"tags":[],"categories":[{"id":75,"title":"Auto & Technique","permalink":"cars","subscriptions_count":10083456,"big_image_url":"https://coub-anubis-a.akamaized.net/coub_storage/category/cw_image/dcda24f72f3/076e0f1bc1028aa643b02/big_1545566648_Auto.png","small_image_url":"https://coub-anubis-a.akamaized.net/coub_storage/category/cw_image/dcda24f72f3/076e0f1bc1028aa643b02/small_1545566648_Auto.png","med_image_url":"https://coub-anubis-a.akamaized.net/coub_storage/category/cw_image/dcda24f72f3/076e0f1bc1028aa643b02/med_1545566648_Auto.png","visible":true}],"communities":[{"id":75,"title":"Auto & Technique","permalink":"cars","subscriptions_count":10083456,"big_image_url":"https://coub-anubis-a.akamaized.net/coub_storage/category/cw_image/dcda24f72f3/076e0f1bc1028aa643b02/big_1545566648_Auto.png","small_image_url":"https://coub-anubis-a.akamaized.net/coub_storage/category/cw_image/dcda24f72f3/076e0f1bc1028aa643b02/small_1545566648_Auto.png","med_image_url":"https://coub-anubis-a.akamaized.net/coub_storage/category/cw_image/dcda24f72f3/076e0f1bc1028aa643b02/med_1545566648_Auto.png","i_subscribed":true,"community_notifications_enabled":null,"description":null}],"recoubs_count":595,"remixes_count":1,"likes_count":2683,"dislikes_count":0,"raw_video_id":11681189,"uploaded_by_ios_app":false,"uploaded_by_android_app":false,"media_blocks":{"uploaded_raw_videos":[],"external_raw_videos":[{"id":26332769,"title":"Дебилы 80 уровня! Подборка 2018!","url":"http://www.youtube.com/watch?v=tjik_jB0tW0","image":"https://coub-anubis-a.akamaized.net/coub_storage/media_block/cw_image/33d6e7e931d/a16bcabb2b0cc36de9deb/1526118992_1526118876_1d0xuh0_att-url-download.jpg","image_retina":"https://coub-anubis-a.akamaized.net/coub_storage/media_block/cw_image/33d6e7e931d/a16bcabb2b0cc36de9deb/1526118992_1526118876_1d0xuh0_att-url-download.jpg","meta":{"service":"Youtube","duration":"775.04"},"duration":775.04,"raw_video_id":11681189,"has_embed":true}],"remixed_from_coubs":[],"external_video":{"id":26332769,"title":"Дебилы 80 уровня! Подборка 2018!","url":"http://www.youtube.com/watch?v=tjik_jB0tW0","image":"https://coub-anubis-a.akamaized.net/coub_storage/media_block/cw_image/33d6e7e931d/a16bcabb2b0cc36de9deb/1526118992_1526118876_1d0xuh0_att-url-download.jpg","image_retina":"https://coub-anubis-a.akamaized.net/coub_storage/media_block/cw_image/33d6e7e931d/a16bcabb2b0cc36de9deb/1526118992_1526118876_1d0xuh0_att-url-download.jpg","meta":{"service":"Youtube","duration":"775.04"},"duration":775.04,"raw_video_id":11681189,"has_embed":true}},"raw_video_thumbnail_url":"/missing/missing.png","raw_video_title":"Дебилы 80 уровня! Подборка 2018!","video_block_banned":false,"duration":8.12,"promo_winner":false,"promo_winner_recoubers":null,"editorial_info":{},"promo_hint":null,"beeline_best_2014":null,"from_web_editor":true,"normalize_sound":true,"normalize_change_allowed":true,"best2015_addable":false,"ahmad_promo":null,"promo_data":null,"audio_copyright_claim":null,"ads_disabled":false,"is_safe_for_ads":true,"megafon_contents":[],"position_on_page":1},{"flag":null,"abuses":null,"recoubs_by_users_channels":null,"favourite":false,"promoted_id":null,"recoub":null,"like":null,"dislike":null,"reaction":null,"in_my_best2015":false,"id":96058318,"type":"Coub::Simple","permalink":"1ks8b1","title":"Славяне, чё","visibility_type":"public","original_visibility_type":"public","channel_id":2695919,"created_at":"2018-12-28T20:48:17Z","updated_at":"2022-03-18T03:52:38Z","is_done":true,"views_count":184466,"cotd":null,"cotd_at":null,"visible_on_explore_root":false,"visible_on_explore":false,"featured":false,"published":true,"published_at":"2018-12-28T20:48:17Z","reversed":false,"from_editor_v2":true,"is_editable":true,"original_sound":true,"has_sound":true,"recoub_to":null,"file_versions":{"html5":{"video":{"higher":{"url":"https://coub-anubis-a.akamaized.net/coub_storage/coub/simple/cw_file/16d7ae44739/880474733bd5bcd747821/muted_mp4_huge_size_1570261229_muted_huge.mp4","size":2056120},"high":{"url":"https://coub-anubis-a.akamaized.net/coub_storage/coub/simple/cw_file/16d7ae44739/880474733bd5bcd747821/muted_mp4_big_size_1570261229_muted_big.mp4","size":1464972},"med":{"url":"https://coub-anubis-a.akamaized.net/coub_storage/coub/simple/cw_file/16d7ae44739/880474733bd5bcd747821/muted_mp4_med_size_1570261229_muted_med.mp4","size":473292}},"audio":{"high":{"url":"https://coub-anubis-a.akamaized.net/coub_storage/coub/simple/cw_looped_audio_high/31ce7bd6d12/b965710d0e25c73b394e0/1605663736_high_1546030113_high.mp3","size":1055266},"med":{"url":"https://coub-anubis-a.akamaized.net/coub_storage/coub/simple/cw_looped_audio_med/eb903901318/d38d4e3d1ac50cd8e87ef/1605663736_med_1546030113_med.mp3","size":799076},"sample_duration":10.009}},"mobile":{"video":"https://coub-anubis-a.akamaized.net/coub_storage/coub/simple/cw_file/16d7ae44739/880474733bd5bcd747821/muted_mp4_med_size_1570261229_muted_med.mp4","audio":["https://coub-anubis-a.akamaized.net/coub_storage/coub/simple/cw_looped_audio_med/eb903901318/d38d4e3d1ac50cd8e87ef/1605663736_med_1546030113_med.mp3"]},"share":{"default":"https://coub-anubis-a.akamaized.net/coub_storage/coub/simple/cw_video_for_sharing/41cb6635088/21d2acc566b95fbf55fcd/1609369085_looped_1609369083.mp4"}},"audio_versions":{},"image_versions":{"template":"https://coub-anubis-a.akamaized.net/coub_storage/coub/simple/cw_image/7b05dc12863/88a9f2af86017f1edd846/1546030123_00032.jpg","versions":["micro","tiny","age_restricted","ios_large","ios_mosaic","big","med","small","pinterest"]},"first_frame_versions":{"template":"https://coub-anubis-a.akamaized.net/coub_storage/coub/simple/cw_timeline_pic/820c5218809/9acf3931c36ef19bf0614/%{version}_1546030122_image.jpg","versions":["big","med","small","ios_large"]},"dimensions":{"big":[1280,720],"med":[640,360]},"site_w_h":[640,360],"page_w_h":[640,360],"site_w_h_small":[310,174],"size":[1280,720],"age_restricted":false,"age_restricted_by_admin":false,"not_safe_for_work":false,"allow_reuse":false,"dont_crop":false,"banned":false,"global_safe":false,"audio_file_url":null,"external_download":false,"application":null,"channel":{"id":2695919,"permalink":"evgenich8","title":"Evgenich","description":null,"followers_count":51,"following_count":6,"avatar_versions":{"template":"https://coub-anubis-a.akamaized.net/coub_storage/channel/cw_avatar/44a2614ab01/deb3415a215372a988823/%{version}_1608996347_uu6d2l_1474715230_13hg3o0_162364328.jpg","versions":["medium","medium_2x","profile_pic","profile_pic_new","profile_pic_new_2x","tiny","tiny_2x","small","small_2x","ios_large","ios_small"]}},"file":null,"picture":"https://coub-anubis-a.akamaized.net/coub_storage/coub/simple/cw_image/7b05dc12863/88a9f2af86017f1edd846/1546030123_00032.jpg","timeline_picture":"https://coub-anubis-a.akamaized.net/coub_storage/coub/simple/cw_timeline_pic/820c5218809/9acf3931c36ef19bf0614/ios_large_1546030122_image.jpg","small_picture":"https://coub-anubis-a.akamaized.net/coub_storage/coub/simple/cw_image/7b05dc12863/88a9f2af86017f1edd846/1546030123_00032.jpg","sharing_picture":null,"percent_done":100,"tags":[{"id":4564406,"title":"осторожно польский мат","value":"%D0%BE%D1%81%D1%82%D0%BE%D1%80%D0%BE%D0%B6%D0%BD%D0%BE%20%D0%BF%D0%BE%D0%BB%D1%8C%D1%81%D0%BA%D0%B8%D0%B9%20%D0%BC%D0%B0%D1%82"}],"categories":[{"id":75,"title":"Auto & Technique","permalink":"cars","subscriptions_count":10083456,"big_image_url":"https://coub-anubis-a.akamaized.net/coub_storage/category/cw_image/dcda24f72f3/076e0f1bc1028aa643b02/big_1545566648_Auto.png","small_image_url":"https://coub-anubis-a.akamaized.net/coub_storage/category/cw_image/dcda24f72f3/076e0f1bc1028aa643b02/small_1545566648_Auto.png","med_image_url":"https://coub-anubis-a.akamaized.net/coub_storage/category/cw_image/dcda24f72f3/076e0f1bc1028aa643b02/med_1545566648_Auto.png","visible":true}],"communities":[{"id":75,"title":"Auto & Technique","permalink":"cars","subscriptions_count":10083456,"big_image_url":"https://coub-anubis-a.akamaized.net/coub_storage/category/cw_image/dcda24f72f3/076e0f1bc1028aa643b02/big_1545566648_Auto.png","small_image_url":"https://coub-anubis-a.akamaized.net/coub_storage/category/cw_image/dcda24f72f3/076e0f1bc1028aa643b02/small_1545566648_Auto.png","med_image_url":"https://coub-anubis-a.akamaized.net/coub_storage/category/cw_image/dcda24f72f3/076e0f1bc1028aa643b02/med_1545566648_Auto.png","i_subscribed":true,"community_notifications_enabled":null,"description":null}],"recoubs_count":589,"remixes_count":0,"likes_count":2682,"dislikes_count":0,"raw_video_id":12942893,"uploaded_by_ios_app":false,"uploaded_by_android_app":false,"media_blocks":{"uploaded_raw_videos":[],"external_raw_videos":[],"remixed_from_coubs":[]},"raw_video_thumbnail_url":"/missing/missing.png","raw_video_title":"Kurwa_.mp4","video_block_banned":false,"duration":10.0,"promo_winner":false,"promo_winner_recoubers":null,"editorial_info":{},"promo_hint":null,"beeline_best_2014":null,"from_web_editor":true,"normalize_sound":true,"normalize_change_allowed":true,"best2015_addable":false,"ahmad_promo":null,"promo_data":null,"audio_copyright_claim":null,"ads_disabled":false,"is_safe_for_ads":true,"megafon_contents":[],"position_on_page":2},{"flag":null,"abuses":null,"recoubs_by_users_channels":null,"favourite":false,"promoted_id":null,"recoub":null,"like":null,"dislike":null,"reaction":null,"in_my_best2015":false,"id":140133029,"type":"Coub::Simple","permalink":"2b320g","title":"PRAVOSLAVNIE VPERED","visibility_type":"public","original_visibility_type":"public","channel_id":4539270,"created_at":"2020-03-22T18:47:37Z","updated_at":"2022-03-18T07:22:27Z","is_done":true,"views_count":187113,"cotd":null,"cotd_at":null,"visible_on_explore_root":false,"visible_on_explore":false,"featured":false,"published":true,"published_at":"2020-03-22T18:47:37Z","reversed":false,"from_editor_v2":true,"is_editable":true,"original_sound":true,"has_sound":true,"recoub_to":null,"file_versions":{"html5":{"video":{"higher":{"url":"https://coub-anubis-a.akamaized.net/coub_storage/coub/simple/cw_file/1b6a73d8587/792d156cf9faa28f6e420/muted_mp4_huge_size_1584902870_muted_huge.mp4","size":5839085},"high":{"url":"https://coub-anubis-a.akamaized.net/coub_storage/coub/simple/cw_file/1b6a73d8587/792d156cf9faa28f6e420/muted_mp4_big_size_1584902870_muted_big.mp4","size":4548343},"med":{"url":"https://coub-anubis-a.akamaized.net/coub_storage/coub/simple/cw_file/1b6a73d8587/792d156cf9faa28f6e420/muted_mp4_med_size_1584902870_muted_med.mp4","size":1237925}},"audio":{"high":{"url":"https://coub-anubis-a.akamaized.net/coub_storage/coub/simple/cw_looped_audio_high/b54f9f62c16/73dfa49731f796afac7a4/1605703529_high_1584902870_high.mp3","size":1147644},"med":{"url":"https://coub-anubis-a.akamaized.net/coub_storage/coub/simple/cw_looped_audio_med/9ef0be96f98/d087023bd8ca52490301c/1605703529_med_1584902870_med.mp3","size":935331},"sample_duration":8.382}},"mobile":{"video":"https://coub-anubis-a.akamaized.net/coub_storage/coub/simple/cw_file/1b6a73d8587/792d156cf9faa28f6e420/muted_mp4_med_size_1584902870_muted_med.mp4","audio":["https://coub-anubis-a.akamaized.net/coub_storage/coub/simple/cw_looped_audio_med/9ef0be96f98/d087023bd8ca52490301c/1605703529_med_1584902870_med.mp3"]},"share":{"default":"https://coub-anubis-a.akamaized.net/coub_storage/coub/simple/cw_video_for_sharing/e3feae4ca3d/0779ca8eac6d576d28099/1610828296_looped_1610828293.mp4"}},"audio_versions":{},"image_versions":{"template":"https://coub-anubis-a.akamaized.net/coub_storage/coub/simple/cw_image/0d04de8af5d/98e16c23b38c20b45a697/1584902880_00027.jpg","versions":["micro","tiny","age_restricted","ios_large","ios_mosaic","big","med","small","pinterest"]},"first_frame_versions":{"template":"https://coub-anubis-a.akamaized.net/coub_storage/coub/simple/cw_timeline_pic/413e9b42802/cd99925cf62c6dda69936/%{version}_1584902878_image.jpg","versions":["big","med","small","ios_large"]},"dimensions":{"big":[1280,720],"med":[640,360]},"site_w_h":[640,360],"page_w_h":[640,360],"site_w_h_small":[310,174],"size":[1280,720],"age_restricted":false,"age_restricted_by_admin":false,"not_safe_for_work":false,"allow_reuse":false,"dont_crop":false,"banned":false,"global_safe":true,"audio_file_url":null,"external_download":false,"application":null,"channel":{"id":4539270,"permalink":"destr.antaras-ehot","title":"EHOT","description":"опа опа опа-па\r\ndestr.antaras","followers_count":25,"following_count":14,"avatar_versions":{"template":"https://coub-anubis-a.akamaized.net/coub_storage/channel/cw_avatar/b45ac2d53c2/8b7501fac3cce021d6cef/%{version}_1607843990_arkbm1_1529479616_maxresdefault__1_.jpg","versions":["medium","medium_2x","profile_pic","profile_pic_new","profile_pic_new_2x","tiny","tiny_2x","small","small_2x","ios_large","ios_small"]}},"file":null,"picture":"https://coub-anubis-a.akamaized.net/coub_storage/coub/simple/cw_image/0d04de8af5d/98e16c23b38c20b45a697/1584902880_00027.jpg","timeline_picture":"https://coub-anubis-a.akamaized.net/coub_storage/coub/simple/cw_timeline_pic/413e9b42802/cd99925cf62c6dda69936/ios_large_1584902878_image.jpg","small_picture":"https://coub-anubis-a.akamaized.net/coub_storage/coub/simple/cw_image/0d04de8af5d/98e16c23b38c20b45a697/1584902880_00027.jpg","sharing_picture":null,"percent_done":100,"tags":[{"id":5547280,"title":"отростили бороду","value":"%D0%BE%D1%82%D1%80%D0%BE%D1%81%D1%82%D0%B8%D0%BB%D0%B8%20%D0%B1%D0%BE%D1%80%D0%BE%D0%B4%D1%83"},{"id":5547281,"title":"поклоняемся христу","value":"%D0%BF%D0%BE%D0%BA%D0%BB%D0%BE%D0%BD%D1%8F%D0%B5%D0%BC%D1%81%D1%8F%20%D1%85%D1%80%D0%B8%D1%81%D1%82%D1%83"},{"id":352040,"title":"патриарх кирилл","value":"%D0%BF%D0%B0%D1%82%D1%80%D0%B8%D0%B0%D1%80%D1%85%20%D0%BA%D0%B8%D1%80%D0%B8%D0%BB%D0%BB"},{"id":263924,"title":"ведёт","value":"%D0%B2%D0%B5%D0%B4%D1%91%D1%82"},{"id":5547282,"title":"православие сила","value":"%D0%BF%D1%80%D0%B0%D0%B2%D0%BE%D1%81%D0%BB%D0%B0%D0%B2%D0%B8%D0%B5%20%D1%81%D0%B8%D0%BB%D0%B0"},{"id":5547283,"title":"освятили улицу с грузовика","value":"%D0%BE%D1%81%D0%B2%D1%8F%D1%82%D0%B8%D0%BB%D0%B8%20%D1%83%D0%BB%D0%B8%D1%86%D1%83%20%D1%81%20%D0%B3%D1%80%D1%83%D0%B7%D0%BE%D0%B2%D0%B8%D0%BA%D0%B0"}],"categories":[{"id":75,"title":"Auto & Technique","permalink":"cars","subscriptions_count":10083456,"big_image_url":"https://coub-anubis-a.akamaized.net/coub_storage/category/cw_image/dcda24f72f3/076e0f1bc1028aa643b02/big_1545566648_Auto.png","small_image_url":"https://coub-anubis-a.akamaized.net/coub_storage/category/cw_image/dcda24f72f3/076e0f1bc1028aa643b02/small_1545566648_Auto.png","med_image_url":"https://coub-anubis-a.akamaized.net/coub_storage/category/cw_image/dcda24f72f3/076e0f1bc1028aa643b02/med_1545566648_Auto.png","visible":true}],"communities":[{"id":75,"title":"Auto & Technique","permalink":"cars","subscriptions_count":10083456,"big_image_url":"https://coub-anubis-a.akamaized.net/coub_storage/category/cw_image/dcda24f72f3/076e0f1bc1028aa643b02/big_1545566648_Auto.png","small_image_url":"https://coub-anubis-a.akamaized.net/coub_storage/category/cw_image/dcda24f72f3/076e0f1bc1028aa643b02/small_1545566648_Auto.png","med_image_url":"https://coub-anubis-a.akamaized.net/coub_storage/category/cw_image/dcda24f72f3/076e0f1bc1028aa643b02/med_1545566648_Auto.png","i_subscribed":true,"community_notifications_enabled":null,"description":null}],"recoubs_count":528,"remixes_count":6,"likes_count":2680,"dislikes_count":0,"raw_video_id":14967581,"uploaded_by_ios_app":false,"uploaded_by_android_app":false,"media_blocks":{"uploaded_raw_videos":[],"external_raw_videos":[],"remixed_from_coubs":[]},"raw_video_thumbnail_url":"/missing/missing.png","raw_video_title":"PRAVOSLAVNIE_VPERED.mp4","video_block_banned":false,"duration":8.44,"promo_winner":false,"promo_winner_recoubers":null,"editorial_info":{},"promo_hint":null,"beeline_best_2014":null,"from_web_editor":true,"normalize_sound":true,"normalize_change_allowed":true,"best2015_addable":false,"ahmad_promo":null,"promo_data":null,"audio_copyright_claim":null,"ads_disabled":false,"is_safe_for_ads":true,"megafon_contents":[],"position_on_page":3},{"flag":null,"abuses":null,"recoubs_by_users_channels":null,"favourite":false,"promoted_id":null,"recoub":null,"like":null,"dislike":null,"reaction":null,"in_my_best2015":false,"id":129119245,"type":"Coub::Simple","permalink":"24hx27","title":"Drifting","visibility_type":"public","original_visibility_type":"public","channel_id":5566392,"created_at":"2019-11-15T05:36:30Z","updated_at":"2022-03-09T19:05:55Z","is_done":true,"views_count":59214,"cotd":null,"cotd_at":null,"visible_on_explore_root":false,"visible_on_explore":false,"featured":false,"published":true,"published_at":"2019-11-15T05:36:30Z","reversed":false,"from_editor_v2":true,"is_editable":true,"original_sound":false,"has_sound":false,"recoub_to":null,"file_versions":{"html5":{"video":{"higher":{"url":"https://coub-anubis-a.akamaized.net/coub_storage/coub/simple/cw_file/d481261d80a/d264c67286d2373df976a/muted_mp4_huge_size_1573796195_muted_huge.mp4","size":5146905},"high":{"url":"https://coub-anubis-a.akamaized.net/coub_storage/coub/simple/cw_file/d481261d80a/d264c67286d2373df976a/muted_mp4_big_size_1573796195_muted_big.mp4","size":3382329},"med":{"url":"https://coub-anubis-a.akamaized.net/coub_storage/coub/simple/cw_file/d481261d80a/d264c67286d2373df976a/muted_mp4_med_size_1573796195_muted_med.mp4","size":1314498}},"audio":{"high":{"url":"https://coub-anubis-a.akamaized.net/coub_storage/coub/simple/cw_looped_audio_high/1028f115dd9/975ff6cf76fc96ad92509/1605697167_high_1573796248_high.mp3","size":4506425},"med":{"url":"https://coub-anubis-a.akamaized.net/coub_storage/coub/simple/cw_looped_audio_med/ee947be215a/6de6e79a5044e94fe8919/1605697167_med_1573796248_med.mp3","size":3659361}}},"mobile":{"video":"https://coub-anubis-a.akamaized.net/coub_storage/coub/simple/cw_file/d481261d80a/d264c67286d2373df976a/muted_mp4_med_size_1573796195_muted_med.mp4","audio":["https://coub-anubis-a.akamaized.net/coub_storage/coub/simple/cw_looped_audio_med/ee947be215a/6de6e79a5044e94fe8919/1605697167_med_1573796248_med.mp3"]},"share":{"default":"https://coub-anubis-a.akamaized.net/coub_storage/coub/simple/cw_video_for_sharing/a1aea4924c7/cefaa03207951a520d317/1609392045_looped_1609392044.mp4"}},"audio_versions":{"template":"https://coub-anubis-a.akamaized.net/coub_storage/audio_track/cw_normalized_copy/b0b7b94bc95/568a6c1dc4a0428fec0cf/mid_1573796232_normalized_1573796202_1eoghid_edited.mp3","versions":["mid","low"]},"image_versions":{"template":"https://coub-anubis-a.akamaized.net/coub_storage/coub/simple/cw_image/58d57fc6158/0a863249ef8200c022c30/1573796266_00032.jpg","versions":["micro","tiny","age_restricted","ios_large","ios_mosaic","big","med","small","pinterest"]},"first_frame_versions":{"template":"https://coub-anubis-a.akamaized.net/coub_storage/coub/simple/cw_timeline_pic/5f9eb4a27e4/cc82a5491a23b77a972b8/%{version}_1573796266_image.jpg","versions":["big","med","small","ios_large"]},"dimensions":{"big":[1280,960],"med":[640,480]},"site_w_h":[640,480],"page_w_h":[640,480],"site_w_h_small":[310,233],"size":[1280,960],"age_restricted":false,"age_restricted_by_admin":false,"not_safe_for_work":false,"allow_reuse":false,"dont_crop":false,"banned":false,"global_safe":true,"audio_file_url":"https://coub-anubis-a.akamaized.net/coub_storage/audio_track/cw_normalized_copy/b0b7b94bc95/568a6c1dc4a0428fec0cf/low_1573796232_normalized_1573796202_1eoghid_edited.mp3","external_download":false,"application":null,"channel":{"id":5566392,"permalink":"oak-1971","title":"Oak_1971","description":null,"followers_count":35,"following_count":16,"avatar_versions":{"template":"https://coub-anubis-a.akamaized.net/coub_storage/channel/cw_avatar/efb98c9e4a4/1b3e83355426e2b485c6f/%{version}_1607938814_12fatmt_1557491228_60233628_672248576566917_3493170792454160384_n.jpg","versions":["medium","medium_2x","profile_pic","profile_pic_new","profile_pic_new_2x","tiny","tiny_2x","small","small_2x","ios_large","ios_small"]}},"file":null,"picture":"https://coub-anubis-a.akamaized.net/coub_storage/coub/simple/cw_image/58d57fc6158/0a863249ef8200c022c30/1573796266_00032.jpg","timeline_picture":"https://coub-anubis-a.akamaized.net/coub_storage/coub/simple/cw_timeline_pic/5f9eb4a27e4/cc82a5491a23b77a972b8/ios_large_1573796266_image.jpg","small_picture":"https://coub-anubis-a.akamaized.net/coub_storage/coub/simple/cw_image/58d57fc6158/0a863249ef8200c022c30/1573796266_00032.jpg","sharing_picture":null,"percent_done":100,"tags":[{"id":993,"title":"cars","value":"cars"},{"id":11572,"title":"drifting","value":"drifting"},{"id":86,"title":"music","value":"music"},{"id":195,"title":"russia","value":"russia"},{"id":1754,"title":"talent","value":"talent"}],"categories":[{"id":75,"title":"Auto & Technique","permalink":"cars","subscriptions_count":10083456,"big_image_url":"https://coub-anubis-a.akamaized.net/coub_storage/category/cw_image/dcda24f72f3/076e0f1bc1028aa643b02/big_1545566648_Auto.png","small_image_url":"https://coub-anubis-a.akamaized.net/coub_storage/category/cw_image/dcda24f72f3/076e0f1bc1028aa643b02/small_1545566648_Auto.png","med_image_url":"https://coub-anubis-a.akamaized.net/coub_storage/category/cw_image/dcda24f72f3/076e0f1bc1028aa643b02/med_1545566648_Auto.png","visible":true}],"communities":[{"id":75,"title":"Auto & Technique","permalink":"cars","subscriptions_count":10083456,"big_image_url":"https://coub-anubis-a.akamaized.net/coub_storage/category/cw_image/dcda24f72f3/076e0f1bc1028aa643b02/big_1545566648_Auto.png","small_image_url":"https://coub-anubis-a.akamaized.net/coub_storage/category/cw_image/dcda24f72f3/076e0f1bc1028aa643b02/small_1545566648_Auto.png","med_image_url":"https://coub-anubis-a.akamaized.net/coub_storage/category/cw_image/dcda24f72f3/076e0f1bc1028aa643b02/med_1545566648_Auto.png","i_subscribed":true,"community_notifications_enabled":null,"description":null}],"recoubs_count":340,"remixes_count":0,"likes_count":2679,"dislikes_count":0,"raw_video_id":"","uploaded_by_ios_app":false,"uploaded_by_android_app":false,"media_blocks":{"uploaded_raw_videos":[],"external_raw_videos":[],"remixed_from_coubs":[{"id":33751117,"title":"Old Drift video on irohazaka ","url":"https://coub.com/coubs/23uzan/remix","image":"https://coub-anubis-a.akamaized.net/coub_storage/media_block/cw_image/f4d1d6ce8ca/a07dd85f7c74ca33976e5/1572719560_1l41hhq_1572719541_00032.jpg","image_retina":"https://coub-anubis-a.akamaized.net/coub_storage/media_block/cw_image/f4d1d6ce8ca/a07dd85f7c74ca33976e5/1572719560_1l41hhq_1572719541_00032.jpg","meta":{"duration":"10.0"},"duration":null,"coub_channel_title":"Art","coub_channel_permalink":"enot4197","coub_views_count":126268,"coub_permalink":"23uzan"}]},"raw_video_thumbnail_url":"","raw_video_title":"","video_block_banned":false,"duration":10.0,"promo_winner":false,"promo_winner_recoubers":null,"editorial_info":{},"promo_hint":null,"beeline_best_2014":null,"from_web_editor":true,"normalize_sound":true,"normalize_change_allowed":true,"best2015_addable":false,"ahmad_promo":null,"promo_data":null,"audio_copyright_claim":null,"ads_disabled":false,"is_safe_for_ads":true,"megafon_contents":[],"position_on_page":4},{"flag":null,"abuses":null,"recoubs_by_users_channels":null,"favourite":false,"promoted_id":null,"recoub":null,"like":null,"dislike":null,"reaction":null,"in_my_best2015":false,"id":120701344,"type":"Coub::Simple","permalink":"1zgf4r","title":"АВТОМОБИЛЬНЫЙ КОММЕНТАТОР. Украинские дороги.","visibility_type":"public","original_visibility_type":"public","channel_id":5623637,"created_at":"2019-08-12T18:29:30Z","updated_at":"2022-03-17T18:17:35Z","is_done":true,"views_count":169808,"cotd":null,"cotd_at":null,"visible_on_explore_root":false,"visible_on_explore":false,"featured":false,"published":true,"published_at":"2019-08-12T18:29:29Z","reversed":false,"from_editor_v2":true,"is_editable":true,"original_sound":true,"has_sound":true,"recoub_to":null,"file_versions":{"html5":{"video":{"higher":{"url":"https://coub-anubis-a.akamaized.net/coub_storage/coub/simple/cw_file/c3493636345/b54b1690c7a634fa17731/muted_mp4_huge_size_1568980551_muted_huge.mp4","size":4332751},"high":{"url":"https://coub-anubis-a.akamaized.net/coub_storage/coub/simple/cw_file/c3493636345/b54b1690c7a634fa17731/muted_mp4_big_size_1568980551_muted_big.mp4","size":2983806},"med":{"url":"https://coub-anubis-a.akamaized.net/coub_storage/coub/simple/cw_file/c3493636345/b54b1690c7a634fa17731/muted_mp4_med_size_1568980551_muted_med.mp4","size":1016304}},"audio":{"high":{"url":"https://coub-anubis-a.akamaized.net/coub_storage/coub/simple/cw_looped_audio_high/e3e87cb2e87/0d0c22972842d9ed8ba12/1605685742_high_1565634578_high.mp3","size":1225365},"med":{"url":"https://coub-anubis-a.akamaized.net/coub_storage/coub/simple/cw_looped_audio_med/56ad01f707e/a51527c8876ec3e44af74/1605685742_med_1565634578_med.mp3","size":943358},"sample_duration":9.845}},"mobile":{"video":"https://coub-anubis-a.akamaized.net/coub_storage/coub/simple/cw_file/c3493636345/b54b1690c7a634fa17731/muted_mp4_med_size_1568980551_muted_med.mp4","audio":["https://coub-anubis-a.akamaized.net/coub_storage/coub/simple/cw_looped_audio_med/56ad01f707e/a51527c8876ec3e44af74/1605685742_med_1565634578_med.mp3"]},"share":{"default":"https://coub-anubis-a.akamaized.net/coub_storage/coub/simple/cw_video_for_sharing/906636bf493/b82442d7723a2e4a1e9c9/1608221248_looped_1608221246.mp4"}},"audio_versions":{},"image_versions":{"template":"https://coub-anubis-a.akamaized.net/coub_storage/coub/simple/cw_image/d38a4633c5a/7f2a1049a2988d5b06f8e/1565634584_00031.jpg","versions":["micro","tiny","age_restricted","ios_large","ios_mosaic","big","med","small","pinterest"]},"first_frame_versions":{"template":"https://coub-anubis-a.akamaized.net/coub_storage/coub/simple/cw_timeline_pic/fda44b9f49c/ab52779e7abf5a5e9275d/1565634584_image.jpg","versions":["big","med","small","ios_large"]},"dimensions":{"big":[1280,718],"med":[640,358]},"site_w_h":[640,359],"page_w_h":[640,359],"site_w_h_small":[310,174],"size":[1280,718],"age_restricted":false,"age_restricted_by_admin":false,"not_safe_for_work":false,"allow_reuse":false,"dont_crop":false,"banned":false,"global_safe":false,"audio_file_url":null,"external_download":{"type":"Youtube","service_name":"YouTube","url":"https://www.youtube.com/watch?time_continue=41&v=3skbOzMCsng","has_embed":true},"application":null,"channel":{"id":5623637,"permalink":"credo.quiet","title":"heaven.","description":null,"followers_count":13,"following_count":14,"avatar_versions":{"template":"https://coub-anubis-a.akamaized.net/coub_storage/channel/cw_avatar/87e2519e61f/d1099123e0bdb59367a25/%{version}_1607657120_wsmtro_1591196110_LP0L6UjxFQI.jpg","versions":["medium","medium_2x","profile_pic","profile_pic_new","profile_pic_new_2x","tiny","tiny_2x","small","small_2x","ios_large","ios_small"]}},"file":null,"picture":"https://coub-anubis-a.akamaized.net/coub_storage/coub/simple/cw_image/d38a4633c5a/7f2a1049a2988d5b06f8e/1565634584_00031.jpg","timeline_picture":"https://coub-anubis-a.akamaized.net/coub_storage/coub/simple/cw_timeline_pic/fda44b9f49c/ab52779e7abf5a5e9275d/1565634584_image.jpg","small_picture":"https://coub-anubis-a.akamaized.net/coub_storage/coub/simple/cw_image/d38a4633c5a/7f2a1049a2988d5b06f8e/1565634584_00031.jpg","sharing_picture":null,"percent_done":100,"tags":[{"id":9785,"title":"украина","value":"%D1%83%D0%BA%D1%80%D0%B0%D0%B8%D0%BD%D0%B0"},{"id":48065,"title":"дороги","value":"%D0%B4%D0%BE%D1%80%D0%BE%D0%B3%D0%B8"},{"id":10896,"title":"зеленский","value":"%D0%B7%D0%B5%D0%BB%D0%B5%D0%BD%D1%81%D0%BA%D0%B8%D0%B9"},{"id":6187,"title":"дтп","value":"%D0%B4%D1%82%D0%BF"},{"id":10821,"title":"автомобили","value":"%D0%B0%D0%B2%D1%82%D0%BE%D0%BC%D0%BE%D0%B1%D0%B8%D0%BB%D0%B8"},{"id":6613,"title":"машины","value":"%D0%BC%D0%B0%D1%88%D0%B8%D0%BD%D1%8B"},{"id":7232,"title":"гонки","value":"%D0%B3%D0%BE%D0%BD%D0%BA%D0%B8"},{"id":188822,"title":"дерби","value":"%D0%B4%D0%B5%D1%80%D0%B1%D0%B8"},{"id":948757,"title":"украинские дороги","value":"%D1%83%D0%BA%D1%80%D0%B0%D0%B8%D0%BD%D1%81%D0%BA%D0%B8%D0%B5%20%D0%B4%D0%BE%D1%80%D0%BE%D0%B3%D0%B8"}],"categories":[{"id":75,"title":"Auto & Technique","permalink":"cars","subscriptions_count":10083456,"big_image_url":"https://coub-anubis-a.akamaized.net/coub_storage/category/cw_image/dcda24f72f3/076e0f1bc1028aa643b02/big_1545566648_Auto.png","small_image_url":"https://coub-anubis-a.akamaized.net/coub_storage/category/cw_image/dcda24f72f3/076e0f1bc1028aa643b02/small_1545566648_Auto.png","med_image_url":"https://coub-anubis-a.akamaized.net/coub_storage/category/cw_image/dcda24f72f3/076e0f1bc1028aa643b02/med_1545566648_Auto.png","visible":true}],"communities":[{"id":75,"title":"Auto & Technique","permalink":"cars","subscriptions_count":10083456,"big_image_url":"https://coub-anubis-a.akamaized.net/coub_storage/category/cw_image/dcda24f72f3/076e0f1bc1028aa643b02/big_1545566648_Auto.png","small_image_url":"https://coub-anubis-a.akamaized.net/coub_storage/category/cw_image/dcda24f72f3/076e0f1bc1028aa643b02/small_1545566648_Auto.png","med_image_url":"https://coub-anubis-a.akamaized.net/coub_storage/category/cw_image/dcda24f72f3/076e0f1bc1028aa643b02/med_1545566648_Auto.png","i_subscribed":true,"community_notifications_enabled":null,"description":null}],"recoubs_count":548,"remixes_count":0,"likes_count":2679,"dislikes_count":0,"raw_video_id":14094357,"uploaded_by_ios_app":false,"uploaded_by_android_app":false,"media_blocks":{"uploaded_raw_videos":[],"external_raw_videos":[{"id":32874583,"title":"АВТОМОБИЛЬНЫЙ КОММЕНТАТОР. Украинские дороги.","url":"https://www.youtube.com/watch?v=3skbOzMCsng","image":"https://coub-anubis-a.akamaized.net/coub_storage/media_block/cw_image/6473c23e460/f2ede29adb11c36f5a004/1565634097_1k4nof8_1565634073_1ql504h_att-url-download.jpg","image_retina":"https://coub-anubis-a.akamaized.net/coub_storage/media_block/cw_image/6473c23e460/f2ede29adb11c36f5a004/1565634097_1k4nof8_1565634073_1ql504h_att-url-download.jpg","meta":{"service":"Youtube","duration":"61.6"},"duration":61.6,"raw_video_id":14094357,"has_embed":true}],"remixed_from_coubs":[],"external_video":{"id":32874583,"title":"АВТОМОБИЛЬНЫЙ КОММЕНТАТОР. Украинские дороги.","url":"https://www.youtube.com/watch?v=3skbOzMCsng","image":"https://coub-anubis-a.akamaized.net/coub_storage/media_block/cw_image/6473c23e460/f2ede29adb11c36f5a004/1565634097_1k4nof8_1565634073_1ql504h_att-url-download.jpg","image_retina":"https://coub-anubis-a.akamaized.net/coub_storage/media_block/cw_image/6473c23e460/f2ede29adb11c36f5a004/1565634097_1k4nof8_1565634073_1ql504h_att-url-download.jpg","meta":{"service":"Youtube","duration":"61.6"},"duration":61.6,"raw_video_id":14094357,"has_embed":true}},"raw_video_thumbnail_url":"/missing/missing.png","raw_video_title":"АВТОМОБИЛЬНЫЙ КОММЕНТАТОР. Украинские дороги.","video_block_banned":false,"duration":9.84,"promo_winner":false,"promo_winner_recoubers":null,"editorial_info":{},"promo_hint":null,"beeline_best_2014":null,"from_web_editor":true,"normalize_sound":false,"normalize_change_allowed":true,"best2015_addable":false,"ahmad_promo":null,"promo_data":null,"audio_copyright_claim":null,"ads_disabled":false,"is_safe_for_ads":true,"megafon_contents":[],"position_on_page":5},{"flag":null,"abuses":null,"recoubs_by_users_channels":null,"favourite":false,"promoted_id":null,"recoub":null,"like":null,"dislike":null,"reaction":null,"in_my_best2015":false,"id":69286299,"type":"Coub::Simple","permalink":"14tc4y","title":"the crystal cadillac 1947s masterpiece","visibility_type":"public","original_visibility_type":"public","channel_id":3618210,"created_at":"2018-03-13T21:37:14Z","updated_at":"2022-03-17T20:30:51Z","is_done":true,"views_count":190735,"cotd":null,"cotd_at":null,"visible_on_explore_root":true,"visible_on_explore":true,"featured":true,"published":true,"published_at":"2018-03-13T21:37:13Z","reversed":false,"from_editor_v2":true,"is_editable":true,"original_sound":false,"has_sound":false,"recoub_to":null,"file_versions":{"html5":{"video":{"higher":{"url":"https://coub-anubis-a.akamaized.net/coub_storage/coub/simple/cw_file/a055262d676/2754ef0bf8a75b39e75ae/muted_mp4_huge_size_1568207012_muted_huge.mp4","size":7580931},"high":{"url":"https://coub-anubis-a.akamaized.net/coub_storage/coub/simple/cw_file/a055262d676/2754ef0bf8a75b39e75ae/muted_mp4_big_size_1568207012_muted_big.mp4","size":6204352},"med":{"url":"https://coub-anubis-a.akamaized.net/coub_storage/coub/simple/cw_file/a055262d676/2754ef0bf8a75b39e75ae/muted_mp4_med_size_1568207012_muted_med.mp4","size":1863553}},"audio":{"high":{"url":"https://coub-anubis-a.akamaized.net/coub_storage/coub/simple/cw_looped_audio_high/bc654a341ec/f3eace37c6fec1579ae51/1605639276_high_1520978481_high.mp3","size":2159608},"med":{"url":"https://coub-anubis-a.akamaized.net/coub_storage/coub/simple/cw_looped_audio_med/09ae7650bef/9d8a01873c9a378f44c57/1605639275_med_1520978481_med.mp3","size":2151785}}},"mobile":{"video":"https://coub-anubis-a.akamaized.net/coub_storage/coub/simple/cw_file/a055262d676/2754ef0bf8a75b39e75ae/muted_mp4_med_size_1568207012_muted_med.mp4","audio":["https://coub-anubis-a.akamaized.net/coub_storage/coub/simple/cw_looped_audio_med/09ae7650bef/9d8a01873c9a378f44c57/1605639275_med_1520978481_med.mp3"]},"share":{"default":"https://coub-anubis-a.akamaized.net/coub_storage/coub/simple/cw_video_for_sharing/8b459dcebd1/08ff086705b3b85f9d1ea/1610966558_looped_1610966557.mp4"}},"audio_versions":{"template":"https://coub-anubis-a.akamaized.net/coub_storage/audio_track/cw_normalized_copy/e1ed6dd5445/00ac179dcf9ca9a681128/mid_1520978461_1jv8le4_normalized_1520978436_osjjbk_edited.mp3","versions":["mid","low"]},"image_versions":{"template":"https://coub-anubis-a.akamaized.net/coub_storage/coub/simple/cw_image/e99331daa21/541313c939d6dfae2fb46/1520978532_00032.jpg","versions":["micro","tiny","age_restricted","ios_large","ios_mosaic","big","med","small","pinterest"]},"first_frame_versions":{"template":"https://coub-anubis-a.akamaized.net/coub_storage/coub/simple/cw_timeline_pic/6d9d3af6b73/3f70d7af5d61624a54da7/%{version}_1520978530_image.jpg","versions":["big","med","small","ios_large"]},"dimensions":{"big":[1280,720],"med":[640,360]},"site_w_h":[640,360],"page_w_h":[640,360],"site_w_h_small":[310,174],"size":[1280,720],"age_restricted":false,"age_restricted_by_admin":false,"not_safe_for_work":false,"allow_reuse":false,"dont_crop":false,"banned":false,"global_safe":true,"audio_file_url":"https://coub-anubis-a.akamaized.net/coub_storage/audio_track/cw_normalized_copy/e1ed6dd5445/00ac179dcf9ca9a681128/low_1520978461_1jv8le4_normalized_1520978436_osjjbk_edited.mp3","external_download":false,"application":null,"channel":{"id":3618210,"permalink":"fpcouber","title":"FPCouber","description":"The channel has coubs for absolutely different topics.If you like my coubs, like, repost please.","followers_count":2741,"following_count":49,"avatar_versions":{"template":"https://coub-anubis-a.akamaized.net/coub_storage/channel/cw_avatar/c8bc99f57f8/b30c4d5343364a5953c4b/%{version}_1607420956_1385b3b_1578660480_1COUBAV.png","versions":["medium","medium_2x","profile_pic","profile_pic_new","profile_pic_new_2x","tiny","tiny_2x","small","small_2x","ios_large","ios_small"]}},"file":null,"picture":"https://coub-anubis-a.akamaized.net/coub_storage/coub/simple/cw_image/e99331daa21/541313c939d6dfae2fb46/1520978532_00032.jpg","timeline_picture":"https://coub-anubis-a.akamaized.net/coub_storage/coub/simple/cw_timeline_pic/6d9d3af6b73/3f70d7af5d61624a54da7/ios_large_1520978530_image.jpg","small_picture":"https://coub-anubis-a.akamaized.net/coub_storage/coub/simple/cw_image/e99331daa21/541313c939d6dfae2fb46/1520978532_00032.jpg","sharing_picture":null,"percent_done":100,"tags":[{"id":17781,"title":"winner","value":"winner"},{"id":3788169,"title":"foose","value":"foose"},{"id":38375,"title":"low rider","value":"low%20rider"},{"id":3932,"title":"lowrider","value":"lowrider"},{"id":23890,"title":"chrome","value":"chrome"},{"id":3788168,"title":"frenched","value":"frenched"},{"id":109063,"title":"chopped","value":"chopped"},{"id":3788167,"title":"sectioned","value":"sectioned"},{"id":148328,"title":"shaved","value":"shaved"},{"id":217351,"title":"kustom","value":"kustom"},{"id":337,"title":"custom","value":"custom"},{"id":3788166,"title":"autorama detroit","value":"autorama%20detroit"},{"id":53675,"title":"airride","value":"airride"},{"id":55184,"title":"1947","value":"1947"},{"id":2165392,"title":"rootbeer float","value":"rootbeer%20float"},{"id":420500,"title":"caddy","value":"caddy"},{"id":53672,"title":"bagged","value":"bagged"},{"id":649330,"title":"air bags","value":"air%20bags"},{"id":1907,"title":"slammed","value":"slammed"},{"id":3788165,"title":"crystal cadillac","value":"crystal%20cadillac"}],"categories":[{"id":75,"title":"Auto & Technique","permalink":"cars","subscriptions_count":10083456,"big_image_url":"https://coub-anubis-a.akamaized.net/coub_storage/category/cw_image/dcda24f72f3/076e0f1bc1028aa643b02/big_1545566648_Auto.png","small_image_url":"https://coub-anubis-a.akamaized.net/coub_storage/category/cw_image/dcda24f72f3/076e0f1bc1028aa643b02/small_1545566648_Auto.png","med_image_url":"https://coub-anubis-a.akamaized.net/coub_storage/category/cw_image/dcda24f72f3/076e0f1bc1028aa643b02/med_1545566648_Auto.png","visible":true}],"communities":[{"id":75,"title":"Auto & Technique","permalink":"cars","subscriptions_count":10083456,"big_image_url":"https://coub-anubis-a.akamaized.net/coub_storage/category/cw_image/dcda24f72f3/076e0f1bc1028aa643b02/big_1545566648_Auto.png","small_image_url":"https://coub-anubis-a.akamaized.net/coub_storage/category/cw_image/dcda24f72f3/076e0f1bc1028aa643b02/small_1545566648_Auto.png","med_image_url":"https://coub-anubis-a.akamaized.net/coub_storage/category/cw_image/dcda24f72f3/076e0f1bc1028aa643b02/med_1545566648_Auto.png","i_subscribed":true,"community_notifications_enabled":null,"description":null}],"recoubs_count":635,"remixes_count":6,"likes_count":2679,"dislikes_count":0,"raw_video_id":11317165,"uploaded_by_ios_app":false,"uploaded_by_android_app":false,"media_blocks":{"uploaded_raw_videos":[],"external_raw_videos":[],"remixed_from_coubs":[]},"raw_video_thumbnail_url":"/missing/missing.png","raw_video_title":"the_crystal_cadillac.mp4","video_block_banned":false,"duration":10.0,"promo_winner":false,"promo_winner_recoubers":null,"editorial_info":{},"promo_hint":null,"beeline_best_2014":null,"from_web_editor":true,"normalize_sound":true,"normalize_change_allowed":true,"best2015_addable":false,"ahmad_promo":null,"promo_data":null,"audio_copyright_claim":null,"ads_disabled":false,"is_safe_for_ads":true,"megafon_contents":[],"position_on_page":6},{"flag":null,"abuses":null,"recoubs_by_users_channels":null,"favourite":false,"promoted_id":null,"recoub":null,"like":null,"dislike":null,"reaction":null,"in_my_best2015":false,"id":18777426,"type":"Coub::Simple","permalink":"aqbgs","title":"Underground Hero","visibility_type":"public","original_visibility_type":"public","channel_id":456842,"created_at":"2016-02-04T10:21:33Z","updated_at":"2022-03-18T06:16:58Z","is_done":true,"views_count":884039,"cotd":null,"cotd_at":null,"visible_on_explore_root":false,"visible_on_explore":false,"featured":false,"published":true,"published_at":"2016-02-04T10:21:33Z","reversed":false,"from_editor_v2":true,"is_editable":true,"original_sound":false,"has_sound":false,"recoub_to":null,"file_versions":{"html5":{"video":{"higher":{"url":"https://coub-anubis-a.akamaized.net/coub_storage/coub/simple/cw_file/17b43de2ee1/b01e40f83ab25de3d34d1/muted_mp4_huge_size_1567845823_muted_huge.mp4","size":2887670},"high":{"url":"https://coub-anubis-a.akamaized.net/coub_storage/coub/simple/cw_file/17b43de2ee1/b01e40f83ab25de3d34d1/muted_mp4_big_size_1567845823_muted_big.mp4","size":2124773},"med":{"url":"https://coub-anubis-a.akamaized.net/coub_storage/coub/simple/cw_file/17b43de2ee1/b01e40f83ab25de3d34d1/muted_mp4_med_size_1567845823_muted_med.mp4","size":652364}},"audio":{"high":{"url":"https://coub-anubis-a.akamaized.net/coub_storage/coub/simple/cw_looped_audio_high/43ef1f59be6/68cd9f2d11cff6500cfd9/1605472052_high_1470745567_high.mp3","size":3978454},"med":{"url":"https://coub-anubis-a.akamaized.net/coub_storage/coub/simple/cw_looped_audio_med/9ad15937784/94d4810def82b56f65662/1605472052_med_1470745567_med.mp3","size":3328161}}},"mobile":{"video":"https://coub-anubis-a.akamaized.net/coub_storage/coub/simple/cw_file/17b43de2ee1/b01e40f83ab25de3d34d1/muted_mp4_med_size_1567845823_muted_med.mp4","audio":["https://coub-anubis-a.akamaized.net/coub_storage/coub/simple/cw_looped_audio_med/9ad15937784/94d4810def82b56f65662/1605472052_med_1470745567_med.mp3"]},"share":{"default":"https://coub-anubis-a.akamaized.net/coub_storage/coub/simple/cw_video_for_sharing/1bea75cf277/3d98796ea46a1707f6ce7/1608162186_looped_1608162185.mp4"}},"audio_versions":{"template":"https://coub-anubis-a.akamaized.net/coub_storage/audio_track/cw_normalized_copy/3c1ac063118/5a991b400ff022c66b5c7/mid_1604616086_normalized_1471151380_audio.mp3","versions":["mid","low"]},"image_versions":{"template":"https://coub-anubis-a.akamaized.net/coub_storage/coub/simple/cw_image/0f480317456/ef41b63aa1fa763f67b3a/1470745479_00029.jpg","versions":["micro","tiny","age_restricted","ios_large","ios_mosaic","big","med","small","pinterest"]},"first_frame_versions":{"template":"https://coub-anubis-a.akamaized.net/coub_storage/coub/simple/cw_timeline_pic/d9e874e42bd/74e1dd041ee1411a31ac1/1470745498_image.jpg","versions":["big","med","small","ios_large"]},"dimensions":{"big":[1280,554],"med":[640,276]},"site_w_h":[640,277],"page_w_h":[640,277],"site_w_h_small":[310,134],"size":[1280,554],"age_restricted":false,"age_restricted_by_admin":false,"not_safe_for_work":false,"allow_reuse":false,"dont_crop":false,"banned":false,"global_safe":true,"audio_file_url":"https://coub-anubis-a.akamaized.net/coub_storage/audio_track/cw_normalized_copy/3c1ac063118/5a991b400ff022c66b5c7/low_1604616086_normalized_1471151380_audio.mp3","external_download":{"type":"Youtube","service_name":"YouTube","url":"http://www.youtube.com/watch?v=XRIsHRHNU5k","has_embed":true},"application":null,"channel":{"id":456842,"permalink":"follow30","title":"Follow","description":null,"followers_count":97,"following_count":10,"avatar_versions":{"template":"https://coub-anubis-a.akamaized.net/coub_storage/channel/cw_avatar/f4faafbdb99/48b6c7fef6524efb8676f/%{version}_1497348859_qKgV_dFfMWg.jpg","versions":["medium","medium_2x","profile_pic","profile_pic_new","profile_pic_new_2x","tiny","tiny_2x","small","small_2x","ios_large","ios_small"]}},"file":null,"picture":"https://coub-anubis-a.akamaized.net/coub_storage/coub/simple/cw_image/0f480317456/ef41b63aa1fa763f67b3a/1470745479_00029.jpg","timeline_picture":"https://coub-anubis-a.akamaized.net/coub_storage/coub/simple/cw_timeline_pic/d9e874e42bd/74e1dd041ee1411a31ac1/1470745498_image.jpg","small_picture":"https://coub-anubis-a.akamaized.net/coub_storage/coub/simple/cw_image/0f480317456/ef41b63aa1fa763f67b3a/1470745479_00029.jpg","sharing_picture":null,"percent_done":100,"tags":[{"id":1303466,"title":"night light","value":"night%20light"},{"id":7170,"title":"light","value":"light"},{"id":1173,"title":"car","value":"car"},{"id":157933,"title":"キャノン eos-1d c","value":"%E3%82%AD%E3%83%A3%E3%83%8E%E3%83%B3%20eos-1d%20c"},{"id":157932,"title":"bōsōzoku","value":"b%C5%8Ds%C5%8Dzoku"},{"id":48668,"title":"4k resolution","value":"4k%20resolution"},{"id":157931,"title":"canon eos-1d c","value":"canon%20eos-1d%20c"},{"id":157930,"title":"canon eos-1d","value":"canon%20eos-1d"},{"id":157929,"title":"ランボルギーニ","value":"%E3%83%A9%E3%83%B3%E3%83%9C%E3%83%AB%E3%82%AE%E3%83%BC%E3%83%8B"},{"id":157928,"title":"暴走族","value":"%E6%9A%B4%E8%B5%B0%E6%97%8F"},{"id":157927,"title":"やくざ","value":"%E3%82%84%E3%81%8F%E3%81%96"},{"id":157926,"title":"maiham-media.com","value":"maiham-media.com"},{"id":157925,"title":"maihammedia","value":"maihammedia"},{"id":48500,"title":"4k","value":"4k"},{"id":157924,"title":"1dc","value":"1dc"},{"id":13669,"title":"canon","value":"canon"},{"id":157923,"title":"kabukicho","value":"kabukicho"},{"id":157922,"title":"shibuya","value":"shibuya"},{"id":2327,"title":"tokyo","value":"tokyo"},{"id":6514,"title":"japan","value":"japan"},{"id":157921,"title":"bosozoku","value":"bosozoku"},{"id":55339,"title":"yakuza","value":"yakuza"},{"id":2003,"title":"diablo","value":"diablo"},{"id":30359,"title":"lamborghini","value":"lamborghini"},{"id":157920,"title":"underground hero","value":"underground%20hero"},{"id":157919,"title":"love to hate me","value":"love%20to%20hate%20me"}],"categories":[{"id":75,"title":"Auto & Technique","permalink":"cars","subscriptions_count":10083456,"big_image_url":"https://coub-anubis-a.akamaized.net/coub_storage/category/cw_image/dcda24f72f3/076e0f1bc1028aa643b02/big_1545566648_Auto.png","small_image_url":"https://coub-anubis-a.akamaized.net/coub_storage/category/cw_image/dcda24f72f3/076e0f1bc1028aa643b02/small_1545566648_Auto.png","med_image_url":"https://coub-anubis-a.akamaized.net/coub_storage/category/cw_image/dcda24f72f3/076e0f1bc1028aa643b02/med_1545566648_Auto.png","visible":true}],"communities":[{"id":75,"title":"Auto & Technique","permalink":"cars","subscriptions_count":10083456,"big_image_url":"https://coub-anubis-a.akamaized.net/coub_storage/category/cw_image/dcda24f72f3/076e0f1bc1028aa643b02/big_1545566648_Auto.png","small_image_url":"https://coub-anubis-a.akamaized.net/coub_storage/category/cw_image/dcda24f72f3/076e0f1bc1028aa643b02/small_1545566648_Auto.png","med_image_url":"https://coub-anubis-a.akamaized.net/coub_storage/category/cw_image/dcda24f72f3/076e0f1bc1028aa643b02/med_1545566648_Auto.png","i_subscribed":true,"community_notifications_enabled":null,"description":null}],"recoubs_count":541,"remixes_count":20,"likes_count":2679,"dislikes_count":0,"raw_video_id":2146266,"uploaded_by_ios_app":false,"uploaded_by_android_app":false,"media_blocks":{"uploaded_raw_videos":[],"external_raw_videos":[{"id":12397311,"title":"Underground Hero : Love To Hate Me - Lukehuxham.com Lamborghini Bosozoku Yakuza","url":"http://www.youtube.com/watch?v=XRIsHRHNU5k","image":"https://coub-anubis-a.akamaized.net/coub_storage/media_block/cw_image/a9db2ef6f21/b751fb74bf7907944aae1/1492562432_1454579527_7utxtu_att-url-download.jpg","image_retina":"https://coub-anubis-a.akamaized.net/coub_storage/media_block/cw_image/a9db2ef6f21/b751fb74bf7907944aae1/1492562432_1454579527_7utxtu_att-url-download.jpg","meta":{"service":"Youtube","duration":"454.12"},"duration":454.12,"raw_video_id":2146266,"has_embed":true}],"remixed_from_coubs":[],"external_video":{"id":12397311,"title":"Underground Hero : Love To Hate Me - Lukehuxham.com Lamborghini Bosozoku Yakuza","url":"http://www.youtube.com/watch?v=XRIsHRHNU5k","image":"https://coub-anubis-a.akamaized.net/coub_storage/media_block/cw_image/a9db2ef6f21/b751fb74bf7907944aae1/1492562432_1454579527_7utxtu_att-url-download.jpg","image_retina":"https://coub-anubis-a.akamaized.net/coub_storage/media_block/cw_image/a9db2ef6f21/b751fb74bf7907944aae1/1492562432_1454579527_7utxtu_att-url-download.jpg","meta":{"service":"Youtube","duration":"454.12"},"duration":454.12,"raw_video_id":2146266,"has_embed":true}},"raw_video_thumbnail_url":"/missing/missing.png","raw_video_title":"Underground Hero : Love To Hate Me - Lukehuxham.com Lamborghini Bosozoku Yakuza","video_block_banned":false,"duration":9.04,"promo_winner":false,"promo_winner_recoubers":null,"editorial_info":{},"promo_hint":null,"beeline_best_2014":null,"from_web_editor":true,"normalize_sound":true,"normalize_change_allowed":true,"best2015_addable":false,"ahmad_promo":null,"promo_data":null,"audio_copyright_claim":null,"ads_disabled":null,"is_safe_for_ads":true,"megafon_contents":[],"position_on_page":7},{"flag":null,"abuses":null,"recoubs_by_users_channels":null,"favourite":false,"promoted_id":null,"recoub":null,"like":null,"dislike":null,"reaction":null,"in_my_best2015":false,"id":157235317,"type":"Coub::Simple","permalink":"2l9mc3","title":"The best rally onboards moments - Part 2","visibility_type":"public","original_visibility_type":"public","channel_id":2983175,"created_at":"2020-11-05T04:24:16Z","updated_at":"2022-03-16T11:05:32Z","is_done":true,"views_count":189735,"cotd":null,"cotd_at":null,"visible_on_explore_root":false,"visible_on_explore":false,"featured":false,"published":true,"published_at":"2020-11-05T04:24:16Z","reversed":false,"from_editor_v2":true,"is_editable":true,"original_sound":true,"has_sound":true,"recoub_to":null,"file_versions":{"html5":{"video":{"higher":{"url":"https://coub-anubis-a.akamaized.net/coub_storage/coub/simple/cw_file/4c451ff786e/dc49fc42c8de50b63fef6/muted_mp4_huge_size_1604550279_muted_huge.mp4","size":3480452},"high":{"url":"https://coub-anubis-a.akamaized.net/coub_storage/coub/simple/cw_file/4c451ff786e/dc49fc42c8de50b63fef6/muted_mp4_big_size_1604550279_muted_big.mp4","size":2154174},"med":{"url":"https://coub-anubis-a.akamaized.net/coub_storage/coub/simple/cw_file/4c451ff786e/dc49fc42c8de50b63fef6/muted_mp4_med_size_1604550279_muted_med.mp4","size":820878}},"audio":{"high":{"url":"https://coub-anubis-a.akamaized.net/coub_storage/coub/simple/cw_looped_audio_high/5cfd8d2f267/6d09465c21702466313d4/1604550281_mp3-high.mp3","size":814751},"med":{"url":"https://coub-anubis-a.akamaized.net/coub_storage/coub/simple/cw_looped_audio_med/8cd9c0d2378/6dd1af34f27a7813abfc6/1604550280_mp3-med.mp3","size":750196},"sample_duration":10.008}},"mobile":{"video":"https://coub-anubis-a.akamaized.net/coub_storage/coub/simple/cw_file/4c451ff786e/dc49fc42c8de50b63fef6/muted_mp4_med_size_1604550279_muted_med.mp4","audio":["https://coub-anubis-a.akamaized.net/coub_storage/coub/simple/cw_looped_audio_med/8cd9c0d2378/6dd1af34f27a7813abfc6/1604550280_mp3-med.mp3"]},"share":{"default":"https://coub-anubis-a.akamaized.net/coub_storage/coub/simple/cw_video_for_sharing/eec448dacfb/551a7d581554bd4404e09/1608162283_looped_1608162282.mp4"}},"audio_versions":{},"image_versions":{"template":"https://coub-anubis-a.akamaized.net/coub_storage/coub/simple/cw_image/64c70ce053a/2c190b54b33ff9363adae/1604550286_00032.jpg","versions":["micro","tiny","age_restricted","ios_large","ios_mosaic","big","med","small","pinterest"]},"first_frame_versions":{"template":"https://coub-anubis-a.akamaized.net/coub_storage/coub/simple/cw_timeline_pic/481dfb781cf/02226d7eadfe3193e94aa/%{version}_1604550285_image.jpg","versions":["big","med","small","ios_large"]},"dimensions":{"big":[1280,960],"med":[640,480]},"site_w_h":[640,480],"page_w_h":[640,480],"site_w_h_small":[310,233],"size":[1280,960],"age_restricted":false,"age_restricted_by_admin":false,"not_safe_for_work":false,"allow_reuse":false,"dont_crop":true,"banned":false,"global_safe":true,"audio_file_url":null,"external_download":{"type":"Youtube","service_name":"YouTube","url":"https://www.youtube.com/watch?v=0uJF-hz0PV0","has_embed":true},"application":null,"channel":{"id":2983175,"permalink":"rob25951","title":"Rob","description":null,"followers_count":30,"following_count":17,"avatar_versions":{"template":"https://coub-anubis-a.akamaized.net/coub_storage/channel/cw_avatar/2e69e077d45/87e68282a3829b3d5f8b2/%{version}_1607422157_1gmru8v_1488401573_filename.jpeg","versions":["medium","medium_2x","profile_pic","profile_pic_new","profile_pic_new_2x","tiny","tiny_2x","small","small_2x","ios_large","ios_small"]}},"file":null,"picture":"https://coub-anubis-a.akamaized.net/coub_storage/coub/simple/cw_image/64c70ce053a/2c190b54b33ff9363adae/1604550286_00032.jpg","timeline_picture":"https://coub-anubis-a.akamaized.net/coub_storage/coub/simple/cw_timeline_pic/481dfb781cf/02226d7eadfe3193e94aa/ios_large_1604550285_image.jpg","small_picture":"https://coub-anubis-a.akamaized.net/coub_storage/coub/simple/cw_image/64c70ce053a/2c190b54b33ff9363adae/1604550286_00032.jpg","sharing_picture":null,"percent_done":100,"tags":[{"id":94639,"title":"onboard","value":"onboard"},{"id":4447,"title":"moments","value":"moments"},{"id":1450,"title":"best","value":"best"},{"id":3118,"title":"rally","value":"rally"},{"id":346936,"title":"rajd","value":"rajd"},{"id":3380797,"title":"rajdowe","value":"rajdowe"},{"id":3900,"title":"action","value":"action"},{"id":109,"title":"crash","value":"crash"},{"id":14416,"title":"sweden","value":"sweden"},{"id":378296,"title":"swedish rally","value":"swedish%20rally"},{"id":5865996,"title":"svezia samir","value":"svezia%20samir"}],"categories":[{"id":75,"title":"Auto & Technique","permalink":"cars","subscriptions_count":10083456,"big_image_url":"https://coub-anubis-a.akamaized.net/coub_storage/category/cw_image/dcda24f72f3/076e0f1bc1028aa643b02/big_1545566648_Auto.png","small_image_url":"https://coub-anubis-a.akamaized.net/coub_storage/category/cw_image/dcda24f72f3/076e0f1bc1028aa643b02/small_1545566648_Auto.png","med_image_url":"https://coub-anubis-a.akamaized.net/coub_storage/category/cw_image/dcda24f72f3/076e0f1bc1028aa643b02/med_1545566648_Auto.png","visible":true}],"communities":[{"id":75,"title":"Auto & Technique","permalink":"cars","subscriptions_count":10083456,"big_image_url":"https://coub-anubis-a.akamaized.net/coub_storage/category/cw_image/dcda24f72f3/076e0f1bc1028aa643b02/big_1545566648_Auto.png","small_image_url":"https://coub-anubis-a.akamaized.net/coub_storage/category/cw_image/dcda24f72f3/076e0f1bc1028aa643b02/small_1545566648_Auto.png","med_image_url":"https://coub-anubis-a.akamaized.net/coub_storage/category/cw_image/dcda24f72f3/076e0f1bc1028aa643b02/med_1545566648_Auto.png","i_subscribed":true,"community_notifications_enabled":null,"description":null}],"recoubs_count":493,"remixes_count":1,"likes_count":2677,"dislikes_count":0,"raw_video_id":15611457,"uploaded_by_ios_app":true,"uploaded_by_android_app":false,"media_blocks":{"uploaded_raw_videos":[],"external_raw_videos":[{"id":36792165,"title":"The best rally onboards moments - Part 2","url":"https://www.youtube.com/watch?v=0uJF-hz0PV0","image":null,"image_retina":null,"meta":{"service":"Youtube","duration":"671.2"},"duration":671.2,"raw_video_id":15611457,"has_embed":true}],"remixed_from_coubs":[],"external_video":{"id":36792165,"title":"The best rally onboards moments - Part 2","url":"https://www.youtube.com/watch?v=0uJF-hz0PV0","image":null,"image_retina":null,"meta":{"service":"Youtube","duration":"671.2"},"duration":671.2,"raw_video_id":15611457,"has_embed":true}},"raw_video_thumbnail_url":"/missing/missing.png","raw_video_title":"The best rally onboards moments - Part 2","video_block_banned":false,"duration":10.0,"promo_winner":false,"promo_winner_recoubers":null,"editorial_info":{},"promo_hint":null,"beeline_best_2014":null,"from_web_editor":false,"normalize_sound":true,"normalize_change_allowed":true,"best2015_addable":false,"ahmad_promo":null,"promo_data":null,"audio_copyright_claim":null,"ads_disabled":false,"is_safe_for_ads":true,"megafon_contents":[],"position_on_page":8},{"flag":null,"abuses":null,"recoubs_by_users_channels":null,"favourite":false,"promoted_id":null,"recoub":null,"like":null,"dislike":null,"reaction":null,"in_my_best2015":false,"id":141885747,"type":"Coub::Simple","permalink":"2c4mff","title":"Honda Civic dog mode","visibility_type":"public","original_visibility_type":"public","channel_id":4807954,"created_at":"2020-04-10T21:40:31Z","updated_at":"2022-03-05T16:23:27Z","is_done":true,"views_count":208833,"cotd":null,"cotd_at":null,"visible_on_explore_root":false,"visible_on_explore":false,"featured":false,"published":true,"published_at":"2020-04-10T21:40:31Z","reversed":false,"from_editor_v2":true,"is_editable":true,"original_sound":true,"has_sound":true,"recoub_to":null,"file_versions":{"html5":{"video":{"higher":{"url":"https://coub-anubis-a.akamaized.net/coub_storage/coub/simple/cw_file/a450b42bad4/d3732a5bab53416a28304/muted_mp4_huge_size_1586554835_muted_huge.mp4","size":988052},"high":{"url":"https://coub-anubis-a.akamaized.net/coub_storage/coub/simple/cw_file/a450b42bad4/d3732a5bab53416a28304/muted_mp4_big_size_1586554835_muted_big.mp4","size":600429},"med":{"url":"https://coub-anubis-a.akamaized.net/coub_storage/coub/simple/cw_file/a450b42bad4/d3732a5bab53416a28304/muted_mp4_med_size_1586554835_muted_med.mp4","size":173177}},"audio":{"high":{"url":"https://coub-anubis-a.akamaized.net/coub_storage/coub/simple/cw_looped_audio_high/1efec80b4da/136205cd14841981315b2/1605697807_high_1586554836_high.mp3","size":968301},"med":{"url":"https://coub-anubis-a.akamaized.net/coub_storage/coub/simple/cw_looped_audio_med/e4db3083607/33478845f6c7628a373b1/1605697807_med_1586554836_med.mp3","size":895581},"sample_duration":3.413}},"mobile":{"video":"https://coub-anubis-a.akamaized.net/coub_storage/coub/simple/cw_file/a450b42bad4/d3732a5bab53416a28304/muted_mp4_med_size_1586554835_muted_med.mp4","audio":["https://coub-anubis-a.akamaized.net/coub_storage/coub/simple/cw_looped_audio_med/e4db3083607/33478845f6c7628a373b1/1605697807_med_1586554836_med.mp3"]},"share":{"default":"https://coub-anubis-a.akamaized.net/coub_storage/coub/simple/cw_video_for_sharing/c595445523d/bdf11ba500e6ae4b9e5ca/1629304232_looped_1629304231.mp4"}},"audio_versions":{},"image_versions":{"template":"https://coub-anubis-a.akamaized.net/coub_storage/coub/simple/cw_image/310b6d0c18b/f95162b7b79e65772294d/1586554841_00011.jpg","versions":["micro","tiny","age_restricted","ios_large","ios_mosaic","big","med","small","pinterest"]},"first_frame_versions":{"template":"https://coub-anubis-a.akamaized.net/coub_storage/coub/simple/cw_timeline_pic/a81145bebcb/006febff07b991b0ef590/%{version}_1586554841_image.jpg","versions":["big","med","small","ios_large"]},"dimensions":{"big":[1280,854],"med":[640,426]},"site_w_h":[640,427],"page_w_h":[640,427],"site_w_h_small":[310,207],"size":[1280,854],"age_restricted":false,"age_restricted_by_admin":false,"not_safe_for_work":false,"allow_reuse":false,"dont_crop":false,"banned":false,"global_safe":true,"audio_file_url":null,"external_download":false,"application":null,"channel":{"id":4807954,"permalink":"hungariancarcoub","title":"Patrik Puszta","description":"Hello everyone! It's a Hungarian car Coub channel. Enjoy my videos!","followers_count":1764,"following_count":0,"avatar_versions":{"template":"https://coub-anubis-a.akamaized.net/coub_storage/channel/cw_avatar/136561e39e8/759f5d80139b98549c316/1537284092_1pts662_1799277590184361.jpg","versions":["medium","medium_2x","profile_pic","profile_pic_new","profile_pic_new_2x","tiny","tiny_2x","small","small_2x","ios_large","ios_small"]}},"file":null,"picture":"https://coub-anubis-a.akamaized.net/coub_storage/coub/simple/cw_image/310b6d0c18b/f95162b7b79e65772294d/1586554841_00011.jpg","timeline_picture":"https://coub-anubis-a.akamaized.net/coub_storage/coub/simple/cw_timeline_pic/a81145bebcb/006febff07b991b0ef590/ios_large_1586554841_image.jpg","small_picture":"https://coub-anubis-a.akamaized.net/coub_storage/coub/simple/cw_image/310b6d0c18b/f95162b7b79e65772294d/1586554841_00011.jpg","sharing_picture":null,"percent_done":100,"tags":[{"id":1173,"title":"car","value":"car"},{"id":1904,"title":"auto","value":"auto"},{"id":2851,"title":"animal","value":"animal"},{"id":174,"title":"funny","value":"funny"},{"id":757,"title":"cute","value":"cute"},{"id":419,"title":"dog","value":"dog"},{"id":18359,"title":"turbo","value":"turbo"},{"id":838,"title":"japanese","value":"japanese"},{"id":406,"title":"honda","value":"honda"},{"id":29850,"title":"civic","value":"civic"},{"id":101797,"title":"honda civic","value":"honda%20civic"},{"id":1450,"title":"best","value":"best"},{"id":10744,"title":"mode","value":"mode"}],"categories":[{"id":75,"title":"Auto & Technique","permalink":"cars","subscriptions_count":10083456,"big_image_url":"https://coub-anubis-a.akamaized.net/coub_storage/category/cw_image/dcda24f72f3/076e0f1bc1028aa643b02/big_1545566648_Auto.png","small_image_url":"https://coub-anubis-a.akamaized.net/coub_storage/category/cw_image/dcda24f72f3/076e0f1bc1028aa643b02/small_1545566648_Auto.png","med_image_url":"https://coub-anubis-a.akamaized.net/coub_storage/category/cw_image/dcda24f72f3/076e0f1bc1028aa643b02/med_1545566648_Auto.png","visible":true}],"communities":[{"id":75,"title":"Auto & Technique","permalink":"cars","subscriptions_count":10083456,"big_image_url":"https://coub-anubis-a.akamaized.net/coub_storage/category/cw_image/dcda24f72f3/076e0f1bc1028aa643b02/big_1545566648_Auto.png","small_image_url":"https://coub-anubis-a.akamaized.net/coub_storage/category/cw_image/dcda24f72f3/076e0f1bc1028aa643b02/small_1545566648_Auto.png","med_image_url":"https://coub-anubis-a.akamaized.net/coub_storage/category/cw_image/dcda24f72f3/076e0f1bc1028aa643b02/med_1545566648_Auto.png","i_subscribed":true,"community_notifications_enabled":null,"description":null}],"recoubs_count":9,"remixes_count":0,"likes_count":2676,"dislikes_count":0,"raw_video_id":15058348,"uploaded_by_ios_app":false,"uploaded_by_android_app":false,"media_blocks":{"uploaded_raw_videos":[],"external_raw_videos":[],"remixed_from_coubs":[]},"raw_video_thumbnail_url":"/missing/missing.png","raw_video_title":"bandicam_2020-04-10_23-23-05-170.mp4","video_block_banned":false,"duration":3.44,"promo_winner":false,"promo_winner_recoubers":null,"editorial_info":{},"promo_hint":null,"beeline_best_2014":null,"from_web_editor":true,"normalize_sound":true,"normalize_change_allowed":true,"best2015_addable":false,"ahmad_promo":null,"promo_data":null,"audio_copyright_claim":null,"ads_disabled":false,"is_safe_for_ads":true,"megafon_contents":[],"position_on_page":9},{"flag":null,"abuses":null,"recoubs_by_users_channels":null,"favourite":false,"promoted_id":null,"recoub":null,"like":null,"dislike":null,"reaction":null,"in_my_best2015":false,"id":113471473,"type":"Coub::Simple","permalink":"1v5ghh","title":"(Не) уважение к полиции / (Dis) respect for the police","visibility_type":"public","original_visibility_type":"public","channel_id":1984263,"created_at":"2019-05-29T21:08:29Z","updated_at":"2022-03-17T17:07:42Z","is_done":true,"views_count":169487,"cotd":null,"cotd_at":null,"visible_on_explore_root":false,"visible_on_explore":false,"featured":false,"published":true,"published_at":"2019-06-30T19:15:56Z","reversed":false,"from_editor_v2":true,"is_editable":true,"original_sound":true,"has_sound":true,"recoub_to":null,"file_versions":{"html5":{"video":{"higher":{"url":"https://coub-anubis-a.akamaized.net/coub_storage/coub/simple/cw_file/81aec1c9ee2/dfc816519945d119372c8/muted_mp4_huge_size_1569167259_muted_huge.mp4","size":3824218},"high":{"url":"https://coub-anubis-a.akamaized.net/coub_storage/coub/simple/cw_file/81aec1c9ee2/dfc816519945d119372c8/muted_mp4_big_size_1569167259_muted_big.mp4","size":2838458},"med":{"url":"https://coub-anubis-a.akamaized.net/coub_storage/coub/simple/cw_file/81aec1c9ee2/dfc816519945d119372c8/muted_mp4_med_size_1569167259_muted_med.mp4","size":950105}},"audio":{"high":{"url":"https://coub-anubis-a.akamaized.net/coub_storage/coub/simple/cw_looped_audio_high/d938d946453/d162f77a45f132d62d72e/1605664912_high_1561921485_high.mp3","size":1144116},"med":{"url":"https://coub-anubis-a.akamaized.net/coub_storage/coub/simple/cw_looped_audio_med/0905b65279d/3301697244c046a5c08e4/1605664912_med_1561921485_med.mp3","size":820818},"sample_duration":10.356}},"mobile":{"video":"https://coub-anubis-a.akamaized.net/coub_storage/coub/simple/cw_file/81aec1c9ee2/dfc816519945d119372c8/muted_mp4_med_size_1569167259_muted_med.mp4","audio":["https://coub-anubis-a.akamaized.net/coub_storage/coub/simple/cw_looped_audio_med/0905b65279d/3301697244c046a5c08e4/1605664912_med_1561921485_med.mp3"]},"share":{"default":"https://coub-anubis-a.akamaized.net/coub_storage/coub/simple/cw_video_for_sharing/4f1c099ae25/169407d29d0e74d321649/1608338748_looped_1608338747.mp4"}},"audio_versions":{},"image_versions":{"template":"https://coub-anubis-a.akamaized.net/coub_storage/coub/simple/cw_image/9d7bb175eeb/a5adeef2c5c712059aebf/1561921493_00032.jpg","versions":["micro","tiny","age_restricted","ios_large","ios_mosaic","big","med","small","pinterest"]},"first_frame_versions":{"template":"https://coub-anubis-a.akamaized.net/coub_storage/coub/simple/cw_timeline_pic/23facd7b740/07fc475c335819404936b/%{version}_1561921492_image.jpg","versions":["big","med","small","ios_large"]},"dimensions":{"big":[1280,720],"med":[640,360]},"site_w_h":[640,360],"page_w_h":[640,360],"site_w_h_small":[310,174],"size":[1280,720],"age_restricted":false,"age_restricted_by_admin":false,"not_safe_for_work":false,"allow_reuse":false,"dont_crop":false,"banned":false,"global_safe":false,"audio_file_url":null,"external_download":false,"application":null,"channel":{"id":1984263,"permalink":"semper.5","title":"𝔖𝔢𝔪𝔭𝔢𝔯 𝔉𝔦𝔡𝔢𝔩𝔦𝔰","description":"Stay Alive","followers_count":848,"following_count":0,"avatar_versions":{"template":"https://coub-anubis-a.akamaized.net/coub_storage/channel/cw_avatar/d83b4f8ca89/9691fde68f7b8245f698f/%{version}_1607426029_xzcw46_1524166480_____________01.jpg","versions":["medium","medium_2x","profile_pic","profile_pic_new","profile_pic_new_2x","tiny","tiny_2x","small","small_2x","ios_large","ios_small"]}},"file":null,"picture":"https://coub-anubis-a.akamaized.net/coub_storage/coub/simple/cw_image/9d7bb175eeb/a5adeef2c5c712059aebf/1561921493_00032.jpg","timeline_picture":"https://coub-anubis-a.akamaized.net/coub_storage/coub/simple/cw_timeline_pic/23facd7b740/07fc475c335819404936b/ios_large_1561921492_image.jpg","small_picture":"https://coub-anubis-a.akamaized.net/coub_storage/coub/simple/cw_image/9d7bb175eeb/a5adeef2c5c712059aebf/1561921493_00032.jpg","sharing_picture":null,"percent_done":100,"tags":[{"id":2236,"title":"police","value":"police"},{"id":27582,"title":"the police","value":"the%20police"},{"id":6799,"title":"полиция","value":"%D0%BF%D0%BE%D0%BB%D0%B8%D1%86%D0%B8%D1%8F"},{"id":151850,"title":"респект","value":"%D1%80%D0%B5%D1%81%D0%BF%D0%B5%D0%BA%D1%82"},{"id":153190,"title":"disrespect","value":"disrespect"},{"id":73029,"title":"respect","value":"respect"},{"id":713577,"title":"уважуха","value":"%D1%83%D0%B2%D0%B0%D0%B6%D1%83%D1%85%D0%B0"},{"id":139978,"title":"уважение","value":"%D1%83%D0%B2%D0%B0%D0%B6%D0%B5%D0%BD%D0%B8%D0%B5"},{"id":449443,"title":"неуважение","value":"%D0%BD%D0%B5%D1%83%D0%B2%D0%B0%D0%B6%D0%B5%D0%BD%D0%B8%D0%B5"},{"id":4762388,"title":"неуважение к власти","value":"%D0%BD%D0%B5%D1%83%D0%B2%D0%B0%D0%B6%D0%B5%D0%BD%D0%B8%D0%B5%20%D0%BA%20%D0%B2%D0%BB%D0%B0%D1%81%D1%82%D0%B8"},{"id":4977902,"title":"неуважение к полиции","value":"%D0%BD%D0%B5%D1%83%D0%B2%D0%B0%D0%B6%D0%B5%D0%BD%D0%B8%D0%B5%20%D0%BA%20%D0%BF%D0%BE%D0%BB%D0%B8%D1%86%D0%B8%D0%B8"},{"id":14108,"title":"гаи","value":"%D0%B3%D0%B0%D0%B8"},{"id":3778,"title":"дпс","value":"%D0%B4%D0%BF%D1%81"},{"id":10714,"title":"милиция","value":"%D0%BC%D0%B8%D0%BB%D0%B8%D1%86%D0%B8%D1%8F"},{"id":8129,"title":"менты","value":"%D0%BC%D0%B5%D0%BD%D1%82%D1%8B"},{"id":8130,"title":"мусора","value":"%D0%BC%D1%83%D1%81%D0%BE%D1%80%D0%B0"},{"id":512285,"title":"ктв","value":"%D0%BA%D1%82%D0%B2"},{"id":1292641,"title":"клизма тв","value":"%D0%BA%D0%BB%D0%B8%D0%B7%D0%BC%D0%B0%20%D1%82%D0%B2"},{"id":170664,"title":"клизматв","value":"%D0%BA%D0%BB%D0%B8%D0%B7%D0%BC%D0%B0%D1%82%D0%B2"},{"id":28726,"title":"klizma tv","value":"klizma%20tv"},{"id":28725,"title":"klizmatv","value":"klizmatv"},{"id":18687,"title":"ktv","value":"ktv"},{"id":4977800,"title":"клизма tv","value":"%D0%BA%D0%BB%D0%B8%D0%B7%D0%BC%D0%B0%20tv"},{"id":1616803,"title":"klizma тв","value":"klizma%20%D1%82%D0%B2"},{"id":24305,"title":"мусор","value":"%D0%BC%D1%83%D1%81%D0%BE%D1%80"},{"id":6599,"title":"cop","value":"cop"},{"id":36512,"title":"коп","value":"%D0%BA%D0%BE%D0%BF"},{"id":31261,"title":"копы","value":"%D0%BA%D0%BE%D0%BF%D1%8B"},{"id":24304,"title":"мент","value":"%D0%BC%D0%B5%D0%BD%D1%82"},{"id":239607,"title":"смелость","value":"%D1%81%D0%BC%D0%B5%D0%BB%D0%BE%D1%81%D1%82%D1%8C"},{"id":1418452,"title":"caurage","value":"caurage"},{"id":63566,"title":"отвага","value":"%D0%BE%D1%82%D0%B2%D0%B0%D0%B3%D0%B0"},{"id":9458,"title":"власть","value":"%D0%B2%D0%BB%D0%B0%D1%81%D1%82%D1%8C"},{"id":4574,"title":"power","value":"power"},{"id":106246,"title":"authority","value":"authority"},{"id":10052,"title":"гопник","value":"%D0%B3%D0%BE%D0%BF%D0%BD%D0%B8%D0%BA"},{"id":1676,"title":"хач","value":"%D1%85%D0%B0%D1%87"},{"id":32124,"title":"хачик","value":"%D1%85%D0%B0%D1%87%D0%B8%D0%BA"},{"id":29799,"title":"каха","value":"%D0%BA%D0%B0%D1%85%D0%B0"},{"id":28728,"title":"непосредственно каха","value":"%D0%BD%D0%B5%D0%BF%D0%BE%D1%81%D1%80%D0%B5%D0%B4%D1%81%D1%82%D0%B2%D0%B5%D0%BD%D0%BD%D0%BE%20%D0%BA%D0%B0%D1%85%D0%B0"},{"id":2752,"title":"хачи","value":"%D1%85%D0%B0%D1%87%D0%B8"},{"id":17294,"title":"гибдд","value":"%D0%B3%D0%B8%D0%B1%D0%B4%D0%B4"},{"id":504549,"title":"гибддшники","value":"%D0%B3%D0%B8%D0%B1%D0%B4%D0%B4%D1%88%D0%BD%D0%B8%D0%BA%D0%B8"},{"id":17295,"title":"ппс","value":"%D0%BF%D0%BF%D1%81"},{"id":188689,"title":"дпс приколы","value":"%D0%B4%D0%BF%D1%81%20%D0%BF%D1%80%D0%B8%D0%BA%D0%BE%D0%BB%D1%8B"},{"id":790180,"title":"полицаи","value":"%D0%BF%D0%BE%D0%BB%D0%B8%D1%86%D0%B0%D0%B8"},{"id":42442,"title":"policeman","value":"policeman"},{"id":1526971,"title":"coper","value":"coper"},{"id":6673,"title":"похуй","value":"%D0%BF%D0%BE%D1%85%D1%83%D0%B9"},{"id":488136,"title":"в рот ебал","value":"%D0%B2%20%D1%80%D0%BE%D1%82%20%D0%B5%D0%B1%D0%B0%D0%BB"},{"id":331255,"title":"ауе","value":"%D0%B0%D1%83%D0%B5"},{"id":4619,"title":"acab","value":"acab"},{"id":15038,"title":"a.c.a.b.","value":"a.c.a.b."},{"id":89341,"title":"a.c.a.b","value":"a.c.a.b"},{"id":1224392,"title":"а.у.е.","value":"%D0%B0.%D1%83.%D0%B5."},{"id":1162372,"title":"а.у.е","value":"%D0%B0.%D1%83.%D0%B5"}],"categories":[{"id":75,"title":"Auto & Technique","permalink":"cars","subscriptions_count":10083456,"big_image_url":"https://coub-anubis-a.akamaized.net/coub_storage/category/cw_image/dcda24f72f3/076e0f1bc1028aa643b02/big_1545566648_Auto.png","small_image_url":"https://coub-anubis-a.akamaized.net/coub_storage/category/cw_image/dcda24f72f3/076e0f1bc1028aa643b02/small_1545566648_Auto.png","med_image_url":"https://coub-anubis-a.akamaized.net/coub_storage/category/cw_image/dcda24f72f3/076e0f1bc1028aa643b02/med_1545566648_Auto.png","visible":true}],"communities":[{"id":75,"title":"Auto & Technique","permalink":"cars","subscriptions_count":10083456,"big_image_url":"https://coub-anubis-a.akamaized.net/coub_storage/category/cw_image/dcda24f72f3/076e0f1bc1028aa643b02/big_1545566648_Auto.png","small_image_url":"https://coub-anubis-a.akamaized.net/coub_storage/category/cw_image/dcda24f72f3/076e0f1bc1028aa643b02/small_1545566648_Auto.png","med_image_url":"https://coub-anubis-a.akamaized.net/coub_storage/category/cw_image/dcda24f72f3/076e0f1bc1028aa643b02/med_1545566648_Auto.png","i_subscribed":true,"community_notifications_enabled":null,"description":null}],"recoubs_count":636,"remixes_count":0,"likes_count":2675,"dislikes_count":0,"raw_video_id":13777517,"uploaded_by_ios_app":false,"uploaded_by_android_app":false,"media_blocks":{"uploaded_raw_videos":[],"external_raw_videos":[],"remixed_from_coubs":[{"id":31983450,"title":"Свой среди чужих (на Комик-Кон) / Spy among strangers (at Сomic-Con)","url":"https://coub.com/coubs/1v0txq/remix","image":"https://coub-anubis-a.akamaized.net/coub_storage/media_block/cw_image/e690c51f69f/fe581136c17a3c41281f1/1559067117_7xatwj_1559067102_00032.jpg","image_retina":"https://coub-anubis-a.akamaized.net/coub_storage/media_block/cw_image/e690c51f69f/fe581136c17a3c41281f1/1559067117_7xatwj_1559067102_00032.jpg","meta":{"duration":"10.04"},"duration":null,"coub_channel_title":"𝔖𝔢𝔪𝔭𝔢𝔯 𝔉𝔦𝔡𝔢𝔩𝔦𝔰","coub_channel_permalink":"semper.5","coub_views_count":12277,"coub_permalink":"1v0txq"}]},"raw_video_thumbnail_url":"/missing/missing.png","raw_video_title":"Bro.avi","video_block_banned":false,"duration":10.2,"promo_winner":false,"promo_winner_recoubers":null,"editorial_info":{},"promo_hint":null,"beeline_best_2014":null,"from_web_editor":true,"normalize_sound":true,"normalize_change_allowed":true,"best2015_addable":false,"ahmad_promo":null,"promo_data":null,"audio_copyright_claim":null,"ads_disabled":false,"is_safe_for_ads":true,"megafon_contents":[],"position_on_page":10}]}