{"page":226,"per_page":10,"total_pages":500,"coubs":[{"flag":null,"abuses":null,"recoubs_by_users_channels":null,"favourite":false,"promoted_id":null,"recoub":null,"like":null,"dislike":null,"reaction":null,"in_my_best2015":false,"id":133996169,"type":"Coub::Simple","permalink":"27f3az","title":"TOO DEPRESSED TO BE ALIVE","visibility_type":"public","original_visibility_type":"public","channel_id":5612528,"created_at":"2020-01-09T21:07:50Z","updated_at":"2022-03-15T22:25:53Z","is_done":true,"views_count":146567,"cotd":null,"cotd_at":null,"visible_on_explore_root":true,"visible_on_explore":true,"featured":true,"published":true,"published_at":"2020-01-09T21:07:50Z","reversed":false,"from_editor_v2":true,"is_editable":true,"original_sound":false,"has_sound":false,"recoub_to":null,"file_versions":{"html5":{"video":{"higher":{"url":"https://coub-anubis-a.akamaized.net/coub_storage/coub/simple/cw_file/3409cbdf481/44ed4aa98a0f44698b05b/muted_mp4_huge_size_1578604208_muted_huge.mp4","size":3678829},"high":{"url":"https://coub-anubis-a.akamaized.net/coub_storage/coub/simple/cw_file/3409cbdf481/44ed4aa98a0f44698b05b/muted_mp4_big_size_1578604208_muted_big.mp4","size":2777483},"med":{"url":"https://coub-anubis-a.akamaized.net/coub_storage/coub/simple/cw_file/3409cbdf481/44ed4aa98a0f44698b05b/muted_mp4_med_size_1578604208_muted_med.mp4","size":779154}},"audio":{"high":{"url":"https://coub-anubis-a.akamaized.net/coub_storage/coub/simple/cw_looped_audio_high/7396ed9670a/736b575625d6e3f2e0c03/1605703498_high_1578604225_high.mp3","size":1676411},"med":{"url":"https://coub-anubis-a.akamaized.net/coub_storage/coub/simple/cw_looped_audio_med/5fccd589ad0/efe9b1c2a318633546f81/1605703497_med_1578604225_med.mp3","size":1187405}}},"mobile":{"video":"https://coub-anubis-a.akamaized.net/coub_storage/coub/simple/cw_file/3409cbdf481/44ed4aa98a0f44698b05b/muted_mp4_med_size_1578604208_muted_med.mp4","audio":["https://coub-anubis-a.akamaized.net/coub_storage/coub/simple/cw_looped_audio_med/5fccd589ad0/efe9b1c2a318633546f81/1605703497_med_1578604225_med.mp3"]},"share":{"default":"https://coub-anubis-a.akamaized.net/coub_storage/coub/simple/cw_video_for_sharing/3f0c229ccf5/34fcc4b56a06cf2049f65/1618000169_looped_1618000168.mp4"}},"audio_versions":{"template":"https://coub-anubis-a.akamaized.net/coub_storage/audio_track/cw_normalized_copy/ccc145344f4/9615f6dbb6ca168d2f7c0/mid_1578604219_normalized_1578604210_1gfrxpz_edited.mp3","versions":["mid","low"]},"image_versions":{"template":"https://coub-anubis-a.akamaized.net/coub_storage/coub/simple/cw_image/ec3564825b3/0c730c218d0a0af15a103/1578604234_00032.jpg","versions":["micro","tiny","age_restricted","ios_large","ios_mosaic","big","med","small","pinterest"]},"first_frame_versions":{"template":"https://coub-anubis-a.akamaized.net/coub_storage/coub/simple/cw_timeline_pic/c2e5159a988/0100e8a55ecee29c50fd1/%{version}_1578604234_image.jpg","versions":["big","med","small","ios_large"]},"dimensions":{"big":[1280,720],"med":[640,360]},"site_w_h":[640,360],"page_w_h":[640,360],"site_w_h_small":[310,174],"size":[1280,720],"age_restricted":false,"age_restricted_by_admin":false,"not_safe_for_work":false,"allow_reuse":false,"dont_crop":false,"banned":false,"global_safe":true,"audio_file_url":"https://coub-anubis-a.akamaized.net/coub_storage/audio_track/cw_normalized_copy/ccc145344f4/9615f6dbb6ca168d2f7c0/low_1578604219_normalized_1578604210_1gfrxpz_edited.mp3","external_download":{"type":"Facebook","service_name":"Facebook","url":"https://www.facebook.com/toyracingjdm/videos/376388973127492/","has_embed":false},"application":null,"channel":{"id":5612528,"permalink":"endmylife-kun","title":"ENDMYLIFE-KUN","description":null,"followers_count":242,"following_count":24,"avatar_versions":{"template":"https://coub-anubis-a.akamaized.net/coub_storage/channel/cw_avatar/f87a2df5eea/74ceb6d7c5ec2fdb79002/%{version}_1607424922_1dulwqw_1558042826_2222.jpg","versions":["medium","medium_2x","profile_pic","profile_pic_new","profile_pic_new_2x","tiny","tiny_2x","small","small_2x","ios_large","ios_small"]}},"file":null,"picture":"https://coub-anubis-a.akamaized.net/coub_storage/coub/simple/cw_image/ec3564825b3/0c730c218d0a0af15a103/1578604234_00032.jpg","timeline_picture":"https://coub-anubis-a.akamaized.net/coub_storage/coub/simple/cw_timeline_pic/c2e5159a988/0100e8a55ecee29c50fd1/ios_large_1578604234_image.jpg","small_picture":"https://coub-anubis-a.akamaized.net/coub_storage/coub/simple/cw_image/ec3564825b3/0c730c218d0a0af15a103/1578604234_00032.jpg","sharing_picture":null,"percent_done":100,"tags":[{"id":14293,"title":"jdm","value":"jdm"},{"id":101788,"title":"car meet","value":"car%20meet"},{"id":35033,"title":"ae86","value":"ae86"},{"id":125849,"title":"nissan silvia","value":"nissan%20silvia"},{"id":20835,"title":"s13","value":"s13"},{"id":33065,"title":"gtr","value":"gtr"},{"id":8456,"title":"r34","value":"r34"},{"id":9359,"title":"skyline","value":"skyline"},{"id":35036,"title":"s14","value":"s14"},{"id":541829,"title":"mx5","value":"mx5"},{"id":103934,"title":"miata","value":"miata"},{"id":29830,"title":"mazda","value":"mazda"},{"id":20294,"title":"toyota","value":"toyota"},{"id":103978,"title":"corolla","value":"corolla"},{"id":29850,"title":"civic","value":"civic"},{"id":204876,"title":"eg6","value":"eg6"},{"id":590927,"title":"feels bad man","value":"feels%20bad%20man"},{"id":49969,"title":":(","value":":("}],"categories":[{"id":75,"title":"Auto & Technique","permalink":"cars","subscriptions_count":10083456,"big_image_url":"https://coub-anubis-a.akamaized.net/coub_storage/category/cw_image/dcda24f72f3/076e0f1bc1028aa643b02/big_1545566648_Auto.png","small_image_url":"https://coub-anubis-a.akamaized.net/coub_storage/category/cw_image/dcda24f72f3/076e0f1bc1028aa643b02/small_1545566648_Auto.png","med_image_url":"https://coub-anubis-a.akamaized.net/coub_storage/category/cw_image/dcda24f72f3/076e0f1bc1028aa643b02/med_1545566648_Auto.png","visible":true}],"communities":[{"id":75,"title":"Auto & Technique","permalink":"cars","subscriptions_count":10083456,"big_image_url":"https://coub-anubis-a.akamaized.net/coub_storage/category/cw_image/dcda24f72f3/076e0f1bc1028aa643b02/big_1545566648_Auto.png","small_image_url":"https://coub-anubis-a.akamaized.net/coub_storage/category/cw_image/dcda24f72f3/076e0f1bc1028aa643b02/small_1545566648_Auto.png","med_image_url":"https://coub-anubis-a.akamaized.net/coub_storage/category/cw_image/dcda24f72f3/076e0f1bc1028aa643b02/med_1545566648_Auto.png","i_subscribed":true,"community_notifications_enabled":null,"description":null}],"recoubs_count":371,"remixes_count":2,"likes_count":1672,"dislikes_count":0,"raw_video_id":14684188,"uploaded_by_ios_app":false,"uploaded_by_android_app":false,"media_blocks":{"uploaded_raw_videos":[],"external_raw_videos":[{"id":34436697,"title":"นัดเจอลูกค้าเพื่อส่งของเล่น คันนี้ LIMITED มาก 1/18 อยากรู้ดูเอาเองเลยนะ  #re...","url":"https://www.facebook.com/toyracingjdm/videos/376388973127492","image":null,"image_retina":null,"meta":{"service":"Facebook","duration":"85.16"},"duration":85.16,"raw_video_id":14684188,"has_embed":false}],"remixed_from_coubs":[],"external_video":{"id":34436697,"title":"นัดเจอลูกค้าเพื่อส่งของเล่น คันนี้ LIMITED มาก 1/18 อยากรู้ดูเอาเองเลยนะ  #re...","url":"https://www.facebook.com/toyracingjdm/videos/376388973127492","image":null,"image_retina":null,"meta":{"service":"Facebook","duration":"85.16"},"duration":85.16,"raw_video_id":14684188,"has_embed":false}},"raw_video_thumbnail_url":"/missing/missing.png","raw_video_title":"นัดเจอลูกค้าเพื่อส่งของเล่น คันนี้ LIMITED มาก 1/18 อยากรู้ดูเอาเองเลยนะ  #re...","video_block_banned":false,"duration":10.04,"promo_winner":false,"promo_winner_recoubers":null,"editorial_info":{},"promo_hint":null,"beeline_best_2014":null,"from_web_editor":true,"normalize_sound":true,"normalize_change_allowed":true,"best2015_addable":false,"ahmad_promo":null,"promo_data":null,"audio_copyright_claim":null,"ads_disabled":false,"is_safe_for_ads":true,"megafon_contents":[],"position_on_page":1},{"flag":null,"abuses":null,"recoubs_by_users_channels":null,"favourite":false,"promoted_id":null,"recoub":null,"like":null,"dislike":null,"reaction":null,"in_my_best2015":false,"id":174433157,"type":"Coub::Simple","permalink":"2vi8dt","title":"DTM","visibility_type":"public","original_visibility_type":"public","channel_id":7367381,"created_at":"2021-08-25T21:17:30Z","updated_at":"2022-03-17T19:53:17Z","is_done":true,"views_count":103035,"cotd":null,"cotd_at":null,"visible_on_explore_root":false,"visible_on_explore":false,"featured":false,"published":true,"published_at":"2021-08-25T21:17:30Z","reversed":false,"from_editor_v2":true,"is_editable":true,"original_sound":true,"has_sound":true,"recoub_to":null,"file_versions":{"html5":{"video":{"higher":{"url":"https://coub-anubis-a.akamaized.net/coub_storage/coub/simple/cw_file/c8ba9797b83/ae2be57cb2e6a5872242d/muted_mp4_huge_size_1629926258_muted_huge.mp4","size":3480797},"high":{"url":"https://coub-anubis-a.akamaized.net/coub_storage/coub/simple/cw_file/c8ba9797b83/ae2be57cb2e6a5872242d/muted_mp4_big_size_1629926258_muted_big.mp4","size":2168608},"med":{"url":"https://coub-anubis-a.akamaized.net/coub_storage/coub/simple/cw_file/c8ba9797b83/ae2be57cb2e6a5872242d/muted_mp4_med_size_1629926258_muted_med.mp4","size":727775}},"audio":{"high":{"url":"https://coub-anubis-a.akamaized.net/coub_storage/coub/simple/cw_looped_audio_high/9ea86384d48/045caa2961710c650ab82/1629926260_mp3-high.mp3","size":844488},"med":{"url":"https://coub-anubis-a.akamaized.net/coub_storage/coub/simple/cw_looped_audio_med/f34a7d2d945/8d0154d546d9dbcceb52f/1629926259_mp3-med.mp3","size":798348},"sample_duration":10.008}},"mobile":{"video":"https://coub-anubis-a.akamaized.net/coub_storage/coub/simple/cw_file/c8ba9797b83/ae2be57cb2e6a5872242d/muted_mp4_med_size_1629926258_muted_med.mp4","audio":["https://coub-anubis-a.akamaized.net/coub_storage/coub/simple/cw_looped_audio_med/f34a7d2d945/8d0154d546d9dbcceb52f/1629926259_mp3-med.mp3"]},"share":{"default":"https://coub-anubis-a.akamaized.net/coub_storage/coub/simple/cw_video_for_sharing/f8d8f930232/e922e71dafe7975ce1f3c/1629926292_looped_1629926291.mp4"}},"audio_versions":{},"image_versions":{"template":"https://coub-anubis-a.akamaized.net/coub_storage/coub/simple/cw_image/efb9317db14/7d00419378da6a36504fa/%{version}_1629926266_00032.jpg","versions":["micro","tiny","age_restricted","ios_large","ios_mosaic","big","med","small","pinterest"]},"first_frame_versions":{"template":"https://coub-anubis-a.akamaized.net/coub_storage/coub/simple/cw_timeline_pic/46b57a2d3a3/e345dd8a27b0c4e5c576f/%{version}_1629926265_image.jpg","versions":["big","med","small","ios_large"]},"dimensions":{"big":[1280,720],"med":[640,360]},"site_w_h":[640,360],"page_w_h":[640,360],"site_w_h_small":[310,174],"size":[1280,720],"age_restricted":false,"age_restricted_by_admin":false,"not_safe_for_work":null,"allow_reuse":false,"dont_crop":true,"banned":false,"global_safe":null,"audio_file_url":null,"external_download":false,"application":null,"channel":{"id":7367381,"permalink":"artyom-bart","title":"Fenokih","description":null,"followers_count":34,"following_count":13,"avatar_versions":{"template":"https://coub-anubis-a.akamaized.net/coub_storage/channel/cw_avatar/d7440cef7e2/438cd8118b765726e0a8d/%{version}_1624357974_cropped.jpeg","versions":["medium","medium_2x","profile_pic","profile_pic_new","profile_pic_new_2x","tiny","tiny_2x","small","small_2x","ios_large","ios_small"]}},"file":null,"picture":"https://coub-anubis-a.akamaized.net/coub_storage/coub/simple/cw_image/efb9317db14/7d00419378da6a36504fa/med_1629926266_00032.jpg","timeline_picture":"https://coub-anubis-a.akamaized.net/coub_storage/coub/simple/cw_timeline_pic/46b57a2d3a3/e345dd8a27b0c4e5c576f/ios_large_1629926265_image.jpg","small_picture":"https://coub-anubis-a.akamaized.net/coub_storage/coub/simple/cw_image/efb9317db14/7d00419378da6a36504fa/ios_mosaic_1629926266_00032.jpg","sharing_picture":null,"percent_done":100,"tags":[{"id":7223,"title":"dtm","value":"dtm"},{"id":3730,"title":"mercedes","value":"mercedes"},{"id":18593,"title":"audi","value":"audi"},{"id":1311,"title":"bmw","value":"bmw"},{"id":1579,"title":"race","value":"race"},{"id":636,"title":"drift","value":"drift"},{"id":15563,"title":"films","value":"films"},{"id":567,"title":"taxi","value":"taxi"},{"id":86,"title":"music","value":"music"}],"categories":[{"id":75,"title":"Auto & Technique","permalink":"cars","subscriptions_count":10083456,"big_image_url":"https://coub-anubis-a.akamaized.net/coub_storage/category/cw_image/dcda24f72f3/076e0f1bc1028aa643b02/big_1545566648_Auto.png","small_image_url":"https://coub-anubis-a.akamaized.net/coub_storage/category/cw_image/dcda24f72f3/076e0f1bc1028aa643b02/small_1545566648_Auto.png","med_image_url":"https://coub-anubis-a.akamaized.net/coub_storage/category/cw_image/dcda24f72f3/076e0f1bc1028aa643b02/med_1545566648_Auto.png","visible":true}],"communities":[{"id":75,"title":"Auto & Technique","permalink":"cars","subscriptions_count":10083456,"big_image_url":"https://coub-anubis-a.akamaized.net/coub_storage/category/cw_image/dcda24f72f3/076e0f1bc1028aa643b02/big_1545566648_Auto.png","small_image_url":"https://coub-anubis-a.akamaized.net/coub_storage/category/cw_image/dcda24f72f3/076e0f1bc1028aa643b02/small_1545566648_Auto.png","med_image_url":"https://coub-anubis-a.akamaized.net/coub_storage/category/cw_image/dcda24f72f3/076e0f1bc1028aa643b02/med_1545566648_Auto.png","i_subscribed":true,"community_notifications_enabled":null,"description":null}],"recoubs_count":287,"remixes_count":0,"likes_count":1671,"dislikes_count":0,"raw_video_id":16718590,"uploaded_by_ios_app":false,"uploaded_by_android_app":true,"media_blocks":{"uploaded_raw_videos":[],"external_raw_videos":[],"remixed_from_coubs":[]},"raw_video_thumbnail_url":"/missing/missing.png","raw_video_title":null,"video_block_banned":false,"duration":10.0,"promo_winner":false,"promo_winner_recoubers":null,"editorial_info":{},"promo_hint":null,"beeline_best_2014":null,"from_web_editor":false,"normalize_sound":true,"normalize_change_allowed":true,"best2015_addable":false,"ahmad_promo":null,"promo_data":null,"audio_copyright_claim":null,"ads_disabled":null,"is_safe_for_ads":true,"megafon_contents":[],"position_on_page":2},{"flag":null,"abuses":null,"recoubs_by_users_channels":null,"favourite":false,"promoted_id":null,"recoub":null,"like":null,"dislike":null,"reaction":null,"in_my_best2015":false,"id":116769848,"type":"Coub::Simple","permalink":"1x45jp","title":"How 2400 HP looks like","visibility_type":"public","original_visibility_type":"public","channel_id":4682060,"created_at":"2019-07-01T19:24:41Z","updated_at":"2022-03-18T07:29:39Z","is_done":true,"views_count":83111,"cotd":null,"cotd_at":null,"visible_on_explore_root":false,"visible_on_explore":false,"featured":false,"published":true,"published_at":"2019-07-01T19:24:40Z","reversed":false,"from_editor_v2":true,"is_editable":true,"original_sound":true,"has_sound":true,"recoub_to":null,"file_versions":{"html5":{"video":{"higher":{"url":"https://coub-anubis-a.akamaized.net/coub_storage/coub/simple/cw_file/9d892659fe1/1bd51743ecc686b91cd04/muted_mp4_huge_size_1569074415_muted_huge.mp4","size":3503673},"high":{"url":"https://coub-anubis-a.akamaized.net/coub_storage/coub/simple/cw_file/9d892659fe1/1bd51743ecc686b91cd04/muted_mp4_big_size_1569074415_muted_big.mp4","size":2334147},"med":{"url":"https://coub-anubis-a.akamaized.net/coub_storage/coub/simple/cw_file/9d892659fe1/1bd51743ecc686b91cd04/muted_mp4_med_size_1569074415_muted_med.mp4","size":808184}},"audio":{"high":{"url":"https://coub-anubis-a.akamaized.net/coub_storage/coub/simple/cw_looped_audio_high/70a7abb6dcf/f6c1ddb3b08dbd865d47e/1605654317_high_1562009085_high.mp3","size":711742},"med":{"url":"https://coub-anubis-a.akamaized.net/coub_storage/coub/simple/cw_looped_audio_med/16c59d76dfc/baeaf04db01fb19c9eb6b/1605654317_med_1562009085_med.mp3","size":702564},"sample_duration":10.009}},"mobile":{"video":"https://coub-anubis-a.akamaized.net/coub_storage/coub/simple/cw_file/9d892659fe1/1bd51743ecc686b91cd04/muted_mp4_med_size_1569074415_muted_med.mp4","audio":["https://coub-anubis-a.akamaized.net/coub_storage/coub/simple/cw_looped_audio_med/16c59d76dfc/baeaf04db01fb19c9eb6b/1605654317_med_1562009085_med.mp3"]},"share":{"default":"https://coub-anubis-a.akamaized.net/coub_storage/coub/simple/cw_video_for_sharing/5266695a18c/3aa3925af547bd3316977/1610992587_looped_1610992586.mp4"}},"audio_versions":{},"image_versions":{"template":"https://coub-anubis-a.akamaized.net/coub_storage/coub/simple/cw_image/c3ec63912a4/613c9e36cd99b46fed0db/1562009092_00032.jpg","versions":["micro","tiny","age_restricted","ios_large","ios_mosaic","big","med","small","pinterest"]},"first_frame_versions":{"template":"https://coub-anubis-a.akamaized.net/coub_storage/coub/simple/cw_timeline_pic/3c03ded6a24/8812a0903ec7f0fa95399/%{version}_1562009091_image.jpg","versions":["big","med","small","ios_large"]},"dimensions":{"big":[960,960],"med":[480,480]},"site_w_h":[400,400],"page_w_h":[400,400],"site_w_h_small":[310,310],"size":[960,960],"age_restricted":false,"age_restricted_by_admin":false,"not_safe_for_work":false,"allow_reuse":false,"dont_crop":false,"banned":false,"global_safe":true,"audio_file_url":null,"external_download":false,"application":null,"channel":{"id":4682060,"permalink":"aft3rglow","title":"AFT3RGLoW","description":"Loading...","followers_count":67,"following_count":35,"avatar_versions":{"template":"https://coub-anubis-a.akamaized.net/coub_storage/channel/cw_avatar/50df4d0198d/ab5fcb10ecbc88dfb4071/%{version}_1623091026_cropped.jpeg","versions":["medium","medium_2x","profile_pic","profile_pic_new","profile_pic_new_2x","tiny","tiny_2x","small","small_2x","ios_large","ios_small"]}},"file":null,"picture":"https://coub-anubis-a.akamaized.net/coub_storage/coub/simple/cw_image/c3ec63912a4/613c9e36cd99b46fed0db/1562009092_00032.jpg","timeline_picture":"https://coub-anubis-a.akamaized.net/coub_storage/coub/simple/cw_timeline_pic/3c03ded6a24/8812a0903ec7f0fa95399/ios_large_1562009091_image.jpg","small_picture":"https://coub-anubis-a.akamaized.net/coub_storage/coub/simple/cw_image/c3ec63912a4/613c9e36cd99b46fed0db/1562009092_00032.jpg","sharing_picture":null,"percent_done":100,"tags":[{"id":1173,"title":"car","value":"car"},{"id":1148,"title":"explosion","value":"explosion"},{"id":18359,"title":"turbo","value":"turbo"},{"id":1188293,"title":"2400 hp","value":"2400%20hp"},{"id":636,"title":"drift","value":"drift"},{"id":14293,"title":"jdm","value":"jdm"},{"id":2234,"title":"meme","value":"meme"},{"id":5049715,"title":"mussle","value":"mussle"},{"id":4574,"title":"power","value":"power"},{"id":38192,"title":"tunning","value":"tunning"},{"id":76581,"title":"upgrade","value":"upgrade"},{"id":58609,"title":"holy shit","value":"holy%20shit"},{"id":9790,"title":"doge","value":"doge"},{"id":90413,"title":"eargasm","value":"eargasm"},{"id":1179,"title":"fire","value":"fire"}],"categories":[{"id":75,"title":"Auto & Technique","permalink":"cars","subscriptions_count":10083456,"big_image_url":"https://coub-anubis-a.akamaized.net/coub_storage/category/cw_image/dcda24f72f3/076e0f1bc1028aa643b02/big_1545566648_Auto.png","small_image_url":"https://coub-anubis-a.akamaized.net/coub_storage/category/cw_image/dcda24f72f3/076e0f1bc1028aa643b02/small_1545566648_Auto.png","med_image_url":"https://coub-anubis-a.akamaized.net/coub_storage/category/cw_image/dcda24f72f3/076e0f1bc1028aa643b02/med_1545566648_Auto.png","visible":true}],"communities":[{"id":75,"title":"Auto & Technique","permalink":"cars","subscriptions_count":10083456,"big_image_url":"https://coub-anubis-a.akamaized.net/coub_storage/category/cw_image/dcda24f72f3/076e0f1bc1028aa643b02/big_1545566648_Auto.png","small_image_url":"https://coub-anubis-a.akamaized.net/coub_storage/category/cw_image/dcda24f72f3/076e0f1bc1028aa643b02/small_1545566648_Auto.png","med_image_url":"https://coub-anubis-a.akamaized.net/coub_storage/category/cw_image/dcda24f72f3/076e0f1bc1028aa643b02/med_1545566648_Auto.png","i_subscribed":true,"community_notifications_enabled":null,"description":null}],"recoubs_count":337,"remixes_count":0,"likes_count":1670,"dislikes_count":0,"raw_video_id":13921336,"uploaded_by_ios_app":false,"uploaded_by_android_app":true,"media_blocks":{"uploaded_raw_videos":[],"external_raw_videos":[],"remixed_from_coubs":[]},"raw_video_thumbnail_url":"/missing/missing.png","raw_video_title":null,"video_block_banned":false,"duration":10.0,"promo_winner":false,"promo_winner_recoubers":null,"editorial_info":{},"promo_hint":null,"beeline_best_2014":null,"from_web_editor":false,"normalize_sound":true,"normalize_change_allowed":true,"best2015_addable":false,"ahmad_promo":null,"promo_data":null,"audio_copyright_claim":null,"ads_disabled":false,"is_safe_for_ads":true,"megafon_contents":[],"position_on_page":3},{"flag":null,"abuses":null,"recoubs_by_users_channels":null,"favourite":false,"promoted_id":null,"recoub":null,"like":null,"dislike":null,"reaction":null,"in_my_best2015":false,"id":123064957,"type":"Coub::Simple","permalink":"20van3","title":"it's not about winning it's about fun / дело не в победе, а в веселье","visibility_type":"public","original_visibility_type":"public","channel_id":3927908,"created_at":"2019-09-08T04:48:32Z","updated_at":"2022-03-17T10:56:57Z","is_done":true,"views_count":112753,"cotd":null,"cotd_at":null,"visible_on_explore_root":false,"visible_on_explore":false,"featured":false,"published":true,"published_at":"2019-09-08T04:48:32Z","reversed":false,"from_editor_v2":true,"is_editable":true,"original_sound":true,"has_sound":true,"recoub_to":null,"file_versions":{"html5":{"video":{"higher":{"url":"https://coub-anubis-a.akamaized.net/coub_storage/coub/simple/cw_file/e7a7324abac/a71b33bd9e1772731ff7e/muted_mp4_huge_size_1567918131_muted_huge.mp4","size":3116253},"high":{"url":"https://coub-anubis-a.akamaized.net/coub_storage/coub/simple/cw_file/e7a7324abac/a71b33bd9e1772731ff7e/muted_mp4_big_size_1567918131_muted_big.mp4","size":2281298},"med":{"url":"https://coub-anubis-a.akamaized.net/coub_storage/coub/simple/cw_file/e7a7324abac/a71b33bd9e1772731ff7e/muted_mp4_med_size_1567918131_muted_med.mp4","size":594881}},"audio":{"high":{"url":"https://coub-anubis-a.akamaized.net/coub_storage/coub/simple/cw_looped_audio_high/e7fc4c159d0/1bba31098ca3c833d2554/1605689304_high_1567918131_high.mp3","size":1013313},"med":{"url":"https://coub-anubis-a.akamaized.net/coub_storage/coub/simple/cw_looped_audio_med/be75f21da8d/54aff03ae074ca45ab778/1605689304_med_1567918131_med.mp3","size":799076},"sample_duration":10.009}},"mobile":{"video":"https://coub-anubis-a.akamaized.net/coub_storage/coub/simple/cw_file/e7a7324abac/a71b33bd9e1772731ff7e/muted_mp4_med_size_1567918131_muted_med.mp4","audio":["https://coub-anubis-a.akamaized.net/coub_storage/coub/simple/cw_looped_audio_med/be75f21da8d/54aff03ae074ca45ab778/1605689304_med_1567918131_med.mp3"]},"share":{"default":"https://coub-anubis-a.akamaized.net/coub_storage/coub/simple/cw_video_for_sharing/b98451ffcac/346861629757eb4a0c881/1610282420_looped_1610282419.mp4"}},"audio_versions":{},"image_versions":{"template":"https://coub-anubis-a.akamaized.net/coub_storage/coub/simple/cw_image/7e6917772ae/41e2ce8e342f23a191817/1567918142_00032.jpg","versions":["micro","tiny","age_restricted","ios_large","ios_mosaic","big","med","small","pinterest"]},"first_frame_versions":{"template":"https://coub-anubis-a.akamaized.net/coub_storage/coub/simple/cw_timeline_pic/4fbd3a0e409/cffb4c5293ed71e47a862/%{version}_1567918141_image.jpg","versions":["big","med","small","ios_large"]},"dimensions":{"big":[1280,720],"med":[640,360]},"site_w_h":[640,360],"page_w_h":[640,360],"site_w_h_small":[310,174],"size":[1280,720],"age_restricted":false,"age_restricted_by_admin":false,"not_safe_for_work":false,"allow_reuse":false,"dont_crop":false,"banned":false,"global_safe":true,"audio_file_url":null,"external_download":false,"application":null,"channel":{"id":3927908,"permalink":"romans31","title":"Romans","description":null,"followers_count":275,"following_count":277,"avatar_versions":{"template":"https://coub-anubis-a.akamaized.net/coub_storage/channel/cw_avatar/6b0d622704d/a7472d02b1e506db68e23/%{version}_1607603232_o8vhf4_1544196887_gaaga.png","versions":["medium","medium_2x","profile_pic","profile_pic_new","profile_pic_new_2x","tiny","tiny_2x","small","small_2x","ios_large","ios_small"]}},"file":null,"picture":"https://coub-anubis-a.akamaized.net/coub_storage/coub/simple/cw_image/7e6917772ae/41e2ce8e342f23a191817/1567918142_00032.jpg","timeline_picture":"https://coub-anubis-a.akamaized.net/coub_storage/coub/simple/cw_timeline_pic/4fbd3a0e409/cffb4c5293ed71e47a862/ios_large_1567918141_image.jpg","small_picture":"https://coub-anubis-a.akamaized.net/coub_storage/coub/simple/cw_image/7e6917772ae/41e2ce8e342f23a191817/1567918142_00032.jpg","sharing_picture":null,"percent_done":100,"tags":[{"id":295376,"title":"ds3","value":"ds3"},{"id":15281,"title":"cup","value":"cup"},{"id":17504,"title":"denmark","value":"denmark"},{"id":257922,"title":"2019","value":"2019"},{"id":9965,"title":"racing","value":"racing"},{"id":58210,"title":"citroen","value":"citroen"},{"id":409,"title":"spongebob","value":"spongebob"},{"id":169,"title":"fun","value":"fun"},{"id":1982,"title":"song","value":"song"},{"id":331,"title":"trap","value":"trap"},{"id":1237,"title":"remix","value":"remix"},{"id":402215,"title":"дания","value":"%D0%B4%D0%B0%D0%BD%D0%B8%D1%8F"},{"id":1226,"title":"ремикс","value":"%D1%80%D0%B5%D0%BC%D0%B8%D0%BA%D1%81"},{"id":4167,"title":"песня","value":"%D0%BF%D0%B5%D1%81%D0%BD%D1%8F"},{"id":19185,"title":"веселье","value":"%D0%B2%D0%B5%D1%81%D0%B5%D0%BB%D1%8C%D0%B5"},{"id":7232,"title":"гонки","value":"%D0%B3%D0%BE%D0%BD%D0%BA%D0%B8"},{"id":104361,"title":"romans","value":"romans"}],"categories":[{"id":75,"title":"Auto & Technique","permalink":"cars","subscriptions_count":10083456,"big_image_url":"https://coub-anubis-a.akamaized.net/coub_storage/category/cw_image/dcda24f72f3/076e0f1bc1028aa643b02/big_1545566648_Auto.png","small_image_url":"https://coub-anubis-a.akamaized.net/coub_storage/category/cw_image/dcda24f72f3/076e0f1bc1028aa643b02/small_1545566648_Auto.png","med_image_url":"https://coub-anubis-a.akamaized.net/coub_storage/category/cw_image/dcda24f72f3/076e0f1bc1028aa643b02/med_1545566648_Auto.png","visible":true}],"communities":[{"id":75,"title":"Auto & Technique","permalink":"cars","subscriptions_count":10083456,"big_image_url":"https://coub-anubis-a.akamaized.net/coub_storage/category/cw_image/dcda24f72f3/076e0f1bc1028aa643b02/big_1545566648_Auto.png","small_image_url":"https://coub-anubis-a.akamaized.net/coub_storage/category/cw_image/dcda24f72f3/076e0f1bc1028aa643b02/small_1545566648_Auto.png","med_image_url":"https://coub-anubis-a.akamaized.net/coub_storage/category/cw_image/dcda24f72f3/076e0f1bc1028aa643b02/med_1545566648_Auto.png","i_subscribed":true,"community_notifications_enabled":null,"description":null}],"recoubs_count":361,"remixes_count":0,"likes_count":1668,"dislikes_count":0,"raw_video_id":14198529,"uploaded_by_ios_app":false,"uploaded_by_android_app":false,"media_blocks":{"uploaded_raw_videos":[],"external_raw_videos":[],"remixed_from_coubs":[]},"raw_video_thumbnail_url":"/missing/missing.png","raw_video_title":"fun.mp4","video_block_banned":false,"duration":10.0,"promo_winner":false,"promo_winner_recoubers":null,"editorial_info":{},"promo_hint":null,"beeline_best_2014":null,"from_web_editor":true,"normalize_sound":true,"normalize_change_allowed":true,"best2015_addable":false,"ahmad_promo":null,"promo_data":null,"audio_copyright_claim":null,"ads_disabled":false,"is_safe_for_ads":true,"megafon_contents":[],"position_on_page":4},{"flag":null,"abuses":null,"recoubs_by_users_channels":null,"favourite":false,"promoted_id":null,"recoub":null,"like":null,"dislike":null,"reaction":null,"in_my_best2015":false,"id":120135304,"type":"Coub::Simple","permalink":"1z4ad9","title":"Супер мен","visibility_type":"public","original_visibility_type":"public","channel_id":2247207,"created_at":"2019-08-06T14:07:34Z","updated_at":"2022-02-20T00:18:51Z","is_done":true,"views_count":109893,"cotd":null,"cotd_at":null,"visible_on_explore_root":false,"visible_on_explore":false,"featured":false,"published":true,"published_at":"2019-08-06T14:07:33Z","reversed":false,"from_editor_v2":true,"is_editable":true,"original_sound":true,"has_sound":true,"recoub_to":null,"file_versions":{"html5":{"video":{"higher":{"url":"https://coub-anubis-a.akamaized.net/coub_storage/coub/simple/cw_file/61444779405/2417f94d255de540dcc1a/muted_mp4_huge_size_1569179994_muted_huge.mp4","size":3754208},"high":{"url":"https://coub-anubis-a.akamaized.net/coub_storage/coub/simple/cw_file/61444779405/2417f94d255de540dcc1a/muted_mp4_big_size_1569179994_muted_big.mp4","size":2727513},"med":{"url":"https://coub-anubis-a.akamaized.net/coub_storage/coub/simple/cw_file/61444779405/2417f94d255de540dcc1a/muted_mp4_med_size_1569179994_muted_med.mp4","size":854760}},"audio":{"high":{"url":"https://coub-anubis-a.akamaized.net/coub_storage/coub/simple/cw_looped_audio_high/039f58e98e1/924e42b927724e9f1a9cd/1605684589_high_1565100806_high.mp3","size":1252270},"med":{"url":"https://coub-anubis-a.akamaized.net/coub_storage/coub/simple/cw_looped_audio_med/16450d3df66/738a5fc8fd0bf2251819b/1605684588_med_1565100806_med.mp3","size":926991},"sample_duration":9.684}},"mobile":{"video":"https://coub-anubis-a.akamaized.net/coub_storage/coub/simple/cw_file/61444779405/2417f94d255de540dcc1a/muted_mp4_med_size_1569179994_muted_med.mp4","audio":["https://coub-anubis-a.akamaized.net/coub_storage/coub/simple/cw_looped_audio_med/16450d3df66/738a5fc8fd0bf2251819b/1605684588_med_1565100806_med.mp3"]},"share":{"default":"https://coub-anubis-a.akamaized.net/coub_storage/coub/simple/cw_video_for_sharing/66a2d068803/b0c62da50239280713b6e/1612525870_looped_1612525869.mp4"}},"audio_versions":{},"image_versions":{"template":"https://coub-anubis-a.akamaized.net/coub_storage/coub/simple/cw_image/7b6c1ff7f40/62fc3e81efa493da06fae/1565100862_00031.jpg","versions":["micro","tiny","age_restricted","ios_large","ios_mosaic","big","med","small","pinterest"]},"first_frame_versions":{"template":"https://coub-anubis-a.akamaized.net/coub_storage/coub/simple/cw_timeline_pic/95d27c9863b/22e40387c0ff9c541769f/%{version}_1565100861_image.jpg","versions":["big","med","small","ios_large"]},"dimensions":{"big":[1280,720],"med":[640,360]},"site_w_h":[640,360],"page_w_h":[640,360],"site_w_h_small":[310,174],"size":[1280,720],"age_restricted":false,"age_restricted_by_admin":false,"not_safe_for_work":false,"allow_reuse":false,"dont_crop":false,"banned":false,"global_safe":false,"audio_file_url":null,"external_download":false,"application":null,"channel":{"id":2247207,"permalink":"andrey522","title":"Andrey","description":null,"followers_count":49,"following_count":9,"avatar_versions":{"template":"https://coubsecureassets-a.akamaihd.net/assets/default-avatars/27-2941cb004b100eed5935f85f8ac5e2de83d7cd6dfd4864ab31d1b1c3382a5669.png"}},"file":null,"picture":"https://coub-anubis-a.akamaized.net/coub_storage/coub/simple/cw_image/7b6c1ff7f40/62fc3e81efa493da06fae/1565100862_00031.jpg","timeline_picture":"https://coub-anubis-a.akamaized.net/coub_storage/coub/simple/cw_timeline_pic/95d27c9863b/22e40387c0ff9c541769f/ios_large_1565100861_image.jpg","small_picture":"https://coub-anubis-a.akamaized.net/coub_storage/coub/simple/cw_image/7b6c1ff7f40/62fc3e81efa493da06fae/1565100862_00031.jpg","sharing_picture":null,"percent_done":100,"tags":[{"id":3131,"title":"камаз","value":"%D0%BA%D0%B0%D0%BC%D0%B0%D0%B7"},{"id":882,"title":"прикол","value":"%D0%BF%D1%80%D0%B8%D0%BA%D0%BE%D0%BB"},{"id":61240,"title":"супергерой","value":"%D1%81%D1%83%D0%BF%D0%B5%D1%80%D0%B3%D0%B5%D1%80%D0%BE%D0%B9"},{"id":284689,"title":"супер мен","value":"%D1%81%D1%83%D0%BF%D0%B5%D1%80%20%D0%BC%D0%B5%D0%BD"}],"categories":[{"id":75,"title":"Auto & Technique","permalink":"cars","subscriptions_count":10083456,"big_image_url":"https://coub-anubis-a.akamaized.net/coub_storage/category/cw_image/dcda24f72f3/076e0f1bc1028aa643b02/big_1545566648_Auto.png","small_image_url":"https://coub-anubis-a.akamaized.net/coub_storage/category/cw_image/dcda24f72f3/076e0f1bc1028aa643b02/small_1545566648_Auto.png","med_image_url":"https://coub-anubis-a.akamaized.net/coub_storage/category/cw_image/dcda24f72f3/076e0f1bc1028aa643b02/med_1545566648_Auto.png","visible":true}],"communities":[{"id":75,"title":"Auto & Technique","permalink":"cars","subscriptions_count":10083456,"big_image_url":"https://coub-anubis-a.akamaized.net/coub_storage/category/cw_image/dcda24f72f3/076e0f1bc1028aa643b02/big_1545566648_Auto.png","small_image_url":"https://coub-anubis-a.akamaized.net/coub_storage/category/cw_image/dcda24f72f3/076e0f1bc1028aa643b02/small_1545566648_Auto.png","med_image_url":"https://coub-anubis-a.akamaized.net/coub_storage/category/cw_image/dcda24f72f3/076e0f1bc1028aa643b02/med_1545566648_Auto.png","i_subscribed":true,"community_notifications_enabled":null,"description":null}],"recoubs_count":337,"remixes_count":0,"likes_count":1668,"dislikes_count":0,"raw_video_id":14069026,"uploaded_by_ios_app":true,"uploaded_by_android_app":false,"media_blocks":{"uploaded_raw_videos":[],"external_raw_videos":[],"remixed_from_coubs":[]},"raw_video_thumbnail_url":"/missing/missing.png","raw_video_title":"filename.mp4","video_block_banned":false,"duration":9.68,"promo_winner":false,"promo_winner_recoubers":null,"editorial_info":{},"promo_hint":null,"beeline_best_2014":null,"from_web_editor":false,"normalize_sound":true,"normalize_change_allowed":true,"best2015_addable":false,"ahmad_promo":null,"promo_data":null,"audio_copyright_claim":null,"ads_disabled":false,"is_safe_for_ads":true,"megafon_contents":[],"position_on_page":5},{"flag":null,"abuses":null,"recoubs_by_users_channels":null,"favourite":false,"promoted_id":null,"recoub":null,"like":null,"dislike":null,"reaction":null,"in_my_best2015":false,"id":74688549,"type":"Coub::Simple","permalink":"181t9g","title":"<3 <3 <3 <3","visibility_type":"public","original_visibility_type":"public","channel_id":4201335,"created_at":"2018-05-17T16:32:56Z","updated_at":"2022-03-09T09:14:09Z","is_done":true,"views_count":100250,"cotd":null,"cotd_at":null,"visible_on_explore_root":false,"visible_on_explore":false,"featured":false,"published":true,"published_at":"2018-05-17T16:32:55Z","reversed":false,"from_editor_v2":true,"is_editable":true,"original_sound":false,"has_sound":false,"recoub_to":null,"file_versions":{"html5":{"video":{"higher":{"url":"https://coub-anubis-a.akamaized.net/coub_storage/coub/simple/cw_file/96f4068ec76/934d16b144d3f88ca0b7f/muted_mp4_huge_size_1568234971_muted_huge.mp4","size":2179279},"high":{"url":"https://coub-anubis-a.akamaized.net/coub_storage/coub/simple/cw_file/96f4068ec76/934d16b144d3f88ca0b7f/muted_mp4_big_size_1568234971_muted_big.mp4","size":1815621},"med":{"url":"https://coub-anubis-a.akamaized.net/coub_storage/coub/simple/cw_file/96f4068ec76/934d16b144d3f88ca0b7f/muted_mp4_med_size_1568234971_muted_med.mp4","size":481586}},"audio":{"high":{"url":"https://coub-anubis-a.akamaized.net/coub_storage/coub/simple/cw_looped_audio_high/94f9a46398f/7fd72c4755fbae9b58e4d/1605653225_high_1526574814_high.mp3","size":3190954},"med":{"url":"https://coub-anubis-a.akamaized.net/coub_storage/coub/simple/cw_looped_audio_med/9e4894aac77/c2380b49f46a4a5b2e9e1/1605653224_med_1526574814_med.mp3","size":2489528}}},"mobile":{"video":"https://coub-anubis-a.akamaized.net/coub_storage/coub/simple/cw_file/96f4068ec76/934d16b144d3f88ca0b7f/muted_mp4_med_size_1568234971_muted_med.mp4","audio":["https://coub-anubis-a.akamaized.net/coub_storage/coub/simple/cw_looped_audio_med/9e4894aac77/c2380b49f46a4a5b2e9e1/1605653224_med_1526574814_med.mp3"]},"share":{"default":"https://coub-anubis-a.akamaized.net/coub_storage/coub/simple/cw_video_for_sharing/68ddd367056/5a215eade06abe46f2939/1629734346_looped_1629734346.mp4"}},"audio_versions":{"template":"https://coub-anubis-a.akamaized.net/coub_storage/audio_track/cw_normalized_copy/a124b3c643b/7f2bf8739a431ae268ec4/mid_1526574802_13o39gg_normalized_1526574788_t2ornq_edited.mp3","versions":["mid","low"]},"image_versions":{"template":"https://coub-anubis-a.akamaized.net/coub_storage/coub/simple/cw_image/83255e032a7/4568489c6e417d5e85582/1526574825_00021.jpg","versions":["micro","tiny","age_restricted","ios_large","ios_mosaic","big","med","small","pinterest"]},"first_frame_versions":{"template":"https://coub-anubis-a.akamaized.net/coub_storage/coub/simple/cw_timeline_pic/a8f61605415/eb3d0350ea945333430f0/%{version}_1526574824_image.jpg","versions":["big","med","small","ios_large"]},"dimensions":{"big":[1280,576],"med":[640,288]},"site_w_h":[640,288],"page_w_h":[640,288],"site_w_h_small":[310,140],"size":[1280,576],"age_restricted":false,"age_restricted_by_admin":false,"not_safe_for_work":false,"allow_reuse":false,"dont_crop":false,"banned":false,"global_safe":true,"audio_file_url":"https://coub-anubis-a.akamaized.net/coub_storage/audio_track/cw_normalized_copy/a124b3c643b/7f2bf8739a431ae268ec4/low_1526574802_13o39gg_normalized_1526574788_t2ornq_edited.mp3","external_download":false,"application":null,"channel":{"id":4201335,"permalink":"to-ka258","title":"To Ka","description":null,"followers_count":64,"following_count":46,"avatar_versions":{"template":"https://coub-anubis-a.akamaized.net/coub_storage/channel/cw_avatar/144cee4c92a/1f3f90def3f7500180522/%{version}_1608987557_1w0e5ad_1522000587_1li8zyg_1932294763748443.jpg","versions":["medium","medium_2x","profile_pic","profile_pic_new","profile_pic_new_2x","tiny","tiny_2x","small","small_2x","ios_large","ios_small"]}},"file":null,"picture":"https://coub-anubis-a.akamaized.net/coub_storage/coub/simple/cw_image/83255e032a7/4568489c6e417d5e85582/1526574825_00021.jpg","timeline_picture":"https://coub-anubis-a.akamaized.net/coub_storage/coub/simple/cw_timeline_pic/a8f61605415/eb3d0350ea945333430f0/ios_large_1526574824_image.jpg","small_picture":"https://coub-anubis-a.akamaized.net/coub_storage/coub/simple/cw_image/83255e032a7/4568489c6e417d5e85582/1526574825_00021.jpg","sharing_picture":null,"percent_done":100,"tags":[{"id":30364,"title":"lambo","value":"lambo"},{"id":30359,"title":"lamborghini","value":"lamborghini"},{"id":187667,"title":"900hp","value":"900hp"},{"id":103996,"title":"mr2","value":"mr2"},{"id":18359,"title":"turbo","value":"turbo"},{"id":6192,"title":"twin","value":"twin"},{"id":1014706,"title":"turbos","value":"turbos"},{"id":4491,"title":"roll","value":"roll"},{"id":9965,"title":"racing","value":"racing"},{"id":4075,"title":"street","value":"street"},{"id":204905,"title":"k20","value":"k20"},{"id":406,"title":"honda","value":"honda"},{"id":20294,"title":"toyota","value":"toyota"},{"id":29850,"title":"civic","value":"civic"},{"id":220840,"title":"twin-turbo","value":"twin-turbo"},{"id":24683,"title":"engine","value":"engine"},{"id":3399438,"title":"(automobile","value":"(automobile"},{"id":3429861,"title":"model)","value":"model)"},{"id":4442,"title":"model","value":"model"},{"id":3480139,"title":"(profession)","value":"(profession)"}],"categories":[{"id":75,"title":"Auto & Technique","permalink":"cars","subscriptions_count":10083456,"big_image_url":"https://coub-anubis-a.akamaized.net/coub_storage/category/cw_image/dcda24f72f3/076e0f1bc1028aa643b02/big_1545566648_Auto.png","small_image_url":"https://coub-anubis-a.akamaized.net/coub_storage/category/cw_image/dcda24f72f3/076e0f1bc1028aa643b02/small_1545566648_Auto.png","med_image_url":"https://coub-anubis-a.akamaized.net/coub_storage/category/cw_image/dcda24f72f3/076e0f1bc1028aa643b02/med_1545566648_Auto.png","visible":true}],"communities":[{"id":75,"title":"Auto & Technique","permalink":"cars","subscriptions_count":10083456,"big_image_url":"https://coub-anubis-a.akamaized.net/coub_storage/category/cw_image/dcda24f72f3/076e0f1bc1028aa643b02/big_1545566648_Auto.png","small_image_url":"https://coub-anubis-a.akamaized.net/coub_storage/category/cw_image/dcda24f72f3/076e0f1bc1028aa643b02/small_1545566648_Auto.png","med_image_url":"https://coub-anubis-a.akamaized.net/coub_storage/category/cw_image/dcda24f72f3/076e0f1bc1028aa643b02/med_1545566648_Auto.png","i_subscribed":true,"community_notifications_enabled":null,"description":null}],"recoubs_count":314,"remixes_count":2,"likes_count":1668,"dislikes_count":0,"raw_video_id":"","uploaded_by_ios_app":false,"uploaded_by_android_app":false,"media_blocks":{"uploaded_raw_videos":[],"external_raw_videos":[],"remixed_from_coubs":[{"id":26143988,"title":"Toyota mr2 made from 90XX  (Suck My Boomstick-supercars) ","url":"https://coub.com/coubs/1777qg/remix","image":"https://coub-anubis-a.akamaized.net/coub_storage/media_block/cw_image/619bce1b2da/2b0adec97cd03e6d6d398/1525101861_1525101848_00032.jpg","image_retina":"https://coub-anubis-a.akamaized.net/coub_storage/media_block/cw_image/619bce1b2da/2b0adec97cd03e6d6d398/1525101861_1525101848_00032.jpg","meta":{"duration":"10.0"},"duration":null,"coub_channel_title":"BoaVoger","coub_channel_permalink":"paul.koval.90","coub_views_count":49019,"coub_permalink":"1777qg"}]},"raw_video_thumbnail_url":"","raw_video_title":"","video_block_banned":false,"duration":6.6,"promo_winner":false,"promo_winner_recoubers":null,"editorial_info":{},"promo_hint":null,"beeline_best_2014":null,"from_web_editor":true,"normalize_sound":true,"normalize_change_allowed":true,"best2015_addable":false,"ahmad_promo":null,"promo_data":null,"audio_copyright_claim":null,"ads_disabled":false,"is_safe_for_ads":true,"megafon_contents":[],"position_on_page":6},{"flag":null,"abuses":null,"recoubs_by_users_channels":null,"favourite":false,"promoted_id":null,"recoub":null,"like":null,"dislike":null,"reaction":null,"in_my_best2015":false,"id":178954226,"type":"Coub::Simple","permalink":"2y74vt","title":"Такая нелётная погода.","visibility_type":"public","original_visibility_type":"public","channel_id":497170,"created_at":"2021-11-21T21:39:19Z","updated_at":"2022-03-18T05:58:18Z","is_done":true,"views_count":101941,"cotd":null,"cotd_at":null,"visible_on_explore_root":false,"visible_on_explore":false,"featured":false,"published":true,"published_at":"2021-11-21T21:39:19Z","reversed":false,"from_editor_v2":true,"is_editable":true,"original_sound":false,"has_sound":false,"recoub_to":null,"file_versions":{"html5":{"video":{"higher":{"url":"https://coub-anubis-a.akamaized.net/coub_storage/coub/simple/cw_file/f765ebbaa3a/15fb60dccd384b3912d43/muted_mp4_huge_size_1637530770_muted_huge.mp4","size":1959868},"high":{"url":"https://coub-anubis-a.akamaized.net/coub_storage/coub/simple/cw_file/f765ebbaa3a/15fb60dccd384b3912d43/muted_mp4_big_size_1637530770_muted_big.mp4","size":1140192},"med":{"url":"https://coub-anubis-a.akamaized.net/coub_storage/coub/simple/cw_file/f765ebbaa3a/15fb60dccd384b3912d43/muted_mp4_med_size_1637530770_muted_med.mp4","size":327072}},"audio":{"high":{"url":"https://coub-anubis-a.akamaized.net/coub_storage/coub/simple/cw_looped_audio_high/69445658a41/8aaa2cc5b8c806b675a67/1637530776_mp3-high.mp3","size":890100},"med":{"url":"https://coub-anubis-a.akamaized.net/coub_storage/coub/simple/cw_looped_audio_med/9c28982c83a/e0a316161c7178158069b/1637530775_mp3-med.mp3","size":683880}}},"mobile":{"video":"https://coub-anubis-a.akamaized.net/coub_storage/coub/simple/cw_file/f765ebbaa3a/15fb60dccd384b3912d43/muted_mp4_med_size_1637530770_muted_med.mp4","audio":["https://coub-anubis-a.akamaized.net/coub_storage/coub/simple/cw_looped_audio_med/9c28982c83a/e0a316161c7178158069b/1637530775_mp3-med.mp3"]},"share":{"default":"https://coub-anubis-a.akamaized.net/coub_storage/coub/simple/cw_video_for_sharing/10792cef025/9c55230ed27c9c977e802/1637530807_looped_1637530806.mp4"}},"audio_versions":{"template":"https://coub-anubis-a.akamaized.net/coub_storage/audio_track/cw_normalized_copy/38e28d44ccc/6874a2ebc868f68fcaee2/mid_1637530773_normalized_1637530770_f6j30h_edited.mp3","versions":["mid","low"]},"image_versions":{"template":"https://coub-anubis-a.akamaized.net/coub_storage/coub/simple/cw_image/d814b903b9d/72afa0fbb794ec7a13ae6/%{version}_1637530781_00032.jpg","versions":["micro","tiny","age_restricted","ios_large","ios_mosaic","big","med","small","pinterest"]},"first_frame_versions":{"template":"https://coub-anubis-a.akamaized.net/coub_storage/coub/simple/cw_timeline_pic/413977a5f26/be88a0e361f73e3fbdf0c/%{version}_1637530781_image.jpg","versions":["big","med","small","ios_large"]},"dimensions":{"big":[1280,720],"med":[640,360]},"site_w_h":[640,360],"page_w_h":[640,360],"site_w_h_small":[310,174],"size":[1280,720],"age_restricted":false,"age_restricted_by_admin":false,"not_safe_for_work":null,"allow_reuse":false,"dont_crop":true,"banned":false,"global_safe":null,"audio_file_url":"https://coub-anubis-a.akamaized.net/coub_storage/audio_track/cw_normalized_copy/38e28d44ccc/6874a2ebc868f68fcaee2/low_1637530773_normalized_1637530770_f6j30h_edited.mp3","external_download":false,"application":null,"channel":{"id":497170,"permalink":"sherckhan","title":"Sherckhan","description":null,"followers_count":523,"following_count":8,"avatar_versions":{"template":"https://coub-anubis-a.akamaized.net/coub_storage/channel/cw_avatar/e753c5c0c55/205661fd0415a5e93fd05/%{version}_1620604351_de72hqy-c992fe0d-6530-457c-b65c-40b47601b9f4.jpg","versions":["medium","medium_2x","profile_pic","profile_pic_new","profile_pic_new_2x","tiny","tiny_2x","small","small_2x","ios_large","ios_small"]}},"file":null,"picture":"https://coub-anubis-a.akamaized.net/coub_storage/coub/simple/cw_image/d814b903b9d/72afa0fbb794ec7a13ae6/med_1637530781_00032.jpg","timeline_picture":"https://coub-anubis-a.akamaized.net/coub_storage/coub/simple/cw_timeline_pic/413977a5f26/be88a0e361f73e3fbdf0c/ios_large_1637530781_image.jpg","small_picture":"https://coub-anubis-a.akamaized.net/coub_storage/coub/simple/cw_image/d814b903b9d/72afa0fbb794ec7a13ae6/ios_mosaic_1637530781_00032.jpg","sharing_picture":null,"percent_done":100,"tags":[{"id":21348,"title":"car crashes","value":"car%20crashes"},{"id":6187,"title":"дтп","value":"%D0%B4%D1%82%D0%BF"},{"id":10822,"title":"аварии","value":"%D0%B0%D0%B2%D0%B0%D1%80%D0%B8%D0%B8"}],"categories":[{"id":75,"title":"Auto & Technique","permalink":"cars","subscriptions_count":10083456,"big_image_url":"https://coub-anubis-a.akamaized.net/coub_storage/category/cw_image/dcda24f72f3/076e0f1bc1028aa643b02/big_1545566648_Auto.png","small_image_url":"https://coub-anubis-a.akamaized.net/coub_storage/category/cw_image/dcda24f72f3/076e0f1bc1028aa643b02/small_1545566648_Auto.png","med_image_url":"https://coub-anubis-a.akamaized.net/coub_storage/category/cw_image/dcda24f72f3/076e0f1bc1028aa643b02/med_1545566648_Auto.png","visible":true}],"communities":[{"id":75,"title":"Auto & Technique","permalink":"cars","subscriptions_count":10083456,"big_image_url":"https://coub-anubis-a.akamaized.net/coub_storage/category/cw_image/dcda24f72f3/076e0f1bc1028aa643b02/big_1545566648_Auto.png","small_image_url":"https://coub-anubis-a.akamaized.net/coub_storage/category/cw_image/dcda24f72f3/076e0f1bc1028aa643b02/small_1545566648_Auto.png","med_image_url":"https://coub-anubis-a.akamaized.net/coub_storage/category/cw_image/dcda24f72f3/076e0f1bc1028aa643b02/med_1545566648_Auto.png","i_subscribed":true,"community_notifications_enabled":null,"description":null}],"recoubs_count":293,"remixes_count":0,"likes_count":1667,"dislikes_count":0,"raw_video_id":"","uploaded_by_ios_app":false,"uploaded_by_android_app":false,"media_blocks":{"uploaded_raw_videos":[],"external_raw_videos":[],"remixed_from_coubs":[{"id":40370414,"title":"ДТП с доставкой виновника или чо щяс?","url":"https://coub.com/coubs/2y6fvq/remix","image":"https://coub-anubis-a.akamaized.net/coub_storage/media_block/cw_image/e31573dda5d/217aa4cde4b0ce20bd414/video_1637486116_1i0wjo1_1637486098_00032.jpg","image_retina":"https://coub-anubis-a.akamaized.net/coub_storage/media_block/cw_image/e31573dda5d/217aa4cde4b0ce20bd414/video_retina_1637486116_1i0wjo1_1637486098_00032.jpg","meta":{"duration":"10.0"},"duration":null,"coub_channel_title":"Stolyan","coub_channel_permalink":"stolyan30548","coub_views_count":55817,"coub_permalink":"2y6fvq"}]},"raw_video_thumbnail_url":"","raw_video_title":"","video_block_banned":false,"duration":10.0,"promo_winner":false,"promo_winner_recoubers":null,"editorial_info":{},"promo_hint":null,"beeline_best_2014":null,"from_web_editor":true,"normalize_sound":true,"normalize_change_allowed":true,"best2015_addable":false,"ahmad_promo":null,"promo_data":null,"audio_copyright_claim":null,"ads_disabled":null,"is_safe_for_ads":true,"megafon_contents":[],"position_on_page":7},{"flag":null,"abuses":null,"recoubs_by_users_channels":null,"favourite":false,"promoted_id":null,"recoub":null,"like":null,"dislike":null,"reaction":null,"in_my_best2015":false,"id":91680775,"type":"Coub::Simple","permalink":"1i6ejr","title":"Зимние проблемы автомобилистов SAMBELONY","visibility_type":"public","original_visibility_type":"public","channel_id":3575181,"created_at":"2018-11-18T05:59:07Z","updated_at":"2022-02-04T17:34:47Z","is_done":true,"views_count":95836,"cotd":null,"cotd_at":null,"visible_on_explore_root":false,"visible_on_explore":false,"featured":false,"published":true,"published_at":"2018-11-18T05:59:07Z","reversed":false,"from_editor_v2":true,"is_editable":true,"original_sound":true,"has_sound":true,"recoub_to":null,"file_versions":{"html5":{"video":{"higher":{"url":"https://coub-anubis-a.akamaized.net/coub_storage/coub/simple/cw_file/3ef9dccd47a/a50ffc44a70e6eedf4865/muted_mp4_huge_size_1571840196_muted_huge.mp4","size":1365919},"high":{"url":"https://coub-anubis-a.akamaized.net/coub_storage/coub/simple/cw_file/3ef9dccd47a/a50ffc44a70e6eedf4865/muted_mp4_big_size_1571840196_muted_big.mp4","size":923773},"med":{"url":"https://coub-anubis-a.akamaized.net/coub_storage/coub/simple/cw_file/3ef9dccd47a/a50ffc44a70e6eedf4865/muted_mp4_med_size_1571840196_muted_med.mp4","size":261591}},"audio":{"high":{"url":"https://coub-anubis-a.akamaized.net/coub_storage/coub/simple/cw_looped_audio_high/28fc92353a6/766ee54a72d5ad217bcf2/1605656638_high_1542520750_high.mp3","size":957922},"med":{"url":"https://coub-anubis-a.akamaized.net/coub_storage/coub/simple/cw_looped_audio_med/d2263018b40/e90dea9179c09e5ede4f1/1605656638_med_1542520750_med.mp3","size":927862},"sample_duration":5.921}},"mobile":{"video":"https://coub-anubis-a.akamaized.net/coub_storage/coub/simple/cw_file/3ef9dccd47a/a50ffc44a70e6eedf4865/muted_mp4_med_size_1571840196_muted_med.mp4","audio":["https://coub-anubis-a.akamaized.net/coub_storage/coub/simple/cw_looped_audio_med/d2263018b40/e90dea9179c09e5ede4f1/1605656638_med_1542520750_med.mp3"]},"share":{"default":null}},"audio_versions":{},"image_versions":{"template":"https://coub-anubis-a.akamaized.net/coub_storage/coub/simple/cw_image/16b883d9ad1/a0b1245c6e5f6c02e7291/1542520755_00019.jpg","versions":["micro","tiny","age_restricted","ios_large","ios_mosaic","big","med","small","pinterest"]},"first_frame_versions":{"template":"https://coub-anubis-a.akamaized.net/coub_storage/coub/simple/cw_timeline_pic/b592d3609b8/27931dfea0559d2f043c3/1542520755_image.jpg","versions":["big","med","small","ios_large"]},"dimensions":{"big":[538,960],"med":[268,480]},"site_w_h":[224,400],"page_w_h":[400,714],"site_w_h_small":[310,553],"size":[538,960],"age_restricted":false,"age_restricted_by_admin":false,"not_safe_for_work":false,"allow_reuse":false,"dont_crop":false,"banned":false,"global_safe":false,"audio_file_url":null,"external_download":false,"application":null,"channel":{"id":3575181,"permalink":"dm1try93","title":"Dm1try","description":null,"followers_count":58,"following_count":18,"avatar_versions":{"template":"https://coub-anubis-a.akamaized.net/coub_storage/channel/cw_avatar/0befc0c485e/c5f4ae203f2127f4c9dc3/%{version}_1607718165_r9wr7x_1542818365_cropped.jpeg","versions":["medium","medium_2x","profile_pic","profile_pic_new","profile_pic_new_2x","tiny","tiny_2x","small","small_2x","ios_large","ios_small"]}},"file":null,"picture":"https://coub-anubis-a.akamaized.net/coub_storage/coub/simple/cw_image/16b883d9ad1/a0b1245c6e5f6c02e7291/1542520755_00019.jpg","timeline_picture":"https://coub-anubis-a.akamaized.net/coub_storage/coub/simple/cw_timeline_pic/b592d3609b8/27931dfea0559d2f043c3/1542520755_image.jpg","small_picture":"https://coub-anubis-a.akamaized.net/coub_storage/coub/simple/cw_image/16b883d9ad1/a0b1245c6e5f6c02e7291/1542520755_00019.jpg","sharing_picture":null,"percent_done":100,"tags":[],"categories":[{"id":75,"title":"Auto & Technique","permalink":"cars","subscriptions_count":10083456,"big_image_url":"https://coub-anubis-a.akamaized.net/coub_storage/category/cw_image/dcda24f72f3/076e0f1bc1028aa643b02/big_1545566648_Auto.png","small_image_url":"https://coub-anubis-a.akamaized.net/coub_storage/category/cw_image/dcda24f72f3/076e0f1bc1028aa643b02/small_1545566648_Auto.png","med_image_url":"https://coub-anubis-a.akamaized.net/coub_storage/category/cw_image/dcda24f72f3/076e0f1bc1028aa643b02/med_1545566648_Auto.png","visible":true}],"communities":[{"id":75,"title":"Auto & Technique","permalink":"cars","subscriptions_count":10083456,"big_image_url":"https://coub-anubis-a.akamaized.net/coub_storage/category/cw_image/dcda24f72f3/076e0f1bc1028aa643b02/big_1545566648_Auto.png","small_image_url":"https://coub-anubis-a.akamaized.net/coub_storage/category/cw_image/dcda24f72f3/076e0f1bc1028aa643b02/small_1545566648_Auto.png","med_image_url":"https://coub-anubis-a.akamaized.net/coub_storage/category/cw_image/dcda24f72f3/076e0f1bc1028aa643b02/med_1545566648_Auto.png","i_subscribed":true,"community_notifications_enabled":null,"description":null}],"recoubs_count":389,"remixes_count":0,"likes_count":1667,"dislikes_count":0,"raw_video_id":12718050,"uploaded_by_ios_app":false,"uploaded_by_android_app":true,"media_blocks":{"uploaded_raw_videos":[],"external_raw_videos":[],"remixed_from_coubs":[]},"raw_video_thumbnail_url":"/missing/missing.png","raw_video_title":null,"video_block_banned":false,"duration":5.92,"promo_winner":false,"promo_winner_recoubers":null,"editorial_info":{},"promo_hint":null,"beeline_best_2014":null,"from_web_editor":false,"normalize_sound":true,"normalize_change_allowed":true,"best2015_addable":false,"ahmad_promo":null,"promo_data":null,"audio_copyright_claim":null,"ads_disabled":false,"is_safe_for_ads":true,"megafon_contents":[],"position_on_page":8},{"flag":null,"abuses":null,"recoubs_by_users_channels":null,"favourite":false,"promoted_id":null,"recoub":null,"like":null,"dislike":null,"reaction":null,"in_my_best2015":false,"id":76818257,"type":"Coub::Simple","permalink":"19bugk","title":"Liberty Walk Ferrari 458 Italia","visibility_type":"public","original_visibility_type":"public","channel_id":4260075,"created_at":"2018-06-10T16:26:48Z","updated_at":"2022-03-17T18:23:33Z","is_done":true,"views_count":114920,"cotd":null,"cotd_at":null,"visible_on_explore_root":true,"visible_on_explore":true,"featured":true,"published":true,"published_at":"2018-06-10T16:26:48Z","reversed":false,"from_editor_v2":true,"is_editable":true,"original_sound":false,"has_sound":false,"recoub_to":null,"file_versions":{"html5":{"video":{"higher":{"url":"https://coub-anubis-a.akamaized.net/coub_storage/coub/simple/cw_file/43ab23c080a/bbaeb6cfc1e19254f4e65/muted_mp4_huge_size_1568245125_muted_huge.mp4","size":1699018},"high":{"url":"https://coub-anubis-a.akamaized.net/coub_storage/coub/simple/cw_file/43ab23c080a/bbaeb6cfc1e19254f4e65/muted_mp4_big_size_1568245125_muted_big.mp4","size":1302149},"med":{"url":"https://coub-anubis-a.akamaized.net/coub_storage/coub/simple/cw_file/43ab23c080a/bbaeb6cfc1e19254f4e65/muted_mp4_med_size_1568245125_muted_med.mp4","size":376932}},"audio":{"high":{"url":"https://coub-anubis-a.akamaized.net/coub_storage/coub/simple/cw_looped_audio_high/a929c08e6ae/c50d772c8c82440a2c884/1605624808_high_1528648738_high.mp3","size":5677624},"med":{"url":"https://coub-anubis-a.akamaized.net/coub_storage/coub/simple/cw_looped_audio_med/fe505afd1cd/7011c8e180e3e2a4e4f93/1605624807_med_1528648738_med.mp3","size":4602272}}},"mobile":{"video":"https://coub-anubis-a.akamaized.net/coub_storage/coub/simple/cw_file/43ab23c080a/bbaeb6cfc1e19254f4e65/muted_mp4_med_size_1568245125_muted_med.mp4","audio":["https://coub-anubis-a.akamaized.net/coub_storage/coub/simple/cw_looped_audio_med/fe505afd1cd/7011c8e180e3e2a4e4f93/1605624807_med_1528648738_med.mp3"]},"share":{"default":"https://coub-anubis-a.akamaized.net/coub_storage/coub/simple/cw_video_for_sharing/a05e5a3d2e3/59bdff0e6fd63ebc5d2d2/1609758794_looped_1609758793.mp4"}},"audio_versions":{"template":"https://coub-anubis-a.akamaized.net/coub_storage/audio_track/cw_normalized_copy/3caee251b2a/2e831d16528170910b5bb/mid_1528648721_9t1g87_normalized_1528648700_g0klg3_edited.mp3","versions":["mid","low"]},"image_versions":{"template":"https://coub-anubis-a.akamaized.net/coub_storage/coub/simple/cw_image/02b81c8c560/7a9dd29d7ce0bb938207f/1528648755_00032.jpg","versions":["micro","tiny","age_restricted","ios_large","ios_mosaic","big","med","small","pinterest"]},"first_frame_versions":{"template":"https://coub-anubis-a.akamaized.net/coub_storage/coub/simple/cw_timeline_pic/9df50c99b59/0d6e5c63fe09f698e545d/%{version}_1528648755_image.jpg","versions":["big","med","small","ios_large"]},"dimensions":{"big":[1280,576],"med":[640,288]},"site_w_h":[640,288],"page_w_h":[640,288],"site_w_h_small":[310,140],"size":[1280,576],"age_restricted":false,"age_restricted_by_admin":false,"not_safe_for_work":false,"allow_reuse":false,"dont_crop":false,"banned":false,"global_safe":true,"audio_file_url":"https://coub-anubis-a.akamaized.net/coub_storage/audio_track/cw_normalized_copy/3caee251b2a/2e831d16528170910b5bb/low_1528648721_9t1g87_normalized_1528648700_g0klg3_edited.mp3","external_download":{"type":"Youtube","service_name":"YouTube","url":"http://www.youtube.com/watch?v=rKid5xJSP7M","has_embed":true},"application":null,"channel":{"id":4260075,"permalink":"devy3312","title":"devy","description":null,"followers_count":92,"following_count":11,"avatar_versions":{"template":"https://coub-anubis-a.akamaized.net/coub_storage/channel/cw_avatar/306c38b93da/16da1c55065b9398bb6f5/%{version}_1607821422_1yvwnvr_1564613112_36899291_896348047216597_1235458281976102912_n.jpg","versions":["medium","medium_2x","profile_pic","profile_pic_new","profile_pic_new_2x","tiny","tiny_2x","small","small_2x","ios_large","ios_small"]}},"file":null,"picture":"https://coub-anubis-a.akamaized.net/coub_storage/coub/simple/cw_image/02b81c8c560/7a9dd29d7ce0bb938207f/1528648755_00032.jpg","timeline_picture":"https://coub-anubis-a.akamaized.net/coub_storage/coub/simple/cw_timeline_pic/9df50c99b59/0d6e5c63fe09f698e545d/ios_large_1528648755_image.jpg","small_picture":"https://coub-anubis-a.akamaized.net/coub_storage/coub/simple/cw_image/02b81c8c560/7a9dd29d7ce0bb938207f/1528648755_00032.jpg","sharing_picture":null,"percent_done":100,"tags":[{"id":14654,"title":"pranks","value":"pranks"},{"id":17520,"title":"vlog","value":"vlog"},{"id":236648,"title":"spotting","value":"spotting"},{"id":3082,"title":"video","value":"video"},{"id":2345,"title":"gaming","value":"gaming"},{"id":2230027,"title":"scareprank","value":"scareprank"},{"id":9336,"title":"makeup","value":"makeup"},{"id":2691,"title":"series","value":"series"},{"id":5148,"title":"episodes","value":"episodes"},{"id":8858,"title":"episode","value":"episode"},{"id":10524,"title":"social","value":"social"},{"id":179464,"title":"uploads","value":"uploads"},{"id":2252,"title":"channel","value":"channel"},{"id":15291,"title":"streaming","value":"streaming"},{"id":78885,"title":"live stream","value":"live%20stream"},{"id":655180,"title":"free tutorial","value":"free%20tutorial"},{"id":1405,"title":"guitar","value":"guitar"},{"id":145675,"title":"comedyshortsgamer","value":"comedyshortsgamer"},{"id":108722,"title":"youtuber","value":"youtuber"},{"id":19739,"title":"tutorial","value":"tutorial"}],"categories":[{"id":75,"title":"Auto & Technique","permalink":"cars","subscriptions_count":10083456,"big_image_url":"https://coub-anubis-a.akamaized.net/coub_storage/category/cw_image/dcda24f72f3/076e0f1bc1028aa643b02/big_1545566648_Auto.png","small_image_url":"https://coub-anubis-a.akamaized.net/coub_storage/category/cw_image/dcda24f72f3/076e0f1bc1028aa643b02/small_1545566648_Auto.png","med_image_url":"https://coub-anubis-a.akamaized.net/coub_storage/category/cw_image/dcda24f72f3/076e0f1bc1028aa643b02/med_1545566648_Auto.png","visible":true}],"communities":[{"id":75,"title":"Auto & Technique","permalink":"cars","subscriptions_count":10083456,"big_image_url":"https://coub-anubis-a.akamaized.net/coub_storage/category/cw_image/dcda24f72f3/076e0f1bc1028aa643b02/big_1545566648_Auto.png","small_image_url":"https://coub-anubis-a.akamaized.net/coub_storage/category/cw_image/dcda24f72f3/076e0f1bc1028aa643b02/small_1545566648_Auto.png","med_image_url":"https://coub-anubis-a.akamaized.net/coub_storage/category/cw_image/dcda24f72f3/076e0f1bc1028aa643b02/med_1545566648_Auto.png","i_subscribed":true,"community_notifications_enabled":null,"description":null}],"recoubs_count":387,"remixes_count":4,"likes_count":1667,"dislikes_count":0,"raw_video_id":10884843,"uploaded_by_ios_app":false,"uploaded_by_android_app":false,"media_blocks":{"uploaded_raw_videos":[],"external_raw_videos":[{"id":24090544,"title":"Streets at Midnight Liberty Walk Ferrari 458 Italia & Armytrix Titanium Exhaust","url":"http://www.youtube.com/watch?v=rKid5xJSP7M","image":"https://coub-anubis-a.akamaized.net/coub_storage/media_block/cw_image/53498054e65/9e43da545ba366c6cfe8d/1515337445_1515337429_1h5qzla_att-url-download.jpg","image_retina":"https://coub-anubis-a.akamaized.net/coub_storage/media_block/cw_image/53498054e65/9e43da545ba366c6cfe8d/1515337445_1515337429_1h5qzla_att-url-download.jpg","meta":{"service":"Youtube","duration":"109.76"},"duration":109.76,"raw_video_id":10884843,"has_embed":true}],"remixed_from_coubs":[],"external_video":{"id":24090544,"title":"Streets at Midnight Liberty Walk Ferrari 458 Italia & Armytrix Titanium Exhaust","url":"http://www.youtube.com/watch?v=rKid5xJSP7M","image":"https://coub-anubis-a.akamaized.net/coub_storage/media_block/cw_image/53498054e65/9e43da545ba366c6cfe8d/1515337445_1515337429_1h5qzla_att-url-download.jpg","image_retina":"https://coub-anubis-a.akamaized.net/coub_storage/media_block/cw_image/53498054e65/9e43da545ba366c6cfe8d/1515337445_1515337429_1h5qzla_att-url-download.jpg","meta":{"service":"Youtube","duration":"109.76"},"duration":109.76,"raw_video_id":10884843,"has_embed":true}},"raw_video_thumbnail_url":"/missing/missing.png","raw_video_title":"Streets at Midnight Liberty Walk Ferrari 458 Italia & Armytrix Titanium Exhaust","video_block_banned":false,"duration":10.0,"promo_winner":false,"promo_winner_recoubers":null,"editorial_info":{},"promo_hint":null,"beeline_best_2014":null,"from_web_editor":true,"normalize_sound":true,"normalize_change_allowed":true,"best2015_addable":false,"ahmad_promo":null,"promo_data":null,"audio_copyright_claim":null,"ads_disabled":false,"is_safe_for_ads":true,"megafon_contents":[],"position_on_page":9},{"flag":null,"abuses":null,"recoubs_by_users_channels":null,"favourite":false,"promoted_id":null,"recoub":null,"like":null,"dislike":null,"reaction":null,"in_my_best2015":false,"id":125194910,"type":"Coub::Simple","permalink":"225ahk","title":"2020 Mercedes GLE Review - It Bounces, Like A Lowrider","visibility_type":"public","original_visibility_type":"public","channel_id":2491972,"created_at":"2019-10-01T20:37:08Z","updated_at":"2022-03-17T21:16:53Z","is_done":true,"views_count":201994,"cotd":null,"cotd_at":null,"visible_on_explore_root":true,"visible_on_explore":true,"featured":true,"published":true,"published_at":"2019-10-01T20:37:08Z","reversed":false,"from_editor_v2":true,"is_editable":true,"original_sound":false,"has_sound":false,"recoub_to":null,"file_versions":{"html5":{"video":{"higher":{"url":"https://coub-anubis-a.akamaized.net/coub_storage/coub/simple/cw_file/1f69e7872c3/d3908b8a5b639824de3ed/muted_mp4_huge_size_1569962683_muted_huge.mp4","size":3756868},"high":{"url":"https://coub-anubis-a.akamaized.net/coub_storage/coub/simple/cw_file/1f69e7872c3/d3908b8a5b639824de3ed/muted_mp4_big_size_1569962683_muted_big.mp4","size":2993874},"med":{"url":"https://coub-anubis-a.akamaized.net/coub_storage/coub/simple/cw_file/1f69e7872c3/d3908b8a5b639824de3ed/muted_mp4_med_size_1569962683_muted_med.mp4","size":790790}},"audio":{"high":{"url":"https://coub-anubis-a.akamaized.net/coub_storage/coub/simple/cw_looped_audio_high/7f0da3a7fab/e8800b741936b86656cca/1605692083_high_1569962717_high.mp3","size":2867986},"med":{"url":"https://coub-anubis-a.akamaized.net/coub_storage/coub/simple/cw_looped_audio_med/f1faf0da01e/14afee474cf94ea3a7108/1605692082_med_1569962717_med.mp3","size":2084575}}},"mobile":{"video":"https://coub-anubis-a.akamaized.net/coub_storage/coub/simple/cw_file/1f69e7872c3/d3908b8a5b639824de3ed/muted_mp4_med_size_1569962683_muted_med.mp4","audio":["https://coub-anubis-a.akamaized.net/coub_storage/coub/simple/cw_looped_audio_med/f1faf0da01e/14afee474cf94ea3a7108/1605692082_med_1569962717_med.mp3"]},"share":{"default":"https://coub-anubis-a.akamaized.net/coub_storage/coub/simple/cw_video_for_sharing/cce6caa21a5/313a0b44b301607353bf0/1616319616_looped_1616319615.mp4"}},"audio_versions":{"template":"https://coub-anubis-a.akamaized.net/coub_storage/audio_track/cw_normalized_copy/704e02919a7/27937cbd0e5c616e91f2e/mid_1569962705_normalized_1569962686_19mbckt_edited.mp3","versions":["mid","low"]},"image_versions":{"template":"https://coub-anubis-a.akamaized.net/coub_storage/coub/simple/cw_image/c696e19beef/5118746214a8c304f7710/1569962730_00029.jpg","versions":["micro","tiny","age_restricted","ios_large","ios_mosaic","big","med","small","pinterest"]},"first_frame_versions":{"template":"https://coub-anubis-a.akamaized.net/coub_storage/coub/simple/cw_timeline_pic/78a7765ef92/431a7238b5cedd7b32cd4/%{version}_1569962729_image.jpg","versions":["big","med","small","ios_large"]},"dimensions":{"big":[1280,720],"med":[640,360]},"site_w_h":[640,360],"page_w_h":[640,360],"site_w_h_small":[310,174],"size":[1280,720],"age_restricted":false,"age_restricted_by_admin":false,"not_safe_for_work":false,"allow_reuse":false,"dont_crop":false,"banned":false,"global_safe":true,"audio_file_url":"https://coub-anubis-a.akamaized.net/coub_storage/audio_track/cw_normalized_copy/704e02919a7/27937cbd0e5c616e91f2e/low_1569962705_normalized_1569962686_19mbckt_edited.mp3","external_download":{"type":"Youtube","service_name":"YouTube","url":"https://www.youtube.com/watch?v=Ez1GO58inuw","has_embed":true},"application":null,"channel":{"id":2491972,"permalink":"nativus1","title":"Nativus","description":"Сейчас царит вторичность","followers_count":73,"following_count":10,"avatar_versions":{"template":"https://coub-anubis-a.akamaized.net/coub_storage/channel/cw_avatar/0d83dab059f/6d96cc5fbd7e63cce2c7e/%{version}_1609251579_1d4fbfm_1510151293_5831d5ebe351215882aba19b.png","versions":["medium","medium_2x","profile_pic","profile_pic_new","profile_pic_new_2x","tiny","tiny_2x","small","small_2x","ios_large","ios_small"]}},"file":null,"picture":"https://coub-anubis-a.akamaized.net/coub_storage/coub/simple/cw_image/c696e19beef/5118746214a8c304f7710/1569962730_00029.jpg","timeline_picture":"https://coub-anubis-a.akamaized.net/coub_storage/coub/simple/cw_timeline_pic/78a7765ef92/431a7238b5cedd7b32cd4/ios_large_1569962729_image.jpg","small_picture":"https://coub-anubis-a.akamaized.net/coub_storage/coub/simple/cw_image/c696e19beef/5118746214a8c304f7710/1569962730_00029.jpg","sharing_picture":null,"percent_done":100,"tags":[{"id":3467742,"title":"thestraightpipes","value":"thestraightpipes"},{"id":3467743,"title":"the straight pipes","value":"the%20straight%20pipes"},{"id":571670,"title":"straight pipes","value":"straight%20pipes"},{"id":1528054,"title":"straightpipes","value":"straightpipes"},{"id":24684,"title":"exhaust","value":"exhaust"},{"id":3098,"title":"sound","value":"sound"},{"id":21195,"title":"review","value":"review"},{"id":257922,"title":"2019","value":"2019"},{"id":361185,"title":"2020","value":"2020"},{"id":3730,"title":"mercedes","value":"mercedes"},{"id":658839,"title":"gle","value":"gle"},{"id":242888,"title":"350","value":"350"},{"id":216925,"title":"450","value":"450"},{"id":750772,"title":"mercedes gle","value":"mercedes%20gle"},{"id":5241627,"title":"mercedes gle350","value":"mercedes%20gle350"},{"id":5241628,"title":"mercedes gle 350","value":"mercedes%20gle%20350"},{"id":5241629,"title":"mercedes gle450","value":"mercedes%20gle450"},{"id":5241630,"title":"mercedes gle 450","value":"mercedes%20gle%20450"},{"id":5241631,"title":"e active body control","value":"e%20active%20body%20control"},{"id":19921,"title":"active body control","value":"active%20body%20control"},{"id":16096,"title":"bounce","value":"bounce"},{"id":40046,"title":"bouncing","value":"bouncing"},{"id":5241632,"title":"bounce mode","value":"bounce%20mode"},{"id":1327,"title":"jump","value":"jump"},{"id":5241633,"title":"mercedes gle review","value":"mercedes%20gle%20review"},{"id":5241634,"title":"2020 mercedes gle","value":"2020%20mercedes%20gle"},{"id":5241635,"title":"2020 mercedes gle review","value":"2020%20mercedes%20gle%20review"}],"categories":[{"id":75,"title":"Auto & Technique","permalink":"cars","subscriptions_count":10083456,"big_image_url":"https://coub-anubis-a.akamaized.net/coub_storage/category/cw_image/dcda24f72f3/076e0f1bc1028aa643b02/big_1545566648_Auto.png","small_image_url":"https://coub-anubis-a.akamaized.net/coub_storage/category/cw_image/dcda24f72f3/076e0f1bc1028aa643b02/small_1545566648_Auto.png","med_image_url":"https://coub-anubis-a.akamaized.net/coub_storage/category/cw_image/dcda24f72f3/076e0f1bc1028aa643b02/med_1545566648_Auto.png","visible":true}],"communities":[{"id":75,"title":"Auto & Technique","permalink":"cars","subscriptions_count":10083456,"big_image_url":"https://coub-anubis-a.akamaized.net/coub_storage/category/cw_image/dcda24f72f3/076e0f1bc1028aa643b02/big_1545566648_Auto.png","small_image_url":"https://coub-anubis-a.akamaized.net/coub_storage/category/cw_image/dcda24f72f3/076e0f1bc1028aa643b02/small_1545566648_Auto.png","med_image_url":"https://coub-anubis-a.akamaized.net/coub_storage/category/cw_image/dcda24f72f3/076e0f1bc1028aa643b02/med_1545566648_Auto.png","i_subscribed":true,"community_notifications_enabled":null,"description":null}],"recoubs_count":280,"remixes_count":3,"likes_count":1666,"dislikes_count":0,"raw_video_id":14295886,"uploaded_by_ios_app":false,"uploaded_by_android_app":false,"media_blocks":{"uploaded_raw_videos":[],"external_raw_videos":[{"id":33417390,"title":"2020 Mercedes GLE Review - It Bounces, Like A Lowrider","url":"https://www.youtube.com/watch?v=Ez1GO58inuw","image":"https://coub-anubis-a.akamaized.net/coub_storage/media_block/cw_image/bc57a1be8c3/fca48c47d0d00a4aab444/1569959618_is8rpt_1569959269_jqv7c8_att-url-download.jpg","image_retina":"https://coub-anubis-a.akamaized.net/coub_storage/media_block/cw_image/bc57a1be8c3/fca48c47d0d00a4aab444/1569959618_is8rpt_1569959269_jqv7c8_att-url-download.jpg","meta":{"service":"Youtube","duration":"1180.76"},"duration":1180.76,"raw_video_id":14295886,"has_embed":true}],"remixed_from_coubs":[],"external_video":{"id":33417390,"title":"2020 Mercedes GLE Review - It Bounces, Like A Lowrider","url":"https://www.youtube.com/watch?v=Ez1GO58inuw","image":"https://coub-anubis-a.akamaized.net/coub_storage/media_block/cw_image/bc57a1be8c3/fca48c47d0d00a4aab444/1569959618_is8rpt_1569959269_jqv7c8_att-url-download.jpg","image_retina":"https://coub-anubis-a.akamaized.net/coub_storage/media_block/cw_image/bc57a1be8c3/fca48c47d0d00a4aab444/1569959618_is8rpt_1569959269_jqv7c8_att-url-download.jpg","meta":{"service":"Youtube","duration":"1180.76"},"duration":1180.76,"raw_video_id":14295886,"has_embed":true}},"raw_video_thumbnail_url":"/missing/missing.png","raw_video_title":"2020 Mercedes GLE Review - It Bounces, Like A Lowrider","video_block_banned":false,"duration":9.24,"promo_winner":false,"promo_winner_recoubers":null,"editorial_info":{},"promo_hint":null,"beeline_best_2014":null,"from_web_editor":true,"normalize_sound":true,"normalize_change_allowed":true,"best2015_addable":false,"ahmad_promo":null,"promo_data":null,"audio_copyright_claim":null,"ads_disabled":false,"is_safe_for_ads":true,"megafon_contents":[],"position_on_page":10}]}