{"page":349,"per_page":10,"total_pages":500,"coubs":[{"flag":null,"abuses":null,"recoubs_by_users_channels":null,"favourite":false,"promoted_id":null,"recoub":null,"like":null,"dislike":null,"reaction":null,"in_my_best2015":false,"id":181359324,"type":"Coub::Simple","permalink":"2zmook","title":"это вам не просто так","visibility_type":"public","original_visibility_type":"public","channel_id":1007417,"created_at":"2022-01-12T09:54:29Z","updated_at":"2022-02-21T05:43:52Z","is_done":true,"views_count":16264,"cotd":null,"cotd_at":null,"visible_on_explore_root":false,"visible_on_explore":false,"featured":false,"published":true,"published_at":"2022-01-12T09:54:29Z","reversed":false,"from_editor_v2":true,"is_editable":true,"original_sound":true,"has_sound":true,"recoub_to":null,"file_versions":{"html5":{"video":{"higher":{"url":"https://coub-anubis-a.akamaized.net/coub_storage/coub/simple/cw_file/fa6da8b386f/01bab78e25db373ea26cb/muted_mp4_huge_size_1641981277_muted_huge.mp4","size":2371921},"high":{"url":"https://coub-anubis-a.akamaized.net/coub_storage/coub/simple/cw_file/fa6da8b386f/01bab78e25db373ea26cb/muted_mp4_big_size_1641981277_muted_big.mp4","size":1422250},"med":{"url":"https://coub-anubis-a.akamaized.net/coub_storage/coub/simple/cw_file/fa6da8b386f/01bab78e25db373ea26cb/muted_mp4_med_size_1641981277_muted_med.mp4","size":487614}},"audio":{"high":{"url":"https://coub-anubis-a.akamaized.net/coub_storage/coub/simple/cw_looped_audio_high/473736a8aec/9a06d0f91c8405824696a/1641981278_mp3-high.mp3","size":773826},"med":{"url":"https://coub-anubis-a.akamaized.net/coub_storage/coub/simple/cw_looped_audio_med/ae07ea30f2b/ce997d51f63fb04232c6d/1641981278_mp3-med.mp3","size":771360},"sample_duration":10.008}},"mobile":{"video":"https://coub-anubis-a.akamaized.net/coub_storage/coub/simple/cw_file/fa6da8b386f/01bab78e25db373ea26cb/muted_mp4_med_size_1641981277_muted_med.mp4","audio":["https://coub-anubis-a.akamaized.net/coub_storage/coub/simple/cw_looped_audio_med/ae07ea30f2b/ce997d51f63fb04232c6d/1641981278_mp3-med.mp3"]},"share":{"default":"https://coub-anubis-a.akamaized.net/coub_storage/coub/simple/cw_video_for_sharing/4e3e69a8724/1eb904e1e8ee191f2b27c/1641981309_looped_1641981308.mp4"}},"audio_versions":{},"image_versions":{"template":"https://coub-anubis-a.akamaized.net/coub_storage/coub/simple/cw_image/6d1665ed8fd/214b8ac5462087b4b4430/%{version}_1641981284_00032.jpg","versions":["micro","tiny","age_restricted","ios_large","ios_mosaic","big","med","small","pinterest"]},"first_frame_versions":{"template":"https://coub-anubis-a.akamaized.net/coub_storage/coub/simple/cw_timeline_pic/860bf586119/a5c1b504fdb0695ff1b3f/%{version}_1641981283_image.jpg","versions":["big","med","small","ios_large"]},"dimensions":{"big":[540,960],"med":[270,480]},"site_w_h":[225,400],"page_w_h":[400,711],"site_w_h_small":[310,551],"size":[540,960],"age_restricted":false,"age_restricted_by_admin":false,"not_safe_for_work":null,"allow_reuse":false,"dont_crop":true,"banned":false,"global_safe":null,"audio_file_url":null,"external_download":{"type":"Youtube","service_name":"YouTube","url":"https://youtu.be/ZcVDhLXq3zc","has_embed":true},"application":null,"channel":{"id":1007417,"permalink":"igori.sautin","title":"Igor Sautin","description":"потомственный выгуливатель енотов","followers_count":61,"following_count":30,"avatar_versions":{"template":"https://coub-anubis-a.akamaized.net/coub_storage/channel/cw_avatar/0de968cb4c6/511407c986bf3304b3a2f/%{version}_1607587648_1b7ym01_1508153503_IMG_3401.jpg","versions":["medium","medium_2x","profile_pic","profile_pic_new","profile_pic_new_2x","tiny","tiny_2x","small","small_2x","ios_large","ios_small"]}},"file":null,"picture":"https://coub-anubis-a.akamaized.net/coub_storage/coub/simple/cw_image/6d1665ed8fd/214b8ac5462087b4b4430/med_1641981284_00032.jpg","timeline_picture":"https://coub-anubis-a.akamaized.net/coub_storage/coub/simple/cw_timeline_pic/860bf586119/a5c1b504fdb0695ff1b3f/ios_large_1641981283_image.jpg","small_picture":"https://coub-anubis-a.akamaized.net/coub_storage/coub/simple/cw_image/6d1665ed8fd/214b8ac5462087b4b4430/ios_mosaic_1641981284_00032.jpg","sharing_picture":null,"percent_done":100,"tags":[],"categories":[{"id":116,"title":"Memes","permalink":"memes","subscriptions_count":1914550,"big_image_url":"https://coub-anubis-a.akamaized.net/coub_storage/category/cw_image/c9ec52f6b8e/901439d39eb2de551860f/big_1623846896_memes.png","small_image_url":"https://coub-anubis-a.akamaized.net/coub_storage/category/cw_image/c9ec52f6b8e/901439d39eb2de551860f/small_1623846896_memes.png","med_image_url":"https://coub-anubis-a.akamaized.net/coub_storage/category/cw_image/c9ec52f6b8e/901439d39eb2de551860f/med_1623846896_memes.png","visible":true}],"communities":[{"id":116,"title":"Memes","permalink":"memes","subscriptions_count":1914550,"big_image_url":"https://coub-anubis-a.akamaized.net/coub_storage/category/cw_image/c9ec52f6b8e/901439d39eb2de551860f/big_1623846896_memes.png","small_image_url":"https://coub-anubis-a.akamaized.net/coub_storage/category/cw_image/c9ec52f6b8e/901439d39eb2de551860f/small_1623846896_memes.png","med_image_url":"https://coub-anubis-a.akamaized.net/coub_storage/category/cw_image/c9ec52f6b8e/901439d39eb2de551860f/med_1623846896_memes.png","i_subscribed":true,"community_notifications_enabled":null,"description":null}],"recoubs_count":12,"remixes_count":0,"likes_count":68,"dislikes_count":0,"raw_video_id":17054580,"uploaded_by_ios_app":false,"uploaded_by_android_app":false,"media_blocks":{"uploaded_raw_videos":[],"external_raw_videos":[{"id":40781595,"title":"Кунг-фу мастер","url":"https://www.youtube.com/watch?v=ZcVDhLXq3zc","image":null,"image_retina":null,"meta":{"service":"Youtube","duration":"41.48"},"duration":41.48,"raw_video_id":17054580,"has_embed":true}],"remixed_from_coubs":[],"external_video":{"id":40781595,"title":"Кунг-фу мастер","url":"https://www.youtube.com/watch?v=ZcVDhLXq3zc","image":null,"image_retina":null,"meta":{"service":"Youtube","duration":"41.48"},"duration":41.48,"raw_video_id":17054580,"has_embed":true}},"raw_video_thumbnail_url":"/missing/missing.png","raw_video_title":"Кунг-фу мастер","video_block_banned":false,"duration":10.0,"promo_winner":false,"promo_winner_recoubers":null,"editorial_info":{},"promo_hint":null,"beeline_best_2014":null,"from_web_editor":true,"normalize_sound":true,"normalize_change_allowed":true,"best2015_addable":false,"ahmad_promo":null,"promo_data":null,"audio_copyright_claim":null,"ads_disabled":null,"is_safe_for_ads":true,"megafon_contents":[],"position_on_page":1},{"flag":null,"abuses":null,"recoubs_by_users_channels":null,"favourite":false,"promoted_id":null,"recoub":null,"like":null,"dislike":null,"reaction":null,"in_my_best2015":false,"id":181234042,"type":"Coub::Simple","permalink":"2zk00i","title":"twitch","visibility_type":"public","original_visibility_type":"public","channel_id":351167,"created_at":"2022-01-09T13:33:24Z","updated_at":"2022-03-08T19:38:32Z","is_done":true,"views_count":9757,"cotd":null,"cotd_at":null,"visible_on_explore_root":false,"visible_on_explore":false,"featured":false,"published":true,"published_at":"2022-01-09T13:33:24Z","reversed":false,"from_editor_v2":true,"is_editable":true,"original_sound":true,"has_sound":true,"recoub_to":null,"file_versions":{"html5":{"video":{"higher":{"url":"https://coub-anubis-a.akamaized.net/coub_storage/coub/simple/cw_file/13a34fac596/a5697ad8128e94a28e7cb/muted_mp4_huge_size_1641735209_muted_huge.mp4","size":3907947},"high":{"url":"https://coub-anubis-a.akamaized.net/coub_storage/coub/simple/cw_file/13a34fac596/a5697ad8128e94a28e7cb/muted_mp4_big_size_1641735209_muted_big.mp4","size":2535452},"med":{"url":"https://coub-anubis-a.akamaized.net/coub_storage/coub/simple/cw_file/13a34fac596/a5697ad8128e94a28e7cb/muted_mp4_med_size_1641735209_muted_med.mp4","size":942045}},"audio":{"high":{"url":"https://coub-anubis-a.akamaized.net/coub_storage/coub/simple/cw_looped_audio_high/37c9a16267a/376e2d1c914e74e484841/1641735211_mp3-high.mp3","size":1004006},"med":{"url":"https://coub-anubis-a.akamaized.net/coub_storage/coub/simple/cw_looped_audio_med/045fd94220b/e3447f2ea17544f7789df/1641735211_mp3-med.mp3","size":799076},"sample_duration":10.008}},"mobile":{"video":"https://coub-anubis-a.akamaized.net/coub_storage/coub/simple/cw_file/13a34fac596/a5697ad8128e94a28e7cb/muted_mp4_med_size_1641735209_muted_med.mp4","audio":["https://coub-anubis-a.akamaized.net/coub_storage/coub/simple/cw_looped_audio_med/045fd94220b/e3447f2ea17544f7789df/1641735211_mp3-med.mp3"]},"share":{"default":"https://coub-anubis-a.akamaized.net/coub_storage/coub/simple/cw_video_for_sharing/41565e46024/3fac92492ab01358264b6/1641735241_looped_1641735240.mp4"}},"audio_versions":{},"image_versions":{"template":"https://coub-anubis-a.akamaized.net/coub_storage/coub/simple/cw_image/ce421db8bf4/6ebea318d010b54cb2887/%{version}_1641735216_00032.jpg","versions":["micro","tiny","age_restricted","ios_large","ios_mosaic","big","med","small","pinterest"]},"first_frame_versions":{"template":"https://coub-anubis-a.akamaized.net/coub_storage/coub/simple/cw_timeline_pic/16803838fbc/6961e3871edfb82b95bd7/%{version}_1641735215_image.jpg","versions":["big","med","small","ios_large"]},"dimensions":{"big":[1280,716],"med":[640,358]},"site_w_h":[640,358],"page_w_h":[640,358],"site_w_h_small":[310,173],"size":[1280,716],"age_restricted":false,"age_restricted_by_admin":false,"not_safe_for_work":null,"allow_reuse":false,"dont_crop":true,"banned":false,"global_safe":null,"audio_file_url":null,"external_download":false,"application":null,"channel":{"id":351167,"permalink":"kamik-lord","title":"kamik lord","description":null,"followers_count":118,"following_count":2,"avatar_versions":{"template":"https://coub-anubis-a.akamaized.net/coub_storage/channel/cw_avatar/9989201ac52/3ed03d4e9af419a06e858/%{version}_1474500947_iehsgn_att-url-download.jpg","versions":["medium","medium_2x","profile_pic","profile_pic_new","profile_pic_new_2x","tiny","tiny_2x","small","small_2x","ios_large","ios_small"]}},"file":null,"picture":"https://coub-anubis-a.akamaized.net/coub_storage/coub/simple/cw_image/ce421db8bf4/6ebea318d010b54cb2887/med_1641735216_00032.jpg","timeline_picture":"https://coub-anubis-a.akamaized.net/coub_storage/coub/simple/cw_timeline_pic/16803838fbc/6961e3871edfb82b95bd7/ios_large_1641735215_image.jpg","small_picture":"https://coub-anubis-a.akamaized.net/coub_storage/coub/simple/cw_image/ce421db8bf4/6ebea318d010b54cb2887/ios_mosaic_1641735216_00032.jpg","sharing_picture":null,"percent_done":100,"tags":[{"id":9159,"title":"twitch","value":"twitch"},{"id":292,"title":"humor","value":"humor"},{"id":22031,"title":"grandmother","value":"grandmother"}],"categories":[{"id":116,"title":"Memes","permalink":"memes","subscriptions_count":1914550,"big_image_url":"https://coub-anubis-a.akamaized.net/coub_storage/category/cw_image/c9ec52f6b8e/901439d39eb2de551860f/big_1623846896_memes.png","small_image_url":"https://coub-anubis-a.akamaized.net/coub_storage/category/cw_image/c9ec52f6b8e/901439d39eb2de551860f/small_1623846896_memes.png","med_image_url":"https://coub-anubis-a.akamaized.net/coub_storage/category/cw_image/c9ec52f6b8e/901439d39eb2de551860f/med_1623846896_memes.png","visible":true}],"communities":[{"id":116,"title":"Memes","permalink":"memes","subscriptions_count":1914550,"big_image_url":"https://coub-anubis-a.akamaized.net/coub_storage/category/cw_image/c9ec52f6b8e/901439d39eb2de551860f/big_1623846896_memes.png","small_image_url":"https://coub-anubis-a.akamaized.net/coub_storage/category/cw_image/c9ec52f6b8e/901439d39eb2de551860f/small_1623846896_memes.png","med_image_url":"https://coub-anubis-a.akamaized.net/coub_storage/category/cw_image/c9ec52f6b8e/901439d39eb2de551860f/med_1623846896_memes.png","i_subscribed":true,"community_notifications_enabled":null,"description":null}],"recoubs_count":13,"remixes_count":0,"likes_count":68,"dislikes_count":0,"raw_video_id":17050230,"uploaded_by_ios_app":false,"uploaded_by_android_app":false,"media_blocks":{"uploaded_raw_videos":[],"external_raw_videos":[],"remixed_from_coubs":[]},"raw_video_thumbnail_url":"https://coub-anubis-a.akamaized.net/coub_storage/raw_video/cw_image/2c0a0728e0b/dcc96e7a38f52aa4371fb/coub_media_1641734709_image.jpg","raw_video_title":"1433456178831536132_1630676900717.mp4","video_block_banned":false,"duration":10.0,"promo_winner":false,"promo_winner_recoubers":null,"editorial_info":{},"promo_hint":null,"beeline_best_2014":null,"from_web_editor":true,"normalize_sound":true,"normalize_change_allowed":true,"best2015_addable":false,"ahmad_promo":null,"promo_data":null,"audio_copyright_claim":null,"ads_disabled":null,"is_safe_for_ads":true,"megafon_contents":[],"position_on_page":2},{"flag":null,"abuses":null,"recoubs_by_users_channels":null,"favourite":false,"promoted_id":null,"recoub":null,"like":null,"dislike":null,"reaction":null,"in_my_best2015":false,"id":181170294,"type":"Coub::Simple","permalink":"2zimtp","title":"esit","visibility_type":"public","original_visibility_type":"public","channel_id":12926591,"created_at":"2022-01-08T00:45:27Z","updated_at":"2022-02-06T09:14:23Z","is_done":true,"views_count":14903,"cotd":null,"cotd_at":null,"visible_on_explore_root":false,"visible_on_explore":false,"featured":false,"published":true,"published_at":"2022-01-08T00:45:27Z","reversed":false,"from_editor_v2":true,"is_editable":true,"original_sound":true,"has_sound":true,"recoub_to":null,"file_versions":{"html5":{"video":{"higher":{"url":"https://coub-anubis-a.akamaized.net/coub_storage/coub/simple/cw_file/ebf87b6a14b/aa9d1ab6aceba530bccf3/muted_mp4_huge_size_1641602732_muted_huge.mp4","size":2050197},"high":{"url":"https://coub-anubis-a.akamaized.net/coub_storage/coub/simple/cw_file/ebf87b6a14b/aa9d1ab6aceba530bccf3/muted_mp4_big_size_1641602732_muted_big.mp4","size":1285685},"med":{"url":"https://coub-anubis-a.akamaized.net/coub_storage/coub/simple/cw_file/ebf87b6a14b/aa9d1ab6aceba530bccf3/muted_mp4_med_size_1641602732_muted_med.mp4","size":432332}},"audio":{"high":{"url":"https://coub-anubis-a.akamaized.net/coub_storage/coub/simple/cw_looped_audio_high/9550d266035/aa5b3552c84eb98dcaf48/1641602734_mp3-high.mp3","size":956589},"med":{"url":"https://coub-anubis-a.akamaized.net/coub_storage/coub/simple/cw_looped_audio_med/105a80dda93/84f97f35dde8a14a3ab91/1641602733_mp3-med.mp3","size":948057},"sample_duration":9.938}},"mobile":{"video":"https://coub-anubis-a.akamaized.net/coub_storage/coub/simple/cw_file/ebf87b6a14b/aa9d1ab6aceba530bccf3/muted_mp4_med_size_1641602732_muted_med.mp4","audio":["https://coub-anubis-a.akamaized.net/coub_storage/coub/simple/cw_looped_audio_med/105a80dda93/84f97f35dde8a14a3ab91/1641602733_mp3-med.mp3"]},"share":{"default":"https://coub-anubis-a.akamaized.net/coub_storage/coub/simple/cw_video_for_sharing/58bcbc0da62/1ff579f4b7c74f5d4f430/1641602756_looped_1641602756.mp4"}},"audio_versions":{},"image_versions":{"template":"https://coub-anubis-a.akamaized.net/coub_storage/coub/simple/cw_image/1d3e0dc8d32/4f8571543fd1aacfafaac/%{version}_1641602737_00032.jpg","versions":["micro","tiny","age_restricted","ios_large","ios_mosaic","big","med","small","pinterest"]},"first_frame_versions":{"template":"https://coub-anubis-a.akamaized.net/coub_storage/coub/simple/cw_timeline_pic/05154d7bf84/17f07e588a04943c06530/%{version}_1641602737_image.jpg","versions":["big","med","small","ios_large"]},"dimensions":{"big":[538,960],"med":[268,480]},"site_w_h":[224,400],"page_w_h":[400,714],"site_w_h_small":[310,553],"size":[538,960],"age_restricted":false,"age_restricted_by_admin":false,"not_safe_for_work":null,"allow_reuse":false,"dont_crop":true,"banned":false,"global_safe":null,"audio_file_url":null,"external_download":false,"application":null,"channel":{"id":12926591,"permalink":"meliodasofc","title":"Master","description":"Thanks for 400K views!","followers_count":14,"following_count":18,"avatar_versions":{"template":"https://coub-anubis-a.akamaized.net/coub_storage/channel/cw_avatar/3052b1582c9/2e2cd5f2059f3481fabd2/%{version}_1645040306_cropped.jpeg","versions":["medium","medium_2x","profile_pic","profile_pic_new","profile_pic_new_2x","tiny","tiny_2x","small","small_2x","ios_large","ios_small"]}},"file":null,"picture":"https://coub-anubis-a.akamaized.net/coub_storage/coub/simple/cw_image/1d3e0dc8d32/4f8571543fd1aacfafaac/med_1641602737_00032.jpg","timeline_picture":"https://coub-anubis-a.akamaized.net/coub_storage/coub/simple/cw_timeline_pic/05154d7bf84/17f07e588a04943c06530/ios_large_1641602737_image.jpg","small_picture":"https://coub-anubis-a.akamaized.net/coub_storage/coub/simple/cw_image/1d3e0dc8d32/4f8571543fd1aacfafaac/ios_mosaic_1641602737_00032.jpg","sharing_picture":null,"percent_done":100,"tags":[],"categories":[{"id":116,"title":"Memes","permalink":"memes","subscriptions_count":1914550,"big_image_url":"https://coub-anubis-a.akamaized.net/coub_storage/category/cw_image/c9ec52f6b8e/901439d39eb2de551860f/big_1623846896_memes.png","small_image_url":"https://coub-anubis-a.akamaized.net/coub_storage/category/cw_image/c9ec52f6b8e/901439d39eb2de551860f/small_1623846896_memes.png","med_image_url":"https://coub-anubis-a.akamaized.net/coub_storage/category/cw_image/c9ec52f6b8e/901439d39eb2de551860f/med_1623846896_memes.png","visible":true}],"communities":[{"id":116,"title":"Memes","permalink":"memes","subscriptions_count":1914550,"big_image_url":"https://coub-anubis-a.akamaized.net/coub_storage/category/cw_image/c9ec52f6b8e/901439d39eb2de551860f/big_1623846896_memes.png","small_image_url":"https://coub-anubis-a.akamaized.net/coub_storage/category/cw_image/c9ec52f6b8e/901439d39eb2de551860f/small_1623846896_memes.png","med_image_url":"https://coub-anubis-a.akamaized.net/coub_storage/category/cw_image/c9ec52f6b8e/901439d39eb2de551860f/med_1623846896_memes.png","i_subscribed":true,"community_notifications_enabled":null,"description":null}],"recoubs_count":6,"remixes_count":0,"likes_count":68,"dislikes_count":0,"raw_video_id":17047127,"uploaded_by_ios_app":false,"uploaded_by_android_app":true,"media_blocks":{"uploaded_raw_videos":[],"external_raw_videos":[],"remixed_from_coubs":[]},"raw_video_thumbnail_url":"/missing/missing.png","raw_video_title":null,"video_block_banned":false,"duration":9.92,"promo_winner":false,"promo_winner_recoubers":null,"editorial_info":{},"promo_hint":null,"beeline_best_2014":null,"from_web_editor":false,"normalize_sound":true,"normalize_change_allowed":true,"best2015_addable":false,"ahmad_promo":null,"promo_data":null,"audio_copyright_claim":null,"ads_disabled":null,"is_safe_for_ads":true,"megafon_contents":[],"position_on_page":3},{"flag":null,"abuses":null,"recoubs_by_users_channels":null,"favourite":false,"promoted_id":null,"recoub":null,"like":null,"dislike":null,"reaction":null,"in_my_best2015":false,"id":180748745,"type":"Coub::Simple","permalink":"2z9ljx","title":"Рокки 10","visibility_type":"public","original_visibility_type":"public","channel_id":3872014,"created_at":"2021-12-29T15:56:45Z","updated_at":"2022-02-02T15:42:50Z","is_done":true,"views_count":10957,"cotd":null,"cotd_at":null,"visible_on_explore_root":false,"visible_on_explore":false,"featured":false,"published":true,"published_at":"2021-12-29T15:56:45Z","reversed":false,"from_editor_v2":true,"is_editable":true,"original_sound":true,"has_sound":true,"recoub_to":null,"file_versions":{"html5":{"video":{"higher":{"url":"https://coub-anubis-a.akamaized.net/coub_storage/coub/simple/cw_file/3602b666752/6f4aa0f8acc6bf50bdf6f/muted_mp4_huge_size_1640793413_muted_huge.mp4","size":2254111},"high":{"url":"https://coub-anubis-a.akamaized.net/coub_storage/coub/simple/cw_file/3602b666752/6f4aa0f8acc6bf50bdf6f/muted_mp4_big_size_1640793413_muted_big.mp4","size":1508141},"med":{"url":"https://coub-anubis-a.akamaized.net/coub_storage/coub/simple/cw_file/3602b666752/6f4aa0f8acc6bf50bdf6f/muted_mp4_med_size_1640793413_muted_med.mp4","size":467687}},"audio":{"high":{"url":"https://coub-anubis-a.akamaized.net/coub_storage/coub/simple/cw_looped_audio_high/56b3141fdf0/2a6647becf3e269e98ccf/1640793415_mp3-high.mp3","size":1219528},"med":{"url":"https://coub-anubis-a.akamaized.net/coub_storage/coub/simple/cw_looped_audio_med/7df683574b9/8a9743addac78f1c82802/1640793414_mp3-med.mp3","size":923935},"sample_duration":7.291}},"mobile":{"video":"https://coub-anubis-a.akamaized.net/coub_storage/coub/simple/cw_file/3602b666752/6f4aa0f8acc6bf50bdf6f/muted_mp4_med_size_1640793413_muted_med.mp4","audio":["https://coub-anubis-a.akamaized.net/coub_storage/coub/simple/cw_looped_audio_med/7df683574b9/8a9743addac78f1c82802/1640793414_mp3-med.mp3"]},"share":{"default":"https://coub-anubis-a.akamaized.net/coub_storage/coub/simple/cw_video_for_sharing/be39dc0d750/1e97cf9fc035d7bf0f076/1640793439_looped_1640793439.mp4"}},"audio_versions":{},"image_versions":{"template":"https://coub-anubis-a.akamaized.net/coub_storage/coub/simple/cw_image/aba001f2f7c/2d17472374d5fe17f1c14/%{version}_1640793419_00023.jpg","versions":["micro","tiny","age_restricted","ios_large","ios_mosaic","big","med","small","pinterest"]},"first_frame_versions":{"template":"https://coub-anubis-a.akamaized.net/coub_storage/coub/simple/cw_timeline_pic/6780c663698/22f7f6a16ae8d535f7a47/%{version}_1640793419_image.jpg","versions":["big","med","small","ios_large"]},"dimensions":{"big":[1280,712],"med":[640,356]},"site_w_h":[640,356],"page_w_h":[640,356],"site_w_h_small":[310,172],"size":[1280,712],"age_restricted":false,"age_restricted_by_admin":false,"not_safe_for_work":null,"allow_reuse":false,"dont_crop":true,"banned":false,"global_safe":null,"audio_file_url":null,"external_download":false,"application":null,"channel":{"id":3872014,"permalink":"gintas-gintukas4","title":"Gintas Gintukas","description":null,"followers_count":373,"following_count":6,"avatar_versions":{"template":"https://coub-anubis-a.akamaized.net/coub_storage/channel/cw_avatar/64e864588b5/461ed8bfc45c41240d276/%{version}_1632573076_FB_IMG_1631269101262.jpg","versions":["medium","medium_2x","profile_pic","profile_pic_new","profile_pic_new_2x","tiny","tiny_2x","small","small_2x","ios_large","ios_small"]}},"file":null,"picture":"https://coub-anubis-a.akamaized.net/coub_storage/coub/simple/cw_image/aba001f2f7c/2d17472374d5fe17f1c14/med_1640793419_00023.jpg","timeline_picture":"https://coub-anubis-a.akamaized.net/coub_storage/coub/simple/cw_timeline_pic/6780c663698/22f7f6a16ae8d535f7a47/ios_large_1640793419_image.jpg","small_picture":"https://coub-anubis-a.akamaized.net/coub_storage/coub/simple/cw_image/aba001f2f7c/2d17472374d5fe17f1c14/ios_mosaic_1640793419_00023.jpg","sharing_picture":null,"percent_done":100,"tags":[{"id":40270,"title":"рокки","value":"%D1%80%D0%BE%D0%BA%D0%BA%D0%B8"},{"id":9494,"title":"rocky balboa","value":"rocky%20balboa"}],"categories":[{"id":116,"title":"Memes","permalink":"memes","subscriptions_count":1914550,"big_image_url":"https://coub-anubis-a.akamaized.net/coub_storage/category/cw_image/c9ec52f6b8e/901439d39eb2de551860f/big_1623846896_memes.png","small_image_url":"https://coub-anubis-a.akamaized.net/coub_storage/category/cw_image/c9ec52f6b8e/901439d39eb2de551860f/small_1623846896_memes.png","med_image_url":"https://coub-anubis-a.akamaized.net/coub_storage/category/cw_image/c9ec52f6b8e/901439d39eb2de551860f/med_1623846896_memes.png","visible":true}],"communities":[{"id":116,"title":"Memes","permalink":"memes","subscriptions_count":1914550,"big_image_url":"https://coub-anubis-a.akamaized.net/coub_storage/category/cw_image/c9ec52f6b8e/901439d39eb2de551860f/big_1623846896_memes.png","small_image_url":"https://coub-anubis-a.akamaized.net/coub_storage/category/cw_image/c9ec52f6b8e/901439d39eb2de551860f/small_1623846896_memes.png","med_image_url":"https://coub-anubis-a.akamaized.net/coub_storage/category/cw_image/c9ec52f6b8e/901439d39eb2de551860f/med_1623846896_memes.png","i_subscribed":true,"community_notifications_enabled":null,"description":null}],"recoubs_count":14,"remixes_count":0,"likes_count":68,"dislikes_count":0,"raw_video_id":17026099,"uploaded_by_ios_app":false,"uploaded_by_android_app":false,"media_blocks":{"uploaded_raw_videos":[],"external_raw_videos":[],"remixed_from_coubs":[]},"raw_video_thumbnail_url":"https://coub-anubis-a.akamaized.net/coub_storage/raw_video/cw_image/afd9154fee6/1ab888abdf9398d88de29/coub_media_1640793361_image.jpg","raw_video_title":"1.mp4","video_block_banned":false,"duration":7.32,"promo_winner":false,"promo_winner_recoubers":null,"editorial_info":{},"promo_hint":null,"beeline_best_2014":null,"from_web_editor":true,"normalize_sound":true,"normalize_change_allowed":true,"best2015_addable":false,"ahmad_promo":null,"promo_data":null,"audio_copyright_claim":null,"ads_disabled":null,"is_safe_for_ads":true,"megafon_contents":[],"position_on_page":4},{"flag":null,"abuses":null,"recoubs_by_users_channels":null,"favourite":false,"promoted_id":null,"recoub":null,"like":null,"dislike":null,"reaction":null,"in_my_best2015":false,"id":180744726,"type":"Coub::Simple","permalink":"2z9iga","title":"вставай скорей ,дурёха","visibility_type":"public","original_visibility_type":"public","channel_id":4303760,"created_at":"2021-12-29T14:08:00Z","updated_at":"2022-03-09T12:20:07Z","is_done":true,"views_count":10825,"cotd":null,"cotd_at":null,"visible_on_explore_root":false,"visible_on_explore":false,"featured":false,"published":true,"published_at":"2021-12-29T14:08:00Z","reversed":false,"from_editor_v2":true,"is_editable":true,"original_sound":false,"has_sound":false,"recoub_to":null,"file_versions":{"html5":{"video":{"higher":{"url":"https://coub-anubis-a.akamaized.net/coub_storage/coub/simple/cw_file/3de6131c59e/5b1f41836cc65d9d916bc/muted_mp4_huge_size_1640786882_muted_huge.mp4","size":681173},"high":{"url":"https://coub-anubis-a.akamaized.net/coub_storage/coub/simple/cw_file/3de6131c59e/5b1f41836cc65d9d916bc/muted_mp4_big_size_1640786882_muted_big.mp4","size":404355},"med":{"url":"https://coub-anubis-a.akamaized.net/coub_storage/coub/simple/cw_file/3de6131c59e/5b1f41836cc65d9d916bc/muted_mp4_med_size_1640786882_muted_med.mp4","size":130783}},"audio":{"high":{"url":"https://coub-anubis-a.akamaized.net/coub_storage/coub/simple/cw_looped_audio_high/469964bab6a/1b5b1c86cca88458c8016/1640786887_mp3-high.mp3","size":1300530},"med":{"url":"https://coub-anubis-a.akamaized.net/coub_storage/coub/simple/cw_looped_audio_med/03203f9359c/4112920037d49d9f00c21/1640786886_mp3-med.mp3","size":913230}}},"mobile":{"video":"https://coub-anubis-a.akamaized.net/coub_storage/coub/simple/cw_file/3de6131c59e/5b1f41836cc65d9d916bc/muted_mp4_med_size_1640786882_muted_med.mp4","audio":["https://coub-anubis-a.akamaized.net/coub_storage/coub/simple/cw_looped_audio_med/03203f9359c/4112920037d49d9f00c21/1640786886_mp3-med.mp3"]},"share":{"default":"https://coub-anubis-a.akamaized.net/coub_storage/coub/simple/cw_video_for_sharing/a2dd662a499/53aa1704aaadcc5556934/1640786907_looped_1640786907.mp4"}},"audio_versions":{"template":"https://coub-anubis-a.akamaized.net/coub_storage/audio_track/cw_file/2683a1db17c/55a03b412af49610133ba/mid_1640786884_1v7ngqr_edited.mp3","versions":["mid","low"]},"image_versions":{"template":"https://coub-anubis-a.akamaized.net/coub_storage/coub/simple/cw_image/40271714457/10e5f545394e14f41b5b1/%{version}_1640786890_00021.jpg","versions":["micro","tiny","age_restricted","ios_large","ios_mosaic","big","med","small","pinterest"]},"first_frame_versions":{"template":"https://coub-anubis-a.akamaized.net/coub_storage/coub/simple/cw_timeline_pic/f0d50ab5d66/fa6205db618ba0949d1e6/%{version}_1640786890_image.jpg","versions":["big","med","small","ios_large"]},"dimensions":{"big":[536,960],"med":[268,480]},"site_w_h":[223,400],"page_w_h":[400,716],"site_w_h_small":[310,555],"size":[536,960],"age_restricted":false,"age_restricted_by_admin":false,"not_safe_for_work":null,"allow_reuse":false,"dont_crop":true,"banned":false,"global_safe":null,"audio_file_url":"https://coub-anubis-a.akamaized.net/coub_storage/audio_track/cw_file/2683a1db17c/55a03b412af49610133ba/low_1640786884_1v7ngqr_edited.mp3","external_download":false,"application":null,"channel":{"id":4303760,"permalink":"kosta842","title":"  Kostya","description":null,"followers_count":80,"following_count":59,"avatar_versions":{"template":"https://coub-anubis-a.akamaized.net/coub_storage/channel/cw_avatar/4ab444c9965/cdf0d6820294351018445/%{version}_1635791868_cropped.jpeg","versions":["medium","medium_2x","profile_pic","profile_pic_new","profile_pic_new_2x","tiny","tiny_2x","small","small_2x","ios_large","ios_small"]}},"file":null,"picture":"https://coub-anubis-a.akamaized.net/coub_storage/coub/simple/cw_image/40271714457/10e5f545394e14f41b5b1/med_1640786890_00021.jpg","timeline_picture":"https://coub-anubis-a.akamaized.net/coub_storage/coub/simple/cw_timeline_pic/f0d50ab5d66/fa6205db618ba0949d1e6/ios_large_1640786890_image.jpg","small_picture":"https://coub-anubis-a.akamaized.net/coub_storage/coub/simple/cw_image/40271714457/10e5f545394e14f41b5b1/ios_mosaic_1640786890_00021.jpg","sharing_picture":null,"percent_done":100,"tags":[{"id":29634,"title":"поддержка","value":"%D0%BF%D0%BE%D0%B4%D0%B4%D0%B5%D1%80%D0%B6%D0%BA%D0%B0"},{"id":1285677,"title":"собакадругчеловека","value":"%D1%81%D0%BE%D0%B1%D0%B0%D0%BA%D0%B0%D0%B4%D1%80%D1%83%D0%B3%D1%87%D0%B5%D0%BB%D0%BE%D0%B2%D0%B5%D0%BA%D0%B0"},{"id":6680034,"title":"пёсрядом","value":"%D0%BF%D1%91%D1%81%D1%80%D1%8F%D0%B4%D0%BE%D0%BC"},{"id":2115,"title":"падение","value":"%D0%BF%D0%B0%D0%B4%D0%B5%D0%BD%D0%B8%D0%B5"},{"id":200579,"title":"треня","value":"%D1%82%D1%80%D0%B5%D0%BD%D1%8F"},{"id":33291,"title":"йога","value":"%D0%B9%D0%BE%D0%B3%D0%B0"}],"categories":[{"id":116,"title":"Memes","permalink":"memes","subscriptions_count":1914550,"big_image_url":"https://coub-anubis-a.akamaized.net/coub_storage/category/cw_image/c9ec52f6b8e/901439d39eb2de551860f/big_1623846896_memes.png","small_image_url":"https://coub-anubis-a.akamaized.net/coub_storage/category/cw_image/c9ec52f6b8e/901439d39eb2de551860f/small_1623846896_memes.png","med_image_url":"https://coub-anubis-a.akamaized.net/coub_storage/category/cw_image/c9ec52f6b8e/901439d39eb2de551860f/med_1623846896_memes.png","visible":true}],"communities":[{"id":116,"title":"Memes","permalink":"memes","subscriptions_count":1914550,"big_image_url":"https://coub-anubis-a.akamaized.net/coub_storage/category/cw_image/c9ec52f6b8e/901439d39eb2de551860f/big_1623846896_memes.png","small_image_url":"https://coub-anubis-a.akamaized.net/coub_storage/category/cw_image/c9ec52f6b8e/901439d39eb2de551860f/small_1623846896_memes.png","med_image_url":"https://coub-anubis-a.akamaized.net/coub_storage/category/cw_image/c9ec52f6b8e/901439d39eb2de551860f/med_1623846896_memes.png","i_subscribed":true,"community_notifications_enabled":null,"description":null}],"recoubs_count":7,"remixes_count":0,"likes_count":68,"dislikes_count":0,"raw_video_id":17025891,"uploaded_by_ios_app":false,"uploaded_by_android_app":true,"media_blocks":{"uploaded_raw_videos":[],"external_raw_videos":[],"remixed_from_coubs":[]},"raw_video_thumbnail_url":"/missing/missing.png","raw_video_title":null,"video_block_banned":false,"duration":6.4,"promo_winner":false,"promo_winner_recoubers":null,"editorial_info":{},"promo_hint":null,"beeline_best_2014":null,"from_web_editor":false,"normalize_sound":true,"normalize_change_allowed":true,"best2015_addable":false,"ahmad_promo":null,"promo_data":null,"audio_copyright_claim":null,"ads_disabled":null,"is_safe_for_ads":true,"megafon_contents":[],"position_on_page":5},{"flag":null,"abuses":null,"recoubs_by_users_channels":null,"favourite":false,"promoted_id":null,"recoub":null,"like":null,"dislike":null,"reaction":null,"in_my_best2015":false,"id":180605343,"type":"Coub::Simple","permalink":"2z6iwg","title":"Переплести жизни на первом этаже ","visibility_type":"public","original_visibility_type":"public","channel_id":129296,"created_at":"2021-12-26T12:44:53Z","updated_at":"2022-02-28T18:42:33Z","is_done":true,"views_count":10047,"cotd":null,"cotd_at":null,"visible_on_explore_root":false,"visible_on_explore":false,"featured":false,"published":true,"published_at":"2021-12-26T12:44:53Z","reversed":false,"from_editor_v2":true,"is_editable":true,"original_sound":true,"has_sound":true,"recoub_to":null,"file_versions":{"html5":{"video":{"higher":{"url":"https://coub-anubis-a.akamaized.net/coub_storage/coub/simple/cw_file/78fbc668543/ed7169fc51cf29ee9301c/muted_mp4_huge_size_1640522703_muted_huge.mp4","size":1397334},"high":{"url":"https://coub-anubis-a.akamaized.net/coub_storage/coub/simple/cw_file/78fbc668543/ed7169fc51cf29ee9301c/muted_mp4_big_size_1640522703_muted_big.mp4","size":838985},"med":{"url":"https://coub-anubis-a.akamaized.net/coub_storage/coub/simple/cw_file/78fbc668543/ed7169fc51cf29ee9301c/muted_mp4_med_size_1640522703_muted_med.mp4","size":266482}},"audio":{"high":{"url":"https://coub-anubis-a.akamaized.net/coub_storage/coub/simple/cw_looped_audio_high/e38b43d4f81/a540da0fc8a3e29c0ef6a/1640522706_mp3-high.mp3","size":1163610},"med":{"url":"https://coub-anubis-a.akamaized.net/coub_storage/coub/simple/cw_looped_audio_med/d049c4ce4da/eceeb951ccc3e987a648a/1640522705_mp3-med.mp3","size":896967},"sample_duration":7.036}},"mobile":{"video":"https://coub-anubis-a.akamaized.net/coub_storage/coub/simple/cw_file/78fbc668543/ed7169fc51cf29ee9301c/muted_mp4_med_size_1640522703_muted_med.mp4","audio":["https://coub-anubis-a.akamaized.net/coub_storage/coub/simple/cw_looped_audio_med/d049c4ce4da/eceeb951ccc3e987a648a/1640522705_mp3-med.mp3"]},"share":{"default":"https://coub-anubis-a.akamaized.net/coub_storage/coub/simple/cw_video_for_sharing/c5152e9868a/477807674096f1e4a784c/1640522756_looped_1640522754.mp4"}},"audio_versions":{},"image_versions":{"template":"https://coub-anubis-a.akamaized.net/coub_storage/coub/simple/cw_image/1bbd1732874/689f3374489f7cbc1e50e/%{version}_1640522714_00023.jpg","versions":["micro","tiny","age_restricted","ios_large","ios_mosaic","big","med","small","pinterest"]},"first_frame_versions":{"template":"https://coub-anubis-a.akamaized.net/coub_storage/coub/simple/cw_timeline_pic/b908543203b/f2aeefc252ab65c7f5870/%{version}_1640522714_image.jpg","versions":["big","med","small","ios_large"]},"dimensions":{"big":[540,960],"med":[270,480]},"site_w_h":[225,400],"page_w_h":[400,711],"site_w_h_small":[310,551],"size":[540,960],"age_restricted":false,"age_restricted_by_admin":false,"not_safe_for_work":null,"allow_reuse":false,"dont_crop":true,"banned":false,"global_safe":null,"audio_file_url":null,"external_download":false,"application":null,"channel":{"id":129296,"permalink":"aleshka-shilov","title":"Aleshka Shilov","description":null,"followers_count":199,"following_count":42,"avatar_versions":{"template":"https://coub-anubis-a.akamaized.net/coub_storage/channel/cw_avatar/a444651d4c9/a8224240fd5e9029f6b65/%{version}_1474487653_6e2w04_att-url-download.jpg","versions":["medium","medium_2x","profile_pic","profile_pic_new","profile_pic_new_2x","tiny","tiny_2x","small","small_2x","ios_large","ios_small"]}},"file":null,"picture":"https://coub-anubis-a.akamaized.net/coub_storage/coub/simple/cw_image/1bbd1732874/689f3374489f7cbc1e50e/med_1640522714_00023.jpg","timeline_picture":"https://coub-anubis-a.akamaized.net/coub_storage/coub/simple/cw_timeline_pic/b908543203b/f2aeefc252ab65c7f5870/ios_large_1640522714_image.jpg","small_picture":"https://coub-anubis-a.akamaized.net/coub_storage/coub/simple/cw_image/1bbd1732874/689f3374489f7cbc1e50e/ios_mosaic_1640522714_00023.jpg","sharing_picture":null,"percent_done":100,"tags":[{"id":1031088,"title":"засор","value":"%D0%B7%D0%B0%D1%81%D0%BE%D1%80"},{"id":47428,"title":"унитаз","value":"%D1%83%D0%BD%D0%B8%D1%82%D0%B0%D0%B7"},{"id":113926,"title":"канализация","value":"%D0%BA%D0%B0%D0%BD%D0%B0%D0%BB%D0%B8%D0%B7%D0%B0%D1%86%D0%B8%D1%8F"},{"id":21381,"title":"потоп","value":"%D0%BF%D0%BE%D1%82%D0%BE%D0%BF"}],"categories":[{"id":116,"title":"Memes","permalink":"memes","subscriptions_count":1914550,"big_image_url":"https://coub-anubis-a.akamaized.net/coub_storage/category/cw_image/c9ec52f6b8e/901439d39eb2de551860f/big_1623846896_memes.png","small_image_url":"https://coub-anubis-a.akamaized.net/coub_storage/category/cw_image/c9ec52f6b8e/901439d39eb2de551860f/small_1623846896_memes.png","med_image_url":"https://coub-anubis-a.akamaized.net/coub_storage/category/cw_image/c9ec52f6b8e/901439d39eb2de551860f/med_1623846896_memes.png","visible":true}],"communities":[{"id":116,"title":"Memes","permalink":"memes","subscriptions_count":1914550,"big_image_url":"https://coub-anubis-a.akamaized.net/coub_storage/category/cw_image/c9ec52f6b8e/901439d39eb2de551860f/big_1623846896_memes.png","small_image_url":"https://coub-anubis-a.akamaized.net/coub_storage/category/cw_image/c9ec52f6b8e/901439d39eb2de551860f/small_1623846896_memes.png","med_image_url":"https://coub-anubis-a.akamaized.net/coub_storage/category/cw_image/c9ec52f6b8e/901439d39eb2de551860f/med_1623846896_memes.png","i_subscribed":true,"community_notifications_enabled":null,"description":null}],"recoubs_count":17,"remixes_count":0,"likes_count":68,"dislikes_count":0,"raw_video_id":17018986,"uploaded_by_ios_app":false,"uploaded_by_android_app":false,"media_blocks":{"uploaded_raw_videos":[],"external_raw_videos":[],"remixed_from_coubs":[]},"raw_video_thumbnail_url":"https://coub-anubis-a.akamaized.net/coub_storage/raw_video/cw_image/677c9c378ec/b707cbf5702f8effcdccb/coub_media_1640522630_image.jpg","raw_video_title":"2_5305784108197089616.mp4","video_block_banned":false,"duration":7.2,"promo_winner":false,"promo_winner_recoubers":null,"editorial_info":{},"promo_hint":null,"beeline_best_2014":null,"from_web_editor":true,"normalize_sound":true,"normalize_change_allowed":true,"best2015_addable":false,"ahmad_promo":null,"promo_data":null,"audio_copyright_claim":null,"ads_disabled":null,"is_safe_for_ads":true,"megafon_contents":[],"position_on_page":6},{"flag":null,"abuses":null,"recoubs_by_users_channels":null,"favourite":false,"promoted_id":null,"recoub":null,"like":null,"dislike":null,"reaction":null,"in_my_best2015":false,"id":180490751,"type":"Coub::Simple","permalink":"2z42ha","title":"I like furry... (//// ͡°////// ͜ʖ///// ͡°////)","visibility_type":"public","original_visibility_type":"public","channel_id":5148114,"created_at":"2021-12-23T22:58:23Z","updated_at":"2022-03-15T18:47:54Z","is_done":true,"views_count":13809,"cotd":null,"cotd_at":null,"visible_on_explore_root":false,"visible_on_explore":false,"featured":false,"published":true,"published_at":"2021-12-23T22:58:23Z","reversed":false,"from_editor_v2":true,"is_editable":true,"original_sound":true,"has_sound":true,"recoub_to":null,"file_versions":{"html5":{"video":{"higher":{"url":"https://coub-anubis-a.akamaized.net/coub_storage/coub/simple/cw_file/fecb47ead64/1d0975a74108e20ca2a2f/muted_mp4_huge_size_1640300306_muted_huge.mp4","size":2823699},"high":{"url":"https://coub-anubis-a.akamaized.net/coub_storage/coub/simple/cw_file/fecb47ead64/1d0975a74108e20ca2a2f/muted_mp4_big_size_1640300306_muted_big.mp4","size":1919947},"med":{"url":"https://coub-anubis-a.akamaized.net/coub_storage/coub/simple/cw_file/fecb47ead64/1d0975a74108e20ca2a2f/muted_mp4_med_size_1640300306_muted_med.mp4","size":700585}},"audio":{"high":{"url":"https://coub-anubis-a.akamaized.net/coub_storage/coub/simple/cw_looped_audio_high/a21c1a03ba1/c8df197df4ef1d194f19b/1640300308_mp3-high.mp3","size":1138679},"med":{"url":"https://coub-anubis-a.akamaized.net/coub_storage/coub/simple/cw_looped_audio_med/fa3c11a20de/b163405a27d76796a7eb2/1640300307_mp3-med.mp3","size":799076},"sample_duration":10.008}},"mobile":{"video":"https://coub-anubis-a.akamaized.net/coub_storage/coub/simple/cw_file/fecb47ead64/1d0975a74108e20ca2a2f/muted_mp4_med_size_1640300306_muted_med.mp4","audio":["https://coub-anubis-a.akamaized.net/coub_storage/coub/simple/cw_looped_audio_med/fa3c11a20de/b163405a27d76796a7eb2/1640300307_mp3-med.mp3"]},"share":{"default":"https://coub-anubis-a.akamaized.net/coub_storage/coub/simple/cw_video_for_sharing/bdc2516a21e/dbd4749d5f4b63afd4f36/1640300337_looped_1640300336.mp4"}},"audio_versions":{},"image_versions":{"template":"https://coub-anubis-a.akamaized.net/coub_storage/coub/simple/cw_image/9001f95a6ed/e822ec34bcdbd2bb38aac/%{version}_1640300313_00032.jpg","versions":["micro","tiny","age_restricted","ios_large","ios_mosaic","big","med","small","pinterest"]},"first_frame_versions":{"template":"https://coub-anubis-a.akamaized.net/coub_storage/coub/simple/cw_timeline_pic/686387e6e7b/7516891b8daf437249e37/%{version}_1640300313_image.jpg","versions":["big","med","small","ios_large"]},"dimensions":{"big":[960,960],"med":[480,480]},"site_w_h":[400,400],"page_w_h":[400,400],"site_w_h_small":[310,310],"size":[960,960],"age_restricted":false,"age_restricted_by_admin":false,"not_safe_for_work":null,"allow_reuse":false,"dont_crop":true,"banned":false,"global_safe":null,"audio_file_url":null,"external_download":false,"application":null,"channel":{"id":5148114,"permalink":"akulka24","title":"Ballon_Guy","description":"HOLY SHIT 1 MILLION VIEWS!!!","followers_count":59,"following_count":25,"avatar_versions":{"template":"https://coub-anubis-a.akamaized.net/coub_storage/channel/cw_avatar/e7a9e7cd229/e884d6b9e7601b335c75e/%{version}_1624640302_cropped.jpeg","versions":["medium","medium_2x","profile_pic","profile_pic_new","profile_pic_new_2x","tiny","tiny_2x","small","small_2x","ios_large","ios_small"]}},"file":null,"picture":"https://coub-anubis-a.akamaized.net/coub_storage/coub/simple/cw_image/9001f95a6ed/e822ec34bcdbd2bb38aac/med_1640300313_00032.jpg","timeline_picture":"https://coub-anubis-a.akamaized.net/coub_storage/coub/simple/cw_timeline_pic/686387e6e7b/7516891b8daf437249e37/ios_large_1640300313_image.jpg","small_picture":"https://coub-anubis-a.akamaized.net/coub_storage/coub/simple/cw_image/9001f95a6ed/e822ec34bcdbd2bb38aac/ios_mosaic_1640300313_00032.jpg","sharing_picture":null,"percent_done":100,"tags":[],"categories":[{"id":116,"title":"Memes","permalink":"memes","subscriptions_count":1914550,"big_image_url":"https://coub-anubis-a.akamaized.net/coub_storage/category/cw_image/c9ec52f6b8e/901439d39eb2de551860f/big_1623846896_memes.png","small_image_url":"https://coub-anubis-a.akamaized.net/coub_storage/category/cw_image/c9ec52f6b8e/901439d39eb2de551860f/small_1623846896_memes.png","med_image_url":"https://coub-anubis-a.akamaized.net/coub_storage/category/cw_image/c9ec52f6b8e/901439d39eb2de551860f/med_1623846896_memes.png","visible":true}],"communities":[{"id":116,"title":"Memes","permalink":"memes","subscriptions_count":1914550,"big_image_url":"https://coub-anubis-a.akamaized.net/coub_storage/category/cw_image/c9ec52f6b8e/901439d39eb2de551860f/big_1623846896_memes.png","small_image_url":"https://coub-anubis-a.akamaized.net/coub_storage/category/cw_image/c9ec52f6b8e/901439d39eb2de551860f/small_1623846896_memes.png","med_image_url":"https://coub-anubis-a.akamaized.net/coub_storage/category/cw_image/c9ec52f6b8e/901439d39eb2de551860f/med_1623846896_memes.png","i_subscribed":true,"community_notifications_enabled":null,"description":null}],"recoubs_count":12,"remixes_count":0,"likes_count":68,"dislikes_count":0,"raw_video_id":17013560,"uploaded_by_ios_app":false,"uploaded_by_android_app":true,"media_blocks":{"uploaded_raw_videos":[],"external_raw_videos":[],"remixed_from_coubs":[]},"raw_video_thumbnail_url":"/missing/missing.png","raw_video_title":null,"video_block_banned":false,"duration":10.04,"promo_winner":false,"promo_winner_recoubers":null,"editorial_info":{},"promo_hint":null,"beeline_best_2014":null,"from_web_editor":false,"normalize_sound":true,"normalize_change_allowed":true,"best2015_addable":false,"ahmad_promo":null,"promo_data":null,"audio_copyright_claim":null,"ads_disabled":null,"is_safe_for_ads":true,"megafon_contents":[],"position_on_page":7},{"flag":null,"abuses":null,"recoubs_by_users_channels":null,"favourite":false,"promoted_id":null,"recoub":null,"like":null,"dislike":null,"reaction":null,"in_my_best2015":false,"id":180437685,"type":"Coub::Simple","permalink":"2z2xj8","title":"Bleach return meme","visibility_type":"public","original_visibility_type":"public","channel_id":4657631,"created_at":"2021-12-22T20:07:40Z","updated_at":"2022-02-26T13:21:15Z","is_done":true,"views_count":11405,"cotd":null,"cotd_at":null,"visible_on_explore_root":false,"visible_on_explore":false,"featured":false,"published":true,"published_at":"2021-12-22T20:07:40Z","reversed":false,"from_editor_v2":true,"is_editable":true,"original_sound":true,"has_sound":true,"recoub_to":null,"file_versions":{"html5":{"video":{"higher":{"url":"https://coub-anubis-a.akamaized.net/coub_storage/coub/simple/cw_file/a80beff8b83/b425779bab5b1b3453bdd/muted_mp4_huge_size_1640203668_muted_huge.mp4","size":1979913},"high":{"url":"https://coub-anubis-a.akamaized.net/coub_storage/coub/simple/cw_file/a80beff8b83/b425779bab5b1b3453bdd/muted_mp4_big_size_1640203668_muted_big.mp4","size":1336478},"med":{"url":"https://coub-anubis-a.akamaized.net/coub_storage/coub/simple/cw_file/a80beff8b83/b425779bab5b1b3453bdd/muted_mp4_med_size_1640203668_muted_med.mp4","size":442457}},"audio":{"high":{"url":"https://coub-anubis-a.akamaized.net/coub_storage/coub/simple/cw_looped_audio_high/e793924857c/5134074368bfa0973943d/1640203670_mp3-high.mp3","size":1236631},"med":{"url":"https://coub-anubis-a.akamaized.net/coub_storage/coub/simple/cw_looped_audio_med/d584ed7cc28/e6e581bd1cb97bc769bd3/1640203669_mp3-med.mp3","size":891132},"sample_duration":9.334}},"mobile":{"video":"https://coub-anubis-a.akamaized.net/coub_storage/coub/simple/cw_file/a80beff8b83/b425779bab5b1b3453bdd/muted_mp4_med_size_1640203668_muted_med.mp4","audio":["https://coub-anubis-a.akamaized.net/coub_storage/coub/simple/cw_looped_audio_med/d584ed7cc28/e6e581bd1cb97bc769bd3/1640203669_mp3-med.mp3"]},"share":{"default":"https://coub-anubis-a.akamaized.net/coub_storage/coub/simple/cw_video_for_sharing/bc5ea50d90d/cfa804dc4fb23179a3ca3/1640203697_looped_1640203696.mp4"}},"audio_versions":{},"image_versions":{"template":"https://coub-anubis-a.akamaized.net/coub_storage/coub/simple/cw_image/bb42b759892/c9bc0d4cef01cd8c09f54/%{version}_1640203675_00030.jpg","versions":["micro","tiny","age_restricted","ios_large","ios_mosaic","big","med","small","pinterest"]},"first_frame_versions":{"template":"https://coub-anubis-a.akamaized.net/coub_storage/coub/simple/cw_timeline_pic/e84a7e2b97f/2e8bb74ddb5acc9b93f9e/%{version}_1640203674_image.jpg","versions":["big","med","small","ios_large"]},"dimensions":{"big":[1280,720],"med":[640,360]},"site_w_h":[640,360],"page_w_h":[640,360],"site_w_h_small":[310,174],"size":[1280,720],"age_restricted":false,"age_restricted_by_admin":false,"not_safe_for_work":null,"allow_reuse":false,"dont_crop":true,"banned":false,"global_safe":null,"audio_file_url":null,"external_download":false,"application":null,"channel":{"id":4657631,"permalink":"blatnoyusek","title":" Overlord","description":null,"followers_count":14,"following_count":14,"avatar_versions":{"template":"https://coubsecureassets-a.akamaihd.net/assets/default-avatars/126-23c60297a676495ddcffac39d0a33f17af05fe9da784a85d44442a7f29b8222e.png"}},"file":null,"picture":"https://coub-anubis-a.akamaized.net/coub_storage/coub/simple/cw_image/bb42b759892/c9bc0d4cef01cd8c09f54/med_1640203675_00030.jpg","timeline_picture":"https://coub-anubis-a.akamaized.net/coub_storage/coub/simple/cw_timeline_pic/e84a7e2b97f/2e8bb74ddb5acc9b93f9e/ios_large_1640203674_image.jpg","small_picture":"https://coub-anubis-a.akamaized.net/coub_storage/coub/simple/cw_image/bb42b759892/c9bc0d4cef01cd8c09f54/ios_mosaic_1640203675_00030.jpg","sharing_picture":null,"percent_done":100,"tags":[{"id":6528275,"title":"snotty boy glow up meme","value":"snotty%20boy%20glow%20up%20meme"},{"id":1425120,"title":"snotty boy","value":"snotty%20boy"},{"id":2994016,"title":"close eyes","value":"close%20eyes"},{"id":32657,"title":"bleach","value":"bleach"},{"id":4368538,"title":"bleach returns","value":"bleach%20returns"},{"id":5543042,"title":"bleach return","value":"bleach%20return"}],"categories":[{"id":116,"title":"Memes","permalink":"memes","subscriptions_count":1914550,"big_image_url":"https://coub-anubis-a.akamaized.net/coub_storage/category/cw_image/c9ec52f6b8e/901439d39eb2de551860f/big_1623846896_memes.png","small_image_url":"https://coub-anubis-a.akamaized.net/coub_storage/category/cw_image/c9ec52f6b8e/901439d39eb2de551860f/small_1623846896_memes.png","med_image_url":"https://coub-anubis-a.akamaized.net/coub_storage/category/cw_image/c9ec52f6b8e/901439d39eb2de551860f/med_1623846896_memes.png","visible":true}],"communities":[{"id":116,"title":"Memes","permalink":"memes","subscriptions_count":1914550,"big_image_url":"https://coub-anubis-a.akamaized.net/coub_storage/category/cw_image/c9ec52f6b8e/901439d39eb2de551860f/big_1623846896_memes.png","small_image_url":"https://coub-anubis-a.akamaized.net/coub_storage/category/cw_image/c9ec52f6b8e/901439d39eb2de551860f/small_1623846896_memes.png","med_image_url":"https://coub-anubis-a.akamaized.net/coub_storage/category/cw_image/c9ec52f6b8e/901439d39eb2de551860f/med_1623846896_memes.png","i_subscribed":true,"community_notifications_enabled":null,"description":null}],"recoubs_count":6,"remixes_count":0,"likes_count":68,"dislikes_count":0,"raw_video_id":17011029,"uploaded_by_ios_app":false,"uploaded_by_android_app":false,"media_blocks":{"uploaded_raw_videos":[],"external_raw_videos":[],"remixed_from_coubs":[]},"raw_video_thumbnail_url":"https://coub-anubis-a.akamaized.net/coub_storage/raw_video/cw_image/5a9f41f50d8/fa45841ccc5089fcc3100/coub_media_1640203246_image.jpg","raw_video_title":"___________.mp4","video_block_banned":false,"duration":9.32,"promo_winner":false,"promo_winner_recoubers":null,"editorial_info":{},"promo_hint":null,"beeline_best_2014":null,"from_web_editor":true,"normalize_sound":true,"normalize_change_allowed":true,"best2015_addable":false,"ahmad_promo":null,"promo_data":null,"audio_copyright_claim":null,"ads_disabled":null,"is_safe_for_ads":true,"megafon_contents":[],"position_on_page":8},{"flag":null,"abuses":null,"recoubs_by_users_channels":null,"favourite":false,"promoted_id":null,"recoub":null,"like":null,"dislike":null,"reaction":null,"in_my_best2015":false,"id":180425786,"type":"Coub::Simple","permalink":"2z2ocp","title":"black magic right there","visibility_type":"public","original_visibility_type":"public","channel_id":3276518,"created_at":"2021-12-22T15:51:47Z","updated_at":"2022-02-07T20:26:21Z","is_done":true,"views_count":12019,"cotd":null,"cotd_at":null,"visible_on_explore_root":false,"visible_on_explore":false,"featured":false,"published":true,"published_at":"2021-12-22T15:51:47Z","reversed":false,"from_editor_v2":true,"is_editable":true,"original_sound":true,"has_sound":true,"recoub_to":null,"file_versions":{"html5":{"video":{"higher":{"url":"https://coub-anubis-a.akamaized.net/coub_storage/coub/simple/cw_file/e1b2903233c/bf8987699510a87c28289/muted_mp4_huge_size_1640188377_muted_huge.mp4","size":705189},"high":{"url":"https://coub-anubis-a.akamaized.net/coub_storage/coub/simple/cw_file/e1b2903233c/bf8987699510a87c28289/muted_mp4_big_size_1640188377_muted_big.mp4","size":454822},"med":{"url":"https://coub-anubis-a.akamaized.net/coub_storage/coub/simple/cw_file/e1b2903233c/bf8987699510a87c28289/muted_mp4_med_size_1640188377_muted_med.mp4","size":155140}},"audio":{"high":{"url":"https://coub-anubis-a.akamaized.net/coub_storage/coub/simple/cw_looped_audio_high/e6ead14e954/3b365e022b40ab1e701f3/1640188379_mp3-high.mp3","size":1016424},"med":{"url":"https://coub-anubis-a.akamaized.net/coub_storage/coub/simple/cw_looped_audio_med/02c6ee841e5/fab72acadfda9f371e197/1640188378_mp3-med.mp3","size":942558},"sample_duration":9.985}},"mobile":{"video":"https://coub-anubis-a.akamaized.net/coub_storage/coub/simple/cw_file/e1b2903233c/bf8987699510a87c28289/muted_mp4_med_size_1640188377_muted_med.mp4","audio":["https://coub-anubis-a.akamaized.net/coub_storage/coub/simple/cw_looped_audio_med/02c6ee841e5/fab72acadfda9f371e197/1640188378_mp3-med.mp3"]},"share":{"default":"https://coub-anubis-a.akamaized.net/coub_storage/coub/simple/cw_video_for_sharing/d6be6be81f3/3dac84b8dcc247e2ec28a/1640188415_looped_1640188414.mp4"}},"audio_versions":{},"image_versions":{"template":"https://coub-anubis-a.akamaized.net/coub_storage/coub/simple/cw_image/c8408ba37c9/dc732f056464e44575d08/%{version}_1640188384_00032.jpg","versions":["micro","tiny","age_restricted","ios_large","ios_mosaic","big","med","small","pinterest"]},"first_frame_versions":{"template":"https://coub-anubis-a.akamaized.net/coub_storage/coub/simple/cw_timeline_pic/ebd35de408a/85f1492e27bb141f8d68e/%{version}_1640188382_image.jpg","versions":["big","med","small","ios_large"]},"dimensions":{"big":[1280,720],"med":[640,360]},"site_w_h":[640,360],"page_w_h":[640,360],"site_w_h_small":[310,174],"size":[1280,720],"age_restricted":false,"age_restricted_by_admin":false,"not_safe_for_work":null,"allow_reuse":false,"dont_crop":true,"banned":false,"global_safe":null,"audio_file_url":null,"external_download":{"type":"Youtube","service_name":"YouTube","url":"https://www.youtube.com/watch?v=UPiiW_Nj8vY","has_embed":true},"application":null,"channel":{"id":3276518,"permalink":"benjamin-veninger","title":"Benjámin Véninger","description":null,"followers_count":39,"following_count":19,"avatar_versions":{"template":"https://coub-anubis-a.akamaized.net/coub_storage/channel/cw_avatar/933c93c3fae/764490f1194960a4b853a/%{version}_1639168249_filename.jpeg","versions":["medium","medium_2x","profile_pic","profile_pic_new","profile_pic_new_2x","tiny","tiny_2x","small","small_2x","ios_large","ios_small"]}},"file":null,"picture":"https://coub-anubis-a.akamaized.net/coub_storage/coub/simple/cw_image/c8408ba37c9/dc732f056464e44575d08/med_1640188384_00032.jpg","timeline_picture":"https://coub-anubis-a.akamaized.net/coub_storage/coub/simple/cw_timeline_pic/ebd35de408a/85f1492e27bb141f8d68e/ios_large_1640188382_image.jpg","small_picture":"https://coub-anubis-a.akamaized.net/coub_storage/coub/simple/cw_image/c8408ba37c9/dc732f056464e44575d08/ios_mosaic_1640188384_00032.jpg","sharing_picture":null,"percent_done":100,"tags":[{"id":2694,"title":"magic","value":"magic"},{"id":139695,"title":"blackmagic","value":"blackmagic"}],"categories":[{"id":116,"title":"Memes","permalink":"memes","subscriptions_count":1914550,"big_image_url":"https://coub-anubis-a.akamaized.net/coub_storage/category/cw_image/c9ec52f6b8e/901439d39eb2de551860f/big_1623846896_memes.png","small_image_url":"https://coub-anubis-a.akamaized.net/coub_storage/category/cw_image/c9ec52f6b8e/901439d39eb2de551860f/small_1623846896_memes.png","med_image_url":"https://coub-anubis-a.akamaized.net/coub_storage/category/cw_image/c9ec52f6b8e/901439d39eb2de551860f/med_1623846896_memes.png","visible":true}],"communities":[{"id":116,"title":"Memes","permalink":"memes","subscriptions_count":1914550,"big_image_url":"https://coub-anubis-a.akamaized.net/coub_storage/category/cw_image/c9ec52f6b8e/901439d39eb2de551860f/big_1623846896_memes.png","small_image_url":"https://coub-anubis-a.akamaized.net/coub_storage/category/cw_image/c9ec52f6b8e/901439d39eb2de551860f/small_1623846896_memes.png","med_image_url":"https://coub-anubis-a.akamaized.net/coub_storage/category/cw_image/c9ec52f6b8e/901439d39eb2de551860f/med_1623846896_memes.png","i_subscribed":true,"community_notifications_enabled":null,"description":null}],"recoubs_count":8,"remixes_count":0,"likes_count":68,"dislikes_count":0,"raw_video_id":17010416,"uploaded_by_ios_app":false,"uploaded_by_android_app":false,"media_blocks":{"uploaded_raw_videos":[],"external_raw_videos":[{"id":40650958,"title":"Try not to laugh while watching this","url":"https://www.youtube.com/watch?v=UPiiW_Nj8vY","image":"https://coub-anubis-a.akamaized.net/coub_storage/media_block/cw_image/97b37e77f6d/a6df2a9255fca2bf86598/video_1640188053_10lyk0y_1640187911_1640187908_ruohsz_att-url-download.webp","image_retina":"https://coub-anubis-a.akamaized.net/coub_storage/media_block/cw_image/97b37e77f6d/a6df2a9255fca2bf86598/video_retina_1640188053_10lyk0y_1640187911_1640187908_ruohsz_att-url-download.webp","meta":{"service":"Youtube","duration":"610.8"},"duration":610.8,"raw_video_id":17010416,"has_embed":true}],"remixed_from_coubs":[],"external_video":{"id":40650958,"title":"Try not to laugh while watching this","url":"https://www.youtube.com/watch?v=UPiiW_Nj8vY","image":"https://coub-anubis-a.akamaized.net/coub_storage/media_block/cw_image/97b37e77f6d/a6df2a9255fca2bf86598/video_1640188053_10lyk0y_1640187911_1640187908_ruohsz_att-url-download.webp","image_retina":"https://coub-anubis-a.akamaized.net/coub_storage/media_block/cw_image/97b37e77f6d/a6df2a9255fca2bf86598/video_retina_1640188053_10lyk0y_1640187911_1640187908_ruohsz_att-url-download.webp","meta":{"service":"Youtube","duration":"610.8"},"duration":610.8,"raw_video_id":17010416,"has_embed":true}},"raw_video_thumbnail_url":"https://coub-anubis-a.akamaized.net/coub_storage/raw_video/cw_image/da83f1fff3d/b66bb5657336d9ed2e51f/coub_media_1640187911_1640187908_ruohsz_att-url-download.webp","raw_video_title":"Try not to laugh while watching this","video_block_banned":false,"duration":10.0,"promo_winner":false,"promo_winner_recoubers":null,"editorial_info":{},"promo_hint":null,"beeline_best_2014":null,"from_web_editor":true,"normalize_sound":true,"normalize_change_allowed":true,"best2015_addable":false,"ahmad_promo":null,"promo_data":null,"audio_copyright_claim":null,"ads_disabled":null,"is_safe_for_ads":true,"megafon_contents":[],"position_on_page":9},{"flag":null,"abuses":null,"recoubs_by_users_channels":null,"favourite":false,"promoted_id":null,"recoub":null,"like":null,"dislike":null,"reaction":null,"in_my_best2015":false,"id":180180661,"type":"Coub::Simple","permalink":"2yxf7o","title":"Отогнал","visibility_type":"public","original_visibility_type":"public","channel_id":12505375,"created_at":"2021-12-17T10:48:58Z","updated_at":"2022-01-28T20:14:30Z","is_done":true,"views_count":7450,"cotd":null,"cotd_at":null,"visible_on_explore_root":false,"visible_on_explore":false,"featured":false,"published":true,"published_at":"2021-12-17T10:48:58Z","reversed":false,"from_editor_v2":true,"is_editable":true,"original_sound":true,"has_sound":true,"recoub_to":null,"file_versions":{"html5":{"video":{"higher":{"url":"https://coub-anubis-a.akamaized.net/coub_storage/coub/simple/cw_file/bbe6814576d/d1ed67a343e83deb624ef/muted_mp4_huge_size_1639738266_muted_huge.mp4","size":2730161},"high":{"url":"https://coub-anubis-a.akamaized.net/coub_storage/coub/simple/cw_file/bbe6814576d/d1ed67a343e83deb624ef/muted_mp4_big_size_1639738266_muted_big.mp4","size":1846879},"med":{"url":"https://coub-anubis-a.akamaized.net/coub_storage/coub/simple/cw_file/bbe6814576d/d1ed67a343e83deb624ef/muted_mp4_med_size_1639738266_muted_med.mp4","size":613979}},"audio":{"high":{"url":"https://coub-anubis-a.akamaized.net/coub_storage/coub/simple/cw_looped_audio_high/a40f596b33b/9d339eaa2c317a172927b/1639738268_mp3-high.mp3","size":820458},"med":{"url":"https://coub-anubis-a.akamaized.net/coub_storage/coub/simple/cw_looped_audio_med/c53f7b248ac/9dc0c267c39a3ed15791a/1639738267_mp3-med.mp3","size":794447},"sample_duration":10.008}},"mobile":{"video":"https://coub-anubis-a.akamaized.net/coub_storage/coub/simple/cw_file/bbe6814576d/d1ed67a343e83deb624ef/muted_mp4_med_size_1639738266_muted_med.mp4","audio":["https://coub-anubis-a.akamaized.net/coub_storage/coub/simple/cw_looped_audio_med/c53f7b248ac/9dc0c267c39a3ed15791a/1639738267_mp3-med.mp3"]},"share":{"default":"https://coub-anubis-a.akamaized.net/coub_storage/coub/simple/cw_video_for_sharing/4590dcc1fca/1064ed7c3528459092328/1639738302_looped_1639738301.mp4"}},"audio_versions":{},"image_versions":{"template":"https://coub-anubis-a.akamaized.net/coub_storage/coub/simple/cw_image/cb0565bcb0b/909b6535f256fb4af5a2e/%{version}_1639738274_00032.jpg","versions":["micro","tiny","age_restricted","ios_large","ios_mosaic","big","med","small","pinterest"]},"first_frame_versions":{"template":"https://coub-anubis-a.akamaized.net/coub_storage/coub/simple/cw_timeline_pic/7b2dacea6b5/a4b2e6f5d97cb13281d0b/%{version}_1639738274_image.jpg","versions":["big","med","small","ios_large"]},"dimensions":{"big":[1280,720],"med":[640,360]},"site_w_h":[640,360],"page_w_h":[640,360],"site_w_h_small":[310,174],"size":[1280,720],"age_restricted":false,"age_restricted_by_admin":false,"not_safe_for_work":null,"allow_reuse":false,"dont_crop":true,"banned":false,"global_safe":null,"audio_file_url":null,"external_download":{"type":"Youtube","service_name":"YouTube","url":"https://youtu.be/Z2TWtozsZxY","has_embed":true},"application":null,"channel":{"id":12505375,"permalink":"bringmefood","title":"BringMeFood","description":"Свежие нарезки лучших клипов на моем YouTube канале.","followers_count":95,"following_count":0,"avatar_versions":{"template":"https://coub-anubis-a.akamaized.net/coub_storage/channel/cw_avatar/e305f8d5e95/1164b97efb1fc36aac35b/%{version}_1633301523_11.png","versions":["medium","medium_2x","profile_pic","profile_pic_new","profile_pic_new_2x","tiny","tiny_2x","small","small_2x","ios_large","ios_small"]}},"file":null,"picture":"https://coub-anubis-a.akamaized.net/coub_storage/coub/simple/cw_image/cb0565bcb0b/909b6535f256fb4af5a2e/med_1639738274_00032.jpg","timeline_picture":"https://coub-anubis-a.akamaized.net/coub_storage/coub/simple/cw_timeline_pic/7b2dacea6b5/a4b2e6f5d97cb13281d0b/ios_large_1639738274_image.jpg","small_picture":"https://coub-anubis-a.akamaized.net/coub_storage/coub/simple/cw_image/cb0565bcb0b/909b6535f256fb4af5a2e/ios_mosaic_1639738274_00032.jpg","sharing_picture":null,"percent_done":100,"tags":[{"id":50,"title":"coub","value":"coub"},{"id":149335,"title":"best coub","value":"best%20coub"},{"id":151680,"title":"coube","value":"coube"},{"id":5203,"title":"cube","value":"cube"},{"id":8755,"title":"коуб","value":"%D0%BA%D0%BE%D1%83%D0%B1"},{"id":520626,"title":"приколы coub","value":"%D0%BF%D1%80%D0%B8%D0%BA%D0%BE%D0%BB%D1%8B%20coub"},{"id":273137,"title":"coub best","value":"coub%20best"},{"id":12008,"title":"лучшие приколы","value":"%D0%BB%D1%83%D1%87%D1%88%D0%B8%D0%B5%20%D0%BF%D1%80%D0%B8%D0%BA%D0%BE%D0%BB%D1%8B"},{"id":90818,"title":"свежие приколы","value":"%D1%81%D0%B2%D0%B5%D0%B6%D0%B8%D0%B5%20%D0%BF%D1%80%D0%B8%D0%BA%D0%BE%D0%BB%D1%8B"},{"id":4283794,"title":"секунд смеха","value":"%D1%81%D0%B5%D0%BA%D1%83%D0%BD%D0%B4%20%D1%81%D0%BC%D0%B5%D1%85%D0%B0"},{"id":467830,"title":"смехотерапия","value":"%D1%81%D0%BC%D0%B5%D1%85%D0%BE%D1%82%D0%B5%D1%80%D0%B0%D0%BF%D0%B8%D1%8F"},{"id":6639310,"title":"coub декабря","value":"coub%20%D0%B4%D0%B5%D0%BA%D0%B0%D0%B1%D1%80%D1%8F"},{"id":606689,"title":"кубы","value":"%D0%BA%D1%83%D0%B1%D1%8B"},{"id":6659083,"title":"кубы декабря","value":"%D0%BA%D1%83%D0%B1%D1%8B%20%D0%B4%D0%B5%D0%BA%D0%B0%D0%B1%D1%80%D1%8F"},{"id":1149926,"title":"кубы недели","value":"%D0%BA%D1%83%D0%B1%D1%8B%20%D0%BD%D0%B5%D0%B4%D0%B5%D0%BB%D0%B8"},{"id":4587493,"title":"fun cube","value":"fun%20cube"},{"id":2218859,"title":"бест куб","value":"%D0%B1%D0%B5%D1%81%D1%82%20%D0%BA%D1%83%D0%B1"},{"id":220709,"title":"fun coub","value":"fun%20coub"},{"id":6612433,"title":"coub подчай","value":"coub%20%D0%BF%D0%BE%D0%B4%D1%87%D0%B0%D0%B9"},{"id":6612432,"title":"подчай","value":"%D0%BF%D0%BE%D0%B4%D1%87%D0%B0%D0%B9"},{"id":6659084,"title":"приколы декабрь 2021","value":"%D0%BF%D1%80%D0%B8%D0%BA%D0%BE%D0%BB%D1%8B%20%D0%B4%D0%B5%D0%BA%D0%B0%D0%B1%D1%80%D1%8C%202021"},{"id":146032,"title":"тест на психику","value":"%D1%82%D0%B5%D1%81%D1%82%20%D0%BD%D0%B0%20%D0%BF%D1%81%D0%B8%D1%85%D0%B8%D0%BA%D1%83"},{"id":10878,"title":"неудачи","value":"%D0%BD%D0%B5%D1%83%D0%B4%D0%B0%D1%87%D0%B8"},{"id":1437,"title":"юмор","value":"%D1%8E%D0%BC%D0%BE%D1%80"},{"id":6570067,"title":"bringmefood","value":"bringmefood"},{"id":3264188,"title":"bring me food","value":"bring%20me%20food"},{"id":2463632,"title":"coub декабрь","value":"coub%20%D0%B4%D0%B5%D0%BA%D0%B0%D0%B1%D1%80%D1%8C"},{"id":6659085,"title":"коуб декабрь 2021","value":"%D0%BA%D0%BE%D1%83%D0%B1%20%D0%B4%D0%B5%D0%BA%D0%B0%D0%B1%D1%80%D1%8C%202021"},{"id":6659086,"title":"куб декабрь","value":"%D0%BA%D1%83%D0%B1%20%D0%B4%D0%B5%D0%BA%D0%B0%D0%B1%D1%80%D1%8C"}],"categories":[{"id":116,"title":"Memes","permalink":"memes","subscriptions_count":1914550,"big_image_url":"https://coub-anubis-a.akamaized.net/coub_storage/category/cw_image/c9ec52f6b8e/901439d39eb2de551860f/big_1623846896_memes.png","small_image_url":"https://coub-anubis-a.akamaized.net/coub_storage/category/cw_image/c9ec52f6b8e/901439d39eb2de551860f/small_1623846896_memes.png","med_image_url":"https://coub-anubis-a.akamaized.net/coub_storage/category/cw_image/c9ec52f6b8e/901439d39eb2de551860f/med_1623846896_memes.png","visible":true}],"communities":[{"id":116,"title":"Memes","permalink":"memes","subscriptions_count":1914550,"big_image_url":"https://coub-anubis-a.akamaized.net/coub_storage/category/cw_image/c9ec52f6b8e/901439d39eb2de551860f/big_1623846896_memes.png","small_image_url":"https://coub-anubis-a.akamaized.net/coub_storage/category/cw_image/c9ec52f6b8e/901439d39eb2de551860f/small_1623846896_memes.png","med_image_url":"https://coub-anubis-a.akamaized.net/coub_storage/category/cw_image/c9ec52f6b8e/901439d39eb2de551860f/med_1623846896_memes.png","i_subscribed":true,"community_notifications_enabled":null,"description":null}],"recoubs_count":15,"remixes_count":0,"likes_count":68,"dislikes_count":0,"raw_video_id":16996038,"uploaded_by_ios_app":false,"uploaded_by_android_app":false,"media_blocks":{"uploaded_raw_videos":[],"external_raw_videos":[{"id":40608807,"title":"Coub ПодЧай #21 | Приколы Декабрь 2021 | Тест На Психику | Неудачи | Юмор | Best Cube","url":"https://www.youtube.com/watch?v=Z2TWtozsZxY","image":"https://coub-anubis-a.akamaized.net/coub_storage/media_block/cw_image/8c5debe394d/023db4866183d4d240ce2/video_1639641439_1mo6cid_1639641295_1639641285_1jxlf74_att-url-download.webp","image_retina":"https://coub-anubis-a.akamaized.net/coub_storage/media_block/cw_image/8c5debe394d/023db4866183d4d240ce2/video_retina_1639641439_1mo6cid_1639641295_1639641285_1jxlf74_att-url-download.webp","meta":{"service":"Youtube","duration":"668.72"},"duration":668.72,"raw_video_id":16996038,"has_embed":true}],"remixed_from_coubs":[],"external_video":{"id":40608807,"title":"Coub ПодЧай #21 | Приколы Декабрь 2021 | Тест На Психику | Неудачи | Юмор | Best Cube","url":"https://www.youtube.com/watch?v=Z2TWtozsZxY","image":"https://coub-anubis-a.akamaized.net/coub_storage/media_block/cw_image/8c5debe394d/023db4866183d4d240ce2/video_1639641439_1mo6cid_1639641295_1639641285_1jxlf74_att-url-download.webp","image_retina":"https://coub-anubis-a.akamaized.net/coub_storage/media_block/cw_image/8c5debe394d/023db4866183d4d240ce2/video_retina_1639641439_1mo6cid_1639641295_1639641285_1jxlf74_att-url-download.webp","meta":{"service":"Youtube","duration":"668.72"},"duration":668.72,"raw_video_id":16996038,"has_embed":true}},"raw_video_thumbnail_url":"https://coub-anubis-a.akamaized.net/coub_storage/raw_video/cw_image/9f1f3fc5a95/791eaab3bed1b84722f3e/coub_media_1639641295_1639641285_1jxlf74_att-url-download.webp","raw_video_title":"Coub ПодЧай #21 | Приколы Декабрь 2021 | Тест На Психику | Неудачи | Юмор | Best Cube","video_block_banned":false,"duration":10.0,"promo_winner":false,"promo_winner_recoubers":null,"editorial_info":{},"promo_hint":null,"beeline_best_2014":null,"from_web_editor":true,"normalize_sound":true,"normalize_change_allowed":true,"best2015_addable":false,"ahmad_promo":null,"promo_data":null,"audio_copyright_claim":null,"ads_disabled":null,"is_safe_for_ads":true,"megafon_contents":[],"position_on_page":10}]}