{"page":476,"per_page":10,"total_pages":500,"coubs":[{"flag":null,"abuses":null,"recoubs_by_users_channels":null,"favourite":false,"promoted_id":null,"recoub":null,"like":null,"dislike":null,"reaction":null,"in_my_best2015":false,"id":177955979,"type":"Coub::Simple","permalink":"2xlqmk","title":"ムсаня тикаем!!!!","visibility_type":"public","original_visibility_type":"public","channel_id":736511,"created_at":"2021-11-01T14:34:32Z","updated_at":"2021-12-26T10:52:16Z","is_done":true,"views_count":6953,"cotd":null,"cotd_at":null,"visible_on_explore_root":false,"visible_on_explore":false,"featured":false,"published":true,"published_at":"2021-11-01T14:34:32Z","reversed":false,"from_editor_v2":true,"is_editable":true,"original_sound":false,"has_sound":false,"recoub_to":null,"file_versions":{"html5":{"video":{"higher":{"url":"https://coub-anubis-a.akamaized.net/coub_storage/coub/simple/cw_file/82cd62e85e9/e3b63133b404923952f59/muted_mp4_huge_size_1635777387_muted_huge.mp4","size":3012534},"high":{"url":"https://coub-anubis-a.akamaized.net/coub_storage/coub/simple/cw_file/82cd62e85e9/e3b63133b404923952f59/muted_mp4_big_size_1635777387_muted_big.mp4","size":1917355},"med":{"url":"https://coub-anubis-a.akamaized.net/coub_storage/coub/simple/cw_file/82cd62e85e9/e3b63133b404923952f59/muted_mp4_med_size_1635777387_muted_med.mp4","size":607108}},"audio":{"high":{"url":"https://coub-anubis-a.akamaized.net/coub_storage/coub/simple/cw_looped_audio_high/f8e9122130c/6e74dc274baeed28a9efc/1635777408_mp3-high.mp3","size":2108793},"med":{"url":"https://coub-anubis-a.akamaized.net/coub_storage/coub/simple/cw_looped_audio_med/2fae92c3082/30ea2f42593289f57ab85/1635777407_mp3-med.mp3","size":1520174}}},"mobile":{"video":"https://coub-anubis-a.akamaized.net/coub_storage/coub/simple/cw_file/82cd62e85e9/e3b63133b404923952f59/muted_mp4_med_size_1635777387_muted_med.mp4","audio":["https://coub-anubis-a.akamaized.net/coub_storage/coub/simple/cw_looped_audio_med/2fae92c3082/30ea2f42593289f57ab85/1635777407_mp3-med.mp3"]},"share":{"default":"https://coub-anubis-a.akamaized.net/coub_storage/coub/simple/cw_video_for_sharing/7ff1af4472e/4d518182c9d372915108a/1635777448_looped_1635777447.mp4"}},"audio_versions":{"template":"https://coub-anubis-a.akamaized.net/coub_storage/audio_track/cw_normalized_copy/790f5d06382/d3e52bf7b1802f74f8aab/mid_1635777400_normalized_1635777389_b6d4u9_edited.mp3","versions":["mid","low"]},"image_versions":{"template":"https://coub-anubis-a.akamaized.net/coub_storage/coub/simple/cw_image/10e578c8d48/94fa659cdcc3c43bd0691/%{version}_1635777414_00032.jpg","versions":["micro","tiny","age_restricted","ios_large","ios_mosaic","big","med","small","pinterest"]},"first_frame_versions":{"template":"https://coub-anubis-a.akamaized.net/coub_storage/coub/simple/cw_timeline_pic/5ec1c61bde2/79ac51c4bba53b4e72590/%{version}_1635777414_image.jpg","versions":["big","med","small","ios_large"]},"dimensions":{"big":[1280,720],"med":[640,360]},"site_w_h":[640,360],"page_w_h":[640,360],"site_w_h_small":[310,174],"size":[1280,720],"age_restricted":false,"age_restricted_by_admin":false,"not_safe_for_work":null,"allow_reuse":false,"dont_crop":true,"banned":false,"global_safe":null,"audio_file_url":"https://coub-anubis-a.akamaized.net/coub_storage/audio_track/cw_normalized_copy/790f5d06382/d3e52bf7b1802f74f8aab/low_1635777400_normalized_1635777389_b6d4u9_edited.mp3","external_download":{"type":"Youtube","service_name":"YouTube","url":"https://www.youtube.com/watch?v=1sP-O7dOGZM&ab_channel=%D0%9A%D0%BE%D1%80%D0%BE%D1%82%D0%BA%D0%BE%D0%BC%D0%B5%D1%82%D1%80%D0%B0%D0%B6%D0%BD%D1%8B%D0%B5%D0%A4%D0%B8%D0%BB%D1%8C%D0%BC%D1%8B","has_embed":true},"application":null,"channel":{"id":736511,"permalink":"razorsharp","title":" ム razorsharp","description":null,"followers_count":26,"following_count":29,"avatar_versions":{"template":"https://coub-anubis-a.akamaized.net/coub_storage/channel/cw_avatar/214c15e7503/da31ddf5f5b3c0f495bed/%{version}_1474527677_15inyh4_att-url-download.jpg","versions":["medium","medium_2x","profile_pic","profile_pic_new","profile_pic_new_2x","tiny","tiny_2x","small","small_2x","ios_large","ios_small"]}},"file":null,"picture":"https://coub-anubis-a.akamaized.net/coub_storage/coub/simple/cw_image/10e578c8d48/94fa659cdcc3c43bd0691/med_1635777414_00032.jpg","timeline_picture":"https://coub-anubis-a.akamaized.net/coub_storage/coub/simple/cw_timeline_pic/5ec1c61bde2/79ac51c4bba53b4e72590/ios_large_1635777414_image.jpg","small_picture":"https://coub-anubis-a.akamaized.net/coub_storage/coub/simple/cw_image/10e578c8d48/94fa659cdcc3c43bd0691/ios_mosaic_1635777414_00032.jpg","sharing_picture":null,"percent_done":100,"tags":[{"id":14892,"title":"swat","value":"swat"},{"id":8673,"title":"minsk","value":"minsk"},{"id":4562412,"title":"yandextaxi","value":"yandextaxi"},{"id":3379,"title":"escape","value":"escape"},{"id":5914722,"title":"taxiescape","value":"taxiescape"},{"id":5914723,"title":"taxistyle","value":"taxistyle"},{"id":47485,"title":"облава","value":"%D0%BE%D0%B1%D0%BB%D0%B0%D0%B2%D0%B0"},{"id":8129,"title":"менты","value":"%D0%BC%D0%B5%D0%BD%D1%82%D1%8B"},{"id":4578248,"title":"сильвестор","value":"%D1%81%D0%B8%D0%BB%D1%8C%D0%B2%D0%B5%D1%81%D1%82%D0%BE%D1%80"},{"id":1301,"title":"такси","value":"%D1%82%D0%B0%D0%BA%D1%81%D0%B8"}],"categories":[{"id":116,"title":"Memes","permalink":"memes","subscriptions_count":1914550,"big_image_url":"https://coub-anubis-a.akamaized.net/coub_storage/category/cw_image/c9ec52f6b8e/901439d39eb2de551860f/big_1623846896_memes.png","small_image_url":"https://coub-anubis-a.akamaized.net/coub_storage/category/cw_image/c9ec52f6b8e/901439d39eb2de551860f/small_1623846896_memes.png","med_image_url":"https://coub-anubis-a.akamaized.net/coub_storage/category/cw_image/c9ec52f6b8e/901439d39eb2de551860f/med_1623846896_memes.png","visible":true}],"communities":[{"id":116,"title":"Memes","permalink":"memes","subscriptions_count":1914550,"big_image_url":"https://coub-anubis-a.akamaized.net/coub_storage/category/cw_image/c9ec52f6b8e/901439d39eb2de551860f/big_1623846896_memes.png","small_image_url":"https://coub-anubis-a.akamaized.net/coub_storage/category/cw_image/c9ec52f6b8e/901439d39eb2de551860f/small_1623846896_memes.png","med_image_url":"https://coub-anubis-a.akamaized.net/coub_storage/category/cw_image/c9ec52f6b8e/901439d39eb2de551860f/med_1623846896_memes.png","i_subscribed":true,"community_notifications_enabled":null,"description":null}],"recoubs_count":7,"remixes_count":0,"likes_count":41,"dislikes_count":0,"raw_video_id":16604912,"uploaded_by_ios_app":false,"uploaded_by_android_app":false,"media_blocks":{"uploaded_raw_videos":[],"external_raw_videos":[{"id":39268053,"title":"Фильм Такси 3 Поездка в Аэропорт 2003","url":"https://www.youtube.com/watch?v=1sP-O7dOGZM","image":"https://coub-anubis-a.akamaized.net/coub_storage/media_block/cw_image/032a71977e7/a170173b2c06764485d4b/video_1626165808_u1ogrd_1626165756_1626165754_n7p0cq_att-url-download.jpg_sqp_-oaymwEcCNACELwBSFXyq4qpAw4IARUAAIhCGAFwAcABBg___rs_AOn4CLDGcllFL4jx3HyozJBCUHIIag39Aw","image_retina":"https://coub-anubis-a.akamaized.net/coub_storage/media_block/cw_image/032a71977e7/a170173b2c06764485d4b/video_retina_1626165808_u1ogrd_1626165756_1626165754_n7p0cq_att-url-download.jpg_sqp_-oaymwEcCNACELwBSFXyq4qpAw4IARUAAIhCGAFwAcABBg___rs_AOn4CLDGcllFL4jx3HyozJBCUHIIag39Aw","meta":{"service":"Youtube","duration":"343.4"},"duration":343.4,"raw_video_id":16604912,"has_embed":true}],"remixed_from_coubs":[{"id":37025225,"title":"minsk taxi <3","url":"https://coub.com/coubs/2jmqlu/remix","image":"https://coub-anubis-a.akamaized.net/coub_storage/media_block/cw_image/a4e2f7194e7/914da62a3cbef4c0fd3d3/1600971170_4cs035_1600971147_00032.jpg","image_retina":"https://coub-anubis-a.akamaized.net/coub_storage/media_block/cw_image/a4e2f7194e7/914da62a3cbef4c0fd3d3/1600971170_4cs035_1600971147_00032.jpg","meta":{"duration":"10.0"},"duration":null,"coub_channel_title":"slowmo","coub_channel_permalink":"slowmo15","coub_views_count":24569,"coub_permalink":"2jmqlu"}],"external_video":{"id":39268053,"title":"Фильм Такси 3 Поездка в Аэропорт 2003","url":"https://www.youtube.com/watch?v=1sP-O7dOGZM","image":"https://coub-anubis-a.akamaized.net/coub_storage/media_block/cw_image/032a71977e7/a170173b2c06764485d4b/video_1626165808_u1ogrd_1626165756_1626165754_n7p0cq_att-url-download.jpg_sqp_-oaymwEcCNACELwBSFXyq4qpAw4IARUAAIhCGAFwAcABBg___rs_AOn4CLDGcllFL4jx3HyozJBCUHIIag39Aw","image_retina":"https://coub-anubis-a.akamaized.net/coub_storage/media_block/cw_image/032a71977e7/a170173b2c06764485d4b/video_retina_1626165808_u1ogrd_1626165756_1626165754_n7p0cq_att-url-download.jpg_sqp_-oaymwEcCNACELwBSFXyq4qpAw4IARUAAIhCGAFwAcABBg___rs_AOn4CLDGcllFL4jx3HyozJBCUHIIag39Aw","meta":{"service":"Youtube","duration":"343.4"},"duration":343.4,"raw_video_id":16604912,"has_embed":true}},"raw_video_thumbnail_url":"https://coub-anubis-a.akamaized.net/coub_storage/raw_video/cw_image/49adf8778a4/3e71bc78989f837afba3f/coub_media_1626165756_1626165754_n7p0cq_att-url-download.jpg_sqp_-oaymwEcCNACELwBSFXyq4qpAw4IARUAAIhCGAFwAcABBg___rs_AOn4CLDGcllFL4jx3HyozJBCUHIIag39Aw","raw_video_title":"Фильм Такси 3 Поездка в Аэропорт 2003","video_block_banned":false,"duration":10.0,"promo_winner":false,"promo_winner_recoubers":null,"editorial_info":{},"promo_hint":null,"beeline_best_2014":null,"from_web_editor":true,"normalize_sound":true,"normalize_change_allowed":true,"best2015_addable":false,"ahmad_promo":null,"promo_data":null,"audio_copyright_claim":null,"ads_disabled":null,"is_safe_for_ads":true,"megafon_contents":[],"position_on_page":1},{"flag":null,"abuses":null,"recoubs_by_users_channels":null,"favourite":false,"promoted_id":null,"recoub":null,"like":null,"dislike":null,"reaction":null,"in_my_best2015":false,"id":177753719,"type":"Coub::Simple","permalink":"2xhek6","title":"Kis k*csög","visibility_type":"public","original_visibility_type":"public","channel_id":10913712,"created_at":"2021-10-28T13:08:03Z","updated_at":"2022-03-12T10:26:58Z","is_done":true,"views_count":3700,"cotd":null,"cotd_at":null,"visible_on_explore_root":false,"visible_on_explore":false,"featured":false,"published":true,"published_at":"2021-10-28T13:08:03Z","reversed":false,"from_editor_v2":true,"is_editable":true,"original_sound":true,"has_sound":true,"recoub_to":null,"file_versions":{"html5":{"video":{"higher":{"url":"https://coub-anubis-a.akamaized.net/coub_storage/coub/simple/cw_file/d74c5db76bb/12b8b904895757e4d516e/muted_mp4_huge_size_1635426622_muted_huge.mp4","size":1242711},"high":{"url":"https://coub-anubis-a.akamaized.net/coub_storage/coub/simple/cw_file/d74c5db76bb/12b8b904895757e4d516e/muted_mp4_big_size_1635426622_muted_big.mp4","size":830359},"med":{"url":"https://coub-anubis-a.akamaized.net/coub_storage/coub/simple/cw_file/d74c5db76bb/12b8b904895757e4d516e/muted_mp4_med_size_1635426622_muted_med.mp4","size":249913}},"audio":{"high":{"url":"https://coub-anubis-a.akamaized.net/coub_storage/coub/simple/cw_looped_audio_high/06daf733b14/5da03eb9f2a80e9028f12/1635426624_mp3-high.mp3","size":1063935},"med":{"url":"https://coub-anubis-a.akamaized.net/coub_storage/coub/simple/cw_looped_audio_med/e2c6fdf1eb4/790dea0673318bf805324/1635426624_mp3-med.mp3","size":799076},"sample_duration":10.008}},"mobile":{"video":"https://coub-anubis-a.akamaized.net/coub_storage/coub/simple/cw_file/d74c5db76bb/12b8b904895757e4d516e/muted_mp4_med_size_1635426622_muted_med.mp4","audio":["https://coub-anubis-a.akamaized.net/coub_storage/coub/simple/cw_looped_audio_med/e2c6fdf1eb4/790dea0673318bf805324/1635426624_mp3-med.mp3"]},"share":{"default":"https://coub-anubis-a.akamaized.net/coub_storage/coub/simple/cw_video_for_sharing/9ab5322dc3c/d460560fa262008b8c755/1635426646_looped_1635426646.mp4"}},"audio_versions":{},"image_versions":{"template":"https://coub-anubis-a.akamaized.net/coub_storage/coub/simple/cw_image/947ea876151/559b36b76073134db9857/%{version}_1635426628_00032.jpg","versions":["micro","tiny","age_restricted","ios_large","ios_mosaic","big","med","small","pinterest"]},"first_frame_versions":{"template":"https://coub-anubis-a.akamaized.net/coub_storage/coub/simple/cw_timeline_pic/cc3c8c8619a/0a6f221fcdeb156f41dee/%{version}_1635426627_image.jpg","versions":["big","med","small","ios_large"]},"dimensions":{"big":[1280,720],"med":[640,360]},"site_w_h":[640,360],"page_w_h":[640,360],"site_w_h_small":[310,174],"size":[1280,720],"age_restricted":false,"age_restricted_by_admin":false,"not_safe_for_work":null,"allow_reuse":false,"dont_crop":true,"banned":false,"global_safe":null,"audio_file_url":null,"external_download":{"type":"Youtube","service_name":"YouTube","url":"https://youtu.be/4cp4rmx0YwI","has_embed":true},"application":null,"channel":{"id":10913712,"permalink":"wearedeadpool","title":"WeAreDeadpool","description":null,"followers_count":5,"following_count":17,"avatar_versions":{"template":"https://coub-anubis-a.akamaized.net/coub_storage/channel/cw_avatar/a5c1ba11457/558b4cb3e47d67ed8bfba/%{version}_1611580320_Deadpool_Back_in_Black_watermarkjpg_1200x1200.jpg","versions":["medium","medium_2x","profile_pic","profile_pic_new","profile_pic_new_2x","tiny","tiny_2x","small","small_2x","ios_large","ios_small"]}},"file":null,"picture":"https://coub-anubis-a.akamaized.net/coub_storage/coub/simple/cw_image/947ea876151/559b36b76073134db9857/med_1635426628_00032.jpg","timeline_picture":"https://coub-anubis-a.akamaized.net/coub_storage/coub/simple/cw_timeline_pic/cc3c8c8619a/0a6f221fcdeb156f41dee/ios_large_1635426627_image.jpg","small_picture":"https://coub-anubis-a.akamaized.net/coub_storage/coub/simple/cw_image/947ea876151/559b36b76073134db9857/ios_mosaic_1635426628_00032.jpg","sharing_picture":null,"percent_done":100,"tags":[{"id":616441,"title":"thevr","value":"thevr"},{"id":9159,"title":"twitch","value":"twitch"},{"id":3787372,"title":"thevr jani és pisti","value":"thevr%20jani%20%C3%A9s%20pisti"},{"id":3883785,"title":"thevr montázs","value":"thevr%20mont%C3%A1zs"},{"id":4444929,"title":"thevr montage","value":"thevr%20montage"},{"id":3883782,"title":"thevr legjobb pillanatok","value":"thevr%20legjobb%20pillanatok"},{"id":3390948,"title":"jani vs pisti","value":"jani%20vs%20pisti"},{"id":3883784,"title":"thevr vlog","value":"thevr%20vlog"},{"id":6544370,"title":"thevr highlights","value":"thevr%20highlights"},{"id":8726,"title":"highlights","value":"highlights"},{"id":3655986,"title":"thevr stream percek","value":"thevr%20stream%20percek"},{"id":3923053,"title":"thevr összefoglaló","value":"thevr%20%C3%B6sszefoglal%C3%B3"},{"id":3923055,"title":"thevr vicces videók","value":"thevr%20vicces%20vide%C3%B3k"},{"id":3162345,"title":"thevr gameplay","value":"thevr%20gameplay"},{"id":3883783,"title":"thevr kiemelt pillanatok válogatás","value":"thevr%20kiemelt%20pillanatok%20v%C3%A1logat%C3%A1s"},{"id":4259157,"title":"thevr stream","value":"thevr%20stream"},{"id":4195038,"title":"thevr live stream","value":"thevr%20live%20stream"},{"id":1476040,"title":"wearethevr","value":"wearethevr"}],"categories":[{"id":116,"title":"Memes","permalink":"memes","subscriptions_count":1914550,"big_image_url":"https://coub-anubis-a.akamaized.net/coub_storage/category/cw_image/c9ec52f6b8e/901439d39eb2de551860f/big_1623846896_memes.png","small_image_url":"https://coub-anubis-a.akamaized.net/coub_storage/category/cw_image/c9ec52f6b8e/901439d39eb2de551860f/small_1623846896_memes.png","med_image_url":"https://coub-anubis-a.akamaized.net/coub_storage/category/cw_image/c9ec52f6b8e/901439d39eb2de551860f/med_1623846896_memes.png","visible":true}],"communities":[{"id":116,"title":"Memes","permalink":"memes","subscriptions_count":1914550,"big_image_url":"https://coub-anubis-a.akamaized.net/coub_storage/category/cw_image/c9ec52f6b8e/901439d39eb2de551860f/big_1623846896_memes.png","small_image_url":"https://coub-anubis-a.akamaized.net/coub_storage/category/cw_image/c9ec52f6b8e/901439d39eb2de551860f/small_1623846896_memes.png","med_image_url":"https://coub-anubis-a.akamaized.net/coub_storage/category/cw_image/c9ec52f6b8e/901439d39eb2de551860f/med_1623846896_memes.png","i_subscribed":true,"community_notifications_enabled":null,"description":null}],"recoubs_count":1,"remixes_count":0,"likes_count":41,"dislikes_count":0,"raw_video_id":16880026,"uploaded_by_ios_app":false,"uploaded_by_android_app":false,"media_blocks":{"uploaded_raw_videos":[],"external_raw_videos":[{"id":39930456,"title":"FOGÁSZATOT NYITOTTAK A SRÁCOK? - TheVR Twitch Pillanatok [2021| #12]","url":"https://www.youtube.com/watch?v=4cp4rmx0YwI","image":"https://coub-anubis-a.akamaized.net/coub_storage/media_block/cw_image/2f7b1ef2b0e/feaa78ca0e9b3d823c3c7/video_1635412040_1jothh0_1635411865_1635411859_1yriy14_att-url-download.webp","image_retina":"https://coub-anubis-a.akamaized.net/coub_storage/media_block/cw_image/2f7b1ef2b0e/feaa78ca0e9b3d823c3c7/video_retina_1635412040_1jothh0_1635411865_1635411859_1yriy14_att-url-download.webp","meta":{"service":"Youtube","duration":"602.52"},"duration":602.52,"raw_video_id":16880026,"has_embed":true}],"remixed_from_coubs":[],"external_video":{"id":39930456,"title":"FOGÁSZATOT NYITOTTAK A SRÁCOK? - TheVR Twitch Pillanatok [2021| #12]","url":"https://www.youtube.com/watch?v=4cp4rmx0YwI","image":"https://coub-anubis-a.akamaized.net/coub_storage/media_block/cw_image/2f7b1ef2b0e/feaa78ca0e9b3d823c3c7/video_1635412040_1jothh0_1635411865_1635411859_1yriy14_att-url-download.webp","image_retina":"https://coub-anubis-a.akamaized.net/coub_storage/media_block/cw_image/2f7b1ef2b0e/feaa78ca0e9b3d823c3c7/video_retina_1635412040_1jothh0_1635411865_1635411859_1yriy14_att-url-download.webp","meta":{"service":"Youtube","duration":"602.52"},"duration":602.52,"raw_video_id":16880026,"has_embed":true}},"raw_video_thumbnail_url":"https://coub-anubis-a.akamaized.net/coub_storage/raw_video/cw_image/6ae4c90eb2d/f989e72ca33a59618fd37/coub_media_1635411865_1635411859_1yriy14_att-url-download.webp","raw_video_title":"FOGÁSZATOT NYITOTTAK A SRÁCOK? - TheVR Twitch Pillanatok [2021| #12]","video_block_banned":false,"duration":10.0,"promo_winner":false,"promo_winner_recoubers":null,"editorial_info":{},"promo_hint":null,"beeline_best_2014":null,"from_web_editor":true,"normalize_sound":true,"normalize_change_allowed":true,"best2015_addable":false,"ahmad_promo":null,"promo_data":null,"audio_copyright_claim":null,"ads_disabled":null,"is_safe_for_ads":true,"megafon_contents":[],"position_on_page":2},{"flag":null,"abuses":null,"recoubs_by_users_channels":null,"favourite":false,"promoted_id":null,"recoub":null,"like":null,"dislike":null,"reaction":null,"in_my_best2015":false,"id":177026413,"type":"Coub::Simple","permalink":"2x1td5","title":"Milk does a body good","visibility_type":"public","original_visibility_type":"public","channel_id":12582594,"created_at":"2021-10-13T23:34:20Z","updated_at":"2021-12-30T11:58:36Z","is_done":true,"views_count":10805,"cotd":null,"cotd_at":null,"visible_on_explore_root":false,"visible_on_explore":false,"featured":false,"published":true,"published_at":"2021-10-13T23:34:20Z","reversed":false,"from_editor_v2":true,"is_editable":true,"original_sound":true,"has_sound":true,"recoub_to":null,"file_versions":{"html5":{"video":{"higher":{"url":"https://coub-anubis-a.akamaized.net/coub_storage/coub/simple/cw_file/027f5962f8f/028ff3ff1232434eece04/muted_mp4_huge_size_1634168081_muted_huge.mp4","size":2804624},"high":{"url":"https://coub-anubis-a.akamaized.net/coub_storage/coub/simple/cw_file/027f5962f8f/028ff3ff1232434eece04/muted_mp4_big_size_1634168081_muted_big.mp4","size":1622344},"med":{"url":"https://coub-anubis-a.akamaized.net/coub_storage/coub/simple/cw_file/027f5962f8f/028ff3ff1232434eece04/muted_mp4_med_size_1634168081_muted_med.mp4","size":479834}},"audio":{"high":{"url":"https://coub-anubis-a.akamaized.net/coub_storage/coub/simple/cw_looped_audio_high/7f148be5ea0/50ee6d57e4e47e676132e/1634168082_mp3-high.mp3","size":894885},"med":{"url":"https://coub-anubis-a.akamaized.net/coub_storage/coub/simple/cw_looped_audio_med/f0307d681be/96cdd743564835e1fe1bd/1634168082_mp3-med.mp3","size":867010},"sample_duration":8.011}},"mobile":{"video":"https://coub-anubis-a.akamaized.net/coub_storage/coub/simple/cw_file/027f5962f8f/028ff3ff1232434eece04/muted_mp4_med_size_1634168081_muted_med.mp4","audio":["https://coub-anubis-a.akamaized.net/coub_storage/coub/simple/cw_looped_audio_med/f0307d681be/96cdd743564835e1fe1bd/1634168082_mp3-med.mp3"]},"share":{"default":"https://coub-anubis-a.akamaized.net/coub_storage/coub/simple/cw_video_for_sharing/a41a90ab6a5/71ac6e6995d5a660be621/1634168103_looped_1634168103.mp4"}},"audio_versions":{},"image_versions":{"template":"https://coub-anubis-a.akamaized.net/coub_storage/coub/simple/cw_image/2bd73259e05/c84d057b2d1d2c2473c58/%{version}_1634168086_00026.jpg","versions":["micro","tiny","age_restricted","ios_large","ios_mosaic","big","med","small","pinterest"]},"first_frame_versions":{"template":"https://coub-anubis-a.akamaized.net/coub_storage/coub/simple/cw_timeline_pic/2dfc216a5f4/b72457d1f4ca7a16d90fd/%{version}_1634168086_image.jpg","versions":["big","med","small","ios_large"]},"dimensions":{"big":[538,960],"med":[268,480]},"site_w_h":[224,400],"page_w_h":[400,714],"site_w_h_small":[310,553],"size":[538,960],"age_restricted":false,"age_restricted_by_admin":false,"not_safe_for_work":null,"allow_reuse":false,"dont_crop":true,"banned":false,"global_safe":true,"audio_file_url":null,"external_download":false,"application":null,"channel":{"id":12582594,"permalink":"larry-randan","title":"Larry Randan","description":null,"followers_count":2,"following_count":11,"avatar_versions":{"template":"https://coub-anubis-a.akamaized.net/coub_storage/channel/cw_avatar/4f2a1b66944/6505ff71637eebee9b2d8/%{version}_1634167646_filename.jpeg","versions":["medium","medium_2x","profile_pic","profile_pic_new","profile_pic_new_2x","tiny","tiny_2x","small","small_2x","ios_large","ios_small"]}},"file":null,"picture":"https://coub-anubis-a.akamaized.net/coub_storage/coub/simple/cw_image/2bd73259e05/c84d057b2d1d2c2473c58/med_1634168086_00026.jpg","timeline_picture":"https://coub-anubis-a.akamaized.net/coub_storage/coub/simple/cw_timeline_pic/2dfc216a5f4/b72457d1f4ca7a16d90fd/ios_large_1634168086_image.jpg","small_picture":"https://coub-anubis-a.akamaized.net/coub_storage/coub/simple/cw_image/2bd73259e05/c84d057b2d1d2c2473c58/ios_mosaic_1634168086_00026.jpg","sharing_picture":null,"percent_done":100,"tags":[{"id":9311,"title":"milk","value":"milk"},{"id":7108,"title":"body","value":"body"}],"categories":[{"id":116,"title":"Memes","permalink":"memes","subscriptions_count":1914550,"big_image_url":"https://coub-anubis-a.akamaized.net/coub_storage/category/cw_image/c9ec52f6b8e/901439d39eb2de551860f/big_1623846896_memes.png","small_image_url":"https://coub-anubis-a.akamaized.net/coub_storage/category/cw_image/c9ec52f6b8e/901439d39eb2de551860f/small_1623846896_memes.png","med_image_url":"https://coub-anubis-a.akamaized.net/coub_storage/category/cw_image/c9ec52f6b8e/901439d39eb2de551860f/med_1623846896_memes.png","visible":true}],"communities":[{"id":116,"title":"Memes","permalink":"memes","subscriptions_count":1914550,"big_image_url":"https://coub-anubis-a.akamaized.net/coub_storage/category/cw_image/c9ec52f6b8e/901439d39eb2de551860f/big_1623846896_memes.png","small_image_url":"https://coub-anubis-a.akamaized.net/coub_storage/category/cw_image/c9ec52f6b8e/901439d39eb2de551860f/small_1623846896_memes.png","med_image_url":"https://coub-anubis-a.akamaized.net/coub_storage/category/cw_image/c9ec52f6b8e/901439d39eb2de551860f/med_1623846896_memes.png","i_subscribed":true,"community_notifications_enabled":null,"description":null}],"recoubs_count":8,"remixes_count":0,"likes_count":41,"dislikes_count":0,"raw_video_id":16842940,"uploaded_by_ios_app":true,"uploaded_by_android_app":false,"media_blocks":{"uploaded_raw_videos":[],"external_raw_videos":[],"remixed_from_coubs":[]},"raw_video_thumbnail_url":"https://coub-anubis-a.akamaized.net/coub_storage/raw_video/cw_image/154a2779dc5/3fd0ec75a6cea93b5aea3/coub_media_1634168058_image.jpg","raw_video_title":"filename.mp4","video_block_banned":false,"duration":8.0,"promo_winner":false,"promo_winner_recoubers":null,"editorial_info":{},"promo_hint":null,"beeline_best_2014":null,"from_web_editor":false,"normalize_sound":true,"normalize_change_allowed":true,"best2015_addable":false,"ahmad_promo":null,"promo_data":null,"audio_copyright_claim":null,"ads_disabled":null,"is_safe_for_ads":true,"megafon_contents":[],"position_on_page":3},{"flag":null,"abuses":null,"recoubs_by_users_channels":null,"favourite":false,"promoted_id":null,"recoub":null,"like":null,"dislike":null,"reaction":null,"in_my_best2015":false,"id":176684471,"type":"Coub::Simple","permalink":"2wuhip","title":"Да ты что, охуел?","visibility_type":"public","original_visibility_type":"public","channel_id":3843360,"created_at":"2021-10-07T14:30:47Z","updated_at":"2022-01-30T13:38:29Z","is_done":true,"views_count":7970,"cotd":null,"cotd_at":null,"visible_on_explore_root":false,"visible_on_explore":false,"featured":false,"published":true,"published_at":"2021-10-07T14:30:47Z","reversed":false,"from_editor_v2":true,"is_editable":true,"original_sound":true,"has_sound":true,"recoub_to":null,"file_versions":{"html5":{"video":{"higher":{"url":"https://coub-anubis-a.akamaized.net/coub_storage/coub/simple/cw_file/ca55bdc90ee/d5e371f4f2e52dc6eafca/muted_mp4_huge_size_1633617050_muted_huge.mp4","size":651916},"high":{"url":"https://coub-anubis-a.akamaized.net/coub_storage/coub/simple/cw_file/ca55bdc90ee/d5e371f4f2e52dc6eafca/muted_mp4_big_size_1633617050_muted_big.mp4","size":403535},"med":{"url":"https://coub-anubis-a.akamaized.net/coub_storage/coub/simple/cw_file/ca55bdc90ee/d5e371f4f2e52dc6eafca/muted_mp4_med_size_1633617050_muted_med.mp4","size":142056}},"audio":{"high":{"url":"https://coub-anubis-a.akamaized.net/coub_storage/coub/simple/cw_looped_audio_high/06a95305a2a/7dbe96b3b5466dc62b21e/1633617052_mp3-high.mp3","size":1127827},"med":{"url":"https://coub-anubis-a.akamaized.net/coub_storage/coub/simple/cw_looped_audio_med/d762af5e975/6de813ad666e6f232aa51/1633617051_mp3-med.mp3","size":942837},"sample_duration":3.483}},"mobile":{"video":"https://coub-anubis-a.akamaized.net/coub_storage/coub/simple/cw_file/ca55bdc90ee/d5e371f4f2e52dc6eafca/muted_mp4_med_size_1633617050_muted_med.mp4","audio":["https://coub-anubis-a.akamaized.net/coub_storage/coub/simple/cw_looped_audio_med/d762af5e975/6de813ad666e6f232aa51/1633617051_mp3-med.mp3"]},"share":{"default":"https://coub-anubis-a.akamaized.net/coub_storage/coub/simple/cw_video_for_sharing/1fd2a546510/237cb3edae3ad7e96e25b/1633617069_looped_1633617069.mp4"}},"audio_versions":{},"image_versions":{"template":"https://coub-anubis-a.akamaized.net/coub_storage/coub/simple/cw_image/698b56505e8/bfad85fef841be2fccaf0/%{version}_1633617055_00011.jpg","versions":["micro","tiny","age_restricted","ios_large","ios_mosaic","big","med","small","pinterest"]},"first_frame_versions":{"template":"https://coub-anubis-a.akamaized.net/coub_storage/coub/simple/cw_timeline_pic/3fe7732aff7/78fd51338fc9d8fa88249/%{version}_1633617055_image.jpg","versions":["big","med","small","ios_large"]},"dimensions":{"big":[524,960],"med":[262,480]},"site_w_h":[218,400],"page_w_h":[400,733],"site_w_h_small":[310,568],"size":[524,960],"age_restricted":false,"age_restricted_by_admin":false,"not_safe_for_work":null,"allow_reuse":false,"dont_crop":true,"banned":false,"global_safe":null,"audio_file_url":null,"external_download":{"type":"Youtube","service_name":"YouTube","url":"https://www.youtube.com/watch?v=kNetod6I17Q","has_embed":true},"application":null,"channel":{"id":3843360,"permalink":"denis-wilord","title":"DENIS_WILORD","description":null,"followers_count":17,"following_count":16,"avatar_versions":{"template":"https://coub-anubis-a.akamaized.net/coub_storage/channel/cw_avatar/be53783f59d/f0e06b1cbb763c12a36fb/%{version}_1607985413_1e3q7ui_1507734021_CBigOSDqOGs.jpg","versions":["medium","medium_2x","profile_pic","profile_pic_new","profile_pic_new_2x","tiny","tiny_2x","small","small_2x","ios_large","ios_small"]}},"file":null,"picture":"https://coub-anubis-a.akamaized.net/coub_storage/coub/simple/cw_image/698b56505e8/bfad85fef841be2fccaf0/med_1633617055_00011.jpg","timeline_picture":"https://coub-anubis-a.akamaized.net/coub_storage/coub/simple/cw_timeline_pic/3fe7732aff7/78fd51338fc9d8fa88249/ios_large_1633617055_image.jpg","small_picture":"https://coub-anubis-a.akamaized.net/coub_storage/coub/simple/cw_image/698b56505e8/bfad85fef841be2fccaf0/ios_mosaic_1633617055_00011.jpg","sharing_picture":null,"percent_done":100,"tags":[],"categories":[{"id":116,"title":"Memes","permalink":"memes","subscriptions_count":1914550,"big_image_url":"https://coub-anubis-a.akamaized.net/coub_storage/category/cw_image/c9ec52f6b8e/901439d39eb2de551860f/big_1623846896_memes.png","small_image_url":"https://coub-anubis-a.akamaized.net/coub_storage/category/cw_image/c9ec52f6b8e/901439d39eb2de551860f/small_1623846896_memes.png","med_image_url":"https://coub-anubis-a.akamaized.net/coub_storage/category/cw_image/c9ec52f6b8e/901439d39eb2de551860f/med_1623846896_memes.png","visible":true}],"communities":[{"id":116,"title":"Memes","permalink":"memes","subscriptions_count":1914550,"big_image_url":"https://coub-anubis-a.akamaized.net/coub_storage/category/cw_image/c9ec52f6b8e/901439d39eb2de551860f/big_1623846896_memes.png","small_image_url":"https://coub-anubis-a.akamaized.net/coub_storage/category/cw_image/c9ec52f6b8e/901439d39eb2de551860f/small_1623846896_memes.png","med_image_url":"https://coub-anubis-a.akamaized.net/coub_storage/category/cw_image/c9ec52f6b8e/901439d39eb2de551860f/med_1623846896_memes.png","i_subscribed":true,"community_notifications_enabled":null,"description":null}],"recoubs_count":5,"remixes_count":0,"likes_count":41,"dislikes_count":0,"raw_video_id":16826415,"uploaded_by_ios_app":false,"uploaded_by_android_app":false,"media_blocks":{"uploaded_raw_videos":[],"external_raw_videos":[{"id":39807311,"title":"Вы не делаете кофе? 36 гривен будет. Сколько? Да ты что, охуел?","url":"https://www.youtube.com/watch?v=kNetod6I17Q","image":"https://coub-anubis-a.akamaized.net/coub_storage/media_block/cw_image/087c3fc4899/026968bd2bd537da84f81/video_1633616931_17hz9wn_1633616922_1633616921_xm1u0m_att-url-download.webp","image_retina":"https://coub-anubis-a.akamaized.net/coub_storage/media_block/cw_image/087c3fc4899/026968bd2bd537da84f81/video_retina_1633616931_17hz9wn_1633616922_1633616921_xm1u0m_att-url-download.webp","meta":{"service":"Youtube","duration":"13.6"},"duration":13.6,"raw_video_id":16826415,"has_embed":true}],"remixed_from_coubs":[],"external_video":{"id":39807311,"title":"Вы не делаете кофе? 36 гривен будет. Сколько? Да ты что, охуел?","url":"https://www.youtube.com/watch?v=kNetod6I17Q","image":"https://coub-anubis-a.akamaized.net/coub_storage/media_block/cw_image/087c3fc4899/026968bd2bd537da84f81/video_1633616931_17hz9wn_1633616922_1633616921_xm1u0m_att-url-download.webp","image_retina":"https://coub-anubis-a.akamaized.net/coub_storage/media_block/cw_image/087c3fc4899/026968bd2bd537da84f81/video_retina_1633616931_17hz9wn_1633616922_1633616921_xm1u0m_att-url-download.webp","meta":{"service":"Youtube","duration":"13.6"},"duration":13.6,"raw_video_id":16826415,"has_embed":true}},"raw_video_thumbnail_url":"https://coub-anubis-a.akamaized.net/coub_storage/raw_video/cw_image/d1f73806d03/0ad6020689f6e102b312f/coub_media_1633616922_1633616921_xm1u0m_att-url-download.webp","raw_video_title":"Вы не делаете кофе? 36 гривен будет. Сколько? Да ты что, охуел?","video_block_banned":false,"duration":3.48,"promo_winner":false,"promo_winner_recoubers":null,"editorial_info":{},"promo_hint":null,"beeline_best_2014":null,"from_web_editor":true,"normalize_sound":true,"normalize_change_allowed":true,"best2015_addable":false,"ahmad_promo":null,"promo_data":null,"audio_copyright_claim":null,"ads_disabled":null,"is_safe_for_ads":true,"megafon_contents":[],"position_on_page":4},{"flag":null,"abuses":null,"recoubs_by_users_channels":null,"favourite":false,"promoted_id":null,"recoub":null,"like":null,"dislike":null,"reaction":null,"in_my_best2015":false,"id":176555510,"type":"Coub::Simple","permalink":"2wrq0e","title":"Telegram is best alternative","visibility_type":"public","original_visibility_type":"public","channel_id":4090488,"created_at":"2021-10-04T21:14:27Z","updated_at":"2022-03-07T18:48:58Z","is_done":true,"views_count":3373,"cotd":null,"cotd_at":null,"visible_on_explore_root":false,"visible_on_explore":false,"featured":false,"published":true,"published_at":"2021-10-04T21:14:27Z","reversed":false,"from_editor_v2":true,"is_editable":true,"original_sound":true,"has_sound":true,"recoub_to":null,"file_versions":{"html5":{"video":{"higher":{"url":"https://coub-anubis-a.akamaized.net/coub_storage/coub/simple/cw_file/e3ecabee148/0a2ef4cce4ea1d631183c/muted_mp4_huge_size_1633382086_muted_huge.mp4","size":3012827},"high":{"url":"https://coub-anubis-a.akamaized.net/coub_storage/coub/simple/cw_file/e3ecabee148/0a2ef4cce4ea1d631183c/muted_mp4_big_size_1633382086_muted_big.mp4","size":1830140},"med":{"url":"https://coub-anubis-a.akamaized.net/coub_storage/coub/simple/cw_file/e3ecabee148/0a2ef4cce4ea1d631183c/muted_mp4_med_size_1633382086_muted_med.mp4","size":577528}},"audio":{"high":{"url":"https://coub-anubis-a.akamaized.net/coub_storage/coub/simple/cw_looped_audio_high/01d7cb2ea8b/2165ba07edcc7d105e796/1633382090_mp3-high.mp3","size":881626},"med":{"url":"https://coub-anubis-a.akamaized.net/coub_storage/coub/simple/cw_looped_audio_med/c84b1ac7234/b83eea12667ab142592c6/1633382089_mp3-med.mp3","size":799076},"sample_duration":10.008}},"mobile":{"video":"https://coub-anubis-a.akamaized.net/coub_storage/coub/simple/cw_file/e3ecabee148/0a2ef4cce4ea1d631183c/muted_mp4_med_size_1633382086_muted_med.mp4","audio":["https://coub-anubis-a.akamaized.net/coub_storage/coub/simple/cw_looped_audio_med/c84b1ac7234/b83eea12667ab142592c6/1633382089_mp3-med.mp3"]},"share":{"default":"https://coub-anubis-a.akamaized.net/coub_storage/coub/simple/cw_video_for_sharing/14de8fd918b/00bab39772c3c4727160d/1633382197_looped_1633382192.mp4"}},"audio_versions":{},"image_versions":{"template":"https://coub-anubis-a.akamaized.net/coub_storage/coub/simple/cw_image/4b04b8c99d3/eebc8266b585b9d1c93f5/%{version}_1633382112_00032.jpg","versions":["micro","tiny","age_restricted","ios_large","ios_mosaic","big","med","small","pinterest"]},"first_frame_versions":{"template":"https://coub-anubis-a.akamaized.net/coub_storage/coub/simple/cw_timeline_pic/881c44cf379/74155d580a379b8e6a4dc/%{version}_1633382110_image.jpg","versions":["big","med","small","ios_large"]},"dimensions":{"big":[1280,626],"med":[640,312]},"site_w_h":[640,313],"page_w_h":[640,313],"site_w_h_small":[310,152],"size":[1280,626],"age_restricted":false,"age_restricted_by_admin":false,"not_safe_for_work":null,"allow_reuse":false,"dont_crop":true,"banned":false,"global_safe":null,"audio_file_url":null,"external_download":false,"application":null,"channel":{"id":4090488,"permalink":"princesinger","title":"PrinceSinger","description":null,"followers_count":23,"following_count":13,"avatar_versions":{"template":"https://coubsecureassets-a.akamaihd.net/assets/default-avatars/138-242d50672fc18d3ef9cda9ab15c2f1e716f2b75a87add895b196cb70b1e77437.png"}},"file":null,"picture":"https://coub-anubis-a.akamaized.net/coub_storage/coub/simple/cw_image/4b04b8c99d3/eebc8266b585b9d1c93f5/med_1633382112_00032.jpg","timeline_picture":"https://coub-anubis-a.akamaized.net/coub_storage/coub/simple/cw_timeline_pic/881c44cf379/74155d580a379b8e6a4dc/ios_large_1633382110_image.jpg","small_picture":"https://coub-anubis-a.akamaized.net/coub_storage/coub/simple/cw_image/4b04b8c99d3/eebc8266b585b9d1c93f5/ios_mosaic_1633382112_00032.jpg","sharing_picture":null,"percent_done":100,"tags":[{"id":357407,"title":"facebookdown","value":"facebookdown"}],"categories":[{"id":116,"title":"Memes","permalink":"memes","subscriptions_count":1914550,"big_image_url":"https://coub-anubis-a.akamaized.net/coub_storage/category/cw_image/c9ec52f6b8e/901439d39eb2de551860f/big_1623846896_memes.png","small_image_url":"https://coub-anubis-a.akamaized.net/coub_storage/category/cw_image/c9ec52f6b8e/901439d39eb2de551860f/small_1623846896_memes.png","med_image_url":"https://coub-anubis-a.akamaized.net/coub_storage/category/cw_image/c9ec52f6b8e/901439d39eb2de551860f/med_1623846896_memes.png","visible":true}],"communities":[{"id":116,"title":"Memes","permalink":"memes","subscriptions_count":1914550,"big_image_url":"https://coub-anubis-a.akamaized.net/coub_storage/category/cw_image/c9ec52f6b8e/901439d39eb2de551860f/big_1623846896_memes.png","small_image_url":"https://coub-anubis-a.akamaized.net/coub_storage/category/cw_image/c9ec52f6b8e/901439d39eb2de551860f/small_1623846896_memes.png","med_image_url":"https://coub-anubis-a.akamaized.net/coub_storage/category/cw_image/c9ec52f6b8e/901439d39eb2de551860f/med_1623846896_memes.png","i_subscribed":true,"community_notifications_enabled":null,"description":null}],"recoubs_count":0,"remixes_count":0,"likes_count":41,"dislikes_count":0,"raw_video_id":16819863,"uploaded_by_ios_app":false,"uploaded_by_android_app":false,"media_blocks":{"uploaded_raw_videos":[],"external_raw_videos":[],"remixed_from_coubs":[]},"raw_video_thumbnail_url":"https://coub-anubis-a.akamaized.net/coub_storage/raw_video/cw_image/88cee7eb999/4c9944db47a09b3aaa24f/coub_media_1633381759_image.jpg","raw_video_title":"IMG_0925.MP4","video_block_banned":false,"duration":10.0,"promo_winner":false,"promo_winner_recoubers":null,"editorial_info":{},"promo_hint":null,"beeline_best_2014":null,"from_web_editor":true,"normalize_sound":true,"normalize_change_allowed":true,"best2015_addable":false,"ahmad_promo":null,"promo_data":null,"audio_copyright_claim":null,"ads_disabled":null,"is_safe_for_ads":true,"megafon_contents":[],"position_on_page":5},{"flag":null,"abuses":null,"recoubs_by_users_channels":null,"favourite":false,"promoted_id":null,"recoub":null,"like":null,"dislike":null,"reaction":null,"in_my_best2015":false,"id":176466401,"type":"Coub::Simple","permalink":"2wpt95","title":"oops","visibility_type":"public","original_visibility_type":"public","channel_id":12005198,"created_at":"2021-10-03T07:08:00Z","updated_at":"2022-03-08T22:06:28Z","is_done":true,"views_count":3170,"cotd":null,"cotd_at":null,"visible_on_explore_root":false,"visible_on_explore":false,"featured":false,"published":true,"published_at":"2021-10-03T07:08:00Z","reversed":false,"from_editor_v2":true,"is_editable":true,"original_sound":true,"has_sound":true,"recoub_to":null,"file_versions":{"html5":{"video":{"higher":{"url":"https://coub-anubis-a.akamaized.net/coub_storage/coub/simple/cw_file/38866b18a72/9daf1c8a23a84c528b39c/muted_mp4_huge_size_1633244883_muted_huge.mp4","size":869811},"high":{"url":"https://coub-anubis-a.akamaized.net/coub_storage/coub/simple/cw_file/38866b18a72/9daf1c8a23a84c528b39c/muted_mp4_big_size_1633244883_muted_big.mp4","size":555439},"med":{"url":"https://coub-anubis-a.akamaized.net/coub_storage/coub/simple/cw_file/38866b18a72/9daf1c8a23a84c528b39c/muted_mp4_med_size_1633244883_muted_med.mp4","size":183049}},"audio":{"high":{"url":"https://coub-anubis-a.akamaized.net/coub_storage/coub/simple/cw_looped_audio_high/8a2cddbfd16/113344ee4559226aefa5b/1633244885_mp3-high.mp3","size":1044871},"med":{"url":"https://coub-anubis-a.akamaized.net/coub_storage/coub/simple/cw_looped_audio_med/8572311458b/cdbb4e54683516525cbe8/1633244884_mp3-med.mp3","size":900981},"sample_duration":3.762}},"mobile":{"video":"https://coub-anubis-a.akamaized.net/coub_storage/coub/simple/cw_file/38866b18a72/9daf1c8a23a84c528b39c/muted_mp4_med_size_1633244883_muted_med.mp4","audio":["https://coub-anubis-a.akamaized.net/coub_storage/coub/simple/cw_looped_audio_med/8572311458b/cdbb4e54683516525cbe8/1633244884_mp3-med.mp3"]},"share":{"default":"https://coub-anubis-a.akamaized.net/coub_storage/coub/simple/cw_video_for_sharing/3bf794abeb8/5caa41d27a78676f54ad1/1633244913_looped_1633244912.mp4"}},"audio_versions":{},"image_versions":{"template":"https://coub-anubis-a.akamaized.net/coub_storage/coub/simple/cw_image/e4a7a72cc4b/f211f82684e0accb22636/%{version}_1633244890_00012.jpg","versions":["micro","tiny","age_restricted","ios_large","ios_mosaic","big","med","small","pinterest"]},"first_frame_versions":{"template":"https://coub-anubis-a.akamaized.net/coub_storage/coub/simple/cw_timeline_pic/c3d8e669be9/37d392083376dce759240/%{version}_1633244889_image.jpg","versions":["big","med","small","ios_large"]},"dimensions":{"big":[960,960],"med":[480,480]},"site_w_h":[400,400],"page_w_h":[400,400],"site_w_h_small":[310,310],"size":[960,960],"age_restricted":false,"age_restricted_by_admin":false,"not_safe_for_work":null,"allow_reuse":false,"dont_crop":true,"banned":false,"global_safe":null,"audio_file_url":null,"external_download":false,"application":null,"channel":{"id":12005198,"permalink":"dismemes","title":"DisMemes","description":"Best Meme Page","followers_count":431,"following_count":1,"avatar_versions":{"template":"https://coub-anubis-a.akamaized.net/coub_storage/channel/cw_avatar/344c4ed9c09/a3eb4e1bd511633c7693e/%{version}_1626793049_3d9.jpg","versions":["medium","medium_2x","profile_pic","profile_pic_new","profile_pic_new_2x","tiny","tiny_2x","small","small_2x","ios_large","ios_small"]}},"file":null,"picture":"https://coub-anubis-a.akamaized.net/coub_storage/coub/simple/cw_image/e4a7a72cc4b/f211f82684e0accb22636/med_1633244890_00012.jpg","timeline_picture":"https://coub-anubis-a.akamaized.net/coub_storage/coub/simple/cw_timeline_pic/c3d8e669be9/37d392083376dce759240/ios_large_1633244889_image.jpg","small_picture":"https://coub-anubis-a.akamaized.net/coub_storage/coub/simple/cw_image/e4a7a72cc4b/f211f82684e0accb22636/ios_mosaic_1633244890_00012.jpg","sharing_picture":null,"percent_done":100,"tags":[{"id":2235,"title":"memes","value":"memes"},{"id":174,"title":"funny","value":"funny"},{"id":170,"title":"lol","value":"lol"},{"id":12239,"title":"funny videos","value":"funny%20videos"},{"id":6249,"title":"мем","value":"%D0%BC%D0%B5%D0%BC"},{"id":22887,"title":"мемы","value":"%D0%BC%D0%B5%D0%BC%D1%8B"},{"id":4480,"title":"приколы","value":"%D0%BF%D1%80%D0%B8%D0%BA%D0%BE%D0%BB%D1%8B"},{"id":2398,"title":"смешные видео","value":"%D1%81%D0%BC%D0%B5%D1%88%D0%BD%D1%8B%D0%B5%20%D0%B2%D0%B8%D0%B4%D0%B5%D0%BE"}],"categories":[{"id":116,"title":"Memes","permalink":"memes","subscriptions_count":1914550,"big_image_url":"https://coub-anubis-a.akamaized.net/coub_storage/category/cw_image/c9ec52f6b8e/901439d39eb2de551860f/big_1623846896_memes.png","small_image_url":"https://coub-anubis-a.akamaized.net/coub_storage/category/cw_image/c9ec52f6b8e/901439d39eb2de551860f/small_1623846896_memes.png","med_image_url":"https://coub-anubis-a.akamaized.net/coub_storage/category/cw_image/c9ec52f6b8e/901439d39eb2de551860f/med_1623846896_memes.png","visible":true}],"communities":[{"id":116,"title":"Memes","permalink":"memes","subscriptions_count":1914550,"big_image_url":"https://coub-anubis-a.akamaized.net/coub_storage/category/cw_image/c9ec52f6b8e/901439d39eb2de551860f/big_1623846896_memes.png","small_image_url":"https://coub-anubis-a.akamaized.net/coub_storage/category/cw_image/c9ec52f6b8e/901439d39eb2de551860f/small_1623846896_memes.png","med_image_url":"https://coub-anubis-a.akamaized.net/coub_storage/category/cw_image/c9ec52f6b8e/901439d39eb2de551860f/med_1623846896_memes.png","i_subscribed":true,"community_notifications_enabled":null,"description":null}],"recoubs_count":7,"remixes_count":0,"likes_count":41,"dislikes_count":0,"raw_video_id":16815415,"uploaded_by_ios_app":false,"uploaded_by_android_app":true,"media_blocks":{"uploaded_raw_videos":[],"external_raw_videos":[],"remixed_from_coubs":[]},"raw_video_thumbnail_url":"/missing/missing.png","raw_video_title":null,"video_block_banned":false,"duration":3.72,"promo_winner":false,"promo_winner_recoubers":null,"editorial_info":{},"promo_hint":null,"beeline_best_2014":null,"from_web_editor":false,"normalize_sound":true,"normalize_change_allowed":true,"best2015_addable":false,"ahmad_promo":null,"promo_data":null,"audio_copyright_claim":null,"ads_disabled":null,"is_safe_for_ads":true,"megafon_contents":[],"position_on_page":6},{"flag":null,"abuses":null,"recoubs_by_users_channels":null,"favourite":false,"promoted_id":null,"recoub":null,"like":null,"dislike":null,"reaction":null,"in_my_best2015":false,"id":175659494,"type":"Coub::Simple","permalink":"2w8imz","title":"Ohhhh man","visibility_type":"public","original_visibility_type":"public","channel_id":11778113,"created_at":"2021-09-17T18:47:10Z","updated_at":"2022-02-25T21:06:01Z","is_done":true,"views_count":3353,"cotd":null,"cotd_at":null,"visible_on_explore_root":false,"visible_on_explore":false,"featured":false,"published":true,"published_at":"2021-09-17T18:47:10Z","reversed":false,"from_editor_v2":true,"is_editable":true,"original_sound":true,"has_sound":true,"recoub_to":null,"file_versions":{"html5":{"video":{"higher":{"url":"https://coub-anubis-a.akamaized.net/coub_storage/coub/simple/cw_file/cef140113e7/1cc516f107073457be872/muted_mp4_huge_size_1631904436_muted_huge.mp4","size":1873699},"high":{"url":"https://coub-anubis-a.akamaized.net/coub_storage/coub/simple/cw_file/cef140113e7/1cc516f107073457be872/muted_mp4_big_size_1631904436_muted_big.mp4","size":1181795},"med":{"url":"https://coub-anubis-a.akamaized.net/coub_storage/coub/simple/cw_file/cef140113e7/1cc516f107073457be872/muted_mp4_med_size_1631904436_muted_med.mp4","size":405137}},"audio":{"high":{"url":"https://coub-anubis-a.akamaized.net/coub_storage/coub/simple/cw_looped_audio_high/50a397b8705/bff025ed7ef4edeee90b5/1631904439_mp3-high.mp3","size":988699},"med":{"url":"https://coub-anubis-a.akamaized.net/coub_storage/coub/simple/cw_looped_audio_med/70ea1f1982a/a360099aa9f6773ab3f72/1631904438_mp3-med.mp3","size":864230},"sample_duration":7.43}},"mobile":{"video":"https://coub-anubis-a.akamaized.net/coub_storage/coub/simple/cw_file/cef140113e7/1cc516f107073457be872/muted_mp4_med_size_1631904436_muted_med.mp4","audio":["https://coub-anubis-a.akamaized.net/coub_storage/coub/simple/cw_looped_audio_med/70ea1f1982a/a360099aa9f6773ab3f72/1631904438_mp3-med.mp3"]},"share":{"default":"https://coub-anubis-a.akamaized.net/coub_storage/coub/simple/cw_video_for_sharing/120901639e1/976e1f0c85bdd1b3eaeb6/1631904491_looped_1631904490.mp4"}},"audio_versions":{},"image_versions":{"template":"https://coub-anubis-a.akamaized.net/coub_storage/coub/simple/cw_image/ee7eb7df15e/eaa8270357c4e94c63663/%{version}_1631904449_00024.jpg","versions":["micro","tiny","age_restricted","ios_large","ios_mosaic","big","med","small","pinterest"]},"first_frame_versions":{"template":"https://coub-anubis-a.akamaized.net/coub_storage/coub/simple/cw_timeline_pic/d2a62c2e005/3f662fdf77ad722fd60b2/%{version}_1631904448_image.jpg","versions":["big","med","small","ios_large"]},"dimensions":{"big":[960,960],"med":[480,480]},"site_w_h":[400,400],"page_w_h":[400,400],"site_w_h_small":[310,310],"size":[960,960],"age_restricted":false,"age_restricted_by_admin":false,"not_safe_for_work":null,"allow_reuse":false,"dont_crop":true,"banned":false,"global_safe":null,"audio_file_url":null,"external_download":{"type":"Youtube","service_name":"YouTube","url":"https://m.youtube.com/watch?v=UVcRSf3vAa8","has_embed":true},"application":null,"channel":{"id":11778113,"permalink":"billy90739","title":"Billy","description":null,"followers_count":53,"following_count":2,"avatar_versions":{"template":"https://coub-anubis-a.akamaized.net/coub_storage/channel/cw_avatar/ea6e6dd10be/3708317be4bf670990930/%{version}_1624540285_filename.jpeg","versions":["medium","medium_2x","profile_pic","profile_pic_new","profile_pic_new_2x","tiny","tiny_2x","small","small_2x","ios_large","ios_small"]}},"file":null,"picture":"https://coub-anubis-a.akamaized.net/coub_storage/coub/simple/cw_image/ee7eb7df15e/eaa8270357c4e94c63663/med_1631904449_00024.jpg","timeline_picture":"https://coub-anubis-a.akamaized.net/coub_storage/coub/simple/cw_timeline_pic/d2a62c2e005/3f662fdf77ad722fd60b2/ios_large_1631904448_image.jpg","small_picture":"https://coub-anubis-a.akamaized.net/coub_storage/coub/simple/cw_image/ee7eb7df15e/eaa8270357c4e94c63663/ios_mosaic_1631904449_00024.jpg","sharing_picture":null,"percent_done":100,"tags":[{"id":2234,"title":"meme","value":"meme"},{"id":2235,"title":"memes","value":"memes"}],"categories":[{"id":116,"title":"Memes","permalink":"memes","subscriptions_count":1914550,"big_image_url":"https://coub-anubis-a.akamaized.net/coub_storage/category/cw_image/c9ec52f6b8e/901439d39eb2de551860f/big_1623846896_memes.png","small_image_url":"https://coub-anubis-a.akamaized.net/coub_storage/category/cw_image/c9ec52f6b8e/901439d39eb2de551860f/small_1623846896_memes.png","med_image_url":"https://coub-anubis-a.akamaized.net/coub_storage/category/cw_image/c9ec52f6b8e/901439d39eb2de551860f/med_1623846896_memes.png","visible":true}],"communities":[{"id":116,"title":"Memes","permalink":"memes","subscriptions_count":1914550,"big_image_url":"https://coub-anubis-a.akamaized.net/coub_storage/category/cw_image/c9ec52f6b8e/901439d39eb2de551860f/big_1623846896_memes.png","small_image_url":"https://coub-anubis-a.akamaized.net/coub_storage/category/cw_image/c9ec52f6b8e/901439d39eb2de551860f/small_1623846896_memes.png","med_image_url":"https://coub-anubis-a.akamaized.net/coub_storage/category/cw_image/c9ec52f6b8e/901439d39eb2de551860f/med_1623846896_memes.png","i_subscribed":true,"community_notifications_enabled":null,"description":null}],"recoubs_count":7,"remixes_count":0,"likes_count":41,"dislikes_count":0,"raw_video_id":16776029,"uploaded_by_ios_app":true,"uploaded_by_android_app":false,"media_blocks":{"uploaded_raw_videos":[],"external_raw_videos":[{"id":39685719,"title":"Ohhhh man","url":"https://www.youtube.com/watch?v=UVcRSf3vAa8","image":"https://coub-anubis-a.akamaized.net/coub_storage/media_block/cw_image/14ef3e7ca1c/4a20de45e50bb48a403f1/video_1631904056_arejd5_1631904050_1631904050_1yq8yzw_att-url-download.jpg_sqp_-oaymwEcCNACELwBSFXyq4qpAw4IARUAAIhCGAFwAcABBg___rs_AOn4CLAOgMmqTIqj1DYM4ISyMkOEpHeKvA","image_retina":"https://coub-anubis-a.akamaized.net/coub_storage/media_block/cw_image/14ef3e7ca1c/4a20de45e50bb48a403f1/video_retina_1631904056_arejd5_1631904050_1631904050_1yq8yzw_att-url-download.jpg_sqp_-oaymwEcCNACELwBSFXyq4qpAw4IARUAAIhCGAFwAcABBg___rs_AOn4CLAOgMmqTIqj1DYM4ISyMkOEpHeKvA","meta":{"service":"Youtube","duration":"7.4"},"duration":7.4,"raw_video_id":16776029,"has_embed":true}],"remixed_from_coubs":[],"external_video":{"id":39685719,"title":"Ohhhh man","url":"https://www.youtube.com/watch?v=UVcRSf3vAa8","image":"https://coub-anubis-a.akamaized.net/coub_storage/media_block/cw_image/14ef3e7ca1c/4a20de45e50bb48a403f1/video_1631904056_arejd5_1631904050_1631904050_1yq8yzw_att-url-download.jpg_sqp_-oaymwEcCNACELwBSFXyq4qpAw4IARUAAIhCGAFwAcABBg___rs_AOn4CLAOgMmqTIqj1DYM4ISyMkOEpHeKvA","image_retina":"https://coub-anubis-a.akamaized.net/coub_storage/media_block/cw_image/14ef3e7ca1c/4a20de45e50bb48a403f1/video_retina_1631904056_arejd5_1631904050_1631904050_1yq8yzw_att-url-download.jpg_sqp_-oaymwEcCNACELwBSFXyq4qpAw4IARUAAIhCGAFwAcABBg___rs_AOn4CLAOgMmqTIqj1DYM4ISyMkOEpHeKvA","meta":{"service":"Youtube","duration":"7.4"},"duration":7.4,"raw_video_id":16776029,"has_embed":true}},"raw_video_thumbnail_url":"https://coub-anubis-a.akamaized.net/coub_storage/raw_video/cw_image/2bd123a55e2/67b37a1c1f61f70f521d0/coub_media_1631904050_1631904050_1yq8yzw_att-url-download.jpg_sqp_-oaymwEcCNACELwBSFXyq4qpAw4IARUAAIhCGAFwAcABBg___rs_AOn4CLAOgMmqTIqj1DYM4ISyMkOEpHeKvA","raw_video_title":"Ohhhh man","video_block_banned":false,"duration":7.4,"promo_winner":false,"promo_winner_recoubers":null,"editorial_info":{},"promo_hint":null,"beeline_best_2014":null,"from_web_editor":false,"normalize_sound":true,"normalize_change_allowed":true,"best2015_addable":false,"ahmad_promo":null,"promo_data":null,"audio_copyright_claim":null,"ads_disabled":null,"is_safe_for_ads":true,"megafon_contents":[],"position_on_page":7},{"flag":null,"abuses":null,"recoubs_by_users_channels":null,"favourite":false,"promoted_id":null,"recoub":null,"like":null,"dislike":null,"reaction":null,"in_my_best2015":false,"id":175067966,"type":"Coub::Simple","permalink":"2vvu7h","title":"Reality","visibility_type":"public","original_visibility_type":"public","channel_id":11778113,"created_at":"2021-09-06T17:36:13Z","updated_at":"2021-12-09T09:06:02Z","is_done":true,"views_count":8511,"cotd":null,"cotd_at":null,"visible_on_explore_root":false,"visible_on_explore":false,"featured":false,"published":true,"published_at":"2021-09-06T17:36:13Z","reversed":false,"from_editor_v2":true,"is_editable":true,"original_sound":true,"has_sound":true,"recoub_to":null,"file_versions":{"html5":{"video":{"higher":{"url":"https://coub-anubis-a.akamaized.net/coub_storage/coub/simple/cw_file/226394e0752/8143239c9244888f77a78/muted_mp4_huge_size_1630949776_muted_huge.mp4","size":1106233},"high":{"url":"https://coub-anubis-a.akamaized.net/coub_storage/coub/simple/cw_file/226394e0752/8143239c9244888f77a78/muted_mp4_big_size_1630949776_muted_big.mp4","size":660936},"med":{"url":"https://coub-anubis-a.akamaized.net/coub_storage/coub/simple/cw_file/226394e0752/8143239c9244888f77a78/muted_mp4_med_size_1630949776_muted_med.mp4","size":199867}},"audio":{"high":{"url":"https://coub-anubis-a.akamaized.net/coub_storage/coub/simple/cw_looped_audio_high/df19967e63d/9aad3d5533c32bc918066/1630949778_mp3-high.mp3","size":1049429},"med":{"url":"https://coub-anubis-a.akamaized.net/coub_storage/coub/simple/cw_looped_audio_med/09d78aa486a/007ee3a4823a55f721f3f/1630949777_mp3-med.mp3","size":930908},"sample_duration":7.361}},"mobile":{"video":"https://coub-anubis-a.akamaized.net/coub_storage/coub/simple/cw_file/226394e0752/8143239c9244888f77a78/muted_mp4_med_size_1630949776_muted_med.mp4","audio":["https://coub-anubis-a.akamaized.net/coub_storage/coub/simple/cw_looped_audio_med/09d78aa486a/007ee3a4823a55f721f3f/1630949777_mp3-med.mp3"]},"share":{"default":"https://coub-anubis-a.akamaized.net/coub_storage/coub/simple/cw_video_for_sharing/74db4f15ef3/5b13d9c2cb888c98479bc/1630949799_looped_1630949798.mp4"}},"audio_versions":{},"image_versions":{"template":"https://coub-anubis-a.akamaized.net/coub_storage/coub/simple/cw_image/44acd68aa0d/6ded84060f4fff7cb49a2/%{version}_1630949781_00024.jpg","versions":["micro","tiny","age_restricted","ios_large","ios_mosaic","big","med","small","pinterest"]},"first_frame_versions":{"template":"https://coub-anubis-a.akamaized.net/coub_storage/coub/simple/cw_timeline_pic/2fb45a78ac8/2f7fd921a1d5bda306fec/%{version}_1630949781_image.jpg","versions":["big","med","small","ios_large"]},"dimensions":{"big":[1280,816],"med":[640,408]},"site_w_h":[640,408],"page_w_h":[640,408],"site_w_h_small":[310,198],"size":[1280,816],"age_restricted":false,"age_restricted_by_admin":false,"not_safe_for_work":null,"allow_reuse":false,"dont_crop":true,"banned":false,"global_safe":null,"audio_file_url":null,"external_download":{"type":"Youtube","service_name":"YouTube","url":"https://m.youtube.com/watch?v=9zjjcH7KT0w","has_embed":true},"application":null,"channel":{"id":11778113,"permalink":"billy90739","title":"Billy","description":null,"followers_count":53,"following_count":2,"avatar_versions":{"template":"https://coub-anubis-a.akamaized.net/coub_storage/channel/cw_avatar/ea6e6dd10be/3708317be4bf670990930/%{version}_1624540285_filename.jpeg","versions":["medium","medium_2x","profile_pic","profile_pic_new","profile_pic_new_2x","tiny","tiny_2x","small","small_2x","ios_large","ios_small"]}},"file":null,"picture":"https://coub-anubis-a.akamaized.net/coub_storage/coub/simple/cw_image/44acd68aa0d/6ded84060f4fff7cb49a2/med_1630949781_00024.jpg","timeline_picture":"https://coub-anubis-a.akamaized.net/coub_storage/coub/simple/cw_timeline_pic/2fb45a78ac8/2f7fd921a1d5bda306fec/ios_large_1630949781_image.jpg","small_picture":"https://coub-anubis-a.akamaized.net/coub_storage/coub/simple/cw_image/44acd68aa0d/6ded84060f4fff7cb49a2/ios_mosaic_1630949781_00024.jpg","sharing_picture":null,"percent_done":100,"tags":[{"id":2234,"title":"meme","value":"meme"},{"id":2235,"title":"memes","value":"memes"},{"id":920,"title":"windows","value":"windows"}],"categories":[{"id":116,"title":"Memes","permalink":"memes","subscriptions_count":1914550,"big_image_url":"https://coub-anubis-a.akamaized.net/coub_storage/category/cw_image/c9ec52f6b8e/901439d39eb2de551860f/big_1623846896_memes.png","small_image_url":"https://coub-anubis-a.akamaized.net/coub_storage/category/cw_image/c9ec52f6b8e/901439d39eb2de551860f/small_1623846896_memes.png","med_image_url":"https://coub-anubis-a.akamaized.net/coub_storage/category/cw_image/c9ec52f6b8e/901439d39eb2de551860f/med_1623846896_memes.png","visible":true}],"communities":[{"id":116,"title":"Memes","permalink":"memes","subscriptions_count":1914550,"big_image_url":"https://coub-anubis-a.akamaized.net/coub_storage/category/cw_image/c9ec52f6b8e/901439d39eb2de551860f/big_1623846896_memes.png","small_image_url":"https://coub-anubis-a.akamaized.net/coub_storage/category/cw_image/c9ec52f6b8e/901439d39eb2de551860f/small_1623846896_memes.png","med_image_url":"https://coub-anubis-a.akamaized.net/coub_storage/category/cw_image/c9ec52f6b8e/901439d39eb2de551860f/med_1623846896_memes.png","i_subscribed":true,"community_notifications_enabled":null,"description":null}],"recoubs_count":5,"remixes_count":0,"likes_count":41,"dislikes_count":0,"raw_video_id":16748451,"uploaded_by_ios_app":true,"uploaded_by_android_app":false,"media_blocks":{"uploaded_raw_videos":[],"external_raw_videos":[{"id":39616766,"title":"Reality","url":"https://www.youtube.com/watch?v=9zjjcH7KT0w","image":"https://coub-anubis-a.akamaized.net/coub_storage/media_block/cw_image/b4b7cd43cd6/9ad262eba30f3feaa3272/video_1630949650_zfaxqq_1630949643_1630949642_196qud9_att-url-download.jpg_sqp_-oaymwEcCNACELwBSFXyq4qpAw4IARUAAIhCGAFwAcABBg___rs_AOn4CLAa3TAL8JUiJSb8xQWb9VQvFsVlFA","image_retina":"https://coub-anubis-a.akamaized.net/coub_storage/media_block/cw_image/b4b7cd43cd6/9ad262eba30f3feaa3272/video_retina_1630949650_zfaxqq_1630949643_1630949642_196qud9_att-url-download.jpg_sqp_-oaymwEcCNACELwBSFXyq4qpAw4IARUAAIhCGAFwAcABBg___rs_AOn4CLAa3TAL8JUiJSb8xQWb9VQvFsVlFA","meta":{"service":"Youtube","duration":"7.36"},"duration":7.36,"raw_video_id":16748451,"has_embed":true}],"remixed_from_coubs":[],"external_video":{"id":39616766,"title":"Reality","url":"https://www.youtube.com/watch?v=9zjjcH7KT0w","image":"https://coub-anubis-a.akamaized.net/coub_storage/media_block/cw_image/b4b7cd43cd6/9ad262eba30f3feaa3272/video_1630949650_zfaxqq_1630949643_1630949642_196qud9_att-url-download.jpg_sqp_-oaymwEcCNACELwBSFXyq4qpAw4IARUAAIhCGAFwAcABBg___rs_AOn4CLAa3TAL8JUiJSb8xQWb9VQvFsVlFA","image_retina":"https://coub-anubis-a.akamaized.net/coub_storage/media_block/cw_image/b4b7cd43cd6/9ad262eba30f3feaa3272/video_retina_1630949650_zfaxqq_1630949643_1630949642_196qud9_att-url-download.jpg_sqp_-oaymwEcCNACELwBSFXyq4qpAw4IARUAAIhCGAFwAcABBg___rs_AOn4CLAa3TAL8JUiJSb8xQWb9VQvFsVlFA","meta":{"service":"Youtube","duration":"7.36"},"duration":7.36,"raw_video_id":16748451,"has_embed":true}},"raw_video_thumbnail_url":"https://coub-anubis-a.akamaized.net/coub_storage/raw_video/cw_image/606d64aa501/eaf90baa298d74e193b65/coub_media_1630949643_1630949642_196qud9_att-url-download.jpg_sqp_-oaymwEcCNACELwBSFXyq4qpAw4IARUAAIhCGAFwAcABBg___rs_AOn4CLAa3TAL8JUiJSb8xQWb9VQvFsVlFA","raw_video_title":"Reality","video_block_banned":false,"duration":7.36,"promo_winner":false,"promo_winner_recoubers":null,"editorial_info":{},"promo_hint":null,"beeline_best_2014":null,"from_web_editor":false,"normalize_sound":true,"normalize_change_allowed":true,"best2015_addable":false,"ahmad_promo":null,"promo_data":null,"audio_copyright_claim":null,"ads_disabled":null,"is_safe_for_ads":true,"megafon_contents":[],"position_on_page":8},{"flag":null,"abuses":null,"recoubs_by_users_channels":null,"favourite":false,"promoted_id":null,"recoub":null,"like":null,"dislike":null,"reaction":null,"in_my_best2015":false,"id":174728488,"type":"Coub::Simple","permalink":"2vok9i","title":"Следствие вели","visibility_type":"public","original_visibility_type":"public","channel_id":10474809,"created_at":"2021-08-31T09:59:39Z","updated_at":"2021-10-14T00:59:05Z","is_done":true,"views_count":8309,"cotd":null,"cotd_at":null,"visible_on_explore_root":false,"visible_on_explore":false,"featured":false,"published":true,"published_at":"2021-08-31T09:59:39Z","reversed":false,"from_editor_v2":true,"is_editable":true,"original_sound":true,"has_sound":true,"recoub_to":null,"file_versions":{"html5":{"video":{"higher":{"url":"https://coub-anubis-a.akamaized.net/coub_storage/coub/simple/cw_file/9eba2038351/45a9d3dc414f0f8908787/muted_mp4_huge_size_1630404024_muted_huge.mp4","size":2274619},"high":{"url":"https://coub-anubis-a.akamaized.net/coub_storage/coub/simple/cw_file/9eba2038351/45a9d3dc414f0f8908787/muted_mp4_big_size_1630404024_muted_big.mp4","size":1630962},"med":{"url":"https://coub-anubis-a.akamaized.net/coub_storage/coub/simple/cw_file/9eba2038351/45a9d3dc414f0f8908787/muted_mp4_med_size_1630404024_muted_med.mp4","size":395583}},"audio":{"high":{"url":"https://coub-anubis-a.akamaized.net/coub_storage/coub/simple/cw_looped_audio_high/588ad208e7a/a71bf25c50ea788895d35/1630404026_mp3-high.mp3","size":1053772},"med":{"url":"https://coub-anubis-a.akamaized.net/coub_storage/coub/simple/cw_looped_audio_med/fccd2b2cf19/950ca851325d1448cc140/1630404026_mp3-med.mp3","size":945384},"sample_duration":8.522}},"mobile":{"video":"https://coub-anubis-a.akamaized.net/coub_storage/coub/simple/cw_file/9eba2038351/45a9d3dc414f0f8908787/muted_mp4_med_size_1630404024_muted_med.mp4","audio":["https://coub-anubis-a.akamaized.net/coub_storage/coub/simple/cw_looped_audio_med/fccd2b2cf19/950ca851325d1448cc140/1630404026_mp3-med.mp3"]},"share":{"default":"https://coub-anubis-a.akamaized.net/coub_storage/coub/simple/cw_video_for_sharing/c42bb1b2960/fcb2f914b9cd5230cb0ec/1630404062_looped_1630404060.mp4"}},"audio_versions":{},"image_versions":{"template":"https://coub-anubis-a.akamaized.net/coub_storage/coub/simple/cw_image/d73ec129d80/0e9d5de7971d01c44c3a7/%{version}_1630404031_00027.jpg","versions":["micro","tiny","age_restricted","ios_large","ios_mosaic","big","med","small","pinterest"]},"first_frame_versions":{"template":"https://coub-anubis-a.akamaized.net/coub_storage/coub/simple/cw_timeline_pic/4cc39c10e3b/397438cdfdc8addaf569e/%{version}_1630404030_image.jpg","versions":["big","med","small","ios_large"]},"dimensions":{"big":[1280,720],"med":[640,360]},"site_w_h":[640,360],"page_w_h":[640,360],"site_w_h_small":[310,174],"size":[1280,720],"age_restricted":false,"age_restricted_by_admin":false,"not_safe_for_work":false,"allow_reuse":false,"dont_crop":true,"banned":false,"global_safe":null,"audio_file_url":null,"external_download":{"type":"Youtube","service_name":"YouTube","url":"https://youtu.be/TPUVOw8OIZw","has_embed":true},"application":null,"channel":{"id":10474809,"permalink":"shanti20148","title":"Shanti","description":null,"followers_count":3,"following_count":9,"avatar_versions":{"template":"https://coub-anubis-a.akamaized.net/coub_storage/channel/cw_avatar/fb0abf55347/03783d06fd36ea253f821/%{version}_1608550771_17e90me_1603268124_1999x33_100799456403207308622.jpg","versions":["medium","medium_2x","profile_pic","profile_pic_new","profile_pic_new_2x","tiny","tiny_2x","small","small_2x","ios_large","ios_small"]}},"file":null,"picture":"https://coub-anubis-a.akamaized.net/coub_storage/coub/simple/cw_image/d73ec129d80/0e9d5de7971d01c44c3a7/med_1630404031_00027.jpg","timeline_picture":"https://coub-anubis-a.akamaized.net/coub_storage/coub/simple/cw_timeline_pic/4cc39c10e3b/397438cdfdc8addaf569e/ios_large_1630404030_image.jpg","small_picture":"https://coub-anubis-a.akamaized.net/coub_storage/coub/simple/cw_image/d73ec129d80/0e9d5de7971d01c44c3a7/ios_mosaic_1630404031_00027.jpg","sharing_picture":null,"percent_done":100,"tags":[],"categories":[{"id":116,"title":"Memes","permalink":"memes","subscriptions_count":1914550,"big_image_url":"https://coub-anubis-a.akamaized.net/coub_storage/category/cw_image/c9ec52f6b8e/901439d39eb2de551860f/big_1623846896_memes.png","small_image_url":"https://coub-anubis-a.akamaized.net/coub_storage/category/cw_image/c9ec52f6b8e/901439d39eb2de551860f/small_1623846896_memes.png","med_image_url":"https://coub-anubis-a.akamaized.net/coub_storage/category/cw_image/c9ec52f6b8e/901439d39eb2de551860f/med_1623846896_memes.png","visible":true}],"communities":[{"id":116,"title":"Memes","permalink":"memes","subscriptions_count":1914550,"big_image_url":"https://coub-anubis-a.akamaized.net/coub_storage/category/cw_image/c9ec52f6b8e/901439d39eb2de551860f/big_1623846896_memes.png","small_image_url":"https://coub-anubis-a.akamaized.net/coub_storage/category/cw_image/c9ec52f6b8e/901439d39eb2de551860f/small_1623846896_memes.png","med_image_url":"https://coub-anubis-a.akamaized.net/coub_storage/category/cw_image/c9ec52f6b8e/901439d39eb2de551860f/med_1623846896_memes.png","i_subscribed":true,"community_notifications_enabled":null,"description":null}],"recoubs_count":4,"remixes_count":0,"likes_count":41,"dislikes_count":0,"raw_video_id":16730295,"uploaded_by_ios_app":false,"uploaded_by_android_app":true,"media_blocks":{"uploaded_raw_videos":[],"external_raw_videos":[{"id":39573033,"title":"Виталий Наливкин и банда в погонах","url":"https://www.youtube.com/watch?v=TPUVOw8OIZw","image":"https://coub-anubis-a.akamaized.net/coub_storage/media_block/cw_image/3a62b7a94ca/0a0191a88ca7afba0cd38/video_1630327879_1aetkx2_1630327824_w5oa9u_att-url-download.jpg","image_retina":"https://coub-anubis-a.akamaized.net/coub_storage/media_block/cw_image/3a62b7a94ca/0a0191a88ca7afba0cd38/video_retina_1630327879_1aetkx2_1630327824_w5oa9u_att-url-download.jpg","meta":{"service":"Youtube","duration":"208.12"},"duration":208.12,"raw_video_id":16730295,"has_embed":true}],"remixed_from_coubs":[],"external_video":{"id":39573033,"title":"Виталий Наливкин и банда в погонах","url":"https://www.youtube.com/watch?v=TPUVOw8OIZw","image":"https://coub-anubis-a.akamaized.net/coub_storage/media_block/cw_image/3a62b7a94ca/0a0191a88ca7afba0cd38/video_1630327879_1aetkx2_1630327824_w5oa9u_att-url-download.jpg","image_retina":"https://coub-anubis-a.akamaized.net/coub_storage/media_block/cw_image/3a62b7a94ca/0a0191a88ca7afba0cd38/video_retina_1630327879_1aetkx2_1630327824_w5oa9u_att-url-download.jpg","meta":{"service":"Youtube","duration":"208.12"},"duration":208.12,"raw_video_id":16730295,"has_embed":true}},"raw_video_thumbnail_url":"https://coub-anubis-a.akamaized.net/coub_storage/raw_video/cw_image/8670e4c7da6/ce9a20397e9027bc7191b/coub_media_1630327828_1630327824_w5oa9u_att-url-download.jpg","raw_video_title":"Виталий Наливкин и банда в погонах","video_block_banned":false,"duration":8.52,"promo_winner":false,"promo_winner_recoubers":null,"editorial_info":{},"promo_hint":null,"beeline_best_2014":null,"from_web_editor":false,"normalize_sound":true,"normalize_change_allowed":true,"best2015_addable":false,"ahmad_promo":null,"promo_data":null,"audio_copyright_claim":null,"ads_disabled":false,"is_safe_for_ads":true,"megafon_contents":[],"position_on_page":9},{"flag":null,"abuses":null,"recoubs_by_users_channels":null,"favourite":false,"promoted_id":null,"recoub":null,"like":null,"dislike":null,"reaction":null,"in_my_best2015":false,"id":174194121,"type":"Coub::Simple","permalink":"2vd3xs","title":"Новогоднее поздравление от Дмитрия Голубочкина","visibility_type":"public","original_visibility_type":"public","channel_id":371689,"created_at":"2021-08-21T11:46:40Z","updated_at":"2022-03-08T00:22:20Z","is_done":true,"views_count":6353,"cotd":null,"cotd_at":null,"visible_on_explore_root":false,"visible_on_explore":false,"featured":false,"published":true,"published_at":"2021-08-21T11:46:40Z","reversed":false,"from_editor_v2":true,"is_editable":true,"original_sound":true,"has_sound":true,"recoub_to":null,"file_versions":{"html5":{"video":{"higher":{"url":"https://coub-anubis-a.akamaized.net/coub_storage/coub/simple/cw_file/8909e83290f/a7b52e5aff21388141945/muted_mp4_huge_size_1629546409_muted_huge.mp4","size":1864908},"high":{"url":"https://coub-anubis-a.akamaized.net/coub_storage/coub/simple/cw_file/8909e83290f/a7b52e5aff21388141945/muted_mp4_big_size_1629546409_muted_big.mp4","size":1188909},"med":{"url":"https://coub-anubis-a.akamaized.net/coub_storage/coub/simple/cw_file/8909e83290f/a7b52e5aff21388141945/muted_mp4_med_size_1629546409_muted_med.mp4","size":287736}},"audio":{"high":{"url":"https://coub-anubis-a.akamaized.net/coub_storage/coub/simple/cw_looped_audio_high/2e413f051c7/a903e3b2f44f4b367b698/1629546411_mp3-high.mp3","size":1188331},"med":{"url":"https://coub-anubis-a.akamaized.net/coub_storage/coub/simple/cw_looped_audio_med/f29a08aa967/09d7de892617de9cd4bba/1629546410_mp3-med.mp3","size":938667},"sample_duration":8.406}},"mobile":{"video":"https://coub-anubis-a.akamaized.net/coub_storage/coub/simple/cw_file/8909e83290f/a7b52e5aff21388141945/muted_mp4_med_size_1629546409_muted_med.mp4","audio":["https://coub-anubis-a.akamaized.net/coub_storage/coub/simple/cw_looped_audio_med/f29a08aa967/09d7de892617de9cd4bba/1629546410_mp3-med.mp3"]},"share":{"default":"https://coub-anubis-a.akamaized.net/coub_storage/coub/simple/cw_video_for_sharing/1e3d7c4af2a/9fd49f5e72e36ac28fa89/1629546437_looped_1629546436.mp4"}},"audio_versions":{},"image_versions":{"template":"https://coub-anubis-a.akamaized.net/coub_storage/coub/simple/cw_image/12d60544a60/d506e730ef74c1f8a2762/%{version}_1629546415_00027.jpg","versions":["micro","tiny","age_restricted","ios_large","ios_mosaic","big","med","small","pinterest"]},"first_frame_versions":{"template":"https://coub-anubis-a.akamaized.net/coub_storage/coub/simple/cw_timeline_pic/2ddab91b203/3c2ffe23849fe105659c7/%{version}_1629546415_image.jpg","versions":["big","med","small","ios_large"]},"dimensions":{"big":[1280,720],"med":[640,360]},"site_w_h":[640,360],"page_w_h":[640,360],"site_w_h_small":[310,174],"size":[1280,720],"age_restricted":false,"age_restricted_by_admin":false,"not_safe_for_work":null,"allow_reuse":false,"dont_crop":true,"banned":false,"global_safe":null,"audio_file_url":null,"external_download":{"type":"Youtube","service_name":"YouTube","url":"https://youtu.be/er9xk0uB69k","has_embed":true},"application":null,"channel":{"id":371689,"permalink":"renyocoubed","title":"Pozhiloy Tetris","description":null,"followers_count":21,"following_count":4,"avatar_versions":{"template":"https://coub-anubis-a.akamaized.net/coub_storage/channel/cw_avatar/560b94c93fa/280fc387569ee30aebc6a/%{version}_1609389054_16lcooq_1474502442_1fwi56n_att-url-download.jpg","versions":["medium","medium_2x","profile_pic","profile_pic_new","profile_pic_new_2x","tiny","tiny_2x","small","small_2x","ios_large","ios_small"]}},"file":null,"picture":"https://coub-anubis-a.akamaized.net/coub_storage/coub/simple/cw_image/12d60544a60/d506e730ef74c1f8a2762/med_1629546415_00027.jpg","timeline_picture":"https://coub-anubis-a.akamaized.net/coub_storage/coub/simple/cw_timeline_pic/2ddab91b203/3c2ffe23849fe105659c7/ios_large_1629546415_image.jpg","small_picture":"https://coub-anubis-a.akamaized.net/coub_storage/coub/simple/cw_image/12d60544a60/d506e730ef74c1f8a2762/ios_mosaic_1629546415_00027.jpg","sharing_picture":null,"percent_done":100,"tags":[{"id":10043,"title":"дмитрий голубочкин","value":"%D0%B4%D0%BC%D0%B8%D1%82%D1%80%D0%B8%D0%B9%20%D0%B3%D0%BE%D0%BB%D1%83%D0%B1%D0%BE%D1%87%D0%BA%D0%B8%D0%BD"},{"id":1856,"title":"бодибилдинг","value":"%D0%B1%D0%BE%D0%B4%D0%B8%D0%B1%D0%B8%D0%BB%D0%B4%D0%B8%D0%BD%D0%B3"},{"id":69091,"title":"пожелание","value":"%D0%BF%D0%BE%D0%B6%D0%B5%D0%BB%D0%B0%D0%BD%D0%B8%D0%B5"},{"id":21054,"title":"новый год","value":"%D0%BD%D0%BE%D0%B2%D1%8B%D0%B9%20%D0%B3%D0%BE%D0%B4"},{"id":3502,"title":"голубочкин","value":"%D0%B3%D0%BE%D0%BB%D1%83%D0%B1%D0%BE%D1%87%D0%BA%D0%B8%D0%BD"}],"categories":[{"id":116,"title":"Memes","permalink":"memes","subscriptions_count":1914550,"big_image_url":"https://coub-anubis-a.akamaized.net/coub_storage/category/cw_image/c9ec52f6b8e/901439d39eb2de551860f/big_1623846896_memes.png","small_image_url":"https://coub-anubis-a.akamaized.net/coub_storage/category/cw_image/c9ec52f6b8e/901439d39eb2de551860f/small_1623846896_memes.png","med_image_url":"https://coub-anubis-a.akamaized.net/coub_storage/category/cw_image/c9ec52f6b8e/901439d39eb2de551860f/med_1623846896_memes.png","visible":true}],"communities":[{"id":116,"title":"Memes","permalink":"memes","subscriptions_count":1914550,"big_image_url":"https://coub-anubis-a.akamaized.net/coub_storage/category/cw_image/c9ec52f6b8e/901439d39eb2de551860f/big_1623846896_memes.png","small_image_url":"https://coub-anubis-a.akamaized.net/coub_storage/category/cw_image/c9ec52f6b8e/901439d39eb2de551860f/small_1623846896_memes.png","med_image_url":"https://coub-anubis-a.akamaized.net/coub_storage/category/cw_image/c9ec52f6b8e/901439d39eb2de551860f/med_1623846896_memes.png","i_subscribed":true,"community_notifications_enabled":null,"description":null}],"recoubs_count":8,"remixes_count":0,"likes_count":41,"dislikes_count":0,"raw_video_id":16707002,"uploaded_by_ios_app":false,"uploaded_by_android_app":false,"media_blocks":{"uploaded_raw_videos":[],"external_raw_videos":[{"id":39516547,"title":"Новогоднее поздравление от Дмитрия Голубочкина","url":"https://www.youtube.com/watch?v=er9xk0uB69k","image":"https://coub-anubis-a.akamaized.net/coub_storage/media_block/cw_image/33bbd84c986/cd1326ef3d021f5a41574/video_1629546270_1q8blcz_1629546258_1629546257_j51p9_att-url-download.webp","image_retina":"https://coub-anubis-a.akamaized.net/coub_storage/media_block/cw_image/33bbd84c986/cd1326ef3d021f5a41574/video_retina_1629546270_1q8blcz_1629546258_1629546257_j51p9_att-url-download.webp","meta":{"service":"Youtube","duration":"30.501"},"duration":30.501,"raw_video_id":16707002,"has_embed":true}],"remixed_from_coubs":[],"external_video":{"id":39516547,"title":"Новогоднее поздравление от Дмитрия Голубочкина","url":"https://www.youtube.com/watch?v=er9xk0uB69k","image":"https://coub-anubis-a.akamaized.net/coub_storage/media_block/cw_image/33bbd84c986/cd1326ef3d021f5a41574/video_1629546270_1q8blcz_1629546258_1629546257_j51p9_att-url-download.webp","image_retina":"https://coub-anubis-a.akamaized.net/coub_storage/media_block/cw_image/33bbd84c986/cd1326ef3d021f5a41574/video_retina_1629546270_1q8blcz_1629546258_1629546257_j51p9_att-url-download.webp","meta":{"service":"Youtube","duration":"30.501"},"duration":30.501,"raw_video_id":16707002,"has_embed":true}},"raw_video_thumbnail_url":"https://coub-anubis-a.akamaized.net/coub_storage/raw_video/cw_image/d35939f57c2/25ef93741b11935719043/coub_media_1629546258_1629546257_j51p9_att-url-download.webp","raw_video_title":"Новогоднее поздравление от Дмитрия Голубочкина","video_block_banned":false,"duration":8.36,"promo_winner":false,"promo_winner_recoubers":null,"editorial_info":{},"promo_hint":null,"beeline_best_2014":null,"from_web_editor":true,"normalize_sound":true,"normalize_change_allowed":true,"best2015_addable":false,"ahmad_promo":null,"promo_data":null,"audio_copyright_claim":null,"ads_disabled":null,"is_safe_for_ads":true,"megafon_contents":[],"position_on_page":10}]}