{"page":45,"per_page":10,"total_pages":500,"coubs":[{"flag":null,"abuses":null,"recoubs_by_users_channels":null,"favourite":false,"promoted_id":null,"recoub":null,"like":null,"dislike":null,"reaction":null,"in_my_best2015":false,"id":175060956,"type":"Coub::Simple","permalink":"2vvosr","title":"Ну бывает","visibility_type":"public","original_visibility_type":"public","channel_id":3742974,"created_at":"2021-09-06T15:30:22Z","updated_at":"2022-03-09T20:23:50Z","is_done":true,"views_count":48587,"cotd":null,"cotd_at":null,"visible_on_explore_root":false,"visible_on_explore":false,"featured":false,"published":true,"published_at":"2021-09-06T15:30:22Z","reversed":false,"from_editor_v2":true,"is_editable":true,"original_sound":true,"has_sound":true,"recoub_to":null,"file_versions":{"html5":{"video":{"higher":{"url":"https://coub-anubis-a.akamaized.net/coub_storage/coub/simple/cw_file/59d2b5d3832/58c2b4a4a6f1741281d2e/muted_mp4_huge_size_1630942227_muted_huge.mp4","size":1902790},"high":{"url":"https://coub-anubis-a.akamaized.net/coub_storage/coub/simple/cw_file/59d2b5d3832/58c2b4a4a6f1741281d2e/muted_mp4_big_size_1630942227_muted_big.mp4","size":1155104},"med":{"url":"https://coub-anubis-a.akamaized.net/coub_storage/coub/simple/cw_file/59d2b5d3832/58c2b4a4a6f1741281d2e/muted_mp4_med_size_1630942227_muted_med.mp4","size":368971}},"audio":{"high":{"url":"https://coub-anubis-a.akamaized.net/coub_storage/coub/simple/cw_looped_audio_high/9507f05c7ae/4275d7302ecdc4198a40a/1630942229_mp3-high.mp3","size":1145876},"med":{"url":"https://coub-anubis-a.akamaized.net/coub_storage/coub/simple/cw_looped_audio_med/aa725986c13/00ad46370f77c08db4367/1630942228_mp3-med.mp3","size":907645},"sample_duration":8.243}},"mobile":{"video":"https://coub-anubis-a.akamaized.net/coub_storage/coub/simple/cw_file/59d2b5d3832/58c2b4a4a6f1741281d2e/muted_mp4_med_size_1630942227_muted_med.mp4","audio":["https://coub-anubis-a.akamaized.net/coub_storage/coub/simple/cw_looped_audio_med/aa725986c13/00ad46370f77c08db4367/1630942228_mp3-med.mp3"]},"share":{"default":"https://coub-anubis-a.akamaized.net/coub_storage/coub/simple/cw_video_for_sharing/12e75862837/e92b62840510bb20b8222/1630942253_looped_1630942253.mp4"}},"audio_versions":{},"image_versions":{"template":"https://coub-anubis-a.akamaized.net/coub_storage/coub/simple/cw_image/fd2bdb0e3f1/c2bfc5d3ea62284cbf8e1/%{version}_1630942232_00026.jpg","versions":["micro","tiny","age_restricted","ios_large","ios_mosaic","big","med","small","pinterest"]},"first_frame_versions":{"template":"https://coub-anubis-a.akamaized.net/coub_storage/coub/simple/cw_timeline_pic/209ddd84d16/54deb399699a42a1bf359/%{version}_1630942232_image.jpg","versions":["big","med","small","ios_large"]},"dimensions":{"big":[768,960],"med":[384,480]},"site_w_h":[320,400],"page_w_h":[400,500],"site_w_h_small":[310,388],"size":[768,960],"age_restricted":false,"age_restricted_by_admin":false,"not_safe_for_work":null,"allow_reuse":false,"dont_crop":true,"banned":false,"global_safe":null,"audio_file_url":null,"external_download":{"type":"Instagram","service_name":"Instagram","url":"https://www.instagram.com/p/CTFmCsaDjRI/?utm_source=ig_web_copy_link","has_embed":false},"application":null,"channel":{"id":3742974,"permalink":"dmitrij-maltsev2","title":"Danun","description":null,"followers_count":50,"following_count":17,"avatar_versions":{"template":"https://coub-anubis-a.akamaized.net/coub_storage/channel/cw_avatar/80ff1dd122a/0a5ce4d4af60fdc60d602/%{version}_1625300778_images7DDXWAVA.jpg","versions":["medium","medium_2x","profile_pic","profile_pic_new","profile_pic_new_2x","tiny","tiny_2x","small","small_2x","ios_large","ios_small"]}},"file":null,"picture":"https://coub-anubis-a.akamaized.net/coub_storage/coub/simple/cw_image/fd2bdb0e3f1/c2bfc5d3ea62284cbf8e1/med_1630942232_00026.jpg","timeline_picture":"https://coub-anubis-a.akamaized.net/coub_storage/coub/simple/cw_timeline_pic/209ddd84d16/54deb399699a42a1bf359/ios_large_1630942232_image.jpg","small_picture":"https://coub-anubis-a.akamaized.net/coub_storage/coub/simple/cw_image/fd2bdb0e3f1/c2bfc5d3ea62284cbf8e1/ios_mosaic_1630942232_00026.jpg","sharing_picture":null,"percent_done":100,"tags":[{"id":50473,"title":"двигатель","value":"%D0%B4%D0%B2%D0%B8%D0%B3%D0%B0%D1%82%D0%B5%D0%BB%D1%8C"},{"id":1541,"title":"дед","value":"%D0%B4%D0%B5%D0%B4"},{"id":49764,"title":"передачи","value":"%D0%BF%D0%B5%D1%80%D0%B5%D0%B4%D0%B0%D1%87%D0%B8"}],"categories":[{"id":116,"title":"Memes","permalink":"memes","subscriptions_count":1914550,"big_image_url":"https://coub-anubis-a.akamaized.net/coub_storage/category/cw_image/c9ec52f6b8e/901439d39eb2de551860f/big_1623846896_memes.png","small_image_url":"https://coub-anubis-a.akamaized.net/coub_storage/category/cw_image/c9ec52f6b8e/901439d39eb2de551860f/small_1623846896_memes.png","med_image_url":"https://coub-anubis-a.akamaized.net/coub_storage/category/cw_image/c9ec52f6b8e/901439d39eb2de551860f/med_1623846896_memes.png","visible":true}],"communities":[{"id":116,"title":"Memes","permalink":"memes","subscriptions_count":1914550,"big_image_url":"https://coub-anubis-a.akamaized.net/coub_storage/category/cw_image/c9ec52f6b8e/901439d39eb2de551860f/big_1623846896_memes.png","small_image_url":"https://coub-anubis-a.akamaized.net/coub_storage/category/cw_image/c9ec52f6b8e/901439d39eb2de551860f/small_1623846896_memes.png","med_image_url":"https://coub-anubis-a.akamaized.net/coub_storage/category/cw_image/c9ec52f6b8e/901439d39eb2de551860f/med_1623846896_memes.png","i_subscribed":true,"community_notifications_enabled":null,"description":null}],"recoubs_count":91,"remixes_count":0,"likes_count":510,"dislikes_count":0,"raw_video_id":16748113,"uploaded_by_ios_app":false,"uploaded_by_android_app":false,"media_blocks":{"uploaded_raw_videos":[],"external_raw_videos":[{"id":39615931,"title":"Shot by bpan_cars","url":"http://instagram.com/p/CTFmCsaDjRI/","image":"https://coub-anubis-a.akamaized.net/coub_storage/media_block/cw_image/715280151d0/532eeb548f25899580425/video_1630941663_1qy15sa_1630941653_image.jpg","image_retina":"https://coub-anubis-a.akamaized.net/coub_storage/media_block/cw_image/715280151d0/532eeb548f25899580425/video_retina_1630941663_1qy15sa_1630941653_image.jpg","meta":{"service":"Instagram","duration":"8.24"},"duration":8.24,"raw_video_id":16748113,"has_embed":false}],"remixed_from_coubs":[],"external_video":{"id":39615931,"title":"Shot by bpan_cars","url":"http://instagram.com/p/CTFmCsaDjRI/","image":"https://coub-anubis-a.akamaized.net/coub_storage/media_block/cw_image/715280151d0/532eeb548f25899580425/video_1630941663_1qy15sa_1630941653_image.jpg","image_retina":"https://coub-anubis-a.akamaized.net/coub_storage/media_block/cw_image/715280151d0/532eeb548f25899580425/video_retina_1630941663_1qy15sa_1630941653_image.jpg","meta":{"service":"Instagram","duration":"8.24"},"duration":8.24,"raw_video_id":16748113,"has_embed":false}},"raw_video_thumbnail_url":"https://coub-anubis-a.akamaized.net/coub_storage/raw_video/cw_image/95cf4cb3a0f/a12e802cb999703581326/coub_media_1630941653_1630941653_image.jpg","raw_video_title":"Shot by bpan_cars","video_block_banned":false,"duration":8.24,"promo_winner":false,"promo_winner_recoubers":null,"editorial_info":{},"promo_hint":null,"beeline_best_2014":null,"from_web_editor":true,"normalize_sound":false,"normalize_change_allowed":true,"best2015_addable":false,"ahmad_promo":null,"promo_data":null,"audio_copyright_claim":null,"ads_disabled":null,"is_safe_for_ads":true,"megafon_contents":[],"position_on_page":1},{"flag":null,"abuses":null,"recoubs_by_users_channels":null,"favourite":false,"promoted_id":null,"recoub":null,"like":null,"dislike":null,"reaction":null,"in_my_best2015":false,"id":172655166,"type":"Coub::Simple","permalink":"2ug4gr","title":"good friend","visibility_type":"public","original_visibility_type":"public","channel_id":12005198,"created_at":"2021-07-23T19:51:54Z","updated_at":"2022-03-15T14:23:33Z","is_done":true,"views_count":42697,"cotd":null,"cotd_at":null,"visible_on_explore_root":false,"visible_on_explore":false,"featured":false,"published":true,"published_at":"2021-07-23T19:51:54Z","reversed":false,"from_editor_v2":true,"is_editable":true,"original_sound":true,"has_sound":true,"recoub_to":null,"file_versions":{"html5":{"video":{"higher":{"url":"https://coub-anubis-a.akamaized.net/coub_storage/coub/simple/cw_file/95ba3518422/4b3f9fbcd0927db569204/muted_mp4_huge_size_1627069924_muted_huge.mp4","size":1733495},"high":{"url":"https://coub-anubis-a.akamaized.net/coub_storage/coub/simple/cw_file/95ba3518422/4b3f9fbcd0927db569204/muted_mp4_big_size_1627069924_muted_big.mp4","size":1076070},"med":{"url":"https://coub-anubis-a.akamaized.net/coub_storage/coub/simple/cw_file/95ba3518422/4b3f9fbcd0927db569204/muted_mp4_med_size_1627069924_muted_med.mp4","size":365153}},"audio":{"high":{"url":"https://coub-anubis-a.akamaized.net/coub_storage/coub/simple/cw_looped_audio_high/64ecdb35e4b/4af004790dcfc0a4e7e5f/1627069927_mp3-high.mp3","size":729764},"med":{"url":"https://coub-anubis-a.akamaized.net/coub_storage/coub/simple/cw_looped_audio_med/ff55cc02eb4/35187f262f15111129da9/1627069925_mp3-med.mp3","size":729771},"sample_duration":6.339}},"mobile":{"video":"https://coub-anubis-a.akamaized.net/coub_storage/coub/simple/cw_file/95ba3518422/4b3f9fbcd0927db569204/muted_mp4_med_size_1627069924_muted_med.mp4","audio":["https://coub-anubis-a.akamaized.net/coub_storage/coub/simple/cw_looped_audio_med/ff55cc02eb4/35187f262f15111129da9/1627069925_mp3-med.mp3"]},"share":{"default":"https://coub-anubis-a.akamaized.net/coub_storage/coub/simple/cw_video_for_sharing/8cdbed5be48/8e6d6662c3c703c500320/1627070010_looped_1627070007.mp4"}},"audio_versions":{},"image_versions":{"template":"https://coub-anubis-a.akamaized.net/coub_storage/coub/simple/cw_image/8f7666fbe97/8296e2373a00309f39d8d/%{version}_1627069944_00020.jpg","versions":["micro","tiny","age_restricted","ios_large","ios_mosaic","big","med","small","pinterest"]},"first_frame_versions":{"template":"https://coub-anubis-a.akamaized.net/coub_storage/coub/simple/cw_timeline_pic/b653be63179/faab19c181c61a74a2be6/%{version}_1627069943_image.jpg","versions":["big","med","small","ios_large"]},"dimensions":{"big":[960,960],"med":[480,480]},"site_w_h":[400,400],"page_w_h":[400,400],"site_w_h_small":[310,310],"size":[960,960],"age_restricted":false,"age_restricted_by_admin":false,"not_safe_for_work":null,"allow_reuse":false,"dont_crop":true,"banned":false,"global_safe":null,"audio_file_url":null,"external_download":false,"application":null,"channel":{"id":12005198,"permalink":"dismemes","title":"DisMemes","description":"Best Meme Page","followers_count":431,"following_count":1,"avatar_versions":{"template":"https://coub-anubis-a.akamaized.net/coub_storage/channel/cw_avatar/344c4ed9c09/a3eb4e1bd511633c7693e/%{version}_1626793049_3d9.jpg","versions":["medium","medium_2x","profile_pic","profile_pic_new","profile_pic_new_2x","tiny","tiny_2x","small","small_2x","ios_large","ios_small"]}},"file":null,"picture":"https://coub-anubis-a.akamaized.net/coub_storage/coub/simple/cw_image/8f7666fbe97/8296e2373a00309f39d8d/med_1627069944_00020.jpg","timeline_picture":"https://coub-anubis-a.akamaized.net/coub_storage/coub/simple/cw_timeline_pic/b653be63179/faab19c181c61a74a2be6/ios_large_1627069943_image.jpg","small_picture":"https://coub-anubis-a.akamaized.net/coub_storage/coub/simple/cw_image/8f7666fbe97/8296e2373a00309f39d8d/ios_mosaic_1627069944_00020.jpg","sharing_picture":null,"percent_done":100,"tags":[{"id":2235,"title":"memes","value":"memes"},{"id":299358,"title":"best memes","value":"best%20memes"},{"id":174,"title":"funny","value":"funny"},{"id":86224,"title":"dank","value":"dank"},{"id":1056462,"title":"dank memes","value":"dank%20memes"},{"id":2890,"title":"vines","value":"vines"},{"id":4480,"title":"приколы","value":"%D0%BF%D1%80%D0%B8%D0%BA%D0%BE%D0%BB%D1%8B"},{"id":22887,"title":"мемы","value":"%D0%BC%D0%B5%D0%BC%D1%8B"},{"id":1195,"title":"угар","value":"%D1%83%D0%B3%D0%B0%D1%80"}],"categories":[{"id":116,"title":"Memes","permalink":"memes","subscriptions_count":1914550,"big_image_url":"https://coub-anubis-a.akamaized.net/coub_storage/category/cw_image/c9ec52f6b8e/901439d39eb2de551860f/big_1623846896_memes.png","small_image_url":"https://coub-anubis-a.akamaized.net/coub_storage/category/cw_image/c9ec52f6b8e/901439d39eb2de551860f/small_1623846896_memes.png","med_image_url":"https://coub-anubis-a.akamaized.net/coub_storage/category/cw_image/c9ec52f6b8e/901439d39eb2de551860f/med_1623846896_memes.png","visible":true}],"communities":[{"id":116,"title":"Memes","permalink":"memes","subscriptions_count":1914550,"big_image_url":"https://coub-anubis-a.akamaized.net/coub_storage/category/cw_image/c9ec52f6b8e/901439d39eb2de551860f/big_1623846896_memes.png","small_image_url":"https://coub-anubis-a.akamaized.net/coub_storage/category/cw_image/c9ec52f6b8e/901439d39eb2de551860f/small_1623846896_memes.png","med_image_url":"https://coub-anubis-a.akamaized.net/coub_storage/category/cw_image/c9ec52f6b8e/901439d39eb2de551860f/med_1623846896_memes.png","i_subscribed":true,"community_notifications_enabled":null,"description":null}],"recoubs_count":99,"remixes_count":1,"likes_count":510,"dislikes_count":0,"raw_video_id":16632052,"uploaded_by_ios_app":false,"uploaded_by_android_app":true,"media_blocks":{"uploaded_raw_videos":[],"external_raw_videos":[],"remixed_from_coubs":[]},"raw_video_thumbnail_url":"/missing/missing.png","raw_video_title":null,"video_block_banned":false,"duration":6.32,"promo_winner":false,"promo_winner_recoubers":null,"editorial_info":{},"promo_hint":null,"beeline_best_2014":null,"from_web_editor":false,"normalize_sound":true,"normalize_change_allowed":true,"best2015_addable":false,"ahmad_promo":null,"promo_data":null,"audio_copyright_claim":null,"ads_disabled":null,"is_safe_for_ads":true,"megafon_contents":[],"position_on_page":2},{"flag":null,"abuses":null,"recoubs_by_users_channels":null,"favourite":false,"promoted_id":null,"recoub":null,"like":null,"dislike":null,"reaction":null,"in_my_best2015":false,"id":178643107,"type":"Coub::Simple","permalink":"2y0gtk","title":"yeah","visibility_type":"public","original_visibility_type":"public","channel_id":12775216,"created_at":"2021-11-15T14:25:06Z","updated_at":"2022-03-15T18:49:21Z","is_done":true,"views_count":36187,"cotd":null,"cotd_at":null,"visible_on_explore_root":false,"visible_on_explore":false,"featured":false,"published":true,"published_at":"2021-11-15T14:25:06Z","reversed":false,"from_editor_v2":true,"is_editable":true,"original_sound":true,"has_sound":true,"recoub_to":null,"file_versions":{"html5":{"video":{"higher":{"url":"https://coub-anubis-a.akamaized.net/coub_storage/coub/simple/cw_file/6e3ccdb8191/67cd425e97430cc198503/muted_mp4_huge_size_1636986315_muted_huge.mp4","size":1203572},"high":{"url":"https://coub-anubis-a.akamaized.net/coub_storage/coub/simple/cw_file/6e3ccdb8191/67cd425e97430cc198503/muted_mp4_big_size_1636986315_muted_big.mp4","size":729740},"med":{"url":"https://coub-anubis-a.akamaized.net/coub_storage/coub/simple/cw_file/6e3ccdb8191/67cd425e97430cc198503/muted_mp4_med_size_1636986315_muted_med.mp4","size":221996}},"audio":{"high":{"url":"https://coub-anubis-a.akamaized.net/coub_storage/coub/simple/cw_looped_audio_high/153244a6a96/9bc0cf2fa5b204f786f8a/1636986317_mp3-high.mp3","size":1016586},"med":{"url":"https://coub-anubis-a.akamaized.net/coub_storage/coub/simple/cw_looped_audio_med/6df7a6d4835/5266b68e6d721d126f5ca/1636986316_mp3-med.mp3","size":917373},"sample_duration":9.938}},"mobile":{"video":"https://coub-anubis-a.akamaized.net/coub_storage/coub/simple/cw_file/6e3ccdb8191/67cd425e97430cc198503/muted_mp4_med_size_1636986315_muted_med.mp4","audio":["https://coub-anubis-a.akamaized.net/coub_storage/coub/simple/cw_looped_audio_med/6df7a6d4835/5266b68e6d721d126f5ca/1636986316_mp3-med.mp3"]},"share":{"default":"https://coub-anubis-a.akamaized.net/coub_storage/coub/simple/cw_video_for_sharing/a220b70bef0/507ad2aa474d1e563cd83/1636986350_looped_1636986349.mp4"}},"audio_versions":{},"image_versions":{"template":"https://coub-anubis-a.akamaized.net/coub_storage/coub/simple/cw_image/749562478a8/6f64a62f464c752e43e48/%{version}_1636986322_00032.jpg","versions":["micro","tiny","age_restricted","ios_large","ios_mosaic","big","med","small","pinterest"]},"first_frame_versions":{"template":"https://coub-anubis-a.akamaized.net/coub_storage/coub/simple/cw_timeline_pic/fd301e376e4/3890f84d176d9295c599e/%{version}_1636986321_image.jpg","versions":["big","med","small","ios_large"]},"dimensions":{"big":[960,960],"med":[480,480]},"site_w_h":[400,400],"page_w_h":[400,400],"site_w_h_small":[310,310],"size":[960,960],"age_restricted":false,"age_restricted_by_admin":false,"not_safe_for_work":false,"allow_reuse":false,"dont_crop":true,"banned":false,"global_safe":true,"audio_file_url":null,"external_download":false,"application":null,"channel":{"id":12775216,"permalink":"tinwizard","title":"TinWizard","description":null,"followers_count":0,"following_count":2,"avatar_versions":{"template":"https://coub-anubis-a.akamaized.net/coub_storage/channel/cw_avatar/9fab794a7a4/d888d93caa2350281dcdc/%{version}_1636984520_filename.jpeg","versions":["medium","medium_2x","profile_pic","profile_pic_new","profile_pic_new_2x","tiny","tiny_2x","small","small_2x","ios_large","ios_small"]}},"file":null,"picture":"https://coub-anubis-a.akamaized.net/coub_storage/coub/simple/cw_image/749562478a8/6f64a62f464c752e43e48/med_1636986322_00032.jpg","timeline_picture":"https://coub-anubis-a.akamaized.net/coub_storage/coub/simple/cw_timeline_pic/fd301e376e4/3890f84d176d9295c599e/ios_large_1636986321_image.jpg","small_picture":"https://coub-anubis-a.akamaized.net/coub_storage/coub/simple/cw_image/749562478a8/6f64a62f464c752e43e48/ios_mosaic_1636986322_00032.jpg","sharing_picture":null,"percent_done":100,"tags":[{"id":2235,"title":"memes","value":"memes"}],"categories":[{"id":116,"title":"Memes","permalink":"memes","subscriptions_count":1914550,"big_image_url":"https://coub-anubis-a.akamaized.net/coub_storage/category/cw_image/c9ec52f6b8e/901439d39eb2de551860f/big_1623846896_memes.png","small_image_url":"https://coub-anubis-a.akamaized.net/coub_storage/category/cw_image/c9ec52f6b8e/901439d39eb2de551860f/small_1623846896_memes.png","med_image_url":"https://coub-anubis-a.akamaized.net/coub_storage/category/cw_image/c9ec52f6b8e/901439d39eb2de551860f/med_1623846896_memes.png","visible":true}],"communities":[{"id":116,"title":"Memes","permalink":"memes","subscriptions_count":1914550,"big_image_url":"https://coub-anubis-a.akamaized.net/coub_storage/category/cw_image/c9ec52f6b8e/901439d39eb2de551860f/big_1623846896_memes.png","small_image_url":"https://coub-anubis-a.akamaized.net/coub_storage/category/cw_image/c9ec52f6b8e/901439d39eb2de551860f/small_1623846896_memes.png","med_image_url":"https://coub-anubis-a.akamaized.net/coub_storage/category/cw_image/c9ec52f6b8e/901439d39eb2de551860f/med_1623846896_memes.png","i_subscribed":true,"community_notifications_enabled":null,"description":null}],"recoubs_count":84,"remixes_count":0,"likes_count":507,"dislikes_count":0,"raw_video_id":16923733,"uploaded_by_ios_app":true,"uploaded_by_android_app":false,"media_blocks":{"uploaded_raw_videos":[],"external_raw_videos":[],"remixed_from_coubs":[]},"raw_video_thumbnail_url":"https://coub-anubis-a.akamaized.net/coub_storage/raw_video/cw_image/c7b5e31e3b2/d9599ac6b1ddf1201c29d/coub_media_1636986303_image.jpg","raw_video_title":"filename.mp4","video_block_banned":false,"duration":9.92,"promo_winner":false,"promo_winner_recoubers":null,"editorial_info":{},"promo_hint":null,"beeline_best_2014":null,"from_web_editor":false,"normalize_sound":true,"normalize_change_allowed":true,"best2015_addable":false,"ahmad_promo":null,"promo_data":null,"audio_copyright_claim":null,"ads_disabled":false,"is_safe_for_ads":true,"megafon_contents":[],"position_on_page":3},{"flag":null,"abuses":null,"recoubs_by_users_channels":null,"favourite":false,"promoted_id":null,"recoub":null,"like":null,"dislike":null,"reaction":null,"in_my_best2015":false,"id":173762511,"type":"Coub::Simple","permalink":"2v3uwl","title":"Best friend","visibility_type":"public","original_visibility_type":"public","channel_id":119124,"created_at":"2021-08-13T09:40:45Z","updated_at":"2022-03-13T21:03:35Z","is_done":true,"views_count":42964,"cotd":null,"cotd_at":null,"visible_on_explore_root":false,"visible_on_explore":false,"featured":false,"published":true,"published_at":"2021-08-13T09:40:45Z","reversed":false,"from_editor_v2":true,"is_editable":true,"original_sound":true,"has_sound":true,"recoub_to":null,"file_versions":{"html5":{"video":{"higher":{"url":"https://coub-anubis-a.akamaized.net/coub_storage/coub/simple/cw_file/494e4be442d/d1a1176f8c2abbe5a382f/muted_mp4_huge_size_1628847649_muted_huge.mp4","size":952372},"high":{"url":"https://coub-anubis-a.akamaized.net/coub_storage/coub/simple/cw_file/494e4be442d/d1a1176f8c2abbe5a382f/muted_mp4_big_size_1628847649_muted_big.mp4","size":579179},"med":{"url":"https://coub-anubis-a.akamaized.net/coub_storage/coub/simple/cw_file/494e4be442d/d1a1176f8c2abbe5a382f/muted_mp4_med_size_1628847649_muted_med.mp4","size":190341}},"audio":{"high":{"url":"https://coub-anubis-a.akamaized.net/coub_storage/coub/simple/cw_looped_audio_high/69898cdffbc/eecb88c2bc2ef248ed9ca/1628847652_mp3-high.mp3","size":870435},"med":{"url":"https://coub-anubis-a.akamaized.net/coub_storage/coub/simple/cw_looped_audio_med/342525bccc1/360115c25327340c8356e/1628847651_mp3-med.mp3","size":749457},"sample_duration":10.008}},"mobile":{"video":"https://coub-anubis-a.akamaized.net/coub_storage/coub/simple/cw_file/494e4be442d/d1a1176f8c2abbe5a382f/muted_mp4_med_size_1628847649_muted_med.mp4","audio":["https://coub-anubis-a.akamaized.net/coub_storage/coub/simple/cw_looped_audio_med/342525bccc1/360115c25327340c8356e/1628847651_mp3-med.mp3"]},"share":{"default":"https://coub-anubis-a.akamaized.net/coub_storage/coub/simple/cw_video_for_sharing/0fe4879ee77/6401ea5e18bc25331e64a/1628847681_looped_1628847679.mp4"}},"audio_versions":{},"image_versions":{"template":"https://coub-anubis-a.akamaized.net/coub_storage/coub/simple/cw_image/a4395490c48/5586359b61d4e2f3c5a6e/%{version}_1628847656_00032.jpg","versions":["micro","tiny","age_restricted","ios_large","ios_mosaic","big","med","small","pinterest"]},"first_frame_versions":{"template":"https://coub-anubis-a.akamaized.net/coub_storage/coub/simple/cw_timeline_pic/790490e1a27/58d0596c567d449da4dd8/%{version}_1628847655_image.jpg","versions":["big","med","small","ios_large"]},"dimensions":{"big":[456,960],"med":[228,480]},"site_w_h":[190,400],"page_w_h":[400,842],"site_w_h_small":[310,653],"size":[456,960],"age_restricted":false,"age_restricted_by_admin":false,"not_safe_for_work":null,"allow_reuse":false,"dont_crop":true,"banned":false,"global_safe":null,"audio_file_url":null,"external_download":false,"application":null,"channel":{"id":119124,"permalink":"chelovechishka","title":"Chelovechishka","description":null,"followers_count":48,"following_count":2,"avatar_versions":{"template":"https://coub-anubis-a.akamaized.net/coub_storage/channel/cw_avatar/471b2a6516a/3a37d302c1fac101ed920/%{version}_1474486944_1y5tblr_att-url-download.png","versions":["medium","medium_2x","profile_pic","profile_pic_new","profile_pic_new_2x","tiny","tiny_2x","small","small_2x","ios_large","ios_small"]}},"file":null,"picture":"https://coub-anubis-a.akamaized.net/coub_storage/coub/simple/cw_image/a4395490c48/5586359b61d4e2f3c5a6e/med_1628847656_00032.jpg","timeline_picture":"https://coub-anubis-a.akamaized.net/coub_storage/coub/simple/cw_timeline_pic/790490e1a27/58d0596c567d449da4dd8/ios_large_1628847655_image.jpg","small_picture":"https://coub-anubis-a.akamaized.net/coub_storage/coub/simple/cw_image/a4395490c48/5586359b61d4e2f3c5a6e/ios_mosaic_1628847656_00032.jpg","sharing_picture":null,"percent_done":100,"tags":[{"id":1179,"title":"fire","value":"fire"},{"id":1404,"title":"friend","value":"friend"},{"id":156812,"title":"hey ya","value":"hey%20ya"},{"id":3123411,"title":"the blanks","value":"the%20blanks"},{"id":443,"title":"fail","value":"fail"}],"categories":[{"id":116,"title":"Memes","permalink":"memes","subscriptions_count":1914550,"big_image_url":"https://coub-anubis-a.akamaized.net/coub_storage/category/cw_image/c9ec52f6b8e/901439d39eb2de551860f/big_1623846896_memes.png","small_image_url":"https://coub-anubis-a.akamaized.net/coub_storage/category/cw_image/c9ec52f6b8e/901439d39eb2de551860f/small_1623846896_memes.png","med_image_url":"https://coub-anubis-a.akamaized.net/coub_storage/category/cw_image/c9ec52f6b8e/901439d39eb2de551860f/med_1623846896_memes.png","visible":true}],"communities":[{"id":116,"title":"Memes","permalink":"memes","subscriptions_count":1914550,"big_image_url":"https://coub-anubis-a.akamaized.net/coub_storage/category/cw_image/c9ec52f6b8e/901439d39eb2de551860f/big_1623846896_memes.png","small_image_url":"https://coub-anubis-a.akamaized.net/coub_storage/category/cw_image/c9ec52f6b8e/901439d39eb2de551860f/small_1623846896_memes.png","med_image_url":"https://coub-anubis-a.akamaized.net/coub_storage/category/cw_image/c9ec52f6b8e/901439d39eb2de551860f/med_1623846896_memes.png","i_subscribed":true,"community_notifications_enabled":null,"description":null}],"recoubs_count":90,"remixes_count":0,"likes_count":507,"dislikes_count":0,"raw_video_id":16685868,"uploaded_by_ios_app":false,"uploaded_by_android_app":false,"media_blocks":{"uploaded_raw_videos":[],"external_raw_videos":[],"remixed_from_coubs":[]},"raw_video_thumbnail_url":"https://coub-anubis-a.akamaized.net/coub_storage/raw_video/cw_image/9677b608944/1ee2938f80fdb0a6f9a45/coub_media_1628847500_image.jpg","raw_video_title":"ba05a8d76d975e6373ec718a8b15639a889698ee.mp4","video_block_banned":false,"duration":10.0,"promo_winner":false,"promo_winner_recoubers":null,"editorial_info":{},"promo_hint":null,"beeline_best_2014":null,"from_web_editor":true,"normalize_sound":true,"normalize_change_allowed":true,"best2015_addable":false,"ahmad_promo":null,"promo_data":null,"audio_copyright_claim":null,"ads_disabled":null,"is_safe_for_ads":true,"megafon_contents":[],"position_on_page":4},{"flag":null,"abuses":null,"recoubs_by_users_channels":null,"favourite":false,"promoted_id":null,"recoub":null,"like":null,"dislike":null,"reaction":null,"in_my_best2015":false,"id":179670928,"type":"Coub::Simple","permalink":"2ymhwe","title":"","visibility_type":"public","original_visibility_type":"public","channel_id":5330960,"created_at":"2021-12-06T19:04:38Z","updated_at":"2022-03-15T20:39:12Z","is_done":true,"views_count":46816,"cotd":null,"cotd_at":null,"visible_on_explore_root":false,"visible_on_explore":false,"featured":false,"published":true,"published_at":"2021-12-06T19:04:38Z","reversed":false,"from_editor_v2":true,"is_editable":true,"original_sound":true,"has_sound":true,"recoub_to":null,"file_versions":{"html5":{"video":{"higher":{"url":"https://coub-anubis-a.akamaized.net/coub_storage/coub/simple/cw_file/af7e325adad/915f66626a43ca88696e1/muted_mp4_huge_size_1638817489_muted_huge.mp4","size":1854020},"high":{"url":"https://coub-anubis-a.akamaized.net/coub_storage/coub/simple/cw_file/af7e325adad/915f66626a43ca88696e1/muted_mp4_big_size_1638817489_muted_big.mp4","size":1139084},"med":{"url":"https://coub-anubis-a.akamaized.net/coub_storage/coub/simple/cw_file/af7e325adad/915f66626a43ca88696e1/muted_mp4_med_size_1638817489_muted_med.mp4","size":366485}},"audio":{"high":{"url":"https://coub-anubis-a.akamaized.net/coub_storage/coub/simple/cw_looped_audio_high/60004a6b930/1cfde5533ba9d96db35b3/1638817491_mp3-high.mp3","size":865991},"med":{"url":"https://coub-anubis-a.akamaized.net/coub_storage/coub/simple/cw_looped_audio_med/c47667002e5/d27897790d43665c7b2f0/1638817490_mp3-med.mp3","size":842411},"sample_duration":8.011}},"mobile":{"video":"https://coub-anubis-a.akamaized.net/coub_storage/coub/simple/cw_file/af7e325adad/915f66626a43ca88696e1/muted_mp4_med_size_1638817489_muted_med.mp4","audio":["https://coub-anubis-a.akamaized.net/coub_storage/coub/simple/cw_looped_audio_med/c47667002e5/d27897790d43665c7b2f0/1638817490_mp3-med.mp3"]},"share":{"default":"https://coub-anubis-a.akamaized.net/coub_storage/coub/simple/cw_video_for_sharing/b9047782685/b306256ca5cfd74a9209f/1638817521_looped_1638817520.mp4"}},"audio_versions":{},"image_versions":{"template":"https://coub-anubis-a.akamaized.net/coub_storage/coub/simple/cw_image/43a5822ea70/45e7da7603f0d972c159c/%{version}_1638817495_00026.jpg","versions":["micro","tiny","age_restricted","ios_large","ios_mosaic","big","med","small","pinterest"]},"first_frame_versions":{"template":"https://coub-anubis-a.akamaized.net/coub_storage/coub/simple/cw_timeline_pic/7402f3e5597/e230d716bb43fa32112ae/%{version}_1638817495_image.jpg","versions":["big","med","small","ios_large"]},"dimensions":{"big":[960,960],"med":[480,480]},"site_w_h":[400,400],"page_w_h":[400,400],"site_w_h_small":[310,310],"size":[960,960],"age_restricted":false,"age_restricted_by_admin":false,"not_safe_for_work":null,"allow_reuse":false,"dont_crop":true,"banned":false,"global_safe":true,"audio_file_url":null,"external_download":false,"application":null,"channel":{"id":5330960,"permalink":"bleach92","title":"Bleach","description":":0 epixs","followers_count":36,"following_count":15,"avatar_versions":{"template":"https://coub-anubis-a.akamaized.net/coub_storage/channel/cw_avatar/fa2e90e8fa2/492f9e6c2318da8cf7454/%{version}_1628113741_Png.png","versions":["medium","medium_2x","profile_pic","profile_pic_new","profile_pic_new_2x","tiny","tiny_2x","small","small_2x","ios_large","ios_small"]}},"file":null,"picture":"https://coub-anubis-a.akamaized.net/coub_storage/coub/simple/cw_image/43a5822ea70/45e7da7603f0d972c159c/med_1638817495_00026.jpg","timeline_picture":"https://coub-anubis-a.akamaized.net/coub_storage/coub/simple/cw_timeline_pic/7402f3e5597/e230d716bb43fa32112ae/ios_large_1638817495_image.jpg","small_picture":"https://coub-anubis-a.akamaized.net/coub_storage/coub/simple/cw_image/43a5822ea70/45e7da7603f0d972c159c/ios_mosaic_1638817495_00026.jpg","sharing_picture":null,"percent_done":100,"tags":[],"categories":[{"id":116,"title":"Memes","permalink":"memes","subscriptions_count":1914550,"big_image_url":"https://coub-anubis-a.akamaized.net/coub_storage/category/cw_image/c9ec52f6b8e/901439d39eb2de551860f/big_1623846896_memes.png","small_image_url":"https://coub-anubis-a.akamaized.net/coub_storage/category/cw_image/c9ec52f6b8e/901439d39eb2de551860f/small_1623846896_memes.png","med_image_url":"https://coub-anubis-a.akamaized.net/coub_storage/category/cw_image/c9ec52f6b8e/901439d39eb2de551860f/med_1623846896_memes.png","visible":true}],"communities":[{"id":116,"title":"Memes","permalink":"memes","subscriptions_count":1914550,"big_image_url":"https://coub-anubis-a.akamaized.net/coub_storage/category/cw_image/c9ec52f6b8e/901439d39eb2de551860f/big_1623846896_memes.png","small_image_url":"https://coub-anubis-a.akamaized.net/coub_storage/category/cw_image/c9ec52f6b8e/901439d39eb2de551860f/small_1623846896_memes.png","med_image_url":"https://coub-anubis-a.akamaized.net/coub_storage/category/cw_image/c9ec52f6b8e/901439d39eb2de551860f/med_1623846896_memes.png","i_subscribed":true,"community_notifications_enabled":null,"description":null}],"recoubs_count":88,"remixes_count":0,"likes_count":506,"dislikes_count":0,"raw_video_id":16974353,"uploaded_by_ios_app":true,"uploaded_by_android_app":false,"media_blocks":{"uploaded_raw_videos":[],"external_raw_videos":[],"remixed_from_coubs":[]},"raw_video_thumbnail_url":"https://coub-anubis-a.akamaized.net/coub_storage/raw_video/cw_image/bde5b213f4d/e28934f474dd8ef046cae/coub_media_1638817475_image.jpg","raw_video_title":"filename.mp4","video_block_banned":false,"duration":8.0,"promo_winner":false,"promo_winner_recoubers":null,"editorial_info":{},"promo_hint":null,"beeline_best_2014":null,"from_web_editor":false,"normalize_sound":true,"normalize_change_allowed":true,"best2015_addable":false,"ahmad_promo":null,"promo_data":null,"audio_copyright_claim":null,"ads_disabled":null,"is_safe_for_ads":true,"megafon_contents":[],"position_on_page":5},{"flag":null,"abuses":null,"recoubs_by_users_channels":null,"favourite":false,"promoted_id":null,"recoub":null,"like":null,"dislike":null,"reaction":null,"in_my_best2015":false,"id":178483379,"type":"Coub::Simple","permalink":"2xx1ko","title":"Спас кота","visibility_type":"public","original_visibility_type":"public","channel_id":598278,"created_at":"2021-11-12T09:13:18Z","updated_at":"2022-03-13T07:20:04Z","is_done":true,"views_count":46742,"cotd":null,"cotd_at":null,"visible_on_explore_root":false,"visible_on_explore":false,"featured":false,"published":true,"published_at":"2021-11-12T09:13:18Z","reversed":false,"from_editor_v2":true,"is_editable":true,"original_sound":false,"has_sound":false,"recoub_to":null,"file_versions":{"html5":{"video":{"higher":{"url":"https://coub-anubis-a.akamaized.net/coub_storage/coub/simple/cw_file/974b9abbe74/dbb07314e96e11f39ad32/muted_mp4_huge_size_1636708403_muted_huge.mp4","size":1703124},"high":{"url":"https://coub-anubis-a.akamaized.net/coub_storage/coub/simple/cw_file/974b9abbe74/dbb07314e96e11f39ad32/muted_mp4_big_size_1636708403_muted_big.mp4","size":1151181},"med":{"url":"https://coub-anubis-a.akamaized.net/coub_storage/coub/simple/cw_file/974b9abbe74/dbb07314e96e11f39ad32/muted_mp4_med_size_1636708403_muted_med.mp4","size":370079}},"audio":{"high":{"url":"https://coub-anubis-a.akamaized.net/coub_storage/coub/simple/cw_looped_audio_high/82dcc060747/927a9d9d0cce1b457e08f/1636708421_mp3-high.mp3","size":1895627},"med":{"url":"https://coub-anubis-a.akamaized.net/coub_storage/coub/simple/cw_looped_audio_med/caa48b596d7/9b842d9cae9c8b56789ab/1636708420_mp3-med.mp3","size":1375057}}},"mobile":{"video":"https://coub-anubis-a.akamaized.net/coub_storage/coub/simple/cw_file/974b9abbe74/dbb07314e96e11f39ad32/muted_mp4_med_size_1636708403_muted_med.mp4","audio":["https://coub-anubis-a.akamaized.net/coub_storage/coub/simple/cw_looped_audio_med/caa48b596d7/9b842d9cae9c8b56789ab/1636708420_mp3-med.mp3"]},"share":{"default":"https://coub-anubis-a.akamaized.net/coub_storage/coub/simple/cw_video_for_sharing/f625d8e1ec8/3ade78b46b11c4e37a5f5/1636708446_looped_1636708445.mp4"}},"audio_versions":{"template":"https://coub-anubis-a.akamaized.net/coub_storage/audio_track/cw_normalized_copy/23f5a68fea4/585acab83d0514e946158/mid_1636708414_normalized_1636708405_1r31gea_edited.mp3","versions":["mid","low"]},"image_versions":{"template":"https://coub-anubis-a.akamaized.net/coub_storage/coub/simple/cw_image/c331f897620/c2d4bb6371ac361262fa5/%{version}_1636708425_00015.jpg","versions":["micro","tiny","age_restricted","ios_large","ios_mosaic","big","med","small","pinterest"]},"first_frame_versions":{"template":"https://coub-anubis-a.akamaized.net/coub_storage/coub/simple/cw_timeline_pic/fbac29bbf4f/6476daad815757af528d9/%{version}_1636708425_image.jpg","versions":["big","med","small","ios_large"]},"dimensions":{"big":[1280,720],"med":[640,360]},"site_w_h":[640,360],"page_w_h":[640,360],"site_w_h_small":[310,174],"size":[1280,720],"age_restricted":false,"age_restricted_by_admin":false,"not_safe_for_work":null,"allow_reuse":false,"dont_crop":true,"banned":false,"global_safe":null,"audio_file_url":"https://coub-anubis-a.akamaized.net/coub_storage/audio_track/cw_normalized_copy/23f5a68fea4/585acab83d0514e946158/low_1636708414_normalized_1636708405_1r31gea_edited.mp3","external_download":false,"application":null,"channel":{"id":598278,"permalink":"elprincipito","title":"El Principito","description":null,"followers_count":36,"following_count":12,"avatar_versions":{"template":"https://coub-anubis-a.akamaized.net/coub_storage/channel/cw_avatar/0d0659eebf4/3cec462d239c71c592658/%{version}_1553684163_index________.jpg","versions":["medium","medium_2x","profile_pic","profile_pic_new","profile_pic_new_2x","tiny","tiny_2x","small","small_2x","ios_large","ios_small"]}},"file":null,"picture":"https://coub-anubis-a.akamaized.net/coub_storage/coub/simple/cw_image/c331f897620/c2d4bb6371ac361262fa5/med_1636708425_00015.jpg","timeline_picture":"https://coub-anubis-a.akamaized.net/coub_storage/coub/simple/cw_timeline_pic/fbac29bbf4f/6476daad815757af528d9/ios_large_1636708425_image.jpg","small_picture":"https://coub-anubis-a.akamaized.net/coub_storage/coub/simple/cw_image/c331f897620/c2d4bb6371ac361262fa5/ios_mosaic_1636708425_00015.jpg","sharing_picture":null,"percent_done":100,"tags":[{"id":2768,"title":"праздник","value":"%D0%BF%D1%80%D0%B0%D0%B7%D0%B4%D0%BD%D0%B8%D0%BA"},{"id":51986,"title":"защитник","value":"%D0%B7%D0%B0%D1%89%D0%B8%D1%82%D0%BD%D0%B8%D0%BA"},{"id":199952,"title":"отечество","value":"%D0%BE%D1%82%D0%B5%D1%87%D0%B5%D1%81%D1%82%D0%B2%D0%BE"},{"id":93137,"title":"1917","value":"1917"},{"id":952386,"title":"dreamwork","value":"dreamwork"},{"id":5928640,"title":"kittyowl","value":"kittyowl"},{"id":590,"title":"кошка","value":"%D0%BA%D0%BE%D1%88%D0%BA%D0%B0"},{"id":626478,"title":"зато я спас кота","value":"%D0%B7%D0%B0%D1%82%D0%BE%20%D1%8F%20%D1%81%D0%BF%D0%B0%D1%81%20%D0%BA%D0%BE%D1%82%D0%B0"},{"id":1000882,"title":"спас кота","value":"%D1%81%D0%BF%D0%B0%D1%81%20%D0%BA%D0%BE%D1%82%D0%B0"},{"id":170948,"title":"энджойкин","value":"%D1%8D%D0%BD%D0%B4%D0%B6%D0%BE%D0%B9%D0%BA%D0%B8%D0%BD"},{"id":493873,"title":"enjoikin","value":"enjoikin"},{"id":5425832,"title":"enjoiker","value":"enjoiker"},{"id":270517,"title":"приказ","value":"%D0%BF%D1%80%D0%B8%D0%BA%D0%B0%D0%B7"},{"id":6029870,"title":"выполнить приказ","value":"%D0%B2%D1%8B%D0%BF%D0%BE%D0%BB%D0%BD%D0%B8%D1%82%D1%8C%20%D0%BF%D1%80%D0%B8%D0%BA%D0%B0%D0%B7"},{"id":143,"title":"кот","value":"%D0%BA%D0%BE%D1%82"},{"id":5025,"title":"котэ","value":"%D0%BA%D0%BE%D1%82%D1%8D"},{"id":1224,"title":"котики","value":"%D0%BA%D0%BE%D1%82%D0%B8%D0%BA%D0%B8"},{"id":6249,"title":"мем","value":"%D0%BC%D0%B5%D0%BC"}],"categories":[{"id":116,"title":"Memes","permalink":"memes","subscriptions_count":1914550,"big_image_url":"https://coub-anubis-a.akamaized.net/coub_storage/category/cw_image/c9ec52f6b8e/901439d39eb2de551860f/big_1623846896_memes.png","small_image_url":"https://coub-anubis-a.akamaized.net/coub_storage/category/cw_image/c9ec52f6b8e/901439d39eb2de551860f/small_1623846896_memes.png","med_image_url":"https://coub-anubis-a.akamaized.net/coub_storage/category/cw_image/c9ec52f6b8e/901439d39eb2de551860f/med_1623846896_memes.png","visible":true}],"communities":[{"id":116,"title":"Memes","permalink":"memes","subscriptions_count":1914550,"big_image_url":"https://coub-anubis-a.akamaized.net/coub_storage/category/cw_image/c9ec52f6b8e/901439d39eb2de551860f/big_1623846896_memes.png","small_image_url":"https://coub-anubis-a.akamaized.net/coub_storage/category/cw_image/c9ec52f6b8e/901439d39eb2de551860f/small_1623846896_memes.png","med_image_url":"https://coub-anubis-a.akamaized.net/coub_storage/category/cw_image/c9ec52f6b8e/901439d39eb2de551860f/med_1623846896_memes.png","i_subscribed":true,"community_notifications_enabled":null,"description":null}],"recoubs_count":94,"remixes_count":0,"likes_count":503,"dislikes_count":0,"raw_video_id":"","uploaded_by_ios_app":false,"uploaded_by_android_app":false,"media_blocks":{"uploaded_raw_videos":[],"external_raw_videos":[],"remixed_from_coubs":[{"id":38259155,"title":"С Днём Защитника Котечества! ","url":"https://coub.com/coubs/2pfalt/remix","image":"https://coub-anubis-a.akamaized.net/coub_storage/media_block/cw_image/530965072e9/6b15f54dc247aea34c3e6/video_1614067115_zxjvla_1614067094_00015.jpg","image_retina":"https://coub-anubis-a.akamaized.net/coub_storage/media_block/cw_image/530965072e9/6b15f54dc247aea34c3e6/video_retina_1614067115_zxjvla_1614067094_00015.jpg","meta":{"duration":"4.56"},"duration":null,"coub_channel_title":"403","coub_channel_permalink":"40300000","coub_views_count":32002,"coub_permalink":"2pfalt"}]},"raw_video_thumbnail_url":"","raw_video_title":"","video_block_banned":false,"duration":4.56,"promo_winner":false,"promo_winner_recoubers":null,"editorial_info":{},"promo_hint":null,"beeline_best_2014":null,"from_web_editor":true,"normalize_sound":true,"normalize_change_allowed":true,"best2015_addable":false,"ahmad_promo":null,"promo_data":null,"audio_copyright_claim":null,"ads_disabled":null,"is_safe_for_ads":true,"megafon_contents":[],"position_on_page":6},{"flag":null,"abuses":null,"recoubs_by_users_channels":null,"favourite":false,"promoted_id":null,"recoub":null,"like":null,"dislike":null,"reaction":null,"in_my_best2015":false,"id":182997327,"type":"Coub::Simple","permalink":"30m0at","title":"இ","visibility_type":"public","original_visibility_type":"public","channel_id":4117577,"created_at":"2022-02-19T10:48:57Z","updated_at":"2022-03-15T16:20:18Z","is_done":true,"views_count":51019,"cotd":null,"cotd_at":null,"visible_on_explore_root":true,"visible_on_explore":true,"featured":true,"published":true,"published_at":"2022-02-19T10:48:57Z","reversed":false,"from_editor_v2":true,"is_editable":true,"original_sound":false,"has_sound":false,"recoub_to":null,"file_versions":{"html5":{"video":{"higher":{"url":"https://coub-anubis-a.akamaized.net/coub_storage/coub/simple/cw_file/2f146c7e791/ead6c6279e9fdbfb94044/muted_mp4_huge_size_1645267739_muted_huge.mp4","size":369613},"high":{"url":"https://coub-anubis-a.akamaized.net/coub_storage/coub/simple/cw_file/2f146c7e791/ead6c6279e9fdbfb94044/muted_mp4_big_size_1645267739_muted_big.mp4","size":233612},"med":{"url":"https://coub-anubis-a.akamaized.net/coub_storage/coub/simple/cw_file/2f146c7e791/ead6c6279e9fdbfb94044/muted_mp4_med_size_1645267739_muted_med.mp4","size":84021}},"audio":{"high":{"url":"https://coub-anubis-a.akamaized.net/coub_storage/coub/simple/cw_looped_audio_high/293df37b334/343a8e829136ac6416474/1645267752_mp3-high.mp3","size":1870180},"med":{"url":"https://coub-anubis-a.akamaized.net/coub_storage/coub/simple/cw_looped_audio_med/18f1ab2f20e/ced16c20e3c00bbab117c/1645267751_mp3-med.mp3","size":1451264}}},"mobile":{"video":"https://coub-anubis-a.akamaized.net/coub_storage/coub/simple/cw_file/2f146c7e791/ead6c6279e9fdbfb94044/muted_mp4_med_size_1645267739_muted_med.mp4","audio":["https://coub-anubis-a.akamaized.net/coub_storage/coub/simple/cw_looped_audio_med/18f1ab2f20e/ced16c20e3c00bbab117c/1645267751_mp3-med.mp3"]},"share":{"default":"https://coub-anubis-a.akamaized.net/coub_storage/coub/simple/cw_video_for_sharing/2b3042763c6/51c8a98d0cc2431c1f220/1645267764_looped_1645267764.mp4"}},"audio_versions":{"template":"https://coub-anubis-a.akamaized.net/coub_storage/audio_track/cw_file/3b72af8034e/51b6de583410a28df2f62/mid_1645267741_46u711_edited.mp3","versions":["mid","low"]},"image_versions":{"template":"https://coub-anubis-a.akamaized.net/coub_storage/coub/simple/cw_image/31d9a6ae017/05677267da54518ff7dd0/%{version}_1645267754_00007.jpg","versions":["micro","tiny","age_restricted","ios_large","ios_mosaic","big","med","small","pinterest"]},"first_frame_versions":{"template":"https://coub-anubis-a.akamaized.net/coub_storage/coub/simple/cw_timeline_pic/26be6b7d70a/aadcec4ccaa4147bef116/%{version}_1645267754_image.jpg","versions":["big","med","small","ios_large"]},"dimensions":{"big":[522,960],"med":[260,480]},"site_w_h":[218,400],"page_w_h":[400,736],"site_w_h_small":[310,570],"size":[522,960],"age_restricted":false,"age_restricted_by_admin":false,"not_safe_for_work":false,"allow_reuse":false,"dont_crop":true,"banned":false,"global_safe":true,"audio_file_url":"https://coub-anubis-a.akamaized.net/coub_storage/audio_track/cw_file/3b72af8034e/51b6de583410a28df2f62/low_1645267741_46u711_edited.mp3","external_download":false,"application":null,"channel":{"id":4117577,"permalink":"niks-zzz","title":"Niks","description":null,"followers_count":134,"following_count":5,"avatar_versions":{"template":"https://coub-anubis-a.akamaized.net/coub_storage/channel/cw_avatar/c32a7c7c97f/5cc01825c6ce409eb701e/%{version}_1608035332_1tnv4t6_1519235738_mBkOjhnZCck.jpg","versions":["medium","medium_2x","profile_pic","profile_pic_new","profile_pic_new_2x","tiny","tiny_2x","small","small_2x","ios_large","ios_small"]}},"file":null,"picture":"https://coub-anubis-a.akamaized.net/coub_storage/coub/simple/cw_image/31d9a6ae017/05677267da54518ff7dd0/med_1645267754_00007.jpg","timeline_picture":"https://coub-anubis-a.akamaized.net/coub_storage/coub/simple/cw_timeline_pic/26be6b7d70a/aadcec4ccaa4147bef116/ios_large_1645267754_image.jpg","small_picture":"https://coub-anubis-a.akamaized.net/coub_storage/coub/simple/cw_image/31d9a6ae017/05677267da54518ff7dd0/ios_mosaic_1645267754_00007.jpg","sharing_picture":null,"percent_done":100,"tags":[],"categories":[{"id":116,"title":"Memes","permalink":"memes","subscriptions_count":1914550,"big_image_url":"https://coub-anubis-a.akamaized.net/coub_storage/category/cw_image/c9ec52f6b8e/901439d39eb2de551860f/big_1623846896_memes.png","small_image_url":"https://coub-anubis-a.akamaized.net/coub_storage/category/cw_image/c9ec52f6b8e/901439d39eb2de551860f/small_1623846896_memes.png","med_image_url":"https://coub-anubis-a.akamaized.net/coub_storage/category/cw_image/c9ec52f6b8e/901439d39eb2de551860f/med_1623846896_memes.png","visible":true}],"communities":[{"id":116,"title":"Memes","permalink":"memes","subscriptions_count":1914550,"big_image_url":"https://coub-anubis-a.akamaized.net/coub_storage/category/cw_image/c9ec52f6b8e/901439d39eb2de551860f/big_1623846896_memes.png","small_image_url":"https://coub-anubis-a.akamaized.net/coub_storage/category/cw_image/c9ec52f6b8e/901439d39eb2de551860f/small_1623846896_memes.png","med_image_url":"https://coub-anubis-a.akamaized.net/coub_storage/category/cw_image/c9ec52f6b8e/901439d39eb2de551860f/med_1623846896_memes.png","i_subscribed":true,"community_notifications_enabled":null,"description":null}],"recoubs_count":88,"remixes_count":0,"likes_count":502,"dislikes_count":0,"raw_video_id":17143585,"uploaded_by_ios_app":false,"uploaded_by_android_app":false,"media_blocks":{"uploaded_raw_videos":[],"external_raw_videos":[],"remixed_from_coubs":[]},"raw_video_thumbnail_url":"https://coub-anubis-a.akamaized.net/coub_storage/raw_video/cw_image/1b4872ed3fa/2a82580410eb1f3f5ffa6/coub_media_1645267216_image.jpg","raw_video_title":"____________8056.mp4","video_block_banned":false,"duration":2.08,"promo_winner":false,"promo_winner_recoubers":null,"editorial_info":{},"promo_hint":null,"beeline_best_2014":null,"from_web_editor":true,"normalize_sound":false,"normalize_change_allowed":false,"best2015_addable":false,"ahmad_promo":null,"promo_data":null,"audio_copyright_claim":null,"ads_disabled":false,"is_safe_for_ads":true,"megafon_contents":[],"position_on_page":7},{"flag":null,"abuses":null,"recoubs_by_users_channels":null,"favourite":false,"promoted_id":null,"recoub":null,"like":null,"dislike":null,"reaction":null,"in_my_best2015":false,"id":175439116,"type":"Coub::Simple","permalink":"2w3slb","title":"Дьявол......","visibility_type":"public","original_visibility_type":"public","channel_id":12353689,"created_at":"2021-09-13T16:12:10Z","updated_at":"2022-02-22T21:58:35Z","is_done":true,"views_count":46356,"cotd":null,"cotd_at":null,"visible_on_explore_root":false,"visible_on_explore":false,"featured":false,"published":true,"published_at":"2021-09-13T16:12:10Z","reversed":false,"from_editor_v2":true,"is_editable":true,"original_sound":true,"has_sound":true,"recoub_to":null,"file_versions":{"html5":{"video":{"higher":{"url":"https://coub-anubis-a.akamaized.net/coub_storage/coub/simple/cw_file/2b963679215/7acdd3efb6628180f6887/muted_mp4_huge_size_1631549540_muted_huge.mp4","size":2858533},"high":{"url":"https://coub-anubis-a.akamaized.net/coub_storage/coub/simple/cw_file/2b963679215/7acdd3efb6628180f6887/muted_mp4_big_size_1631549540_muted_big.mp4","size":1960637},"med":{"url":"https://coub-anubis-a.akamaized.net/coub_storage/coub/simple/cw_file/2b963679215/7acdd3efb6628180f6887/muted_mp4_med_size_1631549540_muted_med.mp4","size":549043}},"audio":{"high":{"url":"https://coub-anubis-a.akamaized.net/coub_storage/coub/simple/cw_looped_audio_high/6dcf3828e58/4c08c02f2e18f7be49c0b/1631549542_mp3-high.mp3","size":947386},"med":{"url":"https://coub-anubis-a.akamaized.net/coub_storage/coub/simple/cw_looped_audio_med/288b2e5637a/a79938ce8f1aa50bca601/1631549541_mp3-med.mp3","size":864858},"sample_duration":9.033}},"mobile":{"video":"https://coub-anubis-a.akamaized.net/coub_storage/coub/simple/cw_file/2b963679215/7acdd3efb6628180f6887/muted_mp4_med_size_1631549540_muted_med.mp4","audio":["https://coub-anubis-a.akamaized.net/coub_storage/coub/simple/cw_looped_audio_med/288b2e5637a/a79938ce8f1aa50bca601/1631549541_mp3-med.mp3"]},"share":{"default":"https://coub-anubis-a.akamaized.net/coub_storage/coub/simple/cw_video_for_sharing/1b649ca60c2/52756ade3209afe88732d/1631549574_looped_1631549573.mp4"}},"audio_versions":{},"image_versions":{"template":"https://coub-anubis-a.akamaized.net/coub_storage/coub/simple/cw_image/56f6c1e9791/3b6f5dfacbfa1de9c1014/%{version}_1631549548_00029.jpg","versions":["micro","tiny","age_restricted","ios_large","ios_mosaic","big","med","small","pinterest"]},"first_frame_versions":{"template":"https://coub-anubis-a.akamaized.net/coub_storage/coub/simple/cw_timeline_pic/712d82d7e03/06a2c10f6619e3aa2b7b6/%{version}_1631549547_image.jpg","versions":["big","med","small","ios_large"]},"dimensions":{"big":[1280,720],"med":[640,360]},"site_w_h":[640,360],"page_w_h":[640,360],"site_w_h_small":[310,174],"size":[1280,720],"age_restricted":false,"age_restricted_by_admin":false,"not_safe_for_work":null,"allow_reuse":false,"dont_crop":true,"banned":false,"global_safe":null,"audio_file_url":null,"external_download":false,"application":null,"channel":{"id":12353689,"permalink":"animebleyzed","title":"bleyzed","description":null,"followers_count":7,"following_count":10,"avatar_versions":{"template":"https://coub-anubis-a.akamaized.net/coub_storage/channel/cw_avatar/e09e49f042b/7333cf930a40d726de405/%{version}_1631376663_d37bgs1-cca16c66-b2c6-4dab-97ff-c71993719ce4.jpg","versions":["medium","medium_2x","profile_pic","profile_pic_new","profile_pic_new_2x","tiny","tiny_2x","small","small_2x","ios_large","ios_small"]}},"file":null,"picture":"https://coub-anubis-a.akamaized.net/coub_storage/coub/simple/cw_image/56f6c1e9791/3b6f5dfacbfa1de9c1014/med_1631549548_00029.jpg","timeline_picture":"https://coub-anubis-a.akamaized.net/coub_storage/coub/simple/cw_timeline_pic/712d82d7e03/06a2c10f6619e3aa2b7b6/ios_large_1631549547_image.jpg","small_picture":"https://coub-anubis-a.akamaized.net/coub_storage/coub/simple/cw_image/56f6c1e9791/3b6f5dfacbfa1de9c1014/ios_mosaic_1631549548_00029.jpg","sharing_picture":null,"percent_done":100,"tags":[{"id":80585,"title":"дьявол","value":"%D0%B4%D1%8C%D1%8F%D0%B2%D0%BE%D0%BB"},{"id":33983,"title":"миллион","value":"%D0%BC%D0%B8%D0%BB%D0%BB%D0%B8%D0%BE%D0%BD"},{"id":1991,"title":"бог","value":"%D0%B1%D0%BE%D0%B3"},{"id":56161,"title":"блогер","value":"%D0%B1%D0%BB%D0%BE%D0%B3%D0%B5%D1%80"},{"id":2066,"title":"голос","value":"%D0%B3%D0%BE%D0%BB%D0%BE%D1%81"},{"id":31132,"title":"писюн","value":"%D0%BF%D0%B8%D1%81%D1%8E%D0%BD"},{"id":24888,"title":"деньги","value":"%D0%B4%D0%B5%D0%BD%D1%8C%D0%B3%D0%B8"},{"id":100451,"title":"желание","value":"%D0%B6%D0%B5%D0%BB%D0%B0%D0%BD%D0%B8%D0%B5"},{"id":5186960,"title":"оскар шмидт","value":"%D0%BE%D1%81%D0%BA%D0%B0%D1%80%20%D1%88%D0%BC%D0%B8%D0%B4%D1%82"}],"categories":[{"id":116,"title":"Memes","permalink":"memes","subscriptions_count":1914550,"big_image_url":"https://coub-anubis-a.akamaized.net/coub_storage/category/cw_image/c9ec52f6b8e/901439d39eb2de551860f/big_1623846896_memes.png","small_image_url":"https://coub-anubis-a.akamaized.net/coub_storage/category/cw_image/c9ec52f6b8e/901439d39eb2de551860f/small_1623846896_memes.png","med_image_url":"https://coub-anubis-a.akamaized.net/coub_storage/category/cw_image/c9ec52f6b8e/901439d39eb2de551860f/med_1623846896_memes.png","visible":true}],"communities":[{"id":116,"title":"Memes","permalink":"memes","subscriptions_count":1914550,"big_image_url":"https://coub-anubis-a.akamaized.net/coub_storage/category/cw_image/c9ec52f6b8e/901439d39eb2de551860f/big_1623846896_memes.png","small_image_url":"https://coub-anubis-a.akamaized.net/coub_storage/category/cw_image/c9ec52f6b8e/901439d39eb2de551860f/small_1623846896_memes.png","med_image_url":"https://coub-anubis-a.akamaized.net/coub_storage/category/cw_image/c9ec52f6b8e/901439d39eb2de551860f/med_1623846896_memes.png","i_subscribed":true,"community_notifications_enabled":null,"description":null}],"recoubs_count":95,"remixes_count":1,"likes_count":502,"dislikes_count":0,"raw_video_id":"","uploaded_by_ios_app":false,"uploaded_by_android_app":false,"media_blocks":{"uploaded_raw_videos":[],"external_raw_videos":[],"remixed_from_coubs":[{"id":39657869,"title":"Дьявол и миллион","url":"https://coub.com/coubs/2w3f7s/remix","image":"https://coub-anubis-a.akamaized.net/coub_storage/media_block/cw_image/4f8e372d8b0/59b6c1bbb39d5e019c7fd/video_1631523987_1hmo43l_1631523955_00029.jpg","image_retina":"https://coub-anubis-a.akamaized.net/coub_storage/media_block/cw_image/4f8e372d8b0/59b6c1bbb39d5e019c7fd/video_retina_1631523987_1hmo43l_1631523955_00029.jpg","meta":{"duration":"9.0"},"duration":null,"coub_channel_title":"bleyzed","coub_channel_permalink":"animebleyzed","coub_views_count":847,"coub_permalink":"2w3f7s"}]},"raw_video_thumbnail_url":"","raw_video_title":"","video_block_banned":false,"duration":9.0,"promo_winner":false,"promo_winner_recoubers":null,"editorial_info":{},"promo_hint":null,"beeline_best_2014":null,"from_web_editor":true,"normalize_sound":true,"normalize_change_allowed":true,"best2015_addable":false,"ahmad_promo":null,"promo_data":null,"audio_copyright_claim":null,"ads_disabled":null,"is_safe_for_ads":true,"megafon_contents":[],"position_on_page":8},{"flag":null,"abuses":null,"recoubs_by_users_channels":null,"favourite":false,"promoted_id":null,"recoub":null,"like":null,"dislike":null,"reaction":null,"in_my_best2015":false,"id":179787488,"type":"Coub::Simple","permalink":"2yozu6","title":"Surprise","visibility_type":"public","original_visibility_type":"public","channel_id":4242887,"created_at":"2021-12-09T07:16:18Z","updated_at":"2022-03-16T02:52:42Z","is_done":true,"views_count":42061,"cotd":null,"cotd_at":null,"visible_on_explore_root":false,"visible_on_explore":false,"featured":false,"published":true,"published_at":"2021-12-09T07:16:18Z","reversed":false,"from_editor_v2":true,"is_editable":true,"original_sound":true,"has_sound":true,"recoub_to":null,"file_versions":{"html5":{"video":{"higher":{"url":"https://coub-anubis-a.akamaized.net/coub_storage/coub/simple/cw_file/092d845675f/a9c39705cfe1f7aabac28/muted_mp4_huge_size_1639034193_muted_huge.mp4","size":608209},"high":{"url":"https://coub-anubis-a.akamaized.net/coub_storage/coub/simple/cw_file/092d845675f/a9c39705cfe1f7aabac28/muted_mp4_big_size_1639034193_muted_big.mp4","size":356584},"med":{"url":"https://coub-anubis-a.akamaized.net/coub_storage/coub/simple/cw_file/092d845675f/a9c39705cfe1f7aabac28/muted_mp4_med_size_1639034193_muted_med.mp4","size":95260}},"audio":{"high":{"url":"https://coub-anubis-a.akamaized.net/coub_storage/coub/simple/cw_looped_audio_high/0ffba9014b8/d41bac19783941a820a83/1639034195_mp3-high.mp3","size":1028504},"med":{"url":"https://coub-anubis-a.akamaized.net/coub_storage/coub/simple/cw_looped_audio_med/c2364ce02cf/823a75f5d673fb977ba4e/1639034194_mp3-med.mp3","size":857519},"sample_duration":6.757}},"mobile":{"video":"https://coub-anubis-a.akamaized.net/coub_storage/coub/simple/cw_file/092d845675f/a9c39705cfe1f7aabac28/muted_mp4_med_size_1639034193_muted_med.mp4","audio":["https://coub-anubis-a.akamaized.net/coub_storage/coub/simple/cw_looped_audio_med/c2364ce02cf/823a75f5d673fb977ba4e/1639034194_mp3-med.mp3"]},"share":{"default":"https://coub-anubis-a.akamaized.net/coub_storage/coub/simple/cw_video_for_sharing/03ecabd56fe/2c1597d9613ebd6247368/1639034213_looped_1639034213.mp4"}},"audio_versions":{},"image_versions":{"template":"https://coub-anubis-a.akamaized.net/coub_storage/coub/simple/cw_image/493c87d276d/23bac900ea4508cac28d4/%{version}_1639034198_00022.jpg","versions":["micro","tiny","age_restricted","ios_large","ios_mosaic","big","med","small","pinterest"]},"first_frame_versions":{"template":"https://coub-anubis-a.akamaized.net/coub_storage/coub/simple/cw_timeline_pic/2a67cb5416a/bace736a744b1819d4dc7/%{version}_1639034197_image.jpg","versions":["big","med","small","ios_large"]},"dimensions":{"big":[888,960],"med":[444,480]},"site_w_h":[370,400],"page_w_h":[400,432],"site_w_h_small":[310,335],"size":[888,960],"age_restricted":false,"age_restricted_by_admin":false,"not_safe_for_work":null,"allow_reuse":false,"dont_crop":true,"banned":false,"global_safe":true,"audio_file_url":null,"external_download":false,"application":null,"channel":{"id":4242887,"permalink":"asuka329","title":"Mr. Milo ","description":"I’m a gamer","followers_count":67,"following_count":4,"avatar_versions":{"template":"https://coub-anubis-a.akamaized.net/coub_storage/channel/cw_avatar/772ca0a00bb/f7387746b1453f6eaca15/%{version}_1607413748_12vib79_1603947840_filename.jpeg","versions":["medium","medium_2x","profile_pic","profile_pic_new","profile_pic_new_2x","tiny","tiny_2x","small","small_2x","ios_large","ios_small"]}},"file":null,"picture":"https://coub-anubis-a.akamaized.net/coub_storage/coub/simple/cw_image/493c87d276d/23bac900ea4508cac28d4/med_1639034198_00022.jpg","timeline_picture":"https://coub-anubis-a.akamaized.net/coub_storage/coub/simple/cw_timeline_pic/2a67cb5416a/bace736a744b1819d4dc7/ios_large_1639034197_image.jpg","small_picture":"https://coub-anubis-a.akamaized.net/coub_storage/coub/simple/cw_image/493c87d276d/23bac900ea4508cac28d4/ios_mosaic_1639034198_00022.jpg","sharing_picture":null,"percent_done":100,"tags":[],"categories":[{"id":116,"title":"Memes","permalink":"memes","subscriptions_count":1914550,"big_image_url":"https://coub-anubis-a.akamaized.net/coub_storage/category/cw_image/c9ec52f6b8e/901439d39eb2de551860f/big_1623846896_memes.png","small_image_url":"https://coub-anubis-a.akamaized.net/coub_storage/category/cw_image/c9ec52f6b8e/901439d39eb2de551860f/small_1623846896_memes.png","med_image_url":"https://coub-anubis-a.akamaized.net/coub_storage/category/cw_image/c9ec52f6b8e/901439d39eb2de551860f/med_1623846896_memes.png","visible":true}],"communities":[{"id":116,"title":"Memes","permalink":"memes","subscriptions_count":1914550,"big_image_url":"https://coub-anubis-a.akamaized.net/coub_storage/category/cw_image/c9ec52f6b8e/901439d39eb2de551860f/big_1623846896_memes.png","small_image_url":"https://coub-anubis-a.akamaized.net/coub_storage/category/cw_image/c9ec52f6b8e/901439d39eb2de551860f/small_1623846896_memes.png","med_image_url":"https://coub-anubis-a.akamaized.net/coub_storage/category/cw_image/c9ec52f6b8e/901439d39eb2de551860f/med_1623846896_memes.png","i_subscribed":true,"community_notifications_enabled":null,"description":null}],"recoubs_count":91,"remixes_count":0,"likes_count":501,"dislikes_count":0,"raw_video_id":16980046,"uploaded_by_ios_app":true,"uploaded_by_android_app":false,"media_blocks":{"uploaded_raw_videos":[],"external_raw_videos":[],"remixed_from_coubs":[]},"raw_video_thumbnail_url":"https://coub-anubis-a.akamaized.net/coub_storage/raw_video/cw_image/f5b0660476b/d381d570d470b2da034c5/coub_media_1639034175_image.jpg","raw_video_title":"filename.mp4","video_block_banned":false,"duration":6.76,"promo_winner":false,"promo_winner_recoubers":null,"editorial_info":{},"promo_hint":null,"beeline_best_2014":null,"from_web_editor":false,"normalize_sound":true,"normalize_change_allowed":true,"best2015_addable":false,"ahmad_promo":null,"promo_data":null,"audio_copyright_claim":null,"ads_disabled":null,"is_safe_for_ads":true,"megafon_contents":[],"position_on_page":9},{"flag":null,"abuses":null,"recoubs_by_users_channels":null,"favourite":false,"promoted_id":null,"recoub":null,"like":null,"dislike":null,"reaction":null,"in_my_best2015":false,"id":178481934,"type":"Coub::Simple","permalink":"2xx0gj","title":"беспроигрышная лотерея","visibility_type":"public","original_visibility_type":"public","channel_id":2498040,"created_at":"2021-11-12T08:29:20Z","updated_at":"2022-03-13T12:47:55Z","is_done":true,"views_count":50076,"cotd":null,"cotd_at":null,"visible_on_explore_root":false,"visible_on_explore":false,"featured":false,"published":true,"published_at":"2021-11-12T08:29:20Z","reversed":false,"from_editor_v2":true,"is_editable":true,"original_sound":true,"has_sound":true,"recoub_to":null,"file_versions":{"html5":{"video":{"higher":{"url":"https://coub-anubis-a.akamaized.net/coub_storage/coub/simple/cw_file/6aca0d82aad/cecf67e9718e0f68aaf48/muted_mp4_huge_size_1636705764_muted_huge.mp4","size":939110},"high":{"url":"https://coub-anubis-a.akamaized.net/coub_storage/coub/simple/cw_file/6aca0d82aad/cecf67e9718e0f68aaf48/muted_mp4_big_size_1636705764_muted_big.mp4","size":553247},"med":{"url":"https://coub-anubis-a.akamaized.net/coub_storage/coub/simple/cw_file/6aca0d82aad/cecf67e9718e0f68aaf48/muted_mp4_med_size_1636705764_muted_med.mp4","size":162749}},"audio":{"high":{"url":"https://coub-anubis-a.akamaized.net/coub_storage/coub/simple/cw_looped_audio_high/0626441d80d/516ae0191229282fa44ed/1636705766_mp3-high.mp3","size":910309},"med":{"url":"https://coub-anubis-a.akamaized.net/coub_storage/coub/simple/cw_looped_audio_med/298b8851755/a5778cfdb7f2675f902e5/1636705765_mp3-med.mp3","size":892747},"sample_duration":8.011}},"mobile":{"video":"https://coub-anubis-a.akamaized.net/coub_storage/coub/simple/cw_file/6aca0d82aad/cecf67e9718e0f68aaf48/muted_mp4_med_size_1636705764_muted_med.mp4","audio":["https://coub-anubis-a.akamaized.net/coub_storage/coub/simple/cw_looped_audio_med/298b8851755/a5778cfdb7f2675f902e5/1636705765_mp3-med.mp3"]},"share":{"default":"https://coub-anubis-a.akamaized.net/coub_storage/coub/simple/cw_video_for_sharing/ab1192445a6/8fb98685d81e6e48c31ad/1636705782_looped_1636705781.mp4"}},"audio_versions":{},"image_versions":{"template":"https://coub-anubis-a.akamaized.net/coub_storage/coub/simple/cw_image/a67d9d1495d/b3532f71bfdffe49fc9f3/%{version}_1636705768_00026.jpg","versions":["micro","tiny","age_restricted","ios_large","ios_mosaic","big","med","small","pinterest"]},"first_frame_versions":{"template":"https://coub-anubis-a.akamaized.net/coub_storage/coub/simple/cw_timeline_pic/44dd7e41f32/f8680d2a54f0f79fd4fa4/%{version}_1636705768_image.jpg","versions":["big","med","small","ios_large"]},"dimensions":{"big":[538,960],"med":[268,480]},"site_w_h":[224,400],"page_w_h":[400,714],"site_w_h_small":[310,553],"size":[538,960],"age_restricted":false,"age_restricted_by_admin":false,"not_safe_for_work":null,"allow_reuse":false,"dont_crop":true,"banned":false,"global_safe":null,"audio_file_url":null,"external_download":false,"application":null,"channel":{"id":2498040,"permalink":"zzerg000","title":"ZZerG","description":null,"followers_count":6,"following_count":6,"avatar_versions":{"template":"https://coubsecureassets-a.akamaihd.net/assets/default-avatars/280-921c16c43e195089c41db724d74bbfac57600b3467fd20251ba22c274ead7ae2.png"}},"file":null,"picture":"https://coub-anubis-a.akamaized.net/coub_storage/coub/simple/cw_image/a67d9d1495d/b3532f71bfdffe49fc9f3/med_1636705768_00026.jpg","timeline_picture":"https://coub-anubis-a.akamaized.net/coub_storage/coub/simple/cw_timeline_pic/44dd7e41f32/f8680d2a54f0f79fd4fa4/ios_large_1636705768_image.jpg","small_picture":"https://coub-anubis-a.akamaized.net/coub_storage/coub/simple/cw_image/a67d9d1495d/b3532f71bfdffe49fc9f3/ios_mosaic_1636705768_00026.jpg","sharing_picture":null,"percent_done":100,"tags":[],"categories":[{"id":116,"title":"Memes","permalink":"memes","subscriptions_count":1914550,"big_image_url":"https://coub-anubis-a.akamaized.net/coub_storage/category/cw_image/c9ec52f6b8e/901439d39eb2de551860f/big_1623846896_memes.png","small_image_url":"https://coub-anubis-a.akamaized.net/coub_storage/category/cw_image/c9ec52f6b8e/901439d39eb2de551860f/small_1623846896_memes.png","med_image_url":"https://coub-anubis-a.akamaized.net/coub_storage/category/cw_image/c9ec52f6b8e/901439d39eb2de551860f/med_1623846896_memes.png","visible":true}],"communities":[{"id":116,"title":"Memes","permalink":"memes","subscriptions_count":1914550,"big_image_url":"https://coub-anubis-a.akamaized.net/coub_storage/category/cw_image/c9ec52f6b8e/901439d39eb2de551860f/big_1623846896_memes.png","small_image_url":"https://coub-anubis-a.akamaized.net/coub_storage/category/cw_image/c9ec52f6b8e/901439d39eb2de551860f/small_1623846896_memes.png","med_image_url":"https://coub-anubis-a.akamaized.net/coub_storage/category/cw_image/c9ec52f6b8e/901439d39eb2de551860f/med_1623846896_memes.png","i_subscribed":true,"community_notifications_enabled":null,"description":null}],"recoubs_count":95,"remixes_count":0,"likes_count":499,"dislikes_count":0,"raw_video_id":16915861,"uploaded_by_ios_app":false,"uploaded_by_android_app":false,"media_blocks":{"uploaded_raw_videos":[],"external_raw_videos":[],"remixed_from_coubs":[]},"raw_video_thumbnail_url":"https://coub-anubis-a.akamaized.net/coub_storage/raw_video/cw_image/bfec00fb85b/1d659f856a5b853b7ad19/coub_media_1636705686_image.jpg","raw_video_title":"1616482050257341349_576x1024.webm","video_block_banned":false,"duration":8.04,"promo_winner":false,"promo_winner_recoubers":null,"editorial_info":{},"promo_hint":null,"beeline_best_2014":null,"from_web_editor":true,"normalize_sound":true,"normalize_change_allowed":true,"best2015_addable":false,"ahmad_promo":null,"promo_data":null,"audio_copyright_claim":null,"ads_disabled":null,"is_safe_for_ads":true,"megafon_contents":[],"position_on_page":10}]}