{"page":321,"per_page":10,"total_pages":500,"coubs":[{"flag":null,"abuses":null,"recoubs_by_users_channels":null,"favourite":false,"promoted_id":null,"recoub":null,"like":null,"dislike":null,"reaction":null,"in_my_best2015":false,"id":173861284,"type":"Coub::Simple","permalink":"2v5z4a","title":"Старый добрый попугай","visibility_type":"public","original_visibility_type":"public","channel_id":11166875,"created_at":"2021-08-15T08:07:38Z","updated_at":"2022-02-27T14:08:34Z","is_done":true,"views_count":8120,"cotd":null,"cotd_at":null,"visible_on_explore_root":false,"visible_on_explore":false,"featured":false,"published":true,"published_at":"2021-08-15T08:07:38Z","reversed":false,"from_editor_v2":true,"is_editable":true,"original_sound":true,"has_sound":true,"recoub_to":null,"file_versions":{"html5":{"video":{"higher":{"url":"https://coub-anubis-a.akamaized.net/coub_storage/coub/simple/cw_file/5287bddc2d6/e7211f5549dc74c749559/muted_mp4_huge_size_1629014865_muted_huge.mp4","size":1690724},"high":{"url":"https://coub-anubis-a.akamaized.net/coub_storage/coub/simple/cw_file/5287bddc2d6/e7211f5549dc74c749559/muted_mp4_big_size_1629014865_muted_big.mp4","size":1114581},"med":{"url":"https://coub-anubis-a.akamaized.net/coub_storage/coub/simple/cw_file/5287bddc2d6/e7211f5549dc74c749559/muted_mp4_med_size_1629014865_muted_med.mp4","size":336521}},"audio":{"high":{"url":"https://coub-anubis-a.akamaized.net/coub_storage/coub/simple/cw_looped_audio_high/3a346a2a7ce/7d0332794b4055adde2eb/1629014867_mp3-high.mp3","size":895853},"med":{"url":"https://coub-anubis-a.akamaized.net/coub_storage/coub/simple/cw_looped_audio_med/e67336a3bd2/58c76d7320724e34362c9/1629014866_mp3-med.mp3","size":881362},"sample_duration":8.011}},"mobile":{"video":"https://coub-anubis-a.akamaized.net/coub_storage/coub/simple/cw_file/5287bddc2d6/e7211f5549dc74c749559/muted_mp4_med_size_1629014865_muted_med.mp4","audio":["https://coub-anubis-a.akamaized.net/coub_storage/coub/simple/cw_looped_audio_med/e67336a3bd2/58c76d7320724e34362c9/1629014866_mp3-med.mp3"]},"share":{"default":"https://coub-anubis-a.akamaized.net/coub_storage/coub/simple/cw_video_for_sharing/acbbdba6a64/564c323cc9512ad7489c2/1629014893_looped_1629014892.mp4"}},"audio_versions":{},"image_versions":{"template":"https://coub-anubis-a.akamaized.net/coub_storage/coub/simple/cw_image/7cf640702f6/efa82c6865937c1f08c13/%{version}_1629014872_00026.jpg","versions":["micro","tiny","age_restricted","ios_large","ios_mosaic","big","med","small","pinterest"]},"first_frame_versions":{"template":"https://coub-anubis-a.akamaized.net/coub_storage/coub/simple/cw_timeline_pic/c3970864174/85bb6701271ac3ce5995d/%{version}_1629014871_image.jpg","versions":["big","med","small","ios_large"]},"dimensions":{"big":[1280,720],"med":[640,360]},"site_w_h":[640,360],"page_w_h":[640,360],"site_w_h_small":[310,174],"size":[1280,720],"age_restricted":false,"age_restricted_by_admin":false,"not_safe_for_work":null,"allow_reuse":false,"dont_crop":true,"banned":false,"global_safe":null,"audio_file_url":null,"external_download":false,"application":null,"channel":{"id":11166875,"permalink":"max-shilkin","title":"Mansurskiy_KoT","description":"Делать было нечего","followers_count":0,"following_count":11,"avatar_versions":{"template":"https://coub-anubis-a.akamaized.net/coub_storage/channel/cw_avatar/bab29aa5052/0c332e9f6278c8e43c1aa/%{version}_1615968840_cropped.jpeg","versions":["medium","medium_2x","profile_pic","profile_pic_new","profile_pic_new_2x","tiny","tiny_2x","small","small_2x","ios_large","ios_small"]}},"file":null,"picture":"https://coub-anubis-a.akamaized.net/coub_storage/coub/simple/cw_image/7cf640702f6/efa82c6865937c1f08c13/med_1629014872_00026.jpg","timeline_picture":"https://coub-anubis-a.akamaized.net/coub_storage/coub/simple/cw_timeline_pic/c3970864174/85bb6701271ac3ce5995d/ios_large_1629014871_image.jpg","small_picture":"https://coub-anubis-a.akamaized.net/coub_storage/coub/simple/cw_image/7cf640702f6/efa82c6865937c1f08c13/ios_mosaic_1629014872_00026.jpg","sharing_picture":null,"percent_done":100,"tags":[{"id":565407,"title":"fnaf","value":"fnaf"},{"id":197,"title":"red","value":"red"},{"id":9214,"title":"попугай","value":"%D0%BF%D0%BE%D0%BF%D1%83%D0%B3%D0%B0%D0%B9"},{"id":2235,"title":"memes","value":"memes"}],"categories":[{"id":116,"title":"Memes","permalink":"memes","subscriptions_count":1914550,"big_image_url":"https://coub-anubis-a.akamaized.net/coub_storage/category/cw_image/c9ec52f6b8e/901439d39eb2de551860f/big_1623846896_memes.png","small_image_url":"https://coub-anubis-a.akamaized.net/coub_storage/category/cw_image/c9ec52f6b8e/901439d39eb2de551860f/small_1623846896_memes.png","med_image_url":"https://coub-anubis-a.akamaized.net/coub_storage/category/cw_image/c9ec52f6b8e/901439d39eb2de551860f/med_1623846896_memes.png","visible":true}],"communities":[{"id":116,"title":"Memes","permalink":"memes","subscriptions_count":1914550,"big_image_url":"https://coub-anubis-a.akamaized.net/coub_storage/category/cw_image/c9ec52f6b8e/901439d39eb2de551860f/big_1623846896_memes.png","small_image_url":"https://coub-anubis-a.akamaized.net/coub_storage/category/cw_image/c9ec52f6b8e/901439d39eb2de551860f/small_1623846896_memes.png","med_image_url":"https://coub-anubis-a.akamaized.net/coub_storage/category/cw_image/c9ec52f6b8e/901439d39eb2de551860f/med_1623846896_memes.png","i_subscribed":true,"community_notifications_enabled":null,"description":null}],"recoubs_count":16,"remixes_count":0,"likes_count":76,"dislikes_count":0,"raw_video_id":16690902,"uploaded_by_ios_app":false,"uploaded_by_android_app":true,"media_blocks":{"uploaded_raw_videos":[],"external_raw_videos":[],"remixed_from_coubs":[]},"raw_video_thumbnail_url":"/missing/missing.png","raw_video_title":null,"video_block_banned":false,"duration":8.04,"promo_winner":false,"promo_winner_recoubers":null,"editorial_info":{},"promo_hint":null,"beeline_best_2014":null,"from_web_editor":false,"normalize_sound":true,"normalize_change_allowed":true,"best2015_addable":false,"ahmad_promo":null,"promo_data":null,"audio_copyright_claim":null,"ads_disabled":null,"is_safe_for_ads":true,"megafon_contents":[],"position_on_page":1},{"flag":null,"abuses":null,"recoubs_by_users_channels":null,"favourite":false,"promoted_id":null,"recoub":null,"like":null,"dislike":null,"reaction":null,"in_my_best2015":false,"id":173804357,"type":"Coub::Simple","permalink":"2v4r6z","title":"пацан к успеху шёл","visibility_type":"public","original_visibility_type":"public","channel_id":5663257,"created_at":"2021-08-14T05:12:36Z","updated_at":"2022-02-11T04:33:24Z","is_done":true,"views_count":11840,"cotd":null,"cotd_at":null,"visible_on_explore_root":false,"visible_on_explore":false,"featured":false,"published":true,"published_at":"2021-08-14T05:12:36Z","reversed":false,"from_editor_v2":true,"is_editable":true,"original_sound":true,"has_sound":true,"recoub_to":null,"file_versions":{"html5":{"video":{"higher":{"url":"https://coub-anubis-a.akamaized.net/coub_storage/coub/simple/cw_file/0ea2d5678fe/aba505c8706549b36b024/muted_mp4_huge_size_1628918074_muted_huge.mp4","size":1478609},"high":{"url":"https://coub-anubis-a.akamaized.net/coub_storage/coub/simple/cw_file/0ea2d5678fe/aba505c8706549b36b024/muted_mp4_big_size_1628918074_muted_big.mp4","size":1012058},"med":{"url":"https://coub-anubis-a.akamaized.net/coub_storage/coub/simple/cw_file/0ea2d5678fe/aba505c8706549b36b024/muted_mp4_med_size_1628918074_muted_med.mp4","size":292977}},"audio":{"high":{"url":"https://coub-anubis-a.akamaized.net/coub_storage/coub/simple/cw_looped_audio_high/97fee902612/f5d279a4e2c325fb96e48/1628918076_mp3-high.mp3","size":781709},"med":{"url":"https://coub-anubis-a.akamaized.net/coub_storage/coub/simple/cw_looped_audio_med/81cb6de12bb/53ad9c6471cb5c0b85060/1628918075_mp3-med.mp3","size":781721},"sample_duration":7.175}},"mobile":{"video":"https://coub-anubis-a.akamaized.net/coub_storage/coub/simple/cw_file/0ea2d5678fe/aba505c8706549b36b024/muted_mp4_med_size_1628918074_muted_med.mp4","audio":["https://coub-anubis-a.akamaized.net/coub_storage/coub/simple/cw_looped_audio_med/81cb6de12bb/53ad9c6471cb5c0b85060/1628918075_mp3-med.mp3"]},"share":{"default":"https://coub-anubis-a.akamaized.net/coub_storage/coub/simple/cw_video_for_sharing/3f3a55a5630/6b5951052b2cdd4d49df8/1628918097_looped_1628918097.mp4"}},"audio_versions":{},"image_versions":{"template":"https://coub-anubis-a.akamaized.net/coub_storage/coub/simple/cw_image/c52cd8796b4/1aef8a8b302c36582ab02/%{version}_1628918080_00023.jpg","versions":["micro","tiny","age_restricted","ios_large","ios_mosaic","big","med","small","pinterest"]},"first_frame_versions":{"template":"https://coub-anubis-a.akamaized.net/coub_storage/coub/simple/cw_timeline_pic/6523285a86a/5270219329437dbfeb757/%{version}_1628918080_image.jpg","versions":["big","med","small","ios_large"]},"dimensions":{"big":[1280,720],"med":[640,360]},"site_w_h":[640,360],"page_w_h":[640,360],"site_w_h_small":[310,174],"size":[1280,720],"age_restricted":false,"age_restricted_by_admin":false,"not_safe_for_work":null,"allow_reuse":false,"dont_crop":true,"banned":false,"global_safe":null,"audio_file_url":null,"external_download":{"type":"Youtube","service_name":"YouTube","url":"https://www.youtube.com/watch?v=OyvNzcDE8hE","has_embed":true},"application":null,"channel":{"id":5663257,"permalink":"dundee22","title":"DunDee22","description":"funny cool and weird Coub \r\nsubscribe and Welcome to dundee 22","followers_count":315,"following_count":26,"avatar_versions":{"template":"https://coub-anubis-a.akamaized.net/coub_storage/channel/cw_avatar/19be4c19807/289696a9573c26ab13f98/%{version}_1620547396_c31b4e1b9b1a3856.jpg","versions":["medium","medium_2x","profile_pic","profile_pic_new","profile_pic_new_2x","tiny","tiny_2x","small","small_2x","ios_large","ios_small"]}},"file":null,"picture":"https://coub-anubis-a.akamaized.net/coub_storage/coub/simple/cw_image/c52cd8796b4/1aef8a8b302c36582ab02/med_1628918080_00023.jpg","timeline_picture":"https://coub-anubis-a.akamaized.net/coub_storage/coub/simple/cw_timeline_pic/6523285a86a/5270219329437dbfeb757/ios_large_1628918080_image.jpg","small_picture":"https://coub-anubis-a.akamaized.net/coub_storage/coub/simple/cw_image/c52cd8796b4/1aef8a8b302c36582ab02/ios_mosaic_1628918080_00023.jpg","sharing_picture":null,"percent_done":100,"tags":[{"id":2234,"title":"meme","value":"meme"},{"id":6446028,"title":"неполучилось не фортануло","value":"%D0%BD%D0%B5%D0%BF%D0%BE%D0%BB%D1%83%D1%87%D0%B8%D0%BB%D0%BE%D1%81%D1%8C%20%D0%BD%D0%B5%20%D1%84%D0%BE%D1%80%D1%82%D0%B0%D0%BD%D1%83%D0%BB%D0%BE"}],"categories":[{"id":116,"title":"Memes","permalink":"memes","subscriptions_count":1914550,"big_image_url":"https://coub-anubis-a.akamaized.net/coub_storage/category/cw_image/c9ec52f6b8e/901439d39eb2de551860f/big_1623846896_memes.png","small_image_url":"https://coub-anubis-a.akamaized.net/coub_storage/category/cw_image/c9ec52f6b8e/901439d39eb2de551860f/small_1623846896_memes.png","med_image_url":"https://coub-anubis-a.akamaized.net/coub_storage/category/cw_image/c9ec52f6b8e/901439d39eb2de551860f/med_1623846896_memes.png","visible":true}],"communities":[{"id":116,"title":"Memes","permalink":"memes","subscriptions_count":1914550,"big_image_url":"https://coub-anubis-a.akamaized.net/coub_storage/category/cw_image/c9ec52f6b8e/901439d39eb2de551860f/big_1623846896_memes.png","small_image_url":"https://coub-anubis-a.akamaized.net/coub_storage/category/cw_image/c9ec52f6b8e/901439d39eb2de551860f/small_1623846896_memes.png","med_image_url":"https://coub-anubis-a.akamaized.net/coub_storage/category/cw_image/c9ec52f6b8e/901439d39eb2de551860f/med_1623846896_memes.png","i_subscribed":true,"community_notifications_enabled":null,"description":null}],"recoubs_count":18,"remixes_count":0,"likes_count":76,"dislikes_count":0,"raw_video_id":16688094,"uploaded_by_ios_app":false,"uploaded_by_android_app":false,"media_blocks":{"uploaded_raw_videos":[],"external_raw_videos":[{"id":39470709,"title":"ТЕСТ НА ПСИХИКУ/ 669 СЕКУНД СМЕХА/ЛУЧШИЕ ПРИКОЛЫ ЗА АВГУСТ 2021 РЖАКА/ПОПРОБУЙ НЕ СМЕЙСЯ! BEST COUB","url":"https://www.youtube.com/watch?v=OyvNzcDE8hE","image":"https://coub-anubis-a.akamaized.net/coub_storage/media_block/cw_image/76065a22595/729b3c13c2f7710969291/video_1628917525_17uqoqx_1628917405_1fsq9nm_att-url-download.jpg","image_retina":"https://coub-anubis-a.akamaized.net/coub_storage/media_block/cw_image/76065a22595/729b3c13c2f7710969291/video_retina_1628917525_17uqoqx_1628917405_1fsq9nm_att-url-download.jpg","meta":{"service":"Youtube","duration":"668.04"},"duration":668.04,"raw_video_id":16688094,"has_embed":true}],"remixed_from_coubs":[],"external_video":{"id":39470709,"title":"ТЕСТ НА ПСИХИКУ/ 669 СЕКУНД СМЕХА/ЛУЧШИЕ ПРИКОЛЫ ЗА АВГУСТ 2021 РЖАКА/ПОПРОБУЙ НЕ СМЕЙСЯ! BEST COUB","url":"https://www.youtube.com/watch?v=OyvNzcDE8hE","image":"https://coub-anubis-a.akamaized.net/coub_storage/media_block/cw_image/76065a22595/729b3c13c2f7710969291/video_1628917525_17uqoqx_1628917405_1fsq9nm_att-url-download.jpg","image_retina":"https://coub-anubis-a.akamaized.net/coub_storage/media_block/cw_image/76065a22595/729b3c13c2f7710969291/video_retina_1628917525_17uqoqx_1628917405_1fsq9nm_att-url-download.jpg","meta":{"service":"Youtube","duration":"668.04"},"duration":668.04,"raw_video_id":16688094,"has_embed":true}},"raw_video_thumbnail_url":"https://coub-anubis-a.akamaized.net/coub_storage/raw_video/cw_image/a593e56402c/478b8a130b6ff4760e2ae/coub_media_1628917410_1628917405_1fsq9nm_att-url-download.jpg","raw_video_title":"ТЕСТ НА ПСИХИКУ/ 669 СЕКУНД СМЕХА/ЛУЧШИЕ ПРИКОЛЫ ЗА АВГУСТ 2021 РЖАКА/ПОПРОБУЙ НЕ СМЕЙСЯ! BEST COUB","video_block_banned":false,"duration":7.16,"promo_winner":false,"promo_winner_recoubers":null,"editorial_info":{},"promo_hint":null,"beeline_best_2014":null,"from_web_editor":true,"normalize_sound":true,"normalize_change_allowed":true,"best2015_addable":false,"ahmad_promo":null,"promo_data":null,"audio_copyright_claim":null,"ads_disabled":null,"is_safe_for_ads":true,"megafon_contents":[],"position_on_page":2},{"flag":null,"abuses":null,"recoubs_by_users_channels":null,"favourite":false,"promoted_id":null,"recoub":null,"like":null,"dislike":null,"reaction":null,"in_my_best2015":false,"id":173789521,"type":"Coub::Simple","permalink":"2v4fqv","title":"ТИПИЧНАЯ ОЧЕРЕДЬ на кассу","visibility_type":"public","original_visibility_type":"public","channel_id":4534316,"created_at":"2021-08-13T19:50:01Z","updated_at":"2022-03-07T09:57:39Z","is_done":true,"views_count":8436,"cotd":null,"cotd_at":null,"visible_on_explore_root":false,"visible_on_explore":false,"featured":false,"published":true,"published_at":"2021-08-13T19:50:01Z","reversed":false,"from_editor_v2":true,"is_editable":true,"original_sound":true,"has_sound":true,"recoub_to":null,"file_versions":{"html5":{"video":{"higher":{"url":"https://coub-anubis-a.akamaized.net/coub_storage/coub/simple/cw_file/b06b8494c1a/1f953b7bc6073a917c493/muted_mp4_huge_size_1628884240_muted_huge.mp4","size":2230468},"high":{"url":"https://coub-anubis-a.akamaized.net/coub_storage/coub/simple/cw_file/b06b8494c1a/1f953b7bc6073a917c493/muted_mp4_big_size_1628884240_muted_big.mp4","size":1532809},"med":{"url":"https://coub-anubis-a.akamaized.net/coub_storage/coub/simple/cw_file/b06b8494c1a/1f953b7bc6073a917c493/muted_mp4_med_size_1628884240_muted_med.mp4","size":467164}},"audio":{"high":{"url":"https://coub-anubis-a.akamaized.net/coub_storage/coub/simple/cw_looped_audio_high/d2c2acb83b9/51082f0c50d797ffcb05c/1628884242_mp3-high.mp3","size":1127256},"med":{"url":"https://coub-anubis-a.akamaized.net/coub_storage/coub/simple/cw_looped_audio_med/610317c9f12/adf6db9015a7e323b53e5/1628884241_mp3-med.mp3","size":884040},"sample_duration":9.242}},"mobile":{"video":"https://coub-anubis-a.akamaized.net/coub_storage/coub/simple/cw_file/b06b8494c1a/1f953b7bc6073a917c493/muted_mp4_med_size_1628884240_muted_med.mp4","audio":["https://coub-anubis-a.akamaized.net/coub_storage/coub/simple/cw_looped_audio_med/610317c9f12/adf6db9015a7e323b53e5/1628884241_mp3-med.mp3"]},"share":{"default":"https://coub-anubis-a.akamaized.net/coub_storage/coub/simple/cw_video_for_sharing/99457d3ccfd/c33deb6dcf95032d4990f/1628884269_looped_1628884268.mp4"}},"audio_versions":{},"image_versions":{"template":"https://coub-anubis-a.akamaized.net/coub_storage/coub/simple/cw_image/84d1fb75658/9e9431b4845805c007f73/%{version}_1628884247_00029.jpg","versions":["micro","tiny","age_restricted","ios_large","ios_mosaic","big","med","small","pinterest"]},"first_frame_versions":{"template":"https://coub-anubis-a.akamaized.net/coub_storage/coub/simple/cw_timeline_pic/13d136b83f4/071ca3f3379e22ed89643/%{version}_1628884246_image.jpg","versions":["big","med","small","ios_large"]},"dimensions":{"big":[1280,720],"med":[640,360]},"site_w_h":[640,360],"page_w_h":[640,360],"site_w_h_small":[310,174],"size":[1280,720],"age_restricted":false,"age_restricted_by_admin":false,"not_safe_for_work":null,"allow_reuse":false,"dont_crop":true,"banned":false,"global_safe":null,"audio_file_url":null,"external_download":{"type":"Youtube","service_name":"YouTube","url":"https://www.youtube.com/watch?v=B1Rx7rSSnU4","has_embed":true},"application":null,"channel":{"id":4534316,"permalink":"vzryvnaja-morozhenka","title":"Vzryvnaya Morozhenka","description":null,"followers_count":15,"following_count":12,"avatar_versions":{"template":"https://coub-anubis-a.akamaized.net/coub_storage/channel/cw_avatar/d6dc376e9be/a7c954fa8034cab9c11b3/%{version}_1609090726_1taovz1_1529325638_y97scx_974892692674312.jpg","versions":["medium","medium_2x","profile_pic","profile_pic_new","profile_pic_new_2x","tiny","tiny_2x","small","small_2x","ios_large","ios_small"]}},"file":null,"picture":"https://coub-anubis-a.akamaized.net/coub_storage/coub/simple/cw_image/84d1fb75658/9e9431b4845805c007f73/med_1628884247_00029.jpg","timeline_picture":"https://coub-anubis-a.akamaized.net/coub_storage/coub/simple/cw_timeline_pic/13d136b83f4/071ca3f3379e22ed89643/ios_large_1628884246_image.jpg","small_picture":"https://coub-anubis-a.akamaized.net/coub_storage/coub/simple/cw_image/84d1fb75658/9e9431b4845805c007f73/ios_mosaic_1628884247_00029.jpg","sharing_picture":null,"percent_done":100,"tags":[{"id":1000591,"title":"виталий орехов","value":"%D0%B2%D0%B8%D1%82%D0%B0%D0%BB%D0%B8%D0%B9%20%D0%BE%D1%80%D0%B5%D1%85%D0%BE%D0%B2"},{"id":13932,"title":"эмо","value":"%D1%8D%D0%BC%D0%BE"},{"id":103302,"title":"30 лет","value":"30%20%D0%BB%D0%B5%D1%82"}],"categories":[{"id":116,"title":"Memes","permalink":"memes","subscriptions_count":1914550,"big_image_url":"https://coub-anubis-a.akamaized.net/coub_storage/category/cw_image/c9ec52f6b8e/901439d39eb2de551860f/big_1623846896_memes.png","small_image_url":"https://coub-anubis-a.akamaized.net/coub_storage/category/cw_image/c9ec52f6b8e/901439d39eb2de551860f/small_1623846896_memes.png","med_image_url":"https://coub-anubis-a.akamaized.net/coub_storage/category/cw_image/c9ec52f6b8e/901439d39eb2de551860f/med_1623846896_memes.png","visible":true}],"communities":[{"id":116,"title":"Memes","permalink":"memes","subscriptions_count":1914550,"big_image_url":"https://coub-anubis-a.akamaized.net/coub_storage/category/cw_image/c9ec52f6b8e/901439d39eb2de551860f/big_1623846896_memes.png","small_image_url":"https://coub-anubis-a.akamaized.net/coub_storage/category/cw_image/c9ec52f6b8e/901439d39eb2de551860f/small_1623846896_memes.png","med_image_url":"https://coub-anubis-a.akamaized.net/coub_storage/category/cw_image/c9ec52f6b8e/901439d39eb2de551860f/med_1623846896_memes.png","i_subscribed":true,"community_notifications_enabled":null,"description":null}],"recoubs_count":16,"remixes_count":0,"likes_count":76,"dislikes_count":0,"raw_video_id":16687403,"uploaded_by_ios_app":false,"uploaded_by_android_app":false,"media_blocks":{"uploaded_raw_videos":[],"external_raw_videos":[{"id":39469026,"title":"ТИПИЧНАЯ ОЧЕРЕДЬ на кассу","url":"https://www.youtube.com/watch?v=B1Rx7rSSnU4","image":"https://coub-anubis-a.akamaized.net/coub_storage/media_block/cw_image/baeca9d616f/9a45572f19435a0aafe2f/video_1628884027_18cxbhq_1628883957_1628883955_nb8asg_att-url-download.webp","image_retina":"https://coub-anubis-a.akamaized.net/coub_storage/media_block/cw_image/baeca9d616f/9a45572f19435a0aafe2f/video_retina_1628884027_18cxbhq_1628883957_1628883955_nb8asg_att-url-download.webp","meta":{"service":"Youtube","duration":"195.96"},"duration":195.96,"raw_video_id":16687403,"has_embed":true}],"remixed_from_coubs":[],"external_video":{"id":39469026,"title":"ТИПИЧНАЯ ОЧЕРЕДЬ на кассу","url":"https://www.youtube.com/watch?v=B1Rx7rSSnU4","image":"https://coub-anubis-a.akamaized.net/coub_storage/media_block/cw_image/baeca9d616f/9a45572f19435a0aafe2f/video_1628884027_18cxbhq_1628883957_1628883955_nb8asg_att-url-download.webp","image_retina":"https://coub-anubis-a.akamaized.net/coub_storage/media_block/cw_image/baeca9d616f/9a45572f19435a0aafe2f/video_retina_1628884027_18cxbhq_1628883957_1628883955_nb8asg_att-url-download.webp","meta":{"service":"Youtube","duration":"195.96"},"duration":195.96,"raw_video_id":16687403,"has_embed":true}},"raw_video_thumbnail_url":"https://coub-anubis-a.akamaized.net/coub_storage/raw_video/cw_image/ee12852ad88/78b84f28e6720ef942b8e/coub_media_1628883957_1628883955_nb8asg_att-url-download.webp","raw_video_title":"ТИПИЧНАЯ ОЧЕРЕДЬ на кассу","video_block_banned":false,"duration":9.24,"promo_winner":false,"promo_winner_recoubers":null,"editorial_info":{},"promo_hint":null,"beeline_best_2014":null,"from_web_editor":true,"normalize_sound":true,"normalize_change_allowed":true,"best2015_addable":false,"ahmad_promo":null,"promo_data":null,"audio_copyright_claim":null,"ads_disabled":null,"is_safe_for_ads":true,"megafon_contents":[],"position_on_page":3},{"flag":null,"abuses":null,"recoubs_by_users_channels":null,"favourite":false,"promoted_id":null,"recoub":null,"like":null,"dislike":null,"reaction":null,"in_my_best2015":false,"id":173608700,"type":"Coub::Simple","permalink":"2v0k7z","title":"Ало, это морг? Доктор Дью. DIY Для вп","visibility_type":"public","original_visibility_type":"public","channel_id":5258652,"created_at":"2021-08-10T12:30:36Z","updated_at":"2022-02-22T12:04:58Z","is_done":true,"views_count":10973,"cotd":null,"cotd_at":null,"visible_on_explore_root":false,"visible_on_explore":false,"featured":false,"published":true,"published_at":"2021-08-10T12:30:36Z","reversed":false,"from_editor_v2":true,"is_editable":true,"original_sound":true,"has_sound":true,"recoub_to":null,"file_versions":{"html5":{"video":{"higher":{"url":"https://coub-anubis-a.akamaized.net/coub_storage/coub/simple/cw_file/987c97419bc/43b11880a2c6705d8e4c7/muted_mp4_huge_size_1628598650_muted_huge.mp4","size":1146107},"high":{"url":"https://coub-anubis-a.akamaized.net/coub_storage/coub/simple/cw_file/987c97419bc/43b11880a2c6705d8e4c7/muted_mp4_big_size_1628598650_muted_big.mp4","size":815931},"med":{"url":"https://coub-anubis-a.akamaized.net/coub_storage/coub/simple/cw_file/987c97419bc/43b11880a2c6705d8e4c7/muted_mp4_med_size_1628598650_muted_med.mp4","size":264969}},"audio":{"high":{"url":"https://coub-anubis-a.akamaized.net/coub_storage/coub/simple/cw_looped_audio_high/5fdbd8b1189/b812f87f28fd699ce222c/1628598652_mp3-high.mp3","size":1073275},"med":{"url":"https://coub-anubis-a.akamaized.net/coub_storage/coub/simple/cw_looped_audio_med/a78058f12de/a6310d9b51232d880a5af/1628598651_mp3-med.mp3","size":805644},"sample_duration":10.101}},"mobile":{"video":"https://coub-anubis-a.akamaized.net/coub_storage/coub/simple/cw_file/987c97419bc/43b11880a2c6705d8e4c7/muted_mp4_med_size_1628598650_muted_med.mp4","audio":["https://coub-anubis-a.akamaized.net/coub_storage/coub/simple/cw_looped_audio_med/a78058f12de/a6310d9b51232d880a5af/1628598651_mp3-med.mp3"]},"share":{"default":"https://coub-anubis-a.akamaized.net/coub_storage/coub/simple/cw_video_for_sharing/73ab491c51c/f265aedaaf617d75973e2/1628598685_looped_1628598684.mp4"}},"audio_versions":{},"image_versions":{"template":"https://coub-anubis-a.akamaized.net/coub_storage/coub/simple/cw_image/17022ea1ae6/f90daebe2b618b0462649/%{version}_1628598659_00032.jpg","versions":["micro","tiny","age_restricted","ios_large","ios_mosaic","big","med","small","pinterest"]},"first_frame_versions":{"template":"https://coub-anubis-a.akamaized.net/coub_storage/coub/simple/cw_timeline_pic/38481b8c3cd/7258b02e6f5ea33f65ad2/%{version}_1628598657_image.jpg","versions":["big","med","small","ios_large"]},"dimensions":{"big":[1280,720],"med":[640,360]},"site_w_h":[640,360],"page_w_h":[640,360],"site_w_h_small":[310,174],"size":[1280,720],"age_restricted":false,"age_restricted_by_admin":false,"not_safe_for_work":null,"allow_reuse":false,"dont_crop":true,"banned":false,"global_safe":null,"audio_file_url":null,"external_download":{"type":"Youtube","service_name":"YouTube","url":"https://www.youtube.com/watch?v=lw-zvoSuheI","has_embed":true},"application":null,"channel":{"id":5258652,"permalink":"bomber-man1","title":"_BOMBer__MAN_","description":"Всем добра;)","followers_count":37,"following_count":3,"avatar_versions":{"template":"https://coub-anubis-a.akamaized.net/coub_storage/channel/cw_avatar/c3bda9b61ba/6e728e839cc8932705ce4/%{version}_1607915676_1jlc3kx_1549303180_flat_1000x1000_075_f.jpg","versions":["medium","medium_2x","profile_pic","profile_pic_new","profile_pic_new_2x","tiny","tiny_2x","small","small_2x","ios_large","ios_small"]}},"file":null,"picture":"https://coub-anubis-a.akamaized.net/coub_storage/coub/simple/cw_image/17022ea1ae6/f90daebe2b618b0462649/med_1628598659_00032.jpg","timeline_picture":"https://coub-anubis-a.akamaized.net/coub_storage/coub/simple/cw_timeline_pic/38481b8c3cd/7258b02e6f5ea33f65ad2/ios_large_1628598657_image.jpg","small_picture":"https://coub-anubis-a.akamaized.net/coub_storage/coub/simple/cw_image/17022ea1ae6/f90daebe2b618b0462649/ios_mosaic_1628598659_00032.jpg","sharing_picture":null,"percent_done":100,"tags":[{"id":3296,"title":"diy","value":"diy"},{"id":5350909,"title":"doktor diy","value":"doktor%20diy"},{"id":4737971,"title":"доктор дью","value":"%D0%B4%D0%BE%D0%BA%D1%82%D0%BE%D1%80%20%D0%B4%D1%8C%D1%8E"},{"id":1024240,"title":"robert b. weide","value":"robert%20b.%20weide"},{"id":6249,"title":"мем","value":"%D0%BC%D0%B5%D0%BC"},{"id":131862,"title":"титры","value":"%D1%82%D0%B8%D1%82%D1%80%D1%8B"},{"id":3580630,"title":"directed by robert b weide","value":"directed%20by%20robert%20b%20weide"}],"categories":[{"id":116,"title":"Memes","permalink":"memes","subscriptions_count":1914550,"big_image_url":"https://coub-anubis-a.akamaized.net/coub_storage/category/cw_image/c9ec52f6b8e/901439d39eb2de551860f/big_1623846896_memes.png","small_image_url":"https://coub-anubis-a.akamaized.net/coub_storage/category/cw_image/c9ec52f6b8e/901439d39eb2de551860f/small_1623846896_memes.png","med_image_url":"https://coub-anubis-a.akamaized.net/coub_storage/category/cw_image/c9ec52f6b8e/901439d39eb2de551860f/med_1623846896_memes.png","visible":true}],"communities":[{"id":116,"title":"Memes","permalink":"memes","subscriptions_count":1914550,"big_image_url":"https://coub-anubis-a.akamaized.net/coub_storage/category/cw_image/c9ec52f6b8e/901439d39eb2de551860f/big_1623846896_memes.png","small_image_url":"https://coub-anubis-a.akamaized.net/coub_storage/category/cw_image/c9ec52f6b8e/901439d39eb2de551860f/small_1623846896_memes.png","med_image_url":"https://coub-anubis-a.akamaized.net/coub_storage/category/cw_image/c9ec52f6b8e/901439d39eb2de551860f/med_1623846896_memes.png","i_subscribed":true,"community_notifications_enabled":null,"description":null}],"recoubs_count":16,"remixes_count":1,"likes_count":76,"dislikes_count":0,"raw_video_id":16678716,"uploaded_by_ios_app":false,"uploaded_by_android_app":false,"media_blocks":{"uploaded_raw_videos":[],"external_raw_videos":[{"id":39447979,"title":"Directed by Robert B. Weide MEME THEME","url":"https://www.youtube.com/watch?v=lw-zvoSuheI","image":"https://coub-anubis-a.akamaized.net/coub_storage/media_block/cw_image/18126edf982/34e1aa2e581f5bfa24d9f/video_1628597952_1bajdf7_1628597940_1628597940_1dlhe3c_att-url-download.webp","image_retina":"https://coub-anubis-a.akamaized.net/coub_storage/media_block/cw_image/18126edf982/34e1aa2e581f5bfa24d9f/video_retina_1628597952_1bajdf7_1628597940_1628597940_1dlhe3c_att-url-download.webp","meta":{"service":"Youtube","duration":"7.32"},"duration":7.32,"raw_video_id":16678716,"has_embed":true},{"id":39447948,"title":"Ало, это морг? Доктор Дью. DIY Для вп","url":"https://vk.com/video-117912732_456239263","image":"https://coub-anubis-a.akamaized.net/coub_storage/media_block/cw_image/b71e60f4a26/060d2bb6a7a9d95d115a0/video_1628597670_3aipm5_1628597656_1ye9eks_att-url-download.jpg_size_800x450_quality_96_keep_aspect_ratio_1_background_000000_sign_b4f69c145ad7e74755c161e043d07e5e_type_video_thumb","image_retina":"https://coub-anubis-a.akamaized.net/coub_storage/media_block/cw_image/b71e60f4a26/060d2bb6a7a9d95d115a0/video_retina_1628597670_3aipm5_1628597656_1ye9eks_att-url-download.jpg_size_800x450_quality_96_keep_aspect_ratio_1_background_000000_sign_b4f69c145ad7e74755c161e043d07e5e_type_video_thumb","meta":{"service":"Vk","duration":"6.327"},"duration":6.327,"raw_video_id":16678703,"has_embed":false}],"remixed_from_coubs":[],"external_video":{"id":39447979,"title":"Directed by Robert B. Weide MEME THEME","url":"https://www.youtube.com/watch?v=lw-zvoSuheI","image":"https://coub-anubis-a.akamaized.net/coub_storage/media_block/cw_image/18126edf982/34e1aa2e581f5bfa24d9f/video_1628597952_1bajdf7_1628597940_1628597940_1dlhe3c_att-url-download.webp","image_retina":"https://coub-anubis-a.akamaized.net/coub_storage/media_block/cw_image/18126edf982/34e1aa2e581f5bfa24d9f/video_retina_1628597952_1bajdf7_1628597940_1628597940_1dlhe3c_att-url-download.webp","meta":{"service":"Youtube","duration":"7.32"},"duration":7.32,"raw_video_id":16678716,"has_embed":true}},"raw_video_thumbnail_url":"https://coub-anubis-a.akamaized.net/coub_storage/raw_video/cw_image/ed4e91fa402/eec3fad4c4cebd71df7b1/coub_media_1628597940_1628597940_1dlhe3c_att-url-download.webp","raw_video_title":"Directed by Robert B. Weide MEME THEME","video_block_banned":false,"duration":9.96,"promo_winner":false,"promo_winner_recoubers":null,"editorial_info":{},"promo_hint":null,"beeline_best_2014":null,"from_web_editor":true,"normalize_sound":false,"normalize_change_allowed":false,"best2015_addable":false,"ahmad_promo":null,"promo_data":null,"audio_copyright_claim":null,"ads_disabled":null,"is_safe_for_ads":true,"megafon_contents":[],"position_on_page":4},{"flag":null,"abuses":null,"recoubs_by_users_channels":null,"favourite":false,"promoted_id":null,"recoub":null,"like":null,"dislike":null,"reaction":null,"in_my_best2015":false,"id":173116886,"type":"Coub::Simple","permalink":"2uq0qf","title":"Ses ver adana zirveden selam","visibility_type":"public","original_visibility_type":"public","channel_id":821571,"created_at":"2021-08-01T09:27:54Z","updated_at":"2022-03-03T03:49:47Z","is_done":true,"views_count":8355,"cotd":null,"cotd_at":null,"visible_on_explore_root":false,"visible_on_explore":false,"featured":false,"published":true,"published_at":"2021-08-01T09:27:54Z","reversed":false,"from_editor_v2":true,"is_editable":true,"original_sound":true,"has_sound":true,"recoub_to":null,"file_versions":{"html5":{"video":{"higher":{"url":"https://coub-anubis-a.akamaized.net/coub_storage/coub/simple/cw_file/aa3138f9163/f16d41c5122a78aff2e53/muted_mp4_huge_size_1627810083_muted_huge.mp4","size":1400436},"high":{"url":"https://coub-anubis-a.akamaized.net/coub_storage/coub/simple/cw_file/aa3138f9163/f16d41c5122a78aff2e53/muted_mp4_big_size_1627810083_muted_big.mp4","size":892251},"med":{"url":"https://coub-anubis-a.akamaized.net/coub_storage/coub/simple/cw_file/aa3138f9163/f16d41c5122a78aff2e53/muted_mp4_med_size_1627810083_muted_med.mp4","size":366434}},"audio":{"high":{"url":"https://coub-anubis-a.akamaized.net/coub_storage/coub/simple/cw_looped_audio_high/5b3107d8f88/c3a0274de54c2c35081bc/1627810086_mp3-high.mp3","size":915603},"med":{"url":"https://coub-anubis-a.akamaized.net/coub_storage/coub/simple/cw_looped_audio_med/80b8efe80f3/9c17d14bac4094ce0d815/1627810085_mp3-med.mp3","size":799076},"sample_duration":10.008}},"mobile":{"video":"https://coub-anubis-a.akamaized.net/coub_storage/coub/simple/cw_file/aa3138f9163/f16d41c5122a78aff2e53/muted_mp4_med_size_1627810083_muted_med.mp4","audio":["https://coub-anubis-a.akamaized.net/coub_storage/coub/simple/cw_looped_audio_med/80b8efe80f3/9c17d14bac4094ce0d815/1627810085_mp3-med.mp3"]},"share":{"default":"https://coub-anubis-a.akamaized.net/coub_storage/coub/simple/cw_video_for_sharing/9d59f243ae1/1b6d35199e2281029ac35/1627810143_looped_1627810140.mp4"}},"audio_versions":{},"image_versions":{"template":"https://coub-anubis-a.akamaized.net/coub_storage/coub/simple/cw_image/64344fb9444/a36a3ac61932c3a0f8336/%{version}_1627810098_00032.jpg","versions":["micro","tiny","age_restricted","ios_large","ios_mosaic","big","med","small","pinterest"]},"first_frame_versions":{"template":"https://coub-anubis-a.akamaized.net/coub_storage/coub/simple/cw_timeline_pic/1427fee6a55/f61367670048bd7fd7204/%{version}_1627810097_image.jpg","versions":["big","med","small","ios_large"]},"dimensions":{"big":[1280,720],"med":[640,360]},"site_w_h":[640,360],"page_w_h":[640,360],"site_w_h_small":[310,174],"size":[1280,720],"age_restricted":false,"age_restricted_by_admin":false,"not_safe_for_work":null,"allow_reuse":false,"dont_crop":true,"banned":false,"global_safe":null,"audio_file_url":null,"external_download":{"type":"Youtube","service_name":"YouTube","url":"https://www.youtube.com/watch?v=jPPT7TcFmAk","has_embed":true},"application":null,"channel":{"id":821571,"permalink":"lemoonah","title":"limona","description":null,"followers_count":143,"following_count":702,"avatar_versions":{"template":"https://coub-anubis-a.akamaized.net/coub_storage/channel/cw_avatar/4dc9b77bf83/6d29ff99641ad7d4557d7/%{version}_1515406031_av-4788.jpg","versions":["medium","medium_2x","profile_pic","profile_pic_new","profile_pic_new_2x","tiny","tiny_2x","small","small_2x","ios_large","ios_small"]}},"file":null,"picture":"https://coub-anubis-a.akamaized.net/coub_storage/coub/simple/cw_image/64344fb9444/a36a3ac61932c3a0f8336/med_1627810098_00032.jpg","timeline_picture":"https://coub-anubis-a.akamaized.net/coub_storage/coub/simple/cw_timeline_pic/1427fee6a55/f61367670048bd7fd7204/ios_large_1627810097_image.jpg","small_picture":"https://coub-anubis-a.akamaized.net/coub_storage/coub/simple/cw_image/64344fb9444/a36a3ac61932c3a0f8336/ios_mosaic_1627810098_00032.jpg","sharing_picture":null,"percent_done":100,"tags":[],"categories":[{"id":116,"title":"Memes","permalink":"memes","subscriptions_count":1914550,"big_image_url":"https://coub-anubis-a.akamaized.net/coub_storage/category/cw_image/c9ec52f6b8e/901439d39eb2de551860f/big_1623846896_memes.png","small_image_url":"https://coub-anubis-a.akamaized.net/coub_storage/category/cw_image/c9ec52f6b8e/901439d39eb2de551860f/small_1623846896_memes.png","med_image_url":"https://coub-anubis-a.akamaized.net/coub_storage/category/cw_image/c9ec52f6b8e/901439d39eb2de551860f/med_1623846896_memes.png","visible":true}],"communities":[{"id":116,"title":"Memes","permalink":"memes","subscriptions_count":1914550,"big_image_url":"https://coub-anubis-a.akamaized.net/coub_storage/category/cw_image/c9ec52f6b8e/901439d39eb2de551860f/big_1623846896_memes.png","small_image_url":"https://coub-anubis-a.akamaized.net/coub_storage/category/cw_image/c9ec52f6b8e/901439d39eb2de551860f/small_1623846896_memes.png","med_image_url":"https://coub-anubis-a.akamaized.net/coub_storage/category/cw_image/c9ec52f6b8e/901439d39eb2de551860f/med_1623846896_memes.png","i_subscribed":true,"community_notifications_enabled":null,"description":null}],"recoubs_count":7,"remixes_count":0,"likes_count":76,"dislikes_count":0,"raw_video_id":16605842,"uploaded_by_ios_app":false,"uploaded_by_android_app":false,"media_blocks":{"uploaded_raw_videos":[],"external_raw_videos":[{"id":39270465,"title":"Drunk Alien Song | Patlamaya Devam (official video)","url":"https://www.youtube.com/watch?v=jPPT7TcFmAk","image":"https://coub-anubis-a.akamaized.net/coub_storage/media_block/cw_image/2e814f28277/088fbbbbcf1df34932e93/video_1626190493_ria0fg_1626190472_1626190471_d7udin_att-url-download.jpg_sqp_-oaymwEcCNACELwBSFXyq4qpAw4IARUAAIhCGAFwAcABBg___rs_AOn4CLAO0P1q9mwi44A75dm4llFVZJgf8Q","image_retina":"https://coub-anubis-a.akamaized.net/coub_storage/media_block/cw_image/2e814f28277/088fbbbbcf1df34932e93/video_retina_1626190493_ria0fg_1626190472_1626190471_d7udin_att-url-download.jpg_sqp_-oaymwEcCNACELwBSFXyq4qpAw4IARUAAIhCGAFwAcABBg___rs_AOn4CLAO0P1q9mwi44A75dm4llFVZJgf8Q","meta":{"service":"Youtube","duration":"104.4"},"duration":104.4,"raw_video_id":16605842,"has_embed":true}],"remixed_from_coubs":[],"external_video":{"id":39270465,"title":"Drunk Alien Song | Patlamaya Devam (official video)","url":"https://www.youtube.com/watch?v=jPPT7TcFmAk","image":"https://coub-anubis-a.akamaized.net/coub_storage/media_block/cw_image/2e814f28277/088fbbbbcf1df34932e93/video_1626190493_ria0fg_1626190472_1626190471_d7udin_att-url-download.jpg_sqp_-oaymwEcCNACELwBSFXyq4qpAw4IARUAAIhCGAFwAcABBg___rs_AOn4CLAO0P1q9mwi44A75dm4llFVZJgf8Q","image_retina":"https://coub-anubis-a.akamaized.net/coub_storage/media_block/cw_image/2e814f28277/088fbbbbcf1df34932e93/video_retina_1626190493_ria0fg_1626190472_1626190471_d7udin_att-url-download.jpg_sqp_-oaymwEcCNACELwBSFXyq4qpAw4IARUAAIhCGAFwAcABBg___rs_AOn4CLAO0P1q9mwi44A75dm4llFVZJgf8Q","meta":{"service":"Youtube","duration":"104.4"},"duration":104.4,"raw_video_id":16605842,"has_embed":true}},"raw_video_thumbnail_url":"https://coub-anubis-a.akamaized.net/coub_storage/raw_video/cw_image/73350fe1b31/a19a91889e96dc4c020da/coub_media_1626190472_1626190471_d7udin_att-url-download.jpg_sqp_-oaymwEcCNACELwBSFXyq4qpAw4IARUAAIhCGAFwAcABBg___rs_AOn4CLAO0P1q9mwi44A75dm4llFVZJgf8Q","raw_video_title":"Drunk Alien Song | Patlamaya Devam (official video)","video_block_banned":false,"duration":10.0,"promo_winner":false,"promo_winner_recoubers":null,"editorial_info":{},"promo_hint":null,"beeline_best_2014":null,"from_web_editor":true,"normalize_sound":true,"normalize_change_allowed":true,"best2015_addable":false,"ahmad_promo":null,"promo_data":null,"audio_copyright_claim":null,"ads_disabled":null,"is_safe_for_ads":true,"megafon_contents":[],"position_on_page":5},{"flag":null,"abuses":null,"recoubs_by_users_channels":null,"favourite":false,"promoted_id":null,"recoub":null,"like":null,"dislike":null,"reaction":null,"in_my_best2015":false,"id":173008809,"type":"Coub::Simple","permalink":"2unpc8","title":"Interstellar","visibility_type":"public","original_visibility_type":"public","channel_id":4228413,"created_at":"2021-07-30T10:36:23Z","updated_at":"2021-09-06T18:40:41Z","is_done":true,"views_count":8457,"cotd":null,"cotd_at":null,"visible_on_explore_root":false,"visible_on_explore":false,"featured":false,"published":true,"published_at":"2021-07-30T10:36:23Z","reversed":false,"from_editor_v2":true,"is_editable":true,"original_sound":false,"has_sound":false,"recoub_to":null,"file_versions":{"html5":{"video":{"higher":{"url":"https://coub-anubis-a.akamaized.net/coub_storage/coub/simple/cw_file/fef6a872767/2c353dafd09cb0428de98/muted_mp4_huge_size_1627641392_muted_huge.mp4","size":3519108},"high":{"url":"https://coub-anubis-a.akamaized.net/coub_storage/coub/simple/cw_file/fef6a872767/2c353dafd09cb0428de98/muted_mp4_big_size_1627641392_muted_big.mp4","size":2328157},"med":{"url":"https://coub-anubis-a.akamaized.net/coub_storage/coub/simple/cw_file/fef6a872767/2c353dafd09cb0428de98/muted_mp4_med_size_1627641392_muted_med.mp4","size":791341}},"audio":{"high":{"url":"https://coub-anubis-a.akamaized.net/coub_storage/coub/simple/cw_looped_audio_high/f8ca8511a52/d1a2f0ed463e4d6d4b025/1627641396_mp3-high.mp3","size":1282450},"med":{"url":"https://coub-anubis-a.akamaized.net/coub_storage/coub/simple/cw_looped_audio_med/ea59cda9851/0f4f03b519099d42f8bfd/1627641396_mp3-med.mp3","size":954096}}},"mobile":{"video":"https://coub-anubis-a.akamaized.net/coub_storage/coub/simple/cw_file/fef6a872767/2c353dafd09cb0428de98/muted_mp4_med_size_1627641392_muted_med.mp4","audio":["https://coub-anubis-a.akamaized.net/coub_storage/coub/simple/cw_looped_audio_med/ea59cda9851/0f4f03b519099d42f8bfd/1627641396_mp3-med.mp3"]},"share":{"default":"https://coub-anubis-a.akamaized.net/coub_storage/coub/simple/cw_video_for_sharing/da74c39f326/132a9aa139aab2e11fd01/1627641437_looped_1627641436.mp4"}},"audio_versions":{"template":"https://coub-anubis-a.akamaized.net/coub_storage/audio_track/cw_normalized_copy/df2dbc88603/c2efda9a983df82ce806c/mid_1627641394_normalized_1627641392_14v1840_edited.mp3","versions":["mid","low"]},"image_versions":{"template":"https://coub-anubis-a.akamaized.net/coub_storage/coub/simple/cw_image/31dbb960b10/6597c1faaa410aa32f926/%{version}_1627641403_00032.jpg","versions":["micro","tiny","age_restricted","ios_large","ios_mosaic","big","med","small","pinterest"]},"first_frame_versions":{"template":"https://coub-anubis-a.akamaized.net/coub_storage/coub/simple/cw_timeline_pic/3c99bddbff2/62b21e9de9255e96b896e/%{version}_1627641402_image.jpg","versions":["big","med","small","ios_large"]},"dimensions":{"big":[1280,720],"med":[640,360]},"site_w_h":[640,360],"page_w_h":[640,360],"site_w_h_small":[310,174],"size":[1280,720],"age_restricted":false,"age_restricted_by_admin":false,"not_safe_for_work":false,"allow_reuse":false,"dont_crop":true,"banned":false,"global_safe":null,"audio_file_url":"https://coub-anubis-a.akamaized.net/coub_storage/audio_track/cw_normalized_copy/df2dbc88603/c2efda9a983df82ce806c/low_1627641394_normalized_1627641392_14v1840_edited.mp3","external_download":{"type":"Youtube","service_name":"YouTube","url":"https://youtu.be/QVzr_DJUoOs","has_embed":true},"application":null,"channel":{"id":4228413,"permalink":"hit-the-vibes","title":"Hit the vibes","description":"Posting random contents ~ follow for fun.","followers_count":82,"following_count":2,"avatar_versions":{"template":"https://coub-anubis-a.akamaized.net/coub_storage/channel/cw_avatar/cbdd2010be6/32597d86ed68fb3a3cbc7/%{version}_1607775075_4x8wai_1528703602_filename.jpeg","versions":["medium","medium_2x","profile_pic","profile_pic_new","profile_pic_new_2x","tiny","tiny_2x","small","small_2x","ios_large","ios_small"]}},"file":null,"picture":"https://coub-anubis-a.akamaized.net/coub_storage/coub/simple/cw_image/31dbb960b10/6597c1faaa410aa32f926/med_1627641403_00032.jpg","timeline_picture":"https://coub-anubis-a.akamaized.net/coub_storage/coub/simple/cw_timeline_pic/3c99bddbff2/62b21e9de9255e96b896e/ios_large_1627641402_image.jpg","small_picture":"https://coub-anubis-a.akamaized.net/coub_storage/coub/simple/cw_image/31dbb960b10/6597c1faaa410aa32f926/ios_mosaic_1627641403_00032.jpg","sharing_picture":null,"percent_done":100,"tags":[{"id":14041,"title":"jellyfish","value":"jellyfish"},{"id":13949,"title":"viral","value":"viral"},{"id":123599,"title":"interstellar","value":"interstellar"},{"id":2234,"title":"meme","value":"meme"}],"categories":[{"id":116,"title":"Memes","permalink":"memes","subscriptions_count":1914550,"big_image_url":"https://coub-anubis-a.akamaized.net/coub_storage/category/cw_image/c9ec52f6b8e/901439d39eb2de551860f/big_1623846896_memes.png","small_image_url":"https://coub-anubis-a.akamaized.net/coub_storage/category/cw_image/c9ec52f6b8e/901439d39eb2de551860f/small_1623846896_memes.png","med_image_url":"https://coub-anubis-a.akamaized.net/coub_storage/category/cw_image/c9ec52f6b8e/901439d39eb2de551860f/med_1623846896_memes.png","visible":true}],"communities":[{"id":116,"title":"Memes","permalink":"memes","subscriptions_count":1914550,"big_image_url":"https://coub-anubis-a.akamaized.net/coub_storage/category/cw_image/c9ec52f6b8e/901439d39eb2de551860f/big_1623846896_memes.png","small_image_url":"https://coub-anubis-a.akamaized.net/coub_storage/category/cw_image/c9ec52f6b8e/901439d39eb2de551860f/small_1623846896_memes.png","med_image_url":"https://coub-anubis-a.akamaized.net/coub_storage/category/cw_image/c9ec52f6b8e/901439d39eb2de551860f/med_1623846896_memes.png","i_subscribed":true,"community_notifications_enabled":null,"description":null}],"recoubs_count":12,"remixes_count":0,"likes_count":76,"dislikes_count":0,"raw_video_id":16648970,"uploaded_by_ios_app":true,"uploaded_by_android_app":false,"media_blocks":{"uploaded_raw_videos":[],"external_raw_videos":[{"id":39377319,"title":"My name is Giovanni Giorgio","url":"https://www.youtube.com/watch?v=QVzr_DJUoOs","image":"https://coub-anubis-a.akamaized.net/coub_storage/media_block/cw_image/1a5b4fae187/c6ec71c409dc768c87fd9/video_1627641277_6wg4dg_1627641268_1627641267_xdthuj_att-url-download.webp","image_retina":"https://coub-anubis-a.akamaized.net/coub_storage/media_block/cw_image/1a5b4fae187/c6ec71c409dc768c87fd9/video_retina_1627641277_6wg4dg_1627641268_1627641267_xdthuj_att-url-download.webp","meta":{"service":"Youtube","duration":"12.56"},"duration":12.56,"raw_video_id":16648970,"has_embed":true}],"remixed_from_coubs":[],"external_video":{"id":39377319,"title":"My name is Giovanni Giorgio","url":"https://www.youtube.com/watch?v=QVzr_DJUoOs","image":"https://coub-anubis-a.akamaized.net/coub_storage/media_block/cw_image/1a5b4fae187/c6ec71c409dc768c87fd9/video_1627641277_6wg4dg_1627641268_1627641267_xdthuj_att-url-download.webp","image_retina":"https://coub-anubis-a.akamaized.net/coub_storage/media_block/cw_image/1a5b4fae187/c6ec71c409dc768c87fd9/video_retina_1627641277_6wg4dg_1627641268_1627641267_xdthuj_att-url-download.webp","meta":{"service":"Youtube","duration":"12.56"},"duration":12.56,"raw_video_id":16648970,"has_embed":true}},"raw_video_thumbnail_url":"https://coub-anubis-a.akamaized.net/coub_storage/raw_video/cw_image/e4da4b49255/09b147fb888e99358b7a9/coub_media_1627641268_1627641267_xdthuj_att-url-download.webp","raw_video_title":"My name is Giovanni Giorgio","video_block_banned":false,"duration":10.04,"promo_winner":false,"promo_winner_recoubers":null,"editorial_info":{},"promo_hint":null,"beeline_best_2014":null,"from_web_editor":false,"normalize_sound":true,"normalize_change_allowed":true,"best2015_addable":false,"ahmad_promo":null,"promo_data":null,"audio_copyright_claim":null,"ads_disabled":false,"is_safe_for_ads":true,"megafon_contents":[],"position_on_page":6},{"flag":null,"abuses":null,"recoubs_by_users_channels":null,"favourite":false,"promoted_id":null,"recoub":null,"like":null,"dislike":null,"reaction":null,"in_my_best2015":false,"id":172331557,"type":"Coub::Simple","permalink":"2u96rm","title":"Threatening a friend with Mentos and Coke in car tiktok","visibility_type":"public","original_visibility_type":"public","channel_id":6903463,"created_at":"2021-07-17T18:38:38Z","updated_at":"2022-02-16T01:16:52Z","is_done":true,"views_count":58862,"cotd":null,"cotd_at":null,"visible_on_explore_root":false,"visible_on_explore":false,"featured":false,"published":true,"published_at":"2021-07-17T18:38:38Z","reversed":false,"from_editor_v2":true,"is_editable":true,"original_sound":true,"has_sound":true,"recoub_to":null,"file_versions":{"html5":{"video":{"higher":{"url":"https://coub-anubis-a.akamaized.net/coub_storage/coub/simple/cw_file/ac69ed9c7fc/d1e559f14044cae338e9f/muted_mp4_huge_size_1626547121_muted_huge.mp4","size":1990351},"high":{"url":"https://coub-anubis-a.akamaized.net/coub_storage/coub/simple/cw_file/ac69ed9c7fc/d1e559f14044cae338e9f/muted_mp4_big_size_1626547121_muted_big.mp4","size":1205147},"med":{"url":"https://coub-anubis-a.akamaized.net/coub_storage/coub/simple/cw_file/ac69ed9c7fc/d1e559f14044cae338e9f/muted_mp4_med_size_1626547121_muted_med.mp4","size":442783}},"audio":{"high":{"url":"https://coub-anubis-a.akamaized.net/coub_storage/coub/simple/cw_looped_audio_high/35f7e9c9723/53184ebbf3b3dfb622911/1626547123_mp3-high.mp3","size":1063182},"med":{"url":"https://coub-anubis-a.akamaized.net/coub_storage/coub/simple/cw_looped_audio_med/710c64fda85/ab3c0a41a954e2dadbe22/1626547122_mp3-med.mp3","size":799076},"sample_duration":10.008}},"mobile":{"video":"https://coub-anubis-a.akamaized.net/coub_storage/coub/simple/cw_file/ac69ed9c7fc/d1e559f14044cae338e9f/muted_mp4_med_size_1626547121_muted_med.mp4","audio":["https://coub-anubis-a.akamaized.net/coub_storage/coub/simple/cw_looped_audio_med/710c64fda85/ab3c0a41a954e2dadbe22/1626547122_mp3-med.mp3"]},"share":{"default":"https://coub-anubis-a.akamaized.net/coub_storage/coub/simple/cw_video_for_sharing/721cdf159ae/a24f38ef6a97361abce65/1626547142_looped_1626547142.mp4"}},"audio_versions":{},"image_versions":{"template":"https://coub-anubis-a.akamaized.net/coub_storage/coub/simple/cw_image/c67da2a6f94/d1c1ebd6257a2b800c391/%{version}_1626547126_00032.jpg","versions":["micro","tiny","age_restricted","ios_large","ios_mosaic","big","med","small","pinterest"]},"first_frame_versions":{"template":"https://coub-anubis-a.akamaized.net/coub_storage/coub/simple/cw_timeline_pic/aa33265c97a/3e7efbef8487dbbea588e/%{version}_1626547126_image.jpg","versions":["big","med","small","ios_large"]},"dimensions":{"big":[540,960],"med":[270,480]},"site_w_h":[225,400],"page_w_h":[400,711],"site_w_h_small":[310,551],"size":[540,960],"age_restricted":false,"age_restricted_by_admin":false,"not_safe_for_work":null,"allow_reuse":false,"dont_crop":true,"banned":false,"global_safe":null,"audio_file_url":null,"external_download":{"type":"Youtube","service_name":"YouTube","url":"https://youtube.com/watch?v=VtAEnvzkuVE&feature=share","has_embed":true},"application":null,"channel":{"id":6903463,"permalink":"odacsapok","title":"Odacsapok","description":null,"followers_count":15,"following_count":18,"avatar_versions":{"template":"https://coub-anubis-a.akamaized.net/coub_storage/channel/cw_avatar/abfdaf8df41/eacf5e3d6fd467f018fb5/%{version}_1609679282_33vict_1562691636_1fi2dzv_1227498097280378.jpg","versions":["medium","medium_2x","profile_pic","profile_pic_new","profile_pic_new_2x","tiny","tiny_2x","small","small_2x","ios_large","ios_small"]}},"file":null,"picture":"https://coub-anubis-a.akamaized.net/coub_storage/coub/simple/cw_image/c67da2a6f94/d1c1ebd6257a2b800c391/med_1626547126_00032.jpg","timeline_picture":"https://coub-anubis-a.akamaized.net/coub_storage/coub/simple/cw_timeline_pic/aa33265c97a/3e7efbef8487dbbea588e/ios_large_1626547126_image.jpg","small_picture":"https://coub-anubis-a.akamaized.net/coub_storage/coub/simple/cw_image/c67da2a6f94/d1c1ebd6257a2b800c391/ios_mosaic_1626547126_00032.jpg","sharing_picture":null,"percent_done":100,"tags":[{"id":12148,"title":"shorts","value":"shorts"},{"id":6005061,"title":"youtube shorts","value":"youtube%20shorts"},{"id":1598861,"title":"tiktok","value":"tiktok"},{"id":2235,"title":"memes","value":"memes"},{"id":174,"title":"funny","value":"funny"},{"id":10443,"title":"hilarious","value":"hilarious"},{"id":1485,"title":"comedy","value":"comedy"},{"id":5570,"title":"short","value":"short"},{"id":25536,"title":"banned","value":"banned"},{"id":361185,"title":"2020","value":"2020"},{"id":265261,"title":"2021","value":"2021"},{"id":14429,"title":"reddit","value":"reddit"}],"categories":[{"id":116,"title":"Memes","permalink":"memes","subscriptions_count":1914550,"big_image_url":"https://coub-anubis-a.akamaized.net/coub_storage/category/cw_image/c9ec52f6b8e/901439d39eb2de551860f/big_1623846896_memes.png","small_image_url":"https://coub-anubis-a.akamaized.net/coub_storage/category/cw_image/c9ec52f6b8e/901439d39eb2de551860f/small_1623846896_memes.png","med_image_url":"https://coub-anubis-a.akamaized.net/coub_storage/category/cw_image/c9ec52f6b8e/901439d39eb2de551860f/med_1623846896_memes.png","visible":true}],"communities":[{"id":116,"title":"Memes","permalink":"memes","subscriptions_count":1914550,"big_image_url":"https://coub-anubis-a.akamaized.net/coub_storage/category/cw_image/c9ec52f6b8e/901439d39eb2de551860f/big_1623846896_memes.png","small_image_url":"https://coub-anubis-a.akamaized.net/coub_storage/category/cw_image/c9ec52f6b8e/901439d39eb2de551860f/small_1623846896_memes.png","med_image_url":"https://coub-anubis-a.akamaized.net/coub_storage/category/cw_image/c9ec52f6b8e/901439d39eb2de551860f/med_1623846896_memes.png","i_subscribed":true,"community_notifications_enabled":null,"description":null}],"recoubs_count":19,"remixes_count":0,"likes_count":76,"dislikes_count":0,"raw_video_id":16616555,"uploaded_by_ios_app":false,"uploaded_by_android_app":false,"media_blocks":{"uploaded_raw_videos":[],"external_raw_videos":[{"id":39297373,"title":"Threatening a friend with Mentos and Coke in car tiktok","url":"https://www.youtube.com/watch?v=VtAEnvzkuVE","image":"https://coub-anubis-a.akamaized.net/coub_storage/media_block/cw_image/0ad6e03b04e/f9badb5304da68f81a3b5/video_1626546222_9rpcpe_1626546214_1626546213_s9m663_att-url-download.jpg_sqp_-oaymwEcCNACELwBSFXyq4qpAw4IARUAAIhCGAFwAcABBg___rs_AOn4CLBdd2r77g2l9cy4_QdsNmIO4ITDag","image_retina":"https://coub-anubis-a.akamaized.net/coub_storage/media_block/cw_image/0ad6e03b04e/f9badb5304da68f81a3b5/video_retina_1626546222_9rpcpe_1626546214_1626546213_s9m663_att-url-download.jpg_sqp_-oaymwEcCNACELwBSFXyq4qpAw4IARUAAIhCGAFwAcABBg___rs_AOn4CLBdd2r77g2l9cy4_QdsNmIO4ITDag","meta":{"service":"Youtube","duration":"18.88"},"duration":18.88,"raw_video_id":16616555,"has_embed":true}],"remixed_from_coubs":[],"external_video":{"id":39297373,"title":"Threatening a friend with Mentos and Coke in car tiktok","url":"https://www.youtube.com/watch?v=VtAEnvzkuVE","image":"https://coub-anubis-a.akamaized.net/coub_storage/media_block/cw_image/0ad6e03b04e/f9badb5304da68f81a3b5/video_1626546222_9rpcpe_1626546214_1626546213_s9m663_att-url-download.jpg_sqp_-oaymwEcCNACELwBSFXyq4qpAw4IARUAAIhCGAFwAcABBg___rs_AOn4CLBdd2r77g2l9cy4_QdsNmIO4ITDag","image_retina":"https://coub-anubis-a.akamaized.net/coub_storage/media_block/cw_image/0ad6e03b04e/f9badb5304da68f81a3b5/video_retina_1626546222_9rpcpe_1626546214_1626546213_s9m663_att-url-download.jpg_sqp_-oaymwEcCNACELwBSFXyq4qpAw4IARUAAIhCGAFwAcABBg___rs_AOn4CLBdd2r77g2l9cy4_QdsNmIO4ITDag","meta":{"service":"Youtube","duration":"18.88"},"duration":18.88,"raw_video_id":16616555,"has_embed":true}},"raw_video_thumbnail_url":"https://coub-anubis-a.akamaized.net/coub_storage/raw_video/cw_image/db6590cb8e9/001f08116b6cebef2cd44/coub_media_1626546214_1626546213_s9m663_att-url-download.jpg_sqp_-oaymwEcCNACELwBSFXyq4qpAw4IARUAAIhCGAFwAcABBg___rs_AOn4CLBdd2r77g2l9cy4_QdsNmIO4ITDag","raw_video_title":"Threatening a friend with Mentos and Coke in car tiktok","video_block_banned":false,"duration":10.0,"promo_winner":false,"promo_winner_recoubers":null,"editorial_info":{},"promo_hint":null,"beeline_best_2014":null,"from_web_editor":true,"normalize_sound":true,"normalize_change_allowed":true,"best2015_addable":false,"ahmad_promo":null,"promo_data":null,"audio_copyright_claim":null,"ads_disabled":null,"is_safe_for_ads":true,"megafon_contents":[],"position_on_page":7},{"flag":null,"abuses":null,"recoubs_by_users_channels":null,"favourite":false,"promoted_id":null,"recoub":null,"like":null,"dislike":null,"reaction":null,"in_my_best2015":false,"id":172329200,"type":"Coub::Simple","permalink":"2u94y5","title":"ohhh kiddo","visibility_type":"public","original_visibility_type":"public","channel_id":4066279,"created_at":"2021-07-17T17:52:56Z","updated_at":"2022-01-01T12:41:13Z","is_done":true,"views_count":13112,"cotd":null,"cotd_at":null,"visible_on_explore_root":false,"visible_on_explore":false,"featured":false,"published":true,"published_at":"2021-07-17T17:52:56Z","reversed":false,"from_editor_v2":true,"is_editable":true,"original_sound":true,"has_sound":true,"recoub_to":null,"file_versions":{"html5":{"video":{"higher":{"url":"https://coub-anubis-a.akamaized.net/coub_storage/coub/simple/cw_file/9f910145ac6/1cc62ca8f65919ca20e76/muted_mp4_huge_size_1626544381_muted_huge.mp4","size":1565544},"high":{"url":"https://coub-anubis-a.akamaized.net/coub_storage/coub/simple/cw_file/9f910145ac6/1cc62ca8f65919ca20e76/muted_mp4_big_size_1626544381_muted_big.mp4","size":1008314},"med":{"url":"https://coub-anubis-a.akamaized.net/coub_storage/coub/simple/cw_file/9f910145ac6/1cc62ca8f65919ca20e76/muted_mp4_med_size_1626544381_muted_med.mp4","size":356974}},"audio":{"high":{"url":"https://coub-anubis-a.akamaized.net/coub_storage/coub/simple/cw_looped_audio_high/b31c62e4823/61f5753ea845848ede022/1626544382_mp3-high.mp3","size":893519},"med":{"url":"https://coub-anubis-a.akamaized.net/coub_storage/coub/simple/cw_looped_audio_med/6006959e7d9/29716c84f6045d363ec8f/1626544382_mp3-med.mp3","size":818153},"sample_duration":6.78}},"mobile":{"video":"https://coub-anubis-a.akamaized.net/coub_storage/coub/simple/cw_file/9f910145ac6/1cc62ca8f65919ca20e76/muted_mp4_med_size_1626544381_muted_med.mp4","audio":["https://coub-anubis-a.akamaized.net/coub_storage/coub/simple/cw_looped_audio_med/6006959e7d9/29716c84f6045d363ec8f/1626544382_mp3-med.mp3"]},"share":{"default":"https://coub-anubis-a.akamaized.net/coub_storage/coub/simple/cw_video_for_sharing/617599c33eb/f37a4e3e268a642756262/1626544414_looped_1626544413.mp4"}},"audio_versions":{},"image_versions":{"template":"https://coub-anubis-a.akamaized.net/coub_storage/coub/simple/cw_image/98861384c8f/0a22dbeb976e5e886404b/%{version}_1626544387_00022.jpg","versions":["micro","tiny","age_restricted","ios_large","ios_mosaic","big","med","small","pinterest"]},"first_frame_versions":{"template":"https://coub-anubis-a.akamaized.net/coub_storage/coub/simple/cw_timeline_pic/f5e1b098738/599a627f40faea6b49e91/%{version}_1626544387_image.jpg","versions":["big","med","small","ios_large"]},"dimensions":{"big":[966,960],"med":[482,480]},"site_w_h":[640,636],"page_w_h":[400,398],"site_w_h_small":[310,308],"size":[966,960],"age_restricted":false,"age_restricted_by_admin":false,"not_safe_for_work":null,"allow_reuse":false,"dont_crop":true,"banned":false,"global_safe":null,"audio_file_url":null,"external_download":false,"application":null,"channel":{"id":4066279,"permalink":"toth-mate-bence","title":"Tóth Máté Bence","description":null,"followers_count":46,"following_count":19,"avatar_versions":{"template":"https://coub-anubis-a.akamaized.net/coub_storage/channel/cw_avatar/8ba0e51ede2/5c9814c670d7b622d97d0/%{version}_1609393536_137rst9_1517324012_1lc6hlg_2079920212034885.jpg","versions":["medium","medium_2x","profile_pic","profile_pic_new","profile_pic_new_2x","tiny","tiny_2x","small","small_2x","ios_large","ios_small"]}},"file":null,"picture":"https://coub-anubis-a.akamaized.net/coub_storage/coub/simple/cw_image/98861384c8f/0a22dbeb976e5e886404b/med_1626544387_00022.jpg","timeline_picture":"https://coub-anubis-a.akamaized.net/coub_storage/coub/simple/cw_timeline_pic/f5e1b098738/599a627f40faea6b49e91/ios_large_1626544387_image.jpg","small_picture":"https://coub-anubis-a.akamaized.net/coub_storage/coub/simple/cw_image/98861384c8f/0a22dbeb976e5e886404b/ios_mosaic_1626544387_00022.jpg","sharing_picture":null,"percent_done":100,"tags":[],"categories":[{"id":116,"title":"Memes","permalink":"memes","subscriptions_count":1914550,"big_image_url":"https://coub-anubis-a.akamaized.net/coub_storage/category/cw_image/c9ec52f6b8e/901439d39eb2de551860f/big_1623846896_memes.png","small_image_url":"https://coub-anubis-a.akamaized.net/coub_storage/category/cw_image/c9ec52f6b8e/901439d39eb2de551860f/small_1623846896_memes.png","med_image_url":"https://coub-anubis-a.akamaized.net/coub_storage/category/cw_image/c9ec52f6b8e/901439d39eb2de551860f/med_1623846896_memes.png","visible":true}],"communities":[{"id":116,"title":"Memes","permalink":"memes","subscriptions_count":1914550,"big_image_url":"https://coub-anubis-a.akamaized.net/coub_storage/category/cw_image/c9ec52f6b8e/901439d39eb2de551860f/big_1623846896_memes.png","small_image_url":"https://coub-anubis-a.akamaized.net/coub_storage/category/cw_image/c9ec52f6b8e/901439d39eb2de551860f/small_1623846896_memes.png","med_image_url":"https://coub-anubis-a.akamaized.net/coub_storage/category/cw_image/c9ec52f6b8e/901439d39eb2de551860f/med_1623846896_memes.png","i_subscribed":true,"community_notifications_enabled":null,"description":null}],"recoubs_count":14,"remixes_count":0,"likes_count":76,"dislikes_count":0,"raw_video_id":16616463,"uploaded_by_ios_app":false,"uploaded_by_android_app":false,"media_blocks":{"uploaded_raw_videos":[],"external_raw_videos":[],"remixed_from_coubs":[]},"raw_video_thumbnail_url":"https://coub-anubis-a.akamaized.net/coub_storage/raw_video/cw_image/f4e6df11776/bf1b91af10d0f0dc86cb1/coub_media_1626544337_image.jpg","raw_video_title":"video0__1_.mov","video_block_banned":false,"duration":6.76,"promo_winner":false,"promo_winner_recoubers":null,"editorial_info":{},"promo_hint":null,"beeline_best_2014":null,"from_web_editor":true,"normalize_sound":true,"normalize_change_allowed":true,"best2015_addable":false,"ahmad_promo":null,"promo_data":null,"audio_copyright_claim":null,"ads_disabled":null,"is_safe_for_ads":true,"megafon_contents":[],"position_on_page":8},{"flag":null,"abuses":null,"recoubs_by_users_channels":null,"favourite":false,"promoted_id":null,"recoub":null,"like":null,"dislike":null,"reaction":null,"in_my_best2015":false,"id":172117574,"type":"Coub::Simple","permalink":"2u4lnm","title":"Spinning hospitalization XD","visibility_type":"public","original_visibility_type":"public","channel_id":4790373,"created_at":"2021-07-13T19:48:37Z","updated_at":"2021-10-09T07:47:41Z","is_done":true,"views_count":8705,"cotd":null,"cotd_at":null,"visible_on_explore_root":false,"visible_on_explore":false,"featured":false,"published":true,"published_at":"2021-07-13T19:48:37Z","reversed":false,"from_editor_v2":true,"is_editable":true,"original_sound":false,"has_sound":false,"recoub_to":null,"file_versions":{"html5":{"video":{"higher":{"url":"https://coub-anubis-a.akamaized.net/coub_storage/coub/simple/cw_file/2ccaddc053c/539364961afd11c305b77/muted_mp4_huge_size_1626208181_muted_huge.mp4","size":2529989},"high":{"url":"https://coub-anubis-a.akamaized.net/coub_storage/coub/simple/cw_file/2ccaddc053c/539364961afd11c305b77/muted_mp4_big_size_1626208181_muted_big.mp4","size":1636864},"med":{"url":"https://coub-anubis-a.akamaized.net/coub_storage/coub/simple/cw_file/2ccaddc053c/539364961afd11c305b77/muted_mp4_med_size_1626208181_muted_med.mp4","size":465709}},"audio":{"high":{"url":"https://coub-anubis-a.akamaized.net/coub_storage/coub/simple/cw_looped_audio_high/2902f307acf/fa066a2cd509b783a7770/1626208208_mp3-high.mp3","size":2843511},"med":{"url":"https://coub-anubis-a.akamaized.net/coub_storage/coub/simple/cw_looped_audio_med/7d68f43c3c1/c06a7ee1a87943a9f41df/1626208206_mp3-med.mp3","size":2087434}}},"mobile":{"video":"https://coub-anubis-a.akamaized.net/coub_storage/coub/simple/cw_file/2ccaddc053c/539364961afd11c305b77/muted_mp4_med_size_1626208181_muted_med.mp4","audio":["https://coub-anubis-a.akamaized.net/coub_storage/coub/simple/cw_looped_audio_med/7d68f43c3c1/c06a7ee1a87943a9f41df/1626208206_mp3-med.mp3"]},"share":{"default":"https://coub-anubis-a.akamaized.net/coub_storage/coub/simple/cw_video_for_sharing/fb0f73c0a8b/92059eb3d70d69b620f45/1626208239_looped_1626208238.mp4"}},"audio_versions":{"template":"https://coub-anubis-a.akamaized.net/coub_storage/audio_track/cw_normalized_copy/62f7dc69506/309d2cca7594da1413a70/mid_1626208196_normalized_1626208184_t48kdk_edited.mp3","versions":["mid","low"]},"image_versions":{"template":"https://coub-anubis-a.akamaized.net/coub_storage/coub/simple/cw_image/fc8d58dda5a/0a7cf75c5345f68d06033/%{version}_1626208212_00024.jpg","versions":["micro","tiny","age_restricted","ios_large","ios_mosaic","big","med","small","pinterest"]},"first_frame_versions":{"template":"https://coub-anubis-a.akamaized.net/coub_storage/coub/simple/cw_timeline_pic/248a9269e13/c40f396cfa1574bd7798b/%{version}_1626208212_image.jpg","versions":["big","med","small","ios_large"]},"dimensions":{"big":[1280,720],"med":[640,360]},"site_w_h":[640,360],"page_w_h":[640,360],"site_w_h_small":[310,174],"size":[1280,720],"age_restricted":false,"age_restricted_by_admin":false,"not_safe_for_work":null,"allow_reuse":false,"dont_crop":true,"banned":false,"global_safe":null,"audio_file_url":"https://coub-anubis-a.akamaized.net/coub_storage/audio_track/cw_normalized_copy/62f7dc69506/309d2cca7594da1413a70/low_1626208196_normalized_1626208184_t48kdk_edited.mp3","external_download":{"type":"Youtube","service_name":"YouTube","url":"https://www.youtube.com/watch?v=Xmu4B5HPJkw&t=3s","has_embed":true},"application":null,"channel":{"id":4790373,"permalink":"gu4rd000","title":"gu4rd","description":null,"followers_count":57,"following_count":11,"avatar_versions":{"template":"https://coub-anubis-a.akamaized.net/coub_storage/channel/cw_avatar/fdc3548de85/62ee7665e2f97e32dfd91/%{version}_1607941893_147tx5i_1537195608_Izuma_urushi.png","versions":["medium","medium_2x","profile_pic","profile_pic_new","profile_pic_new_2x","tiny","tiny_2x","small","small_2x","ios_large","ios_small"]}},"file":null,"picture":"https://coub-anubis-a.akamaized.net/coub_storage/coub/simple/cw_image/fc8d58dda5a/0a7cf75c5345f68d06033/med_1626208212_00024.jpg","timeline_picture":"https://coub-anubis-a.akamaized.net/coub_storage/coub/simple/cw_timeline_pic/248a9269e13/c40f396cfa1574bd7798b/ios_large_1626208212_image.jpg","small_picture":"https://coub-anubis-a.akamaized.net/coub_storage/coub/simple/cw_image/fc8d58dda5a/0a7cf75c5345f68d06033/ios_mosaic_1626208212_00024.jpg","sharing_picture":null,"percent_done":100,"tags":[{"id":3082,"title":"video","value":"video"},{"id":1244447,"title":"meme compilation","value":"meme%20compilation"},{"id":2234,"title":"meme","value":"meme"},{"id":32130,"title":"dead or alive","value":"dead%20or%20alive"},{"id":41399,"title":"you spin me right round","value":"you%20spin%20me%20right%20round"}],"categories":[{"id":116,"title":"Memes","permalink":"memes","subscriptions_count":1914550,"big_image_url":"https://coub-anubis-a.akamaized.net/coub_storage/category/cw_image/c9ec52f6b8e/901439d39eb2de551860f/big_1623846896_memes.png","small_image_url":"https://coub-anubis-a.akamaized.net/coub_storage/category/cw_image/c9ec52f6b8e/901439d39eb2de551860f/small_1623846896_memes.png","med_image_url":"https://coub-anubis-a.akamaized.net/coub_storage/category/cw_image/c9ec52f6b8e/901439d39eb2de551860f/med_1623846896_memes.png","visible":true}],"communities":[{"id":116,"title":"Memes","permalink":"memes","subscriptions_count":1914550,"big_image_url":"https://coub-anubis-a.akamaized.net/coub_storage/category/cw_image/c9ec52f6b8e/901439d39eb2de551860f/big_1623846896_memes.png","small_image_url":"https://coub-anubis-a.akamaized.net/coub_storage/category/cw_image/c9ec52f6b8e/901439d39eb2de551860f/small_1623846896_memes.png","med_image_url":"https://coub-anubis-a.akamaized.net/coub_storage/category/cw_image/c9ec52f6b8e/901439d39eb2de551860f/med_1623846896_memes.png","i_subscribed":true,"community_notifications_enabled":null,"description":null}],"recoubs_count":14,"remixes_count":0,"likes_count":76,"dislikes_count":0,"raw_video_id":16606478,"uploaded_by_ios_app":false,"uploaded_by_android_app":false,"media_blocks":{"uploaded_raw_videos":[],"external_raw_videos":[{"id":39272041,"title":"40 Mind Blowing Moments Caught On Camera !","url":"https://www.youtube.com/watch?v=Xmu4B5HPJkw","image":"https://coub-anubis-a.akamaized.net/coub_storage/media_block/cw_image/73cb0102e27/748fc6547720edcd42d1e/video_1626205302_12g9x91_1626205169_12y0eb2_att-url-download.jpg","image_retina":"https://coub-anubis-a.akamaized.net/coub_storage/media_block/cw_image/73cb0102e27/748fc6547720edcd42d1e/video_retina_1626205302_12g9x91_1626205169_12y0eb2_att-url-download.jpg","meta":{"service":"Youtube","duration":"519.0"},"duration":519.0,"raw_video_id":16606478,"has_embed":true}],"remixed_from_coubs":[],"external_video":{"id":39272041,"title":"40 Mind Blowing Moments Caught On Camera !","url":"https://www.youtube.com/watch?v=Xmu4B5HPJkw","image":"https://coub-anubis-a.akamaized.net/coub_storage/media_block/cw_image/73cb0102e27/748fc6547720edcd42d1e/video_1626205302_12g9x91_1626205169_12y0eb2_att-url-download.jpg","image_retina":"https://coub-anubis-a.akamaized.net/coub_storage/media_block/cw_image/73cb0102e27/748fc6547720edcd42d1e/video_retina_1626205302_12g9x91_1626205169_12y0eb2_att-url-download.jpg","meta":{"service":"Youtube","duration":"519.0"},"duration":519.0,"raw_video_id":16606478,"has_embed":true}},"raw_video_thumbnail_url":"https://coub-anubis-a.akamaized.net/coub_storage/raw_video/cw_image/6e62b7ad865/eab6d2127a5cd7d606f02/coub_media_1626205175_1626205169_12y0eb2_att-url-download.jpg","raw_video_title":"40 Mind Blowing Moments Caught On Camera !","video_block_banned":false,"duration":7.4,"promo_winner":false,"promo_winner_recoubers":null,"editorial_info":{},"promo_hint":null,"beeline_best_2014":null,"from_web_editor":true,"normalize_sound":true,"normalize_change_allowed":true,"best2015_addable":false,"ahmad_promo":null,"promo_data":null,"audio_copyright_claim":null,"ads_disabled":null,"is_safe_for_ads":true,"megafon_contents":[],"position_on_page":9},{"flag":null,"abuses":null,"recoubs_by_users_channels":null,"favourite":false,"promoted_id":null,"recoub":null,"like":null,"dislike":null,"reaction":null,"in_my_best2015":false,"id":171948220,"type":"Coub::Simple","permalink":"2u0yzb","title":"I think I just ran over a roach","visibility_type":"public","original_visibility_type":"public","channel_id":7835412,"created_at":"2021-07-10T17:58:22Z","updated_at":"2022-03-08T18:05:56Z","is_done":true,"views_count":5162,"cotd":null,"cotd_at":null,"visible_on_explore_root":false,"visible_on_explore":false,"featured":false,"published":true,"published_at":"2021-07-10T17:58:22Z","reversed":false,"from_editor_v2":true,"is_editable":true,"original_sound":true,"has_sound":true,"recoub_to":null,"file_versions":{"html5":{"video":{"higher":{"url":"https://coub-anubis-a.akamaized.net/coub_storage/coub/simple/cw_file/61cd8fd9e81/bc176538af1a8daabd51c/muted_mp4_huge_size_1625939911_muted_huge.mp4","size":1590676},"high":{"url":"https://coub-anubis-a.akamaized.net/coub_storage/coub/simple/cw_file/61cd8fd9e81/bc176538af1a8daabd51c/muted_mp4_big_size_1625939911_muted_big.mp4","size":1053226},"med":{"url":"https://coub-anubis-a.akamaized.net/coub_storage/coub/simple/cw_file/61cd8fd9e81/bc176538af1a8daabd51c/muted_mp4_med_size_1625939911_muted_med.mp4","size":347674}},"audio":{"high":{"url":"https://coub-anubis-a.akamaized.net/coub_storage/coub/simple/cw_looped_audio_high/57cff7ca357/308f2ddc91a801ffef84f/1625939913_mp3-high.mp3","size":1077766},"med":{"url":"https://coub-anubis-a.akamaized.net/coub_storage/coub/simple/cw_looped_audio_med/a1132a436eb/ef6b31388059ec5d6e896/1625939912_mp3-med.mp3","size":931579},"sample_duration":9.729}},"mobile":{"video":"https://coub-anubis-a.akamaized.net/coub_storage/coub/simple/cw_file/61cd8fd9e81/bc176538af1a8daabd51c/muted_mp4_med_size_1625939911_muted_med.mp4","audio":["https://coub-anubis-a.akamaized.net/coub_storage/coub/simple/cw_looped_audio_med/a1132a436eb/ef6b31388059ec5d6e896/1625939912_mp3-med.mp3"]},"share":{"default":"https://coub-anubis-a.akamaized.net/coub_storage/coub/simple/cw_video_for_sharing/faf14a69e60/e0245178890c9f9f3f1dc/1625939941_looped_1625939940.mp4"}},"audio_versions":{},"image_versions":{"template":"https://coub-anubis-a.akamaized.net/coub_storage/coub/simple/cw_image/e421680cd23/1fd58dbff9b10fb6fefbd/%{version}_1625939918_00031.jpg","versions":["micro","tiny","age_restricted","ios_large","ios_mosaic","big","med","small","pinterest"]},"first_frame_versions":{"template":"https://coub-anubis-a.akamaized.net/coub_storage/coub/simple/cw_timeline_pic/2968a37e98b/c3b7c6373cb4077cfd726/%{version}_1625939917_image.jpg","versions":["big","med","small","ios_large"]},"dimensions":{"big":[1280,720],"med":[640,360]},"site_w_h":[640,360],"page_w_h":[640,360],"site_w_h_small":[310,174],"size":[1280,720],"age_restricted":false,"age_restricted_by_admin":false,"not_safe_for_work":null,"allow_reuse":false,"dont_crop":true,"banned":false,"global_safe":true,"audio_file_url":null,"external_download":{"type":"Youtube","service_name":"YouTube","url":"https://www.youtube.com/watch?v=Cb5jxtVx8ng&ab_channel=basselsak","has_embed":true},"application":null,"channel":{"id":7835412,"permalink":"77bd527f92cd8e42c1d689bb17ce9183","title":"GGs","description":null,"followers_count":5,"following_count":11,"avatar_versions":{"template":"https://coub-anubis-a.akamaized.net/coub_storage/channel/cw_avatar/5dd355847f7/b7e06eacc0475d5806be0/%{version}_1625939701_Ef0qmECXgAA8-B4.jpg","versions":["medium","medium_2x","profile_pic","profile_pic_new","profile_pic_new_2x","tiny","tiny_2x","small","small_2x","ios_large","ios_small"]}},"file":null,"picture":"https://coub-anubis-a.akamaized.net/coub_storage/coub/simple/cw_image/e421680cd23/1fd58dbff9b10fb6fefbd/med_1625939918_00031.jpg","timeline_picture":"https://coub-anubis-a.akamaized.net/coub_storage/coub/simple/cw_timeline_pic/2968a37e98b/c3b7c6373cb4077cfd726/ios_large_1625939917_image.jpg","small_picture":"https://coub-anubis-a.akamaized.net/coub_storage/coub/simple/cw_image/e421680cd23/1fd58dbff9b10fb6fefbd/ios_mosaic_1625939918_00031.jpg","sharing_picture":null,"percent_done":100,"tags":[{"id":2235,"title":"memes","value":"memes"},{"id":49026,"title":"ironic","value":"ironic"},{"id":10452,"title":"satire","value":"satire"},{"id":10449,"title":"jokes","value":"jokes"},{"id":2460,"title":"edited","value":"edited"},{"id":165,"title":"anime","value":"anime"},{"id":174,"title":"funny","value":"funny"}],"categories":[{"id":116,"title":"Memes","permalink":"memes","subscriptions_count":1914550,"big_image_url":"https://coub-anubis-a.akamaized.net/coub_storage/category/cw_image/c9ec52f6b8e/901439d39eb2de551860f/big_1623846896_memes.png","small_image_url":"https://coub-anubis-a.akamaized.net/coub_storage/category/cw_image/c9ec52f6b8e/901439d39eb2de551860f/small_1623846896_memes.png","med_image_url":"https://coub-anubis-a.akamaized.net/coub_storage/category/cw_image/c9ec52f6b8e/901439d39eb2de551860f/med_1623846896_memes.png","visible":true}],"communities":[{"id":116,"title":"Memes","permalink":"memes","subscriptions_count":1914550,"big_image_url":"https://coub-anubis-a.akamaized.net/coub_storage/category/cw_image/c9ec52f6b8e/901439d39eb2de551860f/big_1623846896_memes.png","small_image_url":"https://coub-anubis-a.akamaized.net/coub_storage/category/cw_image/c9ec52f6b8e/901439d39eb2de551860f/small_1623846896_memes.png","med_image_url":"https://coub-anubis-a.akamaized.net/coub_storage/category/cw_image/c9ec52f6b8e/901439d39eb2de551860f/med_1623846896_memes.png","i_subscribed":true,"community_notifications_enabled":null,"description":null}],"recoubs_count":4,"remixes_count":0,"likes_count":76,"dislikes_count":0,"raw_video_id":16597294,"uploaded_by_ios_app":false,"uploaded_by_android_app":false,"media_blocks":{"uploaded_raw_videos":[],"external_raw_videos":[{"id":39249331,"title":"I think I just ran over a roach","url":"https://www.youtube.com/watch?v=Cb5jxtVx8ng","image":"https://coub-anubis-a.akamaized.net/coub_storage/media_block/cw_image/d76ad8ef763/f5f910ecb2f7a3764e0c0/video_1625928897_xtjlfr_1625928888_1625928887_aksnp0_att-url-download.webp","image_retina":"https://coub-anubis-a.akamaized.net/coub_storage/media_block/cw_image/d76ad8ef763/f5f910ecb2f7a3764e0c0/video_retina_1625928897_xtjlfr_1625928888_1625928887_aksnp0_att-url-download.webp","meta":{"service":"Youtube","duration":"9.72"},"duration":9.72,"raw_video_id":16597294,"has_embed":true}],"remixed_from_coubs":[],"external_video":{"id":39249331,"title":"I think I just ran over a roach","url":"https://www.youtube.com/watch?v=Cb5jxtVx8ng","image":"https://coub-anubis-a.akamaized.net/coub_storage/media_block/cw_image/d76ad8ef763/f5f910ecb2f7a3764e0c0/video_1625928897_xtjlfr_1625928888_1625928887_aksnp0_att-url-download.webp","image_retina":"https://coub-anubis-a.akamaized.net/coub_storage/media_block/cw_image/d76ad8ef763/f5f910ecb2f7a3764e0c0/video_retina_1625928897_xtjlfr_1625928888_1625928887_aksnp0_att-url-download.webp","meta":{"service":"Youtube","duration":"9.72"},"duration":9.72,"raw_video_id":16597294,"has_embed":true}},"raw_video_thumbnail_url":"https://coub-anubis-a.akamaized.net/coub_storage/raw_video/cw_image/ed38717f973/c4c8bd91484e63aaf2c5e/coub_media_1625928888_1625928887_aksnp0_att-url-download.webp","raw_video_title":"I think I just ran over a roach","video_block_banned":false,"duration":9.72,"promo_winner":false,"promo_winner_recoubers":null,"editorial_info":{},"promo_hint":null,"beeline_best_2014":null,"from_web_editor":true,"normalize_sound":true,"normalize_change_allowed":true,"best2015_addable":false,"ahmad_promo":null,"promo_data":null,"audio_copyright_claim":null,"ads_disabled":null,"is_safe_for_ads":true,"megafon_contents":[],"position_on_page":10}]}