{"page":464,"per_page":10,"total_pages":500,"coubs":[{"flag":null,"abuses":null,"recoubs_by_users_channels":null,"favourite":false,"promoted_id":null,"recoub":null,"like":null,"dislike":null,"reaction":null,"in_my_best2015":false,"id":180612076,"type":"Coub::Simple","permalink":"2z6o3h","title":"когда после короны первый раз чувствуешь запах","visibility_type":"public","original_visibility_type":"public","channel_id":2864898,"created_at":"2021-12-26T15:49:59Z","updated_at":"2022-02-05T22:10:19Z","is_done":true,"views_count":8298,"cotd":null,"cotd_at":null,"visible_on_explore_root":false,"visible_on_explore":false,"featured":false,"published":true,"published_at":"2021-12-26T15:49:59Z","reversed":false,"from_editor_v2":true,"is_editable":true,"original_sound":true,"has_sound":true,"recoub_to":null,"file_versions":{"html5":{"video":{"higher":{"url":"https://coub-anubis-a.akamaized.net/coub_storage/coub/simple/cw_file/6c35517832e/a845cdaab5d2397117d71/muted_mp4_huge_size_1640555317_muted_huge.mp4","size":854664},"high":{"url":"https://coub-anubis-a.akamaized.net/coub_storage/coub/simple/cw_file/6c35517832e/a845cdaab5d2397117d71/muted_mp4_big_size_1640555317_muted_big.mp4","size":616546},"med":{"url":"https://coub-anubis-a.akamaized.net/coub_storage/coub/simple/cw_file/6c35517832e/a845cdaab5d2397117d71/muted_mp4_med_size_1640555317_muted_med.mp4","size":111141}},"audio":{"high":{"url":"https://coub-anubis-a.akamaized.net/coub_storage/coub/simple/cw_looped_audio_high/0e0c60c95a5/5f4c5105a99bf0037060d/1640555319_mp3-high.mp3","size":1044362},"med":{"url":"https://coub-anubis-a.akamaized.net/coub_storage/coub/simple/cw_looped_audio_med/0630bbb82f4/989c3a9551d22445cb306/1640555318_mp3-med.mp3","size":874866},"sample_duration":7.825}},"mobile":{"video":"https://coub-anubis-a.akamaized.net/coub_storage/coub/simple/cw_file/6c35517832e/a845cdaab5d2397117d71/muted_mp4_med_size_1640555317_muted_med.mp4","audio":["https://coub-anubis-a.akamaized.net/coub_storage/coub/simple/cw_looped_audio_med/0630bbb82f4/989c3a9551d22445cb306/1640555318_mp3-med.mp3"]},"share":{"default":"https://coub-anubis-a.akamaized.net/coub_storage/coub/simple/cw_video_for_sharing/17f26ef01a8/8e5e7a3dbf64b02036fb0/1640555337_looped_1640555337.mp4"}},"audio_versions":{},"image_versions":{"template":"https://coub-anubis-a.akamaized.net/coub_storage/coub/simple/cw_image/b3836844fd4/fc66d93f9254fbf05bd5e/%{version}_1640555322_00025.jpg","versions":["micro","tiny","age_restricted","ios_large","ios_mosaic","big","med","small","pinterest"]},"first_frame_versions":{"template":"https://coub-anubis-a.akamaized.net/coub_storage/coub/simple/cw_timeline_pic/dd90eb2e5f3/4c9110029f6eb2b1baf72/%{version}_1640555322_image.jpg","versions":["big","med","small","ios_large"]},"dimensions":{"big":[1280,532],"med":[640,266]},"site_w_h":[640,266],"page_w_h":[640,266],"site_w_h_small":[310,129],"size":[1280,532],"age_restricted":false,"age_restricted_by_admin":false,"not_safe_for_work":null,"allow_reuse":false,"dont_crop":true,"banned":false,"global_safe":null,"audio_file_url":null,"external_download":{"type":"Youtube","service_name":"YouTube","url":"https://www.youtube.com/watch?v=kXh-pjgyDxY&t=204s","has_embed":true},"application":null,"channel":{"id":2864898,"permalink":"raidanzone","title":"raidanzone","description":null,"followers_count":14,"following_count":4,"avatar_versions":{"template":"https://coub-anubis-a.akamaized.net/coub_storage/channel/cw_avatar/8d8c3e2c043/4f0ef5f4f84d459fd8042/%{version}_1626954981_2773233.jpg","versions":["medium","medium_2x","profile_pic","profile_pic_new","profile_pic_new_2x","tiny","tiny_2x","small","small_2x","ios_large","ios_small"]}},"file":null,"picture":"https://coub-anubis-a.akamaized.net/coub_storage/coub/simple/cw_image/b3836844fd4/fc66d93f9254fbf05bd5e/med_1640555322_00025.jpg","timeline_picture":"https://coub-anubis-a.akamaized.net/coub_storage/coub/simple/cw_timeline_pic/dd90eb2e5f3/4c9110029f6eb2b1baf72/ios_large_1640555322_image.jpg","small_picture":"https://coub-anubis-a.akamaized.net/coub_storage/coub/simple/cw_image/b3836844fd4/fc66d93f9254fbf05bd5e/ios_mosaic_1640555322_00025.jpg","sharing_picture":null,"percent_done":100,"tags":[{"id":389350,"title":"корона","value":"%D0%BA%D0%BE%D1%80%D0%BE%D0%BD%D0%B0"},{"id":17215,"title":"отрывок","value":"%D0%BE%D1%82%D1%80%D1%8B%D0%B2%D0%BE%D0%BA"},{"id":41624,"title":"пираты","value":"%D0%BF%D0%B8%D1%80%D0%B0%D1%82%D1%8B"}],"categories":[{"id":116,"title":"Memes","permalink":"memes","subscriptions_count":1914550,"big_image_url":"https://coub-anubis-a.akamaized.net/coub_storage/category/cw_image/c9ec52f6b8e/901439d39eb2de551860f/big_1623846896_memes.png","small_image_url":"https://coub-anubis-a.akamaized.net/coub_storage/category/cw_image/c9ec52f6b8e/901439d39eb2de551860f/small_1623846896_memes.png","med_image_url":"https://coub-anubis-a.akamaized.net/coub_storage/category/cw_image/c9ec52f6b8e/901439d39eb2de551860f/med_1623846896_memes.png","visible":true}],"communities":[{"id":116,"title":"Memes","permalink":"memes","subscriptions_count":1914550,"big_image_url":"https://coub-anubis-a.akamaized.net/coub_storage/category/cw_image/c9ec52f6b8e/901439d39eb2de551860f/big_1623846896_memes.png","small_image_url":"https://coub-anubis-a.akamaized.net/coub_storage/category/cw_image/c9ec52f6b8e/901439d39eb2de551860f/small_1623846896_memes.png","med_image_url":"https://coub-anubis-a.akamaized.net/coub_storage/category/cw_image/c9ec52f6b8e/901439d39eb2de551860f/med_1623846896_memes.png","i_subscribed":true,"community_notifications_enabled":null,"description":null}],"recoubs_count":8,"remixes_count":0,"likes_count":43,"dislikes_count":0,"raw_video_id":17019364,"uploaded_by_ios_app":false,"uploaded_by_android_app":false,"media_blocks":{"uploaded_raw_videos":[],"external_raw_videos":[{"id":40685828,"title":"Смерть капитана Барбоссы.  Пираты Карибского моря: Проклятие Чёрной жемчужины","url":"https://www.youtube.com/watch?v=kXh-pjgyDxY","image":"https://coub-anubis-a.akamaized.net/coub_storage/media_block/cw_image/9da11b243cc/e94ca445807b15b568615/video_1640533516_3fndxk_1640533447_1640533442_1sflfcj_att-url-download.webp","image_retina":"https://coub-anubis-a.akamaized.net/coub_storage/media_block/cw_image/9da11b243cc/e94ca445807b15b568615/video_retina_1640533516_3fndxk_1640533447_1640533442_1sflfcj_att-url-download.webp","meta":{"service":"Youtube","duration":"288.88"},"duration":288.88,"raw_video_id":17019364,"has_embed":true}],"remixed_from_coubs":[],"external_video":{"id":40685828,"title":"Смерть капитана Барбоссы.  Пираты Карибского моря: Проклятие Чёрной жемчужины","url":"https://www.youtube.com/watch?v=kXh-pjgyDxY","image":"https://coub-anubis-a.akamaized.net/coub_storage/media_block/cw_image/9da11b243cc/e94ca445807b15b568615/video_1640533516_3fndxk_1640533447_1640533442_1sflfcj_att-url-download.webp","image_retina":"https://coub-anubis-a.akamaized.net/coub_storage/media_block/cw_image/9da11b243cc/e94ca445807b15b568615/video_retina_1640533516_3fndxk_1640533447_1640533442_1sflfcj_att-url-download.webp","meta":{"service":"Youtube","duration":"288.88"},"duration":288.88,"raw_video_id":17019364,"has_embed":true}},"raw_video_thumbnail_url":"https://coub-anubis-a.akamaized.net/coub_storage/raw_video/cw_image/e4b7ed607ac/f17bf31a898a5a0ec8afe/coub_media_1640533447_1640533442_1sflfcj_att-url-download.webp","raw_video_title":"Смерть капитана Барбоссы.  Пираты Карибского моря: Проклятие Чёрной жемчужины","video_block_banned":false,"duration":7.84,"promo_winner":false,"promo_winner_recoubers":null,"editorial_info":{},"promo_hint":null,"beeline_best_2014":null,"from_web_editor":true,"normalize_sound":true,"normalize_change_allowed":true,"best2015_addable":false,"ahmad_promo":null,"promo_data":null,"audio_copyright_claim":null,"ads_disabled":null,"is_safe_for_ads":true,"megafon_contents":[],"position_on_page":1},{"flag":null,"abuses":null,"recoubs_by_users_channels":null,"favourite":false,"promoted_id":null,"recoub":null,"like":null,"dislike":null,"reaction":null,"in_my_best2015":false,"id":180318954,"type":"Coub::Simple","permalink":"2z0dx5","title":"Вонг и Доктор Стрэндж","visibility_type":"public","original_visibility_type":"public","channel_id":12889226,"created_at":"2021-12-20T07:50:48Z","updated_at":"2022-03-03T09:24:56Z","is_done":true,"views_count":6934,"cotd":null,"cotd_at":null,"visible_on_explore_root":false,"visible_on_explore":false,"featured":false,"published":true,"published_at":"2021-12-20T07:50:48Z","reversed":false,"from_editor_v2":true,"is_editable":true,"original_sound":true,"has_sound":true,"recoub_to":null,"file_versions":{"html5":{"video":{"higher":{"url":"https://coub-anubis-a.akamaized.net/coub_storage/coub/simple/cw_file/75e48932709/800f8e79c4d2eb8fc66d8/muted_mp4_huge_size_1639986656_muted_huge.mp4","size":747491},"high":{"url":"https://coub-anubis-a.akamaized.net/coub_storage/coub/simple/cw_file/75e48932709/800f8e79c4d2eb8fc66d8/muted_mp4_big_size_1639986656_muted_big.mp4","size":497577},"med":{"url":"https://coub-anubis-a.akamaized.net/coub_storage/coub/simple/cw_file/75e48932709/800f8e79c4d2eb8fc66d8/muted_mp4_med_size_1639986656_muted_med.mp4","size":156116}},"audio":{"high":{"url":"https://coub-anubis-a.akamaized.net/coub_storage/coub/simple/cw_looped_audio_high/93e01140413/e167ca14a3cb24fb4a8ce/1639986658_mp3-high.mp3","size":1209689},"med":{"url":"https://coub-anubis-a.akamaized.net/coub_storage/coub/simple/cw_looped_audio_med/94b7662023a/e6fe2432b80ff5c360925/1639986657_mp3-med.mp3","size":920736},"sample_duration":7.221}},"mobile":{"video":"https://coub-anubis-a.akamaized.net/coub_storage/coub/simple/cw_file/75e48932709/800f8e79c4d2eb8fc66d8/muted_mp4_med_size_1639986656_muted_med.mp4","audio":["https://coub-anubis-a.akamaized.net/coub_storage/coub/simple/cw_looped_audio_med/94b7662023a/e6fe2432b80ff5c360925/1639986657_mp3-med.mp3"]},"share":{"default":"https://coub-anubis-a.akamaized.net/coub_storage/coub/simple/cw_video_for_sharing/d980e759202/2b0d1770cec42182eb892/1639986679_looped_1639986679.mp4"}},"audio_versions":{},"image_versions":{"template":"https://coub-anubis-a.akamaized.net/coub_storage/coub/simple/cw_image/98c319141c5/acbdbf330801459ae1257/%{version}_1639986662_00023.jpg","versions":["micro","tiny","age_restricted","ios_large","ios_mosaic","big","med","small","pinterest"]},"first_frame_versions":{"template":"https://coub-anubis-a.akamaized.net/coub_storage/coub/simple/cw_timeline_pic/f06d3ca2aa1/966f2ff7f56bea7307bcb/%{version}_1639986661_image.jpg","versions":["big","med","small","ios_large"]},"dimensions":{"big":[1280,720],"med":[640,360]},"site_w_h":[640,360],"page_w_h":[640,360],"site_w_h_small":[310,174],"size":[1280,720],"age_restricted":false,"age_restricted_by_admin":false,"not_safe_for_work":null,"allow_reuse":false,"dont_crop":true,"banned":false,"global_safe":null,"audio_file_url":null,"external_download":{"type":"Youtube","service_name":"YouTube","url":"https://youtu.be/7YCLuiU6fsk","has_embed":true},"application":null,"channel":{"id":12889226,"permalink":"mem-nyashnyy","title":"Mem Nyashnyy","description":"Подпишись на Мемы\nclck.ru/ZQCio","followers_count":1,"following_count":11,"avatar_versions":{"template":"https://coub-anubis-a.akamaized.net/coub_storage/channel/cw_avatar/ff30ccc7f40/0b4233581eaa77f141989/%{version}_1638343961_cropped.jpeg","versions":["medium","medium_2x","profile_pic","profile_pic_new","profile_pic_new_2x","tiny","tiny_2x","small","small_2x","ios_large","ios_small"]}},"file":null,"picture":"https://coub-anubis-a.akamaized.net/coub_storage/coub/simple/cw_image/98c319141c5/acbdbf330801459ae1257/med_1639986662_00023.jpg","timeline_picture":"https://coub-anubis-a.akamaized.net/coub_storage/coub/simple/cw_timeline_pic/f06d3ca2aa1/966f2ff7f56bea7307bcb/ios_large_1639986661_image.jpg","small_picture":"https://coub-anubis-a.akamaized.net/coub_storage/coub/simple/cw_image/98c319141c5/acbdbf330801459ae1257/ios_mosaic_1639986662_00023.jpg","sharing_picture":null,"percent_done":100,"tags":[{"id":22887,"title":"мемы","value":"%D0%BC%D0%B5%D0%BC%D1%8B"},{"id":6141,"title":"человек паук","value":"%D1%87%D0%B5%D0%BB%D0%BE%D0%B2%D0%B5%D0%BA%20%D0%BF%D0%B0%D1%83%D0%BA"},{"id":6460992,"title":"нет пути домой","value":"%D0%BD%D0%B5%D1%82%20%D0%BF%D1%83%D1%82%D0%B8%20%D0%B4%D0%BE%D0%BC%D0%BE%D0%B9"}],"categories":[{"id":116,"title":"Memes","permalink":"memes","subscriptions_count":1914550,"big_image_url":"https://coub-anubis-a.akamaized.net/coub_storage/category/cw_image/c9ec52f6b8e/901439d39eb2de551860f/big_1623846896_memes.png","small_image_url":"https://coub-anubis-a.akamaized.net/coub_storage/category/cw_image/c9ec52f6b8e/901439d39eb2de551860f/small_1623846896_memes.png","med_image_url":"https://coub-anubis-a.akamaized.net/coub_storage/category/cw_image/c9ec52f6b8e/901439d39eb2de551860f/med_1623846896_memes.png","visible":true}],"communities":[{"id":116,"title":"Memes","permalink":"memes","subscriptions_count":1914550,"big_image_url":"https://coub-anubis-a.akamaized.net/coub_storage/category/cw_image/c9ec52f6b8e/901439d39eb2de551860f/big_1623846896_memes.png","small_image_url":"https://coub-anubis-a.akamaized.net/coub_storage/category/cw_image/c9ec52f6b8e/901439d39eb2de551860f/small_1623846896_memes.png","med_image_url":"https://coub-anubis-a.akamaized.net/coub_storage/category/cw_image/c9ec52f6b8e/901439d39eb2de551860f/med_1623846896_memes.png","i_subscribed":true,"community_notifications_enabled":null,"description":null}],"recoubs_count":11,"remixes_count":0,"likes_count":43,"dislikes_count":0,"raw_video_id":17004975,"uploaded_by_ios_app":false,"uploaded_by_android_app":true,"media_blocks":{"uploaded_raw_videos":[],"external_raw_videos":[{"id":40635545,"title":"Человек-паук 3. Нет пути домой. Мемы. Приколы","url":"https://www.youtube.com/watch?v=7YCLuiU6fsk","image":"https://coub-anubis-a.akamaized.net/coub_storage/media_block/cw_image/1398e8081c3/72c44d10d6855caf75f48/video_1639986502_dw3sjo_1639986478_1639986477_g7meoj_att-url-download.webp","image_retina":"https://coub-anubis-a.akamaized.net/coub_storage/media_block/cw_image/1398e8081c3/72c44d10d6855caf75f48/video_retina_1639986502_dw3sjo_1639986478_1639986477_g7meoj_att-url-download.webp","meta":{"service":"Youtube","duration":"21.12"},"duration":21.12,"raw_video_id":17004975,"has_embed":true}],"remixed_from_coubs":[],"external_video":{"id":40635545,"title":"Человек-паук 3. Нет пути домой. Мемы. Приколы","url":"https://www.youtube.com/watch?v=7YCLuiU6fsk","image":"https://coub-anubis-a.akamaized.net/coub_storage/media_block/cw_image/1398e8081c3/72c44d10d6855caf75f48/video_1639986502_dw3sjo_1639986478_1639986477_g7meoj_att-url-download.webp","image_retina":"https://coub-anubis-a.akamaized.net/coub_storage/media_block/cw_image/1398e8081c3/72c44d10d6855caf75f48/video_retina_1639986502_dw3sjo_1639986478_1639986477_g7meoj_att-url-download.webp","meta":{"service":"Youtube","duration":"21.12"},"duration":21.12,"raw_video_id":17004975,"has_embed":true}},"raw_video_thumbnail_url":"https://coub-anubis-a.akamaized.net/coub_storage/raw_video/cw_image/f59157baf8f/698b32d0febb29b624bca/coub_media_1639986478_1639986477_g7meoj_att-url-download.webp","raw_video_title":"Человек-паук 3. Нет пути домой. Мемы. Приколы","video_block_banned":false,"duration":7.2,"promo_winner":false,"promo_winner_recoubers":null,"editorial_info":{},"promo_hint":null,"beeline_best_2014":null,"from_web_editor":false,"normalize_sound":true,"normalize_change_allowed":true,"best2015_addable":false,"ahmad_promo":null,"promo_data":null,"audio_copyright_claim":null,"ads_disabled":null,"is_safe_for_ads":true,"megafon_contents":[],"position_on_page":2},{"flag":null,"abuses":null,"recoubs_by_users_channels":null,"favourite":false,"promoted_id":null,"recoub":null,"like":null,"dislike":null,"reaction":null,"in_my_best2015":false,"id":179924279,"type":"Coub::Simple","permalink":"2yrxdx","title":"It really is","visibility_type":"public","original_visibility_type":"public","channel_id":12965797,"created_at":"2021-12-11T22:36:29Z","updated_at":"2022-03-15T03:13:27Z","is_done":true,"views_count":4859,"cotd":null,"cotd_at":null,"visible_on_explore_root":false,"visible_on_explore":false,"featured":false,"published":true,"published_at":"2021-12-11T22:36:29Z","reversed":false,"from_editor_v2":true,"is_editable":true,"original_sound":true,"has_sound":true,"recoub_to":null,"file_versions":{"html5":{"video":{"higher":{"url":"https://coub-anubis-a.akamaized.net/coub_storage/coub/simple/cw_file/41310007ad6/db8c3b80191d9cdaf80e8/muted_mp4_huge_size_1639262204_muted_huge.mp4","size":497566},"high":{"url":"https://coub-anubis-a.akamaized.net/coub_storage/coub/simple/cw_file/41310007ad6/db8c3b80191d9cdaf80e8/muted_mp4_big_size_1639262204_muted_big.mp4","size":316514},"med":{"url":"https://coub-anubis-a.akamaized.net/coub_storage/coub/simple/cw_file/41310007ad6/db8c3b80191d9cdaf80e8/muted_mp4_med_size_1639262204_muted_med.mp4","size":118705}},"audio":{"high":{"url":"https://coub-anubis-a.akamaized.net/coub_storage/coub/simple/cw_looped_audio_high/80960d9abef/b9d57df048540ff7f2c0d/1639262206_mp3-high.mp3","size":799350},"med":{"url":"https://coub-anubis-a.akamaized.net/coub_storage/coub/simple/cw_looped_audio_med/a83c100ff8e/a5eeef9d8966faf84ccfc/1639262206_mp3-med.mp3","size":796470},"sample_duration":8.011}},"mobile":{"video":"https://coub-anubis-a.akamaized.net/coub_storage/coub/simple/cw_file/41310007ad6/db8c3b80191d9cdaf80e8/muted_mp4_med_size_1639262204_muted_med.mp4","audio":["https://coub-anubis-a.akamaized.net/coub_storage/coub/simple/cw_looped_audio_med/a83c100ff8e/a5eeef9d8966faf84ccfc/1639262206_mp3-med.mp3"]},"share":{"default":"https://coub-anubis-a.akamaized.net/coub_storage/coub/simple/cw_video_for_sharing/5afde0438b0/20c39460dfee60b7d373c/1639262245_looped_1639262244.mp4"}},"audio_versions":{},"image_versions":{"template":"https://coub-anubis-a.akamaized.net/coub_storage/coub/simple/cw_image/a094f49d8b7/21458b0054c64a4aba2ce/%{version}_1639262213_00026.jpg","versions":["micro","tiny","age_restricted","ios_large","ios_mosaic","big","med","small","pinterest"]},"first_frame_versions":{"template":"https://coub-anubis-a.akamaized.net/coub_storage/coub/simple/cw_timeline_pic/ce2aa7dfefc/fdacd7f1fe148a04b1267/%{version}_1639262212_image.jpg","versions":["big","med","small","ios_large"]},"dimensions":{"big":[538,960],"med":[268,480]},"site_w_h":[224,400],"page_w_h":[400,714],"site_w_h_small":[310,553],"size":[538,960],"age_restricted":false,"age_restricted_by_admin":false,"not_safe_for_work":null,"allow_reuse":false,"dont_crop":true,"banned":false,"global_safe":null,"audio_file_url":null,"external_download":false,"application":null,"channel":{"id":12965797,"permalink":"miss-it95640","title":"Miss_IT","description":null,"followers_count":2,"following_count":11,"avatar_versions":{"template":"https://coubsecureassets-a.akamaihd.net/assets/default-avatars/292-9c834583715346322ac93d029a53a3635a9da24e99f0f009e222209663cf9058.png"}},"file":null,"picture":"https://coub-anubis-a.akamaized.net/coub_storage/coub/simple/cw_image/a094f49d8b7/21458b0054c64a4aba2ce/med_1639262213_00026.jpg","timeline_picture":"https://coub-anubis-a.akamaized.net/coub_storage/coub/simple/cw_timeline_pic/ce2aa7dfefc/fdacd7f1fe148a04b1267/ios_large_1639262212_image.jpg","small_picture":"https://coub-anubis-a.akamaized.net/coub_storage/coub/simple/cw_image/a094f49d8b7/21458b0054c64a4aba2ce/ios_mosaic_1639262213_00026.jpg","sharing_picture":null,"percent_done":100,"tags":[{"id":95728,"title":"phil collins","value":"phil%20collins"},{"id":2234,"title":"meme","value":"meme"},{"id":4653865,"title":"british guy","value":"british%20guy"}],"categories":[{"id":116,"title":"Memes","permalink":"memes","subscriptions_count":1914550,"big_image_url":"https://coub-anubis-a.akamaized.net/coub_storage/category/cw_image/c9ec52f6b8e/901439d39eb2de551860f/big_1623846896_memes.png","small_image_url":"https://coub-anubis-a.akamaized.net/coub_storage/category/cw_image/c9ec52f6b8e/901439d39eb2de551860f/small_1623846896_memes.png","med_image_url":"https://coub-anubis-a.akamaized.net/coub_storage/category/cw_image/c9ec52f6b8e/901439d39eb2de551860f/med_1623846896_memes.png","visible":true}],"communities":[{"id":116,"title":"Memes","permalink":"memes","subscriptions_count":1914550,"big_image_url":"https://coub-anubis-a.akamaized.net/coub_storage/category/cw_image/c9ec52f6b8e/901439d39eb2de551860f/big_1623846896_memes.png","small_image_url":"https://coub-anubis-a.akamaized.net/coub_storage/category/cw_image/c9ec52f6b8e/901439d39eb2de551860f/small_1623846896_memes.png","med_image_url":"https://coub-anubis-a.akamaized.net/coub_storage/category/cw_image/c9ec52f6b8e/901439d39eb2de551860f/med_1623846896_memes.png","i_subscribed":true,"community_notifications_enabled":null,"description":null}],"recoubs_count":7,"remixes_count":0,"likes_count":43,"dislikes_count":0,"raw_video_id":16986227,"uploaded_by_ios_app":true,"uploaded_by_android_app":false,"media_blocks":{"uploaded_raw_videos":[],"external_raw_videos":[],"remixed_from_coubs":[]},"raw_video_thumbnail_url":"https://coub-anubis-a.akamaized.net/coub_storage/raw_video/cw_image/fc5802ba866/32db8ae4c6a0b8a073592/coub_media_1639262186_image.jpg","raw_video_title":"filename.mp4","video_block_banned":false,"duration":8.0,"promo_winner":false,"promo_winner_recoubers":null,"editorial_info":{},"promo_hint":null,"beeline_best_2014":null,"from_web_editor":false,"normalize_sound":true,"normalize_change_allowed":true,"best2015_addable":false,"ahmad_promo":null,"promo_data":null,"audio_copyright_claim":null,"ads_disabled":null,"is_safe_for_ads":true,"megafon_contents":[],"position_on_page":3},{"flag":null,"abuses":null,"recoubs_by_users_channels":null,"favourite":false,"promoted_id":null,"recoub":null,"like":null,"dislike":null,"reaction":null,"in_my_best2015":false,"id":179713975,"type":"Coub::Simple","permalink":"2ynf45","title":"Нехавай","visibility_type":"public","original_visibility_type":"public","channel_id":10136996,"created_at":"2021-12-07T17:54:52Z","updated_at":"2022-02-24T12:24:59Z","is_done":true,"views_count":8029,"cotd":null,"cotd_at":null,"visible_on_explore_root":false,"visible_on_explore":false,"featured":false,"published":true,"published_at":"2021-12-07T17:54:52Z","reversed":false,"from_editor_v2":true,"is_editable":true,"original_sound":true,"has_sound":true,"recoub_to":null,"file_versions":{"html5":{"video":{"higher":{"url":"https://coub-anubis-a.akamaized.net/coub_storage/coub/simple/cw_file/65a6f757393/cc7dab2b844483f1c9d6e/muted_mp4_huge_size_1638899706_muted_huge.mp4","size":869149},"high":{"url":"https://coub-anubis-a.akamaized.net/coub_storage/coub/simple/cw_file/65a6f757393/cc7dab2b844483f1c9d6e/muted_mp4_big_size_1638899706_muted_big.mp4","size":574231},"med":{"url":"https://coub-anubis-a.akamaized.net/coub_storage/coub/simple/cw_file/65a6f757393/cc7dab2b844483f1c9d6e/muted_mp4_med_size_1638899706_muted_med.mp4","size":155096}},"audio":{"high":{"url":"https://coub-anubis-a.akamaized.net/coub_storage/coub/simple/cw_looped_audio_high/4e783f4c131/5af07a45974f6a907d930/1638899707_mp3-high.mp3","size":941540},"med":{"url":"https://coub-anubis-a.akamaized.net/coub_storage/coub/simple/cw_looped_audio_med/a627f810ad1/f9c1c5c0ff9c025486a8f/1638899707_mp3-med.mp3","size":786424},"sample_duration":10.008}},"mobile":{"video":"https://coub-anubis-a.akamaized.net/coub_storage/coub/simple/cw_file/65a6f757393/cc7dab2b844483f1c9d6e/muted_mp4_med_size_1638899706_muted_med.mp4","audio":["https://coub-anubis-a.akamaized.net/coub_storage/coub/simple/cw_looped_audio_med/a627f810ad1/f9c1c5c0ff9c025486a8f/1638899707_mp3-med.mp3"]},"share":{"default":"https://coub-anubis-a.akamaized.net/coub_storage/coub/simple/cw_video_for_sharing/7973aee3341/37d762f260db1c29fb4ac/1638899730_looped_1638899730.mp4"}},"audio_versions":{},"image_versions":{"template":"https://coub-anubis-a.akamaized.net/coub_storage/coub/simple/cw_image/2290beac3db/a99e3467e1515ea281cf0/%{version}_1638899711_00032.jpg","versions":["micro","tiny","age_restricted","ios_large","ios_mosaic","big","med","small","pinterest"]},"first_frame_versions":{"template":"https://coub-anubis-a.akamaized.net/coub_storage/coub/simple/cw_timeline_pic/ab4c27af691/f880a69b045d5c3bdead0/%{version}_1638899711_image.jpg","versions":["big","med","small","ios_large"]},"dimensions":{"big":[1280,720],"med":[640,360]},"site_w_h":[640,360],"page_w_h":[640,360],"site_w_h_small":[310,174],"size":[1280,720],"age_restricted":false,"age_restricted_by_admin":false,"not_safe_for_work":null,"allow_reuse":false,"dont_crop":true,"banned":false,"global_safe":null,"audio_file_url":null,"external_download":{"type":"Youtube","service_name":"YouTube","url":"https://youtu.be/dXlOU49fZHQ","has_embed":true},"application":null,"channel":{"id":10136996,"permalink":"echidna38913","title":"                 🔺   +_+Echidna+_+🔻","description":"(•)>Everything for your entertainment\nДонат","followers_count":106,"following_count":119,"avatar_versions":{"template":"https://coub-anubis-a.akamaized.net/coub_storage/channel/cw_avatar/aae323a6233/ee760286b1886e1724c2b/%{version}_1647162393_cropped.jpeg","versions":["medium","medium_2x","profile_pic","profile_pic_new","profile_pic_new_2x","tiny","tiny_2x","small","small_2x","ios_large","ios_small"]}},"file":null,"picture":"https://coub-anubis-a.akamaized.net/coub_storage/coub/simple/cw_image/2290beac3db/a99e3467e1515ea281cf0/med_1638899711_00032.jpg","timeline_picture":"https://coub-anubis-a.akamaized.net/coub_storage/coub/simple/cw_timeline_pic/ab4c27af691/f880a69b045d5c3bdead0/ios_large_1638899711_image.jpg","small_picture":"https://coub-anubis-a.akamaized.net/coub_storage/coub/simple/cw_image/2290beac3db/a99e3467e1515ea281cf0/ios_mosaic_1638899711_00032.jpg","sharing_picture":null,"percent_done":100,"tags":[{"id":882,"title":"прикол","value":"%D0%BF%D1%80%D0%B8%D0%BA%D0%BE%D0%BB"},{"id":6424211,"title":"атэе","value":"%D0%B0%D1%82%D1%8D%D0%B5"}],"categories":[{"id":116,"title":"Memes","permalink":"memes","subscriptions_count":1914550,"big_image_url":"https://coub-anubis-a.akamaized.net/coub_storage/category/cw_image/c9ec52f6b8e/901439d39eb2de551860f/big_1623846896_memes.png","small_image_url":"https://coub-anubis-a.akamaized.net/coub_storage/category/cw_image/c9ec52f6b8e/901439d39eb2de551860f/small_1623846896_memes.png","med_image_url":"https://coub-anubis-a.akamaized.net/coub_storage/category/cw_image/c9ec52f6b8e/901439d39eb2de551860f/med_1623846896_memes.png","visible":true}],"communities":[{"id":116,"title":"Memes","permalink":"memes","subscriptions_count":1914550,"big_image_url":"https://coub-anubis-a.akamaized.net/coub_storage/category/cw_image/c9ec52f6b8e/901439d39eb2de551860f/big_1623846896_memes.png","small_image_url":"https://coub-anubis-a.akamaized.net/coub_storage/category/cw_image/c9ec52f6b8e/901439d39eb2de551860f/small_1623846896_memes.png","med_image_url":"https://coub-anubis-a.akamaized.net/coub_storage/category/cw_image/c9ec52f6b8e/901439d39eb2de551860f/med_1623846896_memes.png","i_subscribed":true,"community_notifications_enabled":null,"description":null}],"recoubs_count":11,"remixes_count":0,"likes_count":43,"dislikes_count":0,"raw_video_id":16976608,"uploaded_by_ios_app":false,"uploaded_by_android_app":true,"media_blocks":{"uploaded_raw_videos":[],"external_raw_videos":[{"id":40546092,"title":"Куда Уходят Друзья!?!","url":"https://www.youtube.com/watch?v=dXlOU49fZHQ","image":"https://coub-anubis-a.akamaized.net/coub_storage/media_block/cw_image/79b01da7a8b/cd7bfd6ef76bdf19ac426/video_1638899432_1syej2e_1638899397_1638899396_18v4uw3_att-url-download.webp","image_retina":"https://coub-anubis-a.akamaized.net/coub_storage/media_block/cw_image/79b01da7a8b/cd7bfd6ef76bdf19ac426/video_retina_1638899432_1syej2e_1638899397_1638899396_18v4uw3_att-url-download.webp","meta":{"service":"Youtube","duration":"42.6"},"duration":42.6,"raw_video_id":16976608,"has_embed":true}],"remixed_from_coubs":[],"external_video":{"id":40546092,"title":"Куда Уходят Друзья!?!","url":"https://www.youtube.com/watch?v=dXlOU49fZHQ","image":"https://coub-anubis-a.akamaized.net/coub_storage/media_block/cw_image/79b01da7a8b/cd7bfd6ef76bdf19ac426/video_1638899432_1syej2e_1638899397_1638899396_18v4uw3_att-url-download.webp","image_retina":"https://coub-anubis-a.akamaized.net/coub_storage/media_block/cw_image/79b01da7a8b/cd7bfd6ef76bdf19ac426/video_retina_1638899432_1syej2e_1638899397_1638899396_18v4uw3_att-url-download.webp","meta":{"service":"Youtube","duration":"42.6"},"duration":42.6,"raw_video_id":16976608,"has_embed":true}},"raw_video_thumbnail_url":"https://coub-anubis-a.akamaized.net/coub_storage/raw_video/cw_image/440874a9f4a/b152267ce82e227872774/coub_media_1638899397_1638899396_18v4uw3_att-url-download.webp","raw_video_title":"Куда Уходят Друзья!?!","video_block_banned":false,"duration":10.0,"promo_winner":false,"promo_winner_recoubers":null,"editorial_info":{},"promo_hint":null,"beeline_best_2014":null,"from_web_editor":false,"normalize_sound":true,"normalize_change_allowed":true,"best2015_addable":false,"ahmad_promo":null,"promo_data":null,"audio_copyright_claim":null,"ads_disabled":null,"is_safe_for_ads":true,"megafon_contents":[],"position_on_page":4},{"flag":null,"abuses":null,"recoubs_by_users_channels":null,"favourite":false,"promoted_id":null,"recoub":null,"like":null,"dislike":null,"reaction":null,"in_my_best2015":false,"id":179423385,"type":"Coub::Simple","permalink":"2yh6w4","title":"Медаль за победу на Фурри","visibility_type":"public","original_visibility_type":"public","channel_id":4182703,"created_at":"2021-12-01T19:35:20Z","updated_at":"2022-01-31T05:05:43Z","is_done":true,"views_count":10264,"cotd":null,"cotd_at":null,"visible_on_explore_root":false,"visible_on_explore":false,"featured":false,"published":true,"published_at":"2021-12-01T19:35:20Z","reversed":false,"from_editor_v2":true,"is_editable":true,"original_sound":true,"has_sound":true,"recoub_to":null,"file_versions":{"html5":{"video":{"higher":{"url":"https://coub-anubis-a.akamaized.net/coub_storage/coub/simple/cw_file/b19506fb71e/374d347ee7cead05728a8/muted_mp4_huge_size_1638387325_muted_huge.mp4","size":1561009},"high":{"url":"https://coub-anubis-a.akamaized.net/coub_storage/coub/simple/cw_file/b19506fb71e/374d347ee7cead05728a8/muted_mp4_big_size_1638387325_muted_big.mp4","size":925405},"med":{"url":"https://coub-anubis-a.akamaized.net/coub_storage/coub/simple/cw_file/b19506fb71e/374d347ee7cead05728a8/muted_mp4_med_size_1638387325_muted_med.mp4","size":299037}},"audio":{"high":{"url":"https://coub-anubis-a.akamaized.net/coub_storage/coub/simple/cw_looped_audio_high/dccb1256672/6c985e6d395c0a6816e7a/1638387328_mp3-high.mp3","size":1074474},"med":{"url":"https://coub-anubis-a.akamaized.net/coub_storage/coub/simple/cw_looped_audio_med/2cac0762afc/62e924d8bb597184cde5b/1638387327_mp3-med.mp3","size":867726},"sample_duration":7.779}},"mobile":{"video":"https://coub-anubis-a.akamaized.net/coub_storage/coub/simple/cw_file/b19506fb71e/374d347ee7cead05728a8/muted_mp4_med_size_1638387325_muted_med.mp4","audio":["https://coub-anubis-a.akamaized.net/coub_storage/coub/simple/cw_looped_audio_med/2cac0762afc/62e924d8bb597184cde5b/1638387327_mp3-med.mp3"]},"share":{"default":"https://coub-anubis-a.akamaized.net/coub_storage/coub/simple/cw_video_for_sharing/04dad0a1355/8c110ceaa0d278895619c/1638387353_looped_1638387352.mp4"}},"audio_versions":{},"image_versions":{"template":"https://coub-anubis-a.akamaized.net/coub_storage/coub/simple/cw_image/a703498ee9b/e399bf4b1f617a78cbcc4/%{version}_1638387332_00025.jpg","versions":["micro","tiny","age_restricted","ios_large","ios_mosaic","big","med","small","pinterest"]},"first_frame_versions":{"template":"https://coub-anubis-a.akamaized.net/coub_storage/coub/simple/cw_timeline_pic/9975cd3afbe/ae8f0e545a328895ab36f/%{version}_1638387332_image.jpg","versions":["big","med","small","ios_large"]},"dimensions":{"big":[876,960],"med":[438,480]},"site_w_h":[365,400],"page_w_h":[400,438],"site_w_h_small":[310,340],"size":[876,960],"age_restricted":false,"age_restricted_by_admin":false,"not_safe_for_work":null,"allow_reuse":false,"dont_crop":true,"banned":false,"global_safe":null,"audio_file_url":null,"external_download":false,"application":null,"channel":{"id":4182703,"permalink":"kirihara","title":"Kaay","description":null,"followers_count":16,"following_count":4,"avatar_versions":{"template":"https://coub-anubis-a.akamaized.net/coub_storage/channel/cw_avatar/3f59479bdab/e49fd5891dc54e2387d43/%{version}_1607613648_1plsgpn_1521292334_493c08915f0d488378cbaaca01bba10b.png","versions":["medium","medium_2x","profile_pic","profile_pic_new","profile_pic_new_2x","tiny","tiny_2x","small","small_2x","ios_large","ios_small"]}},"file":null,"picture":"https://coub-anubis-a.akamaized.net/coub_storage/coub/simple/cw_image/a703498ee9b/e399bf4b1f617a78cbcc4/med_1638387332_00025.jpg","timeline_picture":"https://coub-anubis-a.akamaized.net/coub_storage/coub/simple/cw_timeline_pic/9975cd3afbe/ae8f0e545a328895ab36f/ios_large_1638387332_image.jpg","small_picture":"https://coub-anubis-a.akamaized.net/coub_storage/coub/simple/cw_image/a703498ee9b/e399bf4b1f617a78cbcc4/ios_mosaic_1638387332_00025.jpg","sharing_picture":null,"percent_done":100,"tags":[],"categories":[{"id":116,"title":"Memes","permalink":"memes","subscriptions_count":1914550,"big_image_url":"https://coub-anubis-a.akamaized.net/coub_storage/category/cw_image/c9ec52f6b8e/901439d39eb2de551860f/big_1623846896_memes.png","small_image_url":"https://coub-anubis-a.akamaized.net/coub_storage/category/cw_image/c9ec52f6b8e/901439d39eb2de551860f/small_1623846896_memes.png","med_image_url":"https://coub-anubis-a.akamaized.net/coub_storage/category/cw_image/c9ec52f6b8e/901439d39eb2de551860f/med_1623846896_memes.png","visible":true}],"communities":[{"id":116,"title":"Memes","permalink":"memes","subscriptions_count":1914550,"big_image_url":"https://coub-anubis-a.akamaized.net/coub_storage/category/cw_image/c9ec52f6b8e/901439d39eb2de551860f/big_1623846896_memes.png","small_image_url":"https://coub-anubis-a.akamaized.net/coub_storage/category/cw_image/c9ec52f6b8e/901439d39eb2de551860f/small_1623846896_memes.png","med_image_url":"https://coub-anubis-a.akamaized.net/coub_storage/category/cw_image/c9ec52f6b8e/901439d39eb2de551860f/med_1623846896_memes.png","i_subscribed":true,"community_notifications_enabled":null,"description":null}],"recoubs_count":6,"remixes_count":0,"likes_count":43,"dislikes_count":0,"raw_video_id":16962389,"uploaded_by_ios_app":false,"uploaded_by_android_app":false,"media_blocks":{"uploaded_raw_videos":[],"external_raw_videos":[],"remixed_from_coubs":[]},"raw_video_thumbnail_url":"https://coub-anubis-a.akamaized.net/coub_storage/raw_video/cw_image/0a54fa220f3/49e6a5aa4d97356327db9/coub_media_1638387082_image.jpg","raw_video_title":"16383808691820.mp4","video_block_banned":false,"duration":7.76,"promo_winner":false,"promo_winner_recoubers":null,"editorial_info":{},"promo_hint":null,"beeline_best_2014":null,"from_web_editor":true,"normalize_sound":true,"normalize_change_allowed":true,"best2015_addable":false,"ahmad_promo":null,"promo_data":null,"audio_copyright_claim":null,"ads_disabled":null,"is_safe_for_ads":true,"megafon_contents":[],"position_on_page":5},{"flag":null,"abuses":null,"recoubs_by_users_channels":null,"favourite":false,"promoted_id":null,"recoub":null,"like":null,"dislike":null,"reaction":null,"in_my_best2015":false,"id":179158517,"type":"Coub::Simple","permalink":"2ybiin","title":"basedmemes #4 ","visibility_type":"public","original_visibility_type":"public","channel_id":11285258,"created_at":"2021-11-26T09:49:51Z","updated_at":"2022-03-03T16:34:26Z","is_done":true,"views_count":9353,"cotd":null,"cotd_at":null,"visible_on_explore_root":false,"visible_on_explore":false,"featured":false,"published":true,"published_at":"2021-11-26T09:49:50Z","reversed":false,"from_editor_v2":true,"is_editable":true,"original_sound":true,"has_sound":true,"recoub_to":null,"file_versions":{"html5":{"video":{"higher":{"url":"https://coub-anubis-a.akamaized.net/coub_storage/coub/simple/cw_file/773e6ce5c1c/97a5c6cdb68ce131b67f0/muted_mp4_huge_size_1637920203_muted_huge.mp4","size":1703485},"high":{"url":"https://coub-anubis-a.akamaized.net/coub_storage/coub/simple/cw_file/773e6ce5c1c/97a5c6cdb68ce131b67f0/muted_mp4_big_size_1637920203_muted_big.mp4","size":1150160},"med":{"url":"https://coub-anubis-a.akamaized.net/coub_storage/coub/simple/cw_file/773e6ce5c1c/97a5c6cdb68ce131b67f0/muted_mp4_med_size_1637920203_muted_med.mp4","size":416055}},"audio":{"high":{"url":"https://coub-anubis-a.akamaized.net/coub_storage/coub/simple/cw_looped_audio_high/26790641aa4/a2f996b2d69fd22c4f7e9/1637920205_mp3-high.mp3","size":1272329},"med":{"url":"https://coub-anubis-a.akamaized.net/coub_storage/coub/simple/cw_looped_audio_med/0116249826b/d9363a75981313c934f90/1637920204_mp3-med.mp3","size":954096},"sample_duration":9.961}},"mobile":{"video":"https://coub-anubis-a.akamaized.net/coub_storage/coub/simple/cw_file/773e6ce5c1c/97a5c6cdb68ce131b67f0/muted_mp4_med_size_1637920203_muted_med.mp4","audio":["https://coub-anubis-a.akamaized.net/coub_storage/coub/simple/cw_looped_audio_med/0116249826b/d9363a75981313c934f90/1637920204_mp3-med.mp3"]},"share":{"default":"https://coub-anubis-a.akamaized.net/coub_storage/coub/simple/cw_video_for_sharing/49cb854df22/3bce024cb5f6dedefa14a/1637920234_looped_1637920233.mp4"}},"audio_versions":{},"image_versions":{"template":"https://coub-anubis-a.akamaized.net/coub_storage/coub/simple/cw_image/0e8e2e70f50/dcd322bc9364fa66616b7/%{version}_1637920211_00032.jpg","versions":["micro","tiny","age_restricted","ios_large","ios_mosaic","big","med","small","pinterest"]},"first_frame_versions":{"template":"https://coub-anubis-a.akamaized.net/coub_storage/coub/simple/cw_timeline_pic/8e5fbf39e7b/0f5c70335334920eeab3d/%{version}_1637920210_image.jpg","versions":["big","med","small","ios_large"]},"dimensions":{"big":[1280,720],"med":[640,360]},"site_w_h":[640,360],"page_w_h":[640,360],"site_w_h_small":[310,174],"size":[1280,720],"age_restricted":false,"age_restricted_by_admin":false,"not_safe_for_work":null,"allow_reuse":false,"dont_crop":true,"banned":false,"global_safe":null,"audio_file_url":null,"external_download":false,"application":null,"channel":{"id":11285258,"permalink":"leedzyone","title":"BASEDMEMES","description":"Больше видосиков в группе ВК.","followers_count":164,"following_count":0,"avatar_versions":{"template":"https://coub-anubis-a.akamaized.net/coub_storage/channel/cw_avatar/f33599e8f02/842af5da0b04dd153374f/%{version}_1642413584_NicePng_pepehands-png_8318812.png","versions":["medium","medium_2x","profile_pic","profile_pic_new","profile_pic_new_2x","tiny","tiny_2x","small","small_2x","ios_large","ios_small"]}},"file":null,"picture":"https://coub-anubis-a.akamaized.net/coub_storage/coub/simple/cw_image/0e8e2e70f50/dcd322bc9364fa66616b7/med_1637920211_00032.jpg","timeline_picture":"https://coub-anubis-a.akamaized.net/coub_storage/coub/simple/cw_timeline_pic/8e5fbf39e7b/0f5c70335334920eeab3d/ios_large_1637920210_image.jpg","small_picture":"https://coub-anubis-a.akamaized.net/coub_storage/coub/simple/cw_image/0e8e2e70f50/dcd322bc9364fa66616b7/ios_mosaic_1637920211_00032.jpg","sharing_picture":null,"percent_done":100,"tags":[{"id":2234,"title":"meme","value":"meme"},{"id":2235,"title":"memes","value":"memes"},{"id":22887,"title":"мемы","value":"%D0%BC%D0%B5%D0%BC%D1%8B"},{"id":6249,"title":"мем","value":"%D0%BC%D0%B5%D0%BC"},{"id":932122,"title":"мемесы","value":"%D0%BC%D0%B5%D0%BC%D0%B5%D1%81%D1%8B"},{"id":14668,"title":"mem","value":"mem"},{"id":882,"title":"прикол","value":"%D0%BF%D1%80%D0%B8%D0%BA%D0%BE%D0%BB"},{"id":4256927,"title":"тикток","value":"%D1%82%D0%B8%D0%BA%D1%82%D0%BE%D0%BA"},{"id":1212,"title":"смешно","value":"%D1%81%D0%BC%D0%B5%D1%88%D0%BD%D0%BE"},{"id":2817,"title":"видео","value":"%D0%B2%D0%B8%D0%B4%D0%B5%D0%BE"},{"id":5096785,"title":"реком","value":"%D1%80%D0%B5%D0%BA%D0%BE%D0%BC"},{"id":538206,"title":"рекомендации","value":"%D1%80%D0%B5%D0%BA%D0%BE%D0%BC%D0%B5%D0%BD%D0%B4%D0%B0%D1%86%D0%B8%D0%B8"},{"id":1437,"title":"юмор","value":"%D1%8E%D0%BC%D0%BE%D1%80"},{"id":4930,"title":"шутка","value":"%D1%88%D1%83%D1%82%D0%BA%D0%B0"},{"id":26646,"title":"кек","value":"%D0%BA%D0%B5%D0%BA"},{"id":644928,"title":"battlfield","value":"battlfield"},{"id":16053,"title":"tank","value":"tank"},{"id":5328,"title":"4","value":"4"}],"categories":[{"id":116,"title":"Memes","permalink":"memes","subscriptions_count":1914550,"big_image_url":"https://coub-anubis-a.akamaized.net/coub_storage/category/cw_image/c9ec52f6b8e/901439d39eb2de551860f/big_1623846896_memes.png","small_image_url":"https://coub-anubis-a.akamaized.net/coub_storage/category/cw_image/c9ec52f6b8e/901439d39eb2de551860f/small_1623846896_memes.png","med_image_url":"https://coub-anubis-a.akamaized.net/coub_storage/category/cw_image/c9ec52f6b8e/901439d39eb2de551860f/med_1623846896_memes.png","visible":true}],"communities":[{"id":116,"title":"Memes","permalink":"memes","subscriptions_count":1914550,"big_image_url":"https://coub-anubis-a.akamaized.net/coub_storage/category/cw_image/c9ec52f6b8e/901439d39eb2de551860f/big_1623846896_memes.png","small_image_url":"https://coub-anubis-a.akamaized.net/coub_storage/category/cw_image/c9ec52f6b8e/901439d39eb2de551860f/small_1623846896_memes.png","med_image_url":"https://coub-anubis-a.akamaized.net/coub_storage/category/cw_image/c9ec52f6b8e/901439d39eb2de551860f/med_1623846896_memes.png","i_subscribed":true,"community_notifications_enabled":null,"description":null}],"recoubs_count":5,"remixes_count":0,"likes_count":43,"dislikes_count":0,"raw_video_id":16949509,"uploaded_by_ios_app":false,"uploaded_by_android_app":false,"media_blocks":{"uploaded_raw_videos":[],"external_raw_videos":[],"remixed_from_coubs":[]},"raw_video_thumbnail_url":"https://coub-anubis-a.akamaized.net/coub_storage/raw_video/cw_image/adcc176067f/3ad77777d6e95b3d14a09/coub_media_1637919989_image.jpg","raw_video_title":"tank.mp4","video_block_banned":false,"duration":10.0,"promo_winner":false,"promo_winner_recoubers":null,"editorial_info":{},"promo_hint":null,"beeline_best_2014":null,"from_web_editor":true,"normalize_sound":true,"normalize_change_allowed":true,"best2015_addable":false,"ahmad_promo":null,"promo_data":null,"audio_copyright_claim":null,"ads_disabled":null,"is_safe_for_ads":true,"megafon_contents":[],"position_on_page":6},{"flag":null,"abuses":null,"recoubs_by_users_channels":null,"favourite":false,"promoted_id":null,"recoub":null,"like":null,"dislike":null,"reaction":null,"in_my_best2015":false,"id":178856105,"type":"Coub::Simple","permalink":"2y5168","title":"Доктор DIY. Резюмируем о жизни","visibility_type":"public","original_visibility_type":"public","channel_id":2288171,"created_at":"2021-11-19T22:38:06Z","updated_at":"2022-03-11T05:49:05Z","is_done":true,"views_count":6309,"cotd":null,"cotd_at":null,"visible_on_explore_root":false,"visible_on_explore":false,"featured":false,"published":true,"published_at":"2021-11-19T22:38:06Z","reversed":false,"from_editor_v2":true,"is_editable":true,"original_sound":true,"has_sound":true,"recoub_to":null,"file_versions":{"html5":{"video":{"higher":{"url":"https://coub-anubis-a.akamaized.net/coub_storage/coub/simple/cw_file/1461a2abe56/f4a094dd391a1440254eb/muted_mp4_huge_size_1637361647_muted_huge.mp4","size":1594753},"high":{"url":"https://coub-anubis-a.akamaized.net/coub_storage/coub/simple/cw_file/1461a2abe56/f4a094dd391a1440254eb/muted_mp4_big_size_1637361647_muted_big.mp4","size":1096990},"med":{"url":"https://coub-anubis-a.akamaized.net/coub_storage/coub/simple/cw_file/1461a2abe56/f4a094dd391a1440254eb/muted_mp4_med_size_1637361647_muted_med.mp4","size":328601}},"audio":{"high":{"url":"https://coub-anubis-a.akamaized.net/coub_storage/coub/simple/cw_looped_audio_high/ac12ddaa3c0/27be7278163e7046eb61b/1637361649_mp3-high.mp3","size":1174379},"med":{"url":"https://coub-anubis-a.akamaized.net/coub_storage/coub/simple/cw_looped_audio_med/65d314f3c0e/c853847cfefab4d5befc8/1637361648_mp3-med.mp3","size":948675},"sample_duration":7.43}},"mobile":{"video":"https://coub-anubis-a.akamaized.net/coub_storage/coub/simple/cw_file/1461a2abe56/f4a094dd391a1440254eb/muted_mp4_med_size_1637361647_muted_med.mp4","audio":["https://coub-anubis-a.akamaized.net/coub_storage/coub/simple/cw_looped_audio_med/65d314f3c0e/c853847cfefab4d5befc8/1637361648_mp3-med.mp3"]},"share":{"default":"https://coub-anubis-a.akamaized.net/coub_storage/coub/simple/cw_video_for_sharing/ce43af06082/714ec46264f506d911327/1637361672_looped_1637361671.mp4"}},"audio_versions":{},"image_versions":{"template":"https://coub-anubis-a.akamaized.net/coub_storage/coub/simple/cw_image/c0d9fefd3ec/76a16bba57cc4b84939fd/%{version}_1637361653_00024.jpg","versions":["micro","tiny","age_restricted","ios_large","ios_mosaic","big","med","small","pinterest"]},"first_frame_versions":{"template":"https://coub-anubis-a.akamaized.net/coub_storage/coub/simple/cw_timeline_pic/9a976460099/09c736f48e19122a250b9/%{version}_1637361652_image.jpg","versions":["big","med","small","ios_large"]},"dimensions":{"big":[1280,720],"med":[640,360]},"site_w_h":[640,360],"page_w_h":[640,360],"site_w_h_small":[310,174],"size":[1280,720],"age_restricted":false,"age_restricted_by_admin":false,"not_safe_for_work":null,"allow_reuse":false,"dont_crop":true,"banned":false,"global_safe":null,"audio_file_url":null,"external_download":{"type":"Youtube","service_name":"YouTube","url":"https://www.youtube.com/watch?v=ayPW7UW9H2Q","has_embed":true},"application":null,"channel":{"id":2288171,"permalink":"dregtk00","title":"DregTK","description":null,"followers_count":24,"following_count":12,"avatar_versions":{"template":"https://coub-anubis-a.akamaized.net/coub_storage/channel/cw_avatar/c89a1f922fc/a83ad82aaa7d9ec9b9023/%{version}_1608497763_dkp8gg_1515082197_GUP_KuromorimineSmall_5224.png","versions":["medium","medium_2x","profile_pic","profile_pic_new","profile_pic_new_2x","tiny","tiny_2x","small","small_2x","ios_large","ios_small"]}},"file":null,"picture":"https://coub-anubis-a.akamaized.net/coub_storage/coub/simple/cw_image/c0d9fefd3ec/76a16bba57cc4b84939fd/med_1637361653_00024.jpg","timeline_picture":"https://coub-anubis-a.akamaized.net/coub_storage/coub/simple/cw_timeline_pic/9a976460099/09c736f48e19122a250b9/ios_large_1637361652_image.jpg","small_picture":"https://coub-anubis-a.akamaized.net/coub_storage/coub/simple/cw_image/c0d9fefd3ec/76a16bba57cc4b84939fd/ios_mosaic_1637361653_00024.jpg","sharing_picture":null,"percent_done":100,"tags":[],"categories":[{"id":116,"title":"Memes","permalink":"memes","subscriptions_count":1914550,"big_image_url":"https://coub-anubis-a.akamaized.net/coub_storage/category/cw_image/c9ec52f6b8e/901439d39eb2de551860f/big_1623846896_memes.png","small_image_url":"https://coub-anubis-a.akamaized.net/coub_storage/category/cw_image/c9ec52f6b8e/901439d39eb2de551860f/small_1623846896_memes.png","med_image_url":"https://coub-anubis-a.akamaized.net/coub_storage/category/cw_image/c9ec52f6b8e/901439d39eb2de551860f/med_1623846896_memes.png","visible":true}],"communities":[{"id":116,"title":"Memes","permalink":"memes","subscriptions_count":1914550,"big_image_url":"https://coub-anubis-a.akamaized.net/coub_storage/category/cw_image/c9ec52f6b8e/901439d39eb2de551860f/big_1623846896_memes.png","small_image_url":"https://coub-anubis-a.akamaized.net/coub_storage/category/cw_image/c9ec52f6b8e/901439d39eb2de551860f/small_1623846896_memes.png","med_image_url":"https://coub-anubis-a.akamaized.net/coub_storage/category/cw_image/c9ec52f6b8e/901439d39eb2de551860f/med_1623846896_memes.png","i_subscribed":true,"community_notifications_enabled":null,"description":null}],"recoubs_count":2,"remixes_count":0,"likes_count":43,"dislikes_count":0,"raw_video_id":16934324,"uploaded_by_ios_app":false,"uploaded_by_android_app":false,"media_blocks":{"uploaded_raw_videos":[],"external_raw_videos":[{"id":40350574,"title":"ЦИРКУЛОБЗИК И МОЛОТИЖЫ","url":"https://www.youtube.com/watch?v=ayPW7UW9H2Q","image":"https://coub-anubis-a.akamaized.net/coub_storage/media_block/cw_image/7bc64e76163/173239d58081a61d5aff6/video_1637361319_1hf4v5r_1637360884_1637360876_k63qc9_att-url-download.webp","image_retina":"https://coub-anubis-a.akamaized.net/coub_storage/media_block/cw_image/7bc64e76163/173239d58081a61d5aff6/video_retina_1637361319_1hf4v5r_1637360884_1637360876_k63qc9_att-url-download.webp","meta":{"service":"Youtube","duration":"897.44"},"duration":897.44,"raw_video_id":16934324,"has_embed":true}],"remixed_from_coubs":[],"external_video":{"id":40350574,"title":"ЦИРКУЛОБЗИК И МОЛОТИЖЫ","url":"https://www.youtube.com/watch?v=ayPW7UW9H2Q","image":"https://coub-anubis-a.akamaized.net/coub_storage/media_block/cw_image/7bc64e76163/173239d58081a61d5aff6/video_1637361319_1hf4v5r_1637360884_1637360876_k63qc9_att-url-download.webp","image_retina":"https://coub-anubis-a.akamaized.net/coub_storage/media_block/cw_image/7bc64e76163/173239d58081a61d5aff6/video_retina_1637361319_1hf4v5r_1637360884_1637360876_k63qc9_att-url-download.webp","meta":{"service":"Youtube","duration":"897.44"},"duration":897.44,"raw_video_id":16934324,"has_embed":true}},"raw_video_thumbnail_url":"https://coub-anubis-a.akamaized.net/coub_storage/raw_video/cw_image/44fcb9dc5d7/f01eb130c7f6e416268ab/coub_media_1637360884_1637360876_k63qc9_att-url-download.webp","raw_video_title":"ЦИРКУЛОБЗИК И МОЛОТИЖЫ","video_block_banned":false,"duration":7.44,"promo_winner":false,"promo_winner_recoubers":null,"editorial_info":{},"promo_hint":null,"beeline_best_2014":null,"from_web_editor":true,"normalize_sound":true,"normalize_change_allowed":true,"best2015_addable":false,"ahmad_promo":null,"promo_data":null,"audio_copyright_claim":null,"ads_disabled":null,"is_safe_for_ads":true,"megafon_contents":[],"position_on_page":7},{"flag":null,"abuses":null,"recoubs_by_users_channels":null,"favourite":false,"promoted_id":null,"recoub":null,"like":null,"dislike":null,"reaction":null,"in_my_best2015":false,"id":178814815,"type":"Coub::Simple","permalink":"2y45ba","title":"Hongry Boi","visibility_type":"public","original_visibility_type":"public","channel_id":5240222,"created_at":"2021-11-19T05:14:52Z","updated_at":"2022-03-07T19:16:30Z","is_done":true,"views_count":8890,"cotd":null,"cotd_at":null,"visible_on_explore_root":false,"visible_on_explore":false,"featured":false,"published":true,"published_at":"2021-11-19T05:14:52Z","reversed":false,"from_editor_v2":true,"is_editable":true,"original_sound":false,"has_sound":false,"recoub_to":null,"file_versions":{"html5":{"video":{"higher":{"url":"https://coub-anubis-a.akamaized.net/coub_storage/coub/simple/cw_file/52fda7686dc/dd7c3d3df0e74ed82719a/muted_mp4_huge_size_1637298910_muted_huge.mp4","size":493321},"high":{"url":"https://coub-anubis-a.akamaized.net/coub_storage/coub/simple/cw_file/52fda7686dc/dd7c3d3df0e74ed82719a/muted_mp4_big_size_1637298910_muted_big.mp4","size":262541},"med":{"url":"https://coub-anubis-a.akamaized.net/coub_storage/coub/simple/cw_file/52fda7686dc/dd7c3d3df0e74ed82719a/muted_mp4_med_size_1637298910_muted_med.mp4","size":69340}},"audio":{"high":{"url":"https://coub-anubis-a.akamaized.net/coub_storage/coub/simple/cw_looped_audio_high/e63ecf1cd89/082ea48a2d65296b431de/1637298958_mp3-high.mp3","size":4467826},"med":{"url":"https://coub-anubis-a.akamaized.net/coub_storage/coub/simple/cw_looped_audio_med/cc4075ffb89/e09a6e7f63fb34638d66f/1637298953_mp3-med.mp3","size":3466922}}},"mobile":{"video":"https://coub-anubis-a.akamaized.net/coub_storage/coub/simple/cw_file/52fda7686dc/dd7c3d3df0e74ed82719a/muted_mp4_med_size_1637298910_muted_med.mp4","audio":["https://coub-anubis-a.akamaized.net/coub_storage/coub/simple/cw_looped_audio_med/cc4075ffb89/e09a6e7f63fb34638d66f/1637298953_mp3-med.mp3"]},"share":{"default":"https://coub-anubis-a.akamaized.net/coub_storage/coub/simple/cw_video_for_sharing/9823488032c/e2c04e19f502614086b0e/1637298996_looped_1637298994.mp4"}},"audio_versions":{"template":"https://coub-anubis-a.akamaized.net/coub_storage/audio_track/cw_normalized_copy/441ab9ed8ed/29811dcc548271579900f/mid_1637298930_normalized_1637298785_audio.mp3","versions":["mid","low"]},"image_versions":{"template":"https://coub-anubis-a.akamaized.net/coub_storage/coub/simple/cw_image/75a37fb9cd0/f9df4af0ab6ddabe17220/%{version}_1637298964_00011.jpg","versions":["micro","tiny","age_restricted","ios_large","ios_mosaic","big","med","small","pinterest"]},"first_frame_versions":{"template":"https://coub-anubis-a.akamaized.net/coub_storage/coub/simple/cw_timeline_pic/15077de191b/dfb05fb30e22139a62d00/%{version}_1637298963_image.jpg","versions":["big","med","small","ios_large"]},"dimensions":{"big":[1280,708],"med":[640,354]},"site_w_h":[640,354],"page_w_h":[640,354],"site_w_h_small":[310,171],"size":[1280,708],"age_restricted":false,"age_restricted_by_admin":false,"not_safe_for_work":null,"allow_reuse":false,"dont_crop":true,"banned":false,"global_safe":true,"audio_file_url":"https://coub-anubis-a.akamaized.net/coub_storage/audio_track/cw_normalized_copy/441ab9ed8ed/29811dcc548271579900f/low_1637298930_normalized_1637298785_audio.mp3","external_download":false,"application":null,"channel":{"id":5240222,"permalink":"quote-the-robot","title":"Quote The Robot","description":null,"followers_count":36,"following_count":13,"avatar_versions":{"template":"https://coub-anubis-a.akamaized.net/coub_storage/channel/cw_avatar/f18fb9f464f/f40e82f383321e83f713c/%{version}_1609245495_jdpyk8_1548902735_18g4qlp_2763763841.jpg","versions":["medium","medium_2x","profile_pic","profile_pic_new","profile_pic_new_2x","tiny","tiny_2x","small","small_2x","ios_large","ios_small"]}},"file":null,"picture":"https://coub-anubis-a.akamaized.net/coub_storage/coub/simple/cw_image/75a37fb9cd0/f9df4af0ab6ddabe17220/med_1637298964_00011.jpg","timeline_picture":"https://coub-anubis-a.akamaized.net/coub_storage/coub/simple/cw_timeline_pic/15077de191b/dfb05fb30e22139a62d00/ios_large_1637298963_image.jpg","small_picture":"https://coub-anubis-a.akamaized.net/coub_storage/coub/simple/cw_image/75a37fb9cd0/f9df4af0ab6ddabe17220/ios_mosaic_1637298964_00011.jpg","sharing_picture":null,"percent_done":100,"tags":[],"categories":[{"id":116,"title":"Memes","permalink":"memes","subscriptions_count":1914550,"big_image_url":"https://coub-anubis-a.akamaized.net/coub_storage/category/cw_image/c9ec52f6b8e/901439d39eb2de551860f/big_1623846896_memes.png","small_image_url":"https://coub-anubis-a.akamaized.net/coub_storage/category/cw_image/c9ec52f6b8e/901439d39eb2de551860f/small_1623846896_memes.png","med_image_url":"https://coub-anubis-a.akamaized.net/coub_storage/category/cw_image/c9ec52f6b8e/901439d39eb2de551860f/med_1623846896_memes.png","visible":true}],"communities":[{"id":116,"title":"Memes","permalink":"memes","subscriptions_count":1914550,"big_image_url":"https://coub-anubis-a.akamaized.net/coub_storage/category/cw_image/c9ec52f6b8e/901439d39eb2de551860f/big_1623846896_memes.png","small_image_url":"https://coub-anubis-a.akamaized.net/coub_storage/category/cw_image/c9ec52f6b8e/901439d39eb2de551860f/small_1623846896_memes.png","med_image_url":"https://coub-anubis-a.akamaized.net/coub_storage/category/cw_image/c9ec52f6b8e/901439d39eb2de551860f/med_1623846896_memes.png","i_subscribed":true,"community_notifications_enabled":null,"description":null}],"recoubs_count":4,"remixes_count":0,"likes_count":43,"dislikes_count":0,"raw_video_id":16932311,"uploaded_by_ios_app":true,"uploaded_by_android_app":false,"media_blocks":{"uploaded_raw_videos":[],"external_raw_videos":[],"remixed_from_coubs":[]},"raw_video_thumbnail_url":"https://coub-anubis-a.akamaized.net/coub_storage/raw_video/cw_image/02bc1cb1147/cf07f726bbd8377a49873/coub_media_1637298889_image.jpg","raw_video_title":"filename.mp4","video_block_banned":false,"duration":3.32,"promo_winner":false,"promo_winner_recoubers":null,"editorial_info":{},"promo_hint":null,"beeline_best_2014":null,"from_web_editor":false,"normalize_sound":true,"normalize_change_allowed":true,"best2015_addable":false,"ahmad_promo":null,"promo_data":null,"audio_copyright_claim":null,"ads_disabled":null,"is_safe_for_ads":true,"megafon_contents":[],"position_on_page":8},{"flag":null,"abuses":null,"recoubs_by_users_channels":null,"favourite":false,"promoted_id":null,"recoub":null,"like":null,"dislike":null,"reaction":null,"in_my_best2015":false,"id":178242634,"type":"Coub::Simple","permalink":"2xrvt8","title":"Ну-ка заткнись Бека","visibility_type":"public","original_visibility_type":"public","channel_id":7175875,"created_at":"2021-11-07T09:31:16Z","updated_at":"2022-01-12T14:44:18Z","is_done":true,"views_count":8920,"cotd":null,"cotd_at":null,"visible_on_explore_root":false,"visible_on_explore":false,"featured":false,"published":true,"published_at":"2021-11-07T09:31:16Z","reversed":false,"from_editor_v2":true,"is_editable":true,"original_sound":true,"has_sound":true,"recoub_to":null,"file_versions":{"html5":{"video":{"higher":{"url":"https://coub-anubis-a.akamaized.net/coub_storage/coub/simple/cw_file/c713f5d0d95/991a3fd78194dd245ea20/muted_mp4_huge_size_1636277583_muted_huge.mp4","size":2015180},"high":{"url":"https://coub-anubis-a.akamaized.net/coub_storage/coub/simple/cw_file/c713f5d0d95/991a3fd78194dd245ea20/muted_mp4_big_size_1636277583_muted_big.mp4","size":1368248},"med":{"url":"https://coub-anubis-a.akamaized.net/coub_storage/coub/simple/cw_file/c713f5d0d95/991a3fd78194dd245ea20/muted_mp4_med_size_1636277583_muted_med.mp4","size":345409}},"audio":{"high":{"url":"https://coub-anubis-a.akamaized.net/coub_storage/coub/simple/cw_looped_audio_high/1e48da751fc/3cc9f6900c754eae20d12/1636277584_mp3-high.mp3","size":831462},"med":{"url":"https://coub-anubis-a.akamaized.net/coub_storage/coub/simple/cw_looped_audio_med/6738f921f29/c38ffa089359847b22f3b/1636277584_mp3-med.mp3","size":797932},"sample_duration":10.008}},"mobile":{"video":"https://coub-anubis-a.akamaized.net/coub_storage/coub/simple/cw_file/c713f5d0d95/991a3fd78194dd245ea20/muted_mp4_med_size_1636277583_muted_med.mp4","audio":["https://coub-anubis-a.akamaized.net/coub_storage/coub/simple/cw_looped_audio_med/6738f921f29/c38ffa089359847b22f3b/1636277584_mp3-med.mp3"]},"share":{"default":"https://coub-anubis-a.akamaized.net/coub_storage/coub/simple/cw_video_for_sharing/0228d18c5b7/f563a19aad8f70a65573e/1636277635_looped_1636277632.mp4"}},"audio_versions":{},"image_versions":{"template":"https://coub-anubis-a.akamaized.net/coub_storage/coub/simple/cw_image/17093403788/4408f350028130f7675b1/%{version}_1636277589_00032.jpg","versions":["micro","tiny","age_restricted","ios_large","ios_mosaic","big","med","small","pinterest"]},"first_frame_versions":{"template":"https://coub-anubis-a.akamaized.net/coub_storage/coub/simple/cw_timeline_pic/1c8e3c27e79/64fe4203fa62db31528ca/%{version}_1636277588_image.jpg","versions":["big","med","small","ios_large"]},"dimensions":{"big":[1280,720],"med":[640,360]},"site_w_h":[640,360],"page_w_h":[640,360],"site_w_h_small":[310,174],"size":[1280,720],"age_restricted":false,"age_restricted_by_admin":false,"not_safe_for_work":false,"allow_reuse":false,"dont_crop":true,"banned":false,"global_safe":null,"audio_file_url":null,"external_download":{"type":"Youtube","service_name":"YouTube","url":"https://www.youtube.com/watch?v=-j5xbwU-DuM","has_embed":true},"application":null,"channel":{"id":7175875,"permalink":"andriy-hnat","title":"Andy Hnat","description":null,"followers_count":153,"following_count":427,"avatar_versions":{"template":"https://coub-anubis-a.akamaized.net/coub_storage/channel/cw_avatar/c45dac16455/4912571af76a0762d5ae0/%{version}_1608956599_1dyj6ma_1568133024_1c4xcf0_472859463300557.jpg","versions":["medium","medium_2x","profile_pic","profile_pic_new","profile_pic_new_2x","tiny","tiny_2x","small","small_2x","ios_large","ios_small"]}},"file":null,"picture":"https://coub-anubis-a.akamaized.net/coub_storage/coub/simple/cw_image/17093403788/4408f350028130f7675b1/med_1636277589_00032.jpg","timeline_picture":"https://coub-anubis-a.akamaized.net/coub_storage/coub/simple/cw_timeline_pic/1c8e3c27e79/64fe4203fa62db31528ca/ios_large_1636277588_image.jpg","small_picture":"https://coub-anubis-a.akamaized.net/coub_storage/coub/simple/cw_image/17093403788/4408f350028130f7675b1/ios_mosaic_1636277589_00032.jpg","sharing_picture":null,"percent_done":100,"tags":[{"id":143911,"title":"лучшее за неделю","value":"%D0%BB%D1%83%D1%87%D1%88%D0%B5%D0%B5%20%D0%B7%D0%B0%20%D0%BD%D0%B5%D0%B4%D0%B5%D0%BB%D1%8E"},{"id":12017,"title":"подборка приколов","value":"%D0%BF%D0%BE%D0%B4%D0%B1%D0%BE%D1%80%D0%BA%D0%B0%20%D0%BF%D1%80%D0%B8%D0%BA%D0%BE%D0%BB%D0%BE%D0%B2"},{"id":6442736,"title":"in top jokes","value":"in%20top%20jokes"}],"categories":[{"id":116,"title":"Memes","permalink":"memes","subscriptions_count":1914550,"big_image_url":"https://coub-anubis-a.akamaized.net/coub_storage/category/cw_image/c9ec52f6b8e/901439d39eb2de551860f/big_1623846896_memes.png","small_image_url":"https://coub-anubis-a.akamaized.net/coub_storage/category/cw_image/c9ec52f6b8e/901439d39eb2de551860f/small_1623846896_memes.png","med_image_url":"https://coub-anubis-a.akamaized.net/coub_storage/category/cw_image/c9ec52f6b8e/901439d39eb2de551860f/med_1623846896_memes.png","visible":true}],"communities":[{"id":116,"title":"Memes","permalink":"memes","subscriptions_count":1914550,"big_image_url":"https://coub-anubis-a.akamaized.net/coub_storage/category/cw_image/c9ec52f6b8e/901439d39eb2de551860f/big_1623846896_memes.png","small_image_url":"https://coub-anubis-a.akamaized.net/coub_storage/category/cw_image/c9ec52f6b8e/901439d39eb2de551860f/small_1623846896_memes.png","med_image_url":"https://coub-anubis-a.akamaized.net/coub_storage/category/cw_image/c9ec52f6b8e/901439d39eb2de551860f/med_1623846896_memes.png","i_subscribed":true,"community_notifications_enabled":null,"description":null}],"recoubs_count":9,"remixes_count":0,"likes_count":43,"dislikes_count":0,"raw_video_id":16901469,"uploaded_by_ios_app":false,"uploaded_by_android_app":false,"media_blocks":{"uploaded_raw_videos":[],"external_raw_videos":[{"id":40007286,"title":"10 Минут ржал до слез 😂 Лучшее за неделю #2","url":"https://www.youtube.com/watch?v=-j5xbwU-DuM","image":"https://coub-anubis-a.akamaized.net/coub_storage/media_block/cw_image/80c5a38a256/ec1daa3c41d149446b22f/video_1636184911_q0w0my_1636184787_1636184778_17pxqj7_att-url-download.webp","image_retina":"https://coub-anubis-a.akamaized.net/coub_storage/media_block/cw_image/80c5a38a256/ec1daa3c41d149446b22f/video_retina_1636184911_q0w0my_1636184787_1636184778_17pxqj7_att-url-download.webp","meta":{"service":"Youtube","duration":"622.44"},"duration":622.44,"raw_video_id":16901469,"has_embed":true}],"remixed_from_coubs":[],"external_video":{"id":40007286,"title":"10 Минут ржал до слез 😂 Лучшее за неделю #2","url":"https://www.youtube.com/watch?v=-j5xbwU-DuM","image":"https://coub-anubis-a.akamaized.net/coub_storage/media_block/cw_image/80c5a38a256/ec1daa3c41d149446b22f/video_1636184911_q0w0my_1636184787_1636184778_17pxqj7_att-url-download.webp","image_retina":"https://coub-anubis-a.akamaized.net/coub_storage/media_block/cw_image/80c5a38a256/ec1daa3c41d149446b22f/video_retina_1636184911_q0w0my_1636184787_1636184778_17pxqj7_att-url-download.webp","meta":{"service":"Youtube","duration":"622.44"},"duration":622.44,"raw_video_id":16901469,"has_embed":true}},"raw_video_thumbnail_url":"https://coub-anubis-a.akamaized.net/coub_storage/raw_video/cw_image/1f0ea06bbd6/ec9d8e89d9a97bc78dedf/coub_media_1636184787_1636184778_17pxqj7_att-url-download.webp","raw_video_title":"10 Минут ржал до слез 😂 Лучшее за неделю #2","video_block_banned":false,"duration":10.0,"promo_winner":false,"promo_winner_recoubers":null,"editorial_info":{},"promo_hint":null,"beeline_best_2014":null,"from_web_editor":true,"normalize_sound":true,"normalize_change_allowed":true,"best2015_addable":false,"ahmad_promo":null,"promo_data":null,"audio_copyright_claim":null,"ads_disabled":false,"is_safe_for_ads":true,"megafon_contents":[],"position_on_page":9},{"flag":null,"abuses":null,"recoubs_by_users_channels":null,"favourite":false,"promoted_id":null,"recoub":null,"like":null,"dislike":null,"reaction":null,"in_my_best2015":false,"id":178051336,"type":"Coub::Simple","permalink":"2xns7d","title":"Cat-gangster","visibility_type":"public","original_visibility_type":"public","channel_id":7330802,"created_at":"2021-11-03T14:22:35Z","updated_at":"2022-03-01T21:11:36Z","is_done":true,"views_count":10300,"cotd":null,"cotd_at":null,"visible_on_explore_root":false,"visible_on_explore":false,"featured":false,"published":true,"published_at":"2021-11-03T14:22:35Z","reversed":false,"from_editor_v2":true,"is_editable":true,"original_sound":true,"has_sound":true,"recoub_to":null,"file_versions":{"html5":{"video":{"higher":{"url":"https://coub-anubis-a.akamaized.net/coub_storage/coub/simple/cw_file/02146771a58/7f6e3a4fb23000a004c33/muted_mp4_huge_size_1635949363_muted_huge.mp4","size":617014},"high":{"url":"https://coub-anubis-a.akamaized.net/coub_storage/coub/simple/cw_file/02146771a58/7f6e3a4fb23000a004c33/muted_mp4_big_size_1635949363_muted_big.mp4","size":392713},"med":{"url":"https://coub-anubis-a.akamaized.net/coub_storage/coub/simple/cw_file/02146771a58/7f6e3a4fb23000a004c33/muted_mp4_med_size_1635949363_muted_med.mp4","size":127961}},"audio":{"high":{"url":"https://coub-anubis-a.akamaized.net/coub_storage/coub/simple/cw_looped_audio_high/4ece12d80cc/32a46a035ec45f511f91f/1635949365_mp3-high.mp3","size":1012998},"med":{"url":"https://coub-anubis-a.akamaized.net/coub_storage/coub/simple/cw_looped_audio_med/70654013713/ee0b99e120cd99b9dd95c/1635949364_mp3-med.mp3","size":893790},"sample_duration":8.011}},"mobile":{"video":"https://coub-anubis-a.akamaized.net/coub_storage/coub/simple/cw_file/02146771a58/7f6e3a4fb23000a004c33/muted_mp4_med_size_1635949363_muted_med.mp4","audio":["https://coub-anubis-a.akamaized.net/coub_storage/coub/simple/cw_looped_audio_med/70654013713/ee0b99e120cd99b9dd95c/1635949364_mp3-med.mp3"]},"share":{"default":"https://coub-anubis-a.akamaized.net/coub_storage/coub/simple/cw_video_for_sharing/0f97781edc6/23a1fff17fb75d4979a87/1635949384_looped_1635949384.mp4"}},"audio_versions":{},"image_versions":{"template":"https://coub-anubis-a.akamaized.net/coub_storage/coub/simple/cw_image/ea9398ddc12/207f1b1a779be9a57fabc/%{version}_1635949368_00026.jpg","versions":["micro","tiny","age_restricted","ios_large","ios_mosaic","big","med","small","pinterest"]},"first_frame_versions":{"template":"https://coub-anubis-a.akamaized.net/coub_storage/coub/simple/cw_timeline_pic/215321396a5/3efde5a13e3c041eccc1c/%{version}_1635949368_image.jpg","versions":["big","med","small","ios_large"]},"dimensions":{"big":[538,960],"med":[268,480]},"site_w_h":[224,400],"page_w_h":[400,714],"site_w_h_small":[310,553],"size":[538,960],"age_restricted":false,"age_restricted_by_admin":false,"not_safe_for_work":null,"allow_reuse":false,"dont_crop":true,"banned":false,"global_safe":null,"audio_file_url":null,"external_download":false,"application":null,"channel":{"id":7330802,"permalink":"bogdan-vedernikov","title":"Bodyaaga","description":null,"followers_count":1,"following_count":1,"avatar_versions":{"template":"https://coub-anubis-a.akamaized.net/coub_storage/channel/cw_avatar/7e5931ba4c7/0e7d2c3d6b82759c9c9fb/%{version}_1607770987_wmn7ta_1572366520_filename.jpeg","versions":["medium","medium_2x","profile_pic","profile_pic_new","profile_pic_new_2x","tiny","tiny_2x","small","small_2x","ios_large","ios_small"]}},"file":null,"picture":"https://coub-anubis-a.akamaized.net/coub_storage/coub/simple/cw_image/ea9398ddc12/207f1b1a779be9a57fabc/med_1635949368_00026.jpg","timeline_picture":"https://coub-anubis-a.akamaized.net/coub_storage/coub/simple/cw_timeline_pic/215321396a5/3efde5a13e3c041eccc1c/ios_large_1635949368_image.jpg","small_picture":"https://coub-anubis-a.akamaized.net/coub_storage/coub/simple/cw_image/ea9398ddc12/207f1b1a779be9a57fabc/ios_mosaic_1635949368_00026.jpg","sharing_picture":null,"percent_done":100,"tags":[{"id":39,"title":"cats","value":"cats"}],"categories":[{"id":116,"title":"Memes","permalink":"memes","subscriptions_count":1914550,"big_image_url":"https://coub-anubis-a.akamaized.net/coub_storage/category/cw_image/c9ec52f6b8e/901439d39eb2de551860f/big_1623846896_memes.png","small_image_url":"https://coub-anubis-a.akamaized.net/coub_storage/category/cw_image/c9ec52f6b8e/901439d39eb2de551860f/small_1623846896_memes.png","med_image_url":"https://coub-anubis-a.akamaized.net/coub_storage/category/cw_image/c9ec52f6b8e/901439d39eb2de551860f/med_1623846896_memes.png","visible":true}],"communities":[{"id":116,"title":"Memes","permalink":"memes","subscriptions_count":1914550,"big_image_url":"https://coub-anubis-a.akamaized.net/coub_storage/category/cw_image/c9ec52f6b8e/901439d39eb2de551860f/big_1623846896_memes.png","small_image_url":"https://coub-anubis-a.akamaized.net/coub_storage/category/cw_image/c9ec52f6b8e/901439d39eb2de551860f/small_1623846896_memes.png","med_image_url":"https://coub-anubis-a.akamaized.net/coub_storage/category/cw_image/c9ec52f6b8e/901439d39eb2de551860f/med_1623846896_memes.png","i_subscribed":true,"community_notifications_enabled":null,"description":null}],"recoubs_count":8,"remixes_count":0,"likes_count":43,"dislikes_count":0,"raw_video_id":16894668,"uploaded_by_ios_app":true,"uploaded_by_android_app":false,"media_blocks":{"uploaded_raw_videos":[],"external_raw_videos":[],"remixed_from_coubs":[]},"raw_video_thumbnail_url":"https://coub-anubis-a.akamaized.net/coub_storage/raw_video/cw_image/b0d0807ae5f/5719d7a78ea23dd9ca30d/coub_media_1635949352_image.jpg","raw_video_title":"filename.mp4","video_block_banned":false,"duration":8.0,"promo_winner":false,"promo_winner_recoubers":null,"editorial_info":{},"promo_hint":null,"beeline_best_2014":null,"from_web_editor":false,"normalize_sound":true,"normalize_change_allowed":true,"best2015_addable":false,"ahmad_promo":null,"promo_data":null,"audio_copyright_claim":null,"ads_disabled":null,"is_safe_for_ads":true,"megafon_contents":[],"position_on_page":10}]}