{"page":160,"per_page":10,"total_pages":500,"coubs":[{"flag":null,"abuses":null,"recoubs_by_users_channels":null,"favourite":false,"promoted_id":null,"recoub":null,"like":null,"dislike":null,"reaction":null,"in_my_best2015":false,"id":177243340,"type":"Coub::Simple","permalink":"2x6gqw","title":"muh boy Collapse","visibility_type":"public","original_visibility_type":"public","channel_id":1571051,"created_at":"2021-10-18T06:51:55Z","updated_at":"2021-12-29T05:37:02Z","is_done":true,"views_count":16075,"cotd":null,"cotd_at":null,"visible_on_explore_root":false,"visible_on_explore":false,"featured":false,"published":true,"published_at":"2021-10-18T06:51:55Z","reversed":false,"from_editor_v2":true,"is_editable":true,"original_sound":true,"has_sound":true,"recoub_to":null,"file_versions":{"html5":{"video":{"higher":{"url":"https://coub-anubis-a.akamaized.net/coub_storage/coub/simple/cw_file/7d1acaac67b/9272b1cd942f69a3ec379/muted_mp4_huge_size_1634539930_muted_huge.mp4","size":2279495},"high":{"url":"https://coub-anubis-a.akamaized.net/coub_storage/coub/simple/cw_file/7d1acaac67b/9272b1cd942f69a3ec379/muted_mp4_big_size_1634539930_muted_big.mp4","size":1708869},"med":{"url":"https://coub-anubis-a.akamaized.net/coub_storage/coub/simple/cw_file/7d1acaac67b/9272b1cd942f69a3ec379/muted_mp4_med_size_1634539930_muted_med.mp4","size":430267}},"audio":{"high":{"url":"https://coub-anubis-a.akamaized.net/coub_storage/coub/simple/cw_looped_audio_high/8fa846f2927/0c886e9b384dfcbae82a1/1634539932_mp3-high.mp3","size":1122185},"med":{"url":"https://coub-anubis-a.akamaized.net/coub_storage/coub/simple/cw_looped_audio_med/c80e08cc5af/b946c40431a7bae5b97e7/1634539931_mp3-med.mp3","size":914064},"sample_duration":5.735}},"mobile":{"video":"https://coub-anubis-a.akamaized.net/coub_storage/coub/simple/cw_file/7d1acaac67b/9272b1cd942f69a3ec379/muted_mp4_med_size_1634539930_muted_med.mp4","audio":["https://coub-anubis-a.akamaized.net/coub_storage/coub/simple/cw_looped_audio_med/c80e08cc5af/b946c40431a7bae5b97e7/1634539931_mp3-med.mp3"]},"share":{"default":"https://coub-anubis-a.akamaized.net/coub_storage/coub/simple/cw_video_for_sharing/a95328efb7c/0a6e980cee2e4e591e5d2/1634539954_looped_1634539953.mp4"}},"audio_versions":{},"image_versions":{"template":"https://coub-anubis-a.akamaized.net/coub_storage/coub/simple/cw_image/b99f4b2736f/080f1733d507339ee7ab9/%{version}_1634539936_00018.jpg","versions":["micro","tiny","age_restricted","ios_large","ios_mosaic","big","med","small","pinterest"]},"first_frame_versions":{"template":"https://coub-anubis-a.akamaized.net/coub_storage/coub/simple/cw_timeline_pic/7f158bdaf9f/61c0f275ead6bd3448f84/%{version}_1634539935_image.jpg","versions":["big","med","small","ios_large"]},"dimensions":{"big":[1280,720],"med":[640,360]},"site_w_h":[640,360],"page_w_h":[640,360],"site_w_h_small":[310,174],"size":[1280,720],"age_restricted":false,"age_restricted_by_admin":false,"not_safe_for_work":null,"allow_reuse":false,"dont_crop":true,"banned":false,"global_safe":null,"audio_file_url":null,"external_download":{"type":"Youtube","service_name":"YouTube","url":"https://youtu.be/T4WDC3BtcwE","has_embed":true},"application":null,"channel":{"id":1571051,"permalink":"ebakosmos","title":"ebakosmos","description":null,"followers_count":34,"following_count":3,"avatar_versions":{"template":"https://coub-anubis-a.akamaized.net/coub_storage/channel/cw_avatar/2f059dc4f75/9072bea75d473bedaca1e/%{version}_1609032980_48cmu3_1509292729_Unti1231233123tled.jpg","versions":["medium","medium_2x","profile_pic","profile_pic_new","profile_pic_new_2x","tiny","tiny_2x","small","small_2x","ios_large","ios_small"]}},"file":null,"picture":"https://coub-anubis-a.akamaized.net/coub_storage/coub/simple/cw_image/b99f4b2736f/080f1733d507339ee7ab9/med_1634539936_00018.jpg","timeline_picture":"https://coub-anubis-a.akamaized.net/coub_storage/coub/simple/cw_timeline_pic/7f158bdaf9f/61c0f275ead6bd3448f84/ios_large_1634539935_image.jpg","small_picture":"https://coub-anubis-a.akamaized.net/coub_storage/coub/simple/cw_image/b99f4b2736f/080f1733d507339ee7ab9/ios_mosaic_1634539936_00018.jpg","sharing_picture":null,"percent_done":100,"tags":[],"categories":[{"id":116,"title":"Memes","permalink":"memes","subscriptions_count":1914550,"big_image_url":"https://coub-anubis-a.akamaized.net/coub_storage/category/cw_image/c9ec52f6b8e/901439d39eb2de551860f/big_1623846896_memes.png","small_image_url":"https://coub-anubis-a.akamaized.net/coub_storage/category/cw_image/c9ec52f6b8e/901439d39eb2de551860f/small_1623846896_memes.png","med_image_url":"https://coub-anubis-a.akamaized.net/coub_storage/category/cw_image/c9ec52f6b8e/901439d39eb2de551860f/med_1623846896_memes.png","visible":true}],"communities":[{"id":116,"title":"Memes","permalink":"memes","subscriptions_count":1914550,"big_image_url":"https://coub-anubis-a.akamaized.net/coub_storage/category/cw_image/c9ec52f6b8e/901439d39eb2de551860f/big_1623846896_memes.png","small_image_url":"https://coub-anubis-a.akamaized.net/coub_storage/category/cw_image/c9ec52f6b8e/901439d39eb2de551860f/small_1623846896_memes.png","med_image_url":"https://coub-anubis-a.akamaized.net/coub_storage/category/cw_image/c9ec52f6b8e/901439d39eb2de551860f/med_1623846896_memes.png","i_subscribed":true,"community_notifications_enabled":null,"description":null}],"recoubs_count":22,"remixes_count":0,"likes_count":153,"dislikes_count":0,"raw_video_id":16854233,"uploaded_by_ios_app":false,"uploaded_by_android_app":false,"media_blocks":{"uploaded_raw_videos":[],"external_raw_videos":[{"id":39869850,"title":"Collapse draws penis in game Team Spirit vs Team Liquid(Нарисовал половой орган в игре против Ликвид","url":"https://www.youtube.com/watch?v=T4WDC3BtcwE","image":"https://coub-anubis-a.akamaized.net/coub_storage/media_block/cw_image/f87aaf0ae0e/8f69f4fbbd8998d014b32/video_1634539761_dbrkuk_1634539741_1634539740_1s7d9my_att-url-download.jpg_sqp_-oaymwEcCNACELwBSFXyq4qpAw4IARUAAIhCGAFwAcABBg___rs_AOn4CLBF6f3jvanu9ei2BRXZcDq8ic1xUg","image_retina":"https://coub-anubis-a.akamaized.net/coub_storage/media_block/cw_image/f87aaf0ae0e/8f69f4fbbd8998d014b32/video_retina_1634539761_dbrkuk_1634539741_1634539740_1s7d9my_att-url-download.jpg_sqp_-oaymwEcCNACELwBSFXyq4qpAw4IARUAAIhCGAFwAcABBg___rs_AOn4CLBF6f3jvanu9ei2BRXZcDq8ic1xUg","meta":{"service":"Youtube","duration":"24.461"},"duration":24.461,"raw_video_id":16854233,"has_embed":true}],"remixed_from_coubs":[],"external_video":{"id":39869850,"title":"Collapse draws penis in game Team Spirit vs Team Liquid(Нарисовал половой орган в игре против Ликвид","url":"https://www.youtube.com/watch?v=T4WDC3BtcwE","image":"https://coub-anubis-a.akamaized.net/coub_storage/media_block/cw_image/f87aaf0ae0e/8f69f4fbbd8998d014b32/video_1634539761_dbrkuk_1634539741_1634539740_1s7d9my_att-url-download.jpg_sqp_-oaymwEcCNACELwBSFXyq4qpAw4IARUAAIhCGAFwAcABBg___rs_AOn4CLBF6f3jvanu9ei2BRXZcDq8ic1xUg","image_retina":"https://coub-anubis-a.akamaized.net/coub_storage/media_block/cw_image/f87aaf0ae0e/8f69f4fbbd8998d014b32/video_retina_1634539761_dbrkuk_1634539741_1634539740_1s7d9my_att-url-download.jpg_sqp_-oaymwEcCNACELwBSFXyq4qpAw4IARUAAIhCGAFwAcABBg___rs_AOn4CLBF6f3jvanu9ei2BRXZcDq8ic1xUg","meta":{"service":"Youtube","duration":"24.461"},"duration":24.461,"raw_video_id":16854233,"has_embed":true}},"raw_video_thumbnail_url":"https://coub-anubis-a.akamaized.net/coub_storage/raw_video/cw_image/a9eb14fc412/4b04ffb27e183b342c3fb/coub_media_1634539741_1634539740_1s7d9my_att-url-download.jpg_sqp_-oaymwEcCNACELwBSFXyq4qpAw4IARUAAIhCGAFwAcABBg___rs_AOn4CLBF6f3jvanu9ei2BRXZcDq8ic1xUg","raw_video_title":"Collapse draws penis in game Team Spirit vs Team Liquid(Нарисовал половой орган в игре против Ликвид","video_block_banned":false,"duration":5.72,"promo_winner":false,"promo_winner_recoubers":null,"editorial_info":{},"promo_hint":null,"beeline_best_2014":null,"from_web_editor":true,"normalize_sound":true,"normalize_change_allowed":true,"best2015_addable":false,"ahmad_promo":null,"promo_data":null,"audio_copyright_claim":null,"ads_disabled":null,"is_safe_for_ads":true,"megafon_contents":[],"position_on_page":1},{"flag":null,"abuses":null,"recoubs_by_users_channels":null,"favourite":false,"promoted_id":null,"recoub":null,"like":null,"dislike":null,"reaction":null,"in_my_best2015":false,"id":176879187,"type":"Coub::Simple","permalink":"2wynrj","title":"Язык неандертальцев","visibility_type":"public","original_visibility_type":"public","channel_id":1011520,"created_at":"2021-10-11T02:21:44Z","updated_at":"2022-01-30T15:30:57Z","is_done":true,"views_count":19211,"cotd":null,"cotd_at":null,"visible_on_explore_root":false,"visible_on_explore":false,"featured":false,"published":true,"published_at":"2021-10-11T02:21:44Z","reversed":false,"from_editor_v2":true,"is_editable":true,"original_sound":true,"has_sound":true,"recoub_to":null,"file_versions":{"html5":{"video":{"higher":{"url":"https://coub-anubis-a.akamaized.net/coub_storage/coub/simple/cw_file/87b7d5f60b2/3d90aae6639138db74715/muted_mp4_huge_size_1633918912_muted_huge.mp4","size":763814},"high":{"url":"https://coub-anubis-a.akamaized.net/coub_storage/coub/simple/cw_file/87b7d5f60b2/3d90aae6639138db74715/muted_mp4_big_size_1633918912_muted_big.mp4","size":469810},"med":{"url":"https://coub-anubis-a.akamaized.net/coub_storage/coub/simple/cw_file/87b7d5f60b2/3d90aae6639138db74715/muted_mp4_med_size_1633918912_muted_med.mp4","size":151913}},"audio":{"high":{"url":"https://coub-anubis-a.akamaized.net/coub_storage/coub/simple/cw_looped_audio_high/e76243fd4da/2cfb4168a41495bd2e642/1633918914_mp3-high.mp3","size":899008},"med":{"url":"https://coub-anubis-a.akamaized.net/coub_storage/coub/simple/cw_looped_audio_med/ad277a7d928/f31ce4bc4297400c6feb4/1633918913_mp3-med.mp3","size":869613},"sample_duration":6.85}},"mobile":{"video":"https://coub-anubis-a.akamaized.net/coub_storage/coub/simple/cw_file/87b7d5f60b2/3d90aae6639138db74715/muted_mp4_med_size_1633918912_muted_med.mp4","audio":["https://coub-anubis-a.akamaized.net/coub_storage/coub/simple/cw_looped_audio_med/ad277a7d928/f31ce4bc4297400c6feb4/1633918913_mp3-med.mp3"]},"share":{"default":"https://coub-anubis-a.akamaized.net/coub_storage/coub/simple/cw_video_for_sharing/262b63c5f83/bf96905c5b1953f51d0aa/1633918939_looped_1633918938.mp4"}},"audio_versions":{},"image_versions":{"template":"https://coub-anubis-a.akamaized.net/coub_storage/coub/simple/cw_image/30dba5e576c/2a7c72f06b642bbde1b30/%{version}_1633918918_00022.jpg","versions":["micro","tiny","age_restricted","ios_large","ios_mosaic","big","med","small","pinterest"]},"first_frame_versions":{"template":"https://coub-anubis-a.akamaized.net/coub_storage/coub/simple/cw_timeline_pic/b7f14957a14/c613f760f45574bd38bb6/%{version}_1633918917_image.jpg","versions":["big","med","small","ios_large"]},"dimensions":{"big":[1280,720],"med":[640,360]},"site_w_h":[640,360],"page_w_h":[640,360],"site_w_h_small":[310,174],"size":[1280,720],"age_restricted":false,"age_restricted_by_admin":false,"not_safe_for_work":null,"allow_reuse":false,"dont_crop":true,"banned":false,"global_safe":null,"audio_file_url":null,"external_download":false,"application":null,"channel":{"id":1011520,"permalink":"mrlighte","title":"MrLighte","description":null,"followers_count":3,"following_count":9,"avatar_versions":{"template":"https://coub-anubis-a.akamaized.net/coub_storage/channel/cw_avatar/7820ff0ef07/3d5bede12ffc30cad8a5a/%{version}_1608506091_p47mw6_1474652737_a0hhos_att-url-download.jpg","versions":["medium","medium_2x","profile_pic","profile_pic_new","profile_pic_new_2x","tiny","tiny_2x","small","small_2x","ios_large","ios_small"]}},"file":null,"picture":"https://coub-anubis-a.akamaized.net/coub_storage/coub/simple/cw_image/30dba5e576c/2a7c72f06b642bbde1b30/med_1633918918_00022.jpg","timeline_picture":"https://coub-anubis-a.akamaized.net/coub_storage/coub/simple/cw_timeline_pic/b7f14957a14/c613f760f45574bd38bb6/ios_large_1633918917_image.jpg","small_picture":"https://coub-anubis-a.akamaized.net/coub_storage/coub/simple/cw_image/30dba5e576c/2a7c72f06b642bbde1b30/ios_mosaic_1633918918_00022.jpg","sharing_picture":null,"percent_done":100,"tags":[],"categories":[{"id":116,"title":"Memes","permalink":"memes","subscriptions_count":1914550,"big_image_url":"https://coub-anubis-a.akamaized.net/coub_storage/category/cw_image/c9ec52f6b8e/901439d39eb2de551860f/big_1623846896_memes.png","small_image_url":"https://coub-anubis-a.akamaized.net/coub_storage/category/cw_image/c9ec52f6b8e/901439d39eb2de551860f/small_1623846896_memes.png","med_image_url":"https://coub-anubis-a.akamaized.net/coub_storage/category/cw_image/c9ec52f6b8e/901439d39eb2de551860f/med_1623846896_memes.png","visible":true}],"communities":[{"id":116,"title":"Memes","permalink":"memes","subscriptions_count":1914550,"big_image_url":"https://coub-anubis-a.akamaized.net/coub_storage/category/cw_image/c9ec52f6b8e/901439d39eb2de551860f/big_1623846896_memes.png","small_image_url":"https://coub-anubis-a.akamaized.net/coub_storage/category/cw_image/c9ec52f6b8e/901439d39eb2de551860f/small_1623846896_memes.png","med_image_url":"https://coub-anubis-a.akamaized.net/coub_storage/category/cw_image/c9ec52f6b8e/901439d39eb2de551860f/med_1623846896_memes.png","i_subscribed":true,"community_notifications_enabled":null,"description":null}],"recoubs_count":28,"remixes_count":0,"likes_count":153,"dislikes_count":0,"raw_video_id":16835494,"uploaded_by_ios_app":false,"uploaded_by_android_app":false,"media_blocks":{"uploaded_raw_videos":[],"external_raw_videos":[],"remixed_from_coubs":[]},"raw_video_thumbnail_url":"https://coub-anubis-a.akamaized.net/coub_storage/raw_video/cw_image/3bab779d7f5/91e6c4069fa0cc4babb83/coub_media_1633918860_image.jpg","raw_video_title":"___________________.mov","video_block_banned":false,"duration":6.84,"promo_winner":false,"promo_winner_recoubers":null,"editorial_info":{},"promo_hint":null,"beeline_best_2014":null,"from_web_editor":true,"normalize_sound":true,"normalize_change_allowed":true,"best2015_addable":false,"ahmad_promo":null,"promo_data":null,"audio_copyright_claim":null,"ads_disabled":null,"is_safe_for_ads":true,"megafon_contents":[],"position_on_page":2},{"flag":null,"abuses":null,"recoubs_by_users_channels":null,"favourite":false,"promoted_id":null,"recoub":null,"like":null,"dislike":null,"reaction":null,"in_my_best2015":false,"id":174955881,"type":"Coub::Simple","permalink":"2vtfq0","title":".","visibility_type":"public","original_visibility_type":"public","channel_id":10503601,"created_at":"2021-09-04T15:45:15Z","updated_at":"2022-03-11T21:44:37Z","is_done":true,"views_count":18728,"cotd":null,"cotd_at":null,"visible_on_explore_root":false,"visible_on_explore":false,"featured":false,"published":true,"published_at":"2021-09-04T15:45:15Z","reversed":false,"from_editor_v2":true,"is_editable":true,"original_sound":true,"has_sound":true,"recoub_to":null,"file_versions":{"html5":{"video":{"higher":{"url":"https://coub-anubis-a.akamaized.net/coub_storage/coub/simple/cw_file/4ef581f5c74/76e61a11d489ad79b06ef/muted_mp4_huge_size_1630770318_muted_huge.mp4","size":2540270},"high":{"url":"https://coub-anubis-a.akamaized.net/coub_storage/coub/simple/cw_file/4ef581f5c74/76e61a11d489ad79b06ef/muted_mp4_big_size_1630770318_muted_big.mp4","size":1641305},"med":{"url":"https://coub-anubis-a.akamaized.net/coub_storage/coub/simple/cw_file/4ef581f5c74/76e61a11d489ad79b06ef/muted_mp4_med_size_1630770318_muted_med.mp4","size":577941}},"audio":{"high":{"url":"https://coub-anubis-a.akamaized.net/coub_storage/coub/simple/cw_looped_audio_high/72e983df2ce/d1c2c2cbae129fae31b40/1630770320_mp3-high.mp3","size":955431},"med":{"url":"https://coub-anubis-a.akamaized.net/coub_storage/coub/simple/cw_looped_audio_med/ccde379be69/7c918d5154a483bd82054/1630770319_mp3-med.mp3","size":798347},"sample_duration":10.008}},"mobile":{"video":"https://coub-anubis-a.akamaized.net/coub_storage/coub/simple/cw_file/4ef581f5c74/76e61a11d489ad79b06ef/muted_mp4_med_size_1630770318_muted_med.mp4","audio":["https://coub-anubis-a.akamaized.net/coub_storage/coub/simple/cw_looped_audio_med/ccde379be69/7c918d5154a483bd82054/1630770319_mp3-med.mp3"]},"share":{"default":"https://coub-anubis-a.akamaized.net/coub_storage/coub/simple/cw_video_for_sharing/e75804a25df/1e7edd5377c5a6b1e0ecc/1630770371_looped_1630770368.mp4"}},"audio_versions":{},"image_versions":{"template":"https://coub-anubis-a.akamaized.net/coub_storage/coub/simple/cw_image/a142250e961/60081449937d79c7fa5b4/%{version}_1630770327_00032.jpg","versions":["micro","tiny","age_restricted","ios_large","ios_mosaic","big","med","small","pinterest"]},"first_frame_versions":{"template":"https://coub-anubis-a.akamaized.net/coub_storage/coub/simple/cw_timeline_pic/864ab4e4240/9208c7d9d6d43ee1e16f3/%{version}_1630770327_image.jpg","versions":["big","med","small","ios_large"]},"dimensions":{"big":[1280,708],"med":[640,354]},"site_w_h":[640,354],"page_w_h":[640,354],"site_w_h_small":[310,171],"size":[1280,708],"age_restricted":false,"age_restricted_by_admin":false,"not_safe_for_work":false,"allow_reuse":false,"dont_crop":true,"banned":false,"global_safe":null,"audio_file_url":null,"external_download":false,"application":null,"channel":{"id":10503601,"permalink":"yourwatchingvenneg","title":"venneg","description":null,"followers_count":53,"following_count":17,"avatar_versions":{"template":"https://coub-anubis-a.akamaized.net/coub_storage/channel/cw_avatar/8ee750b880c/29999dc10db7c25471249/%{version}_1613802588_Kabis.PNG","versions":["medium","medium_2x","profile_pic","profile_pic_new","profile_pic_new_2x","tiny","tiny_2x","small","small_2x","ios_large","ios_small"]}},"file":null,"picture":"https://coub-anubis-a.akamaized.net/coub_storage/coub/simple/cw_image/a142250e961/60081449937d79c7fa5b4/med_1630770327_00032.jpg","timeline_picture":"https://coub-anubis-a.akamaized.net/coub_storage/coub/simple/cw_timeline_pic/864ab4e4240/9208c7d9d6d43ee1e16f3/ios_large_1630770327_image.jpg","small_picture":"https://coub-anubis-a.akamaized.net/coub_storage/coub/simple/cw_image/a142250e961/60081449937d79c7fa5b4/ios_mosaic_1630770327_00032.jpg","sharing_picture":null,"percent_done":100,"tags":[],"categories":[{"id":116,"title":"Memes","permalink":"memes","subscriptions_count":1914550,"big_image_url":"https://coub-anubis-a.akamaized.net/coub_storage/category/cw_image/c9ec52f6b8e/901439d39eb2de551860f/big_1623846896_memes.png","small_image_url":"https://coub-anubis-a.akamaized.net/coub_storage/category/cw_image/c9ec52f6b8e/901439d39eb2de551860f/small_1623846896_memes.png","med_image_url":"https://coub-anubis-a.akamaized.net/coub_storage/category/cw_image/c9ec52f6b8e/901439d39eb2de551860f/med_1623846896_memes.png","visible":true}],"communities":[{"id":116,"title":"Memes","permalink":"memes","subscriptions_count":1914550,"big_image_url":"https://coub-anubis-a.akamaized.net/coub_storage/category/cw_image/c9ec52f6b8e/901439d39eb2de551860f/big_1623846896_memes.png","small_image_url":"https://coub-anubis-a.akamaized.net/coub_storage/category/cw_image/c9ec52f6b8e/901439d39eb2de551860f/small_1623846896_memes.png","med_image_url":"https://coub-anubis-a.akamaized.net/coub_storage/category/cw_image/c9ec52f6b8e/901439d39eb2de551860f/med_1623846896_memes.png","i_subscribed":true,"community_notifications_enabled":null,"description":null}],"recoubs_count":33,"remixes_count":0,"likes_count":153,"dislikes_count":0,"raw_video_id":16743239,"uploaded_by_ios_app":false,"uploaded_by_android_app":false,"media_blocks":{"uploaded_raw_videos":[],"external_raw_videos":[],"remixed_from_coubs":[]},"raw_video_thumbnail_url":"https://coub-anubis-a.akamaized.net/coub_storage/raw_video/cw_image/56045052d11/82b29049a7034c89af2d8/coub_media_1630768174_image.jpg","raw_video_title":"redditsave.com_we_must_rise-s5gtl9nia4l71.mp4","video_block_banned":false,"duration":10.0,"promo_winner":false,"promo_winner_recoubers":null,"editorial_info":{},"promo_hint":null,"beeline_best_2014":null,"from_web_editor":true,"normalize_sound":true,"normalize_change_allowed":true,"best2015_addable":false,"ahmad_promo":null,"promo_data":null,"audio_copyright_claim":null,"ads_disabled":false,"is_safe_for_ads":true,"megafon_contents":[],"position_on_page":3},{"flag":null,"abuses":null,"recoubs_by_users_channels":null,"favourite":false,"promoted_id":null,"recoub":null,"like":null,"dislike":null,"reaction":null,"in_my_best2015":false,"id":174861455,"type":"Coub::Simple","permalink":"2vrev2","title":"Скоро во всех магнитолах и радиоприёмниках СНГ","visibility_type":"public","original_visibility_type":"public","channel_id":1927178,"created_at":"2021-09-02T19:48:27Z","updated_at":"2022-03-08T22:35:09Z","is_done":true,"views_count":18641,"cotd":null,"cotd_at":null,"visible_on_explore_root":false,"visible_on_explore":false,"featured":false,"published":true,"published_at":"2021-09-02T19:48:27Z","reversed":false,"from_editor_v2":true,"is_editable":true,"original_sound":true,"has_sound":true,"recoub_to":null,"file_versions":{"html5":{"video":{"higher":{"url":"https://coub-anubis-a.akamaized.net/coub_storage/coub/simple/cw_file/19b9edb08c6/fa7d51101e0d14d2eb38a/muted_mp4_huge_size_1630612114_muted_huge.mp4","size":1079300},"high":{"url":"https://coub-anubis-a.akamaized.net/coub_storage/coub/simple/cw_file/19b9edb08c6/fa7d51101e0d14d2eb38a/muted_mp4_big_size_1630612114_muted_big.mp4","size":653428},"med":{"url":"https://coub-anubis-a.akamaized.net/coub_storage/coub/simple/cw_file/19b9edb08c6/fa7d51101e0d14d2eb38a/muted_mp4_med_size_1630612114_muted_med.mp4","size":202397}},"audio":{"high":{"url":"https://coub-anubis-a.akamaized.net/coub_storage/coub/simple/cw_looped_audio_high/7cfd48e7d54/d7e5eddfb18093d6769f6/1630612116_mp3-high.mp3","size":1119732},"med":{"url":"https://coub-anubis-a.akamaized.net/coub_storage/coub/simple/cw_looped_audio_med/75a699147a6/3713c129fb6151f8a4849/1630612115_mp3-med.mp3","size":805644},"sample_duration":10.101}},"mobile":{"video":"https://coub-anubis-a.akamaized.net/coub_storage/coub/simple/cw_file/19b9edb08c6/fa7d51101e0d14d2eb38a/muted_mp4_med_size_1630612114_muted_med.mp4","audio":["https://coub-anubis-a.akamaized.net/coub_storage/coub/simple/cw_looped_audio_med/75a699147a6/3713c129fb6151f8a4849/1630612115_mp3-med.mp3"]},"share":{"default":"https://coub-anubis-a.akamaized.net/coub_storage/coub/simple/cw_video_for_sharing/19a2a5b7bf5/9940c60a6da563f049638/1630612144_looped_1630612143.mp4"}},"audio_versions":{},"image_versions":{"template":"https://coub-anubis-a.akamaized.net/coub_storage/coub/simple/cw_image/f5f60215a6e/4cd2b0b04883c024b6292/%{version}_1630612120_00032.jpg","versions":["micro","tiny","age_restricted","ios_large","ios_mosaic","big","med","small","pinterest"]},"first_frame_versions":{"template":"https://coub-anubis-a.akamaized.net/coub_storage/coub/simple/cw_timeline_pic/245c78b1fb0/6f4c6e50fc75180260c66/%{version}_1630612119_image.jpg","versions":["big","med","small","ios_large"]},"dimensions":{"big":[768,960],"med":[384,480]},"site_w_h":[320,400],"page_w_h":[400,500],"site_w_h_small":[310,388],"size":[768,960],"age_restricted":false,"age_restricted_by_admin":false,"not_safe_for_work":false,"allow_reuse":false,"dont_crop":true,"banned":false,"global_safe":null,"audio_file_url":null,"external_download":{"type":"Instagram","service_name":"Instagram","url":"https://www.instagram.com/p/CTP-pehot8t/?utm_medium=share_sheet","has_embed":false},"application":null,"channel":{"id":1927178,"permalink":"gifanidze","title":"GifanidzE","description":null,"followers_count":195,"following_count":77,"avatar_versions":{"template":"https://coub-anubis-a.akamaized.net/coub_storage/channel/cw_avatar/c98993fc96a/9d84fb442b636891be828/%{version}_1607827346_1parkba_1474558464_Gostya-iz-budushhego.jpg","versions":["medium","medium_2x","profile_pic","profile_pic_new","profile_pic_new_2x","tiny","tiny_2x","small","small_2x","ios_large","ios_small"]}},"file":null,"picture":"https://coub-anubis-a.akamaized.net/coub_storage/coub/simple/cw_image/f5f60215a6e/4cd2b0b04883c024b6292/med_1630612120_00032.jpg","timeline_picture":"https://coub-anubis-a.akamaized.net/coub_storage/coub/simple/cw_timeline_pic/245c78b1fb0/6f4c6e50fc75180260c66/ios_large_1630612119_image.jpg","small_picture":"https://coub-anubis-a.akamaized.net/coub_storage/coub/simple/cw_image/f5f60215a6e/4cd2b0b04883c024b6292/ios_mosaic_1630612120_00032.jpg","sharing_picture":null,"percent_done":100,"tags":[{"id":299495,"title":"3 сентября","value":"3%20%D1%81%D0%B5%D0%BD%D1%82%D1%8F%D0%B1%D1%80%D1%8F"},{"id":514988,"title":"михаил шуфутинский","value":"%D0%BC%D0%B8%D1%85%D0%B0%D0%B8%D0%BB%20%D1%88%D1%83%D1%84%D1%83%D1%82%D0%B8%D0%BD%D1%81%D0%BA%D0%B8%D0%B9"},{"id":34130,"title":"бумер","value":"%D0%B1%D1%83%D0%BC%D0%B5%D1%80"}],"categories":[{"id":116,"title":"Memes","permalink":"memes","subscriptions_count":1914550,"big_image_url":"https://coub-anubis-a.akamaized.net/coub_storage/category/cw_image/c9ec52f6b8e/901439d39eb2de551860f/big_1623846896_memes.png","small_image_url":"https://coub-anubis-a.akamaized.net/coub_storage/category/cw_image/c9ec52f6b8e/901439d39eb2de551860f/small_1623846896_memes.png","med_image_url":"https://coub-anubis-a.akamaized.net/coub_storage/category/cw_image/c9ec52f6b8e/901439d39eb2de551860f/med_1623846896_memes.png","visible":true}],"communities":[{"id":116,"title":"Memes","permalink":"memes","subscriptions_count":1914550,"big_image_url":"https://coub-anubis-a.akamaized.net/coub_storage/category/cw_image/c9ec52f6b8e/901439d39eb2de551860f/big_1623846896_memes.png","small_image_url":"https://coub-anubis-a.akamaized.net/coub_storage/category/cw_image/c9ec52f6b8e/901439d39eb2de551860f/small_1623846896_memes.png","med_image_url":"https://coub-anubis-a.akamaized.net/coub_storage/category/cw_image/c9ec52f6b8e/901439d39eb2de551860f/med_1623846896_memes.png","i_subscribed":true,"community_notifications_enabled":null,"description":null}],"recoubs_count":15,"remixes_count":0,"likes_count":153,"dislikes_count":0,"raw_video_id":16738927,"uploaded_by_ios_app":false,"uploaded_by_android_app":false,"media_blocks":{"uploaded_raw_videos":[],"external_raw_videos":[{"id":39593763,"title":"Shot by horosheenastroenie5","url":"http://instagram.com/p/CTP-pehot8t/","image":"https://coub-anubis-a.akamaized.net/coub_storage/media_block/cw_image/afb0ec16edb/8213b00c9cf728042ffd9/video_1630611681_9mpmkq_1630611672_image.jpg","image_retina":"https://coub-anubis-a.akamaized.net/coub_storage/media_block/cw_image/afb0ec16edb/8213b00c9cf728042ffd9/video_retina_1630611681_9mpmkq_1630611672_image.jpg","meta":{"service":"Instagram","duration":"20.96"},"duration":20.96,"raw_video_id":16738927,"has_embed":false}],"remixed_from_coubs":[],"external_video":{"id":39593763,"title":"Shot by horosheenastroenie5","url":"http://instagram.com/p/CTP-pehot8t/","image":"https://coub-anubis-a.akamaized.net/coub_storage/media_block/cw_image/afb0ec16edb/8213b00c9cf728042ffd9/video_1630611681_9mpmkq_1630611672_image.jpg","image_retina":"https://coub-anubis-a.akamaized.net/coub_storage/media_block/cw_image/afb0ec16edb/8213b00c9cf728042ffd9/video_retina_1630611681_9mpmkq_1630611672_image.jpg","meta":{"service":"Instagram","duration":"20.96"},"duration":20.96,"raw_video_id":16738927,"has_embed":false}},"raw_video_thumbnail_url":"https://coub-anubis-a.akamaized.net/coub_storage/raw_video/cw_image/1a6eb03336e/e537f5d29d23758efd143/coub_media_1630611672_1630611672_image.jpg","raw_video_title":"Shot by horosheenastroenie5","video_block_banned":false,"duration":10.0,"promo_winner":false,"promo_winner_recoubers":null,"editorial_info":{},"promo_hint":null,"beeline_best_2014":null,"from_web_editor":true,"normalize_sound":true,"normalize_change_allowed":true,"best2015_addable":false,"ahmad_promo":null,"promo_data":null,"audio_copyright_claim":null,"ads_disabled":false,"is_safe_for_ads":true,"megafon_contents":[],"position_on_page":4},{"flag":null,"abuses":null,"recoubs_by_users_channels":null,"favourite":false,"promoted_id":null,"recoub":null,"like":null,"dislike":null,"reaction":null,"in_my_best2015":false,"id":174331942,"type":"Coub::Simple","permalink":"2vg2a9","title":"aaaawubadugh","visibility_type":"public","original_visibility_type":"public","channel_id":9504866,"created_at":"2021-08-23T21:20:05Z","updated_at":"2022-03-08T23:22:19Z","is_done":true,"views_count":13356,"cotd":null,"cotd_at":null,"visible_on_explore_root":false,"visible_on_explore":false,"featured":false,"published":true,"published_at":"2021-08-23T21:20:05Z","reversed":false,"from_editor_v2":true,"is_editable":true,"original_sound":true,"has_sound":true,"recoub_to":null,"file_versions":{"html5":{"video":{"higher":{"url":"https://coub-anubis-a.akamaized.net/coub_storage/coub/simple/cw_file/7ece1882edd/0782e498ce29b283638f6/muted_mp4_huge_size_1629753616_muted_huge.mp4","size":303038},"high":{"url":"https://coub-anubis-a.akamaized.net/coub_storage/coub/simple/cw_file/7ece1882edd/0782e498ce29b283638f6/muted_mp4_big_size_1629753616_muted_big.mp4","size":193376},"med":{"url":"https://coub-anubis-a.akamaized.net/coub_storage/coub/simple/cw_file/7ece1882edd/0782e498ce29b283638f6/muted_mp4_med_size_1629753616_muted_med.mp4","size":67259}},"audio":{"high":{"url":"https://coub-anubis-a.akamaized.net/coub_storage/coub/simple/cw_looped_audio_high/416954421d3/1439b5d79bcc36ee98098/1629753619_mp3-high.mp3","size":865631},"med":{"url":"https://coub-anubis-a.akamaized.net/coub_storage/coub/simple/cw_looped_audio_med/9b2dac3a68a/3adc18195e3ed25f80825/1629753618_mp3-med.mp3","size":858319},"sample_duration":9.102}},"mobile":{"video":"https://coub-anubis-a.akamaized.net/coub_storage/coub/simple/cw_file/7ece1882edd/0782e498ce29b283638f6/muted_mp4_med_size_1629753616_muted_med.mp4","audio":["https://coub-anubis-a.akamaized.net/coub_storage/coub/simple/cw_looped_audio_med/9b2dac3a68a/3adc18195e3ed25f80825/1629753618_mp3-med.mp3"]},"share":{"default":"https://coub-anubis-a.akamaized.net/coub_storage/coub/simple/cw_video_for_sharing/92e67b6ab2e/761d96b6545822faa4f7e/1629753657_looped_1629753656.mp4"}},"audio_versions":{},"image_versions":{"template":"https://coub-anubis-a.akamaized.net/coub_storage/coub/simple/cw_image/c0807af433b/344f3fccbc3ac16ac17aa/%{version}_1629753626_00029.jpg","versions":["micro","tiny","age_restricted","ios_large","ios_mosaic","big","med","small","pinterest"]},"first_frame_versions":{"template":"https://coub-anubis-a.akamaized.net/coub_storage/coub/simple/cw_timeline_pic/7f3709200db/6e20e8430055bb00c4ea7/%{version}_1629753624_image.jpg","versions":["big","med","small","ios_large"]},"dimensions":{"big":[1280,720],"med":[640,360]},"site_w_h":[640,360],"page_w_h":[640,360],"site_w_h_small":[310,174],"size":[1280,720],"age_restricted":false,"age_restricted_by_admin":false,"not_safe_for_work":null,"allow_reuse":false,"dont_crop":true,"banned":false,"global_safe":null,"audio_file_url":null,"external_download":{"type":"Youtube","service_name":"YouTube","url":"https://youtu.be/3TKpywXzreY","has_embed":true},"application":null,"channel":{"id":9504866,"permalink":"silishub","title":"silis","description":"Создаю прикольные видео, AMV, MMV и парой что то другое. Все видео что есть на этом аккаунте я делаю сам и беру из своего ютуба","followers_count":31,"following_count":11,"avatar_versions":{"template":"https://coub-anubis-a.akamaized.net/coub_storage/channel/cw_avatar/8340bd44911/8a045ef230a8bec15d2f3/%{version}_1617020862_logoog_1x1.png","versions":["medium","medium_2x","profile_pic","profile_pic_new","profile_pic_new_2x","tiny","tiny_2x","small","small_2x","ios_large","ios_small"]}},"file":null,"picture":"https://coub-anubis-a.akamaized.net/coub_storage/coub/simple/cw_image/c0807af433b/344f3fccbc3ac16ac17aa/med_1629753626_00029.jpg","timeline_picture":"https://coub-anubis-a.akamaized.net/coub_storage/coub/simple/cw_timeline_pic/7f3709200db/6e20e8430055bb00c4ea7/ios_large_1629753624_image.jpg","small_picture":"https://coub-anubis-a.akamaized.net/coub_storage/coub/simple/cw_image/c0807af433b/344f3fccbc3ac16ac17aa/ios_mosaic_1629753626_00029.jpg","sharing_picture":null,"percent_done":100,"tags":[],"categories":[{"id":116,"title":"Memes","permalink":"memes","subscriptions_count":1914550,"big_image_url":"https://coub-anubis-a.akamaized.net/coub_storage/category/cw_image/c9ec52f6b8e/901439d39eb2de551860f/big_1623846896_memes.png","small_image_url":"https://coub-anubis-a.akamaized.net/coub_storage/category/cw_image/c9ec52f6b8e/901439d39eb2de551860f/small_1623846896_memes.png","med_image_url":"https://coub-anubis-a.akamaized.net/coub_storage/category/cw_image/c9ec52f6b8e/901439d39eb2de551860f/med_1623846896_memes.png","visible":true}],"communities":[{"id":116,"title":"Memes","permalink":"memes","subscriptions_count":1914550,"big_image_url":"https://coub-anubis-a.akamaized.net/coub_storage/category/cw_image/c9ec52f6b8e/901439d39eb2de551860f/big_1623846896_memes.png","small_image_url":"https://coub-anubis-a.akamaized.net/coub_storage/category/cw_image/c9ec52f6b8e/901439d39eb2de551860f/small_1623846896_memes.png","med_image_url":"https://coub-anubis-a.akamaized.net/coub_storage/category/cw_image/c9ec52f6b8e/901439d39eb2de551860f/med_1623846896_memes.png","i_subscribed":true,"community_notifications_enabled":null,"description":null}],"recoubs_count":16,"remixes_count":0,"likes_count":153,"dislikes_count":0,"raw_video_id":16713219,"uploaded_by_ios_app":false,"uploaded_by_android_app":false,"media_blocks":{"uploaded_raw_videos":[],"external_raw_videos":[{"id":39531578,"title":"aaaawubadugh","url":"https://www.youtube.com/watch?v=3TKpywXzreY","image":"https://coub-anubis-a.akamaized.net/coub_storage/media_block/cw_image/f2479f8265c/3743df6a5af1c0ad77711/video_1629742757_3nvk7d_1629742744_1629742744_6zdtoo_att-url-download.jpg_sqp_-oaymwEcCNACELwBSFXyq4qpAw4IARUAAIhCGAFwAcABBg___rs_AOn4CLBulHmQNSe37cp7Mudk_00oitqomQ","image_retina":"https://coub-anubis-a.akamaized.net/coub_storage/media_block/cw_image/f2479f8265c/3743df6a5af1c0ad77711/video_retina_1629742757_3nvk7d_1629742744_1629742744_6zdtoo_att-url-download.jpg_sqp_-oaymwEcCNACELwBSFXyq4qpAw4IARUAAIhCGAFwAcABBg___rs_AOn4CLBulHmQNSe37cp7Mudk_00oitqomQ","meta":{"service":"Youtube","duration":"9.08"},"duration":9.08,"raw_video_id":16713219,"has_embed":true}],"remixed_from_coubs":[],"external_video":{"id":39531578,"title":"aaaawubadugh","url":"https://www.youtube.com/watch?v=3TKpywXzreY","image":"https://coub-anubis-a.akamaized.net/coub_storage/media_block/cw_image/f2479f8265c/3743df6a5af1c0ad77711/video_1629742757_3nvk7d_1629742744_1629742744_6zdtoo_att-url-download.jpg_sqp_-oaymwEcCNACELwBSFXyq4qpAw4IARUAAIhCGAFwAcABBg___rs_AOn4CLBulHmQNSe37cp7Mudk_00oitqomQ","image_retina":"https://coub-anubis-a.akamaized.net/coub_storage/media_block/cw_image/f2479f8265c/3743df6a5af1c0ad77711/video_retina_1629742757_3nvk7d_1629742744_1629742744_6zdtoo_att-url-download.jpg_sqp_-oaymwEcCNACELwBSFXyq4qpAw4IARUAAIhCGAFwAcABBg___rs_AOn4CLBulHmQNSe37cp7Mudk_00oitqomQ","meta":{"service":"Youtube","duration":"9.08"},"duration":9.08,"raw_video_id":16713219,"has_embed":true}},"raw_video_thumbnail_url":"https://coub-anubis-a.akamaized.net/coub_storage/raw_video/cw_image/d72ea4ee2fd/378d9711aa73172422641/coub_media_1629742744_1629742744_6zdtoo_att-url-download.jpg_sqp_-oaymwEcCNACELwBSFXyq4qpAw4IARUAAIhCGAFwAcABBg___rs_AOn4CLBulHmQNSe37cp7Mudk_00oitqomQ","raw_video_title":"aaaawubadugh","video_block_banned":false,"duration":9.08,"promo_winner":false,"promo_winner_recoubers":null,"editorial_info":{},"promo_hint":null,"beeline_best_2014":null,"from_web_editor":true,"normalize_sound":true,"normalize_change_allowed":true,"best2015_addable":false,"ahmad_promo":null,"promo_data":null,"audio_copyright_claim":null,"ads_disabled":null,"is_safe_for_ads":true,"megafon_contents":[],"position_on_page":5},{"flag":null,"abuses":null,"recoubs_by_users_channels":null,"favourite":false,"promoted_id":null,"recoub":null,"like":null,"dislike":null,"reaction":null,"in_my_best2015":false,"id":174245598,"type":"Coub::Simple","permalink":"2ve7nr","title":"sup","visibility_type":"public","original_visibility_type":"public","channel_id":12117825,"created_at":"2021-08-22T10:35:05Z","updated_at":"2022-02-23T23:14:08Z","is_done":true,"views_count":15260,"cotd":null,"cotd_at":null,"visible_on_explore_root":false,"visible_on_explore":false,"featured":false,"published":true,"published_at":"2021-08-22T10:35:05Z","reversed":false,"from_editor_v2":true,"is_editable":true,"original_sound":true,"has_sound":true,"recoub_to":null,"file_versions":{"html5":{"video":{"higher":{"url":"https://coub-anubis-a.akamaized.net/coub_storage/coub/simple/cw_file/1a76ce6eca9/fb7929d264e2d9444c2cc/muted_mp4_huge_size_1629628510_muted_huge.mp4","size":478632},"high":{"url":"https://coub-anubis-a.akamaized.net/coub_storage/coub/simple/cw_file/1a76ce6eca9/fb7929d264e2d9444c2cc/muted_mp4_big_size_1629628510_muted_big.mp4","size":297588},"med":{"url":"https://coub-anubis-a.akamaized.net/coub_storage/coub/simple/cw_file/1a76ce6eca9/fb7929d264e2d9444c2cc/muted_mp4_med_size_1629628510_muted_med.mp4","size":108103}},"audio":{"high":{"url":"https://coub-anubis-a.akamaized.net/coub_storage/coub/simple/cw_looped_audio_high/d4b36f8ca44/ef36f61fa923afacbb5af/1629628512_mp3-high.mp3","size":788793},"med":{"url":"https://coub-anubis-a.akamaized.net/coub_storage/coub/simple/cw_looped_audio_med/a6e43918cd7/2746a7f0a603be7fdfec4/1629628511_mp3-med.mp3","size":787865},"sample_duration":6.687}},"mobile":{"video":"https://coub-anubis-a.akamaized.net/coub_storage/coub/simple/cw_file/1a76ce6eca9/fb7929d264e2d9444c2cc/muted_mp4_med_size_1629628510_muted_med.mp4","audio":["https://coub-anubis-a.akamaized.net/coub_storage/coub/simple/cw_looped_audio_med/a6e43918cd7/2746a7f0a603be7fdfec4/1629628511_mp3-med.mp3"]},"share":{"default":"https://coub-anubis-a.akamaized.net/coub_storage/coub/simple/cw_video_for_sharing/dd72489d76f/a8e736fce161fca82adc3/1629628547_looped_1629628547.mp4"}},"audio_versions":{},"image_versions":{"template":"https://coub-anubis-a.akamaized.net/coub_storage/coub/simple/cw_image/1134a99832d/8e44886de1d6bbf6b862a/%{version}_1629628516_00021.jpg","versions":["micro","tiny","age_restricted","ios_large","ios_mosaic","big","med","small","pinterest"]},"first_frame_versions":{"template":"https://coub-anubis-a.akamaized.net/coub_storage/coub/simple/cw_timeline_pic/fb9d17557d6/b6a45285bab52b76318a0/%{version}_1629628516_image.jpg","versions":["big","med","small","ios_large"]},"dimensions":{"big":[538,960],"med":[268,480]},"site_w_h":[224,400],"page_w_h":[400,714],"site_w_h_small":[310,553],"size":[538,960],"age_restricted":false,"age_restricted_by_admin":false,"not_safe_for_work":null,"allow_reuse":false,"dont_crop":true,"banned":false,"global_safe":null,"audio_file_url":null,"external_download":false,"application":null,"channel":{"id":12117825,"permalink":"lollaxcfx","title":"LollaxCFX","description":null,"followers_count":0,"following_count":13,"avatar_versions":{"template":"https://coub-anubis-a.akamaized.net/coub_storage/channel/cw_avatar/cdd7b571d5f/2ac076e75a4a440429c9d/%{version}_1629665806_cropped.jpeg","versions":["medium","medium_2x","profile_pic","profile_pic_new","profile_pic_new_2x","tiny","tiny_2x","small","small_2x","ios_large","ios_small"]}},"file":null,"picture":"https://coub-anubis-a.akamaized.net/coub_storage/coub/simple/cw_image/1134a99832d/8e44886de1d6bbf6b862a/med_1629628516_00021.jpg","timeline_picture":"https://coub-anubis-a.akamaized.net/coub_storage/coub/simple/cw_timeline_pic/fb9d17557d6/b6a45285bab52b76318a0/ios_large_1629628516_image.jpg","small_picture":"https://coub-anubis-a.akamaized.net/coub_storage/coub/simple/cw_image/1134a99832d/8e44886de1d6bbf6b862a/ios_mosaic_1629628516_00021.jpg","sharing_picture":null,"percent_done":100,"tags":[],"categories":[{"id":116,"title":"Memes","permalink":"memes","subscriptions_count":1914550,"big_image_url":"https://coub-anubis-a.akamaized.net/coub_storage/category/cw_image/c9ec52f6b8e/901439d39eb2de551860f/big_1623846896_memes.png","small_image_url":"https://coub-anubis-a.akamaized.net/coub_storage/category/cw_image/c9ec52f6b8e/901439d39eb2de551860f/small_1623846896_memes.png","med_image_url":"https://coub-anubis-a.akamaized.net/coub_storage/category/cw_image/c9ec52f6b8e/901439d39eb2de551860f/med_1623846896_memes.png","visible":true}],"communities":[{"id":116,"title":"Memes","permalink":"memes","subscriptions_count":1914550,"big_image_url":"https://coub-anubis-a.akamaized.net/coub_storage/category/cw_image/c9ec52f6b8e/901439d39eb2de551860f/big_1623846896_memes.png","small_image_url":"https://coub-anubis-a.akamaized.net/coub_storage/category/cw_image/c9ec52f6b8e/901439d39eb2de551860f/small_1623846896_memes.png","med_image_url":"https://coub-anubis-a.akamaized.net/coub_storage/category/cw_image/c9ec52f6b8e/901439d39eb2de551860f/med_1623846896_memes.png","i_subscribed":true,"community_notifications_enabled":null,"description":null}],"recoubs_count":22,"remixes_count":0,"likes_count":153,"dislikes_count":0,"raw_video_id":16709342,"uploaded_by_ios_app":false,"uploaded_by_android_app":true,"media_blocks":{"uploaded_raw_videos":[],"external_raw_videos":[],"remixed_from_coubs":[]},"raw_video_thumbnail_url":"/missing/missing.png","raw_video_title":null,"video_block_banned":false,"duration":6.68,"promo_winner":false,"promo_winner_recoubers":null,"editorial_info":{},"promo_hint":null,"beeline_best_2014":null,"from_web_editor":false,"normalize_sound":true,"normalize_change_allowed":true,"best2015_addable":false,"ahmad_promo":null,"promo_data":null,"audio_copyright_claim":null,"ads_disabled":null,"is_safe_for_ads":true,"megafon_contents":[],"position_on_page":6},{"flag":null,"abuses":null,"recoubs_by_users_channels":null,"favourite":false,"promoted_id":null,"recoub":null,"like":null,"dislike":null,"reaction":null,"in_my_best2015":false,"id":174217777,"type":"Coub::Simple","permalink":"2vdm6w","title":"when you missed step","visibility_type":"public","original_visibility_type":"public","channel_id":12005198,"created_at":"2021-08-21T19:41:02Z","updated_at":"2022-03-13T14:36:40Z","is_done":true,"views_count":19081,"cotd":null,"cotd_at":null,"visible_on_explore_root":false,"visible_on_explore":false,"featured":false,"published":true,"published_at":"2021-08-21T19:41:02Z","reversed":false,"from_editor_v2":true,"is_editable":true,"original_sound":true,"has_sound":true,"recoub_to":null,"file_versions":{"html5":{"video":{"higher":{"url":"https://coub-anubis-a.akamaized.net/coub_storage/coub/simple/cw_file/e14d3236b0b/0d7d5afb7946af2b677e0/muted_mp4_huge_size_1629574866_muted_huge.mp4","size":431209},"high":{"url":"https://coub-anubis-a.akamaized.net/coub_storage/coub/simple/cw_file/e14d3236b0b/0d7d5afb7946af2b677e0/muted_mp4_big_size_1629574866_muted_big.mp4","size":258566},"med":{"url":"https://coub-anubis-a.akamaized.net/coub_storage/coub/simple/cw_file/e14d3236b0b/0d7d5afb7946af2b677e0/muted_mp4_med_size_1629574866_muted_med.mp4","size":92431}},"audio":{"high":{"url":"https://coub-anubis-a.akamaized.net/coub_storage/coub/simple/cw_looped_audio_high/754f49c9434/46e2893ebd242b9c50575/1629574868_mp3-high.mp3","size":1122323},"med":{"url":"https://coub-anubis-a.akamaized.net/coub_storage/coub/simple/cw_looped_audio_med/5207022f6ab/b413990ad3e6f243f9cbb/1629574868_mp3-med.mp3","size":886705},"sample_duration":7.964}},"mobile":{"video":"https://coub-anubis-a.akamaized.net/coub_storage/coub/simple/cw_file/e14d3236b0b/0d7d5afb7946af2b677e0/muted_mp4_med_size_1629574866_muted_med.mp4","audio":["https://coub-anubis-a.akamaized.net/coub_storage/coub/simple/cw_looped_audio_med/5207022f6ab/b413990ad3e6f243f9cbb/1629574868_mp3-med.mp3"]},"share":{"default":"https://coub-anubis-a.akamaized.net/coub_storage/coub/simple/cw_video_for_sharing/a2804edc195/994ba086f642f0e14438c/1629574887_looped_1629574887.mp4"}},"audio_versions":{},"image_versions":{"template":"https://coub-anubis-a.akamaized.net/coub_storage/coub/simple/cw_image/5aab5142de2/786029d380fc802c48774/%{version}_1629574871_00025.jpg","versions":["micro","tiny","age_restricted","ios_large","ios_mosaic","big","med","small","pinterest"]},"first_frame_versions":{"template":"https://coub-anubis-a.akamaized.net/coub_storage/coub/simple/cw_timeline_pic/6191da23e3b/e96f9028343d40d42f9d0/%{version}_1629574871_image.jpg","versions":["big","med","small","ios_large"]},"dimensions":{"big":[538,960],"med":[268,480]},"site_w_h":[224,400],"page_w_h":[400,714],"site_w_h_small":[310,553],"size":[538,960],"age_restricted":false,"age_restricted_by_admin":false,"not_safe_for_work":null,"allow_reuse":false,"dont_crop":true,"banned":false,"global_safe":null,"audio_file_url":null,"external_download":false,"application":null,"channel":{"id":12005198,"permalink":"dismemes","title":"DisMemes","description":"Best Meme Page","followers_count":431,"following_count":1,"avatar_versions":{"template":"https://coub-anubis-a.akamaized.net/coub_storage/channel/cw_avatar/344c4ed9c09/a3eb4e1bd511633c7693e/%{version}_1626793049_3d9.jpg","versions":["medium","medium_2x","profile_pic","profile_pic_new","profile_pic_new_2x","tiny","tiny_2x","small","small_2x","ios_large","ios_small"]}},"file":null,"picture":"https://coub-anubis-a.akamaized.net/coub_storage/coub/simple/cw_image/5aab5142de2/786029d380fc802c48774/med_1629574871_00025.jpg","timeline_picture":"https://coub-anubis-a.akamaized.net/coub_storage/coub/simple/cw_timeline_pic/6191da23e3b/e96f9028343d40d42f9d0/ios_large_1629574871_image.jpg","small_picture":"https://coub-anubis-a.akamaized.net/coub_storage/coub/simple/cw_image/5aab5142de2/786029d380fc802c48774/ios_mosaic_1629574871_00025.jpg","sharing_picture":null,"percent_done":100,"tags":[{"id":2235,"title":"memes","value":"memes"},{"id":299358,"title":"best memes","value":"best%20memes"},{"id":174,"title":"funny","value":"funny"},{"id":22887,"title":"мемы","value":"%D0%BC%D0%B5%D0%BC%D1%8B"},{"id":4480,"title":"приколы","value":"%D0%BF%D1%80%D0%B8%D0%BA%D0%BE%D0%BB%D1%8B"},{"id":2398,"title":"смешные видео","value":"%D1%81%D0%BC%D0%B5%D1%88%D0%BD%D1%8B%D0%B5%20%D0%B2%D0%B8%D0%B4%D0%B5%D0%BE"}],"categories":[{"id":116,"title":"Memes","permalink":"memes","subscriptions_count":1914550,"big_image_url":"https://coub-anubis-a.akamaized.net/coub_storage/category/cw_image/c9ec52f6b8e/901439d39eb2de551860f/big_1623846896_memes.png","small_image_url":"https://coub-anubis-a.akamaized.net/coub_storage/category/cw_image/c9ec52f6b8e/901439d39eb2de551860f/small_1623846896_memes.png","med_image_url":"https://coub-anubis-a.akamaized.net/coub_storage/category/cw_image/c9ec52f6b8e/901439d39eb2de551860f/med_1623846896_memes.png","visible":true}],"communities":[{"id":116,"title":"Memes","permalink":"memes","subscriptions_count":1914550,"big_image_url":"https://coub-anubis-a.akamaized.net/coub_storage/category/cw_image/c9ec52f6b8e/901439d39eb2de551860f/big_1623846896_memes.png","small_image_url":"https://coub-anubis-a.akamaized.net/coub_storage/category/cw_image/c9ec52f6b8e/901439d39eb2de551860f/small_1623846896_memes.png","med_image_url":"https://coub-anubis-a.akamaized.net/coub_storage/category/cw_image/c9ec52f6b8e/901439d39eb2de551860f/med_1623846896_memes.png","i_subscribed":true,"community_notifications_enabled":null,"description":null}],"recoubs_count":43,"remixes_count":0,"likes_count":153,"dislikes_count":0,"raw_video_id":16708000,"uploaded_by_ios_app":false,"uploaded_by_android_app":true,"media_blocks":{"uploaded_raw_videos":[],"external_raw_videos":[],"remixed_from_coubs":[]},"raw_video_thumbnail_url":"/missing/missing.png","raw_video_title":null,"video_block_banned":false,"duration":7.92,"promo_winner":false,"promo_winner_recoubers":null,"editorial_info":{},"promo_hint":null,"beeline_best_2014":null,"from_web_editor":false,"normalize_sound":true,"normalize_change_allowed":true,"best2015_addable":false,"ahmad_promo":null,"promo_data":null,"audio_copyright_claim":null,"ads_disabled":null,"is_safe_for_ads":true,"megafon_contents":[],"position_on_page":7},{"flag":null,"abuses":null,"recoubs_by_users_channels":null,"favourite":false,"promoted_id":null,"recoub":null,"like":null,"dislike":null,"reaction":null,"in_my_best2015":false,"id":171302169,"type":"Coub::Simple","permalink":"2tn4hb","title":"The Bosnian army needs you","visibility_type":"public","original_visibility_type":"public","channel_id":1076205,"created_at":"2021-06-28T19:56:07Z","updated_at":"2022-03-14T15:00:50Z","is_done":true,"views_count":18652,"cotd":null,"cotd_at":null,"visible_on_explore_root":false,"visible_on_explore":false,"featured":false,"published":true,"published_at":"2021-06-28T19:56:07Z","reversed":false,"from_editor_v2":true,"is_editable":true,"original_sound":true,"has_sound":true,"recoub_to":null,"file_versions":{"html5":{"video":{"higher":{"url":"https://coub-anubis-a.akamaized.net/coub_storage/coub/simple/cw_file/ea87f4e0d9a/31f6ba34ddf8b2624164b/muted_mp4_huge_size_1624910182_muted_huge.mp4","size":1134636},"high":{"url":"https://coub-anubis-a.akamaized.net/coub_storage/coub/simple/cw_file/ea87f4e0d9a/31f6ba34ddf8b2624164b/muted_mp4_big_size_1624910182_muted_big.mp4","size":760922},"med":{"url":"https://coub-anubis-a.akamaized.net/coub_storage/coub/simple/cw_file/ea87f4e0d9a/31f6ba34ddf8b2624164b/muted_mp4_med_size_1624910182_muted_med.mp4","size":264641}},"audio":{"high":{"url":"https://coub-anubis-a.akamaized.net/coub_storage/coub/simple/cw_looped_audio_high/bac5a39c502/4a3424022bf99691b9b1d/1624910184_mp3-high.mp3","size":980858},"med":{"url":"https://coub-anubis-a.akamaized.net/coub_storage/coub/simple/cw_looped_audio_med/8e199f89b04/4c3f551740c8326320d2a/1624910183_mp3-med.mp3","size":799076},"sample_duration":10.008}},"mobile":{"video":"https://coub-anubis-a.akamaized.net/coub_storage/coub/simple/cw_file/ea87f4e0d9a/31f6ba34ddf8b2624164b/muted_mp4_med_size_1624910182_muted_med.mp4","audio":["https://coub-anubis-a.akamaized.net/coub_storage/coub/simple/cw_looped_audio_med/8e199f89b04/4c3f551740c8326320d2a/1624910183_mp3-med.mp3"]},"share":{"default":"https://coub-anubis-a.akamaized.net/coub_storage/coub/simple/cw_video_for_sharing/7827d99491b/7890e43b6de506d1fbae0/1624910224_looped_1624910222.mp4"}},"audio_versions":{},"image_versions":{"template":"https://coub-anubis-a.akamaized.net/coub_storage/coub/simple/cw_image/fa7d3a3766c/ec9a2e4e12bf7a87f28df/%{version}_1624910192_00032.jpg","versions":["micro","tiny","age_restricted","ios_large","ios_mosaic","big","med","small","pinterest"]},"first_frame_versions":{"template":"https://coub-anubis-a.akamaized.net/coub_storage/coub/simple/cw_timeline_pic/fda44075c16/47a33a8b9173570b0aaae/%{version}_1624910191_image.jpg","versions":["big","med","small","ios_large"]},"dimensions":{"big":[1280,720],"med":[640,360]},"site_w_h":[640,360],"page_w_h":[640,360],"site_w_h_small":[310,174],"size":[1280,720],"age_restricted":false,"age_restricted_by_admin":false,"not_safe_for_work":null,"allow_reuse":false,"dont_crop":true,"banned":false,"global_safe":null,"audio_file_url":null,"external_download":{"type":"Youtube","service_name":"YouTube","url":"https://youtu.be/LWd8FNnPmJ8","has_embed":true},"application":null,"channel":{"id":1076205,"permalink":"arthur-dragun","title":"Arthur Dragun","description":null,"followers_count":31,"following_count":31,"avatar_versions":{"template":"https://coub-anubis-a.akamaized.net/coub_storage/channel/cw_avatar/54352c91add/b384921fb97b020fa9856/%{version}_1609611606_7jcbms_1474590157_17py1dk_att-url-download.jpg","versions":["medium","medium_2x","profile_pic","profile_pic_new","profile_pic_new_2x","tiny","tiny_2x","small","small_2x","ios_large","ios_small"]}},"file":null,"picture":"https://coub-anubis-a.akamaized.net/coub_storage/coub/simple/cw_image/fa7d3a3766c/ec9a2e4e12bf7a87f28df/med_1624910192_00032.jpg","timeline_picture":"https://coub-anubis-a.akamaized.net/coub_storage/coub/simple/cw_timeline_pic/fda44075c16/47a33a8b9173570b0aaae/ios_large_1624910191_image.jpg","small_picture":"https://coub-anubis-a.akamaized.net/coub_storage/coub/simple/cw_image/fa7d3a3766c/ec9a2e4e12bf7a87f28df/ios_mosaic_1624910192_00032.jpg","sharing_picture":null,"percent_done":100,"tags":[{"id":33051,"title":"bosnia","value":"bosnia"},{"id":210454,"title":"bosnia and herzegovina","value":"bosnia%20and%20herzegovina"},{"id":1598861,"title":"tiktok","value":"tiktok"},{"id":4350844,"title":"tik tok memes","value":"tik%20tok%20memes"},{"id":125,"title":"dancing","value":"dancing"},{"id":89838,"title":"dancing girl","value":"dancing%20girl"},{"id":183,"title":"girl","value":"girl"},{"id":529,"title":"танцует","value":"%D1%82%D0%B0%D0%BD%D1%86%D1%83%D0%B5%D1%82"},{"id":64650,"title":"танец попой","value":"%D1%82%D0%B0%D0%BD%D0%B5%D1%86%20%D0%BF%D0%BE%D0%BF%D0%BE%D0%B9"},{"id":64643,"title":"танец живота","value":"%D1%82%D0%B0%D0%BD%D0%B5%D1%86%20%D0%B6%D0%B8%D0%B2%D0%BE%D1%82%D0%B0"},{"id":558734,"title":"танец девушки","value":"%D1%82%D0%B0%D0%BD%D0%B5%D1%86%20%D0%B4%D0%B5%D0%B2%D1%83%D1%88%D0%BA%D0%B8"},{"id":686,"title":"армия","value":"%D0%B0%D1%80%D0%BC%D0%B8%D1%8F"}],"categories":[{"id":116,"title":"Memes","permalink":"memes","subscriptions_count":1914550,"big_image_url":"https://coub-anubis-a.akamaized.net/coub_storage/category/cw_image/c9ec52f6b8e/901439d39eb2de551860f/big_1623846896_memes.png","small_image_url":"https://coub-anubis-a.akamaized.net/coub_storage/category/cw_image/c9ec52f6b8e/901439d39eb2de551860f/small_1623846896_memes.png","med_image_url":"https://coub-anubis-a.akamaized.net/coub_storage/category/cw_image/c9ec52f6b8e/901439d39eb2de551860f/med_1623846896_memes.png","visible":true}],"communities":[{"id":116,"title":"Memes","permalink":"memes","subscriptions_count":1914550,"big_image_url":"https://coub-anubis-a.akamaized.net/coub_storage/category/cw_image/c9ec52f6b8e/901439d39eb2de551860f/big_1623846896_memes.png","small_image_url":"https://coub-anubis-a.akamaized.net/coub_storage/category/cw_image/c9ec52f6b8e/901439d39eb2de551860f/small_1623846896_memes.png","med_image_url":"https://coub-anubis-a.akamaized.net/coub_storage/category/cw_image/c9ec52f6b8e/901439d39eb2de551860f/med_1623846896_memes.png","i_subscribed":true,"community_notifications_enabled":null,"description":null}],"recoubs_count":23,"remixes_count":0,"likes_count":153,"dislikes_count":0,"raw_video_id":16566456,"uploaded_by_ios_app":true,"uploaded_by_android_app":false,"media_blocks":{"uploaded_raw_videos":[],"external_raw_videos":[{"id":39173134,"title":"Bosnian mode","url":"https://www.youtube.com/watch?v=LWd8FNnPmJ8","image":"https://coub-anubis-a.akamaized.net/coub_storage/media_block/cw_image/00a070c0351/61d6c40f0f65b2cfc0f96/video_1624909961_lbs5k2_1624909950_1624909950_hekum1_att-url-download.webp","image_retina":"https://coub-anubis-a.akamaized.net/coub_storage/media_block/cw_image/00a070c0351/61d6c40f0f65b2cfc0f96/video_retina_1624909961_lbs5k2_1624909950_1624909950_hekum1_att-url-download.webp","meta":{"service":"Youtube","duration":"23.44"},"duration":23.44,"raw_video_id":16566456,"has_embed":true}],"remixed_from_coubs":[],"external_video":{"id":39173134,"title":"Bosnian mode","url":"https://www.youtube.com/watch?v=LWd8FNnPmJ8","image":"https://coub-anubis-a.akamaized.net/coub_storage/media_block/cw_image/00a070c0351/61d6c40f0f65b2cfc0f96/video_1624909961_lbs5k2_1624909950_1624909950_hekum1_att-url-download.webp","image_retina":"https://coub-anubis-a.akamaized.net/coub_storage/media_block/cw_image/00a070c0351/61d6c40f0f65b2cfc0f96/video_retina_1624909961_lbs5k2_1624909950_1624909950_hekum1_att-url-download.webp","meta":{"service":"Youtube","duration":"23.44"},"duration":23.44,"raw_video_id":16566456,"has_embed":true}},"raw_video_thumbnail_url":"https://coub-anubis-a.akamaized.net/coub_storage/raw_video/cw_image/8f7a0666354/1e8a614807f5136926bc8/coub_media_1624909950_1624909950_hekum1_att-url-download.webp","raw_video_title":"Bosnian mode","video_block_banned":false,"duration":10.0,"promo_winner":false,"promo_winner_recoubers":null,"editorial_info":{},"promo_hint":null,"beeline_best_2014":null,"from_web_editor":false,"normalize_sound":true,"normalize_change_allowed":true,"best2015_addable":false,"ahmad_promo":null,"promo_data":null,"audio_copyright_claim":null,"ads_disabled":null,"is_safe_for_ads":true,"megafon_contents":[],"position_on_page":8},{"flag":null,"abuses":null,"recoubs_by_users_channels":null,"favourite":false,"promoted_id":null,"recoub":null,"like":null,"dislike":null,"reaction":null,"in_my_best2015":false,"id":182699495,"type":"Coub::Simple","permalink":"30fmhm","title":"NSFW??","visibility_type":"public","original_visibility_type":"public","channel_id":11352353,"created_at":"2022-02-11T23:24:00Z","updated_at":"2022-03-11T08:15:32Z","is_done":true,"views_count":26260,"cotd":null,"cotd_at":null,"visible_on_explore_root":false,"visible_on_explore":false,"featured":false,"published":true,"published_at":"2022-02-11T23:24:00Z","reversed":false,"from_editor_v2":true,"is_editable":true,"original_sound":true,"has_sound":true,"recoub_to":null,"file_versions":{"html5":{"video":{"higher":{"url":"https://coub-anubis-a.akamaized.net/coub_storage/coub/simple/cw_file/41ee0d2b84b/39857dc37a277263a3db3/muted_mp4_huge_size_1644621857_muted_huge.mp4","size":1302437},"high":{"url":"https://coub-anubis-a.akamaized.net/coub_storage/coub/simple/cw_file/41ee0d2b84b/39857dc37a277263a3db3/muted_mp4_big_size_1644621857_muted_big.mp4","size":818519},"med":{"url":"https://coub-anubis-a.akamaized.net/coub_storage/coub/simple/cw_file/41ee0d2b84b/39857dc37a277263a3db3/muted_mp4_med_size_1644621857_muted_med.mp4","size":271552}},"audio":{"high":{"url":"https://coub-anubis-a.akamaized.net/coub_storage/coub/simple/cw_looped_audio_high/0283350394c/d9ab9e6dce71365d92284/1644621860_mp3-high.mp3","size":1189943},"med":{"url":"https://coub-anubis-a.akamaized.net/coub_storage/coub/simple/cw_looped_audio_med/f830d43cb7b/8bfd4ab85cb52e0917a6b/1644621859_mp3-med.mp3","size":867047},"sample_duration":6.803}},"mobile":{"video":"https://coub-anubis-a.akamaized.net/coub_storage/coub/simple/cw_file/41ee0d2b84b/39857dc37a277263a3db3/muted_mp4_med_size_1644621857_muted_med.mp4","audio":["https://coub-anubis-a.akamaized.net/coub_storage/coub/simple/cw_looped_audio_med/f830d43cb7b/8bfd4ab85cb52e0917a6b/1644621859_mp3-med.mp3"]},"share":{"default":"https://coub-anubis-a.akamaized.net/coub_storage/coub/simple/cw_video_for_sharing/d3f5ee21585/41fd343bba357e22bdce9/1644621905_looped_1644621903.mp4"}},"audio_versions":{},"image_versions":{"template":"https://coub-anubis-a.akamaized.net/coub_storage/coub/simple/cw_image/115b2a5dc4f/74ba3bb0939cbb0c8d49d/%{version}_1644621866_00022.jpg","versions":["micro","tiny","age_restricted","ios_large","ios_mosaic","big","med","small","pinterest"]},"first_frame_versions":{"template":"https://coub-anubis-a.akamaized.net/coub_storage/coub/simple/cw_timeline_pic/c00d3cffb20/b8a97ad4ee6dd9d65b65f/%{version}_1644621865_image.jpg","versions":["big","med","small","ios_large"]},"dimensions":{"big":[1280,754],"med":[640,376]},"site_w_h":[640,377],"page_w_h":[640,377],"site_w_h_small":[310,183],"size":[1280,754],"age_restricted":false,"age_restricted_by_admin":false,"not_safe_for_work":null,"allow_reuse":false,"dont_crop":true,"banned":false,"global_safe":null,"audio_file_url":null,"external_download":false,"application":null,"channel":{"id":11352353,"permalink":"neoland10105","title":"Neoland","description":null,"followers_count":5052,"following_count":188,"avatar_versions":{"template":"https://coub-anubis-a.akamaized.net/coub_storage/channel/cw_avatar/0be0f1fb0b1/62b6c19627afdbb01b02c/%{version}_1626815643_Sexy_Hayabusa.png","versions":["medium","medium_2x","profile_pic","profile_pic_new","profile_pic_new_2x","tiny","tiny_2x","small","small_2x","ios_large","ios_small"]}},"file":null,"picture":"https://coub-anubis-a.akamaized.net/coub_storage/coub/simple/cw_image/115b2a5dc4f/74ba3bb0939cbb0c8d49d/med_1644621866_00022.jpg","timeline_picture":"https://coub-anubis-a.akamaized.net/coub_storage/coub/simple/cw_timeline_pic/c00d3cffb20/b8a97ad4ee6dd9d65b65f/ios_large_1644621865_image.jpg","small_picture":"https://coub-anubis-a.akamaized.net/coub_storage/coub/simple/cw_image/115b2a5dc4f/74ba3bb0939cbb0c8d49d/ios_mosaic_1644621866_00022.jpg","sharing_picture":null,"percent_done":100,"tags":[{"id":2234,"title":"meme","value":"meme"},{"id":2235,"title":"memes","value":"memes"},{"id":50,"title":"coub","value":"coub"},{"id":67203,"title":"nsfw","value":"nsfw"},{"id":5721,"title":"300","value":"300"},{"id":1064798,"title":"couberlife","value":"couberlife"},{"id":241609,"title":"couber","value":"couber"},{"id":174,"title":"funny","value":"funny"},{"id":6329669,"title":"neoland","value":"neoland"}],"categories":[{"id":116,"title":"Memes","permalink":"memes","subscriptions_count":1914550,"big_image_url":"https://coub-anubis-a.akamaized.net/coub_storage/category/cw_image/c9ec52f6b8e/901439d39eb2de551860f/big_1623846896_memes.png","small_image_url":"https://coub-anubis-a.akamaized.net/coub_storage/category/cw_image/c9ec52f6b8e/901439d39eb2de551860f/small_1623846896_memes.png","med_image_url":"https://coub-anubis-a.akamaized.net/coub_storage/category/cw_image/c9ec52f6b8e/901439d39eb2de551860f/med_1623846896_memes.png","visible":true}],"communities":[{"id":116,"title":"Memes","permalink":"memes","subscriptions_count":1914550,"big_image_url":"https://coub-anubis-a.akamaized.net/coub_storage/category/cw_image/c9ec52f6b8e/901439d39eb2de551860f/big_1623846896_memes.png","small_image_url":"https://coub-anubis-a.akamaized.net/coub_storage/category/cw_image/c9ec52f6b8e/901439d39eb2de551860f/small_1623846896_memes.png","med_image_url":"https://coub-anubis-a.akamaized.net/coub_storage/category/cw_image/c9ec52f6b8e/901439d39eb2de551860f/med_1623846896_memes.png","i_subscribed":true,"community_notifications_enabled":null,"description":null}],"recoubs_count":26,"remixes_count":0,"likes_count":152,"dislikes_count":0,"raw_video_id":17127471,"uploaded_by_ios_app":false,"uploaded_by_android_app":false,"media_blocks":{"uploaded_raw_videos":[],"external_raw_videos":[],"remixed_from_coubs":[]},"raw_video_thumbnail_url":"https://coub-anubis-a.akamaized.net/coub_storage/raw_video/cw_image/8c6f2b9a94f/fe0455ccf1150a7a16d8d/coub_media_1644621426_image.jpg","raw_video_title":"NSFW.mp4","video_block_banned":false,"duration":6.8,"promo_winner":false,"promo_winner_recoubers":null,"editorial_info":{},"promo_hint":null,"beeline_best_2014":null,"from_web_editor":true,"normalize_sound":true,"normalize_change_allowed":true,"best2015_addable":false,"ahmad_promo":null,"promo_data":null,"audio_copyright_claim":null,"ads_disabled":null,"is_safe_for_ads":true,"megafon_contents":[],"position_on_page":9},{"flag":null,"abuses":null,"recoubs_by_users_channels":null,"favourite":false,"promoted_id":null,"recoub":null,"like":null,"dislike":null,"reaction":null,"in_my_best2015":false,"id":182517662,"type":"Coub::Simple","permalink":"30bq6n","title":"Cologne for Men","visibility_type":"public","original_visibility_type":"public","channel_id":5366807,"created_at":"2022-02-07T18:03:52Z","updated_at":"2022-03-15T17:25:29Z","is_done":true,"views_count":11970,"cotd":null,"cotd_at":null,"visible_on_explore_root":false,"visible_on_explore":false,"featured":false,"published":true,"published_at":"2022-02-07T18:03:52Z","reversed":false,"from_editor_v2":true,"is_editable":true,"original_sound":true,"has_sound":true,"recoub_to":null,"file_versions":{"html5":{"video":{"higher":{"url":"https://coub-anubis-a.akamaized.net/coub_storage/coub/simple/cw_file/9c3b7d29b14/24c823cd9c34846d7fdf6/muted_mp4_huge_size_1644257035_muted_huge.mp4","size":1024704},"high":{"url":"https://coub-anubis-a.akamaized.net/coub_storage/coub/simple/cw_file/9c3b7d29b14/24c823cd9c34846d7fdf6/muted_mp4_big_size_1644257035_muted_big.mp4","size":622740},"med":{"url":"https://coub-anubis-a.akamaized.net/coub_storage/coub/simple/cw_file/9c3b7d29b14/24c823cd9c34846d7fdf6/muted_mp4_med_size_1644257035_muted_med.mp4","size":203790}},"audio":{"high":{"url":"https://coub-anubis-a.akamaized.net/coub_storage/coub/simple/cw_looped_audio_high/94cba36b631/8ca93e15352c1264796a9/1644257036_mp3-high.mp3","size":891734},"med":{"url":"https://coub-anubis-a.akamaized.net/coub_storage/coub/simple/cw_looped_audio_med/65bbe21bc2c/8b4ff8b21570edaf8846e/1644257035_mp3-med.mp3","size":889199},"sample_duration":9.985}},"mobile":{"video":"https://coub-anubis-a.akamaized.net/coub_storage/coub/simple/cw_file/9c3b7d29b14/24c823cd9c34846d7fdf6/muted_mp4_med_size_1644257035_muted_med.mp4","audio":["https://coub-anubis-a.akamaized.net/coub_storage/coub/simple/cw_looped_audio_med/65bbe21bc2c/8b4ff8b21570edaf8846e/1644257035_mp3-med.mp3"]},"share":{"default":"https://coub-anubis-a.akamaized.net/coub_storage/coub/simple/cw_video_for_sharing/f767b6bf04b/70e6a42b9db743c49c36f/1644257055_looped_1644257055.mp4"}},"audio_versions":{},"image_versions":{"template":"https://coub-anubis-a.akamaized.net/coub_storage/coub/simple/cw_image/76b22a2f08a/dce841342fed040b0fbd0/%{version}_1644257039_00032.jpg","versions":["micro","tiny","age_restricted","ios_large","ios_mosaic","big","med","small","pinterest"]},"first_frame_versions":{"template":"https://coub-anubis-a.akamaized.net/coub_storage/coub/simple/cw_timeline_pic/c76bc03a6a8/f643707ef6827cc08d6c7/%{version}_1644257039_image.jpg","versions":["big","med","small","ios_large"]},"dimensions":{"big":[896,960],"med":[448,480]},"site_w_h":[373,400],"page_w_h":[400,429],"site_w_h_small":[310,332],"size":[896,960],"age_restricted":false,"age_restricted_by_admin":false,"not_safe_for_work":null,"allow_reuse":false,"dont_crop":true,"banned":false,"global_safe":null,"audio_file_url":null,"external_download":false,"application":null,"channel":{"id":5366807,"permalink":"rapcomando1132","title":"ZlodeyRazboinik ","description":"Team Fate","followers_count":77,"following_count":36,"avatar_versions":{"template":"https://coub-anubis-a.akamaized.net/coub_storage/channel/cw_avatar/5c9ed52930e/8b0a954af1135361fd294/%{version}_1607715086_1g4qq6i_1596739863_Png.png","versions":["medium","medium_2x","profile_pic","profile_pic_new","profile_pic_new_2x","tiny","tiny_2x","small","small_2x","ios_large","ios_small"]}},"file":null,"picture":"https://coub-anubis-a.akamaized.net/coub_storage/coub/simple/cw_image/76b22a2f08a/dce841342fed040b0fbd0/med_1644257039_00032.jpg","timeline_picture":"https://coub-anubis-a.akamaized.net/coub_storage/coub/simple/cw_timeline_pic/c76bc03a6a8/f643707ef6827cc08d6c7/ios_large_1644257039_image.jpg","small_picture":"https://coub-anubis-a.akamaized.net/coub_storage/coub/simple/cw_image/76b22a2f08a/dce841342fed040b0fbd0/ios_mosaic_1644257039_00032.jpg","sharing_picture":null,"percent_done":100,"tags":[{"id":237993,"title":"bvlgari","value":"bvlgari"}],"categories":[{"id":116,"title":"Memes","permalink":"memes","subscriptions_count":1914550,"big_image_url":"https://coub-anubis-a.akamaized.net/coub_storage/category/cw_image/c9ec52f6b8e/901439d39eb2de551860f/big_1623846896_memes.png","small_image_url":"https://coub-anubis-a.akamaized.net/coub_storage/category/cw_image/c9ec52f6b8e/901439d39eb2de551860f/small_1623846896_memes.png","med_image_url":"https://coub-anubis-a.akamaized.net/coub_storage/category/cw_image/c9ec52f6b8e/901439d39eb2de551860f/med_1623846896_memes.png","visible":true}],"communities":[{"id":116,"title":"Memes","permalink":"memes","subscriptions_count":1914550,"big_image_url":"https://coub-anubis-a.akamaized.net/coub_storage/category/cw_image/c9ec52f6b8e/901439d39eb2de551860f/big_1623846896_memes.png","small_image_url":"https://coub-anubis-a.akamaized.net/coub_storage/category/cw_image/c9ec52f6b8e/901439d39eb2de551860f/small_1623846896_memes.png","med_image_url":"https://coub-anubis-a.akamaized.net/coub_storage/category/cw_image/c9ec52f6b8e/901439d39eb2de551860f/med_1623846896_memes.png","i_subscribed":true,"community_notifications_enabled":null,"description":null}],"recoubs_count":32,"remixes_count":0,"likes_count":152,"dislikes_count":0,"raw_video_id":17117636,"uploaded_by_ios_app":false,"uploaded_by_android_app":false,"media_blocks":{"uploaded_raw_videos":[],"external_raw_videos":[],"remixed_from_coubs":[]},"raw_video_thumbnail_url":"https://coub-anubis-a.akamaized.net/coub_storage/raw_video/cw_image/101edb6ea34/1eabbda108dc4059b0de8/coub_media_1644256912_image.jpg","raw_video_title":"ggeegg.mp4","video_block_banned":false,"duration":10.0,"promo_winner":false,"promo_winner_recoubers":null,"editorial_info":{},"promo_hint":null,"beeline_best_2014":null,"from_web_editor":true,"normalize_sound":true,"normalize_change_allowed":true,"best2015_addable":false,"ahmad_promo":null,"promo_data":null,"audio_copyright_claim":null,"ads_disabled":null,"is_safe_for_ads":true,"megafon_contents":[],"position_on_page":10}]}