{"page":195,"per_page":10,"total_pages":500,"coubs":[{"flag":null,"abuses":null,"recoubs_by_users_channels":null,"favourite":false,"promoted_id":null,"recoub":null,"like":null,"dislike":null,"reaction":null,"in_my_best2015":false,"id":172841763,"type":"Coub::Simple","permalink":"2uk4g1","title":"rap god?","visibility_type":"public","original_visibility_type":"public","channel_id":10147247,"created_at":"2021-07-27T08:01:50Z","updated_at":"2022-03-07T03:24:41Z","is_done":true,"views_count":12080,"cotd":null,"cotd_at":null,"visible_on_explore_root":false,"visible_on_explore":false,"featured":false,"published":true,"published_at":"2021-07-27T08:01:50Z","reversed":false,"from_editor_v2":true,"is_editable":true,"original_sound":true,"has_sound":true,"recoub_to":null,"file_versions":{"html5":{"video":{"higher":{"url":"https://coub-anubis-a.akamaized.net/coub_storage/coub/simple/cw_file/60b8e20fb04/7bbdac6e4c16b4df3ab13/muted_mp4_huge_size_1627372920_muted_huge.mp4","size":1889178},"high":{"url":"https://coub-anubis-a.akamaized.net/coub_storage/coub/simple/cw_file/60b8e20fb04/7bbdac6e4c16b4df3ab13/muted_mp4_big_size_1627372920_muted_big.mp4","size":1247774},"med":{"url":"https://coub-anubis-a.akamaized.net/coub_storage/coub/simple/cw_file/60b8e20fb04/7bbdac6e4c16b4df3ab13/muted_mp4_med_size_1627372920_muted_med.mp4","size":303087}},"audio":{"high":{"url":"https://coub-anubis-a.akamaized.net/coub_storage/coub/simple/cw_looped_audio_high/7d6436c586a/3f1add18db3e1ec36d6c4/1627372922_mp3-high.mp3","size":1217423},"med":{"url":"https://coub-anubis-a.akamaized.net/coub_storage/coub/simple/cw_looped_audio_med/a582d071322/a39f534a3715d09cb3f76/1627372922_mp3-med.mp3","size":862877},"sample_duration":9.009}},"mobile":{"video":"https://coub-anubis-a.akamaized.net/coub_storage/coub/simple/cw_file/60b8e20fb04/7bbdac6e4c16b4df3ab13/muted_mp4_med_size_1627372920_muted_med.mp4","audio":["https://coub-anubis-a.akamaized.net/coub_storage/coub/simple/cw_looped_audio_med/a582d071322/a39f534a3715d09cb3f76/1627372922_mp3-med.mp3"]},"share":{"default":"https://coub-anubis-a.akamaized.net/coub_storage/coub/simple/cw_video_for_sharing/77fc0f11435/3ca83930a0c46076a9649/1627372947_looped_1627372947.mp4"}},"audio_versions":{},"image_versions":{"template":"https://coub-anubis-a.akamaized.net/coub_storage/coub/simple/cw_image/38f24141758/506006eb4a5ddc92e60cb/%{version}_1627372927_00029.jpg","versions":["micro","tiny","age_restricted","ios_large","ios_mosaic","big","med","small","pinterest"]},"first_frame_versions":{"template":"https://coub-anubis-a.akamaized.net/coub_storage/coub/simple/cw_timeline_pic/d3abc4aa74d/836762f8712adfc14a57c/%{version}_1627372926_image.jpg","versions":["big","med","small","ios_large"]},"dimensions":{"big":[1280,720],"med":[640,360]},"site_w_h":[640,360],"page_w_h":[640,360],"site_w_h_small":[310,174],"size":[1280,720],"age_restricted":false,"age_restricted_by_admin":false,"not_safe_for_work":null,"allow_reuse":false,"dont_crop":true,"banned":false,"global_safe":true,"audio_file_url":null,"external_download":false,"application":null,"channel":{"id":10147247,"permalink":"fenrir18028","title":"LACRIMOSA","description":"They Laugh At me Because I’m Different. I laugh At Them Because The’re all the same” ","followers_count":22,"following_count":20,"avatar_versions":{"template":"https://coub-anubis-a.akamaized.net/coub_storage/channel/cw_avatar/ab53b21b8ed/a4d0bd391dd6b3bd5fdfb/%{version}_1636867875_cropped.jpeg","versions":["medium","medium_2x","profile_pic","profile_pic_new","profile_pic_new_2x","tiny","tiny_2x","small","small_2x","ios_large","ios_small"]}},"file":null,"picture":"https://coub-anubis-a.akamaized.net/coub_storage/coub/simple/cw_image/38f24141758/506006eb4a5ddc92e60cb/med_1627372927_00029.jpg","timeline_picture":"https://coub-anubis-a.akamaized.net/coub_storage/coub/simple/cw_timeline_pic/d3abc4aa74d/836762f8712adfc14a57c/ios_large_1627372926_image.jpg","small_picture":"https://coub-anubis-a.akamaized.net/coub_storage/coub/simple/cw_image/38f24141758/506006eb4a5ddc92e60cb/ios_mosaic_1627372927_00029.jpg","sharing_picture":null,"percent_done":100,"tags":[],"categories":[{"id":116,"title":"Memes","permalink":"memes","subscriptions_count":1914550,"big_image_url":"https://coub-anubis-a.akamaized.net/coub_storage/category/cw_image/c9ec52f6b8e/901439d39eb2de551860f/big_1623846896_memes.png","small_image_url":"https://coub-anubis-a.akamaized.net/coub_storage/category/cw_image/c9ec52f6b8e/901439d39eb2de551860f/small_1623846896_memes.png","med_image_url":"https://coub-anubis-a.akamaized.net/coub_storage/category/cw_image/c9ec52f6b8e/901439d39eb2de551860f/med_1623846896_memes.png","visible":true}],"communities":[{"id":116,"title":"Memes","permalink":"memes","subscriptions_count":1914550,"big_image_url":"https://coub-anubis-a.akamaized.net/coub_storage/category/cw_image/c9ec52f6b8e/901439d39eb2de551860f/big_1623846896_memes.png","small_image_url":"https://coub-anubis-a.akamaized.net/coub_storage/category/cw_image/c9ec52f6b8e/901439d39eb2de551860f/small_1623846896_memes.png","med_image_url":"https://coub-anubis-a.akamaized.net/coub_storage/category/cw_image/c9ec52f6b8e/901439d39eb2de551860f/med_1623846896_memes.png","i_subscribed":true,"community_notifications_enabled":null,"description":null}],"recoubs_count":18,"remixes_count":0,"likes_count":129,"dislikes_count":0,"raw_video_id":16640831,"uploaded_by_ios_app":false,"uploaded_by_android_app":true,"media_blocks":{"uploaded_raw_videos":[],"external_raw_videos":[],"remixed_from_coubs":[]},"raw_video_thumbnail_url":"/missing/missing.png","raw_video_title":null,"video_block_banned":false,"duration":9.0,"promo_winner":false,"promo_winner_recoubers":null,"editorial_info":{},"promo_hint":null,"beeline_best_2014":null,"from_web_editor":false,"normalize_sound":true,"normalize_change_allowed":true,"best2015_addable":false,"ahmad_promo":null,"promo_data":null,"audio_copyright_claim":null,"ads_disabled":null,"is_safe_for_ads":true,"megafon_contents":[],"position_on_page":1},{"flag":null,"abuses":null,"recoubs_by_users_channels":null,"favourite":false,"promoted_id":null,"recoub":null,"like":null,"dislike":null,"reaction":null,"in_my_best2015":false,"id":172790455,"type":"Coub::Simple","permalink":"2uj0us","title":"CSBSVNNQ Американские новости - выпуск #515 от 26.07.2021","visibility_type":"public","original_visibility_type":"public","channel_id":238852,"created_at":"2021-07-26T09:42:19Z","updated_at":"2022-03-11T18:24:25Z","is_done":true,"views_count":11633,"cotd":null,"cotd_at":null,"visible_on_explore_root":false,"visible_on_explore":false,"featured":false,"published":true,"published_at":"2021-07-26T09:42:19Z","reversed":false,"from_editor_v2":true,"is_editable":true,"original_sound":true,"has_sound":true,"recoub_to":null,"file_versions":{"html5":{"video":{"higher":{"url":"https://coub-anubis-a.akamaized.net/coub_storage/coub/simple/cw_file/facca83bbe5/922dedb5da6cfab912d93/muted_mp4_huge_size_1627292567_muted_huge.mp4","size":2189947},"high":{"url":"https://coub-anubis-a.akamaized.net/coub_storage/coub/simple/cw_file/facca83bbe5/922dedb5da6cfab912d93/muted_mp4_big_size_1627292567_muted_big.mp4","size":1420197},"med":{"url":"https://coub-anubis-a.akamaized.net/coub_storage/coub/simple/cw_file/facca83bbe5/922dedb5da6cfab912d93/muted_mp4_med_size_1627292567_muted_med.mp4","size":459896}},"audio":{"high":{"url":"https://coub-anubis-a.akamaized.net/coub_storage/coub/simple/cw_looped_audio_high/c4390b28aa3/8e0564ddeba54a7fdd8a6/1627292569_mp3-high.mp3","size":1108814},"med":{"url":"https://coub-anubis-a.akamaized.net/coub_storage/coub/simple/cw_looped_audio_med/ef3497c8249/58ae7484625fc53a0165c/1627292568_mp3-med.mp3","size":921570},"sample_duration":9.613}},"mobile":{"video":"https://coub-anubis-a.akamaized.net/coub_storage/coub/simple/cw_file/facca83bbe5/922dedb5da6cfab912d93/muted_mp4_med_size_1627292567_muted_med.mp4","audio":["https://coub-anubis-a.akamaized.net/coub_storage/coub/simple/cw_looped_audio_med/ef3497c8249/58ae7484625fc53a0165c/1627292568_mp3-med.mp3"]},"share":{"default":"https://coub-anubis-a.akamaized.net/coub_storage/coub/simple/cw_video_for_sharing/340618cdeb6/77855bc8b90a50eddc21c/1627292602_looped_1627292601.mp4"}},"audio_versions":{},"image_versions":{"template":"https://coub-anubis-a.akamaized.net/coub_storage/coub/simple/cw_image/779529a0947/4dcd7a5a3bfb8c81b4012/%{version}_1627292575_00031.jpg","versions":["micro","tiny","age_restricted","ios_large","ios_mosaic","big","med","small","pinterest"]},"first_frame_versions":{"template":"https://coub-anubis-a.akamaized.net/coub_storage/coub/simple/cw_timeline_pic/fa905a27914/546b7aeb78ffd9d980279/%{version}_1627292574_image.jpg","versions":["big","med","small","ios_large"]},"dimensions":{"big":[1280,720],"med":[640,360]},"site_w_h":[640,360],"page_w_h":[640,360],"site_w_h_small":[310,174],"size":[1280,720],"age_restricted":false,"age_restricted_by_admin":false,"not_safe_for_work":null,"allow_reuse":false,"dont_crop":true,"banned":false,"global_safe":null,"audio_file_url":null,"external_download":{"type":"Youtube","service_name":"YouTube","url":"https://www.youtube.com/watch?v=S4llofWKnDM","has_embed":true},"application":null,"channel":{"id":238852,"permalink":"aleksandr-ostapenko7","title":"Aleksandr Ostapenko","description":null,"followers_count":10,"following_count":5,"avatar_versions":{"template":"https://coubsecureassets-a.akamaihd.net/assets/default-avatars/332-d26f5b8d9fc58baeda9f5f852dd440d48d991755d96b3dceebeca7bbf44c6489.png"}},"file":null,"picture":"https://coub-anubis-a.akamaized.net/coub_storage/coub/simple/cw_image/779529a0947/4dcd7a5a3bfb8c81b4012/med_1627292575_00031.jpg","timeline_picture":"https://coub-anubis-a.akamaized.net/coub_storage/coub/simple/cw_timeline_pic/fa905a27914/546b7aeb78ffd9d980279/ios_large_1627292574_image.jpg","small_picture":"https://coub-anubis-a.akamaized.net/coub_storage/coub/simple/cw_image/779529a0947/4dcd7a5a3bfb8c81b4012/ios_mosaic_1627292575_00031.jpg","sharing_picture":null,"percent_done":100,"tags":[{"id":3749058,"title":"csbsvnnq","value":"csbsvnnq"},{"id":10967,"title":"жигули","value":"%D0%B6%D0%B8%D0%B3%D1%83%D0%BB%D0%B8"},{"id":361594,"title":"515","value":"515"}],"categories":[{"id":116,"title":"Memes","permalink":"memes","subscriptions_count":1914550,"big_image_url":"https://coub-anubis-a.akamaized.net/coub_storage/category/cw_image/c9ec52f6b8e/901439d39eb2de551860f/big_1623846896_memes.png","small_image_url":"https://coub-anubis-a.akamaized.net/coub_storage/category/cw_image/c9ec52f6b8e/901439d39eb2de551860f/small_1623846896_memes.png","med_image_url":"https://coub-anubis-a.akamaized.net/coub_storage/category/cw_image/c9ec52f6b8e/901439d39eb2de551860f/med_1623846896_memes.png","visible":true}],"communities":[{"id":116,"title":"Memes","permalink":"memes","subscriptions_count":1914550,"big_image_url":"https://coub-anubis-a.akamaized.net/coub_storage/category/cw_image/c9ec52f6b8e/901439d39eb2de551860f/big_1623846896_memes.png","small_image_url":"https://coub-anubis-a.akamaized.net/coub_storage/category/cw_image/c9ec52f6b8e/901439d39eb2de551860f/small_1623846896_memes.png","med_image_url":"https://coub-anubis-a.akamaized.net/coub_storage/category/cw_image/c9ec52f6b8e/901439d39eb2de551860f/med_1623846896_memes.png","i_subscribed":true,"community_notifications_enabled":null,"description":null}],"recoubs_count":11,"remixes_count":0,"likes_count":129,"dislikes_count":0,"raw_video_id":16638537,"uploaded_by_ios_app":false,"uploaded_by_android_app":false,"media_blocks":{"uploaded_raw_videos":[],"external_raw_videos":[{"id":39352427,"title":"CSBSVNNQ Американские новости - выпуск #515 от 26.07.2021","url":"https://www.youtube.com/watch?v=S4llofWKnDM","image":"https://coub-anubis-a.akamaized.net/coub_storage/media_block/cw_image/56f45963ac0/d6136992ddcd9aa5d54c6/video_1627292400_ma14a3_1627292353_1627292352_la1zru_att-url-download.jpg_sqp_-oaymwEcCNACELwBSFXyq4qpAw4IARUAAIhCGAFwAcABBg___rs_AOn4CLDdUDpgJmzAcMnTk3-XkdfGbPblmQ","image_retina":"https://coub-anubis-a.akamaized.net/coub_storage/media_block/cw_image/56f45963ac0/d6136992ddcd9aa5d54c6/video_retina_1627292400_ma14a3_1627292353_1627292352_la1zru_att-url-download.jpg_sqp_-oaymwEcCNACELwBSFXyq4qpAw4IARUAAIhCGAFwAcABBg___rs_AOn4CLDdUDpgJmzAcMnTk3-XkdfGbPblmQ","meta":{"service":"Youtube","duration":"192.68"},"duration":192.68,"raw_video_id":16638537,"has_embed":true}],"remixed_from_coubs":[],"external_video":{"id":39352427,"title":"CSBSVNNQ Американские новости - выпуск #515 от 26.07.2021","url":"https://www.youtube.com/watch?v=S4llofWKnDM","image":"https://coub-anubis-a.akamaized.net/coub_storage/media_block/cw_image/56f45963ac0/d6136992ddcd9aa5d54c6/video_1627292400_ma14a3_1627292353_1627292352_la1zru_att-url-download.jpg_sqp_-oaymwEcCNACELwBSFXyq4qpAw4IARUAAIhCGAFwAcABBg___rs_AOn4CLDdUDpgJmzAcMnTk3-XkdfGbPblmQ","image_retina":"https://coub-anubis-a.akamaized.net/coub_storage/media_block/cw_image/56f45963ac0/d6136992ddcd9aa5d54c6/video_retina_1627292400_ma14a3_1627292353_1627292352_la1zru_att-url-download.jpg_sqp_-oaymwEcCNACELwBSFXyq4qpAw4IARUAAIhCGAFwAcABBg___rs_AOn4CLDdUDpgJmzAcMnTk3-XkdfGbPblmQ","meta":{"service":"Youtube","duration":"192.68"},"duration":192.68,"raw_video_id":16638537,"has_embed":true}},"raw_video_thumbnail_url":"https://coub-anubis-a.akamaized.net/coub_storage/raw_video/cw_image/05ce631309c/9b7ea03e02489af2db709/coub_media_1627292353_1627292352_la1zru_att-url-download.jpg_sqp_-oaymwEcCNACELwBSFXyq4qpAw4IARUAAIhCGAFwAcABBg___rs_AOn4CLDdUDpgJmzAcMnTk3-XkdfGbPblmQ","raw_video_title":"CSBSVNNQ Американские новости - выпуск #515 от 26.07.2021","video_block_banned":false,"duration":9.64,"promo_winner":false,"promo_winner_recoubers":null,"editorial_info":{},"promo_hint":null,"beeline_best_2014":null,"from_web_editor":true,"normalize_sound":true,"normalize_change_allowed":true,"best2015_addable":false,"ahmad_promo":null,"promo_data":null,"audio_copyright_claim":null,"ads_disabled":null,"is_safe_for_ads":true,"megafon_contents":[],"position_on_page":2},{"flag":null,"abuses":null,"recoubs_by_users_channels":null,"favourite":false,"promoted_id":null,"recoub":null,"like":null,"dislike":null,"reaction":null,"in_my_best2015":false,"id":171957209,"type":"Coub::Simple","permalink":"2u15x0","title":"Recently bought a Russian fridge","visibility_type":"public","original_visibility_type":"public","channel_id":7206168,"created_at":"2021-07-10T20:42:18Z","updated_at":"2022-03-11T14:21:11Z","is_done":true,"views_count":11653,"cotd":null,"cotd_at":null,"visible_on_explore_root":false,"visible_on_explore":false,"featured":false,"published":true,"published_at":"2021-07-10T20:42:18Z","reversed":false,"from_editor_v2":true,"is_editable":true,"original_sound":true,"has_sound":true,"recoub_to":null,"file_versions":{"html5":{"video":{"higher":{"url":"https://coub-anubis-a.akamaized.net/coub_storage/coub/simple/cw_file/8f41c2a08df/9137f04106b02814b6f85/muted_mp4_huge_size_1625949751_muted_huge.mp4","size":1813591},"high":{"url":"https://coub-anubis-a.akamaized.net/coub_storage/coub/simple/cw_file/8f41c2a08df/9137f04106b02814b6f85/muted_mp4_big_size_1625949751_muted_big.mp4","size":1140837},"med":{"url":"https://coub-anubis-a.akamaized.net/coub_storage/coub/simple/cw_file/8f41c2a08df/9137f04106b02814b6f85/muted_mp4_med_size_1625949751_muted_med.mp4","size":394998}},"audio":{"high":{"url":"https://coub-anubis-a.akamaized.net/coub_storage/coub/simple/cw_looped_audio_high/99eb8efa441/3232c184bb5958e1e4c09/1625949754_mp3-high.mp3","size":1103173},"med":{"url":"https://coub-anubis-a.akamaized.net/coub_storage/coub/simple/cw_looped_audio_med/3df0313c290/b9c66f74c349ff9eb4300/1625949753_mp3-med.mp3","size":893268},"sample_duration":8.011}},"mobile":{"video":"https://coub-anubis-a.akamaized.net/coub_storage/coub/simple/cw_file/8f41c2a08df/9137f04106b02814b6f85/muted_mp4_med_size_1625949751_muted_med.mp4","audio":["https://coub-anubis-a.akamaized.net/coub_storage/coub/simple/cw_looped_audio_med/3df0313c290/b9c66f74c349ff9eb4300/1625949753_mp3-med.mp3"]},"share":{"default":"https://coub-anubis-a.akamaized.net/coub_storage/coub/simple/cw_video_for_sharing/be33de66091/7414d48a10f339c033c82/1625949791_looped_1625949789.mp4"}},"audio_versions":{},"image_versions":{"template":"https://coub-anubis-a.akamaized.net/coub_storage/coub/simple/cw_image/946f00dd6d6/68976af7e108138644f67/%{version}_1625949762_00026.jpg","versions":["micro","tiny","age_restricted","ios_large","ios_mosaic","big","med","small","pinterest"]},"first_frame_versions":{"template":"https://coub-anubis-a.akamaized.net/coub_storage/coub/simple/cw_timeline_pic/5d3416b2711/b55823d9eced3e8953e97/%{version}_1625949761_image.jpg","versions":["big","med","small","ios_large"]},"dimensions":{"big":[540,960],"med":[270,480]},"site_w_h":[225,400],"page_w_h":[400,711],"site_w_h_small":[310,551],"size":[540,960],"age_restricted":false,"age_restricted_by_admin":false,"not_safe_for_work":null,"allow_reuse":false,"dont_crop":true,"banned":false,"global_safe":null,"audio_file_url":null,"external_download":false,"application":null,"channel":{"id":7206168,"permalink":"wannabe-slav","title":"Wannabe_Slav","description":null,"followers_count":2,"following_count":15,"avatar_versions":{"template":"https://coubsecureassets-a.akamaihd.net/assets/default-avatars/318-59bdb1edadf236e93fa46a3d619d293fe06042cffaa2fbaac25978874aaaf94a.png"}},"file":null,"picture":"https://coub-anubis-a.akamaized.net/coub_storage/coub/simple/cw_image/946f00dd6d6/68976af7e108138644f67/med_1625949762_00026.jpg","timeline_picture":"https://coub-anubis-a.akamaized.net/coub_storage/coub/simple/cw_timeline_pic/5d3416b2711/b55823d9eced3e8953e97/ios_large_1625949761_image.jpg","small_picture":"https://coub-anubis-a.akamaized.net/coub_storage/coub/simple/cw_image/946f00dd6d6/68976af7e108138644f67/ios_mosaic_1625949762_00026.jpg","sharing_picture":null,"percent_done":100,"tags":[{"id":34460,"title":"fridge","value":"fridge"},{"id":668,"title":"russian","value":"russian"},{"id":119998,"title":"slav","value":"slav"},{"id":4676,"title":"weekend","value":"weekend"},{"id":182,"title":"dance","value":"dance"}],"categories":[{"id":116,"title":"Memes","permalink":"memes","subscriptions_count":1914550,"big_image_url":"https://coub-anubis-a.akamaized.net/coub_storage/category/cw_image/c9ec52f6b8e/901439d39eb2de551860f/big_1623846896_memes.png","small_image_url":"https://coub-anubis-a.akamaized.net/coub_storage/category/cw_image/c9ec52f6b8e/901439d39eb2de551860f/small_1623846896_memes.png","med_image_url":"https://coub-anubis-a.akamaized.net/coub_storage/category/cw_image/c9ec52f6b8e/901439d39eb2de551860f/med_1623846896_memes.png","visible":true}],"communities":[{"id":116,"title":"Memes","permalink":"memes","subscriptions_count":1914550,"big_image_url":"https://coub-anubis-a.akamaized.net/coub_storage/category/cw_image/c9ec52f6b8e/901439d39eb2de551860f/big_1623846896_memes.png","small_image_url":"https://coub-anubis-a.akamaized.net/coub_storage/category/cw_image/c9ec52f6b8e/901439d39eb2de551860f/small_1623846896_memes.png","med_image_url":"https://coub-anubis-a.akamaized.net/coub_storage/category/cw_image/c9ec52f6b8e/901439d39eb2de551860f/med_1623846896_memes.png","i_subscribed":true,"community_notifications_enabled":null,"description":null}],"recoubs_count":5,"remixes_count":0,"likes_count":129,"dislikes_count":0,"raw_video_id":16598230,"uploaded_by_ios_app":true,"uploaded_by_android_app":false,"media_blocks":{"uploaded_raw_videos":[],"external_raw_videos":[],"remixed_from_coubs":[]},"raw_video_thumbnail_url":"https://coub-anubis-a.akamaized.net/coub_storage/raw_video/cw_image/f92076b191f/4212adf79d6fc74559fb6/coub_media_1625949734_image.jpg","raw_video_title":"filename.mp4","video_block_banned":false,"duration":8.0,"promo_winner":false,"promo_winner_recoubers":null,"editorial_info":{},"promo_hint":null,"beeline_best_2014":null,"from_web_editor":false,"normalize_sound":true,"normalize_change_allowed":true,"best2015_addable":false,"ahmad_promo":null,"promo_data":null,"audio_copyright_claim":null,"ads_disabled":null,"is_safe_for_ads":true,"megafon_contents":[],"position_on_page":3},{"flag":null,"abuses":null,"recoubs_by_users_channels":null,"favourite":false,"promoted_id":null,"recoub":null,"like":null,"dislike":null,"reaction":null,"in_my_best2015":false,"id":183664317,"type":"Coub::Simple","permalink":"310bq9","title":"car meme","visibility_type":"public","original_visibility_type":"public","channel_id":12936324,"created_at":"2022-03-10T02:30:50Z","updated_at":"2022-03-15T21:26:22Z","is_done":true,"views_count":15493,"cotd":null,"cotd_at":null,"visible_on_explore_root":false,"visible_on_explore":false,"featured":false,"published":true,"published_at":"2022-03-10T02:30:50Z","reversed":false,"from_editor_v2":true,"is_editable":true,"original_sound":true,"has_sound":true,"recoub_to":null,"file_versions":{"html5":{"video":{"higher":{"url":"https://coub-anubis-a.akamaized.net/coub_storage/coub/simple/cw_file/ef470562e4c/bb395b2f0a3d994417ac1/muted_mp4_huge_size_1646879463_muted_huge.mp4","size":2381064},"high":{"url":"https://coub-anubis-a.akamaized.net/coub_storage/coub/simple/cw_file/ef470562e4c/bb395b2f0a3d994417ac1/muted_mp4_big_size_1646879463_muted_big.mp4","size":1519670},"med":{"url":"https://coub-anubis-a.akamaized.net/coub_storage/coub/simple/cw_file/ef470562e4c/bb395b2f0a3d994417ac1/muted_mp4_med_size_1646879463_muted_med.mp4","size":506069}},"audio":{"high":{"url":"https://coub-anubis-a.akamaized.net/coub_storage/coub/simple/cw_looped_audio_high/69a0a896fbd/92148bcd4c41795eb8275/1646879466_mp3-high.mp3","size":993150},"med":{"url":"https://coub-anubis-a.akamaized.net/coub_storage/coub/simple/cw_looped_audio_med/bbb82c7868a/575aaddba3206e50837dc/1646879465_mp3-med.mp3","size":796007},"sample_duration":10.008}},"mobile":{"video":"https://coub-anubis-a.akamaized.net/coub_storage/coub/simple/cw_file/ef470562e4c/bb395b2f0a3d994417ac1/muted_mp4_med_size_1646879463_muted_med.mp4","audio":["https://coub-anubis-a.akamaized.net/coub_storage/coub/simple/cw_looped_audio_med/bbb82c7868a/575aaddba3206e50837dc/1646879465_mp3-med.mp3"]},"share":{"default":"https://coub-anubis-a.akamaized.net/coub_storage/coub/simple/cw_video_for_sharing/a82b173e26b/4d2295256e7face89ce7c/1646879531_looped_1646879528.mp4"}},"audio_versions":{},"image_versions":{"template":"https://coub-anubis-a.akamaized.net/coub_storage/coub/simple/cw_image/dc1939df93a/34ebb8c7d70d8035d2f76/%{version}_1646879478_00032.jpg","versions":["micro","tiny","age_restricted","ios_large","ios_mosaic","big","med","small","pinterest"]},"first_frame_versions":{"template":"https://coub-anubis-a.akamaized.net/coub_storage/coub/simple/cw_timeline_pic/d155af887e3/b13e2afb2673eec6c6a19/%{version}_1646879477_image.jpg","versions":["big","med","small","ios_large"]},"dimensions":{"big":[538,960],"med":[268,480]},"site_w_h":[224,400],"page_w_h":[400,714],"site_w_h_small":[310,553],"size":[538,960],"age_restricted":false,"age_restricted_by_admin":false,"not_safe_for_work":null,"allow_reuse":false,"dont_crop":true,"banned":false,"global_safe":null,"audio_file_url":null,"external_download":false,"application":null,"channel":{"id":12936324,"permalink":"bhuvankotian6-gmail.com","title":"37DEMONS","description":"HOWDY","followers_count":9,"following_count":15,"avatar_versions":{"template":"https://coub-anubis-a.akamaized.net/coub_storage/channel/cw_avatar/176520fd396/0db4d98511840ed0f8ee1/%{version}_1638722092_cropped.jpeg","versions":["medium","medium_2x","profile_pic","profile_pic_new","profile_pic_new_2x","tiny","tiny_2x","small","small_2x","ios_large","ios_small"]}},"file":null,"picture":"https://coub-anubis-a.akamaized.net/coub_storage/coub/simple/cw_image/dc1939df93a/34ebb8c7d70d8035d2f76/med_1646879478_00032.jpg","timeline_picture":"https://coub-anubis-a.akamaized.net/coub_storage/coub/simple/cw_timeline_pic/d155af887e3/b13e2afb2673eec6c6a19/ios_large_1646879477_image.jpg","small_picture":"https://coub-anubis-a.akamaized.net/coub_storage/coub/simple/cw_image/dc1939df93a/34ebb8c7d70d8035d2f76/ios_mosaic_1646879478_00032.jpg","sharing_picture":null,"percent_done":100,"tags":[{"id":2234,"title":"meme","value":"meme"},{"id":2184714,"title":"car meme","value":"car%20meme"},{"id":6769762,"title":"car accedent meme","value":"car%20accedent%20meme"},{"id":6769763,"title":"funny car meme","value":"funny%20car%20meme"},{"id":3640772,"title":"english meme","value":"english%20meme"},{"id":299379,"title":"funny meme","value":"funny%20meme"},{"id":50,"title":"coub","value":"coub"},{"id":121890,"title":"trending","value":"trending"}],"categories":[{"id":116,"title":"Memes","permalink":"memes","subscriptions_count":1914550,"big_image_url":"https://coub-anubis-a.akamaized.net/coub_storage/category/cw_image/c9ec52f6b8e/901439d39eb2de551860f/big_1623846896_memes.png","small_image_url":"https://coub-anubis-a.akamaized.net/coub_storage/category/cw_image/c9ec52f6b8e/901439d39eb2de551860f/small_1623846896_memes.png","med_image_url":"https://coub-anubis-a.akamaized.net/coub_storage/category/cw_image/c9ec52f6b8e/901439d39eb2de551860f/med_1623846896_memes.png","visible":true}],"communities":[{"id":116,"title":"Memes","permalink":"memes","subscriptions_count":1914550,"big_image_url":"https://coub-anubis-a.akamaized.net/coub_storage/category/cw_image/c9ec52f6b8e/901439d39eb2de551860f/big_1623846896_memes.png","small_image_url":"https://coub-anubis-a.akamaized.net/coub_storage/category/cw_image/c9ec52f6b8e/901439d39eb2de551860f/small_1623846896_memes.png","med_image_url":"https://coub-anubis-a.akamaized.net/coub_storage/category/cw_image/c9ec52f6b8e/901439d39eb2de551860f/med_1623846896_memes.png","i_subscribed":true,"community_notifications_enabled":null,"description":null}],"recoubs_count":27,"remixes_count":0,"likes_count":128,"dislikes_count":0,"raw_video_id":17181955,"uploaded_by_ios_app":false,"uploaded_by_android_app":true,"media_blocks":{"uploaded_raw_videos":[],"external_raw_videos":[],"remixed_from_coubs":[]},"raw_video_thumbnail_url":"/missing/missing.png","raw_video_title":null,"video_block_banned":false,"duration":10.04,"promo_winner":false,"promo_winner_recoubers":null,"editorial_info":{},"promo_hint":null,"beeline_best_2014":null,"from_web_editor":false,"normalize_sound":true,"normalize_change_allowed":true,"best2015_addable":false,"ahmad_promo":null,"promo_data":null,"audio_copyright_claim":null,"ads_disabled":null,"is_safe_for_ads":true,"megafon_contents":[],"position_on_page":4},{"flag":null,"abuses":null,"recoubs_by_users_channels":null,"favourite":false,"promoted_id":null,"recoub":null,"like":null,"dislike":null,"reaction":null,"in_my_best2015":false,"id":183255790,"type":"Coub::Simple","permalink":"30rjqf","title":"basedmemes #83","visibility_type":"public","original_visibility_type":"public","channel_id":11285258,"created_at":"2022-02-26T10:25:30Z","updated_at":"2022-03-16T02:33:01Z","is_done":true,"views_count":16674,"cotd":null,"cotd_at":null,"visible_on_explore_root":false,"visible_on_explore":false,"featured":false,"published":true,"published_at":"2022-02-26T10:25:30Z","reversed":false,"from_editor_v2":true,"is_editable":true,"original_sound":true,"has_sound":true,"recoub_to":null,"file_versions":{"html5":{"video":{"higher":{"url":"https://coub-anubis-a.akamaized.net/coub_storage/coub/simple/cw_file/18cb9031dd3/eac914e2b7c051b4ec4bc/muted_mp4_huge_size_1645871136_muted_huge.mp4","size":606043},"high":{"url":"https://coub-anubis-a.akamaized.net/coub_storage/coub/simple/cw_file/18cb9031dd3/eac914e2b7c051b4ec4bc/muted_mp4_big_size_1645871136_muted_big.mp4","size":414010},"med":{"url":"https://coub-anubis-a.akamaized.net/coub_storage/coub/simple/cw_file/18cb9031dd3/eac914e2b7c051b4ec4bc/muted_mp4_med_size_1645871136_muted_med.mp4","size":120398}},"audio":{"high":{"url":"https://coub-anubis-a.akamaized.net/coub_storage/coub/simple/cw_looped_audio_high/f1747455b8a/dc2fe13b6f8801048e82c/1645871138_mp3-high.mp3","size":883394},"med":{"url":"https://coub-anubis-a.akamaized.net/coub_storage/coub/simple/cw_looped_audio_med/fff4798af96/ae573d4266df918f4f3cf/1645871137_mp3-med.mp3","size":878575},"sample_duration":7.43}},"mobile":{"video":"https://coub-anubis-a.akamaized.net/coub_storage/coub/simple/cw_file/18cb9031dd3/eac914e2b7c051b4ec4bc/muted_mp4_med_size_1645871136_muted_med.mp4","audio":["https://coub-anubis-a.akamaized.net/coub_storage/coub/simple/cw_looped_audio_med/fff4798af96/ae573d4266df918f4f3cf/1645871137_mp3-med.mp3"]},"share":{"default":"https://coub-anubis-a.akamaized.net/coub_storage/coub/simple/cw_video_for_sharing/0011d841672/a61ff191285757a06495f/1645871156_looped_1645871156.mp4"}},"audio_versions":{},"image_versions":{"template":"https://coub-anubis-a.akamaized.net/coub_storage/coub/simple/cw_image/7dc94eb32fb/cc26adcb70d53a0472aab/%{version}_1645871141_00024.jpg","versions":["micro","tiny","age_restricted","ios_large","ios_mosaic","big","med","small","pinterest"]},"first_frame_versions":{"template":"https://coub-anubis-a.akamaized.net/coub_storage/coub/simple/cw_timeline_pic/ec318e2dc4a/9af6ef7323d783b3a9bb5/%{version}_1645871141_image.jpg","versions":["big","med","small","ios_large"]},"dimensions":{"big":[1280,720],"med":[640,360]},"site_w_h":[640,360],"page_w_h":[640,360],"site_w_h_small":[310,174],"size":[1280,720],"age_restricted":false,"age_restricted_by_admin":false,"not_safe_for_work":null,"allow_reuse":false,"dont_crop":true,"banned":false,"global_safe":null,"audio_file_url":null,"external_download":false,"application":null,"channel":{"id":11285258,"permalink":"leedzyone","title":"BASEDMEMES","description":"Больше видосиков в группе ВК.","followers_count":164,"following_count":0,"avatar_versions":{"template":"https://coub-anubis-a.akamaized.net/coub_storage/channel/cw_avatar/f33599e8f02/842af5da0b04dd153374f/%{version}_1642413584_NicePng_pepehands-png_8318812.png","versions":["medium","medium_2x","profile_pic","profile_pic_new","profile_pic_new_2x","tiny","tiny_2x","small","small_2x","ios_large","ios_small"]}},"file":null,"picture":"https://coub-anubis-a.akamaized.net/coub_storage/coub/simple/cw_image/7dc94eb32fb/cc26adcb70d53a0472aab/med_1645871141_00024.jpg","timeline_picture":"https://coub-anubis-a.akamaized.net/coub_storage/coub/simple/cw_timeline_pic/ec318e2dc4a/9af6ef7323d783b3a9bb5/ios_large_1645871141_image.jpg","small_picture":"https://coub-anubis-a.akamaized.net/coub_storage/coub/simple/cw_image/7dc94eb32fb/cc26adcb70d53a0472aab/ios_mosaic_1645871141_00024.jpg","sharing_picture":null,"percent_done":100,"tags":[{"id":62454,"title":"based","value":"based"},{"id":2235,"title":"memes","value":"memes"},{"id":2234,"title":"meme","value":"meme"},{"id":14668,"title":"mem","value":"mem"},{"id":68250,"title":"cringe","value":"cringe"},{"id":292,"title":"humor","value":"humor"},{"id":6127480,"title":"aboba","value":"aboba"},{"id":213684,"title":"kek","value":"kek"},{"id":170,"title":"lol","value":"lol"},{"id":169,"title":"fun","value":"fun"},{"id":174,"title":"funny","value":"funny"},{"id":351413,"title":"webm","value":"webm"},{"id":2889,"title":"vine","value":"vine"},{"id":1598861,"title":"tiktok","value":"tiktok"},{"id":882,"title":"прикол","value":"%D0%BF%D1%80%D0%B8%D0%BA%D0%BE%D0%BB"},{"id":1437,"title":"юмор","value":"%D1%8E%D0%BC%D0%BE%D1%80"},{"id":6249,"title":"мем","value":"%D0%BC%D0%B5%D0%BC"},{"id":22887,"title":"мемы","value":"%D0%BC%D0%B5%D0%BC%D1%8B"},{"id":1180739,"title":"мемасы","value":"%D0%BC%D0%B5%D0%BC%D0%B0%D1%81%D1%8B"},{"id":1264,"title":"смех","value":"%D1%81%D0%BC%D0%B5%D1%85"},{"id":1730,"title":"фейл","value":"%D1%84%D0%B5%D0%B9%D0%BB"},{"id":2500,"title":"fall","value":"fall"},{"id":3235333,"title":"кринж","value":"%D0%BA%D1%80%D0%B8%D0%BD%D0%B6"},{"id":6459542,"title":"некоглай","value":"%D0%BD%D0%B5%D0%BA%D0%BE%D0%B3%D0%BB%D0%B0%D0%B9"},{"id":512435,"title":"куплинов","value":"%D0%BA%D1%83%D0%BF%D0%BB%D0%B8%D0%BD%D0%BE%D0%B2"},{"id":2465,"title":"вайн","value":"%D0%B2%D0%B0%D0%B9%D0%BD"},{"id":1007421,"title":"вебм","value":"%D0%B2%D0%B5%D0%B1%D0%BC"},{"id":4256927,"title":"тикток","value":"%D1%82%D0%B8%D0%BA%D1%82%D0%BE%D0%BA"},{"id":236494,"title":"83","value":"83"}],"categories":[{"id":116,"title":"Memes","permalink":"memes","subscriptions_count":1914550,"big_image_url":"https://coub-anubis-a.akamaized.net/coub_storage/category/cw_image/c9ec52f6b8e/901439d39eb2de551860f/big_1623846896_memes.png","small_image_url":"https://coub-anubis-a.akamaized.net/coub_storage/category/cw_image/c9ec52f6b8e/901439d39eb2de551860f/small_1623846896_memes.png","med_image_url":"https://coub-anubis-a.akamaized.net/coub_storage/category/cw_image/c9ec52f6b8e/901439d39eb2de551860f/med_1623846896_memes.png","visible":true}],"communities":[{"id":116,"title":"Memes","permalink":"memes","subscriptions_count":1914550,"big_image_url":"https://coub-anubis-a.akamaized.net/coub_storage/category/cw_image/c9ec52f6b8e/901439d39eb2de551860f/big_1623846896_memes.png","small_image_url":"https://coub-anubis-a.akamaized.net/coub_storage/category/cw_image/c9ec52f6b8e/901439d39eb2de551860f/small_1623846896_memes.png","med_image_url":"https://coub-anubis-a.akamaized.net/coub_storage/category/cw_image/c9ec52f6b8e/901439d39eb2de551860f/med_1623846896_memes.png","i_subscribed":true,"community_notifications_enabled":null,"description":null}],"recoubs_count":23,"remixes_count":0,"likes_count":128,"dislikes_count":0,"raw_video_id":17158037,"uploaded_by_ios_app":false,"uploaded_by_android_app":false,"media_blocks":{"uploaded_raw_videos":[],"external_raw_videos":[],"remixed_from_coubs":[]},"raw_video_thumbnail_url":"https://coub-anubis-a.akamaized.net/coub_storage/raw_video/cw_image/7f09fcc91fc/cf8a89daa9be0bba5e217/coub_media_1645870819_image.jpg","raw_video_title":"basedmemes__18.mp4","video_block_banned":false,"duration":7.48,"promo_winner":false,"promo_winner_recoubers":null,"editorial_info":{},"promo_hint":null,"beeline_best_2014":null,"from_web_editor":true,"normalize_sound":true,"normalize_change_allowed":true,"best2015_addable":false,"ahmad_promo":null,"promo_data":null,"audio_copyright_claim":null,"ads_disabled":null,"is_safe_for_ads":true,"megafon_contents":[],"position_on_page":5},{"flag":null,"abuses":null,"recoubs_by_users_channels":null,"favourite":false,"promoted_id":null,"recoub":null,"like":null,"dislike":null,"reaction":null,"in_my_best2015":false,"id":183161980,"type":"Coub::Simple","permalink":"30pjck","title":"Tom Scott dies","visibility_type":"public","original_visibility_type":"public","channel_id":12264472,"created_at":"2022-02-23T13:32:19Z","updated_at":"2022-03-15T21:34:54Z","is_done":true,"views_count":12259,"cotd":null,"cotd_at":null,"visible_on_explore_root":false,"visible_on_explore":false,"featured":false,"published":true,"published_at":"2022-02-23T13:32:19Z","reversed":false,"from_editor_v2":true,"is_editable":true,"original_sound":true,"has_sound":true,"recoub_to":null,"file_versions":{"html5":{"video":{"higher":{"url":"https://coub-anubis-a.akamaized.net/coub_storage/coub/simple/cw_file/7cf6bcc3daa/ad070b1a14ae5f168194d/muted_mp4_huge_size_1645623142_muted_huge.mp4","size":549053},"high":{"url":"https://coub-anubis-a.akamaized.net/coub_storage/coub/simple/cw_file/7cf6bcc3daa/ad070b1a14ae5f168194d/muted_mp4_big_size_1645623142_muted_big.mp4","size":337053},"med":{"url":"https://coub-anubis-a.akamaized.net/coub_storage/coub/simple/cw_file/7cf6bcc3daa/ad070b1a14ae5f168194d/muted_mp4_med_size_1645623142_muted_med.mp4","size":132860}},"audio":{"high":{"url":"https://coub-anubis-a.akamaized.net/coub_storage/coub/simple/cw_looped_audio_high/5e9812e729a/3f675097de037c5a3a743/1645623144_mp3-high.mp3","size":996858},"med":{"url":"https://coub-anubis-a.akamaized.net/coub_storage/coub/simple/cw_looped_audio_med/d3d2e0d5b85/f27421950a5b41f8d6e09/1645623143_mp3-med.mp3","size":886180},"sample_duration":6.177}},"mobile":{"video":"https://coub-anubis-a.akamaized.net/coub_storage/coub/simple/cw_file/7cf6bcc3daa/ad070b1a14ae5f168194d/muted_mp4_med_size_1645623142_muted_med.mp4","audio":["https://coub-anubis-a.akamaized.net/coub_storage/coub/simple/cw_looped_audio_med/d3d2e0d5b85/f27421950a5b41f8d6e09/1645623143_mp3-med.mp3"]},"share":{"default":"https://coub-anubis-a.akamaized.net/coub_storage/coub/simple/cw_video_for_sharing/4377b8db622/0d8f47d8c983b429386cb/1645623163_looped_1645623162.mp4"}},"audio_versions":{},"image_versions":{"template":"https://coub-anubis-a.akamaized.net/coub_storage/coub/simple/cw_image/6b3098e827c/ef5f5d9049800119a1c7f/%{version}_1645623146_00020.jpg","versions":["micro","tiny","age_restricted","ios_large","ios_mosaic","big","med","small","pinterest"]},"first_frame_versions":{"template":"https://coub-anubis-a.akamaized.net/coub_storage/coub/simple/cw_timeline_pic/86e26f0d152/87bd7464ddab8f8670ebc/%{version}_1645623146_image.jpg","versions":["big","med","small","ios_large"]},"dimensions":{"big":[1280,720],"med":[640,360]},"site_w_h":[640,360],"page_w_h":[640,360],"site_w_h_small":[310,174],"size":[1280,720],"age_restricted":false,"age_restricted_by_admin":false,"not_safe_for_work":null,"allow_reuse":false,"dont_crop":true,"banned":false,"global_safe":null,"audio_file_url":null,"external_download":{"type":"Youtube","service_name":"YouTube","url":"https://www.youtube.com/watch?v=CsCS5BOjdgk&ab_channel=AugustBreak","has_embed":true},"application":null,"channel":{"id":12264472,"permalink":"kokojanko","title":"kokojanko","description":null,"followers_count":20,"following_count":18,"avatar_versions":{"template":"https://coub-anubis-a.akamaized.net/coub_storage/channel/cw_avatar/5801e42f34d/ac337c895b40ca7554e26/%{version}_1630356345_Arch.jpg","versions":["medium","medium_2x","profile_pic","profile_pic_new","profile_pic_new_2x","tiny","tiny_2x","small","small_2x","ios_large","ios_small"]}},"file":null,"picture":"https://coub-anubis-a.akamaized.net/coub_storage/coub/simple/cw_image/6b3098e827c/ef5f5d9049800119a1c7f/med_1645623146_00020.jpg","timeline_picture":"https://coub-anubis-a.akamaized.net/coub_storage/coub/simple/cw_timeline_pic/86e26f0d152/87bd7464ddab8f8670ebc/ios_large_1645623146_image.jpg","small_picture":"https://coub-anubis-a.akamaized.net/coub_storage/coub/simple/cw_image/6b3098e827c/ef5f5d9049800119a1c7f/ios_mosaic_1645623146_00020.jpg","sharing_picture":null,"percent_done":100,"tags":[{"id":2234,"title":"meme","value":"meme"},{"id":14668,"title":"mem","value":"mem"},{"id":737682,"title":"tom scott","value":"tom%20scott"}],"categories":[{"id":116,"title":"Memes","permalink":"memes","subscriptions_count":1914550,"big_image_url":"https://coub-anubis-a.akamaized.net/coub_storage/category/cw_image/c9ec52f6b8e/901439d39eb2de551860f/big_1623846896_memes.png","small_image_url":"https://coub-anubis-a.akamaized.net/coub_storage/category/cw_image/c9ec52f6b8e/901439d39eb2de551860f/small_1623846896_memes.png","med_image_url":"https://coub-anubis-a.akamaized.net/coub_storage/category/cw_image/c9ec52f6b8e/901439d39eb2de551860f/med_1623846896_memes.png","visible":true}],"communities":[{"id":116,"title":"Memes","permalink":"memes","subscriptions_count":1914550,"big_image_url":"https://coub-anubis-a.akamaized.net/coub_storage/category/cw_image/c9ec52f6b8e/901439d39eb2de551860f/big_1623846896_memes.png","small_image_url":"https://coub-anubis-a.akamaized.net/coub_storage/category/cw_image/c9ec52f6b8e/901439d39eb2de551860f/small_1623846896_memes.png","med_image_url":"https://coub-anubis-a.akamaized.net/coub_storage/category/cw_image/c9ec52f6b8e/901439d39eb2de551860f/med_1623846896_memes.png","i_subscribed":true,"community_notifications_enabled":null,"description":null}],"recoubs_count":30,"remixes_count":0,"likes_count":128,"dislikes_count":0,"raw_video_id":17152470,"uploaded_by_ios_app":false,"uploaded_by_android_app":false,"media_blocks":{"uploaded_raw_videos":[],"external_raw_videos":[{"id":41101754,"title":"Tom Scott dies","url":"https://www.youtube.com/watch?v=CsCS5BOjdgk","image":"https://coub-anubis-a.akamaized.net/coub_storage/media_block/cw_image/f6c98b19fe3/7e074fcbf4820b737f661/video_1645623120_oxxnt8_1645623111_1645623111_e26ac1_att-url-download.webp","image_retina":"https://coub-anubis-a.akamaized.net/coub_storage/media_block/cw_image/f6c98b19fe3/7e074fcbf4820b737f661/video_retina_1645623120_oxxnt8_1645623111_1645623111_e26ac1_att-url-download.webp","meta":{"service":"Youtube","duration":"6.181"},"duration":6.181,"raw_video_id":17152470,"has_embed":true}],"remixed_from_coubs":[],"external_video":{"id":41101754,"title":"Tom Scott dies","url":"https://www.youtube.com/watch?v=CsCS5BOjdgk","image":"https://coub-anubis-a.akamaized.net/coub_storage/media_block/cw_image/f6c98b19fe3/7e074fcbf4820b737f661/video_1645623120_oxxnt8_1645623111_1645623111_e26ac1_att-url-download.webp","image_retina":"https://coub-anubis-a.akamaized.net/coub_storage/media_block/cw_image/f6c98b19fe3/7e074fcbf4820b737f661/video_retina_1645623120_oxxnt8_1645623111_1645623111_e26ac1_att-url-download.webp","meta":{"service":"Youtube","duration":"6.181"},"duration":6.181,"raw_video_id":17152470,"has_embed":true}},"raw_video_thumbnail_url":"https://coub-anubis-a.akamaized.net/coub_storage/raw_video/cw_image/c6d7a9bff5a/eb31cb589bb08d0aa6e7c/coub_media_1645623111_1645623111_e26ac1_att-url-download.webp","raw_video_title":"Tom Scott dies","video_block_banned":false,"duration":6.2,"promo_winner":false,"promo_winner_recoubers":null,"editorial_info":{},"promo_hint":null,"beeline_best_2014":null,"from_web_editor":true,"normalize_sound":true,"normalize_change_allowed":true,"best2015_addable":false,"ahmad_promo":null,"promo_data":null,"audio_copyright_claim":null,"ads_disabled":null,"is_safe_for_ads":true,"megafon_contents":[],"position_on_page":6},{"flag":null,"abuses":null,"recoubs_by_users_channels":null,"favourite":false,"promoted_id":null,"recoub":null,"like":null,"dislike":null,"reaction":null,"in_my_best2015":false,"id":181669282,"type":"Coub::Simple","permalink":"2ztbum","title":"Talent","visibility_type":"public","original_visibility_type":"public","channel_id":10333064,"created_at":"2022-01-19T02:57:18Z","updated_at":"2022-03-09T23:39:13Z","is_done":true,"views_count":19578,"cotd":null,"cotd_at":null,"visible_on_explore_root":false,"visible_on_explore":false,"featured":false,"published":true,"published_at":"2022-01-19T02:57:18Z","reversed":false,"from_editor_v2":true,"is_editable":true,"original_sound":true,"has_sound":true,"recoub_to":null,"file_versions":{"html5":{"video":{"higher":{"url":"https://coub-anubis-a.akamaized.net/coub_storage/coub/simple/cw_file/724679be570/61f64f9abc06f661ce7c9/muted_mp4_huge_size_1642561044_muted_huge.mp4","size":1342200},"high":{"url":"https://coub-anubis-a.akamaized.net/coub_storage/coub/simple/cw_file/724679be570/61f64f9abc06f661ce7c9/muted_mp4_big_size_1642561044_muted_big.mp4","size":825902},"med":{"url":"https://coub-anubis-a.akamaized.net/coub_storage/coub/simple/cw_file/724679be570/61f64f9abc06f661ce7c9/muted_mp4_med_size_1642561044_muted_med.mp4","size":265905}},"audio":{"high":{"url":"https://coub-anubis-a.akamaized.net/coub_storage/coub/simple/cw_looped_audio_high/72fafadde3a/267d53c781af03811be3b/1642561046_mp3-high.mp3","size":962314},"med":{"url":"https://coub-anubis-a.akamaized.net/coub_storage/coub/simple/cw_looped_audio_med/9d22ca07f0f/18049494bbd7fe2b8cd6d/1642561045_mp3-med.mp3","size":799076},"sample_duration":10.008}},"mobile":{"video":"https://coub-anubis-a.akamaized.net/coub_storage/coub/simple/cw_file/724679be570/61f64f9abc06f661ce7c9/muted_mp4_med_size_1642561044_muted_med.mp4","audio":["https://coub-anubis-a.akamaized.net/coub_storage/coub/simple/cw_looped_audio_med/9d22ca07f0f/18049494bbd7fe2b8cd6d/1642561045_mp3-med.mp3"]},"share":{"default":"https://coub-anubis-a.akamaized.net/coub_storage/coub/simple/cw_video_for_sharing/a728e67db61/0e58b50b4f74a8bfbf75b/1642561067_looped_1642561066.mp4"}},"audio_versions":{},"image_versions":{"template":"https://coub-anubis-a.akamaized.net/coub_storage/coub/simple/cw_image/62dcb5edc6a/9d9f961d61e220f4f1155/%{version}_1642561049_00032.jpg","versions":["micro","tiny","age_restricted","ios_large","ios_mosaic","big","med","small","pinterest"]},"first_frame_versions":{"template":"https://coub-anubis-a.akamaized.net/coub_storage/coub/simple/cw_timeline_pic/48cc4773570/d98de5380b7054b8551e8/%{version}_1642561049_image.jpg","versions":["big","med","small","ios_large"]},"dimensions":{"big":[538,960],"med":[268,480]},"site_w_h":[224,400],"page_w_h":[400,714],"site_w_h_small":[310,553],"size":[538,960],"age_restricted":false,"age_restricted_by_admin":false,"not_safe_for_work":null,"allow_reuse":false,"dont_crop":true,"banned":false,"global_safe":null,"audio_file_url":null,"external_download":false,"application":null,"channel":{"id":10333064,"permalink":"guest-58713","title":"Guest_58713","description":null,"followers_count":14,"following_count":25,"avatar_versions":{"template":"https://coubsecureassets-a.akamaihd.net/assets/default-avatars/324-923150b35f59fcac652f67a44f6012e43008e6a7b37dc88f564864c854154aa8.png"}},"file":null,"picture":"https://coub-anubis-a.akamaized.net/coub_storage/coub/simple/cw_image/62dcb5edc6a/9d9f961d61e220f4f1155/med_1642561049_00032.jpg","timeline_picture":"https://coub-anubis-a.akamaized.net/coub_storage/coub/simple/cw_timeline_pic/48cc4773570/d98de5380b7054b8551e8/ios_large_1642561049_image.jpg","small_picture":"https://coub-anubis-a.akamaized.net/coub_storage/coub/simple/cw_image/62dcb5edc6a/9d9f961d61e220f4f1155/ios_mosaic_1642561049_00032.jpg","sharing_picture":null,"percent_done":100,"tags":[{"id":486992,"title":"kid friendly","value":"kid%20friendly"}],"categories":[{"id":116,"title":"Memes","permalink":"memes","subscriptions_count":1914550,"big_image_url":"https://coub-anubis-a.akamaized.net/coub_storage/category/cw_image/c9ec52f6b8e/901439d39eb2de551860f/big_1623846896_memes.png","small_image_url":"https://coub-anubis-a.akamaized.net/coub_storage/category/cw_image/c9ec52f6b8e/901439d39eb2de551860f/small_1623846896_memes.png","med_image_url":"https://coub-anubis-a.akamaized.net/coub_storage/category/cw_image/c9ec52f6b8e/901439d39eb2de551860f/med_1623846896_memes.png","visible":true}],"communities":[{"id":116,"title":"Memes","permalink":"memes","subscriptions_count":1914550,"big_image_url":"https://coub-anubis-a.akamaized.net/coub_storage/category/cw_image/c9ec52f6b8e/901439d39eb2de551860f/big_1623846896_memes.png","small_image_url":"https://coub-anubis-a.akamaized.net/coub_storage/category/cw_image/c9ec52f6b8e/901439d39eb2de551860f/small_1623846896_memes.png","med_image_url":"https://coub-anubis-a.akamaized.net/coub_storage/category/cw_image/c9ec52f6b8e/901439d39eb2de551860f/med_1623846896_memes.png","i_subscribed":true,"community_notifications_enabled":null,"description":null}],"recoubs_count":21,"remixes_count":0,"likes_count":128,"dislikes_count":0,"raw_video_id":17071809,"uploaded_by_ios_app":false,"uploaded_by_android_app":false,"media_blocks":{"uploaded_raw_videos":[],"external_raw_videos":[],"remixed_from_coubs":[]},"raw_video_thumbnail_url":"https://coub-anubis-a.akamaized.net/coub_storage/raw_video/cw_image/e5ce36291b5/3492ee75604e60885fc80/coub_media_1642560928_image.jpg","raw_video_title":"ne0b14n1e_-_CXy2p-nAqfd.mp4","video_block_banned":false,"duration":10.0,"promo_winner":false,"promo_winner_recoubers":null,"editorial_info":{},"promo_hint":null,"beeline_best_2014":null,"from_web_editor":true,"normalize_sound":true,"normalize_change_allowed":true,"best2015_addable":false,"ahmad_promo":null,"promo_data":null,"audio_copyright_claim":null,"ads_disabled":null,"is_safe_for_ads":true,"megafon_contents":[],"position_on_page":7},{"flag":null,"abuses":null,"recoubs_by_users_channels":null,"favourite":false,"promoted_id":null,"recoub":null,"like":null,"dislike":null,"reaction":null,"in_my_best2015":false,"id":176425978,"type":"Coub::Simple","permalink":"2woy2a","title":"Париж","visibility_type":"public","original_visibility_type":"public","channel_id":5386574,"created_at":"2021-10-02T11:51:07Z","updated_at":"2021-11-22T23:10:18Z","is_done":true,"views_count":13365,"cotd":null,"cotd_at":null,"visible_on_explore_root":false,"visible_on_explore":false,"featured":false,"published":true,"published_at":"2021-10-02T11:51:07Z","reversed":false,"from_editor_v2":true,"is_editable":true,"original_sound":true,"has_sound":true,"recoub_to":null,"file_versions":{"html5":{"video":{"higher":{"url":"https://coub-anubis-a.akamaized.net/coub_storage/coub/simple/cw_file/489481f414b/fd0e41574f33d5cd71cff/muted_mp4_huge_size_1633175478_muted_huge.mp4","size":1408617},"high":{"url":"https://coub-anubis-a.akamaized.net/coub_storage/coub/simple/cw_file/489481f414b/fd0e41574f33d5cd71cff/muted_mp4_big_size_1633175478_muted_big.mp4","size":818013},"med":{"url":"https://coub-anubis-a.akamaized.net/coub_storage/coub/simple/cw_file/489481f414b/fd0e41574f33d5cd71cff/muted_mp4_med_size_1633175478_muted_med.mp4","size":225324}},"audio":{"high":{"url":"https://coub-anubis-a.akamaized.net/coub_storage/coub/simple/cw_looped_audio_high/5f24cc417c8/7548cce08e0cdb0b9941b/1633175480_mp3-high.mp3","size":796515},"med":{"url":"https://coub-anubis-a.akamaized.net/coub_storage/coub/simple/cw_looped_audio_med/7b67365279d/69accdb3f9af0fded1265/1633175480_mp3-med.mp3","size":780738},"sample_duration":7.639}},"mobile":{"video":"https://coub-anubis-a.akamaized.net/coub_storage/coub/simple/cw_file/489481f414b/fd0e41574f33d5cd71cff/muted_mp4_med_size_1633175478_muted_med.mp4","audio":["https://coub-anubis-a.akamaized.net/coub_storage/coub/simple/cw_looped_audio_med/7b67365279d/69accdb3f9af0fded1265/1633175480_mp3-med.mp3"]},"share":{"default":"https://coub-anubis-a.akamaized.net/coub_storage/coub/simple/cw_video_for_sharing/110e4aba4de/d1ba2661697ebabf137b4/1633175546_looped_1633175544.mp4"}},"audio_versions":{},"image_versions":{"template":"https://coub-anubis-a.akamaized.net/coub_storage/coub/simple/cw_image/e8a16e2dcfb/76bf982b5bd7d58a9a590/%{version}_1633175494_00025.jpg","versions":["micro","tiny","age_restricted","ios_large","ios_mosaic","big","med","small","pinterest"]},"first_frame_versions":{"template":"https://coub-anubis-a.akamaized.net/coub_storage/coub/simple/cw_timeline_pic/5688bb67ca2/bd6a04d429585cbdf322c/%{version}_1633175493_image.jpg","versions":["big","med","small","ios_large"]},"dimensions":{"big":[960,960],"med":[480,480]},"site_w_h":[400,400],"page_w_h":[400,400],"site_w_h_small":[310,310],"size":[960,960],"age_restricted":false,"age_restricted_by_admin":false,"not_safe_for_work":null,"allow_reuse":false,"dont_crop":true,"banned":false,"global_safe":null,"audio_file_url":null,"external_download":false,"application":null,"channel":{"id":5386574,"permalink":"demian205","title":"Demian","description":null,"followers_count":26,"following_count":11,"avatar_versions":{"template":"https://coub-anubis-a.akamaized.net/coub_storage/channel/cw_avatar/f247a89c1d8/5f66a4c20660092b9958d/%{version}_1607750213_1jupsya_1552415891_215624-beautiful-magi-wallpaper-1920x1080-download-free.jpg","versions":["medium","medium_2x","profile_pic","profile_pic_new","profile_pic_new_2x","tiny","tiny_2x","small","small_2x","ios_large","ios_small"]}},"file":null,"picture":"https://coub-anubis-a.akamaized.net/coub_storage/coub/simple/cw_image/e8a16e2dcfb/76bf982b5bd7d58a9a590/med_1633175494_00025.jpg","timeline_picture":"https://coub-anubis-a.akamaized.net/coub_storage/coub/simple/cw_timeline_pic/5688bb67ca2/bd6a04d429585cbdf322c/ios_large_1633175493_image.jpg","small_picture":"https://coub-anubis-a.akamaized.net/coub_storage/coub/simple/cw_image/e8a16e2dcfb/76bf982b5bd7d58a9a590/ios_mosaic_1633175494_00025.jpg","sharing_picture":null,"percent_done":100,"tags":[{"id":74946,"title":"париж","value":"%D0%BF%D0%B0%D1%80%D0%B8%D0%B6"},{"id":1278497,"title":"юлия барановская","value":"%D1%8E%D0%BB%D0%B8%D1%8F%20%D0%B1%D0%B0%D1%80%D0%B0%D0%BD%D0%BE%D0%B2%D1%81%D0%BA%D0%B0%D1%8F"},{"id":1437,"title":"юмор","value":"%D1%8E%D0%BC%D0%BE%D1%80"},{"id":4480,"title":"приколы","value":"%D0%BF%D1%80%D0%B8%D0%BA%D0%BE%D0%BB%D1%8B"}],"categories":[{"id":116,"title":"Memes","permalink":"memes","subscriptions_count":1914550,"big_image_url":"https://coub-anubis-a.akamaized.net/coub_storage/category/cw_image/c9ec52f6b8e/901439d39eb2de551860f/big_1623846896_memes.png","small_image_url":"https://coub-anubis-a.akamaized.net/coub_storage/category/cw_image/c9ec52f6b8e/901439d39eb2de551860f/small_1623846896_memes.png","med_image_url":"https://coub-anubis-a.akamaized.net/coub_storage/category/cw_image/c9ec52f6b8e/901439d39eb2de551860f/med_1623846896_memes.png","visible":true}],"communities":[{"id":116,"title":"Memes","permalink":"memes","subscriptions_count":1914550,"big_image_url":"https://coub-anubis-a.akamaized.net/coub_storage/category/cw_image/c9ec52f6b8e/901439d39eb2de551860f/big_1623846896_memes.png","small_image_url":"https://coub-anubis-a.akamaized.net/coub_storage/category/cw_image/c9ec52f6b8e/901439d39eb2de551860f/small_1623846896_memes.png","med_image_url":"https://coub-anubis-a.akamaized.net/coub_storage/category/cw_image/c9ec52f6b8e/901439d39eb2de551860f/med_1623846896_memes.png","i_subscribed":true,"community_notifications_enabled":null,"description":null}],"recoubs_count":27,"remixes_count":0,"likes_count":128,"dislikes_count":0,"raw_video_id":16813261,"uploaded_by_ios_app":false,"uploaded_by_android_app":false,"media_blocks":{"uploaded_raw_videos":[],"external_raw_videos":[],"remixed_from_coubs":[]},"raw_video_thumbnail_url":"https://coub-anubis-a.akamaized.net/coub_storage/raw_video/cw_image/3afa4d46040/9e5359de14dcba3b1b9f7/coub_media_1633175157_image.jpg","raw_video_title":"_____.mp4","video_block_banned":false,"duration":7.72,"promo_winner":false,"promo_winner_recoubers":null,"editorial_info":{},"promo_hint":null,"beeline_best_2014":null,"from_web_editor":true,"normalize_sound":true,"normalize_change_allowed":true,"best2015_addable":false,"ahmad_promo":null,"promo_data":null,"audio_copyright_claim":null,"ads_disabled":null,"is_safe_for_ads":true,"megafon_contents":[],"position_on_page":8},{"flag":null,"abuses":null,"recoubs_by_users_channels":null,"favourite":false,"promoted_id":null,"recoub":null,"like":null,"dislike":null,"reaction":null,"in_my_best2015":false,"id":175971267,"type":"Coub::Simple","permalink":"2wf77e","title":"hampster","visibility_type":"public","original_visibility_type":"public","channel_id":12264472,"created_at":"2021-09-23T15:23:51Z","updated_at":"2022-03-13T13:05:22Z","is_done":true,"views_count":17450,"cotd":null,"cotd_at":null,"visible_on_explore_root":false,"visible_on_explore":false,"featured":false,"published":true,"published_at":"2021-09-23T15:23:51Z","reversed":false,"from_editor_v2":true,"is_editable":true,"original_sound":true,"has_sound":true,"recoub_to":null,"file_versions":{"html5":{"video":{"higher":{"url":"https://coub-anubis-a.akamaized.net/coub_storage/coub/simple/cw_file/6c4120c88d5/0c69e3b3ee476570a1186/muted_mp4_huge_size_1632410635_muted_huge.mp4","size":1051315},"high":{"url":"https://coub-anubis-a.akamaized.net/coub_storage/coub/simple/cw_file/6c4120c88d5/0c69e3b3ee476570a1186/muted_mp4_big_size_1632410635_muted_big.mp4","size":649790},"med":{"url":"https://coub-anubis-a.akamaized.net/coub_storage/coub/simple/cw_file/6c4120c88d5/0c69e3b3ee476570a1186/muted_mp4_med_size_1632410635_muted_med.mp4","size":229054}},"audio":{"high":{"url":"https://coub-anubis-a.akamaized.net/coub_storage/coub/simple/cw_looped_audio_high/6b21418073b/af57a8b31bb1c28230f43/1632410637_mp3-high.mp3","size":1016259},"med":{"url":"https://coub-anubis-a.akamaized.net/coub_storage/coub/simple/cw_looped_audio_med/02f3c86593a/c8b43b2eb32090fdcea13/1632410636_mp3-med.mp3","size":943021},"sample_duration":6.641}},"mobile":{"video":"https://coub-anubis-a.akamaized.net/coub_storage/coub/simple/cw_file/6c4120c88d5/0c69e3b3ee476570a1186/muted_mp4_med_size_1632410635_muted_med.mp4","audio":["https://coub-anubis-a.akamaized.net/coub_storage/coub/simple/cw_looped_audio_med/02f3c86593a/c8b43b2eb32090fdcea13/1632410636_mp3-med.mp3"]},"share":{"default":"https://coub-anubis-a.akamaized.net/coub_storage/coub/simple/cw_video_for_sharing/925bbf0481a/31d4966badaa0f3c03a8d/1632410660_looped_1632410660.mp4"}},"audio_versions":{},"image_versions":{"template":"https://coub-anubis-a.akamaized.net/coub_storage/coub/simple/cw_image/7d7d43a277f/b2069238523f7638f9332/%{version}_1632410641_00021.jpg","versions":["micro","tiny","age_restricted","ios_large","ios_mosaic","big","med","small","pinterest"]},"first_frame_versions":{"template":"https://coub-anubis-a.akamaized.net/coub_storage/coub/simple/cw_timeline_pic/c3ca4e5aa2d/7d7cecb57b7ccaa3c35a3/%{version}_1632410641_image.jpg","versions":["big","med","small","ios_large"]},"dimensions":{"big":[960,960],"med":[480,480]},"site_w_h":[400,400],"page_w_h":[400,400],"site_w_h_small":[310,310],"size":[960,960],"age_restricted":false,"age_restricted_by_admin":false,"not_safe_for_work":null,"allow_reuse":false,"dont_crop":true,"banned":false,"global_safe":null,"audio_file_url":null,"external_download":{"type":"Vk","service_name":"Vk","url":"https://vk.com/video?z=video-120254617_456251905%2Fpl_cat_updates","has_embed":false},"application":null,"channel":{"id":12264472,"permalink":"kokojanko","title":"kokojanko","description":null,"followers_count":20,"following_count":18,"avatar_versions":{"template":"https://coub-anubis-a.akamaized.net/coub_storage/channel/cw_avatar/5801e42f34d/ac337c895b40ca7554e26/%{version}_1630356345_Arch.jpg","versions":["medium","medium_2x","profile_pic","profile_pic_new","profile_pic_new_2x","tiny","tiny_2x","small","small_2x","ios_large","ios_small"]}},"file":null,"picture":"https://coub-anubis-a.akamaized.net/coub_storage/coub/simple/cw_image/7d7d43a277f/b2069238523f7638f9332/med_1632410641_00021.jpg","timeline_picture":"https://coub-anubis-a.akamaized.net/coub_storage/coub/simple/cw_timeline_pic/c3ca4e5aa2d/7d7cecb57b7ccaa3c35a3/ios_large_1632410641_image.jpg","small_picture":"https://coub-anubis-a.akamaized.net/coub_storage/coub/simple/cw_image/7d7d43a277f/b2069238523f7638f9332/ios_mosaic_1632410641_00021.jpg","sharing_picture":null,"percent_done":100,"tags":[{"id":270275,"title":"hampster","value":"hampster"},{"id":2234,"title":"meme","value":"meme"},{"id":14668,"title":"mem","value":"mem"}],"categories":[{"id":116,"title":"Memes","permalink":"memes","subscriptions_count":1914550,"big_image_url":"https://coub-anubis-a.akamaized.net/coub_storage/category/cw_image/c9ec52f6b8e/901439d39eb2de551860f/big_1623846896_memes.png","small_image_url":"https://coub-anubis-a.akamaized.net/coub_storage/category/cw_image/c9ec52f6b8e/901439d39eb2de551860f/small_1623846896_memes.png","med_image_url":"https://coub-anubis-a.akamaized.net/coub_storage/category/cw_image/c9ec52f6b8e/901439d39eb2de551860f/med_1623846896_memes.png","visible":true}],"communities":[{"id":116,"title":"Memes","permalink":"memes","subscriptions_count":1914550,"big_image_url":"https://coub-anubis-a.akamaized.net/coub_storage/category/cw_image/c9ec52f6b8e/901439d39eb2de551860f/big_1623846896_memes.png","small_image_url":"https://coub-anubis-a.akamaized.net/coub_storage/category/cw_image/c9ec52f6b8e/901439d39eb2de551860f/small_1623846896_memes.png","med_image_url":"https://coub-anubis-a.akamaized.net/coub_storage/category/cw_image/c9ec52f6b8e/901439d39eb2de551860f/med_1623846896_memes.png","i_subscribed":true,"community_notifications_enabled":null,"description":null}],"recoubs_count":15,"remixes_count":0,"likes_count":128,"dislikes_count":0,"raw_video_id":16790339,"uploaded_by_ios_app":false,"uploaded_by_android_app":false,"media_blocks":{"uploaded_raw_videos":[],"external_raw_videos":[{"id":39720775,"title":"dank","url":"https://vk.com/video-120254617_456251905","image":"https://coub-anubis-a.akamaized.net/coub_storage/media_block/cw_image/fe49a87ed22/2b41b1e1ea5116950e62a/video_1632403285_mtvxt7_1632403277_nynsfv_att-url-download","image_retina":"https://coub-anubis-a.akamaized.net/coub_storage/media_block/cw_image/fe49a87ed22/2b41b1e1ea5116950e62a/video_retina_1632403285_mtvxt7_1632403277_nynsfv_att-url-download","meta":{"service":"Vk","duration":"6.64"},"duration":6.64,"raw_video_id":16790339,"has_embed":false}],"remixed_from_coubs":[],"external_video":{"id":39720775,"title":"dank","url":"https://vk.com/video-120254617_456251905","image":"https://coub-anubis-a.akamaized.net/coub_storage/media_block/cw_image/fe49a87ed22/2b41b1e1ea5116950e62a/video_1632403285_mtvxt7_1632403277_nynsfv_att-url-download","image_retina":"https://coub-anubis-a.akamaized.net/coub_storage/media_block/cw_image/fe49a87ed22/2b41b1e1ea5116950e62a/video_retina_1632403285_mtvxt7_1632403277_nynsfv_att-url-download","meta":{"service":"Vk","duration":"6.64"},"duration":6.64,"raw_video_id":16790339,"has_embed":false}},"raw_video_thumbnail_url":"https://coub-anubis-a.akamaized.net/coub_storage/raw_video/cw_image/c6e17a9724c/97c05dd676937691fbff3/coub_media_1632403277_1632403277_nynsfv_att-url-download","raw_video_title":"dank","video_block_banned":false,"duration":6.64,"promo_winner":false,"promo_winner_recoubers":null,"editorial_info":{},"promo_hint":null,"beeline_best_2014":null,"from_web_editor":true,"normalize_sound":true,"normalize_change_allowed":true,"best2015_addable":false,"ahmad_promo":null,"promo_data":null,"audio_copyright_claim":null,"ads_disabled":null,"is_safe_for_ads":true,"megafon_contents":[],"position_on_page":9},{"flag":null,"abuses":null,"recoubs_by_users_channels":null,"favourite":false,"promoted_id":null,"recoub":null,"like":null,"dislike":null,"reaction":null,"in_my_best2015":false,"id":175744913,"type":"Coub::Simple","permalink":"2wacjr","title":"giovanni giorgio","visibility_type":"public","original_visibility_type":"public","channel_id":4522854,"created_at":"2021-09-19T08:54:10Z","updated_at":"2022-01-14T08:29:44Z","is_done":true,"views_count":13085,"cotd":null,"cotd_at":null,"visible_on_explore_root":false,"visible_on_explore":false,"featured":false,"published":true,"published_at":"2021-09-19T08:54:10Z","reversed":false,"from_editor_v2":true,"is_editable":true,"original_sound":true,"has_sound":true,"recoub_to":null,"file_versions":{"html5":{"video":{"higher":{"url":"https://coub-anubis-a.akamaized.net/coub_storage/coub/simple/cw_file/cf3f3dadff6/f3066168c9ead362ff917/muted_mp4_huge_size_1632041654_muted_huge.mp4","size":1066957},"high":{"url":"https://coub-anubis-a.akamaized.net/coub_storage/coub/simple/cw_file/cf3f3dadff6/f3066168c9ead362ff917/muted_mp4_big_size_1632041654_muted_big.mp4","size":651856},"med":{"url":"https://coub-anubis-a.akamaized.net/coub_storage/coub/simple/cw_file/cf3f3dadff6/f3066168c9ead362ff917/muted_mp4_med_size_1632041654_muted_med.mp4","size":235471}},"audio":{"high":{"url":"https://coub-anubis-a.akamaized.net/coub_storage/coub/simple/cw_looped_audio_high/addc6fdbbfe/a5f49fa146be6c1d2560d/1632041656_mp3-high.mp3","size":1006754},"med":{"url":"https://coub-anubis-a.akamaized.net/coub_storage/coub/simple/cw_looped_audio_med/c266ff80f8d/24111d49ee083038d7064/1632041655_mp3-med.mp3","size":770401},"sample_duration":10.008}},"mobile":{"video":"https://coub-anubis-a.akamaized.net/coub_storage/coub/simple/cw_file/cf3f3dadff6/f3066168c9ead362ff917/muted_mp4_med_size_1632041654_muted_med.mp4","audio":["https://coub-anubis-a.akamaized.net/coub_storage/coub/simple/cw_looped_audio_med/c266ff80f8d/24111d49ee083038d7064/1632041655_mp3-med.mp3"]},"share":{"default":"https://coub-anubis-a.akamaized.net/coub_storage/coub/simple/cw_video_for_sharing/83c90af4b6f/4b26a0a0c2148332417ef/1632041675_looped_1632041674.mp4"}},"audio_versions":{},"image_versions":{"template":"https://coub-anubis-a.akamaized.net/coub_storage/coub/simple/cw_image/f84f63ba5af/9d37b80dddcb8878f2c4d/%{version}_1632041659_00032.jpg","versions":["micro","tiny","age_restricted","ios_large","ios_mosaic","big","med","small","pinterest"]},"first_frame_versions":{"template":"https://coub-anubis-a.akamaized.net/coub_storage/coub/simple/cw_timeline_pic/7c97ecbbd71/cda4662e4d435a5c1600e/%{version}_1632041659_image.jpg","versions":["big","med","small","ios_large"]},"dimensions":{"big":[538,960],"med":[268,480]},"site_w_h":[224,400],"page_w_h":[400,714],"site_w_h_small":[310,553],"size":[538,960],"age_restricted":false,"age_restricted_by_admin":false,"not_safe_for_work":false,"allow_reuse":false,"dont_crop":true,"banned":false,"global_safe":null,"audio_file_url":null,"external_download":false,"application":null,"channel":{"id":4522854,"permalink":"next5006","title":"NeXt_死の花","description":null,"followers_count":29,"following_count":17,"avatar_versions":{"template":"https://coub-anubis-a.akamaized.net/coub_storage/channel/cw_avatar/1799442f952/a9726e2cbbe367b877e06/%{version}_1607963368_1qfbyjz_1583185674_cropped.jpeg","versions":["medium","medium_2x","profile_pic","profile_pic_new","profile_pic_new_2x","tiny","tiny_2x","small","small_2x","ios_large","ios_small"]}},"file":null,"picture":"https://coub-anubis-a.akamaized.net/coub_storage/coub/simple/cw_image/f84f63ba5af/9d37b80dddcb8878f2c4d/med_1632041659_00032.jpg","timeline_picture":"https://coub-anubis-a.akamaized.net/coub_storage/coub/simple/cw_timeline_pic/7c97ecbbd71/cda4662e4d435a5c1600e/ios_large_1632041659_image.jpg","small_picture":"https://coub-anubis-a.akamaized.net/coub_storage/coub/simple/cw_image/f84f63ba5af/9d37b80dddcb8878f2c4d/ios_mosaic_1632041659_00032.jpg","sharing_picture":null,"percent_done":100,"tags":[{"id":174,"title":"funny","value":"funny"},{"id":2235,"title":"memes","value":"memes"},{"id":18910,"title":"xd","value":"xd"},{"id":443,"title":"fail","value":"fail"},{"id":237642,"title":"kod","value":"kod"},{"id":39578,"title":"giorgio","value":"giorgio"},{"id":3045946,"title":"giovanni giorgio","value":"giovanni%20giorgio"}],"categories":[{"id":116,"title":"Memes","permalink":"memes","subscriptions_count":1914550,"big_image_url":"https://coub-anubis-a.akamaized.net/coub_storage/category/cw_image/c9ec52f6b8e/901439d39eb2de551860f/big_1623846896_memes.png","small_image_url":"https://coub-anubis-a.akamaized.net/coub_storage/category/cw_image/c9ec52f6b8e/901439d39eb2de551860f/small_1623846896_memes.png","med_image_url":"https://coub-anubis-a.akamaized.net/coub_storage/category/cw_image/c9ec52f6b8e/901439d39eb2de551860f/med_1623846896_memes.png","visible":true}],"communities":[{"id":116,"title":"Memes","permalink":"memes","subscriptions_count":1914550,"big_image_url":"https://coub-anubis-a.akamaized.net/coub_storage/category/cw_image/c9ec52f6b8e/901439d39eb2de551860f/big_1623846896_memes.png","small_image_url":"https://coub-anubis-a.akamaized.net/coub_storage/category/cw_image/c9ec52f6b8e/901439d39eb2de551860f/small_1623846896_memes.png","med_image_url":"https://coub-anubis-a.akamaized.net/coub_storage/category/cw_image/c9ec52f6b8e/901439d39eb2de551860f/med_1623846896_memes.png","i_subscribed":true,"community_notifications_enabled":null,"description":null}],"recoubs_count":14,"remixes_count":0,"likes_count":128,"dislikes_count":0,"raw_video_id":16779719,"uploaded_by_ios_app":false,"uploaded_by_android_app":true,"media_blocks":{"uploaded_raw_videos":[],"external_raw_videos":[],"remixed_from_coubs":[]},"raw_video_thumbnail_url":"/missing/missing.png","raw_video_title":null,"video_block_banned":false,"duration":10.04,"promo_winner":false,"promo_winner_recoubers":null,"editorial_info":{},"promo_hint":null,"beeline_best_2014":null,"from_web_editor":false,"normalize_sound":true,"normalize_change_allowed":true,"best2015_addable":false,"ahmad_promo":null,"promo_data":null,"audio_copyright_claim":null,"ads_disabled":false,"is_safe_for_ads":true,"megafon_contents":[],"position_on_page":10}]}