{"page":95,"per_page":10,"total_pages":500,"coubs":[{"flag":null,"abuses":null,"recoubs_by_users_channels":null,"favourite":false,"promoted_id":null,"recoub":null,"like":null,"dislike":null,"reaction":null,"in_my_best2015":false,"id":153278565,"type":"Coub::Simple","permalink":"2iwt98","title":".","visibility_type":"public","original_visibility_type":"public","channel_id":3571849,"created_at":"2020-09-06T07:42:17Z","updated_at":"2022-03-18T07:28:34Z","is_done":true,"views_count":295838,"cotd":null,"cotd_at":null,"visible_on_explore_root":true,"visible_on_explore":true,"featured":true,"published":true,"published_at":"2020-09-06T07:42:17Z","reversed":false,"from_editor_v2":true,"is_editable":true,"original_sound":false,"has_sound":false,"recoub_to":null,"file_versions":{"html5":{"video":{"higher":{"url":"https://coub-anubis-a.akamaized.net/coub_storage/coub/simple/cw_file/b79def5ef69/73bbad2706bf82f1f71c1/muted_mp4_huge_size_1599378203_muted_huge.mp4","size":1663843},"high":{"url":"https://coub-anubis-a.akamaized.net/coub_storage/coub/simple/cw_file/b79def5ef69/73bbad2706bf82f1f71c1/muted_mp4_big_size_1599378203_muted_big.mp4","size":1307006},"med":{"url":"https://coub-anubis-a.akamaized.net/coub_storage/coub/simple/cw_file/b79def5ef69/73bbad2706bf82f1f71c1/muted_mp4_med_size_1599378203_muted_med.mp4","size":486148}},"audio":{"high":{"url":"https://coub-anubis-a.akamaized.net/coub_storage/coub/simple/cw_looped_audio_high/43ed7cfe9f9/d58f2ba31430cd4b93c4b/1607307427_high_1599378239_high.mp3","size":4483209},"med":{"url":"https://coub-anubis-a.akamaized.net/coub_storage/coub/simple/cw_looped_audio_med/7a4e785903d/1a2eef1a43d3861a1140a/1607307426_med_1599378239_med.mp3","size":3332655}}},"mobile":{"video":"https://coub-anubis-a.akamaized.net/coub_storage/coub/simple/cw_file/b79def5ef69/73bbad2706bf82f1f71c1/muted_mp4_med_size_1599378203_muted_med.mp4","audio":["https://coub-anubis-a.akamaized.net/coub_storage/coub/simple/cw_looped_audio_med/7a4e785903d/1a2eef1a43d3861a1140a/1607307426_med_1599378239_med.mp3"]},"share":{"default":"https://coub-anubis-a.akamaized.net/coub_storage/coub/simple/cw_video_for_sharing/b3ab747fedb/cf122fe2ce1f8a33d618b/1608180865_looped_1608180864.mp4"}},"audio_versions":{"template":"https://coub-anubis-a.akamaized.net/coub_storage/audio_track/cw_file/4448a66e272/0cb641cf740d773750650/mid_1599378208_1golthg_edited.mp3","versions":["mid","low"]},"image_versions":{"template":"https://coub-anubis-a.akamaized.net/coub_storage/coub/simple/cw_image/b84fd9148bc/940aaed72ade38b771ec7/1599378258_00032.jpg","versions":["micro","tiny","age_restricted","ios_large","ios_mosaic","big","med","small","pinterest"]},"first_frame_versions":{"template":"https://coub-anubis-a.akamaized.net/coub_storage/coub/simple/cw_timeline_pic/1443f9c3176/82287edf0df394793b533/%{version}_1599378258_image.jpg","versions":["big","med","small","ios_large"]},"dimensions":{"big":[1280,720],"med":[640,360]},"site_w_h":[640,360],"page_w_h":[640,360],"site_w_h_small":[310,174],"size":[1280,720],"age_restricted":false,"age_restricted_by_admin":false,"not_safe_for_work":false,"allow_reuse":false,"dont_crop":false,"banned":false,"global_safe":true,"audio_file_url":"https://coub-anubis-a.akamaized.net/coub_storage/audio_track/cw_file/4448a66e272/0cb641cf740d773750650/low_1599378208_1golthg_edited.mp3","external_download":{"type":"Youtube","service_name":"YouTube","url":"https://www.youtube.com/watch?v=UnIhRpIT7nc","has_embed":true},"application":null,"channel":{"id":3571849,"permalink":"lifa-rxx-txam","title":"LiFA","description":"𝙋.𝙎. \"𝙄 𝙝𝙖𝙫𝙚 𝙣𝙤 𝙢𝙪𝙨𝙞𝙘 𝙩𝙞𝙩𝙡𝙚𝙨 𝙛𝙧𝙤𝙢 𝘾𝙊𝙐𝘽\"","followers_count":562,"following_count":195,"avatar_versions":{"template":"https://coub-anubis-a.akamaized.net/coub_storage/channel/cw_avatar/8b35b4627ed/1aa71ef3c6158c630a1a8/%{version}_1607424431_uzvvmo_1597082823__________-1.jpg","versions":["medium","medium_2x","profile_pic","profile_pic_new","profile_pic_new_2x","tiny","tiny_2x","small","small_2x","ios_large","ios_small"]}},"file":null,"picture":"https://coub-anubis-a.akamaized.net/coub_storage/coub/simple/cw_image/b84fd9148bc/940aaed72ade38b771ec7/1599378258_00032.jpg","timeline_picture":"https://coub-anubis-a.akamaized.net/coub_storage/coub/simple/cw_timeline_pic/1443f9c3176/82287edf0df394793b533/ios_large_1599378258_image.jpg","small_picture":"https://coub-anubis-a.akamaized.net/coub_storage/coub/simple/cw_image/b84fd9148bc/940aaed72ade38b771ec7/1599378258_00032.jpg","sharing_picture":null,"percent_done":100,"tags":[],"categories":[{"id":36,"title":"Anime","permalink":"anime","subscriptions_count":10078018,"big_image_url":"https://coub-anubis-a.akamaized.net/coub_storage/category/cw_image/79d6e4a3e73/c0b7416c30391c998a2ac/big_1544750217_Anime2.png","small_image_url":"https://coub-anubis-a.akamaized.net/coub_storage/category/cw_image/79d6e4a3e73/c0b7416c30391c998a2ac/small_1544750217_Anime2.png","med_image_url":"https://coub-anubis-a.akamaized.net/coub_storage/category/cw_image/79d6e4a3e73/c0b7416c30391c998a2ac/med_1544750217_Anime2.png","visible":true}],"communities":[{"id":36,"title":"Anime","permalink":"anime","subscriptions_count":10078018,"big_image_url":"https://coub-anubis-a.akamaized.net/coub_storage/category/cw_image/79d6e4a3e73/c0b7416c30391c998a2ac/big_1544750217_Anime2.png","small_image_url":"https://coub-anubis-a.akamaized.net/coub_storage/category/cw_image/79d6e4a3e73/c0b7416c30391c998a2ac/small_1544750217_Anime2.png","med_image_url":"https://coub-anubis-a.akamaized.net/coub_storage/category/cw_image/79d6e4a3e73/c0b7416c30391c998a2ac/med_1544750217_Anime2.png","i_subscribed":true,"community_notifications_enabled":null,"description":null}],"recoubs_count":1178,"remixes_count":14,"likes_count":5997,"dislikes_count":0,"raw_video_id":15467321,"uploaded_by_ios_app":false,"uploaded_by_android_app":false,"media_blocks":{"uploaded_raw_videos":[],"external_raw_videos":[{"id":36428422,"title":"稲葉曇『ラグトレイン』Vo. 歌愛ユキ","url":"https://www.youtube.com/watch?v=UnIhRpIT7nc","image":"https://coub-anubis-a.akamaized.net/coub_storage/media_block/cw_image/2d271f61d36/0f48ee56f65e91fec25f2/1595008219_izm2ea_1595008182_150ibm6_att-url-download.jpg","image_retina":"https://coub-anubis-a.akamaized.net/coub_storage/media_block/cw_image/2d271f61d36/0f48ee56f65e91fec25f2/1595008219_izm2ea_1595008182_150ibm6_att-url-download.jpg","meta":{"service":"Youtube","duration":"251.76"},"duration":251.76,"raw_video_id":15467321,"has_embed":true}],"remixed_from_coubs":[],"external_video":{"id":36428422,"title":"稲葉曇『ラグトレイン』Vo. 歌愛ユキ","url":"https://www.youtube.com/watch?v=UnIhRpIT7nc","image":"https://coub-anubis-a.akamaized.net/coub_storage/media_block/cw_image/2d271f61d36/0f48ee56f65e91fec25f2/1595008219_izm2ea_1595008182_150ibm6_att-url-download.jpg","image_retina":"https://coub-anubis-a.akamaized.net/coub_storage/media_block/cw_image/2d271f61d36/0f48ee56f65e91fec25f2/1595008219_izm2ea_1595008182_150ibm6_att-url-download.jpg","meta":{"service":"Youtube","duration":"251.76"},"duration":251.76,"raw_video_id":15467321,"has_embed":true}},"raw_video_thumbnail_url":"/missing/missing.png","raw_video_title":"稲葉曇『ラグトレイン』Vo. 歌愛ユキ","video_block_banned":false,"duration":10.0,"promo_winner":false,"promo_winner_recoubers":null,"editorial_info":{},"promo_hint":null,"beeline_best_2014":null,"from_web_editor":true,"normalize_sound":false,"normalize_change_allowed":true,"best2015_addable":false,"ahmad_promo":null,"promo_data":null,"audio_copyright_claim":null,"ads_disabled":false,"is_safe_for_ads":true,"megafon_contents":[],"position_on_page":1},{"flag":null,"abuses":null,"recoubs_by_users_channels":null,"favourite":false,"promoted_id":null,"recoub":null,"like":null,"dislike":null,"reaction":null,"in_my_best2015":false,"id":168603224,"type":"Coub::Simple","permalink":"2s19xt","title":"How to annoy your co-workers","visibility_type":"public","original_visibility_type":"public","channel_id":2567271,"created_at":"2021-05-12T20:54:45Z","updated_at":"2022-03-18T05:55:51Z","is_done":true,"views_count":388482,"cotd":null,"cotd_at":null,"visible_on_explore_root":false,"visible_on_explore":false,"featured":false,"published":true,"published_at":"2021-05-12T20:54:45Z","reversed":false,"from_editor_v2":true,"is_editable":true,"original_sound":true,"has_sound":true,"recoub_to":null,"file_versions":{"html5":{"video":{"higher":{"url":"https://coub-anubis-a.akamaized.net/coub_storage/coub/simple/cw_file/7839c0bb825/bb4d3527958d54843866c/muted_mp4_huge_size_1620852892_muted_huge.mp4","size":651794},"high":{"url":"https://coub-anubis-a.akamaized.net/coub_storage/coub/simple/cw_file/7839c0bb825/bb4d3527958d54843866c/muted_mp4_big_size_1620852892_muted_big.mp4","size":502180},"med":{"url":"https://coub-anubis-a.akamaized.net/coub_storage/coub/simple/cw_file/7839c0bb825/bb4d3527958d54843866c/muted_mp4_med_size_1620852892_muted_med.mp4","size":186092}},"audio":{"high":{"url":"https://coub-anubis-a.akamaized.net/coub_storage/coub/simple/cw_looped_audio_high/8ac3d8a858b/c14336743a30f51375065/1620852894_mp3-high.mp3","size":1003891},"med":{"url":"https://coub-anubis-a.akamaized.net/coub_storage/coub/simple/cw_looped_audio_med/30b07b01ec6/387bc1b616833f7b7401c/1620852893_mp3-med.mp3","size":799076},"sample_duration":10.008}},"mobile":{"video":"https://coub-anubis-a.akamaized.net/coub_storage/coub/simple/cw_file/7839c0bb825/bb4d3527958d54843866c/muted_mp4_med_size_1620852892_muted_med.mp4","audio":["https://coub-anubis-a.akamaized.net/coub_storage/coub/simple/cw_looped_audio_med/30b07b01ec6/387bc1b616833f7b7401c/1620852893_mp3-med.mp3"]},"share":{"default":"https://coub-anubis-a.akamaized.net/coub_storage/coub/simple/cw_video_for_sharing/79c62e53c01/4a54c504d0e30827daecc/1620852921_looped_1620852920.mp4"}},"audio_versions":{},"image_versions":{"template":"https://coub-anubis-a.akamaized.net/coub_storage/coub/simple/cw_image/d29e4787f2b/35f499f9ea529b02f66a0/%{version}_1620852897_00032.jpg","versions":["micro","tiny","age_restricted","ios_large","ios_mosaic","big","med","small","pinterest"]},"first_frame_versions":{"template":"https://coub-anubis-a.akamaized.net/coub_storage/coub/simple/cw_timeline_pic/b591ee47096/a3cd3a180b3243c800603/%{version}_1620852897_image.jpg","versions":["big","med","small","ios_large"]},"dimensions":{"big":[1280,720],"med":[640,360]},"site_w_h":[640,360],"page_w_h":[640,360],"site_w_h_small":[310,174],"size":[1280,720],"age_restricted":false,"age_restricted_by_admin":false,"not_safe_for_work":false,"allow_reuse":false,"dont_crop":true,"banned":false,"global_safe":null,"audio_file_url":null,"external_download":{"type":"Reddit","service_name":"Reddit","url":"https://www.reddit.com/r/Genshin_Impact/comments/n914uy/how_to_annoy_your_coworkers/?utm_source=share&utm_medium=web2x&context=3","has_embed":false},"application":null,"channel":{"id":2567271,"permalink":"bop-arp0","title":"BOP_ARP","description":null,"followers_count":113,"following_count":21,"avatar_versions":{"template":"https://coub-anubis-a.akamaized.net/coub_storage/channel/cw_avatar/35ed1897492/590235ff3423144854e35/%{version}_1646248904_uWsuH2sULi4.jpg","versions":["medium","medium_2x","profile_pic","profile_pic_new","profile_pic_new_2x","tiny","tiny_2x","small","small_2x","ios_large","ios_small"]}},"file":null,"picture":"https://coub-anubis-a.akamaized.net/coub_storage/coub/simple/cw_image/d29e4787f2b/35f499f9ea529b02f66a0/med_1620852897_00032.jpg","timeline_picture":"https://coub-anubis-a.akamaized.net/coub_storage/coub/simple/cw_timeline_pic/b591ee47096/a3cd3a180b3243c800603/ios_large_1620852897_image.jpg","small_picture":"https://coub-anubis-a.akamaized.net/coub_storage/coub/simple/cw_image/d29e4787f2b/35f499f9ea529b02f66a0/ios_mosaic_1620852897_00032.jpg","sharing_picture":null,"percent_done":100,"tags":[{"id":6085106,"title":"hu tao","value":"hu%20tao"},{"id":5271850,"title":"genshin impact","value":"genshin%20impact"},{"id":5954954,"title":"zhongli","value":"zhongli"},{"id":40427,"title":"imagine dragons","value":"imagine%20dragons"},{"id":2746293,"title":"imagine dragons believer","value":"imagine%20dragons%20believer"},{"id":15588,"title":"believer","value":"believer"},{"id":86,"title":"music","value":"music"},{"id":1665,"title":"cover","value":"cover"},{"id":6307202,"title":"blckbrd17","value":"blckbrd17"},{"id":2235,"title":"memes","value":"memes"},{"id":174,"title":"funny","value":"funny"},{"id":14429,"title":"reddit","value":"reddit"}],"categories":[{"id":36,"title":"Anime","permalink":"anime","subscriptions_count":10078018,"big_image_url":"https://coub-anubis-a.akamaized.net/coub_storage/category/cw_image/79d6e4a3e73/c0b7416c30391c998a2ac/big_1544750217_Anime2.png","small_image_url":"https://coub-anubis-a.akamaized.net/coub_storage/category/cw_image/79d6e4a3e73/c0b7416c30391c998a2ac/small_1544750217_Anime2.png","med_image_url":"https://coub-anubis-a.akamaized.net/coub_storage/category/cw_image/79d6e4a3e73/c0b7416c30391c998a2ac/med_1544750217_Anime2.png","visible":true}],"communities":[{"id":36,"title":"Anime","permalink":"anime","subscriptions_count":10078018,"big_image_url":"https://coub-anubis-a.akamaized.net/coub_storage/category/cw_image/79d6e4a3e73/c0b7416c30391c998a2ac/big_1544750217_Anime2.png","small_image_url":"https://coub-anubis-a.akamaized.net/coub_storage/category/cw_image/79d6e4a3e73/c0b7416c30391c998a2ac/small_1544750217_Anime2.png","med_image_url":"https://coub-anubis-a.akamaized.net/coub_storage/category/cw_image/79d6e4a3e73/c0b7416c30391c998a2ac/med_1544750217_Anime2.png","i_subscribed":true,"community_notifications_enabled":null,"description":null}],"recoubs_count":1070,"remixes_count":0,"likes_count":5996,"dislikes_count":0,"raw_video_id":16435638,"uploaded_by_ios_app":false,"uploaded_by_android_app":false,"media_blocks":{"uploaded_raw_videos":[],"external_raw_videos":[{"id":38849305,"title":"how to annoy your co-workers","url":"https://v.redd.it/8qa3mcu7r9y61","image":"https://coub-anubis-a.akamaized.net/coub_storage/media_block/cw_image/8bc63df9adc/dab6a133367d847e4882f/video_1620852208_1f43q8j_1620852197_hh1reu_att-url-download.png_format_pjpg_auto_webp_s_aa7c70877eccf9c912f92ff1b8981f2c004ef47b","image_retina":"https://coub-anubis-a.akamaized.net/coub_storage/media_block/cw_image/8bc63df9adc/dab6a133367d847e4882f/video_retina_1620852208_1f43q8j_1620852197_hh1reu_att-url-download.png_format_pjpg_auto_webp_s_aa7c70877eccf9c912f92ff1b8981f2c004ef47b","meta":{"service":"Reddit","duration":"11.64"},"duration":11.64,"raw_video_id":16435638,"has_embed":false}],"remixed_from_coubs":[],"external_video":{"id":38849305,"title":"how to annoy your co-workers","url":"https://v.redd.it/8qa3mcu7r9y61","image":"https://coub-anubis-a.akamaized.net/coub_storage/media_block/cw_image/8bc63df9adc/dab6a133367d847e4882f/video_1620852208_1f43q8j_1620852197_hh1reu_att-url-download.png_format_pjpg_auto_webp_s_aa7c70877eccf9c912f92ff1b8981f2c004ef47b","image_retina":"https://coub-anubis-a.akamaized.net/coub_storage/media_block/cw_image/8bc63df9adc/dab6a133367d847e4882f/video_retina_1620852208_1f43q8j_1620852197_hh1reu_att-url-download.png_format_pjpg_auto_webp_s_aa7c70877eccf9c912f92ff1b8981f2c004ef47b","meta":{"service":"Reddit","duration":"11.64"},"duration":11.64,"raw_video_id":16435638,"has_embed":false}},"raw_video_thumbnail_url":"https://coub-anubis-a.akamaized.net/coub_storage/raw_video/cw_image/385ba77eac9/8627f86f8305a5400bd99/coub_media_1620852198_1620852197_hh1reu_att-url-download.png_format_pjpg_auto_webp_s_aa7c70877eccf9c912f92ff1b8981f2c004ef47b","raw_video_title":"how to annoy your co-workers","video_block_banned":false,"duration":10.0,"promo_winner":false,"promo_winner_recoubers":null,"editorial_info":{},"promo_hint":null,"beeline_best_2014":null,"from_web_editor":true,"normalize_sound":true,"normalize_change_allowed":true,"best2015_addable":false,"ahmad_promo":null,"promo_data":null,"audio_copyright_claim":null,"ads_disabled":false,"is_safe_for_ads":true,"megafon_contents":[],"position_on_page":2},{"flag":null,"abuses":null,"recoubs_by_users_channels":null,"favourite":false,"promoted_id":null,"recoub":null,"like":null,"dislike":null,"reaction":null,"in_my_best2015":false,"id":151740334,"type":"Coub::Simple","permalink":"2hzuc4","title":"Summer I ... (- ;","visibility_type":"public","original_visibility_type":"public","channel_id":4836509,"created_at":"2020-08-14T14:49:46Z","updated_at":"2022-03-18T07:34:47Z","is_done":true,"views_count":347863,"cotd":null,"cotd_at":null,"visible_on_explore_root":false,"visible_on_explore":false,"featured":false,"published":true,"published_at":"2020-08-14T15:18:21Z","reversed":false,"from_editor_v2":true,"is_editable":true,"original_sound":false,"has_sound":false,"recoub_to":null,"file_versions":{"html5":{"video":{"higher":{"url":"https://coub-anubis-a.akamaized.net/coub_storage/coub/simple/cw_file/1405c4e711c/300ac47dd9df41945f464/muted_mp4_huge_size_1597418112_muted_huge.mp4","size":409090},"high":{"url":"https://coub-anubis-a.akamaized.net/coub_storage/coub/simple/cw_file/1405c4e711c/300ac47dd9df41945f464/muted_mp4_big_size_1597418112_muted_big.mp4","size":275398},"med":{"url":"https://coub-anubis-a.akamaized.net/coub_storage/coub/simple/cw_file/1405c4e711c/300ac47dd9df41945f464/muted_mp4_med_size_1597418112_muted_med.mp4","size":95663}},"audio":{"high":{"url":"https://coub-anubis-a.akamaized.net/coub_storage/coub/simple/cw_looped_audio_high/2a22f2cefa5/853e8ff4f9d4b1a502562/1607342455_high_1597418117_high.mp3","size":1115397},"med":{"url":"https://coub-anubis-a.akamaized.net/coub_storage/coub/simple/cw_looped_audio_med/efa89842481/df06f3b8b26a8ea4f3d26/1607342454_med_1597418117_med.mp3","size":886959}}},"mobile":{"video":"https://coub-anubis-a.akamaized.net/coub_storage/coub/simple/cw_file/1405c4e711c/300ac47dd9df41945f464/muted_mp4_med_size_1597418112_muted_med.mp4","audio":["https://coub-anubis-a.akamaized.net/coub_storage/coub/simple/cw_looped_audio_med/efa89842481/df06f3b8b26a8ea4f3d26/1607342454_med_1597418117_med.mp3"]},"share":{"default":"https://coub-anubis-a.akamaized.net/coub_storage/coub/simple/cw_video_for_sharing/9a0ef70e720/6667f31a1ce80bc2030c6/1608190133_looped_1608190132.mp4"}},"audio_versions":{"template":"https://coub-anubis-a.akamaized.net/coub_storage/audio_track/cw_file/bc1a177164f/d91362617765cbaf2754d/mid_1597418113_11zv5o8_edited.mp3","versions":["mid","low"]},"image_versions":{"template":"https://coub-anubis-a.akamaized.net/coub_storage/coub/simple/cw_image/8225acefde5/e1c9a1d239ec25f019dfc/1597418127_00030.jpg","versions":["micro","tiny","age_restricted","ios_large","ios_mosaic","big","med","small","pinterest"]},"first_frame_versions":{"template":"https://coub-anubis-a.akamaized.net/coub_storage/coub/simple/cw_timeline_pic/170b760e489/64841cf7553d9df9c625f/%{version}_1597418126_image.jpg","versions":["big","med","small","ios_large"]},"dimensions":{"big":[1280,720],"med":[640,360]},"site_w_h":[640,360],"page_w_h":[640,360],"site_w_h_small":[310,174],"size":[1280,720],"age_restricted":false,"age_restricted_by_admin":false,"not_safe_for_work":false,"allow_reuse":false,"dont_crop":false,"banned":false,"global_safe":true,"audio_file_url":"https://coub-anubis-a.akamaized.net/coub_storage/audio_track/cw_file/bc1a177164f/d91362617765cbaf2754d/low_1597418113_11zv5o8_edited.mp3","external_download":false,"application":null,"channel":{"id":4836509,"permalink":"homa1081","title":"Homa","description":"ONLY THE POSITIVE 😎","followers_count":45,"following_count":2,"avatar_versions":{"template":"https://coub-anubis-a.akamaized.net/coub_storage/channel/cw_avatar/9d0b6fc36c4/e5e3bb4f7c7789d8c4c4e/%{version}_1607423928_1xv8na4_1594816564_EVVpWwLXQAAcgzm.jpg","versions":["medium","medium_2x","profile_pic","profile_pic_new","profile_pic_new_2x","tiny","tiny_2x","small","small_2x","ios_large","ios_small"]}},"file":null,"picture":"https://coub-anubis-a.akamaized.net/coub_storage/coub/simple/cw_image/8225acefde5/e1c9a1d239ec25f019dfc/1597418127_00030.jpg","timeline_picture":"https://coub-anubis-a.akamaized.net/coub_storage/coub/simple/cw_timeline_pic/170b760e489/64841cf7553d9df9c625f/ios_large_1597418126_image.jpg","small_picture":"https://coub-anubis-a.akamaized.net/coub_storage/coub/simple/cw_image/8225acefde5/e1c9a1d239ec25f019dfc/1597418127_00030.jpg","sharing_picture":null,"percent_done":100,"tags":[{"id":5654470,"title":"узаки хочет тусоваться!","value":"%D1%83%D0%B7%D0%B0%D0%BA%D0%B8%20%D1%85%D0%BE%D1%87%D0%B5%D1%82%20%D1%82%D1%83%D1%81%D0%BE%D0%B2%D0%B0%D1%82%D1%8C%D1%81%D1%8F!"},{"id":5654471,"title":"uzaki-chan wa asobitai!","value":"uzaki-chan%20wa%20asobitai!"}],"categories":[{"id":36,"title":"Anime","permalink":"anime","subscriptions_count":10078018,"big_image_url":"https://coub-anubis-a.akamaized.net/coub_storage/category/cw_image/79d6e4a3e73/c0b7416c30391c998a2ac/big_1544750217_Anime2.png","small_image_url":"https://coub-anubis-a.akamaized.net/coub_storage/category/cw_image/79d6e4a3e73/c0b7416c30391c998a2ac/small_1544750217_Anime2.png","med_image_url":"https://coub-anubis-a.akamaized.net/coub_storage/category/cw_image/79d6e4a3e73/c0b7416c30391c998a2ac/med_1544750217_Anime2.png","visible":true}],"communities":[{"id":36,"title":"Anime","permalink":"anime","subscriptions_count":10078018,"big_image_url":"https://coub-anubis-a.akamaized.net/coub_storage/category/cw_image/79d6e4a3e73/c0b7416c30391c998a2ac/big_1544750217_Anime2.png","small_image_url":"https://coub-anubis-a.akamaized.net/coub_storage/category/cw_image/79d6e4a3e73/c0b7416c30391c998a2ac/small_1544750217_Anime2.png","med_image_url":"https://coub-anubis-a.akamaized.net/coub_storage/category/cw_image/79d6e4a3e73/c0b7416c30391c998a2ac/med_1544750217_Anime2.png","i_subscribed":true,"community_notifications_enabled":null,"description":null}],"recoubs_count":1200,"remixes_count":1,"likes_count":5993,"dislikes_count":0,"raw_video_id":15565682,"uploaded_by_ios_app":false,"uploaded_by_android_app":false,"media_blocks":{"uploaded_raw_videos":[],"external_raw_videos":[],"remixed_from_coubs":[]},"raw_video_thumbnail_url":"/missing/missing.png","raw_video_title":"____.mp4","video_block_banned":false,"duration":9.32,"promo_winner":false,"promo_winner_recoubers":null,"editorial_info":{},"promo_hint":null,"beeline_best_2014":null,"from_web_editor":true,"normalize_sound":false,"normalize_change_allowed":false,"best2015_addable":false,"ahmad_promo":null,"promo_data":null,"audio_copyright_claim":null,"ads_disabled":false,"is_safe_for_ads":true,"megafon_contents":[],"position_on_page":3},{"flag":null,"abuses":null,"recoubs_by_users_channels":null,"favourite":false,"promoted_id":null,"recoub":null,"like":null,"dislike":null,"reaction":null,"in_my_best2015":false,"id":59116762,"type":"Coub::Simple","permalink":"yqxs1","title":"Гинмата","visibility_type":"public","original_visibility_type":"public","channel_id":3819806,"created_at":"2017-10-20T22:13:28Z","updated_at":"2022-03-17T20:30:57Z","is_done":true,"views_count":388340,"cotd":null,"cotd_at":null,"visible_on_explore_root":false,"visible_on_explore":false,"featured":false,"published":true,"published_at":"2017-10-20T22:13:28Z","reversed":false,"from_editor_v2":true,"is_editable":true,"original_sound":true,"has_sound":true,"recoub_to":null,"file_versions":{"html5":{"video":{"higher":{"url":"https://coub-anubis-a.akamaized.net/coub_storage/coub/simple/cw_file/91c11b0ae03/17762fbac41240162432e/muted_mp4_huge_size_1568156373_muted_huge.mp4","size":1268202},"high":{"url":"https://coub-anubis-a.akamaized.net/coub_storage/coub/simple/cw_file/91c11b0ae03/17762fbac41240162432e/muted_mp4_big_size_1568156373_muted_big.mp4","size":880388},"med":{"url":"https://coub-anubis-a.akamaized.net/coub_storage/coub/simple/cw_file/91c11b0ae03/17762fbac41240162432e/muted_mp4_med_size_1568156373_muted_med.mp4","size":268030}},"audio":{"high":{"url":"https://coub-anubis-a.akamaized.net/coub_storage/coub/simple/cw_looped_audio_high/f4c48813deb/b1de99b5d6373874452b4/1605574927_high_1508537621_high.mp3","size":1206044},"med":{"url":"https://coub-anubis-a.akamaized.net/coub_storage/coub/simple/cw_looped_audio_med/d763c29319b/efef02faf6a3b7a62f8f7/1605574923_med_1508537621_med.mp3","size":956598},"sample_duration":9.984}},"mobile":{"video":"https://coub-anubis-a.akamaized.net/coub_storage/coub/simple/cw_file/91c11b0ae03/17762fbac41240162432e/muted_mp4_med_size_1568156373_muted_med.mp4","audio":["https://coub-anubis-a.akamaized.net/coub_storage/coub/simple/cw_looped_audio_med/d763c29319b/efef02faf6a3b7a62f8f7/1605574923_med_1508537621_med.mp3"]},"share":{"default":"https://coub-anubis-a.akamaized.net/coub_storage/coub/simple/cw_video_for_sharing/8d409b72333/a95bf4c8b6454de3be4f4/1608469969_looped_1608469968.mp4"}},"audio_versions":{},"image_versions":{"template":"https://coub-anubis-a.akamaized.net/coub_storage/coub/simple/cw_image/e91ea1f30e0/3de771b0c848382a7bfbd/1508537634_00032.jpg","versions":["micro","tiny","age_restricted","ios_large","ios_mosaic","big","med","small","pinterest"]},"first_frame_versions":{"template":"https://coub-anubis-a.akamaized.net/coub_storage/coub/simple/cw_timeline_pic/c2718278b34/fb544b42f751b1f99810d/%{version}_1508537633_image.jpg","versions":["big","med","small","ios_large"]},"dimensions":{"big":[1280,960],"med":[640,480]},"site_w_h":[640,480],"page_w_h":[640,480],"site_w_h_small":[310,233],"size":[1280,960],"age_restricted":false,"age_restricted_by_admin":false,"not_safe_for_work":false,"allow_reuse":false,"dont_crop":false,"banned":false,"global_safe":false,"audio_file_url":null,"external_download":false,"application":null,"channel":{"id":3819806,"permalink":"bezymjanka","title":"[Bezymyanka]","description":"Милая девушка , которая любит аниме и мангу )","followers_count":125,"following_count":69,"avatar_versions":{"template":"https://coub-anubis-a.akamaized.net/coub_storage/channel/cw_avatar/5e54308c8e2/35751d5fa1bcd58aeb502/%{version}_1607956669_uyt2an_1507422183__________26-09-2017_024222.jpg","versions":["medium","medium_2x","profile_pic","profile_pic_new","profile_pic_new_2x","tiny","tiny_2x","small","small_2x","ios_large","ios_small"]}},"file":null,"picture":"https://coub-anubis-a.akamaized.net/coub_storage/coub/simple/cw_image/e91ea1f30e0/3de771b0c848382a7bfbd/1508537634_00032.jpg","timeline_picture":"https://coub-anubis-a.akamaized.net/coub_storage/coub/simple/cw_timeline_pic/c2718278b34/fb544b42f751b1f99810d/ios_large_1508537633_image.jpg","small_picture":"https://coub-anubis-a.akamaized.net/coub_storage/coub/simple/cw_image/e91ea1f30e0/3de771b0c848382a7bfbd/1508537634_00032.jpg","sharing_picture":null,"percent_done":100,"tags":[],"categories":[{"id":36,"title":"Anime","permalink":"anime","subscriptions_count":10078018,"big_image_url":"https://coub-anubis-a.akamaized.net/coub_storage/category/cw_image/79d6e4a3e73/c0b7416c30391c998a2ac/big_1544750217_Anime2.png","small_image_url":"https://coub-anubis-a.akamaized.net/coub_storage/category/cw_image/79d6e4a3e73/c0b7416c30391c998a2ac/small_1544750217_Anime2.png","med_image_url":"https://coub-anubis-a.akamaized.net/coub_storage/category/cw_image/79d6e4a3e73/c0b7416c30391c998a2ac/med_1544750217_Anime2.png","visible":true}],"communities":[{"id":36,"title":"Anime","permalink":"anime","subscriptions_count":10078018,"big_image_url":"https://coub-anubis-a.akamaized.net/coub_storage/category/cw_image/79d6e4a3e73/c0b7416c30391c998a2ac/big_1544750217_Anime2.png","small_image_url":"https://coub-anubis-a.akamaized.net/coub_storage/category/cw_image/79d6e4a3e73/c0b7416c30391c998a2ac/small_1544750217_Anime2.png","med_image_url":"https://coub-anubis-a.akamaized.net/coub_storage/category/cw_image/79d6e4a3e73/c0b7416c30391c998a2ac/med_1544750217_Anime2.png","i_subscribed":true,"community_notifications_enabled":null,"description":null}],"recoubs_count":1144,"remixes_count":0,"likes_count":5993,"dislikes_count":0,"raw_video_id":10438676,"uploaded_by_ios_app":false,"uploaded_by_android_app":false,"media_blocks":{"uploaded_raw_videos":[],"external_raw_videos":[],"remixed_from_coubs":[]},"raw_video_thumbnail_url":"/missing/missing.png","raw_video_title":"______________________.mp4","video_block_banned":false,"duration":10.0,"promo_winner":false,"promo_winner_recoubers":null,"editorial_info":{},"promo_hint":null,"beeline_best_2014":null,"from_web_editor":true,"normalize_sound":true,"normalize_change_allowed":true,"best2015_addable":false,"ahmad_promo":null,"promo_data":null,"audio_copyright_claim":null,"ads_disabled":false,"is_safe_for_ads":true,"megafon_contents":[],"position_on_page":4},{"flag":null,"abuses":null,"recoubs_by_users_channels":null,"favourite":false,"promoted_id":null,"recoub":null,"like":null,"dislike":null,"reaction":null,"in_my_best2015":false,"id":134929163,"type":"Coub::Simple","permalink":"27z37o","title":"The Game Is Just Starting","visibility_type":"public","original_visibility_type":"public","channel_id":3511937,"created_at":"2020-01-20T16:16:05Z","updated_at":"2022-03-18T01:22:45Z","is_done":true,"views_count":349788,"cotd":null,"cotd_at":null,"visible_on_explore_root":false,"visible_on_explore":false,"featured":false,"published":true,"published_at":"2020-01-20T16:16:05Z","reversed":false,"from_editor_v2":true,"is_editable":true,"original_sound":false,"has_sound":false,"recoub_to":null,"file_versions":{"html5":{"video":{"higher":{"url":"https://coub-anubis-a.akamaized.net/coub_storage/coub/simple/cw_file/4b354aa0802/cc41c1110212e804c4355/muted_mp4_huge_size_1579536981_muted_huge.mp4","size":2931117},"high":{"url":"https://coub-anubis-a.akamaized.net/coub_storage/coub/simple/cw_file/4b354aa0802/cc41c1110212e804c4355/muted_mp4_big_size_1579536981_muted_big.mp4","size":2186753},"med":{"url":"https://coub-anubis-a.akamaized.net/coub_storage/coub/simple/cw_file/4b354aa0802/cc41c1110212e804c4355/muted_mp4_med_size_1579536981_muted_med.mp4","size":704441}},"audio":{"high":{"url":"https://coub-anubis-a.akamaized.net/coub_storage/coub/simple/cw_looped_audio_high/9fe3f62cfbc/1e5266c7bdabc2bbc9725/1605704842_high_1579536992_high.mp3","size":3410648},"med":{"url":"https://coub-anubis-a.akamaized.net/coub_storage/coub/simple/cw_looped_audio_med/e9ebc375c7c/81b88a196c05add6f9bf5/1605704842_med_1579536992_med.mp3","size":2439658}}},"mobile":{"video":"https://coub-anubis-a.akamaized.net/coub_storage/coub/simple/cw_file/4b354aa0802/cc41c1110212e804c4355/muted_mp4_med_size_1579536981_muted_med.mp4","audio":["https://coub-anubis-a.akamaized.net/coub_storage/coub/simple/cw_looped_audio_med/e9ebc375c7c/81b88a196c05add6f9bf5/1605704842_med_1579536992_med.mp3"]},"share":{"default":"https://coub-anubis-a.akamaized.net/coub_storage/coub/simple/cw_video_for_sharing/dda7b504546/afbe169d4f896088eb1fd/1611338073_looped_1611338072.mp4"}},"audio_versions":{"template":"https://coub-anubis-a.akamaized.net/coub_storage/audio_track/cw_file/c9b947e9cf9/5a8394159e4ade7140b32/mid_1579536897_audio.mp3","versions":["mid","low"]},"image_versions":{"template":"https://coub-anubis-a.akamaized.net/coub_storage/coub/simple/cw_image/12b61fae2e8/17bf48e3f32e369a976c9/1579537005_00026.jpg","versions":["micro","tiny","age_restricted","ios_large","ios_mosaic","big","med","small","pinterest"]},"first_frame_versions":{"template":"https://coub-anubis-a.akamaized.net/coub_storage/coub/simple/cw_timeline_pic/271f16d4b5f/f9c728d67bf1bd8440e0b/%{version}_1579537004_image.jpg","versions":["big","med","small","ios_large"]},"dimensions":{"big":[1280,616],"med":[640,308]},"site_w_h":[640,308],"page_w_h":[640,308],"site_w_h_small":[310,149],"size":[1280,616],"age_restricted":false,"age_restricted_by_admin":false,"not_safe_for_work":false,"allow_reuse":false,"dont_crop":false,"banned":false,"global_safe":true,"audio_file_url":"https://coub-anubis-a.akamaized.net/coub_storage/audio_track/cw_file/c9b947e9cf9/5a8394159e4ade7140b32/low_1579536897_audio.mp3","external_download":false,"application":null,"channel":{"id":3511937,"permalink":"dr.catt574","title":"𝑪𝑨𝑻𝟓𝟕𝟒","description":"Mein Herz in Flammen\r\n\r\n    (Flex Fleet 404)","followers_count":5053,"following_count":50,"avatar_versions":{"template":"https://coub-anubis-a.akamaized.net/coub_storage/channel/cw_avatar/eef0c772d75/1fb6ab6fa2a8d59d60c5a/%{version}_1624037496_r1.png","versions":["medium","medium_2x","profile_pic","profile_pic_new","profile_pic_new_2x","tiny","tiny_2x","small","small_2x","ios_large","ios_small"]}},"file":null,"picture":"https://coub-anubis-a.akamaized.net/coub_storage/coub/simple/cw_image/12b61fae2e8/17bf48e3f32e369a976c9/1579537005_00026.jpg","timeline_picture":"https://coub-anubis-a.akamaized.net/coub_storage/coub/simple/cw_timeline_pic/271f16d4b5f/f9c728d67bf1bd8440e0b/ios_large_1579537004_image.jpg","small_picture":"https://coub-anubis-a.akamaized.net/coub_storage/coub/simple/cw_image/12b61fae2e8/17bf48e3f32e369a976c9/1579537005_00026.jpg","sharing_picture":null,"percent_done":100,"tags":[{"id":3344,"title":"...","value":"..."},{"id":62767,"title":"?","value":"?"},{"id":3548731,"title":"arknights","value":"arknights"}],"categories":[{"id":36,"title":"Anime","permalink":"anime","subscriptions_count":10078018,"big_image_url":"https://coub-anubis-a.akamaized.net/coub_storage/category/cw_image/79d6e4a3e73/c0b7416c30391c998a2ac/big_1544750217_Anime2.png","small_image_url":"https://coub-anubis-a.akamaized.net/coub_storage/category/cw_image/79d6e4a3e73/c0b7416c30391c998a2ac/small_1544750217_Anime2.png","med_image_url":"https://coub-anubis-a.akamaized.net/coub_storage/category/cw_image/79d6e4a3e73/c0b7416c30391c998a2ac/med_1544750217_Anime2.png","visible":true}],"communities":[{"id":36,"title":"Anime","permalink":"anime","subscriptions_count":10078018,"big_image_url":"https://coub-anubis-a.akamaized.net/coub_storage/category/cw_image/79d6e4a3e73/c0b7416c30391c998a2ac/big_1544750217_Anime2.png","small_image_url":"https://coub-anubis-a.akamaized.net/coub_storage/category/cw_image/79d6e4a3e73/c0b7416c30391c998a2ac/small_1544750217_Anime2.png","med_image_url":"https://coub-anubis-a.akamaized.net/coub_storage/category/cw_image/79d6e4a3e73/c0b7416c30391c998a2ac/med_1544750217_Anime2.png","i_subscribed":true,"community_notifications_enabled":null,"description":null}],"recoubs_count":1268,"remixes_count":11,"likes_count":5989,"dislikes_count":0,"raw_video_id":14724761,"uploaded_by_ios_app":false,"uploaded_by_android_app":false,"media_blocks":{"uploaded_raw_videos":[],"external_raw_videos":[],"remixed_from_coubs":[]},"raw_video_thumbnail_url":"/missing/missing.png","raw_video_title":"ark2.mp4","video_block_banned":false,"duration":8.04,"promo_winner":false,"promo_winner_recoubers":null,"editorial_info":{},"promo_hint":null,"beeline_best_2014":null,"from_web_editor":true,"normalize_sound":false,"normalize_change_allowed":true,"best2015_addable":false,"ahmad_promo":null,"promo_data":null,"audio_copyright_claim":null,"ads_disabled":false,"is_safe_for_ads":true,"megafon_contents":[],"position_on_page":5},{"flag":null,"abuses":null,"recoubs_by_users_channels":null,"favourite":false,"promoted_id":null,"recoub":null,"like":null,"dislike":null,"reaction":null,"in_my_best2015":false,"id":153543887,"type":"Coub::Simple","permalink":"2j2hzd","title":"Waiting for the third season","visibility_type":"public","original_visibility_type":"public","channel_id":5006955,"created_at":"2020-09-10T10:26:44Z","updated_at":"2022-03-18T02:37:58Z","is_done":true,"views_count":350536,"cotd":null,"cotd_at":null,"visible_on_explore_root":false,"visible_on_explore":false,"featured":false,"published":true,"published_at":"2020-09-10T10:26:44Z","reversed":false,"from_editor_v2":true,"is_editable":true,"original_sound":false,"has_sound":false,"recoub_to":null,"file_versions":{"html5":{"video":{"higher":{"url":"https://coub-anubis-a.akamaized.net/coub_storage/coub/simple/cw_file/4ae65e1baa0/09542252dad137f0e61c2/muted_mp4_huge_size_1599733613_muted_huge.mp4","size":2530908},"high":{"url":"https://coub-anubis-a.akamaized.net/coub_storage/coub/simple/cw_file/4ae65e1baa0/09542252dad137f0e61c2/muted_mp4_big_size_1599733613_muted_big.mp4","size":1881210},"med":{"url":"https://coub-anubis-a.akamaized.net/coub_storage/coub/simple/cw_file/4ae65e1baa0/09542252dad137f0e61c2/muted_mp4_med_size_1599733613_muted_med.mp4","size":600008}},"audio":{"high":{"url":"https://coub-anubis-a.akamaized.net/coub_storage/coub/simple/cw_looped_audio_high/fb50e7a4863/000e4fb42521877de9dcd/1607272794_high_1599733620_high.mp3","size":806378},"med":{"url":"https://coub-anubis-a.akamaized.net/coub_storage/coub/simple/cw_looped_audio_med/58917b42b7a/82618555da72cd71c3649/1607272793_med_1599733620_med.mp3","size":587553}}},"mobile":{"video":"https://coub-anubis-a.akamaized.net/coub_storage/coub/simple/cw_file/4ae65e1baa0/09542252dad137f0e61c2/muted_mp4_med_size_1599733613_muted_med.mp4","audio":["https://coub-anubis-a.akamaized.net/coub_storage/coub/simple/cw_looped_audio_med/58917b42b7a/82618555da72cd71c3649/1607272793_med_1599733620_med.mp3"]},"share":{"default":"https://coub-anubis-a.akamaized.net/coub_storage/coub/simple/cw_video_for_sharing/5f934bb11a9/bb360faa22591cb2626f1/1608157292_looped_1608157292.mp4"}},"audio_versions":{"template":"https://coub-anubis-a.akamaized.net/coub_storage/audio_track/cw_file/a74d87fb39b/0406aed4f64b06a27e746/mid_1599733614_1u0eje1_edited.mp3","versions":["mid","low"]},"image_versions":{"template":"https://coub-anubis-a.akamaized.net/coub_storage/coub/simple/cw_image/237b76193c3/99da55114b22f96489e1e/1599733627_00029.jpg","versions":["micro","tiny","age_restricted","ios_large","ios_mosaic","big","med","small","pinterest"]},"first_frame_versions":{"template":"https://coub-anubis-a.akamaized.net/coub_storage/coub/simple/cw_timeline_pic/ce64c06d976/2c2f33cf66e24dea251ad/%{version}_1599733626_image.jpg","versions":["big","med","small","ios_large"]},"dimensions":{"big":[1280,720],"med":[640,360]},"site_w_h":[640,360],"page_w_h":[640,360],"site_w_h_small":[310,174],"size":[1280,720],"age_restricted":false,"age_restricted_by_admin":false,"not_safe_for_work":false,"allow_reuse":false,"dont_crop":false,"banned":false,"global_safe":true,"audio_file_url":"https://coub-anubis-a.akamaized.net/coub_storage/audio_track/cw_file/a74d87fb39b/0406aed4f64b06a27e746/low_1599733614_1u0eje1_edited.mp3","external_download":false,"application":null,"channel":{"id":5006955,"permalink":"endlessgenocide","title":"Endless Genocide","description":"V▲ группа вк —  vk.com/obitel_genocide","followers_count":8151,"following_count":85,"avatar_versions":{"template":"https://coub-anubis-a.akamaized.net/coub_storage/channel/cw_avatar/309c00e5ee8/881ce68ebfbe90e8b1356/%{version}_1607420962_18k1zh1_1551949727___2.png","versions":["medium","medium_2x","profile_pic","profile_pic_new","profile_pic_new_2x","tiny","tiny_2x","small","small_2x","ios_large","ios_small"]}},"file":null,"picture":"https://coub-anubis-a.akamaized.net/coub_storage/coub/simple/cw_image/237b76193c3/99da55114b22f96489e1e/1599733627_00029.jpg","timeline_picture":"https://coub-anubis-a.akamaized.net/coub_storage/coub/simple/cw_timeline_pic/ce64c06d976/2c2f33cf66e24dea251ad/ios_large_1599733626_image.jpg","small_picture":"https://coub-anubis-a.akamaized.net/coub_storage/coub/simple/cw_image/237b76193c3/99da55114b22f96489e1e/1599733627_00029.jpg","sharing_picture":null,"percent_done":100,"tags":[{"id":1244387,"title":"kono subarashii sekai ni shukufuku wo!","value":"kono%20subarashii%20sekai%20ni%20shukufuku%20wo!"},{"id":1279594,"title":"konosuba","value":"konosuba"},{"id":1269906,"title":"богиня благословляет этот прекрасный мир","value":"%D0%B1%D0%BE%D0%B3%D0%B8%D0%BD%D1%8F%20%D0%B1%D0%BB%D0%B0%D0%B3%D0%BE%D1%81%D0%BB%D0%BE%D0%B2%D0%BB%D1%8F%D0%B5%D1%82%20%D1%8D%D1%82%D0%BE%D1%82%20%D0%BF%D1%80%D0%B5%D0%BA%D1%80%D0%B0%D1%81%D0%BD%D1%8B%D0%B9%20%D0%BC%D0%B8%D1%80"},{"id":1221029,"title":"этот прекрасный мир","value":"%D1%8D%D1%82%D0%BE%D1%82%20%D0%BF%D1%80%D0%B5%D0%BA%D1%80%D0%B0%D1%81%D0%BD%D1%8B%D0%B9%20%D0%BC%D0%B8%D1%80"},{"id":165,"title":"anime","value":"anime"},{"id":164,"title":"аниме","value":"%D0%B0%D0%BD%D0%B8%D0%BC%D0%B5"},{"id":1386192,"title":"коносуба","value":"%D0%BA%D0%BE%D0%BD%D0%BE%D1%81%D1%83%D0%B1%D0%B0"},{"id":5596629,"title":"tenthid potter - catz","value":"tenthid%20potter%20-%20catz"},{"id":5244218,"title":"b100r","value":"b100r"}],"categories":[{"id":36,"title":"Anime","permalink":"anime","subscriptions_count":10078018,"big_image_url":"https://coub-anubis-a.akamaized.net/coub_storage/category/cw_image/79d6e4a3e73/c0b7416c30391c998a2ac/big_1544750217_Anime2.png","small_image_url":"https://coub-anubis-a.akamaized.net/coub_storage/category/cw_image/79d6e4a3e73/c0b7416c30391c998a2ac/small_1544750217_Anime2.png","med_image_url":"https://coub-anubis-a.akamaized.net/coub_storage/category/cw_image/79d6e4a3e73/c0b7416c30391c998a2ac/med_1544750217_Anime2.png","visible":true}],"communities":[{"id":36,"title":"Anime","permalink":"anime","subscriptions_count":10078018,"big_image_url":"https://coub-anubis-a.akamaized.net/coub_storage/category/cw_image/79d6e4a3e73/c0b7416c30391c998a2ac/big_1544750217_Anime2.png","small_image_url":"https://coub-anubis-a.akamaized.net/coub_storage/category/cw_image/79d6e4a3e73/c0b7416c30391c998a2ac/small_1544750217_Anime2.png","med_image_url":"https://coub-anubis-a.akamaized.net/coub_storage/category/cw_image/79d6e4a3e73/c0b7416c30391c998a2ac/med_1544750217_Anime2.png","i_subscribed":true,"community_notifications_enabled":null,"description":null}],"recoubs_count":1417,"remixes_count":21,"likes_count":5988,"dislikes_count":0,"raw_video_id":15655632,"uploaded_by_ios_app":false,"uploaded_by_android_app":false,"media_blocks":{"uploaded_raw_videos":[],"external_raw_videos":[],"remixed_from_coubs":[]},"raw_video_thumbnail_url":"/missing/missing.png","raw_video_title":"__________.mp4","video_block_banned":false,"duration":9.2,"promo_winner":false,"promo_winner_recoubers":null,"editorial_info":{},"promo_hint":null,"beeline_best_2014":null,"from_web_editor":true,"normalize_sound":false,"normalize_change_allowed":true,"best2015_addable":false,"ahmad_promo":null,"promo_data":null,"audio_copyright_claim":null,"ads_disabled":false,"is_safe_for_ads":true,"megafon_contents":[],"position_on_page":6},{"flag":null,"abuses":null,"recoubs_by_users_channels":null,"favourite":false,"promoted_id":null,"recoub":null,"like":null,"dislike":null,"reaction":null,"in_my_best2015":false,"id":109199409,"type":"Coub::Simple","permalink":"1slw41","title":"Itasha","visibility_type":"public","original_visibility_type":"public","channel_id":4701574,"created_at":"2019-04-18T12:31:34Z","updated_at":"2022-03-18T08:08:59Z","is_done":true,"views_count":364515,"cotd":null,"cotd_at":null,"visible_on_explore_root":false,"visible_on_explore":false,"featured":false,"published":true,"published_at":"2019-04-18T12:31:34Z","reversed":false,"from_editor_v2":true,"is_editable":true,"original_sound":false,"has_sound":false,"recoub_to":null,"file_versions":{"html5":{"video":{"higher":{"url":"https://coub-anubis-a.akamaized.net/coub_storage/coub/simple/cw_file/5bfa27caacb/45c3c36589705ebed3c02/muted_mp4_huge_size_1568920407_muted_huge.mp4","size":4305477},"high":{"url":"https://coub-anubis-a.akamaized.net/coub_storage/coub/simple/cw_file/5bfa27caacb/45c3c36589705ebed3c02/muted_mp4_big_size_1568920407_muted_big.mp4","size":3167233},"med":{"url":"https://coub-anubis-a.akamaized.net/coub_storage/coub/simple/cw_file/5bfa27caacb/45c3c36589705ebed3c02/muted_mp4_med_size_1568920407_muted_med.mp4","size":937897}},"audio":{"high":{"url":"https://coub-anubis-a.akamaized.net/coub_storage/coub/simple/cw_looped_audio_high/2d36dc19cb1/1edff51dbe77fad8f8b03/1605678987_high_1555590926_high.mp3","size":2874189},"med":{"url":"https://coub-anubis-a.akamaized.net/coub_storage/coub/simple/cw_looped_audio_med/66484c86a9c/901ba81ead6a6f6050478/1605678987_med_1555590926_med.mp3","size":2027558}}},"mobile":{"video":"https://coub-anubis-a.akamaized.net/coub_storage/coub/simple/cw_file/5bfa27caacb/45c3c36589705ebed3c02/muted_mp4_med_size_1568920407_muted_med.mp4","audio":["https://coub-anubis-a.akamaized.net/coub_storage/coub/simple/cw_looped_audio_med/66484c86a9c/901ba81ead6a6f6050478/1605678987_med_1555590926_med.mp3"]},"share":{"default":"https://coub-anubis-a.akamaized.net/coub_storage/coub/simple/cw_video_for_sharing/bb7482393b0/7a052820d7d89efcb5f54/1608559377_looped_1608559375.mp4"}},"audio_versions":{"template":"https://coub-anubis-a.akamaized.net/coub_storage/audio_track/cw_normalized_copy/483e2d5e282/766f0025bef46c9e04241/mid_1573913823_normalized_1543677017_audio.mp3","versions":["mid","low"]},"image_versions":{"template":"https://coub-anubis-a.akamaized.net/coub_storage/coub/simple/cw_image/0c554ad06e5/9d04f586c2c59aed03d74/1555590949_00032.jpg","versions":["micro","tiny","age_restricted","ios_large","ios_mosaic","big","med","small","pinterest"]},"first_frame_versions":{"template":"https://coub-anubis-a.akamaized.net/coub_storage/coub/simple/cw_timeline_pic/d36c37415bc/6b2d173196f6f7eaabd2f/%{version}_1555590948_image.jpg","versions":["big","med","small","ios_large"]},"dimensions":{"big":[1280,720],"med":[640,360]},"site_w_h":[640,360],"page_w_h":[640,360],"site_w_h_small":[310,174],"size":[1280,720],"age_restricted":false,"age_restricted_by_admin":false,"not_safe_for_work":false,"allow_reuse":false,"dont_crop":false,"banned":false,"global_safe":true,"audio_file_url":"https://coub-anubis-a.akamaized.net/coub_storage/audio_track/cw_normalized_copy/483e2d5e282/766f0025bef46c9e04241/low_1573913823_normalized_1543677017_audio.mp3","external_download":{"type":"Youtube","service_name":"YouTube","url":"https://www.youtube.com/watch?v=cRHe-Aku1XM","has_embed":true},"application":null,"channel":{"id":4701574,"permalink":"ayron-anix","title":"Ayron ᵃ ᶰ ᶦ ˣ","description":null,"followers_count":252,"following_count":35,"avatar_versions":{"template":"https://coub-anubis-a.akamaized.net/coub_storage/channel/cw_avatar/06c86ec7485/033fadb7deada9e59a0fb/%{version}_1607919522_14f4n2p_1570042433_2.jpg","versions":["medium","medium_2x","profile_pic","profile_pic_new","profile_pic_new_2x","tiny","tiny_2x","small","small_2x","ios_large","ios_small"]}},"file":null,"picture":"https://coub-anubis-a.akamaized.net/coub_storage/coub/simple/cw_image/0c554ad06e5/9d04f586c2c59aed03d74/1555590949_00032.jpg","timeline_picture":"https://coub-anubis-a.akamaized.net/coub_storage/coub/simple/cw_timeline_pic/d36c37415bc/6b2d173196f6f7eaabd2f/ios_large_1555590948_image.jpg","small_picture":"https://coub-anubis-a.akamaized.net/coub_storage/coub/simple/cw_image/0c554ad06e5/9d04f586c2c59aed03d74/1555590949_00032.jpg","sharing_picture":null,"percent_done":100,"tags":[{"id":1120084,"title":"itasha","value":"itasha"},{"id":4852341,"title":"otaku car heaven","value":"otaku%20car%20heaven"},{"id":72519,"title":"otaku","value":"otaku"},{"id":4067455,"title":"itasha tengoku","value":"itasha%20tengoku"},{"id":1441209,"title":"anime cars","value":"anime%20cars"},{"id":12035,"title":"cosplay","value":"cosplay"},{"id":993,"title":"cars","value":"cars"},{"id":15827,"title":"parking","value":"parking"},{"id":350709,"title":"cmv","value":"cmv"},{"id":838,"title":"japanese","value":"japanese"},{"id":6514,"title":"japan","value":"japan"},{"id":165,"title":"anime","value":"anime"},{"id":86,"title":"music","value":"music"},{"id":829195,"title":"機械","value":"%E6%A9%9F%E6%A2%B0"},{"id":1173,"title":"car","value":"car"},{"id":951,"title":"top","value":"top"},{"id":10744,"title":"mode","value":"mode"},{"id":3232188,"title":"айрон","value":"%D0%B0%D0%B9%D1%80%D0%BE%D0%BD"},{"id":610397,"title":"❤","value":"%E2%9D%A4"},{"id":3304594,"title":"жизнь с нуля в альтернативном мире","value":"%D0%B6%D0%B8%D0%B7%D0%BD%D1%8C%20%D1%81%20%D0%BD%D1%83%D0%BB%D1%8F%20%D0%B2%20%D0%B0%D0%BB%D1%8C%D1%82%D0%B5%D1%80%D0%BD%D0%B0%D1%82%D0%B8%D0%B2%D0%BD%D0%BE%D0%BC%20%D0%BC%D0%B8%D1%80%D0%B5"},{"id":1404005,"title":"re:zero","value":"re:zero"},{"id":3054388,"title":"безумный азарт","value":"%D0%B1%D0%B5%D0%B7%D1%83%D0%BC%D0%BD%D1%8B%D0%B9%20%D0%B0%D0%B7%D0%B0%D1%80%D1%82"},{"id":2869912,"title":"kakegurui","value":"kakegurui"},{"id":26715,"title":"fate/stay night","value":"fate/stay%20night"},{"id":2399871,"title":"судьба: ночь схватки","value":"%D1%81%D1%83%D0%B4%D1%8C%D0%B1%D0%B0:%20%D0%BD%D0%BE%D1%87%D1%8C%20%D1%81%D1%85%D0%B2%D0%B0%D1%82%D0%BA%D0%B8"},{"id":638685,"title":"торадора!","value":"%D1%82%D0%BE%D1%80%D0%B0%D0%B4%D0%BE%D1%80%D0%B0!"},{"id":366633,"title":"toradora!","value":"toradora!"},{"id":96513,"title":"тайга","value":"%D1%82%D0%B0%D0%B9%D0%B3%D0%B0"},{"id":74129,"title":"taiga","value":"taiga"},{"id":42062,"title":"rem","value":"rem"},{"id":68131,"title":"рем","value":"%D1%80%D0%B5%D0%BC"},{"id":2257177,"title":"yumeko","value":"yumeko"},{"id":3185186,"title":"юмеко","value":"%D1%8E%D0%BC%D0%B5%D0%BA%D0%BE"},{"id":1186439,"title":"сэйбер","value":"%D1%81%D1%8D%D0%B9%D0%B1%D0%B5%D1%80"},{"id":1494539,"title":"артурия пендрагон","value":"%D0%B0%D1%80%D1%82%D1%83%D1%80%D0%B8%D1%8F%20%D0%BF%D0%B5%D0%BD%D0%B4%D1%80%D0%B0%D0%B3%D0%BE%D0%BD"},{"id":1650980,"title":"артурия","value":"%D0%B0%D1%80%D1%82%D1%83%D1%80%D0%B8%D1%8F"}],"categories":[{"id":36,"title":"Anime","permalink":"anime","subscriptions_count":10078018,"big_image_url":"https://coub-anubis-a.akamaized.net/coub_storage/category/cw_image/79d6e4a3e73/c0b7416c30391c998a2ac/big_1544750217_Anime2.png","small_image_url":"https://coub-anubis-a.akamaized.net/coub_storage/category/cw_image/79d6e4a3e73/c0b7416c30391c998a2ac/small_1544750217_Anime2.png","med_image_url":"https://coub-anubis-a.akamaized.net/coub_storage/category/cw_image/79d6e4a3e73/c0b7416c30391c998a2ac/med_1544750217_Anime2.png","visible":true}],"communities":[{"id":36,"title":"Anime","permalink":"anime","subscriptions_count":10078018,"big_image_url":"https://coub-anubis-a.akamaized.net/coub_storage/category/cw_image/79d6e4a3e73/c0b7416c30391c998a2ac/big_1544750217_Anime2.png","small_image_url":"https://coub-anubis-a.akamaized.net/coub_storage/category/cw_image/79d6e4a3e73/c0b7416c30391c998a2ac/small_1544750217_Anime2.png","med_image_url":"https://coub-anubis-a.akamaized.net/coub_storage/category/cw_image/79d6e4a3e73/c0b7416c30391c998a2ac/med_1544750217_Anime2.png","i_subscribed":true,"community_notifications_enabled":null,"description":null}],"recoubs_count":1296,"remixes_count":32,"likes_count":5987,"dislikes_count":0,"raw_video_id":13566550,"uploaded_by_ios_app":false,"uploaded_by_android_app":false,"media_blocks":{"uploaded_raw_videos":[],"external_raw_videos":[{"id":31337205,"title":"OTAKU CAR HEAVEN 痛車天国2019","url":"https://www.youtube.com/watch?v=cRHe-Aku1XM","image":"https://coub-anubis-a.akamaized.net/coub_storage/media_block/cw_image/2f055fde2c5/9b6f371126f430f7db698/1555043867_z8ktlr_1555043790_1eods8a_att-url-download.jpg","image_retina":"https://coub-anubis-a.akamaized.net/coub_storage/media_block/cw_image/2f055fde2c5/9b6f371126f430f7db698/1555043867_z8ktlr_1555043790_1eods8a_att-url-download.jpg","meta":{"service":"Youtube","duration":"236.48"},"duration":236.48,"raw_video_id":13532038,"has_embed":true}],"remixed_from_coubs":[],"external_video":{"id":31337205,"title":"OTAKU CAR HEAVEN 痛車天国2019","url":"https://www.youtube.com/watch?v=cRHe-Aku1XM","image":"https://coub-anubis-a.akamaized.net/coub_storage/media_block/cw_image/2f055fde2c5/9b6f371126f430f7db698/1555043867_z8ktlr_1555043790_1eods8a_att-url-download.jpg","image_retina":"https://coub-anubis-a.akamaized.net/coub_storage/media_block/cw_image/2f055fde2c5/9b6f371126f430f7db698/1555043867_z8ktlr_1555043790_1eods8a_att-url-download.jpg","meta":{"service":"Youtube","duration":"236.48"},"duration":236.48,"raw_video_id":13532038,"has_embed":true}},"raw_video_thumbnail_url":"/missing/missing.png","raw_video_title":"video__19_.mp4","video_block_banned":false,"duration":10.0,"promo_winner":false,"promo_winner_recoubers":null,"editorial_info":{},"promo_hint":null,"beeline_best_2014":null,"from_web_editor":true,"normalize_sound":true,"normalize_change_allowed":true,"best2015_addable":false,"ahmad_promo":null,"promo_data":null,"audio_copyright_claim":null,"ads_disabled":false,"is_safe_for_ads":true,"megafon_contents":[],"position_on_page":7},{"flag":null,"abuses":null,"recoubs_by_users_channels":null,"favourite":false,"promoted_id":null,"recoub":null,"like":null,"dislike":null,"reaction":null,"in_my_best2015":false,"id":148357442,"type":"Coub::Simple","permalink":"2fzc27","title":"Pump It","visibility_type":"public","original_visibility_type":"public","channel_id":5355480,"created_at":"2020-06-28T06:33:53Z","updated_at":"2022-03-18T05:40:11Z","is_done":true,"views_count":344177,"cotd":null,"cotd_at":null,"visible_on_explore_root":false,"visible_on_explore":false,"featured":false,"published":true,"published_at":"2020-06-28T06:36:57Z","reversed":false,"from_editor_v2":true,"is_editable":true,"original_sound":false,"has_sound":false,"recoub_to":null,"file_versions":{"html5":{"video":{"higher":{"url":"https://coub-anubis-a.akamaized.net/coub_storage/coub/simple/cw_file/70e7cdbf2f0/1696070a5e9e6243df056/muted_mp4_huge_size_1593326040_muted_huge.mp4","size":2942825},"high":{"url":"https://coub-anubis-a.akamaized.net/coub_storage/coub/simple/cw_file/70e7cdbf2f0/1696070a5e9e6243df056/muted_mp4_big_size_1593326040_muted_big.mp4","size":2282905},"med":{"url":"https://coub-anubis-a.akamaized.net/coub_storage/coub/simple/cw_file/70e7cdbf2f0/1696070a5e9e6243df056/muted_mp4_med_size_1593326040_muted_med.mp4","size":615202}},"audio":{"high":{"url":"https://coub-anubis-a.akamaized.net/coub_storage/coub/simple/cw_looped_audio_high/82ab16e011b/df407d63b523e96390275/1605683703_high_1593326047_high.mp3","size":789881},"med":{"url":"https://coub-anubis-a.akamaized.net/coub_storage/coub/simple/cw_looped_audio_med/fb4f5acf4c2/95ccacad5b89ac9209d26/1605683703_med_1593326047_med.mp3","size":597665}}},"mobile":{"video":"https://coub-anubis-a.akamaized.net/coub_storage/coub/simple/cw_file/70e7cdbf2f0/1696070a5e9e6243df056/muted_mp4_med_size_1593326040_muted_med.mp4","audio":["https://coub-anubis-a.akamaized.net/coub_storage/coub/simple/cw_looped_audio_med/fb4f5acf4c2/95ccacad5b89ac9209d26/1605683703_med_1593326047_med.mp3"]},"share":{"default":"https://coub-anubis-a.akamaized.net/coub_storage/coub/simple/cw_video_for_sharing/0b3777c2b9b/480c5d7686c8874539c2a/1608163310_looped_1608163310.mp4"}},"audio_versions":{"template":"https://coub-anubis-a.akamaized.net/coub_storage/audio_track/cw_file/a74971bab1a/f3134565c246e1a8dc8d8/mid_1593326041_wpus3a_edited.mp3","versions":["mid","low"]},"image_versions":{"template":"https://coub-anubis-a.akamaized.net/coub_storage/coub/simple/cw_image/d9c7cc4946d/8e0115f0c29266a1cde6c/1593326053_00020.jpg","versions":["micro","tiny","age_restricted","ios_large","ios_mosaic","big","med","small","pinterest"]},"first_frame_versions":{"template":"https://coub-anubis-a.akamaized.net/coub_storage/coub/simple/cw_timeline_pic/112c4ce1877/37d89a709af40c6e2e870/%{version}_1593326052_image.jpg","versions":["big","med","small","ios_large"]},"dimensions":{"big":[1280,720],"med":[640,360]},"site_w_h":[640,360],"page_w_h":[640,360],"site_w_h_small":[310,174],"size":[1280,720],"age_restricted":false,"age_restricted_by_admin":false,"not_safe_for_work":false,"allow_reuse":false,"dont_crop":false,"banned":false,"global_safe":true,"audio_file_url":"https://coub-anubis-a.akamaized.net/coub_storage/audio_track/cw_file/a74971bab1a/f3134565c246e1a8dc8d8/low_1593326041_wpus3a_edited.mp3","external_download":false,"application":null,"channel":{"id":5355480,"permalink":"theamirhan","title":"✪TheAmirhan ❤","description":null,"followers_count":8729,"following_count":308,"avatar_versions":{"template":"https://coub-anubis-a.akamaized.net/coub_storage/channel/cw_avatar/1c09dfdf1df/2832a92bd177caf3f305a/%{version}_1640491635_daisamposebetieblan438956.jpg","versions":["medium","medium_2x","profile_pic","profile_pic_new","profile_pic_new_2x","tiny","tiny_2x","small","small_2x","ios_large","ios_small"]}},"file":null,"picture":"https://coub-anubis-a.akamaized.net/coub_storage/coub/simple/cw_image/d9c7cc4946d/8e0115f0c29266a1cde6c/1593326053_00020.jpg","timeline_picture":"https://coub-anubis-a.akamaized.net/coub_storage/coub/simple/cw_timeline_pic/112c4ce1877/37d89a709af40c6e2e870/ios_large_1593326052_image.jpg","small_picture":"https://coub-anubis-a.akamaized.net/coub_storage/coub/simple/cw_image/d9c7cc4946d/8e0115f0c29266a1cde6c/1593326053_00020.jpg","sharing_picture":null,"percent_done":100,"tags":[{"id":165,"title":"anime","value":"anime"},{"id":5753426,"title":"ib: meruem","value":"ib:%20meruem"},{"id":5541784,"title":"princess connect! re:dive","value":"princess%20connect!%20re:dive"},{"id":5411430,"title":"toxix","value":"toxix"},{"id":5244218,"title":"b100r","value":"b100r"},{"id":4903275,"title":"theamirhan","value":"theamirhan"}],"categories":[{"id":36,"title":"Anime","permalink":"anime","subscriptions_count":10078018,"big_image_url":"https://coub-anubis-a.akamaized.net/coub_storage/category/cw_image/79d6e4a3e73/c0b7416c30391c998a2ac/big_1544750217_Anime2.png","small_image_url":"https://coub-anubis-a.akamaized.net/coub_storage/category/cw_image/79d6e4a3e73/c0b7416c30391c998a2ac/small_1544750217_Anime2.png","med_image_url":"https://coub-anubis-a.akamaized.net/coub_storage/category/cw_image/79d6e4a3e73/c0b7416c30391c998a2ac/med_1544750217_Anime2.png","visible":true}],"communities":[{"id":36,"title":"Anime","permalink":"anime","subscriptions_count":10078018,"big_image_url":"https://coub-anubis-a.akamaized.net/coub_storage/category/cw_image/79d6e4a3e73/c0b7416c30391c998a2ac/big_1544750217_Anime2.png","small_image_url":"https://coub-anubis-a.akamaized.net/coub_storage/category/cw_image/79d6e4a3e73/c0b7416c30391c998a2ac/small_1544750217_Anime2.png","med_image_url":"https://coub-anubis-a.akamaized.net/coub_storage/category/cw_image/79d6e4a3e73/c0b7416c30391c998a2ac/med_1544750217_Anime2.png","i_subscribed":true,"community_notifications_enabled":null,"description":null}],"recoubs_count":1399,"remixes_count":3,"likes_count":5986,"dislikes_count":0,"raw_video_id":15397846,"uploaded_by_ios_app":false,"uploaded_by_android_app":false,"media_blocks":{"uploaded_raw_videos":[],"external_raw_videos":[],"remixed_from_coubs":[]},"raw_video_thumbnail_url":"/missing/missing.png","raw_video_title":"edl-a.txt.mp4","video_block_banned":false,"duration":6.24,"promo_winner":false,"promo_winner_recoubers":null,"editorial_info":{},"promo_hint":null,"beeline_best_2014":null,"from_web_editor":true,"normalize_sound":false,"normalize_change_allowed":true,"best2015_addable":false,"ahmad_promo":null,"promo_data":null,"audio_copyright_claim":null,"ads_disabled":false,"is_safe_for_ads":true,"megafon_contents":[],"position_on_page":8},{"flag":null,"abuses":null,"recoubs_by_users_channels":null,"favourite":false,"promoted_id":null,"recoub":null,"like":null,"dislike":null,"reaction":null,"in_my_best2015":false,"id":160233554,"type":"Coub::Simple","permalink":"2n1vt8","title":"German Navy","visibility_type":"public","original_visibility_type":"public","channel_id":1887890,"created_at":"2020-12-21T15:51:31Z","updated_at":"2022-03-18T05:33:22Z","is_done":true,"views_count":360134,"cotd":null,"cotd_at":null,"visible_on_explore_root":false,"visible_on_explore":false,"featured":false,"published":true,"published_at":"2020-12-21T15:51:31Z","reversed":false,"from_editor_v2":true,"is_editable":true,"original_sound":false,"has_sound":false,"recoub_to":null,"file_versions":{"html5":{"video":{"higher":{"url":"https://coub-anubis-a.akamaized.net/coub_storage/coub/simple/cw_file/d00890702d3/2c5c4110dd6d90ae73883/muted_mp4_huge_size_1608565906_muted_huge.mp4","size":1468974},"high":{"url":"https://coub-anubis-a.akamaized.net/coub_storage/coub/simple/cw_file/d00890702d3/2c5c4110dd6d90ae73883/muted_mp4_big_size_1608565906_muted_big.mp4","size":1006145},"med":{"url":"https://coub-anubis-a.akamaized.net/coub_storage/coub/simple/cw_file/d00890702d3/2c5c4110dd6d90ae73883/muted_mp4_med_size_1608565906_muted_med.mp4","size":329281}},"audio":{"high":{"url":"https://coub-anubis-a.akamaized.net/coub_storage/coub/simple/cw_looped_audio_high/f2c8dfa1d89/68b63e5611ac534668b07/1608565975_mp3-high.mp3","size":4459613},"med":{"url":"https://coub-anubis-a.akamaized.net/coub_storage/coub/simple/cw_looped_audio_med/10a6f4f8350/fb0df3d5e5e590bc2b763/1608565970_mp3-med.mp3","size":3234773}}},"mobile":{"video":"https://coub-anubis-a.akamaized.net/coub_storage/coub/simple/cw_file/d00890702d3/2c5c4110dd6d90ae73883/muted_mp4_med_size_1608565906_muted_med.mp4","audio":["https://coub-anubis-a.akamaized.net/coub_storage/coub/simple/cw_looped_audio_med/10a6f4f8350/fb0df3d5e5e590bc2b763/1608565970_mp3-med.mp3"]},"share":{"default":"https://coub-anubis-a.akamaized.net/coub_storage/coub/simple/cw_video_for_sharing/401e10a3cd7/0539f8caacc38330f6abb/1608566016_looped_1608566016.mp4"}},"audio_versions":{"template":"https://coub-anubis-a.akamaized.net/coub_storage/audio_track/cw_normalized_copy/a52de19b6de/77ef35b8c71dcd126285a/mid_1608565951_normalized_1608565914_bulwx2_edited.mp3","versions":["mid","low"]},"image_versions":{"template":"https://coub-anubis-a.akamaized.net/coub_storage/coub/simple/cw_image/86bcab0bd89/182db3ec94b5c6656048b/%{version}_1608565984_00019.jpg","versions":["micro","tiny","age_restricted","ios_large","ios_mosaic","big","med","small","pinterest"]},"first_frame_versions":{"template":"https://coub-anubis-a.akamaized.net/coub_storage/coub/simple/cw_timeline_pic/56e6e9bdc8e/2bf8076a8a796ce79fd82/%{version}_1608565983_image.jpg","versions":["big","med","small","ios_large"]},"dimensions":{"big":[1280,720],"med":[640,360]},"site_w_h":[640,360],"page_w_h":[640,360],"site_w_h_small":[310,174],"size":[1280,720],"age_restricted":false,"age_restricted_by_admin":false,"not_safe_for_work":false,"allow_reuse":false,"dont_crop":true,"banned":false,"global_safe":true,"audio_file_url":"https://coub-anubis-a.akamaized.net/coub_storage/audio_track/cw_normalized_copy/a52de19b6de/77ef35b8c71dcd126285a/low_1608565951_normalized_1608565914_bulwx2_edited.mp3","external_download":false,"application":null,"channel":{"id":1887890,"permalink":"glaedr...","title":"Glaedr ","description":"Просто сохраняю тут понравившиеся видео и музыку.","followers_count":274,"following_count":0,"avatar_versions":{"template":"https://coub-anubis-a.akamaized.net/coub_storage/channel/cw_avatar/04068ee9622/59576b1dd380a5808ee6c/%{version}_1607422320_16lmqg_1601631819___________.png","versions":["medium","medium_2x","profile_pic","profile_pic_new","profile_pic_new_2x","tiny","tiny_2x","small","small_2x","ios_large","ios_small"]}},"file":null,"picture":"https://coub-anubis-a.akamaized.net/coub_storage/coub/simple/cw_image/86bcab0bd89/182db3ec94b5c6656048b/med_1608565984_00019.jpg","timeline_picture":"https://coub-anubis-a.akamaized.net/coub_storage/coub/simple/cw_timeline_pic/56e6e9bdc8e/2bf8076a8a796ce79fd82/ios_large_1608565983_image.jpg","small_picture":"https://coub-anubis-a.akamaized.net/coub_storage/coub/simple/cw_image/86bcab0bd89/182db3ec94b5c6656048b/ios_mosaic_1608565984_00019.jpg","sharing_picture":null,"percent_done":100,"tags":[{"id":3807534,"title":"azur lane","value":"azur%20lane"}],"categories":[{"id":36,"title":"Anime","permalink":"anime","subscriptions_count":10078018,"big_image_url":"https://coub-anubis-a.akamaized.net/coub_storage/category/cw_image/79d6e4a3e73/c0b7416c30391c998a2ac/big_1544750217_Anime2.png","small_image_url":"https://coub-anubis-a.akamaized.net/coub_storage/category/cw_image/79d6e4a3e73/c0b7416c30391c998a2ac/small_1544750217_Anime2.png","med_image_url":"https://coub-anubis-a.akamaized.net/coub_storage/category/cw_image/79d6e4a3e73/c0b7416c30391c998a2ac/med_1544750217_Anime2.png","visible":true}],"communities":[{"id":36,"title":"Anime","permalink":"anime","subscriptions_count":10078018,"big_image_url":"https://coub-anubis-a.akamaized.net/coub_storage/category/cw_image/79d6e4a3e73/c0b7416c30391c998a2ac/big_1544750217_Anime2.png","small_image_url":"https://coub-anubis-a.akamaized.net/coub_storage/category/cw_image/79d6e4a3e73/c0b7416c30391c998a2ac/small_1544750217_Anime2.png","med_image_url":"https://coub-anubis-a.akamaized.net/coub_storage/category/cw_image/79d6e4a3e73/c0b7416c30391c998a2ac/med_1544750217_Anime2.png","i_subscribed":true,"community_notifications_enabled":null,"description":null}],"recoubs_count":1236,"remixes_count":12,"likes_count":5984,"dislikes_count":0,"raw_video_id":15992874,"uploaded_by_ios_app":false,"uploaded_by_android_app":false,"media_blocks":{"uploaded_raw_videos":[],"external_raw_videos":[],"remixed_from_coubs":[]},"raw_video_thumbnail_url":"/missing/missing.png","raw_video_title":"1.mp4","video_block_banned":false,"duration":5.96,"promo_winner":false,"promo_winner_recoubers":null,"editorial_info":{},"promo_hint":null,"beeline_best_2014":null,"from_web_editor":true,"normalize_sound":true,"normalize_change_allowed":true,"best2015_addable":false,"ahmad_promo":null,"promo_data":null,"audio_copyright_claim":null,"ads_disabled":false,"is_safe_for_ads":true,"megafon_contents":[],"position_on_page":9},{"flag":null,"abuses":null,"recoubs_by_users_channels":null,"favourite":false,"promoted_id":null,"recoub":null,"like":null,"dislike":null,"reaction":null,"in_my_best2015":false,"id":148413603,"type":"Coub::Simple","permalink":"2g0je8","title":"Never gone get away","visibility_type":"public","original_visibility_type":"public","channel_id":4025199,"created_at":"2020-06-28T21:12:30Z","updated_at":"2022-03-17T17:25:41Z","is_done":true,"views_count":320985,"cotd":null,"cotd_at":null,"visible_on_explore_root":false,"visible_on_explore":false,"featured":false,"published":true,"published_at":"2020-06-28T21:12:30Z","reversed":false,"from_editor_v2":true,"is_editable":true,"original_sound":false,"has_sound":false,"recoub_to":null,"file_versions":{"html5":{"video":{"higher":{"url":"https://coub-anubis-a.akamaized.net/coub_storage/coub/simple/cw_file/eec044472f5/1a002cf4a017a353635ac/muted_mp4_huge_size_1593378757_muted_huge.mp4","size":1902433},"high":{"url":"https://coub-anubis-a.akamaized.net/coub_storage/coub/simple/cw_file/eec044472f5/1a002cf4a017a353635ac/muted_mp4_big_size_1593378757_muted_big.mp4","size":1339567},"med":{"url":"https://coub-anubis-a.akamaized.net/coub_storage/coub/simple/cw_file/eec044472f5/1a002cf4a017a353635ac/muted_mp4_med_size_1593378757_muted_med.mp4","size":447551}},"audio":{"high":{"url":"https://coub-anubis-a.akamaized.net/coub_storage/coub/simple/cw_looped_audio_high/853cacce265/9313ed77428f1f78c18f2/1605683741_high_1593378785_high.mp3","size":4135103},"med":{"url":"https://coub-anubis-a.akamaized.net/coub_storage/coub/simple/cw_looped_audio_med/ada36ab0b02/a9a62dbb9104eee4d17d1/1605683740_med_1593378785_med.mp3","size":3030779}}},"mobile":{"video":"https://coub-anubis-a.akamaized.net/coub_storage/coub/simple/cw_file/eec044472f5/1a002cf4a017a353635ac/muted_mp4_med_size_1593378757_muted_med.mp4","audio":["https://coub-anubis-a.akamaized.net/coub_storage/coub/simple/cw_looped_audio_med/ada36ab0b02/a9a62dbb9104eee4d17d1/1605683740_med_1593378785_med.mp3"]},"share":{"default":"https://coub-anubis-a.akamaized.net/coub_storage/coub/simple/cw_video_for_sharing/6ab141050b4/5fce451b7f1970669ce10/1608265167_looped_1608265166.mp4"}},"audio_versions":{"template":"https://coub-anubis-a.akamaized.net/coub_storage/audio_track/cw_file/509276e5d45/ada1c8dfb4870a2ac5339/mid_1593378761_a5f8ym_edited.mp3","versions":["mid","low"]},"image_versions":{"template":"https://coub-anubis-a.akamaized.net/coub_storage/coub/simple/cw_image/e2627cbb994/caf5d075deb9dd6158fcf/1593378798_00023.jpg","versions":["micro","tiny","age_restricted","ios_large","ios_mosaic","big","med","small","pinterest"]},"first_frame_versions":{"template":"https://coub-anubis-a.akamaized.net/coub_storage/coub/simple/cw_timeline_pic/c322c7530f4/b1145563adbc13e626731/1593378798_image.jpg","versions":["big","med","small","ios_large"]},"dimensions":{"big":[1280,720],"med":[640,360]},"site_w_h":[640,360],"page_w_h":[640,360],"site_w_h_small":[310,174],"size":[1280,720],"age_restricted":false,"age_restricted_by_admin":false,"not_safe_for_work":false,"allow_reuse":false,"dont_crop":false,"banned":false,"global_safe":true,"audio_file_url":"https://coub-anubis-a.akamaized.net/coub_storage/audio_track/cw_file/509276e5d45/ada1c8dfb4870a2ac5339/low_1593378761_a5f8ym_edited.mp3","external_download":false,"application":null,"channel":{"id":4025199,"permalink":"meteoralp","title":"Meteora","description":"El Psy Congroo","followers_count":11857,"following_count":114,"avatar_versions":{"template":"https://coub-anubis-a.akamaized.net/coub_storage/channel/cw_avatar/935ebde20da/9bca35c36fb3b6d21fa76/%{version}_1607831533_met2.jpg","versions":["medium","medium_2x","profile_pic","profile_pic_new","profile_pic_new_2x","tiny","tiny_2x","small","small_2x","ios_large","ios_small"]}},"file":null,"picture":"https://coub-anubis-a.akamaized.net/coub_storage/coub/simple/cw_image/e2627cbb994/caf5d075deb9dd6158fcf/1593378798_00023.jpg","timeline_picture":"https://coub-anubis-a.akamaized.net/coub_storage/coub/simple/cw_timeline_pic/c322c7530f4/b1145563adbc13e626731/1593378798_image.jpg","small_picture":"https://coub-anubis-a.akamaized.net/coub_storage/coub/simple/cw_image/e2627cbb994/caf5d075deb9dd6158fcf/1593378798_00023.jpg","sharing_picture":null,"percent_done":100,"tags":[{"id":165,"title":"anime","value":"anime"},{"id":712815,"title":"monogatari series: second season","value":"monogatari%20series:%20second%20season"},{"id":4600574,"title":"kaguya-sama wa kokurasetai: tensai-tachi no renai zunousen","value":"kaguya-sama%20wa%20kokurasetai:%20tensai-tachi%20no%20renai%20zunousen"},{"id":125300,"title":"meteora","value":"meteora"}],"categories":[{"id":36,"title":"Anime","permalink":"anime","subscriptions_count":10078018,"big_image_url":"https://coub-anubis-a.akamaized.net/coub_storage/category/cw_image/79d6e4a3e73/c0b7416c30391c998a2ac/big_1544750217_Anime2.png","small_image_url":"https://coub-anubis-a.akamaized.net/coub_storage/category/cw_image/79d6e4a3e73/c0b7416c30391c998a2ac/small_1544750217_Anime2.png","med_image_url":"https://coub-anubis-a.akamaized.net/coub_storage/category/cw_image/79d6e4a3e73/c0b7416c30391c998a2ac/med_1544750217_Anime2.png","visible":true}],"communities":[{"id":36,"title":"Anime","permalink":"anime","subscriptions_count":10078018,"big_image_url":"https://coub-anubis-a.akamaized.net/coub_storage/category/cw_image/79d6e4a3e73/c0b7416c30391c998a2ac/big_1544750217_Anime2.png","small_image_url":"https://coub-anubis-a.akamaized.net/coub_storage/category/cw_image/79d6e4a3e73/c0b7416c30391c998a2ac/small_1544750217_Anime2.png","med_image_url":"https://coub-anubis-a.akamaized.net/coub_storage/category/cw_image/79d6e4a3e73/c0b7416c30391c998a2ac/med_1544750217_Anime2.png","i_subscribed":true,"community_notifications_enabled":null,"description":null}],"recoubs_count":1433,"remixes_count":3,"likes_count":5984,"dislikes_count":0,"raw_video_id":15400294,"uploaded_by_ios_app":false,"uploaded_by_android_app":false,"media_blocks":{"uploaded_raw_videos":[],"external_raw_videos":[],"remixed_from_coubs":[]},"raw_video_thumbnail_url":"/missing/missing.png","raw_video_title":"kagatari3.mp4","video_block_banned":false,"duration":7.24,"promo_winner":false,"promo_winner_recoubers":null,"editorial_info":{},"promo_hint":null,"beeline_best_2014":null,"from_web_editor":true,"normalize_sound":false,"normalize_change_allowed":true,"best2015_addable":false,"ahmad_promo":null,"promo_data":null,"audio_copyright_claim":null,"ads_disabled":false,"is_safe_for_ads":true,"megafon_contents":[],"position_on_page":10}]}