{"page":109,"per_page":10,"total_pages":500,"coubs":[{"flag":null,"abuses":null,"recoubs_by_users_channels":null,"favourite":false,"promoted_id":null,"recoub":null,"like":null,"dislike":null,"reaction":null,"in_my_best2015":false,"id":154682732,"type":"Coub::Simple","permalink":"2jqwq9","title":"(；￣Д￣)","visibility_type":"public","original_visibility_type":"public","channel_id":7455230,"created_at":"2020-09-27T14:57:57Z","updated_at":"2022-03-17T22:29:23Z","is_done":true,"views_count":314995,"cotd":null,"cotd_at":null,"visible_on_explore_root":false,"visible_on_explore":false,"featured":false,"published":true,"published_at":"2020-09-27T14:57:57Z","reversed":false,"from_editor_v2":true,"is_editable":true,"original_sound":false,"has_sound":false,"recoub_to":null,"file_versions":{"html5":{"video":{"higher":{"url":"https://coub-anubis-a.akamaized.net/coub_storage/coub/simple/cw_file/20583fc93bd/d31a17091b6e103f9923b/muted_mp4_huge_size_1601295359_muted_huge.mp4","size":3001476},"high":{"url":"https://coub-anubis-a.akamaized.net/coub_storage/coub/simple/cw_file/20583fc93bd/d31a17091b6e103f9923b/muted_mp4_big_size_1601295359_muted_big.mp4","size":2136234},"med":{"url":"https://coub-anubis-a.akamaized.net/coub_storage/coub/simple/cw_file/20583fc93bd/d31a17091b6e103f9923b/muted_mp4_med_size_1601295359_muted_med.mp4","size":756032}},"audio":{"high":{"url":"https://coub-anubis-a.akamaized.net/coub_storage/coub/simple/cw_looped_audio_high/253840e0b96/0d799694957f7f43385ae/1601295363_mp3-high.mp3","size":1096961},"med":{"url":"https://coub-anubis-a.akamaized.net/coub_storage/coub/simple/cw_looped_audio_med/1c90fbb3b09/f9bcf3c1cc6575eafb29c/1601295363_mp3-med.mp3","size":767146}}},"mobile":{"video":"https://coub-anubis-a.akamaized.net/coub_storage/coub/simple/cw_file/20583fc93bd/d31a17091b6e103f9923b/muted_mp4_med_size_1601295359_muted_med.mp4","audio":["https://coub-anubis-a.akamaized.net/coub_storage/coub/simple/cw_looped_audio_med/1c90fbb3b09/f9bcf3c1cc6575eafb29c/1601295363_mp3-med.mp3"]},"share":{"default":"https://coub-anubis-a.akamaized.net/coub_storage/coub/simple/cw_video_for_sharing/aaf550b427f/fa0b57cb817ebbb0529f4/1608452693_looped_1608452691.mp4"}},"audio_versions":{"template":"https://coub-anubis-a.akamaized.net/coub_storage/audio_track/cw_file/116b20c5d71/a2d44e1121bc47c4616c8/mid_1601295153_audio.mp3","versions":["mid","low"]},"image_versions":{"template":"https://coub-anubis-a.akamaized.net/coub_storage/coub/simple/cw_image/f577faf7ed5/9dce60ad4f33607ca5f19/1601295369_00026.jpg","versions":["micro","tiny","age_restricted","ios_large","ios_mosaic","big","med","small","pinterest"]},"first_frame_versions":{"template":"https://coub-anubis-a.akamaized.net/coub_storage/coub/simple/cw_timeline_pic/785b7367c29/ac1a0090ae42dfa46c010/%{version}_1601295369_image.jpg","versions":["big","med","small","ios_large"]},"dimensions":{"big":[1280,720],"med":[640,360]},"site_w_h":[640,360],"page_w_h":[640,360],"site_w_h_small":[310,174],"size":[1280,720],"age_restricted":false,"age_restricted_by_admin":false,"not_safe_for_work":false,"allow_reuse":false,"dont_crop":true,"banned":false,"global_safe":true,"audio_file_url":"https://coub-anubis-a.akamaized.net/coub_storage/audio_track/cw_file/116b20c5d71/a2d44e1121bc47c4616c8/low_1601295153_audio.mp3","external_download":false,"application":null,"channel":{"id":7455230,"permalink":"gazikoedit","title":"GAZIKO","description":"Bye","followers_count":1032,"following_count":134,"avatar_versions":{"template":"https://coub-anubis-a.akamaized.net/coub_storage/channel/cw_avatar/9e644972db7/33f41bd050fd0648c9f14/%{version}_1630799196_E364sH5VUAUa111T8u.png","versions":["medium","medium_2x","profile_pic","profile_pic_new","profile_pic_new_2x","tiny","tiny_2x","small","small_2x","ios_large","ios_small"]}},"file":null,"picture":"https://coub-anubis-a.akamaized.net/coub_storage/coub/simple/cw_image/f577faf7ed5/9dce60ad4f33607ca5f19/1601295369_00026.jpg","timeline_picture":"https://coub-anubis-a.akamaized.net/coub_storage/coub/simple/cw_timeline_pic/785b7367c29/ac1a0090ae42dfa46c010/ios_large_1601295369_image.jpg","small_picture":"https://coub-anubis-a.akamaized.net/coub_storage/coub/simple/cw_image/f577faf7ed5/9dce60ad4f33607ca5f19/1601295369_00026.jpg","sharing_picture":null,"percent_done":100,"tags":[{"id":5353074,"title":"fate/grand order babylonia","value":"fate/grand%20order%20babylonia"},{"id":750923,"title":"kodoku","value":"kodoku"},{"id":5367952,"title":"gaziko","value":"gaziko"},{"id":5945653,"title":"music:panda 3 - kai's ost","value":"music:panda%203%20-%20kai's%20ost"}],"categories":[{"id":36,"title":"Anime","permalink":"anime","subscriptions_count":10078018,"big_image_url":"https://coub-anubis-a.akamaized.net/coub_storage/category/cw_image/79d6e4a3e73/c0b7416c30391c998a2ac/big_1544750217_Anime2.png","small_image_url":"https://coub-anubis-a.akamaized.net/coub_storage/category/cw_image/79d6e4a3e73/c0b7416c30391c998a2ac/small_1544750217_Anime2.png","med_image_url":"https://coub-anubis-a.akamaized.net/coub_storage/category/cw_image/79d6e4a3e73/c0b7416c30391c998a2ac/med_1544750217_Anime2.png","visible":true}],"communities":[{"id":36,"title":"Anime","permalink":"anime","subscriptions_count":10078018,"big_image_url":"https://coub-anubis-a.akamaized.net/coub_storage/category/cw_image/79d6e4a3e73/c0b7416c30391c998a2ac/big_1544750217_Anime2.png","small_image_url":"https://coub-anubis-a.akamaized.net/coub_storage/category/cw_image/79d6e4a3e73/c0b7416c30391c998a2ac/small_1544750217_Anime2.png","med_image_url":"https://coub-anubis-a.akamaized.net/coub_storage/category/cw_image/79d6e4a3e73/c0b7416c30391c998a2ac/med_1544750217_Anime2.png","i_subscribed":true,"community_notifications_enabled":null,"description":null}],"recoubs_count":1304,"remixes_count":5,"likes_count":5606,"dislikes_count":0,"raw_video_id":15713145,"uploaded_by_ios_app":false,"uploaded_by_android_app":false,"media_blocks":{"uploaded_raw_videos":[],"external_raw_videos":[],"remixed_from_coubs":[]},"raw_video_thumbnail_url":"/missing/missing.png","raw_video_title":"__________1080p_26.mp4","video_block_banned":false,"duration":8.16,"promo_winner":false,"promo_winner_recoubers":null,"editorial_info":{},"promo_hint":null,"beeline_best_2014":null,"from_web_editor":true,"normalize_sound":false,"normalize_change_allowed":true,"best2015_addable":false,"ahmad_promo":null,"promo_data":null,"audio_copyright_claim":null,"ads_disabled":false,"is_safe_for_ads":true,"megafon_contents":[],"position_on_page":1},{"flag":null,"abuses":null,"recoubs_by_users_channels":null,"favourite":false,"promoted_id":null,"recoub":null,"like":null,"dislike":null,"reaction":null,"in_my_best2015":false,"id":159579379,"type":"Coub::Simple","permalink":"2mnv1l","title":"Timeflies - Undress Rehearsal ","visibility_type":"public","original_visibility_type":"public","channel_id":10022380,"created_at":"2020-12-11T10:49:49Z","updated_at":"2022-03-18T07:11:29Z","is_done":true,"views_count":333028,"cotd":null,"cotd_at":null,"visible_on_explore_root":false,"visible_on_explore":false,"featured":false,"published":true,"published_at":"2020-12-11T10:49:49Z","reversed":false,"from_editor_v2":true,"is_editable":true,"original_sound":true,"has_sound":true,"recoub_to":null,"file_versions":{"html5":{"video":{"higher":{"url":"https://coub-anubis-a.akamaized.net/coub_storage/coub/simple/cw_file/7d726afec6a/90b5e5515afab986ea8e8/muted_mp4_huge_size_1607683810_muted_huge.mp4","size":4635297},"high":{"url":"https://coub-anubis-a.akamaized.net/coub_storage/coub/simple/cw_file/7d726afec6a/90b5e5515afab986ea8e8/muted_mp4_big_size_1607683810_muted_big.mp4","size":3250844},"med":{"url":"https://coub-anubis-a.akamaized.net/coub_storage/coub/simple/cw_file/7d726afec6a/90b5e5515afab986ea8e8/muted_mp4_med_size_1607683810_muted_med.mp4","size":1151907}},"audio":{"high":{"url":"https://coub-anubis-a.akamaized.net/coub_storage/coub/simple/cw_looped_audio_high/f9c23df10b1/7e554059027df8889010b/1607683812_mp3-high.mp3","size":1052443},"med":{"url":"https://coub-anubis-a.akamaized.net/coub_storage/coub/simple/cw_looped_audio_med/fe36ef469e2/6903f831fed616bb633f1/1607683811_mp3-med.mp3","size":799076},"sample_duration":10.008}},"mobile":{"video":"https://coub-anubis-a.akamaized.net/coub_storage/coub/simple/cw_file/7d726afec6a/90b5e5515afab986ea8e8/muted_mp4_med_size_1607683810_muted_med.mp4","audio":["https://coub-anubis-a.akamaized.net/coub_storage/coub/simple/cw_looped_audio_med/fe36ef469e2/6903f831fed616bb633f1/1607683811_mp3-med.mp3"]},"share":{"default":"https://coub-anubis-a.akamaized.net/coub_storage/coub/simple/cw_video_for_sharing/eb74c032395/18bd840a37148005be3f6/1607683878_looped_1607683877.mp4"}},"audio_versions":{},"image_versions":{"template":"https://coub-anubis-a.akamaized.net/coub_storage/coub/simple/cw_image/c821ab200ef/d239cc01d6cdf3d9b287e/%{version}_1607683821_00032.jpg","versions":["micro","tiny","age_restricted","ios_large","ios_mosaic","big","med","small","pinterest"]},"first_frame_versions":{"template":"https://coub-anubis-a.akamaized.net/coub_storage/coub/simple/cw_timeline_pic/1718d2160af/e9f817cd496d561d8aba9/%{version}_1607683820_image.jpg","versions":["big","med","small","ios_large"]},"dimensions":{"big":[1280,720],"med":[640,360]},"site_w_h":[640,360],"page_w_h":[640,360],"site_w_h_small":[310,174],"size":[1280,720],"age_restricted":false,"age_restricted_by_admin":false,"not_safe_for_work":false,"allow_reuse":false,"dont_crop":true,"banned":false,"global_safe":true,"audio_file_url":null,"external_download":false,"application":null,"channel":{"id":10022380,"permalink":"seidesh1","title":"Seides","description":null,"followers_count":44,"following_count":14,"avatar_versions":{"template":"https://coub-anubis-a.akamaized.net/coub_storage/channel/cw_avatar/25db8a53a03/e8cb8b0ba11fe102ee36b/%{version}_1621147446_5656.jpg","versions":["medium","medium_2x","profile_pic","profile_pic_new","profile_pic_new_2x","tiny","tiny_2x","small","small_2x","ios_large","ios_small"]}},"file":null,"picture":"https://coub-anubis-a.akamaized.net/coub_storage/coub/simple/cw_image/c821ab200ef/d239cc01d6cdf3d9b287e/med_1607683821_00032.jpg","timeline_picture":"https://coub-anubis-a.akamaized.net/coub_storage/coub/simple/cw_timeline_pic/1718d2160af/e9f817cd496d561d8aba9/ios_large_1607683820_image.jpg","small_picture":"https://coub-anubis-a.akamaized.net/coub_storage/coub/simple/cw_image/c821ab200ef/d239cc01d6cdf3d9b287e/ios_mosaic_1607683821_00032.jpg","sharing_picture":null,"percent_done":100,"tags":[],"categories":[{"id":36,"title":"Anime","permalink":"anime","subscriptions_count":10078018,"big_image_url":"https://coub-anubis-a.akamaized.net/coub_storage/category/cw_image/79d6e4a3e73/c0b7416c30391c998a2ac/big_1544750217_Anime2.png","small_image_url":"https://coub-anubis-a.akamaized.net/coub_storage/category/cw_image/79d6e4a3e73/c0b7416c30391c998a2ac/small_1544750217_Anime2.png","med_image_url":"https://coub-anubis-a.akamaized.net/coub_storage/category/cw_image/79d6e4a3e73/c0b7416c30391c998a2ac/med_1544750217_Anime2.png","visible":true}],"communities":[{"id":36,"title":"Anime","permalink":"anime","subscriptions_count":10078018,"big_image_url":"https://coub-anubis-a.akamaized.net/coub_storage/category/cw_image/79d6e4a3e73/c0b7416c30391c998a2ac/big_1544750217_Anime2.png","small_image_url":"https://coub-anubis-a.akamaized.net/coub_storage/category/cw_image/79d6e4a3e73/c0b7416c30391c998a2ac/small_1544750217_Anime2.png","med_image_url":"https://coub-anubis-a.akamaized.net/coub_storage/category/cw_image/79d6e4a3e73/c0b7416c30391c998a2ac/med_1544750217_Anime2.png","i_subscribed":true,"community_notifications_enabled":null,"description":null}],"recoubs_count":1104,"remixes_count":1,"likes_count":5598,"dislikes_count":0,"raw_video_id":15960310,"uploaded_by_ios_app":false,"uploaded_by_android_app":false,"media_blocks":{"uploaded_raw_videos":[],"external_raw_videos":[],"remixed_from_coubs":[]},"raw_video_thumbnail_url":"/missing/missing.png","raw_video_title":"Untitled.mp4","video_block_banned":false,"duration":10.0,"promo_winner":false,"promo_winner_recoubers":null,"editorial_info":{},"promo_hint":null,"beeline_best_2014":null,"from_web_editor":true,"normalize_sound":true,"normalize_change_allowed":true,"best2015_addable":false,"ahmad_promo":null,"promo_data":null,"audio_copyright_claim":null,"ads_disabled":false,"is_safe_for_ads":true,"megafon_contents":[],"position_on_page":2},{"flag":null,"abuses":null,"recoubs_by_users_channels":null,"favourite":false,"promoted_id":null,"recoub":null,"like":null,"dislike":null,"reaction":null,"in_my_best2015":false,"id":122294871,"type":"Coub::Simple","permalink":"20esfi","title":"Pouting face","visibility_type":"public","original_visibility_type":"public","channel_id":5006955,"created_at":"2019-08-30T10:33:24Z","updated_at":"2022-03-17T23:12:39Z","is_done":true,"views_count":321766,"cotd":null,"cotd_at":null,"visible_on_explore_root":false,"visible_on_explore":false,"featured":false,"published":true,"published_at":"2019-08-30T10:33:24Z","reversed":false,"from_editor_v2":true,"is_editable":true,"original_sound":false,"has_sound":false,"recoub_to":null,"file_versions":{"html5":{"video":{"higher":{"url":"https://coub-anubis-a.akamaized.net/coub_storage/coub/simple/cw_file/f40b52d8446/9b0b809973f612513fa52/muted_mp4_huge_size_1567178424_muted_huge.mp4","size":1260153},"high":{"url":"https://coub-anubis-a.akamaized.net/coub_storage/coub/simple/cw_file/f40b52d8446/9b0b809973f612513fa52/muted_mp4_big_size_1567178424_muted_big.mp4","size":1000455},"med":{"url":"https://coub-anubis-a.akamaized.net/coub_storage/coub/simple/cw_file/f40b52d8446/9b0b809973f612513fa52/muted_mp4_med_size_1567178424_muted_med.mp4","size":384000}},"audio":{"high":{"url":"https://coub-anubis-a.akamaized.net/coub_storage/coub/simple/cw_looped_audio_high/a386b76c799/0b37f259377449b9903aa/1605688062_high_1567178431_high.mp3","size":1240730},"med":{"url":"https://coub-anubis-a.akamaized.net/coub_storage/coub/simple/cw_looped_audio_med/9543b491320/84757e489cbba1b242c20/1605688062_med_1567178431_med.mp3","size":898635}}},"mobile":{"video":"https://coub-anubis-a.akamaized.net/coub_storage/coub/simple/cw_file/f40b52d8446/9b0b809973f612513fa52/muted_mp4_med_size_1567178424_muted_med.mp4","audio":["https://coub-anubis-a.akamaized.net/coub_storage/coub/simple/cw_looped_audio_med/9543b491320/84757e489cbba1b242c20/1605688062_med_1567178431_med.mp3"]},"share":{"default":"https://coub-anubis-a.akamaized.net/coub_storage/coub/simple/cw_video_for_sharing/444bb61a120/900abc8f562b6b96371bd/1608529769_looped_1608529769.mp4"}},"audio_versions":{"template":"https://coub-anubis-a.akamaized.net/coub_storage/audio_track/cw_file/e38264b3ac9/3a0d21c36940e170a65c1/mid_1567178426_xo7mvf_edited.mp3","versions":["mid","low"]},"image_versions":{"template":"https://coub-anubis-a.akamaized.net/coub_storage/coub/simple/cw_image/bc9d2619ef6/0f56cc31d93948838e378/1567178440_00023.jpg","versions":["micro","tiny","age_restricted","ios_large","ios_mosaic","big","med","small","pinterest"]},"first_frame_versions":{"template":"https://coub-anubis-a.akamaized.net/coub_storage/coub/simple/cw_timeline_pic/aed6ac4d1b5/90481afb02424d967f3e8/%{version}_1567178440_image.jpg","versions":["big","med","small","ios_large"]},"dimensions":{"big":[1280,720],"med":[640,360]},"site_w_h":[640,360],"page_w_h":[640,360],"site_w_h_small":[310,174],"size":[1280,720],"age_restricted":false,"age_restricted_by_admin":false,"not_safe_for_work":false,"allow_reuse":false,"dont_crop":false,"banned":false,"global_safe":true,"audio_file_url":"https://coub-anubis-a.akamaized.net/coub_storage/audio_track/cw_file/e38264b3ac9/3a0d21c36940e170a65c1/low_1567178426_xo7mvf_edited.mp3","external_download":false,"application":null,"channel":{"id":5006955,"permalink":"endlessgenocide","title":"Endless Genocide","description":"V▲ группа вк —  vk.com/obitel_genocide","followers_count":8151,"following_count":85,"avatar_versions":{"template":"https://coub-anubis-a.akamaized.net/coub_storage/channel/cw_avatar/309c00e5ee8/881ce68ebfbe90e8b1356/%{version}_1607420962_18k1zh1_1551949727___2.png","versions":["medium","medium_2x","profile_pic","profile_pic_new","profile_pic_new_2x","tiny","tiny_2x","small","small_2x","ios_large","ios_small"]}},"file":null,"picture":"https://coub-anubis-a.akamaized.net/coub_storage/coub/simple/cw_image/bc9d2619ef6/0f56cc31d93948838e378/1567178440_00023.jpg","timeline_picture":"https://coub-anubis-a.akamaized.net/coub_storage/coub/simple/cw_timeline_pic/aed6ac4d1b5/90481afb02424d967f3e8/ios_large_1567178440_image.jpg","small_picture":"https://coub-anubis-a.akamaized.net/coub_storage/coub/simple/cw_image/bc9d2619ef6/0f56cc31d93948838e378/1567178440_00023.jpg","sharing_picture":null,"percent_done":100,"tags":[{"id":4856763,"title":"marnik - up & down","value":"marnik%20-%20up%20&%20down"},{"id":99039,"title":"doki doki","value":"doki%20doki"},{"id":3393880,"title":"doki doki literature club","value":"doki%20doki%20literature%20club"},{"id":3564585,"title":"doki doki literature club!","value":"doki%20doki%20literature%20club!"},{"id":3619325,"title":"darling in the franxx","value":"darling%20in%20the%20franxx"},{"id":3639790,"title":"милый во франксе","value":"%D0%BC%D0%B8%D0%BB%D1%8B%D0%B9%20%D0%B2%D0%BE%20%D1%84%D1%80%D0%B0%D0%BD%D0%BA%D1%81%D0%B5"},{"id":3592638,"title":"re:zero. жизнь с нуля в альтернативном мире","value":"re:zero.%20%D0%B6%D0%B8%D0%B7%D0%BD%D1%8C%20%D1%81%20%D0%BD%D1%83%D0%BB%D1%8F%20%D0%B2%20%D0%B0%D0%BB%D1%8C%D1%82%D0%B5%D1%80%D0%BD%D0%B0%D1%82%D0%B8%D0%B2%D0%BD%D0%BE%D0%BC%20%D0%BC%D0%B8%D1%80%D0%B5"},{"id":1376088,"title":"re:zero kara hajimeru isekai seikatsu","value":"re:zero%20kara%20hajimeru%20isekai%20seikatsu"},{"id":1404005,"title":"re:zero","value":"re:zero"},{"id":1476341,"title":"re zero","value":"re%20zero"},{"id":1483910,"title":"re: zero","value":"re:%20zero"},{"id":1386192,"title":"коносуба","value":"%D0%BA%D0%BE%D0%BD%D0%BE%D1%81%D1%83%D0%B1%D0%B0"},{"id":1279594,"title":"konosuba","value":"konosuba"},{"id":5074267,"title":"ты же любишь мамочку удары которой бьют по площади двойным уроном?","value":"%D1%82%D1%8B%20%D0%B6%D0%B5%20%D0%BB%D1%8E%D0%B1%D0%B8%D1%88%D1%8C%20%D0%BC%D0%B0%D0%BC%D0%BE%D1%87%D0%BA%D1%83%20%D1%83%D0%B4%D0%B0%D1%80%D1%8B%20%D0%BA%D0%BE%D1%82%D0%BE%D1%80%D0%BE%D0%B9%20%D0%B1%D1%8C%D1%8E%D1%82%20%D0%BF%D0%BE%20%D0%BF%D0%BB%D0%BE%D1%89%D0%B0%D0%B4%D0%B8%20%D0%B4%D0%B2%D0%BE%D0%B9%D0%BD%D1%8B%D0%BC%20%D1%83%D1%80%D0%BE%D0%BD%D0%BE%D0%BC?"},{"id":5074265,"title":"tsuujou kougeki ga zentai kougeki de ni-kai kougeki no okaasan wa suki desu ka?","value":"tsuujou%20kougeki%20ga%20zentai%20kougeki%20de%20ni-kai%20kougeki%20no%20okaasan%20wa%20suki%20desu%20ka?"},{"id":3393878,"title":"ddlc","value":"ddlc"},{"id":5183377,"title":"мой паблик","value":"%D0%BC%D0%BE%D0%B9%20%D0%BF%D0%B0%D0%B1%D0%BB%D0%B8%D0%BA"},{"id":5183378,"title":"https://vk.com/animenetrozh","value":"https://vk.com/animenetrozh"},{"id":5244218,"title":"b100r","value":"b100r"}],"categories":[{"id":36,"title":"Anime","permalink":"anime","subscriptions_count":10078018,"big_image_url":"https://coub-anubis-a.akamaized.net/coub_storage/category/cw_image/79d6e4a3e73/c0b7416c30391c998a2ac/big_1544750217_Anime2.png","small_image_url":"https://coub-anubis-a.akamaized.net/coub_storage/category/cw_image/79d6e4a3e73/c0b7416c30391c998a2ac/small_1544750217_Anime2.png","med_image_url":"https://coub-anubis-a.akamaized.net/coub_storage/category/cw_image/79d6e4a3e73/c0b7416c30391c998a2ac/med_1544750217_Anime2.png","visible":true}],"communities":[{"id":36,"title":"Anime","permalink":"anime","subscriptions_count":10078018,"big_image_url":"https://coub-anubis-a.akamaized.net/coub_storage/category/cw_image/79d6e4a3e73/c0b7416c30391c998a2ac/big_1544750217_Anime2.png","small_image_url":"https://coub-anubis-a.akamaized.net/coub_storage/category/cw_image/79d6e4a3e73/c0b7416c30391c998a2ac/small_1544750217_Anime2.png","med_image_url":"https://coub-anubis-a.akamaized.net/coub_storage/category/cw_image/79d6e4a3e73/c0b7416c30391c998a2ac/med_1544750217_Anime2.png","i_subscribed":true,"community_notifications_enabled":null,"description":null}],"recoubs_count":1262,"remixes_count":20,"likes_count":5596,"dislikes_count":0,"raw_video_id":14165421,"uploaded_by_ios_app":false,"uploaded_by_android_app":false,"media_blocks":{"uploaded_raw_videos":[],"external_raw_videos":[],"remixed_from_coubs":[]},"raw_video_thumbnail_url":"/missing/missing.png","raw_video_title":"________.mp4","video_block_banned":false,"duration":7.04,"promo_winner":false,"promo_winner_recoubers":null,"editorial_info":{},"promo_hint":null,"beeline_best_2014":null,"from_web_editor":true,"normalize_sound":false,"normalize_change_allowed":true,"best2015_addable":false,"ahmad_promo":null,"promo_data":null,"audio_copyright_claim":null,"ads_disabled":false,"is_safe_for_ads":true,"megafon_contents":[],"position_on_page":3},{"flag":null,"abuses":null,"recoubs_by_users_channels":null,"favourite":false,"promoted_id":null,"recoub":null,"like":null,"dislike":null,"reaction":null,"in_my_best2015":false,"id":72177079,"type":"Coub::Simple","permalink":"16jq4k","title":"Monika to be continued...","visibility_type":"public","original_visibility_type":"public","channel_id":4207287,"created_at":"2018-04-17T11:51:45Z","updated_at":"2022-03-18T06:52:36Z","is_done":true,"views_count":402038,"cotd":null,"cotd_at":null,"visible_on_explore_root":false,"visible_on_explore":false,"featured":false,"published":true,"published_at":"2018-04-17T11:51:45Z","reversed":false,"from_editor_v2":true,"is_editable":true,"original_sound":true,"has_sound":true,"recoub_to":null,"file_versions":{"html5":{"video":{"higher":{"url":"https://coub-anubis-a.akamaized.net/coub_storage/coub/simple/cw_file/060d3bb8ea0/abd8b354be653c1f3a196/muted_mp4_huge_size_1568221531_muted_huge.mp4","size":1392476},"high":{"url":"https://coub-anubis-a.akamaized.net/coub_storage/coub/simple/cw_file/060d3bb8ea0/abd8b354be653c1f3a196/muted_mp4_big_size_1568221531_muted_big.mp4","size":1034239},"med":{"url":"https://coub-anubis-a.akamaized.net/coub_storage/coub/simple/cw_file/060d3bb8ea0/abd8b354be653c1f3a196/muted_mp4_med_size_1568221531_muted_med.mp4","size":289403}},"audio":{"high":{"url":"https://coub-anubis-a.akamaized.net/coub_storage/coub/simple/cw_looped_audio_high/11fe38f621b/86e97befff71a81c9a0dc/1605647316_high_1523965912_high.mp3","size":1271004},"med":{"url":"https://coub-anubis-a.akamaized.net/coub_storage/coub/simple/cw_looped_audio_med/4c608619e4a/aafd42f0762b371c8122a/1605647316_med_1523965912_med.mp3","size":881538},"sample_duration":7.896}},"mobile":{"video":"https://coub-anubis-a.akamaized.net/coub_storage/coub/simple/cw_file/060d3bb8ea0/abd8b354be653c1f3a196/muted_mp4_med_size_1568221531_muted_med.mp4","audio":["https://coub-anubis-a.akamaized.net/coub_storage/coub/simple/cw_looped_audio_med/4c608619e4a/aafd42f0762b371c8122a/1605647316_med_1523965912_med.mp3"]},"share":{"default":"https://coub-anubis-a.akamaized.net/coub_storage/coub/simple/cw_video_for_sharing/8644f95d774/f4dff9725c10b6dc9bea7/1608477523_looped_1608477522.mp4"}},"audio_versions":{},"image_versions":{"template":"https://coub-anubis-a.akamaized.net/coub_storage/coub/simple/cw_image/c3778418d1f/a54693c2ebb262902bdde/1523965918_00025.jpg","versions":["micro","tiny","age_restricted","ios_large","ios_mosaic","big","med","small","pinterest"]},"first_frame_versions":{"template":"https://coub-anubis-a.akamaized.net/coub_storage/coub/simple/cw_timeline_pic/5b86f114b16/30aca8ab97412ac9c8b84/%{version}_1523965917_image.jpg","versions":["big","med","small","ios_large"]},"dimensions":{"big":[1280,720],"med":[640,360]},"site_w_h":[640,360],"page_w_h":[640,360],"site_w_h_small":[310,174],"size":[1280,720],"age_restricted":false,"age_restricted_by_admin":false,"not_safe_for_work":false,"allow_reuse":false,"dont_crop":false,"banned":false,"global_safe":true,"audio_file_url":null,"external_download":false,"application":null,"channel":{"id":4207287,"permalink":"anarchist45","title":"☣Anarchist☣","description":"☭☭☭ \r\nВремени мало. Коубы делаю не часто, но делаю.","followers_count":275,"following_count":9,"avatar_versions":{"template":"https://coub-anubis-a.akamaized.net/coub_storage/channel/cw_avatar/bdd270848d8/19a5d2c650f9dfb64eeba/%{version}_1607680723_qhf5sv_1522226985_anarhiy.jpg","versions":["medium","medium_2x","profile_pic","profile_pic_new","profile_pic_new_2x","tiny","tiny_2x","small","small_2x","ios_large","ios_small"]}},"file":null,"picture":"https://coub-anubis-a.akamaized.net/coub_storage/coub/simple/cw_image/c3778418d1f/a54693c2ebb262902bdde/1523965918_00025.jpg","timeline_picture":"https://coub-anubis-a.akamaized.net/coub_storage/coub/simple/cw_timeline_pic/5b86f114b16/30aca8ab97412ac9c8b84/ios_large_1523965917_image.jpg","small_picture":"https://coub-anubis-a.akamaized.net/coub_storage/coub/simple/cw_image/c3778418d1f/a54693c2ebb262902bdde/1523965918_00025.jpg","sharing_picture":null,"percent_done":100,"tags":[{"id":324259,"title":"моника","value":"%D0%BC%D0%BE%D0%BD%D0%B8%D0%BA%D0%B0"},{"id":1340412,"title":"литературный клуб","value":"%D0%BB%D0%B8%D1%82%D0%B5%D1%80%D0%B0%D1%82%D1%83%D1%80%D0%BD%D1%8B%D0%B9%20%D0%BA%D0%BB%D1%83%D0%B1"},{"id":12628,"title":"monika","value":"monika"},{"id":1982,"title":"song","value":"song"},{"id":1496171,"title":"to be continued meme","value":"to%20be%20continued%20meme"},{"id":3735328,"title":"memow","value":"memow"},{"id":3597140,"title":"literature club!","value":"literature%20club!"},{"id":3565082,"title":"доки доки","value":"%D0%B4%D0%BE%D0%BA%D0%B8%20%D0%B4%D0%BE%D0%BA%D0%B8"},{"id":3393880,"title":"doki doki literature club","value":"doki%20doki%20literature%20club"},{"id":99039,"title":"doki doki","value":"doki%20doki"},{"id":718728,"title":"natsuki","value":"natsuki"},{"id":87381,"title":"yuri","value":"yuri"},{"id":3708554,"title":"саёри повесилась","value":"%D1%81%D0%B0%D1%91%D1%80%D0%B8%20%D0%BF%D0%BE%D0%B2%D0%B5%D1%81%D0%B8%D0%BB%D0%B0%D1%81%D1%8C"},{"id":3889281,"title":"saeri.","value":"saeri."},{"id":52860,"title":"anime music video","value":"anime%20music%20video"},{"id":367144,"title":"anime coub","value":"anime%20coub"},{"id":164,"title":"аниме","value":"%D0%B0%D0%BD%D0%B8%D0%BC%D0%B5"}],"categories":[{"id":36,"title":"Anime","permalink":"anime","subscriptions_count":10078018,"big_image_url":"https://coub-anubis-a.akamaized.net/coub_storage/category/cw_image/79d6e4a3e73/c0b7416c30391c998a2ac/big_1544750217_Anime2.png","small_image_url":"https://coub-anubis-a.akamaized.net/coub_storage/category/cw_image/79d6e4a3e73/c0b7416c30391c998a2ac/small_1544750217_Anime2.png","med_image_url":"https://coub-anubis-a.akamaized.net/coub_storage/category/cw_image/79d6e4a3e73/c0b7416c30391c998a2ac/med_1544750217_Anime2.png","visible":true}],"communities":[{"id":36,"title":"Anime","permalink":"anime","subscriptions_count":10078018,"big_image_url":"https://coub-anubis-a.akamaized.net/coub_storage/category/cw_image/79d6e4a3e73/c0b7416c30391c998a2ac/big_1544750217_Anime2.png","small_image_url":"https://coub-anubis-a.akamaized.net/coub_storage/category/cw_image/79d6e4a3e73/c0b7416c30391c998a2ac/small_1544750217_Anime2.png","med_image_url":"https://coub-anubis-a.akamaized.net/coub_storage/category/cw_image/79d6e4a3e73/c0b7416c30391c998a2ac/med_1544750217_Anime2.png","i_subscribed":true,"community_notifications_enabled":null,"description":null}],"recoubs_count":1163,"remixes_count":10,"likes_count":5596,"dislikes_count":0,"raw_video_id":11535630,"uploaded_by_ios_app":false,"uploaded_by_android_app":false,"media_blocks":{"uploaded_raw_videos":[],"external_raw_videos":[],"remixed_from_coubs":[]},"raw_video_thumbnail_url":"/missing/missing.png","raw_video_title":"-----M.avi","video_block_banned":false,"duration":7.88,"promo_winner":false,"promo_winner_recoubers":null,"editorial_info":{},"promo_hint":null,"beeline_best_2014":null,"from_web_editor":true,"normalize_sound":true,"normalize_change_allowed":true,"best2015_addable":false,"ahmad_promo":null,"promo_data":null,"audio_copyright_claim":null,"ads_disabled":false,"is_safe_for_ads":true,"megafon_contents":[],"position_on_page":4},{"flag":null,"abuses":null,"recoubs_by_users_channels":null,"favourite":false,"promoted_id":null,"recoub":null,"like":null,"dislike":null,"reaction":null,"in_my_best2015":false,"id":141178958,"type":"Coub::Simple","permalink":"2bph24","title":"Hide","visibility_type":"public","original_visibility_type":"public","channel_id":5175182,"created_at":"2020-04-03T13:29:18Z","updated_at":"2022-03-17T18:06:54Z","is_done":true,"views_count":362634,"cotd":null,"cotd_at":null,"visible_on_explore_root":false,"visible_on_explore":false,"featured":false,"published":true,"published_at":"2020-04-03T13:29:18Z","reversed":false,"from_editor_v2":true,"is_editable":true,"original_sound":false,"has_sound":false,"recoub_to":null,"file_versions":{"html5":{"video":{"higher":{"url":"https://coub-anubis-a.akamaized.net/coub_storage/coub/simple/cw_file/0e3d6fce543/5ab87bd5f5cefc110929d/muted_mp4_huge_size_1585920570_muted_huge.mp4","size":3113917},"high":{"url":"https://coub-anubis-a.akamaized.net/coub_storage/coub/simple/cw_file/0e3d6fce543/5ab87bd5f5cefc110929d/muted_mp4_big_size_1585920570_muted_big.mp4","size":2441264},"med":{"url":"https://coub-anubis-a.akamaized.net/coub_storage/coub/simple/cw_file/0e3d6fce543/5ab87bd5f5cefc110929d/muted_mp4_med_size_1585920570_muted_med.mp4","size":698073}},"audio":{"high":{"url":"https://coub-anubis-a.akamaized.net/coub_storage/coub/simple/cw_looped_audio_high/bb165752111/8a156713d2b0271e5cf9c/1605699633_high_1585920608_high.mp3","size":5100576},"med":{"url":"https://coub-anubis-a.akamaized.net/coub_storage/coub/simple/cw_looped_audio_med/d0a76d19020/f98d60a14710fe46a332f/1605699632_med_1585920608_med.mp3","size":3623170}}},"mobile":{"video":"https://coub-anubis-a.akamaized.net/coub_storage/coub/simple/cw_file/0e3d6fce543/5ab87bd5f5cefc110929d/muted_mp4_med_size_1585920570_muted_med.mp4","audio":["https://coub-anubis-a.akamaized.net/coub_storage/coub/simple/cw_looped_audio_med/d0a76d19020/f98d60a14710fe46a332f/1605699632_med_1585920608_med.mp3"]},"share":{"default":"https://coub-anubis-a.akamaized.net/coub_storage/coub/simple/cw_video_for_sharing/c9fb6340cf7/ede41e20df3dfb5306503/1608874855_looped_1608874854.mp4"}},"audio_versions":{"template":"https://coub-anubis-a.akamaized.net/coub_storage/audio_track/cw_file/7f24d12017f/518a4c7fe4a7d11c67c8f/mid_1585920576_nxwzdf_edited.mp3","versions":["mid","low"]},"image_versions":{"template":"https://coub-anubis-a.akamaized.net/coub_storage/coub/simple/cw_image/e8c91c4f47e/be0c63d8ecc4eba87efb4/1585920628_00027.jpg","versions":["micro","tiny","age_restricted","ios_large","ios_mosaic","big","med","small","pinterest"]},"first_frame_versions":{"template":"https://coub-anubis-a.akamaized.net/coub_storage/coub/simple/cw_timeline_pic/fb16b1018e4/55e87ff0910de05704be1/%{version}_1585920627_image.jpg","versions":["big","med","small","ios_large"]},"dimensions":{"big":[1280,720],"med":[640,360]},"site_w_h":[640,360],"page_w_h":[640,360],"site_w_h_small":[310,174],"size":[1280,720],"age_restricted":false,"age_restricted_by_admin":false,"not_safe_for_work":false,"allow_reuse":false,"dont_crop":true,"banned":false,"global_safe":true,"audio_file_url":"https://coub-anubis-a.akamaized.net/coub_storage/audio_track/cw_file/7f24d12017f/518a4c7fe4a7d11c67c8f/low_1585920576_nxwzdf_edited.mp3","external_download":false,"application":null,"channel":{"id":5175182,"permalink":"shaitan.ookami","title":"Shaitan","description":"Shaitan 14.01.19 - 03.11.20 помянем","followers_count":3487,"following_count":37,"avatar_versions":{"template":"https://coub-anubis-a.akamaized.net/coub_storage/channel/cw_avatar/fb278b26e3d/f0d70a310e9d07eed030e/%{version}_1607423114_1cfona3_1584560874_SPOILER_p8-5JNdk_400x4000.png","versions":["medium","medium_2x","profile_pic","profile_pic_new","profile_pic_new_2x","tiny","tiny_2x","small","small_2x","ios_large","ios_small"]}},"file":null,"picture":"https://coub-anubis-a.akamaized.net/coub_storage/coub/simple/cw_image/e8c91c4f47e/be0c63d8ecc4eba87efb4/1585920628_00027.jpg","timeline_picture":"https://coub-anubis-a.akamaized.net/coub_storage/coub/simple/cw_timeline_pic/fb16b1018e4/55e87ff0910de05704be1/ios_large_1585920627_image.jpg","small_picture":"https://coub-anubis-a.akamaized.net/coub_storage/coub/simple/cw_image/e8c91c4f47e/be0c63d8ecc4eba87efb4/1585920628_00027.jpg","sharing_picture":null,"percent_done":100,"tags":[{"id":165,"title":"anime","value":"anime"},{"id":3550928,"title":"kino no tabi the beautiful world","value":"kino%20no%20tabi%20the%20beautiful%20world"},{"id":1335256,"title":"shaitan","value":"shaitan"}],"categories":[{"id":36,"title":"Anime","permalink":"anime","subscriptions_count":10078018,"big_image_url":"https://coub-anubis-a.akamaized.net/coub_storage/category/cw_image/79d6e4a3e73/c0b7416c30391c998a2ac/big_1544750217_Anime2.png","small_image_url":"https://coub-anubis-a.akamaized.net/coub_storage/category/cw_image/79d6e4a3e73/c0b7416c30391c998a2ac/small_1544750217_Anime2.png","med_image_url":"https://coub-anubis-a.akamaized.net/coub_storage/category/cw_image/79d6e4a3e73/c0b7416c30391c998a2ac/med_1544750217_Anime2.png","visible":true}],"communities":[{"id":36,"title":"Anime","permalink":"anime","subscriptions_count":10078018,"big_image_url":"https://coub-anubis-a.akamaized.net/coub_storage/category/cw_image/79d6e4a3e73/c0b7416c30391c998a2ac/big_1544750217_Anime2.png","small_image_url":"https://coub-anubis-a.akamaized.net/coub_storage/category/cw_image/79d6e4a3e73/c0b7416c30391c998a2ac/small_1544750217_Anime2.png","med_image_url":"https://coub-anubis-a.akamaized.net/coub_storage/category/cw_image/79d6e4a3e73/c0b7416c30391c998a2ac/med_1544750217_Anime2.png","i_subscribed":true,"community_notifications_enabled":null,"description":null}],"recoubs_count":1444,"remixes_count":16,"likes_count":5594,"dislikes_count":0,"raw_video_id":15021249,"uploaded_by_ios_app":false,"uploaded_by_android_app":false,"media_blocks":{"uploaded_raw_videos":[],"external_raw_videos":[],"remixed_from_coubs":[]},"raw_video_thumbnail_url":"/missing/missing.png","raw_video_title":"4_R_-_4_R_-_Hide.mp4","video_block_banned":false,"duration":8.4,"promo_winner":false,"promo_winner_recoubers":null,"editorial_info":{},"promo_hint":null,"beeline_best_2014":null,"from_web_editor":true,"normalize_sound":false,"normalize_change_allowed":true,"best2015_addable":false,"ahmad_promo":null,"promo_data":null,"audio_copyright_claim":null,"ads_disabled":false,"is_safe_for_ads":true,"megafon_contents":[],"position_on_page":5},{"flag":null,"abuses":null,"recoubs_by_users_channels":null,"favourite":false,"promoted_id":null,"recoub":null,"like":null,"dislike":null,"reaction":null,"in_my_best2015":false,"id":142871763,"type":"Coub::Simple","permalink":"2cpr92","title":"𝓓𝓪𝓲𝓼𝓾𝓴𝓮 𝓚𝓪𝓶𝓫𝓮","visibility_type":"public","original_visibility_type":"public","channel_id":5543894,"created_at":"2020-04-21T10:57:33Z","updated_at":"2022-03-18T06:18:10Z","is_done":true,"views_count":328939,"cotd":null,"cotd_at":null,"visible_on_explore_root":false,"visible_on_explore":false,"featured":false,"published":true,"published_at":"2020-04-21T10:57:33Z","reversed":false,"from_editor_v2":true,"is_editable":true,"original_sound":false,"has_sound":false,"recoub_to":null,"file_versions":{"html5":{"video":{"higher":{"url":"https://coub-anubis-a.akamaized.net/coub_storage/coub/simple/cw_file/9d99ce6cb9c/b6bbd1f565de0a7a0a0e4/muted_mp4_huge_size_1587466759_muted_huge.mp4","size":2064336},"high":{"url":"https://coub-anubis-a.akamaized.net/coub_storage/coub/simple/cw_file/9d99ce6cb9c/b6bbd1f565de0a7a0a0e4/muted_mp4_big_size_1587466759_muted_big.mp4","size":1410058},"med":{"url":"https://coub-anubis-a.akamaized.net/coub_storage/coub/simple/cw_file/9d99ce6cb9c/b6bbd1f565de0a7a0a0e4/muted_mp4_med_size_1587466759_muted_med.mp4","size":498455}},"audio":{"high":{"url":"https://coub-anubis-a.akamaized.net/coub_storage/coub/simple/cw_looped_audio_high/9af110f576a/6319e7236378113f8d503/1605696162_high_1587466798_high.mp3","size":3415014},"med":{"url":"https://coub-anubis-a.akamaized.net/coub_storage/coub/simple/cw_looped_audio_med/9ca45a21662/4d0de9fc968ef2c09a6c3/1605696162_med_1587466798_med.mp3","size":2652641}}},"mobile":{"video":"https://coub-anubis-a.akamaized.net/coub_storage/coub/simple/cw_file/9d99ce6cb9c/b6bbd1f565de0a7a0a0e4/muted_mp4_med_size_1587466759_muted_med.mp4","audio":["https://coub-anubis-a.akamaized.net/coub_storage/coub/simple/cw_looped_audio_med/9ca45a21662/4d0de9fc968ef2c09a6c3/1605696162_med_1587466798_med.mp3"]},"share":{"default":"https://coub-anubis-a.akamaized.net/coub_storage/coub/simple/cw_video_for_sharing/4d3a01bd315/474dde0878b50b4355348/1609712423_looped_1609712422.mp4"}},"audio_versions":{"template":"https://coub-anubis-a.akamaized.net/coub_storage/audio_track/cw_normalized_copy/22d842eff43/28ad4f38d2c15dfc177ba/mid_1587466786_normalized_1587466764_1p9gp29_edited.mp3","versions":["mid","low"]},"image_versions":{"template":"https://coub-anubis-a.akamaized.net/coub_storage/coub/simple/cw_image/5396b3f4279/367f7e1c8930bef084dc1/1587466813_00032.jpg","versions":["micro","tiny","age_restricted","ios_large","ios_mosaic","big","med","small","pinterest"]},"first_frame_versions":{"template":"https://coub-anubis-a.akamaized.net/coub_storage/coub/simple/cw_timeline_pic/a059d6505c3/4a07268e579329bec68e3/%{version}_1587466813_image.jpg","versions":["big","med","small","ios_large"]},"dimensions":{"big":[1280,720],"med":[640,360]},"site_w_h":[640,360],"page_w_h":[640,360],"site_w_h_small":[310,174],"size":[1280,720],"age_restricted":false,"age_restricted_by_admin":false,"not_safe_for_work":false,"allow_reuse":false,"dont_crop":false,"banned":false,"global_safe":true,"audio_file_url":"https://coub-anubis-a.akamaized.net/coub_storage/audio_track/cw_normalized_copy/22d842eff43/28ad4f38d2c15dfc177ba/low_1587466786_normalized_1587466764_1p9gp29_edited.mp3","external_download":{"type":"Youtube","service_name":"YouTube","url":"https://www.youtube.com/watch?v=hylox1qRgfw","has_embed":true},"application":null,"channel":{"id":5543894,"permalink":"empty148","title":"empty_","description":null,"followers_count":36,"following_count":12,"avatar_versions":{"template":"https://coub-anubis-a.akamaized.net/coub_storage/channel/cw_avatar/921c10c1b9c/31d7d1b6e614860585e7e/%{version}_1607858401_euwpzg_1579247519_1.png","versions":["medium","medium_2x","profile_pic","profile_pic_new","profile_pic_new_2x","tiny","tiny_2x","small","small_2x","ios_large","ios_small"]}},"file":null,"picture":"https://coub-anubis-a.akamaized.net/coub_storage/coub/simple/cw_image/5396b3f4279/367f7e1c8930bef084dc1/1587466813_00032.jpg","timeline_picture":"https://coub-anubis-a.akamaized.net/coub_storage/coub/simple/cw_timeline_pic/a059d6505c3/4a07268e579329bec68e3/ios_large_1587466813_image.jpg","small_picture":"https://coub-anubis-a.akamaized.net/coub_storage/coub/simple/cw_image/5396b3f4279/367f7e1c8930bef084dc1/1587466813_00032.jpg","sharing_picture":null,"percent_done":100,"tags":[{"id":5586300,"title":"fugou keiji balance: unlimited","value":"fugou%20keiji%20balance:%20unlimited"},{"id":5611498,"title":"daisuke kambe","value":"daisuke%20kambe"},{"id":165,"title":"anime","value":"anime"}],"categories":[{"id":36,"title":"Anime","permalink":"anime","subscriptions_count":10078018,"big_image_url":"https://coub-anubis-a.akamaized.net/coub_storage/category/cw_image/79d6e4a3e73/c0b7416c30391c998a2ac/big_1544750217_Anime2.png","small_image_url":"https://coub-anubis-a.akamaized.net/coub_storage/category/cw_image/79d6e4a3e73/c0b7416c30391c998a2ac/small_1544750217_Anime2.png","med_image_url":"https://coub-anubis-a.akamaized.net/coub_storage/category/cw_image/79d6e4a3e73/c0b7416c30391c998a2ac/med_1544750217_Anime2.png","visible":true}],"communities":[{"id":36,"title":"Anime","permalink":"anime","subscriptions_count":10078018,"big_image_url":"https://coub-anubis-a.akamaized.net/coub_storage/category/cw_image/79d6e4a3e73/c0b7416c30391c998a2ac/big_1544750217_Anime2.png","small_image_url":"https://coub-anubis-a.akamaized.net/coub_storage/category/cw_image/79d6e4a3e73/c0b7416c30391c998a2ac/small_1544750217_Anime2.png","med_image_url":"https://coub-anubis-a.akamaized.net/coub_storage/category/cw_image/79d6e4a3e73/c0b7416c30391c998a2ac/med_1544750217_Anime2.png","i_subscribed":true,"community_notifications_enabled":null,"description":null}],"recoubs_count":1145,"remixes_count":12,"likes_count":5592,"dislikes_count":0,"raw_video_id":15106103,"uploaded_by_ios_app":false,"uploaded_by_android_app":false,"media_blocks":{"uploaded_raw_videos":[],"external_raw_videos":[{"id":35520628,"title":"Опенинг-Богатый детектив. Баланс: Неограничен / Fugou Keiji Balance: Unlimited","url":"https://www.youtube.com/watch?v=hylox1qRgfw","image":"https://coub-anubis-a.akamaized.net/coub_storage/media_block/cw_image/30ed2186e9c/10c36c789b62c5bbdd4e6/1587384944_1dish20_1587384925_8wtzua_att-url-download.jpg","image_retina":"https://coub-anubis-a.akamaized.net/coub_storage/media_block/cw_image/30ed2186e9c/10c36c789b62c5bbdd4e6/1587384944_1dish20_1587384925_8wtzua_att-url-download.jpg","meta":{"service":"Youtube","duration":"87.24"},"duration":87.24,"raw_video_id":15106103,"has_embed":true}],"remixed_from_coubs":[],"external_video":{"id":35520628,"title":"Опенинг-Богатый детектив. Баланс: Неограничен / Fugou Keiji Balance: Unlimited","url":"https://www.youtube.com/watch?v=hylox1qRgfw","image":"https://coub-anubis-a.akamaized.net/coub_storage/media_block/cw_image/30ed2186e9c/10c36c789b62c5bbdd4e6/1587384944_1dish20_1587384925_8wtzua_att-url-download.jpg","image_retina":"https://coub-anubis-a.akamaized.net/coub_storage/media_block/cw_image/30ed2186e9c/10c36c789b62c5bbdd4e6/1587384944_1dish20_1587384925_8wtzua_att-url-download.jpg","meta":{"service":"Youtube","duration":"87.24"},"duration":87.24,"raw_video_id":15106103,"has_embed":true}},"raw_video_thumbnail_url":"/missing/missing.png","raw_video_title":"Опенинг-Богатый детектив. Баланс: Неограничен / Fugou Keiji Balance: Unlimited","video_block_banned":false,"duration":10.0,"promo_winner":false,"promo_winner_recoubers":null,"editorial_info":{},"promo_hint":null,"beeline_best_2014":null,"from_web_editor":true,"normalize_sound":true,"normalize_change_allowed":true,"best2015_addable":false,"ahmad_promo":null,"promo_data":null,"audio_copyright_claim":null,"ads_disabled":false,"is_safe_for_ads":true,"megafon_contents":[],"position_on_page":6},{"flag":null,"abuses":null,"recoubs_by_users_channels":null,"favourite":false,"promoted_id":null,"recoub":null,"like":null,"dislike":null,"reaction":null,"in_my_best2015":false,"id":154224239,"type":"Coub::Simple","permalink":"2jh2y9","title":"No Glory","visibility_type":"public","original_visibility_type":"public","channel_id":4784904,"created_at":"2020-09-20T14:09:24Z","updated_at":"2022-03-18T08:12:31Z","is_done":true,"views_count":335566,"cotd":null,"cotd_at":null,"visible_on_explore_root":false,"visible_on_explore":false,"featured":false,"published":true,"published_at":"2020-09-20T14:10:42Z","reversed":false,"from_editor_v2":true,"is_editable":true,"original_sound":false,"has_sound":false,"recoub_to":null,"file_versions":{"html5":{"video":{"higher":{"url":"https://coub-anubis-a.akamaized.net/coub_storage/coub/simple/cw_file/b82f7c636a7/3c85fc482c6a1d0be8e8d/muted_mp4_huge_size_1600610972_muted_huge.mp4","size":2047916},"high":{"url":"https://coub-anubis-a.akamaized.net/coub_storage/coub/simple/cw_file/b82f7c636a7/3c85fc482c6a1d0be8e8d/muted_mp4_big_size_1600610972_muted_big.mp4","size":1387018},"med":{"url":"https://coub-anubis-a.akamaized.net/coub_storage/coub/simple/cw_file/b82f7c636a7/3c85fc482c6a1d0be8e8d/muted_mp4_med_size_1600610972_muted_med.mp4","size":424212}},"audio":{"high":{"url":"https://coub-anubis-a.akamaized.net/coub_storage/coub/simple/cw_looped_audio_high/08a5033e16e/9adcb85a0308bf32e29d1/1607274309_high_1600610978_high.mp3","size":876637},"med":{"url":"https://coub-anubis-a.akamaized.net/coub_storage/coub/simple/cw_looped_audio_med/1d5e174bf6d/c88f65b0f8a1cb1e49bff/1607274308_med_1600610978_med.mp3","size":613094}}},"mobile":{"video":"https://coub-anubis-a.akamaized.net/coub_storage/coub/simple/cw_file/b82f7c636a7/3c85fc482c6a1d0be8e8d/muted_mp4_med_size_1600610972_muted_med.mp4","audio":["https://coub-anubis-a.akamaized.net/coub_storage/coub/simple/cw_looped_audio_med/1d5e174bf6d/c88f65b0f8a1cb1e49bff/1607274308_med_1600610978_med.mp3"]},"share":{"default":"https://coub-anubis-a.akamaized.net/coub_storage/coub/simple/cw_video_for_sharing/bbc1622f22d/39296981753f0899e7205/1608239726_looped_1608239725.mp4"}},"audio_versions":{"template":"https://coub-anubis-a.akamaized.net/coub_storage/audio_track/cw_file/29ba63dc361/f49a27ea0a6e1947bac9e/mid_1600610973_1vaz8gp_edited.mp3","versions":["mid","low"]},"image_versions":{"template":"https://coub-anubis-a.akamaized.net/coub_storage/coub/simple/cw_image/df5f6e053ab/5f3ea30de3f4896939739/1600610983_00021.jpg","versions":["micro","tiny","age_restricted","ios_large","ios_mosaic","big","med","small","pinterest"]},"first_frame_versions":{"template":"https://coub-anubis-a.akamaized.net/coub_storage/coub/simple/cw_timeline_pic/167712bcda2/062d8737c7e3e0d0a8d03/%{version}_1600610983_image.jpg","versions":["big","med","small","ios_large"]},"dimensions":{"big":[1280,720],"med":[640,360]},"site_w_h":[640,360],"page_w_h":[640,360],"site_w_h_small":[310,174],"size":[1280,720],"age_restricted":false,"age_restricted_by_admin":false,"not_safe_for_work":false,"allow_reuse":false,"dont_crop":false,"banned":false,"global_safe":true,"audio_file_url":"https://coub-anubis-a.akamaized.net/coub_storage/audio_track/cw_file/29ba63dc361/f49a27ea0a6e1947bac9e/low_1600610973_1vaz8gp_edited.mp3","external_download":false,"application":null,"channel":{"id":4784904,"permalink":"alterdintend","title":"Alter","description":"vk.com/alterdintend_official | ✘ , Sensum","followers_count":5638,"following_count":151,"avatar_versions":{"template":"https://coub-anubis-a.akamaized.net/coub_storage/channel/cw_avatar/75ed2bc05dd/80e82262d043446ebace8/%{version}_1615765091_Houjou.Satoko.full.3203337.png","versions":["medium","medium_2x","profile_pic","profile_pic_new","profile_pic_new_2x","tiny","tiny_2x","small","small_2x","ios_large","ios_small"]}},"file":null,"picture":"https://coub-anubis-a.akamaized.net/coub_storage/coub/simple/cw_image/df5f6e053ab/5f3ea30de3f4896939739/1600610983_00021.jpg","timeline_picture":"https://coub-anubis-a.akamaized.net/coub_storage/coub/simple/cw_timeline_pic/167712bcda2/062d8737c7e3e0d0a8d03/ios_large_1600610983_image.jpg","small_picture":"https://coub-anubis-a.akamaized.net/coub_storage/coub/simple/cw_image/df5f6e053ab/5f3ea30de3f4896939739/1600610983_00021.jpg","sharing_picture":null,"percent_done":100,"tags":[{"id":165,"title":"anime","value":"anime"},{"id":94589,"title":"overlord","value":"overlord"}],"categories":[{"id":36,"title":"Anime","permalink":"anime","subscriptions_count":10078018,"big_image_url":"https://coub-anubis-a.akamaized.net/coub_storage/category/cw_image/79d6e4a3e73/c0b7416c30391c998a2ac/big_1544750217_Anime2.png","small_image_url":"https://coub-anubis-a.akamaized.net/coub_storage/category/cw_image/79d6e4a3e73/c0b7416c30391c998a2ac/small_1544750217_Anime2.png","med_image_url":"https://coub-anubis-a.akamaized.net/coub_storage/category/cw_image/79d6e4a3e73/c0b7416c30391c998a2ac/med_1544750217_Anime2.png","visible":true}],"communities":[{"id":36,"title":"Anime","permalink":"anime","subscriptions_count":10078018,"big_image_url":"https://coub-anubis-a.akamaized.net/coub_storage/category/cw_image/79d6e4a3e73/c0b7416c30391c998a2ac/big_1544750217_Anime2.png","small_image_url":"https://coub-anubis-a.akamaized.net/coub_storage/category/cw_image/79d6e4a3e73/c0b7416c30391c998a2ac/small_1544750217_Anime2.png","med_image_url":"https://coub-anubis-a.akamaized.net/coub_storage/category/cw_image/79d6e4a3e73/c0b7416c30391c998a2ac/med_1544750217_Anime2.png","i_subscribed":true,"community_notifications_enabled":null,"description":null}],"recoubs_count":1306,"remixes_count":6,"likes_count":5591,"dislikes_count":0,"raw_video_id":15689638,"uploaded_by_ios_app":false,"uploaded_by_android_app":false,"media_blocks":{"uploaded_raw_videos":[],"external_raw_videos":[],"remixed_from_coubs":[]},"raw_video_thumbnail_url":"/missing/missing.png","raw_video_title":"edl-no_glory.txt.mp4","video_block_banned":false,"duration":6.4,"promo_winner":false,"promo_winner_recoubers":null,"editorial_info":{},"promo_hint":null,"beeline_best_2014":null,"from_web_editor":true,"normalize_sound":false,"normalize_change_allowed":true,"best2015_addable":false,"ahmad_promo":null,"promo_data":null,"audio_copyright_claim":null,"ads_disabled":false,"is_safe_for_ads":true,"megafon_contents":[],"position_on_page":7},{"flag":null,"abuses":null,"recoubs_by_users_channels":null,"favourite":false,"promoted_id":null,"recoub":null,"like":null,"dislike":null,"reaction":null,"in_my_best2015":false,"id":159912936,"type":"Coub::Simple","permalink":"2mv0f3","title":"The screen's moving on its own?","visibility_type":"public","original_visibility_type":"public","channel_id":4491285,"created_at":"2020-12-16T18:11:47Z","updated_at":"2022-03-18T01:54:52Z","is_done":true,"views_count":327340,"cotd":null,"cotd_at":null,"visible_on_explore_root":false,"visible_on_explore":false,"featured":false,"published":true,"published_at":"2020-12-16T18:11:47Z","reversed":false,"from_editor_v2":true,"is_editable":true,"original_sound":true,"has_sound":true,"recoub_to":null,"file_versions":{"html5":{"video":{"higher":{"url":"https://coub-anubis-a.akamaized.net/coub_storage/coub/simple/cw_file/9d494d6836a/6a1c4dcacd7505a7acced/muted_mp4_huge_size_1615634703_muted_huge.mp4","size":1569277},"high":{"url":"https://coub-anubis-a.akamaized.net/coub_storage/coub/simple/cw_file/9d494d6836a/6a1c4dcacd7505a7acced/muted_mp4_big_size_1615634703_muted_big.mp4","size":1098302},"med":{"url":"https://coub-anubis-a.akamaized.net/coub_storage/coub/simple/cw_file/9d494d6836a/6a1c4dcacd7505a7acced/muted_mp4_med_size_1615634703_muted_med.mp4","size":248049}},"audio":{"high":{"url":"https://coub-anubis-a.akamaized.net/coub_storage/coub/simple/cw_looped_audio_high/aad5f330041/85f165d9c0a87f7ac011f/1615634705_mp3-high.mp3","size":941682},"med":{"url":"https://coub-anubis-a.akamaized.net/coub_storage/coub/simple/cw_looped_audio_med/7dbbc32daa0/3704034b987464f423e30/1615634704_mp3-med.mp3","size":799076},"sample_duration":10.008}},"mobile":{"video":"https://coub-anubis-a.akamaized.net/coub_storage/coub/simple/cw_file/9d494d6836a/6a1c4dcacd7505a7acced/muted_mp4_med_size_1615634703_muted_med.mp4","audio":["https://coub-anubis-a.akamaized.net/coub_storage/coub/simple/cw_looped_audio_med/7dbbc32daa0/3704034b987464f423e30/1615634704_mp3-med.mp3"]},"share":{"default":"https://coub-anubis-a.akamaized.net/coub_storage/coub/simple/cw_video_for_sharing/ecce1444551/86c3dd25e712cee3ad46d/1615634736_looped_1615634735.mp4"}},"audio_versions":{},"image_versions":{"template":"https://coub-anubis-a.akamaized.net/coub_storage/coub/simple/cw_image/634e6ed940f/1e2cfa1329e88dec445b6/%{version}_1615634710_00032.jpg","versions":["micro","tiny","age_restricted","ios_large","ios_mosaic","big","med","small","pinterest"]},"first_frame_versions":{"template":"https://coub-anubis-a.akamaized.net/coub_storage/coub/simple/cw_timeline_pic/c05b3e7b85d/4b17e3face26f3022f827/%{version}_1615634709_image.jpg","versions":["big","med","small","ios_large"]},"dimensions":{"big":[1280,720],"med":[640,360]},"site_w_h":[640,360],"page_w_h":[640,360],"site_w_h_small":[310,174],"size":[1280,720],"age_restricted":false,"age_restricted_by_admin":false,"not_safe_for_work":false,"allow_reuse":false,"dont_crop":true,"banned":false,"global_safe":true,"audio_file_url":null,"external_download":false,"application":null,"channel":{"id":4491285,"permalink":"trololoanimecoub","title":"TRØĿØĿØ🌱","description":"vk.com/trololocoub\r\n( #trololocoub )","followers_count":4037,"following_count":0,"avatar_versions":{"template":"https://coub-anubis-a.akamaized.net/coub_storage/channel/cw_avatar/5bec2df7182/30d9a639c45d98ca4f9fa/%{version}_1643189741_Coub_logo2.0__2_.png","versions":["medium","medium_2x","profile_pic","profile_pic_new","profile_pic_new_2x","tiny","tiny_2x","small","small_2x","ios_large","ios_small"]}},"file":null,"picture":"https://coub-anubis-a.akamaized.net/coub_storage/coub/simple/cw_image/634e6ed940f/1e2cfa1329e88dec445b6/med_1615634710_00032.jpg","timeline_picture":"https://coub-anubis-a.akamaized.net/coub_storage/coub/simple/cw_timeline_pic/c05b3e7b85d/4b17e3face26f3022f827/ios_large_1615634709_image.jpg","small_picture":"https://coub-anubis-a.akamaized.net/coub_storage/coub/simple/cw_image/634e6ed940f/1e2cfa1329e88dec445b6/ios_mosaic_1615634710_00032.jpg","sharing_picture":null,"percent_done":100,"tags":[{"id":4484082,"title":"trololocoub","value":"trololocoub"},{"id":2020797,"title":"getsuyoubi no tawawa","value":"getsuyoubi%20no%20tawawa"},{"id":250531,"title":"funny anime moment","value":"funny%20anime%20moment"},{"id":113003,"title":"funny moment","value":"funny%20moment"},{"id":50,"title":"coub","value":"coub"},{"id":165,"title":"anime","value":"anime"}],"categories":[{"id":36,"title":"Anime","permalink":"anime","subscriptions_count":10078018,"big_image_url":"https://coub-anubis-a.akamaized.net/coub_storage/category/cw_image/79d6e4a3e73/c0b7416c30391c998a2ac/big_1544750217_Anime2.png","small_image_url":"https://coub-anubis-a.akamaized.net/coub_storage/category/cw_image/79d6e4a3e73/c0b7416c30391c998a2ac/small_1544750217_Anime2.png","med_image_url":"https://coub-anubis-a.akamaized.net/coub_storage/category/cw_image/79d6e4a3e73/c0b7416c30391c998a2ac/med_1544750217_Anime2.png","visible":true}],"communities":[{"id":36,"title":"Anime","permalink":"anime","subscriptions_count":10078018,"big_image_url":"https://coub-anubis-a.akamaized.net/coub_storage/category/cw_image/79d6e4a3e73/c0b7416c30391c998a2ac/big_1544750217_Anime2.png","small_image_url":"https://coub-anubis-a.akamaized.net/coub_storage/category/cw_image/79d6e4a3e73/c0b7416c30391c998a2ac/small_1544750217_Anime2.png","med_image_url":"https://coub-anubis-a.akamaized.net/coub_storage/category/cw_image/79d6e4a3e73/c0b7416c30391c998a2ac/med_1544750217_Anime2.png","i_subscribed":true,"community_notifications_enabled":null,"description":null}],"recoubs_count":1081,"remixes_count":0,"likes_count":5588,"dislikes_count":0,"raw_video_id":15977184,"uploaded_by_ios_app":false,"uploaded_by_android_app":false,"media_blocks":{"uploaded_raw_videos":[],"external_raw_videos":[],"remixed_from_coubs":[]},"raw_video_thumbnail_url":"/missing/missing.png","raw_video_title":"Nedocoub.mp4","video_block_banned":false,"duration":10.0,"promo_winner":false,"promo_winner_recoubers":null,"editorial_info":{},"promo_hint":null,"beeline_best_2014":null,"from_web_editor":true,"normalize_sound":true,"normalize_change_allowed":true,"best2015_addable":false,"ahmad_promo":null,"promo_data":null,"audio_copyright_claim":null,"ads_disabled":false,"is_safe_for_ads":true,"megafon_contents":[],"position_on_page":8},{"flag":null,"abuses":null,"recoubs_by_users_channels":null,"favourite":false,"promoted_id":null,"recoub":null,"like":null,"dislike":null,"reaction":null,"in_my_best2015":false,"id":146545450,"type":"Coub::Simple","permalink":"2ewhwi","title":"Возрождение старых коубов ","visibility_type":"public","original_visibility_type":"public","channel_id":7640464,"created_at":"2020-06-04T08:15:29Z","updated_at":"2022-03-17T17:09:34Z","is_done":true,"views_count":317459,"cotd":null,"cotd_at":null,"visible_on_explore_root":false,"visible_on_explore":false,"featured":false,"published":true,"published_at":"2020-06-04T08:15:29Z","reversed":false,"from_editor_v2":true,"is_editable":true,"original_sound":false,"has_sound":false,"recoub_to":null,"file_versions":{"html5":{"video":{"higher":{"url":"https://coub-anubis-a.akamaized.net/coub_storage/coub/simple/cw_file/90cfe9fcdac/f90e9f8e9449003459392/muted_mp4_huge_size_1591258539_muted_huge.mp4","size":1724394},"high":{"url":"https://coub-anubis-a.akamaized.net/coub_storage/coub/simple/cw_file/90cfe9fcdac/f90e9f8e9449003459392/muted_mp4_big_size_1591258539_muted_big.mp4","size":1093153},"med":{"url":"https://coub-anubis-a.akamaized.net/coub_storage/coub/simple/cw_file/90cfe9fcdac/f90e9f8e9449003459392/muted_mp4_med_size_1591258539_muted_med.mp4","size":368105}},"audio":{"high":{"url":"https://coub-anubis-a.akamaized.net/coub_storage/coub/simple/cw_looped_audio_high/e540bf7e78e/6a509bf81a79bdd44b6ed/1605687130_high_1591258573_high.mp3","size":3444675},"med":{"url":"https://coub-anubis-a.akamaized.net/coub_storage/coub/simple/cw_looped_audio_med/93e46eaf0dd/ba994e37055c1628afbcc/1605687129_med_1591258573_med.mp3","size":2481984}}},"mobile":{"video":"https://coub-anubis-a.akamaized.net/coub_storage/coub/simple/cw_file/90cfe9fcdac/f90e9f8e9449003459392/muted_mp4_med_size_1591258539_muted_med.mp4","audio":["https://coub-anubis-a.akamaized.net/coub_storage/coub/simple/cw_looped_audio_med/93e46eaf0dd/ba994e37055c1628afbcc/1605687129_med_1591258573_med.mp3"]},"share":{"default":"https://coub-anubis-a.akamaized.net/coub_storage/coub/simple/cw_video_for_sharing/a918ea7e23d/b746dd01f7edec7c8cbce/1608673621_looped_1608673620.mp4"}},"audio_versions":{"template":"https://coub-anubis-a.akamaized.net/coub_storage/audio_track/cw_normalized_copy/0bd37f58b60/6b158a52ea69284281c5e/mid_1591258562_normalized_1591258543_zkcbih_edited.mp3","versions":["mid","low"]},"image_versions":{"template":"https://coub-anubis-a.akamaized.net/coub_storage/coub/simple/cw_image/91bf9f87ea8/3b945e9db836a04f7c6be/1591258588_00032.jpg","versions":["micro","tiny","age_restricted","ios_large","ios_mosaic","big","med","small","pinterest"]},"first_frame_versions":{"template":"https://coub-anubis-a.akamaized.net/coub_storage/coub/simple/cw_timeline_pic/8430148b056/1234cf97e3cf7e7d9010f/%{version}_1591258587_image.jpg","versions":["big","med","small","ios_large"]},"dimensions":{"big":[1280,724],"med":[640,362]},"site_w_h":[640,362],"page_w_h":[640,362],"site_w_h_small":[310,175],"size":[1280,724],"age_restricted":false,"age_restricted_by_admin":false,"not_safe_for_work":false,"allow_reuse":false,"dont_crop":false,"banned":false,"global_safe":true,"audio_file_url":"https://coub-anubis-a.akamaized.net/coub_storage/audio_track/cw_normalized_copy/0bd37f58b60/6b158a52ea69284281c5e/low_1591258562_normalized_1591258543_zkcbih_edited.mp3","external_download":false,"application":null,"channel":{"id":7640464,"permalink":"aligatorov","title":"Dj.Aligator","description":null,"followers_count":205,"following_count":42,"avatar_versions":{"template":"https://coub-anubis-a.akamaized.net/coub_storage/channel/cw_avatar/59d6c595e15/1911eb6d5920fb5d55e9a/%{version}_1607421901_mr9fiw_1590840185_8faa269f17e4ba0c3e26162be68ef0daadc9d88dv2_128.jpg","versions":["medium","medium_2x","profile_pic","profile_pic_new","profile_pic_new_2x","tiny","tiny_2x","small","small_2x","ios_large","ios_small"]}},"file":null,"picture":"https://coub-anubis-a.akamaized.net/coub_storage/coub/simple/cw_image/91bf9f87ea8/3b945e9db836a04f7c6be/1591258588_00032.jpg","timeline_picture":"https://coub-anubis-a.akamaized.net/coub_storage/coub/simple/cw_timeline_pic/8430148b056/1234cf97e3cf7e7d9010f/ios_large_1591258587_image.jpg","small_picture":"https://coub-anubis-a.akamaized.net/coub_storage/coub/simple/cw_image/91bf9f87ea8/3b945e9db836a04f7c6be/1591258588_00032.jpg","sharing_picture":null,"percent_done":100,"tags":[{"id":3129216,"title":"моя первая гяру","value":"%D0%BC%D0%BE%D1%8F%20%D0%BF%D0%B5%D1%80%D0%B2%D0%B0%D1%8F%20%D0%B3%D1%8F%D1%80%D1%83"},{"id":3178860,"title":"hajimete no gyaru","value":"hajimete%20no%20gyaru"},{"id":4601213,"title":"hajimete no gal","value":"hajimete%20no%20gal"},{"id":164,"title":"аниме","value":"%D0%B0%D0%BD%D0%B8%D0%BC%D0%B5"},{"id":1160,"title":"музыка","value":"%D0%BC%D1%83%D0%B7%D1%8B%D0%BA%D0%B0"},{"id":8755,"title":"коуб","value":"%D0%BA%D0%BE%D1%83%D0%B1"},{"id":367145,"title":"аниме коуб","value":"%D0%B0%D0%BD%D0%B8%D0%BC%D0%B5%20%D0%BA%D0%BE%D1%83%D0%B1"},{"id":165,"title":"anime","value":"anime"},{"id":86,"title":"music","value":"music"},{"id":3942025,"title":"loki tot","value":"loki%20tot"},{"id":4717413,"title":"lokitot","value":"lokitot"},{"id":50,"title":"coub","value":"coub"},{"id":367144,"title":"anime coub","value":"anime%20coub"},{"id":4796131,"title":"suckerpunch vs marilyn manson - sweet dreams (bambi remix)","value":"suckerpunch%20vs%20marilyn%20manson%20-%20sweet%20dreams%20(bambi%20remix)"}],"categories":[{"id":36,"title":"Anime","permalink":"anime","subscriptions_count":10078018,"big_image_url":"https://coub-anubis-a.akamaized.net/coub_storage/category/cw_image/79d6e4a3e73/c0b7416c30391c998a2ac/big_1544750217_Anime2.png","small_image_url":"https://coub-anubis-a.akamaized.net/coub_storage/category/cw_image/79d6e4a3e73/c0b7416c30391c998a2ac/small_1544750217_Anime2.png","med_image_url":"https://coub-anubis-a.akamaized.net/coub_storage/category/cw_image/79d6e4a3e73/c0b7416c30391c998a2ac/med_1544750217_Anime2.png","visible":true}],"communities":[{"id":36,"title":"Anime","permalink":"anime","subscriptions_count":10078018,"big_image_url":"https://coub-anubis-a.akamaized.net/coub_storage/category/cw_image/79d6e4a3e73/c0b7416c30391c998a2ac/big_1544750217_Anime2.png","small_image_url":"https://coub-anubis-a.akamaized.net/coub_storage/category/cw_image/79d6e4a3e73/c0b7416c30391c998a2ac/small_1544750217_Anime2.png","med_image_url":"https://coub-anubis-a.akamaized.net/coub_storage/category/cw_image/79d6e4a3e73/c0b7416c30391c998a2ac/med_1544750217_Anime2.png","i_subscribed":true,"community_notifications_enabled":null,"description":null}],"recoubs_count":1091,"remixes_count":7,"likes_count":5585,"dislikes_count":0,"raw_video_id":"","uploaded_by_ios_app":false,"uploaded_by_android_app":false,"media_blocks":{"uploaded_raw_videos":[],"external_raw_videos":[],"remixed_from_coubs":[{"id":31159988,"title":"Sweet Dreams","url":"https://coub.com/coubs/1rfnfy/remix","image":"https://coub-anubis-a.akamaized.net/coub_storage/media_block/cw_image/54a21d1ca10/7f5e9aea37860884bc0a3/1553983522_1k8gtyo_1553983509_00032.jpg","image_retina":"https://coub-anubis-a.akamaized.net/coub_storage/media_block/cw_image/54a21d1ca10/7f5e9aea37860884bc0a3/1553983522_1k8gtyo_1553983509_00032.jpg","meta":{"duration":"10.0"},"duration":null,"coub_channel_title":"V▲Loki Tot ᵏᵒᵈᵒᵏᵘ ❤ ᶰᶜʳ","coub_channel_permalink":"loki-tot","coub_views_count":440256,"coub_permalink":"1rfnfy"}]},"raw_video_thumbnail_url":"","raw_video_title":"","video_block_banned":false,"duration":10.0,"promo_winner":false,"promo_winner_recoubers":null,"editorial_info":{},"promo_hint":null,"beeline_best_2014":null,"from_web_editor":true,"normalize_sound":true,"normalize_change_allowed":true,"best2015_addable":false,"ahmad_promo":null,"promo_data":null,"audio_copyright_claim":null,"ads_disabled":false,"is_safe_for_ads":true,"megafon_contents":[],"position_on_page":9},{"flag":null,"abuses":null,"recoubs_by_users_channels":null,"favourite":false,"promoted_id":null,"recoub":null,"like":null,"dislike":null,"reaction":null,"in_my_best2015":false,"id":147411269,"type":"Coub::Simple","permalink":"2ff1zd","title":"Возрождение старых коубов ","visibility_type":"public","original_visibility_type":"public","channel_id":7640464,"created_at":"2020-06-15T12:41:00Z","updated_at":"2022-03-17T09:46:35Z","is_done":true,"views_count":329451,"cotd":null,"cotd_at":null,"visible_on_explore_root":false,"visible_on_explore":false,"featured":false,"published":true,"published_at":"2020-06-15T12:41:00Z","reversed":false,"from_editor_v2":true,"is_editable":true,"original_sound":false,"has_sound":false,"recoub_to":null,"file_versions":{"html5":{"video":{"higher":{"url":"https://coub-anubis-a.akamaized.net/coub_storage/coub/simple/cw_file/06c0f02296a/6fd2e992aa5197c326517/muted_mp4_huge_size_1592224872_muted_huge.mp4","size":1309476},"high":{"url":"https://coub-anubis-a.akamaized.net/coub_storage/coub/simple/cw_file/06c0f02296a/6fd2e992aa5197c326517/muted_mp4_big_size_1592224872_muted_big.mp4","size":982578},"med":{"url":"https://coub-anubis-a.akamaized.net/coub_storage/coub/simple/cw_file/06c0f02296a/6fd2e992aa5197c326517/muted_mp4_med_size_1592224872_muted_med.mp4","size":284352}},"audio":{"high":{"url":"https://coub-anubis-a.akamaized.net/coub_storage/coub/simple/cw_looped_audio_high/c3abde96ea1/8753eb4aa952c35f2bd6c/1605685436_high_1592224910_high.mp3","size":3348747},"med":{"url":"https://coub-anubis-a.akamaized.net/coub_storage/coub/simple/cw_looped_audio_med/0b1282b0df4/759d5c77bff566c566fa0/1605685436_med_1592224910_med.mp3","size":2378593}}},"mobile":{"video":"https://coub-anubis-a.akamaized.net/coub_storage/coub/simple/cw_file/06c0f02296a/6fd2e992aa5197c326517/muted_mp4_med_size_1592224872_muted_med.mp4","audio":["https://coub-anubis-a.akamaized.net/coub_storage/coub/simple/cw_looped_audio_med/0b1282b0df4/759d5c77bff566c566fa0/1605685436_med_1592224910_med.mp3"]},"share":{"default":"https://coub-anubis-a.akamaized.net/coub_storage/coub/simple/cw_video_for_sharing/c9b545db02b/e1fa3cda3fd68f9c51a5a/1609189760_looped_1609189760.mp4"}},"audio_versions":{"template":"https://coub-anubis-a.akamaized.net/coub_storage/audio_track/cw_normalized_copy/7f1d6ff2c41/15a8a1bd9ec2a83e1f344/mid_1592224900_normalized_1592224877_1sogvah_edited.mp3","versions":["mid","low"]},"image_versions":{"template":"https://coub-anubis-a.akamaized.net/coub_storage/coub/simple/cw_image/fd343bcf048/8f5282a5c33eadbcf3cc7/1592224924_00032.jpg","versions":["micro","tiny","age_restricted","ios_large","ios_mosaic","big","med","small","pinterest"]},"first_frame_versions":{"template":"https://coub-anubis-a.akamaized.net/coub_storage/coub/simple/cw_timeline_pic/c7b7da86514/ad0bbf2c27ba4787ac511/%{version}_1592224923_image.jpg","versions":["big","med","small","ios_large"]},"dimensions":{"big":[1280,720],"med":[640,360]},"site_w_h":[640,360],"page_w_h":[640,360],"site_w_h_small":[310,174],"size":[1280,720],"age_restricted":false,"age_restricted_by_admin":false,"not_safe_for_work":false,"allow_reuse":false,"dont_crop":false,"banned":false,"global_safe":true,"audio_file_url":"https://coub-anubis-a.akamaized.net/coub_storage/audio_track/cw_normalized_copy/7f1d6ff2c41/15a8a1bd9ec2a83e1f344/low_1592224900_normalized_1592224877_1sogvah_edited.mp3","external_download":false,"application":null,"channel":{"id":7640464,"permalink":"aligatorov","title":"Dj.Aligator","description":null,"followers_count":205,"following_count":42,"avatar_versions":{"template":"https://coub-anubis-a.akamaized.net/coub_storage/channel/cw_avatar/59d6c595e15/1911eb6d5920fb5d55e9a/%{version}_1607421901_mr9fiw_1590840185_8faa269f17e4ba0c3e26162be68ef0daadc9d88dv2_128.jpg","versions":["medium","medium_2x","profile_pic","profile_pic_new","profile_pic_new_2x","tiny","tiny_2x","small","small_2x","ios_large","ios_small"]}},"file":null,"picture":"https://coub-anubis-a.akamaized.net/coub_storage/coub/simple/cw_image/fd343bcf048/8f5282a5c33eadbcf3cc7/1592224924_00032.jpg","timeline_picture":"https://coub-anubis-a.akamaized.net/coub_storage/coub/simple/cw_timeline_pic/c7b7da86514/ad0bbf2c27ba4787ac511/ios_large_1592224923_image.jpg","small_picture":"https://coub-anubis-a.akamaized.net/coub_storage/coub/simple/cw_image/fd343bcf048/8f5282a5c33eadbcf3cc7/1592224924_00032.jpg","sharing_picture":null,"percent_done":100,"tags":[{"id":3287827,"title":"姫川 ハユル","value":"%E5%A7%AB%E5%B7%9D%20%E3%83%8F%E3%83%A6%E3%83%AB"},{"id":3287826,"title":"хаюру химэкава","value":"%D1%85%D0%B0%D1%8E%D1%80%D1%83%20%D1%85%D0%B8%D0%BC%D1%8D%D0%BA%D0%B0%D0%B2%D0%B0"},{"id":1924319,"title":"hayuru himekawa","value":"hayuru%20himekawa"},{"id":2173640,"title":"kawaii neko","value":"kawaii%20neko"},{"id":29487,"title":"kawaii","value":"kawaii"},{"id":5802,"title":"neko","value":"neko"},{"id":1937872,"title":"masou gakuen hybrid x heart","value":"masou%20gakuen%20hybrid%20x%20heart"},{"id":1364095,"title":"hybrid x heart magias academy ataraxia","value":"hybrid%20x%20heart%20magias%20academy%20ataraxia"},{"id":3287825,"title":"魔装学園","value":"%E9%AD%94%E8%A3%85%E5%AD%A6%E5%9C%92"},{"id":3287824,"title":"魔装学園h×h","value":"%E9%AD%94%E8%A3%85%E5%AD%A6%E5%9C%92h%C3%97h"},{"id":1854435,"title":"гибрид x сердце","value":"%D0%B3%D0%B8%D0%B1%D1%80%D0%B8%D0%B4%20x%20%D1%81%D0%B5%D1%80%D0%B4%D1%86%D0%B5"},{"id":1809498,"title":"магическая академия атараксия","value":"%D0%BC%D0%B0%D0%B3%D0%B8%D1%87%D0%B5%D1%81%D0%BA%D0%B0%D1%8F%20%D0%B0%D0%BA%D0%B0%D0%B4%D0%B5%D0%BC%D0%B8%D1%8F%20%D0%B0%D1%82%D0%B0%D1%80%D0%B0%D0%BA%D1%81%D0%B8%D1%8F"},{"id":1854434,"title":"магическая академия атараксия гибрид x сердце","value":"%D0%BC%D0%B0%D0%B3%D0%B8%D1%87%D0%B5%D1%81%D0%BA%D0%B0%D1%8F%20%D0%B0%D0%BA%D0%B0%D0%B4%D0%B5%D0%BC%D0%B8%D1%8F%20%D0%B0%D1%82%D0%B0%D1%80%D0%B0%D0%BA%D1%81%D0%B8%D1%8F%20%D0%B3%D0%B8%D0%B1%D1%80%D0%B8%D0%B4%20x%20%D1%81%D0%B5%D1%80%D0%B4%D1%86%D0%B5"},{"id":1666448,"title":"магическая академия атараксия: гибрид x сердце","value":"%D0%BC%D0%B0%D0%B3%D0%B8%D1%87%D0%B5%D1%81%D0%BA%D0%B0%D1%8F%20%D0%B0%D0%BA%D0%B0%D0%B4%D0%B5%D0%BC%D0%B8%D1%8F%20%D0%B0%D1%82%D0%B0%D1%80%D0%B0%D0%BA%D1%81%D0%B8%D1%8F:%20%D0%B3%D0%B8%D0%B1%D1%80%D0%B8%D0%B4%20x%20%D1%81%D0%B5%D1%80%D0%B4%D1%86%D0%B5"},{"id":1070028,"title":"hxh","value":"hxh"},{"id":1666444,"title":"masou gakuen","value":"masou%20gakuen"},{"id":1666441,"title":"masou gakuen hxh","value":"masou%20gakuen%20hxh"}],"categories":[{"id":36,"title":"Anime","permalink":"anime","subscriptions_count":10078018,"big_image_url":"https://coub-anubis-a.akamaized.net/coub_storage/category/cw_image/79d6e4a3e73/c0b7416c30391c998a2ac/big_1544750217_Anime2.png","small_image_url":"https://coub-anubis-a.akamaized.net/coub_storage/category/cw_image/79d6e4a3e73/c0b7416c30391c998a2ac/small_1544750217_Anime2.png","med_image_url":"https://coub-anubis-a.akamaized.net/coub_storage/category/cw_image/79d6e4a3e73/c0b7416c30391c998a2ac/med_1544750217_Anime2.png","visible":true}],"communities":[{"id":36,"title":"Anime","permalink":"anime","subscriptions_count":10078018,"big_image_url":"https://coub-anubis-a.akamaized.net/coub_storage/category/cw_image/79d6e4a3e73/c0b7416c30391c998a2ac/big_1544750217_Anime2.png","small_image_url":"https://coub-anubis-a.akamaized.net/coub_storage/category/cw_image/79d6e4a3e73/c0b7416c30391c998a2ac/small_1544750217_Anime2.png","med_image_url":"https://coub-anubis-a.akamaized.net/coub_storage/category/cw_image/79d6e4a3e73/c0b7416c30391c998a2ac/med_1544750217_Anime2.png","i_subscribed":true,"community_notifications_enabled":null,"description":null}],"recoubs_count":1141,"remixes_count":1,"likes_count":5581,"dislikes_count":0,"raw_video_id":"","uploaded_by_ios_app":false,"uploaded_by_android_app":false,"media_blocks":{"uploaded_raw_videos":[],"external_raw_videos":[],"remixed_from_coubs":[{"id":22163885,"title":"Kawaii Neko","url":"http://coub.com/coubs/x78au/remix","image":"https://coub-anubis-a.akamaized.net/coub_storage/media_block/cw_image/1448bbb5afc/b786bb21f55e1026af8cf/1504000223_1504000205_00032.jpg","image_retina":"https://coub-anubis-a.akamaized.net/coub_storage/media_block/cw_image/1448bbb5afc/b786bb21f55e1026af8cf/1504000223_1504000205_00032.jpg","meta":{"duration":"10.04"},"duration":null,"coub_channel_title":"Shendu","coub_channel_permalink":"-shendu-","coub_views_count":433966,"coub_permalink":"x78au"}]},"raw_video_thumbnail_url":"","raw_video_title":"","video_block_banned":false,"duration":10.04,"promo_winner":false,"promo_winner_recoubers":null,"editorial_info":{},"promo_hint":null,"beeline_best_2014":null,"from_web_editor":true,"normalize_sound":true,"normalize_change_allowed":true,"best2015_addable":false,"ahmad_promo":null,"promo_data":null,"audio_copyright_claim":null,"ads_disabled":false,"is_safe_for_ads":true,"megafon_contents":[],"position_on_page":10}]}