{"page":194,"per_page":10,"total_pages":500,"coubs":[{"flag":null,"abuses":null,"recoubs_by_users_channels":null,"favourite":false,"promoted_id":null,"recoub":null,"like":null,"dislike":null,"reaction":null,"in_my_best2015":false,"id":76166462,"type":"Coub::Simple","permalink":"18xntd","title":"  people","visibility_type":"public","original_visibility_type":"public","channel_id":3927808,"created_at":"2018-06-03T12:30:31Z","updated_at":"2022-03-17T18:26:48Z","is_done":true,"views_count":236206,"cotd":null,"cotd_at":null,"visible_on_explore_root":true,"visible_on_explore":true,"featured":true,"published":true,"published_at":"2018-06-03T13:02:48Z","reversed":false,"from_editor_v2":true,"is_editable":true,"original_sound":false,"has_sound":false,"recoub_to":null,"file_versions":{"html5":{"video":{"higher":{"url":"https://coub-anubis-a.akamaized.net/coub_storage/coub/simple/cw_file/e5e016c0475/3010b45fbd2a361b4fba0/muted_mp4_huge_size_1568242187_muted_huge.mp4","size":1446159},"high":{"url":"https://coub-anubis-a.akamaized.net/coub_storage/coub/simple/cw_file/e5e016c0475/3010b45fbd2a361b4fba0/muted_mp4_big_size_1568242187_muted_big.mp4","size":1142732},"med":{"url":"https://coub-anubis-a.akamaized.net/coub_storage/coub/simple/cw_file/e5e016c0475/3010b45fbd2a361b4fba0/muted_mp4_med_size_1568242187_muted_med.mp4","size":216390}},"audio":{"high":{"url":"https://coub-anubis-a.akamaized.net/coub_storage/coub/simple/cw_looped_audio_high/7acb5a38c23/93d5e558c47d8a08ad0ee/1605624008_high_1528030665_high.mp3","size":3424836},"med":{"url":"https://coub-anubis-a.akamaized.net/coub_storage/coub/simple/cw_looped_audio_med/9c99bfdde94/f34a79ef4dd0e36eee1df/1605624007_med_1528030665_med.mp3","size":2513780}}},"mobile":{"video":"https://coub-anubis-a.akamaized.net/coub_storage/coub/simple/cw_file/e5e016c0475/3010b45fbd2a361b4fba0/muted_mp4_med_size_1568242187_muted_med.mp4","audio":["https://coub-anubis-a.akamaized.net/coub_storage/coub/simple/cw_looped_audio_med/9c99bfdde94/f34a79ef4dd0e36eee1df/1605624007_med_1528030665_med.mp3"]},"share":{"default":"https://coub-anubis-a.akamaized.net/coub_storage/coub/simple/cw_video_for_sharing/c6a52db53a9/fbb09d89bd53acf1f5261/1609668948_looped_1609668947.mp4"}},"audio_versions":{"template":"https://coub-anubis-a.akamaized.net/coub_storage/audio_track/cw_normalized_copy/09599762471/aee281dc26293ef481896/mid_1528030652_8kmxpq_normalized_1528030636_15r03tc_edited.mp3","versions":["mid","low"]},"image_versions":{"template":"https://coub-anubis-a.akamaized.net/coub_storage/coub/simple/cw_image/ae225918f3c/2e023e64b0e48edfb1dde/1528030681_00032.jpg","versions":["micro","tiny","age_restricted","ios_large","ios_mosaic","big","med","small","pinterest"]},"first_frame_versions":{"template":"https://coub-anubis-a.akamaized.net/coub_storage/coub/simple/cw_timeline_pic/a6885867483/a25c822679af6a9d08a14/1528030680_image.jpg","versions":["big","med","small","ios_large"]},"dimensions":{"big":[1280,696],"med":[640,348]},"site_w_h":[640,348],"page_w_h":[640,348],"site_w_h_small":[310,169],"size":[1280,696],"age_restricted":false,"age_restricted_by_admin":false,"not_safe_for_work":false,"allow_reuse":false,"dont_crop":false,"banned":false,"global_safe":true,"audio_file_url":"https://coub-anubis-a.akamaized.net/coub_storage/audio_track/cw_normalized_copy/09599762471/aee281dc26293ef481896/low_1528030652_8kmxpq_normalized_1528030636_15r03tc_edited.mp3","external_download":false,"application":null,"channel":{"id":3927808,"permalink":"belko1x1","title":"Belko1x1","description":null,"followers_count":1319,"following_count":93,"avatar_versions":{"template":"https://coub-anubis-a.akamaized.net/coub_storage/channel/cw_avatar/456321ecfb7/237346780cee9d1183a41/%{version}_1607583536_1aqt45d_1547919690_123456.png","versions":["medium","medium_2x","profile_pic","profile_pic_new","profile_pic_new_2x","tiny","tiny_2x","small","small_2x","ios_large","ios_small"]}},"file":null,"picture":"https://coub-anubis-a.akamaized.net/coub_storage/coub/simple/cw_image/ae225918f3c/2e023e64b0e48edfb1dde/1528030681_00032.jpg","timeline_picture":"https://coub-anubis-a.akamaized.net/coub_storage/coub/simple/cw_timeline_pic/a6885867483/a25c822679af6a9d08a14/1528030680_image.jpg","small_picture":"https://coub-anubis-a.akamaized.net/coub_storage/coub/simple/cw_image/ae225918f3c/2e023e64b0e48edfb1dde/1528030681_00032.jpg","sharing_picture":null,"percent_done":100,"tags":[{"id":2554182,"title":"красная черепаха","value":"%D0%BA%D1%80%D0%B0%D1%81%D0%BD%D0%B0%D1%8F%20%D1%87%D0%B5%D1%80%D0%B5%D0%BF%D0%B0%D1%85%D0%B0"},{"id":1814401,"title":"la tortue rouge","value":"la%20tortue%20rouge"},{"id":1614695,"title":"the red turtle","value":"the%20red%20turtle"},{"id":3735,"title":"studio ghibli","value":"studio%20ghibli"},{"id":39840,"title":"music coub","value":"music%20coub"},{"id":367144,"title":"anime coub","value":"anime%20coub"},{"id":86,"title":"music","value":"music"},{"id":165,"title":"anime","value":"anime"},{"id":4019425,"title":"jean-pierre taïeb - running after my fate feat. kafkaz","value":"jean-pierre%20ta%C3%AFeb%20-%20running%20after%20my%20fate%20feat.%20kafkaz"}],"categories":[{"id":36,"title":"Anime","permalink":"anime","subscriptions_count":10078018,"big_image_url":"https://coub-anubis-a.akamaized.net/coub_storage/category/cw_image/79d6e4a3e73/c0b7416c30391c998a2ac/big_1544750217_Anime2.png","small_image_url":"https://coub-anubis-a.akamaized.net/coub_storage/category/cw_image/79d6e4a3e73/c0b7416c30391c998a2ac/small_1544750217_Anime2.png","med_image_url":"https://coub-anubis-a.akamaized.net/coub_storage/category/cw_image/79d6e4a3e73/c0b7416c30391c998a2ac/med_1544750217_Anime2.png","visible":true}],"communities":[{"id":36,"title":"Anime","permalink":"anime","subscriptions_count":10078018,"big_image_url":"https://coub-anubis-a.akamaized.net/coub_storage/category/cw_image/79d6e4a3e73/c0b7416c30391c998a2ac/big_1544750217_Anime2.png","small_image_url":"https://coub-anubis-a.akamaized.net/coub_storage/category/cw_image/79d6e4a3e73/c0b7416c30391c998a2ac/small_1544750217_Anime2.png","med_image_url":"https://coub-anubis-a.akamaized.net/coub_storage/category/cw_image/79d6e4a3e73/c0b7416c30391c998a2ac/med_1544750217_Anime2.png","i_subscribed":true,"community_notifications_enabled":null,"description":null}],"recoubs_count":997,"remixes_count":4,"likes_count":4177,"dislikes_count":0,"raw_video_id":11819452,"uploaded_by_ios_app":false,"uploaded_by_android_app":false,"media_blocks":{"uploaded_raw_videos":[],"external_raw_videos":[],"remixed_from_coubs":[]},"raw_video_thumbnail_url":"/missing/missing.png","raw_video_title":"_______3.MP4","video_block_banned":false,"duration":9.96,"promo_winner":false,"promo_winner_recoubers":null,"editorial_info":{},"promo_hint":null,"beeline_best_2014":null,"from_web_editor":true,"normalize_sound":true,"normalize_change_allowed":true,"best2015_addable":false,"ahmad_promo":null,"promo_data":null,"audio_copyright_claim":null,"ads_disabled":false,"is_safe_for_ads":true,"megafon_contents":[],"position_on_page":1},{"flag":null,"abuses":null,"recoubs_by_users_channels":null,"favourite":false,"promoted_id":null,"recoub":null,"like":null,"dislike":null,"reaction":null,"in_my_best2015":false,"id":118994704,"type":"Coub::Simple","permalink":"1yfu9o","title":"✦ the reaper ✦","visibility_type":"public","original_visibility_type":"public","channel_id":3475465,"created_at":"2019-07-25T11:56:26Z","updated_at":"2022-03-18T08:17:08Z","is_done":true,"views_count":241765,"cotd":null,"cotd_at":null,"visible_on_explore_root":false,"visible_on_explore":false,"featured":false,"published":true,"published_at":"2019-07-25T12:02:49Z","reversed":false,"from_editor_v2":true,"is_editable":true,"original_sound":false,"has_sound":false,"recoub_to":null,"file_versions":{"html5":{"video":{"higher":{"url":"https://coub-anubis-a.akamaized.net/coub_storage/coub/simple/cw_file/28b2cd2f3aa/e18aabc6afd8d6d118f14/muted_mp4_huge_size_1569042825_muted_huge.mp4","size":3319943},"high":{"url":"https://coub-anubis-a.akamaized.net/coub_storage/coub/simple/cw_file/28b2cd2f3aa/e18aabc6afd8d6d118f14/muted_mp4_big_size_1569042825_muted_big.mp4","size":2491902},"med":{"url":"https://coub-anubis-a.akamaized.net/coub_storage/coub/simple/cw_file/28b2cd2f3aa/e18aabc6afd8d6d118f14/muted_mp4_med_size_1569042825_muted_med.mp4","size":794561}},"audio":{"high":{"url":"https://coub-anubis-a.akamaized.net/coub_storage/coub/simple/cw_looped_audio_high/827a5643bcc/3f6120438680ab02ada44/1605647594_high_1564056003_high.mp3","size":12730155},"med":{"url":"https://coub-anubis-a.akamaized.net/coub_storage/coub/simple/cw_looped_audio_med/6abccc4f62a/114bf983b768cdc83150d/1605647591_med_1564056003_med.mp3","size":8620328}}},"mobile":{"video":"https://coub-anubis-a.akamaized.net/coub_storage/coub/simple/cw_file/28b2cd2f3aa/e18aabc6afd8d6d118f14/muted_mp4_med_size_1569042825_muted_med.mp4","audio":["https://coub-anubis-a.akamaized.net/coub_storage/coub/simple/cw_looped_audio_med/6abccc4f62a/114bf983b768cdc83150d/1605647591_med_1564056003_med.mp3"]},"share":{"default":"https://coub-anubis-a.akamaized.net/coub_storage/coub/simple/cw_video_for_sharing/ba67d35a4ef/66c8b254b4bb54d82958e/1608755292_looped_1608755291.mp4"}},"audio_versions":{"template":"https://coub-anubis-a.akamaized.net/coub_storage/audio_track/cw_file/5caadf47c53/0b0bc39188a27ee1939d3/mid_1564055811_6l94ob_edited.mp3","versions":["mid","low"]},"image_versions":{"template":"https://coub-anubis-a.akamaized.net/coub_storage/coub/simple/cw_image/acec2c53162/8652f82a38dfc2d1cca09/1564056040_00032.jpg","versions":["micro","tiny","age_restricted","ios_large","ios_mosaic","big","med","small","pinterest"]},"first_frame_versions":{"template":"https://coub-anubis-a.akamaized.net/coub_storage/coub/simple/cw_timeline_pic/93142d55346/75a16ca7c90613bf75ef7/%{version}_1564056039_image.jpg","versions":["big","med","small","ios_large"]},"dimensions":{"big":[1280,720],"med":[640,360]},"site_w_h":[640,360],"page_w_h":[640,360],"site_w_h_small":[310,174],"size":[1280,720],"age_restricted":false,"age_restricted_by_admin":false,"not_safe_for_work":false,"allow_reuse":false,"dont_crop":false,"banned":false,"global_safe":true,"audio_file_url":"https://coub-anubis-a.akamaized.net/coub_storage/audio_track/cw_file/5caadf47c53/0b0bc39188a27ee1939d3/low_1564055811_6l94ob_edited.mp3","external_download":false,"application":null,"channel":{"id":3475465,"permalink":"lotarien","title":"lotarien","description":"socprofile.com/twenty_five_unit/","followers_count":2689,"following_count":373,"avatar_versions":{"template":"https://coub-anubis-a.akamaized.net/coub_storage/channel/cw_avatar/a5a01c6a235/0c3fc80d9fb830829e2eb/%{version}_1607421940_1pkmrjt_1596619002_1.png","versions":["medium","medium_2x","profile_pic","profile_pic_new","profile_pic_new_2x","tiny","tiny_2x","small","small_2x","ios_large","ios_small"]}},"file":null,"picture":"https://coub-anubis-a.akamaized.net/coub_storage/coub/simple/cw_image/acec2c53162/8652f82a38dfc2d1cca09/1564056040_00032.jpg","timeline_picture":"https://coub-anubis-a.akamaized.net/coub_storage/coub/simple/cw_timeline_pic/93142d55346/75a16ca7c90613bf75ef7/ios_large_1564056039_image.jpg","small_picture":"https://coub-anubis-a.akamaized.net/coub_storage/coub/simple/cw_image/acec2c53162/8652f82a38dfc2d1cca09/1564056040_00032.jpg","sharing_picture":null,"percent_done":100,"tags":[{"id":2843542,"title":"✦","value":"%E2%9C%A6"},{"id":5100487,"title":"for shaitan","value":"for%20shaitan"}],"categories":[{"id":36,"title":"Anime","permalink":"anime","subscriptions_count":10078018,"big_image_url":"https://coub-anubis-a.akamaized.net/coub_storage/category/cw_image/79d6e4a3e73/c0b7416c30391c998a2ac/big_1544750217_Anime2.png","small_image_url":"https://coub-anubis-a.akamaized.net/coub_storage/category/cw_image/79d6e4a3e73/c0b7416c30391c998a2ac/small_1544750217_Anime2.png","med_image_url":"https://coub-anubis-a.akamaized.net/coub_storage/category/cw_image/79d6e4a3e73/c0b7416c30391c998a2ac/med_1544750217_Anime2.png","visible":true}],"communities":[{"id":36,"title":"Anime","permalink":"anime","subscriptions_count":10078018,"big_image_url":"https://coub-anubis-a.akamaized.net/coub_storage/category/cw_image/79d6e4a3e73/c0b7416c30391c998a2ac/big_1544750217_Anime2.png","small_image_url":"https://coub-anubis-a.akamaized.net/coub_storage/category/cw_image/79d6e4a3e73/c0b7416c30391c998a2ac/small_1544750217_Anime2.png","med_image_url":"https://coub-anubis-a.akamaized.net/coub_storage/category/cw_image/79d6e4a3e73/c0b7416c30391c998a2ac/med_1544750217_Anime2.png","i_subscribed":true,"community_notifications_enabled":null,"description":null}],"recoubs_count":1116,"remixes_count":17,"likes_count":4176,"dislikes_count":0,"raw_video_id":14019751,"uploaded_by_ios_app":false,"uploaded_by_android_app":false,"media_blocks":{"uploaded_raw_videos":[],"external_raw_videos":[],"remixed_from_coubs":[]},"raw_video_thumbnail_url":"/missing/missing.png","raw_video_title":"2.mp4","video_block_banned":false,"duration":10.0,"promo_winner":false,"promo_winner_recoubers":null,"editorial_info":{},"promo_hint":null,"beeline_best_2014":null,"from_web_editor":true,"normalize_sound":false,"normalize_change_allowed":true,"best2015_addable":false,"ahmad_promo":null,"promo_data":null,"audio_copyright_claim":null,"ads_disabled":false,"is_safe_for_ads":true,"megafon_contents":[],"position_on_page":2},{"flag":null,"abuses":null,"recoubs_by_users_channels":null,"favourite":false,"promoted_id":null,"recoub":null,"like":null,"dislike":null,"reaction":null,"in_my_best2015":false,"id":62484280,"type":"Coub::Simple","permalink":"10r475","title":"٩(•̮̮̃•̃)۶Hey Baby ","visibility_type":"public","original_visibility_type":"public","channel_id":3667420,"created_at":"2017-12-17T09:09:42Z","updated_at":"2022-03-18T05:04:11Z","is_done":true,"views_count":312677,"cotd":null,"cotd_at":null,"visible_on_explore_root":false,"visible_on_explore":false,"featured":false,"published":true,"published_at":"2017-12-18T15:08:09Z","reversed":false,"from_editor_v2":true,"is_editable":true,"original_sound":false,"has_sound":false,"recoub_to":null,"file_versions":{"html5":{"video":{"higher":{"url":"https://coub-anubis-a.akamaized.net/coub_storage/coub/simple/cw_file/62b6c3ae900/f2c5d680db3eec5332cf7/muted_mp4_huge_size_1568173985_muted_huge.mp4","size":871267},"high":{"url":"https://coub-anubis-a.akamaized.net/coub_storage/coub/simple/cw_file/62b6c3ae900/f2c5d680db3eec5332cf7/muted_mp4_big_size_1568173985_muted_big.mp4","size":747457},"med":{"url":"https://coub-anubis-a.akamaized.net/coub_storage/coub/simple/cw_file/62b6c3ae900/f2c5d680db3eec5332cf7/muted_mp4_med_size_1568173985_muted_med.mp4","size":222539}},"audio":{"high":{"url":"https://coub-anubis-a.akamaized.net/coub_storage/coub/simple/cw_looped_audio_high/a20e594cdd1/03aedfa67f78abe9c2ea0/1605621539_high_1513609095_high.mp3","size":1282389},"med":{"url":"https://coub-anubis-a.akamaized.net/coub_storage/coub/simple/cw_looped_audio_med/f560ad25497/4904d92ca68a4a3725347/1605621539_med_1513609095_med.mp3","size":925323}}},"mobile":{"video":"https://coub-anubis-a.akamaized.net/coub_storage/coub/simple/cw_file/62b6c3ae900/f2c5d680db3eec5332cf7/muted_mp4_med_size_1568173985_muted_med.mp4","audio":["https://coub-anubis-a.akamaized.net/coub_storage/coub/simple/cw_looped_audio_med/f560ad25497/4904d92ca68a4a3725347/1605621539_med_1513609095_med.mp3"]},"share":{"default":"https://coub-anubis-a.akamaized.net/coub_storage/coub/simple/cw_video_for_sharing/fb55a9a7f0e/215ae14ca3dda9d213495/1609898721_looped_1609898721.mp4"}},"audio_versions":{"template":"https://coub-anubis-a.akamaized.net/coub_storage/audio_track/cw_normalized_copy/ea3e0ba5440/9d07ba52cc182aa51653b/mid_1513609093_1i4uf4g_normalized_1513609091_jpmwqv_edited.mp3","versions":["mid","low"]},"image_versions":{"template":"https://coub-anubis-a.akamaized.net/coub_storage/coub/simple/cw_image/73c21130dd5/e54d3a212890fe53aada4/1513609100_00016.jpg","versions":["micro","tiny","age_restricted","ios_large","ios_mosaic","big","med","small","pinterest"]},"first_frame_versions":{"template":"https://coub-anubis-a.akamaized.net/coub_storage/coub/simple/cw_timeline_pic/ae995b90a93/3197e2525e353f1b533a7/%{version}_1513609100_image.jpg","versions":["big","med","small","ios_large"]},"dimensions":{"big":[1280,722],"med":[640,360]},"site_w_h":[640,361],"page_w_h":[640,361],"site_w_h_small":[310,175],"size":[1280,722],"age_restricted":false,"age_restricted_by_admin":false,"not_safe_for_work":false,"allow_reuse":false,"dont_crop":false,"banned":false,"global_safe":true,"audio_file_url":"https://coub-anubis-a.akamaized.net/coub_storage/audio_track/cw_normalized_copy/ea3e0ba5440/9d07ba52cc182aa51653b/low_1513609093_1i4uf4g_normalized_1513609091_jpmwqv_edited.mp3","external_download":false,"application":null,"channel":{"id":3667420,"permalink":"mirnyy-gertsog","title":" Mirnyy Gertsog","description":"Всем спасибо, это были прекрасные 5 лет","followers_count":1365,"following_count":51,"avatar_versions":{"template":"https://coub-anubis-a.akamaized.net/coub_storage/channel/cw_avatar/a22036d0d8b/20b11c217b285cbe1c0dd/%{version}_1607426562_bujk1l_1538138744_1538135744651.png","versions":["medium","medium_2x","profile_pic","profile_pic_new","profile_pic_new_2x","tiny","tiny_2x","small","small_2x","ios_large","ios_small"]}},"file":null,"picture":"https://coub-anubis-a.akamaized.net/coub_storage/coub/simple/cw_image/73c21130dd5/e54d3a212890fe53aada4/1513609100_00016.jpg","timeline_picture":"https://coub-anubis-a.akamaized.net/coub_storage/coub/simple/cw_timeline_pic/ae995b90a93/3197e2525e353f1b533a7/ios_large_1513609100_image.jpg","small_picture":"https://coub-anubis-a.akamaized.net/coub_storage/coub/simple/cw_image/73c21130dd5/e54d3a212890fe53aada4/1513609100_00016.jpg","sharing_picture":null,"percent_done":100,"tags":[{"id":1160,"title":"музыка","value":"%D0%BC%D1%83%D0%B7%D1%8B%D0%BA%D0%B0"},{"id":164,"title":"аниме","value":"%D0%B0%D0%BD%D0%B8%D0%BC%D0%B5"},{"id":951,"title":"top","value":"top"},{"id":367,"title":"hot","value":"hot"},{"id":50,"title":"coub","value":"coub"},{"id":174,"title":"funny","value":"funny"},{"id":169,"title":"fun","value":"fun"},{"id":955,"title":"like","value":"like"},{"id":86,"title":"music","value":"music"},{"id":165,"title":"anime","value":"anime"}],"categories":[{"id":36,"title":"Anime","permalink":"anime","subscriptions_count":10078018,"big_image_url":"https://coub-anubis-a.akamaized.net/coub_storage/category/cw_image/79d6e4a3e73/c0b7416c30391c998a2ac/big_1544750217_Anime2.png","small_image_url":"https://coub-anubis-a.akamaized.net/coub_storage/category/cw_image/79d6e4a3e73/c0b7416c30391c998a2ac/small_1544750217_Anime2.png","med_image_url":"https://coub-anubis-a.akamaized.net/coub_storage/category/cw_image/79d6e4a3e73/c0b7416c30391c998a2ac/med_1544750217_Anime2.png","visible":true}],"communities":[{"id":36,"title":"Anime","permalink":"anime","subscriptions_count":10078018,"big_image_url":"https://coub-anubis-a.akamaized.net/coub_storage/category/cw_image/79d6e4a3e73/c0b7416c30391c998a2ac/big_1544750217_Anime2.png","small_image_url":"https://coub-anubis-a.akamaized.net/coub_storage/category/cw_image/79d6e4a3e73/c0b7416c30391c998a2ac/small_1544750217_Anime2.png","med_image_url":"https://coub-anubis-a.akamaized.net/coub_storage/category/cw_image/79d6e4a3e73/c0b7416c30391c998a2ac/med_1544750217_Anime2.png","i_subscribed":true,"community_notifications_enabled":null,"description":null}],"recoubs_count":1016,"remixes_count":17,"likes_count":4176,"dislikes_count":0,"raw_video_id":"","uploaded_by_ios_app":false,"uploaded_by_android_app":false,"media_blocks":{"uploaded_raw_videos":[],"external_raw_videos":[],"remixed_from_coubs":[{"id":23749472,"title":"Hey Mama","url":"http://coub.com/coubs/10q8me/remix","image":"https://coub-anubis-a.akamaized.net/coub_storage/media_block/cw_image/399886203a4/fb1d7e53eb3b7086ed050/1513440169_1513440159_00016.jpg","image_retina":"https://coub-anubis-a.akamaized.net/coub_storage/media_block/cw_image/399886203a4/fb1d7e53eb3b7086ed050/1513440169_1513440159_00016.jpg","meta":{"duration":"4.84"},"duration":null,"coub_channel_title":" Ekaterina Pryanikova🖤🎶💎","coub_channel_permalink":"pryanikgold","coub_views_count":80698,"coub_permalink":"10q8me"}]},"raw_video_thumbnail_url":"","raw_video_title":"","video_block_banned":false,"duration":4.84,"promo_winner":false,"promo_winner_recoubers":null,"editorial_info":{},"promo_hint":null,"beeline_best_2014":null,"from_web_editor":true,"normalize_sound":true,"normalize_change_allowed":true,"best2015_addable":false,"ahmad_promo":null,"promo_data":null,"audio_copyright_claim":null,"ads_disabled":false,"is_safe_for_ads":true,"megafon_contents":[],"position_on_page":3},{"flag":null,"abuses":null,"recoubs_by_users_channels":null,"favourite":false,"promoted_id":null,"recoub":null,"like":null,"dislike":null,"reaction":null,"in_my_best2015":false,"id":127731613,"type":"Coub::Simple","permalink":"23nyn0","title":"Cradles","visibility_type":"public","original_visibility_type":"public","channel_id":5233489,"created_at":"2019-10-29T22:24:58Z","updated_at":"2022-03-18T03:54:52Z","is_done":true,"views_count":327350,"cotd":null,"cotd_at":null,"visible_on_explore_root":false,"visible_on_explore":false,"featured":false,"published":true,"published_at":"2019-10-29T22:24:58Z","reversed":false,"from_editor_v2":true,"is_editable":true,"original_sound":false,"has_sound":false,"recoub_to":null,"file_versions":{"html5":{"video":{"higher":{"url":"https://coub-anubis-a.akamaized.net/coub_storage/coub/simple/cw_file/a1fd5351d9f/a68923a772ea6f9e7a13d/muted_mp4_huge_size_1572387912_muted_huge.mp4","size":2744809},"high":{"url":"https://coub-anubis-a.akamaized.net/coub_storage/coub/simple/cw_file/a1fd5351d9f/a68923a772ea6f9e7a13d/muted_mp4_big_size_1572387912_muted_big.mp4","size":2024990},"med":{"url":"https://coub-anubis-a.akamaized.net/coub_storage/coub/simple/cw_file/a1fd5351d9f/a68923a772ea6f9e7a13d/muted_mp4_med_size_1572387912_muted_med.mp4","size":712814}},"audio":{"high":{"url":"https://coub-anubis-a.akamaized.net/coub_storage/coub/simple/cw_looped_audio_high/2fe3f3f8163/94b1541741649b86fba2a/1605695390_high_1572387920_high.mp3","size":734824},"med":{"url":"https://coub-anubis-a.akamaized.net/coub_storage/coub/simple/cw_looped_audio_med/255a4ed5bf5/8b5bf5573ac38fa1ef4bd/1605695390_med_1572387920_med.mp3","size":576817}}},"mobile":{"video":"https://coub-anubis-a.akamaized.net/coub_storage/coub/simple/cw_file/a1fd5351d9f/a68923a772ea6f9e7a13d/muted_mp4_med_size_1572387912_muted_med.mp4","audio":["https://coub-anubis-a.akamaized.net/coub_storage/coub/simple/cw_looped_audio_med/255a4ed5bf5/8b5bf5573ac38fa1ef4bd/1605695390_med_1572387920_med.mp3"]},"share":{"default":"https://coub-anubis-a.akamaized.net/coub_storage/coub/simple/cw_video_for_sharing/a5e1515bda4/88f25b19d56cbee4e0058/1608756504_looped_1608756503.mp4"}},"audio_versions":{"template":"https://coub-anubis-a.akamaized.net/coub_storage/audio_track/cw_file/8df13b23acd/863c0abd337b107c99763/mid_1572387913_hdsvan_edited.mp3","versions":["mid","low"]},"image_versions":{"template":"https://coub-anubis-a.akamaized.net/coub_storage/coub/simple/cw_image/d2c0c284b35/4a02eacc7c72a25bc102b/1572387927_00019.jpg","versions":["micro","tiny","age_restricted","ios_large","ios_mosaic","big","med","small","pinterest"]},"first_frame_versions":{"template":"https://coub-anubis-a.akamaized.net/coub_storage/coub/simple/cw_timeline_pic/4249b2e7907/21c8d2ae74016c3fc5be0/%{version}_1572387926_image.jpg","versions":["big","med","small","ios_large"]},"dimensions":{"big":[1280,720],"med":[640,360]},"site_w_h":[640,360],"page_w_h":[640,360],"site_w_h_small":[310,174],"size":[1280,720],"age_restricted":false,"age_restricted_by_admin":false,"not_safe_for_work":false,"allow_reuse":false,"dont_crop":false,"banned":false,"global_safe":true,"audio_file_url":"https://coub-anubis-a.akamaized.net/coub_storage/audio_track/cw_file/8df13b23acd/863c0abd337b107c99763/low_1572387913_hdsvan_edited.mp3","external_download":false,"application":null,"channel":{"id":5233489,"permalink":"meruem-mode","title":"Meruem","description":"I am the shadow ✧ gross","followers_count":1472,"following_count":174,"avatar_versions":{"template":"https://coub-anubis-a.akamaized.net/coub_storage/channel/cw_avatar/9eb141b44dd/e6781b7ab8bf925d7e6e6/%{version}_1614942031_____________.png","versions":["medium","medium_2x","profile_pic","profile_pic_new","profile_pic_new_2x","tiny","tiny_2x","small","small_2x","ios_large","ios_small"]}},"file":null,"picture":"https://coub-anubis-a.akamaized.net/coub_storage/coub/simple/cw_image/d2c0c284b35/4a02eacc7c72a25bc102b/1572387927_00019.jpg","timeline_picture":"https://coub-anubis-a.akamaized.net/coub_storage/coub/simple/cw_timeline_pic/4249b2e7907/21c8d2ae74016c3fc5be0/ios_large_1572387926_image.jpg","small_picture":"https://coub-anubis-a.akamaized.net/coub_storage/coub/simple/cw_image/d2c0c284b35/4a02eacc7c72a25bc102b/1572387927_00019.jpg","sharing_picture":null,"percent_done":100,"tags":[{"id":165,"title":"anime","value":"anime"},{"id":1192802,"title":"meruem","value":"meruem"},{"id":5244218,"title":"b100r","value":"b100r"},{"id":15665,"title":"fate","value":"fate"},{"id":4585925,"title":"cradles","value":"cradles"},{"id":4034131,"title":"besomorph","value":"besomorph"}],"categories":[{"id":36,"title":"Anime","permalink":"anime","subscriptions_count":10078018,"big_image_url":"https://coub-anubis-a.akamaized.net/coub_storage/category/cw_image/79d6e4a3e73/c0b7416c30391c998a2ac/big_1544750217_Anime2.png","small_image_url":"https://coub-anubis-a.akamaized.net/coub_storage/category/cw_image/79d6e4a3e73/c0b7416c30391c998a2ac/small_1544750217_Anime2.png","med_image_url":"https://coub-anubis-a.akamaized.net/coub_storage/category/cw_image/79d6e4a3e73/c0b7416c30391c998a2ac/med_1544750217_Anime2.png","visible":true}],"communities":[{"id":36,"title":"Anime","permalink":"anime","subscriptions_count":10078018,"big_image_url":"https://coub-anubis-a.akamaized.net/coub_storage/category/cw_image/79d6e4a3e73/c0b7416c30391c998a2ac/big_1544750217_Anime2.png","small_image_url":"https://coub-anubis-a.akamaized.net/coub_storage/category/cw_image/79d6e4a3e73/c0b7416c30391c998a2ac/small_1544750217_Anime2.png","med_image_url":"https://coub-anubis-a.akamaized.net/coub_storage/category/cw_image/79d6e4a3e73/c0b7416c30391c998a2ac/med_1544750217_Anime2.png","i_subscribed":true,"community_notifications_enabled":null,"description":null}],"recoubs_count":1093,"remixes_count":10,"likes_count":4174,"dislikes_count":0,"raw_video_id":14403887,"uploaded_by_ios_app":false,"uploaded_by_android_app":true,"media_blocks":{"uploaded_raw_videos":[],"external_raw_videos":[],"remixed_from_coubs":[]},"raw_video_thumbnail_url":"/missing/missing.png","raw_video_title":null,"video_block_banned":false,"duration":6.04,"promo_winner":false,"promo_winner_recoubers":null,"editorial_info":{},"promo_hint":null,"beeline_best_2014":null,"from_web_editor":false,"normalize_sound":true,"normalize_change_allowed":true,"best2015_addable":false,"ahmad_promo":null,"promo_data":null,"audio_copyright_claim":null,"ads_disabled":false,"is_safe_for_ads":true,"megafon_contents":[],"position_on_page":4},{"flag":null,"abuses":null,"recoubs_by_users_channels":null,"favourite":false,"promoted_id":null,"recoub":null,"like":null,"dislike":null,"reaction":null,"in_my_best2015":false,"id":87771748,"type":"Coub::Simple","permalink":"1fumap","title":"SMACK THAT by Japanese EDIT ","visibility_type":"public","original_visibility_type":"public","channel_id":2970754,"created_at":"2018-10-10T17:52:29Z","updated_at":"2022-03-18T01:03:34Z","is_done":true,"views_count":257361,"cotd":null,"cotd_at":null,"visible_on_explore_root":false,"visible_on_explore":false,"featured":false,"published":true,"published_at":"2018-10-10T17:52:29Z","reversed":false,"from_editor_v2":true,"is_editable":true,"original_sound":false,"has_sound":false,"recoub_to":null,"file_versions":{"html5":{"video":{"higher":{"url":"https://coub-anubis-a.akamaized.net/coub_storage/coub/simple/cw_file/f521374356f/29aa5b6ba29a6b4d3a2a7/muted_mp4_huge_size_1569028010_muted_huge.mp4","size":4487146},"high":{"url":"https://coub-anubis-a.akamaized.net/coub_storage/coub/simple/cw_file/f521374356f/29aa5b6ba29a6b4d3a2a7/muted_mp4_big_size_1569028010_muted_big.mp4","size":3404764},"med":{"url":"https://coub-anubis-a.akamaized.net/coub_storage/coub/simple/cw_file/f521374356f/29aa5b6ba29a6b4d3a2a7/muted_mp4_med_size_1569028010_muted_med.mp4","size":1045581}},"audio":{"high":{"url":"https://coub-anubis-a.akamaized.net/coub_storage/coub/simple/cw_looped_audio_high/fcf001dd0e8/1f5f805fba1ed338c096c/1605605145_high_1539194014_high.mp3","size":4325868},"med":{"url":"https://coub-anubis-a.akamaized.net/coub_storage/coub/simple/cw_looped_audio_med/de08420ef0c/d86619d3a1b96b634d735/1605605138_med_1539194014_med.mp3","size":3155856}}},"mobile":{"video":"https://coub-anubis-a.akamaized.net/coub_storage/coub/simple/cw_file/f521374356f/29aa5b6ba29a6b4d3a2a7/muted_mp4_med_size_1569028010_muted_med.mp4","audio":["https://coub-anubis-a.akamaized.net/coub_storage/coub/simple/cw_looped_audio_med/de08420ef0c/d86619d3a1b96b634d735/1605605138_med_1539194014_med.mp3"]},"share":{"default":"https://coub-anubis-a.akamaized.net/coub_storage/coub/simple/cw_video_for_sharing/b728d72b9ec/a16d12239bfb744b52343/1608545618_looped_1608545616.mp4"}},"audio_versions":{"template":"https://coub-anubis-a.akamaized.net/coub_storage/audio_track/cw_normalized_copy/15230899f95/22f74aa714ae6c392a462/mid_1539193997_normalized_1539193970_gdyyjo_edited.mp3","versions":["mid","low"]},"image_versions":{"template":"https://coub-anubis-a.akamaized.net/coub_storage/coub/simple/cw_image/18a9d97ef31/b2e989a21514de70a5b6c/1539194033_00032.jpg","versions":["micro","tiny","age_restricted","ios_large","ios_mosaic","big","med","small","pinterest"]},"first_frame_versions":{"template":"https://coub-anubis-a.akamaized.net/coub_storage/coub/simple/cw_timeline_pic/00be04b846e/e64eb02e04f89801166c6/%{version}_1539194032_image.jpg","versions":["big","med","small","ios_large"]},"dimensions":{"big":[1280,716],"med":[640,358]},"site_w_h":[640,358],"page_w_h":[640,358],"site_w_h_small":[310,173],"size":[1280,716],"age_restricted":false,"age_restricted_by_admin":false,"not_safe_for_work":false,"allow_reuse":false,"dont_crop":false,"banned":false,"global_safe":true,"audio_file_url":"https://coub-anubis-a.akamaized.net/coub_storage/audio_track/cw_normalized_copy/15230899f95/22f74aa714ae6c392a462/low_1539193997_normalized_1539193970_gdyyjo_edited.mp3","external_download":false,"application":null,"channel":{"id":2970754,"permalink":"deepjapan","title":"JAPANESE.ஐV▲","description":"𝙈̵𝙐̵𝙎̵𝙄̵𝘾̵ ̵𝘾̵𝙃̵𝘼̵𝙉̵𝙉̵𝙀̵𝙇̵ ----- МУЗЫКА И ВИДЕО В ГРУППЕ\r\nMUSIC AND ANIME IN GROUP - vk.com/deepjapan","followers_count":6902,"following_count":3002,"avatar_versions":{"template":"https://coub-anubis-a.akamaized.net/coub_storage/channel/cw_avatar/361e061ffd0/0dd4af04b5eb8f8972597/%{version}_1607419545_17vhqzs_1551456593_85a4570de360d74075a7472a14e00d79.png","versions":["medium","medium_2x","profile_pic","profile_pic_new","profile_pic_new_2x","tiny","tiny_2x","small","small_2x","ios_large","ios_small"]}},"file":null,"picture":"https://coub-anubis-a.akamaized.net/coub_storage/coub/simple/cw_image/18a9d97ef31/b2e989a21514de70a5b6c/1539194033_00032.jpg","timeline_picture":"https://coub-anubis-a.akamaized.net/coub_storage/coub/simple/cw_timeline_pic/00be04b846e/e64eb02e04f89801166c6/ios_large_1539194032_image.jpg","small_picture":"https://coub-anubis-a.akamaized.net/coub_storage/coub/simple/cw_image/18a9d97ef31/b2e989a21514de70a5b6c/1539194033_00032.jpg","sharing_picture":null,"percent_done":100,"tags":[{"id":165,"title":"anime","value":"anime"},{"id":4350416,"title":"anime and song https://vk.com/wall-158140561_1579","value":"anime%20and%20song%20https://vk.com/wall-158140561_1579"},{"id":367144,"title":"anime coub","value":"anime%20coub"},{"id":39840,"title":"music coub","value":"music%20coub"},{"id":3137662,"title":"deepjapan","value":"deepjapan"},{"id":838,"title":"japanese","value":"japanese"},{"id":3597226,"title":"mrdz","value":"mrdz"},{"id":391831,"title":"anime video","value":"anime%20video"},{"id":367,"title":"hot","value":"hot"},{"id":164,"title":"аниме","value":"%D0%B0%D0%BD%D0%B8%D0%BC%D0%B5"},{"id":367145,"title":"аниме коуб","value":"%D0%B0%D0%BD%D0%B8%D0%BC%D0%B5%20%D0%BA%D0%BE%D1%83%D0%B1"},{"id":1160,"title":"музыка","value":"%D0%BC%D1%83%D0%B7%D1%8B%D0%BA%D0%B0"},{"id":200602,"title":"smack that","value":"smack%20that"},{"id":16766,"title":"akon","value":"akon"}],"categories":[{"id":36,"title":"Anime","permalink":"anime","subscriptions_count":10078018,"big_image_url":"https://coub-anubis-a.akamaized.net/coub_storage/category/cw_image/79d6e4a3e73/c0b7416c30391c998a2ac/big_1544750217_Anime2.png","small_image_url":"https://coub-anubis-a.akamaized.net/coub_storage/category/cw_image/79d6e4a3e73/c0b7416c30391c998a2ac/small_1544750217_Anime2.png","med_image_url":"https://coub-anubis-a.akamaized.net/coub_storage/category/cw_image/79d6e4a3e73/c0b7416c30391c998a2ac/med_1544750217_Anime2.png","visible":true}],"communities":[{"id":36,"title":"Anime","permalink":"anime","subscriptions_count":10078018,"big_image_url":"https://coub-anubis-a.akamaized.net/coub_storage/category/cw_image/79d6e4a3e73/c0b7416c30391c998a2ac/big_1544750217_Anime2.png","small_image_url":"https://coub-anubis-a.akamaized.net/coub_storage/category/cw_image/79d6e4a3e73/c0b7416c30391c998a2ac/small_1544750217_Anime2.png","med_image_url":"https://coub-anubis-a.akamaized.net/coub_storage/category/cw_image/79d6e4a3e73/c0b7416c30391c998a2ac/med_1544750217_Anime2.png","i_subscribed":true,"community_notifications_enabled":null,"description":null}],"recoubs_count":1071,"remixes_count":4,"likes_count":4174,"dislikes_count":0,"raw_video_id":12508001,"uploaded_by_ios_app":false,"uploaded_by_android_app":false,"media_blocks":{"uploaded_raw_videos":[],"external_raw_videos":[],"remixed_from_coubs":[]},"raw_video_thumbnail_url":"/missing/missing.png","raw_video_title":"Smack_That.mp4","video_block_banned":false,"duration":10.0,"promo_winner":false,"promo_winner_recoubers":null,"editorial_info":{},"promo_hint":null,"beeline_best_2014":null,"from_web_editor":true,"normalize_sound":true,"normalize_change_allowed":true,"best2015_addable":false,"ahmad_promo":null,"promo_data":null,"audio_copyright_claim":null,"ads_disabled":false,"is_safe_for_ads":true,"megafon_contents":[],"position_on_page":5},{"flag":null,"abuses":null,"recoubs_by_users_channels":null,"favourite":false,"promoted_id":null,"recoub":null,"like":null,"dislike":null,"reaction":null,"in_my_best2015":false,"id":100218345,"type":"Coub::Simple","permalink":"1n9e8e","title":"Desired words","visibility_type":"public","original_visibility_type":"public","channel_id":3463782,"created_at":"2019-02-01T14:43:15Z","updated_at":"2022-03-18T06:29:13Z","is_done":true,"views_count":206268,"cotd":null,"cotd_at":null,"visible_on_explore_root":false,"visible_on_explore":false,"featured":false,"published":true,"published_at":"2019-02-01T14:43:15Z","reversed":false,"from_editor_v2":true,"is_editable":true,"original_sound":false,"has_sound":false,"recoub_to":null,"file_versions":{"html5":{"video":{"higher":{"url":"https://coub-anubis-a.akamaized.net/coub_storage/coub/simple/cw_file/bdfc0559f61/ed2531a85baef5a94dcdd/muted_mp4_huge_size_1569084709_muted_huge.mp4","size":3468637},"high":{"url":"https://coub-anubis-a.akamaized.net/coub_storage/coub/simple/cw_file/bdfc0559f61/ed2531a85baef5a94dcdd/muted_mp4_big_size_1569084709_muted_big.mp4","size":2561270},"med":{"url":"https://coub-anubis-a.akamaized.net/coub_storage/coub/simple/cw_file/bdfc0559f61/ed2531a85baef5a94dcdd/muted_mp4_med_size_1569084709_muted_med.mp4","size":784125}},"audio":{"high":{"url":"https://coub-anubis-a.akamaized.net/coub_storage/coub/simple/cw_looped_audio_high/97326418872/c08b2cfc6caf978f039dd/1605670220_high_1549032214_high.mp3","size":2735087},"med":{"url":"https://coub-anubis-a.akamaized.net/coub_storage/coub/simple/cw_looped_audio_med/e9e3d9adb61/d749f79a3ffc4fcf8b1b3/1605670220_med_1549032214_med.mp3","size":1916532}}},"mobile":{"video":"https://coub-anubis-a.akamaized.net/coub_storage/coub/simple/cw_file/bdfc0559f61/ed2531a85baef5a94dcdd/muted_mp4_med_size_1569084709_muted_med.mp4","audio":["https://coub-anubis-a.akamaized.net/coub_storage/coub/simple/cw_looped_audio_med/e9e3d9adb61/d749f79a3ffc4fcf8b1b3/1605670220_med_1549032214_med.mp3"]},"share":{"default":"https://coub-anubis-a.akamaized.net/coub_storage/coub/simple/cw_video_for_sharing/ed92f399416/e351c945aaf7f1c1b6ba1/1608741759_looped_1608741758.mp4"}},"audio_versions":{"template":"https://coub-anubis-a.akamaized.net/coub_storage/audio_track/cw_file/2bf0620961c/0ea7ee7415954b3a346f0/mid_1549031882_audio.mp3","versions":["mid","low"]},"image_versions":{"template":"https://coub-anubis-a.akamaized.net/coub_storage/coub/simple/cw_image/a5f29f9d212/8de2a4b122fa74815e7e9/1549032225_00032.jpg","versions":["micro","tiny","age_restricted","ios_large","ios_mosaic","big","med","small","pinterest"]},"first_frame_versions":{"template":"https://coub-anubis-a.akamaized.net/coub_storage/coub/simple/cw_timeline_pic/b96c5bf54e5/6b6c2b878f7f52998ab37/%{version}_1549032224_image.jpg","versions":["big","med","small","ios_large"]},"dimensions":{"big":[1280,720],"med":[640,360]},"site_w_h":[640,360],"page_w_h":[640,360],"site_w_h_small":[310,174],"size":[1280,720],"age_restricted":false,"age_restricted_by_admin":false,"not_safe_for_work":false,"allow_reuse":false,"dont_crop":false,"banned":false,"global_safe":false,"audio_file_url":"https://coub-anubis-a.akamaized.net/coub_storage/audio_track/cw_file/2bf0620961c/0ea7ee7415954b3a346f0/low_1549031882_audio.mp3","external_download":false,"application":null,"channel":{"id":3463782,"permalink":"greywolfandnekofag","title":"SeryyWolf[幸]ŃęKøFãgVD","description":null,"followers_count":725,"following_count":54,"avatar_versions":{"template":"https://coub-anubis-a.akamaized.net/coub_storage/channel/cw_avatar/28ceafa8457/69c10e42e30dc7b32bad1/%{version}_1619876049_ava_______.png","versions":["medium","medium_2x","profile_pic","profile_pic_new","profile_pic_new_2x","tiny","tiny_2x","small","small_2x","ios_large","ios_small"]}},"file":null,"picture":"https://coub-anubis-a.akamaized.net/coub_storage/coub/simple/cw_image/a5f29f9d212/8de2a4b122fa74815e7e9/1549032225_00032.jpg","timeline_picture":"https://coub-anubis-a.akamaized.net/coub_storage/coub/simple/cw_timeline_pic/b96c5bf54e5/6b6c2b878f7f52998ab37/ios_large_1549032224_image.jpg","small_picture":"https://coub-anubis-a.akamaized.net/coub_storage/coub/simple/cw_image/a5f29f9d212/8de2a4b122fa74815e7e9/1549032225_00032.jpg","sharing_picture":null,"percent_done":100,"tags":[{"id":164,"title":"аниме","value":"%D0%B0%D0%BD%D0%B8%D0%BC%D0%B5"},{"id":165,"title":"anime","value":"anime"},{"id":4587088,"title":"становление герой щита","value":"%D1%81%D1%82%D0%B0%D0%BD%D0%BE%D0%B2%D0%BB%D0%B5%D0%BD%D0%B8%D0%B5%20%D0%B3%D0%B5%D1%80%D0%BE%D0%B9%20%D1%89%D0%B8%D1%82%D0%B0"},{"id":4550260,"title":"rising of the shield hero","value":"rising%20of%20the%20shield%20hero"},{"id":3254199,"title":"tate no yuusha no nariagari","value":"tate%20no%20yuusha%20no%20nariagari"},{"id":4267041,"title":"raphtalia","value":"raphtalia"},{"id":4651783,"title":"любите енотов","value":"%D0%BB%D1%8E%D0%B1%D0%B8%D1%82%D0%B5%20%D0%B5%D0%BD%D0%BE%D1%82%D0%BE%D0%B2"},{"id":2937198,"title":"серыйwolf&nekofag","value":"%D1%81%D0%B5%D1%80%D1%8B%D0%B9wolf&nekofag"},{"id":2937199,"title":"сделал nekofag","value":"%D1%81%D0%B4%D0%B5%D0%BB%D0%B0%D0%BB%20nekofag"},{"id":2740713,"title":"ni_co","value":"ni_co"},{"id":4651784,"title":"voice coub","value":"voice%20coub"}],"categories":[{"id":36,"title":"Anime","permalink":"anime","subscriptions_count":10078018,"big_image_url":"https://coub-anubis-a.akamaized.net/coub_storage/category/cw_image/79d6e4a3e73/c0b7416c30391c998a2ac/big_1544750217_Anime2.png","small_image_url":"https://coub-anubis-a.akamaized.net/coub_storage/category/cw_image/79d6e4a3e73/c0b7416c30391c998a2ac/small_1544750217_Anime2.png","med_image_url":"https://coub-anubis-a.akamaized.net/coub_storage/category/cw_image/79d6e4a3e73/c0b7416c30391c998a2ac/med_1544750217_Anime2.png","visible":true}],"communities":[{"id":36,"title":"Anime","permalink":"anime","subscriptions_count":10078018,"big_image_url":"https://coub-anubis-a.akamaized.net/coub_storage/category/cw_image/79d6e4a3e73/c0b7416c30391c998a2ac/big_1544750217_Anime2.png","small_image_url":"https://coub-anubis-a.akamaized.net/coub_storage/category/cw_image/79d6e4a3e73/c0b7416c30391c998a2ac/small_1544750217_Anime2.png","med_image_url":"https://coub-anubis-a.akamaized.net/coub_storage/category/cw_image/79d6e4a3e73/c0b7416c30391c998a2ac/med_1544750217_Anime2.png","i_subscribed":true,"community_notifications_enabled":null,"description":null}],"recoubs_count":996,"remixes_count":4,"likes_count":4173,"dislikes_count":0,"raw_video_id":13140203,"uploaded_by_ios_app":false,"uploaded_by_android_app":false,"media_blocks":{"uploaded_raw_videos":[],"external_raw_videos":[],"remixed_from_coubs":[]},"raw_video_thumbnail_url":"/missing/missing.png","raw_video_title":"broken__voice_.mp4","video_block_banned":false,"duration":10.0,"promo_winner":false,"promo_winner_recoubers":null,"editorial_info":{},"promo_hint":null,"beeline_best_2014":null,"from_web_editor":true,"normalize_sound":false,"normalize_change_allowed":true,"best2015_addable":false,"ahmad_promo":null,"promo_data":null,"audio_copyright_claim":null,"ads_disabled":false,"is_safe_for_ads":true,"megafon_contents":[],"position_on_page":6},{"flag":null,"abuses":null,"recoubs_by_users_channels":null,"favourite":false,"promoted_id":null,"recoub":null,"like":null,"dislike":null,"reaction":null,"in_my_best2015":false,"id":162234292,"type":"Coub::Simple","permalink":"2o8rlt","title":"Лоля","visibility_type":"public","original_visibility_type":"public","channel_id":1584125,"created_at":"2021-01-21T19:34:43Z","updated_at":"2022-03-17T13:49:56Z","is_done":true,"views_count":238183,"cotd":null,"cotd_at":null,"visible_on_explore_root":false,"visible_on_explore":false,"featured":false,"published":true,"published_at":"2021-01-21T19:34:43Z","reversed":false,"from_editor_v2":true,"is_editable":true,"original_sound":true,"has_sound":true,"recoub_to":null,"file_versions":{"html5":{"video":{"higher":{"url":"https://coub-anubis-a.akamaized.net/coub_storage/coub/simple/cw_file/a17044b1344/dfa0981171ffe50901ae6/muted_mp4_huge_size_1611257692_muted_huge.mp4","size":1270421},"high":{"url":"https://coub-anubis-a.akamaized.net/coub_storage/coub/simple/cw_file/a17044b1344/dfa0981171ffe50901ae6/muted_mp4_big_size_1611257692_muted_big.mp4","size":882955},"med":{"url":"https://coub-anubis-a.akamaized.net/coub_storage/coub/simple/cw_file/a17044b1344/dfa0981171ffe50901ae6/muted_mp4_med_size_1611257692_muted_med.mp4","size":210577}},"audio":{"high":{"url":"https://coub-anubis-a.akamaized.net/coub_storage/coub/simple/cw_looped_audio_high/fe3918f1900/b848d819025d7cc8fd72f/1611257694_mp3-high.mp3","size":969278},"med":{"url":"https://coub-anubis-a.akamaized.net/coub_storage/coub/simple/cw_looped_audio_med/6f18c167f90/2440058857c6c1462cfc5/1611257693_mp3-med.mp3","size":799076},"sample_duration":10.008}},"mobile":{"video":"https://coub-anubis-a.akamaized.net/coub_storage/coub/simple/cw_file/a17044b1344/dfa0981171ffe50901ae6/muted_mp4_med_size_1611257692_muted_med.mp4","audio":["https://coub-anubis-a.akamaized.net/coub_storage/coub/simple/cw_looped_audio_med/6f18c167f90/2440058857c6c1462cfc5/1611257693_mp3-med.mp3"]},"share":{"default":"https://coub-anubis-a.akamaized.net/coub_storage/coub/simple/cw_video_for_sharing/63aea663465/27c99898f11c79b23f911/1611257715_looped_1611257715.mp4"}},"audio_versions":{},"image_versions":{"template":"https://coub-anubis-a.akamaized.net/coub_storage/coub/simple/cw_image/12434027a2f/9ffee174618c00137dac9/%{version}_1611257697_00032.jpg","versions":["micro","tiny","age_restricted","ios_large","ios_mosaic","big","med","small","pinterest"]},"first_frame_versions":{"template":"https://coub-anubis-a.akamaized.net/coub_storage/coub/simple/cw_timeline_pic/4cf37783e74/6ea5f485b0d8a84be7b13/%{version}_1611257696_image.jpg","versions":["big","med","small","ios_large"]},"dimensions":{"big":[1280,720],"med":[640,360]},"site_w_h":[640,360],"page_w_h":[640,360],"site_w_h_small":[310,174],"size":[1280,720],"age_restricted":false,"age_restricted_by_admin":false,"not_safe_for_work":false,"allow_reuse":false,"dont_crop":true,"banned":false,"global_safe":false,"audio_file_url":null,"external_download":false,"application":null,"channel":{"id":1584125,"permalink":"maybeinspace","title":"0xMayer","description":null,"followers_count":13,"following_count":44,"avatar_versions":{"template":"https://coub-anubis-a.akamaized.net/coub_storage/channel/cw_avatar/6322cc387e6/e0fce64b4ffbdde36ed9d/%{version}_1611262372_1601921307409.png","versions":["medium","medium_2x","profile_pic","profile_pic_new","profile_pic_new_2x","tiny","tiny_2x","small","small_2x","ios_large","ios_small"]}},"file":null,"picture":"https://coub-anubis-a.akamaized.net/coub_storage/coub/simple/cw_image/12434027a2f/9ffee174618c00137dac9/med_1611257697_00032.jpg","timeline_picture":"https://coub-anubis-a.akamaized.net/coub_storage/coub/simple/cw_timeline_pic/4cf37783e74/6ea5f485b0d8a84be7b13/ios_large_1611257696_image.jpg","small_picture":"https://coub-anubis-a.akamaized.net/coub_storage/coub/simple/cw_image/12434027a2f/9ffee174618c00137dac9/ios_mosaic_1611257697_00032.jpg","sharing_picture":null,"percent_done":100,"tags":[{"id":1260075,"title":"mushoku tensei: isekai ittara honki dasu","value":"mushoku%20tensei:%20isekai%20ittara%20honki%20dasu"},{"id":1260076,"title":"roxy migurdia","value":"roxy%20migurdia"},{"id":3258600,"title":"studio band","value":"studio%20band"},{"id":1693187,"title":"144p","value":"144p"}],"categories":[{"id":36,"title":"Anime","permalink":"anime","subscriptions_count":10078018,"big_image_url":"https://coub-anubis-a.akamaized.net/coub_storage/category/cw_image/79d6e4a3e73/c0b7416c30391c998a2ac/big_1544750217_Anime2.png","small_image_url":"https://coub-anubis-a.akamaized.net/coub_storage/category/cw_image/79d6e4a3e73/c0b7416c30391c998a2ac/small_1544750217_Anime2.png","med_image_url":"https://coub-anubis-a.akamaized.net/coub_storage/category/cw_image/79d6e4a3e73/c0b7416c30391c998a2ac/med_1544750217_Anime2.png","visible":true}],"communities":[{"id":36,"title":"Anime","permalink":"anime","subscriptions_count":10078018,"big_image_url":"https://coub-anubis-a.akamaized.net/coub_storage/category/cw_image/79d6e4a3e73/c0b7416c30391c998a2ac/big_1544750217_Anime2.png","small_image_url":"https://coub-anubis-a.akamaized.net/coub_storage/category/cw_image/79d6e4a3e73/c0b7416c30391c998a2ac/small_1544750217_Anime2.png","med_image_url":"https://coub-anubis-a.akamaized.net/coub_storage/category/cw_image/79d6e4a3e73/c0b7416c30391c998a2ac/med_1544750217_Anime2.png","i_subscribed":true,"community_notifications_enabled":null,"description":null}],"recoubs_count":817,"remixes_count":1,"likes_count":4172,"dislikes_count":0,"raw_video_id":16092239,"uploaded_by_ios_app":false,"uploaded_by_android_app":false,"media_blocks":{"uploaded_raw_videos":[],"external_raw_videos":[],"remixed_from_coubs":[]},"raw_video_thumbnail_url":"/missing/missing.png","raw_video_title":"_______.webm","video_block_banned":false,"duration":10.0,"promo_winner":false,"promo_winner_recoubers":null,"editorial_info":{},"promo_hint":null,"beeline_best_2014":null,"from_web_editor":true,"normalize_sound":true,"normalize_change_allowed":true,"best2015_addable":false,"ahmad_promo":null,"promo_data":null,"audio_copyright_claim":null,"ads_disabled":false,"is_safe_for_ads":true,"megafon_contents":[],"position_on_page":7},{"flag":null,"abuses":null,"recoubs_by_users_channels":null,"favourite":false,"promoted_id":null,"recoub":null,"like":null,"dislike":null,"reaction":null,"in_my_best2015":false,"id":94399943,"type":"Coub::Simple","permalink":"1jsooo","title":"ReDesign (в память о \"козе\")","visibility_type":"public","original_visibility_type":"public","channel_id":2340988,"created_at":"2018-12-14T16:33:00Z","updated_at":"2022-03-18T05:54:54Z","is_done":true,"views_count":214804,"cotd":null,"cotd_at":null,"visible_on_explore_root":true,"visible_on_explore":true,"featured":true,"published":true,"published_at":"2018-12-14T16:55:57Z","reversed":false,"from_editor_v2":true,"is_editable":true,"original_sound":false,"has_sound":false,"recoub_to":null,"file_versions":{"html5":{"video":{"higher":{"url":"https://coub-anubis-a.akamaized.net/coub_storage/coub/simple/cw_file/e85bb56d9cc/7f0b125c12ec73f17c7a0/muted_mp4_huge_size_1569265549_muted_huge.mp4","size":2666999},"high":{"url":"https://coub-anubis-a.akamaized.net/coub_storage/coub/simple/cw_file/e85bb56d9cc/7f0b125c12ec73f17c7a0/muted_mp4_big_size_1569265549_muted_big.mp4","size":2045319},"med":{"url":"https://coub-anubis-a.akamaized.net/coub_storage/coub/simple/cw_file/e85bb56d9cc/7f0b125c12ec73f17c7a0/muted_mp4_med_size_1569265549_muted_med.mp4","size":677221}},"audio":{"high":{"url":"https://coub-anubis-a.akamaized.net/coub_storage/coub/simple/cw_looped_audio_high/10e09d81790/3584e46474b559aa93ddb/1605661280_high_1544805213_high.mp3","size":6651101},"med":{"url":"https://coub-anubis-a.akamaized.net/coub_storage/coub/simple/cw_looped_audio_med/dc365d6064e/7a67a9843aa8181bf79b4/1605661279_med_1544805213_med.mp3","size":4529975}}},"mobile":{"video":"https://coub-anubis-a.akamaized.net/coub_storage/coub/simple/cw_file/e85bb56d9cc/7f0b125c12ec73f17c7a0/muted_mp4_med_size_1569265549_muted_med.mp4","audio":["https://coub-anubis-a.akamaized.net/coub_storage/coub/simple/cw_looped_audio_med/dc365d6064e/7a67a9843aa8181bf79b4/1605661279_med_1544805213_med.mp3"]},"share":{"default":"https://coub-anubis-a.akamaized.net/coub_storage/coub/simple/cw_video_for_sharing/3510e99d0be/2fa0b4a550174e55e84a4/1612879895_looped_1612879894.mp4"}},"audio_versions":{"template":"https://coub-anubis-a.akamaized.net/coub_storage/audio_track/cw_file/c31768e92f1/c8f21194bc4db51e293ab/mid_1544804830_audio.mp3","versions":["mid","low"]},"image_versions":{"template":"https://coub-anubis-a.akamaized.net/coub_storage/coub/simple/cw_image/18e2ef71e81/7cfd06d6139e9b292c737/1544805235_00032.jpg","versions":["micro","tiny","age_restricted","ios_large","ios_mosaic","big","med","small","pinterest"]},"first_frame_versions":{"template":"https://coub-anubis-a.akamaized.net/coub_storage/coub/simple/cw_timeline_pic/03282bffc85/ff8de7ae1430920cb31d7/%{version}_1544805234_image.jpg","versions":["big","med","small","ios_large"]},"dimensions":{"big":[1280,720],"med":[640,360]},"site_w_h":[640,360],"page_w_h":[640,360],"site_w_h_small":[310,174],"size":[1280,720],"age_restricted":false,"age_restricted_by_admin":false,"not_safe_for_work":false,"allow_reuse":false,"dont_crop":false,"banned":false,"global_safe":true,"audio_file_url":"https://coub-anubis-a.akamaized.net/coub_storage/audio_track/cw_file/c31768e92f1/c8f21194bc4db51e293ab/low_1544804830_audio.mp3","external_download":false,"application":null,"channel":{"id":2340988,"permalink":"handmade","title":"hola","description":null,"followers_count":6915,"following_count":21,"avatar_versions":{"template":"https://coub-anubis-a.akamaized.net/coub_storage/channel/cw_avatar/51cbacbfca0/c18179037097ff91028ca/%{version}_1607422638_175554y_1578401889_vintage-1.png","versions":["medium","medium_2x","profile_pic","profile_pic_new","profile_pic_new_2x","tiny","tiny_2x","small","small_2x","ios_large","ios_small"]}},"file":null,"picture":"https://coub-anubis-a.akamaized.net/coub_storage/coub/simple/cw_image/18e2ef71e81/7cfd06d6139e9b292c737/1544805235_00032.jpg","timeline_picture":"https://coub-anubis-a.akamaized.net/coub_storage/coub/simple/cw_timeline_pic/03282bffc85/ff8de7ae1430920cb31d7/ios_large_1544805234_image.jpg","small_picture":"https://coub-anubis-a.akamaized.net/coub_storage/coub/simple/cw_image/18e2ef71e81/7cfd06d6139e9b292c737/1544805235_00032.jpg","sharing_picture":null,"percent_done":100,"tags":[{"id":164,"title":"аниме","value":"%D0%B0%D0%BD%D0%B8%D0%BC%D0%B5"},{"id":165,"title":"anime","value":"anime"},{"id":1173993,"title":"redesign","value":"redesign"},{"id":385,"title":"design","value":"design"},{"id":1126392,"title":"редизайн","value":"%D1%80%D0%B5%D0%B4%D0%B8%D0%B7%D0%B0%D0%B9%D0%BD"},{"id":4520169,"title":"редизайн коуб","value":"%D1%80%D0%B5%D0%B4%D0%B8%D0%B7%D0%B0%D0%B9%D0%BD%20%D0%BA%D0%BE%D1%83%D0%B1"},{"id":1035710,"title":"внутряк","value":"%D0%B2%D0%BD%D1%83%D1%82%D1%80%D1%8F%D0%BA"},{"id":2846244,"title":"внутряки","value":"%D0%B2%D0%BD%D1%83%D1%82%D1%80%D1%8F%D0%BA%D0%B8"},{"id":26683,"title":"коза","value":"%D0%BA%D0%BE%D0%B7%D0%B0"},{"id":22996,"title":"death metal","value":"death%20metal"},{"id":2053,"title":"metal","value":"metal"},{"id":2733711,"title":"hard cover","value":"hard%20cover"},{"id":1083783,"title":"дэт метал","value":"%D0%B4%D1%8D%D1%82%20%D0%BC%D0%B5%D1%82%D0%B0%D0%BB"},{"id":44520,"title":"метал","value":"%D0%BC%D0%B5%D1%82%D0%B0%D0%BB"},{"id":1172697,"title":"anime hot","value":"anime%20hot"},{"id":830988,"title":"anime top","value":"anime%20top"},{"id":684660,"title":"anime fun","value":"anime%20fun"},{"id":655325,"title":"anime funny","value":"anime%20funny"},{"id":25656,"title":"anime music","value":"anime%20music"},{"id":165936,"title":"своя атмосфера","value":"%D1%81%D0%B2%D0%BE%D1%8F%20%D0%B0%D1%82%D0%BC%D0%BE%D1%81%D1%84%D0%B5%D1%80%D0%B0"},{"id":277455,"title":"лайки","value":"%D0%BB%D0%B0%D0%B9%D0%BA%D0%B8"}],"categories":[{"id":36,"title":"Anime","permalink":"anime","subscriptions_count":10078018,"big_image_url":"https://coub-anubis-a.akamaized.net/coub_storage/category/cw_image/79d6e4a3e73/c0b7416c30391c998a2ac/big_1544750217_Anime2.png","small_image_url":"https://coub-anubis-a.akamaized.net/coub_storage/category/cw_image/79d6e4a3e73/c0b7416c30391c998a2ac/small_1544750217_Anime2.png","med_image_url":"https://coub-anubis-a.akamaized.net/coub_storage/category/cw_image/79d6e4a3e73/c0b7416c30391c998a2ac/med_1544750217_Anime2.png","visible":true}],"communities":[{"id":36,"title":"Anime","permalink":"anime","subscriptions_count":10078018,"big_image_url":"https://coub-anubis-a.akamaized.net/coub_storage/category/cw_image/79d6e4a3e73/c0b7416c30391c998a2ac/big_1544750217_Anime2.png","small_image_url":"https://coub-anubis-a.akamaized.net/coub_storage/category/cw_image/79d6e4a3e73/c0b7416c30391c998a2ac/small_1544750217_Anime2.png","med_image_url":"https://coub-anubis-a.akamaized.net/coub_storage/category/cw_image/79d6e4a3e73/c0b7416c30391c998a2ac/med_1544750217_Anime2.png","i_subscribed":true,"community_notifications_enabled":null,"description":null}],"recoubs_count":707,"remixes_count":0,"likes_count":4172,"dislikes_count":0,"raw_video_id":12862573,"uploaded_by_ios_app":false,"uploaded_by_android_app":false,"media_blocks":{"uploaded_raw_videos":[],"external_raw_videos":[],"remixed_from_coubs":[]},"raw_video_thumbnail_url":"/missing/missing.png","raw_video_title":"fan_zone.mp4","video_block_banned":false,"duration":10.04,"promo_winner":false,"promo_winner_recoubers":null,"editorial_info":{},"promo_hint":null,"beeline_best_2014":null,"from_web_editor":true,"normalize_sound":false,"normalize_change_allowed":true,"best2015_addable":false,"ahmad_promo":null,"promo_data":null,"audio_copyright_claim":null,"ads_disabled":false,"is_safe_for_ads":true,"megafon_contents":[],"position_on_page":8},{"flag":null,"abuses":null,"recoubs_by_users_channels":null,"favourite":false,"promoted_id":null,"recoub":null,"like":null,"dislike":null,"reaction":null,"in_my_best2015":false,"id":11889403,"type":"Coub::Simple","permalink":"6mol9","title":"All Day Everyday","visibility_type":"public","original_visibility_type":"public","channel_id":1581495,"created_at":"2015-05-28T13:14:07Z","updated_at":"2022-03-17T19:43:01Z","is_done":true,"views_count":265307,"cotd":true,"cotd_at":"2015-05-29","visible_on_explore_root":true,"visible_on_explore":true,"featured":true,"published":true,"published_at":"2015-05-28T13:14:07Z","reversed":false,"from_editor_v2":true,"is_editable":true,"original_sound":false,"has_sound":false,"recoub_to":null,"file_versions":{"html5":{"video":{"higher":{"url":"https://coub-anubis-a.akamaized.net/coub_storage/coub/simple/cw_file/8748c5347c4/f3cd30a4b1f076dbcb3db/muted_mp4_huge_size_1567772738_muted_huge.mp4","size":2285758},"high":{"url":"https://coub-anubis-a.akamaized.net/coub_storage/coub/simple/cw_file/8748c5347c4/f3cd30a4b1f076dbcb3db/muted_mp4_big_size_1567772738_muted_big.mp4","size":1915036},"med":{"url":"https://coub-anubis-a.akamaized.net/coub_storage/coub/simple/cw_file/8748c5347c4/f3cd30a4b1f076dbcb3db/muted_mp4_med_size_1567772738_muted_med.mp4","size":498713}},"audio":{"high":{"url":"https://coub-anubis-a.akamaized.net/coub_storage/coub/simple/cw_looped_audio_high/eede7eb2eb1/4abf044ceab148b45a98b/1605452791_high_1445958235_high.mp3","size":3006797},"med":{"url":"https://coub-anubis-a.akamaized.net/coub_storage/coub/simple/cw_looped_audio_med/49985f130be/fdd3cbafd535c39761a24/1605452790_med_1445958235_med.mp3","size":2004531}}},"mobile":{"video":"https://coub-anubis-a.akamaized.net/coub_storage/coub/simple/cw_file/8748c5347c4/f3cd30a4b1f076dbcb3db/muted_mp4_med_size_1567772738_muted_med.mp4","audio":["https://coub-anubis-a.akamaized.net/coub_storage/coub/simple/cw_looped_audio_med/49985f130be/fdd3cbafd535c39761a24/1605452790_med_1445958235_med.mp3"]},"share":{"default":"https://coub-anubis-a.akamaized.net/coub_storage/coub/simple/cw_video_for_sharing/03c41c1902e/d450162afe80f35be13cc/1608734500_looped_1608734497.mp4"}},"audio_versions":{"template":"https://coub-anubis-a.akamaized.net/coub_storage/audio_track/cw_file/ec2cd6c652c/f95b39389526d820fa9ea/mid_1471222466_audio.mp3","versions":["mid","low"]},"image_versions":{"template":"https://coub-anubis-a.akamaized.net/coub_storage/coub/simple/cw_image/6331a6f4cc0/021adf68e79e137f2e029/1432818999_00031.jpg","versions":["micro","tiny","age_restricted","ios_large","ios_mosaic","big","med","small","pinterest"]},"first_frame_versions":{"template":"https://coub-anubis-a.akamaized.net/coub_storage/coub/simple/cw_timeline_pic/61adc18bdb2/5693377bdd6f672d64b9a/1432818998_image.jpg","versions":["big","med","small","ios_large"]},"dimensions":{"big":[1280,720],"med":[640,360]},"site_w_h":[640,360],"page_w_h":[640,360],"site_w_h_small":[310,174],"size":[1280,720],"age_restricted":false,"age_restricted_by_admin":false,"not_safe_for_work":false,"allow_reuse":false,"dont_crop":false,"banned":false,"global_safe":true,"audio_file_url":"https://coub-anubis-a.akamaized.net/coub_storage/audio_track/cw_file/ec2cd6c652c/f95b39389526d820fa9ea/low_1471222466_audio.mp3","external_download":false,"application":null,"channel":{"id":1581495,"permalink":"lena.soechkina","title":"Lena Soechkina","description":null,"followers_count":18960,"following_count":38,"avatar_versions":{"template":"https://coub-anubis-a.akamaized.net/coub_storage/channel/cw_avatar/a1b0f34ce9e/9f40d4edccc7c96c7738b/%{version}_1607432568_xohwcg_1474645864_avacoub.jpg","versions":["medium","medium_2x","profile_pic","profile_pic_new","profile_pic_new_2x","tiny","tiny_2x","small","small_2x","ios_large","ios_small"]}},"file":null,"picture":"https://coub-anubis-a.akamaized.net/coub_storage/coub/simple/cw_image/6331a6f4cc0/021adf68e79e137f2e029/1432818999_00031.jpg","timeline_picture":"https://coub-anubis-a.akamaized.net/coub_storage/coub/simple/cw_timeline_pic/61adc18bdb2/5693377bdd6f672d64b9a/1432818998_image.jpg","small_picture":"https://coub-anubis-a.akamaized.net/coub_storage/coub/simple/cw_image/6331a6f4cc0/021adf68e79e137f2e029/1432818999_00031.jpg","sharing_picture":null,"percent_done":100,"tags":[{"id":168,"title":"loop","value":"loop"},{"id":5574,"title":"beat","value":"beat"},{"id":86,"title":"music","value":"music"},{"id":39051,"title":"homework","value":"homework"},{"id":2588,"title":"sad","value":"sad"},{"id":183,"title":"girl","value":"girl"},{"id":391833,"title":"hoshi wo ou kodomo","value":"hoshi%20wo%20ou%20kodomo"},{"id":52860,"title":"anime music video","value":"anime%20music%20video"},{"id":165,"title":"anime","value":"anime"}],"categories":[{"id":36,"title":"Anime","permalink":"anime","subscriptions_count":10078018,"big_image_url":"https://coub-anubis-a.akamaized.net/coub_storage/category/cw_image/79d6e4a3e73/c0b7416c30391c998a2ac/big_1544750217_Anime2.png","small_image_url":"https://coub-anubis-a.akamaized.net/coub_storage/category/cw_image/79d6e4a3e73/c0b7416c30391c998a2ac/small_1544750217_Anime2.png","med_image_url":"https://coub-anubis-a.akamaized.net/coub_storage/category/cw_image/79d6e4a3e73/c0b7416c30391c998a2ac/med_1544750217_Anime2.png","visible":true}],"communities":[{"id":36,"title":"Anime","permalink":"anime","subscriptions_count":10078018,"big_image_url":"https://coub-anubis-a.akamaized.net/coub_storage/category/cw_image/79d6e4a3e73/c0b7416c30391c998a2ac/big_1544750217_Anime2.png","small_image_url":"https://coub-anubis-a.akamaized.net/coub_storage/category/cw_image/79d6e4a3e73/c0b7416c30391c998a2ac/small_1544750217_Anime2.png","med_image_url":"https://coub-anubis-a.akamaized.net/coub_storage/category/cw_image/79d6e4a3e73/c0b7416c30391c998a2ac/med_1544750217_Anime2.png","i_subscribed":true,"community_notifications_enabled":null,"description":null}],"recoubs_count":1096,"remixes_count":2,"likes_count":4172,"dislikes_count":0,"raw_video_id":1403902,"uploaded_by_ios_app":false,"uploaded_by_android_app":false,"media_blocks":{"uploaded_raw_videos":[],"external_raw_videos":[],"remixed_from_coubs":[],"audio_track":{"id":19609060,"title":"Say Hello To Goodbye","url":"https://geo.itunes.apple.com/us/album/say-hello-to-goodbye/id393008278?i=393008283&uo=4&at=10l5bB&app=music","image":"https://coub-anubis-a.akamaized.net/coub_storage/media_block/cw_image/b813d10dd70/3e68a9b8f51341476d29d/1492092677_1471222497_1buwosn_att-url-download.jpg","image_retina":"https://coub-anubis-a.akamaized.net/coub_storage/media_block/cw_image/b813d10dd70/3e68a9b8f51341476d29d/1492092677_1471222497_1buwosn_att-url-download.jpg","meta":{"year":null,"album":"No Gravity","title":"Say Hello To Goodbye","artist":"Shontelle","echonest_id":null},"duration":null,"amazon_url":null,"google_play_url":null,"bandcamp_url":null,"soundcloud_url":null,"track_name":null,"track_artist":null,"track_album":null,"itunes_url":"https://geo.itunes.apple.com/us/album/say-hello-to-goodbye/id393008278?i=393008283&uo=4&at=10l5bB&app=music"}},"raw_video_thumbnail_url":"/missing/missing.png","raw_video_title":"say_hello.mpeg","video_block_banned":false,"duration":9.76,"promo_winner":false,"promo_winner_recoubers":null,"editorial_info":{},"promo_hint":null,"beeline_best_2014":null,"from_web_editor":true,"normalize_sound":false,"normalize_change_allowed":true,"best2015_addable":false,"ahmad_promo":null,"promo_data":null,"audio_copyright_claim":null,"ads_disabled":null,"is_safe_for_ads":true,"megafon_contents":[],"position_on_page":9},{"flag":null,"abuses":null,"recoubs_by_users_channels":null,"favourite":false,"promoted_id":null,"recoub":null,"like":null,"dislike":null,"reaction":null,"in_my_best2015":false,"id":65936208,"type":"Coub::Simple","permalink":"12t3qn","title":"doki doki knife club","visibility_type":"public","original_visibility_type":"public","channel_id":4018888,"created_at":"2018-02-01T21:43:34Z","updated_at":"2022-03-17T19:00:18Z","is_done":true,"views_count":392317,"cotd":null,"cotd_at":null,"visible_on_explore_root":false,"visible_on_explore":false,"featured":false,"published":true,"published_at":"2018-02-01T21:43:34Z","reversed":false,"from_editor_v2":true,"is_editable":true,"original_sound":true,"has_sound":true,"recoub_to":null,"file_versions":{"html5":{"video":{"higher":{"url":"https://coub-anubis-a.akamaized.net/coub_storage/coub/simple/cw_file/d9fc9350459/4de7a7c1b0c023349bf09/muted_mp4_huge_size_1568189563_muted_huge.mp4","size":641904},"high":{"url":"https://coub-anubis-a.akamaized.net/coub_storage/coub/simple/cw_file/d9fc9350459/4de7a7c1b0c023349bf09/muted_mp4_big_size_1568189563_muted_big.mp4","size":477628},"med":{"url":"https://coub-anubis-a.akamaized.net/coub_storage/coub/simple/cw_file/d9fc9350459/4de7a7c1b0c023349bf09/muted_mp4_med_size_1568189563_muted_med.mp4","size":178445}},"audio":{"high":{"url":"https://coub-anubis-a.akamaized.net/coub_storage/coub/simple/cw_looped_audio_high/681660ec35b/5ecb44b46f1f34fbfb89e/1605629529_high_1517521418_high.mp3","size":968032},"med":{"url":"https://coub-anubis-a.akamaized.net/coub_storage/coub/simple/cw_looped_audio_med/8afb7ab8182/ee78950ed8676ca8f734d/1605629529_med_1517521418_med.mp3","size":948626},"sample_duration":2.972}},"mobile":{"video":"https://coub-anubis-a.akamaized.net/coub_storage/coub/simple/cw_file/d9fc9350459/4de7a7c1b0c023349bf09/muted_mp4_med_size_1568189563_muted_med.mp4","audio":["https://coub-anubis-a.akamaized.net/coub_storage/coub/simple/cw_looped_audio_med/8afb7ab8182/ee78950ed8676ca8f734d/1605629529_med_1517521418_med.mp3"]},"share":{"default":"https://coub-anubis-a.akamaized.net/coub_storage/coub/simple/cw_video_for_sharing/25f6dfc00d1/6f46e65cc4015932139b3/1609571003_looped_1609571002.mp4"}},"audio_versions":{},"image_versions":{"template":"https://coub-anubis-a.akamaized.net/coub_storage/coub/simple/cw_image/a97ef9ffa89/c5715a4d7059ed0a3848b/1517521424_00010.jpg","versions":["micro","tiny","age_restricted","ios_large","ios_mosaic","big","med","small","pinterest"]},"first_frame_versions":{"template":"https://coub-anubis-a.akamaized.net/coub_storage/coub/simple/cw_timeline_pic/d59256e73ba/b66fcf1d599a5736591c0/%{version}_1517521424_image.jpg","versions":["big","med","small","ios_large"]},"dimensions":{"big":[1280,720],"med":[640,360]},"site_w_h":[640,360],"page_w_h":[640,360],"site_w_h_small":[310,174],"size":[1280,720],"age_restricted":false,"age_restricted_by_admin":false,"not_safe_for_work":false,"allow_reuse":false,"dont_crop":false,"banned":false,"global_safe":true,"audio_file_url":null,"external_download":{"type":"Youtube","service_name":"YouTube","url":"http://youtu.be/12y6kzJS7JU","has_embed":true},"application":null,"channel":{"id":4018888,"permalink":"ben-kravitz","title":"Ben Kravitz","description":null,"followers_count":89,"following_count":11,"avatar_versions":{"template":"https://coub-anubis-a.akamaized.net/coub_storage/channel/cw_avatar/d8d94f658a9/77d42148c80677215af11/%{version}_1607901547_cqxqcs_1515458124_7s38lo_102085234636350135826.jpg","versions":["medium","medium_2x","profile_pic","profile_pic_new","profile_pic_new_2x","tiny","tiny_2x","small","small_2x","ios_large","ios_small"]}},"file":null,"picture":"https://coub-anubis-a.akamaized.net/coub_storage/coub/simple/cw_image/a97ef9ffa89/c5715a4d7059ed0a3848b/1517521424_00010.jpg","timeline_picture":"https://coub-anubis-a.akamaized.net/coub_storage/coub/simple/cw_timeline_pic/d59256e73ba/b66fcf1d599a5736591c0/ios_large_1517521424_image.jpg","small_picture":"https://coub-anubis-a.akamaized.net/coub_storage/coub/simple/cw_image/a97ef9ffa89/c5715a4d7059ed0a3848b/1517521424_00010.jpg","sharing_picture":null,"percent_done":100,"tags":[{"id":3393880,"title":"doki doki literature club","value":"doki%20doki%20literature%20club"},{"id":3393878,"title":"ddlc","value":"ddlc"},{"id":3653213,"title":"monika ddlc","value":"monika%20ddlc"},{"id":3670393,"title":"sayori ddlc","value":"sayori%20ddlc"},{"id":3580470,"title":"yuri ddlc","value":"yuri%20ddlc"},{"id":3638389,"title":"natsuki ddlc","value":"natsuki%20ddlc"},{"id":424,"title":"animation","value":"animation"}],"categories":[{"id":36,"title":"Anime","permalink":"anime","subscriptions_count":10078018,"big_image_url":"https://coub-anubis-a.akamaized.net/coub_storage/category/cw_image/79d6e4a3e73/c0b7416c30391c998a2ac/big_1544750217_Anime2.png","small_image_url":"https://coub-anubis-a.akamaized.net/coub_storage/category/cw_image/79d6e4a3e73/c0b7416c30391c998a2ac/small_1544750217_Anime2.png","med_image_url":"https://coub-anubis-a.akamaized.net/coub_storage/category/cw_image/79d6e4a3e73/c0b7416c30391c998a2ac/med_1544750217_Anime2.png","visible":true}],"communities":[{"id":36,"title":"Anime","permalink":"anime","subscriptions_count":10078018,"big_image_url":"https://coub-anubis-a.akamaized.net/coub_storage/category/cw_image/79d6e4a3e73/c0b7416c30391c998a2ac/big_1544750217_Anime2.png","small_image_url":"https://coub-anubis-a.akamaized.net/coub_storage/category/cw_image/79d6e4a3e73/c0b7416c30391c998a2ac/small_1544750217_Anime2.png","med_image_url":"https://coub-anubis-a.akamaized.net/coub_storage/category/cw_image/79d6e4a3e73/c0b7416c30391c998a2ac/med_1544750217_Anime2.png","i_subscribed":true,"community_notifications_enabled":null,"description":null}],"recoubs_count":906,"remixes_count":5,"likes_count":4171,"dislikes_count":0,"raw_video_id":11046204,"uploaded_by_ios_app":true,"uploaded_by_android_app":false,"media_blocks":{"uploaded_raw_videos":[],"external_raw_videos":[{"id":24529283,"title":"doki doki knife club","url":"http://www.youtube.com/watch?v=12y6kzJS7JU","image":"https://coub-anubis-a.akamaized.net/coub_storage/media_block/cw_image/ddacf2d440c/7c53ff56ca5d8a914a43d/1517521390_1517521387_jqq0v5_att-url-download.jpg","image_retina":"https://coub-anubis-a.akamaized.net/coub_storage/media_block/cw_image/ddacf2d440c/7c53ff56ca5d8a914a43d/1517521390_1517521387_jqq0v5_att-url-download.jpg","meta":{"service":"Youtube","duration":"3.0"},"duration":3.0,"raw_video_id":11046204,"has_embed":true}],"remixed_from_coubs":[],"external_video":{"id":24529283,"title":"doki doki knife club","url":"http://www.youtube.com/watch?v=12y6kzJS7JU","image":"https://coub-anubis-a.akamaized.net/coub_storage/media_block/cw_image/ddacf2d440c/7c53ff56ca5d8a914a43d/1517521390_1517521387_jqq0v5_att-url-download.jpg","image_retina":"https://coub-anubis-a.akamaized.net/coub_storage/media_block/cw_image/ddacf2d440c/7c53ff56ca5d8a914a43d/1517521390_1517521387_jqq0v5_att-url-download.jpg","meta":{"service":"Youtube","duration":"3.0"},"duration":3.0,"raw_video_id":11046204,"has_embed":true}},"raw_video_thumbnail_url":"/missing/missing.png","raw_video_title":"doki doki knife club","video_block_banned":false,"duration":3.04,"promo_winner":false,"promo_winner_recoubers":null,"editorial_info":{},"promo_hint":null,"beeline_best_2014":null,"from_web_editor":false,"normalize_sound":true,"normalize_change_allowed":true,"best2015_addable":false,"ahmad_promo":null,"promo_data":null,"audio_copyright_claim":null,"ads_disabled":false,"is_safe_for_ads":true,"megafon_contents":[],"position_on_page":10}]}