{"page":157,"per_page":10,"total_pages":500,"coubs":[{"flag":null,"abuses":null,"recoubs_by_users_channels":null,"favourite":false,"promoted_id":null,"recoub":null,"like":null,"dislike":null,"reaction":null,"in_my_best2015":false,"id":139539897,"type":"Coub::Simple","permalink":"2aqccd","title":"ニャ","visibility_type":"public","original_visibility_type":"public","channel_id":3909298,"created_at":"2020-03-15T20:07:21Z","updated_at":"2022-03-18T03:20:19Z","is_done":true,"views_count":353710,"cotd":null,"cotd_at":null,"visible_on_explore_root":false,"visible_on_explore":false,"featured":false,"published":true,"published_at":"2020-03-15T20:07:21Z","reversed":false,"from_editor_v2":true,"is_editable":true,"original_sound":false,"has_sound":false,"recoub_to":null,"file_versions":{"html5":{"video":{"higher":{"url":"https://coub-anubis-a.akamaized.net/coub_storage/coub/simple/cw_file/fac188a03ae/c25122b933f1d83d44688/muted_mp4_huge_size_1584302845_muted_huge.mp4","size":930290},"high":{"url":"https://coub-anubis-a.akamaized.net/coub_storage/coub/simple/cw_file/fac188a03ae/c25122b933f1d83d44688/muted_mp4_big_size_1584302845_muted_big.mp4","size":709092},"med":{"url":"https://coub-anubis-a.akamaized.net/coub_storage/coub/simple/cw_file/fac188a03ae/c25122b933f1d83d44688/muted_mp4_med_size_1584302845_muted_med.mp4","size":223605}},"audio":{"high":{"url":"https://coub-anubis-a.akamaized.net/coub_storage/coub/simple/cw_looped_audio_high/ff6ae134578/cd78715c8bdf568b0133e/1605703151_high_1584302873_high.mp3","size":3930555},"med":{"url":"https://coub-anubis-a.akamaized.net/coub_storage/coub/simple/cw_looped_audio_med/5a2fd68a305/6c0a1da400ffb12f3c00b/1605703150_med_1584302873_med.mp3","size":2897420}}},"mobile":{"video":"https://coub-anubis-a.akamaized.net/coub_storage/coub/simple/cw_file/fac188a03ae/c25122b933f1d83d44688/muted_mp4_med_size_1584302845_muted_med.mp4","audio":["https://coub-anubis-a.akamaized.net/coub_storage/coub/simple/cw_looped_audio_med/5a2fd68a305/6c0a1da400ffb12f3c00b/1605703150_med_1584302873_med.mp3"]},"share":{"default":"https://coub-anubis-a.akamaized.net/coub_storage/coub/simple/cw_video_for_sharing/98ecaa26ff8/21e16812d8d87accd1faf/1609219902_looped_1609219902.mp4"}},"audio_versions":{"template":"https://coub-anubis-a.akamaized.net/coub_storage/audio_track/cw_file/771c3ed5b74/ced59d216a86ccf1266b7/mid_1584302850_iltrij_edited.mp3","versions":["mid","low"]},"image_versions":{"template":"https://coub-anubis-a.akamaized.net/coub_storage/coub/simple/cw_image/6015758c2c1/49babbdb7e3ecca76e5df/1584302885_00018.jpg","versions":["micro","tiny","age_restricted","ios_large","ios_mosaic","big","med","small","pinterest"]},"first_frame_versions":{"template":"https://coub-anubis-a.akamaized.net/coub_storage/coub/simple/cw_timeline_pic/0a9a2869fda/2afaed447290330f2b5e3/1584302885_image.jpg","versions":["big","med","small","ios_large"]},"dimensions":{"big":[1280,720],"med":[640,360]},"site_w_h":[640,360],"page_w_h":[640,360],"site_w_h_small":[310,174],"size":[1280,720],"age_restricted":false,"age_restricted_by_admin":false,"not_safe_for_work":false,"allow_reuse":false,"dont_crop":false,"banned":false,"global_safe":true,"audio_file_url":"https://coub-anubis-a.akamaized.net/coub_storage/audio_track/cw_file/771c3ed5b74/ced59d216a86ccf1266b7/low_1584302850_iltrij_edited.mp3","external_download":false,"application":null,"channel":{"id":3909298,"permalink":"coub.chi","title":"ニャ","description":"V▲","followers_count":9192,"following_count":1406,"avatar_versions":{"template":"https://coub-anubis-a.akamaized.net/coub_storage/channel/cw_avatar/11cff3804e8/5aee40668a2d67fefc950/%{version}_1647366836_1__12_________.png","versions":["medium","medium_2x","profile_pic","profile_pic_new","profile_pic_new_2x","tiny","tiny_2x","small","small_2x","ios_large","ios_small"]}},"file":null,"picture":"https://coub-anubis-a.akamaized.net/coub_storage/coub/simple/cw_image/6015758c2c1/49babbdb7e3ecca76e5df/1584302885_00018.jpg","timeline_picture":"https://coub-anubis-a.akamaized.net/coub_storage/coub/simple/cw_timeline_pic/0a9a2869fda/2afaed447290330f2b5e3/1584302885_image.jpg","small_picture":"https://coub-anubis-a.akamaized.net/coub_storage/coub/simple/cw_image/6015758c2c1/49babbdb7e3ecca76e5df/1584302885_00018.jpg","sharing_picture":null,"percent_done":100,"tags":[{"id":40242,"title":"=","value":"="}],"categories":[{"id":36,"title":"Anime","permalink":"anime","subscriptions_count":10078018,"big_image_url":"https://coub-anubis-a.akamaized.net/coub_storage/category/cw_image/79d6e4a3e73/c0b7416c30391c998a2ac/big_1544750217_Anime2.png","small_image_url":"https://coub-anubis-a.akamaized.net/coub_storage/category/cw_image/79d6e4a3e73/c0b7416c30391c998a2ac/small_1544750217_Anime2.png","med_image_url":"https://coub-anubis-a.akamaized.net/coub_storage/category/cw_image/79d6e4a3e73/c0b7416c30391c998a2ac/med_1544750217_Anime2.png","visible":true}],"communities":[{"id":36,"title":"Anime","permalink":"anime","subscriptions_count":10078018,"big_image_url":"https://coub-anubis-a.akamaized.net/coub_storage/category/cw_image/79d6e4a3e73/c0b7416c30391c998a2ac/big_1544750217_Anime2.png","small_image_url":"https://coub-anubis-a.akamaized.net/coub_storage/category/cw_image/79d6e4a3e73/c0b7416c30391c998a2ac/small_1544750217_Anime2.png","med_image_url":"https://coub-anubis-a.akamaized.net/coub_storage/category/cw_image/79d6e4a3e73/c0b7416c30391c998a2ac/med_1544750217_Anime2.png","i_subscribed":true,"community_notifications_enabled":null,"description":null}],"recoubs_count":1076,"remixes_count":2,"likes_count":4687,"dislikes_count":0,"raw_video_id":14938604,"uploaded_by_ios_app":false,"uploaded_by_android_app":false,"media_blocks":{"uploaded_raw_videos":[],"external_raw_videos":[],"remixed_from_coubs":[]},"raw_video_thumbnail_url":"/missing/missing.png","raw_video_title":"Untitled.MP4","video_block_banned":false,"duration":5.48,"promo_winner":false,"promo_winner_recoubers":null,"editorial_info":{},"promo_hint":null,"beeline_best_2014":null,"from_web_editor":true,"normalize_sound":false,"normalize_change_allowed":false,"best2015_addable":false,"ahmad_promo":null,"promo_data":null,"audio_copyright_claim":null,"ads_disabled":false,"is_safe_for_ads":true,"megafon_contents":[],"position_on_page":1},{"flag":null,"abuses":null,"recoubs_by_users_channels":null,"favourite":false,"promoted_id":null,"recoub":null,"like":null,"dislike":null,"reaction":null,"in_my_best2015":false,"id":137873492,"type":"Coub::Simple","permalink":"29qmix","title":"The Alarm | For #Reira","visibility_type":"public","original_visibility_type":"public","channel_id":5355480,"created_at":"2020-02-24T14:18:25Z","updated_at":"2022-03-18T02:55:44Z","is_done":true,"views_count":332907,"cotd":null,"cotd_at":null,"visible_on_explore_root":false,"visible_on_explore":false,"featured":false,"published":true,"published_at":"2020-02-24T14:25:37Z","reversed":false,"from_editor_v2":true,"is_editable":true,"original_sound":false,"has_sound":false,"recoub_to":null,"file_versions":{"html5":{"video":{"higher":{"url":"https://coub-anubis-a.akamaized.net/coub_storage/coub/simple/cw_file/b802a4f2dc7/80ea250d8a59259d6262e/muted_mp4_huge_size_1582553918_muted_huge.mp4","size":1821369},"high":{"url":"https://coub-anubis-a.akamaized.net/coub_storage/coub/simple/cw_file/b802a4f2dc7/80ea250d8a59259d6262e/muted_mp4_big_size_1582553918_muted_big.mp4","size":1302614},"med":{"url":"https://coub-anubis-a.akamaized.net/coub_storage/coub/simple/cw_file/b802a4f2dc7/80ea250d8a59259d6262e/muted_mp4_med_size_1582553918_muted_med.mp4","size":358107}},"audio":{"high":{"url":"https://coub-anubis-a.akamaized.net/coub_storage/coub/simple/cw_looped_audio_high/31cb010372d/41c35a87c888a928d84cc/1605708570_high_1582553935_high.mp3","size":4403762},"med":{"url":"https://coub-anubis-a.akamaized.net/coub_storage/coub/simple/cw_looped_audio_med/a7de38f7601/9678255ff42dee0dcf408/1605708569_med_1582553935_med.mp3","size":3114811}}},"mobile":{"video":"https://coub-anubis-a.akamaized.net/coub_storage/coub/simple/cw_file/b802a4f2dc7/80ea250d8a59259d6262e/muted_mp4_med_size_1582553918_muted_med.mp4","audio":["https://coub-anubis-a.akamaized.net/coub_storage/coub/simple/cw_looped_audio_med/a7de38f7601/9678255ff42dee0dcf408/1605708569_med_1582553935_med.mp3"]},"share":{"default":"https://coub-anubis-a.akamaized.net/coub_storage/coub/simple/cw_video_for_sharing/2eb2dd2b0e9/ffd500d95590fa82509ad/1608364477_looped_1608364476.mp4"}},"audio_versions":{"template":"https://coub-anubis-a.akamaized.net/coub_storage/audio_track/cw_file/805672be6bc/c38dd46e95f509b83224b/mid_1582553726_audio.mp3","versions":["mid","low"]},"image_versions":{"template":"https://coub-anubis-a.akamaized.net/coub_storage/coub/simple/cw_image/cbf7199241a/544180f0e72a057359372/1582553962_00023.jpg","versions":["micro","tiny","age_restricted","ios_large","ios_mosaic","big","med","small","pinterest"]},"first_frame_versions":{"template":"https://coub-anubis-a.akamaized.net/coub_storage/coub/simple/cw_timeline_pic/dec9b3234b6/6b317d63d7f5eb20e94b4/%{version}_1582553960_image.jpg","versions":["big","med","small","ios_large"]},"dimensions":{"big":[1280,720],"med":[640,360]},"site_w_h":[640,360],"page_w_h":[640,360],"site_w_h_small":[310,174],"size":[1280,720],"age_restricted":false,"age_restricted_by_admin":false,"not_safe_for_work":false,"allow_reuse":false,"dont_crop":true,"banned":false,"global_safe":true,"audio_file_url":"https://coub-anubis-a.akamaized.net/coub_storage/audio_track/cw_file/805672be6bc/c38dd46e95f509b83224b/low_1582553726_audio.mp3","external_download":false,"application":null,"channel":{"id":5355480,"permalink":"theamirhan","title":"✪TheAmirhan ❤","description":null,"followers_count":8729,"following_count":308,"avatar_versions":{"template":"https://coub-anubis-a.akamaized.net/coub_storage/channel/cw_avatar/1c09dfdf1df/2832a92bd177caf3f305a/%{version}_1640491635_daisamposebetieblan438956.jpg","versions":["medium","medium_2x","profile_pic","profile_pic_new","profile_pic_new_2x","tiny","tiny_2x","small","small_2x","ios_large","ios_small"]}},"file":null,"picture":"https://coub-anubis-a.akamaized.net/coub_storage/coub/simple/cw_image/cbf7199241a/544180f0e72a057359372/1582553962_00023.jpg","timeline_picture":"https://coub-anubis-a.akamaized.net/coub_storage/coub/simple/cw_timeline_pic/dec9b3234b6/6b317d63d7f5eb20e94b4/ios_large_1582553960_image.jpg","small_picture":"https://coub-anubis-a.akamaized.net/coub_storage/coub/simple/cw_image/cbf7199241a/544180f0e72a057359372/1582553962_00023.jpg","sharing_picture":null,"percent_done":100,"tags":[{"id":165,"title":"anime","value":"anime"},{"id":3584147,"title":"треки в группе!","value":"%D1%82%D1%80%D0%B5%D0%BA%D0%B8%20%D0%B2%20%D0%B3%D1%80%D1%83%D0%BF%D0%BF%D0%B5!"},{"id":2752042,"title":"sword art online ordinal scale","value":"sword%20art%20online%20ordinal%20scale"},{"id":82922,"title":"sword art online","value":"sword%20art%20online"},{"id":86947,"title":"sao","value":"sao"},{"id":1306553,"title":"asuna yuuki","value":"asuna%20yuuki"},{"id":4903275,"title":"theamirhan","value":"theamirhan"},{"id":660906,"title":"amirhan","value":"amirhan"},{"id":3656857,"title":"sensum","value":"sensum"},{"id":5244218,"title":"b100r","value":"b100r"},{"id":5411430,"title":"toxix","value":"toxix"},{"id":1735606,"title":"sinh","value":"sinh"},{"id":750923,"title":"kodoku","value":"kodoku"},{"id":2969457,"title":"reira","value":"reira"}],"categories":[{"id":36,"title":"Anime","permalink":"anime","subscriptions_count":10078018,"big_image_url":"https://coub-anubis-a.akamaized.net/coub_storage/category/cw_image/79d6e4a3e73/c0b7416c30391c998a2ac/big_1544750217_Anime2.png","small_image_url":"https://coub-anubis-a.akamaized.net/coub_storage/category/cw_image/79d6e4a3e73/c0b7416c30391c998a2ac/small_1544750217_Anime2.png","med_image_url":"https://coub-anubis-a.akamaized.net/coub_storage/category/cw_image/79d6e4a3e73/c0b7416c30391c998a2ac/med_1544750217_Anime2.png","visible":true}],"communities":[{"id":36,"title":"Anime","permalink":"anime","subscriptions_count":10078018,"big_image_url":"https://coub-anubis-a.akamaized.net/coub_storage/category/cw_image/79d6e4a3e73/c0b7416c30391c998a2ac/big_1544750217_Anime2.png","small_image_url":"https://coub-anubis-a.akamaized.net/coub_storage/category/cw_image/79d6e4a3e73/c0b7416c30391c998a2ac/small_1544750217_Anime2.png","med_image_url":"https://coub-anubis-a.akamaized.net/coub_storage/category/cw_image/79d6e4a3e73/c0b7416c30391c998a2ac/med_1544750217_Anime2.png","i_subscribed":true,"community_notifications_enabled":null,"description":null}],"recoubs_count":1225,"remixes_count":29,"likes_count":4686,"dislikes_count":0,"raw_video_id":14859074,"uploaded_by_ios_app":false,"uploaded_by_android_app":false,"media_blocks":{"uploaded_raw_videos":[],"external_raw_videos":[],"remixed_from_coubs":[]},"raw_video_thumbnail_url":"/missing/missing.png","raw_video_title":"edl-salo.txt.mp4","video_block_banned":false,"duration":7.16,"promo_winner":false,"promo_winner_recoubers":null,"editorial_info":{},"promo_hint":null,"beeline_best_2014":null,"from_web_editor":true,"normalize_sound":false,"normalize_change_allowed":true,"best2015_addable":false,"ahmad_promo":null,"promo_data":null,"audio_copyright_claim":null,"ads_disabled":false,"is_safe_for_ads":true,"megafon_contents":[{"id":10730,"content":{"title":"Код Да Винчи","year":2006,"kind":"film","season":null,"parental_rating":12,"url":"https://megafon.tv/movies/vods/Kod_davinchi_2006?utm_source=coub&utm_medium=shazam&utm_campaign=ml-tv_megafon-tv_coub-shazam-special_nov-dec_2019","preview_url":"https://static-sesure.cdn.megafon.tv/images/Film/47/a5/1fda6b2cc3da34ef3ac678cb5f7ffef0a6c6/tile__external.jpeg"},"match_duration":0.73,"max_frame_diff":10,"is_correct":null},{"id":10729,"content":{"title":"Готика","year":2003,"kind":"film","season":null,"parental_rating":16,"url":"https://megafon.tv/movies/vods/Gotika?utm_source=coub&utm_medium=shazam&utm_campaign=ml-tv_megafon-tv_coub-shazam-special_nov-dec_2019","preview_url":"https://static-sesure.cdn.megafon.tv/images/Film/cc/e8/8629a66e8038cde3e82e425f27c65bee861a/tile__external.jpeg"},"match_duration":0.67,"max_frame_diff":10,"is_correct":null}],"position_on_page":2},{"flag":null,"abuses":null,"recoubs_by_users_channels":null,"favourite":false,"promoted_id":null,"recoub":null,"like":null,"dislike":null,"reaction":null,"in_my_best2015":false,"id":87923553,"type":"Coub::Simple","permalink":"1fxvfk","title":"2D 3D 8D ۞","visibility_type":"public","original_visibility_type":"public","channel_id":3292428,"created_at":"2018-10-12T07:52:21Z","updated_at":"2022-03-18T05:25:38Z","is_done":true,"views_count":287734,"cotd":null,"cotd_at":null,"visible_on_explore_root":false,"visible_on_explore":false,"featured":false,"published":true,"published_at":"2018-10-12T12:12:06Z","reversed":false,"from_editor_v2":true,"is_editable":true,"original_sound":false,"has_sound":false,"recoub_to":null,"file_versions":{"html5":{"video":{"higher":{"url":"https://coub-anubis-a.akamaized.net/coub_storage/coub/simple/cw_file/47839691f1f/a3ea4086f6d98275c1069/muted_mp4_huge_size_1569312414_muted_huge.mp4","size":2643110},"high":{"url":"https://coub-anubis-a.akamaized.net/coub_storage/coub/simple/cw_file/47839691f1f/a3ea4086f6d98275c1069/muted_mp4_big_size_1569312414_muted_big.mp4","size":2004890},"med":{"url":"https://coub-anubis-a.akamaized.net/coub_storage/coub/simple/cw_file/47839691f1f/a3ea4086f6d98275c1069/muted_mp4_med_size_1569312414_muted_med.mp4","size":594270}},"audio":{"high":{"url":"https://coub-anubis-a.akamaized.net/coub_storage/coub/simple/cw_looped_audio_high/119f4ef3d9a/aabb25f71a2fc49ed40eb/1605605352_high_1539330814_high.mp3","size":1896483},"med":{"url":"https://coub-anubis-a.akamaized.net/coub_storage/coub/simple/cw_looped_audio_med/a2f59711276/6fe8b6eb7bb51c4ae33fc/1605605349_med_1539330814_med.mp3","size":1379957}}},"mobile":{"video":"https://coub-anubis-a.akamaized.net/coub_storage/coub/simple/cw_file/47839691f1f/a3ea4086f6d98275c1069/muted_mp4_med_size_1569312414_muted_med.mp4","audio":["https://coub-anubis-a.akamaized.net/coub_storage/coub/simple/cw_looped_audio_med/a2f59711276/6fe8b6eb7bb51c4ae33fc/1605605349_med_1539330814_med.mp3"]},"share":{"default":"https://coub-anubis-a.akamaized.net/coub_storage/coub/simple/cw_video_for_sharing/d00f72af0d4/44a06e5ee862e9896b3a7/1609533198_looped_1609533197.mp4"}},"audio_versions":{"template":"https://coub-anubis-a.akamaized.net/coub_storage/audio_track/cw_file/34519afef85/cb66331b611a808bf9598/mid_1539330753_1h9zfcd_edited.mp3","versions":["mid","low"]},"image_versions":{"template":"https://coub-anubis-a.akamaized.net/coub_storage/coub/simple/cw_image/75710c818d9/cf1485eabcce44a52e721/1539330870_00031.jpg","versions":["micro","tiny","age_restricted","ios_large","ios_mosaic","big","med","small","pinterest"]},"first_frame_versions":{"template":"https://coub-anubis-a.akamaized.net/coub_storage/coub/simple/cw_timeline_pic/4554ad0cd7e/39b97ea55851ea049056a/%{version}_1539330869_image.jpg","versions":["big","med","small","ios_large"]},"dimensions":{"big":[1280,720],"med":[640,360]},"site_w_h":[640,360],"page_w_h":[640,360],"site_w_h_small":[310,174],"size":[1280,720],"age_restricted":false,"age_restricted_by_admin":false,"not_safe_for_work":false,"allow_reuse":false,"dont_crop":false,"banned":false,"global_safe":true,"audio_file_url":"https://coub-anubis-a.akamaized.net/coub_storage/audio_track/cw_file/34519afef85/cb66331b611a808bf9598/low_1539330753_1h9zfcd_edited.mp3","external_download":false,"application":null,"channel":{"id":3292428,"permalink":"ykio-oris","title":"𝓨𝓴𝓲𝓸 𝓞𝓻𝓲𝓼 ۞ ","description":"I'm sad... I'm crying...","followers_count":15187,"following_count":160,"avatar_versions":{"template":"https://coub-anubis-a.akamaized.net/coub_storage/channel/cw_avatar/f9c988dcffe/c693e648472609d52089f/%{version}_1611411933_download2021010617DD1624.png","versions":["medium","medium_2x","profile_pic","profile_pic_new","profile_pic_new_2x","tiny","tiny_2x","small","small_2x","ios_large","ios_small"]}},"file":null,"picture":"https://coub-anubis-a.akamaized.net/coub_storage/coub/simple/cw_image/75710c818d9/cf1485eabcce44a52e721/1539330870_00031.jpg","timeline_picture":"https://coub-anubis-a.akamaized.net/coub_storage/coub/simple/cw_timeline_pic/4554ad0cd7e/39b97ea55851ea049056a/ios_large_1539330869_image.jpg","small_picture":"https://coub-anubis-a.akamaized.net/coub_storage/coub/simple/cw_image/75710c818d9/cf1485eabcce44a52e721/1539330870_00031.jpg","sharing_picture":null,"percent_done":100,"tags":[{"id":3892162,"title":"треки и аниме в группе!","value":"%D1%82%D1%80%D0%B5%D0%BA%D0%B8%20%D0%B8%20%D0%B0%D0%BD%D0%B8%D0%BC%D0%B5%20%D0%B2%20%D0%B3%D1%80%D1%83%D0%BF%D0%BF%D0%B5!"},{"id":1417075,"title":"sony vegas pro 13","value":"sony%20vegas%20pro%2013"},{"id":86,"title":"music","value":"music"},{"id":165,"title":"anime","value":"anime"},{"id":10597,"title":"edit","value":"edit"},{"id":394226,"title":"ncr","value":"ncr"},{"id":3147610,"title":"۞","value":"%DB%9E"},{"id":455890,"title":"8d","value":"8d"},{"id":1338,"title":"3d","value":"3d"},{"id":5211,"title":"2d","value":"2d"}],"categories":[{"id":36,"title":"Anime","permalink":"anime","subscriptions_count":10078018,"big_image_url":"https://coub-anubis-a.akamaized.net/coub_storage/category/cw_image/79d6e4a3e73/c0b7416c30391c998a2ac/big_1544750217_Anime2.png","small_image_url":"https://coub-anubis-a.akamaized.net/coub_storage/category/cw_image/79d6e4a3e73/c0b7416c30391c998a2ac/small_1544750217_Anime2.png","med_image_url":"https://coub-anubis-a.akamaized.net/coub_storage/category/cw_image/79d6e4a3e73/c0b7416c30391c998a2ac/med_1544750217_Anime2.png","visible":true}],"communities":[{"id":36,"title":"Anime","permalink":"anime","subscriptions_count":10078018,"big_image_url":"https://coub-anubis-a.akamaized.net/coub_storage/category/cw_image/79d6e4a3e73/c0b7416c30391c998a2ac/big_1544750217_Anime2.png","small_image_url":"https://coub-anubis-a.akamaized.net/coub_storage/category/cw_image/79d6e4a3e73/c0b7416c30391c998a2ac/small_1544750217_Anime2.png","med_image_url":"https://coub-anubis-a.akamaized.net/coub_storage/category/cw_image/79d6e4a3e73/c0b7416c30391c998a2ac/med_1544750217_Anime2.png","i_subscribed":true,"community_notifications_enabled":null,"description":null}],"recoubs_count":1066,"remixes_count":15,"likes_count":4686,"dislikes_count":0,"raw_video_id":12515944,"uploaded_by_ios_app":false,"uploaded_by_android_app":false,"media_blocks":{"uploaded_raw_videos":[],"external_raw_videos":[],"remixed_from_coubs":[]},"raw_video_thumbnail_url":"/missing/missing.png","raw_video_title":"____.avi","video_block_banned":false,"duration":9.64,"promo_winner":false,"promo_winner_recoubers":null,"editorial_info":{},"promo_hint":null,"beeline_best_2014":null,"from_web_editor":true,"normalize_sound":false,"normalize_change_allowed":true,"best2015_addable":false,"ahmad_promo":null,"promo_data":null,"audio_copyright_claim":null,"ads_disabled":false,"is_safe_for_ads":true,"megafon_contents":[],"position_on_page":3},{"flag":null,"abuses":null,"recoubs_by_users_channels":null,"favourite":false,"promoted_id":null,"recoub":null,"like":null,"dislike":null,"reaction":null,"in_my_best2015":false,"id":158926737,"type":"Coub::Simple","permalink":"2m9vgg","title":"Rushed","visibility_type":"public","original_visibility_type":"public","channel_id":4818928,"created_at":"2020-11-30T23:27:06Z","updated_at":"2022-03-17T23:13:45Z","is_done":true,"views_count":283757,"cotd":null,"cotd_at":null,"visible_on_explore_root":false,"visible_on_explore":false,"featured":false,"published":true,"published_at":"2020-11-30T23:27:06Z","reversed":false,"from_editor_v2":true,"is_editable":true,"original_sound":false,"has_sound":false,"recoub_to":null,"file_versions":{"html5":{"video":{"higher":{"url":"https://coub-anubis-a.akamaized.net/coub_storage/coub/simple/cw_file/52a128812f6/fcd144fbd5c245ed876d6/muted_mp4_huge_size_1606778827_muted_huge.mp4","size":374360},"high":{"url":"https://coub-anubis-a.akamaized.net/coub_storage/coub/simple/cw_file/52a128812f6/fcd144fbd5c245ed876d6/muted_mp4_big_size_1606778827_muted_big.mp4","size":286426},"med":{"url":"https://coub-anubis-a.akamaized.net/coub_storage/coub/simple/cw_file/52a128812f6/fcd144fbd5c245ed876d6/muted_mp4_med_size_1606778827_muted_med.mp4","size":121355}},"audio":{"high":{"url":"https://coub-anubis-a.akamaized.net/coub_storage/coub/simple/cw_looped_audio_high/c85dbcd06bb/74f33daee3ed7af277727/1606778839_mp3-high.mp3","size":981925},"med":{"url":"https://coub-anubis-a.akamaized.net/coub_storage/coub/simple/cw_looped_audio_med/e4cf07863e7/1dea2e4d5d4fdcfcbbd1e/1606778839_mp3-med.mp3","size":702645}}},"mobile":{"video":"https://coub-anubis-a.akamaized.net/coub_storage/coub/simple/cw_file/52a128812f6/fcd144fbd5c245ed876d6/muted_mp4_med_size_1606778827_muted_med.mp4","audio":["https://coub-anubis-a.akamaized.net/coub_storage/coub/simple/cw_looped_audio_med/e4cf07863e7/1dea2e4d5d4fdcfcbbd1e/1606778839_mp3-med.mp3"]},"share":{"default":"https://coub-anubis-a.akamaized.net/coub_storage/coub/simple/cw_video_for_sharing/e3f5fe3dead/0c4a5ba024dbe0b34c38c/1606778859_looped_1606778858.mp4"}},"audio_versions":{"template":"https://coub-anubis-a.akamaized.net/coub_storage/audio_track/cw_normalized_copy/07be6e05adb/1d0760ddbbba2bfe66ff5/mid_1606778834_normalized_1606778829_1nb8cjn_edited.mp3","versions":["mid","low"]},"image_versions":{"template":"https://coub-anubis-a.akamaized.net/coub_storage/coub/simple/cw_image/a922f2ac9b0/afba147948a4cdc4ac2e7/%{version}_1606778842_00006.jpg","versions":["micro","tiny","age_restricted","ios_large","ios_mosaic","big","med","small","pinterest"]},"first_frame_versions":{"template":"https://coub-anubis-a.akamaized.net/coub_storage/coub/simple/cw_timeline_pic/4d221c611d7/2fd06f0aa2392a22cb6e5/%{version}_1606778842_image.jpg","versions":["big","med","small","ios_large"]},"dimensions":{"big":[1280,926],"med":[640,462]},"site_w_h":[640,463],"page_w_h":[640,463],"site_w_h_small":[310,224],"size":[1280,926],"age_restricted":false,"age_restricted_by_admin":false,"not_safe_for_work":false,"allow_reuse":false,"dont_crop":true,"banned":false,"global_safe":true,"audio_file_url":"https://coub-anubis-a.akamaized.net/coub_storage/audio_track/cw_normalized_copy/07be6e05adb/1d0760ddbbba2bfe66ff5/low_1606778834_normalized_1606778829_1nb8cjn_edited.mp3","external_download":false,"application":null,"channel":{"id":4818928,"permalink":"tiki-torchs","title":"Tiki Torchs","description":null,"followers_count":159,"following_count":15,"avatar_versions":{"template":"https://coub-anubis-a.akamaized.net/coub_storage/channel/cw_avatar/f99dfb3312f/3c14ebc4d381878d8989f/%{version}_1642814387_download__14_.jpg","versions":["medium","medium_2x","profile_pic","profile_pic_new","profile_pic_new_2x","tiny","tiny_2x","small","small_2x","ios_large","ios_small"]}},"file":null,"picture":"https://coub-anubis-a.akamaized.net/coub_storage/coub/simple/cw_image/a922f2ac9b0/afba147948a4cdc4ac2e7/med_1606778842_00006.jpg","timeline_picture":"https://coub-anubis-a.akamaized.net/coub_storage/coub/simple/cw_timeline_pic/4d221c611d7/2fd06f0aa2392a22cb6e5/ios_large_1606778842_image.jpg","small_picture":"https://coub-anubis-a.akamaized.net/coub_storage/coub/simple/cw_image/a922f2ac9b0/afba147948a4cdc4ac2e7/ios_mosaic_1606778842_00006.jpg","sharing_picture":null,"percent_done":100,"tags":[{"id":165,"title":"anime","value":"anime"},{"id":86,"title":"music","value":"music"},{"id":183,"title":"girl","value":"girl"}],"categories":[{"id":36,"title":"Anime","permalink":"anime","subscriptions_count":10078018,"big_image_url":"https://coub-anubis-a.akamaized.net/coub_storage/category/cw_image/79d6e4a3e73/c0b7416c30391c998a2ac/big_1544750217_Anime2.png","small_image_url":"https://coub-anubis-a.akamaized.net/coub_storage/category/cw_image/79d6e4a3e73/c0b7416c30391c998a2ac/small_1544750217_Anime2.png","med_image_url":"https://coub-anubis-a.akamaized.net/coub_storage/category/cw_image/79d6e4a3e73/c0b7416c30391c998a2ac/med_1544750217_Anime2.png","visible":true}],"communities":[{"id":36,"title":"Anime","permalink":"anime","subscriptions_count":10078018,"big_image_url":"https://coub-anubis-a.akamaized.net/coub_storage/category/cw_image/79d6e4a3e73/c0b7416c30391c998a2ac/big_1544750217_Anime2.png","small_image_url":"https://coub-anubis-a.akamaized.net/coub_storage/category/cw_image/79d6e4a3e73/c0b7416c30391c998a2ac/small_1544750217_Anime2.png","med_image_url":"https://coub-anubis-a.akamaized.net/coub_storage/category/cw_image/79d6e4a3e73/c0b7416c30391c998a2ac/med_1544750217_Anime2.png","i_subscribed":true,"community_notifications_enabled":null,"description":null}],"recoubs_count":1013,"remixes_count":8,"likes_count":4685,"dislikes_count":0,"raw_video_id":"","uploaded_by_ios_app":false,"uploaded_by_android_app":false,"media_blocks":{"uploaded_raw_videos":[],"external_raw_videos":[],"remixed_from_coubs":[{"id":35929957,"title":"PANICFIELD","url":"https://coub.com/coubs/2ehhao/remix","image":"https://coub-anubis-a.akamaized.net/coub_storage/media_block/cw_image/7d206903e74/a366cb25684e3513f58c0/1590478140_1b6cenl_1590478129_00006.jpg","image_retina":"https://coub-anubis-a.akamaized.net/coub_storage/media_block/cw_image/7d206903e74/a366cb25684e3513f58c0/1590478140_1b6cenl_1590478129_00006.jpg","meta":{"duration":"1.76"},"duration":null,"coub_channel_title":"⭕⃤ ↬◤Iron✠MoNster◢","coub_channel_permalink":"ironmonster","coub_views_count":1789,"coub_permalink":"2ehhao"}]},"raw_video_thumbnail_url":"","raw_video_title":"","video_block_banned":false,"duration":1.76,"promo_winner":false,"promo_winner_recoubers":null,"editorial_info":{},"promo_hint":null,"beeline_best_2014":null,"from_web_editor":true,"normalize_sound":true,"normalize_change_allowed":true,"best2015_addable":false,"ahmad_promo":null,"promo_data":null,"audio_copyright_claim":null,"ads_disabled":false,"is_safe_for_ads":true,"megafon_contents":[],"position_on_page":4},{"flag":null,"abuses":null,"recoubs_by_users_channels":null,"favourite":false,"promoted_id":null,"recoub":null,"like":null,"dislike":null,"reaction":null,"in_my_best2015":false,"id":177744587,"type":"Coub::Simple","permalink":"2xh7ii","title":"The Breach","visibility_type":"public","original_visibility_type":"public","channel_id":378543,"created_at":"2021-10-28T08:37:59Z","updated_at":"2022-03-18T07:56:56Z","is_done":true,"views_count":289377,"cotd":null,"cotd_at":null,"visible_on_explore_root":true,"visible_on_explore":true,"featured":true,"published":true,"published_at":"2021-10-28T08:37:59Z","reversed":false,"from_editor_v2":true,"is_editable":true,"original_sound":false,"has_sound":false,"recoub_to":null,"file_versions":{"html5":{"video":{"higher":{"url":"https://coub-anubis-a.akamaized.net/coub_storage/coub/simple/cw_file/393b0fd194a/659ecf7e698e33f0ce065/muted_mp4_huge_size_1635410288_muted_huge.mp4","size":3031476},"high":{"url":"https://coub-anubis-a.akamaized.net/coub_storage/coub/simple/cw_file/393b0fd194a/659ecf7e698e33f0ce065/muted_mp4_big_size_1635410288_muted_big.mp4","size":2146905},"med":{"url":"https://coub-anubis-a.akamaized.net/coub_storage/coub/simple/cw_file/393b0fd194a/659ecf7e698e33f0ce065/muted_mp4_med_size_1635410288_muted_med.mp4","size":740057}},"audio":{"high":{"url":"https://coub-anubis-a.akamaized.net/coub_storage/coub/simple/cw_looped_audio_high/5daf1499b72/3861a2a2a8ebb7eece2e5/1635410292_mp3-high.mp3","size":1293973},"med":{"url":"https://coub-anubis-a.akamaized.net/coub_storage/coub/simple/cw_looped_audio_med/0b6d5450a51/191e74bf437ed859f9523/1635410291_mp3-med.mp3","size":869862}}},"mobile":{"video":"https://coub-anubis-a.akamaized.net/coub_storage/coub/simple/cw_file/393b0fd194a/659ecf7e698e33f0ce065/muted_mp4_med_size_1635410288_muted_med.mp4","audio":["https://coub-anubis-a.akamaized.net/coub_storage/coub/simple/cw_looped_audio_med/0b6d5450a51/191e74bf437ed859f9523/1635410291_mp3-med.mp3"]},"share":{"default":"https://coub-anubis-a.akamaized.net/coub_storage/coub/simple/cw_video_for_sharing/080a7cacea9/2956fdf16c38e95e85089/1635410324_looped_1635410323.mp4"}},"audio_versions":{"template":"https://coub-anubis-a.akamaized.net/coub_storage/audio_track/cw_file/8a29e302dfb/440df8fe362b1c4ea86ed/mid_1635410043_audio.mp3","versions":["mid","low"]},"image_versions":{"template":"https://coub-anubis-a.akamaized.net/coub_storage/coub/simple/cw_image/86cdd758d71/4b938de334d549b9da8f6/%{version}_1635410298_00029.jpg","versions":["micro","tiny","age_restricted","ios_large","ios_mosaic","big","med","small","pinterest"]},"first_frame_versions":{"template":"https://coub-anubis-a.akamaized.net/coub_storage/coub/simple/cw_timeline_pic/97a9c0b6ec9/a4182d5d1a919613b82af/%{version}_1635410297_image.jpg","versions":["big","med","small","ios_large"]},"dimensions":{"big":[1280,720],"med":[640,360]},"site_w_h":[640,360],"page_w_h":[640,360],"site_w_h_small":[310,174],"size":[1280,720],"age_restricted":false,"age_restricted_by_admin":false,"not_safe_for_work":false,"allow_reuse":false,"dont_crop":true,"banned":false,"global_safe":true,"audio_file_url":"https://coub-anubis-a.akamaized.net/coub_storage/audio_track/cw_file/8a29e302dfb/440df8fe362b1c4ea86ed/low_1635410043_audio.mp3","external_download":false,"application":null,"channel":{"id":378543,"permalink":"animal.rights","title":"Quadra⁴⁰⁴","description":"UA","followers_count":10272,"following_count":95,"avatar_versions":{"template":"https://coub-anubis-a.akamaized.net/coub_storage/channel/cw_avatar/9156fc57c82/5428e95ca7512a1521182/%{version}_1636989570_2__1_.png","versions":["medium","medium_2x","profile_pic","profile_pic_new","profile_pic_new_2x","tiny","tiny_2x","small","small_2x","ios_large","ios_small"]}},"file":null,"picture":"https://coub-anubis-a.akamaized.net/coub_storage/coub/simple/cw_image/86cdd758d71/4b938de334d549b9da8f6/med_1635410298_00029.jpg","timeline_picture":"https://coub-anubis-a.akamaized.net/coub_storage/coub/simple/cw_timeline_pic/97a9c0b6ec9/a4182d5d1a919613b82af/ios_large_1635410297_image.jpg","small_picture":"https://coub-anubis-a.akamaized.net/coub_storage/coub/simple/cw_image/86cdd758d71/4b938de334d549b9da8f6/ios_mosaic_1635410298_00029.jpg","sharing_picture":null,"percent_done":100,"tags":[{"id":6544340,"title":"starset - the breach","value":"starset%20-%20the%20breach"},{"id":4446545,"title":"sound fx+","value":"sound%20fx+"},{"id":4421017,"title":"quadra anime coub","value":"quadra%20anime%20coub"},{"id":3548731,"title":"arknights","value":"arknights"},{"id":5410509,"title":"nearl","value":"nearl"},{"id":30719,"title":"platinum","value":"platinum"},{"id":5244218,"title":"b100r","value":"b100r"}],"categories":[{"id":36,"title":"Anime","permalink":"anime","subscriptions_count":10078018,"big_image_url":"https://coub-anubis-a.akamaized.net/coub_storage/category/cw_image/79d6e4a3e73/c0b7416c30391c998a2ac/big_1544750217_Anime2.png","small_image_url":"https://coub-anubis-a.akamaized.net/coub_storage/category/cw_image/79d6e4a3e73/c0b7416c30391c998a2ac/small_1544750217_Anime2.png","med_image_url":"https://coub-anubis-a.akamaized.net/coub_storage/category/cw_image/79d6e4a3e73/c0b7416c30391c998a2ac/med_1544750217_Anime2.png","visible":true}],"communities":[{"id":36,"title":"Anime","permalink":"anime","subscriptions_count":10078018,"big_image_url":"https://coub-anubis-a.akamaized.net/coub_storage/category/cw_image/79d6e4a3e73/c0b7416c30391c998a2ac/big_1544750217_Anime2.png","small_image_url":"https://coub-anubis-a.akamaized.net/coub_storage/category/cw_image/79d6e4a3e73/c0b7416c30391c998a2ac/small_1544750217_Anime2.png","med_image_url":"https://coub-anubis-a.akamaized.net/coub_storage/category/cw_image/79d6e4a3e73/c0b7416c30391c998a2ac/med_1544750217_Anime2.png","i_subscribed":true,"community_notifications_enabled":null,"description":null}],"recoubs_count":1051,"remixes_count":4,"likes_count":4679,"dislikes_count":0,"raw_video_id":16879961,"uploaded_by_ios_app":false,"uploaded_by_android_app":false,"media_blocks":{"uploaded_raw_videos":[],"external_raw_videos":[],"remixed_from_coubs":[]},"raw_video_thumbnail_url":"https://coub-anubis-a.akamaized.net/coub_storage/raw_video/cw_image/acb58046ffb/63db5e9016e57a08f0298/coub_media_1635410022_image.jpg","raw_video_title":"coub.mp4","video_block_banned":false,"duration":9.08,"promo_winner":false,"promo_winner_recoubers":null,"editorial_info":{},"promo_hint":null,"beeline_best_2014":null,"from_web_editor":true,"normalize_sound":false,"normalize_change_allowed":true,"best2015_addable":false,"ahmad_promo":null,"promo_data":null,"audio_copyright_claim":null,"ads_disabled":false,"is_safe_for_ads":true,"megafon_contents":[],"position_on_page":5},{"flag":null,"abuses":null,"recoubs_by_users_channels":null,"favourite":false,"promoted_id":null,"recoub":null,"like":null,"dislike":null,"reaction":null,"in_my_best2015":false,"id":174887606,"type":"Coub::Simple","permalink":"2vrz1h","title":"лучшие витамины","visibility_type":"public","original_visibility_type":"public","channel_id":5663257,"created_at":"2021-09-03T10:52:21Z","updated_at":"2022-03-18T04:49:25Z","is_done":true,"views_count":250210,"cotd":null,"cotd_at":null,"visible_on_explore_root":false,"visible_on_explore":false,"featured":false,"published":true,"published_at":"2021-09-03T10:52:21Z","reversed":false,"from_editor_v2":true,"is_editable":true,"original_sound":true,"has_sound":true,"recoub_to":null,"file_versions":{"html5":{"video":{"higher":{"url":"https://coub-anubis-a.akamaized.net/coub_storage/coub/simple/cw_file/79e0c901899/9b47fa712da40c874f829/muted_mp4_huge_size_1630666347_muted_huge.mp4","size":1563131},"high":{"url":"https://coub-anubis-a.akamaized.net/coub_storage/coub/simple/cw_file/79e0c901899/9b47fa712da40c874f829/muted_mp4_big_size_1630666347_muted_big.mp4","size":1012570},"med":{"url":"https://coub-anubis-a.akamaized.net/coub_storage/coub/simple/cw_file/79e0c901899/9b47fa712da40c874f829/muted_mp4_med_size_1630666347_muted_med.mp4","size":328443}},"audio":{"high":{"url":"https://coub-anubis-a.akamaized.net/coub_storage/coub/simple/cw_looped_audio_high/f59788b7ef9/677d1be807ffa5ab7048d/1630666349_mp3-high.mp3","size":1085623},"med":{"url":"https://coub-anubis-a.akamaized.net/coub_storage/coub/simple/cw_looped_audio_med/e873b699281/ec01edc1d705f2a5022fa/1630666348_mp3-med.mp3","size":933673},"sample_duration":9.845}},"mobile":{"video":"https://coub-anubis-a.akamaized.net/coub_storage/coub/simple/cw_file/79e0c901899/9b47fa712da40c874f829/muted_mp4_med_size_1630666347_muted_med.mp4","audio":["https://coub-anubis-a.akamaized.net/coub_storage/coub/simple/cw_looped_audio_med/e873b699281/ec01edc1d705f2a5022fa/1630666348_mp3-med.mp3"]},"share":{"default":"https://coub-anubis-a.akamaized.net/coub_storage/coub/simple/cw_video_for_sharing/c5312fb6985/897a8f9d324972f6e77b7/1630666372_looped_1630666371.mp4"}},"audio_versions":{},"image_versions":{"template":"https://coub-anubis-a.akamaized.net/coub_storage/coub/simple/cw_image/71c8aa82751/e30909d28637e0ff44e4b/%{version}_1630666353_00031.jpg","versions":["micro","tiny","age_restricted","ios_large","ios_mosaic","big","med","small","pinterest"]},"first_frame_versions":{"template":"https://coub-anubis-a.akamaized.net/coub_storage/coub/simple/cw_timeline_pic/c627c144619/e7f306778e7ee2e369662/%{version}_1630666353_image.jpg","versions":["big","med","small","ios_large"]},"dimensions":{"big":[1280,720],"med":[640,360]},"site_w_h":[640,360],"page_w_h":[640,360],"site_w_h_small":[310,174],"size":[1280,720],"age_restricted":false,"age_restricted_by_admin":false,"not_safe_for_work":false,"allow_reuse":false,"dont_crop":true,"banned":false,"global_safe":null,"audio_file_url":null,"external_download":false,"application":null,"channel":{"id":5663257,"permalink":"dundee22","title":"DunDee22","description":"спасибо вам за всё","followers_count":314,"following_count":26,"avatar_versions":{"template":"https://coub-anubis-a.akamaized.net/coub_storage/channel/cw_avatar/19be4c19807/289696a9573c26ab13f98/%{version}_1620547396_c31b4e1b9b1a3856.jpg","versions":["medium","medium_2x","profile_pic","profile_pic_new","profile_pic_new_2x","tiny","tiny_2x","small","small_2x","ios_large","ios_small"]}},"file":null,"picture":"https://coub-anubis-a.akamaized.net/coub_storage/coub/simple/cw_image/71c8aa82751/e30909d28637e0ff44e4b/med_1630666353_00031.jpg","timeline_picture":"https://coub-anubis-a.akamaized.net/coub_storage/coub/simple/cw_timeline_pic/c627c144619/e7f306778e7ee2e369662/ios_large_1630666353_image.jpg","small_picture":"https://coub-anubis-a.akamaized.net/coub_storage/coub/simple/cw_image/71c8aa82751/e30909d28637e0ff44e4b/ios_mosaic_1630666353_00031.jpg","sharing_picture":null,"percent_done":100,"tags":[{"id":165,"title":"anime","value":"anime"},{"id":7602,"title":"hentai","value":"hentai"},{"id":17408,"title":"витамины","value":"%D0%B2%D0%B8%D1%82%D0%B0%D0%BC%D0%B8%D0%BD%D1%8B"}],"categories":[{"id":36,"title":"Anime","permalink":"anime","subscriptions_count":10078018,"big_image_url":"https://coub-anubis-a.akamaized.net/coub_storage/category/cw_image/79d6e4a3e73/c0b7416c30391c998a2ac/big_1544750217_Anime2.png","small_image_url":"https://coub-anubis-a.akamaized.net/coub_storage/category/cw_image/79d6e4a3e73/c0b7416c30391c998a2ac/small_1544750217_Anime2.png","med_image_url":"https://coub-anubis-a.akamaized.net/coub_storage/category/cw_image/79d6e4a3e73/c0b7416c30391c998a2ac/med_1544750217_Anime2.png","visible":true}],"communities":[{"id":36,"title":"Anime","permalink":"anime","subscriptions_count":10078018,"big_image_url":"https://coub-anubis-a.akamaized.net/coub_storage/category/cw_image/79d6e4a3e73/c0b7416c30391c998a2ac/big_1544750217_Anime2.png","small_image_url":"https://coub-anubis-a.akamaized.net/coub_storage/category/cw_image/79d6e4a3e73/c0b7416c30391c998a2ac/small_1544750217_Anime2.png","med_image_url":"https://coub-anubis-a.akamaized.net/coub_storage/category/cw_image/79d6e4a3e73/c0b7416c30391c998a2ac/med_1544750217_Anime2.png","i_subscribed":true,"community_notifications_enabled":null,"description":null}],"recoubs_count":903,"remixes_count":0,"likes_count":4678,"dislikes_count":0,"raw_video_id":16740210,"uploaded_by_ios_app":false,"uploaded_by_android_app":false,"media_blocks":{"uploaded_raw_videos":[],"external_raw_videos":[],"remixed_from_coubs":[]},"raw_video_thumbnail_url":"https://coub-anubis-a.akamaized.net/coub_storage/raw_video/cw_image/5e0ce545f08/6cbbd9623c0dde00bdd53/coub_media_1630666242_image.jpg","raw_video_title":"dundee22_lsd.mp4","video_block_banned":false,"duration":9.84,"promo_winner":false,"promo_winner_recoubers":null,"editorial_info":{},"promo_hint":null,"beeline_best_2014":null,"from_web_editor":true,"normalize_sound":true,"normalize_change_allowed":true,"best2015_addable":false,"ahmad_promo":null,"promo_data":null,"audio_copyright_claim":null,"ads_disabled":false,"is_safe_for_ads":true,"megafon_contents":[],"position_on_page":6},{"flag":null,"abuses":null,"recoubs_by_users_channels":null,"favourite":false,"promoted_id":null,"recoub":null,"like":null,"dislike":null,"reaction":null,"in_my_best2015":false,"id":156113341,"type":"Coub::Simple","permalink":"2klklw","title":"Coub editor addiction","visibility_type":"public","original_visibility_type":"public","channel_id":5161354,"created_at":"2020-10-19T16:06:30Z","updated_at":"2022-03-18T02:19:22Z","is_done":true,"views_count":326019,"cotd":null,"cotd_at":null,"visible_on_explore_root":true,"visible_on_explore":true,"featured":true,"published":true,"published_at":"2020-10-23T13:59:36Z","reversed":false,"from_editor_v2":true,"is_editable":true,"original_sound":false,"has_sound":false,"recoub_to":null,"file_versions":{"html5":{"video":{"higher":{"url":"https://coub-anubis-a.akamaized.net/coub_storage/coub/simple/cw_file/554ecaba0f1/976234fd94aba42d9dafe/muted_mp4_huge_size_1603123637_muted_huge.mp4","size":1478187},"high":{"url":"https://coub-anubis-a.akamaized.net/coub_storage/coub/simple/cw_file/554ecaba0f1/976234fd94aba42d9dafe/muted_mp4_big_size_1603123637_muted_big.mp4","size":1009160},"med":{"url":"https://coub-anubis-a.akamaized.net/coub_storage/coub/simple/cw_file/554ecaba0f1/976234fd94aba42d9dafe/muted_mp4_med_size_1603123637_muted_med.mp4","size":320264}},"audio":{"high":{"url":"https://coub-anubis-a.akamaized.net/coub_storage/coub/simple/cw_looped_audio_high/3e57f106f40/7a443ec0c595c58e4089a/1603123683_mp3-high.mp3","size":3789900},"med":{"url":"https://coub-anubis-a.akamaized.net/coub_storage/coub/simple/cw_looped_audio_med/600421e0e87/591e1b69f9b0995e93775/1603123681_mp3-med.mp3","size":2730724}}},"mobile":{"video":"https://coub-anubis-a.akamaized.net/coub_storage/coub/simple/cw_file/554ecaba0f1/976234fd94aba42d9dafe/muted_mp4_med_size_1603123637_muted_med.mp4","audio":["https://coub-anubis-a.akamaized.net/coub_storage/coub/simple/cw_looped_audio_med/600421e0e87/591e1b69f9b0995e93775/1603123681_mp3-med.mp3"]},"share":{"default":"https://coub-anubis-a.akamaized.net/coub_storage/coub/simple/cw_video_for_sharing/924ed19c5c7/b16b6fc4fb6c42617c420/1608325002_looped_1608325001.mp4"}},"audio_versions":{"template":"https://coub-anubis-a.akamaized.net/coub_storage/audio_track/cw_normalized_copy/8bb25e77443/fdce051bc2f6f41586863/mid_1603123663_normalized_1603123640_1oorz6f_edited.mp3","versions":["mid","low"]},"image_versions":{"template":"https://coub-anubis-a.akamaized.net/coub_storage/coub/simple/cw_image/8981265beff/238ab889bf04353520c2c/1603123687_00026.jpg","versions":["micro","tiny","age_restricted","ios_large","ios_mosaic","big","med","small","pinterest"]},"first_frame_versions":{"template":"https://coub-anubis-a.akamaized.net/coub_storage/coub/simple/cw_timeline_pic/a4e17730766/33f1328435f41c07a9ff4/%{version}_1603123687_image.jpg","versions":["big","med","small","ios_large"]},"dimensions":{"big":[1280,720],"med":[640,360]},"site_w_h":[640,360],"page_w_h":[640,360],"site_w_h_small":[310,174],"size":[1280,720],"age_restricted":false,"age_restricted_by_admin":false,"not_safe_for_work":false,"allow_reuse":false,"dont_crop":true,"banned":false,"global_safe":true,"audio_file_url":"https://coub-anubis-a.akamaized.net/coub_storage/audio_track/cw_normalized_copy/8bb25e77443/fdce051bc2f6f41586863/low_1603123663_normalized_1603123640_1oorz6f_edited.mp3","external_download":false,"application":null,"channel":{"id":5161354,"permalink":"mad.hatter","title":"Mad Hatter","description":"We’re all quite mad here. You’ll fit right in.","followers_count":921,"following_count":59,"avatar_versions":{"template":"https://coub-anubis-a.akamaized.net/coub_storage/channel/cw_avatar/ba7ed05bda6/b6ef8edfe6d17560288ea/%{version}_1607422116_15q9b54_1547057709_CheshireCat.png","versions":["medium","medium_2x","profile_pic","profile_pic_new","profile_pic_new_2x","tiny","tiny_2x","small","small_2x","ios_large","ios_small"]}},"file":null,"picture":"https://coub-anubis-a.akamaized.net/coub_storage/coub/simple/cw_image/8981265beff/238ab889bf04353520c2c/1603123687_00026.jpg","timeline_picture":"https://coub-anubis-a.akamaized.net/coub_storage/coub/simple/cw_timeline_pic/a4e17730766/33f1328435f41c07a9ff4/ios_large_1603123687_image.jpg","small_picture":"https://coub-anubis-a.akamaized.net/coub_storage/coub/simple/cw_image/8981265beff/238ab889bf04353520c2c/1603123687_00026.jpg","sharing_picture":null,"percent_done":100,"tags":[{"id":165,"title":"anime","value":"anime"},{"id":164,"title":"аниме","value":"%D0%B0%D0%BD%D0%B8%D0%BC%D0%B5"},{"id":2011060,"title":"chc","value":"chc"},{"id":5805613,"title":"kamisama ni natta hi","value":"kamisama%20ni%20natta%20hi"},{"id":5806969,"title":"the day i became a god","value":"the%20day%20i%20became%20a%20god"},{"id":3544966,"title":"yuuki kuwahara","value":"yuuki%20kuwahara"},{"id":5958745,"title":"kuwahara yuuki","value":"kuwahara%20yuuki"},{"id":5805612,"title":"день когда я стала богом","value":"%D0%B4%D0%B5%D0%BD%D1%8C%20%D0%BA%D0%BE%D0%B3%D0%B4%D0%B0%20%D1%8F%20%D1%81%D1%82%D0%B0%D0%BB%D0%B0%20%D0%B1%D0%BE%D0%B3%D0%BE%D0%BC"}],"categories":[{"id":36,"title":"Anime","permalink":"anime","subscriptions_count":10078018,"big_image_url":"https://coub-anubis-a.akamaized.net/coub_storage/category/cw_image/79d6e4a3e73/c0b7416c30391c998a2ac/big_1544750217_Anime2.png","small_image_url":"https://coub-anubis-a.akamaized.net/coub_storage/category/cw_image/79d6e4a3e73/c0b7416c30391c998a2ac/small_1544750217_Anime2.png","med_image_url":"https://coub-anubis-a.akamaized.net/coub_storage/category/cw_image/79d6e4a3e73/c0b7416c30391c998a2ac/med_1544750217_Anime2.png","visible":true}],"communities":[{"id":36,"title":"Anime","permalink":"anime","subscriptions_count":10078018,"big_image_url":"https://coub-anubis-a.akamaized.net/coub_storage/category/cw_image/79d6e4a3e73/c0b7416c30391c998a2ac/big_1544750217_Anime2.png","small_image_url":"https://coub-anubis-a.akamaized.net/coub_storage/category/cw_image/79d6e4a3e73/c0b7416c30391c998a2ac/small_1544750217_Anime2.png","med_image_url":"https://coub-anubis-a.akamaized.net/coub_storage/category/cw_image/79d6e4a3e73/c0b7416c30391c998a2ac/med_1544750217_Anime2.png","i_subscribed":true,"community_notifications_enabled":null,"description":null}],"recoubs_count":944,"remixes_count":7,"likes_count":4678,"dislikes_count":0,"raw_video_id":15784687,"uploaded_by_ios_app":false,"uploaded_by_android_app":false,"media_blocks":{"uploaded_raw_videos":[],"external_raw_videos":[],"remixed_from_coubs":[]},"raw_video_thumbnail_url":"/missing/missing.png","raw_video_title":"Kamisama_ni_Natta_Hi_-_02.avi","video_block_banned":false,"duration":8.0,"promo_winner":false,"promo_winner_recoubers":null,"editorial_info":{},"promo_hint":null,"beeline_best_2014":null,"from_web_editor":true,"normalize_sound":true,"normalize_change_allowed":true,"best2015_addable":false,"ahmad_promo":null,"promo_data":null,"audio_copyright_claim":null,"ads_disabled":false,"is_safe_for_ads":true,"megafon_contents":[],"position_on_page":7},{"flag":null,"abuses":null,"recoubs_by_users_channels":null,"favourite":false,"promoted_id":null,"recoub":null,"like":null,"dislike":null,"reaction":null,"in_my_best2015":false,"id":142816290,"type":"Coub::Simple","permalink":"2cokg5","title":"ааааааааааааааааааа","visibility_type":"public","original_visibility_type":"public","channel_id":5390053,"created_at":"2020-04-20T18:42:20Z","updated_at":"2022-03-18T07:32:58Z","is_done":true,"views_count":292238,"cotd":null,"cotd_at":null,"visible_on_explore_root":false,"visible_on_explore":false,"featured":false,"published":true,"published_at":"2020-04-20T18:42:20Z","reversed":false,"from_editor_v2":true,"is_editable":true,"original_sound":true,"has_sound":true,"recoub_to":null,"file_versions":{"html5":{"video":{"higher":{"url":"https://coub-anubis-a.akamaized.net/coub_storage/coub/simple/cw_file/8034eaeeed7/f7151d161d9e63569d022/muted_mp4_huge_size_1587408154_muted_huge.mp4","size":2289295},"high":{"url":"https://coub-anubis-a.akamaized.net/coub_storage/coub/simple/cw_file/8034eaeeed7/f7151d161d9e63569d022/muted_mp4_big_size_1587408154_muted_big.mp4","size":1547600},"med":{"url":"https://coub-anubis-a.akamaized.net/coub_storage/coub/simple/cw_file/8034eaeeed7/f7151d161d9e63569d022/muted_mp4_med_size_1587408154_muted_med.mp4","size":344330}},"audio":{"high":{"url":"https://coub-anubis-a.akamaized.net/coub_storage/coub/simple/cw_looped_audio_high/86ddc58017c/e1acc2eea781576b159cc/1605696127_high_1587408155_high.mp3","size":748663},"med":{"url":"https://coub-anubis-a.akamaized.net/coub_storage/coub/simple/cw_looped_audio_med/6e39738d00c/28b4430e9b9c83c40f08d/1605696126_med_1587408155_med.mp3","size":668205},"sample_duration":10.008}},"mobile":{"video":"https://coub-anubis-a.akamaized.net/coub_storage/coub/simple/cw_file/8034eaeeed7/f7151d161d9e63569d022/muted_mp4_med_size_1587408154_muted_med.mp4","audio":["https://coub-anubis-a.akamaized.net/coub_storage/coub/simple/cw_looped_audio_med/6e39738d00c/28b4430e9b9c83c40f08d/1605696126_med_1587408155_med.mp3"]},"share":{"default":"https://coub-anubis-a.akamaized.net/coub_storage/coub/simple/cw_video_for_sharing/5b66d36b286/92c658ca431a3f352e2a0/1608184705_looped_1608184704.mp4"}},"audio_versions":{},"image_versions":{"template":"https://coub-anubis-a.akamaized.net/coub_storage/coub/simple/cw_image/4145c1abe4e/f1328cb587f6045adfe3c/1587408166_00032.jpg","versions":["micro","tiny","age_restricted","ios_large","ios_mosaic","big","med","small","pinterest"]},"first_frame_versions":{"template":"https://coub-anubis-a.akamaized.net/coub_storage/coub/simple/cw_timeline_pic/a2fae36a9c0/23c869adf88126d3d99c0/%{version}_1587408164_image.jpg","versions":["big","med","small","ios_large"]},"dimensions":{"big":[1280,720],"med":[640,360]},"site_w_h":[640,360],"page_w_h":[640,360],"site_w_h_small":[310,174],"size":[1280,720],"age_restricted":false,"age_restricted_by_admin":false,"not_safe_for_work":false,"allow_reuse":false,"dont_crop":false,"banned":false,"global_safe":true,"audio_file_url":null,"external_download":false,"application":null,"channel":{"id":5390053,"permalink":"aleksandr-beljaev554","title":"Aleksandr Belyaev","description":"Приветик, всем я Саша и я люблю аниме\r\nСпасибо, что зашёл и удачного дня","followers_count":76,"following_count":71,"avatar_versions":{"template":"https://coub-anubis-a.akamaized.net/coub_storage/channel/cw_avatar/92777fbcbc4/92fed03452814b35a741a/%{version}_1607721733_1su5vi0_1572970451_Pjv2L1WNl1s.jpg","versions":["medium","medium_2x","profile_pic","profile_pic_new","profile_pic_new_2x","tiny","tiny_2x","small","small_2x","ios_large","ios_small"]}},"file":null,"picture":"https://coub-anubis-a.akamaized.net/coub_storage/coub/simple/cw_image/4145c1abe4e/f1328cb587f6045adfe3c/1587408166_00032.jpg","timeline_picture":"https://coub-anubis-a.akamaized.net/coub_storage/coub/simple/cw_timeline_pic/a2fae36a9c0/23c869adf88126d3d99c0/ios_large_1587408164_image.jpg","small_picture":"https://coub-anubis-a.akamaized.net/coub_storage/coub/simple/cw_image/4145c1abe4e/f1328cb587f6045adfe3c/1587408166_00032.jpg","sharing_picture":null,"percent_done":100,"tags":[],"categories":[{"id":36,"title":"Anime","permalink":"anime","subscriptions_count":10078018,"big_image_url":"https://coub-anubis-a.akamaized.net/coub_storage/category/cw_image/79d6e4a3e73/c0b7416c30391c998a2ac/big_1544750217_Anime2.png","small_image_url":"https://coub-anubis-a.akamaized.net/coub_storage/category/cw_image/79d6e4a3e73/c0b7416c30391c998a2ac/small_1544750217_Anime2.png","med_image_url":"https://coub-anubis-a.akamaized.net/coub_storage/category/cw_image/79d6e4a3e73/c0b7416c30391c998a2ac/med_1544750217_Anime2.png","visible":true}],"communities":[{"id":36,"title":"Anime","permalink":"anime","subscriptions_count":10078018,"big_image_url":"https://coub-anubis-a.akamaized.net/coub_storage/category/cw_image/79d6e4a3e73/c0b7416c30391c998a2ac/big_1544750217_Anime2.png","small_image_url":"https://coub-anubis-a.akamaized.net/coub_storage/category/cw_image/79d6e4a3e73/c0b7416c30391c998a2ac/small_1544750217_Anime2.png","med_image_url":"https://coub-anubis-a.akamaized.net/coub_storage/category/cw_image/79d6e4a3e73/c0b7416c30391c998a2ac/med_1544750217_Anime2.png","i_subscribed":true,"community_notifications_enabled":null,"description":null}],"recoubs_count":953,"remixes_count":0,"likes_count":4678,"dislikes_count":0,"raw_video_id":15107973,"uploaded_by_ios_app":false,"uploaded_by_android_app":false,"media_blocks":{"uploaded_raw_videos":[],"external_raw_videos":[],"remixed_from_coubs":[]},"raw_video_thumbnail_url":"/missing/missing.png","raw_video_title":"________.mp4","video_block_banned":false,"duration":10.0,"promo_winner":false,"promo_winner_recoubers":null,"editorial_info":{},"promo_hint":null,"beeline_best_2014":null,"from_web_editor":true,"normalize_sound":true,"normalize_change_allowed":true,"best2015_addable":false,"ahmad_promo":null,"promo_data":null,"audio_copyright_claim":null,"ads_disabled":false,"is_safe_for_ads":true,"megafon_contents":[],"position_on_page":8},{"flag":null,"abuses":null,"recoubs_by_users_channels":null,"favourite":false,"promoted_id":null,"recoub":null,"like":null,"dislike":null,"reaction":null,"in_my_best2015":false,"id":142345035,"type":"Coub::Simple","permalink":"2cegtk","title":"Memories and Agony","visibility_type":"public","original_visibility_type":"public","channel_id":4898893,"created_at":"2020-04-15T19:18:39Z","updated_at":"2022-03-17T21:35:44Z","is_done":true,"views_count":320517,"cotd":null,"cotd_at":null,"visible_on_explore_root":false,"visible_on_explore":false,"featured":false,"published":true,"published_at":"2020-04-15T19:18:39Z","reversed":false,"from_editor_v2":true,"is_editable":true,"original_sound":false,"has_sound":false,"recoub_to":null,"file_versions":{"html5":{"video":{"higher":{"url":"https://coub-anubis-a.akamaized.net/coub_storage/coub/simple/cw_file/be623619705/b1eaea4f415994168e81f/muted_mp4_huge_size_1586978327_muted_huge.mp4","size":3021496},"high":{"url":"https://coub-anubis-a.akamaized.net/coub_storage/coub/simple/cw_file/be623619705/b1eaea4f415994168e81f/muted_mp4_big_size_1586978327_muted_big.mp4","size":2127229},"med":{"url":"https://coub-anubis-a.akamaized.net/coub_storage/coub/simple/cw_file/be623619705/b1eaea4f415994168e81f/muted_mp4_med_size_1586978327_muted_med.mp4","size":711631}},"audio":{"high":{"url":"https://coub-anubis-a.akamaized.net/coub_storage/coub/simple/cw_looped_audio_high/34e2fcb2872/14794a5444bff8daa8503/1605698295_high_1586978365_high.mp3","size":5189218},"med":{"url":"https://coub-anubis-a.akamaized.net/coub_storage/coub/simple/cw_looped_audio_med/df41767a70c/d5d79d63a6b879f4bcf9d/1605698294_med_1586978365_med.mp3","size":3709942}}},"mobile":{"video":"https://coub-anubis-a.akamaized.net/coub_storage/coub/simple/cw_file/be623619705/b1eaea4f415994168e81f/muted_mp4_med_size_1586978327_muted_med.mp4","audio":["https://coub-anubis-a.akamaized.net/coub_storage/coub/simple/cw_looped_audio_med/df41767a70c/d5d79d63a6b879f4bcf9d/1605698294_med_1586978365_med.mp3"]},"share":{"default":"https://coub-anubis-a.akamaized.net/coub_storage/coub/simple/cw_video_for_sharing/80263f7de94/c89d7f13468ca83757c8f/1608218533_looped_1608218531.mp4"}},"audio_versions":{"template":"https://coub-anubis-a.akamaized.net/coub_storage/audio_track/cw_file/644cca02577/e6849e631a3dbfe626861/mid_1586978333_j1q8oy_edited.mp3","versions":["mid","low"]},"image_versions":{"template":"https://coub-anubis-a.akamaized.net/coub_storage/coub/simple/cw_image/a0d70ad41a4/0c5c67179c3919b211a2f/1586978382_00026.jpg","versions":["micro","tiny","age_restricted","ios_large","ios_mosaic","big","med","small","pinterest"]},"first_frame_versions":{"template":"https://coub-anubis-a.akamaized.net/coub_storage/coub/simple/cw_timeline_pic/a8f7863b3b7/0b83af66dee0468f166f9/1586978381_image.jpg","versions":["big","med","small","ios_large"]},"dimensions":{"big":[1280,720],"med":[640,360]},"site_w_h":[640,360],"page_w_h":[640,360],"site_w_h_small":[310,174],"size":[1280,720],"age_restricted":false,"age_restricted_by_admin":false,"not_safe_for_work":false,"allow_reuse":false,"dont_crop":false,"banned":false,"global_safe":true,"audio_file_url":"https://coub-anubis-a.akamaized.net/coub_storage/audio_track/cw_file/644cca02577/e6849e631a3dbfe626861/low_1586978333_j1q8oy_edited.mp3","external_download":false,"application":null,"channel":{"id":4898893,"permalink":"samirajr","title":"SamiraJR","description":"I like Green Things","followers_count":238,"following_count":26,"avatar_versions":{"template":"https://coub-anubis-a.akamaized.net/coub_storage/channel/cw_avatar/32321cf8c4d/6db7ae5393ca22b414098/%{version}_1613056392_nleeeeee.png","versions":["medium","medium_2x","profile_pic","profile_pic_new","profile_pic_new_2x","tiny","tiny_2x","small","small_2x","ios_large","ios_small"]}},"file":null,"picture":"https://coub-anubis-a.akamaized.net/coub_storage/coub/simple/cw_image/a0d70ad41a4/0c5c67179c3919b211a2f/1586978382_00026.jpg","timeline_picture":"https://coub-anubis-a.akamaized.net/coub_storage/coub/simple/cw_timeline_pic/a8f7863b3b7/0b83af66dee0468f166f9/1586978381_image.jpg","small_picture":"https://coub-anubis-a.akamaized.net/coub_storage/coub/simple/cw_image/a0d70ad41a4/0c5c67179c3919b211a2f/1586978382_00026.jpg","sharing_picture":null,"percent_done":100,"tags":[{"id":165,"title":"anime","value":"anime"},{"id":3724,"title":"amv","value":"amv"},{"id":4448845,"title":"kiznaiver","value":"kiznaiver"},{"id":1449670,"title":"kiznaiver amv","value":"kiznaiver%20amv"},{"id":725,"title":"breakdown","value":"breakdown"},{"id":5236613,"title":"music: 21 to burn - breakdown","value":"music:%2021%20to%20burn%20-%20breakdown"},{"id":5236614,"title":"i break down again","value":"i%20break%20down%20again"},{"id":5236615,"title":"give it all away","value":"give%20it%20all%20away"},{"id":5236616,"title":"dreams fade and lights don't shine so bright","value":"dreams%20fade%20and%20lights%20don't%20shine%20so%20bright"},{"id":5236617,"title":"and i think that i just might","value":"and%20i%20think%20that%20i%20just%20might"},{"id":5236618,"title":"give up on my human side tonight","value":"give%20up%20on%20my%20human%20side%20tonight"},{"id":5236619,"title":"follow me in to a darker place","value":"follow%20me%20in%20to%20a%20darker%20place"},{"id":146,"title":"dark","value":"dark"},{"id":1767,"title":"lost","value":"lost"},{"id":8462,"title":"end","value":"end"},{"id":694356,"title":"badapple","value":"badapple"},{"id":5613299,"title":"badappleremix","value":"badappleremix"},{"id":5634695,"title":"this is the song stop asking me ffs","value":"this%20is%20the%20song%20stop%20asking%20me%20ffs"},{"id":5634696,"title":"search it up yourself","value":"search%20it%20up%20yourself"},{"id":5634697,"title":"https://www.youtube.com/watch?v=9xz4nv0zsby","value":"https://www.youtube.com/watch?v=9xz4nv0zsby"},{"id":5634698,"title":"it's called bad apple metal cover","value":"it's%20called%20bad%20apple%20metal%20cover"},{"id":5634711,"title":"bad apple!! || metal cover by richaadeb ft. cristina vee","value":"bad%20apple!!%20%7C%7C%20metal%20cover%20by%20richaadeb%20ft.%20cristina%20vee"}],"categories":[{"id":36,"title":"Anime","permalink":"anime","subscriptions_count":10078018,"big_image_url":"https://coub-anubis-a.akamaized.net/coub_storage/category/cw_image/79d6e4a3e73/c0b7416c30391c998a2ac/big_1544750217_Anime2.png","small_image_url":"https://coub-anubis-a.akamaized.net/coub_storage/category/cw_image/79d6e4a3e73/c0b7416c30391c998a2ac/small_1544750217_Anime2.png","med_image_url":"https://coub-anubis-a.akamaized.net/coub_storage/category/cw_image/79d6e4a3e73/c0b7416c30391c998a2ac/med_1544750217_Anime2.png","visible":true}],"communities":[{"id":36,"title":"Anime","permalink":"anime","subscriptions_count":10078018,"big_image_url":"https://coub-anubis-a.akamaized.net/coub_storage/category/cw_image/79d6e4a3e73/c0b7416c30391c998a2ac/big_1544750217_Anime2.png","small_image_url":"https://coub-anubis-a.akamaized.net/coub_storage/category/cw_image/79d6e4a3e73/c0b7416c30391c998a2ac/small_1544750217_Anime2.png","med_image_url":"https://coub-anubis-a.akamaized.net/coub_storage/category/cw_image/79d6e4a3e73/c0b7416c30391c998a2ac/med_1544750217_Anime2.png","i_subscribed":true,"community_notifications_enabled":null,"description":null}],"recoubs_count":973,"remixes_count":19,"likes_count":4678,"dislikes_count":0,"raw_video_id":"","uploaded_by_ios_app":false,"uploaded_by_android_app":false,"media_blocks":{"uploaded_raw_videos":[],"external_raw_videos":[],"remixed_from_coubs":[{"id":33391620,"title":"Breakdown","url":"https://coub.com/coubs/220gcy/remix","image":"https://coub-anubis-a.akamaized.net/coub_storage/media_block/cw_image/6fa2ff219d8/e49e2b7223d7dbd10f745/1569761460_1rdopea_1569761431_00032.jpg","image_retina":"https://coub-anubis-a.akamaized.net/coub_storage/media_block/cw_image/6fa2ff219d8/e49e2b7223d7dbd10f745/1569761460_1rdopea_1569761431_00032.jpg","meta":{"duration":"9.96"},"duration":null,"coub_channel_title":"RockPolka ","coub_channel_permalink":"rockpolka7","coub_views_count":37518,"coub_permalink":"220gcy"}]},"raw_video_thumbnail_url":"","raw_video_title":"","video_block_banned":false,"duration":8.04,"promo_winner":false,"promo_winner_recoubers":null,"editorial_info":{},"promo_hint":null,"beeline_best_2014":null,"from_web_editor":true,"normalize_sound":false,"normalize_change_allowed":true,"best2015_addable":false,"ahmad_promo":null,"promo_data":null,"audio_copyright_claim":null,"ads_disabled":false,"is_safe_for_ads":true,"megafon_contents":[],"position_on_page":9},{"flag":null,"abuses":null,"recoubs_by_users_channels":null,"favourite":false,"promoted_id":null,"recoub":null,"like":null,"dislike":null,"reaction":null,"in_my_best2015":false,"id":141547987,"type":"Coub::Simple","permalink":"2bxdt2","title":"I'm albatraoz","visibility_type":"public","original_visibility_type":"public","channel_id":4238090,"created_at":"2020-04-07T11:41:46Z","updated_at":"2022-03-17T21:58:23Z","is_done":true,"views_count":306504,"cotd":null,"cotd_at":null,"visible_on_explore_root":false,"visible_on_explore":false,"featured":false,"published":true,"published_at":"2020-04-07T11:41:46Z","reversed":false,"from_editor_v2":true,"is_editable":true,"original_sound":false,"has_sound":false,"recoub_to":null,"file_versions":{"html5":{"video":{"higher":{"url":"https://coub-anubis-a.akamaized.net/coub_storage/coub/simple/cw_file/e534f00d43a/abd1fafee27c904d65044/muted_mp4_huge_size_1586259723_muted_huge.mp4","size":4026522},"high":{"url":"https://coub-anubis-a.akamaized.net/coub_storage/coub/simple/cw_file/e534f00d43a/abd1fafee27c904d65044/muted_mp4_big_size_1586259723_muted_big.mp4","size":3180777},"med":{"url":"https://coub-anubis-a.akamaized.net/coub_storage/coub/simple/cw_file/e534f00d43a/abd1fafee27c904d65044/muted_mp4_med_size_1586259723_muted_med.mp4","size":1011865}},"audio":{"high":{"url":"https://coub-anubis-a.akamaized.net/coub_storage/coub/simple/cw_looped_audio_high/df4f296fef3/50c22f6d071414d5b2e83/1605700005_high_1586259749_high.mp3","size":3251479},"med":{"url":"https://coub-anubis-a.akamaized.net/coub_storage/coub/simple/cw_looped_audio_med/e242bfb275d/1a932f6d81350a2d2d0dc/1605700004_med_1586259749_med.mp3","size":2235745}}},"mobile":{"video":"https://coub-anubis-a.akamaized.net/coub_storage/coub/simple/cw_file/e534f00d43a/abd1fafee27c904d65044/muted_mp4_med_size_1586259723_muted_med.mp4","audio":["https://coub-anubis-a.akamaized.net/coub_storage/coub/simple/cw_looped_audio_med/e242bfb275d/1a932f6d81350a2d2d0dc/1605700004_med_1586259749_med.mp3"]},"share":{"default":"https://coub-anubis-a.akamaized.net/coub_storage/coub/simple/cw_video_for_sharing/281e9c806d9/49ae00dc953623ab7475d/1609076298_looped_1609076296.mp4"}},"audio_versions":{"template":"https://coub-anubis-a.akamaized.net/coub_storage/audio_track/cw_file/d4835f13e34/5f68b86f7da2c91f12c24/mid_1586259728_n5rq1n_edited.mp3","versions":["mid","low"]},"image_versions":{"template":"https://coub-anubis-a.akamaized.net/coub_storage/coub/simple/cw_image/102b36b9627/025dcbf11bcb2b952c965/1586259767_00019.jpg","versions":["micro","tiny","age_restricted","ios_large","ios_mosaic","big","med","small","pinterest"]},"first_frame_versions":{"template":"https://coub-anubis-a.akamaized.net/coub_storage/coub/simple/cw_timeline_pic/da6e97b0452/3671c8d90aa6299276a6b/%{version}_1586259766_image.jpg","versions":["big","med","small","ios_large"]},"dimensions":{"big":[1280,612],"med":[640,306]},"site_w_h":[640,306],"page_w_h":[640,306],"site_w_h_small":[310,148],"size":[1280,612],"age_restricted":false,"age_restricted_by_admin":false,"not_safe_for_work":false,"allow_reuse":false,"dont_crop":false,"banned":false,"global_safe":true,"audio_file_url":"https://coub-anubis-a.akamaized.net/coub_storage/audio_track/cw_file/d4835f13e34/5f68b86f7da2c91f12c24/low_1586259728_n5rq1n_edited.mp3","external_download":false,"application":null,"channel":{"id":4238090,"permalink":"fml.shone","title":"𝙐𝙣𝙠𝙣𝙤𝙬𝙣","description":null,"followers_count":349,"following_count":106,"avatar_versions":{"template":"https://coub-anubis-a.akamaized.net/coub_storage/channel/cw_avatar/8c6b8a139a3/86c34353fb15dffa17ffa/%{version}_1607812691_hxm8qq_1553781481______.jpg","versions":["medium","medium_2x","profile_pic","profile_pic_new","profile_pic_new_2x","tiny","tiny_2x","small","small_2x","ios_large","ios_small"]}},"file":null,"picture":"https://coub-anubis-a.akamaized.net/coub_storage/coub/simple/cw_image/102b36b9627/025dcbf11bcb2b952c965/1586259767_00019.jpg","timeline_picture":"https://coub-anubis-a.akamaized.net/coub_storage/coub/simple/cw_timeline_pic/da6e97b0452/3671c8d90aa6299276a6b/ios_large_1586259766_image.jpg","small_picture":"https://coub-anubis-a.akamaized.net/coub_storage/coub/simple/cw_image/102b36b9627/025dcbf11bcb2b952c965/1586259767_00019.jpg","sharing_picture":null,"percent_done":100,"tags":[{"id":165,"title":"anime","value":"anime"},{"id":4798753,"title":"kono subarashii sekai ni shukufuku wo!: kurenai densetsu","value":"kono%20subarashii%20sekai%20ni%20shukufuku%20wo!:%20kurenai%20densetsu"},{"id":1279594,"title":"konosuba","value":"konosuba"},{"id":4874141,"title":"panda4ever","value":"panda4ever"},{"id":5244218,"title":"b100r","value":"b100r"},{"id":5091158,"title":"explosiongang","value":"explosiongang"},{"id":5411430,"title":"toxix","value":"toxix"},{"id":155826,"title":"kos","value":"kos"},{"id":750923,"title":"kodoku","value":"kodoku"},{"id":5580903,"title":"шёл n-ый день карантина","value":"%D1%88%D1%91%D0%BB%20n-%D1%8B%D0%B9%20%D0%B4%D0%B5%D0%BD%D1%8C%20%D0%BA%D0%B0%D1%80%D0%B0%D0%BD%D1%82%D0%B8%D0%BD%D0%B0"},{"id":15665,"title":"fate","value":"fate"},{"id":5517982,"title":"fate team","value":"fate%20team"}],"categories":[{"id":36,"title":"Anime","permalink":"anime","subscriptions_count":10078018,"big_image_url":"https://coub-anubis-a.akamaized.net/coub_storage/category/cw_image/79d6e4a3e73/c0b7416c30391c998a2ac/big_1544750217_Anime2.png","small_image_url":"https://coub-anubis-a.akamaized.net/coub_storage/category/cw_image/79d6e4a3e73/c0b7416c30391c998a2ac/small_1544750217_Anime2.png","med_image_url":"https://coub-anubis-a.akamaized.net/coub_storage/category/cw_image/79d6e4a3e73/c0b7416c30391c998a2ac/med_1544750217_Anime2.png","visible":true}],"communities":[{"id":36,"title":"Anime","permalink":"anime","subscriptions_count":10078018,"big_image_url":"https://coub-anubis-a.akamaized.net/coub_storage/category/cw_image/79d6e4a3e73/c0b7416c30391c998a2ac/big_1544750217_Anime2.png","small_image_url":"https://coub-anubis-a.akamaized.net/coub_storage/category/cw_image/79d6e4a3e73/c0b7416c30391c998a2ac/small_1544750217_Anime2.png","med_image_url":"https://coub-anubis-a.akamaized.net/coub_storage/category/cw_image/79d6e4a3e73/c0b7416c30391c998a2ac/med_1544750217_Anime2.png","i_subscribed":true,"community_notifications_enabled":null,"description":null}],"recoubs_count":1131,"remixes_count":16,"likes_count":4678,"dislikes_count":0,"raw_video_id":"","uploaded_by_ios_app":false,"uploaded_by_android_app":false,"media_blocks":{"uploaded_raw_videos":[],"external_raw_videos":[],"remixed_from_coubs":[{"id":35349642,"title":"Pedobear #ExplosionGang","url":"https://coub.com/coubs/2bvq64/remix","image":"https://coub-anubis-a.akamaized.net/coub_storage/media_block/cw_image/0a447659261/e44ea47f26b56f0cf20be/1586182846_1mn7bu1_1586182826_00019.jpg","image_retina":"https://coub-anubis-a.akamaized.net/coub_storage/media_block/cw_image/0a447659261/e44ea47f26b56f0cf20be/1586182846_1mn7bu1_1586182826_00019.jpg","meta":{"duration":"6.0"},"duration":null,"coub_channel_title":"✘ Panda4ever","coub_channel_permalink":"panda4ever","coub_views_count":49804,"coub_permalink":"2bvq64"}]},"raw_video_thumbnail_url":"","raw_video_title":"","video_block_banned":false,"duration":6.0,"promo_winner":false,"promo_winner_recoubers":null,"editorial_info":{},"promo_hint":null,"beeline_best_2014":null,"from_web_editor":true,"normalize_sound":false,"normalize_change_allowed":true,"best2015_addable":false,"ahmad_promo":null,"promo_data":null,"audio_copyright_claim":null,"ads_disabled":false,"is_safe_for_ads":true,"megafon_contents":[],"position_on_page":10}]}