{"page":128,"per_page":10,"total_pages":500,"coubs":[{"flag":null,"abuses":null,"recoubs_by_users_channels":null,"favourite":false,"promoted_id":null,"recoub":null,"like":null,"dislike":null,"reaction":null,"in_my_best2015":false,"id":123382611,"type":"Coub::Simple","permalink":"2125r4","title":"「Hey Bandits」","visibility_type":"public","original_visibility_type":"public","channel_id":4524954,"created_at":"2019-09-11T20:14:09Z","updated_at":"2022-03-18T07:25:09Z","is_done":true,"views_count":335759,"cotd":null,"cotd_at":null,"visible_on_explore_root":false,"visible_on_explore":false,"featured":false,"published":true,"published_at":"2019-09-11T20:14:09Z","reversed":false,"from_editor_v2":true,"is_editable":true,"original_sound":false,"has_sound":false,"recoub_to":null,"file_versions":{"html5":{"video":{"higher":{"url":"https://coub-anubis-a.akamaized.net/coub_storage/coub/simple/cw_file/3727018a4bd/2dcede24668801e301829/muted_mp4_huge_size_1568232862_muted_huge.mp4","size":2827668},"high":{"url":"https://coub-anubis-a.akamaized.net/coub_storage/coub/simple/cw_file/3727018a4bd/2dcede24668801e301829/muted_mp4_big_size_1568232862_muted_big.mp4","size":2148338},"med":{"url":"https://coub-anubis-a.akamaized.net/coub_storage/coub/simple/cw_file/3727018a4bd/2dcede24668801e301829/muted_mp4_med_size_1568232862_muted_med.mp4","size":692136}},"audio":{"high":{"url":"https://coub-anubis-a.akamaized.net/coub_storage/coub/simple/cw_looped_audio_high/69f7fd27f07/7d7e3d608409aca9acac5/1605689677_high_1568232877_high.mp3","size":4120718},"med":{"url":"https://coub-anubis-a.akamaized.net/coub_storage/coub/simple/cw_looped_audio_med/71163493b0d/45f170ea825ce703dfdc3/1605689676_med_1568232877_med.mp3","size":3738781}}},"mobile":{"video":"https://coub-anubis-a.akamaized.net/coub_storage/coub/simple/cw_file/3727018a4bd/2dcede24668801e301829/muted_mp4_med_size_1568232862_muted_med.mp4","audio":["https://coub-anubis-a.akamaized.net/coub_storage/coub/simple/cw_looped_audio_med/71163493b0d/45f170ea825ce703dfdc3/1605689676_med_1568232877_med.mp3"]},"share":{"default":"https://coub-anubis-a.akamaized.net/coub_storage/coub/simple/cw_video_for_sharing/0770c9fb4c8/d2d83fa91c67c53d152de/1608244395_looped_1608244394.mp4"}},"audio_versions":{"template":"https://coub-anubis-a.akamaized.net/coub_storage/audio_track/cw_file/9db05b6bd03/02f839fa8f637a130a936/mid_1568232524_audio.mp3","versions":["mid","low"]},"image_versions":{"template":"https://coub-anubis-a.akamaized.net/coub_storage/coub/simple/cw_image/b14e9cceef9/d9d62e82e4a7b43304f56/1568232893_00028.jpg","versions":["micro","tiny","age_restricted","ios_large","ios_mosaic","big","med","small","pinterest"]},"first_frame_versions":{"template":"https://coub-anubis-a.akamaized.net/coub_storage/coub/simple/cw_timeline_pic/08868bb0367/be03c9ecf2941e4d1422e/%{version}_1568232892_image.jpg","versions":["big","med","small","ios_large"]},"dimensions":{"big":[1280,720],"med":[640,360]},"site_w_h":[640,360],"page_w_h":[640,360],"site_w_h_small":[310,174],"size":[1280,720],"age_restricted":false,"age_restricted_by_admin":false,"not_safe_for_work":false,"allow_reuse":false,"dont_crop":false,"banned":false,"global_safe":true,"audio_file_url":"https://coub-anubis-a.akamaized.net/coub_storage/audio_track/cw_file/9db05b6bd03/02f839fa8f637a130a936/low_1568232524_audio.mp3","external_download":false,"application":null,"channel":{"id":4524954,"permalink":"god.of.death","title":"Mortem ᴰᴸ","description":"『・』","followers_count":2323,"following_count":42,"avatar_versions":{"template":"https://coub-anubis-a.akamaized.net/coub_storage/channel/cw_avatar/154f8292c33/89a88b70bfd842dae6971/%{version}_1607424574_5ox8kd_1581509086_pso.png","versions":["medium","medium_2x","profile_pic","profile_pic_new","profile_pic_new_2x","tiny","tiny_2x","small","small_2x","ios_large","ios_small"]}},"file":null,"picture":"https://coub-anubis-a.akamaized.net/coub_storage/coub/simple/cw_image/b14e9cceef9/d9d62e82e4a7b43304f56/1568232893_00028.jpg","timeline_picture":"https://coub-anubis-a.akamaized.net/coub_storage/coub/simple/cw_timeline_pic/08868bb0367/be03c9ecf2941e4d1422e/ios_large_1568232892_image.jpg","small_picture":"https://coub-anubis-a.akamaized.net/coub_storage/coub/simple/cw_image/b14e9cceef9/d9d62e82e4a7b43304f56/1568232893_00028.jpg","sharing_picture":null,"percent_done":100,"tags":[{"id":4836588,"title":"「ᵈᵉᵃᵗʰ ᵃᶰᵈ ˡᶤᶠᵉ」","value":"%E3%80%8C%E1%B5%88%E1%B5%89%E1%B5%83%E1%B5%97%CA%B0%20%E1%B5%83%E1%B6%B0%E1%B5%88%20%CB%A1%E1%B6%A4%E1%B6%A0%E1%B5%89%E3%80%8D"},{"id":79072,"title":"va","value":"va"},{"id":165,"title":"anime","value":"anime"},{"id":3724,"title":"amv","value":"amv"},{"id":367144,"title":"anime coub","value":"anime%20coub"},{"id":364538,"title":"amv coub","value":"amv%20coub"},{"id":951,"title":"top","value":"top"},{"id":367,"title":"hot","value":"hot"},{"id":173,"title":"epic","value":"epic"},{"id":298,"title":"love","value":"love"},{"id":1222527,"title":"bungou stray dogs","value":"bungou%20stray%20dogs"},{"id":1658312,"title":"dazai osamu","value":"dazai%20osamu"},{"id":1451391,"title":"великий из бродячих псов","value":"%D0%B2%D0%B5%D0%BB%D0%B8%D0%BA%D0%B8%D0%B9%20%D0%B8%D0%B7%20%D0%B1%D1%80%D0%BE%D0%B4%D1%8F%D1%87%D0%B8%D1%85%20%D0%BF%D1%81%D0%BE%D0%B2"},{"id":164,"title":"аниме","value":"%D0%B0%D0%BD%D0%B8%D0%BC%D0%B5"},{"id":66879,"title":"амв","value":"%D0%B0%D0%BC%D0%B2"},{"id":5161133,"title":"©mortem","value":"%C2%A9mortem"}],"categories":[{"id":36,"title":"Anime","permalink":"anime","subscriptions_count":10078018,"big_image_url":"https://coub-anubis-a.akamaized.net/coub_storage/category/cw_image/79d6e4a3e73/c0b7416c30391c998a2ac/big_1544750217_Anime2.png","small_image_url":"https://coub-anubis-a.akamaized.net/coub_storage/category/cw_image/79d6e4a3e73/c0b7416c30391c998a2ac/small_1544750217_Anime2.png","med_image_url":"https://coub-anubis-a.akamaized.net/coub_storage/category/cw_image/79d6e4a3e73/c0b7416c30391c998a2ac/med_1544750217_Anime2.png","visible":true}],"communities":[{"id":36,"title":"Anime","permalink":"anime","subscriptions_count":10078018,"big_image_url":"https://coub-anubis-a.akamaized.net/coub_storage/category/cw_image/79d6e4a3e73/c0b7416c30391c998a2ac/big_1544750217_Anime2.png","small_image_url":"https://coub-anubis-a.akamaized.net/coub_storage/category/cw_image/79d6e4a3e73/c0b7416c30391c998a2ac/small_1544750217_Anime2.png","med_image_url":"https://coub-anubis-a.akamaized.net/coub_storage/category/cw_image/79d6e4a3e73/c0b7416c30391c998a2ac/med_1544750217_Anime2.png","i_subscribed":true,"community_notifications_enabled":null,"description":null}],"recoubs_count":1238,"remixes_count":10,"likes_count":5181,"dislikes_count":0,"raw_video_id":14212285,"uploaded_by_ios_app":false,"uploaded_by_android_app":false,"media_blocks":{"uploaded_raw_videos":[],"external_raw_videos":[],"remixed_from_coubs":[]},"raw_video_thumbnail_url":"/missing/missing.png","raw_video_title":"gg.mp4","video_block_banned":false,"duration":8.68,"promo_winner":false,"promo_winner_recoubers":null,"editorial_info":{},"promo_hint":null,"beeline_best_2014":null,"from_web_editor":true,"normalize_sound":false,"normalize_change_allowed":true,"best2015_addable":false,"ahmad_promo":null,"promo_data":null,"audio_copyright_claim":null,"ads_disabled":false,"is_safe_for_ads":true,"megafon_contents":[],"position_on_page":1},{"flag":null,"abuses":null,"recoubs_by_users_channels":null,"favourite":false,"promoted_id":null,"recoub":null,"like":null,"dislike":null,"reaction":null,"in_my_best2015":false,"id":170501416,"type":"Coub::Simple","permalink":"2t5ylv","title":"Walk Away","visibility_type":"public","original_visibility_type":"public","channel_id":1549775,"created_at":"2021-06-14T09:17:15Z","updated_at":"2022-03-17T23:17:17Z","is_done":true,"views_count":339069,"cotd":null,"cotd_at":null,"visible_on_explore_root":true,"visible_on_explore":true,"featured":true,"published":true,"published_at":"2021-06-14T09:17:15Z","reversed":false,"from_editor_v2":true,"is_editable":true,"original_sound":false,"has_sound":false,"recoub_to":null,"file_versions":{"html5":{"video":{"higher":{"url":"https://coub-anubis-a.akamaized.net/coub_storage/coub/simple/cw_file/7bb4c13a803/2969f6c55810b36b4d3b1/muted_mp4_huge_size_1623662402_muted_huge.mp4","size":2944054},"high":{"url":"https://coub-anubis-a.akamaized.net/coub_storage/coub/simple/cw_file/7bb4c13a803/2969f6c55810b36b4d3b1/muted_mp4_big_size_1623662402_muted_big.mp4","size":1995307},"med":{"url":"https://coub-anubis-a.akamaized.net/coub_storage/coub/simple/cw_file/7bb4c13a803/2969f6c55810b36b4d3b1/muted_mp4_med_size_1623662402_muted_med.mp4","size":699516}},"audio":{"high":{"url":"https://coub-anubis-a.akamaized.net/coub_storage/coub/simple/cw_looped_audio_high/b8d191be666/1f1c0f440b24017f99e55/1623662407_mp3-high.mp3","size":1350037},"med":{"url":"https://coub-anubis-a.akamaized.net/coub_storage/coub/simple/cw_looped_audio_med/33dc5d11dfb/545f317f67a0dfbc20e8c/1623662406_mp3-med.mp3","size":915002}}},"mobile":{"video":"https://coub-anubis-a.akamaized.net/coub_storage/coub/simple/cw_file/7bb4c13a803/2969f6c55810b36b4d3b1/muted_mp4_med_size_1623662402_muted_med.mp4","audio":["https://coub-anubis-a.akamaized.net/coub_storage/coub/simple/cw_looped_audio_med/33dc5d11dfb/545f317f67a0dfbc20e8c/1623662406_mp3-med.mp3"]},"share":{"default":"https://coub-anubis-a.akamaized.net/coub_storage/coub/simple/cw_video_for_sharing/6d916c77b50/6b9c3aba0daef451b2444/1623662437_looped_1623662436.mp4"}},"audio_versions":{"template":"https://coub-anubis-a.akamaized.net/coub_storage/audio_track/cw_file/7bd5f873a4d/6f0e43b06d57f0f1af78f/mid_1623662060_audio.mp3","versions":["mid","low"]},"image_versions":{"template":"https://coub-anubis-a.akamaized.net/coub_storage/coub/simple/cw_image/ec6edb88725/1bb40fe4f24b7b8817cb5/%{version}_1623662412_00030.jpg","versions":["micro","tiny","age_restricted","ios_large","ios_mosaic","big","med","small","pinterest"]},"first_frame_versions":{"template":"https://coub-anubis-a.akamaized.net/coub_storage/coub/simple/cw_timeline_pic/c2748d5ea99/aa8889d914b3c616774d6/%{version}_1623662412_image.jpg","versions":["big","med","small","ios_large"]},"dimensions":{"big":[1280,720],"med":[640,360]},"site_w_h":[640,360],"page_w_h":[640,360],"site_w_h_small":[310,174],"size":[1280,720],"age_restricted":false,"age_restricted_by_admin":false,"not_safe_for_work":false,"allow_reuse":false,"dont_crop":true,"banned":false,"global_safe":true,"audio_file_url":"https://coub-anubis-a.akamaized.net/coub_storage/audio_track/cw_file/7bd5f873a4d/6f0e43b06d57f0f1af78f/low_1623662060_audio.mp3","external_download":false,"application":null,"channel":{"id":1549775,"permalink":"metalik-","title":"V▲Metalik 𝖘 ᵏᵒᵈᵒᵏᵘ ","description":"[Fate]  Кровь, смерть, отчаянье и яндере.","followers_count":3127,"following_count":90,"avatar_versions":{"template":"https://coub-anubis-a.akamaized.net/coub_storage/channel/cw_avatar/4dea6e30eac/17b9441e2039463610818/%{version}_1626103079_met1.png","versions":["medium","medium_2x","profile_pic","profile_pic_new","profile_pic_new_2x","tiny","tiny_2x","small","small_2x","ios_large","ios_small"]}},"file":null,"picture":"https://coub-anubis-a.akamaized.net/coub_storage/coub/simple/cw_image/ec6edb88725/1bb40fe4f24b7b8817cb5/med_1623662412_00030.jpg","timeline_picture":"https://coub-anubis-a.akamaized.net/coub_storage/coub/simple/cw_timeline_pic/c2748d5ea99/aa8889d914b3c616774d6/ios_large_1623662412_image.jpg","small_picture":"https://coub-anubis-a.akamaized.net/coub_storage/coub/simple/cw_image/ec6edb88725/1bb40fe4f24b7b8817cb5/ios_mosaic_1623662412_00030.jpg","sharing_picture":null,"percent_done":100,"tags":[{"id":165,"title":"anime","value":"anime"},{"id":863843,"title":"metalik","value":"metalik"},{"id":5086804,"title":"kodoku team","value":"kodoku%20team"},{"id":252257,"title":"yandere","value":"yandere"},{"id":71297,"title":"demons","value":"demons"},{"id":431,"title":"mad","value":"mad"},{"id":34012,"title":"pv","value":"pv"},{"id":5316,"title":"trailer","value":"trailer"},{"id":5827795,"title":"peach boy riverside","value":"peach%20boy%20riverside"},{"id":2157,"title":"blood","value":"blood"},{"id":6357089,"title":"персиковый мальчик пришедший с другого побережья","value":"%D0%BF%D0%B5%D1%80%D1%81%D0%B8%D0%BA%D0%BE%D0%B2%D1%8B%D0%B9%20%D0%BC%D0%B0%D0%BB%D1%8C%D1%87%D0%B8%D0%BA%20%D0%BF%D1%80%D0%B8%D1%88%D0%B5%D0%B4%D1%88%D0%B8%D0%B9%20%D1%81%20%D0%B4%D1%80%D1%83%D0%B3%D0%BE%D0%B3%D0%BE%20%D0%BF%D0%BE%D0%B1%D0%B5%D1%80%D0%B5%D0%B6%D1%8C%D1%8F"},{"id":6357090,"title":"с июля 2021","value":"%D1%81%20%D0%B8%D1%8E%D0%BB%D1%8F%202021"},{"id":9312,"title":"sword","value":"sword"},{"id":12997,"title":"blade","value":"blade"},{"id":1629,"title":"kill","value":"kill"},{"id":5345,"title":"dead","value":"dead"},{"id":528,"title":"death","value":"death"}],"categories":[{"id":36,"title":"Anime","permalink":"anime","subscriptions_count":10078018,"big_image_url":"https://coub-anubis-a.akamaized.net/coub_storage/category/cw_image/79d6e4a3e73/c0b7416c30391c998a2ac/big_1544750217_Anime2.png","small_image_url":"https://coub-anubis-a.akamaized.net/coub_storage/category/cw_image/79d6e4a3e73/c0b7416c30391c998a2ac/small_1544750217_Anime2.png","med_image_url":"https://coub-anubis-a.akamaized.net/coub_storage/category/cw_image/79d6e4a3e73/c0b7416c30391c998a2ac/med_1544750217_Anime2.png","visible":true}],"communities":[{"id":36,"title":"Anime","permalink":"anime","subscriptions_count":10078018,"big_image_url":"https://coub-anubis-a.akamaized.net/coub_storage/category/cw_image/79d6e4a3e73/c0b7416c30391c998a2ac/big_1544750217_Anime2.png","small_image_url":"https://coub-anubis-a.akamaized.net/coub_storage/category/cw_image/79d6e4a3e73/c0b7416c30391c998a2ac/small_1544750217_Anime2.png","med_image_url":"https://coub-anubis-a.akamaized.net/coub_storage/category/cw_image/79d6e4a3e73/c0b7416c30391c998a2ac/med_1544750217_Anime2.png","i_subscribed":true,"community_notifications_enabled":null,"description":null}],"recoubs_count":1099,"remixes_count":4,"likes_count":5178,"dislikes_count":0,"raw_video_id":16527656,"uploaded_by_ios_app":false,"uploaded_by_android_app":false,"media_blocks":{"uploaded_raw_videos":[],"external_raw_videos":[],"remixed_from_coubs":[]},"raw_video_thumbnail_url":"https://coub-anubis-a.akamaized.net/coub_storage/raw_video/cw_image/e1003d7a903/403688d1a59c0ea0bff89/coub_media_1623662039_image.jpg","raw_video_title":"Walk_Away.mp4","video_block_banned":false,"duration":9.56,"promo_winner":false,"promo_winner_recoubers":null,"editorial_info":{},"promo_hint":null,"beeline_best_2014":null,"from_web_editor":true,"normalize_sound":false,"normalize_change_allowed":true,"best2015_addable":false,"ahmad_promo":null,"promo_data":null,"audio_copyright_claim":null,"ads_disabled":false,"is_safe_for_ads":true,"megafon_contents":[],"position_on_page":2},{"flag":null,"abuses":null,"recoubs_by_users_channels":null,"favourite":false,"promoted_id":null,"recoub":null,"like":null,"dislike":null,"reaction":null,"in_my_best2015":false,"id":180372735,"type":"Coub::Simple","permalink":"2z1jf2","title":"This Is Deutsch","visibility_type":"public","original_visibility_type":"public","channel_id":3563000,"created_at":"2021-12-21T13:20:23Z","updated_at":"2022-03-18T06:49:57Z","is_done":true,"views_count":289214,"cotd":null,"cotd_at":null,"visible_on_explore_root":true,"visible_on_explore":true,"featured":true,"published":true,"published_at":"2021-12-21T13:20:22Z","reversed":false,"from_editor_v2":true,"is_editable":true,"original_sound":false,"has_sound":false,"recoub_to":null,"file_versions":{"html5":{"video":{"higher":{"url":"https://coub-anubis-a.akamaized.net/coub_storage/coub/simple/cw_file/d50d64b7c51/6aceeb4e973eda6371873/muted_mp4_huge_size_1640094228_muted_huge.mp4","size":2810293},"high":{"url":"https://coub-anubis-a.akamaized.net/coub_storage/coub/simple/cw_file/d50d64b7c51/6aceeb4e973eda6371873/muted_mp4_big_size_1640094228_muted_big.mp4","size":1928568},"med":{"url":"https://coub-anubis-a.akamaized.net/coub_storage/coub/simple/cw_file/d50d64b7c51/6aceeb4e973eda6371873/muted_mp4_med_size_1640094228_muted_med.mp4","size":645987}},"audio":{"high":{"url":"https://coub-anubis-a.akamaized.net/coub_storage/coub/simple/cw_looped_audio_high/7e04ca1eda6/374fc82482c254029da30/1640094234_mp3-high.mp3","size":729582},"med":{"url":"https://coub-anubis-a.akamaized.net/coub_storage/coub/simple/cw_looped_audio_med/0f87ae9e638/d556e5b340c333f413d2c/1640094234_mp3-med.mp3","size":526358}}},"mobile":{"video":"https://coub-anubis-a.akamaized.net/coub_storage/coub/simple/cw_file/d50d64b7c51/6aceeb4e973eda6371873/muted_mp4_med_size_1640094228_muted_med.mp4","audio":["https://coub-anubis-a.akamaized.net/coub_storage/coub/simple/cw_looped_audio_med/0f87ae9e638/d556e5b340c333f413d2c/1640094234_mp3-med.mp3"]},"share":{"default":"https://coub-anubis-a.akamaized.net/coub_storage/coub/simple/cw_video_for_sharing/8eca14da7c7/267eb51456fcfcc52cc7b/1640094319_looped_1640094316.mp4"}},"audio_versions":{"template":"https://coub-anubis-a.akamaized.net/coub_storage/audio_track/cw_file/410bbd5e9d3/a129410986a8fa9e423da/mid_1640094229_v81qh6_edited.mp3","versions":["mid","low"]},"image_versions":{"template":"https://coub-anubis-a.akamaized.net/coub_storage/coub/simple/cw_image/3e38e92bd15/84b78372b2114d92ddcd3/%{version}_1640094243_00026.jpg","versions":["micro","tiny","age_restricted","ios_large","ios_mosaic","big","med","small","pinterest"]},"first_frame_versions":{"template":"https://coub-anubis-a.akamaized.net/coub_storage/coub/simple/cw_timeline_pic/c75954de9af/ae967f85c06d16089cf56/%{version}_1640094242_image.jpg","versions":["big","med","small","ios_large"]},"dimensions":{"big":[1280,720],"med":[640,360]},"site_w_h":[640,360],"page_w_h":[640,360],"site_w_h_small":[310,174],"size":[1280,720],"age_restricted":false,"age_restricted_by_admin":false,"not_safe_for_work":false,"allow_reuse":false,"dont_crop":true,"banned":false,"global_safe":true,"audio_file_url":"https://coub-anubis-a.akamaized.net/coub_storage/audio_track/cw_file/410bbd5e9d3/a129410986a8fa9e423da/low_1640094229_v81qh6_edited.mp3","external_download":{"type":"Youtube","service_name":"YouTube","url":"https://youtu.be/ZpfJiwelcdM","has_embed":true},"application":null,"channel":{"id":3563000,"permalink":"padlerr0","title":"Padlerr","description":null,"followers_count":252,"following_count":67,"avatar_versions":{"template":"https://coub-anubis-a.akamaized.net/coub_storage/channel/cw_avatar/6dbbf38fc73/13a99613a38fc7540ea69/%{version}_1607422470_pgqa3x_1493990924_cropped.jpeg","versions":["medium","medium_2x","profile_pic","profile_pic_new","profile_pic_new_2x","tiny","tiny_2x","small","small_2x","ios_large","ios_small"]}},"file":null,"picture":"https://coub-anubis-a.akamaized.net/coub_storage/coub/simple/cw_image/3e38e92bd15/84b78372b2114d92ddcd3/med_1640094243_00026.jpg","timeline_picture":"https://coub-anubis-a.akamaized.net/coub_storage/coub/simple/cw_timeline_pic/c75954de9af/ae967f85c06d16089cf56/ios_large_1640094242_image.jpg","small_picture":"https://coub-anubis-a.akamaized.net/coub_storage/coub/simple/cw_image/3e38e92bd15/84b78372b2114d92ddcd3/ios_mosaic_1640094243_00026.jpg","sharing_picture":null,"percent_done":100,"tags":[{"id":1160,"title":"музыка","value":"%D0%BC%D1%83%D0%B7%D1%8B%D0%BA%D0%B0"},{"id":164,"title":"аниме","value":"%D0%B0%D0%BD%D0%B8%D0%BC%D0%B5"},{"id":4916184,"title":"азур лейн","value":"%D0%B0%D0%B7%D1%83%D1%80%20%D0%BB%D0%B5%D0%B9%D0%BD"},{"id":86,"title":"music","value":"music"},{"id":165,"title":"anime","value":"anime"},{"id":11195,"title":"germany","value":"germany"},{"id":21543,"title":"iron","value":"iron"},{"id":67284,"title":"fleet","value":"fleet"},{"id":34012,"title":"pv","value":"pv"},{"id":3807534,"title":"azur lane","value":"azur%20lane"},{"id":5774979,"title":"計画艦","value":"%E8%A8%88%E7%94%BB%E8%89%A6"},{"id":4193943,"title":"アズレン","value":"%E3%82%A2%E3%82%BA%E3%83%AC%E3%83%B3"},{"id":4269257,"title":"アズールレーン","value":"%E3%82%A2%E3%82%BA%E3%83%BC%E3%83%AB%E3%83%AC%E3%83%BC%E3%83%B3"},{"id":2184924,"title":"eisbrecher - this is deutsch","value":"eisbrecher%20-%20this%20is%20deutsch"},{"id":929204,"title":"eisbrecher","value":"eisbrecher"}],"categories":[{"id":36,"title":"Anime","permalink":"anime","subscriptions_count":10078018,"big_image_url":"https://coub-anubis-a.akamaized.net/coub_storage/category/cw_image/79d6e4a3e73/c0b7416c30391c998a2ac/big_1544750217_Anime2.png","small_image_url":"https://coub-anubis-a.akamaized.net/coub_storage/category/cw_image/79d6e4a3e73/c0b7416c30391c998a2ac/small_1544750217_Anime2.png","med_image_url":"https://coub-anubis-a.akamaized.net/coub_storage/category/cw_image/79d6e4a3e73/c0b7416c30391c998a2ac/med_1544750217_Anime2.png","visible":true}],"communities":[{"id":36,"title":"Anime","permalink":"anime","subscriptions_count":10078018,"big_image_url":"https://coub-anubis-a.akamaized.net/coub_storage/category/cw_image/79d6e4a3e73/c0b7416c30391c998a2ac/big_1544750217_Anime2.png","small_image_url":"https://coub-anubis-a.akamaized.net/coub_storage/category/cw_image/79d6e4a3e73/c0b7416c30391c998a2ac/small_1544750217_Anime2.png","med_image_url":"https://coub-anubis-a.akamaized.net/coub_storage/category/cw_image/79d6e4a3e73/c0b7416c30391c998a2ac/med_1544750217_Anime2.png","i_subscribed":true,"community_notifications_enabled":null,"description":null}],"recoubs_count":1084,"remixes_count":6,"likes_count":5175,"dislikes_count":0,"raw_video_id":16763107,"uploaded_by_ios_app":false,"uploaded_by_android_app":false,"media_blocks":{"uploaded_raw_videos":[],"external_raw_videos":[{"id":39653289,"title":"アズールレーン　アニメCM（虚畳なりし限象篇）30秒Ver","url":"https://www.youtube.com/watch?v=ZpfJiwelcdM","image":"https://coub-anubis-a.akamaized.net/coub_storage/media_block/cw_image/c9a4b5b7549/7d7358e5fa74d9798ab1d/video_1631461666_tuzbxy_1631461653_1631461652_1raj8rh_att-url-download.webp","image_retina":"https://coub-anubis-a.akamaized.net/coub_storage/media_block/cw_image/c9a4b5b7549/7d7358e5fa74d9798ab1d/video_retina_1631461666_tuzbxy_1631461653_1631461652_1raj8rh_att-url-download.webp","meta":{"service":"Youtube","duration":"30.04"},"duration":30.04,"raw_video_id":16763107,"has_embed":true},{"id":40642973,"title":"期間限定イベント「遡望せし虹彩の塔」アニメイメージPV","url":"https://www.youtube.com/watch?v=eNGQ1ptelQY","image":"https://coub-anubis-a.akamaized.net/coub_storage/media_block/cw_image/85caa5bcf9f/5fbe2123726dba96567e3/video_1640087428_1uztcvq_1640087411_1640087410_qynu5i_att-url-download.webp","image_retina":"https://coub-anubis-a.akamaized.net/coub_storage/media_block/cw_image/85caa5bcf9f/5fbe2123726dba96567e3/video_retina_1640087428_1uztcvq_1640087411_1640087410_qynu5i_att-url-download.webp","meta":{"service":"Youtube","duration":"34.021"},"duration":34.021,"raw_video_id":17007662,"has_embed":true}],"remixed_from_coubs":[],"external_video":{"id":39653289,"title":"アズールレーン　アニメCM（虚畳なりし限象篇）30秒Ver","url":"https://www.youtube.com/watch?v=ZpfJiwelcdM","image":"https://coub-anubis-a.akamaized.net/coub_storage/media_block/cw_image/c9a4b5b7549/7d7358e5fa74d9798ab1d/video_1631461666_tuzbxy_1631461653_1631461652_1raj8rh_att-url-download.webp","image_retina":"https://coub-anubis-a.akamaized.net/coub_storage/media_block/cw_image/c9a4b5b7549/7d7358e5fa74d9798ab1d/video_retina_1631461666_tuzbxy_1631461653_1631461652_1raj8rh_att-url-download.webp","meta":{"service":"Youtube","duration":"30.04"},"duration":30.04,"raw_video_id":16763107,"has_embed":true}},"raw_video_thumbnail_url":"https://coub-anubis-a.akamaized.net/coub_storage/raw_video/cw_image/33c79fa2d5e/ddca2d3c22d75d7616a34/coub_media_1631461653_1631461652_1raj8rh_att-url-download.webp","raw_video_title":"アズールレーン　アニメCM（虚畳なりし限象篇）30秒Ver","video_block_banned":false,"duration":8.28,"promo_winner":false,"promo_winner_recoubers":null,"editorial_info":{},"promo_hint":null,"beeline_best_2014":null,"from_web_editor":true,"normalize_sound":false,"normalize_change_allowed":false,"best2015_addable":false,"ahmad_promo":null,"promo_data":null,"audio_copyright_claim":null,"ads_disabled":false,"is_safe_for_ads":true,"megafon_contents":[],"position_on_page":3},{"flag":null,"abuses":null,"recoubs_by_users_channels":null,"favourite":false,"promoted_id":null,"recoub":null,"like":null,"dislike":null,"reaction":null,"in_my_best2015":false,"id":156532625,"type":"Coub::Simple","permalink":"2kuk4q","title":"Anime Mix | Teeth | AMV","visibility_type":"public","original_visibility_type":"public","channel_id":5508714,"created_at":"2020-10-25T18:19:14Z","updated_at":"2022-03-18T01:42:28Z","is_done":true,"views_count":245896,"cotd":null,"cotd_at":null,"visible_on_explore_root":false,"visible_on_explore":false,"featured":false,"published":true,"published_at":"2020-10-25T18:19:14Z","reversed":false,"from_editor_v2":true,"is_editable":true,"original_sound":true,"has_sound":true,"recoub_to":null,"file_versions":{"html5":{"video":{"higher":{"url":"https://coub-anubis-a.akamaized.net/coub_storage/coub/simple/cw_file/74e0d9d558e/b2bde9be6ea78a0ef6d14/muted_mp4_huge_size_1603649983_muted_huge.mp4","size":4093081},"high":{"url":"https://coub-anubis-a.akamaized.net/coub_storage/coub/simple/cw_file/74e0d9d558e/b2bde9be6ea78a0ef6d14/muted_mp4_big_size_1603649983_muted_big.mp4","size":2848307},"med":{"url":"https://coub-anubis-a.akamaized.net/coub_storage/coub/simple/cw_file/74e0d9d558e/b2bde9be6ea78a0ef6d14/muted_mp4_med_size_1603649983_muted_med.mp4","size":1016053}},"audio":{"high":{"url":"https://coub-anubis-a.akamaized.net/coub_storage/coub/simple/cw_looped_audio_high/868032cf241/0ec92260de01f8cefd90f/1603649985_mp3-high.mp3","size":1169052},"med":{"url":"https://coub-anubis-a.akamaized.net/coub_storage/coub/simple/cw_looped_audio_med/741d9e53d67/83dce881f11cf017278c7/1603649984_mp3-med.mp3","size":888731},"sample_duration":9.288}},"mobile":{"video":"https://coub-anubis-a.akamaized.net/coub_storage/coub/simple/cw_file/74e0d9d558e/b2bde9be6ea78a0ef6d14/muted_mp4_med_size_1603649983_muted_med.mp4","audio":["https://coub-anubis-a.akamaized.net/coub_storage/coub/simple/cw_looped_audio_med/741d9e53d67/83dce881f11cf017278c7/1603649984_mp3-med.mp3"]},"share":{"default":"https://coub-anubis-a.akamaized.net/coub_storage/coub/simple/cw_video_for_sharing/422e7d4545c/df9d086293b1c29f53503/1608155459_looped_1608155458.mp4"}},"audio_versions":{},"image_versions":{"template":"https://coub-anubis-a.akamaized.net/coub_storage/coub/simple/cw_image/c42078f9b5e/29002668f562cec57d3ce/1603649993_00030.jpg","versions":["micro","tiny","age_restricted","ios_large","ios_mosaic","big","med","small","pinterest"]},"first_frame_versions":{"template":"https://coub-anubis-a.akamaized.net/coub_storage/coub/simple/cw_timeline_pic/f64f29ef4fb/3a6f774f206a6520ef0f9/%{version}_1603649991_image.jpg","versions":["big","med","small","ios_large"]},"dimensions":{"big":[1280,720],"med":[640,360]},"site_w_h":[640,360],"page_w_h":[640,360],"site_w_h_small":[310,174],"size":[1280,720],"age_restricted":false,"age_restricted_by_admin":false,"not_safe_for_work":false,"allow_reuse":false,"dont_crop":true,"banned":false,"global_safe":true,"audio_file_url":null,"external_download":{"type":"Youtube","service_name":"YouTube","url":"https://www.youtube.com/watch?v=iPaSJYXl1bo","has_embed":true},"application":null,"channel":{"id":5508714,"permalink":"drost314","title":"Drost(/^^/)","description":null,"followers_count":65,"following_count":20,"avatar_versions":{"template":"https://coub-anubis-a.akamaized.net/coub_storage/channel/cw_avatar/8bc57fbf079/b557eb9840ea19bbecbf7/%{version}_1607420377_1dfyc44_1555679133_3ZN2tNAzWSc.jpg","versions":["medium","medium_2x","profile_pic","profile_pic_new","profile_pic_new_2x","tiny","tiny_2x","small","small_2x","ios_large","ios_small"]}},"file":null,"picture":"https://coub-anubis-a.akamaized.net/coub_storage/coub/simple/cw_image/c42078f9b5e/29002668f562cec57d3ce/1603649993_00030.jpg","timeline_picture":"https://coub-anubis-a.akamaized.net/coub_storage/coub/simple/cw_timeline_pic/f64f29ef4fb/3a6f774f206a6520ef0f9/ios_large_1603649991_image.jpg","small_picture":"https://coub-anubis-a.akamaized.net/coub_storage/coub/simple/cw_image/c42078f9b5e/29002668f562cec57d3ce/1603649993_00030.jpg","sharing_picture":null,"percent_done":100,"tags":[],"categories":[{"id":36,"title":"Anime","permalink":"anime","subscriptions_count":10078018,"big_image_url":"https://coub-anubis-a.akamaized.net/coub_storage/category/cw_image/79d6e4a3e73/c0b7416c30391c998a2ac/big_1544750217_Anime2.png","small_image_url":"https://coub-anubis-a.akamaized.net/coub_storage/category/cw_image/79d6e4a3e73/c0b7416c30391c998a2ac/small_1544750217_Anime2.png","med_image_url":"https://coub-anubis-a.akamaized.net/coub_storage/category/cw_image/79d6e4a3e73/c0b7416c30391c998a2ac/med_1544750217_Anime2.png","visible":true}],"communities":[{"id":36,"title":"Anime","permalink":"anime","subscriptions_count":10078018,"big_image_url":"https://coub-anubis-a.akamaized.net/coub_storage/category/cw_image/79d6e4a3e73/c0b7416c30391c998a2ac/big_1544750217_Anime2.png","small_image_url":"https://coub-anubis-a.akamaized.net/coub_storage/category/cw_image/79d6e4a3e73/c0b7416c30391c998a2ac/small_1544750217_Anime2.png","med_image_url":"https://coub-anubis-a.akamaized.net/coub_storage/category/cw_image/79d6e4a3e73/c0b7416c30391c998a2ac/med_1544750217_Anime2.png","i_subscribed":true,"community_notifications_enabled":null,"description":null}],"recoubs_count":978,"remixes_count":5,"likes_count":5175,"dislikes_count":0,"raw_video_id":15763451,"uploaded_by_ios_app":false,"uploaded_by_android_app":false,"media_blocks":{"uploaded_raw_videos":[],"external_raw_videos":[{"id":37175778,"title":"Anime Mix | Teeth | AMV","url":"https://www.youtube.com/watch?v=iPaSJYXl1bo","image":"https://coub-anubis-a.akamaized.net/coub_storage/media_block/cw_image/cae01af5d91/6ed8b76f94992f282aa6e/1602538966_idd3at_1602538938_1gmqmxe_att-url-download.jpg_v_5f7b6918","image_retina":"https://coub-anubis-a.akamaized.net/coub_storage/media_block/cw_image/cae01af5d91/6ed8b76f94992f282aa6e/1602538966_idd3at_1602538938_1gmqmxe_att-url-download.jpg_v_5f7b6918","meta":{"service":"Youtube","duration":"127.88"},"duration":127.88,"raw_video_id":15763451,"has_embed":true}],"remixed_from_coubs":[],"external_video":{"id":37175778,"title":"Anime Mix | Teeth | AMV","url":"https://www.youtube.com/watch?v=iPaSJYXl1bo","image":"https://coub-anubis-a.akamaized.net/coub_storage/media_block/cw_image/cae01af5d91/6ed8b76f94992f282aa6e/1602538966_idd3at_1602538938_1gmqmxe_att-url-download.jpg_v_5f7b6918","image_retina":"https://coub-anubis-a.akamaized.net/coub_storage/media_block/cw_image/cae01af5d91/6ed8b76f94992f282aa6e/1602538966_idd3at_1602538938_1gmqmxe_att-url-download.jpg_v_5f7b6918","meta":{"service":"Youtube","duration":"127.88"},"duration":127.88,"raw_video_id":15763451,"has_embed":true}},"raw_video_thumbnail_url":"/missing/missing.png","raw_video_title":"Anime Mix | Teeth | AMV","video_block_banned":false,"duration":9.28,"promo_winner":false,"promo_winner_recoubers":null,"editorial_info":{},"promo_hint":null,"beeline_best_2014":null,"from_web_editor":true,"normalize_sound":true,"normalize_change_allowed":true,"best2015_addable":false,"ahmad_promo":null,"promo_data":null,"audio_copyright_claim":null,"ads_disabled":false,"is_safe_for_ads":true,"megafon_contents":[],"position_on_page":4},{"flag":null,"abuses":null,"recoubs_by_users_channels":null,"favourite":false,"promoted_id":null,"recoub":null,"like":null,"dislike":null,"reaction":null,"in_my_best2015":false,"id":134709928,"type":"Coub::Simple","permalink":"27ue1r","title":"My soul sings","visibility_type":"public","original_visibility_type":"public","channel_id":7197393,"created_at":"2020-01-18T01:12:32Z","updated_at":"2022-03-18T02:56:03Z","is_done":true,"views_count":292964,"cotd":null,"cotd_at":null,"visible_on_explore_root":false,"visible_on_explore":false,"featured":false,"published":true,"published_at":"2020-01-18T01:12:32Z","reversed":false,"from_editor_v2":true,"is_editable":true,"original_sound":false,"has_sound":false,"recoub_to":null,"file_versions":{"html5":{"video":{"higher":{"url":"https://coub-anubis-a.akamaized.net/coub_storage/coub/simple/cw_file/e2a53a4c36e/2c76064c9956df307f3ae/muted_mp4_huge_size_1579310207_muted_huge.mp4","size":3085198},"high":{"url":"https://coub-anubis-a.akamaized.net/coub_storage/coub/simple/cw_file/e2a53a4c36e/2c76064c9956df307f3ae/muted_mp4_big_size_1579310207_muted_big.mp4","size":2274004},"med":{"url":"https://coub-anubis-a.akamaized.net/coub_storage/coub/simple/cw_file/e2a53a4c36e/2c76064c9956df307f3ae/muted_mp4_med_size_1579310207_muted_med.mp4","size":829170}},"audio":{"high":{"url":"https://coub-anubis-a.akamaized.net/coub_storage/coub/simple/cw_looped_audio_high/d0f417dcd44/67f97d256fe5cf7e1666c/1605704567_high_1579310227_high.mp3","size":2713769},"med":{"url":"https://coub-anubis-a.akamaized.net/coub_storage/coub/simple/cw_looped_audio_med/37c0c2d3948/2475f8edf6fe26f89567e/1605704566_med_1579310227_med.mp3","size":1950999}}},"mobile":{"video":"https://coub-anubis-a.akamaized.net/coub_storage/coub/simple/cw_file/e2a53a4c36e/2c76064c9956df307f3ae/muted_mp4_med_size_1579310207_muted_med.mp4","audio":["https://coub-anubis-a.akamaized.net/coub_storage/coub/simple/cw_looped_audio_med/37c0c2d3948/2475f8edf6fe26f89567e/1605704566_med_1579310227_med.mp3"]},"share":{"default":"https://coub-anubis-a.akamaized.net/coub_storage/coub/simple/cw_video_for_sharing/85bba62cc67/a85406f9a9a8802722715/1608821464_looped_1608821462.mp4"}},"audio_versions":{"template":"https://coub-anubis-a.akamaized.net/coub_storage/audio_track/cw_file/2d9bd5892e6/dd29fce25837ac6b90474/mid_1579310210_1bqwlj1_edited.mp3","versions":["mid","low"]},"image_versions":{"template":"https://coub-anubis-a.akamaized.net/coub_storage/coub/simple/cw_image/810db98031d/3b5652ad817431f551d88/1579310237_00032.jpg","versions":["micro","tiny","age_restricted","ios_large","ios_mosaic","big","med","small","pinterest"]},"first_frame_versions":{"template":"https://coub-anubis-a.akamaized.net/coub_storage/coub/simple/cw_timeline_pic/0a0ae3994bf/48a08ee7aca1738d5902c/%{version}_1579310236_image.jpg","versions":["big","med","small","ios_large"]},"dimensions":{"big":[1280,720],"med":[640,360]},"site_w_h":[640,360],"page_w_h":[640,360],"site_w_h_small":[310,174],"size":[1280,720],"age_restricted":false,"age_restricted_by_admin":false,"not_safe_for_work":false,"allow_reuse":false,"dont_crop":false,"banned":false,"global_safe":true,"audio_file_url":"https://coub-anubis-a.akamaized.net/coub_storage/audio_track/cw_file/2d9bd5892e6/dd29fce25837ac6b90474/low_1579310210_1bqwlj1_edited.mp3","external_download":{"type":"Youtube","service_name":"YouTube","url":"https://www.youtube.com/watch?v=WP6DJfhPQTg&list=LLIUYWpAY2AIWpe59Wu0XbZw&index=3","has_embed":true},"application":null,"channel":{"id":7197393,"permalink":"dad5160f0a19bdd5584e898fc80fbdcd","title":"Open Com","description":"Im gay","followers_count":119,"following_count":19,"avatar_versions":{"template":"https://coub-anubis-a.akamaized.net/coub_storage/channel/cw_avatar/1e94a2a7c81/837d731c20519653da647/%{version}_1607423517_4zylpg_1589552238_iTqaXNgVlf0.jpg","versions":["medium","medium_2x","profile_pic","profile_pic_new","profile_pic_new_2x","tiny","tiny_2x","small","small_2x","ios_large","ios_small"]}},"file":null,"picture":"https://coub-anubis-a.akamaized.net/coub_storage/coub/simple/cw_image/810db98031d/3b5652ad817431f551d88/1579310237_00032.jpg","timeline_picture":"https://coub-anubis-a.akamaized.net/coub_storage/coub/simple/cw_timeline_pic/0a0ae3994bf/48a08ee7aca1738d5902c/ios_large_1579310236_image.jpg","small_picture":"https://coub-anubis-a.akamaized.net/coub_storage/coub/simple/cw_image/810db98031d/3b5652ad817431f551d88/1579310237_00032.jpg","sharing_picture":null,"percent_done":100,"tags":[{"id":5428313,"title":"my soul sings","value":"my%20soul%20sings"},{"id":20593,"title":"релакс","value":"%D1%80%D0%B5%D0%BB%D0%B0%D0%BA%D1%81"},{"id":395858,"title":"чилл","value":"%D1%87%D0%B8%D0%BB%D0%BB"},{"id":4111,"title":"chill","value":"chill"},{"id":182,"title":"dance","value":"dance"},{"id":5423372,"title":"open com","value":"open%20com"},{"id":164,"title":"аниме","value":"%D0%B0%D0%BD%D0%B8%D0%BC%D0%B5"},{"id":3404526,"title":"sthlm sunset","value":"sthlm%20sunset"},{"id":3404525,"title":"ehrling","value":"ehrling"},{"id":1355318,"title":"animemes","value":"animemes"},{"id":46182,"title":"nichijou","value":"nichijou"},{"id":165,"title":"anime","value":"anime"}],"categories":[{"id":36,"title":"Anime","permalink":"anime","subscriptions_count":10078018,"big_image_url":"https://coub-anubis-a.akamaized.net/coub_storage/category/cw_image/79d6e4a3e73/c0b7416c30391c998a2ac/big_1544750217_Anime2.png","small_image_url":"https://coub-anubis-a.akamaized.net/coub_storage/category/cw_image/79d6e4a3e73/c0b7416c30391c998a2ac/small_1544750217_Anime2.png","med_image_url":"https://coub-anubis-a.akamaized.net/coub_storage/category/cw_image/79d6e4a3e73/c0b7416c30391c998a2ac/med_1544750217_Anime2.png","visible":true}],"communities":[{"id":36,"title":"Anime","permalink":"anime","subscriptions_count":10078018,"big_image_url":"https://coub-anubis-a.akamaized.net/coub_storage/category/cw_image/79d6e4a3e73/c0b7416c30391c998a2ac/big_1544750217_Anime2.png","small_image_url":"https://coub-anubis-a.akamaized.net/coub_storage/category/cw_image/79d6e4a3e73/c0b7416c30391c998a2ac/small_1544750217_Anime2.png","med_image_url":"https://coub-anubis-a.akamaized.net/coub_storage/category/cw_image/79d6e4a3e73/c0b7416c30391c998a2ac/med_1544750217_Anime2.png","i_subscribed":true,"community_notifications_enabled":null,"description":null}],"recoubs_count":1076,"remixes_count":11,"likes_count":5175,"dislikes_count":0,"raw_video_id":14715009,"uploaded_by_ios_app":false,"uploaded_by_android_app":false,"media_blocks":{"uploaded_raw_videos":[],"external_raw_videos":[{"id":34520862,"title":"Hakase - Jazz Genius","url":"https://www.youtube.com/watch?v=WP6DJfhPQTg","image":"https://coub-anubis-a.akamaized.net/coub_storage/media_block/cw_image/486c1188613/1ac8ceff28fc6eb8733db/1579308612_q49llw_1579308586_okvzty_att-url-download.jpg","image_retina":"https://coub-anubis-a.akamaized.net/coub_storage/media_block/cw_image/486c1188613/1ac8ceff28fc6eb8733db/1579308612_q49llw_1579308586_okvzty_att-url-download.jpg","meta":{"service":"Youtube","duration":"59.52"},"duration":59.52,"raw_video_id":14715009,"has_embed":true}],"remixed_from_coubs":[],"external_video":{"id":34520862,"title":"Hakase - Jazz Genius","url":"https://www.youtube.com/watch?v=WP6DJfhPQTg","image":"https://coub-anubis-a.akamaized.net/coub_storage/media_block/cw_image/486c1188613/1ac8ceff28fc6eb8733db/1579308612_q49llw_1579308586_okvzty_att-url-download.jpg","image_retina":"https://coub-anubis-a.akamaized.net/coub_storage/media_block/cw_image/486c1188613/1ac8ceff28fc6eb8733db/1579308612_q49llw_1579308586_okvzty_att-url-download.jpg","meta":{"service":"Youtube","duration":"59.52"},"duration":59.52,"raw_video_id":14715009,"has_embed":true}},"raw_video_thumbnail_url":"/missing/missing.png","raw_video_title":"Hakase - Jazz Genius","video_block_banned":false,"duration":10.0,"promo_winner":false,"promo_winner_recoubers":null,"editorial_info":{},"promo_hint":null,"beeline_best_2014":null,"from_web_editor":true,"normalize_sound":false,"normalize_change_allowed":true,"best2015_addable":false,"ahmad_promo":null,"promo_data":null,"audio_copyright_claim":null,"ads_disabled":false,"is_safe_for_ads":true,"megafon_contents":[],"position_on_page":5},{"flag":null,"abuses":null,"recoubs_by_users_channels":null,"favourite":false,"promoted_id":null,"recoub":null,"like":null,"dislike":null,"reaction":null,"in_my_best2015":false,"id":110565706,"type":"Coub::Simple","permalink":"1tf6d0","title":"Everybody Is Here! ","visibility_type":"public","original_visibility_type":"public","channel_id":4220787,"created_at":"2019-05-01T15:47:43Z","updated_at":"2022-03-17T10:00:31Z","is_done":true,"views_count":335614,"cotd":null,"cotd_at":null,"visible_on_explore_root":false,"visible_on_explore":false,"featured":false,"published":true,"published_at":"2019-05-01T15:47:43Z","reversed":false,"from_editor_v2":true,"is_editable":true,"original_sound":false,"has_sound":false,"recoub_to":null,"file_versions":{"html5":{"video":{"higher":{"url":"https://coub-anubis-a.akamaized.net/coub_storage/coub/simple/cw_file/0513b7606a3/e52987f2ef50ad1cd0484/muted_mp4_huge_size_1569100775_muted_huge.mp4","size":3756840},"high":{"url":"https://coub-anubis-a.akamaized.net/coub_storage/coub/simple/cw_file/0513b7606a3/e52987f2ef50ad1cd0484/muted_mp4_big_size_1569100775_muted_big.mp4","size":2955288},"med":{"url":"https://coub-anubis-a.akamaized.net/coub_storage/coub/simple/cw_file/0513b7606a3/e52987f2ef50ad1cd0484/muted_mp4_med_size_1569100775_muted_med.mp4","size":933844}},"audio":{"high":{"url":"https://coub-anubis-a.akamaized.net/coub_storage/coub/simple/cw_looped_audio_high/480d94a9384/b74fca45fb1c4604e790c/1605675926_high_1556725685_high.mp3","size":1104442},"med":{"url":"https://coub-anubis-a.akamaized.net/coub_storage/coub/simple/cw_looped_audio_med/7e0e4f141e1/c8765b0ffe7fd341921e6/1605675926_med_1556725685_med.mp3","size":756542}}},"mobile":{"video":"https://coub-anubis-a.akamaized.net/coub_storage/coub/simple/cw_file/0513b7606a3/e52987f2ef50ad1cd0484/muted_mp4_med_size_1569100775_muted_med.mp4","audio":["https://coub-anubis-a.akamaized.net/coub_storage/coub/simple/cw_looped_audio_med/7e0e4f141e1/c8765b0ffe7fd341921e6/1605675926_med_1556725685_med.mp3"]},"share":{"default":"https://coub-anubis-a.akamaized.net/coub_storage/coub/simple/cw_video_for_sharing/4d28f7d0c57/d91f80e1fdb979d617f85/1608316250_looped_1608316249.mp4"}},"audio_versions":{"template":"https://coub-anubis-a.akamaized.net/coub_storage/audio_track/cw_file/01da303eecf/c24c9903119506ce397b4/mid_1556725341_audio.mp3","versions":["mid","low"]},"image_versions":{"template":"https://coub-anubis-a.akamaized.net/coub_storage/coub/simple/cw_image/0d719df43f3/8f68a900562632f75ef80/1556725696_00030.jpg","versions":["micro","tiny","age_restricted","ios_large","ios_mosaic","big","med","small","pinterest"]},"first_frame_versions":{"template":"https://coub-anubis-a.akamaized.net/coub_storage/coub/simple/cw_timeline_pic/2681e3fd038/86373efa308b1d59c4fdb/%{version}_1556725695_image.jpg","versions":["big","med","small","ios_large"]},"dimensions":{"big":[1280,720],"med":[640,360]},"site_w_h":[640,360],"page_w_h":[640,360],"site_w_h_small":[310,174],"size":[1280,720],"age_restricted":false,"age_restricted_by_admin":false,"not_safe_for_work":false,"allow_reuse":false,"dont_crop":false,"banned":false,"global_safe":true,"audio_file_url":"https://coub-anubis-a.akamaized.net/coub_storage/audio_track/cw_file/01da303eecf/c24c9903119506ce397b4/low_1556725341_audio.mp3","external_download":false,"application":null,"channel":{"id":4220787,"permalink":"hilzu000","title":"Hilzu ᴹ ᵘ ᴿ","description":"Holla, everyone! Let's make something Great!)","followers_count":1256,"following_count":50,"avatar_versions":{"template":"https://coub-anubis-a.akamaized.net/coub_storage/channel/cw_avatar/ffac443748f/ce89a11780880abed5419/%{version}_1607424052_uaud64_1556536152_cropped.jpeg","versions":["medium","medium_2x","profile_pic","profile_pic_new","profile_pic_new_2x","tiny","tiny_2x","small","small_2x","ios_large","ios_small"]}},"file":null,"picture":"https://coub-anubis-a.akamaized.net/coub_storage/coub/simple/cw_image/0d719df43f3/8f68a900562632f75ef80/1556725696_00030.jpg","timeline_picture":"https://coub-anubis-a.akamaized.net/coub_storage/coub/simple/cw_timeline_pic/2681e3fd038/86373efa308b1d59c4fdb/ios_large_1556725695_image.jpg","small_picture":"https://coub-anubis-a.akamaized.net/coub_storage/coub/simple/cw_image/0d719df43f3/8f68a900562632f75ef80/1556725696_00030.jpg","sharing_picture":null,"percent_done":100,"tags":[{"id":165,"title":"anime","value":"anime"},{"id":164,"title":"аниме","value":"%D0%B0%D0%BD%D0%B8%D0%BC%D0%B5"},{"id":1279594,"title":"konosuba","value":"konosuba"},{"id":94589,"title":"overlord","value":"overlord"},{"id":1476341,"title":"re zero","value":"re%20zero"},{"id":1386192,"title":"коносуба","value":"%D0%BA%D0%BE%D0%BD%D0%BE%D1%81%D1%83%D0%B1%D0%B0"},{"id":271038,"title":"владыка","value":"%D0%B2%D0%BB%D0%B0%D0%B4%D1%8B%D0%BA%D0%B0"},{"id":1700533,"title":"ре зеро","value":"%D1%80%D0%B5%20%D0%B7%D0%B5%D1%80%D0%BE"},{"id":4658521,"title":"isekai quartet","value":"isekai%20quartet"},{"id":1183689,"title":"isekai","value":"isekai"},{"id":154300,"title":"let's get it started","value":"let's%20get%20it%20started"},{"id":2723765,"title":"нарезка аниме","value":"%D0%BD%D0%B0%D1%80%D0%B5%D0%B7%D0%BA%D0%B0%20%D0%B0%D0%BD%D0%B8%D0%BC%D0%B5"},{"id":3355701,"title":"попаданец","value":"%D0%BF%D0%BE%D0%BF%D0%B0%D0%B4%D0%B0%D0%BD%D0%B5%D1%86"},{"id":367145,"title":"аниме коуб","value":"%D0%B0%D0%BD%D0%B8%D0%BC%D0%B5%20%D0%BA%D0%BE%D1%83%D0%B1"},{"id":367144,"title":"anime coub","value":"anime%20coub"}],"categories":[{"id":36,"title":"Anime","permalink":"anime","subscriptions_count":10078018,"big_image_url":"https://coub-anubis-a.akamaized.net/coub_storage/category/cw_image/79d6e4a3e73/c0b7416c30391c998a2ac/big_1544750217_Anime2.png","small_image_url":"https://coub-anubis-a.akamaized.net/coub_storage/category/cw_image/79d6e4a3e73/c0b7416c30391c998a2ac/small_1544750217_Anime2.png","med_image_url":"https://coub-anubis-a.akamaized.net/coub_storage/category/cw_image/79d6e4a3e73/c0b7416c30391c998a2ac/med_1544750217_Anime2.png","visible":true}],"communities":[{"id":36,"title":"Anime","permalink":"anime","subscriptions_count":10078018,"big_image_url":"https://coub-anubis-a.akamaized.net/coub_storage/category/cw_image/79d6e4a3e73/c0b7416c30391c998a2ac/big_1544750217_Anime2.png","small_image_url":"https://coub-anubis-a.akamaized.net/coub_storage/category/cw_image/79d6e4a3e73/c0b7416c30391c998a2ac/small_1544750217_Anime2.png","med_image_url":"https://coub-anubis-a.akamaized.net/coub_storage/category/cw_image/79d6e4a3e73/c0b7416c30391c998a2ac/med_1544750217_Anime2.png","i_subscribed":true,"community_notifications_enabled":null,"description":null}],"recoubs_count":1215,"remixes_count":5,"likes_count":5174,"dislikes_count":0,"raw_video_id":13634718,"uploaded_by_ios_app":false,"uploaded_by_android_app":false,"media_blocks":{"uploaded_raw_videos":[],"external_raw_videos":[],"remixed_from_coubs":[]},"raw_video_thumbnail_url":"/missing/missing.png","raw_video_title":"_HorribleSubs__Isekai_Quartet_-_02__1080p__1.mp4","video_block_banned":false,"duration":9.48,"promo_winner":false,"promo_winner_recoubers":null,"editorial_info":{},"promo_hint":null,"beeline_best_2014":null,"from_web_editor":true,"normalize_sound":false,"normalize_change_allowed":true,"best2015_addable":false,"ahmad_promo":null,"promo_data":null,"audio_copyright_claim":null,"ads_disabled":false,"is_safe_for_ads":true,"megafon_contents":[],"position_on_page":6},{"flag":null,"abuses":null,"recoubs_by_users_channels":null,"favourite":false,"promoted_id":null,"recoub":null,"like":null,"dislike":null,"reaction":null,"in_my_best2015":false,"id":71742056,"type":"Coub::Simple","permalink":"16aegi","title":"メ","visibility_type":"public","original_visibility_type":"public","channel_id":4070327,"created_at":"2018-04-12T05:25:20Z","updated_at":"2022-03-18T07:21:40Z","is_done":true,"views_count":449948,"cotd":null,"cotd_at":null,"visible_on_explore_root":false,"visible_on_explore":false,"featured":false,"published":true,"published_at":"2018-04-12T05:25:19Z","reversed":false,"from_editor_v2":true,"is_editable":true,"original_sound":true,"has_sound":true,"recoub_to":null,"file_versions":{"html5":{"video":{"higher":{"url":"https://coub-anubis-a.akamaized.net/coub_storage/coub/simple/cw_file/bcc48b41195/5be78f315bbd37f627db5/muted_mp4_huge_size_1568219495_muted_huge.mp4","size":2116796},"high":{"url":"https://coub-anubis-a.akamaized.net/coub_storage/coub/simple/cw_file/bcc48b41195/5be78f315bbd37f627db5/muted_mp4_big_size_1568219495_muted_big.mp4","size":1426297},"med":{"url":"https://coub-anubis-a.akamaized.net/coub_storage/coub/simple/cw_file/bcc48b41195/5be78f315bbd37f627db5/muted_mp4_med_size_1568219495_muted_med.mp4","size":469415}},"audio":{"high":{"url":"https://coub-anubis-a.akamaized.net/coub_storage/coub/simple/cw_looped_audio_high/0e201e6e993/257e050d504691d83cbf2/1605645995_high_1523510727_high.mp3","size":1123636},"med":{"url":"https://coub-anubis-a.akamaized.net/coub_storage/coub/simple/cw_looped_audio_med/e6eedc9f5eb/75de4f438a4fa3b2de034/1605645995_med_1523510727_med.mp3","size":897548},"sample_duration":7.082}},"mobile":{"video":"https://coub-anubis-a.akamaized.net/coub_storage/coub/simple/cw_file/bcc48b41195/5be78f315bbd37f627db5/muted_mp4_med_size_1568219495_muted_med.mp4","audio":["https://coub-anubis-a.akamaized.net/coub_storage/coub/simple/cw_looped_audio_med/e6eedc9f5eb/75de4f438a4fa3b2de034/1605645995_med_1523510727_med.mp3"]},"share":{"default":"https://coub-anubis-a.akamaized.net/coub_storage/coub/simple/cw_video_for_sharing/39f9308db17/cc144332380d0e58218fd/1608506129_looped_1608506126.mp4"}},"audio_versions":{},"image_versions":{"template":"https://coub-anubis-a.akamaized.net/coub_storage/coub/simple/cw_image/07fb146bd03/25b2e7826c196ba5f58c2/1523510734_00022.jpg","versions":["micro","tiny","age_restricted","ios_large","ios_mosaic","big","med","small","pinterest"]},"first_frame_versions":{"template":"https://coub-anubis-a.akamaized.net/coub_storage/coub/simple/cw_timeline_pic/87e20fa69da/3fd664fb9ca165717b9f5/%{version}_1523510733_image.jpg","versions":["big","med","small","ios_large"]},"dimensions":{"big":[1280,800],"med":[640,400]},"site_w_h":[640,400],"page_w_h":[640,400],"site_w_h_small":[310,194],"size":[1280,800],"age_restricted":false,"age_restricted_by_admin":false,"not_safe_for_work":false,"allow_reuse":false,"dont_crop":false,"banned":false,"global_safe":true,"audio_file_url":null,"external_download":false,"application":null,"channel":{"id":4070327,"permalink":"sparkyboomen","title":"SparkyBooMen","description":null,"followers_count":399,"following_count":42,"avatar_versions":{"template":"https://coub-anubis-a.akamaized.net/coub_storage/channel/cw_avatar/787a3627845/ff2bda79df49356e06531/%{version}_1608156516_6wkgw6_1517489571_sample_05b7c659f99166e5d1811da3ad093900de3d19cd.png","versions":["medium","medium_2x","profile_pic","profile_pic_new","profile_pic_new_2x","tiny","tiny_2x","small","small_2x","ios_large","ios_small"]}},"file":null,"picture":"https://coub-anubis-a.akamaized.net/coub_storage/coub/simple/cw_image/07fb146bd03/25b2e7826c196ba5f58c2/1523510734_00022.jpg","timeline_picture":"https://coub-anubis-a.akamaized.net/coub_storage/coub/simple/cw_timeline_pic/87e20fa69da/3fd664fb9ca165717b9f5/ios_large_1523510733_image.jpg","small_picture":"https://coub-anubis-a.akamaized.net/coub_storage/coub/simple/cw_image/07fb146bd03/25b2e7826c196ba5f58c2/1523510734_00022.jpg","sharing_picture":null,"percent_done":100,"tags":[{"id":15716,"title":"throw","value":"throw"},{"id":1450,"title":"best","value":"best"},{"id":636379,"title":"parasyte","value":"parasyte"},{"id":144896,"title":"parasite","value":"parasite"},{"id":165,"title":"anime","value":"anime"},{"id":173,"title":"epic","value":"epic"},{"id":14944,"title":"fights","value":"fights"},{"id":3900,"title":"action","value":"action"},{"id":485,"title":"fight","value":"fight"},{"id":5755,"title":"super","value":"super"},{"id":2236418,"title":"the maxim","value":"the%20maxim"},{"id":952905,"title":"parasyte the maxim","value":"parasyte%20the%20maxim"},{"id":491132,"title":"earth science","value":"earth%20science"},{"id":20383,"title":"minerals","value":"minerals"},{"id":3164193,"title":"sedimentary","value":"sedimentary"},{"id":3841951,"title":"sa2mob","value":"sa2mob"},{"id":1780144,"title":"sudden attack 2","value":"sudden%20attack%202"},{"id":73042,"title":"fury","value":"fury"},{"id":5326,"title":"mashup","value":"mashup"},{"id":1233639,"title":"メ","value":"%E3%83%A1"}],"categories":[{"id":36,"title":"Anime","permalink":"anime","subscriptions_count":10078018,"big_image_url":"https://coub-anubis-a.akamaized.net/coub_storage/category/cw_image/79d6e4a3e73/c0b7416c30391c998a2ac/big_1544750217_Anime2.png","small_image_url":"https://coub-anubis-a.akamaized.net/coub_storage/category/cw_image/79d6e4a3e73/c0b7416c30391c998a2ac/small_1544750217_Anime2.png","med_image_url":"https://coub-anubis-a.akamaized.net/coub_storage/category/cw_image/79d6e4a3e73/c0b7416c30391c998a2ac/med_1544750217_Anime2.png","visible":true}],"communities":[{"id":36,"title":"Anime","permalink":"anime","subscriptions_count":10078018,"big_image_url":"https://coub-anubis-a.akamaized.net/coub_storage/category/cw_image/79d6e4a3e73/c0b7416c30391c998a2ac/big_1544750217_Anime2.png","small_image_url":"https://coub-anubis-a.akamaized.net/coub_storage/category/cw_image/79d6e4a3e73/c0b7416c30391c998a2ac/small_1544750217_Anime2.png","med_image_url":"https://coub-anubis-a.akamaized.net/coub_storage/category/cw_image/79d6e4a3e73/c0b7416c30391c998a2ac/med_1544750217_Anime2.png","i_subscribed":true,"community_notifications_enabled":null,"description":null}],"recoubs_count":1120,"remixes_count":91,"likes_count":5174,"dislikes_count":0,"raw_video_id":"","uploaded_by_ios_app":false,"uploaded_by_android_app":false,"media_blocks":{"uploaded_raw_videos":[],"external_raw_videos":[],"remixed_from_coubs":[{"id":25432894,"title":"Огонь по 3D!","url":"http://coub.com/coubs/1557js/remix","image":"https://coub-anubis-a.akamaized.net/coub_storage/media_block/cw_image/9e9a3c1f2b2/0f0865e7f3a853bb4ab00/1521536556_1521536542_00032.jpg","image_retina":"https://coub-anubis-a.akamaized.net/coub_storage/media_block/cw_image/9e9a3c1f2b2/0f0865e7f3a853bb4ab00/1521536556_1521536542_00032.jpg","meta":{"duration":"10.0"},"duration":null,"coub_channel_title":"SparkyBooMen","coub_channel_permalink":"sparkyboomen","coub_views_count":2462,"coub_permalink":"1557js"},{"id":25454984,"title":"Сила булок)","url":"http://coub.com/coubs/157a5x/remix","image":"https://coub-anubis-a.akamaized.net/coub_storage/media_block/cw_image/af82948d69c/f15e236daa5cc3e4ee193/1521637750_1521637739_00010.jpg","image_retina":"https://coub-anubis-a.akamaized.net/coub_storage/media_block/cw_image/af82948d69c/f15e236daa5cc3e4ee193/1521637750_1521637739_00010.jpg","meta":{"duration":"3.16"},"duration":null,"coub_channel_title":"Святослав Черноусов","coub_channel_permalink":"svjatoslav-chernousov","coub_views_count":19713,"coub_permalink":"157a5x"},{"id":25667806,"title":"boring","url":"http://coub.com/coubs/15sdzd/remix","image":"https://coub-anubis-a.akamaized.net/coub_storage/media_block/cw_image/684d337b1bd/6efbcd18786fd6e3c8ea3/1522617888_1522617876_00021.jpg","image_retina":"https://coub-anubis-a.akamaized.net/coub_storage/media_block/cw_image/684d337b1bd/6efbcd18786fd6e3c8ea3/1522617888_1522617876_00021.jpg","meta":{"duration":"6.48"},"duration":null,"coub_channel_title":"Leonid Priymak","coub_channel_permalink":"leonid.priimak","coub_views_count":819728,"coub_permalink":"15sdzd"}]},"raw_video_thumbnail_url":"","raw_video_title":"","video_block_banned":false,"duration":6.96,"promo_winner":false,"promo_winner_recoubers":null,"editorial_info":{},"promo_hint":null,"beeline_best_2014":null,"from_web_editor":true,"normalize_sound":true,"normalize_change_allowed":true,"best2015_addable":false,"ahmad_promo":null,"promo_data":null,"audio_copyright_claim":null,"ads_disabled":false,"is_safe_for_ads":true,"megafon_contents":[],"position_on_page":7},{"flag":null,"abuses":null,"recoubs_by_users_channels":null,"favourite":false,"promoted_id":null,"recoub":null,"like":null,"dislike":null,"reaction":null,"in_my_best2015":false,"id":170999134,"type":"Coub::Simple","permalink":"2tgmnl","title":"Потерянный рай","visibility_type":"public","original_visibility_type":"public","channel_id":7258622,"created_at":"2021-06-23T09:37:33Z","updated_at":"2022-03-18T07:37:54Z","is_done":true,"views_count":298677,"cotd":null,"cotd_at":null,"visible_on_explore_root":false,"visible_on_explore":false,"featured":false,"published":true,"published_at":"2021-06-23T09:37:33Z","reversed":false,"from_editor_v2":true,"is_editable":true,"original_sound":false,"has_sound":false,"recoub_to":null,"file_versions":{"html5":{"video":{"higher":{"url":"https://coub-anubis-a.akamaized.net/coub_storage/coub/simple/cw_file/aeb3b85803f/921fbec591bb2aca70df5/muted_mp4_huge_size_1624441060_muted_huge.mp4","size":1363547},"high":{"url":"https://coub-anubis-a.akamaized.net/coub_storage/coub/simple/cw_file/aeb3b85803f/921fbec591bb2aca70df5/muted_mp4_big_size_1624441060_muted_big.mp4","size":955306},"med":{"url":"https://coub-anubis-a.akamaized.net/coub_storage/coub/simple/cw_file/aeb3b85803f/921fbec591bb2aca70df5/muted_mp4_med_size_1624441060_muted_med.mp4","size":297049}},"audio":{"high":{"url":"https://coub-anubis-a.akamaized.net/coub_storage/coub/simple/cw_looped_audio_high/85f80f14c2a/e69c84f667aad867c6ded/1624441076_mp3-high.mp3","size":2438979},"med":{"url":"https://coub-anubis-a.akamaized.net/coub_storage/coub/simple/cw_looped_audio_med/6ebf767be54/aa48fb2a7e3f119cf0fe6/1624441074_mp3-med.mp3","size":1777775}}},"mobile":{"video":"https://coub-anubis-a.akamaized.net/coub_storage/coub/simple/cw_file/aeb3b85803f/921fbec591bb2aca70df5/muted_mp4_med_size_1624441060_muted_med.mp4","audio":["https://coub-anubis-a.akamaized.net/coub_storage/coub/simple/cw_looped_audio_med/6ebf767be54/aa48fb2a7e3f119cf0fe6/1624441074_mp3-med.mp3"]},"share":{"default":"https://coub-anubis-a.akamaized.net/coub_storage/coub/simple/cw_video_for_sharing/99450b96227/76ba1202f507d33122162/1624441096_looped_1624441096.mp4"}},"audio_versions":{"template":"https://coub-anubis-a.akamaized.net/coub_storage/audio_track/cw_file/9f051ccd665/2c7c31cf1e70f5962b095/mid_1624441062_1j8qhe7_edited.mp3","versions":["mid","low"]},"image_versions":{"template":"https://coub-anubis-a.akamaized.net/coub_storage/coub/simple/cw_image/9b6fa7d9a1e/0deeccdb5138dfe50510b/%{version}_1624441079_00019.jpg","versions":["micro","tiny","age_restricted","ios_large","ios_mosaic","big","med","small","pinterest"]},"first_frame_versions":{"template":"https://coub-anubis-a.akamaized.net/coub_storage/coub/simple/cw_timeline_pic/176b5f552b6/777621850dc04684c1769/%{version}_1624441079_image.jpg","versions":["big","med","small","ios_large"]},"dimensions":{"big":[1280,720],"med":[640,360]},"site_w_h":[640,360],"page_w_h":[640,360],"site_w_h_small":[310,174],"size":[1280,720],"age_restricted":false,"age_restricted_by_admin":false,"not_safe_for_work":false,"allow_reuse":false,"dont_crop":true,"banned":false,"global_safe":null,"audio_file_url":"https://coub-anubis-a.akamaized.net/coub_storage/audio_track/cw_file/9f051ccd665/2c7c31cf1e70f5962b095/low_1624441062_1j8qhe7_edited.mp3","external_download":false,"application":null,"channel":{"id":7258622,"permalink":"hamza-amir","title":"F O X","description":"/","followers_count":130,"following_count":20,"avatar_versions":{"template":"https://coub-anubis-a.akamaized.net/coub_storage/channel/cw_avatar/fe1b68340f4/dd8466cd4e3f41b6f9424/%{version}_1636003423_fskjefnsekf.png","versions":["medium","medium_2x","profile_pic","profile_pic_new","profile_pic_new_2x","tiny","tiny_2x","small","small_2x","ios_large","ios_small"]}},"file":null,"picture":"https://coub-anubis-a.akamaized.net/coub_storage/coub/simple/cw_image/9b6fa7d9a1e/0deeccdb5138dfe50510b/med_1624441079_00019.jpg","timeline_picture":"https://coub-anubis-a.akamaized.net/coub_storage/coub/simple/cw_timeline_pic/176b5f552b6/777621850dc04684c1769/ios_large_1624441079_image.jpg","small_picture":"https://coub-anubis-a.akamaized.net/coub_storage/coub/simple/cw_image/9b6fa7d9a1e/0deeccdb5138dfe50510b/ios_mosaic_1624441079_00019.jpg","sharing_picture":null,"percent_done":100,"tags":[{"id":165,"title":"anime","value":"anime"},{"id":1261516,"title":"carpaccio","value":"carpaccio"},{"id":3931512,"title":"tekera","value":"tekera"},{"id":9997,"title":"collab","value":"collab"},{"id":29853,"title":"86","value":"86"},{"id":6234649,"title":"86: eighty six","value":"86:%20eighty%20six"},{"id":6069575,"title":"eighty six","value":"eighty%20six"},{"id":1332702,"title":"vladilena","value":"vladilena"},{"id":6305295,"title":"vladilena milizé","value":"vladilena%20miliz%C3%A9"},{"id":6305296,"title":"vladilena milize","value":"vladilena%20milize"},{"id":319,"title":"fox","value":"fox"},{"id":2522264,"title":"fox edit","value":"fox%20edit"},{"id":27855,"title":"the best","value":"the%20best"},{"id":82111,"title":"louna","value":"louna"},{"id":4053283,"title":"louna - полюса","value":"louna%20-%20%D0%BF%D0%BE%D0%BB%D1%8E%D1%81%D0%B0"},{"id":185745,"title":"полюса","value":"%D0%BF%D0%BE%D0%BB%D1%8E%D1%81%D0%B0"}],"categories":[{"id":36,"title":"Anime","permalink":"anime","subscriptions_count":10078018,"big_image_url":"https://coub-anubis-a.akamaized.net/coub_storage/category/cw_image/79d6e4a3e73/c0b7416c30391c998a2ac/big_1544750217_Anime2.png","small_image_url":"https://coub-anubis-a.akamaized.net/coub_storage/category/cw_image/79d6e4a3e73/c0b7416c30391c998a2ac/small_1544750217_Anime2.png","med_image_url":"https://coub-anubis-a.akamaized.net/coub_storage/category/cw_image/79d6e4a3e73/c0b7416c30391c998a2ac/med_1544750217_Anime2.png","visible":true}],"communities":[{"id":36,"title":"Anime","permalink":"anime","subscriptions_count":10078018,"big_image_url":"https://coub-anubis-a.akamaized.net/coub_storage/category/cw_image/79d6e4a3e73/c0b7416c30391c998a2ac/big_1544750217_Anime2.png","small_image_url":"https://coub-anubis-a.akamaized.net/coub_storage/category/cw_image/79d6e4a3e73/c0b7416c30391c998a2ac/small_1544750217_Anime2.png","med_image_url":"https://coub-anubis-a.akamaized.net/coub_storage/category/cw_image/79d6e4a3e73/c0b7416c30391c998a2ac/med_1544750217_Anime2.png","i_subscribed":true,"community_notifications_enabled":null,"description":null}],"recoubs_count":1013,"remixes_count":9,"likes_count":5171,"dislikes_count":0,"raw_video_id":"","uploaded_by_ios_app":false,"uploaded_by_android_app":false,"media_blocks":{"uploaded_raw_videos":[],"external_raw_videos":[],"remixed_from_coubs":[{"id":39136008,"title":"пластмассовый мир победил","url":"https://coub.com/coubs/2tgmce/remix","image":"https://coub-anubis-a.akamaized.net/coub_storage/media_block/cw_image/1d3706e6100/ea4d6b0c5781c98f1ce0f/video_1624440438_1h88mef_1624440405_00019.jpg","image_retina":"https://coub-anubis-a.akamaized.net/coub_storage/media_block/cw_image/1d3706e6100/ea4d6b0c5781c98f1ce0f/video_retina_1624440438_1h88mef_1624440405_00019.jpg","meta":{"duration":"6.0"},"duration":null,"coub_channel_title":"anilittle","coub_channel_permalink":"anilittle","coub_views_count":14263,"coub_permalink":"2tgmce"}]},"raw_video_thumbnail_url":"","raw_video_title":"","video_block_banned":false,"duration":6.0,"promo_winner":false,"promo_winner_recoubers":null,"editorial_info":{},"promo_hint":null,"beeline_best_2014":null,"from_web_editor":true,"normalize_sound":false,"normalize_change_allowed":true,"best2015_addable":false,"ahmad_promo":null,"promo_data":null,"audio_copyright_claim":null,"ads_disabled":false,"is_safe_for_ads":true,"megafon_contents":[],"position_on_page":8},{"flag":null,"abuses":null,"recoubs_by_users_channels":null,"favourite":false,"promoted_id":null,"recoub":null,"like":null,"dislike":null,"reaction":null,"in_my_best2015":false,"id":153679636,"type":"Coub::Simple","permalink":"2j5eq8","title":"I don't believe in Destiny. I just do what's best of me. ","visibility_type":"public","original_visibility_type":"public","channel_id":7175434,"created_at":"2020-09-12T10:29:08Z","updated_at":"2022-03-18T06:28:33Z","is_done":true,"views_count":276329,"cotd":null,"cotd_at":null,"visible_on_explore_root":false,"visible_on_explore":false,"featured":false,"published":true,"published_at":"2020-09-12T10:29:08Z","reversed":false,"from_editor_v2":true,"is_editable":true,"original_sound":false,"has_sound":false,"recoub_to":null,"file_versions":{"html5":{"video":{"higher":{"url":"https://coub-anubis-a.akamaized.net/coub_storage/coub/simple/cw_file/78d66f8d38a/b42e7d5e4db083d61e04c/muted_mp4_huge_size_1599906559_muted_huge.mp4","size":3504799},"high":{"url":"https://coub-anubis-a.akamaized.net/coub_storage/coub/simple/cw_file/78d66f8d38a/b42e7d5e4db083d61e04c/muted_mp4_big_size_1599906559_muted_big.mp4","size":2293785},"med":{"url":"https://coub-anubis-a.akamaized.net/coub_storage/coub/simple/cw_file/78d66f8d38a/b42e7d5e4db083d61e04c/muted_mp4_med_size_1599906559_muted_med.mp4","size":830212}},"audio":{"high":{"url":"https://coub-anubis-a.akamaized.net/coub_storage/coub/simple/cw_looped_audio_high/104cb6157ce/d9881b12ace06111aaf1d/1607276312_high_1599906570_high.mp3","size":1316273},"med":{"url":"https://coub-anubis-a.akamaized.net/coub_storage/coub/simple/cw_looped_audio_med/a0049d4bd5b/9b8360540db3ed3f65a0a/1607276312_med_1599906570_med.mp3","size":952595}}},"mobile":{"video":"https://coub-anubis-a.akamaized.net/coub_storage/coub/simple/cw_file/78d66f8d38a/b42e7d5e4db083d61e04c/muted_mp4_med_size_1599906559_muted_med.mp4","audio":["https://coub-anubis-a.akamaized.net/coub_storage/coub/simple/cw_looped_audio_med/a0049d4bd5b/9b8360540db3ed3f65a0a/1607276312_med_1599906570_med.mp3"]},"share":{"default":"https://coub-anubis-a.akamaized.net/coub_storage/coub/simple/cw_video_for_sharing/30dcf38f8c5/2a4eeddbdf60c97e26307/1608204098_looped_1608204097.mp4"}},"audio_versions":{"template":"https://coub-anubis-a.akamaized.net/coub_storage/audio_track/cw_file/a0cdf308a98/c5fca0ad1f1c8d957d318/mid_1599906561_1n4smvv_edited.mp3","versions":["mid","low"]},"image_versions":{"template":"https://coub-anubis-a.akamaized.net/coub_storage/coub/simple/cw_image/52bce04f4c4/7e090000024a6fd4f74ab/1599906578_00032.jpg","versions":["micro","tiny","age_restricted","ios_large","ios_mosaic","big","med","small","pinterest"]},"first_frame_versions":{"template":"https://coub-anubis-a.akamaized.net/coub_storage/coub/simple/cw_timeline_pic/9a7f9453ffa/727d8670a96a730a74ea9/%{version}_1599906577_image.jpg","versions":["big","med","small","ios_large"]},"dimensions":{"big":[1280,720],"med":[640,360]},"site_w_h":[640,360],"page_w_h":[640,360],"site_w_h_small":[310,174],"size":[1280,720],"age_restricted":false,"age_restricted_by_admin":false,"not_safe_for_work":false,"allow_reuse":false,"dont_crop":false,"banned":false,"global_safe":true,"audio_file_url":"https://coub-anubis-a.akamaized.net/coub_storage/audio_track/cw_file/a0cdf308a98/c5fca0ad1f1c8d957d318/low_1599906561_1n4smvv_edited.mp3","external_download":{"type":"Youtube","service_name":"YouTube","url":"https://www.youtube.com/watch?v=hP2bKGoEImM&list=WL","has_embed":true},"application":null,"channel":{"id":7175434,"permalink":"kot-iz-yello","title":"Kot iz Yello","description":null,"followers_count":213,"following_count":0,"avatar_versions":{"template":"https://coub-anubis-a.akamaized.net/coub_storage/channel/cw_avatar/87d54ebc851/3a32d81d394b689a17693/%{version}_1630389342_My_symbol_12.png","versions":["medium","medium_2x","profile_pic","profile_pic_new","profile_pic_new_2x","tiny","tiny_2x","small","small_2x","ios_large","ios_small"]}},"file":null,"picture":"https://coub-anubis-a.akamaized.net/coub_storage/coub/simple/cw_image/52bce04f4c4/7e090000024a6fd4f74ab/1599906578_00032.jpg","timeline_picture":"https://coub-anubis-a.akamaized.net/coub_storage/coub/simple/cw_timeline_pic/9a7f9453ffa/727d8670a96a730a74ea9/ios_large_1599906577_image.jpg","small_picture":"https://coub-anubis-a.akamaized.net/coub_storage/coub/simple/cw_image/52bce04f4c4/7e090000024a6fd4f74ab/1599906578_00032.jpg","sharing_picture":null,"percent_done":100,"tags":[{"id":10927,"title":"one piece","value":"one%20piece"},{"id":3462696,"title":"ronoroa zoro","value":"ronoroa%20zoro"},{"id":62161,"title":"nami","value":"nami"},{"id":399500,"title":"nico robin","value":"nico%20robin"},{"id":2915848,"title":"sandji","value":"sandji"},{"id":401529,"title":"tony tony chopper","value":"tony%20tony%20chopper"},{"id":1416,"title":"franky","value":"franky"},{"id":61585,"title":"brook","value":"brook"},{"id":3383941,"title":"neffex - destiny","value":"neffex%20-%20destiny"},{"id":5866944,"title":"kot iz yello","value":"kot%20iz%20yello"}],"categories":[{"id":36,"title":"Anime","permalink":"anime","subscriptions_count":10078018,"big_image_url":"https://coub-anubis-a.akamaized.net/coub_storage/category/cw_image/79d6e4a3e73/c0b7416c30391c998a2ac/big_1544750217_Anime2.png","small_image_url":"https://coub-anubis-a.akamaized.net/coub_storage/category/cw_image/79d6e4a3e73/c0b7416c30391c998a2ac/small_1544750217_Anime2.png","med_image_url":"https://coub-anubis-a.akamaized.net/coub_storage/category/cw_image/79d6e4a3e73/c0b7416c30391c998a2ac/med_1544750217_Anime2.png","visible":true}],"communities":[{"id":36,"title":"Anime","permalink":"anime","subscriptions_count":10078018,"big_image_url":"https://coub-anubis-a.akamaized.net/coub_storage/category/cw_image/79d6e4a3e73/c0b7416c30391c998a2ac/big_1544750217_Anime2.png","small_image_url":"https://coub-anubis-a.akamaized.net/coub_storage/category/cw_image/79d6e4a3e73/c0b7416c30391c998a2ac/small_1544750217_Anime2.png","med_image_url":"https://coub-anubis-a.akamaized.net/coub_storage/category/cw_image/79d6e4a3e73/c0b7416c30391c998a2ac/med_1544750217_Anime2.png","i_subscribed":true,"community_notifications_enabled":null,"description":null}],"recoubs_count":1006,"remixes_count":3,"likes_count":5158,"dislikes_count":0,"raw_video_id":15662315,"uploaded_by_ios_app":false,"uploaded_by_android_app":false,"media_blocks":{"uploaded_raw_videos":[],"external_raw_videos":[{"id":36920344,"title":"One Piece x Nissin Hungry day cup noodles!","url":"https://www.youtube.com/watch?v=hP2bKGoEImM","image":null,"image_retina":null,"meta":{"service":"Youtube","duration":"30.04"},"duration":30.04,"raw_video_id":15662315,"has_embed":true}],"remixed_from_coubs":[],"external_video":{"id":36920344,"title":"One Piece x Nissin Hungry day cup noodles!","url":"https://www.youtube.com/watch?v=hP2bKGoEImM","image":null,"image_retina":null,"meta":{"service":"Youtube","duration":"30.04"},"duration":30.04,"raw_video_id":15662315,"has_embed":true}},"raw_video_thumbnail_url":"/missing/missing.png","raw_video_title":"One Piece x Nissin Hungry day cup noodles!","video_block_banned":false,"duration":10.0,"promo_winner":false,"promo_winner_recoubers":null,"editorial_info":{},"promo_hint":null,"beeline_best_2014":null,"from_web_editor":true,"normalize_sound":false,"normalize_change_allowed":true,"best2015_addable":false,"ahmad_promo":null,"promo_data":null,"audio_copyright_claim":null,"ads_disabled":false,"is_safe_for_ads":true,"megafon_contents":[],"position_on_page":9},{"flag":null,"abuses":null,"recoubs_by_users_channels":null,"favourite":false,"promoted_id":null,"recoub":null,"like":null,"dislike":null,"reaction":null,"in_my_best2015":false,"id":128454143,"type":"Coub::Simple","permalink":"243j8g","title":"Shamiko - Nani kore?","visibility_type":"public","original_visibility_type":"public","channel_id":1642958,"created_at":"2019-11-07T10:49:08Z","updated_at":"2022-03-17T22:58:15Z","is_done":true,"views_count":319938,"cotd":null,"cotd_at":null,"visible_on_explore_root":false,"visible_on_explore":false,"featured":false,"published":true,"published_at":"2019-11-07T10:49:08Z","reversed":false,"from_editor_v2":true,"is_editable":true,"original_sound":true,"has_sound":true,"recoub_to":null,"file_versions":{"html5":{"video":{"higher":{"url":"https://coub-anubis-a.akamaized.net/coub_storage/coub/simple/cw_file/1b4e9d52d6e/5ab77fc4edd7c142f11b0/muted_mp4_huge_size_1573123825_muted_huge.mp4","size":1454238},"high":{"url":"https://coub-anubis-a.akamaized.net/coub_storage/coub/simple/cw_file/1b4e9d52d6e/5ab77fc4edd7c142f11b0/muted_mp4_big_size_1573123825_muted_big.mp4","size":1099174},"med":{"url":"https://coub-anubis-a.akamaized.net/coub_storage/coub/simple/cw_file/1b4e9d52d6e/5ab77fc4edd7c142f11b0/muted_mp4_med_size_1573123825_muted_med.mp4","size":334093}},"audio":{"high":{"url":"https://coub-anubis-a.akamaized.net/coub_storage/coub/simple/cw_looped_audio_high/e5ef659a900/ef9864ebc5114eea9289d/1605696366_high_1573123825_high.mp3","size":778738},"med":{"url":"https://coub-anubis-a.akamaized.net/coub_storage/coub/simple/cw_looped_audio_med/dc8ed54fe39/f608a0f32b0d8484a7215/1605696365_med_1573123825_med.mp3","size":763074},"sample_duration":8.615}},"mobile":{"video":"https://coub-anubis-a.akamaized.net/coub_storage/coub/simple/cw_file/1b4e9d52d6e/5ab77fc4edd7c142f11b0/muted_mp4_med_size_1573123825_muted_med.mp4","audio":["https://coub-anubis-a.akamaized.net/coub_storage/coub/simple/cw_looped_audio_med/dc8ed54fe39/f608a0f32b0d8484a7215/1605696365_med_1573123825_med.mp3"]},"share":{"default":"https://coub-anubis-a.akamaized.net/coub_storage/coub/simple/cw_video_for_sharing/1e5b4439c6a/3bc3925bba255b90d96ea/1608498986_looped_1608498985.mp4"}},"audio_versions":{},"image_versions":{"template":"https://coub-anubis-a.akamaized.net/coub_storage/coub/simple/cw_image/fc9aff9dd25/018bac047d7c73cfe68e2/1573123835_00027.jpg","versions":["micro","tiny","age_restricted","ios_large","ios_mosaic","big","med","small","pinterest"]},"first_frame_versions":{"template":"https://coub-anubis-a.akamaized.net/coub_storage/coub/simple/cw_timeline_pic/f7d3e9e4fec/7abf73606923104c52178/%{version}_1573123834_image.jpg","versions":["big","med","small","ios_large"]},"dimensions":{"big":[1280,720],"med":[640,360]},"site_w_h":[640,360],"page_w_h":[640,360],"site_w_h_small":[310,174],"size":[1280,720],"age_restricted":false,"age_restricted_by_admin":false,"not_safe_for_work":false,"allow_reuse":false,"dont_crop":false,"banned":false,"global_safe":true,"audio_file_url":null,"external_download":{"type":"Youtube","service_name":"YouTube","url":"https://youtu.be/KUO43YG8gAA","has_embed":true},"application":null,"channel":{"id":1642958,"permalink":"vinersepta","title":"George S","description":null,"followers_count":24,"following_count":3,"avatar_versions":{"template":"https://coub-anubis-a.akamaized.net/coub_storage/channel/cw_avatar/bbeca607913/fa28cd0bf9b0321d9c72d/%{version}_1609610155_dvbl83_1474574158_1566212600.jpg","versions":["medium","medium_2x","profile_pic","profile_pic_new","profile_pic_new_2x","tiny","tiny_2x","small","small_2x","ios_large","ios_small"]}},"file":null,"picture":"https://coub-anubis-a.akamaized.net/coub_storage/coub/simple/cw_image/fc9aff9dd25/018bac047d7c73cfe68e2/1573123835_00027.jpg","timeline_picture":"https://coub-anubis-a.akamaized.net/coub_storage/coub/simple/cw_timeline_pic/f7d3e9e4fec/7abf73606923104c52178/ios_large_1573123834_image.jpg","small_picture":"https://coub-anubis-a.akamaized.net/coub_storage/coub/simple/cw_image/fc9aff9dd25/018bac047d7c73cfe68e2/1573123835_00027.jpg","sharing_picture":null,"percent_done":100,"tags":[{"id":5046848,"title":"machikado mazoku","value":"machikado%20mazoku"},{"id":5288751,"title":"the demon girl next door","value":"the%20demon%20girl%20next%20door"},{"id":5274877,"title":"shamiko","value":"shamiko"},{"id":165,"title":"anime","value":"anime"}],"categories":[{"id":36,"title":"Anime","permalink":"anime","subscriptions_count":10078018,"big_image_url":"https://coub-anubis-a.akamaized.net/coub_storage/category/cw_image/79d6e4a3e73/c0b7416c30391c998a2ac/big_1544750217_Anime2.png","small_image_url":"https://coub-anubis-a.akamaized.net/coub_storage/category/cw_image/79d6e4a3e73/c0b7416c30391c998a2ac/small_1544750217_Anime2.png","med_image_url":"https://coub-anubis-a.akamaized.net/coub_storage/category/cw_image/79d6e4a3e73/c0b7416c30391c998a2ac/med_1544750217_Anime2.png","visible":true}],"communities":[{"id":36,"title":"Anime","permalink":"anime","subscriptions_count":10078018,"big_image_url":"https://coub-anubis-a.akamaized.net/coub_storage/category/cw_image/79d6e4a3e73/c0b7416c30391c998a2ac/big_1544750217_Anime2.png","small_image_url":"https://coub-anubis-a.akamaized.net/coub_storage/category/cw_image/79d6e4a3e73/c0b7416c30391c998a2ac/small_1544750217_Anime2.png","med_image_url":"https://coub-anubis-a.akamaized.net/coub_storage/category/cw_image/79d6e4a3e73/c0b7416c30391c998a2ac/med_1544750217_Anime2.png","i_subscribed":true,"community_notifications_enabled":null,"description":null}],"recoubs_count":1068,"remixes_count":3,"likes_count":5158,"dislikes_count":0,"raw_video_id":14326476,"uploaded_by_ios_app":false,"uploaded_by_android_app":false,"media_blocks":{"uploaded_raw_videos":[],"external_raw_videos":[{"id":33501072,"title":"This Demon Girl Is So Cute #2","url":"https://www.youtube.com/watch?v=KUO43YG8gAA","image":"https://coub-anubis-a.akamaized.net/coub_storage/media_block/cw_image/f872bd0c9f6/0303247929ca968d5b43f/1570634506_1vw740h_1570634449_1o68ik4_att-url-download.jpg","image_retina":"https://coub-anubis-a.akamaized.net/coub_storage/media_block/cw_image/f872bd0c9f6/0303247929ca968d5b43f/1570634506_1vw740h_1570634449_1o68ik4_att-url-download.jpg","meta":{"service":"Youtube","duration":"254.24"},"duration":254.24,"raw_video_id":14326476,"has_embed":true}],"remixed_from_coubs":[],"external_video":{"id":33501072,"title":"This Demon Girl Is So Cute #2","url":"https://www.youtube.com/watch?v=KUO43YG8gAA","image":"https://coub-anubis-a.akamaized.net/coub_storage/media_block/cw_image/f872bd0c9f6/0303247929ca968d5b43f/1570634506_1vw740h_1570634449_1o68ik4_att-url-download.jpg","image_retina":"https://coub-anubis-a.akamaized.net/coub_storage/media_block/cw_image/f872bd0c9f6/0303247929ca968d5b43f/1570634506_1vw740h_1570634449_1o68ik4_att-url-download.jpg","meta":{"service":"Youtube","duration":"254.24"},"duration":254.24,"raw_video_id":14326476,"has_embed":true}},"raw_video_thumbnail_url":"/missing/missing.png","raw_video_title":"This Demon Girl Is So Cute #2","video_block_banned":false,"duration":8.6,"promo_winner":false,"promo_winner_recoubers":null,"editorial_info":{},"promo_hint":null,"beeline_best_2014":null,"from_web_editor":true,"normalize_sound":true,"normalize_change_allowed":true,"best2015_addable":false,"ahmad_promo":null,"promo_data":null,"audio_copyright_claim":null,"ads_disabled":false,"is_safe_for_ads":true,"megafon_contents":[],"position_on_page":10}]}