{"page":268,"per_page":10,"total_pages":500,"coubs":[{"flag":null,"abuses":null,"recoubs_by_users_channels":null,"favourite":false,"promoted_id":null,"recoub":null,"like":null,"dislike":null,"reaction":null,"in_my_best2015":false,"id":135384463,"type":"Coub::Simple","permalink":"2891mi","title":"Est-ce que tu m'aimes ?","visibility_type":"public","original_visibility_type":"public","channel_id":6038705,"created_at":"2020-01-25T20:04:19Z","updated_at":"2022-03-17T23:46:47Z","is_done":true,"views_count":268082,"cotd":null,"cotd_at":null,"visible_on_explore_root":false,"visible_on_explore":false,"featured":false,"published":true,"published_at":"2020-01-25T20:04:19Z","reversed":false,"from_editor_v2":true,"is_editable":true,"original_sound":false,"has_sound":false,"recoub_to":null,"file_versions":{"html5":{"video":{"higher":{"url":"https://coub-anubis-a.akamaized.net/coub_storage/coub/simple/cw_file/5b54ef97d78/384e51eba5b2b5a88c732/muted_mp4_huge_size_1579982673_muted_huge.mp4","size":2450997},"high":{"url":"https://coub-anubis-a.akamaized.net/coub_storage/coub/simple/cw_file/5b54ef97d78/384e51eba5b2b5a88c732/muted_mp4_big_size_1579982673_muted_big.mp4","size":1863532},"med":{"url":"https://coub-anubis-a.akamaized.net/coub_storage/coub/simple/cw_file/5b54ef97d78/384e51eba5b2b5a88c732/muted_mp4_med_size_1579982673_muted_med.mp4","size":653755}},"audio":{"high":{"url":"https://coub-anubis-a.akamaized.net/coub_storage/coub/simple/cw_looped_audio_high/ab371e924e8/39516d384598bc9d7125b/1605705472_high_1579982708_high.mp3","size":4121150},"med":{"url":"https://coub-anubis-a.akamaized.net/coub_storage/coub/simple/cw_looped_audio_med/eeca2172eee/6a35195ec69b2c0015683/1605705471_med_1579982708_med.mp3","size":3033306}}},"mobile":{"video":"https://coub-anubis-a.akamaized.net/coub_storage/coub/simple/cw_file/5b54ef97d78/384e51eba5b2b5a88c732/muted_mp4_med_size_1579982673_muted_med.mp4","audio":["https://coub-anubis-a.akamaized.net/coub_storage/coub/simple/cw_looped_audio_med/eeca2172eee/6a35195ec69b2c0015683/1605705471_med_1579982708_med.mp3"]},"share":{"default":"https://coub-anubis-a.akamaized.net/coub_storage/coub/simple/cw_video_for_sharing/c8d374d1f97/94ff91263012a7cc33d48/1608336925_looped_1608336924.mp4"}},"audio_versions":{"template":"https://coub-anubis-a.akamaized.net/coub_storage/audio_track/cw_file/b955bae71da/8bad18656d38bc02f9d7f/mid_1579982678_4cwevj_edited.mp3","versions":["mid","low"]},"image_versions":{"template":"https://coub-anubis-a.akamaized.net/coub_storage/coub/simple/cw_image/23f57ff9da8/30c57d352e1cc26482274/1579982725_00026.jpg","versions":["micro","tiny","age_restricted","ios_large","ios_mosaic","big","med","small","pinterest"]},"first_frame_versions":{"template":"https://coub-anubis-a.akamaized.net/coub_storage/coub/simple/cw_timeline_pic/3b1cf991508/82b5e33c3995ccc9fb347/%{version}_1579982724_image.jpg","versions":["big","med","small","ios_large"]},"dimensions":{"big":[1280,720],"med":[640,360]},"site_w_h":[640,360],"page_w_h":[640,360],"site_w_h_small":[310,174],"size":[1280,720],"age_restricted":false,"age_restricted_by_admin":false,"not_safe_for_work":false,"allow_reuse":false,"dont_crop":false,"banned":false,"global_safe":true,"audio_file_url":"https://coub-anubis-a.akamaized.net/coub_storage/audio_track/cw_file/b955bae71da/8bad18656d38bc02f9d7f/low_1579982678_4cwevj_edited.mp3","external_download":false,"application":null,"channel":{"id":6038705,"permalink":"trololololo11","title":"ⱠØⱠ","description":null,"followers_count":231,"following_count":26,"avatar_versions":{"template":"https://coub-anubis-a.akamaized.net/coub_storage/channel/cw_avatar/ab675fbfded/54d73fd2b38186016f835/%{version}_1607420765_10h0sv6_1560885045_filename.jpeg","versions":["medium","medium_2x","profile_pic","profile_pic_new","profile_pic_new_2x","tiny","tiny_2x","small","small_2x","ios_large","ios_small"]}},"file":null,"picture":"https://coub-anubis-a.akamaized.net/coub_storage/coub/simple/cw_image/23f57ff9da8/30c57d352e1cc26482274/1579982725_00026.jpg","timeline_picture":"https://coub-anubis-a.akamaized.net/coub_storage/coub/simple/cw_timeline_pic/3b1cf991508/82b5e33c3995ccc9fb347/ios_large_1579982724_image.jpg","small_picture":"https://coub-anubis-a.akamaized.net/coub_storage/coub/simple/cw_image/23f57ff9da8/30c57d352e1cc26482274/1579982725_00026.jpg","sharing_picture":null,"percent_done":100,"tags":[{"id":4937630,"title":"судьба/великий приказ: вавилония","value":"%D1%81%D1%83%D0%B4%D1%8C%D0%B1%D0%B0/%D0%B2%D0%B5%D0%BB%D0%B8%D0%BA%D0%B8%D0%B9%20%D0%BF%D1%80%D0%B8%D0%BA%D0%B0%D0%B7:%20%D0%B2%D0%B0%D0%B2%D0%B8%D0%BB%D0%BE%D0%BD%D0%B8%D1%8F"},{"id":4937631,"title":"fate/grand order: zettai majuu sensen babylonia","value":"fate/grand%20order:%20zettai%20majuu%20sensen%20babylonia"},{"id":5353074,"title":"fate/grand order babylonia","value":"fate/grand%20order%20babylonia"},{"id":165,"title":"anime","value":"anime"},{"id":367144,"title":"anime coub","value":"anime%20coub"},{"id":5441116,"title":"maître gims -est-ce que tu m'aimes ?(pilule bleue)","value":"ma%C3%AEtre%20gims%20-est-ce%20que%20tu%20m'aimes%20?(pilule%20bleue)"}],"categories":[{"id":36,"title":"Anime","permalink":"anime","subscriptions_count":10078018,"big_image_url":"https://coub-anubis-a.akamaized.net/coub_storage/category/cw_image/79d6e4a3e73/c0b7416c30391c998a2ac/big_1544750217_Anime2.png","small_image_url":"https://coub-anubis-a.akamaized.net/coub_storage/category/cw_image/79d6e4a3e73/c0b7416c30391c998a2ac/small_1544750217_Anime2.png","med_image_url":"https://coub-anubis-a.akamaized.net/coub_storage/category/cw_image/79d6e4a3e73/c0b7416c30391c998a2ac/med_1544750217_Anime2.png","visible":true}],"communities":[{"id":36,"title":"Anime","permalink":"anime","subscriptions_count":10078018,"big_image_url":"https://coub-anubis-a.akamaized.net/coub_storage/category/cw_image/79d6e4a3e73/c0b7416c30391c998a2ac/big_1544750217_Anime2.png","small_image_url":"https://coub-anubis-a.akamaized.net/coub_storage/category/cw_image/79d6e4a3e73/c0b7416c30391c998a2ac/small_1544750217_Anime2.png","med_image_url":"https://coub-anubis-a.akamaized.net/coub_storage/category/cw_image/79d6e4a3e73/c0b7416c30391c998a2ac/med_1544750217_Anime2.png","i_subscribed":true,"community_notifications_enabled":null,"description":null}],"recoubs_count":755,"remixes_count":9,"likes_count":3512,"dislikes_count":0,"raw_video_id":"","uploaded_by_ios_app":false,"uploaded_by_android_app":false,"media_blocks":{"uploaded_raw_videos":[],"external_raw_videos":[],"remixed_from_coubs":[{"id":34154783,"title":"\"𝓖𝓸𝓭𝓭𝓮𝓼𝓼 𝓘𝓼𝓱𝓽𝓪𝓻\"","url":"https://coub.com/coubs/25xd1e/remix","image":"https://coub-anubis-a.akamaized.net/coub_storage/media_block/cw_image/3c47a8be2fa/dfcbf79a75aa0929f5e6e/1576096711_1kf4e15_1576096694_00032.jpg","image_retina":"https://coub-anubis-a.akamaized.net/coub_storage/media_block/cw_image/3c47a8be2fa/dfcbf79a75aa0929f5e6e/1576096711_1kf4e15_1576096694_00032.jpg","meta":{"duration":"10.04"},"duration":null,"coub_channel_title":" 𝒜𝓁𝑒𝓍 𝒦𝑜𝓉𝑜𝓋","coub_channel_permalink":"alex-kotov44","coub_views_count":17932,"coub_permalink":"25xd1e"}]},"raw_video_thumbnail_url":"","raw_video_title":"","video_block_banned":false,"duration":8.16,"promo_winner":false,"promo_winner_recoubers":null,"editorial_info":{},"promo_hint":null,"beeline_best_2014":null,"from_web_editor":true,"normalize_sound":false,"normalize_change_allowed":true,"best2015_addable":false,"ahmad_promo":null,"promo_data":null,"audio_copyright_claim":null,"ads_disabled":false,"is_safe_for_ads":true,"megafon_contents":[],"position_on_page":1},{"flag":null,"abuses":null,"recoubs_by_users_channels":null,"favourite":false,"promoted_id":null,"recoub":null,"like":null,"dislike":null,"reaction":null,"in_my_best2015":false,"id":13277119,"type":"Coub::Simple","permalink":"7gfd7","title":"Inside the catbus","visibility_type":"public","original_visibility_type":"public","channel_id":1983095,"created_at":"2015-07-28T11:46:59Z","updated_at":"2022-03-16T18:55:36Z","is_done":true,"views_count":214800,"cotd":null,"cotd_at":null,"visible_on_explore_root":true,"visible_on_explore":true,"featured":true,"published":true,"published_at":"2015-07-28T11:46:59Z","reversed":false,"from_editor_v2":true,"is_editable":true,"original_sound":false,"has_sound":false,"recoub_to":null,"file_versions":{"html5":{"video":{"higher":{"url":"https://coub-anubis-a.akamaized.net/coub_storage/coub/simple/cw_file/816b93a9d7d/b4001f5de63556298aee7/muted_mp4_huge_size_1567786697_muted_huge.mp4","size":2144117},"high":{"url":"https://coub-anubis-a.akamaized.net/coub_storage/coub/simple/cw_file/816b93a9d7d/b4001f5de63556298aee7/muted_mp4_big_size_1567786697_muted_big.mp4","size":1698210},"med":{"url":"https://coub-anubis-a.akamaized.net/coub_storage/coub/simple/cw_file/816b93a9d7d/b4001f5de63556298aee7/muted_mp4_med_size_1567786697_muted_med.mp4","size":545613}},"audio":{"high":{"url":"https://coub-anubis-a.akamaized.net/coub_storage/coub/simple/cw_looped_audio_high/332c95f324f/93446087d75d27b2fc6d1/1605456802_high_1470773292_high.mp3","size":4562694},"med":{"url":"https://coub-anubis-a.akamaized.net/coub_storage/coub/simple/cw_looped_audio_med/09e1fb9c17f/2dd2e8d5dc05259b8526b/1605456801_med_1470773292_med.mp3","size":4072919}}},"mobile":{"video":"https://coub-anubis-a.akamaized.net/coub_storage/coub/simple/cw_file/816b93a9d7d/b4001f5de63556298aee7/muted_mp4_med_size_1567786697_muted_med.mp4","audio":["https://coub-anubis-a.akamaized.net/coub_storage/coub/simple/cw_looped_audio_med/09e1fb9c17f/2dd2e8d5dc05259b8526b/1605456801_med_1470773292_med.mp3"]},"share":{"default":"https://coub-anubis-a.akamaized.net/coub_storage/coub/simple/cw_video_for_sharing/b1dfa99af21/5139868c38a067b2dfc57/1612293213_looped_1612293212.mp4"}},"audio_versions":{"template":"https://coub-anubis-a.akamaized.net/coub_storage/audio_track/cw_file/eb4f335b658/4f3141ee73d769c4a1d02/mid_1471266117_audio.mp3","versions":["mid","low"]},"image_versions":{"template":"https://coub-anubis-a.akamaized.net/coub_storage/coub/simple/cw_image/c5b1cc6e169/340e83ab11435ff623bb2/1470773212_00020.jpg","versions":["micro","tiny","age_restricted","ios_large","ios_mosaic","big","med","small","pinterest"]},"first_frame_versions":{"template":"https://coub-anubis-a.akamaized.net/coub_storage/coub/simple/cw_timeline_pic/31dd5d3f169/23eabfd0bc22482355b10/%{version}_1470773225_image.jpg","versions":["big","med","small","ios_large"]},"dimensions":{"big":[1280,692],"med":[640,346]},"site_w_h":[640,346],"page_w_h":[640,346],"site_w_h_small":[310,168],"size":[1280,692],"age_restricted":false,"age_restricted_by_admin":false,"not_safe_for_work":false,"allow_reuse":false,"dont_crop":false,"banned":false,"global_safe":true,"audio_file_url":"https://coub-anubis-a.akamaized.net/coub_storage/audio_track/cw_file/eb4f335b658/4f3141ee73d769c4a1d02/low_1471266117_audio.mp3","external_download":false,"application":null,"channel":{"id":1983095,"permalink":"shbscoubs","title":"shbs","description":"канал закрыт. коубов больше не будет","followers_count":8090,"following_count":57,"avatar_versions":{"template":"https://coub-anubis-a.akamaized.net/coub_storage/channel/cw_avatar/98412761459/50c2ed0d86c4d7bb9e1c8/%{version}_1607432445_1et00mc_1474572690_____al2al2.jpg","versions":["medium","medium_2x","profile_pic","profile_pic_new","profile_pic_new_2x","tiny","tiny_2x","small","small_2x","ios_large","ios_small"]}},"file":null,"picture":"https://coub-anubis-a.akamaized.net/coub_storage/coub/simple/cw_image/c5b1cc6e169/340e83ab11435ff623bb2/1470773212_00020.jpg","timeline_picture":"https://coub-anubis-a.akamaized.net/coub_storage/coub/simple/cw_timeline_pic/31dd5d3f169/23eabfd0bc22482355b10/ios_large_1470773225_image.jpg","small_picture":"https://coub-anubis-a.akamaized.net/coub_storage/coub/simple/cw_image/c5b1cc6e169/340e83ab11435ff623bb2/1470773212_00020.jpg","sharing_picture":null,"percent_done":100,"tags":[{"id":203209,"title":"my neighbor totoro","value":"my%20neighbor%20totoro"},{"id":467,"title":"night","value":"night"},{"id":2107,"title":"ride","value":"ride"},{"id":165,"title":"anime","value":"anime"},{"id":164,"title":"аниме","value":"%D0%B0%D0%BD%D0%B8%D0%BC%D0%B5"},{"id":265,"title":"girls","value":"girls"},{"id":1378,"title":"happy","value":"happy"},{"id":5574,"title":"beat","value":"beat"},{"id":86,"title":"music","value":"music"},{"id":436711,"title":"мой сосед тоторо","value":"%D0%BC%D0%BE%D0%B9%20%D1%81%D0%BE%D1%81%D0%B5%D0%B4%20%D1%82%D0%BE%D1%82%D0%BE%D1%80%D0%BE"},{"id":562623,"title":"my neighbour totoro","value":"my%20neighbour%20totoro"},{"id":436712,"title":"tonari no totoro","value":"tonari%20no%20totoro"}],"categories":[{"id":36,"title":"Anime","permalink":"anime","subscriptions_count":10078018,"big_image_url":"https://coub-anubis-a.akamaized.net/coub_storage/category/cw_image/79d6e4a3e73/c0b7416c30391c998a2ac/big_1544750217_Anime2.png","small_image_url":"https://coub-anubis-a.akamaized.net/coub_storage/category/cw_image/79d6e4a3e73/c0b7416c30391c998a2ac/small_1544750217_Anime2.png","med_image_url":"https://coub-anubis-a.akamaized.net/coub_storage/category/cw_image/79d6e4a3e73/c0b7416c30391c998a2ac/med_1544750217_Anime2.png","visible":true}],"communities":[{"id":36,"title":"Anime","permalink":"anime","subscriptions_count":10078018,"big_image_url":"https://coub-anubis-a.akamaized.net/coub_storage/category/cw_image/79d6e4a3e73/c0b7416c30391c998a2ac/big_1544750217_Anime2.png","small_image_url":"https://coub-anubis-a.akamaized.net/coub_storage/category/cw_image/79d6e4a3e73/c0b7416c30391c998a2ac/small_1544750217_Anime2.png","med_image_url":"https://coub-anubis-a.akamaized.net/coub_storage/category/cw_image/79d6e4a3e73/c0b7416c30391c998a2ac/med_1544750217_Anime2.png","i_subscribed":true,"community_notifications_enabled":null,"description":null}],"recoubs_count":722,"remixes_count":5,"likes_count":3512,"dislikes_count":0,"raw_video_id":1556987,"uploaded_by_ios_app":false,"uploaded_by_android_app":false,"media_blocks":{"uploaded_raw_videos":[],"external_raw_videos":[],"remixed_from_coubs":[]},"raw_video_thumbnail_url":"/missing/missing.png","raw_video_title":"My.Neighbor.Totoro.BDRip.720p.mp4HAND.mp4.mpeg","video_block_banned":false,"duration":6.32,"promo_winner":false,"promo_winner_recoubers":null,"editorial_info":{},"promo_hint":null,"beeline_best_2014":null,"from_web_editor":true,"normalize_sound":false,"normalize_change_allowed":true,"best2015_addable":false,"ahmad_promo":null,"promo_data":null,"audio_copyright_claim":null,"ads_disabled":null,"is_safe_for_ads":true,"megafon_contents":[],"position_on_page":2},{"flag":null,"abuses":null,"recoubs_by_users_channels":null,"favourite":false,"promoted_id":null,"recoub":null,"like":null,"dislike":null,"reaction":null,"in_my_best2015":false,"id":159887975,"type":"Coub::Simple","permalink":"2muh5q","title":"Город, В Котором Меня Нет","visibility_type":"public","original_visibility_type":"public","channel_id":3640156,"created_at":"2020-12-16T09:32:33Z","updated_at":"2022-03-18T05:06:51Z","is_done":true,"views_count":184086,"cotd":null,"cotd_at":null,"visible_on_explore_root":false,"visible_on_explore":false,"featured":false,"published":true,"published_at":"2020-12-16T12:39:32Z","reversed":false,"from_editor_v2":true,"is_editable":true,"original_sound":false,"has_sound":false,"recoub_to":null,"file_versions":{"html5":{"video":{"higher":{"url":"https://coub-anubis-a.akamaized.net/coub_storage/coub/simple/cw_file/29ee827d484/6eaa412039ccd18d70f92/muted_mp4_huge_size_1608111249_muted_huge.mp4","size":919670},"high":{"url":"https://coub-anubis-a.akamaized.net/coub_storage/coub/simple/cw_file/29ee827d484/6eaa412039ccd18d70f92/muted_mp4_big_size_1608111249_muted_big.mp4","size":593313},"med":{"url":"https://coub-anubis-a.akamaized.net/coub_storage/coub/simple/cw_file/29ee827d484/6eaa412039ccd18d70f92/muted_mp4_med_size_1608111249_muted_med.mp4","size":200540}},"audio":{"high":{"url":"https://coub-anubis-a.akamaized.net/coub_storage/coub/simple/cw_looped_audio_high/665c95b1487/321f04fcfa5c20d5d908f/1608111252_mp3-high.mp3","size":831448},"med":{"url":"https://coub-anubis-a.akamaized.net/coub_storage/coub/simple/cw_looped_audio_med/09920dd7c24/50e22225601773582c602/1608111251_mp3-med.mp3","size":831011}}},"mobile":{"video":"https://coub-anubis-a.akamaized.net/coub_storage/coub/simple/cw_file/29ee827d484/6eaa412039ccd18d70f92/muted_mp4_med_size_1608111249_muted_med.mp4","audio":["https://coub-anubis-a.akamaized.net/coub_storage/coub/simple/cw_looped_audio_med/09920dd7c24/50e22225601773582c602/1608111251_mp3-med.mp3"]},"share":{"default":"https://coub-anubis-a.akamaized.net/coub_storage/coub/simple/cw_video_for_sharing/fb0e8fcb681/fce376b72c196da2d7ac7/1608111274_looped_1608111273.mp4"}},"audio_versions":{"template":"https://coub-anubis-a.akamaized.net/coub_storage/audio_track/cw_normalized_copy/c48b3b6e85b/ec951b6abbe054d5c29d0/mid_1617112647_normalized_1608110797_audio.mp3","versions":["mid","low"]},"image_versions":{"template":"https://coub-anubis-a.akamaized.net/coub_storage/coub/simple/cw_image/72cad358d5a/314a384c0a18b07855c08/%{version}_1608111255_00024.jpg","versions":["micro","tiny","age_restricted","ios_large","ios_mosaic","big","med","small","pinterest"]},"first_frame_versions":{"template":"https://coub-anubis-a.akamaized.net/coub_storage/coub/simple/cw_timeline_pic/ee396b478b0/3e7f0a7a924d381b6996d/%{version}_1608111255_image.jpg","versions":["big","med","small","ios_large"]},"dimensions":{"big":[1280,720],"med":[640,360]},"site_w_h":[640,360],"page_w_h":[640,360],"site_w_h_small":[310,174],"size":[1280,720],"age_restricted":false,"age_restricted_by_admin":false,"not_safe_for_work":false,"allow_reuse":false,"dont_crop":true,"banned":false,"global_safe":true,"audio_file_url":"https://coub-anubis-a.akamaized.net/coub_storage/audio_track/cw_normalized_copy/c48b3b6e85b/ec951b6abbe054d5c29d0/low_1617112647_normalized_1608110797_audio.mp3","external_download":{"type":"Youtube","service_name":"YouTube","url":"https://www.youtube.com/watch?v=5VEou-mBiEw","has_embed":true},"application":null,"channel":{"id":3640156,"permalink":"lina-koteykova","title":"_lina_koteykova_","description":null,"followers_count":239,"following_count":11,"avatar_versions":{"template":"https://coub-anubis-a.akamaized.net/coub_storage/channel/cw_avatar/24d3b01c371/e43410a0ed6aa47e56dab/%{version}_1607424652_5u4lce_1498212967_plKXX_xQZqY.jpg","versions":["medium","medium_2x","profile_pic","profile_pic_new","profile_pic_new_2x","tiny","tiny_2x","small","small_2x","ios_large","ios_small"]}},"file":null,"picture":"https://coub-anubis-a.akamaized.net/coub_storage/coub/simple/cw_image/72cad358d5a/314a384c0a18b07855c08/med_1608111255_00024.jpg","timeline_picture":"https://coub-anubis-a.akamaized.net/coub_storage/coub/simple/cw_timeline_pic/ee396b478b0/3e7f0a7a924d381b6996d/ios_large_1608111255_image.jpg","small_picture":"https://coub-anubis-a.akamaized.net/coub_storage/coub/simple/cw_image/72cad358d5a/314a384c0a18b07855c08/ios_mosaic_1608111255_00024.jpg","sharing_picture":null,"percent_done":100,"tags":[{"id":1261879,"title":"город в котором меня нет","value":"%D0%B3%D0%BE%D1%80%D0%BE%D0%B4%20%D0%B2%20%D0%BA%D0%BE%D1%82%D0%BE%D1%80%D0%BE%D0%BC%20%D0%BC%D0%B5%D0%BD%D1%8F%20%D0%BD%D0%B5%D1%82"},{"id":164,"title":"аниме","value":"%D0%B0%D0%BD%D0%B8%D0%BC%D0%B5"},{"id":165,"title":"anime","value":"anime"},{"id":1260899,"title":"boku dake ga inai machi","value":"boku%20dake%20ga%20inai%20machi"},{"id":44655,"title":"спойлер","value":"%D1%81%D0%BF%D0%BE%D0%B9%D0%BB%D0%B5%D1%80"},{"id":225652,"title":"metro boomin","value":"metro%20boomin"},{"id":6068528,"title":"space cade","value":"space%20cade"}],"categories":[{"id":36,"title":"Anime","permalink":"anime","subscriptions_count":10078018,"big_image_url":"https://coub-anubis-a.akamaized.net/coub_storage/category/cw_image/79d6e4a3e73/c0b7416c30391c998a2ac/big_1544750217_Anime2.png","small_image_url":"https://coub-anubis-a.akamaized.net/coub_storage/category/cw_image/79d6e4a3e73/c0b7416c30391c998a2ac/small_1544750217_Anime2.png","med_image_url":"https://coub-anubis-a.akamaized.net/coub_storage/category/cw_image/79d6e4a3e73/c0b7416c30391c998a2ac/med_1544750217_Anime2.png","visible":true}],"communities":[{"id":36,"title":"Anime","permalink":"anime","subscriptions_count":10078018,"big_image_url":"https://coub-anubis-a.akamaized.net/coub_storage/category/cw_image/79d6e4a3e73/c0b7416c30391c998a2ac/big_1544750217_Anime2.png","small_image_url":"https://coub-anubis-a.akamaized.net/coub_storage/category/cw_image/79d6e4a3e73/c0b7416c30391c998a2ac/small_1544750217_Anime2.png","med_image_url":"https://coub-anubis-a.akamaized.net/coub_storage/category/cw_image/79d6e4a3e73/c0b7416c30391c998a2ac/med_1544750217_Anime2.png","i_subscribed":true,"community_notifications_enabled":null,"description":null}],"recoubs_count":691,"remixes_count":1,"likes_count":3511,"dislikes_count":0,"raw_video_id":15975690,"uploaded_by_ios_app":false,"uploaded_by_android_app":false,"media_blocks":{"uploaded_raw_videos":[],"external_raw_videos":[{"id":37701187,"title":"gaku yashiro comp","url":"https://www.youtube.com/watch?v=5VEou-mBiEw","image":null,"image_retina":null,"meta":{"service":"Youtube","duration":"402.821"},"duration":402.821,"raw_video_id":15975690,"has_embed":true},{"id":37701154,"title":"Город, В Котором Меня Нет","url":"https://www.youtube.com/watch?v=soR386yu7jA","image":null,"image_retina":null,"meta":{"service":"Youtube","duration":"228.56"},"duration":228.56,"raw_video_id":15975675,"has_embed":true}],"remixed_from_coubs":[],"external_video":{"id":37701187,"title":"gaku yashiro comp","url":"https://www.youtube.com/watch?v=5VEou-mBiEw","image":null,"image_retina":null,"meta":{"service":"Youtube","duration":"402.821"},"duration":402.821,"raw_video_id":15975690,"has_embed":true}},"raw_video_thumbnail_url":"/missing/missing.png","raw_video_title":"gaku yashiro comp","video_block_banned":false,"duration":7.6,"promo_winner":false,"promo_winner_recoubers":null,"editorial_info":{},"promo_hint":null,"beeline_best_2014":null,"from_web_editor":true,"normalize_sound":true,"normalize_change_allowed":true,"best2015_addable":false,"ahmad_promo":null,"promo_data":null,"audio_copyright_claim":null,"ads_disabled":false,"is_safe_for_ads":true,"megafon_contents":[],"position_on_page":3},{"flag":null,"abuses":null,"recoubs_by_users_channels":null,"favourite":false,"promoted_id":null,"recoub":null,"like":null,"dislike":null,"reaction":null,"in_my_best2015":false,"id":98771450,"type":"Coub::Simple","permalink":"1medsi","title":"New Soul ","visibility_type":"public","original_visibility_type":"public","channel_id":4515349,"created_at":"2019-01-20T15:25:06Z","updated_at":"2022-03-18T01:40:17Z","is_done":true,"views_count":239134,"cotd":null,"cotd_at":null,"visible_on_explore_root":false,"visible_on_explore":false,"featured":false,"published":true,"published_at":"2019-01-20T15:25:06Z","reversed":false,"from_editor_v2":true,"is_editable":true,"original_sound":false,"has_sound":false,"recoub_to":null,"file_versions":{"html5":{"video":{"higher":{"url":"https://coub-anubis-a.akamaized.net/coub_storage/coub/simple/cw_file/698f1079d00/71abe1d58ebc6457713be/muted_mp4_huge_size_1568925912_muted_huge.mp4","size":2628036},"high":{"url":"https://coub-anubis-a.akamaized.net/coub_storage/coub/simple/cw_file/698f1079d00/71abe1d58ebc6457713be/muted_mp4_big_size_1568925912_muted_big.mp4","size":1949952},"med":{"url":"https://coub-anubis-a.akamaized.net/coub_storage/coub/simple/cw_file/698f1079d00/71abe1d58ebc6457713be/muted_mp4_med_size_1568925912_muted_med.mp4","size":643961}},"audio":{"high":{"url":"https://coub-anubis-a.akamaized.net/coub_storage/coub/simple/cw_looped_audio_high/7493b2bdcae/74f3db97309e2a61bf111/1605667863_high_1547997953_high.mp3","size":3257608},"med":{"url":"https://coub-anubis-a.akamaized.net/coub_storage/coub/simple/cw_looped_audio_med/f923ae81c61/0927ec560cf7dd44e1884/1605667863_med_1547997953_med.mp3","size":2889758}}},"mobile":{"video":"https://coub-anubis-a.akamaized.net/coub_storage/coub/simple/cw_file/698f1079d00/71abe1d58ebc6457713be/muted_mp4_med_size_1568925912_muted_med.mp4","audio":["https://coub-anubis-a.akamaized.net/coub_storage/coub/simple/cw_looped_audio_med/f923ae81c61/0927ec560cf7dd44e1884/1605667863_med_1547997953_med.mp3"]},"share":{"default":"https://coub-anubis-a.akamaized.net/coub_storage/coub/simple/cw_video_for_sharing/07ec8490076/136e54d087e2b2b1897ef/1609214594_looped_1609214593.mp4"}},"audio_versions":{"template":"https://coub-anubis-a.akamaized.net/coub_storage/audio_track/cw_normalized_copy/50bee589d21/76f20ee935155e748088f/mid_1547997938_normalized_1547997918_1g3u3hm_edited.mp3","versions":["mid","low"]},"image_versions":{"template":"https://coub-anubis-a.akamaized.net/coub_storage/coub/simple/cw_image/5faf6ad7308/be280ad2cb580b0bd4de9/1547997967_00026.jpg","versions":["micro","tiny","age_restricted","ios_large","ios_mosaic","big","med","small","pinterest"]},"first_frame_versions":{"template":"https://coub-anubis-a.akamaized.net/coub_storage/coub/simple/cw_timeline_pic/fe18d763bad/588ff000a9267b853466e/%{version}_1547997966_image.jpg","versions":["big","med","small","ios_large"]},"dimensions":{"big":[1280,720],"med":[640,360]},"site_w_h":[640,360],"page_w_h":[640,360],"site_w_h_small":[310,174],"size":[1280,720],"age_restricted":false,"age_restricted_by_admin":false,"not_safe_for_work":false,"allow_reuse":false,"dont_crop":false,"banned":false,"global_safe":true,"audio_file_url":"https://coub-anubis-a.akamaized.net/coub_storage/audio_track/cw_normalized_copy/50bee589d21/76f20ee935155e748088f/low_1547997938_normalized_1547997918_1g3u3hm_edited.mp3","external_download":false,"application":null,"channel":{"id":4515349,"permalink":"zedroyall","title":"ZeDRoyall ","description":null,"followers_count":657,"following_count":163,"avatar_versions":{"template":"https://coub-anubis-a.akamaized.net/coub_storage/channel/cw_avatar/5329313c639/a3a9859327f58443addc1/%{version}_1613153440_agatsuma_zenitsu_18378.jpg","versions":["medium","medium_2x","profile_pic","profile_pic_new","profile_pic_new_2x","tiny","tiny_2x","small","small_2x","ios_large","ios_small"]}},"file":null,"picture":"https://coub-anubis-a.akamaized.net/coub_storage/coub/simple/cw_image/5faf6ad7308/be280ad2cb580b0bd4de9/1547997967_00026.jpg","timeline_picture":"https://coub-anubis-a.akamaized.net/coub_storage/coub/simple/cw_timeline_pic/fe18d763bad/588ff000a9267b853466e/ios_large_1547997966_image.jpg","small_picture":"https://coub-anubis-a.akamaized.net/coub_storage/coub/simple/cw_image/5faf6ad7308/be280ad2cb580b0bd4de9/1547997967_00026.jpg","sharing_picture":null,"percent_done":100,"tags":[{"id":164,"title":"аниме","value":"%D0%B0%D0%BD%D0%B8%D0%BC%D0%B5"},{"id":165,"title":"anime","value":"anime"},{"id":50,"title":"coub","value":"coub"},{"id":3254199,"title":"tate no yuusha no nariagari","value":"tate%20no%20yuusha%20no%20nariagari"},{"id":3326905,"title":"восхождение героя щита","value":"%D0%B2%D0%BE%D1%81%D1%85%D0%BE%D0%B6%D0%B4%D0%B5%D0%BD%D0%B8%D0%B5%20%D0%B3%D0%B5%D1%80%D0%BE%D1%8F%20%D1%89%D0%B8%D1%82%D0%B0"},{"id":3503300,"title":"by бесславные ублюдки","value":"by%20%D0%B1%D0%B5%D1%81%D1%81%D0%BB%D0%B0%D0%B2%D0%BD%D1%8B%D0%B5%20%D1%83%D0%B1%D0%BB%D1%8E%D0%B4%D0%BA%D0%B8"},{"id":624676,"title":"coub anime","value":"coub%20anime"},{"id":86,"title":"music","value":"music"},{"id":4614450,"title":"мирный герцог ⚔♚","value":"%D0%BC%D0%B8%D1%80%D0%BD%D1%8B%D0%B9%20%D0%B3%D0%B5%D1%80%D1%86%D0%BE%D0%B3%20%E2%9A%94%E2%99%9A"}],"categories":[{"id":36,"title":"Anime","permalink":"anime","subscriptions_count":10078018,"big_image_url":"https://coub-anubis-a.akamaized.net/coub_storage/category/cw_image/79d6e4a3e73/c0b7416c30391c998a2ac/big_1544750217_Anime2.png","small_image_url":"https://coub-anubis-a.akamaized.net/coub_storage/category/cw_image/79d6e4a3e73/c0b7416c30391c998a2ac/small_1544750217_Anime2.png","med_image_url":"https://coub-anubis-a.akamaized.net/coub_storage/category/cw_image/79d6e4a3e73/c0b7416c30391c998a2ac/med_1544750217_Anime2.png","visible":true}],"communities":[{"id":36,"title":"Anime","permalink":"anime","subscriptions_count":10078018,"big_image_url":"https://coub-anubis-a.akamaized.net/coub_storage/category/cw_image/79d6e4a3e73/c0b7416c30391c998a2ac/big_1544750217_Anime2.png","small_image_url":"https://coub-anubis-a.akamaized.net/coub_storage/category/cw_image/79d6e4a3e73/c0b7416c30391c998a2ac/small_1544750217_Anime2.png","med_image_url":"https://coub-anubis-a.akamaized.net/coub_storage/category/cw_image/79d6e4a3e73/c0b7416c30391c998a2ac/med_1544750217_Anime2.png","i_subscribed":true,"community_notifications_enabled":null,"description":null}],"recoubs_count":744,"remixes_count":18,"likes_count":3509,"dislikes_count":0,"raw_video_id":"","uploaded_by_ios_app":false,"uploaded_by_android_app":false,"media_blocks":{"uploaded_raw_videos":[],"external_raw_videos":[],"remixed_from_coubs":[{"id":30066388,"title":"Рафу","url":"https://coub.com/coubs/1m6fgh/remix","image":"https://coub-anubis-a.akamaized.net/coub_storage/media_block/cw_image/58afb79ef4f/de08b40fc71f092af6458/1547748507_1lv4bt8_1547748495_00026.jpg","image_retina":"https://coub-anubis-a.akamaized.net/coub_storage/media_block/cw_image/58afb79ef4f/de08b40fc71f092af6458/1547748507_1lv4bt8_1547748495_00026.jpg","meta":{"duration":"8.2"},"duration":null,"coub_channel_title":" Mирный Герцог","coub_channel_permalink":"mirnyy-gertsog","coub_views_count":355509,"coub_permalink":"1m6fgh"}]},"raw_video_thumbnail_url":"","raw_video_title":"","video_block_banned":false,"duration":8.2,"promo_winner":false,"promo_winner_recoubers":null,"editorial_info":{},"promo_hint":null,"beeline_best_2014":null,"from_web_editor":true,"normalize_sound":true,"normalize_change_allowed":true,"best2015_addable":false,"ahmad_promo":null,"promo_data":null,"audio_copyright_claim":null,"ads_disabled":false,"is_safe_for_ads":true,"megafon_contents":[],"position_on_page":4},{"flag":null,"abuses":null,"recoubs_by_users_channels":null,"favourite":false,"promoted_id":null,"recoub":null,"like":null,"dislike":null,"reaction":null,"in_my_best2015":false,"id":57116671,"type":"Coub::Simple","permalink":"xk2hb","title":"/pr/ #TryToRepeat #coubfest2018","visibility_type":"public","original_visibility_type":"public","channel_id":2366856,"created_at":"2017-09-10T18:27:13Z","updated_at":"2022-03-16T18:08:18Z","is_done":true,"views_count":376248,"cotd":null,"cotd_at":null,"visible_on_explore_root":true,"visible_on_explore":true,"featured":true,"published":true,"published_at":"2017-09-10T18:27:13Z","reversed":false,"from_editor_v2":true,"is_editable":true,"original_sound":false,"has_sound":false,"recoub_to":null,"file_versions":{"html5":{"video":{"higher":{"url":"https://coub-anubis-a.akamaized.net/coub_storage/coub/simple/cw_file/64f7d989367/7e598d79087fcbec4bfe2/muted_mp4_huge_size_1568145720_muted_huge.mp4","size":4158414},"high":{"url":"https://coub-anubis-a.akamaized.net/coub_storage/coub/simple/cw_file/64f7d989367/7e598d79087fcbec4bfe2/muted_mp4_big_size_1568145720_muted_big.mp4","size":3030832},"med":{"url":"https://coub-anubis-a.akamaized.net/coub_storage/coub/simple/cw_file/64f7d989367/7e598d79087fcbec4bfe2/muted_mp4_med_size_1568145720_muted_med.mp4","size":1076502}},"audio":{"high":{"url":"https://coub-anubis-a.akamaized.net/coub_storage/coub/simple/cw_looped_audio_high/de5fd9b54ac/a0d94617656af4c9b4d8a/1605567972_high_1505068079_high.mp3","size":5574337},"med":{"url":"https://coub-anubis-a.akamaized.net/coub_storage/coub/simple/cw_looped_audio_med/ec16543248e/c1a7403dad09e22ddc981/1605567971_med_1505068079_med.mp3","size":4003619}}},"mobile":{"video":"https://coub-anubis-a.akamaized.net/coub_storage/coub/simple/cw_file/64f7d989367/7e598d79087fcbec4bfe2/muted_mp4_med_size_1568145720_muted_med.mp4","audio":["https://coub-anubis-a.akamaized.net/coub_storage/coub/simple/cw_looped_audio_med/ec16543248e/c1a7403dad09e22ddc981/1605567971_med_1505068079_med.mp3"]},"share":{"default":"https://coub-anubis-a.akamaized.net/coub_storage/coub/simple/cw_video_for_sharing/6e67bd8e39e/abc31e4cf12a2dddf10dd/1609808064_looped_1609808062.mp4"}},"audio_versions":{"template":"https://coub-anubis-a.akamaized.net/coub_storage/audio_track/cw_file/aa67df71fcb/680af76a2fd809742838a/mid_1505068046_1muodbo_edited.mp3","versions":["mid","low"]},"image_versions":{"template":"https://coub-anubis-a.akamaized.net/coub_storage/coub/simple/cw_image/009bd9e080a/f47d594ab5be11fda2298/1505068098_00010.jpg","versions":["micro","tiny","age_restricted","ios_large","ios_mosaic","big","med","small","pinterest"]},"first_frame_versions":{"template":"https://coub-anubis-a.akamaized.net/coub_storage/coub/simple/cw_timeline_pic/dc739c9a16c/80a8028092ed127e1bbfe/%{version}_1505068098_image.jpg","versions":["big","med","small","ios_large"]},"dimensions":{"big":[1240,960],"med":[620,480]},"site_w_h":[640,495],"page_w_h":[640,495],"site_w_h_small":[310,240],"size":[1240,960],"age_restricted":false,"age_restricted_by_admin":false,"not_safe_for_work":false,"allow_reuse":false,"dont_crop":false,"banned":false,"global_safe":true,"audio_file_url":"https://coub-anubis-a.akamaized.net/coub_storage/audio_track/cw_file/aa67df71fcb/680af76a2fd809742838a/low_1505068046_1muodbo_edited.mp3","external_download":false,"application":null,"channel":{"id":2366856,"permalink":"ludvikehd","title":"▽ Łųđv1kęHD ∆","description":"vk.com/ludv1ke","followers_count":3377,"following_count":10,"avatar_versions":{"template":"https://coub-anubis-a.akamaized.net/coub_storage/channel/cw_avatar/92dc9032016/4ce17022853612ec53d62/%{version}_1607680738_1fniybi_1521812724___________.png","versions":["medium","medium_2x","profile_pic","profile_pic_new","profile_pic_new_2x","tiny","tiny_2x","small","small_2x","ios_large","ios_small"]}},"file":null,"picture":"https://coub-anubis-a.akamaized.net/coub_storage/coub/simple/cw_image/009bd9e080a/f47d594ab5be11fda2298/1505068098_00010.jpg","timeline_picture":"https://coub-anubis-a.akamaized.net/coub_storage/coub/simple/cw_timeline_pic/dc739c9a16c/80a8028092ed127e1bbfe/ios_large_1505068098_image.jpg","small_picture":"https://coub-anubis-a.akamaized.net/coub_storage/coub/simple/cw_image/009bd9e080a/f47d594ab5be11fda2298/1505068098_00010.jpg","sharing_picture":null,"percent_done":100,"tags":[{"id":13529,"title":"sin","value":"sin"},{"id":3065537,"title":"hyper – spoiler","value":"hyper%20%E2%80%93%20spoiler"},{"id":2595413,"title":"trytorepeat","value":"trytorepeat"},{"id":3661735,"title":"coubfest2018","value":"coubfest2018"}],"categories":[{"id":36,"title":"Anime","permalink":"anime","subscriptions_count":10078018,"big_image_url":"https://coub-anubis-a.akamaized.net/coub_storage/category/cw_image/79d6e4a3e73/c0b7416c30391c998a2ac/big_1544750217_Anime2.png","small_image_url":"https://coub-anubis-a.akamaized.net/coub_storage/category/cw_image/79d6e4a3e73/c0b7416c30391c998a2ac/small_1544750217_Anime2.png","med_image_url":"https://coub-anubis-a.akamaized.net/coub_storage/category/cw_image/79d6e4a3e73/c0b7416c30391c998a2ac/med_1544750217_Anime2.png","visible":true}],"communities":[{"id":36,"title":"Anime","permalink":"anime","subscriptions_count":10078018,"big_image_url":"https://coub-anubis-a.akamaized.net/coub_storage/category/cw_image/79d6e4a3e73/c0b7416c30391c998a2ac/big_1544750217_Anime2.png","small_image_url":"https://coub-anubis-a.akamaized.net/coub_storage/category/cw_image/79d6e4a3e73/c0b7416c30391c998a2ac/small_1544750217_Anime2.png","med_image_url":"https://coub-anubis-a.akamaized.net/coub_storage/category/cw_image/79d6e4a3e73/c0b7416c30391c998a2ac/med_1544750217_Anime2.png","i_subscribed":true,"community_notifications_enabled":null,"description":null}],"recoubs_count":906,"remixes_count":9,"likes_count":3508,"dislikes_count":0,"raw_video_id":10228281,"uploaded_by_ios_app":false,"uploaded_by_android_app":false,"media_blocks":{"uploaded_raw_videos":[],"external_raw_videos":[],"remixed_from_coubs":[]},"raw_video_thumbnail_url":"/missing/missing.png","raw_video_title":"perasdas.mov","video_block_banned":false,"duration":2.88,"promo_winner":false,"promo_winner_recoubers":null,"editorial_info":{},"promo_hint":null,"beeline_best_2014":null,"from_web_editor":true,"normalize_sound":false,"normalize_change_allowed":true,"best2015_addable":false,"ahmad_promo":null,"promo_data":null,"audio_copyright_claim":null,"ads_disabled":false,"is_safe_for_ads":true,"megafon_contents":[],"position_on_page":5},{"flag":null,"abuses":null,"recoubs_by_users_channels":null,"favourite":false,"promoted_id":null,"recoub":null,"like":null,"dislike":null,"reaction":null,"in_my_best2015":false,"id":177183901,"type":"Coub::Simple","permalink":"2x56vt","title":"Lyra.","visibility_type":"public","original_visibility_type":"public","channel_id":10013614,"created_at":"2021-10-16T23:15:30Z","updated_at":"2022-03-18T08:00:02Z","is_done":true,"views_count":224621,"cotd":null,"cotd_at":null,"visible_on_explore_root":true,"visible_on_explore":true,"featured":true,"published":true,"published_at":"2021-10-16T23:15:30Z","reversed":false,"from_editor_v2":true,"is_editable":true,"original_sound":false,"has_sound":false,"recoub_to":null,"file_versions":{"html5":{"video":{"higher":{"url":"https://coub-anubis-a.akamaized.net/coub_storage/coub/simple/cw_file/a13abcb7a1e/52681a0353c4c39385229/muted_mp4_huge_size_1634426679_muted_huge.mp4","size":3191350},"high":{"url":"https://coub-anubis-a.akamaized.net/coub_storage/coub/simple/cw_file/a13abcb7a1e/52681a0353c4c39385229/muted_mp4_big_size_1634426679_muted_big.mp4","size":2257391},"med":{"url":"https://coub-anubis-a.akamaized.net/coub_storage/coub/simple/cw_file/a13abcb7a1e/52681a0353c4c39385229/muted_mp4_med_size_1634426679_muted_med.mp4","size":826797}},"audio":{"high":{"url":"https://coub-anubis-a.akamaized.net/coub_storage/coub/simple/cw_looped_audio_high/5cebaf58a9a/481554bb7924ad0a19f81/1634426693_mp3-high.mp3","size":1347655},"med":{"url":"https://coub-anubis-a.akamaized.net/coub_storage/coub/simple/cw_looped_audio_med/899859d38d4/06f473bda60bdeb4be858/1634426692_mp3-med.mp3","size":938354}}},"mobile":{"video":"https://coub-anubis-a.akamaized.net/coub_storage/coub/simple/cw_file/a13abcb7a1e/52681a0353c4c39385229/muted_mp4_med_size_1634426679_muted_med.mp4","audio":["https://coub-anubis-a.akamaized.net/coub_storage/coub/simple/cw_looped_audio_med/899859d38d4/06f473bda60bdeb4be858/1634426692_mp3-med.mp3"]},"share":{"default":"https://coub-anubis-a.akamaized.net/coub_storage/coub/simple/cw_video_for_sharing/ec41121d279/f70206aedd13781b46248/1634426724_looped_1634426723.mp4"}},"audio_versions":{"template":"https://coub-anubis-a.akamaized.net/coub_storage/audio_track/cw_file/a2040e14de4/8a6959aee00695b6d9d92/mid_1634426680_7r0dg2_edited.mp3","versions":["mid","low"]},"image_versions":{"template":"https://coub-anubis-a.akamaized.net/coub_storage/coub/simple/cw_image/5de1bbe58a9/41f5368086d73f4cb7e06/%{version}_1634426698_00020.jpg","versions":["micro","tiny","age_restricted","ios_large","ios_mosaic","big","med","small","pinterest"]},"first_frame_versions":{"template":"https://coub-anubis-a.akamaized.net/coub_storage/coub/simple/cw_timeline_pic/e3ebde29fba/5a74ffb282eaede9f4b93/%{version}_1634426698_image.jpg","versions":["big","med","small","ios_large"]},"dimensions":{"big":[1280,720],"med":[640,360]},"site_w_h":[640,360],"page_w_h":[640,360],"site_w_h_small":[310,174],"size":[1280,720],"age_restricted":false,"age_restricted_by_admin":false,"not_safe_for_work":false,"allow_reuse":false,"dont_crop":true,"banned":false,"global_safe":true,"audio_file_url":"https://coub-anubis-a.akamaized.net/coub_storage/audio_track/cw_file/a2040e14de4/8a6959aee00695b6d9d92/low_1634426680_7r0dg2_edited.mp3","external_download":{"type":"Youtube","service_name":"YouTube","url":"https://www.youtube.com/watch?v=8Roes32Q2jA&ab_channel=NGHTMSTYCLWZ","has_embed":true},"application":null,"channel":{"id":10013614,"permalink":"nghtmstyclwz","title":"[RE:FM] Cxllabse","description":"inst: @nightmistyclawz","followers_count":316,"following_count":30,"avatar_versions":{"template":"https://coub-anubis-a.akamaized.net/coub_storage/channel/cw_avatar/703bafa8fba/2a732e64903bcb1b6c731/%{version}_1612357385_33131.jpg","versions":["medium","medium_2x","profile_pic","profile_pic_new","profile_pic_new_2x","tiny","tiny_2x","small","small_2x","ios_large","ios_small"]}},"file":null,"picture":"https://coub-anubis-a.akamaized.net/coub_storage/coub/simple/cw_image/5de1bbe58a9/41f5368086d73f4cb7e06/med_1634426698_00020.jpg","timeline_picture":"https://coub-anubis-a.akamaized.net/coub_storage/coub/simple/cw_timeline_pic/e3ebde29fba/5a74ffb282eaede9f4b93/ios_large_1634426698_image.jpg","small_picture":"https://coub-anubis-a.akamaized.net/coub_storage/coub/simple/cw_image/5de1bbe58a9/41f5368086d73f4cb7e06/ios_mosaic_1634426698_00020.jpg","sharing_picture":null,"percent_done":100,"tags":[{"id":6531780,"title":"shima x nghtlovv66","value":"shima%20x%20nghtlovv66"},{"id":1872714,"title":"kenko","value":"kenko"},{"id":5778449,"title":"re:fm","value":"re:fm"}],"categories":[{"id":36,"title":"Anime","permalink":"anime","subscriptions_count":10078018,"big_image_url":"https://coub-anubis-a.akamaized.net/coub_storage/category/cw_image/79d6e4a3e73/c0b7416c30391c998a2ac/big_1544750217_Anime2.png","small_image_url":"https://coub-anubis-a.akamaized.net/coub_storage/category/cw_image/79d6e4a3e73/c0b7416c30391c998a2ac/small_1544750217_Anime2.png","med_image_url":"https://coub-anubis-a.akamaized.net/coub_storage/category/cw_image/79d6e4a3e73/c0b7416c30391c998a2ac/med_1544750217_Anime2.png","visible":true}],"communities":[{"id":36,"title":"Anime","permalink":"anime","subscriptions_count":10078018,"big_image_url":"https://coub-anubis-a.akamaized.net/coub_storage/category/cw_image/79d6e4a3e73/c0b7416c30391c998a2ac/big_1544750217_Anime2.png","small_image_url":"https://coub-anubis-a.akamaized.net/coub_storage/category/cw_image/79d6e4a3e73/c0b7416c30391c998a2ac/small_1544750217_Anime2.png","med_image_url":"https://coub-anubis-a.akamaized.net/coub_storage/category/cw_image/79d6e4a3e73/c0b7416c30391c998a2ac/med_1544750217_Anime2.png","i_subscribed":true,"community_notifications_enabled":null,"description":null}],"recoubs_count":801,"remixes_count":5,"likes_count":3506,"dislikes_count":0,"raw_video_id":16851126,"uploaded_by_ios_app":false,"uploaded_by_android_app":false,"media_blocks":{"uploaded_raw_videos":[],"external_raw_videos":[{"id":39862888,"title":"Коллаб с Диасом.","url":"https://www.youtube.com/watch?v=8Roes32Q2jA","image":"https://coub-anubis-a.akamaized.net/coub_storage/media_block/cw_image/098890f3fb4/25e47a4106aa1e84e20ac/video_1634425293_ufa945_1634425193_1634425191_11asmk8_att-url-download.webp","image_retina":"https://coub-anubis-a.akamaized.net/coub_storage/media_block/cw_image/098890f3fb4/25e47a4106aa1e84e20ac/video_retina_1634425293_ufa945_1634425193_1634425191_11asmk8_att-url-download.webp","meta":{"service":"Youtube","duration":"68.96"},"duration":68.96,"raw_video_id":16851126,"has_embed":true}],"remixed_from_coubs":[],"external_video":{"id":39862888,"title":"Коллаб с Диасом.","url":"https://www.youtube.com/watch?v=8Roes32Q2jA","image":"https://coub-anubis-a.akamaized.net/coub_storage/media_block/cw_image/098890f3fb4/25e47a4106aa1e84e20ac/video_1634425293_ufa945_1634425193_1634425191_11asmk8_att-url-download.webp","image_retina":"https://coub-anubis-a.akamaized.net/coub_storage/media_block/cw_image/098890f3fb4/25e47a4106aa1e84e20ac/video_retina_1634425293_ufa945_1634425193_1634425191_11asmk8_att-url-download.webp","meta":{"service":"Youtube","duration":"68.96"},"duration":68.96,"raw_video_id":16851126,"has_embed":true}},"raw_video_thumbnail_url":"https://coub-anubis-a.akamaized.net/coub_storage/raw_video/cw_image/1aff6eac286/0209b5591ca14c4286935/coub_media_1634425193_1634425191_11asmk8_att-url-download.webp","raw_video_title":"Коллаб с Диасом.","video_block_banned":false,"duration":6.36,"promo_winner":false,"promo_winner_recoubers":null,"editorial_info":{},"promo_hint":null,"beeline_best_2014":null,"from_web_editor":true,"normalize_sound":false,"normalize_change_allowed":true,"best2015_addable":false,"ahmad_promo":null,"promo_data":null,"audio_copyright_claim":null,"ads_disabled":false,"is_safe_for_ads":true,"megafon_contents":[],"position_on_page":6},{"flag":null,"abuses":null,"recoubs_by_users_channels":null,"favourite":false,"promoted_id":null,"recoub":null,"like":null,"dislike":null,"reaction":null,"in_my_best2015":false,"id":54565089,"type":"Coub::Simple","permalink":"w1dn7","title":"調和 ","visibility_type":"public","original_visibility_type":"public","channel_id":3629333,"created_at":"2017-07-18T22:05:02Z","updated_at":"2022-03-18T07:48:27Z","is_done":true,"views_count":287439,"cotd":null,"cotd_at":null,"visible_on_explore_root":false,"visible_on_explore":false,"featured":false,"published":true,"published_at":"2017-07-19T08:00:05Z","reversed":false,"from_editor_v2":true,"is_editable":true,"original_sound":false,"has_sound":false,"recoub_to":null,"file_versions":{"html5":{"video":{"higher":{"url":"https://coub-anubis-a.akamaized.net/coub_storage/coub/simple/cw_file/45353bb1435/1279e157acf09134f81dc/muted_mp4_huge_size_1568130197_muted_huge.mp4","size":5501605},"high":{"url":"https://coub-anubis-a.akamaized.net/coub_storage/coub/simple/cw_file/45353bb1435/1279e157acf09134f81dc/muted_mp4_big_size_1568130197_muted_big.mp4","size":3976494},"med":{"url":"https://coub-anubis-a.akamaized.net/coub_storage/coub/simple/cw_file/45353bb1435/1279e157acf09134f81dc/muted_mp4_med_size_1568130197_muted_med.mp4","size":1364633}},"audio":{"high":{"url":"https://coub-anubis-a.akamaized.net/coub_storage/coub/simple/cw_looped_audio_high/7b2de77881d/20f3693db467d2698a8e7/1605611876_high_1500415539_high.mp3","size":5184977},"med":{"url":"https://coub-anubis-a.akamaized.net/coub_storage/coub/simple/cw_looped_audio_med/83d9fe5ab81/20c706962879f6aec7e1e/1605611875_med_1500415539_med.mp3","size":3828268}}},"mobile":{"video":"https://coub-anubis-a.akamaized.net/coub_storage/coub/simple/cw_file/45353bb1435/1279e157acf09134f81dc/muted_mp4_med_size_1568130197_muted_med.mp4","audio":["https://coub-anubis-a.akamaized.net/coub_storage/coub/simple/cw_looped_audio_med/83d9fe5ab81/20c706962879f6aec7e1e/1605611875_med_1500415539_med.mp3"]},"share":{"default":"https://coub-anubis-a.akamaized.net/coub_storage/coub/simple/cw_video_for_sharing/b3865334294/669ac1addd17826dc5b11/1609192235_looped_1609192234.mp4"}},"audio_versions":{"template":"https://coub-anubis-a.akamaized.net/coub_storage/audio_track/cw_normalized_copy/672449cd855/d4a8f1fbda88af8809c90/mid_1556089187_normalized_1500414937_audio.mp3","versions":["mid","low"]},"image_versions":{"template":"https://coub-anubis-a.akamaized.net/coub_storage/coub/simple/cw_image/67097bfe081/0157972ee7613f377acd6/1500415559_00032.jpg","versions":["micro","tiny","age_restricted","ios_large","ios_mosaic","big","med","small","pinterest"]},"first_frame_versions":{"template":"https://coub-anubis-a.akamaized.net/coub_storage/coub/simple/cw_timeline_pic/dfc81e7fbd6/a1b98cbdf3de0180faf29/%{version}_1500415558_image.jpg","versions":["big","med","small","ios_large"]},"dimensions":{"big":[1280,720],"med":[640,360]},"site_w_h":[640,360],"page_w_h":[640,360],"site_w_h_small":[310,174],"size":[1280,720],"age_restricted":false,"age_restricted_by_admin":false,"not_safe_for_work":false,"allow_reuse":false,"dont_crop":false,"banned":false,"global_safe":true,"audio_file_url":"https://coub-anubis-a.akamaized.net/coub_storage/audio_track/cw_normalized_copy/672449cd855/d4a8f1fbda88af8809c90/low_1556089187_normalized_1500414937_audio.mp3","external_download":false,"application":null,"channel":{"id":3629333,"permalink":"repost.gffgfg","title":"nichtozhestvo","description":null,"followers_count":126,"following_count":60,"avatar_versions":{"template":"https://coub-anubis-a.akamaized.net/coub_storage/channel/cw_avatar/503a0cf6054/d20fc54afedfa3caace3c/%{version}_1607964948_sz3dfw_1537610694_Da3_d2eTHtU.jpg","versions":["medium","medium_2x","profile_pic","profile_pic_new","profile_pic_new_2x","tiny","tiny_2x","small","small_2x","ios_large","ios_small"]}},"file":null,"picture":"https://coub-anubis-a.akamaized.net/coub_storage/coub/simple/cw_image/67097bfe081/0157972ee7613f377acd6/1500415559_00032.jpg","timeline_picture":"https://coub-anubis-a.akamaized.net/coub_storage/coub/simple/cw_timeline_pic/dfc81e7fbd6/a1b98cbdf3de0180faf29/ios_large_1500415558_image.jpg","small_picture":"https://coub-anubis-a.akamaized.net/coub_storage/coub/simple/cw_image/67097bfe081/0157972ee7613f377acd6/1500415559_00032.jpg","sharing_picture":null,"percent_done":100,"tags":[{"id":165,"title":"anime","value":"anime"},{"id":1561568,"title":"violet evergarden","value":"violet%20evergarden"},{"id":830987,"title":"anime new","value":"anime%20new"},{"id":830988,"title":"anime top","value":"anime%20top"},{"id":951,"title":"top","value":"top"},{"id":367,"title":"hot","value":"hot"},{"id":52860,"title":"anime music video","value":"anime%20music%20video"},{"id":66881,"title":"anime amv","value":"anime%20amv"},{"id":3724,"title":"amv","value":"amv"},{"id":1430,"title":"mix","value":"mix"},{"id":392080,"title":"anime mix","value":"anime%20mix"},{"id":13134,"title":"harmony","value":"harmony"},{"id":1042157,"title":"coub new","value":"coub%20new"},{"id":367144,"title":"anime coub","value":"anime%20coub"},{"id":533083,"title":"coub hot","value":"coub%20hot"},{"id":105373,"title":"coub of the day","value":"coub%20of%20the%20day"},{"id":1314453,"title":"coub amv","value":"coub%20amv"}],"categories":[{"id":36,"title":"Anime","permalink":"anime","subscriptions_count":10078018,"big_image_url":"https://coub-anubis-a.akamaized.net/coub_storage/category/cw_image/79d6e4a3e73/c0b7416c30391c998a2ac/big_1544750217_Anime2.png","small_image_url":"https://coub-anubis-a.akamaized.net/coub_storage/category/cw_image/79d6e4a3e73/c0b7416c30391c998a2ac/small_1544750217_Anime2.png","med_image_url":"https://coub-anubis-a.akamaized.net/coub_storage/category/cw_image/79d6e4a3e73/c0b7416c30391c998a2ac/med_1544750217_Anime2.png","visible":true}],"communities":[{"id":36,"title":"Anime","permalink":"anime","subscriptions_count":10078018,"big_image_url":"https://coub-anubis-a.akamaized.net/coub_storage/category/cw_image/79d6e4a3e73/c0b7416c30391c998a2ac/big_1544750217_Anime2.png","small_image_url":"https://coub-anubis-a.akamaized.net/coub_storage/category/cw_image/79d6e4a3e73/c0b7416c30391c998a2ac/small_1544750217_Anime2.png","med_image_url":"https://coub-anubis-a.akamaized.net/coub_storage/category/cw_image/79d6e4a3e73/c0b7416c30391c998a2ac/med_1544750217_Anime2.png","i_subscribed":true,"community_notifications_enabled":null,"description":null}],"recoubs_count":598,"remixes_count":8,"likes_count":3506,"dislikes_count":0,"raw_video_id":9966080,"uploaded_by_ios_app":false,"uploaded_by_android_app":false,"media_blocks":{"uploaded_raw_videos":[],"external_raw_videos":[],"remixed_from_coubs":[]},"raw_video_thumbnail_url":"/missing/missing.png","raw_video_title":"goritttt.mp4","video_block_banned":false,"duration":10.04,"promo_winner":false,"promo_winner_recoubers":null,"editorial_info":{},"promo_hint":null,"beeline_best_2014":null,"from_web_editor":true,"normalize_sound":true,"normalize_change_allowed":true,"best2015_addable":false,"ahmad_promo":null,"promo_data":null,"audio_copyright_claim":null,"ads_disabled":false,"is_safe_for_ads":true,"megafon_contents":[],"position_on_page":7},{"flag":null,"abuses":null,"recoubs_by_users_channels":null,"favourite":false,"promoted_id":null,"recoub":null,"like":null,"dislike":null,"reaction":null,"in_my_best2015":false,"id":158888491,"type":"Coub::Simple","permalink":"2m91y1","title":"Возвращение героя 7 серия (Hero Return)","visibility_type":"public","original_visibility_type":"public","channel_id":9662509,"created_at":"2020-11-30T12:03:45Z","updated_at":"2022-03-18T05:14:35Z","is_done":true,"views_count":206806,"cotd":null,"cotd_at":null,"visible_on_explore_root":false,"visible_on_explore":false,"featured":false,"published":true,"published_at":"2020-11-30T12:03:45Z","reversed":false,"from_editor_v2":true,"is_editable":true,"original_sound":false,"has_sound":false,"recoub_to":null,"file_versions":{"html5":{"video":{"higher":{"url":"https://coub-anubis-a.akamaized.net/coub_storage/coub/simple/cw_file/6bbc0c34b88/ac9a80fb7092e8ba1ea2a/muted_mp4_huge_size_1606737973_muted_huge.mp4","size":2720745},"high":{"url":"https://coub-anubis-a.akamaized.net/coub_storage/coub/simple/cw_file/6bbc0c34b88/ac9a80fb7092e8ba1ea2a/muted_mp4_big_size_1606737973_muted_big.mp4","size":1923460},"med":{"url":"https://coub-anubis-a.akamaized.net/coub_storage/coub/simple/cw_file/6bbc0c34b88/ac9a80fb7092e8ba1ea2a/muted_mp4_med_size_1606737973_muted_med.mp4","size":635508}},"audio":{"high":{"url":"https://coub-anubis-a.akamaized.net/coub_storage/coub/simple/cw_looped_audio_high/0d4a6ec11b7/338660bbc2052e2b99075/1606737984_mp3-high.mp3","size":1388809},"med":{"url":"https://coub-anubis-a.akamaized.net/coub_storage/coub/simple/cw_looped_audio_med/2968a10c98d/39819f79562a1124fc650/1606737982_mp3-med.mp3","size":957015}}},"mobile":{"video":"https://coub-anubis-a.akamaized.net/coub_storage/coub/simple/cw_file/6bbc0c34b88/ac9a80fb7092e8ba1ea2a/muted_mp4_med_size_1606737973_muted_med.mp4","audio":["https://coub-anubis-a.akamaized.net/coub_storage/coub/simple/cw_looped_audio_med/2968a10c98d/39819f79562a1124fc650/1606737982_mp3-med.mp3"]},"share":{"default":"https://coub-anubis-a.akamaized.net/coub_storage/coub/simple/cw_video_for_sharing/51bdcc89fdb/83bda253842d9fa77c095/1606738044_looped_1606738044.mp4"}},"audio_versions":{"template":"https://coub-anubis-a.akamaized.net/coub_storage/audio_track/cw_normalized_copy/546a72a7ab6/eae2cf6edbfd2f9aa6657/mid_1606737978_normalized_1606737975_nozq7b_edited.mp3","versions":["mid","low"]},"image_versions":{"template":"https://coub-anubis-a.akamaized.net/coub_storage/coub/simple/cw_image/103328e93c2/990263bc8dd3622973ecd/%{version}_1606737995_00031.jpg","versions":["micro","tiny","age_restricted","ios_large","ios_mosaic","big","med","small","pinterest"]},"first_frame_versions":{"template":"https://coub-anubis-a.akamaized.net/coub_storage/coub/simple/cw_timeline_pic/78338f82ef0/862a419d13d323d5646c6/%{version}_1606737994_image.jpg","versions":["big","med","small","ios_large"]},"dimensions":{"big":[1280,720],"med":[640,360]},"site_w_h":[640,360],"page_w_h":[640,360],"site_w_h_small":[310,174],"size":[1280,720],"age_restricted":false,"age_restricted_by_admin":false,"not_safe_for_work":false,"allow_reuse":false,"dont_crop":true,"banned":false,"global_safe":true,"audio_file_url":"https://coub-anubis-a.akamaized.net/coub_storage/audio_track/cw_normalized_copy/546a72a7ab6/eae2cf6edbfd2f9aa6657/low_1606737978_normalized_1606737975_nozq7b_edited.mp3","external_download":{"type":"Youtube","service_name":"YouTube","url":"https://www.youtube.com/watch?v=w83x4AyOL4U","has_embed":true},"application":null,"channel":{"id":9662509,"permalink":"bogdan-bagay","title":"Otaku ","description":null,"followers_count":21,"following_count":13,"avatar_versions":{"template":"https://coub-anubis-a.akamaized.net/coub_storage/channel/cw_avatar/cbf0b92fe6c/49c9f86b6e54f35d4ffeb/%{version}_1607422027_1mfgfwf_1593609741_BXYL4mhBAXA.jpg","versions":["medium","medium_2x","profile_pic","profile_pic_new","profile_pic_new_2x","tiny","tiny_2x","small","small_2x","ios_large","ios_small"]}},"file":null,"picture":"https://coub-anubis-a.akamaized.net/coub_storage/coub/simple/cw_image/103328e93c2/990263bc8dd3622973ecd/med_1606737995_00031.jpg","timeline_picture":"https://coub-anubis-a.akamaized.net/coub_storage/coub/simple/cw_timeline_pic/78338f82ef0/862a419d13d323d5646c6/ios_large_1606737994_image.jpg","small_picture":"https://coub-anubis-a.akamaized.net/coub_storage/coub/simple/cw_image/103328e93c2/990263bc8dd3622973ecd/ios_mosaic_1606737995_00031.jpg","sharing_picture":null,"percent_done":100,"tags":[{"id":164,"title":"аниме","value":"%D0%B0%D0%BD%D0%B8%D0%BC%D0%B5"},{"id":165,"title":"anime","value":"anime"},{"id":93804,"title":"битвы","value":"%D0%B1%D0%B8%D1%82%D0%B2%D1%8B"},{"id":191736,"title":"самый сильный","value":"%D1%81%D0%B0%D0%BC%D1%8B%D0%B9%20%D1%81%D0%B8%D0%BB%D1%8C%D0%BD%D1%8B%D0%B9"},{"id":5960346,"title":"hero return","value":"hero%20return"},{"id":6032140,"title":"татьяна буланова - ясный мой свет (remix)","value":"%D1%82%D0%B0%D1%82%D1%8C%D1%8F%D0%BD%D0%B0%20%D0%B1%D1%83%D0%BB%D0%B0%D0%BD%D0%BE%D0%B2%D0%B0%20-%20%D1%8F%D1%81%D0%BD%D1%8B%D0%B9%20%D0%BC%D0%BE%D0%B9%20%D1%81%D0%B2%D0%B5%D1%82%20(remix)"},{"id":86,"title":"music","value":"music"}],"categories":[{"id":36,"title":"Anime","permalink":"anime","subscriptions_count":10078018,"big_image_url":"https://coub-anubis-a.akamaized.net/coub_storage/category/cw_image/79d6e4a3e73/c0b7416c30391c998a2ac/big_1544750217_Anime2.png","small_image_url":"https://coub-anubis-a.akamaized.net/coub_storage/category/cw_image/79d6e4a3e73/c0b7416c30391c998a2ac/small_1544750217_Anime2.png","med_image_url":"https://coub-anubis-a.akamaized.net/coub_storage/category/cw_image/79d6e4a3e73/c0b7416c30391c998a2ac/med_1544750217_Anime2.png","visible":true}],"communities":[{"id":36,"title":"Anime","permalink":"anime","subscriptions_count":10078018,"big_image_url":"https://coub-anubis-a.akamaized.net/coub_storage/category/cw_image/79d6e4a3e73/c0b7416c30391c998a2ac/big_1544750217_Anime2.png","small_image_url":"https://coub-anubis-a.akamaized.net/coub_storage/category/cw_image/79d6e4a3e73/c0b7416c30391c998a2ac/small_1544750217_Anime2.png","med_image_url":"https://coub-anubis-a.akamaized.net/coub_storage/category/cw_image/79d6e4a3e73/c0b7416c30391c998a2ac/med_1544750217_Anime2.png","i_subscribed":true,"community_notifications_enabled":null,"description":null}],"recoubs_count":668,"remixes_count":6,"likes_count":3505,"dislikes_count":0,"raw_video_id":15924692,"uploaded_by_ios_app":false,"uploaded_by_android_app":false,"media_blocks":{"uploaded_raw_videos":[],"external_raw_videos":[{"id":37575787,"title":"Возвращение героя 7 серия","url":"https://www.youtube.com/watch?v=w83x4AyOL4U","image":null,"image_retina":null,"meta":{"service":"Youtube","duration":"1015.4"},"duration":1015.4,"raw_video_id":15924692,"has_embed":true}],"remixed_from_coubs":[],"external_video":{"id":37575787,"title":"Возвращение героя 7 серия","url":"https://www.youtube.com/watch?v=w83x4AyOL4U","image":null,"image_retina":null,"meta":{"service":"Youtube","duration":"1015.4"},"duration":1015.4,"raw_video_id":15924692,"has_embed":true}},"raw_video_thumbnail_url":"/missing/missing.png","raw_video_title":"Возвращение героя 7 серия","video_block_banned":false,"duration":9.88,"promo_winner":false,"promo_winner_recoubers":null,"editorial_info":{},"promo_hint":null,"beeline_best_2014":null,"from_web_editor":true,"normalize_sound":true,"normalize_change_allowed":true,"best2015_addable":false,"ahmad_promo":null,"promo_data":null,"audio_copyright_claim":null,"ads_disabled":false,"is_safe_for_ads":true,"megafon_contents":[],"position_on_page":8},{"flag":null,"abuses":null,"recoubs_by_users_channels":null,"favourite":false,"promoted_id":null,"recoub":null,"like":null,"dislike":null,"reaction":null,"in_my_best2015":false,"id":149309869,"type":"Coub::Simple","permalink":"2gjqyk","title":"istinnaya grustь ","visibility_type":"public","original_visibility_type":"public","channel_id":4808575,"created_at":"2020-07-10T21:25:03Z","updated_at":"2022-03-18T03:16:08Z","is_done":true,"views_count":204017,"cotd":null,"cotd_at":null,"visible_on_explore_root":false,"visible_on_explore":false,"featured":false,"published":true,"published_at":"2020-07-10T21:35:49Z","reversed":false,"from_editor_v2":true,"is_editable":true,"original_sound":false,"has_sound":false,"recoub_to":null,"file_versions":{"html5":{"video":{"higher":{"url":"https://coub-anubis-a.akamaized.net/coub_storage/coub/simple/cw_file/5f03e78977e/4e3b016e506c42156252a/muted_mp4_huge_size_1594416312_muted_huge.mp4","size":1482130},"high":{"url":"https://coub-anubis-a.akamaized.net/coub_storage/coub/simple/cw_file/5f03e78977e/4e3b016e506c42156252a/muted_mp4_big_size_1594416312_muted_big.mp4","size":1006682},"med":{"url":"https://coub-anubis-a.akamaized.net/coub_storage/coub/simple/cw_file/5f03e78977e/4e3b016e506c42156252a/muted_mp4_med_size_1594416312_muted_med.mp4","size":305289}},"audio":{"high":{"url":"https://coub-anubis-a.akamaized.net/coub_storage/coub/simple/cw_looped_audio_high/32d0304c289/9951642e400ec1176980d/1605679801_high_1594416344_high.mp3","size":4793627},"med":{"url":"https://coub-anubis-a.akamaized.net/coub_storage/coub/simple/cw_looped_audio_med/7ca03bcc150/624e58357938b5a9903ac/1605679801_med_1594416344_med.mp3","size":3498312}}},"mobile":{"video":"https://coub-anubis-a.akamaized.net/coub_storage/coub/simple/cw_file/5f03e78977e/4e3b016e506c42156252a/muted_mp4_med_size_1594416312_muted_med.mp4","audio":["https://coub-anubis-a.akamaized.net/coub_storage/coub/simple/cw_looped_audio_med/7ca03bcc150/624e58357938b5a9903ac/1605679801_med_1594416344_med.mp3"]},"share":{"default":"https://coub-anubis-a.akamaized.net/coub_storage/coub/simple/cw_video_for_sharing/7ab3a95288e/60700ab9b7bf88fd50911/1608394876_looped_1608394874.mp4"}},"audio_versions":{"template":"https://coub-anubis-a.akamaized.net/coub_storage/audio_track/cw_file/28a7f49e47b/24c3d6510f8b1662226ce/mid_1594416317_u8j22a_edited.mp3","versions":["mid","low"]},"image_versions":{"template":"https://coub-anubis-a.akamaized.net/coub_storage/coub/simple/cw_image/262817a8b55/8e494812c640ecde4e349/1594416367_00032.jpg","versions":["micro","tiny","age_restricted","ios_large","ios_mosaic","big","med","small","pinterest"]},"first_frame_versions":{"template":"https://coub-anubis-a.akamaized.net/coub_storage/coub/simple/cw_timeline_pic/4000522cf99/fe54a2296109fc1e03145/%{version}_1594416366_image.jpg","versions":["big","med","small","ios_large"]},"dimensions":{"big":[1280,720],"med":[640,360]},"site_w_h":[640,360],"page_w_h":[640,360],"site_w_h_small":[310,174],"size":[1280,720],"age_restricted":false,"age_restricted_by_admin":false,"not_safe_for_work":false,"allow_reuse":false,"dont_crop":false,"banned":false,"global_safe":true,"audio_file_url":"https://coub-anubis-a.akamaized.net/coub_storage/audio_track/cw_file/28a7f49e47b/24c3d6510f8b1662226ce/low_1594416317_u8j22a_edited.mp3","external_download":false,"application":null,"channel":{"id":4808575,"permalink":"lermontova.vk3024","title":"V▲Lermo'ntova♞","description":"22 Vesna","followers_count":3205,"following_count":66,"avatar_versions":{"template":"https://coub-anubis-a.akamaized.net/coub_storage/channel/cw_avatar/03628f5af3a/a760cdc8b8fce0f7c1670/%{version}_1644496053_bcb045847622d8220081355610d6487d_.jpg","versions":["medium","medium_2x","profile_pic","profile_pic_new","profile_pic_new_2x","tiny","tiny_2x","small","small_2x","ios_large","ios_small"]}},"file":null,"picture":"https://coub-anubis-a.akamaized.net/coub_storage/coub/simple/cw_image/262817a8b55/8e494812c640ecde4e349/1594416367_00032.jpg","timeline_picture":"https://coub-anubis-a.akamaized.net/coub_storage/coub/simple/cw_timeline_pic/4000522cf99/fe54a2296109fc1e03145/ios_large_1594416366_image.jpg","small_picture":"https://coub-anubis-a.akamaized.net/coub_storage/coub/simple/cw_image/262817a8b55/8e494812c640ecde4e349/1594416367_00032.jpg","sharing_picture":null,"percent_done":100,"tags":[{"id":165,"title":"anime","value":"anime"},{"id":79072,"title":"va","value":"va"},{"id":5445282,"title":"nakitai watashi wa neko wo kaburu","value":"nakitai%20watashi%20wa%20neko%20wo%20kaburu"},{"id":5777645,"title":"это full hd отвечаю","value":"%D1%8D%D1%82%D0%BE%20full%20hd%20%D0%BE%D1%82%D0%B2%D0%B5%D1%87%D0%B0%D1%8E"}],"categories":[{"id":36,"title":"Anime","permalink":"anime","subscriptions_count":10078018,"big_image_url":"https://coub-anubis-a.akamaized.net/coub_storage/category/cw_image/79d6e4a3e73/c0b7416c30391c998a2ac/big_1544750217_Anime2.png","small_image_url":"https://coub-anubis-a.akamaized.net/coub_storage/category/cw_image/79d6e4a3e73/c0b7416c30391c998a2ac/small_1544750217_Anime2.png","med_image_url":"https://coub-anubis-a.akamaized.net/coub_storage/category/cw_image/79d6e4a3e73/c0b7416c30391c998a2ac/med_1544750217_Anime2.png","visible":true}],"communities":[{"id":36,"title":"Anime","permalink":"anime","subscriptions_count":10078018,"big_image_url":"https://coub-anubis-a.akamaized.net/coub_storage/category/cw_image/79d6e4a3e73/c0b7416c30391c998a2ac/big_1544750217_Anime2.png","small_image_url":"https://coub-anubis-a.akamaized.net/coub_storage/category/cw_image/79d6e4a3e73/c0b7416c30391c998a2ac/small_1544750217_Anime2.png","med_image_url":"https://coub-anubis-a.akamaized.net/coub_storage/category/cw_image/79d6e4a3e73/c0b7416c30391c998a2ac/med_1544750217_Anime2.png","i_subscribed":true,"community_notifications_enabled":null,"description":null}],"recoubs_count":764,"remixes_count":9,"likes_count":3505,"dislikes_count":0,"raw_video_id":15443384,"uploaded_by_ios_app":false,"uploaded_by_android_app":false,"media_blocks":{"uploaded_raw_videos":[],"external_raw_videos":[],"remixed_from_coubs":[]},"raw_video_thumbnail_url":"/missing/missing.png","raw_video_title":"____________.mp4","video_block_banned":false,"duration":10.0,"promo_winner":false,"promo_winner_recoubers":null,"editorial_info":{},"promo_hint":null,"beeline_best_2014":null,"from_web_editor":true,"normalize_sound":false,"normalize_change_allowed":true,"best2015_addable":false,"ahmad_promo":null,"promo_data":null,"audio_copyright_claim":null,"ads_disabled":false,"is_safe_for_ads":true,"megafon_contents":[],"position_on_page":9},{"flag":null,"abuses":null,"recoubs_by_users_channels":null,"favourite":false,"promoted_id":null,"recoub":null,"like":null,"dislike":null,"reaction":null,"in_my_best2015":false,"id":121059070,"type":"Coub::Simple","permalink":"1zo35q","title":"Нинада превышать скорость","visibility_type":"public","original_visibility_type":"public","channel_id":4279318,"created_at":"2019-08-16T17:45:21Z","updated_at":"2022-03-18T08:27:48Z","is_done":true,"views_count":196477,"cotd":null,"cotd_at":null,"visible_on_explore_root":false,"visible_on_explore":false,"featured":false,"published":true,"published_at":"2019-08-16T17:45:21Z","reversed":false,"from_editor_v2":true,"is_editable":true,"original_sound":true,"has_sound":true,"recoub_to":null,"file_versions":{"html5":{"video":{"higher":{"url":"https://coub-anubis-a.akamaized.net/coub_storage/coub/simple/cw_file/3cf03246c20/e2fe81419904a35e02f3e/muted_mp4_huge_size_1569137478_muted_huge.mp4","size":3936680},"high":{"url":"https://coub-anubis-a.akamaized.net/coub_storage/coub/simple/cw_file/3cf03246c20/e2fe81419904a35e02f3e/muted_mp4_big_size_1569137478_muted_big.mp4","size":2935451},"med":{"url":"https://coub-anubis-a.akamaized.net/coub_storage/coub/simple/cw_file/3cf03246c20/e2fe81419904a35e02f3e/muted_mp4_med_size_1569137478_muted_med.mp4","size":997226}},"audio":{"high":{"url":"https://coub-anubis-a.akamaized.net/coub_storage/coub/simple/cw_looped_audio_high/7ccd19fe386/ccaeb1c5504c588be31a7/1605686274_high_1565977652_high.mp3","size":898507},"med":{"url":"https://coub-anubis-a.akamaized.net/coub_storage/coub/simple/cw_looped_audio_med/84dd938dba8/f8b79299de53423c02920/1605686273_med_1565977652_med.mp3","size":885760},"sample_duration":9.241}},"mobile":{"video":"https://coub-anubis-a.akamaized.net/coub_storage/coub/simple/cw_file/3cf03246c20/e2fe81419904a35e02f3e/muted_mp4_med_size_1569137478_muted_med.mp4","audio":["https://coub-anubis-a.akamaized.net/coub_storage/coub/simple/cw_looped_audio_med/84dd938dba8/f8b79299de53423c02920/1605686273_med_1565977652_med.mp3"]},"share":{"default":"https://coub-anubis-a.akamaized.net/coub_storage/coub/simple/cw_video_for_sharing/2505366e4a4/23d8f7c4f40c893e22529/1608575482_looped_1608575481.mp4"}},"audio_versions":{},"image_versions":{"template":"https://coub-anubis-a.akamaized.net/coub_storage/coub/simple/cw_image/65265d4e4ec/79c7d6986130d2cf0d64f/1565977661_00029.jpg","versions":["micro","tiny","age_restricted","ios_large","ios_mosaic","big","med","small","pinterest"]},"first_frame_versions":{"template":"https://coub-anubis-a.akamaized.net/coub_storage/coub/simple/cw_timeline_pic/aa791bce583/956dba57a65b8763e4346/1565977660_image.jpg","versions":["big","med","small","ios_large"]},"dimensions":{"big":[1280,720],"med":[640,360]},"site_w_h":[640,360],"page_w_h":[640,360],"site_w_h_small":[310,174],"size":[1280,720],"age_restricted":false,"age_restricted_by_admin":false,"not_safe_for_work":false,"allow_reuse":false,"dont_crop":false,"banned":false,"global_safe":false,"audio_file_url":null,"external_download":{"type":"Youtube","service_name":"YouTube","url":"https://www.youtube.com/watch?v=ekj8L9PjaoM&t=13s","has_embed":true},"application":null,"channel":{"id":4279318,"permalink":"maximus296","title":"MAXIMUS","description":"Всем добра и позитива!)","followers_count":338,"following_count":13,"avatar_versions":{"template":"https://coub-anubis-a.akamaized.net/coub_storage/channel/cw_avatar/767262a8fe1/bb41e2bd55f12c300b6cd/%{version}_1607706768_1qww1j8_1563647323________00001.png","versions":["medium","medium_2x","profile_pic","profile_pic_new","profile_pic_new_2x","tiny","tiny_2x","small","small_2x","ios_large","ios_small"]}},"file":null,"picture":"https://coub-anubis-a.akamaized.net/coub_storage/coub/simple/cw_image/65265d4e4ec/79c7d6986130d2cf0d64f/1565977661_00029.jpg","timeline_picture":"https://coub-anubis-a.akamaized.net/coub_storage/coub/simple/cw_timeline_pic/aa791bce583/956dba57a65b8763e4346/1565977660_image.jpg","small_picture":"https://coub-anubis-a.akamaized.net/coub_storage/coub/simple/cw_image/65265d4e4ec/79c7d6986130d2cf0d64f/1565977661_00029.jpg","sharing_picture":null,"percent_done":100,"tags":[{"id":882,"title":"прикол","value":"%D0%BF%D1%80%D0%B8%D0%BA%D0%BE%D0%BB"},{"id":4480,"title":"приколы","value":"%D0%BF%D1%80%D0%B8%D0%BA%D0%BE%D0%BB%D1%8B"},{"id":6249,"title":"мем","value":"%D0%BC%D0%B5%D0%BC"},{"id":22887,"title":"мемы","value":"%D0%BC%D0%B5%D0%BC%D1%8B"},{"id":1437,"title":"юмор","value":"%D1%8E%D0%BC%D0%BE%D1%80"},{"id":1426,"title":"ржака","value":"%D1%80%D0%B6%D0%B0%D0%BA%D0%B0"},{"id":1603,"title":"ржач","value":"%D1%80%D0%B6%D0%B0%D1%87"},{"id":16124,"title":"ржачно","value":"%D1%80%D0%B6%D0%B0%D1%87%D0%BD%D0%BE"},{"id":2395,"title":"порно","value":"%D0%BF%D0%BE%D1%80%D0%BD%D0%BE"},{"id":4728,"title":"секс","value":"%D1%81%D0%B5%D0%BA%D1%81"},{"id":3266,"title":"porn","value":"porn"},{"id":1331,"title":"sex","value":"sex"},{"id":257922,"title":"2019","value":"2019"},{"id":917,"title":"18+","value":"18+"},{"id":1212,"title":"смешно","value":"%D1%81%D0%BC%D0%B5%D1%88%D0%BD%D0%BE"},{"id":5836,"title":"смешное","value":"%D1%81%D0%BC%D0%B5%D1%88%D0%BD%D0%BE%D0%B5"},{"id":4599791,"title":"онгоинг 2019","value":"%D0%BE%D0%BD%D0%B3%D0%BE%D0%B8%D0%BD%D0%B3%202019"},{"id":5013712,"title":"пламенная бригада пожарных","value":"%D0%BF%D0%BB%D0%B0%D0%BC%D0%B5%D0%BD%D0%BD%D0%B0%D1%8F%20%D0%B1%D1%80%D0%B8%D0%B3%D0%B0%D0%B4%D0%B0%20%D0%BF%D0%BE%D0%B6%D0%B0%D1%80%D0%BD%D1%8B%D1%85"}],"categories":[{"id":36,"title":"Anime","permalink":"anime","subscriptions_count":10078018,"big_image_url":"https://coub-anubis-a.akamaized.net/coub_storage/category/cw_image/79d6e4a3e73/c0b7416c30391c998a2ac/big_1544750217_Anime2.png","small_image_url":"https://coub-anubis-a.akamaized.net/coub_storage/category/cw_image/79d6e4a3e73/c0b7416c30391c998a2ac/small_1544750217_Anime2.png","med_image_url":"https://coub-anubis-a.akamaized.net/coub_storage/category/cw_image/79d6e4a3e73/c0b7416c30391c998a2ac/med_1544750217_Anime2.png","visible":true}],"communities":[{"id":36,"title":"Anime","permalink":"anime","subscriptions_count":10078018,"big_image_url":"https://coub-anubis-a.akamaized.net/coub_storage/category/cw_image/79d6e4a3e73/c0b7416c30391c998a2ac/big_1544750217_Anime2.png","small_image_url":"https://coub-anubis-a.akamaized.net/coub_storage/category/cw_image/79d6e4a3e73/c0b7416c30391c998a2ac/small_1544750217_Anime2.png","med_image_url":"https://coub-anubis-a.akamaized.net/coub_storage/category/cw_image/79d6e4a3e73/c0b7416c30391c998a2ac/med_1544750217_Anime2.png","i_subscribed":true,"community_notifications_enabled":null,"description":null}],"recoubs_count":851,"remixes_count":0,"likes_count":3505,"dislikes_count":0,"raw_video_id":14109597,"uploaded_by_ios_app":false,"uploaded_by_android_app":false,"media_blocks":{"uploaded_raw_videos":[],"external_raw_videos":[{"id":32916503,"title":"АНИМЕ ПРИКОЛЫ #11 ПУТИН В АНИМЕ?! 700 СЕКУНД СМЕХА! ТЕСТ НА ПСИХИКУ! ЗАСМЕЯЛСЯ ПРОИГРАЛ!","url":"https://www.youtube.com/watch?v=ekj8L9PjaoM","image":"https://coub-anubis-a.akamaized.net/coub_storage/media_block/cw_image/fa6b310a9ba/18faedce6b1bfe8bdfc4b/1565971340_1uoktd_1565971168_w0rvba_att-url-download.jpg","image_retina":"https://coub-anubis-a.akamaized.net/coub_storage/media_block/cw_image/fa6b310a9ba/18faedce6b1bfe8bdfc4b/1565971340_1uoktd_1565971168_w0rvba_att-url-download.jpg","meta":{"service":"Youtube","duration":"700.24"},"duration":700.24,"raw_video_id":14109597,"has_embed":true}],"remixed_from_coubs":[],"external_video":{"id":32916503,"title":"АНИМЕ ПРИКОЛЫ #11 ПУТИН В АНИМЕ?! 700 СЕКУНД СМЕХА! ТЕСТ НА ПСИХИКУ! ЗАСМЕЯЛСЯ ПРОИГРАЛ!","url":"https://www.youtube.com/watch?v=ekj8L9PjaoM","image":"https://coub-anubis-a.akamaized.net/coub_storage/media_block/cw_image/fa6b310a9ba/18faedce6b1bfe8bdfc4b/1565971340_1uoktd_1565971168_w0rvba_att-url-download.jpg","image_retina":"https://coub-anubis-a.akamaized.net/coub_storage/media_block/cw_image/fa6b310a9ba/18faedce6b1bfe8bdfc4b/1565971340_1uoktd_1565971168_w0rvba_att-url-download.jpg","meta":{"service":"Youtube","duration":"700.24"},"duration":700.24,"raw_video_id":14109597,"has_embed":true}},"raw_video_thumbnail_url":"/missing/missing.png","raw_video_title":"АНИМЕ ПРИКОЛЫ #11 ПУТИН В АНИМЕ?! 700 СЕКУНД СМЕХА! ТЕСТ НА ПСИХИКУ! ЗАСМЕЯЛСЯ ПРОИГРАЛ!","video_block_banned":false,"duration":9.24,"promo_winner":false,"promo_winner_recoubers":null,"editorial_info":{},"promo_hint":null,"beeline_best_2014":null,"from_web_editor":true,"normalize_sound":true,"normalize_change_allowed":true,"best2015_addable":false,"ahmad_promo":null,"promo_data":null,"audio_copyright_claim":null,"ads_disabled":false,"is_safe_for_ads":true,"megafon_contents":[],"position_on_page":10}]}