{"page":87,"per_page":10,"total_pages":500,"coubs":[{"flag":null,"abuses":null,"recoubs_by_users_channels":null,"favourite":false,"promoted_id":null,"recoub":null,"like":null,"dislike":null,"reaction":null,"in_my_best2015":false,"id":110542093,"type":"Coub::Simple","permalink":"1teo53","title":"BioShock || The Riddle (Radio Edit)","visibility_type":"public","original_visibility_type":"public","channel_id":4714419,"created_at":"2019-05-01T11:13:21Z","updated_at":"2022-03-09T11:01:16Z","is_done":true,"views_count":267291,"cotd":null,"cotd_at":null,"visible_on_explore_root":false,"visible_on_explore":false,"featured":false,"published":true,"published_at":"2019-05-01T11:13:21Z","reversed":false,"from_editor_v2":true,"is_editable":true,"original_sound":false,"has_sound":false,"recoub_to":null,"file_versions":{"html5":{"video":{"higher":{"url":"https://coub-anubis-a.akamaized.net/coub_storage/coub/simple/cw_file/e091ff30da9/ec8e8c7df1d5d6bd7fd9a/muted_mp4_huge_size_1569795972_muted_huge.mp4","size":618067},"high":{"url":"https://coub-anubis-a.akamaized.net/coub_storage/coub/simple/cw_file/e091ff30da9/ec8e8c7df1d5d6bd7fd9a/muted_mp4_big_size_1569795972_muted_big.mp4","size":467101},"med":{"url":"https://coub-anubis-a.akamaized.net/coub_storage/coub/simple/cw_file/e091ff30da9/ec8e8c7df1d5d6bd7fd9a/muted_mp4_med_size_1569795972_muted_med.mp4","size":173337}},"audio":{"high":{"url":"https://coub-anubis-a.akamaized.net/coub_storage/coub/simple/cw_looped_audio_high/0e43ae42a7a/92a7768133c495bfcbb22/1605675907_high_1556709228_high.mp3","size":2150217},"med":{"url":"https://coub-anubis-a.akamaized.net/coub_storage/coub/simple/cw_looped_audio_med/8d0427e7d6a/5e906bcec7514591ea68c/1605675906_med_1556709228_med.mp3","size":1851785}}},"mobile":{"video":"https://coub-anubis-a.akamaized.net/coub_storage/coub/simple/cw_file/e091ff30da9/ec8e8c7df1d5d6bd7fd9a/muted_mp4_med_size_1569795972_muted_med.mp4","audio":["https://coub-anubis-a.akamaized.net/coub_storage/coub/simple/cw_looped_audio_med/8d0427e7d6a/5e906bcec7514591ea68c/1605675906_med_1556709228_med.mp3"]},"share":{"default":"https://coub-anubis-a.akamaized.net/coub_storage/coub/simple/cw_video_for_sharing/6296797bc0f/abdcc8b16aa50d438fa9c/1608455647_looped_1608455647.mp4"}},"audio_versions":{"template":"https://coub-anubis-a.akamaized.net/coub_storage/audio_track/cw_normalized_copy/6112c7fbada/f4ff66ad56c80aedc1b74/mid_1556709220_normalized_1556709208_k5xqci_edited.mp3","versions":["mid","low"]},"image_versions":{"template":"https://coub-anubis-a.akamaized.net/coub_storage/coub/simple/cw_image/23ee91092c9/9dccf239e80c2719b28d6/1556709235_00013.jpg","versions":["micro","tiny","age_restricted","ios_large","ios_mosaic","big","med","small","pinterest"]},"first_frame_versions":{"template":"https://coub-anubis-a.akamaized.net/coub_storage/coub/simple/cw_timeline_pic/c60708e263c/615a7d7855ce6ec77cd0e/%{version}_1556709235_image.jpg","versions":["big","med","small","ios_large"]},"dimensions":{"big":[1280,720],"med":[640,360]},"site_w_h":[640,360],"page_w_h":[640,360],"site_w_h_small":[310,174],"size":[1280,720],"age_restricted":false,"age_restricted_by_admin":false,"not_safe_for_work":false,"allow_reuse":false,"dont_crop":false,"banned":false,"global_safe":true,"audio_file_url":"https://coub-anubis-a.akamaized.net/coub_storage/audio_track/cw_normalized_copy/6112c7fbada/f4ff66ad56c80aedc1b74/low_1556709220_normalized_1556709208_k5xqci_edited.mp3","external_download":false,"application":null,"channel":{"id":4714419,"permalink":"vectorpro","title":"VectorPro","description":"anime and videogame coub","followers_count":210,"following_count":7,"avatar_versions":{"template":"https://coub-anubis-a.akamaized.net/coub_storage/channel/cw_avatar/5549e206250/ebc40d5fdc79bd41b42c5/%{version}_1607702838_16ecv5u_1549102576_1468336471198242751.png","versions":["medium","medium_2x","profile_pic","profile_pic_new","profile_pic_new_2x","tiny","tiny_2x","small","small_2x","ios_large","ios_small"]}},"file":null,"picture":"https://coub-anubis-a.akamaized.net/coub_storage/coub/simple/cw_image/23ee91092c9/9dccf239e80c2719b28d6/1556709235_00013.jpg","timeline_picture":"https://coub-anubis-a.akamaized.net/coub_storage/coub/simple/cw_timeline_pic/c60708e263c/615a7d7855ce6ec77cd0e/ios_large_1556709235_image.jpg","small_picture":"https://coub-anubis-a.akamaized.net/coub_storage/coub/simple/cw_image/23ee91092c9/9dccf239e80c2719b28d6/1556709235_00013.jpg","sharing_picture":null,"percent_done":100,"tags":[{"id":3276,"title":"bioshock","value":"bioshock"},{"id":9967,"title":"video game","value":"video%20game"},{"id":1140,"title":"game","value":"game"},{"id":1787011,"title":"bioshock series","value":"bioshock%20series"},{"id":2599774,"title":"bioshock game","value":"bioshock%20game"},{"id":21188,"title":"bioshock infinite","value":"bioshock%20infinite"},{"id":4967,"title":"bioshockinfinite","value":"bioshockinfinite"},{"id":388236,"title":"bioshock elizabeth","value":"bioshock%20elizabeth"},{"id":10621,"title":"elizabeth","value":"elizabeth"},{"id":342345,"title":"bioshock 2","value":"bioshock%202"},{"id":302844,"title":"биошок","value":"%D0%B1%D0%B8%D0%BE%D1%88%D0%BE%D0%BA"},{"id":302845,"title":"биошок инфинит","value":"%D0%B1%D0%B8%D0%BE%D1%88%D0%BE%D0%BA%20%D0%B8%D0%BD%D1%84%D0%B8%D0%BD%D0%B8%D1%82"},{"id":108147,"title":"видеоигры","value":"%D0%B2%D0%B8%D0%B4%D0%B5%D0%BE%D0%B8%D0%B3%D1%80%D1%8B"},{"id":3175,"title":"игры","value":"%D0%B8%D0%B3%D1%80%D1%8B"},{"id":22887,"title":"мемы","value":"%D0%BC%D0%B5%D0%BC%D1%8B"},{"id":50,"title":"coub","value":"coub"},{"id":3219034,"title":"videogame coub","value":"videogame%20coub"},{"id":182185,"title":"game coub","value":"game%20coub"},{"id":4900604,"title":"the riddle (radio edit)","value":"the%20riddle%20(radio%20edit)"},{"id":3984586,"title":"the riddle prezioso & marvin","value":"the%20riddle%20prezioso%20&%20marvin"},{"id":86,"title":"music","value":"music"}],"categories":[{"id":17,"title":"Gaming","permalink":"gaming","subscriptions_count":10089456,"big_image_url":"https://coub-anubis-a.akamaized.net/coub_storage/category/cw_image/49fb773a80c/efee899b14f85527ed209/big_1544749693_gaming2.png","small_image_url":"https://coub-anubis-a.akamaized.net/coub_storage/category/cw_image/49fb773a80c/efee899b14f85527ed209/small_1544749693_gaming2.png","med_image_url":"https://coub-anubis-a.akamaized.net/coub_storage/category/cw_image/49fb773a80c/efee899b14f85527ed209/med_1544749693_gaming2.png","visible":true}],"communities":[{"id":17,"title":"Gaming","permalink":"gaming","subscriptions_count":10089456,"big_image_url":"https://coub-anubis-a.akamaized.net/coub_storage/category/cw_image/49fb773a80c/efee899b14f85527ed209/big_1544749693_gaming2.png","small_image_url":"https://coub-anubis-a.akamaized.net/coub_storage/category/cw_image/49fb773a80c/efee899b14f85527ed209/small_1544749693_gaming2.png","med_image_url":"https://coub-anubis-a.akamaized.net/coub_storage/category/cw_image/49fb773a80c/efee899b14f85527ed209/med_1544749693_gaming2.png","i_subscribed":true,"community_notifications_enabled":null,"description":null}],"recoubs_count":804,"remixes_count":5,"likes_count":4156,"dislikes_count":0,"raw_video_id":13633377,"uploaded_by_ios_app":false,"uploaded_by_android_app":false,"media_blocks":{"uploaded_raw_videos":[],"external_raw_videos":[],"remixed_from_coubs":[]},"raw_video_thumbnail_url":"/missing/missing.png","raw_video_title":"123.mp4","video_block_banned":false,"duration":4.0,"promo_winner":false,"promo_winner_recoubers":null,"editorial_info":{},"promo_hint":null,"beeline_best_2014":null,"from_web_editor":true,"normalize_sound":true,"normalize_change_allowed":true,"best2015_addable":false,"ahmad_promo":null,"promo_data":null,"audio_copyright_claim":null,"ads_disabled":false,"is_safe_for_ads":true,"megafon_contents":[],"position_on_page":1},{"flag":null,"abuses":null,"recoubs_by_users_channels":null,"favourite":false,"promoted_id":null,"recoub":null,"like":null,"dislike":null,"reaction":null,"in_my_best2015":false,"id":101520659,"type":"Coub::Simple","permalink":"1o1b45","title":"Brotherhood","visibility_type":"public","original_visibility_type":"public","channel_id":5263142,"created_at":"2019-02-11T12:54:26Z","updated_at":"2022-03-16T08:49:45Z","is_done":true,"views_count":241396,"cotd":null,"cotd_at":null,"visible_on_explore_root":false,"visible_on_explore":false,"featured":false,"published":true,"published_at":"2019-02-11T12:54:25Z","reversed":false,"from_editor_v2":true,"is_editable":true,"original_sound":false,"has_sound":false,"recoub_to":null,"file_versions":{"html5":{"video":{"higher":{"url":"https://coub-anubis-a.akamaized.net/coub_storage/coub/simple/cw_file/c4a9d7cfccb/677dfca293c6754424c0a/muted_mp4_huge_size_1570288159_muted_huge.mp4","size":4470053},"high":{"url":"https://coub-anubis-a.akamaized.net/coub_storage/coub/simple/cw_file/c4a9d7cfccb/677dfca293c6754424c0a/muted_mp4_big_size_1570288159_muted_big.mp4","size":3220002},"med":{"url":"https://coub-anubis-a.akamaized.net/coub_storage/coub/simple/cw_file/c4a9d7cfccb/677dfca293c6754424c0a/muted_mp4_med_size_1570288159_muted_med.mp4","size":1196119}},"audio":{"high":{"url":"https://coub-anubis-a.akamaized.net/coub_storage/coub/simple/cw_looped_audio_high/5112fb6d425/2a660ea424fce5193ed06/1605671946_high_1549889763_high.mp3","size":1231031},"med":{"url":"https://coub-anubis-a.akamaized.net/coub_storage/coub/simple/cw_looped_audio_med/56ac685e6f4/79e954b506dae3081169e/1605671946_med_1549889763_med.mp3","size":929910}}},"mobile":{"video":"https://coub-anubis-a.akamaized.net/coub_storage/coub/simple/cw_file/c4a9d7cfccb/677dfca293c6754424c0a/muted_mp4_med_size_1570288159_muted_med.mp4","audio":["https://coub-anubis-a.akamaized.net/coub_storage/coub/simple/cw_looped_audio_med/56ac685e6f4/79e954b506dae3081169e/1605671946_med_1549889763_med.mp3"]},"share":{"default":"https://coub-anubis-a.akamaized.net/coub_storage/coub/simple/cw_video_for_sharing/80abb9af9e6/e3e27bb73b8d186cb404d/1614382814_looped_1614382813.mp4"}},"audio_versions":{"template":"https://coub-anubis-a.akamaized.net/coub_storage/audio_track/cw_normalized_copy/e34bd08b09f/5e4698d4293e3ec0b004d/mid_1549889760_normalized_1549889757_45qdlf_edited.mp3","versions":["mid","low"]},"image_versions":{"template":"https://coub-anubis-a.akamaized.net/coub_storage/coub/simple/cw_image/0eaac215566/98aa88d27db95e077fd85/1549889770_00024.jpg","versions":["micro","tiny","age_restricted","ios_large","ios_mosaic","big","med","small","pinterest"]},"first_frame_versions":{"template":"https://coub-anubis-a.akamaized.net/coub_storage/coub/simple/cw_timeline_pic/635f10bd849/4bb873dd94d3f22e5a150/%{version}_1549889769_image.jpg","versions":["big","med","small","ios_large"]},"dimensions":{"big":[1280,800],"med":[640,400]},"site_w_h":[640,400],"page_w_h":[640,400],"site_w_h_small":[310,194],"size":[1280,800],"age_restricted":false,"age_restricted_by_admin":false,"not_safe_for_work":false,"allow_reuse":false,"dont_crop":false,"banned":false,"global_safe":true,"audio_file_url":"https://coub-anubis-a.akamaized.net/coub_storage/audio_track/cw_normalized_copy/e34bd08b09f/5e4698d4293e3ec0b004d/low_1549889760_normalized_1549889757_45qdlf_edited.mp3","external_download":{"type":"Youtube","service_name":"YouTube","url":"https://www.youtube.com/watch?v=zzNs4-kRLaE","has_embed":true},"application":null,"channel":{"id":5263142,"permalink":"yodamatthew","title":"yodamatthew","description":"yesssirrrrrr","followers_count":257,"following_count":0,"avatar_versions":{"template":"https://coub-anubis-a.akamaized.net/coub_storage/channel/cw_avatar/ea9d052de7f/375ef9c731a72eb30c2fb/%{version}_1607421432_zor0z4_1556151582_58.jpg","versions":["medium","medium_2x","profile_pic","profile_pic_new","profile_pic_new_2x","tiny","tiny_2x","small","small_2x","ios_large","ios_small"]}},"file":null,"picture":"https://coub-anubis-a.akamaized.net/coub_storage/coub/simple/cw_image/0eaac215566/98aa88d27db95e077fd85/1549889770_00024.jpg","timeline_picture":"https://coub-anubis-a.akamaized.net/coub_storage/coub/simple/cw_timeline_pic/635f10bd849/4bb873dd94d3f22e5a150/ios_large_1549889769_image.jpg","small_picture":"https://coub-anubis-a.akamaized.net/coub_storage/coub/simple/cw_image/0eaac215566/98aa88d27db95e077fd85/1549889770_00024.jpg","sharing_picture":null,"percent_done":100,"tags":[{"id":939274,"title":"assassin’s creed syndicate","value":"assassin%E2%80%99s%20creed%20syndicate"},{"id":1902407,"title":"assassin’s creed syndicate trailer","value":"assassin%E2%80%99s%20creed%20syndicate%20trailer"},{"id":4680483,"title":"assassin’s creed syndicate tips","value":"assassin%E2%80%99s%20creed%20syndicate%20tips"},{"id":8538,"title":"ps4","value":"ps4"},{"id":28637,"title":"xbox one","value":"xbox%20one"},{"id":57175,"title":"pc games","value":"pc%20games"},{"id":55081,"title":"ubisoft","value":"ubisoft"},{"id":3046757,"title":"ubisoft games","value":"ubisoft%20games"},{"id":3046753,"title":"ubisoft games 2017","value":"ubisoft%20games%202017"},{"id":73124,"title":"release date","value":"release%20date"},{"id":13169,"title":"walkthrough","value":"walkthrough"},{"id":94574,"title":"cinematic trailer","value":"cinematic%20trailer"},{"id":4680484,"title":"assassin’s creed syndicate gameplay","value":"assassin%E2%80%99s%20creed%20syndicate%20gameplay"},{"id":10006,"title":"gameplay","value":"gameplay"},{"id":58706,"title":"single player","value":"single%20player"},{"id":37925,"title":"playstation 4","value":"playstation%204"},{"id":1045696,"title":"open world game","value":"open%20world%20game"},{"id":13348,"title":"stealth","value":"stealth"},{"id":4153,"title":"adventure","value":"adventure"},{"id":3900,"title":"action","value":"action"},{"id":2642,"title":"parkour","value":"parkour"},{"id":937196,"title":"jacob frye","value":"jacob%20frye"},{"id":1048053,"title":"evie frye","value":"evie%20frye"},{"id":1352,"title":"london","value":"london"},{"id":90806,"title":"victorian","value":"victorian"},{"id":4636375,"title":"assassin’s creed 4 black flag","value":"assassin%E2%80%99s%20creed%204%20black%20flag"},{"id":4636376,"title":"assassin’s creed 4 black flag trailer","value":"assassin%E2%80%99s%20creed%204%20black%20flag%20trailer"},{"id":4680485,"title":"assassin’s creed 4 black flag tips","value":"assassin%E2%80%99s%20creed%204%20black%20flag%20tips"},{"id":29310,"title":"wii u","value":"wii%20u"},{"id":4680486,"title":"assassin’s creed iv black flag gameplay","value":"assassin%E2%80%99s%20creed%20iv%20black%20flag%20gameplay"},{"id":16294,"title":"multiplayer","value":"multiplayer"},{"id":3424,"title":"black flag","value":"black%20flag"},{"id":10610,"title":"pirates","value":"pirates"},{"id":96669,"title":"edward kenway","value":"edward%20kenway"},{"id":274756,"title":"digic+assassin's+3danimation","value":"digic+assassin's+3danimation"},{"id":393006,"title":"assassin’s creed","value":"assassin%E2%80%99s%20creed"},{"id":393007,"title":"assassin’s creed unity","value":"assassin%E2%80%99s%20creed%20unity"},{"id":257868,"title":"ac unity","value":"ac%20unity"},{"id":257869,"title":"ac5","value":"ac5"},{"id":393008,"title":"assassin’s creed v","value":"assassin%E2%80%99s%20creed%20v"},{"id":257871,"title":"ac unity ps4","value":"ac%20unity%20ps4"},{"id":257872,"title":"assassin's creed unity ps4","value":"assassin's%20creed%20unity%20ps4"},{"id":257873,"title":"ac unity pc","value":"ac%20unity%20pc"},{"id":257874,"title":"assassin's creed unity pc","value":"assassin's%20creed%20unity%20pc"},{"id":257875,"title":"ac unity xboxone","value":"ac%20unity%20xboxone"},{"id":257876,"title":"assassin's creed unity xboxone","value":"assassin's%20creed%20unity%20xboxone"},{"id":393009,"title":"assassin’s creed trailer","value":"assassin%E2%80%99s%20creed%20trailer"},{"id":257878,"title":"ac5 trailer","value":"ac5%20trailer"},{"id":32773,"title":"new episode ac","value":"new%20episode%20ac"},{"id":393010,"title":"new episode assassin’s creed","value":"new%20episode%20assassin%E2%80%99s%20creed"},{"id":393011,"title":"assassin’s creed next gen","value":"assassin%E2%80%99s%20creed%20next%20gen"},{"id":257880,"title":"assassin game","value":"assassin%20game"},{"id":393012,"title":"assassin’s creed game.","value":"assassin%E2%80%99s%20creed%20game."},{"id":542166,"title":"assassin’s creed rogue","value":"assassin%E2%80%99s%20creed%20rogue"},{"id":585751,"title":"assassin’s creed rogue trailer","value":"assassin%E2%80%99s%20creed%20rogue%20trailer"},{"id":3599483,"title":"assassin’s creed tips","value":"assassin%E2%80%99s%20creed%20tips"},{"id":26135,"title":"xbox 360","value":"xbox%20360"},{"id":8537,"title":"ps3","value":"ps3"},{"id":585750,"title":"assassin’s creed rogue gameplay","value":"assassin%E2%80%99s%20creed%20rogue%20gameplay"},{"id":405323,"title":"shay patrick cormac","value":"shay%20patrick%20cormac"},{"id":2385804,"title":"seven years war","value":"seven%20years%20war"},{"id":3534322,"title":"assassin’s creed brotherhood","value":"assassin%E2%80%99s%20creed%20brotherhood"},{"id":3534323,"title":"assassin’s creed brotherhood trailer","value":"assassin%E2%80%99s%20creed%20brotherhood%20trailer"},{"id":3534324,"title":"assassin’s creed brotherhood tips","value":"assassin%E2%80%99s%20creed%20brotherhood%20tips"},{"id":3534325,"title":"assassin’s creed brotherhood gameplay","value":"assassin%E2%80%99s%20creed%20brotherhood%20gameplay"},{"id":227916,"title":"desmond miles","value":"desmond%20miles"},{"id":115899,"title":"ezio","value":"ezio"},{"id":8745,"title":"italy","value":"italy"},{"id":62066,"title":"rome","value":"rome"}],"categories":[{"id":17,"title":"Gaming","permalink":"gaming","subscriptions_count":10089456,"big_image_url":"https://coub-anubis-a.akamaized.net/coub_storage/category/cw_image/49fb773a80c/efee899b14f85527ed209/big_1544749693_gaming2.png","small_image_url":"https://coub-anubis-a.akamaized.net/coub_storage/category/cw_image/49fb773a80c/efee899b14f85527ed209/small_1544749693_gaming2.png","med_image_url":"https://coub-anubis-a.akamaized.net/coub_storage/category/cw_image/49fb773a80c/efee899b14f85527ed209/med_1544749693_gaming2.png","visible":true}],"communities":[{"id":17,"title":"Gaming","permalink":"gaming","subscriptions_count":10089456,"big_image_url":"https://coub-anubis-a.akamaized.net/coub_storage/category/cw_image/49fb773a80c/efee899b14f85527ed209/big_1544749693_gaming2.png","small_image_url":"https://coub-anubis-a.akamaized.net/coub_storage/category/cw_image/49fb773a80c/efee899b14f85527ed209/small_1544749693_gaming2.png","med_image_url":"https://coub-anubis-a.akamaized.net/coub_storage/category/cw_image/49fb773a80c/efee899b14f85527ed209/med_1544749693_gaming2.png","i_subscribed":true,"community_notifications_enabled":null,"description":null}],"recoubs_count":808,"remixes_count":11,"likes_count":4151,"dislikes_count":0,"raw_video_id":12255694,"uploaded_by_ios_app":false,"uploaded_by_android_app":false,"media_blocks":{"uploaded_raw_videos":[],"external_raw_videos":[{"id":27874748,"title":"Assassin's Creed Brotherhood: E3 Premiere | Trailer | Ubisoft [NA]","url":"https://www.youtube.com/watch?v=zzNs4-kRLaE","image":"https://coub-anubis-a.akamaized.net/coub_storage/media_block/cw_image/2d0cb8c06c4/71745740a7e93a15d7349/1535119938_1535119874_fnkctk_att-url-download.jpg","image_retina":"https://coub-anubis-a.akamaized.net/coub_storage/media_block/cw_image/2d0cb8c06c4/71745740a7e93a15d7349/1535119938_1535119874_fnkctk_att-url-download.jpg","meta":{"service":"Youtube","duration":"161.4"},"duration":161.4,"raw_video_id":12255694,"has_embed":true},{"id":30441956,"title":"Assassin’s Creed Rogue: Launch Trailer | Ubisoft [NA]","url":"https://www.youtube.com/watch?v=RDeyI31pG8A","image":"https://coub-anubis-a.akamaized.net/coub_storage/media_block/cw_image/10076461279/c9fdf332089d33f57a17a/1549888775_ir0yn9_1549888746_2s3236_att-url-download.jpg","image_retina":"https://coub-anubis-a.akamaized.net/coub_storage/media_block/cw_image/10076461279/c9fdf332089d33f57a17a/1549888775_ir0yn9_1549888746_2s3236_att-url-download.jpg","meta":{"service":"Youtube","duration":"120.8"},"duration":120.8,"raw_video_id":13198862,"has_embed":true},{"id":30441894,"title":"Assassin’s Creed Unity TV spot Trailer [UK]","url":"https://www.youtube.com/watch?v=3-2rOtF8kuI","image":"https://coub-anubis-a.akamaized.net/coub_storage/media_block/cw_image/886a59b2cf8/f5455969d3bbf179da321/1549888552_1jp1din_1549888533_dftp7l_att-url-download.jpg","image_retina":"https://coub-anubis-a.akamaized.net/coub_storage/media_block/cw_image/886a59b2cf8/f5455969d3bbf179da321/1549888552_1jp1din_1549888533_dftp7l_att-url-download.jpg","meta":{"service":"Youtube","duration":"74.56"},"duration":74.56,"raw_video_id":13198839,"has_embed":true},{"id":29376067,"title":"Assassin's Creed: Revelations - Official E3 Trailer","url":"https://www.youtube.com/watch?v=HMsbMK9Odoc","image":"https://coub-anubis-a.akamaized.net/coub_storage/media_block/cw_image/c021b110baf/0f32ae2a86b4d60013db1/1543855021_cespip_1543854988_zz2jrq_att-url-download.jpg","image_retina":"https://coub-anubis-a.akamaized.net/coub_storage/media_block/cw_image/c021b110baf/0f32ae2a86b4d60013db1/1543855021_cespip_1543854988_zz2jrq_att-url-download.jpg","meta":{"service":"Youtube","duration":"184.68"},"duration":184.68,"raw_video_id":12802490,"has_embed":true},{"id":30441687,"title":"Assassin's Creed IV Black Flag: Tattoo TV Spot | Ubisoft [NA]","url":"https://www.youtube.com/watch?v=tXA8q73QTRs","image":"https://coub-anubis-a.akamaized.net/coub_storage/media_block/cw_image/87f53355b42/d64a983c58f823b3d8716/1549887572_bunnpy_1549887539_1omjent_att-url-download.jpg","image_retina":"https://coub-anubis-a.akamaized.net/coub_storage/media_block/cw_image/87f53355b42/d64a983c58f823b3d8716/1549887572_bunnpy_1549887539_1omjent_att-url-download.jpg","meta":{"service":"Youtube","duration":"88.2"},"duration":88.2,"raw_video_id":13198752,"has_embed":true},{"id":30441564,"title":"Assassin’s Creed Syndicate: Cinematic TV Spot | Trailer | Ubisoft [NA]","url":"https://www.youtube.com/watch?v=TBnegQ4p0Ms","image":"https://coub-anubis-a.akamaized.net/coub_storage/media_block/cw_image/9862fb62b0c/a14af0208dc25412bcf18/1549886929_147zku4_1549886912_qsm7q_att-url-download.jpg","image_retina":"https://coub-anubis-a.akamaized.net/coub_storage/media_block/cw_image/9862fb62b0c/a14af0208dc25412bcf18/1549886929_147zku4_1549886912_qsm7q_att-url-download.jpg","meta":{"service":"Youtube","duration":"56.2"},"duration":56.2,"raw_video_id":13198705,"has_embed":true}],"remixed_from_coubs":[],"external_video":{"id":27874748,"title":"Assassin's Creed Brotherhood: E3 Premiere | Trailer | Ubisoft [NA]","url":"https://www.youtube.com/watch?v=zzNs4-kRLaE","image":"https://coub-anubis-a.akamaized.net/coub_storage/media_block/cw_image/2d0cb8c06c4/71745740a7e93a15d7349/1535119938_1535119874_fnkctk_att-url-download.jpg","image_retina":"https://coub-anubis-a.akamaized.net/coub_storage/media_block/cw_image/2d0cb8c06c4/71745740a7e93a15d7349/1535119938_1535119874_fnkctk_att-url-download.jpg","meta":{"service":"Youtube","duration":"161.4"},"duration":161.4,"raw_video_id":12255694,"has_embed":true}},"raw_video_thumbnail_url":"/missing/missing.png","raw_video_title":"Assassin's Creed Brotherhood: E3 Premiere | Trailer | Ubisoft [NA]","video_block_banned":false,"duration":7.64,"promo_winner":false,"promo_winner_recoubers":null,"editorial_info":{},"promo_hint":null,"beeline_best_2014":null,"from_web_editor":true,"normalize_sound":true,"normalize_change_allowed":true,"best2015_addable":false,"ahmad_promo":null,"promo_data":null,"audio_copyright_claim":null,"ads_disabled":false,"is_safe_for_ads":true,"megafon_contents":[],"position_on_page":2},{"flag":null,"abuses":null,"recoubs_by_users_channels":null,"favourite":false,"promoted_id":null,"recoub":null,"like":null,"dislike":null,"reaction":null,"in_my_best2015":false,"id":124735432,"type":"Coub::Simple","permalink":"21vbbj","title":"NICENICENICENICE","visibility_type":"public","original_visibility_type":"public","channel_id":227027,"created_at":"2019-09-26T22:17:24Z","updated_at":"2022-03-16T10:01:23Z","is_done":true,"views_count":277538,"cotd":null,"cotd_at":null,"visible_on_explore_root":false,"visible_on_explore":false,"featured":false,"published":true,"published_at":"2019-09-26T22:17:24Z","reversed":false,"from_editor_v2":true,"is_editable":true,"original_sound":true,"has_sound":true,"recoub_to":null,"file_versions":{"html5":{"video":{"higher":{"url":"https://coub-anubis-a.akamaized.net/coub_storage/coub/simple/cw_file/e2f4cdaa67c/402e1bc1775f4f49821ca/muted_mp4_huge_size_1569536479_muted_huge.mp4","size":3923216},"high":{"url":"https://coub-anubis-a.akamaized.net/coub_storage/coub/simple/cw_file/e2f4cdaa67c/402e1bc1775f4f49821ca/muted_mp4_big_size_1569536479_muted_big.mp4","size":3281188},"med":{"url":"https://coub-anubis-a.akamaized.net/coub_storage/coub/simple/cw_file/e2f4cdaa67c/402e1bc1775f4f49821ca/muted_mp4_med_size_1569536479_muted_med.mp4","size":943824}},"audio":{"high":{"url":"https://coub-anubis-a.akamaized.net/coub_storage/coub/simple/cw_looped_audio_high/c6aad5bbafa/7efbc155acf16a7b03996/1605691528_high_1569536480_high.mp3","size":1092134},"med":{"url":"https://coub-anubis-a.akamaized.net/coub_storage/coub/simple/cw_looped_audio_med/88a9b1bba8a/b8e643e16b505b53823ad/1605691528_med_1569536480_med.mp3","size":799076},"sample_duration":10.008}},"mobile":{"video":"https://coub-anubis-a.akamaized.net/coub_storage/coub/simple/cw_file/e2f4cdaa67c/402e1bc1775f4f49821ca/muted_mp4_med_size_1569536479_muted_med.mp4","audio":["https://coub-anubis-a.akamaized.net/coub_storage/coub/simple/cw_looped_audio_med/88a9b1bba8a/b8e643e16b505b53823ad/1605691528_med_1569536480_med.mp3"]},"share":{"default":"https://coub-anubis-a.akamaized.net/coub_storage/coub/simple/cw_video_for_sharing/5f9cd5a3313/c39ec7edcd2aa477773a2/1609719382_looped_1609719379.mp4"}},"audio_versions":{},"image_versions":{"template":"https://coub-anubis-a.akamaized.net/coub_storage/coub/simple/cw_image/7c5a5e745b2/9affd3178eaf057a8867e/1569536490_00032.jpg","versions":["micro","tiny","age_restricted","ios_large","ios_mosaic","big","med","small","pinterest"]},"first_frame_versions":{"template":"https://coub-anubis-a.akamaized.net/coub_storage/coub/simple/cw_timeline_pic/01801b5cdc8/f4afa6f5a7bc378dca69e/%{version}_1569536489_image.jpg","versions":["big","med","small","ios_large"]},"dimensions":{"big":[1280,720],"med":[640,360]},"site_w_h":[640,360],"page_w_h":[640,360],"site_w_h_small":[310,174],"size":[1280,720],"age_restricted":false,"age_restricted_by_admin":false,"not_safe_for_work":false,"allow_reuse":false,"dont_crop":false,"banned":false,"global_safe":true,"audio_file_url":null,"external_download":{"type":"Youtube","service_name":"YouTube","url":"https://www.youtube.com/watch?v=6bVRFN6p7M4","has_embed":true},"application":null,"channel":{"id":227027,"permalink":"arxangel21","title":"Arxangel21","description":null,"followers_count":65,"following_count":2,"avatar_versions":{"template":"https://coub-anubis-a.akamaized.net/coub_storage/channel/cw_avatar/cfd57e3be97/98231001567014012b705/%{version}_1474494058_znh90i_att-url-download.jpg","versions":["medium","medium_2x","profile_pic","profile_pic_new","profile_pic_new_2x","tiny","tiny_2x","small","small_2x","ios_large","ios_small"]}},"file":null,"picture":"https://coub-anubis-a.akamaized.net/coub_storage/coub/simple/cw_image/7c5a5e745b2/9affd3178eaf057a8867e/1569536490_00032.jpg","timeline_picture":"https://coub-anubis-a.akamaized.net/coub_storage/coub/simple/cw_timeline_pic/01801b5cdc8/f4afa6f5a7bc378dca69e/ios_large_1569536489_image.jpg","small_picture":"https://coub-anubis-a.akamaized.net/coub_storage/coub/simple/cw_image/7c5a5e745b2/9affd3178eaf057a8867e/1569536490_00032.jpg","sharing_picture":null,"percent_done":100,"tags":[{"id":3195502,"title":"vrchat","value":"vrchat"},{"id":3389868,"title":"vr chat","value":"vr%20chat"},{"id":4701989,"title":"girls vrchat","value":"girls%20vrchat"},{"id":5216796,"title":"when girls play vrchat","value":"when%20girls%20play%20vrchat"},{"id":3705561,"title":"vrchat girls","value":"vrchat%20girls"},{"id":3649220,"title":"vrchat trap","value":"vrchat%20trap"},{"id":3558506,"title":"vrchat memes","value":"vrchat%20memes"},{"id":3675092,"title":"vrchat singing","value":"vrchat%20singing"},{"id":4775939,"title":"full body tracking vrchat","value":"full%20body%20tracking%20vrchat"},{"id":3389881,"title":"vrchat funny","value":"vrchat%20funny"},{"id":3389870,"title":"vrchat funny moments","value":"vrchat%20funny%20moments"},{"id":3603882,"title":"vrchat in a nutshell","value":"vrchat%20in%20a%20nutshell"},{"id":3538526,"title":"vrchat dancing","value":"vrchat%20dancing"},{"id":3389872,"title":"vrchat anime","value":"vrchat%20anime"},{"id":3425044,"title":"vrchat trolling","value":"vrchat%20trolling"},{"id":4775940,"title":"vrchat bully","value":"vrchat%20bully"},{"id":4775941,"title":"vrchat bullying","value":"vrchat%20bullying"},{"id":174,"title":"funny","value":"funny"},{"id":17565,"title":"funny moments","value":"funny%20moments"},{"id":24579,"title":"trolling","value":"trolling"},{"id":265,"title":"girls","value":"girls"},{"id":4447,"title":"moments","value":"moments"},{"id":18922,"title":"virtual","value":"virtual"},{"id":30211,"title":"virtual reality","value":"virtual%20reality"},{"id":8726,"title":"highlights","value":"highlights"},{"id":4055,"title":"compilation","value":"compilation"},{"id":3562150,"title":"social vr","value":"social%20vr"},{"id":3389880,"title":"vrchat comedy","value":"vrchat%20comedy"},{"id":2956029,"title":"vr fails","value":"vr%20fails"},{"id":1447539,"title":"vr fail","value":"vr%20fail"},{"id":3558505,"title":"vrchat fails","value":"vrchat%20fails"}],"categories":[{"id":17,"title":"Gaming","permalink":"gaming","subscriptions_count":10089456,"big_image_url":"https://coub-anubis-a.akamaized.net/coub_storage/category/cw_image/49fb773a80c/efee899b14f85527ed209/big_1544749693_gaming2.png","small_image_url":"https://coub-anubis-a.akamaized.net/coub_storage/category/cw_image/49fb773a80c/efee899b14f85527ed209/small_1544749693_gaming2.png","med_image_url":"https://coub-anubis-a.akamaized.net/coub_storage/category/cw_image/49fb773a80c/efee899b14f85527ed209/med_1544749693_gaming2.png","visible":true}],"communities":[{"id":17,"title":"Gaming","permalink":"gaming","subscriptions_count":10089456,"big_image_url":"https://coub-anubis-a.akamaized.net/coub_storage/category/cw_image/49fb773a80c/efee899b14f85527ed209/big_1544749693_gaming2.png","small_image_url":"https://coub-anubis-a.akamaized.net/coub_storage/category/cw_image/49fb773a80c/efee899b14f85527ed209/small_1544749693_gaming2.png","med_image_url":"https://coub-anubis-a.akamaized.net/coub_storage/category/cw_image/49fb773a80c/efee899b14f85527ed209/med_1544749693_gaming2.png","i_subscribed":true,"community_notifications_enabled":null,"description":null}],"recoubs_count":774,"remixes_count":1,"likes_count":4150,"dislikes_count":0,"raw_video_id":14245028,"uploaded_by_ios_app":false,"uploaded_by_android_app":false,"media_blocks":{"uploaded_raw_videos":[],"external_raw_videos":[{"id":33286239,"title":"So I Met the Cutest Girl in VRChat...","url":"https://www.youtube.com/watch?v=6bVRFN6p7M4","image":"https://coub-anubis-a.akamaized.net/coub_storage/media_block/cw_image/2d01704645f/88524b07e392f3f17cbd1/1568971481_1od72ne_1568971174_1xg3uwp_att-url-download.jpg","image_retina":"https://coub-anubis-a.akamaized.net/coub_storage/media_block/cw_image/2d01704645f/88524b07e392f3f17cbd1/1568971481_1od72ne_1568971174_1xg3uwp_att-url-download.jpg","meta":{"service":"Youtube","duration":"647.84"},"duration":647.84,"raw_video_id":14245028,"has_embed":true}],"remixed_from_coubs":[],"external_video":{"id":33286239,"title":"So I Met the Cutest Girl in VRChat...","url":"https://www.youtube.com/watch?v=6bVRFN6p7M4","image":"https://coub-anubis-a.akamaized.net/coub_storage/media_block/cw_image/2d01704645f/88524b07e392f3f17cbd1/1568971481_1od72ne_1568971174_1xg3uwp_att-url-download.jpg","image_retina":"https://coub-anubis-a.akamaized.net/coub_storage/media_block/cw_image/2d01704645f/88524b07e392f3f17cbd1/1568971481_1od72ne_1568971174_1xg3uwp_att-url-download.jpg","meta":{"service":"Youtube","duration":"647.84"},"duration":647.84,"raw_video_id":14245028,"has_embed":true}},"raw_video_thumbnail_url":"/missing/missing.png","raw_video_title":"So I Met the Cutest Girl in VRChat...","video_block_banned":false,"duration":10.0,"promo_winner":false,"promo_winner_recoubers":null,"editorial_info":{},"promo_hint":null,"beeline_best_2014":null,"from_web_editor":true,"normalize_sound":true,"normalize_change_allowed":true,"best2015_addable":false,"ahmad_promo":null,"promo_data":null,"audio_copyright_claim":null,"ads_disabled":false,"is_safe_for_ads":true,"megafon_contents":[],"position_on_page":3},{"flag":null,"abuses":null,"recoubs_by_users_channels":null,"favourite":false,"promoted_id":null,"recoub":null,"like":null,"dislike":null,"reaction":null,"in_my_best2015":false,"id":160819608,"type":"Coub::Simple","permalink":"2neg0o","title":"У настоящего ковбоя бутылка пива всегда под рукой","visibility_type":"public","original_visibility_type":"public","channel_id":1745810,"created_at":"2020-12-30T21:38:51Z","updated_at":"2022-03-16T09:57:15Z","is_done":true,"views_count":175693,"cotd":null,"cotd_at":null,"visible_on_explore_root":false,"visible_on_explore":false,"featured":false,"published":true,"published_at":"2020-12-30T21:38:51Z","reversed":false,"from_editor_v2":true,"is_editable":true,"original_sound":true,"has_sound":true,"recoub_to":null,"file_versions":{"html5":{"video":{"higher":{"url":"https://coub-anubis-a.akamaized.net/coub_storage/coub/simple/cw_file/2eaed782848/138fa645b4f9c2457d9b0/muted_mp4_huge_size_1609364485_muted_huge.mp4","size":2137811},"high":{"url":"https://coub-anubis-a.akamaized.net/coub_storage/coub/simple/cw_file/2eaed782848/138fa645b4f9c2457d9b0/muted_mp4_big_size_1609364485_muted_big.mp4","size":1524650},"med":{"url":"https://coub-anubis-a.akamaized.net/coub_storage/coub/simple/cw_file/2eaed782848/138fa645b4f9c2457d9b0/muted_mp4_med_size_1609364485_muted_med.mp4","size":450115}},"audio":{"high":{"url":"https://coub-anubis-a.akamaized.net/coub_storage/coub/simple/cw_looped_audio_high/a0b54958710/bdb6f696992f68727e0a4/1609364488_mp3-high.mp3","size":1127433},"med":{"url":"https://coub-anubis-a.akamaized.net/coub_storage/coub/simple/cw_looped_audio_med/df58778ca3d/f0d34327b115f5b08f415/1609364487_mp3-med.mp3","size":914585},"sample_duration":9.543}},"mobile":{"video":"https://coub-anubis-a.akamaized.net/coub_storage/coub/simple/cw_file/2eaed782848/138fa645b4f9c2457d9b0/muted_mp4_med_size_1609364485_muted_med.mp4","audio":["https://coub-anubis-a.akamaized.net/coub_storage/coub/simple/cw_looped_audio_med/df58778ca3d/f0d34327b115f5b08f415/1609364487_mp3-med.mp3"]},"share":{"default":"https://coub-anubis-a.akamaized.net/coub_storage/coub/simple/cw_video_for_sharing/2c2b42b53e8/7831f6e0060e68d297968/1609364522_looped_1609364521.mp4"}},"audio_versions":{},"image_versions":{"template":"https://coub-anubis-a.akamaized.net/coub_storage/coub/simple/cw_image/f946e7b6067/033b0e8cd56a39c8cef36/%{version}_1609364495_00030.jpg","versions":["micro","tiny","age_restricted","ios_large","ios_mosaic","big","med","small","pinterest"]},"first_frame_versions":{"template":"https://coub-anubis-a.akamaized.net/coub_storage/coub/simple/cw_timeline_pic/9f519ac1cc1/abd2ca8f71d4cb2bc2a1b/%{version}_1609364494_image.jpg","versions":["big","med","small","ios_large"]},"dimensions":{"big":[1280,720],"med":[640,360]},"site_w_h":[640,360],"page_w_h":[640,360],"site_w_h_small":[310,174],"size":[1280,720],"age_restricted":false,"age_restricted_by_admin":false,"not_safe_for_work":false,"allow_reuse":false,"dont_crop":true,"banned":false,"global_safe":null,"audio_file_url":null,"external_download":{"type":"Youtube","service_name":"YouTube","url":"https://www.youtube.com/watch?v=OfKRV5fRNiU&ab_channel=TheRudyGames","has_embed":true},"application":null,"channel":{"id":1745810,"permalink":"jack-vev","title":"Jack VEV","description":null,"followers_count":39,"following_count":6,"avatar_versions":{"template":"https://coub-anubis-a.akamaized.net/coub_storage/channel/cw_avatar/3c0b2e2a21b/da2aecc85297cd4c2c906/%{version}_1607420276_1wn2wvp_1474540731_104946643.jpg","versions":["medium","medium_2x","profile_pic","profile_pic_new","profile_pic_new_2x","tiny","tiny_2x","small","small_2x","ios_large","ios_small"]}},"file":null,"picture":"https://coub-anubis-a.akamaized.net/coub_storage/coub/simple/cw_image/f946e7b6067/033b0e8cd56a39c8cef36/med_1609364495_00030.jpg","timeline_picture":"https://coub-anubis-a.akamaized.net/coub_storage/coub/simple/cw_timeline_pic/9f519ac1cc1/abd2ca8f71d4cb2bc2a1b/ios_large_1609364494_image.jpg","small_picture":"https://coub-anubis-a.akamaized.net/coub_storage/coub/simple/cw_image/f946e7b6067/033b0e8cd56a39c8cef36/ios_mosaic_1609364495_00030.jpg","sharing_picture":null,"percent_done":100,"tags":[{"id":12561,"title":"монтаж","value":"%D0%BC%D0%BE%D0%BD%D1%82%D0%B0%D0%B6"},{"id":24982,"title":"смешные моменты","value":"%D1%81%D0%BC%D0%B5%D1%88%D0%BD%D1%8B%D0%B5%20%D0%BC%D0%BE%D0%BC%D0%B5%D0%BD%D1%82%D1%8B"},{"id":1570787,"title":"therudygames","value":"therudygames"},{"id":234587,"title":"msbigsausage","value":"msbigsausage"},{"id":4813785,"title":"руди и сосидж","value":"%D1%80%D1%83%D0%B4%D0%B8%20%D0%B8%20%D1%81%D0%BE%D1%81%D0%B8%D0%B4%D0%B6"},{"id":61336,"title":"руди","value":"%D1%80%D1%83%D0%B4%D0%B8"},{"id":1538817,"title":"смешные моменты из игр","value":"%D1%81%D0%BC%D0%B5%D1%88%D0%BD%D1%8B%D0%B5%20%D0%BC%D0%BE%D0%BC%D0%B5%D0%BD%D1%82%D1%8B%20%D0%B8%D0%B7%20%D0%B8%D0%B3%D1%80"},{"id":5450094,"title":"руди рдр 2","value":"%D1%80%D1%83%D0%B4%D0%B8%20%D1%80%D0%B4%D1%80%202"},{"id":150661,"title":"игровой монтаж","value":"%D0%B8%D0%B3%D1%80%D0%BE%D0%B2%D0%BE%D0%B9%20%D0%BC%D0%BE%D0%BD%D1%82%D0%B0%D0%B6"},{"id":3259327,"title":"ярос","value":"%D1%8F%D1%80%D0%BE%D1%81"},{"id":6079883,"title":"руди фасмафобия","value":"%D1%80%D1%83%D0%B4%D0%B8%20%D1%84%D0%B0%D1%81%D0%BC%D0%B0%D1%84%D0%BE%D0%B1%D0%B8%D1%8F"},{"id":6079884,"title":"фасмафобия монтаж","value":"%D1%84%D0%B0%D1%81%D0%BC%D0%B0%D1%84%D0%BE%D0%B1%D0%B8%D1%8F%20%D0%BC%D0%BE%D0%BD%D1%82%D0%B0%D0%B6"},{"id":5156691,"title":"руди рафт","value":"%D1%80%D1%83%D0%B4%D0%B8%20%D1%80%D0%B0%D1%84%D1%82"},{"id":6079885,"title":"руди амонг ас","value":"%D1%80%D1%83%D0%B4%D0%B8%20%D0%B0%D0%BC%D0%BE%D0%BD%D0%B3%20%D0%B0%D1%81"},{"id":6079886,"title":"therudygames амонг ас","value":"therudygames%20%D0%B0%D0%BC%D0%BE%D0%BD%D0%B3%20%D0%B0%D1%81"},{"id":5925058,"title":"among us монтаж","value":"among%20us%20%D0%BC%D0%BE%D0%BD%D1%82%D0%B0%D0%B6"},{"id":5923132,"title":"амонг ас смешные моменты","value":"%D0%B0%D0%BC%D0%BE%D0%BD%D0%B3%20%D0%B0%D1%81%20%D1%81%D0%BC%D0%B5%D1%88%D0%BD%D1%8B%D0%B5%20%D0%BC%D0%BE%D0%BC%D0%B5%D0%BD%D1%82%D1%8B"}],"categories":[{"id":17,"title":"Gaming","permalink":"gaming","subscriptions_count":10089456,"big_image_url":"https://coub-anubis-a.akamaized.net/coub_storage/category/cw_image/49fb773a80c/efee899b14f85527ed209/big_1544749693_gaming2.png","small_image_url":"https://coub-anubis-a.akamaized.net/coub_storage/category/cw_image/49fb773a80c/efee899b14f85527ed209/small_1544749693_gaming2.png","med_image_url":"https://coub-anubis-a.akamaized.net/coub_storage/category/cw_image/49fb773a80c/efee899b14f85527ed209/med_1544749693_gaming2.png","visible":true}],"communities":[{"id":17,"title":"Gaming","permalink":"gaming","subscriptions_count":10089456,"big_image_url":"https://coub-anubis-a.akamaized.net/coub_storage/category/cw_image/49fb773a80c/efee899b14f85527ed209/big_1544749693_gaming2.png","small_image_url":"https://coub-anubis-a.akamaized.net/coub_storage/category/cw_image/49fb773a80c/efee899b14f85527ed209/small_1544749693_gaming2.png","med_image_url":"https://coub-anubis-a.akamaized.net/coub_storage/category/cw_image/49fb773a80c/efee899b14f85527ed209/med_1544749693_gaming2.png","i_subscribed":true,"community_notifications_enabled":null,"description":null}],"recoubs_count":813,"remixes_count":0,"likes_count":4146,"dislikes_count":0,"raw_video_id":16017176,"uploaded_by_ios_app":false,"uploaded_by_android_app":false,"media_blocks":{"uploaded_raw_videos":[],"external_raw_videos":[{"id":37804673,"title":"БАЛЛАДА БАЛДЕЖА - МОНТАЖ | RDR 2, AMONG US, HUNT, PHASMOFOBIA, RAFT (РУДИ, САСИДЖ, ЯРОС, ТОБЛ, АЙК)","url":"https://www.youtube.com/watch?v=OfKRV5fRNiU","image":null,"image_retina":null,"meta":{"service":"Youtube","duration":"552.36"},"duration":552.36,"raw_video_id":16017176,"has_embed":true}],"remixed_from_coubs":[],"external_video":{"id":37804673,"title":"БАЛЛАДА БАЛДЕЖА - МОНТАЖ | RDR 2, AMONG US, HUNT, PHASMOFOBIA, RAFT (РУДИ, САСИДЖ, ЯРОС, ТОБЛ, АЙК)","url":"https://www.youtube.com/watch?v=OfKRV5fRNiU","image":null,"image_retina":null,"meta":{"service":"Youtube","duration":"552.36"},"duration":552.36,"raw_video_id":16017176,"has_embed":true}},"raw_video_thumbnail_url":"/missing/missing.png","raw_video_title":"БАЛЛАДА БАЛДЕЖА - МОНТАЖ | RDR 2, AMONG US, HUNT, PHASMOFOBIA, RAFT (РУДИ, САСИДЖ, ЯРОС, ТОБЛ, АЙК)","video_block_banned":false,"duration":9.56,"promo_winner":false,"promo_winner_recoubers":null,"editorial_info":{},"promo_hint":null,"beeline_best_2014":null,"from_web_editor":true,"normalize_sound":true,"normalize_change_allowed":true,"best2015_addable":false,"ahmad_promo":null,"promo_data":null,"audio_copyright_claim":null,"ads_disabled":false,"is_safe_for_ads":true,"megafon_contents":[],"position_on_page":4},{"flag":null,"abuses":null,"recoubs_by_users_channels":null,"favourite":false,"promoted_id":null,"recoub":null,"like":null,"dislike":null,"reaction":null,"in_my_best2015":false,"id":138271986,"type":"Coub::Simple","permalink":"29z60d","title":"War in the Pacific","visibility_type":"public","original_visibility_type":"public","channel_id":3502414,"created_at":"2020-02-29T09:40:16Z","updated_at":"2022-03-15T07:23:00Z","is_done":true,"views_count":299191,"cotd":null,"cotd_at":null,"visible_on_explore_root":true,"visible_on_explore":true,"featured":true,"published":true,"published_at":"2020-02-29T09:40:16Z","reversed":false,"from_editor_v2":true,"is_editable":true,"original_sound":false,"has_sound":false,"recoub_to":null,"file_versions":{"html5":{"video":{"higher":{"url":"https://coub-anubis-a.akamaized.net/coub_storage/coub/simple/cw_file/f90bc753c51/10b10f32bba239366b08e/muted_mp4_huge_size_1582969335_muted_huge.mp4","size":4679757},"high":{"url":"https://coub-anubis-a.akamaized.net/coub_storage/coub/simple/cw_file/f90bc753c51/10b10f32bba239366b08e/muted_mp4_big_size_1582969335_muted_big.mp4","size":3482221},"med":{"url":"https://coub-anubis-a.akamaized.net/coub_storage/coub/simple/cw_file/f90bc753c51/10b10f32bba239366b08e/muted_mp4_med_size_1582969335_muted_med.mp4","size":1162898}},"audio":{"high":{"url":"https://coub-anubis-a.akamaized.net/coub_storage/coub/simple/cw_looped_audio_high/21d602f7096/44bcff709650d5f35bbf9/1605706954_high_1582969346_high.mp3","size":1328803},"med":{"url":"https://coub-anubis-a.akamaized.net/coub_storage/coub/simple/cw_looped_audio_med/c202cd82feb/ced6095323bf6c3f706c9/1605706954_med_1582969346_med.mp3","size":957119}}},"mobile":{"video":"https://coub-anubis-a.akamaized.net/coub_storage/coub/simple/cw_file/f90bc753c51/10b10f32bba239366b08e/muted_mp4_med_size_1582969335_muted_med.mp4","audio":["https://coub-anubis-a.akamaized.net/coub_storage/coub/simple/cw_looped_audio_med/c202cd82feb/ced6095323bf6c3f706c9/1605706954_med_1582969346_med.mp3"]},"share":{"default":"https://coub-anubis-a.akamaized.net/coub_storage/coub/simple/cw_video_for_sharing/ad83218b815/b93cbce5ab82a4ebe1f9c/1609483655_looped_1609483653.mp4"}},"audio_versions":{"template":"https://coub-anubis-a.akamaized.net/coub_storage/audio_track/cw_file/8d39380f9d7/b928d56f63dd7e8336325/mid_1582969337_tyiyuq_edited.mp3","versions":["mid","low"]},"image_versions":{"template":"https://coub-anubis-a.akamaized.net/coub_storage/coub/simple/cw_image/f0dc2b242f3/80fd50ca3b6e5997b9985/1582969364_00032.jpg","versions":["micro","tiny","age_restricted","ios_large","ios_mosaic","big","med","small","pinterest"]},"first_frame_versions":{"template":"https://coub-anubis-a.akamaized.net/coub_storage/coub/simple/cw_timeline_pic/ac04e6cab17/4807408063709d08fa04e/%{version}_1582969362_image.jpg","versions":["big","med","small","ios_large"]},"dimensions":{"big":[1280,720],"med":[640,360]},"site_w_h":[640,360],"page_w_h":[640,360],"site_w_h_small":[310,174],"size":[1280,720],"age_restricted":false,"age_restricted_by_admin":false,"not_safe_for_work":false,"allow_reuse":false,"dont_crop":false,"banned":false,"global_safe":true,"audio_file_url":"https://coub-anubis-a.akamaized.net/coub_storage/audio_track/cw_file/8d39380f9d7/b928d56f63dd7e8336325/low_1582969337_tyiyuq_edited.mp3","external_download":false,"application":null,"channel":{"id":3502414,"permalink":"buka2018","title":"Buka Kavtaradze","description":"Coub is Life... Coub is Love... Coub is Peace...","followers_count":1932,"following_count":325,"avatar_versions":{"template":"https://coub-anubis-a.akamaized.net/coub_storage/channel/cw_avatar/c91056039f7/30dc3cb5a29fa893e41e1/%{version}_1608074991_kemybq_1555691047_cropped.jpeg","versions":["medium","medium_2x","profile_pic","profile_pic_new","profile_pic_new_2x","tiny","tiny_2x","small","small_2x","ios_large","ios_small"]}},"file":null,"picture":"https://coub-anubis-a.akamaized.net/coub_storage/coub/simple/cw_image/f0dc2b242f3/80fd50ca3b6e5997b9985/1582969364_00032.jpg","timeline_picture":"https://coub-anubis-a.akamaized.net/coub_storage/coub/simple/cw_timeline_pic/ac04e6cab17/4807408063709d08fa04e/ios_large_1582969362_image.jpg","small_picture":"https://coub-anubis-a.akamaized.net/coub_storage/coub/simple/cw_image/f0dc2b242f3/80fd50ca3b6e5997b9985/1582969364_00032.jpg","sharing_picture":null,"percent_done":100,"tags":[{"id":81,"title":"war","value":"war"},{"id":1140,"title":"game","value":"game"},{"id":12587,"title":"video games","value":"video%20games"},{"id":2009,"title":"battlefield","value":"battlefield"},{"id":220401,"title":"battlefield 5","value":"battlefield%205"},{"id":3767077,"title":"battlefield v","value":"battlefield%20v"},{"id":2510867,"title":"ramms","value":"ramms"},{"id":1409,"title":"radio","value":"radio"},{"id":4886126,"title":"rammstein - radio","value":"rammstein%20-%20radio"},{"id":467623,"title":"war in the pacific","value":"war%20in%20the%20pacific"},{"id":2005,"title":"cinematic","value":"cinematic"},{"id":5316,"title":"trailer","value":"trailer"},{"id":23248,"title":"best moments","value":"best%20moments"},{"id":173,"title":"epic","value":"epic"},{"id":109040,"title":"airstrike","value":"airstrike"}],"categories":[{"id":17,"title":"Gaming","permalink":"gaming","subscriptions_count":10089456,"big_image_url":"https://coub-anubis-a.akamaized.net/coub_storage/category/cw_image/49fb773a80c/efee899b14f85527ed209/big_1544749693_gaming2.png","small_image_url":"https://coub-anubis-a.akamaized.net/coub_storage/category/cw_image/49fb773a80c/efee899b14f85527ed209/small_1544749693_gaming2.png","med_image_url":"https://coub-anubis-a.akamaized.net/coub_storage/category/cw_image/49fb773a80c/efee899b14f85527ed209/med_1544749693_gaming2.png","visible":true}],"communities":[{"id":17,"title":"Gaming","permalink":"gaming","subscriptions_count":10089456,"big_image_url":"https://coub-anubis-a.akamaized.net/coub_storage/category/cw_image/49fb773a80c/efee899b14f85527ed209/big_1544749693_gaming2.png","small_image_url":"https://coub-anubis-a.akamaized.net/coub_storage/category/cw_image/49fb773a80c/efee899b14f85527ed209/small_1544749693_gaming2.png","med_image_url":"https://coub-anubis-a.akamaized.net/coub_storage/category/cw_image/49fb773a80c/efee899b14f85527ed209/med_1544749693_gaming2.png","i_subscribed":true,"community_notifications_enabled":null,"description":null}],"recoubs_count":847,"remixes_count":7,"likes_count":4143,"dislikes_count":0,"raw_video_id":14877725,"uploaded_by_ios_app":false,"uploaded_by_android_app":false,"media_blocks":{"uploaded_raw_videos":[],"external_raw_videos":[],"remixed_from_coubs":[]},"raw_video_thumbnail_url":"/missing/missing.png","raw_video_title":"War_in_the_Pacific.mp4","video_block_banned":false,"duration":10.0,"promo_winner":false,"promo_winner_recoubers":null,"editorial_info":{},"promo_hint":null,"beeline_best_2014":null,"from_web_editor":true,"normalize_sound":false,"normalize_change_allowed":false,"best2015_addable":false,"ahmad_promo":null,"promo_data":null,"audio_copyright_claim":null,"ads_disabled":false,"is_safe_for_ads":true,"megafon_contents":[],"position_on_page":5},{"flag":null,"abuses":null,"recoubs_by_users_channels":null,"favourite":false,"promoted_id":null,"recoub":null,"like":null,"dislike":null,"reaction":null,"in_my_best2015":false,"id":163042869,"type":"Coub::Simple","permalink":"2oq3ig","title":"Groovy","visibility_type":"public","original_visibility_type":"public","channel_id":4970662,"created_at":"2021-02-03T17:28:30Z","updated_at":"2022-03-16T08:25:30Z","is_done":true,"views_count":214642,"cotd":null,"cotd_at":null,"visible_on_explore_root":false,"visible_on_explore":false,"featured":false,"published":true,"published_at":"2021-02-03T17:28:30Z","reversed":false,"from_editor_v2":true,"is_editable":true,"original_sound":true,"has_sound":true,"recoub_to":null,"file_versions":{"html5":{"video":{"higher":{"url":"https://coub-anubis-a.akamaized.net/coub_storage/coub/simple/cw_file/82f1efbbdb4/0ca7823762fdf757fd6fa/muted_mp4_huge_size_1612373345_muted_huge.mp4","size":3310203},"high":{"url":"https://coub-anubis-a.akamaized.net/coub_storage/coub/simple/cw_file/82f1efbbdb4/0ca7823762fdf757fd6fa/muted_mp4_big_size_1612373345_muted_big.mp4","size":2268916},"med":{"url":"https://coub-anubis-a.akamaized.net/coub_storage/coub/simple/cw_file/82f1efbbdb4/0ca7823762fdf757fd6fa/muted_mp4_med_size_1612373345_muted_med.mp4","size":619397}},"audio":{"high":{"url":"https://coub-anubis-a.akamaized.net/coub_storage/coub/simple/cw_looped_audio_high/b41fe866aa1/2c37a3305e755a3f1279a/1612373348_mp3-high.mp3","size":1063455},"med":{"url":"https://coub-anubis-a.akamaized.net/coub_storage/coub/simple/cw_looped_audio_med/68900905499/2c6a87b29c06d6d19507f/1612373347_mp3-med.mp3","size":884561},"sample_duration":6.943}},"mobile":{"video":"https://coub-anubis-a.akamaized.net/coub_storage/coub/simple/cw_file/82f1efbbdb4/0ca7823762fdf757fd6fa/muted_mp4_med_size_1612373345_muted_med.mp4","audio":["https://coub-anubis-a.akamaized.net/coub_storage/coub/simple/cw_looped_audio_med/68900905499/2c6a87b29c06d6d19507f/1612373347_mp3-med.mp3"]},"share":{"default":"https://coub-anubis-a.akamaized.net/coub_storage/coub/simple/cw_video_for_sharing/dfe3da2fc26/052f709992ff8d6a40240/1612373400_looped_1612373398.mp4"}},"audio_versions":{},"image_versions":{"template":"https://coub-anubis-a.akamaized.net/coub_storage/coub/simple/cw_image/e2a0e01b6e6/55a029eddc9560db11976/%{version}_1612373362_00022.jpg","versions":["micro","tiny","age_restricted","ios_large","ios_mosaic","big","med","small","pinterest"]},"first_frame_versions":{"template":"https://coub-anubis-a.akamaized.net/coub_storage/coub/simple/cw_timeline_pic/34071a7f59b/0e7724a59ce40cbd70a5a/%{version}_1612373361_image.jpg","versions":["big","med","small","ios_large"]},"dimensions":{"big":[1280,720],"med":[640,360]},"site_w_h":[640,360],"page_w_h":[640,360],"site_w_h_small":[310,174],"size":[1280,720],"age_restricted":false,"age_restricted_by_admin":false,"not_safe_for_work":false,"allow_reuse":false,"dont_crop":true,"banned":false,"global_safe":true,"audio_file_url":null,"external_download":{"type":"Youtube","service_name":"YouTube","url":"https://youtu.be/9A4MHz7QgK8","has_embed":true},"application":null,"channel":{"id":4970662,"permalink":"theblackfox2","title":"TheBlackFox","description":null,"followers_count":31,"following_count":16,"avatar_versions":{"template":"https://coub-anubis-a.akamaized.net/coub_storage/channel/cw_avatar/4e5f479b5dd/8f4f8b93e1f1ac8683182/%{version}_1607733832_adgyes_1570205983_Hristos-v-ternovom-ventse..jpg","versions":["medium","medium_2x","profile_pic","profile_pic_new","profile_pic_new_2x","tiny","tiny_2x","small","small_2x","ios_large","ios_small"]}},"file":null,"picture":"https://coub-anubis-a.akamaized.net/coub_storage/coub/simple/cw_image/e2a0e01b6e6/55a029eddc9560db11976/med_1612373362_00022.jpg","timeline_picture":"https://coub-anubis-a.akamaized.net/coub_storage/coub/simple/cw_timeline_pic/34071a7f59b/0e7724a59ce40cbd70a5a/ios_large_1612373361_image.jpg","small_picture":"https://coub-anubis-a.akamaized.net/coub_storage/coub/simple/cw_image/e2a0e01b6e6/55a029eddc9560db11976/ios_mosaic_1612373362_00022.jpg","sharing_picture":null,"percent_done":100,"tags":[{"id":2906357,"title":"wolfenstein the old blood - chap 6 ruins: sawed off shotgun animation sequence bj cutscene & bio","value":"wolfenstein%20the%20old%20blood%20-%20chap%206%20ruins:%20sawed%20off%20shotgun%20animation%20sequence%20bj%20cutscene%20&%20bio"}],"categories":[{"id":17,"title":"Gaming","permalink":"gaming","subscriptions_count":10089456,"big_image_url":"https://coub-anubis-a.akamaized.net/coub_storage/category/cw_image/49fb773a80c/efee899b14f85527ed209/big_1544749693_gaming2.png","small_image_url":"https://coub-anubis-a.akamaized.net/coub_storage/category/cw_image/49fb773a80c/efee899b14f85527ed209/small_1544749693_gaming2.png","med_image_url":"https://coub-anubis-a.akamaized.net/coub_storage/category/cw_image/49fb773a80c/efee899b14f85527ed209/med_1544749693_gaming2.png","visible":true}],"communities":[{"id":17,"title":"Gaming","permalink":"gaming","subscriptions_count":10089456,"big_image_url":"https://coub-anubis-a.akamaized.net/coub_storage/category/cw_image/49fb773a80c/efee899b14f85527ed209/big_1544749693_gaming2.png","small_image_url":"https://coub-anubis-a.akamaized.net/coub_storage/category/cw_image/49fb773a80c/efee899b14f85527ed209/small_1544749693_gaming2.png","med_image_url":"https://coub-anubis-a.akamaized.net/coub_storage/category/cw_image/49fb773a80c/efee899b14f85527ed209/med_1544749693_gaming2.png","i_subscribed":true,"community_notifications_enabled":null,"description":null}],"recoubs_count":752,"remixes_count":5,"likes_count":4141,"dislikes_count":0,"raw_video_id":16134663,"uploaded_by_ios_app":false,"uploaded_by_android_app":false,"media_blocks":{"uploaded_raw_videos":[],"external_raw_videos":[{"id":38097518,"title":"Wolfenstein The Old Blood - Chap 6 Ruins: Sawed Off Shotgun Animation Sequence BJ Cutscene & Bio","url":"https://www.youtube.com/watch?v=9A4MHz7QgK8","image":null,"image_retina":null,"meta":{"service":"Youtube","duration":"80.52"},"duration":80.52,"raw_video_id":16134663,"has_embed":true}],"remixed_from_coubs":[],"external_video":{"id":38097518,"title":"Wolfenstein The Old Blood - Chap 6 Ruins: Sawed Off Shotgun Animation Sequence BJ Cutscene & Bio","url":"https://www.youtube.com/watch?v=9A4MHz7QgK8","image":null,"image_retina":null,"meta":{"service":"Youtube","duration":"80.52"},"duration":80.52,"raw_video_id":16134663,"has_embed":true}},"raw_video_thumbnail_url":"/missing/missing.png","raw_video_title":"Wolfenstein The Old Blood - Chap 6 Ruins: Sawed Off Shotgun Animation Sequence BJ Cutscene & Bio","video_block_banned":false,"duration":6.92,"promo_winner":false,"promo_winner_recoubers":null,"editorial_info":{},"promo_hint":null,"beeline_best_2014":null,"from_web_editor":true,"normalize_sound":true,"normalize_change_allowed":true,"best2015_addable":false,"ahmad_promo":null,"promo_data":null,"audio_copyright_claim":null,"ads_disabled":false,"is_safe_for_ads":true,"megafon_contents":[],"position_on_page":6},{"flag":null,"abuses":null,"recoubs_by_users_channels":null,"favourite":false,"promoted_id":null,"recoub":null,"like":null,"dislike":null,"reaction":null,"in_my_best2015":false,"id":91145222,"type":"Coub::Simple","permalink":"1huxay","title":"Sheeeeeeeeeit","visibility_type":"public","original_visibility_type":"public","channel_id":317403,"created_at":"2018-11-12T22:59:23Z","updated_at":"2022-03-09T15:22:12Z","is_done":true,"views_count":267706,"cotd":null,"cotd_at":null,"visible_on_explore_root":false,"visible_on_explore":false,"featured":false,"published":true,"published_at":"2018-11-12T22:59:23Z","reversed":false,"from_editor_v2":true,"is_editable":true,"original_sound":true,"has_sound":true,"recoub_to":null,"file_versions":{"html5":{"video":{"higher":{"url":"https://coub-anubis-a.akamaized.net/coub_storage/coub/simple/cw_file/71abbe5a374/837988d9fdd2f9eb281fe/muted_mp4_huge_size_1572178431_muted_huge.mp4","size":3449284},"high":{"url":"https://coub-anubis-a.akamaized.net/coub_storage/coub/simple/cw_file/71abbe5a374/837988d9fdd2f9eb281fe/muted_mp4_big_size_1572178431_muted_big.mp4","size":2464135},"med":{"url":"https://coub-anubis-a.akamaized.net/coub_storage/coub/simple/cw_file/71abbe5a374/837988d9fdd2f9eb281fe/muted_mp4_med_size_1572178431_muted_med.mp4","size":802479}},"audio":{"high":{"url":"https://coub-anubis-a.akamaized.net/coub_storage/coub/simple/cw_looped_audio_high/aa16d2b4ff3/5595254e3d26a587090ff/1605655868_high_1542063626_high.mp3","size":1204689},"med":{"url":"https://coub-anubis-a.akamaized.net/coub_storage/coub/simple/cw_looped_audio_med/4f648c6fc9c/da3d8594d591b7f288eca/1605655868_med_1542063626_med.mp3","size":863607},"sample_duration":7.732}},"mobile":{"video":"https://coub-anubis-a.akamaized.net/coub_storage/coub/simple/cw_file/71abbe5a374/837988d9fdd2f9eb281fe/muted_mp4_med_size_1572178431_muted_med.mp4","audio":["https://coub-anubis-a.akamaized.net/coub_storage/coub/simple/cw_looped_audio_med/4f648c6fc9c/da3d8594d591b7f288eca/1605655868_med_1542063626_med.mp3"]},"share":{"default":"https://coub-anubis-a.akamaized.net/coub_storage/coub/simple/cw_video_for_sharing/bf598e9c38c/623d3e3b3bad3aae47235/1608304140_looped_1608304139.mp4"}},"audio_versions":{},"image_versions":{"template":"https://coub-anubis-a.akamaized.net/coub_storage/coub/simple/cw_image/78c434e8593/6512ea3bcc699f705b484/1542063632_00025.jpg","versions":["micro","tiny","age_restricted","ios_large","ios_mosaic","big","med","small","pinterest"]},"first_frame_versions":{"template":"https://coub-anubis-a.akamaized.net/coub_storage/coub/simple/cw_timeline_pic/a6297df4eaf/fad09657eacb7a5f8d59c/%{version}_1542063632_image.jpg","versions":["big","med","small","ios_large"]},"dimensions":{"big":[1280,720],"med":[640,360]},"site_w_h":[640,360],"page_w_h":[640,360],"site_w_h_small":[310,174],"size":[1280,720],"age_restricted":false,"age_restricted_by_admin":false,"not_safe_for_work":false,"allow_reuse":false,"dont_crop":false,"banned":false,"global_safe":true,"audio_file_url":null,"external_download":{"type":"Youtube","service_name":"YouTube","url":"https://youtu.be/Fu6CfyLrov4","has_embed":true},"application":null,"channel":{"id":317403,"permalink":"helkar00","title":"Helkar","description":null,"followers_count":59,"following_count":10,"avatar_versions":{"template":"https://coub-anubis-a.akamaized.net/coub_storage/channel/cw_avatar/7b8fb791fdb/c89f99877d287fc6fbb0b/%{version}_1474498845_xvhclQAOS1w.jpg","versions":["medium","medium_2x","profile_pic","profile_pic_new","profile_pic_new_2x","tiny","tiny_2x","small","small_2x","ios_large","ios_small"]}},"file":null,"picture":"https://coub-anubis-a.akamaized.net/coub_storage/coub/simple/cw_image/78c434e8593/6512ea3bcc699f705b484/1542063632_00025.jpg","timeline_picture":"https://coub-anubis-a.akamaized.net/coub_storage/coub/simple/cw_timeline_pic/a6297df4eaf/fad09657eacb7a5f8d59c/ios_large_1542063632_image.jpg","small_picture":"https://coub-anubis-a.akamaized.net/coub_storage/coub/simple/cw_image/78c434e8593/6512ea3bcc699f705b484/1542063632_00025.jpg","sharing_picture":null,"percent_done":100,"tags":[{"id":1139,"title":"montage","value":"montage"},{"id":174,"title":"funny","value":"funny"},{"id":739,"title":"random","value":"random"},{"id":4447,"title":"moments","value":"moments"},{"id":86224,"title":"dank","value":"dank"},{"id":33394,"title":"mlg","value":"mlg"},{"id":472769,"title":"dbd","value":"dbd"},{"id":1571634,"title":"dead by daylight","value":"dead%20by%20daylight"}],"categories":[{"id":17,"title":"Gaming","permalink":"gaming","subscriptions_count":10089456,"big_image_url":"https://coub-anubis-a.akamaized.net/coub_storage/category/cw_image/49fb773a80c/efee899b14f85527ed209/big_1544749693_gaming2.png","small_image_url":"https://coub-anubis-a.akamaized.net/coub_storage/category/cw_image/49fb773a80c/efee899b14f85527ed209/small_1544749693_gaming2.png","med_image_url":"https://coub-anubis-a.akamaized.net/coub_storage/category/cw_image/49fb773a80c/efee899b14f85527ed209/med_1544749693_gaming2.png","visible":true}],"communities":[{"id":17,"title":"Gaming","permalink":"gaming","subscriptions_count":10089456,"big_image_url":"https://coub-anubis-a.akamaized.net/coub_storage/category/cw_image/49fb773a80c/efee899b14f85527ed209/big_1544749693_gaming2.png","small_image_url":"https://coub-anubis-a.akamaized.net/coub_storage/category/cw_image/49fb773a80c/efee899b14f85527ed209/small_1544749693_gaming2.png","med_image_url":"https://coub-anubis-a.akamaized.net/coub_storage/category/cw_image/49fb773a80c/efee899b14f85527ed209/med_1544749693_gaming2.png","i_subscribed":true,"community_notifications_enabled":null,"description":null}],"recoubs_count":885,"remixes_count":0,"likes_count":4133,"dislikes_count":0,"raw_video_id":12526102,"uploaded_by_ios_app":false,"uploaded_by_android_app":false,"media_blocks":{"uploaded_raw_videos":[],"external_raw_videos":[{"id":28617854,"title":"Dead by Daylight funny random moments montage 100","url":"https://www.youtube.com/watch?v=Fu6CfyLrov4","image":"https://coub-anubis-a.akamaized.net/coub_storage/media_block/cw_image/9e76b08c26f/554f06c7b22d76c829460/1539477682_2eh1e0_1539477587_1o4nnib_att-url-download.jpg","image_retina":"https://coub-anubis-a.akamaized.net/coub_storage/media_block/cw_image/9e76b08c26f/554f06c7b22d76c829460/1539477682_2eh1e0_1539477587_1o4nnib_att-url-download.jpg","meta":{"service":"Youtube","duration":"615.04"},"duration":615.04,"raw_video_id":12526102,"has_embed":true}],"remixed_from_coubs":[],"external_video":{"id":28617854,"title":"Dead by Daylight funny random moments montage 100","url":"https://www.youtube.com/watch?v=Fu6CfyLrov4","image":"https://coub-anubis-a.akamaized.net/coub_storage/media_block/cw_image/9e76b08c26f/554f06c7b22d76c829460/1539477682_2eh1e0_1539477587_1o4nnib_att-url-download.jpg","image_retina":"https://coub-anubis-a.akamaized.net/coub_storage/media_block/cw_image/9e76b08c26f/554f06c7b22d76c829460/1539477682_2eh1e0_1539477587_1o4nnib_att-url-download.jpg","meta":{"service":"Youtube","duration":"615.04"},"duration":615.04,"raw_video_id":12526102,"has_embed":true}},"raw_video_thumbnail_url":"/missing/missing.png","raw_video_title":"Dead by Daylight funny random moments montage 100","video_block_banned":false,"duration":7.72,"promo_winner":false,"promo_winner_recoubers":null,"editorial_info":{},"promo_hint":null,"beeline_best_2014":null,"from_web_editor":true,"normalize_sound":true,"normalize_change_allowed":true,"best2015_addable":false,"ahmad_promo":null,"promo_data":null,"audio_copyright_claim":null,"ads_disabled":false,"is_safe_for_ads":true,"megafon_contents":[],"position_on_page":7},{"flag":null,"abuses":null,"recoubs_by_users_channels":null,"favourite":false,"promoted_id":null,"recoub":null,"like":null,"dislike":null,"reaction":null,"in_my_best2015":false,"id":69824564,"type":"Coub::Simple","permalink":"154zbq","title":"The World","visibility_type":"public","original_visibility_type":"public","channel_id":3428034,"created_at":"2018-03-20T04:44:05Z","updated_at":"2022-03-11T13:57:17Z","is_done":true,"views_count":229464,"cotd":null,"cotd_at":null,"visible_on_explore_root":false,"visible_on_explore":false,"featured":false,"published":true,"published_at":"2018-03-20T04:44:05Z","reversed":false,"from_editor_v2":true,"is_editable":true,"original_sound":false,"has_sound":false,"recoub_to":null,"file_versions":{"html5":{"video":{"higher":{"url":"https://coub-anubis-a.akamaized.net/coub_storage/coub/simple/cw_file/16f3cb0c98f/0a0d18a3735caf835f0cf/muted_mp4_huge_size_1568209792_muted_huge.mp4","size":2891990},"high":{"url":"https://coub-anubis-a.akamaized.net/coub_storage/coub/simple/cw_file/16f3cb0c98f/0a0d18a3735caf835f0cf/muted_mp4_big_size_1568209792_muted_big.mp4","size":2076089},"med":{"url":"https://coub-anubis-a.akamaized.net/coub_storage/coub/simple/cw_file/16f3cb0c98f/0a0d18a3735caf835f0cf/muted_mp4_med_size_1568209792_muted_med.mp4","size":628228}},"audio":{"high":{"url":"https://coub-anubis-a.akamaized.net/coub_storage/coub/simple/cw_looped_audio_high/ab228b422f8/99dc727a5bf158f358a4c/1605640666_high_1521521138_high.mp3","size":1113058},"med":{"url":"https://coub-anubis-a.akamaized.net/coub_storage/coub/simple/cw_looped_audio_med/13cd5f37c1d/e1d01a3675e601a1fb8ac/1605640666_med_1521521138_med.mp3","size":861280}}},"mobile":{"video":"https://coub-anubis-a.akamaized.net/coub_storage/coub/simple/cw_file/16f3cb0c98f/0a0d18a3735caf835f0cf/muted_mp4_med_size_1568209792_muted_med.mp4","audio":["https://coub-anubis-a.akamaized.net/coub_storage/coub/simple/cw_looped_audio_med/13cd5f37c1d/e1d01a3675e601a1fb8ac/1605640666_med_1521521138_med.mp3"]},"share":{"default":"https://coub-anubis-a.akamaized.net/coub_storage/coub/simple/cw_video_for_sharing/6ce7568c29e/ae39aee083223492bbac3/1608153582_looped_1608153581.mp4"}},"audio_versions":{"template":"https://coub-anubis-a.akamaized.net/coub_storage/audio_track/cw_normalized_copy/c23ab552ea2/9e0f4de427ede4c4a2db7/mid_1521521134_mco13v_normalized_1521521130_11m3og3_edited.mp3","versions":["mid","low"]},"image_versions":{"template":"https://coub-anubis-a.akamaized.net/coub_storage/coub/simple/cw_image/790987d2b0e/14ca87c42165c79d28e33/1521521145_00032.jpg","versions":["micro","tiny","age_restricted","ios_large","ios_mosaic","big","med","small","pinterest"]},"first_frame_versions":{"template":"https://coub-anubis-a.akamaized.net/coub_storage/coub/simple/cw_timeline_pic/0a324dad71e/961aced22a071a0a9d47b/%{version}_1521521144_image.jpg","versions":["big","med","small","ios_large"]},"dimensions":{"big":[1280,720],"med":[640,360]},"site_w_h":[640,360],"page_w_h":[640,360],"site_w_h_small":[310,174],"size":[1280,720],"age_restricted":false,"age_restricted_by_admin":false,"not_safe_for_work":false,"allow_reuse":false,"dont_crop":false,"banned":false,"global_safe":true,"audio_file_url":"https://coub-anubis-a.akamaized.net/coub_storage/audio_track/cw_normalized_copy/c23ab552ea2/9e0f4de427ede4c4a2db7/low_1521521134_mco13v_normalized_1521521130_11m3og3_edited.mp3","external_download":{"type":"Youtube","service_name":"YouTube","url":"http://www.youtube.com/watch?v=U6uyuIQYlfY","has_embed":true},"application":null,"channel":{"id":3428034,"permalink":"hatstoyou","title":"Hatstoyou","description":null,"followers_count":107,"following_count":12,"avatar_versions":{"template":"https://coub-anubis-a.akamaized.net/coub_storage/channel/cw_avatar/c8b48f97a8f/0ba733076b0d202467b83/%{version}_1607839527_11ion4j_1519105903_filename.jpeg","versions":["medium","medium_2x","profile_pic","profile_pic_new","profile_pic_new_2x","tiny","tiny_2x","small","small_2x","ios_large","ios_small"]}},"file":null,"picture":"https://coub-anubis-a.akamaized.net/coub_storage/coub/simple/cw_image/790987d2b0e/14ca87c42165c79d28e33/1521521145_00032.jpg","timeline_picture":"https://coub-anubis-a.akamaized.net/coub_storage/coub/simple/cw_timeline_pic/0a324dad71e/961aced22a071a0a9d47b/ios_large_1521521144_image.jpg","small_picture":"https://coub-anubis-a.akamaized.net/coub_storage/coub/simple/cw_image/790987d2b0e/14ca87c42165c79d28e33/1521521145_00032.jpg","sharing_picture":null,"percent_done":100,"tags":[{"id":34596,"title":"namco","value":"namco"},{"id":2334011,"title":"bandaifrom","value":"bandaifrom"},{"id":40643,"title":"soft","value":"soft"},{"id":491117,"title":"fromsoftware","value":"fromsoftware"},{"id":48969,"title":"namcobandai","value":"namcobandai"},{"id":36851,"title":"darksouls","value":"darksouls"},{"id":146,"title":"dark","value":"dark"},{"id":36852,"title":"souls","value":"souls"},{"id":32655,"title":"swords","value":"swords"},{"id":8122,"title":"rpg","value":"rpg"},{"id":3900,"title":"action","value":"action"},{"id":23018,"title":"wizard","value":"wizard"},{"id":175900,"title":"npc","value":"npc"},{"id":71297,"title":"demons","value":"demons"},{"id":13549,"title":"shield","value":"shield"},{"id":8537,"title":"ps3","value":"ps3"},{"id":10005,"title":"xbox","value":"xbox"},{"id":4865,"title":"360","value":"360"},{"id":34775,"title":"dungeon","value":"dungeon"},{"id":14629,"title":"castle","value":"castle"}],"categories":[{"id":17,"title":"Gaming","permalink":"gaming","subscriptions_count":10089456,"big_image_url":"https://coub-anubis-a.akamaized.net/coub_storage/category/cw_image/49fb773a80c/efee899b14f85527ed209/big_1544749693_gaming2.png","small_image_url":"https://coub-anubis-a.akamaized.net/coub_storage/category/cw_image/49fb773a80c/efee899b14f85527ed209/small_1544749693_gaming2.png","med_image_url":"https://coub-anubis-a.akamaized.net/coub_storage/category/cw_image/49fb773a80c/efee899b14f85527ed209/med_1544749693_gaming2.png","visible":true}],"communities":[{"id":17,"title":"Gaming","permalink":"gaming","subscriptions_count":10089456,"big_image_url":"https://coub-anubis-a.akamaized.net/coub_storage/category/cw_image/49fb773a80c/efee899b14f85527ed209/big_1544749693_gaming2.png","small_image_url":"https://coub-anubis-a.akamaized.net/coub_storage/category/cw_image/49fb773a80c/efee899b14f85527ed209/small_1544749693_gaming2.png","med_image_url":"https://coub-anubis-a.akamaized.net/coub_storage/category/cw_image/49fb773a80c/efee899b14f85527ed209/med_1544749693_gaming2.png","i_subscribed":true,"community_notifications_enabled":null,"description":null}],"recoubs_count":1007,"remixes_count":4,"likes_count":4129,"dislikes_count":0,"raw_video_id":11198122,"uploaded_by_ios_app":true,"uploaded_by_android_app":false,"media_blocks":{"uploaded_raw_videos":[],"external_raw_videos":[{"id":24975144,"title":"Dark Souls 2 Announcement Trailer","url":"http://www.youtube.com/watch?v=U6uyuIQYlfY","image":"https://coub-anubis-a.akamaized.net/coub_storage/media_block/cw_image/ed011601c15/d3468fd6c42cd65bb2c58/1519536264_1519536249_11k5mxw_att-url-download.jpg","image_retina":"https://coub-anubis-a.akamaized.net/coub_storage/media_block/cw_image/ed011601c15/d3468fd6c42cd65bb2c58/1519536264_1519536249_11k5mxw_att-url-download.jpg","meta":{"service":"Youtube","duration":"120.4"},"duration":120.4,"raw_video_id":11198122,"has_embed":true},{"id":15523605,"title":"Dark Souls E3 2011 - Official Trailer","url":"http://www.youtube.com/watch?v=9IbPrk-yuts","image":"https://coub-anubis-a.akamaized.net/coub_storage/media_block/cw_image/bca55a8e631/5c07c825868bb0b28b261/1492775600_1491026610_1mp8jlm_att-url-download.jpg","image_retina":"https://coub-anubis-a.akamaized.net/coub_storage/media_block/cw_image/bca55a8e631/5c07c825868bb0b28b261/1492775600_1491026610_1mp8jlm_att-url-download.jpg","meta":{"service":"Youtube","duration":"123.323"},"duration":123.323,"raw_video_id":9382649,"has_embed":true},{"id":24975216,"title":"Dark Souls 3 Official Launch Trailer","url":"http://www.youtube.com/watch?v=igzqz0d4VFE","image":"https://coub-anubis-a.akamaized.net/coub_storage/media_block/cw_image/089774d51e2/89b5564412abab99f8d4b/1519536866_1519536840_d8qna6_att-url-download.jpg","image_retina":"https://coub-anubis-a.akamaized.net/coub_storage/media_block/cw_image/089774d51e2/89b5564412abab99f8d4b/1519536866_1519536840_d8qna6_att-url-download.jpg","meta":{"service":"Youtube","duration":"177.88"},"duration":177.88,"raw_video_id":11198144,"has_embed":true}],"remixed_from_coubs":[],"external_video":{"id":24975144,"title":"Dark Souls 2 Announcement Trailer","url":"http://www.youtube.com/watch?v=U6uyuIQYlfY","image":"https://coub-anubis-a.akamaized.net/coub_storage/media_block/cw_image/ed011601c15/d3468fd6c42cd65bb2c58/1519536264_1519536249_11k5mxw_att-url-download.jpg","image_retina":"https://coub-anubis-a.akamaized.net/coub_storage/media_block/cw_image/ed011601c15/d3468fd6c42cd65bb2c58/1519536264_1519536249_11k5mxw_att-url-download.jpg","meta":{"service":"Youtube","duration":"120.4"},"duration":120.4,"raw_video_id":11198122,"has_embed":true}},"raw_video_thumbnail_url":"/missing/missing.png","raw_video_title":"Dark Souls 2 Announcement Trailer","video_block_banned":false,"duration":10.12,"promo_winner":false,"promo_winner_recoubers":null,"editorial_info":{},"promo_hint":null,"beeline_best_2014":null,"from_web_editor":false,"normalize_sound":true,"normalize_change_allowed":true,"best2015_addable":false,"ahmad_promo":null,"promo_data":null,"audio_copyright_claim":null,"ads_disabled":false,"is_safe_for_ads":true,"megafon_contents":[],"position_on_page":8},{"flag":null,"abuses":null,"recoubs_by_users_channels":null,"favourite":false,"promoted_id":null,"recoub":null,"like":null,"dislike":null,"reaction":null,"in_my_best2015":false,"id":149611776,"type":"Coub::Simple","permalink":"2gq7x1","title":"Persona 5 that's the best part ","visibility_type":"public","original_visibility_type":"public","channel_id":2307273,"created_at":"2020-07-15T06:52:44Z","updated_at":"2022-03-16T08:17:22Z","is_done":true,"views_count":254743,"cotd":null,"cotd_at":null,"visible_on_explore_root":false,"visible_on_explore":false,"featured":false,"published":true,"published_at":"2020-07-15T06:52:44Z","reversed":false,"from_editor_v2":true,"is_editable":true,"original_sound":true,"has_sound":true,"recoub_to":null,"file_versions":{"html5":{"video":{"higher":{"url":"https://coub-anubis-a.akamaized.net/coub_storage/coub/simple/cw_file/513985d46d2/6b5ba080b9ac91607c086/muted_mp4_huge_size_1594795980_muted_huge.mp4","size":1931219},"high":{"url":"https://coub-anubis-a.akamaized.net/coub_storage/coub/simple/cw_file/513985d46d2/6b5ba080b9ac91607c086/muted_mp4_big_size_1594795980_muted_big.mp4","size":1293739},"med":{"url":"https://coub-anubis-a.akamaized.net/coub_storage/coub/simple/cw_file/513985d46d2/6b5ba080b9ac91607c086/muted_mp4_med_size_1594795980_muted_med.mp4","size":392455}},"audio":{"high":{"url":"https://coub-anubis-a.akamaized.net/coub_storage/coub/simple/cw_looped_audio_high/310869d22c9/3a097202c18fe0a3f119c/1605680003_high_1594795980_high.mp3","size":1010874},"med":{"url":"https://coub-anubis-a.akamaized.net/coub_storage/coub/simple/cw_looped_audio_med/1f9a6fc6cef/38f417231df909c27ae57/1605680002_med_1594795980_med.mp3","size":799076},"sample_duration":10.008}},"mobile":{"video":"https://coub-anubis-a.akamaized.net/coub_storage/coub/simple/cw_file/513985d46d2/6b5ba080b9ac91607c086/muted_mp4_med_size_1594795980_muted_med.mp4","audio":["https://coub-anubis-a.akamaized.net/coub_storage/coub/simple/cw_looped_audio_med/1f9a6fc6cef/38f417231df909c27ae57/1605680002_med_1594795980_med.mp3"]},"share":{"default":"https://coub-anubis-a.akamaized.net/coub_storage/coub/simple/cw_video_for_sharing/56c36d54252/d154962afa34766d8607b/1608173509_looped_1608173508.mp4"}},"audio_versions":{},"image_versions":{"template":"https://coub-anubis-a.akamaized.net/coub_storage/coub/simple/cw_image/0768ea40a46/1c95b04b9eec08667ebe8/1594795991_00032.jpg","versions":["micro","tiny","age_restricted","ios_large","ios_mosaic","big","med","small","pinterest"]},"first_frame_versions":{"template":"https://coub-anubis-a.akamaized.net/coub_storage/coub/simple/cw_timeline_pic/d0fd5465068/57a38a1af2d42829d2b19/%{version}_1594795989_image.jpg","versions":["big","med","small","ios_large"]},"dimensions":{"big":[1280,720],"med":[640,360]},"site_w_h":[640,360],"page_w_h":[640,360],"site_w_h_small":[310,174],"size":[1280,720],"age_restricted":false,"age_restricted_by_admin":false,"not_safe_for_work":false,"allow_reuse":false,"dont_crop":false,"banned":false,"global_safe":true,"audio_file_url":null,"external_download":{"type":"Youtube","service_name":"YouTube","url":"https://www.youtube.com/watch?v=HvSWEr5__Ik","has_embed":true},"application":null,"channel":{"id":2307273,"permalink":"maikal100","title":"maiKal100","description":null,"followers_count":42,"following_count":4,"avatar_versions":{"template":"https://coub-anubis-a.akamaized.net/coub_storage/channel/cw_avatar/61efde214c8/e83fa60b6f63e981846ba/%{version}_1608858056_1vduq4f_1474553799_adventure_time_tarot_card___death_by_theobserver09-d5c4lsb.png","versions":["medium","medium_2x","profile_pic","profile_pic_new","profile_pic_new_2x","tiny","tiny_2x","small","small_2x","ios_large","ios_small"]}},"file":null,"picture":"https://coub-anubis-a.akamaized.net/coub_storage/coub/simple/cw_image/0768ea40a46/1c95b04b9eec08667ebe8/1594795991_00032.jpg","timeline_picture":"https://coub-anubis-a.akamaized.net/coub_storage/coub/simple/cw_timeline_pic/d0fd5465068/57a38a1af2d42829d2b19/ios_large_1594795989_image.jpg","small_picture":"https://coub-anubis-a.akamaized.net/coub_storage/coub/simple/cw_image/0768ea40a46/1c95b04b9eec08667ebe8/1594795991_00032.jpg","sharing_picture":null,"percent_done":100,"tags":[{"id":90706,"title":"pog","value":"pog"},{"id":679196,"title":"persona 5","value":"persona%205"},{"id":165,"title":"anime","value":"anime"},{"id":169,"title":"fun","value":"fun"},{"id":174,"title":"funny","value":"funny"},{"id":126726,"title":"gigguk","value":"gigguk"},{"id":716,"title":"joker","value":"joker"},{"id":79802,"title":"persona","value":"persona"},{"id":1140,"title":"game","value":"game"},{"id":2848,"title":"games","value":"games"}],"categories":[{"id":17,"title":"Gaming","permalink":"gaming","subscriptions_count":10089456,"big_image_url":"https://coub-anubis-a.akamaized.net/coub_storage/category/cw_image/49fb773a80c/efee899b14f85527ed209/big_1544749693_gaming2.png","small_image_url":"https://coub-anubis-a.akamaized.net/coub_storage/category/cw_image/49fb773a80c/efee899b14f85527ed209/small_1544749693_gaming2.png","med_image_url":"https://coub-anubis-a.akamaized.net/coub_storage/category/cw_image/49fb773a80c/efee899b14f85527ed209/med_1544749693_gaming2.png","visible":true}],"communities":[{"id":17,"title":"Gaming","permalink":"gaming","subscriptions_count":10089456,"big_image_url":"https://coub-anubis-a.akamaized.net/coub_storage/category/cw_image/49fb773a80c/efee899b14f85527ed209/big_1544749693_gaming2.png","small_image_url":"https://coub-anubis-a.akamaized.net/coub_storage/category/cw_image/49fb773a80c/efee899b14f85527ed209/small_1544749693_gaming2.png","med_image_url":"https://coub-anubis-a.akamaized.net/coub_storage/category/cw_image/49fb773a80c/efee899b14f85527ed209/med_1544749693_gaming2.png","i_subscribed":true,"community_notifications_enabled":null,"description":null}],"recoubs_count":841,"remixes_count":0,"likes_count":4121,"dislikes_count":0,"raw_video_id":15458155,"uploaded_by_ios_app":false,"uploaded_by_android_app":false,"media_blocks":{"uploaded_raw_videos":[],"external_raw_videos":[{"id":36405345,"title":"Persona 5 in a nutshell","url":"https://www.youtube.com/watch?v=HvSWEr5__Ik","image":"https://coub-anubis-a.akamaized.net/coub_storage/media_block/cw_image/eaf18c86364/4036ebfaf9a3e0b1c1147/1594795851_vm05am_1594795845_1wpfc5p_att-url-download.jpg","image_retina":"https://coub-anubis-a.akamaized.net/coub_storage/media_block/cw_image/eaf18c86364/4036ebfaf9a3e0b1c1147/1594795851_vm05am_1594795845_1wpfc5p_att-url-download.jpg","meta":{"service":"Youtube","duration":"17.081"},"duration":17.081,"raw_video_id":15458155,"has_embed":true}],"remixed_from_coubs":[],"external_video":{"id":36405345,"title":"Persona 5 in a nutshell","url":"https://www.youtube.com/watch?v=HvSWEr5__Ik","image":"https://coub-anubis-a.akamaized.net/coub_storage/media_block/cw_image/eaf18c86364/4036ebfaf9a3e0b1c1147/1594795851_vm05am_1594795845_1wpfc5p_att-url-download.jpg","image_retina":"https://coub-anubis-a.akamaized.net/coub_storage/media_block/cw_image/eaf18c86364/4036ebfaf9a3e0b1c1147/1594795851_vm05am_1594795845_1wpfc5p_att-url-download.jpg","meta":{"service":"Youtube","duration":"17.081"},"duration":17.081,"raw_video_id":15458155,"has_embed":true}},"raw_video_thumbnail_url":"/missing/missing.png","raw_video_title":"Persona 5 in a nutshell","video_block_banned":false,"duration":10.0,"promo_winner":false,"promo_winner_recoubers":null,"editorial_info":{},"promo_hint":null,"beeline_best_2014":null,"from_web_editor":true,"normalize_sound":true,"normalize_change_allowed":true,"best2015_addable":false,"ahmad_promo":null,"promo_data":null,"audio_copyright_claim":null,"ads_disabled":false,"is_safe_for_ads":true,"megafon_contents":[],"position_on_page":9},{"flag":null,"abuses":null,"recoubs_by_users_channels":null,"favourite":false,"promoted_id":null,"recoub":null,"like":null,"dislike":null,"reaction":null,"in_my_best2015":false,"id":5913,"type":"Coub::Simple","permalink":"1udea1e","title":"Where'd he go?!","visibility_type":"public","original_visibility_type":"public","channel_id":1161740,"created_at":"2012-08-11T16:21:04Z","updated_at":"2022-03-15T22:04:03Z","is_done":true,"views_count":300804,"cotd":true,"cotd_at":"2012-08-13","visible_on_explore_root":true,"visible_on_explore":true,"featured":true,"published":true,"published_at":"2012-08-11T16:21:04Z","reversed":false,"from_editor_v2":true,"is_editable":true,"original_sound":true,"has_sound":true,"recoub_to":null,"file_versions":{"html5":{"video":{"higher":{"url":"https://coub-anubis-a.akamaized.net/coub_storage/coub/simple/cw_file/f7debafddd5/7b38f800a88c41b50f8eb/muted_mp4_huge_size_1567670097_muted_huge.mp4","size":3705959},"high":{"url":"https://coub-anubis-a.akamaized.net/coub_storage/coub/simple/cw_file/f7debafddd5/7b38f800a88c41b50f8eb/muted_mp4_big_size_1567670097_muted_big.mp4","size":2480284},"med":{"url":"https://coub-anubis-a.akamaized.net/coub_storage/coub/simple/cw_file/f7debafddd5/7b38f800a88c41b50f8eb/muted_mp4_med_size_1567670097_muted_med.mp4","size":964749}},"audio":{"high":{"url":"https://coub-anubis-a.akamaized.net/coub_storage/coub/simple/cw_looped_audio_high/36d67db66df/83242b16a75f15e8a50ec/1605350283_high_1445963630_high.mp3","size":1204975},"med":{"url":"https://coub-anubis-a.akamaized.net/coub_storage/coub/simple/cw_looped_audio_med/5cb8b2050c1/20e2b2507facbed1986f4/1605350282_med_1445963630_med.mp3","size":803316},"sample_duration":10.054}},"mobile":{"video":"https://coub-anubis-a.akamaized.net/coub_storage/coub/simple/cw_file/f7debafddd5/7b38f800a88c41b50f8eb/muted_mp4_med_size_1567670097_muted_med.mp4","audio":["https://coub-anubis-a.akamaized.net/coub_storage/coub/simple/cw_looped_audio_med/5cb8b2050c1/20e2b2507facbed1986f4/1605350282_med_1445963630_med.mp3"]},"share":{"default":"https://coub-anubis-a.akamaized.net/coub_storage/coub/simple/cw_video_for_sharing/5dee8f9ce8f/1410b2af92cc1bf859836/1609468431_looped_1609468430.mp4"}},"audio_versions":{},"image_versions":{"template":"https://coub-anubis-a.akamaized.net/coub_storage/coub/simple/cw_image/8e2987e1bc8/afd8afc3b3d4b6f9b297f/1409078047_1381498337_00032.jpg","versions":["micro","tiny","age_restricted","ios_large","ios_mosaic","big","med","small","pinterest"]},"first_frame_versions":{"template":"https://coub-anubis-a.akamaized.net/coub_storage/coub/simple/cw_timeline_pic/8e2987e1bc8/afd8afc3b3d4b6f9b297f/%{version}_1409082088_1382452802_image.jpg","versions":["big","med","small","ios_large"]},"dimensions":{"big":[1280,720],"med":[640,360]},"site_w_h":[640,360],"page_w_h":[640,360],"site_w_h_small":[310,174],"size":[1280,720],"age_restricted":false,"age_restricted_by_admin":false,"not_safe_for_work":null,"allow_reuse":false,"dont_crop":false,"banned":false,"global_safe":true,"audio_file_url":null,"external_download":{"type":"Youtube","service_name":"YouTube","url":"http://www.youtube.com/watch?v=PXTQhNQw9wo&feature=g-all-u  ","has_embed":true},"application":null,"channel":{"id":1161740,"permalink":"james.d.scott","title":"James Scott","description":null,"followers_count":61,"following_count":11,"avatar_versions":{"template":"https://coub-anubis-a.akamaized.net/coub_storage/channel/cw_avatar/887c75d140b/e58a61cd350bef976a144/%{version}_1608716860_8n5f7o_1474540228_ozh5dv_att-url-download.jpg","versions":["medium","medium_2x","profile_pic","profile_pic_new","profile_pic_new_2x","tiny","tiny_2x","small","small_2x","ios_large","ios_small"]}},"file":null,"picture":"https://coub-anubis-a.akamaized.net/coub_storage/coub/simple/cw_image/8e2987e1bc8/afd8afc3b3d4b6f9b297f/1409078047_1381498337_00032.jpg","timeline_picture":"https://coub-anubis-a.akamaized.net/coub_storage/coub/simple/cw_timeline_pic/8e2987e1bc8/afd8afc3b3d4b6f9b297f/ios_large_1409082088_1382452802_image.jpg","small_picture":"https://coub-anubis-a.akamaized.net/coub_storage/coub/simple/cw_image/8e2987e1bc8/afd8afc3b3d4b6f9b297f/1409078047_1381498337_00032.jpg","sharing_picture":null,"percent_done":100,"tags":[{"id":30718,"title":"hack","value":"hack"},{"id":13694,"title":"gonna","value":"gonna"},{"id":118469,"title":"hackers","value":"hackers"},{"id":9780,"title":"flight","value":"flight"},{"id":339,"title":"bike","value":"bike"},{"id":11561,"title":"dayz","value":"dayz"}],"categories":[{"id":17,"title":"Gaming","permalink":"gaming","subscriptions_count":10089456,"big_image_url":"https://coub-anubis-a.akamaized.net/coub_storage/category/cw_image/49fb773a80c/efee899b14f85527ed209/big_1544749693_gaming2.png","small_image_url":"https://coub-anubis-a.akamaized.net/coub_storage/category/cw_image/49fb773a80c/efee899b14f85527ed209/small_1544749693_gaming2.png","med_image_url":"https://coub-anubis-a.akamaized.net/coub_storage/category/cw_image/49fb773a80c/efee899b14f85527ed209/med_1544749693_gaming2.png","visible":true}],"communities":[{"id":17,"title":"Gaming","permalink":"gaming","subscriptions_count":10089456,"big_image_url":"https://coub-anubis-a.akamaized.net/coub_storage/category/cw_image/49fb773a80c/efee899b14f85527ed209/big_1544749693_gaming2.png","small_image_url":"https://coub-anubis-a.akamaized.net/coub_storage/category/cw_image/49fb773a80c/efee899b14f85527ed209/small_1544749693_gaming2.png","med_image_url":"https://coub-anubis-a.akamaized.net/coub_storage/category/cw_image/49fb773a80c/efee899b14f85527ed209/med_1544749693_gaming2.png","i_subscribed":true,"community_notifications_enabled":null,"description":null}],"recoubs_count":969,"remixes_count":4,"likes_count":4118,"dislikes_count":0,"raw_video_id":5312,"uploaded_by_ios_app":false,"uploaded_by_android_app":false,"media_blocks":{"uploaded_raw_videos":[],"external_raw_videos":[{"id":10928247,"title":"Trying to catch me riding dirty","url":"http://www.youtube.com/watch?v=PXTQhNQw9wo&feature=g-all-u  ","image":"https://coub-anubis-a.akamaized.net/coub_storage/media_block/cw_image/18b88e8141a/4b5a7cd911cca78f60288/1488374207_1470383699_g377z4_att-url-download.jpg","image_retina":"https://coub-anubis-a.akamaized.net/coub_storage/media_block/cw_image/18b88e8141a/4b5a7cd911cca78f60288/1488374207_1470383699_g377z4_att-url-download.jpg","meta":{"service":"Youtube","duration":"48.52"},"duration":48.52,"raw_video_id":5312,"has_embed":true}],"remixed_from_coubs":[],"external_video":{"id":10928247,"title":"Trying to catch me riding dirty","url":"http://www.youtube.com/watch?v=PXTQhNQw9wo&feature=g-all-u  ","image":"https://coub-anubis-a.akamaized.net/coub_storage/media_block/cw_image/18b88e8141a/4b5a7cd911cca78f60288/1488374207_1470383699_g377z4_att-url-download.jpg","image_retina":"https://coub-anubis-a.akamaized.net/coub_storage/media_block/cw_image/18b88e8141a/4b5a7cd911cca78f60288/1488374207_1470383699_g377z4_att-url-download.jpg","meta":{"service":"Youtube","duration":"48.52"},"duration":48.52,"raw_video_id":5312,"has_embed":true}},"raw_video_thumbnail_url":"/missing/missing.png","raw_video_title":null,"video_block_banned":false,"duration":10.0,"promo_winner":false,"promo_winner_recoubers":null,"editorial_info":{},"promo_hint":null,"beeline_best_2014":null,"from_web_editor":true,"normalize_sound":true,"normalize_change_allowed":true,"best2015_addable":false,"ahmad_promo":null,"promo_data":null,"audio_copyright_claim":null,"ads_disabled":null,"is_safe_for_ads":true,"megafon_contents":[],"position_on_page":10}]}