{"page":413,"per_page":10,"total_pages":500,"coubs":[{"flag":null,"abuses":null,"recoubs_by_users_channels":null,"favourite":false,"promoted_id":null,"recoub":null,"like":null,"dislike":null,"reaction":null,"in_my_best2015":false,"id":106636232,"type":"Coub::Simple","permalink":"1r2yc9","title":"VRCHAT Лучше команды быть не может","visibility_type":"public","original_visibility_type":"public","channel_id":5243069,"created_at":"2019-03-25T16:49:07Z","updated_at":"2022-03-15T08:45:10Z","is_done":true,"views_count":96640,"cotd":null,"cotd_at":null,"visible_on_explore_root":false,"visible_on_explore":false,"featured":false,"published":true,"published_at":"2019-03-25T16:49:07Z","reversed":false,"from_editor_v2":true,"is_editable":true,"original_sound":true,"has_sound":true,"recoub_to":null,"file_versions":{"html5":{"video":{"higher":{"url":"https://coub-anubis-a.akamaized.net/coub_storage/coub/simple/cw_file/4278e47c580/6f9724b322fdd3ef4dd25/muted_mp4_huge_size_1570644452_muted_huge.mp4","size":3251414},"high":{"url":"https://coub-anubis-a.akamaized.net/coub_storage/coub/simple/cw_file/4278e47c580/6f9724b322fdd3ef4dd25/muted_mp4_big_size_1570644452_muted_big.mp4","size":2619650},"med":{"url":"https://coub-anubis-a.akamaized.net/coub_storage/coub/simple/cw_file/4278e47c580/6f9724b322fdd3ef4dd25/muted_mp4_med_size_1570644452_muted_med.mp4","size":771878}},"audio":{"high":{"url":"https://coub-anubis-a.akamaized.net/coub_storage/coub/simple/cw_looped_audio_high/c22363841d3/68be18117de4f8ad7d3c1/1605680014_high_1553532610_high.mp3","size":1226520},"med":{"url":"https://coub-anubis-a.akamaized.net/coub_storage/coub/simple/cw_looped_audio_med/f0b546bf1d2/d9a6e507ee8a77616b423/1605680013_med_1553532610_med.mp3","size":871530},"sample_duration":9.102}},"mobile":{"video":"https://coub-anubis-a.akamaized.net/coub_storage/coub/simple/cw_file/4278e47c580/6f9724b322fdd3ef4dd25/muted_mp4_med_size_1570644452_muted_med.mp4","audio":["https://coub-anubis-a.akamaized.net/coub_storage/coub/simple/cw_looped_audio_med/f0b546bf1d2/d9a6e507ee8a77616b423/1605680013_med_1553532610_med.mp3"]},"share":{"default":"https://coub-anubis-a.akamaized.net/coub_storage/coub/simple/cw_video_for_sharing/141a586f232/69a8a51043834bdb23ee9/1608360117_looped_1608360116.mp4"}},"audio_versions":{},"image_versions":{"template":"https://coub-anubis-a.akamaized.net/coub_storage/coub/simple/cw_image/05267e56fd9/51c165419405e8efc187c/1553532617_00029.jpg","versions":["micro","tiny","age_restricted","ios_large","ios_mosaic","big","med","small","pinterest"]},"first_frame_versions":{"template":"https://coub-anubis-a.akamaized.net/coub_storage/coub/simple/cw_timeline_pic/2411e2f419b/3c60b3994a831bbb8f5a0/%{version}_1553532616_image.jpg","versions":["big","med","small","ios_large"]},"dimensions":{"big":[1280,720],"med":[640,360]},"site_w_h":[640,360],"page_w_h":[640,360],"site_w_h_small":[310,174],"size":[1280,720],"age_restricted":false,"age_restricted_by_admin":false,"not_safe_for_work":false,"allow_reuse":false,"dont_crop":false,"banned":false,"global_safe":false,"audio_file_url":null,"external_download":{"type":"Youtube","service_name":"YouTube","url":"https://www.youtube.com/watch?v=FG3MrfTRXsw","has_embed":true},"application":null,"channel":{"id":5243069,"permalink":"weebly420","title":"Weeb420","description":"Hi all!I'm Weeb420.Love Japan and Japanese staff: cars, anime, culture. Subscribe!","followers_count":51,"following_count":12,"avatar_versions":{"template":"https://coub-anubis-a.akamaized.net/coub_storage/channel/cw_avatar/16320401edd/70456c878de20cb4d77be/%{version}_1607851692_6qjl1f_1548963109_sD3vJxIM6lQ.jpg","versions":["medium","medium_2x","profile_pic","profile_pic_new","profile_pic_new_2x","tiny","tiny_2x","small","small_2x","ios_large","ios_small"]}},"file":null,"picture":"https://coub-anubis-a.akamaized.net/coub_storage/coub/simple/cw_image/05267e56fd9/51c165419405e8efc187c/1553532617_00029.jpg","timeline_picture":"https://coub-anubis-a.akamaized.net/coub_storage/coub/simple/cw_timeline_pic/2411e2f419b/3c60b3994a831bbb8f5a0/ios_large_1553532616_image.jpg","small_picture":"https://coub-anubis-a.akamaized.net/coub_storage/coub/simple/cw_image/05267e56fd9/51c165419405e8efc187c/1553532617_00029.jpg","sharing_picture":null,"percent_done":100,"tags":[{"id":3195502,"title":"vrchat","value":"vrchat"},{"id":3415775,"title":"врчат","value":"%D0%B2%D1%80%D1%87%D0%B0%D1%82"},{"id":141452,"title":"фэнтези","value":"%D1%84%D1%8D%D0%BD%D1%82%D0%B5%D0%B7%D0%B8"},{"id":4382530,"title":"вр чат юмор","value":"%D0%B2%D1%80%20%D1%87%D0%B0%D1%82%20%D1%8E%D0%BC%D0%BE%D1%80"},{"id":3763048,"title":"вр чат аниме","value":"%D0%B2%D1%80%20%D1%87%D0%B0%D1%82%20%D0%B0%D0%BD%D0%B8%D0%BC%D0%B5"},{"id":4480,"title":"приколы","value":"%D0%BF%D1%80%D0%B8%D0%BA%D0%BE%D0%BB%D1%8B"},{"id":164,"title":"аниме","value":"%D0%B0%D0%BD%D0%B8%D0%BC%D0%B5"},{"id":216448,"title":"аниме приколы","value":"%D0%B0%D0%BD%D0%B8%D0%BC%D0%B5%20%D0%BF%D1%80%D0%B8%D0%BA%D0%BE%D0%BB%D1%8B"},{"id":4793811,"title":"mmorpg приколы","value":"mmorpg%20%D0%BF%D1%80%D0%B8%D0%BA%D0%BE%D0%BB%D1%8B"},{"id":4793812,"title":"mmorpg юмор","value":"mmorpg%20%D1%8E%D0%BC%D0%BE%D1%80"},{"id":4793813,"title":"mmorpg приключения","value":"mmorpg%20%D0%BF%D1%80%D0%B8%D0%BA%D0%BB%D1%8E%D1%87%D0%B5%D0%BD%D0%B8%D1%8F"},{"id":2407672,"title":"фэнтези приключения","value":"%D1%84%D1%8D%D0%BD%D1%82%D0%B5%D0%B7%D0%B8%20%D0%BF%D1%80%D0%B8%D0%BA%D0%BB%D1%8E%D1%87%D0%B5%D0%BD%D0%B8%D1%8F"},{"id":4793814,"title":"фэнтези юмор","value":"%D1%84%D1%8D%D0%BD%D1%82%D0%B5%D0%B7%D0%B8%20%D1%8E%D0%BC%D0%BE%D1%80"},{"id":30210,"title":"vr","value":"vr"},{"id":4793815,"title":"vr fantasy","value":"vr%20fantasy"},{"id":133135,"title":"rp","value":"rp"},{"id":488853,"title":"role playing","value":"role%20playing"},{"id":478426,"title":"ролевая игра","value":"%D1%80%D0%BE%D0%BB%D0%B5%D0%B2%D0%B0%D1%8F%20%D0%B8%D0%B3%D1%80%D0%B0"}],"categories":[{"id":17,"title":"Gaming","permalink":"gaming","subscriptions_count":10089456,"big_image_url":"https://coub-anubis-a.akamaized.net/coub_storage/category/cw_image/49fb773a80c/efee899b14f85527ed209/big_1544749693_gaming2.png","small_image_url":"https://coub-anubis-a.akamaized.net/coub_storage/category/cw_image/49fb773a80c/efee899b14f85527ed209/small_1544749693_gaming2.png","med_image_url":"https://coub-anubis-a.akamaized.net/coub_storage/category/cw_image/49fb773a80c/efee899b14f85527ed209/med_1544749693_gaming2.png","visible":true}],"communities":[{"id":17,"title":"Gaming","permalink":"gaming","subscriptions_count":10089456,"big_image_url":"https://coub-anubis-a.akamaized.net/coub_storage/category/cw_image/49fb773a80c/efee899b14f85527ed209/big_1544749693_gaming2.png","small_image_url":"https://coub-anubis-a.akamaized.net/coub_storage/category/cw_image/49fb773a80c/efee899b14f85527ed209/small_1544749693_gaming2.png","med_image_url":"https://coub-anubis-a.akamaized.net/coub_storage/category/cw_image/49fb773a80c/efee899b14f85527ed209/med_1544749693_gaming2.png","i_subscribed":true,"community_notifications_enabled":null,"description":null}],"recoubs_count":360,"remixes_count":0,"likes_count":1628,"dislikes_count":0,"raw_video_id":13424165,"uploaded_by_ios_app":false,"uploaded_by_android_app":false,"media_blocks":{"uploaded_raw_videos":[],"external_raw_videos":[{"id":31045557,"title":"VRCHAT : ФЭНТЕЗИ! ЭТО КОНЕЦ?!","url":"https://www.youtube.com/watch?v=FG3MrfTRXsw","image":"https://coub-anubis-a.akamaized.net/coub_storage/media_block/cw_image/ebc325d7be5/e7edfce86b6dd1a398ef5/1553343001_178djw8_1553342922_squqyo_att-url-download.jpg","image_retina":"https://coub-anubis-a.akamaized.net/coub_storage/media_block/cw_image/ebc325d7be5/e7edfce86b6dd1a398ef5/1553343001_178djw8_1553342922_squqyo_att-url-download.jpg","meta":{"service":"Youtube","duration":"442.12"},"duration":442.12,"raw_video_id":13424165,"has_embed":true}],"remixed_from_coubs":[],"external_video":{"id":31045557,"title":"VRCHAT : ФЭНТЕЗИ! ЭТО КОНЕЦ?!","url":"https://www.youtube.com/watch?v=FG3MrfTRXsw","image":"https://coub-anubis-a.akamaized.net/coub_storage/media_block/cw_image/ebc325d7be5/e7edfce86b6dd1a398ef5/1553343001_178djw8_1553342922_squqyo_att-url-download.jpg","image_retina":"https://coub-anubis-a.akamaized.net/coub_storage/media_block/cw_image/ebc325d7be5/e7edfce86b6dd1a398ef5/1553343001_178djw8_1553342922_squqyo_att-url-download.jpg","meta":{"service":"Youtube","duration":"442.12"},"duration":442.12,"raw_video_id":13424165,"has_embed":true}},"raw_video_thumbnail_url":"/missing/missing.png","raw_video_title":"VRCHAT : ФЭНТЕЗИ! ЭТО КОНЕЦ?!","video_block_banned":false,"duration":9.12,"promo_winner":false,"promo_winner_recoubers":null,"editorial_info":{},"promo_hint":null,"beeline_best_2014":null,"from_web_editor":true,"normalize_sound":true,"normalize_change_allowed":true,"best2015_addable":false,"ahmad_promo":null,"promo_data":null,"audio_copyright_claim":null,"ads_disabled":false,"is_safe_for_ads":true,"megafon_contents":[],"position_on_page":1},{"flag":null,"abuses":null,"recoubs_by_users_channels":null,"favourite":false,"promoted_id":null,"recoub":null,"like":null,"dislike":null,"reaction":null,"in_my_best2015":false,"id":79573245,"type":"Coub::Simple","permalink":"1ayw8l","title":"NFS: Most wanted 2012","visibility_type":"public","original_visibility_type":"public","channel_id":4606512,"created_at":"2018-07-12T17:28:01Z","updated_at":"2022-03-07T17:04:13Z","is_done":true,"views_count":104018,"cotd":null,"cotd_at":null,"visible_on_explore_root":false,"visible_on_explore":false,"featured":false,"published":true,"published_at":"2018-07-12T17:28:01Z","reversed":false,"from_editor_v2":true,"is_editable":true,"original_sound":false,"has_sound":false,"recoub_to":null,"file_versions":{"html5":{"video":{"higher":{"url":"https://coub-anubis-a.akamaized.net/coub_storage/coub/simple/cw_file/3d083c93704/7e495122aa7d1fef34fa8/muted_mp4_huge_size_1568257948_muted_huge.mp4","size":4882745},"high":{"url":"https://coub-anubis-a.akamaized.net/coub_storage/coub/simple/cw_file/3d083c93704/7e495122aa7d1fef34fa8/muted_mp4_big_size_1568257948_muted_big.mp4","size":3493741},"med":{"url":"https://coub-anubis-a.akamaized.net/coub_storage/coub/simple/cw_file/3d083c93704/7e495122aa7d1fef34fa8/muted_mp4_med_size_1568257948_muted_med.mp4","size":1212049}},"audio":{"high":{"url":"https://coub-anubis-a.akamaized.net/coub_storage/coub/simple/cw_looped_audio_high/7c9cb976fd1/3d61b10ee8fdd82d6440e/1605618918_high_1531416498_high.mp3","size":819232},"med":{"url":"https://coub-anubis-a.akamaized.net/coub_storage/coub/simple/cw_looped_audio_med/d0de80f4ded/12cd30ba63252db2f700d/1605618918_med_1531416498_med.mp3","size":606422}}},"mobile":{"video":"https://coub-anubis-a.akamaized.net/coub_storage/coub/simple/cw_file/3d083c93704/7e495122aa7d1fef34fa8/muted_mp4_med_size_1568257948_muted_med.mp4","audio":["https://coub-anubis-a.akamaized.net/coub_storage/coub/simple/cw_looped_audio_med/d0de80f4ded/12cd30ba63252db2f700d/1605618918_med_1531416498_med.mp3"]},"share":{"default":"https://coub-anubis-a.akamaized.net/coub_storage/coub/simple/cw_video_for_sharing/5c43f50f8a6/766665ccf1cc52041fb0a/1624586301_looped_1624586299.mp4"}},"audio_versions":{"template":"https://coub-anubis-a.akamaized.net/coub_storage/audio_track/cw_file/707ea4eb590/f4643f14c83dd4d2e9a08/mid_1531416492_oluz7z_edited.mp3","versions":["mid","low"]},"image_versions":{"template":"https://coub-anubis-a.akamaized.net/coub_storage/coub/simple/cw_image/1ce022e36ea/5269eea3f58afac0b1d46/1531416536_00032.jpg","versions":["micro","tiny","age_restricted","ios_large","ios_mosaic","big","med","small","pinterest"]},"first_frame_versions":{"template":"https://coub-anubis-a.akamaized.net/coub_storage/coub/simple/cw_timeline_pic/fbf64039038/fd0aad9de20a8a46cc531/1531416535_image.jpg","versions":["big","med","small","ios_large"]},"dimensions":{"big":[1280,720],"med":[640,360]},"site_w_h":[640,360],"page_w_h":[640,360],"site_w_h_small":[310,174],"size":[1280,720],"age_restricted":false,"age_restricted_by_admin":false,"not_safe_for_work":false,"allow_reuse":false,"dont_crop":false,"banned":false,"global_safe":true,"audio_file_url":"https://coub-anubis-a.akamaized.net/coub_storage/audio_track/cw_file/707ea4eb590/f4643f14c83dd4d2e9a08/low_1531416492_oluz7z_edited.mp3","external_download":false,"application":null,"channel":{"id":4606512,"permalink":"oe627717","title":"Ɗℜ₳ℂØ","description":null,"followers_count":188,"following_count":108,"avatar_versions":{"template":"https://coub-anubis-a.akamaized.net/coub_storage/channel/cw_avatar/c7a76ad189b/706d8edb0e2c52b8db03a/%{version}_1607728968_o1tybe_1548596002_new.jpg","versions":["medium","medium_2x","profile_pic","profile_pic_new","profile_pic_new_2x","tiny","tiny_2x","small","small_2x","ios_large","ios_small"]}},"file":null,"picture":"https://coub-anubis-a.akamaized.net/coub_storage/coub/simple/cw_image/1ce022e36ea/5269eea3f58afac0b1d46/1531416536_00032.jpg","timeline_picture":"https://coub-anubis-a.akamaized.net/coub_storage/coub/simple/cw_timeline_pic/fbf64039038/fd0aad9de20a8a46cc531/1531416535_image.jpg","small_picture":"https://coub-anubis-a.akamaized.net/coub_storage/coub/simple/cw_image/1ce022e36ea/5269eea3f58afac0b1d46/1531416536_00032.jpg","sharing_picture":null,"percent_done":100,"tags":[{"id":139746,"title":"nfsmw","value":"nfsmw"},{"id":4842,"title":"nfs","value":"nfs"},{"id":132544,"title":"need for speed most wanted","value":"need%20for%20speed%20most%20wanted"},{"id":258080,"title":"nfs most wanted live-action","value":"nfs%20most%20wanted%20live-action"},{"id":77068,"title":"most wanted","value":"most%20wanted"},{"id":258081,"title":"most wanted 2012","value":"most%20wanted%202012"},{"id":258082,"title":"multiplayer game features","value":"multiplayer%20game%20features"},{"id":258084,"title":"nfs most wanted trailer","value":"nfs%20most%20wanted%20trailer"},{"id":258086,"title":"nfs most wanted 2012 trailer","value":"nfs%20most%20wanted%202012%20trailer"},{"id":119108,"title":"criterion","value":"criterion"},{"id":32582,"title":"electronic arts","value":"electronic%20arts"},{"id":9175,"title":"ea","value":"ea"},{"id":1140,"title":"game","value":"game"},{"id":5316,"title":"trailer","value":"trailer"},{"id":151954,"title":"styles of beyond","value":"styles%20of%20beyond"},{"id":151955,"title":"nine thou","value":"nine%20thou"}],"categories":[{"id":17,"title":"Gaming","permalink":"gaming","subscriptions_count":10089456,"big_image_url":"https://coub-anubis-a.akamaized.net/coub_storage/category/cw_image/49fb773a80c/efee899b14f85527ed209/big_1544749693_gaming2.png","small_image_url":"https://coub-anubis-a.akamaized.net/coub_storage/category/cw_image/49fb773a80c/efee899b14f85527ed209/small_1544749693_gaming2.png","med_image_url":"https://coub-anubis-a.akamaized.net/coub_storage/category/cw_image/49fb773a80c/efee899b14f85527ed209/med_1544749693_gaming2.png","visible":true}],"communities":[{"id":17,"title":"Gaming","permalink":"gaming","subscriptions_count":10089456,"big_image_url":"https://coub-anubis-a.akamaized.net/coub_storage/category/cw_image/49fb773a80c/efee899b14f85527ed209/big_1544749693_gaming2.png","small_image_url":"https://coub-anubis-a.akamaized.net/coub_storage/category/cw_image/49fb773a80c/efee899b14f85527ed209/small_1544749693_gaming2.png","med_image_url":"https://coub-anubis-a.akamaized.net/coub_storage/category/cw_image/49fb773a80c/efee899b14f85527ed209/med_1544749693_gaming2.png","i_subscribed":true,"community_notifications_enabled":null,"description":null}],"recoubs_count":348,"remixes_count":1,"likes_count":1628,"dislikes_count":0,"raw_video_id":"","uploaded_by_ios_app":false,"uploaded_by_android_app":false,"media_blocks":{"uploaded_raw_videos":[],"external_raw_videos":[],"remixed_from_coubs":[{"id":26610153,"title":"NFS Most Wanted (2012) | Live-Action Trailer [EN] (2012) | FULL HD","url":"https://coub.com/coubs/18nuvd/remix","image":"https://coub-anubis-a.akamaized.net/coub_storage/media_block/cw_image/d37408abef6/7da565658975a27aaf205/1527595370_1527595356_00032.jpg","image_retina":"https://coub-anubis-a.akamaized.net/coub_storage/media_block/cw_image/d37408abef6/7da565658975a27aaf205/1527595370_1527595356_00032.jpg","meta":{"duration":"10.0"},"duration":null,"coub_channel_title":" Extremal","coub_channel_permalink":"extremal","coub_views_count":2408,"coub_permalink":"18nuvd"}]},"raw_video_thumbnail_url":"","raw_video_title":"","video_block_banned":false,"duration":10.0,"promo_winner":false,"promo_winner_recoubers":null,"editorial_info":{},"promo_hint":null,"beeline_best_2014":null,"from_web_editor":true,"normalize_sound":false,"normalize_change_allowed":false,"best2015_addable":false,"ahmad_promo":null,"promo_data":null,"audio_copyright_claim":null,"ads_disabled":false,"is_safe_for_ads":true,"megafon_contents":[],"position_on_page":2},{"flag":null,"abuses":null,"recoubs_by_users_channels":null,"favourite":false,"promoted_id":null,"recoub":null,"like":null,"dislike":null,"reaction":null,"in_my_best2015":false,"id":71569349,"type":"Coub::Simple","permalink":"166mvq","title":"Wait for it Rainbow 6 Siege","visibility_type":"public","original_visibility_type":"public","channel_id":4181899,"created_at":"2018-04-09T21:03:59Z","updated_at":"2022-03-14T06:06:24Z","is_done":true,"views_count":125801,"cotd":null,"cotd_at":null,"visible_on_explore_root":false,"visible_on_explore":false,"featured":false,"published":true,"published_at":"2018-04-09T21:03:59Z","reversed":false,"from_editor_v2":true,"is_editable":true,"original_sound":true,"has_sound":true,"recoub_to":null,"file_versions":{"html5":{"video":{"higher":{"url":"https://coub-anubis-a.akamaized.net/coub_storage/coub/simple/cw_file/044bc4dac77/2a313f9df517db491ee6e/muted_mp4_huge_size_1568218506_muted_huge.mp4","size":3148363},"high":{"url":"https://coub-anubis-a.akamaized.net/coub_storage/coub/simple/cw_file/044bc4dac77/2a313f9df517db491ee6e/muted_mp4_big_size_1568218506_muted_big.mp4","size":2174077},"med":{"url":"https://coub-anubis-a.akamaized.net/coub_storage/coub/simple/cw_file/044bc4dac77/2a313f9df517db491ee6e/muted_mp4_med_size_1568218506_muted_med.mp4","size":574086}},"audio":{"high":{"url":"https://coub-anubis-a.akamaized.net/coub_storage/coub/simple/cw_looped_audio_high/10c095b8e6a/bdc4417ff9b3628c9fe1f/1605645534_high_1523307845_high.mp3","size":951660},"med":{"url":"https://coub-anubis-a.akamaized.net/coub_storage/coub/simple/cw_looped_audio_med/92fa36e53c5/c6af95c3c004f8e537a39/1605645534_med_1523307845_med.mp3","size":934809},"sample_duration":9.984}},"mobile":{"video":"https://coub-anubis-a.akamaized.net/coub_storage/coub/simple/cw_file/044bc4dac77/2a313f9df517db491ee6e/muted_mp4_med_size_1568218506_muted_med.mp4","audio":["https://coub-anubis-a.akamaized.net/coub_storage/coub/simple/cw_looped_audio_med/92fa36e53c5/c6af95c3c004f8e537a39/1605645534_med_1523307845_med.mp3"]},"share":{"default":"https://coub-anubis-a.akamaized.net/coub_storage/coub/simple/cw_video_for_sharing/e6a4b698ca6/f4990f918dd8bf40cd558/1610222655_looped_1610222652.mp4"}},"audio_versions":{},"image_versions":{"template":"https://coub-anubis-a.akamaized.net/coub_storage/coub/simple/cw_image/9c994ad661b/7c17ef2b4d16b6574ee2a/1523307852_00032.jpg","versions":["micro","tiny","age_restricted","ios_large","ios_mosaic","big","med","small","pinterest"]},"first_frame_versions":{"template":"https://coub-anubis-a.akamaized.net/coub_storage/coub/simple/cw_timeline_pic/0a04f8a1dc0/c22820eb227f4ee391468/1523307851_image.jpg","versions":["big","med","small","ios_large"]},"dimensions":{"big":[1280,960],"med":[640,480]},"site_w_h":[640,480],"page_w_h":[640,480],"site_w_h_small":[310,233],"size":[1280,960],"age_restricted":false,"age_restricted_by_admin":false,"not_safe_for_work":false,"allow_reuse":false,"dont_crop":false,"banned":false,"global_safe":true,"audio_file_url":null,"external_download":{"type":"Facebook","service_name":"Facebook","url":"http://www.facebook.com/soybanditz/videos/2130562830302186/","has_embed":false},"application":null,"channel":{"id":4181899,"permalink":"jokers14","title":"JokerS","description":null,"followers_count":32,"following_count":13,"avatar_versions":{"template":"https://coub-anubis-a.akamaized.net/coub_storage/channel/cw_avatar/ea2b09e5de8/c00f40d2674c22d2c9b8b/%{version}_1607753286_6u0muc_1521262328_filename.jpeg","versions":["medium","medium_2x","profile_pic","profile_pic_new","profile_pic_new_2x","tiny","tiny_2x","small","small_2x","ios_large","ios_small"]}},"file":null,"picture":"https://coub-anubis-a.akamaized.net/coub_storage/coub/simple/cw_image/9c994ad661b/7c17ef2b4d16b6574ee2a/1523307852_00032.jpg","timeline_picture":"https://coub-anubis-a.akamaized.net/coub_storage/coub/simple/cw_timeline_pic/0a04f8a1dc0/c22820eb227f4ee391468/1523307851_image.jpg","small_picture":"https://coub-anubis-a.akamaized.net/coub_storage/coub/simple/cw_image/9c994ad661b/7c17ef2b4d16b6574ee2a/1523307852_00032.jpg","sharing_picture":null,"percent_done":100,"tags":[{"id":153198,"title":"wait for it","value":"wait%20for%20it"},{"id":356784,"title":"rainbow six siege","value":"rainbow%20six%20siege"},{"id":1738391,"title":"caveira","value":"caveira"},{"id":3868654,"title":"you never know whats on the other side","value":"you%20never%20know%20whats%20on%20the%20other%20side"}],"categories":[{"id":17,"title":"Gaming","permalink":"gaming","subscriptions_count":10089456,"big_image_url":"https://coub-anubis-a.akamaized.net/coub_storage/category/cw_image/49fb773a80c/efee899b14f85527ed209/big_1544749693_gaming2.png","small_image_url":"https://coub-anubis-a.akamaized.net/coub_storage/category/cw_image/49fb773a80c/efee899b14f85527ed209/small_1544749693_gaming2.png","med_image_url":"https://coub-anubis-a.akamaized.net/coub_storage/category/cw_image/49fb773a80c/efee899b14f85527ed209/med_1544749693_gaming2.png","visible":true}],"communities":[{"id":17,"title":"Gaming","permalink":"gaming","subscriptions_count":10089456,"big_image_url":"https://coub-anubis-a.akamaized.net/coub_storage/category/cw_image/49fb773a80c/efee899b14f85527ed209/big_1544749693_gaming2.png","small_image_url":"https://coub-anubis-a.akamaized.net/coub_storage/category/cw_image/49fb773a80c/efee899b14f85527ed209/small_1544749693_gaming2.png","med_image_url":"https://coub-anubis-a.akamaized.net/coub_storage/category/cw_image/49fb773a80c/efee899b14f85527ed209/med_1544749693_gaming2.png","i_subscribed":true,"community_notifications_enabled":null,"description":null}],"recoubs_count":348,"remixes_count":3,"likes_count":1628,"dislikes_count":0,"raw_video_id":11492139,"uploaded_by_ios_app":true,"uploaded_by_android_app":false,"media_blocks":{"uploaded_raw_videos":[],"external_raw_videos":[{"id":25807120,"title":"😂😂😂😂 By: Gsonicify","url":"https://www.facebook.com/soybanditz/videos/2130562830302186","image":null,"image_retina":null,"meta":{"service":"Facebook","duration":"11.68"},"duration":11.68,"raw_video_id":11492139,"has_embed":false}],"remixed_from_coubs":[],"external_video":{"id":25807120,"title":"😂😂😂😂 By: Gsonicify","url":"https://www.facebook.com/soybanditz/videos/2130562830302186","image":null,"image_retina":null,"meta":{"service":"Facebook","duration":"11.68"},"duration":11.68,"raw_video_id":11492139,"has_embed":false}},"raw_video_thumbnail_url":"/missing/missing.png","raw_video_title":"😂😂😂😂 By: Gsonicify","video_block_banned":false,"duration":10.0,"promo_winner":false,"promo_winner_recoubers":null,"editorial_info":{},"promo_hint":null,"beeline_best_2014":null,"from_web_editor":false,"normalize_sound":true,"normalize_change_allowed":true,"best2015_addable":false,"ahmad_promo":null,"promo_data":null,"audio_copyright_claim":null,"ads_disabled":false,"is_safe_for_ads":true,"megafon_contents":[],"position_on_page":3},{"flag":null,"abuses":null,"recoubs_by_users_channels":null,"favourite":false,"promoted_id":null,"recoub":null,"like":null,"dislike":null,"reaction":null,"in_my_best2015":false,"id":169061297,"type":"Coub::Simple","permalink":"2sb3e7","title":"Если хочешь...","visibility_type":"public","original_visibility_type":"public","channel_id":1503890,"created_at":"2021-05-20T14:25:31Z","updated_at":"2022-03-15T21:05:50Z","is_done":true,"views_count":121865,"cotd":null,"cotd_at":null,"visible_on_explore_root":false,"visible_on_explore":false,"featured":false,"published":true,"published_at":"2021-05-20T14:25:31Z","reversed":false,"from_editor_v2":true,"is_editable":true,"original_sound":true,"has_sound":true,"recoub_to":null,"file_versions":{"html5":{"video":{"higher":{"url":"https://coub-anubis-a.akamaized.net/coub_storage/coub/simple/cw_file/7121cbd9385/909e756ad8d6010693a9c/muted_mp4_huge_size_1621520735_muted_huge.mp4","size":1630290},"high":{"url":"https://coub-anubis-a.akamaized.net/coub_storage/coub/simple/cw_file/7121cbd9385/909e756ad8d6010693a9c/muted_mp4_big_size_1621520735_muted_big.mp4","size":1009826},"med":{"url":"https://coub-anubis-a.akamaized.net/coub_storage/coub/simple/cw_file/7121cbd9385/909e756ad8d6010693a9c/muted_mp4_med_size_1621520735_muted_med.mp4","size":337662}},"audio":{"high":{"url":"https://coub-anubis-a.akamaized.net/coub_storage/coub/simple/cw_looped_audio_high/7e9f1f73eb2/050b39b2e3e62431a47c2/1621520737_mp3-high.mp3","size":1064719},"med":{"url":"https://coub-anubis-a.akamaized.net/coub_storage/coub/simple/cw_looped_audio_med/d11125d355f/d4228a1d6633f77c1aa52/1621520737_mp3-med.mp3","size":894882},"sample_duration":6.223}},"mobile":{"video":"https://coub-anubis-a.akamaized.net/coub_storage/coub/simple/cw_file/7121cbd9385/909e756ad8d6010693a9c/muted_mp4_med_size_1621520735_muted_med.mp4","audio":["https://coub-anubis-a.akamaized.net/coub_storage/coub/simple/cw_looped_audio_med/d11125d355f/d4228a1d6633f77c1aa52/1621520737_mp3-med.mp3"]},"share":{"default":"https://coub-anubis-a.akamaized.net/coub_storage/coub/simple/cw_video_for_sharing/0b79dac2d74/0d35ea63ee20855eb7678/1621520759_looped_1621520759.mp4"}},"audio_versions":{},"image_versions":{"template":"https://coub-anubis-a.akamaized.net/coub_storage/coub/simple/cw_image/371d1649023/7a897c12d5043652ad7d6/%{version}_1621520741_00020.jpg","versions":["micro","tiny","age_restricted","ios_large","ios_mosaic","big","med","small","pinterest"]},"first_frame_versions":{"template":"https://coub-anubis-a.akamaized.net/coub_storage/coub/simple/cw_timeline_pic/2b4dbee25e2/b65efafa170907a9fe8b4/%{version}_1621520740_image.jpg","versions":["big","med","small","ios_large"]},"dimensions":{"big":[1280,720],"med":[640,360]},"site_w_h":[640,360],"page_w_h":[640,360],"site_w_h_small":[310,174],"size":[1280,720],"age_restricted":false,"age_restricted_by_admin":false,"not_safe_for_work":false,"allow_reuse":false,"dont_crop":true,"banned":false,"global_safe":null,"audio_file_url":null,"external_download":false,"application":null,"channel":{"id":1503890,"permalink":"sic.sent","title":"Sic","description":null,"followers_count":30,"following_count":22,"avatar_versions":{"template":"https://coub-anubis-a.akamaized.net/coub_storage/channel/cw_avatar/0917b1ea496/c718006eaae70cfb63dad/%{version}_1609854979_150113_original.jpg","versions":["medium","medium_2x","profile_pic","profile_pic_new","profile_pic_new_2x","tiny","tiny_2x","small","small_2x","ios_large","ios_small"]}},"file":null,"picture":"https://coub-anubis-a.akamaized.net/coub_storage/coub/simple/cw_image/371d1649023/7a897c12d5043652ad7d6/med_1621520741_00020.jpg","timeline_picture":"https://coub-anubis-a.akamaized.net/coub_storage/coub/simple/cw_timeline_pic/2b4dbee25e2/b65efafa170907a9fe8b4/ios_large_1621520740_image.jpg","small_picture":"https://coub-anubis-a.akamaized.net/coub_storage/coub/simple/cw_image/371d1649023/7a897c12d5043652ad7d6/ios_mosaic_1621520741_00020.jpg","sharing_picture":null,"percent_done":100,"tags":[{"id":888,"title":"киркоров","value":"%D0%BA%D0%B8%D1%80%D0%BA%D0%BE%D1%80%D0%BE%D0%B2"},{"id":63561,"title":"скайрим","value":"%D1%81%D0%BA%D0%B0%D0%B9%D1%80%D0%B8%D0%BC"},{"id":603,"title":"skyrim","value":"skyrim"}],"categories":[{"id":17,"title":"Gaming","permalink":"gaming","subscriptions_count":10089456,"big_image_url":"https://coub-anubis-a.akamaized.net/coub_storage/category/cw_image/49fb773a80c/efee899b14f85527ed209/big_1544749693_gaming2.png","small_image_url":"https://coub-anubis-a.akamaized.net/coub_storage/category/cw_image/49fb773a80c/efee899b14f85527ed209/small_1544749693_gaming2.png","med_image_url":"https://coub-anubis-a.akamaized.net/coub_storage/category/cw_image/49fb773a80c/efee899b14f85527ed209/med_1544749693_gaming2.png","visible":true}],"communities":[{"id":17,"title":"Gaming","permalink":"gaming","subscriptions_count":10089456,"big_image_url":"https://coub-anubis-a.akamaized.net/coub_storage/category/cw_image/49fb773a80c/efee899b14f85527ed209/big_1544749693_gaming2.png","small_image_url":"https://coub-anubis-a.akamaized.net/coub_storage/category/cw_image/49fb773a80c/efee899b14f85527ed209/small_1544749693_gaming2.png","med_image_url":"https://coub-anubis-a.akamaized.net/coub_storage/category/cw_image/49fb773a80c/efee899b14f85527ed209/med_1544749693_gaming2.png","i_subscribed":true,"community_notifications_enabled":null,"description":null}],"recoubs_count":310,"remixes_count":0,"likes_count":1627,"dislikes_count":0,"raw_video_id":16457314,"uploaded_by_ios_app":false,"uploaded_by_android_app":false,"media_blocks":{"uploaded_raw_videos":[],"external_raw_videos":[],"remixed_from_coubs":[]},"raw_video_thumbnail_url":"https://coub-anubis-a.akamaized.net/coub_storage/raw_video/cw_image/603719cddb7/578059ba3203aa0ac517c/coub_media_1621520597_image.jpg","raw_video_title":"____________.mp4","video_block_banned":false,"duration":6.28,"promo_winner":false,"promo_winner_recoubers":null,"editorial_info":{},"promo_hint":null,"beeline_best_2014":null,"from_web_editor":true,"normalize_sound":true,"normalize_change_allowed":true,"best2015_addable":false,"ahmad_promo":null,"promo_data":null,"audio_copyright_claim":null,"ads_disabled":false,"is_safe_for_ads":true,"megafon_contents":[],"position_on_page":4},{"flag":null,"abuses":null,"recoubs_by_users_channels":null,"favourite":false,"promoted_id":null,"recoub":null,"like":null,"dislike":null,"reaction":null,"in_my_best2015":false,"id":135983675,"type":"Coub::Simple","permalink":"28lwln","title":"Релиз Warcraft 3: Reforged","visibility_type":"public","original_visibility_type":"public","channel_id":3928687,"created_at":"2020-02-01T22:44:22Z","updated_at":"2022-03-16T00:00:44Z","is_done":true,"views_count":132601,"cotd":null,"cotd_at":null,"visible_on_explore_root":false,"visible_on_explore":false,"featured":false,"published":true,"published_at":"2020-02-01T22:44:21Z","reversed":false,"from_editor_v2":true,"is_editable":true,"original_sound":false,"has_sound":false,"recoub_to":null,"file_versions":{"html5":{"video":{"higher":{"url":"https://coub-anubis-a.akamaized.net/coub_storage/coub/simple/cw_file/34c26320d49/26e78e623693723e4c7ec/muted_mp4_huge_size_1580600717_muted_huge.mp4","size":1531937},"high":{"url":"https://coub-anubis-a.akamaized.net/coub_storage/coub/simple/cw_file/34c26320d49/26e78e623693723e4c7ec/muted_mp4_big_size_1580600717_muted_big.mp4","size":1145391},"med":{"url":"https://coub-anubis-a.akamaized.net/coub_storage/coub/simple/cw_file/34c26320d49/26e78e623693723e4c7ec/muted_mp4_med_size_1580600717_muted_med.mp4","size":349951}},"audio":{"high":{"url":"https://coub-anubis-a.akamaized.net/coub_storage/coub/simple/cw_looped_audio_high/bd5fa58a6a7/42d96d50bbfd30b3d0bbd/1605706154_high_1580600739_high.mp3","size":1158729},"med":{"url":"https://coub-anubis-a.akamaized.net/coub_storage/coub/simple/cw_looped_audio_med/58e69a7abcc/d395a9d87c149d4cd65f1/1605706154_med_1580600739_med.mp3","size":957849},"sample_duration":10.147}},"mobile":{"video":"https://coub-anubis-a.akamaized.net/coub_storage/coub/simple/cw_file/34c26320d49/26e78e623693723e4c7ec/muted_mp4_med_size_1580600717_muted_med.mp4","audio":["https://coub-anubis-a.akamaized.net/coub_storage/coub/simple/cw_looped_audio_med/58e69a7abcc/d395a9d87c149d4cd65f1/1605706154_med_1580600739_med.mp3"]},"share":{"default":"https://coub-anubis-a.akamaized.net/coub_storage/coub/simple/cw_video_for_sharing/346b4ee23cc/26670d763dead0cf52b40/1613782924_looped_1613782924.mp4"}},"audio_versions":{"template":"https://coub-anubis-a.akamaized.net/coub_storage/audio_track/cw_normalized_copy/daf62321174/4105d200a239b2d831004/mid_1580600733_normalized_1580600719_1ir39vd_edited.mp3","versions":["mid","low"]},"image_versions":{"template":"https://coub-anubis-a.akamaized.net/coub_storage/coub/simple/cw_image/f9d474de795/a1abcffbfa1da8b350bfe/1580600750_00032.jpg","versions":["micro","tiny","age_restricted","ios_large","ios_mosaic","big","med","small","pinterest"]},"first_frame_versions":{"template":"https://coub-anubis-a.akamaized.net/coub_storage/coub/simple/cw_timeline_pic/2f4ab05ce57/ea9c6e63a7f0fe040c76c/1580600749_image.jpg","versions":["big","med","small","ios_large"]},"dimensions":{"big":[1280,720],"med":[640,360]},"site_w_h":[640,360],"page_w_h":[640,360],"site_w_h_small":[310,174],"size":[1280,720],"age_restricted":false,"age_restricted_by_admin":false,"not_safe_for_work":false,"allow_reuse":false,"dont_crop":false,"banned":false,"global_safe":false,"audio_file_url":"https://coub-anubis-a.akamaized.net/coub_storage/audio_track/cw_normalized_copy/daf62321174/4105d200a239b2d831004/low_1580600733_normalized_1580600719_1ir39vd_edited.mp3","external_download":{"type":"Youtube","service_name":"YouTube","url":"https://www.youtube.com/watch?v=eZF8NK09GP0","has_embed":true},"application":null,"channel":{"id":3928687,"permalink":"olexot00","title":"Olexot","description":null,"followers_count":35,"following_count":14,"avatar_versions":{"template":"https://coubsecureassets-a.akamaihd.net/assets/default-avatars/142-aa4aeb902f997828c3deceea5135b78c62073cee460d7764e3f9ec2f501c95f5.png"}},"file":null,"picture":"https://coub-anubis-a.akamaized.net/coub_storage/coub/simple/cw_image/f9d474de795/a1abcffbfa1da8b350bfe/1580600750_00032.jpg","timeline_picture":"https://coub-anubis-a.akamaized.net/coub_storage/coub/simple/cw_timeline_pic/2f4ab05ce57/ea9c6e63a7f0fe040c76c/1580600749_image.jpg","small_picture":"https://coub-anubis-a.akamaized.net/coub_storage/coub/simple/cw_image/f9d474de795/a1abcffbfa1da8b350bfe/1580600750_00032.jpg","sharing_picture":null,"percent_done":100,"tags":[{"id":5396812,"title":"нельзя обосраться","value":"%D0%BD%D0%B5%D0%BB%D1%8C%D0%B7%D1%8F%20%D0%BE%D0%B1%D0%BE%D1%81%D1%80%D0%B0%D1%82%D1%8C%D1%81%D1%8F"},{"id":39499,"title":"activision blizzard","value":"activision%20blizzard"},{"id":22487,"title":"blizzard entertainment","value":"blizzard%20entertainment"},{"id":4278103,"title":"blizzcon 2018","value":"blizzcon%202018"},{"id":70792,"title":"blizzcon","value":"blizzcon"},{"id":4278104,"title":"близзкон 2018","value":"%D0%B1%D0%BB%D0%B8%D0%B7%D0%B7%D0%BA%D0%BE%D0%BD%202018"},{"id":5294851,"title":"близзкон анонс","value":"%D0%B1%D0%BB%D0%B8%D0%B7%D0%B7%D0%BA%D0%BE%D0%BD%20%D0%B0%D0%BD%D0%BE%D0%BD%D1%81"},{"id":998538,"title":"близзкон","value":"%D0%B1%D0%BB%D0%B8%D0%B7%D0%B7%D0%BA%D0%BE%D0%BD"},{"id":186819,"title":"warcraft iii","value":"warcraft%20iii"},{"id":116510,"title":"warcraft iii: reign of chaos","value":"warcraft%20iii:%20reign%20of%20chaos"},{"id":1979138,"title":"warcraft 3 the frozen throne","value":"warcraft%203%20the%20frozen%20throne"},{"id":161215,"title":"frozen throne","value":"frozen%20throne"},{"id":263072,"title":"близзард","value":"%D0%B1%D0%BB%D0%B8%D0%B7%D0%B7%D0%B0%D1%80%D0%B4"},{"id":12654,"title":"warcraft","value":"warcraft"},{"id":599173,"title":"reforged","value":"reforged"},{"id":12657,"title":"warcraft 3","value":"warcraft%203"},{"id":514604,"title":"метелица","value":"%D0%BC%D0%B5%D1%82%D0%B5%D0%BB%D0%B8%D1%86%D0%B0"},{"id":1592663,"title":"reign of chaos","value":"reign%20of%20chaos"},{"id":12658,"title":"blizzard","value":"blizzard"},{"id":4611382,"title":"видеоигровая индустрия","value":"%D0%B2%D0%B8%D0%B4%D0%B5%D0%BE%D0%B8%D0%B3%D1%80%D0%BE%D0%B2%D0%B0%D1%8F%20%D0%B8%D0%BD%D0%B4%D1%83%D1%81%D1%82%D1%80%D0%B8%D1%8F"},{"id":673142,"title":"честный обзор","value":"%D1%87%D0%B5%D1%81%D1%82%D0%BD%D1%8B%D0%B9%20%D0%BE%D0%B1%D0%B7%D0%BE%D1%80"},{"id":74875,"title":"рецензия","value":"%D1%80%D0%B5%D1%86%D0%B5%D0%BD%D0%B7%D0%B8%D1%8F"},{"id":4861,"title":"обзор","value":"%D0%BE%D0%B1%D0%B7%D0%BE%D1%80"},{"id":5452872,"title":"мы обосрались","value":"%D0%BC%D1%8B%20%D0%BE%D0%B1%D0%BE%D1%81%D1%80%D0%B0%D0%BB%D0%B8%D1%81%D1%8C"},{"id":4781146,"title":"варкрафт 3 рефордж","value":"%D0%B2%D0%B0%D1%80%D0%BA%D1%80%D0%B0%D1%84%D1%82%203%20%D1%80%D0%B5%D1%84%D0%BE%D1%80%D0%B4%D0%B6"},{"id":4412755,"title":"warcraft 3 reforged","value":"warcraft%203%20reforged"},{"id":4412556,"title":"warcraft iii reforged","value":"warcraft%20iii%20reforged"},{"id":5272245,"title":"варкрафт 3 рефордж обзор","value":"%D0%B2%D0%B0%D1%80%D0%BA%D1%80%D0%B0%D1%84%D1%82%203%20%D1%80%D0%B5%D1%84%D0%BE%D1%80%D0%B4%D0%B6%20%D0%BE%D0%B1%D0%B7%D0%BE%D1%80"},{"id":5451581,"title":"warcraft iii reforged обзор","value":"warcraft%20iii%20reforged%20%D0%BE%D0%B1%D0%B7%D0%BE%D1%80"},{"id":4781147,"title":"warcraft 3 reforged обзор","value":"warcraft%203%20reforged%20%D0%BE%D0%B1%D0%B7%D0%BE%D1%80"}],"categories":[{"id":17,"title":"Gaming","permalink":"gaming","subscriptions_count":10089456,"big_image_url":"https://coub-anubis-a.akamaized.net/coub_storage/category/cw_image/49fb773a80c/efee899b14f85527ed209/big_1544749693_gaming2.png","small_image_url":"https://coub-anubis-a.akamaized.net/coub_storage/category/cw_image/49fb773a80c/efee899b14f85527ed209/small_1544749693_gaming2.png","med_image_url":"https://coub-anubis-a.akamaized.net/coub_storage/category/cw_image/49fb773a80c/efee899b14f85527ed209/med_1544749693_gaming2.png","visible":true}],"communities":[{"id":17,"title":"Gaming","permalink":"gaming","subscriptions_count":10089456,"big_image_url":"https://coub-anubis-a.akamaized.net/coub_storage/category/cw_image/49fb773a80c/efee899b14f85527ed209/big_1544749693_gaming2.png","small_image_url":"https://coub-anubis-a.akamaized.net/coub_storage/category/cw_image/49fb773a80c/efee899b14f85527ed209/small_1544749693_gaming2.png","med_image_url":"https://coub-anubis-a.akamaized.net/coub_storage/category/cw_image/49fb773a80c/efee899b14f85527ed209/med_1544749693_gaming2.png","i_subscribed":true,"community_notifications_enabled":null,"description":null}],"recoubs_count":304,"remixes_count":1,"likes_count":1627,"dislikes_count":0,"raw_video_id":14770987,"uploaded_by_ios_app":false,"uploaded_by_android_app":false,"media_blocks":{"uploaded_raw_videos":[],"external_raw_videos":[{"id":34666041,"title":"Мы обосрались. Обзор чего нет и не будет в Warcraft III Reforged.","url":"https://www.youtube.com/watch?v=eZF8NK09GP0","image":"https://coub-anubis-a.akamaized.net/coub_storage/media_block/cw_image/215240384d1/d2a12cd10286e49902a91/1580596424_6dcoat_1580596375_1ecr1sn_att-url-download.jpg","image_retina":"https://coub-anubis-a.akamaized.net/coub_storage/media_block/cw_image/215240384d1/d2a12cd10286e49902a91/1580596424_6dcoat_1580596375_1ecr1sn_att-url-download.jpg","meta":{"service":"Youtube","duration":"169.08"},"duration":169.08,"raw_video_id":14770883,"has_embed":true}],"remixed_from_coubs":[],"external_video":{"id":34666041,"title":"Мы обосрались. Обзор чего нет и не будет в Warcraft III Reforged.","url":"https://www.youtube.com/watch?v=eZF8NK09GP0","image":"https://coub-anubis-a.akamaized.net/coub_storage/media_block/cw_image/215240384d1/d2a12cd10286e49902a91/1580596424_6dcoat_1580596375_1ecr1sn_att-url-download.jpg","image_retina":"https://coub-anubis-a.akamaized.net/coub_storage/media_block/cw_image/215240384d1/d2a12cd10286e49902a91/1580596424_6dcoat_1580596375_1ecr1sn_att-url-download.jpg","meta":{"service":"Youtube","duration":"169.08"},"duration":169.08,"raw_video_id":14770883,"has_embed":true}},"raw_video_thumbnail_url":"/missing/missing.png","raw_video_title":"wc3.mp4","video_block_banned":false,"duration":10.04,"promo_winner":false,"promo_winner_recoubers":null,"editorial_info":{},"promo_hint":null,"beeline_best_2014":null,"from_web_editor":true,"normalize_sound":true,"normalize_change_allowed":true,"best2015_addable":false,"ahmad_promo":null,"promo_data":null,"audio_copyright_claim":null,"ads_disabled":false,"is_safe_for_ads":true,"megafon_contents":[],"position_on_page":5},{"flag":null,"abuses":null,"recoubs_by_users_channels":null,"favourite":false,"promoted_id":null,"recoub":null,"like":null,"dislike":null,"reaction":null,"in_my_best2015":false,"id":71481691,"type":"Coub::Simple","permalink":"164pp8","title":"nani 👉👌👍","visibility_type":"public","original_visibility_type":"public","channel_id":173941,"created_at":"2018-04-08T19:50:49Z","updated_at":"2022-03-14T23:47:44Z","is_done":true,"views_count":141179,"cotd":null,"cotd_at":null,"visible_on_explore_root":false,"visible_on_explore":false,"featured":false,"published":true,"published_at":"2018-04-08T19:50:48Z","reversed":false,"from_editor_v2":true,"is_editable":true,"original_sound":true,"has_sound":true,"recoub_to":null,"file_versions":{"html5":{"video":{"higher":{"url":"https://coub-anubis-a.akamaized.net/coub_storage/coub/simple/cw_file/64c6de1ab10/287ebca4a03b8fbe01821/muted_mp4_huge_size_1568218062_muted_huge.mp4","size":2434774},"high":{"url":"https://coub-anubis-a.akamaized.net/coub_storage/coub/simple/cw_file/64c6de1ab10/287ebca4a03b8fbe01821/muted_mp4_big_size_1568218062_muted_big.mp4","size":1702152},"med":{"url":"https://coub-anubis-a.akamaized.net/coub_storage/coub/simple/cw_file/64c6de1ab10/287ebca4a03b8fbe01821/muted_mp4_med_size_1568218062_muted_med.mp4","size":632556}},"audio":{"high":{"url":"https://coub-anubis-a.akamaized.net/coub_storage/coub/simple/cw_looped_audio_high/3ff369ba7d2/ce50fd25619d4938f83a0/1605645327_high_1523217135_high.mp3","size":1037702},"med":{"url":"https://coub-anubis-a.akamaized.net/coub_storage/coub/simple/cw_looped_audio_med/95b63cc1d50/5d25158fe496013b52a09/1605645327_med_1523217135_med.mp3","size":799076},"sample_duration":10.009}},"mobile":{"video":"https://coub-anubis-a.akamaized.net/coub_storage/coub/simple/cw_file/64c6de1ab10/287ebca4a03b8fbe01821/muted_mp4_med_size_1568218062_muted_med.mp4","audio":["https://coub-anubis-a.akamaized.net/coub_storage/coub/simple/cw_looped_audio_med/95b63cc1d50/5d25158fe496013b52a09/1605645327_med_1523217135_med.mp3"]},"share":{"default":"https://coub-anubis-a.akamaized.net/coub_storage/coub/simple/cw_video_for_sharing/25ac97edc60/4edb3cbfc851bc7661a70/1621372720_looped_1621372719.mp4"}},"audio_versions":{},"image_versions":{"template":"https://coub-anubis-a.akamaized.net/coub_storage/coub/simple/cw_image/7f8a578e93d/c31eadb5a8b00e5c55d07/1523217144_00032.jpg","versions":["micro","tiny","age_restricted","ios_large","ios_mosaic","big","med","small","pinterest"]},"first_frame_versions":{"template":"https://coub-anubis-a.akamaized.net/coub_storage/coub/simple/cw_timeline_pic/abb1279fab5/98d68811ebdab533d604c/1523217144_image.jpg","versions":["big","med","small","ios_large"]},"dimensions":{"big":[1280,720],"med":[640,360]},"site_w_h":[640,360],"page_w_h":[640,360],"site_w_h_small":[310,174],"size":[1280,720],"age_restricted":false,"age_restricted_by_admin":false,"not_safe_for_work":false,"allow_reuse":false,"dont_crop":false,"banned":false,"global_safe":true,"audio_file_url":null,"external_download":{"type":"Youtube","service_name":"YouTube","url":"http://youtu.be/aPRNj6CQcq0","has_embed":true},"application":null,"channel":{"id":173941,"permalink":"foolycoolyhicooly","title":"ᅠ","description":null,"followers_count":703,"following_count":74,"avatar_versions":{"template":"https://coub-anubis-a.akamaized.net/coub_storage/channel/cw_avatar/a2b361403ab/686e8d324c144012ae2b6/%{version}_1558261948_empty_avatar.png","versions":["medium","medium_2x","profile_pic","profile_pic_new","profile_pic_new_2x","tiny","tiny_2x","small","small_2x","ios_large","ios_small"]}},"file":null,"picture":"https://coub-anubis-a.akamaized.net/coub_storage/coub/simple/cw_image/7f8a578e93d/c31eadb5a8b00e5c55d07/1523217144_00032.jpg","timeline_picture":"https://coub-anubis-a.akamaized.net/coub_storage/coub/simple/cw_timeline_pic/abb1279fab5/98d68811ebdab533d604c/1523217144_image.jpg","small_picture":"https://coub-anubis-a.akamaized.net/coub_storage/coub/simple/cw_image/7f8a578e93d/c31eadb5a8b00e5c55d07/1523217144_00032.jpg","sharing_picture":null,"percent_done":100,"tags":[{"id":3597150,"title":"foxyclips","value":"foxyclips"},{"id":40426,"title":"foxy","value":"foxy"},{"id":3389870,"title":"vrchat funny moments","value":"vrchat%20funny%20moments"},{"id":3195502,"title":"vrchat","value":"vrchat"},{"id":3389881,"title":"vrchat funny","value":"vrchat%20funny"},{"id":3631723,"title":"funny vrchat moments","value":"funny%20vrchat%20moments"},{"id":2520481,"title":"vr funny moments","value":"vr%20funny%20moments"},{"id":3647020,"title":"vrchat best moments","value":"vrchat%20best%20moments"},{"id":3558504,"title":"vrchat highlights","value":"vrchat%20highlights"},{"id":3623483,"title":"funny vrchat","value":"funny%20vrchat"},{"id":3389869,"title":"vrchat moments","value":"vrchat%20moments"},{"id":3528186,"title":"funny vr moments","value":"funny%20vr%20moments"},{"id":3389871,"title":"vrchat gameplay","value":"vrchat%20gameplay"},{"id":3389880,"title":"vrchat comedy","value":"vrchat%20comedy"},{"id":3836803,"title":"vrchat best funny moments","value":"vrchat%20best%20funny%20moments"},{"id":3680230,"title":"vrchat funny moments compilation","value":"vrchat%20funny%20moments%20compilation"},{"id":3706506,"title":"nuts vrchat funny moments","value":"nuts%20vrchat%20funny%20moments"},{"id":3704752,"title":"funny moments vrchat","value":"funny%20moments%20vrchat"},{"id":3592845,"title":"vrchat funny moment","value":"vrchat%20funny%20moment"},{"id":2520475,"title":"virtual reality funny moments","value":"virtual%20reality%20funny%20moments"}],"categories":[{"id":17,"title":"Gaming","permalink":"gaming","subscriptions_count":10089456,"big_image_url":"https://coub-anubis-a.akamaized.net/coub_storage/category/cw_image/49fb773a80c/efee899b14f85527ed209/big_1544749693_gaming2.png","small_image_url":"https://coub-anubis-a.akamaized.net/coub_storage/category/cw_image/49fb773a80c/efee899b14f85527ed209/small_1544749693_gaming2.png","med_image_url":"https://coub-anubis-a.akamaized.net/coub_storage/category/cw_image/49fb773a80c/efee899b14f85527ed209/med_1544749693_gaming2.png","visible":true}],"communities":[{"id":17,"title":"Gaming","permalink":"gaming","subscriptions_count":10089456,"big_image_url":"https://coub-anubis-a.akamaized.net/coub_storage/category/cw_image/49fb773a80c/efee899b14f85527ed209/big_1544749693_gaming2.png","small_image_url":"https://coub-anubis-a.akamaized.net/coub_storage/category/cw_image/49fb773a80c/efee899b14f85527ed209/small_1544749693_gaming2.png","med_image_url":"https://coub-anubis-a.akamaized.net/coub_storage/category/cw_image/49fb773a80c/efee899b14f85527ed209/med_1544749693_gaming2.png","i_subscribed":true,"community_notifications_enabled":null,"description":null}],"recoubs_count":391,"remixes_count":0,"likes_count":1626,"dislikes_count":0,"raw_video_id":11398369,"uploaded_by_ios_app":true,"uploaded_by_android_app":false,"media_blocks":{"uploaded_raw_videos":[],"external_raw_videos":[{"id":25544769,"title":"POOR WOLFY | Best of: Sonnchi, ayytroxlmaokai and more! (VRChat Funny Moments #56)","url":"http://www.youtube.com/watch?v=aPRNj6CQcq0","image":"https://coub-anubis-a.akamaized.net/coub_storage/media_block/cw_image/50ffcd4f602/6ec5106cf1035bf26bbcf/1522038824_1522038720_1tu7ovr_att-url-download.jpg","image_retina":"https://coub-anubis-a.akamaized.net/coub_storage/media_block/cw_image/50ffcd4f602/6ec5106cf1035bf26bbcf/1522038824_1522038720_1tu7ovr_att-url-download.jpg","meta":{"service":"Youtube","duration":"787.08"},"duration":787.08,"raw_video_id":11398369,"has_embed":true}],"remixed_from_coubs":[],"external_video":{"id":25544769,"title":"POOR WOLFY | Best of: Sonnchi, ayytroxlmaokai and more! (VRChat Funny Moments #56)","url":"http://www.youtube.com/watch?v=aPRNj6CQcq0","image":"https://coub-anubis-a.akamaized.net/coub_storage/media_block/cw_image/50ffcd4f602/6ec5106cf1035bf26bbcf/1522038824_1522038720_1tu7ovr_att-url-download.jpg","image_retina":"https://coub-anubis-a.akamaized.net/coub_storage/media_block/cw_image/50ffcd4f602/6ec5106cf1035bf26bbcf/1522038824_1522038720_1tu7ovr_att-url-download.jpg","meta":{"service":"Youtube","duration":"787.08"},"duration":787.08,"raw_video_id":11398369,"has_embed":true}},"raw_video_thumbnail_url":"/missing/missing.png","raw_video_title":"POOR WOLFY | Best of: Sonnchi, ayytroxlmaokai and more! (VRChat Funny Moments #56)","video_block_banned":false,"duration":10.0,"promo_winner":false,"promo_winner_recoubers":null,"editorial_info":{},"promo_hint":null,"beeline_best_2014":null,"from_web_editor":false,"normalize_sound":true,"normalize_change_allowed":true,"best2015_addable":false,"ahmad_promo":null,"promo_data":null,"audio_copyright_claim":null,"ads_disabled":false,"is_safe_for_ads":true,"megafon_contents":[],"position_on_page":6},{"flag":null,"abuses":null,"recoubs_by_users_channels":null,"favourite":false,"promoted_id":null,"recoub":null,"like":null,"dislike":null,"reaction":null,"in_my_best2015":false,"id":77684989,"type":"Coub::Simple","permalink":"19uf8o","title":"HK","visibility_type":"public","original_visibility_type":"public","channel_id":2072695,"created_at":"2018-06-20T09:41:47Z","updated_at":"2022-03-15T20:47:04Z","is_done":true,"views_count":139241,"cotd":null,"cotd_at":null,"visible_on_explore_root":false,"visible_on_explore":false,"featured":false,"published":true,"published_at":"2018-06-20T09:41:47Z","reversed":false,"from_editor_v2":true,"is_editable":true,"original_sound":false,"has_sound":false,"recoub_to":null,"file_versions":{"html5":{"video":{"higher":{"url":"https://coub-anubis-a.akamaized.net/coub_storage/coub/simple/cw_file/910793c0e99/9df41074b17b8a43dd113/muted_mp4_huge_size_1568249011_muted_huge.mp4","size":2015909},"high":{"url":"https://coub-anubis-a.akamaized.net/coub_storage/coub/simple/cw_file/910793c0e99/9df41074b17b8a43dd113/muted_mp4_big_size_1568249011_muted_big.mp4","size":1740621},"med":{"url":"https://coub-anubis-a.akamaized.net/coub_storage/coub/simple/cw_file/910793c0e99/9df41074b17b8a43dd113/muted_mp4_med_size_1568249011_muted_med.mp4","size":577338}},"audio":{"high":{"url":"https://coub-anubis-a.akamaized.net/coub_storage/coub/simple/cw_looped_audio_high/db61dfcef3b/94f82474b28c937c105bb/1605622757_high_1530039580_high.mp3","size":9100917},"med":{"url":"https://coub-anubis-a.akamaized.net/coub_storage/coub/simple/cw_looped_audio_med/4dddf07da23/83a9dc1babd3b40c336fe/1605622755_med_1530039580_med.mp3","size":6516978}}},"mobile":{"video":"https://coub-anubis-a.akamaized.net/coub_storage/coub/simple/cw_file/910793c0e99/9df41074b17b8a43dd113/muted_mp4_med_size_1568249011_muted_med.mp4","audio":["https://coub-anubis-a.akamaized.net/coub_storage/coub/simple/cw_looped_audio_med/4dddf07da23/83a9dc1babd3b40c336fe/1605622755_med_1530039580_med.mp3"]},"share":{"default":"https://coub-anubis-a.akamaized.net/coub_storage/coub/simple/cw_video_for_sharing/cfa5190f030/2e9500ab75b2d7fc1d916/1615193272_looped_1615193271.mp4"}},"audio_versions":{"template":"https://coub-anubis-a.akamaized.net/coub_storage/audio_track/cw_normalized_copy/504a4230bee/167fc720c6458a20befd5/mid_1530039555_1yi4wph_normalized_1530039521_1gpayyn_edited.mp3","versions":["mid","low"]},"image_versions":{"template":"https://coub-anubis-a.akamaized.net/coub_storage/coub/simple/cw_image/b890ce3cd48/4576a5cd9c5c3cdd4c8c0/1530039613_00027.jpg","versions":["micro","tiny","age_restricted","ios_large","ios_mosaic","big","med","small","pinterest"]},"first_frame_versions":{"template":"https://coub-anubis-a.akamaized.net/coub_storage/coub/simple/cw_timeline_pic/7029aeb9193/bd02a1c89ee4b284d6b7b/%{version}_1530039612_image.jpg","versions":["big","med","small","ios_large"]},"dimensions":{"big":[1280,720],"med":[640,360]},"site_w_h":[640,360],"page_w_h":[640,360],"site_w_h_small":[310,174],"size":[1280,720],"age_restricted":false,"age_restricted_by_admin":false,"not_safe_for_work":false,"allow_reuse":false,"dont_crop":false,"banned":false,"global_safe":true,"audio_file_url":"https://coub-anubis-a.akamaized.net/coub_storage/audio_track/cw_normalized_copy/504a4230bee/167fc720c6458a20befd5/low_1530039555_1yi4wph_normalized_1530039521_1gpayyn_edited.mp3","external_download":false,"application":null,"channel":{"id":2072695,"permalink":"dmitrii.lino","title":"Dmitriy Lino","description":null,"followers_count":29,"following_count":14,"avatar_versions":{"template":"https://coub-anubis-a.akamaized.net/coub_storage/channel/cw_avatar/98a31b1275a/fc81343e45c14074152b0/%{version}_1608919275_t1t0zc_1474571020_1cu2er1_112980038.jpg","versions":["medium","medium_2x","profile_pic","profile_pic_new","profile_pic_new_2x","tiny","tiny_2x","small","small_2x","ios_large","ios_small"]}},"file":null,"picture":"https://coub-anubis-a.akamaized.net/coub_storage/coub/simple/cw_image/b890ce3cd48/4576a5cd9c5c3cdd4c8c0/1530039613_00027.jpg","timeline_picture":"https://coub-anubis-a.akamaized.net/coub_storage/coub/simple/cw_timeline_pic/7029aeb9193/bd02a1c89ee4b284d6b7b/ios_large_1530039612_image.jpg","small_picture":"https://coub-anubis-a.akamaized.net/coub_storage/coub/simple/cw_image/b890ce3cd48/4576a5cd9c5c3cdd4c8c0/1530039613_00027.jpg","sharing_picture":null,"percent_done":100,"tags":[],"categories":[{"id":17,"title":"Gaming","permalink":"gaming","subscriptions_count":10089456,"big_image_url":"https://coub-anubis-a.akamaized.net/coub_storage/category/cw_image/49fb773a80c/efee899b14f85527ed209/big_1544749693_gaming2.png","small_image_url":"https://coub-anubis-a.akamaized.net/coub_storage/category/cw_image/49fb773a80c/efee899b14f85527ed209/small_1544749693_gaming2.png","med_image_url":"https://coub-anubis-a.akamaized.net/coub_storage/category/cw_image/49fb773a80c/efee899b14f85527ed209/med_1544749693_gaming2.png","visible":true}],"communities":[{"id":17,"title":"Gaming","permalink":"gaming","subscriptions_count":10089456,"big_image_url":"https://coub-anubis-a.akamaized.net/coub_storage/category/cw_image/49fb773a80c/efee899b14f85527ed209/big_1544749693_gaming2.png","small_image_url":"https://coub-anubis-a.akamaized.net/coub_storage/category/cw_image/49fb773a80c/efee899b14f85527ed209/small_1544749693_gaming2.png","med_image_url":"https://coub-anubis-a.akamaized.net/coub_storage/category/cw_image/49fb773a80c/efee899b14f85527ed209/med_1544749693_gaming2.png","i_subscribed":true,"community_notifications_enabled":null,"description":null}],"recoubs_count":316,"remixes_count":1,"likes_count":1625,"dislikes_count":0,"raw_video_id":11915362,"uploaded_by_ios_app":false,"uploaded_by_android_app":false,"media_blocks":{"uploaded_raw_videos":[],"external_raw_videos":[],"remixed_from_coubs":[]},"raw_video_thumbnail_url":"/missing/missing.png","raw_video_title":"555.wmv","video_block_banned":false,"duration":8.44,"promo_winner":false,"promo_winner_recoubers":null,"editorial_info":{},"promo_hint":null,"beeline_best_2014":null,"from_web_editor":true,"normalize_sound":true,"normalize_change_allowed":true,"best2015_addable":false,"ahmad_promo":null,"promo_data":null,"audio_copyright_claim":null,"ads_disabled":false,"is_safe_for_ads":true,"megafon_contents":[],"position_on_page":7},{"flag":null,"abuses":null,"recoubs_by_users_channels":null,"favourite":false,"promoted_id":null,"recoub":null,"like":null,"dislike":null,"reaction":null,"in_my_best2015":false,"id":62576974,"type":"Coub::Simple","permalink":"10t3q0","title":"M551 «Sheridan»","visibility_type":"public","original_visibility_type":"public","channel_id":1453709,"created_at":"2017-12-18T19:17:48Z","updated_at":"2022-03-15T13:55:12Z","is_done":true,"views_count":104537,"cotd":null,"cotd_at":null,"visible_on_explore_root":false,"visible_on_explore":false,"featured":false,"published":true,"published_at":"2017-12-18T19:17:48Z","reversed":false,"from_editor_v2":true,"is_editable":true,"original_sound":true,"has_sound":true,"recoub_to":null,"file_versions":{"html5":{"video":{"higher":{"url":"https://coub-anubis-a.akamaized.net/coub_storage/coub/simple/cw_file/2dec810e79b/915ea8dbd4c3814225292/muted_mp4_huge_size_1568174438_muted_huge.mp4","size":6868458},"high":{"url":"https://coub-anubis-a.akamaized.net/coub_storage/coub/simple/cw_file/2dec810e79b/915ea8dbd4c3814225292/muted_mp4_big_size_1568174438_muted_big.mp4","size":4941163},"med":{"url":"https://coub-anubis-a.akamaized.net/coub_storage/coub/simple/cw_file/2dec810e79b/915ea8dbd4c3814225292/muted_mp4_med_size_1568174438_muted_med.mp4","size":1567392}},"audio":{"high":{"url":"https://coub-anubis-a.akamaized.net/coub_storage/coub/simple/cw_looped_audio_high/5817726da74/a0b8f7f6f730eda2d23e2/1605621823_high_1513624720_high.mp3","size":883529},"med":{"url":"https://coub-anubis-a.akamaized.net/coub_storage/coub/simple/cw_looped_audio_med/36b5d761e22/02da257543ea49305b036/1605621823_med_1513624720_med.mp3","size":799076},"sample_duration":10.009}},"mobile":{"video":"https://coub-anubis-a.akamaized.net/coub_storage/coub/simple/cw_file/2dec810e79b/915ea8dbd4c3814225292/muted_mp4_med_size_1568174438_muted_med.mp4","audio":["https://coub-anubis-a.akamaized.net/coub_storage/coub/simple/cw_looped_audio_med/36b5d761e22/02da257543ea49305b036/1605621823_med_1513624720_med.mp3"]},"share":{"default":"https://coub-anubis-a.akamaized.net/coub_storage/coub/simple/cw_video_for_sharing/4b13757dc31/fa58b40b9c165d60a63fb/1615473696_looped_1615473695.mp4"}},"audio_versions":{},"image_versions":{"template":"https://coub-anubis-a.akamaized.net/coub_storage/coub/simple/cw_image/949425db9a6/c0ee36399d3f11081d34f/1513624740_00032.jpg","versions":["micro","tiny","age_restricted","ios_large","ios_mosaic","big","med","small","pinterest"]},"first_frame_versions":{"template":"https://coub-anubis-a.akamaized.net/coub_storage/coub/simple/cw_timeline_pic/72666b50fe3/449a8b7d687be5febd50f/%{version}_1513624738_image.jpg","versions":["big","med","small","ios_large"]},"dimensions":{"big":[1280,720],"med":[640,360]},"site_w_h":[640,360],"page_w_h":[640,360],"site_w_h_small":[310,174],"size":[1280,720],"age_restricted":false,"age_restricted_by_admin":false,"not_safe_for_work":false,"allow_reuse":false,"dont_crop":false,"banned":false,"global_safe":false,"audio_file_url":null,"external_download":{"type":"Youtube","service_name":"YouTube","url":"http://www.youtube.com/watch?v=Q7gFQ773wMc&t=147s","has_embed":true},"application":null,"channel":{"id":1453709,"permalink":"oleg.lobov","title":"Just_User","description":null,"followers_count":191,"following_count":16,"avatar_versions":{"template":"https://coub-anubis-a.akamaized.net/coub_storage/channel/cw_avatar/7cb3b637dad/a9cbdecb77b0179ae22d0/%{version}_1608151539_1f0lltz_1518938496_WB44DCP5mdY.jpg","versions":["medium","medium_2x","profile_pic","profile_pic_new","profile_pic_new_2x","tiny","tiny_2x","small","small_2x","ios_large","ios_small"]}},"file":null,"picture":"https://coub-anubis-a.akamaized.net/coub_storage/coub/simple/cw_image/949425db9a6/c0ee36399d3f11081d34f/1513624740_00032.jpg","timeline_picture":"https://coub-anubis-a.akamaized.net/coub_storage/coub/simple/cw_timeline_pic/72666b50fe3/449a8b7d687be5febd50f/ios_large_1513624738_image.jpg","small_picture":"https://coub-anubis-a.akamaized.net/coub_storage/coub/simple/cw_image/949425db9a6/c0ee36399d3f11081d34f/1513624740_00032.jpg","sharing_picture":null,"percent_done":100,"tags":[{"id":29226,"title":"war thunder","value":"war%20thunder"},{"id":106882,"title":"in isida we trust!","value":"in%20isida%20we%20trust!"},{"id":106884,"title":"вар тандер","value":"%D0%B2%D0%B0%D1%80%20%D1%82%D0%B0%D0%BD%D0%B4%D0%B5%D1%80"},{"id":106885,"title":"тундра","value":"%D1%82%D1%83%D0%BD%D0%B4%D1%80%D0%B0"},{"id":17110,"title":"танки","value":"%D1%82%D0%B0%D0%BD%D0%BA%D0%B8"},{"id":1170603,"title":"thorneyed","value":"thorneyed"},{"id":1360734,"title":"торнайд","value":"%D1%82%D0%BE%D1%80%D0%BD%D0%B0%D0%B9%D0%B4"},{"id":25768,"title":"танк","value":"%D1%82%D0%B0%D0%BD%D0%BA"},{"id":53028,"title":"фарм","value":"%D1%84%D0%B0%D1%80%D0%BC"},{"id":1219565,"title":"аркадные бои","value":"%D0%B0%D1%80%D0%BA%D0%B0%D0%B4%D0%BD%D1%8B%D0%B5%20%D0%B1%D0%BE%D0%B8"},{"id":28570,"title":"история","value":"%D0%B8%D1%81%D1%82%D0%BE%D1%80%D0%B8%D1%8F"},{"id":175,"title":"usa","value":"usa"},{"id":4753,"title":"сша","value":"%D1%81%D1%88%D0%B0"},{"id":1615042,"title":"шеридан","value":"%D1%88%D0%B5%D1%80%D0%B8%D0%B4%D0%B0%D0%BD"},{"id":1615043,"title":"m551","value":"m551"},{"id":88339,"title":"sheridan","value":"sheridan"},{"id":615716,"title":"реалистичные бои","value":"%D1%80%D0%B5%D0%B0%D0%BB%D0%B8%D1%81%D1%82%D0%B8%D1%87%D0%BD%D1%8B%D0%B5%20%D0%B1%D0%BE%D0%B8"}],"categories":[{"id":17,"title":"Gaming","permalink":"gaming","subscriptions_count":10089456,"big_image_url":"https://coub-anubis-a.akamaized.net/coub_storage/category/cw_image/49fb773a80c/efee899b14f85527ed209/big_1544749693_gaming2.png","small_image_url":"https://coub-anubis-a.akamaized.net/coub_storage/category/cw_image/49fb773a80c/efee899b14f85527ed209/small_1544749693_gaming2.png","med_image_url":"https://coub-anubis-a.akamaized.net/coub_storage/category/cw_image/49fb773a80c/efee899b14f85527ed209/med_1544749693_gaming2.png","visible":true}],"communities":[{"id":17,"title":"Gaming","permalink":"gaming","subscriptions_count":10089456,"big_image_url":"https://coub-anubis-a.akamaized.net/coub_storage/category/cw_image/49fb773a80c/efee899b14f85527ed209/big_1544749693_gaming2.png","small_image_url":"https://coub-anubis-a.akamaized.net/coub_storage/category/cw_image/49fb773a80c/efee899b14f85527ed209/small_1544749693_gaming2.png","med_image_url":"https://coub-anubis-a.akamaized.net/coub_storage/category/cw_image/49fb773a80c/efee899b14f85527ed209/med_1544749693_gaming2.png","i_subscribed":true,"community_notifications_enabled":null,"description":null}],"recoubs_count":316,"remixes_count":0,"likes_count":1625,"dislikes_count":0,"raw_video_id":10770994,"uploaded_by_ios_app":false,"uploaded_by_android_app":false,"media_blocks":{"uploaded_raw_videos":[],"external_raw_videos":[{"id":23782246,"title":"War Thunder | M551 «Sheridan» — доклад с орбиты Луны","url":"http://www.youtube.com/watch?v=Q7gFQ773wMc","image":"https://coub-anubis-a.akamaized.net/coub_storage/media_block/cw_image/545f9db4b52/68f044aa23ce7fe44706c/1513624029_1513623905_1pqabwk_att-url-download.jpg","image_retina":"https://coub-anubis-a.akamaized.net/coub_storage/media_block/cw_image/545f9db4b52/68f044aa23ce7fe44706c/1513624029_1513623905_1pqabwk_att-url-download.jpg","meta":{"service":"Youtube","duration":"614.36"},"duration":614.36,"raw_video_id":10770994,"has_embed":true}],"remixed_from_coubs":[],"external_video":{"id":23782246,"title":"War Thunder | M551 «Sheridan» — доклад с орбиты Луны","url":"http://www.youtube.com/watch?v=Q7gFQ773wMc","image":"https://coub-anubis-a.akamaized.net/coub_storage/media_block/cw_image/545f9db4b52/68f044aa23ce7fe44706c/1513624029_1513623905_1pqabwk_att-url-download.jpg","image_retina":"https://coub-anubis-a.akamaized.net/coub_storage/media_block/cw_image/545f9db4b52/68f044aa23ce7fe44706c/1513624029_1513623905_1pqabwk_att-url-download.jpg","meta":{"service":"Youtube","duration":"614.36"},"duration":614.36,"raw_video_id":10770994,"has_embed":true}},"raw_video_thumbnail_url":"/missing/missing.png","raw_video_title":"War Thunder | M551 «Sheridan» — доклад с орбиты Луны","video_block_banned":false,"duration":10.0,"promo_winner":false,"promo_winner_recoubers":null,"editorial_info":{},"promo_hint":null,"beeline_best_2014":null,"from_web_editor":true,"normalize_sound":true,"normalize_change_allowed":true,"best2015_addable":false,"ahmad_promo":null,"promo_data":null,"audio_copyright_claim":null,"ads_disabled":false,"is_safe_for_ads":true,"megafon_contents":[],"position_on_page":8},{"flag":null,"abuses":null,"recoubs_by_users_channels":null,"favourite":false,"promoted_id":null,"recoub":null,"like":null,"dislike":null,"reaction":null,"in_my_best2015":false,"id":48854143,"type":"Coub::Simple","permalink":"smz0d","title":"Skyrim","visibility_type":"public","original_visibility_type":"public","channel_id":2444169,"created_at":"2017-03-15T11:49:00Z","updated_at":"2022-03-15T17:38:57Z","is_done":true,"views_count":97637,"cotd":null,"cotd_at":null,"visible_on_explore_root":false,"visible_on_explore":false,"featured":false,"published":true,"published_at":"2017-03-15T11:49:00Z","reversed":false,"from_editor_v2":true,"is_editable":true,"original_sound":false,"has_sound":false,"recoub_to":null,"file_versions":{"html5":{"video":{"higher":{"url":"https://coub-anubis-a.akamaized.net/coub_storage/coub/simple/cw_file/70ce634b2b5/f81a5230b0d1b7953678b/muted_mp4_huge_size_1568096558_muted_huge.mp4","size":1259737},"high":{"url":"https://coub-anubis-a.akamaized.net/coub_storage/coub/simple/cw_file/70ce634b2b5/f81a5230b0d1b7953678b/muted_mp4_big_size_1568096558_muted_big.mp4","size":1171314},"med":{"url":"https://coub-anubis-a.akamaized.net/coub_storage/coub/simple/cw_file/70ce634b2b5/f81a5230b0d1b7953678b/muted_mp4_med_size_1568096558_muted_med.mp4","size":455315}},"audio":{"high":{"url":"https://coub-anubis-a.akamaized.net/coub_storage/coub/simple/cw_looped_audio_high/3684abb7c90/2953cb56235ed8544cc9a/1605587306_high_1489578747_high.mp3","size":2907853},"med":{"url":"https://coub-anubis-a.akamaized.net/coub_storage/coub/simple/cw_looped_audio_med/d7672e2a8d9/4343e365b1222cfa071a6/1605587306_med_1489578747_med.mp3","size":2674324}}},"mobile":{"video":"https://coub-anubis-a.akamaized.net/coub_storage/coub/simple/cw_file/70ce634b2b5/f81a5230b0d1b7953678b/muted_mp4_med_size_1568096558_muted_med.mp4","audio":["https://coub-anubis-a.akamaized.net/coub_storage/coub/simple/cw_looped_audio_med/d7672e2a8d9/4343e365b1222cfa071a6/1605587306_med_1489578747_med.mp3"]},"share":{"default":"https://coub-anubis-a.akamaized.net/coub_storage/coub/simple/cw_video_for_sharing/40345fd4868/f5a79b08bb67b5849e085/1608484244_looped_1608484244.mp4"}},"audio_versions":{"template":"https://coub-anubis-a.akamaized.net/coub_storage/audio_track/cw_normalized_copy/60392ae91f3/bc0fc1d145ba034f8a45b/mid_1489578738_qs9nje_normalized_1489578639_audio.mp3","versions":["mid","low"]},"image_versions":{"template":"https://coub-anubis-a.akamaized.net/coub_storage/coub/simple/cw_image/bb18799bf1b/c88fc4c6c41c3f72a0635/1489578756_00026.jpg","versions":["micro","tiny","age_restricted","ios_large","ios_mosaic","big","med","small","pinterest"]},"first_frame_versions":{"template":"https://coub-anubis-a.akamaized.net/coub_storage/coub/simple/cw_timeline_pic/bb18799bf1b/c88fc4c6c41c3f72a0635/%{version}_1489578755_image.jpg","versions":["big","med","small","ios_large"]},"dimensions":{"big":[1280,720],"med":[640,360]},"site_w_h":[640,360],"page_w_h":[640,360],"site_w_h_small":[310,174],"size":[1280,720],"age_restricted":false,"age_restricted_by_admin":false,"not_safe_for_work":false,"allow_reuse":false,"dont_crop":false,"banned":false,"global_safe":true,"audio_file_url":"https://coub-anubis-a.akamaized.net/coub_storage/audio_track/cw_normalized_copy/60392ae91f3/bc0fc1d145ba034f8a45b/low_1489578738_qs9nje_normalized_1489578639_audio.mp3","external_download":false,"application":null,"channel":{"id":2444169,"permalink":"sixveeceear","title":"6VCR","description":"I'm a digital artist.","followers_count":5198,"following_count":0,"avatar_versions":{"template":"https://coub-anubis-a.akamaized.net/coub_storage/channel/cw_avatar/e983f07e453/1525311d3ec98dbc2bf45/%{version}_1607432125_1fzmid8_1489693629_______.jpg","versions":["medium","medium_2x","profile_pic","profile_pic_new","profile_pic_new_2x","tiny","tiny_2x","small","small_2x","ios_large","ios_small"]}},"file":null,"picture":"https://coub-anubis-a.akamaized.net/coub_storage/coub/simple/cw_image/bb18799bf1b/c88fc4c6c41c3f72a0635/1489578756_00026.jpg","timeline_picture":"https://coub-anubis-a.akamaized.net/coub_storage/coub/simple/cw_timeline_pic/bb18799bf1b/c88fc4c6c41c3f72a0635/ios_large_1489578755_image.jpg","small_picture":"https://coub-anubis-a.akamaized.net/coub_storage/coub/simple/cw_image/bb18799bf1b/c88fc4c6c41c3f72a0635/1489578756_00026.jpg","sharing_picture":null,"percent_done":100,"tags":[{"id":5318,"title":"snow","value":"snow"},{"id":2401084,"title":"6vcr","value":"6vcr"},{"id":485385,"title":"pixelanimation","value":"pixelanimation"},{"id":151214,"title":"pixel animation","value":"pixel%20animation"},{"id":258946,"title":"pixelart","value":"pixelart"},{"id":35822,"title":"pixel art","value":"pixel%20art"},{"id":420,"title":"pixel","value":"pixel"},{"id":1140,"title":"game","value":"game"},{"id":72577,"title":"the elder scrolls","value":"the%20elder%20scrolls"}],"categories":[{"id":17,"title":"Gaming","permalink":"gaming","subscriptions_count":10089456,"big_image_url":"https://coub-anubis-a.akamaized.net/coub_storage/category/cw_image/49fb773a80c/efee899b14f85527ed209/big_1544749693_gaming2.png","small_image_url":"https://coub-anubis-a.akamaized.net/coub_storage/category/cw_image/49fb773a80c/efee899b14f85527ed209/small_1544749693_gaming2.png","med_image_url":"https://coub-anubis-a.akamaized.net/coub_storage/category/cw_image/49fb773a80c/efee899b14f85527ed209/med_1544749693_gaming2.png","visible":true}],"communities":[{"id":17,"title":"Gaming","permalink":"gaming","subscriptions_count":10089456,"big_image_url":"https://coub-anubis-a.akamaized.net/coub_storage/category/cw_image/49fb773a80c/efee899b14f85527ed209/big_1544749693_gaming2.png","small_image_url":"https://coub-anubis-a.akamaized.net/coub_storage/category/cw_image/49fb773a80c/efee899b14f85527ed209/small_1544749693_gaming2.png","med_image_url":"https://coub-anubis-a.akamaized.net/coub_storage/category/cw_image/49fb773a80c/efee899b14f85527ed209/med_1544749693_gaming2.png","i_subscribed":true,"community_notifications_enabled":null,"description":null}],"recoubs_count":347,"remixes_count":2,"likes_count":1625,"dislikes_count":0,"raw_video_id":9282854,"uploaded_by_ios_app":false,"uploaded_by_android_app":false,"media_blocks":{"uploaded_raw_videos":[],"external_raw_videos":[],"remixed_from_coubs":[]},"raw_video_thumbnail_url":"/missing/missing.png","raw_video_title":"3_______1.mp4","video_block_banned":false,"duration":8.2,"promo_winner":false,"promo_winner_recoubers":null,"editorial_info":{},"promo_hint":null,"beeline_best_2014":null,"from_web_editor":true,"normalize_sound":true,"normalize_change_allowed":true,"best2015_addable":false,"ahmad_promo":null,"promo_data":null,"audio_copyright_claim":null,"ads_disabled":null,"is_safe_for_ads":true,"megafon_contents":[],"position_on_page":9},{"flag":null,"abuses":null,"recoubs_by_users_channels":null,"favourite":false,"promoted_id":null,"recoub":null,"like":null,"dislike":null,"reaction":null,"in_my_best2015":false,"id":128824766,"type":"Coub::Simple","permalink":"24blu7","title":"bad day","visibility_type":"public","original_visibility_type":"public","channel_id":186801,"created_at":"2019-11-11T15:11:14Z","updated_at":"2022-02-23T22:51:39Z","is_done":true,"views_count":135759,"cotd":null,"cotd_at":null,"visible_on_explore_root":true,"visible_on_explore":true,"featured":true,"published":true,"published_at":"2019-11-11T15:11:14Z","reversed":false,"from_editor_v2":true,"is_editable":true,"original_sound":true,"has_sound":true,"recoub_to":null,"file_versions":{"html5":{"video":{"higher":{"url":"https://coub-anubis-a.akamaized.net/coub_storage/coub/simple/cw_file/4f2a4da04ac/e140c7b6a6b8639d1b849/muted_mp4_huge_size_1573485092_muted_huge.mp4","size":6750613},"high":{"url":"https://coub-anubis-a.akamaized.net/coub_storage/coub/simple/cw_file/4f2a4da04ac/e140c7b6a6b8639d1b849/muted_mp4_big_size_1573485092_muted_big.mp4","size":6050733},"med":{"url":"https://coub-anubis-a.akamaized.net/coub_storage/coub/simple/cw_file/4f2a4da04ac/e140c7b6a6b8639d1b849/muted_mp4_med_size_1573485092_muted_med.mp4","size":1029243}},"audio":{"high":{"url":"https://coub-anubis-a.akamaized.net/coub_storage/coub/simple/cw_looped_audio_high/dc88e2ac77b/2a3c20c70b34d7ec82599/1605696787_high_1573485093_high.mp3","size":871693},"med":{"url":"https://coub-anubis-a.akamaized.net/coub_storage/coub/simple/cw_looped_audio_med/a382b38ec2d/9a7e4ffe05a1169d3ac2f/1605696787_med_1573485093_med.mp3","size":793164},"sample_duration":10.101}},"mobile":{"video":"https://coub-anubis-a.akamaized.net/coub_storage/coub/simple/cw_file/4f2a4da04ac/e140c7b6a6b8639d1b849/muted_mp4_med_size_1573485092_muted_med.mp4","audio":["https://coub-anubis-a.akamaized.net/coub_storage/coub/simple/cw_looped_audio_med/a382b38ec2d/9a7e4ffe05a1169d3ac2f/1605696787_med_1573485093_med.mp3"]},"share":{"default":"https://coub-anubis-a.akamaized.net/coub_storage/coub/simple/cw_video_for_sharing/fd519bf2ef8/5ce3060dbd84cfb3db3d6/1608773302_looped_1608773301.mp4"}},"audio_versions":{},"image_versions":{"template":"https://coub-anubis-a.akamaized.net/coub_storage/coub/simple/cw_image/510df7f1172/bca86bcbe4db8dc4109f2/1573485099_00032.jpg","versions":["micro","tiny","age_restricted","ios_large","ios_mosaic","big","med","small","pinterest"]},"first_frame_versions":{"template":"https://coub-anubis-a.akamaized.net/coub_storage/coub/simple/cw_timeline_pic/b07c48375b6/d0df13b13af0b96e1412f/%{version}_1573485099_image.jpg","versions":["big","med","small","ios_large"]},"dimensions":{"big":[1280,720],"med":[640,360]},"site_w_h":[640,360],"page_w_h":[640,360],"site_w_h_small":[310,174],"size":[1280,720],"age_restricted":false,"age_restricted_by_admin":false,"not_safe_for_work":false,"allow_reuse":false,"dont_crop":false,"banned":false,"global_safe":true,"audio_file_url":null,"external_download":false,"application":null,"channel":{"id":186801,"permalink":"--niks--","title":"Niks  ☮","description":"Bad","followers_count":24276,"following_count":1,"avatar_versions":{"template":"https://coub-anubis-a.akamaized.net/coub_storage/channel/cw_avatar/b36b46e6af7/003d17c1d3c2cf1fda97d/%{version}_1571262409_1241a727af9a40dc929e7ff051ffbc36-removebg-preview.png","versions":["medium","medium_2x","profile_pic","profile_pic_new","profile_pic_new_2x","tiny","tiny_2x","small","small_2x","ios_large","ios_small"]}},"file":null,"picture":"https://coub-anubis-a.akamaized.net/coub_storage/coub/simple/cw_image/510df7f1172/bca86bcbe4db8dc4109f2/1573485099_00032.jpg","timeline_picture":"https://coub-anubis-a.akamaized.net/coub_storage/coub/simple/cw_timeline_pic/b07c48375b6/d0df13b13af0b96e1412f/ios_large_1573485099_image.jpg","small_picture":"https://coub-anubis-a.akamaized.net/coub_storage/coub/simple/cw_image/510df7f1172/bca86bcbe4db8dc4109f2/1573485099_00032.jpg","sharing_picture":null,"percent_done":100,"tags":[{"id":1600119,"title":"death stranding","value":"death%20stranding"},{"id":92563,"title":"hideo kojima","value":"hideo%20kojima"},{"id":443,"title":"fail","value":"fail"},{"id":2345,"title":"gaming","value":"gaming"},{"id":50,"title":"coub","value":"coub"},{"id":15704,"title":"fails","value":"fails"},{"id":1140,"title":"game","value":"game"}],"categories":[{"id":17,"title":"Gaming","permalink":"gaming","subscriptions_count":10089456,"big_image_url":"https://coub-anubis-a.akamaized.net/coub_storage/category/cw_image/49fb773a80c/efee899b14f85527ed209/big_1544749693_gaming2.png","small_image_url":"https://coub-anubis-a.akamaized.net/coub_storage/category/cw_image/49fb773a80c/efee899b14f85527ed209/small_1544749693_gaming2.png","med_image_url":"https://coub-anubis-a.akamaized.net/coub_storage/category/cw_image/49fb773a80c/efee899b14f85527ed209/med_1544749693_gaming2.png","visible":true}],"communities":[{"id":17,"title":"Gaming","permalink":"gaming","subscriptions_count":10089456,"big_image_url":"https://coub-anubis-a.akamaized.net/coub_storage/category/cw_image/49fb773a80c/efee899b14f85527ed209/big_1544749693_gaming2.png","small_image_url":"https://coub-anubis-a.akamaized.net/coub_storage/category/cw_image/49fb773a80c/efee899b14f85527ed209/small_1544749693_gaming2.png","med_image_url":"https://coub-anubis-a.akamaized.net/coub_storage/category/cw_image/49fb773a80c/efee899b14f85527ed209/med_1544749693_gaming2.png","i_subscribed":true,"community_notifications_enabled":null,"description":null}],"recoubs_count":326,"remixes_count":1,"likes_count":1624,"dislikes_count":0,"raw_video_id":14452889,"uploaded_by_ios_app":false,"uploaded_by_android_app":false,"media_blocks":{"uploaded_raw_videos":[],"external_raw_videos":[],"remixed_from_coubs":[]},"raw_video_thumbnail_url":"/missing/missing.png","raw_video_title":"Untitled.mp4","video_block_banned":false,"duration":10.0,"promo_winner":false,"promo_winner_recoubers":null,"editorial_info":{},"promo_hint":null,"beeline_best_2014":null,"from_web_editor":true,"normalize_sound":true,"normalize_change_allowed":true,"best2015_addable":false,"ahmad_promo":null,"promo_data":null,"audio_copyright_claim":null,"ads_disabled":false,"is_safe_for_ads":true,"megafon_contents":[],"position_on_page":10}]}