{"page":260,"per_page":10,"total_pages":500,"coubs":[{"flag":null,"abuses":null,"recoubs_by_users_channels":null,"favourite":false,"promoted_id":null,"recoub":null,"like":null,"dislike":null,"reaction":null,"in_my_best2015":false,"id":9430684,"type":"Coub::Simple","permalink":"55zev","title":"sonic loses his rings","visibility_type":"public","original_visibility_type":"public","channel_id":1458415,"created_at":"2015-02-24T23:55:48Z","updated_at":"2022-03-13T13:14:14Z","is_done":true,"views_count":193753,"cotd":true,"cotd_at":"2015-02-25","visible_on_explore_root":true,"visible_on_explore":true,"featured":true,"published":true,"published_at":"2015-02-24T23:55:48Z","reversed":false,"from_editor_v2":true,"is_editable":true,"original_sound":false,"has_sound":false,"recoub_to":null,"file_versions":{"html5":{"video":{"higher":{"url":"https://coub-anubis-a.akamaized.net/coub_storage/coub/simple/cw_file/a6e9d0bba76/c6807a11bc979f1b9674c/muted_mp4_huge_size_1567755081_muted_huge.mp4","size":461544},"high":{"url":"https://coub-anubis-a.akamaized.net/coub_storage/coub/simple/cw_file/a6e9d0bba76/c6807a11bc979f1b9674c/muted_mp4_big_size_1567755081_muted_big.mp4","size":334408},"med":{"url":"https://coub-anubis-a.akamaized.net/coub_storage/coub/simple/cw_file/a6e9d0bba76/c6807a11bc979f1b9674c/muted_mp4_med_size_1567755081_muted_med.mp4","size":118381}},"audio":{"high":{"url":"https://coub-anubis-a.akamaized.net/coub_storage/coub/simple/cw_looped_audio_high/a0e51d8c1f7/981f979c08e3e2fd64b84/1605443682_high_1445959331_high.mp3","size":1416880},"med":{"url":"https://coub-anubis-a.akamaized.net/coub_storage/coub/simple/cw_looped_audio_med/6fd17cd0d91/97937a750672d06bc6aae/1605443682_med_1445959331_med.mp3","size":944586}}},"mobile":{"video":"https://coub-anubis-a.akamaized.net/coub_storage/coub/simple/cw_file/a6e9d0bba76/c6807a11bc979f1b9674c/muted_mp4_med_size_1567755081_muted_med.mp4","audio":["https://coub-anubis-a.akamaized.net/coub_storage/coub/simple/cw_looped_audio_med/6fd17cd0d91/97937a750672d06bc6aae/1605443682_med_1445959331_med.mp3"]},"share":{"default":"https://coub-anubis-a.akamaized.net/coub_storage/coub/simple/cw_video_for_sharing/2ecf4900625/4f8882adc666f8a1ad5f2/1609015372_looped_1609015371.mp4"}},"audio_versions":{"template":"https://coub-anubis-a.akamaized.net/coub_storage/audio_track/cw_file/30182440e2d/24adef9ff0c6079385329/mid_1471207778_audio.mp3","versions":["mid","low"]},"image_versions":{"template":"https://coub-anubis-a.akamaized.net/coub_storage/coub/simple/cw_image/5906f004255/a0abd396e5937a6deddf1/1424822166_00005.jpg","versions":["micro","tiny","age_restricted","ios_large","ios_mosaic","big","med","small","pinterest"]},"first_frame_versions":{"template":"https://coub-anubis-a.akamaized.net/coub_storage/coub/simple/cw_timeline_pic/5906f004255/a0abd396e5937a6deddf1/%{version}_1424822166_image.jpg","versions":["big","med","small","ios_large"]},"dimensions":{"big":[1280,736],"med":[640,368]},"site_w_h":[640,368],"page_w_h":[640,368],"site_w_h_small":[310,178],"size":[1280,736],"age_restricted":false,"age_restricted_by_admin":false,"not_safe_for_work":false,"allow_reuse":false,"dont_crop":false,"banned":false,"global_safe":true,"audio_file_url":"https://coub-anubis-a.akamaized.net/coub_storage/audio_track/cw_file/30182440e2d/24adef9ff0c6079385329/low_1471207778_audio.mp3","external_download":{"type":"Youtube","service_name":"YouTube","url":"http://www.youtube.com/watch?v=wel1AkOd988","has_embed":true},"application":null,"channel":{"id":1458415,"permalink":"almaasesina.oss","title":"Logan Clark Wayne","description":null,"followers_count":1399,"following_count":114,"avatar_versions":{"template":"https://coub-anubis-a.akamaized.net/coub_storage/channel/cw_avatar/ea5819833f1/937ebb339babe76489ba8/%{version}_1608148141_1okd38v_1590015717_rr39-18.jpg","versions":["medium","medium_2x","profile_pic","profile_pic_new","profile_pic_new_2x","tiny","tiny_2x","small","small_2x","ios_large","ios_small"]}},"file":null,"picture":"https://coub-anubis-a.akamaized.net/coub_storage/coub/simple/cw_image/5906f004255/a0abd396e5937a6deddf1/1424822166_00005.jpg","timeline_picture":"https://coub-anubis-a.akamaized.net/coub_storage/coub/simple/cw_timeline_pic/5906f004255/a0abd396e5937a6deddf1/ios_large_1424822166_image.jpg","small_picture":"https://coub-anubis-a.akamaized.net/coub_storage/coub/simple/cw_image/5906f004255/a0abd396e5937a6deddf1/1424822166_00005.jpg","sharing_picture":null,"percent_done":100,"tags":[{"id":234,"title":"crazy","value":"crazy"},{"id":292,"title":"humor","value":"humor"},{"id":174,"title":"funny","value":"funny"},{"id":169,"title":"fun","value":"fun"}],"categories":[{"id":17,"title":"Gaming","permalink":"gaming","subscriptions_count":10089456,"big_image_url":"https://coub-anubis-a.akamaized.net/coub_storage/category/cw_image/49fb773a80c/efee899b14f85527ed209/big_1544749693_gaming2.png","small_image_url":"https://coub-anubis-a.akamaized.net/coub_storage/category/cw_image/49fb773a80c/efee899b14f85527ed209/small_1544749693_gaming2.png","med_image_url":"https://coub-anubis-a.akamaized.net/coub_storage/category/cw_image/49fb773a80c/efee899b14f85527ed209/med_1544749693_gaming2.png","visible":true}],"communities":[{"id":17,"title":"Gaming","permalink":"gaming","subscriptions_count":10089456,"big_image_url":"https://coub-anubis-a.akamaized.net/coub_storage/category/cw_image/49fb773a80c/efee899b14f85527ed209/big_1544749693_gaming2.png","small_image_url":"https://coub-anubis-a.akamaized.net/coub_storage/category/cw_image/49fb773a80c/efee899b14f85527ed209/small_1544749693_gaming2.png","med_image_url":"https://coub-anubis-a.akamaized.net/coub_storage/category/cw_image/49fb773a80c/efee899b14f85527ed209/med_1544749693_gaming2.png","i_subscribed":true,"community_notifications_enabled":null,"description":null}],"recoubs_count":579,"remixes_count":0,"likes_count":2248,"dislikes_count":0,"raw_video_id":1140027,"uploaded_by_ios_app":false,"uploaded_by_android_app":false,"media_blocks":{"uploaded_raw_videos":[],"external_raw_videos":[{"id":11674467,"title":"뻥!","url":"http://www.youtube.com/watch?v=wel1AkOd988","image":"https://coub-anubis-a.akamaized.net/coub_storage/media_block/cw_image/32752f0d8d4/568473d7245d793fc46ed/1492493263_1424821151_1pyzd3k_att-url-download.jpg","image_retina":"https://coub-anubis-a.akamaized.net/coub_storage/media_block/cw_image/32752f0d8d4/568473d7245d793fc46ed/1492493263_1424821151_1pyzd3k_att-url-download.jpg","meta":{"service":"Youtube","duration":"6.48"},"duration":6.48,"raw_video_id":1140027,"has_embed":true}],"remixed_from_coubs":[],"audio_track":{"id":19524003,"title":"Unknown","url":null,"image":null,"image_retina":null,"meta":{"year":"0","album":null,"title":"Unknown","artist":null,"echonest_id":null},"duration":null,"amazon_url":null,"google_play_url":null,"bandcamp_url":null,"soundcloud_url":null,"track_name":null,"track_artist":null,"track_album":null,"itunes_url":null},"external_video":{"id":11674467,"title":"뻥!","url":"http://www.youtube.com/watch?v=wel1AkOd988","image":"https://coub-anubis-a.akamaized.net/coub_storage/media_block/cw_image/32752f0d8d4/568473d7245d793fc46ed/1492493263_1424821151_1pyzd3k_att-url-download.jpg","image_retina":"https://coub-anubis-a.akamaized.net/coub_storage/media_block/cw_image/32752f0d8d4/568473d7245d793fc46ed/1492493263_1424821151_1pyzd3k_att-url-download.jpg","meta":{"service":"Youtube","duration":"6.48"},"duration":6.48,"raw_video_id":1140027,"has_embed":true}},"raw_video_thumbnail_url":"/missing/missing.png","raw_video_title":"뻥!","video_block_banned":false,"duration":1.36,"promo_winner":false,"promo_winner_recoubers":null,"editorial_info":{},"promo_hint":null,"beeline_best_2014":null,"from_web_editor":true,"normalize_sound":true,"normalize_change_allowed":true,"best2015_addable":false,"ahmad_promo":null,"promo_data":null,"audio_copyright_claim":null,"ads_disabled":null,"is_safe_for_ads":true,"megafon_contents":[],"position_on_page":1},{"flag":null,"abuses":null,"recoubs_by_users_channels":null,"favourite":false,"promoted_id":null,"recoub":null,"like":null,"dislike":null,"reaction":null,"in_my_best2015":false,"id":163785633,"type":"Coub::Simple","permalink":"2p60mx","title":"Little Nightmares 2 Guide","visibility_type":"public","original_visibility_type":"public","channel_id":4902543,"created_at":"2021-02-15T21:22:51Z","updated_at":"2022-03-16T07:02:03Z","is_done":true,"views_count":175561,"cotd":null,"cotd_at":null,"visible_on_explore_root":false,"visible_on_explore":false,"featured":false,"published":true,"published_at":"2021-02-15T21:22:51Z","reversed":false,"from_editor_v2":true,"is_editable":true,"original_sound":true,"has_sound":true,"recoub_to":null,"file_versions":{"html5":{"video":{"higher":{"url":"https://coub-anubis-a.akamaized.net/coub_storage/coub/simple/cw_file/2d2f1e4256c/26ff104e4954d5e72405a/muted_mp4_huge_size_1613424179_muted_huge.mp4","size":2169832},"high":{"url":"https://coub-anubis-a.akamaized.net/coub_storage/coub/simple/cw_file/2d2f1e4256c/26ff104e4954d5e72405a/muted_mp4_big_size_1613424179_muted_big.mp4","size":1500954},"med":{"url":"https://coub-anubis-a.akamaized.net/coub_storage/coub/simple/cw_file/2d2f1e4256c/26ff104e4954d5e72405a/muted_mp4_med_size_1613424179_muted_med.mp4","size":456843}},"audio":{"high":{"url":"https://coub-anubis-a.akamaized.net/coub_storage/coub/simple/cw_looped_audio_high/375b1a18591/1e0d10c265bbc3e93d7b4/1613424181_mp3-high.mp3","size":1183156},"med":{"url":"https://coub-anubis-a.akamaized.net/coub_storage/coub/simple/cw_looped_audio_med/eeb183707bd/700e12d51ee259f892a30/1613424180_mp3-med.mp3","size":954311},"sample_duration":9.985}},"mobile":{"video":"https://coub-anubis-a.akamaized.net/coub_storage/coub/simple/cw_file/2d2f1e4256c/26ff104e4954d5e72405a/muted_mp4_med_size_1613424179_muted_med.mp4","audio":["https://coub-anubis-a.akamaized.net/coub_storage/coub/simple/cw_looped_audio_med/eeb183707bd/700e12d51ee259f892a30/1613424180_mp3-med.mp3"]},"share":{"default":"https://coub-anubis-a.akamaized.net/coub_storage/coub/simple/cw_video_for_sharing/1f4796c08c2/73aa6483102faac014be2/1613424209_looped_1613424208.mp4"}},"audio_versions":{},"image_versions":{"template":"https://coub-anubis-a.akamaized.net/coub_storage/coub/simple/cw_image/da56e7d3373/913a521aa183b549dcd2d/%{version}_1613424186_00032.jpg","versions":["micro","tiny","age_restricted","ios_large","ios_mosaic","big","med","small","pinterest"]},"first_frame_versions":{"template":"https://coub-anubis-a.akamaized.net/coub_storage/coub/simple/cw_timeline_pic/4c37c9dcbb8/677881a509409c82a6aae/%{version}_1613424185_image.jpg","versions":["big","med","small","ios_large"]},"dimensions":{"big":[1280,720],"med":[640,360]},"site_w_h":[640,360],"page_w_h":[640,360],"site_w_h_small":[310,174],"size":[1280,720],"age_restricted":false,"age_restricted_by_admin":false,"not_safe_for_work":false,"allow_reuse":false,"dont_crop":true,"banned":false,"global_safe":true,"audio_file_url":null,"external_download":false,"application":null,"channel":{"id":4902543,"permalink":"sanc2satheus","title":"SanctusAtheus","description":"святой атеист","followers_count":8,"following_count":14,"avatar_versions":{"template":"https://coub-anubis-a.akamaized.net/coub_storage/channel/cw_avatar/1186db4be02/b1c93905d9e844649a1d7/%{version}_1607657322_1717x0b_1598878713_123.png","versions":["medium","medium_2x","profile_pic","profile_pic_new","profile_pic_new_2x","tiny","tiny_2x","small","small_2x","ios_large","ios_small"]}},"file":null,"picture":"https://coub-anubis-a.akamaized.net/coub_storage/coub/simple/cw_image/da56e7d3373/913a521aa183b549dcd2d/med_1613424186_00032.jpg","timeline_picture":"https://coub-anubis-a.akamaized.net/coub_storage/coub/simple/cw_timeline_pic/4c37c9dcbb8/677881a509409c82a6aae/ios_large_1613424185_image.jpg","small_picture":"https://coub-anubis-a.akamaized.net/coub_storage/coub/simple/cw_image/da56e7d3373/913a521aa183b549dcd2d/ios_mosaic_1613424186_00032.jpg","sharing_picture":null,"percent_done":100,"tags":[{"id":6159839,"title":"littlenightmares2","value":"littlenightmares2"},{"id":6164581,"title":"lisared","value":"lisared"},{"id":9159,"title":"twitch","value":"twitch"}],"categories":[{"id":17,"title":"Gaming","permalink":"gaming","subscriptions_count":10089456,"big_image_url":"https://coub-anubis-a.akamaized.net/coub_storage/category/cw_image/49fb773a80c/efee899b14f85527ed209/big_1544749693_gaming2.png","small_image_url":"https://coub-anubis-a.akamaized.net/coub_storage/category/cw_image/49fb773a80c/efee899b14f85527ed209/small_1544749693_gaming2.png","med_image_url":"https://coub-anubis-a.akamaized.net/coub_storage/category/cw_image/49fb773a80c/efee899b14f85527ed209/med_1544749693_gaming2.png","visible":true}],"communities":[{"id":17,"title":"Gaming","permalink":"gaming","subscriptions_count":10089456,"big_image_url":"https://coub-anubis-a.akamaized.net/coub_storage/category/cw_image/49fb773a80c/efee899b14f85527ed209/big_1544749693_gaming2.png","small_image_url":"https://coub-anubis-a.akamaized.net/coub_storage/category/cw_image/49fb773a80c/efee899b14f85527ed209/small_1544749693_gaming2.png","med_image_url":"https://coub-anubis-a.akamaized.net/coub_storage/category/cw_image/49fb773a80c/efee899b14f85527ed209/med_1544749693_gaming2.png","i_subscribed":true,"community_notifications_enabled":null,"description":null}],"recoubs_count":410,"remixes_count":2,"likes_count":2247,"dislikes_count":0,"raw_video_id":16175653,"uploaded_by_ios_app":false,"uploaded_by_android_app":false,"media_blocks":{"uploaded_raw_videos":[],"external_raw_videos":[],"remixed_from_coubs":[]},"raw_video_thumbnail_url":"/missing/missing.png","raw_video_title":"lisaYouSpin.mp4","video_block_banned":false,"duration":10.0,"promo_winner":false,"promo_winner_recoubers":null,"editorial_info":{},"promo_hint":null,"beeline_best_2014":null,"from_web_editor":true,"normalize_sound":false,"normalize_change_allowed":false,"best2015_addable":false,"ahmad_promo":null,"promo_data":null,"audio_copyright_claim":null,"ads_disabled":false,"is_safe_for_ads":true,"megafon_contents":[],"position_on_page":2},{"flag":null,"abuses":null,"recoubs_by_users_channels":null,"favourite":false,"promoted_id":null,"recoub":null,"like":null,"dislike":null,"reaction":null,"in_my_best2015":false,"id":158139269,"type":"Coub::Simple","permalink":"2lszu1","title":"Witcher 3 kicks in","visibility_type":"public","original_visibility_type":"public","channel_id":4503701,"created_at":"2020-11-18T21:45:28Z","updated_at":"2022-03-16T08:48:39Z","is_done":true,"views_count":135409,"cotd":null,"cotd_at":null,"visible_on_explore_root":false,"visible_on_explore":false,"featured":false,"published":true,"published_at":"2020-11-18T21:45:28Z","reversed":true,"from_editor_v2":true,"is_editable":true,"original_sound":false,"has_sound":false,"recoub_to":null,"file_versions":{"html5":{"video":{"higher":{"url":"https://coub-anubis-a.akamaized.net/coub_storage/coub/simple/cw_file/7680aa1bd3b/72eadf253d4c5c421c91f/muted_mp4_huge_size_1605735933_muted_huge.mp4","size":4225467},"high":{"url":"https://coub-anubis-a.akamaized.net/coub_storage/coub/simple/cw_file/7680aa1bd3b/72eadf253d4c5c421c91f/muted_mp4_big_size_1605735933_muted_big.mp4","size":2578622},"med":{"url":"https://coub-anubis-a.akamaized.net/coub_storage/coub/simple/cw_file/7680aa1bd3b/72eadf253d4c5c421c91f/muted_mp4_med_size_1605735933_muted_med.mp4","size":990711}},"audio":{"high":{"url":"https://coub-anubis-a.akamaized.net/coub_storage/coub/simple/cw_looped_audio_high/fc07e2c95ac/38b1884baa8c8f10eec05/1605736004_mp3-high.mp3","size":7400041},"med":{"url":"https://coub-anubis-a.akamaized.net/coub_storage/coub/simple/cw_looped_audio_med/4a2c35d0fa2/6300192d7907f5ef9ee0f/1605735999_mp3-med.mp3","size":5182580}}},"mobile":{"video":"https://coub-anubis-a.akamaized.net/coub_storage/coub/simple/cw_file/7680aa1bd3b/72eadf253d4c5c421c91f/muted_mp4_med_size_1605735933_muted_med.mp4","audio":["https://coub-anubis-a.akamaized.net/coub_storage/coub/simple/cw_looped_audio_med/4a2c35d0fa2/6300192d7907f5ef9ee0f/1605735999_mp3-med.mp3"]},"share":{"default":"https://coub-anubis-a.akamaized.net/coub_storage/coub/simple/cw_video_for_sharing/5d92a6fc906/0f9358005da5bf5a3577e/1608207225_looped_1608207224.mp4"}},"audio_versions":{"template":"https://coub-anubis-a.akamaized.net/coub_storage/audio_track/cw_normalized_copy/227e8bf1130/03b84d65e89622b386b49/mid_1605735975_normalized_1605735941_1ytx9ld_edited.mp3","versions":["mid","low"]},"image_versions":{"template":"https://coub-anubis-a.akamaized.net/coub_storage/coub/simple/cw_image/f74b2870dc7/e0a8372c89d4c23369cd2/1605736011_00032.jpg","versions":["micro","tiny","age_restricted","ios_large","ios_mosaic","big","med","small","pinterest"]},"first_frame_versions":{"template":"https://coub-anubis-a.akamaized.net/coub_storage/coub/simple/cw_timeline_pic/82d64fb006b/e8f4d7e5c513173d11bf2/%{version}_1605736011_image.jpg","versions":["big","med","small","ios_large"]},"dimensions":{"big":[1280,720],"med":[640,360]},"site_w_h":[640,360],"page_w_h":[640,360],"site_w_h_small":[310,174],"size":[1280,720],"age_restricted":false,"age_restricted_by_admin":false,"not_safe_for_work":false,"allow_reuse":false,"dont_crop":true,"banned":false,"global_safe":false,"audio_file_url":"https://coub-anubis-a.akamaized.net/coub_storage/audio_track/cw_normalized_copy/227e8bf1130/03b84d65e89622b386b49/low_1605735975_normalized_1605735941_1ytx9ld_edited.mp3","external_download":{"type":"Youtube","service_name":"YouTube","url":"https://youtu.be/ndKAssPbeVk","has_embed":true},"application":null,"channel":{"id":4503701,"permalink":"qwwdfsad","title":"qwwdfsad","description":null,"followers_count":26,"following_count":3,"avatar_versions":{"template":"https://coub-anubis-a.akamaized.net/coub_storage/channel/cw_avatar/44bd85add64/78b320e18905ea049c24e/%{version}_1609181202_1tbvu59_1528359421_j54FLIqA_400x400.jpg","versions":["medium","medium_2x","profile_pic","profile_pic_new","profile_pic_new_2x","tiny","tiny_2x","small","small_2x","ios_large","ios_small"]}},"file":null,"picture":"https://coub-anubis-a.akamaized.net/coub_storage/coub/simple/cw_image/f74b2870dc7/e0a8372c89d4c23369cd2/1605736011_00032.jpg","timeline_picture":"https://coub-anubis-a.akamaized.net/coub_storage/coub/simple/cw_timeline_pic/82d64fb006b/e8f4d7e5c513173d11bf2/ios_large_1605736011_image.jpg","small_picture":"https://coub-anubis-a.akamaized.net/coub_storage/coub/simple/cw_image/f74b2870dc7/e0a8372c89d4c23369cd2/1605736011_00032.jpg","sharing_picture":null,"percent_done":100,"tags":[{"id":344118,"title":"witcher 3","value":"witcher%203"},{"id":684218,"title":"witcher 3 wild hunt","value":"witcher%203%20wild%20hunt"},{"id":575196,"title":"drinkup","value":"drinkup"}],"categories":[{"id":17,"title":"Gaming","permalink":"gaming","subscriptions_count":10089456,"big_image_url":"https://coub-anubis-a.akamaized.net/coub_storage/category/cw_image/49fb773a80c/efee899b14f85527ed209/big_1544749693_gaming2.png","small_image_url":"https://coub-anubis-a.akamaized.net/coub_storage/category/cw_image/49fb773a80c/efee899b14f85527ed209/small_1544749693_gaming2.png","med_image_url":"https://coub-anubis-a.akamaized.net/coub_storage/category/cw_image/49fb773a80c/efee899b14f85527ed209/med_1544749693_gaming2.png","visible":true}],"communities":[{"id":17,"title":"Gaming","permalink":"gaming","subscriptions_count":10089456,"big_image_url":"https://coub-anubis-a.akamaized.net/coub_storage/category/cw_image/49fb773a80c/efee899b14f85527ed209/big_1544749693_gaming2.png","small_image_url":"https://coub-anubis-a.akamaized.net/coub_storage/category/cw_image/49fb773a80c/efee899b14f85527ed209/small_1544749693_gaming2.png","med_image_url":"https://coub-anubis-a.akamaized.net/coub_storage/category/cw_image/49fb773a80c/efee899b14f85527ed209/med_1544749693_gaming2.png","i_subscribed":true,"community_notifications_enabled":null,"description":null}],"recoubs_count":398,"remixes_count":4,"likes_count":2247,"dislikes_count":0,"raw_video_id":15542628,"uploaded_by_ios_app":false,"uploaded_by_android_app":false,"media_blocks":{"uploaded_raw_videos":[],"external_raw_videos":[{"id":36617746,"title":"CRAZY GUY DANCE TECHNO MUSIC","url":"https://www.youtube.com/watch?v=ndKAssPbeVk","image":null,"image_retina":null,"meta":{"service":"Youtube","duration":"60.12"},"duration":60.12,"raw_video_id":15542628,"has_embed":true}],"remixed_from_coubs":[],"external_video":{"id":36617746,"title":"CRAZY GUY DANCE TECHNO MUSIC","url":"https://www.youtube.com/watch?v=ndKAssPbeVk","image":null,"image_retina":null,"meta":{"service":"Youtube","duration":"60.12"},"duration":60.12,"raw_video_id":15542628,"has_embed":true}},"raw_video_thumbnail_url":"/missing/missing.png","raw_video_title":"CRAZY GUY DANCE TECHNO MUSIC","video_block_banned":false,"duration":10.16,"promo_winner":false,"promo_winner_recoubers":null,"editorial_info":{},"promo_hint":null,"beeline_best_2014":null,"from_web_editor":true,"normalize_sound":true,"normalize_change_allowed":true,"best2015_addable":false,"ahmad_promo":null,"promo_data":null,"audio_copyright_claim":null,"ads_disabled":false,"is_safe_for_ads":true,"megafon_contents":[],"position_on_page":3},{"flag":null,"abuses":null,"recoubs_by_users_channels":null,"favourite":false,"promoted_id":null,"recoub":null,"like":null,"dislike":null,"reaction":null,"in_my_best2015":false,"id":139812956,"type":"Coub::Simple","permalink":"2aw71g","title":"CS:GO WTF Moments #7","visibility_type":"public","original_visibility_type":"public","channel_id":7827283,"created_at":"2020-03-19T04:56:26Z","updated_at":"2022-03-15T21:53:50Z","is_done":true,"views_count":166729,"cotd":null,"cotd_at":null,"visible_on_explore_root":false,"visible_on_explore":false,"featured":false,"published":true,"published_at":"2020-03-19T04:56:26Z","reversed":false,"from_editor_v2":true,"is_editable":true,"original_sound":true,"has_sound":true,"recoub_to":null,"file_versions":{"html5":{"video":{"higher":{"url":"https://coub-anubis-a.akamaized.net/coub_storage/coub/simple/cw_file/914b8ee5aae/f44087edc55670a60de06/muted_mp4_huge_size_1584594089_muted_huge.mp4","size":2257520},"high":{"url":"https://coub-anubis-a.akamaized.net/coub_storage/coub/simple/cw_file/914b8ee5aae/f44087edc55670a60de06/muted_mp4_big_size_1584594089_muted_big.mp4","size":1726757},"med":{"url":"https://coub-anubis-a.akamaized.net/coub_storage/coub/simple/cw_file/914b8ee5aae/f44087edc55670a60de06/muted_mp4_med_size_1584594089_muted_med.mp4","size":457315}},"audio":{"high":{"url":"https://coub-anubis-a.akamaized.net/coub_storage/coub/simple/cw_looped_audio_high/7d5b54c786d/a0744b0b36024a9bc6b09/1605703333_high_1584594089_high.mp3","size":1335022},"med":{"url":"https://coub-anubis-a.akamaized.net/coub_storage/coub/simple/cw_looped_audio_med/c2be8768552/64da1d7069cac12ac0d48/1605703333_med_1584594089_med.mp3","size":951594},"sample_duration":9.938}},"mobile":{"video":"https://coub-anubis-a.akamaized.net/coub_storage/coub/simple/cw_file/914b8ee5aae/f44087edc55670a60de06/muted_mp4_med_size_1584594089_muted_med.mp4","audio":["https://coub-anubis-a.akamaized.net/coub_storage/coub/simple/cw_looped_audio_med/c2be8768552/64da1d7069cac12ac0d48/1605703333_med_1584594089_med.mp3"]},"share":{"default":"https://coub-anubis-a.akamaized.net/coub_storage/coub/simple/cw_video_for_sharing/f54c8c1c5b0/15520c7c70a99ea27deab/1611035315_looped_1611035314.mp4"}},"audio_versions":{},"image_versions":{"template":"https://coub-anubis-a.akamaized.net/coub_storage/coub/simple/cw_image/00d704cb45b/5e1996cd0734dc9f67181/1584594100_00031.jpg","versions":["micro","tiny","age_restricted","ios_large","ios_mosaic","big","med","small","pinterest"]},"first_frame_versions":{"template":"https://coub-anubis-a.akamaized.net/coub_storage/coub/simple/cw_timeline_pic/0991b63202f/602a6236ba6576191b1bd/%{version}_1584594099_image.jpg","versions":["big","med","small","ios_large"]},"dimensions":{"big":[1280,720],"med":[640,360]},"site_w_h":[640,360],"page_w_h":[640,360],"site_w_h_small":[310,174],"size":[1280,720],"age_restricted":false,"age_restricted_by_admin":false,"not_safe_for_work":false,"allow_reuse":false,"dont_crop":false,"banned":false,"global_safe":true,"audio_file_url":null,"external_download":{"type":"Youtube","service_name":"YouTube","url":"https://youtu.be/fPJea3JPsuM?t=52","has_embed":true},"application":null,"channel":{"id":7827283,"permalink":"laparka31725","title":"Laparka","description":null,"followers_count":1,"following_count":15,"avatar_versions":{"template":"https://coubsecureassets-a.akamaihd.net/assets/default-avatars/08-e2e5d33cfa84ed0a5fc288cc2813a483259642554599aea6ea53cb5830611379.png"}},"file":null,"picture":"https://coub-anubis-a.akamaized.net/coub_storage/coub/simple/cw_image/00d704cb45b/5e1996cd0734dc9f67181/1584594100_00031.jpg","timeline_picture":"https://coub-anubis-a.akamaized.net/coub_storage/coub/simple/cw_timeline_pic/0991b63202f/602a6236ba6576191b1bd/ios_large_1584594099_image.jpg","small_picture":"https://coub-anubis-a.akamaized.net/coub_storage/coub/simple/cw_image/00d704cb45b/5e1996cd0734dc9f67181/1584594100_00031.jpg","sharing_picture":null,"percent_done":100,"tags":[{"id":4038618,"title":"wtf csgo","value":"wtf%20csgo"},{"id":6695,"title":"cs","value":"cs"},{"id":966893,"title":"csgo fails","value":"csgo%20fails"},{"id":173,"title":"epic","value":"epic"},{"id":15704,"title":"fails","value":"fails"},{"id":23248,"title":"best moments","value":"best%20moments"},{"id":9101,"title":"clips","value":"clips"},{"id":1253,"title":"wtf","value":"wtf"},{"id":8726,"title":"highlights","value":"highlights"},{"id":1004258,"title":"csgo pro","value":"csgo%20pro"},{"id":4501243,"title":"best clips in csgo","value":"best%20clips%20in%20csgo"},{"id":174,"title":"funny","value":"funny"},{"id":63680,"title":"counter strike","value":"counter%20strike"},{"id":3722,"title":"7","value":"7"}],"categories":[{"id":17,"title":"Gaming","permalink":"gaming","subscriptions_count":10089456,"big_image_url":"https://coub-anubis-a.akamaized.net/coub_storage/category/cw_image/49fb773a80c/efee899b14f85527ed209/big_1544749693_gaming2.png","small_image_url":"https://coub-anubis-a.akamaized.net/coub_storage/category/cw_image/49fb773a80c/efee899b14f85527ed209/small_1544749693_gaming2.png","med_image_url":"https://coub-anubis-a.akamaized.net/coub_storage/category/cw_image/49fb773a80c/efee899b14f85527ed209/med_1544749693_gaming2.png","visible":true}],"communities":[{"id":17,"title":"Gaming","permalink":"gaming","subscriptions_count":10089456,"big_image_url":"https://coub-anubis-a.akamaized.net/coub_storage/category/cw_image/49fb773a80c/efee899b14f85527ed209/big_1544749693_gaming2.png","small_image_url":"https://coub-anubis-a.akamaized.net/coub_storage/category/cw_image/49fb773a80c/efee899b14f85527ed209/small_1544749693_gaming2.png","med_image_url":"https://coub-anubis-a.akamaized.net/coub_storage/category/cw_image/49fb773a80c/efee899b14f85527ed209/med_1544749693_gaming2.png","i_subscribed":true,"community_notifications_enabled":null,"description":null}],"recoubs_count":424,"remixes_count":0,"likes_count":2247,"dislikes_count":0,"raw_video_id":14952047,"uploaded_by_ios_app":false,"uploaded_by_android_app":false,"media_blocks":{"uploaded_raw_videos":[],"external_raw_videos":[{"id":35135838,"title":"CS:GO WTF Moments #7","url":"https://www.youtube.com/watch?v=fPJea3JPsuM","image":"https://coub-anubis-a.akamaized.net/coub_storage/media_block/cw_image/503ac17368c/59199fe588de9eec66cbd/1584593123_c9fezu_1584592932_146x8u0_att-url-download.jpg","image_retina":"https://coub-anubis-a.akamaized.net/coub_storage/media_block/cw_image/503ac17368c/59199fe588de9eec66cbd/1584593123_c9fezu_1584592932_146x8u0_att-url-download.jpg","meta":{"service":"Youtube","duration":"605.64"},"duration":605.64,"raw_video_id":14952047,"has_embed":true}],"remixed_from_coubs":[],"external_video":{"id":35135838,"title":"CS:GO WTF Moments #7","url":"https://www.youtube.com/watch?v=fPJea3JPsuM","image":"https://coub-anubis-a.akamaized.net/coub_storage/media_block/cw_image/503ac17368c/59199fe588de9eec66cbd/1584593123_c9fezu_1584592932_146x8u0_att-url-download.jpg","image_retina":"https://coub-anubis-a.akamaized.net/coub_storage/media_block/cw_image/503ac17368c/59199fe588de9eec66cbd/1584593123_c9fezu_1584592932_146x8u0_att-url-download.jpg","meta":{"service":"Youtube","duration":"605.64"},"duration":605.64,"raw_video_id":14952047,"has_embed":true}},"raw_video_thumbnail_url":"/missing/missing.png","raw_video_title":"CS:GO WTF Moments #7","video_block_banned":false,"duration":9.84,"promo_winner":false,"promo_winner_recoubers":null,"editorial_info":{},"promo_hint":null,"beeline_best_2014":null,"from_web_editor":true,"normalize_sound":true,"normalize_change_allowed":true,"best2015_addable":false,"ahmad_promo":null,"promo_data":null,"audio_copyright_claim":null,"ads_disabled":false,"is_safe_for_ads":true,"megafon_contents":[],"position_on_page":4},{"flag":null,"abuses":null,"recoubs_by_users_channels":null,"favourite":false,"promoted_id":null,"recoub":null,"like":null,"dislike":null,"reaction":null,"in_my_best2015":false,"id":80542449,"type":"Coub::Simple","permalink":"1bjo35","title":"Rainbow six Квартирный вопрос","visibility_type":"public","original_visibility_type":"public","channel_id":1604804,"created_at":"2018-07-24T17:37:47Z","updated_at":"2022-03-16T08:01:02Z","is_done":true,"views_count":131844,"cotd":null,"cotd_at":null,"visible_on_explore_root":false,"visible_on_explore":false,"featured":false,"published":true,"published_at":"2018-07-24T17:37:47Z","reversed":false,"from_editor_v2":true,"is_editable":true,"original_sound":true,"has_sound":true,"recoub_to":null,"file_versions":{"html5":{"video":{"higher":{"url":"https://coub-anubis-a.akamaized.net/coub_storage/coub/simple/cw_file/8d671420567/5e9fbe619ccf310f33cbe/muted_mp4_huge_size_1568262139_muted_huge.mp4","size":3754668},"high":{"url":"https://coub-anubis-a.akamaized.net/coub_storage/coub/simple/cw_file/8d671420567/5e9fbe619ccf310f33cbe/muted_mp4_big_size_1568262139_muted_big.mp4","size":2831653},"med":{"url":"https://coub-anubis-a.akamaized.net/coub_storage/coub/simple/cw_file/8d671420567/5e9fbe619ccf310f33cbe/muted_mp4_med_size_1568262139_muted_med.mp4","size":833007}},"audio":{"high":{"url":"https://coub-anubis-a.akamaized.net/coub_storage/coub/simple/cw_looped_audio_high/699bc1adcf0/70c6475f05563f660d9ac/1605617127_high_1532453927_high.mp3","size":948028},"med":{"url":"https://coub-anubis-a.akamaized.net/coub_storage/coub/simple/cw_looped_audio_med/72afa1567a0/fc698132aac080d8840e9/1605617127_med_1532453927_med.mp3","size":799076},"sample_duration":10.009}},"mobile":{"video":"https://coub-anubis-a.akamaized.net/coub_storage/coub/simple/cw_file/8d671420567/5e9fbe619ccf310f33cbe/muted_mp4_med_size_1568262139_muted_med.mp4","audio":["https://coub-anubis-a.akamaized.net/coub_storage/coub/simple/cw_looped_audio_med/72afa1567a0/fc698132aac080d8840e9/1605617127_med_1532453927_med.mp3"]},"share":{"default":"https://coub-anubis-a.akamaized.net/coub_storage/coub/simple/cw_video_for_sharing/1c0176ddc2b/ec971561ca2ac58614990/1609803855_looped_1609803854.mp4"}},"audio_versions":{},"image_versions":{"template":"https://coub-anubis-a.akamaized.net/coub_storage/coub/simple/cw_image/dc9efee5618/eaa3b75cc265409ea3fa3/1532453934_00032.jpg","versions":["micro","tiny","age_restricted","ios_large","ios_mosaic","big","med","small","pinterest"]},"first_frame_versions":{"template":"https://coub-anubis-a.akamaized.net/coub_storage/coub/simple/cw_timeline_pic/67b804d48b7/38a35330e483421279c36/1532453933_image.jpg","versions":["big","med","small","ios_large"]},"dimensions":{"big":[1280,540],"med":[640,270]},"site_w_h":[640,270],"page_w_h":[640,270],"site_w_h_small":[310,131],"size":[1280,540],"age_restricted":false,"age_restricted_by_admin":false,"not_safe_for_work":false,"allow_reuse":false,"dont_crop":false,"banned":false,"global_safe":false,"audio_file_url":null,"external_download":{"type":"Youtube","service_name":"YouTube","url":"http://www.youtube.com/watch?v=aakwZkbf800","has_embed":true},"application":null,"channel":{"id":1604804,"permalink":"andrei.kuptsov","title":"andrei.kuptsov","description":null,"followers_count":395,"following_count":1,"avatar_versions":{"template":"https://coub-anubis-a.akamaized.net/coub_storage/channel/cw_avatar/37f7f390b4b/62be7696f667e2569d2a5/%{version}_1632564969_f36c8d7cbee64cd976b42a958d8b5cad.jpg","versions":["medium","medium_2x","profile_pic","profile_pic_new","profile_pic_new_2x","tiny","tiny_2x","small","small_2x","ios_large","ios_small"]}},"file":null,"picture":"https://coub-anubis-a.akamaized.net/coub_storage/coub/simple/cw_image/dc9efee5618/eaa3b75cc265409ea3fa3/1532453934_00032.jpg","timeline_picture":"https://coub-anubis-a.akamaized.net/coub_storage/coub/simple/cw_timeline_pic/67b804d48b7/38a35330e483421279c36/1532453933_image.jpg","small_picture":"https://coub-anubis-a.akamaized.net/coub_storage/coub/simple/cw_image/dc9efee5618/eaa3b75cc265409ea3fa3/1532453934_00032.jpg","sharing_picture":null,"percent_done":100,"tags":[{"id":1878859,"title":"battlefield 1 прохождение","value":"battlefield%201%20%D0%BF%D1%80%D0%BE%D1%85%D0%BE%D0%B6%D0%B4%D0%B5%D0%BD%D0%B8%D0%B5"},{"id":3042497,"title":"battlefield 1 баги приколы фейлы","value":"battlefield%201%20%D0%B1%D0%B0%D0%B3%D0%B8%20%D0%BF%D1%80%D0%B8%D0%BA%D0%BE%D0%BB%D1%8B%20%D1%84%D0%B5%D0%B9%D0%BB%D1%8B"},{"id":1878858,"title":"battlefield 1 приколы","value":"battlefield%201%20%D0%BF%D1%80%D0%B8%D0%BA%D0%BE%D0%BB%D1%8B"},{"id":1500414,"title":"battlefield 1 геймплей","value":"battlefield%201%20%D0%B3%D0%B5%D0%B9%D0%BC%D0%BF%D0%BB%D0%B5%D0%B9"},{"id":162452,"title":"wtf moments","value":"wtf%20moments"},{"id":3042498,"title":"battlefield 1 кооператив","value":"battlefield%201%20%D0%BA%D0%BE%D0%BE%D0%BF%D0%B5%D1%80%D0%B0%D1%82%D0%B8%D0%B2"},{"id":1911298,"title":"battlefield 1 мультиплеер","value":"battlefield%201%20%D0%BC%D1%83%D0%BB%D1%8C%D1%82%D0%B8%D0%BF%D0%BB%D0%B5%D0%B5%D1%80"},{"id":3014770,"title":"петренто","value":"%D0%BF%D0%B5%D1%82%D1%80%D0%B5%D0%BD%D1%82%D0%BE"},{"id":675738,"title":"petrento","value":"petrento"},{"id":1493333,"title":"battlefield 1","value":"battlefield%201"},{"id":1500412,"title":"бателфилд 1","value":"%D0%B1%D0%B0%D1%82%D0%B5%D0%BB%D1%84%D0%B8%D0%BB%D0%B4%201"},{"id":10006,"title":"gameplay","value":"gameplay"},{"id":15704,"title":"fails","value":"fails"},{"id":64394,"title":"lags","value":"lags"},{"id":169,"title":"fun","value":"fun"},{"id":10729,"title":"bugs","value":"bugs"},{"id":24041,"title":"фейлы","value":"%D1%84%D0%B5%D0%B9%D0%BB%D1%8B"},{"id":31471,"title":"фэйлы","value":"%D1%84%D1%8D%D0%B9%D0%BB%D1%8B"},{"id":17897,"title":"геймплей","value":"%D0%B3%D0%B5%D0%B9%D0%BC%D0%BF%D0%BB%D0%B5%D0%B9"},{"id":4480,"title":"приколы","value":"%D0%BF%D1%80%D0%B8%D0%BA%D0%BE%D0%BB%D1%8B"}],"categories":[{"id":17,"title":"Gaming","permalink":"gaming","subscriptions_count":10089456,"big_image_url":"https://coub-anubis-a.akamaized.net/coub_storage/category/cw_image/49fb773a80c/efee899b14f85527ed209/big_1544749693_gaming2.png","small_image_url":"https://coub-anubis-a.akamaized.net/coub_storage/category/cw_image/49fb773a80c/efee899b14f85527ed209/small_1544749693_gaming2.png","med_image_url":"https://coub-anubis-a.akamaized.net/coub_storage/category/cw_image/49fb773a80c/efee899b14f85527ed209/med_1544749693_gaming2.png","visible":true}],"communities":[{"id":17,"title":"Gaming","permalink":"gaming","subscriptions_count":10089456,"big_image_url":"https://coub-anubis-a.akamaized.net/coub_storage/category/cw_image/49fb773a80c/efee899b14f85527ed209/big_1544749693_gaming2.png","small_image_url":"https://coub-anubis-a.akamaized.net/coub_storage/category/cw_image/49fb773a80c/efee899b14f85527ed209/small_1544749693_gaming2.png","med_image_url":"https://coub-anubis-a.akamaized.net/coub_storage/category/cw_image/49fb773a80c/efee899b14f85527ed209/med_1544749693_gaming2.png","i_subscribed":true,"community_notifications_enabled":null,"description":null}],"recoubs_count":549,"remixes_count":1,"likes_count":2246,"dislikes_count":0,"raw_video_id":11706345,"uploaded_by_ios_app":false,"uploaded_by_android_app":false,"media_blocks":{"uploaded_raw_videos":[],"external_raw_videos":[{"id":26401131,"title":"Battlefield 1 КАК ПРАВИЛЬНО ИГРАТЬ С ДРУЗЬЯМИ # 13 \"Баги, Фэйлы, Смешные Моменты\"","url":"http://www.youtube.com/watch?v=aakwZkbf800","image":"https://coub-anubis-a.akamaized.net/coub_storage/media_block/cw_image/dd91a6aa09f/f0aabf4ab09ff2d85b70e/1526477548_1526477460_3hq9n8_att-url-download.jpg","image_retina":"https://coub-anubis-a.akamaized.net/coub_storage/media_block/cw_image/dd91a6aa09f/f0aabf4ab09ff2d85b70e/1526477548_1526477460_3hq9n8_att-url-download.jpg","meta":{"service":"Youtube","duration":"510.36"},"duration":510.36,"raw_video_id":11706345,"has_embed":true}],"remixed_from_coubs":[],"external_video":{"id":26401131,"title":"Battlefield 1 КАК ПРАВИЛЬНО ИГРАТЬ С ДРУЗЬЯМИ # 13 \"Баги, Фэйлы, Смешные Моменты\"","url":"http://www.youtube.com/watch?v=aakwZkbf800","image":"https://coub-anubis-a.akamaized.net/coub_storage/media_block/cw_image/dd91a6aa09f/f0aabf4ab09ff2d85b70e/1526477548_1526477460_3hq9n8_att-url-download.jpg","image_retina":"https://coub-anubis-a.akamaized.net/coub_storage/media_block/cw_image/dd91a6aa09f/f0aabf4ab09ff2d85b70e/1526477548_1526477460_3hq9n8_att-url-download.jpg","meta":{"service":"Youtube","duration":"510.36"},"duration":510.36,"raw_video_id":11706345,"has_embed":true}},"raw_video_thumbnail_url":"/missing/missing.png","raw_video_title":"Battlefield 1 КАК ПРАВИЛЬНО ИГРАТЬ С ДРУЗЬЯМИ # 13 \"Баги, Фэйлы, Смешные Моменты\"","video_block_banned":false,"duration":10.0,"promo_winner":false,"promo_winner_recoubers":null,"editorial_info":{},"promo_hint":null,"beeline_best_2014":null,"from_web_editor":true,"normalize_sound":true,"normalize_change_allowed":true,"best2015_addable":false,"ahmad_promo":null,"promo_data":null,"audio_copyright_claim":null,"ads_disabled":false,"is_safe_for_ads":true,"megafon_contents":[],"position_on_page":5},{"flag":null,"abuses":null,"recoubs_by_users_channels":null,"favourite":false,"promoted_id":null,"recoub":null,"like":null,"dislike":null,"reaction":null,"in_my_best2015":false,"id":75077050,"type":"Coub::Simple","permalink":"18ab7h","title":"Skips","visibility_type":"public","original_visibility_type":"public","channel_id":2592303,"created_at":"2018-05-21T22:25:14Z","updated_at":"2022-03-08T04:04:51Z","is_done":true,"views_count":595057,"cotd":null,"cotd_at":null,"visible_on_explore_root":false,"visible_on_explore":false,"featured":false,"published":true,"published_at":"2018-05-21T22:25:14Z","reversed":false,"from_editor_v2":true,"is_editable":true,"original_sound":true,"has_sound":true,"recoub_to":null,"file_versions":{"html5":{"video":{"higher":{"url":"https://coub-anubis-a.akamaized.net/coub_storage/coub/simple/cw_file/1438e1caa68/7b37f43e05610403a60a3/muted_mp4_huge_size_1568236804_muted_huge.mp4","size":3499016},"high":{"url":"https://coub-anubis-a.akamaized.net/coub_storage/coub/simple/cw_file/1438e1caa68/7b37f43e05610403a60a3/muted_mp4_big_size_1568236804_muted_big.mp4","size":2730717},"med":{"url":"https://coub-anubis-a.akamaized.net/coub_storage/coub/simple/cw_file/1438e1caa68/7b37f43e05610403a60a3/muted_mp4_med_size_1568236804_muted_med.mp4","size":857741}},"audio":{"high":{"url":"https://coub-anubis-a.akamaized.net/coub_storage/coub/simple/cw_looped_audio_high/a59a863c163/e3383529c0389b382012f/1605625656_high_1526941539_high.mp3","size":1156155},"med":{"url":"https://coub-anubis-a.akamaized.net/coub_storage/coub/simple/cw_looped_audio_med/7c606d87c86/6df5119bec0c0cf5111ee/1605625655_med_1526941539_med.mp3","size":878619},"sample_duration":9.173}},"mobile":{"video":"https://coub-anubis-a.akamaized.net/coub_storage/coub/simple/cw_file/1438e1caa68/7b37f43e05610403a60a3/muted_mp4_med_size_1568236804_muted_med.mp4","audio":["https://coub-anubis-a.akamaized.net/coub_storage/coub/simple/cw_looped_audio_med/7c606d87c86/6df5119bec0c0cf5111ee/1605625655_med_1526941539_med.mp3"]},"share":{"default":"https://coub-anubis-a.akamaized.net/coub_storage/coub/simple/cw_video_for_sharing/a5158d4982f/b47ab34a7d422dfc745ea/1611530494_looped_1611530494.mp4"}},"audio_versions":{},"image_versions":{"template":"https://coub-anubis-a.akamaized.net/coub_storage/coub/simple/cw_image/12c11d0b255/b04adb7f179d9f8c42847/1526941545_00029.jpg","versions":["micro","tiny","age_restricted","ios_large","ios_mosaic","big","med","small","pinterest"]},"first_frame_versions":{"template":"https://coub-anubis-a.akamaized.net/coub_storage/coub/simple/cw_timeline_pic/525a4eb94ab/451b53d21f8843a50d844/1526941545_image.jpg","versions":["big","med","small","ios_large"]},"dimensions":{"big":[1280,540],"med":[640,270]},"site_w_h":[640,270],"page_w_h":[640,270],"site_w_h_small":[310,131],"size":[1280,540],"age_restricted":false,"age_restricted_by_admin":false,"not_safe_for_work":false,"allow_reuse":false,"dont_crop":false,"banned":false,"global_safe":true,"audio_file_url":null,"external_download":{"type":"Youtube","service_name":"YouTube","url":"http://www.youtube.com/watch?v=iO_6JqlII58","has_embed":true},"application":null,"channel":{"id":2592303,"permalink":"msmario317","title":"MsMario317","description":null,"followers_count":78,"following_count":9,"avatar_versions":{"template":"https://coub-anubis-a.akamaized.net/coub_storage/channel/cw_avatar/25a5dc0619a/ee1d55ca905a786b8a077/%{version}_1607635418_1x0te6o_1566747783_filename.jpeg","versions":["medium","medium_2x","profile_pic","profile_pic_new","profile_pic_new_2x","tiny","tiny_2x","small","small_2x","ios_large","ios_small"]}},"file":null,"picture":"https://coub-anubis-a.akamaized.net/coub_storage/coub/simple/cw_image/12c11d0b255/b04adb7f179d9f8c42847/1526941545_00029.jpg","timeline_picture":"https://coub-anubis-a.akamaized.net/coub_storage/coub/simple/cw_timeline_pic/525a4eb94ab/451b53d21f8843a50d844/1526941545_image.jpg","small_picture":"https://coub-anubis-a.akamaized.net/coub_storage/coub/simple/cw_image/12c11d0b255/b04adb7f179d9f8c42847/1526941545_00029.jpg","sharing_picture":null,"percent_done":100,"tags":[],"categories":[{"id":17,"title":"Gaming","permalink":"gaming","subscriptions_count":10089456,"big_image_url":"https://coub-anubis-a.akamaized.net/coub_storage/category/cw_image/49fb773a80c/efee899b14f85527ed209/big_1544749693_gaming2.png","small_image_url":"https://coub-anubis-a.akamaized.net/coub_storage/category/cw_image/49fb773a80c/efee899b14f85527ed209/small_1544749693_gaming2.png","med_image_url":"https://coub-anubis-a.akamaized.net/coub_storage/category/cw_image/49fb773a80c/efee899b14f85527ed209/med_1544749693_gaming2.png","visible":true}],"communities":[{"id":17,"title":"Gaming","permalink":"gaming","subscriptions_count":10089456,"big_image_url":"https://coub-anubis-a.akamaized.net/coub_storage/category/cw_image/49fb773a80c/efee899b14f85527ed209/big_1544749693_gaming2.png","small_image_url":"https://coub-anubis-a.akamaized.net/coub_storage/category/cw_image/49fb773a80c/efee899b14f85527ed209/small_1544749693_gaming2.png","med_image_url":"https://coub-anubis-a.akamaized.net/coub_storage/category/cw_image/49fb773a80c/efee899b14f85527ed209/med_1544749693_gaming2.png","i_subscribed":true,"community_notifications_enabled":null,"description":null}],"recoubs_count":528,"remixes_count":1,"likes_count":2246,"dislikes_count":0,"raw_video_id":10546768,"uploaded_by_ios_app":true,"uploaded_by_android_app":false,"media_blocks":{"uploaded_raw_videos":[],"external_raw_videos":[{"id":23188242,"title":"HIDDEN CHARACTER INTROS: Mortal Kombat X Leak (Latepril Fools)","url":"http://www.youtube.com/watch?v=iO_6JqlII58","image":"https://coub-anubis-a.akamaized.net/coub_storage/media_block/cw_image/e07da198835/db8401f9659a4c505d076/1510303406_1510303376_1pr1ulr_att-url-download.jpg","image_retina":"https://coub-anubis-a.akamaized.net/coub_storage/media_block/cw_image/e07da198835/db8401f9659a4c505d076/1510303406_1510303376_1pr1ulr_att-url-download.jpg","meta":{"service":"Youtube","duration":"139.28"},"duration":139.28,"raw_video_id":10546768,"has_embed":true}],"remixed_from_coubs":[],"external_video":{"id":23188242,"title":"HIDDEN CHARACTER INTROS: Mortal Kombat X Leak (Latepril Fools)","url":"http://www.youtube.com/watch?v=iO_6JqlII58","image":"https://coub-anubis-a.akamaized.net/coub_storage/media_block/cw_image/e07da198835/db8401f9659a4c505d076/1510303406_1510303376_1pr1ulr_att-url-download.jpg","image_retina":"https://coub-anubis-a.akamaized.net/coub_storage/media_block/cw_image/e07da198835/db8401f9659a4c505d076/1510303406_1510303376_1pr1ulr_att-url-download.jpg","meta":{"service":"Youtube","duration":"139.28"},"duration":139.28,"raw_video_id":10546768,"has_embed":true}},"raw_video_thumbnail_url":"/missing/missing.png","raw_video_title":"HIDDEN CHARACTER INTROS: Mortal Kombat X Leak (Latepril Fools)","video_block_banned":false,"duration":9.16,"promo_winner":false,"promo_winner_recoubers":null,"editorial_info":{},"promo_hint":null,"beeline_best_2014":null,"from_web_editor":false,"normalize_sound":true,"normalize_change_allowed":true,"best2015_addable":false,"ahmad_promo":null,"promo_data":null,"audio_copyright_claim":null,"ads_disabled":false,"is_safe_for_ads":true,"megafon_contents":[],"position_on_page":6},{"flag":null,"abuses":null,"recoubs_by_users_channels":null,"favourite":false,"promoted_id":null,"recoub":null,"like":null,"dislike":null,"reaction":null,"in_my_best2015":false,"id":73299421,"type":"Coub::Simple","permalink":"177yb6","title":"SURPRISE","visibility_type":"public","original_visibility_type":"public","channel_id":2491147,"created_at":"2018-04-30T22:40:18Z","updated_at":"2022-03-15T19:45:03Z","is_done":true,"views_count":683573,"cotd":null,"cotd_at":null,"visible_on_explore_root":false,"visible_on_explore":false,"featured":false,"published":true,"published_at":"2018-04-30T22:40:18Z","reversed":false,"from_editor_v2":true,"is_editable":true,"original_sound":true,"has_sound":true,"recoub_to":null,"file_versions":{"html5":{"video":{"higher":{"url":"https://coub-anubis-a.akamaized.net/coub_storage/coub/simple/cw_file/c296433a8f6/d50c45a4adb5c62f62fb7/muted_mp4_huge_size_1568227590_muted_huge.mp4","size":3716285},"high":{"url":"https://coub-anubis-a.akamaized.net/coub_storage/coub/simple/cw_file/c296433a8f6/d50c45a4adb5c62f62fb7/muted_mp4_big_size_1568227590_muted_big.mp4","size":2730855},"med":{"url":"https://coub-anubis-a.akamaized.net/coub_storage/coub/simple/cw_file/c296433a8f6/d50c45a4adb5c62f62fb7/muted_mp4_med_size_1568227590_muted_med.mp4","size":837499}},"audio":{"high":{"url":"https://coub-anubis-a.akamaized.net/coub_storage/coub/simple/cw_looped_audio_high/b61b3d6c6b5/be73b1a2acf6296175b93/1605649805_high_1525128029_high.mp3","size":987972},"med":{"url":"https://coub-anubis-a.akamaized.net/coub_storage/coub/simple/cw_looped_audio_med/b57bc3f7c36/7d36920fbfb8e32929762/1605649805_med_1525128029_med.mp3","size":799076},"sample_duration":10.009}},"mobile":{"video":"https://coub-anubis-a.akamaized.net/coub_storage/coub/simple/cw_file/c296433a8f6/d50c45a4adb5c62f62fb7/muted_mp4_med_size_1568227590_muted_med.mp4","audio":["https://coub-anubis-a.akamaized.net/coub_storage/coub/simple/cw_looped_audio_med/b57bc3f7c36/7d36920fbfb8e32929762/1605649805_med_1525128029_med.mp3"]},"share":{"default":"https://coub-anubis-a.akamaized.net/coub_storage/coub/simple/cw_video_for_sharing/9ebab8c2d24/5cb9f9a54a0eeedccc0f4/1610592481_looped_1610592480.mp4"}},"audio_versions":{},"image_versions":{"template":"https://coub-anubis-a.akamaized.net/coub_storage/coub/simple/cw_image/4c043767e3f/0595b1ab8bc5597b2f2ee/1525128035_00032.jpg","versions":["micro","tiny","age_restricted","ios_large","ios_mosaic","big","med","small","pinterest"]},"first_frame_versions":{"template":"https://coub-anubis-a.akamaized.net/coub_storage/coub/simple/cw_timeline_pic/b6f656c46f1/1219139599e13d2494331/%{version}_1525128034_image.jpg","versions":["big","med","small","ios_large"]},"dimensions":{"big":[1280,720],"med":[640,360]},"site_w_h":[640,360],"page_w_h":[640,360],"site_w_h_small":[310,174],"size":[1280,720],"age_restricted":false,"age_restricted_by_admin":false,"not_safe_for_work":false,"allow_reuse":false,"dont_crop":false,"banned":false,"global_safe":true,"audio_file_url":null,"external_download":false,"application":null,"channel":{"id":2491147,"permalink":"tvgmofficial","title":"Those Video Game Moments","description":"Epic and funny gaming moments including glitches, game fails, epic wins, memes, and more! 🎮 YouTube channel: Those Video Game Moments","followers_count":1288,"following_count":22,"avatar_versions":{"template":"https://coub-anubis-a.akamaized.net/coub_storage/channel/cw_avatar/7176d6b1ba6/dc7a5464b6a08eb4325ec/%{version}_1609308926_199f3y7_1474695147_tvgm_tumblr.png","versions":["medium","medium_2x","profile_pic","profile_pic_new","profile_pic_new_2x","tiny","tiny_2x","small","small_2x","ios_large","ios_small"]}},"file":null,"picture":"https://coub-anubis-a.akamaized.net/coub_storage/coub/simple/cw_image/4c043767e3f/0595b1ab8bc5597b2f2ee/1525128035_00032.jpg","timeline_picture":"https://coub-anubis-a.akamaized.net/coub_storage/coub/simple/cw_timeline_pic/b6f656c46f1/1219139599e13d2494331/ios_large_1525128034_image.jpg","small_picture":"https://coub-anubis-a.akamaized.net/coub_storage/coub/simple/cw_image/4c043767e3f/0595b1ab8bc5597b2f2ee/1525128035_00032.jpg","sharing_picture":null,"percent_done":100,"tags":[{"id":356784,"title":"rainbow six siege","value":"rainbow%20six%20siege"},{"id":6372,"title":"surprise","value":"surprise"},{"id":2345,"title":"gaming","value":"gaming"},{"id":2707,"title":"omg","value":"omg"},{"id":465,"title":"shit","value":"shit"},{"id":1495782,"title":"tvgm","value":"tvgm"},{"id":1655579,"title":"gaming moments","value":"gaming%20moments"},{"id":174,"title":"funny","value":"funny"},{"id":170,"title":"lol","value":"lol"},{"id":1485,"title":"comedy","value":"comedy"},{"id":472327,"title":"game fails","value":"game%20fails"},{"id":15704,"title":"fails","value":"fails"},{"id":53301,"title":"clutch","value":"clutch"}],"categories":[{"id":17,"title":"Gaming","permalink":"gaming","subscriptions_count":10089456,"big_image_url":"https://coub-anubis-a.akamaized.net/coub_storage/category/cw_image/49fb773a80c/efee899b14f85527ed209/big_1544749693_gaming2.png","small_image_url":"https://coub-anubis-a.akamaized.net/coub_storage/category/cw_image/49fb773a80c/efee899b14f85527ed209/small_1544749693_gaming2.png","med_image_url":"https://coub-anubis-a.akamaized.net/coub_storage/category/cw_image/49fb773a80c/efee899b14f85527ed209/med_1544749693_gaming2.png","visible":true}],"communities":[{"id":17,"title":"Gaming","permalink":"gaming","subscriptions_count":10089456,"big_image_url":"https://coub-anubis-a.akamaized.net/coub_storage/category/cw_image/49fb773a80c/efee899b14f85527ed209/big_1544749693_gaming2.png","small_image_url":"https://coub-anubis-a.akamaized.net/coub_storage/category/cw_image/49fb773a80c/efee899b14f85527ed209/small_1544749693_gaming2.png","med_image_url":"https://coub-anubis-a.akamaized.net/coub_storage/category/cw_image/49fb773a80c/efee899b14f85527ed209/med_1544749693_gaming2.png","i_subscribed":true,"community_notifications_enabled":null,"description":null}],"recoubs_count":506,"remixes_count":2,"likes_count":2246,"dislikes_count":0,"raw_video_id":11614409,"uploaded_by_ios_app":false,"uploaded_by_android_app":false,"media_blocks":{"uploaded_raw_videos":[],"external_raw_videos":[],"remixed_from_coubs":[]},"raw_video_thumbnail_url":"/missing/missing.png","raw_video_title":"g0enf.mp4","video_block_banned":false,"duration":10.0,"promo_winner":false,"promo_winner_recoubers":null,"editorial_info":{},"promo_hint":null,"beeline_best_2014":null,"from_web_editor":true,"normalize_sound":true,"normalize_change_allowed":true,"best2015_addable":false,"ahmad_promo":null,"promo_data":null,"audio_copyright_claim":null,"ads_disabled":false,"is_safe_for_ads":true,"megafon_contents":[],"position_on_page":7},{"flag":null,"abuses":null,"recoubs_by_users_channels":null,"favourite":false,"promoted_id":null,"recoub":null,"like":null,"dislike":null,"reaction":null,"in_my_best2015":false,"id":22362544,"type":"Coub::Simple","permalink":"cv5sh","title":" Faith Fail","visibility_type":"public","original_visibility_type":"public","channel_id":823564,"created_at":"2016-06-08T16:13:05Z","updated_at":"2022-03-02T08:54:46Z","is_done":true,"views_count":136792,"cotd":null,"cotd_at":null,"visible_on_explore_root":true,"visible_on_explore":true,"featured":true,"published":true,"published_at":"2016-06-08T16:13:05Z","reversed":false,"from_editor_v2":true,"is_editable":true,"original_sound":false,"has_sound":false,"recoub_to":null,"file_versions":{"html5":{"video":{"higher":{"url":"https://coub-anubis-a.akamaized.net/coub_storage/coub/simple/cw_file/d3c803af651/ccef5e913ae4436f1763b/muted_mp4_huge_size_1567894112_muted_huge.mp4","size":2275462},"high":{"url":"https://coub-anubis-a.akamaized.net/coub_storage/coub/simple/cw_file/d3c803af651/ccef5e913ae4436f1763b/muted_mp4_big_size_1567894112_muted_big.mp4","size":1531894},"med":{"url":"https://coub-anubis-a.akamaized.net/coub_storage/coub/simple/cw_file/d3c803af651/ccef5e913ae4436f1763b/muted_mp4_med_size_1567894112_muted_med.mp4","size":475399}},"audio":{"high":{"url":"https://coub-anubis-a.akamaized.net/coub_storage/coub/simple/cw_looped_audio_high/b1cd1a1fbbd/0797c241f2068dba7c403/1605495406_high_1489253483_high.mp3","size":1408548},"med":{"url":"https://coub-anubis-a.akamaized.net/coub_storage/coub/simple/cw_looped_audio_med/02ba9e5fc8e/9479b3ce9a2ea2818aeb5/1605495406_med_1489253483_med.mp3","size":1176119}}},"mobile":{"video":"https://coub-anubis-a.akamaized.net/coub_storage/coub/simple/cw_file/d3c803af651/ccef5e913ae4436f1763b/muted_mp4_med_size_1567894112_muted_med.mp4","audio":["https://coub-anubis-a.akamaized.net/coub_storage/coub/simple/cw_looped_audio_med/02ba9e5fc8e/9479b3ce9a2ea2818aeb5/1605495406_med_1489253483_med.mp3"]},"share":{"default":"https://coub-anubis-a.akamaized.net/coub_storage/coub/simple/cw_video_for_sharing/6f6a0c51eeb/705144ed05c912d004e44/1610335010_looped_1610335008.mp4"}},"audio_versions":{"template":"https://coub-anubis-a.akamaized.net/coub_storage/audio_track/cw_file/2f0c796cc5c/c757df6af2fb057b0e14e/mid_1489253479_gclpx0_edited.mp3","versions":["mid","low"]},"image_versions":{"template":"https://coub-anubis-a.akamaized.net/coub_storage/coub/simple/cw_image/0e26353fe92/3466e6831c50985f099d0/1489253493_00015.jpg","versions":["micro","tiny","age_restricted","ios_large","ios_mosaic","big","med","small","pinterest"]},"first_frame_versions":{"template":"https://coub-anubis-a.akamaized.net/coub_storage/coub/simple/cw_timeline_pic/0e26353fe92/3466e6831c50985f099d0/%{version}_1489253492_image.jpg","versions":["big","med","small","ios_large"]},"dimensions":{"big":[1280,800],"med":[640,400]},"site_w_h":[640,400],"page_w_h":[640,400],"site_w_h_small":[310,194],"size":[1280,800],"age_restricted":false,"age_restricted_by_admin":false,"not_safe_for_work":false,"allow_reuse":false,"dont_crop":false,"banned":false,"global_safe":true,"audio_file_url":"https://coub-anubis-a.akamaized.net/coub_storage/audio_track/cw_file/2f0c796cc5c/c757df6af2fb057b0e14e/low_1489253479_gclpx0_edited.mp3","external_download":{"type":"Youtube","service_name":"YouTube","url":"http://www.youtube.com/watch?v=vOe3ik_RViE","has_embed":true},"application":null,"channel":{"id":823564,"permalink":"jeromejerome","title":"ArtyomDemidov","description":null,"followers_count":27,"following_count":7,"avatar_versions":{"template":"https://coub-anubis-a.akamaized.net/coub_storage/channel/cw_avatar/6eb6967ff69/662f2f2308db20f0790db/%{version}_1609147952_ekm7e6_1474533925_x_80125634.jpg","versions":["medium","medium_2x","profile_pic","profile_pic_new","profile_pic_new_2x","tiny","tiny_2x","small","small_2x","ios_large","ios_small"]}},"file":null,"picture":"https://coub-anubis-a.akamaized.net/coub_storage/coub/simple/cw_image/0e26353fe92/3466e6831c50985f099d0/1489253493_00015.jpg","timeline_picture":"https://coub-anubis-a.akamaized.net/coub_storage/coub/simple/cw_timeline_pic/0e26353fe92/3466e6831c50985f099d0/ios_large_1489253492_image.jpg","small_picture":"https://coub-anubis-a.akamaized.net/coub_storage/coub/simple/cw_image/0e26353fe92/3466e6831c50985f099d0/1489253493_00015.jpg","sharing_picture":null,"percent_done":100,"tags":[{"id":288361,"title":"hybrids","value":"hybrids"},{"id":41698,"title":"hybrid","value":"hybrid"},{"id":1580719,"title":"mirror's edge catalyst parkour","value":"mirror's%20edge%20catalyst%20parkour"},{"id":1314815,"title":"mirror's edge parkour","value":"mirror's%20edge%20parkour"},{"id":1314814,"title":"mirror's edge 2 pc","value":"mirror's%20edge%202%20pc"},{"id":1314813,"title":"mirror's edge catalyst pc","value":"mirror's%20edge%20catalyst%20pc"},{"id":1314812,"title":"mirror's edge pc","value":"mirror's%20edge%20pc"},{"id":1314811,"title":"mirror's edge 2 xbox","value":"mirror's%20edge%202%20xbox"},{"id":1314810,"title":"mirror's edge catalyst xbox","value":"mirror's%20edge%20catalyst%20xbox"},{"id":1314809,"title":"mirror's edge xbox","value":"mirror's%20edge%20xbox"},{"id":1314808,"title":"mirror's edge 2 ps4","value":"mirror's%20edge%202%20ps4"},{"id":1314807,"title":"mirror's edge catalyst ps4","value":"mirror's%20edge%20catalyst%20ps4"},{"id":1314806,"title":"mirror's edge ps4","value":"mirror's%20edge%20ps4"},{"id":1314805,"title":"mirror's edge 2 gameplay","value":"mirror's%20edge%202%20gameplay"},{"id":1314804,"title":"mirror's edge catalyst gameplay","value":"mirror's%20edge%20catalyst%20gameplay"},{"id":1314803,"title":"mirror's edge gameplay","value":"mirror's%20edge%20gameplay"},{"id":293488,"title":"mirror's edge 2 trailer","value":"mirror's%20edge%202%20trailer"},{"id":1314802,"title":"mirror's edge catalyst trailer","value":"mirror's%20edge%20catalyst%20trailer"},{"id":1314801,"title":"mirror's edge trailer","value":"mirror's%20edge%20trailer"},{"id":203515,"title":"mirror's edge 2","value":"mirror's%20edge%202"},{"id":1003561,"title":"mirror's edge catalyst","value":"mirror's%20edge%20catalyst"},{"id":79936,"title":"mirror's edge","value":"mirror's%20edge"}],"categories":[{"id":17,"title":"Gaming","permalink":"gaming","subscriptions_count":10089456,"big_image_url":"https://coub-anubis-a.akamaized.net/coub_storage/category/cw_image/49fb773a80c/efee899b14f85527ed209/big_1544749693_gaming2.png","small_image_url":"https://coub-anubis-a.akamaized.net/coub_storage/category/cw_image/49fb773a80c/efee899b14f85527ed209/small_1544749693_gaming2.png","med_image_url":"https://coub-anubis-a.akamaized.net/coub_storage/category/cw_image/49fb773a80c/efee899b14f85527ed209/med_1544749693_gaming2.png","visible":true}],"communities":[{"id":17,"title":"Gaming","permalink":"gaming","subscriptions_count":10089456,"big_image_url":"https://coub-anubis-a.akamaized.net/coub_storage/category/cw_image/49fb773a80c/efee899b14f85527ed209/big_1544749693_gaming2.png","small_image_url":"https://coub-anubis-a.akamaized.net/coub_storage/category/cw_image/49fb773a80c/efee899b14f85527ed209/small_1544749693_gaming2.png","med_image_url":"https://coub-anubis-a.akamaized.net/coub_storage/category/cw_image/49fb773a80c/efee899b14f85527ed209/med_1544749693_gaming2.png","i_subscribed":true,"community_notifications_enabled":null,"description":null}],"recoubs_count":345,"remixes_count":3,"likes_count":2246,"dislikes_count":0,"raw_video_id":2148391,"uploaded_by_ios_app":false,"uploaded_by_android_app":false,"media_blocks":{"uploaded_raw_videos":[],"external_raw_videos":[{"id":12398095,"title":"Mirror’s Edge Catalyst Story Trailer – I Am Faith","url":"http://www.youtube.com/watch?v=vOe3ik_RViE","image":"https://coub-anubis-a.akamaized.net/coub_storage/media_block/cw_image/ed03994fe6b/a03c5afa974da45498bcf/1492562553_1454612712_q3o582_att-url-download.jpg","image_retina":"https://coub-anubis-a.akamaized.net/coub_storage/media_block/cw_image/ed03994fe6b/a03c5afa974da45498bcf/1492562553_1454612712_q3o582_att-url-download.jpg","meta":{"service":"Youtube","duration":"123.0"},"duration":123.0,"raw_video_id":2148391,"has_embed":true}],"remixed_from_coubs":[{"id":18873259,"title":"Leap of faith","url":"http://coub.com/coubs/ce0se/remix","image":"https://coub-anubis-a.akamaized.net/coub_storage/media_block/cw_image/7da2fc73ea2/95e7f80d835f33778f9ad/1492002507_1470792086_00030.jpg","image_retina":"https://coub-anubis-a.akamaized.net/coub_storage/media_block/cw_image/7da2fc73ea2/95e7f80d835f33778f9ad/1492002507_1470792086_00030.jpg","meta":{"duration":"9.44"},"duration":null,"coub_channel_title":"Dima Chernyh","coub_channel_permalink":"dima-chernyh6","coub_views_count":318722,"coub_permalink":"ce0se"}],"external_video":{"id":12398095,"title":"Mirror’s Edge Catalyst Story Trailer – I Am Faith","url":"http://www.youtube.com/watch?v=vOe3ik_RViE","image":"https://coub-anubis-a.akamaized.net/coub_storage/media_block/cw_image/ed03994fe6b/a03c5afa974da45498bcf/1492562553_1454612712_q3o582_att-url-download.jpg","image_retina":"https://coub-anubis-a.akamaized.net/coub_storage/media_block/cw_image/ed03994fe6b/a03c5afa974da45498bcf/1492562553_1454612712_q3o582_att-url-download.jpg","meta":{"service":"Youtube","duration":"123.0"},"duration":123.0,"raw_video_id":2148391,"has_embed":true}},"raw_video_thumbnail_url":"/missing/missing.png","raw_video_title":"Mirror’s Edge Catalyst Story Trailer – I Am Faith","video_block_banned":false,"duration":4.48,"promo_winner":false,"promo_winner_recoubers":null,"editorial_info":{},"promo_hint":null,"beeline_best_2014":null,"from_web_editor":true,"normalize_sound":false,"normalize_change_allowed":false,"best2015_addable":false,"ahmad_promo":null,"promo_data":null,"audio_copyright_claim":null,"ads_disabled":null,"is_safe_for_ads":true,"megafon_contents":[],"position_on_page":8},{"flag":null,"abuses":null,"recoubs_by_users_channels":null,"favourite":false,"promoted_id":null,"recoub":null,"like":null,"dislike":null,"reaction":null,"in_my_best2015":false,"id":136637846,"type":"Coub::Simple","permalink":"28zxdc","title":"You've been gnomed,no you","visibility_type":"public","original_visibility_type":"public","channel_id":3461144,"created_at":"2020-02-09T14:55:10Z","updated_at":"2022-03-13T18:05:20Z","is_done":true,"views_count":166830,"cotd":null,"cotd_at":null,"visible_on_explore_root":false,"visible_on_explore":false,"featured":false,"published":true,"published_at":"2020-02-09T14:55:09Z","reversed":false,"from_editor_v2":true,"is_editable":true,"original_sound":true,"has_sound":true,"recoub_to":null,"file_versions":{"html5":{"video":{"higher":{"url":"https://coub-anubis-a.akamaized.net/coub_storage/coub/simple/cw_file/25c5956ae34/2472449fda14ce69ccc3a/muted_mp4_huge_size_1581260230_muted_huge.mp4","size":3136376},"high":{"url":"https://coub-anubis-a.akamaized.net/coub_storage/coub/simple/cw_file/25c5956ae34/2472449fda14ce69ccc3a/muted_mp4_big_size_1581260230_muted_big.mp4","size":2476088},"med":{"url":"https://coub-anubis-a.akamaized.net/coub_storage/coub/simple/cw_file/25c5956ae34/2472449fda14ce69ccc3a/muted_mp4_med_size_1581260230_muted_med.mp4","size":886841}},"audio":{"high":{"url":"https://coub-anubis-a.akamaized.net/coub_storage/coub/simple/cw_looped_audio_high/1fbf90ee714/00d22e0d49f805f3cd44a/1605707029_high_1581260230_high.mp3","size":975003},"med":{"url":"https://coub-anubis-a.akamaized.net/coub_storage/coub/simple/cw_looped_audio_med/d35b9155dff/9faec3b83e9ea62266956/1605707029_med_1581260230_med.mp3","size":784481},"sample_duration":10.008}},"mobile":{"video":"https://coub-anubis-a.akamaized.net/coub_storage/coub/simple/cw_file/25c5956ae34/2472449fda14ce69ccc3a/muted_mp4_med_size_1581260230_muted_med.mp4","audio":["https://coub-anubis-a.akamaized.net/coub_storage/coub/simple/cw_looped_audio_med/d35b9155dff/9faec3b83e9ea62266956/1605707029_med_1581260230_med.mp3"]},"share":{"default":"https://coub-anubis-a.akamaized.net/coub_storage/coub/simple/cw_video_for_sharing/882ba12e741/9866c86027129b5d550e2/1611078860_looped_1611078860.mp4"}},"audio_versions":{},"image_versions":{"template":"https://coub-anubis-a.akamaized.net/coub_storage/coub/simple/cw_image/11f5486a497/c1401258cb42b673a2add/1581260236_00032.jpg","versions":["micro","tiny","age_restricted","ios_large","ios_mosaic","big","med","small","pinterest"]},"first_frame_versions":{"template":"https://coub-anubis-a.akamaized.net/coub_storage/coub/simple/cw_timeline_pic/9e3c95cb3f5/3f691a7e9e305d190798b/%{version}_1581260236_image.jpg","versions":["big","med","small","ios_large"]},"dimensions":{"big":[1280,720],"med":[640,360]},"site_w_h":[640,360],"page_w_h":[640,360],"site_w_h_small":[310,174],"size":[1280,720],"age_restricted":false,"age_restricted_by_admin":false,"not_safe_for_work":false,"allow_reuse":false,"dont_crop":false,"banned":false,"global_safe":true,"audio_file_url":null,"external_download":{"type":"Youtube","service_name":"YouTube","url":"https://www.youtube.com/watch?v=IYftmNUQyF4","has_embed":true},"application":null,"channel":{"id":3461144,"permalink":"daniil2361","title":"Daniil","description":null,"followers_count":20,"following_count":9,"avatar_versions":{"template":"https://coub-anubis-a.akamaized.net/coub_storage/channel/cw_avatar/d30909d05ba/88226d3aa121b90bbfd4b/%{version}_1607427332_1d5elo0_1488361263_1efcw9n_125627716.jpg","versions":["medium","medium_2x","profile_pic","profile_pic_new","profile_pic_new_2x","tiny","tiny_2x","small","small_2x","ios_large","ios_small"]}},"file":null,"picture":"https://coub-anubis-a.akamaized.net/coub_storage/coub/simple/cw_image/11f5486a497/c1401258cb42b673a2add/1581260236_00032.jpg","timeline_picture":"https://coub-anubis-a.akamaized.net/coub_storage/coub/simple/cw_timeline_pic/9e3c95cb3f5/3f691a7e9e305d190798b/ios_large_1581260236_image.jpg","small_picture":"https://coub-anubis-a.akamaized.net/coub_storage/coub/simple/cw_image/11f5486a497/c1401258cb42b673a2add/1581260236_00032.jpg","sharing_picture":null,"percent_done":100,"tags":[{"id":5432028,"title":"greatmoonaroma 대월향","value":"greatmoonaroma%20%EB%8C%80%EC%9B%94%ED%96%A5"}],"categories":[{"id":17,"title":"Gaming","permalink":"gaming","subscriptions_count":10089456,"big_image_url":"https://coub-anubis-a.akamaized.net/coub_storage/category/cw_image/49fb773a80c/efee899b14f85527ed209/big_1544749693_gaming2.png","small_image_url":"https://coub-anubis-a.akamaized.net/coub_storage/category/cw_image/49fb773a80c/efee899b14f85527ed209/small_1544749693_gaming2.png","med_image_url":"https://coub-anubis-a.akamaized.net/coub_storage/category/cw_image/49fb773a80c/efee899b14f85527ed209/med_1544749693_gaming2.png","visible":true}],"communities":[{"id":17,"title":"Gaming","permalink":"gaming","subscriptions_count":10089456,"big_image_url":"https://coub-anubis-a.akamaized.net/coub_storage/category/cw_image/49fb773a80c/efee899b14f85527ed209/big_1544749693_gaming2.png","small_image_url":"https://coub-anubis-a.akamaized.net/coub_storage/category/cw_image/49fb773a80c/efee899b14f85527ed209/small_1544749693_gaming2.png","med_image_url":"https://coub-anubis-a.akamaized.net/coub_storage/category/cw_image/49fb773a80c/efee899b14f85527ed209/med_1544749693_gaming2.png","i_subscribed":true,"community_notifications_enabled":null,"description":null}],"recoubs_count":438,"remixes_count":0,"likes_count":2245,"dislikes_count":0,"raw_video_id":14614685,"uploaded_by_ios_app":false,"uploaded_by_android_app":false,"media_blocks":{"uploaded_raw_videos":[],"external_raw_videos":[{"id":34259909,"title":"🌌 새로 나온 유희왕 카드가 레전드 😱 【VR챗 레전드 하이라이트 모음집】 #26","url":"https://www.youtube.com/watch?v=IYftmNUQyF4","image":"https://coub-anubis-a.akamaized.net/coub_storage/media_block/cw_image/819aabe973f/31fbc72bf0ff86d31178d/1577039363_a8v3m3_1577039172_188e9w8_att-url-download.jpg","image_retina":"https://coub-anubis-a.akamaized.net/coub_storage/media_block/cw_image/819aabe973f/31fbc72bf0ff86d31178d/1577039363_a8v3m3_1577039172_188e9w8_att-url-download.jpg","meta":{"service":"Youtube","duration":"642.92"},"duration":642.92,"raw_video_id":14614685,"has_embed":true}],"remixed_from_coubs":[],"external_video":{"id":34259909,"title":"🌌 새로 나온 유희왕 카드가 레전드 😱 【VR챗 레전드 하이라이트 모음집】 #26","url":"https://www.youtube.com/watch?v=IYftmNUQyF4","image":"https://coub-anubis-a.akamaized.net/coub_storage/media_block/cw_image/819aabe973f/31fbc72bf0ff86d31178d/1577039363_a8v3m3_1577039172_188e9w8_att-url-download.jpg","image_retina":"https://coub-anubis-a.akamaized.net/coub_storage/media_block/cw_image/819aabe973f/31fbc72bf0ff86d31178d/1577039363_a8v3m3_1577039172_188e9w8_att-url-download.jpg","meta":{"service":"Youtube","duration":"642.92"},"duration":642.92,"raw_video_id":14614685,"has_embed":true}},"raw_video_thumbnail_url":"/missing/missing.png","raw_video_title":"🌌 새로 나온 유희왕 카드가 레전드 😱 【VR챗 레전드 하이라이트 모음집】 #26","video_block_banned":false,"duration":10.0,"promo_winner":false,"promo_winner_recoubers":null,"editorial_info":{},"promo_hint":null,"beeline_best_2014":null,"from_web_editor":true,"normalize_sound":true,"normalize_change_allowed":true,"best2015_addable":false,"ahmad_promo":null,"promo_data":null,"audio_copyright_claim":null,"ads_disabled":false,"is_safe_for_ads":true,"megafon_contents":[],"position_on_page":9},{"flag":null,"abuses":null,"recoubs_by_users_channels":null,"favourite":false,"promoted_id":null,"recoub":null,"like":null,"dislike":null,"reaction":null,"in_my_best2015":false,"id":104369791,"type":"Coub::Simple","permalink":"1pqdj0","title":"ТВИЧ МОНТАЖ ","visibility_type":"public","original_visibility_type":"public","channel_id":4207124,"created_at":"2019-03-06T06:15:41Z","updated_at":"2022-03-09T15:56:24Z","is_done":true,"views_count":134564,"cotd":null,"cotd_at":null,"visible_on_explore_root":false,"visible_on_explore":false,"featured":false,"published":true,"published_at":"2019-03-06T06:15:41Z","reversed":false,"from_editor_v2":true,"is_editable":true,"original_sound":true,"has_sound":true,"recoub_to":null,"file_versions":{"html5":{"video":{"higher":{"url":"https://coub-anubis-a.akamaized.net/coub_storage/coub/simple/cw_file/64275ee9798/e85dbe40679263c8bed27/muted_mp4_huge_size_1571020435_muted_huge.mp4","size":6802137},"high":{"url":"https://coub-anubis-a.akamaized.net/coub_storage/coub/simple/cw_file/64275ee9798/e85dbe40679263c8bed27/muted_mp4_big_size_1571020435_muted_big.mp4","size":4975987},"med":{"url":"https://coub-anubis-a.akamaized.net/coub_storage/coub/simple/cw_file/64275ee9798/e85dbe40679263c8bed27/muted_mp4_med_size_1571020435_muted_med.mp4","size":1510921}},"audio":{"high":{"url":"https://coub-anubis-a.akamaized.net/coub_storage/coub/simple/cw_looped_audio_high/14711eb4a02/ccc688767d9c1a6d0cd8b/1605676374_high_1551853078_high.mp3","size":884427},"med":{"url":"https://coub-anubis-a.akamaized.net/coub_storage/coub/simple/cw_looped_audio_med/e97a116725b/4f691850d4dcc1612872f/1605676374_med_1551853078_med.mp3","size":799076},"sample_duration":10.009}},"mobile":{"video":"https://coub-anubis-a.akamaized.net/coub_storage/coub/simple/cw_file/64275ee9798/e85dbe40679263c8bed27/muted_mp4_med_size_1571020435_muted_med.mp4","audio":["https://coub-anubis-a.akamaized.net/coub_storage/coub/simple/cw_looped_audio_med/e97a116725b/4f691850d4dcc1612872f/1605676374_med_1551853078_med.mp3"]},"share":{"default":"https://coub-anubis-a.akamaized.net/coub_storage/coub/simple/cw_video_for_sharing/f8cb6b48636/1bd347c8ff76d0229f4d0/1608320037_looped_1608320035.mp4"}},"audio_versions":{},"image_versions":{"template":"https://coub-anubis-a.akamaized.net/coub_storage/coub/simple/cw_image/a4b676762b9/62e3a1d8f78511e57e1c7/1551853090_00032.jpg","versions":["micro","tiny","age_restricted","ios_large","ios_mosaic","big","med","small","pinterest"]},"first_frame_versions":{"template":"https://coub-anubis-a.akamaized.net/coub_storage/coub/simple/cw_timeline_pic/3ed61743e90/3b146050a7e7d3e68aaf7/%{version}_1551853088_image.jpg","versions":["big","med","small","ios_large"]},"dimensions":{"big":[1280,720],"med":[640,360]},"site_w_h":[640,360],"page_w_h":[640,360],"site_w_h_small":[310,174],"size":[1280,720],"age_restricted":false,"age_restricted_by_admin":false,"not_safe_for_work":false,"allow_reuse":false,"dont_crop":false,"banned":false,"global_safe":false,"audio_file_url":null,"external_download":{"type":"Youtube","service_name":"YouTube","url":"https://www.youtube.com/watch?v=vWJTXy4JxHM","has_embed":true},"application":null,"channel":{"id":4207124,"permalink":"mr.nice9","title":"Mr.nice","description":null,"followers_count":49,"following_count":7,"avatar_versions":{"template":"https://coub-anubis-a.akamaized.net/coub_storage/channel/cw_avatar/635df8d7f03/8d8f67dba5415a89b85d5/%{version}_1607753262_ezvt7s_1558885099_qfgvf-Mebx0.jpg","versions":["medium","medium_2x","profile_pic","profile_pic_new","profile_pic_new_2x","tiny","tiny_2x","small","small_2x","ios_large","ios_small"]}},"file":null,"picture":"https://coub-anubis-a.akamaized.net/coub_storage/coub/simple/cw_image/a4b676762b9/62e3a1d8f78511e57e1c7/1551853090_00032.jpg","timeline_picture":"https://coub-anubis-a.akamaized.net/coub_storage/coub/simple/cw_timeline_pic/3ed61743e90/3b146050a7e7d3e68aaf7/ios_large_1551853088_image.jpg","small_picture":"https://coub-anubis-a.akamaized.net/coub_storage/coub/simple/cw_image/a4b676762b9/62e3a1d8f78511e57e1c7/1551853090_00032.jpg","sharing_picture":null,"percent_done":100,"tags":[{"id":388247,"title":"серч","value":"%D1%81%D0%B5%D1%80%D1%87"},{"id":12561,"title":"монтаж","value":"%D0%BC%D0%BE%D0%BD%D1%82%D0%B0%D0%B6"},{"id":1195,"title":"угар","value":"%D1%83%D0%B3%D0%B0%D1%80"},{"id":388243,"title":"playwithserch","value":"playwithserch"},{"id":487677,"title":"твич","value":"%D1%82%D0%B2%D0%B8%D1%87"},{"id":10985,"title":"стрим","value":"%D1%81%D1%82%D1%80%D0%B8%D0%BC"},{"id":13225,"title":"нарезка","value":"%D0%BD%D0%B0%D1%80%D0%B5%D0%B7%D0%BA%D0%B0"},{"id":9159,"title":"twitch","value":"twitch"},{"id":9160,"title":"stream","value":"stream"},{"id":1139,"title":"montage","value":"montage"}],"categories":[{"id":17,"title":"Gaming","permalink":"gaming","subscriptions_count":10089456,"big_image_url":"https://coub-anubis-a.akamaized.net/coub_storage/category/cw_image/49fb773a80c/efee899b14f85527ed209/big_1544749693_gaming2.png","small_image_url":"https://coub-anubis-a.akamaized.net/coub_storage/category/cw_image/49fb773a80c/efee899b14f85527ed209/small_1544749693_gaming2.png","med_image_url":"https://coub-anubis-a.akamaized.net/coub_storage/category/cw_image/49fb773a80c/efee899b14f85527ed209/med_1544749693_gaming2.png","visible":true}],"communities":[{"id":17,"title":"Gaming","permalink":"gaming","subscriptions_count":10089456,"big_image_url":"https://coub-anubis-a.akamaized.net/coub_storage/category/cw_image/49fb773a80c/efee899b14f85527ed209/big_1544749693_gaming2.png","small_image_url":"https://coub-anubis-a.akamaized.net/coub_storage/category/cw_image/49fb773a80c/efee899b14f85527ed209/small_1544749693_gaming2.png","med_image_url":"https://coub-anubis-a.akamaized.net/coub_storage/category/cw_image/49fb773a80c/efee899b14f85527ed209/med_1544749693_gaming2.png","i_subscribed":true,"community_notifications_enabled":null,"description":null}],"recoubs_count":543,"remixes_count":1,"likes_count":2245,"dislikes_count":0,"raw_video_id":12689747,"uploaded_by_ios_app":false,"uploaded_by_android_app":false,"media_blocks":{"uploaded_raw_videos":[],"external_raw_videos":[{"id":29068741,"title":"ТВИЧ МОНТАЖ #2 // СЕРЧ, УГАР И ROCKnROLL :D","url":"https://www.youtube.com/watch?v=vWJTXy4JxHM","image":"https://coub-anubis-a.akamaized.net/coub_storage/media_block/cw_image/1b150b3e5d0/875a13eba1e96459516a5/1542051743_13jmg4n_1542051596_2svnpy_att-url-download.jpg","image_retina":"https://coub-anubis-a.akamaized.net/coub_storage/media_block/cw_image/1b150b3e5d0/875a13eba1e96459516a5/1542051743_13jmg4n_1542051596_2svnpy_att-url-download.jpg","meta":{"service":"Youtube","duration":"882.88"},"duration":882.88,"raw_video_id":12689747,"has_embed":true}],"remixed_from_coubs":[],"external_video":{"id":29068741,"title":"ТВИЧ МОНТАЖ #2 // СЕРЧ, УГАР И ROCKnROLL :D","url":"https://www.youtube.com/watch?v=vWJTXy4JxHM","image":"https://coub-anubis-a.akamaized.net/coub_storage/media_block/cw_image/1b150b3e5d0/875a13eba1e96459516a5/1542051743_13jmg4n_1542051596_2svnpy_att-url-download.jpg","image_retina":"https://coub-anubis-a.akamaized.net/coub_storage/media_block/cw_image/1b150b3e5d0/875a13eba1e96459516a5/1542051743_13jmg4n_1542051596_2svnpy_att-url-download.jpg","meta":{"service":"Youtube","duration":"882.88"},"duration":882.88,"raw_video_id":12689747,"has_embed":true}},"raw_video_thumbnail_url":"/missing/missing.png","raw_video_title":"ТВИЧ МОНТАЖ #2 // СЕРЧ, УГАР И ROCKnROLL :D","video_block_banned":false,"duration":10.0,"promo_winner":false,"promo_winner_recoubers":null,"editorial_info":{},"promo_hint":null,"beeline_best_2014":null,"from_web_editor":true,"normalize_sound":true,"normalize_change_allowed":true,"best2015_addable":false,"ahmad_promo":null,"promo_data":null,"audio_copyright_claim":null,"ads_disabled":false,"is_safe_for_ads":true,"megafon_contents":[],"position_on_page":10}]}