{"page":443,"per_page":10,"total_pages":500,"coubs":[{"flag":null,"abuses":null,"recoubs_by_users_channels":null,"favourite":false,"promoted_id":null,"recoub":null,"like":null,"dislike":null,"reaction":null,"in_my_best2015":false,"id":77765239,"type":"Coub::Simple","permalink":"19w55u","title":"","visibility_type":"public","original_visibility_type":"public","channel_id":3572367,"created_at":"2018-06-21T07:12:18Z","updated_at":"2022-03-07T12:06:45Z","is_done":true,"views_count":106346,"cotd":null,"cotd_at":null,"visible_on_explore_root":false,"visible_on_explore":false,"featured":false,"published":true,"published_at":"2018-06-21T07:12:18Z","reversed":false,"from_editor_v2":true,"is_editable":true,"original_sound":false,"has_sound":false,"recoub_to":null,"file_versions":{"html5":{"video":{"higher":{"url":"https://coub-anubis-a.akamaized.net/coub_storage/coub/simple/cw_file/4863e013f41/7c6e1b8f59fa0902bfc50/muted_mp4_huge_size_1568249330_muted_huge.mp4","size":3790093},"high":{"url":"https://coub-anubis-a.akamaized.net/coub_storage/coub/simple/cw_file/4863e013f41/7c6e1b8f59fa0902bfc50/muted_mp4_big_size_1568249330_muted_big.mp4","size":2856388},"med":{"url":"https://coub-anubis-a.akamaized.net/coub_storage/coub/simple/cw_file/4863e013f41/7c6e1b8f59fa0902bfc50/muted_mp4_med_size_1568249330_muted_med.mp4","size":874741}},"audio":{"high":{"url":"https://coub-anubis-a.akamaized.net/coub_storage/coub/simple/cw_looped_audio_high/0b6199d10f1/c8134ce7fa52b811a7bbb/1605622852_high_1529565219_high.mp3","size":2345814},"med":{"url":"https://coub-anubis-a.akamaized.net/coub_storage/coub/simple/cw_looped_audio_med/684de4bad1a/b3f5311474e8e4511cfe2/1605622852_med_1529565219_med.mp3","size":1693950}}},"mobile":{"video":"https://coub-anubis-a.akamaized.net/coub_storage/coub/simple/cw_file/4863e013f41/7c6e1b8f59fa0902bfc50/muted_mp4_med_size_1568249330_muted_med.mp4","audio":["https://coub-anubis-a.akamaized.net/coub_storage/coub/simple/cw_looped_audio_med/684de4bad1a/b3f5311474e8e4511cfe2/1605622852_med_1529565219_med.mp3"]},"share":{"default":"https://coub-anubis-a.akamaized.net/coub_storage/coub/simple/cw_video_for_sharing/0193a3d0498/d4ead0e37248192213834/1609074481_looped_1609074480.mp4"}},"audio_versions":{"template":"https://coub-anubis-a.akamaized.net/coub_storage/audio_track/cw_normalized_copy/46c6afe5c80/74c78fda403877b5649c0/mid_1529565211_gq0w11_normalized_1529565200_1et5vhi_edited.mp3","versions":["mid","low"]},"image_versions":{"template":"https://coub-anubis-a.akamaized.net/coub_storage/coub/simple/cw_image/4f9c24940dc/3844e793bb192840b3e2a/1529565230_00026.jpg","versions":["micro","tiny","age_restricted","ios_large","ios_mosaic","big","med","small","pinterest"]},"first_frame_versions":{"template":"https://coub-anubis-a.akamaized.net/coub_storage/coub/simple/cw_timeline_pic/d7a58bc8c0d/1510beca7e81b5b35e618/%{version}_1529565230_image.jpg","versions":["big","med","small","ios_large"]},"dimensions":{"big":[1280,720],"med":[640,360]},"site_w_h":[640,360],"page_w_h":[640,360],"site_w_h_small":[310,174],"size":[1280,720],"age_restricted":false,"age_restricted_by_admin":false,"not_safe_for_work":false,"allow_reuse":false,"dont_crop":false,"banned":false,"global_safe":false,"audio_file_url":"https://coub-anubis-a.akamaized.net/coub_storage/audio_track/cw_normalized_copy/46c6afe5c80/74c78fda403877b5649c0/low_1529565211_gq0w11_normalized_1529565200_1et5vhi_edited.mp3","external_download":{"type":"Youtube","service_name":"YouTube","url":"http://www.youtube.com/watch?v=GabgwPnmM60","has_embed":true},"application":null,"channel":{"id":3572367,"permalink":"iinkoen0","title":"~Ł𝔦ï𝔫𝔎ø𝔫~","description":"closed. All content: vk.com/liin.koncreator or inst: liin.kon\r\n「𝙠𝖔𝖉𝖔𝙠𝖚」「𝖈𝖚𝖗𝖘𝖊𝖉」","followers_count":833,"following_count":240,"avatar_versions":{"template":"https://coub-anubis-a.akamaized.net/coub_storage/channel/cw_avatar/e0c9e971f97/8fd69ed09958e1756da46/%{version}_1607811936_1qfvhc5_1603203342_twW-_cfBiGE.jpg","versions":["medium","medium_2x","profile_pic","profile_pic_new","profile_pic_new_2x","tiny","tiny_2x","small","small_2x","ios_large","ios_small"]}},"file":null,"picture":"https://coub-anubis-a.akamaized.net/coub_storage/coub/simple/cw_image/4f9c24940dc/3844e793bb192840b3e2a/1529565230_00026.jpg","timeline_picture":"https://coub-anubis-a.akamaized.net/coub_storage/coub/simple/cw_timeline_pic/d7a58bc8c0d/1510beca7e81b5b35e618/ios_large_1529565230_image.jpg","small_picture":"https://coub-anubis-a.akamaized.net/coub_storage/coub/simple/cw_image/4f9c24940dc/3844e793bb192840b3e2a/1529565230_00026.jpg","sharing_picture":null,"percent_done":100,"tags":[{"id":165,"title":"anime","value":"anime"},{"id":1140,"title":"game","value":"game"},{"id":3195502,"title":"vrchat","value":"vrchat"},{"id":1896473,"title":"грибы - копы","value":"%D0%B3%D1%80%D0%B8%D0%B1%D1%8B%20-%20%D0%BA%D0%BE%D0%BF%D1%8B"},{"id":3799795,"title":"dizoff","value":"dizoff"},{"id":50,"title":"coub","value":"coub"},{"id":7753,"title":"coud","value":"coud"},{"id":3129677,"title":"l.key","value":"l.key"},{"id":86,"title":"music","value":"music"},{"id":182,"title":"dance","value":"dance"},{"id":4069377,"title":"space tyan","value":"space%20tyan"},{"id":1399284,"title":"taiming","value":"taiming"},{"id":89801,"title":"dh","value":"dh"}],"categories":[{"id":17,"title":"Gaming","permalink":"gaming","subscriptions_count":10089456,"big_image_url":"https://coub-anubis-a.akamaized.net/coub_storage/category/cw_image/49fb773a80c/efee899b14f85527ed209/big_1544749693_gaming2.png","small_image_url":"https://coub-anubis-a.akamaized.net/coub_storage/category/cw_image/49fb773a80c/efee899b14f85527ed209/small_1544749693_gaming2.png","med_image_url":"https://coub-anubis-a.akamaized.net/coub_storage/category/cw_image/49fb773a80c/efee899b14f85527ed209/med_1544749693_gaming2.png","visible":true}],"communities":[{"id":17,"title":"Gaming","permalink":"gaming","subscriptions_count":10089456,"big_image_url":"https://coub-anubis-a.akamaized.net/coub_storage/category/cw_image/49fb773a80c/efee899b14f85527ed209/big_1544749693_gaming2.png","small_image_url":"https://coub-anubis-a.akamaized.net/coub_storage/category/cw_image/49fb773a80c/efee899b14f85527ed209/small_1544749693_gaming2.png","med_image_url":"https://coub-anubis-a.akamaized.net/coub_storage/category/cw_image/49fb773a80c/efee899b14f85527ed209/med_1544749693_gaming2.png","i_subscribed":true,"community_notifications_enabled":null,"description":null}],"recoubs_count":339,"remixes_count":5,"likes_count":1535,"dislikes_count":0,"raw_video_id":11871874,"uploaded_by_ios_app":true,"uploaded_by_android_app":false,"media_blocks":{"uploaded_raw_videos":[],"external_raw_videos":[{"id":26836384,"title":"VRChat - ДЕДДОМОВЦЫ НЕ ЛЮДИ 🐰 (VR, ВИРТУАЛЬНАЯ РЕАЛЬНОСТЬ, В ОЧКАХ)","url":"https://www.youtube.com/watch?v=GabgwPnmM60","image":"https://coub-anubis-a.akamaized.net/coub_storage/media_block/cw_image/561ccf59b1e/34ae8c44b31b0be606932/1528813627_1528813511_q70lsm_att-url-download.jpg","image_retina":"https://coub-anubis-a.akamaized.net/coub_storage/media_block/cw_image/561ccf59b1e/34ae8c44b31b0be606932/1528813627_1528813511_q70lsm_att-url-download.jpg","meta":{"service":"Youtube","duration":"503.8"},"duration":503.8,"raw_video_id":11871874,"has_embed":true}],"remixed_from_coubs":[],"external_video":{"id":26836384,"title":"VRChat - ДЕДДОМОВЦЫ НЕ ЛЮДИ 🐰 (VR, ВИРТУАЛЬНАЯ РЕАЛЬНОСТЬ, В ОЧКАХ)","url":"https://www.youtube.com/watch?v=GabgwPnmM60","image":"https://coub-anubis-a.akamaized.net/coub_storage/media_block/cw_image/561ccf59b1e/34ae8c44b31b0be606932/1528813627_1528813511_q70lsm_att-url-download.jpg","image_retina":"https://coub-anubis-a.akamaized.net/coub_storage/media_block/cw_image/561ccf59b1e/34ae8c44b31b0be606932/1528813627_1528813511_q70lsm_att-url-download.jpg","meta":{"service":"Youtube","duration":"503.8"},"duration":503.8,"raw_video_id":11871874,"has_embed":true}},"raw_video_thumbnail_url":"/missing/missing.png","raw_video_title":"VRChat - ДЕДДОМОВЦЫ НЕ ЛЮДИ 🐰 (VR, ВИРТУАЛЬНАЯ РЕАЛЬНОСТЬ, В ОЧКАХ)","video_block_banned":false,"duration":8.24,"promo_winner":false,"promo_winner_recoubers":null,"editorial_info":{},"promo_hint":null,"beeline_best_2014":null,"from_web_editor":false,"normalize_sound":true,"normalize_change_allowed":true,"best2015_addable":false,"ahmad_promo":null,"promo_data":null,"audio_copyright_claim":null,"ads_disabled":false,"is_safe_for_ads":true,"megafon_contents":[],"position_on_page":1},{"flag":null,"abuses":null,"recoubs_by_users_channels":null,"favourite":false,"promoted_id":null,"recoub":null,"like":null,"dislike":null,"reaction":null,"in_my_best2015":false,"id":58302987,"type":"Coub::Simple","permalink":"y9hux","title":"What is love","visibility_type":"public","original_visibility_type":"public","channel_id":3669317,"created_at":"2017-10-05T15:52:01Z","updated_at":"2022-03-04T17:30:16Z","is_done":true,"views_count":141714,"cotd":null,"cotd_at":null,"visible_on_explore_root":false,"visible_on_explore":false,"featured":false,"published":true,"published_at":"2017-10-05T15:52:01Z","reversed":false,"from_editor_v2":true,"is_editable":true,"original_sound":true,"has_sound":true,"recoub_to":null,"file_versions":{"html5":{"video":{"higher":{"url":"https://coub-anubis-a.akamaized.net/coub_storage/coub/simple/cw_file/434d818d088/ee7779677e9af94995711/muted_mp4_huge_size_1568152606_muted_huge.mp4","size":3144005},"high":{"url":"https://coub-anubis-a.akamaized.net/coub_storage/coub/simple/cw_file/434d818d088/ee7779677e9af94995711/muted_mp4_big_size_1568152606_muted_big.mp4","size":2267901},"med":{"url":"https://coub-anubis-a.akamaized.net/coub_storage/coub/simple/cw_file/434d818d088/ee7779677e9af94995711/muted_mp4_med_size_1568152606_muted_med.mp4","size":617155}},"audio":{"high":{"url":"https://coub-anubis-a.akamaized.net/coub_storage/coub/simple/cw_looped_audio_high/5806e127064/24ad5a315acd8f0917e97/1605572110_high_1507303367_high.mp3","size":1280854},"med":{"url":"https://coub-anubis-a.akamaized.net/coub_storage/coub/simple/cw_looped_audio_med/897d61edb56/e7c263c78c45efd64d827/1605572107_med_1507303367_med.mp3","size":939501},"sample_duration":9.822}},"mobile":{"video":"https://coub-anubis-a.akamaized.net/coub_storage/coub/simple/cw_file/434d818d088/ee7779677e9af94995711/muted_mp4_med_size_1568152606_muted_med.mp4","audio":["https://coub-anubis-a.akamaized.net/coub_storage/coub/simple/cw_looped_audio_med/897d61edb56/e7c263c78c45efd64d827/1605572107_med_1507303367_med.mp3"]},"share":{"default":"https://coub-anubis-a.akamaized.net/coub_storage/coub/simple/cw_video_for_sharing/d7a9947676f/11a782ab22432e0650326/1609069791_looped_1609069790.mp4"}},"audio_versions":{},"image_versions":{"template":"https://coub-anubis-a.akamaized.net/coub_storage/coub/simple/cw_image/c40cc4350b5/abbe378766958b46e9ee3/1507303378_00031.jpg","versions":["micro","tiny","age_restricted","ios_large","ios_mosaic","big","med","small","pinterest"]},"first_frame_versions":{"template":"https://coub-anubis-a.akamaized.net/coub_storage/coub/simple/cw_timeline_pic/3585880014e/1dcb9db34c76b054f48b2/%{version}_1507303377_image.jpg","versions":["big","med","small","ios_large"]},"dimensions":{"big":[1280,600],"med":[640,300]},"site_w_h":[640,300],"page_w_h":[640,300],"site_w_h_small":[310,145],"size":[1280,600],"age_restricted":false,"age_restricted_by_admin":false,"not_safe_for_work":false,"allow_reuse":false,"dont_crop":false,"banned":false,"global_safe":true,"audio_file_url":null,"external_download":{"type":"Youtube","service_name":"YouTube","url":"http://youtu.be/yvCKQcvpz0g","has_embed":true},"application":null,"channel":{"id":3669317,"permalink":"koskadex","title":"KoskaDex","description":null,"followers_count":52,"following_count":19,"avatar_versions":{"template":"https://coub-anubis-a.akamaized.net/coub_storage/channel/cw_avatar/dab7af82e84/e63d150d74fa18b65c4fa/%{version}_1608074795_1pe6geo_1506428152_KkjlSrYGn7Q.jpg","versions":["medium","medium_2x","profile_pic","profile_pic_new","profile_pic_new_2x","tiny","tiny_2x","small","small_2x","ios_large","ios_small"]}},"file":null,"picture":"https://coub-anubis-a.akamaized.net/coub_storage/coub/simple/cw_image/c40cc4350b5/abbe378766958b46e9ee3/1507303378_00031.jpg","timeline_picture":"https://coub-anubis-a.akamaized.net/coub_storage/coub/simple/cw_timeline_pic/3585880014e/1dcb9db34c76b054f48b2/ios_large_1507303377_image.jpg","small_picture":"https://coub-anubis-a.akamaized.net/coub_storage/coub/simple/cw_image/c40cc4350b5/abbe378766958b46e9ee3/1507303378_00031.jpg","sharing_picture":null,"percent_done":100,"tags":[{"id":3153590,"title":"смешное в играх","value":"%D1%81%D0%BC%D0%B5%D1%88%D0%BD%D0%BE%D0%B5%20%D0%B2%20%D0%B8%D0%B3%D1%80%D0%B0%D1%85"},{"id":2987475,"title":"приколы в играх баги","value":"%D0%BF%D1%80%D0%B8%D0%BA%D0%BE%D0%BB%D1%8B%20%D0%B2%20%D0%B8%D0%B3%D1%80%D0%B0%D1%85%20%D0%B1%D0%B0%D0%B3%D0%B8"},{"id":2987474,"title":"приколы в играх подборка","value":"%D0%BF%D1%80%D0%B8%D0%BA%D0%BE%D0%BB%D1%8B%20%D0%B2%20%D0%B8%D0%B3%D1%80%D0%B0%D1%85%20%D0%BF%D0%BE%D0%B4%D0%B1%D0%BE%D1%80%D0%BA%D0%B0"},{"id":2987471,"title":"приколы на игры","value":"%D0%BF%D1%80%D0%B8%D0%BA%D0%BE%D0%BB%D1%8B%20%D0%BD%D0%B0%20%D0%B8%D0%B3%D1%80%D1%8B"},{"id":761672,"title":"фейлы в играх","value":"%D1%84%D0%B5%D0%B9%D0%BB%D1%8B%20%D0%B2%20%D0%B8%D0%B3%D1%80%D0%B0%D1%85"},{"id":386611,"title":"баги в играх","value":"%D0%B1%D0%B0%D0%B3%D0%B8%20%D0%B2%20%D0%B8%D0%B3%D1%80%D0%B0%D1%85"},{"id":2987464,"title":"топовые моменты в играх","value":"%D1%82%D0%BE%D0%BF%D0%BE%D0%B2%D1%8B%D0%B5%20%D0%BC%D0%BE%D0%BC%D0%B5%D0%BD%D1%82%D1%8B%20%D0%B2%20%D0%B8%D0%B3%D1%80%D0%B0%D1%85"},{"id":11094,"title":"баги","value":"%D0%B1%D0%B0%D0%B3%D0%B8"},{"id":4480,"title":"приколы","value":"%D0%BF%D1%80%D0%B8%D0%BA%D0%BE%D0%BB%D1%8B"},{"id":636712,"title":"лучшие приколы в играх","value":"%D0%BB%D1%83%D1%87%D1%88%D0%B8%D0%B5%20%D0%BF%D1%80%D0%B8%D0%BA%D0%BE%D0%BB%D1%8B%20%D0%B2%20%D0%B8%D0%B3%D1%80%D0%B0%D1%85"},{"id":3221878,"title":"приколы игра","value":"%D0%BF%D1%80%D0%B8%D0%BA%D0%BE%D0%BB%D1%8B%20%D0%B8%D0%B3%D1%80%D0%B0"},{"id":743604,"title":"смешные моменты в играх","value":"%D1%81%D0%BC%D0%B5%D1%88%D0%BD%D1%8B%D0%B5%20%D0%BC%D0%BE%D0%BC%D0%B5%D0%BD%D1%82%D1%8B%20%D0%B2%20%D0%B8%D0%B3%D1%80%D0%B0%D1%85"},{"id":651747,"title":"приколы игры","value":"%D0%BF%D1%80%D0%B8%D0%BA%D0%BE%D0%BB%D1%8B%20%D0%B8%D0%B3%D1%80%D1%8B"},{"id":73742,"title":"приколы в играх","value":"%D0%BF%D1%80%D0%B8%D0%BA%D0%BE%D0%BB%D1%8B%20%D0%B2%20%D0%B8%D0%B3%D1%80%D0%B0%D1%85"}],"categories":[{"id":17,"title":"Gaming","permalink":"gaming","subscriptions_count":10089456,"big_image_url":"https://coub-anubis-a.akamaized.net/coub_storage/category/cw_image/49fb773a80c/efee899b14f85527ed209/big_1544749693_gaming2.png","small_image_url":"https://coub-anubis-a.akamaized.net/coub_storage/category/cw_image/49fb773a80c/efee899b14f85527ed209/small_1544749693_gaming2.png","med_image_url":"https://coub-anubis-a.akamaized.net/coub_storage/category/cw_image/49fb773a80c/efee899b14f85527ed209/med_1544749693_gaming2.png","visible":true}],"communities":[{"id":17,"title":"Gaming","permalink":"gaming","subscriptions_count":10089456,"big_image_url":"https://coub-anubis-a.akamaized.net/coub_storage/category/cw_image/49fb773a80c/efee899b14f85527ed209/big_1544749693_gaming2.png","small_image_url":"https://coub-anubis-a.akamaized.net/coub_storage/category/cw_image/49fb773a80c/efee899b14f85527ed209/small_1544749693_gaming2.png","med_image_url":"https://coub-anubis-a.akamaized.net/coub_storage/category/cw_image/49fb773a80c/efee899b14f85527ed209/med_1544749693_gaming2.png","i_subscribed":true,"community_notifications_enabled":null,"description":null}],"recoubs_count":384,"remixes_count":2,"likes_count":1534,"dislikes_count":0,"raw_video_id":10313389,"uploaded_by_ios_app":false,"uploaded_by_android_app":false,"media_blocks":{"uploaded_raw_videos":[],"external_raw_videos":[{"id":22561035,"title":"Лучшие Приколы в Играх 2017 Смешные Моменты в Играх 2017 Лучшая Подборка Приколов и Багов в Играх #6","url":"http://www.youtube.com/watch?v=yvCKQcvpz0g","image":"https://coub-anubis-a.akamaized.net/coub_storage/media_block/cw_image/b0569ef2e6c/7d9029035413fa55164c1/1506530224_1506530131_1cexesv_att-url-download.jpg","image_retina":"https://coub-anubis-a.akamaized.net/coub_storage/media_block/cw_image/b0569ef2e6c/7d9029035413fa55164c1/1506530224_1506530131_1cexesv_att-url-download.jpg","meta":{"service":"Youtube","duration":"404.6"},"duration":404.6,"raw_video_id":10313389,"has_embed":true}],"remixed_from_coubs":[],"external_video":{"id":22561035,"title":"Лучшие Приколы в Играх 2017 Смешные Моменты в Играх 2017 Лучшая Подборка Приколов и Багов в Играх #6","url":"http://www.youtube.com/watch?v=yvCKQcvpz0g","image":"https://coub-anubis-a.akamaized.net/coub_storage/media_block/cw_image/b0569ef2e6c/7d9029035413fa55164c1/1506530224_1506530131_1cexesv_att-url-download.jpg","image_retina":"https://coub-anubis-a.akamaized.net/coub_storage/media_block/cw_image/b0569ef2e6c/7d9029035413fa55164c1/1506530224_1506530131_1cexesv_att-url-download.jpg","meta":{"service":"Youtube","duration":"404.6"},"duration":404.6,"raw_video_id":10313389,"has_embed":true}},"raw_video_thumbnail_url":"/missing/missing.png","raw_video_title":"Лучшие Приколы в Играх 2017 Смешные Моменты в Играх 2017 Лучшая Подборка Приколов и Багов в Играх #6","video_block_banned":false,"duration":9.84,"promo_winner":false,"promo_winner_recoubers":null,"editorial_info":{},"promo_hint":null,"beeline_best_2014":null,"from_web_editor":true,"normalize_sound":true,"normalize_change_allowed":true,"best2015_addable":false,"ahmad_promo":null,"promo_data":null,"audio_copyright_claim":null,"ads_disabled":false,"is_safe_for_ads":true,"megafon_contents":[],"position_on_page":2},{"flag":null,"abuses":null,"recoubs_by_users_channels":null,"favourite":false,"promoted_id":null,"recoub":null,"like":null,"dislike":null,"reaction":null,"in_my_best2015":false,"id":171979653,"type":"Coub::Simple","permalink":"2u1n8g","title":"Kratos reacts to himself on Fortnite","visibility_type":"public","original_visibility_type":"public","channel_id":5169733,"created_at":"2021-07-11T09:15:15Z","updated_at":"2022-03-13T18:26:02Z","is_done":true,"views_count":90117,"cotd":null,"cotd_at":null,"visible_on_explore_root":false,"visible_on_explore":false,"featured":false,"published":true,"published_at":"2021-07-11T09:15:15Z","reversed":false,"from_editor_v2":true,"is_editable":true,"original_sound":true,"has_sound":true,"recoub_to":null,"file_versions":{"html5":{"video":{"higher":{"url":"https://coub-anubis-a.akamaized.net/coub_storage/coub/simple/cw_file/87a4805fc28/59d085dcfdb30ceb84f1b/muted_mp4_huge_size_1625994923_muted_huge.mp4","size":1474296},"high":{"url":"https://coub-anubis-a.akamaized.net/coub_storage/coub/simple/cw_file/87a4805fc28/59d085dcfdb30ceb84f1b/muted_mp4_big_size_1625994923_muted_big.mp4","size":1002458},"med":{"url":"https://coub-anubis-a.akamaized.net/coub_storage/coub/simple/cw_file/87a4805fc28/59d085dcfdb30ceb84f1b/muted_mp4_med_size_1625994923_muted_med.mp4","size":301475}},"audio":{"high":{"url":"https://coub-anubis-a.akamaized.net/coub_storage/coub/simple/cw_looped_audio_high/a54ffa93c17/e9394264a724ffb2cbe95/1625994925_mp3-high.mp3","size":942719},"med":{"url":"https://coub-anubis-a.akamaized.net/coub_storage/coub/simple/cw_looped_audio_med/e033e7def20/d555e7807a60ab9d40b6e/1625994925_mp3-med.mp3","size":766050},"sample_duration":10.008}},"mobile":{"video":"https://coub-anubis-a.akamaized.net/coub_storage/coub/simple/cw_file/87a4805fc28/59d085dcfdb30ceb84f1b/muted_mp4_med_size_1625994923_muted_med.mp4","audio":["https://coub-anubis-a.akamaized.net/coub_storage/coub/simple/cw_looped_audio_med/e033e7def20/d555e7807a60ab9d40b6e/1625994925_mp3-med.mp3"]},"share":{"default":"https://coub-anubis-a.akamaized.net/coub_storage/coub/simple/cw_video_for_sharing/b3b2064f04e/b9d869bd60eb7d7c99757/1625994951_looped_1625994951.mp4"}},"audio_versions":{},"image_versions":{"template":"https://coub-anubis-a.akamaized.net/coub_storage/coub/simple/cw_image/cfb616ba178/61383b0ab385917830dcd/%{version}_1625994930_00032.jpg","versions":["micro","tiny","age_restricted","ios_large","ios_mosaic","big","med","small","pinterest"]},"first_frame_versions":{"template":"https://coub-anubis-a.akamaized.net/coub_storage/coub/simple/cw_timeline_pic/8cc9ba8d195/2ea03afc33b46f448cc25/%{version}_1625994929_image.jpg","versions":["big","med","small","ios_large"]},"dimensions":{"big":[1280,720],"med":[640,360]},"site_w_h":[640,360],"page_w_h":[640,360],"site_w_h_small":[310,174],"size":[1280,720],"age_restricted":false,"age_restricted_by_admin":false,"not_safe_for_work":false,"allow_reuse":false,"dont_crop":true,"banned":false,"global_safe":true,"audio_file_url":null,"external_download":false,"application":null,"channel":{"id":5169733,"permalink":"bohdankudovbenko","title":"BohdanKudovbenko","description":null,"followers_count":36,"following_count":5,"avatar_versions":{"template":"https://coub-anubis-a.akamaized.net/coub_storage/channel/cw_avatar/76ce54ce52c/8957d7198b00317806d8b/%{version}_1609590258_7dg8t9_1547241190_648sw7_2321351374550480.jpg","versions":["medium","medium_2x","profile_pic","profile_pic_new","profile_pic_new_2x","tiny","tiny_2x","small","small_2x","ios_large","ios_small"]}},"file":null,"picture":"https://coub-anubis-a.akamaized.net/coub_storage/coub/simple/cw_image/cfb616ba178/61383b0ab385917830dcd/med_1625994930_00032.jpg","timeline_picture":"https://coub-anubis-a.akamaized.net/coub_storage/coub/simple/cw_timeline_pic/8cc9ba8d195/2ea03afc33b46f448cc25/ios_large_1625994929_image.jpg","small_picture":"https://coub-anubis-a.akamaized.net/coub_storage/coub/simple/cw_image/cfb616ba178/61383b0ab385917830dcd/ios_mosaic_1625994930_00032.jpg","sharing_picture":null,"percent_done":100,"tags":[],"categories":[{"id":17,"title":"Gaming","permalink":"gaming","subscriptions_count":10089456,"big_image_url":"https://coub-anubis-a.akamaized.net/coub_storage/category/cw_image/49fb773a80c/efee899b14f85527ed209/big_1544749693_gaming2.png","small_image_url":"https://coub-anubis-a.akamaized.net/coub_storage/category/cw_image/49fb773a80c/efee899b14f85527ed209/small_1544749693_gaming2.png","med_image_url":"https://coub-anubis-a.akamaized.net/coub_storage/category/cw_image/49fb773a80c/efee899b14f85527ed209/med_1544749693_gaming2.png","visible":true}],"communities":[{"id":17,"title":"Gaming","permalink":"gaming","subscriptions_count":10089456,"big_image_url":"https://coub-anubis-a.akamaized.net/coub_storage/category/cw_image/49fb773a80c/efee899b14f85527ed209/big_1544749693_gaming2.png","small_image_url":"https://coub-anubis-a.akamaized.net/coub_storage/category/cw_image/49fb773a80c/efee899b14f85527ed209/small_1544749693_gaming2.png","med_image_url":"https://coub-anubis-a.akamaized.net/coub_storage/category/cw_image/49fb773a80c/efee899b14f85527ed209/med_1544749693_gaming2.png","i_subscribed":true,"community_notifications_enabled":null,"description":null}],"recoubs_count":267,"remixes_count":0,"likes_count":1533,"dislikes_count":0,"raw_video_id":16599318,"uploaded_by_ios_app":false,"uploaded_by_android_app":false,"media_blocks":{"uploaded_raw_videos":[],"external_raw_videos":[],"remixed_from_coubs":[]},"raw_video_thumbnail_url":"https://coub-anubis-a.akamaized.net/coub_storage/raw_video/cw_image/e785f5e1056/f20bf020195d2b1a1a0df/coub_media_1625994752_image.jpg","raw_video_title":"Kratos_sees_himself_on_Fortnite.mp4","video_block_banned":false,"duration":10.0,"promo_winner":false,"promo_winner_recoubers":null,"editorial_info":{},"promo_hint":null,"beeline_best_2014":null,"from_web_editor":true,"normalize_sound":true,"normalize_change_allowed":true,"best2015_addable":false,"ahmad_promo":null,"promo_data":null,"audio_copyright_claim":null,"ads_disabled":false,"is_safe_for_ads":true,"megafon_contents":[],"position_on_page":3},{"flag":null,"abuses":null,"recoubs_by_users_channels":null,"favourite":false,"promoted_id":null,"recoub":null,"like":null,"dislike":null,"reaction":null,"in_my_best2015":false,"id":104279386,"type":"Coub::Simple","permalink":"1pofrq","title":"Sometimes... Jill Valentine can be too serious!","visibility_type":"public","original_visibility_type":"public","channel_id":390914,"created_at":"2019-03-05T11:50:32Z","updated_at":"2022-03-09T07:55:32Z","is_done":true,"views_count":111037,"cotd":null,"cotd_at":null,"visible_on_explore_root":false,"visible_on_explore":false,"featured":false,"published":true,"published_at":"2019-03-05T11:50:32Z","reversed":false,"from_editor_v2":true,"is_editable":true,"original_sound":true,"has_sound":true,"recoub_to":null,"file_versions":{"html5":{"video":{"higher":{"url":"https://coub-anubis-a.akamaized.net/coub_storage/coub/simple/cw_file/97a2e34a907/5c76524c3af446dda14df/muted_mp4_huge_size_1570054099_muted_huge.mp4","size":938045},"high":{"url":"https://coub-anubis-a.akamaized.net/coub_storage/coub/simple/cw_file/97a2e34a907/5c76524c3af446dda14df/muted_mp4_big_size_1570054099_muted_big.mp4","size":640601},"med":{"url":"https://coub-anubis-a.akamaized.net/coub_storage/coub/simple/cw_file/97a2e34a907/5c76524c3af446dda14df/muted_mp4_med_size_1570054099_muted_med.mp4","size":165107}},"audio":{"high":{"url":"https://coub-anubis-a.akamaized.net/coub_storage/coub/simple/cw_looped_audio_high/a1efa28d11f/554f4f25f88463164b9e2/1605676206_high_1551786659_high.mp3","size":1029296},"med":{"url":"https://coub-anubis-a.akamaized.net/coub_storage/coub/simple/cw_looped_audio_med/ab4a944edae/93d84323f85902ccc82a8/1605676206_med_1551786659_med.mp3","size":799076},"sample_duration":10.009}},"mobile":{"video":"https://coub-anubis-a.akamaized.net/coub_storage/coub/simple/cw_file/97a2e34a907/5c76524c3af446dda14df/muted_mp4_med_size_1570054099_muted_med.mp4","audio":["https://coub-anubis-a.akamaized.net/coub_storage/coub/simple/cw_looped_audio_med/ab4a944edae/93d84323f85902ccc82a8/1605676206_med_1551786659_med.mp3"]},"share":{"default":"https://coub-anubis-a.akamaized.net/coub_storage/coub/simple/cw_video_for_sharing/9663f56f16f/00e0ec1cd307668ad002e/1611081671_looped_1611081670.mp4"}},"audio_versions":{},"image_versions":{"template":"https://coub-anubis-a.akamaized.net/coub_storage/coub/simple/cw_image/03f38af966b/9a6587e209fe5a002c9fc/1551786665_00032.jpg","versions":["micro","tiny","age_restricted","ios_large","ios_mosaic","big","med","small","pinterest"]},"first_frame_versions":{"template":"https://coub-anubis-a.akamaized.net/coub_storage/coub/simple/cw_timeline_pic/987dcece5f9/3ed4d26dd6cb44866c7a6/%{version}_1551786664_image.jpg","versions":["big","med","small","ios_large"]},"dimensions":{"big":[1280,774],"med":[640,386]},"site_w_h":[640,387],"page_w_h":[640,387],"site_w_h_small":[310,187],"size":[1280,774],"age_restricted":false,"age_restricted_by_admin":false,"not_safe_for_work":false,"allow_reuse":false,"dont_crop":false,"banned":false,"global_safe":true,"audio_file_url":null,"external_download":{"type":"Youtube","service_name":"YouTube","url":"https://www.youtube.com/watch?v=GDMIjcW1q9I","has_embed":true},"application":null,"channel":{"id":390914,"permalink":"7konditer7","title":"7Konditer7","description":null,"followers_count":55,"following_count":0,"avatar_versions":{"template":"https://coub-anubis-a.akamaized.net/coub_storage/channel/cw_avatar/690b76cf7f8/460f2a366cff7d01bb9e6/%{version}_1607923503_1uehgsy_1474503631_1fquy49_att-url-download.jpg","versions":["medium","medium_2x","profile_pic","profile_pic_new","profile_pic_new_2x","tiny","tiny_2x","small","small_2x","ios_large","ios_small"]}},"file":null,"picture":"https://coub-anubis-a.akamaized.net/coub_storage/coub/simple/cw_image/03f38af966b/9a6587e209fe5a002c9fc/1551786665_00032.jpg","timeline_picture":"https://coub-anubis-a.akamaized.net/coub_storage/coub/simple/cw_timeline_pic/987dcece5f9/3ed4d26dd6cb44866c7a6/ios_large_1551786664_image.jpg","small_picture":"https://coub-anubis-a.akamaized.net/coub_storage/coub/simple/cw_image/03f38af966b/9a6587e209fe5a002c9fc/1551786665_00032.jpg","sharing_picture":null,"percent_done":100,"tags":[{"id":19361,"title":"resident","value":"resident"},{"id":794,"title":"evil","value":"evil"},{"id":4742522,"title":"resdient evil","value":"resdient%20evil"},{"id":264280,"title":"resident evil 5","value":"resident%20evil%205"},{"id":18028,"title":"dlc","value":"dlc"},{"id":1767,"title":"lost","value":"lost"},{"id":5909,"title":"in","value":"in"},{"id":302841,"title":"nightmares","value":"nightmares"},{"id":2238924,"title":"lost in nightmares","value":"lost%20in%20nightmares"},{"id":4702,"title":"chris","value":"chris"},{"id":142783,"title":"redfield","value":"redfield"},{"id":71351,"title":"jill","value":"jill"},{"id":10639,"title":"valentine","value":"valentine"},{"id":105296,"title":"jill valentine","value":"jill%20valentine"},{"id":87641,"title":"re","value":"re"},{"id":221196,"title":"re5","value":"re5"},{"id":4742523,"title":"sometimes jill valtentine can be too serious","value":"sometimes%20jill%20valtentine%20can%20be%20too%20serious"},{"id":143601,"title":"sik","value":"sik"},{"id":14029,"title":"shadow","value":"shadow"},{"id":961917,"title":"sikshadow","value":"sikshadow"},{"id":1194024,"title":"sik shadow","value":"sik%20shadow"},{"id":32074,"title":"thanks","value":"thanks"},{"id":15159,"title":"hell yeah","value":"hell%20yeah"},{"id":1186282,"title":"good stuff","value":"good%20stuff"}],"categories":[{"id":17,"title":"Gaming","permalink":"gaming","subscriptions_count":10089456,"big_image_url":"https://coub-anubis-a.akamaized.net/coub_storage/category/cw_image/49fb773a80c/efee899b14f85527ed209/big_1544749693_gaming2.png","small_image_url":"https://coub-anubis-a.akamaized.net/coub_storage/category/cw_image/49fb773a80c/efee899b14f85527ed209/small_1544749693_gaming2.png","med_image_url":"https://coub-anubis-a.akamaized.net/coub_storage/category/cw_image/49fb773a80c/efee899b14f85527ed209/med_1544749693_gaming2.png","visible":true}],"communities":[{"id":17,"title":"Gaming","permalink":"gaming","subscriptions_count":10089456,"big_image_url":"https://coub-anubis-a.akamaized.net/coub_storage/category/cw_image/49fb773a80c/efee899b14f85527ed209/big_1544749693_gaming2.png","small_image_url":"https://coub-anubis-a.akamaized.net/coub_storage/category/cw_image/49fb773a80c/efee899b14f85527ed209/small_1544749693_gaming2.png","med_image_url":"https://coub-anubis-a.akamaized.net/coub_storage/category/cw_image/49fb773a80c/efee899b14f85527ed209/med_1544749693_gaming2.png","i_subscribed":true,"community_notifications_enabled":null,"description":null}],"recoubs_count":278,"remixes_count":0,"likes_count":1533,"dislikes_count":0,"raw_video_id":13323406,"uploaded_by_ios_app":false,"uploaded_by_android_app":false,"media_blocks":{"uploaded_raw_videos":[],"external_raw_videos":[{"id":30774612,"title":"Sometimes... Jill Valentine can be too serious!","url":"https://www.youtube.com/watch?v=GDMIjcW1q9I","image":"https://coub-anubis-a.akamaized.net/coub_storage/media_block/cw_image/e40ac23493b/dc18642b702eab64b48e9/1551786457_1q7mnhi_1551786435_uh33mt_att-url-download.jpg","image_retina":"https://coub-anubis-a.akamaized.net/coub_storage/media_block/cw_image/e40ac23493b/dc18642b702eab64b48e9/1551786457_1q7mnhi_1551786435_uh33mt_att-url-download.jpg","meta":{"service":"Youtube","duration":"116.84"},"duration":116.84,"raw_video_id":13323406,"has_embed":true}],"remixed_from_coubs":[],"external_video":{"id":30774612,"title":"Sometimes... Jill Valentine can be too serious!","url":"https://www.youtube.com/watch?v=GDMIjcW1q9I","image":"https://coub-anubis-a.akamaized.net/coub_storage/media_block/cw_image/e40ac23493b/dc18642b702eab64b48e9/1551786457_1q7mnhi_1551786435_uh33mt_att-url-download.jpg","image_retina":"https://coub-anubis-a.akamaized.net/coub_storage/media_block/cw_image/e40ac23493b/dc18642b702eab64b48e9/1551786457_1q7mnhi_1551786435_uh33mt_att-url-download.jpg","meta":{"service":"Youtube","duration":"116.84"},"duration":116.84,"raw_video_id":13323406,"has_embed":true}},"raw_video_thumbnail_url":"/missing/missing.png","raw_video_title":"Sometimes... Jill Valentine can be too serious!","video_block_banned":false,"duration":10.0,"promo_winner":false,"promo_winner_recoubers":null,"editorial_info":{},"promo_hint":null,"beeline_best_2014":null,"from_web_editor":true,"normalize_sound":true,"normalize_change_allowed":true,"best2015_addable":false,"ahmad_promo":null,"promo_data":null,"audio_copyright_claim":null,"ads_disabled":false,"is_safe_for_ads":true,"megafon_contents":[],"position_on_page":4},{"flag":null,"abuses":null,"recoubs_by_users_channels":null,"favourite":false,"promoted_id":null,"recoub":null,"like":null,"dislike":null,"reaction":null,"in_my_best2015":false,"id":167988364,"type":"Coub::Simple","permalink":"2ro3i8","title":"Tarkov magic","visibility_type":"public","original_visibility_type":"public","channel_id":1561931,"created_at":"2021-05-02T06:54:16Z","updated_at":"2022-03-15T15:29:28Z","is_done":true,"views_count":102790,"cotd":null,"cotd_at":null,"visible_on_explore_root":false,"visible_on_explore":false,"featured":false,"published":true,"published_at":"2021-05-02T06:54:16Z","reversed":false,"from_editor_v2":true,"is_editable":true,"original_sound":true,"has_sound":true,"recoub_to":null,"file_versions":{"html5":{"video":{"higher":{"url":"https://coub-anubis-a.akamaized.net/coub_storage/coub/simple/cw_file/f404c423448/2ec46ea697554f20c3f1e/muted_mp4_huge_size_1619938490_muted_huge.mp4","size":1756889},"high":{"url":"https://coub-anubis-a.akamaized.net/coub_storage/coub/simple/cw_file/f404c423448/2ec46ea697554f20c3f1e/muted_mp4_big_size_1619938490_muted_big.mp4","size":1214521},"med":{"url":"https://coub-anubis-a.akamaized.net/coub_storage/coub/simple/cw_file/f404c423448/2ec46ea697554f20c3f1e/muted_mp4_med_size_1619938490_muted_med.mp4","size":338847}},"audio":{"high":{"url":"https://coub-anubis-a.akamaized.net/coub_storage/coub/simple/cw_looped_audio_high/1d100c8def5/e56ed54a0207a94da2b41/1619938492_mp3-high.mp3","size":882445},"med":{"url":"https://coub-anubis-a.akamaized.net/coub_storage/coub/simple/cw_looped_audio_med/f43206d30c8/2326d7af6b558114013c1/1619938491_mp3-med.mp3","size":777547},"sample_duration":10.008}},"mobile":{"video":"https://coub-anubis-a.akamaized.net/coub_storage/coub/simple/cw_file/f404c423448/2ec46ea697554f20c3f1e/muted_mp4_med_size_1619938490_muted_med.mp4","audio":["https://coub-anubis-a.akamaized.net/coub_storage/coub/simple/cw_looped_audio_med/f43206d30c8/2326d7af6b558114013c1/1619938491_mp3-med.mp3"]},"share":{"default":"https://coub-anubis-a.akamaized.net/coub_storage/coub/simple/cw_video_for_sharing/ec04c5b5ed2/e3e2e20fe2c28164b1980/1619938535_looped_1619938532.mp4"}},"audio_versions":{},"image_versions":{"template":"https://coub-anubis-a.akamaized.net/coub_storage/coub/simple/cw_image/8ba6b4770af/61c9ec55eb14dde3127e9/%{version}_1619938497_00032.jpg","versions":["micro","tiny","age_restricted","ios_large","ios_mosaic","big","med","small","pinterest"]},"first_frame_versions":{"template":"https://coub-anubis-a.akamaized.net/coub_storage/coub/simple/cw_timeline_pic/306c8445483/64a77f9d004d356115523/%{version}_1619938496_image.jpg","versions":["big","med","small","ios_large"]},"dimensions":{"big":[1280,720],"med":[640,360]},"site_w_h":[640,360],"page_w_h":[640,360],"site_w_h_small":[310,174],"size":[1280,720],"age_restricted":false,"age_restricted_by_admin":false,"not_safe_for_work":null,"allow_reuse":false,"dont_crop":true,"banned":false,"global_safe":null,"audio_file_url":null,"external_download":{"type":"Youtube","service_name":"YouTube","url":"https://www.youtube.com/watch?v=teDb5aRw130","has_embed":true},"application":null,"channel":{"id":1561931,"permalink":"ghostbi4","title":"GhosTbI4","description":null,"followers_count":37,"following_count":1,"avatar_versions":{"template":"https://coub-anubis-a.akamaized.net/coub_storage/channel/cw_avatar/292e94d8fc9/ab1c95b40d84d561c68cc/%{version}_1607428288_q15uj1_1598592192_Ti7SthKHamA.jpg","versions":["medium","medium_2x","profile_pic","profile_pic_new","profile_pic_new_2x","tiny","tiny_2x","small","small_2x","ios_large","ios_small"]}},"file":null,"picture":"https://coub-anubis-a.akamaized.net/coub_storage/coub/simple/cw_image/8ba6b4770af/61c9ec55eb14dde3127e9/med_1619938497_00032.jpg","timeline_picture":"https://coub-anubis-a.akamaized.net/coub_storage/coub/simple/cw_timeline_pic/306c8445483/64a77f9d004d356115523/ios_large_1619938496_image.jpg","small_picture":"https://coub-anubis-a.akamaized.net/coub_storage/coub/simple/cw_image/8ba6b4770af/61c9ec55eb14dde3127e9/ios_mosaic_1619938497_00032.jpg","sharing_picture":null,"percent_done":100,"tags":[{"id":2234,"title":"meme","value":"meme"},{"id":83043,"title":"cursed","value":"cursed"},{"id":6290961,"title":"trichromatic","value":"trichromatic"},{"id":1361131,"title":"tarkov","value":"tarkov"},{"id":1168225,"title":"escape from tarkov","value":"escape%20from%20tarkov"},{"id":1376702,"title":"тарков","value":"%D1%82%D0%B0%D1%80%D0%BA%D0%BE%D0%B2"},{"id":2570839,"title":"побег из таркова","value":"%D0%BF%D0%BE%D0%B1%D0%B5%D0%B3%20%D0%B8%D0%B7%20%D1%82%D0%B0%D1%80%D0%BA%D0%BE%D0%B2%D0%B0"},{"id":2848,"title":"games","value":"games"},{"id":6290962,"title":"tarkov cursed images over minecraft cave sounds","value":"tarkov%20cursed%20images%20over%20minecraft%20cave%20sounds"}],"categories":[{"id":17,"title":"Gaming","permalink":"gaming","subscriptions_count":10089456,"big_image_url":"https://coub-anubis-a.akamaized.net/coub_storage/category/cw_image/49fb773a80c/efee899b14f85527ed209/big_1544749693_gaming2.png","small_image_url":"https://coub-anubis-a.akamaized.net/coub_storage/category/cw_image/49fb773a80c/efee899b14f85527ed209/small_1544749693_gaming2.png","med_image_url":"https://coub-anubis-a.akamaized.net/coub_storage/category/cw_image/49fb773a80c/efee899b14f85527ed209/med_1544749693_gaming2.png","visible":true}],"communities":[{"id":17,"title":"Gaming","permalink":"gaming","subscriptions_count":10089456,"big_image_url":"https://coub-anubis-a.akamaized.net/coub_storage/category/cw_image/49fb773a80c/efee899b14f85527ed209/big_1544749693_gaming2.png","small_image_url":"https://coub-anubis-a.akamaized.net/coub_storage/category/cw_image/49fb773a80c/efee899b14f85527ed209/small_1544749693_gaming2.png","med_image_url":"https://coub-anubis-a.akamaized.net/coub_storage/category/cw_image/49fb773a80c/efee899b14f85527ed209/med_1544749693_gaming2.png","i_subscribed":true,"community_notifications_enabled":null,"description":null}],"recoubs_count":276,"remixes_count":0,"likes_count":1532,"dislikes_count":0,"raw_video_id":16401589,"uploaded_by_ios_app":false,"uploaded_by_android_app":false,"media_blocks":{"uploaded_raw_videos":[],"external_raw_videos":[{"id":38765683,"title":"Tarkov cursed images over Minecraft cave sounds","url":"https://www.youtube.com/watch?v=teDb5aRw130","image":"https://coub-anubis-a.akamaized.net/coub_storage/media_block/cw_image/88a6ae60817/0915ccb7371411cafde8f/video_1619850608_1willx6_1619850576_1619850574_1a517d9_att-url-download.webp","image_retina":"https://coub-anubis-a.akamaized.net/coub_storage/media_block/cw_image/88a6ae60817/0915ccb7371411cafde8f/video_retina_1619850608_1willx6_1619850576_1619850574_1a517d9_att-url-download.webp","meta":{"service":"Youtube","duration":"147.8"},"duration":147.8,"raw_video_id":16401589,"has_embed":true}],"remixed_from_coubs":[],"external_video":{"id":38765683,"title":"Tarkov cursed images over Minecraft cave sounds","url":"https://www.youtube.com/watch?v=teDb5aRw130","image":"https://coub-anubis-a.akamaized.net/coub_storage/media_block/cw_image/88a6ae60817/0915ccb7371411cafde8f/video_1619850608_1willx6_1619850576_1619850574_1a517d9_att-url-download.webp","image_retina":"https://coub-anubis-a.akamaized.net/coub_storage/media_block/cw_image/88a6ae60817/0915ccb7371411cafde8f/video_retina_1619850608_1willx6_1619850576_1619850574_1a517d9_att-url-download.webp","meta":{"service":"Youtube","duration":"147.8"},"duration":147.8,"raw_video_id":16401589,"has_embed":true}},"raw_video_thumbnail_url":"https://coub-anubis-a.akamaized.net/coub_storage/raw_video/cw_image/ae55141c87d/140650909dd6567e2ab9f/coub_media_1619850576_1619850574_1a517d9_att-url-download.webp","raw_video_title":"Tarkov cursed images over Minecraft cave sounds","video_block_banned":false,"duration":10.0,"promo_winner":false,"promo_winner_recoubers":null,"editorial_info":{},"promo_hint":null,"beeline_best_2014":null,"from_web_editor":true,"normalize_sound":false,"normalize_change_allowed":true,"best2015_addable":false,"ahmad_promo":null,"promo_data":null,"audio_copyright_claim":null,"ads_disabled":null,"is_safe_for_ads":true,"megafon_contents":[],"position_on_page":5},{"flag":null,"abuses":null,"recoubs_by_users_channels":null,"favourite":false,"promoted_id":null,"recoub":null,"like":null,"dislike":null,"reaction":null,"in_my_best2015":false,"id":143784719,"type":"Coub::Simple","permalink":"2d9bp4","title":"When you Jackal","visibility_type":"public","original_visibility_type":"public","channel_id":9180073,"created_at":"2020-05-01T11:47:08Z","updated_at":"2022-03-07T23:15:54Z","is_done":true,"views_count":125092,"cotd":null,"cotd_at":null,"visible_on_explore_root":false,"visible_on_explore":false,"featured":false,"published":true,"published_at":"2020-05-01T11:47:08Z","reversed":false,"from_editor_v2":true,"is_editable":true,"original_sound":true,"has_sound":true,"recoub_to":null,"file_versions":{"html5":{"video":{"higher":{"url":"https://coub-anubis-a.akamaized.net/coub_storage/coub/simple/cw_file/eb7da529175/0509d630490cb7425bc28/muted_mp4_huge_size_1588333659_muted_huge.mp4","size":479244},"high":{"url":"https://coub-anubis-a.akamaized.net/coub_storage/coub/simple/cw_file/eb7da529175/0509d630490cb7425bc28/muted_mp4_big_size_1588333659_muted_big.mp4","size":354897},"med":{"url":"https://coub-anubis-a.akamaized.net/coub_storage/coub/simple/cw_file/eb7da529175/0509d630490cb7425bc28/muted_mp4_med_size_1588333659_muted_med.mp4","size":137115}},"audio":{"high":{"url":"https://coub-anubis-a.akamaized.net/coub_storage/coub/simple/cw_looped_audio_high/933096d3f14/90dd98463f0bb2e6fc6e9/1605694582_high_1588333659_high.mp3","size":1185319},"med":{"url":"https://coub-anubis-a.akamaized.net/coub_storage/coub/simple/cw_looped_audio_med/65cfda3f05c/387a96dcf7d1003d4aade/1605694581_med_1588333659_med.mp3","size":896550},"sample_duration":9.358}},"mobile":{"video":"https://coub-anubis-a.akamaized.net/coub_storage/coub/simple/cw_file/eb7da529175/0509d630490cb7425bc28/muted_mp4_med_size_1588333659_muted_med.mp4","audio":["https://coub-anubis-a.akamaized.net/coub_storage/coub/simple/cw_looped_audio_med/65cfda3f05c/387a96dcf7d1003d4aade/1605694581_med_1588333659_med.mp3"]},"share":{"default":"https://coub-anubis-a.akamaized.net/coub_storage/coub/simple/cw_video_for_sharing/5e09e4e2edd/489ea80e02172cb190c98/1609393849_looped_1609393848.mp4"}},"audio_versions":{},"image_versions":{"template":"https://coub-anubis-a.akamaized.net/coub_storage/coub/simple/cw_image/556e7f2df84/1785d61197cf7373a964b/1588333664_00030.jpg","versions":["micro","tiny","age_restricted","ios_large","ios_mosaic","big","med","small","pinterest"]},"first_frame_versions":{"template":"https://coub-anubis-a.akamaized.net/coub_storage/coub/simple/cw_timeline_pic/5080321da12/efc695b7c6d452e705cbc/%{version}_1588333664_image.jpg","versions":["big","med","small","ios_large"]},"dimensions":{"big":[1280,720],"med":[640,360]},"site_w_h":[640,360],"page_w_h":[640,360],"site_w_h_small":[310,174],"size":[1280,720],"age_restricted":false,"age_restricted_by_admin":false,"not_safe_for_work":false,"allow_reuse":false,"dont_crop":false,"banned":false,"global_safe":null,"audio_file_url":null,"external_download":{"type":"Youtube","service_name":"YouTube","url":"https://www.youtube.com/watch?v=eZttXYWH3Z8","has_embed":true},"application":null,"channel":{"id":9180073,"permalink":"joysticknofun","title":"JoystickNoFun","description":null,"followers_count":4,"following_count":14,"avatar_versions":{"template":"https://coub-anubis-a.akamaized.net/coub_storage/channel/cw_avatar/b45f1d8834f/e625a269a0e5d24596594/%{version}_1607429182_1bv8ids_1588092065_gDjJk7ib5uI.jpg","versions":["medium","medium_2x","profile_pic","profile_pic_new","profile_pic_new_2x","tiny","tiny_2x","small","small_2x","ios_large","ios_small"]}},"file":null,"picture":"https://coub-anubis-a.akamaized.net/coub_storage/coub/simple/cw_image/556e7f2df84/1785d61197cf7373a964b/1588333664_00030.jpg","timeline_picture":"https://coub-anubis-a.akamaized.net/coub_storage/coub/simple/cw_timeline_pic/5080321da12/efc695b7c6d452e705cbc/ios_large_1588333664_image.jpg","small_picture":"https://coub-anubis-a.akamaized.net/coub_storage/coub/simple/cw_image/556e7f2df84/1785d61197cf7373a964b/1588333664_00030.jpg","sharing_picture":null,"percent_done":100,"tags":[{"id":459,"title":"rainbow","value":"rainbow"},{"id":13469,"title":"six","value":"six"},{"id":72731,"title":"siege","value":"siege"},{"id":1160715,"title":"rainbow 6 siege","value":"rainbow%206%20siege"},{"id":356782,"title":"rainbow 6","value":"rainbow%206"},{"id":925727,"title":"tom clancy's rainbow six siege","value":"tom%20clancy's%20rainbow%20six%20siege"},{"id":171454,"title":"jackal","value":"jackal"},{"id":251463,"title":"jager","value":"jager"},{"id":1738391,"title":"caveira","value":"caveira"},{"id":5633728,"title":"themadhamster","value":"themadhamster"},{"id":1808134,"title":"the mad hamster","value":"the%20mad%20hamster"},{"id":424,"title":"animation","value":"animation"},{"id":208,"title":"cartoon","value":"cartoon"},{"id":3719,"title":"parody","value":"parody"},{"id":2234,"title":"meme","value":"meme"},{"id":2235,"title":"memes","value":"memes"},{"id":1485,"title":"comedy","value":"comedy"},{"id":250786,"title":"toon boom","value":"toon%20boom"},{"id":1418,"title":"flash","value":"flash"},{"id":69663,"title":"newgrounds","value":"newgrounds"},{"id":2345,"title":"gaming","value":"gaming"},{"id":16438,"title":"ash","value":"ash"},{"id":174,"title":"funny","value":"funny"},{"id":6552,"title":"fan","value":"fan"},{"id":3072,"title":"art","value":"art"},{"id":14429,"title":"reddit","value":"reddit"},{"id":55081,"title":"ubisoft","value":"ubisoft"}],"categories":[{"id":17,"title":"Gaming","permalink":"gaming","subscriptions_count":10089456,"big_image_url":"https://coub-anubis-a.akamaized.net/coub_storage/category/cw_image/49fb773a80c/efee899b14f85527ed209/big_1544749693_gaming2.png","small_image_url":"https://coub-anubis-a.akamaized.net/coub_storage/category/cw_image/49fb773a80c/efee899b14f85527ed209/small_1544749693_gaming2.png","med_image_url":"https://coub-anubis-a.akamaized.net/coub_storage/category/cw_image/49fb773a80c/efee899b14f85527ed209/med_1544749693_gaming2.png","visible":true}],"communities":[{"id":17,"title":"Gaming","permalink":"gaming","subscriptions_count":10089456,"big_image_url":"https://coub-anubis-a.akamaized.net/coub_storage/category/cw_image/49fb773a80c/efee899b14f85527ed209/big_1544749693_gaming2.png","small_image_url":"https://coub-anubis-a.akamaized.net/coub_storage/category/cw_image/49fb773a80c/efee899b14f85527ed209/small_1544749693_gaming2.png","med_image_url":"https://coub-anubis-a.akamaized.net/coub_storage/category/cw_image/49fb773a80c/efee899b14f85527ed209/med_1544749693_gaming2.png","i_subscribed":true,"community_notifications_enabled":null,"description":null}],"recoubs_count":279,"remixes_count":0,"likes_count":1532,"dislikes_count":0,"raw_video_id":15160251,"uploaded_by_ios_app":false,"uploaded_by_android_app":false,"media_blocks":{"uploaded_raw_videos":[],"external_raw_videos":[{"id":35654539,"title":"Meet the Jackal (Rainbow Six Siege Parody Animation) (Original)","url":"https://www.youtube.com/watch?v=eZttXYWH3Z8","image":"https://coub-anubis-a.akamaized.net/coub_storage/media_block/cw_image/543b5535c36/ad3a23e1677680a044cd0/1588333356_1pwlntd_1588333312_ujst17_att-url-download.jpg","image_retina":"https://coub-anubis-a.akamaized.net/coub_storage/media_block/cw_image/543b5535c36/ad3a23e1677680a044cd0/1588333356_1pwlntd_1588333312_ujst17_att-url-download.jpg","meta":{"service":"Youtube","duration":"85.96"},"duration":85.96,"raw_video_id":15160251,"has_embed":true}],"remixed_from_coubs":[],"external_video":{"id":35654539,"title":"Meet the Jackal (Rainbow Six Siege Parody Animation) (Original)","url":"https://www.youtube.com/watch?v=eZttXYWH3Z8","image":"https://coub-anubis-a.akamaized.net/coub_storage/media_block/cw_image/543b5535c36/ad3a23e1677680a044cd0/1588333356_1pwlntd_1588333312_ujst17_att-url-download.jpg","image_retina":"https://coub-anubis-a.akamaized.net/coub_storage/media_block/cw_image/543b5535c36/ad3a23e1677680a044cd0/1588333356_1pwlntd_1588333312_ujst17_att-url-download.jpg","meta":{"service":"Youtube","duration":"85.96"},"duration":85.96,"raw_video_id":15160251,"has_embed":true}},"raw_video_thumbnail_url":"/missing/missing.png","raw_video_title":"Meet the Jackal (Rainbow Six Siege Parody Animation) (Original)","video_block_banned":false,"duration":9.32,"promo_winner":false,"promo_winner_recoubers":null,"editorial_info":{},"promo_hint":null,"beeline_best_2014":null,"from_web_editor":true,"normalize_sound":true,"normalize_change_allowed":true,"best2015_addable":false,"ahmad_promo":null,"promo_data":null,"audio_copyright_claim":null,"ads_disabled":false,"is_safe_for_ads":true,"megafon_contents":[],"position_on_page":6},{"flag":null,"abuses":null,"recoubs_by_users_channels":null,"favourite":false,"promoted_id":null,"recoub":null,"like":null,"dislike":null,"reaction":null,"in_my_best2015":false,"id":102795477,"type":"Coub::Simple","permalink":"1osmrv","title":"Apex anime op","visibility_type":"public","original_visibility_type":"public","channel_id":4692865,"created_at":"2019-02-21T11:30:53Z","updated_at":"2022-03-16T01:38:02Z","is_done":true,"views_count":101871,"cotd":null,"cotd_at":null,"visible_on_explore_root":false,"visible_on_explore":false,"featured":false,"published":true,"published_at":"2019-02-28T05:00:00Z","reversed":false,"from_editor_v2":true,"is_editable":true,"original_sound":false,"has_sound":false,"recoub_to":null,"file_versions":{"html5":{"video":{"higher":{"url":"https://coub-anubis-a.akamaized.net/coub_storage/coub/simple/cw_file/b021437f23a/815a3d2b0ab3e002e9ba5/muted_mp4_huge_size_1572796608_muted_huge.mp4","size":4945270},"high":{"url":"https://coub-anubis-a.akamaized.net/coub_storage/coub/simple/cw_file/b021437f23a/815a3d2b0ab3e002e9ba5/muted_mp4_big_size_1572796608_muted_big.mp4","size":3743958},"med":{"url":"https://coub-anubis-a.akamaized.net/coub_storage/coub/simple/cw_file/b021437f23a/815a3d2b0ab3e002e9ba5/muted_mp4_med_size_1572796608_muted_med.mp4","size":1396824}},"audio":{"high":{"url":"https://coub-anubis-a.akamaized.net/coub_storage/coub/simple/cw_looped_audio_high/7e5cec10130/3ade3cf40312044ca6460/1605673849_high_1552559122_high.mp3","size":1728632},"med":{"url":"https://coub-anubis-a.akamaized.net/coub_storage/coub/simple/cw_looped_audio_med/1b9c11504e0/fefd6cdb0de06b0f85e75/1605673849_med_1552559122_med.mp3","size":1353174}}},"mobile":{"video":"https://coub-anubis-a.akamaized.net/coub_storage/coub/simple/cw_file/b021437f23a/815a3d2b0ab3e002e9ba5/muted_mp4_med_size_1572796608_muted_med.mp4","audio":["https://coub-anubis-a.akamaized.net/coub_storage/coub/simple/cw_looped_audio_med/1b9c11504e0/fefd6cdb0de06b0f85e75/1605673849_med_1552559122_med.mp3"]},"share":{"default":"https://coub-anubis-a.akamaized.net/coub_storage/coub/simple/cw_video_for_sharing/1d2b5b4ca14/51d2f047605f1e14883ee/1609920847_looped_1609920846.mp4"}},"audio_versions":{"template":"https://coub-anubis-a.akamaized.net/coub_storage/audio_track/cw_normalized_copy/6367d163be5/e7b7fdd4d06ed61d45d0b/mid_1552559116_normalized_1552559107_1a7djr6_edited.mp3","versions":["mid","low"]},"image_versions":{"template":"https://coub-anubis-a.akamaized.net/coub_storage/coub/simple/cw_image/05946fa24b2/79358a0d451481b66e3cb/1552559132_00031.jpg","versions":["micro","tiny","age_restricted","ios_large","ios_mosaic","big","med","small","pinterest"]},"first_frame_versions":{"template":"https://coub-anubis-a.akamaized.net/coub_storage/coub/simple/cw_timeline_pic/8fa8479f03e/e225fdfe23edf592504fa/%{version}_1552559131_image.jpg","versions":["big","med","small","ios_large"]},"dimensions":{"big":[1280,552],"med":[640,276]},"site_w_h":[640,276],"page_w_h":[640,276],"site_w_h_small":[310,134],"size":[1280,552],"age_restricted":false,"age_restricted_by_admin":false,"not_safe_for_work":false,"allow_reuse":false,"dont_crop":false,"banned":false,"global_safe":true,"audio_file_url":"https://coub-anubis-a.akamaized.net/coub_storage/audio_track/cw_normalized_copy/6367d163be5/e7b7fdd4d06ed61d45d0b/low_1552559116_normalized_1552559107_1a7djr6_edited.mp3","external_download":false,"application":null,"channel":{"id":4692865,"permalink":"markswell","title":"MarksWell  (Ꮤ)","description":"There is nothing interesting.\r\nI use: After Effects / Premiere Pro / Shotcut / iZotope RX 7 |  https ://vk.com/markswellcoub","followers_count":563,"following_count":32,"avatar_versions":{"template":"https://coub-anubis-a.akamaized.net/coub_storage/channel/cw_avatar/a53a22e329e/22d307d8983626e04d730/%{version}_1607427659_1q301mw_1569858247_ava.png","versions":["medium","medium_2x","profile_pic","profile_pic_new","profile_pic_new_2x","tiny","tiny_2x","small","small_2x","ios_large","ios_small"]}},"file":null,"picture":"https://coub-anubis-a.akamaized.net/coub_storage/coub/simple/cw_image/05946fa24b2/79358a0d451481b66e3cb/1552559132_00031.jpg","timeline_picture":"https://coub-anubis-a.akamaized.net/coub_storage/coub/simple/cw_timeline_pic/8fa8479f03e/e225fdfe23edf592504fa/ios_large_1552559131_image.jpg","small_picture":"https://coub-anubis-a.akamaized.net/coub_storage/coub/simple/cw_image/05946fa24b2/79358a0d451481b66e3cb/1552559132_00031.jpg","sharing_picture":null,"percent_done":100,"tags":[{"id":4662102,"title":"apex legends","value":"apex%20legends"},{"id":1849094,"title":"fighting dreamers","value":"fighting%20dreamers"},{"id":4708505,"title":"apex opening","value":"apex%20opening"},{"id":1498029,"title":"naruto op","value":"naruto%20op"},{"id":99557,"title":"shippuden","value":"shippuden"},{"id":5265,"title":"naruto","value":"naruto"},{"id":645065,"title":"anime op","value":"anime%20op"},{"id":4708504,"title":"apex anime","value":"apex%20anime"},{"id":4552169,"title":"Ꮤ","value":"%E1%8F%94"},{"id":4767625,"title":"more views than original","value":"more%20views%20than%20original"}],"categories":[{"id":17,"title":"Gaming","permalink":"gaming","subscriptions_count":10089456,"big_image_url":"https://coub-anubis-a.akamaized.net/coub_storage/category/cw_image/49fb773a80c/efee899b14f85527ed209/big_1544749693_gaming2.png","small_image_url":"https://coub-anubis-a.akamaized.net/coub_storage/category/cw_image/49fb773a80c/efee899b14f85527ed209/small_1544749693_gaming2.png","med_image_url":"https://coub-anubis-a.akamaized.net/coub_storage/category/cw_image/49fb773a80c/efee899b14f85527ed209/med_1544749693_gaming2.png","visible":true}],"communities":[{"id":17,"title":"Gaming","permalink":"gaming","subscriptions_count":10089456,"big_image_url":"https://coub-anubis-a.akamaized.net/coub_storage/category/cw_image/49fb773a80c/efee899b14f85527ed209/big_1544749693_gaming2.png","small_image_url":"https://coub-anubis-a.akamaized.net/coub_storage/category/cw_image/49fb773a80c/efee899b14f85527ed209/small_1544749693_gaming2.png","med_image_url":"https://coub-anubis-a.akamaized.net/coub_storage/category/cw_image/49fb773a80c/efee899b14f85527ed209/med_1544749693_gaming2.png","i_subscribed":true,"community_notifications_enabled":null,"description":null}],"recoubs_count":317,"remixes_count":0,"likes_count":1532,"dislikes_count":0,"raw_video_id":13255012,"uploaded_by_ios_app":false,"uploaded_by_android_app":false,"media_blocks":{"uploaded_raw_videos":[],"external_raw_videos":[],"remixed_from_coubs":[]},"raw_video_thumbnail_url":"/missing/missing.png","raw_video_title":"Apex_Naruto_op.mp4","video_block_banned":false,"duration":9.8,"promo_winner":false,"promo_winner_recoubers":null,"editorial_info":{},"promo_hint":null,"beeline_best_2014":null,"from_web_editor":true,"normalize_sound":true,"normalize_change_allowed":true,"best2015_addable":false,"ahmad_promo":null,"promo_data":null,"audio_copyright_claim":null,"ads_disabled":false,"is_safe_for_ads":true,"megafon_contents":[],"position_on_page":7},{"flag":null,"abuses":null,"recoubs_by_users_channels":null,"favourite":false,"promoted_id":null,"recoub":null,"like":null,"dislike":null,"reaction":null,"in_my_best2015":false,"id":48354029,"type":"Coub::Simple","permalink":"sc946","title":"GTA 5","visibility_type":"public","original_visibility_type":"public","channel_id":3461560,"created_at":"2017-03-03T18:50:51Z","updated_at":"2022-03-10T08:22:44Z","is_done":true,"views_count":172115,"cotd":null,"cotd_at":null,"visible_on_explore_root":false,"visible_on_explore":false,"featured":false,"published":true,"published_at":"2017-03-03T18:50:51Z","reversed":false,"from_editor_v2":true,"is_editable":true,"original_sound":true,"has_sound":true,"recoub_to":null,"file_versions":{"html5":{"video":{"higher":{"url":"https://coub-anubis-a.akamaized.net/coub_storage/coub/simple/cw_file/145cc1e2c30/297e5bedbc86dcc737d96/muted_mp4_huge_size_1568093626_muted_huge.mp4","size":3207322},"high":{"url":"https://coub-anubis-a.akamaized.net/coub_storage/coub/simple/cw_file/145cc1e2c30/297e5bedbc86dcc737d96/muted_mp4_big_size_1568093626_muted_big.mp4","size":2335598},"med":{"url":"https://coub-anubis-a.akamaized.net/coub_storage/coub/simple/cw_file/145cc1e2c30/297e5bedbc86dcc737d96/muted_mp4_med_size_1568093626_muted_med.mp4","size":781115}},"audio":{"high":{"url":"https://coub-anubis-a.akamaized.net/coub_storage/coub/simple/cw_looped_audio_high/c438b13fafb/0376f3b232e030b70480c/1605585094_high_1488567086_high.mp3","size":1394006},"med":{"url":"https://coub-anubis-a.akamaized.net/coub_storage/coub/simple/cw_looped_audio_med/3f369a3b28f/437e6b42978cf5d0fa2b0/1605585094_med_1488567086_med.mp3","size":1110251},"sample_duration":9.684}},"mobile":{"video":"https://coub-anubis-a.akamaized.net/coub_storage/coub/simple/cw_file/145cc1e2c30/297e5bedbc86dcc737d96/muted_mp4_med_size_1568093626_muted_med.mp4","audio":["https://coub-anubis-a.akamaized.net/coub_storage/coub/simple/cw_looped_audio_med/3f369a3b28f/437e6b42978cf5d0fa2b0/1605585094_med_1488567086_med.mp3"]},"share":{"default":"https://coub-anubis-a.akamaized.net/coub_storage/coub/simple/cw_video_for_sharing/4c040eef918/684c0c0047074202e77b9/1608969465_looped_1608969464.mp4"}},"audio_versions":{},"image_versions":{"template":"https://coub-anubis-a.akamaized.net/coub_storage/coub/simple/cw_image/0298e8ec2b3/d09e7ee3b5545e62d7930/1488567094_00031.jpg","versions":["micro","tiny","age_restricted","ios_large","ios_mosaic","big","med","small","pinterest"]},"first_frame_versions":{"template":"https://coub-anubis-a.akamaized.net/coub_storage/coub/simple/cw_timeline_pic/4b218978d2b/a943359548b1bc4a8c908/1488567093_image.jpg","versions":["big","med","small","ios_large"]},"dimensions":{"big":[1280,720],"med":[640,360]},"site_w_h":[640,360],"page_w_h":[640,360],"site_w_h_small":[310,174],"size":[1280,720],"age_restricted":false,"age_restricted_by_admin":false,"not_safe_for_work":false,"allow_reuse":false,"dont_crop":false,"banned":false,"global_safe":true,"audio_file_url":null,"external_download":{"type":"Youtube","service_name":"YouTube","url":"http://www.youtube.com/watch?v=EVG4nPKfQ8M","has_embed":true},"application":null,"channel":{"id":3461560,"permalink":"akashi157","title":"akashi ","description":null,"followers_count":55,"following_count":10,"avatar_versions":{"template":"https://coub-anubis-a.akamaized.net/coub_storage/channel/cw_avatar/6368b3e4951/f1ba2016ba9f6b8ae4501/%{version}_1608149833_zwzk4u_1488390042_cropped.jpeg","versions":["medium","medium_2x","profile_pic","profile_pic_new","profile_pic_new_2x","tiny","tiny_2x","small","small_2x","ios_large","ios_small"]}},"file":null,"picture":"https://coub-anubis-a.akamaized.net/coub_storage/coub/simple/cw_image/0298e8ec2b3/d09e7ee3b5545e62d7930/1488567094_00031.jpg","timeline_picture":"https://coub-anubis-a.akamaized.net/coub_storage/coub/simple/cw_timeline_pic/4b218978d2b/a943359548b1bc4a8c908/1488567093_image.jpg","small_picture":"https://coub-anubis-a.akamaized.net/coub_storage/coub/simple/cw_image/0298e8ec2b3/d09e7ee3b5545e62d7930/1488567094_00031.jpg","sharing_picture":null,"percent_done":100,"tags":[{"id":158841,"title":"gta funny moments","value":"gta%20funny%20moments"},{"id":1253,"title":"wtf","value":"wtf"},{"id":5143,"title":"gta 5","value":"gta%205"},{"id":140443,"title":"gta 5 приколы","value":"gta%205%20%D0%BF%D1%80%D0%B8%D0%BA%D0%BE%D0%BB%D1%8B"},{"id":342241,"title":"тревор","value":"%D1%82%D1%80%D0%B5%D0%B2%D0%BE%D1%80"},{"id":4480,"title":"приколы","value":"%D0%BF%D1%80%D0%B8%D0%BA%D0%BE%D0%BB%D1%8B"},{"id":1783371,"title":"gamewdf","value":"gamewdf"},{"id":1890686,"title":"приколы wdf","value":"%D0%BF%D1%80%D0%B8%D0%BA%D0%BE%D0%BB%D1%8B%20wdf"},{"id":725599,"title":"dafaq","value":"dafaq"},{"id":743604,"title":"смешные моменты в играх","value":"%D1%81%D0%BC%D0%B5%D1%88%D0%BD%D1%8B%D0%B5%20%D0%BC%D0%BE%D0%BC%D0%B5%D0%BD%D1%82%D1%8B%20%D0%B2%20%D0%B8%D0%B3%D1%80%D0%B0%D1%85"},{"id":1195,"title":"угар","value":"%D1%83%D0%B3%D0%B0%D1%80"},{"id":1320,"title":"grand theft auto v","value":"grand%20theft%20auto%20v"},{"id":34571,"title":"трюки","value":"%D1%82%D1%80%D1%8E%D0%BA%D0%B8"},{"id":1783367,"title":"gamewadafaq","value":"gamewadafaq"},{"id":3644,"title":"gta","value":"gta"},{"id":1367624,"title":"трюки в gta 5","value":"%D1%82%D1%80%D1%8E%D0%BA%D0%B8%20%D0%B2%20gta%205"},{"id":1783369,"title":"баги в gta 5","value":"%D0%B1%D0%B0%D0%B3%D0%B8%20%D0%B2%20gta%205"},{"id":1890685,"title":"gamewhatdafaq","value":"gamewhatdafaq"},{"id":1890687,"title":"подборки приколов и играх","value":"%D0%BF%D0%BE%D0%B4%D0%B1%D0%BE%D1%80%D0%BA%D0%B8%20%D0%BF%D1%80%D0%B8%D0%BA%D0%BE%D0%BB%D0%BE%D0%B2%20%D0%B8%20%D0%B8%D0%B3%D1%80%D0%B0%D1%85"},{"id":917505,"title":"приколы в gta 5","value":"%D0%BF%D1%80%D0%B8%D0%BA%D0%BE%D0%BB%D1%8B%20%D0%B2%20gta%205"},{"id":140442,"title":"gta 5 смешные моменты","value":"gta%205%20%D1%81%D0%BC%D0%B5%D1%88%D0%BD%D1%8B%D0%B5%20%D0%BC%D0%BE%D0%BC%D0%B5%D0%BD%D1%82%D1%8B"},{"id":34942,"title":"gta 5 online","value":"gta%205%20online"},{"id":386611,"title":"баги в играх","value":"%D0%B1%D0%B0%D0%B3%D0%B8%20%D0%B2%20%D0%B8%D0%B3%D1%80%D0%B0%D1%85"},{"id":24041,"title":"фейлы","value":"%D1%84%D0%B5%D0%B9%D0%BB%D1%8B"},{"id":73742,"title":"приколы в играх","value":"%D0%BF%D1%80%D0%B8%D0%BA%D0%BE%D0%BB%D1%8B%20%D0%B2%20%D0%B8%D0%B3%D1%80%D0%B0%D1%85"},{"id":2039818,"title":"gta 5 паркур","value":"gta%205%20%D0%BF%D0%B0%D1%80%D0%BA%D1%83%D1%80"},{"id":1890688,"title":"подборка приколов в gta 5","value":"%D0%BF%D0%BE%D0%B4%D0%B1%D0%BE%D1%80%D0%BA%D0%B0%20%D0%BF%D1%80%D0%B8%D0%BA%D0%BE%D0%BB%D0%BE%D0%B2%20%D0%B2%20gta%205"},{"id":10884,"title":"подборка","value":"%D0%BF%D0%BE%D0%B4%D0%B1%D0%BE%D1%80%D0%BA%D0%B0"},{"id":1366458,"title":"gta 5 epic moments","value":"gta%205%20epic%20moments"},{"id":1783366,"title":"фэйлы в играх","value":"%D1%84%D1%8D%D0%B9%D0%BB%D1%8B%20%D0%B2%20%D0%B8%D0%B3%D1%80%D0%B0%D1%85"},{"id":1783370,"title":"фейлы в гта 5","value":"%D1%84%D0%B5%D0%B9%D0%BB%D1%8B%20%D0%B2%20%D0%B3%D1%82%D0%B0%205"},{"id":24108,"title":"гта 5","value":"%D0%B3%D1%82%D0%B0%205"},{"id":10904,"title":"гта","value":"%D0%B3%D1%82%D0%B0"},{"id":11094,"title":"баги","value":"%D0%B1%D0%B0%D0%B3%D0%B8"},{"id":46072,"title":"приколы в gta","value":"%D0%BF%D1%80%D0%B8%D0%BA%D0%BE%D0%BB%D1%8B%20%D0%B2%20gta"},{"id":458709,"title":"wdf","value":"wdf"}],"categories":[{"id":17,"title":"Gaming","permalink":"gaming","subscriptions_count":10089456,"big_image_url":"https://coub-anubis-a.akamaized.net/coub_storage/category/cw_image/49fb773a80c/efee899b14f85527ed209/big_1544749693_gaming2.png","small_image_url":"https://coub-anubis-a.akamaized.net/coub_storage/category/cw_image/49fb773a80c/efee899b14f85527ed209/small_1544749693_gaming2.png","med_image_url":"https://coub-anubis-a.akamaized.net/coub_storage/category/cw_image/49fb773a80c/efee899b14f85527ed209/med_1544749693_gaming2.png","visible":true}],"communities":[{"id":17,"title":"Gaming","permalink":"gaming","subscriptions_count":10089456,"big_image_url":"https://coub-anubis-a.akamaized.net/coub_storage/category/cw_image/49fb773a80c/efee899b14f85527ed209/big_1544749693_gaming2.png","small_image_url":"https://coub-anubis-a.akamaized.net/coub_storage/category/cw_image/49fb773a80c/efee899b14f85527ed209/small_1544749693_gaming2.png","med_image_url":"https://coub-anubis-a.akamaized.net/coub_storage/category/cw_image/49fb773a80c/efee899b14f85527ed209/med_1544749693_gaming2.png","i_subscribed":true,"community_notifications_enabled":null,"description":null}],"recoubs_count":433,"remixes_count":0,"likes_count":1532,"dislikes_count":0,"raw_video_id":9213087,"uploaded_by_ios_app":false,"uploaded_by_android_app":true,"media_blocks":{"uploaded_raw_videos":[],"external_raw_videos":[{"id":11371202,"title":"Приколы из GTA 5 | WDF 30 | Сила воли","url":"http://www.youtube.com/watch?v=EVG4nPKfQ8M","image":"https://coub-anubis-a.akamaized.net/coub_storage/media_block/cw_image/b69ea994437/bd99841ab33d0f69b2695/1492760192_1488566745_hrix75_att-url-download.jpg","image_retina":"https://coub-anubis-a.akamaized.net/coub_storage/media_block/cw_image/b69ea994437/bd99841ab33d0f69b2695/1492760192_1488566745_hrix75_att-url-download.jpg","meta":{"service":"Youtube","duration":"411.711"},"duration":411.711,"raw_video_id":9213087,"has_embed":true}],"remixed_from_coubs":[],"external_video":{"id":11371202,"title":"Приколы из GTA 5 | WDF 30 | Сила воли","url":"http://www.youtube.com/watch?v=EVG4nPKfQ8M","image":"https://coub-anubis-a.akamaized.net/coub_storage/media_block/cw_image/b69ea994437/bd99841ab33d0f69b2695/1492760192_1488566745_hrix75_att-url-download.jpg","image_retina":"https://coub-anubis-a.akamaized.net/coub_storage/media_block/cw_image/b69ea994437/bd99841ab33d0f69b2695/1492760192_1488566745_hrix75_att-url-download.jpg","meta":{"service":"Youtube","duration":"411.711"},"duration":411.711,"raw_video_id":9213087,"has_embed":true}},"raw_video_thumbnail_url":"/missing/missing.png","raw_video_title":"Приколы из GTA 5 | WDF 30 | Сила воли","video_block_banned":false,"duration":9.68,"promo_winner":false,"promo_winner_recoubers":null,"editorial_info":{},"promo_hint":null,"beeline_best_2014":null,"from_web_editor":false,"normalize_sound":true,"normalize_change_allowed":true,"best2015_addable":false,"ahmad_promo":null,"promo_data":null,"audio_copyright_claim":null,"ads_disabled":null,"is_safe_for_ads":true,"megafon_contents":[],"position_on_page":8},{"flag":null,"abuses":null,"recoubs_by_users_channels":null,"favourite":false,"promoted_id":null,"recoub":null,"like":null,"dislike":null,"reaction":null,"in_my_best2015":false,"id":78880138,"type":"Coub::Simple","permalink":"1ak1fj","title":"Which One's Lucio?","visibility_type":"public","original_visibility_type":"public","channel_id":3705406,"created_at":"2018-07-04T09:06:14Z","updated_at":"2022-03-16T01:27:53Z","is_done":true,"views_count":110239,"cotd":null,"cotd_at":null,"visible_on_explore_root":false,"visible_on_explore":false,"featured":false,"published":true,"published_at":"2018-07-04T09:06:14Z","reversed":false,"from_editor_v2":true,"is_editable":true,"original_sound":true,"has_sound":true,"recoub_to":null,"file_versions":{"html5":{"video":{"higher":{"url":"https://coub-anubis-a.akamaized.net/coub_storage/coub/simple/cw_file/2aca90c6f6d/19b982615a7f7ae5fc6b8/muted_mp4_huge_size_1568254555_muted_huge.mp4","size":1105489},"high":{"url":"https://coub-anubis-a.akamaized.net/coub_storage/coub/simple/cw_file/2aca90c6f6d/19b982615a7f7ae5fc6b8/muted_mp4_big_size_1568254555_muted_big.mp4","size":736176},"med":{"url":"https://coub-anubis-a.akamaized.net/coub_storage/coub/simple/cw_file/2aca90c6f6d/19b982615a7f7ae5fc6b8/muted_mp4_med_size_1568254555_muted_med.mp4","size":278699}},"audio":{"high":{"url":"https://coub-anubis-a.akamaized.net/coub_storage/coub/simple/cw_looped_audio_high/e37fc4a83df/955616c0647ea81d8bcd9/1605621089_high_1530695177_high.mp3","size":881121},"med":{"url":"https://coub-anubis-a.akamaized.net/coub_storage/coub/simple/cw_looped_audio_med/8a50e9d4a14/72de7d68b49ebb2038caf/1605621088_med_1530695177_med.mp3","size":878908},"sample_duration":5.247}},"mobile":{"video":"https://coub-anubis-a.akamaized.net/coub_storage/coub/simple/cw_file/2aca90c6f6d/19b982615a7f7ae5fc6b8/muted_mp4_med_size_1568254555_muted_med.mp4","audio":["https://coub-anubis-a.akamaized.net/coub_storage/coub/simple/cw_looped_audio_med/8a50e9d4a14/72de7d68b49ebb2038caf/1605621088_med_1530695177_med.mp3"]},"share":{"default":"https://coub-anubis-a.akamaized.net/coub_storage/coub/simple/cw_video_for_sharing/9bbe4ff1739/062c99d01574456def75e/1608251923_looped_1608251922.mp4"}},"audio_versions":{},"image_versions":{"template":"https://coub-anubis-a.akamaized.net/coub_storage/coub/simple/cw_image/301e57296f6/40da6c0000cb7964cdd81/1530695181_00017.jpg","versions":["micro","tiny","age_restricted","ios_large","ios_mosaic","big","med","small","pinterest"]},"first_frame_versions":{"template":"https://coub-anubis-a.akamaized.net/coub_storage/coub/simple/cw_timeline_pic/bec797ae66f/7a204fa24a0ed6cc08224/%{version}_1530695181_image.jpg","versions":["big","med","small","ios_large"]},"dimensions":{"big":[1280,720],"med":[640,360]},"site_w_h":[640,360],"page_w_h":[640,360],"site_w_h_small":[310,174],"size":[1280,720],"age_restricted":false,"age_restricted_by_admin":false,"not_safe_for_work":false,"allow_reuse":false,"dont_crop":false,"banned":false,"global_safe":true,"audio_file_url":null,"external_download":{"type":"Youtube","service_name":"YouTube","url":"http://m.youtube.com/watch?v=pn4d6lks6Uw","has_embed":true},"application":null,"channel":{"id":3705406,"permalink":"balage40","title":"Balage","description":"Shitposting all day, everyday. Sometimes memes, sometimes vines, but always stolen content\n/s","followers_count":778,"following_count":4,"avatar_versions":{"template":"https://coub-anubis-a.akamaized.net/coub_storage/channel/cw_avatar/5235b8c5b88/9defd01a2a509ec334e47/%{version}_1607949738_1pids73_1530398619_filename.jpeg","versions":["medium","medium_2x","profile_pic","profile_pic_new","profile_pic_new_2x","tiny","tiny_2x","small","small_2x","ios_large","ios_small"]}},"file":null,"picture":"https://coub-anubis-a.akamaized.net/coub_storage/coub/simple/cw_image/301e57296f6/40da6c0000cb7964cdd81/1530695181_00017.jpg","timeline_picture":"https://coub-anubis-a.akamaized.net/coub_storage/coub/simple/cw_timeline_pic/bec797ae66f/7a204fa24a0ed6cc08224/ios_large_1530695181_image.jpg","small_picture":"https://coub-anubis-a.akamaized.net/coub_storage/coub/simple/cw_image/301e57296f6/40da6c0000cb7964cdd81/1530695181_00017.jpg","sharing_picture":null,"percent_done":100,"tags":[{"id":159986,"title":"overwatch","value":"overwatch"}],"categories":[{"id":17,"title":"Gaming","permalink":"gaming","subscriptions_count":10089456,"big_image_url":"https://coub-anubis-a.akamaized.net/coub_storage/category/cw_image/49fb773a80c/efee899b14f85527ed209/big_1544749693_gaming2.png","small_image_url":"https://coub-anubis-a.akamaized.net/coub_storage/category/cw_image/49fb773a80c/efee899b14f85527ed209/small_1544749693_gaming2.png","med_image_url":"https://coub-anubis-a.akamaized.net/coub_storage/category/cw_image/49fb773a80c/efee899b14f85527ed209/med_1544749693_gaming2.png","visible":true}],"communities":[{"id":17,"title":"Gaming","permalink":"gaming","subscriptions_count":10089456,"big_image_url":"https://coub-anubis-a.akamaized.net/coub_storage/category/cw_image/49fb773a80c/efee899b14f85527ed209/big_1544749693_gaming2.png","small_image_url":"https://coub-anubis-a.akamaized.net/coub_storage/category/cw_image/49fb773a80c/efee899b14f85527ed209/small_1544749693_gaming2.png","med_image_url":"https://coub-anubis-a.akamaized.net/coub_storage/category/cw_image/49fb773a80c/efee899b14f85527ed209/med_1544749693_gaming2.png","i_subscribed":true,"community_notifications_enabled":null,"description":null}],"recoubs_count":240,"remixes_count":0,"likes_count":1531,"dislikes_count":0,"raw_video_id":11990401,"uploaded_by_ios_app":true,"uploaded_by_android_app":false,"media_blocks":{"uploaded_raw_videos":[],"external_raw_videos":[{"id":27159988,"title":"Which One's Lucio?","url":"https://www.youtube.com/watch?v=pn4d6lks6Uw","image":"https://coub-anubis-a.akamaized.net/coub_storage/media_block/cw_image/63377b8c118/57667d663547dc4944ac1/1530695155_1530695151_181a22_att-url-download.jpg","image_retina":"https://coub-anubis-a.akamaized.net/coub_storage/media_block/cw_image/63377b8c118/57667d663547dc4944ac1/1530695155_1530695151_181a22_att-url-download.jpg","meta":{"service":"Youtube","duration":"5.24"},"duration":5.24,"raw_video_id":11990401,"has_embed":true}],"remixed_from_coubs":[],"external_video":{"id":27159988,"title":"Which One's Lucio?","url":"https://www.youtube.com/watch?v=pn4d6lks6Uw","image":"https://coub-anubis-a.akamaized.net/coub_storage/media_block/cw_image/63377b8c118/57667d663547dc4944ac1/1530695155_1530695151_181a22_att-url-download.jpg","image_retina":"https://coub-anubis-a.akamaized.net/coub_storage/media_block/cw_image/63377b8c118/57667d663547dc4944ac1/1530695155_1530695151_181a22_att-url-download.jpg","meta":{"service":"Youtube","duration":"5.24"},"duration":5.24,"raw_video_id":11990401,"has_embed":true}},"raw_video_thumbnail_url":"/missing/missing.png","raw_video_title":"Which One's Lucio?","video_block_banned":false,"duration":5.24,"promo_winner":false,"promo_winner_recoubers":null,"editorial_info":{},"promo_hint":null,"beeline_best_2014":null,"from_web_editor":false,"normalize_sound":true,"normalize_change_allowed":true,"best2015_addable":false,"ahmad_promo":null,"promo_data":null,"audio_copyright_claim":null,"ads_disabled":false,"is_safe_for_ads":true,"megafon_contents":[],"position_on_page":9},{"flag":null,"abuses":null,"recoubs_by_users_channels":null,"favourite":false,"promoted_id":null,"recoub":null,"like":null,"dislike":null,"reaction":null,"in_my_best2015":false,"id":139101171,"type":"Coub::Simple","permalink":"2agxtf","title":"Пенсионная реформа","visibility_type":"public","original_visibility_type":"public","channel_id":2844511,"created_at":"2020-03-10T15:00:30Z","updated_at":"2022-03-14T08:33:16Z","is_done":true,"views_count":119527,"cotd":null,"cotd_at":null,"visible_on_explore_root":false,"visible_on_explore":false,"featured":false,"published":true,"published_at":"2020-03-10T15:00:30Z","reversed":false,"from_editor_v2":true,"is_editable":true,"original_sound":true,"has_sound":true,"recoub_to":null,"file_versions":{"html5":{"video":{"higher":{"url":"https://coub-anubis-a.akamaized.net/coub_storage/coub/simple/cw_file/474784c423e/7c5cab4a5cf494dfcb012/muted_mp4_huge_size_1583852563_muted_huge.mp4","size":3543007},"high":{"url":"https://coub-anubis-a.akamaized.net/coub_storage/coub/simple/cw_file/474784c423e/7c5cab4a5cf494dfcb012/muted_mp4_big_size_1583852563_muted_big.mp4","size":2762959},"med":{"url":"https://coub-anubis-a.akamaized.net/coub_storage/coub/simple/cw_file/474784c423e/7c5cab4a5cf494dfcb012/muted_mp4_med_size_1583852563_muted_med.mp4","size":765564}},"audio":{"high":{"url":"https://coub-anubis-a.akamaized.net/coub_storage/coub/simple/cw_looped_audio_high/aaee8ef471e/fe0b892bfd6edcc09b5f8/1605705148_high_1583852564_high.mp3","size":902044},"med":{"url":"https://coub-anubis-a.akamaized.net/coub_storage/coub/simple/cw_looped_audio_med/bbe504bbdca/7f2ceddbbbe0b1a535104/1605705147_med_1583852564_med.mp3","size":799076},"sample_duration":10.008}},"mobile":{"video":"https://coub-anubis-a.akamaized.net/coub_storage/coub/simple/cw_file/474784c423e/7c5cab4a5cf494dfcb012/muted_mp4_med_size_1583852563_muted_med.mp4","audio":["https://coub-anubis-a.akamaized.net/coub_storage/coub/simple/cw_looped_audio_med/bbe504bbdca/7f2ceddbbbe0b1a535104/1605705147_med_1583852564_med.mp3"]},"share":{"default":"https://coub-anubis-a.akamaized.net/coub_storage/coub/simple/cw_video_for_sharing/6401a4107ca/b032050a8be39fb07fc76/1613252139_looped_1613252138.mp4"}},"audio_versions":{},"image_versions":{"template":"https://coub-anubis-a.akamaized.net/coub_storage/coub/simple/cw_image/879bccf5c84/1710fd8ed46188b355920/1583852579_00032.jpg","versions":["micro","tiny","age_restricted","ios_large","ios_mosaic","big","med","small","pinterest"]},"first_frame_versions":{"template":"https://coub-anubis-a.akamaized.net/coub_storage/coub/simple/cw_timeline_pic/f054a10e4bb/989dab18f221e0bce501d/%{version}_1583852577_image.jpg","versions":["big","med","small","ios_large"]},"dimensions":{"big":[1280,720],"med":[640,360]},"site_w_h":[640,360],"page_w_h":[640,360],"site_w_h_small":[310,174],"size":[1280,720],"age_restricted":false,"age_restricted_by_admin":false,"not_safe_for_work":false,"allow_reuse":false,"dont_crop":false,"banned":false,"global_safe":false,"audio_file_url":null,"external_download":{"type":"Youtube","service_name":"YouTube","url":"https://www.youtube.com/watch?v=gKwKUTZJn5c","has_embed":true},"application":null,"channel":{"id":2844511,"permalink":"adihak00","title":"ADIHAK ","description":null,"followers_count":105,"following_count":21,"avatar_versions":{"template":"https://coub-anubis-a.akamaized.net/coub_storage/channel/cw_avatar/66c35f9ef8a/8bf46b282eb03ff0d3ec0/%{version}_1607421796_jcjx64_1518670042_filename.jpeg","versions":["medium","medium_2x","profile_pic","profile_pic_new","profile_pic_new_2x","tiny","tiny_2x","small","small_2x","ios_large","ios_small"]}},"file":null,"picture":"https://coub-anubis-a.akamaized.net/coub_storage/coub/simple/cw_image/879bccf5c84/1710fd8ed46188b355920/1583852579_00032.jpg","timeline_picture":"https://coub-anubis-a.akamaized.net/coub_storage/coub/simple/cw_timeline_pic/f054a10e4bb/989dab18f221e0bce501d/ios_large_1583852577_image.jpg","small_picture":"https://coub-anubis-a.akamaized.net/coub_storage/coub/simple/cw_image/879bccf5c84/1710fd8ed46188b355920/1583852579_00032.jpg","sharing_picture":null,"percent_done":100,"tags":[{"id":6661,"title":"garry","value":"garry"},{"id":11869,"title":"garry's","value":"garry's"},{"id":134354,"title":"garrys","value":"garrys"},{"id":11078,"title":"mod","value":"mod"},{"id":133135,"title":"rp","value":"rp"},{"id":195915,"title":"role play","value":"role%20play"},{"id":1307351,"title":"faustnp","value":"faustnp"},{"id":21967,"title":"фауст","value":"%D1%84%D0%B0%D1%83%D1%81%D1%82"},{"id":24165,"title":"faust","value":"faust"},{"id":146785,"title":"metro 2033","value":"metro%202033"},{"id":6223,"title":"metro","value":"metro"},{"id":21941,"title":"exodus","value":"exodus"},{"id":436309,"title":"last light","value":"last%20light"}],"categories":[{"id":17,"title":"Gaming","permalink":"gaming","subscriptions_count":10089456,"big_image_url":"https://coub-anubis-a.akamaized.net/coub_storage/category/cw_image/49fb773a80c/efee899b14f85527ed209/big_1544749693_gaming2.png","small_image_url":"https://coub-anubis-a.akamaized.net/coub_storage/category/cw_image/49fb773a80c/efee899b14f85527ed209/small_1544749693_gaming2.png","med_image_url":"https://coub-anubis-a.akamaized.net/coub_storage/category/cw_image/49fb773a80c/efee899b14f85527ed209/med_1544749693_gaming2.png","visible":true}],"communities":[{"id":17,"title":"Gaming","permalink":"gaming","subscriptions_count":10089456,"big_image_url":"https://coub-anubis-a.akamaized.net/coub_storage/category/cw_image/49fb773a80c/efee899b14f85527ed209/big_1544749693_gaming2.png","small_image_url":"https://coub-anubis-a.akamaized.net/coub_storage/category/cw_image/49fb773a80c/efee899b14f85527ed209/small_1544749693_gaming2.png","med_image_url":"https://coub-anubis-a.akamaized.net/coub_storage/category/cw_image/49fb773a80c/efee899b14f85527ed209/med_1544749693_gaming2.png","i_subscribed":true,"community_notifications_enabled":null,"description":null}],"recoubs_count":305,"remixes_count":0,"likes_count":1530,"dislikes_count":0,"raw_video_id":14882131,"uploaded_by_ios_app":false,"uploaded_by_android_app":false,"media_blocks":{"uploaded_raw_videos":[],"external_raw_videos":[{"id":34954312,"title":"Досвистелись [Metro 2033 Exodus RP Garry's Mod]","url":"https://www.youtube.com/watch?v=gKwKUTZJn5c","image":"https://coub-anubis-a.akamaized.net/coub_storage/media_block/cw_image/19ef8adb683/11f09afc2f760337c95d7/1583062760_z1h2xs_1583062611_1oy8akb_att-url-download.jpg","image_retina":"https://coub-anubis-a.akamaized.net/coub_storage/media_block/cw_image/19ef8adb683/11f09afc2f760337c95d7/1583062760_z1h2xs_1583062611_1oy8akb_att-url-download.jpg","meta":{"service":"Youtube","duration":"313.24"},"duration":313.24,"raw_video_id":14882131,"has_embed":true}],"remixed_from_coubs":[],"external_video":{"id":34954312,"title":"Досвистелись [Metro 2033 Exodus RP Garry's Mod]","url":"https://www.youtube.com/watch?v=gKwKUTZJn5c","image":"https://coub-anubis-a.akamaized.net/coub_storage/media_block/cw_image/19ef8adb683/11f09afc2f760337c95d7/1583062760_z1h2xs_1583062611_1oy8akb_att-url-download.jpg","image_retina":"https://coub-anubis-a.akamaized.net/coub_storage/media_block/cw_image/19ef8adb683/11f09afc2f760337c95d7/1583062760_z1h2xs_1583062611_1oy8akb_att-url-download.jpg","meta":{"service":"Youtube","duration":"313.24"},"duration":313.24,"raw_video_id":14882131,"has_embed":true}},"raw_video_thumbnail_url":"/missing/missing.png","raw_video_title":"Досвистелись [Metro 2033 Exodus RP Garry's Mod]","video_block_banned":false,"duration":10.0,"promo_winner":false,"promo_winner_recoubers":null,"editorial_info":{},"promo_hint":null,"beeline_best_2014":null,"from_web_editor":true,"normalize_sound":true,"normalize_change_allowed":true,"best2015_addable":false,"ahmad_promo":null,"promo_data":null,"audio_copyright_claim":null,"ads_disabled":false,"is_safe_for_ads":true,"megafon_contents":[],"position_on_page":10}]}