{"page":99,"per_page":10,"total_pages":500,"coubs":[{"flag":null,"abuses":null,"recoubs_by_users_channels":null,"favourite":false,"promoted_id":null,"recoub":null,"like":null,"dislike":null,"reaction":null,"in_my_best2015":false,"id":84911792,"type":"Coub::Simple","permalink":"1e5biy","title":"HIGHLY ILLEGAL CSGO MOMENTS","visibility_type":"public","original_visibility_type":"public","channel_id":3122871,"created_at":"2018-09-11T01:38:16Z","updated_at":"2022-03-16T10:27:02Z","is_done":true,"views_count":324143,"cotd":null,"cotd_at":null,"visible_on_explore_root":false,"visible_on_explore":false,"featured":false,"published":true,"published_at":"2018-09-11T01:38:16Z","reversed":false,"from_editor_v2":true,"is_editable":true,"original_sound":true,"has_sound":true,"recoub_to":null,"file_versions":{"html5":{"video":{"higher":{"url":"https://coub-anubis-a.akamaized.net/coub_storage/coub/simple/cw_file/37cc2933f64/c19f2032ff55cf30d30e0/muted_mp4_huge_size_1570951874_muted_huge.mp4","size":5419146},"high":{"url":"https://coub-anubis-a.akamaized.net/coub_storage/coub/simple/cw_file/37cc2933f64/c19f2032ff55cf30d30e0/muted_mp4_big_size_1570951874_muted_big.mp4","size":3991052},"med":{"url":"https://coub-anubis-a.akamaized.net/coub_storage/coub/simple/cw_file/37cc2933f64/c19f2032ff55cf30d30e0/muted_mp4_med_size_1570951874_muted_med.mp4","size":1254118}},"audio":{"high":{"url":"https://coub-anubis-a.akamaized.net/coub_storage/coub/simple/cw_looped_audio_high/142bdf6cba9/17e4df6c28dcaf6a684b9/1605610334_high_1536630010_high.mp3","size":1095462},"med":{"url":"https://coub-anubis-a.akamaized.net/coub_storage/coub/simple/cw_looped_audio_med/5ff60cdcc49/c62519deb076c7490a13a/1605610334_med_1536630010_med.mp3","size":916983},"sample_duration":8.221}},"mobile":{"video":"https://coub-anubis-a.akamaized.net/coub_storage/coub/simple/cw_file/37cc2933f64/c19f2032ff55cf30d30e0/muted_mp4_med_size_1570951874_muted_med.mp4","audio":["https://coub-anubis-a.akamaized.net/coub_storage/coub/simple/cw_looped_audio_med/5ff60cdcc49/c62519deb076c7490a13a/1605610334_med_1536630010_med.mp3"]},"share":{"default":"https://coub-anubis-a.akamaized.net/coub_storage/coub/simple/cw_video_for_sharing/1cd3cde6def/510b265506b4227e094eb/1610365963_looped_1610365962.mp4"}},"audio_versions":{},"image_versions":{"template":"https://coub-anubis-a.akamaized.net/coub_storage/coub/simple/cw_image/36367c16d4c/a8b3edbfb94c30a5fb9b5/1536630019_00026.jpg","versions":["micro","tiny","age_restricted","ios_large","ios_mosaic","big","med","small","pinterest"]},"first_frame_versions":{"template":"https://coub-anubis-a.akamaized.net/coub_storage/coub/simple/cw_timeline_pic/58e0c5860ae/4e60081afcab4677316cf/%{version}_1536630018_image.jpg","versions":["big","med","small","ios_large"]},"dimensions":{"big":[1280,720],"med":[640,360]},"site_w_h":[640,360],"page_w_h":[640,360],"site_w_h_small":[310,174],"size":[1280,720],"age_restricted":false,"age_restricted_by_admin":false,"not_safe_for_work":false,"allow_reuse":false,"dont_crop":false,"banned":false,"global_safe":true,"audio_file_url":null,"external_download":{"type":"Youtube","service_name":"YouTube","url":"https://www.youtube.com/watch?v=EKLWESFpQHQ","has_embed":true},"application":null,"channel":{"id":3122871,"permalink":"ledge-bringr","title":"Ledge_Bringr","description":null,"followers_count":322,"following_count":7,"avatar_versions":{"template":"https://coub-anubis-a.akamaized.net/coub_storage/channel/cw_avatar/69cd3b5860a/5b58e5302ceac9aee8569/%{version}_1607426792_1nzno2m_1500934538_filename.jpeg","versions":["medium","medium_2x","profile_pic","profile_pic_new","profile_pic_new_2x","tiny","tiny_2x","small","small_2x","ios_large","ios_small"]}},"file":null,"picture":"https://coub-anubis-a.akamaized.net/coub_storage/coub/simple/cw_image/36367c16d4c/a8b3edbfb94c30a5fb9b5/1536630019_00026.jpg","timeline_picture":"https://coub-anubis-a.akamaized.net/coub_storage/coub/simple/cw_timeline_pic/58e0c5860ae/4e60081afcab4677316cf/ios_large_1536630018_image.jpg","small_picture":"https://coub-anubis-a.akamaized.net/coub_storage/coub/simple/cw_image/36367c16d4c/a8b3edbfb94c30a5fb9b5/1536630019_00026.jpg","sharing_picture":null,"percent_done":100,"tags":[{"id":174,"title":"funny","value":"funny"},{"id":169,"title":"fun","value":"fun"},{"id":1140,"title":"game","value":"game"},{"id":2345,"title":"gaming","value":"gaming"},{"id":10006,"title":"gameplay","value":"gameplay"},{"id":1485,"title":"comedy","value":"comedy"},{"id":10443,"title":"hilarious","value":"hilarious"},{"id":4447,"title":"moments","value":"moments"},{"id":75063,"title":"swagger","value":"swagger"},{"id":1813885,"title":"swaggersouls","value":"swaggersouls"},{"id":36852,"title":"souls","value":"souls"},{"id":2783625,"title":"kugothemighty","value":"kugothemighty"},{"id":122522,"title":"fitz","value":"fitz"},{"id":1814196,"title":"goodguyfitz","value":"goodguyfitz"},{"id":1452289,"title":"grizzy","value":"grizzy"},{"id":3670654,"title":"kyroz","value":"kyroz"},{"id":4271021,"title":"kyrozgaming","value":"kyrozgaming"},{"id":6695,"title":"cs","value":"cs"},{"id":900,"title":"go","value":"go"},{"id":63680,"title":"counter strike","value":"counter%20strike"}],"categories":[{"id":17,"title":"Gaming","permalink":"gaming","subscriptions_count":10089456,"big_image_url":"https://coub-anubis-a.akamaized.net/coub_storage/category/cw_image/49fb773a80c/efee899b14f85527ed209/big_1544749693_gaming2.png","small_image_url":"https://coub-anubis-a.akamaized.net/coub_storage/category/cw_image/49fb773a80c/efee899b14f85527ed209/small_1544749693_gaming2.png","med_image_url":"https://coub-anubis-a.akamaized.net/coub_storage/category/cw_image/49fb773a80c/efee899b14f85527ed209/med_1544749693_gaming2.png","visible":true}],"communities":[{"id":17,"title":"Gaming","permalink":"gaming","subscriptions_count":10089456,"big_image_url":"https://coub-anubis-a.akamaized.net/coub_storage/category/cw_image/49fb773a80c/efee899b14f85527ed209/big_1544749693_gaming2.png","small_image_url":"https://coub-anubis-a.akamaized.net/coub_storage/category/cw_image/49fb773a80c/efee899b14f85527ed209/small_1544749693_gaming2.png","med_image_url":"https://coub-anubis-a.akamaized.net/coub_storage/category/cw_image/49fb773a80c/efee899b14f85527ed209/med_1544749693_gaming2.png","i_subscribed":true,"community_notifications_enabled":null,"description":null}],"recoubs_count":797,"remixes_count":0,"likes_count":3854,"dislikes_count":0,"raw_video_id":12338193,"uploaded_by_ios_app":true,"uploaded_by_android_app":false,"media_blocks":{"uploaded_raw_videos":[],"external_raw_videos":[{"id":28095872,"title":"HIGHLY ILLEGAL CSGO MOMENTS","url":"https://www.youtube.com/watch?v=EKLWESFpQHQ","image":"https://coub-anubis-a.akamaized.net/coub_storage/media_block/cw_image/39d402cfac6/3f4e978dcabad7c4914af/1536444220_1536444059_1q3uq2k_att-url-download.jpg","image_retina":"https://coub-anubis-a.akamaized.net/coub_storage/media_block/cw_image/39d402cfac6/3f4e978dcabad7c4914af/1536444220_1536444059_1q3uq2k_att-url-download.jpg","meta":{"service":"Youtube","duration":"621.24"},"duration":621.24,"raw_video_id":12338193,"has_embed":true}],"remixed_from_coubs":[],"external_video":{"id":28095872,"title":"HIGHLY ILLEGAL CSGO MOMENTS","url":"https://www.youtube.com/watch?v=EKLWESFpQHQ","image":"https://coub-anubis-a.akamaized.net/coub_storage/media_block/cw_image/39d402cfac6/3f4e978dcabad7c4914af/1536444220_1536444059_1q3uq2k_att-url-download.jpg","image_retina":"https://coub-anubis-a.akamaized.net/coub_storage/media_block/cw_image/39d402cfac6/3f4e978dcabad7c4914af/1536444220_1536444059_1q3uq2k_att-url-download.jpg","meta":{"service":"Youtube","duration":"621.24"},"duration":621.24,"raw_video_id":12338193,"has_embed":true}},"raw_video_thumbnail_url":"/missing/missing.png","raw_video_title":"HIGHLY ILLEGAL CSGO MOMENTS","video_block_banned":false,"duration":8.2,"promo_winner":false,"promo_winner_recoubers":null,"editorial_info":{},"promo_hint":null,"beeline_best_2014":null,"from_web_editor":false,"normalize_sound":true,"normalize_change_allowed":true,"best2015_addable":false,"ahmad_promo":null,"promo_data":null,"audio_copyright_claim":null,"ads_disabled":false,"is_safe_for_ads":true,"megafon_contents":[],"position_on_page":1},{"flag":null,"abuses":null,"recoubs_by_users_channels":null,"favourite":false,"promoted_id":null,"recoub":null,"like":null,"dislike":null,"reaction":null,"in_my_best2015":false,"id":84060553,"type":"Coub::Simple","permalink":"1dn2p2","title":"I KNOW THAT CAN BE USEFULL ONE DAY","visibility_type":"public","original_visibility_type":"public","channel_id":340431,"created_at":"2018-09-01T20:20:55Z","updated_at":"2022-03-09T18:18:50Z","is_done":true,"views_count":282519,"cotd":null,"cotd_at":null,"visible_on_explore_root":false,"visible_on_explore":false,"featured":false,"published":true,"published_at":"2018-09-01T20:20:55Z","reversed":false,"from_editor_v2":true,"is_editable":true,"original_sound":false,"has_sound":false,"recoub_to":null,"file_versions":{"html5":{"video":{"higher":{"url":"https://coub-anubis-a.akamaized.net/coub_storage/coub/simple/cw_file/924efca58b2/40d15adfc6d2fa06994e3/muted_mp4_huge_size_1570046739_muted_huge.mp4","size":2227879},"high":{"url":"https://coub-anubis-a.akamaized.net/coub_storage/coub/simple/cw_file/924efca58b2/40d15adfc6d2fa06994e3/muted_mp4_big_size_1570046739_muted_big.mp4","size":1658838},"med":{"url":"https://coub-anubis-a.akamaized.net/coub_storage/coub/simple/cw_file/924efca58b2/40d15adfc6d2fa06994e3/muted_mp4_med_size_1570046739_muted_med.mp4","size":545142}},"audio":{"high":{"url":"https://coub-anubis-a.akamaized.net/coub_storage/coub/simple/cw_looped_audio_high/4626e34253b/cf444a419f22ad7e08ae9/1605609415_high_1535833393_high.mp3","size":1244279},"med":{"url":"https://coub-anubis-a.akamaized.net/coub_storage/coub/simple/cw_looped_audio_med/1c59ebc38cd/3c7c48e29161aa51570c4/1605609415_med_1535833393_med.mp3","size":828996}}},"mobile":{"video":"https://coub-anubis-a.akamaized.net/coub_storage/coub/simple/cw_file/924efca58b2/40d15adfc6d2fa06994e3/muted_mp4_med_size_1570046739_muted_med.mp4","audio":["https://coub-anubis-a.akamaized.net/coub_storage/coub/simple/cw_looped_audio_med/1c59ebc38cd/3c7c48e29161aa51570c4/1605609415_med_1535833393_med.mp3"]},"share":{"default":"https://coub-anubis-a.akamaized.net/coub_storage/coub/simple/cw_video_for_sharing/eff7cffd7fb/72370e409ac41f82b619a/1608315639_looped_1608315639.mp4"}},"audio_versions":{"template":"https://coub-anubis-a.akamaized.net/coub_storage/audio_track/cw_normalized_copy/ed91b0b19e9/74f76fdfb993bfb3e3170/mid_1535833391_1h87epx_normalized_1535833390_dyl8zz_edited.mp3","versions":["mid","low"]},"image_versions":{"template":"https://coub-anubis-a.akamaized.net/coub_storage/coub/simple/cw_image/61adcf5511e/fbbe41e6110b6a4144c2b/1535833401_00028.jpg","versions":["micro","tiny","age_restricted","ios_large","ios_mosaic","big","med","small","pinterest"]},"first_frame_versions":{"template":"https://coub-anubis-a.akamaized.net/coub_storage/coub/simple/cw_timeline_pic/b76312de0b7/04868a41263bcac1ea2d5/1535833400_image.jpg","versions":["big","med","small","ios_large"]},"dimensions":{"big":[1280,720],"med":[640,360]},"site_w_h":[640,360],"page_w_h":[640,360],"site_w_h_small":[310,174],"size":[1280,720],"age_restricted":false,"age_restricted_by_admin":false,"not_safe_for_work":false,"allow_reuse":false,"dont_crop":false,"banned":false,"global_safe":true,"audio_file_url":"https://coub-anubis-a.akamaized.net/coub_storage/audio_track/cw_normalized_copy/ed91b0b19e9/74f76fdfb993bfb3e3170/low_1535833391_1h87epx_normalized_1535833390_dyl8zz_edited.mp3","external_download":{"type":"Youtube","service_name":"YouTube","url":"https://www.youtube.com/watch?v=O5CthPJU2N0","has_embed":true},"application":null,"channel":{"id":340431,"permalink":"rinegasu","title":"Maksim Filatov","description":null,"followers_count":414,"following_count":28,"avatar_versions":{"template":"https://coub-anubis-a.akamaized.net/coub_storage/channel/cw_avatar/9cbdc889cc5/ef3c2b699c5bd1c0ec951/%{version}_1550312852_b6UM-3-CWh4.jpg","versions":["medium","medium_2x","profile_pic","profile_pic_new","profile_pic_new_2x","tiny","tiny_2x","small","small_2x","ios_large","ios_small"]}},"file":null,"picture":"https://coub-anubis-a.akamaized.net/coub_storage/coub/simple/cw_image/61adcf5511e/fbbe41e6110b6a4144c2b/1535833401_00028.jpg","timeline_picture":"https://coub-anubis-a.akamaized.net/coub_storage/coub/simple/cw_timeline_pic/b76312de0b7/04868a41263bcac1ea2d5/1535833400_image.jpg","small_picture":"https://coub-anubis-a.akamaized.net/coub_storage/coub/simple/cw_image/61adcf5511e/fbbe41e6110b6a4144c2b/1535833401_00028.jpg","sharing_picture":null,"percent_done":100,"tags":[{"id":1040749,"title":"moonbeam city","value":"moonbeam%20city"},{"id":16078,"title":"shoot","value":"shoot"},{"id":174,"title":"funny","value":"funny"},{"id":2500,"title":"fall","value":"fall"},{"id":619,"title":"gun","value":"gun"},{"id":292,"title":"humor","value":"humor"},{"id":86,"title":"music","value":"music"},{"id":128016,"title":"pro gamer","value":"pro%20gamer"},{"id":4254548,"title":"guitar zero","value":"guitar%20zero"},{"id":12399,"title":"guitar hero","value":"guitar%20hero"},{"id":236913,"title":"through the fire and flames","value":"through%20the%20fire%20and%20flames"},{"id":10329,"title":"dragonforce","value":"dragonforce"},{"id":1982,"title":"song","value":"song"},{"id":1405,"title":"guitar","value":"guitar"},{"id":1071,"title":"cool","value":"cool"},{"id":160293,"title":"2018","value":"2018"},{"id":50,"title":"coub","value":"coub"},{"id":169,"title":"fun","value":"fun"},{"id":173,"title":"epic","value":"epic"}],"categories":[{"id":17,"title":"Gaming","permalink":"gaming","subscriptions_count":10089456,"big_image_url":"https://coub-anubis-a.akamaized.net/coub_storage/category/cw_image/49fb773a80c/efee899b14f85527ed209/big_1544749693_gaming2.png","small_image_url":"https://coub-anubis-a.akamaized.net/coub_storage/category/cw_image/49fb773a80c/efee899b14f85527ed209/small_1544749693_gaming2.png","med_image_url":"https://coub-anubis-a.akamaized.net/coub_storage/category/cw_image/49fb773a80c/efee899b14f85527ed209/med_1544749693_gaming2.png","visible":true}],"communities":[{"id":17,"title":"Gaming","permalink":"gaming","subscriptions_count":10089456,"big_image_url":"https://coub-anubis-a.akamaized.net/coub_storage/category/cw_image/49fb773a80c/efee899b14f85527ed209/big_1544749693_gaming2.png","small_image_url":"https://coub-anubis-a.akamaized.net/coub_storage/category/cw_image/49fb773a80c/efee899b14f85527ed209/small_1544749693_gaming2.png","med_image_url":"https://coub-anubis-a.akamaized.net/coub_storage/category/cw_image/49fb773a80c/efee899b14f85527ed209/med_1544749693_gaming2.png","i_subscribed":true,"community_notifications_enabled":null,"description":null}],"recoubs_count":873,"remixes_count":1,"likes_count":3850,"dislikes_count":0,"raw_video_id":12301419,"uploaded_by_ios_app":false,"uploaded_by_android_app":false,"media_blocks":{"uploaded_raw_videos":[],"external_raw_videos":[{"id":27996864,"title":"Guitar Zero - Through the Fire and Flames - Expert 100% FC - HD","url":"https://www.youtube.com/watch?v=O5CthPJU2N0","image":"https://coub-anubis-a.akamaized.net/coub_storage/media_block/cw_image/27fd45fb6b8/f15b966489eb960976c74/1535831278_1535831064_pzyq79_att-url-download.jpg","image_retina":"https://coub-anubis-a.akamaized.net/coub_storage/media_block/cw_image/27fd45fb6b8/f15b966489eb960976c74/1535831278_1535831064_pzyq79_att-url-download.jpg","meta":{"service":"Youtube","duration":"470.96"},"duration":470.96,"raw_video_id":12301419,"has_embed":true}],"remixed_from_coubs":[{"id":27938247,"title":"When you a pro gamer","url":"https://coub.com/coubs/1deoi0/remix","image":"https://coub-anubis-a.akamaized.net/coub_storage/media_block/cw_image/78a29910f25/e86a7f509b6c874dd7444/1535489104_1535489092_00029.jpg","image_retina":"https://coub-anubis-a.akamaized.net/coub_storage/media_block/cw_image/78a29910f25/e86a7f509b6c874dd7444/1535489104_1535489092_00029.jpg","meta":{"duration":"9.16"},"duration":null,"coub_channel_title":"Nevermore","coub_channel_permalink":"nevermore64","coub_views_count":1296173,"coub_permalink":"1deoi0"}],"external_video":{"id":27996864,"title":"Guitar Zero - Through the Fire and Flames - Expert 100% FC - HD","url":"https://www.youtube.com/watch?v=O5CthPJU2N0","image":"https://coub-anubis-a.akamaized.net/coub_storage/media_block/cw_image/27fd45fb6b8/f15b966489eb960976c74/1535831278_1535831064_pzyq79_att-url-download.jpg","image_retina":"https://coub-anubis-a.akamaized.net/coub_storage/media_block/cw_image/27fd45fb6b8/f15b966489eb960976c74/1535831278_1535831064_pzyq79_att-url-download.jpg","meta":{"service":"Youtube","duration":"470.96"},"duration":470.96,"raw_video_id":12301419,"has_embed":true}},"raw_video_thumbnail_url":"/missing/missing.png","raw_video_title":"Guitar Zero - Through the Fire and Flames - Expert 100% FC - HD","video_block_banned":false,"duration":8.68,"promo_winner":false,"promo_winner_recoubers":null,"editorial_info":{},"promo_hint":null,"beeline_best_2014":null,"from_web_editor":true,"normalize_sound":true,"normalize_change_allowed":true,"best2015_addable":false,"ahmad_promo":null,"promo_data":null,"audio_copyright_claim":null,"ads_disabled":false,"is_safe_for_ads":true,"megafon_contents":[],"position_on_page":2},{"flag":null,"abuses":null,"recoubs_by_users_channels":null,"favourite":false,"promoted_id":null,"recoub":null,"like":null,"dislike":null,"reaction":null,"in_my_best2015":false,"id":16513985,"type":"Coub::Simple","permalink":"9dsyx","title":"Life is strange","visibility_type":"public","original_visibility_type":"public","channel_id":1598114,"created_at":"2015-11-25T00:40:37Z","updated_at":"2022-03-09T10:49:39Z","is_done":true,"views_count":167598,"cotd":true,"cotd_at":"2015-11-26","visible_on_explore_root":true,"visible_on_explore":true,"featured":true,"published":true,"published_at":"2015-11-25T00:40:37Z","reversed":false,"from_editor_v2":true,"is_editable":true,"original_sound":false,"has_sound":false,"recoub_to":null,"file_versions":{"html5":{"video":{"higher":{"url":"https://coub-anubis-a.akamaized.net/coub_storage/coub/simple/cw_file/d98c2eb1376/2c2b62bc748cbc7026591/muted_mp4_huge_size_1567825259_muted_huge.mp4","size":2689057},"high":{"url":"https://coub-anubis-a.akamaized.net/coub_storage/coub/simple/cw_file/d98c2eb1376/2c2b62bc748cbc7026591/muted_mp4_big_size_1567825259_muted_big.mp4","size":1961646},"med":{"url":"https://coub-anubis-a.akamaized.net/coub_storage/coub/simple/cw_file/d98c2eb1376/2c2b62bc748cbc7026591/muted_mp4_med_size_1567825259_muted_med.mp4","size":621033}},"audio":{"high":{"url":"https://coub-anubis-a.akamaized.net/coub_storage/coub/simple/cw_looped_audio_high/6c35627ff48/03e32fa5026ae89f4aa01/1605465659_high_1448412140_high.mp3","size":5065664},"med":{"url":"https://coub-anubis-a.akamaized.net/coub_storage/coub/simple/cw_looped_audio_med/1611ef084f4/b19820727aae0f565ef66/1605465658_med_1448412140_med.mp3","size":3377109}}},"mobile":{"video":"https://coub-anubis-a.akamaized.net/coub_storage/coub/simple/cw_file/d98c2eb1376/2c2b62bc748cbc7026591/muted_mp4_med_size_1567825259_muted_med.mp4","audio":["https://coub-anubis-a.akamaized.net/coub_storage/coub/simple/cw_looped_audio_med/1611ef084f4/b19820727aae0f565ef66/1605465658_med_1448412140_med.mp3"]},"share":{"default":"https://coub-anubis-a.akamaized.net/coub_storage/coub/simple/cw_video_for_sharing/e86ba1cb1f9/fc5bc59ebc5710d8587db/1608496081_looped_1608496080.mp4"}},"audio_versions":{"template":"https://coub-anubis-a.akamaized.net/coub_storage/audio_track/cw_file/2e58114edbe/9183e62068367fa5c9579/mid_1471255671_audio.mp3","versions":["mid","low"]},"image_versions":{"template":"https://coub-anubis-a.akamaized.net/coub_storage/coub/simple/cw_image/935cbc4084b/590c695544056c4d833ad/1448412189_00032.jpg","versions":["micro","tiny","age_restricted","ios_large","ios_mosaic","big","med","small","pinterest"]},"first_frame_versions":{"template":"https://coub-anubis-a.akamaized.net/coub_storage/coub/simple/cw_timeline_pic/816a637a463/39b4a3adc5a2a7b8292f4/%{version}_1448412188_image.jpg","versions":["big","med","small","ios_large"]},"dimensions":{"big":[1280,720],"med":[640,360]},"site_w_h":[640,360],"page_w_h":[640,360],"site_w_h_small":[310,174],"size":[1280,720],"age_restricted":false,"age_restricted_by_admin":false,"not_safe_for_work":false,"allow_reuse":false,"dont_crop":false,"banned":false,"global_safe":true,"audio_file_url":"https://coub-anubis-a.akamaized.net/coub_storage/audio_track/cw_file/2e58114edbe/9183e62068367fa5c9579/low_1471255671_audio.mp3","external_download":{"type":"Youtube","service_name":"YouTube","url":"http://youtu.be/yQU79WiSf34","has_embed":true},"application":null,"channel":{"id":1598114,"permalink":"moustachee","title":"Moustache","description":null,"followers_count":1031,"following_count":0,"avatar_versions":{"template":"https://coub-anubis-a.akamaized.net/coub_storage/channel/cw_avatar/d2b0b28b6f1/b7e2607967423ad681fa0/%{version}_1626262949_1e216ba609111d3ff2b0cc979acf1bb1.jpg","versions":["medium","medium_2x","profile_pic","profile_pic_new","profile_pic_new_2x","tiny","tiny_2x","small","small_2x","ios_large","ios_small"]}},"file":null,"picture":"https://coub-anubis-a.akamaized.net/coub_storage/coub/simple/cw_image/935cbc4084b/590c695544056c4d833ad/1448412189_00032.jpg","timeline_picture":"https://coub-anubis-a.akamaized.net/coub_storage/coub/simple/cw_timeline_pic/816a637a463/39b4a3adc5a2a7b8292f4/ios_large_1448412188_image.jpg","small_picture":"https://coub-anubis-a.akamaized.net/coub_storage/coub/simple/cw_image/935cbc4084b/590c695544056c4d833ad/1448412189_00032.jpg","sharing_picture":null,"percent_done":100,"tags":[{"id":125097,"title":"white flag","value":"white%20flag"},{"id":1993,"title":"dido","value":"dido"},{"id":50252,"title":"road trip","value":"road%20trip"},{"id":13417,"title":"bus","value":"bus"},{"id":485978,"title":"life is strange","value":"life%20is%20strange"}],"categories":[{"id":17,"title":"Gaming","permalink":"gaming","subscriptions_count":10089456,"big_image_url":"https://coub-anubis-a.akamaized.net/coub_storage/category/cw_image/49fb773a80c/efee899b14f85527ed209/big_1544749693_gaming2.png","small_image_url":"https://coub-anubis-a.akamaized.net/coub_storage/category/cw_image/49fb773a80c/efee899b14f85527ed209/small_1544749693_gaming2.png","med_image_url":"https://coub-anubis-a.akamaized.net/coub_storage/category/cw_image/49fb773a80c/efee899b14f85527ed209/med_1544749693_gaming2.png","visible":true}],"communities":[{"id":17,"title":"Gaming","permalink":"gaming","subscriptions_count":10089456,"big_image_url":"https://coub-anubis-a.akamaized.net/coub_storage/category/cw_image/49fb773a80c/efee899b14f85527ed209/big_1544749693_gaming2.png","small_image_url":"https://coub-anubis-a.akamaized.net/coub_storage/category/cw_image/49fb773a80c/efee899b14f85527ed209/small_1544749693_gaming2.png","med_image_url":"https://coub-anubis-a.akamaized.net/coub_storage/category/cw_image/49fb773a80c/efee899b14f85527ed209/med_1544749693_gaming2.png","i_subscribed":true,"community_notifications_enabled":null,"description":null}],"recoubs_count":828,"remixes_count":12,"likes_count":3849,"dislikes_count":0,"raw_video_id":1886981,"uploaded_by_ios_app":false,"uploaded_by_android_app":false,"media_blocks":{"uploaded_raw_videos":[],"external_raw_videos":[{"id":12197384,"title":"On the Bus - Life is Strange - Episode 2","url":"http://www.youtube.com/watch?v=yQU79WiSf34","image":"https://coub-anubis-a.akamaized.net/coub_storage/media_block/cw_image/6912e84159a/1e033422375ab4f53d3fb/1492545826_1448135047_1031mjm_att-url-download.jpg","image_retina":"https://coub-anubis-a.akamaized.net/coub_storage/media_block/cw_image/6912e84159a/1e033422375ab4f53d3fb/1492545826_1448135047_1031mjm_att-url-download.jpg","meta":{"service":"Youtube","duration":"66.68"},"duration":66.68,"raw_video_id":1886981,"has_embed":true}],"remixed_from_coubs":[],"external_video":{"id":12197384,"title":"On the Bus - Life is Strange - Episode 2","url":"http://www.youtube.com/watch?v=yQU79WiSf34","image":"https://coub-anubis-a.akamaized.net/coub_storage/media_block/cw_image/6912e84159a/1e033422375ab4f53d3fb/1492545826_1448135047_1031mjm_att-url-download.jpg","image_retina":"https://coub-anubis-a.akamaized.net/coub_storage/media_block/cw_image/6912e84159a/1e033422375ab4f53d3fb/1492545826_1448135047_1031mjm_att-url-download.jpg","meta":{"service":"Youtube","duration":"66.68"},"duration":66.68,"raw_video_id":1886981,"has_embed":true}},"raw_video_thumbnail_url":"/missing/missing.png","raw_video_title":"On the Bus - Life is Strange - Episode 2","video_block_banned":false,"duration":10.0,"promo_winner":false,"promo_winner_recoubers":null,"editorial_info":{},"promo_hint":null,"beeline_best_2014":null,"from_web_editor":true,"normalize_sound":false,"normalize_change_allowed":true,"best2015_addable":false,"ahmad_promo":null,"promo_data":null,"audio_copyright_claim":null,"ads_disabled":null,"is_safe_for_ads":true,"megafon_contents":[],"position_on_page":3},{"flag":null,"abuses":null,"recoubs_by_users_channels":null,"favourite":false,"promoted_id":null,"recoub":null,"like":null,"dislike":null,"reaction":null,"in_my_best2015":false,"id":92854673,"type":"Coub::Simple","permalink":"1ivkc9","title":"oh fuck ","visibility_type":"public","original_visibility_type":"public","channel_id":1165838,"created_at":"2018-11-29T19:13:05Z","updated_at":"2022-03-09T00:37:31Z","is_done":true,"views_count":249170,"cotd":null,"cotd_at":null,"visible_on_explore_root":false,"visible_on_explore":false,"featured":false,"published":true,"published_at":"2018-11-29T19:13:05Z","reversed":false,"from_editor_v2":true,"is_editable":true,"original_sound":true,"has_sound":true,"recoub_to":null,"file_versions":{"html5":{"video":{"higher":{"url":"https://coub-anubis-a.akamaized.net/coub_storage/coub/simple/cw_file/9f6cbed80db/623a8cad88af1eb09fcd7/muted_mp4_huge_size_1570534181_muted_huge.mp4","size":1992927},"high":{"url":"https://coub-anubis-a.akamaized.net/coub_storage/coub/simple/cw_file/9f6cbed80db/623a8cad88af1eb09fcd7/muted_mp4_big_size_1570534181_muted_big.mp4","size":1405543},"med":{"url":"https://coub-anubis-a.akamaized.net/coub_storage/coub/simple/cw_file/9f6cbed80db/623a8cad88af1eb09fcd7/muted_mp4_med_size_1570534181_muted_med.mp4","size":446154}},"audio":{"high":{"url":"https://coub-anubis-a.akamaized.net/coub_storage/coub/simple/cw_looped_audio_high/87215e31fea/32e92feb19f4ef9e58ca5/1605658778_high_1543518792_high.mp3","size":1162864},"med":{"url":"https://coub-anubis-a.akamaized.net/coub_storage/coub/simple/cw_looped_audio_med/894db646bef/1c4e04b29e935eda1ad2a/1605658778_med_1543518792_med.mp3","size":898636},"sample_duration":8.057}},"mobile":{"video":"https://coub-anubis-a.akamaized.net/coub_storage/coub/simple/cw_file/9f6cbed80db/623a8cad88af1eb09fcd7/muted_mp4_med_size_1570534181_muted_med.mp4","audio":["https://coub-anubis-a.akamaized.net/coub_storage/coub/simple/cw_looped_audio_med/894db646bef/1c4e04b29e935eda1ad2a/1605658778_med_1543518792_med.mp3"]},"share":{"default":"https://coub-anubis-a.akamaized.net/coub_storage/coub/simple/cw_video_for_sharing/8ac9eb8396d/7ddbf4bd7d42fd97c6f77/1610187739_looped_1610187739.mp4"}},"audio_versions":{},"image_versions":{"template":"https://coub-anubis-a.akamaized.net/coub_storage/coub/simple/cw_image/62b8609039b/a7da4bd187919942eced6/1543518799_00026.jpg","versions":["micro","tiny","age_restricted","ios_large","ios_mosaic","big","med","small","pinterest"]},"first_frame_versions":{"template":"https://coub-anubis-a.akamaized.net/coub_storage/coub/simple/cw_timeline_pic/1f93c4f70d6/b4178a768d6eba6209e2e/%{version}_1543518798_image.jpg","versions":["big","med","small","ios_large"]},"dimensions":{"big":[1280,720],"med":[640,360]},"site_w_h":[640,360],"page_w_h":[640,360],"site_w_h_small":[310,174],"size":[1280,720],"age_restricted":false,"age_restricted_by_admin":false,"not_safe_for_work":false,"allow_reuse":false,"dont_crop":false,"banned":false,"global_safe":true,"audio_file_url":null,"external_download":{"type":"Twitter","service_name":"Twitter","url":"https://twitter.com/llamam00n/status/1067963858470490114","has_embed":false},"application":null,"channel":{"id":1165838,"permalink":"chizhelo","title":"Oleg Chizhov","description":null,"followers_count":137,"following_count":31,"avatar_versions":{"template":"https://coub-anubis-a.akamaized.net/coub_storage/channel/cw_avatar/046fb006955/0e9ada4861e69896a820b/%{version}_1608721167_18dx8dc_1474550179_hjom1r_att-url-download.jpg","versions":["medium","medium_2x","profile_pic","profile_pic_new","profile_pic_new_2x","tiny","tiny_2x","small","small_2x","ios_large","ios_small"]}},"file":null,"picture":"https://coub-anubis-a.akamaized.net/coub_storage/coub/simple/cw_image/62b8609039b/a7da4bd187919942eced6/1543518799_00026.jpg","timeline_picture":"https://coub-anubis-a.akamaized.net/coub_storage/coub/simple/cw_timeline_pic/1f93c4f70d6/b4178a768d6eba6209e2e/ios_large_1543518798_image.jpg","small_picture":"https://coub-anubis-a.akamaized.net/coub_storage/coub/simple/cw_image/62b8609039b/a7da4bd187919942eced6/1543518799_00026.jpg","sharing_picture":null,"percent_done":100,"tags":[{"id":2011602,"title":"rdr2","value":"rdr2"},{"id":228781,"title":"red dead redemption","value":"red%20dead%20redemption"},{"id":700230,"title":"red dead redemption 2","value":"red%20dead%20redemption%202"},{"id":4222990,"title":"рдр2","value":"%D1%80%D0%B4%D1%802"},{"id":4392930,"title":"red dead redemption 2 online","value":"red%20dead%20redemption%202%20online"}],"categories":[{"id":17,"title":"Gaming","permalink":"gaming","subscriptions_count":10089456,"big_image_url":"https://coub-anubis-a.akamaized.net/coub_storage/category/cw_image/49fb773a80c/efee899b14f85527ed209/big_1544749693_gaming2.png","small_image_url":"https://coub-anubis-a.akamaized.net/coub_storage/category/cw_image/49fb773a80c/efee899b14f85527ed209/small_1544749693_gaming2.png","med_image_url":"https://coub-anubis-a.akamaized.net/coub_storage/category/cw_image/49fb773a80c/efee899b14f85527ed209/med_1544749693_gaming2.png","visible":true}],"communities":[{"id":17,"title":"Gaming","permalink":"gaming","subscriptions_count":10089456,"big_image_url":"https://coub-anubis-a.akamaized.net/coub_storage/category/cw_image/49fb773a80c/efee899b14f85527ed209/big_1544749693_gaming2.png","small_image_url":"https://coub-anubis-a.akamaized.net/coub_storage/category/cw_image/49fb773a80c/efee899b14f85527ed209/small_1544749693_gaming2.png","med_image_url":"https://coub-anubis-a.akamaized.net/coub_storage/category/cw_image/49fb773a80c/efee899b14f85527ed209/med_1544749693_gaming2.png","i_subscribed":true,"community_notifications_enabled":null,"description":null}],"recoubs_count":777,"remixes_count":0,"likes_count":3843,"dislikes_count":0,"raw_video_id":12781725,"uploaded_by_ios_app":false,"uploaded_by_android_app":false,"media_blocks":{"uploaded_raw_videos":[],"external_raw_videos":[{"id":29318217,"title":"“oh fuck https://t.co/BLRrvgc6QU”","url":"https://twitter.com/llamam00n/status/1067963858470490114","image":"https://coub-anubis-a.akamaized.net/coub_storage/media_block/cw_image/d2a4a8af1cb/53221a4d94e194a86870a/1543518707_svp3sg_1543518702_1sw2bg6_att-url-download.jpg","image_retina":"https://coub-anubis-a.akamaized.net/coub_storage/media_block/cw_image/d2a4a8af1cb/53221a4d94e194a86870a/1543518707_svp3sg_1543518702_1sw2bg6_att-url-download.jpg","meta":{"service":"Twitter","duration":"8.04"},"duration":8.04,"raw_video_id":12781725,"has_embed":false}],"remixed_from_coubs":[],"external_video":{"id":29318217,"title":"“oh fuck https://t.co/BLRrvgc6QU”","url":"https://twitter.com/llamam00n/status/1067963858470490114","image":"https://coub-anubis-a.akamaized.net/coub_storage/media_block/cw_image/d2a4a8af1cb/53221a4d94e194a86870a/1543518707_svp3sg_1543518702_1sw2bg6_att-url-download.jpg","image_retina":"https://coub-anubis-a.akamaized.net/coub_storage/media_block/cw_image/d2a4a8af1cb/53221a4d94e194a86870a/1543518707_svp3sg_1543518702_1sw2bg6_att-url-download.jpg","meta":{"service":"Twitter","duration":"8.04"},"duration":8.04,"raw_video_id":12781725,"has_embed":false}},"raw_video_thumbnail_url":"/missing/missing.png","raw_video_title":"“oh fuck https://t.co/BLRrvgc6QU”","video_block_banned":false,"duration":8.04,"promo_winner":false,"promo_winner_recoubers":null,"editorial_info":{},"promo_hint":null,"beeline_best_2014":null,"from_web_editor":true,"normalize_sound":true,"normalize_change_allowed":true,"best2015_addable":false,"ahmad_promo":null,"promo_data":null,"audio_copyright_claim":null,"ads_disabled":false,"is_safe_for_ads":true,"megafon_contents":[],"position_on_page":4},{"flag":null,"abuses":null,"recoubs_by_users_channels":null,"favourite":false,"promoted_id":null,"recoub":null,"like":null,"dislike":null,"reaction":null,"in_my_best2015":false,"id":159264911,"type":"Coub::Simple","permalink":"2mh4eb","title":" Dragon's fire","visibility_type":"public","original_visibility_type":"public","channel_id":2096542,"created_at":"2020-12-06T08:10:19Z","updated_at":"2022-03-16T04:47:21Z","is_done":true,"views_count":238561,"cotd":null,"cotd_at":null,"visible_on_explore_root":false,"visible_on_explore":false,"featured":false,"published":true,"published_at":"2020-12-06T08:10:19Z","reversed":false,"from_editor_v2":true,"is_editable":true,"original_sound":false,"has_sound":false,"recoub_to":null,"file_versions":{"html5":{"video":{"higher":{"url":"https://coub-anubis-a.akamaized.net/coub_storage/coub/simple/cw_file/9d80d86a4f7/134347861fd6fb7bc2dbf/muted_mp4_huge_size_1607242222_muted_huge.mp4","size":3126038},"high":{"url":"https://coub-anubis-a.akamaized.net/coub_storage/coub/simple/cw_file/9d80d86a4f7/134347861fd6fb7bc2dbf/muted_mp4_big_size_1607242222_muted_big.mp4","size":1867058},"med":{"url":"https://coub-anubis-a.akamaized.net/coub_storage/coub/simple/cw_file/9d80d86a4f7/134347861fd6fb7bc2dbf/muted_mp4_med_size_1607242222_muted_med.mp4","size":589290}},"audio":{"high":{"url":"https://coub-anubis-a.akamaized.net/coub_storage/coub/simple/cw_looped_audio_high/ee05947841f/495775007b18aa98b343d/1607242256_mp3-high.mp3","size":3395652},"med":{"url":"https://coub-anubis-a.akamaized.net/coub_storage/coub/simple/cw_looped_audio_med/a63a872b5d7/493f5999933f2d2f1464d/1607242254_mp3-med.mp3","size":2425272}}},"mobile":{"video":"https://coub-anubis-a.akamaized.net/coub_storage/coub/simple/cw_file/9d80d86a4f7/134347861fd6fb7bc2dbf/muted_mp4_med_size_1607242222_muted_med.mp4","audio":["https://coub-anubis-a.akamaized.net/coub_storage/coub/simple/cw_looped_audio_med/a63a872b5d7/493f5999933f2d2f1464d/1607242254_mp3-med.mp3"]},"share":{"default":"https://coub-anubis-a.akamaized.net/coub_storage/coub/simple/cw_video_for_sharing/3e67f2b8689/2f0d4001b066688b74f85/1607242304_looped_1607242303.mp4"}},"audio_versions":{"template":"https://coub-anubis-a.akamaized.net/coub_storage/audio_track/cw_normalized_copy/7b0cf8b37e7/80fe0792f7820c369699c/mid_1607242242_normalized_1607242226_1dayl1w_edited.mp3","versions":["mid","low"]},"image_versions":{"template":"https://coub-anubis-a.akamaized.net/coub_storage/coub/simple/cw_image/610b4dae7fd/9e339515976680eb31c1c/%{version}_1607242263_00027.jpg","versions":["micro","tiny","age_restricted","ios_large","ios_mosaic","big","med","small","pinterest"]},"first_frame_versions":{"template":"https://coub-anubis-a.akamaized.net/coub_storage/coub/simple/cw_timeline_pic/6c99ddc70b1/17b197a769984defdacb5/%{version}_1607242262_image.jpg","versions":["big","med","small","ios_large"]},"dimensions":{"big":[1280,720],"med":[640,360]},"site_w_h":[640,360],"page_w_h":[640,360],"site_w_h_small":[310,174],"size":[1280,720],"age_restricted":false,"age_restricted_by_admin":false,"not_safe_for_work":false,"allow_reuse":false,"dont_crop":true,"banned":false,"global_safe":true,"audio_file_url":"https://coub-anubis-a.akamaized.net/coub_storage/audio_track/cw_normalized_copy/7b0cf8b37e7/80fe0792f7820c369699c/low_1607242242_normalized_1607242226_1dayl1w_edited.mp3","external_download":false,"application":null,"channel":{"id":2096542,"permalink":"sergei.kolov85","title":"Sergei Kolov","description":null,"followers_count":44,"following_count":11,"avatar_versions":{"template":"https://coub-anubis-a.akamaized.net/coub_storage/channel/cw_avatar/3100e6f7ff8/82655a59f76bb41000e37/%{version}_1607419484_1ezi2xp_1474653856_1c8eion_196179624.jpg","versions":["medium","medium_2x","profile_pic","profile_pic_new","profile_pic_new_2x","tiny","tiny_2x","small","small_2x","ios_large","ios_small"]}},"file":null,"picture":"https://coub-anubis-a.akamaized.net/coub_storage/coub/simple/cw_image/610b4dae7fd/9e339515976680eb31c1c/med_1607242263_00027.jpg","timeline_picture":"https://coub-anubis-a.akamaized.net/coub_storage/coub/simple/cw_timeline_pic/6c99ddc70b1/17b197a769984defdacb5/ios_large_1607242262_image.jpg","small_picture":"https://coub-anubis-a.akamaized.net/coub_storage/coub/simple/cw_image/610b4dae7fd/9e339515976680eb31c1c/ios_mosaic_1607242263_00027.jpg","sharing_picture":null,"percent_done":100,"tags":[],"categories":[{"id":17,"title":"Gaming","permalink":"gaming","subscriptions_count":10089456,"big_image_url":"https://coub-anubis-a.akamaized.net/coub_storage/category/cw_image/49fb773a80c/efee899b14f85527ed209/big_1544749693_gaming2.png","small_image_url":"https://coub-anubis-a.akamaized.net/coub_storage/category/cw_image/49fb773a80c/efee899b14f85527ed209/small_1544749693_gaming2.png","med_image_url":"https://coub-anubis-a.akamaized.net/coub_storage/category/cw_image/49fb773a80c/efee899b14f85527ed209/med_1544749693_gaming2.png","visible":true}],"communities":[{"id":17,"title":"Gaming","permalink":"gaming","subscriptions_count":10089456,"big_image_url":"https://coub-anubis-a.akamaized.net/coub_storage/category/cw_image/49fb773a80c/efee899b14f85527ed209/big_1544749693_gaming2.png","small_image_url":"https://coub-anubis-a.akamaized.net/coub_storage/category/cw_image/49fb773a80c/efee899b14f85527ed209/small_1544749693_gaming2.png","med_image_url":"https://coub-anubis-a.akamaized.net/coub_storage/category/cw_image/49fb773a80c/efee899b14f85527ed209/med_1544749693_gaming2.png","i_subscribed":true,"community_notifications_enabled":null,"description":null}],"recoubs_count":767,"remixes_count":11,"likes_count":3841,"dislikes_count":0,"raw_video_id":"","uploaded_by_ios_app":false,"uploaded_by_android_app":false,"media_blocks":{"uploaded_raw_videos":[],"external_raw_videos":[],"remixed_from_coubs":[{"id":37583986,"title":"Demon souls Dragon's fire","url":"https://coub.com/coubs/2madyi/remix","image":"https://coub-anubis-a.akamaized.net/coub_storage/media_block/cw_image/a43482e239f/2de01321c39e372034f33/video_1606826768_15yxmyr_1606826726_00027.jpg","image_retina":"https://coub-anubis-a.akamaized.net/coub_storage/media_block/cw_image/a43482e239f/2de01321c39e372034f33/video_retina_1606826768_15yxmyr_1606826726_00027.jpg","meta":{"duration":"8.44"},"duration":null,"coub_channel_title":"Maxim Makin","coub_channel_permalink":"maksim.makin","coub_views_count":216951,"coub_permalink":"2madyi"}]},"raw_video_thumbnail_url":"","raw_video_title":"","video_block_banned":false,"duration":8.44,"promo_winner":false,"promo_winner_recoubers":null,"editorial_info":{},"promo_hint":null,"beeline_best_2014":null,"from_web_editor":true,"normalize_sound":true,"normalize_change_allowed":true,"best2015_addable":false,"ahmad_promo":null,"promo_data":null,"audio_copyright_claim":null,"ads_disabled":false,"is_safe_for_ads":true,"megafon_contents":[],"position_on_page":5},{"flag":null,"abuses":null,"recoubs_by_users_channels":null,"favourite":false,"promoted_id":null,"recoub":null,"like":null,"dislike":null,"reaction":null,"in_my_best2015":false,"id":159738727,"type":"Coub::Simple","permalink":"2mr9zx","title":"Капитан","visibility_type":"public","original_visibility_type":"public","channel_id":3828275,"created_at":"2020-12-13T20:25:37Z","updated_at":"2022-03-15T20:44:53Z","is_done":true,"views_count":168590,"cotd":null,"cotd_at":null,"visible_on_explore_root":false,"visible_on_explore":false,"featured":false,"published":true,"published_at":"2020-12-13T20:25:37Z","reversed":false,"from_editor_v2":true,"is_editable":true,"original_sound":true,"has_sound":true,"recoub_to":null,"file_versions":{"html5":{"video":{"higher":{"url":"https://coub-anubis-a.akamaized.net/coub_storage/coub/simple/cw_file/deecf86190c/d53d08adc44def6d4b6ee/muted_mp4_huge_size_1607891338_muted_huge.mp4","size":4579085},"high":{"url":"https://coub-anubis-a.akamaized.net/coub_storage/coub/simple/cw_file/deecf86190c/d53d08adc44def6d4b6ee/muted_mp4_big_size_1607891338_muted_big.mp4","size":3158450},"med":{"url":"https://coub-anubis-a.akamaized.net/coub_storage/coub/simple/cw_file/deecf86190c/d53d08adc44def6d4b6ee/muted_mp4_med_size_1607891338_muted_med.mp4","size":843662}},"audio":{"high":{"url":"https://coub-anubis-a.akamaized.net/coub_storage/coub/simple/cw_looped_audio_high/6bc1b6baddc/45d41fe0d9a72e8ebc3ce/1607891341_mp3-high.mp3","size":1109603},"med":{"url":"https://coub-anubis-a.akamaized.net/coub_storage/coub/simple/cw_looped_audio_med/b23f9c90726/213e050a96fefd1e6c838/1607891340_mp3-med.mp3","size":896133},"sample_duration":7.012}},"mobile":{"video":"https://coub-anubis-a.akamaized.net/coub_storage/coub/simple/cw_file/deecf86190c/d53d08adc44def6d4b6ee/muted_mp4_med_size_1607891338_muted_med.mp4","audio":["https://coub-anubis-a.akamaized.net/coub_storage/coub/simple/cw_looped_audio_med/b23f9c90726/213e050a96fefd1e6c838/1607891340_mp3-med.mp3"]},"share":{"default":"https://coub-anubis-a.akamaized.net/coub_storage/coub/simple/cw_video_for_sharing/b1cbe777c27/f85be310accf8c00d0236/1607891385_looped_1607891384.mp4"}},"audio_versions":{},"image_versions":{"template":"https://coub-anubis-a.akamaized.net/coub_storage/coub/simple/cw_image/1eb5d2d8bb7/65937621197427cac6f92/%{version}_1607891348_00022.jpg","versions":["micro","tiny","age_restricted","ios_large","ios_mosaic","big","med","small","pinterest"]},"first_frame_versions":{"template":"https://coub-anubis-a.akamaized.net/coub_storage/coub/simple/cw_timeline_pic/c455b340984/830afb6b4ecdef221a134/%{version}_1607891347_image.jpg","versions":["big","med","small","ios_large"]},"dimensions":{"big":[1280,720],"med":[640,360]},"site_w_h":[640,360],"page_w_h":[640,360],"site_w_h_small":[310,174],"size":[1280,720],"age_restricted":false,"age_restricted_by_admin":false,"not_safe_for_work":false,"allow_reuse":false,"dont_crop":true,"banned":false,"global_safe":false,"audio_file_url":null,"external_download":{"type":"Youtube","service_name":"YouTube","url":"https://www.youtube.com/watch?v=zPnxbiPqrNg&ab_channel=AzazinKreet","has_embed":true},"application":null,"channel":{"id":3828275,"permalink":"retcik-crown","title":"Retcik Crown","description":null,"followers_count":19,"following_count":11,"avatar_versions":{"template":"https://coub-anubis-a.akamaized.net/coub_storage/channel/cw_avatar/9063e27a197/b81b17f19cebf4caf0e7e/%{version}_1609397495_8pa6ql_1506873732_1bii2jw_63843517.jpg","versions":["medium","medium_2x","profile_pic","profile_pic_new","profile_pic_new_2x","tiny","tiny_2x","small","small_2x","ios_large","ios_small"]}},"file":null,"picture":"https://coub-anubis-a.akamaized.net/coub_storage/coub/simple/cw_image/1eb5d2d8bb7/65937621197427cac6f92/med_1607891348_00022.jpg","timeline_picture":"https://coub-anubis-a.akamaized.net/coub_storage/coub/simple/cw_timeline_pic/c455b340984/830afb6b4ecdef221a134/ios_large_1607891347_image.jpg","small_picture":"https://coub-anubis-a.akamaized.net/coub_storage/coub/simple/cw_image/1eb5d2d8bb7/65937621197427cac6f92/ios_mosaic_1607891348_00022.jpg","sharing_picture":null,"percent_done":100,"tags":[{"id":271191,"title":"азазин","value":"%D0%B0%D0%B7%D0%B0%D0%B7%D0%B8%D0%BD"},{"id":271192,"title":"крит","value":"%D0%BA%D1%80%D0%B8%D1%82"},{"id":270439,"title":"azazin","value":"azazin"},{"id":281157,"title":"kreet","value":"kreet"},{"id":17110,"title":"танки","value":"%D1%82%D0%B0%D0%BD%D0%BA%D0%B8"},{"id":4835115,"title":"общение с танкистами","value":"%D0%BE%D0%B1%D1%89%D0%B5%D0%BD%D0%B8%D0%B5%20%D1%81%20%D1%82%D0%B0%D0%BD%D0%BA%D0%B8%D1%81%D1%82%D0%B0%D0%BC%D0%B8"},{"id":11544,"title":"вот","value":"%D0%B2%D0%BE%D1%82"},{"id":1326,"title":"wot","value":"wot"},{"id":7013,"title":"world of tanks","value":"world%20of%20tanks"}],"categories":[{"id":17,"title":"Gaming","permalink":"gaming","subscriptions_count":10089456,"big_image_url":"https://coub-anubis-a.akamaized.net/coub_storage/category/cw_image/49fb773a80c/efee899b14f85527ed209/big_1544749693_gaming2.png","small_image_url":"https://coub-anubis-a.akamaized.net/coub_storage/category/cw_image/49fb773a80c/efee899b14f85527ed209/small_1544749693_gaming2.png","med_image_url":"https://coub-anubis-a.akamaized.net/coub_storage/category/cw_image/49fb773a80c/efee899b14f85527ed209/med_1544749693_gaming2.png","visible":true}],"communities":[{"id":17,"title":"Gaming","permalink":"gaming","subscriptions_count":10089456,"big_image_url":"https://coub-anubis-a.akamaized.net/coub_storage/category/cw_image/49fb773a80c/efee899b14f85527ed209/big_1544749693_gaming2.png","small_image_url":"https://coub-anubis-a.akamaized.net/coub_storage/category/cw_image/49fb773a80c/efee899b14f85527ed209/small_1544749693_gaming2.png","med_image_url":"https://coub-anubis-a.akamaized.net/coub_storage/category/cw_image/49fb773a80c/efee899b14f85527ed209/med_1544749693_gaming2.png","i_subscribed":true,"community_notifications_enabled":null,"description":null}],"recoubs_count":719,"remixes_count":1,"likes_count":3840,"dislikes_count":0,"raw_video_id":15965879,"uploaded_by_ios_app":false,"uploaded_by_android_app":false,"media_blocks":{"uploaded_raw_videos":[],"external_raw_videos":[{"id":37677154,"title":"Новогодние ДИДЫ","url":"https://www.youtube.com/watch?v=zPnxbiPqrNg","image":null,"image_retina":null,"meta":{"service":"Youtube","duration":"679.96"},"duration":679.96,"raw_video_id":15965879,"has_embed":true}],"remixed_from_coubs":[],"external_video":{"id":37677154,"title":"Новогодние ДИДЫ","url":"https://www.youtube.com/watch?v=zPnxbiPqrNg","image":null,"image_retina":null,"meta":{"service":"Youtube","duration":"679.96"},"duration":679.96,"raw_video_id":15965879,"has_embed":true}},"raw_video_thumbnail_url":"/missing/missing.png","raw_video_title":"Новогодние ДИДЫ","video_block_banned":false,"duration":7.0,"promo_winner":false,"promo_winner_recoubers":null,"editorial_info":{},"promo_hint":null,"beeline_best_2014":null,"from_web_editor":true,"normalize_sound":true,"normalize_change_allowed":true,"best2015_addable":false,"ahmad_promo":null,"promo_data":null,"audio_copyright_claim":null,"ads_disabled":false,"is_safe_for_ads":true,"megafon_contents":[],"position_on_page":6},{"flag":null,"abuses":null,"recoubs_by_users_channels":null,"favourite":false,"promoted_id":null,"recoub":null,"like":null,"dislike":null,"reaction":null,"in_my_best2015":false,"id":159794905,"type":"Coub::Simple","permalink":"2mshcg","title":"Всё ебанутое","visibility_type":"public","original_visibility_type":"public","channel_id":289405,"created_at":"2020-12-14T18:53:45Z","updated_at":"2022-03-13T16:58:51Z","is_done":true,"views_count":220891,"cotd":null,"cotd_at":null,"visible_on_explore_root":false,"visible_on_explore":false,"featured":false,"published":true,"published_at":"2020-12-14T18:53:45Z","reversed":false,"from_editor_v2":true,"is_editable":true,"original_sound":true,"has_sound":true,"recoub_to":null,"file_versions":{"html5":{"video":{"higher":{"url":"https://coub-anubis-a.akamaized.net/coub_storage/coub/simple/cw_file/f1164a96a5c/0f6d3d7d250274f4a9858/muted_mp4_huge_size_1607972065_muted_huge.mp4","size":1221659},"high":{"url":"https://coub-anubis-a.akamaized.net/coub_storage/coub/simple/cw_file/f1164a96a5c/0f6d3d7d250274f4a9858/muted_mp4_big_size_1607972065_muted_big.mp4","size":911898},"med":{"url":"https://coub-anubis-a.akamaized.net/coub_storage/coub/simple/cw_file/f1164a96a5c/0f6d3d7d250274f4a9858/muted_mp4_med_size_1607972065_muted_med.mp4","size":217421}},"audio":{"high":{"url":"https://coub-anubis-a.akamaized.net/coub_storage/coub/simple/cw_looped_audio_high/eb07c4cccff/d5c2d4fc4497b37516844/1607972068_mp3-high.mp3","size":991044},"med":{"url":"https://coub-anubis-a.akamaized.net/coub_storage/coub/simple/cw_looped_audio_med/bc38402fec1/e7f8334dfd2a62f9ff1c7/1607972067_mp3-med.mp3","size":825660},"sample_duration":8.615}},"mobile":{"video":"https://coub-anubis-a.akamaized.net/coub_storage/coub/simple/cw_file/f1164a96a5c/0f6d3d7d250274f4a9858/muted_mp4_med_size_1607972065_muted_med.mp4","audio":["https://coub-anubis-a.akamaized.net/coub_storage/coub/simple/cw_looped_audio_med/bc38402fec1/e7f8334dfd2a62f9ff1c7/1607972067_mp3-med.mp3"]},"share":{"default":"https://coub-anubis-a.akamaized.net/coub_storage/coub/simple/cw_video_for_sharing/3fa9b33e4a5/d67b732d133298b261eb2/1607972093_looped_1607972092.mp4"}},"audio_versions":{},"image_versions":{"template":"https://coub-anubis-a.akamaized.net/coub_storage/coub/simple/cw_image/2b23ba515ba/28aac10bea7df0fa09965/%{version}_1607972072_00027.jpg","versions":["micro","tiny","age_restricted","ios_large","ios_mosaic","big","med","small","pinterest"]},"first_frame_versions":{"template":"https://coub-anubis-a.akamaized.net/coub_storage/coub/simple/cw_timeline_pic/762402493d7/38508ae12863b0237939b/%{version}_1607972071_image.jpg","versions":["big","med","small","ios_large"]},"dimensions":{"big":[1280,536],"med":[640,268]},"site_w_h":[640,268],"page_w_h":[640,268],"site_w_h_small":[310,130],"size":[1280,536],"age_restricted":false,"age_restricted_by_admin":false,"not_safe_for_work":false,"allow_reuse":false,"dont_crop":true,"banned":false,"global_safe":false,"audio_file_url":null,"external_download":false,"application":null,"channel":{"id":289405,"permalink":"konstantin-kholostov","title":"Konstantin Kholostov","description":null,"followers_count":6,"following_count":4,"avatar_versions":{"template":"https://coub-anubis-a.akamaized.net/coub_storage/channel/cw_avatar/5524f3217f8/adc3be8a49239266d8e63/%{version}_1474497231_ndbncc_att-url-download.jpg","versions":["medium","medium_2x","profile_pic","profile_pic_new","profile_pic_new_2x","tiny","tiny_2x","small","small_2x","ios_large","ios_small"]}},"file":null,"picture":"https://coub-anubis-a.akamaized.net/coub_storage/coub/simple/cw_image/2b23ba515ba/28aac10bea7df0fa09965/med_1607972072_00027.jpg","timeline_picture":"https://coub-anubis-a.akamaized.net/coub_storage/coub/simple/cw_timeline_pic/762402493d7/38508ae12863b0237939b/ios_large_1607972071_image.jpg","small_picture":"https://coub-anubis-a.akamaized.net/coub_storage/coub/simple/cw_image/2b23ba515ba/28aac10bea7df0fa09965/ios_mosaic_1607972072_00027.jpg","sharing_picture":null,"percent_done":100,"tags":[{"id":33595,"title":"cyberpunk","value":"cyberpunk"},{"id":33596,"title":"cyberpunk 2077","value":"cyberpunk%202077"},{"id":51730,"title":"breathtaking","value":"breathtaking"},{"id":5004683,"title":"johnny silverhand","value":"johnny%20silverhand"},{"id":886512,"title":"kianu reeves","value":"kianu%20reeves"}],"categories":[{"id":17,"title":"Gaming","permalink":"gaming","subscriptions_count":10089456,"big_image_url":"https://coub-anubis-a.akamaized.net/coub_storage/category/cw_image/49fb773a80c/efee899b14f85527ed209/big_1544749693_gaming2.png","small_image_url":"https://coub-anubis-a.akamaized.net/coub_storage/category/cw_image/49fb773a80c/efee899b14f85527ed209/small_1544749693_gaming2.png","med_image_url":"https://coub-anubis-a.akamaized.net/coub_storage/category/cw_image/49fb773a80c/efee899b14f85527ed209/med_1544749693_gaming2.png","visible":true}],"communities":[{"id":17,"title":"Gaming","permalink":"gaming","subscriptions_count":10089456,"big_image_url":"https://coub-anubis-a.akamaized.net/coub_storage/category/cw_image/49fb773a80c/efee899b14f85527ed209/big_1544749693_gaming2.png","small_image_url":"https://coub-anubis-a.akamaized.net/coub_storage/category/cw_image/49fb773a80c/efee899b14f85527ed209/small_1544749693_gaming2.png","med_image_url":"https://coub-anubis-a.akamaized.net/coub_storage/category/cw_image/49fb773a80c/efee899b14f85527ed209/med_1544749693_gaming2.png","i_subscribed":true,"community_notifications_enabled":null,"description":null}],"recoubs_count":768,"remixes_count":3,"likes_count":3838,"dislikes_count":0,"raw_video_id":15970985,"uploaded_by_ios_app":false,"uploaded_by_android_app":false,"media_blocks":{"uploaded_raw_videos":[],"external_raw_videos":[],"remixed_from_coubs":[]},"raw_video_thumbnail_url":"/missing/missing.png","raw_video_title":"Cyberpunk_2077__C__2020_by_CD_Projekt_RED_2020-12-14_19-19-52.mp4","video_block_banned":false,"duration":8.6,"promo_winner":false,"promo_winner_recoubers":null,"editorial_info":{},"promo_hint":null,"beeline_best_2014":null,"from_web_editor":true,"normalize_sound":true,"normalize_change_allowed":true,"best2015_addable":false,"ahmad_promo":null,"promo_data":null,"audio_copyright_claim":null,"ads_disabled":false,"is_safe_for_ads":true,"megafon_contents":[],"position_on_page":7},{"flag":null,"abuses":null,"recoubs_by_users_channels":null,"favourite":false,"promoted_id":null,"recoub":null,"like":null,"dislike":null,"reaction":null,"in_my_best2015":false,"id":105873438,"type":"Coub::Simple","permalink":"1qmlrc","title":"Wake up ,Dante!","visibility_type":"public","original_visibility_type":"public","channel_id":186801,"created_at":"2019-03-18T21:45:24Z","updated_at":"2022-03-16T09:08:45Z","is_done":true,"views_count":295735,"cotd":null,"cotd_at":null,"visible_on_explore_root":true,"visible_on_explore":true,"featured":true,"published":true,"published_at":"2019-03-18T21:45:24Z","reversed":false,"from_editor_v2":true,"is_editable":true,"original_sound":true,"has_sound":true,"recoub_to":null,"file_versions":{"html5":{"video":{"higher":{"url":"https://coub-anubis-a.akamaized.net/coub_storage/coub/simple/cw_file/84025e6803c/9f854945955961ee120a6/muted_mp4_huge_size_1569533945_muted_huge.mp4","size":3583133},"high":{"url":"https://coub-anubis-a.akamaized.net/coub_storage/coub/simple/cw_file/84025e6803c/9f854945955961ee120a6/muted_mp4_big_size_1569533945_muted_big.mp4","size":2620794},"med":{"url":"https://coub-anubis-a.akamaized.net/coub_storage/coub/simple/cw_file/84025e6803c/9f854945955961ee120a6/muted_mp4_med_size_1569533945_muted_med.mp4","size":876498}},"audio":{"high":{"url":"https://coub-anubis-a.akamaized.net/coub_storage/coub/simple/cw_looped_audio_high/4b7c8ec8727/45850bd3920b3f5661296/1605678566_high_1552945537_high.mp3","size":1246113},"med":{"url":"https://coub-anubis-a.akamaized.net/coub_storage/coub/simple/cw_looped_audio_med/4a0dc08859c/5596a0cb110fde053919d/1605678565_med_1552945537_med.mp3","size":947424},"sample_duration":9.891}},"mobile":{"video":"https://coub-anubis-a.akamaized.net/coub_storage/coub/simple/cw_file/84025e6803c/9f854945955961ee120a6/muted_mp4_med_size_1569533945_muted_med.mp4","audio":["https://coub-anubis-a.akamaized.net/coub_storage/coub/simple/cw_looped_audio_med/4a0dc08859c/5596a0cb110fde053919d/1605678565_med_1552945537_med.mp3"]},"share":{"default":"https://coub-anubis-a.akamaized.net/coub_storage/coub/simple/cw_video_for_sharing/b67998cbfa2/524cc52c4dc4be91bcd97/1609519717_looped_1609519713.mp4"}},"audio_versions":{},"image_versions":{"template":"https://coub-anubis-a.akamaized.net/coub_storage/coub/simple/cw_image/2274b99c2a4/94fe229661dcf32d28a13/1552945547_00031.jpg","versions":["micro","tiny","age_restricted","ios_large","ios_mosaic","big","med","small","pinterest"]},"first_frame_versions":{"template":"https://coub-anubis-a.akamaized.net/coub_storage/coub/simple/cw_timeline_pic/5ce41f44058/5fc688131f1d1febff8c2/1552945546_image.jpg","versions":["big","med","small","ios_large"]},"dimensions":{"big":[1280,720],"med":[640,360]},"site_w_h":[640,360],"page_w_h":[640,360],"site_w_h_small":[310,174],"size":[1280,720],"age_restricted":false,"age_restricted_by_admin":false,"not_safe_for_work":false,"allow_reuse":false,"dont_crop":false,"banned":false,"global_safe":true,"audio_file_url":null,"external_download":false,"application":null,"channel":{"id":186801,"permalink":"--niks--","title":"Niks  ☮","description":"Bad","followers_count":24276,"following_count":1,"avatar_versions":{"template":"https://coub-anubis-a.akamaized.net/coub_storage/channel/cw_avatar/b36b46e6af7/003d17c1d3c2cf1fda97d/%{version}_1571262409_1241a727af9a40dc929e7ff051ffbc36-removebg-preview.png","versions":["medium","medium_2x","profile_pic","profile_pic_new","profile_pic_new_2x","tiny","tiny_2x","small","small_2x","ios_large","ios_small"]}},"file":null,"picture":"https://coub-anubis-a.akamaized.net/coub_storage/coub/simple/cw_image/2274b99c2a4/94fe229661dcf32d28a13/1552945547_00031.jpg","timeline_picture":"https://coub-anubis-a.akamaized.net/coub_storage/coub/simple/cw_timeline_pic/5ce41f44058/5fc688131f1d1febff8c2/1552945546_image.jpg","small_picture":"https://coub-anubis-a.akamaized.net/coub_storage/coub/simple/cw_image/2274b99c2a4/94fe229661dcf32d28a13/1552945547_00031.jpg","sharing_picture":null,"percent_done":100,"tags":[{"id":1155535,"title":"detroit become human","value":"detroit%20become%20human"},{"id":547872,"title":"gamingcoub","value":"gamingcoub"},{"id":1140,"title":"game","value":"game"},{"id":251163,"title":"devil may cry 5","value":"devil%20may%20cry%205"},{"id":56052,"title":"dante","value":"dante"},{"id":20535,"title":"conor","value":"conor"},{"id":174,"title":"funny","value":"funny"},{"id":5740,"title":"dream","value":"dream"},{"id":11664,"title":"hank","value":"hank"},{"id":8538,"title":"ps4","value":"ps4"}],"categories":[{"id":17,"title":"Gaming","permalink":"gaming","subscriptions_count":10089456,"big_image_url":"https://coub-anubis-a.akamaized.net/coub_storage/category/cw_image/49fb773a80c/efee899b14f85527ed209/big_1544749693_gaming2.png","small_image_url":"https://coub-anubis-a.akamaized.net/coub_storage/category/cw_image/49fb773a80c/efee899b14f85527ed209/small_1544749693_gaming2.png","med_image_url":"https://coub-anubis-a.akamaized.net/coub_storage/category/cw_image/49fb773a80c/efee899b14f85527ed209/med_1544749693_gaming2.png","visible":true}],"communities":[{"id":17,"title":"Gaming","permalink":"gaming","subscriptions_count":10089456,"big_image_url":"https://coub-anubis-a.akamaized.net/coub_storage/category/cw_image/49fb773a80c/efee899b14f85527ed209/big_1544749693_gaming2.png","small_image_url":"https://coub-anubis-a.akamaized.net/coub_storage/category/cw_image/49fb773a80c/efee899b14f85527ed209/small_1544749693_gaming2.png","med_image_url":"https://coub-anubis-a.akamaized.net/coub_storage/category/cw_image/49fb773a80c/efee899b14f85527ed209/med_1544749693_gaming2.png","i_subscribed":true,"community_notifications_enabled":null,"description":null}],"recoubs_count":625,"remixes_count":3,"likes_count":3837,"dislikes_count":0,"raw_video_id":13399206,"uploaded_by_ios_app":false,"uploaded_by_android_app":false,"media_blocks":{"uploaded_raw_videos":[],"external_raw_videos":[],"remixed_from_coubs":[]},"raw_video_thumbnail_url":"/missing/missing.png","raw_video_title":"777777.mp4","video_block_banned":false,"duration":9.88,"promo_winner":false,"promo_winner_recoubers":null,"editorial_info":{},"promo_hint":null,"beeline_best_2014":null,"from_web_editor":true,"normalize_sound":true,"normalize_change_allowed":true,"best2015_addable":false,"ahmad_promo":null,"promo_data":null,"audio_copyright_claim":null,"ads_disabled":false,"is_safe_for_ads":true,"megafon_contents":[],"position_on_page":8},{"flag":null,"abuses":null,"recoubs_by_users_channels":null,"favourite":false,"promoted_id":null,"recoub":null,"like":null,"dislike":null,"reaction":null,"in_my_best2015":false,"id":54027081,"type":"Coub::Simple","permalink":"vpuic","title":"delete from reality","visibility_type":"public","original_visibility_type":"public","channel_id":1765798,"created_at":"2017-07-08T02:18:20Z","updated_at":"2022-03-16T08:31:23Z","is_done":true,"views_count":281604,"cotd":null,"cotd_at":null,"visible_on_explore_root":true,"visible_on_explore":true,"featured":true,"published":true,"published_at":"2017-07-08T02:18:20Z","reversed":false,"from_editor_v2":true,"is_editable":true,"original_sound":false,"has_sound":false,"recoub_to":null,"file_versions":{"html5":{"video":{"higher":{"url":"https://coub-anubis-a.akamaized.net/coub_storage/coub/simple/cw_file/4ab98d71051/91fc99e10fc3ba0df5772/muted_mp4_huge_size_1568126981_muted_huge.mp4","size":2322940},"high":{"url":"https://coub-anubis-a.akamaized.net/coub_storage/coub/simple/cw_file/4ab98d71051/91fc99e10fc3ba0df5772/muted_mp4_big_size_1568126981_muted_big.mp4","size":1849834},"med":{"url":"https://coub-anubis-a.akamaized.net/coub_storage/coub/simple/cw_file/4ab98d71051/91fc99e10fc3ba0df5772/muted_mp4_med_size_1568126981_muted_med.mp4","size":618229}},"audio":{"high":{"url":"https://coub-anubis-a.akamaized.net/coub_storage/coub/simple/cw_looped_audio_high/a706d7d5ca5/e890c2347118eadc1ecd0/1605609027_high_1499480314_high.mp3","size":994854},"med":{"url":"https://coub-anubis-a.akamaized.net/coub_storage/coub/simple/cw_looped_audio_med/513a99ca6b4/f45b9cc87c56acbb89859/1605609027_med_1499480314_med.mp3","size":714738}}},"mobile":{"video":"https://coub-anubis-a.akamaized.net/coub_storage/coub/simple/cw_file/4ab98d71051/91fc99e10fc3ba0df5772/muted_mp4_med_size_1568126981_muted_med.mp4","audio":["https://coub-anubis-a.akamaized.net/coub_storage/coub/simple/cw_looped_audio_med/513a99ca6b4/f45b9cc87c56acbb89859/1605609027_med_1499480314_med.mp3"]},"share":{"default":"https://coub-anubis-a.akamaized.net/coub_storage/coub/simple/cw_video_for_sharing/23b54438237/7811415860f3a1678175f/1609674499_looped_1609674498.mp4"}},"audio_versions":{"template":"https://coub-anubis-a.akamaized.net/coub_storage/audio_track/cw_normalized_copy/e157254f5b4/df7fdeb6b30bac6179422/mid_1499480311_b7j7ha_normalized_1499480309_2q8fer_edited.mp3","versions":["mid","low"]},"image_versions":{"template":"https://coub-anubis-a.akamaized.net/coub_storage/coub/simple/cw_image/b5e5118b263/0c65cb965999c17d26106/1499480320_00018.jpg","versions":["micro","tiny","age_restricted","ios_large","ios_mosaic","big","med","small","pinterest"]},"first_frame_versions":{"template":"https://coub-anubis-a.akamaized.net/coub_storage/coub/simple/cw_timeline_pic/8345e59a30b/0f3f8457e87a975617080/%{version}_1499480319_image.jpg","versions":["big","med","small","ios_large"]},"dimensions":{"big":[1280,532],"med":[640,266]},"site_w_h":[640,266],"page_w_h":[640,266],"site_w_h_small":[310,129],"size":[1280,532],"age_restricted":false,"age_restricted_by_admin":false,"not_safe_for_work":false,"allow_reuse":false,"dont_crop":false,"banned":false,"global_safe":true,"audio_file_url":"https://coub-anubis-a.akamaized.net/coub_storage/audio_track/cw_normalized_copy/e157254f5b4/df7fdeb6b30bac6179422/low_1499480311_b7j7ha_normalized_1499480309_2q8fer_edited.mp3","external_download":false,"application":null,"channel":{"id":1765798,"permalink":"ankiliard","title":"Ankiliard","description":null,"followers_count":579,"following_count":29,"avatar_versions":{"template":"https://coub-anubis-a.akamaized.net/coub_storage/channel/cw_avatar/6cde4f4d5bb/606f247e7f2df84756d58/%{version}_1607428452_1i5bamc_1551810811_e87732f8049ed498d0d4d4f7555f069e.jpg","versions":["medium","medium_2x","profile_pic","profile_pic_new","profile_pic_new_2x","tiny","tiny_2x","small","small_2x","ios_large","ios_small"]}},"file":null,"picture":"https://coub-anubis-a.akamaized.net/coub_storage/coub/simple/cw_image/b5e5118b263/0c65cb965999c17d26106/1499480320_00018.jpg","timeline_picture":"https://coub-anubis-a.akamaized.net/coub_storage/coub/simple/cw_timeline_pic/8345e59a30b/0f3f8457e87a975617080/ios_large_1499480319_image.jpg","small_picture":"https://coub-anubis-a.akamaized.net/coub_storage/coub/simple/cw_image/b5e5118b263/0c65cb965999c17d26106/1499480320_00018.jpg","sharing_picture":null,"percent_done":100,"tags":[{"id":48194,"title":"winston","value":"winston"},{"id":3159561,"title":"meganeko - delete [bossfight remix]","value":"meganeko%20-%20delete%20[bossfight%20remix]"},{"id":1246444,"title":"deletion","value":"deletion"},{"id":1698551,"title":"numbani","value":"numbani"},{"id":12658,"title":"blizzard","value":"blizzard"},{"id":1769886,"title":"doomfist","value":"doomfist"},{"id":26503,"title":"lena","value":"lena"},{"id":1415406,"title":"lena oxton","value":"lena%20oxton"},{"id":160430,"title":"tracer","value":"tracer"},{"id":159986,"title":"overwatch","value":"overwatch"}],"categories":[{"id":17,"title":"Gaming","permalink":"gaming","subscriptions_count":10089456,"big_image_url":"https://coub-anubis-a.akamaized.net/coub_storage/category/cw_image/49fb773a80c/efee899b14f85527ed209/big_1544749693_gaming2.png","small_image_url":"https://coub-anubis-a.akamaized.net/coub_storage/category/cw_image/49fb773a80c/efee899b14f85527ed209/small_1544749693_gaming2.png","med_image_url":"https://coub-anubis-a.akamaized.net/coub_storage/category/cw_image/49fb773a80c/efee899b14f85527ed209/med_1544749693_gaming2.png","visible":true}],"communities":[{"id":17,"title":"Gaming","permalink":"gaming","subscriptions_count":10089456,"big_image_url":"https://coub-anubis-a.akamaized.net/coub_storage/category/cw_image/49fb773a80c/efee899b14f85527ed209/big_1544749693_gaming2.png","small_image_url":"https://coub-anubis-a.akamaized.net/coub_storage/category/cw_image/49fb773a80c/efee899b14f85527ed209/small_1544749693_gaming2.png","med_image_url":"https://coub-anubis-a.akamaized.net/coub_storage/category/cw_image/49fb773a80c/efee899b14f85527ed209/med_1544749693_gaming2.png","i_subscribed":true,"community_notifications_enabled":null,"description":null}],"recoubs_count":769,"remixes_count":9,"likes_count":3837,"dislikes_count":0,"raw_video_id":9910554,"uploaded_by_ios_app":false,"uploaded_by_android_app":false,"media_blocks":{"uploaded_raw_videos":[],"external_raw_videos":[],"remixed_from_coubs":[]},"raw_video_thumbnail_url":"/missing/missing.png","raw_video_title":"lena.MP4","video_block_banned":false,"duration":5.6,"promo_winner":false,"promo_winner_recoubers":null,"editorial_info":{},"promo_hint":null,"beeline_best_2014":null,"from_web_editor":true,"normalize_sound":true,"normalize_change_allowed":true,"best2015_addable":false,"ahmad_promo":null,"promo_data":null,"audio_copyright_claim":null,"ads_disabled":null,"is_safe_for_ads":true,"megafon_contents":[],"position_on_page":9},{"flag":null,"abuses":null,"recoubs_by_users_channels":null,"favourite":false,"promoted_id":null,"recoub":null,"like":null,"dislike":null,"reaction":null,"in_my_best2015":false,"id":21609397,"type":"Coub::Simple","permalink":"cf0ng","title":"Nut Shot #x-ray","visibility_type":"public","original_visibility_type":"public","channel_id":1074504,"created_at":"2016-05-14T19:38:18Z","updated_at":"2022-03-15T21:09:00Z","is_done":true,"views_count":1082044,"cotd":null,"cotd_at":null,"visible_on_explore_root":false,"visible_on_explore":false,"featured":false,"published":true,"published_at":"2016-05-14T19:38:18Z","reversed":false,"from_editor_v2":true,"is_editable":true,"original_sound":true,"has_sound":true,"recoub_to":null,"file_versions":{"html5":{"video":{"higher":{"url":"https://coub-anubis-a.akamaized.net/coub_storage/coub/simple/cw_file/8e834df626e/8a5eff38c060b1ef22e9a/muted_mp4_huge_size_1567883678_muted_huge.mp4","size":1697331},"high":{"url":"https://coub-anubis-a.akamaized.net/coub_storage/coub/simple/cw_file/8e834df626e/8a5eff38c060b1ef22e9a/muted_mp4_big_size_1567883678_muted_big.mp4","size":1273860},"med":{"url":"https://coub-anubis-a.akamaized.net/coub_storage/coub/simple/cw_file/8e834df626e/8a5eff38c060b1ef22e9a/muted_mp4_med_size_1567883678_muted_med.mp4","size":454000}},"audio":{"high":{"url":"https://coub-anubis-a.akamaized.net/coub_storage/coub/simple/cw_looped_audio_high/cc3348f8c96/f1ee64c4c1b0b7126bae6/1605488668_high_1470764271_high.mp3","size":4393545},"med":{"url":"https://coub-anubis-a.akamaized.net/coub_storage/coub/simple/cw_looped_audio_med/fb377e2ebe7/43ac532d1c490f70f6497/1605488667_med_1470764271_med.mp3","size":3606251},"sample_duration":4.342}},"mobile":{"video":"https://coub-anubis-a.akamaized.net/coub_storage/coub/simple/cw_file/8e834df626e/8a5eff38c060b1ef22e9a/muted_mp4_med_size_1567883678_muted_med.mp4","audio":["https://coub-anubis-a.akamaized.net/coub_storage/coub/simple/cw_looped_audio_med/fb377e2ebe7/43ac532d1c490f70f6497/1605488667_med_1470764271_med.mp3"]},"share":{"default":"https://coub-anubis-a.akamaized.net/coub_storage/coub/simple/cw_video_for_sharing/696d6015a6f/8842e750d5521abe1abb4/1609258113_looped_1609258112.mp4"}},"audio_versions":{},"image_versions":{"template":"https://coub-anubis-a.akamaized.net/coub_storage/coub/simple/cw_image/44062d217ac/f86f64b3e95c70ae2dcb4/1470764205_00014.jpg","versions":["micro","tiny","age_restricted","ios_large","ios_mosaic","big","med","small","pinterest"]},"first_frame_versions":{"template":"https://coub-anubis-a.akamaized.net/coub_storage/coub/simple/cw_timeline_pic/13003529f22/8aff9db311a6019944e01/1470764221_image.jpg","versions":["big","med","small","ios_large"]},"dimensions":{"big":[1280,720],"med":[640,360]},"site_w_h":[640,360],"page_w_h":[640,360],"site_w_h_small":[310,174],"size":[1280,720],"age_restricted":false,"age_restricted_by_admin":false,"not_safe_for_work":false,"allow_reuse":false,"dont_crop":false,"banned":false,"global_safe":true,"audio_file_url":null,"external_download":{"type":"Youtube","service_name":"YouTube","url":"http://youtu.be/Xt8DEZ0XRtg","has_embed":true},"application":null,"channel":{"id":1074504,"permalink":"coubroom","title":"COUBROOM","description":"vk.com/coubroom","followers_count":6097,"following_count":32956,"avatar_versions":{"template":"https://coub-anubis-a.akamaized.net/coub_storage/channel/cw_avatar/36c3ad9b214/7fbd2cea31972e895c4a7/%{version}_1608015080_5yyp3o_1474708004_Coubroom.png","versions":["medium","medium_2x","profile_pic","profile_pic_new","profile_pic_new_2x","tiny","tiny_2x","small","small_2x","ios_large","ios_small"]}},"file":null,"picture":"https://coub-anubis-a.akamaized.net/coub_storage/coub/simple/cw_image/44062d217ac/f86f64b3e95c70ae2dcb4/1470764205_00014.jpg","timeline_picture":"https://coub-anubis-a.akamaized.net/coub_storage/coub/simple/cw_timeline_pic/13003529f22/8aff9db311a6019944e01/1470764221_image.jpg","small_picture":"https://coub-anubis-a.akamaized.net/coub_storage/coub/simple/cw_image/44062d217ac/f86f64b3e95c70ae2dcb4/1470764205_00014.jpg","sharing_picture":null,"percent_done":100,"tags":[{"id":1514564,"title":"all x-ray hd no hud","value":"all%20x-ray%20hd%20no%20hud"},{"id":690,"title":"mortal kombat","value":"mortal%20kombat"},{"id":443,"title":"fail","value":"fail"},{"id":339291,"title":"mortal kombat x","value":"mortal%20kombat%20x"},{"id":12680,"title":"combat","value":"combat"},{"id":26155,"title":"fatalities","value":"fatalities"},{"id":4875,"title":"skin","value":"skin"},{"id":11078,"title":"mod","value":"mod"},{"id":4716,"title":"cyborg","value":"cyborg"},{"id":1514565,"title":"tri-borg","value":"tri-borg"},{"id":728589,"title":"bo rai cho","value":"bo%20rai%20cho"},{"id":2362,"title":"alien","value":"alien"},{"id":32855,"title":"xenomorph","value":"xenomorph"},{"id":61263,"title":"massacre","value":"massacre"},{"id":63367,"title":"leatherface","value":"leatherface"},{"id":1212899,"title":"kombat pack 2","value":"kombat%20pack%202"},{"id":637974,"title":"sex game","value":"sex%20game"},{"id":45298,"title":"exploit","value":"exploit"},{"id":11630,"title":"ending","value":"ending"},{"id":70311,"title":"comic books","value":"comic%20books"},{"id":114239,"title":"x-ray","value":"x-ray"}],"categories":[{"id":17,"title":"Gaming","permalink":"gaming","subscriptions_count":10089456,"big_image_url":"https://coub-anubis-a.akamaized.net/coub_storage/category/cw_image/49fb773a80c/efee899b14f85527ed209/big_1544749693_gaming2.png","small_image_url":"https://coub-anubis-a.akamaized.net/coub_storage/category/cw_image/49fb773a80c/efee899b14f85527ed209/small_1544749693_gaming2.png","med_image_url":"https://coub-anubis-a.akamaized.net/coub_storage/category/cw_image/49fb773a80c/efee899b14f85527ed209/med_1544749693_gaming2.png","visible":true}],"communities":[{"id":17,"title":"Gaming","permalink":"gaming","subscriptions_count":10089456,"big_image_url":"https://coub-anubis-a.akamaized.net/coub_storage/category/cw_image/49fb773a80c/efee899b14f85527ed209/big_1544749693_gaming2.png","small_image_url":"https://coub-anubis-a.akamaized.net/coub_storage/category/cw_image/49fb773a80c/efee899b14f85527ed209/small_1544749693_gaming2.png","med_image_url":"https://coub-anubis-a.akamaized.net/coub_storage/category/cw_image/49fb773a80c/efee899b14f85527ed209/med_1544749693_gaming2.png","i_subscribed":true,"community_notifications_enabled":null,"description":null}],"recoubs_count":859,"remixes_count":4,"likes_count":3836,"dislikes_count":0,"raw_video_id":2621673,"uploaded_by_ios_app":false,"uploaded_by_android_app":false,"media_blocks":{"uploaded_raw_videos":[],"external_raw_videos":[{"id":15357461,"title":"Nut Shot","url":"http://www.youtube.com/watch?v=Xt8DEZ0XRtg","image":"https://coub-anubis-a.akamaized.net/coub_storage/media_block/cw_image/26d9909c99a/17575f8ba8cb8c6f70101/1492595022_1463254644_14deh5s_att-url-download.jpg","image_retina":"https://coub-anubis-a.akamaized.net/coub_storage/media_block/cw_image/26d9909c99a/17575f8ba8cb8c6f70101/1492595022_1463254644_14deh5s_att-url-download.jpg","meta":{"service":"Youtube","duration":"4.32"},"duration":4.32,"raw_video_id":2621673,"has_embed":true}],"remixed_from_coubs":[],"external_video":{"id":15357461,"title":"Nut Shot","url":"http://www.youtube.com/watch?v=Xt8DEZ0XRtg","image":"https://coub-anubis-a.akamaized.net/coub_storage/media_block/cw_image/26d9909c99a/17575f8ba8cb8c6f70101/1492595022_1463254644_14deh5s_att-url-download.jpg","image_retina":"https://coub-anubis-a.akamaized.net/coub_storage/media_block/cw_image/26d9909c99a/17575f8ba8cb8c6f70101/1492595022_1463254644_14deh5s_att-url-download.jpg","meta":{"service":"Youtube","duration":"4.32"},"duration":4.32,"raw_video_id":2621673,"has_embed":true}},"raw_video_thumbnail_url":"/missing/missing.png","raw_video_title":"Nut Shot","video_block_banned":false,"duration":4.32,"promo_winner":false,"promo_winner_recoubers":null,"editorial_info":{},"promo_hint":null,"beeline_best_2014":null,"from_web_editor":true,"normalize_sound":true,"normalize_change_allowed":true,"best2015_addable":false,"ahmad_promo":null,"promo_data":null,"audio_copyright_claim":null,"ads_disabled":null,"is_safe_for_ads":true,"megafon_contents":[],"position_on_page":10}]}