{"page":235,"per_page":10,"total_pages":500,"coubs":[{"flag":null,"abuses":null,"recoubs_by_users_channels":null,"favourite":false,"promoted_id":null,"recoub":null,"like":null,"dislike":null,"reaction":null,"in_my_best2015":false,"id":90263739,"type":"Coub::Simple","permalink":"1hc159","title":"Le gardien du temple - Toulouse ","visibility_type":"public","original_visibility_type":"public","channel_id":3929803,"created_at":"2018-11-04T09:00:04Z","updated_at":"2022-03-09T08:26:39Z","is_done":true,"views_count":106529,"cotd":null,"cotd_at":null,"visible_on_explore_root":true,"visible_on_explore":true,"featured":true,"published":true,"published_at":"2018-11-04T09:00:04Z","reversed":false,"from_editor_v2":true,"is_editable":true,"original_sound":false,"has_sound":false,"recoub_to":null,"file_versions":{"html5":{"video":{"higher":{"url":"https://coub-anubis-a.akamaized.net/coub_storage/coub/simple/cw_file/c5f6fa9a80f/408f4d92dc32cc98e0fc6/muted_mp4_huge_size_1585069499_muted_huge.mp4","size":6645828},"high":{"url":"https://coub-anubis-a.akamaized.net/coub_storage/coub/simple/cw_file/c5f6fa9a80f/408f4d92dc32cc98e0fc6/muted_mp4_big_size_1585069499_muted_big.mp4","size":4942659},"med":{"url":"https://coub-anubis-a.akamaized.net/coub_storage/coub/simple/cw_file/c5f6fa9a80f/408f4d92dc32cc98e0fc6/muted_mp4_med_size_1585069499_muted_med.mp4","size":1462786}},"audio":{"high":{"url":"https://coub-anubis-a.akamaized.net/coub_storage/coub/simple/cw_looped_audio_high/30008b5efc5/88d44cbc8eda981c69709/1605654458_high_1541322268_high.mp3","size":761099},"med":{"url":"https://coub-anubis-a.akamaized.net/coub_storage/coub/simple/cw_looped_audio_med/8a6aea30998/6800740837f9dbb4f2de2/1605654458_med_1541322268_med.mp3","size":547938}}},"mobile":{"video":"https://coub-anubis-a.akamaized.net/coub_storage/coub/simple/cw_file/c5f6fa9a80f/408f4d92dc32cc98e0fc6/muted_mp4_med_size_1585069499_muted_med.mp4","audio":["https://coub-anubis-a.akamaized.net/coub_storage/coub/simple/cw_looped_audio_med/8a6aea30998/6800740837f9dbb4f2de2/1605654458_med_1541322268_med.mp3"]},"share":{"default":"https://coub-anubis-a.akamaized.net/coub_storage/coub/simple/cw_video_for_sharing/9eeec880d26/a6518fa893b54d63e14f7/1618061425_looped_1618061424.mp4"}},"audio_versions":{"template":"https://coub-anubis-a.akamaized.net/coub_storage/audio_track/cw_normalized_copy/24556b7c41b/b4642043a762687cb3251/mid_1541322265_normalized_1541322261_rmy4ss_edited.mp3","versions":["mid","low"]},"image_versions":{"template":"https://coub-anubis-a.akamaized.net/coub_storage/coub/simple/cw_image/b60aaa9a29c/781324e95f8fd8289cfb4/1541322276_00032.jpg","versions":["micro","tiny","age_restricted","ios_large","ios_mosaic","big","med","small","pinterest"]},"first_frame_versions":{"template":"https://coub-anubis-a.akamaized.net/coub_storage/coub/simple/cw_timeline_pic/c40b50fe8ef/716c9fc0f66eef5a24c01/1541322275_image.jpg","versions":["big","med","small","ios_large"]},"dimensions":{"big":[1280,720],"med":[640,360]},"site_w_h":[640,360],"page_w_h":[640,360],"site_w_h_small":[310,174],"size":[1280,720],"age_restricted":false,"age_restricted_by_admin":false,"not_safe_for_work":false,"allow_reuse":false,"dont_crop":false,"banned":false,"global_safe":true,"audio_file_url":"https://coub-anubis-a.akamaized.net/coub_storage/audio_track/cw_normalized_copy/24556b7c41b/b4642043a762687cb3251/low_1541322265_normalized_1541322261_rmy4ss_edited.mp3","external_download":{"type":"Youtube","service_name":"YouTube","url":"https://www.youtube.com/watch?v=nfwMV5aJ7nM&feature=youtu.be","has_embed":true},"application":null,"channel":{"id":3929803,"permalink":"andrej-mit","title":"Andrey Mit","description":"Стодесять  символов осталось .","followers_count":283,"following_count":20,"avatar_versions":{"template":"https://coub-anubis-a.akamaized.net/coub_storage/channel/cw_avatar/61a93987b3d/14539e15081ed6c452f97/%{version}_1607422927_1wjsxbs_1511431168_mg4gox_194071678.jpg","versions":["medium","medium_2x","profile_pic","profile_pic_new","profile_pic_new_2x","tiny","tiny_2x","small","small_2x","ios_large","ios_small"]}},"file":null,"picture":"https://coub-anubis-a.akamaized.net/coub_storage/coub/simple/cw_image/b60aaa9a29c/781324e95f8fd8289cfb4/1541322276_00032.jpg","timeline_picture":"https://coub-anubis-a.akamaized.net/coub_storage/coub/simple/cw_timeline_pic/c40b50fe8ef/716c9fc0f66eef5a24c01/1541322275_image.jpg","small_picture":"https://coub-anubis-a.akamaized.net/coub_storage/coub/simple/cw_image/b60aaa9a29c/781324e95f8fd8289cfb4/1541322276_00032.jpg","sharing_picture":null,"percent_done":100,"tags":[{"id":4428451,"title":"le gardien du temple","value":"le%20gardien%20du%20temple"}],"categories":[{"id":2,"title":"Art & Design","permalink":"art","subscriptions_count":10092089,"big_image_url":"https://coub-anubis-a.akamaized.net/coub_storage/category/cw_image/bc49636b5e9/9d819c4215f13ccf07a7b/big_1544749302_art2.png","small_image_url":"https://coub-anubis-a.akamaized.net/coub_storage/category/cw_image/bc49636b5e9/9d819c4215f13ccf07a7b/small_1544749302_art2.png","med_image_url":"https://coub-anubis-a.akamaized.net/coub_storage/category/cw_image/bc49636b5e9/9d819c4215f13ccf07a7b/med_1544749302_art2.png","visible":true}],"communities":[{"id":2,"title":"Art & Design","permalink":"art","subscriptions_count":10092089,"big_image_url":"https://coub-anubis-a.akamaized.net/coub_storage/category/cw_image/bc49636b5e9/9d819c4215f13ccf07a7b/big_1544749302_art2.png","small_image_url":"https://coub-anubis-a.akamaized.net/coub_storage/category/cw_image/bc49636b5e9/9d819c4215f13ccf07a7b/small_1544749302_art2.png","med_image_url":"https://coub-anubis-a.akamaized.net/coub_storage/category/cw_image/bc49636b5e9/9d819c4215f13ccf07a7b/med_1544749302_art2.png","i_subscribed":true,"community_notifications_enabled":null,"description":null}],"recoubs_count":293,"remixes_count":2,"likes_count":1451,"dislikes_count":0,"raw_video_id":12643454,"uploaded_by_ios_app":false,"uploaded_by_android_app":false,"media_blocks":{"uploaded_raw_videos":[],"external_raw_videos":[{"id":28942288,"title":"Le gardien du temple - Toulouse acte2 scene1 : \"Le réveil d'Astérion\"","url":"https://www.youtube.com/watch?v=nfwMV5aJ7nM","image":"https://coub-anubis-a.akamaized.net/coub_storage/media_block/cw_image/5919172b9ff/c1f1785cefa5cd18b0f26/1541320943_tqt5sk_1541320886_10k3n1t_att-url-download.jpg","image_retina":"https://coub-anubis-a.akamaized.net/coub_storage/media_block/cw_image/5919172b9ff/c1f1785cefa5cd18b0f26/1541320943_tqt5sk_1541320886_10k3n1t_att-url-download.jpg","meta":{"service":"Youtube","duration":"306.8"},"duration":306.8,"raw_video_id":12643454,"has_embed":true}],"remixed_from_coubs":[],"external_video":{"id":28942288,"title":"Le gardien du temple - Toulouse acte2 scene1 : \"Le réveil d'Astérion\"","url":"https://www.youtube.com/watch?v=nfwMV5aJ7nM","image":"https://coub-anubis-a.akamaized.net/coub_storage/media_block/cw_image/5919172b9ff/c1f1785cefa5cd18b0f26/1541320943_tqt5sk_1541320886_10k3n1t_att-url-download.jpg","image_retina":"https://coub-anubis-a.akamaized.net/coub_storage/media_block/cw_image/5919172b9ff/c1f1785cefa5cd18b0f26/1541320943_tqt5sk_1541320886_10k3n1t_att-url-download.jpg","meta":{"service":"Youtube","duration":"306.8"},"duration":306.8,"raw_video_id":12643454,"has_embed":true}},"raw_video_thumbnail_url":"/missing/missing.png","raw_video_title":"Le gardien du temple - Toulouse acte2 scene1 : \"Le réveil d'Astérion\"","video_block_banned":false,"duration":10.0,"promo_winner":false,"promo_winner_recoubers":null,"editorial_info":{},"promo_hint":null,"beeline_best_2014":null,"from_web_editor":true,"normalize_sound":true,"normalize_change_allowed":true,"best2015_addable":false,"ahmad_promo":null,"promo_data":null,"audio_copyright_claim":null,"ads_disabled":false,"is_safe_for_ads":true,"megafon_contents":[],"position_on_page":1},{"flag":null,"abuses":null,"recoubs_by_users_channels":null,"favourite":false,"promoted_id":null,"recoub":null,"like":null,"dislike":null,"reaction":null,"in_my_best2015":false,"id":158066862,"type":"Coub::Simple","permalink":"2lrfyq","title":";(","visibility_type":"public","original_visibility_type":"public","channel_id":4723509,"created_at":"2020-11-17T19:01:25Z","updated_at":"2022-03-16T18:30:56Z","is_done":true,"views_count":123555,"cotd":null,"cotd_at":null,"visible_on_explore_root":false,"visible_on_explore":false,"featured":false,"published":true,"published_at":"2020-11-17T19:01:24Z","reversed":false,"from_editor_v2":true,"is_editable":true,"original_sound":false,"has_sound":false,"recoub_to":null,"file_versions":{"html5":{"video":{"higher":{"url":"https://coub-anubis-a.akamaized.net/coub_storage/coub/simple/cw_file/3c49e36d1d5/53cd52cacdda878a23b7e/muted_mp4_huge_size_1605639700_muted_huge.mp4","size":1726477},"high":{"url":"https://coub-anubis-a.akamaized.net/coub_storage/coub/simple/cw_file/3c49e36d1d5/53cd52cacdda878a23b7e/muted_mp4_big_size_1605639700_muted_big.mp4","size":1217137},"med":{"url":"https://coub-anubis-a.akamaized.net/coub_storage/coub/simple/cw_file/3c49e36d1d5/53cd52cacdda878a23b7e/muted_mp4_med_size_1605639700_muted_med.mp4","size":291624}},"audio":{"high":{"url":"https://coub-anubis-a.akamaized.net/coub_storage/coub/simple/cw_looped_audio_high/44a7e95b09c/12f0dc332704aa64c1df8/1605639730_mp3-high.mp3","size":4105258},"med":{"url":"https://coub-anubis-a.akamaized.net/coub_storage/coub/simple/cw_looped_audio_med/0745aaa07dc/30f186df80134ffb7a47a/1605639727_mp3-med.mp3","size":3110441}}},"mobile":{"video":"https://coub-anubis-a.akamaized.net/coub_storage/coub/simple/cw_file/3c49e36d1d5/53cd52cacdda878a23b7e/muted_mp4_med_size_1605639700_muted_med.mp4","audio":["https://coub-anubis-a.akamaized.net/coub_storage/coub/simple/cw_looped_audio_med/0745aaa07dc/30f186df80134ffb7a47a/1605639727_mp3-med.mp3"]},"share":{"default":"https://coub-anubis-a.akamaized.net/coub_storage/coub/simple/cw_video_for_sharing/79f3e8a0f9e/77950bf200ad5408a3bdc/1608226999_looped_1608226999.mp4"}},"audio_versions":{"template":"https://coub-anubis-a.akamaized.net/coub_storage/audio_track/cw_normalized_copy/ac75e493930/fb84349a3f4216f9256be/mid_1615128447_normalized_1603195005_audio.mp3","versions":["mid","low"]},"image_versions":{"template":"https://coub-anubis-a.akamaized.net/coub_storage/coub/simple/cw_image/8e176bfe194/3e0f1d3000277b94a153d/1605639737_00032.jpg","versions":["micro","tiny","age_restricted","ios_large","ios_mosaic","big","med","small","pinterest"]},"first_frame_versions":{"template":"https://coub-anubis-a.akamaized.net/coub_storage/coub/simple/cw_timeline_pic/3f9eab59021/b35543f76a0442bc4c4e3/1605639736_image.jpg","versions":["big","med","small","ios_large"]},"dimensions":{"big":[1280,720],"med":[640,360]},"site_w_h":[640,360],"page_w_h":[640,360],"site_w_h_small":[310,174],"size":[1280,720],"age_restricted":false,"age_restricted_by_admin":false,"not_safe_for_work":false,"allow_reuse":false,"dont_crop":true,"banned":false,"global_safe":null,"audio_file_url":"https://coub-anubis-a.akamaized.net/coub_storage/audio_track/cw_normalized_copy/ac75e493930/fb84349a3f4216f9256be/low_1615128447_normalized_1603195005_audio.mp3","external_download":false,"application":null,"channel":{"id":4723509,"permalink":"barracudda","title":"BArrAcUdA","description":null,"followers_count":53,"following_count":4,"avatar_versions":{"template":"https://coub-anubis-a.akamaized.net/coub_storage/channel/cw_avatar/81f90320167/81b578295c4df4b102780/%{version}_1607426624_rc2dzv_1559640151_dc5jcxv-085b16dc-8430-414c-88a0-3b1ced4f398c.png","versions":["medium","medium_2x","profile_pic","profile_pic_new","profile_pic_new_2x","tiny","tiny_2x","small","small_2x","ios_large","ios_small"]}},"file":null,"picture":"https://coub-anubis-a.akamaized.net/coub_storage/coub/simple/cw_image/8e176bfe194/3e0f1d3000277b94a153d/1605639737_00032.jpg","timeline_picture":"https://coub-anubis-a.akamaized.net/coub_storage/coub/simple/cw_timeline_pic/3f9eab59021/b35543f76a0442bc4c4e3/1605639736_image.jpg","small_picture":"https://coub-anubis-a.akamaized.net/coub_storage/coub/simple/cw_image/8e176bfe194/3e0f1d3000277b94a153d/1605639737_00032.jpg","sharing_picture":null,"percent_done":100,"tags":[{"id":2221,"title":"космос","value":"%D0%BA%D0%BE%D1%81%D0%BC%D0%BE%D1%81"},{"id":119454,"title":"космический корабль","value":"%D0%BA%D0%BE%D1%81%D0%BC%D0%B8%D1%87%D0%B5%D1%81%D0%BA%D0%B8%D0%B9%20%D0%BA%D0%BE%D1%80%D0%B0%D0%B1%D0%BB%D1%8C"},{"id":2139,"title":"ussr","value":"ussr"},{"id":3853,"title":"ссср","value":"%D1%81%D1%81%D1%81%D1%80"},{"id":9538,"title":"cosmos","value":"cosmos"},{"id":2357427,"title":"pyrokinesis","value":"pyrokinesis"},{"id":113453,"title":"прекрасное","value":"%D0%BF%D1%80%D0%B5%D0%BA%D1%80%D0%B0%D1%81%D0%BD%D0%BE%D0%B5"},{"id":144577,"title":"прекрасное далеко","value":"%D0%BF%D1%80%D0%B5%D0%BA%D1%80%D0%B0%D1%81%D0%BD%D0%BE%D0%B5%20%D0%B4%D0%B0%D0%BB%D0%B5%D0%BA%D0%BE"}],"categories":[{"id":2,"title":"Art & Design","permalink":"art","subscriptions_count":10092089,"big_image_url":"https://coub-anubis-a.akamaized.net/coub_storage/category/cw_image/bc49636b5e9/9d819c4215f13ccf07a7b/big_1544749302_art2.png","small_image_url":"https://coub-anubis-a.akamaized.net/coub_storage/category/cw_image/bc49636b5e9/9d819c4215f13ccf07a7b/small_1544749302_art2.png","med_image_url":"https://coub-anubis-a.akamaized.net/coub_storage/category/cw_image/bc49636b5e9/9d819c4215f13ccf07a7b/med_1544749302_art2.png","visible":true}],"communities":[{"id":2,"title":"Art & Design","permalink":"art","subscriptions_count":10092089,"big_image_url":"https://coub-anubis-a.akamaized.net/coub_storage/category/cw_image/bc49636b5e9/9d819c4215f13ccf07a7b/big_1544749302_art2.png","small_image_url":"https://coub-anubis-a.akamaized.net/coub_storage/category/cw_image/bc49636b5e9/9d819c4215f13ccf07a7b/small_1544749302_art2.png","med_image_url":"https://coub-anubis-a.akamaized.net/coub_storage/category/cw_image/bc49636b5e9/9d819c4215f13ccf07a7b/med_1544749302_art2.png","i_subscribed":true,"community_notifications_enabled":null,"description":null}],"recoubs_count":244,"remixes_count":7,"likes_count":1450,"dislikes_count":0,"raw_video_id":"","uploaded_by_ios_app":false,"uploaded_by_android_app":false,"media_blocks":{"uploaded_raw_videos":[],"external_raw_videos":[],"remixed_from_coubs":[{"id":36878742,"title":"К звёздам","url":"https://coub.com/coubs/2iy8el/remix","image":"https://coub-anubis-a.akamaized.net/coub_storage/media_block/cw_image/c069b2eb213/56c8939a330cee39c8b82/1599464522_1wglo32_1599464505_00032.jpg","image_retina":"https://coub-anubis-a.akamaized.net/coub_storage/media_block/cw_image/c069b2eb213/56c8939a330cee39c8b82/1599464522_1wglo32_1599464505_00032.jpg","meta":{"duration":"10.0"},"duration":null,"coub_channel_title":"RE_RISTIN","coub_channel_permalink":"reristin","coub_views_count":437502,"coub_permalink":"2iy8el"}]},"raw_video_thumbnail_url":"","raw_video_title":"","video_block_banned":false,"duration":10.0,"promo_winner":false,"promo_winner_recoubers":null,"editorial_info":{},"promo_hint":null,"beeline_best_2014":null,"from_web_editor":true,"normalize_sound":true,"normalize_change_allowed":true,"best2015_addable":false,"ahmad_promo":null,"promo_data":null,"audio_copyright_claim":null,"ads_disabled":false,"is_safe_for_ads":true,"megafon_contents":[],"position_on_page":2},{"flag":null,"abuses":null,"recoubs_by_users_channels":null,"favourite":false,"promoted_id":null,"recoub":null,"like":null,"dislike":null,"reaction":null,"in_my_best2015":false,"id":126228610,"type":"Coub::Simple","permalink":"22rj6t","title":"wholesome parrot dance | animation meme","visibility_type":"public","original_visibility_type":"public","channel_id":1562064,"created_at":"2019-10-13T02:24:13Z","updated_at":"2022-02-26T01:06:51Z","is_done":true,"views_count":161970,"cotd":null,"cotd_at":null,"visible_on_explore_root":false,"visible_on_explore":false,"featured":false,"published":true,"published_at":"2019-10-13T02:24:13Z","reversed":false,"from_editor_v2":true,"is_editable":true,"original_sound":false,"has_sound":false,"recoub_to":null,"file_versions":{"html5":{"video":{"higher":{"url":"https://coub-anubis-a.akamaized.net/coub_storage/coub/simple/cw_file/8ace63a04b5/99c4d46ecf76804ce2768/muted_mp4_huge_size_1570933488_muted_huge.mp4","size":4563021},"high":{"url":"https://coub-anubis-a.akamaized.net/coub_storage/coub/simple/cw_file/8ace63a04b5/99c4d46ecf76804ce2768/muted_mp4_big_size_1570933488_muted_big.mp4","size":3869312},"med":{"url":"https://coub-anubis-a.akamaized.net/coub_storage/coub/simple/cw_file/8ace63a04b5/99c4d46ecf76804ce2768/muted_mp4_med_size_1570933488_muted_med.mp4","size":1281255}},"audio":{"high":{"url":"https://coub-anubis-a.akamaized.net/coub_storage/coub/simple/cw_looped_audio_high/3ccbaf2a1f2/6059e707a5d786d065d36/1605693436_high_1570933498_high.mp3","size":1086700},"med":{"url":"https://coub-anubis-a.akamaized.net/coub_storage/coub/simple/cw_looped_audio_med/177f137cb4b/fc3d23eb457d31f1b57f8/1605693436_med_1570933498_med.mp3","size":824930}}},"mobile":{"video":"https://coub-anubis-a.akamaized.net/coub_storage/coub/simple/cw_file/8ace63a04b5/99c4d46ecf76804ce2768/muted_mp4_med_size_1570933488_muted_med.mp4","audio":["https://coub-anubis-a.akamaized.net/coub_storage/coub/simple/cw_looped_audio_med/177f137cb4b/fc3d23eb457d31f1b57f8/1605693436_med_1570933498_med.mp3"]},"share":{"default":"https://coub-anubis-a.akamaized.net/coub_storage/coub/simple/cw_video_for_sharing/7824d340740/ee3520a63f63944031773/1609948652_looped_1609948651.mp4"}},"audio_versions":{"template":"https://coub-anubis-a.akamaized.net/coub_storage/audio_track/cw_normalized_copy/4314aaa6f54/e9a95ce39404318bcc552/mid_1570933495_normalized_1570933489_7f4y4o_edited.mp3","versions":["mid","low"]},"image_versions":{"template":"https://coub-anubis-a.akamaized.net/coub_storage/coub/simple/cw_image/8bb54d1780f/b60bcc345a7701e02186c/1570933506_00032.jpg","versions":["micro","tiny","age_restricted","ios_large","ios_mosaic","big","med","small","pinterest"]},"first_frame_versions":{"template":"https://coub-anubis-a.akamaized.net/coub_storage/coub/simple/cw_timeline_pic/1f697eb9c07/81cf9a90926d8b23acc51/%{version}_1570933506_image.jpg","versions":["big","med","small","ios_large"]},"dimensions":{"big":[1280,720],"med":[640,360]},"site_w_h":[640,360],"page_w_h":[640,360],"site_w_h_small":[310,174],"size":[1280,720],"age_restricted":false,"age_restricted_by_admin":false,"not_safe_for_work":false,"allow_reuse":false,"dont_crop":false,"banned":false,"global_safe":true,"audio_file_url":"https://coub-anubis-a.akamaized.net/coub_storage/audio_track/cw_normalized_copy/4314aaa6f54/e9a95ce39404318bcc552/low_1570933495_normalized_1570933489_7f4y4o_edited.mp3","external_download":{"type":"Youtube","service_name":"YouTube","url":"https://youtu.be/9asqWu-oKwM","has_embed":true},"application":null,"channel":{"id":1562064,"permalink":"dimon.www","title":"Tanuki","description":".","followers_count":455,"following_count":5,"avatar_versions":{"template":"https://coub-anubis-a.akamaized.net/coub_storage/channel/cw_avatar/140fc1a82ea/ac02476759c29fd393b40/%{version}_1607427245_po89bt_1523188636_59387038d100315c84765e18.png","versions":["medium","medium_2x","profile_pic","profile_pic_new","profile_pic_new_2x","tiny","tiny_2x","small","small_2x","ios_large","ios_small"]}},"file":null,"picture":"https://coub-anubis-a.akamaized.net/coub_storage/coub/simple/cw_image/8bb54d1780f/b60bcc345a7701e02186c/1570933506_00032.jpg","timeline_picture":"https://coub-anubis-a.akamaized.net/coub_storage/coub/simple/cw_timeline_pic/1f697eb9c07/81cf9a90926d8b23acc51/ios_large_1570933506_image.jpg","small_picture":"https://coub-anubis-a.akamaized.net/coub_storage/coub/simple/cw_image/8bb54d1780f/b60bcc345a7701e02186c/1570933506_00032.jpg","sharing_picture":null,"percent_done":100,"tags":[{"id":3072,"title":"art","value":"art"},{"id":2234,"title":"meme","value":"meme"},{"id":424,"title":"animation","value":"animation"},{"id":77425,"title":"furry","value":"furry"},{"id":228401,"title":"mi mi mi","value":"mi%20mi%20mi"}],"categories":[{"id":2,"title":"Art & Design","permalink":"art","subscriptions_count":10092089,"big_image_url":"https://coub-anubis-a.akamaized.net/coub_storage/category/cw_image/bc49636b5e9/9d819c4215f13ccf07a7b/big_1544749302_art2.png","small_image_url":"https://coub-anubis-a.akamaized.net/coub_storage/category/cw_image/bc49636b5e9/9d819c4215f13ccf07a7b/small_1544749302_art2.png","med_image_url":"https://coub-anubis-a.akamaized.net/coub_storage/category/cw_image/bc49636b5e9/9d819c4215f13ccf07a7b/med_1544749302_art2.png","visible":true}],"communities":[{"id":2,"title":"Art & Design","permalink":"art","subscriptions_count":10092089,"big_image_url":"https://coub-anubis-a.akamaized.net/coub_storage/category/cw_image/bc49636b5e9/9d819c4215f13ccf07a7b/big_1544749302_art2.png","small_image_url":"https://coub-anubis-a.akamaized.net/coub_storage/category/cw_image/bc49636b5e9/9d819c4215f13ccf07a7b/small_1544749302_art2.png","med_image_url":"https://coub-anubis-a.akamaized.net/coub_storage/category/cw_image/bc49636b5e9/9d819c4215f13ccf07a7b/med_1544749302_art2.png","i_subscribed":true,"community_notifications_enabled":null,"description":null}],"recoubs_count":263,"remixes_count":4,"likes_count":1450,"dislikes_count":0,"raw_video_id":14340348,"uploaded_by_ios_app":false,"uploaded_by_android_app":false,"media_blocks":{"uploaded_raw_videos":[],"external_raw_videos":[{"id":33539146,"title":"wholesome parrot dance | animation meme","url":"https://www.youtube.com/watch?v=9asqWu-oKwM","image":"https://coub-anubis-a.akamaized.net/coub_storage/media_block/cw_image/fced94ea25b/e0377cb60546e205a7a5b/1570932890_1yggfcq_1570932866_17k6ceg_att-url-download.jpg","image_retina":"https://coub-anubis-a.akamaized.net/coub_storage/media_block/cw_image/fced94ea25b/e0377cb60546e205a7a5b/1570932890_1yggfcq_1570932866_17k6ceg_att-url-download.jpg","meta":{"service":"Youtube","duration":"73.08"},"duration":73.08,"raw_video_id":14340348,"has_embed":true}],"remixed_from_coubs":[],"external_video":{"id":33539146,"title":"wholesome parrot dance | animation meme","url":"https://www.youtube.com/watch?v=9asqWu-oKwM","image":"https://coub-anubis-a.akamaized.net/coub_storage/media_block/cw_image/fced94ea25b/e0377cb60546e205a7a5b/1570932890_1yggfcq_1570932866_17k6ceg_att-url-download.jpg","image_retina":"https://coub-anubis-a.akamaized.net/coub_storage/media_block/cw_image/fced94ea25b/e0377cb60546e205a7a5b/1570932890_1yggfcq_1570932866_17k6ceg_att-url-download.jpg","meta":{"service":"Youtube","duration":"73.08"},"duration":73.08,"raw_video_id":14340348,"has_embed":true}},"raw_video_thumbnail_url":"/missing/missing.png","raw_video_title":"wholesome parrot dance | animation meme","video_block_banned":false,"duration":10.0,"promo_winner":false,"promo_winner_recoubers":null,"editorial_info":{},"promo_hint":null,"beeline_best_2014":null,"from_web_editor":true,"normalize_sound":true,"normalize_change_allowed":true,"best2015_addable":false,"ahmad_promo":null,"promo_data":null,"audio_copyright_claim":null,"ads_disabled":false,"is_safe_for_ads":true,"megafon_contents":[],"position_on_page":3},{"flag":null,"abuses":null,"recoubs_by_users_channels":null,"favourite":false,"promoted_id":null,"recoub":null,"like":null,"dislike":null,"reaction":null,"in_my_best2015":false,"id":84211981,"type":"Coub::Simple","permalink":"1dqbjf","title":"Harder Better Faster Stronger","visibility_type":"public","original_visibility_type":"public","channel_id":1214450,"created_at":"2018-09-03T12:02:39Z","updated_at":"2022-03-16T15:09:08Z","is_done":true,"views_count":131395,"cotd":null,"cotd_at":null,"visible_on_explore_root":false,"visible_on_explore":false,"featured":false,"published":true,"published_at":"2018-09-03T13:32:59Z","reversed":false,"from_editor_v2":true,"is_editable":true,"original_sound":false,"has_sound":false,"recoub_to":null,"file_versions":{"html5":{"video":{"higher":{"url":"https://coub-anubis-a.akamaized.net/coub_storage/coub/simple/cw_file/bd38892d222/084c0752a7d893f319935/muted_mp4_huge_size_1586274762_muted_huge.mp4","size":3130236},"high":{"url":"https://coub-anubis-a.akamaized.net/coub_storage/coub/simple/cw_file/bd38892d222/084c0752a7d893f319935/muted_mp4_big_size_1586274762_muted_big.mp4","size":2189234},"med":{"url":"https://coub-anubis-a.akamaized.net/coub_storage/coub/simple/cw_file/bd38892d222/084c0752a7d893f319935/muted_mp4_med_size_1586274762_muted_med.mp4","size":756069}},"audio":{"high":{"url":"https://coub-anubis-a.akamaized.net/coub_storage/coub/simple/cw_looped_audio_high/8f5c28e04b4/6db675a24cd9ec3678fed/1605609589_high_1535981363_high.mp3","size":2051813},"med":{"url":"https://coub-anubis-a.akamaized.net/coub_storage/coub/simple/cw_looped_audio_med/5ba8ef45fd7/04bebf31673524a5b123c/1605609588_med_1535981363_med.mp3","size":1436982}}},"mobile":{"video":"https://coub-anubis-a.akamaized.net/coub_storage/coub/simple/cw_file/bd38892d222/084c0752a7d893f319935/muted_mp4_med_size_1586274762_muted_med.mp4","audio":["https://coub-anubis-a.akamaized.net/coub_storage/coub/simple/cw_looped_audio_med/5ba8ef45fd7/04bebf31673524a5b123c/1605609588_med_1535981363_med.mp3"]},"share":{"default":"https://coub-anubis-a.akamaized.net/coub_storage/coub/simple/cw_video_for_sharing/acb0082818f/ca078d21d9bded1c50321/1636070235_looped_1636070234.mp4"}},"audio_versions":{"template":"https://coub-anubis-a.akamaized.net/coub_storage/audio_track/cw_normalized_copy/12c98cf84bf/28b19d409c33ee3f2b5e8/mid_1535981357_1pucjg0_normalized_1535981348_12rgjzr_edited.mp3","versions":["mid","low"]},"image_versions":{"template":"https://coub-anubis-a.akamaized.net/coub_storage/coub/simple/cw_image/1a7be4ca325/c5183995e2b0656ad95fc/1535981373_00032.jpg","versions":["micro","tiny","age_restricted","ios_large","ios_mosaic","big","med","small","pinterest"]},"first_frame_versions":{"template":"https://coub-anubis-a.akamaized.net/coub_storage/coub/simple/cw_timeline_pic/95d7bd3af52/35322fe340b5d1a36f2fc/%{version}_1535981372_image.jpg","versions":["big","med","small","ios_large"]},"dimensions":{"big":[960,960],"med":[480,480]},"site_w_h":[400,400],"page_w_h":[400,400],"site_w_h_small":[310,310],"size":[960,960],"age_restricted":false,"age_restricted_by_admin":false,"not_safe_for_work":false,"allow_reuse":false,"dont_crop":false,"banned":false,"global_safe":true,"audio_file_url":"https://coub-anubis-a.akamaized.net/coub_storage/audio_track/cw_normalized_copy/12c98cf84bf/28b19d409c33ee3f2b5e8/low_1535981357_1pucjg0_normalized_1535981348_12rgjzr_edited.mp3","external_download":{"type":"Vk","service_name":"Vk","url":"https://vk.com/video-79705809_456239778","has_embed":false},"application":null,"channel":{"id":1214450,"permalink":"rodzher.partizanov","title":"Rodzher","description":"was here","followers_count":4746,"following_count":77,"avatar_versions":{"template":"https://coub-anubis-a.akamaized.net/coub_storage/channel/cw_avatar/a2d34b369e6/0fdafcb674daa905168c6/%{version}_1607420641_36dge3_1546811506_000.jpg","versions":["medium","medium_2x","profile_pic","profile_pic_new","profile_pic_new_2x","tiny","tiny_2x","small","small_2x","ios_large","ios_small"]}},"file":null,"picture":"https://coub-anubis-a.akamaized.net/coub_storage/coub/simple/cw_image/1a7be4ca325/c5183995e2b0656ad95fc/1535981373_00032.jpg","timeline_picture":"https://coub-anubis-a.akamaized.net/coub_storage/coub/simple/cw_timeline_pic/95d7bd3af52/35322fe340b5d1a36f2fc/ios_large_1535981372_image.jpg","small_picture":"https://coub-anubis-a.akamaized.net/coub_storage/coub/simple/cw_image/1a7be4ca325/c5183995e2b0656ad95fc/1535981373_00032.jpg","sharing_picture":null,"percent_done":100,"tags":[{"id":4258541,"title":"legoman by the q","value":"legoman%20by%20the%20q"},{"id":4509860,"title":"несогласие - мы","value":"%D0%BD%D0%B5%D1%81%D0%BE%D0%B3%D0%BB%D0%B0%D1%81%D0%B8%D0%B5%20-%20%D0%BC%D1%8B"},{"id":264156,"title":"несогласие","value":"%D0%BD%D0%B5%D1%81%D0%BE%D0%B3%D0%BB%D0%B0%D1%81%D0%B8%D0%B5"}],"categories":[{"id":2,"title":"Art & Design","permalink":"art","subscriptions_count":10092089,"big_image_url":"https://coub-anubis-a.akamaized.net/coub_storage/category/cw_image/bc49636b5e9/9d819c4215f13ccf07a7b/big_1544749302_art2.png","small_image_url":"https://coub-anubis-a.akamaized.net/coub_storage/category/cw_image/bc49636b5e9/9d819c4215f13ccf07a7b/small_1544749302_art2.png","med_image_url":"https://coub-anubis-a.akamaized.net/coub_storage/category/cw_image/bc49636b5e9/9d819c4215f13ccf07a7b/med_1544749302_art2.png","visible":true}],"communities":[{"id":2,"title":"Art & Design","permalink":"art","subscriptions_count":10092089,"big_image_url":"https://coub-anubis-a.akamaized.net/coub_storage/category/cw_image/bc49636b5e9/9d819c4215f13ccf07a7b/big_1544749302_art2.png","small_image_url":"https://coub-anubis-a.akamaized.net/coub_storage/category/cw_image/bc49636b5e9/9d819c4215f13ccf07a7b/small_1544749302_art2.png","med_image_url":"https://coub-anubis-a.akamaized.net/coub_storage/category/cw_image/bc49636b5e9/9d819c4215f13ccf07a7b/med_1544749302_art2.png","i_subscribed":true,"community_notifications_enabled":null,"description":null}],"recoubs_count":293,"remixes_count":0,"likes_count":1450,"dislikes_count":0,"raw_video_id":12309634,"uploaded_by_ios_app":false,"uploaded_by_android_app":false,"media_blocks":{"uploaded_raw_videos":[],"external_raw_videos":[{"id":28018994,"title":"Legoman by The Q  #Other@industrial.design","url":"https://vk.com/video-79705809_456239778","image":"https://coub-anubis-a.akamaized.net/coub_storage/media_block/cw_image/bdeae318f15/76ae4552a702090753b33/1535975498_1535975489_bd2xba_att-url-download.jpg","image_retina":"https://coub-anubis-a.akamaized.net/coub_storage/media_block/cw_image/bdeae318f15/76ae4552a702090753b33/1535975498_1535975489_bd2xba_att-url-download.jpg","meta":{"service":"Vk","duration":"60.08"},"duration":60.08,"raw_video_id":12309634,"has_embed":false}],"remixed_from_coubs":[],"external_video":{"id":28018994,"title":"Legoman by The Q  #Other@industrial.design","url":"https://vk.com/video-79705809_456239778","image":"https://coub-anubis-a.akamaized.net/coub_storage/media_block/cw_image/bdeae318f15/76ae4552a702090753b33/1535975498_1535975489_bd2xba_att-url-download.jpg","image_retina":"https://coub-anubis-a.akamaized.net/coub_storage/media_block/cw_image/bdeae318f15/76ae4552a702090753b33/1535975498_1535975489_bd2xba_att-url-download.jpg","meta":{"service":"Vk","duration":"60.08"},"duration":60.08,"raw_video_id":12309634,"has_embed":false}},"raw_video_thumbnail_url":"/missing/missing.png","raw_video_title":"Legoman by The Q  #Other@industrial.design","video_block_banned":false,"duration":10.08,"promo_winner":false,"promo_winner_recoubers":null,"editorial_info":{},"promo_hint":null,"beeline_best_2014":null,"from_web_editor":true,"normalize_sound":true,"normalize_change_allowed":true,"best2015_addable":false,"ahmad_promo":null,"promo_data":null,"audio_copyright_claim":null,"ads_disabled":false,"is_safe_for_ads":true,"megafon_contents":[],"position_on_page":4},{"flag":null,"abuses":null,"recoubs_by_users_channels":null,"favourite":false,"promoted_id":null,"recoub":null,"like":null,"dislike":null,"reaction":null,"in_my_best2015":false,"id":64169342,"type":"Coub::Simple","permalink":"11r8ep","title":"Riders On The Storm","visibility_type":"public","original_visibility_type":"public","channel_id":1113230,"created_at":"2018-01-09T19:43:20Z","updated_at":"2022-03-09T14:34:07Z","is_done":true,"views_count":88807,"cotd":null,"cotd_at":null,"visible_on_explore_root":true,"visible_on_explore":true,"featured":true,"published":true,"published_at":"2018-01-09T19:43:20Z","reversed":false,"from_editor_v2":true,"is_editable":true,"original_sound":false,"has_sound":false,"recoub_to":null,"file_versions":{"html5":{"video":{"higher":{"url":"https://coub-anubis-a.akamaized.net/coub_storage/coub/simple/cw_file/fa6137a2f89/c47c304db6636bd64bf4c/muted_mp4_huge_size_1568181129_muted_huge.mp4","size":691082},"high":{"url":"https://coub-anubis-a.akamaized.net/coub_storage/coub/simple/cw_file/fa6137a2f89/c47c304db6636bd64bf4c/muted_mp4_big_size_1568181129_muted_big.mp4","size":481118},"med":{"url":"https://coub-anubis-a.akamaized.net/coub_storage/coub/simple/cw_file/fa6137a2f89/c47c304db6636bd64bf4c/muted_mp4_med_size_1568181129_muted_med.mp4","size":179740}},"audio":{"high":{"url":"https://coub-anubis-a.akamaized.net/coub_storage/coub/simple/cw_looped_audio_high/391ba2046d2/66d64652a26a1ac1feb20/1605625557_high_1515527066_high.mp3","size":6105918},"med":{"url":"https://coub-anubis-a.akamaized.net/coub_storage/coub/simple/cw_looped_audio_med/68f2954f1fc/ebd4ef0d4f380d7843f11/1605625556_med_1515527066_med.mp3","size":6055054}}},"mobile":{"video":"https://coub-anubis-a.akamaized.net/coub_storage/coub/simple/cw_file/fa6137a2f89/c47c304db6636bd64bf4c/muted_mp4_med_size_1568181129_muted_med.mp4","audio":["https://coub-anubis-a.akamaized.net/coub_storage/coub/simple/cw_looped_audio_med/68f2954f1fc/ebd4ef0d4f380d7843f11/1605625556_med_1515527066_med.mp3"]},"share":{"default":"https://coub-anubis-a.akamaized.net/coub_storage/coub/simple/cw_video_for_sharing/112d8800ea3/c797faa5492d3a9080aef/1608251891_looped_1608251891.mp4"}},"audio_versions":{"template":"https://coub-anubis-a.akamaized.net/coub_storage/audio_track/cw_normalized_copy/ee27a4771c3/785f57420fa07d5f3f409/mid_1515527039_penwxk_normalized_1515527010_1c1xgcn_edited.mp3","versions":["mid","low"]},"image_versions":{"template":"https://coub-anubis-a.akamaized.net/coub_storage/coub/simple/cw_image/41762f19cff/550230837c0a67962317c/1515527089_00011.jpg","versions":["micro","tiny","age_restricted","ios_large","ios_mosaic","big","med","small","pinterest"]},"first_frame_versions":{"template":"https://coub-anubis-a.akamaized.net/coub_storage/coub/simple/cw_timeline_pic/fa180af2dd8/1a2e0af0010aa57391ea3/%{version}_1515527089_image.jpg","versions":["big","med","small","ios_large"]},"dimensions":{"big":[960,960],"med":[480,480]},"site_w_h":[400,400],"page_w_h":[400,400],"site_w_h_small":[310,310],"size":[960,960],"age_restricted":false,"age_restricted_by_admin":false,"not_safe_for_work":false,"allow_reuse":false,"dont_crop":false,"banned":false,"global_safe":true,"audio_file_url":"https://coub-anubis-a.akamaized.net/coub_storage/audio_track/cw_normalized_copy/ee27a4771c3/785f57420fa07d5f3f409/low_1515527039_penwxk_normalized_1515527010_1c1xgcn_edited.mp3","external_download":false,"application":null,"channel":{"id":1113230,"permalink":"xox-love","title":"地球外の-xox-love","description":"私は幸運だ - 運と神は私のそばには常に\r\ncoub.com/view/3nrl5 =====                                        on the cover: coub.com/view/o3w1","followers_count":4474,"following_count":77,"avatar_versions":{"template":"https://coub-anubis-a.akamaized.net/coub_storage/channel/cw_avatar/c6072ec1512/6e40446e970b347b01e74/%{version}_1607421195_vceewk_1543963315____.jpg","versions":["medium","medium_2x","profile_pic","profile_pic_new","profile_pic_new_2x","tiny","tiny_2x","small","small_2x","ios_large","ios_small"]}},"file":null,"picture":"https://coub-anubis-a.akamaized.net/coub_storage/coub/simple/cw_image/41762f19cff/550230837c0a67962317c/1515527089_00011.jpg","timeline_picture":"https://coub-anubis-a.akamaized.net/coub_storage/coub/simple/cw_timeline_pic/fa180af2dd8/1a2e0af0010aa57391ea3/ios_large_1515527089_image.jpg","small_picture":"https://coub-anubis-a.akamaized.net/coub_storage/coub/simple/cw_image/41762f19cff/550230837c0a67962317c/1515527089_00011.jpg","sharing_picture":null,"percent_done":100,"tags":[],"categories":[{"id":2,"title":"Art & Design","permalink":"art","subscriptions_count":10092089,"big_image_url":"https://coub-anubis-a.akamaized.net/coub_storage/category/cw_image/bc49636b5e9/9d819c4215f13ccf07a7b/big_1544749302_art2.png","small_image_url":"https://coub-anubis-a.akamaized.net/coub_storage/category/cw_image/bc49636b5e9/9d819c4215f13ccf07a7b/small_1544749302_art2.png","med_image_url":"https://coub-anubis-a.akamaized.net/coub_storage/category/cw_image/bc49636b5e9/9d819c4215f13ccf07a7b/med_1544749302_art2.png","visible":true}],"communities":[{"id":2,"title":"Art & Design","permalink":"art","subscriptions_count":10092089,"big_image_url":"https://coub-anubis-a.akamaized.net/coub_storage/category/cw_image/bc49636b5e9/9d819c4215f13ccf07a7b/big_1544749302_art2.png","small_image_url":"https://coub-anubis-a.akamaized.net/coub_storage/category/cw_image/bc49636b5e9/9d819c4215f13ccf07a7b/small_1544749302_art2.png","med_image_url":"https://coub-anubis-a.akamaized.net/coub_storage/category/cw_image/bc49636b5e9/9d819c4215f13ccf07a7b/med_1544749302_art2.png","i_subscribed":true,"community_notifications_enabled":null,"description":null}],"recoubs_count":125,"remixes_count":0,"likes_count":1450,"dislikes_count":0,"raw_video_id":10899195,"uploaded_by_ios_app":false,"uploaded_by_android_app":false,"media_blocks":{"uploaded_raw_videos":[],"external_raw_videos":[],"remixed_from_coubs":[]},"raw_video_thumbnail_url":"/missing/missing.png","raw_video_title":"Andreas_Wannerstedt___Instagram___3d__motion__graphic__desig.mp4","video_block_banned":false,"duration":3.4,"promo_winner":false,"promo_winner_recoubers":null,"editorial_info":{},"promo_hint":null,"beeline_best_2014":null,"from_web_editor":true,"normalize_sound":true,"normalize_change_allowed":true,"best2015_addable":false,"ahmad_promo":null,"promo_data":null,"audio_copyright_claim":null,"ads_disabled":false,"is_safe_for_ads":true,"megafon_contents":[],"position_on_page":5},{"flag":null,"abuses":null,"recoubs_by_users_channels":null,"favourite":false,"promoted_id":null,"recoub":null,"like":null,"dislike":null,"reaction":null,"in_my_best2015":false,"id":91372969,"type":"Coub::Simple","permalink":"1hzt1c","title":"Neon Wasteland","visibility_type":"public","original_visibility_type":"public","channel_id":2333413,"created_at":"2018-11-15T11:32:59Z","updated_at":"2022-03-18T02:57:13Z","is_done":true,"views_count":104043,"cotd":null,"cotd_at":null,"visible_on_explore_root":true,"visible_on_explore":true,"featured":true,"published":true,"published_at":"2018-11-15T11:32:59Z","reversed":false,"from_editor_v2":true,"is_editable":true,"original_sound":false,"has_sound":false,"recoub_to":null,"file_versions":{"html5":{"video":{"higher":{"url":"https://coub-anubis-a.akamaized.net/coub_storage/coub/simple/cw_file/b888c6bce17/14ed3ef19ddd3c5cc6fb3/muted_mp4_huge_size_1572949024_muted_huge.mp4","size":4311285},"high":{"url":"https://coub-anubis-a.akamaized.net/coub_storage/coub/simple/cw_file/b888c6bce17/14ed3ef19ddd3c5cc6fb3/muted_mp4_big_size_1572949024_muted_big.mp4","size":3677635},"med":{"url":"https://coub-anubis-a.akamaized.net/coub_storage/coub/simple/cw_file/b888c6bce17/14ed3ef19ddd3c5cc6fb3/muted_mp4_med_size_1572949024_muted_med.mp4","size":1005320}},"audio":{"high":{"url":"https://coub-anubis-a.akamaized.net/coub_storage/coub/simple/cw_looped_audio_high/d95d246e04a/8487e0320363571f8e951/1605656212_high_1542281684_high.mp3","size":7974064},"med":{"url":"https://coub-anubis-a.akamaized.net/coub_storage/coub/simple/cw_looped_audio_med/fe06ab84054/fb3bb41ef0d9ed97bccfe/1605656211_med_1542281684_med.mp3","size":5799630}}},"mobile":{"video":"https://coub-anubis-a.akamaized.net/coub_storage/coub/simple/cw_file/b888c6bce17/14ed3ef19ddd3c5cc6fb3/muted_mp4_med_size_1572949024_muted_med.mp4","audio":["https://coub-anubis-a.akamaized.net/coub_storage/coub/simple/cw_looped_audio_med/fe06ab84054/fb3bb41ef0d9ed97bccfe/1605656211_med_1542281684_med.mp3"]},"share":{"default":"https://coub-anubis-a.akamaized.net/coub_storage/coub/simple/cw_video_for_sharing/9599487fec8/dbf57563dd6ff51926bc3/1608329328_looped_1608329327.mp4"}},"audio_versions":{"template":"https://coub-anubis-a.akamaized.net/coub_storage/audio_track/cw_normalized_copy/f19297436dc/d66fb4f925c9ca7073f92/mid_1542281660_normalized_1542281621_vu1cov_edited.mp3","versions":["mid","low"]},"image_versions":{"template":"https://coub-anubis-a.akamaized.net/coub_storage/coub/simple/cw_image/e27f6d8ba47/6817a543638c8ece71516/1542281707_00029.jpg","versions":["micro","tiny","age_restricted","ios_large","ios_mosaic","big","med","small","pinterest"]},"first_frame_versions":{"template":"https://coub-anubis-a.akamaized.net/coub_storage/coub/simple/cw_timeline_pic/94c491b5b6c/b745ba68de9be18680cc1/%{version}_1542281706_image.jpg","versions":["big","med","small","ios_large"]},"dimensions":{"big":[1280,720],"med":[640,360]},"site_w_h":[640,360],"page_w_h":[640,360],"site_w_h_small":[310,174],"size":[1280,720],"age_restricted":false,"age_restricted_by_admin":false,"not_safe_for_work":false,"allow_reuse":false,"dont_crop":false,"banned":false,"global_safe":true,"audio_file_url":"https://coub-anubis-a.akamaized.net/coub_storage/audio_track/cw_normalized_copy/f19297436dc/d66fb4f925c9ca7073f92/low_1542281660_normalized_1542281621_vu1cov_edited.mp3","external_download":{"type":"Vimeo","service_name":"Vimeo","url":"https://vimeo.com/296568283","has_embed":true},"application":null,"channel":{"id":2333413,"permalink":"evgeniyvilkov","title":"EV","description":null,"followers_count":229,"following_count":47,"avatar_versions":{"template":"https://coub-anubis-a.akamaized.net/coub_storage/channel/cw_avatar/2a593f8bdd8/64deceedd255d3d96eade/%{version}_1608155581_j0i64a_1573299199_Avatar_III.png","versions":["medium","medium_2x","profile_pic","profile_pic_new","profile_pic_new_2x","tiny","tiny_2x","small","small_2x","ios_large","ios_small"]}},"file":null,"picture":"https://coub-anubis-a.akamaized.net/coub_storage/coub/simple/cw_image/e27f6d8ba47/6817a543638c8ece71516/1542281707_00029.jpg","timeline_picture":"https://coub-anubis-a.akamaized.net/coub_storage/coub/simple/cw_timeline_pic/94c491b5b6c/b745ba68de9be18680cc1/ios_large_1542281706_image.jpg","small_picture":"https://coub-anubis-a.akamaized.net/coub_storage/coub/simple/cw_image/e27f6d8ba47/6817a543638c8ece71516/1542281707_00029.jpg","sharing_picture":null,"percent_done":100,"tags":[{"id":196577,"title":"augmented reality","value":"augmented%20reality"},{"id":29364,"title":"comic book","value":"comic%20book"},{"id":33595,"title":"cyberpunk","value":"cyberpunk"},{"id":20237,"title":"vaporwave","value":"vaporwave"},{"id":3934,"title":"animated","value":"animated"},{"id":1608,"title":"80s","value":"80s"},{"id":165,"title":"anime","value":"anime"},{"id":216552,"title":"retrowave","value":"retrowave"},{"id":64530,"title":"synthwave","value":"synthwave"},{"id":3421279,"title":"sonic mayhem - futureland (feat. power glove)","value":"sonic%20mayhem%20-%20futureland%20(feat.%20power%20glove)"}],"categories":[{"id":2,"title":"Art & Design","permalink":"art","subscriptions_count":10092089,"big_image_url":"https://coub-anubis-a.akamaized.net/coub_storage/category/cw_image/bc49636b5e9/9d819c4215f13ccf07a7b/big_1544749302_art2.png","small_image_url":"https://coub-anubis-a.akamaized.net/coub_storage/category/cw_image/bc49636b5e9/9d819c4215f13ccf07a7b/small_1544749302_art2.png","med_image_url":"https://coub-anubis-a.akamaized.net/coub_storage/category/cw_image/bc49636b5e9/9d819c4215f13ccf07a7b/med_1544749302_art2.png","visible":true}],"communities":[{"id":2,"title":"Art & Design","permalink":"art","subscriptions_count":10092089,"big_image_url":"https://coub-anubis-a.akamaized.net/coub_storage/category/cw_image/bc49636b5e9/9d819c4215f13ccf07a7b/big_1544749302_art2.png","small_image_url":"https://coub-anubis-a.akamaized.net/coub_storage/category/cw_image/bc49636b5e9/9d819c4215f13ccf07a7b/small_1544749302_art2.png","med_image_url":"https://coub-anubis-a.akamaized.net/coub_storage/category/cw_image/bc49636b5e9/9d819c4215f13ccf07a7b/med_1544749302_art2.png","i_subscribed":true,"community_notifications_enabled":null,"description":null}],"recoubs_count":284,"remixes_count":3,"likes_count":1449,"dislikes_count":0,"raw_video_id":12702845,"uploaded_by_ios_app":false,"uploaded_by_android_app":false,"media_blocks":{"uploaded_raw_videos":[],"external_raw_videos":[{"id":29103482,"title":"Neon Wasteland #1 Reveal Trailer","url":"http://vimeo.com/296568283","image":"https://coub-anubis-a.akamaized.net/coub_storage/media_block/cw_image/89da843487a/57ca621e81b26c160df30/1542279883_1p5auwb_1542279864_1gi1bbc_att-url-download.jpg","image_retina":"https://coub-anubis-a.akamaized.net/coub_storage/media_block/cw_image/89da843487a/57ca621e81b26c160df30/1542279883_1p5auwb_1542279864_1gi1bbc_att-url-download.jpg","meta":{"service":"Vimeo","duration":"76.08"},"duration":76.08,"raw_video_id":12702845,"has_embed":true}],"remixed_from_coubs":[],"external_video":{"id":29103482,"title":"Neon Wasteland #1 Reveal Trailer","url":"http://vimeo.com/296568283","image":"https://coub-anubis-a.akamaized.net/coub_storage/media_block/cw_image/89da843487a/57ca621e81b26c160df30/1542279883_1p5auwb_1542279864_1gi1bbc_att-url-download.jpg","image_retina":"https://coub-anubis-a.akamaized.net/coub_storage/media_block/cw_image/89da843487a/57ca621e81b26c160df30/1542279883_1p5auwb_1542279864_1gi1bbc_att-url-download.jpg","meta":{"service":"Vimeo","duration":"76.08"},"duration":76.08,"raw_video_id":12702845,"has_embed":true}},"raw_video_thumbnail_url":"/missing/missing.png","raw_video_title":"Neon Wasteland #1 Reveal Trailer","video_block_banned":false,"duration":9.2,"promo_winner":false,"promo_winner_recoubers":null,"editorial_info":{},"promo_hint":null,"beeline_best_2014":null,"from_web_editor":true,"normalize_sound":true,"normalize_change_allowed":true,"best2015_addable":false,"ahmad_promo":null,"promo_data":null,"audio_copyright_claim":null,"ads_disabled":false,"is_safe_for_ads":true,"megafon_contents":[],"position_on_page":6},{"flag":null,"abuses":null,"recoubs_by_users_channels":null,"favourite":false,"promoted_id":null,"recoub":null,"like":null,"dislike":null,"reaction":null,"in_my_best2015":false,"id":86538796,"type":"Coub::Simple","permalink":"1f46xs","title":"I Follow","visibility_type":"public","original_visibility_type":"public","channel_id":4798970,"created_at":"2018-09-28T01:34:36Z","updated_at":"2022-03-15T23:57:33Z","is_done":true,"views_count":133127,"cotd":null,"cotd_at":null,"visible_on_explore_root":true,"visible_on_explore":true,"featured":true,"published":true,"published_at":"2018-09-28T01:34:36Z","reversed":false,"from_editor_v2":true,"is_editable":true,"original_sound":false,"has_sound":false,"recoub_to":null,"file_versions":{"html5":{"video":{"higher":{"url":"https://coub-anubis-a.akamaized.net/coub_storage/coub/simple/cw_file/88751981cfe/a47426fb31bcbb3b8550a/muted_mp4_huge_size_1569642257_muted_huge.mp4","size":706442},"high":{"url":"https://coub-anubis-a.akamaized.net/coub_storage/coub/simple/cw_file/88751981cfe/a47426fb31bcbb3b8550a/muted_mp4_big_size_1569642257_muted_big.mp4","size":500759},"med":{"url":"https://coub-anubis-a.akamaized.net/coub_storage/coub/simple/cw_file/88751981cfe/a47426fb31bcbb3b8550a/muted_mp4_med_size_1569642257_muted_med.mp4","size":175814}},"audio":{"high":{"url":"https://coub-anubis-a.akamaized.net/coub_storage/coub/simple/cw_looped_audio_high/97db0932006/fdbe016aea9e4f49a8653/1605606437_high_1538098502_high.mp3","size":2036072},"med":{"url":"https://coub-anubis-a.akamaized.net/coub_storage/coub/simple/cw_looped_audio_med/7375c295116/72f33c6deefd0adfd4cf9/1605606435_med_1538098502_med.mp3","size":1563333}}},"mobile":{"video":"https://coub-anubis-a.akamaized.net/coub_storage/coub/simple/cw_file/88751981cfe/a47426fb31bcbb3b8550a/muted_mp4_med_size_1569642257_muted_med.mp4","audio":["https://coub-anubis-a.akamaized.net/coub_storage/coub/simple/cw_looped_audio_med/7375c295116/72f33c6deefd0adfd4cf9/1605606435_med_1538098502_med.mp3"]},"share":{"default":"https://coub-anubis-a.akamaized.net/coub_storage/coub/simple/cw_video_for_sharing/5f258470485/13dd34b39a3f9220560a8/1609968169_looped_1609968168.mp4"}},"audio_versions":{"template":"https://coub-anubis-a.akamaized.net/coub_storage/audio_track/cw_normalized_copy/0a0e8e0f362/6f5d5ee9210087db8b88f/mid_1538098495_normalized_1538098482_qcqmzr_edited.mp3","versions":["mid","low"]},"image_versions":{"template":"https://coub-anubis-a.akamaized.net/coub_storage/coub/simple/cw_image/755ca691fa4/e4ef300c00a41f0f7d995/1538098510_00026.jpg","versions":["micro","tiny","age_restricted","ios_large","ios_mosaic","big","med","small","pinterest"]},"first_frame_versions":{"template":"https://coub-anubis-a.akamaized.net/coub_storage/coub/simple/cw_timeline_pic/c4a48084930/b7e037429015e69d52d42/%{version}_1538098510_image.jpg","versions":["big","med","small","ios_large"]},"dimensions":{"big":[1280,708],"med":[640,354]},"site_w_h":[640,354],"page_w_h":[640,354],"site_w_h_small":[310,171],"size":[1280,708],"age_restricted":false,"age_restricted_by_admin":false,"not_safe_for_work":false,"allow_reuse":false,"dont_crop":false,"banned":false,"global_safe":true,"audio_file_url":"https://coub-anubis-a.akamaized.net/coub_storage/audio_track/cw_normalized_copy/0a0e8e0f362/6f5d5ee9210087db8b88f/low_1538098495_normalized_1538098482_qcqmzr_edited.mp3","external_download":false,"application":null,"channel":{"id":4798970,"permalink":"imtirred","title":"𝐎𝐧𝐲𝐜𝐮𝐝𝐚","description":null,"followers_count":248,"following_count":11,"avatar_versions":{"template":"https://coub-anubis-a.akamaized.net/coub_storage/channel/cw_avatar/2c097820798/c96290fe617d415e4ffb1/%{version}_1639863190_73f96b85de001f09751e561511d9e3ba.jpg","versions":["medium","medium_2x","profile_pic","profile_pic_new","profile_pic_new_2x","tiny","tiny_2x","small","small_2x","ios_large","ios_small"]}},"file":null,"picture":"https://coub-anubis-a.akamaized.net/coub_storage/coub/simple/cw_image/755ca691fa4/e4ef300c00a41f0f7d995/1538098510_00026.jpg","timeline_picture":"https://coub-anubis-a.akamaized.net/coub_storage/coub/simple/cw_timeline_pic/c4a48084930/b7e037429015e69d52d42/ios_large_1538098510_image.jpg","small_picture":"https://coub-anubis-a.akamaized.net/coub_storage/coub/simple/cw_image/755ca691fa4/e4ef300c00a41f0f7d995/1538098510_00026.jpg","sharing_picture":null,"percent_done":100,"tags":[{"id":5088,"title":"8 bit","value":"8%20bit"},{"id":5212,"title":"8bit","value":"8bit"},{"id":669,"title":"road","value":"road"},{"id":467,"title":"night","value":"night"},{"id":1173,"title":"car","value":"car"},{"id":39840,"title":"music coub","value":"music%20coub"},{"id":86,"title":"music","value":"music"}],"categories":[{"id":2,"title":"Art & Design","permalink":"art","subscriptions_count":10092089,"big_image_url":"https://coub-anubis-a.akamaized.net/coub_storage/category/cw_image/bc49636b5e9/9d819c4215f13ccf07a7b/big_1544749302_art2.png","small_image_url":"https://coub-anubis-a.akamaized.net/coub_storage/category/cw_image/bc49636b5e9/9d819c4215f13ccf07a7b/small_1544749302_art2.png","med_image_url":"https://coub-anubis-a.akamaized.net/coub_storage/category/cw_image/bc49636b5e9/9d819c4215f13ccf07a7b/med_1544749302_art2.png","visible":true}],"communities":[{"id":2,"title":"Art & Design","permalink":"art","subscriptions_count":10092089,"big_image_url":"https://coub-anubis-a.akamaized.net/coub_storage/category/cw_image/bc49636b5e9/9d819c4215f13ccf07a7b/big_1544749302_art2.png","small_image_url":"https://coub-anubis-a.akamaized.net/coub_storage/category/cw_image/bc49636b5e9/9d819c4215f13ccf07a7b/small_1544749302_art2.png","med_image_url":"https://coub-anubis-a.akamaized.net/coub_storage/category/cw_image/bc49636b5e9/9d819c4215f13ccf07a7b/med_1544749302_art2.png","i_subscribed":true,"community_notifications_enabled":null,"description":null}],"recoubs_count":367,"remixes_count":12,"likes_count":1449,"dislikes_count":0,"raw_video_id":12438859,"uploaded_by_ios_app":false,"uploaded_by_android_app":false,"media_blocks":{"uploaded_raw_videos":[],"external_raw_videos":[],"remixed_from_coubs":[]},"raw_video_thumbnail_url":"/missing/missing.png","raw_video_title":"pixel_road.mp4","video_block_banned":false,"duration":8.12,"promo_winner":false,"promo_winner_recoubers":null,"editorial_info":{},"promo_hint":null,"beeline_best_2014":null,"from_web_editor":true,"normalize_sound":true,"normalize_change_allowed":true,"best2015_addable":false,"ahmad_promo":null,"promo_data":null,"audio_copyright_claim":null,"ads_disabled":false,"is_safe_for_ads":true,"megafon_contents":[],"position_on_page":7},{"flag":null,"abuses":null,"recoubs_by_users_channels":null,"favourite":false,"promoted_id":null,"recoub":null,"like":null,"dislike":null,"reaction":null,"in_my_best2015":false,"id":16165529,"type":"Coub::Simple","permalink":"96c3h","title":"mountains","visibility_type":"public","original_visibility_type":"public","channel_id":50078,"created_at":"2015-11-13T18:49:30Z","updated_at":"2022-03-08T01:08:23Z","is_done":true,"views_count":92327,"cotd":null,"cotd_at":null,"visible_on_explore_root":true,"visible_on_explore":true,"featured":true,"published":true,"published_at":"2015-11-13T18:49:30Z","reversed":false,"from_editor_v2":true,"is_editable":true,"original_sound":false,"has_sound":false,"recoub_to":null,"file_versions":{"html5":{"video":{"higher":{"url":"https://coub-anubis-a.akamaized.net/coub_storage/coub/simple/cw_file/6f28fe4aa92/d9e18a89c1dc376a8f9e2/muted_mp4_huge_size_1567822393_muted_huge.mp4","size":7556183},"high":{"url":"https://coub-anubis-a.akamaized.net/coub_storage/coub/simple/cw_file/6f28fe4aa92/d9e18a89c1dc376a8f9e2/muted_mp4_big_size_1567822393_muted_big.mp4","size":5978529},"med":{"url":"https://coub-anubis-a.akamaized.net/coub_storage/coub/simple/cw_file/6f28fe4aa92/d9e18a89c1dc376a8f9e2/muted_mp4_med_size_1567822393_muted_med.mp4","size":1954096}},"audio":{"high":{"url":"https://coub-anubis-a.akamaized.net/coub_storage/coub/simple/cw_looped_audio_high/7113541c4cd/7d4d87e510fa0a3ebbed7/1605464720_high_1447440720_high.mp3","size":4800469},"med":{"url":"https://coub-anubis-a.akamaized.net/coub_storage/coub/simple/cw_looped_audio_med/3f00c08e450/75c181d5c014d458a405a/1605464719_med_1447440720_med.mp3","size":3200312}}},"mobile":{"video":"https://coub-anubis-a.akamaized.net/coub_storage/coub/simple/cw_file/6f28fe4aa92/d9e18a89c1dc376a8f9e2/muted_mp4_med_size_1567822393_muted_med.mp4","audio":["https://coub-anubis-a.akamaized.net/coub_storage/coub/simple/cw_looped_audio_med/3f00c08e450/75c181d5c014d458a405a/1605464719_med_1447440720_med.mp3"]},"share":{"default":"https://coub-anubis-a.akamaized.net/coub_storage/coub/simple/cw_video_for_sharing/130944af530/3d2d14a1d1c7bde0dcdf6/1609561678_looped_1609561677.mp4"}},"audio_versions":{"template":"https://coub-anubis-a.akamaized.net/coub_storage/audio_track/cw_normalized_copy/29de4af2ca4/69e559eb7be116cbd7ddc/mid_1471261714_14gfq6a_normalized_1447440486_audio.mp3","versions":["mid","low"]},"image_versions":{"template":"https://coub-anubis-a.akamaized.net/coub_storage/coub/simple/cw_image/1b4e62d77f2/5d71d9965dbbce5262b89/1447440838_00032.jpg","versions":["micro","tiny","age_restricted","ios_large","ios_mosaic","big","med","small","pinterest"]},"first_frame_versions":{"template":"https://coub-anubis-a.akamaized.net/coub_storage/coub/simple/cw_timeline_pic/e67f6c6f9d6/93707eae0965bd1f94e2a/%{version}_1447440836_image.jpg","versions":["big","med","small","ios_large"]},"dimensions":{"big":[1280,720],"med":[640,360]},"site_w_h":[640,360],"page_w_h":[640,360],"site_w_h_small":[310,174],"size":[1280,720],"age_restricted":false,"age_restricted_by_admin":false,"not_safe_for_work":false,"allow_reuse":false,"dont_crop":false,"banned":false,"global_safe":true,"audio_file_url":"https://coub-anubis-a.akamaized.net/coub_storage/audio_track/cw_normalized_copy/29de4af2ca4/69e559eb7be116cbd7ddc/low_1471261714_14gfq6a_normalized_1447440486_audio.mp3","external_download":{"type":"Vimeo","service_name":"Vimeo","url":"http://vimeo.com/137882918","has_embed":true},"application":null,"channel":{"id":50078,"permalink":"ljuba-mishkina","title":"Lyuba Mishkina","description":null,"followers_count":1320,"following_count":12,"avatar_versions":{"template":"https://coub-anubis-a.akamaized.net/coub_storage/channel/cw_avatar/a866cf25fb2/fee46fa5f98afb6001229/%{version}_1474482579_1syvk7w_att-url-download.jpg","versions":["medium","medium_2x","profile_pic","profile_pic_new","profile_pic_new_2x","tiny","tiny_2x","small","small_2x","ios_large","ios_small"]}},"file":null,"picture":"https://coub-anubis-a.akamaized.net/coub_storage/coub/simple/cw_image/1b4e62d77f2/5d71d9965dbbce5262b89/1447440838_00032.jpg","timeline_picture":"https://coub-anubis-a.akamaized.net/coub_storage/coub/simple/cw_timeline_pic/e67f6c6f9d6/93707eae0965bd1f94e2a/ios_large_1447440836_image.jpg","small_picture":"https://coub-anubis-a.akamaized.net/coub_storage/coub/simple/cw_image/1b4e62d77f2/5d71d9965dbbce5262b89/1447440838_00032.jpg","sharing_picture":null,"percent_done":100,"tags":[{"id":117190,"title":"glitch art","value":"glitch%20art"},{"id":1181296,"title":"female vj","value":"female%20vj"},{"id":1181295,"title":"canadian vj","value":"canadian%20vj"},{"id":299884,"title":"landscape video","value":"landscape%20video"},{"id":1181294,"title":"alien landscape","value":"alien%20landscape"},{"id":3222,"title":"blue","value":"blue"},{"id":6961,"title":"green","value":"green"},{"id":572820,"title":"saskatoon","value":"saskatoon"},{"id":1106561,"title":"vj clip","value":"vj%20clip"},{"id":1181293,"title":"projection art","value":"projection%20art"},{"id":286377,"title":"modul8","value":"modul8"},{"id":6528,"title":"mountains","value":"mountains"},{"id":865550,"title":"glitch video","value":"glitch%20video"},{"id":1181292,"title":"vj carrie gates","value":"vj%20carrie%20gates"},{"id":14698,"title":"video art","value":"video%20art"},{"id":1181291,"title":"carrie gates","value":"carrie%20gates"}],"categories":[{"id":2,"title":"Art & Design","permalink":"art","subscriptions_count":10092089,"big_image_url":"https://coub-anubis-a.akamaized.net/coub_storage/category/cw_image/bc49636b5e9/9d819c4215f13ccf07a7b/big_1544749302_art2.png","small_image_url":"https://coub-anubis-a.akamaized.net/coub_storage/category/cw_image/bc49636b5e9/9d819c4215f13ccf07a7b/small_1544749302_art2.png","med_image_url":"https://coub-anubis-a.akamaized.net/coub_storage/category/cw_image/bc49636b5e9/9d819c4215f13ccf07a7b/med_1544749302_art2.png","visible":true}],"communities":[{"id":2,"title":"Art & Design","permalink":"art","subscriptions_count":10092089,"big_image_url":"https://coub-anubis-a.akamaized.net/coub_storage/category/cw_image/bc49636b5e9/9d819c4215f13ccf07a7b/big_1544749302_art2.png","small_image_url":"https://coub-anubis-a.akamaized.net/coub_storage/category/cw_image/bc49636b5e9/9d819c4215f13ccf07a7b/small_1544749302_art2.png","med_image_url":"https://coub-anubis-a.akamaized.net/coub_storage/category/cw_image/bc49636b5e9/9d819c4215f13ccf07a7b/med_1544749302_art2.png","i_subscribed":true,"community_notifications_enabled":null,"description":null}],"recoubs_count":219,"remixes_count":0,"likes_count":1449,"dislikes_count":0,"raw_video_id":1842494,"uploaded_by_ios_app":false,"uploaded_by_android_app":false,"media_blocks":{"uploaded_raw_videos":[],"external_raw_videos":[{"id":12170160,"title":"Mountain Glitchery - Silent VJ Clip by Carrie Gates","url":"http://vimeo.com/137882918","image":"https://coub-anubis-a.akamaized.net/coub_storage/media_block/cw_image/20797594a32/48ee9bd006872343acaf9/1488805101_1446994069_18yyg02_att-url-download.jpg","image_retina":"https://coub-anubis-a.akamaized.net/coub_storage/media_block/cw_image/20797594a32/48ee9bd006872343acaf9/1488805101_1446994069_18yyg02_att-url-download.jpg","meta":{"service":"Vimeo","duration":"45.24"},"duration":45.24,"raw_video_id":1842494,"has_embed":true}],"remixed_from_coubs":[],"external_video":{"id":12170160,"title":"Mountain Glitchery - Silent VJ Clip by Carrie Gates","url":"http://vimeo.com/137882918","image":"https://coub-anubis-a.akamaized.net/coub_storage/media_block/cw_image/20797594a32/48ee9bd006872343acaf9/1488805101_1446994069_18yyg02_att-url-download.jpg","image_retina":"https://coub-anubis-a.akamaized.net/coub_storage/media_block/cw_image/20797594a32/48ee9bd006872343acaf9/1488805101_1446994069_18yyg02_att-url-download.jpg","meta":{"service":"Vimeo","duration":"45.24"},"duration":45.24,"raw_video_id":1842494,"has_embed":true}},"raw_video_thumbnail_url":"/missing/missing.png","raw_video_title":"Mountain Glitchery - Silent VJ Clip by Carrie Gates","video_block_banned":false,"duration":10.0,"promo_winner":false,"promo_winner_recoubers":null,"editorial_info":{},"promo_hint":null,"beeline_best_2014":null,"from_web_editor":true,"normalize_sound":true,"normalize_change_allowed":true,"best2015_addable":false,"ahmad_promo":null,"promo_data":null,"audio_copyright_claim":null,"ads_disabled":null,"is_safe_for_ads":true,"megafon_contents":[],"position_on_page":8},{"flag":null,"abuses":null,"recoubs_by_users_channels":null,"favourite":false,"promoted_id":null,"recoub":null,"like":null,"dislike":null,"reaction":null,"in_my_best2015":false,"id":180903138,"type":"Coub::Simple","permalink":"2zcwoo","title":"Sooo good animation","visibility_type":"public","original_visibility_type":"public","channel_id":10603028,"created_at":"2022-01-01T21:45:29Z","updated_at":"2022-03-17T11:46:21Z","is_done":true,"views_count":136751,"cotd":null,"cotd_at":null,"visible_on_explore_root":false,"visible_on_explore":false,"featured":false,"published":true,"published_at":"2022-01-01T21:45:29Z","reversed":true,"from_editor_v2":true,"is_editable":true,"original_sound":false,"has_sound":false,"recoub_to":null,"file_versions":{"html5":{"video":{"higher":{"url":"https://coub-anubis-a.akamaized.net/coub_storage/coub/simple/cw_file/872f369ba1a/25644ff58998644301425/muted_mp4_huge_size_1641073534_muted_huge.mp4","size":910388},"high":{"url":"https://coub-anubis-a.akamaized.net/coub_storage/coub/simple/cw_file/872f369ba1a/25644ff58998644301425/muted_mp4_big_size_1641073534_muted_big.mp4","size":565291},"med":{"url":"https://coub-anubis-a.akamaized.net/coub_storage/coub/simple/cw_file/872f369ba1a/25644ff58998644301425/muted_mp4_med_size_1641073534_muted_med.mp4","size":207135}},"audio":{"high":{"url":"https://coub-anubis-a.akamaized.net/coub_storage/coub/simple/cw_looped_audio_high/85a105a763a/3a5ca8f2357967b784520/1641073542_mp3-high.mp3","size":832628},"med":{"url":"https://coub-anubis-a.akamaized.net/coub_storage/coub/simple/cw_looped_audio_med/e8c12f9fc6d/f79397e17a2f77e01f1cb/1641073542_mp3-med.mp3","size":637280}}},"mobile":{"video":"https://coub-anubis-a.akamaized.net/coub_storage/coub/simple/cw_file/872f369ba1a/25644ff58998644301425/muted_mp4_med_size_1641073534_muted_med.mp4","audio":["https://coub-anubis-a.akamaized.net/coub_storage/coub/simple/cw_looped_audio_med/e8c12f9fc6d/f79397e17a2f77e01f1cb/1641073542_mp3-med.mp3"]},"share":{"default":"https://coub-anubis-a.akamaized.net/coub_storage/coub/simple/cw_video_for_sharing/b5e802edcea/e15ba11a2368f91fa78a9/1641073567_looped_1641073566.mp4"}},"audio_versions":{"template":"https://coub-anubis-a.akamaized.net/coub_storage/audio_track/cw_normalized_copy/5221f902688/9f8ded42a41aec82ddc6f/mid_1641073539_normalized_1641073535_15m6tzs_edited.mp3","versions":["mid","low"]},"image_versions":{"template":"https://coub-anubis-a.akamaized.net/coub_storage/coub/simple/cw_image/f81a811eb19/a814df548e524c02bd945/%{version}_1641073546_00063.jpg","versions":["micro","tiny","age_restricted","ios_large","ios_mosaic","big","med","small","pinterest"]},"first_frame_versions":{"template":"https://coub-anubis-a.akamaized.net/coub_storage/coub/simple/cw_timeline_pic/2bc0e79df13/a0ae277ddc90935344c50/%{version}_1641073546_image.jpg","versions":["big","med","small","ios_large"]},"dimensions":{"big":[960,960],"med":[480,480]},"site_w_h":[400,400],"page_w_h":[400,400],"site_w_h_small":[310,310],"size":[960,960],"age_restricted":false,"age_restricted_by_admin":false,"not_safe_for_work":false,"allow_reuse":false,"dont_crop":true,"banned":false,"global_safe":null,"audio_file_url":"https://coub-anubis-a.akamaized.net/coub_storage/audio_track/cw_normalized_copy/5221f902688/9f8ded42a41aec82ddc6f/low_1641073539_normalized_1641073535_15m6tzs_edited.mp3","external_download":false,"application":null,"channel":{"id":10603028,"permalink":"kamiczak","title":"kamiczak","description":null,"followers_count":100,"following_count":13,"avatar_versions":{"template":"https://coub-anubis-a.akamaized.net/coub_storage/channel/cw_avatar/fadb14e6e59/1f913bdbde09713477ac0/%{version}_1641065753_06bfd88e5ae086772b1198abafb00f97.jpg","versions":["medium","medium_2x","profile_pic","profile_pic_new","profile_pic_new_2x","tiny","tiny_2x","small","small_2x","ios_large","ios_small"]}},"file":null,"picture":"https://coub-anubis-a.akamaized.net/coub_storage/coub/simple/cw_image/f81a811eb19/a814df548e524c02bd945/med_1641073546_00063.jpg","timeline_picture":"https://coub-anubis-a.akamaized.net/coub_storage/coub/simple/cw_timeline_pic/2bc0e79df13/a0ae277ddc90935344c50/ios_large_1641073546_image.jpg","small_picture":"https://coub-anubis-a.akamaized.net/coub_storage/coub/simple/cw_image/f81a811eb19/a814df548e524c02bd945/ios_mosaic_1641073546_00063.jpg","sharing_picture":null,"percent_done":100,"tags":[],"categories":[{"id":2,"title":"Art & Design","permalink":"art","subscriptions_count":10092089,"big_image_url":"https://coub-anubis-a.akamaized.net/coub_storage/category/cw_image/bc49636b5e9/9d819c4215f13ccf07a7b/big_1544749302_art2.png","small_image_url":"https://coub-anubis-a.akamaized.net/coub_storage/category/cw_image/bc49636b5e9/9d819c4215f13ccf07a7b/small_1544749302_art2.png","med_image_url":"https://coub-anubis-a.akamaized.net/coub_storage/category/cw_image/bc49636b5e9/9d819c4215f13ccf07a7b/med_1544749302_art2.png","visible":true}],"communities":[{"id":2,"title":"Art & Design","permalink":"art","subscriptions_count":10092089,"big_image_url":"https://coub-anubis-a.akamaized.net/coub_storage/category/cw_image/bc49636b5e9/9d819c4215f13ccf07a7b/big_1544749302_art2.png","small_image_url":"https://coub-anubis-a.akamaized.net/coub_storage/category/cw_image/bc49636b5e9/9d819c4215f13ccf07a7b/small_1544749302_art2.png","med_image_url":"https://coub-anubis-a.akamaized.net/coub_storage/category/cw_image/bc49636b5e9/9d819c4215f13ccf07a7b/med_1544749302_art2.png","i_subscribed":true,"community_notifications_enabled":null,"description":null}],"recoubs_count":269,"remixes_count":1,"likes_count":1448,"dislikes_count":0,"raw_video_id":17033667,"uploaded_by_ios_app":false,"uploaded_by_android_app":false,"media_blocks":{"uploaded_raw_videos":[],"external_raw_videos":[],"remixed_from_coubs":[]},"raw_video_thumbnail_url":"https://coub-anubis-a.akamaized.net/coub_storage/raw_video/cw_image/f20014e9cab/a30674d1afb2b89250402/coub_media_1641073049_image.jpg","raw_video_title":"730b5949717321.5948e8be71ef0.gif","video_block_banned":false,"duration":20.0,"promo_winner":false,"promo_winner_recoubers":null,"editorial_info":{},"promo_hint":null,"beeline_best_2014":null,"from_web_editor":true,"normalize_sound":true,"normalize_change_allowed":true,"best2015_addable":false,"ahmad_promo":null,"promo_data":null,"audio_copyright_claim":null,"ads_disabled":false,"is_safe_for_ads":true,"megafon_contents":[],"position_on_page":9},{"flag":null,"abuses":null,"recoubs_by_users_channels":null,"favourite":false,"promoted_id":null,"recoub":null,"like":null,"dislike":null,"reaction":null,"in_my_best2015":false,"id":159440187,"type":"Coub::Simple","permalink":"2mkvn3","title":"первое свидание","visibility_type":"public","original_visibility_type":"public","channel_id":7269290,"created_at":"2020-12-08T22:06:14Z","updated_at":"2022-03-17T20:20:21Z","is_done":true,"views_count":132859,"cotd":null,"cotd_at":null,"visible_on_explore_root":false,"visible_on_explore":false,"featured":false,"published":true,"published_at":"2020-12-08T22:06:14Z","reversed":false,"from_editor_v2":true,"is_editable":true,"original_sound":false,"has_sound":false,"recoub_to":null,"file_versions":{"html5":{"video":{"higher":{"url":"https://coub-anubis-a.akamaized.net/coub_storage/coub/simple/cw_file/859e42e4e1d/4ddf0b0dd014ab83d15b8/muted_mp4_huge_size_1607465178_muted_huge.mp4","size":147303},"high":{"url":"https://coub-anubis-a.akamaized.net/coub_storage/coub/simple/cw_file/859e42e4e1d/4ddf0b0dd014ab83d15b8/muted_mp4_big_size_1607465178_muted_big.mp4","size":96509},"med":{"url":"https://coub-anubis-a.akamaized.net/coub_storage/coub/simple/cw_file/859e42e4e1d/4ddf0b0dd014ab83d15b8/muted_mp4_med_size_1607465178_muted_med.mp4","size":43994}},"audio":{"high":{"url":"https://coub-anubis-a.akamaized.net/coub_storage/coub/simple/cw_looped_audio_high/1366351a4bd/7c5c6f224a6869e4e2f23/1607465203_mp3-high.mp3","size":3571191},"med":{"url":"https://coub-anubis-a.akamaized.net/coub_storage/coub/simple/cw_looped_audio_med/823507a5c5c/e508c2cf759a67b80e3cf/1607465200_mp3-med.mp3","size":2427148}}},"mobile":{"video":"https://coub-anubis-a.akamaized.net/coub_storage/coub/simple/cw_file/859e42e4e1d/4ddf0b0dd014ab83d15b8/muted_mp4_med_size_1607465178_muted_med.mp4","audio":["https://coub-anubis-a.akamaized.net/coub_storage/coub/simple/cw_looped_audio_med/823507a5c5c/e508c2cf759a67b80e3cf/1607465200_mp3-med.mp3"]},"share":{"default":"https://coub-anubis-a.akamaized.net/coub_storage/coub/simple/cw_video_for_sharing/b5e722e21fd/f201a67a7cb79ebe16592/1607465295_looped_1607465295.mp4"}},"audio_versions":{"template":"https://coub-anubis-a.akamaized.net/coub_storage/audio_track/cw_file/c42c822a949/ad12f3e65a4d14b98f1c7/mid_1607465143_audio.mp3","versions":["mid","low"]},"image_versions":{"template":"https://coub-anubis-a.akamaized.net/coub_storage/coub/simple/cw_image/7dee88d9a80/9969ab203f600ea2b0944/%{version}_1607465219_00020.jpg","versions":["micro","tiny","age_restricted","ios_large","ios_mosaic","big","med","small","pinterest"]},"first_frame_versions":{"template":"https://coub-anubis-a.akamaized.net/coub_storage/coub/simple/cw_timeline_pic/dd554b7b70d/9bddb062cbe7f0767ae79/%{version}_1607465219_image.jpg","versions":["big","med","small","ios_large"]},"dimensions":{"big":[960,960],"med":[480,480]},"site_w_h":[400,400],"page_w_h":[400,400],"site_w_h_small":[310,310],"size":[960,960],"age_restricted":false,"age_restricted_by_admin":false,"not_safe_for_work":false,"allow_reuse":false,"dont_crop":true,"banned":false,"global_safe":null,"audio_file_url":"https://coub-anubis-a.akamaized.net/coub_storage/audio_track/cw_file/c42c822a949/ad12f3e65a4d14b98f1c7/low_1607465143_audio.mp3","external_download":false,"application":null,"channel":{"id":7269290,"permalink":"kotoinc2000","title":"koto \"v armii chilyu\" ","description":null,"followers_count":402,"following_count":33,"avatar_versions":{"template":"https://coub-anubis-a.akamaized.net/coub_storage/channel/cw_avatar/8b1caae9b61/ef255ea74e8deb047037a/%{version}_1641338730_filename.jpeg","versions":["medium","medium_2x","profile_pic","profile_pic_new","profile_pic_new_2x","tiny","tiny_2x","small","small_2x","ios_large","ios_small"]}},"file":null,"picture":"https://coub-anubis-a.akamaized.net/coub_storage/coub/simple/cw_image/7dee88d9a80/9969ab203f600ea2b0944/med_1607465219_00020.jpg","timeline_picture":"https://coub-anubis-a.akamaized.net/coub_storage/coub/simple/cw_timeline_pic/dd554b7b70d/9bddb062cbe7f0767ae79/ios_large_1607465219_image.jpg","small_picture":"https://coub-anubis-a.akamaized.net/coub_storage/coub/simple/cw_image/7dee88d9a80/9969ab203f600ea2b0944/ios_mosaic_1607465219_00020.jpg","sharing_picture":null,"percent_done":100,"tags":[{"id":3072,"title":"art","value":"art"},{"id":420,"title":"pixel","value":"pixel"},{"id":86,"title":"music","value":"music"}],"categories":[{"id":2,"title":"Art & Design","permalink":"art","subscriptions_count":10092089,"big_image_url":"https://coub-anubis-a.akamaized.net/coub_storage/category/cw_image/bc49636b5e9/9d819c4215f13ccf07a7b/big_1544749302_art2.png","small_image_url":"https://coub-anubis-a.akamaized.net/coub_storage/category/cw_image/bc49636b5e9/9d819c4215f13ccf07a7b/small_1544749302_art2.png","med_image_url":"https://coub-anubis-a.akamaized.net/coub_storage/category/cw_image/bc49636b5e9/9d819c4215f13ccf07a7b/med_1544749302_art2.png","visible":true}],"communities":[{"id":2,"title":"Art & Design","permalink":"art","subscriptions_count":10092089,"big_image_url":"https://coub-anubis-a.akamaized.net/coub_storage/category/cw_image/bc49636b5e9/9d819c4215f13ccf07a7b/big_1544749302_art2.png","small_image_url":"https://coub-anubis-a.akamaized.net/coub_storage/category/cw_image/bc49636b5e9/9d819c4215f13ccf07a7b/small_1544749302_art2.png","med_image_url":"https://coub-anubis-a.akamaized.net/coub_storage/category/cw_image/bc49636b5e9/9d819c4215f13ccf07a7b/med_1544749302_art2.png","i_subscribed":true,"community_notifications_enabled":null,"description":null}],"recoubs_count":290,"remixes_count":2,"likes_count":1448,"dislikes_count":0,"raw_video_id":15952788,"uploaded_by_ios_app":false,"uploaded_by_android_app":true,"media_blocks":{"uploaded_raw_videos":[],"external_raw_videos":[],"remixed_from_coubs":[]},"raw_video_thumbnail_url":"/missing/missing.png","raw_video_title":null,"video_block_banned":false,"duration":6.36,"promo_winner":false,"promo_winner_recoubers":null,"editorial_info":{},"promo_hint":null,"beeline_best_2014":null,"from_web_editor":false,"normalize_sound":true,"normalize_change_allowed":true,"best2015_addable":false,"ahmad_promo":null,"promo_data":null,"audio_copyright_claim":null,"ads_disabled":false,"is_safe_for_ads":true,"megafon_contents":[],"position_on_page":10}]}