{"page":164,"per_page":10,"total_pages":500,"coubs":[{"flag":null,"abuses":null,"recoubs_by_users_channels":null,"favourite":false,"promoted_id":null,"recoub":null,"like":null,"dislike":null,"reaction":null,"in_my_best2015":false,"id":147645524,"type":"Coub::Simple","permalink":"2fk2qi","title":"Bongo Jams","visibility_type":"public","original_visibility_type":"public","channel_id":4271749,"created_at":"2020-06-18T15:10:34Z","updated_at":"2022-03-16T10:28:10Z","is_done":true,"views_count":122147,"cotd":null,"cotd_at":null,"visible_on_explore_root":false,"visible_on_explore":false,"featured":false,"published":true,"published_at":"2020-06-18T15:10:34Z","reversed":false,"from_editor_v2":true,"is_editable":true,"original_sound":false,"has_sound":false,"recoub_to":null,"file_versions":{"html5":{"video":{"higher":{"url":"https://coub-anubis-a.akamaized.net/coub_storage/coub/simple/cw_file/701aecfac50/e8901789d04198900d3e8/muted_mp4_huge_size_1592493045_muted_huge.mp4","size":260443},"high":{"url":"https://coub-anubis-a.akamaized.net/coub_storage/coub/simple/cw_file/701aecfac50/e8901789d04198900d3e8/muted_mp4_big_size_1592493045_muted_big.mp4","size":181477},"med":{"url":"https://coub-anubis-a.akamaized.net/coub_storage/coub/simple/cw_file/701aecfac50/e8901789d04198900d3e8/muted_mp4_med_size_1592493045_muted_med.mp4","size":66388}},"audio":{"high":{"url":"https://coub-anubis-a.akamaized.net/coub_storage/coub/simple/cw_looped_audio_high/6e5bee640e7/0cd48d44ff0c45653a34d/1605685595_high_1592493053_high.mp3","size":1206225},"med":{"url":"https://coub-anubis-a.akamaized.net/coub_storage/coub/simple/cw_looped_audio_med/c586564646e/f558eb39fad7b1e978efc/1605685594_med_1592493053_med.mp3","size":957119}}},"mobile":{"video":"https://coub-anubis-a.akamaized.net/coub_storage/coub/simple/cw_file/701aecfac50/e8901789d04198900d3e8/muted_mp4_med_size_1592493045_muted_med.mp4","audio":["https://coub-anubis-a.akamaized.net/coub_storage/coub/simple/cw_looped_audio_med/c586564646e/f558eb39fad7b1e978efc/1605685594_med_1592493053_med.mp3"]},"share":{"default":"https://coub-anubis-a.akamaized.net/coub_storage/coub/simple/cw_video_for_sharing/d75ba1642d8/9f445c2d6aaa5626c4981/1608648593_looped_1608648593.mp4"}},"audio_versions":{"template":"https://coub-anubis-a.akamaized.net/coub_storage/audio_track/cw_normalized_copy/b42341384e2/fe4bb521261112dcdc884/mid_1592493050_normalized_1592493046_1np1plu_edited.mp3","versions":["mid","low"]},"image_versions":{"template":"https://coub-anubis-a.akamaized.net/coub_storage/coub/simple/cw_image/ea2d71f3782/791c24afa3940275c1123/1592493059_00032.jpg","versions":["micro","tiny","age_restricted","ios_large","ios_mosaic","big","med","small","pinterest"]},"first_frame_versions":{"template":"https://coub-anubis-a.akamaized.net/coub_storage/coub/simple/cw_timeline_pic/0f6d300dec1/0f20b20fd29d2e19c019d/%{version}_1592493059_image.jpg","versions":["big","med","small","ios_large"]},"dimensions":{"big":[1280,720],"med":[640,360]},"site_w_h":[640,360],"page_w_h":[640,360],"site_w_h_small":[310,174],"size":[1280,720],"age_restricted":false,"age_restricted_by_admin":false,"not_safe_for_work":false,"allow_reuse":false,"dont_crop":false,"banned":false,"global_safe":true,"audio_file_url":"https://coub-anubis-a.akamaized.net/coub_storage/audio_track/cw_normalized_copy/b42341384e2/fe4bb521261112dcdc884/low_1592493050_normalized_1592493046_1np1plu_edited.mp3","external_download":{"type":"Vk","service_name":"Vk","url":"https://vk.com/video-140359831_456240426?list=c73f2108923a676e66","has_embed":false},"application":null,"channel":{"id":4271749,"permalink":"0-e-a000","title":"Gaag Sama","description":"If you like my work and you want to support me write messages where I will send you a link to the pation.","followers_count":328,"following_count":15,"avatar_versions":{"template":"https://coub-anubis-a.akamaized.net/coub_storage/channel/cw_avatar/de635e0b4c3/e7aa53a5008105225dd5f/%{version}_1627943426_Ashido-Mina-Boku-no-Hero-Academia-Anime-4986952.jpeg","versions":["medium","medium_2x","profile_pic","profile_pic_new","profile_pic_new_2x","tiny","tiny_2x","small","small_2x","ios_large","ios_small"]}},"file":null,"picture":"https://coub-anubis-a.akamaized.net/coub_storage/coub/simple/cw_image/ea2d71f3782/791c24afa3940275c1123/1592493059_00032.jpg","timeline_picture":"https://coub-anubis-a.akamaized.net/coub_storage/coub/simple/cw_timeline_pic/0f6d300dec1/0f20b20fd29d2e19c019d/ios_large_1592493059_image.jpg","small_picture":"https://coub-anubis-a.akamaized.net/coub_storage/coub/simple/cw_image/ea2d71f3782/791c24afa3940275c1123/1592493059_00032.jpg","sharing_picture":null,"percent_done":100,"tags":[{"id":40924,"title":"bongo","value":"bongo"},{"id":4062239,"title":"bongo cat","value":"bongo%20cat"},{"id":17119,"title":"jams","value":"jams"},{"id":5734753,"title":"bongo jams","value":"bongo%20jams"}],"categories":[{"id":2,"title":"Art & Design","permalink":"art","subscriptions_count":10092089,"big_image_url":"https://coub-anubis-a.akamaized.net/coub_storage/category/cw_image/bc49636b5e9/9d819c4215f13ccf07a7b/big_1544749302_art2.png","small_image_url":"https://coub-anubis-a.akamaized.net/coub_storage/category/cw_image/bc49636b5e9/9d819c4215f13ccf07a7b/small_1544749302_art2.png","med_image_url":"https://coub-anubis-a.akamaized.net/coub_storage/category/cw_image/bc49636b5e9/9d819c4215f13ccf07a7b/med_1544749302_art2.png","visible":true}],"communities":[{"id":2,"title":"Art & Design","permalink":"art","subscriptions_count":10092089,"big_image_url":"https://coub-anubis-a.akamaized.net/coub_storage/category/cw_image/bc49636b5e9/9d819c4215f13ccf07a7b/big_1544749302_art2.png","small_image_url":"https://coub-anubis-a.akamaized.net/coub_storage/category/cw_image/bc49636b5e9/9d819c4215f13ccf07a7b/small_1544749302_art2.png","med_image_url":"https://coub-anubis-a.akamaized.net/coub_storage/category/cw_image/bc49636b5e9/9d819c4215f13ccf07a7b/med_1544749302_art2.png","i_subscribed":true,"community_notifications_enabled":null,"description":null}],"recoubs_count":332,"remixes_count":2,"likes_count":1925,"dislikes_count":0,"raw_video_id":15362857,"uploaded_by_ios_app":false,"uploaded_by_android_app":false,"media_blocks":{"uploaded_raw_videos":[],"external_raw_videos":[{"id":36162410,"title":"Bongo Jams","url":"https://vk.com/video-140359831_456240426","image":"https://coub-anubis-a.akamaized.net/coub_storage/media_block/cw_image/5b6353710e5/5fb74cb8e147449d8332a/1592492781_p415vr_1592492768_1ylz0yu_att-url-download.jpg","image_retina":"https://coub-anubis-a.akamaized.net/coub_storage/media_block/cw_image/5b6353710e5/5fb74cb8e147449d8332a/1592492781_p415vr_1592492768_1ylz0yu_att-url-download.jpg","meta":{"service":"Vk","duration":"30.48"},"duration":30.48,"raw_video_id":15362857,"has_embed":false}],"remixed_from_coubs":[],"external_video":{"id":36162410,"title":"Bongo Jams","url":"https://vk.com/video-140359831_456240426","image":"https://coub-anubis-a.akamaized.net/coub_storage/media_block/cw_image/5b6353710e5/5fb74cb8e147449d8332a/1592492781_p415vr_1592492768_1ylz0yu_att-url-download.jpg","image_retina":"https://coub-anubis-a.akamaized.net/coub_storage/media_block/cw_image/5b6353710e5/5fb74cb8e147449d8332a/1592492781_p415vr_1592492768_1ylz0yu_att-url-download.jpg","meta":{"service":"Vk","duration":"30.48"},"duration":30.48,"raw_video_id":15362857,"has_embed":false}},"raw_video_thumbnail_url":"/missing/missing.png","raw_video_title":"Bongo Jams","video_block_banned":false,"duration":10.0,"promo_winner":false,"promo_winner_recoubers":null,"editorial_info":{},"promo_hint":null,"beeline_best_2014":null,"from_web_editor":true,"normalize_sound":true,"normalize_change_allowed":true,"best2015_addable":false,"ahmad_promo":null,"promo_data":null,"audio_copyright_claim":null,"ads_disabled":false,"is_safe_for_ads":true,"megafon_contents":[],"position_on_page":1},{"flag":null,"abuses":null,"recoubs_by_users_channels":null,"favourite":false,"promoted_id":null,"recoub":null,"like":null,"dislike":null,"reaction":null,"in_my_best2015":false,"id":56758617,"type":"Coub::Simple","permalink":"xce78","title":"to the seaside!","visibility_type":"public","original_visibility_type":"public","channel_id":322269,"created_at":"2017-09-03T08:03:01Z","updated_at":"2022-03-17T15:13:02Z","is_done":true,"views_count":129454,"cotd":null,"cotd_at":null,"visible_on_explore_root":true,"visible_on_explore":true,"featured":true,"published":true,"published_at":"2017-09-03T08:03:01Z","reversed":false,"from_editor_v2":true,"is_editable":true,"original_sound":false,"has_sound":false,"recoub_to":null,"file_versions":{"html5":{"video":{"higher":{"url":"https://coub-anubis-a.akamaized.net/coub_storage/coub/simple/cw_file/52b1758087b/01487738b6cef1346634a/muted_mp4_huge_size_1568143361_muted_huge.mp4","size":1481836},"high":{"url":"https://coub-anubis-a.akamaized.net/coub_storage/coub/simple/cw_file/52b1758087b/01487738b6cef1346634a/muted_mp4_big_size_1568143361_muted_big.mp4","size":1092225},"med":{"url":"https://coub-anubis-a.akamaized.net/coub_storage/coub/simple/cw_file/52b1758087b/01487738b6cef1346634a/muted_mp4_med_size_1568143361_muted_med.mp4","size":406704}},"audio":{"high":{"url":"https://coub-anubis-a.akamaized.net/coub_storage/coub/simple/cw_looped_audio_high/f9f2eac1990/f37a02ced892163459e95/1605566417_high_1504425801_high.mp3","size":3211251},"med":{"url":"https://coub-anubis-a.akamaized.net/coub_storage/coub/simple/cw_looped_audio_med/03d388e7b5d/344e5c19fc9a1b55903fe/1605566416_med_1504425801_med.mp3","size":2391941}}},"mobile":{"video":"https://coub-anubis-a.akamaized.net/coub_storage/coub/simple/cw_file/52b1758087b/01487738b6cef1346634a/muted_mp4_med_size_1568143361_muted_med.mp4","audio":["https://coub-anubis-a.akamaized.net/coub_storage/coub/simple/cw_looped_audio_med/03d388e7b5d/344e5c19fc9a1b55903fe/1605566416_med_1504425801_med.mp3"]},"share":{"default":"https://coub-anubis-a.akamaized.net/coub_storage/coub/simple/cw_video_for_sharing/9c7481eb8fb/806ee1295304e74f7acab/1611835385_looped_1611835385.mp4"}},"audio_versions":{"template":"https://coub-anubis-a.akamaized.net/coub_storage/audio_track/cw_normalized_copy/38fd489bfa0/214648fd3126df5b4a2b6/mid_1522250989_iuigg6_normalized_1504425688_audio.mp3","versions":["mid","low"]},"image_versions":{"template":"https://coub-anubis-a.akamaized.net/coub_storage/coub/simple/cw_image/84b7fc8414b/10eb060115a825d4033df/1504425814_00032.jpg","versions":["micro","tiny","age_restricted","ios_large","ios_mosaic","big","med","small","pinterest"]},"first_frame_versions":{"template":"https://coub-anubis-a.akamaized.net/coub_storage/coub/simple/cw_timeline_pic/7b02a0ea393/ccdf082e892ecce6076f2/%{version}_1504425814_image.jpg","versions":["big","med","small","ios_large"]},"dimensions":{"big":[1280,788],"med":[640,394]},"site_w_h":[640,394],"page_w_h":[640,394],"site_w_h_small":[310,191],"size":[1280,788],"age_restricted":false,"age_restricted_by_admin":false,"not_safe_for_work":false,"allow_reuse":false,"dont_crop":false,"banned":false,"global_safe":true,"audio_file_url":"https://coub-anubis-a.akamaized.net/coub_storage/audio_track/cw_normalized_copy/38fd489bfa0/214648fd3126df5b4a2b6/low_1522250989_iuigg6_normalized_1504425688_audio.mp3","external_download":false,"application":null,"channel":{"id":322269,"permalink":"rebelbyte","title":"Rebel Byte","description":"Pixel Culture","followers_count":6578,"following_count":114,"avatar_versions":{"template":"https://coub-anubis-a.akamaized.net/coub_storage/channel/cw_avatar/523be47e4fe/157780b1e8085dce0ae44/%{version}_1523607887_1041uuu.png","versions":["medium","medium_2x","profile_pic","profile_pic_new","profile_pic_new_2x","tiny","tiny_2x","small","small_2x","ios_large","ios_small"]}},"file":null,"picture":"https://coub-anubis-a.akamaized.net/coub_storage/coub/simple/cw_image/84b7fc8414b/10eb060115a825d4033df/1504425814_00032.jpg","timeline_picture":"https://coub-anubis-a.akamaized.net/coub_storage/coub/simple/cw_timeline_pic/7b02a0ea393/ccdf082e892ecce6076f2/ios_large_1504425814_image.jpg","small_picture":"https://coub-anubis-a.akamaized.net/coub_storage/coub/simple/cw_image/84b7fc8414b/10eb060115a825d4033df/1504425814_00032.jpg","sharing_picture":null,"percent_done":100,"tags":[{"id":2837537,"title":"fearofdark","value":"fearofdark"},{"id":7443,"title":"chiptune","value":"chiptune"},{"id":5212,"title":"8bit","value":"8bit"},{"id":424,"title":"animation","value":"animation"},{"id":3072,"title":"art","value":"art"},{"id":2107,"title":"ride","value":"ride"},{"id":268,"title":"summer","value":"summer"},{"id":420,"title":"pixel","value":"pixel"},{"id":1564,"title":"sea","value":"sea"}],"categories":[{"id":2,"title":"Art & Design","permalink":"art","subscriptions_count":10092089,"big_image_url":"https://coub-anubis-a.akamaized.net/coub_storage/category/cw_image/bc49636b5e9/9d819c4215f13ccf07a7b/big_1544749302_art2.png","small_image_url":"https://coub-anubis-a.akamaized.net/coub_storage/category/cw_image/bc49636b5e9/9d819c4215f13ccf07a7b/small_1544749302_art2.png","med_image_url":"https://coub-anubis-a.akamaized.net/coub_storage/category/cw_image/bc49636b5e9/9d819c4215f13ccf07a7b/med_1544749302_art2.png","visible":true}],"communities":[{"id":2,"title":"Art & Design","permalink":"art","subscriptions_count":10092089,"big_image_url":"https://coub-anubis-a.akamaized.net/coub_storage/category/cw_image/bc49636b5e9/9d819c4215f13ccf07a7b/big_1544749302_art2.png","small_image_url":"https://coub-anubis-a.akamaized.net/coub_storage/category/cw_image/bc49636b5e9/9d819c4215f13ccf07a7b/small_1544749302_art2.png","med_image_url":"https://coub-anubis-a.akamaized.net/coub_storage/category/cw_image/bc49636b5e9/9d819c4215f13ccf07a7b/med_1544749302_art2.png","i_subscribed":true,"community_notifications_enabled":null,"description":null}],"recoubs_count":374,"remixes_count":11,"likes_count":1924,"dislikes_count":0,"raw_video_id":10193043,"uploaded_by_ios_app":false,"uploaded_by_android_app":false,"media_blocks":{"uploaded_raw_videos":[],"external_raw_videos":[],"remixed_from_coubs":[]},"raw_video_thumbnail_url":"/missing/missing.png","raw_video_title":"6f94bc83f0b71571c7317ce76605ced6.gif","video_block_banned":false,"duration":10.0,"promo_winner":false,"promo_winner_recoubers":null,"editorial_info":{},"promo_hint":null,"beeline_best_2014":null,"from_web_editor":true,"normalize_sound":true,"normalize_change_allowed":true,"best2015_addable":false,"ahmad_promo":null,"promo_data":null,"audio_copyright_claim":null,"ads_disabled":false,"is_safe_for_ads":true,"megafon_contents":[],"position_on_page":2},{"flag":null,"abuses":null,"recoubs_by_users_channels":null,"favourite":false,"promoted_id":null,"recoub":null,"like":null,"dislike":null,"reaction":null,"in_my_best2015":false,"id":165480767,"type":"Coub::Simple","permalink":"2q6cmc","title":"Life... ","visibility_type":"public","original_visibility_type":"public","channel_id":4104046,"created_at":"2021-03-17T17:41:59Z","updated_at":"2022-03-18T00:52:57Z","is_done":true,"views_count":181557,"cotd":null,"cotd_at":null,"visible_on_explore_root":false,"visible_on_explore":false,"featured":false,"published":true,"published_at":"2021-03-17T17:41:59Z","reversed":false,"from_editor_v2":true,"is_editable":true,"original_sound":false,"has_sound":false,"recoub_to":null,"file_versions":{"html5":{"video":{"higher":{"url":"https://coub-anubis-a.akamaized.net/coub_storage/coub/simple/cw_file/81b13bc67e8/a5e018ac0a8bc42b430d1/muted_mp4_huge_size_1616002921_muted_huge.mp4","size":772622},"high":{"url":"https://coub-anubis-a.akamaized.net/coub_storage/coub/simple/cw_file/81b13bc67e8/a5e018ac0a8bc42b430d1/muted_mp4_big_size_1616002921_muted_big.mp4","size":498298},"med":{"url":"https://coub-anubis-a.akamaized.net/coub_storage/coub/simple/cw_file/81b13bc67e8/a5e018ac0a8bc42b430d1/muted_mp4_med_size_1616002921_muted_med.mp4","size":178471}},"audio":{"high":{"url":"https://coub-anubis-a.akamaized.net/coub_storage/coub/simple/cw_looped_audio_high/6ee0118a6db/74fd6d8929a8688235162/1616002941_mp3-high.mp3","size":2027817},"med":{"url":"https://coub-anubis-a.akamaized.net/coub_storage/coub/simple/cw_looped_audio_med/4f7b7599f7e/efea999231d6f5e85f042/1616002940_mp3-med.mp3","size":1436982}}},"mobile":{"video":"https://coub-anubis-a.akamaized.net/coub_storage/coub/simple/cw_file/81b13bc67e8/a5e018ac0a8bc42b430d1/muted_mp4_med_size_1616002921_muted_med.mp4","audio":["https://coub-anubis-a.akamaized.net/coub_storage/coub/simple/cw_looped_audio_med/4f7b7599f7e/efea999231d6f5e85f042/1616002940_mp3-med.mp3"]},"share":{"default":"https://coub-anubis-a.akamaized.net/coub_storage/coub/simple/cw_video_for_sharing/63ab7d46508/b25d8ba30971208371861/1616002964_looped_1616002963.mp4"}},"audio_versions":{"template":"https://coub-anubis-a.akamaized.net/coub_storage/audio_track/cw_normalized_copy/3f2decd4f0b/1a364b095b2ad2fae3995/mid_1616002934_normalized_1616002924_1vu2j46_edited.mp3","versions":["mid","low"]},"image_versions":{"template":"https://coub-anubis-a.akamaized.net/coub_storage/coub/simple/cw_image/669d47fb904/3a839c7a05621c4c80023/%{version}_1616002944_00032.jpg","versions":["micro","tiny","age_restricted","ios_large","ios_mosaic","big","med","small","pinterest"]},"first_frame_versions":{"template":"https://coub-anubis-a.akamaized.net/coub_storage/coub/simple/cw_timeline_pic/93d345287c1/5270561f3dd988baedaa0/%{version}_1616002944_image.jpg","versions":["big","med","small","ios_large"]},"dimensions":{"big":[1280,810],"med":[640,404]},"site_w_h":[640,405],"page_w_h":[640,405],"site_w_h_small":[310,196],"size":[1280,810],"age_restricted":false,"age_restricted_by_admin":false,"not_safe_for_work":false,"allow_reuse":false,"dont_crop":true,"banned":false,"global_safe":null,"audio_file_url":"https://coub-anubis-a.akamaized.net/coub_storage/audio_track/cw_normalized_copy/3f2decd4f0b/1a364b095b2ad2fae3995/low_1616002934_normalized_1616002924_1vu2j46_edited.mp3","external_download":false,"application":null,"channel":{"id":4104046,"permalink":"lex00001","title":"Lexus","description":"P.S. Музыка из кубов вон в углу повесилась✌ жмякай 😎\r\nМой вк vk.com/lexa_go_1","followers_count":423,"following_count":9,"avatar_versions":{"template":"https://coub-anubis-a.akamaized.net/coub_storage/channel/cw_avatar/e045b33603a/1851c3330a7db05f7eb76/%{version}_1647438045_-b3XGwpaxIw.png","versions":["medium","medium_2x","profile_pic","profile_pic_new","profile_pic_new_2x","tiny","tiny_2x","small","small_2x","ios_large","ios_small"]}},"file":null,"picture":"https://coub-anubis-a.akamaized.net/coub_storage/coub/simple/cw_image/669d47fb904/3a839c7a05621c4c80023/med_1616002944_00032.jpg","timeline_picture":"https://coub-anubis-a.akamaized.net/coub_storage/coub/simple/cw_timeline_pic/93d345287c1/5270561f3dd988baedaa0/ios_large_1616002944_image.jpg","small_picture":"https://coub-anubis-a.akamaized.net/coub_storage/coub/simple/cw_image/669d47fb904/3a839c7a05621c4c80023/ios_mosaic_1616002944_00032.jpg","sharing_picture":null,"percent_done":100,"tags":[{"id":6215105,"title":"the son of flynn daft punk","value":"the%20son%20of%20flynn%20daft%20punk"},{"id":2104,"title":"life","value":"life"}],"categories":[{"id":2,"title":"Art & Design","permalink":"art","subscriptions_count":10092089,"big_image_url":"https://coub-anubis-a.akamaized.net/coub_storage/category/cw_image/bc49636b5e9/9d819c4215f13ccf07a7b/big_1544749302_art2.png","small_image_url":"https://coub-anubis-a.akamaized.net/coub_storage/category/cw_image/bc49636b5e9/9d819c4215f13ccf07a7b/small_1544749302_art2.png","med_image_url":"https://coub-anubis-a.akamaized.net/coub_storage/category/cw_image/bc49636b5e9/9d819c4215f13ccf07a7b/med_1544749302_art2.png","visible":true}],"communities":[{"id":2,"title":"Art & Design","permalink":"art","subscriptions_count":10092089,"big_image_url":"https://coub-anubis-a.akamaized.net/coub_storage/category/cw_image/bc49636b5e9/9d819c4215f13ccf07a7b/big_1544749302_art2.png","small_image_url":"https://coub-anubis-a.akamaized.net/coub_storage/category/cw_image/bc49636b5e9/9d819c4215f13ccf07a7b/small_1544749302_art2.png","med_image_url":"https://coub-anubis-a.akamaized.net/coub_storage/category/cw_image/bc49636b5e9/9d819c4215f13ccf07a7b/med_1544749302_art2.png","i_subscribed":true,"community_notifications_enabled":null,"description":null}],"recoubs_count":390,"remixes_count":1,"likes_count":1923,"dislikes_count":0,"raw_video_id":16268506,"uploaded_by_ios_app":false,"uploaded_by_android_app":false,"media_blocks":{"uploaded_raw_videos":[],"external_raw_videos":[],"remixed_from_coubs":[]},"raw_video_thumbnail_url":"https://coub-anubis-a.akamaized.net/coub_storage/raw_video/cw_image/2d3b42fdf77/c364c4bc8914883fb78de/coub_media_1616001934_image.jpg","raw_video_title":"Video.Guru_20210317_202251716.mp4","video_block_banned":false,"duration":10.0,"promo_winner":false,"promo_winner_recoubers":null,"editorial_info":{},"promo_hint":null,"beeline_best_2014":null,"from_web_editor":true,"normalize_sound":true,"normalize_change_allowed":true,"best2015_addable":false,"ahmad_promo":null,"promo_data":null,"audio_copyright_claim":null,"ads_disabled":false,"is_safe_for_ads":true,"megafon_contents":[],"position_on_page":3},{"flag":null,"abuses":null,"recoubs_by_users_channels":null,"favourite":false,"promoted_id":null,"recoub":null,"like":null,"dislike":null,"reaction":null,"in_my_best2015":false,"id":128114895,"type":"Coub::Simple","permalink":"23w6dq","title":"This is a man's world","visibility_type":"public","original_visibility_type":"public","channel_id":3217381,"created_at":"2019-11-03T11:14:06Z","updated_at":"2022-03-16T06:32:48Z","is_done":true,"views_count":154981,"cotd":null,"cotd_at":null,"visible_on_explore_root":false,"visible_on_explore":false,"featured":false,"published":true,"published_at":"2019-11-03T11:14:06Z","reversed":false,"from_editor_v2":true,"is_editable":true,"original_sound":false,"has_sound":false,"recoub_to":null,"file_versions":{"html5":{"video":{"higher":{"url":"https://coub-anubis-a.akamaized.net/coub_storage/coub/simple/cw_file/1021d6fcb8f/5cfc7d6e14ed803642337/muted_mp4_huge_size_1572779665_muted_huge.mp4","size":5570493},"high":{"url":"https://coub-anubis-a.akamaized.net/coub_storage/coub/simple/cw_file/1021d6fcb8f/5cfc7d6e14ed803642337/muted_mp4_big_size_1572779665_muted_big.mp4","size":4580060},"med":{"url":"https://coub-anubis-a.akamaized.net/coub_storage/coub/simple/cw_file/1021d6fcb8f/5cfc7d6e14ed803642337/muted_mp4_med_size_1572779665_muted_med.mp4","size":1030881}},"audio":{"high":{"url":"https://coub-anubis-a.akamaized.net/coub_storage/coub/simple/cw_looped_audio_high/8c332524a5b/e6e7d3afceb455a64cef7/1605695845_high_1572779673_high.mp3","size":1045904},"med":{"url":"https://coub-anubis-a.akamaized.net/coub_storage/coub/simple/cw_looped_audio_med/71b9f6e6815/57d00c33a81b12e345e59/1605695845_med_1572779673_med.mp3","size":957119}}},"mobile":{"video":"https://coub-anubis-a.akamaized.net/coub_storage/coub/simple/cw_file/1021d6fcb8f/5cfc7d6e14ed803642337/muted_mp4_med_size_1572779665_muted_med.mp4","audio":["https://coub-anubis-a.akamaized.net/coub_storage/coub/simple/cw_looped_audio_med/71b9f6e6815/57d00c33a81b12e345e59/1605695845_med_1572779673_med.mp3"]},"share":{"default":"https://coub-anubis-a.akamaized.net/coub_storage/coub/simple/cw_video_for_sharing/feb96277950/ae378e5aa03f939c17893/1612112802_looped_1612112800.mp4"}},"audio_versions":{"template":"https://coub-anubis-a.akamaized.net/coub_storage/audio_track/cw_normalized_copy/f0225dfd2a7/0c49c615987ac3479e48d/mid_1572779670_normalized_1572779666_1xddwrh_edited.mp3","versions":["mid","low"]},"image_versions":{"template":"https://coub-anubis-a.akamaized.net/coub_storage/coub/simple/cw_image/e9b6e4a537e/fe9832845aa816f658f19/1572779685_00032.jpg","versions":["micro","tiny","age_restricted","ios_large","ios_mosaic","big","med","small","pinterest"]},"first_frame_versions":{"template":"https://coub-anubis-a.akamaized.net/coub_storage/coub/simple/cw_timeline_pic/7f216da52a6/798430c51be846016e854/%{version}_1572779683_image.jpg","versions":["big","med","small","ios_large"]},"dimensions":{"big":[1280,720],"med":[640,360]},"site_w_h":[640,360],"page_w_h":[640,360],"site_w_h_small":[310,174],"size":[1280,720],"age_restricted":false,"age_restricted_by_admin":false,"not_safe_for_work":false,"allow_reuse":false,"dont_crop":false,"banned":false,"global_safe":false,"audio_file_url":"https://coub-anubis-a.akamaized.net/coub_storage/audio_track/cw_normalized_copy/f0225dfd2a7/0c49c615987ac3479e48d/low_1572779670_normalized_1572779666_1xddwrh_edited.mp3","external_download":false,"application":null,"channel":{"id":3217381,"permalink":"sergio100","title":"Sergio","description":null,"followers_count":346,"following_count":15,"avatar_versions":{"template":"https://coub-anubis-a.akamaized.net/coub_storage/channel/cw_avatar/3924497b424/f285cb937b4b37f95b7b1/%{version}_1608365512_1uhigcy_1511268504___________.png","versions":["medium","medium_2x","profile_pic","profile_pic_new","profile_pic_new_2x","tiny","tiny_2x","small","small_2x","ios_large","ios_small"]}},"file":null,"picture":"https://coub-anubis-a.akamaized.net/coub_storage/coub/simple/cw_image/e9b6e4a537e/fe9832845aa816f658f19/1572779685_00032.jpg","timeline_picture":"https://coub-anubis-a.akamaized.net/coub_storage/coub/simple/cw_timeline_pic/7f216da52a6/798430c51be846016e854/ios_large_1572779683_image.jpg","small_picture":"https://coub-anubis-a.akamaized.net/coub_storage/coub/simple/cw_image/e9b6e4a537e/fe9832845aa816f658f19/1572779685_00032.jpg","sharing_picture":null,"percent_done":100,"tags":[],"categories":[{"id":2,"title":"Art & Design","permalink":"art","subscriptions_count":10092089,"big_image_url":"https://coub-anubis-a.akamaized.net/coub_storage/category/cw_image/bc49636b5e9/9d819c4215f13ccf07a7b/big_1544749302_art2.png","small_image_url":"https://coub-anubis-a.akamaized.net/coub_storage/category/cw_image/bc49636b5e9/9d819c4215f13ccf07a7b/small_1544749302_art2.png","med_image_url":"https://coub-anubis-a.akamaized.net/coub_storage/category/cw_image/bc49636b5e9/9d819c4215f13ccf07a7b/med_1544749302_art2.png","visible":true}],"communities":[{"id":2,"title":"Art & Design","permalink":"art","subscriptions_count":10092089,"big_image_url":"https://coub-anubis-a.akamaized.net/coub_storage/category/cw_image/bc49636b5e9/9d819c4215f13ccf07a7b/big_1544749302_art2.png","small_image_url":"https://coub-anubis-a.akamaized.net/coub_storage/category/cw_image/bc49636b5e9/9d819c4215f13ccf07a7b/small_1544749302_art2.png","med_image_url":"https://coub-anubis-a.akamaized.net/coub_storage/category/cw_image/bc49636b5e9/9d819c4215f13ccf07a7b/med_1544749302_art2.png","i_subscribed":true,"community_notifications_enabled":null,"description":null}],"recoubs_count":379,"remixes_count":0,"likes_count":1922,"dislikes_count":0,"raw_video_id":14421178,"uploaded_by_ios_app":false,"uploaded_by_android_app":false,"media_blocks":{"uploaded_raw_videos":[],"external_raw_videos":[],"remixed_from_coubs":[]},"raw_video_thumbnail_url":"/missing/missing.png","raw_video_title":"Untitled.MP4","video_block_banned":false,"duration":10.0,"promo_winner":false,"promo_winner_recoubers":null,"editorial_info":{},"promo_hint":null,"beeline_best_2014":null,"from_web_editor":true,"normalize_sound":true,"normalize_change_allowed":true,"best2015_addable":false,"ahmad_promo":null,"promo_data":null,"audio_copyright_claim":null,"ads_disabled":false,"is_safe_for_ads":true,"megafon_contents":[],"position_on_page":4},{"flag":null,"abuses":null,"recoubs_by_users_channels":null,"favourite":false,"promoted_id":null,"recoub":null,"like":null,"dislike":null,"reaction":null,"in_my_best2015":false,"id":105462930,"type":"Coub::Simple","permalink":"1qdt06","title":"Pixelizer","visibility_type":"public","original_visibility_type":"public","channel_id":175933,"created_at":"2019-03-15T14:50:52Z","updated_at":"2022-03-18T03:37:21Z","is_done":true,"views_count":106993,"cotd":null,"cotd_at":null,"visible_on_explore_root":false,"visible_on_explore":false,"featured":false,"published":true,"published_at":"2019-03-15T20:06:00Z","reversed":false,"from_editor_v2":true,"is_editable":true,"original_sound":false,"has_sound":false,"recoub_to":null,"file_versions":{"html5":{"video":{"higher":{"url":"https://coub-anubis-a.akamaized.net/coub_storage/coub/simple/cw_file/4774442951a/a5d2fb44e2475bf89ad50/muted_mp4_huge_size_1569153795_muted_huge.mp4","size":6196642},"high":{"url":"https://coub-anubis-a.akamaized.net/coub_storage/coub/simple/cw_file/4774442951a/a5d2fb44e2475bf89ad50/muted_mp4_big_size_1569153795_muted_big.mp4","size":4718745},"med":{"url":"https://coub-anubis-a.akamaized.net/coub_storage/coub/simple/cw_file/4774442951a/a5d2fb44e2475bf89ad50/muted_mp4_med_size_1569153795_muted_med.mp4","size":1687648}},"audio":{"high":{"url":"https://coub-anubis-a.akamaized.net/coub_storage/coub/simple/cw_looped_audio_high/d7bbccaeca6/165cf3a4b0470e07eeb2d/1605677978_high_1552661488_high.mp3","size":2058285},"med":{"url":"https://coub-anubis-a.akamaized.net/coub_storage/coub/simple/cw_looped_audio_med/184860d8f0e/ab12befa708f0a98045b8/1605677977_med_1552661488_med.mp3","size":1596380}}},"mobile":{"video":"https://coub-anubis-a.akamaized.net/coub_storage/coub/simple/cw_file/4774442951a/a5d2fb44e2475bf89ad50/muted_mp4_med_size_1569153795_muted_med.mp4","audio":["https://coub-anubis-a.akamaized.net/coub_storage/coub/simple/cw_looped_audio_med/184860d8f0e/ab12befa708f0a98045b8/1605677977_med_1552661488_med.mp3"]},"share":{"default":"https://coub-anubis-a.akamaized.net/coub_storage/coub/simple/cw_video_for_sharing/e600eea10e7/4656d7cca8ce03fc336c9/1608432363_looped_1608432362.mp4"}},"audio_versions":{"template":"https://coub-anubis-a.akamaized.net/coub_storage/audio_track/cw_normalized_copy/2f37f21a55a/bd22c770d9ab33e51750c/mid_1552661480_normalized_1552661468_16dx1uc_edited.mp3","versions":["mid","low"]},"image_versions":{"template":"https://coub-anubis-a.akamaized.net/coub_storage/coub/simple/cw_image/fad0a93a176/fc50a8a00569b2f180756/1552661498_00032.jpg","versions":["micro","tiny","age_restricted","ios_large","ios_mosaic","big","med","small","pinterest"]},"first_frame_versions":{"template":"https://coub-anubis-a.akamaized.net/coub_storage/coub/simple/cw_timeline_pic/720f71ed5e8/6f4873777ef526b6a4d2f/%{version}_1552661498_image.jpg","versions":["big","med","small","ios_large"]},"dimensions":{"big":[1280,720],"med":[640,360]},"site_w_h":[640,360],"page_w_h":[640,360],"site_w_h_small":[310,174],"size":[1280,720],"age_restricted":false,"age_restricted_by_admin":false,"not_safe_for_work":false,"allow_reuse":false,"dont_crop":false,"banned":false,"global_safe":true,"audio_file_url":"https://coub-anubis-a.akamaized.net/coub_storage/audio_track/cw_normalized_copy/2f37f21a55a/bd22c770d9ab33e51750c/low_1552661480_normalized_1552661468_16dx1uc_edited.mp3","external_download":false,"application":null,"channel":{"id":175933,"permalink":"unknown-artist-lynx","title":"꧁YuPI LYN'x'꧂","description":"..𝐻𝒶𝓋𝑒 𝒶 𝓃𝒾𝒸𝑒 𝒹𝒶𝓎.. 𝐸𝓃𝒿𝑜𝓎 𝓎𝑜𝓊𝓇 𝓉𝒾𝓂𝑒..","followers_count":372,"following_count":35,"avatar_versions":{"template":"https://coub-anubis-a.akamaized.net/coub_storage/channel/cw_avatar/e423915ae87/3eae297c91a21a6b698e0/%{version}_1589998779_wM825__tCG10.jpg","versions":["medium","medium_2x","profile_pic","profile_pic_new","profile_pic_new_2x","tiny","tiny_2x","small","small_2x","ios_large","ios_small"]}},"file":null,"picture":"https://coub-anubis-a.akamaized.net/coub_storage/coub/simple/cw_image/fad0a93a176/fc50a8a00569b2f180756/1552661498_00032.jpg","timeline_picture":"https://coub-anubis-a.akamaized.net/coub_storage/coub/simple/cw_timeline_pic/720f71ed5e8/6f4873777ef526b6a4d2f/ios_large_1552661498_image.jpg","small_picture":"https://coub-anubis-a.akamaized.net/coub_storage/coub/simple/cw_image/fad0a93a176/fc50a8a00569b2f180756/1552661498_00032.jpg","sharing_picture":null,"percent_done":100,"tags":[{"id":420,"title":"pixel","value":"pixel"},{"id":387564,"title":"music trip","value":"music%20trip"},{"id":547872,"title":"gamingcoub","value":"gamingcoub"},{"id":424,"title":"animation","value":"animation"},{"id":419,"title":"dog","value":"dog"},{"id":18395,"title":"adult swim","value":"adult%20swim"},{"id":291299,"title":"paul robertson","value":"paul%20robertson"},{"id":1140,"title":"game","value":"game"},{"id":7443,"title":"chiptune","value":"chiptune"},{"id":65928,"title":"zx spectrum","value":"zx%20spectrum"},{"id":1743,"title":"lsd","value":"lsd"},{"id":208,"title":"cartoon","value":"cartoon"},{"id":7150,"title":"cult","value":"cult"},{"id":8142,"title":"zoo","value":"zoo"},{"id":95482,"title":"залипалка","value":"%D0%B7%D0%B0%D0%BB%D0%B8%D0%BF%D0%B0%D0%BB%D0%BA%D0%B0"},{"id":35822,"title":"pixel art","value":"pixel%20art"},{"id":152063,"title":"8-bit pixel","value":"8-bit%20pixel"},{"id":35820,"title":"8-bit","value":"8-bit"},{"id":134,"title":"cat","value":"cat"},{"id":168,"title":"loop","value":"loop"},{"id":7737,"title":"neon","value":"neon"},{"id":2824967,"title":"i hate this game","value":"i%20hate%20this%20game"},{"id":4771403,"title":"hatebit","value":"hatebit"},{"id":3072,"title":"art","value":"art"},{"id":5629,"title":"abstract","value":"abstract"},{"id":963,"title":"moon","value":"moon"},{"id":794,"title":"evil","value":"evil"},{"id":146,"title":"dark","value":"dark"},{"id":6136,"title":"pizza","value":"pizza"},{"id":459,"title":"rainbow","value":"rainbow"},{"id":946470,"title":"pixel city","value":"pixel%20city"},{"id":4773665,"title":"ihtg","value":"ihtg"},{"id":11081,"title":"play","value":"play"},{"id":26161,"title":"coub day","value":"coub%20day"},{"id":327018,"title":"kuplinov","value":"kuplinov"},{"id":298,"title":"love","value":"love"},{"id":2851,"title":"animal","value":"animal"},{"id":1394156,"title":"doggo","value":"doggo"},{"id":2884,"title":"friends","value":"friends"},{"id":3515,"title":"nice","value":"nice"},{"id":1071,"title":"cool","value":"cool"},{"id":4773666,"title":"pizza boi","value":"pizza%20boi"}],"categories":[{"id":2,"title":"Art & Design","permalink":"art","subscriptions_count":10092089,"big_image_url":"https://coub-anubis-a.akamaized.net/coub_storage/category/cw_image/bc49636b5e9/9d819c4215f13ccf07a7b/big_1544749302_art2.png","small_image_url":"https://coub-anubis-a.akamaized.net/coub_storage/category/cw_image/bc49636b5e9/9d819c4215f13ccf07a7b/small_1544749302_art2.png","med_image_url":"https://coub-anubis-a.akamaized.net/coub_storage/category/cw_image/bc49636b5e9/9d819c4215f13ccf07a7b/med_1544749302_art2.png","visible":true}],"communities":[{"id":2,"title":"Art & Design","permalink":"art","subscriptions_count":10092089,"big_image_url":"https://coub-anubis-a.akamaized.net/coub_storage/category/cw_image/bc49636b5e9/9d819c4215f13ccf07a7b/big_1544749302_art2.png","small_image_url":"https://coub-anubis-a.akamaized.net/coub_storage/category/cw_image/bc49636b5e9/9d819c4215f13ccf07a7b/small_1544749302_art2.png","med_image_url":"https://coub-anubis-a.akamaized.net/coub_storage/category/cw_image/bc49636b5e9/9d819c4215f13ccf07a7b/med_1544749302_art2.png","i_subscribed":true,"community_notifications_enabled":null,"description":null}],"recoubs_count":474,"remixes_count":2,"likes_count":1922,"dislikes_count":0,"raw_video_id":"","uploaded_by_ios_app":false,"uploaded_by_android_app":false,"media_blocks":{"uploaded_raw_videos":[],"external_raw_videos":[],"remixed_from_coubs":[{"id":18713066,"title":"pixel doggies","url":"http://coub.com/coubs/51tzr/remix","image":"https://coub-anubis-a.akamaized.net/coub_storage/media_block/cw_image/879d52a9677/de59d6d2a465ef9524c8b/1491965175_1424169274_00017.jpg","image_retina":"https://coub-anubis-a.akamaized.net/coub_storage/media_block/cw_image/879d52a9677/de59d6d2a465ef9524c8b/1491965175_1424169274_00017.jpg","meta":{"duration":"5.24"},"duration":null,"coub_channel_title":"Niks  ☮","coub_channel_permalink":"--niks--","coub_views_count":29344,"coub_permalink":"51tzr"},{"id":18709532,"title":"pixel cats  are everywhere ","url":"http://coub.com/coubs/4soci/remix","image":"https://coub-anubis-a.akamaized.net/coub_storage/media_block/cw_image/5ab7c28b968/e1362ab146be3ebc6c84e/1491964143_1422446565_00015.jpg","image_retina":"https://coub-anubis-a.akamaized.net/coub_storage/media_block/cw_image/5ab7c28b968/e1362ab146be3ebc6c84e/1491964143_1422446565_00015.jpg","meta":{"duration":"4.76"},"duration":null,"coub_channel_title":"Niks  ☮","coub_channel_permalink":"--niks--","coub_views_count":101085,"coub_permalink":"4soci"}]},"raw_video_thumbnail_url":"","raw_video_title":"","video_block_banned":false,"duration":10.0,"promo_winner":false,"promo_winner_recoubers":null,"editorial_info":{},"promo_hint":null,"beeline_best_2014":null,"from_web_editor":true,"normalize_sound":true,"normalize_change_allowed":true,"best2015_addable":false,"ahmad_promo":null,"promo_data":null,"audio_copyright_claim":null,"ads_disabled":false,"is_safe_for_ads":true,"megafon_contents":[],"position_on_page":5},{"flag":null,"abuses":null,"recoubs_by_users_channels":null,"favourite":false,"promoted_id":null,"recoub":null,"like":null,"dislike":null,"reaction":null,"in_my_best2015":false,"id":109761916,"type":"Coub::Simple","permalink":"1sxy5c","title":"AngeliNOOOOOOOOOO","visibility_type":"public","original_visibility_type":"public","channel_id":5441261,"created_at":"2019-04-23T18:19:23Z","updated_at":"2022-03-18T08:09:36Z","is_done":true,"views_count":117711,"cotd":null,"cotd_at":null,"visible_on_explore_root":false,"visible_on_explore":false,"featured":false,"published":true,"published_at":"2019-04-23T18:19:23Z","reversed":false,"from_editor_v2":true,"is_editable":true,"original_sound":false,"has_sound":false,"recoub_to":null,"file_versions":{"html5":{"video":{"higher":{"url":"https://coub-anubis-a.akamaized.net/coub_storage/coub/simple/cw_file/4cef2223fc5/1545510e4b3f85d372ce9/muted_mp4_huge_size_1569430000_muted_huge.mp4","size":3139189},"high":{"url":"https://coub-anubis-a.akamaized.net/coub_storage/coub/simple/cw_file/4cef2223fc5/1545510e4b3f85d372ce9/muted_mp4_big_size_1569430000_muted_big.mp4","size":2072912},"med":{"url":"https://coub-anubis-a.akamaized.net/coub_storage/coub/simple/cw_file/4cef2223fc5/1545510e4b3f85d372ce9/muted_mp4_med_size_1569430000_muted_med.mp4","size":624103}},"audio":{"high":{"url":"https://coub-anubis-a.akamaized.net/coub_storage/coub/simple/cw_looped_audio_high/783fc4e3e7d/104b31214cd0263132a5c/1605679664_high_1556043663_high.mp3","size":6380475},"med":{"url":"https://coub-anubis-a.akamaized.net/coub_storage/coub/simple/cw_looped_audio_med/83ad13145e8/28584fb0d7aeae4aec3e3/1605679657_med_1556043663_med.mp3","size":5367207}}},"mobile":{"video":"https://coub-anubis-a.akamaized.net/coub_storage/coub/simple/cw_file/4cef2223fc5/1545510e4b3f85d372ce9/muted_mp4_med_size_1569430000_muted_med.mp4","audio":["https://coub-anubis-a.akamaized.net/coub_storage/coub/simple/cw_looped_audio_med/83ad13145e8/28584fb0d7aeae4aec3e3/1605679657_med_1556043663_med.mp3"]},"share":{"default":"https://coub-anubis-a.akamaized.net/coub_storage/coub/simple/cw_video_for_sharing/424b05ab4e1/27fb0abe4a5eb9b056867/1608301851_looped_1608301851.mp4"}},"audio_versions":{"template":"https://coub-anubis-a.akamaized.net/coub_storage/audio_track/cw_normalized_copy/c4221a785e8/1426f6380f1a81e2465aa/mid_1556043640_normalized_1556043594_1l212je_edited.mp3","versions":["mid","low"]},"image_versions":{"template":"https://coub-anubis-a.akamaized.net/coub_storage/coub/simple/cw_image/b3c7e0bed43/8cac982bbf57977b21af6/1556043687_00032.jpg","versions":["micro","tiny","age_restricted","ios_large","ios_mosaic","big","med","small","pinterest"]},"first_frame_versions":{"template":"https://coub-anubis-a.akamaized.net/coub_storage/coub/simple/cw_timeline_pic/005ba2091d0/04619eda1ed9eb25cbe3e/%{version}_1556043687_image.jpg","versions":["big","med","small","ios_large"]},"dimensions":{"big":[960,960],"med":[480,480]},"site_w_h":[400,400],"page_w_h":[400,400],"site_w_h_small":[310,310],"size":[960,960],"age_restricted":false,"age_restricted_by_admin":false,"not_safe_for_work":false,"allow_reuse":false,"dont_crop":false,"banned":false,"global_safe":true,"audio_file_url":"https://coub-anubis-a.akamaized.net/coub_storage/audio_track/cw_normalized_copy/c4221a785e8/1426f6380f1a81e2465aa/low_1556043640_normalized_1556043594_1l212je_edited.mp3","external_download":{"type":"Imgur","service_name":"Imgur","url":"https://i.imgur.com/VZ6Xl91.gifv","has_embed":false},"application":null,"channel":{"id":5441261,"permalink":"astandane","title":"Astandane","description":null,"followers_count":29,"following_count":35,"avatar_versions":{"template":"https://coub-anubis-a.akamaized.net/coub_storage/channel/cw_avatar/06a433df049/5a9344b79e521a47029ff/%{version}_1607696316_1beo2tg_1588833942_95978530_681424992435613_7246609597954260992_n.jpg","versions":["medium","medium_2x","profile_pic","profile_pic_new","profile_pic_new_2x","tiny","tiny_2x","small","small_2x","ios_large","ios_small"]}},"file":null,"picture":"https://coub-anubis-a.akamaized.net/coub_storage/coub/simple/cw_image/b3c7e0bed43/8cac982bbf57977b21af6/1556043687_00032.jpg","timeline_picture":"https://coub-anubis-a.akamaized.net/coub_storage/coub/simple/cw_timeline_pic/005ba2091d0/04619eda1ed9eb25cbe3e/ios_large_1556043687_image.jpg","small_picture":"https://coub-anubis-a.akamaized.net/coub_storage/coub/simple/cw_image/b3c7e0bed43/8cac982bbf57977b21af6/1556043687_00032.jpg","sharing_picture":null,"percent_done":100,"tags":[{"id":2224,"title":"tattoo","value":"tattoo"},{"id":443,"title":"fail","value":"fail"},{"id":1474313,"title":"evil morty","value":"evil%20morty"}],"categories":[{"id":2,"title":"Art & Design","permalink":"art","subscriptions_count":10092089,"big_image_url":"https://coub-anubis-a.akamaized.net/coub_storage/category/cw_image/bc49636b5e9/9d819c4215f13ccf07a7b/big_1544749302_art2.png","small_image_url":"https://coub-anubis-a.akamaized.net/coub_storage/category/cw_image/bc49636b5e9/9d819c4215f13ccf07a7b/small_1544749302_art2.png","med_image_url":"https://coub-anubis-a.akamaized.net/coub_storage/category/cw_image/bc49636b5e9/9d819c4215f13ccf07a7b/med_1544749302_art2.png","visible":true}],"communities":[{"id":2,"title":"Art & Design","permalink":"art","subscriptions_count":10092089,"big_image_url":"https://coub-anubis-a.akamaized.net/coub_storage/category/cw_image/bc49636b5e9/9d819c4215f13ccf07a7b/big_1544749302_art2.png","small_image_url":"https://coub-anubis-a.akamaized.net/coub_storage/category/cw_image/bc49636b5e9/9d819c4215f13ccf07a7b/small_1544749302_art2.png","med_image_url":"https://coub-anubis-a.akamaized.net/coub_storage/category/cw_image/bc49636b5e9/9d819c4215f13ccf07a7b/med_1544749302_art2.png","i_subscribed":true,"community_notifications_enabled":null,"description":null}],"recoubs_count":380,"remixes_count":1,"likes_count":1921,"dislikes_count":0,"raw_video_id":13595071,"uploaded_by_ios_app":false,"uploaded_by_android_app":false,"media_blocks":{"uploaded_raw_videos":[],"external_raw_videos":[{"id":31508406,"title":"The Resemblance is Uncanny","url":"https://imgur.com/gallery/VZ6Xl91","image":"https://coub-anubis-a.akamaized.net/coub_storage/media_block/cw_image/cc1f18fbdbf/ffe8e3d9674808650869b/1556043185_13p4kga_1556043179_18v4iiz_att-url-download.jpg_fbplay","image_retina":"https://coub-anubis-a.akamaized.net/coub_storage/media_block/cw_image/cc1f18fbdbf/ffe8e3d9674808650869b/1556043185_13p4kga_1556043179_18v4iiz_att-url-download.jpg_fbplay","meta":{"service":"Imgur","duration":"15.0"},"duration":15.0,"raw_video_id":13595071,"has_embed":false}],"remixed_from_coubs":[],"external_video":{"id":31508406,"title":"The Resemblance is Uncanny","url":"https://imgur.com/gallery/VZ6Xl91","image":"https://coub-anubis-a.akamaized.net/coub_storage/media_block/cw_image/cc1f18fbdbf/ffe8e3d9674808650869b/1556043185_13p4kga_1556043179_18v4iiz_att-url-download.jpg_fbplay","image_retina":"https://coub-anubis-a.akamaized.net/coub_storage/media_block/cw_image/cc1f18fbdbf/ffe8e3d9674808650869b/1556043185_13p4kga_1556043179_18v4iiz_att-url-download.jpg_fbplay","meta":{"service":"Imgur","duration":"15.0"},"duration":15.0,"raw_video_id":13595071,"has_embed":false}},"raw_video_thumbnail_url":"/missing/missing.png","raw_video_title":"The Resemblance is Uncanny","video_block_banned":false,"duration":9.96,"promo_winner":false,"promo_winner_recoubers":null,"editorial_info":{},"promo_hint":null,"beeline_best_2014":null,"from_web_editor":true,"normalize_sound":true,"normalize_change_allowed":true,"best2015_addable":false,"ahmad_promo":null,"promo_data":null,"audio_copyright_claim":null,"ads_disabled":false,"is_safe_for_ads":true,"megafon_contents":[],"position_on_page":6},{"flag":null,"abuses":null,"recoubs_by_users_channels":null,"favourite":false,"promoted_id":null,"recoub":null,"like":null,"dislike":null,"reaction":null,"in_my_best2015":false,"id":150061573,"type":"Coub::Simple","permalink":"2gzuzi","title":"Pixel Saitama","visibility_type":"public","original_visibility_type":"public","channel_id":4287915,"created_at":"2020-07-21T13:42:56Z","updated_at":"2022-03-18T04:58:19Z","is_done":true,"views_count":147212,"cotd":null,"cotd_at":null,"visible_on_explore_root":false,"visible_on_explore":false,"featured":false,"published":true,"published_at":"2020-07-21T13:45:44Z","reversed":false,"from_editor_v2":true,"is_editable":true,"original_sound":false,"has_sound":false,"recoub_to":null,"file_versions":{"html5":{"video":{"higher":{"url":"https://coub-anubis-a.akamaized.net/coub_storage/coub/simple/cw_file/4ccc5a59e31/b22bc0c5bc9c7affbb398/muted_mp4_huge_size_1595338978_muted_huge.mp4","size":214582},"high":{"url":"https://coub-anubis-a.akamaized.net/coub_storage/coub/simple/cw_file/4ccc5a59e31/b22bc0c5bc9c7affbb398/muted_mp4_big_size_1595338978_muted_big.mp4","size":153209},"med":{"url":"https://coub-anubis-a.akamaized.net/coub_storage/coub/simple/cw_file/4ccc5a59e31/b22bc0c5bc9c7affbb398/muted_mp4_med_size_1595338978_muted_med.mp4","size":56470}},"audio":{"high":{"url":"https://coub-anubis-a.akamaized.net/coub_storage/coub/simple/cw_looped_audio_high/7dd436e2333/5dfa8239a425f57ea315f/1607278291_high_1595338994_high.mp3","size":1054324},"med":{"url":"https://coub-anubis-a.akamaized.net/coub_storage/coub/simple/cw_looped_audio_med/30be33ec284/a479b7d67fc1a611c2b5f/1607278290_med_1595338994_med.mp3","size":853909}}},"mobile":{"video":"https://coub-anubis-a.akamaized.net/coub_storage/coub/simple/cw_file/4ccc5a59e31/b22bc0c5bc9c7affbb398/muted_mp4_med_size_1595338978_muted_med.mp4","audio":["https://coub-anubis-a.akamaized.net/coub_storage/coub/simple/cw_looped_audio_med/30be33ec284/a479b7d67fc1a611c2b5f/1607278290_med_1595338994_med.mp3"]},"share":{"default":"https://coub-anubis-a.akamaized.net/coub_storage/coub/simple/cw_video_for_sharing/15435cfa168/7ed9337a6bbe6e740070f/1608701831_looped_1608701830.mp4"}},"audio_versions":{"template":"https://coub-anubis-a.akamaized.net/coub_storage/audio_track/cw_normalized_copy/4ca187a4c7e/eb96f578a8b5c77773fa2/mid_1595338988_normalized_1595338979_j57ug_edited.mp3","versions":["mid","low"]},"image_versions":{"template":"https://coub-anubis-a.akamaized.net/coub_storage/coub/simple/cw_image/4e1b9379186/9c001870d473ecaf95be9/1595339000_00003.jpg","versions":["micro","tiny","age_restricted","ios_large","ios_mosaic","big","med","small","pinterest"]},"first_frame_versions":{"template":"https://coub-anubis-a.akamaized.net/coub_storage/coub/simple/cw_timeline_pic/4be460423d2/891769039ccdecc6c9eb1/%{version}_1595339000_image.jpg","versions":["big","med","small","ios_large"]},"dimensions":{"big":[1280,678],"med":[640,338]},"site_w_h":[640,339],"page_w_h":[640,339],"site_w_h_small":[310,164],"size":[1280,678],"age_restricted":false,"age_restricted_by_admin":false,"not_safe_for_work":false,"allow_reuse":false,"dont_crop":false,"banned":false,"global_safe":true,"audio_file_url":"https://coub-anubis-a.akamaized.net/coub_storage/audio_track/cw_normalized_copy/4ca187a4c7e/eb96f578a8b5c77773fa2/low_1595338988_normalized_1595338979_j57ug_edited.mp3","external_download":{"type":"Youtube","service_name":"YouTube","url":"https://youtu.be/MG3ka6sE3Gg","has_embed":true},"application":null,"channel":{"id":4287915,"permalink":"daniel-farvey","title":"˅˄ Daniel Farvey ","description":"Ty for 10kk, you're the best! / Our team community: vk.com/va.malish.\r\n\r\nFor music or communication: vk.com/farvey :)","followers_count":681,"following_count":192,"avatar_versions":{"template":"https://coub-anubis-a.akamaized.net/coub_storage/channel/cw_avatar/dee6933acfe/f8090e5abfbab916e8842/%{version}_1607420851_vtsulw_1539191267_442275d4065c2c5debe1fdd092500ee0--sasuke-uchiha-naruto-shippuden.jpg","versions":["medium","medium_2x","profile_pic","profile_pic_new","profile_pic_new_2x","tiny","tiny_2x","small","small_2x","ios_large","ios_small"]}},"file":null,"picture":"https://coub-anubis-a.akamaized.net/coub_storage/coub/simple/cw_image/4e1b9379186/9c001870d473ecaf95be9/1595339000_00003.jpg","timeline_picture":"https://coub-anubis-a.akamaized.net/coub_storage/coub/simple/cw_timeline_pic/4be460423d2/891769039ccdecc6c9eb1/ios_large_1595339000_image.jpg","small_picture":"https://coub-anubis-a.akamaized.net/coub_storage/coub/simple/cw_image/4e1b9379186/9c001870d473ecaf95be9/1595339000_00003.jpg","sharing_picture":null,"percent_done":100,"tags":[{"id":4347139,"title":"v▲","value":"v%E2%96%B2"},{"id":79072,"title":"va","value":"va"},{"id":165,"title":"anime","value":"anime"},{"id":420,"title":"pixel","value":"pixel"},{"id":258946,"title":"pixelart","value":"pixelart"},{"id":661451,"title":"onepunchman","value":"onepunchman"},{"id":1039891,"title":"one punch man","value":"one%20punch%20man"},{"id":3072,"title":"art","value":"art"},{"id":5088,"title":"8 bit","value":"8%20bit"}],"categories":[{"id":2,"title":"Art & Design","permalink":"art","subscriptions_count":10092089,"big_image_url":"https://coub-anubis-a.akamaized.net/coub_storage/category/cw_image/bc49636b5e9/9d819c4215f13ccf07a7b/big_1544749302_art2.png","small_image_url":"https://coub-anubis-a.akamaized.net/coub_storage/category/cw_image/bc49636b5e9/9d819c4215f13ccf07a7b/small_1544749302_art2.png","med_image_url":"https://coub-anubis-a.akamaized.net/coub_storage/category/cw_image/bc49636b5e9/9d819c4215f13ccf07a7b/med_1544749302_art2.png","visible":true}],"communities":[{"id":2,"title":"Art & Design","permalink":"art","subscriptions_count":10092089,"big_image_url":"https://coub-anubis-a.akamaized.net/coub_storage/category/cw_image/bc49636b5e9/9d819c4215f13ccf07a7b/big_1544749302_art2.png","small_image_url":"https://coub-anubis-a.akamaized.net/coub_storage/category/cw_image/bc49636b5e9/9d819c4215f13ccf07a7b/small_1544749302_art2.png","med_image_url":"https://coub-anubis-a.akamaized.net/coub_storage/category/cw_image/bc49636b5e9/9d819c4215f13ccf07a7b/med_1544749302_art2.png","i_subscribed":true,"community_notifications_enabled":null,"description":null}],"recoubs_count":283,"remixes_count":0,"likes_count":1920,"dislikes_count":0,"raw_video_id":15480950,"uploaded_by_ios_app":false,"uploaded_by_android_app":false,"media_blocks":{"uploaded_raw_videos":[],"external_raw_videos":[{"id":36462924,"title":"tumblr o0syt0Bd7Q1tdj6xto1 500","url":"https://www.youtube.com/watch?v=MG3ka6sE3Gg","image":"https://coub-anubis-a.akamaized.net/coub_storage/media_block/cw_image/901f633d256/907ca45f9f1f9a15c6f4e/1595338268_11fu8h2_1595338263_1bsn2t8_att-url-download.jpg","image_retina":"https://coub-anubis-a.akamaized.net/coub_storage/media_block/cw_image/901f633d256/907ca45f9f1f9a15c6f4e/1595338268_11fu8h2_1595338263_1bsn2t8_att-url-download.jpg","meta":{"service":"Youtube","duration":"0.88"},"duration":0.88,"raw_video_id":15480950,"has_embed":true}],"remixed_from_coubs":[],"external_video":{"id":36462924,"title":"tumblr o0syt0Bd7Q1tdj6xto1 500","url":"https://www.youtube.com/watch?v=MG3ka6sE3Gg","image":"https://coub-anubis-a.akamaized.net/coub_storage/media_block/cw_image/901f633d256/907ca45f9f1f9a15c6f4e/1595338268_11fu8h2_1595338263_1bsn2t8_att-url-download.jpg","image_retina":"https://coub-anubis-a.akamaized.net/coub_storage/media_block/cw_image/901f633d256/907ca45f9f1f9a15c6f4e/1595338268_11fu8h2_1595338263_1bsn2t8_att-url-download.jpg","meta":{"service":"Youtube","duration":"0.88"},"duration":0.88,"raw_video_id":15480950,"has_embed":true}},"raw_video_thumbnail_url":"/missing/missing.png","raw_video_title":"tumblr o0syt0Bd7Q1tdj6xto1 500","video_block_banned":false,"duration":0.8,"promo_winner":false,"promo_winner_recoubers":null,"editorial_info":{},"promo_hint":null,"beeline_best_2014":null,"from_web_editor":true,"normalize_sound":true,"normalize_change_allowed":true,"best2015_addable":false,"ahmad_promo":null,"promo_data":null,"audio_copyright_claim":null,"ads_disabled":false,"is_safe_for_ads":true,"megafon_contents":[],"position_on_page":7},{"flag":null,"abuses":null,"recoubs_by_users_channels":null,"favourite":false,"promoted_id":null,"recoub":null,"like":null,"dislike":null,"reaction":null,"in_my_best2015":false,"id":9705960,"type":"Coub::Simple","permalink":"5bvti","title":"fts: robotic arms create custom furniture","visibility_type":"public","original_visibility_type":"public","channel_id":1557456,"created_at":"2015-03-07T19:22:38Z","updated_at":"2022-03-17T17:20:07Z","is_done":true,"views_count":111780,"cotd":null,"cotd_at":null,"visible_on_explore_root":true,"visible_on_explore":true,"featured":true,"published":true,"published_at":"2015-03-07T19:22:38Z","reversed":false,"from_editor_v2":true,"is_editable":true,"original_sound":true,"has_sound":true,"recoub_to":null,"file_versions":{"html5":{"video":{"higher":{"url":"https://coub-anubis-a.akamaized.net/coub_storage/coub/simple/cw_file/271885a17ce/27ba1bb61070e1c1358f0/muted_mp4_huge_size_1567757019_muted_huge.mp4","size":1377874},"high":{"url":"https://coub-anubis-a.akamaized.net/coub_storage/coub/simple/cw_file/271885a17ce/27ba1bb61070e1c1358f0/muted_mp4_big_size_1567757019_muted_big.mp4","size":1068327},"med":{"url":"https://coub-anubis-a.akamaized.net/coub_storage/coub/simple/cw_file/271885a17ce/27ba1bb61070e1c1358f0/muted_mp4_med_size_1567757019_muted_med.mp4","size":289459}},"audio":{"high":{"url":"https://coub-anubis-a.akamaized.net/coub_storage/coub/simple/cw_looped_audio_high/acdf909d084/0f7cf7cd19c5fd16415fb/1605444500_high_1445963797_high.mp3","size":1375502},"med":{"url":"https://coub-anubis-a.akamaized.net/coub_storage/coub/simple/cw_looped_audio_med/31da310700b/9b94ffa4a3f22bb56e07e/1605444500_med_1445963797_med.mp3","size":917001},"sample_duration":6.424}},"mobile":{"video":"https://coub-anubis-a.akamaized.net/coub_storage/coub/simple/cw_file/271885a17ce/27ba1bb61070e1c1358f0/muted_mp4_med_size_1567757019_muted_med.mp4","audio":["https://coub-anubis-a.akamaized.net/coub_storage/coub/simple/cw_looped_audio_med/31da310700b/9b94ffa4a3f22bb56e07e/1605444500_med_1445963797_med.mp3"]},"share":{"default":"https://coub-anubis-a.akamaized.net/coub_storage/coub/simple/cw_video_for_sharing/94174c37868/b137673d4ad030563e129/1643221548_looped_1643221548.mp4"}},"audio_versions":{},"image_versions":{"template":"https://coub-anubis-a.akamaized.net/coub_storage/coub/simple/cw_image/3d5be93faf5/cc72766f14d8f4a49d00e/1425756692_00021.jpg","versions":["micro","tiny","age_restricted","ios_large","ios_mosaic","big","med","small","pinterest"]},"first_frame_versions":{"template":"https://coub-anubis-a.akamaized.net/coub_storage/coub/simple/cw_timeline_pic/3d5be93faf5/cc72766f14d8f4a49d00e/%{version}_1425756691_image.jpg","versions":["big","med","small","ios_large"]},"dimensions":{"big":[1280,720],"med":[640,360]},"site_w_h":[640,360],"page_w_h":[640,360],"site_w_h_small":[310,174],"size":[1280,720],"age_restricted":false,"age_restricted_by_admin":false,"not_safe_for_work":false,"allow_reuse":false,"dont_crop":false,"banned":false,"global_safe":true,"audio_file_url":null,"external_download":{"type":"Youtube","service_name":"YouTube","url":"http://www.youtube.com/watch?v=L8NRUWonPOA","has_embed":true},"application":null,"channel":{"id":1557456,"permalink":"feelthisshit","title":"feelthisshit","description":null,"followers_count":345,"following_count":26,"avatar_versions":{"template":"https://coub-anubis-a.akamaized.net/coub_storage/channel/cw_avatar/ea4d4aaee5d/538b5c78adfafadd30e7b/%{version}_1609116629_tpx8ug_1474593912_av2.jpg","versions":["medium","medium_2x","profile_pic","profile_pic_new","profile_pic_new_2x","tiny","tiny_2x","small","small_2x","ios_large","ios_small"]}},"file":null,"picture":"https://coub-anubis-a.akamaized.net/coub_storage/coub/simple/cw_image/3d5be93faf5/cc72766f14d8f4a49d00e/1425756692_00021.jpg","timeline_picture":"https://coub-anubis-a.akamaized.net/coub_storage/coub/simple/cw_timeline_pic/3d5be93faf5/cc72766f14d8f4a49d00e/ios_large_1425756691_image.jpg","small_picture":"https://coub-anubis-a.akamaized.net/coub_storage/coub/simple/cw_image/3d5be93faf5/cc72766f14d8f4a49d00e/1425756692_00021.jpg","sharing_picture":null,"percent_done":100,"tags":[{"id":490820,"title":"hail robots","value":"hail%20robots"},{"id":721383,"title":"kram/weisshaar","value":"kram/weisshaar"},{"id":385,"title":"design","value":"design"},{"id":296497,"title":"robotic arm","value":"robotic%20arm"},{"id":11581,"title":"robotics","value":"robotics"}],"categories":[{"id":2,"title":"Art & Design","permalink":"art","subscriptions_count":10092089,"big_image_url":"https://coub-anubis-a.akamaized.net/coub_storage/category/cw_image/bc49636b5e9/9d819c4215f13ccf07a7b/big_1544749302_art2.png","small_image_url":"https://coub-anubis-a.akamaized.net/coub_storage/category/cw_image/bc49636b5e9/9d819c4215f13ccf07a7b/small_1544749302_art2.png","med_image_url":"https://coub-anubis-a.akamaized.net/coub_storage/category/cw_image/bc49636b5e9/9d819c4215f13ccf07a7b/med_1544749302_art2.png","visible":true}],"communities":[{"id":2,"title":"Art & Design","permalink":"art","subscriptions_count":10092089,"big_image_url":"https://coub-anubis-a.akamaized.net/coub_storage/category/cw_image/bc49636b5e9/9d819c4215f13ccf07a7b/big_1544749302_art2.png","small_image_url":"https://coub-anubis-a.akamaized.net/coub_storage/category/cw_image/bc49636b5e9/9d819c4215f13ccf07a7b/small_1544749302_art2.png","med_image_url":"https://coub-anubis-a.akamaized.net/coub_storage/category/cw_image/bc49636b5e9/9d819c4215f13ccf07a7b/med_1544749302_art2.png","i_subscribed":true,"community_notifications_enabled":null,"description":null}],"recoubs_count":494,"remixes_count":0,"likes_count":1920,"dislikes_count":0,"raw_video_id":1171454,"uploaded_by_ios_app":false,"uploaded_by_android_app":false,"media_blocks":{"uploaded_raw_videos":[],"external_raw_videos":[{"id":11693346,"title":"Robotic arms create custom furniture in Robochop installation by Kram/Weisshaar","url":"http://www.youtube.com/watch?v=L8NRUWonPOA","image":"https://coub-anubis-a.akamaized.net/coub_storage/media_block/cw_image/bd2ec31e409/821bd4120757074aa1aee/1492494770_1425754969_199nphy_att-url-download.jpg","image_retina":"https://coub-anubis-a.akamaized.net/coub_storage/media_block/cw_image/bd2ec31e409/821bd4120757074aa1aee/1492494770_1425754969_199nphy_att-url-download.jpg","meta":{"service":"Youtube","duration":"97.96"},"duration":97.96,"raw_video_id":1171454,"has_embed":true}],"remixed_from_coubs":[],"external_video":{"id":11693346,"title":"Robotic arms create custom furniture in Robochop installation by Kram/Weisshaar","url":"http://www.youtube.com/watch?v=L8NRUWonPOA","image":"https://coub-anubis-a.akamaized.net/coub_storage/media_block/cw_image/bd2ec31e409/821bd4120757074aa1aee/1492494770_1425754969_199nphy_att-url-download.jpg","image_retina":"https://coub-anubis-a.akamaized.net/coub_storage/media_block/cw_image/bd2ec31e409/821bd4120757074aa1aee/1492494770_1425754969_199nphy_att-url-download.jpg","meta":{"service":"Youtube","duration":"97.96"},"duration":97.96,"raw_video_id":1171454,"has_embed":true}},"raw_video_thumbnail_url":"/missing/missing.png","raw_video_title":"Robotic arms create custom furniture in Robochop installation by Kram/Weisshaar","video_block_banned":false,"duration":6.36,"promo_winner":false,"promo_winner_recoubers":null,"editorial_info":{},"promo_hint":null,"beeline_best_2014":null,"from_web_editor":true,"normalize_sound":true,"normalize_change_allowed":true,"best2015_addable":false,"ahmad_promo":null,"promo_data":null,"audio_copyright_claim":null,"ads_disabled":null,"is_safe_for_ads":true,"megafon_contents":[],"position_on_page":8},{"flag":null,"abuses":null,"recoubs_by_users_channels":null,"favourite":false,"promoted_id":null,"recoub":null,"like":null,"dislike":null,"reaction":null,"in_my_best2015":false,"id":425825,"type":"Coub::Simple","permalink":"23293fo","title":"relax","visibility_type":"public","original_visibility_type":"public","channel_id":130211,"created_at":"2013-09-17T17:14:18Z","updated_at":"2022-03-04T11:33:56Z","is_done":true,"views_count":188707,"cotd":true,"cotd_at":"2013-09-18","visible_on_explore_root":true,"visible_on_explore":true,"featured":true,"published":true,"published_at":"2013-09-17T17:14:18Z","reversed":true,"from_editor_v2":true,"is_editable":true,"original_sound":false,"has_sound":false,"recoub_to":null,"file_versions":{"html5":{"video":{"higher":{"url":"https://coub-anubis-a.akamaized.net/coub_storage/coub/simple/cw_file/112402386e5/93c13d3b693a573c40959/muted_mp4_huge_size_1567678719_muted_huge.mp4","size":1524951},"high":{"url":"https://coub-anubis-a.akamaized.net/coub_storage/coub/simple/cw_file/112402386e5/93c13d3b693a573c40959/muted_mp4_big_size_1567678719_muted_big.mp4","size":983376},"med":{"url":"https://coub-anubis-a.akamaized.net/coub_storage/coub/simple/cw_file/112402386e5/93c13d3b693a573c40959/muted_mp4_med_size_1567678719_muted_med.mp4","size":354758}},"audio":{"high":{"url":"https://coub-anubis-a.akamaized.net/coub_storage/coub/simple/cw_looped_audio_high/d0e3862c697/ab1f96aa92c41a3051128/1605393878_high_1470777772_high.mp3","size":1265996},"med":{"url":"https://coub-anubis-a.akamaized.net/coub_storage/coub/simple/cw_looped_audio_med/66a842ef733/e46851831624409f66ea1/1605393878_med_1470777772_med.mp3","size":1120067}}},"mobile":{"video":"https://coub-anubis-a.akamaized.net/coub_storage/coub/simple/cw_file/112402386e5/93c13d3b693a573c40959/muted_mp4_med_size_1567678719_muted_med.mp4","audio":["https://coub-anubis-a.akamaized.net/coub_storage/coub/simple/cw_looped_audio_med/66a842ef733/e46851831624409f66ea1/1605393878_med_1470777772_med.mp3"]},"share":{"default":"https://coub-anubis-a.akamaized.net/coub_storage/coub/simple/cw_video_for_sharing/46b317577db/befbc425507c546cb8ec5/1624053145_looped_1624053144.mp4"}},"audio_versions":{"template":"https://coub-anubis-a.akamaized.net/coub_storage/audio_track/cw_normalized_copy/9e04de3f1ff/97c085cbbf88977a80a62/mid_1434603149_1xp1vsd_normalized_1414207976_1379437936_audio.mp3","versions":["mid","low"]},"image_versions":{"template":"https://coub-anubis-a.akamaized.net/coub_storage/coub/simple/cw_image/b25749d1bbf/665e0e2082ba1f3f267e2/1470777706_00029.jpg","versions":["micro","tiny","age_restricted","ios_large","ios_mosaic","big","med","small","pinterest"]},"first_frame_versions":{"template":"https://coub-anubis-a.akamaized.net/coub_storage/coub/simple/cw_timeline_pic/b25749d1bbf/665e0e2082ba1f3f267e2/1470777723_image.jpg","versions":["big","med","small","ios_large"]},"dimensions":{"big":[1280,684],"med":[640,342]},"site_w_h":[640,342],"page_w_h":[640,342],"site_w_h_small":[310,166],"size":[1280,684],"age_restricted":false,"age_restricted_by_admin":false,"not_safe_for_work":null,"allow_reuse":false,"dont_crop":false,"banned":false,"global_safe":true,"audio_file_url":"https://coub-anubis-a.akamaized.net/coub_storage/audio_track/cw_normalized_copy/9e04de3f1ff/97c085cbbf88977a80a62/low_1434603149_1xp1vsd_normalized_1414207976_1379437936_audio.mp3","external_download":{"type":"Youtube","service_name":"YouTube","url":"http://www.youtube.com/watch?v=zVFcmPO9WW8","has_embed":true},"application":null,"channel":{"id":130211,"permalink":"vatakata","title":"kakoy to neizvestnyy","description":null,"followers_count":57,"following_count":16,"avatar_versions":{"template":"https://coub-anubis-a.akamaized.net/coub_storage/channel/cw_avatar/a14b3257854/0dc603a76707f2c0e1e4d/%{version}_1474487722_6re8i_avatar-upload.jpg","versions":["medium","medium_2x","profile_pic","profile_pic_new","profile_pic_new_2x","tiny","tiny_2x","small","small_2x","ios_large","ios_small"]}},"file":null,"picture":"https://coub-anubis-a.akamaized.net/coub_storage/coub/simple/cw_image/b25749d1bbf/665e0e2082ba1f3f267e2/1470777706_00029.jpg","timeline_picture":"https://coub-anubis-a.akamaized.net/coub_storage/coub/simple/cw_timeline_pic/b25749d1bbf/665e0e2082ba1f3f267e2/1470777723_image.jpg","small_picture":"https://coub-anubis-a.akamaized.net/coub_storage/coub/simple/cw_image/b25749d1bbf/665e0e2082ba1f3f267e2/1470777706_00029.jpg","sharing_picture":null,"percent_done":100,"tags":[],"categories":[{"id":2,"title":"Art & Design","permalink":"art","subscriptions_count":10092089,"big_image_url":"https://coub-anubis-a.akamaized.net/coub_storage/category/cw_image/bc49636b5e9/9d819c4215f13ccf07a7b/big_1544749302_art2.png","small_image_url":"https://coub-anubis-a.akamaized.net/coub_storage/category/cw_image/bc49636b5e9/9d819c4215f13ccf07a7b/small_1544749302_art2.png","med_image_url":"https://coub-anubis-a.akamaized.net/coub_storage/category/cw_image/bc49636b5e9/9d819c4215f13ccf07a7b/med_1544749302_art2.png","visible":true}],"communities":[{"id":2,"title":"Art & Design","permalink":"art","subscriptions_count":10092089,"big_image_url":"https://coub-anubis-a.akamaized.net/coub_storage/category/cw_image/bc49636b5e9/9d819c4215f13ccf07a7b/big_1544749302_art2.png","small_image_url":"https://coub-anubis-a.akamaized.net/coub_storage/category/cw_image/bc49636b5e9/9d819c4215f13ccf07a7b/small_1544749302_art2.png","med_image_url":"https://coub-anubis-a.akamaized.net/coub_storage/category/cw_image/bc49636b5e9/9d819c4215f13ccf07a7b/med_1544749302_art2.png","i_subscribed":true,"community_notifications_enabled":null,"description":null}],"recoubs_count":498,"remixes_count":1,"likes_count":1920,"dislikes_count":0,"raw_video_id":103015,"uploaded_by_ios_app":false,"uploaded_by_android_app":false,"media_blocks":{"uploaded_raw_videos":[],"external_raw_videos":[{"id":10979640,"title":"рецепт курения марихуаны от Милоша Формана","url":"http://www.youtube.com/watch?v=zVFcmPO9WW8","image":"https://coub-anubis-a.akamaized.net/coub_storage/media_block/cw_image/3a053b61e5c/7d0ea157af8b5b37c3475/1488377758_1407439907_1395321891_100nfxr_att-url-download.jpg","image_retina":"https://coub-anubis-a.akamaized.net/coub_storage/media_block/cw_image/3a053b61e5c/7d0ea157af8b5b37c3475/1488377758_1407439907_1395321891_100nfxr_att-url-download.jpg","meta":{"service":"Youtube","duration":"648.56"},"duration":648.56,"raw_video_id":103015,"has_embed":true}],"remixed_from_coubs":[],"external_video":{"id":10979640,"title":"рецепт курения марихуаны от Милоша Формана","url":"http://www.youtube.com/watch?v=zVFcmPO9WW8","image":"https://coub-anubis-a.akamaized.net/coub_storage/media_block/cw_image/3a053b61e5c/7d0ea157af8b5b37c3475/1488377758_1407439907_1395321891_100nfxr_att-url-download.jpg","image_retina":"https://coub-anubis-a.akamaized.net/coub_storage/media_block/cw_image/3a053b61e5c/7d0ea157af8b5b37c3475/1488377758_1407439907_1395321891_100nfxr_att-url-download.jpg","meta":{"service":"Youtube","duration":"648.56"},"duration":648.56,"raw_video_id":103015,"has_embed":true},"audio_track":{"id":19070322,"title":"GoHands - Kitten","url":null,"image":null,"image_retina":null,"meta":{"year":null,"album":null,"title":"GoHands - Kitten","artist":null,"echonest_id":null},"duration":null,"amazon_url":null,"google_play_url":null,"bandcamp_url":null,"soundcloud_url":null,"track_name":null,"track_artist":null,"track_album":null,"itunes_url":null}},"raw_video_thumbnail_url":"/missing/missing.png","raw_video_title":"рецепт курения марихуаны от Милоша Формана","video_block_banned":false,"duration":9.2,"promo_winner":false,"promo_winner_recoubers":null,"editorial_info":{},"promo_hint":null,"beeline_best_2014":null,"from_web_editor":true,"normalize_sound":true,"normalize_change_allowed":true,"best2015_addable":false,"ahmad_promo":null,"promo_data":null,"audio_copyright_claim":null,"ads_disabled":null,"is_safe_for_ads":true,"megafon_contents":[],"position_on_page":9},{"flag":null,"abuses":null,"recoubs_by_users_channels":null,"favourite":false,"promoted_id":null,"recoub":null,"like":null,"dislike":null,"reaction":null,"in_my_best2015":false,"id":135286763,"type":"Coub::Simple","permalink":"286wji","title":"Color Life","visibility_type":"public","original_visibility_type":"public","channel_id":2576061,"created_at":"2020-01-24T18:29:13Z","updated_at":"2022-03-09T19:49:19Z","is_done":true,"views_count":135054,"cotd":null,"cotd_at":null,"visible_on_explore_root":false,"visible_on_explore":false,"featured":false,"published":true,"published_at":"2020-01-24T18:29:13Z","reversed":false,"from_editor_v2":true,"is_editable":true,"original_sound":false,"has_sound":false,"recoub_to":null,"file_versions":{"html5":{"video":{"higher":{"url":"https://coub-anubis-a.akamaized.net/coub_storage/coub/simple/cw_file/a0fd6123f36/9e206ee40ae2e07e29a8b/muted_mp4_huge_size_1579890627_muted_huge.mp4","size":9884504},"high":{"url":"https://coub-anubis-a.akamaized.net/coub_storage/coub/simple/cw_file/a0fd6123f36/9e206ee40ae2e07e29a8b/muted_mp4_big_size_1579890627_muted_big.mp4","size":8407963},"med":{"url":"https://coub-anubis-a.akamaized.net/coub_storage/coub/simple/cw_file/a0fd6123f36/9e206ee40ae2e07e29a8b/muted_mp4_med_size_1579890627_muted_med.mp4","size":1893357}},"audio":{"high":{"url":"https://coub-anubis-a.akamaized.net/coub_storage/coub/simple/cw_looped_audio_high/e71805a9653/c8ae09b3f6502101c2ae3/1605705353_high_1579890665_high.mp3","size":4276581},"med":{"url":"https://coub-anubis-a.akamaized.net/coub_storage/coub/simple/cw_looped_audio_med/aaf81c07697/3bf13e79ebf11830f10ca/1605705352_med_1579890665_med.mp3","size":2975686}}},"mobile":{"video":"https://coub-anubis-a.akamaized.net/coub_storage/coub/simple/cw_file/a0fd6123f36/9e206ee40ae2e07e29a8b/muted_mp4_med_size_1579890627_muted_med.mp4","audio":["https://coub-anubis-a.akamaized.net/coub_storage/coub/simple/cw_looped_audio_med/aaf81c07697/3bf13e79ebf11830f10ca/1605705352_med_1579890665_med.mp3"]},"share":{"default":"https://coub-anubis-a.akamaized.net/coub_storage/coub/simple/cw_video_for_sharing/0764d308960/a6e0354dcc71563660acc/1609546198_looped_1609546197.mp4"}},"audio_versions":{"template":"https://coub-anubis-a.akamaized.net/coub_storage/audio_track/cw_normalized_copy/cc558c1154d/b34d77afae47e6bb8ac04/mid_1579890652_normalized_1579890631_n23933_edited.mp3","versions":["mid","low"]},"image_versions":{"template":"https://coub-anubis-a.akamaized.net/coub_storage/coub/simple/cw_image/7980703cfd2/dd2fce2fe16f07b8650fd/1579890682_00032.jpg","versions":["micro","tiny","age_restricted","ios_large","ios_mosaic","big","med","small","pinterest"]},"first_frame_versions":{"template":"https://coub-anubis-a.akamaized.net/coub_storage/coub/simple/cw_timeline_pic/945f8449b53/b9350cda05d5d153de41e/%{version}_1579890681_image.jpg","versions":["big","med","small","ios_large"]},"dimensions":{"big":[1280,720],"med":[640,360]},"site_w_h":[640,360],"page_w_h":[640,360],"site_w_h_small":[310,174],"size":[1280,720],"age_restricted":false,"age_restricted_by_admin":false,"not_safe_for_work":false,"allow_reuse":false,"dont_crop":false,"banned":false,"global_safe":true,"audio_file_url":"https://coub-anubis-a.akamaized.net/coub_storage/audio_track/cw_normalized_copy/cc558c1154d/b34d77afae47e6bb8ac04/low_1579890652_normalized_1579890631_n23933_edited.mp3","external_download":{"type":"Youtube","service_name":"YouTube","url":"https://www.youtube.com/watch?v=UPeocNGQPNk","has_embed":true},"application":null,"channel":{"id":2576061,"permalink":"markfrolov","title":"Mark Frolov","description":null,"followers_count":1177,"following_count":61,"avatar_versions":{"template":"https://coub-anubis-a.akamaized.net/coub_storage/channel/cw_avatar/b90bda4980f/d7facdcac8410d99f1c4b/%{version}_1607420749_3vo4cp_1474552461_72sr7v_29248452.jpg","versions":["medium","medium_2x","profile_pic","profile_pic_new","profile_pic_new_2x","tiny","tiny_2x","small","small_2x","ios_large","ios_small"]}},"file":null,"picture":"https://coub-anubis-a.akamaized.net/coub_storage/coub/simple/cw_image/7980703cfd2/dd2fce2fe16f07b8650fd/1579890682_00032.jpg","timeline_picture":"https://coub-anubis-a.akamaized.net/coub_storage/coub/simple/cw_timeline_pic/945f8449b53/b9350cda05d5d153de41e/ios_large_1579890681_image.jpg","small_picture":"https://coub-anubis-a.akamaized.net/coub_storage/coub/simple/cw_image/7980703cfd2/dd2fce2fe16f07b8650fd/1579890682_00032.jpg","sharing_picture":null,"percent_done":100,"tags":[{"id":73596,"title":"hdr","value":"hdr"},{"id":856,"title":"macro","value":"macro"},{"id":43826,"title":"colors","value":"colors"},{"id":240504,"title":"8k","value":"8k"},{"id":16554,"title":"ink","value":"ink"},{"id":29124,"title":"paint","value":"paint"},{"id":119212,"title":"glitter","value":"glitter"},{"id":7128,"title":"gold","value":"gold"},{"id":932888,"title":"roman de giuli","value":"roman%20de%20giuli"},{"id":932887,"title":"terracollage","value":"terracollage"},{"id":72308,"title":"stock footage","value":"stock%20footage"},{"id":351019,"title":"licensing","value":"licensing"},{"id":1348437,"title":"filmsupply","value":"filmsupply"},{"id":5629,"title":"abstract","value":"abstract"},{"id":17089,"title":"visuals","value":"visuals"},{"id":13575,"title":"experimental","value":"experimental"},{"id":106652,"title":"microscopic","value":"microscopic"},{"id":3916045,"title":"fluid art","value":"fluid%20art"},{"id":15097,"title":"colorful","value":"colorful"},{"id":149570,"title":"chroma","value":"chroma"},{"id":49123,"title":"galaxies","value":"galaxies"},{"id":11707,"title":"galaxy","value":"galaxy"},{"id":22674,"title":"red epic","value":"red%20epic"},{"id":1370093,"title":"dsmc2","value":"dsmc2"},{"id":80410,"title":"helium","value":"helium"},{"id":4549,"title":"raw","value":"raw"},{"id":3294,"title":"paper","value":"paper"},{"id":3072,"title":"art","value":"art"},{"id":2707,"title":"omg","value":"omg"},{"id":1253,"title":"wtf","value":"wtf"},{"id":171,"title":"wow","value":"wow"}],"categories":[{"id":2,"title":"Art & Design","permalink":"art","subscriptions_count":10092089,"big_image_url":"https://coub-anubis-a.akamaized.net/coub_storage/category/cw_image/bc49636b5e9/9d819c4215f13ccf07a7b/big_1544749302_art2.png","small_image_url":"https://coub-anubis-a.akamaized.net/coub_storage/category/cw_image/bc49636b5e9/9d819c4215f13ccf07a7b/small_1544749302_art2.png","med_image_url":"https://coub-anubis-a.akamaized.net/coub_storage/category/cw_image/bc49636b5e9/9d819c4215f13ccf07a7b/med_1544749302_art2.png","visible":true}],"communities":[{"id":2,"title":"Art & Design","permalink":"art","subscriptions_count":10092089,"big_image_url":"https://coub-anubis-a.akamaized.net/coub_storage/category/cw_image/bc49636b5e9/9d819c4215f13ccf07a7b/big_1544749302_art2.png","small_image_url":"https://coub-anubis-a.akamaized.net/coub_storage/category/cw_image/bc49636b5e9/9d819c4215f13ccf07a7b/small_1544749302_art2.png","med_image_url":"https://coub-anubis-a.akamaized.net/coub_storage/category/cw_image/bc49636b5e9/9d819c4215f13ccf07a7b/med_1544749302_art2.png","i_subscribed":true,"community_notifications_enabled":null,"description":null}],"recoubs_count":462,"remixes_count":0,"likes_count":1919,"dislikes_count":0,"raw_video_id":14739838,"uploaded_by_ios_app":false,"uploaded_by_android_app":false,"media_blocks":{"uploaded_raw_videos":[],"external_raw_videos":[{"id":34586514,"title":"CHROMA GALAXIES HDR // 8K EXPERIMENTAL MACRO SHORT FILM","url":"https://www.youtube.com/watch?v=UPeocNGQPNk","image":"https://coub-anubis-a.akamaized.net/coub_storage/media_block/cw_image/27b318a076c/2a30ffe1a52a4ebe004fb/1579890244_qgpfrv_1579890188_xi4ph8_att-url-download.jpg","image_retina":"https://coub-anubis-a.akamaized.net/coub_storage/media_block/cw_image/27b318a076c/2a30ffe1a52a4ebe004fb/1579890244_qgpfrv_1579890188_xi4ph8_att-url-download.jpg","meta":{"service":"Youtube","duration":"224.88"},"duration":224.88,"raw_video_id":14739838,"has_embed":true}],"remixed_from_coubs":[],"external_video":{"id":34586514,"title":"CHROMA GALAXIES HDR // 8K EXPERIMENTAL MACRO SHORT FILM","url":"https://www.youtube.com/watch?v=UPeocNGQPNk","image":"https://coub-anubis-a.akamaized.net/coub_storage/media_block/cw_image/27b318a076c/2a30ffe1a52a4ebe004fb/1579890244_qgpfrv_1579890188_xi4ph8_att-url-download.jpg","image_retina":"https://coub-anubis-a.akamaized.net/coub_storage/media_block/cw_image/27b318a076c/2a30ffe1a52a4ebe004fb/1579890244_qgpfrv_1579890188_xi4ph8_att-url-download.jpg","meta":{"service":"Youtube","duration":"224.88"},"duration":224.88,"raw_video_id":14739838,"has_embed":true}},"raw_video_thumbnail_url":"/missing/missing.png","raw_video_title":"CHROMA GALAXIES HDR // 8K EXPERIMENTAL MACRO SHORT FILM","video_block_banned":false,"duration":10.0,"promo_winner":false,"promo_winner_recoubers":null,"editorial_info":{},"promo_hint":null,"beeline_best_2014":null,"from_web_editor":true,"normalize_sound":true,"normalize_change_allowed":true,"best2015_addable":false,"ahmad_promo":null,"promo_data":null,"audio_copyright_claim":null,"ads_disabled":false,"is_safe_for_ads":true,"megafon_contents":[],"position_on_page":10}]}