{"page":311,"per_page":10,"total_pages":500,"coubs":[{"flag":null,"abuses":null,"recoubs_by_users_channels":null,"favourite":false,"promoted_id":null,"recoub":null,"like":null,"dislike":null,"reaction":null,"in_my_best2015":false,"id":52759043,"type":"Coub::Simple","permalink":"uyo2r","title":"that itch you just can't scratch","visibility_type":"public","original_visibility_type":"public","channel_id":1665642,"created_at":"2017-06-12T03:04:36Z","updated_at":"2022-03-17T12:26:35Z","is_done":true,"views_count":157882,"cotd":null,"cotd_at":null,"visible_on_explore_root":true,"visible_on_explore":true,"featured":true,"published":true,"published_at":"2017-06-12T03:04:36Z","reversed":false,"from_editor_v2":true,"is_editable":true,"original_sound":true,"has_sound":true,"recoub_to":null,"file_versions":{"html5":{"video":{"higher":{"url":"https://coub-anubis-a.akamaized.net/coub_storage/coub/simple/cw_file/36a001717d8/44a9dd7415a16b2534a74/muted_mp4_huge_size_1568119549_muted_huge.mp4","size":2148089},"high":{"url":"https://coub-anubis-a.akamaized.net/coub_storage/coub/simple/cw_file/36a001717d8/44a9dd7415a16b2534a74/muted_mp4_big_size_1568119549_muted_big.mp4","size":1453529},"med":{"url":"https://coub-anubis-a.akamaized.net/coub_storage/coub/simple/cw_file/36a001717d8/44a9dd7415a16b2534a74/muted_mp4_med_size_1568119549_muted_med.mp4","size":413680}},"audio":{"high":{"url":"https://coub-anubis-a.akamaized.net/coub_storage/coub/simple/cw_looped_audio_high/ffdf25f12ab/0faab8abcb36b5f36e40a/1605603026_high_1497236682_high.mp3","size":1004218},"med":{"url":"https://coub-anubis-a.akamaized.net/coub_storage/coub/simple/cw_looped_audio_med/fdaafa92455/5d7074865fe675407bad0/1605603026_med_1497236682_med.mp3","size":925740},"sample_duration":4.831}},"mobile":{"video":"https://coub-anubis-a.akamaized.net/coub_storage/coub/simple/cw_file/36a001717d8/44a9dd7415a16b2534a74/muted_mp4_med_size_1568119549_muted_med.mp4","audio":["https://coub-anubis-a.akamaized.net/coub_storage/coub/simple/cw_looped_audio_med/fdaafa92455/5d7074865fe675407bad0/1605603026_med_1497236682_med.mp3"]},"share":{"default":"https://coub-anubis-a.akamaized.net/coub_storage/coub/simple/cw_video_for_sharing/eb2cfbcc72f/132c917b8986eaf8ab722/1620487294_looped_1620487293.mp4"}},"audio_versions":{},"image_versions":{"template":"https://coub-anubis-a.akamaized.net/coub_storage/coub/simple/cw_image/7d82c10c728/bb8de221441d0fc5f3b2f/1497236688_00016.jpg","versions":["micro","tiny","age_restricted","ios_large","ios_mosaic","big","med","small","pinterest"]},"first_frame_versions":{"template":"https://coub-anubis-a.akamaized.net/coub_storage/coub/simple/cw_timeline_pic/ca1d7d1dd46/43f88326a9921742567fd/%{version}_1497236687_image.jpg","versions":["big","med","small","ios_large"]},"dimensions":{"big":[960,960],"med":[480,480]},"site_w_h":[400,400],"page_w_h":[400,400],"site_w_h_small":[310,310],"size":[960,960],"age_restricted":false,"age_restricted_by_admin":false,"not_safe_for_work":false,"allow_reuse":false,"dont_crop":false,"banned":false,"global_safe":true,"audio_file_url":null,"external_download":{"type":"Facebook","service_name":"Facebook","url":"http://www.facebook.com/FeltZine/videos/1414848558572921/","has_embed":false},"application":null,"channel":{"id":1665642,"permalink":"technic.technic","title":"Techniq","description":null,"followers_count":311,"following_count":1,"avatar_versions":{"template":"https://coub-anubis-a.akamaized.net/coub_storage/channel/cw_avatar/fea55bcecb9/e79b601b4be186ef4803f/%{version}_1607565894_1u4i1hs_1474653933_1354011254_diebenkorn-001.jpg","versions":["medium","medium_2x","profile_pic","profile_pic_new","profile_pic_new_2x","tiny","tiny_2x","small","small_2x","ios_large","ios_small"]}},"file":null,"picture":"https://coub-anubis-a.akamaized.net/coub_storage/coub/simple/cw_image/7d82c10c728/bb8de221441d0fc5f3b2f/1497236688_00016.jpg","timeline_picture":"https://coub-anubis-a.akamaized.net/coub_storage/coub/simple/cw_timeline_pic/ca1d7d1dd46/43f88326a9921742567fd/ios_large_1497236687_image.jpg","small_picture":"https://coub-anubis-a.akamaized.net/coub_storage/coub/simple/cw_image/7d82c10c728/bb8de221441d0fc5f3b2f/1497236688_00016.jpg","sharing_picture":null,"percent_done":100,"tags":[{"id":7312,"title":"itch","value":"itch"},{"id":996497,"title":"wrapper","value":"wrapper"},{"id":4864,"title":"hand","value":"hand"},{"id":960928,"title":"techniq","value":"techniq"}],"categories":[{"id":2,"title":"Art & Design","permalink":"art","subscriptions_count":10092089,"big_image_url":"https://coub-anubis-a.akamaized.net/coub_storage/category/cw_image/bc49636b5e9/9d819c4215f13ccf07a7b/big_1544749302_art2.png","small_image_url":"https://coub-anubis-a.akamaized.net/coub_storage/category/cw_image/bc49636b5e9/9d819c4215f13ccf07a7b/small_1544749302_art2.png","med_image_url":"https://coub-anubis-a.akamaized.net/coub_storage/category/cw_image/bc49636b5e9/9d819c4215f13ccf07a7b/med_1544749302_art2.png","visible":true}],"communities":[{"id":2,"title":"Art & Design","permalink":"art","subscriptions_count":10092089,"big_image_url":"https://coub-anubis-a.akamaized.net/coub_storage/category/cw_image/bc49636b5e9/9d819c4215f13ccf07a7b/big_1544749302_art2.png","small_image_url":"https://coub-anubis-a.akamaized.net/coub_storage/category/cw_image/bc49636b5e9/9d819c4215f13ccf07a7b/small_1544749302_art2.png","med_image_url":"https://coub-anubis-a.akamaized.net/coub_storage/category/cw_image/bc49636b5e9/9d819c4215f13ccf07a7b/med_1544749302_art2.png","i_subscribed":true,"community_notifications_enabled":null,"description":null}],"recoubs_count":155,"remixes_count":1,"likes_count":1106,"dislikes_count":0,"raw_video_id":9777401,"uploaded_by_ios_app":false,"uploaded_by_android_app":false,"media_blocks":{"uploaded_raw_videos":[],"external_raw_videos":[{"id":20949998,"title":"#NYC 's SuperHD this Saturday!💕3D art from Mate Steinforth , #VirtualReality ...","url":"https://www.facebook.com/FeltZine/videos/1414848558572921","image":"https://coub-anubis-a.akamaized.net/coub_storage/media_block/cw_image/786141f9ce9/066259cfb66d671872294/1497236503_1497236502_image.jpg","image_retina":"https://coub-anubis-a.akamaized.net/coub_storage/media_block/cw_image/786141f9ce9/066259cfb66d671872294/1497236503_1497236502_image.jpg","meta":{"service":"Facebook","duration":"9.458"},"duration":9.458,"raw_video_id":9777401,"has_embed":false}],"remixed_from_coubs":[],"external_video":{"id":20949998,"title":"#NYC 's SuperHD this Saturday!💕3D art from Mate Steinforth , #VirtualReality ...","url":"https://www.facebook.com/FeltZine/videos/1414848558572921","image":"https://coub-anubis-a.akamaized.net/coub_storage/media_block/cw_image/786141f9ce9/066259cfb66d671872294/1497236503_1497236502_image.jpg","image_retina":"https://coub-anubis-a.akamaized.net/coub_storage/media_block/cw_image/786141f9ce9/066259cfb66d671872294/1497236503_1497236502_image.jpg","meta":{"service":"Facebook","duration":"9.458"},"duration":9.458,"raw_video_id":9777401,"has_embed":false}},"raw_video_thumbnail_url":"/missing/missing.png","raw_video_title":"#NYC 's SuperHD this Saturday!💕3D art from Mate Steinforth , #VirtualReality ...","video_block_banned":false,"duration":4.84,"promo_winner":false,"promo_winner_recoubers":null,"editorial_info":{},"promo_hint":null,"beeline_best_2014":null,"from_web_editor":true,"normalize_sound":false,"normalize_change_allowed":true,"best2015_addable":false,"ahmad_promo":null,"promo_data":null,"audio_copyright_claim":null,"ads_disabled":null,"is_safe_for_ads":true,"megafon_contents":[],"position_on_page":1},{"flag":null,"abuses":null,"recoubs_by_users_channels":null,"favourite":false,"promoted_id":null,"recoub":null,"like":null,"dislike":null,"reaction":null,"in_my_best2015":false,"id":92950720,"type":"Coub::Simple","permalink":"1ixmg8","title":"FIREWORK FULL COVER | И КАК ОНО БЛИН НАБРАЛО ТЫСЯЧУ ЛАЙКОВ!?","visibility_type":"public","original_visibility_type":"public","channel_id":4523686,"created_at":"2018-11-30T17:05:49Z","updated_at":"2022-03-15T22:08:15Z","is_done":true,"views_count":111107,"cotd":null,"cotd_at":null,"visible_on_explore_root":true,"visible_on_explore":true,"featured":true,"published":true,"published_at":"2018-11-30T17:05:49Z","reversed":false,"from_editor_v2":true,"is_editable":true,"original_sound":true,"has_sound":true,"recoub_to":null,"file_versions":{"html5":{"video":{"higher":{"url":"https://coub-anubis-a.akamaized.net/coub_storage/coub/simple/cw_file/5bd7677bfce/96113ba379be09482a928/muted_mp4_huge_size_1570374637_muted_huge.mp4","size":2464133},"high":{"url":"https://coub-anubis-a.akamaized.net/coub_storage/coub/simple/cw_file/5bd7677bfce/96113ba379be09482a928/muted_mp4_big_size_1570374637_muted_big.mp4","size":1803455},"med":{"url":"https://coub-anubis-a.akamaized.net/coub_storage/coub/simple/cw_file/5bd7677bfce/96113ba379be09482a928/muted_mp4_med_size_1570374637_muted_med.mp4","size":651831}},"audio":{"high":{"url":"https://coub-anubis-a.akamaized.net/coub_storage/coub/simple/cw_looped_audio_high/aba8ea15771/ac25da0b76b93886ee4d6/1605658918_high_1543597606_high.mp3","size":1207309},"med":{"url":"https://coub-anubis-a.akamaized.net/coub_storage/coub/simple/cw_looped_audio_med/cd60e374d68/c2454b1fbe1f6762cbcbf/1605658917_med_1543597606_med.mp3","size":863607},"sample_duration":7.732}},"mobile":{"video":"https://coub-anubis-a.akamaized.net/coub_storage/coub/simple/cw_file/5bd7677bfce/96113ba379be09482a928/muted_mp4_med_size_1570374637_muted_med.mp4","audio":["https://coub-anubis-a.akamaized.net/coub_storage/coub/simple/cw_looped_audio_med/cd60e374d68/c2454b1fbe1f6762cbcbf/1605658917_med_1543597606_med.mp3"]},"share":{"default":"https://coub-anubis-a.akamaized.net/coub_storage/coub/simple/cw_video_for_sharing/a1d239b4217/560f07ce081250a6bfb26/1609467876_looped_1609467875.mp4"}},"audio_versions":{},"image_versions":{"template":"https://coub-anubis-a.akamaized.net/coub_storage/coub/simple/cw_image/deec4b0f02c/9f40ba6fd5184907de882/1543597615_00025.jpg","versions":["micro","tiny","age_restricted","ios_large","ios_mosaic","big","med","small","pinterest"]},"first_frame_versions":{"template":"https://coub-anubis-a.akamaized.net/coub_storage/coub/simple/cw_timeline_pic/13cc07faa91/f1825e61e5d3650bdc7ed/%{version}_1543597614_image.jpg","versions":["big","med","small","ios_large"]},"dimensions":{"big":[1280,720],"med":[640,360]},"site_w_h":[640,360],"page_w_h":[640,360],"site_w_h_small":[310,174],"size":[1280,720],"age_restricted":false,"age_restricted_by_admin":false,"not_safe_for_work":false,"allow_reuse":false,"dont_crop":false,"banned":false,"global_safe":true,"audio_file_url":null,"external_download":{"type":"Youtube","service_name":"YouTube","url":"http://www.youtube.com/watch?v=Oy_JlG7C-T8","has_embed":true},"application":null,"channel":{"id":4523686,"permalink":"eneking-amv","title":"Ēℕℯ₭ϊℕǤ - AMV couber","description":"Если в названии кауба не указана музыка, то я её НЕ ЗНАЮ. Буду благодарен всем, кто напишет мне название треков","followers_count":370,"following_count":10,"avatar_versions":{"template":"https://coub-anubis-a.akamaized.net/coub_storage/channel/cw_avatar/0d81464301a/9b613f5f2be5030108e27/%{version}_1607427054_f07o5z_1556381399__________-8.2.3.1.jpg","versions":["medium","medium_2x","profile_pic","profile_pic_new","profile_pic_new_2x","tiny","tiny_2x","small","small_2x","ios_large","ios_small"]}},"file":null,"picture":"https://coub-anubis-a.akamaized.net/coub_storage/coub/simple/cw_image/deec4b0f02c/9f40ba6fd5184907de882/1543597615_00025.jpg","timeline_picture":"https://coub-anubis-a.akamaized.net/coub_storage/coub/simple/cw_timeline_pic/13cc07faa91/f1825e61e5d3650bdc7ed/ios_large_1543597614_image.jpg","small_picture":"https://coub-anubis-a.akamaized.net/coub_storage/coub/simple/cw_image/deec4b0f02c/9f40ba6fd5184907de882/1543597615_00025.jpg","sharing_picture":null,"percent_done":100,"tags":[{"id":63927,"title":"jontron","value":"jontron"},{"id":76765,"title":"firework","value":"firework"},{"id":2453,"title":"full","value":"full"},{"id":1665,"title":"cover","value":"cover"},{"id":6355,"title":"katy perry","value":"katy%20perry"},{"id":424,"title":"animation","value":"animation"},{"id":275970,"title":"fan animation","value":"fan%20animation"},{"id":247117,"title":"catfat","value":"catfat"},{"id":568038,"title":"flannelson","value":"flannelson"},{"id":1397886,"title":"daniel tan","value":"daniel%20tan"},{"id":1397887,"title":"mike bedsole","value":"mike%20bedsole"}],"categories":[{"id":2,"title":"Art & Design","permalink":"art","subscriptions_count":10092089,"big_image_url":"https://coub-anubis-a.akamaized.net/coub_storage/category/cw_image/bc49636b5e9/9d819c4215f13ccf07a7b/big_1544749302_art2.png","small_image_url":"https://coub-anubis-a.akamaized.net/coub_storage/category/cw_image/bc49636b5e9/9d819c4215f13ccf07a7b/small_1544749302_art2.png","med_image_url":"https://coub-anubis-a.akamaized.net/coub_storage/category/cw_image/bc49636b5e9/9d819c4215f13ccf07a7b/med_1544749302_art2.png","visible":true}],"communities":[{"id":2,"title":"Art & Design","permalink":"art","subscriptions_count":10092089,"big_image_url":"https://coub-anubis-a.akamaized.net/coub_storage/category/cw_image/bc49636b5e9/9d819c4215f13ccf07a7b/big_1544749302_art2.png","small_image_url":"https://coub-anubis-a.akamaized.net/coub_storage/category/cw_image/bc49636b5e9/9d819c4215f13ccf07a7b/small_1544749302_art2.png","med_image_url":"https://coub-anubis-a.akamaized.net/coub_storage/category/cw_image/bc49636b5e9/9d819c4215f13ccf07a7b/med_1544749302_art2.png","i_subscribed":true,"community_notifications_enabled":null,"description":null}],"recoubs_count":218,"remixes_count":0,"likes_count":1105,"dislikes_count":0,"raw_video_id":11970440,"uploaded_by_ios_app":false,"uploaded_by_android_app":false,"media_blocks":{"uploaded_raw_videos":[],"external_raw_videos":[{"id":27106184,"title":"FIREWORK FULL COVER (JONTRON OFFICIAL)","url":"https://www.youtube.com/watch?v=Oy_JlG7C-T8","image":"https://coub-anubis-a.akamaized.net/coub_storage/media_block/cw_image/606fc1b7943/ab4c8234564dc6daef40a/1530360950_1530360906_16r0cn1_att-url-download.jpg","image_retina":"https://coub-anubis-a.akamaized.net/coub_storage/media_block/cw_image/606fc1b7943/ab4c8234564dc6daef40a/1530360950_1530360906_16r0cn1_att-url-download.jpg","meta":{"service":"Youtube","duration":"256.92"},"duration":256.92,"raw_video_id":11970440,"has_embed":true}],"remixed_from_coubs":[],"external_video":{"id":27106184,"title":"FIREWORK FULL COVER (JONTRON OFFICIAL)","url":"https://www.youtube.com/watch?v=Oy_JlG7C-T8","image":"https://coub-anubis-a.akamaized.net/coub_storage/media_block/cw_image/606fc1b7943/ab4c8234564dc6daef40a/1530360950_1530360906_16r0cn1_att-url-download.jpg","image_retina":"https://coub-anubis-a.akamaized.net/coub_storage/media_block/cw_image/606fc1b7943/ab4c8234564dc6daef40a/1530360950_1530360906_16r0cn1_att-url-download.jpg","meta":{"service":"Youtube","duration":"256.92"},"duration":256.92,"raw_video_id":11970440,"has_embed":true}},"raw_video_thumbnail_url":"/missing/missing.png","raw_video_title":"FIREWORK FULL COVER (JONTRON OFFICIAL)","video_block_banned":false,"duration":7.72,"promo_winner":false,"promo_winner_recoubers":null,"editorial_info":{},"promo_hint":null,"beeline_best_2014":null,"from_web_editor":true,"normalize_sound":true,"normalize_change_allowed":true,"best2015_addable":false,"ahmad_promo":null,"promo_data":null,"audio_copyright_claim":null,"ads_disabled":false,"is_safe_for_ads":true,"megafon_contents":[],"position_on_page":2},{"flag":null,"abuses":null,"recoubs_by_users_channels":null,"favourite":false,"promoted_id":null,"recoub":null,"like":null,"dislike":null,"reaction":null,"in_my_best2015":false,"id":83322458,"type":"Coub::Simple","permalink":"1d7968","title":"Full gear","visibility_type":"public","original_visibility_type":"public","channel_id":3483118,"created_at":"2018-08-25T07:27:59Z","updated_at":"2022-03-16T04:46:34Z","is_done":true,"views_count":100633,"cotd":null,"cotd_at":null,"visible_on_explore_root":false,"visible_on_explore":false,"featured":false,"published":true,"published_at":"2018-08-25T07:27:59Z","reversed":false,"from_editor_v2":true,"is_editable":true,"original_sound":false,"has_sound":false,"recoub_to":null,"file_versions":{"html5":{"video":{"higher":{"url":"https://coub-anubis-a.akamaized.net/coub_storage/coub/simple/cw_file/d5abe5deb44/ff409cd9dc01bbab4f948/muted_mp4_huge_size_1570360988_muted_huge.mp4","size":1073479},"high":{"url":"https://coub-anubis-a.akamaized.net/coub_storage/coub/simple/cw_file/d5abe5deb44/ff409cd9dc01bbab4f948/muted_mp4_big_size_1570360988_muted_big.mp4","size":732733},"med":{"url":"https://coub-anubis-a.akamaized.net/coub_storage/coub/simple/cw_file/d5abe5deb44/ff409cd9dc01bbab4f948/muted_mp4_med_size_1570360988_muted_med.mp4","size":279192}},"audio":{"high":{"url":"https://coub-anubis-a.akamaized.net/coub_storage/coub/simple/cw_looped_audio_high/a55e865dc71/f6e96a636414873417d42/1605611478_high_1539873272_high.mp3","size":1095831},"med":{"url":"https://coub-anubis-a.akamaized.net/coub_storage/coub/simple/cw_looped_audio_med/789ec6fc7cd/f8bd8db5b7904f06ad4c1/1605611478_med_1539873272_med.mp3","size":735275}}},"mobile":{"video":"https://coub-anubis-a.akamaized.net/coub_storage/coub/simple/cw_file/d5abe5deb44/ff409cd9dc01bbab4f948/muted_mp4_med_size_1570360988_muted_med.mp4","audio":["https://coub-anubis-a.akamaized.net/coub_storage/coub/simple/cw_looped_audio_med/789ec6fc7cd/f8bd8db5b7904f06ad4c1/1605611478_med_1539873272_med.mp3"]},"share":{"default":"https://coub-anubis-a.akamaized.net/coub_storage/coub/simple/cw_video_for_sharing/a7aeb25d347/38651251ea8724cbaa381/1632826486_looped_1632826484.mp4"}},"audio_versions":{"template":"https://coub-anubis-a.akamaized.net/coub_storage/audio_track/cw_file/515ab7f02df/aeaf9c87a17047849a630/mid_1535181377_audio.mp3","versions":["mid","low"]},"image_versions":{"template":"https://coub-anubis-a.akamaized.net/coub_storage/coub/simple/cw_image/f885e92bd42/844af380493842272d3bd/1539873276_00031.jpg","versions":["micro","tiny","age_restricted","ios_large","ios_mosaic","big","med","small","pinterest"]},"first_frame_versions":{"template":"https://coub-anubis-a.akamaized.net/coub_storage/coub/simple/cw_timeline_pic/bed4bedb998/911bd548f9171f7ba6617/%{version}_1539873276_image.jpg","versions":["big","med","small","ios_large"]},"dimensions":{"big":[1280,654],"med":[640,326]},"site_w_h":[640,327],"page_w_h":[640,327],"site_w_h_small":[310,158],"size":[1280,654],"age_restricted":false,"age_restricted_by_admin":false,"not_safe_for_work":false,"allow_reuse":false,"dont_crop":false,"banned":false,"global_safe":true,"audio_file_url":"https://coub-anubis-a.akamaized.net/coub_storage/audio_track/cw_file/515ab7f02df/aeaf9c87a17047849a630/low_1535181377_audio.mp3","external_download":false,"application":null,"channel":{"id":3483118,"permalink":"eleonor-tjapkin","title":"Eleonor Tyapkin","description":null,"followers_count":65,"following_count":2,"avatar_versions":{"template":"https://coub-anubis-a.akamaized.net/coub_storage/channel/cw_avatar/822d6817b03/773ec657807df2496274a/%{version}_1607828834_10yijof_1532768972_kozel_nemitiy.jpg","versions":["medium","medium_2x","profile_pic","profile_pic_new","profile_pic_new_2x","tiny","tiny_2x","small","small_2x","ios_large","ios_small"]}},"file":null,"picture":"https://coub-anubis-a.akamaized.net/coub_storage/coub/simple/cw_image/f885e92bd42/844af380493842272d3bd/1539873276_00031.jpg","timeline_picture":"https://coub-anubis-a.akamaized.net/coub_storage/coub/simple/cw_timeline_pic/bed4bedb998/911bd548f9171f7ba6617/ios_large_1539873276_image.jpg","small_picture":"https://coub-anubis-a.akamaized.net/coub_storage/coub/simple/cw_image/f885e92bd42/844af380493842272d3bd/1539873276_00031.jpg","sharing_picture":null,"percent_done":100,"tags":[{"id":421,"title":"gif","value":"gif"},{"id":127890,"title":"gifs with sound","value":"gifs%20with%20sound"}],"categories":[{"id":2,"title":"Art & Design","permalink":"art","subscriptions_count":10092089,"big_image_url":"https://coub-anubis-a.akamaized.net/coub_storage/category/cw_image/bc49636b5e9/9d819c4215f13ccf07a7b/big_1544749302_art2.png","small_image_url":"https://coub-anubis-a.akamaized.net/coub_storage/category/cw_image/bc49636b5e9/9d819c4215f13ccf07a7b/small_1544749302_art2.png","med_image_url":"https://coub-anubis-a.akamaized.net/coub_storage/category/cw_image/bc49636b5e9/9d819c4215f13ccf07a7b/med_1544749302_art2.png","visible":true}],"communities":[{"id":2,"title":"Art & Design","permalink":"art","subscriptions_count":10092089,"big_image_url":"https://coub-anubis-a.akamaized.net/coub_storage/category/cw_image/bc49636b5e9/9d819c4215f13ccf07a7b/big_1544749302_art2.png","small_image_url":"https://coub-anubis-a.akamaized.net/coub_storage/category/cw_image/bc49636b5e9/9d819c4215f13ccf07a7b/small_1544749302_art2.png","med_image_url":"https://coub-anubis-a.akamaized.net/coub_storage/category/cw_image/bc49636b5e9/9d819c4215f13ccf07a7b/med_1544749302_art2.png","i_subscribed":true,"community_notifications_enabled":null,"description":null}],"recoubs_count":301,"remixes_count":0,"likes_count":1105,"dislikes_count":0,"raw_video_id":12259170,"uploaded_by_ios_app":false,"uploaded_by_android_app":false,"media_blocks":{"uploaded_raw_videos":[],"external_raw_videos":[],"remixed_from_coubs":[]},"raw_video_thumbnail_url":"/missing/missing.png","raw_video_title":"formula1_1_1.avi","video_block_banned":false,"duration":9.8,"promo_winner":false,"promo_winner_recoubers":null,"editorial_info":{},"promo_hint":null,"beeline_best_2014":null,"from_web_editor":true,"normalize_sound":false,"normalize_change_allowed":true,"best2015_addable":false,"ahmad_promo":null,"promo_data":null,"audio_copyright_claim":null,"ads_disabled":false,"is_safe_for_ads":true,"megafon_contents":[],"position_on_page":3},{"flag":null,"abuses":null,"recoubs_by_users_channels":null,"favourite":false,"promoted_id":null,"recoub":null,"like":null,"dislike":null,"reaction":null,"in_my_best2015":false,"id":169574109,"type":"Coub::Simple","permalink":"2sm335","title":"Japan","visibility_type":"public","original_visibility_type":"public","channel_id":4565969,"created_at":"2021-05-29T05:29:42Z","updated_at":"2022-03-17T11:47:41Z","is_done":true,"views_count":113212,"cotd":null,"cotd_at":null,"visible_on_explore_root":true,"visible_on_explore":true,"featured":true,"published":true,"published_at":"2021-05-29T05:29:42Z","reversed":false,"from_editor_v2":true,"is_editable":true,"original_sound":false,"has_sound":false,"recoub_to":null,"file_versions":{"html5":{"video":{"higher":{"url":"https://coub-anubis-a.akamaized.net/coub_storage/coub/simple/cw_file/6ec79a677be/39da1acd9cbfbd63f2978/muted_mp4_huge_size_1622266223_muted_huge.mp4","size":2003597},"high":{"url":"https://coub-anubis-a.akamaized.net/coub_storage/coub/simple/cw_file/6ec79a677be/39da1acd9cbfbd63f2978/muted_mp4_big_size_1622266223_muted_big.mp4","size":1733284},"med":{"url":"https://coub-anubis-a.akamaized.net/coub_storage/coub/simple/cw_file/6ec79a677be/39da1acd9cbfbd63f2978/muted_mp4_med_size_1622266223_muted_med.mp4","size":242654}},"audio":{"high":{"url":"https://coub-anubis-a.akamaized.net/coub_storage/coub/simple/cw_looped_audio_high/52403700140/1f301493cd5c7df9ba741/1622266285_mp3-high.mp3","size":7334305},"med":{"url":"https://coub-anubis-a.akamaized.net/coub_storage/coub/simple/cw_looped_audio_med/92f6b751eb0/8903db82b26a10f1c445d/1622266281_mp3-med.mp3","size":4948643}}},"mobile":{"video":"https://coub-anubis-a.akamaized.net/coub_storage/coub/simple/cw_file/6ec79a677be/39da1acd9cbfbd63f2978/muted_mp4_med_size_1622266223_muted_med.mp4","audio":["https://coub-anubis-a.akamaized.net/coub_storage/coub/simple/cw_looped_audio_med/92f6b751eb0/8903db82b26a10f1c445d/1622266281_mp3-med.mp3"]},"share":{"default":"https://coub-anubis-a.akamaized.net/coub_storage/coub/simple/cw_video_for_sharing/d62011b21e9/ba5d07104bb74960ceff0/1622266311_looped_1622266310.mp4"}},"audio_versions":{"template":"https://coub-anubis-a.akamaized.net/coub_storage/audio_track/cw_normalized_copy/c0795dbc63d/8451b66e796cb2f74f3ab/mid_1622266261_normalized_1622266231_1ulekge_edited.mp3","versions":["mid","low"]},"image_versions":{"template":"https://coub-anubis-a.akamaized.net/coub_storage/coub/simple/cw_image/f22a0231d7e/06255e6f1c6e0f6a1138e/%{version}_1622266290_00032.jpg","versions":["micro","tiny","age_restricted","ios_large","ios_mosaic","big","med","small","pinterest"]},"first_frame_versions":{"template":"https://coub-anubis-a.akamaized.net/coub_storage/coub/simple/cw_timeline_pic/d269dcee92c/85e6a1b64fd4111a06126/%{version}_1622266289_image.jpg","versions":["big","med","small","ios_large"]},"dimensions":{"big":[1280,720],"med":[640,360]},"site_w_h":[640,360],"page_w_h":[640,360],"site_w_h_small":[310,174],"size":[1280,720],"age_restricted":false,"age_restricted_by_admin":false,"not_safe_for_work":false,"allow_reuse":false,"dont_crop":true,"banned":false,"global_safe":true,"audio_file_url":"https://coub-anubis-a.akamaized.net/coub_storage/audio_track/cw_normalized_copy/c0795dbc63d/8451b66e796cb2f74f3ab/low_1622266261_normalized_1622266231_1ulekge_edited.mp3","external_download":false,"application":null,"channel":{"id":4565969,"permalink":"vazeline-online","title":"Vazeline Online ᵐʸᵗʰ","description":"За каждый лайк вы получаете +20 к сексуальности, но это временно, поэтому рекомендую обновлять процесс увеличения своим нажатием на сердечко","followers_count":1106,"following_count":1413,"avatar_versions":{"template":"https://coub-anubis-a.akamaized.net/coub_storage/channel/cw_avatar/42282210780/0a44e1a7995c61fd5acab/%{version}_1617464096_H-RGxoWQtpo.jpg","versions":["medium","medium_2x","profile_pic","profile_pic_new","profile_pic_new_2x","tiny","tiny_2x","small","small_2x","ios_large","ios_small"]}},"file":null,"picture":"https://coub-anubis-a.akamaized.net/coub_storage/coub/simple/cw_image/f22a0231d7e/06255e6f1c6e0f6a1138e/med_1622266290_00032.jpg","timeline_picture":"https://coub-anubis-a.akamaized.net/coub_storage/coub/simple/cw_timeline_pic/d269dcee92c/85e6a1b64fd4111a06126/ios_large_1622266289_image.jpg","small_picture":"https://coub-anubis-a.akamaized.net/coub_storage/coub/simple/cw_image/f22a0231d7e/06255e6f1c6e0f6a1138e/ios_mosaic_1622266290_00032.jpg","sharing_picture":null,"percent_done":100,"tags":[],"categories":[{"id":2,"title":"Art & Design","permalink":"art","subscriptions_count":10092089,"big_image_url":"https://coub-anubis-a.akamaized.net/coub_storage/category/cw_image/bc49636b5e9/9d819c4215f13ccf07a7b/big_1544749302_art2.png","small_image_url":"https://coub-anubis-a.akamaized.net/coub_storage/category/cw_image/bc49636b5e9/9d819c4215f13ccf07a7b/small_1544749302_art2.png","med_image_url":"https://coub-anubis-a.akamaized.net/coub_storage/category/cw_image/bc49636b5e9/9d819c4215f13ccf07a7b/med_1544749302_art2.png","visible":true}],"communities":[{"id":2,"title":"Art & Design","permalink":"art","subscriptions_count":10092089,"big_image_url":"https://coub-anubis-a.akamaized.net/coub_storage/category/cw_image/bc49636b5e9/9d819c4215f13ccf07a7b/big_1544749302_art2.png","small_image_url":"https://coub-anubis-a.akamaized.net/coub_storage/category/cw_image/bc49636b5e9/9d819c4215f13ccf07a7b/small_1544749302_art2.png","med_image_url":"https://coub-anubis-a.akamaized.net/coub_storage/category/cw_image/bc49636b5e9/9d819c4215f13ccf07a7b/med_1544749302_art2.png","i_subscribed":true,"community_notifications_enabled":null,"description":null}],"recoubs_count":220,"remixes_count":2,"likes_count":1104,"dislikes_count":0,"raw_video_id":16481754,"uploaded_by_ios_app":false,"uploaded_by_android_app":false,"media_blocks":{"uploaded_raw_videos":[],"external_raw_videos":[],"remixed_from_coubs":[]},"raw_video_thumbnail_url":"https://coub-anubis-a.akamaized.net/coub_storage/raw_video/cw_image/4169e154642/d8e987cb93ab7443550d4/coub_media_1622265918_image.jpg","raw_video_title":"mylivewallpapers.com-Japan-Summer-Tram.mp4","video_block_banned":false,"duration":10.0,"promo_winner":false,"promo_winner_recoubers":null,"editorial_info":{},"promo_hint":null,"beeline_best_2014":null,"from_web_editor":true,"normalize_sound":true,"normalize_change_allowed":true,"best2015_addable":false,"ahmad_promo":null,"promo_data":null,"audio_copyright_claim":null,"ads_disabled":false,"is_safe_for_ads":true,"megafon_contents":[],"position_on_page":4},{"flag":null,"abuses":null,"recoubs_by_users_channels":null,"favourite":false,"promoted_id":null,"recoub":null,"like":null,"dislike":null,"reaction":null,"in_my_best2015":false,"id":87456245,"type":"Coub::Simple","permalink":"1fnuun","title":"Motion by cpu.drain","visibility_type":"public","original_visibility_type":"public","channel_id":3851611,"created_at":"2018-10-07T12:50:28Z","updated_at":"2022-03-09T01:28:07Z","is_done":true,"views_count":84175,"cotd":null,"cotd_at":null,"visible_on_explore_root":true,"visible_on_explore":true,"featured":true,"published":true,"published_at":"2018-10-07T12:50:28Z","reversed":false,"from_editor_v2":true,"is_editable":true,"original_sound":true,"has_sound":true,"recoub_to":null,"file_versions":{"html5":{"video":{"higher":{"url":"https://coub-anubis-a.akamaized.net/coub_storage/coub/simple/cw_file/46bd1039fa5/ba9a9e193b626e242cc1e/muted_mp4_huge_size_1583648695_muted_huge.mp4","size":5907870},"high":{"url":"https://coub-anubis-a.akamaized.net/coub_storage/coub/simple/cw_file/46bd1039fa5/ba9a9e193b626e242cc1e/muted_mp4_big_size_1583648695_muted_big.mp4","size":5579325},"med":{"url":"https://coub-anubis-a.akamaized.net/coub_storage/coub/simple/cw_file/46bd1039fa5/ba9a9e193b626e242cc1e/muted_mp4_med_size_1583648695_muted_med.mp4","size":892666}},"audio":{"high":{"url":"https://coub-anubis-a.akamaized.net/coub_storage/coub/simple/cw_looped_audio_high/5e59e1816c7/76cda06f52b56b858eb08/1605604638_high_1538916654_high.mp3","size":1300752},"med":{"url":"https://coub-anubis-a.akamaized.net/coub_storage/coub/simple/cw_looped_audio_med/6004d8cfad7/e67cd6c48a7b51d93c354/1605604637_med_1538916654_med.mp3","size":903743},"sample_duration":9.427}},"mobile":{"video":"https://coub-anubis-a.akamaized.net/coub_storage/coub/simple/cw_file/46bd1039fa5/ba9a9e193b626e242cc1e/muted_mp4_med_size_1583648695_muted_med.mp4","audio":["https://coub-anubis-a.akamaized.net/coub_storage/coub/simple/cw_looped_audio_med/6004d8cfad7/e67cd6c48a7b51d93c354/1605604637_med_1538916654_med.mp3"]},"share":{"default":"https://coub-anubis-a.akamaized.net/coub_storage/coub/simple/cw_video_for_sharing/c8e359abde3/73e8245531b6a48b8e0ba/1611105989_looped_1611105987.mp4"}},"audio_versions":{},"image_versions":{"template":"https://coub-anubis-a.akamaized.net/coub_storage/coub/simple/cw_image/c51114e9526/ab2da2ec51aacdd114e33/1538916666_00030.jpg","versions":["micro","tiny","age_restricted","ios_large","ios_mosaic","big","med","small","pinterest"]},"first_frame_versions":{"template":"https://coub-anubis-a.akamaized.net/coub_storage/coub/simple/cw_timeline_pic/99f9a2e1fa7/da4df370c87eeb06b6c40/%{version}_1538916665_image.jpg","versions":["big","med","small","ios_large"]},"dimensions":{"big":[1280,720],"med":[640,360]},"site_w_h":[640,360],"page_w_h":[640,360],"site_w_h_small":[310,174],"size":[1280,720],"age_restricted":false,"age_restricted_by_admin":false,"not_safe_for_work":false,"allow_reuse":false,"dont_crop":false,"banned":false,"global_safe":true,"audio_file_url":null,"external_download":false,"application":null,"channel":{"id":3851611,"permalink":"7680loops","title":"7680LOOP","description":"Budapest ‡‡ original audio visual ‡‡\r\n\r\n7680LOOP@gmail.com","followers_count":78,"following_count":28,"avatar_versions":{"template":"https://coub-anubis-a.akamaized.net/coub_storage/channel/cw_avatar/1c03c1a6ba9/7cc234d3ae57c8a057edb/%{version}_1607745569_15wk93h_1509048590_voronoi2_uniformbreak.jpg","versions":["medium","medium_2x","profile_pic","profile_pic_new","profile_pic_new_2x","tiny","tiny_2x","small","small_2x","ios_large","ios_small"]}},"file":null,"picture":"https://coub-anubis-a.akamaized.net/coub_storage/coub/simple/cw_image/c51114e9526/ab2da2ec51aacdd114e33/1538916666_00030.jpg","timeline_picture":"https://coub-anubis-a.akamaized.net/coub_storage/coub/simple/cw_timeline_pic/99f9a2e1fa7/da4df370c87eeb06b6c40/ios_large_1538916665_image.jpg","small_picture":"https://coub-anubis-a.akamaized.net/coub_storage/coub/simple/cw_image/c51114e9526/ab2da2ec51aacdd114e33/1538916666_00030.jpg","sharing_picture":null,"percent_done":100,"tags":[{"id":27138,"title":"3d animation","value":"3d%20animation"},{"id":15544,"title":"sound design","value":"sound%20design"},{"id":4341641,"title":"cpu.drain","value":"cpu.drain"},{"id":4072927,"title":"7680loop","value":"7680loop"}],"categories":[{"id":2,"title":"Art & Design","permalink":"art","subscriptions_count":10092089,"big_image_url":"https://coub-anubis-a.akamaized.net/coub_storage/category/cw_image/bc49636b5e9/9d819c4215f13ccf07a7b/big_1544749302_art2.png","small_image_url":"https://coub-anubis-a.akamaized.net/coub_storage/category/cw_image/bc49636b5e9/9d819c4215f13ccf07a7b/small_1544749302_art2.png","med_image_url":"https://coub-anubis-a.akamaized.net/coub_storage/category/cw_image/bc49636b5e9/9d819c4215f13ccf07a7b/med_1544749302_art2.png","visible":true}],"communities":[{"id":2,"title":"Art & Design","permalink":"art","subscriptions_count":10092089,"big_image_url":"https://coub-anubis-a.akamaized.net/coub_storage/category/cw_image/bc49636b5e9/9d819c4215f13ccf07a7b/big_1544749302_art2.png","small_image_url":"https://coub-anubis-a.akamaized.net/coub_storage/category/cw_image/bc49636b5e9/9d819c4215f13ccf07a7b/small_1544749302_art2.png","med_image_url":"https://coub-anubis-a.akamaized.net/coub_storage/category/cw_image/bc49636b5e9/9d819c4215f13ccf07a7b/med_1544749302_art2.png","i_subscribed":true,"community_notifications_enabled":null,"description":null}],"recoubs_count":87,"remixes_count":0,"likes_count":1103,"dislikes_count":0,"raw_video_id":12490148,"uploaded_by_ios_app":false,"uploaded_by_android_app":false,"media_blocks":{"uploaded_raw_videos":[],"external_raw_videos":[],"remixed_from_coubs":[]},"raw_video_thumbnail_url":"/missing/missing.png","raw_video_title":"7680loop_guest5__FINISH.MP4","video_block_banned":false,"duration":9.48,"promo_winner":false,"promo_winner_recoubers":null,"editorial_info":{},"promo_hint":null,"beeline_best_2014":null,"from_web_editor":true,"normalize_sound":false,"normalize_change_allowed":true,"best2015_addable":false,"ahmad_promo":null,"promo_data":null,"audio_copyright_claim":null,"ads_disabled":false,"is_safe_for_ads":true,"megafon_contents":[],"position_on_page":5},{"flag":null,"abuses":null,"recoubs_by_users_channels":null,"favourite":false,"promoted_id":null,"recoub":null,"like":null,"dislike":null,"reaction":null,"in_my_best2015":false,"id":174602177,"type":"Coub::Simple","permalink":"2vlusu","title":"Road Trip","visibility_type":"public","original_visibility_type":"public","channel_id":567762,"created_at":"2021-08-28T23:59:26Z","updated_at":"2022-03-17T09:00:52Z","is_done":true,"views_count":120376,"cotd":null,"cotd_at":null,"visible_on_explore_root":false,"visible_on_explore":false,"featured":false,"published":true,"published_at":"2021-08-28T23:59:26Z","reversed":false,"from_editor_v2":true,"is_editable":true,"original_sound":false,"has_sound":false,"recoub_to":null,"file_versions":{"html5":{"video":{"higher":{"url":"https://coub-anubis-a.akamaized.net/coub_storage/coub/simple/cw_file/1fd65a05146/3c3332ee7779a629c377a/muted_mp4_huge_size_1630195169_muted_huge.mp4","size":1739957},"high":{"url":"https://coub-anubis-a.akamaized.net/coub_storage/coub/simple/cw_file/1fd65a05146/3c3332ee7779a629c377a/muted_mp4_big_size_1630195169_muted_big.mp4","size":989649},"med":{"url":"https://coub-anubis-a.akamaized.net/coub_storage/coub/simple/cw_file/1fd65a05146/3c3332ee7779a629c377a/muted_mp4_med_size_1630195169_muted_med.mp4","size":218872}},"audio":{"high":{"url":"https://coub-anubis-a.akamaized.net/coub_storage/coub/simple/cw_looped_audio_high/137a6a1a43f/2a37cdb23558a23ee20c3/1630195310_mp3-high.mp3","size":21647080},"med":{"url":"https://coub-anubis-a.akamaized.net/coub_storage/coub/simple/cw_looped_audio_med/9991d1fb618/b3837b6943cd13e2eeec1/1630195295_mp3-med.mp3","size":16876308}}},"mobile":{"video":"https://coub-anubis-a.akamaized.net/coub_storage/coub/simple/cw_file/1fd65a05146/3c3332ee7779a629c377a/muted_mp4_med_size_1630195169_muted_med.mp4","audio":["https://coub-anubis-a.akamaized.net/coub_storage/coub/simple/cw_looped_audio_med/9991d1fb618/b3837b6943cd13e2eeec1/1630195295_mp3-med.mp3"]},"share":{"default":"https://coub-anubis-a.akamaized.net/coub_storage/coub/simple/cw_video_for_sharing/2bed2172823/021f70d60aa9e4a01a944/1630195338_looped_1630195337.mp4"}},"audio_versions":{"template":"https://coub-anubis-a.akamaized.net/coub_storage/audio_track/cw_normalized_copy/f60d6dda245/143ae5636ac0221e04b46/mid_1630195228_normalized_1630194707_audio.mp3","versions":["mid","low"]},"image_versions":{"template":"https://coub-anubis-a.akamaized.net/coub_storage/coub/simple/cw_image/a507708dc54/781c15b5756286f4e59d6/%{version}_1630195314_00012.jpg","versions":["micro","tiny","age_restricted","ios_large","ios_mosaic","big","med","small","pinterest"]},"first_frame_versions":{"template":"https://coub-anubis-a.akamaized.net/coub_storage/coub/simple/cw_timeline_pic/943b4a924dc/fe91a584849a9edc397df/%{version}_1630195314_image.jpg","versions":["big","med","small","ios_large"]},"dimensions":{"big":[1280,960],"med":[640,480]},"site_w_h":[640,480],"page_w_h":[640,480],"site_w_h_small":[310,233],"size":[1280,960],"age_restricted":false,"age_restricted_by_admin":false,"not_safe_for_work":null,"allow_reuse":false,"dont_crop":true,"banned":false,"global_safe":null,"audio_file_url":"https://coub-anubis-a.akamaized.net/coub_storage/audio_track/cw_normalized_copy/f60d6dda245/143ae5636ac0221e04b46/low_1630195228_normalized_1630194707_audio.mp3","external_download":{"type":"UrlDownload","service_name":"UrlDownload","url":"https://i.redd.it/y1i779qceje71.gif","has_embed":false},"application":null,"channel":{"id":567762,"permalink":"rucooncoub","title":"GreenRacoon","description":null,"followers_count":299,"following_count":36,"avatar_versions":{"template":"https://coub-anubis-a.akamaized.net/coub_storage/channel/cw_avatar/6987f58bc1b/e9ece5d94090c1b0c6398/%{version}_1474515847_enot.jpg","versions":["medium","medium_2x","profile_pic","profile_pic_new","profile_pic_new_2x","tiny","tiny_2x","small","small_2x","ios_large","ios_small"]}},"file":null,"picture":"https://coub-anubis-a.akamaized.net/coub_storage/coub/simple/cw_image/a507708dc54/781c15b5756286f4e59d6/med_1630195314_00012.jpg","timeline_picture":"https://coub-anubis-a.akamaized.net/coub_storage/coub/simple/cw_timeline_pic/943b4a924dc/fe91a584849a9edc397df/ios_large_1630195314_image.jpg","small_picture":"https://coub-anubis-a.akamaized.net/coub_storage/coub/simple/cw_image/a507708dc54/781c15b5756286f4e59d6/ios_mosaic_1630195314_00012.jpg","sharing_picture":null,"percent_done":100,"tags":[{"id":50252,"title":"road trip","value":"road%20trip"},{"id":1173,"title":"car","value":"car"},{"id":22215,"title":"mood","value":"mood"},{"id":669,"title":"road","value":"road"},{"id":1804,"title":"trip","value":"trip"},{"id":1022,"title":"vibes","value":"vibes"},{"id":66526,"title":"feels","value":"feels"},{"id":757,"title":"cute","value":"cute"},{"id":36131,"title":"nostalgic","value":"nostalgic"},{"id":4022,"title":"nostalgia","value":"nostalgia"},{"id":5512,"title":"comfort","value":"comfort"}],"categories":[{"id":2,"title":"Art & Design","permalink":"art","subscriptions_count":10092089,"big_image_url":"https://coub-anubis-a.akamaized.net/coub_storage/category/cw_image/bc49636b5e9/9d819c4215f13ccf07a7b/big_1544749302_art2.png","small_image_url":"https://coub-anubis-a.akamaized.net/coub_storage/category/cw_image/bc49636b5e9/9d819c4215f13ccf07a7b/small_1544749302_art2.png","med_image_url":"https://coub-anubis-a.akamaized.net/coub_storage/category/cw_image/bc49636b5e9/9d819c4215f13ccf07a7b/med_1544749302_art2.png","visible":true}],"communities":[{"id":2,"title":"Art & Design","permalink":"art","subscriptions_count":10092089,"big_image_url":"https://coub-anubis-a.akamaized.net/coub_storage/category/cw_image/bc49636b5e9/9d819c4215f13ccf07a7b/big_1544749302_art2.png","small_image_url":"https://coub-anubis-a.akamaized.net/coub_storage/category/cw_image/bc49636b5e9/9d819c4215f13ccf07a7b/small_1544749302_art2.png","med_image_url":"https://coub-anubis-a.akamaized.net/coub_storage/category/cw_image/bc49636b5e9/9d819c4215f13ccf07a7b/med_1544749302_art2.png","i_subscribed":true,"community_notifications_enabled":null,"description":null}],"recoubs_count":204,"remixes_count":1,"likes_count":1102,"dislikes_count":0,"raw_video_id":16726591,"uploaded_by_ios_app":true,"uploaded_by_android_app":false,"media_blocks":{"uploaded_raw_videos":[],"external_raw_videos":[{"id":39564071,"title":"y1i779qceje71.gif","url":"https://i.redd.it/y1i779qceje71.gif","image":"https://coub-anubis-a.akamaized.net/coub_storage/media_block/cw_image/27c99d82ecf/ec3b6413876584157077d/video_1630194468_sguko5_1630194463_image.jpg","image_retina":"https://coub-anubis-a.akamaized.net/coub_storage/media_block/cw_image/27c99d82ecf/ec3b6413876584157077d/video_retina_1630194468_sguko5_1630194463_image.jpg","meta":{"service":"UrlDownload","duration":"3.52"},"duration":3.52,"raw_video_id":16726591,"has_embed":false}],"remixed_from_coubs":[],"external_video":{"id":39564071,"title":"y1i779qceje71.gif","url":"https://i.redd.it/y1i779qceje71.gif","image":"https://coub-anubis-a.akamaized.net/coub_storage/media_block/cw_image/27c99d82ecf/ec3b6413876584157077d/video_1630194468_sguko5_1630194463_image.jpg","image_retina":"https://coub-anubis-a.akamaized.net/coub_storage/media_block/cw_image/27c99d82ecf/ec3b6413876584157077d/video_retina_1630194468_sguko5_1630194463_image.jpg","meta":{"service":"UrlDownload","duration":"3.52"},"duration":3.52,"raw_video_id":16726591,"has_embed":false}},"raw_video_thumbnail_url":"https://coub-anubis-a.akamaized.net/coub_storage/raw_video/cw_image/9fb158369e4/7548a78507f611f9a0618/coub_media_1630194463_1630194463_image.jpg","raw_video_title":"y1i779qceje71.gif","video_block_banned":false,"duration":3.52,"promo_winner":false,"promo_winner_recoubers":null,"editorial_info":{},"promo_hint":null,"beeline_best_2014":null,"from_web_editor":false,"normalize_sound":true,"normalize_change_allowed":true,"best2015_addable":false,"ahmad_promo":null,"promo_data":null,"audio_copyright_claim":null,"ads_disabled":null,"is_safe_for_ads":true,"megafon_contents":[],"position_on_page":6},{"flag":null,"abuses":null,"recoubs_by_users_channels":null,"favourite":false,"promoted_id":null,"recoub":null,"like":null,"dislike":null,"reaction":null,"in_my_best2015":false,"id":11990159,"type":"Coub::Simple","permalink":"6ouc5","title":"Enjoy Coca-Cola","visibility_type":"public","original_visibility_type":"public","channel_id":1469654,"created_at":"2015-06-01T08:35:30Z","updated_at":"2022-03-10T00:58:36Z","is_done":true,"views_count":50684,"cotd":null,"cotd_at":null,"visible_on_explore_root":false,"visible_on_explore":false,"featured":false,"published":true,"published_at":"2015-06-01T08:35:30Z","reversed":false,"from_editor_v2":true,"is_editable":true,"original_sound":false,"has_sound":false,"recoub_to":null,"file_versions":{"html5":{"video":{"higher":{"url":"https://coub-anubis-a.akamaized.net/coub_storage/coub/simple/cw_file/8b7d14a883e/4fe9df746ebf96501d69c/muted_mp4_huge_size_1567773612_muted_huge.mp4","size":738248},"high":{"url":"https://coub-anubis-a.akamaized.net/coub_storage/coub/simple/cw_file/8b7d14a883e/4fe9df746ebf96501d69c/muted_mp4_big_size_1567773612_muted_big.mp4","size":504916},"med":{"url":"https://coub-anubis-a.akamaized.net/coub_storage/coub/simple/cw_file/8b7d14a883e/4fe9df746ebf96501d69c/muted_mp4_med_size_1567773612_muted_med.mp4","size":157850}},"audio":{"high":{"url":"https://coub-anubis-a.akamaized.net/coub_storage/coub/simple/cw_looped_audio_high/0f717790381/e9528180ff9d159d72467/1605453055_high_1445983599_high.mp3","size":3718999},"med":{"url":"https://coub-anubis-a.akamaized.net/coub_storage/coub/simple/cw_looped_audio_med/0525e071b42/1ec5207b0302685931326/1605453054_med_1445983599_med.mp3","size":2479332}}},"mobile":{"video":"https://coub-anubis-a.akamaized.net/coub_storage/coub/simple/cw_file/8b7d14a883e/4fe9df746ebf96501d69c/muted_mp4_med_size_1567773612_muted_med.mp4","audio":["https://coub-anubis-a.akamaized.net/coub_storage/coub/simple/cw_looped_audio_med/0525e071b42/1ec5207b0302685931326/1605453054_med_1445983599_med.mp3"]},"share":{"default":"https://coub-anubis-a.akamaized.net/coub_storage/coub/simple/cw_video_for_sharing/347cbd8d728/5d871bd482f8e98c5d5a1/1631549157_looped_1631549157.mp4"}},"audio_versions":{"template":"https://coub-anubis-a.akamaized.net/coub_storage/audio_track/cw_normalized_copy/3372149f174/22fea90c657464d5c75b4/mid_1471223952_1ci4ikq_normalized_1433147089_audio.mp3","versions":["mid","low"]},"image_versions":{"template":"https://coub-anubis-a.akamaized.net/coub_storage/coub/simple/cw_image/7862d511e13/809584f50de934c405320/1433147843_00017.jpg","versions":["micro","tiny","age_restricted","ios_large","ios_mosaic","big","med","small","pinterest"]},"first_frame_versions":{"template":"https://coub-anubis-a.akamaized.net/coub_storage/coub/simple/cw_timeline_pic/bf0794eebef/371302a687022e0ea7c7a/%{version}_1433147841_image.jpg","versions":["big","med","small","ios_large"]},"dimensions":{"big":[1198,960],"med":[598,480]},"site_w_h":[640,513],"page_w_h":[640,513],"site_w_h_small":[310,248],"size":[1198,960],"age_restricted":false,"age_restricted_by_admin":false,"not_safe_for_work":false,"allow_reuse":false,"dont_crop":false,"banned":false,"global_safe":true,"audio_file_url":"https://coub-anubis-a.akamaized.net/coub_storage/audio_track/cw_normalized_copy/3372149f174/22fea90c657464d5c75b4/low_1471223952_1ci4ikq_normalized_1433147089_audio.mp3","external_download":false,"application":null,"channel":{"id":1469654,"permalink":"maxim.cedaroff","title":"Maxim Cedaroff","description":null,"followers_count":10410,"following_count":76,"avatar_versions":{"template":"https://coub-anubis-a.akamaized.net/coub_storage/channel/cw_avatar/4aa847dfcd6/522f50c070830dc43767c/%{version}_1607432341_1ji09oe_1474539651_11037553_1595307470687921_7813389750576213086_n.jpg","versions":["medium","medium_2x","profile_pic","profile_pic_new","profile_pic_new_2x","tiny","tiny_2x","small","small_2x","ios_large","ios_small"]}},"file":null,"picture":"https://coub-anubis-a.akamaized.net/coub_storage/coub/simple/cw_image/7862d511e13/809584f50de934c405320/1433147843_00017.jpg","timeline_picture":"https://coub-anubis-a.akamaized.net/coub_storage/coub/simple/cw_timeline_pic/bf0794eebef/371302a687022e0ea7c7a/ios_large_1433147841_image.jpg","small_picture":"https://coub-anubis-a.akamaized.net/coub_storage/coub/simple/cw_image/7862d511e13/809584f50de934c405320/1433147843_00017.jpg","sharing_picture":null,"percent_done":100,"tags":[{"id":9374,"title":"graffiti","value":"graffiti"},{"id":505116,"title":"графити","value":"%D0%B3%D1%80%D0%B0%D1%84%D0%B8%D1%82%D0%B8"},{"id":1989,"title":"огонь","value":"%D0%BE%D0%B3%D0%BE%D0%BD%D1%8C"},{"id":9134,"title":"анимация","value":"%D0%B0%D0%BD%D0%B8%D0%BC%D0%B0%D1%86%D0%B8%D1%8F"},{"id":1179,"title":"fire","value":"fire"},{"id":222282,"title":"young buck","value":"young%20buck"},{"id":44939,"title":"street art","value":"street%20art"},{"id":3072,"title":"art","value":"art"},{"id":15033,"title":"fuck the police","value":"fuck%20the%20police"},{"id":7710,"title":"coca-cola","value":"coca-cola"},{"id":6218,"title":"animathion","value":"animathion"}],"categories":[{"id":2,"title":"Art & Design","permalink":"art","subscriptions_count":10092089,"big_image_url":"https://coub-anubis-a.akamaized.net/coub_storage/category/cw_image/bc49636b5e9/9d819c4215f13ccf07a7b/big_1544749302_art2.png","small_image_url":"https://coub-anubis-a.akamaized.net/coub_storage/category/cw_image/bc49636b5e9/9d819c4215f13ccf07a7b/small_1544749302_art2.png","med_image_url":"https://coub-anubis-a.akamaized.net/coub_storage/category/cw_image/bc49636b5e9/9d819c4215f13ccf07a7b/med_1544749302_art2.png","visible":true}],"communities":[{"id":2,"title":"Art & Design","permalink":"art","subscriptions_count":10092089,"big_image_url":"https://coub-anubis-a.akamaized.net/coub_storage/category/cw_image/bc49636b5e9/9d819c4215f13ccf07a7b/big_1544749302_art2.png","small_image_url":"https://coub-anubis-a.akamaized.net/coub_storage/category/cw_image/bc49636b5e9/9d819c4215f13ccf07a7b/small_1544749302_art2.png","med_image_url":"https://coub-anubis-a.akamaized.net/coub_storage/category/cw_image/bc49636b5e9/9d819c4215f13ccf07a7b/med_1544749302_art2.png","i_subscribed":true,"community_notifications_enabled":null,"description":null}],"recoubs_count":236,"remixes_count":2,"likes_count":1102,"dislikes_count":0,"raw_video_id":1414374,"uploaded_by_ios_app":false,"uploaded_by_android_app":false,"media_blocks":{"uploaded_raw_videos":[],"external_raw_videos":[],"remixed_from_coubs":[],"audio_track":{"id":19612127,"title":"Unknown","url":null,"image":null,"image_retina":null,"meta":{"year":"0","album":null,"title":"Unknown","artist":null,"echonest_id":null},"duration":null,"amazon_url":null,"google_play_url":null,"bandcamp_url":null,"soundcloud_url":null,"track_name":null,"track_artist":null,"track_album":null,"itunes_url":null}},"raw_video_thumbnail_url":"/missing/missing.png","raw_video_title":"Fire.mp4","video_block_banned":false,"duration":5.28,"promo_winner":false,"promo_winner_recoubers":null,"editorial_info":{},"promo_hint":null,"beeline_best_2014":null,"from_web_editor":true,"normalize_sound":true,"normalize_change_allowed":true,"best2015_addable":false,"ahmad_promo":null,"promo_data":null,"audio_copyright_claim":null,"ads_disabled":null,"is_safe_for_ads":true,"megafon_contents":[],"position_on_page":7},{"flag":null,"abuses":null,"recoubs_by_users_channels":null,"favourite":false,"promoted_id":null,"recoub":null,"like":null,"dislike":null,"reaction":null,"in_my_best2015":false,"id":89183118,"type":"Coub::Simple","permalink":"1govbr","title":"night square 🌆","visibility_type":"public","original_visibility_type":"public","channel_id":322269,"created_at":"2018-10-24T18:33:04Z","updated_at":"2022-02-27T08:36:10Z","is_done":true,"views_count":121692,"cotd":null,"cotd_at":null,"visible_on_explore_root":true,"visible_on_explore":true,"featured":true,"published":true,"published_at":"2018-10-24T18:33:04Z","reversed":false,"from_editor_v2":true,"is_editable":true,"original_sound":false,"has_sound":false,"recoub_to":null,"file_versions":{"html5":{"video":{"higher":{"url":"https://coub-anubis-a.akamaized.net/coub_storage/coub/simple/cw_file/1e763a1fc96/c5dc34c209ad147dbb546/muted_mp4_huge_size_1569498347_muted_huge.mp4","size":114694},"high":{"url":"https://coub-anubis-a.akamaized.net/coub_storage/coub/simple/cw_file/1e763a1fc96/c5dc34c209ad147dbb546/muted_mp4_big_size_1569498347_muted_big.mp4","size":85373},"med":{"url":"https://coub-anubis-a.akamaized.net/coub_storage/coub/simple/cw_file/1e763a1fc96/c5dc34c209ad147dbb546/muted_mp4_med_size_1569498347_muted_med.mp4","size":28517}},"audio":{"high":{"url":"https://coub-anubis-a.akamaized.net/coub_storage/coub/simple/cw_looped_audio_high/a497a04d6e0/d302b5db9c54553b7f192/1605598289_high_1540406015_high.mp3","size":4116506},"med":{"url":"https://coub-anubis-a.akamaized.net/coub_storage/coub/simple/cw_looped_audio_med/b3f5f004cbb/7af84f0d0acd4230ecf76/1605598289_med_1540406015_med.mp3","size":3033206}}},"mobile":{"video":"https://coub-anubis-a.akamaized.net/coub_storage/coub/simple/cw_file/1e763a1fc96/c5dc34c209ad147dbb546/muted_mp4_med_size_1569498347_muted_med.mp4","audio":["https://coub-anubis-a.akamaized.net/coub_storage/coub/simple/cw_looped_audio_med/b3f5f004cbb/7af84f0d0acd4230ecf76/1605598289_med_1540406015_med.mp3"]},"share":{"default":"https://coub-anubis-a.akamaized.net/coub_storage/coub/simple/cw_video_for_sharing/00b28360d1f/319a6f5a4c2d130883a1e/1610476936_looped_1610476936.mp4"}},"audio_versions":{"template":"https://coub-anubis-a.akamaized.net/coub_storage/audio_track/cw_normalized_copy/80b320361d8/6eaa38b45397ca57227a8/mid_1540406000_normalized_1540405760_audio.mp3","versions":["mid","low"]},"image_versions":{"template":"https://coub-anubis-a.akamaized.net/coub_storage/coub/simple/cw_image/63b1de2ef8a/4981a4bb8d86ccc6e276f/1540406028_00021.jpg","versions":["micro","tiny","age_restricted","ios_large","ios_mosaic","big","med","small","pinterest"]},"first_frame_versions":{"template":"https://coub-anubis-a.akamaized.net/coub_storage/coub/simple/cw_timeline_pic/8b1e224afb7/ee5d085a0aca1613200c8/%{version}_1540406028_image.jpg","versions":["big","med","small","ios_large"]},"dimensions":{"big":[1280,536],"med":[640,268]},"site_w_h":[640,268],"page_w_h":[640,268],"site_w_h_small":[310,130],"size":[1280,536],"age_restricted":false,"age_restricted_by_admin":false,"not_safe_for_work":false,"allow_reuse":false,"dont_crop":false,"banned":false,"global_safe":true,"audio_file_url":"https://coub-anubis-a.akamaized.net/coub_storage/audio_track/cw_normalized_copy/80b320361d8/6eaa38b45397ca57227a8/low_1540406000_normalized_1540405760_audio.mp3","external_download":false,"application":null,"channel":{"id":322269,"permalink":"rebelbyte","title":"Rebel Byte","description":"Pixel Culture","followers_count":6578,"following_count":114,"avatar_versions":{"template":"https://coub-anubis-a.akamaized.net/coub_storage/channel/cw_avatar/523be47e4fe/157780b1e8085dce0ae44/%{version}_1523607887_1041uuu.png","versions":["medium","medium_2x","profile_pic","profile_pic_new","profile_pic_new_2x","tiny","tiny_2x","small","small_2x","ios_large","ios_small"]}},"file":null,"picture":"https://coub-anubis-a.akamaized.net/coub_storage/coub/simple/cw_image/63b1de2ef8a/4981a4bb8d86ccc6e276f/1540406028_00021.jpg","timeline_picture":"https://coub-anubis-a.akamaized.net/coub_storage/coub/simple/cw_timeline_pic/8b1e224afb7/ee5d085a0aca1613200c8/ios_large_1540406028_image.jpg","small_picture":"https://coub-anubis-a.akamaized.net/coub_storage/coub/simple/cw_image/63b1de2ef8a/4981a4bb8d86ccc6e276f/1540406028_00021.jpg","sharing_picture":null,"percent_done":100,"tags":[{"id":420,"title":"pixel","value":"pixel"},{"id":3072,"title":"art","value":"art"},{"id":258946,"title":"pixelart","value":"pixelart"},{"id":7443,"title":"chiptune","value":"chiptune"}],"categories":[{"id":2,"title":"Art & Design","permalink":"art","subscriptions_count":10092089,"big_image_url":"https://coub-anubis-a.akamaized.net/coub_storage/category/cw_image/bc49636b5e9/9d819c4215f13ccf07a7b/big_1544749302_art2.png","small_image_url":"https://coub-anubis-a.akamaized.net/coub_storage/category/cw_image/bc49636b5e9/9d819c4215f13ccf07a7b/small_1544749302_art2.png","med_image_url":"https://coub-anubis-a.akamaized.net/coub_storage/category/cw_image/bc49636b5e9/9d819c4215f13ccf07a7b/med_1544749302_art2.png","visible":true}],"communities":[{"id":2,"title":"Art & Design","permalink":"art","subscriptions_count":10092089,"big_image_url":"https://coub-anubis-a.akamaized.net/coub_storage/category/cw_image/bc49636b5e9/9d819c4215f13ccf07a7b/big_1544749302_art2.png","small_image_url":"https://coub-anubis-a.akamaized.net/coub_storage/category/cw_image/bc49636b5e9/9d819c4215f13ccf07a7b/small_1544749302_art2.png","med_image_url":"https://coub-anubis-a.akamaized.net/coub_storage/category/cw_image/bc49636b5e9/9d819c4215f13ccf07a7b/med_1544749302_art2.png","i_subscribed":true,"community_notifications_enabled":null,"description":null}],"recoubs_count":259,"remixes_count":2,"likes_count":1101,"dislikes_count":0,"raw_video_id":12584621,"uploaded_by_ios_app":false,"uploaded_by_android_app":false,"media_blocks":{"uploaded_raw_videos":[],"external_raw_videos":[],"remixed_from_coubs":[]},"raw_video_thumbnail_url":"/missing/missing.png","raw_video_title":"tumblr_p2rywgF4Iw1wk0ifjo1_1280.gif","video_block_banned":false,"duration":6.48,"promo_winner":false,"promo_winner_recoubers":null,"editorial_info":{},"promo_hint":null,"beeline_best_2014":null,"from_web_editor":true,"normalize_sound":true,"normalize_change_allowed":true,"best2015_addable":false,"ahmad_promo":null,"promo_data":null,"audio_copyright_claim":null,"ads_disabled":false,"is_safe_for_ads":true,"megafon_contents":[],"position_on_page":8},{"flag":null,"abuses":null,"recoubs_by_users_channels":null,"favourite":false,"promoted_id":null,"recoub":null,"like":null,"dislike":null,"reaction":null,"in_my_best2015":false,"id":49927514,"type":"Coub::Simple","permalink":"t9z8h","title":".","visibility_type":"public","original_visibility_type":"public","channel_id":3262575,"created_at":"2017-04-08T13:14:34Z","updated_at":"2022-03-04T17:41:52Z","is_done":true,"views_count":154681,"cotd":null,"cotd_at":null,"visible_on_explore_root":false,"visible_on_explore":false,"featured":false,"published":true,"published_at":"2017-04-08T13:14:34Z","reversed":false,"from_editor_v2":true,"is_editable":true,"original_sound":false,"has_sound":false,"recoub_to":null,"file_versions":{"html5":{"video":{"higher":{"url":"https://coub-anubis-a.akamaized.net/coub_storage/coub/simple/cw_file/750a53b364b/9f6284d118ecf761f3ece/muted_mp4_huge_size_1568102621_muted_huge.mp4","size":7908752},"high":{"url":"https://coub-anubis-a.akamaized.net/coub_storage/coub/simple/cw_file/750a53b364b/9f6284d118ecf761f3ece/muted_mp4_big_size_1568102621_muted_big.mp4","size":5978896},"med":{"url":"https://coub-anubis-a.akamaized.net/coub_storage/coub/simple/cw_file/750a53b364b/9f6284d118ecf761f3ece/muted_mp4_med_size_1568102621_muted_med.mp4","size":2263619}},"audio":{"high":{"url":"https://coub-anubis-a.akamaized.net/coub_storage/coub/simple/cw_looped_audio_high/a84b3b6eee8/9ab3bd081f4f57d92569d/1605591680_high_1491657354_high.mp3","size":3407933},"med":{"url":"https://coub-anubis-a.akamaized.net/coub_storage/coub/simple/cw_looped_audio_med/87a1e9de498/b5a5c31beca1de8665836/1605591680_med_1491657354_med.mp3","size":2876788}}},"mobile":{"video":"https://coub-anubis-a.akamaized.net/coub_storage/coub/simple/cw_file/750a53b364b/9f6284d118ecf761f3ece/muted_mp4_med_size_1568102621_muted_med.mp4","audio":["https://coub-anubis-a.akamaized.net/coub_storage/coub/simple/cw_looped_audio_med/87a1e9de498/b5a5c31beca1de8665836/1605591680_med_1491657354_med.mp3"]},"share":{"default":"https://coub-anubis-a.akamaized.net/coub_storage/coub/simple/cw_video_for_sharing/b1ff756a90b/8e9693f6449ffb145da1e/1619296393_looped_1619296391.mp4"}},"audio_versions":{"template":"https://coub-anubis-a.akamaized.net/coub_storage/audio_track/cw_normalized_copy/c18d700eb13/0cb9b579d0735d5cc84e5/mid_1491657338_1prw2co_normalized_1491657162_audio.mp3","versions":["mid","low"]},"image_versions":{"template":"https://coub-anubis-a.akamaized.net/coub_storage/coub/simple/cw_image/3ed7d91f2de/46e47e7e7a9fbd695f0f0/1491657376_00032.jpg","versions":["micro","tiny","age_restricted","ios_large","ios_mosaic","big","med","small","pinterest"]},"first_frame_versions":{"template":"https://coub-anubis-a.akamaized.net/coub_storage/coub/simple/cw_timeline_pic/0e7d06c5d1b/27983bf8ea864b2aa0b86/1491657374_image.jpg","versions":["big","med","small","ios_large"]},"dimensions":{"big":[1280,698],"med":[640,348]},"site_w_h":[640,349],"page_w_h":[640,349],"site_w_h_small":[310,169],"size":[1280,698],"age_restricted":false,"age_restricted_by_admin":false,"not_safe_for_work":false,"allow_reuse":false,"dont_crop":false,"banned":false,"global_safe":true,"audio_file_url":"https://coub-anubis-a.akamaized.net/coub_storage/audio_track/cw_normalized_copy/c18d700eb13/0cb9b579d0735d5cc84e5/low_1491657338_1prw2co_normalized_1491657162_audio.mp3","external_download":false,"application":null,"channel":{"id":3262575,"permalink":"tarakanova2","title":"tarakanova","description":null,"followers_count":961,"following_count":4259,"avatar_versions":{"template":"https://coub-anubis-a.akamaized.net/coub_storage/channel/cw_avatar/6b1c6d5d7fc/e6e8bc09ad0dbe245e097/%{version}_1607717377_3zy1t3_1524553767_17596034_1290342134394042_587548674234515456_n.jpg","versions":["medium","medium_2x","profile_pic","profile_pic_new","profile_pic_new_2x","tiny","tiny_2x","small","small_2x","ios_large","ios_small"]}},"file":null,"picture":"https://coub-anubis-a.akamaized.net/coub_storage/coub/simple/cw_image/3ed7d91f2de/46e47e7e7a9fbd695f0f0/1491657376_00032.jpg","timeline_picture":"https://coub-anubis-a.akamaized.net/coub_storage/coub/simple/cw_timeline_pic/0e7d06c5d1b/27983bf8ea864b2aa0b86/1491657374_image.jpg","small_picture":"https://coub-anubis-a.akamaized.net/coub_storage/coub/simple/cw_image/3ed7d91f2de/46e47e7e7a9fbd695f0f0/1491657376_00032.jpg","sharing_picture":null,"percent_done":100,"tags":[],"categories":[{"id":2,"title":"Art & Design","permalink":"art","subscriptions_count":10092089,"big_image_url":"https://coub-anubis-a.akamaized.net/coub_storage/category/cw_image/bc49636b5e9/9d819c4215f13ccf07a7b/big_1544749302_art2.png","small_image_url":"https://coub-anubis-a.akamaized.net/coub_storage/category/cw_image/bc49636b5e9/9d819c4215f13ccf07a7b/small_1544749302_art2.png","med_image_url":"https://coub-anubis-a.akamaized.net/coub_storage/category/cw_image/bc49636b5e9/9d819c4215f13ccf07a7b/med_1544749302_art2.png","visible":true}],"communities":[{"id":2,"title":"Art & Design","permalink":"art","subscriptions_count":10092089,"big_image_url":"https://coub-anubis-a.akamaized.net/coub_storage/category/cw_image/bc49636b5e9/9d819c4215f13ccf07a7b/big_1544749302_art2.png","small_image_url":"https://coub-anubis-a.akamaized.net/coub_storage/category/cw_image/bc49636b5e9/9d819c4215f13ccf07a7b/small_1544749302_art2.png","med_image_url":"https://coub-anubis-a.akamaized.net/coub_storage/category/cw_image/bc49636b5e9/9d819c4215f13ccf07a7b/med_1544749302_art2.png","i_subscribed":true,"community_notifications_enabled":null,"description":null}],"recoubs_count":198,"remixes_count":1,"likes_count":1101,"dislikes_count":0,"raw_video_id":9424453,"uploaded_by_ios_app":false,"uploaded_by_android_app":false,"media_blocks":{"uploaded_raw_videos":[],"external_raw_videos":[],"remixed_from_coubs":[]},"raw_video_thumbnail_url":"/missing/missing.png","raw_video_title":"2_min_reel_2017_1080P.mp4","video_block_banned":false,"duration":10.0,"promo_winner":false,"promo_winner_recoubers":null,"editorial_info":{},"promo_hint":null,"beeline_best_2014":null,"from_web_editor":true,"normalize_sound":true,"normalize_change_allowed":true,"best2015_addable":false,"ahmad_promo":null,"promo_data":null,"audio_copyright_claim":null,"ads_disabled":false,"is_safe_for_ads":true,"megafon_contents":[],"position_on_page":9},{"flag":null,"abuses":null,"recoubs_by_users_channels":null,"favourite":false,"promoted_id":null,"recoub":null,"like":null,"dislike":null,"reaction":null,"in_my_best2015":false,"id":174546945,"type":"Coub::Simple","permalink":"2vko6l","title":"Olivia Addams - Dumb","visibility_type":"public","original_visibility_type":"public","channel_id":11674701,"created_at":"2021-08-27T23:06:18Z","updated_at":"2022-03-17T10:42:29Z","is_done":true,"views_count":94516,"cotd":null,"cotd_at":null,"visible_on_explore_root":false,"visible_on_explore":false,"featured":false,"published":true,"published_at":"2021-08-27T23:06:18Z","reversed":true,"from_editor_v2":true,"is_editable":true,"original_sound":false,"has_sound":false,"recoub_to":null,"file_versions":{"html5":{"video":{"higher":{"url":"https://coub-anubis-a.akamaized.net/coub_storage/coub/simple/cw_file/b9f033ebe01/802c3012c04b5a61674c5/muted_mp4_huge_size_1630105612_muted_huge.mp4","size":947572},"high":{"url":"https://coub-anubis-a.akamaized.net/coub_storage/coub/simple/cw_file/b9f033ebe01/802c3012c04b5a61674c5/muted_mp4_big_size_1630105612_muted_big.mp4","size":669697},"med":{"url":"https://coub-anubis-a.akamaized.net/coub_storage/coub/simple/cw_file/b9f033ebe01/802c3012c04b5a61674c5/muted_mp4_med_size_1630105612_muted_med.mp4","size":201636}},"audio":{"high":{"url":"https://coub-anubis-a.akamaized.net/coub_storage/coub/simple/cw_looped_audio_high/efc9b2d6e1f/eaff08e5b216aac74a3c2/1630105641_mp3-high.mp3","size":2675110},"med":{"url":"https://coub-anubis-a.akamaized.net/coub_storage/coub/simple/cw_looped_audio_med/faec1167eba/f551e0983a828b99c3620/1630105639_mp3-med.mp3","size":2012556}}},"mobile":{"video":"https://coub-anubis-a.akamaized.net/coub_storage/coub/simple/cw_file/b9f033ebe01/802c3012c04b5a61674c5/muted_mp4_med_size_1630105612_muted_med.mp4","audio":["https://coub-anubis-a.akamaized.net/coub_storage/coub/simple/cw_looped_audio_med/faec1167eba/f551e0983a828b99c3620/1630105639_mp3-med.mp3"]},"share":{"default":"https://coub-anubis-a.akamaized.net/coub_storage/coub/simple/cw_video_for_sharing/f1b91c833ba/fabfd54bfe66af7d640c2/1630105667_looped_1630105666.mp4"}},"audio_versions":{"template":"https://coub-anubis-a.akamaized.net/coub_storage/audio_track/cw_normalized_copy/9a4369fa5c1/a8b652058b29496a9dbc1/mid_1630105628_normalized_1630105614_1wjcodp_edited.mp3","versions":["mid","low"]},"image_versions":{"template":"https://coub-anubis-a.akamaized.net/coub_storage/coub/simple/cw_image/ff48ab5c962/07ef69569dde9ed5ca914/%{version}_1630105646_00063.jpg","versions":["micro","tiny","age_restricted","ios_large","ios_mosaic","big","med","small","pinterest"]},"first_frame_versions":{"template":"https://coub-anubis-a.akamaized.net/coub_storage/coub/simple/cw_timeline_pic/be88973a272/81c6d285ecd183f3ff186/%{version}_1630105645_image.jpg","versions":["big","med","small","ios_large"]},"dimensions":{"big":[1280,720],"med":[640,360]},"site_w_h":[640,360],"page_w_h":[640,360],"site_w_h_small":[310,174],"size":[1280,720],"age_restricted":false,"age_restricted_by_admin":false,"not_safe_for_work":false,"allow_reuse":false,"dont_crop":true,"banned":false,"global_safe":true,"audio_file_url":"https://coub-anubis-a.akamaized.net/coub_storage/audio_track/cw_normalized_copy/9a4369fa5c1/a8b652058b29496a9dbc1/low_1630105628_normalized_1630105614_1wjcodp_edited.mp3","external_download":{"type":"Youtube","service_name":"YouTube","url":"https://www.youtube.com/watch?v=2-zYjYv4iP0","has_embed":true},"application":null,"channel":{"id":11674701,"permalink":"likalllabmusic","title":"likalllabmusic","description":"Music Anime Visualization 🖤","followers_count":147,"following_count":16,"avatar_versions":{"template":"https://coub-anubis-a.akamaized.net/coub_storage/channel/cw_avatar/c10a8639b6f/f34d86999025e053d5355/%{version}_1623329061_1111.png","versions":["medium","medium_2x","profile_pic","profile_pic_new","profile_pic_new_2x","tiny","tiny_2x","small","small_2x","ios_large","ios_small"]}},"file":null,"picture":"https://coub-anubis-a.akamaized.net/coub_storage/coub/simple/cw_image/ff48ab5c962/07ef69569dde9ed5ca914/med_1630105646_00063.jpg","timeline_picture":"https://coub-anubis-a.akamaized.net/coub_storage/coub/simple/cw_timeline_pic/be88973a272/81c6d285ecd183f3ff186/ios_large_1630105645_image.jpg","small_picture":"https://coub-anubis-a.akamaized.net/coub_storage/coub/simple/cw_image/ff48ab5c962/07ef69569dde9ed5ca914/ios_mosaic_1630105646_00063.jpg","sharing_picture":null,"percent_done":100,"tags":[{"id":6351553,"title":"likall lab","value":"likall%20lab"},{"id":6351554,"title":"likall","value":"likall"},{"id":20300,"title":"lab","value":"lab"},{"id":86,"title":"music","value":"music"},{"id":68186,"title":"wallpaper","value":"wallpaper"},{"id":2997075,"title":"wallpaper engine","value":"wallpaper%20engine"},{"id":3934,"title":"animated","value":"animated"},{"id":424,"title":"animation","value":"animation"},{"id":23153,"title":"visualization","value":"visualization"},{"id":165,"title":"anime","value":"anime"},{"id":1446,"title":"dumb","value":"dumb"},{"id":19594,"title":"olivia","value":"olivia"},{"id":23670,"title":"addams","value":"addams"},{"id":9958,"title":"official","value":"official"},{"id":3082,"title":"video","value":"video"},{"id":822,"title":"dance music","value":"dance%20music"},{"id":10793,"title":"pop","value":"pop"},{"id":195,"title":"russia","value":"russia"},{"id":804,"title":"india","value":"india"},{"id":3764410,"title":"ilkay sencan","value":"ilkay%20sencan"},{"id":202401,"title":"car music","value":"car%20music"},{"id":30396,"title":"new music","value":"new%20music"},{"id":361185,"title":"2020","value":"2020"},{"id":986199,"title":"global records","value":"global%20records"},{"id":6465595,"title":"creator records","value":"creator%20records"},{"id":80130,"title":"club music","value":"club%20music"},{"id":6465596,"title":"dance mixes","value":"dance%20mixes"},{"id":268903,"title":"dance mix","value":"dance%20mix"},{"id":735,"title":"music video","value":"music%20video"},{"id":2716831,"title":"sick lullaby","value":"sick%20lullaby"},{"id":397381,"title":"in my mind","value":"in%20my%20mind"},{"id":1782833,"title":"im lost","value":"im%20lost"}],"categories":[{"id":2,"title":"Art & Design","permalink":"art","subscriptions_count":10092089,"big_image_url":"https://coub-anubis-a.akamaized.net/coub_storage/category/cw_image/bc49636b5e9/9d819c4215f13ccf07a7b/big_1544749302_art2.png","small_image_url":"https://coub-anubis-a.akamaized.net/coub_storage/category/cw_image/bc49636b5e9/9d819c4215f13ccf07a7b/small_1544749302_art2.png","med_image_url":"https://coub-anubis-a.akamaized.net/coub_storage/category/cw_image/bc49636b5e9/9d819c4215f13ccf07a7b/med_1544749302_art2.png","visible":true}],"communities":[{"id":2,"title":"Art & Design","permalink":"art","subscriptions_count":10092089,"big_image_url":"https://coub-anubis-a.akamaized.net/coub_storage/category/cw_image/bc49636b5e9/9d819c4215f13ccf07a7b/big_1544749302_art2.png","small_image_url":"https://coub-anubis-a.akamaized.net/coub_storage/category/cw_image/bc49636b5e9/9d819c4215f13ccf07a7b/small_1544749302_art2.png","med_image_url":"https://coub-anubis-a.akamaized.net/coub_storage/category/cw_image/bc49636b5e9/9d819c4215f13ccf07a7b/med_1544749302_art2.png","i_subscribed":true,"community_notifications_enabled":null,"description":null}],"recoubs_count":198,"remixes_count":0,"likes_count":1100,"dislikes_count":0,"raw_video_id":16724029,"uploaded_by_ios_app":false,"uploaded_by_android_app":false,"media_blocks":{"uploaded_raw_videos":[],"external_raw_videos":[{"id":39557844,"title":"Olivia Addams - Dumb","url":"https://www.youtube.com/watch?v=2-zYjYv4iP0","image":"https://coub-anubis-a.akamaized.net/coub_storage/media_block/cw_image/fd834f23320/c9f59750d25076d63d901/video_1630105360_bk7677_1630105328_1coodit_att-url-download.jpg","image_retina":"https://coub-anubis-a.akamaized.net/coub_storage/media_block/cw_image/fd834f23320/c9f59750d25076d63d901/video_retina_1630105360_bk7677_1630105328_1coodit_att-url-download.jpg","meta":{"service":"Youtube","duration":"158.021"},"duration":158.021,"raw_video_id":16724029,"has_embed":true}],"remixed_from_coubs":[],"external_video":{"id":39557844,"title":"Olivia Addams - Dumb","url":"https://www.youtube.com/watch?v=2-zYjYv4iP0","image":"https://coub-anubis-a.akamaized.net/coub_storage/media_block/cw_image/fd834f23320/c9f59750d25076d63d901/video_1630105360_bk7677_1630105328_1coodit_att-url-download.jpg","image_retina":"https://coub-anubis-a.akamaized.net/coub_storage/media_block/cw_image/fd834f23320/c9f59750d25076d63d901/video_retina_1630105360_bk7677_1630105328_1coodit_att-url-download.jpg","meta":{"service":"Youtube","duration":"158.021"},"duration":158.021,"raw_video_id":16724029,"has_embed":true}},"raw_video_thumbnail_url":"https://coub-anubis-a.akamaized.net/coub_storage/raw_video/cw_image/967f4d0a026/d7bf55d640294f12f6f22/coub_media_1630105329_1630105328_1coodit_att-url-download.jpg","raw_video_title":"Olivia Addams - Dumb","video_block_banned":false,"duration":20.0,"promo_winner":false,"promo_winner_recoubers":null,"editorial_info":{},"promo_hint":null,"beeline_best_2014":null,"from_web_editor":true,"normalize_sound":true,"normalize_change_allowed":true,"best2015_addable":false,"ahmad_promo":null,"promo_data":null,"audio_copyright_claim":null,"ads_disabled":false,"is_safe_for_ads":true,"megafon_contents":[],"position_on_page":10}]}