{"page":316,"per_page":10,"total_pages":500,"coubs":[{"flag":null,"abuses":null,"recoubs_by_users_channels":null,"favourite":false,"promoted_id":null,"recoub":null,"like":null,"dislike":null,"reaction":null,"in_my_best2015":false,"id":163126021,"type":"Coub::Simple","permalink":"2orvo8","title":"Achoo!","visibility_type":"public","original_visibility_type":"public","channel_id":5230673,"created_at":"2021-02-05T02:03:23Z","updated_at":"2022-03-16T18:03:46Z","is_done":true,"views_count":120427,"cotd":null,"cotd_at":null,"visible_on_explore_root":false,"visible_on_explore":false,"featured":false,"published":true,"published_at":"2021-02-05T07:03:00Z","reversed":false,"from_editor_v2":true,"is_editable":true,"original_sound":false,"has_sound":false,"recoub_to":null,"file_versions":{"html5":{"video":{"higher":{"url":"https://coub-anubis-a.akamaized.net/coub_storage/coub/simple/cw_file/105c4299e36/5e020d2a21917da4db36f/muted_mp4_huge_size_1612490958_muted_huge.mp4","size":390536},"high":{"url":"https://coub-anubis-a.akamaized.net/coub_storage/coub/simple/cw_file/105c4299e36/5e020d2a21917da4db36f/muted_mp4_big_size_1612490958_muted_big.mp4","size":260077},"med":{"url":"https://coub-anubis-a.akamaized.net/coub_storage/coub/simple/cw_file/105c4299e36/5e020d2a21917da4db36f/muted_mp4_med_size_1612490958_muted_med.mp4","size":116200}},"audio":{"high":{"url":"https://coub-anubis-a.akamaized.net/coub_storage/coub/simple/cw_looped_audio_high/01ea7814c38/b27bdaa745c417e013297/1612490963_mp3-high.mp3","size":1245239},"med":{"url":"https://coub-anubis-a.akamaized.net/coub_storage/coub/simple/cw_looped_audio_med/a8747bca1a9/837cc6915ec7ccbc43603/1612490962_mp3-med.mp3","size":944088}}},"mobile":{"video":"https://coub-anubis-a.akamaized.net/coub_storage/coub/simple/cw_file/105c4299e36/5e020d2a21917da4db36f/muted_mp4_med_size_1612490958_muted_med.mp4","audio":["https://coub-anubis-a.akamaized.net/coub_storage/coub/simple/cw_looped_audio_med/a8747bca1a9/837cc6915ec7ccbc43603/1612490962_mp3-med.mp3"]},"share":{"default":"https://coub-anubis-a.akamaized.net/coub_storage/coub/simple/cw_video_for_sharing/5964ec3124b/57a7f976f6c9db8a0ca76/1612490982_looped_1612490981.mp4"}},"audio_versions":{"template":"https://coub-anubis-a.akamaized.net/coub_storage/audio_track/cw_normalized_copy/e06afa9802c/c37ae16194718a42b38e7/mid_1612490961_normalized_1612490958_y9g42y_edited.mp3","versions":["mid","low"]},"image_versions":{"template":"https://coub-anubis-a.akamaized.net/coub_storage/coub/simple/cw_image/0a8c05717d1/090be9b443fdd753c7772/%{version}_1612490965_00019.jpg","versions":["micro","tiny","age_restricted","ios_large","ios_mosaic","big","med","small","pinterest"]},"first_frame_versions":{"template":"https://coub-anubis-a.akamaized.net/coub_storage/coub/simple/cw_timeline_pic/4eb83090152/d96ba71b84a8442062fa6/%{version}_1612490965_image.jpg","versions":["big","med","small","ios_large"]},"dimensions":{"big":[960,960],"med":[480,480]},"site_w_h":[400,400],"page_w_h":[400,400],"site_w_h_small":[310,310],"size":[960,960],"age_restricted":false,"age_restricted_by_admin":false,"not_safe_for_work":false,"allow_reuse":false,"dont_crop":true,"banned":false,"global_safe":null,"audio_file_url":"https://coub-anubis-a.akamaized.net/coub_storage/audio_track/cw_normalized_copy/e06afa9802c/c37ae16194718a42b38e7/low_1612490961_normalized_1612490958_y9g42y_edited.mp3","external_download":{"type":"Instagram","service_name":"Instagram","url":"https://www.instagram.com/p/B0aQY12Fo7u/?igshid=1rj42wa4rysy8","has_embed":false},"application":null,"channel":{"id":5230673,"permalink":"sufridopl","title":"Sufrido","description":"ℂ𝔸ℝ & 𝔸ℕ𝕀𝕄𝔼\r\n\r\n\r\nwww.instagram.com/sufrido_","followers_count":161,"following_count":5,"avatar_versions":{"template":"https://coub-anubis-a.akamaized.net/coub_storage/channel/cw_avatar/8f5b22f293a/ee27e88ea115ff9b310fd/%{version}_1635487151_IMG_20210725_153353.jpg","versions":["medium","medium_2x","profile_pic","profile_pic_new","profile_pic_new_2x","tiny","tiny_2x","small","small_2x","ios_large","ios_small"]}},"file":null,"picture":"https://coub-anubis-a.akamaized.net/coub_storage/coub/simple/cw_image/0a8c05717d1/090be9b443fdd753c7772/med_1612490965_00019.jpg","timeline_picture":"https://coub-anubis-a.akamaized.net/coub_storage/coub/simple/cw_timeline_pic/4eb83090152/d96ba71b84a8442062fa6/ios_large_1612490965_image.jpg","small_picture":"https://coub-anubis-a.akamaized.net/coub_storage/coub/simple/cw_image/0a8c05717d1/090be9b443fdd753c7772/ios_mosaic_1612490965_00019.jpg","sharing_picture":null,"percent_done":100,"tags":[{"id":29487,"title":"kawaii","value":"kawaii"},{"id":5802,"title":"neko","value":"neko"},{"id":39181,"title":"magic trick","value":"magic%20trick"},{"id":10741,"title":"transform","value":"transform"},{"id":2230928,"title":"car girl","value":"car%20girl"},{"id":148938,"title":"catgirl","value":"catgirl"},{"id":183,"title":"girl","value":"girl"},{"id":134,"title":"cat","value":"cat"},{"id":424,"title":"animation","value":"animation"},{"id":6514,"title":"japan","value":"japan"}],"categories":[{"id":2,"title":"Art & Design","permalink":"art","subscriptions_count":10092089,"big_image_url":"https://coub-anubis-a.akamaized.net/coub_storage/category/cw_image/bc49636b5e9/9d819c4215f13ccf07a7b/big_1544749302_art2.png","small_image_url":"https://coub-anubis-a.akamaized.net/coub_storage/category/cw_image/bc49636b5e9/9d819c4215f13ccf07a7b/small_1544749302_art2.png","med_image_url":"https://coub-anubis-a.akamaized.net/coub_storage/category/cw_image/bc49636b5e9/9d819c4215f13ccf07a7b/med_1544749302_art2.png","visible":true}],"communities":[{"id":2,"title":"Art & Design","permalink":"art","subscriptions_count":10092089,"big_image_url":"https://coub-anubis-a.akamaized.net/coub_storage/category/cw_image/bc49636b5e9/9d819c4215f13ccf07a7b/big_1544749302_art2.png","small_image_url":"https://coub-anubis-a.akamaized.net/coub_storage/category/cw_image/bc49636b5e9/9d819c4215f13ccf07a7b/small_1544749302_art2.png","med_image_url":"https://coub-anubis-a.akamaized.net/coub_storage/category/cw_image/bc49636b5e9/9d819c4215f13ccf07a7b/med_1544749302_art2.png","i_subscribed":true,"community_notifications_enabled":null,"description":null}],"recoubs_count":197,"remixes_count":0,"likes_count":1089,"dislikes_count":0,"raw_video_id":15998840,"uploaded_by_ios_app":false,"uploaded_by_android_app":false,"media_blocks":{"uploaded_raw_videos":[],"external_raw_videos":[{"id":37758176,"title":"Shot by smilelinmiu","url":"http://instagram.com/p/B0aQY12Fo7u/","image":null,"image_retina":null,"meta":{"service":"Instagram","duration":"6.0"},"duration":6.0,"raw_video_id":15998840,"has_embed":false}],"remixed_from_coubs":[],"external_video":{"id":37758176,"title":"Shot by smilelinmiu","url":"http://instagram.com/p/B0aQY12Fo7u/","image":null,"image_retina":null,"meta":{"service":"Instagram","duration":"6.0"},"duration":6.0,"raw_video_id":15998840,"has_embed":false}},"raw_video_thumbnail_url":"/missing/missing.png","raw_video_title":"Shot by smilelinmiu","video_block_banned":false,"duration":5.92,"promo_winner":false,"promo_winner_recoubers":null,"editorial_info":{},"promo_hint":null,"beeline_best_2014":null,"from_web_editor":true,"normalize_sound":true,"normalize_change_allowed":true,"best2015_addable":false,"ahmad_promo":null,"promo_data":null,"audio_copyright_claim":null,"ads_disabled":false,"is_safe_for_ads":true,"megafon_contents":[],"position_on_page":1},{"flag":null,"abuses":null,"recoubs_by_users_channels":null,"favourite":false,"promoted_id":null,"recoub":null,"like":null,"dislike":null,"reaction":null,"in_my_best2015":false,"id":178634500,"type":"Coub::Simple","permalink":"2y0a6h","title":"Isekai's Powerpuff Girls","visibility_type":"public","original_visibility_type":"public","channel_id":4516007,"created_at":"2021-11-15T09:45:45Z","updated_at":"2022-03-17T18:07:03Z","is_done":true,"views_count":109093,"cotd":null,"cotd_at":null,"visible_on_explore_root":true,"visible_on_explore":true,"featured":true,"published":true,"published_at":"2021-11-15T09:45:44Z","reversed":false,"from_editor_v2":true,"is_editable":true,"original_sound":false,"has_sound":false,"recoub_to":null,"file_versions":{"html5":{"video":{"higher":{"url":"https://coub-anubis-a.akamaized.net/coub_storage/coub/simple/cw_file/37e1524bc57/a5e9906bdd2601476989e/muted_mp4_huge_size_1636969546_muted_huge.mp4","size":83586},"high":{"url":"https://coub-anubis-a.akamaized.net/coub_storage/coub/simple/cw_file/37e1524bc57/a5e9906bdd2601476989e/muted_mp4_big_size_1636969546_muted_big.mp4","size":43210},"med":{"url":"https://coub-anubis-a.akamaized.net/coub_storage/coub/simple/cw_file/37e1524bc57/a5e9906bdd2601476989e/muted_mp4_med_size_1636969546_muted_med.mp4","size":23602}},"audio":{"high":{"url":"https://coub-anubis-a.akamaized.net/coub_storage/coub/simple/cw_looped_audio_high/71a202a0e79/e1dbaae6c6f220cfa1748/1636969555_mp3-high.mp3","size":1135584},"med":{"url":"https://coub-anubis-a.akamaized.net/coub_storage/coub/simple/cw_looped_audio_med/f09b1816796/f5e9aa4e3058f2154c667/1636969554_mp3-med.mp3","size":1081980}}},"mobile":{"video":"https://coub-anubis-a.akamaized.net/coub_storage/coub/simple/cw_file/37e1524bc57/a5e9906bdd2601476989e/muted_mp4_med_size_1636969546_muted_med.mp4","audio":["https://coub-anubis-a.akamaized.net/coub_storage/coub/simple/cw_looped_audio_med/f09b1816796/f5e9aa4e3058f2154c667/1636969554_mp3-med.mp3"]},"share":{"default":"https://coub-anubis-a.akamaized.net/coub_storage/coub/simple/cw_video_for_sharing/234ab0733c0/690b727727661f5d53a2a/1636969565_looped_1636969565.mp4"}},"audio_versions":{"template":"https://coub-anubis-a.akamaized.net/coub_storage/audio_track/cw_file/0f30c3b4d28/4508baccc398bd4702817/mid_1636969548_1dy81wx_edited.mp3","versions":["mid","low"]},"image_versions":{"template":"https://coub-anubis-a.akamaized.net/coub_storage/coub/simple/cw_image/00238f3210a/44fa02e2336d55af94c90/%{version}_1636969556_00004.jpg","versions":["micro","tiny","age_restricted","ios_large","ios_mosaic","big","med","small","pinterest"]},"first_frame_versions":{"template":"https://coub-anubis-a.akamaized.net/coub_storage/coub/simple/cw_timeline_pic/a7c7f485cee/8eea7e674657bdaa3fa7b/%{version}_1636969556_image.jpg","versions":["big","med","small","ios_large"]},"dimensions":{"big":[1280,512],"med":[640,256]},"site_w_h":[640,256],"page_w_h":[640,256],"site_w_h_small":[310,124],"size":[1280,512],"age_restricted":false,"age_restricted_by_admin":false,"not_safe_for_work":false,"allow_reuse":false,"dont_crop":true,"banned":false,"global_safe":true,"audio_file_url":"https://coub-anubis-a.akamaized.net/coub_storage/audio_track/cw_file/0f30c3b4d28/4508baccc398bd4702817/low_1636969548_1dy81wx_edited.mp3","external_download":false,"application":null,"channel":{"id":4516007,"permalink":"kiwifruit","title":"Kiwi ☘","description":null,"followers_count":1146,"following_count":237,"avatar_versions":{"template":"https://coub-anubis-a.akamaized.net/coub_storage/channel/cw_avatar/901ec17204d/90507e89007eb4e2fb94b/%{version}_1645300110_HD-wallpaper-makima-x-gojo-satoru-gojo-jujutsu-kaisen-chainsaw-man.jpg","versions":["medium","medium_2x","profile_pic","profile_pic_new","profile_pic_new_2x","tiny","tiny_2x","small","small_2x","ios_large","ios_small"]}},"file":null,"picture":"https://coub-anubis-a.akamaized.net/coub_storage/coub/simple/cw_image/00238f3210a/44fa02e2336d55af94c90/med_1636969556_00004.jpg","timeline_picture":"https://coub-anubis-a.akamaized.net/coub_storage/coub/simple/cw_timeline_pic/a7c7f485cee/8eea7e674657bdaa3fa7b/ios_large_1636969556_image.jpg","small_picture":"https://coub-anubis-a.akamaized.net/coub_storage/coub/simple/cw_image/00238f3210a/44fa02e2336d55af94c90/ios_mosaic_1636969556_00004.jpg","sharing_picture":null,"percent_done":100,"tags":[{"id":420,"title":"pixel","value":"pixel"},{"id":258946,"title":"pixelart","value":"pixelart"},{"id":35822,"title":"pixel art","value":"pixel%20art"},{"id":424,"title":"animation","value":"animation"},{"id":3072,"title":"art","value":"art"},{"id":6583981,"title":"joblessreincarnation","value":"joblessreincarnation"},{"id":6101619,"title":"mushoku tensei isekai ittara","value":"mushoku%20tensei%20isekai%20ittara"},{"id":1260074,"title":"mushoku tensei","value":"mushoku%20tensei"},{"id":3778879,"title":"реинкарнация безработного","value":"%D1%80%D0%B5%D0%B8%D0%BD%D0%BA%D0%B0%D1%80%D0%BD%D0%B0%D1%86%D0%B8%D1%8F%20%D0%B1%D0%B5%D0%B7%D1%80%D0%B0%D0%B1%D0%BE%D1%82%D0%BD%D0%BE%D0%B3%D0%BE"},{"id":5088,"title":"8 bit","value":"8%20bit"},{"id":35820,"title":"8-bit","value":"8-bit"},{"id":1260075,"title":"mushoku tensei: isekai ittara honki dasu","value":"mushoku%20tensei:%20isekai%20ittara%20honki%20dasu"},{"id":6605606,"title":"@sora_x2","value":"@sora_x2"},{"id":71300,"title":"sora","value":"sora"}],"categories":[{"id":2,"title":"Art & Design","permalink":"art","subscriptions_count":10092089,"big_image_url":"https://coub-anubis-a.akamaized.net/coub_storage/category/cw_image/bc49636b5e9/9d819c4215f13ccf07a7b/big_1544749302_art2.png","small_image_url":"https://coub-anubis-a.akamaized.net/coub_storage/category/cw_image/bc49636b5e9/9d819c4215f13ccf07a7b/small_1544749302_art2.png","med_image_url":"https://coub-anubis-a.akamaized.net/coub_storage/category/cw_image/bc49636b5e9/9d819c4215f13ccf07a7b/med_1544749302_art2.png","visible":true}],"communities":[{"id":2,"title":"Art & Design","permalink":"art","subscriptions_count":10092089,"big_image_url":"https://coub-anubis-a.akamaized.net/coub_storage/category/cw_image/bc49636b5e9/9d819c4215f13ccf07a7b/big_1544749302_art2.png","small_image_url":"https://coub-anubis-a.akamaized.net/coub_storage/category/cw_image/bc49636b5e9/9d819c4215f13ccf07a7b/small_1544749302_art2.png","med_image_url":"https://coub-anubis-a.akamaized.net/coub_storage/category/cw_image/bc49636b5e9/9d819c4215f13ccf07a7b/med_1544749302_art2.png","i_subscribed":true,"community_notifications_enabled":null,"description":null}],"recoubs_count":196,"remixes_count":1,"likes_count":1088,"dislikes_count":0,"raw_video_id":16923164,"uploaded_by_ios_app":false,"uploaded_by_android_app":false,"media_blocks":{"uploaded_raw_videos":[],"external_raw_videos":[],"remixed_from_coubs":[]},"raw_video_thumbnail_url":"https://coub-anubis-a.akamaized.net/coub_storage/raw_video/cw_image/60383d3a254/ffbc8f21e15c9e67523b2/coub_media_1636969253_image.jpg","raw_video_title":"Isekais_Powerpuff_Girls_-_-_pixelart___________JoblessReincarnation.mp4","video_block_banned":false,"duration":1.24,"promo_winner":false,"promo_winner_recoubers":null,"editorial_info":{},"promo_hint":null,"beeline_best_2014":null,"from_web_editor":true,"normalize_sound":false,"normalize_change_allowed":true,"best2015_addable":false,"ahmad_promo":null,"promo_data":null,"audio_copyright_claim":null,"ads_disabled":false,"is_safe_for_ads":true,"megafon_contents":[],"position_on_page":2},{"flag":null,"abuses":null,"recoubs_by_users_channels":null,"favourite":false,"promoted_id":null,"recoub":null,"like":null,"dislike":null,"reaction":null,"in_my_best2015":false,"id":122679464,"type":"Coub::Simple","permalink":"20n16q","title":"23q","visibility_type":"public","original_visibility_type":"public","channel_id":3022516,"created_at":"2019-09-03T17:21:24Z","updated_at":"2022-03-18T04:03:24Z","is_done":true,"views_count":69216,"cotd":null,"cotd_at":null,"visible_on_explore_root":false,"visible_on_explore":false,"featured":false,"published":true,"published_at":"2019-09-03T17:21:24Z","reversed":false,"from_editor_v2":true,"is_editable":true,"original_sound":false,"has_sound":false,"recoub_to":null,"file_versions":{"html5":{"video":{"higher":{"url":"https://coub-anubis-a.akamaized.net/coub_storage/coub/simple/cw_file/b514b8375b3/52a668dabd0f07bce0f6e/muted_mp4_huge_size_1567531290_muted_huge.mp4","size":3952012},"high":{"url":"https://coub-anubis-a.akamaized.net/coub_storage/coub/simple/cw_file/b514b8375b3/52a668dabd0f07bce0f6e/muted_mp4_big_size_1567531290_muted_big.mp4","size":2735652},"med":{"url":"https://coub-anubis-a.akamaized.net/coub_storage/coub/simple/cw_file/b514b8375b3/52a668dabd0f07bce0f6e/muted_mp4_med_size_1567531290_muted_med.mp4","size":958382}},"audio":{"high":{"url":"https://coub-anubis-a.akamaized.net/coub_storage/coub/simple/cw_looped_audio_high/1f81bc8117a/70038da1e29d0ebe871b2/1605688670_high_1567531312_high.mp3","size":3579285},"med":{"url":"https://coub-anubis-a.akamaized.net/coub_storage/coub/simple/cw_looped_audio_med/5f00be51330/4770e28bda342d30f61d5/1605688670_med_1567531312_med.mp3","size":2730203}}},"mobile":{"video":"https://coub-anubis-a.akamaized.net/coub_storage/coub/simple/cw_file/b514b8375b3/52a668dabd0f07bce0f6e/muted_mp4_med_size_1567531290_muted_med.mp4","audio":["https://coub-anubis-a.akamaized.net/coub_storage/coub/simple/cw_looped_audio_med/5f00be51330/4770e28bda342d30f61d5/1605688670_med_1567531312_med.mp3"]},"share":{"default":"https://coub-anubis-a.akamaized.net/coub_storage/coub/simple/cw_video_for_sharing/15eabb73f8c/188b04febda60774a412c/1610672446_looped_1610672443.mp4"}},"audio_versions":{"template":"https://coub-anubis-a.akamaized.net/coub_storage/audio_track/cw_normalized_copy/179f5cba34d/6541b87c50f0b220b5170/mid_1567531300_normalized_1567531222_audio.mp3","versions":["mid","low"]},"image_versions":{"template":"https://coub-anubis-a.akamaized.net/coub_storage/coub/simple/cw_image/7bcabee146f/63e915ee3bfb6f362a39d/1567531325_00032.jpg","versions":["micro","tiny","age_restricted","ios_large","ios_mosaic","big","med","small","pinterest"]},"first_frame_versions":{"template":"https://coub-anubis-a.akamaized.net/coub_storage/coub/simple/cw_timeline_pic/b48dac516cf/cdd0026037e28c05ea15d/%{version}_1567531325_image.jpg","versions":["big","med","small","ios_large"]},"dimensions":{"big":[1280,718],"med":[640,358]},"site_w_h":[640,359],"page_w_h":[640,359],"site_w_h_small":[310,174],"size":[1280,718],"age_restricted":false,"age_restricted_by_admin":false,"not_safe_for_work":false,"allow_reuse":false,"dont_crop":false,"banned":false,"global_safe":true,"audio_file_url":"https://coub-anubis-a.akamaized.net/coub_storage/audio_track/cw_normalized_copy/179f5cba34d/6541b87c50f0b220b5170/low_1567531300_normalized_1567531222_audio.mp3","external_download":false,"application":null,"channel":{"id":3022516,"permalink":"isaa7309","title":"iSaa","description":null,"followers_count":217,"following_count":0,"avatar_versions":{"template":"https://coub-anubis-a.akamaized.net/coub_storage/channel/cw_avatar/92f447a87a4/1f582ec4707a7b72c4e13/%{version}_1607420554_1jjcj2x_1534673298_VQ6NmhRx8JU.jpg","versions":["medium","medium_2x","profile_pic","profile_pic_new","profile_pic_new_2x","tiny","tiny_2x","small","small_2x","ios_large","ios_small"]}},"file":null,"picture":"https://coub-anubis-a.akamaized.net/coub_storage/coub/simple/cw_image/7bcabee146f/63e915ee3bfb6f362a39d/1567531325_00032.jpg","timeline_picture":"https://coub-anubis-a.akamaized.net/coub_storage/coub/simple/cw_timeline_pic/b48dac516cf/cdd0026037e28c05ea15d/ios_large_1567531325_image.jpg","small_picture":"https://coub-anubis-a.akamaized.net/coub_storage/coub/simple/cw_image/7bcabee146f/63e915ee3bfb6f362a39d/1567531325_00032.jpg","sharing_picture":null,"percent_done":100,"tags":[{"id":183,"title":"girl","value":"girl"},{"id":424,"title":"animation","value":"animation"},{"id":21468,"title":"love story","value":"love%20story"},{"id":298,"title":"love","value":"love"}],"categories":[{"id":2,"title":"Art & Design","permalink":"art","subscriptions_count":10092089,"big_image_url":"https://coub-anubis-a.akamaized.net/coub_storage/category/cw_image/bc49636b5e9/9d819c4215f13ccf07a7b/big_1544749302_art2.png","small_image_url":"https://coub-anubis-a.akamaized.net/coub_storage/category/cw_image/bc49636b5e9/9d819c4215f13ccf07a7b/small_1544749302_art2.png","med_image_url":"https://coub-anubis-a.akamaized.net/coub_storage/category/cw_image/bc49636b5e9/9d819c4215f13ccf07a7b/med_1544749302_art2.png","visible":true}],"communities":[{"id":2,"title":"Art & Design","permalink":"art","subscriptions_count":10092089,"big_image_url":"https://coub-anubis-a.akamaized.net/coub_storage/category/cw_image/bc49636b5e9/9d819c4215f13ccf07a7b/big_1544749302_art2.png","small_image_url":"https://coub-anubis-a.akamaized.net/coub_storage/category/cw_image/bc49636b5e9/9d819c4215f13ccf07a7b/small_1544749302_art2.png","med_image_url":"https://coub-anubis-a.akamaized.net/coub_storage/category/cw_image/bc49636b5e9/9d819c4215f13ccf07a7b/med_1544749302_art2.png","i_subscribed":true,"community_notifications_enabled":null,"description":null}],"recoubs_count":188,"remixes_count":3,"likes_count":1088,"dislikes_count":0,"raw_video_id":"","uploaded_by_ios_app":false,"uploaded_by_android_app":false,"media_blocks":{"uploaded_raw_videos":[],"external_raw_videos":[],"remixed_from_coubs":[{"id":30473870,"title":"💞и слова не нужны✨","url":"https://coub.com/coubs/1o6zu5/remix","image":"https://coub-anubis-a.akamaized.net/coub_storage/media_block/cw_image/021165b33c3/ef336b0e23c68e48ff66c/1550070864_1hnr29o_1550070855_00032.jpg","image_retina":"https://coub-anubis-a.akamaized.net/coub_storage/media_block/cw_image/021165b33c3/ef336b0e23c68e48ff66c/1550070864_1hnr29o_1550070855_00032.jpg","meta":{"duration":"10.0"},"duration":null,"coub_channel_title":"Kayf","coub_channel_permalink":"kayf9834","coub_views_count":378488,"coub_permalink":"1o6zu5"}]},"raw_video_thumbnail_url":"","raw_video_title":"","video_block_banned":false,"duration":10.0,"promo_winner":false,"promo_winner_recoubers":null,"editorial_info":{},"promo_hint":null,"beeline_best_2014":null,"from_web_editor":true,"normalize_sound":true,"normalize_change_allowed":true,"best2015_addable":false,"ahmad_promo":null,"promo_data":null,"audio_copyright_claim":null,"ads_disabled":false,"is_safe_for_ads":true,"megafon_contents":[],"position_on_page":3},{"flag":null,"abuses":null,"recoubs_by_users_channels":null,"favourite":false,"promoted_id":null,"recoub":null,"like":null,"dislike":null,"reaction":null,"in_my_best2015":false,"id":118669592,"type":"Coub::Simple","permalink":"1y8veq","title":"rain walk ","visibility_type":"public","original_visibility_type":"public","channel_id":193471,"created_at":"2019-07-21T21:46:48Z","updated_at":"2022-02-25T22:49:09Z","is_done":true,"views_count":80703,"cotd":null,"cotd_at":null,"visible_on_explore_root":false,"visible_on_explore":false,"featured":false,"published":true,"published_at":"2019-07-21T21:46:48Z","reversed":false,"from_editor_v2":true,"is_editable":true,"original_sound":false,"has_sound":false,"recoub_to":null,"file_versions":{"html5":{"video":{"higher":{"url":"https://coub-anubis-a.akamaized.net/coub_storage/coub/simple/cw_file/7c7a601376d/c77f41d959e38ab57e8ca/muted_mp4_huge_size_1569172039_muted_huge.mp4","size":1587915},"high":{"url":"https://coub-anubis-a.akamaized.net/coub_storage/coub/simple/cw_file/7c7a601376d/c77f41d959e38ab57e8ca/muted_mp4_big_size_1569172039_muted_big.mp4","size":1055259},"med":{"url":"https://coub-anubis-a.akamaized.net/coub_storage/coub/simple/cw_file/7c7a601376d/c77f41d959e38ab57e8ca/muted_mp4_med_size_1569172039_muted_med.mp4","size":303556}},"audio":{"high":{"url":"https://coub-anubis-a.akamaized.net/coub_storage/coub/simple/cw_looped_audio_high/bf65b86fb46/3e856714477788a7899ef/1605647238_high_1563745643_high.mp3","size":8814693},"med":{"url":"https://coub-anubis-a.akamaized.net/coub_storage/coub/simple/cw_looped_audio_med/b9f4d3bff88/1ed76b2d8c9dfad477737/1605647224_med_1563745643_med.mp3","size":6426646}}},"mobile":{"video":"https://coub-anubis-a.akamaized.net/coub_storage/coub/simple/cw_file/7c7a601376d/c77f41d959e38ab57e8ca/muted_mp4_med_size_1569172039_muted_med.mp4","audio":["https://coub-anubis-a.akamaized.net/coub_storage/coub/simple/cw_looped_audio_med/b9f4d3bff88/1ed76b2d8c9dfad477737/1605647224_med_1563745643_med.mp3"]},"share":{"default":"https://coub-anubis-a.akamaized.net/coub_storage/coub/simple/cw_video_for_sharing/694e4a9c0f7/3c20f8df6105e708fb7c9/1616690234_looped_1616690233.mp4"}},"audio_versions":{"template":"https://coub-anubis-a.akamaized.net/coub_storage/audio_track/cw_normalized_copy/28f90b08382/2f16be04dfeb07252bb3d/mid_1563745618_1471203092_audio.mp3","versions":["mid","low"]},"image_versions":{"template":"https://coub-anubis-a.akamaized.net/coub_storage/coub/simple/cw_image/30bc95742ba/aa831fcd359f55d4e51b7/1563745666_00021.jpg","versions":["micro","tiny","age_restricted","ios_large","ios_mosaic","big","med","small","pinterest"]},"first_frame_versions":{"template":"https://coub-anubis-a.akamaized.net/coub_storage/coub/simple/cw_timeline_pic/7c31af6b4a3/84f403e5e7cd51130968b/%{version}_1563745666_image.jpg","versions":["big","med","small","ios_large"]},"dimensions":{"big":[770,960],"med":[384,480]},"site_w_h":[321,400],"page_w_h":[400,499],"site_w_h_small":[310,386],"size":[770,960],"age_restricted":false,"age_restricted_by_admin":false,"not_safe_for_work":false,"allow_reuse":false,"dont_crop":false,"banned":false,"global_safe":true,"audio_file_url":"https://coub-anubis-a.akamaized.net/coub_storage/audio_track/cw_normalized_copy/28f90b08382/2f16be04dfeb07252bb3d/low_1563745618_1471203092_audio.mp3","external_download":{"type":"Imgur","service_name":"Imgur","url":"https://i.imgur.com/QPbS4od.mp4","has_embed":false},"application":null,"channel":{"id":193471,"permalink":"sergey-victrov","title":"Sergey Victrov","description":"𝕊𝕖𝕣𝕘𝕖𝕪 𝕍𝕚𝕔𝕥𝕣𝕠𝕧","followers_count":6257,"following_count":33,"avatar_versions":{"template":"https://coub-anubis-a.akamaized.net/coub_storage/channel/cw_avatar/3b389a68d38/88f5cfbb6ee01bd011709/%{version}_1474491887_1397585888179.jpg","versions":["medium","medium_2x","profile_pic","profile_pic_new","profile_pic_new_2x","tiny","tiny_2x","small","small_2x","ios_large","ios_small"]}},"file":null,"picture":"https://coub-anubis-a.akamaized.net/coub_storage/coub/simple/cw_image/30bc95742ba/aa831fcd359f55d4e51b7/1563745666_00021.jpg","timeline_picture":"https://coub-anubis-a.akamaized.net/coub_storage/coub/simple/cw_timeline_pic/7c31af6b4a3/84f403e5e7cd51130968b/ios_large_1563745666_image.jpg","small_picture":"https://coub-anubis-a.akamaized.net/coub_storage/coub/simple/cw_image/30bc95742ba/aa831fcd359f55d4e51b7/1563745666_00021.jpg","sharing_picture":null,"percent_done":100,"tags":[{"id":422,"title":"rain","value":"rain"},{"id":2588,"title":"sad","value":"sad"},{"id":3363,"title":"sadness","value":"sadness"},{"id":86,"title":"music","value":"music"},{"id":421,"title":"gif","value":"gif"},{"id":168,"title":"loop","value":"loop"}],"categories":[{"id":2,"title":"Art & Design","permalink":"art","subscriptions_count":10092089,"big_image_url":"https://coub-anubis-a.akamaized.net/coub_storage/category/cw_image/bc49636b5e9/9d819c4215f13ccf07a7b/big_1544749302_art2.png","small_image_url":"https://coub-anubis-a.akamaized.net/coub_storage/category/cw_image/bc49636b5e9/9d819c4215f13ccf07a7b/small_1544749302_art2.png","med_image_url":"https://coub-anubis-a.akamaized.net/coub_storage/category/cw_image/bc49636b5e9/9d819c4215f13ccf07a7b/med_1544749302_art2.png","visible":true}],"communities":[{"id":2,"title":"Art & Design","permalink":"art","subscriptions_count":10092089,"big_image_url":"https://coub-anubis-a.akamaized.net/coub_storage/category/cw_image/bc49636b5e9/9d819c4215f13ccf07a7b/big_1544749302_art2.png","small_image_url":"https://coub-anubis-a.akamaized.net/coub_storage/category/cw_image/bc49636b5e9/9d819c4215f13ccf07a7b/small_1544749302_art2.png","med_image_url":"https://coub-anubis-a.akamaized.net/coub_storage/category/cw_image/bc49636b5e9/9d819c4215f13ccf07a7b/med_1544749302_art2.png","i_subscribed":true,"community_notifications_enabled":null,"description":null}],"recoubs_count":246,"remixes_count":2,"likes_count":1088,"dislikes_count":0,"raw_video_id":14005358,"uploaded_by_ios_app":false,"uploaded_by_android_app":false,"media_blocks":{"uploaded_raw_videos":[],"external_raw_videos":[{"id":32632676,"title":"Imgur","url":"https://imgur.com/QPbS4od","image":"https://coub-anubis-a.akamaized.net/coub_storage/media_block/cw_image/d9c0772dd86/cf0349accb6dcf5717340/1563742827_1biobre_1563742819_b9bp2_att-url-download.jpg_fbplay","image_retina":"https://coub-anubis-a.akamaized.net/coub_storage/media_block/cw_image/d9c0772dd86/cf0349accb6dcf5717340/1563742827_1biobre_1563742819_b9bp2_att-url-download.jpg_fbplay","meta":{"service":"Imgur","duration":"25.04"},"duration":25.04,"raw_video_id":14005358,"has_embed":false}],"remixed_from_coubs":[],"external_video":{"id":32632676,"title":"Imgur","url":"https://imgur.com/QPbS4od","image":"https://coub-anubis-a.akamaized.net/coub_storage/media_block/cw_image/d9c0772dd86/cf0349accb6dcf5717340/1563742827_1biobre_1563742819_b9bp2_att-url-download.jpg_fbplay","image_retina":"https://coub-anubis-a.akamaized.net/coub_storage/media_block/cw_image/d9c0772dd86/cf0349accb6dcf5717340/1563742827_1biobre_1563742819_b9bp2_att-url-download.jpg_fbplay","meta":{"service":"Imgur","duration":"25.04"},"duration":25.04,"raw_video_id":14005358,"has_embed":false}},"raw_video_thumbnail_url":"/missing/missing.png","raw_video_title":"Imgur","video_block_banned":false,"duration":6.44,"promo_winner":false,"promo_winner_recoubers":null,"editorial_info":{},"promo_hint":null,"beeline_best_2014":null,"from_web_editor":true,"normalize_sound":true,"normalize_change_allowed":true,"best2015_addable":false,"ahmad_promo":null,"promo_data":null,"audio_copyright_claim":null,"ads_disabled":false,"is_safe_for_ads":true,"megafon_contents":[],"position_on_page":4},{"flag":null,"abuses":null,"recoubs_by_users_channels":null,"favourite":false,"promoted_id":null,"recoub":null,"like":null,"dislike":null,"reaction":null,"in_my_best2015":false,"id":113212965,"type":"Coub::Simple","permalink":"1uzx0m","title":"Muse of the wind","visibility_type":"public","original_visibility_type":"public","channel_id":1777474,"created_at":"2019-05-27T13:15:53Z","updated_at":"2022-03-17T23:04:58Z","is_done":true,"views_count":84658,"cotd":null,"cotd_at":null,"visible_on_explore_root":true,"visible_on_explore":true,"featured":true,"published":true,"published_at":"2019-05-27T14:42:05Z","reversed":false,"from_editor_v2":true,"is_editable":true,"original_sound":false,"has_sound":false,"recoub_to":null,"file_versions":{"html5":{"video":{"higher":{"url":"https://coub-anubis-a.akamaized.net/coub_storage/coub/simple/cw_file/c6bf4e997fe/db7dbffc6ca8e4bd651f6/muted_mp4_huge_size_1569217814_muted_huge.mp4","size":6188209},"high":{"url":"https://coub-anubis-a.akamaized.net/coub_storage/coub/simple/cw_file/c6bf4e997fe/db7dbffc6ca8e4bd651f6/muted_mp4_big_size_1569217814_muted_big.mp4","size":4689753},"med":{"url":"https://coub-anubis-a.akamaized.net/coub_storage/coub/simple/cw_file/c6bf4e997fe/db7dbffc6ca8e4bd651f6/muted_mp4_med_size_1569217814_muted_med.mp4","size":1451166}},"audio":{"high":{"url":"https://coub-anubis-a.akamaized.net/coub_storage/coub/simple/cw_looped_audio_high/bdc868828e9/eb9e1374977ec63a388ed/1605664660_high_1558975635_high.mp3","size":3517709},"med":{"url":"https://coub-anubis-a.akamaized.net/coub_storage/coub/simple/cw_looped_audio_med/2c632e0f21c/29d2c80dce51e161c59ca/1605664659_med_1558975635_med.mp3","size":2552874}}},"mobile":{"video":"https://coub-anubis-a.akamaized.net/coub_storage/coub/simple/cw_file/c6bf4e997fe/db7dbffc6ca8e4bd651f6/muted_mp4_med_size_1569217814_muted_med.mp4","audio":["https://coub-anubis-a.akamaized.net/coub_storage/coub/simple/cw_looped_audio_med/2c632e0f21c/29d2c80dce51e161c59ca/1605664659_med_1558975635_med.mp3"]},"share":{"default":"https://coub-anubis-a.akamaized.net/coub_storage/coub/simple/cw_video_for_sharing/ccf00abbe91/05b38e46ab10f0a263d02/1608804367_looped_1608804366.mp4"}},"audio_versions":{"template":"https://coub-anubis-a.akamaized.net/coub_storage/audio_track/cw_normalized_copy/e4f0c60d335/0c0b5f9a30b7eaa2cf3cd/mid_1558975623_normalized_1558975602_17bqcor_edited.mp3","versions":["mid","low"]},"image_versions":{"template":"https://coub-anubis-a.akamaized.net/coub_storage/coub/simple/cw_image/de124bf0d7b/03f1b5a21bf92507aa8ae/1558975653_00032.jpg","versions":["micro","tiny","age_restricted","ios_large","ios_mosaic","big","med","small","pinterest"]},"first_frame_versions":{"template":"https://coub-anubis-a.akamaized.net/coub_storage/coub/simple/cw_timeline_pic/e77af94712f/9967ef25b93a0055c6fea/%{version}_1558975652_image.jpg","versions":["big","med","small","ios_large"]},"dimensions":{"big":[1280,720],"med":[640,360]},"site_w_h":[640,360],"page_w_h":[640,360],"site_w_h_small":[310,174],"size":[1280,720],"age_restricted":false,"age_restricted_by_admin":false,"not_safe_for_work":false,"allow_reuse":false,"dont_crop":false,"banned":false,"global_safe":true,"audio_file_url":"https://coub-anubis-a.akamaized.net/coub_storage/audio_track/cw_normalized_copy/e4f0c60d335/0c0b5f9a30b7eaa2cf3cd/low_1558975623_normalized_1558975602_17bqcor_edited.mp3","external_download":{"type":"Vimeo","service_name":"Vimeo","url":"https://vimeo.com/338523072","has_embed":true},"application":null,"channel":{"id":1777474,"permalink":"mcsquare","title":"MCsquare","description":"All accurate short","followers_count":2066,"following_count":109,"avatar_versions":{"template":"https://coub-anubis-a.akamaized.net/coub_storage/channel/cw_avatar/25ea21e1e15/3cfc2c2c5ac14a77367ad/%{version}_1625994921_ava.jpg","versions":["medium","medium_2x","profile_pic","profile_pic_new","profile_pic_new_2x","tiny","tiny_2x","small","small_2x","ios_large","ios_small"]}},"file":null,"picture":"https://coub-anubis-a.akamaized.net/coub_storage/coub/simple/cw_image/de124bf0d7b/03f1b5a21bf92507aa8ae/1558975653_00032.jpg","timeline_picture":"https://coub-anubis-a.akamaized.net/coub_storage/coub/simple/cw_timeline_pic/e77af94712f/9967ef25b93a0055c6fea/ios_large_1558975652_image.jpg","small_picture":"https://coub-anubis-a.akamaized.net/coub_storage/coub/simple/cw_image/de124bf0d7b/03f1b5a21bf92507aa8ae/1558975653_00032.jpg","sharing_picture":null,"percent_done":100,"tags":[{"id":4971958,"title":"korean painting artist","value":"korean%20painting%20artist"},{"id":910203,"title":"concept video","value":"concept%20video"},{"id":4971959,"title":"hae young lee","value":"hae%20young%20lee"},{"id":4753883,"title":"словно ветер в степи...","value":"%D1%81%D0%BB%D0%BE%D0%B2%D0%BD%D0%BE%20%D0%B2%D0%B5%D1%82%D0%B5%D1%80%20%D0%B2%20%D1%81%D1%82%D0%B5%D0%BF%D0%B8..."},{"id":4971920,"title":"ost кочегар","value":"ost%20%D0%BA%D0%BE%D1%87%D0%B5%D0%B3%D0%B0%D1%80"},{"id":10693,"title":"день","value":"%D0%B4%D0%B5%D0%BD%D1%8C"},{"id":4971919,"title":"лена мигачева","value":"%D0%BB%D0%B5%D0%BD%D0%B0%20%D0%BC%D0%B8%D0%B3%D0%B0%D1%87%D0%B5%D0%B2%D0%B0"}],"categories":[{"id":2,"title":"Art & Design","permalink":"art","subscriptions_count":10092089,"big_image_url":"https://coub-anubis-a.akamaized.net/coub_storage/category/cw_image/bc49636b5e9/9d819c4215f13ccf07a7b/big_1544749302_art2.png","small_image_url":"https://coub-anubis-a.akamaized.net/coub_storage/category/cw_image/bc49636b5e9/9d819c4215f13ccf07a7b/small_1544749302_art2.png","med_image_url":"https://coub-anubis-a.akamaized.net/coub_storage/category/cw_image/bc49636b5e9/9d819c4215f13ccf07a7b/med_1544749302_art2.png","visible":true}],"communities":[{"id":2,"title":"Art & Design","permalink":"art","subscriptions_count":10092089,"big_image_url":"https://coub-anubis-a.akamaized.net/coub_storage/category/cw_image/bc49636b5e9/9d819c4215f13ccf07a7b/big_1544749302_art2.png","small_image_url":"https://coub-anubis-a.akamaized.net/coub_storage/category/cw_image/bc49636b5e9/9d819c4215f13ccf07a7b/small_1544749302_art2.png","med_image_url":"https://coub-anubis-a.akamaized.net/coub_storage/category/cw_image/bc49636b5e9/9d819c4215f13ccf07a7b/med_1544749302_art2.png","i_subscribed":true,"community_notifications_enabled":null,"description":null}],"recoubs_count":250,"remixes_count":4,"likes_count":1088,"dislikes_count":0,"raw_video_id":13766046,"uploaded_by_ios_app":false,"uploaded_by_android_app":false,"media_blocks":{"uploaded_raw_videos":[],"external_raw_videos":[{"id":31977949,"title":"Muse of the wind","url":"http://vimeo.com/338523072","image":"https://coub-anubis-a.akamaized.net/coub_storage/media_block/cw_image/26bd5ba5210/efd487478e10584c7b2df/1558962538_mrzu72_1558962512_hhhrsx_att-url-download.png","image_retina":"https://coub-anubis-a.akamaized.net/coub_storage/media_block/cw_image/26bd5ba5210/efd487478e10584c7b2df/1558962538_mrzu72_1558962512_hhhrsx_att-url-download.png","meta":{"service":"Vimeo","duration":"101.92"},"duration":101.92,"raw_video_id":13766046,"has_embed":true}],"remixed_from_coubs":[],"external_video":{"id":31977949,"title":"Muse of the wind","url":"http://vimeo.com/338523072","image":"https://coub-anubis-a.akamaized.net/coub_storage/media_block/cw_image/26bd5ba5210/efd487478e10584c7b2df/1558962538_mrzu72_1558962512_hhhrsx_att-url-download.png","image_retina":"https://coub-anubis-a.akamaized.net/coub_storage/media_block/cw_image/26bd5ba5210/efd487478e10584c7b2df/1558962538_mrzu72_1558962512_hhhrsx_att-url-download.png","meta":{"service":"Vimeo","duration":"101.92"},"duration":101.92,"raw_video_id":13766046,"has_embed":true}},"raw_video_thumbnail_url":"/missing/missing.png","raw_video_title":"Muse of the wind","video_block_banned":false,"duration":10.0,"promo_winner":false,"promo_winner_recoubers":null,"editorial_info":{},"promo_hint":null,"beeline_best_2014":null,"from_web_editor":true,"normalize_sound":true,"normalize_change_allowed":true,"best2015_addable":false,"ahmad_promo":null,"promo_data":null,"audio_copyright_claim":null,"ads_disabled":false,"is_safe_for_ads":true,"megafon_contents":[],"position_on_page":5},{"flag":null,"abuses":null,"recoubs_by_users_channels":null,"favourite":false,"promoted_id":null,"recoub":null,"like":null,"dislike":null,"reaction":null,"in_my_best2015":false,"id":155221575,"type":"Coub::Simple","permalink":"2k2gia","title":"Drawing","visibility_type":"public","original_visibility_type":"public","channel_id":3149466,"created_at":"2020-10-05T21:46:52Z","updated_at":"2022-01-20T04:21:10Z","is_done":true,"views_count":155444,"cotd":null,"cotd_at":null,"visible_on_explore_root":false,"visible_on_explore":false,"featured":false,"published":true,"published_at":"2020-10-05T21:46:52Z","reversed":false,"from_editor_v2":true,"is_editable":true,"original_sound":false,"has_sound":false,"recoub_to":null,"file_versions":{"html5":{"video":{"higher":{"url":"https://coub-anubis-a.akamaized.net/coub_storage/coub/simple/cw_file/c5467f76469/310e75409be7eadb4d743/muted_mp4_huge_size_1601934423_muted_huge.mp4","size":4243758},"high":{"url":"https://coub-anubis-a.akamaized.net/coub_storage/coub/simple/cw_file/c5467f76469/310e75409be7eadb4d743/muted_mp4_big_size_1601934423_muted_big.mp4","size":2642047},"med":{"url":"https://coub-anubis-a.akamaized.net/coub_storage/coub/simple/cw_file/c5467f76469/310e75409be7eadb4d743/muted_mp4_med_size_1601934423_muted_med.mp4","size":835038}},"audio":{"high":{"url":"https://coub-anubis-a.akamaized.net/coub_storage/coub/simple/cw_looped_audio_high/f924535accb/e2e7a7a09bae83c67ac95/1601934468_mp3-high.mp3","size":3136621},"med":{"url":"https://coub-anubis-a.akamaized.net/coub_storage/coub/simple/cw_looped_audio_med/924d8ceb8ce/c07d1c2a55a602e960594/1601934466_mp3-med.mp3","size":2235120}}},"mobile":{"video":"https://coub-anubis-a.akamaized.net/coub_storage/coub/simple/cw_file/c5467f76469/310e75409be7eadb4d743/muted_mp4_med_size_1601934423_muted_med.mp4","audio":["https://coub-anubis-a.akamaized.net/coub_storage/coub/simple/cw_looped_audio_med/924d8ceb8ce/c07d1c2a55a602e960594/1601934466_mp3-med.mp3"]},"share":{"default":"https://coub-anubis-a.akamaized.net/coub_storage/coub/simple/cw_video_for_sharing/bcc7cd5bfb0/18ebdc207578d01b16b3d/1611338255_looped_1611338251.mp4"}},"audio_versions":{"template":"https://coub-anubis-a.akamaized.net/coub_storage/audio_track/cw_normalized_copy/d5b5f3d0111/30907c7cd26be36fc124d/mid_1601934450_normalized_1601934427_dioxtp_edited.mp3","versions":["mid","low"]},"image_versions":{"template":"https://coub-anubis-a.akamaized.net/coub_storage/coub/simple/cw_image/248c38ab758/68cd6a7cfb88b5450f0f2/1601934475_00032.jpg","versions":["micro","tiny","age_restricted","ios_large","ios_mosaic","big","med","small","pinterest"]},"first_frame_versions":{"template":"https://coub-anubis-a.akamaized.net/coub_storage/coub/simple/cw_timeline_pic/3b0accbdf01/99ce9d4a774beed1cf8a8/%{version}_1601934474_image.jpg","versions":["big","med","small","ios_large"]},"dimensions":{"big":[960,960],"med":[480,480]},"site_w_h":[400,400],"page_w_h":[400,400],"site_w_h_small":[310,310],"size":[960,960],"age_restricted":false,"age_restricted_by_admin":false,"not_safe_for_work":false,"allow_reuse":false,"dont_crop":false,"banned":false,"global_safe":null,"audio_file_url":"https://coub-anubis-a.akamaized.net/coub_storage/audio_track/cw_normalized_copy/d5b5f3d0111/30907c7cd26be36fc124d/low_1601934450_normalized_1601934427_dioxtp_edited.mp3","external_download":{"type":"Imgur","service_name":"Imgur","url":"https://imgur.com/gallery/RMtAcBE","has_embed":false},"application":null,"channel":{"id":3149466,"permalink":"yourlife","title":"YOUR LIFE","description":"This is your life","followers_count":1120,"following_count":1,"avatar_versions":{"template":"https://coub-anubis-a.akamaized.net/coub_storage/channel/cw_avatar/2514ee51fe1/c50094f1dc12e04d1ec25/%{version}_1607419496_nx6s25_1546118736_EEEE.png","versions":["medium","medium_2x","profile_pic","profile_pic_new","profile_pic_new_2x","tiny","tiny_2x","small","small_2x","ios_large","ios_small"]}},"file":null,"picture":"https://coub-anubis-a.akamaized.net/coub_storage/coub/simple/cw_image/248c38ab758/68cd6a7cfb88b5450f0f2/1601934475_00032.jpg","timeline_picture":"https://coub-anubis-a.akamaized.net/coub_storage/coub/simple/cw_timeline_pic/3b0accbdf01/99ce9d4a774beed1cf8a8/ios_large_1601934474_image.jpg","small_picture":"https://coub-anubis-a.akamaized.net/coub_storage/coub/simple/cw_image/248c38ab758/68cd6a7cfb88b5450f0f2/1601934475_00032.jpg","sharing_picture":null,"percent_done":100,"tags":[{"id":8773,"title":"drawing","value":"drawing"},{"id":12959,"title":"painting","value":"painting"},{"id":29124,"title":"paint","value":"paint"}],"categories":[{"id":2,"title":"Art & Design","permalink":"art","subscriptions_count":10092089,"big_image_url":"https://coub-anubis-a.akamaized.net/coub_storage/category/cw_image/bc49636b5e9/9d819c4215f13ccf07a7b/big_1544749302_art2.png","small_image_url":"https://coub-anubis-a.akamaized.net/coub_storage/category/cw_image/bc49636b5e9/9d819c4215f13ccf07a7b/small_1544749302_art2.png","med_image_url":"https://coub-anubis-a.akamaized.net/coub_storage/category/cw_image/bc49636b5e9/9d819c4215f13ccf07a7b/med_1544749302_art2.png","visible":true}],"communities":[{"id":2,"title":"Art & Design","permalink":"art","subscriptions_count":10092089,"big_image_url":"https://coub-anubis-a.akamaized.net/coub_storage/category/cw_image/bc49636b5e9/9d819c4215f13ccf07a7b/big_1544749302_art2.png","small_image_url":"https://coub-anubis-a.akamaized.net/coub_storage/category/cw_image/bc49636b5e9/9d819c4215f13ccf07a7b/small_1544749302_art2.png","med_image_url":"https://coub-anubis-a.akamaized.net/coub_storage/category/cw_image/bc49636b5e9/9d819c4215f13ccf07a7b/med_1544749302_art2.png","i_subscribed":true,"community_notifications_enabled":null,"description":null}],"recoubs_count":199,"remixes_count":0,"likes_count":1087,"dislikes_count":0,"raw_video_id":15740571,"uploaded_by_ios_app":false,"uploaded_by_android_app":false,"media_blocks":{"uploaded_raw_videos":[],"external_raw_videos":[{"id":37117975,"title":"Imgur","url":"https://imgur.com/gallery/RMtAcBE","image":null,"image_retina":null,"meta":{"service":"Imgur","duration":"24.167"},"duration":24.167,"raw_video_id":15740571,"has_embed":false}],"remixed_from_coubs":[],"external_video":{"id":37117975,"title":"Imgur","url":"https://imgur.com/gallery/RMtAcBE","image":null,"image_retina":null,"meta":{"service":"Imgur","duration":"24.167"},"duration":24.167,"raw_video_id":15740571,"has_embed":false}},"raw_video_thumbnail_url":"/missing/missing.png","raw_video_title":"Imgur","video_block_banned":false,"duration":9.96,"promo_winner":false,"promo_winner_recoubers":null,"editorial_info":{},"promo_hint":null,"beeline_best_2014":null,"from_web_editor":true,"normalize_sound":true,"normalize_change_allowed":true,"best2015_addable":false,"ahmad_promo":null,"promo_data":null,"audio_copyright_claim":null,"ads_disabled":false,"is_safe_for_ads":true,"megafon_contents":[],"position_on_page":6},{"flag":null,"abuses":null,"recoubs_by_users_channels":null,"favourite":false,"promoted_id":null,"recoub":null,"like":null,"dislike":null,"reaction":null,"in_my_best2015":false,"id":80917280,"type":"Coub::Simple","permalink":"1brpb8","title":"you ۞","visibility_type":"public","original_visibility_type":"public","channel_id":3292428,"created_at":"2018-07-29T11:27:47Z","updated_at":"2022-03-15T22:51:52Z","is_done":true,"views_count":96929,"cotd":null,"cotd_at":null,"visible_on_explore_root":true,"visible_on_explore":true,"featured":true,"published":true,"published_at":"2018-08-05T16:49:07Z","reversed":false,"from_editor_v2":true,"is_editable":true,"original_sound":false,"has_sound":false,"recoub_to":null,"file_versions":{"html5":{"video":{"higher":{"url":"https://coub-anubis-a.akamaized.net/coub_storage/coub/simple/cw_file/c57ca8902eb/67506847321c589af53c0/muted_mp4_huge_size_1568263629_muted_huge.mp4","size":488290},"high":{"url":"https://coub-anubis-a.akamaized.net/coub_storage/coub/simple/cw_file/c57ca8902eb/67506847321c589af53c0/muted_mp4_big_size_1568263629_muted_big.mp4","size":331381},"med":{"url":"https://coub-anubis-a.akamaized.net/coub_storage/coub/simple/cw_file/c57ca8902eb/67506847321c589af53c0/muted_mp4_med_size_1568263629_muted_med.mp4","size":111786}},"audio":{"high":{"url":"https://coub-anubis-a.akamaized.net/coub_storage/coub/simple/cw_looped_audio_high/a7d420fd6bf/87d706c67cffbf32524f7/1605617478_high_1532863700_high.mp3","size":5790596},"med":{"url":"https://coub-anubis-a.akamaized.net/coub_storage/coub/simple/cw_looped_audio_med/b8672520dff/7ca612d2494fcef270fbb/1605617476_med_1532863700_med.mp3","size":4101849}}},"mobile":{"video":"https://coub-anubis-a.akamaized.net/coub_storage/coub/simple/cw_file/c57ca8902eb/67506847321c589af53c0/muted_mp4_med_size_1568263629_muted_med.mp4","audio":["https://coub-anubis-a.akamaized.net/coub_storage/coub/simple/cw_looped_audio_med/b8672520dff/7ca612d2494fcef270fbb/1605617476_med_1532863700_med.mp3"]},"share":{"default":"https://coub-anubis-a.akamaized.net/coub_storage/coub/simple/cw_video_for_sharing/a7273784286/05d56e6959dbab71bad0e/1613505103_looped_1613505102.mp4"}},"audio_versions":{"template":"https://coub-anubis-a.akamaized.net/coub_storage/audio_track/cw_normalized_copy/7edcd7c558c/99c9ff002b83cc9b1eb14/mid_1537889651_normalized_1532863589_audio.mp3","versions":["mid","low"]},"image_versions":{"template":"https://coub-anubis-a.akamaized.net/coub_storage/coub/simple/cw_image/1367b5d8029/ab76e3fb270ae14224b2e/1532863717_00031.jpg","versions":["micro","tiny","age_restricted","ios_large","ios_mosaic","big","med","small","pinterest"]},"first_frame_versions":{"template":"https://coub-anubis-a.akamaized.net/coub_storage/coub/simple/cw_timeline_pic/7ab6bcf4723/ae40e9ad210a6d2097538/%{version}_1532863717_image.jpg","versions":["big","med","small","ios_large"]},"dimensions":{"big":[1280,878],"med":[640,438]},"site_w_h":[640,439],"page_w_h":[640,439],"site_w_h_small":[310,213],"size":[1280,878],"age_restricted":false,"age_restricted_by_admin":false,"not_safe_for_work":false,"allow_reuse":false,"dont_crop":false,"banned":false,"global_safe":true,"audio_file_url":"https://coub-anubis-a.akamaized.net/coub_storage/audio_track/cw_normalized_copy/7edcd7c558c/99c9ff002b83cc9b1eb14/low_1537889651_normalized_1532863589_audio.mp3","external_download":false,"application":null,"channel":{"id":3292428,"permalink":"ykio-oris","title":"𝓨𝓴𝓲𝓸 𝓞𝓻𝓲𝓼 ۞ ","description":"I'm sad... I'm crying...","followers_count":15187,"following_count":160,"avatar_versions":{"template":"https://coub-anubis-a.akamaized.net/coub_storage/channel/cw_avatar/f9c988dcffe/c693e648472609d52089f/%{version}_1611411933_download2021010617DD1624.png","versions":["medium","medium_2x","profile_pic","profile_pic_new","profile_pic_new_2x","tiny","tiny_2x","small","small_2x","ios_large","ios_small"]}},"file":null,"picture":"https://coub-anubis-a.akamaized.net/coub_storage/coub/simple/cw_image/1367b5d8029/ab76e3fb270ae14224b2e/1532863717_00031.jpg","timeline_picture":"https://coub-anubis-a.akamaized.net/coub_storage/coub/simple/cw_timeline_pic/7ab6bcf4723/ae40e9ad210a6d2097538/ios_large_1532863717_image.jpg","small_picture":"https://coub-anubis-a.akamaized.net/coub_storage/coub/simple/cw_image/1367b5d8029/ab76e3fb270ae14224b2e/1532863717_00031.jpg","sharing_picture":null,"percent_done":100,"tags":[{"id":4121783,"title":"оригинальная анимация.. тип я автор...лол","value":"%D0%BE%D1%80%D0%B8%D0%B3%D0%B8%D0%BD%D0%B0%D0%BB%D1%8C%D0%BD%D0%B0%D1%8F%20%D0%B0%D0%BD%D0%B8%D0%BC%D0%B0%D1%86%D0%B8%D1%8F..%20%D1%82%D0%B8%D0%BF%20%D1%8F%20%D0%B0%D0%B2%D1%82%D0%BE%D1%80...%D0%BB%D0%BE%D0%BB"},{"id":3892162,"title":"треки и аниме в группе!","value":"%D1%82%D1%80%D0%B5%D0%BA%D0%B8%20%D0%B8%20%D0%B0%D0%BD%D0%B8%D0%BC%D0%B5%20%D0%B2%20%D0%B3%D1%80%D1%83%D0%BF%D0%BF%D0%B5!"},{"id":86,"title":"music","value":"music"},{"id":3147610,"title":"۞","value":"%DB%9E"}],"categories":[{"id":2,"title":"Art & Design","permalink":"art","subscriptions_count":10092089,"big_image_url":"https://coub-anubis-a.akamaized.net/coub_storage/category/cw_image/bc49636b5e9/9d819c4215f13ccf07a7b/big_1544749302_art2.png","small_image_url":"https://coub-anubis-a.akamaized.net/coub_storage/category/cw_image/bc49636b5e9/9d819c4215f13ccf07a7b/small_1544749302_art2.png","med_image_url":"https://coub-anubis-a.akamaized.net/coub_storage/category/cw_image/bc49636b5e9/9d819c4215f13ccf07a7b/med_1544749302_art2.png","visible":true}],"communities":[{"id":2,"title":"Art & Design","permalink":"art","subscriptions_count":10092089,"big_image_url":"https://coub-anubis-a.akamaized.net/coub_storage/category/cw_image/bc49636b5e9/9d819c4215f13ccf07a7b/big_1544749302_art2.png","small_image_url":"https://coub-anubis-a.akamaized.net/coub_storage/category/cw_image/bc49636b5e9/9d819c4215f13ccf07a7b/small_1544749302_art2.png","med_image_url":"https://coub-anubis-a.akamaized.net/coub_storage/category/cw_image/bc49636b5e9/9d819c4215f13ccf07a7b/med_1544749302_art2.png","i_subscribed":true,"community_notifications_enabled":null,"description":null}],"recoubs_count":300,"remixes_count":0,"likes_count":1087,"dislikes_count":0,"raw_video_id":12114982,"uploaded_by_ios_app":false,"uploaded_by_android_app":false,"media_blocks":{"uploaded_raw_videos":[],"external_raw_videos":[],"remixed_from_coubs":[]},"raw_video_thumbnail_url":"/missing/missing.png","raw_video_title":"1.avi","video_block_banned":false,"duration":9.68,"promo_winner":false,"promo_winner_recoubers":null,"editorial_info":{},"promo_hint":null,"beeline_best_2014":null,"from_web_editor":true,"normalize_sound":true,"normalize_change_allowed":true,"best2015_addable":false,"ahmad_promo":null,"promo_data":null,"audio_copyright_claim":null,"ads_disabled":false,"is_safe_for_ads":true,"megafon_contents":[],"position_on_page":7},{"flag":null,"abuses":null,"recoubs_by_users_channels":null,"favourite":false,"promoted_id":null,"recoub":null,"like":null,"dislike":null,"reaction":null,"in_my_best2015":false,"id":50439030,"type":"Coub::Simple","permalink":"tkxxg","title":"Black Light Daft Hands - Harder, Better, Faster, Stronger","visibility_type":"public","original_visibility_type":"public","channel_id":175933,"created_at":"2017-04-19T23:28:11Z","updated_at":"2022-03-18T07:52:40Z","is_done":true,"views_count":82825,"cotd":null,"cotd_at":null,"visible_on_explore_root":false,"visible_on_explore":false,"featured":false,"published":true,"published_at":"2017-04-19T23:28:11Z","reversed":false,"from_editor_v2":true,"is_editable":true,"original_sound":true,"has_sound":true,"recoub_to":null,"file_versions":{"html5":{"video":{"higher":{"url":"https://coub-anubis-a.akamaized.net/coub_storage/coub/simple/cw_file/ff714baf5bb/3b33c79a2f71c97024c0a/muted_mp4_huge_size_1568105545_muted_huge.mp4","size":1000740},"high":{"url":"https://coub-anubis-a.akamaized.net/coub_storage/coub/simple/cw_file/ff714baf5bb/3b33c79a2f71c97024c0a/muted_mp4_big_size_1568105545_muted_big.mp4","size":721986},"med":{"url":"https://coub-anubis-a.akamaized.net/coub_storage/coub/simple/cw_file/ff714baf5bb/3b33c79a2f71c97024c0a/muted_mp4_med_size_1568105545_muted_med.mp4","size":211680}},"audio":{"high":{"url":"https://coub-anubis-a.akamaized.net/coub_storage/coub/simple/cw_looped_audio_high/1ced264204b/0b0135f81c1f7365d726d/1605593593_high_1492644524_high.mp3","size":1390595},"med":{"url":"https://coub-anubis-a.akamaized.net/coub_storage/coub/simple/cw_looped_audio_med/26d1dd37fd3/df52d2b25c0b1713e63b0/1605593593_med_1492644524_med.mp3","size":1242788},"sample_duration":7.896}},"mobile":{"video":"https://coub-anubis-a.akamaized.net/coub_storage/coub/simple/cw_file/ff714baf5bb/3b33c79a2f71c97024c0a/muted_mp4_med_size_1568105545_muted_med.mp4","audio":["https://coub-anubis-a.akamaized.net/coub_storage/coub/simple/cw_looped_audio_med/26d1dd37fd3/df52d2b25c0b1713e63b0/1605593593_med_1492644524_med.mp3"]},"share":{"default":"https://coub-anubis-a.akamaized.net/coub_storage/coub/simple/cw_video_for_sharing/118ecc07419/ced1b30622da62a6fd579/1623605413_looped_1623605412.mp4"}},"audio_versions":{},"image_versions":{"template":"https://coub-anubis-a.akamaized.net/coub_storage/coub/simple/cw_image/65add381ee9/2c6a6d68bd9c24e6ec609/1492644531_00025.jpg","versions":["micro","tiny","age_restricted","ios_large","ios_mosaic","big","med","small","pinterest"]},"first_frame_versions":{"template":"https://coub-anubis-a.akamaized.net/coub_storage/coub/simple/cw_timeline_pic/65add381ee9/2c6a6d68bd9c24e6ec609/1492644531_image.jpg","versions":["big","med","small","ios_large"]},"dimensions":{"big":[1280,636],"med":[640,318]},"site_w_h":[640,318],"page_w_h":[640,318],"site_w_h_small":[310,154],"size":[1280,636],"age_restricted":false,"age_restricted_by_admin":false,"not_safe_for_work":false,"allow_reuse":false,"dont_crop":false,"banned":false,"global_safe":true,"audio_file_url":null,"external_download":{"type":"Youtube","service_name":"YouTube","url":"http://www.youtube.com/watch?v=HYoqN0jkYLE","has_embed":true},"application":null,"channel":{"id":175933,"permalink":"unknown-artist-lynx","title":"꧁YuPI LYN'x'꧂","description":"..𝐻𝒶𝓋𝑒 𝒶 𝓃𝒾𝒸𝑒 𝒹𝒶𝓎.. 𝐸𝓃𝒿𝑜𝓎 𝓎𝑜𝓊𝓇 𝓉𝒾𝓂𝑒..","followers_count":372,"following_count":35,"avatar_versions":{"template":"https://coub-anubis-a.akamaized.net/coub_storage/channel/cw_avatar/e423915ae87/3eae297c91a21a6b698e0/%{version}_1589998779_wM825__tCG10.jpg","versions":["medium","medium_2x","profile_pic","profile_pic_new","profile_pic_new_2x","tiny","tiny_2x","small","small_2x","ios_large","ios_small"]}},"file":null,"picture":"https://coub-anubis-a.akamaized.net/coub_storage/coub/simple/cw_image/65add381ee9/2c6a6d68bd9c24e6ec609/1492644531_00025.jpg","timeline_picture":"https://coub-anubis-a.akamaized.net/coub_storage/coub/simple/cw_timeline_pic/65add381ee9/2c6a6d68bd9c24e6ec609/1492644531_image.jpg","small_picture":"https://coub-anubis-a.akamaized.net/coub_storage/coub/simple/cw_image/65add381ee9/2c6a6d68bd9c24e6ec609/1492644531_00025.jpg","sharing_picture":null,"percent_done":100,"tags":[{"id":48544,"title":"shia labeouf","value":"shia%20labeouf"},{"id":16922,"title":"motivation","value":"motivation"},{"id":9928,"title":"just do it","value":"just%20do%20it"},{"id":86169,"title":"do it","value":"do%20it"},{"id":63648,"title":"green screen","value":"green%20screen"},{"id":43334,"title":"harder better faster stronger","value":"harder%20better%20faster%20stronger"},{"id":62292,"title":"seamless","value":"seamless"},{"id":5259,"title":"stronger","value":"stronger"},{"id":5258,"title":"faster","value":"faster"},{"id":5257,"title":"better","value":"better"},{"id":5256,"title":"harder","value":"harder"},{"id":13669,"title":"canon","value":"canon"},{"id":14313,"title":"bright","value":"bright"},{"id":15097,"title":"colorful","value":"colorful"},{"id":43826,"title":"colors","value":"colors"},{"id":7737,"title":"neon","value":"neon"},{"id":592531,"title":"sharpie","value":"sharpie"},{"id":1982,"title":"song","value":"song"},{"id":86,"title":"music","value":"music"},{"id":146,"title":"dark","value":"dark"},{"id":122442,"title":"ultraviolet","value":"ultraviolet"},{"id":119892,"title":"uv","value":"uv"},{"id":7774,"title":"marker","value":"marker"},{"id":85094,"title":"blacklight","value":"blacklight"},{"id":7170,"title":"light","value":"light"},{"id":1594,"title":"black","value":"black"},{"id":48053,"title":"glow","value":"glow"},{"id":137873,"title":"fluorescent","value":"fluorescent"},{"id":104,"title":"punk","value":"punk"},{"id":782,"title":"hands","value":"hands"},{"id":5223,"title":"daft","value":"daft"},{"id":2938576,"title":"thekamrenb","value":"thekamrenb"},{"id":2938575,"title":"kamrenb","value":"kamrenb"}],"categories":[{"id":2,"title":"Art & Design","permalink":"art","subscriptions_count":10092089,"big_image_url":"https://coub-anubis-a.akamaized.net/coub_storage/category/cw_image/bc49636b5e9/9d819c4215f13ccf07a7b/big_1544749302_art2.png","small_image_url":"https://coub-anubis-a.akamaized.net/coub_storage/category/cw_image/bc49636b5e9/9d819c4215f13ccf07a7b/small_1544749302_art2.png","med_image_url":"https://coub-anubis-a.akamaized.net/coub_storage/category/cw_image/bc49636b5e9/9d819c4215f13ccf07a7b/med_1544749302_art2.png","visible":true}],"communities":[{"id":2,"title":"Art & Design","permalink":"art","subscriptions_count":10092089,"big_image_url":"https://coub-anubis-a.akamaized.net/coub_storage/category/cw_image/bc49636b5e9/9d819c4215f13ccf07a7b/big_1544749302_art2.png","small_image_url":"https://coub-anubis-a.akamaized.net/coub_storage/category/cw_image/bc49636b5e9/9d819c4215f13ccf07a7b/small_1544749302_art2.png","med_image_url":"https://coub-anubis-a.akamaized.net/coub_storage/category/cw_image/bc49636b5e9/9d819c4215f13ccf07a7b/med_1544749302_art2.png","i_subscribed":true,"community_notifications_enabled":null,"description":null}],"recoubs_count":244,"remixes_count":1,"likes_count":1087,"dislikes_count":0,"raw_video_id":9443228,"uploaded_by_ios_app":false,"uploaded_by_android_app":false,"media_blocks":{"uploaded_raw_videos":[],"external_raw_videos":[{"id":18595554,"title":"Black Light Daft Hands - Harder, Better, Faster, Stronger","url":"http://www.youtube.com/watch?v=HYoqN0jkYLE","image":"https://coub-anubis-a.akamaized.net/coub_storage/media_block/cw_image/002bddd56ed/a85a225cb4164b9ab3584/1492781364_1491935024_duapxa_att-url-download.jpg","image_retina":"https://coub-anubis-a.akamaized.net/coub_storage/media_block/cw_image/002bddd56ed/a85a225cb4164b9ab3584/1492781364_1491935024_duapxa_att-url-download.jpg","meta":{"service":"Youtube","duration":"225.792"},"duration":225.792,"raw_video_id":9443228,"has_embed":true}],"remixed_from_coubs":[],"external_video":{"id":18595554,"title":"Black Light Daft Hands - Harder, Better, Faster, Stronger","url":"http://www.youtube.com/watch?v=HYoqN0jkYLE","image":"https://coub-anubis-a.akamaized.net/coub_storage/media_block/cw_image/002bddd56ed/a85a225cb4164b9ab3584/1492781364_1491935024_duapxa_att-url-download.jpg","image_retina":"https://coub-anubis-a.akamaized.net/coub_storage/media_block/cw_image/002bddd56ed/a85a225cb4164b9ab3584/1492781364_1491935024_duapxa_att-url-download.jpg","meta":{"service":"Youtube","duration":"225.792"},"duration":225.792,"raw_video_id":9443228,"has_embed":true}},"raw_video_thumbnail_url":"/missing/missing.png","raw_video_title":"Black Light Daft Hands - Harder, Better, Faster, Stronger","video_block_banned":false,"duration":7.92,"promo_winner":false,"promo_winner_recoubers":null,"editorial_info":{},"promo_hint":null,"beeline_best_2014":null,"from_web_editor":true,"normalize_sound":true,"normalize_change_allowed":true,"best2015_addable":false,"ahmad_promo":null,"promo_data":null,"audio_copyright_claim":null,"ads_disabled":false,"is_safe_for_ads":true,"megafon_contents":[],"position_on_page":8},{"flag":null,"abuses":null,"recoubs_by_users_channels":null,"favourite":false,"promoted_id":null,"recoub":null,"like":null,"dislike":null,"reaction":null,"in_my_best2015":false,"id":5660356,"type":"Coub::Simple","permalink":"2x66p","title":"∞","visibility_type":"public","original_visibility_type":"public","channel_id":31132,"created_at":"2014-08-16T20:34:03Z","updated_at":"2022-02-24T09:30:56Z","is_done":true,"views_count":52291,"cotd":null,"cotd_at":null,"visible_on_explore_root":true,"visible_on_explore":true,"featured":true,"published":true,"published_at":"2014-08-16T20:34:03Z","reversed":false,"from_editor_v2":true,"is_editable":true,"original_sound":false,"has_sound":false,"recoub_to":null,"file_versions":{"html5":{"video":{"higher":{"url":"https://coub-anubis-a.akamaized.net/coub_storage/coub/simple/cw_file/6b955580d28/04057824db3f6ef7ed600/muted_mp4_huge_size_1567727300_muted_huge.mp4","size":2663479},"high":{"url":"https://coub-anubis-a.akamaized.net/coub_storage/coub/simple/cw_file/6b955580d28/04057824db3f6ef7ed600/muted_mp4_big_size_1567727300_muted_big.mp4","size":1699176},"med":{"url":"https://coub-anubis-a.akamaized.net/coub_storage/coub/simple/cw_file/6b955580d28/04057824db3f6ef7ed600/muted_mp4_med_size_1567727300_muted_med.mp4","size":566533}},"audio":{"high":{"url":"https://coub-anubis-a.akamaized.net/coub_storage/coub/simple/cw_looped_audio_high/ff0c89dc840/ce463fbfa74e94ca5d9af/1605433646_high_1445978527_high.mp3","size":7333928},"med":{"url":"https://coub-anubis-a.akamaized.net/coub_storage/coub/simple/cw_looped_audio_med/a7d34398959/3783b12e2f95166e25856/1605433646_med_1445978527_med.mp3","size":4889285}}},"mobile":{"video":"https://coub-anubis-a.akamaized.net/coub_storage/coub/simple/cw_file/6b955580d28/04057824db3f6ef7ed600/muted_mp4_med_size_1567727300_muted_med.mp4","audio":["https://coub-anubis-a.akamaized.net/coub_storage/coub/simple/cw_looped_audio_med/a7d34398959/3783b12e2f95166e25856/1605433646_med_1445978527_med.mp3"]},"share":{"default":null}},"audio_versions":{"template":"https://coub-anubis-a.akamaized.net/coub_storage/coub/simple/cw_audio/3deb389a30d/460549687eca66d2be6c9/mid_1408221330_out.mp3","versions":["mid","low"]},"image_versions":{"template":"https://coub-anubis-a.akamaized.net/coub_storage/coub/simple/cw_image/3deb389a30d/460549687eca66d2be6c9/1408221331_00032.jpg","versions":["micro","tiny","age_restricted","ios_large","ios_mosaic","big","med","small","pinterest"]},"first_frame_versions":{"template":"https://coub-anubis-a.akamaized.net/coub_storage/coub/simple/cw_timeline_pic/3deb389a30d/460549687eca66d2be6c9/%{version}_1408221330_image.jpg","versions":["big","med","small","ios_large"]},"dimensions":{"big":[1280,720],"med":[640,360]},"site_w_h":[640,360],"page_w_h":[640,360],"site_w_h_small":[310,174],"size":[1280,720],"age_restricted":false,"age_restricted_by_admin":false,"not_safe_for_work":null,"allow_reuse":false,"dont_crop":false,"banned":false,"global_safe":true,"audio_file_url":"https://coub-anubis-a.akamaized.net/coub_storage/coub/simple/cw_audio/3deb389a30d/460549687eca66d2be6c9/low_1408221330_out.mp3","external_download":false,"application":null,"channel":{"id":31132,"permalink":"confusednetwork","title":"confused network","description":null,"followers_count":193,"following_count":9,"avatar_versions":{"template":"https://coub-anubis-a.akamaized.net/coub_storage/channel/cw_avatar/50795dad955/af6e41c4e6e1a1f74ff78/%{version}_1474481327_113cv6s_att-url-download.jpg","versions":["medium","medium_2x","profile_pic","profile_pic_new","profile_pic_new_2x","tiny","tiny_2x","small","small_2x","ios_large","ios_small"]}},"file":null,"picture":"https://coub-anubis-a.akamaized.net/coub_storage/coub/simple/cw_image/3deb389a30d/460549687eca66d2be6c9/1408221331_00032.jpg","timeline_picture":"https://coub-anubis-a.akamaized.net/coub_storage/coub/simple/cw_timeline_pic/3deb389a30d/460549687eca66d2be6c9/ios_large_1408221330_image.jpg","small_picture":"https://coub-anubis-a.akamaized.net/coub_storage/coub/simple/cw_image/3deb389a30d/460549687eca66d2be6c9/1408221331_00032.jpg","sharing_picture":null,"percent_done":100,"tags":[],"categories":[{"id":2,"title":"Art & Design","permalink":"art","subscriptions_count":10092089,"big_image_url":"https://coub-anubis-a.akamaized.net/coub_storage/category/cw_image/bc49636b5e9/9d819c4215f13ccf07a7b/big_1544749302_art2.png","small_image_url":"https://coub-anubis-a.akamaized.net/coub_storage/category/cw_image/bc49636b5e9/9d819c4215f13ccf07a7b/small_1544749302_art2.png","med_image_url":"https://coub-anubis-a.akamaized.net/coub_storage/category/cw_image/bc49636b5e9/9d819c4215f13ccf07a7b/med_1544749302_art2.png","visible":true}],"communities":[{"id":2,"title":"Art & Design","permalink":"art","subscriptions_count":10092089,"big_image_url":"https://coub-anubis-a.akamaized.net/coub_storage/category/cw_image/bc49636b5e9/9d819c4215f13ccf07a7b/big_1544749302_art2.png","small_image_url":"https://coub-anubis-a.akamaized.net/coub_storage/category/cw_image/bc49636b5e9/9d819c4215f13ccf07a7b/small_1544749302_art2.png","med_image_url":"https://coub-anubis-a.akamaized.net/coub_storage/category/cw_image/bc49636b5e9/9d819c4215f13ccf07a7b/med_1544749302_art2.png","i_subscribed":true,"community_notifications_enabled":null,"description":null}],"recoubs_count":311,"remixes_count":0,"likes_count":1087,"dislikes_count":0,"raw_video_id":1390428,"uploaded_by_ios_app":false,"uploaded_by_android_app":false,"media_blocks":{"uploaded_raw_videos":[],"external_raw_videos":[],"remixed_from_coubs":[],"audio_track":{"id":19353649,"title":"Oh!","url":"https://geo.itunes.apple.com/us/album/oh!-a-trak-remix/id561463631?i=561463753&uo=4&at=10l5bB&app=music","image":"https://coub-anubis-a.akamaized.net/coub_storage/media_block/cw_image/c57595ba0a0/3d27040e2ca4bc9e0e3ee/1492075744_1471274025_1uncdhl_att-url-download.jpg","image_retina":"https://coub-anubis-a.akamaized.net/coub_storage/media_block/cw_image/c57595ba0a0/3d27040e2ca4bc9e0e3ee/1492075744_1471274025_1uncdhl_att-url-download.jpg","meta":{"year":null,"album":null,"title":"Oh!","artist":"Boys Noize","echonest_id":null},"duration":null,"amazon_url":null,"google_play_url":null,"bandcamp_url":null,"soundcloud_url":null,"track_name":null,"track_artist":null,"track_album":null,"itunes_url":"https://geo.itunes.apple.com/us/album/oh!-a-trak-remix/id561463631?i=561463753&uo=4&at=10l5bB&app=music"}},"raw_video_thumbnail_url":"/missing/missing.png","raw_video_title":"∞","video_block_banned":false,"duration":10.0,"promo_winner":false,"promo_winner_recoubers":null,"editorial_info":{},"promo_hint":null,"beeline_best_2014":null,"from_web_editor":true,"normalize_sound":true,"normalize_change_allowed":true,"best2015_addable":false,"ahmad_promo":null,"promo_data":null,"audio_copyright_claim":null,"ads_disabled":null,"is_safe_for_ads":true,"megafon_contents":[],"position_on_page":9},{"flag":null,"abuses":null,"recoubs_by_users_channels":null,"favourite":false,"promoted_id":null,"recoub":null,"like":null,"dislike":null,"reaction":null,"in_my_best2015":false,"id":176809180,"type":"Coub::Simple","permalink":"2wx5qw","title":"Japanese autumn","visibility_type":"public","original_visibility_type":"public","channel_id":8217811,"created_at":"2021-10-09T18:44:22Z","updated_at":"2022-03-17T11:38:59Z","is_done":true,"views_count":115292,"cotd":null,"cotd_at":null,"visible_on_explore_root":true,"visible_on_explore":true,"featured":true,"published":true,"published_at":"2021-10-09T18:44:22Z","reversed":false,"from_editor_v2":true,"is_editable":true,"original_sound":false,"has_sound":false,"recoub_to":null,"file_versions":{"html5":{"video":{"higher":{"url":"https://coub-anubis-a.akamaized.net/coub_storage/coub/simple/cw_file/ca2893cd0b2/eb1ebb12eeca6a35fc8ae/muted_mp4_huge_size_1633805070_muted_huge.mp4","size":733591},"high":{"url":"https://coub-anubis-a.akamaized.net/coub_storage/coub/simple/cw_file/ca2893cd0b2/eb1ebb12eeca6a35fc8ae/muted_mp4_big_size_1633805070_muted_big.mp4","size":426536},"med":{"url":"https://coub-anubis-a.akamaized.net/coub_storage/coub/simple/cw_file/ca2893cd0b2/eb1ebb12eeca6a35fc8ae/muted_mp4_med_size_1633805070_muted_med.mp4","size":135219}},"audio":{"high":{"url":"https://coub-anubis-a.akamaized.net/coub_storage/coub/simple/cw_looped_audio_high/d3b2b31926a/74896f858fcdb435074f2/1633805086_mp3-high.mp3","size":4759154},"med":{"url":"https://coub-anubis-a.akamaized.net/coub_storage/coub/simple/cw_looped_audio_med/2294ed98035/165c3cde57956085c67de/1633805083_mp3-med.mp3","size":3352497}}},"mobile":{"video":"https://coub-anubis-a.akamaized.net/coub_storage/coub/simple/cw_file/ca2893cd0b2/eb1ebb12eeca6a35fc8ae/muted_mp4_med_size_1633805070_muted_med.mp4","audio":["https://coub-anubis-a.akamaized.net/coub_storage/coub/simple/cw_looped_audio_med/2294ed98035/165c3cde57956085c67de/1633805083_mp3-med.mp3"]},"share":{"default":"https://coub-anubis-a.akamaized.net/coub_storage/coub/simple/cw_video_for_sharing/3c8f3a4ce60/f7909dfcae5b106e87291/1633805105_looped_1633805105.mp4"}},"audio_versions":{"template":"https://coub-anubis-a.akamaized.net/coub_storage/audio_track/cw_file/27de955772b/f7c91ac6830420eb9e1a5/mid_1633805020_audio.mp3","versions":["mid","low"]},"image_versions":{"template":"https://coub-anubis-a.akamaized.net/coub_storage/coub/simple/cw_image/8c78c06e607/4496591da1ac144d570a1/%{version}_1633805089_00031.jpg","versions":["micro","tiny","age_restricted","ios_large","ios_mosaic","big","med","small","pinterest"]},"first_frame_versions":{"template":"https://coub-anubis-a.akamaized.net/coub_storage/coub/simple/cw_timeline_pic/0bee7dbae6f/c09ecd2b45bcbc9321895/%{version}_1633805088_image.jpg","versions":["big","med","small","ios_large"]},"dimensions":{"big":[1280,720],"med":[640,360]},"site_w_h":[640,360],"page_w_h":[640,360],"site_w_h_small":[310,174],"size":[1280,720],"age_restricted":false,"age_restricted_by_admin":false,"not_safe_for_work":false,"allow_reuse":false,"dont_crop":true,"banned":false,"global_safe":true,"audio_file_url":"https://coub-anubis-a.akamaized.net/coub_storage/audio_track/cw_file/27de955772b/f7c91ac6830420eb9e1a5/low_1633805020_audio.mp3","external_download":false,"application":null,"channel":{"id":8217811,"permalink":"castlxxx","title":"Castlxxx","description":"art & design, anime |  × LNR × team | Destiny team","followers_count":3486,"following_count":355,"avatar_versions":{"template":"https://coub-anubis-a.akamaized.net/coub_storage/channel/cw_avatar/43b55d73308/a53e18ee1cea2cee9300d/%{version}_1637678584_soldat_shlem_art_123765_1920x1080.jpg","versions":["medium","medium_2x","profile_pic","profile_pic_new","profile_pic_new_2x","tiny","tiny_2x","small","small_2x","ios_large","ios_small"]}},"file":null,"picture":"https://coub-anubis-a.akamaized.net/coub_storage/coub/simple/cw_image/8c78c06e607/4496591da1ac144d570a1/med_1633805089_00031.jpg","timeline_picture":"https://coub-anubis-a.akamaized.net/coub_storage/coub/simple/cw_timeline_pic/0bee7dbae6f/c09ecd2b45bcbc9321895/ios_large_1633805088_image.jpg","small_picture":"https://coub-anubis-a.akamaized.net/coub_storage/coub/simple/cw_image/8c78c06e607/4496591da1ac144d570a1/ios_mosaic_1633805089_00031.jpg","sharing_picture":null,"percent_done":100,"tags":[{"id":6524658,"title":"japanese autumn","value":"japanese%20autumn"},{"id":3072,"title":"art","value":"art"},{"id":35822,"title":"pixel art","value":"pixel%20art"},{"id":420,"title":"pixel","value":"pixel"},{"id":258946,"title":"pixelart","value":"pixelart"},{"id":86,"title":"music","value":"music"},{"id":939,"title":"relax","value":"relax"},{"id":5274327,"title":"japanese lofi","value":"japanese%20lofi"},{"id":353688,"title":"lnr","value":"lnr"},{"id":346526,"title":"akihabara","value":"akihabara"},{"id":15666,"title":"destiny","value":"destiny"},{"id":5792111,"title":"castlxxx","value":"castlxxx"}],"categories":[{"id":2,"title":"Art & Design","permalink":"art","subscriptions_count":10092089,"big_image_url":"https://coub-anubis-a.akamaized.net/coub_storage/category/cw_image/bc49636b5e9/9d819c4215f13ccf07a7b/big_1544749302_art2.png","small_image_url":"https://coub-anubis-a.akamaized.net/coub_storage/category/cw_image/bc49636b5e9/9d819c4215f13ccf07a7b/small_1544749302_art2.png","med_image_url":"https://coub-anubis-a.akamaized.net/coub_storage/category/cw_image/bc49636b5e9/9d819c4215f13ccf07a7b/med_1544749302_art2.png","visible":true}],"communities":[{"id":2,"title":"Art & Design","permalink":"art","subscriptions_count":10092089,"big_image_url":"https://coub-anubis-a.akamaized.net/coub_storage/category/cw_image/bc49636b5e9/9d819c4215f13ccf07a7b/big_1544749302_art2.png","small_image_url":"https://coub-anubis-a.akamaized.net/coub_storage/category/cw_image/bc49636b5e9/9d819c4215f13ccf07a7b/small_1544749302_art2.png","med_image_url":"https://coub-anubis-a.akamaized.net/coub_storage/category/cw_image/bc49636b5e9/9d819c4215f13ccf07a7b/med_1544749302_art2.png","i_subscribed":true,"community_notifications_enabled":null,"description":null}],"recoubs_count":228,"remixes_count":0,"likes_count":1086,"dislikes_count":0,"raw_video_id":16819469,"uploaded_by_ios_app":false,"uploaded_by_android_app":true,"media_blocks":{"uploaded_raw_videos":[],"external_raw_videos":[],"remixed_from_coubs":[]},"raw_video_thumbnail_url":"/missing/missing.png","raw_video_title":null,"video_block_banned":false,"duration":9.6,"promo_winner":false,"promo_winner_recoubers":null,"editorial_info":{},"promo_hint":null,"beeline_best_2014":null,"from_web_editor":false,"normalize_sound":true,"normalize_change_allowed":true,"best2015_addable":false,"ahmad_promo":null,"promo_data":null,"audio_copyright_claim":null,"ads_disabled":false,"is_safe_for_ads":true,"megafon_contents":[],"position_on_page":10}]}