{"page":398,"per_page":10,"total_pages":500,"coubs":[{"flag":null,"abuses":null,"recoubs_by_users_channels":null,"favourite":false,"promoted_id":null,"recoub":null,"like":null,"dislike":null,"reaction":null,"in_my_best2015":false,"id":106255310,"type":"Coub::Simple","permalink":"1qusf1","title":"Calm Evening 🌆","visibility_type":"public","original_visibility_type":"public","channel_id":322269,"created_at":"2019-03-22T12:01:36Z","updated_at":"2022-03-18T04:48:52Z","is_done":true,"views_count":96029,"cotd":null,"cotd_at":null,"visible_on_explore_root":true,"visible_on_explore":true,"featured":true,"published":true,"published_at":"2019-03-22T12:01:36Z","reversed":false,"from_editor_v2":true,"is_editable":true,"original_sound":false,"has_sound":false,"recoub_to":null,"file_versions":{"html5":{"video":{"higher":{"url":"https://coub-anubis-a.akamaized.net/coub_storage/coub/simple/cw_file/eea5145de02/9c8382e116aebbf1a165a/muted_mp4_huge_size_1570154901_muted_huge.mp4","size":361728},"high":{"url":"https://coub-anubis-a.akamaized.net/coub_storage/coub/simple/cw_file/eea5145de02/9c8382e116aebbf1a165a/muted_mp4_big_size_1570154901_muted_big.mp4","size":238483},"med":{"url":"https://coub-anubis-a.akamaized.net/coub_storage/coub/simple/cw_file/eea5145de02/9c8382e116aebbf1a165a/muted_mp4_med_size_1570154901_muted_med.mp4","size":76043}},"audio":{"high":{"url":"https://coub-anubis-a.akamaized.net/coub_storage/coub/simple/cw_looped_audio_high/b403428d251/068b2341c63d6cddf7a0a/1605679250_high_1553256137_high.mp3","size":4766748},"med":{"url":"https://coub-anubis-a.akamaized.net/coub_storage/coub/simple/cw_looped_audio_med/adbf92858d0/459cf4daf64838d0cbbed/1605679249_med_1553256137_med.mp3","size":3572373}}},"mobile":{"video":"https://coub-anubis-a.akamaized.net/coub_storage/coub/simple/cw_file/eea5145de02/9c8382e116aebbf1a165a/muted_mp4_med_size_1570154901_muted_med.mp4","audio":["https://coub-anubis-a.akamaized.net/coub_storage/coub/simple/cw_looped_audio_med/adbf92858d0/459cf4daf64838d0cbbed/1605679249_med_1553256137_med.mp3"]},"share":{"default":"https://coub-anubis-a.akamaized.net/coub_storage/coub/simple/cw_video_for_sharing/ec8697b841c/10620b6302b2110bf16ac/1610086473_looped_1610086472.mp4"}},"audio_versions":{"template":"https://coub-anubis-a.akamaized.net/coub_storage/audio_track/cw_normalized_copy/090d5899a88/0bbed83f5b1a036cf1a9d/mid_1553256117_normalized_1553255926_audio.mp3","versions":["mid","low"]},"image_versions":{"template":"https://coub-anubis-a.akamaized.net/coub_storage/coub/simple/cw_image/27f43dac2ef/a2e73dea941baef84a548/1553256153_00031.jpg","versions":["micro","tiny","age_restricted","ios_large","ios_mosaic","big","med","small","pinterest"]},"first_frame_versions":{"template":"https://coub-anubis-a.akamaized.net/coub_storage/coub/simple/cw_timeline_pic/9277eb477de/14c0d4b34ad9259ef925e/%{version}_1553256152_image.jpg","versions":["big","med","small","ios_large"]},"dimensions":{"big":[960,960],"med":[480,480]},"site_w_h":[400,400],"page_w_h":[400,400],"site_w_h_small":[310,310],"size":[960,960],"age_restricted":false,"age_restricted_by_admin":false,"not_safe_for_work":false,"allow_reuse":false,"dont_crop":false,"banned":false,"global_safe":true,"audio_file_url":"https://coub-anubis-a.akamaized.net/coub_storage/audio_track/cw_normalized_copy/090d5899a88/0bbed83f5b1a036cf1a9d/low_1553256117_normalized_1553255926_audio.mp3","external_download":{"type":"Twitter","service_name":"Twitter","url":"https://twitter.com/i/status/1108879897324384257","has_embed":false},"application":null,"channel":{"id":322269,"permalink":"rebelbyte","title":"Rebel Byte","description":"Pixel Culture","followers_count":6578,"following_count":114,"avatar_versions":{"template":"https://coub-anubis-a.akamaized.net/coub_storage/channel/cw_avatar/523be47e4fe/157780b1e8085dce0ae44/%{version}_1523607887_1041uuu.png","versions":["medium","medium_2x","profile_pic","profile_pic_new","profile_pic_new_2x","tiny","tiny_2x","small","small_2x","ios_large","ios_small"]}},"file":null,"picture":"https://coub-anubis-a.akamaized.net/coub_storage/coub/simple/cw_image/27f43dac2ef/a2e73dea941baef84a548/1553256153_00031.jpg","timeline_picture":"https://coub-anubis-a.akamaized.net/coub_storage/coub/simple/cw_timeline_pic/9277eb477de/14c0d4b34ad9259ef925e/ios_large_1553256152_image.jpg","small_picture":"https://coub-anubis-a.akamaized.net/coub_storage/coub/simple/cw_image/27f43dac2ef/a2e73dea941baef84a548/1553256153_00031.jpg","sharing_picture":null,"percent_done":100,"tags":[{"id":22217,"title":"calm","value":"calm"},{"id":35043,"title":"evening","value":"evening"},{"id":467,"title":"night","value":"night"},{"id":939,"title":"relax","value":"relax"},{"id":3072,"title":"art","value":"art"},{"id":35822,"title":"pixel art","value":"pixel%20art"},{"id":420,"title":"pixel","value":"pixel"},{"id":4790641,"title":"home - dusk","value":"home%20-%20dusk"},{"id":576658,"title":"waneella","value":"waneella"}],"categories":[{"id":2,"title":"Art & Design","permalink":"art","subscriptions_count":10092089,"big_image_url":"https://coub-anubis-a.akamaized.net/coub_storage/category/cw_image/bc49636b5e9/9d819c4215f13ccf07a7b/big_1544749302_art2.png","small_image_url":"https://coub-anubis-a.akamaized.net/coub_storage/category/cw_image/bc49636b5e9/9d819c4215f13ccf07a7b/small_1544749302_art2.png","med_image_url":"https://coub-anubis-a.akamaized.net/coub_storage/category/cw_image/bc49636b5e9/9d819c4215f13ccf07a7b/med_1544749302_art2.png","visible":true}],"communities":[{"id":2,"title":"Art & Design","permalink":"art","subscriptions_count":10092089,"big_image_url":"https://coub-anubis-a.akamaized.net/coub_storage/category/cw_image/bc49636b5e9/9d819c4215f13ccf07a7b/big_1544749302_art2.png","small_image_url":"https://coub-anubis-a.akamaized.net/coub_storage/category/cw_image/bc49636b5e9/9d819c4215f13ccf07a7b/small_1544749302_art2.png","med_image_url":"https://coub-anubis-a.akamaized.net/coub_storage/category/cw_image/bc49636b5e9/9d819c4215f13ccf07a7b/med_1544749302_art2.png","i_subscribed":true,"community_notifications_enabled":null,"description":null}],"recoubs_count":161,"remixes_count":3,"likes_count":831,"dislikes_count":0,"raw_video_id":13418188,"uploaded_by_ios_app":false,"uploaded_by_android_app":false,"media_blocks":{"uploaded_raw_videos":[],"external_raw_videos":[{"id":31029411,"title":"“34.6716019,135.4612272\n\nhttps://t.co/B2Ecgre9Qg https://t.co/qJT3j3UuKB”","url":"https://twitter.com/waneella_/status/1108879897324384257","image":"https://coub-anubis-a.akamaized.net/coub_storage/media_block/cw_image/28dead33239/cb49a553d3c41c39356bc/1553255789_z48a9f_1553255781_qafh67_att-url-download.jpg","image_retina":"https://coub-anubis-a.akamaized.net/coub_storage/media_block/cw_image/28dead33239/cb49a553d3c41c39356bc/1553255789_z48a9f_1553255781_qafh67_att-url-download.jpg","meta":{"service":"Twitter","duration":"9.6"},"duration":9.6,"raw_video_id":13418188,"has_embed":false}],"remixed_from_coubs":[],"external_video":{"id":31029411,"title":"“34.6716019,135.4612272\n\nhttps://t.co/B2Ecgre9Qg https://t.co/qJT3j3UuKB”","url":"https://twitter.com/waneella_/status/1108879897324384257","image":"https://coub-anubis-a.akamaized.net/coub_storage/media_block/cw_image/28dead33239/cb49a553d3c41c39356bc/1553255789_z48a9f_1553255781_qafh67_att-url-download.jpg","image_retina":"https://coub-anubis-a.akamaized.net/coub_storage/media_block/cw_image/28dead33239/cb49a553d3c41c39356bc/1553255789_z48a9f_1553255781_qafh67_att-url-download.jpg","meta":{"service":"Twitter","duration":"9.6"},"duration":9.6,"raw_video_id":13418188,"has_embed":false}},"raw_video_thumbnail_url":"/missing/missing.png","raw_video_title":"“34.6716019,135.4612272\n\nhttps://t.co/B2Ecgre9Qg https://t.co/qJT3j3UuKB”","video_block_banned":false,"duration":9.6,"promo_winner":false,"promo_winner_recoubers":null,"editorial_info":{},"promo_hint":null,"beeline_best_2014":null,"from_web_editor":true,"normalize_sound":true,"normalize_change_allowed":true,"best2015_addable":false,"ahmad_promo":null,"promo_data":null,"audio_copyright_claim":null,"ads_disabled":false,"is_safe_for_ads":true,"megafon_contents":[],"position_on_page":1},{"flag":null,"abuses":null,"recoubs_by_users_channels":null,"favourite":false,"promoted_id":null,"recoub":null,"like":null,"dislike":null,"reaction":null,"in_my_best2015":false,"id":151789975,"type":"Coub::Simple","permalink":"2i0wn1","title":"Town","visibility_type":"public","original_visibility_type":"public","channel_id":4565969,"created_at":"2020-08-15T08:54:35Z","updated_at":"2022-03-17T18:45:27Z","is_done":true,"views_count":79901,"cotd":null,"cotd_at":null,"visible_on_explore_root":false,"visible_on_explore":false,"featured":false,"published":true,"published_at":"2020-08-15T08:54:35Z","reversed":false,"from_editor_v2":true,"is_editable":true,"original_sound":false,"has_sound":false,"recoub_to":null,"file_versions":{"html5":{"video":{"higher":{"url":"https://coub-anubis-a.akamaized.net/coub_storage/coub/simple/cw_file/93306717317/e83b9e101f3ce3c8f204b/muted_mp4_huge_size_1597481686_muted_huge.mp4","size":1956773},"high":{"url":"https://coub-anubis-a.akamaized.net/coub_storage/coub/simple/cw_file/93306717317/e83b9e101f3ce3c8f204b/muted_mp4_big_size_1597481686_muted_big.mp4","size":1780548},"med":{"url":"https://coub-anubis-a.akamaized.net/coub_storage/coub/simple/cw_file/93306717317/e83b9e101f3ce3c8f204b/muted_mp4_med_size_1597481686_muted_med.mp4","size":261670}},"audio":{"high":{"url":"https://coub-anubis-a.akamaized.net/coub_storage/coub/simple/cw_looped_audio_high/5b53599da7e/fb7f852377b5ef86da92f/1607331564_high_1597481721_high.mp3","size":3078611},"med":{"url":"https://coub-anubis-a.akamaized.net/coub_storage/coub/simple/cw_looped_audio_med/6c8d67cf1f1/3884baf7a25a0a5fc9b06/1607331563_med_1597481721_med.mp3","size":2235120}}},"mobile":{"video":"https://coub-anubis-a.akamaized.net/coub_storage/coub/simple/cw_file/93306717317/e83b9e101f3ce3c8f204b/muted_mp4_med_size_1597481686_muted_med.mp4","audio":["https://coub-anubis-a.akamaized.net/coub_storage/coub/simple/cw_looped_audio_med/6c8d67cf1f1/3884baf7a25a0a5fc9b06/1607331563_med_1597481721_med.mp3"]},"share":{"default":"https://coub-anubis-a.akamaized.net/coub_storage/coub/simple/cw_video_for_sharing/5b2531ab92a/06ca667c3d6bd0b283f74/1609331670_looped_1609331670.mp4"}},"audio_versions":{"template":"https://coub-anubis-a.akamaized.net/coub_storage/audio_track/cw_normalized_copy/a5e85622ad3/2d2c5cf77b138027bd53e/mid_1597481707_normalized_1597481690_1f24gxl_edited.mp3","versions":["mid","low"]},"image_versions":{"template":"https://coub-anubis-a.akamaized.net/coub_storage/coub/simple/cw_image/ebc7dea7775/de882ca456608006c316a/1597481732_00032.jpg","versions":["micro","tiny","age_restricted","ios_large","ios_mosaic","big","med","small","pinterest"]},"first_frame_versions":{"template":"https://coub-anubis-a.akamaized.net/coub_storage/coub/simple/cw_timeline_pic/f286c624018/497889bf06beffec1db4f/%{version}_1597481732_image.jpg","versions":["big","med","small","ios_large"]},"dimensions":{"big":[1280,652],"med":[640,326]},"site_w_h":[640,326],"page_w_h":[640,326],"site_w_h_small":[310,158],"size":[1280,652],"age_restricted":false,"age_restricted_by_admin":false,"not_safe_for_work":false,"allow_reuse":false,"dont_crop":false,"banned":false,"global_safe":null,"audio_file_url":"https://coub-anubis-a.akamaized.net/coub_storage/audio_track/cw_normalized_copy/a5e85622ad3/2d2c5cf77b138027bd53e/low_1597481707_normalized_1597481690_1f24gxl_edited.mp3","external_download":false,"application":null,"channel":{"id":4565969,"permalink":"vazeline-online","title":"Vazeline Online ᵐʸᵗʰ","description":"За каждый лайк вы получаете +20 к сексуальности, но это временно, поэтому рекомендую обновлять процесс увеличения своим нажатием на сердечко","followers_count":1106,"following_count":1413,"avatar_versions":{"template":"https://coub-anubis-a.akamaized.net/coub_storage/channel/cw_avatar/42282210780/0a44e1a7995c61fd5acab/%{version}_1617464096_H-RGxoWQtpo.jpg","versions":["medium","medium_2x","profile_pic","profile_pic_new","profile_pic_new_2x","tiny","tiny_2x","small","small_2x","ios_large","ios_small"]}},"file":null,"picture":"https://coub-anubis-a.akamaized.net/coub_storage/coub/simple/cw_image/ebc7dea7775/de882ca456608006c316a/1597481732_00032.jpg","timeline_picture":"https://coub-anubis-a.akamaized.net/coub_storage/coub/simple/cw_timeline_pic/f286c624018/497889bf06beffec1db4f/ios_large_1597481732_image.jpg","small_picture":"https://coub-anubis-a.akamaized.net/coub_storage/coub/simple/cw_image/ebc7dea7775/de882ca456608006c316a/1597481732_00032.jpg","sharing_picture":null,"percent_done":100,"tags":[],"categories":[{"id":2,"title":"Art & Design","permalink":"art","subscriptions_count":10092089,"big_image_url":"https://coub-anubis-a.akamaized.net/coub_storage/category/cw_image/bc49636b5e9/9d819c4215f13ccf07a7b/big_1544749302_art2.png","small_image_url":"https://coub-anubis-a.akamaized.net/coub_storage/category/cw_image/bc49636b5e9/9d819c4215f13ccf07a7b/small_1544749302_art2.png","med_image_url":"https://coub-anubis-a.akamaized.net/coub_storage/category/cw_image/bc49636b5e9/9d819c4215f13ccf07a7b/med_1544749302_art2.png","visible":true}],"communities":[{"id":2,"title":"Art & Design","permalink":"art","subscriptions_count":10092089,"big_image_url":"https://coub-anubis-a.akamaized.net/coub_storage/category/cw_image/bc49636b5e9/9d819c4215f13ccf07a7b/big_1544749302_art2.png","small_image_url":"https://coub-anubis-a.akamaized.net/coub_storage/category/cw_image/bc49636b5e9/9d819c4215f13ccf07a7b/small_1544749302_art2.png","med_image_url":"https://coub-anubis-a.akamaized.net/coub_storage/category/cw_image/bc49636b5e9/9d819c4215f13ccf07a7b/med_1544749302_art2.png","i_subscribed":true,"community_notifications_enabled":null,"description":null}],"recoubs_count":181,"remixes_count":0,"likes_count":830,"dislikes_count":0,"raw_video_id":15568075,"uploaded_by_ios_app":false,"uploaded_by_android_app":false,"media_blocks":{"uploaded_raw_videos":[],"external_raw_videos":[],"remixed_from_coubs":[]},"raw_video_thumbnail_url":"/missing/missing.png","raw_video_title":"mylivewallpapers.com-Viking-War-Of-Clans.mp4","video_block_banned":false,"duration":10.0,"promo_winner":false,"promo_winner_recoubers":null,"editorial_info":{},"promo_hint":null,"beeline_best_2014":null,"from_web_editor":true,"normalize_sound":true,"normalize_change_allowed":true,"best2015_addable":false,"ahmad_promo":null,"promo_data":null,"audio_copyright_claim":null,"ads_disabled":false,"is_safe_for_ads":true,"megafon_contents":[],"position_on_page":2},{"flag":null,"abuses":null,"recoubs_by_users_channels":null,"favourite":false,"promoted_id":null,"recoub":null,"like":null,"dislike":null,"reaction":null,"in_my_best2015":false,"id":101383751,"type":"Coub::Simple","permalink":"1nydh5","title":"The Future is Now","visibility_type":"public","original_visibility_type":"public","channel_id":4678638,"created_at":"2019-02-10T11:12:19Z","updated_at":"2022-03-17T22:02:12Z","is_done":true,"views_count":73641,"cotd":null,"cotd_at":null,"visible_on_explore_root":false,"visible_on_explore":false,"featured":false,"published":true,"published_at":"2019-02-10T11:12:19Z","reversed":false,"from_editor_v2":true,"is_editable":true,"original_sound":false,"has_sound":false,"recoub_to":null,"file_versions":{"html5":{"video":{"higher":{"url":"https://coub-anubis-a.akamaized.net/coub_storage/coub/simple/cw_file/da3fc589ba3/9c4f2955f155b2e10e5fe/muted_mp4_huge_size_1572969768_muted_huge.mp4","size":4736407},"high":{"url":"https://coub-anubis-a.akamaized.net/coub_storage/coub/simple/cw_file/da3fc589ba3/9c4f2955f155b2e10e5fe/muted_mp4_big_size_1572969768_muted_big.mp4","size":3901605},"med":{"url":"https://coub-anubis-a.akamaized.net/coub_storage/coub/simple/cw_file/da3fc589ba3/9c4f2955f155b2e10e5fe/muted_mp4_med_size_1572969768_muted_med.mp4","size":948635}},"audio":{"high":{"url":"https://coub-anubis-a.akamaized.net/coub_storage/coub/simple/cw_looped_audio_high/1e788111503/7f4c24d935988917600f5/1605671725_high_1549816522_high.mp3","size":1225402},"med":{"url":"https://coub-anubis-a.akamaized.net/coub_storage/coub/simple/cw_looped_audio_med/4653d77e8d0/fa55bf3a7843a686047d7/1605671725_med_1549816522_med.mp3","size":918234}}},"mobile":{"video":"https://coub-anubis-a.akamaized.net/coub_storage/coub/simple/cw_file/da3fc589ba3/9c4f2955f155b2e10e5fe/muted_mp4_med_size_1572969768_muted_med.mp4","audio":["https://coub-anubis-a.akamaized.net/coub_storage/coub/simple/cw_looped_audio_med/4653d77e8d0/fa55bf3a7843a686047d7/1605671725_med_1549816522_med.mp3"]},"share":{"default":"https://coub-anubis-a.akamaized.net/coub_storage/coub/simple/cw_video_for_sharing/f6babb16d06/10448c2fdd4a796969a70/1635102248_looped_1635102248.mp4"}},"audio_versions":{"template":"https://coub-anubis-a.akamaized.net/coub_storage/audio_track/cw_normalized_copy/9ed9210208d/b0eb858ddf9a65e346f95/mid_1549816520_normalized_1549816518_1s5ehzw_edited.mp3","versions":["mid","low"]},"image_versions":{"template":"https://coub-anubis-a.akamaized.net/coub_storage/coub/simple/cw_image/38221e74561/ad75a30ccf23b84df6496/1549816534_00032.jpg","versions":["micro","tiny","age_restricted","ios_large","ios_mosaic","big","med","small","pinterest"]},"first_frame_versions":{"template":"https://coub-anubis-a.akamaized.net/coub_storage/coub/simple/cw_timeline_pic/edea719af57/74ad4216b1c62bce91867/%{version}_1549816532_image.jpg","versions":["big","med","small","ios_large"]},"dimensions":{"big":[1280,720],"med":[640,360]},"site_w_h":[640,360],"page_w_h":[640,360],"site_w_h_small":[310,174],"size":[1280,720],"age_restricted":false,"age_restricted_by_admin":false,"not_safe_for_work":false,"allow_reuse":false,"dont_crop":false,"banned":false,"global_safe":true,"audio_file_url":"https://coub-anubis-a.akamaized.net/coub_storage/audio_track/cw_normalized_copy/9ed9210208d/b0eb858ddf9a65e346f95/low_1549816520_normalized_1549816518_1s5ehzw_edited.mp3","external_download":{"type":"Vk","service_name":"Vk","url":"https://vk.com/videos344641158?z=video-38793584_456239022%2Fpl_344641158_-2","has_embed":false},"application":null,"channel":{"id":4678638,"permalink":"katekolt","title":"Bellus Daemos","description":null,"followers_count":199,"following_count":40,"avatar_versions":{"template":"https://coub-anubis-a.akamaized.net/coub_storage/channel/cw_avatar/26cbd688174/63ab7aa0fb630fb5fae7c/%{version}_1607665981_1evu8qi_1556644037_0l0UlLVgyqs.jpg","versions":["medium","medium_2x","profile_pic","profile_pic_new","profile_pic_new_2x","tiny","tiny_2x","small","small_2x","ios_large","ios_small"]}},"file":null,"picture":"https://coub-anubis-a.akamaized.net/coub_storage/coub/simple/cw_image/38221e74561/ad75a30ccf23b84df6496/1549816534_00032.jpg","timeline_picture":"https://coub-anubis-a.akamaized.net/coub_storage/coub/simple/cw_timeline_pic/edea719af57/74ad4216b1c62bce91867/ios_large_1549816532_image.jpg","small_picture":"https://coub-anubis-a.akamaized.net/coub_storage/coub/simple/cw_image/38221e74561/ad75a30ccf23b84df6496/1549816534_00032.jpg","sharing_picture":null,"percent_done":100,"tags":[{"id":4677544,"title":"hyper - gravity (original mix)","value":"hyper%20-%20gravity%20(original%20mix)"}],"categories":[{"id":2,"title":"Art & Design","permalink":"art","subscriptions_count":10092089,"big_image_url":"https://coub-anubis-a.akamaized.net/coub_storage/category/cw_image/bc49636b5e9/9d819c4215f13ccf07a7b/big_1544749302_art2.png","small_image_url":"https://coub-anubis-a.akamaized.net/coub_storage/category/cw_image/bc49636b5e9/9d819c4215f13ccf07a7b/small_1544749302_art2.png","med_image_url":"https://coub-anubis-a.akamaized.net/coub_storage/category/cw_image/bc49636b5e9/9d819c4215f13ccf07a7b/med_1544749302_art2.png","visible":true}],"communities":[{"id":2,"title":"Art & Design","permalink":"art","subscriptions_count":10092089,"big_image_url":"https://coub-anubis-a.akamaized.net/coub_storage/category/cw_image/bc49636b5e9/9d819c4215f13ccf07a7b/big_1544749302_art2.png","small_image_url":"https://coub-anubis-a.akamaized.net/coub_storage/category/cw_image/bc49636b5e9/9d819c4215f13ccf07a7b/small_1544749302_art2.png","med_image_url":"https://coub-anubis-a.akamaized.net/coub_storage/category/cw_image/bc49636b5e9/9d819c4215f13ccf07a7b/med_1544749302_art2.png","i_subscribed":true,"community_notifications_enabled":null,"description":null}],"recoubs_count":206,"remixes_count":4,"likes_count":830,"dislikes_count":0,"raw_video_id":13189952,"uploaded_by_ios_app":false,"uploaded_by_android_app":false,"media_blocks":{"uploaded_raw_videos":[],"external_raw_videos":[{"id":30418519,"title":"The Future is Now","url":"https://vk.com/video-38793584_456239022","image":"https://coub-anubis-a.akamaized.net/coub_storage/media_block/cw_image/e9acd503d26/c7ec1693c2805ad2b4d6b/1549746760_15tku84_1549746739_1ra19rk_att-url-download.jpg","image_retina":"https://coub-anubis-a.akamaized.net/coub_storage/media_block/cw_image/e9acd503d26/c7ec1693c2805ad2b4d6b/1549746760_15tku84_1549746739_1ra19rk_att-url-download.jpg","meta":{"service":"Vk","duration":"115.04"},"duration":115.04,"raw_video_id":13189952,"has_embed":false}],"remixed_from_coubs":[],"external_video":{"id":30418519,"title":"The Future is Now","url":"https://vk.com/video-38793584_456239022","image":"https://coub-anubis-a.akamaized.net/coub_storage/media_block/cw_image/e9acd503d26/c7ec1693c2805ad2b4d6b/1549746760_15tku84_1549746739_1ra19rk_att-url-download.jpg","image_retina":"https://coub-anubis-a.akamaized.net/coub_storage/media_block/cw_image/e9acd503d26/c7ec1693c2805ad2b4d6b/1549746760_15tku84_1549746739_1ra19rk_att-url-download.jpg","meta":{"service":"Vk","duration":"115.04"},"duration":115.04,"raw_video_id":13189952,"has_embed":false}},"raw_video_thumbnail_url":"/missing/missing.png","raw_video_title":"The Future is Now","video_block_banned":false,"duration":10.0,"promo_winner":false,"promo_winner_recoubers":null,"editorial_info":{},"promo_hint":null,"beeline_best_2014":null,"from_web_editor":true,"normalize_sound":true,"normalize_change_allowed":true,"best2015_addable":false,"ahmad_promo":null,"promo_data":null,"audio_copyright_claim":null,"ads_disabled":false,"is_safe_for_ads":true,"megafon_contents":[],"position_on_page":3},{"flag":null,"abuses":null,"recoubs_by_users_channels":null,"favourite":false,"promoted_id":null,"recoub":null,"like":null,"dislike":null,"reaction":null,"in_my_best2015":false,"id":80943606,"type":"Coub::Simple","permalink":"1bs9mi","title":"Tick-Tock","visibility_type":"public","original_visibility_type":"public","channel_id":3985278,"created_at":"2018-07-29T17:36:54Z","updated_at":"2022-03-17T18:53:19Z","is_done":true,"views_count":124877,"cotd":null,"cotd_at":null,"visible_on_explore_root":true,"visible_on_explore":true,"featured":true,"published":true,"published_at":"2018-07-29T17:36:54Z","reversed":true,"from_editor_v2":true,"is_editable":true,"original_sound":true,"has_sound":true,"recoub_to":null,"file_versions":{"html5":{"video":{"higher":{"url":"https://coub-anubis-a.akamaized.net/coub_storage/coub/simple/cw_file/19ffe808927/302f8b257850109055db6/muted_mp4_huge_size_1568263765_muted_huge.mp4","size":3677323},"high":{"url":"https://coub-anubis-a.akamaized.net/coub_storage/coub/simple/cw_file/19ffe808927/302f8b257850109055db6/muted_mp4_big_size_1568263765_muted_big.mp4","size":4226027},"med":{"url":"https://coub-anubis-a.akamaized.net/coub_storage/coub/simple/cw_file/19ffe808927/302f8b257850109055db6/muted_mp4_med_size_1568263765_muted_med.mp4","size":1266108}},"audio":{"high":{"url":"https://coub-anubis-a.akamaized.net/coub_storage/coub/simple/cw_looped_audio_high/fac51333bc5/ba0b3ca7ca3568570eb66/1605617495_high_1532885877_high.mp3","size":815998},"med":{"url":"https://coub-anubis-a.akamaized.net/coub_storage/coub/simple/cw_looped_audio_med/de03d7cf52b/05302de232b725bf5777a/1605617494_med_1532885877_med.mp3","size":639365},"sample_duration":20.015}},"mobile":{"video":"https://coub-anubis-a.akamaized.net/coub_storage/coub/simple/cw_file/19ffe808927/302f8b257850109055db6/muted_mp4_med_size_1568263765_muted_med.mp4","audio":["https://coub-anubis-a.akamaized.net/coub_storage/coub/simple/cw_looped_audio_med/de03d7cf52b/05302de232b725bf5777a/1605617494_med_1532885877_med.mp3"]},"share":{"default":null}},"audio_versions":{},"image_versions":{"template":"https://coub-anubis-a.akamaized.net/coub_storage/coub/simple/cw_image/57bbe4c7854/2d636ba7330d516c05d16/1532885888_00063.jpg","versions":["micro","tiny","age_restricted","ios_large","ios_mosaic","big","med","small","pinterest"]},"first_frame_versions":{"template":"https://coub-anubis-a.akamaized.net/coub_storage/coub/simple/cw_timeline_pic/a4a917d2939/c4dea82512e1f4b7c8ca2/1532885887_image.jpg","versions":["big","med","small","ios_large"]},"dimensions":{"big":[1280,720],"med":[640,360]},"site_w_h":[640,360],"page_w_h":[640,360],"site_w_h_small":[310,174],"size":[1280,720],"age_restricted":false,"age_restricted_by_admin":false,"not_safe_for_work":false,"allow_reuse":false,"dont_crop":false,"banned":false,"global_safe":true,"audio_file_url":null,"external_download":{"type":"Youtube","service_name":"YouTube","url":"http://www.youtube.com/watch?v=l9o33uBi40U","has_embed":true},"application":null,"channel":{"id":3985278,"permalink":"v.i.r.u.s","title":"V.I.R.U.S.","description":null,"followers_count":82,"following_count":15,"avatar_versions":{"template":"https://coub-anubis-a.akamaized.net/coub_storage/channel/cw_avatar/383f941cb33/30eaf99045e5aca1a6cab/%{version}_1610218883_filename.jpeg","versions":["medium","medium_2x","profile_pic","profile_pic_new","profile_pic_new_2x","tiny","tiny_2x","small","small_2x","ios_large","ios_small"]}},"file":null,"picture":"https://coub-anubis-a.akamaized.net/coub_storage/coub/simple/cw_image/57bbe4c7854/2d636ba7330d516c05d16/1532885888_00063.jpg","timeline_picture":"https://coub-anubis-a.akamaized.net/coub_storage/coub/simple/cw_timeline_pic/a4a917d2939/c4dea82512e1f4b7c8ca2/1532885887_image.jpg","small_picture":"https://coub-anubis-a.akamaized.net/coub_storage/coub/simple/cw_image/57bbe4c7854/2d636ba7330d516c05d16/1532885888_00063.jpg","sharing_picture":null,"percent_done":100,"tags":[{"id":2031,"title":"science","value":"science"},{"id":1126,"title":"amazing","value":"amazing"},{"id":1947795,"title":"physicsfun","value":"physicsfun"},{"id":34322,"title":"optical","value":"optical"},{"id":90253,"title":"illusions","value":"illusions"},{"id":55405,"title":"kinetic","value":"kinetic"},{"id":3072,"title":"art","value":"art"},{"id":5397,"title":"sand","value":"sand"},{"id":73620,"title":"ferrofluid","value":"ferrofluid"},{"id":376192,"title":"mindblowing","value":"mindblowing"},{"id":15814,"title":"experiment","value":"experiment"},{"id":161919,"title":"science experiments","value":"science%20experiments"}],"categories":[{"id":2,"title":"Art & Design","permalink":"art","subscriptions_count":10092089,"big_image_url":"https://coub-anubis-a.akamaized.net/coub_storage/category/cw_image/bc49636b5e9/9d819c4215f13ccf07a7b/big_1544749302_art2.png","small_image_url":"https://coub-anubis-a.akamaized.net/coub_storage/category/cw_image/bc49636b5e9/9d819c4215f13ccf07a7b/small_1544749302_art2.png","med_image_url":"https://coub-anubis-a.akamaized.net/coub_storage/category/cw_image/bc49636b5e9/9d819c4215f13ccf07a7b/med_1544749302_art2.png","visible":true}],"communities":[{"id":2,"title":"Art & Design","permalink":"art","subscriptions_count":10092089,"big_image_url":"https://coub-anubis-a.akamaized.net/coub_storage/category/cw_image/bc49636b5e9/9d819c4215f13ccf07a7b/big_1544749302_art2.png","small_image_url":"https://coub-anubis-a.akamaized.net/coub_storage/category/cw_image/bc49636b5e9/9d819c4215f13ccf07a7b/small_1544749302_art2.png","med_image_url":"https://coub-anubis-a.akamaized.net/coub_storage/category/cw_image/bc49636b5e9/9d819c4215f13ccf07a7b/med_1544749302_art2.png","i_subscribed":true,"community_notifications_enabled":null,"description":null}],"recoubs_count":181,"remixes_count":0,"likes_count":830,"dislikes_count":0,"raw_video_id":12101877,"uploaded_by_ios_app":false,"uploaded_by_android_app":false,"media_blocks":{"uploaded_raw_videos":[],"external_raw_videos":[{"id":27459263,"title":"Amazing Science Toys/Gadgets 2","url":"https://www.youtube.com/watch?v=l9o33uBi40U","image":"https://coub-anubis-a.akamaized.net/coub_storage/media_block/cw_image/1f794cfb0cf/0cbecf69452ac5b1d7d41/1532623832_1532623732_9qtqjx_att-url-download.jpg","image_retina":"https://coub-anubis-a.akamaized.net/coub_storage/media_block/cw_image/1f794cfb0cf/0cbecf69452ac5b1d7d41/1532623832_1532623732_9qtqjx_att-url-download.jpg","meta":{"service":"Youtube","duration":"614.0"},"duration":614.0,"raw_video_id":12101877,"has_embed":true}],"remixed_from_coubs":[],"external_video":{"id":27459263,"title":"Amazing Science Toys/Gadgets 2","url":"https://www.youtube.com/watch?v=l9o33uBi40U","image":"https://coub-anubis-a.akamaized.net/coub_storage/media_block/cw_image/1f794cfb0cf/0cbecf69452ac5b1d7d41/1532623832_1532623732_9qtqjx_att-url-download.jpg","image_retina":"https://coub-anubis-a.akamaized.net/coub_storage/media_block/cw_image/1f794cfb0cf/0cbecf69452ac5b1d7d41/1532623832_1532623732_9qtqjx_att-url-download.jpg","meta":{"service":"Youtube","duration":"614.0"},"duration":614.0,"raw_video_id":12101877,"has_embed":true}},"raw_video_thumbnail_url":"/missing/missing.png","raw_video_title":"Amazing Science Toys/Gadgets 2","video_block_banned":false,"duration":20.0,"promo_winner":false,"promo_winner_recoubers":null,"editorial_info":{},"promo_hint":null,"beeline_best_2014":null,"from_web_editor":true,"normalize_sound":true,"normalize_change_allowed":true,"best2015_addable":false,"ahmad_promo":null,"promo_data":null,"audio_copyright_claim":null,"ads_disabled":false,"is_safe_for_ads":true,"megafon_contents":[],"position_on_page":4},{"flag":null,"abuses":null,"recoubs_by_users_channels":null,"favourite":false,"promoted_id":null,"recoub":null,"like":null,"dislike":null,"reaction":null,"in_my_best2015":false,"id":72428373,"type":"Coub::Simple","permalink":"16p40z","title":"Nightlife Vibes","visibility_type":"public","original_visibility_type":"public","channel_id":4186000,"created_at":"2018-04-20T17:06:16Z","updated_at":"2022-03-05T17:25:48Z","is_done":true,"views_count":52102,"cotd":null,"cotd_at":null,"visible_on_explore_root":false,"visible_on_explore":false,"featured":false,"published":true,"published_at":"2018-04-20T17:06:16Z","reversed":false,"from_editor_v2":true,"is_editable":true,"original_sound":false,"has_sound":false,"recoub_to":null,"file_versions":{"html5":{"video":{"higher":{"url":"https://coub-anubis-a.akamaized.net/coub_storage/coub/simple/cw_file/5013782e875/457bd2b3a32552494fba3/muted_mp4_huge_size_1578171649_muted_huge.mp4","size":382537},"high":{"url":"https://coub-anubis-a.akamaized.net/coub_storage/coub/simple/cw_file/5013782e875/457bd2b3a32552494fba3/muted_mp4_big_size_1578171649_muted_big.mp4","size":250334},"med":{"url":"https://coub-anubis-a.akamaized.net/coub_storage/coub/simple/cw_file/5013782e875/457bd2b3a32552494fba3/muted_mp4_med_size_1578171649_muted_med.mp4","size":104341}},"audio":{"high":{"url":"https://coub-anubis-a.akamaized.net/coub_storage/coub/simple/cw_looped_audio_high/db51ab334a2/dc1ff754dbe6efca1b11c/1605648011_high_1524244029_high.mp3","size":4549988},"med":{"url":"https://coub-anubis-a.akamaized.net/coub_storage/coub/simple/cw_looped_audio_med/46c8af7c565/7b3c7ce602e17209010ed/1605648010_med_1524244029_med.mp3","size":3400113}}},"mobile":{"video":"https://coub-anubis-a.akamaized.net/coub_storage/coub/simple/cw_file/5013782e875/457bd2b3a32552494fba3/muted_mp4_med_size_1578171649_muted_med.mp4","audio":["https://coub-anubis-a.akamaized.net/coub_storage/coub/simple/cw_looped_audio_med/46c8af7c565/7b3c7ce602e17209010ed/1605648010_med_1524244029_med.mp3"]},"share":{"default":"https://coub-anubis-a.akamaized.net/coub_storage/coub/simple/cw_video_for_sharing/8509010bd3f/45bb54909606a12019898/1610075603_looped_1610075602.mp4"}},"audio_versions":{"template":"https://coub-anubis-a.akamaized.net/coub_storage/audio_track/cw_normalized_copy/d18bf3d6163/c86de369a0186fb0e4621/mid_1524244009_yofzru_normalized_1524243988_15of65h_edited.mp3","versions":["mid","low"]},"image_versions":{"template":"https://coub-anubis-a.akamaized.net/coub_storage/coub/simple/cw_image/034afd1fd34/3addf51a8a9d63110dfa6/1524244043_00019.jpg","versions":["micro","tiny","age_restricted","ios_large","ios_mosaic","big","med","small","pinterest"]},"first_frame_versions":{"template":"https://coub-anubis-a.akamaized.net/coub_storage/coub/simple/cw_timeline_pic/1495f18407d/e20f14ee8023fc637d49c/%{version}_1524244043_image.jpg","versions":["big","med","small","ios_large"]},"dimensions":{"big":[1280,908],"med":[640,454]},"site_w_h":[640,454],"page_w_h":[640,454],"site_w_h_small":[310,220],"size":[1280,908],"age_restricted":false,"age_restricted_by_admin":false,"not_safe_for_work":false,"allow_reuse":false,"dont_crop":false,"banned":false,"global_safe":true,"audio_file_url":"https://coub-anubis-a.akamaized.net/coub_storage/audio_track/cw_normalized_copy/d18bf3d6163/c86de369a0186fb0e4621/low_1524244009_yofzru_normalized_1524243988_15of65h_edited.mp3","external_download":false,"application":null,"channel":{"id":4186000,"permalink":"mel10920","title":"Mel","description":null,"followers_count":11,"following_count":11,"avatar_versions":{"template":"https://coub-anubis-a.akamaized.net/coub_storage/channel/cw_avatar/305608ad531/04a47a2ab1bb04e010aa1/%{version}_1607905500_p9vp0_1524241627_filename.jpeg","versions":["medium","medium_2x","profile_pic","profile_pic_new","profile_pic_new_2x","tiny","tiny_2x","small","small_2x","ios_large","ios_small"]}},"file":null,"picture":"https://coub-anubis-a.akamaized.net/coub_storage/coub/simple/cw_image/034afd1fd34/3addf51a8a9d63110dfa6/1524244043_00019.jpg","timeline_picture":"https://coub-anubis-a.akamaized.net/coub_storage/coub/simple/cw_timeline_pic/1495f18407d/e20f14ee8023fc637d49c/ios_large_1524244043_image.jpg","small_picture":"https://coub-anubis-a.akamaized.net/coub_storage/coub/simple/cw_image/034afd1fd34/3addf51a8a9d63110dfa6/1524244043_00019.jpg","sharing_picture":null,"percent_done":100,"tags":[],"categories":[{"id":2,"title":"Art & Design","permalink":"art","subscriptions_count":10092089,"big_image_url":"https://coub-anubis-a.akamaized.net/coub_storage/category/cw_image/bc49636b5e9/9d819c4215f13ccf07a7b/big_1544749302_art2.png","small_image_url":"https://coub-anubis-a.akamaized.net/coub_storage/category/cw_image/bc49636b5e9/9d819c4215f13ccf07a7b/small_1544749302_art2.png","med_image_url":"https://coub-anubis-a.akamaized.net/coub_storage/category/cw_image/bc49636b5e9/9d819c4215f13ccf07a7b/med_1544749302_art2.png","visible":true}],"communities":[{"id":2,"title":"Art & Design","permalink":"art","subscriptions_count":10092089,"big_image_url":"https://coub-anubis-a.akamaized.net/coub_storage/category/cw_image/bc49636b5e9/9d819c4215f13ccf07a7b/big_1544749302_art2.png","small_image_url":"https://coub-anubis-a.akamaized.net/coub_storage/category/cw_image/bc49636b5e9/9d819c4215f13ccf07a7b/small_1544749302_art2.png","med_image_url":"https://coub-anubis-a.akamaized.net/coub_storage/category/cw_image/bc49636b5e9/9d819c4215f13ccf07a7b/med_1544749302_art2.png","i_subscribed":true,"community_notifications_enabled":null,"description":null}],"recoubs_count":134,"remixes_count":1,"likes_count":830,"dislikes_count":0,"raw_video_id":11554154,"uploaded_by_ios_app":true,"uploaded_by_android_app":false,"media_blocks":{"uploaded_raw_videos":[],"external_raw_videos":[],"remixed_from_coubs":[]},"raw_video_thumbnail_url":"/missing/missing.png","raw_video_title":"filename.mp4","video_block_banned":false,"duration":6.04,"promo_winner":false,"promo_winner_recoubers":null,"editorial_info":{},"promo_hint":null,"beeline_best_2014":null,"from_web_editor":false,"normalize_sound":true,"normalize_change_allowed":true,"best2015_addable":false,"ahmad_promo":null,"promo_data":null,"audio_copyright_claim":null,"ads_disabled":false,"is_safe_for_ads":true,"megafon_contents":[],"position_on_page":5},{"flag":null,"abuses":null,"recoubs_by_users_channels":null,"favourite":false,"promoted_id":null,"recoub":null,"like":null,"dislike":null,"reaction":null,"in_my_best2015":false,"id":116699576,"type":"Coub::Simple","permalink":"1x2nbp","title":"Last Stop (Lo Fi Beat and Animated Loop)","visibility_type":"public","original_visibility_type":"public","channel_id":5147604,"created_at":"2019-06-30T23:47:53Z","updated_at":"2022-03-16T18:28:46Z","is_done":true,"views_count":85500,"cotd":null,"cotd_at":null,"visible_on_explore_root":true,"visible_on_explore":true,"featured":true,"published":true,"published_at":"2019-06-30T23:47:53Z","reversed":false,"from_editor_v2":true,"is_editable":true,"original_sound":false,"has_sound":false,"recoub_to":null,"file_versions":{"html5":{"video":{"higher":{"url":"https://coub-anubis-a.akamaized.net/coub_storage/coub/simple/cw_file/bc375345950/c88e159061748570d7961/muted_mp4_huge_size_1572251091_muted_huge.mp4","size":1133758},"high":{"url":"https://coub-anubis-a.akamaized.net/coub_storage/coub/simple/cw_file/bc375345950/c88e159061748570d7961/muted_mp4_big_size_1572251091_muted_big.mp4","size":937263},"med":{"url":"https://coub-anubis-a.akamaized.net/coub_storage/coub/simple/cw_file/bc375345950/c88e159061748570d7961/muted_mp4_med_size_1572251091_muted_med.mp4","size":226594}},"audio":{"high":{"url":"https://coub-anubis-a.akamaized.net/coub_storage/coub/simple/cw_looped_audio_high/cf49b587346/aae933b3c008a0d80477d/1605654239_high_1561938537_high.mp3","size":4080425},"med":{"url":"https://coub-anubis-a.akamaized.net/coub_storage/coub/simple/cw_looped_audio_med/22277b86d52/6dd4556729c9a424c4ca5/1605654239_med_1561938537_med.mp3","size":3035196}}},"mobile":{"video":"https://coub-anubis-a.akamaized.net/coub_storage/coub/simple/cw_file/bc375345950/c88e159061748570d7961/muted_mp4_med_size_1572251091_muted_med.mp4","audio":["https://coub-anubis-a.akamaized.net/coub_storage/coub/simple/cw_looped_audio_med/22277b86d52/6dd4556729c9a424c4ca5/1605654239_med_1561938537_med.mp3"]},"share":{"default":"https://coub-anubis-a.akamaized.net/coub_storage/coub/simple/cw_video_for_sharing/17cddfbf5b8/0cb8209dfcd935be13080/1615311241_looped_1615311241.mp4"}},"audio_versions":{"template":"https://coub-anubis-a.akamaized.net/coub_storage/audio_track/cw_normalized_copy/ce30a87f019/731ccd6185f6445295844/mid_1561938524_normalized_1561938254_audio.mp3","versions":["mid","low"]},"image_versions":{"template":"https://coub-anubis-a.akamaized.net/coub_storage/coub/simple/cw_image/c26b7178452/b1215374eb931eb990a97/1561938550_00032.jpg","versions":["micro","tiny","age_restricted","ios_large","ios_mosaic","big","med","small","pinterest"]},"first_frame_versions":{"template":"https://coub-anubis-a.akamaized.net/coub_storage/coub/simple/cw_timeline_pic/e7e079cd1f4/508a37c1893d3b277799b/%{version}_1561938549_image.jpg","versions":["big","med","small","ios_large"]},"dimensions":{"big":[1280,720],"med":[640,360]},"site_w_h":[640,360],"page_w_h":[640,360],"site_w_h_small":[310,174],"size":[1280,720],"age_restricted":false,"age_restricted_by_admin":false,"not_safe_for_work":false,"allow_reuse":false,"dont_crop":false,"banned":false,"global_safe":true,"audio_file_url":"https://coub-anubis-a.akamaized.net/coub_storage/audio_track/cw_normalized_copy/ce30a87f019/731ccd6185f6445295844/low_1561938524_normalized_1561938254_audio.mp3","external_download":{"type":"Youtube","service_name":"YouTube","url":"https://www.youtube.com/watch?v=CeQIGnNH4Fk","has_embed":true},"application":null,"channel":{"id":5147604,"permalink":"logastips","title":"logastips","description":"hello, my name is logas and I like the pizza and videogame","followers_count":27,"following_count":20,"avatar_versions":{"template":"https://coub-anubis-a.akamaized.net/coub_storage/channel/cw_avatar/b0718b79b36/a84e44408e2d164dbd274/%{version}_1607863980_2cipch_1566537387_tumblr_pvumthmKMw1ynfdugo1_540.jpg","versions":["medium","medium_2x","profile_pic","profile_pic_new","profile_pic_new_2x","tiny","tiny_2x","small","small_2x","ios_large","ios_small"]}},"file":null,"picture":"https://coub-anubis-a.akamaized.net/coub_storage/coub/simple/cw_image/c26b7178452/b1215374eb931eb990a97/1561938550_00032.jpg","timeline_picture":"https://coub-anubis-a.akamaized.net/coub_storage/coub/simple/cw_timeline_pic/e7e079cd1f4/508a37c1893d3b277799b/ios_large_1561938549_image.jpg","small_picture":"https://coub-anubis-a.akamaized.net/coub_storage/coub/simple/cw_image/c26b7178452/b1215374eb931eb990a97/1561938550_00032.jpg","sharing_picture":null,"percent_done":100,"tags":[{"id":1124,"title":"train","value":"train"},{"id":1774,"title":"subway","value":"subway"},{"id":119894,"title":"lrt","value":"lrt"},{"id":31278,"title":"sleepy","value":"sleepy"},{"id":4111,"title":"chill","value":"chill"},{"id":208,"title":"cartoon","value":"cartoon"},{"id":424,"title":"animation","value":"animation"},{"id":179753,"title":"redminus","value":"redminus"},{"id":1465223,"title":"demon girl","value":"demon%20girl"}],"categories":[{"id":2,"title":"Art & Design","permalink":"art","subscriptions_count":10092089,"big_image_url":"https://coub-anubis-a.akamaized.net/coub_storage/category/cw_image/bc49636b5e9/9d819c4215f13ccf07a7b/big_1544749302_art2.png","small_image_url":"https://coub-anubis-a.akamaized.net/coub_storage/category/cw_image/bc49636b5e9/9d819c4215f13ccf07a7b/small_1544749302_art2.png","med_image_url":"https://coub-anubis-a.akamaized.net/coub_storage/category/cw_image/bc49636b5e9/9d819c4215f13ccf07a7b/med_1544749302_art2.png","visible":true}],"communities":[{"id":2,"title":"Art & Design","permalink":"art","subscriptions_count":10092089,"big_image_url":"https://coub-anubis-a.akamaized.net/coub_storage/category/cw_image/bc49636b5e9/9d819c4215f13ccf07a7b/big_1544749302_art2.png","small_image_url":"https://coub-anubis-a.akamaized.net/coub_storage/category/cw_image/bc49636b5e9/9d819c4215f13ccf07a7b/small_1544749302_art2.png","med_image_url":"https://coub-anubis-a.akamaized.net/coub_storage/category/cw_image/bc49636b5e9/9d819c4215f13ccf07a7b/med_1544749302_art2.png","i_subscribed":true,"community_notifications_enabled":null,"description":null}],"recoubs_count":165,"remixes_count":1,"likes_count":829,"dislikes_count":0,"raw_video_id":13918471,"uploaded_by_ios_app":false,"uploaded_by_android_app":false,"media_blocks":{"uploaded_raw_videos":[],"external_raw_videos":[{"id":32396382,"title":"Last Stop (Lo Fi Beat and Animated Loop)","url":"https://www.youtube.com/watch?v=CeQIGnNH4Fk","image":"https://coub-anubis-a.akamaized.net/coub_storage/media_block/cw_image/8eeb8af0fee/689c9f8dc51e75a38380e/1561938171_1futfml_1561938127_1lgpdnf_att-url-download.jpg","image_retina":"https://coub-anubis-a.akamaized.net/coub_storage/media_block/cw_image/8eeb8af0fee/689c9f8dc51e75a38380e/1561938171_1futfml_1561938127_1lgpdnf_att-url-download.jpg","meta":{"service":"Youtube","duration":"193.48"},"duration":193.48,"raw_video_id":13918471,"has_embed":true}],"remixed_from_coubs":[],"external_video":{"id":32396382,"title":"Last Stop (Lo Fi Beat and Animated Loop)","url":"https://www.youtube.com/watch?v=CeQIGnNH4Fk","image":"https://coub-anubis-a.akamaized.net/coub_storage/media_block/cw_image/8eeb8af0fee/689c9f8dc51e75a38380e/1561938171_1futfml_1561938127_1lgpdnf_att-url-download.jpg","image_retina":"https://coub-anubis-a.akamaized.net/coub_storage/media_block/cw_image/8eeb8af0fee/689c9f8dc51e75a38380e/1561938171_1futfml_1561938127_1lgpdnf_att-url-download.jpg","meta":{"service":"Youtube","duration":"193.48"},"duration":193.48,"raw_video_id":13918471,"has_embed":true}},"raw_video_thumbnail_url":"/missing/missing.png","raw_video_title":"Last Stop (Lo Fi Beat and Animated Loop)","video_block_banned":false,"duration":10.0,"promo_winner":false,"promo_winner_recoubers":null,"editorial_info":{},"promo_hint":null,"beeline_best_2014":null,"from_web_editor":true,"normalize_sound":true,"normalize_change_allowed":true,"best2015_addable":false,"ahmad_promo":null,"promo_data":null,"audio_copyright_claim":null,"ads_disabled":false,"is_safe_for_ads":true,"megafon_contents":[],"position_on_page":6},{"flag":null,"abuses":null,"recoubs_by_users_channels":null,"favourite":false,"promoted_id":null,"recoub":null,"like":null,"dislike":null,"reaction":null,"in_my_best2015":false,"id":105738788,"type":"Coub::Simple","permalink":"1qjpuz","title":"16-bit","visibility_type":"public","original_visibility_type":"public","channel_id":5088339,"created_at":"2019-03-17T19:18:11Z","updated_at":"2022-03-18T03:29:38Z","is_done":true,"views_count":88949,"cotd":null,"cotd_at":null,"visible_on_explore_root":false,"visible_on_explore":false,"featured":false,"published":true,"published_at":"2019-03-17T19:18:11Z","reversed":false,"from_editor_v2":true,"is_editable":true,"original_sound":false,"has_sound":false,"recoub_to":null,"file_versions":{"html5":{"video":{"higher":{"url":"https://coub-anubis-a.akamaized.net/coub_storage/coub/simple/cw_file/a5e013bb0e5/adee4b99ed255b11b336b/muted_mp4_huge_size_1578765355_muted_huge.mp4","size":632884},"high":{"url":"https://coub-anubis-a.akamaized.net/coub_storage/coub/simple/cw_file/a5e013bb0e5/adee4b99ed255b11b336b/muted_mp4_big_size_1578765355_muted_big.mp4","size":456248},"med":{"url":"https://coub-anubis-a.akamaized.net/coub_storage/coub/simple/cw_file/a5e013bb0e5/adee4b99ed255b11b336b/muted_mp4_med_size_1578765355_muted_med.mp4","size":173295}},"audio":{"high":{"url":"https://coub-anubis-a.akamaized.net/coub_storage/coub/simple/cw_looped_audio_high/0a7c9b4eef0/0cc0e6d96e4c798e36337/1605678376_high_1552850325_high.mp3","size":4241017},"med":{"url":"https://coub-anubis-a.akamaized.net/coub_storage/coub/simple/cw_looped_audio_med/037b5267688/bf031ddf667a2ae3f224f/1605678376_med_1552850325_med.mp3","size":3097564}}},"mobile":{"video":"https://coub-anubis-a.akamaized.net/coub_storage/coub/simple/cw_file/a5e013bb0e5/adee4b99ed255b11b336b/muted_mp4_med_size_1578765355_muted_med.mp4","audio":["https://coub-anubis-a.akamaized.net/coub_storage/coub/simple/cw_looped_audio_med/037b5267688/bf031ddf667a2ae3f224f/1605678376_med_1552850325_med.mp3"]},"share":{"default":"https://coub-anubis-a.akamaized.net/coub_storage/coub/simple/cw_video_for_sharing/e5eb0afbe9b/ed6d24e2998261502abd6/1608457504_looped_1608457503.mp4"}},"audio_versions":{"template":"https://coub-anubis-a.akamaized.net/coub_storage/audio_track/cw_normalized_copy/2fecea4128a/04487c60da61c25c20c2b/mid_1552850309_normalized_1552850172_audio.mp3","versions":["mid","low"]},"image_versions":{"template":"https://coub-anubis-a.akamaized.net/coub_storage/coub/simple/cw_image/3690e5e2289/152d1d48a813909b1ab47/1552850341_00015.jpg","versions":["micro","tiny","age_restricted","ios_large","ios_mosaic","big","med","small","pinterest"]},"first_frame_versions":{"template":"https://coub-anubis-a.akamaized.net/coub_storage/coub/simple/cw_timeline_pic/868ed47c775/aeb3d140effa500d074dc/%{version}_1552850341_image.jpg","versions":["big","med","small","ios_large"]},"dimensions":{"big":[1280,708],"med":[640,354]},"site_w_h":[640,354],"page_w_h":[640,354],"site_w_h_small":[310,171],"size":[1280,708],"age_restricted":false,"age_restricted_by_admin":false,"not_safe_for_work":false,"allow_reuse":false,"dont_crop":false,"banned":false,"global_safe":true,"audio_file_url":"https://coub-anubis-a.akamaized.net/coub_storage/audio_track/cw_normalized_copy/2fecea4128a/04487c60da61c25c20c2b/low_1552850309_normalized_1552850172_audio.mp3","external_download":false,"application":null,"channel":{"id":5088339,"permalink":"korobkin1","title":"ʍood","description":null,"followers_count":80,"following_count":14,"avatar_versions":{"template":"https://coub-anubis-a.akamaized.net/coub_storage/channel/cw_avatar/bdbd1769841/a715223498f10cca43c6c/%{version}_1607914896_1niezim_1596955602_cropped.jpeg","versions":["medium","medium_2x","profile_pic","profile_pic_new","profile_pic_new_2x","tiny","tiny_2x","small","small_2x","ios_large","ios_small"]}},"file":null,"picture":"https://coub-anubis-a.akamaized.net/coub_storage/coub/simple/cw_image/3690e5e2289/152d1d48a813909b1ab47/1552850341_00015.jpg","timeline_picture":"https://coub-anubis-a.akamaized.net/coub_storage/coub/simple/cw_timeline_pic/868ed47c775/aeb3d140effa500d074dc/ios_large_1552850341_image.jpg","small_picture":"https://coub-anubis-a.akamaized.net/coub_storage/coub/simple/cw_image/3690e5e2289/152d1d48a813909b1ab47/1552850341_00015.jpg","sharing_picture":null,"percent_done":100,"tags":[{"id":8300,"title":"bit","value":"bit"},{"id":6978,"title":"16bit","value":"16bit"}],"categories":[{"id":2,"title":"Art & Design","permalink":"art","subscriptions_count":10092089,"big_image_url":"https://coub-anubis-a.akamaized.net/coub_storage/category/cw_image/bc49636b5e9/9d819c4215f13ccf07a7b/big_1544749302_art2.png","small_image_url":"https://coub-anubis-a.akamaized.net/coub_storage/category/cw_image/bc49636b5e9/9d819c4215f13ccf07a7b/small_1544749302_art2.png","med_image_url":"https://coub-anubis-a.akamaized.net/coub_storage/category/cw_image/bc49636b5e9/9d819c4215f13ccf07a7b/med_1544749302_art2.png","visible":true}],"communities":[{"id":2,"title":"Art & Design","permalink":"art","subscriptions_count":10092089,"big_image_url":"https://coub-anubis-a.akamaized.net/coub_storage/category/cw_image/bc49636b5e9/9d819c4215f13ccf07a7b/big_1544749302_art2.png","small_image_url":"https://coub-anubis-a.akamaized.net/coub_storage/category/cw_image/bc49636b5e9/9d819c4215f13ccf07a7b/small_1544749302_art2.png","med_image_url":"https://coub-anubis-a.akamaized.net/coub_storage/category/cw_image/bc49636b5e9/9d819c4215f13ccf07a7b/med_1544749302_art2.png","i_subscribed":true,"community_notifications_enabled":null,"description":null}],"recoubs_count":99,"remixes_count":0,"likes_count":829,"dislikes_count":0,"raw_video_id":13392665,"uploaded_by_ios_app":false,"uploaded_by_android_app":false,"media_blocks":{"uploaded_raw_videos":[],"external_raw_videos":[],"remixed_from_coubs":[]},"raw_video_thumbnail_url":"/missing/missing.png","raw_video_title":"tumblr_oh9azniJVw1uqrdeoo1_1280.gif","video_block_banned":false,"duration":4.68,"promo_winner":false,"promo_winner_recoubers":null,"editorial_info":{},"promo_hint":null,"beeline_best_2014":null,"from_web_editor":true,"normalize_sound":true,"normalize_change_allowed":true,"best2015_addable":false,"ahmad_promo":null,"promo_data":null,"audio_copyright_claim":null,"ads_disabled":false,"is_safe_for_ads":true,"megafon_contents":[],"position_on_page":7},{"flag":null,"abuses":null,"recoubs_by_users_channels":null,"favourite":false,"promoted_id":null,"recoub":null,"like":null,"dislike":null,"reaction":null,"in_my_best2015":false,"id":56507759,"type":"Coub::Simple","permalink":"x70mt","title":"Like Me","visibility_type":"public","original_visibility_type":"public","channel_id":2402596,"created_at":"2017-08-29T02:23:00Z","updated_at":"2022-03-17T13:00:16Z","is_done":true,"views_count":49036,"cotd":null,"cotd_at":null,"visible_on_explore_root":true,"visible_on_explore":true,"featured":true,"published":true,"published_at":"2017-08-29T02:23:00Z","reversed":false,"from_editor_v2":true,"is_editable":true,"original_sound":false,"has_sound":false,"recoub_to":null,"file_versions":{"html5":{"video":{"higher":{"url":"https://coub-anubis-a.akamaized.net/coub_storage/coub/simple/cw_file/e3c1e8ed250/c69d4fb6566b888e51c0b/muted_mp4_huge_size_1568141628_muted_huge.mp4","size":3917183},"high":{"url":"https://coub-anubis-a.akamaized.net/coub_storage/coub/simple/cw_file/e3c1e8ed250/c69d4fb6566b888e51c0b/muted_mp4_big_size_1568141628_muted_big.mp4","size":2716737},"med":{"url":"https://coub-anubis-a.akamaized.net/coub_storage/coub/simple/cw_file/e3c1e8ed250/c69d4fb6566b888e51c0b/muted_mp4_med_size_1568141628_muted_med.mp4","size":780643}},"audio":{"high":{"url":"https://coub-anubis-a.akamaized.net/coub_storage/coub/simple/cw_looped_audio_high/1e44caf52a1/da268b6d377180e1ce444/1605565367_high_1503973446_high.mp3","size":4200396},"med":{"url":"https://coub-anubis-a.akamaized.net/coub_storage/coub/simple/cw_looped_audio_med/24f51a1ea06/dcdaedef71e27c77aab99/1605565363_med_1503973446_med.mp3","size":3407816}}},"mobile":{"video":"https://coub-anubis-a.akamaized.net/coub_storage/coub/simple/cw_file/e3c1e8ed250/c69d4fb6566b888e51c0b/muted_mp4_med_size_1568141628_muted_med.mp4","audio":["https://coub-anubis-a.akamaized.net/coub_storage/coub/simple/cw_looped_audio_med/24f51a1ea06/dcdaedef71e27c77aab99/1605565363_med_1503973446_med.mp3"]},"share":{"default":"https://coub-anubis-a.akamaized.net/coub_storage/coub/simple/cw_video_for_sharing/209dff2b45f/58614e37c720c933dce0f/1617530444_looped_1617530443.mp4"}},"audio_versions":{"template":"https://coub-anubis-a.akamaized.net/coub_storage/audio_track/cw_normalized_copy/a2957c87ac0/c260c38584f61e77d4ac0/mid_1503973429_fsx0gd_normalized_1503973410_fkp0i2_edited.mp3","versions":["mid","low"]},"image_versions":{"template":"https://coub-anubis-a.akamaized.net/coub_storage/coub/simple/cw_image/64f109656ed/49925a1dad24e298a6bf8/1503973464_00032.jpg","versions":["micro","tiny","age_restricted","ios_large","ios_mosaic","big","med","small","pinterest"]},"first_frame_versions":{"template":"https://coub-anubis-a.akamaized.net/coub_storage/coub/simple/cw_timeline_pic/cf51b8b50d9/b926d62137afa878f1225/%{version}_1503973463_image.jpg","versions":["big","med","small","ios_large"]},"dimensions":{"big":[1280,720],"med":[640,360]},"site_w_h":[640,360],"page_w_h":[640,360],"site_w_h_small":[310,174],"size":[1280,720],"age_restricted":false,"age_restricted_by_admin":false,"not_safe_for_work":false,"allow_reuse":false,"dont_crop":false,"banned":false,"global_safe":true,"audio_file_url":"https://coub-anubis-a.akamaized.net/coub_storage/audio_track/cw_normalized_copy/a2957c87ac0/c260c38584f61e77d4ac0/low_1503973429_fsx0gd_normalized_1503973410_fkp0i2_edited.mp3","external_download":false,"application":null,"channel":{"id":2402596,"permalink":"ov3rkast","title":"ov3rkast","description":null,"followers_count":963,"following_count":21,"avatar_versions":{"template":"https://coub-anubis-a.akamaized.net/coub_storage/channel/cw_avatar/8eccbfa6949/dfa0eda136e39c75d1dc7/%{version}_1607422180_1tffuuv_1511937024_vAihs3yNpj4.jpg","versions":["medium","medium_2x","profile_pic","profile_pic_new","profile_pic_new_2x","tiny","tiny_2x","small","small_2x","ios_large","ios_small"]}},"file":null,"picture":"https://coub-anubis-a.akamaized.net/coub_storage/coub/simple/cw_image/64f109656ed/49925a1dad24e298a6bf8/1503973464_00032.jpg","timeline_picture":"https://coub-anubis-a.akamaized.net/coub_storage/coub/simple/cw_timeline_pic/cf51b8b50d9/b926d62137afa878f1225/ios_large_1503973463_image.jpg","small_picture":"https://coub-anubis-a.akamaized.net/coub_storage/coub/simple/cw_image/64f109656ed/49925a1dad24e298a6bf8/1503973464_00032.jpg","sharing_picture":null,"percent_done":100,"tags":[{"id":3287253,"title":"s-x - like me (remix)","value":"s-x%20-%20like%20me%20(remix)"}],"categories":[{"id":2,"title":"Art & Design","permalink":"art","subscriptions_count":10092089,"big_image_url":"https://coub-anubis-a.akamaized.net/coub_storage/category/cw_image/bc49636b5e9/9d819c4215f13ccf07a7b/big_1544749302_art2.png","small_image_url":"https://coub-anubis-a.akamaized.net/coub_storage/category/cw_image/bc49636b5e9/9d819c4215f13ccf07a7b/small_1544749302_art2.png","med_image_url":"https://coub-anubis-a.akamaized.net/coub_storage/category/cw_image/bc49636b5e9/9d819c4215f13ccf07a7b/med_1544749302_art2.png","visible":true}],"communities":[{"id":2,"title":"Art & Design","permalink":"art","subscriptions_count":10092089,"big_image_url":"https://coub-anubis-a.akamaized.net/coub_storage/category/cw_image/bc49636b5e9/9d819c4215f13ccf07a7b/big_1544749302_art2.png","small_image_url":"https://coub-anubis-a.akamaized.net/coub_storage/category/cw_image/bc49636b5e9/9d819c4215f13ccf07a7b/small_1544749302_art2.png","med_image_url":"https://coub-anubis-a.akamaized.net/coub_storage/category/cw_image/bc49636b5e9/9d819c4215f13ccf07a7b/med_1544749302_art2.png","i_subscribed":true,"community_notifications_enabled":null,"description":null}],"recoubs_count":241,"remixes_count":3,"likes_count":829,"dislikes_count":0,"raw_video_id":10167967,"uploaded_by_ios_app":false,"uploaded_by_android_app":false,"media_blocks":{"uploaded_raw_videos":[],"external_raw_videos":[],"remixed_from_coubs":[]},"raw_video_thumbnail_url":"/missing/missing.png","raw_video_title":"FILMING_A_MODEL_WITH_THE_SONY_A6300___Enola_Gaye_Visual__2.mp4","video_block_banned":false,"duration":10.0,"promo_winner":false,"promo_winner_recoubers":null,"editorial_info":{},"promo_hint":null,"beeline_best_2014":null,"from_web_editor":true,"normalize_sound":true,"normalize_change_allowed":true,"best2015_addable":false,"ahmad_promo":null,"promo_data":null,"audio_copyright_claim":null,"ads_disabled":false,"is_safe_for_ads":true,"megafon_contents":[],"position_on_page":8},{"flag":null,"abuses":null,"recoubs_by_users_channels":null,"favourite":false,"promoted_id":null,"recoub":null,"like":null,"dislike":null,"reaction":null,"in_my_best2015":false,"id":7936872,"type":"Coub::Simple","permalink":"49yru","title":"Planets discovered this year","visibility_type":"public","original_visibility_type":"public","channel_id":1178729,"created_at":"2014-12-09T23:34:08Z","updated_at":"2022-03-18T01:13:50Z","is_done":true,"views_count":109726,"cotd":null,"cotd_at":null,"visible_on_explore_root":true,"visible_on_explore":true,"featured":true,"published":true,"published_at":"2014-12-09T23:34:08Z","reversed":false,"from_editor_v2":true,"is_editable":true,"original_sound":false,"has_sound":false,"recoub_to":null,"file_versions":{"html5":{"video":{"higher":{"url":"https://coub-anubis-a.akamaized.net/coub_storage/coub/simple/cw_file/25999e0aaef/b56bf47c10734dd53e80c/muted_mp4_huge_size_1567742459_muted_huge.mp4","size":222902},"high":{"url":"https://coub-anubis-a.akamaized.net/coub_storage/coub/simple/cw_file/25999e0aaef/b56bf47c10734dd53e80c/muted_mp4_big_size_1567742459_muted_big.mp4","size":145888},"med":{"url":"https://coub-anubis-a.akamaized.net/coub_storage/coub/simple/cw_file/25999e0aaef/b56bf47c10734dd53e80c/muted_mp4_med_size_1567742459_muted_med.mp4","size":69314}}},"mobile":{"video":"https://coub-anubis-a.akamaized.net/coub_storage/coub/simple/cw_file/25999e0aaef/b56bf47c10734dd53e80c/muted_mp4_med_size_1567742459_muted_med.mp4"},"share":{"default":"https://coub-anubis-a.akamaized.net/coub_storage/coub/simple/cw_video_for_sharing/4359b3d07a7/813a50aba8d1fbc8a1e02/1642446911_looped_1642446911.mp4"}},"audio_versions":{},"image_versions":{"template":"https://coub-anubis-a.akamaized.net/coub_storage/coub/simple/cw_image/687437131f1/426760becf921731f920c/1418168067_00027.jpg","versions":["micro","tiny","age_restricted","ios_large","ios_mosaic","big","med","small","pinterest"]},"first_frame_versions":{"template":"https://coub-anubis-a.akamaized.net/coub_storage/coub/simple/cw_timeline_pic/687437131f1/426760becf921731f920c/%{version}_1418168067_image.jpg","versions":["big","med","small","ios_large"]},"dimensions":{"big":[1280,800],"med":[640,400]},"site_w_h":[640,400],"page_w_h":[640,400],"site_w_h_small":[310,194],"size":[1280,800],"age_restricted":false,"age_restricted_by_admin":false,"not_safe_for_work":null,"allow_reuse":false,"dont_crop":false,"banned":false,"global_safe":true,"audio_file_url":null,"external_download":false,"application":null,"channel":{"id":1178729,"permalink":"why.did.i.coub.it","title":"Why did I coub it?","description":"Bla bla bla bla bla bla bla bla bla bla bla bla bla bla bla bla bla bla bla bla bla bla bla bla bla bla bla bla bla bla bla bla bla bla bla","followers_count":348,"following_count":22,"avatar_versions":{"template":"https://coub-anubis-a.akamaized.net/coub_storage/channel/cw_avatar/e7b9b9776dd/0969bd393a1b89d8f48c5/%{version}_1607621830_1ot58lg_1474572572_oscar_statue2.png","versions":["medium","medium_2x","profile_pic","profile_pic_new","profile_pic_new_2x","tiny","tiny_2x","small","small_2x","ios_large","ios_small"]}},"file":null,"picture":"https://coub-anubis-a.akamaized.net/coub_storage/coub/simple/cw_image/687437131f1/426760becf921731f920c/1418168067_00027.jpg","timeline_picture":"https://coub-anubis-a.akamaized.net/coub_storage/coub/simple/cw_timeline_pic/687437131f1/426760becf921731f920c/ios_large_1418168067_image.jpg","small_picture":"https://coub-anubis-a.akamaized.net/coub_storage/coub/simple/cw_image/687437131f1/426760becf921731f920c/1418168067_00027.jpg","sharing_picture":null,"percent_done":100,"tags":[{"id":9363,"title":"discovery","value":"discovery"},{"id":30470,"title":"planets","value":"planets"},{"id":27559,"title":"infographics","value":"infographics"},{"id":283,"title":"space","value":"space"}],"categories":[{"id":2,"title":"Art & Design","permalink":"art","subscriptions_count":10092089,"big_image_url":"https://coub-anubis-a.akamaized.net/coub_storage/category/cw_image/bc49636b5e9/9d819c4215f13ccf07a7b/big_1544749302_art2.png","small_image_url":"https://coub-anubis-a.akamaized.net/coub_storage/category/cw_image/bc49636b5e9/9d819c4215f13ccf07a7b/small_1544749302_art2.png","med_image_url":"https://coub-anubis-a.akamaized.net/coub_storage/category/cw_image/bc49636b5e9/9d819c4215f13ccf07a7b/med_1544749302_art2.png","visible":true}],"communities":[{"id":2,"title":"Art & Design","permalink":"art","subscriptions_count":10092089,"big_image_url":"https://coub-anubis-a.akamaized.net/coub_storage/category/cw_image/bc49636b5e9/9d819c4215f13ccf07a7b/big_1544749302_art2.png","small_image_url":"https://coub-anubis-a.akamaized.net/coub_storage/category/cw_image/bc49636b5e9/9d819c4215f13ccf07a7b/small_1544749302_art2.png","med_image_url":"https://coub-anubis-a.akamaized.net/coub_storage/category/cw_image/bc49636b5e9/9d819c4215f13ccf07a7b/med_1544749302_art2.png","i_subscribed":true,"community_notifications_enabled":null,"description":null}],"recoubs_count":154,"remixes_count":3,"likes_count":829,"dislikes_count":0,"raw_video_id":989058,"uploaded_by_ios_app":false,"uploaded_by_android_app":false,"media_blocks":{"uploaded_raw_videos":[],"external_raw_videos":[],"remixed_from_coubs":[]},"raw_video_thumbnail_url":"/missing/missing.png","raw_video_title":null,"video_block_banned":false,"duration":8.32,"promo_winner":false,"promo_winner_recoubers":null,"editorial_info":{},"promo_hint":null,"beeline_best_2014":null,"from_web_editor":true,"normalize_sound":true,"normalize_change_allowed":true,"best2015_addable":false,"ahmad_promo":null,"promo_data":null,"audio_copyright_claim":null,"ads_disabled":null,"is_safe_for_ads":true,"megafon_contents":[],"position_on_page":9},{"flag":null,"abuses":null,"recoubs_by_users_channels":null,"favourite":false,"promoted_id":null,"recoub":null,"like":null,"dislike":null,"reaction":null,"in_my_best2015":false,"id":180783068,"type":"Coub::Simple","permalink":"2zac1e","title":"Подготовка к НГ!","visibility_type":"public","original_visibility_type":"public","channel_id":4197454,"created_at":"2021-12-30T09:15:59Z","updated_at":"2022-03-17T21:33:51Z","is_done":true,"views_count":84012,"cotd":null,"cotd_at":null,"visible_on_explore_root":false,"visible_on_explore":false,"featured":false,"published":true,"published_at":"2021-12-30T09:15:59Z","reversed":false,"from_editor_v2":true,"is_editable":true,"original_sound":false,"has_sound":false,"recoub_to":null,"file_versions":{"html5":{"video":{"higher":{"url":"https://coub-anubis-a.akamaized.net/coub_storage/coub/simple/cw_file/21978fcd619/1f15f0caee3d27401ba58/muted_mp4_huge_size_1640855773_muted_huge.mp4","size":799221},"high":{"url":"https://coub-anubis-a.akamaized.net/coub_storage/coub/simple/cw_file/21978fcd619/1f15f0caee3d27401ba58/muted_mp4_big_size_1640855773_muted_big.mp4","size":453828},"med":{"url":"https://coub-anubis-a.akamaized.net/coub_storage/coub/simple/cw_file/21978fcd619/1f15f0caee3d27401ba58/muted_mp4_med_size_1640855773_muted_med.mp4","size":135140}},"audio":{"high":{"url":"https://coub-anubis-a.akamaized.net/coub_storage/coub/simple/cw_looped_audio_high/badc31131b3/017f210819e5edb03eacc/1640855821_mp3-high.mp3","size":3932472},"med":{"url":"https://coub-anubis-a.akamaized.net/coub_storage/coub/simple/cw_looped_audio_med/27f815a55d7/fa0ef3883f19fa3d49f04/1640855817_mp3-med.mp3","size":3033258}}},"mobile":{"video":"https://coub-anubis-a.akamaized.net/coub_storage/coub/simple/cw_file/21978fcd619/1f15f0caee3d27401ba58/muted_mp4_med_size_1640855773_muted_med.mp4","audio":["https://coub-anubis-a.akamaized.net/coub_storage/coub/simple/cw_looped_audio_med/27f815a55d7/fa0ef3883f19fa3d49f04/1640855817_mp3-med.mp3"]},"share":{"default":"https://coub-anubis-a.akamaized.net/coub_storage/coub/simple/cw_video_for_sharing/ea94b49c0e3/3cf0ef89088386e3efd1c/1640855866_looped_1640855865.mp4"}},"audio_versions":{"template":"https://coub-anubis-a.akamaized.net/coub_storage/audio_track/cw_normalized_copy/63dbefaf4ff/f37fd7285bf5c525bcbee/mid_1640855803_normalized_1640855779_tqf4l8_edited.mp3","versions":["mid","low"]},"image_versions":{"template":"https://coub-anubis-a.akamaized.net/coub_storage/coub/simple/cw_image/2e4945ee49d/38af89729adfa3cc10494/%{version}_1640855827_00032.jpg","versions":["micro","tiny","age_restricted","ios_large","ios_mosaic","big","med","small","pinterest"]},"first_frame_versions":{"template":"https://coub-anubis-a.akamaized.net/coub_storage/coub/simple/cw_timeline_pic/39494dcc259/814cc273be74d1858d59c/%{version}_1640855826_image.jpg","versions":["big","med","small","ios_large"]},"dimensions":{"big":[960,960],"med":[480,480]},"site_w_h":[400,400],"page_w_h":[400,400],"site_w_h_small":[310,310],"size":[960,960],"age_restricted":false,"age_restricted_by_admin":false,"not_safe_for_work":null,"allow_reuse":false,"dont_crop":true,"banned":false,"global_safe":null,"audio_file_url":"https://coub-anubis-a.akamaized.net/coub_storage/audio_track/cw_normalized_copy/63dbefaf4ff/f37fd7285bf5c525bcbee/low_1640855803_normalized_1640855779_tqf4l8_edited.mp3","external_download":false,"application":null,"channel":{"id":4197454,"permalink":"weskerok","title":"Weskerok","description":null,"followers_count":403,"following_count":4,"avatar_versions":{"template":"https://coub-anubis-a.akamaized.net/coub_storage/channel/cw_avatar/ee260fb7461/4aa78a6ae37ffd4feebef/%{version}_1629897865_pixel-art-town-city-waneella-hd-wallpaper-preview.jpg","versions":["medium","medium_2x","profile_pic","profile_pic_new","profile_pic_new_2x","tiny","tiny_2x","small","small_2x","ios_large","ios_small"]}},"file":null,"picture":"https://coub-anubis-a.akamaized.net/coub_storage/coub/simple/cw_image/2e4945ee49d/38af89729adfa3cc10494/med_1640855827_00032.jpg","timeline_picture":"https://coub-anubis-a.akamaized.net/coub_storage/coub/simple/cw_timeline_pic/39494dcc259/814cc273be74d1858d59c/ios_large_1640855826_image.jpg","small_picture":"https://coub-anubis-a.akamaized.net/coub_storage/coub/simple/cw_image/2e4945ee49d/38af89729adfa3cc10494/ios_mosaic_1640855827_00032.jpg","sharing_picture":null,"percent_done":100,"tags":[{"id":6669298,"title":"hangu - epilepsi","value":"hangu%20-%20epilepsi"},{"id":989388,"title":"боголюбов","value":"%D0%B1%D0%BE%D0%B3%D0%BE%D0%BB%D1%8E%D0%B1%D0%BE%D0%B2"}],"categories":[{"id":2,"title":"Art & Design","permalink":"art","subscriptions_count":10092089,"big_image_url":"https://coub-anubis-a.akamaized.net/coub_storage/category/cw_image/bc49636b5e9/9d819c4215f13ccf07a7b/big_1544749302_art2.png","small_image_url":"https://coub-anubis-a.akamaized.net/coub_storage/category/cw_image/bc49636b5e9/9d819c4215f13ccf07a7b/small_1544749302_art2.png","med_image_url":"https://coub-anubis-a.akamaized.net/coub_storage/category/cw_image/bc49636b5e9/9d819c4215f13ccf07a7b/med_1544749302_art2.png","visible":true}],"communities":[{"id":2,"title":"Art & Design","permalink":"art","subscriptions_count":10092089,"big_image_url":"https://coub-anubis-a.akamaized.net/coub_storage/category/cw_image/bc49636b5e9/9d819c4215f13ccf07a7b/big_1544749302_art2.png","small_image_url":"https://coub-anubis-a.akamaized.net/coub_storage/category/cw_image/bc49636b5e9/9d819c4215f13ccf07a7b/small_1544749302_art2.png","med_image_url":"https://coub-anubis-a.akamaized.net/coub_storage/category/cw_image/bc49636b5e9/9d819c4215f13ccf07a7b/med_1544749302_art2.png","i_subscribed":true,"community_notifications_enabled":null,"description":null}],"recoubs_count":172,"remixes_count":1,"likes_count":828,"dislikes_count":0,"raw_video_id":17027835,"uploaded_by_ios_app":false,"uploaded_by_android_app":false,"media_blocks":{"uploaded_raw_videos":[],"external_raw_videos":[],"remixed_from_coubs":[]},"raw_video_thumbnail_url":"https://coub-anubis-a.akamaized.net/coub_storage/raw_video/cw_image/4ff93a8cccc/a1e736915a966208d0889/coub_media_1640855650_image.jpg","raw_video_title":"ClutteredWhisperedColt.mp4","video_block_banned":false,"duration":10.0,"promo_winner":false,"promo_winner_recoubers":null,"editorial_info":{},"promo_hint":null,"beeline_best_2014":null,"from_web_editor":true,"normalize_sound":true,"normalize_change_allowed":true,"best2015_addable":false,"ahmad_promo":null,"promo_data":null,"audio_copyright_claim":null,"ads_disabled":null,"is_safe_for_ads":true,"megafon_contents":[],"position_on_page":10}]}