{"page":143,"per_page":10,"total_pages":500,"coubs":[{"flag":null,"abuses":null,"recoubs_by_users_channels":null,"favourite":false,"promoted_id":null,"recoub":null,"like":null,"dislike":null,"reaction":null,"in_my_best2015":false,"id":152411668,"type":"Coub::Simple","permalink":"2ie8ch","title":"Beautiful Drawing","visibility_type":"public","original_visibility_type":"public","channel_id":3149466,"created_at":"2020-08-24T08:02:08Z","updated_at":"2022-03-17T02:36:38Z","is_done":true,"views_count":169209,"cotd":null,"cotd_at":null,"visible_on_explore_root":true,"visible_on_explore":true,"featured":true,"published":true,"published_at":"2020-08-24T08:02:08Z","reversed":false,"from_editor_v2":true,"is_editable":true,"original_sound":false,"has_sound":false,"recoub_to":null,"file_versions":{"html5":{"video":{"higher":{"url":"https://coub-anubis-a.akamaized.net/coub_storage/coub/simple/cw_file/59ef3aa1ab9/2cc57dc53fdc7bd7908b8/muted_mp4_huge_size_1598256168_muted_huge.mp4","size":2137331},"high":{"url":"https://coub-anubis-a.akamaized.net/coub_storage/coub/simple/cw_file/59ef3aa1ab9/2cc57dc53fdc7bd7908b8/muted_mp4_big_size_1598256168_muted_big.mp4","size":1288315},"med":{"url":"https://coub-anubis-a.akamaized.net/coub_storage/coub/simple/cw_file/59ef3aa1ab9/2cc57dc53fdc7bd7908b8/muted_mp4_med_size_1598256168_muted_med.mp4","size":396110}},"audio":{"high":{"url":"https://coub-anubis-a.akamaized.net/coub_storage/coub/simple/cw_looped_audio_high/21b2a94ab7f/38b9fd5c162ab4c93742d/1607274411_high_1598256180_high.mp3","size":1034201},"med":{"url":"https://coub-anubis-a.akamaized.net/coub_storage/coub/simple/cw_looped_audio_med/188ab7a5f95/f4bf48731a3d99887d5de/1607274411_med_1598256180_med.mp3","size":796469}}},"mobile":{"video":"https://coub-anubis-a.akamaized.net/coub_storage/coub/simple/cw_file/59ef3aa1ab9/2cc57dc53fdc7bd7908b8/muted_mp4_med_size_1598256168_muted_med.mp4","audio":["https://coub-anubis-a.akamaized.net/coub_storage/coub/simple/cw_looped_audio_med/188ab7a5f95/f4bf48731a3d99887d5de/1607274411_med_1598256180_med.mp3"]},"share":{"default":"https://coub-anubis-a.akamaized.net/coub_storage/coub/simple/cw_video_for_sharing/2b8af5ff533/74f8e2e1c5926c54539e7/1608665297_looped_1608665296.mp4"}},"audio_versions":{"template":"https://coub-anubis-a.akamaized.net/coub_storage/audio_track/cw_normalized_copy/bec496d9253/c4570f3b6e5b0913cec1d/mid_1598256176_normalized_1598256169_oi35ce_edited.mp3","versions":["mid","low"]},"image_versions":{"template":"https://coub-anubis-a.akamaized.net/coub_storage/coub/simple/cw_image/fec0621ac17/fbbba7fd8420c8ef3505e/1598256188_00032.jpg","versions":["micro","tiny","age_restricted","ios_large","ios_mosaic","big","med","small","pinterest"]},"first_frame_versions":{"template":"https://coub-anubis-a.akamaized.net/coub_storage/coub/simple/cw_timeline_pic/62be0817845/7d48d1a14987f769112f6/1598256187_image.jpg","versions":["big","med","small","ios_large"]},"dimensions":{"big":[960,960],"med":[480,480]},"site_w_h":[400,400],"page_w_h":[400,400],"site_w_h_small":[310,310],"size":[960,960],"age_restricted":false,"age_restricted_by_admin":false,"not_safe_for_work":false,"allow_reuse":false,"dont_crop":false,"banned":false,"global_safe":true,"audio_file_url":"https://coub-anubis-a.akamaized.net/coub_storage/audio_track/cw_normalized_copy/bec496d9253/c4570f3b6e5b0913cec1d/low_1598256176_normalized_1598256169_oi35ce_edited.mp3","external_download":{"type":"Imgur","service_name":"Imgur","url":"https://imgur.com/gallery/S7a8PS0","has_embed":false},"application":null,"channel":{"id":3149466,"permalink":"yourlife","title":"YOUR LIFE","description":"This is your life","followers_count":1120,"following_count":1,"avatar_versions":{"template":"https://coub-anubis-a.akamaized.net/coub_storage/channel/cw_avatar/2514ee51fe1/c50094f1dc12e04d1ec25/%{version}_1607419496_nx6s25_1546118736_EEEE.png","versions":["medium","medium_2x","profile_pic","profile_pic_new","profile_pic_new_2x","tiny","tiny_2x","small","small_2x","ios_large","ios_small"]}},"file":null,"picture":"https://coub-anubis-a.akamaized.net/coub_storage/coub/simple/cw_image/fec0621ac17/fbbba7fd8420c8ef3505e/1598256188_00032.jpg","timeline_picture":"https://coub-anubis-a.akamaized.net/coub_storage/coub/simple/cw_timeline_pic/62be0817845/7d48d1a14987f769112f6/1598256187_image.jpg","small_picture":"https://coub-anubis-a.akamaized.net/coub_storage/coub/simple/cw_image/fec0621ac17/fbbba7fd8420c8ef3505e/1598256188_00032.jpg","sharing_picture":null,"percent_done":100,"tags":[{"id":8773,"title":"drawing","value":"drawing"},{"id":602,"title":"beautiful","value":"beautiful"},{"id":12959,"title":"painting","value":"painting"},{"id":1164,"title":"рисование","value":"%D1%80%D0%B8%D1%81%D0%BE%D0%B2%D0%B0%D0%BD%D0%B8%D0%B5"},{"id":2386,"title":"красиво","value":"%D0%BA%D1%80%D0%B0%D1%81%D0%B8%D0%B2%D0%BE"},{"id":79037,"title":"художник","value":"%D1%85%D1%83%D0%B4%D0%BE%D0%B6%D0%BD%D0%B8%D0%BA"}],"categories":[{"id":2,"title":"Art & Design","permalink":"art","subscriptions_count":10092089,"big_image_url":"https://coub-anubis-a.akamaized.net/coub_storage/category/cw_image/bc49636b5e9/9d819c4215f13ccf07a7b/big_1544749302_art2.png","small_image_url":"https://coub-anubis-a.akamaized.net/coub_storage/category/cw_image/bc49636b5e9/9d819c4215f13ccf07a7b/small_1544749302_art2.png","med_image_url":"https://coub-anubis-a.akamaized.net/coub_storage/category/cw_image/bc49636b5e9/9d819c4215f13ccf07a7b/med_1544749302_art2.png","visible":true}],"communities":[{"id":2,"title":"Art & Design","permalink":"art","subscriptions_count":10092089,"big_image_url":"https://coub-anubis-a.akamaized.net/coub_storage/category/cw_image/bc49636b5e9/9d819c4215f13ccf07a7b/big_1544749302_art2.png","small_image_url":"https://coub-anubis-a.akamaized.net/coub_storage/category/cw_image/bc49636b5e9/9d819c4215f13ccf07a7b/small_1544749302_art2.png","med_image_url":"https://coub-anubis-a.akamaized.net/coub_storage/category/cw_image/bc49636b5e9/9d819c4215f13ccf07a7b/med_1544749302_art2.png","i_subscribed":true,"community_notifications_enabled":null,"description":null}],"recoubs_count":372,"remixes_count":0,"likes_count":2113,"dislikes_count":0,"raw_video_id":15599617,"uploaded_by_ios_app":false,"uploaded_by_android_app":false,"media_blocks":{"uploaded_raw_videos":[],"external_raw_videos":[{"id":36761928,"title":"Imgur","url":"https://imgur.com/gallery/S7a8PS0","image":null,"image_retina":null,"meta":{"service":"Imgur","duration":"59.745"},"duration":59.745,"raw_video_id":15599617,"has_embed":false}],"remixed_from_coubs":[],"external_video":{"id":36761928,"title":"Imgur","url":"https://imgur.com/gallery/S7a8PS0","image":null,"image_retina":null,"meta":{"service":"Imgur","duration":"59.745"},"duration":59.745,"raw_video_id":15599617,"has_embed":false}},"raw_video_thumbnail_url":"/missing/missing.png","raw_video_title":"Imgur","video_block_banned":false,"duration":10.0,"promo_winner":false,"promo_winner_recoubers":null,"editorial_info":{},"promo_hint":null,"beeline_best_2014":null,"from_web_editor":true,"normalize_sound":true,"normalize_change_allowed":true,"best2015_addable":false,"ahmad_promo":null,"promo_data":null,"audio_copyright_claim":null,"ads_disabled":false,"is_safe_for_ads":true,"megafon_contents":[],"position_on_page":1},{"flag":null,"abuses":null,"recoubs_by_users_channels":null,"favourite":false,"promoted_id":null,"recoub":null,"like":null,"dislike":null,"reaction":null,"in_my_best2015":false,"id":124243593,"type":"Coub::Simple","permalink":"21krt4","title":"[] -  []  ","visibility_type":"public","original_visibility_type":"public","channel_id":7074001,"created_at":"2019-09-21T15:13:30Z","updated_at":"2022-03-17T18:15:50Z","is_done":true,"views_count":178288,"cotd":null,"cotd_at":null,"visible_on_explore_root":false,"visible_on_explore":false,"featured":false,"published":true,"published_at":"2019-09-21T15:13:30Z","reversed":false,"from_editor_v2":true,"is_editable":true,"original_sound":false,"has_sound":false,"recoub_to":null,"file_versions":{"html5":{"video":{"higher":{"url":"https://coub-anubis-a.akamaized.net/coub_storage/coub/simple/cw_file/a0c5a4d6291/4f2dd43c9df03365ba937/muted_mp4_huge_size_1569078823_muted_huge.mp4","size":1681341},"high":{"url":"https://coub-anubis-a.akamaized.net/coub_storage/coub/simple/cw_file/a0c5a4d6291/4f2dd43c9df03365ba937/muted_mp4_big_size_1569078823_muted_big.mp4","size":1605714},"med":{"url":"https://coub-anubis-a.akamaized.net/coub_storage/coub/simple/cw_file/a0c5a4d6291/4f2dd43c9df03365ba937/muted_mp4_med_size_1569078823_muted_med.mp4","size":224142}},"audio":{"high":{"url":"https://coub-anubis-a.akamaized.net/coub_storage/coub/simple/cw_looped_audio_high/ea6108a7792/358c43b56a3a8a1bfea32/1605690863_high_1569078861_high.mp3","size":3081260},"med":{"url":"https://coub-anubis-a.akamaized.net/coub_storage/coub/simple/cw_looped_audio_med/5a5b5673f40/b0178460644a57729ee69/1605690863_med_1569078861_med.mp3","size":2235120}}},"mobile":{"video":"https://coub-anubis-a.akamaized.net/coub_storage/coub/simple/cw_file/a0c5a4d6291/4f2dd43c9df03365ba937/muted_mp4_med_size_1569078823_muted_med.mp4","audio":["https://coub-anubis-a.akamaized.net/coub_storage/coub/simple/cw_looped_audio_med/5a5b5673f40/b0178460644a57729ee69/1605690863_med_1569078861_med.mp3"]},"share":{"default":"https://coub-anubis-a.akamaized.net/coub_storage/coub/simple/cw_video_for_sharing/e0609184c19/52fd90f82a71f2715c466/1619462232_looped_1619462232.mp4"}},"audio_versions":{"template":"https://coub-anubis-a.akamaized.net/coub_storage/audio_track/cw_normalized_copy/7ff5814cd49/fad1f18150c300e06e5c1/mid_1569078849_normalized_1569078827_1d6s5un_edited.mp3","versions":["mid","low"]},"image_versions":{"template":"https://coub-anubis-a.akamaized.net/coub_storage/coub/simple/cw_image/0a581ffc8e4/f9a624fbf643851f0215b/1569078876_00032.jpg","versions":["micro","tiny","age_restricted","ios_large","ios_mosaic","big","med","small","pinterest"]},"first_frame_versions":{"template":"https://coub-anubis-a.akamaized.net/coub_storage/coub/simple/cw_timeline_pic/d386c4ab00f/3a938a1d7ab1d2729f0b2/%{version}_1569078875_image.jpg","versions":["big","med","small","ios_large"]},"dimensions":{"big":[1280,720],"med":[640,360]},"site_w_h":[640,360],"page_w_h":[640,360],"site_w_h_small":[310,174],"size":[1280,720],"age_restricted":false,"age_restricted_by_admin":false,"not_safe_for_work":false,"allow_reuse":false,"dont_crop":false,"banned":false,"global_safe":true,"audio_file_url":"https://coub-anubis-a.akamaized.net/coub_storage/audio_track/cw_normalized_copy/7ff5814cd49/fad1f18150c300e06e5c1/low_1569078849_normalized_1569078827_1d6s5un_edited.mp3","external_download":false,"application":null,"channel":{"id":7074001,"permalink":"kamikuta","title":"kami","description":null,"followers_count":90,"following_count":10,"avatar_versions":{"template":"https://coubsecureassets-a.akamaihd.net/assets/default-avatars/141-d1e3f2cc332df7268f974701fdf5db3a8f329153cbb75594f131c7e820f34700.png"}},"file":null,"picture":"https://coub-anubis-a.akamaized.net/coub_storage/coub/simple/cw_image/0a581ffc8e4/f9a624fbf643851f0215b/1569078876_00032.jpg","timeline_picture":"https://coub-anubis-a.akamaized.net/coub_storage/coub/simple/cw_timeline_pic/d386c4ab00f/3a938a1d7ab1d2729f0b2/ios_large_1569078875_image.jpg","small_picture":"https://coub-anubis-a.akamaized.net/coub_storage/coub/simple/cw_image/0a581ffc8e4/f9a624fbf643851f0215b/1569078876_00032.jpg","sharing_picture":null,"percent_done":100,"tags":[{"id":86,"title":"music","value":"music"},{"id":2696,"title":"monster","value":"monster"},{"id":103744,"title":"witcher","value":"witcher"},{"id":2588,"title":"sad","value":"sad"}],"categories":[{"id":2,"title":"Art & Design","permalink":"art","subscriptions_count":10092089,"big_image_url":"https://coub-anubis-a.akamaized.net/coub_storage/category/cw_image/bc49636b5e9/9d819c4215f13ccf07a7b/big_1544749302_art2.png","small_image_url":"https://coub-anubis-a.akamaized.net/coub_storage/category/cw_image/bc49636b5e9/9d819c4215f13ccf07a7b/small_1544749302_art2.png","med_image_url":"https://coub-anubis-a.akamaized.net/coub_storage/category/cw_image/bc49636b5e9/9d819c4215f13ccf07a7b/med_1544749302_art2.png","visible":true}],"communities":[{"id":2,"title":"Art & Design","permalink":"art","subscriptions_count":10092089,"big_image_url":"https://coub-anubis-a.akamaized.net/coub_storage/category/cw_image/bc49636b5e9/9d819c4215f13ccf07a7b/big_1544749302_art2.png","small_image_url":"https://coub-anubis-a.akamaized.net/coub_storage/category/cw_image/bc49636b5e9/9d819c4215f13ccf07a7b/small_1544749302_art2.png","med_image_url":"https://coub-anubis-a.akamaized.net/coub_storage/category/cw_image/bc49636b5e9/9d819c4215f13ccf07a7b/med_1544749302_art2.png","i_subscribed":true,"community_notifications_enabled":null,"description":null}],"recoubs_count":450,"remixes_count":22,"likes_count":2113,"dislikes_count":0,"raw_video_id":"","uploaded_by_ios_app":false,"uploaded_by_android_app":false,"media_blocks":{"uploaded_raw_videos":[],"external_raw_videos":[],"remixed_from_coubs":[{"id":32889293,"title":"Cthulhu | Кто такой Ктулху?","url":"https://coub.com/coubs/1ziy1m/remix","image":"https://coub-anubis-a.akamaized.net/coub_storage/media_block/cw_image/36646c3fa44/26df176334e139ae8d734/1565747325_d3eaxn_1565747314_00032.jpg","image_retina":"https://coub-anubis-a.akamaized.net/coub_storage/media_block/cw_image/36646c3fa44/26df176334e139ae8d734/1565747325_d3eaxn_1565747314_00032.jpg","meta":{"duration":"10.0"},"duration":null,"coub_channel_title":"HavchikSSeledkoi","coub_channel_permalink":"havchiksseledkoi","coub_views_count":80753,"coub_permalink":"1ziy1m"}]},"raw_video_thumbnail_url":"","raw_video_title":"","video_block_banned":false,"duration":10.0,"promo_winner":false,"promo_winner_recoubers":null,"editorial_info":{},"promo_hint":null,"beeline_best_2014":null,"from_web_editor":true,"normalize_sound":true,"normalize_change_allowed":true,"best2015_addable":false,"ahmad_promo":null,"promo_data":null,"audio_copyright_claim":null,"ads_disabled":false,"is_safe_for_ads":true,"megafon_contents":[],"position_on_page":2},{"flag":null,"abuses":null,"recoubs_by_users_channels":null,"favourite":false,"promoted_id":null,"recoub":null,"like":null,"dislike":null,"reaction":null,"in_my_best2015":false,"id":114390333,"type":"Coub::Simple","permalink":"1vp5ho","title":"ヾ(^▽^*)))","visibility_type":"public","original_visibility_type":"public","channel_id":5017853,"created_at":"2019-06-07T21:28:53Z","updated_at":"2022-03-18T03:19:24Z","is_done":true,"views_count":132245,"cotd":null,"cotd_at":null,"visible_on_explore_root":false,"visible_on_explore":false,"featured":false,"published":true,"published_at":"2019-06-07T21:28:53Z","reversed":false,"from_editor_v2":true,"is_editable":true,"original_sound":false,"has_sound":false,"recoub_to":null,"file_versions":{"html5":{"video":{"higher":{"url":"https://coub-anubis-a.akamaized.net/coub_storage/coub/simple/cw_file/10adefda984/09605e2ad47f141f0a316/muted_mp4_huge_size_1569231441_muted_huge.mp4","size":5127750},"high":{"url":"https://coub-anubis-a.akamaized.net/coub_storage/coub/simple/cw_file/10adefda984/09605e2ad47f141f0a316/muted_mp4_big_size_1569231441_muted_big.mp4","size":4956572},"med":{"url":"https://coub-anubis-a.akamaized.net/coub_storage/coub/simple/cw_file/10adefda984/09605e2ad47f141f0a316/muted_mp4_med_size_1569231441_muted_med.mp4","size":740571}},"audio":{"high":{"url":"https://coub-anubis-a.akamaized.net/coub_storage/coub/simple/cw_looped_audio_high/d64c5ca323f/d86bacad57f4826ae4218/1605661176_high_1559942952_high.mp3","size":1279323},"med":{"url":"https://coub-anubis-a.akamaized.net/coub_storage/coub/simple/cw_looped_audio_med/981363bb7ed/997c1838f0c24a7cd940d/1605661176_med_1559942952_med.mp3","size":944922}}},"mobile":{"video":"https://coub-anubis-a.akamaized.net/coub_storage/coub/simple/cw_file/10adefda984/09605e2ad47f141f0a316/muted_mp4_med_size_1569231441_muted_med.mp4","audio":["https://coub-anubis-a.akamaized.net/coub_storage/coub/simple/cw_looped_audio_med/981363bb7ed/997c1838f0c24a7cd940d/1605661176_med_1559942952_med.mp3"]},"share":{"default":"https://coub-anubis-a.akamaized.net/coub_storage/coub/simple/cw_video_for_sharing/23a0af60485/dc2eeb214c8289e54fce5/1608664207_looped_1608664206.mp4"}},"audio_versions":{"template":"https://coub-anubis-a.akamaized.net/coub_storage/audio_track/cw_normalized_copy/a7f80623e2e/ec3bab7b5ab34f1697621/mid_1559942951_normalized_1559942949_19udwie_edited.mp3","versions":["mid","low"]},"image_versions":{"template":"https://coub-anubis-a.akamaized.net/coub_storage/coub/simple/cw_image/7d2112473fe/daa72e5069283e3eb4bb3/1559942963_00026.jpg","versions":["micro","tiny","age_restricted","ios_large","ios_mosaic","big","med","small","pinterest"]},"first_frame_versions":{"template":"https://coub-anubis-a.akamaized.net/coub_storage/coub/simple/cw_timeline_pic/7ad4eb401af/827497ed2252a27915bab/1559942961_image.jpg","versions":["big","med","small","ios_large"]},"dimensions":{"big":[1280,720],"med":[640,360]},"site_w_h":[640,360],"page_w_h":[640,360],"site_w_h_small":[310,174],"size":[1280,720],"age_restricted":false,"age_restricted_by_admin":false,"not_safe_for_work":false,"allow_reuse":false,"dont_crop":false,"banned":false,"global_safe":true,"audio_file_url":"https://coub-anubis-a.akamaized.net/coub_storage/audio_track/cw_normalized_copy/a7f80623e2e/ec3bab7b5ab34f1697621/low_1559942951_normalized_1559942949_19udwie_edited.mp3","external_download":false,"application":null,"channel":{"id":5017853,"permalink":"alphaboy","title":"𝙰𝚕𝚙𝚑𝚊𝙱𝚘𝚢","description":"Thanks for your visit :D","followers_count":100,"following_count":3,"avatar_versions":{"template":"https://coub-anubis-a.akamaized.net/coub_storage/channel/cw_avatar/cf914d6a1c1/9c74c358a47e834634d2c/%{version}_1617556155_-ff8rqn.jpg","versions":["medium","medium_2x","profile_pic","profile_pic_new","profile_pic_new_2x","tiny","tiny_2x","small","small_2x","ios_large","ios_small"]}},"file":null,"picture":"https://coub-anubis-a.akamaized.net/coub_storage/coub/simple/cw_image/7d2112473fe/daa72e5069283e3eb4bb3/1559942963_00026.jpg","timeline_picture":"https://coub-anubis-a.akamaized.net/coub_storage/coub/simple/cw_timeline_pic/7ad4eb401af/827497ed2252a27915bab/1559942961_image.jpg","small_picture":"https://coub-anubis-a.akamaized.net/coub_storage/coub/simple/cw_image/7d2112473fe/daa72e5069283e3eb4bb3/1559942963_00026.jpg","sharing_picture":null,"percent_done":100,"tags":[],"categories":[{"id":2,"title":"Art & Design","permalink":"art","subscriptions_count":10092089,"big_image_url":"https://coub-anubis-a.akamaized.net/coub_storage/category/cw_image/bc49636b5e9/9d819c4215f13ccf07a7b/big_1544749302_art2.png","small_image_url":"https://coub-anubis-a.akamaized.net/coub_storage/category/cw_image/bc49636b5e9/9d819c4215f13ccf07a7b/small_1544749302_art2.png","med_image_url":"https://coub-anubis-a.akamaized.net/coub_storage/category/cw_image/bc49636b5e9/9d819c4215f13ccf07a7b/med_1544749302_art2.png","visible":true}],"communities":[{"id":2,"title":"Art & Design","permalink":"art","subscriptions_count":10092089,"big_image_url":"https://coub-anubis-a.akamaized.net/coub_storage/category/cw_image/bc49636b5e9/9d819c4215f13ccf07a7b/big_1544749302_art2.png","small_image_url":"https://coub-anubis-a.akamaized.net/coub_storage/category/cw_image/bc49636b5e9/9d819c4215f13ccf07a7b/small_1544749302_art2.png","med_image_url":"https://coub-anubis-a.akamaized.net/coub_storage/category/cw_image/bc49636b5e9/9d819c4215f13ccf07a7b/med_1544749302_art2.png","i_subscribed":true,"community_notifications_enabled":null,"description":null}],"recoubs_count":492,"remixes_count":31,"likes_count":2112,"dislikes_count":0,"raw_video_id":13820295,"uploaded_by_ios_app":false,"uploaded_by_android_app":false,"media_blocks":{"uploaded_raw_videos":[],"external_raw_videos":[],"remixed_from_coubs":[]},"raw_video_thumbnail_url":"/missing/missing.png","raw_video_title":"somewhere_down_the_line_by_visualdon.mp4","video_block_banned":false,"duration":8.04,"promo_winner":false,"promo_winner_recoubers":null,"editorial_info":{},"promo_hint":null,"beeline_best_2014":null,"from_web_editor":true,"normalize_sound":true,"normalize_change_allowed":true,"best2015_addable":false,"ahmad_promo":null,"promo_data":null,"audio_copyright_claim":null,"ads_disabled":false,"is_safe_for_ads":true,"megafon_contents":[],"position_on_page":3},{"flag":null,"abuses":null,"recoubs_by_users_channels":null,"favourite":false,"promoted_id":null,"recoub":null,"like":null,"dislike":null,"reaction":null,"in_my_best2015":false,"id":106963671,"type":"Coub::Simple","permalink":"1r9yzw","title":"look at that horse","visibility_type":"public","original_visibility_type":"public","channel_id":2034890,"created_at":"2019-03-28T17:10:56Z","updated_at":"2022-03-16T13:03:23Z","is_done":true,"views_count":123592,"cotd":null,"cotd_at":null,"visible_on_explore_root":false,"visible_on_explore":false,"featured":false,"published":true,"published_at":"2019-03-28T17:10:56Z","reversed":true,"from_editor_v2":true,"is_editable":true,"original_sound":false,"has_sound":false,"recoub_to":null,"file_versions":{"html5":{"video":{"higher":{"url":"https://coub-anubis-a.akamaized.net/coub_storage/coub/simple/cw_file/e903f363508/0fc968098c51af1903c44/muted_mp4_huge_size_1568924222_muted_huge.mp4","size":7580035},"high":{"url":"https://coub-anubis-a.akamaized.net/coub_storage/coub/simple/cw_file/e903f363508/0fc968098c51af1903c44/muted_mp4_big_size_1568924222_muted_big.mp4","size":5084317},"med":{"url":"https://coub-anubis-a.akamaized.net/coub_storage/coub/simple/cw_file/e903f363508/0fc968098c51af1903c44/muted_mp4_med_size_1568924222_muted_med.mp4","size":1741299}},"audio":{"high":{"url":"https://coub-anubis-a.akamaized.net/coub_storage/coub/simple/cw_looped_audio_high/7e9c9cd3be4/6882cd0011383d04cfaa6/1605680645_high_1553793075_high.mp3","size":3205244},"med":{"url":"https://coub-anubis-a.akamaized.net/coub_storage/coub/simple/cw_looped_audio_med/c4dc0f36a55/f670bff9984e31afa1381/1605680645_med_1553793075_med.mp3","size":2906677}}},"mobile":{"video":"https://coub-anubis-a.akamaized.net/coub_storage/coub/simple/cw_file/e903f363508/0fc968098c51af1903c44/muted_mp4_med_size_1568924222_muted_med.mp4","audio":["https://coub-anubis-a.akamaized.net/coub_storage/coub/simple/cw_looped_audio_med/c4dc0f36a55/f670bff9984e31afa1381/1605680645_med_1553793075_med.mp3"]},"share":{"default":"https://coub-anubis-a.akamaized.net/coub_storage/coub/simple/cw_video_for_sharing/4f6e9e436cf/4a6aef12192ed13651d03/1608805403_looped_1608805401.mp4"}},"audio_versions":{"template":"https://coub-anubis-a.akamaized.net/coub_storage/audio_track/cw_normalized_copy/e3f55d7894c/f751004c96908c3a68fbf/mid_1595485901_1471204826_audio.mp3","versions":["mid","low"]},"image_versions":{"template":"https://coub-anubis-a.akamaized.net/coub_storage/coub/simple/cw_image/d690e3cff14/52b279b769b1862e0e7a3/1553793089_00063.jpg","versions":["micro","tiny","age_restricted","ios_large","ios_mosaic","big","med","small","pinterest"]},"first_frame_versions":{"template":"https://coub-anubis-a.akamaized.net/coub_storage/coub/simple/cw_timeline_pic/f8e5c9c47c2/8c9a8937b2b83af40e424/%{version}_1553793088_image.jpg","versions":["big","med","small","ios_large"]},"dimensions":{"big":[824,960],"med":[412,480]},"site_w_h":[343,400],"page_w_h":[400,466],"site_w_h_small":[310,361],"size":[824,960],"age_restricted":false,"age_restricted_by_admin":false,"not_safe_for_work":false,"allow_reuse":false,"dont_crop":false,"banned":false,"global_safe":true,"audio_file_url":"https://coub-anubis-a.akamaized.net/coub_storage/audio_track/cw_normalized_copy/e3f55d7894c/f751004c96908c3a68fbf/low_1595485901_1471204826_audio.mp3","external_download":false,"application":null,"channel":{"id":2034890,"permalink":"zettarius","title":"Zettarius","description":"just my coubs","followers_count":425,"following_count":127,"avatar_versions":{"template":"https://coub-anubis-a.akamaized.net/coub_storage/channel/cw_avatar/22929328550/ee380465b36ac472edaf1/%{version}_1607700516_ocwcjo_1536047127_Aihara.Enju.full.1713482.jpg","versions":["medium","medium_2x","profile_pic","profile_pic_new","profile_pic_new_2x","tiny","tiny_2x","small","small_2x","ios_large","ios_small"]}},"file":null,"picture":"https://coub-anubis-a.akamaized.net/coub_storage/coub/simple/cw_image/d690e3cff14/52b279b769b1862e0e7a3/1553793089_00063.jpg","timeline_picture":"https://coub-anubis-a.akamaized.net/coub_storage/coub/simple/cw_timeline_pic/f8e5c9c47c2/8c9a8937b2b83af40e424/ios_large_1553793088_image.jpg","small_picture":"https://coub-anubis-a.akamaized.net/coub_storage/coub/simple/cw_image/d690e3cff14/52b279b769b1862e0e7a3/1553793089_00063.jpg","sharing_picture":null,"percent_done":100,"tags":[{"id":383,"title":"creative","value":"creative"},{"id":7700,"title":"horses","value":"horses"},{"id":2707873,"title":"креативчик","value":"%D0%BA%D1%80%D0%B5%D0%B0%D1%82%D0%B8%D0%B2%D1%87%D0%B8%D0%BA"},{"id":68839,"title":"лошадки","value":"%D0%BB%D0%BE%D1%88%D0%B0%D0%B4%D0%BA%D0%B8"},{"id":50981,"title":"кони","value":"%D0%BA%D0%BE%D0%BD%D0%B8"}],"categories":[{"id":2,"title":"Art & Design","permalink":"art","subscriptions_count":10092089,"big_image_url":"https://coub-anubis-a.akamaized.net/coub_storage/category/cw_image/bc49636b5e9/9d819c4215f13ccf07a7b/big_1544749302_art2.png","small_image_url":"https://coub-anubis-a.akamaized.net/coub_storage/category/cw_image/bc49636b5e9/9d819c4215f13ccf07a7b/small_1544749302_art2.png","med_image_url":"https://coub-anubis-a.akamaized.net/coub_storage/category/cw_image/bc49636b5e9/9d819c4215f13ccf07a7b/med_1544749302_art2.png","visible":true}],"communities":[{"id":2,"title":"Art & Design","permalink":"art","subscriptions_count":10092089,"big_image_url":"https://coub-anubis-a.akamaized.net/coub_storage/category/cw_image/bc49636b5e9/9d819c4215f13ccf07a7b/big_1544749302_art2.png","small_image_url":"https://coub-anubis-a.akamaized.net/coub_storage/category/cw_image/bc49636b5e9/9d819c4215f13ccf07a7b/small_1544749302_art2.png","med_image_url":"https://coub-anubis-a.akamaized.net/coub_storage/category/cw_image/bc49636b5e9/9d819c4215f13ccf07a7b/med_1544749302_art2.png","i_subscribed":true,"community_notifications_enabled":null,"description":null}],"recoubs_count":458,"remixes_count":0,"likes_count":2112,"dislikes_count":0,"raw_video_id":"","uploaded_by_ios_app":false,"uploaded_by_android_app":false,"media_blocks":{"uploaded_raw_videos":[],"external_raw_videos":[],"remixed_from_coubs":[{"id":31110712,"title":"Креативчик","url":"https://coub.com/coubs/1r7spm/remix","image":"https://coub-anubis-a.akamaized.net/coub_storage/media_block/cw_image/ef0a8ef06aa/aa377c4e6a51b3e072b24/1561043957_1spoy8d_1561043942_00063.jpg","image_retina":"https://coub-anubis-a.akamaized.net/coub_storage/media_block/cw_image/ef0a8ef06aa/aa377c4e6a51b3e072b24/1561043957_1spoy8d_1561043942_00063.jpg","meta":{"duration":"20.0"},"duration":null,"coub_channel_title":"Alexcom","coub_channel_permalink":"alexcom6233","coub_views_count":98557,"coub_permalink":"1r7spm"}]},"raw_video_thumbnail_url":"","raw_video_title":"","video_block_banned":false,"duration":20.0,"promo_winner":false,"promo_winner_recoubers":null,"editorial_info":{},"promo_hint":null,"beeline_best_2014":null,"from_web_editor":true,"normalize_sound":true,"normalize_change_allowed":true,"best2015_addable":false,"ahmad_promo":null,"promo_data":null,"audio_copyright_claim":null,"ads_disabled":false,"is_safe_for_ads":true,"megafon_contents":[],"position_on_page":4},{"flag":null,"abuses":null,"recoubs_by_users_channels":null,"favourite":false,"promoted_id":null,"recoub":null,"like":null,"dislike":null,"reaction":null,"in_my_best2015":false,"id":81104473,"type":"Coub::Simple","permalink":"1bvpr2","title":"PIXEL ^_^ LDFC BLACKBEAR ","visibility_type":"public","original_visibility_type":"public","channel_id":6932850,"created_at":"2018-07-31T17:02:06Z","updated_at":"2022-03-16T23:40:19Z","is_done":true,"views_count":191235,"cotd":null,"cotd_at":null,"visible_on_explore_root":true,"visible_on_explore":true,"featured":true,"published":true,"published_at":"2018-07-31T17:02:05Z","reversed":false,"from_editor_v2":true,"is_editable":true,"original_sound":false,"has_sound":false,"recoub_to":null,"file_versions":{"html5":{"video":{"higher":{"url":"https://coub-anubis-a.akamaized.net/coub_storage/coub/simple/cw_file/05977422faa/4282b1c038069b0458d36/muted_mp4_huge_size_1568264315_muted_huge.mp4","size":1300934},"high":{"url":"https://coub-anubis-a.akamaized.net/coub_storage/coub/simple/cw_file/05977422faa/4282b1c038069b0458d36/muted_mp4_big_size_1568264315_muted_big.mp4","size":880517},"med":{"url":"https://coub-anubis-a.akamaized.net/coub_storage/coub/simple/cw_file/05977422faa/4282b1c038069b0458d36/muted_mp4_med_size_1568264315_muted_med.mp4","size":221667}},"audio":{"high":{"url":"https://coub-anubis-a.akamaized.net/coub_storage/coub/simple/cw_looped_audio_high/d327b28d65b/d6438e2a6dc705ba43b68/1605614863_high_1533056534_high.mp3","size":1323472},"med":{"url":"https://coub-anubis-a.akamaized.net/coub_storage/coub/simple/cw_looped_audio_med/0657425c300/667a3c87b89fff6f00061/1605614861_med_1533056534_med.mp3","size":949926}}},"mobile":{"video":"https://coub-anubis-a.akamaized.net/coub_storage/coub/simple/cw_file/05977422faa/4282b1c038069b0458d36/muted_mp4_med_size_1568264315_muted_med.mp4","audio":["https://coub-anubis-a.akamaized.net/coub_storage/coub/simple/cw_looped_audio_med/0657425c300/667a3c87b89fff6f00061/1605614861_med_1533056534_med.mp3"]},"share":{"default":"https://coub-anubis-a.akamaized.net/coub_storage/coub/simple/cw_video_for_sharing/3529063a731/9a823930b3f7bbcbd3a62/1611543277_looped_1611543277.mp4"}},"audio_versions":{"template":"https://coub-anubis-a.akamaized.net/coub_storage/audio_track/cw_normalized_copy/18dc0bd1626/7762907e4fc3794f7eab0/mid_1533056532_xjddlg_normalized_1533056530_gxx10p_edited.mp3","versions":["mid","low"]},"image_versions":{"template":"https://coub-anubis-a.akamaized.net/coub_storage/coub/simple/cw_image/2a8186ac65d/d14b846578ce25c48f1ca/1533056539_00018.jpg","versions":["micro","tiny","age_restricted","ios_large","ios_mosaic","big","med","small","pinterest"]},"first_frame_versions":{"template":"https://coub-anubis-a.akamaized.net/coub_storage/coub/simple/cw_timeline_pic/7bb4721bbdc/ab6090fb5371196a64b73/%{version}_1533056539_image.jpg","versions":["big","med","small","ios_large"]},"dimensions":{"big":[1280,720],"med":[640,360]},"site_w_h":[640,360],"page_w_h":[640,360],"site_w_h_small":[310,174],"size":[1280,720],"age_restricted":false,"age_restricted_by_admin":false,"not_safe_for_work":false,"allow_reuse":false,"dont_crop":false,"banned":false,"global_safe":true,"audio_file_url":"https://coub-anubis-a.akamaized.net/coub_storage/audio_track/cw_normalized_copy/18dc0bd1626/7762907e4fc3794f7eab0/low_1533056532_xjddlg_normalized_1533056530_gxx10p_edited.mp3","external_download":false,"application":null,"channel":{"id":6932850,"permalink":"yeah.i.am.tired","title":"FIRE ^_^ SWAN 2.0","description":"это новый канал\r\nно сейчас у меня дох дел\r\n(тип важная пзда(нет)\r\n+сейчас решила уйти в иную сферу так сказатб\r\nвернусь когда совесть дожрет","followers_count":26,"following_count":12,"avatar_versions":{"template":"https://coub-anubis-a.akamaized.net/coub_storage/channel/cw_avatar/33f5376b2de/0c89d85764c5af8110cbc/%{version}_1607700283_t6o6ww_1592965799_cropped.jpeg","versions":["medium","medium_2x","profile_pic","profile_pic_new","profile_pic_new_2x","tiny","tiny_2x","small","small_2x","ios_large","ios_small"]}},"file":null,"picture":"https://coub-anubis-a.akamaized.net/coub_storage/coub/simple/cw_image/2a8186ac65d/d14b846578ce25c48f1ca/1533056539_00018.jpg","timeline_picture":"https://coub-anubis-a.akamaized.net/coub_storage/coub/simple/cw_timeline_pic/7bb4721bbdc/ab6090fb5371196a64b73/ios_large_1533056539_image.jpg","small_picture":"https://coub-anubis-a.akamaized.net/coub_storage/coub/simple/cw_image/2a8186ac65d/d14b846578ce25c48f1ca/1533056539_00018.jpg","sharing_picture":null,"percent_done":100,"tags":[{"id":165,"title":"anime","value":"anime"},{"id":420,"title":"pixel","value":"pixel"},{"id":86,"title":"music","value":"music"},{"id":3724,"title":"amv","value":"amv"},{"id":951,"title":"top","value":"top"},{"id":367,"title":"hot","value":"hot"},{"id":2707,"title":"omg","value":"omg"},{"id":1140,"title":"game","value":"game"},{"id":134,"title":"cat","value":"cat"},{"id":39,"title":"cats","value":"cats"},{"id":1173,"title":"car","value":"car"},{"id":993,"title":"cars","value":"cars"},{"id":3266,"title":"porn","value":"porn"},{"id":5265,"title":"naruto","value":"naruto"},{"id":9407,"title":"home video","value":"home%20video"},{"id":636,"title":"drift","value":"drift"},{"id":160293,"title":"2018","value":"2018"},{"id":1884070,"title":"2k18","value":"2k18"},{"id":164,"title":"аниме","value":"%D0%B0%D0%BD%D0%B8%D0%BC%D0%B5"},{"id":50,"title":"coub","value":"coub"}],"categories":[{"id":2,"title":"Art & Design","permalink":"art","subscriptions_count":10092089,"big_image_url":"https://coub-anubis-a.akamaized.net/coub_storage/category/cw_image/bc49636b5e9/9d819c4215f13ccf07a7b/big_1544749302_art2.png","small_image_url":"https://coub-anubis-a.akamaized.net/coub_storage/category/cw_image/bc49636b5e9/9d819c4215f13ccf07a7b/small_1544749302_art2.png","med_image_url":"https://coub-anubis-a.akamaized.net/coub_storage/category/cw_image/bc49636b5e9/9d819c4215f13ccf07a7b/med_1544749302_art2.png","visible":true}],"communities":[{"id":2,"title":"Art & Design","permalink":"art","subscriptions_count":10092089,"big_image_url":"https://coub-anubis-a.akamaized.net/coub_storage/category/cw_image/bc49636b5e9/9d819c4215f13ccf07a7b/big_1544749302_art2.png","small_image_url":"https://coub-anubis-a.akamaized.net/coub_storage/category/cw_image/bc49636b5e9/9d819c4215f13ccf07a7b/small_1544749302_art2.png","med_image_url":"https://coub-anubis-a.akamaized.net/coub_storage/category/cw_image/bc49636b5e9/9d819c4215f13ccf07a7b/med_1544749302_art2.png","i_subscribed":true,"community_notifications_enabled":null,"description":null}],"recoubs_count":562,"remixes_count":10,"likes_count":2112,"dislikes_count":0,"raw_video_id":12126628,"uploaded_by_ios_app":false,"uploaded_by_android_app":false,"media_blocks":{"uploaded_raw_videos":[],"external_raw_videos":[],"remixed_from_coubs":[]},"raw_video_thumbnail_url":"/missing/missing.png","raw_video_title":"IMG_8581.gif","video_block_banned":false,"duration":5.68,"promo_winner":false,"promo_winner_recoubers":null,"editorial_info":{},"promo_hint":null,"beeline_best_2014":null,"from_web_editor":true,"normalize_sound":true,"normalize_change_allowed":true,"best2015_addable":false,"ahmad_promo":null,"promo_data":null,"audio_copyright_claim":null,"ads_disabled":false,"is_safe_for_ads":true,"megafon_contents":[],"position_on_page":5},{"flag":null,"abuses":null,"recoubs_by_users_channels":null,"favourite":false,"promoted_id":null,"recoub":null,"like":null,"dislike":null,"reaction":null,"in_my_best2015":false,"id":57257791,"type":"Coub::Simple","permalink":"xn3de","title":"Evolution","visibility_type":"public","original_visibility_type":"public","channel_id":1818110,"created_at":"2017-09-13T21:06:28Z","updated_at":"2022-03-18T02:44:09Z","is_done":true,"views_count":113517,"cotd":null,"cotd_at":null,"visible_on_explore_root":true,"visible_on_explore":true,"featured":true,"published":true,"published_at":"2017-09-13T21:06:28Z","reversed":false,"from_editor_v2":true,"is_editable":true,"original_sound":false,"has_sound":false,"recoub_to":null,"file_versions":{"html5":{"video":{"higher":{"url":"https://coub-anubis-a.akamaized.net/coub_storage/coub/simple/cw_file/c281bec37c6/a8e4c0cd5adc9ba43d970/muted_mp4_huge_size_1568146599_muted_huge.mp4","size":703977},"high":{"url":"https://coub-anubis-a.akamaized.net/coub_storage/coub/simple/cw_file/c281bec37c6/a8e4c0cd5adc9ba43d970/muted_mp4_big_size_1568146599_muted_big.mp4","size":578483},"med":{"url":"https://coub-anubis-a.akamaized.net/coub_storage/coub/simple/cw_file/c281bec37c6/a8e4c0cd5adc9ba43d970/muted_mp4_med_size_1568146599_muted_med.mp4","size":156756}},"audio":{"high":{"url":"https://coub-anubis-a.akamaized.net/coub_storage/coub/simple/cw_looped_audio_high/b2167a8921d/5b17432971ae92ad133ea/1605568549_high_1505336830_high.mp3","size":4386191},"med":{"url":"https://coub-anubis-a.akamaized.net/coub_storage/coub/simple/cw_looped_audio_med/824b63b33d3/cc32cc8313909633f75e5/1605568548_med_1505336830_med.mp3","size":3476838}}},"mobile":{"video":"https://coub-anubis-a.akamaized.net/coub_storage/coub/simple/cw_file/c281bec37c6/a8e4c0cd5adc9ba43d970/muted_mp4_med_size_1568146599_muted_med.mp4","audio":["https://coub-anubis-a.akamaized.net/coub_storage/coub/simple/cw_looped_audio_med/824b63b33d3/cc32cc8313909633f75e5/1605568548_med_1505336830_med.mp3"]},"share":{"default":"https://coub-anubis-a.akamaized.net/coub_storage/coub/simple/cw_video_for_sharing/1d4f592fb6f/aa0e6646d1e02b602aae2/1609287396_looped_1609287395.mp4"}},"audio_versions":{"template":"https://coub-anubis-a.akamaized.net/coub_storage/audio_track/cw_normalized_copy/c975ac24e7b/6d4ebd5dbde99254a5633/mid_1505336816_169nf9u_normalized_1505336799_og54p6_edited.mp3","versions":["mid","low"]},"image_versions":{"template":"https://coub-anubis-a.akamaized.net/coub_storage/coub/simple/cw_image/343e348327b/5842cdc4677beaa36840c/1505336845_00030.jpg","versions":["micro","tiny","age_restricted","ios_large","ios_mosaic","big","med","small","pinterest"]},"first_frame_versions":{"template":"https://coub-anubis-a.akamaized.net/coub_storage/coub/simple/cw_timeline_pic/9a4520a8b78/546476eebe7333dc349f0/1505336844_image.jpg","versions":["big","med","small","ios_large"]},"dimensions":{"big":[1280,720],"med":[640,360]},"site_w_h":[640,360],"page_w_h":[640,360],"site_w_h_small":[310,174],"size":[1280,720],"age_restricted":false,"age_restricted_by_admin":false,"not_safe_for_work":false,"allow_reuse":false,"dont_crop":false,"banned":false,"global_safe":true,"audio_file_url":"https://coub-anubis-a.akamaized.net/coub_storage/audio_track/cw_normalized_copy/c975ac24e7b/6d4ebd5dbde99254a5633/low_1505336816_169nf9u_normalized_1505336799_og54p6_edited.mp3","external_download":{"type":"Youtube","service_name":"YouTube","url":"http://www.youtube.com/watch?v=EOYsIEH_Ykk&feature=youtu.be","has_embed":true},"application":null,"channel":{"id":1818110,"permalink":"sandro.sandro","title":"Sandro Sandro","description":null,"followers_count":1096,"following_count":10,"avatar_versions":{"template":"https://coub-anubis-a.akamaized.net/coub_storage/channel/cw_avatar/1ab4e2e2ac5/7dc4310c4e49a8099db5a/%{version}_1607421517_eboios_1525031835_10882147_782743898465205_2941909378147316515_n.jpg","versions":["medium","medium_2x","profile_pic","profile_pic_new","profile_pic_new_2x","tiny","tiny_2x","small","small_2x","ios_large","ios_small"]}},"file":null,"picture":"https://coub-anubis-a.akamaized.net/coub_storage/coub/simple/cw_image/343e348327b/5842cdc4677beaa36840c/1505336845_00030.jpg","timeline_picture":"https://coub-anubis-a.akamaized.net/coub_storage/coub/simple/cw_timeline_pic/9a4520a8b78/546476eebe7333dc349f0/1505336844_image.jpg","small_picture":"https://coub-anubis-a.akamaized.net/coub_storage/coub/simple/cw_image/343e348327b/5842cdc4677beaa36840c/1505336845_00030.jpg","sharing_picture":null,"percent_done":100,"tags":[{"id":10556,"title":"mustang","value":"mustang"},{"id":10555,"title":"ford","value":"ford"}],"categories":[{"id":2,"title":"Art & Design","permalink":"art","subscriptions_count":10092089,"big_image_url":"https://coub-anubis-a.akamaized.net/coub_storage/category/cw_image/bc49636b5e9/9d819c4215f13ccf07a7b/big_1544749302_art2.png","small_image_url":"https://coub-anubis-a.akamaized.net/coub_storage/category/cw_image/bc49636b5e9/9d819c4215f13ccf07a7b/small_1544749302_art2.png","med_image_url":"https://coub-anubis-a.akamaized.net/coub_storage/category/cw_image/bc49636b5e9/9d819c4215f13ccf07a7b/med_1544749302_art2.png","visible":true}],"communities":[{"id":2,"title":"Art & Design","permalink":"art","subscriptions_count":10092089,"big_image_url":"https://coub-anubis-a.akamaized.net/coub_storage/category/cw_image/bc49636b5e9/9d819c4215f13ccf07a7b/big_1544749302_art2.png","small_image_url":"https://coub-anubis-a.akamaized.net/coub_storage/category/cw_image/bc49636b5e9/9d819c4215f13ccf07a7b/small_1544749302_art2.png","med_image_url":"https://coub-anubis-a.akamaized.net/coub_storage/category/cw_image/bc49636b5e9/9d819c4215f13ccf07a7b/med_1544749302_art2.png","i_subscribed":true,"community_notifications_enabled":null,"description":null}],"recoubs_count":547,"remixes_count":4,"likes_count":2112,"dislikes_count":0,"raw_video_id":10243086,"uploaded_by_ios_app":false,"uploaded_by_android_app":false,"media_blocks":{"uploaded_raw_videos":[],"external_raw_videos":[{"id":22369133,"title":"Untitledkkk","url":"http://www.youtube.com/watch?v=EOYsIEH_Ykk","image":"https://coub-anubis-a.akamaized.net/coub_storage/media_block/cw_image/7282642d7e3/42a84df751cd583ec4ae8/1505336471_1505336468_4mckso_att-url-download.jpg","image_retina":"https://coub-anubis-a.akamaized.net/coub_storage/media_block/cw_image/7282642d7e3/42a84df751cd583ec4ae8/1505336471_1505336468_4mckso_att-url-download.jpg","meta":{"service":"Youtube","duration":"9.36"},"duration":9.36,"raw_video_id":10243086,"has_embed":true}],"remixed_from_coubs":[],"external_video":{"id":22369133,"title":"Untitledkkk","url":"http://www.youtube.com/watch?v=EOYsIEH_Ykk","image":"https://coub-anubis-a.akamaized.net/coub_storage/media_block/cw_image/7282642d7e3/42a84df751cd583ec4ae8/1505336471_1505336468_4mckso_att-url-download.jpg","image_retina":"https://coub-anubis-a.akamaized.net/coub_storage/media_block/cw_image/7282642d7e3/42a84df751cd583ec4ae8/1505336471_1505336468_4mckso_att-url-download.jpg","meta":{"service":"Youtube","duration":"9.36"},"duration":9.36,"raw_video_id":10243086,"has_embed":true}},"raw_video_thumbnail_url":"/missing/missing.png","raw_video_title":"Untitledkkk","video_block_banned":false,"duration":9.36,"promo_winner":false,"promo_winner_recoubers":null,"editorial_info":{},"promo_hint":null,"beeline_best_2014":null,"from_web_editor":true,"normalize_sound":true,"normalize_change_allowed":true,"best2015_addable":false,"ahmad_promo":null,"promo_data":null,"audio_copyright_claim":null,"ads_disabled":false,"is_safe_for_ads":true,"megafon_contents":[],"position_on_page":6},{"flag":null,"abuses":null,"recoubs_by_users_channels":null,"favourite":false,"promoted_id":null,"recoub":null,"like":null,"dislike":null,"reaction":null,"in_my_best2015":false,"id":103006,"type":"Coub::Simple","permalink":"6ukniew","title":"can you?","visibility_type":"public","original_visibility_type":"public","channel_id":1168459,"created_at":"2013-05-08T19:03:05Z","updated_at":"2022-03-16T18:06:15Z","is_done":true,"views_count":126480,"cotd":null,"cotd_at":null,"visible_on_explore_root":false,"visible_on_explore":false,"featured":false,"published":true,"published_at":"2013-05-08T19:03:05Z","reversed":false,"from_editor_v2":true,"is_editable":true,"original_sound":true,"has_sound":true,"recoub_to":null,"file_versions":{"html5":{"video":{"higher":{"url":"https://coub-anubis-a.akamaized.net/coub_storage/coub/simple/cw_file/94027191220/2085724c0c3c8a9c20afe/muted_mp4_huge_size_1567672962_muted_huge.mp4","size":966684},"high":{"url":"https://coub-anubis-a.akamaized.net/coub_storage/coub/simple/cw_file/94027191220/2085724c0c3c8a9c20afe/muted_mp4_big_size_1567672962_muted_big.mp4","size":662881},"med":{"url":"https://coub-anubis-a.akamaized.net/coub_storage/coub/simple/cw_file/94027191220/2085724c0c3c8a9c20afe/muted_mp4_med_size_1567672962_muted_med.mp4","size":208441}},"audio":{"high":{"url":"https://coub-anubis-a.akamaized.net/coub_storage/coub/simple/cw_looped_audio_high/0dc0e4abbbf/ddb8e5bf040bf3eb3b673/1605390659_high_1445497619_high.mp3","size":1201840},"med":{"url":"https://coub-anubis-a.akamaized.net/coub_storage/coub/simple/cw_looped_audio_med/50bc01232f5/55767601fbf4e03210b5e/1605390659_med_1445497619_med.mp3","size":801226},"sample_duration":10.009}},"mobile":{"video":"https://coub-anubis-a.akamaized.net/coub_storage/coub/simple/cw_file/94027191220/2085724c0c3c8a9c20afe/muted_mp4_med_size_1567672962_muted_med.mp4","audio":["https://coub-anubis-a.akamaized.net/coub_storage/coub/simple/cw_looped_audio_med/50bc01232f5/55767601fbf4e03210b5e/1605390659_med_1445497619_med.mp3"]},"share":{"default":"https://coub-anubis-a.akamaized.net/coub_storage/coub/simple/cw_video_for_sharing/68235c41bb7/47622eae3b3051272aecf/1637920687_looped_1637920687.mp4"}},"audio_versions":{},"image_versions":{"template":"https://coub-anubis-a.akamaized.net/coub_storage/coub/simple/cw_image/180beec62b2/b9187f4389c2d1d4b1c8c/1445360883_00032.jpg","versions":["micro","tiny","age_restricted","ios_large","ios_mosaic","big","med","small","pinterest"]},"first_frame_versions":{"template":"https://coub-anubis-a.akamaized.net/coub_storage/coub/simple/cw_timeline_pic/180beec62b2/b9187f4389c2d1d4b1c8c/%{version}_1445360883_image.jpg","versions":["big","med","small","ios_large"]},"dimensions":{"big":[1280,574],"med":[640,286]},"site_w_h":[640,287],"page_w_h":[640,287],"site_w_h_small":[310,139],"size":[1280,574],"age_restricted":false,"age_restricted_by_admin":false,"not_safe_for_work":false,"allow_reuse":false,"dont_crop":false,"banned":false,"global_safe":true,"audio_file_url":null,"external_download":{"type":"Vimeo","service_name":"Vimeo","url":"https://vimeo.com/64595529","has_embed":true},"application":null,"channel":{"id":1168459,"permalink":"samcouldntdance","title":"Dima Govor","description":null,"followers_count":1363,"following_count":428,"avatar_versions":{"template":"https://coub-anubis-a.akamaized.net/coub_storage/channel/cw_avatar/072076ce56b/4f791a22908f90a14cf52/%{version}_1608886505_148f2fr_1474689547_be4e42b3f5f7.jpg","versions":["medium","medium_2x","profile_pic","profile_pic_new","profile_pic_new_2x","tiny","tiny_2x","small","small_2x","ios_large","ios_small"]}},"file":null,"picture":"https://coub-anubis-a.akamaized.net/coub_storage/coub/simple/cw_image/180beec62b2/b9187f4389c2d1d4b1c8c/1445360883_00032.jpg","timeline_picture":"https://coub-anubis-a.akamaized.net/coub_storage/coub/simple/cw_timeline_pic/180beec62b2/b9187f4389c2d1d4b1c8c/ios_large_1445360883_image.jpg","small_picture":"https://coub-anubis-a.akamaized.net/coub_storage/coub/simple/cw_image/180beec62b2/b9187f4389c2d1d4b1c8c/1445360883_00032.jpg","sharing_picture":null,"percent_done":100,"tags":[{"id":449,"title":"wall-e","value":"wall-e"},{"id":190145,"title":"the twilight zone","value":"the%20twilight%20zone"},{"id":228,"title":"transformers","value":"transformers"},{"id":1008,"title":"star trek","value":"star%20trek"},{"id":1434,"title":"prometheus","value":"prometheus"},{"id":78782,"title":"lost in space","value":"lost%20in%20space"},{"id":123800,"title":"i robot","value":"i%20robot"},{"id":191445,"title":"forbidden planet","value":"forbidden%20planet"},{"id":1033,"title":"blade runner","value":"blade%20runner"},{"id":332121,"title":"bicentennial man","value":"bicentennial%20man"},{"id":2362,"title":"alien","value":"alien"},{"id":9208,"title":"2001: a space odyssey","value":"2001:%20a%20space%20odyssey"},{"id":18185,"title":"android","value":"android"},{"id":77536,"title":"artificial intelligence","value":"artificial%20intelligence"},{"id":239,"title":"robot","value":"robot"}],"categories":[{"id":2,"title":"Art & Design","permalink":"art","subscriptions_count":10092089,"big_image_url":"https://coub-anubis-a.akamaized.net/coub_storage/category/cw_image/bc49636b5e9/9d819c4215f13ccf07a7b/big_1544749302_art2.png","small_image_url":"https://coub-anubis-a.akamaized.net/coub_storage/category/cw_image/bc49636b5e9/9d819c4215f13ccf07a7b/small_1544749302_art2.png","med_image_url":"https://coub-anubis-a.akamaized.net/coub_storage/category/cw_image/bc49636b5e9/9d819c4215f13ccf07a7b/med_1544749302_art2.png","visible":true}],"communities":[{"id":2,"title":"Art & Design","permalink":"art","subscriptions_count":10092089,"big_image_url":"https://coub-anubis-a.akamaized.net/coub_storage/category/cw_image/bc49636b5e9/9d819c4215f13ccf07a7b/big_1544749302_art2.png","small_image_url":"https://coub-anubis-a.akamaized.net/coub_storage/category/cw_image/bc49636b5e9/9d819c4215f13ccf07a7b/small_1544749302_art2.png","med_image_url":"https://coub-anubis-a.akamaized.net/coub_storage/category/cw_image/bc49636b5e9/9d819c4215f13ccf07a7b/med_1544749302_art2.png","i_subscribed":true,"community_notifications_enabled":null,"description":null}],"recoubs_count":373,"remixes_count":5,"likes_count":2111,"dislikes_count":0,"raw_video_id":70997,"uploaded_by_ios_app":false,"uploaded_by_android_app":false,"media_blocks":{"uploaded_raw_videos":[],"external_raw_videos":[{"id":10962616,"title":"Robot","url":"http://vimeo.com/64595529","image":"https://coub-anubis-a.akamaized.net/coub_storage/media_block/cw_image/fbc213ccb45/1fb71efe283179c47c5a5/1488376314_1407439934_1395322379_1i36jvm_att-url-download.jpg","image_retina":"https://coub-anubis-a.akamaized.net/coub_storage/media_block/cw_image/fbc213ccb45/1fb71efe283179c47c5a5/1488376314_1407439934_1395322379_1i36jvm_att-url-download.jpg","meta":{"service":"Vimeo","duration":"559.84"},"duration":559.84,"raw_video_id":70997,"has_embed":true}],"remixed_from_coubs":[],"external_video":{"id":10962616,"title":"Robot","url":"http://vimeo.com/64595529","image":"https://coub-anubis-a.akamaized.net/coub_storage/media_block/cw_image/fbc213ccb45/1fb71efe283179c47c5a5/1488376314_1407439934_1395322379_1i36jvm_att-url-download.jpg","image_retina":"https://coub-anubis-a.akamaized.net/coub_storage/media_block/cw_image/fbc213ccb45/1fb71efe283179c47c5a5/1488376314_1407439934_1395322379_1i36jvm_att-url-download.jpg","meta":{"service":"Vimeo","duration":"559.84"},"duration":559.84,"raw_video_id":70997,"has_embed":true}},"raw_video_thumbnail_url":"/missing/missing.png","raw_video_title":"Robot","video_block_banned":false,"duration":10.04,"promo_winner":false,"promo_winner_recoubers":null,"editorial_info":{},"promo_hint":null,"beeline_best_2014":null,"from_web_editor":true,"normalize_sound":true,"normalize_change_allowed":true,"best2015_addable":false,"ahmad_promo":null,"promo_data":null,"audio_copyright_claim":null,"ads_disabled":null,"is_safe_for_ads":true,"megafon_contents":[],"position_on_page":7},{"flag":null,"abuses":null,"recoubs_by_users_channels":null,"favourite":false,"promoted_id":null,"recoub":null,"like":null,"dislike":null,"reaction":null,"in_my_best2015":false,"id":168495033,"type":"Coub::Simple","permalink":"2ryygh","title":"Light Theme","visibility_type":"public","original_visibility_type":"public","channel_id":14010508,"created_at":"2021-05-10T21:20:31Z","updated_at":"2022-03-10T23:23:06Z","is_done":true,"views_count":159868,"cotd":null,"cotd_at":null,"visible_on_explore_root":false,"visible_on_explore":false,"featured":false,"published":true,"published_at":"2021-05-10T21:20:31Z","reversed":false,"from_editor_v2":true,"is_editable":true,"original_sound":true,"has_sound":true,"recoub_to":null,"file_versions":{"html5":{"video":{"higher":{"url":"https://coub-anubis-a.akamaized.net/coub_storage/coub/simple/cw_file/f3cab423c34/55326fc419044b3e1929b/muted_mp4_huge_size_1620681637_muted_huge.mp4","size":948365},"high":{"url":"https://coub-anubis-a.akamaized.net/coub_storage/coub/simple/cw_file/f3cab423c34/55326fc419044b3e1929b/muted_mp4_big_size_1620681637_muted_big.mp4","size":662317},"med":{"url":"https://coub-anubis-a.akamaized.net/coub_storage/coub/simple/cw_file/f3cab423c34/55326fc419044b3e1929b/muted_mp4_med_size_1620681637_muted_med.mp4","size":234406}},"audio":{"high":{"url":"https://coub-anubis-a.akamaized.net/coub_storage/coub/simple/cw_looped_audio_high/2590eb126dc/fdaef9b7c8e0b69422ffa/1620681639_mp3-high.mp3","size":1043795},"med":{"url":"https://coub-anubis-a.akamaized.net/coub_storage/coub/simple/cw_looped_audio_med/967f367e70a/e1573d4aa902bf1add438/1620681638_mp3-med.mp3","size":799076},"sample_duration":10.008}},"mobile":{"video":"https://coub-anubis-a.akamaized.net/coub_storage/coub/simple/cw_file/f3cab423c34/55326fc419044b3e1929b/muted_mp4_med_size_1620681637_muted_med.mp4","audio":["https://coub-anubis-a.akamaized.net/coub_storage/coub/simple/cw_looped_audio_med/967f367e70a/e1573d4aa902bf1add438/1620681638_mp3-med.mp3"]},"share":{"default":"https://coub-anubis-a.akamaized.net/coub_storage/coub/simple/cw_video_for_sharing/13177185f53/8e17c15c2b5f91886629b/1620681660_looped_1620681659.mp4"}},"audio_versions":{},"image_versions":{"template":"https://coub-anubis-a.akamaized.net/coub_storage/coub/simple/cw_image/32715f4acb0/c82e458142a3e9de56a08/%{version}_1620681642_00032.jpg","versions":["micro","tiny","age_restricted","ios_large","ios_mosaic","big","med","small","pinterest"]},"first_frame_versions":{"template":"https://coub-anubis-a.akamaized.net/coub_storage/coub/simple/cw_timeline_pic/a69fa43c9fc/75969f231747406d6da2e/%{version}_1620681642_image.jpg","versions":["big","med","small","ios_large"]},"dimensions":{"big":[1280,718],"med":[640,358]},"site_w_h":[640,359],"page_w_h":[640,359],"site_w_h_small":[310,174],"size":[1280,718],"age_restricted":false,"age_restricted_by_admin":false,"not_safe_for_work":false,"allow_reuse":false,"dont_crop":true,"banned":false,"global_safe":null,"audio_file_url":null,"external_download":false,"application":null,"channel":{"id":14010508,"permalink":"neoland-art","title":"Neoland-Art","description":null,"followers_count":9,"following_count":22,"avatar_versions":{"template":"https://coub-anubis-a.akamaized.net/coub_storage/channel/cw_avatar/296e4f923f6/659719b9e9283f4a8f635/%{version}_1645781647_Copie_de_profile_pic_big_1626815643_Sexy_Hayabusaa.png","versions":["medium","medium_2x","profile_pic","profile_pic_new","profile_pic_new_2x","tiny","tiny_2x","small","small_2x","ios_large","ios_small"]}},"file":null,"picture":"https://coub-anubis-a.akamaized.net/coub_storage/coub/simple/cw_image/32715f4acb0/c82e458142a3e9de56a08/med_1620681642_00032.jpg","timeline_picture":"https://coub-anubis-a.akamaized.net/coub_storage/coub/simple/cw_timeline_pic/a69fa43c9fc/75969f231747406d6da2e/ios_large_1620681642_image.jpg","small_picture":"https://coub-anubis-a.akamaized.net/coub_storage/coub/simple/cw_image/32715f4acb0/c82e458142a3e9de56a08/ios_mosaic_1620681642_00032.jpg","sharing_picture":null,"percent_done":100,"tags":[{"id":5702944,"title":"light theme","value":"light%20theme"},{"id":424,"title":"animation","value":"animation"},{"id":91372,"title":"discord","value":"discord"},{"id":3072,"title":"art","value":"art"},{"id":385,"title":"design","value":"design"},{"id":13761,"title":"theme","value":"theme"},{"id":169,"title":"fun","value":"fun"},{"id":1071,"title":"cool","value":"cool"}],"categories":[{"id":2,"title":"Art & Design","permalink":"art","subscriptions_count":10092089,"big_image_url":"https://coub-anubis-a.akamaized.net/coub_storage/category/cw_image/bc49636b5e9/9d819c4215f13ccf07a7b/big_1544749302_art2.png","small_image_url":"https://coub-anubis-a.akamaized.net/coub_storage/category/cw_image/bc49636b5e9/9d819c4215f13ccf07a7b/small_1544749302_art2.png","med_image_url":"https://coub-anubis-a.akamaized.net/coub_storage/category/cw_image/bc49636b5e9/9d819c4215f13ccf07a7b/med_1544749302_art2.png","visible":true}],"communities":[{"id":2,"title":"Art & Design","permalink":"art","subscriptions_count":10092089,"big_image_url":"https://coub-anubis-a.akamaized.net/coub_storage/category/cw_image/bc49636b5e9/9d819c4215f13ccf07a7b/big_1544749302_art2.png","small_image_url":"https://coub-anubis-a.akamaized.net/coub_storage/category/cw_image/bc49636b5e9/9d819c4215f13ccf07a7b/small_1544749302_art2.png","med_image_url":"https://coub-anubis-a.akamaized.net/coub_storage/category/cw_image/bc49636b5e9/9d819c4215f13ccf07a7b/med_1544749302_art2.png","i_subscribed":true,"community_notifications_enabled":null,"description":null}],"recoubs_count":381,"remixes_count":0,"likes_count":2108,"dislikes_count":0,"raw_video_id":16430339,"uploaded_by_ios_app":false,"uploaded_by_android_app":false,"media_blocks":{"uploaded_raw_videos":[],"external_raw_videos":[],"remixed_from_coubs":[]},"raw_video_thumbnail_url":"https://coub-anubis-a.akamaized.net/coub_storage/raw_video/cw_image/ff73544f732/7ddb0e3c7d6aa5c04d472/coub_media_1620681457_image.jpg","raw_video_title":"Light_Theme.mp4","video_block_banned":false,"duration":10.0,"promo_winner":false,"promo_winner_recoubers":null,"editorial_info":{},"promo_hint":null,"beeline_best_2014":null,"from_web_editor":true,"normalize_sound":true,"normalize_change_allowed":true,"best2015_addable":false,"ahmad_promo":null,"promo_data":null,"audio_copyright_claim":null,"ads_disabled":false,"is_safe_for_ads":true,"megafon_contents":[],"position_on_page":8},{"flag":null,"abuses":null,"recoubs_by_users_channels":null,"favourite":false,"promoted_id":null,"recoub":null,"like":null,"dislike":null,"reaction":null,"in_my_best2015":false,"id":167752621,"type":"Coub::Simple","permalink":"2rj1lt","title":"summer afternoon","visibility_type":"public","original_visibility_type":"public","channel_id":4516007,"created_at":"2021-04-28T09:46:18Z","updated_at":"2022-03-17T19:41:44Z","is_done":true,"views_count":153110,"cotd":null,"cotd_at":null,"visible_on_explore_root":true,"visible_on_explore":true,"featured":true,"published":true,"published_at":"2021-04-28T09:46:18Z","reversed":false,"from_editor_v2":true,"is_editable":true,"original_sound":false,"has_sound":false,"recoub_to":null,"file_versions":{"html5":{"video":{"higher":{"url":"https://coub-anubis-a.akamaized.net/coub_storage/coub/simple/cw_file/e7bf8dc96f7/e233edf3680a32da82f0a/muted_mp4_huge_size_1619603180_muted_huge.mp4","size":161854},"high":{"url":"https://coub-anubis-a.akamaized.net/coub_storage/coub/simple/cw_file/e7bf8dc96f7/e233edf3680a32da82f0a/muted_mp4_big_size_1619603180_muted_big.mp4","size":104029},"med":{"url":"https://coub-anubis-a.akamaized.net/coub_storage/coub/simple/cw_file/e7bf8dc96f7/e233edf3680a32da82f0a/muted_mp4_med_size_1619603180_muted_med.mp4","size":38175}},"audio":{"high":{"url":"https://coub-anubis-a.akamaized.net/coub_storage/coub/simple/cw_looped_audio_high/097f942bfa4/bcd20078114fceb52c9fd/1619603189_mp3-high.mp3","size":881501},"med":{"url":"https://coub-anubis-a.akamaized.net/coub_storage/coub/simple/cw_looped_audio_med/632183aaf23/217f5e315067a64b7d4ef/1619603188_mp3-med.mp3","size":723078}}},"mobile":{"video":"https://coub-anubis-a.akamaized.net/coub_storage/coub/simple/cw_file/e7bf8dc96f7/e233edf3680a32da82f0a/muted_mp4_med_size_1619603180_muted_med.mp4","audio":["https://coub-anubis-a.akamaized.net/coub_storage/coub/simple/cw_looped_audio_med/632183aaf23/217f5e315067a64b7d4ef/1619603188_mp3-med.mp3"]},"share":{"default":"https://coub-anubis-a.akamaized.net/coub_storage/coub/simple/cw_video_for_sharing/c9cd0f5a9c2/4e0d21be4729f18d53c7d/1619603207_looped_1619603206.mp4"}},"audio_versions":{"template":"https://coub-anubis-a.akamaized.net/coub_storage/audio_track/cw_file/bc53a734014/253b4349eaae077b8b7b6/mid_1619603182_o4gsig_edited.mp3","versions":["mid","low"]},"image_versions":{"template":"https://coub-anubis-a.akamaized.net/coub_storage/coub/simple/cw_image/e2cb6a46e2c/494cd239287694e83dbf1/%{version}_1619603190_00006.jpg","versions":["micro","tiny","age_restricted","ios_large","ios_mosaic","big","med","small","pinterest"]},"first_frame_versions":{"template":"https://coub-anubis-a.akamaized.net/coub_storage/coub/simple/cw_timeline_pic/a9cf4637a8a/ec7466b151643d2fbc404/%{version}_1619603190_image.jpg","versions":["big","med","small","ios_large"]},"dimensions":{"big":[1280,820],"med":[640,410]},"site_w_h":[640,410],"page_w_h":[640,410],"site_w_h_small":[310,199],"size":[1280,820],"age_restricted":false,"age_restricted_by_admin":false,"not_safe_for_work":false,"allow_reuse":false,"dont_crop":true,"banned":false,"global_safe":true,"audio_file_url":"https://coub-anubis-a.akamaized.net/coub_storage/audio_track/cw_file/bc53a734014/253b4349eaae077b8b7b6/low_1619603182_o4gsig_edited.mp3","external_download":false,"application":null,"channel":{"id":4516007,"permalink":"kiwifruit","title":"Kiwi ☘","description":null,"followers_count":1146,"following_count":237,"avatar_versions":{"template":"https://coub-anubis-a.akamaized.net/coub_storage/channel/cw_avatar/901ec17204d/90507e89007eb4e2fb94b/%{version}_1645300110_HD-wallpaper-makima-x-gojo-satoru-gojo-jujutsu-kaisen-chainsaw-man.jpg","versions":["medium","medium_2x","profile_pic","profile_pic_new","profile_pic_new_2x","tiny","tiny_2x","small","small_2x","ios_large","ios_small"]}},"file":null,"picture":"https://coub-anubis-a.akamaized.net/coub_storage/coub/simple/cw_image/e2cb6a46e2c/494cd239287694e83dbf1/med_1619603190_00006.jpg","timeline_picture":"https://coub-anubis-a.akamaized.net/coub_storage/coub/simple/cw_timeline_pic/a9cf4637a8a/ec7466b151643d2fbc404/ios_large_1619603190_image.jpg","small_picture":"https://coub-anubis-a.akamaized.net/coub_storage/coub/simple/cw_image/e2cb6a46e2c/494cd239287694e83dbf1/ios_mosaic_1619603190_00006.jpg","sharing_picture":null,"percent_done":100,"tags":[{"id":3072,"title":"art","value":"art"},{"id":421,"title":"gif","value":"gif"},{"id":5666880,"title":"indie_anime","value":"indie_anime"},{"id":268,"title":"summer","value":"summer"},{"id":9570,"title":"арт","value":"%D0%B0%D1%80%D1%82"}],"categories":[{"id":2,"title":"Art & Design","permalink":"art","subscriptions_count":10092089,"big_image_url":"https://coub-anubis-a.akamaized.net/coub_storage/category/cw_image/bc49636b5e9/9d819c4215f13ccf07a7b/big_1544749302_art2.png","small_image_url":"https://coub-anubis-a.akamaized.net/coub_storage/category/cw_image/bc49636b5e9/9d819c4215f13ccf07a7b/small_1544749302_art2.png","med_image_url":"https://coub-anubis-a.akamaized.net/coub_storage/category/cw_image/bc49636b5e9/9d819c4215f13ccf07a7b/med_1544749302_art2.png","visible":true}],"communities":[{"id":2,"title":"Art & Design","permalink":"art","subscriptions_count":10092089,"big_image_url":"https://coub-anubis-a.akamaized.net/coub_storage/category/cw_image/bc49636b5e9/9d819c4215f13ccf07a7b/big_1544749302_art2.png","small_image_url":"https://coub-anubis-a.akamaized.net/coub_storage/category/cw_image/bc49636b5e9/9d819c4215f13ccf07a7b/small_1544749302_art2.png","med_image_url":"https://coub-anubis-a.akamaized.net/coub_storage/category/cw_image/bc49636b5e9/9d819c4215f13ccf07a7b/med_1544749302_art2.png","i_subscribed":true,"community_notifications_enabled":null,"description":null}],"recoubs_count":442,"remixes_count":5,"likes_count":2108,"dislikes_count":0,"raw_video_id":16393340,"uploaded_by_ios_app":false,"uploaded_by_android_app":false,"media_blocks":{"uploaded_raw_videos":[],"external_raw_videos":[],"remixed_from_coubs":[]},"raw_video_thumbnail_url":"https://coub-anubis-a.akamaized.net/coub_storage/raw_video/cw_image/6bd26bd4b08/4f5a8309514c876ec1333/coub_media_1619602235_image.jpg","raw_video_title":"____.mp4","video_block_banned":false,"duration":1.64,"promo_winner":false,"promo_winner_recoubers":null,"editorial_info":{},"promo_hint":null,"beeline_best_2014":null,"from_web_editor":true,"normalize_sound":false,"normalize_change_allowed":true,"best2015_addable":false,"ahmad_promo":null,"promo_data":null,"audio_copyright_claim":null,"ads_disabled":false,"is_safe_for_ads":true,"megafon_contents":[],"position_on_page":9},{"flag":null,"abuses":null,"recoubs_by_users_channels":null,"favourite":false,"promoted_id":null,"recoub":null,"like":null,"dislike":null,"reaction":null,"in_my_best2015":false,"id":157201927,"type":"Coub::Simple","permalink":"2l8wkk","title":"Invisible Pillar","visibility_type":"public","original_visibility_type":"public","channel_id":3149466,"created_at":"2020-11-04T16:35:56Z","updated_at":"2022-03-15T22:49:11Z","is_done":true,"views_count":182351,"cotd":null,"cotd_at":null,"visible_on_explore_root":false,"visible_on_explore":false,"featured":false,"published":true,"published_at":"2020-11-04T16:35:56Z","reversed":false,"from_editor_v2":true,"is_editable":true,"original_sound":false,"has_sound":false,"recoub_to":null,"file_versions":{"html5":{"video":{"higher":{"url":"https://coub-anubis-a.akamaized.net/coub_storage/coub/simple/cw_file/f051029ec4c/4e80e27e838e68d7f9d0b/muted_mp4_huge_size_1604507770_muted_huge.mp4","size":2422991},"high":{"url":"https://coub-anubis-a.akamaized.net/coub_storage/coub/simple/cw_file/f051029ec4c/4e80e27e838e68d7f9d0b/muted_mp4_big_size_1604507770_muted_big.mp4","size":1508925},"med":{"url":"https://coub-anubis-a.akamaized.net/coub_storage/coub/simple/cw_file/f051029ec4c/4e80e27e838e68d7f9d0b/muted_mp4_med_size_1604507770_muted_med.mp4","size":502965}},"audio":{"high":{"url":"https://coub-anubis-a.akamaized.net/coub_storage/coub/simple/cw_looped_audio_high/bd5af9abd51/e4361e3df8a82b2c5f8b2/1604507801_mp3-high.mp3","size":2508262},"med":{"url":"https://coub-anubis-a.akamaized.net/coub_storage/coub/simple/cw_looped_audio_med/8e3c7f8e28f/7d6fd86eea45ed314488b/1604507799_mp3-med.mp3","size":1884423}}},"mobile":{"video":"https://coub-anubis-a.akamaized.net/coub_storage/coub/simple/cw_file/f051029ec4c/4e80e27e838e68d7f9d0b/muted_mp4_med_size_1604507770_muted_med.mp4","audio":["https://coub-anubis-a.akamaized.net/coub_storage/coub/simple/cw_looped_audio_med/8e3c7f8e28f/7d6fd86eea45ed314488b/1604507799_mp3-med.mp3"]},"share":{"default":"https://coub-anubis-a.akamaized.net/coub_storage/coub/simple/cw_video_for_sharing/f2a6548780b/bb9b195f93f868a84726f/1608927634_looped_1608927632.mp4"}},"audio_versions":{"template":"https://coub-anubis-a.akamaized.net/coub_storage/audio_track/cw_normalized_copy/d268247ce07/7dd16d97ebcbab80b293a/mid_1604507789_normalized_1604507774_1l2fxj1_edited.mp3","versions":["mid","low"]},"image_versions":{"template":"https://coub-anubis-a.akamaized.net/coub_storage/coub/simple/cw_image/91e4071b730/75077b4e059233398acdd/1604507804_00027.jpg","versions":["micro","tiny","age_restricted","ios_large","ios_mosaic","big","med","small","pinterest"]},"first_frame_versions":{"template":"https://coub-anubis-a.akamaized.net/coub_storage/coub/simple/cw_timeline_pic/3bea02910b8/7b9bf2916fc4fde83bf94/%{version}_1604507804_image.jpg","versions":["big","med","small","ios_large"]},"dimensions":{"big":[960,960],"med":[480,480]},"site_w_h":[400,400],"page_w_h":[400,400],"site_w_h_small":[310,310],"size":[960,960],"age_restricted":false,"age_restricted_by_admin":false,"not_safe_for_work":false,"allow_reuse":false,"dont_crop":true,"banned":false,"global_safe":null,"audio_file_url":"https://coub-anubis-a.akamaized.net/coub_storage/audio_track/cw_normalized_copy/d268247ce07/7dd16d97ebcbab80b293a/low_1604507789_normalized_1604507774_1l2fxj1_edited.mp3","external_download":{"type":"Imgur","service_name":"Imgur","url":"https://imgur.com/gallery/NEmYEE6","has_embed":false},"application":null,"channel":{"id":3149466,"permalink":"yourlife","title":"YOUR LIFE","description":"This is your life","followers_count":1120,"following_count":1,"avatar_versions":{"template":"https://coub-anubis-a.akamaized.net/coub_storage/channel/cw_avatar/2514ee51fe1/c50094f1dc12e04d1ec25/%{version}_1607419496_nx6s25_1546118736_EEEE.png","versions":["medium","medium_2x","profile_pic","profile_pic_new","profile_pic_new_2x","tiny","tiny_2x","small","small_2x","ios_large","ios_small"]}},"file":null,"picture":"https://coub-anubis-a.akamaized.net/coub_storage/coub/simple/cw_image/91e4071b730/75077b4e059233398acdd/1604507804_00027.jpg","timeline_picture":"https://coub-anubis-a.akamaized.net/coub_storage/coub/simple/cw_timeline_pic/3bea02910b8/7b9bf2916fc4fde83bf94/ios_large_1604507804_image.jpg","small_picture":"https://coub-anubis-a.akamaized.net/coub_storage/coub/simple/cw_image/91e4071b730/75077b4e059233398acdd/1604507804_00027.jpg","sharing_picture":null,"percent_done":100,"tags":[{"id":285721,"title":"pillar","value":"pillar"},{"id":4871,"title":"invisible","value":"invisible"},{"id":8773,"title":"drawing","value":"drawing"},{"id":12959,"title":"painting","value":"painting"},{"id":5987005,"title":"невидимый столб","value":"%D0%BD%D0%B5%D0%B2%D0%B8%D0%B4%D0%B8%D0%BC%D1%8B%D0%B9%20%D1%81%D1%82%D0%BE%D0%BB%D0%B1"},{"id":32982,"title":"столб","value":"%D1%81%D1%82%D0%BE%D0%BB%D0%B1"},{"id":928565,"title":"столбы","value":"%D1%81%D1%82%D0%BE%D0%BB%D0%B1%D1%8B"},{"id":158113,"title":"невидимость","value":"%D0%BD%D0%B5%D0%B2%D0%B8%D0%B4%D0%B8%D0%BC%D0%BE%D1%81%D1%82%D1%8C"},{"id":79037,"title":"художник","value":"%D1%85%D1%83%D0%B4%D0%BE%D0%B6%D0%BD%D0%B8%D0%BA"},{"id":129148,"title":"краски","value":"%D0%BA%D1%80%D0%B0%D1%81%D0%BA%D0%B8"},{"id":1222,"title":"рисунок","value":"%D1%80%D0%B8%D1%81%D1%83%D0%BD%D0%BE%D0%BA"}],"categories":[{"id":2,"title":"Art & Design","permalink":"art","subscriptions_count":10092089,"big_image_url":"https://coub-anubis-a.akamaized.net/coub_storage/category/cw_image/bc49636b5e9/9d819c4215f13ccf07a7b/big_1544749302_art2.png","small_image_url":"https://coub-anubis-a.akamaized.net/coub_storage/category/cw_image/bc49636b5e9/9d819c4215f13ccf07a7b/small_1544749302_art2.png","med_image_url":"https://coub-anubis-a.akamaized.net/coub_storage/category/cw_image/bc49636b5e9/9d819c4215f13ccf07a7b/med_1544749302_art2.png","visible":true}],"communities":[{"id":2,"title":"Art & Design","permalink":"art","subscriptions_count":10092089,"big_image_url":"https://coub-anubis-a.akamaized.net/coub_storage/category/cw_image/bc49636b5e9/9d819c4215f13ccf07a7b/big_1544749302_art2.png","small_image_url":"https://coub-anubis-a.akamaized.net/coub_storage/category/cw_image/bc49636b5e9/9d819c4215f13ccf07a7b/small_1544749302_art2.png","med_image_url":"https://coub-anubis-a.akamaized.net/coub_storage/category/cw_image/bc49636b5e9/9d819c4215f13ccf07a7b/med_1544749302_art2.png","i_subscribed":true,"community_notifications_enabled":null,"description":null}],"recoubs_count":333,"remixes_count":1,"likes_count":2108,"dislikes_count":0,"raw_video_id":15836875,"uploaded_by_ios_app":false,"uploaded_by_android_app":false,"media_blocks":{"uploaded_raw_videos":[],"external_raw_videos":[{"id":37360085,"title":"Imgur","url":"https://imgur.com/gallery/NEmYEE6","image":null,"image_retina":null,"meta":{"service":"Imgur","duration":"20.1"},"duration":20.1,"raw_video_id":15836875,"has_embed":false}],"remixed_from_coubs":[],"external_video":{"id":37360085,"title":"Imgur","url":"https://imgur.com/gallery/NEmYEE6","image":null,"image_retina":null,"meta":{"service":"Imgur","duration":"20.1"},"duration":20.1,"raw_video_id":15836875,"has_embed":false}},"raw_video_thumbnail_url":"/missing/missing.png","raw_video_title":"Imgur","video_block_banned":false,"duration":8.44,"promo_winner":false,"promo_winner_recoubers":null,"editorial_info":{},"promo_hint":null,"beeline_best_2014":null,"from_web_editor":true,"normalize_sound":true,"normalize_change_allowed":true,"best2015_addable":false,"ahmad_promo":null,"promo_data":null,"audio_copyright_claim":null,"ads_disabled":false,"is_safe_for_ads":true,"megafon_contents":[],"position_on_page":10}]}