{"page":181,"per_page":10,"total_pages":500,"coubs":[{"flag":null,"abuses":null,"recoubs_by_users_channels":null,"favourite":false,"promoted_id":null,"recoub":null,"like":null,"dislike":null,"reaction":null,"in_my_best2015":false,"id":148390263,"type":"Coub::Simple","permalink":"2g01dw","title":"Rain.....","visibility_type":"public","original_visibility_type":"public","channel_id":4654110,"created_at":"2020-06-28T16:09:39Z","updated_at":"2022-03-17T23:47:25Z","is_done":true,"views_count":161665,"cotd":null,"cotd_at":null,"visible_on_explore_root":true,"visible_on_explore":true,"featured":true,"published":true,"published_at":"2020-06-28T16:09:39Z","reversed":false,"from_editor_v2":true,"is_editable":true,"original_sound":false,"has_sound":false,"recoub_to":null,"file_versions":{"html5":{"video":{"higher":{"url":"https://coub-anubis-a.akamaized.net/coub_storage/coub/simple/cw_file/4aa3f75ca2f/d4169d8bf1f64e8bb8735/muted_mp4_huge_size_1593360581_muted_huge.mp4","size":153329},"high":{"url":"https://coub-anubis-a.akamaized.net/coub_storage/coub/simple/cw_file/4aa3f75ca2f/d4169d8bf1f64e8bb8735/muted_mp4_big_size_1593360581_muted_big.mp4","size":99506},"med":{"url":"https://coub-anubis-a.akamaized.net/coub_storage/coub/simple/cw_file/4aa3f75ca2f/d4169d8bf1f64e8bb8735/muted_mp4_med_size_1593360581_muted_med.mp4","size":39451}},"audio":{"high":{"url":"https://coub-anubis-a.akamaized.net/coub_storage/coub/simple/cw_looped_audio_high/b9ac9c858ad/ed7da209656f8ef6b4f7b/1605683728_high_1593360627_high.mp3","size":4698878},"med":{"url":"https://coub-anubis-a.akamaized.net/coub_storage/coub/simple/cw_looped_audio_med/28ccb01114e/60ed0687c01b1d4a2e438/1605683727_med_1593360627_med.mp3","size":3402303}}},"mobile":{"video":"https://coub-anubis-a.akamaized.net/coub_storage/coub/simple/cw_file/4aa3f75ca2f/d4169d8bf1f64e8bb8735/muted_mp4_med_size_1593360581_muted_med.mp4","audio":["https://coub-anubis-a.akamaized.net/coub_storage/coub/simple/cw_looped_audio_med/28ccb01114e/60ed0687c01b1d4a2e438/1605683727_med_1593360627_med.mp3"]},"share":{"default":"https://coub-anubis-a.akamaized.net/coub_storage/coub/simple/cw_video_for_sharing/4e9270f2e20/e0dc8f5be63bf060fa9b4/1609348511_looped_1609348511.mp4"}},"audio_versions":{"template":"https://coub-anubis-a.akamaized.net/coub_storage/audio_track/cw_normalized_copy/02149bf29bd/047f1e7ed4005d12c9e0a/mid_1593360612_normalized_1593360587_69i25w_edited.mp3","versions":["mid","low"]},"image_versions":{"template":"https://coub-anubis-a.akamaized.net/coub_storage/coub/simple/cw_image/0897ae9cd28/9631a062def56e54429f8/1593360640_00010.jpg","versions":["micro","tiny","age_restricted","ios_large","ios_mosaic","big","med","small","pinterest"]},"first_frame_versions":{"template":"https://coub-anubis-a.akamaized.net/coub_storage/coub/simple/cw_timeline_pic/a289a4d39b4/9034929ba65e44f8b6e4f/%{version}_1593360640_image.jpg","versions":["big","med","small","ios_large"]},"dimensions":{"big":[1280,720],"med":[640,360]},"site_w_h":[640,360],"page_w_h":[640,360],"site_w_h_small":[310,174],"size":[1280,720],"age_restricted":false,"age_restricted_by_admin":false,"not_safe_for_work":false,"allow_reuse":false,"dont_crop":false,"banned":false,"global_safe":true,"audio_file_url":"https://coub-anubis-a.akamaized.net/coub_storage/audio_track/cw_normalized_copy/02149bf29bd/047f1e7ed4005d12c9e0a/low_1593360612_normalized_1593360587_69i25w_edited.mp3","external_download":{"type":"Twitter","service_name":"Twitter","url":"https://twitter.com/i/status/1274918130888761344","has_embed":false},"application":null,"channel":{"id":4654110,"permalink":"jarek244","title":"jarek","description":null,"followers_count":31,"following_count":19,"avatar_versions":{"template":"https://coub-anubis-a.akamaized.net/coub_storage/channel/cw_avatar/70249d3144b/e4cf0d2aac7fa6a64cba9/%{version}_1607419968_80kpm_1533144656_mini_night_elf_druid_by_dedded.jpg","versions":["medium","medium_2x","profile_pic","profile_pic_new","profile_pic_new_2x","tiny","tiny_2x","small","small_2x","ios_large","ios_small"]}},"file":null,"picture":"https://coub-anubis-a.akamaized.net/coub_storage/coub/simple/cw_image/0897ae9cd28/9631a062def56e54429f8/1593360640_00010.jpg","timeline_picture":"https://coub-anubis-a.akamaized.net/coub_storage/coub/simple/cw_timeline_pic/a289a4d39b4/9034929ba65e44f8b6e4f/ios_large_1593360640_image.jpg","small_picture":"https://coub-anubis-a.akamaized.net/coub_storage/coub/simple/cw_image/0897ae9cd28/9631a062def56e54429f8/1593360640_00010.jpg","sharing_picture":null,"percent_done":100,"tags":[{"id":422,"title":"rain","value":"rain"},{"id":6215,"title":"atmosphere","value":"atmosphere"},{"id":35822,"title":"pixel art","value":"pixel%20art"},{"id":420,"title":"pixel","value":"pixel"},{"id":167385,"title":"lorn","value":"lorn"},{"id":4352135,"title":"lorn anvil","value":"lorn%20anvil"},{"id":1170,"title":"city","value":"city"},{"id":4111,"title":"chill","value":"chill"},{"id":939,"title":"relax","value":"relax"}],"categories":[{"id":2,"title":"Art & Design","permalink":"art","subscriptions_count":10092089,"big_image_url":"https://coub-anubis-a.akamaized.net/coub_storage/category/cw_image/bc49636b5e9/9d819c4215f13ccf07a7b/big_1544749302_art2.png","small_image_url":"https://coub-anubis-a.akamaized.net/coub_storage/category/cw_image/bc49636b5e9/9d819c4215f13ccf07a7b/small_1544749302_art2.png","med_image_url":"https://coub-anubis-a.akamaized.net/coub_storage/category/cw_image/bc49636b5e9/9d819c4215f13ccf07a7b/med_1544749302_art2.png","visible":true}],"communities":[{"id":2,"title":"Art & Design","permalink":"art","subscriptions_count":10092089,"big_image_url":"https://coub-anubis-a.akamaized.net/coub_storage/category/cw_image/bc49636b5e9/9d819c4215f13ccf07a7b/big_1544749302_art2.png","small_image_url":"https://coub-anubis-a.akamaized.net/coub_storage/category/cw_image/bc49636b5e9/9d819c4215f13ccf07a7b/small_1544749302_art2.png","med_image_url":"https://coub-anubis-a.akamaized.net/coub_storage/category/cw_image/bc49636b5e9/9d819c4215f13ccf07a7b/med_1544749302_art2.png","i_subscribed":true,"community_notifications_enabled":null,"description":null}],"recoubs_count":329,"remixes_count":1,"likes_count":1788,"dislikes_count":0,"raw_video_id":15399554,"uploaded_by_ios_app":false,"uploaded_by_android_app":false,"media_blocks":{"uploaded_raw_videos":[],"external_raw_videos":[{"id":36255888,"title":"","url":"https://twitter.com/i/status/1274918130888761344","image":"https://coub-anubis-a.akamaized.net/coub_storage/media_block/cw_image/d5a09d25c9a/4a46338c8ae6a578a17da/1593360161_5fcl91_1593360155_1fhu7t5_att-url-download.jpg_name_orig","image_retina":"https://coub-anubis-a.akamaized.net/coub_storage/media_block/cw_image/d5a09d25c9a/4a46338c8ae6a578a17da/1593360161_5fcl91_1593360155_1fhu7t5_att-url-download.jpg_name_orig","meta":{"service":"Twitter","duration":"2.88"},"duration":2.88,"raw_video_id":15399554,"has_embed":false}],"remixed_from_coubs":[],"external_video":{"id":36255888,"title":"","url":"https://twitter.com/i/status/1274918130888761344","image":"https://coub-anubis-a.akamaized.net/coub_storage/media_block/cw_image/d5a09d25c9a/4a46338c8ae6a578a17da/1593360161_5fcl91_1593360155_1fhu7t5_att-url-download.jpg_name_orig","image_retina":"https://coub-anubis-a.akamaized.net/coub_storage/media_block/cw_image/d5a09d25c9a/4a46338c8ae6a578a17da/1593360161_5fcl91_1593360155_1fhu7t5_att-url-download.jpg_name_orig","meta":{"service":"Twitter","duration":"2.88"},"duration":2.88,"raw_video_id":15399554,"has_embed":false}},"raw_video_thumbnail_url":"/missing/missing.png","raw_video_title":"","video_block_banned":false,"duration":2.88,"promo_winner":false,"promo_winner_recoubers":null,"editorial_info":{},"promo_hint":null,"beeline_best_2014":null,"from_web_editor":true,"normalize_sound":true,"normalize_change_allowed":true,"best2015_addable":false,"ahmad_promo":null,"promo_data":null,"audio_copyright_claim":null,"ads_disabled":false,"is_safe_for_ads":true,"megafon_contents":[],"position_on_page":1},{"flag":null,"abuses":null,"recoubs_by_users_channels":null,"favourite":false,"promoted_id":null,"recoub":null,"like":null,"dislike":null,"reaction":null,"in_my_best2015":false,"id":101851655,"type":"Coub::Simple","permalink":"1o8eih","title":"Winter is here","visibility_type":"public","original_visibility_type":"public","channel_id":4297376,"created_at":"2019-02-14T01:03:20Z","updated_at":"2022-03-17T17:53:41Z","is_done":true,"views_count":135551,"cotd":null,"cotd_at":null,"visible_on_explore_root":false,"visible_on_explore":false,"featured":false,"published":true,"published_at":"2019-02-14T15:33:36Z","reversed":false,"from_editor_v2":true,"is_editable":true,"original_sound":false,"has_sound":false,"recoub_to":null,"file_versions":{"html5":{"video":{"higher":{"url":"https://coub-anubis-a.akamaized.net/coub_storage/coub/simple/cw_file/b5a9bbb1382/78e15bc905363b4a4495b/muted_mp4_huge_size_1569881562_muted_huge.mp4","size":3007493},"high":{"url":"https://coub-anubis-a.akamaized.net/coub_storage/coub/simple/cw_file/b5a9bbb1382/78e15bc905363b4a4495b/muted_mp4_big_size_1569881562_muted_big.mp4","size":2321783},"med":{"url":"https://coub-anubis-a.akamaized.net/coub_storage/coub/simple/cw_file/b5a9bbb1382/78e15bc905363b4a4495b/muted_mp4_med_size_1569881562_muted_med.mp4","size":637756}},"audio":{"high":{"url":"https://coub-anubis-a.akamaized.net/coub_storage/coub/simple/cw_looped_audio_high/58e848acd15/42b387235e8c9b99f06d9/1605672555_high_1550156735_high.mp3","size":946225},"med":{"url":"https://coub-anubis-a.akamaized.net/coub_storage/coub/simple/cw_looped_audio_med/14ed8e5c98e/c9f2737c7a249fd47d5b2/1605672554_med_1550156735_med.mp3","size":691073}}},"mobile":{"video":"https://coub-anubis-a.akamaized.net/coub_storage/coub/simple/cw_file/b5a9bbb1382/78e15bc905363b4a4495b/muted_mp4_med_size_1569881562_muted_med.mp4","audio":["https://coub-anubis-a.akamaized.net/coub_storage/coub/simple/cw_looped_audio_med/14ed8e5c98e/c9f2737c7a249fd47d5b2/1605672554_med_1550156735_med.mp3"]},"share":{"default":"https://coub-anubis-a.akamaized.net/coub_storage/coub/simple/cw_video_for_sharing/e706a245315/bb9f50ddf2c2acc106330/1614020822_looped_1614020821.mp4"}},"audio_versions":{"template":"https://coub-anubis-a.akamaized.net/coub_storage/audio_track/cw_normalized_copy/919ae21261e/00bdfc70d08852208435a/mid_1550156731_normalized_1550156725_gflx82_edited.mp3","versions":["mid","low"]},"image_versions":{"template":"https://coub-anubis-a.akamaized.net/coub_storage/coub/simple/cw_image/0c0983f5029/83fff0ac8b5ab70fc0d8f/1550156743_00031.jpg","versions":["micro","tiny","age_restricted","ios_large","ios_mosaic","big","med","small","pinterest"]},"first_frame_versions":{"template":"https://coub-anubis-a.akamaized.net/coub_storage/coub/simple/cw_timeline_pic/ed92aba6423/e70616c1b41a254095940/%{version}_1550156742_image.jpg","versions":["big","med","small","ios_large"]},"dimensions":{"big":[1280,720],"med":[640,360]},"site_w_h":[640,360],"page_w_h":[640,360],"site_w_h_small":[310,174],"size":[1280,720],"age_restricted":false,"age_restricted_by_admin":false,"not_safe_for_work":false,"allow_reuse":false,"dont_crop":true,"banned":false,"global_safe":true,"audio_file_url":"https://coub-anubis-a.akamaized.net/coub_storage/audio_track/cw_normalized_copy/919ae21261e/00bdfc70d08852208435a/low_1550156731_normalized_1550156725_gflx82_edited.mp3","external_download":{"type":"Vk","service_name":"Vk","url":"https://vk.com/video-140359831_456239560","has_embed":false},"application":null,"channel":{"id":4297376,"permalink":"tempest003","title":"✖ 𝙏𝙀𝙈𝙋𝙀𝙎𝙏 ✖","description":null,"followers_count":204,"following_count":35,"avatar_versions":{"template":"https://coub-anubis-a.akamaized.net/coub_storage/channel/cw_avatar/647abec30f9/ba927a833e07d6de6ef36/%{version}_1645141019_179_oooo.plus.png","versions":["medium","medium_2x","profile_pic","profile_pic_new","profile_pic_new_2x","tiny","tiny_2x","small","small_2x","ios_large","ios_small"]}},"file":null,"picture":"https://coub-anubis-a.akamaized.net/coub_storage/coub/simple/cw_image/0c0983f5029/83fff0ac8b5ab70fc0d8f/1550156743_00031.jpg","timeline_picture":"https://coub-anubis-a.akamaized.net/coub_storage/coub/simple/cw_timeline_pic/ed92aba6423/e70616c1b41a254095940/ios_large_1550156742_image.jpg","small_picture":"https://coub-anubis-a.akamaized.net/coub_storage/coub/simple/cw_image/0c0983f5029/83fff0ac8b5ab70fc0d8f/1550156743_00031.jpg","sharing_picture":null,"percent_done":100,"tags":[{"id":951,"title":"top","value":"top"},{"id":86,"title":"music","value":"music"},{"id":424,"title":"animation","value":"animation"},{"id":3934,"title":"animated","value":"animated"},{"id":2997075,"title":"wallpaper engine","value":"wallpaper%20engine"},{"id":68186,"title":"wallpaper","value":"wallpaper"}],"categories":[{"id":2,"title":"Art & Design","permalink":"art","subscriptions_count":10092089,"big_image_url":"https://coub-anubis-a.akamaized.net/coub_storage/category/cw_image/bc49636b5e9/9d819c4215f13ccf07a7b/big_1544749302_art2.png","small_image_url":"https://coub-anubis-a.akamaized.net/coub_storage/category/cw_image/bc49636b5e9/9d819c4215f13ccf07a7b/small_1544749302_art2.png","med_image_url":"https://coub-anubis-a.akamaized.net/coub_storage/category/cw_image/bc49636b5e9/9d819c4215f13ccf07a7b/med_1544749302_art2.png","visible":true}],"communities":[{"id":2,"title":"Art & Design","permalink":"art","subscriptions_count":10092089,"big_image_url":"https://coub-anubis-a.akamaized.net/coub_storage/category/cw_image/bc49636b5e9/9d819c4215f13ccf07a7b/big_1544749302_art2.png","small_image_url":"https://coub-anubis-a.akamaized.net/coub_storage/category/cw_image/bc49636b5e9/9d819c4215f13ccf07a7b/small_1544749302_art2.png","med_image_url":"https://coub-anubis-a.akamaized.net/coub_storage/category/cw_image/bc49636b5e9/9d819c4215f13ccf07a7b/med_1544749302_art2.png","i_subscribed":true,"community_notifications_enabled":null,"description":null}],"recoubs_count":480,"remixes_count":2,"likes_count":1787,"dislikes_count":0,"raw_video_id":13213350,"uploaded_by_ios_app":false,"uploaded_by_android_app":false,"media_blocks":{"uploaded_raw_videos":[],"external_raw_videos":[{"id":30480987,"title":"Winter is here 4K","url":"https://vk.com/video-140359831_456239560","image":"https://coub-anubis-a.akamaized.net/coub_storage/media_block/cw_image/6b18540d135/772072cc21f49ba96be0d/1550101510_1rxvo9m_1550101482_fdkcyu_att-url-download.jpg","image_retina":"https://coub-anubis-a.akamaized.net/coub_storage/media_block/cw_image/6b18540d135/772072cc21f49ba96be0d/1550101510_1rxvo9m_1550101482_fdkcyu_att-url-download.jpg","meta":{"service":"Vk","duration":"90.16"},"duration":90.16,"raw_video_id":13213350,"has_embed":false}],"remixed_from_coubs":[],"external_video":{"id":30480987,"title":"Winter is here 4K","url":"https://vk.com/video-140359831_456239560","image":"https://coub-anubis-a.akamaized.net/coub_storage/media_block/cw_image/6b18540d135/772072cc21f49ba96be0d/1550101510_1rxvo9m_1550101482_fdkcyu_att-url-download.jpg","image_retina":"https://coub-anubis-a.akamaized.net/coub_storage/media_block/cw_image/6b18540d135/772072cc21f49ba96be0d/1550101510_1rxvo9m_1550101482_fdkcyu_att-url-download.jpg","meta":{"service":"Vk","duration":"90.16"},"duration":90.16,"raw_video_id":13213350,"has_embed":false}},"raw_video_thumbnail_url":"/missing/missing.png","raw_video_title":"Winter is here 4K","video_block_banned":false,"duration":9.88,"promo_winner":false,"promo_winner_recoubers":null,"editorial_info":{},"promo_hint":null,"beeline_best_2014":null,"from_web_editor":true,"normalize_sound":true,"normalize_change_allowed":true,"best2015_addable":false,"ahmad_promo":null,"promo_data":null,"audio_copyright_claim":null,"ads_disabled":false,"is_safe_for_ads":true,"megafon_contents":[],"position_on_page":2},{"flag":null,"abuses":null,"recoubs_by_users_channels":null,"favourite":false,"promoted_id":null,"recoub":null,"like":null,"dislike":null,"reaction":null,"in_my_best2015":false,"id":108556781,"type":"Coub::Simple","permalink":"1s8498","title":"not kiss","visibility_type":"public","original_visibility_type":"public","channel_id":5136755,"created_at":"2019-04-12T11:30:14Z","updated_at":"2022-03-17T19:21:51Z","is_done":true,"views_count":121400,"cotd":null,"cotd_at":null,"visible_on_explore_root":false,"visible_on_explore":false,"featured":false,"published":true,"published_at":"2019-04-12T11:30:14Z","reversed":false,"from_editor_v2":true,"is_editable":true,"original_sound":false,"has_sound":false,"recoub_to":null,"file_versions":{"html5":{"video":{"higher":{"url":"https://coub-anubis-a.akamaized.net/coub_storage/coub/simple/cw_file/cde362c2fe6/ae6523113a8118fb15dd3/muted_mp4_huge_size_1569916832_muted_huge.mp4","size":2979272},"high":{"url":"https://coub-anubis-a.akamaized.net/coub_storage/coub/simple/cw_file/cde362c2fe6/ae6523113a8118fb15dd3/muted_mp4_big_size_1569916832_muted_big.mp4","size":2240241},"med":{"url":"https://coub-anubis-a.akamaized.net/coub_storage/coub/simple/cw_file/cde362c2fe6/ae6523113a8118fb15dd3/muted_mp4_med_size_1569916832_muted_med.mp4","size":1065126}},"audio":{"high":{"url":"https://coub-anubis-a.akamaized.net/coub_storage/coub/simple/cw_looped_audio_high/de47c7a95f0/58e9aadf2fc57a9815b25/1605683487_high_1555068632_high.mp3","size":2255705},"med":{"url":"https://coub-anubis-a.akamaized.net/coub_storage/coub/simple/cw_looped_audio_med/fdd8833fc90/abf528d6ea6cd14bb759e/1605683487_med_1555068632_med.mp3","size":1595859}}},"mobile":{"video":"https://coub-anubis-a.akamaized.net/coub_storage/coub/simple/cw_file/cde362c2fe6/ae6523113a8118fb15dd3/muted_mp4_med_size_1569916832_muted_med.mp4","audio":["https://coub-anubis-a.akamaized.net/coub_storage/coub/simple/cw_looped_audio_med/fdd8833fc90/abf528d6ea6cd14bb759e/1605683487_med_1555068632_med.mp3"]},"share":{"default":"https://coub-anubis-a.akamaized.net/coub_storage/coub/simple/cw_video_for_sharing/68cdb213d62/9b6cb713c20954daafee5/1609542195_looped_1609542194.mp4"}},"audio_versions":{"template":"https://coub-anubis-a.akamaized.net/coub_storage/audio_track/cw_normalized_copy/5171a6b0aed/cc121d71c51155b358a73/mid_1621690442_normalized_1555068468_audio.mp3","versions":["mid","low"]},"image_versions":{"template":"https://coub-anubis-a.akamaized.net/coub_storage/coub/simple/cw_image/3c1416cf32a/678d26cf737e6e2d18197/1555068642_00018.jpg","versions":["micro","tiny","age_restricted","ios_large","ios_mosaic","big","med","small","pinterest"]},"first_frame_versions":{"template":"https://coub-anubis-a.akamaized.net/coub_storage/coub/simple/cw_timeline_pic/26a480ceada/0390ef59f729c1acd01f4/%{version}_1555068642_image.jpg","versions":["big","med","small","ios_large"]},"dimensions":{"big":[1280,696],"med":[640,348]},"site_w_h":[640,348],"page_w_h":[640,348],"site_w_h_small":[310,169],"size":[1280,696],"age_restricted":false,"age_restricted_by_admin":false,"not_safe_for_work":false,"allow_reuse":false,"dont_crop":false,"banned":false,"global_safe":true,"audio_file_url":"https://coub-anubis-a.akamaized.net/coub_storage/audio_track/cw_normalized_copy/5171a6b0aed/cc121d71c51155b358a73/low_1621690442_normalized_1555068468_audio.mp3","external_download":false,"application":null,"channel":{"id":5136755,"permalink":"hzero-zzz","title":"hZero Zzz ","description":"Ｍ Ｉ Ｄ Ｎ Ｉ Ｇ Ｈ Ｔ","followers_count":334,"following_count":2,"avatar_versions":{"template":"https://coub-anubis-a.akamaized.net/coub_storage/channel/cw_avatar/206e0d7889f/bec01f0467c88d5c60b71/%{version}_1607420634_1g54ma6_1555608656_yumekui-merry-anime-manga-asiatic-oriental-asian-japanese-3.jpg","versions":["medium","medium_2x","profile_pic","profile_pic_new","profile_pic_new_2x","tiny","tiny_2x","small","small_2x","ios_large","ios_small"]}},"file":null,"picture":"https://coub-anubis-a.akamaized.net/coub_storage/coub/simple/cw_image/3c1416cf32a/678d26cf737e6e2d18197/1555068642_00018.jpg","timeline_picture":"https://coub-anubis-a.akamaized.net/coub_storage/coub/simple/cw_timeline_pic/26a480ceada/0390ef59f729c1acd01f4/ios_large_1555068642_image.jpg","small_picture":"https://coub-anubis-a.akamaized.net/coub_storage/coub/simple/cw_image/3c1416cf32a/678d26cf737e6e2d18197/1555068642_00018.jpg","sharing_picture":null,"percent_done":100,"tags":[],"categories":[{"id":2,"title":"Art & Design","permalink":"art","subscriptions_count":10092089,"big_image_url":"https://coub-anubis-a.akamaized.net/coub_storage/category/cw_image/bc49636b5e9/9d819c4215f13ccf07a7b/big_1544749302_art2.png","small_image_url":"https://coub-anubis-a.akamaized.net/coub_storage/category/cw_image/bc49636b5e9/9d819c4215f13ccf07a7b/small_1544749302_art2.png","med_image_url":"https://coub-anubis-a.akamaized.net/coub_storage/category/cw_image/bc49636b5e9/9d819c4215f13ccf07a7b/med_1544749302_art2.png","visible":true}],"communities":[{"id":2,"title":"Art & Design","permalink":"art","subscriptions_count":10092089,"big_image_url":"https://coub-anubis-a.akamaized.net/coub_storage/category/cw_image/bc49636b5e9/9d819c4215f13ccf07a7b/big_1544749302_art2.png","small_image_url":"https://coub-anubis-a.akamaized.net/coub_storage/category/cw_image/bc49636b5e9/9d819c4215f13ccf07a7b/small_1544749302_art2.png","med_image_url":"https://coub-anubis-a.akamaized.net/coub_storage/category/cw_image/bc49636b5e9/9d819c4215f13ccf07a7b/med_1544749302_art2.png","i_subscribed":true,"community_notifications_enabled":null,"description":null}],"recoubs_count":417,"remixes_count":4,"likes_count":1785,"dislikes_count":0,"raw_video_id":13533396,"uploaded_by_ios_app":false,"uploaded_by_android_app":false,"media_blocks":{"uploaded_raw_videos":[],"external_raw_videos":[],"remixed_from_coubs":[]},"raw_video_thumbnail_url":"/missing/missing.png","raw_video_title":"doc334241165_494531234.mp4","video_block_banned":false,"duration":5.48,"promo_winner":false,"promo_winner_recoubers":null,"editorial_info":{},"promo_hint":null,"beeline_best_2014":null,"from_web_editor":true,"normalize_sound":true,"normalize_change_allowed":true,"best2015_addable":false,"ahmad_promo":null,"promo_data":null,"audio_copyright_claim":null,"ads_disabled":false,"is_safe_for_ads":true,"megafon_contents":[],"position_on_page":3},{"flag":null,"abuses":null,"recoubs_by_users_channels":null,"favourite":false,"promoted_id":null,"recoub":null,"like":null,"dislike":null,"reaction":null,"in_my_best2015":false,"id":174919113,"type":"Coub::Simple","permalink":"2vsnco","title":"japan pt.3","visibility_type":"public","original_visibility_type":"public","channel_id":7008310,"created_at":"2021-09-03T20:54:12Z","updated_at":"2022-03-18T01:13:33Z","is_done":true,"views_count":140541,"cotd":null,"cotd_at":null,"visible_on_explore_root":false,"visible_on_explore":false,"featured":false,"published":true,"published_at":"2021-09-03T20:54:12Z","reversed":false,"from_editor_v2":true,"is_editable":true,"original_sound":false,"has_sound":false,"recoub_to":null,"file_versions":{"html5":{"video":{"higher":{"url":"https://coub-anubis-a.akamaized.net/coub_storage/coub/simple/cw_file/8641a44565a/21f0bad936219ec804470/muted_mp4_huge_size_1630702457_muted_huge.mp4","size":1781041},"high":{"url":"https://coub-anubis-a.akamaized.net/coub_storage/coub/simple/cw_file/8641a44565a/21f0bad936219ec804470/muted_mp4_big_size_1630702457_muted_big.mp4","size":1192980},"med":{"url":"https://coub-anubis-a.akamaized.net/coub_storage/coub/simple/cw_file/8641a44565a/21f0bad936219ec804470/muted_mp4_med_size_1630702457_muted_med.mp4","size":461753}},"audio":{"high":{"url":"https://coub-anubis-a.akamaized.net/coub_storage/coub/simple/cw_looped_audio_high/2568b7c4516/18938e946bc53268642ff/1630702480_mp3-high.mp3","size":3272954},"med":{"url":"https://coub-anubis-a.akamaized.net/coub_storage/coub/simple/cw_looped_audio_med/8d01ce95dcf/c57103f674da687ad4d0d/1630702477_mp3-med.mp3","size":2431372}}},"mobile":{"video":"https://coub-anubis-a.akamaized.net/coub_storage/coub/simple/cw_file/8641a44565a/21f0bad936219ec804470/muted_mp4_med_size_1630702457_muted_med.mp4","audio":["https://coub-anubis-a.akamaized.net/coub_storage/coub/simple/cw_looped_audio_med/8d01ce95dcf/c57103f674da687ad4d0d/1630702477_mp3-med.mp3"]},"share":{"default":"https://coub-anubis-a.akamaized.net/coub_storage/coub/simple/cw_video_for_sharing/46c93c24dcf/9c3922fe4c374196569d4/1630702497_looped_1630702497.mp4"}},"audio_versions":{"template":"https://coub-anubis-a.akamaized.net/coub_storage/audio_track/cw_file/323cd667993/4b1ddaaea854b3bb9f44c/mid_1630702461_13l76yn_edited.mp3","versions":["mid","low"]},"image_versions":{"template":"https://coub-anubis-a.akamaized.net/coub_storage/coub/simple/cw_image/bc1f28f63bd/1603d32b171e860b8e09c/%{version}_1630702482_00020.jpg","versions":["micro","tiny","age_restricted","ios_large","ios_mosaic","big","med","small","pinterest"]},"first_frame_versions":{"template":"https://coub-anubis-a.akamaized.net/coub_storage/coub/simple/cw_timeline_pic/1d27d47081e/6669469622b06be188b5e/%{version}_1630702482_image.jpg","versions":["big","med","small","ios_large"]},"dimensions":{"big":[538,960],"med":[268,480]},"site_w_h":[224,400],"page_w_h":[400,714],"site_w_h_small":[310,553],"size":[538,960],"age_restricted":false,"age_restricted_by_admin":false,"not_safe_for_work":null,"allow_reuse":false,"dont_crop":true,"banned":false,"global_safe":null,"audio_file_url":"https://coub-anubis-a.akamaized.net/coub_storage/audio_track/cw_file/323cd667993/4b1ddaaea854b3bb9f44c/low_1630702461_13l76yn_edited.mp3","external_download":false,"application":null,"channel":{"id":7008310,"permalink":"deadfuture","title":"DeadFuture","description":"Дайте мне белые крылья...","followers_count":112,"following_count":9,"avatar_versions":{"template":"https://coub-anubis-a.akamaized.net/coub_storage/channel/cw_avatar/03b9faae981/086633db657751d9cefc8/%{version}_1630520760_cropped.jpeg","versions":["medium","medium_2x","profile_pic","profile_pic_new","profile_pic_new_2x","tiny","tiny_2x","small","small_2x","ios_large","ios_small"]}},"file":null,"picture":"https://coub-anubis-a.akamaized.net/coub_storage/coub/simple/cw_image/bc1f28f63bd/1603d32b171e860b8e09c/med_1630702482_00020.jpg","timeline_picture":"https://coub-anubis-a.akamaized.net/coub_storage/coub/simple/cw_timeline_pic/1d27d47081e/6669469622b06be188b5e/ios_large_1630702482_image.jpg","small_picture":"https://coub-anubis-a.akamaized.net/coub_storage/coub/simple/cw_image/bc1f28f63bd/1603d32b171e860b8e09c/ios_mosaic_1630702482_00020.jpg","sharing_picture":null,"percent_done":100,"tags":[{"id":6514,"title":"japan","value":"japan"},{"id":3072,"title":"art","value":"art"},{"id":86,"title":"music","value":"music"},{"id":5159,"title":"cut","value":"cut"}],"categories":[{"id":2,"title":"Art & Design","permalink":"art","subscriptions_count":10092089,"big_image_url":"https://coub-anubis-a.akamaized.net/coub_storage/category/cw_image/bc49636b5e9/9d819c4215f13ccf07a7b/big_1544749302_art2.png","small_image_url":"https://coub-anubis-a.akamaized.net/coub_storage/category/cw_image/bc49636b5e9/9d819c4215f13ccf07a7b/small_1544749302_art2.png","med_image_url":"https://coub-anubis-a.akamaized.net/coub_storage/category/cw_image/bc49636b5e9/9d819c4215f13ccf07a7b/med_1544749302_art2.png","visible":true}],"communities":[{"id":2,"title":"Art & Design","permalink":"art","subscriptions_count":10092089,"big_image_url":"https://coub-anubis-a.akamaized.net/coub_storage/category/cw_image/bc49636b5e9/9d819c4215f13ccf07a7b/big_1544749302_art2.png","small_image_url":"https://coub-anubis-a.akamaized.net/coub_storage/category/cw_image/bc49636b5e9/9d819c4215f13ccf07a7b/small_1544749302_art2.png","med_image_url":"https://coub-anubis-a.akamaized.net/coub_storage/category/cw_image/bc49636b5e9/9d819c4215f13ccf07a7b/med_1544749302_art2.png","i_subscribed":true,"community_notifications_enabled":null,"description":null}],"recoubs_count":314,"remixes_count":1,"likes_count":1784,"dislikes_count":0,"raw_video_id":16741683,"uploaded_by_ios_app":false,"uploaded_by_android_app":true,"media_blocks":{"uploaded_raw_videos":[],"external_raw_videos":[],"remixed_from_coubs":[]},"raw_video_thumbnail_url":"/missing/missing.png","raw_video_title":null,"video_block_banned":false,"duration":6.32,"promo_winner":false,"promo_winner_recoubers":null,"editorial_info":{},"promo_hint":null,"beeline_best_2014":null,"from_web_editor":false,"normalize_sound":true,"normalize_change_allowed":true,"best2015_addable":false,"ahmad_promo":null,"promo_data":null,"audio_copyright_claim":null,"ads_disabled":null,"is_safe_for_ads":true,"megafon_contents":[],"position_on_page":4},{"flag":null,"abuses":null,"recoubs_by_users_channels":null,"favourite":false,"promoted_id":null,"recoub":null,"like":null,"dislike":null,"reaction":null,"in_my_best2015":false,"id":181636951,"type":"Coub::Simple","permalink":"2zsmwj","title":"Каждому своё","visibility_type":"public","original_visibility_type":"public","channel_id":12505375,"created_at":"2022-01-18T10:57:05Z","updated_at":"2022-03-17T23:19:18Z","is_done":true,"views_count":114064,"cotd":null,"cotd_at":null,"visible_on_explore_root":false,"visible_on_explore":false,"featured":false,"published":true,"published_at":"2022-01-18T10:57:05Z","reversed":false,"from_editor_v2":true,"is_editable":true,"original_sound":true,"has_sound":true,"recoub_to":null,"file_versions":{"html5":{"video":{"higher":{"url":"https://coub-anubis-a.akamaized.net/coub_storage/coub/simple/cw_file/d9dbfca0cd6/0310e12494d4ced5afc12/muted_mp4_huge_size_1642503556_muted_huge.mp4","size":2427206},"high":{"url":"https://coub-anubis-a.akamaized.net/coub_storage/coub/simple/cw_file/d9dbfca0cd6/0310e12494d4ced5afc12/muted_mp4_big_size_1642503556_muted_big.mp4","size":1605267},"med":{"url":"https://coub-anubis-a.akamaized.net/coub_storage/coub/simple/cw_file/d9dbfca0cd6/0310e12494d4ced5afc12/muted_mp4_med_size_1642503556_muted_med.mp4","size":420394}},"audio":{"high":{"url":"https://coub-anubis-a.akamaized.net/coub_storage/coub/simple/cw_looped_audio_high/e7b3775d8e3/dd25d84f9f5d5441fba63/1642503558_mp3-high.mp3","size":877261},"med":{"url":"https://coub-anubis-a.akamaized.net/coub_storage/coub/simple/cw_looped_audio_med/321f783f827/0d5f1b5ccaacccff61596/1642503557_mp3-med.mp3","size":799076},"sample_duration":10.008}},"mobile":{"video":"https://coub-anubis-a.akamaized.net/coub_storage/coub/simple/cw_file/d9dbfca0cd6/0310e12494d4ced5afc12/muted_mp4_med_size_1642503556_muted_med.mp4","audio":["https://coub-anubis-a.akamaized.net/coub_storage/coub/simple/cw_looped_audio_med/321f783f827/0d5f1b5ccaacccff61596/1642503557_mp3-med.mp3"]},"share":{"default":"https://coub-anubis-a.akamaized.net/coub_storage/coub/simple/cw_video_for_sharing/8e1995641ff/d050dec2fd6dd7213ca43/1642503598_looped_1642503597.mp4"}},"audio_versions":{},"image_versions":{"template":"https://coub-anubis-a.akamaized.net/coub_storage/coub/simple/cw_image/b8a4bb35718/18b927401aa3cbb7b2454/%{version}_1642503565_00032.jpg","versions":["micro","tiny","age_restricted","ios_large","ios_mosaic","big","med","small","pinterest"]},"first_frame_versions":{"template":"https://coub-anubis-a.akamaized.net/coub_storage/coub/simple/cw_timeline_pic/46ea04127d9/0d753bf4ef2d627931095/%{version}_1642503564_image.jpg","versions":["big","med","small","ios_large"]},"dimensions":{"big":[1280,720],"med":[640,360]},"site_w_h":[640,360],"page_w_h":[640,360],"site_w_h_small":[310,174],"size":[1280,720],"age_restricted":false,"age_restricted_by_admin":false,"not_safe_for_work":null,"allow_reuse":false,"dont_crop":true,"banned":false,"global_safe":null,"audio_file_url":null,"external_download":{"type":"Youtube","service_name":"YouTube","url":"https://www.youtube.com/watch?v=-jfp6pcK_YA","has_embed":true},"application":null,"channel":{"id":12505375,"permalink":"bringmefood","title":"BringMeFood","description":"Свежие нарезки лучших клипов на моем YouTube канале.","followers_count":93,"following_count":0,"avatar_versions":{"template":"https://coub-anubis-a.akamaized.net/coub_storage/channel/cw_avatar/e305f8d5e95/1164b97efb1fc36aac35b/%{version}_1633301523_11.png","versions":["medium","medium_2x","profile_pic","profile_pic_new","profile_pic_new_2x","tiny","tiny_2x","small","small_2x","ios_large","ios_small"]}},"file":null,"picture":"https://coub-anubis-a.akamaized.net/coub_storage/coub/simple/cw_image/b8a4bb35718/18b927401aa3cbb7b2454/med_1642503565_00032.jpg","timeline_picture":"https://coub-anubis-a.akamaized.net/coub_storage/coub/simple/cw_timeline_pic/46ea04127d9/0d753bf4ef2d627931095/ios_large_1642503564_image.jpg","small_picture":"https://coub-anubis-a.akamaized.net/coub_storage/coub/simple/cw_image/b8a4bb35718/18b927401aa3cbb7b2454/ios_mosaic_1642503565_00032.jpg","sharing_picture":null,"percent_done":100,"tags":[{"id":6570067,"title":"bringmefood","value":"bringmefood"},{"id":1062921,"title":"best cube","value":"best%20cube"},{"id":5203,"title":"cube","value":"cube"},{"id":6614464,"title":"coub 2022","value":"coub%202022"},{"id":149335,"title":"best coub","value":"best%20coub"},{"id":219911,"title":"лучшие coub","value":"%D0%BB%D1%83%D1%87%D1%88%D0%B8%D0%B5%20coub"},{"id":486144,"title":"coub compilation","value":"coub%20compilation"},{"id":12008,"title":"лучшие приколы","value":"%D0%BB%D1%83%D1%87%D1%88%D0%B8%D0%B5%20%D0%BF%D1%80%D0%B8%D0%BA%D0%BE%D0%BB%D1%8B"},{"id":4480,"title":"приколы","value":"%D0%BF%D1%80%D0%B8%D0%BA%D0%BE%D0%BB%D1%8B"},{"id":6639762,"title":"приколы 2022","value":"%D0%BF%D1%80%D0%B8%D0%BA%D0%BE%D0%BB%D1%8B%202022"},{"id":146032,"title":"тест на психику","value":"%D1%82%D0%B5%D1%81%D1%82%20%D0%BD%D0%B0%20%D0%BF%D1%81%D0%B8%D1%85%D0%B8%D0%BA%D1%83"},{"id":50,"title":"coub","value":"coub"},{"id":8755,"title":"коуб","value":"%D0%BA%D0%BE%D1%83%D0%B1"},{"id":3407678,"title":"bestcube","value":"bestcube"},{"id":1598861,"title":"tiktok","value":"tiktok"},{"id":2235,"title":"memes","value":"memes"},{"id":2963639,"title":"бест коуб","value":"%D0%B1%D0%B5%D1%81%D1%82%20%D0%BA%D0%BE%D1%83%D0%B1"},{"id":6612432,"title":"подчай","value":"%D0%BF%D0%BE%D0%B4%D1%87%D0%B0%D0%B9"},{"id":6612433,"title":"coub подчай","value":"coub%20%D0%BF%D0%BE%D0%B4%D1%87%D0%B0%D0%B9"},{"id":6612434,"title":"cube подчай","value":"cube%20%D0%BF%D0%BE%D0%B4%D1%87%D0%B0%D0%B9"},{"id":6612435,"title":"коуб подчай","value":"%D0%BA%D0%BE%D1%83%D0%B1%20%D0%BF%D0%BE%D0%B4%D1%87%D0%B0%D0%B9"},{"id":2218859,"title":"бест куб","value":"%D0%B1%D0%B5%D1%81%D1%82%20%D0%BA%D1%83%D0%B1"},{"id":6685740,"title":"best cube 2022","value":"best%20cube%202022"},{"id":4256927,"title":"тикток","value":"%D1%82%D0%B8%D0%BA%D1%82%D0%BE%D0%BA"},{"id":397674,"title":"coub лучшее","value":"coub%20%D0%BB%D1%83%D1%87%D1%88%D0%B5%D0%B5"},{"id":520626,"title":"приколы coub","value":"%D0%BF%D1%80%D0%B8%D0%BA%D0%BE%D0%BB%D1%8B%20coub"},{"id":6685741,"title":"приколы январь 2022","value":"%D0%BF%D1%80%D0%B8%D0%BA%D0%BE%D0%BB%D1%8B%20%D1%8F%D0%BD%D0%B2%D0%B0%D1%80%D1%8C%202022"},{"id":6685742,"title":"приколы и неудачи 2022","value":"%D0%BF%D1%80%D0%B8%D0%BA%D0%BE%D0%BB%D1%8B%20%D0%B8%20%D0%BD%D0%B5%D1%83%D0%B4%D0%B0%D1%87%D0%B8%202022"},{"id":273137,"title":"coub best","value":"coub%20best"},{"id":6685743,"title":"coub январь 2022","value":"coub%20%D1%8F%D0%BD%D0%B2%D0%B0%D1%80%D1%8C%202022"},{"id":6693106,"title":"сщги 2022","value":"%D1%81%D1%89%D0%B3%D0%B8%202022"},{"id":25574,"title":"прикольные животные","value":"%D0%BF%D1%80%D0%B8%D0%BA%D0%BE%D0%BB%D1%8C%D0%BD%D1%8B%D0%B5%20%D0%B6%D0%B8%D0%B2%D0%BE%D1%82%D0%BD%D1%8B%D0%B5"},{"id":1437,"title":"юмор","value":"%D1%8E%D0%BC%D0%BE%D1%80"},{"id":10878,"title":"неудачи","value":"%D0%BD%D0%B5%D1%83%D0%B4%D0%B0%D1%87%D0%B8"},{"id":24041,"title":"фейлы","value":"%D1%84%D0%B5%D0%B9%D0%BB%D1%8B"},{"id":14710,"title":"интересное","value":"%D0%B8%D0%BD%D1%82%D0%B5%D1%80%D0%B5%D1%81%D0%BD%D0%BE%D0%B5"},{"id":97585,"title":"забавное","value":"%D0%B7%D0%B0%D0%B1%D0%B0%D0%B2%D0%BD%D0%BE%D0%B5"},{"id":3264188,"title":"bring me food","value":"bring%20me%20food"},{"id":12969,"title":"прикольное","value":"%D0%BF%D1%80%D0%B8%D0%BA%D0%BE%D0%BB%D1%8C%D0%BD%D0%BE%D0%B5"}],"categories":[{"id":2,"title":"Art & Design","permalink":"art","subscriptions_count":10092089,"big_image_url":"https://coub-anubis-a.akamaized.net/coub_storage/category/cw_image/bc49636b5e9/9d819c4215f13ccf07a7b/big_1544749302_art2.png","small_image_url":"https://coub-anubis-a.akamaized.net/coub_storage/category/cw_image/bc49636b5e9/9d819c4215f13ccf07a7b/small_1544749302_art2.png","med_image_url":"https://coub-anubis-a.akamaized.net/coub_storage/category/cw_image/bc49636b5e9/9d819c4215f13ccf07a7b/med_1544749302_art2.png","visible":true}],"communities":[{"id":2,"title":"Art & Design","permalink":"art","subscriptions_count":10092089,"big_image_url":"https://coub-anubis-a.akamaized.net/coub_storage/category/cw_image/bc49636b5e9/9d819c4215f13ccf07a7b/big_1544749302_art2.png","small_image_url":"https://coub-anubis-a.akamaized.net/coub_storage/category/cw_image/bc49636b5e9/9d819c4215f13ccf07a7b/small_1544749302_art2.png","med_image_url":"https://coub-anubis-a.akamaized.net/coub_storage/category/cw_image/bc49636b5e9/9d819c4215f13ccf07a7b/med_1544749302_art2.png","i_subscribed":true,"community_notifications_enabled":null,"description":null}],"recoubs_count":292,"remixes_count":0,"likes_count":1780,"dislikes_count":0,"raw_video_id":17068472,"uploaded_by_ios_app":false,"uploaded_by_android_app":false,"media_blocks":{"uploaded_raw_videos":[],"external_raw_videos":[{"id":40846452,"title":"ПодЧай #25 | Приколы 2022 | Шутки | Неудачи | Юмор","url":"https://www.youtube.com/watch?v=-jfp6pcK_YA","image":"https://coub-anubis-a.akamaized.net/coub_storage/media_block/cw_image/a1bf5bd1614/718cf8ec2dbacd4a3a198/video_1642433972_14pzbqt_1642433850_1642433844_18jnk34_att-url-download.webp","image_retina":"https://coub-anubis-a.akamaized.net/coub_storage/media_block/cw_image/a1bf5bd1614/718cf8ec2dbacd4a3a198/video_retina_1642433972_14pzbqt_1642433850_1642433844_18jnk34_att-url-download.webp","meta":{"service":"Youtube","duration":"612.16"},"duration":612.16,"raw_video_id":17068472,"has_embed":true}],"remixed_from_coubs":[],"external_video":{"id":40846452,"title":"ПодЧай #25 | Приколы 2022 | Шутки | Неудачи | Юмор","url":"https://www.youtube.com/watch?v=-jfp6pcK_YA","image":"https://coub-anubis-a.akamaized.net/coub_storage/media_block/cw_image/a1bf5bd1614/718cf8ec2dbacd4a3a198/video_1642433972_14pzbqt_1642433850_1642433844_18jnk34_att-url-download.webp","image_retina":"https://coub-anubis-a.akamaized.net/coub_storage/media_block/cw_image/a1bf5bd1614/718cf8ec2dbacd4a3a198/video_retina_1642433972_14pzbqt_1642433850_1642433844_18jnk34_att-url-download.webp","meta":{"service":"Youtube","duration":"612.16"},"duration":612.16,"raw_video_id":17068472,"has_embed":true}},"raw_video_thumbnail_url":"https://coub-anubis-a.akamaized.net/coub_storage/raw_video/cw_image/6b000fb2fff/830c303a1a333ca40a862/coub_media_1642433850_1642433844_18jnk34_att-url-download.webp","raw_video_title":"ПодЧай #25 | Приколы 2022 | Шутки | Неудачи | Юмор","video_block_banned":false,"duration":10.0,"promo_winner":false,"promo_winner_recoubers":null,"editorial_info":{},"promo_hint":null,"beeline_best_2014":null,"from_web_editor":true,"normalize_sound":true,"normalize_change_allowed":true,"best2015_addable":false,"ahmad_promo":null,"promo_data":null,"audio_copyright_claim":null,"ads_disabled":null,"is_safe_for_ads":true,"megafon_contents":[],"position_on_page":5},{"flag":null,"abuses":null,"recoubs_by_users_channels":null,"favourite":false,"promoted_id":null,"recoub":null,"like":null,"dislike":null,"reaction":null,"in_my_best2015":false,"id":165166441,"type":"Coub::Simple","permalink":"2pzm2y","title":"Beat up a pineapple by outhaleart (song: John Scatman - The Scatman feat. Shirakami Fubuki)","visibility_type":"public","original_visibility_type":"public","channel_id":11009643,"created_at":"2021-03-11T23:30:34Z","updated_at":"2022-03-17T09:42:46Z","is_done":true,"views_count":151897,"cotd":null,"cotd_at":null,"visible_on_explore_root":false,"visible_on_explore":false,"featured":false,"published":true,"published_at":"2021-03-11T23:31:28Z","reversed":false,"from_editor_v2":true,"is_editable":true,"original_sound":false,"has_sound":false,"recoub_to":null,"file_versions":{"html5":{"video":{"higher":{"url":"https://coub-anubis-a.akamaized.net/coub_storage/coub/simple/cw_file/942e0dd1e09/0df2d1a5067d7bfc2170e/muted_mp4_huge_size_1615505438_muted_huge.mp4","size":492656},"high":{"url":"https://coub-anubis-a.akamaized.net/coub_storage/coub/simple/cw_file/942e0dd1e09/0df2d1a5067d7bfc2170e/muted_mp4_big_size_1615505438_muted_big.mp4","size":289759},"med":{"url":"https://coub-anubis-a.akamaized.net/coub_storage/coub/simple/cw_file/942e0dd1e09/0df2d1a5067d7bfc2170e/muted_mp4_med_size_1615505438_muted_med.mp4","size":106592}},"audio":{"high":{"url":"https://coub-anubis-a.akamaized.net/coub_storage/coub/simple/cw_looped_audio_high/a9af1121167/216042b31f3789b03eb81/1615505444_mp3-high.mp3","size":1176268},"med":{"url":"https://coub-anubis-a.akamaized.net/coub_storage/coub/simple/cw_looped_audio_med/a6d051b2d7f/113c8b0d3cdef4599c87b/1615505443_mp3-med.mp3","size":918755}}},"mobile":{"video":"https://coub-anubis-a.akamaized.net/coub_storage/coub/simple/cw_file/942e0dd1e09/0df2d1a5067d7bfc2170e/muted_mp4_med_size_1615505438_muted_med.mp4","audio":["https://coub-anubis-a.akamaized.net/coub_storage/coub/simple/cw_looped_audio_med/a6d051b2d7f/113c8b0d3cdef4599c87b/1615505443_mp3-med.mp3"]},"share":{"default":"https://coub-anubis-a.akamaized.net/coub_storage/coub/simple/cw_video_for_sharing/f650b361783/11e121bfa0cf6b73d2b7d/1615505462_looped_1615505461.mp4"}},"audio_versions":{"template":"https://coub-anubis-a.akamaized.net/coub_storage/audio_track/cw_file/ad406269dac/486a6a25cde7dde0bc707/mid_1615505439_2xx95g_edited.mp3","versions":["mid","low"]},"image_versions":{"template":"https://coub-anubis-a.akamaized.net/coub_storage/coub/simple/cw_image/8c42a3f6bc5/74e35b71a8dbe5778bd79/%{version}_1615505447_00023.jpg","versions":["micro","tiny","age_restricted","ios_large","ios_mosaic","big","med","small","pinterest"]},"first_frame_versions":{"template":"https://coub-anubis-a.akamaized.net/coub_storage/coub/simple/cw_timeline_pic/e5f4228404e/cf47f53cf048fe1fb40f0/%{version}_1615505447_image.jpg","versions":["big","med","small","ios_large"]},"dimensions":{"big":[960,960],"med":[480,480]},"site_w_h":[400,400],"page_w_h":[400,400],"site_w_h_small":[310,310],"size":[960,960],"age_restricted":false,"age_restricted_by_admin":false,"not_safe_for_work":false,"allow_reuse":false,"dont_crop":true,"banned":false,"global_safe":null,"audio_file_url":"https://coub-anubis-a.akamaized.net/coub_storage/audio_track/cw_file/ad406269dac/486a6a25cde7dde0bc707/low_1615505439_2xx95g_edited.mp3","external_download":false,"application":null,"channel":{"id":11009643,"permalink":"rabbit.hole","title":"Rabbit Hole","description":"In another moment down went Alice after it, never once considering how in the world she was to get out again.","followers_count":169,"following_count":1,"avatar_versions":{"template":"https://coub-anubis-a.akamaized.net/coub_storage/channel/cw_avatar/6530b1af358/159279dd4d64f76bd2153/%{version}_1613398762_haachama.jpg","versions":["medium","medium_2x","profile_pic","profile_pic_new","profile_pic_new_2x","tiny","tiny_2x","small","small_2x","ios_large","ios_small"]}},"file":null,"picture":"https://coub-anubis-a.akamaized.net/coub_storage/coub/simple/cw_image/8c42a3f6bc5/74e35b71a8dbe5778bd79/med_1615505447_00023.jpg","timeline_picture":"https://coub-anubis-a.akamaized.net/coub_storage/coub/simple/cw_timeline_pic/e5f4228404e/cf47f53cf048fe1fb40f0/ios_large_1615505447_image.jpg","small_picture":"https://coub-anubis-a.akamaized.net/coub_storage/coub/simple/cw_image/8c42a3f6bc5/74e35b71a8dbe5778bd79/ios_mosaic_1615505447_00023.jpg","sharing_picture":null,"percent_done":100,"tags":[{"id":6204518,"title":"song: john scatman - the scatman feat. shirakami fubuki","value":"song:%20john%20scatman%20-%20the%20scatman%20feat.%20shirakami%20fubuki"},{"id":424,"title":"animation","value":"animation"},{"id":5306840,"title":"hololive","value":"hololive"},{"id":707886,"title":"fubuki","value":"fubuki"},{"id":4320590,"title":"shirakami fubuki","value":"shirakami%20fubuki"},{"id":6204517,"title":"outhaleart","value":"outhaleart"}],"categories":[{"id":2,"title":"Art & Design","permalink":"art","subscriptions_count":10092089,"big_image_url":"https://coub-anubis-a.akamaized.net/coub_storage/category/cw_image/bc49636b5e9/9d819c4215f13ccf07a7b/big_1544749302_art2.png","small_image_url":"https://coub-anubis-a.akamaized.net/coub_storage/category/cw_image/bc49636b5e9/9d819c4215f13ccf07a7b/small_1544749302_art2.png","med_image_url":"https://coub-anubis-a.akamaized.net/coub_storage/category/cw_image/bc49636b5e9/9d819c4215f13ccf07a7b/med_1544749302_art2.png","visible":true}],"communities":[{"id":2,"title":"Art & Design","permalink":"art","subscriptions_count":10092089,"big_image_url":"https://coub-anubis-a.akamaized.net/coub_storage/category/cw_image/bc49636b5e9/9d819c4215f13ccf07a7b/big_1544749302_art2.png","small_image_url":"https://coub-anubis-a.akamaized.net/coub_storage/category/cw_image/bc49636b5e9/9d819c4215f13ccf07a7b/small_1544749302_art2.png","med_image_url":"https://coub-anubis-a.akamaized.net/coub_storage/category/cw_image/bc49636b5e9/9d819c4215f13ccf07a7b/med_1544749302_art2.png","i_subscribed":true,"community_notifications_enabled":null,"description":null}],"recoubs_count":322,"remixes_count":1,"likes_count":1779,"dislikes_count":0,"raw_video_id":16250558,"uploaded_by_ios_app":false,"uploaded_by_android_app":false,"media_blocks":{"uploaded_raw_videos":[],"external_raw_videos":[],"remixed_from_coubs":[]},"raw_video_thumbnail_url":"https://coub-anubis-a.akamaized.net/coub_storage/raw_video/cw_image/ee75af230f6/7da48bbcd6e1e662432ad/coub_media_1615505129_image.jpg","raw_video_title":"beat_a_pineapple.mp4","video_block_banned":false,"duration":7.2,"promo_winner":false,"promo_winner_recoubers":null,"editorial_info":{},"promo_hint":null,"beeline_best_2014":null,"from_web_editor":true,"normalize_sound":false,"normalize_change_allowed":true,"best2015_addable":false,"ahmad_promo":null,"promo_data":null,"audio_copyright_claim":null,"ads_disabled":false,"is_safe_for_ads":true,"megafon_contents":[],"position_on_page":6},{"flag":null,"abuses":null,"recoubs_by_users_channels":null,"favourite":false,"promoted_id":null,"recoub":null,"like":null,"dislike":null,"reaction":null,"in_my_best2015":false,"id":170471043,"type":"Coub::Simple","permalink":"2t5b65","title":"recoub4ik","visibility_type":"public","original_visibility_type":"public","channel_id":11191358,"created_at":"2021-06-13T17:48:19Z","updated_at":"2022-03-17T15:22:11Z","is_done":true,"views_count":176961,"cotd":null,"cotd_at":null,"visible_on_explore_root":false,"visible_on_explore":false,"featured":false,"published":true,"published_at":"2021-06-13T17:48:19Z","reversed":false,"from_editor_v2":true,"is_editable":true,"original_sound":false,"has_sound":false,"recoub_to":null,"file_versions":{"html5":{"video":{"higher":{"url":"https://coub-anubis-a.akamaized.net/coub_storage/coub/simple/cw_file/e432ed66695/b02bb58b825336f446cef/muted_mp4_huge_size_1623606509_muted_huge.mp4","size":2956127},"high":{"url":"https://coub-anubis-a.akamaized.net/coub_storage/coub/simple/cw_file/e432ed66695/b02bb58b825336f446cef/muted_mp4_big_size_1623606509_muted_big.mp4","size":1727793},"med":{"url":"https://coub-anubis-a.akamaized.net/coub_storage/coub/simple/cw_file/e432ed66695/b02bb58b825336f446cef/muted_mp4_med_size_1623606509_muted_med.mp4","size":791572}},"audio":{"high":{"url":"https://coub-anubis-a.akamaized.net/coub_storage/coub/simple/cw_looped_audio_high/428a47b5956/5fbb1b77993ab543ea651/1623606544_mp3-high.mp3","size":2403290},"med":{"url":"https://coub-anubis-a.akamaized.net/coub_storage/coub/simple/cw_looped_audio_med/3b95ceefc4a/94e6dbd87e0f36b5e3023/1623606541_mp3-med.mp3","size":1768076}}},"mobile":{"video":"https://coub-anubis-a.akamaized.net/coub_storage/coub/simple/cw_file/e432ed66695/b02bb58b825336f446cef/muted_mp4_med_size_1623606509_muted_med.mp4","audio":["https://coub-anubis-a.akamaized.net/coub_storage/coub/simple/cw_looped_audio_med/3b95ceefc4a/94e6dbd87e0f36b5e3023/1623606541_mp3-med.mp3"]},"share":{"default":"https://coub-anubis-a.akamaized.net/coub_storage/coub/simple/cw_video_for_sharing/4747c4771a4/c82f997a357b7ed4f08fe/1623606614_looped_1623606611.mp4"}},"audio_versions":{"template":"https://coub-anubis-a.akamaized.net/coub_storage/audio_track/cw_normalized_copy/13844ee287d/8bf0af3db28946b7302a9/mid_1623606530_normalized_1623606514_1ac2ij9_edited.mp3","versions":["mid","low"]},"image_versions":{"template":"https://coub-anubis-a.akamaized.net/coub_storage/coub/simple/cw_image/2b642651443/d5125c0726479c82eec72/%{version}_1623606554_00023.jpg","versions":["micro","tiny","age_restricted","ios_large","ios_mosaic","big","med","small","pinterest"]},"first_frame_versions":{"template":"https://coub-anubis-a.akamaized.net/coub_storage/coub/simple/cw_timeline_pic/655dcc91d26/d4618951c1e0e82dc7b84/%{version}_1623606553_image.jpg","versions":["big","med","small","ios_large"]},"dimensions":{"big":[1280,720],"med":[640,360]},"site_w_h":[640,360],"page_w_h":[640,360],"site_w_h_small":[310,174],"size":[1280,720],"age_restricted":false,"age_restricted_by_admin":false,"not_safe_for_work":false,"allow_reuse":false,"dont_crop":true,"banned":false,"global_safe":true,"audio_file_url":"https://coub-anubis-a.akamaized.net/coub_storage/audio_track/cw_normalized_copy/13844ee287d/8bf0af3db28946b7302a9/low_1623606530_normalized_1623606514_1ac2ij9_edited.mp3","external_download":false,"application":null,"channel":{"id":11191358,"permalink":"undefined-isotope","title":"isotope","description":"𝖌𝕝𝒾,c̶̳͚̈́͌̿͋̔ͅ𝖍 ρ𝖗𝕚n̶͓͉̣͉͚̂̏͐ƈᵉ𝖘ร | #coub_vault | reddit.com/r/coubvault","followers_count":286,"following_count":3,"avatar_versions":{"template":"https://coub-anubis-a.akamaized.net/coub_storage/channel/cw_avatar/014c81f1d2e/184f203c8feb7fa94f95a/%{version}_1643197467_22.png","versions":["medium","medium_2x","profile_pic","profile_pic_new","profile_pic_new_2x","tiny","tiny_2x","small","small_2x","ios_large","ios_small"]}},"file":null,"picture":"https://coub-anubis-a.akamaized.net/coub_storage/coub/simple/cw_image/2b642651443/d5125c0726479c82eec72/med_1623606554_00023.jpg","timeline_picture":"https://coub-anubis-a.akamaized.net/coub_storage/coub/simple/cw_timeline_pic/655dcc91d26/d4618951c1e0e82dc7b84/ios_large_1623606553_image.jpg","small_picture":"https://coub-anubis-a.akamaized.net/coub_storage/coub/simple/cw_image/2b642651443/d5125c0726479c82eec72/ios_mosaic_1623606554_00023.jpg","sharing_picture":null,"percent_done":100,"tags":[{"id":455156,"title":"apocalypses","value":"apocalypses"},{"id":3072,"title":"art","value":"art"},{"id":258946,"title":"pixelart","value":"pixelart"},{"id":420,"title":"pixel","value":"pixel"},{"id":35822,"title":"pixel art","value":"pixel%20art"},{"id":86,"title":"music","value":"music"},{"id":81,"title":"war","value":"war"},{"id":15666,"title":"destiny","value":"destiny"}],"categories":[{"id":2,"title":"Art & Design","permalink":"art","subscriptions_count":10092089,"big_image_url":"https://coub-anubis-a.akamaized.net/coub_storage/category/cw_image/bc49636b5e9/9d819c4215f13ccf07a7b/big_1544749302_art2.png","small_image_url":"https://coub-anubis-a.akamaized.net/coub_storage/category/cw_image/bc49636b5e9/9d819c4215f13ccf07a7b/small_1544749302_art2.png","med_image_url":"https://coub-anubis-a.akamaized.net/coub_storage/category/cw_image/bc49636b5e9/9d819c4215f13ccf07a7b/med_1544749302_art2.png","visible":true}],"communities":[{"id":2,"title":"Art & Design","permalink":"art","subscriptions_count":10092089,"big_image_url":"https://coub-anubis-a.akamaized.net/coub_storage/category/cw_image/bc49636b5e9/9d819c4215f13ccf07a7b/big_1544749302_art2.png","small_image_url":"https://coub-anubis-a.akamaized.net/coub_storage/category/cw_image/bc49636b5e9/9d819c4215f13ccf07a7b/small_1544749302_art2.png","med_image_url":"https://coub-anubis-a.akamaized.net/coub_storage/category/cw_image/bc49636b5e9/9d819c4215f13ccf07a7b/med_1544749302_art2.png","i_subscribed":true,"community_notifications_enabled":null,"description":null}],"recoubs_count":351,"remixes_count":0,"likes_count":1778,"dislikes_count":0,"raw_video_id":"","uploaded_by_ios_app":true,"uploaded_by_android_app":false,"media_blocks":{"uploaded_raw_videos":[],"external_raw_videos":[],"remixed_from_coubs":[{"id":38007155,"title":"Apocalypses","url":"https://coub.com/coubs/2obbto/remix","image":"https://coub-anubis-a.akamaized.net/coub_storage/media_block/cw_image/5ac79242157/cd108d34df6786a2ec681/video_1611421323_108cr19_1611421303_00024.jpg","image_retina":"https://coub-anubis-a.akamaized.net/coub_storage/media_block/cw_image/5ac79242157/cd108d34df6786a2ec681/video_retina_1611421323_108cr19_1611421303_00024.jpg","meta":{"duration":"7.56"},"duration":null,"coub_channel_title":"Castlxxx","coub_channel_permalink":"castlxxx","coub_views_count":223886,"coub_permalink":"2obbto"}]},"raw_video_thumbnail_url":"","raw_video_title":"","video_block_banned":false,"duration":7.16,"promo_winner":false,"promo_winner_recoubers":null,"editorial_info":{},"promo_hint":null,"beeline_best_2014":null,"from_web_editor":false,"normalize_sound":true,"normalize_change_allowed":true,"best2015_addable":false,"ahmad_promo":null,"promo_data":null,"audio_copyright_claim":null,"ads_disabled":false,"is_safe_for_ads":true,"megafon_contents":[],"position_on_page":7},{"flag":null,"abuses":null,"recoubs_by_users_channels":null,"favourite":false,"promoted_id":null,"recoub":null,"like":null,"dislike":null,"reaction":null,"in_my_best2015":false,"id":49116622,"type":"Coub::Simple","permalink":"ssljh","title":"Bitten","visibility_type":"public","original_visibility_type":"public","channel_id":2587862,"created_at":"2017-03-21T05:46:38Z","updated_at":"2022-03-17T00:17:18Z","is_done":true,"views_count":116609,"cotd":null,"cotd_at":null,"visible_on_explore_root":false,"visible_on_explore":false,"featured":false,"published":true,"published_at":"2017-03-21T05:46:38Z","reversed":false,"from_editor_v2":true,"is_editable":true,"original_sound":true,"has_sound":true,"recoub_to":null,"file_versions":{"html5":{"video":{"higher":{"url":"https://coub-anubis-a.akamaized.net/coub_storage/coub/simple/cw_file/b7cae8c5068/ffd70cdc6aee93ade28ec/muted_mp4_huge_size_1568097925_muted_huge.mp4","size":760130},"high":{"url":"https://coub-anubis-a.akamaized.net/coub_storage/coub/simple/cw_file/b7cae8c5068/ffd70cdc6aee93ade28ec/muted_mp4_big_size_1568097925_muted_big.mp4","size":530281},"med":{"url":"https://coub-anubis-a.akamaized.net/coub_storage/coub/simple/cw_file/b7cae8c5068/ffd70cdc6aee93ade28ec/muted_mp4_med_size_1568097925_muted_med.mp4","size":289072}},"audio":{"high":{"url":"https://coub-anubis-a.akamaized.net/coub_storage/coub/simple/cw_looped_audio_high/13e4a3683f3/642170ce32864c623e6c6/1605588489_high_1490075216_high.mp3","size":1319352},"med":{"url":"https://coub-anubis-a.akamaized.net/coub_storage/coub/simple/cw_looped_audio_med/0c1b97a0bdd/58bcb21015fabe266ca80/1605588488_med_1490075216_med.mp3","size":1002897},"sample_duration":9.079}},"mobile":{"video":"https://coub-anubis-a.akamaized.net/coub_storage/coub/simple/cw_file/b7cae8c5068/ffd70cdc6aee93ade28ec/muted_mp4_med_size_1568097925_muted_med.mp4","audio":["https://coub-anubis-a.akamaized.net/coub_storage/coub/simple/cw_looped_audio_med/0c1b97a0bdd/58bcb21015fabe266ca80/1605588488_med_1490075216_med.mp3"]},"share":{"default":"https://coub-anubis-a.akamaized.net/coub_storage/coub/simple/cw_video_for_sharing/5615322b3c0/031397c5938e857f37008/1609495204_looped_1609495204.mp4"}},"audio_versions":{},"image_versions":{"template":"https://coub-anubis-a.akamaized.net/coub_storage/coub/simple/cw_image/fe77a96721c/6f62bf8bc523c86e27f9d/1490075222_00029.jpg","versions":["micro","tiny","age_restricted","ios_large","ios_mosaic","big","med","small","pinterest"]},"first_frame_versions":{"template":"https://coub-anubis-a.akamaized.net/coub_storage/coub/simple/cw_timeline_pic/fe77a96721c/6f62bf8bc523c86e27f9d/%{version}_1490075222_image.jpg","versions":["big","med","small","ios_large"]},"dimensions":{"big":[1280,700],"med":[640,350]},"site_w_h":[640,350],"page_w_h":[640,350],"site_w_h_small":[310,170],"size":[1280,700],"age_restricted":false,"age_restricted_by_admin":false,"not_safe_for_work":false,"allow_reuse":false,"dont_crop":false,"banned":false,"global_safe":true,"audio_file_url":null,"external_download":{"type":"Youtube","service_name":"YouTube","url":"http://www.youtube.com/watch?v=qoSIILRAaYQ","has_embed":true},"application":null,"channel":{"id":2587862,"permalink":"sackofun","title":"\\§∀➲₭❍₣ЏN/","description":"Привет странник,делаю коубы лишь по своему вдохновению и желанию сотворить гавницо.","followers_count":616,"following_count":25,"avatar_versions":{"template":"https://coub-anubis-a.akamaized.net/coub_storage/channel/cw_avatar/4778e8d9508/bb884141f7654b6308d64/%{version}_1636059871_ieZPZErCugI.jpg","versions":["medium","medium_2x","profile_pic","profile_pic_new","profile_pic_new_2x","tiny","tiny_2x","small","small_2x","ios_large","ios_small"]}},"file":null,"picture":"https://coub-anubis-a.akamaized.net/coub_storage/coub/simple/cw_image/fe77a96721c/6f62bf8bc523c86e27f9d/1490075222_00029.jpg","timeline_picture":"https://coub-anubis-a.akamaized.net/coub_storage/coub/simple/cw_timeline_pic/fe77a96721c/6f62bf8bc523c86e27f9d/ios_large_1490075222_image.jpg","small_picture":"https://coub-anubis-a.akamaized.net/coub_storage/coub/simple/cw_image/fe77a96721c/6f62bf8bc523c86e27f9d/1490075222_00029.jpg","sharing_picture":null,"percent_done":100,"tags":[{"id":1120297,"title":"undertale","value":"undertale"},{"id":1615032,"title":"animation compilation","value":"animation%20compilation"},{"id":1140,"title":"game","value":"game"},{"id":356291,"title":"chara","value":"chara"},{"id":1169829,"title":"asriel","value":"asriel"}],"categories":[{"id":2,"title":"Art & Design","permalink":"art","subscriptions_count":10092089,"big_image_url":"https://coub-anubis-a.akamaized.net/coub_storage/category/cw_image/bc49636b5e9/9d819c4215f13ccf07a7b/big_1544749302_art2.png","small_image_url":"https://coub-anubis-a.akamaized.net/coub_storage/category/cw_image/bc49636b5e9/9d819c4215f13ccf07a7b/small_1544749302_art2.png","med_image_url":"https://coub-anubis-a.akamaized.net/coub_storage/category/cw_image/bc49636b5e9/9d819c4215f13ccf07a7b/med_1544749302_art2.png","visible":true}],"communities":[{"id":2,"title":"Art & Design","permalink":"art","subscriptions_count":10092089,"big_image_url":"https://coub-anubis-a.akamaized.net/coub_storage/category/cw_image/bc49636b5e9/9d819c4215f13ccf07a7b/big_1544749302_art2.png","small_image_url":"https://coub-anubis-a.akamaized.net/coub_storage/category/cw_image/bc49636b5e9/9d819c4215f13ccf07a7b/small_1544749302_art2.png","med_image_url":"https://coub-anubis-a.akamaized.net/coub_storage/category/cw_image/bc49636b5e9/9d819c4215f13ccf07a7b/med_1544749302_art2.png","i_subscribed":true,"community_notifications_enabled":null,"description":null}],"recoubs_count":470,"remixes_count":3,"likes_count":1778,"dislikes_count":0,"raw_video_id":9318025,"uploaded_by_ios_app":false,"uploaded_by_android_app":false,"media_blocks":{"uploaded_raw_videos":[],"external_raw_videos":[{"id":13357658,"title":"Undertale \"Animation Compilation\" Part 7","url":"http://www.youtube.com/watch?v=qoSIILRAaYQ","image":"https://coub-anubis-a.akamaized.net/coub_storage/media_block/cw_image/0ce0500f1a0/e2a3da5a5d6a9ddd6dce1/1492769481_1490074761_1k081oa_att-url-download.jpg","image_retina":"https://coub-anubis-a.akamaized.net/coub_storage/media_block/cw_image/0ce0500f1a0/e2a3da5a5d6a9ddd6dce1/1492769481_1490074761_1k081oa_att-url-download.jpg","meta":{"service":"Youtube","duration":"290.667"},"duration":290.667,"raw_video_id":9318025,"has_embed":true}],"remixed_from_coubs":[],"external_video":{"id":13357658,"title":"Undertale \"Animation Compilation\" Part 7","url":"http://www.youtube.com/watch?v=qoSIILRAaYQ","image":"https://coub-anubis-a.akamaized.net/coub_storage/media_block/cw_image/0ce0500f1a0/e2a3da5a5d6a9ddd6dce1/1492769481_1490074761_1k081oa_att-url-download.jpg","image_retina":"https://coub-anubis-a.akamaized.net/coub_storage/media_block/cw_image/0ce0500f1a0/e2a3da5a5d6a9ddd6dce1/1492769481_1490074761_1k081oa_att-url-download.jpg","meta":{"service":"Youtube","duration":"290.667"},"duration":290.667,"raw_video_id":9318025,"has_embed":true}},"raw_video_thumbnail_url":"/missing/missing.png","raw_video_title":"Undertale \"Animation Compilation\" Part 7","video_block_banned":false,"duration":9.04,"promo_winner":false,"promo_winner_recoubers":null,"editorial_info":{},"promo_hint":null,"beeline_best_2014":null,"from_web_editor":true,"normalize_sound":true,"normalize_change_allowed":true,"best2015_addable":false,"ahmad_promo":null,"promo_data":null,"audio_copyright_claim":null,"ads_disabled":null,"is_safe_for_ads":true,"megafon_contents":[],"position_on_page":8},{"flag":null,"abuses":null,"recoubs_by_users_channels":null,"favourite":false,"promoted_id":null,"recoub":null,"like":null,"dislike":null,"reaction":null,"in_my_best2015":false,"id":134313808,"type":"Coub::Simple","permalink":"27lwed","title":"A L T E R N A T I O N","visibility_type":"public","original_visibility_type":"public","channel_id":4845604,"created_at":"2020-01-13T15:32:48Z","updated_at":"2022-03-17T09:34:41Z","is_done":true,"views_count":198326,"cotd":null,"cotd_at":null,"visible_on_explore_root":true,"visible_on_explore":true,"featured":true,"published":true,"published_at":"2020-01-13T15:32:48Z","reversed":false,"from_editor_v2":true,"is_editable":true,"original_sound":false,"has_sound":false,"recoub_to":null,"file_versions":{"html5":{"video":{"higher":{"url":"https://coub-anubis-a.akamaized.net/coub_storage/coub/simple/cw_file/a523ed34dbe/156802dfa9be8c4b03e67/muted_mp4_huge_size_1578929578_muted_huge.mp4","size":3692300},"high":{"url":"https://coub-anubis-a.akamaized.net/coub_storage/coub/simple/cw_file/a523ed34dbe/156802dfa9be8c4b03e67/muted_mp4_big_size_1578929578_muted_big.mp4","size":2576263},"med":{"url":"https://coub-anubis-a.akamaized.net/coub_storage/coub/simple/cw_file/a523ed34dbe/156802dfa9be8c4b03e67/muted_mp4_med_size_1578929578_muted_med.mp4","size":765590}},"audio":{"high":{"url":"https://coub-anubis-a.akamaized.net/coub_storage/coub/simple/cw_looped_audio_high/af573d00c5f/f1e0fa6ccc7012f04aa42/1605704069_high_1578929662_high.mp3","size":7172142},"med":{"url":"https://coub-anubis-a.akamaized.net/coub_storage/coub/simple/cw_looped_audio_med/286ee6e7694/6b20aa11335317932b915/1605704068_med_1578929662_med.mp3","size":5379300}}},"mobile":{"video":"https://coub-anubis-a.akamaized.net/coub_storage/coub/simple/cw_file/a523ed34dbe/156802dfa9be8c4b03e67/muted_mp4_med_size_1578929578_muted_med.mp4","audio":["https://coub-anubis-a.akamaized.net/coub_storage/coub/simple/cw_looped_audio_med/286ee6e7694/6b20aa11335317932b915/1605704068_med_1578929662_med.mp3"]},"share":{"default":"https://coub-anubis-a.akamaized.net/coub_storage/coub/simple/cw_video_for_sharing/4258c20e2ac/bd8f1eed2d29be59c574e/1610413220_looped_1610413220.mp4"}},"audio_versions":{"template":"https://coub-anubis-a.akamaized.net/coub_storage/audio_track/cw_normalized_copy/6d3f09b837c/a9db98aa4496871608a91/mid_1578929636_normalized_1578929590_k17eob_edited.mp3","versions":["mid","low"]},"image_versions":{"template":"https://coub-anubis-a.akamaized.net/coub_storage/coub/simple/cw_image/234e84f459b/16eb2c05184c004077202/1578929692_00020.jpg","versions":["micro","tiny","age_restricted","ios_large","ios_mosaic","big","med","small","pinterest"]},"first_frame_versions":{"template":"https://coub-anubis-a.akamaized.net/coub_storage/coub/simple/cw_timeline_pic/b4169cd84c9/381541e34a9cff1159ab5/%{version}_1578929692_image.jpg","versions":["big","med","small","ios_large"]},"dimensions":{"big":[1280,720],"med":[640,360]},"site_w_h":[640,360],"page_w_h":[640,360],"site_w_h_small":[310,174],"size":[1280,720],"age_restricted":false,"age_restricted_by_admin":false,"not_safe_for_work":false,"allow_reuse":false,"dont_crop":false,"banned":false,"global_safe":true,"audio_file_url":"https://coub-anubis-a.akamaized.net/coub_storage/audio_track/cw_normalized_copy/6d3f09b837c/a9db98aa4496871608a91/low_1578929636_normalized_1578929590_k17eob_edited.mp3","external_download":false,"application":null,"channel":{"id":4845604,"permalink":"00-13-pm","title":"00:13 pm","description":"inhale this","followers_count":3497,"following_count":0,"avatar_versions":{"template":"https://coub-anubis-a.akamaized.net/coub_storage/channel/cw_avatar/1b98aaedacd/b93e8e253c08715e5db16/%{version}_1641235325_LyBjVJh0cHo.jpg","versions":["medium","medium_2x","profile_pic","profile_pic_new","profile_pic_new_2x","tiny","tiny_2x","small","small_2x","ios_large","ios_small"]}},"file":null,"picture":"https://coub-anubis-a.akamaized.net/coub_storage/coub/simple/cw_image/234e84f459b/16eb2c05184c004077202/1578929692_00020.jpg","timeline_picture":"https://coub-anubis-a.akamaized.net/coub_storage/coub/simple/cw_timeline_pic/b4169cd84c9/381541e34a9cff1159ab5/ios_large_1578929692_image.jpg","small_picture":"https://coub-anubis-a.akamaized.net/coub_storage/coub/simple/cw_image/234e84f459b/16eb2c05184c004077202/1578929692_00020.jpg","sharing_picture":null,"percent_done":100,"tags":[],"categories":[{"id":2,"title":"Art & Design","permalink":"art","subscriptions_count":10092089,"big_image_url":"https://coub-anubis-a.akamaized.net/coub_storage/category/cw_image/bc49636b5e9/9d819c4215f13ccf07a7b/big_1544749302_art2.png","small_image_url":"https://coub-anubis-a.akamaized.net/coub_storage/category/cw_image/bc49636b5e9/9d819c4215f13ccf07a7b/small_1544749302_art2.png","med_image_url":"https://coub-anubis-a.akamaized.net/coub_storage/category/cw_image/bc49636b5e9/9d819c4215f13ccf07a7b/med_1544749302_art2.png","visible":true}],"communities":[{"id":2,"title":"Art & Design","permalink":"art","subscriptions_count":10092089,"big_image_url":"https://coub-anubis-a.akamaized.net/coub_storage/category/cw_image/bc49636b5e9/9d819c4215f13ccf07a7b/big_1544749302_art2.png","small_image_url":"https://coub-anubis-a.akamaized.net/coub_storage/category/cw_image/bc49636b5e9/9d819c4215f13ccf07a7b/small_1544749302_art2.png","med_image_url":"https://coub-anubis-a.akamaized.net/coub_storage/category/cw_image/bc49636b5e9/9d819c4215f13ccf07a7b/med_1544749302_art2.png","i_subscribed":true,"community_notifications_enabled":null,"description":null}],"recoubs_count":385,"remixes_count":0,"likes_count":1777,"dislikes_count":0,"raw_video_id":14698244,"uploaded_by_ios_app":false,"uploaded_by_android_app":false,"media_blocks":{"uploaded_raw_videos":[],"external_raw_videos":[],"remixed_from_coubs":[]},"raw_video_thumbnail_url":"/missing/missing.png","raw_video_title":"fqwimages12.gif","video_block_banned":false,"duration":6.24,"promo_winner":false,"promo_winner_recoubers":null,"editorial_info":{},"promo_hint":null,"beeline_best_2014":null,"from_web_editor":true,"normalize_sound":true,"normalize_change_allowed":true,"best2015_addable":false,"ahmad_promo":null,"promo_data":null,"audio_copyright_claim":null,"ads_disabled":false,"is_safe_for_ads":true,"megafon_contents":[],"position_on_page":9},{"flag":null,"abuses":null,"recoubs_by_users_channels":null,"favourite":false,"promoted_id":null,"recoub":null,"like":null,"dislike":null,"reaction":null,"in_my_best2015":false,"id":99098756,"type":"Coub::Simple","permalink":"1mlech","title":"Holy Business","visibility_type":"public","original_visibility_type":"public","channel_id":1852625,"created_at":"2019-01-23T12:01:04Z","updated_at":"2022-03-06T23:18:21Z","is_done":true,"views_count":148515,"cotd":null,"cotd_at":null,"visible_on_explore_root":false,"visible_on_explore":false,"featured":false,"published":true,"published_at":"2019-01-23T12:01:04Z","reversed":false,"from_editor_v2":true,"is_editable":true,"original_sound":false,"has_sound":false,"recoub_to":null,"file_versions":{"html5":{"video":{"higher":{"url":"https://coub-anubis-a.akamaized.net/coub_storage/coub/simple/cw_file/73d2f35aa50/99da93ea6e8056c11f2f4/muted_mp4_huge_size_1570043904_muted_huge.mp4","size":487091},"high":{"url":"https://coub-anubis-a.akamaized.net/coub_storage/coub/simple/cw_file/73d2f35aa50/99da93ea6e8056c11f2f4/muted_mp4_big_size_1570043904_muted_big.mp4","size":360937},"med":{"url":"https://coub-anubis-a.akamaized.net/coub_storage/coub/simple/cw_file/73d2f35aa50/99da93ea6e8056c11f2f4/muted_mp4_med_size_1570043904_muted_med.mp4","size":125472}},"audio":{"high":{"url":"https://coub-anubis-a.akamaized.net/coub_storage/coub/simple/cw_looped_audio_high/a6d2aca06c3/a3e870a2decbdb2885bce/1605668438_high_1548244921_high.mp3","size":6050956},"med":{"url":"https://coub-anubis-a.akamaized.net/coub_storage/coub/simple/cw_looped_audio_med/fd01f2893fb/9229890726dd404dda772/1605668437_med_1548244921_med.mp3","size":4291972}}},"mobile":{"video":"https://coub-anubis-a.akamaized.net/coub_storage/coub/simple/cw_file/73d2f35aa50/99da93ea6e8056c11f2f4/muted_mp4_med_size_1570043904_muted_med.mp4","audio":["https://coub-anubis-a.akamaized.net/coub_storage/coub/simple/cw_looped_audio_med/fd01f2893fb/9229890726dd404dda772/1605668437_med_1548244921_med.mp3"]},"share":{"default":"https://coub-anubis-a.akamaized.net/coub_storage/coub/simple/cw_video_for_sharing/26c5ba6e013/09a925237978d3c0a72b0/1613029701_looped_1613029700.mp4"}},"audio_versions":{"template":"https://coub-anubis-a.akamaized.net/coub_storage/audio_track/cw_normalized_copy/1b00d7ef76d/48a7fcbbc2e794b17a425/mid_1548244904_normalized_1548244872_2xxmey_edited.mp3","versions":["mid","low"]},"image_versions":{"template":"https://coub-anubis-a.akamaized.net/coub_storage/coub/simple/cw_image/1e1c8e8e634/5d22ccc8663c96d84e939/1548244937_00006.jpg","versions":["micro","tiny","age_restricted","ios_large","ios_mosaic","big","med","small","pinterest"]},"first_frame_versions":{"template":"https://coub-anubis-a.akamaized.net/coub_storage/coub/simple/cw_timeline_pic/ce68ad687a3/f4fb97adc47feb1576e2d/1548244937_image.jpg","versions":["big","med","small","ios_large"]},"dimensions":{"big":[1280,716],"med":[640,358]},"site_w_h":[640,358],"page_w_h":[640,358],"site_w_h_small":[310,173],"size":[1280,716],"age_restricted":false,"age_restricted_by_admin":false,"not_safe_for_work":false,"allow_reuse":false,"dont_crop":false,"banned":false,"global_safe":true,"audio_file_url":"https://coub-anubis-a.akamaized.net/coub_storage/audio_track/cw_normalized_copy/1b00d7ef76d/48a7fcbbc2e794b17a425/low_1548244904_normalized_1548244872_2xxmey_edited.mp3","external_download":{"type":"Imgur","service_name":"Imgur","url":"https://imgur.com/t/looping_gif/CEM38Yq","has_embed":false},"application":null,"channel":{"id":1852625,"permalink":"zoomcoub","title":"Zoom","description":null,"followers_count":886,"following_count":96,"avatar_versions":{"template":"https://coub-anubis-a.akamaized.net/coub_storage/channel/cw_avatar/fd61b66eae6/69942b781e8d47c1aa704/%{version}_1607424739_5lb4gv_1587795376_AdTuN9v5MLhmG3OA-sJsBQ-removebg-preview.png","versions":["medium","medium_2x","profile_pic","profile_pic_new","profile_pic_new_2x","tiny","tiny_2x","small","small_2x","ios_large","ios_small"]}},"file":null,"picture":"https://coub-anubis-a.akamaized.net/coub_storage/coub/simple/cw_image/1e1c8e8e634/5d22ccc8663c96d84e939/1548244937_00006.jpg","timeline_picture":"https://coub-anubis-a.akamaized.net/coub_storage/coub/simple/cw_timeline_pic/ce68ad687a3/f4fb97adc47feb1576e2d/1548244937_image.jpg","small_picture":"https://coub-anubis-a.akamaized.net/coub_storage/coub/simple/cw_image/1e1c8e8e634/5d22ccc8663c96d84e939/1548244937_00006.jpg","sharing_picture":null,"percent_done":100,"tags":[{"id":4628871,"title":"holy business","value":"holy%20business"},{"id":61548,"title":"holy","value":"holy"},{"id":31459,"title":"business","value":"business"},{"id":4298,"title":"jesus","value":"jesus"},{"id":7814,"title":"god","value":"god"},{"id":3613,"title":"zoom","value":"zoom"},{"id":168,"title":"loop","value":"loop"},{"id":239,"title":"robot","value":"robot"},{"id":85863,"title":"mashin","value":"mashin"},{"id":51586,"title":"mashine","value":"mashine"},{"id":79343,"title":"cristian","value":"cristian"},{"id":311734,"title":"relegion","value":"relegion"},{"id":1910,"title":"white","value":"white"},{"id":20701,"title":"cross","value":"cross"}],"categories":[{"id":2,"title":"Art & Design","permalink":"art","subscriptions_count":10092089,"big_image_url":"https://coub-anubis-a.akamaized.net/coub_storage/category/cw_image/bc49636b5e9/9d819c4215f13ccf07a7b/big_1544749302_art2.png","small_image_url":"https://coub-anubis-a.akamaized.net/coub_storage/category/cw_image/bc49636b5e9/9d819c4215f13ccf07a7b/small_1544749302_art2.png","med_image_url":"https://coub-anubis-a.akamaized.net/coub_storage/category/cw_image/bc49636b5e9/9d819c4215f13ccf07a7b/med_1544749302_art2.png","visible":true}],"communities":[{"id":2,"title":"Art & Design","permalink":"art","subscriptions_count":10092089,"big_image_url":"https://coub-anubis-a.akamaized.net/coub_storage/category/cw_image/bc49636b5e9/9d819c4215f13ccf07a7b/big_1544749302_art2.png","small_image_url":"https://coub-anubis-a.akamaized.net/coub_storage/category/cw_image/bc49636b5e9/9d819c4215f13ccf07a7b/small_1544749302_art2.png","med_image_url":"https://coub-anubis-a.akamaized.net/coub_storage/category/cw_image/bc49636b5e9/9d819c4215f13ccf07a7b/med_1544749302_art2.png","i_subscribed":true,"community_notifications_enabled":null,"description":null}],"recoubs_count":424,"remixes_count":20,"likes_count":1777,"dislikes_count":0,"raw_video_id":13088776,"uploaded_by_ios_app":false,"uploaded_by_android_app":false,"media_blocks":{"uploaded_raw_videos":[],"external_raw_videos":[{"id":30150384,"title":"Oh, my various gods, this is amazing.","url":"https://imgur.com/gallery/CEM38Yq","image":null,"image_retina":null,"meta":{"service":"Imgur","duration":"1.8"},"duration":1.8,"raw_video_id":13088776,"has_embed":false}],"remixed_from_coubs":[],"external_video":{"id":30150384,"title":"Oh, my various gods, this is amazing.","url":"https://imgur.com/gallery/CEM38Yq","image":null,"image_retina":null,"meta":{"service":"Imgur","duration":"1.8"},"duration":1.8,"raw_video_id":13088776,"has_embed":false}},"raw_video_thumbnail_url":"/missing/missing.png","raw_video_title":"Oh, my various gods, this is amazing.","video_block_banned":false,"duration":1.8,"promo_winner":false,"promo_winner_recoubers":null,"editorial_info":{},"promo_hint":null,"beeline_best_2014":null,"from_web_editor":true,"normalize_sound":true,"normalize_change_allowed":true,"best2015_addable":false,"ahmad_promo":null,"promo_data":null,"audio_copyright_claim":null,"ads_disabled":false,"is_safe_for_ads":true,"megafon_contents":[],"position_on_page":10}]}