{"page":205,"per_page":10,"total_pages":500,"coubs":[{"flag":null,"abuses":null,"recoubs_by_users_channels":null,"favourite":false,"promoted_id":null,"recoub":null,"like":null,"dislike":null,"reaction":null,"in_my_best2015":false,"id":163007358,"type":"Coub::Simple","permalink":"2opc41","title":"Ургант без мата","visibility_type":"public","original_visibility_type":"public","channel_id":328870,"created_at":"2021-02-03T01:04:30Z","updated_at":"2022-02-01T20:31:35Z","is_done":true,"views_count":130935,"cotd":null,"cotd_at":null,"visible_on_explore_root":false,"visible_on_explore":false,"featured":false,"published":true,"published_at":"2021-02-03T07:54:00Z","reversed":false,"from_editor_v2":true,"is_editable":true,"original_sound":true,"has_sound":true,"recoub_to":null,"file_versions":{"html5":{"video":{"higher":{"url":"https://coub-anubis-a.akamaized.net/coub_storage/coub/simple/cw_file/dae0b6ed603/7e30b7142e5e87b092048/muted_mp4_huge_size_1613097574_muted_huge.mp4","size":1078432},"high":{"url":"https://coub-anubis-a.akamaized.net/coub_storage/coub/simple/cw_file/dae0b6ed603/7e30b7142e5e87b092048/muted_mp4_big_size_1613097574_muted_big.mp4","size":727151},"med":{"url":"https://coub-anubis-a.akamaized.net/coub_storage/coub/simple/cw_file/dae0b6ed603/7e30b7142e5e87b092048/muted_mp4_med_size_1613097574_muted_med.mp4","size":177719}},"audio":{"high":{"url":"https://coub-anubis-a.akamaized.net/coub_storage/coub/simple/cw_looped_audio_high/343e3ef4bb7/7bdffa58020b56dcbf7f2/1613097575_mp3-high.mp3","size":779202},"med":{"url":"https://coub-anubis-a.akamaized.net/coub_storage/coub/simple/cw_looped_audio_med/373af2b283a/7f52002058775460a74fd/1613097575_mp3-med.mp3","size":768449},"sample_duration":10.008}},"mobile":{"video":"https://coub-anubis-a.akamaized.net/coub_storage/coub/simple/cw_file/dae0b6ed603/7e30b7142e5e87b092048/muted_mp4_med_size_1613097574_muted_med.mp4","audio":["https://coub-anubis-a.akamaized.net/coub_storage/coub/simple/cw_looped_audio_med/373af2b283a/7f52002058775460a74fd/1613097575_mp3-med.mp3"]},"share":{"default":"https://coub-anubis-a.akamaized.net/coub_storage/coub/simple/cw_video_for_sharing/0859714eb79/8159260058a34822a3ca9/1613097598_looped_1613097597.mp4"}},"audio_versions":{},"image_versions":{"template":"https://coub-anubis-a.akamaized.net/coub_storage/coub/simple/cw_image/67039bc95c7/c855c8e9e8dbb4b19655d/%{version}_1613097579_00032.jpg","versions":["micro","tiny","age_restricted","ios_large","ios_mosaic","big","med","small","pinterest"]},"first_frame_versions":{"template":"https://coub-anubis-a.akamaized.net/coub_storage/coub/simple/cw_timeline_pic/f5b6ff6b872/400ec465bad6eefe3f047/%{version}_1613097579_image.jpg","versions":["big","med","small","ios_large"]},"dimensions":{"big":[1280,704],"med":[640,352]},"site_w_h":[640,352],"page_w_h":[640,352],"site_w_h_small":[310,171],"size":[1280,704],"age_restricted":false,"age_restricted_by_admin":false,"not_safe_for_work":false,"allow_reuse":false,"dont_crop":true,"banned":false,"global_safe":false,"audio_file_url":null,"external_download":false,"application":null,"channel":{"id":328870,"permalink":"haalward","title":"Haalward","description":"В этом безобразии прошу винить мое бессознательное","followers_count":457,"following_count":6,"avatar_versions":{"template":"https://coub-anubis-a.akamaized.net/coub_storage/channel/cw_avatar/7abcd200052/4a6d4048217ef5b03bf00/%{version}_1569667449_2X54QkPxsPM.jpg","versions":["medium","medium_2x","profile_pic","profile_pic_new","profile_pic_new_2x","tiny","tiny_2x","small","small_2x","ios_large","ios_small"]}},"file":null,"picture":"https://coub-anubis-a.akamaized.net/coub_storage/coub/simple/cw_image/67039bc95c7/c855c8e9e8dbb4b19655d/med_1613097579_00032.jpg","timeline_picture":"https://coub-anubis-a.akamaized.net/coub_storage/coub/simple/cw_timeline_pic/f5b6ff6b872/400ec465bad6eefe3f047/ios_large_1613097579_image.jpg","small_picture":"https://coub-anubis-a.akamaized.net/coub_storage/coub/simple/cw_image/67039bc95c7/c855c8e9e8dbb4b19655d/ios_mosaic_1613097579_00032.jpg","sharing_picture":null,"percent_done":100,"tags":[{"id":6272,"title":"ургант","value":"%D1%83%D1%80%D0%B3%D0%B0%D0%BD%D1%82"},{"id":1265,"title":"россия","value":"%D1%80%D0%BE%D1%81%D1%81%D0%B8%D1%8F"},{"id":29907,"title":"закон","value":"%D0%B7%D0%B0%D0%BA%D0%BE%D0%BD"},{"id":1231,"title":"мат","value":"%D0%BC%D0%B0%D1%82"},{"id":1211187,"title":"русския язык","value":"%D1%80%D1%83%D1%81%D1%81%D0%BA%D0%B8%D1%8F%20%D1%8F%D0%B7%D1%8B%D0%BA"},{"id":3002,"title":"новости","value":"%D0%BD%D0%BE%D0%B2%D0%BE%D1%81%D1%82%D0%B8"}],"categories":[{"id":39,"title":"Celebrity","permalink":"celebrity","subscriptions_count":10072996,"big_image_url":"https://coub-anubis-a.akamaized.net/coub_storage/category/cw_image/f29db91ad17/ceeba69e8fe30eb9c445a/big_1544760906_celeb2.png","small_image_url":"https://coub-anubis-a.akamaized.net/coub_storage/category/cw_image/f29db91ad17/ceeba69e8fe30eb9c445a/small_1544760906_celeb2.png","med_image_url":"https://coub-anubis-a.akamaized.net/coub_storage/category/cw_image/f29db91ad17/ceeba69e8fe30eb9c445a/med_1544760906_celeb2.png","visible":true}],"communities":[{"id":39,"title":"Celebrity","permalink":"celebrity","subscriptions_count":10072996,"big_image_url":"https://coub-anubis-a.akamaized.net/coub_storage/category/cw_image/f29db91ad17/ceeba69e8fe30eb9c445a/big_1544760906_celeb2.png","small_image_url":"https://coub-anubis-a.akamaized.net/coub_storage/category/cw_image/f29db91ad17/ceeba69e8fe30eb9c445a/small_1544760906_celeb2.png","med_image_url":"https://coub-anubis-a.akamaized.net/coub_storage/category/cw_image/f29db91ad17/ceeba69e8fe30eb9c445a/med_1544760906_celeb2.png","i_subscribed":true,"community_notifications_enabled":null,"description":null}],"recoubs_count":261,"remixes_count":0,"likes_count":1227,"dislikes_count":0,"raw_video_id":16132689,"uploaded_by_ios_app":false,"uploaded_by_android_app":false,"media_blocks":{"uploaded_raw_videos":[],"external_raw_videos":[],"remixed_from_coubs":[]},"raw_video_thumbnail_url":"/missing/missing.png","raw_video_title":"3535.MOV","video_block_banned":false,"duration":9.92,"promo_winner":false,"promo_winner_recoubers":null,"editorial_info":{},"promo_hint":null,"beeline_best_2014":null,"from_web_editor":true,"normalize_sound":true,"normalize_change_allowed":true,"best2015_addable":false,"ahmad_promo":null,"promo_data":null,"audio_copyright_claim":null,"ads_disabled":false,"is_safe_for_ads":true,"megafon_contents":[],"position_on_page":1},{"flag":null,"abuses":null,"recoubs_by_users_channels":null,"favourite":false,"promoted_id":null,"recoub":null,"like":null,"dislike":null,"reaction":null,"in_my_best2015":false,"id":82720055,"type":"Coub::Simple","permalink":"1cuccp","title":"That's What She Said","visibility_type":"public","original_visibility_type":"public","channel_id":4605720,"created_at":"2018-08-18T18:51:31Z","updated_at":"2022-03-09T22:03:47Z","is_done":true,"views_count":113001,"cotd":null,"cotd_at":null,"visible_on_explore_root":false,"visible_on_explore":false,"featured":false,"published":true,"published_at":"2018-08-18T18:51:31Z","reversed":false,"from_editor_v2":true,"is_editable":true,"original_sound":true,"has_sound":true,"recoub_to":null,"file_versions":{"html5":{"video":{"higher":{"url":"https://coub-anubis-a.akamaized.net/coub_storage/coub/simple/cw_file/de1ff867097/6ea4dedeced18793cef08/muted_mp4_huge_size_1568271091_muted_huge.mp4","size":1745520},"high":{"url":"https://coub-anubis-a.akamaized.net/coub_storage/coub/simple/cw_file/de1ff867097/6ea4dedeced18793cef08/muted_mp4_big_size_1568271091_muted_big.mp4","size":1320708},"med":{"url":"https://coub-anubis-a.akamaized.net/coub_storage/coub/simple/cw_file/de1ff867097/6ea4dedeced18793cef08/muted_mp4_med_size_1568271091_muted_med.mp4","size":341106}},"audio":{"high":{"url":"https://coub-anubis-a.akamaized.net/coub_storage/coub/simple/cw_looped_audio_high/254f3e809fd/7d176b0b58970aaa26df5/1605613707_high_1534618349_high.mp3","size":867855},"med":{"url":"https://coub-anubis-a.akamaized.net/coub_storage/coub/simple/cw_looped_audio_med/3bcd25fac99/e885f412164068622425a/1605613705_med_1534618349_med.mp3","size":799076},"sample_duration":10.009}},"mobile":{"video":"https://coub-anubis-a.akamaized.net/coub_storage/coub/simple/cw_file/de1ff867097/6ea4dedeced18793cef08/muted_mp4_med_size_1568271091_muted_med.mp4","audio":["https://coub-anubis-a.akamaized.net/coub_storage/coub/simple/cw_looped_audio_med/3bcd25fac99/e885f412164068622425a/1605613705_med_1534618349_med.mp3"]},"share":{"default":"https://coub-anubis-a.akamaized.net/coub_storage/coub/simple/cw_video_for_sharing/b38f2fb4066/6dff6b06bb59677d6e45b/1610185300_looped_1610185299.mp4"}},"audio_versions":{},"image_versions":{"template":"https://coub-anubis-a.akamaized.net/coub_storage/coub/simple/cw_image/5fec103488e/22e280b09a3be251377dd/1534618355_00032.jpg","versions":["micro","tiny","age_restricted","ios_large","ios_mosaic","big","med","small","pinterest"]},"first_frame_versions":{"template":"https://coub-anubis-a.akamaized.net/coub_storage/coub/simple/cw_timeline_pic/681a8c1c652/958f3f145869f0175d168/%{version}_1534618355_image.jpg","versions":["big","med","small","ios_large"]},"dimensions":{"big":[1280,720],"med":[640,360]},"site_w_h":[640,360],"page_w_h":[640,360],"site_w_h_small":[310,174],"size":[1280,720],"age_restricted":false,"age_restricted_by_admin":false,"not_safe_for_work":false,"allow_reuse":false,"dont_crop":false,"banned":false,"global_safe":true,"audio_file_url":null,"external_download":{"type":"Youtube","service_name":"YouTube","url":"https://www.youtube.com/watch?v=9H781-tG5eY","has_embed":true},"application":null,"channel":{"id":4605720,"permalink":"yet10000","title":"yet1","description":null,"followers_count":41,"following_count":16,"avatar_versions":{"template":"https://coub-anubis-a.akamaized.net/coub_storage/channel/cw_avatar/8aa41558478/cb0929ccc4ece4b5fc7a5/%{version}_1607605229_1wl159y_1535197199_zsugaHS_avatar80.png","versions":["medium","medium_2x","profile_pic","profile_pic_new","profile_pic_new_2x","tiny","tiny_2x","small","small_2x","ios_large","ios_small"]}},"file":null,"picture":"https://coub-anubis-a.akamaized.net/coub_storage/coub/simple/cw_image/5fec103488e/22e280b09a3be251377dd/1534618355_00032.jpg","timeline_picture":"https://coub-anubis-a.akamaized.net/coub_storage/coub/simple/cw_timeline_pic/681a8c1c652/958f3f145869f0175d168/ios_large_1534618355_image.jpg","small_picture":"https://coub-anubis-a.akamaized.net/coub_storage/coub/simple/cw_image/5fec103488e/22e280b09a3be251377dd/1534618355_00032.jpg","sharing_picture":null,"percent_done":100,"tags":[{"id":4217575,"title":"kisstyle","value":"kisstyle"},{"id":4217576,"title":"kis-s-tyle","value":"kis-s-tyle"},{"id":5511,"title":"kiss","value":"kiss"},{"id":164243,"title":"dóra","value":"d%C3%B3ra"},{"id":17816,"title":"magyar","value":"magyar"},{"id":108722,"title":"youtuber","value":"youtuber"},{"id":23610,"title":"dora","value":"dora"},{"id":4217577,"title":"kissdora","value":"kissdora"},{"id":613285,"title":"dóri","value":"d%C3%B3ri"},{"id":174832,"title":"dori","value":"dori"},{"id":148658,"title":"új","value":"%C3%BAj"},{"id":4217578,"title":"telefonom","value":"telefonom"},{"id":6612,"title":"samsung","value":"samsung"},{"id":11707,"title":"galaxy","value":"galaxy"},{"id":390049,"title":"s9","value":"s9"},{"id":79114,"title":"plus","value":"plus"},{"id":1781,"title":"new","value":"new"},{"id":3944,"title":"phone","value":"phone"}],"categories":[{"id":39,"title":"Celebrity","permalink":"celebrity","subscriptions_count":10072996,"big_image_url":"https://coub-anubis-a.akamaized.net/coub_storage/category/cw_image/f29db91ad17/ceeba69e8fe30eb9c445a/big_1544760906_celeb2.png","small_image_url":"https://coub-anubis-a.akamaized.net/coub_storage/category/cw_image/f29db91ad17/ceeba69e8fe30eb9c445a/small_1544760906_celeb2.png","med_image_url":"https://coub-anubis-a.akamaized.net/coub_storage/category/cw_image/f29db91ad17/ceeba69e8fe30eb9c445a/med_1544760906_celeb2.png","visible":true}],"communities":[{"id":39,"title":"Celebrity","permalink":"celebrity","subscriptions_count":10072996,"big_image_url":"https://coub-anubis-a.akamaized.net/coub_storage/category/cw_image/f29db91ad17/ceeba69e8fe30eb9c445a/big_1544760906_celeb2.png","small_image_url":"https://coub-anubis-a.akamaized.net/coub_storage/category/cw_image/f29db91ad17/ceeba69e8fe30eb9c445a/small_1544760906_celeb2.png","med_image_url":"https://coub-anubis-a.akamaized.net/coub_storage/category/cw_image/f29db91ad17/ceeba69e8fe30eb9c445a/med_1544760906_celeb2.png","i_subscribed":true,"community_notifications_enabled":null,"description":null}],"recoubs_count":136,"remixes_count":2,"likes_count":1227,"dislikes_count":0,"raw_video_id":12224204,"uploaded_by_ios_app":false,"uploaded_by_android_app":false,"media_blocks":{"uploaded_raw_videos":[],"external_raw_videos":[{"id":27789189,"title":"Az új telefonom","url":"https://www.youtube.com/watch?v=9H781-tG5eY","image":"https://coub-anubis-a.akamaized.net/coub_storage/media_block/cw_image/bf3b70b39bb/b27650696aa793c0436f0/1534617918_1534617809_wuj9gr_att-url-download.jpg","image_retina":"https://coub-anubis-a.akamaized.net/coub_storage/media_block/cw_image/bf3b70b39bb/b27650696aa793c0436f0/1534617918_1534617809_wuj9gr_att-url-download.jpg","meta":{"service":"Youtube","duration":"603.68"},"duration":603.68,"raw_video_id":12224204,"has_embed":true}],"remixed_from_coubs":[],"external_video":{"id":27789189,"title":"Az új telefonom","url":"https://www.youtube.com/watch?v=9H781-tG5eY","image":"https://coub-anubis-a.akamaized.net/coub_storage/media_block/cw_image/bf3b70b39bb/b27650696aa793c0436f0/1534617918_1534617809_wuj9gr_att-url-download.jpg","image_retina":"https://coub-anubis-a.akamaized.net/coub_storage/media_block/cw_image/bf3b70b39bb/b27650696aa793c0436f0/1534617918_1534617809_wuj9gr_att-url-download.jpg","meta":{"service":"Youtube","duration":"603.68"},"duration":603.68,"raw_video_id":12224204,"has_embed":true}},"raw_video_thumbnail_url":"/missing/missing.png","raw_video_title":"Az új telefonom","video_block_banned":false,"duration":10.0,"promo_winner":false,"promo_winner_recoubers":null,"editorial_info":{},"promo_hint":null,"beeline_best_2014":null,"from_web_editor":true,"normalize_sound":true,"normalize_change_allowed":true,"best2015_addable":false,"ahmad_promo":null,"promo_data":null,"audio_copyright_claim":null,"ads_disabled":false,"is_safe_for_ads":true,"megafon_contents":[],"position_on_page":2},{"flag":null,"abuses":null,"recoubs_by_users_channels":null,"favourite":false,"promoted_id":null,"recoub":null,"like":null,"dislike":null,"reaction":null,"in_my_best2015":false,"id":170080785,"type":"Coub::Simple","permalink":"2swy1j","title":"Young","visibility_type":"public","original_visibility_type":"public","channel_id":7757526,"created_at":"2021-06-06T19:33:25Z","updated_at":"2022-03-14T18:32:36Z","is_done":true,"views_count":101099,"cotd":null,"cotd_at":null,"visible_on_explore_root":false,"visible_on_explore":false,"featured":false,"published":true,"published_at":"2021-06-06T19:33:25Z","reversed":false,"from_editor_v2":true,"is_editable":true,"original_sound":false,"has_sound":false,"recoub_to":null,"file_versions":{"html5":{"video":{"higher":{"url":"https://coub-anubis-a.akamaized.net/coub_storage/coub/simple/cw_file/d1cc1805946/59e18940c8ceed8870f46/muted_mp4_huge_size_1623008010_muted_huge.mp4","size":2481912},"high":{"url":"https://coub-anubis-a.akamaized.net/coub_storage/coub/simple/cw_file/d1cc1805946/59e18940c8ceed8870f46/muted_mp4_big_size_1623008010_muted_big.mp4","size":1536598},"med":{"url":"https://coub-anubis-a.akamaized.net/coub_storage/coub/simple/cw_file/d1cc1805946/59e18940c8ceed8870f46/muted_mp4_med_size_1623008010_muted_med.mp4","size":529867}},"audio":{"high":{"url":"https://coub-anubis-a.akamaized.net/coub_storage/coub/simple/cw_looped_audio_high/07cf1a24000/fb3ed0e7b344d4f44bbc8/1623008057_mp3-high.mp3","size":5079073},"med":{"url":"https://coub-anubis-a.akamaized.net/coub_storage/coub/simple/cw_looped_audio_med/c0d72a62e6f/951f131520baf6902cb70/1623008053_mp3-med.mp3","size":3547419}}},"mobile":{"video":"https://coub-anubis-a.akamaized.net/coub_storage/coub/simple/cw_file/d1cc1805946/59e18940c8ceed8870f46/muted_mp4_med_size_1623008010_muted_med.mp4","audio":["https://coub-anubis-a.akamaized.net/coub_storage/coub/simple/cw_looped_audio_med/c0d72a62e6f/951f131520baf6902cb70/1623008053_mp3-med.mp3"]},"share":{"default":"https://coub-anubis-a.akamaized.net/coub_storage/coub/simple/cw_video_for_sharing/62842cef33d/f75be858d4ff35b01fadb/1623008086_looped_1623008085.mp4"}},"audio_versions":{"template":"https://coub-anubis-a.akamaized.net/coub_storage/audio_track/cw_normalized_copy/febf6518331/f41032693e0264595e65e/mid_1623008037_normalized_1623008015_1l208gu_edited.mp3","versions":["mid","low"]},"image_versions":{"template":"https://coub-anubis-a.akamaized.net/coub_storage/coub/simple/cw_image/43c767bd5ef/433a2e19522217d734172/%{version}_1623008061_00031.jpg","versions":["micro","tiny","age_restricted","ios_large","ios_mosaic","big","med","small","pinterest"]},"first_frame_versions":{"template":"https://coub-anubis-a.akamaized.net/coub_storage/coub/simple/cw_timeline_pic/04d086713cd/5fc252f1d0538d8550887/%{version}_1623008060_image.jpg","versions":["big","med","small","ios_large"]},"dimensions":{"big":[960,960],"med":[480,480]},"site_w_h":[400,400],"page_w_h":[400,400],"site_w_h_small":[310,310],"size":[960,960],"age_restricted":false,"age_restricted_by_admin":false,"not_safe_for_work":null,"allow_reuse":false,"dont_crop":true,"banned":false,"global_safe":null,"audio_file_url":"https://coub-anubis-a.akamaized.net/coub_storage/audio_track/cw_normalized_copy/febf6518331/f41032693e0264595e65e/low_1623008037_normalized_1623008015_1l208gu_edited.mp3","external_download":false,"application":null,"channel":{"id":7757526,"permalink":"grosny777","title":"Grosny","description":null,"followers_count":340,"following_count":5,"avatar_versions":{"template":"https://coub-anubis-a.akamaized.net/coub_storage/channel/cw_avatar/5b073ffc622/fd616783c157a0344e347/%{version}_1607422354_1xkioua_1582664293_____-__-_____-_-__________-___-_________-______-38431914.jpg","versions":["medium","medium_2x","profile_pic","profile_pic_new","profile_pic_new_2x","tiny","tiny_2x","small","small_2x","ios_large","ios_small"]}},"file":null,"picture":"https://coub-anubis-a.akamaized.net/coub_storage/coub/simple/cw_image/43c767bd5ef/433a2e19522217d734172/med_1623008061_00031.jpg","timeline_picture":"https://coub-anubis-a.akamaized.net/coub_storage/coub/simple/cw_timeline_pic/04d086713cd/5fc252f1d0538d8550887/ios_large_1623008060_image.jpg","small_picture":"https://coub-anubis-a.akamaized.net/coub_storage/coub/simple/cw_image/43c767bd5ef/433a2e19522217d734172/ios_mosaic_1623008061_00031.jpg","sharing_picture":null,"percent_done":100,"tags":[{"id":1081691,"title":"90’s","value":"90%E2%80%99s"}],"categories":[{"id":39,"title":"Celebrity","permalink":"celebrity","subscriptions_count":10072996,"big_image_url":"https://coub-anubis-a.akamaized.net/coub_storage/category/cw_image/f29db91ad17/ceeba69e8fe30eb9c445a/big_1544760906_celeb2.png","small_image_url":"https://coub-anubis-a.akamaized.net/coub_storage/category/cw_image/f29db91ad17/ceeba69e8fe30eb9c445a/small_1544760906_celeb2.png","med_image_url":"https://coub-anubis-a.akamaized.net/coub_storage/category/cw_image/f29db91ad17/ceeba69e8fe30eb9c445a/med_1544760906_celeb2.png","visible":true}],"communities":[{"id":39,"title":"Celebrity","permalink":"celebrity","subscriptions_count":10072996,"big_image_url":"https://coub-anubis-a.akamaized.net/coub_storage/category/cw_image/f29db91ad17/ceeba69e8fe30eb9c445a/big_1544760906_celeb2.png","small_image_url":"https://coub-anubis-a.akamaized.net/coub_storage/category/cw_image/f29db91ad17/ceeba69e8fe30eb9c445a/small_1544760906_celeb2.png","med_image_url":"https://coub-anubis-a.akamaized.net/coub_storage/category/cw_image/f29db91ad17/ceeba69e8fe30eb9c445a/med_1544760906_celeb2.png","i_subscribed":true,"community_notifications_enabled":null,"description":null}],"recoubs_count":183,"remixes_count":1,"likes_count":1226,"dislikes_count":0,"raw_video_id":"","uploaded_by_ios_app":false,"uploaded_by_android_app":false,"media_blocks":{"uploaded_raw_videos":[],"external_raw_videos":[],"remixed_from_coubs":[{"id":38995731,"title":"90’s 🥺","url":"https://coub.com/coubs/2srvxn/remix","image":"https://coub-anubis-a.akamaized.net/coub_storage/media_block/cw_image/2a3a171e9f5/8dab39ae70b945872a5a8/video_1622664523_nxgo9y_1622664498_00031.jpg","image_retina":"https://coub-anubis-a.akamaized.net/coub_storage/media_block/cw_image/2a3a171e9f5/8dab39ae70b945872a5a8/video_retina_1622664523_nxgo9y_1622664498_00031.jpg","meta":{"duration":"9.8"},"duration":null,"coub_channel_title":"kmpi","coub_channel_permalink":"bella-kemp","coub_views_count":120058,"coub_permalink":"2srvxn"}]},"raw_video_thumbnail_url":"","raw_video_title":"","video_block_banned":false,"duration":9.8,"promo_winner":false,"promo_winner_recoubers":null,"editorial_info":{},"promo_hint":null,"beeline_best_2014":null,"from_web_editor":true,"normalize_sound":true,"normalize_change_allowed":true,"best2015_addable":false,"ahmad_promo":null,"promo_data":null,"audio_copyright_claim":null,"ads_disabled":null,"is_safe_for_ads":true,"megafon_contents":[],"position_on_page":3},{"flag":null,"abuses":null,"recoubs_by_users_channels":null,"favourite":false,"promoted_id":null,"recoub":null,"like":null,"dislike":null,"reaction":null,"in_my_best2015":false,"id":140901364,"type":"Coub::Simple","permalink":"2bjiv6","title":"Путин о конституции","visibility_type":"public","original_visibility_type":"public","channel_id":146686,"created_at":"2020-03-31T13:56:10Z","updated_at":"2022-02-23T15:38:56Z","is_done":true,"views_count":128081,"cotd":null,"cotd_at":null,"visible_on_explore_root":false,"visible_on_explore":false,"featured":false,"published":true,"published_at":"2020-03-31T13:56:10Z","reversed":false,"from_editor_v2":true,"is_editable":true,"original_sound":true,"has_sound":true,"recoub_to":null,"file_versions":{"html5":{"video":{"higher":{"url":"https://coub-anubis-a.akamaized.net/coub_storage/coub/simple/cw_file/ff0ce329c76/a8e7f6a6ef3bd043c06be/muted_mp4_huge_size_1585663129_muted_huge.mp4","size":2221499},"high":{"url":"https://coub-anubis-a.akamaized.net/coub_storage/coub/simple/cw_file/ff0ce329c76/a8e7f6a6ef3bd043c06be/muted_mp4_big_size_1585663129_muted_big.mp4","size":1682936},"med":{"url":"https://coub-anubis-a.akamaized.net/coub_storage/coub/simple/cw_file/ff0ce329c76/a8e7f6a6ef3bd043c06be/muted_mp4_med_size_1585663129_muted_med.mp4","size":545167}},"audio":{"high":{"url":"https://coub-anubis-a.akamaized.net/coub_storage/coub/simple/cw_looped_audio_high/01f265bf86d/aee5ae32bd1bd0de915af/1605701741_high_1585663129_high.mp3","size":994946},"med":{"url":"https://coub-anubis-a.akamaized.net/coub_storage/coub/simple/cw_looped_audio_med/2101a1b3aa4/5ad39cc204ec7375e788b/1605701741_med_1585663129_med.mp3","size":799076},"sample_duration":10.008}},"mobile":{"video":"https://coub-anubis-a.akamaized.net/coub_storage/coub/simple/cw_file/ff0ce329c76/a8e7f6a6ef3bd043c06be/muted_mp4_med_size_1585663129_muted_med.mp4","audio":["https://coub-anubis-a.akamaized.net/coub_storage/coub/simple/cw_looped_audio_med/2101a1b3aa4/5ad39cc204ec7375e788b/1605701741_med_1585663129_med.mp3"]},"share":{"default":"https://coub-anubis-a.akamaized.net/coub_storage/coub/simple/cw_video_for_sharing/7f0d98af7a2/4c917cdf05e972f718138/1608940043_looped_1608940042.mp4"}},"audio_versions":{},"image_versions":{"template":"https://coub-anubis-a.akamaized.net/coub_storage/coub/simple/cw_image/8460cee73ed/ed4bd2bd02daf1b0183de/1585663136_00032.jpg","versions":["micro","tiny","age_restricted","ios_large","ios_mosaic","big","med","small","pinterest"]},"first_frame_versions":{"template":"https://coub-anubis-a.akamaized.net/coub_storage/coub/simple/cw_timeline_pic/e9961f8e158/f160770032b86b6442ff1/%{version}_1585663136_image.jpg","versions":["big","med","small","ios_large"]},"dimensions":{"big":[1280,720],"med":[640,360]},"site_w_h":[640,360],"page_w_h":[640,360],"site_w_h_small":[310,174],"size":[1280,720],"age_restricted":false,"age_restricted_by_admin":false,"not_safe_for_work":false,"allow_reuse":false,"dont_crop":false,"banned":false,"global_safe":false,"audio_file_url":null,"external_download":{"type":"Youtube","service_name":"YouTube","url":"https://www.youtube.com/watch?v=k6cYJX9jAfU","has_embed":true},"application":null,"channel":{"id":146686,"permalink":"kirill-sergeev4","title":"Kirill Sergeev","description":null,"followers_count":31,"following_count":34,"avatar_versions":{"template":"https://coub-anubis-a.akamaized.net/coub_storage/channel/cw_avatar/ab293e8dc51/808da0b37f86eec336ea8/%{version}_1474488933___________.jpg","versions":["medium","medium_2x","profile_pic","profile_pic_new","profile_pic_new_2x","tiny","tiny_2x","small","small_2x","ios_large","ios_small"]}},"file":null,"picture":"https://coub-anubis-a.akamaized.net/coub_storage/coub/simple/cw_image/8460cee73ed/ed4bd2bd02daf1b0183de/1585663136_00032.jpg","timeline_picture":"https://coub-anubis-a.akamaized.net/coub_storage/coub/simple/cw_timeline_pic/e9961f8e158/f160770032b86b6442ff1/ios_large_1585663136_image.jpg","small_picture":"https://coub-anubis-a.akamaized.net/coub_storage/coub/simple/cw_image/8460cee73ed/ed4bd2bd02daf1b0183de/1585663136_00032.jpg","sharing_picture":null,"percent_done":100,"tags":[{"id":4034986,"title":"slow slow cow","value":"slow%20slow%20cow"},{"id":4031225,"title":"плохие песни","value":"%D0%BF%D0%BB%D0%BE%D1%85%D0%B8%D0%B5%20%D0%BF%D0%B5%D1%81%D0%BD%D0%B8"},{"id":637031,"title":"команда квн союз","value":"%D0%BA%D0%BE%D0%BC%D0%B0%D0%BD%D0%B4%D0%B0%20%D0%BA%D0%B2%D0%BD%20%D1%81%D0%BE%D1%8E%D0%B7"},{"id":525566,"title":"студия союз","value":"%D1%81%D1%82%D1%83%D0%B4%D0%B8%D1%8F%20%D1%81%D0%BE%D1%8E%D0%B7"},{"id":5509476,"title":"музыкальный биатлон","value":"%D0%BC%D1%83%D0%B7%D1%8B%D0%BA%D0%B0%D0%BB%D1%8C%D0%BD%D1%8B%D0%B9%20%D0%B1%D0%B8%D0%B0%D1%82%D0%BB%D0%BE%D0%BD"},{"id":5509477,"title":"шутки песни","value":"%D1%88%D1%83%D1%82%D0%BA%D0%B8%20%D0%BF%D0%B5%D1%81%D0%BD%D0%B8"},{"id":56887,"title":"ssc","value":"ssc"},{"id":5538513,"title":"слоу слоу коу","value":"%D1%81%D0%BB%D0%BE%D1%83%20%D1%81%D0%BB%D0%BE%D1%83%20%D0%BA%D0%BE%D1%83"},{"id":40938,"title":"плохие","value":"%D0%BF%D0%BB%D0%BE%D1%85%D0%B8%D0%B5"},{"id":2067,"title":"песни","value":"%D0%BF%D0%B5%D1%81%D0%BD%D0%B8"},{"id":10186,"title":"шоу","value":"%D1%88%D0%BE%D1%83"},{"id":4034985,"title":"рифмобол","value":"%D1%80%D0%B8%D1%84%D0%BC%D0%BE%D0%B1%D0%BE%D0%BB"},{"id":56539,"title":"лолита","value":"%D0%BB%D0%BE%D0%BB%D0%B8%D1%82%D0%B0"},{"id":140514,"title":"милявская","value":"%D0%BC%D0%B8%D0%BB%D1%8F%D0%B2%D1%81%D0%BA%D0%B0%D1%8F"},{"id":921361,"title":"лолита милявская","value":"%D0%BB%D0%BE%D0%BB%D0%B8%D1%82%D0%B0%20%D0%BC%D0%B8%D0%BB%D1%8F%D0%B2%D1%81%D0%BA%D0%B0%D1%8F"},{"id":346921,"title":"чеснокова","value":"%D1%87%D0%B5%D1%81%D0%BD%D0%BE%D0%BA%D0%BE%D0%B2%D0%B0"},{"id":4929034,"title":"ирина чеснокова","value":"%D0%B8%D1%80%D0%B8%D0%BD%D0%B0%20%D1%87%D0%B5%D1%81%D0%BD%D0%BE%D0%BA%D0%BE%D0%B2%D0%B0"},{"id":4099766,"title":"бар в большом городе","value":"%D0%B1%D0%B0%D1%80%20%D0%B2%20%D0%B1%D0%BE%D0%BB%D1%8C%D1%88%D0%BE%D0%BC%20%D0%B3%D0%BE%D1%80%D0%BE%D0%B4%D0%B5"},{"id":2663,"title":"comedy club","value":"comedy%20club"},{"id":17583,"title":"тнт","value":"%D1%82%D0%BD%D1%82"},{"id":5565077,"title":"лолита и чеснокова","value":"%D0%BB%D0%BE%D0%BB%D0%B8%D1%82%D0%B0%20%D0%B8%20%D1%87%D0%B5%D1%81%D0%BD%D0%BE%D0%BA%D0%BE%D0%B2%D0%B0"},{"id":5565078,"title":"плохие песни лолита и чеснокова","value":"%D0%BF%D0%BB%D0%BE%D1%85%D0%B8%D0%B5%20%D0%BF%D0%B5%D1%81%D0%BD%D0%B8%20%D0%BB%D0%BE%D0%BB%D0%B8%D1%82%D0%B0%20%D0%B8%20%D1%87%D0%B5%D1%81%D0%BD%D0%BE%D0%BA%D0%BE%D0%B2%D0%B0"},{"id":5565079,"title":"плохие песни чеснокова","value":"%D0%BF%D0%BB%D0%BE%D1%85%D0%B8%D0%B5%20%D0%BF%D0%B5%D1%81%D0%BD%D0%B8%20%D1%87%D0%B5%D1%81%D0%BD%D0%BE%D0%BA%D0%BE%D0%B2%D0%B0"},{"id":5565080,"title":"чеснокова плохие песни","value":"%D1%87%D0%B5%D1%81%D0%BD%D0%BE%D0%BA%D0%BE%D0%B2%D0%B0%20%D0%BF%D0%BB%D0%BE%D1%85%D0%B8%D0%B5%20%D0%BF%D0%B5%D1%81%D0%BD%D0%B8"},{"id":5565092,"title":"чеснокова против лолиты","value":"%D1%87%D0%B5%D1%81%D0%BD%D0%BE%D0%BA%D0%BE%D0%B2%D0%B0%20%D0%BF%D1%80%D0%BE%D1%82%D0%B8%D0%B2%20%D0%BB%D0%BE%D0%BB%D0%B8%D1%82%D1%8B"},{"id":5565081,"title":"плохие песни лолита милявская","value":"%D0%BF%D0%BB%D0%BE%D1%85%D0%B8%D0%B5%20%D0%BF%D0%B5%D1%81%D0%BD%D0%B8%20%D0%BB%D0%BE%D0%BB%D0%B8%D1%82%D0%B0%20%D0%BC%D0%B8%D0%BB%D1%8F%D0%B2%D1%81%D0%BA%D0%B0%D1%8F"},{"id":5565082,"title":"лолита милявская и чеснокова","value":"%D0%BB%D0%BE%D0%BB%D0%B8%D1%82%D0%B0%20%D0%BC%D0%B8%D0%BB%D1%8F%D0%B2%D1%81%D0%BA%D0%B0%D1%8F%20%D0%B8%20%D1%87%D0%B5%D1%81%D0%BD%D0%BE%D0%BA%D0%BE%D0%B2%D0%B0"},{"id":1437,"title":"юмор","value":"%D1%8E%D0%BC%D0%BE%D1%80"},{"id":5565083,"title":"чеснокова и милявская плохие песни","value":"%D1%87%D0%B5%D1%81%D0%BD%D0%BE%D0%BA%D0%BE%D0%B2%D0%B0%20%D0%B8%20%D0%BC%D0%B8%D0%BB%D1%8F%D0%B2%D1%81%D0%BA%D0%B0%D1%8F%20%D0%BF%D0%BB%D0%BE%D1%85%D0%B8%D0%B5%20%D0%BF%D0%B5%D1%81%D0%BD%D0%B8"},{"id":5113,"title":"камеди клаб","value":"%D0%BA%D0%B0%D0%BC%D0%B5%D0%B4%D0%B8%20%D0%BA%D0%BB%D0%B0%D0%B1"},{"id":73,"title":"путин","value":"%D0%BF%D1%83%D1%82%D0%B8%D0%BD"},{"id":26115,"title":"конституция","value":"%D0%BA%D0%BE%D0%BD%D1%81%D1%82%D0%B8%D1%82%D1%83%D1%86%D0%B8%D1%8F"},{"id":23576,"title":"наебал","value":"%D0%BD%D0%B0%D0%B5%D0%B1%D0%B0%D0%BB"}],"categories":[{"id":39,"title":"Celebrity","permalink":"celebrity","subscriptions_count":10072996,"big_image_url":"https://coub-anubis-a.akamaized.net/coub_storage/category/cw_image/f29db91ad17/ceeba69e8fe30eb9c445a/big_1544760906_celeb2.png","small_image_url":"https://coub-anubis-a.akamaized.net/coub_storage/category/cw_image/f29db91ad17/ceeba69e8fe30eb9c445a/small_1544760906_celeb2.png","med_image_url":"https://coub-anubis-a.akamaized.net/coub_storage/category/cw_image/f29db91ad17/ceeba69e8fe30eb9c445a/med_1544760906_celeb2.png","visible":true}],"communities":[{"id":39,"title":"Celebrity","permalink":"celebrity","subscriptions_count":10072996,"big_image_url":"https://coub-anubis-a.akamaized.net/coub_storage/category/cw_image/f29db91ad17/ceeba69e8fe30eb9c445a/big_1544760906_celeb2.png","small_image_url":"https://coub-anubis-a.akamaized.net/coub_storage/category/cw_image/f29db91ad17/ceeba69e8fe30eb9c445a/small_1544760906_celeb2.png","med_image_url":"https://coub-anubis-a.akamaized.net/coub_storage/category/cw_image/f29db91ad17/ceeba69e8fe30eb9c445a/med_1544760906_celeb2.png","i_subscribed":true,"community_notifications_enabled":null,"description":null}],"recoubs_count":237,"remixes_count":0,"likes_count":1226,"dislikes_count":0,"raw_video_id":15006324,"uploaded_by_ios_app":false,"uploaded_by_android_app":false,"media_blocks":{"uploaded_raw_videos":[],"external_raw_videos":[{"id":35273677,"title":"ПЛОХИЕ ПЕСНИ №5 ЛОЛИТА против ЧЕСНОКОВОЙ","url":"https://www.youtube.com/watch?v=k6cYJX9jAfU","image":"https://coub-anubis-a.akamaized.net/coub_storage/media_block/cw_image/2b302500871/c569494433d3699b1b960/1585660935_iv48hd_1585660719_1lw7yjl_att-url-download.jpg","image_retina":"https://coub-anubis-a.akamaized.net/coub_storage/media_block/cw_image/2b302500871/c569494433d3699b1b960/1585660935_iv48hd_1585660719_1lw7yjl_att-url-download.jpg","meta":{"service":"Youtube","duration":"580.68"},"duration":580.68,"raw_video_id":15006324,"has_embed":true}],"remixed_from_coubs":[],"external_video":{"id":35273677,"title":"ПЛОХИЕ ПЕСНИ №5 ЛОЛИТА против ЧЕСНОКОВОЙ","url":"https://www.youtube.com/watch?v=k6cYJX9jAfU","image":"https://coub-anubis-a.akamaized.net/coub_storage/media_block/cw_image/2b302500871/c569494433d3699b1b960/1585660935_iv48hd_1585660719_1lw7yjl_att-url-download.jpg","image_retina":"https://coub-anubis-a.akamaized.net/coub_storage/media_block/cw_image/2b302500871/c569494433d3699b1b960/1585660935_iv48hd_1585660719_1lw7yjl_att-url-download.jpg","meta":{"service":"Youtube","duration":"580.68"},"duration":580.68,"raw_video_id":15006324,"has_embed":true}},"raw_video_thumbnail_url":"/missing/missing.png","raw_video_title":"ПЛОХИЕ ПЕСНИ №5 ЛОЛИТА против ЧЕСНОКОВОЙ","video_block_banned":false,"duration":10.0,"promo_winner":false,"promo_winner_recoubers":null,"editorial_info":{},"promo_hint":null,"beeline_best_2014":null,"from_web_editor":true,"normalize_sound":true,"normalize_change_allowed":true,"best2015_addable":false,"ahmad_promo":null,"promo_data":null,"audio_copyright_claim":null,"ads_disabled":false,"is_safe_for_ads":true,"megafon_contents":[],"position_on_page":4},{"flag":null,"abuses":null,"recoubs_by_users_channels":null,"favourite":false,"promoted_id":null,"recoub":null,"like":null,"dislike":null,"reaction":null,"in_my_best2015":false,"id":124653471,"type":"Coub::Simple","permalink":"21tk2t","title":"Никогда не говори ЭТО на Твиче","visibility_type":"public","original_visibility_type":"public","channel_id":416410,"created_at":"2019-09-26T06:11:30Z","updated_at":"2022-03-10T20:15:49Z","is_done":true,"views_count":105719,"cotd":null,"cotd_at":null,"visible_on_explore_root":false,"visible_on_explore":false,"featured":false,"published":true,"published_at":"2019-09-26T06:11:30Z","reversed":false,"from_editor_v2":true,"is_editable":true,"original_sound":true,"has_sound":true,"recoub_to":null,"file_versions":{"html5":{"video":{"higher":{"url":"https://coub-anubis-a.akamaized.net/coub_storage/coub/simple/cw_file/7af06ad2f6f/fa6b0f4b32f85ed096706/muted_mp4_huge_size_1569478480_muted_huge.mp4","size":2212867},"high":{"url":"https://coub-anubis-a.akamaized.net/coub_storage/coub/simple/cw_file/7af06ad2f6f/fa6b0f4b32f85ed096706/muted_mp4_big_size_1569478480_muted_big.mp4","size":1580603},"med":{"url":"https://coub-anubis-a.akamaized.net/coub_storage/coub/simple/cw_file/7af06ad2f6f/fa6b0f4b32f85ed096706/muted_mp4_med_size_1569478480_muted_med.mp4","size":508190}},"audio":{"high":{"url":"https://coub-anubis-a.akamaized.net/coub_storage/coub/simple/cw_looped_audio_high/dfd0fab1268/0fa19360dc4f089cd0cae/1605691437_high_1569478480_high.mp3","size":1019891},"med":{"url":"https://coub-anubis-a.akamaized.net/coub_storage/coub/simple/cw_looped_audio_med/997a0e7f963/b23309a81f9cc0764dc0c/1605691437_med_1569478480_med.mp3","size":799076},"sample_duration":10.008}},"mobile":{"video":"https://coub-anubis-a.akamaized.net/coub_storage/coub/simple/cw_file/7af06ad2f6f/fa6b0f4b32f85ed096706/muted_mp4_med_size_1569478480_muted_med.mp4","audio":["https://coub-anubis-a.akamaized.net/coub_storage/coub/simple/cw_looped_audio_med/997a0e7f963/b23309a81f9cc0764dc0c/1605691437_med_1569478480_med.mp3"]},"share":{"default":"https://coub-anubis-a.akamaized.net/coub_storage/coub/simple/cw_video_for_sharing/df8024fb232/91ba5013155c3e949e0cd/1615094071_looped_1615094071.mp4"}},"audio_versions":{},"image_versions":{"template":"https://coub-anubis-a.akamaized.net/coub_storage/coub/simple/cw_image/e8a7b9f966e/968028adf3bfafc8026a7/1569478487_00032.jpg","versions":["micro","tiny","age_restricted","ios_large","ios_mosaic","big","med","small","pinterest"]},"first_frame_versions":{"template":"https://coub-anubis-a.akamaized.net/coub_storage/coub/simple/cw_timeline_pic/c4f1d06925e/e9c7ba6649806d052d35e/%{version}_1569478486_image.jpg","versions":["big","med","small","ios_large"]},"dimensions":{"big":[1280,792],"med":[640,396]},"site_w_h":[640,396],"page_w_h":[640,396],"site_w_h_small":[310,192],"size":[1280,792],"age_restricted":false,"age_restricted_by_admin":false,"not_safe_for_work":false,"allow_reuse":false,"dont_crop":false,"banned":false,"global_safe":false,"audio_file_url":null,"external_download":{"type":"Youtube","service_name":"YouTube","url":"https://youtu.be/InsLSjAS9KU","has_embed":true},"application":null,"channel":{"id":416410,"permalink":"luciolla","title":"Luciolla","description":"Просто от души :3","followers_count":212,"following_count":16,"avatar_versions":{"template":"https://coub-anubis-a.akamaized.net/coub_storage/channel/cw_avatar/7a28766613a/f75ee2069f116a5150f02/%{version}_1538945705_e5n9wnL6kXs.jpg","versions":["medium","medium_2x","profile_pic","profile_pic_new","profile_pic_new_2x","tiny","tiny_2x","small","small_2x","ios_large","ios_small"]}},"file":null,"picture":"https://coub-anubis-a.akamaized.net/coub_storage/coub/simple/cw_image/e8a7b9f966e/968028adf3bfafc8026a7/1569478487_00032.jpg","timeline_picture":"https://coub-anubis-a.akamaized.net/coub_storage/coub/simple/cw_timeline_pic/c4f1d06925e/e9c7ba6649806d052d35e/ios_large_1569478486_image.jpg","small_picture":"https://coub-anubis-a.akamaized.net/coub_storage/coub/simple/cw_image/e8a7b9f966e/968028adf3bfafc8026a7/1569478487_00032.jpg","sharing_picture":null,"percent_done":100,"tags":[{"id":17982,"title":"this is хорошо","value":"this%20is%20%D1%85%D0%BE%D1%80%D0%BE%D1%88%D0%BE"},{"id":19418,"title":"стас давыдов","value":"%D1%81%D1%82%D0%B0%D1%81%20%D0%B4%D0%B0%D0%B2%D1%8B%D0%B4%D0%BE%D0%B2"},{"id":46168,"title":"и это хорошо","value":"%D0%B8%20%D1%8D%D1%82%D0%BE%20%D1%85%D0%BE%D1%80%D0%BE%D1%88%D0%BE"},{"id":21563,"title":"это хорошо","value":"%D1%8D%D1%82%D0%BE%20%D1%85%D0%BE%D1%80%D0%BE%D1%88%D0%BE"},{"id":51652,"title":"обзор видео","value":"%D0%BE%D0%B1%D0%B7%D0%BE%D1%80%20%D0%B2%D0%B8%D0%B4%D0%B5%D0%BE"},{"id":10882,"title":"выпуск","value":"%D0%B2%D1%8B%D0%BF%D1%83%D1%81%D0%BA"},{"id":11599,"title":"новый","value":"%D0%BD%D0%BE%D0%B2%D1%8B%D0%B9"},{"id":10116,"title":"новый выпуск","value":"%D0%BD%D0%BE%D0%B2%D1%8B%D0%B9%20%D0%B2%D1%8B%D0%BF%D1%83%D1%81%D0%BA"},{"id":10877,"title":"лучшее","value":"%D0%BB%D1%83%D1%87%D1%88%D0%B5%D0%B5"},{"id":14537,"title":"за неделю","value":"%D0%B7%D0%B0%20%D0%BD%D0%B5%D0%B4%D0%B5%D0%BB%D1%8E"},{"id":40765,"title":"на ютубе","value":"%D0%BD%D0%B0%20%D1%8E%D1%82%D1%83%D0%B1%D0%B5"},{"id":1366605,"title":"на youtube","value":"%D0%BD%D0%B0%20youtube"},{"id":18571,"title":"реакция","value":"%D1%80%D0%B5%D0%B0%D0%BA%D1%86%D0%B8%D1%8F"},{"id":11011,"title":"смешное видео","value":"%D1%81%D0%BC%D0%B5%D1%88%D0%BD%D0%BE%D0%B5%20%D0%B2%D0%B8%D0%B4%D0%B5%D0%BE"},{"id":4480,"title":"приколы","value":"%D0%BF%D1%80%D0%B8%D0%BA%D0%BE%D0%BB%D1%8B"},{"id":1195,"title":"угар","value":"%D1%83%D0%B3%D0%B0%D1%80"},{"id":3002,"title":"новости","value":"%D0%BD%D0%BE%D0%B2%D0%BE%D1%81%D1%82%D0%B8"},{"id":16671,"title":"события","value":"%D1%81%D0%BE%D0%B1%D1%8B%D1%82%D0%B8%D1%8F"},{"id":11741,"title":"51","value":"51"},{"id":205508,"title":"зона 51","value":"%D0%B7%D0%BE%D0%BD%D0%B0%2051"},{"id":16616,"title":"зона","value":"%D0%B7%D0%BE%D0%BD%D0%B0"},{"id":240428,"title":"area 51","value":"area%2051"},{"id":19255,"title":"area","value":"area"},{"id":257922,"title":"2019","value":"2019"},{"id":87758,"title":"перцовый баллончик","value":"%D0%BF%D0%B5%D1%80%D1%86%D0%BE%D0%B2%D1%8B%D0%B9%20%D0%B1%D0%B0%D0%BB%D0%BB%D0%BE%D0%BD%D1%87%D0%B8%D0%BA"},{"id":71922,"title":"лама","value":"%D0%BB%D0%B0%D0%BC%D0%B0"},{"id":607255,"title":"альпака","value":"%D0%B0%D0%BB%D1%8C%D0%BF%D0%B0%D0%BA%D0%B0"},{"id":5227797,"title":"бан за спидорак!","value":"%D0%B1%D0%B0%D0%BD%20%D0%B7%D0%B0%20%D1%81%D0%BF%D0%B8%D0%B4%D0%BE%D1%80%D0%B0%D0%BA!"},{"id":5227798,"title":"бан за спидорак! (новостной блок от давыдова)","value":"%D0%B1%D0%B0%D0%BD%20%D0%B7%D0%B0%20%D1%81%D0%BF%D0%B8%D0%B4%D0%BE%D1%80%D0%B0%D0%BA!%20(%D0%BD%D0%BE%D0%B2%D0%BE%D1%81%D1%82%D0%BD%D0%BE%D0%B9%20%D0%B1%D0%BB%D0%BE%D0%BA%20%D0%BE%D1%82%20%D0%B4%D0%B0%D0%B2%D1%8B%D0%B4%D0%BE%D0%B2%D0%B0)"},{"id":3922690,"title":"спидорак","value":"%D1%81%D0%BF%D0%B8%D0%B4%D0%BE%D1%80%D0%B0%D0%BA"},{"id":86211,"title":"бан","value":"%D0%B1%D0%B0%D0%BD"},{"id":487677,"title":"твич","value":"%D1%82%D0%B2%D0%B8%D1%87"},{"id":9159,"title":"twitch","value":"twitch"},{"id":10376,"title":"клоун","value":"%D0%BA%D0%BB%D0%BE%D1%83%D0%BD"},{"id":251942,"title":"увольнение","value":"%D1%83%D0%B2%D0%BE%D0%BB%D1%8C%D0%BD%D0%B5%D0%BD%D0%B8%D0%B5"},{"id":1565578,"title":"забанен","value":"%D0%B7%D0%B0%D0%B1%D0%B0%D0%BD%D0%B5%D0%BD"},{"id":275672,"title":"уволен","value":"%D1%83%D0%B2%D0%BE%D0%BB%D0%B5%D0%BD"},{"id":2771927,"title":"тиндер","value":"%D1%82%D0%B8%D0%BD%D0%B4%D0%B5%D1%80"},{"id":3461,"title":"сериал","value":"%D1%81%D0%B5%D1%80%D0%B8%D0%B0%D0%BB"},{"id":2176,"title":"осень","value":"%D0%BE%D1%81%D0%B5%D0%BD%D1%8C"},{"id":141943,"title":"сентябрь","value":"%D1%81%D0%B5%D0%BD%D1%82%D1%8F%D0%B1%D1%80%D1%8C"}],"categories":[{"id":39,"title":"Celebrity","permalink":"celebrity","subscriptions_count":10072996,"big_image_url":"https://coub-anubis-a.akamaized.net/coub_storage/category/cw_image/f29db91ad17/ceeba69e8fe30eb9c445a/big_1544760906_celeb2.png","small_image_url":"https://coub-anubis-a.akamaized.net/coub_storage/category/cw_image/f29db91ad17/ceeba69e8fe30eb9c445a/small_1544760906_celeb2.png","med_image_url":"https://coub-anubis-a.akamaized.net/coub_storage/category/cw_image/f29db91ad17/ceeba69e8fe30eb9c445a/med_1544760906_celeb2.png","visible":true}],"communities":[{"id":39,"title":"Celebrity","permalink":"celebrity","subscriptions_count":10072996,"big_image_url":"https://coub-anubis-a.akamaized.net/coub_storage/category/cw_image/f29db91ad17/ceeba69e8fe30eb9c445a/big_1544760906_celeb2.png","small_image_url":"https://coub-anubis-a.akamaized.net/coub_storage/category/cw_image/f29db91ad17/ceeba69e8fe30eb9c445a/small_1544760906_celeb2.png","med_image_url":"https://coub-anubis-a.akamaized.net/coub_storage/category/cw_image/f29db91ad17/ceeba69e8fe30eb9c445a/med_1544760906_celeb2.png","i_subscribed":true,"community_notifications_enabled":null,"description":null}],"recoubs_count":235,"remixes_count":1,"likes_count":1226,"dislikes_count":0,"raw_video_id":14266559,"uploaded_by_ios_app":false,"uploaded_by_android_app":false,"media_blocks":{"uploaded_raw_videos":[],"external_raw_videos":[{"id":33344029,"title":"БАН ЗА СПИДОРАК! (Новостной блок от Давыдова)","url":"https://www.youtube.com/watch?v=InsLSjAS9KU","image":"https://coub-anubis-a.akamaized.net/coub_storage/media_block/cw_image/9174dbf6dd5/7ca0578c497bc8545c2a8/1569427645_1gt3y4b_1569427342_2x3qzo_att-url-download.jpg","image_retina":"https://coub-anubis-a.akamaized.net/coub_storage/media_block/cw_image/9174dbf6dd5/7ca0578c497bc8545c2a8/1569427645_1gt3y4b_1569427342_2x3qzo_att-url-download.jpg","meta":{"service":"Youtube","duration":"787.96"},"duration":787.96,"raw_video_id":14266559,"has_embed":true}],"remixed_from_coubs":[],"external_video":{"id":33344029,"title":"БАН ЗА СПИДОРАК! (Новостной блок от Давыдова)","url":"https://www.youtube.com/watch?v=InsLSjAS9KU","image":"https://coub-anubis-a.akamaized.net/coub_storage/media_block/cw_image/9174dbf6dd5/7ca0578c497bc8545c2a8/1569427645_1gt3y4b_1569427342_2x3qzo_att-url-download.jpg","image_retina":"https://coub-anubis-a.akamaized.net/coub_storage/media_block/cw_image/9174dbf6dd5/7ca0578c497bc8545c2a8/1569427645_1gt3y4b_1569427342_2x3qzo_att-url-download.jpg","meta":{"service":"Youtube","duration":"787.96"},"duration":787.96,"raw_video_id":14266559,"has_embed":true}},"raw_video_thumbnail_url":"/missing/missing.png","raw_video_title":"БАН ЗА СПИДОРАК! (Новостной блок от Давыдова)","video_block_banned":false,"duration":10.0,"promo_winner":false,"promo_winner_recoubers":null,"editorial_info":{},"promo_hint":null,"beeline_best_2014":null,"from_web_editor":true,"normalize_sound":false,"normalize_change_allowed":true,"best2015_addable":false,"ahmad_promo":null,"promo_data":null,"audio_copyright_claim":null,"ads_disabled":false,"is_safe_for_ads":true,"megafon_contents":[],"position_on_page":5},{"flag":null,"abuses":null,"recoubs_by_users_channels":null,"favourite":false,"promoted_id":null,"recoub":null,"like":null,"dislike":null,"reaction":null,"in_my_best2015":false,"id":5809808,"type":"Coub::Simple","permalink":"30di6","title":"Kermit the Frog Takes the ALS Ice Bucket Challenge","visibility_type":"public","original_visibility_type":"public","channel_id":1169887,"created_at":"2014-08-22T23:34:47Z","updated_at":"2022-03-07T23:47:09Z","is_done":true,"views_count":76200,"cotd":null,"cotd_at":null,"visible_on_explore_root":true,"visible_on_explore":true,"featured":true,"published":true,"published_at":"2014-08-22T23:34:47Z","reversed":false,"from_editor_v2":true,"is_editable":true,"original_sound":true,"has_sound":true,"recoub_to":null,"file_versions":{"html5":{"video":{"higher":{"url":"https://coub-anubis-a.akamaized.net/coub_storage/coub/simple/cw_file/adb21b4431a/a1d349ade278acb42503d/muted_mp4_huge_size_1567728396_muted_huge.mp4","size":5076432},"high":{"url":"https://coub-anubis-a.akamaized.net/coub_storage/coub/simple/cw_file/adb21b4431a/a1d349ade278acb42503d/muted_mp4_big_size_1567728396_muted_big.mp4","size":3368832},"med":{"url":"https://coub-anubis-a.akamaized.net/coub_storage/coub/simple/cw_file/adb21b4431a/a1d349ade278acb42503d/muted_mp4_med_size_1567728396_muted_med.mp4","size":1505658}},"audio":{"high":{"url":"https://coub-anubis-a.akamaized.net/coub_storage/coub/simple/cw_looped_audio_high/14df5f6d0c1/74249e48c9ac363110615/1605433949_high_1445498242_high.mp3","size":1319078},"med":{"url":"https://coub-anubis-a.akamaized.net/coub_storage/coub/simple/cw_looped_audio_med/dbe3238f4f7/e6967ca68b841732191f5/1605433948_med_1445498242_med.mp3","size":879385},"sample_duration":9.195}},"mobile":{"video":"https://coub-anubis-a.akamaized.net/coub_storage/coub/simple/cw_file/adb21b4431a/a1d349ade278acb42503d/muted_mp4_med_size_1567728396_muted_med.mp4","audio":["https://coub-anubis-a.akamaized.net/coub_storage/coub/simple/cw_looped_audio_med/dbe3238f4f7/e6967ca68b841732191f5/1605433948_med_1445498242_med.mp3"]},"share":{"default":"https://coub-anubis-a.akamaized.net/coub_storage/coub/simple/cw_video_for_sharing/1b3fcc4338b/148a4b11af0f52de05a87/1610040331_looped_1610040330.mp4"}},"audio_versions":{},"image_versions":{"template":"https://coub-anubis-a.akamaized.net/coub_storage/coub/simple/cw_image/75d8a377468/34d2d785ea4637801a6d4/1443491973_00029.jpg","versions":["micro","tiny","age_restricted","ios_large","ios_mosaic","big","med","small","pinterest"]},"first_frame_versions":{"template":"https://coub-anubis-a.akamaized.net/coub_storage/coub/simple/cw_timeline_pic/52afb32f006/a18941bd0cf8c0fe646ac/1443491972_image.jpg","versions":["big","med","small","ios_large"]},"dimensions":{"big":[1280,720],"med":[640,360]},"site_w_h":[640,360],"page_w_h":[640,360],"site_w_h_small":[310,174],"size":[1280,720],"age_restricted":false,"age_restricted_by_admin":false,"not_safe_for_work":null,"allow_reuse":false,"dont_crop":false,"banned":false,"global_safe":true,"audio_file_url":null,"external_download":{"type":"Youtube","service_name":"YouTube","url":"http://www.youtube.com/watch?v=Mmax3yEZX58","has_embed":true},"application":null,"channel":{"id":1169887,"permalink":"vanya.tretyakov.9","title":"Vanya Tretyakov","description":null,"followers_count":48,"following_count":24,"avatar_versions":{"template":"https://coub-anubis-a.akamaized.net/coub_storage/channel/cw_avatar/fa2b1d56a1b/2692a376b301576b538db/%{version}_1609636417_15b2qjj_1474651489_1tria55_att-url-download.jpg","versions":["medium","medium_2x","profile_pic","profile_pic_new","profile_pic_new_2x","tiny","tiny_2x","small","small_2x","ios_large","ios_small"]}},"file":null,"picture":"https://coub-anubis-a.akamaized.net/coub_storage/coub/simple/cw_image/75d8a377468/34d2d785ea4637801a6d4/1443491973_00029.jpg","timeline_picture":"https://coub-anubis-a.akamaized.net/coub_storage/coub/simple/cw_timeline_pic/52afb32f006/a18941bd0cf8c0fe646ac/1443491972_image.jpg","small_picture":"https://coub-anubis-a.akamaized.net/coub_storage/coub/simple/cw_image/75d8a377468/34d2d785ea4637801a6d4/1443491973_00029.jpg","sharing_picture":null,"percent_done":100,"tags":[{"id":490834,"title":"als ice bucket challenge","value":"als%20ice%20bucket%20challenge"},{"id":493854,"title":"the muppets most wanted","value":"the%20muppets%20most%20wanted"},{"id":86979,"title":"the muppets","value":"the%20muppets"},{"id":56551,"title":"kermit the frog","value":"kermit%20the%20frog"}],"categories":[{"id":39,"title":"Celebrity","permalink":"celebrity","subscriptions_count":10072996,"big_image_url":"https://coub-anubis-a.akamaized.net/coub_storage/category/cw_image/f29db91ad17/ceeba69e8fe30eb9c445a/big_1544760906_celeb2.png","small_image_url":"https://coub-anubis-a.akamaized.net/coub_storage/category/cw_image/f29db91ad17/ceeba69e8fe30eb9c445a/small_1544760906_celeb2.png","med_image_url":"https://coub-anubis-a.akamaized.net/coub_storage/category/cw_image/f29db91ad17/ceeba69e8fe30eb9c445a/med_1544760906_celeb2.png","visible":true}],"communities":[{"id":39,"title":"Celebrity","permalink":"celebrity","subscriptions_count":10072996,"big_image_url":"https://coub-anubis-a.akamaized.net/coub_storage/category/cw_image/f29db91ad17/ceeba69e8fe30eb9c445a/big_1544760906_celeb2.png","small_image_url":"https://coub-anubis-a.akamaized.net/coub_storage/category/cw_image/f29db91ad17/ceeba69e8fe30eb9c445a/small_1544760906_celeb2.png","med_image_url":"https://coub-anubis-a.akamaized.net/coub_storage/category/cw_image/f29db91ad17/ceeba69e8fe30eb9c445a/med_1544760906_celeb2.png","i_subscribed":true,"community_notifications_enabled":null,"description":null}],"recoubs_count":322,"remixes_count":0,"likes_count":1225,"dislikes_count":0,"raw_video_id":805878,"uploaded_by_ios_app":false,"uploaded_by_android_app":false,"media_blocks":{"uploaded_raw_videos":[],"external_raw_videos":[{"id":11472209,"title":"Kermit the Frog Takes the ALS Ice Bucket Challenge","url":"http://www.youtube.com/watch?v=Mmax3yEZX58","image":"https://coub-anubis-a.akamaized.net/coub_storage/media_block/cw_image/e395abbce9d/964fcb11d7e506411c811/1492478761_1408750232_8vk4tw_att-url-download.jpg","image_retina":"https://coub-anubis-a.akamaized.net/coub_storage/media_block/cw_image/e395abbce9d/964fcb11d7e506411c811/1492478761_1408750232_8vk4tw_att-url-download.jpg","meta":{"service":"Youtube","duration":"90.16"},"duration":90.16,"raw_video_id":805878,"has_embed":true}],"remixed_from_coubs":[],"external_video":{"id":11472209,"title":"Kermit the Frog Takes the ALS Ice Bucket Challenge","url":"http://www.youtube.com/watch?v=Mmax3yEZX58","image":"https://coub-anubis-a.akamaized.net/coub_storage/media_block/cw_image/e395abbce9d/964fcb11d7e506411c811/1492478761_1408750232_8vk4tw_att-url-download.jpg","image_retina":"https://coub-anubis-a.akamaized.net/coub_storage/media_block/cw_image/e395abbce9d/964fcb11d7e506411c811/1492478761_1408750232_8vk4tw_att-url-download.jpg","meta":{"service":"Youtube","duration":"90.16"},"duration":90.16,"raw_video_id":805878,"has_embed":true}},"raw_video_thumbnail_url":"/missing/missing.png","raw_video_title":"Kermit the Frog Takes the ALS Ice Bucket Challenge","video_block_banned":false,"duration":9.16,"promo_winner":false,"promo_winner_recoubers":null,"editorial_info":{},"promo_hint":null,"beeline_best_2014":null,"from_web_editor":true,"normalize_sound":true,"normalize_change_allowed":true,"best2015_addable":false,"ahmad_promo":null,"promo_data":null,"audio_copyright_claim":null,"ads_disabled":null,"is_safe_for_ads":true,"megafon_contents":[],"position_on_page":6},{"flag":null,"abuses":null,"recoubs_by_users_channels":null,"favourite":false,"promoted_id":null,"recoub":null,"like":null,"dislike":null,"reaction":null,"in_my_best2015":false,"id":108344487,"type":"Coub::Simple","permalink":"1s3kg4","title":"Гудков про Санкт-Петербург (КВН)","visibility_type":"public","original_visibility_type":"public","channel_id":5409649,"created_at":"2019-04-10T12:21:04Z","updated_at":"2022-03-08T11:52:07Z","is_done":true,"views_count":80496,"cotd":null,"cotd_at":null,"visible_on_explore_root":false,"visible_on_explore":false,"featured":false,"published":true,"published_at":"2019-04-10T12:21:04Z","reversed":false,"from_editor_v2":true,"is_editable":true,"original_sound":true,"has_sound":true,"recoub_to":null,"file_versions":{"html5":{"video":{"higher":{"url":"https://coub-anubis-a.akamaized.net/coub_storage/coub/simple/cw_file/783b87e23d1/d8ffff72a077a1e456e81/muted_mp4_huge_size_1572590248_muted_huge.mp4","size":3971210},"high":{"url":"https://coub-anubis-a.akamaized.net/coub_storage/coub/simple/cw_file/783b87e23d1/d8ffff72a077a1e456e81/muted_mp4_big_size_1572590248_muted_big.mp4","size":2738892},"med":{"url":"https://coub-anubis-a.akamaized.net/coub_storage/coub/simple/cw_file/783b87e23d1/d8ffff72a077a1e456e81/muted_mp4_med_size_1572590248_muted_med.mp4","size":891942}},"audio":{"high":{"url":"https://coub-anubis-a.akamaized.net/coub_storage/coub/simple/cw_looped_audio_high/a73986ccb9f/6a1ead1c6e25d2ff7b234/1605683127_high_1554898877_high.mp3","size":954660},"med":{"url":"https://coub-anubis-a.akamaized.net/coub_storage/coub/simple/cw_looped_audio_med/ffd15eef6cf/9ae773354f1d55df5ce03/1605683127_med_1554898877_med.mp3","size":882059},"sample_duration":9.218}},"mobile":{"video":"https://coub-anubis-a.akamaized.net/coub_storage/coub/simple/cw_file/783b87e23d1/d8ffff72a077a1e456e81/muted_mp4_med_size_1572590248_muted_med.mp4","audio":["https://coub-anubis-a.akamaized.net/coub_storage/coub/simple/cw_looped_audio_med/ffd15eef6cf/9ae773354f1d55df5ce03/1605683127_med_1554898877_med.mp3"]},"share":{"default":"https://coub-anubis-a.akamaized.net/coub_storage/coub/simple/cw_video_for_sharing/f9be1cfbd18/9e5cbbd965b9f58fb4b50/1618598255_looped_1618598255.mp4"}},"audio_versions":{},"image_versions":{"template":"https://coub-anubis-a.akamaized.net/coub_storage/coub/simple/cw_image/21cf4a673b5/c9db0ddf19d7336ca1553/1554898889_00029.jpg","versions":["micro","tiny","age_restricted","ios_large","ios_mosaic","big","med","small","pinterest"]},"first_frame_versions":{"template":"https://coub-anubis-a.akamaized.net/coub_storage/coub/simple/cw_timeline_pic/893315650ce/57d262386e4bfe57ee674/%{version}_1554898888_image.jpg","versions":["big","med","small","ios_large"]},"dimensions":{"big":[1280,738],"med":[640,368]},"site_w_h":[640,369],"page_w_h":[640,369],"site_w_h_small":[310,179],"size":[1280,738],"age_restricted":false,"age_restricted_by_admin":false,"not_safe_for_work":false,"allow_reuse":false,"dont_crop":false,"banned":false,"global_safe":false,"audio_file_url":null,"external_download":{"type":"Youtube","service_name":"YouTube","url":"https://www.youtube.com/watch?v=U9beuzsvvRI","has_embed":true},"application":null,"channel":{"id":5409649,"permalink":"sasapr10","title":"Sasapr","description":null,"followers_count":34,"following_count":13,"avatar_versions":{"template":"https://coub-anubis-a.akamaized.net/coub_storage/channel/cw_avatar/0bf77ebb71f/01a9f4ce6643361d6b333/%{version}_1607910246_gwxw2_1553194475_Big.png","versions":["medium","medium_2x","profile_pic","profile_pic_new","profile_pic_new_2x","tiny","tiny_2x","small","small_2x","ios_large","ios_small"]}},"file":null,"picture":"https://coub-anubis-a.akamaized.net/coub_storage/coub/simple/cw_image/21cf4a673b5/c9db0ddf19d7336ca1553/1554898889_00029.jpg","timeline_picture":"https://coub-anubis-a.akamaized.net/coub_storage/coub/simple/cw_timeline_pic/893315650ce/57d262386e4bfe57ee674/ios_large_1554898888_image.jpg","small_picture":"https://coub-anubis-a.akamaized.net/coub_storage/coub/simple/cw_image/21cf4a673b5/c9db0ddf19d7336ca1553/1554898889_00029.jpg","sharing_picture":null,"percent_done":100,"tags":[{"id":531,"title":"квн","value":"%D0%BA%D0%B2%D0%BD"},{"id":334989,"title":"гудков","value":"%D0%B3%D1%83%D0%B4%D0%BA%D0%BE%D0%B2"},{"id":19801,"title":"санкт-петербург","value":"%D1%81%D0%B0%D0%BD%D0%BA%D1%82-%D0%BF%D0%B5%D1%82%D0%B5%D1%80%D0%B1%D1%83%D1%80%D0%B3"},{"id":64871,"title":"толерантность","value":"%D1%82%D0%BE%D0%BB%D0%B5%D1%80%D0%B0%D0%BD%D1%82%D0%BD%D0%BE%D1%81%D1%82%D1%8C"},{"id":125024,"title":"премьер-лига","value":"%D0%BF%D1%80%D0%B5%D0%BC%D1%8C%D0%B5%D1%80-%D0%BB%D0%B8%D0%B3%D0%B0"},{"id":127771,"title":"афроамериканец","value":"%D0%B0%D1%84%D1%80%D0%BE%D0%B0%D0%BC%D0%B5%D1%80%D0%B8%D0%BA%D0%B0%D0%BD%D0%B5%D1%86"}],"categories":[{"id":39,"title":"Celebrity","permalink":"celebrity","subscriptions_count":10072996,"big_image_url":"https://coub-anubis-a.akamaized.net/coub_storage/category/cw_image/f29db91ad17/ceeba69e8fe30eb9c445a/big_1544760906_celeb2.png","small_image_url":"https://coub-anubis-a.akamaized.net/coub_storage/category/cw_image/f29db91ad17/ceeba69e8fe30eb9c445a/small_1544760906_celeb2.png","med_image_url":"https://coub-anubis-a.akamaized.net/coub_storage/category/cw_image/f29db91ad17/ceeba69e8fe30eb9c445a/med_1544760906_celeb2.png","visible":true}],"communities":[{"id":39,"title":"Celebrity","permalink":"celebrity","subscriptions_count":10072996,"big_image_url":"https://coub-anubis-a.akamaized.net/coub_storage/category/cw_image/f29db91ad17/ceeba69e8fe30eb9c445a/big_1544760906_celeb2.png","small_image_url":"https://coub-anubis-a.akamaized.net/coub_storage/category/cw_image/f29db91ad17/ceeba69e8fe30eb9c445a/small_1544760906_celeb2.png","med_image_url":"https://coub-anubis-a.akamaized.net/coub_storage/category/cw_image/f29db91ad17/ceeba69e8fe30eb9c445a/med_1544760906_celeb2.png","i_subscribed":true,"community_notifications_enabled":null,"description":null}],"recoubs_count":239,"remixes_count":0,"likes_count":1224,"dislikes_count":0,"raw_video_id":13522943,"uploaded_by_ios_app":false,"uploaded_by_android_app":false,"media_blocks":{"uploaded_raw_videos":[],"external_raw_videos":[{"id":31312621,"title":"КВН Гудков про Санкт-Петербург","url":"https://www.youtube.com/watch?v=U9beuzsvvRI","image":"https://coub-anubis-a.akamaized.net/coub_storage/media_block/cw_image/288773a3760/4445f19536049c1fbb179/1554898694_tahxtt_1554898686_1d8nhf2_att-url-download.jpg","image_retina":"https://coub-anubis-a.akamaized.net/coub_storage/media_block/cw_image/288773a3760/4445f19536049c1fbb179/1554898694_tahxtt_1554898686_1d8nhf2_att-url-download.jpg","meta":{"service":"Youtube","duration":"22.04"},"duration":22.04,"raw_video_id":13522943,"has_embed":true}],"remixed_from_coubs":[],"external_video":{"id":31312621,"title":"КВН Гудков про Санкт-Петербург","url":"https://www.youtube.com/watch?v=U9beuzsvvRI","image":"https://coub-anubis-a.akamaized.net/coub_storage/media_block/cw_image/288773a3760/4445f19536049c1fbb179/1554898694_tahxtt_1554898686_1d8nhf2_att-url-download.jpg","image_retina":"https://coub-anubis-a.akamaized.net/coub_storage/media_block/cw_image/288773a3760/4445f19536049c1fbb179/1554898694_tahxtt_1554898686_1d8nhf2_att-url-download.jpg","meta":{"service":"Youtube","duration":"22.04"},"duration":22.04,"raw_video_id":13522943,"has_embed":true}},"raw_video_thumbnail_url":"/missing/missing.png","raw_video_title":"КВН Гудков про Санкт-Петербург","video_block_banned":false,"duration":9.2,"promo_winner":false,"promo_winner_recoubers":null,"editorial_info":{},"promo_hint":null,"beeline_best_2014":null,"from_web_editor":true,"normalize_sound":true,"normalize_change_allowed":true,"best2015_addable":false,"ahmad_promo":null,"promo_data":null,"audio_copyright_claim":null,"ads_disabled":false,"is_safe_for_ads":true,"megafon_contents":[],"position_on_page":7},{"flag":null,"abuses":null,"recoubs_by_users_channels":null,"favourite":false,"promoted_id":null,"recoub":null,"like":null,"dislike":null,"reaction":null,"in_my_best2015":false,"id":94489991,"type":"Coub::Simple","permalink":"1jum63","title":"Наконец-то я могу матюкаться.","visibility_type":"public","original_visibility_type":"public","channel_id":447559,"created_at":"2018-12-15T12:26:25Z","updated_at":"2022-03-17T08:38:51Z","is_done":true,"views_count":74836,"cotd":null,"cotd_at":null,"visible_on_explore_root":false,"visible_on_explore":false,"featured":false,"published":true,"published_at":"2018-12-15T12:26:25Z","reversed":false,"from_editor_v2":true,"is_editable":true,"original_sound":true,"has_sound":true,"recoub_to":null,"file_versions":{"html5":{"video":{"higher":{"url":"https://coub-anubis-a.akamaized.net/coub_storage/coub/simple/cw_file/011e47eb359/3e2236070d84df2e6a6d3/muted_mp4_huge_size_1570298369_muted_huge.mp4","size":1726452},"high":{"url":"https://coub-anubis-a.akamaized.net/coub_storage/coub/simple/cw_file/011e47eb359/3e2236070d84df2e6a6d3/muted_mp4_big_size_1570298369_muted_big.mp4","size":1285594},"med":{"url":"https://coub-anubis-a.akamaized.net/coub_storage/coub/simple/cw_file/011e47eb359/3e2236070d84df2e6a6d3/muted_mp4_med_size_1570298369_muted_med.mp4","size":348666}},"audio":{"high":{"url":"https://coub-anubis-a.akamaized.net/coub_storage/coub/simple/cw_looped_audio_high/78d11a116c4/2aa00f27e43c0b972eaa7/1605661438_high_1544876871_high.mp3","size":890553},"med":{"url":"https://coub-anubis-a.akamaized.net/coub_storage/coub/simple/cw_looped_audio_med/4f0f88dff7a/2c2245ad55dafd3ff1313/1605661438_med_1544876871_med.mp3","size":837946},"sample_duration":8.916}},"mobile":{"video":"https://coub-anubis-a.akamaized.net/coub_storage/coub/simple/cw_file/011e47eb359/3e2236070d84df2e6a6d3/muted_mp4_med_size_1570298369_muted_med.mp4","audio":["https://coub-anubis-a.akamaized.net/coub_storage/coub/simple/cw_looped_audio_med/4f0f88dff7a/2c2245ad55dafd3ff1313/1605661438_med_1544876871_med.mp3"]},"share":{"default":"https://coub-anubis-a.akamaized.net/coub_storage/coub/simple/cw_video_for_sharing/aa3b459f246/f60f44062e22c6a0d81f6/1610903919_looped_1610903919.mp4"}},"audio_versions":{},"image_versions":{"template":"https://coub-anubis-a.akamaized.net/coub_storage/coub/simple/cw_image/d73f9c4d106/b81cd28dc51c6d5e0b8ff/1544876879_00028.jpg","versions":["micro","tiny","age_restricted","ios_large","ios_mosaic","big","med","small","pinterest"]},"first_frame_versions":{"template":"https://coub-anubis-a.akamaized.net/coub_storage/coub/simple/cw_timeline_pic/baf7a6871e7/ed6f98cb5a571f62afd72/%{version}_1544876878_image.jpg","versions":["big","med","small","ios_large"]},"dimensions":{"big":[1280,720],"med":[640,360]},"site_w_h":[640,360],"page_w_h":[640,360],"site_w_h_small":[310,174],"size":[1280,720],"age_restricted":false,"age_restricted_by_admin":false,"not_safe_for_work":false,"allow_reuse":false,"dont_crop":false,"banned":false,"global_safe":false,"audio_file_url":null,"external_download":{"type":"Youtube","service_name":"YouTube","url":"https://www.youtube.com/watch?v=Md58zwu15TM","has_embed":true},"application":null,"channel":{"id":447559,"permalink":"privaloid","title":"privaloid","description":null,"followers_count":23,"following_count":4,"avatar_versions":{"template":"https://coubsecureassets-a.akamaihd.net/assets/default-avatars/334-479639a23a5cdd64f7f12f2ce54d41083e9c6fb2b473ea80c8cca370b5258f23.png"}},"file":null,"picture":"https://coub-anubis-a.akamaized.net/coub_storage/coub/simple/cw_image/d73f9c4d106/b81cd28dc51c6d5e0b8ff/1544876879_00028.jpg","timeline_picture":"https://coub-anubis-a.akamaized.net/coub_storage/coub/simple/cw_timeline_pic/baf7a6871e7/ed6f98cb5a571f62afd72/ios_large_1544876878_image.jpg","small_picture":"https://coub-anubis-a.akamaized.net/coub_storage/coub/simple/cw_image/d73f9c4d106/b81cd28dc51c6d5e0b8ff/1544876879_00028.jpg","sharing_picture":null,"percent_done":100,"tags":[{"id":194260,"title":"пьюдипай","value":"%D0%BF%D1%8C%D1%8E%D0%B4%D0%B8%D0%BF%D0%B0%D0%B9"},{"id":2423,"title":"pewdiepie","value":"pewdiepie"},{"id":1169341,"title":"pewdiepie перевод","value":"pewdiepie%20%D0%BF%D0%B5%D1%80%D0%B5%D0%B2%D0%BE%D0%B4"},{"id":1256725,"title":"pewdiepie на русском озвучка","value":"pewdiepie%20%D0%BD%D0%B0%20%D1%80%D1%83%D1%81%D1%81%D0%BA%D0%BE%D0%BC%20%D0%BE%D0%B7%D0%B2%D1%83%D1%87%D0%BA%D0%B0"},{"id":1256727,"title":"пьюдипай на русском перевод","value":"%D0%BF%D1%8C%D1%8E%D0%B4%D0%B8%D0%BF%D0%B0%D0%B9%20%D0%BD%D0%B0%20%D1%80%D1%83%D1%81%D1%81%D0%BA%D0%BE%D0%BC%20%D0%BF%D0%B5%D1%80%D0%B5%D0%B2%D0%BE%D0%B4"},{"id":863452,"title":"пьюдипай русская озвучка","value":"%D0%BF%D1%8C%D1%8E%D0%B4%D0%B8%D0%BF%D0%B0%D0%B9%20%D1%80%D1%83%D1%81%D1%81%D0%BA%D0%B0%D1%8F%20%D0%BE%D0%B7%D0%B2%D1%83%D1%87%D0%BA%D0%B0"},{"id":1170300,"title":"пьюдипай на русском","value":"%D0%BF%D1%8C%D1%8E%D0%B4%D0%B8%D0%BF%D0%B0%D0%B9%20%D0%BD%D0%B0%20%D1%80%D1%83%D1%81%D1%81%D0%BA%D0%BE%D0%BC"},{"id":272387,"title":"пьюдипай перевод","value":"%D0%BF%D1%8C%D1%8E%D0%B4%D0%B8%D0%BF%D0%B0%D0%B9%20%D0%BF%D0%B5%D1%80%D0%B5%D0%B2%D0%BE%D0%B4"},{"id":94092,"title":"русская озвучка","value":"%D1%80%D1%83%D1%81%D1%81%D0%BA%D0%B0%D1%8F%20%D0%BE%D0%B7%D0%B2%D1%83%D1%87%D0%BA%D0%B0"},{"id":813484,"title":"pewdiepie rus","value":"pewdiepie%20rus"},{"id":498189,"title":"pewdiepie русская озвучка","value":"pewdiepie%20%D1%80%D1%83%D1%81%D1%81%D0%BA%D0%B0%D1%8F%20%D0%BE%D0%B7%D0%B2%D1%83%D1%87%D0%BA%D0%B0"},{"id":1256726,"title":"pewdiepie rus sub","value":"pewdiepie%20rus%20sub"},{"id":1198456,"title":"пьюдипай рус","value":"%D0%BF%D1%8C%D1%8E%D0%B4%D0%B8%D0%BF%D0%B0%D0%B9%20%D1%80%D1%83%D1%81"},{"id":4030537,"title":"пьюдипай смотрит русские видео","value":"%D0%BF%D1%8C%D1%8E%D0%B4%D0%B8%D0%BF%D0%B0%D0%B9%20%D1%81%D0%BC%D0%BE%D1%82%D1%80%D0%B8%D1%82%20%D1%80%D1%83%D1%81%D1%81%D0%BA%D0%B8%D0%B5%20%D0%B2%D0%B8%D0%B4%D0%B5%D0%BE"},{"id":4072699,"title":"пьюдипай смотрит русских","value":"%D0%BF%D1%8C%D1%8E%D0%B4%D0%B8%D0%BF%D0%B0%D0%B9%20%D1%81%D0%BC%D0%BE%D1%82%D1%80%D0%B8%D1%82%20%D1%80%D1%83%D1%81%D1%81%D0%BA%D0%B8%D1%85"}],"categories":[{"id":39,"title":"Celebrity","permalink":"celebrity","subscriptions_count":10072996,"big_image_url":"https://coub-anubis-a.akamaized.net/coub_storage/category/cw_image/f29db91ad17/ceeba69e8fe30eb9c445a/big_1544760906_celeb2.png","small_image_url":"https://coub-anubis-a.akamaized.net/coub_storage/category/cw_image/f29db91ad17/ceeba69e8fe30eb9c445a/small_1544760906_celeb2.png","med_image_url":"https://coub-anubis-a.akamaized.net/coub_storage/category/cw_image/f29db91ad17/ceeba69e8fe30eb9c445a/med_1544760906_celeb2.png","visible":true}],"communities":[{"id":39,"title":"Celebrity","permalink":"celebrity","subscriptions_count":10072996,"big_image_url":"https://coub-anubis-a.akamaized.net/coub_storage/category/cw_image/f29db91ad17/ceeba69e8fe30eb9c445a/big_1544760906_celeb2.png","small_image_url":"https://coub-anubis-a.akamaized.net/coub_storage/category/cw_image/f29db91ad17/ceeba69e8fe30eb9c445a/small_1544760906_celeb2.png","med_image_url":"https://coub-anubis-a.akamaized.net/coub_storage/category/cw_image/f29db91ad17/ceeba69e8fe30eb9c445a/med_1544760906_celeb2.png","i_subscribed":true,"community_notifications_enabled":null,"description":null}],"recoubs_count":244,"remixes_count":0,"likes_count":1224,"dislikes_count":0,"raw_video_id":12866871,"uploaded_by_ios_app":false,"uploaded_by_android_app":false,"media_blocks":{"uploaded_raw_videos":[],"external_raw_videos":[{"id":29552879,"title":"|PewDiePie| Мой Новый Бизнес! {Rus Dub}","url":"https://www.youtube.com/watch?v=Md58zwu15TM","image":"https://coub-anubis-a.akamaized.net/coub_storage/media_block/cw_image/31cad2453f9/4ca7e4d13e674fc49e78b/1544876565_10em8d_1544876480_14xrgx4_att-url-download.jpg","image_retina":"https://coub-anubis-a.akamaized.net/coub_storage/media_block/cw_image/31cad2453f9/4ca7e4d13e674fc49e78b/1544876565_10em8d_1544876480_14xrgx4_att-url-download.jpg","meta":{"service":"Youtube","duration":"551.68"},"duration":551.68,"raw_video_id":12866871,"has_embed":true}],"remixed_from_coubs":[],"external_video":{"id":29552879,"title":"|PewDiePie| Мой Новый Бизнес! {Rus Dub}","url":"https://www.youtube.com/watch?v=Md58zwu15TM","image":"https://coub-anubis-a.akamaized.net/coub_storage/media_block/cw_image/31cad2453f9/4ca7e4d13e674fc49e78b/1544876565_10em8d_1544876480_14xrgx4_att-url-download.jpg","image_retina":"https://coub-anubis-a.akamaized.net/coub_storage/media_block/cw_image/31cad2453f9/4ca7e4d13e674fc49e78b/1544876565_10em8d_1544876480_14xrgx4_att-url-download.jpg","meta":{"service":"Youtube","duration":"551.68"},"duration":551.68,"raw_video_id":12866871,"has_embed":true}},"raw_video_thumbnail_url":"/missing/missing.png","raw_video_title":"|PewDiePie| Мой Новый Бизнес! {Rus Dub}","video_block_banned":false,"duration":8.88,"promo_winner":false,"promo_winner_recoubers":null,"editorial_info":{},"promo_hint":null,"beeline_best_2014":null,"from_web_editor":true,"normalize_sound":true,"normalize_change_allowed":true,"best2015_addable":false,"ahmad_promo":null,"promo_data":null,"audio_copyright_claim":null,"ads_disabled":false,"is_safe_for_ads":true,"megafon_contents":[],"position_on_page":8},{"flag":null,"abuses":null,"recoubs_by_users_channels":null,"favourite":false,"promoted_id":null,"recoub":null,"like":null,"dislike":null,"reaction":null,"in_my_best2015":false,"id":164912350,"type":"Coub::Simple","permalink":"2pu60v","title":"Joaquin Phoenix ★","visibility_type":"public","original_visibility_type":"public","channel_id":2553827,"created_at":"2021-03-07T11:27:50Z","updated_at":"2022-03-15T16:08:02Z","is_done":true,"views_count":96630,"cotd":null,"cotd_at":null,"visible_on_explore_root":false,"visible_on_explore":false,"featured":false,"published":true,"published_at":"2021-03-07T11:36:06Z","reversed":false,"from_editor_v2":true,"is_editable":true,"original_sound":false,"has_sound":false,"recoub_to":null,"file_versions":{"html5":{"video":{"higher":{"url":"https://coub-anubis-a.akamaized.net/coub_storage/coub/simple/cw_file/38061c1a907/cdad4e02a916ab5ab058b/muted_mp4_huge_size_1615116819_muted_huge.mp4","size":2604374},"high":{"url":"https://coub-anubis-a.akamaized.net/coub_storage/coub/simple/cw_file/38061c1a907/cdad4e02a916ab5ab058b/muted_mp4_big_size_1615116819_muted_big.mp4","size":1892540},"med":{"url":"https://coub-anubis-a.akamaized.net/coub_storage/coub/simple/cw_file/38061c1a907/cdad4e02a916ab5ab058b/muted_mp4_med_size_1615116819_muted_med.mp4","size":379609}},"audio":{"high":{"url":"https://coub-anubis-a.akamaized.net/coub_storage/coub/simple/cw_looped_audio_high/481c6d6a957/33f65f694fa89ac49dd54/1615116825_mp3-high.mp3","size":736599},"med":{"url":"https://coub-anubis-a.akamaized.net/coub_storage/coub/simple/cw_looped_audio_med/0317981d886/1cdf2e5a8e3c9df0ce169/1615116824_mp3-med.mp3","size":546791}}},"mobile":{"video":"https://coub-anubis-a.akamaized.net/coub_storage/coub/simple/cw_file/38061c1a907/cdad4e02a916ab5ab058b/muted_mp4_med_size_1615116819_muted_med.mp4","audio":["https://coub-anubis-a.akamaized.net/coub_storage/coub/simple/cw_looped_audio_med/0317981d886/1cdf2e5a8e3c9df0ce169/1615116824_mp3-med.mp3"]},"share":{"default":"https://coub-anubis-a.akamaized.net/coub_storage/coub/simple/cw_video_for_sharing/596b5674c09/58f2918abb43e54972b4f/1615116851_looped_1615116850.mp4"}},"audio_versions":{"template":"https://coub-anubis-a.akamaized.net/coub_storage/audio_track/cw_file/faa6406b9e6/672e11e2b598ad50da079/mid_1615116820_924zc3_edited.mp3","versions":["mid","low"]},"image_versions":{"template":"https://coub-anubis-a.akamaized.net/coub_storage/coub/simple/cw_image/4e2f1b4ebc2/30e3239cdad9b896d441a/%{version}_1615116829_00027.jpg","versions":["micro","tiny","age_restricted","ios_large","ios_mosaic","big","med","small","pinterest"]},"first_frame_versions":{"template":"https://coub-anubis-a.akamaized.net/coub_storage/coub/simple/cw_timeline_pic/c5b573f033e/9c73228a96a502d1b5e37/%{version}_1615116828_image.jpg","versions":["big","med","small","ios_large"]},"dimensions":{"big":[1280,720],"med":[640,360]},"site_w_h":[640,360],"page_w_h":[640,360],"site_w_h_small":[310,174],"size":[1280,720],"age_restricted":false,"age_restricted_by_admin":false,"not_safe_for_work":false,"allow_reuse":false,"dont_crop":true,"banned":false,"global_safe":true,"audio_file_url":"https://coub-anubis-a.akamaized.net/coub_storage/audio_track/cw_file/faa6406b9e6/672e11e2b598ad50da079/low_1615116820_924zc3_edited.mp3","external_download":false,"application":null,"channel":{"id":2553827,"permalink":"crazycatlady","title":"CrazyCatLady","description":"U and I","followers_count":4686,"following_count":50,"avatar_versions":{"template":"https://coub-anubis-a.akamaized.net/coub_storage/channel/cw_avatar/4f8e0cef653/5990ed9622cd8d5ce6b84/%{version}_1643315000_cropped.jpeg","versions":["medium","medium_2x","profile_pic","profile_pic_new","profile_pic_new_2x","tiny","tiny_2x","small","small_2x","ios_large","ios_small"]}},"file":null,"picture":"https://coub-anubis-a.akamaized.net/coub_storage/coub/simple/cw_image/4e2f1b4ebc2/30e3239cdad9b896d441a/med_1615116829_00027.jpg","timeline_picture":"https://coub-anubis-a.akamaized.net/coub_storage/coub/simple/cw_timeline_pic/c5b573f033e/9c73228a96a502d1b5e37/ios_large_1615116828_image.jpg","small_picture":"https://coub-anubis-a.akamaized.net/coub_storage/coub/simple/cw_image/4e2f1b4ebc2/30e3239cdad9b896d441a/ios_mosaic_1615116829_00027.jpg","sharing_picture":null,"percent_done":100,"tags":[{"id":9007,"title":"actor","value":"actor"},{"id":27721,"title":"joaquin phoenix","value":"joaquin%20phoenix"},{"id":716,"title":"joker","value":"joker"},{"id":4874,"title":"photoshoot","value":"photoshoot"},{"id":15477,"title":"celebrity","value":"celebrity"}],"categories":[{"id":39,"title":"Celebrity","permalink":"celebrity","subscriptions_count":10072996,"big_image_url":"https://coub-anubis-a.akamaized.net/coub_storage/category/cw_image/f29db91ad17/ceeba69e8fe30eb9c445a/big_1544760906_celeb2.png","small_image_url":"https://coub-anubis-a.akamaized.net/coub_storage/category/cw_image/f29db91ad17/ceeba69e8fe30eb9c445a/small_1544760906_celeb2.png","med_image_url":"https://coub-anubis-a.akamaized.net/coub_storage/category/cw_image/f29db91ad17/ceeba69e8fe30eb9c445a/med_1544760906_celeb2.png","visible":true}],"communities":[{"id":39,"title":"Celebrity","permalink":"celebrity","subscriptions_count":10072996,"big_image_url":"https://coub-anubis-a.akamaized.net/coub_storage/category/cw_image/f29db91ad17/ceeba69e8fe30eb9c445a/big_1544760906_celeb2.png","small_image_url":"https://coub-anubis-a.akamaized.net/coub_storage/category/cw_image/f29db91ad17/ceeba69e8fe30eb9c445a/small_1544760906_celeb2.png","med_image_url":"https://coub-anubis-a.akamaized.net/coub_storage/category/cw_image/f29db91ad17/ceeba69e8fe30eb9c445a/med_1544760906_celeb2.png","i_subscribed":true,"community_notifications_enabled":null,"description":null}],"recoubs_count":215,"remixes_count":0,"likes_count":1223,"dislikes_count":0,"raw_video_id":16237264,"uploaded_by_ios_app":false,"uploaded_by_android_app":false,"media_blocks":{"uploaded_raw_videos":[],"external_raw_videos":[],"remixed_from_coubs":[]},"raw_video_thumbnail_url":"https://coub-anubis-a.akamaized.net/coub_storage/raw_video/cw_image/71badd85e2f/8d14616aaf90089963ff0/coub_media_1615116284_image.jpg","raw_video_title":"____________.mp4","video_block_banned":false,"duration":8.56,"promo_winner":false,"promo_winner_recoubers":null,"editorial_info":{},"promo_hint":null,"beeline_best_2014":null,"from_web_editor":true,"normalize_sound":false,"normalize_change_allowed":true,"best2015_addable":false,"ahmad_promo":null,"promo_data":null,"audio_copyright_claim":null,"ads_disabled":false,"is_safe_for_ads":true,"megafon_contents":[],"position_on_page":9},{"flag":null,"abuses":null,"recoubs_by_users_channels":null,"favourite":false,"promoted_id":null,"recoub":null,"like":null,"dislike":null,"reaction":null,"in_my_best2015":false,"id":127991165,"type":"Coub::Simple","permalink":"23tiws","title":"yoohyeon | Axwell Λ Ingrosso - More Than You Know","visibility_type":"public","original_visibility_type":"public","channel_id":7103497,"created_at":"2019-11-01T22:29:21Z","updated_at":"2022-03-05T04:36:05Z","is_done":true,"views_count":123429,"cotd":null,"cotd_at":null,"visible_on_explore_root":false,"visible_on_explore":false,"featured":false,"published":true,"published_at":"2019-11-01T22:29:21Z","reversed":false,"from_editor_v2":true,"is_editable":true,"original_sound":false,"has_sound":false,"recoub_to":null,"file_versions":{"html5":{"video":{"higher":{"url":"https://coub-anubis-a.akamaized.net/coub_storage/coub/simple/cw_file/a9082d184ce/e99b079c22acd079a7bdc/muted_mp4_huge_size_1572647371_muted_huge.mp4","size":3695164},"high":{"url":"https://coub-anubis-a.akamaized.net/coub_storage/coub/simple/cw_file/a9082d184ce/e99b079c22acd079a7bdc/muted_mp4_big_size_1572647371_muted_big.mp4","size":2897025},"med":{"url":"https://coub-anubis-a.akamaized.net/coub_storage/coub/simple/cw_file/a9082d184ce/e99b079c22acd079a7bdc/muted_mp4_med_size_1572647371_muted_med.mp4","size":733854}},"audio":{"high":{"url":"https://coub-anubis-a.akamaized.net/coub_storage/coub/simple/cw_looped_audio_high/69bfcd8d511/0c48b66bb1020ba45a7d7/1605695699_high_1572647398_high.mp3","size":2838815},"med":{"url":"https://coub-anubis-a.akamaized.net/coub_storage/coub/simple/cw_looped_audio_med/de89a17774e/0eb3b7e014e3d5f66ab7e/1605695698_med_1572647398_med.mp3","size":2075409}}},"mobile":{"video":"https://coub-anubis-a.akamaized.net/coub_storage/coub/simple/cw_file/a9082d184ce/e99b079c22acd079a7bdc/muted_mp4_med_size_1572647371_muted_med.mp4","audio":["https://coub-anubis-a.akamaized.net/coub_storage/coub/simple/cw_looped_audio_med/de89a17774e/0eb3b7e014e3d5f66ab7e/1605695698_med_1572647398_med.mp3"]},"share":{"default":"https://coub-anubis-a.akamaized.net/coub_storage/coub/simple/cw_video_for_sharing/a9a860a7d21/6969ee34d40453a1d69f0/1626174718_looped_1626174716.mp4"}},"audio_versions":{"template":"https://coub-anubis-a.akamaized.net/coub_storage/audio_track/cw_normalized_copy/93b9a83efad/ab35a6676031db34e8847/mid_1572647389_normalized_1572647374_13owdbj_edited.mp3","versions":["mid","low"]},"image_versions":{"template":"https://coub-anubis-a.akamaized.net/coub_storage/coub/simple/cw_image/cadb7632a92/08f5a79d2f8711e0a3f5f/1572647410_00032.jpg","versions":["micro","tiny","age_restricted","ios_large","ios_mosaic","big","med","small","pinterest"]},"first_frame_versions":{"template":"https://coub-anubis-a.akamaized.net/coub_storage/coub/simple/cw_timeline_pic/6038c9afc04/888e135d6c6f68cf54a78/%{version}_1572647409_image.jpg","versions":["big","med","small","ios_large"]},"dimensions":{"big":[1280,720],"med":[640,360]},"site_w_h":[640,360],"page_w_h":[640,360],"site_w_h_small":[310,174],"size":[1280,720],"age_restricted":false,"age_restricted_by_admin":false,"not_safe_for_work":false,"allow_reuse":false,"dont_crop":false,"banned":false,"global_safe":true,"audio_file_url":"https://coub-anubis-a.akamaized.net/coub_storage/audio_track/cw_normalized_copy/93b9a83efad/ab35a6676031db34e8847/low_1572647389_normalized_1572647374_13owdbj_edited.mp3","external_download":false,"application":null,"channel":{"id":7103497,"permalink":"hlaminamonada","title":"Hlaminamonada","description":null,"followers_count":189,"following_count":15,"avatar_versions":{"template":"https://coub-anubis-a.akamaized.net/coub_storage/channel/cw_avatar/5c9ed4c96fa/0ef808ef6c97576283cdc/%{version}_1607428309_1gshxf_1566618087_images.jpg","versions":["medium","medium_2x","profile_pic","profile_pic_new","profile_pic_new_2x","tiny","tiny_2x","small","small_2x","ios_large","ios_small"]}},"file":null,"picture":"https://coub-anubis-a.akamaized.net/coub_storage/coub/simple/cw_image/cadb7632a92/08f5a79d2f8711e0a3f5f/1572647410_00032.jpg","timeline_picture":"https://coub-anubis-a.akamaized.net/coub_storage/coub/simple/cw_timeline_pic/6038c9afc04/888e135d6c6f68cf54a78/ios_large_1572647409_image.jpg","small_picture":"https://coub-anubis-a.akamaized.net/coub_storage/coub/simple/cw_image/cadb7632a92/08f5a79d2f8711e0a3f5f/1572647410_00032.jpg","sharing_picture":null,"percent_done":100,"tags":[{"id":2726449,"title":"드림캐쳐","value":"%EB%93%9C%EB%A6%BC%EC%BA%90%EC%B3%90"},{"id":275776,"title":"dreamcatcher","value":"dreamcatcher"},{"id":3980330,"title":"유현","value":"%EC%9C%A0%ED%98%84"},{"id":3980331,"title":"yoohyeon","value":"yoohyeon"},{"id":5296380,"title":"김유현","value":"%EA%B9%80%EC%9C%A0%ED%98%84"},{"id":962210,"title":"직캠","value":"%EC%A7%81%EC%BA%A0"},{"id":333434,"title":"fancam","value":"fancam"},{"id":1352478,"title":"팬캠","value":"%ED%8C%AC%EC%BA%A0"},{"id":5020,"title":"k-pop","value":"k-pop"},{"id":34406,"title":"kpop","value":"kpop"},{"id":5296381,"title":"부산팬사인회","value":"%EB%B6%80%EC%82%B0%ED%8C%AC%EC%82%AC%EC%9D%B8%ED%9A%8C"},{"id":5296382,"title":"롯데백화점","value":"%EB%A1%AF%EB%8D%B0%EB%B0%B1%ED%99%94%EC%A0%90"},{"id":5214289,"title":"지유","value":"%EC%A7%80%EC%9C%A0"},{"id":26849,"title":"jiu","value":"jiu"},{"id":5296383,"title":"김민지","value":"%EA%B9%80%EB%AF%BC%EC%A7%80"},{"id":1177278,"title":"수아","value":"%EC%88%98%EC%95%84"},{"id":5296384,"title":"su-a","value":"su-a"},{"id":5196801,"title":"김보라","value":"%EA%B9%80%EB%B3%B4%EB%9D%BC"},{"id":2861242,"title":"시연","value":"%EC%8B%9C%EC%97%B0"},{"id":2077449,"title":"siyeon","value":"siyeon"},{"id":5296385,"title":"이시연","value":"%EC%9D%B4%EC%8B%9C%EC%97%B0"},{"id":3900202,"title":"다미","value":"%EB%8B%A4%EB%AF%B8"},{"id":1871058,"title":"dami","value":"dami"},{"id":5296386,"title":"이유빈","value":"%EC%9D%B4%EC%9C%A0%EB%B9%88"},{"id":5214290,"title":"한동","value":"%ED%95%9C%EB%8F%99"},{"id":4317244,"title":"handong","value":"handong"},{"id":5296387,"title":"韩东","value":"%E9%9F%A9%E4%B8%9C"},{"id":5296388,"title":"hán dōng","value":"h%C3%A1n%20d%C5%8Dng"},{"id":5214291,"title":"가현","value":"%EA%B0%80%ED%98%84"},{"id":4243764,"title":"gahyeon","value":"gahyeon"},{"id":5296389,"title":"이가현","value":"%EC%9D%B4%EA%B0%80%ED%98%84"},{"id":3265397,"title":"팬사인회","value":"%ED%8C%AC%EC%82%AC%EC%9D%B8%ED%9A%8C"}],"categories":[{"id":39,"title":"Celebrity","permalink":"celebrity","subscriptions_count":10072996,"big_image_url":"https://coub-anubis-a.akamaized.net/coub_storage/category/cw_image/f29db91ad17/ceeba69e8fe30eb9c445a/big_1544760906_celeb2.png","small_image_url":"https://coub-anubis-a.akamaized.net/coub_storage/category/cw_image/f29db91ad17/ceeba69e8fe30eb9c445a/small_1544760906_celeb2.png","med_image_url":"https://coub-anubis-a.akamaized.net/coub_storage/category/cw_image/f29db91ad17/ceeba69e8fe30eb9c445a/med_1544760906_celeb2.png","visible":true}],"communities":[{"id":39,"title":"Celebrity","permalink":"celebrity","subscriptions_count":10072996,"big_image_url":"https://coub-anubis-a.akamaized.net/coub_storage/category/cw_image/f29db91ad17/ceeba69e8fe30eb9c445a/big_1544760906_celeb2.png","small_image_url":"https://coub-anubis-a.akamaized.net/coub_storage/category/cw_image/f29db91ad17/ceeba69e8fe30eb9c445a/small_1544760906_celeb2.png","med_image_url":"https://coub-anubis-a.akamaized.net/coub_storage/category/cw_image/f29db91ad17/ceeba69e8fe30eb9c445a/med_1544760906_celeb2.png","i_subscribed":true,"community_notifications_enabled":null,"description":null}],"recoubs_count":263,"remixes_count":0,"likes_count":1223,"dislikes_count":0,"raw_video_id":"","uploaded_by_ios_app":false,"uploaded_by_android_app":false,"media_blocks":{"uploaded_raw_videos":[],"external_raw_videos":[],"remixed_from_coubs":[{"id":33739920,"title":"yoohyeon | Raim & Artur - Самая вышка","url":"https://coub.com/coubs/23t18o/remix","image":"https://coub-anubis-a.akamaized.net/coub_storage/media_block/cw_image/bd87e00c0a5/16b6b2c78d1a4b23e9d0e/1572632195_1snzons_1572632178_00032.jpg","image_retina":"https://coub-anubis-a.akamaized.net/coub_storage/media_block/cw_image/bd87e00c0a5/16b6b2c78d1a4b23e9d0e/1572632195_1snzons_1572632178_00032.jpg","meta":{"duration":"10.0"},"duration":null,"coub_channel_title":"Hlaminamonada","coub_channel_permalink":"hlaminamonada","coub_views_count":15364,"coub_permalink":"23t18o"}]},"raw_video_thumbnail_url":"","raw_video_title":"","video_block_banned":false,"duration":10.0,"promo_winner":false,"promo_winner_recoubers":null,"editorial_info":{},"promo_hint":null,"beeline_best_2014":null,"from_web_editor":true,"normalize_sound":true,"normalize_change_allowed":true,"best2015_addable":false,"ahmad_promo":null,"promo_data":null,"audio_copyright_claim":null,"ads_disabled":false,"is_safe_for_ads":true,"megafon_contents":[],"position_on_page":10}]}