{"page":168,"per_page":10,"total_pages":500,"coubs":[{"flag":null,"abuses":null,"recoubs_by_users_channels":null,"favourite":false,"promoted_id":null,"recoub":null,"like":null,"dislike":null,"reaction":null,"in_my_best2015":false,"id":160506451,"type":"Coub::Simple","permalink":"2n7qdq","title":"ЗАмок от детей на шкафчике с бухлом","visibility_type":"public","original_visibility_type":"public","channel_id":7105732,"created_at":"2020-12-25T20:56:22Z","updated_at":"2022-03-16T19:03:23Z","is_done":true,"views_count":103902,"cotd":null,"cotd_at":null,"visible_on_explore_root":false,"visible_on_explore":false,"featured":false,"published":true,"published_at":"2020-12-25T20:56:22Z","reversed":false,"from_editor_v2":true,"is_editable":true,"original_sound":true,"has_sound":true,"recoub_to":null,"file_versions":{"html5":{"video":{"higher":{"url":"https://coub-anubis-a.akamaized.net/coub_storage/coub/simple/cw_file/76c27c3e13e/fbdbd7131522b813172fa/muted_mp4_huge_size_1608929942_muted_huge.mp4","size":1659005},"high":{"url":"https://coub-anubis-a.akamaized.net/coub_storage/coub/simple/cw_file/76c27c3e13e/fbdbd7131522b813172fa/muted_mp4_big_size_1608929942_muted_big.mp4","size":1122513},"med":{"url":"https://coub-anubis-a.akamaized.net/coub_storage/coub/simple/cw_file/76c27c3e13e/fbdbd7131522b813172fa/muted_mp4_med_size_1608929942_muted_med.mp4","size":265890}},"audio":{"high":{"url":"https://coub-anubis-a.akamaized.net/coub_storage/coub/simple/cw_looped_audio_high/89bcc0127d9/37b12e35f9a918b630c84/1608929945_mp3-high.mp3","size":1029712},"med":{"url":"https://coub-anubis-a.akamaized.net/coub_storage/coub/simple/cw_looped_audio_med/dccb36c0c21/747efaf5439f4a4533a75/1608929944_mp3-med.mp3","size":921049},"sample_duration":9.613}},"mobile":{"video":"https://coub-anubis-a.akamaized.net/coub_storage/coub/simple/cw_file/76c27c3e13e/fbdbd7131522b813172fa/muted_mp4_med_size_1608929942_muted_med.mp4","audio":["https://coub-anubis-a.akamaized.net/coub_storage/coub/simple/cw_looped_audio_med/dccb36c0c21/747efaf5439f4a4533a75/1608929944_mp3-med.mp3"]},"share":{"default":"https://coub-anubis-a.akamaized.net/coub_storage/coub/simple/cw_video_for_sharing/6f1c5ba4d80/2b14606d06529c8077127/1608929976_looped_1608929975.mp4"}},"audio_versions":{},"image_versions":{"template":"https://coub-anubis-a.akamaized.net/coub_storage/coub/simple/cw_image/971a340f5f9/38b0afe61274a0a319dda/%{version}_1608929950_00031.jpg","versions":["micro","tiny","age_restricted","ios_large","ios_mosaic","big","med","small","pinterest"]},"first_frame_versions":{"template":"https://coub-anubis-a.akamaized.net/coub_storage/coub/simple/cw_timeline_pic/dd1ad83ab78/316911c3087fbe3c2d2a7/%{version}_1608929949_image.jpg","versions":["big","med","small","ios_large"]},"dimensions":{"big":[1280,720],"med":[640,360]},"site_w_h":[640,360],"page_w_h":[640,360],"site_w_h_small":[310,174],"size":[1280,720],"age_restricted":false,"age_restricted_by_admin":false,"not_safe_for_work":false,"allow_reuse":false,"dont_crop":true,"banned":false,"global_safe":false,"audio_file_url":null,"external_download":{"type":"Youtube","service_name":"YouTube","url":"https://youtu.be/OQja5j2EKfQ","has_embed":true},"application":null,"channel":{"id":7105732,"permalink":"egoruska","title":"EGORUSKA","description":null,"followers_count":47,"following_count":11,"avatar_versions":{"template":"https://coub-anubis-a.akamaized.net/coub_storage/channel/cw_avatar/bceed8f00ef/3fa2dbe2956e522cd2331/%{version}_1607421099_1eyz0av_1566658681_GG.png","versions":["medium","medium_2x","profile_pic","profile_pic_new","profile_pic_new_2x","tiny","tiny_2x","small","small_2x","ios_large","ios_small"]}},"file":null,"picture":"https://coub-anubis-a.akamaized.net/coub_storage/coub/simple/cw_image/971a340f5f9/38b0afe61274a0a319dda/med_1608929950_00031.jpg","timeline_picture":"https://coub-anubis-a.akamaized.net/coub_storage/coub/simple/cw_timeline_pic/dd1ad83ab78/316911c3087fbe3c2d2a7/ios_large_1608929949_image.jpg","small_picture":"https://coub-anubis-a.akamaized.net/coub_storage/coub/simple/cw_image/971a340f5f9/38b0afe61274a0a319dda/ios_mosaic_1608929950_00031.jpg","sharing_picture":null,"percent_done":100,"tags":[{"id":6074410,"title":"стюартджонни галэкипеннитео́рия большо́го взры́васара гилбертбернадеттфара фаулерростенковскимаим...","value":"%D1%81%D1%82%D1%8E%D0%B0%D1%80%D1%82%D0%B4%D0%B6%D0%BE%D0%BD%D0%BD%D0%B8%20%D0%B3%D0%B0%D0%BB%D1%8D%D0%BA%D0%B8%D0%BF%D0%B5%D0%BD%D0%BD%D0%B8%D1%82%D0%B5%D0%BE%CC%81%D1%80%D0%B8%D1%8F%20%D0%B1%D0%BE%D0%BB%D1%8C%D1%88%D0%BE%CC%81%D0%B3%D0%BE%20%D0%B2%D0%B7%D1%80%D1%8B%CC%81%D0%B2%D0%B0%D1%81%D0%B0%D1%80%D0%B0%20%D0%B3%D0%B8%D0%BB%D0%B1%D0%B5%D1%80%D1%82%D0%B1%D0%B5%D1%80%D0%BD%D0%B0%D0%B4%D0%B5%D1%82%D1%82%D1%84%D0%B0%D1%80%D0%B0%20%D1%84%D0%B0%D1%83%D0%BB%D0%B5%D1%80%D1%80%D0%BE%D1%81%D1%82%D0%B5%D0%BD%D0%BA%D0%BE%D0%B2%D1%81%D0%BA%D0%B8%D0%BC%D0%B0%D0%B8%D0%BC..."}],"categories":[{"id":39,"title":"Celebrity","permalink":"celebrity","subscriptions_count":10072996,"big_image_url":"https://coub-anubis-a.akamaized.net/coub_storage/category/cw_image/f29db91ad17/ceeba69e8fe30eb9c445a/big_1544760906_celeb2.png","small_image_url":"https://coub-anubis-a.akamaized.net/coub_storage/category/cw_image/f29db91ad17/ceeba69e8fe30eb9c445a/small_1544760906_celeb2.png","med_image_url":"https://coub-anubis-a.akamaized.net/coub_storage/category/cw_image/f29db91ad17/ceeba69e8fe30eb9c445a/med_1544760906_celeb2.png","visible":true}],"communities":[{"id":39,"title":"Celebrity","permalink":"celebrity","subscriptions_count":10072996,"big_image_url":"https://coub-anubis-a.akamaized.net/coub_storage/category/cw_image/f29db91ad17/ceeba69e8fe30eb9c445a/big_1544760906_celeb2.png","small_image_url":"https://coub-anubis-a.akamaized.net/coub_storage/category/cw_image/f29db91ad17/ceeba69e8fe30eb9c445a/small_1544760906_celeb2.png","med_image_url":"https://coub-anubis-a.akamaized.net/coub_storage/category/cw_image/f29db91ad17/ceeba69e8fe30eb9c445a/med_1544760906_celeb2.png","i_subscribed":true,"community_notifications_enabled":null,"description":null}],"recoubs_count":277,"remixes_count":0,"likes_count":1492,"dislikes_count":0,"raw_video_id":16006348,"uploaded_by_ios_app":false,"uploaded_by_android_app":false,"media_blocks":{"uploaded_raw_videos":[],"external_raw_videos":[{"id":37777157,"title":"Теория большого взрыва - Лучшее #13 (11 сезон)","url":"https://www.youtube.com/watch?v=OQja5j2EKfQ","image":null,"image_retina":null,"meta":{"service":"Youtube","duration":"646.581"},"duration":646.581,"raw_video_id":16006348,"has_embed":true}],"remixed_from_coubs":[],"external_video":{"id":37777157,"title":"Теория большого взрыва - Лучшее #13 (11 сезон)","url":"https://www.youtube.com/watch?v=OQja5j2EKfQ","image":null,"image_retina":null,"meta":{"service":"Youtube","duration":"646.581"},"duration":646.581,"raw_video_id":16006348,"has_embed":true}},"raw_video_thumbnail_url":"/missing/missing.png","raw_video_title":"Теория большого взрыва - Лучшее #13 (11 сезон)","video_block_banned":false,"duration":9.6,"promo_winner":false,"promo_winner_recoubers":null,"editorial_info":{},"promo_hint":null,"beeline_best_2014":null,"from_web_editor":true,"normalize_sound":true,"normalize_change_allowed":true,"best2015_addable":false,"ahmad_promo":null,"promo_data":null,"audio_copyright_claim":null,"ads_disabled":false,"is_safe_for_ads":true,"megafon_contents":[],"position_on_page":1},{"flag":null,"abuses":null,"recoubs_by_users_channels":null,"favourite":false,"promoted_id":null,"recoub":null,"like":null,"dislike":null,"reaction":null,"in_my_best2015":false,"id":166146737,"type":"Coub::Simple","permalink":"2qkmhj","title":"действительно","visibility_type":"public","original_visibility_type":"public","channel_id":1397335,"created_at":"2021-03-29T14:18:34Z","updated_at":"2022-03-16T06:06:46Z","is_done":true,"views_count":123200,"cotd":null,"cotd_at":null,"visible_on_explore_root":false,"visible_on_explore":false,"featured":false,"published":true,"published_at":"2021-03-29T14:18:34Z","reversed":false,"from_editor_v2":true,"is_editable":true,"original_sound":true,"has_sound":true,"recoub_to":null,"file_versions":{"html5":{"video":{"higher":{"url":"https://coub-anubis-a.akamaized.net/coub_storage/coub/simple/cw_file/ba276a4cb23/fe508269b1f668bb75934/muted_mp4_huge_size_1617027541_muted_huge.mp4","size":3134080},"high":{"url":"https://coub-anubis-a.akamaized.net/coub_storage/coub/simple/cw_file/ba276a4cb23/fe508269b1f668bb75934/muted_mp4_big_size_1617027541_muted_big.mp4","size":2113936},"med":{"url":"https://coub-anubis-a.akamaized.net/coub_storage/coub/simple/cw_file/ba276a4cb23/fe508269b1f668bb75934/muted_mp4_med_size_1617027541_muted_med.mp4","size":669418}},"audio":{"high":{"url":"https://coub-anubis-a.akamaized.net/coub_storage/coub/simple/cw_looped_audio_high/f7501f6b11f/9d85ef1b2052b207b7446/1617027544_mp3-high.mp3","size":822115},"med":{"url":"https://coub-anubis-a.akamaized.net/coub_storage/coub/simple/cw_looped_audio_med/442c769f9f5/331c1f7fa35b4f5f8e471/1617027543_mp3-med.mp3","size":796372},"sample_duration":10.008}},"mobile":{"video":"https://coub-anubis-a.akamaized.net/coub_storage/coub/simple/cw_file/ba276a4cb23/fe508269b1f668bb75934/muted_mp4_med_size_1617027541_muted_med.mp4","audio":["https://coub-anubis-a.akamaized.net/coub_storage/coub/simple/cw_looped_audio_med/442c769f9f5/331c1f7fa35b4f5f8e471/1617027543_mp3-med.mp3"]},"share":{"default":"https://coub-anubis-a.akamaized.net/coub_storage/coub/simple/cw_video_for_sharing/22060cd8490/cf344b8682de05f318d4e/1617027628_looped_1617027626.mp4"}},"audio_versions":{},"image_versions":{"template":"https://coub-anubis-a.akamaized.net/coub_storage/coub/simple/cw_image/6681c807c47/42033df2f303c69788db6/%{version}_1617027560_00032.jpg","versions":["micro","tiny","age_restricted","ios_large","ios_mosaic","big","med","small","pinterest"]},"first_frame_versions":{"template":"https://coub-anubis-a.akamaized.net/coub_storage/coub/simple/cw_timeline_pic/f4528254d52/fcc3a5b72bb714d62c6c9/%{version}_1617027558_image.jpg","versions":["big","med","small","ios_large"]},"dimensions":{"big":[1280,720],"med":[640,360]},"site_w_h":[640,360],"page_w_h":[640,360],"site_w_h_small":[310,174],"size":[1280,720],"age_restricted":false,"age_restricted_by_admin":false,"not_safe_for_work":false,"allow_reuse":false,"dont_crop":true,"banned":false,"global_safe":false,"audio_file_url":null,"external_download":false,"application":null,"channel":{"id":1397335,"permalink":"eremin.sergei","title":"mister_sergei1","description":null,"followers_count":89,"following_count":73,"avatar_versions":{"template":"https://coub-anubis-a.akamaized.net/coub_storage/channel/cw_avatar/e1c2298ea53/76423e341fb419573ffbf/%{version}_1607978286_1i6swlw_1581708546_938bLmepJIQ.jpg","versions":["medium","medium_2x","profile_pic","profile_pic_new","profile_pic_new_2x","tiny","tiny_2x","small","small_2x","ios_large","ios_small"]}},"file":null,"picture":"https://coub-anubis-a.akamaized.net/coub_storage/coub/simple/cw_image/6681c807c47/42033df2f303c69788db6/med_1617027560_00032.jpg","timeline_picture":"https://coub-anubis-a.akamaized.net/coub_storage/coub/simple/cw_timeline_pic/f4528254d52/fcc3a5b72bb714d62c6c9/ios_large_1617027558_image.jpg","small_picture":"https://coub-anubis-a.akamaized.net/coub_storage/coub/simple/cw_image/6681c807c47/42033df2f303c69788db6/ios_mosaic_1617027560_00032.jpg","sharing_picture":null,"percent_done":100,"tags":[{"id":2962978,"title":"моргенштерн","value":"%D0%BC%D0%BE%D1%80%D0%B3%D0%B5%D0%BD%D1%88%D1%82%D0%B5%D1%80%D0%BD"},{"id":5414,"title":"реп","value":"%D1%80%D0%B5%D0%BF"},{"id":75731,"title":"репер","value":"%D1%80%D0%B5%D0%BF%D0%B5%D1%80"},{"id":164652,"title":"morgenstern","value":"morgenstern"},{"id":21244,"title":"пранк","value":"%D0%BF%D1%80%D0%B0%D0%BD%D0%BA"},{"id":5441,"title":"школьники","value":"%D1%88%D0%BA%D0%BE%D0%BB%D1%8C%D0%BD%D0%B8%D0%BA%D0%B8"}],"categories":[{"id":39,"title":"Celebrity","permalink":"celebrity","subscriptions_count":10072996,"big_image_url":"https://coub-anubis-a.akamaized.net/coub_storage/category/cw_image/f29db91ad17/ceeba69e8fe30eb9c445a/big_1544760906_celeb2.png","small_image_url":"https://coub-anubis-a.akamaized.net/coub_storage/category/cw_image/f29db91ad17/ceeba69e8fe30eb9c445a/small_1544760906_celeb2.png","med_image_url":"https://coub-anubis-a.akamaized.net/coub_storage/category/cw_image/f29db91ad17/ceeba69e8fe30eb9c445a/med_1544760906_celeb2.png","visible":true}],"communities":[{"id":39,"title":"Celebrity","permalink":"celebrity","subscriptions_count":10072996,"big_image_url":"https://coub-anubis-a.akamaized.net/coub_storage/category/cw_image/f29db91ad17/ceeba69e8fe30eb9c445a/big_1544760906_celeb2.png","small_image_url":"https://coub-anubis-a.akamaized.net/coub_storage/category/cw_image/f29db91ad17/ceeba69e8fe30eb9c445a/small_1544760906_celeb2.png","med_image_url":"https://coub-anubis-a.akamaized.net/coub_storage/category/cw_image/f29db91ad17/ceeba69e8fe30eb9c445a/med_1544760906_celeb2.png","i_subscribed":true,"community_notifications_enabled":null,"description":null}],"recoubs_count":235,"remixes_count":0,"likes_count":1490,"dislikes_count":0,"raw_video_id":16305040,"uploaded_by_ios_app":false,"uploaded_by_android_app":false,"media_blocks":{"uploaded_raw_videos":[],"external_raw_videos":[],"remixed_from_coubs":[]},"raw_video_thumbnail_url":"https://coub-anubis-a.akamaized.net/coub_storage/raw_video/cw_image/956ef29ba5a/b2e7c38dbfc13bf0cb954/coub_media_1617027140_image.jpg","raw_video_title":"bandicam_2021-03-29_16-11-12-753.mp4","video_block_banned":false,"duration":10.0,"promo_winner":false,"promo_winner_recoubers":null,"editorial_info":{},"promo_hint":null,"beeline_best_2014":null,"from_web_editor":true,"normalize_sound":true,"normalize_change_allowed":true,"best2015_addable":false,"ahmad_promo":null,"promo_data":null,"audio_copyright_claim":null,"ads_disabled":false,"is_safe_for_ads":true,"megafon_contents":[],"position_on_page":2},{"flag":null,"abuses":null,"recoubs_by_users_channels":null,"favourite":false,"promoted_id":null,"recoub":null,"like":null,"dislike":null,"reaction":null,"in_my_best2015":false,"id":97402090,"type":"Coub::Simple","permalink":"1ll16c","title":"Круиз от Дэвида Блейна","visibility_type":"public","original_visibility_type":"public","channel_id":4879639,"created_at":"2019-01-09T15:47:20Z","updated_at":"2022-03-16T15:39:36Z","is_done":true,"views_count":86003,"cotd":null,"cotd_at":null,"visible_on_explore_root":false,"visible_on_explore":false,"featured":false,"published":true,"published_at":"2019-01-09T15:49:10Z","reversed":false,"from_editor_v2":true,"is_editable":true,"original_sound":true,"has_sound":true,"recoub_to":null,"file_versions":{"html5":{"video":{"higher":{"url":"https://coub-anubis-a.akamaized.net/coub_storage/coub/simple/cw_file/e74fa5fed38/27ffbe4649f3b4f17f4b9/muted_mp4_huge_size_1570307899_muted_huge.mp4","size":3656266},"high":{"url":"https://coub-anubis-a.akamaized.net/coub_storage/coub/simple/cw_file/e74fa5fed38/27ffbe4649f3b4f17f4b9/muted_mp4_big_size_1570307899_muted_big.mp4","size":2593800},"med":{"url":"https://coub-anubis-a.akamaized.net/coub_storage/coub/simple/cw_file/e74fa5fed38/27ffbe4649f3b4f17f4b9/muted_mp4_med_size_1570307899_muted_med.mp4","size":845070}},"audio":{"high":{"url":"https://coub-anubis-a.akamaized.net/coub_storage/coub/simple/cw_looped_audio_high/5ebeb519cf3/a25511ee9c49082455708/1605665938_high_1547048895_high.mp3","size":856124},"med":{"url":"https://coub-anubis-a.akamaized.net/coub_storage/coub/simple/cw_looped_audio_med/53331749327/db85225561d3888ad756c/1605665938_med_1547048895_med.mp3","size":804916},"sample_duration":10.1}},"mobile":{"video":"https://coub-anubis-a.akamaized.net/coub_storage/coub/simple/cw_file/e74fa5fed38/27ffbe4649f3b4f17f4b9/muted_mp4_med_size_1570307899_muted_med.mp4","audio":["https://coub-anubis-a.akamaized.net/coub_storage/coub/simple/cw_looped_audio_med/53331749327/db85225561d3888ad756c/1605665938_med_1547048895_med.mp3"]},"share":{"default":"https://coub-anubis-a.akamaized.net/coub_storage/coub/simple/cw_video_for_sharing/4421c96b886/9568b253cadb9972e78aa/1614544713_looped_1614544711.mp4"}},"audio_versions":{},"image_versions":{"template":"https://coub-anubis-a.akamaized.net/coub_storage/coub/simple/cw_image/06a7428c54e/4786bc49a94fbdce24fdc/1547048902_00032.jpg","versions":["micro","tiny","age_restricted","ios_large","ios_mosaic","big","med","small","pinterest"]},"first_frame_versions":{"template":"https://coub-anubis-a.akamaized.net/coub_storage/coub/simple/cw_timeline_pic/b04144369bd/6e1ad9c25ddaf429bdf34/%{version}_1547048901_image.jpg","versions":["big","med","small","ios_large"]},"dimensions":{"big":[1280,720],"med":[640,360]},"site_w_h":[640,360],"page_w_h":[640,360],"site_w_h_small":[310,174],"size":[1280,720],"age_restricted":false,"age_restricted_by_admin":false,"not_safe_for_work":false,"allow_reuse":false,"dont_crop":false,"banned":false,"global_safe":false,"audio_file_url":null,"external_download":{"type":"Youtube","service_name":"YouTube","url":"http://www.youtube.com/watch?v=JCVEywOXbaI","has_embed":true},"application":null,"channel":{"id":4879639,"permalink":"einar210","title":"Einar ","description":null,"followers_count":121,"following_count":23,"avatar_versions":{"template":"https://coub-anubis-a.akamaized.net/coub_storage/channel/cw_avatar/1b9bb0922bc/954633e43f4871b34cba0/%{version}_1609500596_tkmh6w_1579710967____.jpg","versions":["medium","medium_2x","profile_pic","profile_pic_new","profile_pic_new_2x","tiny","tiny_2x","small","small_2x","ios_large","ios_small"]}},"file":null,"picture":"https://coub-anubis-a.akamaized.net/coub_storage/coub/simple/cw_image/06a7428c54e/4786bc49a94fbdce24fdc/1547048902_00032.jpg","timeline_picture":"https://coub-anubis-a.akamaized.net/coub_storage/coub/simple/cw_timeline_pic/b04144369bd/6e1ad9c25ddaf429bdf34/ios_large_1547048901_image.jpg","small_picture":"https://coub-anubis-a.akamaized.net/coub_storage/coub/simple/cw_image/06a7428c54e/4786bc49a94fbdce24fdc/1547048902_00032.jpg","sharing_picture":null,"percent_done":100,"tags":[{"id":296993,"title":"уличная магия","value":"%D1%83%D0%BB%D0%B8%D1%87%D0%BD%D0%B0%D1%8F%20%D0%BC%D0%B0%D0%B3%D0%B8%D1%8F"},{"id":38423,"title":"david blane","value":"david%20blane"},{"id":155961,"title":"street magic","value":"street%20magic"},{"id":21871,"title":"austin powers","value":"austin%20powers"},{"id":15186,"title":"right","value":"right"},{"id":15819,"title":"reaction","value":"reaction"},{"id":235903,"title":"дэвид блейн","value":"%D0%B4%D1%8D%D0%B2%D0%B8%D0%B4%20%D0%B1%D0%BB%D0%B5%D0%B9%D0%BD"},{"id":722184,"title":"gamemaster","value":"gamemaster"},{"id":1642,"title":"master","value":"master"},{"id":3719,"title":"parody","value":"parody"},{"id":8559,"title":"пародия","value":"%D0%BF%D0%B0%D1%80%D0%BE%D0%B4%D0%B8%D1%8F"}],"categories":[{"id":39,"title":"Celebrity","permalink":"celebrity","subscriptions_count":10072996,"big_image_url":"https://coub-anubis-a.akamaized.net/coub_storage/category/cw_image/f29db91ad17/ceeba69e8fe30eb9c445a/big_1544760906_celeb2.png","small_image_url":"https://coub-anubis-a.akamaized.net/coub_storage/category/cw_image/f29db91ad17/ceeba69e8fe30eb9c445a/small_1544760906_celeb2.png","med_image_url":"https://coub-anubis-a.akamaized.net/coub_storage/category/cw_image/f29db91ad17/ceeba69e8fe30eb9c445a/med_1544760906_celeb2.png","visible":true}],"communities":[{"id":39,"title":"Celebrity","permalink":"celebrity","subscriptions_count":10072996,"big_image_url":"https://coub-anubis-a.akamaized.net/coub_storage/category/cw_image/f29db91ad17/ceeba69e8fe30eb9c445a/big_1544760906_celeb2.png","small_image_url":"https://coub-anubis-a.akamaized.net/coub_storage/category/cw_image/f29db91ad17/ceeba69e8fe30eb9c445a/small_1544760906_celeb2.png","med_image_url":"https://coub-anubis-a.akamaized.net/coub_storage/category/cw_image/f29db91ad17/ceeba69e8fe30eb9c445a/med_1544760906_celeb2.png","i_subscribed":true,"community_notifications_enabled":null,"description":null}],"recoubs_count":301,"remixes_count":0,"likes_count":1489,"dislikes_count":0,"raw_video_id":12084658,"uploaded_by_ios_app":false,"uploaded_by_android_app":false,"media_blocks":{"uploaded_raw_videos":[],"external_raw_videos":[{"id":27413534,"title":"Уличная Магия Дэвида Блейна - Часть 4 (rus) - OFFICIAL!","url":"https://www.youtube.com/watch?v=JCVEywOXbaI","image":"https://coub-anubis-a.akamaized.net/coub_storage/media_block/cw_image/fe94f0359ee/e460e4fc0e4deefa168ba/1532334998_1532334959_11m7tcs_att-url-download.jpg","image_retina":"https://coub-anubis-a.akamaized.net/coub_storage/media_block/cw_image/fe94f0359ee/e460e4fc0e4deefa168ba/1532334998_1532334959_11m7tcs_att-url-download.jpg","meta":{"service":"Youtube","duration":"300.04"},"duration":300.04,"raw_video_id":12084658,"has_embed":true}],"remixed_from_coubs":[],"external_video":{"id":27413534,"title":"Уличная Магия Дэвида Блейна - Часть 4 (rus) - OFFICIAL!","url":"https://www.youtube.com/watch?v=JCVEywOXbaI","image":"https://coub-anubis-a.akamaized.net/coub_storage/media_block/cw_image/fe94f0359ee/e460e4fc0e4deefa168ba/1532334998_1532334959_11m7tcs_att-url-download.jpg","image_retina":"https://coub-anubis-a.akamaized.net/coub_storage/media_block/cw_image/fe94f0359ee/e460e4fc0e4deefa168ba/1532334998_1532334959_11m7tcs_att-url-download.jpg","meta":{"service":"Youtube","duration":"300.04"},"duration":300.04,"raw_video_id":12084658,"has_embed":true}},"raw_video_thumbnail_url":"/missing/missing.png","raw_video_title":"Уличная Магия Дэвида Блейна - Часть 4 (rus) - OFFICIAL!","video_block_banned":false,"duration":10.0,"promo_winner":false,"promo_winner_recoubers":null,"editorial_info":{},"promo_hint":null,"beeline_best_2014":null,"from_web_editor":true,"normalize_sound":true,"normalize_change_allowed":true,"best2015_addable":false,"ahmad_promo":null,"promo_data":null,"audio_copyright_claim":null,"ads_disabled":false,"is_safe_for_ads":true,"megafon_contents":[],"position_on_page":3},{"flag":null,"abuses":null,"recoubs_by_users_channels":null,"favourite":false,"promoted_id":null,"recoub":null,"like":null,"dislike":null,"reaction":null,"in_my_best2015":false,"id":111815601,"type":"Coub::Simple","permalink":"1u5ysn","title":"I Hate Fingers","visibility_type":"public","original_visibility_type":"public","channel_id":2366780,"created_at":"2019-05-13T19:39:59Z","updated_at":"2022-03-17T00:40:21Z","is_done":true,"views_count":110825,"cotd":null,"cotd_at":null,"visible_on_explore_root":false,"visible_on_explore":false,"featured":false,"published":true,"published_at":"2019-05-13T19:39:59Z","reversed":false,"from_editor_v2":true,"is_editable":true,"original_sound":true,"has_sound":true,"recoub_to":null,"file_versions":{"html5":{"video":{"higher":{"url":"https://coub-anubis-a.akamaized.net/coub_storage/coub/simple/cw_file/49bc22f0fb4/5e648812d6b72f0b1e336/muted_mp4_huge_size_1569375222_muted_huge.mp4","size":2114008},"high":{"url":"https://coub-anubis-a.akamaized.net/coub_storage/coub/simple/cw_file/49bc22f0fb4/5e648812d6b72f0b1e336/muted_mp4_big_size_1569375222_muted_big.mp4","size":1431735},"med":{"url":"https://coub-anubis-a.akamaized.net/coub_storage/coub/simple/cw_file/49bc22f0fb4/5e648812d6b72f0b1e336/muted_mp4_med_size_1569375222_muted_med.mp4","size":452395}},"audio":{"high":{"url":"https://coub-anubis-a.akamaized.net/coub_storage/coub/simple/cw_looped_audio_high/3c338781197/19e0257d64f3a50a43f22/1605672562_high_1557776401_high.mp3","size":798498},"med":{"url":"https://coub-anubis-a.akamaized.net/coub_storage/coub/simple/cw_looped_audio_med/94c6883cc0c/d844362838bd47ad4d956/1605672561_med_1557776401_med.mp3","size":798521},"sample_duration":8.73}},"mobile":{"video":"https://coub-anubis-a.akamaized.net/coub_storage/coub/simple/cw_file/49bc22f0fb4/5e648812d6b72f0b1e336/muted_mp4_med_size_1569375222_muted_med.mp4","audio":["https://coub-anubis-a.akamaized.net/coub_storage/coub/simple/cw_looped_audio_med/94c6883cc0c/d844362838bd47ad4d956/1605672561_med_1557776401_med.mp3"]},"share":{"default":"https://coub-anubis-a.akamaized.net/coub_storage/coub/simple/cw_video_for_sharing/3dd797ea265/872a07458263d31cc8e23/1616734297_looped_1616734296.mp4"}},"audio_versions":{},"image_versions":{"template":"https://coub-anubis-a.akamaized.net/coub_storage/coub/simple/cw_image/930c32671c1/61187613260fd4e985ec4/1557776406_00028.jpg","versions":["micro","tiny","age_restricted","ios_large","ios_mosaic","big","med","small","pinterest"]},"first_frame_versions":{"template":"https://coub-anubis-a.akamaized.net/coub_storage/coub/simple/cw_timeline_pic/24e6bb21275/8013ba84ca5ad980f866e/%{version}_1557776406_image.jpg","versions":["big","med","small","ios_large"]},"dimensions":{"big":[768,960],"med":[384,480]},"site_w_h":[320,400],"page_w_h":[400,500],"site_w_h_small":[310,388],"size":[768,960],"age_restricted":false,"age_restricted_by_admin":false,"not_safe_for_work":false,"allow_reuse":false,"dont_crop":false,"banned":false,"global_safe":true,"audio_file_url":null,"external_download":{"type":"Youtube","service_name":"YouTube","url":"https://www.youtube.com/watch?v=exOFaHyGjaA","has_embed":true},"application":null,"channel":{"id":2366780,"permalink":"papuna-songulia","title":"Papuna Songulia","description":null,"followers_count":156,"following_count":5,"avatar_versions":{"template":"https://coub-anubis-a.akamaized.net/coub_storage/channel/cw_avatar/65a56e20713/9fbc4666652f9c4be6647/%{version}_1620332597_cropped.jpeg","versions":["medium","medium_2x","profile_pic","profile_pic_new","profile_pic_new_2x","tiny","tiny_2x","small","small_2x","ios_large","ios_small"]}},"file":null,"picture":"https://coub-anubis-a.akamaized.net/coub_storage/coub/simple/cw_image/930c32671c1/61187613260fd4e985ec4/1557776406_00028.jpg","timeline_picture":"https://coub-anubis-a.akamaized.net/coub_storage/coub/simple/cw_timeline_pic/24e6bb21275/8013ba84ca5ad980f866e/ios_large_1557776406_image.jpg","small_picture":"https://coub-anubis-a.akamaized.net/coub_storage/coub/simple/cw_image/930c32671c1/61187613260fd4e985ec4/1557776406_00028.jpg","sharing_picture":null,"percent_done":100,"tags":[],"categories":[{"id":39,"title":"Celebrity","permalink":"celebrity","subscriptions_count":10072996,"big_image_url":"https://coub-anubis-a.akamaized.net/coub_storage/category/cw_image/f29db91ad17/ceeba69e8fe30eb9c445a/big_1544760906_celeb2.png","small_image_url":"https://coub-anubis-a.akamaized.net/coub_storage/category/cw_image/f29db91ad17/ceeba69e8fe30eb9c445a/small_1544760906_celeb2.png","med_image_url":"https://coub-anubis-a.akamaized.net/coub_storage/category/cw_image/f29db91ad17/ceeba69e8fe30eb9c445a/med_1544760906_celeb2.png","visible":true}],"communities":[{"id":39,"title":"Celebrity","permalink":"celebrity","subscriptions_count":10072996,"big_image_url":"https://coub-anubis-a.akamaized.net/coub_storage/category/cw_image/f29db91ad17/ceeba69e8fe30eb9c445a/big_1544760906_celeb2.png","small_image_url":"https://coub-anubis-a.akamaized.net/coub_storage/category/cw_image/f29db91ad17/ceeba69e8fe30eb9c445a/small_1544760906_celeb2.png","med_image_url":"https://coub-anubis-a.akamaized.net/coub_storage/category/cw_image/f29db91ad17/ceeba69e8fe30eb9c445a/med_1544760906_celeb2.png","i_subscribed":true,"community_notifications_enabled":null,"description":null}],"recoubs_count":269,"remixes_count":0,"likes_count":1488,"dislikes_count":0,"raw_video_id":13698166,"uploaded_by_ios_app":false,"uploaded_by_android_app":false,"media_blocks":{"uploaded_raw_videos":[],"external_raw_videos":[{"id":31789730,"title":"Amanda cerny dancing to shaky shaky","url":"https://www.youtube.com/watch?v=exOFaHyGjaA","image":"https://coub-anubis-a.akamaized.net/coub_storage/media_block/cw_image/6d0b79eb69e/f4ddb400f5efe85e6b5b6/1557776102_tv7f75_1557776094_xejpms_att-url-download.jpg","image_retina":"https://coub-anubis-a.akamaized.net/coub_storage/media_block/cw_image/6d0b79eb69e/f4ddb400f5efe85e6b5b6/1557776102_tv7f75_1557776094_xejpms_att-url-download.jpg","meta":{"service":"Youtube","duration":"8.72"},"duration":8.72,"raw_video_id":13698166,"has_embed":true}],"remixed_from_coubs":[],"external_video":{"id":31789730,"title":"Amanda cerny dancing to shaky shaky","url":"https://www.youtube.com/watch?v=exOFaHyGjaA","image":"https://coub-anubis-a.akamaized.net/coub_storage/media_block/cw_image/6d0b79eb69e/f4ddb400f5efe85e6b5b6/1557776102_tv7f75_1557776094_xejpms_att-url-download.jpg","image_retina":"https://coub-anubis-a.akamaized.net/coub_storage/media_block/cw_image/6d0b79eb69e/f4ddb400f5efe85e6b5b6/1557776102_tv7f75_1557776094_xejpms_att-url-download.jpg","meta":{"service":"Youtube","duration":"8.72"},"duration":8.72,"raw_video_id":13698166,"has_embed":true}},"raw_video_thumbnail_url":"/missing/missing.png","raw_video_title":"Amanda cerny dancing to shaky shaky","video_block_banned":false,"duration":8.72,"promo_winner":false,"promo_winner_recoubers":null,"editorial_info":{},"promo_hint":null,"beeline_best_2014":null,"from_web_editor":true,"normalize_sound":true,"normalize_change_allowed":true,"best2015_addable":false,"ahmad_promo":null,"promo_data":null,"audio_copyright_claim":null,"ads_disabled":false,"is_safe_for_ads":true,"megafon_contents":[],"position_on_page":4},{"flag":null,"abuses":null,"recoubs_by_users_channels":null,"favourite":false,"promoted_id":null,"recoub":null,"like":null,"dislike":null,"reaction":null,"in_my_best2015":false,"id":122105471,"type":"Coub::Simple","permalink":"20aqae","title":"НЕУДАЧНЫЕ ДУБЛИ: Пора Валить в Грузию!","visibility_type":"public","original_visibility_type":"public","channel_id":3562196,"created_at":"2019-08-28T07:38:18Z","updated_at":"2022-03-17T10:39:47Z","is_done":true,"views_count":94487,"cotd":null,"cotd_at":null,"visible_on_explore_root":false,"visible_on_explore":false,"featured":false,"published":true,"published_at":"2019-08-28T07:38:18Z","reversed":false,"from_editor_v2":true,"is_editable":true,"original_sound":true,"has_sound":true,"recoub_to":null,"file_versions":{"html5":{"video":{"higher":{"url":"https://coub-anubis-a.akamaized.net/coub_storage/coub/simple/cw_file/ef7cdf0cbba/6a1c166358a61a2816d56/muted_mp4_huge_size_1569027580_muted_huge.mp4","size":1431187},"high":{"url":"https://coub-anubis-a.akamaized.net/coub_storage/coub/simple/cw_file/ef7cdf0cbba/6a1c166358a61a2816d56/muted_mp4_big_size_1569027580_muted_big.mp4","size":1022727},"med":{"url":"https://coub-anubis-a.akamaized.net/coub_storage/coub/simple/cw_file/ef7cdf0cbba/6a1c166358a61a2816d56/muted_mp4_med_size_1569027580_muted_med.mp4","size":253321}},"audio":{"high":{"url":"https://coub-anubis-a.akamaized.net/coub_storage/coub/simple/cw_looped_audio_high/12c97063d78/a3f4ecff16e6725b6ec9f/1605687830_high_1566978209_high.mp3","size":907661},"med":{"url":"https://coub-anubis-a.akamaized.net/coub_storage/coub/simple/cw_looped_audio_med/36bd0d80775/b64701017dc31f206f908/1605687829_med_1566978209_med.mp3","size":838952},"sample_duration":8.755}},"mobile":{"video":"https://coub-anubis-a.akamaized.net/coub_storage/coub/simple/cw_file/ef7cdf0cbba/6a1c166358a61a2816d56/muted_mp4_med_size_1569027580_muted_med.mp4","audio":["https://coub-anubis-a.akamaized.net/coub_storage/coub/simple/cw_looped_audio_med/36bd0d80775/b64701017dc31f206f908/1605687829_med_1566978209_med.mp3"]},"share":{"default":"https://coub-anubis-a.akamaized.net/coub_storage/coub/simple/cw_video_for_sharing/f3a660ddef4/952885f4658cb1b0c2a2b/1608833414_looped_1608833414.mp4"}},"audio_versions":{},"image_versions":{"template":"https://coub-anubis-a.akamaized.net/coub_storage/coub/simple/cw_image/81dada7e6b6/88156eebf75f10809ac75/1566978216_00028.jpg","versions":["micro","tiny","age_restricted","ios_large","ios_mosaic","big","med","small","pinterest"]},"first_frame_versions":{"template":"https://coub-anubis-a.akamaized.net/coub_storage/coub/simple/cw_timeline_pic/d0d45c73e1e/922b2537454e8ef7d79e4/%{version}_1566978215_image.jpg","versions":["big","med","small","ios_large"]},"dimensions":{"big":[1280,720],"med":[640,360]},"site_w_h":[640,360],"page_w_h":[640,360],"site_w_h_small":[310,174],"size":[1280,720],"age_restricted":false,"age_restricted_by_admin":false,"not_safe_for_work":false,"allow_reuse":false,"dont_crop":false,"banned":false,"global_safe":false,"audio_file_url":null,"external_download":{"type":"Youtube","service_name":"YouTube","url":"https://www.youtube.com/watch?v=hr-E1OHtVW4","has_embed":true},"application":null,"channel":{"id":3562196,"permalink":"vetrych0","title":"Vetrych","description":null,"followers_count":27,"following_count":27,"avatar_versions":{"template":"https://coub-anubis-a.akamaized.net/coub_storage/channel/cw_avatar/04524ffd3d1/24c829df0775de24d25be/%{version}_1607423743_1vg7mj7_1551872775_cropped.jpeg","versions":["medium","medium_2x","profile_pic","profile_pic_new","profile_pic_new_2x","tiny","tiny_2x","small","small_2x","ios_large","ios_small"]}},"file":null,"picture":"https://coub-anubis-a.akamaized.net/coub_storage/coub/simple/cw_image/81dada7e6b6/88156eebf75f10809ac75/1566978216_00028.jpg","timeline_picture":"https://coub-anubis-a.akamaized.net/coub_storage/coub/simple/cw_timeline_pic/d0d45c73e1e/922b2537454e8ef7d79e4/ios_large_1566978215_image.jpg","small_picture":"https://coub-anubis-a.akamaized.net/coub_storage/coub/simple/cw_image/81dada7e6b6/88156eebf75f10809ac75/1566978216_00028.jpg","sharing_picture":null,"percent_done":100,"tags":[{"id":1082,"title":"руслан","value":"%D1%80%D1%83%D1%81%D0%BB%D0%B0%D0%BD"},{"id":17137,"title":"усачев","value":"%D1%83%D1%81%D0%B0%D1%87%D0%B5%D0%B2"},{"id":5462,"title":"usachevshow","value":"usachevshow"},{"id":38075,"title":"ruslan","value":"ruslan"},{"id":5460,"title":"usachev","value":"usachev"},{"id":38076,"title":"пора валить","value":"%D0%BF%D0%BE%D1%80%D0%B0%20%D0%B2%D0%B0%D0%BB%D0%B8%D1%82%D1%8C"},{"id":38077,"title":"неудачные дубли","value":"%D0%BD%D0%B5%D1%83%D0%B4%D0%B0%D1%87%D0%BD%D1%8B%D0%B5%20%D0%B4%D1%83%D0%B1%D0%BB%D0%B8"},{"id":8214,"title":"кшиштовский","value":"%D0%BA%D1%88%D0%B8%D1%88%D1%82%D0%BE%D0%B2%D1%81%D0%BA%D0%B8%D0%B9"},{"id":23028,"title":"uncut","value":"uncut"},{"id":32830,"title":"грузия","value":"%D0%B3%D1%80%D1%83%D0%B7%D0%B8%D1%8F"},{"id":87604,"title":"тбилиси","value":"%D1%82%D0%B1%D0%B8%D0%BB%D0%B8%D1%81%D0%B8"},{"id":4403792,"title":"пора валить в грузию","value":"%D0%BF%D0%BE%D1%80%D0%B0%20%D0%B2%D0%B0%D0%BB%D0%B8%D1%82%D1%8C%20%D0%B2%20%D0%B3%D1%80%D1%83%D0%B7%D0%B8%D1%8E"},{"id":2787551,"title":"шоу пора валить","value":"%D1%88%D0%BE%D1%83%20%D0%BF%D0%BE%D1%80%D0%B0%20%D0%B2%D0%B0%D0%BB%D0%B8%D1%82%D1%8C"}],"categories":[{"id":39,"title":"Celebrity","permalink":"celebrity","subscriptions_count":10072996,"big_image_url":"https://coub-anubis-a.akamaized.net/coub_storage/category/cw_image/f29db91ad17/ceeba69e8fe30eb9c445a/big_1544760906_celeb2.png","small_image_url":"https://coub-anubis-a.akamaized.net/coub_storage/category/cw_image/f29db91ad17/ceeba69e8fe30eb9c445a/small_1544760906_celeb2.png","med_image_url":"https://coub-anubis-a.akamaized.net/coub_storage/category/cw_image/f29db91ad17/ceeba69e8fe30eb9c445a/med_1544760906_celeb2.png","visible":true}],"communities":[{"id":39,"title":"Celebrity","permalink":"celebrity","subscriptions_count":10072996,"big_image_url":"https://coub-anubis-a.akamaized.net/coub_storage/category/cw_image/f29db91ad17/ceeba69e8fe30eb9c445a/big_1544760906_celeb2.png","small_image_url":"https://coub-anubis-a.akamaized.net/coub_storage/category/cw_image/f29db91ad17/ceeba69e8fe30eb9c445a/small_1544760906_celeb2.png","med_image_url":"https://coub-anubis-a.akamaized.net/coub_storage/category/cw_image/f29db91ad17/ceeba69e8fe30eb9c445a/med_1544760906_celeb2.png","i_subscribed":true,"community_notifications_enabled":null,"description":null}],"recoubs_count":322,"remixes_count":0,"likes_count":1487,"dislikes_count":0,"raw_video_id":14155636,"uploaded_by_ios_app":false,"uploaded_by_android_app":false,"media_blocks":{"uploaded_raw_videos":[],"external_raw_videos":[{"id":33043122,"title":"НЕУДАЧНЫЕ ДУБЛИ: Пора Валить в Грузию!","url":"https://www.youtube.com/watch?v=hr-E1OHtVW4","image":"https://coub-anubis-a.akamaized.net/coub_storage/media_block/cw_image/b1b946520be/2d447612b733b3c8ca410/1566977474_1oa39ql_1566977067_1d6mow_att-url-download.jpg","image_retina":"https://coub-anubis-a.akamaized.net/coub_storage/media_block/cw_image/b1b946520be/2d447612b733b3c8ca410/1566977474_1oa39ql_1566977067_1d6mow_att-url-download.jpg","meta":{"service":"Youtube","duration":"750.56"},"duration":750.56,"raw_video_id":14155636,"has_embed":true}],"remixed_from_coubs":[],"external_video":{"id":33043122,"title":"НЕУДАЧНЫЕ ДУБЛИ: Пора Валить в Грузию!","url":"https://www.youtube.com/watch?v=hr-E1OHtVW4","image":"https://coub-anubis-a.akamaized.net/coub_storage/media_block/cw_image/b1b946520be/2d447612b733b3c8ca410/1566977474_1oa39ql_1566977067_1d6mow_att-url-download.jpg","image_retina":"https://coub-anubis-a.akamaized.net/coub_storage/media_block/cw_image/b1b946520be/2d447612b733b3c8ca410/1566977474_1oa39ql_1566977067_1d6mow_att-url-download.jpg","meta":{"service":"Youtube","duration":"750.56"},"duration":750.56,"raw_video_id":14155636,"has_embed":true}},"raw_video_thumbnail_url":"/missing/missing.png","raw_video_title":"НЕУДАЧНЫЕ ДУБЛИ: Пора Валить в Грузию!","video_block_banned":false,"duration":8.72,"promo_winner":false,"promo_winner_recoubers":null,"editorial_info":{},"promo_hint":null,"beeline_best_2014":null,"from_web_editor":true,"normalize_sound":true,"normalize_change_allowed":true,"best2015_addable":false,"ahmad_promo":null,"promo_data":null,"audio_copyright_claim":null,"ads_disabled":false,"is_safe_for_ads":true,"megafon_contents":[],"position_on_page":5},{"flag":null,"abuses":null,"recoubs_by_users_channels":null,"favourite":false,"promoted_id":null,"recoub":null,"like":null,"dislike":null,"reaction":null,"in_my_best2015":false,"id":173000913,"type":"Coub::Simple","permalink":"2unj8w","title":"WE WE Billy Herrington","visibility_type":"public","original_visibility_type":"public","channel_id":78944,"created_at":"2021-07-30T07:02:21Z","updated_at":"2022-03-17T09:48:23Z","is_done":true,"views_count":123198,"cotd":null,"cotd_at":null,"visible_on_explore_root":false,"visible_on_explore":false,"featured":false,"published":true,"published_at":"2021-07-30T07:02:21Z","reversed":false,"from_editor_v2":true,"is_editable":true,"original_sound":false,"has_sound":false,"recoub_to":null,"file_versions":{"html5":{"video":{"higher":{"url":"https://coub-anubis-a.akamaized.net/coub_storage/coub/simple/cw_file/3e05e086c8f/2312b1181c1ee3a052073/muted_mp4_huge_size_1627628589_muted_huge.mp4","size":4250168},"high":{"url":"https://coub-anubis-a.akamaized.net/coub_storage/coub/simple/cw_file/3e05e086c8f/2312b1181c1ee3a052073/muted_mp4_big_size_1627628589_muted_big.mp4","size":2585680},"med":{"url":"https://coub-anubis-a.akamaized.net/coub_storage/coub/simple/cw_file/3e05e086c8f/2312b1181c1ee3a052073/muted_mp4_med_size_1627628589_muted_med.mp4","size":791466}},"audio":{"high":{"url":"https://coub-anubis-a.akamaized.net/coub_storage/coub/simple/cw_looped_audio_high/7f50a82982d/4c95aef7373d80cf0d2dc/1627628620_mp3-high.mp3","size":3038003},"med":{"url":"https://coub-anubis-a.akamaized.net/coub_storage/coub/simple/cw_looped_audio_med/532869f1f33/9deae5ad017c0c9d70815/1627628618_mp3-med.mp3","size":2394831}}},"mobile":{"video":"https://coub-anubis-a.akamaized.net/coub_storage/coub/simple/cw_file/3e05e086c8f/2312b1181c1ee3a052073/muted_mp4_med_size_1627628589_muted_med.mp4","audio":["https://coub-anubis-a.akamaized.net/coub_storage/coub/simple/cw_looped_audio_med/532869f1f33/9deae5ad017c0c9d70815/1627628618_mp3-med.mp3"]},"share":{"default":"https://coub-anubis-a.akamaized.net/coub_storage/coub/simple/cw_video_for_sharing/633a32fab71/0ad28351132d379811492/1627628659_looped_1627628658.mp4"}},"audio_versions":{"template":"https://coub-anubis-a.akamaized.net/coub_storage/audio_track/cw_normalized_copy/917597c5c7f/13bfcb7fd9a67ac5fd48d/mid_1627628608_normalized_1627628593_bp6p4t_edited.mp3","versions":["mid","low"]},"image_versions":{"template":"https://coub-anubis-a.akamaized.net/coub_storage/coub/simple/cw_image/389b424c036/b8779c81b47f0178fd451/%{version}_1627628626_00032.jpg","versions":["micro","tiny","age_restricted","ios_large","ios_mosaic","big","med","small","pinterest"]},"first_frame_versions":{"template":"https://coub-anubis-a.akamaized.net/coub_storage/coub/simple/cw_timeline_pic/9b0778a14ea/28ec78ba1652365ed16dc/%{version}_1627628625_image.jpg","versions":["big","med","small","ios_large"]},"dimensions":{"big":[1280,960],"med":[640,480]},"site_w_h":[640,480],"page_w_h":[640,480],"site_w_h_small":[310,233],"size":[1280,960],"age_restricted":false,"age_restricted_by_admin":false,"not_safe_for_work":false,"allow_reuse":false,"dont_crop":true,"banned":false,"global_safe":null,"audio_file_url":"https://coub-anubis-a.akamaized.net/coub_storage/audio_track/cw_normalized_copy/917597c5c7f/13bfcb7fd9a67ac5fd48d/low_1627628608_normalized_1627628593_bp6p4t_edited.mp3","external_download":false,"application":null,"channel":{"id":78944,"permalink":"aanderson","title":"Anderson","description":"<3","followers_count":8,"following_count":4,"avatar_versions":{"template":"https://coub-anubis-a.akamaized.net/coub_storage/channel/cw_avatar/91c4b3b2ef6/f4ac72f9d8796ce3669f8/%{version}_1627038377_artworks-000332218998-mjvmaj-t500x500.jpg","versions":["medium","medium_2x","profile_pic","profile_pic_new","profile_pic_new_2x","tiny","tiny_2x","small","small_2x","ios_large","ios_small"]}},"file":null,"picture":"https://coub-anubis-a.akamaized.net/coub_storage/coub/simple/cw_image/389b424c036/b8779c81b47f0178fd451/med_1627628626_00032.jpg","timeline_picture":"https://coub-anubis-a.akamaized.net/coub_storage/coub/simple/cw_timeline_pic/9b0778a14ea/28ec78ba1652365ed16dc/ios_large_1627628625_image.jpg","small_picture":"https://coub-anubis-a.akamaized.net/coub_storage/coub/simple/cw_image/389b424c036/b8779c81b47f0178fd451/ios_mosaic_1627628626_00032.jpg","sharing_picture":null,"percent_done":100,"tags":[{"id":5836787,"title":"we we","value":"we%20we"},{"id":1095524,"title":"gachi","value":"gachi"},{"id":70454,"title":"gachimuchi","value":"gachimuchi"},{"id":35390,"title":"billy herrington","value":"billy%20herrington"}],"categories":[{"id":39,"title":"Celebrity","permalink":"celebrity","subscriptions_count":10072996,"big_image_url":"https://coub-anubis-a.akamaized.net/coub_storage/category/cw_image/f29db91ad17/ceeba69e8fe30eb9c445a/big_1544760906_celeb2.png","small_image_url":"https://coub-anubis-a.akamaized.net/coub_storage/category/cw_image/f29db91ad17/ceeba69e8fe30eb9c445a/small_1544760906_celeb2.png","med_image_url":"https://coub-anubis-a.akamaized.net/coub_storage/category/cw_image/f29db91ad17/ceeba69e8fe30eb9c445a/med_1544760906_celeb2.png","visible":true}],"communities":[{"id":39,"title":"Celebrity","permalink":"celebrity","subscriptions_count":10072996,"big_image_url":"https://coub-anubis-a.akamaized.net/coub_storage/category/cw_image/f29db91ad17/ceeba69e8fe30eb9c445a/big_1544760906_celeb2.png","small_image_url":"https://coub-anubis-a.akamaized.net/coub_storage/category/cw_image/f29db91ad17/ceeba69e8fe30eb9c445a/small_1544760906_celeb2.png","med_image_url":"https://coub-anubis-a.akamaized.net/coub_storage/category/cw_image/f29db91ad17/ceeba69e8fe30eb9c445a/med_1544760906_celeb2.png","i_subscribed":true,"community_notifications_enabled":null,"description":null}],"recoubs_count":307,"remixes_count":1,"likes_count":1484,"dislikes_count":0,"raw_video_id":16648501,"uploaded_by_ios_app":false,"uploaded_by_android_app":false,"media_blocks":{"uploaded_raw_videos":[],"external_raw_videos":[],"remixed_from_coubs":[]},"raw_video_thumbnail_url":"https://coub-anubis-a.akamaized.net/coub_storage/raw_video/cw_image/b95c414b5b9/f0fd61556562010084660/coub_media_1627627911_image.jpg","raw_video_title":"videoplayback__1_.webm","video_block_banned":false,"duration":10.0,"promo_winner":false,"promo_winner_recoubers":null,"editorial_info":{},"promo_hint":null,"beeline_best_2014":null,"from_web_editor":true,"normalize_sound":true,"normalize_change_allowed":true,"best2015_addable":false,"ahmad_promo":null,"promo_data":null,"audio_copyright_claim":null,"ads_disabled":false,"is_safe_for_ads":true,"megafon_contents":[],"position_on_page":6},{"flag":null,"abuses":null,"recoubs_by_users_channels":null,"favourite":false,"promoted_id":null,"recoub":null,"like":null,"dislike":null,"reaction":null,"in_my_best2015":false,"id":167467477,"type":"Coub::Simple","permalink":"2rcxl4","title":"Matrix dodge","visibility_type":"public","original_visibility_type":"public","channel_id":4856854,"created_at":"2021-04-23T10:38:34Z","updated_at":"2022-03-16T16:13:14Z","is_done":true,"views_count":98952,"cotd":null,"cotd_at":null,"visible_on_explore_root":false,"visible_on_explore":false,"featured":false,"published":true,"published_at":"2021-04-23T10:38:34Z","reversed":false,"from_editor_v2":true,"is_editable":true,"original_sound":true,"has_sound":true,"recoub_to":null,"file_versions":{"html5":{"video":{"higher":{"url":"https://coub-anubis-a.akamaized.net/coub_storage/coub/simple/cw_file/5d05efc24ce/1b7fdf24816553409c291/muted_mp4_huge_size_1619174322_muted_huge.mp4","size":1593883},"high":{"url":"https://coub-anubis-a.akamaized.net/coub_storage/coub/simple/cw_file/5d05efc24ce/1b7fdf24816553409c291/muted_mp4_big_size_1619174322_muted_big.mp4","size":1066684},"med":{"url":"https://coub-anubis-a.akamaized.net/coub_storage/coub/simple/cw_file/5d05efc24ce/1b7fdf24816553409c291/muted_mp4_med_size_1619174322_muted_med.mp4","size":325430}},"audio":{"high":{"url":"https://coub-anubis-a.akamaized.net/coub_storage/coub/simple/cw_looped_audio_high/a60cb976c58/a68a4c8a36c57e01fb91c/1619174324_mp3-high.mp3","size":996699},"med":{"url":"https://coub-anubis-a.akamaized.net/coub_storage/coub/simple/cw_looped_audio_med/013182b7784/7be25490f8d4dc117c3cf/1619174323_mp3-med.mp3","size":860974},"sample_duration":9.149}},"mobile":{"video":"https://coub-anubis-a.akamaized.net/coub_storage/coub/simple/cw_file/5d05efc24ce/1b7fdf24816553409c291/muted_mp4_med_size_1619174322_muted_med.mp4","audio":["https://coub-anubis-a.akamaized.net/coub_storage/coub/simple/cw_looped_audio_med/013182b7784/7be25490f8d4dc117c3cf/1619174323_mp3-med.mp3"]},"share":{"default":"https://coub-anubis-a.akamaized.net/coub_storage/coub/simple/cw_video_for_sharing/99e0ed8b4b1/7071c5a366ab838b797e9/1619174348_looped_1619174347.mp4"}},"audio_versions":{},"image_versions":{"template":"https://coub-anubis-a.akamaized.net/coub_storage/coub/simple/cw_image/4ca240296c3/15629b58b09bb8b0f5312/%{version}_1619174328_00029.jpg","versions":["micro","tiny","age_restricted","ios_large","ios_mosaic","big","med","small","pinterest"]},"first_frame_versions":{"template":"https://coub-anubis-a.akamaized.net/coub_storage/coub/simple/cw_timeline_pic/656fbcdd68f/5d82f23375e17798d9087/%{version}_1619174327_image.jpg","versions":["big","med","small","ios_large"]},"dimensions":{"big":[1280,720],"med":[640,360]},"site_w_h":[640,360],"page_w_h":[640,360],"site_w_h_small":[310,174],"size":[1280,720],"age_restricted":false,"age_restricted_by_admin":false,"not_safe_for_work":null,"allow_reuse":false,"dont_crop":true,"banned":false,"global_safe":null,"audio_file_url":null,"external_download":false,"application":null,"channel":{"id":4856854,"permalink":"mmaslap0","title":"mmaslap","description":null,"followers_count":44,"following_count":12,"avatar_versions":{"template":"https://coub-anubis-a.akamaized.net/coub_storage/channel/cw_avatar/807e26bf2f7/1363c0003a5903028a5a9/%{version}_1607421988_129m6z_1538848145_mmaslap.png","versions":["medium","medium_2x","profile_pic","profile_pic_new","profile_pic_new_2x","tiny","tiny_2x","small","small_2x","ios_large","ios_small"]}},"file":null,"picture":"https://coub-anubis-a.akamaized.net/coub_storage/coub/simple/cw_image/4ca240296c3/15629b58b09bb8b0f5312/med_1619174328_00029.jpg","timeline_picture":"https://coub-anubis-a.akamaized.net/coub_storage/coub/simple/cw_timeline_pic/656fbcdd68f/5d82f23375e17798d9087/ios_large_1619174327_image.jpg","small_picture":"https://coub-anubis-a.akamaized.net/coub_storage/coub/simple/cw_image/4ca240296c3/15629b58b09bb8b0f5312/ios_mosaic_1619174328_00029.jpg","sharing_picture":null,"percent_done":100,"tags":[{"id":766,"title":"matrix","value":"matrix"},{"id":32146,"title":"coca cola","value":"coca%20cola"},{"id":14703,"title":"dodge","value":"dodge"},{"id":2767905,"title":"cola challenge","value":"cola%20challenge"},{"id":3577885,"title":"mentos explosion","value":"mentos%20explosion"},{"id":73902,"title":"mentos amd coca-cola","value":"mentos%20amd%20coca-cola"},{"id":57816,"title":"cola","value":"cola"},{"id":3784,"title":"neo","value":"neo"},{"id":1227588,"title":"matrix dodge","value":"matrix%20dodge"},{"id":110649,"title":"sonic boom","value":"sonic%20boom"}],"categories":[{"id":39,"title":"Celebrity","permalink":"celebrity","subscriptions_count":10072996,"big_image_url":"https://coub-anubis-a.akamaized.net/coub_storage/category/cw_image/f29db91ad17/ceeba69e8fe30eb9c445a/big_1544760906_celeb2.png","small_image_url":"https://coub-anubis-a.akamaized.net/coub_storage/category/cw_image/f29db91ad17/ceeba69e8fe30eb9c445a/small_1544760906_celeb2.png","med_image_url":"https://coub-anubis-a.akamaized.net/coub_storage/category/cw_image/f29db91ad17/ceeba69e8fe30eb9c445a/med_1544760906_celeb2.png","visible":true}],"communities":[{"id":39,"title":"Celebrity","permalink":"celebrity","subscriptions_count":10072996,"big_image_url":"https://coub-anubis-a.akamaized.net/coub_storage/category/cw_image/f29db91ad17/ceeba69e8fe30eb9c445a/big_1544760906_celeb2.png","small_image_url":"https://coub-anubis-a.akamaized.net/coub_storage/category/cw_image/f29db91ad17/ceeba69e8fe30eb9c445a/small_1544760906_celeb2.png","med_image_url":"https://coub-anubis-a.akamaized.net/coub_storage/category/cw_image/f29db91ad17/ceeba69e8fe30eb9c445a/med_1544760906_celeb2.png","i_subscribed":true,"community_notifications_enabled":null,"description":null}],"recoubs_count":258,"remixes_count":0,"likes_count":1483,"dislikes_count":0,"raw_video_id":16378603,"uploaded_by_ios_app":false,"uploaded_by_android_app":false,"media_blocks":{"uploaded_raw_videos":[],"external_raw_videos":[],"remixed_from_coubs":[]},"raw_video_thumbnail_url":"https://coub-anubis-a.akamaized.net/coub_storage/raw_video/cw_image/d2342073c63/f7c32973aafd992913241/coub_media_1619174056_image.jpg","raw_video_title":"Matrix_Woow.mp4","video_block_banned":false,"duration":9.16,"promo_winner":false,"promo_winner_recoubers":null,"editorial_info":{},"promo_hint":null,"beeline_best_2014":null,"from_web_editor":true,"normalize_sound":true,"normalize_change_allowed":true,"best2015_addable":false,"ahmad_promo":null,"promo_data":null,"audio_copyright_claim":null,"ads_disabled":null,"is_safe_for_ads":true,"megafon_contents":[],"position_on_page":7},{"flag":null,"abuses":null,"recoubs_by_users_channels":null,"favourite":false,"promoted_id":null,"recoub":null,"like":null,"dislike":null,"reaction":null,"in_my_best2015":false,"id":107893479,"type":"Coub::Simple","permalink":"1rtwfz","title":"Размышления","visibility_type":"public","original_visibility_type":"public","channel_id":5430061,"created_at":"2019-04-06T07:50:36Z","updated_at":"2022-03-16T20:51:19Z","is_done":true,"views_count":72160,"cotd":null,"cotd_at":null,"visible_on_explore_root":false,"visible_on_explore":false,"featured":false,"published":true,"published_at":"2019-04-06T07:50:36Z","reversed":false,"from_editor_v2":true,"is_editable":true,"original_sound":false,"has_sound":false,"recoub_to":null,"file_versions":{"html5":{"video":{"higher":{"url":"https://coub-anubis-a.akamaized.net/coub_storage/coub/simple/cw_file/99396784fce/75e049a565217a35b6d94/muted_mp4_huge_size_1576089263_muted_huge.mp4","size":1080521},"high":{"url":"https://coub-anubis-a.akamaized.net/coub_storage/coub/simple/cw_file/99396784fce/75e049a565217a35b6d94/muted_mp4_big_size_1576089263_muted_big.mp4","size":807777},"med":{"url":"https://coub-anubis-a.akamaized.net/coub_storage/coub/simple/cw_file/99396784fce/75e049a565217a35b6d94/muted_mp4_med_size_1576089263_muted_med.mp4","size":198554}},"audio":{"high":{"url":"https://coub-anubis-a.akamaized.net/coub_storage/coub/simple/cw_looped_audio_high/68842e3ff60/254d7b4807fb3962e9489/1605682252_high_1554537063_high.mp3","size":1289563},"med":{"url":"https://coub-anubis-a.akamaized.net/coub_storage/coub/simple/cw_looped_audio_med/50f084299d5/9d5fba0082e273d070dbb/1605682252_med_1554537063_med.mp3","size":1137233}}},"mobile":{"video":"https://coub-anubis-a.akamaized.net/coub_storage/coub/simple/cw_file/99396784fce/75e049a565217a35b6d94/muted_mp4_med_size_1576089263_muted_med.mp4","audio":["https://coub-anubis-a.akamaized.net/coub_storage/coub/simple/cw_looped_audio_med/50f084299d5/9d5fba0082e273d070dbb/1605682252_med_1554537063_med.mp3"]},"share":{"default":"https://coub-anubis-a.akamaized.net/coub_storage/coub/simple/cw_video_for_sharing/175ae1c817c/9f6d8da6dd011f1a6091b/1647463879_looped_1647463877.mp4"}},"audio_versions":{"template":"https://coub-anubis-a.akamaized.net/coub_storage/audio_track/cw_normalized_copy/5c53a722597/829fd06fb38418c668bd6/mid_1554537056_normalized_1554536055_audio.mp3","versions":["mid","low"]},"image_versions":{"template":"https://coub-anubis-a.akamaized.net/coub_storage/coub/simple/cw_image/b9f11928105/5c05007fd7d8ff447b0e2/1554537072_00032.jpg","versions":["micro","tiny","age_restricted","ios_large","ios_mosaic","big","med","small","pinterest"]},"first_frame_versions":{"template":"https://coub-anubis-a.akamaized.net/coub_storage/coub/simple/cw_timeline_pic/dbb56c68b82/dc36c4b37b03a20f40b95/%{version}_1554537072_image.jpg","versions":["big","med","small","ios_large"]},"dimensions":{"big":[1280,720],"med":[640,360]},"site_w_h":[640,360],"page_w_h":[640,360],"site_w_h_small":[310,174],"size":[1280,720],"age_restricted":false,"age_restricted_by_admin":false,"not_safe_for_work":false,"allow_reuse":false,"dont_crop":false,"banned":false,"global_safe":false,"audio_file_url":"https://coub-anubis-a.akamaized.net/coub_storage/audio_track/cw_normalized_copy/5c53a722597/829fd06fb38418c668bd6/low_1554537056_normalized_1554536055_audio.mp3","external_download":false,"application":null,"channel":{"id":5430061,"permalink":"pmg00000","title":"PMG","description":null,"followers_count":32,"following_count":0,"avatar_versions":{"template":"https://coub-anubis-a.akamaized.net/coub_storage/channel/cw_avatar/c34f9d7b0d2/6b11a9bfaf69f83786a3a/%{version}_1607424212_1vt80nz_1553878861_veJb3pF.png","versions":["medium","medium_2x","profile_pic","profile_pic_new","profile_pic_new_2x","tiny","tiny_2x","small","small_2x","ios_large","ios_small"]}},"file":null,"picture":"https://coub-anubis-a.akamaized.net/coub_storage/coub/simple/cw_image/b9f11928105/5c05007fd7d8ff447b0e2/1554537072_00032.jpg","timeline_picture":"https://coub-anubis-a.akamaized.net/coub_storage/coub/simple/cw_timeline_pic/dbb56c68b82/dc36c4b37b03a20f40b95/ios_large_1554537072_image.jpg","small_picture":"https://coub-anubis-a.akamaized.net/coub_storage/coub/simple/cw_image/b9f11928105/5c05007fd7d8ff447b0e2/1554537072_00032.jpg","sharing_picture":null,"percent_done":100,"tags":[{"id":507298,"title":"дудь","value":"%D0%B4%D1%83%D0%B4%D1%8C"},{"id":2772537,"title":"вдудь","value":"%D0%B2%D0%B4%D1%83%D0%B4%D1%8C"},{"id":3206796,"title":"дудь интервью","value":"%D0%B4%D1%83%D0%B4%D1%8C%20%D0%B8%D0%BD%D1%82%D0%B5%D1%80%D0%B2%D1%8C%D1%8E"},{"id":4832383,"title":"васьянов","value":"%D0%B2%D0%B0%D1%81%D1%8C%D1%8F%D0%BD%D0%BE%D0%B2"},{"id":142198,"title":"размышления","value":"%D1%80%D0%B0%D0%B7%D0%BC%D1%8B%D1%88%D0%BB%D0%B5%D0%BD%D0%B8%D1%8F"},{"id":4572733,"title":"размышления о жизни","value":"%D1%80%D0%B0%D0%B7%D0%BC%D1%8B%D1%88%D0%BB%D0%B5%D0%BD%D0%B8%D1%8F%20%D0%BE%20%D0%B6%D0%B8%D0%B7%D0%BD%D0%B8"},{"id":3143953,"title":"вдудь новый гость","value":"%D0%B2%D0%B4%D1%83%D0%B4%D1%8C%20%D0%BD%D0%BE%D0%B2%D1%8B%D0%B9%20%D0%B3%D0%BE%D1%81%D1%82%D1%8C"},{"id":3177930,"title":"умные слова","value":"%D1%83%D0%BC%D0%BD%D1%8B%D0%B5%20%D1%81%D0%BB%D0%BE%D0%B2%D0%B0"},{"id":251087,"title":"размышление","value":"%D1%80%D0%B0%D0%B7%D0%BC%D1%8B%D1%88%D0%BB%D0%B5%D0%BD%D0%B8%D0%B5"},{"id":2729630,"title":"юрий дудь","value":"%D1%8E%D1%80%D0%B8%D0%B9%20%D0%B4%D1%83%D0%B4%D1%8C"},{"id":1265,"title":"россия","value":"%D1%80%D0%BE%D1%81%D1%81%D0%B8%D1%8F"},{"id":3143,"title":"америка","value":"%D0%B0%D0%BC%D0%B5%D1%80%D0%B8%D0%BA%D0%B0"},{"id":1800122,"title":"американцы о россии","value":"%D0%B0%D0%BC%D0%B5%D1%80%D0%B8%D0%BA%D0%B0%D0%BD%D1%86%D1%8B%20%D0%BE%20%D1%80%D0%BE%D1%81%D1%81%D0%B8%D0%B8"},{"id":20674,"title":"американцы о русских","value":"%D0%B0%D0%BC%D0%B5%D1%80%D0%B8%D0%BA%D0%B0%D0%BD%D1%86%D1%8B%20%D0%BE%20%D1%80%D1%83%D1%81%D1%81%D0%BA%D0%B8%D1%85"}],"categories":[{"id":39,"title":"Celebrity","permalink":"celebrity","subscriptions_count":10072996,"big_image_url":"https://coub-anubis-a.akamaized.net/coub_storage/category/cw_image/f29db91ad17/ceeba69e8fe30eb9c445a/big_1544760906_celeb2.png","small_image_url":"https://coub-anubis-a.akamaized.net/coub_storage/category/cw_image/f29db91ad17/ceeba69e8fe30eb9c445a/small_1544760906_celeb2.png","med_image_url":"https://coub-anubis-a.akamaized.net/coub_storage/category/cw_image/f29db91ad17/ceeba69e8fe30eb9c445a/med_1544760906_celeb2.png","visible":true}],"communities":[{"id":39,"title":"Celebrity","permalink":"celebrity","subscriptions_count":10072996,"big_image_url":"https://coub-anubis-a.akamaized.net/coub_storage/category/cw_image/f29db91ad17/ceeba69e8fe30eb9c445a/big_1544760906_celeb2.png","small_image_url":"https://coub-anubis-a.akamaized.net/coub_storage/category/cw_image/f29db91ad17/ceeba69e8fe30eb9c445a/small_1544760906_celeb2.png","med_image_url":"https://coub-anubis-a.akamaized.net/coub_storage/category/cw_image/f29db91ad17/ceeba69e8fe30eb9c445a/med_1544760906_celeb2.png","i_subscribed":true,"community_notifications_enabled":null,"description":null}],"recoubs_count":298,"remixes_count":0,"likes_count":1483,"dislikes_count":0,"raw_video_id":13499686,"uploaded_by_ios_app":false,"uploaded_by_android_app":false,"media_blocks":{"uploaded_raw_videos":[],"external_raw_videos":[],"remixed_from_coubs":[]},"raw_video_thumbnail_url":"/missing/missing.png","raw_video_title":"________________-_________________________________-______.mp4","video_block_banned":false,"duration":10.0,"promo_winner":false,"promo_winner_recoubers":null,"editorial_info":{},"promo_hint":null,"beeline_best_2014":null,"from_web_editor":true,"normalize_sound":true,"normalize_change_allowed":true,"best2015_addable":false,"ahmad_promo":null,"promo_data":null,"audio_copyright_claim":null,"ads_disabled":false,"is_safe_for_ads":true,"megafon_contents":[],"position_on_page":8},{"flag":null,"abuses":null,"recoubs_by_users_channels":null,"favourite":false,"promoted_id":null,"recoub":null,"like":null,"dislike":null,"reaction":null,"in_my_best2015":false,"id":136515495,"type":"Coub::Simple","permalink":"28xayn","title":"Добрый человек!","visibility_type":"public","original_visibility_type":"public","channel_id":7459641,"created_at":"2020-02-08T06:20:02Z","updated_at":"2022-03-16T05:46:00Z","is_done":true,"views_count":187150,"cotd":null,"cotd_at":null,"visible_on_explore_root":false,"visible_on_explore":false,"featured":false,"published":true,"published_at":"2020-02-08T06:20:02Z","reversed":false,"from_editor_v2":true,"is_editable":true,"original_sound":true,"has_sound":true,"recoub_to":null,"file_versions":{"html5":{"video":{"higher":{"url":"https://coub-anubis-a.akamaized.net/coub_storage/coub/simple/cw_file/ed1f07c1893/7d6843bea9a41732c4015/muted_mp4_huge_size_1581142820_muted_huge.mp4","size":5471625},"high":{"url":"https://coub-anubis-a.akamaized.net/coub_storage/coub/simple/cw_file/ed1f07c1893/7d6843bea9a41732c4015/muted_mp4_big_size_1581142820_muted_big.mp4","size":3857911},"med":{"url":"https://coub-anubis-a.akamaized.net/coub_storage/coub/simple/cw_file/ed1f07c1893/7d6843bea9a41732c4015/muted_mp4_med_size_1581142820_muted_med.mp4","size":1319965}},"audio":{"high":{"url":"https://coub-anubis-a.akamaized.net/coub_storage/coub/simple/cw_looped_audio_high/d8fcb4eb358/dd07b1b566e5dc63ce272/1605706784_high_1581142820_high.mp3","size":1004959},"med":{"url":"https://coub-anubis-a.akamaized.net/coub_storage/coub/simple/cw_looped_audio_med/9a92e0d6210/1fbb8dbfc551414ca7906/1605706784_med_1581142820_med.mp3","size":853599},"sample_duration":7.639}},"mobile":{"video":"https://coub-anubis-a.akamaized.net/coub_storage/coub/simple/cw_file/ed1f07c1893/7d6843bea9a41732c4015/muted_mp4_med_size_1581142820_muted_med.mp4","audio":["https://coub-anubis-a.akamaized.net/coub_storage/coub/simple/cw_looped_audio_med/9a92e0d6210/1fbb8dbfc551414ca7906/1605706784_med_1581142820_med.mp3"]},"share":{"default":"https://coub-anubis-a.akamaized.net/coub_storage/coub/simple/cw_video_for_sharing/dea912d4822/6e44d0c4c31cdef644c2d/1612110530_looped_1612110529.mp4"}},"audio_versions":{},"image_versions":{"template":"https://coub-anubis-a.akamaized.net/coub_storage/coub/simple/cw_image/2cfb41d605b/dd0d2ba98fa258bec129e/1581142828_00024.jpg","versions":["micro","tiny","age_restricted","ios_large","ios_mosaic","big","med","small","pinterest"]},"first_frame_versions":{"template":"https://coub-anubis-a.akamaized.net/coub_storage/coub/simple/cw_timeline_pic/3a3bb6fece0/f6ed348f715da579852d7/%{version}_1581142827_image.jpg","versions":["big","med","small","ios_large"]},"dimensions":{"big":[1280,960],"med":[640,480]},"site_w_h":[640,480],"page_w_h":[640,480],"site_w_h_small":[310,233],"size":[1280,960],"age_restricted":false,"age_restricted_by_admin":false,"not_safe_for_work":false,"allow_reuse":false,"dont_crop":false,"banned":false,"global_safe":false,"audio_file_url":null,"external_download":{"type":"Youtube","service_name":"YouTube","url":"https://youtu.be/TIFBf3BO01M","has_embed":true},"application":null,"channel":{"id":7459641,"permalink":"fed.sumkin","title":"fedor_sumkin","description":null,"followers_count":51,"following_count":27,"avatar_versions":{"template":"https://coub-anubis-a.akamaized.net/coub_storage/channel/cw_avatar/16a508127c8/7a4e2dccf4efc526a727c/%{version}_1607422992_l0uudz_1575668837_12405317.jpg","versions":["medium","medium_2x","profile_pic","profile_pic_new","profile_pic_new_2x","tiny","tiny_2x","small","small_2x","ios_large","ios_small"]}},"file":null,"picture":"https://coub-anubis-a.akamaized.net/coub_storage/coub/simple/cw_image/2cfb41d605b/dd0d2ba98fa258bec129e/1581142828_00024.jpg","timeline_picture":"https://coub-anubis-a.akamaized.net/coub_storage/coub/simple/cw_timeline_pic/3a3bb6fece0/f6ed348f715da579852d7/ios_large_1581142827_image.jpg","small_picture":"https://coub-anubis-a.akamaized.net/coub_storage/coub/simple/cw_image/2cfb41d605b/dd0d2ba98fa258bec129e/1581142828_00024.jpg","sharing_picture":null,"percent_done":100,"tags":[],"categories":[{"id":39,"title":"Celebrity","permalink":"celebrity","subscriptions_count":10072996,"big_image_url":"https://coub-anubis-a.akamaized.net/coub_storage/category/cw_image/f29db91ad17/ceeba69e8fe30eb9c445a/big_1544760906_celeb2.png","small_image_url":"https://coub-anubis-a.akamaized.net/coub_storage/category/cw_image/f29db91ad17/ceeba69e8fe30eb9c445a/small_1544760906_celeb2.png","med_image_url":"https://coub-anubis-a.akamaized.net/coub_storage/category/cw_image/f29db91ad17/ceeba69e8fe30eb9c445a/med_1544760906_celeb2.png","visible":true}],"communities":[{"id":39,"title":"Celebrity","permalink":"celebrity","subscriptions_count":10072996,"big_image_url":"https://coub-anubis-a.akamaized.net/coub_storage/category/cw_image/f29db91ad17/ceeba69e8fe30eb9c445a/big_1544760906_celeb2.png","small_image_url":"https://coub-anubis-a.akamaized.net/coub_storage/category/cw_image/f29db91ad17/ceeba69e8fe30eb9c445a/small_1544760906_celeb2.png","med_image_url":"https://coub-anubis-a.akamaized.net/coub_storage/category/cw_image/f29db91ad17/ceeba69e8fe30eb9c445a/med_1544760906_celeb2.png","i_subscribed":true,"community_notifications_enabled":null,"description":null}],"recoubs_count":312,"remixes_count":0,"likes_count":1482,"dislikes_count":0,"raw_video_id":14790576,"uploaded_by_ios_app":false,"uploaded_by_android_app":false,"media_blocks":{"uploaded_raw_videos":[],"external_raw_videos":[{"id":34715981,"title":"ГВИДОН ВИШНЕВСКИЙ \"ПРО ДЕТСТВО\"","url":"https://www.youtube.com/watch?v=TIFBf3BO01M","image":"https://coub-anubis-a.akamaized.net/coub_storage/media_block/cw_image/cb8860d42d3/c255e227e8d344c4329d1/1581060100_34fqwi_1581060087_168a008_att-url-download.jpg","image_retina":"https://coub-anubis-a.akamaized.net/coub_storage/media_block/cw_image/cb8860d42d3/c255e227e8d344c4329d1/1581060100_34fqwi_1581060087_168a008_att-url-download.jpg","meta":{"service":"Youtube","duration":"70.8"},"duration":70.8,"raw_video_id":14790576,"has_embed":true}],"remixed_from_coubs":[],"external_video":{"id":34715981,"title":"ГВИДОН ВИШНЕВСКИЙ \"ПРО ДЕТСТВО\"","url":"https://www.youtube.com/watch?v=TIFBf3BO01M","image":"https://coub-anubis-a.akamaized.net/coub_storage/media_block/cw_image/cb8860d42d3/c255e227e8d344c4329d1/1581060100_34fqwi_1581060087_168a008_att-url-download.jpg","image_retina":"https://coub-anubis-a.akamaized.net/coub_storage/media_block/cw_image/cb8860d42d3/c255e227e8d344c4329d1/1581060100_34fqwi_1581060087_168a008_att-url-download.jpg","meta":{"service":"Youtube","duration":"70.8"},"duration":70.8,"raw_video_id":14790576,"has_embed":true}},"raw_video_thumbnail_url":"/missing/missing.png","raw_video_title":"ГВИДОН ВИШНЕВСКИЙ \"ПРО ДЕТСТВО\"","video_block_banned":false,"duration":7.64,"promo_winner":false,"promo_winner_recoubers":null,"editorial_info":{},"promo_hint":null,"beeline_best_2014":null,"from_web_editor":true,"normalize_sound":true,"normalize_change_allowed":true,"best2015_addable":false,"ahmad_promo":null,"promo_data":null,"audio_copyright_claim":null,"ads_disabled":false,"is_safe_for_ads":true,"megafon_contents":[],"position_on_page":9},{"flag":null,"abuses":null,"recoubs_by_users_channels":null,"favourite":false,"promoted_id":null,"recoub":null,"like":null,"dislike":null,"reaction":null,"in_my_best2015":false,"id":135529665,"type":"Coub::Simple","permalink":"28c6a4","title":"Sydney Sweeney","visibility_type":"public","original_visibility_type":"public","channel_id":379774,"created_at":"2020-01-27T15:21:58Z","updated_at":"2022-03-07T12:17:53Z","is_done":true,"views_count":159127,"cotd":null,"cotd_at":null,"visible_on_explore_root":false,"visible_on_explore":false,"featured":false,"published":true,"published_at":"2020-01-27T15:21:58Z","reversed":false,"from_editor_v2":true,"is_editable":true,"original_sound":false,"has_sound":false,"recoub_to":null,"file_versions":{"html5":{"video":{"higher":{"url":"https://coub-anubis-a.akamaized.net/coub_storage/coub/simple/cw_file/1e60401ee5b/2c524f653e0aa639c62b0/muted_mp4_huge_size_1580138525_muted_huge.mp4","size":1715053},"high":{"url":"https://coub-anubis-a.akamaized.net/coub_storage/coub/simple/cw_file/1e60401ee5b/2c524f653e0aa639c62b0/muted_mp4_big_size_1580138525_muted_big.mp4","size":1174336},"med":{"url":"https://coub-anubis-a.akamaized.net/coub_storage/coub/simple/cw_file/1e60401ee5b/2c524f653e0aa639c62b0/muted_mp4_med_size_1580138525_muted_med.mp4","size":357853}},"audio":{"high":{"url":"https://coub-anubis-a.akamaized.net/coub_storage/coub/simple/cw_looped_audio_high/d5f7f16bde0/219e498e8cbbc6b47e3a7/1605705643_high_1580138570_high.mp3","size":3669563},"med":{"url":"https://coub-anubis-a.akamaized.net/coub_storage/coub/simple/cw_looped_audio_med/5b7bd573093/23d9133b5b7a5e5dd7b02/1605705643_med_1580138570_med.mp3","size":2921502}}},"mobile":{"video":"https://coub-anubis-a.akamaized.net/coub_storage/coub/simple/cw_file/1e60401ee5b/2c524f653e0aa639c62b0/muted_mp4_med_size_1580138525_muted_med.mp4","audio":["https://coub-anubis-a.akamaized.net/coub_storage/coub/simple/cw_looped_audio_med/5b7bd573093/23d9133b5b7a5e5dd7b02/1605705643_med_1580138570_med.mp3"]},"share":{"default":"https://coub-anubis-a.akamaized.net/coub_storage/coub/simple/cw_video_for_sharing/20e161d09c0/522389211b94781048aff/1609065488_looped_1609065487.mp4"}},"audio_versions":{"template":"https://coub-anubis-a.akamaized.net/coub_storage/audio_track/cw_normalized_copy/47f23f34419/c6c1363dc56982fab0915/mid_1580138556_normalized_1580138530_umzfl_edited.mp3","versions":["mid","low"]},"image_versions":{"template":"https://coub-anubis-a.akamaized.net/coub_storage/coub/simple/cw_image/f762ecf940d/ddf354c9c162990853954/1580138587_00023.jpg","versions":["micro","tiny","age_restricted","ios_large","ios_mosaic","big","med","small","pinterest"]},"first_frame_versions":{"template":"https://coub-anubis-a.akamaized.net/coub_storage/coub/simple/cw_timeline_pic/ef7cc328e68/0e2a7bea07aa1f581df47/%{version}_1580138587_image.jpg","versions":["big","med","small","ios_large"]},"dimensions":{"big":[538,960],"med":[268,480]},"site_w_h":[224,400],"page_w_h":[400,714],"site_w_h_small":[310,553],"size":[538,960],"age_restricted":false,"age_restricted_by_admin":false,"not_safe_for_work":false,"allow_reuse":false,"dont_crop":false,"banned":false,"global_safe":true,"audio_file_url":"https://coub-anubis-a.akamaized.net/coub_storage/audio_track/cw_normalized_copy/47f23f34419/c6c1363dc56982fab0915/low_1580138556_normalized_1580138530_umzfl_edited.mp3","external_download":false,"application":null,"channel":{"id":379774,"permalink":"erika-botty","title":"erika botty","description":null,"followers_count":132,"following_count":10,"avatar_versions":{"template":"https://coubsecureassets-a.akamaihd.net/assets/default-avatars/219-90591706700206a03eb441e813e4054d39a4df832b5da5204025c2367318a6f1.png"}},"file":null,"picture":"https://coub-anubis-a.akamaized.net/coub_storage/coub/simple/cw_image/f762ecf940d/ddf354c9c162990853954/1580138587_00023.jpg","timeline_picture":"https://coub-anubis-a.akamaized.net/coub_storage/coub/simple/cw_timeline_pic/ef7cc328e68/0e2a7bea07aa1f581df47/ios_large_1580138587_image.jpg","small_picture":"https://coub-anubis-a.akamaized.net/coub_storage/coub/simple/cw_image/f762ecf940d/ddf354c9c162990853954/1580138587_00023.jpg","sharing_picture":null,"percent_done":100,"tags":[{"id":493,"title":"tom ford","value":"tom%20ford"},{"id":101161,"title":"no panties","value":"no%20panties"},{"id":23712,"title":"euphoria","value":"euphoria"},{"id":4088013,"title":"once upon a time in hollywood","value":"once%20upon%20a%20time%20in%20hollywood"},{"id":3710690,"title":"sydney sweeney","value":"sydney%20sweeney"}],"categories":[{"id":39,"title":"Celebrity","permalink":"celebrity","subscriptions_count":10072996,"big_image_url":"https://coub-anubis-a.akamaized.net/coub_storage/category/cw_image/f29db91ad17/ceeba69e8fe30eb9c445a/big_1544760906_celeb2.png","small_image_url":"https://coub-anubis-a.akamaized.net/coub_storage/category/cw_image/f29db91ad17/ceeba69e8fe30eb9c445a/small_1544760906_celeb2.png","med_image_url":"https://coub-anubis-a.akamaized.net/coub_storage/category/cw_image/f29db91ad17/ceeba69e8fe30eb9c445a/med_1544760906_celeb2.png","visible":true}],"communities":[{"id":39,"title":"Celebrity","permalink":"celebrity","subscriptions_count":10072996,"big_image_url":"https://coub-anubis-a.akamaized.net/coub_storage/category/cw_image/f29db91ad17/ceeba69e8fe30eb9c445a/big_1544760906_celeb2.png","small_image_url":"https://coub-anubis-a.akamaized.net/coub_storage/category/cw_image/f29db91ad17/ceeba69e8fe30eb9c445a/small_1544760906_celeb2.png","med_image_url":"https://coub-anubis-a.akamaized.net/coub_storage/category/cw_image/f29db91ad17/ceeba69e8fe30eb9c445a/med_1544760906_celeb2.png","i_subscribed":true,"community_notifications_enabled":null,"description":null}],"recoubs_count":239,"remixes_count":0,"likes_count":1482,"dislikes_count":0,"raw_video_id":14750536,"uploaded_by_ios_app":false,"uploaded_by_android_app":false,"media_blocks":{"uploaded_raw_videos":[],"external_raw_videos":[],"remixed_from_coubs":[]},"raw_video_thumbnail_url":"/missing/missing.png","raw_video_title":"75252163_1508662579299927_7167233682111127251_n.mp4","video_block_banned":false,"duration":7.32,"promo_winner":false,"promo_winner_recoubers":null,"editorial_info":{},"promo_hint":null,"beeline_best_2014":null,"from_web_editor":true,"normalize_sound":true,"normalize_change_allowed":true,"best2015_addable":false,"ahmad_promo":null,"promo_data":null,"audio_copyright_claim":null,"ads_disabled":false,"is_safe_for_ads":true,"megafon_contents":[],"position_on_page":10}]}