{"page":286,"per_page":10,"total_pages":500,"coubs":[{"flag":null,"abuses":null,"recoubs_by_users_channels":null,"favourite":false,"promoted_id":null,"recoub":null,"like":null,"dislike":null,"reaction":null,"in_my_best2015":false,"id":92233118,"type":"Coub::Simple","permalink":"1ii8qp","title":"БЕСПЛАТНО","visibility_type":"public","original_visibility_type":"public","channel_id":3664118,"created_at":"2018-11-23T17:12:00Z","updated_at":"2022-03-01T17:45:13Z","is_done":true,"views_count":75013,"cotd":null,"cotd_at":null,"visible_on_explore_root":false,"visible_on_explore":false,"featured":false,"published":true,"published_at":"2018-11-23T17:12:00Z","reversed":false,"from_editor_v2":true,"is_editable":true,"original_sound":true,"has_sound":true,"recoub_to":null,"file_versions":{"html5":{"video":{"higher":{"url":"https://coub-anubis-a.akamaized.net/coub_storage/coub/simple/cw_file/36f8af3c833/b70fd2161a7874390eb12/muted_mp4_huge_size_1641468509_muted_huge.mp4","size":1989843},"high":{"url":"https://coub-anubis-a.akamaized.net/coub_storage/coub/simple/cw_file/36f8af3c833/b70fd2161a7874390eb12/muted_mp4_big_size_1641468509_muted_big.mp4","size":1223297},"med":{"url":"https://coub-anubis-a.akamaized.net/coub_storage/coub/simple/cw_file/36f8af3c833/b70fd2161a7874390eb12/muted_mp4_med_size_1641468509_muted_med.mp4","size":404654}},"audio":{"high":{"url":"https://coub-anubis-a.akamaized.net/coub_storage/coub/simple/cw_looped_audio_high/4b7dd4d3871/92122d674e9a2ef7f4ec2/1605657609_high_1542993155_high.mp3","size":844610},"med":{"url":"https://coub-anubis-a.akamaized.net/coub_storage/coub/simple/cw_looped_audio_med/fdf3551ea78/630364237397f88d26326/1605657609_med_1542993155_med.mp3","size":798296},"sample_duration":10.009}},"mobile":{"video":"https://coub-anubis-a.akamaized.net/coub_storage/coub/simple/cw_file/36f8af3c833/b70fd2161a7874390eb12/muted_mp4_med_size_1641468509_muted_med.mp4","audio":["https://coub-anubis-a.akamaized.net/coub_storage/coub/simple/cw_looped_audio_med/fdf3551ea78/630364237397f88d26326/1605657609_med_1542993155_med.mp3"]},"share":{"default":"https://coub-anubis-a.akamaized.net/coub_storage/coub/simple/cw_video_for_sharing/32032cea24e/efa8e3bafdd9e18cbb5ca/1641468534_looped_1641468533.mp4"}},"audio_versions":{},"image_versions":{"template":"https://coub-anubis-a.akamaized.net/coub_storage/coub/simple/cw_image/816b3068bfa/64ac150e2eca0114f05f0/1542993164_00032.jpg","versions":["micro","tiny","age_restricted","ios_large","ios_mosaic","big","med","small","pinterest"]},"first_frame_versions":{"template":"https://coub-anubis-a.akamaized.net/coub_storage/coub/simple/cw_timeline_pic/5c9dcf7f651/b7df328cbe8884b281641/%{version}_1542993164_image.jpg","versions":["big","med","small","ios_large"]},"dimensions":{"big":[1280,722],"med":[640,360]},"site_w_h":[640,361],"page_w_h":[640,361],"site_w_h_small":[310,175],"size":[1280,722],"age_restricted":false,"age_restricted_by_admin":false,"not_safe_for_work":false,"allow_reuse":false,"dont_crop":false,"banned":false,"global_safe":false,"audio_file_url":null,"external_download":false,"application":null,"channel":{"id":3664118,"permalink":"pozitron","title":"Pozitron","description":null,"followers_count":131,"following_count":3,"avatar_versions":{"template":"https://coub-anubis-a.akamaized.net/coub_storage/channel/cw_avatar/cdef085cfd7/82eb63f95b9d843ed5c3a/%{version}_1608083504_17rs6z6_1547485279_image.jpg","versions":["medium","medium_2x","profile_pic","profile_pic_new","profile_pic_new_2x","tiny","tiny_2x","small","small_2x","ios_large","ios_small"]}},"file":null,"picture":"https://coub-anubis-a.akamaized.net/coub_storage/coub/simple/cw_image/816b3068bfa/64ac150e2eca0114f05f0/1542993164_00032.jpg","timeline_picture":"https://coub-anubis-a.akamaized.net/coub_storage/coub/simple/cw_timeline_pic/5c9dcf7f651/b7df328cbe8884b281641/ios_large_1542993164_image.jpg","small_picture":"https://coub-anubis-a.akamaized.net/coub_storage/coub/simple/cw_image/816b3068bfa/64ac150e2eca0114f05f0/1542993164_00032.jpg","sharing_picture":null,"percent_done":100,"tags":[{"id":3530103,"title":"зашкварные истории","value":"%D0%B7%D0%B0%D1%88%D0%BA%D0%B2%D0%B0%D1%80%D0%BD%D1%8B%D0%B5%20%D0%B8%D1%81%D1%82%D0%BE%D1%80%D0%B8%D0%B8"},{"id":98417,"title":"поперечный","value":"%D0%BF%D0%BE%D0%BF%D0%B5%D1%80%D0%B5%D1%87%D0%BD%D1%8B%D0%B9"},{"id":11966,"title":"stand-up","value":"stand-up"},{"id":1485,"title":"comedy","value":"comedy"},{"id":381087,"title":"данила поперечный","value":"%D0%B4%D0%B0%D0%BD%D0%B8%D0%BB%D0%B0%20%D0%BF%D0%BE%D0%BF%D0%B5%D1%80%D0%B5%D1%87%D0%BD%D1%8B%D0%B9"},{"id":1002673,"title":"2сезон","value":"2%D1%81%D0%B5%D0%B7%D0%BE%D0%BD"}],"categories":[{"id":39,"title":"Celebrity","permalink":"celebrity","subscriptions_count":10072996,"big_image_url":"https://coub-anubis-a.akamaized.net/coub_storage/category/cw_image/f29db91ad17/ceeba69e8fe30eb9c445a/big_1544760906_celeb2.png","small_image_url":"https://coub-anubis-a.akamaized.net/coub_storage/category/cw_image/f29db91ad17/ceeba69e8fe30eb9c445a/small_1544760906_celeb2.png","med_image_url":"https://coub-anubis-a.akamaized.net/coub_storage/category/cw_image/f29db91ad17/ceeba69e8fe30eb9c445a/med_1544760906_celeb2.png","visible":true}],"communities":[{"id":39,"title":"Celebrity","permalink":"celebrity","subscriptions_count":10072996,"big_image_url":"https://coub-anubis-a.akamaized.net/coub_storage/category/cw_image/f29db91ad17/ceeba69e8fe30eb9c445a/big_1544760906_celeb2.png","small_image_url":"https://coub-anubis-a.akamaized.net/coub_storage/category/cw_image/f29db91ad17/ceeba69e8fe30eb9c445a/small_1544760906_celeb2.png","med_image_url":"https://coub-anubis-a.akamaized.net/coub_storage/category/cw_image/f29db91ad17/ceeba69e8fe30eb9c445a/med_1544760906_celeb2.png","i_subscribed":true,"community_notifications_enabled":null,"description":null}],"recoubs_count":147,"remixes_count":0,"likes_count":817,"dislikes_count":0,"raw_video_id":12748061,"uploaded_by_ios_app":false,"uploaded_by_android_app":false,"media_blocks":{"uploaded_raw_videos":[],"external_raw_videos":[],"remixed_from_coubs":[]},"raw_video_thumbnail_url":"/missing/missing.png","raw_video_title":"Desktop_11.23.2018_-_20.54.19.02.mp4","video_block_banned":false,"duration":10.0,"promo_winner":false,"promo_winner_recoubers":null,"editorial_info":{},"promo_hint":null,"beeline_best_2014":null,"from_web_editor":true,"normalize_sound":true,"normalize_change_allowed":true,"best2015_addable":false,"ahmad_promo":null,"promo_data":null,"audio_copyright_claim":null,"ads_disabled":false,"is_safe_for_ads":true,"megafon_contents":[],"position_on_page":1},{"flag":null,"abuses":null,"recoubs_by_users_channels":null,"favourite":false,"promoted_id":null,"recoub":null,"like":null,"dislike":null,"reaction":null,"in_my_best2015":false,"id":18157293,"type":"Coub::Simple","permalink":"ad0yp","title":"Cumberbacca","visibility_type":"public","original_visibility_type":"public","channel_id":1094238,"created_at":"2016-01-15T22:07:43Z","updated_at":"2022-03-02T03:27:28Z","is_done":true,"views_count":62011,"cotd":null,"cotd_at":null,"visible_on_explore_root":false,"visible_on_explore":false,"featured":false,"published":true,"published_at":"2016-01-15T22:07:43Z","reversed":false,"from_editor_v2":true,"is_editable":true,"original_sound":true,"has_sound":true,"recoub_to":null,"file_versions":{"html5":{"video":{"higher":{"url":"https://coub-anubis-a.akamaized.net/coub_storage/coub/simple/cw_file/2ed8a18b1d6/801bf179886c20029b082/muted_mp4_huge_size_1567839213_muted_huge.mp4","size":1353216},"high":{"url":"https://coub-anubis-a.akamaized.net/coub_storage/coub/simple/cw_file/2ed8a18b1d6/801bf179886c20029b082/muted_mp4_big_size_1567839213_muted_big.mp4","size":1047331},"med":{"url":"https://coub-anubis-a.akamaized.net/coub_storage/coub/simple/cw_file/2ed8a18b1d6/801bf179886c20029b082/muted_mp4_med_size_1567839213_muted_med.mp4","size":294070}},"audio":{"high":{"url":"https://coub-anubis-a.akamaized.net/coub_storage/coub/simple/cw_looped_audio_high/e0c8180684d/bbf10c4082f8877eec675/1605470089_high_1470863744_high.mp3","size":1377943},"med":{"url":"https://coub-anubis-a.akamaized.net/coub_storage/coub/simple/cw_looped_audio_med/c73e5fcb334/5e8f8bd1a46d8d20ebb72/1605470089_med_1470863744_med.mp3","size":983327},"sample_duration":4.413}},"mobile":{"video":"https://coub-anubis-a.akamaized.net/coub_storage/coub/simple/cw_file/2ed8a18b1d6/801bf179886c20029b082/muted_mp4_med_size_1567839213_muted_med.mp4","audio":["https://coub-anubis-a.akamaized.net/coub_storage/coub/simple/cw_looped_audio_med/c73e5fcb334/5e8f8bd1a46d8d20ebb72/1605470089_med_1470863744_med.mp3"]},"share":{"default":"https://coub-anubis-a.akamaized.net/coub_storage/coub/simple/cw_video_for_sharing/eb7fea2f73a/acd111947bf50adf16869/1608930320_looped_1608930319.mp4"}},"audio_versions":{},"image_versions":{"template":"https://coub-anubis-a.akamaized.net/coub_storage/coub/simple/cw_image/7fabe2bc7cc/8b1d84a69ba08c252e18a/1473931200_00014.jpg","versions":["micro","tiny","age_restricted","ios_large","ios_mosaic","big","med","small","pinterest"]},"first_frame_versions":{"template":"https://coub-anubis-a.akamaized.net/coub_storage/coub/simple/cw_timeline_pic/7c8b9960664/8b653f9f70761a95de3ed/1473931212_image.jpg","versions":["big","med","small","ios_large"]},"dimensions":{"big":[1280,720],"med":[640,360]},"site_w_h":[640,360],"page_w_h":[640,360],"site_w_h_small":[310,174],"size":[1280,720],"age_restricted":false,"age_restricted_by_admin":false,"not_safe_for_work":false,"allow_reuse":false,"dont_crop":false,"banned":false,"global_safe":true,"audio_file_url":null,"external_download":{"type":"Youtube","service_name":"YouTube","url":"http://www.youtube.com/watch?v=OuMQYFDAPyc","has_embed":true},"application":null,"channel":{"id":1094238,"permalink":"valery-korneev","title":"Valery Korneev","description":null,"followers_count":56,"following_count":29,"avatar_versions":{"template":"https://coub-anubis-a.akamaized.net/coub_storage/channel/cw_avatar/51c49df0931/0daa510acc72b63f97a65/%{version}_1609502873_owpl62_1474669496_1tafmsa_att-url-download.jpg","versions":["medium","medium_2x","profile_pic","profile_pic_new","profile_pic_new_2x","tiny","tiny_2x","small","small_2x","ios_large","ios_small"]}},"file":null,"picture":"https://coub-anubis-a.akamaized.net/coub_storage/coub/simple/cw_image/7fabe2bc7cc/8b1d84a69ba08c252e18a/1473931200_00014.jpg","timeline_picture":"https://coub-anubis-a.akamaized.net/coub_storage/coub/simple/cw_timeline_pic/7c8b9960664/8b653f9f70761a95de3ed/1473931212_image.jpg","small_picture":"https://coub-anubis-a.akamaized.net/coub_storage/coub/simple/cw_image/7fabe2bc7cc/8b1d84a69ba08c252e18a/1473931200_00014.jpg","sharing_picture":null,"percent_done":100,"tags":[],"categories":[{"id":39,"title":"Celebrity","permalink":"celebrity","subscriptions_count":10072996,"big_image_url":"https://coub-anubis-a.akamaized.net/coub_storage/category/cw_image/f29db91ad17/ceeba69e8fe30eb9c445a/big_1544760906_celeb2.png","small_image_url":"https://coub-anubis-a.akamaized.net/coub_storage/category/cw_image/f29db91ad17/ceeba69e8fe30eb9c445a/small_1544760906_celeb2.png","med_image_url":"https://coub-anubis-a.akamaized.net/coub_storage/category/cw_image/f29db91ad17/ceeba69e8fe30eb9c445a/med_1544760906_celeb2.png","visible":true}],"communities":[{"id":39,"title":"Celebrity","permalink":"celebrity","subscriptions_count":10072996,"big_image_url":"https://coub-anubis-a.akamaized.net/coub_storage/category/cw_image/f29db91ad17/ceeba69e8fe30eb9c445a/big_1544760906_celeb2.png","small_image_url":"https://coub-anubis-a.akamaized.net/coub_storage/category/cw_image/f29db91ad17/ceeba69e8fe30eb9c445a/small_1544760906_celeb2.png","med_image_url":"https://coub-anubis-a.akamaized.net/coub_storage/category/cw_image/f29db91ad17/ceeba69e8fe30eb9c445a/med_1544760906_celeb2.png","i_subscribed":true,"community_notifications_enabled":null,"description":null}],"recoubs_count":147,"remixes_count":0,"likes_count":817,"dislikes_count":0,"raw_video_id":2022685,"uploaded_by_ios_app":false,"uploaded_by_android_app":false,"media_blocks":{"uploaded_raw_videos":[],"external_raw_videos":[{"id":12292960,"title":"BENEDICT CUMBERBATCH does Chewbacca Impression - The Graham Norton Show BBC AMERICA","url":"http://www.youtube.com/watch?v=OuMQYFDAPyc","image":"https://coub-anubis-a.akamaized.net/coub_storage/media_block/cw_image/07a57894f74/f1046ad4684c5753a32a1/1492554522_1451678194_tzw643_att-url-download.jpg","image_retina":"https://coub-anubis-a.akamaized.net/coub_storage/media_block/cw_image/07a57894f74/f1046ad4684c5753a32a1/1492554522_1451678194_tzw643_att-url-download.jpg","meta":{"service":"Youtube","duration":"84.8"},"duration":84.8,"raw_video_id":2022685,"has_embed":true}],"remixed_from_coubs":[],"external_video":{"id":12292960,"title":"BENEDICT CUMBERBATCH does Chewbacca Impression - The Graham Norton Show BBC AMERICA","url":"http://www.youtube.com/watch?v=OuMQYFDAPyc","image":"https://coub-anubis-a.akamaized.net/coub_storage/media_block/cw_image/07a57894f74/f1046ad4684c5753a32a1/1492554522_1451678194_tzw643_att-url-download.jpg","image_retina":"https://coub-anubis-a.akamaized.net/coub_storage/media_block/cw_image/07a57894f74/f1046ad4684c5753a32a1/1492554522_1451678194_tzw643_att-url-download.jpg","meta":{"service":"Youtube","duration":"84.8"},"duration":84.8,"raw_video_id":2022685,"has_embed":true}},"raw_video_thumbnail_url":"/missing/missing.png","raw_video_title":"BENEDICT CUMBERBATCH does Chewbacca Impression - The Graham Norton Show BBC AMERICA","video_block_banned":false,"duration":4.4,"promo_winner":false,"promo_winner_recoubers":null,"editorial_info":{},"promo_hint":null,"beeline_best_2014":null,"from_web_editor":true,"normalize_sound":true,"normalize_change_allowed":true,"best2015_addable":false,"ahmad_promo":null,"promo_data":null,"audio_copyright_claim":null,"ads_disabled":null,"is_safe_for_ads":true,"megafon_contents":[],"position_on_page":2},{"flag":null,"abuses":null,"recoubs_by_users_channels":null,"favourite":false,"promoted_id":null,"recoub":null,"like":null,"dislike":null,"reaction":null,"in_my_best2015":false,"id":177973209,"type":"Coub::Simple","permalink":"2xm3x6","title":"Шон Лок - про хэллоуин (45 секунд)","visibility_type":"public","original_visibility_type":"public","channel_id":3990036,"created_at":"2021-11-01T20:38:56Z","updated_at":"2022-03-12T21:58:33Z","is_done":true,"views_count":75730,"cotd":null,"cotd_at":null,"visible_on_explore_root":false,"visible_on_explore":false,"featured":false,"published":true,"published_at":"2021-11-01T20:38:56Z","reversed":false,"from_editor_v2":true,"is_editable":true,"original_sound":false,"has_sound":false,"recoub_to":null,"file_versions":{"html5":{"video":{"higher":{"url":"https://coub-anubis-a.akamaized.net/coub_storage/coub/simple/cw_file/66d753502bb/30d989745c74835dab582/muted_mp4_huge_size_1635799350_muted_huge.mp4","size":1628078},"high":{"url":"https://coub-anubis-a.akamaized.net/coub_storage/coub/simple/cw_file/66d753502bb/30d989745c74835dab582/muted_mp4_big_size_1635799350_muted_big.mp4","size":1104931},"med":{"url":"https://coub-anubis-a.akamaized.net/coub_storage/coub/simple/cw_file/66d753502bb/30d989745c74835dab582/muted_mp4_med_size_1635799350_muted_med.mp4","size":287784}},"audio":{"high":{"url":"https://coub-anubis-a.akamaized.net/coub_storage/coub/simple/cw_looped_audio_high/ad4e434fd47/8a83720f6e711b7532193/1635799361_mp3-high.mp3","size":951556},"med":{"url":"https://coub-anubis-a.akamaized.net/coub_storage/coub/simple/cw_looped_audio_med/c7d1cac7cc3/1ff1e96dfd3bcc21336aa/1635799360_mp3-med.mp3","size":733715}}},"mobile":{"video":"https://coub-anubis-a.akamaized.net/coub_storage/coub/simple/cw_file/66d753502bb/30d989745c74835dab582/muted_mp4_med_size_1635799350_muted_med.mp4","audio":["https://coub-anubis-a.akamaized.net/coub_storage/coub/simple/cw_looped_audio_med/c7d1cac7cc3/1ff1e96dfd3bcc21336aa/1635799360_mp3-med.mp3"]},"share":{"default":"https://coub-anubis-a.akamaized.net/coub_storage/coub/simple/cw_video_for_sharing/5fe403469bc/5817ff62471b0d9924802/1635799384_looped_1635799383.mp4"}},"audio_versions":{"template":"https://coub-anubis-a.akamaized.net/coub_storage/audio_track/cw_normalized_copy/98e3b3002ef/a3f39d688c45410a40537/mid_1635799357_normalized_1635799352_werkrp_edited.mp3","versions":["mid","low"]},"image_versions":{"template":"https://coub-anubis-a.akamaized.net/coub_storage/coub/simple/cw_image/253ac11aee4/559fda40f4c59c384240a/%{version}_1635799364_00032.jpg","versions":["micro","tiny","age_restricted","ios_large","ios_mosaic","big","med","small","pinterest"]},"first_frame_versions":{"template":"https://coub-anubis-a.akamaized.net/coub_storage/coub/simple/cw_timeline_pic/bb244b98041/07f7190ca4189695fc729/%{version}_1635799364_image.jpg","versions":["big","med","small","ios_large"]},"dimensions":{"big":[1280,720],"med":[640,360]},"site_w_h":[640,360],"page_w_h":[640,360],"site_w_h_small":[310,174],"size":[1280,720],"age_restricted":false,"age_restricted_by_admin":false,"not_safe_for_work":false,"allow_reuse":false,"dont_crop":true,"banned":false,"global_safe":null,"audio_file_url":"https://coub-anubis-a.akamaized.net/coub_storage/audio_track/cw_normalized_copy/98e3b3002ef/a3f39d688c45410a40537/low_1635799357_normalized_1635799352_werkrp_edited.mp3","external_download":{"type":"Youtube","service_name":"YouTube","url":"https://www.youtube.com/watch?v=csN2BwZNyE0&ab_channel=StudioRumble","has_embed":true},"application":null,"channel":{"id":3990036,"permalink":"afk19587","title":"AFK","description":null,"followers_count":22,"following_count":12,"avatar_versions":{"template":"https://coub-anubis-a.akamaized.net/coub_storage/channel/cw_avatar/0c5cf0d12ff/0272482fd900bb4cc7e48/%{version}_1608871426_qwg651_1515317064_a7ffdf9227a8f4ceee3b1f21cab6d12af71c08ae_full.jpg","versions":["medium","medium_2x","profile_pic","profile_pic_new","profile_pic_new_2x","tiny","tiny_2x","small","small_2x","ios_large","ios_small"]}},"file":null,"picture":"https://coub-anubis-a.akamaized.net/coub_storage/coub/simple/cw_image/253ac11aee4/559fda40f4c59c384240a/med_1635799364_00032.jpg","timeline_picture":"https://coub-anubis-a.akamaized.net/coub_storage/coub/simple/cw_timeline_pic/bb244b98041/07f7190ca4189695fc729/ios_large_1635799364_image.jpg","small_picture":"https://coub-anubis-a.akamaized.net/coub_storage/coub/simple/cw_image/253ac11aee4/559fda40f4c59c384240a/ios_mosaic_1635799364_00032.jpg","sharing_picture":null,"percent_done":100,"tags":[{"id":1437,"title":"юмор","value":"%D1%8E%D0%BC%D0%BE%D1%80"},{"id":48517,"title":"комик","value":"%D0%BA%D0%BE%D0%BC%D0%B8%D0%BA"},{"id":6505088,"title":"шон лок","value":"%D1%88%D0%BE%D0%BD%20%D0%BB%D0%BE%D0%BA"},{"id":1426,"title":"ржака","value":"%D1%80%D0%B6%D0%B0%D0%BA%D0%B0"},{"id":1264,"title":"смех","value":"%D1%81%D0%BC%D0%B5%D1%85"},{"id":882,"title":"прикол","value":"%D0%BF%D1%80%D0%B8%D0%BA%D0%BE%D0%BB"},{"id":1177536,"title":"озвучка рамбл","value":"%D0%BE%D0%B7%D0%B2%D1%83%D1%87%D0%BA%D0%B0%20%D1%80%D0%B0%D0%BC%D0%B1%D0%BB"},{"id":1177537,"title":"озвучка rumble","value":"%D0%BE%D0%B7%D0%B2%D1%83%D1%87%D0%BA%D0%B0%20rumble"},{"id":127704,"title":"джимми карр","value":"%D0%B4%D0%B6%D0%B8%D0%BC%D0%BC%D0%B8%20%D0%BA%D0%B0%D1%80%D1%80"},{"id":59270,"title":"хэллоуин","value":"%D1%85%D1%8D%D0%BB%D0%BB%D0%BE%D1%83%D0%B8%D0%BD"}],"categories":[{"id":39,"title":"Celebrity","permalink":"celebrity","subscriptions_count":10072996,"big_image_url":"https://coub-anubis-a.akamaized.net/coub_storage/category/cw_image/f29db91ad17/ceeba69e8fe30eb9c445a/big_1544760906_celeb2.png","small_image_url":"https://coub-anubis-a.akamaized.net/coub_storage/category/cw_image/f29db91ad17/ceeba69e8fe30eb9c445a/small_1544760906_celeb2.png","med_image_url":"https://coub-anubis-a.akamaized.net/coub_storage/category/cw_image/f29db91ad17/ceeba69e8fe30eb9c445a/med_1544760906_celeb2.png","visible":true}],"communities":[{"id":39,"title":"Celebrity","permalink":"celebrity","subscriptions_count":10072996,"big_image_url":"https://coub-anubis-a.akamaized.net/coub_storage/category/cw_image/f29db91ad17/ceeba69e8fe30eb9c445a/big_1544760906_celeb2.png","small_image_url":"https://coub-anubis-a.akamaized.net/coub_storage/category/cw_image/f29db91ad17/ceeba69e8fe30eb9c445a/small_1544760906_celeb2.png","med_image_url":"https://coub-anubis-a.akamaized.net/coub_storage/category/cw_image/f29db91ad17/ceeba69e8fe30eb9c445a/med_1544760906_celeb2.png","i_subscribed":true,"community_notifications_enabled":null,"description":null}],"recoubs_count":179,"remixes_count":0,"likes_count":816,"dislikes_count":0,"raw_video_id":16793455,"uploaded_by_ios_app":false,"uploaded_by_android_app":false,"media_blocks":{"uploaded_raw_videos":[],"external_raw_videos":[{"id":39728378,"title":"Шон Лок - Подборка эпизодов из телешоу (Озвучка Rumble)","url":"https://www.youtube.com/watch?v=csN2BwZNyE0","image":"https://coub-anubis-a.akamaized.net/coub_storage/media_block/cw_image/c8997853c7d/0355fba3d5c116e2fe0af/video_1632504434_12hdj7_1632504188_xg9775_att-url-download.jpg","image_retina":"https://coub-anubis-a.akamaized.net/coub_storage/media_block/cw_image/c8997853c7d/0355fba3d5c116e2fe0af/video_retina_1632504434_12hdj7_1632504188_xg9775_att-url-download.jpg","meta":{"service":"Youtube","duration":"1161.36"},"duration":1161.36,"raw_video_id":16793455,"has_embed":true}],"remixed_from_coubs":[],"external_video":{"id":39728378,"title":"Шон Лок - Подборка эпизодов из телешоу (Озвучка Rumble)","url":"https://www.youtube.com/watch?v=csN2BwZNyE0","image":"https://coub-anubis-a.akamaized.net/coub_storage/media_block/cw_image/c8997853c7d/0355fba3d5c116e2fe0af/video_1632504434_12hdj7_1632504188_xg9775_att-url-download.jpg","image_retina":"https://coub-anubis-a.akamaized.net/coub_storage/media_block/cw_image/c8997853c7d/0355fba3d5c116e2fe0af/video_retina_1632504434_12hdj7_1632504188_xg9775_att-url-download.jpg","meta":{"service":"Youtube","duration":"1161.36"},"duration":1161.36,"raw_video_id":16793455,"has_embed":true}},"raw_video_thumbnail_url":"https://coub-anubis-a.akamaized.net/coub_storage/raw_video/cw_image/7a52fe0a904/2b87049b2426f9753bb6b/coub_media_1632504198_1632504188_xg9775_att-url-download.jpg","raw_video_title":"Шон Лок - Подборка эпизодов из телешоу (Озвучка Rumble)","video_block_banned":false,"duration":10.0,"promo_winner":false,"promo_winner_recoubers":null,"editorial_info":{},"promo_hint":null,"beeline_best_2014":null,"from_web_editor":true,"normalize_sound":true,"normalize_change_allowed":true,"best2015_addable":false,"ahmad_promo":null,"promo_data":null,"audio_copyright_claim":null,"ads_disabled":false,"is_safe_for_ads":true,"megafon_contents":[],"position_on_page":3},{"flag":null,"abuses":null,"recoubs_by_users_channels":null,"favourite":false,"promoted_id":null,"recoub":null,"like":null,"dislike":null,"reaction":null,"in_my_best2015":false,"id":149766773,"type":"Coub::Simple","permalink":"2gtjii","title":"Woman","visibility_type":"public","original_visibility_type":"public","channel_id":5116149,"created_at":"2020-07-17T09:36:03Z","updated_at":"2022-03-12T16:43:24Z","is_done":true,"views_count":97994,"cotd":null,"cotd_at":null,"visible_on_explore_root":true,"visible_on_explore":true,"featured":true,"published":true,"published_at":"2021-03-08T03:00:00Z","reversed":false,"from_editor_v2":true,"is_editable":true,"original_sound":false,"has_sound":false,"recoub_to":null,"file_versions":{"html5":{"video":{"higher":{"url":"https://coub-anubis-a.akamaized.net/coub_storage/coub/simple/cw_file/0175cdb122f/250095acdeb626101a3c5/muted_mp4_huge_size_1594979694_muted_huge.mp4","size":2183749},"high":{"url":"https://coub-anubis-a.akamaized.net/coub_storage/coub/simple/cw_file/0175cdb122f/250095acdeb626101a3c5/muted_mp4_big_size_1594979694_muted_big.mp4","size":1443541},"med":{"url":"https://coub-anubis-a.akamaized.net/coub_storage/coub/simple/cw_file/0175cdb122f/250095acdeb626101a3c5/muted_mp4_med_size_1594979694_muted_med.mp4","size":421188}},"audio":{"high":{"url":"https://coub-anubis-a.akamaized.net/coub_storage/coub/simple/cw_looped_audio_high/6f58e293add/38460c35078bfc1c99147/1605680132_high_1594979726_high.mp3","size":4284816},"med":{"url":"https://coub-anubis-a.akamaized.net/coub_storage/coub/simple/cw_looped_audio_med/58242ded349/544062ca05c0f623c30c6/1605680131_med_1594979726_med.mp3","size":3147203}}},"mobile":{"video":"https://coub-anubis-a.akamaized.net/coub_storage/coub/simple/cw_file/0175cdb122f/250095acdeb626101a3c5/muted_mp4_med_size_1594979694_muted_med.mp4","audio":["https://coub-anubis-a.akamaized.net/coub_storage/coub/simple/cw_looped_audio_med/58242ded349/544062ca05c0f623c30c6/1605680131_med_1594979726_med.mp3"]},"share":{"default":"https://coub-anubis-a.akamaized.net/coub_storage/coub/simple/cw_video_for_sharing/39e089c5b90/3b93f65b6c080c4d24c8a/1615172705_looped_1615172703.mp4"}},"audio_versions":{"template":"https://coub-anubis-a.akamaized.net/coub_storage/audio_track/cw_file/b0f420c4651/49f934ebe2f49aa338cc8/mid_1594979699_90rpt7_edited.mp3","versions":["mid","low"]},"image_versions":{"template":"https://coub-anubis-a.akamaized.net/coub_storage/coub/simple/cw_image/1a3d3eaaa74/f88343a44ed1c8938dd01/1594979743_00032.jpg","versions":["micro","tiny","age_restricted","ios_large","ios_mosaic","big","med","small","pinterest"]},"first_frame_versions":{"template":"https://coub-anubis-a.akamaized.net/coub_storage/coub/simple/cw_timeline_pic/36e80870bcd/93fb7c6a941920834e5b5/1594979742_image.jpg","versions":["big","med","small","ios_large"]},"dimensions":{"big":[1280,720],"med":[640,360]},"site_w_h":[640,360],"page_w_h":[640,360],"site_w_h_small":[310,174],"size":[1280,720],"age_restricted":false,"age_restricted_by_admin":false,"not_safe_for_work":false,"allow_reuse":false,"dont_crop":true,"banned":false,"global_safe":true,"audio_file_url":"https://coub-anubis-a.akamaized.net/coub_storage/audio_track/cw_file/b0f420c4651/49f934ebe2f49aa338cc8/low_1594979699_90rpt7_edited.mp3","external_download":false,"application":null,"channel":{"id":5116149,"permalink":"nika.viktoriya","title":"ℕ𝕚𝕜𝕒 ℙ𝕠𝕡","description":null,"followers_count":8651,"following_count":364,"avatar_versions":{"template":"https://coub-anubis-a.akamaized.net/coub_storage/channel/cw_avatar/30ab1081a1f/efef63fa4680f41932bd3/%{version}_1641746846_image__1_.png","versions":["medium","medium_2x","profile_pic","profile_pic_new","profile_pic_new_2x","tiny","tiny_2x","small","small_2x","ios_large","ios_small"]}},"file":null,"picture":"https://coub-anubis-a.akamaized.net/coub_storage/coub/simple/cw_image/1a3d3eaaa74/f88343a44ed1c8938dd01/1594979743_00032.jpg","timeline_picture":"https://coub-anubis-a.akamaized.net/coub_storage/coub/simple/cw_timeline_pic/36e80870bcd/93fb7c6a941920834e5b5/1594979742_image.jpg","small_picture":"https://coub-anubis-a.akamaized.net/coub_storage/coub/simple/cw_image/1a3d3eaaa74/f88343a44ed1c8938dd01/1594979743_00032.jpg","sharing_picture":null,"percent_done":100,"tags":[{"id":13853,"title":"margot robbie","value":"margot%20robbie"},{"id":72091,"title":"angelina jolie","value":"angelina%20jolie"},{"id":134728,"title":"audrey hepburn","value":"audrey%20hepburn"},{"id":307102,"title":"grace kelly","value":"grace%20kelly"},{"id":50211,"title":"marilyn monroe","value":"marilyn%20monroe"},{"id":111387,"title":"gal gadot","value":"gal%20gadot"},{"id":4217032,"title":"dasiy ridley","value":"dasiy%20ridley"},{"id":1172312,"title":"super woman","value":"super%20woman"},{"id":7538,"title":"scarlett johansson","value":"scarlett%20johansson"},{"id":82536,"title":"elle fanning","value":"elle%20fanning"},{"id":607663,"title":"lily james","value":"lily%20james"},{"id":15477,"title":"celebrity","value":"celebrity"},{"id":154,"title":"movie","value":"movie"}],"categories":[{"id":39,"title":"Celebrity","permalink":"celebrity","subscriptions_count":10072996,"big_image_url":"https://coub-anubis-a.akamaized.net/coub_storage/category/cw_image/f29db91ad17/ceeba69e8fe30eb9c445a/big_1544760906_celeb2.png","small_image_url":"https://coub-anubis-a.akamaized.net/coub_storage/category/cw_image/f29db91ad17/ceeba69e8fe30eb9c445a/small_1544760906_celeb2.png","med_image_url":"https://coub-anubis-a.akamaized.net/coub_storage/category/cw_image/f29db91ad17/ceeba69e8fe30eb9c445a/med_1544760906_celeb2.png","visible":true}],"communities":[{"id":39,"title":"Celebrity","permalink":"celebrity","subscriptions_count":10072996,"big_image_url":"https://coub-anubis-a.akamaized.net/coub_storage/category/cw_image/f29db91ad17/ceeba69e8fe30eb9c445a/big_1544760906_celeb2.png","small_image_url":"https://coub-anubis-a.akamaized.net/coub_storage/category/cw_image/f29db91ad17/ceeba69e8fe30eb9c445a/small_1544760906_celeb2.png","med_image_url":"https://coub-anubis-a.akamaized.net/coub_storage/category/cw_image/f29db91ad17/ceeba69e8fe30eb9c445a/med_1544760906_celeb2.png","i_subscribed":true,"community_notifications_enabled":null,"description":null}],"recoubs_count":124,"remixes_count":0,"likes_count":816,"dislikes_count":0,"raw_video_id":15465650,"uploaded_by_ios_app":false,"uploaded_by_android_app":false,"media_blocks":{"uploaded_raw_videos":[],"external_raw_videos":[],"remixed_from_coubs":[]},"raw_video_thumbnail_url":"/missing/missing.png","raw_video_title":"super_woman.mp4","video_block_banned":false,"duration":9.96,"promo_winner":false,"promo_winner_recoubers":null,"editorial_info":{},"promo_hint":null,"beeline_best_2014":null,"from_web_editor":true,"normalize_sound":false,"normalize_change_allowed":true,"best2015_addable":false,"ahmad_promo":null,"promo_data":null,"audio_copyright_claim":null,"ads_disabled":false,"is_safe_for_ads":true,"megafon_contents":[],"position_on_page":4},{"flag":null,"abuses":null,"recoubs_by_users_channels":null,"favourite":false,"promoted_id":null,"recoub":null,"like":null,"dislike":null,"reaction":null,"in_my_best2015":false,"id":169106268,"type":"Coub::Simple","permalink":"2sc23e","title":"🍷 пятницо 🍷","visibility_type":"public","original_visibility_type":"public","channel_id":1888315,"created_at":"2021-05-21T07:57:03Z","updated_at":"2022-03-10T07:57:28Z","is_done":true,"views_count":74023,"cotd":null,"cotd_at":null,"visible_on_explore_root":false,"visible_on_explore":false,"featured":false,"published":true,"published_at":"2021-05-21T07:57:03Z","reversed":false,"from_editor_v2":true,"is_editable":true,"original_sound":false,"has_sound":false,"recoub_to":null,"file_versions":{"html5":{"video":{"higher":{"url":"https://coub-anubis-a.akamaized.net/coub_storage/coub/simple/cw_file/a4c04b9ea1b/569c06f1d6b651c36e9d9/muted_mp4_huge_size_1621583831_muted_huge.mp4","size":5117832},"high":{"url":"https://coub-anubis-a.akamaized.net/coub_storage/coub/simple/cw_file/a4c04b9ea1b/569c06f1d6b651c36e9d9/muted_mp4_big_size_1621583831_muted_big.mp4","size":3403574},"med":{"url":"https://coub-anubis-a.akamaized.net/coub_storage/coub/simple/cw_file/a4c04b9ea1b/569c06f1d6b651c36e9d9/muted_mp4_med_size_1621583831_muted_med.mp4","size":1383895}},"audio":{"high":{"url":"https://coub-anubis-a.akamaized.net/coub_storage/coub/simple/cw_looped_audio_high/4fec2019296/f08a396886f435827bd08/1621583836_mp3-high.mp3","size":1051325},"med":{"url":"https://coub-anubis-a.akamaized.net/coub_storage/coub/simple/cw_looped_audio_med/b0435db6ae9/fe311a09a007d6e29a5a7/1621583835_mp3-med.mp3","size":920702}}},"mobile":{"video":"https://coub-anubis-a.akamaized.net/coub_storage/coub/simple/cw_file/a4c04b9ea1b/569c06f1d6b651c36e9d9/muted_mp4_med_size_1621583831_muted_med.mp4","audio":["https://coub-anubis-a.akamaized.net/coub_storage/coub/simple/cw_looped_audio_med/b0435db6ae9/fe311a09a007d6e29a5a7/1621583835_mp3-med.mp3"]},"share":{"default":"https://coub-anubis-a.akamaized.net/coub_storage/coub/simple/cw_video_for_sharing/bcb5a9fd36e/4952bc9d1344a58c70ba1/1621583896_looped_1621583893.mp4"}},"audio_versions":{"template":"https://coub-anubis-a.akamaized.net/coub_storage/audio_track/cw_normalized_copy/5dc265dd1df/248c0a2ca4b7872ebfc42/mid_1621583833_normalized_1621583832_q2yxej_edited.mp3","versions":["mid","low"]},"image_versions":{"template":"https://coub-anubis-a.akamaized.net/coub_storage/coub/simple/cw_image/2d0aa235759/d3c7f9e7847473273e3e4/%{version}_1621583844_00031.jpg","versions":["micro","tiny","age_restricted","ios_large","ios_mosaic","big","med","small","pinterest"]},"first_frame_versions":{"template":"https://coub-anubis-a.akamaized.net/coub_storage/coub/simple/cw_timeline_pic/9c7e41589d5/6c04936eecd7f61e58e6c/%{version}_1621583844_image.jpg","versions":["big","med","small","ios_large"]},"dimensions":{"big":[768,960],"med":[384,480]},"site_w_h":[320,400],"page_w_h":[400,500],"site_w_h_small":[310,388],"size":[768,960],"age_restricted":false,"age_restricted_by_admin":false,"not_safe_for_work":false,"allow_reuse":false,"dont_crop":true,"banned":false,"global_safe":null,"audio_file_url":"https://coub-anubis-a.akamaized.net/coub_storage/audio_track/cw_normalized_copy/5dc265dd1df/248c0a2ca4b7872ebfc42/low_1621583833_normalized_1621583832_q2yxej_edited.mp3","external_download":false,"application":null,"channel":{"id":1888315,"permalink":"tsamada.ncux","title":"Tsamada ncux","description":null,"followers_count":14,"following_count":4,"avatar_versions":{"template":"https://coub-anubis-a.akamaized.net/coub_storage/channel/cw_avatar/aa04d6e07d5/4660a17bf0886fca741b7/%{version}_1607960166_1qckwdd_1540278199_ava.jpg","versions":["medium","medium_2x","profile_pic","profile_pic_new","profile_pic_new_2x","tiny","tiny_2x","small","small_2x","ios_large","ios_small"]}},"file":null,"picture":"https://coub-anubis-a.akamaized.net/coub_storage/coub/simple/cw_image/2d0aa235759/d3c7f9e7847473273e3e4/med_1621583844_00031.jpg","timeline_picture":"https://coub-anubis-a.akamaized.net/coub_storage/coub/simple/cw_timeline_pic/9c7e41589d5/6c04936eecd7f61e58e6c/ios_large_1621583844_image.jpg","small_picture":"https://coub-anubis-a.akamaized.net/coub_storage/coub/simple/cw_image/2d0aa235759/d3c7f9e7847473273e3e4/ios_mosaic_1621583844_00031.jpg","sharing_picture":null,"percent_done":100,"tags":[],"categories":[{"id":39,"title":"Celebrity","permalink":"celebrity","subscriptions_count":10072996,"big_image_url":"https://coub-anubis-a.akamaized.net/coub_storage/category/cw_image/f29db91ad17/ceeba69e8fe30eb9c445a/big_1544760906_celeb2.png","small_image_url":"https://coub-anubis-a.akamaized.net/coub_storage/category/cw_image/f29db91ad17/ceeba69e8fe30eb9c445a/small_1544760906_celeb2.png","med_image_url":"https://coub-anubis-a.akamaized.net/coub_storage/category/cw_image/f29db91ad17/ceeba69e8fe30eb9c445a/med_1544760906_celeb2.png","visible":true}],"communities":[{"id":39,"title":"Celebrity","permalink":"celebrity","subscriptions_count":10072996,"big_image_url":"https://coub-anubis-a.akamaized.net/coub_storage/category/cw_image/f29db91ad17/ceeba69e8fe30eb9c445a/big_1544760906_celeb2.png","small_image_url":"https://coub-anubis-a.akamaized.net/coub_storage/category/cw_image/f29db91ad17/ceeba69e8fe30eb9c445a/small_1544760906_celeb2.png","med_image_url":"https://coub-anubis-a.akamaized.net/coub_storage/category/cw_image/f29db91ad17/ceeba69e8fe30eb9c445a/med_1544760906_celeb2.png","i_subscribed":true,"community_notifications_enabled":null,"description":null}],"recoubs_count":109,"remixes_count":0,"likes_count":815,"dislikes_count":0,"raw_video_id":16459365,"uploaded_by_ios_app":false,"uploaded_by_android_app":false,"media_blocks":{"uploaded_raw_videos":[],"external_raw_videos":[],"remixed_from_coubs":[]},"raw_video_thumbnail_url":"https://coub-anubis-a.akamaized.net/coub_storage/raw_video/cw_image/a9d97457d9c/b8c3ff53e4e07e69ca451/coub_media_1621583746_image.jpg","raw_video_title":"22.mp4","video_block_banned":false,"duration":9.76,"promo_winner":false,"promo_winner_recoubers":null,"editorial_info":{},"promo_hint":null,"beeline_best_2014":null,"from_web_editor":true,"normalize_sound":true,"normalize_change_allowed":true,"best2015_addable":false,"ahmad_promo":null,"promo_data":null,"audio_copyright_claim":null,"ads_disabled":false,"is_safe_for_ads":true,"megafon_contents":[],"position_on_page":5},{"flag":null,"abuses":null,"recoubs_by_users_channels":null,"favourite":false,"promoted_id":null,"recoub":null,"like":null,"dislike":null,"reaction":null,"in_my_best2015":false,"id":164285137,"type":"Coub::Simple","permalink":"2pgq26","title":"обидно","visibility_type":"public","original_visibility_type":"public","channel_id":10981755,"created_at":"2021-02-24T12:25:11Z","updated_at":"2022-03-15T18:49:30Z","is_done":true,"views_count":100135,"cotd":null,"cotd_at":null,"visible_on_explore_root":false,"visible_on_explore":false,"featured":false,"published":true,"published_at":"2021-02-24T12:25:11Z","reversed":false,"from_editor_v2":true,"is_editable":true,"original_sound":true,"has_sound":true,"recoub_to":null,"file_versions":{"html5":{"video":{"higher":{"url":"https://coub-anubis-a.akamaized.net/coub_storage/coub/simple/cw_file/2ef71bb8e3f/c0d062f367fb87ada0c8b/muted_mp4_huge_size_1614169513_muted_huge.mp4","size":1491057},"high":{"url":"https://coub-anubis-a.akamaized.net/coub_storage/coub/simple/cw_file/2ef71bb8e3f/c0d062f367fb87ada0c8b/muted_mp4_big_size_1614169513_muted_big.mp4","size":892444},"med":{"url":"https://coub-anubis-a.akamaized.net/coub_storage/coub/simple/cw_file/2ef71bb8e3f/c0d062f367fb87ada0c8b/muted_mp4_med_size_1614169513_muted_med.mp4","size":271969}},"audio":{"high":{"url":"https://coub-anubis-a.akamaized.net/coub_storage/coub/simple/cw_looped_audio_high/1c08243a9c5/54013552f5b7e5d824369/1614169515_mp3-high.mp3","size":1081607},"med":{"url":"https://coub-anubis-a.akamaized.net/coub_storage/coub/simple/cw_looped_audio_med/5fac5d35199/f16166960aaf00b70eb7b/1614169514_mp3-med.mp3","size":880704},"sample_duration":7.872}},"mobile":{"video":"https://coub-anubis-a.akamaized.net/coub_storage/coub/simple/cw_file/2ef71bb8e3f/c0d062f367fb87ada0c8b/muted_mp4_med_size_1614169513_muted_med.mp4","audio":["https://coub-anubis-a.akamaized.net/coub_storage/coub/simple/cw_looped_audio_med/5fac5d35199/f16166960aaf00b70eb7b/1614169514_mp3-med.mp3"]},"share":{"default":"https://coub-anubis-a.akamaized.net/coub_storage/coub/simple/cw_video_for_sharing/52db962ba9b/c2b0633d769285ebd315c/1614169535_looped_1614169535.mp4"}},"audio_versions":{},"image_versions":{"template":"https://coub-anubis-a.akamaized.net/coub_storage/coub/simple/cw_image/46d6a76ebdc/61b8584f808d36d292815/%{version}_1614169518_00025.jpg","versions":["micro","tiny","age_restricted","ios_large","ios_mosaic","big","med","small","pinterest"]},"first_frame_versions":{"template":"https://coub-anubis-a.akamaized.net/coub_storage/coub/simple/cw_timeline_pic/0cd92ea50de/16bd9cd792ed91b444127/%{version}_1614169518_image.jpg","versions":["big","med","small","ios_large"]},"dimensions":{"big":[1280,720],"med":[640,360]},"site_w_h":[640,360],"page_w_h":[640,360],"site_w_h_small":[310,174],"size":[1280,720],"age_restricted":false,"age_restricted_by_admin":false,"not_safe_for_work":false,"allow_reuse":false,"dont_crop":true,"banned":false,"global_safe":false,"audio_file_url":null,"external_download":false,"application":null,"channel":{"id":10981755,"permalink":"stepan-akulov","title":"Stepan Akulov","description":null,"followers_count":17,"following_count":1,"avatar_versions":{"template":"https://coub-anubis-a.akamaized.net/coub_storage/channel/cw_avatar/df67e98f703/0fc581bd65f06cd7e9d8d/%{version}_1614273237_dae195_resizedScaled_740to542.jpg","versions":["medium","medium_2x","profile_pic","profile_pic_new","profile_pic_new_2x","tiny","tiny_2x","small","small_2x","ios_large","ios_small"]}},"file":null,"picture":"https://coub-anubis-a.akamaized.net/coub_storage/coub/simple/cw_image/46d6a76ebdc/61b8584f808d36d292815/med_1614169518_00025.jpg","timeline_picture":"https://coub-anubis-a.akamaized.net/coub_storage/coub/simple/cw_timeline_pic/0cd92ea50de/16bd9cd792ed91b444127/ios_large_1614169518_image.jpg","small_picture":"https://coub-anubis-a.akamaized.net/coub_storage/coub/simple/cw_image/46d6a76ebdc/61b8584f808d36d292815/ios_mosaic_1614169518_00025.jpg","sharing_picture":null,"percent_done":100,"tags":[],"categories":[{"id":39,"title":"Celebrity","permalink":"celebrity","subscriptions_count":10072996,"big_image_url":"https://coub-anubis-a.akamaized.net/coub_storage/category/cw_image/f29db91ad17/ceeba69e8fe30eb9c445a/big_1544760906_celeb2.png","small_image_url":"https://coub-anubis-a.akamaized.net/coub_storage/category/cw_image/f29db91ad17/ceeba69e8fe30eb9c445a/small_1544760906_celeb2.png","med_image_url":"https://coub-anubis-a.akamaized.net/coub_storage/category/cw_image/f29db91ad17/ceeba69e8fe30eb9c445a/med_1544760906_celeb2.png","visible":true}],"communities":[{"id":39,"title":"Celebrity","permalink":"celebrity","subscriptions_count":10072996,"big_image_url":"https://coub-anubis-a.akamaized.net/coub_storage/category/cw_image/f29db91ad17/ceeba69e8fe30eb9c445a/big_1544760906_celeb2.png","small_image_url":"https://coub-anubis-a.akamaized.net/coub_storage/category/cw_image/f29db91ad17/ceeba69e8fe30eb9c445a/small_1544760906_celeb2.png","med_image_url":"https://coub-anubis-a.akamaized.net/coub_storage/category/cw_image/f29db91ad17/ceeba69e8fe30eb9c445a/med_1544760906_celeb2.png","i_subscribed":true,"community_notifications_enabled":null,"description":null}],"recoubs_count":151,"remixes_count":0,"likes_count":815,"dislikes_count":0,"raw_video_id":16203364,"uploaded_by_ios_app":false,"uploaded_by_android_app":false,"media_blocks":{"uploaded_raw_videos":[],"external_raw_videos":[],"remixed_from_coubs":[]},"raw_video_thumbnail_url":"https://coub-anubis-a.akamaized.net/coub_storage/raw_video/cw_image/a3efff60484/aea6d10f31dbb2365d37a/coub_media_1614169446_image.jpg","raw_video_title":"236.mp4","video_block_banned":false,"duration":7.88,"promo_winner":false,"promo_winner_recoubers":null,"editorial_info":{},"promo_hint":null,"beeline_best_2014":null,"from_web_editor":true,"normalize_sound":true,"normalize_change_allowed":true,"best2015_addable":false,"ahmad_promo":null,"promo_data":null,"audio_copyright_claim":null,"ads_disabled":false,"is_safe_for_ads":true,"megafon_contents":[],"position_on_page":6},{"flag":null,"abuses":null,"recoubs_by_users_channels":null,"favourite":false,"promoted_id":null,"recoub":null,"like":null,"dislike":null,"reaction":null,"in_my_best2015":false,"id":154936715,"type":"Coub::Simple","permalink":"2jwcph","title":"Сергей Бодров","visibility_type":"public","original_visibility_type":"public","channel_id":3022516,"created_at":"2020-10-01T15:49:50Z","updated_at":"2022-03-17T01:21:58Z","is_done":true,"views_count":68386,"cotd":null,"cotd_at":null,"visible_on_explore_root":false,"visible_on_explore":false,"featured":false,"published":true,"published_at":"2020-10-01T15:49:50Z","reversed":false,"from_editor_v2":true,"is_editable":true,"original_sound":false,"has_sound":false,"recoub_to":null,"file_versions":{"html5":{"video":{"higher":{"url":"https://coub-anubis-a.akamaized.net/coub_storage/coub/simple/cw_file/9855da0c39b/51cfcb1d294a615b13cbb/muted_mp4_huge_size_1601567425_muted_huge.mp4","size":2592604},"high":{"url":"https://coub-anubis-a.akamaized.net/coub_storage/coub/simple/cw_file/9855da0c39b/51cfcb1d294a615b13cbb/muted_mp4_big_size_1601567425_muted_big.mp4","size":1562846},"med":{"url":"https://coub-anubis-a.akamaized.net/coub_storage/coub/simple/cw_file/9855da0c39b/51cfcb1d294a615b13cbb/muted_mp4_med_size_1601567425_muted_med.mp4","size":526925}},"audio":{"high":{"url":"https://coub-anubis-a.akamaized.net/coub_storage/coub/simple/cw_looped_audio_high/fec87b08811/c5fe982e2e6b129c18fd5/1601567491_mp3-high.mp3","size":4837882},"med":{"url":"https://coub-anubis-a.akamaized.net/coub_storage/coub/simple/cw_looped_audio_med/5c7baaba6b0/327977a676fb1d0ee8008/1601567487_mp3-med.mp3","size":3650997}}},"mobile":{"video":"https://coub-anubis-a.akamaized.net/coub_storage/coub/simple/cw_file/9855da0c39b/51cfcb1d294a615b13cbb/muted_mp4_med_size_1601567425_muted_med.mp4","audio":["https://coub-anubis-a.akamaized.net/coub_storage/coub/simple/cw_looped_audio_med/5c7baaba6b0/327977a676fb1d0ee8008/1601567487_mp3-med.mp3"]},"share":{"default":"https://coub-anubis-a.akamaized.net/coub_storage/coub/simple/cw_video_for_sharing/162c44d40c6/f626bb298691bc24e9f7c/1608151961_looped_1608151959.mp4"}},"audio_versions":{"template":"https://coub-anubis-a.akamaized.net/coub_storage/audio_track/cw_normalized_copy/2bda2c1e1ed/86104a95131fbb66f9da6/mid_1601567466_normalized_1601567432_14jng9k_edited.mp3","versions":["mid","low"]},"image_versions":{"template":"https://coub-anubis-a.akamaized.net/coub_storage/coub/simple/cw_image/437c883d2e6/43c3c894810ed722d4c02/1601567496_00032.jpg","versions":["micro","tiny","age_restricted","ios_large","ios_mosaic","big","med","small","pinterest"]},"first_frame_versions":{"template":"https://coub-anubis-a.akamaized.net/coub_storage/coub/simple/cw_timeline_pic/fecebc0c39c/be89f1412666ed8741940/%{version}_1601567496_image.jpg","versions":["big","med","small","ios_large"]},"dimensions":{"big":[1280,960],"med":[640,480]},"site_w_h":[640,480],"page_w_h":[640,480],"site_w_h_small":[310,233],"size":[1280,960],"age_restricted":false,"age_restricted_by_admin":false,"not_safe_for_work":false,"allow_reuse":false,"dont_crop":false,"banned":false,"global_safe":false,"audio_file_url":"https://coub-anubis-a.akamaized.net/coub_storage/audio_track/cw_normalized_copy/2bda2c1e1ed/86104a95131fbb66f9da6/low_1601567466_normalized_1601567432_14jng9k_edited.mp3","external_download":{"type":"Youtube","service_name":"YouTube","url":"https://www.youtube.com/watch?v=v_TGK0OIYGA","has_embed":true},"application":null,"channel":{"id":3022516,"permalink":"isaa7309","title":"iSaa","description":null,"followers_count":217,"following_count":0,"avatar_versions":{"template":"https://coub-anubis-a.akamaized.net/coub_storage/channel/cw_avatar/92f447a87a4/1f582ec4707a7b72c4e13/%{version}_1607420554_1jjcj2x_1534673298_VQ6NmhRx8JU.jpg","versions":["medium","medium_2x","profile_pic","profile_pic_new","profile_pic_new_2x","tiny","tiny_2x","small","small_2x","ios_large","ios_small"]}},"file":null,"picture":"https://coub-anubis-a.akamaized.net/coub_storage/coub/simple/cw_image/437c883d2e6/43c3c894810ed722d4c02/1601567496_00032.jpg","timeline_picture":"https://coub-anubis-a.akamaized.net/coub_storage/coub/simple/cw_timeline_pic/fecebc0c39c/be89f1412666ed8741940/ios_large_1601567496_image.jpg","small_picture":"https://coub-anubis-a.akamaized.net/coub_storage/coub/simple/cw_image/437c883d2e6/43c3c894810ed722d4c02/1601567496_00032.jpg","sharing_picture":null,"percent_done":100,"tags":[{"id":242092,"title":"сергей бодров","value":"%D1%81%D0%B5%D1%80%D0%B3%D0%B5%D0%B9%20%D0%B1%D0%BE%D0%B4%D1%80%D0%BE%D0%B2"},{"id":28190,"title":"взгляд","value":"%D0%B2%D0%B7%D0%B3%D0%BB%D1%8F%D0%B4"}],"categories":[{"id":39,"title":"Celebrity","permalink":"celebrity","subscriptions_count":10072996,"big_image_url":"https://coub-anubis-a.akamaized.net/coub_storage/category/cw_image/f29db91ad17/ceeba69e8fe30eb9c445a/big_1544760906_celeb2.png","small_image_url":"https://coub-anubis-a.akamaized.net/coub_storage/category/cw_image/f29db91ad17/ceeba69e8fe30eb9c445a/small_1544760906_celeb2.png","med_image_url":"https://coub-anubis-a.akamaized.net/coub_storage/category/cw_image/f29db91ad17/ceeba69e8fe30eb9c445a/med_1544760906_celeb2.png","visible":true}],"communities":[{"id":39,"title":"Celebrity","permalink":"celebrity","subscriptions_count":10072996,"big_image_url":"https://coub-anubis-a.akamaized.net/coub_storage/category/cw_image/f29db91ad17/ceeba69e8fe30eb9c445a/big_1544760906_celeb2.png","small_image_url":"https://coub-anubis-a.akamaized.net/coub_storage/category/cw_image/f29db91ad17/ceeba69e8fe30eb9c445a/small_1544760906_celeb2.png","med_image_url":"https://coub-anubis-a.akamaized.net/coub_storage/category/cw_image/f29db91ad17/ceeba69e8fe30eb9c445a/med_1544760906_celeb2.png","i_subscribed":true,"community_notifications_enabled":null,"description":null}],"recoubs_count":121,"remixes_count":2,"likes_count":815,"dislikes_count":0,"raw_video_id":15726156,"uploaded_by_ios_app":false,"uploaded_by_android_app":false,"media_blocks":{"uploaded_raw_videos":[],"external_raw_videos":[{"id":37081514,"title":"Сергей Бодров, \"Взгляд\" (1996-1999г.)","url":"https://www.youtube.com/watch?v=v_TGK0OIYGA","image":null,"image_retina":null,"meta":{"service":"Youtube","duration":"122.6"},"duration":122.6,"raw_video_id":15726156,"has_embed":true}],"remixed_from_coubs":[],"external_video":{"id":37081514,"title":"Сергей Бодров, \"Взгляд\" (1996-1999г.)","url":"https://www.youtube.com/watch?v=v_TGK0OIYGA","image":null,"image_retina":null,"meta":{"service":"Youtube","duration":"122.6"},"duration":122.6,"raw_video_id":15726156,"has_embed":true}},"raw_video_thumbnail_url":"/missing/missing.png","raw_video_title":"Сергей Бодров, \"Взгляд\" (1996-1999г.)","video_block_banned":false,"duration":10.0,"promo_winner":false,"promo_winner_recoubers":null,"editorial_info":{},"promo_hint":null,"beeline_best_2014":null,"from_web_editor":true,"normalize_sound":true,"normalize_change_allowed":true,"best2015_addable":false,"ahmad_promo":null,"promo_data":null,"audio_copyright_claim":null,"ads_disabled":false,"is_safe_for_ads":true,"megafon_contents":[],"position_on_page":7},{"flag":null,"abuses":null,"recoubs_by_users_channels":null,"favourite":false,"promoted_id":null,"recoub":null,"like":null,"dislike":null,"reaction":null,"in_my_best2015":false,"id":138511074,"type":"Coub::Simple","permalink":"2a4ahp","title":"I'm Coming Home...","visibility_type":"public","original_visibility_type":"public","channel_id":7770459,"created_at":"2020-03-03T08:13:13Z","updated_at":"2022-03-16T11:14:39Z","is_done":true,"views_count":83155,"cotd":null,"cotd_at":null,"visible_on_explore_root":false,"visible_on_explore":false,"featured":false,"published":true,"published_at":"2020-03-03T08:13:13Z","reversed":false,"from_editor_v2":true,"is_editable":true,"original_sound":false,"has_sound":false,"recoub_to":null,"file_versions":{"html5":{"video":{"higher":{"url":"https://coub-anubis-a.akamaized.net/coub_storage/coub/simple/cw_file/0cb64801ada/1e08f899064d29e818121/muted_mp4_huge_size_1583223208_muted_huge.mp4","size":2035033},"high":{"url":"https://coub-anubis-a.akamaized.net/coub_storage/coub/simple/cw_file/0cb64801ada/1e08f899064d29e818121/muted_mp4_big_size_1583223208_muted_big.mp4","size":1559409},"med":{"url":"https://coub-anubis-a.akamaized.net/coub_storage/coub/simple/cw_file/0cb64801ada/1e08f899064d29e818121/muted_mp4_med_size_1583223208_muted_med.mp4","size":416440}},"audio":{"high":{"url":"https://coub-anubis-a.akamaized.net/coub_storage/coub/simple/cw_looped_audio_high/14ec97cf24e/fe8cd2da420d9a464e625/1605707114_high_1583223244_high.mp3","size":3260289},"med":{"url":"https://coub-anubis-a.akamaized.net/coub_storage/coub/simple/cw_looped_audio_med/94f7295bac0/665a909baa7346a593267/1605707113_med_1583223244_med.mp3","size":2651807}}},"mobile":{"video":"https://coub-anubis-a.akamaized.net/coub_storage/coub/simple/cw_file/0cb64801ada/1e08f899064d29e818121/muted_mp4_med_size_1583223208_muted_med.mp4","audio":["https://coub-anubis-a.akamaized.net/coub_storage/coub/simple/cw_looped_audio_med/94f7295bac0/665a909baa7346a593267/1605707113_med_1583223244_med.mp3"]},"share":{"default":"https://coub-anubis-a.akamaized.net/coub_storage/coub/simple/cw_video_for_sharing/8726680285a/7793e50db20381bbd53d1/1608173295_looped_1608173294.mp4"}},"audio_versions":{"template":"https://coub-anubis-a.akamaized.net/coub_storage/audio_track/cw_normalized_copy/33e9982a484/1bb1e8fd58c913eb33cf7/mid_1583223233_normalized_1583223212_kwn63s_edited.mp3","versions":["mid","low"]},"image_versions":{"template":"https://coub-anubis-a.akamaized.net/coub_storage/coub/simple/cw_image/f429adb5c55/362c5ced84a220d682e22/1583223258_00025.jpg","versions":["micro","tiny","age_restricted","ios_large","ios_mosaic","big","med","small","pinterest"]},"first_frame_versions":{"template":"https://coub-anubis-a.akamaized.net/coub_storage/coub/simple/cw_timeline_pic/aa659b74455/431993a80fbdadc0fec0c/%{version}_1583223257_image.jpg","versions":["big","med","small","ios_large"]},"dimensions":{"big":[1280,712],"med":[640,356]},"site_w_h":[640,356],"page_w_h":[640,356],"site_w_h_small":[310,172],"size":[1280,712],"age_restricted":false,"age_restricted_by_admin":false,"not_safe_for_work":false,"allow_reuse":false,"dont_crop":false,"banned":false,"global_safe":true,"audio_file_url":"https://coub-anubis-a.akamaized.net/coub_storage/audio_track/cw_normalized_copy/33e9982a484/1bb1e8fd58c913eb33cf7/low_1583223233_normalized_1583223212_kwn63s_edited.mp3","external_download":false,"application":null,"channel":{"id":7770459,"permalink":"readfaster","title":"ReadFasterLiveLonger","description":"My youtube channel name: \"Maxim Bordyug - copyright free music and videos!\". My email: maximbordyug@gmail.com","followers_count":288,"following_count":11,"avatar_versions":{"template":"https://coub-anubis-a.akamaized.net/coub_storage/channel/cw_avatar/bbb411e6164/cd32c981d810e33a14fc5/%{version}_1647455644__from_youtube__Maxim_Bordyug_-_copyright_free_music_and_videos.jpg","versions":["medium","medium_2x","profile_pic","profile_pic_new","profile_pic_new_2x","tiny","tiny_2x","small","small_2x","ios_large","ios_small"]}},"file":null,"picture":"https://coub-anubis-a.akamaized.net/coub_storage/coub/simple/cw_image/f429adb5c55/362c5ced84a220d682e22/1583223258_00025.jpg","timeline_picture":"https://coub-anubis-a.akamaized.net/coub_storage/coub/simple/cw_timeline_pic/aa659b74455/431993a80fbdadc0fec0c/ios_large_1583223257_image.jpg","small_picture":"https://coub-anubis-a.akamaized.net/coub_storage/coub/simple/cw_image/f429adb5c55/362c5ced84a220d682e22/1583223258_00025.jpg","sharing_picture":null,"percent_done":100,"tags":[{"id":279,"title":"harry potter","value":"harry%20potter"},{"id":111314,"title":"hermione granger","value":"hermione%20granger"},{"id":39902,"title":"ronald weasley","value":"ronald%20weasley"},{"id":32194,"title":"rupert grint","value":"rupert%20grint"},{"id":8532,"title":"emma watson","value":"emma%20watson"},{"id":20929,"title":"bts","value":"bts"},{"id":20576,"title":"behind the scenes","value":"behind%20the%20scenes"},{"id":1071,"title":"cool","value":"cool"},{"id":367,"title":"hot","value":"hot"},{"id":14338,"title":"stare","value":"stare"},{"id":398747,"title":"staredown","value":"staredown"},{"id":4820822,"title":"hot stare","value":"hot%20stare"},{"id":425069,"title":"emma watson hot","value":"emma%20watson%20hot"},{"id":4820823,"title":"emma watson cool","value":"emma%20watson%20cool"},{"id":174,"title":"funny","value":"funny"},{"id":14312,"title":"awsome","value":"awsome"},{"id":4112047,"title":"harrry potter","value":"harrry%20potter"},{"id":1038665,"title":"harry potter and the deathly hallows part 2","value":"harry%20potter%20and%20the%20deathly%20hallows%20part%202"},{"id":298,"title":"love","value":"love"},{"id":15628,"title":"romance","value":"romance"},{"id":4820824,"title":"stare of love","value":"stare%20of%20love"},{"id":182140,"title":"true love","value":"true%20love"},{"id":292166,"title":"i'm coming home","value":"i'm%20coming%20home"},{"id":742340,"title":"tell the world","value":"tell%20the%20world"},{"id":4136,"title":"world","value":"world"},{"id":422,"title":"rain","value":"rain"},{"id":5509243,"title":"i'm coming home...","value":"i'm%20coming%20home..."}],"categories":[{"id":39,"title":"Celebrity","permalink":"celebrity","subscriptions_count":10072996,"big_image_url":"https://coub-anubis-a.akamaized.net/coub_storage/category/cw_image/f29db91ad17/ceeba69e8fe30eb9c445a/big_1544760906_celeb2.png","small_image_url":"https://coub-anubis-a.akamaized.net/coub_storage/category/cw_image/f29db91ad17/ceeba69e8fe30eb9c445a/small_1544760906_celeb2.png","med_image_url":"https://coub-anubis-a.akamaized.net/coub_storage/category/cw_image/f29db91ad17/ceeba69e8fe30eb9c445a/med_1544760906_celeb2.png","visible":true}],"communities":[{"id":39,"title":"Celebrity","permalink":"celebrity","subscriptions_count":10072996,"big_image_url":"https://coub-anubis-a.akamaized.net/coub_storage/category/cw_image/f29db91ad17/ceeba69e8fe30eb9c445a/big_1544760906_celeb2.png","small_image_url":"https://coub-anubis-a.akamaized.net/coub_storage/category/cw_image/f29db91ad17/ceeba69e8fe30eb9c445a/small_1544760906_celeb2.png","med_image_url":"https://coub-anubis-a.akamaized.net/coub_storage/category/cw_image/f29db91ad17/ceeba69e8fe30eb9c445a/med_1544760906_celeb2.png","i_subscribed":true,"community_notifications_enabled":null,"description":null}],"recoubs_count":97,"remixes_count":1,"likes_count":815,"dislikes_count":0,"raw_video_id":"","uploaded_by_ios_app":false,"uploaded_by_android_app":false,"media_blocks":{"uploaded_raw_videos":[],"external_raw_videos":[],"remixed_from_coubs":[{"id":31190671,"title":"stare of love - Emma Watson and Rupert Grint/ Hermione and Ron","url":"https://coub.com/coubs/1rkfqm/remix","image":"https://coub-anubis-a.akamaized.net/coub_storage/media_block/cw_image/6aa913d48a8/5faecc3a381d07f43f84a/1554172171_ku27j8_1554172159_00025.jpg","image_retina":"https://coub-anubis-a.akamaized.net/coub_storage/media_block/cw_image/6aa913d48a8/5faecc3a381d07f43f84a/1554172171_ku27j8_1554172159_00025.jpg","meta":{"duration":"7.92"},"duration":null,"coub_channel_title":"𝙢𝙞𝙙𝙣𝙞𝙜𝙝𝙩","coub_channel_permalink":"ilysm-985","coub_views_count":157960,"coub_permalink":"1rkfqm"}]},"raw_video_thumbnail_url":"","raw_video_title":"","video_block_banned":false,"duration":7.92,"promo_winner":false,"promo_winner_recoubers":null,"editorial_info":{},"promo_hint":null,"beeline_best_2014":null,"from_web_editor":true,"normalize_sound":true,"normalize_change_allowed":true,"best2015_addable":false,"ahmad_promo":null,"promo_data":null,"audio_copyright_claim":null,"ads_disabled":false,"is_safe_for_ads":true,"megafon_contents":[{"id":37700,"content":{"title":"Частное пионерское 3. Привет, взрослая жизнь!","year":2017,"kind":"film","season":null,"parental_rating":12,"url":"https://megafon.tv/movies/vods/Chastnoe_pionerskoe_3?utm_source=coub&utm_medium=shazam&utm_campaign=ml-tv_megafon-tv_coub-shazam-special_nov-dec_2019","preview_url":"https://static-sesure.cdn.megafon.tv/images/Film/b7/de/9d79660293efe923534def234341fc79060e/tile__external.jpeg"},"match_duration":1.0,"max_frame_diff":10,"is_correct":null}],"position_on_page":8},{"flag":null,"abuses":null,"recoubs_by_users_channels":null,"favourite":false,"promoted_id":null,"recoub":null,"like":null,"dislike":null,"reaction":null,"in_my_best2015":false,"id":119313303,"type":"Coub::Simple","permalink":"1ymo3s","title":"Что за","visibility_type":"public","original_visibility_type":"public","channel_id":6959919,"created_at":"2019-07-28T17:52:30Z","updated_at":"2022-03-05T09:22:35Z","is_done":true,"views_count":51672,"cotd":null,"cotd_at":null,"visible_on_explore_root":false,"visible_on_explore":false,"featured":false,"published":true,"published_at":"2019-07-28T17:52:30Z","reversed":false,"from_editor_v2":true,"is_editable":true,"original_sound":true,"has_sound":true,"recoub_to":null,"file_versions":{"html5":{"video":{"higher":{"url":"https://coub-anubis-a.akamaized.net/coub_storage/coub/simple/cw_file/79d0573f66c/98494e3eb974ecf52a913/muted_mp4_huge_size_1569221210_muted_huge.mp4","size":1821931},"high":{"url":"https://coub-anubis-a.akamaized.net/coub_storage/coub/simple/cw_file/79d0573f66c/98494e3eb974ecf52a913/muted_mp4_big_size_1569221210_muted_big.mp4","size":1298164},"med":{"url":"https://coub-anubis-a.akamaized.net/coub_storage/coub/simple/cw_file/79d0573f66c/98494e3eb974ecf52a913/muted_mp4_med_size_1569221210_muted_med.mp4","size":426712}},"audio":{"high":{"url":"https://coub-anubis-a.akamaized.net/coub_storage/coub/simple/cw_looped_audio_high/707aaeeb9f3/4ac6f1c7c889c14dfbe12/1605643052_high_1564336361_high.mp3","size":1009258},"med":{"url":"https://coub-anubis-a.akamaized.net/coub_storage/coub/simple/cw_looped_audio_med/90c6aec1127/dd702079c4b36113765d6/1605643051_med_1564336361_med.mp3","size":917400},"sample_duration":9.566}},"mobile":{"video":"https://coub-anubis-a.akamaized.net/coub_storage/coub/simple/cw_file/79d0573f66c/98494e3eb974ecf52a913/muted_mp4_med_size_1569221210_muted_med.mp4","audio":["https://coub-anubis-a.akamaized.net/coub_storage/coub/simple/cw_looped_audio_med/90c6aec1127/dd702079c4b36113765d6/1605643051_med_1564336361_med.mp3"]},"share":{"default":"https://coub-anubis-a.akamaized.net/coub_storage/coub/simple/cw_video_for_sharing/8339ea3c8d8/60a9e28670d0547330ea4/1615286475_looped_1615286474.mp4"}},"audio_versions":{},"image_versions":{"template":"https://coub-anubis-a.akamaized.net/coub_storage/coub/simple/cw_image/ea89d33f4f9/a53657186fd9ab52ad38b/1564336369_00031.jpg","versions":["micro","tiny","age_restricted","ios_large","ios_mosaic","big","med","small","pinterest"]},"first_frame_versions":{"template":"https://coub-anubis-a.akamaized.net/coub_storage/coub/simple/cw_timeline_pic/28fb7840369/41a4927d86409a47cbc33/1564336368_image.jpg","versions":["big","med","small","ios_large"]},"dimensions":{"big":[1280,720],"med":[640,360]},"site_w_h":[640,360],"page_w_h":[640,360],"site_w_h_small":[310,174],"size":[1280,720],"age_restricted":false,"age_restricted_by_admin":false,"not_safe_for_work":false,"allow_reuse":false,"dont_crop":false,"banned":false,"global_safe":false,"audio_file_url":null,"external_download":false,"application":null,"channel":{"id":6959919,"permalink":"lomey32239","title":"Lomey","description":"1","followers_count":10,"following_count":11,"avatar_versions":{"template":"https://coubsecureassets-a.akamaihd.net/assets/default-avatars/294-093d20075a1840bd4221e412b4e48c6899153ed5fc07c38d26d5a4a8bda8581a.png"}},"file":null,"picture":"https://coub-anubis-a.akamaized.net/coub_storage/coub/simple/cw_image/ea89d33f4f9/a53657186fd9ab52ad38b/1564336369_00031.jpg","timeline_picture":"https://coub-anubis-a.akamaized.net/coub_storage/coub/simple/cw_timeline_pic/28fb7840369/41a4927d86409a47cbc33/1564336368_image.jpg","small_picture":"https://coub-anubis-a.akamaized.net/coub_storage/coub/simple/cw_image/ea89d33f4f9/a53657186fd9ab52ad38b/1564336369_00031.jpg","sharing_picture":null,"percent_done":100,"tags":[],"categories":[{"id":39,"title":"Celebrity","permalink":"celebrity","subscriptions_count":10072996,"big_image_url":"https://coub-anubis-a.akamaized.net/coub_storage/category/cw_image/f29db91ad17/ceeba69e8fe30eb9c445a/big_1544760906_celeb2.png","small_image_url":"https://coub-anubis-a.akamaized.net/coub_storage/category/cw_image/f29db91ad17/ceeba69e8fe30eb9c445a/small_1544760906_celeb2.png","med_image_url":"https://coub-anubis-a.akamaized.net/coub_storage/category/cw_image/f29db91ad17/ceeba69e8fe30eb9c445a/med_1544760906_celeb2.png","visible":true}],"communities":[{"id":39,"title":"Celebrity","permalink":"celebrity","subscriptions_count":10072996,"big_image_url":"https://coub-anubis-a.akamaized.net/coub_storage/category/cw_image/f29db91ad17/ceeba69e8fe30eb9c445a/big_1544760906_celeb2.png","small_image_url":"https://coub-anubis-a.akamaized.net/coub_storage/category/cw_image/f29db91ad17/ceeba69e8fe30eb9c445a/small_1544760906_celeb2.png","med_image_url":"https://coub-anubis-a.akamaized.net/coub_storage/category/cw_image/f29db91ad17/ceeba69e8fe30eb9c445a/med_1544760906_celeb2.png","i_subscribed":true,"community_notifications_enabled":null,"description":null}],"recoubs_count":147,"remixes_count":0,"likes_count":815,"dislikes_count":0,"raw_video_id":14033464,"uploaded_by_ios_app":false,"uploaded_by_android_app":false,"media_blocks":{"uploaded_raw_videos":[],"external_raw_videos":[],"remixed_from_coubs":[]},"raw_video_thumbnail_url":"/missing/missing.png","raw_video_title":"_______.mp4","video_block_banned":false,"duration":9.72,"promo_winner":false,"promo_winner_recoubers":null,"editorial_info":{},"promo_hint":null,"beeline_best_2014":null,"from_web_editor":true,"normalize_sound":true,"normalize_change_allowed":true,"best2015_addable":false,"ahmad_promo":null,"promo_data":null,"audio_copyright_claim":null,"ads_disabled":false,"is_safe_for_ads":true,"megafon_contents":[],"position_on_page":9},{"flag":null,"abuses":null,"recoubs_by_users_channels":null,"favourite":false,"promoted_id":null,"recoub":null,"like":null,"dislike":null,"reaction":null,"in_my_best2015":false,"id":175584556,"type":"Coub::Simple","permalink":"2w6wtc","title":"Кто ты воин?","visibility_type":"public","original_visibility_type":"public","channel_id":2789693,"created_at":"2021-09-16T11:39:22Z","updated_at":"2022-03-16T11:20:52Z","is_done":true,"views_count":81621,"cotd":null,"cotd_at":null,"visible_on_explore_root":false,"visible_on_explore":false,"featured":false,"published":true,"published_at":"2021-09-16T11:39:22Z","reversed":false,"from_editor_v2":true,"is_editable":true,"original_sound":true,"has_sound":true,"recoub_to":null,"file_versions":{"html5":{"video":{"higher":{"url":"https://coub-anubis-a.akamaized.net/coub_storage/coub/simple/cw_file/8eb6a0b2596/2d37fa7445f5468c73d49/muted_mp4_huge_size_1631792368_muted_huge.mp4","size":2152349},"high":{"url":"https://coub-anubis-a.akamaized.net/coub_storage/coub/simple/cw_file/8eb6a0b2596/2d37fa7445f5468c73d49/muted_mp4_big_size_1631792368_muted_big.mp4","size":1302124},"med":{"url":"https://coub-anubis-a.akamaized.net/coub_storage/coub/simple/cw_file/8eb6a0b2596/2d37fa7445f5468c73d49/muted_mp4_med_size_1631792368_muted_med.mp4","size":463909}},"audio":{"high":{"url":"https://coub-anubis-a.akamaized.net/coub_storage/coub/simple/cw_looped_audio_high/3de5b58c46f/6dfbfc1b04b412a5a9460/1631792370_mp3-high.mp3","size":1048047},"med":{"url":"https://coub-anubis-a.akamaized.net/coub_storage/coub/simple/cw_looped_audio_med/359095604f3/db724bdb0d37e57f9c70f/1631792370_mp3-med.mp3","size":807729},"sample_duration":10.124}},"mobile":{"video":"https://coub-anubis-a.akamaized.net/coub_storage/coub/simple/cw_file/8eb6a0b2596/2d37fa7445f5468c73d49/muted_mp4_med_size_1631792368_muted_med.mp4","audio":["https://coub-anubis-a.akamaized.net/coub_storage/coub/simple/cw_looped_audio_med/359095604f3/db724bdb0d37e57f9c70f/1631792370_mp3-med.mp3"]},"share":{"default":"https://coub-anubis-a.akamaized.net/coub_storage/coub/simple/cw_video_for_sharing/3035032e2fc/cbc790bef47976bf35e13/1631792399_looped_1631792398.mp4"}},"audio_versions":{},"image_versions":{"template":"https://coub-anubis-a.akamaized.net/coub_storage/coub/simple/cw_image/0643896579b/bb49ca52fc4f9d118f882/%{version}_1631792375_00032.jpg","versions":["micro","tiny","age_restricted","ios_large","ios_mosaic","big","med","small","pinterest"]},"first_frame_versions":{"template":"https://coub-anubis-a.akamaized.net/coub_storage/coub/simple/cw_timeline_pic/180452391c3/b104ad2ded156c590c64f/%{version}_1631792375_image.jpg","versions":["big","med","small","ios_large"]},"dimensions":{"big":[1280,720],"med":[640,360]},"site_w_h":[640,360],"page_w_h":[640,360],"site_w_h_small":[310,174],"size":[1280,720],"age_restricted":false,"age_restricted_by_admin":false,"not_safe_for_work":false,"allow_reuse":false,"dont_crop":true,"banned":false,"global_safe":null,"audio_file_url":null,"external_download":{"type":"Youtube","service_name":"YouTube","url":"https://youtu.be/C9RCGbxNdio","has_embed":true},"application":null,"channel":{"id":2789693,"permalink":"provcoub","title":"provocationcoub","description":null,"followers_count":396,"following_count":102,"avatar_versions":{"template":"https://coub-anubis-a.akamaized.net/coub_storage/channel/cw_avatar/15ceff94848/cf529f633cfee304e62ee/%{version}_1607421459_yl1mk7_1594019681_wevrw.jpg","versions":["medium","medium_2x","profile_pic","profile_pic_new","profile_pic_new_2x","tiny","tiny_2x","small","small_2x","ios_large","ios_small"]}},"file":null,"picture":"https://coub-anubis-a.akamaized.net/coub_storage/coub/simple/cw_image/0643896579b/bb49ca52fc4f9d118f882/med_1631792375_00032.jpg","timeline_picture":"https://coub-anubis-a.akamaized.net/coub_storage/coub/simple/cw_timeline_pic/180452391c3/b104ad2ded156c590c64f/ios_large_1631792375_image.jpg","small_picture":"https://coub-anubis-a.akamaized.net/coub_storage/coub/simple/cw_image/0643896579b/bb49ca52fc4f9d118f882/ios_mosaic_1631792375_00032.jpg","sharing_picture":null,"percent_done":100,"tags":[{"id":3872236,"title":"асхаб тамаев","value":"%D0%B0%D1%81%D1%85%D0%B0%D0%B1%20%D1%82%D0%B0%D0%BC%D0%B0%D0%B5%D0%B2"},{"id":3917892,"title":"тамаев","value":"%D1%82%D0%B0%D0%BC%D0%B0%D0%B5%D0%B2"},{"id":6492793,"title":"асхаб тамаев мурад","value":"%D0%B0%D1%81%D1%85%D0%B0%D0%B1%20%D1%82%D0%B0%D0%BC%D0%B0%D0%B5%D0%B2%20%D0%BC%D1%83%D1%80%D0%B0%D0%B4"},{"id":5573061,"title":"кинул таксиста","value":"%D0%BA%D0%B8%D0%BD%D1%83%D0%BB%20%D1%82%D0%B0%D0%BA%D1%81%D0%B8%D1%81%D1%82%D0%B0"},{"id":6492794,"title":"дагестанец кинул таксиста","value":"%D0%B4%D0%B0%D0%B3%D0%B5%D1%81%D1%82%D0%B0%D0%BD%D0%B5%D1%86%20%D0%BA%D0%B8%D0%BD%D1%83%D0%BB%20%D1%82%D0%B0%D0%BA%D1%81%D0%B8%D1%81%D1%82%D0%B0"},{"id":6492795,"title":"мурад 400 рублей","value":"%D0%BC%D1%83%D1%80%D0%B0%D0%B4%20400%20%D1%80%D1%83%D0%B1%D0%BB%D0%B5%D0%B9"},{"id":6492796,"title":"кинул таксиста на деньги","value":"%D0%BA%D0%B8%D0%BD%D1%83%D0%BB%20%D1%82%D0%B0%D0%BA%D1%81%D0%B8%D1%81%D1%82%D0%B0%20%D0%BD%D0%B0%20%D0%B4%D0%B5%D0%BD%D1%8C%D0%B3%D0%B8"},{"id":6492797,"title":"дагестанец кинул на деньги","value":"%D0%B4%D0%B0%D0%B3%D0%B5%D1%81%D1%82%D0%B0%D0%BD%D0%B5%D1%86%20%D0%BA%D0%B8%D0%BD%D1%83%D0%BB%20%D0%BD%D0%B0%20%D0%B4%D0%B5%D0%BD%D1%8C%D0%B3%D0%B8"},{"id":6470714,"title":"дагестанец в такси","value":"%D0%B4%D0%B0%D0%B3%D0%B5%D1%81%D1%82%D0%B0%D0%BD%D0%B5%D1%86%20%D0%B2%20%D1%82%D0%B0%D0%BA%D1%81%D0%B8"},{"id":5901288,"title":"не заплатили за такси","value":"%D0%BD%D0%B5%20%D0%B7%D0%B0%D0%BF%D0%BB%D0%B0%D1%82%D0%B8%D0%BB%D0%B8%20%D0%B7%D0%B0%20%D1%82%D0%B0%D0%BA%D1%81%D0%B8"},{"id":6472114,"title":"мурад в такси","value":"%D0%BC%D1%83%D1%80%D0%B0%D0%B4%20%D0%B2%20%D1%82%D0%B0%D0%BA%D1%81%D0%B8"},{"id":6492798,"title":"мурад асхаб тамаев","value":"%D0%BC%D1%83%D1%80%D0%B0%D0%B4%20%D0%B0%D1%81%D1%85%D0%B0%D0%B1%20%D1%82%D0%B0%D0%BC%D0%B0%D0%B5%D0%B2"},{"id":278351,"title":"асхаб","value":"%D0%B0%D1%81%D1%85%D0%B0%D0%B1"},{"id":6481161,"title":"дагестанец мурад такси","value":"%D0%B4%D0%B0%D0%B3%D0%B5%D1%81%D1%82%D0%B0%D0%BD%D0%B5%D1%86%20%D0%BC%D1%83%D1%80%D0%B0%D0%B4%20%D1%82%D0%B0%D0%BA%D1%81%D0%B8"},{"id":6492799,"title":"дагестанец мурад кинул таксиста","value":"%D0%B4%D0%B0%D0%B3%D0%B5%D1%81%D1%82%D0%B0%D0%BD%D0%B5%D1%86%20%D0%BC%D1%83%D1%80%D0%B0%D0%B4%20%D0%BA%D0%B8%D0%BD%D1%83%D0%BB%20%D1%82%D0%B0%D0%BA%D1%81%D0%B8%D1%81%D1%82%D0%B0"},{"id":6492800,"title":"дагестанец мурад кинул","value":"%D0%B4%D0%B0%D0%B3%D0%B5%D1%81%D1%82%D0%B0%D0%BD%D0%B5%D1%86%20%D0%BC%D1%83%D1%80%D0%B0%D0%B4%20%D0%BA%D0%B8%D0%BD%D1%83%D0%BB"},{"id":6469185,"title":"дагестанцы кинули таксиста","value":"%D0%B4%D0%B0%D0%B3%D0%B5%D1%81%D1%82%D0%B0%D0%BD%D1%86%D1%8B%20%D0%BA%D0%B8%D0%BD%D1%83%D0%BB%D0%B8%20%D1%82%D0%B0%D0%BA%D1%81%D0%B8%D1%81%D1%82%D0%B0"},{"id":5472909,"title":"кинули таксиста","value":"%D0%BA%D0%B8%D0%BD%D1%83%D0%BB%D0%B8%20%D1%82%D0%B0%D0%BA%D1%81%D0%B8%D1%81%D1%82%D0%B0"},{"id":502070,"title":"вадим иванов","value":"%D0%B2%D0%B0%D0%B4%D0%B8%D0%BC%20%D0%B8%D0%B2%D0%B0%D0%BD%D0%BE%D0%B2"},{"id":6492801,"title":"вадим иванов интервью","value":"%D0%B2%D0%B0%D0%B4%D0%B8%D0%BC%20%D0%B8%D0%B2%D0%B0%D0%BD%D0%BE%D0%B2%20%D0%B8%D0%BD%D1%82%D0%B5%D1%80%D0%B2%D1%8C%D1%8E"}],"categories":[{"id":39,"title":"Celebrity","permalink":"celebrity","subscriptions_count":10072996,"big_image_url":"https://coub-anubis-a.akamaized.net/coub_storage/category/cw_image/f29db91ad17/ceeba69e8fe30eb9c445a/big_1544760906_celeb2.png","small_image_url":"https://coub-anubis-a.akamaized.net/coub_storage/category/cw_image/f29db91ad17/ceeba69e8fe30eb9c445a/small_1544760906_celeb2.png","med_image_url":"https://coub-anubis-a.akamaized.net/coub_storage/category/cw_image/f29db91ad17/ceeba69e8fe30eb9c445a/med_1544760906_celeb2.png","visible":true}],"communities":[{"id":39,"title":"Celebrity","permalink":"celebrity","subscriptions_count":10072996,"big_image_url":"https://coub-anubis-a.akamaized.net/coub_storage/category/cw_image/f29db91ad17/ceeba69e8fe30eb9c445a/big_1544760906_celeb2.png","small_image_url":"https://coub-anubis-a.akamaized.net/coub_storage/category/cw_image/f29db91ad17/ceeba69e8fe30eb9c445a/small_1544760906_celeb2.png","med_image_url":"https://coub-anubis-a.akamaized.net/coub_storage/category/cw_image/f29db91ad17/ceeba69e8fe30eb9c445a/med_1544760906_celeb2.png","i_subscribed":true,"community_notifications_enabled":null,"description":null}],"recoubs_count":160,"remixes_count":0,"likes_count":814,"dislikes_count":0,"raw_video_id":16772491,"uploaded_by_ios_app":true,"uploaded_by_android_app":false,"media_blocks":{"uploaded_raw_videos":[],"external_raw_videos":[{"id":39676806,"title":"МУРАД В КИНО) КТО ТЫ ВОИН?","url":"https://www.youtube.com/watch?v=C9RCGbxNdio","image":"https://coub-anubis-a.akamaized.net/coub_storage/media_block/cw_image/8a7b8d5b3ff/f78ff068d7d78003575f0/video_1631792161_2zx4tt_1631792154_1631792154_4mfcib_att-url-download.jpg_sqp_-oaymwEcCNACELwBSFXyq4qpAw4IARUAAIhCGAFwAcABBg___rs_AOn4CLBD41_Wazgjc_SbT49wdeP5CRnZrg","image_retina":"https://coub-anubis-a.akamaized.net/coub_storage/media_block/cw_image/8a7b8d5b3ff/f78ff068d7d78003575f0/video_retina_1631792161_2zx4tt_1631792154_1631792154_4mfcib_att-url-download.jpg_sqp_-oaymwEcCNACELwBSFXyq4qpAw4IARUAAIhCGAFwAcABBg___rs_AOn4CLBD41_Wazgjc_SbT49wdeP5CRnZrg","meta":{"service":"Youtube","duration":"19.76"},"duration":19.76,"raw_video_id":16772491,"has_embed":true}],"remixed_from_coubs":[],"external_video":{"id":39676806,"title":"МУРАД В КИНО) КТО ТЫ ВОИН?","url":"https://www.youtube.com/watch?v=C9RCGbxNdio","image":"https://coub-anubis-a.akamaized.net/coub_storage/media_block/cw_image/8a7b8d5b3ff/f78ff068d7d78003575f0/video_1631792161_2zx4tt_1631792154_1631792154_4mfcib_att-url-download.jpg_sqp_-oaymwEcCNACELwBSFXyq4qpAw4IARUAAIhCGAFwAcABBg___rs_AOn4CLBD41_Wazgjc_SbT49wdeP5CRnZrg","image_retina":"https://coub-anubis-a.akamaized.net/coub_storage/media_block/cw_image/8a7b8d5b3ff/f78ff068d7d78003575f0/video_retina_1631792161_2zx4tt_1631792154_1631792154_4mfcib_att-url-download.jpg_sqp_-oaymwEcCNACELwBSFXyq4qpAw4IARUAAIhCGAFwAcABBg___rs_AOn4CLBD41_Wazgjc_SbT49wdeP5CRnZrg","meta":{"service":"Youtube","duration":"19.76"},"duration":19.76,"raw_video_id":16772491,"has_embed":true}},"raw_video_thumbnail_url":"https://coub-anubis-a.akamaized.net/coub_storage/raw_video/cw_image/cd2e8d7f3dc/4427693f3a2ab15bf778d/coub_media_1631792154_1631792154_4mfcib_att-url-download.jpg_sqp_-oaymwEcCNACELwBSFXyq4qpAw4IARUAAIhCGAFwAcABBg___rs_AOn4CLBD41_Wazgjc_SbT49wdeP5CRnZrg","raw_video_title":"МУРАД В КИНО) КТО ТЫ ВОИН?","video_block_banned":false,"duration":10.0,"promo_winner":false,"promo_winner_recoubers":null,"editorial_info":{},"promo_hint":null,"beeline_best_2014":null,"from_web_editor":false,"normalize_sound":true,"normalize_change_allowed":true,"best2015_addable":false,"ahmad_promo":null,"promo_data":null,"audio_copyright_claim":null,"ads_disabled":false,"is_safe_for_ads":true,"megafon_contents":[],"position_on_page":10}]}