{"page":192,"per_page":10,"total_pages":275,"coubs":[{"flag":null,"abuses":null,"recoubs_by_users_channels":null,"favourite":false,"promoted_id":null,"recoub":null,"like":null,"dislike":null,"reaction":null,"in_my_best2015":false,"id":19442296,"type":"Coub::Simple","permalink":"b4khk","title":"Simmering","visibility_type":"public","original_visibility_type":"public","channel_id":428530,"created_at":"2016-02-27T14:11:09Z","updated_at":"2021-07-11T04:53:21Z","is_done":true,"views_count":2223,"cotd":null,"cotd_at":null,"visible_on_explore_root":false,"visible_on_explore":false,"featured":false,"published":true,"published_at":"2016-02-27T14:11:09Z","reversed":false,"from_editor_v2":true,"is_editable":true,"original_sound":false,"has_sound":false,"recoub_to":null,"file_versions":{"html5":{"video":{"high":{"url":"https://coub-anubis-a.akamaized.net/coub_storage/coub/simple/cw_file/3379c33e58c/1b4f507b817c1e84065bc/muted_mp4_big_size_1456582306_muted_big.mp4","size":2672021},"med":{"url":"https://coub-anubis-a.akamaized.net/coub_storage/coub/simple/cw_file/3379c33e58c/1b4f507b817c1e84065bc/muted_mp4_med_size_1456582306_muted_med.mp4","size":858350}},"audio":{"high":{"url":"https://coub-anubis-a.akamaized.net/coub_storage/coub/simple/cw_looped_audio_high/0b5121110a6/c50f4324687d4b9ad32d9/1605474152_high_1456582315_high.mp3","size":1171747},"med":{"url":"https://coub-anubis-a.akamaized.net/coub_storage/coub/simple/cw_looped_audio_med/b68a2132b85/0bcaa1eb35cfabaac2c50/1605474151_med_1456582315_med.mp3","size":781164}}},"mobile":{"video":"https://coub-anubis-a.akamaized.net/coub_storage/coub/simple/cw_file/3379c33e58c/1b4f507b817c1e84065bc/muted_mp4_med_size_1456582306_muted_med.mp4","audio":["https://coub-anubis-a.akamaized.net/coub_storage/coub/simple/cw_looped_audio_med/b68a2132b85/0bcaa1eb35cfabaac2c50/1605474151_med_1456582315_med.mp3"]},"share":{"default":null}},"audio_versions":{"template":"https://coub-anubis-a.akamaized.net/coub_storage/audio_track/cw_normalized_copy/5b7cbe4e931/7179211d60b9c92562fc6/mid_1471196101_1gll1yj_normalized_1456582183_audio.mp3","versions":["mid","low"]},"image_versions":{"template":"https://coub-anubis-a.akamaized.net/coub_storage/coub/simple/cw_image/6db216344a9/65413835a93e88a23ae9a/1456582382_00030.jpg","versions":["micro","tiny","age_restricted","ios_large","ios_mosaic","big","med","small","pinterest"]},"first_frame_versions":{"template":"https://coub-anubis-a.akamaized.net/coub_storage/coub/simple/cw_timeline_pic/bdc67e69cc3/0b868efe95a79e67d67de/1456582381_image.jpg","versions":["big","med","small","ios_large"]},"dimensions":{"big":[1280,614],"med":[640,306]},"site_w_h":[640,307],"page_w_h":[640,307],"site_w_h_small":[310,149],"size":[1280,614],"age_restricted":false,"age_restricted_by_admin":false,"not_safe_for_work":false,"allow_reuse":false,"dont_crop":false,"banned":false,"global_safe":true,"audio_file_url":"https://coub-anubis-a.akamaized.net/coub_storage/audio_track/cw_normalized_copy/5b7cbe4e931/7179211d60b9c92562fc6/low_1471196101_1gll1yj_normalized_1456582183_audio.mp3","external_download":false,"application":null,"channel":{"id":428530,"permalink":"yura-stefanov","title":"Yura Stefanov","description":null,"followers_count":110,"following_count":119,"avatar_versions":{"template":"https://coub-anubis-a.akamaized.net/coub_storage/channel/cw_avatar/f242ee98cac/7d76c862846bb56c8536c/%{version}_1474506185_qvq8xy_att-url-download.jpg","versions":["medium","medium_2x","profile_pic","profile_pic_new","profile_pic_new_2x","tiny","tiny_2x","small","small_2x","ios_large","ios_small"]}},"file":null,"picture":"https://coub-anubis-a.akamaized.net/coub_storage/coub/simple/cw_image/6db216344a9/65413835a93e88a23ae9a/1456582382_00030.jpg","timeline_picture":"https://coub-anubis-a.akamaized.net/coub_storage/coub/simple/cw_timeline_pic/bdc67e69cc3/0b868efe95a79e67d67de/1456582381_image.jpg","small_picture":"https://coub-anubis-a.akamaized.net/coub_storage/coub/simple/cw_image/6db216344a9/65413835a93e88a23ae9a/1456582382_00030.jpg","sharing_picture":null,"percent_done":100,"tags":[{"id":74582,"title":"rice","value":"rice"},{"id":1340208,"title":"simmering","value":"simmering"},{"id":3181,"title":"food","value":"food"}],"categories":[{"id":112,"title":"Food & Kitchen","permalink":"food-kitchen","subscriptions_count":2024813,"big_image_url":"https://coub-anubis-a.akamaized.net/coub_storage/category/cw_image/496fb34cd0a/573a3d5c899f3d332162b/big_1622031286_Food-Kitchen.png","small_image_url":"https://coub-anubis-a.akamaized.net/coub_storage/category/cw_image/496fb34cd0a/573a3d5c899f3d332162b/small_1622031286_Food-Kitchen.png","med_image_url":"https://coub-anubis-a.akamaized.net/coub_storage/category/cw_image/496fb34cd0a/573a3d5c899f3d332162b/med_1622031286_Food-Kitchen.png","visible":true}],"communities":[{"id":112,"title":"Food & Kitchen","permalink":"food-kitchen","subscriptions_count":2024813,"big_image_url":"https://coub-anubis-a.akamaized.net/coub_storage/category/cw_image/496fb34cd0a/573a3d5c899f3d332162b/big_1622031286_Food-Kitchen.png","small_image_url":"https://coub-anubis-a.akamaized.net/coub_storage/category/cw_image/496fb34cd0a/573a3d5c899f3d332162b/small_1622031286_Food-Kitchen.png","med_image_url":"https://coub-anubis-a.akamaized.net/coub_storage/category/cw_image/496fb34cd0a/573a3d5c899f3d332162b/med_1622031286_Food-Kitchen.png","i_subscribed":true,"community_notifications_enabled":null,"description":null}],"recoubs_count":19,"remixes_count":0,"likes_count":37,"dislikes_count":0,"raw_video_id":2231121,"uploaded_by_ios_app":false,"uploaded_by_android_app":false,"media_blocks":{"uploaded_raw_videos":[],"external_raw_videos":[],"remixed_from_coubs":[]},"raw_video_thumbnail_url":"/missing/missing.png","raw_video_title":"Boiling.mp4","video_block_banned":false,"duration":9.32,"promo_winner":false,"promo_winner_recoubers":null,"editorial_info":{},"promo_hint":null,"beeline_best_2014":null,"from_web_editor":true,"normalize_sound":true,"normalize_change_allowed":true,"best2015_addable":false,"ahmad_promo":null,"promo_data":null,"audio_copyright_claim":null,"ads_disabled":null,"is_safe_for_ads":true,"megafon_contents":[],"position_on_page":1},{"flag":null,"abuses":null,"recoubs_by_users_channels":null,"favourite":false,"promoted_id":null,"recoub":null,"like":null,"dislike":null,"reaction":null,"in_my_best2015":false,"id":13299940,"type":"Coub::Simple","permalink":"7gwz4","title":"Food showreel","visibility_type":"public","original_visibility_type":"public","channel_id":620516,"created_at":"2015-07-29T11:55:10Z","updated_at":"2021-02-23T12:59:40Z","is_done":true,"views_count":1476,"cotd":null,"cotd_at":null,"visible_on_explore_root":false,"visible_on_explore":false,"featured":false,"published":true,"published_at":"2015-07-29T11:55:10Z","reversed":false,"from_editor_v2":true,"is_editable":true,"original_sound":false,"has_sound":false,"recoub_to":null,"file_versions":{"html5":{"video":{"higher":{"url":"https://coub-anubis-a.akamaized.net/coub_storage/coub/simple/cw_file/e0b95d0fe0c/52d683997338d53b4e569/muted_mp4_huge_size_1575199146_muted_huge.mp4","size":3371005},"high":{"url":"https://coub-anubis-a.akamaized.net/coub_storage/coub/simple/cw_file/e0b95d0fe0c/52d683997338d53b4e569/muted_mp4_big_size_1575199146_muted_big.mp4","size":2454226},"med":{"url":"https://coub-anubis-a.akamaized.net/coub_storage/coub/simple/cw_file/e0b95d0fe0c/52d683997338d53b4e569/muted_mp4_med_size_1575199146_muted_med.mp4","size":703294}},"audio":{"high":{"url":"https://coub-anubis-a.akamaized.net/coub_storage/coub/simple/cw_looped_audio_high/8e13304ec62/b16787249d66b13a5bec7/1605456873_high_1472008937_high.mp3","size":3914406},"med":{"url":"https://coub-anubis-a.akamaized.net/coub_storage/coub/simple/cw_looped_audio_med/c5f9b5ea58f/180a1f9dd9051f180d6fc/1605456872_med_1472008937_med.mp3","size":3320241}}},"mobile":{"video":"https://coub-anubis-a.akamaized.net/coub_storage/coub/simple/cw_file/e0b95d0fe0c/52d683997338d53b4e569/muted_mp4_med_size_1575199146_muted_med.mp4","audio":["https://coub-anubis-a.akamaized.net/coub_storage/coub/simple/cw_looped_audio_med/c5f9b5ea58f/180a1f9dd9051f180d6fc/1605456872_med_1472008937_med.mp3"]},"share":{"default":"https://coub-anubis-a.akamaized.net/coub_storage/coub/simple/cw_video_for_sharing/6ed3666b32b/0889ee37dc25f068f825b/1614085180_looped_1614085179.mp4"}},"audio_versions":{"template":"https://coub-anubis-a.akamaized.net/coub_storage/audio_track/cw_normalized_copy/5e6d4aad000/bde0c38e0060afbe9e2b7/mid_1471316590_6yjqe6_normalized_1438170736_audio.mp3","versions":["mid","low"]},"image_versions":{"template":"https://coub-anubis-a.akamaized.net/coub_storage/coub/simple/cw_image/a2f08e55bb5/a396f20777d3323189527/1472008882_00032.jpg","versions":["micro","tiny","age_restricted","ios_large","ios_mosaic","big","med","small","pinterest"]},"first_frame_versions":{"template":"https://coub-anubis-a.akamaized.net/coub_storage/coub/simple/cw_timeline_pic/303f174b29f/efd75af5f2d8d56b0068a/1472008894_image.jpg","versions":["big","med","small","ios_large"]},"dimensions":{"big":[1280,720],"med":[640,360]},"site_w_h":[640,360],"page_w_h":[640,360],"site_w_h_small":[310,174],"size":[1280,720],"age_restricted":false,"age_restricted_by_admin":false,"not_safe_for_work":false,"allow_reuse":false,"dont_crop":false,"banned":false,"global_safe":true,"audio_file_url":"https://coub-anubis-a.akamaized.net/coub_storage/audio_track/cw_normalized_copy/5e6d4aad000/bde0c38e0060afbe9e2b7/low_1471316590_6yjqe6_normalized_1438170736_audio.mp3","external_download":{"type":"Vimeo","service_name":"Vimeo","url":"http://vimeo.com/90831393","has_embed":true},"application":null,"channel":{"id":620516,"permalink":"gingervik","title":"Gingervik","description":"Food and loop coubs","followers_count":7826,"following_count":24,"avatar_versions":{"template":"https://coub-anubis-a.akamaized.net/coub_storage/channel/cw_avatar/2ae84338d98/ec544e228285befd608e1/%{version}_1607432398_1lkag54_1474519658_rBcSlWco9_0.jpg","versions":["medium","medium_2x","profile_pic","profile_pic_new","profile_pic_new_2x","tiny","tiny_2x","small","small_2x","ios_large","ios_small"]}},"file":null,"picture":"https://coub-anubis-a.akamaized.net/coub_storage/coub/simple/cw_image/a2f08e55bb5/a396f20777d3323189527/1472008882_00032.jpg","timeline_picture":"https://coub-anubis-a.akamaized.net/coub_storage/coub/simple/cw_timeline_pic/303f174b29f/efd75af5f2d8d56b0068a/1472008894_image.jpg","small_picture":"https://coub-anubis-a.akamaized.net/coub_storage/coub/simple/cw_image/a2f08e55bb5/a396f20777d3323189527/1472008882_00032.jpg","sharing_picture":null,"percent_done":100,"tags":[{"id":105373,"title":"coub of the day","value":"coub%20of%20the%20day"},{"id":38221,"title":"delicious","value":"delicious"},{"id":602,"title":"beautiful","value":"beautiful"},{"id":632229,"title":"food video","value":"food%20video"},{"id":10281,"title":"motion","value":"motion"},{"id":921917,"title":"food porno","value":"food%20porno"},{"id":50080,"title":"food porn","value":"food%20porn"},{"id":212383,"title":"foodporn","value":"foodporn"},{"id":746398,"title":"food coub","value":"food%20coub"},{"id":3181,"title":"food","value":"food"},{"id":32736,"title":"showreel","value":"showreel"},{"id":3583,"title":"production","value":"production"},{"id":6669,"title":"ad","value":"ad"},{"id":3082,"title":"video","value":"video"},{"id":84610,"title":"faza","value":"faza"},{"id":35962,"title":"vladivostok","value":"vladivostok"}],"categories":[{"id":112,"title":"Food & Kitchen","permalink":"food-kitchen","subscriptions_count":2024813,"big_image_url":"https://coub-anubis-a.akamaized.net/coub_storage/category/cw_image/496fb34cd0a/573a3d5c899f3d332162b/big_1622031286_Food-Kitchen.png","small_image_url":"https://coub-anubis-a.akamaized.net/coub_storage/category/cw_image/496fb34cd0a/573a3d5c899f3d332162b/small_1622031286_Food-Kitchen.png","med_image_url":"https://coub-anubis-a.akamaized.net/coub_storage/category/cw_image/496fb34cd0a/573a3d5c899f3d332162b/med_1622031286_Food-Kitchen.png","visible":true}],"communities":[{"id":112,"title":"Food & Kitchen","permalink":"food-kitchen","subscriptions_count":2024813,"big_image_url":"https://coub-anubis-a.akamaized.net/coub_storage/category/cw_image/496fb34cd0a/573a3d5c899f3d332162b/big_1622031286_Food-Kitchen.png","small_image_url":"https://coub-anubis-a.akamaized.net/coub_storage/category/cw_image/496fb34cd0a/573a3d5c899f3d332162b/small_1622031286_Food-Kitchen.png","med_image_url":"https://coub-anubis-a.akamaized.net/coub_storage/category/cw_image/496fb34cd0a/573a3d5c899f3d332162b/med_1622031286_Food-Kitchen.png","i_subscribed":true,"community_notifications_enabled":null,"description":null}],"recoubs_count":8,"remixes_count":0,"likes_count":37,"dislikes_count":0,"raw_video_id":1559814,"uploaded_by_ios_app":false,"uploaded_by_android_app":false,"media_blocks":{"uploaded_raw_videos":[],"external_raw_videos":[{"id":11993479,"title":"Food showreel (Faza production)","url":"http://vimeo.com/90831393","image":"https://coub-anubis-a.akamaized.net/coub_storage/media_block/cw_image/5d0bab818f6/a4e06529f9e9c4ec04bc7/1488758199_1438170067_shpctl_att-url-download.jpg","image_retina":"https://coub-anubis-a.akamaized.net/coub_storage/media_block/cw_image/5d0bab818f6/a4e06529f9e9c4ec04bc7/1488758199_1438170067_shpctl_att-url-download.jpg","meta":{"service":"Vimeo","duration":"59.48"},"duration":59.48,"raw_video_id":1559814,"has_embed":true}],"remixed_from_coubs":[],"external_video":{"id":11993479,"title":"Food showreel (Faza production)","url":"http://vimeo.com/90831393","image":"https://coub-anubis-a.akamaized.net/coub_storage/media_block/cw_image/5d0bab818f6/a4e06529f9e9c4ec04bc7/1488758199_1438170067_shpctl_att-url-download.jpg","image_retina":"https://coub-anubis-a.akamaized.net/coub_storage/media_block/cw_image/5d0bab818f6/a4e06529f9e9c4ec04bc7/1488758199_1438170067_shpctl_att-url-download.jpg","meta":{"service":"Vimeo","duration":"59.48"},"duration":59.48,"raw_video_id":1559814,"has_embed":true}},"raw_video_thumbnail_url":"/missing/missing.png","raw_video_title":"Food showreel (Faza production)","video_block_banned":false,"duration":10.0,"promo_winner":false,"promo_winner_recoubers":null,"editorial_info":{},"promo_hint":null,"beeline_best_2014":null,"from_web_editor":true,"normalize_sound":true,"normalize_change_allowed":true,"best2015_addable":false,"ahmad_promo":null,"promo_data":null,"audio_copyright_claim":null,"ads_disabled":null,"is_safe_for_ads":true,"megafon_contents":[],"position_on_page":2},{"flag":null,"abuses":null,"recoubs_by_users_channels":null,"favourite":false,"promoted_id":null,"recoub":null,"like":null,"dislike":null,"reaction":null,"in_my_best2015":false,"id":12638502,"type":"Coub::Simple","permalink":"72qls","title":"Ain't We Got Fun?","visibility_type":"public","original_visibility_type":"public","channel_id":1521027,"created_at":"2015-06-29T20:15:15Z","updated_at":"2022-03-06T22:03:26Z","is_done":true,"views_count":4005,"cotd":null,"cotd_at":null,"visible_on_explore_root":false,"visible_on_explore":false,"featured":false,"published":true,"published_at":"2015-06-29T20:15:15Z","reversed":false,"from_editor_v2":true,"is_editable":true,"original_sound":false,"has_sound":false,"recoub_to":null,"file_versions":{"html5":{"video":{"higher":{"url":"https://coub-anubis-a.akamaized.net/coub_storage/coub/simple/cw_file/87ec11fd473/d4d04f06f2a1b406a421c/muted_mp4_huge_size_1594066270_muted_huge.mp4","size":2673508},"high":{"url":"https://coub-anubis-a.akamaized.net/coub_storage/coub/simple/cw_file/87ec11fd473/d4d04f06f2a1b406a421c/muted_mp4_big_size_1594066270_muted_big.mp4","size":1635376},"med":{"url":"https://coub-anubis-a.akamaized.net/coub_storage/coub/simple/cw_file/87ec11fd473/d4d04f06f2a1b406a421c/muted_mp4_med_size_1594066270_muted_med.mp4","size":536188}},"audio":{"high":{"url":"https://coub-anubis-a.akamaized.net/coub_storage/coub/simple/cw_looped_audio_high/60bc5bb7ef6/3188cafe8076ddc3878ef/1605454929_high_1449267972_high.mp3","size":3677621},"med":{"url":"https://coub-anubis-a.akamaized.net/coub_storage/coub/simple/cw_looped_audio_med/f3592d91d55/69e0133e6a87ddc8583c2/1605454928_med_1449267972_med.mp3","size":2451747}}},"mobile":{"video":"https://coub-anubis-a.akamaized.net/coub_storage/coub/simple/cw_file/87ec11fd473/d4d04f06f2a1b406a421c/muted_mp4_med_size_1594066270_muted_med.mp4","audio":["https://coub-anubis-a.akamaized.net/coub_storage/coub/simple/cw_looped_audio_med/f3592d91d55/69e0133e6a87ddc8583c2/1605454928_med_1449267972_med.mp3"]},"share":{"default":"https://coub-anubis-a.akamaized.net/coub_storage/coub/simple/cw_video_for_sharing/eeec4e8041e/ba0e3221c55153f65d729/1646604206_looped_1646604205.mp4"}},"audio_versions":{"template":"https://coub-anubis-a.akamaized.net/coub_storage/audio_track/cw_normalized_copy/8aca87ffac1/6202fe156fd59cab44bce/mid_1471235433_1130s2t_normalized_1435608200_audio.mp3","versions":["mid","low"]},"image_versions":{"template":"https://coub-anubis-a.akamaized.net/coub_storage/coub/simple/cw_image/235e54d70b8/46ee4634486eb08be8e28/1435609023_00029.jpg","versions":["micro","tiny","age_restricted","ios_large","ios_mosaic","big","med","small","pinterest"]},"first_frame_versions":{"template":"https://coub-anubis-a.akamaized.net/coub_storage/coub/simple/cw_timeline_pic/235e54d70b8/46ee4634486eb08be8e28/%{version}_1435609023_image.jpg","versions":["big","med","small","ios_large"]},"dimensions":{"big":[1280,940],"med":[640,470]},"site_w_h":[640,470],"page_w_h":[640,470],"site_w_h_small":[310,228],"size":[1280,940],"age_restricted":false,"age_restricted_by_admin":false,"not_safe_for_work":false,"allow_reuse":false,"dont_crop":false,"banned":false,"global_safe":true,"audio_file_url":"https://coub-anubis-a.akamaized.net/coub_storage/audio_track/cw_normalized_copy/8aca87ffac1/6202fe156fd59cab44bce/low_1471235433_1130s2t_normalized_1435608200_audio.mp3","external_download":false,"application":null,"channel":{"id":1521027,"permalink":"zlogorek","title":"Zlogorek","description":"I do it all because I`m evil, \r\nAnd I do it all for free. \r\nYour tears are all the pay I`ll ever need!","followers_count":416,"following_count":3,"avatar_versions":{"template":"https://coub-anubis-a.akamaized.net/coub_storage/channel/cw_avatar/95dd27c79fc/91580688101523e81541b/%{version}_1609300766_8v3k2e_1474562797_zlogorek.jpg","versions":["medium","medium_2x","profile_pic","profile_pic_new","profile_pic_new_2x","tiny","tiny_2x","small","small_2x","ios_large","ios_small"]}},"file":null,"picture":"https://coub-anubis-a.akamaized.net/coub_storage/coub/simple/cw_image/235e54d70b8/46ee4634486eb08be8e28/1435609023_00029.jpg","timeline_picture":"https://coub-anubis-a.akamaized.net/coub_storage/coub/simple/cw_timeline_pic/235e54d70b8/46ee4634486eb08be8e28/ios_large_1435609023_image.jpg","small_picture":"https://coub-anubis-a.akamaized.net/coub_storage/coub/simple/cw_image/235e54d70b8/46ee4634486eb08be8e28/1435609023_00029.jpg","sharing_picture":null,"percent_done":100,"tags":[{"id":169,"title":"fun","value":"fun"},{"id":19185,"title":"веселье","value":"%D0%B2%D0%B5%D1%81%D0%B5%D0%BB%D1%8C%D0%B5"},{"id":1003371,"title":"разве нам не весело","value":"%D1%80%D0%B0%D0%B7%D0%B2%D0%B5%20%D0%BD%D0%B0%D0%BC%20%D0%BD%D0%B5%20%D0%B2%D0%B5%D1%81%D0%B5%D0%BB%D0%BE"},{"id":1003370,"title":"дорис дэй","value":"%D0%B4%D0%BE%D1%80%D0%B8%D1%81%20%D0%B4%D1%8D%D0%B9"},{"id":1003369,"title":"гордон макрэй","value":"%D0%B3%D0%BE%D1%80%D0%B4%D0%BE%D0%BD%20%D0%BC%D0%B0%D0%BA%D1%80%D1%8D%D0%B9"},{"id":1003368,"title":"в свете серебристой луны","value":"%D0%B2%20%D1%81%D0%B2%D0%B5%D1%82%D0%B5%20%D1%81%D0%B5%D1%80%D0%B5%D0%B1%D1%80%D0%B8%D1%81%D1%82%D0%BE%D0%B9%20%D0%BB%D1%83%D0%BD%D1%8B"},{"id":307144,"title":"foxtrot","value":"foxtrot"},{"id":690619,"title":"фокстрот","value":"%D1%84%D0%BE%D0%BA%D1%81%D1%82%D1%80%D0%BE%D1%82"},{"id":40403,"title":"песни из фильмов","value":"%D0%BF%D0%B5%D1%81%D0%BD%D0%B8%20%D0%B8%D0%B7%20%D1%84%D0%B8%D0%BB%D1%8C%D0%BC%D0%BE%D0%B2"},{"id":357243,"title":"песня из фильма","value":"%D0%BF%D0%B5%D1%81%D0%BD%D1%8F%20%D0%B8%D0%B7%20%D1%84%D0%B8%D0%BB%D1%8C%D0%BC%D0%B0"},{"id":8085,"title":"саундтрек","value":"%D1%81%D0%B0%D1%83%D0%BD%D0%B4%D1%82%D1%80%D0%B5%D0%BA"},{"id":681340,"title":"киномомент","value":"%D0%BA%D0%B8%D0%BD%D0%BE%D0%BC%D0%BE%D0%BC%D0%B5%D0%BD%D1%82"},{"id":374531,"title":"киномоменты","value":"%D0%BA%D0%B8%D0%BD%D0%BE%D0%BC%D0%BE%D0%BC%D0%B5%D0%BD%D1%82%D1%8B"},{"id":90,"title":"фильм","value":"%D1%84%D0%B8%D0%BB%D1%8C%D0%BC"},{"id":2057,"title":"кино","value":"%D0%BA%D0%B8%D0%BD%D0%BE"},{"id":72,"title":"мюзикл","value":"%D0%BC%D1%8E%D0%B7%D0%B8%D0%BA%D0%BB"},{"id":1160,"title":"музыка","value":"%D0%BC%D1%83%D0%B7%D1%8B%D0%BA%D0%B0"},{"id":19822,"title":"кастрюля","value":"%D0%BA%D0%B0%D1%81%D1%82%D1%80%D1%8E%D0%BB%D1%8F"},{"id":1003367,"title":"ведёрко со льдом","value":"%D0%B2%D0%B5%D0%B4%D1%91%D1%80%D0%BA%D0%BE%20%D1%81%D0%BE%20%D0%BB%D1%8C%D0%B4%D0%BE%D0%BC"},{"id":19586,"title":"лёд","value":"%D0%BB%D1%91%D0%B4"},{"id":298827,"title":"виниловая пластинка","value":"%D0%B2%D0%B8%D0%BD%D0%B8%D0%BB%D0%BE%D0%B2%D0%B0%D1%8F%20%D0%BF%D0%BB%D0%B0%D1%81%D1%82%D0%B8%D0%BD%D0%BA%D0%B0"},{"id":87573,"title":"винил","value":"%D0%B2%D0%B8%D0%BD%D0%B8%D0%BB"},{"id":943960,"title":"грампластинка","value":"%D0%B3%D1%80%D0%B0%D0%BC%D0%BF%D0%BB%D0%B0%D1%81%D1%82%D0%B8%D0%BD%D0%BA%D0%B0"},{"id":80925,"title":"граммофон","value":"%D0%B3%D1%80%D0%B0%D0%BC%D0%BC%D0%BE%D1%84%D0%BE%D0%BD"},{"id":80926,"title":"патефон","value":"%D0%BF%D0%B0%D1%82%D0%B5%D1%84%D0%BE%D0%BD"},{"id":1003366,"title":"vinyl disc","value":"vinyl%20disc"},{"id":490835,"title":"ice bucket","value":"ice%20bucket"},{"id":121331,"title":"gramophone","value":"gramophone"},{"id":231743,"title":"movie song","value":"movie%20song"},{"id":117203,"title":"movie songs","value":"movie%20songs"},{"id":6294,"title":"soundtrack","value":"soundtrack"},{"id":745738,"title":"movie soundtrack","value":"movie%20soundtrack"},{"id":307385,"title":"moviemoments","value":"moviemoments"},{"id":154,"title":"movie","value":"movie"},{"id":1003365,"title":"by the light of the silvery moon","value":"by%20the%20light%20of%20the%20silvery%20moon"},{"id":1003364,"title":"gordon macrae","value":"gordon%20macrae"},{"id":17152,"title":"musical","value":"musical"},{"id":395953,"title":"doris day","value":"doris%20day"},{"id":86,"title":"music","value":"music"},{"id":1003363,"title":"ain't we got fun","value":"ain't%20we%20got%20fun"}],"categories":[{"id":112,"title":"Food & Kitchen","permalink":"food-kitchen","subscriptions_count":2024813,"big_image_url":"https://coub-anubis-a.akamaized.net/coub_storage/category/cw_image/496fb34cd0a/573a3d5c899f3d332162b/big_1622031286_Food-Kitchen.png","small_image_url":"https://coub-anubis-a.akamaized.net/coub_storage/category/cw_image/496fb34cd0a/573a3d5c899f3d332162b/small_1622031286_Food-Kitchen.png","med_image_url":"https://coub-anubis-a.akamaized.net/coub_storage/category/cw_image/496fb34cd0a/573a3d5c899f3d332162b/med_1622031286_Food-Kitchen.png","visible":true}],"communities":[{"id":112,"title":"Food & Kitchen","permalink":"food-kitchen","subscriptions_count":2024813,"big_image_url":"https://coub-anubis-a.akamaized.net/coub_storage/category/cw_image/496fb34cd0a/573a3d5c899f3d332162b/big_1622031286_Food-Kitchen.png","small_image_url":"https://coub-anubis-a.akamaized.net/coub_storage/category/cw_image/496fb34cd0a/573a3d5c899f3d332162b/small_1622031286_Food-Kitchen.png","med_image_url":"https://coub-anubis-a.akamaized.net/coub_storage/category/cw_image/496fb34cd0a/573a3d5c899f3d332162b/med_1622031286_Food-Kitchen.png","i_subscribed":true,"community_notifications_enabled":null,"description":null}],"recoubs_count":8,"remixes_count":0,"likes_count":37,"dislikes_count":0,"raw_video_id":1487131,"uploaded_by_ios_app":false,"uploaded_by_android_app":false,"media_blocks":{"uploaded_raw_videos":[],"external_raw_videos":[],"remixed_from_coubs":[]},"raw_video_thumbnail_url":"/missing/missing.png","raw_video_title":"Ain_t_We_Got_Fun.mp4","video_block_banned":false,"duration":9.2,"promo_winner":false,"promo_winner_recoubers":null,"editorial_info":{},"promo_hint":null,"beeline_best_2014":null,"from_web_editor":true,"normalize_sound":true,"normalize_change_allowed":true,"best2015_addable":false,"ahmad_promo":null,"promo_data":null,"audio_copyright_claim":null,"ads_disabled":null,"is_safe_for_ads":true,"megafon_contents":[],"position_on_page":3},{"flag":null,"abuses":null,"recoubs_by_users_channels":null,"favourite":false,"promoted_id":null,"recoub":null,"like":null,"dislike":null,"reaction":null,"in_my_best2015":false,"id":10573405,"type":"Coub::Simple","permalink":"5uh5e","title":"Violin and food","visibility_type":"public","original_visibility_type":"public","channel_id":620516,"created_at":"2015-04-09T14:28:21Z","updated_at":"2020-11-15T14:09:49Z","is_done":true,"views_count":1400,"cotd":null,"cotd_at":null,"visible_on_explore_root":false,"visible_on_explore":false,"featured":false,"published":true,"published_at":"2015-04-09T14:28:21Z","reversed":false,"from_editor_v2":true,"is_editable":true,"original_sound":false,"has_sound":false,"recoub_to":null,"file_versions":{"html5":{"video":{"higher":{"url":"https://coub-anubis-a.akamaized.net/coub_storage/coub/simple/cw_file/793de0bd569/41cbc8109a57ef2d30d21/muted_mp4_huge_size_1574330059_muted_huge.mp4","size":4868724},"high":{"url":"https://coub-anubis-a.akamaized.net/coub_storage/coub/simple/cw_file/793de0bd569/41cbc8109a57ef2d30d21/muted_mp4_big_size_1574330059_muted_big.mp4","size":3172856},"med":{"url":"https://coub-anubis-a.akamaized.net/coub_storage/coub/simple/cw_file/793de0bd569/41cbc8109a57ef2d30d21/muted_mp4_med_size_1574330059_muted_med.mp4","size":1171071}},"audio":{"high":{"url":"https://coub-anubis-a.akamaized.net/coub_storage/coub/simple/cw_looped_audio_high/d7475803d45/ca2a99f758c79fac7427c/1605449388_high_1471775718_high.mp3","size":6949904},"med":{"url":"https://coub-anubis-a.akamaized.net/coub_storage/coub/simple/cw_looped_audio_med/bcfa6847da9/3a4f2db59cf8cf73558b2/1605449387_med_1471775718_med.mp3","size":5590255}}},"mobile":{"video":"https://coub-anubis-a.akamaized.net/coub_storage/coub/simple/cw_file/793de0bd569/41cbc8109a57ef2d30d21/muted_mp4_med_size_1574330059_muted_med.mp4","audio":["https://coub-anubis-a.akamaized.net/coub_storage/coub/simple/cw_looped_audio_med/bcfa6847da9/3a4f2db59cf8cf73558b2/1605449387_med_1471775718_med.mp3"]},"share":{"default":null}},"audio_versions":{"template":"https://coub-anubis-a.akamaized.net/coub_storage/audio_track/cw_file/0db15fb75dc/e6686c0967ddadc33b2ba/mid_1471219418_audio.mp3","versions":["mid","low"]},"image_versions":{"template":"https://coub-anubis-a.akamaized.net/coub_storage/coub/simple/cw_image/67c41a44af3/c5a954c3948505ff165a5/1471775646_00030.jpg","versions":["micro","tiny","age_restricted","ios_large","ios_mosaic","big","med","small","pinterest"]},"first_frame_versions":{"template":"https://coub-anubis-a.akamaized.net/coub_storage/coub/simple/cw_timeline_pic/d12ff34d218/3d6fd1510e4d30f63863c/%{version}_1471775661_image.jpg","versions":["big","med","small","ios_large"]},"dimensions":{"big":[1280,720],"med":[640,360]},"site_w_h":[640,360],"page_w_h":[640,360],"site_w_h_small":[310,174],"size":[1280,720],"age_restricted":false,"age_restricted_by_admin":false,"not_safe_for_work":false,"allow_reuse":false,"dont_crop":false,"banned":false,"global_safe":true,"audio_file_url":"https://coub-anubis-a.akamaized.net/coub_storage/audio_track/cw_file/0db15fb75dc/e6686c0967ddadc33b2ba/low_1471219418_audio.mp3","external_download":{"type":"Youtube","service_name":"YouTube","url":"http://www.youtube.com/watch?v=rPNojSdXUCs","has_embed":true},"application":null,"channel":{"id":620516,"permalink":"gingervik","title":"Gingervik","description":"Food and loop coubs","followers_count":7826,"following_count":24,"avatar_versions":{"template":"https://coub-anubis-a.akamaized.net/coub_storage/channel/cw_avatar/2ae84338d98/ec544e228285befd608e1/%{version}_1607432398_1lkag54_1474519658_rBcSlWco9_0.jpg","versions":["medium","medium_2x","profile_pic","profile_pic_new","profile_pic_new_2x","tiny","tiny_2x","small","small_2x","ios_large","ios_small"]}},"file":null,"picture":"https://coub-anubis-a.akamaized.net/coub_storage/coub/simple/cw_image/67c41a44af3/c5a954c3948505ff165a5/1471775646_00030.jpg","timeline_picture":"https://coub-anubis-a.akamaized.net/coub_storage/coub/simple/cw_timeline_pic/d12ff34d218/3d6fd1510e4d30f63863c/ios_large_1471775661_image.jpg","small_picture":"https://coub-anubis-a.akamaized.net/coub_storage/coub/simple/cw_image/67c41a44af3/c5a954c3948505ff165a5/1471775646_00030.jpg","sharing_picture":null,"percent_done":100,"tags":[{"id":105373,"title":"coub of the day","value":"coub%20of%20the%20day"},{"id":50080,"title":"food porn","value":"food%20porn"},{"id":746398,"title":"food coub","value":"food%20coub"},{"id":34309,"title":"foods","value":"foods"},{"id":13872,"title":"healthy","value":"healthy"},{"id":248654,"title":"chicken meat","value":"chicken%20meat"},{"id":3322,"title":"sauce","value":"sauce"},{"id":34308,"title":"vegetarian","value":"vegetarian"},{"id":59893,"title":"cuisine","value":"cuisine"},{"id":4414,"title":"eating","value":"eating"},{"id":32139,"title":"meat","value":"meat"},{"id":16629,"title":"dinner","value":"dinner"},{"id":32032,"title":"kitchen","value":"kitchen"},{"id":1306,"title":"chicken","value":"chicken"},{"id":34304,"title":"recipes","value":"recipes"},{"id":13040,"title":"cook","value":"cook"},{"id":34300,"title":"recipe","value":"recipe"},{"id":7341,"title":"cooking","value":"cooking"},{"id":3181,"title":"food","value":"food"},{"id":754846,"title":"autumn food","value":"autumn%20food"},{"id":880565,"title":"m&s food","value":"m&s%20food"},{"id":545275,"title":"marks & spencer","value":"marks%20&%20spencer"}],"categories":[{"id":112,"title":"Food & Kitchen","permalink":"food-kitchen","subscriptions_count":2024813,"big_image_url":"https://coub-anubis-a.akamaized.net/coub_storage/category/cw_image/496fb34cd0a/573a3d5c899f3d332162b/big_1622031286_Food-Kitchen.png","small_image_url":"https://coub-anubis-a.akamaized.net/coub_storage/category/cw_image/496fb34cd0a/573a3d5c899f3d332162b/small_1622031286_Food-Kitchen.png","med_image_url":"https://coub-anubis-a.akamaized.net/coub_storage/category/cw_image/496fb34cd0a/573a3d5c899f3d332162b/med_1622031286_Food-Kitchen.png","visible":true}],"communities":[{"id":112,"title":"Food & Kitchen","permalink":"food-kitchen","subscriptions_count":2024813,"big_image_url":"https://coub-anubis-a.akamaized.net/coub_storage/category/cw_image/496fb34cd0a/573a3d5c899f3d332162b/big_1622031286_Food-Kitchen.png","small_image_url":"https://coub-anubis-a.akamaized.net/coub_storage/category/cw_image/496fb34cd0a/573a3d5c899f3d332162b/small_1622031286_Food-Kitchen.png","med_image_url":"https://coub-anubis-a.akamaized.net/coub_storage/category/cw_image/496fb34cd0a/573a3d5c899f3d332162b/med_1622031286_Food-Kitchen.png","i_subscribed":true,"community_notifications_enabled":null,"description":null}],"recoubs_count":10,"remixes_count":0,"likes_count":37,"dislikes_count":0,"raw_video_id":1213447,"uploaded_by_ios_app":false,"uploaded_by_android_app":false,"media_blocks":{"uploaded_raw_videos":[],"external_raw_videos":[{"id":11719474,"title":"M&S Food TV Ad 2014 - Adventures in Ice: Duck","url":"http://www.youtube.com/watch?v=rPNojSdXUCs","image":"https://coub-anubis-a.akamaized.net/coub_storage/media_block/cw_image/792bfaa8b94/323d2c3971910372e0741/1492496837_1427016371_1pny2xp_att-url-download.jpg","image_retina":"https://coub-anubis-a.akamaized.net/coub_storage/media_block/cw_image/792bfaa8b94/323d2c3971910372e0741/1492496837_1427016371_1pny2xp_att-url-download.jpg","meta":{"service":"Youtube","duration":"19.96"},"duration":19.96,"raw_video_id":1213447,"has_embed":true}],"remixed_from_coubs":[],"audio_track":{"id":19566541,"title":"Primavera Portena","url":null,"image":null,"image_retina":null,"meta":{"year":null,"album":"Eight Seasons: Astor Piazzolla - Four Seasons Of Buenos Aires; Vivaldi - Four Seasons","title":"Primavera Portena","artist":"Gidon Kremer","echonest_id":null},"duration":null,"amazon_url":null,"google_play_url":null,"bandcamp_url":null,"soundcloud_url":null,"track_name":null,"track_artist":null,"track_album":null,"itunes_url":null},"external_video":{"id":11719474,"title":"M&S Food TV Ad 2014 - Adventures in Ice: Duck","url":"http://www.youtube.com/watch?v=rPNojSdXUCs","image":"https://coub-anubis-a.akamaized.net/coub_storage/media_block/cw_image/792bfaa8b94/323d2c3971910372e0741/1492496837_1427016371_1pny2xp_att-url-download.jpg","image_retina":"https://coub-anubis-a.akamaized.net/coub_storage/media_block/cw_image/792bfaa8b94/323d2c3971910372e0741/1492496837_1427016371_1pny2xp_att-url-download.jpg","meta":{"service":"Youtube","duration":"19.96"},"duration":19.96,"raw_video_id":1213447,"has_embed":true}},"raw_video_thumbnail_url":"/missing/missing.png","raw_video_title":"M&S Food TV Ad 2014 - Adventures in Ice: Duck","video_block_banned":false,"duration":9.28,"promo_winner":false,"promo_winner_recoubers":null,"editorial_info":{},"promo_hint":null,"beeline_best_2014":null,"from_web_editor":true,"normalize_sound":true,"normalize_change_allowed":true,"best2015_addable":false,"ahmad_promo":null,"promo_data":null,"audio_copyright_claim":null,"ads_disabled":null,"is_safe_for_ads":true,"megafon_contents":[],"position_on_page":4},{"flag":null,"abuses":null,"recoubs_by_users_channels":null,"favourite":false,"promoted_id":null,"recoub":null,"like":null,"dislike":null,"reaction":null,"in_my_best2015":false,"id":181549890,"type":"Coub::Simple","permalink":"2zqrq4","title":"Увела у мужа арбуз, чтобы приготовить..","visibility_type":"public","original_visibility_type":"public","channel_id":4990408,"created_at":"2022-01-16T10:48:28Z","updated_at":"2022-01-25T23:32:55Z","is_done":true,"views_count":44566,"cotd":null,"cotd_at":null,"visible_on_explore_root":false,"visible_on_explore":false,"featured":false,"published":true,"published_at":"2022-01-16T10:48:28Z","reversed":false,"from_editor_v2":true,"is_editable":true,"original_sound":false,"has_sound":false,"recoub_to":null,"file_versions":{"html5":{"video":{"higher":{"url":"https://coub-anubis-a.akamaized.net/coub_storage/coub/simple/cw_file/0e736d22ddc/1a180f4f2494414e17163/muted_mp4_huge_size_1642330118_muted_huge.mp4","size":1412451},"high":{"url":"https://coub-anubis-a.akamaized.net/coub_storage/coub/simple/cw_file/0e736d22ddc/1a180f4f2494414e17163/muted_mp4_big_size_1642330118_muted_big.mp4","size":889100},"med":{"url":"https://coub-anubis-a.akamaized.net/coub_storage/coub/simple/cw_file/0e736d22ddc/1a180f4f2494414e17163/muted_mp4_med_size_1642330118_muted_med.mp4","size":310797}},"audio":{"high":{"url":"https://coub-anubis-a.akamaized.net/coub_storage/coub/simple/cw_looped_audio_high/96cd6693f16/5b8f958756ed59abfacbf/1642330124_mp3-high.mp3","size":1316077},"med":{"url":"https://coub-anubis-a.akamaized.net/coub_storage/coub/simple/cw_looped_audio_med/277525ad2c6/18b5389eb30ab5c1b6ca5/1642330123_mp3-med.mp3","size":929493}}},"mobile":{"video":"https://coub-anubis-a.akamaized.net/coub_storage/coub/simple/cw_file/0e736d22ddc/1a180f4f2494414e17163/muted_mp4_med_size_1642330118_muted_med.mp4","audio":["https://coub-anubis-a.akamaized.net/coub_storage/coub/simple/cw_looped_audio_med/277525ad2c6/18b5389eb30ab5c1b6ca5/1642330123_mp3-med.mp3"]},"share":{"default":"https://coub-anubis-a.akamaized.net/coub_storage/coub/simple/cw_video_for_sharing/adb29080476/ce0e303596f211d35516b/1642330152_looped_1642330151.mp4"}},"audio_versions":{"template":"https://coub-anubis-a.akamaized.net/coub_storage/audio_track/cw_file/bf182ce842c/f766a2943fdcd296ef714/mid_1642330119_19av6uc_edited.mp3","versions":["mid","low"]},"image_versions":{"template":"https://coub-anubis-a.akamaized.net/coub_storage/coub/simple/cw_image/36d6cbe316a/6f16717ee95f413686ebb/%{version}_1642330127_00028.jpg","versions":["micro","tiny","age_restricted","ios_large","ios_mosaic","big","med","small","pinterest"]},"first_frame_versions":{"template":"https://coub-anubis-a.akamaized.net/coub_storage/coub/simple/cw_timeline_pic/7edfe3b71d2/b51b25f8cc944e7db0922/%{version}_1642330127_image.jpg","versions":["big","med","small","ios_large"]},"dimensions":{"big":[538,960],"med":[268,480]},"site_w_h":[224,400],"page_w_h":[400,714],"site_w_h_small":[310,553],"size":[538,960],"age_restricted":false,"age_restricted_by_admin":false,"not_safe_for_work":null,"allow_reuse":false,"dont_crop":true,"banned":false,"global_safe":null,"audio_file_url":"https://coub-anubis-a.akamaized.net/coub_storage/audio_track/cw_file/bf182ce842c/f766a2943fdcd296ef714/low_1642330119_19av6uc_edited.mp3","external_download":{"type":"Youtube","service_name":"YouTube","url":"https://youtu.be/O8HoJf9CQGk","has_embed":true},"application":null,"channel":{"id":4990408,"permalink":"ivan-pervoj","title":"Ivan Pervoy","description":null,"followers_count":13,"following_count":0,"avatar_versions":{"template":"https://coubsecureassets-a.akamaihd.net/assets/default-avatars/248-fa3e3006f1c4df63c32fd59604cd28dd06175c257bdeaaf88592d4467c3d5680.png"}},"file":null,"picture":"https://coub-anubis-a.akamaized.net/coub_storage/coub/simple/cw_image/36d6cbe316a/6f16717ee95f413686ebb/med_1642330127_00028.jpg","timeline_picture":"https://coub-anubis-a.akamaized.net/coub_storage/coub/simple/cw_timeline_pic/7edfe3b71d2/b51b25f8cc944e7db0922/ios_large_1642330127_image.jpg","small_picture":"https://coub-anubis-a.akamaized.net/coub_storage/coub/simple/cw_image/36d6cbe316a/6f16717ee95f413686ebb/ios_mosaic_1642330127_00028.jpg","sharing_picture":null,"percent_done":100,"tags":[{"id":13211,"title":"арбуз","value":"%D0%B0%D1%80%D0%B1%D1%83%D0%B7"},{"id":18288,"title":"мороженое","value":"%D0%BC%D0%BE%D1%80%D0%BE%D0%B6%D0%B5%D0%BD%D0%BE%D0%B5"},{"id":6701417,"title":"мороженое из арбуза","value":"%D0%BC%D0%BE%D1%80%D0%BE%D0%B6%D0%B5%D0%BD%D0%BE%D0%B5%20%D0%B8%D0%B7%20%D0%B0%D1%80%D0%B1%D1%83%D0%B7%D0%B0"},{"id":6701418,"title":"лед из арбуза","value":"%D0%BB%D0%B5%D0%B4%20%D0%B8%D0%B7%20%D0%B0%D1%80%D0%B1%D1%83%D0%B7%D0%B0"},{"id":6701419,"title":"сорбет из арбуза","value":"%D1%81%D0%BE%D1%80%D0%B1%D0%B5%D1%82%20%D0%B8%D0%B7%20%D0%B0%D1%80%D0%B1%D1%83%D0%B7%D0%B0"},{"id":5119692,"title":"домашнее мороженое","value":"%D0%B4%D0%BE%D0%BC%D0%B0%D1%88%D0%BD%D0%B5%D0%B5%20%D0%BC%D0%BE%D1%80%D0%BE%D0%B6%D0%B5%D0%BD%D0%BE%D0%B5"},{"id":1134032,"title":"как приготовить мороженое","value":"%D0%BA%D0%B0%D0%BA%20%D0%BF%D1%80%D0%B8%D0%B3%D0%BE%D1%82%D0%BE%D0%B2%D0%B8%D1%82%D1%8C%20%D0%BC%D0%BE%D1%80%D0%BE%D0%B6%D0%B5%D0%BD%D0%BE%D0%B5"},{"id":3028012,"title":"мороженое в домашних условиях","value":"%D0%BC%D0%BE%D1%80%D0%BE%D0%B6%D0%B5%D0%BD%D0%BE%D0%B5%20%D0%B2%20%D0%B4%D0%BE%D0%BC%D0%B0%D1%88%D0%BD%D0%B8%D1%85%20%D1%83%D1%81%D0%BB%D0%BE%D0%B2%D0%B8%D1%8F%D1%85"},{"id":6701420,"title":"как сделать мороженое из арбуза","value":"%D0%BA%D0%B0%D0%BA%20%D1%81%D0%B4%D0%B5%D0%BB%D0%B0%D1%82%D1%8C%20%D0%BC%D0%BE%D1%80%D0%BE%D0%B6%D0%B5%D0%BD%D0%BE%D0%B5%20%D0%B8%D0%B7%20%D0%B0%D1%80%D0%B1%D1%83%D0%B7%D0%B0"},{"id":6701421,"title":"мороженое из арбуза рецепт","value":"%D0%BC%D0%BE%D1%80%D0%BE%D0%B6%D0%B5%D0%BD%D0%BE%D0%B5%20%D0%B8%D0%B7%20%D0%B0%D1%80%D0%B1%D1%83%D0%B7%D0%B0%20%D1%80%D0%B5%D1%86%D0%B5%D0%BF%D1%82"},{"id":3272540,"title":"рецепт мороженого","value":"%D1%80%D0%B5%D1%86%D0%B5%D0%BF%D1%82%20%D0%BC%D0%BE%D1%80%D0%BE%D0%B6%D0%B5%D0%BD%D0%BE%D0%B3%D0%BE"},{"id":22085,"title":"настя","value":"%D0%BD%D0%B0%D1%81%D1%82%D1%8F"},{"id":541566,"title":"дело вкуса","value":"%D0%B4%D0%B5%D0%BB%D0%BE%20%D0%B2%D0%BA%D1%83%D1%81%D0%B0"},{"id":12148,"title":"shorts","value":"shorts"}],"categories":[{"id":112,"title":"Food & Kitchen","permalink":"food-kitchen","subscriptions_count":2024813,"big_image_url":"https://coub-anubis-a.akamaized.net/coub_storage/category/cw_image/496fb34cd0a/573a3d5c899f3d332162b/big_1622031286_Food-Kitchen.png","small_image_url":"https://coub-anubis-a.akamaized.net/coub_storage/category/cw_image/496fb34cd0a/573a3d5c899f3d332162b/small_1622031286_Food-Kitchen.png","med_image_url":"https://coub-anubis-a.akamaized.net/coub_storage/category/cw_image/496fb34cd0a/573a3d5c899f3d332162b/med_1622031286_Food-Kitchen.png","visible":true}],"communities":[{"id":112,"title":"Food & Kitchen","permalink":"food-kitchen","subscriptions_count":2024813,"big_image_url":"https://coub-anubis-a.akamaized.net/coub_storage/category/cw_image/496fb34cd0a/573a3d5c899f3d332162b/big_1622031286_Food-Kitchen.png","small_image_url":"https://coub-anubis-a.akamaized.net/coub_storage/category/cw_image/496fb34cd0a/573a3d5c899f3d332162b/small_1622031286_Food-Kitchen.png","med_image_url":"https://coub-anubis-a.akamaized.net/coub_storage/category/cw_image/496fb34cd0a/573a3d5c899f3d332162b/med_1622031286_Food-Kitchen.png","i_subscribed":true,"community_notifications_enabled":null,"description":null}],"recoubs_count":5,"remixes_count":0,"likes_count":36,"dislikes_count":0,"raw_video_id":17065576,"uploaded_by_ios_app":false,"uploaded_by_android_app":false,"media_blocks":{"uploaded_raw_videos":[],"external_raw_videos":[{"id":40828404,"title":"Увела у мужа арбуз, чтобы приготовить..","url":"https://www.youtube.com/watch?v=O8HoJf9CQGk","image":"https://coub-anubis-a.akamaized.net/coub_storage/media_block/cw_image/58d6c8d8304/67f206b933ca411b5326a/video_1642328811_19ufrae_1642328800_ynafsn_att-url-download.jpg","image_retina":"https://coub-anubis-a.akamaized.net/coub_storage/media_block/cw_image/58d6c8d8304/67f206b933ca411b5326a/video_retina_1642328811_19ufrae_1642328800_ynafsn_att-url-download.jpg","meta":{"service":"Youtube","duration":"34.781"},"duration":34.781,"raw_video_id":17065576,"has_embed":true}],"remixed_from_coubs":[],"external_video":{"id":40828404,"title":"Увела у мужа арбуз, чтобы приготовить..","url":"https://www.youtube.com/watch?v=O8HoJf9CQGk","image":"https://coub-anubis-a.akamaized.net/coub_storage/media_block/cw_image/58d6c8d8304/67f206b933ca411b5326a/video_1642328811_19ufrae_1642328800_ynafsn_att-url-download.jpg","image_retina":"https://coub-anubis-a.akamaized.net/coub_storage/media_block/cw_image/58d6c8d8304/67f206b933ca411b5326a/video_retina_1642328811_19ufrae_1642328800_ynafsn_att-url-download.jpg","meta":{"service":"Youtube","duration":"34.781"},"duration":34.781,"raw_video_id":17065576,"has_embed":true}},"raw_video_thumbnail_url":"https://coub-anubis-a.akamaized.net/coub_storage/raw_video/cw_image/a514ad0185a/4e0d5e25dfff473f1e522/coub_media_1642328800_1642328800_ynafsn_att-url-download.jpg","raw_video_title":"Увела у мужа арбуз, чтобы приготовить..","video_block_banned":false,"duration":8.76,"promo_winner":false,"promo_winner_recoubers":null,"editorial_info":{},"promo_hint":null,"beeline_best_2014":null,"from_web_editor":true,"normalize_sound":false,"normalize_change_allowed":true,"best2015_addable":false,"ahmad_promo":null,"promo_data":null,"audio_copyright_claim":null,"ads_disabled":null,"is_safe_for_ads":true,"megafon_contents":[],"position_on_page":5},{"flag":null,"abuses":null,"recoubs_by_users_channels":null,"favourite":false,"promoted_id":null,"recoub":null,"like":null,"dislike":null,"reaction":null,"in_my_best2015":false,"id":176267796,"type":"Coub::Simple","permalink":"2wlk0c","title":"Ivanics Sr. beköszön","visibility_type":"public","original_visibility_type":"public","channel_id":3135235,"created_at":"2021-09-29T10:25:33Z","updated_at":"2022-01-12T19:35:37Z","is_done":true,"views_count":43157,"cotd":null,"cotd_at":null,"visible_on_explore_root":false,"visible_on_explore":false,"featured":false,"published":true,"published_at":"2021-09-29T10:25:33Z","reversed":false,"from_editor_v2":true,"is_editable":true,"original_sound":false,"has_sound":false,"recoub_to":null,"file_versions":{"html5":{"video":{"higher":{"url":"https://coub-anubis-a.akamaized.net/coub_storage/coub/simple/cw_file/8e5d8dcd664/1b4d3dc461829f5e11b02/muted_mp4_huge_size_1632913425_muted_huge.mp4","size":4454174},"high":{"url":"https://coub-anubis-a.akamaized.net/coub_storage/coub/simple/cw_file/8e5d8dcd664/1b4d3dc461829f5e11b02/muted_mp4_big_size_1632913425_muted_big.mp4","size":3142318},"med":{"url":"https://coub-anubis-a.akamaized.net/coub_storage/coub/simple/cw_file/8e5d8dcd664/1b4d3dc461829f5e11b02/muted_mp4_med_size_1632913425_muted_med.mp4","size":875373}},"audio":{"high":{"url":"https://coub-anubis-a.akamaized.net/coub_storage/coub/simple/cw_looped_audio_high/efac4b1fe34/58a0ecee04d2e87e141f4/1632913434_mp3-high.mp3","size":1285055},"med":{"url":"https://coub-anubis-a.akamaized.net/coub_storage/coub/simple/cw_looped_audio_med/2edb2a6a455/4d1ed49252b646c89ddad/1632913433_mp3-med.mp3","size":917921}}},"mobile":{"video":"https://coub-anubis-a.akamaized.net/coub_storage/coub/simple/cw_file/8e5d8dcd664/1b4d3dc461829f5e11b02/muted_mp4_med_size_1632913425_muted_med.mp4","audio":["https://coub-anubis-a.akamaized.net/coub_storage/coub/simple/cw_looped_audio_med/2edb2a6a455/4d1ed49252b646c89ddad/1632913433_mp3-med.mp3"]},"share":{"default":"https://coub-anubis-a.akamaized.net/coub_storage/coub/simple/cw_video_for_sharing/51c43cb8ff3/371e2613cf9dbe5f0e1f5/1632913571_looped_1632913567.mp4"}},"audio_versions":{"template":"https://coub-anubis-a.akamaized.net/coub_storage/audio_track/cw_file/cfecf430942/018629e55b046fceafb7a/mid_1632913427_gc0mei_edited.mp3","versions":["mid","low"]},"image_versions":{"template":"https://coub-anubis-a.akamaized.net/coub_storage/coub/simple/cw_image/8f36eb02150/36a76e1d9e3be81d4b243/%{version}_1632913456_00031.jpg","versions":["micro","tiny","age_restricted","ios_large","ios_mosaic","big","med","small","pinterest"]},"first_frame_versions":{"template":"https://coub-anubis-a.akamaized.net/coub_storage/coub/simple/cw_timeline_pic/8807848b0f4/22846bb31bdbef3de40ea/%{version}_1632913454_image.jpg","versions":["big","med","small","ios_large"]},"dimensions":{"big":[1280,720],"med":[640,360]},"site_w_h":[640,360],"page_w_h":[640,360],"site_w_h_small":[310,174],"size":[1280,720],"age_restricted":false,"age_restricted_by_admin":false,"not_safe_for_work":null,"allow_reuse":false,"dont_crop":true,"banned":false,"global_safe":true,"audio_file_url":"https://coub-anubis-a.akamaized.net/coub_storage/audio_track/cw_file/cfecf430942/018629e55b046fceafb7a/low_1632913427_gc0mei_edited.mp3","external_download":{"type":"Youtube","service_name":"YouTube","url":"https://www.youtube.com/watch?v=Ad9OrMzfOGE","has_embed":true},"application":null,"channel":{"id":3135235,"permalink":"a3090000","title":"A309","description":null,"followers_count":49,"following_count":63,"avatar_versions":{"template":"https://coub-anubis-a.akamaized.net/coub_storage/channel/cw_avatar/630cf3bf7aa/37c01229d308441b3b52a/%{version}_1607426805_1e3wm2z_1501180212_95610f030e2f8aaac643eedb6f2efe10bc27ed55.jpg","versions":["medium","medium_2x","profile_pic","profile_pic_new","profile_pic_new_2x","tiny","tiny_2x","small","small_2x","ios_large","ios_small"]}},"file":null,"picture":"https://coub-anubis-a.akamaized.net/coub_storage/coub/simple/cw_image/8f36eb02150/36a76e1d9e3be81d4b243/med_1632913456_00031.jpg","timeline_picture":"https://coub-anubis-a.akamaized.net/coub_storage/coub/simple/cw_timeline_pic/8807848b0f4/22846bb31bdbef3de40ea/ios_large_1632913454_image.jpg","small_picture":"https://coub-anubis-a.akamaized.net/coub_storage/coub/simple/cw_image/8f36eb02150/36a76e1d9e3be81d4b243/ios_mosaic_1632913456_00031.jpg","sharing_picture":null,"percent_done":100,"tags":[{"id":178238,"title":"főzés","value":"f%C5%91z%C3%A9s"},{"id":6511295,"title":"hullámpala","value":"hull%C3%A1mpala"},{"id":7900,"title":"thunder","value":"thunder"},{"id":610,"title":"horror","value":"horror"},{"id":6511294,"title":"bakonyi sertésragu","value":"bakonyi%20sert%C3%A9sragu"},{"id":2899269,"title":"nemzetikonyha","value":"nemzetikonyha"}],"categories":[{"id":112,"title":"Food & Kitchen","permalink":"food-kitchen","subscriptions_count":2024813,"big_image_url":"https://coub-anubis-a.akamaized.net/coub_storage/category/cw_image/496fb34cd0a/573a3d5c899f3d332162b/big_1622031286_Food-Kitchen.png","small_image_url":"https://coub-anubis-a.akamaized.net/coub_storage/category/cw_image/496fb34cd0a/573a3d5c899f3d332162b/small_1622031286_Food-Kitchen.png","med_image_url":"https://coub-anubis-a.akamaized.net/coub_storage/category/cw_image/496fb34cd0a/573a3d5c899f3d332162b/med_1622031286_Food-Kitchen.png","visible":true}],"communities":[{"id":112,"title":"Food & Kitchen","permalink":"food-kitchen","subscriptions_count":2024813,"big_image_url":"https://coub-anubis-a.akamaized.net/coub_storage/category/cw_image/496fb34cd0a/573a3d5c899f3d332162b/big_1622031286_Food-Kitchen.png","small_image_url":"https://coub-anubis-a.akamaized.net/coub_storage/category/cw_image/496fb34cd0a/573a3d5c899f3d332162b/small_1622031286_Food-Kitchen.png","med_image_url":"https://coub-anubis-a.akamaized.net/coub_storage/category/cw_image/496fb34cd0a/573a3d5c899f3d332162b/med_1622031286_Food-Kitchen.png","i_subscribed":true,"community_notifications_enabled":null,"description":null}],"recoubs_count":3,"remixes_count":0,"likes_count":36,"dislikes_count":0,"raw_video_id":16799230,"uploaded_by_ios_app":false,"uploaded_by_android_app":false,"media_blocks":{"uploaded_raw_videos":[],"external_raw_videos":[{"id":39742623,"title":"Bakonyi sertésragu","url":"https://www.youtube.com/watch?v=Ad9OrMzfOGE","image":"https://coub-anubis-a.akamaized.net/coub_storage/media_block/cw_image/acb536225b9/c5b0660fff7043de63d52/video_1632694362_199juuo_1632694148_1632694130_pbg6zb_att-url-download.webp","image_retina":"https://coub-anubis-a.akamaized.net/coub_storage/media_block/cw_image/acb536225b9/c5b0660fff7043de63d52/video_retina_1632694362_199juuo_1632694148_1632694130_pbg6zb_att-url-download.webp","meta":{"service":"Youtube","duration":"854.28"},"duration":854.28,"raw_video_id":16799230,"has_embed":true}],"remixed_from_coubs":[{"id":27525382,"title":"White flash","url":"https://coub.com/coubs/1bvlj6/remix","image":"https://coub-anubis-a.akamaized.net/coub_storage/media_block/cw_image/fd9de5ceb01/06659309b70a831842c00/1533052042_1533052037_00001.jpg","image_retina":"https://coub-anubis-a.akamaized.net/coub_storage/media_block/cw_image/fd9de5ceb01/06659309b70a831842c00/1533052042_1533052037_00001.jpg","meta":{"duration":"0.12"},"duration":null,"coub_channel_title":"Splices","coub_channel_permalink":"thesplices","coub_views_count":8781,"coub_permalink":"1bvlj6"},{"id":27473922,"title":"White noise","url":"https://coub.com/coubs/1botbb/remix","image":"https://coub-anubis-a.akamaized.net/coub_storage/media_block/cw_image/148f80a4885/7a06d61debd598e75286d/1532714190_1532714183_00002.jpg","image_retina":"https://coub-anubis-a.akamaized.net/coub_storage/media_block/cw_image/148f80a4885/7a06d61debd598e75286d/1532714190_1532714183_00002.jpg","meta":{"duration":"0.32"},"duration":null,"coub_channel_title":"Splices","coub_channel_permalink":"thesplices","coub_views_count":11080,"coub_permalink":"1botbb"}],"external_video":{"id":39742623,"title":"Bakonyi sertésragu","url":"https://www.youtube.com/watch?v=Ad9OrMzfOGE","image":"https://coub-anubis-a.akamaized.net/coub_storage/media_block/cw_image/acb536225b9/c5b0660fff7043de63d52/video_1632694362_199juuo_1632694148_1632694130_pbg6zb_att-url-download.webp","image_retina":"https://coub-anubis-a.akamaized.net/coub_storage/media_block/cw_image/acb536225b9/c5b0660fff7043de63d52/video_retina_1632694362_199juuo_1632694148_1632694130_pbg6zb_att-url-download.webp","meta":{"service":"Youtube","duration":"854.28"},"duration":854.28,"raw_video_id":16799230,"has_embed":true}},"raw_video_thumbnail_url":"https://coub-anubis-a.akamaized.net/coub_storage/raw_video/cw_image/9021b187df4/1e38c365e81ba55fdac6e/coub_media_1632694148_1632694130_pbg6zb_att-url-download.webp","raw_video_title":"Bakonyi sertésragu","video_block_banned":false,"duration":9.6,"promo_winner":false,"promo_winner_recoubers":null,"editorial_info":{},"promo_hint":null,"beeline_best_2014":null,"from_web_editor":true,"normalize_sound":false,"normalize_change_allowed":false,"best2015_addable":false,"ahmad_promo":null,"promo_data":null,"audio_copyright_claim":null,"ads_disabled":null,"is_safe_for_ads":true,"megafon_contents":[],"position_on_page":6},{"flag":null,"abuses":null,"recoubs_by_users_channels":null,"favourite":false,"promoted_id":null,"recoub":null,"like":null,"dislike":null,"reaction":null,"in_my_best2015":false,"id":176134355,"type":"Coub::Simple","permalink":"2wip1n","title":"Surprise!","visibility_type":"public","original_visibility_type":"public","channel_id":2093913,"created_at":"2021-09-26T17:13:52Z","updated_at":"2022-02-16T12:46:52Z","is_done":true,"views_count":25025,"cotd":null,"cotd_at":null,"visible_on_explore_root":false,"visible_on_explore":false,"featured":false,"published":true,"published_at":"2021-09-26T17:13:52Z","reversed":false,"from_editor_v2":true,"is_editable":true,"original_sound":true,"has_sound":true,"recoub_to":null,"file_versions":{"html5":{"video":{"higher":{"url":"https://coub-anubis-a.akamaized.net/coub_storage/coub/simple/cw_file/fbf2012ce02/9b0797527b65eb56e0a5b/muted_mp4_huge_size_1632676535_muted_huge.mp4","size":1676925},"high":{"url":"https://coub-anubis-a.akamaized.net/coub_storage/coub/simple/cw_file/fbf2012ce02/9b0797527b65eb56e0a5b/muted_mp4_big_size_1632676535_muted_big.mp4","size":1156087},"med":{"url":"https://coub-anubis-a.akamaized.net/coub_storage/coub/simple/cw_file/fbf2012ce02/9b0797527b65eb56e0a5b/muted_mp4_med_size_1632676535_muted_med.mp4","size":301066}},"audio":{"high":{"url":"https://coub-anubis-a.akamaized.net/coub_storage/coub/simple/cw_looped_audio_high/a53639c9e08/ca15636855e040593a70e/1632676537_mp3-high.mp3","size":1072119},"med":{"url":"https://coub-anubis-a.akamaized.net/coub_storage/coub/simple/cw_looped_audio_med/b6d316904d0/d4e0bde8493c4f8482953/1632676537_mp3-med.mp3","size":955764},"sample_duration":9.985}},"mobile":{"video":"https://coub-anubis-a.akamaized.net/coub_storage/coub/simple/cw_file/fbf2012ce02/9b0797527b65eb56e0a5b/muted_mp4_med_size_1632676535_muted_med.mp4","audio":["https://coub-anubis-a.akamaized.net/coub_storage/coub/simple/cw_looped_audio_med/b6d316904d0/d4e0bde8493c4f8482953/1632676537_mp3-med.mp3"]},"share":{"default":"https://coub-anubis-a.akamaized.net/coub_storage/coub/simple/cw_video_for_sharing/f5220100cf5/3a17c650371ce1eb37a57/1632676569_looped_1632676568.mp4"}},"audio_versions":{},"image_versions":{"template":"https://coub-anubis-a.akamaized.net/coub_storage/coub/simple/cw_image/d8c3b19ab14/906618aa93c6c92c4a1e8/%{version}_1632676543_00032.jpg","versions":["micro","tiny","age_restricted","ios_large","ios_mosaic","big","med","small","pinterest"]},"first_frame_versions":{"template":"https://coub-anubis-a.akamaized.net/coub_storage/coub/simple/cw_timeline_pic/d19b3ab7cec/57bc57a8fcdd23a89a0f5/%{version}_1632676543_image.jpg","versions":["big","med","small","ios_large"]},"dimensions":{"big":[1280,720],"med":[640,360]},"site_w_h":[640,360],"page_w_h":[640,360],"site_w_h_small":[310,174],"size":[1280,720],"age_restricted":false,"age_restricted_by_admin":false,"not_safe_for_work":null,"allow_reuse":false,"dont_crop":true,"banned":false,"global_safe":null,"audio_file_url":null,"external_download":{"type":"Youtube","service_name":"YouTube","url":"https://www.youtube.com/watch?v=w4bFB69w3Kk","has_embed":true},"application":null,"channel":{"id":2093913,"permalink":"nick.stark","title":"Nick Stark","description":null,"followers_count":49,"following_count":8,"avatar_versions":{"template":"https://coub-anubis-a.akamaized.net/coub_storage/channel/cw_avatar/f367ff4ad01/ebfc25f2c18a11a05eaf7/%{version}_1607812383_172i6vy_1586257570_SC2Kitten.jpg","versions":["medium","medium_2x","profile_pic","profile_pic_new","profile_pic_new_2x","tiny","tiny_2x","small","small_2x","ios_large","ios_small"]}},"file":null,"picture":"https://coub-anubis-a.akamaized.net/coub_storage/coub/simple/cw_image/d8c3b19ab14/906618aa93c6c92c4a1e8/med_1632676543_00032.jpg","timeline_picture":"https://coub-anubis-a.akamaized.net/coub_storage/coub/simple/cw_timeline_pic/d19b3ab7cec/57bc57a8fcdd23a89a0f5/ios_large_1632676543_image.jpg","small_picture":"https://coub-anubis-a.akamaized.net/coub_storage/coub/simple/cw_image/d8c3b19ab14/906618aa93c6c92c4a1e8/ios_mosaic_1632676543_00032.jpg","sharing_picture":null,"percent_done":100,"tags":[],"categories":[{"id":112,"title":"Food & Kitchen","permalink":"food-kitchen","subscriptions_count":2024813,"big_image_url":"https://coub-anubis-a.akamaized.net/coub_storage/category/cw_image/496fb34cd0a/573a3d5c899f3d332162b/big_1622031286_Food-Kitchen.png","small_image_url":"https://coub-anubis-a.akamaized.net/coub_storage/category/cw_image/496fb34cd0a/573a3d5c899f3d332162b/small_1622031286_Food-Kitchen.png","med_image_url":"https://coub-anubis-a.akamaized.net/coub_storage/category/cw_image/496fb34cd0a/573a3d5c899f3d332162b/med_1622031286_Food-Kitchen.png","visible":true}],"communities":[{"id":112,"title":"Food & Kitchen","permalink":"food-kitchen","subscriptions_count":2024813,"big_image_url":"https://coub-anubis-a.akamaized.net/coub_storage/category/cw_image/496fb34cd0a/573a3d5c899f3d332162b/big_1622031286_Food-Kitchen.png","small_image_url":"https://coub-anubis-a.akamaized.net/coub_storage/category/cw_image/496fb34cd0a/573a3d5c899f3d332162b/small_1622031286_Food-Kitchen.png","med_image_url":"https://coub-anubis-a.akamaized.net/coub_storage/category/cw_image/496fb34cd0a/573a3d5c899f3d332162b/med_1622031286_Food-Kitchen.png","i_subscribed":true,"community_notifications_enabled":null,"description":null}],"recoubs_count":4,"remixes_count":0,"likes_count":36,"dislikes_count":0,"raw_video_id":16332038,"uploaded_by_ios_app":false,"uploaded_by_android_app":false,"media_blocks":{"uploaded_raw_videos":[],"external_raw_videos":[{"id":38590736,"title":"Instant Regret Compilation #12 😂🔥","url":"https://www.youtube.com/watch?v=w4bFB69w3Kk","image":"https://coub-anubis-a.akamaized.net/coub_storage/media_block/cw_image/01ae834cbbb/4ead4d6f60462f77a31ae/video_1617810534_1p4p9xo_1617810415_1617810411_1u8mmfl_att-url-download.webp","image_retina":"https://coub-anubis-a.akamaized.net/coub_storage/media_block/cw_image/01ae834cbbb/4ead4d6f60462f77a31ae/video_retina_1617810534_1p4p9xo_1617810415_1617810411_1u8mmfl_att-url-download.webp","meta":{"service":"Youtube","duration":"552.56"},"duration":552.56,"raw_video_id":16332038,"has_embed":true}],"remixed_from_coubs":[],"external_video":{"id":38590736,"title":"Instant Regret Compilation #12 😂🔥","url":"https://www.youtube.com/watch?v=w4bFB69w3Kk","image":"https://coub-anubis-a.akamaized.net/coub_storage/media_block/cw_image/01ae834cbbb/4ead4d6f60462f77a31ae/video_1617810534_1p4p9xo_1617810415_1617810411_1u8mmfl_att-url-download.webp","image_retina":"https://coub-anubis-a.akamaized.net/coub_storage/media_block/cw_image/01ae834cbbb/4ead4d6f60462f77a31ae/video_retina_1617810534_1p4p9xo_1617810415_1617810411_1u8mmfl_att-url-download.webp","meta":{"service":"Youtube","duration":"552.56"},"duration":552.56,"raw_video_id":16332038,"has_embed":true}},"raw_video_thumbnail_url":"https://coub-anubis-a.akamaized.net/coub_storage/raw_video/cw_image/923f7e3b2de/e75a8f21e7af78e947a8f/coub_media_1617810415_1617810411_1u8mmfl_att-url-download.webp","raw_video_title":"Instant Regret Compilation #12 😂🔥","video_block_banned":false,"duration":10.0,"promo_winner":false,"promo_winner_recoubers":null,"editorial_info":{},"promo_hint":null,"beeline_best_2014":null,"from_web_editor":true,"normalize_sound":true,"normalize_change_allowed":true,"best2015_addable":false,"ahmad_promo":null,"promo_data":null,"audio_copyright_claim":null,"ads_disabled":null,"is_safe_for_ads":true,"megafon_contents":[],"position_on_page":7},{"flag":null,"abuses":null,"recoubs_by_users_channels":null,"favourite":false,"promoted_id":null,"recoub":null,"like":null,"dislike":null,"reaction":null,"in_my_best2015":false,"id":175416085,"type":"Coub::Simple","permalink":"2w3atk","title":"it's burger","visibility_type":"public","original_visibility_type":"public","channel_id":1106949,"created_at":"2021-09-13T05:59:15Z","updated_at":"2021-11-10T21:34:02Z","is_done":true,"views_count":30561,"cotd":null,"cotd_at":null,"visible_on_explore_root":false,"visible_on_explore":false,"featured":false,"published":true,"published_at":"2021-09-13T05:59:15Z","reversed":false,"from_editor_v2":true,"is_editable":true,"original_sound":true,"has_sound":true,"recoub_to":null,"file_versions":{"html5":{"video":{"higher":{"url":"https://coub-anubis-a.akamaized.net/coub_storage/coub/simple/cw_file/4ded7782a1d/0fad08310e0fb5421509a/muted_mp4_huge_size_1631512781_muted_huge.mp4","size":991329},"high":{"url":"https://coub-anubis-a.akamaized.net/coub_storage/coub/simple/cw_file/4ded7782a1d/0fad08310e0fb5421509a/muted_mp4_big_size_1631512781_muted_big.mp4","size":671492},"med":{"url":"https://coub-anubis-a.akamaized.net/coub_storage/coub/simple/cw_file/4ded7782a1d/0fad08310e0fb5421509a/muted_mp4_med_size_1631512781_muted_med.mp4","size":232680}},"audio":{"high":{"url":"https://coub-anubis-a.akamaized.net/coub_storage/coub/simple/cw_looped_audio_high/7205d35c7e6/23114097b0d74711034cf/1631512784_mp3-high.mp3","size":962458},"med":{"url":"https://coub-anubis-a.akamaized.net/coub_storage/coub/simple/cw_looped_audio_med/23085e7aa0e/df1f46b68a2945e09c7b3/1631512783_mp3-med.mp3","size":891129},"sample_duration":5.596}},"mobile":{"video":"https://coub-anubis-a.akamaized.net/coub_storage/coub/simple/cw_file/4ded7782a1d/0fad08310e0fb5421509a/muted_mp4_med_size_1631512781_muted_med.mp4","audio":["https://coub-anubis-a.akamaized.net/coub_storage/coub/simple/cw_looped_audio_med/23085e7aa0e/df1f46b68a2945e09c7b3/1631512783_mp3-med.mp3"]},"share":{"default":"https://coub-anubis-a.akamaized.net/coub_storage/coub/simple/cw_video_for_sharing/49aac516e29/25d153ab34ad04eda3f5a/1631512824_looped_1631512823.mp4"}},"audio_versions":{},"image_versions":{"template":"https://coub-anubis-a.akamaized.net/coub_storage/coub/simple/cw_image/d426bc2a714/c8f7a20e04a4a171e1904/%{version}_1631512790_00018.jpg","versions":["micro","tiny","age_restricted","ios_large","ios_mosaic","big","med","small","pinterest"]},"first_frame_versions":{"template":"https://coub-anubis-a.akamaized.net/coub_storage/coub/simple/cw_timeline_pic/113d26460a5/21fe95994005e4b35a85a/%{version}_1631512789_image.jpg","versions":["big","med","small","ios_large"]},"dimensions":{"big":[1280,720],"med":[640,360]},"site_w_h":[640,360],"page_w_h":[640,360],"site_w_h_small":[310,174],"size":[1280,720],"age_restricted":false,"age_restricted_by_admin":false,"not_safe_for_work":null,"allow_reuse":false,"dont_crop":true,"banned":false,"global_safe":null,"audio_file_url":null,"external_download":{"type":"Youtube","service_name":"YouTube","url":"http://youtu.be/ECuWMRLXYwQ","has_embed":true},"application":null,"channel":{"id":1106949,"permalink":"ivan-chikovani2","title":"Ivan Chikovani","description":null,"followers_count":14,"following_count":9,"avatar_versions":{"template":"https://coub-anubis-a.akamaized.net/coub_storage/channel/cw_avatar/ed6b084dcdb/ec5b1782c0b6e22b3c84a/%{version}_1621879336_cropped.jpeg","versions":["medium","medium_2x","profile_pic","profile_pic_new","profile_pic_new_2x","tiny","tiny_2x","small","small_2x","ios_large","ios_small"]}},"file":null,"picture":"https://coub-anubis-a.akamaized.net/coub_storage/coub/simple/cw_image/d426bc2a714/c8f7a20e04a4a171e1904/med_1631512790_00018.jpg","timeline_picture":"https://coub-anubis-a.akamaized.net/coub_storage/coub/simple/cw_timeline_pic/113d26460a5/21fe95994005e4b35a85a/ios_large_1631512789_image.jpg","small_picture":"https://coub-anubis-a.akamaized.net/coub_storage/coub/simple/cw_image/d426bc2a714/c8f7a20e04a4a171e1904/ios_mosaic_1631512790_00018.jpg","sharing_picture":null,"percent_done":100,"tags":[{"id":3181,"title":"food","value":"food"},{"id":36755,"title":"burger","value":"burger"},{"id":45947,"title":"teen titans","value":"teen%20titans"},{"id":1982,"title":"song","value":"song"}],"categories":[{"id":112,"title":"Food & Kitchen","permalink":"food-kitchen","subscriptions_count":2024813,"big_image_url":"https://coub-anubis-a.akamaized.net/coub_storage/category/cw_image/496fb34cd0a/573a3d5c899f3d332162b/big_1622031286_Food-Kitchen.png","small_image_url":"https://coub-anubis-a.akamaized.net/coub_storage/category/cw_image/496fb34cd0a/573a3d5c899f3d332162b/small_1622031286_Food-Kitchen.png","med_image_url":"https://coub-anubis-a.akamaized.net/coub_storage/category/cw_image/496fb34cd0a/573a3d5c899f3d332162b/med_1622031286_Food-Kitchen.png","visible":true}],"communities":[{"id":112,"title":"Food & Kitchen","permalink":"food-kitchen","subscriptions_count":2024813,"big_image_url":"https://coub-anubis-a.akamaized.net/coub_storage/category/cw_image/496fb34cd0a/573a3d5c899f3d332162b/big_1622031286_Food-Kitchen.png","small_image_url":"https://coub-anubis-a.akamaized.net/coub_storage/category/cw_image/496fb34cd0a/573a3d5c899f3d332162b/small_1622031286_Food-Kitchen.png","med_image_url":"https://coub-anubis-a.akamaized.net/coub_storage/category/cw_image/496fb34cd0a/573a3d5c899f3d332162b/med_1622031286_Food-Kitchen.png","i_subscribed":true,"community_notifications_enabled":null,"description":null}],"recoubs_count":8,"remixes_count":0,"likes_count":36,"dislikes_count":0,"raw_video_id":10436805,"uploaded_by_ios_app":false,"uploaded_by_android_app":true,"media_blocks":{"uploaded_raw_videos":[],"external_raw_videos":[{"id":22889544,"title":"DC Nation - Teen Titans Go! - \"Burger vs. Burrito\" (clip)","url":"http://www.youtube.com/watch?v=ECuWMRLXYwQ","image":"https://coub-anubis-a.akamaized.net/coub_storage/media_block/cw_image/c76e816b0ea/9028d9f93872deb02d8b3/1508514221_1508514194_1fdujif_att-url-download.jpg","image_retina":"https://coub-anubis-a.akamaized.net/coub_storage/media_block/cw_image/c76e816b0ea/9028d9f93872deb02d8b3/1508514221_1508514194_1fdujif_att-url-download.jpg","meta":{"service":"Youtube","duration":"91.16"},"duration":91.16,"raw_video_id":10436805,"has_embed":true}],"remixed_from_coubs":[],"external_video":{"id":22889544,"title":"DC Nation - Teen Titans Go! - \"Burger vs. Burrito\" (clip)","url":"http://www.youtube.com/watch?v=ECuWMRLXYwQ","image":"https://coub-anubis-a.akamaized.net/coub_storage/media_block/cw_image/c76e816b0ea/9028d9f93872deb02d8b3/1508514221_1508514194_1fdujif_att-url-download.jpg","image_retina":"https://coub-anubis-a.akamaized.net/coub_storage/media_block/cw_image/c76e816b0ea/9028d9f93872deb02d8b3/1508514221_1508514194_1fdujif_att-url-download.jpg","meta":{"service":"Youtube","duration":"91.16"},"duration":91.16,"raw_video_id":10436805,"has_embed":true}},"raw_video_thumbnail_url":"/missing/missing.png","raw_video_title":"DC Nation - Teen Titans Go! - \"Burger vs. Burrito\" (clip)","video_block_banned":false,"duration":5.6,"promo_winner":false,"promo_winner_recoubers":null,"editorial_info":{},"promo_hint":null,"beeline_best_2014":null,"from_web_editor":false,"normalize_sound":true,"normalize_change_allowed":true,"best2015_addable":false,"ahmad_promo":null,"promo_data":null,"audio_copyright_claim":null,"ads_disabled":null,"is_safe_for_ads":true,"megafon_contents":[],"position_on_page":8},{"flag":null,"abuses":null,"recoubs_by_users_channels":null,"favourite":false,"promoted_id":null,"recoub":null,"like":null,"dislike":null,"reaction":null,"in_my_best2015":false,"id":173882727,"type":"Coub::Simple","permalink":"2v6fny","title":"Пропущенная масленица | Каба40к","visibility_type":"public","original_visibility_type":"public","channel_id":1409857,"created_at":"2021-08-15T15:51:30Z","updated_at":"2021-11-02T09:45:54Z","is_done":true,"views_count":23199,"cotd":null,"cotd_at":null,"visible_on_explore_root":false,"visible_on_explore":false,"featured":false,"published":true,"published_at":"2021-08-15T15:51:30Z","reversed":false,"from_editor_v2":true,"is_editable":true,"original_sound":true,"has_sound":true,"recoub_to":null,"file_versions":{"html5":{"video":{"higher":{"url":"https://coub-anubis-a.akamaized.net/coub_storage/coub/simple/cw_file/0bbf09fc3d2/cdd0e245c0c60758fb0da/muted_mp4_huge_size_1629042838_muted_huge.mp4","size":943793},"high":{"url":"https://coub-anubis-a.akamaized.net/coub_storage/coub/simple/cw_file/0bbf09fc3d2/cdd0e245c0c60758fb0da/muted_mp4_big_size_1629042838_muted_big.mp4","size":664911},"med":{"url":"https://coub-anubis-a.akamaized.net/coub_storage/coub/simple/cw_file/0bbf09fc3d2/cdd0e245c0c60758fb0da/muted_mp4_med_size_1629042838_muted_med.mp4","size":198940}},"audio":{"high":{"url":"https://coub-anubis-a.akamaized.net/coub_storage/coub/simple/cw_looped_audio_high/bcfe2bee1a1/9689c6bd29969533a9417/1629042840_mp3-high.mp3","size":1076993},"med":{"url":"https://coub-anubis-a.akamaized.net/coub_storage/coub/simple/cw_looped_audio_med/47a000c32ce/2e07e22fa7b5eb0aaaa31/1629042839_mp3-med.mp3","size":799076},"sample_duration":10.008}},"mobile":{"video":"https://coub-anubis-a.akamaized.net/coub_storage/coub/simple/cw_file/0bbf09fc3d2/cdd0e245c0c60758fb0da/muted_mp4_med_size_1629042838_muted_med.mp4","audio":["https://coub-anubis-a.akamaized.net/coub_storage/coub/simple/cw_looped_audio_med/47a000c32ce/2e07e22fa7b5eb0aaaa31/1629042839_mp3-med.mp3"]},"share":{"default":"https://coub-anubis-a.akamaized.net/coub_storage/coub/simple/cw_video_for_sharing/8da704e8170/61d50e5aded5031b548a1/1629042860_looped_1629042859.mp4"}},"audio_versions":{},"image_versions":{"template":"https://coub-anubis-a.akamaized.net/coub_storage/coub/simple/cw_image/b802960b619/b51045f7ccb8f3ed7f82d/%{version}_1629042843_00032.jpg","versions":["micro","tiny","age_restricted","ios_large","ios_mosaic","big","med","small","pinterest"]},"first_frame_versions":{"template":"https://coub-anubis-a.akamaized.net/coub_storage/coub/simple/cw_timeline_pic/e0889beee44/28eddcf814da707bf8eab/%{version}_1629042843_image.jpg","versions":["big","med","small","ios_large"]},"dimensions":{"big":[1280,640],"med":[640,320]},"site_w_h":[640,320],"page_w_h":[640,320],"site_w_h_small":[310,155],"size":[1280,640],"age_restricted":false,"age_restricted_by_admin":false,"not_safe_for_work":false,"allow_reuse":false,"dont_crop":true,"banned":false,"global_safe":null,"audio_file_url":null,"external_download":{"type":"Youtube","service_name":"YouTube","url":"https://youtu.be/qtEF054RKAE?list=PLQCYG6lKBuTYmu91HbpMysMcYX-YkMo1G","has_embed":true},"application":null,"channel":{"id":1409857,"permalink":"maksim.baklakov","title":"X ID ROX","description":null,"followers_count":29,"following_count":5,"avatar_versions":{"template":"https://coub-anubis-a.akamaized.net/coub_storage/channel/cw_avatar/7739b252439/89ad2db2a2d34472d962e/%{version}_1609380068_1plk8so_1546210324________2.jpg","versions":["medium","medium_2x","profile_pic","profile_pic_new","profile_pic_new_2x","tiny","tiny_2x","small","small_2x","ios_large","ios_small"]}},"file":null,"picture":"https://coub-anubis-a.akamaized.net/coub_storage/coub/simple/cw_image/b802960b619/b51045f7ccb8f3ed7f82d/med_1629042843_00032.jpg","timeline_picture":"https://coub-anubis-a.akamaized.net/coub_storage/coub/simple/cw_timeline_pic/e0889beee44/28eddcf814da707bf8eab/ios_large_1629042843_image.jpg","small_picture":"https://coub-anubis-a.akamaized.net/coub_storage/coub/simple/cw_image/b802960b619/b51045f7ccb8f3ed7f82d/ios_mosaic_1629042843_00032.jpg","sharing_picture":null,"percent_done":100,"tags":[{"id":4532,"title":"goblin","value":"goblin"},{"id":1473,"title":"гоблин","value":"%D0%B3%D0%BE%D0%B1%D0%BB%D0%B8%D0%BD"},{"id":102425,"title":"дмитрий пучков","value":"%D0%B4%D0%BC%D0%B8%D1%82%D1%80%D0%B8%D0%B9%20%D0%BF%D1%83%D1%87%D0%BA%D0%BE%D0%B2"},{"id":343242,"title":"кабачок","value":"%D0%BA%D0%B0%D0%B1%D0%B0%D1%87%D0%BE%D0%BA"},{"id":1787,"title":"блины","value":"%D0%B1%D0%BB%D0%B8%D0%BD%D1%8B"},{"id":41509,"title":"масленица","value":"%D0%BC%D0%B0%D1%81%D0%BB%D0%B5%D0%BD%D0%B8%D1%86%D0%B0"}],"categories":[{"id":112,"title":"Food & Kitchen","permalink":"food-kitchen","subscriptions_count":2024813,"big_image_url":"https://coub-anubis-a.akamaized.net/coub_storage/category/cw_image/496fb34cd0a/573a3d5c899f3d332162b/big_1622031286_Food-Kitchen.png","small_image_url":"https://coub-anubis-a.akamaized.net/coub_storage/category/cw_image/496fb34cd0a/573a3d5c899f3d332162b/small_1622031286_Food-Kitchen.png","med_image_url":"https://coub-anubis-a.akamaized.net/coub_storage/category/cw_image/496fb34cd0a/573a3d5c899f3d332162b/med_1622031286_Food-Kitchen.png","visible":true}],"communities":[{"id":112,"title":"Food & Kitchen","permalink":"food-kitchen","subscriptions_count":2024813,"big_image_url":"https://coub-anubis-a.akamaized.net/coub_storage/category/cw_image/496fb34cd0a/573a3d5c899f3d332162b/big_1622031286_Food-Kitchen.png","small_image_url":"https://coub-anubis-a.akamaized.net/coub_storage/category/cw_image/496fb34cd0a/573a3d5c899f3d332162b/small_1622031286_Food-Kitchen.png","med_image_url":"https://coub-anubis-a.akamaized.net/coub_storage/category/cw_image/496fb34cd0a/573a3d5c899f3d332162b/med_1622031286_Food-Kitchen.png","i_subscribed":true,"community_notifications_enabled":null,"description":null}],"recoubs_count":6,"remixes_count":0,"likes_count":36,"dislikes_count":0,"raw_video_id":16691997,"uploaded_by_ios_app":false,"uploaded_by_android_app":false,"media_blocks":{"uploaded_raw_videos":[],"external_raw_videos":[{"id":39480053,"title":"Пропущенная масленица | Каба40к","url":"https://www.youtube.com/watch?v=qtEF054RKAE","image":"https://coub-anubis-a.akamaized.net/coub_storage/media_block/cw_image/b89f37364bc/2637491591bef38f199f7/video_1629042320_18gwtjm_1629042155_ld18da_att-url-download.jpg","image_retina":"https://coub-anubis-a.akamaized.net/coub_storage/media_block/cw_image/b89f37364bc/2637491591bef38f199f7/video_retina_1629042320_18gwtjm_1629042155_ld18da_att-url-download.jpg","meta":{"service":"Youtube","duration":"1012.96"},"duration":1012.96,"raw_video_id":16691997,"has_embed":true}],"remixed_from_coubs":[],"external_video":{"id":39480053,"title":"Пропущенная масленица | Каба40к","url":"https://www.youtube.com/watch?v=qtEF054RKAE","image":"https://coub-anubis-a.akamaized.net/coub_storage/media_block/cw_image/b89f37364bc/2637491591bef38f199f7/video_1629042320_18gwtjm_1629042155_ld18da_att-url-download.jpg","image_retina":"https://coub-anubis-a.akamaized.net/coub_storage/media_block/cw_image/b89f37364bc/2637491591bef38f199f7/video_retina_1629042320_18gwtjm_1629042155_ld18da_att-url-download.jpg","meta":{"service":"Youtube","duration":"1012.96"},"duration":1012.96,"raw_video_id":16691997,"has_embed":true}},"raw_video_thumbnail_url":"https://coub-anubis-a.akamaized.net/coub_storage/raw_video/cw_image/8d371da626c/e610855ad6a1de69db696/coub_media_1629042164_1629042155_ld18da_att-url-download.jpg","raw_video_title":"Пропущенная масленица | Каба40к","video_block_banned":false,"duration":10.0,"promo_winner":false,"promo_winner_recoubers":null,"editorial_info":{},"promo_hint":null,"beeline_best_2014":null,"from_web_editor":true,"normalize_sound":true,"normalize_change_allowed":true,"best2015_addable":false,"ahmad_promo":null,"promo_data":null,"audio_copyright_claim":null,"ads_disabled":false,"is_safe_for_ads":true,"megafon_contents":[],"position_on_page":9},{"flag":null,"abuses":null,"recoubs_by_users_channels":null,"favourite":false,"promoted_id":null,"recoub":null,"like":null,"dislike":null,"reaction":null,"in_my_best2015":false,"id":173391046,"type":"Coub::Simple","permalink":"2uvwa0","title":"Варим рака","visibility_type":"public","original_visibility_type":"public","channel_id":12120550,"created_at":"2021-08-06T11:30:47Z","updated_at":"2021-08-19T19:09:44Z","is_done":true,"views_count":18229,"cotd":null,"cotd_at":null,"visible_on_explore_root":false,"visible_on_explore":false,"featured":false,"published":true,"published_at":"2021-08-06T11:30:47Z","reversed":false,"from_editor_v2":true,"is_editable":true,"original_sound":false,"has_sound":false,"recoub_to":null,"file_versions":{"html5":{"video":{"higher":{"url":"https://coub-anubis-a.akamaized.net/coub_storage/coub/simple/cw_file/42b1e2b7698/1389b6a975963d6a46a40/muted_mp4_huge_size_1628249466_muted_huge.mp4","size":2048933},"high":{"url":"https://coub-anubis-a.akamaized.net/coub_storage/coub/simple/cw_file/42b1e2b7698/1389b6a975963d6a46a40/muted_mp4_big_size_1628249466_muted_big.mp4","size":1422925},"med":{"url":"https://coub-anubis-a.akamaized.net/coub_storage/coub/simple/cw_file/42b1e2b7698/1389b6a975963d6a46a40/muted_mp4_med_size_1628249466_muted_med.mp4","size":329234}},"audio":{"high":{"url":"https://coub-anubis-a.akamaized.net/coub_storage/coub/simple/cw_looped_audio_high/e16a08585e9/0301e5705987430561c4c/1628249478_mp3-high.mp3","size":1204821},"med":{"url":"https://coub-anubis-a.akamaized.net/coub_storage/coub/simple/cw_looped_audio_med/d7df70c648c/9cd8508ff3d963bbf2f7b/1628249477_mp3-med.mp3","size":957849},"sample_duration":9.102}},"mobile":{"video":"https://coub-anubis-a.akamaized.net/coub_storage/coub/simple/cw_file/42b1e2b7698/1389b6a975963d6a46a40/muted_mp4_med_size_1628249466_muted_med.mp4","audio":["https://coub-anubis-a.akamaized.net/coub_storage/coub/simple/cw_looped_audio_med/d7df70c648c/9cd8508ff3d963bbf2f7b/1628249477_mp3-med.mp3"]},"share":{"default":"https://coub-anubis-a.akamaized.net/coub_storage/coub/simple/cw_video_for_sharing/501a80f6559/d1261ff280448f60f907e/1628249508_looped_1628249508.mp4"}},"audio_versions":{"template":"https://coub-anubis-a.akamaized.net/coub_storage/audio_track/cw_normalized_copy/fe6dcdc2277/bf1959336ef83c4455490/mid_1628249473_normalized_1628249467_1l676k1_edited.mp3","versions":["mid","low"]},"image_versions":{"template":"https://coub-anubis-a.akamaized.net/coub_storage/coub/simple/cw_image/e903cac9d61/7d4a91dc2f9513f1a861f/%{version}_1628249483_00029.jpg","versions":["micro","tiny","age_restricted","ios_large","ios_mosaic","big","med","small","pinterest"]},"first_frame_versions":{"template":"https://coub-anubis-a.akamaized.net/coub_storage/coub/simple/cw_timeline_pic/30c02e55b9b/ff260f8f7a59f5a05acd9/%{version}_1628249482_image.jpg","versions":["big","med","small","ios_large"]},"dimensions":{"big":[1280,720],"med":[640,360]},"site_w_h":[640,360],"page_w_h":[640,360],"site_w_h_small":[310,174],"size":[1280,720],"age_restricted":false,"age_restricted_by_admin":false,"not_safe_for_work":false,"allow_reuse":false,"dont_crop":true,"banned":false,"global_safe":null,"audio_file_url":"https://coub-anubis-a.akamaized.net/coub_storage/audio_track/cw_normalized_copy/fe6dcdc2277/bf1959336ef83c4455490/low_1628249473_normalized_1628249467_1l676k1_edited.mp3","external_download":{"type":"Youtube","service_name":"YouTube","url":"https://www.youtube.com/watch?v=Yl4V1HjrmBM","has_embed":true},"application":null,"channel":{"id":12120550,"permalink":"ooooocke","title":"Oocke","description":null,"followers_count":8,"following_count":15,"avatar_versions":{"template":"https://coub-anubis-a.akamaized.net/coub_storage/channel/cw_avatar/70d5030e7a1/3348d720dcc7e099c9ba7/%{version}_1628220947____________1_14.mov_snapshot_02.56.068.jpg","versions":["medium","medium_2x","profile_pic","profile_pic_new","profile_pic_new_2x","tiny","tiny_2x","small","small_2x","ios_large","ios_small"]}},"file":null,"picture":"https://coub-anubis-a.akamaized.net/coub_storage/coub/simple/cw_image/e903cac9d61/7d4a91dc2f9513f1a861f/med_1628249483_00029.jpg","timeline_picture":"https://coub-anubis-a.akamaized.net/coub_storage/coub/simple/cw_timeline_pic/30c02e55b9b/ff260f8f7a59f5a05acd9/ios_large_1628249482_image.jpg","small_picture":"https://coub-anubis-a.akamaized.net/coub_storage/coub/simple/cw_image/e903cac9d61/7d4a91dc2f9513f1a861f/ios_mosaic_1628249483_00029.jpg","sharing_picture":null,"percent_done":100,"tags":[{"id":56163,"title":"раки","value":"%D1%80%D0%B0%D0%BA%D0%B8"},{"id":35009,"title":"crabs","value":"crabs"},{"id":3181,"title":"food","value":"food"},{"id":1057782,"title":"kitchen nightmares","value":"kitchen%20nightmares"},{"id":32032,"title":"kitchen","value":"kitchen"},{"id":34301,"title":"рецепт","value":"%D1%80%D0%B5%D1%86%D0%B5%D0%BF%D1%82"},{"id":271319,"title":"рецепты","value":"%D1%80%D0%B5%D1%86%D0%B5%D0%BF%D1%82%D1%8B"},{"id":127208,"title":"готовка","value":"%D0%B3%D0%BE%D1%82%D0%BE%D0%B2%D0%BA%D0%B0"},{"id":2842336,"title":"готовка еды","value":"%D0%B3%D0%BE%D1%82%D0%BE%D0%B2%D0%BA%D0%B0%20%D0%B5%D0%B4%D1%8B"}],"categories":[{"id":112,"title":"Food & Kitchen","permalink":"food-kitchen","subscriptions_count":2024813,"big_image_url":"https://coub-anubis-a.akamaized.net/coub_storage/category/cw_image/496fb34cd0a/573a3d5c899f3d332162b/big_1622031286_Food-Kitchen.png","small_image_url":"https://coub-anubis-a.akamaized.net/coub_storage/category/cw_image/496fb34cd0a/573a3d5c899f3d332162b/small_1622031286_Food-Kitchen.png","med_image_url":"https://coub-anubis-a.akamaized.net/coub_storage/category/cw_image/496fb34cd0a/573a3d5c899f3d332162b/med_1622031286_Food-Kitchen.png","visible":true}],"communities":[{"id":112,"title":"Food & Kitchen","permalink":"food-kitchen","subscriptions_count":2024813,"big_image_url":"https://coub-anubis-a.akamaized.net/coub_storage/category/cw_image/496fb34cd0a/573a3d5c899f3d332162b/big_1622031286_Food-Kitchen.png","small_image_url":"https://coub-anubis-a.akamaized.net/coub_storage/category/cw_image/496fb34cd0a/573a3d5c899f3d332162b/small_1622031286_Food-Kitchen.png","med_image_url":"https://coub-anubis-a.akamaized.net/coub_storage/category/cw_image/496fb34cd0a/573a3d5c899f3d332162b/med_1622031286_Food-Kitchen.png","i_subscribed":true,"community_notifications_enabled":null,"description":null}],"recoubs_count":4,"remixes_count":0,"likes_count":36,"dislikes_count":0,"raw_video_id":16667826,"uploaded_by_ios_app":false,"uploaded_by_android_app":false,"media_blocks":{"uploaded_raw_videos":[],"external_raw_videos":[{"id":39422292,"title":"Sebastian's Best Moments (Part 1) - The Little Mermaid","url":"https://www.youtube.com/watch?v=Yl4V1HjrmBM","image":"https://coub-anubis-a.akamaized.net/coub_storage/media_block/cw_image/73e55eda0d1/973ae7b50471965fa5cfc/video_1628248595_1xi0cbg_1628248565_1628248565_1m5plsz_att-url-download.webp","image_retina":"https://coub-anubis-a.akamaized.net/coub_storage/media_block/cw_image/73e55eda0d1/973ae7b50471965fa5cfc/video_retina_1628248595_1xi0cbg_1628248565_1628248565_1m5plsz_att-url-download.webp","meta":{"service":"Youtube","duration":"114.56"},"duration":114.56,"raw_video_id":16667826,"has_embed":true}],"remixed_from_coubs":[],"external_video":{"id":39422292,"title":"Sebastian's Best Moments (Part 1) - The Little Mermaid","url":"https://www.youtube.com/watch?v=Yl4V1HjrmBM","image":"https://coub-anubis-a.akamaized.net/coub_storage/media_block/cw_image/73e55eda0d1/973ae7b50471965fa5cfc/video_1628248595_1xi0cbg_1628248565_1628248565_1m5plsz_att-url-download.webp","image_retina":"https://coub-anubis-a.akamaized.net/coub_storage/media_block/cw_image/73e55eda0d1/973ae7b50471965fa5cfc/video_retina_1628248595_1xi0cbg_1628248565_1628248565_1m5plsz_att-url-download.webp","meta":{"service":"Youtube","duration":"114.56"},"duration":114.56,"raw_video_id":16667826,"has_embed":true}},"raw_video_thumbnail_url":"https://coub-anubis-a.akamaized.net/coub_storage/raw_video/cw_image/bee7bef3e80/fd1f8dae36e74545cca3f/coub_media_1628248565_1628248565_1m5plsz_att-url-download.webp","raw_video_title":"Sebastian's Best Moments (Part 1) - The Little Mermaid","video_block_banned":false,"duration":9.0,"promo_winner":false,"promo_winner_recoubers":null,"editorial_info":{},"promo_hint":null,"beeline_best_2014":null,"from_web_editor":true,"normalize_sound":true,"normalize_change_allowed":true,"best2015_addable":false,"ahmad_promo":null,"promo_data":null,"audio_copyright_claim":null,"ads_disabled":false,"is_safe_for_ads":true,"megafon_contents":[],"position_on_page":10}]}