{"page":200,"per_page":10,"total_pages":500,"coubs":[{"flag":null,"abuses":null,"recoubs_by_users_channels":null,"favourite":false,"promoted_id":null,"recoub":null,"like":null,"dislike":null,"reaction":null,"in_my_best2015":false,"id":81393680,"type":"Coub::Simple","permalink":"1c1wwo","title":"M1 Garand","visibility_type":"public","original_visibility_type":"public","channel_id":2235348,"created_at":"2018-08-04T03:33:41Z","updated_at":"2022-02-21T12:17:28Z","is_done":true,"views_count":142490,"cotd":null,"cotd_at":null,"visible_on_explore_root":false,"visible_on_explore":false,"featured":false,"published":true,"published_at":"2018-08-04T03:33:41Z","reversed":false,"from_editor_v2":true,"is_editable":true,"original_sound":true,"has_sound":true,"recoub_to":null,"file_versions":{"html5":{"video":{"higher":{"url":"https://coub-anubis-a.akamaized.net/coub_storage/coub/simple/cw_file/f2ea50a5b01/fa962fdc1499671abbf7f/muted_mp4_huge_size_1568265514_muted_huge.mp4","size":2749092},"high":{"url":"https://coub-anubis-a.akamaized.net/coub_storage/coub/simple/cw_file/f2ea50a5b01/fa962fdc1499671abbf7f/muted_mp4_big_size_1568265514_muted_big.mp4","size":2037876},"med":{"url":"https://coub-anubis-a.akamaized.net/coub_storage/coub/simple/cw_file/f2ea50a5b01/fa962fdc1499671abbf7f/muted_mp4_med_size_1568265514_muted_med.mp4","size":579201}},"audio":{"high":{"url":"https://coub-anubis-a.akamaized.net/coub_storage/coub/simple/cw_looped_audio_high/4b60d0e82d6/60d5d6cdfe99d2b5fdc97/1605615177_high_1533353812_high.mp3","size":1090681},"med":{"url":"https://coub-anubis-a.akamaized.net/coub_storage/coub/simple/cw_looped_audio_med/f94e200841a/942194ab27d5a1e81572e/1605615176_med_1533353812_med.mp3","size":809814},"sample_duration":10.147}},"mobile":{"video":"https://coub-anubis-a.akamaized.net/coub_storage/coub/simple/cw_file/f2ea50a5b01/fa962fdc1499671abbf7f/muted_mp4_med_size_1568265514_muted_med.mp4","audio":["https://coub-anubis-a.akamaized.net/coub_storage/coub/simple/cw_looped_audio_med/f94e200841a/942194ab27d5a1e81572e/1605615176_med_1533353812_med.mp3"]},"share":{"default":"https://coub-anubis-a.akamaized.net/coub_storage/coub/simple/cw_video_for_sharing/053cd5c7301/e04a554e25b84df2caa22/1610147033_looped_1610147032.mp4"}},"audio_versions":{},"image_versions":{"template":"https://coub-anubis-a.akamaized.net/coub_storage/coub/simple/cw_image/4cfc484e233/8c4faf2915198390cf0c0/1533353818_00032.jpg","versions":["micro","tiny","age_restricted","ios_large","ios_mosaic","big","med","small","pinterest"]},"first_frame_versions":{"template":"https://coub-anubis-a.akamaized.net/coub_storage/coub/simple/cw_timeline_pic/02697a4d9ff/b3e5dede425d2d4cf84c9/%{version}_1533353818_image.jpg","versions":["big","med","small","ios_large"]},"dimensions":{"big":[1280,720],"med":[640,360]},"site_w_h":[640,360],"page_w_h":[640,360],"site_w_h_small":[310,174],"size":[1280,720],"age_restricted":false,"age_restricted_by_admin":false,"not_safe_for_work":false,"allow_reuse":false,"dont_crop":false,"banned":false,"global_safe":true,"audio_file_url":null,"external_download":{"type":"Youtube","service_name":"YouTube","url":"http://youtu.be/B62soZDzkz0","has_embed":true},"application":null,"channel":{"id":2235348,"permalink":"rebelregular","title":"Regular Coubs","description":"basically everything is decided in the first 10 seconds","followers_count":2177,"following_count":1,"avatar_versions":{"template":"https://coub-anubis-a.akamaized.net/coub_storage/channel/cw_avatar/e1186ca78e3/538e922d844da9550814f/%{version}_1607420558_1ot2d17_1533232475_333.jpg","versions":["medium","medium_2x","profile_pic","profile_pic_new","profile_pic_new_2x","tiny","tiny_2x","small","small_2x","ios_large","ios_small"]}},"file":null,"picture":"https://coub-anubis-a.akamaized.net/coub_storage/coub/simple/cw_image/4cfc484e233/8c4faf2915198390cf0c0/1533353818_00032.jpg","timeline_picture":"https://coub-anubis-a.akamaized.net/coub_storage/coub/simple/cw_timeline_pic/02697a4d9ff/b3e5dede425d2d4cf84c9/ios_large_1533353818_image.jpg","small_picture":"https://coub-anubis-a.akamaized.net/coub_storage/coub/simple/cw_image/4cfc484e233/8c4faf2915198390cf0c0/1533353818_00032.jpg","sharing_picture":null,"percent_done":100,"tags":[{"id":619,"title":"gun","value":"gun"},{"id":2108,"title":"guns","value":"guns"},{"id":6563,"title":"weapon","value":"weapon"},{"id":564639,"title":"small arms","value":"small%20arms"},{"id":9381,"title":"rifle","value":"rifle"},{"id":20170,"title":"wwii","value":"wwii"},{"id":139953,"title":"world war","value":"world%20war"},{"id":1563,"title":"ww2","value":"ww2"},{"id":832,"title":"army","value":"army"},{"id":16101,"title":"military","value":"military"},{"id":3190,"title":"history","value":"history"},{"id":12060,"title":"historical","value":"historical"},{"id":10181,"title":"weapons","value":"weapons"},{"id":579,"title":"slow motion","value":"slow%20motion"},{"id":1416868,"title":"m1 garand","value":"m1%20garand"}],"categories":[{"id":76,"title":"Science & Technology","permalink":"science-technology","subscriptions_count":10077188,"big_image_url":"https://coub-anubis-a.akamaized.net/coub_storage/category/cw_image/d7b917ae565/55b6fc9b6407f7099c088/big_1544622172_science.png","small_image_url":"https://coub-anubis-a.akamaized.net/coub_storage/category/cw_image/d7b917ae565/55b6fc9b6407f7099c088/small_1544622172_science.png","med_image_url":"https://coub-anubis-a.akamaized.net/coub_storage/category/cw_image/d7b917ae565/55b6fc9b6407f7099c088/med_1544622172_science.png","visible":true}],"communities":[{"id":76,"title":"Science & Technology","permalink":"science-technology","subscriptions_count":10077188,"big_image_url":"https://coub-anubis-a.akamaized.net/coub_storage/category/cw_image/d7b917ae565/55b6fc9b6407f7099c088/big_1544622172_science.png","small_image_url":"https://coub-anubis-a.akamaized.net/coub_storage/category/cw_image/d7b917ae565/55b6fc9b6407f7099c088/small_1544622172_science.png","med_image_url":"https://coub-anubis-a.akamaized.net/coub_storage/category/cw_image/d7b917ae565/55b6fc9b6407f7099c088/med_1544622172_science.png","i_subscribed":true,"community_notifications_enabled":null,"description":null}],"recoubs_count":33,"remixes_count":0,"likes_count":1399,"dislikes_count":0,"raw_video_id":12143774,"uploaded_by_ios_app":false,"uploaded_by_android_app":false,"media_blocks":{"uploaded_raw_videos":[],"external_raw_videos":[{"id":27572500,"title":"Top Five WWII Small Arms","url":"https://www.youtube.com/watch?v=B62soZDzkz0","image":"https://coub-anubis-a.akamaized.net/coub_storage/media_block/cw_image/ed20a0ee4de/1b4b43718955f353765f0/1533353452_1533353364_zqz3vh_att-url-download.jpg","image_retina":"https://coub-anubis-a.akamaized.net/coub_storage/media_block/cw_image/ed20a0ee4de/1b4b43718955f353765f0/1533353452_1533353364_zqz3vh_att-url-download.jpg","meta":{"service":"Youtube","duration":"591.16"},"duration":591.16,"raw_video_id":12143774,"has_embed":true}],"remixed_from_coubs":[],"external_video":{"id":27572500,"title":"Top Five WWII Small Arms","url":"https://www.youtube.com/watch?v=B62soZDzkz0","image":"https://coub-anubis-a.akamaized.net/coub_storage/media_block/cw_image/ed20a0ee4de/1b4b43718955f353765f0/1533353452_1533353364_zqz3vh_att-url-download.jpg","image_retina":"https://coub-anubis-a.akamaized.net/coub_storage/media_block/cw_image/ed20a0ee4de/1b4b43718955f353765f0/1533353452_1533353364_zqz3vh_att-url-download.jpg","meta":{"service":"Youtube","duration":"591.16"},"duration":591.16,"raw_video_id":12143774,"has_embed":true}},"raw_video_thumbnail_url":"/missing/missing.png","raw_video_title":"Top Five WWII Small Arms","video_block_banned":false,"duration":10.0,"promo_winner":false,"promo_winner_recoubers":null,"editorial_info":{},"promo_hint":null,"beeline_best_2014":null,"from_web_editor":true,"normalize_sound":true,"normalize_change_allowed":true,"best2015_addable":false,"ahmad_promo":null,"promo_data":null,"audio_copyright_claim":null,"ads_disabled":false,"is_safe_for_ads":true,"megafon_contents":[],"position_on_page":1},{"flag":null,"abuses":null,"recoubs_by_users_channels":null,"favourite":false,"promoted_id":null,"recoub":null,"like":null,"dislike":null,"reaction":null,"in_my_best2015":false,"id":120890685,"type":"Coub::Simple","permalink":"1zkh8a","title":"WTF&7?","visibility_type":"public","original_visibility_type":"public","channel_id":2578530,"created_at":"2019-08-14T20:35:34Z","updated_at":"2022-03-15T18:50:43Z","is_done":true,"views_count":154050,"cotd":null,"cotd_at":null,"visible_on_explore_root":false,"visible_on_explore":false,"featured":false,"published":true,"published_at":"2019-08-14T20:35:34Z","reversed":false,"from_editor_v2":true,"is_editable":true,"original_sound":true,"has_sound":true,"recoub_to":null,"file_versions":{"html5":{"video":{"higher":{"url":"https://coub-anubis-a.akamaized.net/coub_storage/coub/simple/cw_file/bb752435a35/f748b33a1a39d79a2cc1c/muted_mp4_huge_size_1569153156_muted_huge.mp4","size":1876897},"high":{"url":"https://coub-anubis-a.akamaized.net/coub_storage/coub/simple/cw_file/bb752435a35/f748b33a1a39d79a2cc1c/muted_mp4_big_size_1569153156_muted_big.mp4","size":1304150},"med":{"url":"https://coub-anubis-a.akamaized.net/coub_storage/coub/simple/cw_file/bb752435a35/f748b33a1a39d79a2cc1c/muted_mp4_med_size_1569153156_muted_med.mp4","size":442518}},"audio":{"high":{"url":"https://coub-anubis-a.akamaized.net/coub_storage/coub/simple/cw_looped_audio_high/167f37e24dd/9d1ae04784b0fed6f3541/1605686015_high_1565815046_high.mp3","size":1047843},"med":{"url":"https://coub-anubis-a.akamaized.net/coub_storage/coub/simple/cw_looped_audio_med/53823597321/b51125511c6d1b5772960/1605686014_med_1565815046_med.mp3","size":805644},"sample_duration":10.1}},"mobile":{"video":"https://coub-anubis-a.akamaized.net/coub_storage/coub/simple/cw_file/bb752435a35/f748b33a1a39d79a2cc1c/muted_mp4_med_size_1569153156_muted_med.mp4","audio":["https://coub-anubis-a.akamaized.net/coub_storage/coub/simple/cw_looped_audio_med/53823597321/b51125511c6d1b5772960/1605686014_med_1565815046_med.mp3"]},"share":{"default":"https://coub-anubis-a.akamaized.net/coub_storage/coub/simple/cw_video_for_sharing/1ea515020e4/4d71dfbf0b145483d5473/1609454024_looped_1609454023.mp4"}},"audio_versions":{},"image_versions":{"template":"https://coub-anubis-a.akamaized.net/coub_storage/coub/simple/cw_image/d00bcc6053f/cf43b3c08816747d1ac17/1565815052_00032.jpg","versions":["micro","tiny","age_restricted","ios_large","ios_mosaic","big","med","small","pinterest"]},"first_frame_versions":{"template":"https://coub-anubis-a.akamaized.net/coub_storage/coub/simple/cw_timeline_pic/e7dbb8a4c82/2f1cf459ea6d04f8cacbe/%{version}_1565815052_image.jpg","versions":["big","med","small","ios_large"]},"dimensions":{"big":[586,960],"med":[292,480]},"site_w_h":[244,400],"page_w_h":[400,655],"site_w_h_small":[310,508],"size":[586,960],"age_restricted":false,"age_restricted_by_admin":false,"not_safe_for_work":false,"allow_reuse":false,"dont_crop":false,"banned":false,"global_safe":true,"audio_file_url":null,"external_download":{"type":"Youtube","service_name":"YouTube","url":"https://www.youtube.com/watch?v=NFrlTd47U_Y","has_embed":true},"application":null,"channel":{"id":2578530,"permalink":"6b26b56b8e24dcb94e043e4af0174e35","title":"夜遅","description":null,"followers_count":82,"following_count":78,"avatar_versions":{"template":"https://coub-anubis-a.akamaized.net/coub_storage/channel/cw_avatar/35c7f823015/8008f192e09171852a439/%{version}_1609669074_sc4zgv_1562063835_BNepBimYmQ0.jpg","versions":["medium","medium_2x","profile_pic","profile_pic_new","profile_pic_new_2x","tiny","tiny_2x","small","small_2x","ios_large","ios_small"]}},"file":null,"picture":"https://coub-anubis-a.akamaized.net/coub_storage/coub/simple/cw_image/d00bcc6053f/cf43b3c08816747d1ac17/1565815052_00032.jpg","timeline_picture":"https://coub-anubis-a.akamaized.net/coub_storage/coub/simple/cw_timeline_pic/e7dbb8a4c82/2f1cf459ea6d04f8cacbe/ios_large_1565815052_image.jpg","small_picture":"https://coub-anubis-a.akamaized.net/coub_storage/coub/simple/cw_image/d00bcc6053f/cf43b3c08816747d1ac17/1565815052_00032.jpg","sharing_picture":null,"percent_done":100,"tags":[{"id":86224,"title":"dank","value":"dank"},{"id":1056462,"title":"dank memes","value":"dank%20memes"},{"id":1431209,"title":"dank memes compilation","value":"dank%20memes%20compilation"},{"id":1482065,"title":"dankest memes","value":"dankest%20memes"},{"id":1244447,"title":"meme compilation","value":"meme%20compilation"},{"id":1590440,"title":"dank comp","value":"dank%20comp"},{"id":1545209,"title":"funny dank memes","value":"funny%20dank%20memes"},{"id":1586024,"title":"funny dank","value":"funny%20dank"},{"id":1525227,"title":"dankest memes compilation","value":"dankest%20memes%20compilation"},{"id":43022,"title":"try not to laugh","value":"try%20not%20to%20laugh"},{"id":939997,"title":"try not to laugh challenge","value":"try%20not%20to%20laugh%20challenge"},{"id":4566786,"title":"dank memes that keep me alive","value":"dank%20memes%20that%20keep%20me%20alive"},{"id":1431208,"title":"dank memes vine compilation","value":"dank%20memes%20vine%20compilation"},{"id":2235,"title":"memes","value":"memes"},{"id":2234,"title":"meme","value":"meme"},{"id":174,"title":"funny","value":"funny"},{"id":12239,"title":"funny videos","value":"funny%20videos"},{"id":1121873,"title":"ylyl","value":"ylyl"},{"id":966858,"title":"you laugh you lose","value":"you%20laugh%20you%20lose"},{"id":272153,"title":"fab","value":"fab"},{"id":2197255,"title":"tntl","value":"tntl"},{"id":3168634,"title":"ultimate dank memes compilation","value":"ultimate%20dank%20memes%20compilation"},{"id":1884504,"title":"ultimate dank memes","value":"ultimate%20dank%20memes"},{"id":4566787,"title":"i'm gonna say the n word","value":"i'm%20gonna%20say%20the%20n%20word"},{"id":554629,"title":"n word","value":"n%20word"},{"id":592084,"title":"the n word","value":"the%20n%20word"},{"id":1942913,"title":"you laugh you lose challenge","value":"you%20laugh%20you%20lose%20challenge"},{"id":299360,"title":"funny memes","value":"funny%20memes"},{"id":299358,"title":"best memes","value":"best%20memes"},{"id":170,"title":"lol","value":"lol"},{"id":6199,"title":"haha","value":"haha"}],"categories":[{"id":76,"title":"Science & Technology","permalink":"science-technology","subscriptions_count":10077188,"big_image_url":"https://coub-anubis-a.akamaized.net/coub_storage/category/cw_image/d7b917ae565/55b6fc9b6407f7099c088/big_1544622172_science.png","small_image_url":"https://coub-anubis-a.akamaized.net/coub_storage/category/cw_image/d7b917ae565/55b6fc9b6407f7099c088/small_1544622172_science.png","med_image_url":"https://coub-anubis-a.akamaized.net/coub_storage/category/cw_image/d7b917ae565/55b6fc9b6407f7099c088/med_1544622172_science.png","visible":true}],"communities":[{"id":76,"title":"Science & Technology","permalink":"science-technology","subscriptions_count":10077188,"big_image_url":"https://coub-anubis-a.akamaized.net/coub_storage/category/cw_image/d7b917ae565/55b6fc9b6407f7099c088/big_1544622172_science.png","small_image_url":"https://coub-anubis-a.akamaized.net/coub_storage/category/cw_image/d7b917ae565/55b6fc9b6407f7099c088/small_1544622172_science.png","med_image_url":"https://coub-anubis-a.akamaized.net/coub_storage/category/cw_image/d7b917ae565/55b6fc9b6407f7099c088/med_1544622172_science.png","i_subscribed":true,"community_notifications_enabled":null,"description":null}],"recoubs_count":281,"remixes_count":0,"likes_count":1398,"dislikes_count":0,"raw_video_id":14102878,"uploaded_by_ios_app":false,"uploaded_by_android_app":false,"media_blocks":{"uploaded_raw_videos":[],"external_raw_videos":[{"id":32897924,"title":"memes i found on my grandma's phone","url":"https://www.youtube.com/watch?v=NFrlTd47U_Y","image":"https://coub-anubis-a.akamaized.net/coub_storage/media_block/cw_image/5efb220c00e/162fc3f594abc3f6bb7a3/1565814486_1hsrgvc_1565814409_1vnkkom_att-url-download.jpg","image_retina":"https://coub-anubis-a.akamaized.net/coub_storage/media_block/cw_image/5efb220c00e/162fc3f594abc3f6bb7a3/1565814486_1hsrgvc_1565814409_1vnkkom_att-url-download.jpg","meta":{"service":"Youtube","duration":"601.28"},"duration":601.28,"raw_video_id":14102878,"has_embed":true}],"remixed_from_coubs":[],"external_video":{"id":32897924,"title":"memes i found on my grandma's phone","url":"https://www.youtube.com/watch?v=NFrlTd47U_Y","image":"https://coub-anubis-a.akamaized.net/coub_storage/media_block/cw_image/5efb220c00e/162fc3f594abc3f6bb7a3/1565814486_1hsrgvc_1565814409_1vnkkom_att-url-download.jpg","image_retina":"https://coub-anubis-a.akamaized.net/coub_storage/media_block/cw_image/5efb220c00e/162fc3f594abc3f6bb7a3/1565814486_1hsrgvc_1565814409_1vnkkom_att-url-download.jpg","meta":{"service":"Youtube","duration":"601.28"},"duration":601.28,"raw_video_id":14102878,"has_embed":true}},"raw_video_thumbnail_url":"/missing/missing.png","raw_video_title":"memes i found on my grandma's phone","video_block_banned":false,"duration":10.0,"promo_winner":false,"promo_winner_recoubers":null,"editorial_info":{},"promo_hint":null,"beeline_best_2014":null,"from_web_editor":true,"normalize_sound":true,"normalize_change_allowed":true,"best2015_addable":false,"ahmad_promo":null,"promo_data":null,"audio_copyright_claim":null,"ads_disabled":false,"is_safe_for_ads":true,"megafon_contents":[],"position_on_page":2},{"flag":null,"abuses":null,"recoubs_by_users_channels":null,"favourite":false,"promoted_id":null,"recoub":null,"like":null,"dislike":null,"reaction":null,"in_my_best2015":false,"id":104341771,"type":"Coub::Simple","permalink":"1pprwo","title":"Стройка","visibility_type":"public","original_visibility_type":"public","channel_id":4915922,"created_at":"2019-03-05T20:59:51Z","updated_at":"2022-02-09T13:24:48Z","is_done":true,"views_count":95049,"cotd":null,"cotd_at":null,"visible_on_explore_root":false,"visible_on_explore":false,"featured":false,"published":true,"published_at":"2019-03-05T20:59:51Z","reversed":false,"from_editor_v2":true,"is_editable":true,"original_sound":false,"has_sound":false,"recoub_to":null,"file_versions":{"html5":{"video":{"higher":{"url":"https://coub-anubis-a.akamaized.net/coub_storage/coub/simple/cw_file/80ad4cbd194/029df84aa5ebc5650eb59/muted_mp4_huge_size_1574416816_muted_huge.mp4","size":3200516},"high":{"url":"https://coub-anubis-a.akamaized.net/coub_storage/coub/simple/cw_file/80ad4cbd194/029df84aa5ebc5650eb59/muted_mp4_big_size_1574416816_muted_big.mp4","size":2432036},"med":{"url":"https://coub-anubis-a.akamaized.net/coub_storage/coub/simple/cw_file/80ad4cbd194/029df84aa5ebc5650eb59/muted_mp4_med_size_1574416816_muted_med.mp4","size":784687}},"audio":{"high":{"url":"https://coub-anubis-a.akamaized.net/coub_storage/coub/simple/cw_looped_audio_high/d6960c52ba2/c9a7d2ffa0271376de3f7/1605676322_high_1551819616_high.mp3","size":2134413},"med":{"url":"https://coub-anubis-a.akamaized.net/coub_storage/coub/simple/cw_looped_audio_med/ec6db06e7a3/2d4c74eaed62b4666fa33/1605676322_med_1551819616_med.mp3","size":1448970}}},"mobile":{"video":"https://coub-anubis-a.akamaized.net/coub_storage/coub/simple/cw_file/80ad4cbd194/029df84aa5ebc5650eb59/muted_mp4_med_size_1574416816_muted_med.mp4","audio":["https://coub-anubis-a.akamaized.net/coub_storage/coub/simple/cw_looped_audio_med/ec6db06e7a3/2d4c74eaed62b4666fa33/1605676322_med_1551819616_med.mp3"]},"share":{"default":"https://coub-anubis-a.akamaized.net/coub_storage/coub/simple/cw_video_for_sharing/c2209a9e2a0/913b6f4c76990fdf66029/1610220879_looped_1610220878.mp4"}},"audio_versions":{"template":"https://coub-anubis-a.akamaized.net/coub_storage/audio_track/cw_file/4cbd7b13145/ba7819fe6f084e2721c56/mid_1551819414_audio.mp3","versions":["mid","low"]},"image_versions":{"template":"https://coub-anubis-a.akamaized.net/coub_storage/coub/simple/cw_image/926c8a3155d/650d5dae9d93cb9e84930/1551819631_00032.jpg","versions":["micro","tiny","age_restricted","ios_large","ios_mosaic","big","med","small","pinterest"]},"first_frame_versions":{"template":"https://coub-anubis-a.akamaized.net/coub_storage/coub/simple/cw_timeline_pic/147a9b0168e/e75f40e6d825d08a652a8/%{version}_1551819629_image.jpg","versions":["big","med","small","ios_large"]},"dimensions":{"big":[1280,720],"med":[640,360]},"site_w_h":[640,360],"page_w_h":[640,360],"site_w_h_small":[310,174],"size":[1280,720],"age_restricted":false,"age_restricted_by_admin":false,"not_safe_for_work":false,"allow_reuse":false,"dont_crop":false,"banned":false,"global_safe":false,"audio_file_url":"https://coub-anubis-a.akamaized.net/coub_storage/audio_track/cw_file/4cbd7b13145/ba7819fe6f084e2721c56/low_1551819414_audio.mp3","external_download":false,"application":null,"channel":{"id":4915922,"permalink":"roma-vibe","title":"R.I.O.","description":"Music is My Life...","followers_count":91,"following_count":1,"avatar_versions":{"template":"https://coub-anubis-a.akamaized.net/coub_storage/channel/cw_avatar/914a8d29525/d98f6210d928becccb3bd/%{version}_1628859964_23101719131165343580.jpg","versions":["medium","medium_2x","profile_pic","profile_pic_new","profile_pic_new_2x","tiny","tiny_2x","small","small_2x","ios_large","ios_small"]}},"file":null,"picture":"https://coub-anubis-a.akamaized.net/coub_storage/coub/simple/cw_image/926c8a3155d/650d5dae9d93cb9e84930/1551819631_00032.jpg","timeline_picture":"https://coub-anubis-a.akamaized.net/coub_storage/coub/simple/cw_timeline_pic/147a9b0168e/e75f40e6d825d08a652a8/ios_large_1551819629_image.jpg","small_picture":"https://coub-anubis-a.akamaized.net/coub_storage/coub/simple/cw_image/926c8a3155d/650d5dae9d93cb9e84930/1551819631_00032.jpg","sharing_picture":null,"percent_done":100,"tags":[{"id":19764,"title":"стройка","value":"%D1%81%D1%82%D1%80%D0%BE%D0%B9%D0%BA%D0%B0"},{"id":75,"title":"рэп","value":"%D1%80%D1%8D%D0%BF"},{"id":142,"title":"русский рэп","value":"%D1%80%D1%83%D1%81%D1%81%D0%BA%D0%B8%D0%B9%20%D1%80%D1%8D%D0%BF"},{"id":1160,"title":"музыка","value":"%D0%BC%D1%83%D0%B7%D1%8B%D0%BA%D0%B0"},{"id":86,"title":"music","value":"music"},{"id":74,"title":"rap","value":"rap"}],"categories":[{"id":76,"title":"Science & Technology","permalink":"science-technology","subscriptions_count":10077188,"big_image_url":"https://coub-anubis-a.akamaized.net/coub_storage/category/cw_image/d7b917ae565/55b6fc9b6407f7099c088/big_1544622172_science.png","small_image_url":"https://coub-anubis-a.akamaized.net/coub_storage/category/cw_image/d7b917ae565/55b6fc9b6407f7099c088/small_1544622172_science.png","med_image_url":"https://coub-anubis-a.akamaized.net/coub_storage/category/cw_image/d7b917ae565/55b6fc9b6407f7099c088/med_1544622172_science.png","visible":true}],"communities":[{"id":76,"title":"Science & Technology","permalink":"science-technology","subscriptions_count":10077188,"big_image_url":"https://coub-anubis-a.akamaized.net/coub_storage/category/cw_image/d7b917ae565/55b6fc9b6407f7099c088/big_1544622172_science.png","small_image_url":"https://coub-anubis-a.akamaized.net/coub_storage/category/cw_image/d7b917ae565/55b6fc9b6407f7099c088/small_1544622172_science.png","med_image_url":"https://coub-anubis-a.akamaized.net/coub_storage/category/cw_image/d7b917ae565/55b6fc9b6407f7099c088/med_1544622172_science.png","i_subscribed":true,"community_notifications_enabled":null,"description":null}],"recoubs_count":287,"remixes_count":0,"likes_count":1398,"dislikes_count":0,"raw_video_id":13326423,"uploaded_by_ios_app":false,"uploaded_by_android_app":false,"media_blocks":{"uploaded_raw_videos":[],"external_raw_videos":[],"remixed_from_coubs":[]},"raw_video_thumbnail_url":"/missing/missing.png","raw_video_title":"_______.mp4","video_block_banned":false,"duration":10.0,"promo_winner":false,"promo_winner_recoubers":null,"editorial_info":{},"promo_hint":null,"beeline_best_2014":null,"from_web_editor":true,"normalize_sound":false,"normalize_change_allowed":true,"best2015_addable":false,"ahmad_promo":null,"promo_data":null,"audio_copyright_claim":null,"ads_disabled":false,"is_safe_for_ads":true,"megafon_contents":[],"position_on_page":3},{"flag":null,"abuses":null,"recoubs_by_users_channels":null,"favourite":false,"promoted_id":null,"recoub":null,"like":null,"dislike":null,"reaction":null,"in_my_best2015":false,"id":171336575,"type":"Coub::Simple","permalink":"2tnv13","title":"Спиннер. Возрождение","visibility_type":"public","original_visibility_type":"public","channel_id":4996629,"created_at":"2021-06-29T13:22:14Z","updated_at":"2022-03-09T04:17:34Z","is_done":true,"views_count":78100,"cotd":null,"cotd_at":null,"visible_on_explore_root":false,"visible_on_explore":false,"featured":false,"published":true,"published_at":"2021-06-29T13:22:14Z","reversed":false,"from_editor_v2":true,"is_editable":true,"original_sound":true,"has_sound":true,"recoub_to":null,"file_versions":{"html5":{"video":{"higher":{"url":"https://coub-anubis-a.akamaized.net/coub_storage/coub/simple/cw_file/133eab437f5/bb2b269c7391d7ffff1fa/muted_mp4_huge_size_1624972940_muted_huge.mp4","size":2745645},"high":{"url":"https://coub-anubis-a.akamaized.net/coub_storage/coub/simple/cw_file/133eab437f5/bb2b269c7391d7ffff1fa/muted_mp4_big_size_1624972940_muted_big.mp4","size":1817171},"med":{"url":"https://coub-anubis-a.akamaized.net/coub_storage/coub/simple/cw_file/133eab437f5/bb2b269c7391d7ffff1fa/muted_mp4_med_size_1624972940_muted_med.mp4","size":645738}},"audio":{"high":{"url":"https://coub-anubis-a.akamaized.net/coub_storage/coub/simple/cw_looped_audio_high/e2c05cee216/e9b42af3ee455cd98aed6/1624972942_mp3-high.mp3","size":782506},"med":{"url":"https://coub-anubis-a.akamaized.net/coub_storage/coub/simple/cw_looped_audio_med/6978e079c9c/daf2132d03864539bc7e2/1624972941_mp3-med.mp3","size":780041},"sample_duration":10.008}},"mobile":{"video":"https://coub-anubis-a.akamaized.net/coub_storage/coub/simple/cw_file/133eab437f5/bb2b269c7391d7ffff1fa/muted_mp4_med_size_1624972940_muted_med.mp4","audio":["https://coub-anubis-a.akamaized.net/coub_storage/coub/simple/cw_looped_audio_med/6978e079c9c/daf2132d03864539bc7e2/1624972941_mp3-med.mp3"]},"share":{"default":"https://coub-anubis-a.akamaized.net/coub_storage/coub/simple/cw_video_for_sharing/4f92317e114/fcdb599c75064091161d2/1624972991_looped_1624972990.mp4"}},"audio_versions":{},"image_versions":{"template":"https://coub-anubis-a.akamaized.net/coub_storage/coub/simple/cw_image/07c231af2cf/eec78b1b10cdfbc5c4fc2/%{version}_1624972954_00032.jpg","versions":["micro","tiny","age_restricted","ios_large","ios_mosaic","big","med","small","pinterest"]},"first_frame_versions":{"template":"https://coub-anubis-a.akamaized.net/coub_storage/coub/simple/cw_timeline_pic/09bb06df25f/1e010dc2c6748285bbaf3/%{version}_1624972953_image.jpg","versions":["big","med","small","ios_large"]},"dimensions":{"big":[768,960],"med":[384,480]},"site_w_h":[320,400],"page_w_h":[400,500],"site_w_h_small":[310,388],"size":[768,960],"age_restricted":false,"age_restricted_by_admin":false,"not_safe_for_work":false,"allow_reuse":false,"dont_crop":true,"banned":false,"global_safe":null,"audio_file_url":null,"external_download":false,"application":null,"channel":{"id":4996629,"permalink":"jose.truis","title":"Joe Troyes","description":null,"followers_count":20,"following_count":17,"avatar_versions":{"template":"https://coub-anubis-a.akamaized.net/coub_storage/channel/cw_avatar/922d682f0a5/a653f145e01febc05f785/1542909666_chjornaja-koshka-belyj-kot-3.jpg","versions":["medium","medium_2x","profile_pic","profile_pic_new","profile_pic_new_2x","tiny","tiny_2x","small","small_2x","ios_large","ios_small"]}},"file":null,"picture":"https://coub-anubis-a.akamaized.net/coub_storage/coub/simple/cw_image/07c231af2cf/eec78b1b10cdfbc5c4fc2/med_1624972954_00032.jpg","timeline_picture":"https://coub-anubis-a.akamaized.net/coub_storage/coub/simple/cw_timeline_pic/09bb06df25f/1e010dc2c6748285bbaf3/ios_large_1624972953_image.jpg","small_picture":"https://coub-anubis-a.akamaized.net/coub_storage/coub/simple/cw_image/07c231af2cf/eec78b1b10cdfbc5c4fc2/ios_mosaic_1624972954_00032.jpg","sharing_picture":null,"percent_done":100,"tags":[],"categories":[{"id":76,"title":"Science & Technology","permalink":"science-technology","subscriptions_count":10077188,"big_image_url":"https://coub-anubis-a.akamaized.net/coub_storage/category/cw_image/d7b917ae565/55b6fc9b6407f7099c088/big_1544622172_science.png","small_image_url":"https://coub-anubis-a.akamaized.net/coub_storage/category/cw_image/d7b917ae565/55b6fc9b6407f7099c088/small_1544622172_science.png","med_image_url":"https://coub-anubis-a.akamaized.net/coub_storage/category/cw_image/d7b917ae565/55b6fc9b6407f7099c088/med_1544622172_science.png","visible":true}],"communities":[{"id":76,"title":"Science & Technology","permalink":"science-technology","subscriptions_count":10077188,"big_image_url":"https://coub-anubis-a.akamaized.net/coub_storage/category/cw_image/d7b917ae565/55b6fc9b6407f7099c088/big_1544622172_science.png","small_image_url":"https://coub-anubis-a.akamaized.net/coub_storage/category/cw_image/d7b917ae565/55b6fc9b6407f7099c088/small_1544622172_science.png","med_image_url":"https://coub-anubis-a.akamaized.net/coub_storage/category/cw_image/d7b917ae565/55b6fc9b6407f7099c088/med_1544622172_science.png","i_subscribed":true,"community_notifications_enabled":null,"description":null}],"recoubs_count":235,"remixes_count":0,"likes_count":1396,"dislikes_count":0,"raw_video_id":16568012,"uploaded_by_ios_app":false,"uploaded_by_android_app":false,"media_blocks":{"uploaded_raw_videos":[],"external_raw_videos":[],"remixed_from_coubs":[]},"raw_video_thumbnail_url":"https://coub-anubis-a.akamaized.net/coub_storage/raw_video/cw_image/9609779710e/9dc21b0eee2cbbaca774e/coub_media_1624972854_image.jpg","raw_video_title":"DqPZK5rH.mp4","video_block_banned":false,"duration":10.0,"promo_winner":false,"promo_winner_recoubers":null,"editorial_info":{},"promo_hint":null,"beeline_best_2014":null,"from_web_editor":true,"normalize_sound":true,"normalize_change_allowed":true,"best2015_addable":false,"ahmad_promo":null,"promo_data":null,"audio_copyright_claim":null,"ads_disabled":false,"is_safe_for_ads":true,"megafon_contents":[],"position_on_page":4},{"flag":null,"abuses":null,"recoubs_by_users_channels":null,"favourite":false,"promoted_id":null,"recoub":null,"like":null,"dislike":null,"reaction":null,"in_my_best2015":false,"id":162216340,"type":"Coub::Simple","permalink":"2o8dr5","title":"Cyberpunk 2077 meme","visibility_type":"public","original_visibility_type":"public","channel_id":3636366,"created_at":"2021-01-21T14:52:59Z","updated_at":"2022-02-15T00:19:09Z","is_done":true,"views_count":106702,"cotd":null,"cotd_at":null,"visible_on_explore_root":false,"visible_on_explore":false,"featured":false,"published":true,"published_at":"2021-01-21T14:52:59Z","reversed":false,"from_editor_v2":true,"is_editable":true,"original_sound":true,"has_sound":true,"recoub_to":null,"file_versions":{"html5":{"video":{"higher":{"url":"https://coub-anubis-a.akamaized.net/coub_storage/coub/simple/cw_file/c5b80b487b9/758632f19d6ca54042882/muted_mp4_huge_size_1611240795_muted_huge.mp4","size":3447652},"high":{"url":"https://coub-anubis-a.akamaized.net/coub_storage/coub/simple/cw_file/c5b80b487b9/758632f19d6ca54042882/muted_mp4_big_size_1611240795_muted_big.mp4","size":2333805},"med":{"url":"https://coub-anubis-a.akamaized.net/coub_storage/coub/simple/cw_file/c5b80b487b9/758632f19d6ca54042882/muted_mp4_med_size_1611240795_muted_med.mp4","size":674394}},"audio":{"high":{"url":"https://coub-anubis-a.akamaized.net/coub_storage/coub/simple/cw_looped_audio_high/3656b35a081/4800e67a2ed1ba90f309b/1611240798_mp3-high.mp3","size":1027250},"med":{"url":"https://coub-anubis-a.akamaized.net/coub_storage/coub/simple/cw_looped_audio_med/b99a1c10dc3/f0d103c3f60adb843a4d2/1611240797_mp3-med.mp3","size":799076},"sample_duration":10.008}},"mobile":{"video":"https://coub-anubis-a.akamaized.net/coub_storage/coub/simple/cw_file/c5b80b487b9/758632f19d6ca54042882/muted_mp4_med_size_1611240795_muted_med.mp4","audio":["https://coub-anubis-a.akamaized.net/coub_storage/coub/simple/cw_looped_audio_med/b99a1c10dc3/f0d103c3f60adb843a4d2/1611240797_mp3-med.mp3"]},"share":{"default":"https://coub-anubis-a.akamaized.net/coub_storage/coub/simple/cw_video_for_sharing/915aeed229d/34237c7b32531caeba05b/1611240869_looped_1611240865.mp4"}},"audio_versions":{},"image_versions":{"template":"https://coub-anubis-a.akamaized.net/coub_storage/coub/simple/cw_image/48e9376976b/cc0d62190e3e928b836a8/%{version}_1611240806_00032.jpg","versions":["micro","tiny","age_restricted","ios_large","ios_mosaic","big","med","small","pinterest"]},"first_frame_versions":{"template":"https://coub-anubis-a.akamaized.net/coub_storage/coub/simple/cw_timeline_pic/cdfbf5ee493/183503c89c321c2dda7c5/%{version}_1611240805_image.jpg","versions":["big","med","small","ios_large"]},"dimensions":{"big":[1280,720],"med":[640,360]},"site_w_h":[640,360],"page_w_h":[640,360],"site_w_h_small":[310,174],"size":[1280,720],"age_restricted":false,"age_restricted_by_admin":false,"not_safe_for_work":false,"allow_reuse":false,"dont_crop":true,"banned":false,"global_safe":true,"audio_file_url":null,"external_download":{"type":"Youtube","service_name":"YouTube","url":"https://youtu.be/GDCH5fnDCqQ","has_embed":true},"application":null,"channel":{"id":3636366,"permalink":"scaniatm","title":"SCANIATM","description":null,"followers_count":37,"following_count":88,"avatar_versions":{"template":"https://coub-anubis-a.akamaized.net/coub_storage/channel/cw_avatar/5856b6e7d1b/950cf16c0d4022ee030a7/%{version}_1609448161_9d6e3n_1497966776_scaniatm_avatar.jpg","versions":["medium","medium_2x","profile_pic","profile_pic_new","profile_pic_new_2x","tiny","tiny_2x","small","small_2x","ios_large","ios_small"]}},"file":null,"picture":"https://coub-anubis-a.akamaized.net/coub_storage/coub/simple/cw_image/48e9376976b/cc0d62190e3e928b836a8/med_1611240806_00032.jpg","timeline_picture":"https://coub-anubis-a.akamaized.net/coub_storage/coub/simple/cw_timeline_pic/cdfbf5ee493/183503c89c321c2dda7c5/ios_large_1611240805_image.jpg","small_picture":"https://coub-anubis-a.akamaized.net/coub_storage/coub/simple/cw_image/48e9376976b/cc0d62190e3e928b836a8/ios_mosaic_1611240806_00032.jpg","sharing_picture":null,"percent_done":100,"tags":[],"categories":[{"id":76,"title":"Science & Technology","permalink":"science-technology","subscriptions_count":10077188,"big_image_url":"https://coub-anubis-a.akamaized.net/coub_storage/category/cw_image/d7b917ae565/55b6fc9b6407f7099c088/big_1544622172_science.png","small_image_url":"https://coub-anubis-a.akamaized.net/coub_storage/category/cw_image/d7b917ae565/55b6fc9b6407f7099c088/small_1544622172_science.png","med_image_url":"https://coub-anubis-a.akamaized.net/coub_storage/category/cw_image/d7b917ae565/55b6fc9b6407f7099c088/med_1544622172_science.png","visible":true}],"communities":[{"id":76,"title":"Science & Technology","permalink":"science-technology","subscriptions_count":10077188,"big_image_url":"https://coub-anubis-a.akamaized.net/coub_storage/category/cw_image/d7b917ae565/55b6fc9b6407f7099c088/big_1544622172_science.png","small_image_url":"https://coub-anubis-a.akamaized.net/coub_storage/category/cw_image/d7b917ae565/55b6fc9b6407f7099c088/small_1544622172_science.png","med_image_url":"https://coub-anubis-a.akamaized.net/coub_storage/category/cw_image/d7b917ae565/55b6fc9b6407f7099c088/med_1544622172_science.png","i_subscribed":true,"community_notifications_enabled":null,"description":null}],"recoubs_count":268,"remixes_count":1,"likes_count":1396,"dislikes_count":0,"raw_video_id":16060159,"uploaded_by_ios_app":false,"uploaded_by_android_app":false,"media_blocks":{"uploaded_raw_videos":[],"external_raw_videos":[{"id":37911971,"title":"Cyberpunk 2077 meme","url":"https://www.youtube.com/watch?v=GDCH5fnDCqQ","image":null,"image_retina":null,"meta":{"service":"Youtube","duration":"14.04"},"duration":14.04,"raw_video_id":16060159,"has_embed":true}],"remixed_from_coubs":[],"external_video":{"id":37911971,"title":"Cyberpunk 2077 meme","url":"https://www.youtube.com/watch?v=GDCH5fnDCqQ","image":null,"image_retina":null,"meta":{"service":"Youtube","duration":"14.04"},"duration":14.04,"raw_video_id":16060159,"has_embed":true}},"raw_video_thumbnail_url":"/missing/missing.png","raw_video_title":"Cyberpunk 2077 meme","video_block_banned":false,"duration":10.0,"promo_winner":false,"promo_winner_recoubers":null,"editorial_info":{},"promo_hint":null,"beeline_best_2014":null,"from_web_editor":true,"normalize_sound":true,"normalize_change_allowed":true,"best2015_addable":false,"ahmad_promo":null,"promo_data":null,"audio_copyright_claim":null,"ads_disabled":false,"is_safe_for_ads":true,"megafon_contents":[],"position_on_page":5},{"flag":null,"abuses":null,"recoubs_by_users_channels":null,"favourite":false,"promoted_id":null,"recoub":null,"like":null,"dislike":null,"reaction":null,"in_my_best2015":false,"id":115302540,"type":"Coub::Simple","permalink":"1w8pcw","title":"Работа спасателей (спасение суйцидников)","visibility_type":"public","original_visibility_type":"public","channel_id":5757997,"created_at":"2019-06-16T21:20:52Z","updated_at":"2022-03-05T16:49:12Z","is_done":true,"views_count":77919,"cotd":null,"cotd_at":null,"visible_on_explore_root":false,"visible_on_explore":false,"featured":false,"published":true,"published_at":"2019-06-16T21:20:52Z","reversed":false,"from_editor_v2":true,"is_editable":true,"original_sound":false,"has_sound":false,"recoub_to":null,"file_versions":{"html5":{"video":{"higher":{"url":"https://coub-anubis-a.akamaized.net/coub_storage/coub/simple/cw_file/72122a0de6a/eac84e793133a370d23f2/muted_mp4_huge_size_1571443552_muted_huge.mp4","size":1433859},"high":{"url":"https://coub-anubis-a.akamaized.net/coub_storage/coub/simple/cw_file/72122a0de6a/eac84e793133a370d23f2/muted_mp4_big_size_1571443552_muted_big.mp4","size":983000},"med":{"url":"https://coub-anubis-a.akamaized.net/coub_storage/coub/simple/cw_file/72122a0de6a/eac84e793133a370d23f2/muted_mp4_med_size_1571443552_muted_med.mp4","size":303883}},"audio":{"high":{"url":"https://coub-anubis-a.akamaized.net/coub_storage/coub/simple/cw_looped_audio_high/a18f8e07c01/71c3f7e1881088c57b61a/1605657460_high_1560720212_high.mp3","size":865070},"med":{"url":"https://coub-anubis-a.akamaized.net/coub_storage/coub/simple/cw_looped_audio_med/814bdbefcb1/f4e1760444e0029835ec7/1605657460_med_1560720212_med.mp3","size":655628}}},"mobile":{"video":"https://coub-anubis-a.akamaized.net/coub_storage/coub/simple/cw_file/72122a0de6a/eac84e793133a370d23f2/muted_mp4_med_size_1571443552_muted_med.mp4","audio":["https://coub-anubis-a.akamaized.net/coub_storage/coub/simple/cw_looped_audio_med/814bdbefcb1/f4e1760444e0029835ec7/1605657460_med_1560720212_med.mp3"]},"share":{"default":"https://coub-anubis-a.akamaized.net/coub_storage/coub/simple/cw_video_for_sharing/4b3b02c812b/c0967d498390c2523da4c/1610483861_looped_1610483860.mp4"}},"audio_versions":{"template":"https://coub-anubis-a.akamaized.net/coub_storage/audio_track/cw_normalized_copy/7cbfb7e370d/dada5789a7313a9f6d8c7/mid_1560720209_normalized_1560720206_86wxlm_edited.mp3","versions":["mid","low"]},"image_versions":{"template":"https://coub-anubis-a.akamaized.net/coub_storage/coub/simple/cw_image/f922ef34597/bb1d9297b685f1f52ebdf/1560720217_00032.jpg","versions":["micro","tiny","age_restricted","ios_large","ios_mosaic","big","med","small","pinterest"]},"first_frame_versions":{"template":"https://coub-anubis-a.akamaized.net/coub_storage/coub/simple/cw_timeline_pic/2376614d413/5717fbc251d47bba280f6/%{version}_1560720217_image.jpg","versions":["big","med","small","ios_large"]},"dimensions":{"big":[602,960],"med":[300,480]},"site_w_h":[251,400],"page_w_h":[400,638],"site_w_h_small":[310,494],"size":[602,960],"age_restricted":false,"age_restricted_by_admin":false,"not_safe_for_work":false,"allow_reuse":false,"dont_crop":false,"banned":false,"global_safe":false,"audio_file_url":"https://coub-anubis-a.akamaized.net/coub_storage/audio_track/cw_normalized_copy/7cbfb7e370d/dada5789a7313a9f6d8c7/low_1560720209_normalized_1560720206_86wxlm_edited.mp3","external_download":{"type":"Youtube","service_name":"YouTube","url":"https://youtu.be/YinXASppc50","has_embed":true},"application":null,"channel":{"id":5757997,"permalink":"nauka---zhizn","title":"Nauka - zhyzn","description":"Наука и шокирующие гипотезы","followers_count":36,"following_count":1,"avatar_versions":{"template":"https://coub-anubis-a.akamaized.net/coub_storage/channel/cw_avatar/aa4bc0a043e/f6d54322d0a84117fe47a/%{version}_1607823024_19lpglh_1559585972_9rnKrzKhShg.jpg","versions":["medium","medium_2x","profile_pic","profile_pic_new","profile_pic_new_2x","tiny","tiny_2x","small","small_2x","ios_large","ios_small"]}},"file":null,"picture":"https://coub-anubis-a.akamaized.net/coub_storage/coub/simple/cw_image/f922ef34597/bb1d9297b685f1f52ebdf/1560720217_00032.jpg","timeline_picture":"https://coub-anubis-a.akamaized.net/coub_storage/coub/simple/cw_timeline_pic/2376614d413/5717fbc251d47bba280f6/ios_large_1560720217_image.jpg","small_picture":"https://coub-anubis-a.akamaized.net/coub_storage/coub/simple/cw_image/f922ef34597/bb1d9297b685f1f52ebdf/1560720217_00032.jpg","sharing_picture":null,"percent_done":100,"tags":[{"id":33537,"title":"топ 10","value":"%D1%82%D0%BE%D0%BF%2010"},{"id":81682,"title":"топ5","value":"%D1%82%D0%BE%D0%BF5"},{"id":15696,"title":"топ","value":"%D1%82%D0%BE%D0%BF"},{"id":1171001,"title":"поразительные","value":"%D0%BF%D0%BE%D1%80%D0%B0%D0%B7%D0%B8%D1%82%D0%B5%D0%BB%D1%8C%D0%BD%D1%8B%D0%B5"},{"id":267309,"title":"спасения","value":"%D1%81%D0%BF%D0%B0%D1%81%D0%B5%D0%BD%D0%B8%D1%8F"},{"id":2423489,"title":"снятые на камеру","value":"%D1%81%D0%BD%D1%8F%D1%82%D1%8B%D0%B5%20%D0%BD%D0%B0%20%D0%BA%D0%B0%D0%BC%D0%B5%D1%80%D1%83"},{"id":2423488,"title":"10 случаев","value":"10%20%D1%81%D0%BB%D1%83%D1%87%D0%B0%D0%B5%D0%B2"},{"id":73226,"title":"удача","value":"%D1%83%D0%B4%D0%B0%D1%87%D0%B0"},{"id":144384,"title":"везение","value":"%D0%B2%D0%B5%D0%B7%D0%B5%D0%BD%D0%B8%D0%B5"},{"id":26937,"title":"спас","value":"%D1%81%D0%BF%D0%B0%D1%81"},{"id":650573,"title":"родился в рубашке","value":"%D1%80%D0%BE%D0%B4%D0%B8%D0%BB%D1%81%D1%8F%20%D0%B2%20%D1%80%D1%83%D0%B1%D0%B0%D1%88%D0%BA%D0%B5"},{"id":101643,"title":"помощь","value":"%D0%BF%D0%BE%D0%BC%D0%BE%D1%89%D1%8C"},{"id":90373,"title":"за секунду до","value":"%D0%B7%D0%B0%20%D1%81%D0%B5%D0%BA%D1%83%D0%BD%D0%B4%D1%83%20%D0%B4%D0%BE"},{"id":90376,"title":"повезло","value":"%D0%BF%D0%BE%D0%B2%D0%B5%D0%B7%D0%BB%D0%BE"},{"id":109839,"title":"факты","value":"%D1%84%D0%B0%D0%BA%D1%82%D1%8B"}],"categories":[{"id":76,"title":"Science & Technology","permalink":"science-technology","subscriptions_count":10077188,"big_image_url":"https://coub-anubis-a.akamaized.net/coub_storage/category/cw_image/d7b917ae565/55b6fc9b6407f7099c088/big_1544622172_science.png","small_image_url":"https://coub-anubis-a.akamaized.net/coub_storage/category/cw_image/d7b917ae565/55b6fc9b6407f7099c088/small_1544622172_science.png","med_image_url":"https://coub-anubis-a.akamaized.net/coub_storage/category/cw_image/d7b917ae565/55b6fc9b6407f7099c088/med_1544622172_science.png","visible":true}],"communities":[{"id":76,"title":"Science & Technology","permalink":"science-technology","subscriptions_count":10077188,"big_image_url":"https://coub-anubis-a.akamaized.net/coub_storage/category/cw_image/d7b917ae565/55b6fc9b6407f7099c088/big_1544622172_science.png","small_image_url":"https://coub-anubis-a.akamaized.net/coub_storage/category/cw_image/d7b917ae565/55b6fc9b6407f7099c088/small_1544622172_science.png","med_image_url":"https://coub-anubis-a.akamaized.net/coub_storage/category/cw_image/d7b917ae565/55b6fc9b6407f7099c088/med_1544622172_science.png","i_subscribed":true,"community_notifications_enabled":null,"description":null}],"recoubs_count":243,"remixes_count":0,"likes_count":1396,"dislikes_count":0,"raw_video_id":13860289,"uploaded_by_ios_app":true,"uploaded_by_android_app":false,"media_blocks":{"uploaded_raw_videos":[],"external_raw_videos":[{"id":32238451,"title":"10 Поразительных спасений снятых на камеру","url":"https://www.youtube.com/watch?v=YinXASppc50","image":"https://coub-anubis-a.akamaized.net/coub_storage/media_block/cw_image/0e7155a7081/c1127a0b41aa3b6b3715e/1560719389_1bndftn_1560719311_19yo3yz_att-url-download.jpg","image_retina":"https://coub-anubis-a.akamaized.net/coub_storage/media_block/cw_image/0e7155a7081/c1127a0b41aa3b6b3715e/1560719389_1bndftn_1560719311_19yo3yz_att-url-download.jpg","meta":{"service":"Youtube","duration":"356.04"},"duration":356.04,"raw_video_id":13860289,"has_embed":true}],"remixed_from_coubs":[],"external_video":{"id":32238451,"title":"10 Поразительных спасений снятых на камеру","url":"https://www.youtube.com/watch?v=YinXASppc50","image":"https://coub-anubis-a.akamaized.net/coub_storage/media_block/cw_image/0e7155a7081/c1127a0b41aa3b6b3715e/1560719389_1bndftn_1560719311_19yo3yz_att-url-download.jpg","image_retina":"https://coub-anubis-a.akamaized.net/coub_storage/media_block/cw_image/0e7155a7081/c1127a0b41aa3b6b3715e/1560719389_1bndftn_1560719311_19yo3yz_att-url-download.jpg","meta":{"service":"Youtube","duration":"356.04"},"duration":356.04,"raw_video_id":13860289,"has_embed":true}},"raw_video_thumbnail_url":"/missing/missing.png","raw_video_title":"10 Поразительных спасений снятых на камеру","video_block_banned":false,"duration":9.96,"promo_winner":false,"promo_winner_recoubers":null,"editorial_info":{},"promo_hint":null,"beeline_best_2014":null,"from_web_editor":false,"normalize_sound":true,"normalize_change_allowed":true,"best2015_addable":false,"ahmad_promo":null,"promo_data":null,"audio_copyright_claim":null,"ads_disabled":false,"is_safe_for_ads":true,"megafon_contents":[],"position_on_page":6},{"flag":null,"abuses":null,"recoubs_by_users_channels":null,"favourite":false,"promoted_id":null,"recoub":null,"like":null,"dislike":null,"reaction":null,"in_my_best2015":false,"id":118505018,"type":"Coub::Simple","permalink":"1y5cf6","title":"⏱ Парадокс Зенона","visibility_type":"public","original_visibility_type":"public","channel_id":1570177,"created_at":"2019-07-20T07:18:13Z","updated_at":"2022-03-09T02:08:43Z","is_done":true,"views_count":67176,"cotd":null,"cotd_at":null,"visible_on_explore_root":false,"visible_on_explore":false,"featured":false,"published":true,"published_at":"2019-07-20T15:26:17Z","reversed":false,"from_editor_v2":true,"is_editable":true,"original_sound":false,"has_sound":false,"recoub_to":null,"file_versions":{"html5":{"video":{"higher":{"url":"https://coub-anubis-a.akamaized.net/coub_storage/coub/simple/cw_file/02663783ebf/0fc6b3f08953e7bc79cbd/muted_mp4_huge_size_1568907617_muted_huge.mp4","size":2197616},"high":{"url":"https://coub-anubis-a.akamaized.net/coub_storage/coub/simple/cw_file/02663783ebf/0fc6b3f08953e7bc79cbd/muted_mp4_big_size_1568907617_muted_big.mp4","size":1578740},"med":{"url":"https://coub-anubis-a.akamaized.net/coub_storage/coub/simple/cw_file/02663783ebf/0fc6b3f08953e7bc79cbd/muted_mp4_med_size_1568907617_muted_med.mp4","size":543447}},"audio":{"high":{"url":"https://coub-anubis-a.akamaized.net/coub_storage/coub/simple/cw_looped_audio_high/81fcf5a9bc9/14ce36293f0695f8a5f4a/1605646964_high_1563607324_high.mp3","size":2002170},"med":{"url":"https://coub-anubis-a.akamaized.net/coub_storage/coub/simple/cw_looped_audio_med/830c73a831c/c2d913dfa5e803ab28537/1605646961_med_1563607324_med.mp3","size":1937544}}},"mobile":{"video":"https://coub-anubis-a.akamaized.net/coub_storage/coub/simple/cw_file/02663783ebf/0fc6b3f08953e7bc79cbd/muted_mp4_med_size_1568907617_muted_med.mp4","audio":["https://coub-anubis-a.akamaized.net/coub_storage/coub/simple/cw_looped_audio_med/830c73a831c/c2d913dfa5e803ab28537/1605646961_med_1563607324_med.mp3"]},"share":{"default":"https://coub-anubis-a.akamaized.net/coub_storage/coub/simple/cw_video_for_sharing/f15589ef4af/33770827c90e9dce3532a/1625820496_looped_1625820495.mp4"}},"audio_versions":{"template":"https://coub-anubis-a.akamaized.net/coub_storage/audio_track/cw_normalized_copy/f8a3e133a56/969c6914e5c26fa59a838/mid_1563607318_normalized_1563607304_17avuo6_edited.mp3","versions":["mid","low"]},"image_versions":{"template":"https://coub-anubis-a.akamaized.net/coub_storage/coub/simple/cw_image/693e77fc245/48fed87cb7a52857b4ad3/1563607333_00032.jpg","versions":["micro","tiny","age_restricted","ios_large","ios_mosaic","big","med","small","pinterest"]},"first_frame_versions":{"template":"https://coub-anubis-a.akamaized.net/coub_storage/coub/simple/cw_timeline_pic/63c21c54ad1/15bddf48401814180039f/%{version}_1563607332_image.jpg","versions":["big","med","small","ios_large"]},"dimensions":{"big":[1280,720],"med":[640,360]},"site_w_h":[640,360],"page_w_h":[640,360],"site_w_h_small":[310,174],"size":[1280,720],"age_restricted":false,"age_restricted_by_admin":false,"not_safe_for_work":false,"allow_reuse":false,"dont_crop":false,"banned":false,"global_safe":false,"audio_file_url":"https://coub-anubis-a.akamaized.net/coub_storage/audio_track/cw_normalized_copy/f8a3e133a56/969c6914e5c26fa59a838/low_1563607318_normalized_1563607304_17avuo6_edited.mp3","external_download":{"type":"Youtube","service_name":"YouTube","url":"https://www.youtube.com/watch?v=IE_tATpVMVo","has_embed":true},"application":null,"channel":{"id":1570177,"permalink":"artem.sagdiev","title":"ART Sagdiiev","description":"Всем хорошего настроения!","followers_count":5753,"following_count":274,"avatar_versions":{"template":"https://coub-anubis-a.akamaized.net/coub_storage/channel/cw_avatar/1f7d04dd6b3/9f6cdec88af72c21e9521/%{version}_1607421255_112ph81_1538098018_Artem_Photo.jpg","versions":["medium","medium_2x","profile_pic","profile_pic_new","profile_pic_new_2x","tiny","tiny_2x","small","small_2x","ios_large","ios_small"]}},"file":null,"picture":"https://coub-anubis-a.akamaized.net/coub_storage/coub/simple/cw_image/693e77fc245/48fed87cb7a52857b4ad3/1563607333_00032.jpg","timeline_picture":"https://coub-anubis-a.akamaized.net/coub_storage/coub/simple/cw_timeline_pic/63c21c54ad1/15bddf48401814180039f/ios_large_1563607332_image.jpg","small_picture":"https://coub-anubis-a.akamaized.net/coub_storage/coub/simple/cw_image/693e77fc245/48fed87cb7a52857b4ad3/1563607333_00032.jpg","sharing_picture":null,"percent_done":100,"tags":[{"id":247928,"title":"парадокс","value":"%D0%BF%D0%B0%D1%80%D0%B0%D0%B4%D0%BE%D0%BA%D1%81"},{"id":5093773,"title":"парадокс зенона","value":"%D0%BF%D0%B0%D1%80%D0%B0%D0%B4%D0%BE%D0%BA%D1%81%20%D0%B7%D0%B5%D0%BD%D0%BE%D0%BD%D0%B0"},{"id":4788868,"title":"зенон","value":"%D0%B7%D0%B5%D0%BD%D0%BE%D0%BD"}],"categories":[{"id":76,"title":"Science & Technology","permalink":"science-technology","subscriptions_count":10077188,"big_image_url":"https://coub-anubis-a.akamaized.net/coub_storage/category/cw_image/d7b917ae565/55b6fc9b6407f7099c088/big_1544622172_science.png","small_image_url":"https://coub-anubis-a.akamaized.net/coub_storage/category/cw_image/d7b917ae565/55b6fc9b6407f7099c088/small_1544622172_science.png","med_image_url":"https://coub-anubis-a.akamaized.net/coub_storage/category/cw_image/d7b917ae565/55b6fc9b6407f7099c088/med_1544622172_science.png","visible":true}],"communities":[{"id":76,"title":"Science & Technology","permalink":"science-technology","subscriptions_count":10077188,"big_image_url":"https://coub-anubis-a.akamaized.net/coub_storage/category/cw_image/d7b917ae565/55b6fc9b6407f7099c088/big_1544622172_science.png","small_image_url":"https://coub-anubis-a.akamaized.net/coub_storage/category/cw_image/d7b917ae565/55b6fc9b6407f7099c088/small_1544622172_science.png","med_image_url":"https://coub-anubis-a.akamaized.net/coub_storage/category/cw_image/d7b917ae565/55b6fc9b6407f7099c088/med_1544622172_science.png","i_subscribed":true,"community_notifications_enabled":null,"description":null}],"recoubs_count":266,"remixes_count":0,"likes_count":1394,"dislikes_count":0,"raw_video_id":13998107,"uploaded_by_ios_app":false,"uploaded_by_android_app":false,"media_blocks":{"uploaded_raw_videos":[],"external_raw_videos":[{"id":32612977,"title":"Парадокс Зенона","url":"https://www.youtube.com/watch?v=IE_tATpVMVo","image":"https://coub-anubis-a.akamaized.net/coub_storage/media_block/cw_image/6dbc485cf65/e75d7f8d58a0280ae32d1/1563605916_t0xmq7_1563605871_jf5hm_att-url-download.jpg","image_retina":"https://coub-anubis-a.akamaized.net/coub_storage/media_block/cw_image/6dbc485cf65/e75d7f8d58a0280ae32d1/1563605916_t0xmq7_1563605871_jf5hm_att-url-download.jpg","meta":{"service":"Youtube","duration":"239.88"},"duration":239.88,"raw_video_id":13998107,"has_embed":true}],"remixed_from_coubs":[],"external_video":{"id":32612977,"title":"Парадокс Зенона","url":"https://www.youtube.com/watch?v=IE_tATpVMVo","image":"https://coub-anubis-a.akamaized.net/coub_storage/media_block/cw_image/6dbc485cf65/e75d7f8d58a0280ae32d1/1563605916_t0xmq7_1563605871_jf5hm_att-url-download.jpg","image_retina":"https://coub-anubis-a.akamaized.net/coub_storage/media_block/cw_image/6dbc485cf65/e75d7f8d58a0280ae32d1/1563605916_t0xmq7_1563605871_jf5hm_att-url-download.jpg","meta":{"service":"Youtube","duration":"239.88"},"duration":239.88,"raw_video_id":13998107,"has_embed":true}},"raw_video_thumbnail_url":"/missing/missing.png","raw_video_title":"Парадокс Зенона","video_block_banned":false,"duration":10.04,"promo_winner":false,"promo_winner_recoubers":null,"editorial_info":{},"promo_hint":null,"beeline_best_2014":null,"from_web_editor":true,"normalize_sound":true,"normalize_change_allowed":true,"best2015_addable":false,"ahmad_promo":null,"promo_data":null,"audio_copyright_claim":null,"ads_disabled":false,"is_safe_for_ads":true,"megafon_contents":[],"position_on_page":7},{"flag":null,"abuses":null,"recoubs_by_users_channels":null,"favourite":false,"promoted_id":null,"recoub":null,"like":null,"dislike":null,"reaction":null,"in_my_best2015":false,"id":131341473,"type":"Coub::Simple","permalink":"25trh2","title":"GM6 Lynx / GM3","visibility_type":"public","original_visibility_type":"public","channel_id":7371392,"created_at":"2019-12-09T21:45:35Z","updated_at":"2022-03-13T03:40:38Z","is_done":true,"views_count":128108,"cotd":null,"cotd_at":null,"visible_on_explore_root":false,"visible_on_explore":false,"featured":false,"published":true,"published_at":"2019-12-09T21:45:34Z","reversed":false,"from_editor_v2":true,"is_editable":true,"original_sound":false,"has_sound":false,"recoub_to":null,"file_versions":{"html5":{"video":{"higher":{"url":"https://coub-anubis-a.akamaized.net/coub_storage/coub/simple/cw_file/d88eff18c39/9c73c9d465848dce45e09/muted_mp4_huge_size_1575928035_muted_huge.mp4","size":5189680},"high":{"url":"https://coub-anubis-a.akamaized.net/coub_storage/coub/simple/cw_file/d88eff18c39/9c73c9d465848dce45e09/muted_mp4_big_size_1575928035_muted_big.mp4","size":4077088},"med":{"url":"https://coub-anubis-a.akamaized.net/coub_storage/coub/simple/cw_file/d88eff18c39/9c73c9d465848dce45e09/muted_mp4_med_size_1575928035_muted_med.mp4","size":1299174}},"audio":{"high":{"url":"https://coub-anubis-a.akamaized.net/coub_storage/coub/simple/cw_looped_audio_high/0bd830de3e6/e933fb15196f9fcef9604/1605700234_high_1575928065_high.mp3","size":4982011},"med":{"url":"https://coub-anubis-a.akamaized.net/coub_storage/coub/simple/cw_looped_audio_med/456400ce54d/35f6408b40808f051ba69/1605700233_med_1575928065_med.mp3","size":3677185}}},"mobile":{"video":"https://coub-anubis-a.akamaized.net/coub_storage/coub/simple/cw_file/d88eff18c39/9c73c9d465848dce45e09/muted_mp4_med_size_1575928035_muted_med.mp4","audio":["https://coub-anubis-a.akamaized.net/coub_storage/coub/simple/cw_looped_audio_med/456400ce54d/35f6408b40808f051ba69/1605700233_med_1575928065_med.mp3"]},"share":{"default":"https://coub-anubis-a.akamaized.net/coub_storage/coub/simple/cw_video_for_sharing/35bd50e36c8/c0f094b2f55fc82212b61/1611778190_looped_1611778186.mp4"}},"audio_versions":{"template":"https://coub-anubis-a.akamaized.net/coub_storage/audio_track/cw_normalized_copy/96cf24e3fd9/d4da2dd4b68fad4da33e2/mid_1575928048_normalized_1575927576_audio.mp3","versions":["mid","low"]},"image_versions":{"template":"https://coub-anubis-a.akamaized.net/coub_storage/coub/simple/cw_image/4db64d81071/9f0c9a0856263c5be2727/1575928089_00032.jpg","versions":["micro","tiny","age_restricted","ios_large","ios_mosaic","big","med","small","pinterest"]},"first_frame_versions":{"template":"https://coub-anubis-a.akamaized.net/coub_storage/coub/simple/cw_timeline_pic/bd0850e81a3/c147ae3981fef17490f89/%{version}_1575928087_image.jpg","versions":["big","med","small","ios_large"]},"dimensions":{"big":[1280,720],"med":[640,360]},"site_w_h":[640,360],"page_w_h":[640,360],"site_w_h_small":[310,174],"size":[1280,720],"age_restricted":false,"age_restricted_by_admin":false,"not_safe_for_work":false,"allow_reuse":false,"dont_crop":false,"banned":false,"global_safe":true,"audio_file_url":"https://coub-anubis-a.akamaized.net/coub_storage/audio_track/cw_normalized_copy/96cf24e3fd9/d4da2dd4b68fad4da33e2/low_1575928048_normalized_1575927576_audio.mp3","external_download":{"type":"Youtube","service_name":"YouTube","url":"https://www.youtube.com/watch?v=6Tc81rPwyCk","has_embed":true},"application":null,"channel":{"id":7371392,"permalink":"goodboii","title":"GoodBoii!!","description":null,"followers_count":4,"following_count":12,"avatar_versions":{"template":"https://coub-anubis-a.akamaized.net/coub_storage/channel/cw_avatar/10b423bbc5c/b918298599ca7c0340511/%{version}_1608881663_1ungt3f_1573429016_84158442.jpg","versions":["medium","medium_2x","profile_pic","profile_pic_new","profile_pic_new_2x","tiny","tiny_2x","small","small_2x","ios_large","ios_small"]}},"file":null,"picture":"https://coub-anubis-a.akamaized.net/coub_storage/coub/simple/cw_image/4db64d81071/9f0c9a0856263c5be2727/1575928089_00032.jpg","timeline_picture":"https://coub-anubis-a.akamaized.net/coub_storage/coub/simple/cw_timeline_pic/bd0850e81a3/c147ae3981fef17490f89/ios_large_1575928087_image.jpg","small_picture":"https://coub-anubis-a.akamaized.net/coub_storage/coub/simple/cw_image/4db64d81071/9f0c9a0856263c5be2727/1575928089_00032.jpg","sharing_picture":null,"percent_done":100,"tags":[{"id":42197,"title":"sharpshooter","value":"sharpshooter"},{"id":132698,"title":"sharp shooter","value":"sharp%20shooter"},{"id":6205,"title":"sniper","value":"sniper"},{"id":23722,"title":"magazine","value":"magazine"},{"id":5365311,"title":"gepard m3","value":"gepard%20m3"},{"id":4732067,"title":"gm3","value":"gm3"},{"id":5365312,"title":"14.5×114 mm","value":"14.5%C3%97114%20mm"},{"id":4118248,"title":"gepárd","value":"gep%C3%A1rd"},{"id":2544,"title":"shot","value":"shot"},{"id":41454,"title":"self defense","value":"self%20defense"},{"id":124454,"title":"firearm","value":"firearm"},{"id":5365313,"title":"shootingpress","value":"shootingpress"},{"id":4022586,"title":"johnuram","value":"johnuram"},{"id":317568,"title":"anti-tank rifle","value":"anti-tank%20rifle"},{"id":115916,"title":"firearms","value":"firearms"},{"id":16101,"title":"military","value":"military"},{"id":93653,"title":"shooters","value":"shooters"},{"id":5339483,"title":"anti material rifle","value":"anti%20material%20rifle"},{"id":236685,"title":"50bmg","value":"50bmg"},{"id":1615203,"title":"gun shooting","value":"gun%20shooting"},{"id":18320,"title":"snipers","value":"snipers"},{"id":139892,"title":"destroyer","value":"destroyer"},{"id":18599,"title":"range","value":"range"},{"id":619,"title":"gun","value":"gun"},{"id":9381,"title":"rifle","value":"rifle"},{"id":252048,"title":"gm6 lynx","value":"gm6%20lynx"},{"id":252047,"title":"gm6","value":"gm6"},{"id":5338779,"title":"gm6m","value":"gm6m"},{"id":46925,"title":"50 bmg","value":"50%20bmg"},{"id":46924,"title":"50 cal","value":"50%20cal"},{"id":196113,"title":"bullpup","value":"bullpup"},{"id":252050,"title":"tactical imports","value":"tactical%20imports"},{"id":5337474,"title":"gepard anti-material rifle","value":"gepard%20anti-material%20rifle"},{"id":77137,"title":".50 bmg","value":".50%20bmg"},{"id":252046,"title":"semi-auto","value":"semi-auto"},{"id":5338780,"title":"semi-auto 50","value":"semi-auto%2050"},{"id":252049,"title":"non-restricted","value":"non-restricted"}],"categories":[{"id":76,"title":"Science & Technology","permalink":"science-technology","subscriptions_count":10077188,"big_image_url":"https://coub-anubis-a.akamaized.net/coub_storage/category/cw_image/d7b917ae565/55b6fc9b6407f7099c088/big_1544622172_science.png","small_image_url":"https://coub-anubis-a.akamaized.net/coub_storage/category/cw_image/d7b917ae565/55b6fc9b6407f7099c088/small_1544622172_science.png","med_image_url":"https://coub-anubis-a.akamaized.net/coub_storage/category/cw_image/d7b917ae565/55b6fc9b6407f7099c088/med_1544622172_science.png","visible":true}],"communities":[{"id":76,"title":"Science & Technology","permalink":"science-technology","subscriptions_count":10077188,"big_image_url":"https://coub-anubis-a.akamaized.net/coub_storage/category/cw_image/d7b917ae565/55b6fc9b6407f7099c088/big_1544622172_science.png","small_image_url":"https://coub-anubis-a.akamaized.net/coub_storage/category/cw_image/d7b917ae565/55b6fc9b6407f7099c088/small_1544622172_science.png","med_image_url":"https://coub-anubis-a.akamaized.net/coub_storage/category/cw_image/d7b917ae565/55b6fc9b6407f7099c088/med_1544622172_science.png","i_subscribed":true,"community_notifications_enabled":null,"description":null}],"recoubs_count":266,"remixes_count":2,"likes_count":1392,"dislikes_count":0,"raw_video_id":14563431,"uploaded_by_ios_app":false,"uploaded_by_android_app":false,"media_blocks":{"uploaded_raw_videos":[],"external_raw_videos":[{"id":34134956,"title":"Shooting the Gepard M3 14.5×114 mm anti material rifle - slow motion","url":"https://www.youtube.com/watch?v=6Tc81rPwyCk","image":"https://coub-anubis-a.akamaized.net/coub_storage/media_block/cw_image/8d7d73e4207/16cb6c462650e7c5dbff7/1575925105_qaktfo_1575925081_1wuyxtc_att-url-download.jpg","image_retina":"https://coub-anubis-a.akamaized.net/coub_storage/media_block/cw_image/8d7d73e4207/16cb6c462650e7c5dbff7/1575925105_qaktfo_1575925081_1wuyxtc_att-url-download.jpg","meta":{"service":"Youtube","duration":"51.88"},"duration":51.88,"raw_video_id":14563431,"has_embed":true},{"id":33981142,"title":"GM6 Lynx Semi-Auto 50 BMG Bullpup 4K UHD","url":"https://www.youtube.com/watch?v=oGmcf6qjI7g","image":"https://coub-anubis-a.akamaized.net/coub_storage/media_block/cw_image/ec940148114/7e734549501d901802256/1574618392_1iztgpv_1574618357_cp6h0c_att-url-download.jpg","image_retina":"https://coub-anubis-a.akamaized.net/coub_storage/media_block/cw_image/ec940148114/7e734549501d901802256/1574618392_1iztgpv_1574618357_cp6h0c_att-url-download.jpg","meta":{"service":"Youtube","duration":"133.64"},"duration":133.64,"raw_video_id":14503968,"has_embed":true}],"remixed_from_coubs":[],"external_video":{"id":34134956,"title":"Shooting the Gepard M3 14.5×114 mm anti material rifle - slow motion","url":"https://www.youtube.com/watch?v=6Tc81rPwyCk","image":"https://coub-anubis-a.akamaized.net/coub_storage/media_block/cw_image/8d7d73e4207/16cb6c462650e7c5dbff7/1575925105_qaktfo_1575925081_1wuyxtc_att-url-download.jpg","image_retina":"https://coub-anubis-a.akamaized.net/coub_storage/media_block/cw_image/8d7d73e4207/16cb6c462650e7c5dbff7/1575925105_qaktfo_1575925081_1wuyxtc_att-url-download.jpg","meta":{"service":"Youtube","duration":"51.88"},"duration":51.88,"raw_video_id":14563431,"has_embed":true}},"raw_video_thumbnail_url":"/missing/missing.png","raw_video_title":"Shooting the Gepard M3 14.5×114 mm anti material rifle - slow motion","video_block_banned":false,"duration":9.96,"promo_winner":false,"promo_winner_recoubers":null,"editorial_info":{},"promo_hint":null,"beeline_best_2014":null,"from_web_editor":true,"normalize_sound":true,"normalize_change_allowed":true,"best2015_addable":false,"ahmad_promo":null,"promo_data":null,"audio_copyright_claim":null,"ads_disabled":false,"is_safe_for_ads":true,"megafon_contents":[],"position_on_page":8},{"flag":null,"abuses":null,"recoubs_by_users_channels":null,"favourite":false,"promoted_id":null,"recoub":null,"like":null,"dislike":null,"reaction":null,"in_my_best2015":false,"id":129950340,"type":"Coub::Simple","permalink":"24zqcd","title":"и такое бывает","visibility_type":"public","original_visibility_type":"public","channel_id":5552546,"created_at":"2019-11-24T14:35:35Z","updated_at":"2022-03-03T06:10:27Z","is_done":true,"views_count":100014,"cotd":null,"cotd_at":null,"visible_on_explore_root":false,"visible_on_explore":false,"featured":false,"published":true,"published_at":"2019-11-24T14:35:35Z","reversed":false,"from_editor_v2":true,"is_editable":true,"original_sound":false,"has_sound":false,"recoub_to":null,"file_versions":{"html5":{"video":{"higher":{"url":"https://coub-anubis-a.akamaized.net/coub_storage/coub/simple/cw_file/aade33bbbb4/1a437c16616f4df8cadaa/muted_mp4_huge_size_1575026722_muted_huge.mp4","size":3313491},"high":{"url":"https://coub-anubis-a.akamaized.net/coub_storage/coub/simple/cw_file/aade33bbbb4/1a437c16616f4df8cadaa/muted_mp4_big_size_1575026722_muted_big.mp4","size":2343152},"med":{"url":"https://coub-anubis-a.akamaized.net/coub_storage/coub/simple/cw_file/aade33bbbb4/1a437c16616f4df8cadaa/muted_mp4_med_size_1575026722_muted_med.mp4","size":804706}},"audio":{"high":{"url":"https://coub-anubis-a.akamaized.net/coub_storage/coub/simple/cw_looped_audio_high/7c3b4f66703/30c2c17edcc82838aaafc/1605698443_high_1575026761_high.mp3","size":3563014},"med":{"url":"https://coub-anubis-a.akamaized.net/coub_storage/coub/simple/cw_looped_audio_med/a603997a9da/8c54eb265c570c29b35e3/1605698442_med_1575026761_med.mp3","size":2656002}}},"mobile":{"video":"https://coub-anubis-a.akamaized.net/coub_storage/coub/simple/cw_file/aade33bbbb4/1a437c16616f4df8cadaa/muted_mp4_med_size_1575026722_muted_med.mp4","audio":["https://coub-anubis-a.akamaized.net/coub_storage/coub/simple/cw_looped_audio_med/a603997a9da/8c54eb265c570c29b35e3/1605698442_med_1575026761_med.mp3"]},"share":{"default":"https://coub-anubis-a.akamaized.net/coub_storage/coub/simple/cw_video_for_sharing/2d3e140f545/939b8153447bedfaadcf8/1613243139_looped_1613243138.mp4"}},"audio_versions":{"template":"https://coub-anubis-a.akamaized.net/coub_storage/audio_track/cw_normalized_copy/7dc7a8856bc/d44affe5ead068f1123d5/mid_1575026749_normalized_1575026727_ue1zlv_edited.mp3","versions":["mid","low"]},"image_versions":{"template":"https://coub-anubis-a.akamaized.net/coub_storage/coub/simple/cw_image/ee46c5b4372/df94487b88ac12e469834/1575026775_00032.jpg","versions":["micro","tiny","age_restricted","ios_large","ios_mosaic","big","med","small","pinterest"]},"first_frame_versions":{"template":"https://coub-anubis-a.akamaized.net/coub_storage/coub/simple/cw_timeline_pic/c0dc58bafa5/568d9ad330a01601767aa/%{version}_1575026775_image.jpg","versions":["big","med","small","ios_large"]},"dimensions":{"big":[768,960],"med":[384,480]},"site_w_h":[320,400],"page_w_h":[400,500],"site_w_h_small":[310,388],"size":[768,960],"age_restricted":false,"age_restricted_by_admin":false,"not_safe_for_work":false,"allow_reuse":false,"dont_crop":false,"banned":false,"global_safe":false,"audio_file_url":"https://coub-anubis-a.akamaized.net/coub_storage/audio_track/cw_normalized_copy/7dc7a8856bc/d44affe5ead068f1123d5/low_1575026749_normalized_1575026727_ue1zlv_edited.mp3","external_download":{"type":"Instagram","service_name":"Instagram","url":"https://www.instagram.com/p/B44u3mtA_vm/?igshid=x2ci1e3n8el5","has_embed":false},"application":null,"channel":{"id":5552546,"permalink":"nightraid","title":"Night Raid","description":null,"followers_count":226,"following_count":108,"avatar_versions":{"template":"https://coub-anubis-a.akamaized.net/coub_storage/channel/cw_avatar/a7586696e59/c4eddebe66e423c833813/%{version}_1607429533_kpgnj9_1584906884_126.png","versions":["medium","medium_2x","profile_pic","profile_pic_new","profile_pic_new_2x","tiny","tiny_2x","small","small_2x","ios_large","ios_small"]}},"file":null,"picture":"https://coub-anubis-a.akamaized.net/coub_storage/coub/simple/cw_image/ee46c5b4372/df94487b88ac12e469834/1575026775_00032.jpg","timeline_picture":"https://coub-anubis-a.akamaized.net/coub_storage/coub/simple/cw_timeline_pic/c0dc58bafa5/568d9ad330a01601767aa/ios_large_1575026775_image.jpg","small_picture":"https://coub-anubis-a.akamaized.net/coub_storage/coub/simple/cw_image/ee46c5b4372/df94487b88ac12e469834/1575026775_00032.jpg","sharing_picture":null,"percent_done":100,"tags":[{"id":5336953,"title":"won't help you this time [instrumental version] by tape machines","value":"won't%20help%20you%20this%20time%20[instrumental%20version]%20by%20tape%20machines"},{"id":3192290,"title":"☢","value":"%E2%98%A2"},{"id":1160,"title":"музыка","value":"%D0%BC%D1%83%D0%B7%D1%8B%D0%BA%D0%B0"}],"categories":[{"id":76,"title":"Science & Technology","permalink":"science-technology","subscriptions_count":10077188,"big_image_url":"https://coub-anubis-a.akamaized.net/coub_storage/category/cw_image/d7b917ae565/55b6fc9b6407f7099c088/big_1544622172_science.png","small_image_url":"https://coub-anubis-a.akamaized.net/coub_storage/category/cw_image/d7b917ae565/55b6fc9b6407f7099c088/small_1544622172_science.png","med_image_url":"https://coub-anubis-a.akamaized.net/coub_storage/category/cw_image/d7b917ae565/55b6fc9b6407f7099c088/med_1544622172_science.png","visible":true}],"communities":[{"id":76,"title":"Science & Technology","permalink":"science-technology","subscriptions_count":10077188,"big_image_url":"https://coub-anubis-a.akamaized.net/coub_storage/category/cw_image/d7b917ae565/55b6fc9b6407f7099c088/big_1544622172_science.png","small_image_url":"https://coub-anubis-a.akamaized.net/coub_storage/category/cw_image/d7b917ae565/55b6fc9b6407f7099c088/small_1544622172_science.png","med_image_url":"https://coub-anubis-a.akamaized.net/coub_storage/category/cw_image/d7b917ae565/55b6fc9b6407f7099c088/med_1544622172_science.png","i_subscribed":true,"community_notifications_enabled":null,"description":null}],"recoubs_count":336,"remixes_count":0,"likes_count":1392,"dislikes_count":0,"raw_video_id":14503094,"uploaded_by_ios_app":false,"uploaded_by_android_app":false,"media_blocks":{"uploaded_raw_videos":[],"external_raw_videos":[{"id":33978729,"title":"Shot by newtoptech","url":"http://instagram.com/p/B44u3mtA_vm/","image":null,"image_retina":null,"meta":{"service":"Instagram","duration":"11.56"},"duration":11.56,"raw_video_id":14503094,"has_embed":false}],"remixed_from_coubs":[],"external_video":{"id":33978729,"title":"Shot by newtoptech","url":"http://instagram.com/p/B44u3mtA_vm/","image":null,"image_retina":null,"meta":{"service":"Instagram","duration":"11.56"},"duration":11.56,"raw_video_id":14503094,"has_embed":false}},"raw_video_thumbnail_url":"/missing/missing.png","raw_video_title":"Shot by newtoptech","video_block_banned":false,"duration":10.0,"promo_winner":false,"promo_winner_recoubers":null,"editorial_info":{},"promo_hint":null,"beeline_best_2014":null,"from_web_editor":true,"normalize_sound":true,"normalize_change_allowed":true,"best2015_addable":false,"ahmad_promo":null,"promo_data":null,"audio_copyright_claim":null,"ads_disabled":false,"is_safe_for_ads":true,"megafon_contents":[],"position_on_page":9},{"flag":null,"abuses":null,"recoubs_by_users_channels":null,"favourite":false,"promoted_id":null,"recoub":null,"like":null,"dislike":null,"reaction":null,"in_my_best2015":false,"id":137213855,"type":"Coub::Simple","permalink":"29chjh","title":"Interesting effects.","visibility_type":"public","original_visibility_type":"public","channel_id":4303351,"created_at":"2020-02-16T12:20:30Z","updated_at":"2022-02-11T15:42:46Z","is_done":true,"views_count":131235,"cotd":null,"cotd_at":null,"visible_on_explore_root":true,"visible_on_explore":true,"featured":true,"published":true,"published_at":"2020-02-16T12:20:30Z","reversed":false,"from_editor_v2":true,"is_editable":true,"original_sound":false,"has_sound":false,"recoub_to":null,"file_versions":{"html5":{"video":{"higher":{"url":"https://coub-anubis-a.akamaized.net/coub_storage/coub/simple/cw_file/8e1c9de0075/664a399e9815c06a5caf4/muted_mp4_huge_size_1581855641_muted_huge.mp4","size":3470571},"high":{"url":"https://coub-anubis-a.akamaized.net/coub_storage/coub/simple/cw_file/8e1c9de0075/664a399e9815c06a5caf4/muted_mp4_big_size_1581855641_muted_big.mp4","size":2428944},"med":{"url":"https://coub-anubis-a.akamaized.net/coub_storage/coub/simple/cw_file/8e1c9de0075/664a399e9815c06a5caf4/muted_mp4_med_size_1581855641_muted_med.mp4","size":792042}},"audio":{"high":{"url":"https://coub-anubis-a.akamaized.net/coub_storage/coub/simple/cw_looped_audio_high/3f3d2c0b21a/67762d52df91cc4cb591d/1605707814_high_1581855711_high.mp3","size":6677289},"med":{"url":"https://coub-anubis-a.akamaized.net/coub_storage/coub/simple/cw_looped_audio_med/006e04a30fa/7dd368f70d7bff9554bba/1605707813_med_1581855711_med.mp3","size":5267961}}},"mobile":{"video":"https://coub-anubis-a.akamaized.net/coub_storage/coub/simple/cw_file/8e1c9de0075/664a399e9815c06a5caf4/muted_mp4_med_size_1581855641_muted_med.mp4","audio":["https://coub-anubis-a.akamaized.net/coub_storage/coub/simple/cw_looped_audio_med/006e04a30fa/7dd368f70d7bff9554bba/1605707813_med_1581855711_med.mp3"]},"share":{"default":"https://coub-anubis-a.akamaized.net/coub_storage/coub/simple/cw_video_for_sharing/8428232f554/b3f6f730c963221da8206/1609022683_looped_1609022682.mp4"}},"audio_versions":{"template":"https://coub-anubis-a.akamaized.net/coub_storage/audio_track/cw_normalized_copy/ae591392433/1b296ec6fff979acd8dec/mid_1581855688_normalized_1581855650_ia1sx2_edited.mp3","versions":["mid","low"]},"image_versions":{"template":"https://coub-anubis-a.akamaized.net/coub_storage/coub/simple/cw_image/79319ac4a32/b26ac17da4401044da0ff/1581855744_00032.jpg","versions":["micro","tiny","age_restricted","ios_large","ios_mosaic","big","med","small","pinterest"]},"first_frame_versions":{"template":"https://coub-anubis-a.akamaized.net/coub_storage/coub/simple/cw_timeline_pic/4780f05d002/c3529a04d0a5a593f4656/%{version}_1581855742_image.jpg","versions":["big","med","small","ios_large"]},"dimensions":{"big":[1280,720],"med":[640,360]},"site_w_h":[640,360],"page_w_h":[640,360],"site_w_h_small":[310,174],"size":[1280,720],"age_restricted":false,"age_restricted_by_admin":false,"not_safe_for_work":false,"allow_reuse":false,"dont_crop":false,"banned":false,"global_safe":true,"audio_file_url":"https://coub-anubis-a.akamaized.net/coub_storage/audio_track/cw_normalized_copy/ae591392433/1b296ec6fff979acd8dec/low_1581855688_normalized_1581855650_ia1sx2_edited.mp3","external_download":false,"application":null,"channel":{"id":4303351,"permalink":"tcheelys","title":"Tcheely","description":null,"followers_count":127,"following_count":13,"avatar_versions":{"template":"https://coub-anubis-a.akamaized.net/coub_storage/channel/cw_avatar/594e2f331db/63ec951b58aa6051548d1/%{version}_1607421519_ahwdnq_1579080144_01.jpg","versions":["medium","medium_2x","profile_pic","profile_pic_new","profile_pic_new_2x","tiny","tiny_2x","small","small_2x","ios_large","ios_small"]}},"file":null,"picture":"https://coub-anubis-a.akamaized.net/coub_storage/coub/simple/cw_image/79319ac4a32/b26ac17da4401044da0ff/1581855744_00032.jpg","timeline_picture":"https://coub-anubis-a.akamaized.net/coub_storage/coub/simple/cw_timeline_pic/4780f05d002/c3529a04d0a5a593f4656/ios_large_1581855742_image.jpg","small_picture":"https://coub-anubis-a.akamaized.net/coub_storage/coub/simple/cw_image/79319ac4a32/b26ac17da4401044da0ff/1581855744_00032.jpg","sharing_picture":null,"percent_done":100,"tags":[{"id":3295,"title":"plane","value":"plane"},{"id":34421,"title":"hercules","value":"hercules"},{"id":34315,"title":"airplane","value":"airplane"},{"id":49162,"title":"usaf","value":"usaf"},{"id":50,"title":"coub","value":"coub"},{"id":105373,"title":"coub of the day","value":"coub%20of%20the%20day"},{"id":9780,"title":"flight","value":"flight"},{"id":2031,"title":"science","value":"science"}],"categories":[{"id":76,"title":"Science & Technology","permalink":"science-technology","subscriptions_count":10077188,"big_image_url":"https://coub-anubis-a.akamaized.net/coub_storage/category/cw_image/d7b917ae565/55b6fc9b6407f7099c088/big_1544622172_science.png","small_image_url":"https://coub-anubis-a.akamaized.net/coub_storage/category/cw_image/d7b917ae565/55b6fc9b6407f7099c088/small_1544622172_science.png","med_image_url":"https://coub-anubis-a.akamaized.net/coub_storage/category/cw_image/d7b917ae565/55b6fc9b6407f7099c088/med_1544622172_science.png","visible":true}],"communities":[{"id":76,"title":"Science & Technology","permalink":"science-technology","subscriptions_count":10077188,"big_image_url":"https://coub-anubis-a.akamaized.net/coub_storage/category/cw_image/d7b917ae565/55b6fc9b6407f7099c088/big_1544622172_science.png","small_image_url":"https://coub-anubis-a.akamaized.net/coub_storage/category/cw_image/d7b917ae565/55b6fc9b6407f7099c088/small_1544622172_science.png","med_image_url":"https://coub-anubis-a.akamaized.net/coub_storage/category/cw_image/d7b917ae565/55b6fc9b6407f7099c088/med_1544622172_science.png","i_subscribed":true,"community_notifications_enabled":null,"description":null}],"recoubs_count":275,"remixes_count":0,"likes_count":1390,"dislikes_count":0,"raw_video_id":14827442,"uploaded_by_ios_app":false,"uploaded_by_android_app":false,"media_blocks":{"uploaded_raw_videos":[],"external_raw_videos":[],"remixed_from_coubs":[]},"raw_video_thumbnail_url":"/missing/missing.png","raw_video_title":"Plane.mp4","video_block_banned":false,"duration":10.0,"promo_winner":false,"promo_winner_recoubers":null,"editorial_info":{},"promo_hint":null,"beeline_best_2014":null,"from_web_editor":true,"normalize_sound":true,"normalize_change_allowed":true,"best2015_addable":false,"ahmad_promo":null,"promo_data":null,"audio_copyright_claim":null,"ads_disabled":false,"is_safe_for_ads":true,"megafon_contents":[],"position_on_page":10}]}