{"page":460,"per_page":10,"total_pages":500,"coubs":[{"flag":null,"abuses":null,"recoubs_by_users_channels":null,"favourite":false,"promoted_id":null,"recoub":null,"like":null,"dislike":null,"reaction":null,"in_my_best2015":false,"id":136946247,"type":"Coub::Simple","permalink":"296oqj","title":"Perpetuum Mobile","visibility_type":"public","original_visibility_type":"public","channel_id":1113230,"created_at":"2020-02-13T10:54:16Z","updated_at":"2022-03-06T12:36:24Z","is_done":true,"views_count":47443,"cotd":null,"cotd_at":null,"visible_on_explore_root":true,"visible_on_explore":true,"featured":true,"published":true,"published_at":"2020-02-13T10:54:16Z","reversed":false,"from_editor_v2":true,"is_editable":true,"original_sound":true,"has_sound":true,"recoub_to":null,"file_versions":{"html5":{"video":{"higher":{"url":"https://coub-anubis-a.akamaized.net/coub_storage/coub/simple/cw_file/a9bd4b7a5a4/3872f02be523e89fc72e9/muted_mp4_huge_size_1581591260_muted_huge.mp4","size":1728042},"high":{"url":"https://coub-anubis-a.akamaized.net/coub_storage/coub/simple/cw_file/a9bd4b7a5a4/3872f02be523e89fc72e9/muted_mp4_big_size_1581591260_muted_big.mp4","size":1162287},"med":{"url":"https://coub-anubis-a.akamaized.net/coub_storage/coub/simple/cw_file/a9bd4b7a5a4/3872f02be523e89fc72e9/muted_mp4_med_size_1581591260_muted_med.mp4","size":375117}},"audio":{"high":{"url":"https://coub-anubis-a.akamaized.net/coub_storage/coub/simple/cw_looped_audio_high/88ad8b4edd2/18bb5f61f56caf6c7bf9a/1605707453_high_1581591260_high.mp3","size":859140},"med":{"url":"https://coub-anubis-a.akamaized.net/coub_storage/coub/simple/cw_looped_audio_med/5d61ac0fdda/6c9ec7e62ebf40cbae159/1605707453_med_1581591260_med.mp3","size":856617},"sample_duration":7.036}},"mobile":{"video":"https://coub-anubis-a.akamaized.net/coub_storage/coub/simple/cw_file/a9bd4b7a5a4/3872f02be523e89fc72e9/muted_mp4_med_size_1581591260_muted_med.mp4","audio":["https://coub-anubis-a.akamaized.net/coub_storage/coub/simple/cw_looped_audio_med/5d61ac0fdda/6c9ec7e62ebf40cbae159/1605707453_med_1581591260_med.mp3"]},"share":{"default":"https://coub-anubis-a.akamaized.net/coub_storage/coub/simple/cw_video_for_sharing/3b81a302477/7940583a35f10c4f26248/1608845020_looped_1608845019.mp4"}},"audio_versions":{},"image_versions":{"template":"https://coub-anubis-a.akamaized.net/coub_storage/coub/simple/cw_image/00676e57d9b/2471ec790a30f3b69e40d/1581591266_00022.jpg","versions":["micro","tiny","age_restricted","ios_large","ios_mosaic","big","med","small","pinterest"]},"first_frame_versions":{"template":"https://coub-anubis-a.akamaized.net/coub_storage/coub/simple/cw_timeline_pic/879b1fd86e7/cf340a2aca615d7c19732/%{version}_1581591265_image.jpg","versions":["big","med","small","ios_large"]},"dimensions":{"big":[960,960],"med":[480,480]},"site_w_h":[400,400],"page_w_h":[400,400],"site_w_h_small":[310,310],"size":[960,960],"age_restricted":false,"age_restricted_by_admin":false,"not_safe_for_work":false,"allow_reuse":false,"dont_crop":false,"banned":false,"global_safe":true,"audio_file_url":null,"external_download":{"type":"Instagram","service_name":"Instagram","url":"https://www.instagram.com/p/B8IWn3yDjJq/?igshid=1lc0cd9kvtz0","has_embed":false},"application":null,"channel":{"id":1113230,"permalink":"xox-love","title":"地球外の-xox-love","description":"私は幸運だ - 運と神は私のそばには常に\r\ncoub.com/view/3nrl5 =====                                        on the cover: coub.com/view/o3w1","followers_count":4475,"following_count":77,"avatar_versions":{"template":"https://coub-anubis-a.akamaized.net/coub_storage/channel/cw_avatar/c6072ec1512/6e40446e970b347b01e74/%{version}_1607421195_vceewk_1543963315____.jpg","versions":["medium","medium_2x","profile_pic","profile_pic_new","profile_pic_new_2x","tiny","tiny_2x","small","small_2x","ios_large","ios_small"]}},"file":null,"picture":"https://coub-anubis-a.akamaized.net/coub_storage/coub/simple/cw_image/00676e57d9b/2471ec790a30f3b69e40d/1581591266_00022.jpg","timeline_picture":"https://coub-anubis-a.akamaized.net/coub_storage/coub/simple/cw_timeline_pic/879b1fd86e7/cf340a2aca615d7c19732/ios_large_1581591265_image.jpg","small_picture":"https://coub-anubis-a.akamaized.net/coub_storage/coub/simple/cw_image/00676e57d9b/2471ec790a30f3b69e40d/1581591266_00022.jpg","sharing_picture":null,"percent_done":100,"tags":[{"id":5473275,"title":"it will never stop","value":"it%20will%20never%20stop"}],"categories":[{"id":76,"title":"Science & Technology","permalink":"science-technology","subscriptions_count":10077188,"big_image_url":"https://coub-anubis-a.akamaized.net/coub_storage/category/cw_image/d7b917ae565/55b6fc9b6407f7099c088/big_1544622172_science.png","small_image_url":"https://coub-anubis-a.akamaized.net/coub_storage/category/cw_image/d7b917ae565/55b6fc9b6407f7099c088/small_1544622172_science.png","med_image_url":"https://coub-anubis-a.akamaized.net/coub_storage/category/cw_image/d7b917ae565/55b6fc9b6407f7099c088/med_1544622172_science.png","visible":true}],"communities":[{"id":76,"title":"Science & Technology","permalink":"science-technology","subscriptions_count":10077188,"big_image_url":"https://coub-anubis-a.akamaized.net/coub_storage/category/cw_image/d7b917ae565/55b6fc9b6407f7099c088/big_1544622172_science.png","small_image_url":"https://coub-anubis-a.akamaized.net/coub_storage/category/cw_image/d7b917ae565/55b6fc9b6407f7099c088/small_1544622172_science.png","med_image_url":"https://coub-anubis-a.akamaized.net/coub_storage/category/cw_image/d7b917ae565/55b6fc9b6407f7099c088/med_1544622172_science.png","i_subscribed":true,"community_notifications_enabled":null,"description":null}],"recoubs_count":78,"remixes_count":0,"likes_count":443,"dislikes_count":0,"raw_video_id":14814833,"uploaded_by_ios_app":false,"uploaded_by_android_app":false,"media_blocks":{"uploaded_raw_videos":[],"external_raw_videos":[{"id":34778671,"title":"Shot by industrial.tech","url":"http://instagram.com/p/B8IWn3yDjJq/","image":null,"image_retina":null,"meta":{"service":"Instagram","duration":"8.0"},"duration":8.0,"raw_video_id":14814833,"has_embed":false}],"remixed_from_coubs":[],"external_video":{"id":34778671,"title":"Shot by industrial.tech","url":"http://instagram.com/p/B8IWn3yDjJq/","image":null,"image_retina":null,"meta":{"service":"Instagram","duration":"8.0"},"duration":8.0,"raw_video_id":14814833,"has_embed":false}},"raw_video_thumbnail_url":"/missing/missing.png","raw_video_title":"Shot by industrial.tech","video_block_banned":false,"duration":7.0,"promo_winner":false,"promo_winner_recoubers":null,"editorial_info":{},"promo_hint":null,"beeline_best_2014":null,"from_web_editor":true,"normalize_sound":true,"normalize_change_allowed":true,"best2015_addable":false,"ahmad_promo":null,"promo_data":null,"audio_copyright_claim":null,"ads_disabled":false,"is_safe_for_ads":true,"megafon_contents":[],"position_on_page":1},{"flag":null,"abuses":null,"recoubs_by_users_channels":null,"favourite":false,"promoted_id":null,"recoub":null,"like":null,"dislike":null,"reaction":null,"in_my_best2015":false,"id":130241853,"type":"Coub::Simple","permalink":"2564ak","title":"Vietnam flashbacks","visibility_type":"public","original_visibility_type":"public","channel_id":4869391,"created_at":"2019-11-27T17:06:26Z","updated_at":"2021-11-30T18:57:56Z","is_done":true,"views_count":40880,"cotd":null,"cotd_at":null,"visible_on_explore_root":false,"visible_on_explore":false,"featured":false,"published":true,"published_at":"2019-11-27T17:06:26Z","reversed":false,"from_editor_v2":true,"is_editable":true,"original_sound":false,"has_sound":false,"recoub_to":null,"file_versions":{"html5":{"video":{"higher":{"url":"https://coub-anubis-a.akamaized.net/coub_storage/coub/simple/cw_file/3da79daa683/c8c72fcf96e9f623de74a/muted_mp4_huge_size_1577205770_muted_huge.mp4","size":5132003},"high":{"url":"https://coub-anubis-a.akamaized.net/coub_storage/coub/simple/cw_file/3da79daa683/c8c72fcf96e9f623de74a/muted_mp4_big_size_1577205770_muted_big.mp4","size":4098047},"med":{"url":"https://coub-anubis-a.akamaized.net/coub_storage/coub/simple/cw_file/3da79daa683/c8c72fcf96e9f623de74a/muted_mp4_med_size_1577205770_muted_med.mp4","size":1161551}},"audio":{"high":{"url":"https://coub-anubis-a.akamaized.net/coub_storage/coub/simple/cw_looped_audio_high/9dda050f828/f841d6fb6a1e2b9ce1337/1605698761_high_1574874691_high.mp3","size":2905890},"med":{"url":"https://coub-anubis-a.akamaized.net/coub_storage/coub/simple/cw_looped_audio_med/01c06e65e8c/cea011e14b645fe12835a/1605698761_med_1574874691_med.mp3","size":2100429}}},"mobile":{"video":"https://coub-anubis-a.akamaized.net/coub_storage/coub/simple/cw_file/3da79daa683/c8c72fcf96e9f623de74a/muted_mp4_med_size_1577205770_muted_med.mp4","audio":["https://coub-anubis-a.akamaized.net/coub_storage/coub/simple/cw_looped_audio_med/01c06e65e8c/cea011e14b645fe12835a/1605698761_med_1574874691_med.mp3"]},"share":{"default":null}},"audio_versions":{"template":"https://coub-anubis-a.akamaized.net/coub_storage/audio_track/cw_file/f3cb3337eb6/0346199d03c5250c0ca27/mid_1574874672_1en7th9_edited.mp3","versions":["mid","low"]},"image_versions":{"template":"https://coub-anubis-a.akamaized.net/coub_storage/coub/simple/cw_image/a0889f225eb/488a5c160f3ec33093fa7/1574874705_00019.jpg","versions":["micro","tiny","age_restricted","ios_large","ios_mosaic","big","med","small","pinterest"]},"first_frame_versions":{"template":"https://coub-anubis-a.akamaized.net/coub_storage/coub/simple/cw_timeline_pic/07d025c6212/3033179515d5ae2817fdc/1574874704_image.jpg","versions":["big","med","small","ios_large"]},"dimensions":{"big":[1280,720],"med":[640,360]},"site_w_h":[640,360],"page_w_h":[640,360],"site_w_h_small":[310,174],"size":[1280,720],"age_restricted":false,"age_restricted_by_admin":false,"not_safe_for_work":false,"allow_reuse":false,"dont_crop":false,"banned":false,"global_safe":true,"audio_file_url":"https://coub-anubis-a.akamaized.net/coub_storage/audio_track/cw_file/f3cb3337eb6/0346199d03c5250c0ca27/low_1574874672_1en7th9_edited.mp3","external_download":false,"application":null,"channel":{"id":4869391,"permalink":"sab-zer0","title":"Sab-Zer0","description":null,"followers_count":103,"following_count":4906,"avatar_versions":{"template":"https://coub-anubis-a.akamaized.net/coub_storage/channel/cw_avatar/e00d03abdb3/8939471569eca2b8bb0e8/%{version}_1607681417_1sr9gbw_1539188889_avatar.png","versions":["medium","medium_2x","profile_pic","profile_pic_new","profile_pic_new_2x","tiny","tiny_2x","small","small_2x","ios_large","ios_small"]}},"file":null,"picture":"https://coub-anubis-a.akamaized.net/coub_storage/coub/simple/cw_image/a0889f225eb/488a5c160f3ec33093fa7/1574874705_00019.jpg","timeline_picture":"https://coub-anubis-a.akamaized.net/coub_storage/coub/simple/cw_timeline_pic/07d025c6212/3033179515d5ae2817fdc/1574874704_image.jpg","small_picture":"https://coub-anubis-a.akamaized.net/coub_storage/coub/simple/cw_image/a0889f225eb/488a5c160f3ec33093fa7/1574874705_00019.jpg","sharing_picture":null,"percent_done":100,"tags":[{"id":12721,"title":"demo","value":"demo"},{"id":73688,"title":"demolition","value":"demolition"},{"id":288221,"title":"demoranch","value":"demoranch"},{"id":288222,"title":"demolitionranch","value":"demolitionranch"},{"id":131143,"title":"ranch","value":"ranch"},{"id":140611,"title":"vet","value":"vet"},{"id":963676,"title":"vetranch","value":"vetranch"},{"id":1781771,"title":"offtheranch","value":"offtheranch"},{"id":11669,"title":"off","value":"off"},{"id":159,"title":"the","value":"the"},{"id":8621,"title":"testing","value":"testing"},{"id":42,"title":"test","value":"test"},{"id":10627,"title":"matt","value":"matt"},{"id":1115381,"title":"dr. matt","value":"dr.%20matt"},{"id":1329183,"title":"dr matt","value":"dr%20matt"},{"id":11121,"title":"dr","value":"dr"},{"id":11448,"title":"dr.","value":"dr."},{"id":468485,"title":"minivan","value":"minivan"},{"id":4894,"title":"minigun","value":"minigun"},{"id":115920,"title":"gattling","value":"gattling"},{"id":136209,"title":"9mm","value":"9mm"},{"id":122618,"title":"glock","value":"glock"}],"categories":[{"id":76,"title":"Science & Technology","permalink":"science-technology","subscriptions_count":10077188,"big_image_url":"https://coub-anubis-a.akamaized.net/coub_storage/category/cw_image/d7b917ae565/55b6fc9b6407f7099c088/big_1544622172_science.png","small_image_url":"https://coub-anubis-a.akamaized.net/coub_storage/category/cw_image/d7b917ae565/55b6fc9b6407f7099c088/small_1544622172_science.png","med_image_url":"https://coub-anubis-a.akamaized.net/coub_storage/category/cw_image/d7b917ae565/55b6fc9b6407f7099c088/med_1544622172_science.png","visible":true}],"communities":[{"id":76,"title":"Science & Technology","permalink":"science-technology","subscriptions_count":10077188,"big_image_url":"https://coub-anubis-a.akamaized.net/coub_storage/category/cw_image/d7b917ae565/55b6fc9b6407f7099c088/big_1544622172_science.png","small_image_url":"https://coub-anubis-a.akamaized.net/coub_storage/category/cw_image/d7b917ae565/55b6fc9b6407f7099c088/small_1544622172_science.png","med_image_url":"https://coub-anubis-a.akamaized.net/coub_storage/category/cw_image/d7b917ae565/55b6fc9b6407f7099c088/med_1544622172_science.png","i_subscribed":true,"community_notifications_enabled":null,"description":null}],"recoubs_count":86,"remixes_count":1,"likes_count":443,"dislikes_count":0,"raw_video_id":14514884,"uploaded_by_ios_app":false,"uploaded_by_android_app":false,"media_blocks":{"uploaded_raw_videos":[],"external_raw_videos":[],"remixed_from_coubs":[]},"raw_video_thumbnail_url":"/missing/missing.png","raw_video_title":"I mounted a Minigun...in a Minivan...","video_block_banned":false,"duration":5.96,"promo_winner":false,"promo_winner_recoubers":null,"editorial_info":{},"promo_hint":null,"beeline_best_2014":null,"from_web_editor":true,"normalize_sound":false,"normalize_change_allowed":false,"best2015_addable":false,"ahmad_promo":null,"promo_data":null,"audio_copyright_claim":null,"ads_disabled":false,"is_safe_for_ads":true,"megafon_contents":[],"position_on_page":2},{"flag":null,"abuses":null,"recoubs_by_users_channels":null,"favourite":false,"promoted_id":null,"recoub":null,"like":null,"dislike":null,"reaction":null,"in_my_best2015":false,"id":125798155,"type":"Coub::Simple","permalink":"22ib1l","title":"Windows 95 Startup Sound: Remastered Stereo","visibility_type":"public","original_visibility_type":"public","channel_id":3430330,"created_at":"2019-10-08T14:24:16Z","updated_at":"2022-03-01T21:12:30Z","is_done":true,"views_count":33747,"cotd":null,"cotd_at":null,"visible_on_explore_root":false,"visible_on_explore":false,"featured":false,"published":true,"published_at":"2019-10-08T14:24:16Z","reversed":true,"from_editor_v2":true,"is_editable":true,"original_sound":true,"has_sound":true,"recoub_to":null,"file_versions":{"html5":{"video":{"higher":{"url":"https://coub-anubis-a.akamaized.net/coub_storage/coub/simple/cw_file/a73b933af59/949f5cfb6dd536c90ebaf/muted_mp4_huge_size_1570544672_muted_huge.mp4","size":1503970},"high":{"url":"https://coub-anubis-a.akamaized.net/coub_storage/coub/simple/cw_file/a73b933af59/949f5cfb6dd536c90ebaf/muted_mp4_big_size_1570544672_muted_big.mp4","size":1146284},"med":{"url":"https://coub-anubis-a.akamaized.net/coub_storage/coub/simple/cw_file/a73b933af59/949f5cfb6dd536c90ebaf/muted_mp4_med_size_1570544672_muted_med.mp4","size":309542}},"audio":{"high":{"url":"https://coub-anubis-a.akamaized.net/coub_storage/coub/simple/cw_looped_audio_high/fa0e5a1dd49/8a5fc05ce94163560f5cc/1605692943_high_1570544673_high.mp3","size":1038432},"med":{"url":"https://coub-anubis-a.akamaized.net/coub_storage/coub/simple/cw_looped_audio_med/eb35e72c8db/483d0424f25fe898ea00f/1605692942_med_1570544673_med.mp3","size":924411},"sample_duration":14.884}},"mobile":{"video":"https://coub-anubis-a.akamaized.net/coub_storage/coub/simple/cw_file/a73b933af59/949f5cfb6dd536c90ebaf/muted_mp4_med_size_1570544672_muted_med.mp4","audio":["https://coub-anubis-a.akamaized.net/coub_storage/coub/simple/cw_looped_audio_med/eb35e72c8db/483d0424f25fe898ea00f/1605692942_med_1570544673_med.mp3"]},"share":{"default":"https://coub-anubis-a.akamaized.net/coub_storage/coub/simple/cw_video_for_sharing/6669163aeaa/096b929c76d760995193f/1613236921_looped_1613236919.mp4"}},"audio_versions":{},"image_versions":{"template":"https://coub-anubis-a.akamaized.net/coub_storage/coub/simple/cw_image/abf6dcabcd2/fbdc97a448f076e2910cf/1570544686_00047.jpg","versions":["micro","tiny","age_restricted","ios_large","ios_mosaic","big","med","small","pinterest"]},"first_frame_versions":{"template":"https://coub-anubis-a.akamaized.net/coub_storage/coub/simple/cw_timeline_pic/2a4aa8aa6fb/3517940ded3f809050ecf/%{version}_1570544684_image.jpg","versions":["big","med","small","ios_large"]},"dimensions":{"big":[1280,720],"med":[640,360]},"site_w_h":[640,360],"page_w_h":[640,360],"site_w_h_small":[310,174],"size":[1280,720],"age_restricted":false,"age_restricted_by_admin":false,"not_safe_for_work":false,"allow_reuse":false,"dont_crop":false,"banned":false,"global_safe":true,"audio_file_url":null,"external_download":{"type":"Youtube","service_name":"YouTube","url":"https://www.youtube.com/watch?v=LqgUrtXYCaY","has_embed":true},"application":null,"channel":{"id":3430330,"permalink":"karegawa.sensei","title":"Karegawa-sensei","description":null,"followers_count":30,"following_count":4,"avatar_versions":{"template":"https://coub-anubis-a.akamaized.net/coub_storage/channel/cw_avatar/d8f02cd5a07/cd6ca5bbd9f81de952d66/%{version}_1607623247_1ammvx4_1490447332__________________.png","versions":["medium","medium_2x","profile_pic","profile_pic_new","profile_pic_new_2x","tiny","tiny_2x","small","small_2x","ios_large","ios_small"]}},"file":null,"picture":"https://coub-anubis-a.akamaized.net/coub_storage/coub/simple/cw_image/abf6dcabcd2/fbdc97a448f076e2910cf/1570544686_00047.jpg","timeline_picture":"https://coub-anubis-a.akamaized.net/coub_storage/coub/simple/cw_timeline_pic/2a4aa8aa6fb/3517940ded3f809050ecf/ios_large_1570544684_image.jpg","small_picture":"https://coub-anubis-a.akamaized.net/coub_storage/coub/simple/cw_image/abf6dcabcd2/fbdc97a448f076e2910cf/1570544686_00047.jpg","sharing_picture":null,"percent_done":100,"tags":[{"id":369356,"title":"windows 95","value":"windows%2095"},{"id":69974,"title":"aesthetic","value":"aesthetic"},{"id":20237,"title":"vaporwave","value":"vaporwave"},{"id":10019,"title":"microsoft","value":"microsoft"},{"id":920,"title":"windows","value":"windows"}],"categories":[{"id":76,"title":"Science & Technology","permalink":"science-technology","subscriptions_count":10077188,"big_image_url":"https://coub-anubis-a.akamaized.net/coub_storage/category/cw_image/d7b917ae565/55b6fc9b6407f7099c088/big_1544622172_science.png","small_image_url":"https://coub-anubis-a.akamaized.net/coub_storage/category/cw_image/d7b917ae565/55b6fc9b6407f7099c088/small_1544622172_science.png","med_image_url":"https://coub-anubis-a.akamaized.net/coub_storage/category/cw_image/d7b917ae565/55b6fc9b6407f7099c088/med_1544622172_science.png","visible":true}],"communities":[{"id":76,"title":"Science & Technology","permalink":"science-technology","subscriptions_count":10077188,"big_image_url":"https://coub-anubis-a.akamaized.net/coub_storage/category/cw_image/d7b917ae565/55b6fc9b6407f7099c088/big_1544622172_science.png","small_image_url":"https://coub-anubis-a.akamaized.net/coub_storage/category/cw_image/d7b917ae565/55b6fc9b6407f7099c088/small_1544622172_science.png","med_image_url":"https://coub-anubis-a.akamaized.net/coub_storage/category/cw_image/d7b917ae565/55b6fc9b6407f7099c088/med_1544622172_science.png","i_subscribed":true,"community_notifications_enabled":null,"description":null}],"recoubs_count":74,"remixes_count":0,"likes_count":443,"dislikes_count":0,"raw_video_id":14322416,"uploaded_by_ios_app":false,"uploaded_by_android_app":false,"media_blocks":{"uploaded_raw_videos":[],"external_raw_videos":[{"id":33489861,"title":"Windows 95 Startup Sound: Remastered Stereo","url":"https://www.youtube.com/watch?v=LqgUrtXYCaY","image":"https://coub-anubis-a.akamaized.net/coub_storage/media_block/cw_image/ac157e4b174/50335bc550788bef35999/1570544590_1y7xve3_1570544583_1sr3s04_att-url-download.jpg","image_retina":"https://coub-anubis-a.akamaized.net/coub_storage/media_block/cw_image/ac157e4b174/50335bc550788bef35999/1570544590_1y7xve3_1570544583_1sr3s04_att-url-download.jpg","meta":{"service":"Youtube","duration":"7.44"},"duration":7.44,"raw_video_id":14322416,"has_embed":true}],"remixed_from_coubs":[],"external_video":{"id":33489861,"title":"Windows 95 Startup Sound: Remastered Stereo","url":"https://www.youtube.com/watch?v=LqgUrtXYCaY","image":"https://coub-anubis-a.akamaized.net/coub_storage/media_block/cw_image/ac157e4b174/50335bc550788bef35999/1570544590_1y7xve3_1570544583_1sr3s04_att-url-download.jpg","image_retina":"https://coub-anubis-a.akamaized.net/coub_storage/media_block/cw_image/ac157e4b174/50335bc550788bef35999/1570544590_1y7xve3_1570544583_1sr3s04_att-url-download.jpg","meta":{"service":"Youtube","duration":"7.44"},"duration":7.44,"raw_video_id":14322416,"has_embed":true}},"raw_video_thumbnail_url":"/missing/missing.png","raw_video_title":"Windows 95 Startup Sound: Remastered Stereo","video_block_banned":false,"duration":14.88,"promo_winner":false,"promo_winner_recoubers":null,"editorial_info":{},"promo_hint":null,"beeline_best_2014":null,"from_web_editor":true,"normalize_sound":false,"normalize_change_allowed":true,"best2015_addable":false,"ahmad_promo":null,"promo_data":null,"audio_copyright_claim":null,"ads_disabled":false,"is_safe_for_ads":true,"megafon_contents":[],"position_on_page":3},{"flag":null,"abuses":null,"recoubs_by_users_channels":null,"favourite":false,"promoted_id":null,"recoub":null,"like":null,"dislike":null,"reaction":null,"in_my_best2015":false,"id":119187011,"type":"Coub::Simple","permalink":"1yjynl","title":"UA Armed Forces Helicopter over the road to Dnipro","visibility_type":"public","original_visibility_type":"public","channel_id":520391,"created_at":"2019-07-27T11:08:38Z","updated_at":"2022-03-06T02:06:37Z","is_done":true,"views_count":51982,"cotd":null,"cotd_at":null,"visible_on_explore_root":false,"visible_on_explore":false,"featured":false,"published":true,"published_at":"2019-07-27T11:08:38Z","reversed":false,"from_editor_v2":true,"is_editable":true,"original_sound":false,"has_sound":false,"recoub_to":null,"file_versions":{"html5":{"video":{"higher":{"url":"https://coub-anubis-a.akamaized.net/coub_storage/coub/simple/cw_file/9d1423d0e96/0124e6a2f0a84c8efb509/muted_mp4_huge_size_1569030898_muted_huge.mp4","size":2669274},"high":{"url":"https://coub-anubis-a.akamaized.net/coub_storage/coub/simple/cw_file/9d1423d0e96/0124e6a2f0a84c8efb509/muted_mp4_big_size_1569030898_muted_big.mp4","size":1903662},"med":{"url":"https://coub-anubis-a.akamaized.net/coub_storage/coub/simple/cw_file/9d1423d0e96/0124e6a2f0a84c8efb509/muted_mp4_med_size_1569030898_muted_med.mp4","size":594408}},"audio":{"high":{"url":"https://coub-anubis-a.akamaized.net/coub_storage/coub/simple/cw_looped_audio_high/4f74813e72d/a3c310d3b73e3d4b76c4f/1605642948_high_1564225808_high.mp3","size":7696963},"med":{"url":"https://coub-anubis-a.akamaized.net/coub_storage/coub/simple/cw_looped_audio_med/3c709f5d7bb/2f7f9ab5a60f4adab79b5/1605642945_med_1564225808_med.mp3","size":5807012}}},"mobile":{"video":"https://coub-anubis-a.akamaized.net/coub_storage/coub/simple/cw_file/9d1423d0e96/0124e6a2f0a84c8efb509/muted_mp4_med_size_1569030898_muted_med.mp4","audio":["https://coub-anubis-a.akamaized.net/coub_storage/coub/simple/cw_looped_audio_med/3c709f5d7bb/2f7f9ab5a60f4adab79b5/1605642945_med_1564225808_med.mp3"]},"share":{"default":"https://coub-anubis-a.akamaized.net/coub_storage/coub/simple/cw_video_for_sharing/3af646ebe1b/c096af1b914cb6ccd0d4e/1616531488_looped_1616531487.mp4"}},"audio_versions":{"template":"https://coub-anubis-a.akamaized.net/coub_storage/audio_track/cw_normalized_copy/0405393de3e/b019abb8617a6e3014c36/mid_1564225782_normalized_1564225468_audio.mp3","versions":["mid","low"]},"image_versions":{"template":"https://coub-anubis-a.akamaized.net/coub_storage/coub/simple/cw_image/98b5e990aa8/a42a2ab051c460a70d253/1564225845_00032.jpg","versions":["micro","tiny","age_restricted","ios_large","ios_mosaic","big","med","small","pinterest"]},"first_frame_versions":{"template":"https://coub-anubis-a.akamaized.net/coub_storage/coub/simple/cw_timeline_pic/2325cd9ac91/274980313378881e52b5e/%{version}_1564225844_image.jpg","versions":["big","med","small","ios_large"]},"dimensions":{"big":[1280,720],"med":[640,360]},"site_w_h":[640,360],"page_w_h":[640,360],"site_w_h_small":[310,174],"size":[1280,720],"age_restricted":false,"age_restricted_by_admin":false,"not_safe_for_work":false,"allow_reuse":false,"dont_crop":false,"banned":false,"global_safe":true,"audio_file_url":"https://coub-anubis-a.akamaized.net/coub_storage/audio_track/cw_normalized_copy/0405393de3e/b019abb8617a6e3014c36/low_1564225782_normalized_1564225468_audio.mp3","external_download":{"type":"Youtube","service_name":"YouTube","url":"https://youtu.be/91Z7kICnBCs?list=LLT90DxnHOS148kAv20QBoew","has_embed":true},"application":null,"channel":{"id":520391,"permalink":"yuri.woloshin","title":"Yuri Woloshin","description":null,"followers_count":43,"following_count":42,"avatar_versions":{"template":"https://coub-anubis-a.akamaized.net/coub_storage/channel/cw_avatar/a00f5fdb8ce/74d3d1421039f4f8809f0/%{version}_1474512462_my_avatar.jpg","versions":["medium","medium_2x","profile_pic","profile_pic_new","profile_pic_new_2x","tiny","tiny_2x","small","small_2x","ios_large","ios_small"]}},"file":null,"picture":"https://coub-anubis-a.akamaized.net/coub_storage/coub/simple/cw_image/98b5e990aa8/a42a2ab051c460a70d253/1564225845_00032.jpg","timeline_picture":"https://coub-anubis-a.akamaized.net/coub_storage/coub/simple/cw_timeline_pic/2325cd9ac91/274980313378881e52b5e/ios_large_1564225844_image.jpg","small_picture":"https://coub-anubis-a.akamaized.net/coub_storage/coub/simple/cw_image/98b5e990aa8/a42a2ab051c460a70d253/1564225845_00032.jpg","sharing_picture":null,"percent_done":100,"tags":[{"id":2982333,"title":"helicopter (invention)","value":"helicopter%20(invention)"},{"id":2934436,"title":"ukraine (country)","value":"ukraine%20(country)"},{"id":3031208,"title":"armed forces of ukraine (organization)","value":"armed%20forces%20of%20ukraine%20(organization)"},{"id":8452,"title":"riders on the storm","value":"riders%20on%20the%20storm"}],"categories":[{"id":76,"title":"Science & Technology","permalink":"science-technology","subscriptions_count":10077188,"big_image_url":"https://coub-anubis-a.akamaized.net/coub_storage/category/cw_image/d7b917ae565/55b6fc9b6407f7099c088/big_1544622172_science.png","small_image_url":"https://coub-anubis-a.akamaized.net/coub_storage/category/cw_image/d7b917ae565/55b6fc9b6407f7099c088/small_1544622172_science.png","med_image_url":"https://coub-anubis-a.akamaized.net/coub_storage/category/cw_image/d7b917ae565/55b6fc9b6407f7099c088/med_1544622172_science.png","visible":true}],"communities":[{"id":76,"title":"Science & Technology","permalink":"science-technology","subscriptions_count":10077188,"big_image_url":"https://coub-anubis-a.akamaized.net/coub_storage/category/cw_image/d7b917ae565/55b6fc9b6407f7099c088/big_1544622172_science.png","small_image_url":"https://coub-anubis-a.akamaized.net/coub_storage/category/cw_image/d7b917ae565/55b6fc9b6407f7099c088/small_1544622172_science.png","med_image_url":"https://coub-anubis-a.akamaized.net/coub_storage/category/cw_image/d7b917ae565/55b6fc9b6407f7099c088/med_1544622172_science.png","i_subscribed":true,"community_notifications_enabled":null,"description":null}],"recoubs_count":94,"remixes_count":0,"likes_count":443,"dislikes_count":0,"raw_video_id":14027761,"uploaded_by_ios_app":false,"uploaded_by_android_app":false,"media_blocks":{"uploaded_raw_videos":[],"external_raw_videos":[{"id":32693914,"title":"★Вертолет ВСУ летит над дорогой, Днепропетровск (HD)★","url":"https://www.youtube.com/watch?v=91Z7kICnBCs","image":"https://coub-anubis-a.akamaized.net/coub_storage/media_block/cw_image/51539461855/ae5947da28d76f87f2ef3/1564225034_162i8p2_1564224984_1m872im_att-url-download.jpg","image_retina":"https://coub-anubis-a.akamaized.net/coub_storage/media_block/cw_image/51539461855/ae5947da28d76f87f2ef3/1564225034_162i8p2_1564224984_1m872im_att-url-download.jpg","meta":{"service":"Youtube","duration":"215.36"},"duration":215.36,"raw_video_id":14027761,"has_embed":true}],"remixed_from_coubs":[],"external_video":{"id":32693914,"title":"★Вертолет ВСУ летит над дорогой, Днепропетровск (HD)★","url":"https://www.youtube.com/watch?v=91Z7kICnBCs","image":"https://coub-anubis-a.akamaized.net/coub_storage/media_block/cw_image/51539461855/ae5947da28d76f87f2ef3/1564225034_162i8p2_1564224984_1m872im_att-url-download.jpg","image_retina":"https://coub-anubis-a.akamaized.net/coub_storage/media_block/cw_image/51539461855/ae5947da28d76f87f2ef3/1564225034_162i8p2_1564224984_1m872im_att-url-download.jpg","meta":{"service":"Youtube","duration":"215.36"},"duration":215.36,"raw_video_id":14027761,"has_embed":true}},"raw_video_thumbnail_url":"/missing/missing.png","raw_video_title":"★Вертолет ВСУ летит над дорогой, Днепропетровск (HD)★","video_block_banned":false,"duration":10.0,"promo_winner":false,"promo_winner_recoubers":null,"editorial_info":{},"promo_hint":null,"beeline_best_2014":null,"from_web_editor":true,"normalize_sound":true,"normalize_change_allowed":true,"best2015_addable":false,"ahmad_promo":null,"promo_data":null,"audio_copyright_claim":null,"ads_disabled":false,"is_safe_for_ads":true,"megafon_contents":[],"position_on_page":4},{"flag":null,"abuses":null,"recoubs_by_users_channels":null,"favourite":false,"promoted_id":null,"recoub":null,"like":null,"dislike":null,"reaction":null,"in_my_best2015":false,"id":112182452,"type":"Coub::Simple","permalink":"1udtv2","title":"🌑 РЕАКТИВНЫЙ ДВИГАТЕЛЬ ЗА 5 МИНУТ ПуВРД JAM JAR PULSE JET ENGINE Reynst Pulsejet Car  ИГОРЬ БЕЛЕЦКИЙ","visibility_type":"public","original_visibility_type":"public","channel_id":5576558,"created_at":"2019-05-17T12:22:34Z","updated_at":"2022-03-09T13:07:57Z","is_done":true,"views_count":20193,"cotd":null,"cotd_at":null,"visible_on_explore_root":false,"visible_on_explore":false,"featured":false,"published":true,"published_at":"2019-05-17T12:22:34Z","reversed":false,"from_editor_v2":true,"is_editable":true,"original_sound":true,"has_sound":true,"recoub_to":null,"file_versions":{"html5":{"video":{"higher":{"url":"https://coub-anubis-a.akamaized.net/coub_storage/coub/simple/cw_file/836a2fdaa14/df853af1ed2c4180bf900/muted_mp4_huge_size_1581633099_muted_huge.mp4","size":997504},"high":{"url":"https://coub-anubis-a.akamaized.net/coub_storage/coub/simple/cw_file/836a2fdaa14/df853af1ed2c4180bf900/muted_mp4_big_size_1581633099_muted_big.mp4","size":811573},"med":{"url":"https://coub-anubis-a.akamaized.net/coub_storage/coub/simple/cw_file/836a2fdaa14/df853af1ed2c4180bf900/muted_mp4_med_size_1581633099_muted_med.mp4","size":149356}},"audio":{"high":{"url":"https://coub-anubis-a.akamaized.net/coub_storage/coub/simple/cw_looped_audio_high/9fabd814b66/275af2967d249b9f90abb/1605668293_high_1558095813_high.mp3","size":1074682},"med":{"url":"https://coub-anubis-a.akamaized.net/coub_storage/coub/simple/cw_looped_audio_med/1cdbcf88199/ea0e0e651118cfecedfb9/1605668293_med_1558095813_med.mp3","size":799076},"sample_duration":10.009}},"mobile":{"video":"https://coub-anubis-a.akamaized.net/coub_storage/coub/simple/cw_file/836a2fdaa14/df853af1ed2c4180bf900/muted_mp4_med_size_1581633099_muted_med.mp4","audio":["https://coub-anubis-a.akamaized.net/coub_storage/coub/simple/cw_looped_audio_med/1cdbcf88199/ea0e0e651118cfecedfb9/1605668293_med_1558095813_med.mp3"]},"share":{"default":"https://coub-anubis-a.akamaized.net/coub_storage/coub/simple/cw_video_for_sharing/f75d2e1aa47/eca3c806f3292a40427e7/1620295952_looped_1620295952.mp4"}},"audio_versions":{},"image_versions":{"template":"https://coub-anubis-a.akamaized.net/coub_storage/coub/simple/cw_image/27f02e353d0/b68adbf28b90adc197b73/1558095819_00032.jpg","versions":["micro","tiny","age_restricted","ios_large","ios_mosaic","big","med","small","pinterest"]},"first_frame_versions":{"template":"https://coub-anubis-a.akamaized.net/coub_storage/coub/simple/cw_timeline_pic/5901514d78d/1f1c2039e4e73f76f6682/%{version}_1558095818_image.jpg","versions":["big","med","small","ios_large"]},"dimensions":{"big":[1280,720],"med":[640,360]},"site_w_h":[640,360],"page_w_h":[640,360],"site_w_h_small":[310,174],"size":[1280,720],"age_restricted":false,"age_restricted_by_admin":false,"not_safe_for_work":false,"allow_reuse":false,"dont_crop":false,"banned":false,"global_safe":false,"audio_file_url":null,"external_download":{"type":"Youtube","service_name":"YouTube","url":"https://www.youtube.com/watch?v=93vr6whkZVM","has_embed":true},"application":null,"channel":{"id":5576558,"permalink":"igor-beletskiy","title":"Igor Beletskiy ","description":"Занимательная физика.","followers_count":175,"following_count":14,"avatar_versions":{"template":"https://coub-anubis-a.akamaized.net/coub_storage/channel/cw_avatar/b3c4caf824b/9556f226978ef040fffc6/%{version}_1607771183_6xmxub_1557668907_______.jpg","versions":["medium","medium_2x","profile_pic","profile_pic_new","profile_pic_new_2x","tiny","tiny_2x","small","small_2x","ios_large","ios_small"]}},"file":null,"picture":"https://coub-anubis-a.akamaized.net/coub_storage/coub/simple/cw_image/27f02e353d0/b68adbf28b90adc197b73/1558095819_00032.jpg","timeline_picture":"https://coub-anubis-a.akamaized.net/coub_storage/coub/simple/cw_timeline_pic/5901514d78d/1f1c2039e4e73f76f6682/ios_large_1558095818_image.jpg","small_picture":"https://coub-anubis-a.akamaized.net/coub_storage/coub/simple/cw_image/27f02e353d0/b68adbf28b90adc197b73/1558095819_00032.jpg","sharing_picture":null,"percent_done":100,"tags":[{"id":4945247,"title":"пврд","value":"%D0%BF%D0%B2%D1%80%D0%B4"},{"id":4931729,"title":"пульсирующий двигатель","value":"%D0%BF%D1%83%D0%BB%D1%8C%D1%81%D0%B8%D1%80%D1%83%D1%8E%D1%89%D0%B8%D0%B9%20%D0%B4%D0%B2%D0%B8%D0%B3%D0%B0%D1%82%D0%B5%D0%BB%D1%8C"},{"id":4945248,"title":"jam jar","value":"jam%20jar"},{"id":1459813,"title":"pulse jet engine","value":"pulse%20jet%20engine"},{"id":205420,"title":"реактивный двигатель","value":"%D1%80%D0%B5%D0%B0%D0%BA%D1%82%D0%B8%D0%B2%D0%BD%D1%8B%D0%B9%20%D0%B4%D0%B2%D0%B8%D0%B3%D0%B0%D1%82%D0%B5%D0%BB%D1%8C"},{"id":4945249,"title":"reynst jam jar","value":"reynst%20jam%20jar"},{"id":990671,"title":"игорь белецкий","value":"%D0%B8%D0%B3%D0%BE%D1%80%D1%8C%20%D0%B1%D0%B5%D0%BB%D0%B5%D1%86%D0%BA%D0%B8%D0%B9"},{"id":4945250,"title":"пульсирующий реактивный двигатель рейнста","value":"%D0%BF%D1%83%D0%BB%D1%8C%D1%81%D0%B8%D1%80%D1%83%D1%8E%D1%89%D0%B8%D0%B9%20%D1%80%D0%B5%D0%B0%D0%BA%D1%82%D0%B8%D0%B2%D0%BD%D1%8B%D0%B9%20%D0%B4%D0%B2%D0%B8%D0%B3%D0%B0%D1%82%D0%B5%D0%BB%D1%8C%20%D1%80%D0%B5%D0%B9%D0%BD%D1%81%D1%82%D0%B0"},{"id":4945251,"title":"самодельный пуврд","value":"%D1%81%D0%B0%D0%BC%D0%BE%D0%B4%D0%B5%D0%BB%D1%8C%D0%BD%D1%8B%D0%B9%20%D0%BF%D1%83%D0%B2%D1%80%D0%B4"},{"id":349844,"title":"pulsejet","value":"pulsejet"},{"id":4945252,"title":"how to build a pulsejet","value":"how%20to%20build%20a%20pulsejet"},{"id":4945253,"title":"simple pulse jet engine","value":"simple%20pulse%20jet%20engine"},{"id":4945254,"title":"reynst combustor","value":"reynst%20combustor"},{"id":5588,"title":"наука","value":"%D0%BD%D0%B0%D1%83%D0%BA%D0%B0"},{"id":39259,"title":"физика","value":"%D1%84%D0%B8%D0%B7%D0%B8%D0%BA%D0%B0"},{"id":557711,"title":"эксперименты","value":"%D1%8D%D0%BA%D1%81%D0%BF%D0%B5%D1%80%D0%B8%D0%BC%D0%B5%D0%BD%D1%82%D1%8B"},{"id":84675,"title":"опыты","value":"%D0%BE%D0%BF%D1%8B%D1%82%D1%8B"},{"id":12574,"title":"энергия","value":"%D1%8D%D0%BD%D0%B5%D1%80%D0%B3%D0%B8%D1%8F"},{"id":4945255,"title":"бесклапанный","value":"%D0%B1%D0%B5%D1%81%D0%BA%D0%BB%D0%B0%D0%BF%D0%B0%D0%BD%D0%BD%D1%8B%D0%B9"},{"id":50473,"title":"двигатель","value":"%D0%B4%D0%B2%D0%B8%D0%B3%D0%B0%D1%82%D0%B5%D0%BB%D1%8C"},{"id":15814,"title":"experiment","value":"experiment"},{"id":10186,"title":"шоу","value":"%D1%88%D0%BE%D1%83"},{"id":54113,"title":"игрушки","value":"%D0%B8%D0%B3%D1%80%D1%83%D1%88%D0%BA%D0%B8"},{"id":45581,"title":"краш тест","value":"%D0%BA%D1%80%D0%B0%D1%88%20%D1%82%D0%B5%D1%81%D1%82"},{"id":87291,"title":"мотор","value":"%D0%BC%D0%BE%D1%82%D0%BE%D1%80"},{"id":411818,"title":"самоделки","value":"%D1%81%D0%B0%D0%BC%D0%BE%D0%B4%D0%B5%D0%BB%D0%BA%D0%B8"},{"id":33533,"title":"как сделать","value":"%D0%BA%D0%B0%D0%BA%20%D1%81%D0%B4%D0%B5%D0%BB%D0%B0%D1%82%D1%8C"},{"id":3227843,"title":"physics toys","value":"physics%20toys"},{"id":3227844,"title":"physics project","value":"physics%20project"},{"id":1125,"title":"physics","value":"physics"},{"id":15514,"title":"toys","value":"toys"},{"id":203302,"title":"for children","value":"for%20children"},{"id":136382,"title":"for kids","value":"for%20kids"},{"id":3296,"title":"diy","value":"diy"},{"id":12703,"title":"tricks","value":"tricks"},{"id":185840,"title":"tests","value":"tests"},{"id":2031,"title":"science","value":"science"}],"categories":[{"id":76,"title":"Science & Technology","permalink":"science-technology","subscriptions_count":10077188,"big_image_url":"https://coub-anubis-a.akamaized.net/coub_storage/category/cw_image/d7b917ae565/55b6fc9b6407f7099c088/big_1544622172_science.png","small_image_url":"https://coub-anubis-a.akamaized.net/coub_storage/category/cw_image/d7b917ae565/55b6fc9b6407f7099c088/small_1544622172_science.png","med_image_url":"https://coub-anubis-a.akamaized.net/coub_storage/category/cw_image/d7b917ae565/55b6fc9b6407f7099c088/med_1544622172_science.png","visible":true}],"communities":[{"id":76,"title":"Science & Technology","permalink":"science-technology","subscriptions_count":10077188,"big_image_url":"https://coub-anubis-a.akamaized.net/coub_storage/category/cw_image/d7b917ae565/55b6fc9b6407f7099c088/big_1544622172_science.png","small_image_url":"https://coub-anubis-a.akamaized.net/coub_storage/category/cw_image/d7b917ae565/55b6fc9b6407f7099c088/small_1544622172_science.png","med_image_url":"https://coub-anubis-a.akamaized.net/coub_storage/category/cw_image/d7b917ae565/55b6fc9b6407f7099c088/med_1544622172_science.png","i_subscribed":true,"community_notifications_enabled":null,"description":null}],"recoubs_count":33,"remixes_count":0,"likes_count":443,"dislikes_count":0,"raw_video_id":13716172,"uploaded_by_ios_app":false,"uploaded_by_android_app":false,"media_blocks":{"uploaded_raw_videos":[],"external_raw_videos":[{"id":31839685,"title":"🌑 РЕАКТИВНЫЙ ДВИГАТЕЛЬ ЗА 5 МИНУТ ПуВРД JAM JAR PULSE JET ENGINE Reynst Pulsejet Car  ИГОРЬ БЕЛЕЦКИЙ","url":"https://www.youtube.com/watch?v=93vr6whkZVM","image":"https://coub-anubis-a.akamaized.net/coub_storage/media_block/cw_image/bd1042209a5/d209705195b7a773f30b5/1558095451_pcsphg_1558095352_1h6w0i3_att-url-download.jpg","image_retina":"https://coub-anubis-a.akamaized.net/coub_storage/media_block/cw_image/bd1042209a5/d209705195b7a773f30b5/1558095451_pcsphg_1558095352_1h6w0i3_att-url-download.jpg","meta":{"service":"Youtube","duration":"322.16"},"duration":322.16,"raw_video_id":13716172,"has_embed":true}],"remixed_from_coubs":[],"external_video":{"id":31839685,"title":"🌑 РЕАКТИВНЫЙ ДВИГАТЕЛЬ ЗА 5 МИНУТ ПуВРД JAM JAR PULSE JET ENGINE Reynst Pulsejet Car  ИГОРЬ БЕЛЕЦКИЙ","url":"https://www.youtube.com/watch?v=93vr6whkZVM","image":"https://coub-anubis-a.akamaized.net/coub_storage/media_block/cw_image/bd1042209a5/d209705195b7a773f30b5/1558095451_pcsphg_1558095352_1h6w0i3_att-url-download.jpg","image_retina":"https://coub-anubis-a.akamaized.net/coub_storage/media_block/cw_image/bd1042209a5/d209705195b7a773f30b5/1558095451_pcsphg_1558095352_1h6w0i3_att-url-download.jpg","meta":{"service":"Youtube","duration":"322.16"},"duration":322.16,"raw_video_id":13716172,"has_embed":true}},"raw_video_thumbnail_url":"/missing/missing.png","raw_video_title":"🌑 РЕАКТИВНЫЙ ДВИГАТЕЛЬ ЗА 5 МИНУТ ПуВРД JAM JAR PULSE JET ENGINE Reynst Pulsejet Car  ИГОРЬ БЕЛЕЦКИЙ","video_block_banned":false,"duration":10.0,"promo_winner":false,"promo_winner_recoubers":null,"editorial_info":{},"promo_hint":null,"beeline_best_2014":null,"from_web_editor":true,"normalize_sound":true,"normalize_change_allowed":true,"best2015_addable":false,"ahmad_promo":null,"promo_data":null,"audio_copyright_claim":null,"ads_disabled":false,"is_safe_for_ads":true,"megafon_contents":[],"position_on_page":5},{"flag":null,"abuses":null,"recoubs_by_users_channels":null,"favourite":false,"promoted_id":null,"recoub":null,"like":null,"dislike":null,"reaction":null,"in_my_best2015":false,"id":106368497,"type":"Coub::Simple","permalink":"1qx7r4","title":"Hack","visibility_type":"public","original_visibility_type":"public","channel_id":3942684,"created_at":"2019-03-23T09:47:21Z","updated_at":"2022-03-08T11:17:43Z","is_done":true,"views_count":34782,"cotd":null,"cotd_at":null,"visible_on_explore_root":false,"visible_on_explore":false,"featured":false,"published":true,"published_at":"2019-03-23T09:47:21Z","reversed":false,"from_editor_v2":true,"is_editable":true,"original_sound":false,"has_sound":false,"recoub_to":null,"file_versions":{"html5":{"video":{"higher":{"url":"https://coub-anubis-a.akamaized.net/coub_storage/coub/simple/cw_file/fdfc5fe47fc/e85c2ad6579b3c991b628/muted_mp4_huge_size_1574196152_muted_huge.mp4","size":2316420},"high":{"url":"https://coub-anubis-a.akamaized.net/coub_storage/coub/simple/cw_file/fdfc5fe47fc/e85c2ad6579b3c991b628/muted_mp4_big_size_1574196152_muted_big.mp4","size":1668722},"med":{"url":"https://coub-anubis-a.akamaized.net/coub_storage/coub/simple/cw_file/fdfc5fe47fc/e85c2ad6579b3c991b628/muted_mp4_med_size_1574196152_muted_med.mp4","size":500460}},"audio":{"high":{"url":"https://coub-anubis-a.akamaized.net/coub_storage/coub/simple/cw_looped_audio_high/2932596f031/a5b88ef15ee31a820db9a/1605679459_high_1553334530_high.mp3","size":9283804},"med":{"url":"https://coub-anubis-a.akamaized.net/coub_storage/coub/simple/cw_looped_audio_med/5a27b84a1a5/3f955bafb205ad67ea5c8/1605679457_med_1553334530_med.mp3","size":6569609}}},"mobile":{"video":"https://coub-anubis-a.akamaized.net/coub_storage/coub/simple/cw_file/fdfc5fe47fc/e85c2ad6579b3c991b628/muted_mp4_med_size_1574196152_muted_med.mp4","audio":["https://coub-anubis-a.akamaized.net/coub_storage/coub/simple/cw_looped_audio_med/5a27b84a1a5/3f955bafb205ad67ea5c8/1605679457_med_1553334530_med.mp3"]},"share":{"default":"https://coub-anubis-a.akamaized.net/coub_storage/coub/simple/cw_video_for_sharing/20416ff7567/814a1e080cbef79684e4b/1608449705_looped_1608449704.mp4"}},"audio_versions":{"template":"https://coub-anubis-a.akamaized.net/coub_storage/audio_track/cw_file/3a7d71b065f/6977eb98cce06efba4849/mid_1553334464_1f25mzz_edited.mp3","versions":["mid","low"]},"image_versions":{"template":"https://coub-anubis-a.akamaized.net/coub_storage/coub/simple/cw_image/dc82186e264/1f85b5e4f9628166f2379/1553334562_00018.jpg","versions":["micro","tiny","age_restricted","ios_large","ios_mosaic","big","med","small","pinterest"]},"first_frame_versions":{"template":"https://coub-anubis-a.akamaized.net/coub_storage/coub/simple/cw_timeline_pic/3fb5b4bc3fa/fad90101347b309c97159/%{version}_1553334561_image.jpg","versions":["big","med","small","ios_large"]},"dimensions":{"big":[1280,720],"med":[640,360]},"site_w_h":[640,360],"page_w_h":[640,360],"site_w_h_small":[310,174],"size":[1280,720],"age_restricted":false,"age_restricted_by_admin":false,"not_safe_for_work":false,"allow_reuse":false,"dont_crop":false,"banned":false,"global_safe":true,"audio_file_url":"https://coub-anubis-a.akamaized.net/coub_storage/audio_track/cw_file/3a7d71b065f/6977eb98cce06efba4849/low_1553334464_1f25mzz_edited.mp3","external_download":false,"application":null,"channel":{"id":3942684,"permalink":"lightsuknolux","title":"Light Sukno Lux ","description":"#Light Sukno Lux","followers_count":171,"following_count":45,"avatar_versions":{"template":"https://coub-anubis-a.akamaized.net/coub_storage/channel/cw_avatar/964fdb24882/2fd6cbd88a72ab46eae55/%{version}_1607700736_un7cmz_1521798393_LogoLSL.jpg","versions":["medium","medium_2x","profile_pic","profile_pic_new","profile_pic_new_2x","tiny","tiny_2x","small","small_2x","ios_large","ios_small"]}},"file":null,"picture":"https://coub-anubis-a.akamaized.net/coub_storage/coub/simple/cw_image/dc82186e264/1f85b5e4f9628166f2379/1553334562_00018.jpg","timeline_picture":"https://coub-anubis-a.akamaized.net/coub_storage/coub/simple/cw_timeline_pic/3fb5b4bc3fa/fad90101347b309c97159/ios_large_1553334561_image.jpg","small_picture":"https://coub-anubis-a.akamaized.net/coub_storage/coub/simple/cw_image/dc82186e264/1f85b5e4f9628166f2379/1553334562_00018.jpg","sharing_picture":null,"percent_done":100,"tags":[{"id":641486,"title":"russian hackers","value":"russian%20hackers"},{"id":607976,"title":"haker","value":"haker"},{"id":4591462,"title":"sun project - luna","value":"sun%20project%20-%20luna"},{"id":18718,"title":"luna","value":"luna"},{"id":668,"title":"russian","value":"russian"},{"id":30718,"title":"hack","value":"hack"},{"id":4312,"title":"banana","value":"banana"},{"id":5755,"title":"super","value":"super"},{"id":50,"title":"coub","value":"coub"},{"id":1781,"title":"new","value":"new"},{"id":4614,"title":"computer","value":"computer"},{"id":87641,"title":"re","value":"re"},{"id":627,"title":"recoub","value":"recoub"},{"id":2234,"title":"meme","value":"meme"},{"id":4532003,"title":"łįᶃℏţ ֆʉӄŋǿ ȴนჯ","value":"%C5%82%C4%AF%E1%B6%83%E2%84%8F%C5%A3%20%D6%86%CA%89%D3%84%C5%8B%C7%BF%20%C8%B4%E0%B8%99%E1%83%AF"},{"id":1750925,"title":"hacking in progress","value":"hacking%20in%20progress"},{"id":3519083,"title":"light sukno lux","value":"light%20sukno%20lux"}],"categories":[{"id":76,"title":"Science & Technology","permalink":"science-technology","subscriptions_count":10077188,"big_image_url":"https://coub-anubis-a.akamaized.net/coub_storage/category/cw_image/d7b917ae565/55b6fc9b6407f7099c088/big_1544622172_science.png","small_image_url":"https://coub-anubis-a.akamaized.net/coub_storage/category/cw_image/d7b917ae565/55b6fc9b6407f7099c088/small_1544622172_science.png","med_image_url":"https://coub-anubis-a.akamaized.net/coub_storage/category/cw_image/d7b917ae565/55b6fc9b6407f7099c088/med_1544622172_science.png","visible":true}],"communities":[{"id":76,"title":"Science & Technology","permalink":"science-technology","subscriptions_count":10077188,"big_image_url":"https://coub-anubis-a.akamaized.net/coub_storage/category/cw_image/d7b917ae565/55b6fc9b6407f7099c088/big_1544622172_science.png","small_image_url":"https://coub-anubis-a.akamaized.net/coub_storage/category/cw_image/d7b917ae565/55b6fc9b6407f7099c088/small_1544622172_science.png","med_image_url":"https://coub-anubis-a.akamaized.net/coub_storage/category/cw_image/d7b917ae565/55b6fc9b6407f7099c088/med_1544622172_science.png","i_subscribed":true,"community_notifications_enabled":null,"description":null}],"recoubs_count":64,"remixes_count":1,"likes_count":443,"dislikes_count":0,"raw_video_id":"","uploaded_by_ios_app":false,"uploaded_by_android_app":false,"media_blocks":{"uploaded_raw_videos":[],"external_raw_videos":[],"remixed_from_coubs":[{"id":28328454,"title":"Hakers","url":"https://coub.com/coubs/8j5ew/remix","image":"https://coub-anubis-a.akamaized.net/coub_storage/media_block/cw_image/8d395efefc0/42f17ce609b37a6ebdbd6/1537863564_1444464531_00018.jpg","image_retina":"https://coub-anubis-a.akamaized.net/coub_storage/media_block/cw_image/8d395efefc0/42f17ce609b37a6ebdbd6/1537863564_1444464531_00018.jpg","meta":{"duration":"5.56"},"duration":null,"coub_channel_title":"leprekon scandinavian","coub_channel_permalink":"leprekon-scandinavian","coub_views_count":818432,"coub_permalink":"8j5ew"}]},"raw_video_thumbnail_url":"","raw_video_title":"","video_block_banned":false,"duration":5.56,"promo_winner":false,"promo_winner_recoubers":null,"editorial_info":{},"promo_hint":null,"beeline_best_2014":null,"from_web_editor":true,"normalize_sound":false,"normalize_change_allowed":true,"best2015_addable":false,"ahmad_promo":null,"promo_data":null,"audio_copyright_claim":null,"ads_disabled":false,"is_safe_for_ads":true,"megafon_contents":[],"position_on_page":6},{"flag":null,"abuses":null,"recoubs_by_users_channels":null,"favourite":false,"promoted_id":null,"recoub":null,"like":null,"dislike":null,"reaction":null,"in_my_best2015":false,"id":88354360,"type":"Coub::Simple","permalink":"1g73ul","title":"Technology ⚙_⚙ ","visibility_type":"public","original_visibility_type":"public","channel_id":1852625,"created_at":"2018-10-16T14:00:21Z","updated_at":"2022-02-15T05:58:25Z","is_done":true,"views_count":64489,"cotd":null,"cotd_at":null,"visible_on_explore_root":false,"visible_on_explore":false,"featured":false,"published":true,"published_at":"2018-10-16T14:00:20Z","reversed":false,"from_editor_v2":true,"is_editable":true,"original_sound":false,"has_sound":false,"recoub_to":null,"file_versions":{"html5":{"video":{"higher":{"url":"https://coub-anubis-a.akamaized.net/coub_storage/coub/simple/cw_file/69d873d2e6e/87d7a6d8c7c67339c54a8/muted_mp4_huge_size_1573042696_muted_huge.mp4","size":2986205},"high":{"url":"https://coub-anubis-a.akamaized.net/coub_storage/coub/simple/cw_file/69d873d2e6e/87d7a6d8c7c67339c54a8/muted_mp4_big_size_1573042696_muted_big.mp4","size":2263532},"med":{"url":"https://coub-anubis-a.akamaized.net/coub_storage/coub/simple/cw_file/69d873d2e6e/87d7a6d8c7c67339c54a8/muted_mp4_med_size_1573042696_muted_med.mp4","size":667284}},"audio":{"high":{"url":"https://coub-anubis-a.akamaized.net/coub_storage/coub/simple/cw_looped_audio_high/2ee37a997e0/79f1ea889be11e5a31e34/1605602043_high_1539700613_high.mp3","size":5184676},"med":{"url":"https://coub-anubis-a.akamaized.net/coub_storage/coub/simple/cw_looped_audio_med/e06f9e2c502/964c90e9771d2696ae093/1605602043_med_1539700613_med.mp3","size":3725606}}},"mobile":{"video":"https://coub-anubis-a.akamaized.net/coub_storage/coub/simple/cw_file/69d873d2e6e/87d7a6d8c7c67339c54a8/muted_mp4_med_size_1573042696_muted_med.mp4","audio":["https://coub-anubis-a.akamaized.net/coub_storage/coub/simple/cw_looped_audio_med/e06f9e2c502/964c90e9771d2696ae093/1605602043_med_1539700613_med.mp3"]},"share":{"default":"https://coub-anubis-a.akamaized.net/coub_storage/coub/simple/cw_video_for_sharing/9d9ea7ce502/bb5a2ebbdccef55f5ce68/1629740682_looped_1629740680.mp4"}},"audio_versions":{"template":"https://coub-anubis-a.akamaized.net/coub_storage/audio_track/cw_normalized_copy/aa9df2851d9/ed884351166a5993955dd/mid_1539700597_normalized_1539700570_1v47zv2_edited.mp3","versions":["mid","low"]},"image_versions":{"template":"https://coub-anubis-a.akamaized.net/coub_storage/coub/simple/cw_image/f8ffea24ac7/c389141661429ad0baaac/1539700629_00031.jpg","versions":["micro","tiny","age_restricted","ios_large","ios_mosaic","big","med","small","pinterest"]},"first_frame_versions":{"template":"https://coub-anubis-a.akamaized.net/coub_storage/coub/simple/cw_timeline_pic/69848c541c9/478d02ab961ee9f523fb1/%{version}_1539700628_image.jpg","versions":["big","med","small","ios_large"]},"dimensions":{"big":[1280,720],"med":[640,360]},"site_w_h":[640,360],"page_w_h":[640,360],"site_w_h_small":[310,174],"size":[1280,720],"age_restricted":false,"age_restricted_by_admin":false,"not_safe_for_work":false,"allow_reuse":false,"dont_crop":false,"banned":false,"global_safe":true,"audio_file_url":"https://coub-anubis-a.akamaized.net/coub_storage/audio_track/cw_normalized_copy/aa9df2851d9/ed884351166a5993955dd/low_1539700597_normalized_1539700570_1v47zv2_edited.mp3","external_download":{"type":"Youtube","service_name":"YouTube","url":"https://www.youtube.com/watch?v=kHBcVlqpvZ8","has_embed":true},"application":null,"channel":{"id":1852625,"permalink":"zoomcoub","title":"Zoom","description":null,"followers_count":886,"following_count":96,"avatar_versions":{"template":"https://coub-anubis-a.akamaized.net/coub_storage/channel/cw_avatar/fd61b66eae6/69942b781e8d47c1aa704/%{version}_1607424739_5lb4gv_1587795376_AdTuN9v5MLhmG3OA-sJsBQ-removebg-preview.png","versions":["medium","medium_2x","profile_pic","profile_pic_new","profile_pic_new_2x","tiny","tiny_2x","small","small_2x","ios_large","ios_small"]}},"file":null,"picture":"https://coub-anubis-a.akamaized.net/coub_storage/coub/simple/cw_image/f8ffea24ac7/c389141661429ad0baaac/1539700629_00031.jpg","timeline_picture":"https://coub-anubis-a.akamaized.net/coub_storage/coub/simple/cw_timeline_pic/69848c541c9/478d02ab961ee9f523fb1/ios_large_1539700628_image.jpg","small_picture":"https://coub-anubis-a.akamaized.net/coub_storage/coub/simple/cw_image/f8ffea24ac7/c389141661429ad0baaac/1539700629_00031.jpg","sharing_picture":null,"percent_done":100,"tags":[{"id":239,"title":"robot","value":"robot"},{"id":25216,"title":"boston dynamics","value":"boston%20dynamics"},{"id":125,"title":"dancing","value":"dancing"},{"id":25213,"title":"legged locomotion","value":"legged%20locomotion"},{"id":632040,"title":"uptown funk","value":"uptown%20funk"},{"id":17780,"title":"venom","value":"venom"},{"id":3213,"title":"marvel","value":"marvel"},{"id":3686685,"title":"ilon musk","value":"ilon%20musk"},{"id":3011562,"title":"ilon mask","value":"ilon%20mask"},{"id":288831,"title":"spacex","value":"spacex"},{"id":248699,"title":"elon musk","value":"elon%20musk"},{"id":11770,"title":"nasa","value":"nasa"},{"id":175,"title":"usa","value":"usa"},{"id":121671,"title":"russa","value":"russa"},{"id":5648,"title":"europe","value":"europe"},{"id":110911,"title":"hard play","value":"hard%20play"},{"id":2423,"title":"pewdiepie","value":"pewdiepie"},{"id":6026,"title":"halloween","value":"halloween"},{"id":18200,"title":"technology","value":"technology"}],"categories":[{"id":76,"title":"Science & Technology","permalink":"science-technology","subscriptions_count":10077188,"big_image_url":"https://coub-anubis-a.akamaized.net/coub_storage/category/cw_image/d7b917ae565/55b6fc9b6407f7099c088/big_1544622172_science.png","small_image_url":"https://coub-anubis-a.akamaized.net/coub_storage/category/cw_image/d7b917ae565/55b6fc9b6407f7099c088/small_1544622172_science.png","med_image_url":"https://coub-anubis-a.akamaized.net/coub_storage/category/cw_image/d7b917ae565/55b6fc9b6407f7099c088/med_1544622172_science.png","visible":true}],"communities":[{"id":76,"title":"Science & Technology","permalink":"science-technology","subscriptions_count":10077188,"big_image_url":"https://coub-anubis-a.akamaized.net/coub_storage/category/cw_image/d7b917ae565/55b6fc9b6407f7099c088/big_1544622172_science.png","small_image_url":"https://coub-anubis-a.akamaized.net/coub_storage/category/cw_image/d7b917ae565/55b6fc9b6407f7099c088/small_1544622172_science.png","med_image_url":"https://coub-anubis-a.akamaized.net/coub_storage/category/cw_image/d7b917ae565/55b6fc9b6407f7099c088/med_1544622172_science.png","i_subscribed":true,"community_notifications_enabled":null,"description":null}],"recoubs_count":84,"remixes_count":0,"likes_count":443,"dislikes_count":0,"raw_video_id":12513573,"uploaded_by_ios_app":false,"uploaded_by_android_app":false,"media_blocks":{"uploaded_raw_videos":[],"external_raw_videos":[{"id":28653192,"title":"UpTown Spot","url":"https://www.youtube.com/watch?v=kHBcVlqpvZ8","image":"https://coub-anubis-a.akamaized.net/coub_storage/media_block/cw_image/bf2cbc9685b/dab8cfe6cb914a133516e/1539684510_19wy473_1539684498_l1kesp_att-url-download.jpg","image_retina":"https://coub-anubis-a.akamaized.net/coub_storage/media_block/cw_image/bf2cbc9685b/dab8cfe6cb914a133516e/1539684510_19wy473_1539684498_l1kesp_att-url-download.jpg","meta":{"service":"Youtube","duration":"68.48"},"duration":68.48,"raw_video_id":12538930,"has_embed":true},{"id":28581542,"title":"Parkour Atlas","url":"https://www.youtube.com/watch?v=LikxFZZO2sk","image":"https://coub-anubis-a.akamaized.net/coub_storage/media_block/cw_image/b3a9b4151f1/245d59413a09a017f4bc9/1539282337_1ci629i_1539282324_1iqwaol_att-url-download.jpg","image_retina":"https://coub-anubis-a.akamaized.net/coub_storage/media_block/cw_image/b3a9b4151f1/245d59413a09a017f4bc9/1539282337_1ci629i_1539282324_1iqwaol_att-url-download.jpg","meta":{"service":"Youtube","duration":"29.8"},"duration":29.8,"raw_video_id":12513573,"has_embed":true}],"remixed_from_coubs":[],"external_video":{"id":28653192,"title":"UpTown Spot","url":"https://www.youtube.com/watch?v=kHBcVlqpvZ8","image":"https://coub-anubis-a.akamaized.net/coub_storage/media_block/cw_image/bf2cbc9685b/dab8cfe6cb914a133516e/1539684510_19wy473_1539684498_l1kesp_att-url-download.jpg","image_retina":"https://coub-anubis-a.akamaized.net/coub_storage/media_block/cw_image/bf2cbc9685b/dab8cfe6cb914a133516e/1539684510_19wy473_1539684498_l1kesp_att-url-download.jpg","meta":{"service":"Youtube","duration":"68.48"},"duration":68.48,"raw_video_id":12538930,"has_embed":true}},"raw_video_thumbnail_url":"/missing/missing.png","raw_video_title":"Parkour Atlas","video_block_banned":false,"duration":9.68,"promo_winner":false,"promo_winner_recoubers":null,"editorial_info":{},"promo_hint":null,"beeline_best_2014":null,"from_web_editor":true,"normalize_sound":true,"normalize_change_allowed":true,"best2015_addable":false,"ahmad_promo":null,"promo_data":null,"audio_copyright_claim":null,"ads_disabled":false,"is_safe_for_ads":true,"megafon_contents":[],"position_on_page":7},{"flag":null,"abuses":null,"recoubs_by_users_channels":null,"favourite":false,"promoted_id":null,"recoub":null,"like":null,"dislike":null,"reaction":null,"in_my_best2015":false,"id":78434463,"type":"Coub::Simple","permalink":"1aahjk","title":"Hard Training","visibility_type":"public","original_visibility_type":"public","channel_id":4016014,"created_at":"2018-06-28T21:25:18Z","updated_at":"2022-03-06T08:44:59Z","is_done":true,"views_count":52159,"cotd":null,"cotd_at":null,"visible_on_explore_root":false,"visible_on_explore":false,"featured":false,"published":true,"published_at":"2018-06-28T21:25:18Z","reversed":false,"from_editor_v2":true,"is_editable":true,"original_sound":false,"has_sound":false,"recoub_to":null,"file_versions":{"html5":{"video":{"higher":{"url":"https://coub-anubis-a.akamaized.net/coub_storage/coub/simple/cw_file/a1b3654d78f/df001b39e3eba05560cde/muted_mp4_huge_size_1589653306_muted_huge.mp4","size":4264173},"high":{"url":"https://coub-anubis-a.akamaized.net/coub_storage/coub/simple/cw_file/a1b3654d78f/df001b39e3eba05560cde/muted_mp4_big_size_1589653306_muted_big.mp4","size":2928911},"med":{"url":"https://coub-anubis-a.akamaized.net/coub_storage/coub/simple/cw_file/a1b3654d78f/df001b39e3eba05560cde/muted_mp4_med_size_1589653306_muted_med.mp4","size":821920}},"audio":{"high":{"url":"https://coub-anubis-a.akamaized.net/coub_storage/coub/simple/cw_looped_audio_high/889b46c0705/f1f581c05494f84f57a1e/1605620671_high_1530221225_high.mp3","size":3776553},"med":{"url":"https://coub-anubis-a.akamaized.net/coub_storage/coub/simple/cw_looped_audio_med/9b79a946d3f/11b2ec7a4739a3ae97ee7/1605620670_med_1530221225_med.mp3","size":2886263}}},"mobile":{"video":"https://coub-anubis-a.akamaized.net/coub_storage/coub/simple/cw_file/a1b3654d78f/df001b39e3eba05560cde/muted_mp4_med_size_1589653306_muted_med.mp4","audio":["https://coub-anubis-a.akamaized.net/coub_storage/coub/simple/cw_looped_audio_med/9b79a946d3f/11b2ec7a4739a3ae97ee7/1605620670_med_1530221225_med.mp3"]},"share":{"default":"https://coub-anubis-a.akamaized.net/coub_storage/coub/simple/cw_video_for_sharing/6e2d7010526/868c69167585a0c36381f/1616690820_looped_1616690819.mp4"}},"audio_versions":{"template":"https://coub-anubis-a.akamaized.net/coub_storage/audio_track/cw_file/96b1f43558f/edb8ab8ede94450af4b6f/mid_1530221200_trshl9_edited.mp3","versions":["mid","low"]},"image_versions":{"template":"https://coub-anubis-a.akamaized.net/coub_storage/coub/simple/cw_image/5b01119d6e2/7fbe50e463f0ef323120f/1530221240_00028.jpg","versions":["micro","tiny","age_restricted","ios_large","ios_mosaic","big","med","small","pinterest"]},"first_frame_versions":{"template":"https://coub-anubis-a.akamaized.net/coub_storage/coub/simple/cw_timeline_pic/cb895a13dd6/06178eee73b3b85f76a47/%{version}_1530221239_image.jpg","versions":["big","med","small","ios_large"]},"dimensions":{"big":[1280,720],"med":[640,360]},"site_w_h":[640,360],"page_w_h":[640,360],"site_w_h_small":[310,174],"size":[1280,720],"age_restricted":false,"age_restricted_by_admin":false,"not_safe_for_work":false,"allow_reuse":false,"dont_crop":false,"banned":false,"global_safe":true,"audio_file_url":"https://coub-anubis-a.akamaized.net/coub_storage/audio_track/cw_file/96b1f43558f/edb8ab8ede94450af4b6f/low_1530221200_trshl9_edited.mp3","external_download":{"type":"Youtube","service_name":"YouTube","url":"http://www.youtube.com/watch?v=GIUNSx0tdfU","has_embed":true},"application":null,"channel":{"id":4016014,"permalink":"theufear88","title":"☹","description":null,"followers_count":2421,"following_count":18,"avatar_versions":{"template":"https://coub-anubis-a.akamaized.net/coub_storage/channel/cw_avatar/4ca1b14081e/5db80d82ae55bbc0f05ff/%{version}_1647267888_SzEJ35t26ZY.jpg","versions":["medium","medium_2x","profile_pic","profile_pic_new","profile_pic_new_2x","tiny","tiny_2x","small","small_2x","ios_large","ios_small"]}},"file":null,"picture":"https://coub-anubis-a.akamaized.net/coub_storage/coub/simple/cw_image/5b01119d6e2/7fbe50e463f0ef323120f/1530221240_00028.jpg","timeline_picture":"https://coub-anubis-a.akamaized.net/coub_storage/coub/simple/cw_timeline_pic/cb895a13dd6/06178eee73b3b85f76a47/ios_large_1530221239_image.jpg","small_picture":"https://coub-anubis-a.akamaized.net/coub_storage/coub/simple/cw_image/5b01119d6e2/7fbe50e463f0ef323120f/1530221240_00028.jpg","sharing_picture":null,"percent_done":100,"tags":[{"id":3543583,"title":"hard ingush","value":"hard%20ingush"},{"id":86,"title":"music","value":"music"},{"id":3553153,"title":"hawk88","value":"hawk88"},{"id":16101,"title":"military","value":"military"},{"id":6563,"title":"weapon","value":"weapon"},{"id":674279,"title":"special force","value":"special%20force"}],"categories":[{"id":76,"title":"Science & Technology","permalink":"science-technology","subscriptions_count":10077188,"big_image_url":"https://coub-anubis-a.akamaized.net/coub_storage/category/cw_image/d7b917ae565/55b6fc9b6407f7099c088/big_1544622172_science.png","small_image_url":"https://coub-anubis-a.akamaized.net/coub_storage/category/cw_image/d7b917ae565/55b6fc9b6407f7099c088/small_1544622172_science.png","med_image_url":"https://coub-anubis-a.akamaized.net/coub_storage/category/cw_image/d7b917ae565/55b6fc9b6407f7099c088/med_1544622172_science.png","visible":true}],"communities":[{"id":76,"title":"Science & Technology","permalink":"science-technology","subscriptions_count":10077188,"big_image_url":"https://coub-anubis-a.akamaized.net/coub_storage/category/cw_image/d7b917ae565/55b6fc9b6407f7099c088/big_1544622172_science.png","small_image_url":"https://coub-anubis-a.akamaized.net/coub_storage/category/cw_image/d7b917ae565/55b6fc9b6407f7099c088/small_1544622172_science.png","med_image_url":"https://coub-anubis-a.akamaized.net/coub_storage/category/cw_image/d7b917ae565/55b6fc9b6407f7099c088/med_1544622172_science.png","i_subscribed":true,"community_notifications_enabled":null,"description":null}],"recoubs_count":77,"remixes_count":0,"likes_count":443,"dislikes_count":0,"raw_video_id":11960563,"uploaded_by_ios_app":false,"uploaded_by_android_app":false,"media_blocks":{"uploaded_raw_videos":[],"external_raw_videos":[{"id":27079239,"title":"Hard Тактика","url":"https://www.youtube.com/watch?v=GIUNSx0tdfU","image":"https://coub-anubis-a.akamaized.net/coub_storage/media_block/cw_image/8880b56f93f/24d7dba37a7e3e3d535ad/1530190887_1530190870_itjfbn_att-url-download.jpg","image_retina":"https://coub-anubis-a.akamaized.net/coub_storage/media_block/cw_image/8880b56f93f/24d7dba37a7e3e3d535ad/1530190887_1530190870_itjfbn_att-url-download.jpg","meta":{"service":"Youtube","duration":"83.76"},"duration":83.76,"raw_video_id":11960563,"has_embed":true}],"remixed_from_coubs":[],"external_video":{"id":27079239,"title":"Hard Тактика","url":"https://www.youtube.com/watch?v=GIUNSx0tdfU","image":"https://coub-anubis-a.akamaized.net/coub_storage/media_block/cw_image/8880b56f93f/24d7dba37a7e3e3d535ad/1530190887_1530190870_itjfbn_att-url-download.jpg","image_retina":"https://coub-anubis-a.akamaized.net/coub_storage/media_block/cw_image/8880b56f93f/24d7dba37a7e3e3d535ad/1530190887_1530190870_itjfbn_att-url-download.jpg","meta":{"service":"Youtube","duration":"83.76"},"duration":83.76,"raw_video_id":11960563,"has_embed":true}},"raw_video_thumbnail_url":"/missing/missing.png","raw_video_title":"Hard Тактика","video_block_banned":false,"duration":8.8,"promo_winner":false,"promo_winner_recoubers":null,"editorial_info":{},"promo_hint":null,"beeline_best_2014":null,"from_web_editor":true,"normalize_sound":false,"normalize_change_allowed":true,"best2015_addable":false,"ahmad_promo":null,"promo_data":null,"audio_copyright_claim":null,"ads_disabled":false,"is_safe_for_ads":true,"megafon_contents":[],"position_on_page":8},{"flag":null,"abuses":null,"recoubs_by_users_channels":null,"favourite":false,"promoted_id":null,"recoub":null,"like":null,"dislike":null,"reaction":null,"in_my_best2015":false,"id":171944477,"type":"Coub::Simple","permalink":"2u0w3c","title":"Energia-Buran ","visibility_type":"public","original_visibility_type":"public","channel_id":7385075,"created_at":"2021-07-10T16:42:53Z","updated_at":"2022-03-15T20:22:58Z","is_done":true,"views_count":31223,"cotd":null,"cotd_at":null,"visible_on_explore_root":false,"visible_on_explore":false,"featured":false,"published":true,"published_at":"2021-07-10T16:42:53Z","reversed":false,"from_editor_v2":true,"is_editable":true,"original_sound":false,"has_sound":false,"recoub_to":null,"file_versions":{"html5":{"video":{"higher":{"url":"https://coub-anubis-a.akamaized.net/coub_storage/coub/simple/cw_file/b8bd40b7552/f80e73fd8afb47b1b1076/muted_mp4_huge_size_1625935491_muted_huge.mp4","size":2338995},"high":{"url":"https://coub-anubis-a.akamaized.net/coub_storage/coub/simple/cw_file/b8bd40b7552/f80e73fd8afb47b1b1076/muted_mp4_big_size_1625935491_muted_big.mp4","size":1528754},"med":{"url":"https://coub-anubis-a.akamaized.net/coub_storage/coub/simple/cw_file/b8bd40b7552/f80e73fd8afb47b1b1076/muted_mp4_med_size_1625935491_muted_med.mp4","size":409684}},"audio":{"high":{"url":"https://coub-anubis-a.akamaized.net/coub_storage/coub/simple/cw_looped_audio_high/ca8ca9c9cd1/3283fc8637f874527a568/1625935536_mp3-high.mp3","size":4772039},"med":{"url":"https://coub-anubis-a.akamaized.net/coub_storage/coub/simple/cw_looped_audio_med/f23c5be3d25/9881b9190b64d7842c6e6/1625935533_mp3-med.mp3","size":3624564}}},"mobile":{"video":"https://coub-anubis-a.akamaized.net/coub_storage/coub/simple/cw_file/b8bd40b7552/f80e73fd8afb47b1b1076/muted_mp4_med_size_1625935491_muted_med.mp4","audio":["https://coub-anubis-a.akamaized.net/coub_storage/coub/simple/cw_looped_audio_med/f23c5be3d25/9881b9190b64d7842c6e6/1625935533_mp3-med.mp3"]},"share":{"default":"https://coub-anubis-a.akamaized.net/coub_storage/coub/simple/cw_video_for_sharing/073f36334c1/578aedf1435343dce206a/1625935569_looped_1625935568.mp4"}},"audio_versions":{"template":"https://coub-anubis-a.akamaized.net/coub_storage/audio_track/cw_normalized_copy/503c4af2458/95bd3483faa8b59162a77/mid_1625935518_normalized_1625935496_1m6c5ki_edited.mp3","versions":["mid","low"]},"image_versions":{"template":"https://coub-anubis-a.akamaized.net/coub_storage/coub/simple/cw_image/1c2613c472f/2a1ceece73c5399ab974a/%{version}_1625935542_00032.jpg","versions":["micro","tiny","age_restricted","ios_large","ios_mosaic","big","med","small","pinterest"]},"first_frame_versions":{"template":"https://coub-anubis-a.akamaized.net/coub_storage/coub/simple/cw_timeline_pic/ee96771b855/3f546c8b62a85629fb2ca/%{version}_1625935541_image.jpg","versions":["big","med","small","ios_large"]},"dimensions":{"big":[1280,720],"med":[640,360]},"site_w_h":[640,360],"page_w_h":[640,360],"site_w_h_small":[310,174],"size":[1280,720],"age_restricted":false,"age_restricted_by_admin":false,"not_safe_for_work":null,"allow_reuse":false,"dont_crop":true,"banned":false,"global_safe":null,"audio_file_url":"https://coub-anubis-a.akamaized.net/coub_storage/audio_track/cw_normalized_copy/503c4af2458/95bd3483faa8b59162a77/low_1625935518_normalized_1625935496_1m6c5ki_edited.mp3","external_download":{"type":"Youtube","service_name":"YouTube","url":"https://www.youtube.com/watch?v=nfOFFn7y84M","has_embed":true},"application":null,"channel":{"id":7385075,"permalink":"arm-couber","title":"ARM-Couber","description":null,"followers_count":8,"following_count":11,"avatar_versions":{"template":"https://coubsecureassets-a.akamaihd.net/assets/default-avatars/00-07f1c746d1c1b7de1eeec6aabd559ba433a9c3830ac3900a7cb128d38d743d90.png"}},"file":null,"picture":"https://coub-anubis-a.akamaized.net/coub_storage/coub/simple/cw_image/1c2613c472f/2a1ceece73c5399ab974a/med_1625935542_00032.jpg","timeline_picture":"https://coub-anubis-a.akamaized.net/coub_storage/coub/simple/cw_timeline_pic/ee96771b855/3f546c8b62a85629fb2ca/ios_large_1625935541_image.jpg","small_picture":"https://coub-anubis-a.akamaized.net/coub_storage/coub/simple/cw_image/1c2613c472f/2a1ceece73c5399ab974a/ios_mosaic_1625935542_00032.jpg","sharing_picture":null,"percent_done":100,"tags":[{"id":1349673,"title":"заброшенное","value":"%D0%B7%D0%B0%D0%B1%D1%80%D0%BE%D1%88%D0%B5%D0%BD%D0%BD%D0%BE%D0%B5"},{"id":29378,"title":"abandoned","value":"abandoned"},{"id":105741,"title":"постапокалипсис","value":"%D0%BF%D0%BE%D1%81%D1%82%D0%B0%D0%BF%D0%BE%D0%BA%D0%B0%D0%BB%D0%B8%D0%BF%D1%81%D0%B8%D1%81"},{"id":204311,"title":"urbex","value":"urbex"},{"id":320159,"title":"baikonur","value":"baikonur"},{"id":226997,"title":"байконур","value":"%D0%B1%D0%B0%D0%B9%D0%BA%D0%BE%D0%BD%D1%83%D1%80"},{"id":1083,"title":"казахстан","value":"%D0%BA%D0%B0%D0%B7%D0%B0%D1%85%D1%81%D1%82%D0%B0%D0%BD"},{"id":32674,"title":"kazakhstan","value":"kazakhstan"},{"id":237172,"title":"spaceport","value":"spaceport"},{"id":740660,"title":"cosmodrome","value":"cosmodrome"},{"id":226998,"title":"космодром","value":"%D0%BA%D0%BE%D1%81%D0%BC%D0%BE%D0%B4%D1%80%D0%BE%D0%BC"},{"id":3853,"title":"ссср","value":"%D1%81%D1%81%D1%81%D1%80"},{"id":2139,"title":"ussr","value":"ussr"},{"id":313304,"title":"hangar","value":"hangar"},{"id":94002,"title":"ангар","value":"%D0%B0%D0%BD%D0%B3%D0%B0%D1%80"},{"id":12574,"title":"энергия","value":"%D1%8D%D0%BD%D0%B5%D1%80%D0%B3%D0%B8%D1%8F"},{"id":480193,"title":"буран","value":"%D0%B1%D1%83%D1%80%D0%B0%D0%BD"},{"id":1186765,"title":"buran","value":"buran"},{"id":14382,"title":"soviet union","value":"soviet%20union"},{"id":29778,"title":"space shuttle","value":"space%20shuttle"},{"id":212645,"title":"шаттл","value":"%D1%88%D0%B0%D1%82%D1%82%D0%BB"},{"id":49157,"title":"spaceplane","value":"spaceplane"},{"id":119454,"title":"космический корабль","value":"%D0%BA%D0%BE%D1%81%D0%BC%D0%B8%D1%87%D0%B5%D1%81%D0%BA%D0%B8%D0%B9%20%D0%BA%D0%BE%D1%80%D0%B0%D0%B1%D0%BB%D1%8C"},{"id":3456559,"title":"мзк","value":"%D0%BC%D0%B7%D0%BA"},{"id":3456563,"title":"assembly and fueling complex","value":"assembly%20and%20fueling%20complex"},{"id":4489166,"title":"нинурта","value":"%D0%BD%D0%B8%D0%BD%D1%83%D1%80%D1%82%D0%B0"},{"id":4165370,"title":"ninurta","value":"ninurta"},{"id":1611562,"title":"transbordador","value":"transbordador"},{"id":5087135,"title":"부란 우주왕복선","value":"%EB%B6%80%EB%9E%80%20%EC%9A%B0%EC%A3%BC%EC%99%95%EB%B3%B5%EC%84%A0"},{"id":5087136,"title":"暴風雪號穿梭機","value":"%E6%9A%B4%E9%A2%A8%E9%9B%AA%E8%99%9F%E7%A9%BF%E6%A2%AD%E6%A9%9F"},{"id":3194638,"title":"ブラン","value":"%E3%83%96%E3%83%A9%E3%83%B3"},{"id":5087137,"title":"オービタ","value":"%E3%82%AA%E3%83%BC%E3%83%93%E3%82%BF"},{"id":5087128,"title":"荒果てた","value":"%E8%8D%92%E6%9E%9C%E3%81%A6%E3%81%9F"},{"id":5087129,"title":"مهجور","value":"%D9%85%D9%87%D8%AC%D9%88%D8%B1"},{"id":5087131,"title":"弃","value":"%E5%BC%83"},{"id":470508,"title":"verlassen","value":"verlassen"},{"id":1169973,"title":"廃墟","value":"%E5%BB%83%E5%A2%9F"},{"id":189458,"title":"post-apocalyptic","value":"post-apocalyptic"},{"id":311811,"title":"post apocalypse","value":"post%20apocalypse"},{"id":51226,"title":"decay","value":"decay"},{"id":5740246,"title":"dereliction","value":"dereliction"},{"id":141603,"title":"abandonment","value":"abandonment"},{"id":3483019,"title":"lost places","value":"lost%20places"},{"id":23835,"title":"exploring","value":"exploring"},{"id":6186655,"title":"بوران","value":"%D8%A8%D9%88%D8%B1%D8%A7%D9%86"},{"id":6186656,"title":"مكوك فضاء","value":"%D9%85%D9%83%D9%88%D9%83%20%D9%81%D8%B6%D8%A7%D8%A1"},{"id":151083,"title":"челнок","value":"%D1%87%D0%B5%D0%BB%D0%BD%D0%BE%D0%BA"},{"id":76153,"title":"energia","value":"energia"},{"id":755308,"title":"abandonado","value":"abandonado"}],"categories":[{"id":76,"title":"Science & Technology","permalink":"science-technology","subscriptions_count":10077188,"big_image_url":"https://coub-anubis-a.akamaized.net/coub_storage/category/cw_image/d7b917ae565/55b6fc9b6407f7099c088/big_1544622172_science.png","small_image_url":"https://coub-anubis-a.akamaized.net/coub_storage/category/cw_image/d7b917ae565/55b6fc9b6407f7099c088/small_1544622172_science.png","med_image_url":"https://coub-anubis-a.akamaized.net/coub_storage/category/cw_image/d7b917ae565/55b6fc9b6407f7099c088/med_1544622172_science.png","visible":true}],"communities":[{"id":76,"title":"Science & Technology","permalink":"science-technology","subscriptions_count":10077188,"big_image_url":"https://coub-anubis-a.akamaized.net/coub_storage/category/cw_image/d7b917ae565/55b6fc9b6407f7099c088/big_1544622172_science.png","small_image_url":"https://coub-anubis-a.akamaized.net/coub_storage/category/cw_image/d7b917ae565/55b6fc9b6407f7099c088/small_1544622172_science.png","med_image_url":"https://coub-anubis-a.akamaized.net/coub_storage/category/cw_image/d7b917ae565/55b6fc9b6407f7099c088/med_1544622172_science.png","i_subscribed":true,"community_notifications_enabled":null,"description":null}],"recoubs_count":90,"remixes_count":4,"likes_count":442,"dislikes_count":0,"raw_video_id":16214958,"uploaded_by_ios_app":false,"uploaded_by_android_app":false,"media_blocks":{"uploaded_raw_videos":[],"external_raw_videos":[{"id":38297892,"title":"Energia-Buran programme. Part 2.","url":"https://www.youtube.com/watch?v=nfOFFn7y84M","image":"https://coub-anubis-a.akamaized.net/coub_storage/media_block/cw_image/bdf4b5a319e/c57ffed99f250a7a46300/video_1614502485_1e99p3b_1614502408_1614502405_1q8kv81_att-url-download.webp","image_retina":"https://coub-anubis-a.akamaized.net/coub_storage/media_block/cw_image/bdf4b5a319e/c57ffed99f250a7a46300/video_retina_1614502485_1e99p3b_1614502408_1614502405_1q8kv81_att-url-download.webp","meta":{"service":"Youtube","duration":"355.84"},"duration":355.84,"raw_video_id":16214958,"has_embed":true}],"remixed_from_coubs":[],"external_video":{"id":38297892,"title":"Energia-Buran programme. Part 2.","url":"https://www.youtube.com/watch?v=nfOFFn7y84M","image":"https://coub-anubis-a.akamaized.net/coub_storage/media_block/cw_image/bdf4b5a319e/c57ffed99f250a7a46300/video_1614502485_1e99p3b_1614502408_1614502405_1q8kv81_att-url-download.webp","image_retina":"https://coub-anubis-a.akamaized.net/coub_storage/media_block/cw_image/bdf4b5a319e/c57ffed99f250a7a46300/video_retina_1614502485_1e99p3b_1614502408_1614502405_1q8kv81_att-url-download.webp","meta":{"service":"Youtube","duration":"355.84"},"duration":355.84,"raw_video_id":16214958,"has_embed":true}},"raw_video_thumbnail_url":"https://coub-anubis-a.akamaized.net/coub_storage/raw_video/cw_image/0ee708a173d/e767b6839d7d8d84a3725/coub_media_1614502408_1614502405_1q8kv81_att-url-download.webp","raw_video_title":"Energia-Buran programme. Part 2.","video_block_banned":false,"duration":9.96,"promo_winner":false,"promo_winner_recoubers":null,"editorial_info":{},"promo_hint":null,"beeline_best_2014":null,"from_web_editor":true,"normalize_sound":true,"normalize_change_allowed":true,"best2015_addable":false,"ahmad_promo":null,"promo_data":null,"audio_copyright_claim":null,"ads_disabled":null,"is_safe_for_ads":true,"megafon_contents":[],"position_on_page":9},{"flag":null,"abuses":null,"recoubs_by_users_channels":null,"favourite":false,"promoted_id":null,"recoub":null,"like":null,"dislike":null,"reaction":null,"in_my_best2015":false,"id":170896453,"type":"Coub::Simple","permalink":"2teffb","title":"отключение майнинг фермы","visibility_type":"public","original_visibility_type":"public","channel_id":1744953,"created_at":"2021-06-21T12:26:17Z","updated_at":"2022-03-02T13:13:28Z","is_done":true,"views_count":55243,"cotd":null,"cotd_at":null,"visible_on_explore_root":false,"visible_on_explore":false,"featured":false,"published":true,"published_at":"2021-06-21T12:26:17Z","reversed":false,"from_editor_v2":true,"is_editable":true,"original_sound":true,"has_sound":true,"recoub_to":null,"file_versions":{"html5":{"video":{"higher":{"url":"https://coub-anubis-a.akamaized.net/coub_storage/coub/simple/cw_file/55d337b101c/a61f2d935139df4a66a94/muted_mp4_huge_size_1624278382_muted_huge.mp4","size":1726662},"high":{"url":"https://coub-anubis-a.akamaized.net/coub_storage/coub/simple/cw_file/55d337b101c/a61f2d935139df4a66a94/muted_mp4_big_size_1624278382_muted_big.mp4","size":1011041},"med":{"url":"https://coub-anubis-a.akamaized.net/coub_storage/coub/simple/cw_file/55d337b101c/a61f2d935139df4a66a94/muted_mp4_med_size_1624278382_muted_med.mp4","size":334788}},"audio":{"high":{"url":"https://coub-anubis-a.akamaized.net/coub_storage/coub/simple/cw_looped_audio_high/066ea4f8c37/acd625a5654adce4590a3/1624278384_mp3-high.mp3","size":846689},"med":{"url":"https://coub-anubis-a.akamaized.net/coub_storage/coub/simple/cw_looped_audio_med/22a9d4f03f5/a7e60ce204652e42b6efd/1624278383_mp3-med.mp3","size":844955},"sample_duration":9.102}},"mobile":{"video":"https://coub-anubis-a.akamaized.net/coub_storage/coub/simple/cw_file/55d337b101c/a61f2d935139df4a66a94/muted_mp4_med_size_1624278382_muted_med.mp4","audio":["https://coub-anubis-a.akamaized.net/coub_storage/coub/simple/cw_looped_audio_med/22a9d4f03f5/a7e60ce204652e42b6efd/1624278383_mp3-med.mp3"]},"share":{"default":"https://coub-anubis-a.akamaized.net/coub_storage/coub/simple/cw_video_for_sharing/617874758e2/368d729e1077f5dee284a/1624278425_looped_1624278423.mp4"}},"audio_versions":{},"image_versions":{"template":"https://coub-anubis-a.akamaized.net/coub_storage/coub/simple/cw_image/407ab1b367b/1747f832612503fd4c8a8/%{version}_1624278389_00029.jpg","versions":["micro","tiny","age_restricted","ios_large","ios_mosaic","big","med","small","pinterest"]},"first_frame_versions":{"template":"https://coub-anubis-a.akamaized.net/coub_storage/coub/simple/cw_timeline_pic/eccc87f8e1d/e443226164c2efc6cf563/%{version}_1624278389_image.jpg","versions":["big","med","small","ios_large"]},"dimensions":{"big":[544,960],"med":[272,480]},"site_w_h":[227,400],"page_w_h":[400,706],"site_w_h_small":[310,547],"size":[544,960],"age_restricted":false,"age_restricted_by_admin":false,"not_safe_for_work":false,"allow_reuse":false,"dont_crop":true,"banned":false,"global_safe":null,"audio_file_url":null,"external_download":false,"application":null,"channel":{"id":1744953,"permalink":"immejiex","title":"Mejiex","description":null,"followers_count":256,"following_count":24,"avatar_versions":{"template":"https://coubsecureassets-a.akamaihd.net/assets/default-avatars/273-25383fd95f5da0be3d8f716a463af402c3ee0fce4f2638164c03ce8f69d1449b.png"}},"file":null,"picture":"https://coub-anubis-a.akamaized.net/coub_storage/coub/simple/cw_image/407ab1b367b/1747f832612503fd4c8a8/med_1624278389_00029.jpg","timeline_picture":"https://coub-anubis-a.akamaized.net/coub_storage/coub/simple/cw_timeline_pic/eccc87f8e1d/e443226164c2efc6cf563/ios_large_1624278389_image.jpg","small_picture":"https://coub-anubis-a.akamaized.net/coub_storage/coub/simple/cw_image/407ab1b367b/1747f832612503fd4c8a8/ios_mosaic_1624278389_00029.jpg","sharing_picture":null,"percent_done":100,"tags":[{"id":6367538,"title":"отключение майнинг фермы","value":"%D0%BE%D1%82%D0%BA%D0%BB%D1%8E%D1%87%D0%B5%D0%BD%D0%B8%D0%B5%20%D0%BC%D0%B0%D0%B9%D0%BD%D0%B8%D0%BD%D0%B3%20%D1%84%D0%B5%D1%80%D0%BC%D1%8B"}],"categories":[{"id":76,"title":"Science & Technology","permalink":"science-technology","subscriptions_count":10077188,"big_image_url":"https://coub-anubis-a.akamaized.net/coub_storage/category/cw_image/d7b917ae565/55b6fc9b6407f7099c088/big_1544622172_science.png","small_image_url":"https://coub-anubis-a.akamaized.net/coub_storage/category/cw_image/d7b917ae565/55b6fc9b6407f7099c088/small_1544622172_science.png","med_image_url":"https://coub-anubis-a.akamaized.net/coub_storage/category/cw_image/d7b917ae565/55b6fc9b6407f7099c088/med_1544622172_science.png","visible":true}],"communities":[{"id":76,"title":"Science & Technology","permalink":"science-technology","subscriptions_count":10077188,"big_image_url":"https://coub-anubis-a.akamaized.net/coub_storage/category/cw_image/d7b917ae565/55b6fc9b6407f7099c088/big_1544622172_science.png","small_image_url":"https://coub-anubis-a.akamaized.net/coub_storage/category/cw_image/d7b917ae565/55b6fc9b6407f7099c088/small_1544622172_science.png","med_image_url":"https://coub-anubis-a.akamaized.net/coub_storage/category/cw_image/d7b917ae565/55b6fc9b6407f7099c088/med_1544622172_science.png","i_subscribed":true,"community_notifications_enabled":null,"description":null}],"recoubs_count":67,"remixes_count":0,"likes_count":442,"dislikes_count":0,"raw_video_id":16546499,"uploaded_by_ios_app":false,"uploaded_by_android_app":false,"media_blocks":{"uploaded_raw_videos":[],"external_raw_videos":[],"remixed_from_coubs":[]},"raw_video_thumbnail_url":"https://coub-anubis-a.akamaized.net/coub_storage/raw_video/cw_image/58e4c805318/3ce2ad11c929624c10fe9/coub_media_1624278317_image.jpg","raw_video_title":"________________________.mp4","video_block_banned":false,"duration":9.04,"promo_winner":false,"promo_winner_recoubers":null,"editorial_info":{},"promo_hint":null,"beeline_best_2014":null,"from_web_editor":true,"normalize_sound":true,"normalize_change_allowed":true,"best2015_addable":false,"ahmad_promo":null,"promo_data":null,"audio_copyright_claim":null,"ads_disabled":false,"is_safe_for_ads":true,"megafon_contents":[],"position_on_page":10}]}