{"page":89,"per_page":10,"total_pages":500,"coubs":[{"flag":null,"abuses":null,"recoubs_by_users_channels":null,"favourite":false,"promoted_id":null,"recoub":null,"like":null,"dislike":null,"reaction":null,"in_my_best2015":false,"id":151931578,"type":"Coub::Simple","permalink":"2i3xwh","title":"Суп наварили!","visibility_type":"public","original_visibility_type":"public","channel_id":1873594,"created_at":"2020-08-17T09:33:38Z","updated_at":"2022-03-07T03:49:47Z","is_done":true,"views_count":179930,"cotd":null,"cotd_at":null,"visible_on_explore_root":false,"visible_on_explore":false,"featured":false,"published":true,"published_at":"2020-08-17T09:33:38Z","reversed":false,"from_editor_v2":true,"is_editable":true,"original_sound":false,"has_sound":false,"recoub_to":null,"file_versions":{"html5":{"video":{"higher":{"url":"https://coub-anubis-a.akamaized.net/coub_storage/coub/simple/cw_file/ea460b22c5c/0d5c024921fb83051dab4/muted_mp4_huge_size_1597656822_muted_huge.mp4","size":1619911},"high":{"url":"https://coub-anubis-a.akamaized.net/coub_storage/coub/simple/cw_file/ea460b22c5c/0d5c024921fb83051dab4/muted_mp4_big_size_1597656822_muted_big.mp4","size":984527},"med":{"url":"https://coub-anubis-a.akamaized.net/coub_storage/coub/simple/cw_file/ea460b22c5c/0d5c024921fb83051dab4/muted_mp4_med_size_1597656822_muted_med.mp4","size":316156}},"audio":{"high":{"url":"https://coub-anubis-a.akamaized.net/coub_storage/coub/simple/cw_looped_audio_high/9a95f7fa8ee/443efba155439d525f726/1607287060_high_1597656845_high.mp3","size":2238956},"med":{"url":"https://coub-anubis-a.akamaized.net/coub_storage/coub/simple/cw_looped_audio_med/37e209546df/da6742ed7427f9c29a6a1/1607287059_med_1597656845_med.mp3","size":1858568}}},"mobile":{"video":"https://coub-anubis-a.akamaized.net/coub_storage/coub/simple/cw_file/ea460b22c5c/0d5c024921fb83051dab4/muted_mp4_med_size_1597656822_muted_med.mp4","audio":["https://coub-anubis-a.akamaized.net/coub_storage/coub/simple/cw_looped_audio_med/37e209546df/da6742ed7427f9c29a6a1/1607287059_med_1597656845_med.mp3"]},"share":{"default":"https://coub-anubis-a.akamaized.net/coub_storage/coub/simple/cw_video_for_sharing/0606c5c7828/b33e7ffbf561e0394a850/1608499642_looped_1608499641.mp4"}},"audio_versions":{"template":"https://coub-anubis-a.akamaized.net/coub_storage/audio_track/cw_normalized_copy/d5b1e0a0561/cbd95347b54836e2f9e13/mid_1597656837_normalized_1597656825_1i8s3tr_edited.mp3","versions":["mid","low"]},"image_versions":{"template":"https://coub-anubis-a.akamaized.net/coub_storage/coub/simple/cw_image/e42a47f7efc/64b05b8c675cf07372aac/1597656855_00029.jpg","versions":["micro","tiny","age_restricted","ios_large","ios_mosaic","big","med","small","pinterest"]},"first_frame_versions":{"template":"https://coub-anubis-a.akamaized.net/coub_storage/coub/simple/cw_timeline_pic/56095da63f4/51feef23118f27d339326/%{version}_1597656854_image.jpg","versions":["big","med","small","ios_large"]},"dimensions":{"big":[538,960],"med":[268,480]},"site_w_h":[224,400],"page_w_h":[400,714],"site_w_h_small":[310,553],"size":[538,960],"age_restricted":false,"age_restricted_by_admin":false,"not_safe_for_work":false,"allow_reuse":false,"dont_crop":false,"banned":false,"global_safe":false,"audio_file_url":"https://coub-anubis-a.akamaized.net/coub_storage/audio_track/cw_normalized_copy/d5b1e0a0561/cbd95347b54836e2f9e13/low_1597656837_normalized_1597656825_1i8s3tr_edited.mp3","external_download":false,"application":null,"channel":{"id":1873594,"permalink":"maximmmx3","title":"MaXiMmmx3","description":null,"followers_count":95,"following_count":6,"avatar_versions":{"template":"https://coub-anubis-a.akamaized.net/coub_storage/channel/cw_avatar/08b32d794fa/65a7c1069bd7cdb94a06d/%{version}_1609681585_18ch0i6_1566882600_1_____1.jpg","versions":["medium","medium_2x","profile_pic","profile_pic_new","profile_pic_new_2x","tiny","tiny_2x","small","small_2x","ios_large","ios_small"]}},"file":null,"picture":"https://coub-anubis-a.akamaized.net/coub_storage/coub/simple/cw_image/e42a47f7efc/64b05b8c675cf07372aac/1597656855_00029.jpg","timeline_picture":"https://coub-anubis-a.akamaized.net/coub_storage/coub/simple/cw_timeline_pic/56095da63f4/51feef23118f27d339326/ios_large_1597656854_image.jpg","small_picture":"https://coub-anubis-a.akamaized.net/coub_storage/coub/simple/cw_image/e42a47f7efc/64b05b8c675cf07372aac/1597656855_00029.jpg","sharing_picture":null,"percent_done":100,"tags":[{"id":72735,"title":"sabaton","value":"sabaton"},{"id":74324,"title":"pan","value":"pan"},{"id":1305224,"title":"cooking by the book","value":"cooking%20by%20the%20book"},{"id":5844167,"title":"epic cooking","value":"epic%20cooking"},{"id":182223,"title":"primo victoria","value":"primo%20victoria"},{"id":127021,"title":"суп","value":"%D1%81%D1%83%D0%BF"},{"id":525746,"title":"суп наварили","value":"%D1%81%D1%83%D0%BF%20%D0%BD%D0%B0%D0%B2%D0%B0%D1%80%D0%B8%D0%BB%D0%B8"},{"id":2781225,"title":"ультрамарины","value":"%D1%83%D0%BB%D1%8C%D1%82%D1%80%D0%B0%D0%BC%D0%B0%D1%80%D0%B8%D0%BD%D1%8B"},{"id":76740,"title":"вархамер","value":"%D0%B2%D0%B0%D1%80%D1%85%D0%B0%D0%BC%D0%B5%D1%80"},{"id":18522,"title":"warhammer 40000","value":"warhammer%2040000"},{"id":15503,"title":"warhammer","value":"warhammer"}],"categories":[{"id":76,"title":"Science & Technology","permalink":"science-technology","subscriptions_count":10077188,"big_image_url":"https://coub-anubis-a.akamaized.net/coub_storage/category/cw_image/d7b917ae565/55b6fc9b6407f7099c088/big_1544622172_science.png","small_image_url":"https://coub-anubis-a.akamaized.net/coub_storage/category/cw_image/d7b917ae565/55b6fc9b6407f7099c088/small_1544622172_science.png","med_image_url":"https://coub-anubis-a.akamaized.net/coub_storage/category/cw_image/d7b917ae565/55b6fc9b6407f7099c088/med_1544622172_science.png","visible":true}],"communities":[{"id":76,"title":"Science & Technology","permalink":"science-technology","subscriptions_count":10077188,"big_image_url":"https://coub-anubis-a.akamaized.net/coub_storage/category/cw_image/d7b917ae565/55b6fc9b6407f7099c088/big_1544622172_science.png","small_image_url":"https://coub-anubis-a.akamaized.net/coub_storage/category/cw_image/d7b917ae565/55b6fc9b6407f7099c088/small_1544622172_science.png","med_image_url":"https://coub-anubis-a.akamaized.net/coub_storage/category/cw_image/d7b917ae565/55b6fc9b6407f7099c088/med_1544622172_science.png","i_subscribed":true,"community_notifications_enabled":null,"description":null}],"recoubs_count":512,"remixes_count":4,"likes_count":2703,"dislikes_count":0,"raw_video_id":"","uploaded_by_ios_app":false,"uploaded_by_android_app":false,"media_blocks":{"uploaded_raw_videos":[],"external_raw_videos":[],"remixed_from_coubs":[{"id":36690389,"title":"Primo Pan","url":"https://coub.com/coubs/2i27uc/remix","image":"https://coub-anubis-a.akamaized.net/coub_storage/media_block/cw_image/a707a259970/af617493b8a363ba46da9/1597558908_1mszuxe_1597558891_00029.jpg","image_retina":"https://coub-anubis-a.akamaized.net/coub_storage/media_block/cw_image/a707a259970/af617493b8a363ba46da9/1597558908_1mszuxe_1597558891_00029.jpg","meta":{"duration":"9.0"},"duration":null,"coub_channel_title":"BOLVERIN","coub_channel_permalink":"bolverin","coub_views_count":301290,"coub_permalink":"2i27uc"}]},"raw_video_thumbnail_url":"","raw_video_title":"","video_block_banned":false,"duration":8.96,"promo_winner":false,"promo_winner_recoubers":null,"editorial_info":{},"promo_hint":null,"beeline_best_2014":null,"from_web_editor":true,"normalize_sound":true,"normalize_change_allowed":true,"best2015_addable":false,"ahmad_promo":null,"promo_data":null,"audio_copyright_claim":null,"ads_disabled":false,"is_safe_for_ads":true,"megafon_contents":[],"position_on_page":1},{"flag":null,"abuses":null,"recoubs_by_users_channels":null,"favourite":false,"promoted_id":null,"recoub":null,"like":null,"dislike":null,"reaction":null,"in_my_best2015":false,"id":183550160,"type":"Coub::Simple","permalink":"30xuvf","title":"w4gdf","visibility_type":"public","original_visibility_type":"public","channel_id":7137089,"created_at":"2022-03-06T20:45:15Z","updated_at":"2022-03-16T05:46:44Z","is_done":true,"views_count":115374,"cotd":null,"cotd_at":null,"visible_on_explore_root":false,"visible_on_explore":false,"featured":false,"published":true,"published_at":"2022-03-06T20:45:15Z","reversed":false,"from_editor_v2":true,"is_editable":true,"original_sound":true,"has_sound":true,"recoub_to":null,"file_versions":{"html5":{"video":{"higher":{"url":"https://coub-anubis-a.akamaized.net/coub_storage/coub/simple/cw_file/eb095ef7469/8915d45ac48b36c9e12b0/muted_mp4_huge_size_1646599519_muted_huge.mp4","size":621832},"high":{"url":"https://coub-anubis-a.akamaized.net/coub_storage/coub/simple/cw_file/eb095ef7469/8915d45ac48b36c9e12b0/muted_mp4_big_size_1646599519_muted_big.mp4","size":376562},"med":{"url":"https://coub-anubis-a.akamaized.net/coub_storage/coub/simple/cw_file/eb095ef7469/8915d45ac48b36c9e12b0/muted_mp4_med_size_1646599519_muted_med.mp4","size":120106}},"audio":{"high":{"url":"https://coub-anubis-a.akamaized.net/coub_storage/coub/simple/cw_looped_audio_high/94be9f79d84/e2fc6cf063e498f7b5971/1646599521_mp3-high.mp3","size":932433},"med":{"url":"https://coub-anubis-a.akamaized.net/coub_storage/coub/simple/cw_looped_audio_med/afa0a231c0e/6440a20015a22b1e9382f/1646599520_mp3-med.mp3","size":910008},"sample_duration":4.899}},"mobile":{"video":"https://coub-anubis-a.akamaized.net/coub_storage/coub/simple/cw_file/eb095ef7469/8915d45ac48b36c9e12b0/muted_mp4_med_size_1646599519_muted_med.mp4","audio":["https://coub-anubis-a.akamaized.net/coub_storage/coub/simple/cw_looped_audio_med/afa0a231c0e/6440a20015a22b1e9382f/1646599520_mp3-med.mp3"]},"share":{"default":"https://coub-anubis-a.akamaized.net/coub_storage/coub/simple/cw_video_for_sharing/46f8831dd65/3417493333755a03f7260/1646599542_looped_1646599541.mp4"}},"audio_versions":{},"image_versions":{"template":"https://coub-anubis-a.akamaized.net/coub_storage/coub/simple/cw_image/e36cdfeb86b/358a0b6afcd6f8dd59121/%{version}_1646599525_00016.jpg","versions":["micro","tiny","age_restricted","ios_large","ios_mosaic","big","med","small","pinterest"]},"first_frame_versions":{"template":"https://coub-anubis-a.akamaized.net/coub_storage/coub/simple/cw_timeline_pic/ff2fb16b899/c0c59f30cb6d63400b1c8/%{version}_1646599525_image.jpg","versions":["big","med","small","ios_large"]},"dimensions":{"big":[1280,728],"med":[640,364]},"site_w_h":[640,364],"page_w_h":[640,364],"site_w_h_small":[310,176],"size":[1280,728],"age_restricted":false,"age_restricted_by_admin":false,"not_safe_for_work":null,"allow_reuse":false,"dont_crop":true,"banned":false,"global_safe":null,"audio_file_url":null,"external_download":false,"application":null,"channel":{"id":7137089,"permalink":"birdof.pray","title":"uns","description":null,"followers_count":18,"following_count":11,"avatar_versions":{"template":"https://coub-anubis-a.akamaized.net/coub_storage/channel/cw_avatar/5cee1c010a9/c5e784aec62ab48597315/%{version}_1607422374_c6gxjf_1566966492_21111.png","versions":["medium","medium_2x","profile_pic","profile_pic_new","profile_pic_new_2x","tiny","tiny_2x","small","small_2x","ios_large","ios_small"]}},"file":null,"picture":"https://coub-anubis-a.akamaized.net/coub_storage/coub/simple/cw_image/e36cdfeb86b/358a0b6afcd6f8dd59121/med_1646599525_00016.jpg","timeline_picture":"https://coub-anubis-a.akamaized.net/coub_storage/coub/simple/cw_timeline_pic/ff2fb16b899/c0c59f30cb6d63400b1c8/ios_large_1646599525_image.jpg","small_picture":"https://coub-anubis-a.akamaized.net/coub_storage/coub/simple/cw_image/e36cdfeb86b/358a0b6afcd6f8dd59121/ios_mosaic_1646599525_00016.jpg","sharing_picture":null,"percent_done":100,"tags":[],"categories":[{"id":76,"title":"Science & Technology","permalink":"science-technology","subscriptions_count":10077188,"big_image_url":"https://coub-anubis-a.akamaized.net/coub_storage/category/cw_image/d7b917ae565/55b6fc9b6407f7099c088/big_1544622172_science.png","small_image_url":"https://coub-anubis-a.akamaized.net/coub_storage/category/cw_image/d7b917ae565/55b6fc9b6407f7099c088/small_1544622172_science.png","med_image_url":"https://coub-anubis-a.akamaized.net/coub_storage/category/cw_image/d7b917ae565/55b6fc9b6407f7099c088/med_1544622172_science.png","visible":true}],"communities":[{"id":76,"title":"Science & Technology","permalink":"science-technology","subscriptions_count":10077188,"big_image_url":"https://coub-anubis-a.akamaized.net/coub_storage/category/cw_image/d7b917ae565/55b6fc9b6407f7099c088/big_1544622172_science.png","small_image_url":"https://coub-anubis-a.akamaized.net/coub_storage/category/cw_image/d7b917ae565/55b6fc9b6407f7099c088/small_1544622172_science.png","med_image_url":"https://coub-anubis-a.akamaized.net/coub_storage/category/cw_image/d7b917ae565/55b6fc9b6407f7099c088/med_1544622172_science.png","i_subscribed":true,"community_notifications_enabled":null,"description":null}],"recoubs_count":546,"remixes_count":0,"likes_count":2701,"dislikes_count":0,"raw_video_id":17175343,"uploaded_by_ios_app":false,"uploaded_by_android_app":false,"media_blocks":{"uploaded_raw_videos":[],"external_raw_videos":[],"remixed_from_coubs":[]},"raw_video_thumbnail_url":"https://coub-anubis-a.akamaized.net/coub_storage/raw_video/cw_image/3afe7db9e62/da6bd8bb55f6d6a3d1170/coub_media_1646599299_image.jpg","raw_video_title":"_yapfiles.ru.mp4.mp4","video_block_banned":false,"duration":4.88,"promo_winner":false,"promo_winner_recoubers":null,"editorial_info":{},"promo_hint":null,"beeline_best_2014":null,"from_web_editor":true,"normalize_sound":true,"normalize_change_allowed":true,"best2015_addable":false,"ahmad_promo":null,"promo_data":null,"audio_copyright_claim":null,"ads_disabled":null,"is_safe_for_ads":true,"megafon_contents":[],"position_on_page":2},{"flag":null,"abuses":null,"recoubs_by_users_channels":null,"favourite":false,"promoted_id":null,"recoub":null,"like":null,"dislike":null,"reaction":null,"in_my_best2015":false,"id":97166297,"type":"Coub::Simple","permalink":"1lfz8h","title":"Introducing WindowsPhone 95","visibility_type":"public","original_visibility_type":"public","channel_id":3937627,"created_at":"2019-01-07T15:35:21Z","updated_at":"2022-03-15T20:29:53Z","is_done":true,"views_count":168917,"cotd":null,"cotd_at":null,"visible_on_explore_root":false,"visible_on_explore":false,"featured":false,"published":true,"published_at":"2019-01-07T15:35:21Z","reversed":false,"from_editor_v2":true,"is_editable":true,"original_sound":false,"has_sound":false,"recoub_to":null,"file_versions":{"html5":{"video":{"higher":{"url":"https://coub-anubis-a.akamaized.net/coub_storage/coub/simple/cw_file/02ba0a72d27/fc77287768fef91123797/muted_mp4_huge_size_1569440860_muted_huge.mp4","size":1621967},"high":{"url":"https://coub-anubis-a.akamaized.net/coub_storage/coub/simple/cw_file/02ba0a72d27/fc77287768fef91123797/muted_mp4_big_size_1569440860_muted_big.mp4","size":1251945},"med":{"url":"https://coub-anubis-a.akamaized.net/coub_storage/coub/simple/cw_file/02ba0a72d27/fc77287768fef91123797/muted_mp4_med_size_1569440860_muted_med.mp4","size":332530}},"audio":{"high":{"url":"https://coub-anubis-a.akamaized.net/coub_storage/coub/simple/cw_looped_audio_high/24b3efb6b97/beb8c1dbb155084cc4e49/1605665600_high_1546875335_high.mp3","size":1476748},"med":{"url":"https://coub-anubis-a.akamaized.net/coub_storage/coub/simple/cw_looped_audio_med/59312d4878a/864594ab345c176d8c215/1605665600_med_1546875335_med.mp3","size":1142852}}},"mobile":{"video":"https://coub-anubis-a.akamaized.net/coub_storage/coub/simple/cw_file/02ba0a72d27/fc77287768fef91123797/muted_mp4_med_size_1569440860_muted_med.mp4","audio":["https://coub-anubis-a.akamaized.net/coub_storage/coub/simple/cw_looped_audio_med/59312d4878a/864594ab345c176d8c215/1605665600_med_1546875335_med.mp3"]},"share":{"default":"https://coub-anubis-a.akamaized.net/coub_storage/coub/simple/cw_video_for_sharing/a97334e37e2/aaf8b55ab7df27d5b3bdf/1613395553_looped_1613395553.mp4"}},"audio_versions":{"template":"https://coub-anubis-a.akamaized.net/coub_storage/audio_track/cw_file/6296c8534d7/43d7077ca062cb0555640/mid_1546875121_audio.mp3","versions":["mid","low"]},"image_versions":{"template":"https://coub-anubis-a.akamaized.net/coub_storage/coub/simple/cw_image/b03bb58c29c/91f053002d65b8e5da0c9/1546875343_00032.jpg","versions":["micro","tiny","age_restricted","ios_large","ios_mosaic","big","med","small","pinterest"]},"first_frame_versions":{"template":"https://coub-anubis-a.akamaized.net/coub_storage/coub/simple/cw_timeline_pic/b584f266e05/476a0bac06a89cbb29d39/%{version}_1546875342_image.jpg","versions":["big","med","small","ios_large"]},"dimensions":{"big":[1280,720],"med":[640,360]},"site_w_h":[640,360],"page_w_h":[640,360],"site_w_h_small":[310,174],"size":[1280,720],"age_restricted":false,"age_restricted_by_admin":false,"not_safe_for_work":false,"allow_reuse":false,"dont_crop":false,"banned":false,"global_safe":true,"audio_file_url":"https://coub-anubis-a.akamaized.net/coub_storage/audio_track/cw_file/6296c8534d7/43d7077ca062cb0555640/low_1546875121_audio.mp3","external_download":false,"application":null,"channel":{"id":3937627,"permalink":"dragon1708","title":"WindAsper","description":null,"followers_count":79,"following_count":10,"avatar_versions":{"template":"https://coub-anubis-a.akamaized.net/coub_storage/channel/cw_avatar/0283c8d0d60/9f0c5c49e1af4b2c593a9/%{version}_1607573940_1hfmgu5_1554822831_db580675942479.5c5b0bc64e62d.jpg","versions":["medium","medium_2x","profile_pic","profile_pic_new","profile_pic_new_2x","tiny","tiny_2x","small","small_2x","ios_large","ios_small"]}},"file":null,"picture":"https://coub-anubis-a.akamaized.net/coub_storage/coub/simple/cw_image/b03bb58c29c/91f053002d65b8e5da0c9/1546875343_00032.jpg","timeline_picture":"https://coub-anubis-a.akamaized.net/coub_storage/coub/simple/cw_timeline_pic/b584f266e05/476a0bac06a89cbb29d39/ios_large_1546875342_image.jpg","small_picture":"https://coub-anubis-a.akamaized.net/coub_storage/coub/simple/cw_image/b03bb58c29c/91f053002d65b8e5da0c9/1546875343_00032.jpg","sharing_picture":null,"percent_done":100,"tags":[{"id":920,"title":"windows","value":"windows"},{"id":369356,"title":"windows 95","value":"windows%2095"},{"id":10019,"title":"microsoft","value":"microsoft"},{"id":2710073,"title":"iphone x","value":"iphone%20x"}],"categories":[{"id":76,"title":"Science & Technology","permalink":"science-technology","subscriptions_count":10077188,"big_image_url":"https://coub-anubis-a.akamaized.net/coub_storage/category/cw_image/d7b917ae565/55b6fc9b6407f7099c088/big_1544622172_science.png","small_image_url":"https://coub-anubis-a.akamaized.net/coub_storage/category/cw_image/d7b917ae565/55b6fc9b6407f7099c088/small_1544622172_science.png","med_image_url":"https://coub-anubis-a.akamaized.net/coub_storage/category/cw_image/d7b917ae565/55b6fc9b6407f7099c088/med_1544622172_science.png","visible":true}],"communities":[{"id":76,"title":"Science & Technology","permalink":"science-technology","subscriptions_count":10077188,"big_image_url":"https://coub-anubis-a.akamaized.net/coub_storage/category/cw_image/d7b917ae565/55b6fc9b6407f7099c088/big_1544622172_science.png","small_image_url":"https://coub-anubis-a.akamaized.net/coub_storage/category/cw_image/d7b917ae565/55b6fc9b6407f7099c088/small_1544622172_science.png","med_image_url":"https://coub-anubis-a.akamaized.net/coub_storage/category/cw_image/d7b917ae565/55b6fc9b6407f7099c088/med_1544622172_science.png","i_subscribed":true,"community_notifications_enabled":null,"description":null}],"recoubs_count":533,"remixes_count":1,"likes_count":2697,"dislikes_count":0,"raw_video_id":12996502,"uploaded_by_ios_app":false,"uploaded_by_android_app":false,"media_blocks":{"uploaded_raw_videos":[],"external_raw_videos":[],"remixed_from_coubs":[]},"raw_video_thumbnail_url":"/missing/missing.png","raw_video_title":"Introducing_Windows_95_Mobile.mp4","video_block_banned":false,"duration":10.0,"promo_winner":false,"promo_winner_recoubers":null,"editorial_info":{},"promo_hint":null,"beeline_best_2014":null,"from_web_editor":true,"normalize_sound":false,"normalize_change_allowed":true,"best2015_addable":false,"ahmad_promo":null,"promo_data":null,"audio_copyright_claim":null,"ads_disabled":false,"is_safe_for_ads":true,"megafon_contents":[],"position_on_page":3},{"flag":null,"abuses":null,"recoubs_by_users_channels":null,"favourite":false,"promoted_id":null,"recoub":null,"like":null,"dislike":null,"reaction":null,"in_my_best2015":false,"id":153830446,"type":"Coub::Simple","permalink":"2j8n3h","title":"Красный свет идеально работает","visibility_type":"public","original_visibility_type":"public","channel_id":4618773,"created_at":"2020-09-14T15:09:07Z","updated_at":"2022-03-13T20:57:17Z","is_done":true,"views_count":186912,"cotd":null,"cotd_at":null,"visible_on_explore_root":false,"visible_on_explore":false,"featured":false,"published":true,"published_at":"2020-09-14T15:09:06Z","reversed":false,"from_editor_v2":true,"is_editable":true,"original_sound":true,"has_sound":true,"recoub_to":null,"file_versions":{"html5":{"video":{"higher":{"url":"https://coub-anubis-a.akamaized.net/coub_storage/coub/simple/cw_file/4c7776b00aa/7cefb646a3c5cd99c62ef/muted_mp4_huge_size_1600096157_muted_huge.mp4","size":917312},"high":{"url":"https://coub-anubis-a.akamaized.net/coub_storage/coub/simple/cw_file/4c7776b00aa/7cefb646a3c5cd99c62ef/muted_mp4_big_size_1600096157_muted_big.mp4","size":647661},"med":{"url":"https://coub-anubis-a.akamaized.net/coub_storage/coub/simple/cw_file/4c7776b00aa/7cefb646a3c5cd99c62ef/muted_mp4_med_size_1600096157_muted_med.mp4","size":160546}},"audio":{"high":{"url":"https://coub-anubis-a.akamaized.net/coub_storage/coub/simple/cw_looped_audio_high/98dcb6cdf2c/d3e11bde385ccc0ea180f/1607277659_high_1600096157_high.mp3","size":1166635},"med":{"url":"https://coub-anubis-a.akamaized.net/coub_storage/coub/simple/cw_looped_audio_med/7cf994749a9/d05002fe5c80289d870cc/1607277657_med_1600096157_med.mp3","size":878202},"sample_duration":9.172}},"mobile":{"video":"https://coub-anubis-a.akamaized.net/coub_storage/coub/simple/cw_file/4c7776b00aa/7cefb646a3c5cd99c62ef/muted_mp4_med_size_1600096157_muted_med.mp4","audio":["https://coub-anubis-a.akamaized.net/coub_storage/coub/simple/cw_looped_audio_med/7cf994749a9/d05002fe5c80289d870cc/1607277657_med_1600096157_med.mp3"]},"share":{"default":"https://coub-anubis-a.akamaized.net/coub_storage/coub/simple/cw_video_for_sharing/7cc2480eb95/811547a8273a0621248c1/1608218260_looped_1608218259.mp4"}},"audio_versions":{},"image_versions":{"template":"https://coub-anubis-a.akamaized.net/coub_storage/coub/simple/cw_image/682f2b060ee/e02cd627e7b57ee697699/1600096164_00029.jpg","versions":["micro","tiny","age_restricted","ios_large","ios_mosaic","big","med","small","pinterest"]},"first_frame_versions":{"template":"https://coub-anubis-a.akamaized.net/coub_storage/coub/simple/cw_timeline_pic/439cc1f723b/79e6fd7621979bbb99543/%{version}_1600096163_image.jpg","versions":["big","med","small","ios_large"]},"dimensions":{"big":[1280,720],"med":[640,360]},"site_w_h":[640,360],"page_w_h":[640,360],"site_w_h_small":[310,174],"size":[1280,720],"age_restricted":false,"age_restricted_by_admin":false,"not_safe_for_work":false,"allow_reuse":false,"dont_crop":false,"banned":false,"global_safe":false,"audio_file_url":null,"external_download":false,"application":null,"channel":{"id":4618773,"permalink":"eddi-morra","title":"Eddi_Morra","description":"Есть NZT — есть COUB","followers_count":324,"following_count":16,"avatar_versions":{"template":"https://coub-anubis-a.akamaized.net/coub_storage/channel/cw_avatar/7c523b2efff/f9d15037db2e00b26e260/%{version}_1607422667_g23rci_1599432924_-__1226_.jpg","versions":["medium","medium_2x","profile_pic","profile_pic_new","profile_pic_new_2x","tiny","tiny_2x","small","small_2x","ios_large","ios_small"]}},"file":null,"picture":"https://coub-anubis-a.akamaized.net/coub_storage/coub/simple/cw_image/682f2b060ee/e02cd627e7b57ee697699/1600096164_00029.jpg","timeline_picture":"https://coub-anubis-a.akamaized.net/coub_storage/coub/simple/cw_timeline_pic/439cc1f723b/79e6fd7621979bbb99543/ios_large_1600096163_image.jpg","small_picture":"https://coub-anubis-a.akamaized.net/coub_storage/coub/simple/cw_image/682f2b060ee/e02cd627e7b57ee697699/1600096164_00029.jpg","sharing_picture":null,"percent_done":100,"tags":[{"id":112518,"title":"топлес","value":"%D1%82%D0%BE%D0%BF%D0%BB%D0%B5%D1%81"},{"id":1756968,"title":"ян топлес","value":"%D1%8F%D0%BD%20%D1%82%D0%BE%D0%BF%D0%BB%D0%B5%D1%81"},{"id":370489,"title":"ян лапотков","value":"%D1%8F%D0%BD%20%D0%BB%D0%B0%D0%BF%D0%BE%D1%82%D0%BA%D0%BE%D0%B2"},{"id":917629,"title":"лапотков","value":"%D0%BB%D0%B0%D0%BF%D0%BE%D1%82%D0%BA%D0%BE%D0%B2"},{"id":5896684,"title":"всё не так с дорожным движением","value":"%D0%B2%D1%81%D1%91%20%D0%BD%D0%B5%20%D1%82%D0%B0%D0%BA%20%D1%81%20%D0%B4%D0%BE%D1%80%D0%BE%D0%B6%D0%BD%D1%8B%D0%BC%20%D0%B4%D0%B2%D0%B8%D0%B6%D0%B5%D0%BD%D0%B8%D0%B5%D0%BC"},{"id":28443,"title":"светофор","value":"%D1%81%D0%B2%D0%B5%D1%82%D0%BE%D1%84%D0%BE%D1%80"},{"id":21051,"title":"свет","value":"%D1%81%D0%B2%D0%B5%D1%82"},{"id":155497,"title":"красный свет","value":"%D0%BA%D1%80%D0%B0%D1%81%D0%BD%D1%8B%D0%B9%20%D1%81%D0%B2%D0%B5%D1%82"},{"id":2079,"title":"красный","value":"%D0%BA%D1%80%D0%B0%D1%81%D0%BD%D1%8B%D0%B9"},{"id":5896727,"title":"желтый свет","value":"%D0%B6%D0%B5%D0%BB%D1%82%D1%8B%D0%B9%20%D1%81%D0%B2%D0%B5%D1%82"},{"id":59233,"title":"желтый","value":"%D0%B6%D0%B5%D0%BB%D1%82%D1%8B%D0%B9"},{"id":998783,"title":"зеленый свет","value":"%D0%B7%D0%B5%D0%BB%D0%B5%D0%BD%D1%8B%D0%B9%20%D1%81%D0%B2%D0%B5%D1%82"},{"id":10226,"title":"зеленый","value":"%D0%B7%D0%B5%D0%BB%D0%B5%D0%BD%D1%8B%D0%B9"},{"id":750964,"title":"синий свет","value":"%D1%81%D0%B8%D0%BD%D0%B8%D0%B9%20%D1%81%D0%B2%D0%B5%D1%82"},{"id":47373,"title":"синий","value":"%D1%81%D0%B8%D0%BD%D0%B8%D0%B9"},{"id":5896728,"title":"почему именно красный свет","value":"%D0%BF%D0%BE%D1%87%D0%B5%D0%BC%D1%83%20%D0%B8%D0%BC%D0%B5%D0%BD%D0%BD%D0%BE%20%D0%BA%D1%80%D0%B0%D1%81%D0%BD%D1%8B%D0%B9%20%D1%81%D0%B2%D0%B5%D1%82"},{"id":5896729,"title":"длина волны","value":"%D0%B4%D0%BB%D0%B8%D0%BD%D0%B0%20%D0%B2%D0%BE%D0%BB%D0%BD%D1%8B"},{"id":433525,"title":"длина","value":"%D0%B4%D0%BB%D0%B8%D0%BD%D0%B0"},{"id":39259,"title":"физика","value":"%D1%84%D0%B8%D0%B7%D0%B8%D0%BA%D0%B0"},{"id":5896730,"title":"виден издалека","value":"%D0%B2%D0%B8%D0%B4%D0%B5%D0%BD%20%D0%B8%D0%B7%D0%B4%D0%B0%D0%BB%D0%B5%D0%BA%D0%B0"},{"id":5896731,"title":"меньше рассеивается","value":"%D0%BC%D0%B5%D0%BD%D1%8C%D1%88%D0%B5%20%D1%80%D0%B0%D1%81%D1%81%D0%B5%D0%B8%D0%B2%D0%B0%D0%B5%D1%82%D1%81%D1%8F"},{"id":5748668,"title":"рассеивание","value":"%D1%80%D0%B0%D1%81%D1%81%D0%B5%D0%B8%D0%B2%D0%B0%D0%BD%D0%B8%D0%B5"},{"id":1254,"title":"поезд","value":"%D0%BF%D0%BE%D0%B5%D0%B7%D0%B4"},{"id":821860,"title":"видимость","value":"%D0%B2%D0%B8%D0%B4%D0%B8%D0%BC%D0%BE%D1%81%D1%82%D1%8C"},{"id":58924,"title":"машинист","value":"%D0%BC%D0%B0%D1%88%D0%B8%D0%BD%D0%B8%D1%81%D1%82"},{"id":329267,"title":"тормозной путь","value":"%D1%82%D0%BE%D1%80%D0%BC%D0%BE%D0%B7%D0%BD%D0%BE%D0%B9%20%D0%BF%D1%83%D1%82%D1%8C"},{"id":104121,"title":"остановка","value":"%D0%BE%D1%81%D1%82%D0%B0%D0%BD%D0%BE%D0%B2%D0%BA%D0%B0"},{"id":1072089,"title":"чувствительность","value":"%D1%87%D1%83%D0%B2%D1%81%D1%82%D0%B2%D0%B8%D1%82%D0%B5%D0%BB%D1%8C%D0%BD%D0%BE%D1%81%D1%82%D1%8C"},{"id":4658230,"title":"чувствительность глаза","value":"%D1%87%D1%83%D0%B2%D1%81%D1%82%D0%B2%D0%B8%D1%82%D0%B5%D0%BB%D1%8C%D0%BD%D0%BE%D1%81%D1%82%D1%8C%20%D0%B3%D0%BB%D0%B0%D0%B7%D0%B0"},{"id":483328,"title":"10 км","value":"10%20%D0%BA%D0%BC"},{"id":5896732,"title":"5 км","value":"5%20%D0%BA%D0%BC"},{"id":5896733,"title":"3 км","value":"3%20%D0%BA%D0%BC"},{"id":5896734,"title":"1.5 км","value":"1.5%20%D0%BA%D0%BC"},{"id":1255,"title":"дорога","value":"%D0%B4%D0%BE%D1%80%D0%BE%D0%B3%D0%B0"},{"id":17039,"title":"опасность","value":"%D0%BE%D0%BF%D0%B0%D1%81%D0%BD%D0%BE%D1%81%D1%82%D1%8C"},{"id":4599130,"title":"жд пути","value":"%D0%B6%D0%B4%20%D0%BF%D1%83%D1%82%D0%B8"},{"id":111576,"title":"пути","value":"%D0%BF%D1%83%D1%82%D0%B8"},{"id":5896735,"title":"красный свет идеально работает","value":"%D0%BA%D1%80%D0%B0%D1%81%D0%BD%D1%8B%D0%B9%20%D1%81%D0%B2%D0%B5%D1%82%20%D0%B8%D0%B4%D0%B5%D0%B0%D0%BB%D1%8C%D0%BD%D0%BE%20%D1%80%D0%B0%D0%B1%D0%BE%D1%82%D0%B0%D0%B5%D1%82"}],"categories":[{"id":76,"title":"Science & Technology","permalink":"science-technology","subscriptions_count":10077188,"big_image_url":"https://coub-anubis-a.akamaized.net/coub_storage/category/cw_image/d7b917ae565/55b6fc9b6407f7099c088/big_1544622172_science.png","small_image_url":"https://coub-anubis-a.akamaized.net/coub_storage/category/cw_image/d7b917ae565/55b6fc9b6407f7099c088/small_1544622172_science.png","med_image_url":"https://coub-anubis-a.akamaized.net/coub_storage/category/cw_image/d7b917ae565/55b6fc9b6407f7099c088/med_1544622172_science.png","visible":true}],"communities":[{"id":76,"title":"Science & Technology","permalink":"science-technology","subscriptions_count":10077188,"big_image_url":"https://coub-anubis-a.akamaized.net/coub_storage/category/cw_image/d7b917ae565/55b6fc9b6407f7099c088/big_1544622172_science.png","small_image_url":"https://coub-anubis-a.akamaized.net/coub_storage/category/cw_image/d7b917ae565/55b6fc9b6407f7099c088/small_1544622172_science.png","med_image_url":"https://coub-anubis-a.akamaized.net/coub_storage/category/cw_image/d7b917ae565/55b6fc9b6407f7099c088/med_1544622172_science.png","i_subscribed":true,"community_notifications_enabled":null,"description":null}],"recoubs_count":517,"remixes_count":0,"likes_count":2693,"dislikes_count":0,"raw_video_id":15669978,"uploaded_by_ios_app":false,"uploaded_by_android_app":false,"media_blocks":{"uploaded_raw_videos":[],"external_raw_videos":[],"remixed_from_coubs":[]},"raw_video_thumbnail_url":"/missing/missing.png","raw_video_title":"________________________________3.mp4","video_block_banned":false,"duration":9.16,"promo_winner":false,"promo_winner_recoubers":null,"editorial_info":{},"promo_hint":null,"beeline_best_2014":null,"from_web_editor":true,"normalize_sound":true,"normalize_change_allowed":true,"best2015_addable":false,"ahmad_promo":null,"promo_data":null,"audio_copyright_claim":null,"ads_disabled":false,"is_safe_for_ads":true,"megafon_contents":[],"position_on_page":4},{"flag":null,"abuses":null,"recoubs_by_users_channels":null,"favourite":false,"promoted_id":null,"recoub":null,"like":null,"dislike":null,"reaction":null,"in_my_best2015":false,"id":128708106,"type":"Coub::Simple","permalink":"2493cz","title":"Old School Builders","visibility_type":"public","original_visibility_type":"public","channel_id":3149466,"created_at":"2019-11-10T04:58:49Z","updated_at":"2022-03-09T20:02:31Z","is_done":true,"views_count":237790,"cotd":null,"cotd_at":null,"visible_on_explore_root":false,"visible_on_explore":false,"featured":false,"published":true,"published_at":"2019-11-10T04:58:49Z","reversed":false,"from_editor_v2":true,"is_editable":true,"original_sound":false,"has_sound":false,"recoub_to":null,"file_versions":{"html5":{"video":{"higher":{"url":"https://coub-anubis-a.akamaized.net/coub_storage/coub/simple/cw_file/35d756cd832/f45e9ac5cc2e5874fc1a7/muted_mp4_huge_size_1573361938_muted_huge.mp4","size":2957886},"high":{"url":"https://coub-anubis-a.akamaized.net/coub_storage/coub/simple/cw_file/35d756cd832/f45e9ac5cc2e5874fc1a7/muted_mp4_big_size_1573361938_muted_big.mp4","size":2074611},"med":{"url":"https://coub-anubis-a.akamaized.net/coub_storage/coub/simple/cw_file/35d756cd832/f45e9ac5cc2e5874fc1a7/muted_mp4_med_size_1573361938_muted_med.mp4","size":681285}},"audio":{"high":{"url":"https://coub-anubis-a.akamaized.net/coub_storage/coub/simple/cw_looped_audio_high/50b320a17bc/b679cc1ccc9face78d374/1605696647_high_1573361942_high.mp3","size":1246078},"med":{"url":"https://coub-anubis-a.akamaized.net/coub_storage/coub/simple/cw_looped_audio_med/84d778cb616/cc75c72059754f56e918e/1605696646_med_1573361942_med.mp3","size":954096}}},"mobile":{"video":"https://coub-anubis-a.akamaized.net/coub_storage/coub/simple/cw_file/35d756cd832/f45e9ac5cc2e5874fc1a7/muted_mp4_med_size_1573361938_muted_med.mp4","audio":["https://coub-anubis-a.akamaized.net/coub_storage/coub/simple/cw_looped_audio_med/84d778cb616/cc75c72059754f56e918e/1605696646_med_1573361942_med.mp3"]},"share":{"default":"https://coub-anubis-a.akamaized.net/coub_storage/coub/simple/cw_video_for_sharing/94e6a79c787/35e45c527b45f7085358f/1609501370_looped_1609501369.mp4"}},"audio_versions":{"template":"https://coub-anubis-a.akamaized.net/coub_storage/audio_track/cw_normalized_copy/29a901c29f2/4e34e9e8045c119c321f8/mid_1573361941_normalized_1573361939_hlpcio_edited.mp3","versions":["mid","low"]},"image_versions":{"template":"https://coub-anubis-a.akamaized.net/coub_storage/coub/simple/cw_image/a4b1f104110/e4e48dcc0c92700284a8b/1573361948_00032.jpg","versions":["micro","tiny","age_restricted","ios_large","ios_mosaic","big","med","small","pinterest"]},"first_frame_versions":{"template":"https://coub-anubis-a.akamaized.net/coub_storage/coub/simple/cw_timeline_pic/abd296048bf/b3f8d6f4bac3191af0ab5/%{version}_1573361948_image.jpg","versions":["big","med","small","ios_large"]},"dimensions":{"big":[1258,960],"med":[628,480]},"site_w_h":[640,488],"page_w_h":[640,488],"site_w_h_small":[310,237],"size":[1258,960],"age_restricted":false,"age_restricted_by_admin":false,"not_safe_for_work":false,"allow_reuse":false,"dont_crop":false,"banned":false,"global_safe":true,"audio_file_url":"https://coub-anubis-a.akamaized.net/coub_storage/audio_track/cw_normalized_copy/29a901c29f2/4e34e9e8045c119c321f8/low_1573361941_normalized_1573361939_hlpcio_edited.mp3","external_download":{"type":"Imgur","service_name":"Imgur","url":"https://imgur.com/gallery/6ZPTdHf","has_embed":false},"application":null,"channel":{"id":3149466,"permalink":"yourlife","title":"YOUR LIFE","description":"This is your life","followers_count":1122,"following_count":1,"avatar_versions":{"template":"https://coub-anubis-a.akamaized.net/coub_storage/channel/cw_avatar/2514ee51fe1/c50094f1dc12e04d1ec25/%{version}_1607419496_nx6s25_1546118736_EEEE.png","versions":["medium","medium_2x","profile_pic","profile_pic_new","profile_pic_new_2x","tiny","tiny_2x","small","small_2x","ios_large","ios_small"]}},"file":null,"picture":"https://coub-anubis-a.akamaized.net/coub_storage/coub/simple/cw_image/a4b1f104110/e4e48dcc0c92700284a8b/1573361948_00032.jpg","timeline_picture":"https://coub-anubis-a.akamaized.net/coub_storage/coub/simple/cw_timeline_pic/abd296048bf/b3f8d6f4bac3191af0ab5/ios_large_1573361948_image.jpg","small_picture":"https://coub-anubis-a.akamaized.net/coub_storage/coub/simple/cw_image/a4b1f104110/e4e48dcc0c92700284a8b/1573361948_00032.jpg","sharing_picture":null,"percent_done":100,"tags":[{"id":153409,"title":"builders","value":"builders"},{"id":65008,"title":"builder","value":"builder"},{"id":36859,"title":"dry","value":"dry"},{"id":709279,"title":"waller","value":"waller"},{"id":4018,"title":"wall","value":"wall"},{"id":75440,"title":"стена","value":"%D1%81%D1%82%D0%B5%D0%BD%D0%B0"},{"id":9786,"title":"строитель","value":"%D1%81%D1%82%D1%80%D0%BE%D0%B8%D1%82%D0%B5%D0%BB%D1%8C"},{"id":68854,"title":"строительство","value":"%D1%81%D1%82%D1%80%D0%BE%D0%B8%D1%82%D0%B5%D0%BB%D1%8C%D1%81%D1%82%D0%B2%D0%BE"},{"id":83172,"title":"строители","value":"%D1%81%D1%82%D1%80%D0%BE%D0%B8%D1%82%D0%B5%D0%BB%D0%B8"},{"id":201963,"title":"старая школа","value":"%D1%81%D1%82%D0%B0%D1%80%D0%B0%D1%8F%20%D1%88%D0%BA%D0%BE%D0%BB%D0%B0"},{"id":22941,"title":"old school","value":"old%20school"},{"id":3310573,"title":"строитель 80 уровня","value":"%D1%81%D1%82%D1%80%D0%BE%D0%B8%D1%82%D0%B5%D0%BB%D1%8C%2080%20%D1%83%D1%80%D0%BE%D0%B2%D0%BD%D1%8F"},{"id":226875,"title":"80 уровень","value":"80%20%D1%83%D1%80%D0%BE%D0%B2%D0%B5%D0%BD%D1%8C"},{"id":1653624,"title":"80 левел","value":"80%20%D0%BB%D0%B5%D0%B2%D0%B5%D0%BB"},{"id":216425,"title":"80 lvl","value":"80%20lvl"},{"id":747810,"title":"80 level","value":"80%20level"}],"categories":[{"id":76,"title":"Science & Technology","permalink":"science-technology","subscriptions_count":10077188,"big_image_url":"https://coub-anubis-a.akamaized.net/coub_storage/category/cw_image/d7b917ae565/55b6fc9b6407f7099c088/big_1544622172_science.png","small_image_url":"https://coub-anubis-a.akamaized.net/coub_storage/category/cw_image/d7b917ae565/55b6fc9b6407f7099c088/small_1544622172_science.png","med_image_url":"https://coub-anubis-a.akamaized.net/coub_storage/category/cw_image/d7b917ae565/55b6fc9b6407f7099c088/med_1544622172_science.png","visible":true}],"communities":[{"id":76,"title":"Science & Technology","permalink":"science-technology","subscriptions_count":10077188,"big_image_url":"https://coub-anubis-a.akamaized.net/coub_storage/category/cw_image/d7b917ae565/55b6fc9b6407f7099c088/big_1544622172_science.png","small_image_url":"https://coub-anubis-a.akamaized.net/coub_storage/category/cw_image/d7b917ae565/55b6fc9b6407f7099c088/small_1544622172_science.png","med_image_url":"https://coub-anubis-a.akamaized.net/coub_storage/category/cw_image/d7b917ae565/55b6fc9b6407f7099c088/med_1544622172_science.png","i_subscribed":true,"community_notifications_enabled":null,"description":null}],"recoubs_count":527,"remixes_count":0,"likes_count":2693,"dislikes_count":0,"raw_video_id":14447467,"uploaded_by_ios_app":false,"uploaded_by_android_app":false,"media_blocks":{"uploaded_raw_videos":[],"external_raw_videos":[{"id":33828103,"title":"Watching an old school dry waller","url":"https://imgur.com/gallery/6ZPTdHf","image":"https://coub-anubis-a.akamaized.net/coub_storage/media_block/cw_image/3d5fb203954/5cf98f71fd2fc2af5dac2/1573361333_7hss7p_1573361325_lh9h69_att-url-download.jpg_fbplay","image_retina":"https://coub-anubis-a.akamaized.net/coub_storage/media_block/cw_image/3d5fb203954/5cf98f71fd2fc2af5dac2/1573361333_7hss7p_1573361325_lh9h69_att-url-download.jpg_fbplay","meta":{"service":"Imgur","duration":"55.88"},"duration":55.88,"raw_video_id":14447467,"has_embed":false}],"remixed_from_coubs":[],"external_video":{"id":33828103,"title":"Watching an old school dry waller","url":"https://imgur.com/gallery/6ZPTdHf","image":"https://coub-anubis-a.akamaized.net/coub_storage/media_block/cw_image/3d5fb203954/5cf98f71fd2fc2af5dac2/1573361333_7hss7p_1573361325_lh9h69_att-url-download.jpg_fbplay","image_retina":"https://coub-anubis-a.akamaized.net/coub_storage/media_block/cw_image/3d5fb203954/5cf98f71fd2fc2af5dac2/1573361333_7hss7p_1573361325_lh9h69_att-url-download.jpg_fbplay","meta":{"service":"Imgur","duration":"55.88"},"duration":55.88,"raw_video_id":14447467,"has_embed":false}},"raw_video_thumbnail_url":"/missing/missing.png","raw_video_title":"Watching an old school dry waller","video_block_banned":false,"duration":10.04,"promo_winner":false,"promo_winner_recoubers":null,"editorial_info":{},"promo_hint":null,"beeline_best_2014":null,"from_web_editor":true,"normalize_sound":true,"normalize_change_allowed":true,"best2015_addable":false,"ahmad_promo":null,"promo_data":null,"audio_copyright_claim":null,"ads_disabled":false,"is_safe_for_ads":true,"megafon_contents":[],"position_on_page":5},{"flag":null,"abuses":null,"recoubs_by_users_channels":null,"favourite":false,"promoted_id":null,"recoub":null,"like":null,"dislike":null,"reaction":null,"in_my_best2015":false,"id":87697412,"type":"Coub::Simple","permalink":"1ft0xt","title":"action camera","visibility_type":"public","original_visibility_type":"public","channel_id":4708755,"created_at":"2018-10-09T20:40:53Z","updated_at":"2022-03-14T16:49:33Z","is_done":true,"views_count":257777,"cotd":null,"cotd_at":null,"visible_on_explore_root":true,"visible_on_explore":true,"featured":true,"published":true,"published_at":"2018-10-09T20:40:53Z","reversed":false,"from_editor_v2":true,"is_editable":true,"original_sound":false,"has_sound":false,"recoub_to":null,"file_versions":{"html5":{"video":{"higher":{"url":"https://coub-anubis-a.akamaized.net/coub_storage/coub/simple/cw_file/ad45cc79fd4/13ddbc55000969621d262/muted_mp4_huge_size_1570864452_muted_huge.mp4","size":4188467},"high":{"url":"https://coub-anubis-a.akamaized.net/coub_storage/coub/simple/cw_file/ad45cc79fd4/13ddbc55000969621d262/muted_mp4_big_size_1570864452_muted_big.mp4","size":2833540},"med":{"url":"https://coub-anubis-a.akamaized.net/coub_storage/coub/simple/cw_file/ad45cc79fd4/13ddbc55000969621d262/muted_mp4_med_size_1570864452_muted_med.mp4","size":957892}},"audio":{"high":{"url":"https://coub-anubis-a.akamaized.net/coub_storage/coub/simple/cw_looped_audio_high/b8b4b3e8f9f/5a55e663b728cffa82c4c/1605604979_high_1539117735_high.mp3","size":3965052},"med":{"url":"https://coub-anubis-a.akamaized.net/coub_storage/coub/simple/cw_looped_audio_med/182f7db774d/b2a34fdaa5627586c7933/1605604979_med_1539117735_med.mp3","size":2857805}}},"mobile":{"video":"https://coub-anubis-a.akamaized.net/coub_storage/coub/simple/cw_file/ad45cc79fd4/13ddbc55000969621d262/muted_mp4_med_size_1570864452_muted_med.mp4","audio":["https://coub-anubis-a.akamaized.net/coub_storage/coub/simple/cw_looped_audio_med/182f7db774d/b2a34fdaa5627586c7933/1605604979_med_1539117735_med.mp3"]},"share":{"default":"https://coub-anubis-a.akamaized.net/coub_storage/coub/simple/cw_video_for_sharing/a8876ab3470/aed8cea4dd1fbca418d59/1625574201_looped_1625574200.mp4"}},"audio_versions":{"template":"https://coub-anubis-a.akamaized.net/coub_storage/audio_track/cw_normalized_copy/cedc9551350/b2e34312850c251e02fe1/mid_1539117723_normalized_1539117702_1o02mwt_edited.mp3","versions":["mid","low"]},"image_versions":{"template":"https://coub-anubis-a.akamaized.net/coub_storage/coub/simple/cw_image/315c06eee90/ccc27256aea7d4f731a2e/1539117750_00032.jpg","versions":["micro","tiny","age_restricted","ios_large","ios_mosaic","big","med","small","pinterest"]},"first_frame_versions":{"template":"https://coub-anubis-a.akamaized.net/coub_storage/coub/simple/cw_timeline_pic/fcb058e533d/c9b900b70954bb8b27e7b/%{version}_1539117750_image.jpg","versions":["big","med","small","ios_large"]},"dimensions":{"big":[1280,720],"med":[640,360]},"site_w_h":[640,360],"page_w_h":[640,360],"site_w_h_small":[310,174],"size":[1280,720],"age_restricted":false,"age_restricted_by_admin":false,"not_safe_for_work":false,"allow_reuse":false,"dont_crop":false,"banned":false,"global_safe":true,"audio_file_url":"https://coub-anubis-a.akamaized.net/coub_storage/audio_track/cw_normalized_copy/cedc9551350/b2e34312850c251e02fe1/low_1539117723_normalized_1539117702_1o02mwt_edited.mp3","external_download":{"type":"Vk","service_name":"Vk","url":"https://vk.com/video?z=video-63858240_170798430%2Fpl_cat_8","has_embed":false},"application":null,"channel":{"id":4708755,"permalink":"grayword","title":"Gray Word","description":"Thanks for 10kk","followers_count":809,"following_count":278,"avatar_versions":{"template":"https://coub-anubis-a.akamaized.net/coub_storage/channel/cw_avatar/22825931669/39dd7d19167d1db2972ba/%{version}_1609339287_160mige_1535316305_12.png","versions":["medium","medium_2x","profile_pic","profile_pic_new","profile_pic_new_2x","tiny","tiny_2x","small","small_2x","ios_large","ios_small"]}},"file":null,"picture":"https://coub-anubis-a.akamaized.net/coub_storage/coub/simple/cw_image/315c06eee90/ccc27256aea7d4f731a2e/1539117750_00032.jpg","timeline_picture":"https://coub-anubis-a.akamaized.net/coub_storage/coub/simple/cw_timeline_pic/fcb058e533d/c9b900b70954bb8b27e7b/ios_large_1539117750_image.jpg","small_picture":"https://coub-anubis-a.akamaized.net/coub_storage/coub/simple/cw_image/315c06eee90/ccc27256aea7d4f731a2e/1539117750_00032.jpg","sharing_picture":null,"percent_done":100,"tags":[],"categories":[{"id":76,"title":"Science & Technology","permalink":"science-technology","subscriptions_count":10077188,"big_image_url":"https://coub-anubis-a.akamaized.net/coub_storage/category/cw_image/d7b917ae565/55b6fc9b6407f7099c088/big_1544622172_science.png","small_image_url":"https://coub-anubis-a.akamaized.net/coub_storage/category/cw_image/d7b917ae565/55b6fc9b6407f7099c088/small_1544622172_science.png","med_image_url":"https://coub-anubis-a.akamaized.net/coub_storage/category/cw_image/d7b917ae565/55b6fc9b6407f7099c088/med_1544622172_science.png","visible":true}],"communities":[{"id":76,"title":"Science & Technology","permalink":"science-technology","subscriptions_count":10077188,"big_image_url":"https://coub-anubis-a.akamaized.net/coub_storage/category/cw_image/d7b917ae565/55b6fc9b6407f7099c088/big_1544622172_science.png","small_image_url":"https://coub-anubis-a.akamaized.net/coub_storage/category/cw_image/d7b917ae565/55b6fc9b6407f7099c088/small_1544622172_science.png","med_image_url":"https://coub-anubis-a.akamaized.net/coub_storage/category/cw_image/d7b917ae565/55b6fc9b6407f7099c088/med_1544622172_science.png","i_subscribed":true,"community_notifications_enabled":null,"description":null}],"recoubs_count":640,"remixes_count":0,"likes_count":2692,"dislikes_count":0,"raw_video_id":12503572,"uploaded_by_ios_app":false,"uploaded_by_android_app":false,"media_blocks":{"uploaded_raw_videos":[],"external_raw_videos":[{"id":28554165,"title":"Когда оператор знает свое дело","url":"https://vk.com/video-63858240_170798430","image":"https://coub-anubis-a.akamaized.net/coub_storage/media_block/cw_image/03f542f1685/0cfbddeef2e94bca0de4c/1539116413_o2bist_1539116395_bkwigf_att-url-download.jpg","image_retina":"https://coub-anubis-a.akamaized.net/coub_storage/media_block/cw_image/03f542f1685/0cfbddeef2e94bca0de4c/1539116413_o2bist_1539116395_bkwigf_att-url-download.jpg","meta":{"service":"Vk","duration":"73.68"},"duration":73.68,"raw_video_id":12503572,"has_embed":false}],"remixed_from_coubs":[],"external_video":{"id":28554165,"title":"Когда оператор знает свое дело","url":"https://vk.com/video-63858240_170798430","image":"https://coub-anubis-a.akamaized.net/coub_storage/media_block/cw_image/03f542f1685/0cfbddeef2e94bca0de4c/1539116413_o2bist_1539116395_bkwigf_att-url-download.jpg","image_retina":"https://coub-anubis-a.akamaized.net/coub_storage/media_block/cw_image/03f542f1685/0cfbddeef2e94bca0de4c/1539116413_o2bist_1539116395_bkwigf_att-url-download.jpg","meta":{"service":"Vk","duration":"73.68"},"duration":73.68,"raw_video_id":12503572,"has_embed":false}},"raw_video_thumbnail_url":"/missing/missing.png","raw_video_title":"Когда оператор знает свое дело","video_block_banned":false,"duration":9.92,"promo_winner":false,"promo_winner_recoubers":null,"editorial_info":{},"promo_hint":null,"beeline_best_2014":null,"from_web_editor":true,"normalize_sound":true,"normalize_change_allowed":true,"best2015_addable":false,"ahmad_promo":null,"promo_data":null,"audio_copyright_claim":null,"ads_disabled":false,"is_safe_for_ads":true,"megafon_contents":[],"position_on_page":6},{"flag":null,"abuses":null,"recoubs_by_users_channels":null,"favourite":false,"promoted_id":null,"recoub":null,"like":null,"dislike":null,"reaction":null,"in_my_best2015":false,"id":125857752,"type":"Coub::Simple","permalink":"22jl12","title":"Futurity","visibility_type":"public","original_visibility_type":"public","channel_id":5324413,"created_at":"2019-10-09T05:55:15Z","updated_at":"2022-03-09T08:18:17Z","is_done":true,"views_count":197663,"cotd":null,"cotd_at":null,"visible_on_explore_root":false,"visible_on_explore":false,"featured":false,"published":true,"published_at":"2019-10-09T05:55:15Z","reversed":false,"from_editor_v2":true,"is_editable":true,"original_sound":false,"has_sound":false,"recoub_to":null,"file_versions":{"html5":{"video":{"higher":{"url":"https://coub-anubis-a.akamaized.net/coub_storage/coub/simple/cw_file/6f3385d7ebe/198b5618f86ad0c5d658c/muted_mp4_huge_size_1570600520_muted_huge.mp4","size":1454203},"high":{"url":"https://coub-anubis-a.akamaized.net/coub_storage/coub/simple/cw_file/6f3385d7ebe/198b5618f86ad0c5d658c/muted_mp4_big_size_1570600520_muted_big.mp4","size":1008803},"med":{"url":"https://coub-anubis-a.akamaized.net/coub_storage/coub/simple/cw_file/6f3385d7ebe/198b5618f86ad0c5d658c/muted_mp4_med_size_1570600520_muted_med.mp4","size":305665}},"audio":{"high":{"url":"https://coub-anubis-a.akamaized.net/coub_storage/coub/simple/cw_looped_audio_high/ae37d0449c6/68fba629cb18a22fb4b76/1605693009_high_1570600560_high.mp3","size":4221596},"med":{"url":"https://coub-anubis-a.akamaized.net/coub_storage/coub/simple/cw_looped_audio_med/e7008155ae1/1809a5ebdc28a101b1190/1605693009_med_1570600560_med.mp3","size":3179443}}},"mobile":{"video":"https://coub-anubis-a.akamaized.net/coub_storage/coub/simple/cw_file/6f3385d7ebe/198b5618f86ad0c5d658c/muted_mp4_med_size_1570600520_muted_med.mp4","audio":["https://coub-anubis-a.akamaized.net/coub_storage/coub/simple/cw_looped_audio_med/e7008155ae1/1809a5ebdc28a101b1190/1605693009_med_1570600560_med.mp3"]},"share":{"default":"https://coub-anubis-a.akamaized.net/coub_storage/coub/simple/cw_video_for_sharing/35de1f552c4/081838d76bbfc4f0d8dc6/1608545802_looped_1608545802.mp4"}},"audio_versions":{"template":"https://coub-anubis-a.akamaized.net/coub_storage/audio_track/cw_normalized_copy/586fd3c6b5c/9e03e5525da4da307297e/mid_1570600547_normalized_1570600525_dbtwsw_edited.mp3","versions":["mid","low"]},"image_versions":{"template":"https://coub-anubis-a.akamaized.net/coub_storage/coub/simple/cw_image/3360b3a4fc3/c30a2ef37b928ebbd6f3b/1570600575_00032.jpg","versions":["micro","tiny","age_restricted","ios_large","ios_mosaic","big","med","small","pinterest"]},"first_frame_versions":{"template":"https://coub-anubis-a.akamaized.net/coub_storage/coub/simple/cw_timeline_pic/5b0f6d05241/747ff57179a0ec2462df0/%{version}_1570600575_image.jpg","versions":["big","med","small","ios_large"]},"dimensions":{"big":[660,960],"med":[330,480]},"site_w_h":[275,400],"page_w_h":[400,582],"site_w_h_small":[310,451],"size":[660,960],"age_restricted":false,"age_restricted_by_admin":false,"not_safe_for_work":false,"allow_reuse":false,"dont_crop":false,"banned":false,"global_safe":true,"audio_file_url":"https://coub-anubis-a.akamaized.net/coub_storage/audio_track/cw_normalized_copy/586fd3c6b5c/9e03e5525da4da307297e/low_1570600547_normalized_1570600525_dbtwsw_edited.mp3","external_download":false,"application":null,"channel":{"id":5324413,"permalink":"sekretmastera","title":"Sekretmastera","description":null,"followers_count":68,"following_count":14,"avatar_versions":{"template":"https://coub-anubis-a.akamaized.net/coub_storage/channel/cw_avatar/6ea87e5e489/bb4b1740d291c07851300/%{version}_1607631863_1d2g0ra_1550838578_roboto.png","versions":["medium","medium_2x","profile_pic","profile_pic_new","profile_pic_new_2x","tiny","tiny_2x","small","small_2x","ios_large","ios_small"]}},"file":null,"picture":"https://coub-anubis-a.akamaized.net/coub_storage/coub/simple/cw_image/3360b3a4fc3/c30a2ef37b928ebbd6f3b/1570600575_00032.jpg","timeline_picture":"https://coub-anubis-a.akamaized.net/coub_storage/coub/simple/cw_timeline_pic/5b0f6d05241/747ff57179a0ec2462df0/ios_large_1570600575_image.jpg","small_picture":"https://coub-anubis-a.akamaized.net/coub_storage/coub/simple/cw_image/3360b3a4fc3/c30a2ef37b928ebbd6f3b/1570600575_00032.jpg","sharing_picture":null,"percent_done":100,"tags":[{"id":414,"title":"future","value":"future"},{"id":50129,"title":"пылесос","value":"%D0%BF%D1%8B%D0%BB%D0%B5%D1%81%D0%BE%D1%81"},{"id":1137660,"title":"futurity","value":"futurity"},{"id":258897,"title":"future house","value":"future%20house"},{"id":2850,"title":"roomba","value":"roomba"},{"id":239,"title":"robot","value":"robot"},{"id":9891,"title":"vacuum cleaner","value":"vacuum%20cleaner"},{"id":5256203,"title":"vacuum cleaner roomba","value":"vacuum%20cleaner%20roomba"},{"id":5256204,"title":"jokes with rumba","value":"jokes%20with%20rumba"},{"id":10449,"title":"jokes","value":"jokes"}],"categories":[{"id":76,"title":"Science & Technology","permalink":"science-technology","subscriptions_count":10077188,"big_image_url":"https://coub-anubis-a.akamaized.net/coub_storage/category/cw_image/d7b917ae565/55b6fc9b6407f7099c088/big_1544622172_science.png","small_image_url":"https://coub-anubis-a.akamaized.net/coub_storage/category/cw_image/d7b917ae565/55b6fc9b6407f7099c088/small_1544622172_science.png","med_image_url":"https://coub-anubis-a.akamaized.net/coub_storage/category/cw_image/d7b917ae565/55b6fc9b6407f7099c088/med_1544622172_science.png","visible":true}],"communities":[{"id":76,"title":"Science & Technology","permalink":"science-technology","subscriptions_count":10077188,"big_image_url":"https://coub-anubis-a.akamaized.net/coub_storage/category/cw_image/d7b917ae565/55b6fc9b6407f7099c088/big_1544622172_science.png","small_image_url":"https://coub-anubis-a.akamaized.net/coub_storage/category/cw_image/d7b917ae565/55b6fc9b6407f7099c088/small_1544622172_science.png","med_image_url":"https://coub-anubis-a.akamaized.net/coub_storage/category/cw_image/d7b917ae565/55b6fc9b6407f7099c088/med_1544622172_science.png","i_subscribed":true,"community_notifications_enabled":null,"description":null}],"recoubs_count":474,"remixes_count":3,"likes_count":2680,"dislikes_count":0,"raw_video_id":"","uploaded_by_ios_app":false,"uploaded_by_android_app":false,"media_blocks":{"uploaded_raw_videos":[],"external_raw_videos":[],"remixed_from_coubs":[{"id":33489813,"title":"future","url":"https://coub.com/coubs/22iahs/remix","image":"https://coub-anubis-a.akamaized.net/coub_storage/media_block/cw_image/750ea5b4704/0dd1ebe823fd029e3c91a/1570544315_6sa7b3_1570544292_00032.jpg","image_retina":"https://coub-anubis-a.akamaized.net/coub_storage/media_block/cw_image/750ea5b4704/0dd1ebe823fd029e3c91a/1570544315_6sa7b3_1570544292_00032.jpg","meta":{"duration":"10.0"},"duration":null,"coub_channel_title":"best coub","coub_channel_permalink":"best-coub","coub_views_count":286667,"coub_permalink":"22iahs"}]},"raw_video_thumbnail_url":"","raw_video_title":"","video_block_banned":false,"duration":10.0,"promo_winner":false,"promo_winner_recoubers":null,"editorial_info":{},"promo_hint":null,"beeline_best_2014":null,"from_web_editor":true,"normalize_sound":true,"normalize_change_allowed":true,"best2015_addable":false,"ahmad_promo":null,"promo_data":null,"audio_copyright_claim":null,"ads_disabled":false,"is_safe_for_ads":true,"megafon_contents":[],"position_on_page":7},{"flag":null,"abuses":null,"recoubs_by_users_channels":null,"favourite":false,"promoted_id":null,"recoub":null,"like":null,"dislike":null,"reaction":null,"in_my_best2015":false,"id":69465185,"type":"Coub::Simple","permalink":"14x662","title":"The Interstellar Mission","visibility_type":"public","original_visibility_type":"public","channel_id":1705155,"created_at":"2018-03-16T04:59:24Z","updated_at":"2022-03-16T04:53:41Z","is_done":true,"views_count":153080,"cotd":null,"cotd_at":null,"visible_on_explore_root":false,"visible_on_explore":false,"featured":false,"published":true,"published_at":"2018-03-16T04:59:24Z","reversed":false,"from_editor_v2":true,"is_editable":true,"original_sound":false,"has_sound":false,"recoub_to":null,"file_versions":{"html5":{"video":{"higher":{"url":"https://coub-anubis-a.akamaized.net/coub_storage/coub/simple/cw_file/11a52a7f919/1c437151d2f55ff774e87/muted_mp4_huge_size_1568207875_muted_huge.mp4","size":1938422},"high":{"url":"https://coub-anubis-a.akamaized.net/coub_storage/coub/simple/cw_file/11a52a7f919/1c437151d2f55ff774e87/muted_mp4_big_size_1568207875_muted_big.mp4","size":1343499},"med":{"url":"https://coub-anubis-a.akamaized.net/coub_storage/coub/simple/cw_file/11a52a7f919/1c437151d2f55ff774e87/muted_mp4_med_size_1568207875_muted_med.mp4","size":427278}},"audio":{"high":{"url":"https://coub-anubis-a.akamaized.net/coub_storage/coub/simple/cw_looped_audio_high/7af4d5c3e04/7c7350bf3c2e1ba0168c4/1605639686_high_1521183739_high.mp3","size":2321654},"med":{"url":"https://coub-anubis-a.akamaized.net/coub_storage/coub/simple/cw_looped_audio_med/fe523f74ba0/a48ebf038373021c68874/1605639686_med_1521183739_med.mp3","size":1596380}}},"mobile":{"video":"https://coub-anubis-a.akamaized.net/coub_storage/coub/simple/cw_file/11a52a7f919/1c437151d2f55ff774e87/muted_mp4_med_size_1568207875_muted_med.mp4","audio":["https://coub-anubis-a.akamaized.net/coub_storage/coub/simple/cw_looped_audio_med/fe523f74ba0/a48ebf038373021c68874/1605639686_med_1521183739_med.mp3"]},"share":{"default":"https://coub-anubis-a.akamaized.net/coub_storage/coub/simple/cw_video_for_sharing/8b4768cb591/a0546658f7a9e8faf9592/1610897721_looped_1610897719.mp4"}},"audio_versions":{"template":"https://coub-anubis-a.akamaized.net/coub_storage/audio_track/cw_normalized_copy/db0cae72a1c/de17cfd2cfcc6a1d6093d/mid_1521183731_1mjk6uk_normalized_1521183673_15ypq3d_edited.mp3","versions":["mid","low"]},"image_versions":{"template":"https://coub-anubis-a.akamaized.net/coub_storage/coub/simple/cw_image/942852d7eda/a931107b951d3d2c2c2e9/1521183752_00032.jpg","versions":["micro","tiny","age_restricted","ios_large","ios_mosaic","big","med","small","pinterest"]},"first_frame_versions":{"template":"https://coub-anubis-a.akamaized.net/coub_storage/coub/simple/cw_timeline_pic/cc61ffc9deb/1e64e99384c9d76597e96/%{version}_1521183752_image.jpg","versions":["big","med","small","ios_large"]},"dimensions":{"big":[1280,720],"med":[640,360]},"site_w_h":[640,360],"page_w_h":[640,360],"site_w_h_small":[310,174],"size":[1280,720],"age_restricted":false,"age_restricted_by_admin":false,"not_safe_for_work":false,"allow_reuse":false,"dont_crop":false,"banned":false,"global_safe":true,"audio_file_url":"https://coub-anubis-a.akamaized.net/coub_storage/audio_track/cw_normalized_copy/db0cae72a1c/de17cfd2cfcc6a1d6093d/low_1521183731_1mjk6uk_normalized_1521183673_15ypq3d_edited.mp3","external_download":{"type":"Youtube","service_name":"YouTube","url":"http://www.youtube.com/watch?v=TV1767i8X4Q","has_embed":true},"application":null,"channel":{"id":1705155,"permalink":"onemanvoin","title":"VOIN","description":"#music #digital #art \r\n\r\n\r\n\r\nделаю редко","followers_count":47,"following_count":14,"avatar_versions":{"template":"https://coub-anubis-a.akamaized.net/coub_storage/channel/cw_avatar/f89df146499/30fc1856beae12235a748/%{version}_1609682240_13mml37_1474606762_223190178.jpg","versions":["medium","medium_2x","profile_pic","profile_pic_new","profile_pic_new_2x","tiny","tiny_2x","small","small_2x","ios_large","ios_small"]}},"file":null,"picture":"https://coub-anubis-a.akamaized.net/coub_storage/coub/simple/cw_image/942852d7eda/a931107b951d3d2c2c2e9/1521183752_00032.jpg","timeline_picture":"https://coub-anubis-a.akamaized.net/coub_storage/coub/simple/cw_timeline_pic/cc61ffc9deb/1e64e99384c9d76597e96/ios_large_1521183752_image.jpg","small_picture":"https://coub-anubis-a.akamaized.net/coub_storage/coub/simple/cw_image/942852d7eda/a931107b951d3d2c2c2e9/1521183752_00032.jpg","sharing_picture":null,"percent_done":100,"tags":[{"id":389643,"title":"2015 movies","value":"2015%20movies"},{"id":614885,"title":"interstellar 2014","value":"interstellar%202014"},{"id":154,"title":"movie","value":"movie"},{"id":25019,"title":"science fiction","value":"science%20fiction"},{"id":397,"title":"christopher nolan","value":"christopher%20nolan"},{"id":3794567,"title":"дронариум","value":"%D0%B4%D1%80%D0%BE%D0%BD%D0%B0%D1%80%D0%B8%D1%83%D0%BC"},{"id":31440,"title":"лампочка","value":"%D0%BB%D0%B0%D0%BC%D0%BF%D0%BE%D1%87%D0%BA%D0%B0"},{"id":957443,"title":"квадрокоптеры","value":"%D0%BA%D0%B2%D0%B0%D0%B4%D1%80%D0%BE%D0%BA%D0%BE%D0%BF%D1%82%D0%B5%D1%80%D1%8B"},{"id":618400,"title":"no time for caution","value":"no%20time%20for%20caution"},{"id":8550,"title":"hans zimmer","value":"hans%20zimmer"},{"id":123599,"title":"interstellar","value":"interstellar"},{"id":507217,"title":"дроны","value":"%D0%B4%D1%80%D0%BE%D0%BD%D1%8B"},{"id":599802,"title":"tars","value":"tars"}],"categories":[{"id":76,"title":"Science & Technology","permalink":"science-technology","subscriptions_count":10077188,"big_image_url":"https://coub-anubis-a.akamaized.net/coub_storage/category/cw_image/d7b917ae565/55b6fc9b6407f7099c088/big_1544622172_science.png","small_image_url":"https://coub-anubis-a.akamaized.net/coub_storage/category/cw_image/d7b917ae565/55b6fc9b6407f7099c088/small_1544622172_science.png","med_image_url":"https://coub-anubis-a.akamaized.net/coub_storage/category/cw_image/d7b917ae565/55b6fc9b6407f7099c088/med_1544622172_science.png","visible":true}],"communities":[{"id":76,"title":"Science & Technology","permalink":"science-technology","subscriptions_count":10077188,"big_image_url":"https://coub-anubis-a.akamaized.net/coub_storage/category/cw_image/d7b917ae565/55b6fc9b6407f7099c088/big_1544622172_science.png","small_image_url":"https://coub-anubis-a.akamaized.net/coub_storage/category/cw_image/d7b917ae565/55b6fc9b6407f7099c088/small_1544622172_science.png","med_image_url":"https://coub-anubis-a.akamaized.net/coub_storage/category/cw_image/d7b917ae565/55b6fc9b6407f7099c088/med_1544622172_science.png","i_subscribed":true,"community_notifications_enabled":null,"description":null}],"recoubs_count":440,"remixes_count":1,"likes_count":2678,"dislikes_count":0,"raw_video_id":11144965,"uploaded_by_ios_app":false,"uploaded_by_android_app":false,"media_blocks":{"uploaded_raw_videos":[],"external_raw_videos":[{"id":24809179,"title":"Oscar Movie Interstellar (2014) Docking Full Scene [No Time for Caution] [HD]","url":"http://www.youtube.com/watch?v=TV1767i8X4Q","image":"https://coub-anubis-a.akamaized.net/coub_storage/media_block/cw_image/765a45b46b2/0aa1f151eb5328f06aae9/1518856565_1518856527_887d9b_att-url-download.jpg","image_retina":"https://coub-anubis-a.akamaized.net/coub_storage/media_block/cw_image/765a45b46b2/0aa1f151eb5328f06aae9/1518856565_1518856527_887d9b_att-url-download.jpg","meta":{"service":"Youtube","duration":"260.24"},"duration":260.24,"raw_video_id":11144965,"has_embed":true},{"id":24364485,"title":"Как дрон закручивает лампочку - Дроноблог","url":"http://www.youtube.com/watch?v=yR_nFOFGz88","image":"https://coub-anubis-a.akamaized.net/coub_storage/media_block/cw_image/cab70c0e443/cf87fc1df62790a239ccc/1516715096_1516715087_1cj2w8n_att-url-download.jpg","image_retina":"https://coub-anubis-a.akamaized.net/coub_storage/media_block/cw_image/cab70c0e443/cf87fc1df62790a239ccc/1516715096_1516715087_1cj2w8n_att-url-download.jpg","meta":{"service":"Youtube","duration":"36.8"},"duration":36.8,"raw_video_id":10985624,"has_embed":true}],"remixed_from_coubs":[],"external_video":{"id":24809179,"title":"Oscar Movie Interstellar (2014) Docking Full Scene [No Time for Caution] [HD]","url":"http://www.youtube.com/watch?v=TV1767i8X4Q","image":"https://coub-anubis-a.akamaized.net/coub_storage/media_block/cw_image/765a45b46b2/0aa1f151eb5328f06aae9/1518856565_1518856527_887d9b_att-url-download.jpg","image_retina":"https://coub-anubis-a.akamaized.net/coub_storage/media_block/cw_image/765a45b46b2/0aa1f151eb5328f06aae9/1518856565_1518856527_887d9b_att-url-download.jpg","meta":{"service":"Youtube","duration":"260.24"},"duration":260.24,"raw_video_id":11144965,"has_embed":true}},"raw_video_thumbnail_url":"/missing/missing.png","raw_video_title":"Oscar Movie Interstellar (2014) Docking Full Scene [No Time for Caution] [HD]","video_block_banned":false,"duration":10.0,"promo_winner":false,"promo_winner_recoubers":null,"editorial_info":{},"promo_hint":null,"beeline_best_2014":null,"from_web_editor":true,"normalize_sound":true,"normalize_change_allowed":true,"best2015_addable":false,"ahmad_promo":null,"promo_data":null,"audio_copyright_claim":null,"ads_disabled":false,"is_safe_for_ads":true,"megafon_contents":[],"position_on_page":8},{"flag":null,"abuses":null,"recoubs_by_users_channels":null,"favourite":false,"promoted_id":null,"recoub":null,"like":null,"dislike":null,"reaction":null,"in_my_best2015":false,"id":168150344,"type":"Coub::Simple","permalink":"2rrkhp","title":"no full auto in buildings","visibility_type":"public","original_visibility_type":"public","channel_id":10871479,"created_at":"2021-05-04T22:35:34Z","updated_at":"2022-03-15T20:19:26Z","is_done":true,"views_count":313130,"cotd":null,"cotd_at":null,"visible_on_explore_root":false,"visible_on_explore":false,"featured":false,"published":true,"published_at":"2021-05-04T22:35:34Z","reversed":false,"from_editor_v2":true,"is_editable":true,"original_sound":true,"has_sound":true,"recoub_to":null,"file_versions":{"html5":{"video":{"higher":{"url":"https://coub-anubis-a.akamaized.net/coub_storage/coub/simple/cw_file/858c8f038ff/c9a9a2c997ca07634ada5/muted_mp4_huge_size_1620167739_muted_huge.mp4","size":2868255},"high":{"url":"https://coub-anubis-a.akamaized.net/coub_storage/coub/simple/cw_file/858c8f038ff/c9a9a2c997ca07634ada5/muted_mp4_big_size_1620167739_muted_big.mp4","size":1718885},"med":{"url":"https://coub-anubis-a.akamaized.net/coub_storage/coub/simple/cw_file/858c8f038ff/c9a9a2c997ca07634ada5/muted_mp4_med_size_1620167739_muted_med.mp4","size":552470}},"audio":{"high":{"url":"https://coub-anubis-a.akamaized.net/coub_storage/coub/simple/cw_looped_audio_high/80ea70d9685/7d6f8188f9efd79495936/1620167741_mp3-high.mp3","size":830223},"med":{"url":"https://coub-anubis-a.akamaized.net/coub_storage/coub/simple/cw_looped_audio_med/749dacf6a62/71b0c625072f323c2533c/1620167740_mp3-med.mp3","size":799076},"sample_duration":10.008}},"mobile":{"video":"https://coub-anubis-a.akamaized.net/coub_storage/coub/simple/cw_file/858c8f038ff/c9a9a2c997ca07634ada5/muted_mp4_med_size_1620167739_muted_med.mp4","audio":["https://coub-anubis-a.akamaized.net/coub_storage/coub/simple/cw_looped_audio_med/749dacf6a62/71b0c625072f323c2533c/1620167740_mp3-med.mp3"]},"share":{"default":"https://coub-anubis-a.akamaized.net/coub_storage/coub/simple/cw_video_for_sharing/49542662654/5c699c9f1d934f989b280/1620167780_looped_1620167779.mp4"}},"audio_versions":{},"image_versions":{"template":"https://coub-anubis-a.akamaized.net/coub_storage/coub/simple/cw_image/d09cc92133d/4f7e17cd9964e4e91d9db/%{version}_1620167747_00032.jpg","versions":["micro","tiny","age_restricted","ios_large","ios_mosaic","big","med","small","pinterest"]},"first_frame_versions":{"template":"https://coub-anubis-a.akamaized.net/coub_storage/coub/simple/cw_timeline_pic/4b5fef5c8a9/3f5dc8acae19bd60cf862/%{version}_1620167746_image.jpg","versions":["big","med","small","ios_large"]},"dimensions":{"big":[1280,720],"med":[640,360]},"site_w_h":[640,360],"page_w_h":[640,360],"site_w_h_small":[310,174],"size":[1280,720],"age_restricted":false,"age_restricted_by_admin":false,"not_safe_for_work":false,"allow_reuse":false,"dont_crop":true,"banned":false,"global_safe":null,"audio_file_url":null,"external_download":{"type":"Youtube","service_name":"YouTube","url":"https://www.youtube.com/watch?v=MMY_SUuobww","has_embed":true},"application":null,"channel":{"id":10871479,"permalink":"soybrony","title":"Anime Edit New ","description":"anime,art,game and more","followers_count":202,"following_count":12,"avatar_versions":{"template":"https://coub-anubis-a.akamaized.net/coub_storage/channel/cw_avatar/e152fe7041a/23bdcd54ced724d4b68fa/%{version}_1640464036_cropped.jpeg","versions":["medium","medium_2x","profile_pic","profile_pic_new","profile_pic_new_2x","tiny","tiny_2x","small","small_2x","ios_large","ios_small"]}},"file":null,"picture":"https://coub-anubis-a.akamaized.net/coub_storage/coub/simple/cw_image/d09cc92133d/4f7e17cd9964e4e91d9db/med_1620167747_00032.jpg","timeline_picture":"https://coub-anubis-a.akamaized.net/coub_storage/coub/simple/cw_timeline_pic/4b5fef5c8a9/3f5dc8acae19bd60cf862/ios_large_1620167746_image.jpg","small_picture":"https://coub-anubis-a.akamaized.net/coub_storage/coub/simple/cw_image/d09cc92133d/4f7e17cd9964e4e91d9db/ios_mosaic_1620167747_00032.jpg","sharing_picture":null,"percent_done":100,"tags":[],"categories":[{"id":76,"title":"Science & Technology","permalink":"science-technology","subscriptions_count":10077188,"big_image_url":"https://coub-anubis-a.akamaized.net/coub_storage/category/cw_image/d7b917ae565/55b6fc9b6407f7099c088/big_1544622172_science.png","small_image_url":"https://coub-anubis-a.akamaized.net/coub_storage/category/cw_image/d7b917ae565/55b6fc9b6407f7099c088/small_1544622172_science.png","med_image_url":"https://coub-anubis-a.akamaized.net/coub_storage/category/cw_image/d7b917ae565/55b6fc9b6407f7099c088/med_1544622172_science.png","visible":true}],"communities":[{"id":76,"title":"Science & Technology","permalink":"science-technology","subscriptions_count":10077188,"big_image_url":"https://coub-anubis-a.akamaized.net/coub_storage/category/cw_image/d7b917ae565/55b6fc9b6407f7099c088/big_1544622172_science.png","small_image_url":"https://coub-anubis-a.akamaized.net/coub_storage/category/cw_image/d7b917ae565/55b6fc9b6407f7099c088/small_1544622172_science.png","med_image_url":"https://coub-anubis-a.akamaized.net/coub_storage/category/cw_image/d7b917ae565/55b6fc9b6407f7099c088/med_1544622172_science.png","i_subscribed":true,"community_notifications_enabled":null,"description":null}],"recoubs_count":450,"remixes_count":0,"likes_count":2671,"dislikes_count":0,"raw_video_id":15957702,"uploaded_by_ios_app":false,"uploaded_by_android_app":true,"media_blocks":{"uploaded_raw_videos":[],"external_raw_videos":[{"id":37657451,"title":"No full auto in buildings","url":"https://www.youtube.com/watch?v=MMY_SUuobww","image":null,"image_retina":null,"meta":{"service":"Youtube","duration":"14.8"},"duration":14.8,"raw_video_id":15957702,"has_embed":true}],"remixed_from_coubs":[],"external_video":{"id":37657451,"title":"No full auto in buildings","url":"https://www.youtube.com/watch?v=MMY_SUuobww","image":null,"image_retina":null,"meta":{"service":"Youtube","duration":"14.8"},"duration":14.8,"raw_video_id":15957702,"has_embed":true}},"raw_video_thumbnail_url":"/missing/missing.png","raw_video_title":"No full auto in buildings","video_block_banned":false,"duration":10.0,"promo_winner":false,"promo_winner_recoubers":null,"editorial_info":{},"promo_hint":null,"beeline_best_2014":null,"from_web_editor":false,"normalize_sound":true,"normalize_change_allowed":true,"best2015_addable":false,"ahmad_promo":null,"promo_data":null,"audio_copyright_claim":null,"ads_disabled":false,"is_safe_for_ads":true,"megafon_contents":[],"position_on_page":9},{"flag":null,"abuses":null,"recoubs_by_users_channels":null,"favourite":false,"promoted_id":null,"recoub":null,"like":null,"dislike":null,"reaction":null,"in_my_best2015":false,"id":142451781,"type":"Coub::Simple","permalink":"2cgr6q","title":"HANS GET ZE FLAMMENWERFER!","visibility_type":"public","original_visibility_type":"public","channel_id":7440042,"created_at":"2020-04-16T20:46:56Z","updated_at":"2022-03-16T02:44:41Z","is_done":true,"views_count":178439,"cotd":null,"cotd_at":null,"visible_on_explore_root":false,"visible_on_explore":false,"featured":false,"published":true,"published_at":"2020-04-16T20:46:56Z","reversed":false,"from_editor_v2":true,"is_editable":true,"original_sound":true,"has_sound":true,"recoub_to":null,"file_versions":{"html5":{"video":{"higher":{"url":"https://coub-anubis-a.akamaized.net/coub_storage/coub/simple/cw_file/f6bfc6025f6/c66c77e619fd7b5e71612/muted_mp4_huge_size_1587070020_muted_huge.mp4","size":1719677},"high":{"url":"https://coub-anubis-a.akamaized.net/coub_storage/coub/simple/cw_file/f6bfc6025f6/c66c77e619fd7b5e71612/muted_mp4_big_size_1587070020_muted_big.mp4","size":1065208},"med":{"url":"https://coub-anubis-a.akamaized.net/coub_storage/coub/simple/cw_file/f6bfc6025f6/c66c77e619fd7b5e71612/muted_mp4_med_size_1587070020_muted_med.mp4","size":337264}},"audio":{"high":{"url":"https://coub-anubis-a.akamaized.net/coub_storage/coub/simple/cw_looped_audio_high/98331bae034/97c0c57b3ebe8697bd240/1605698381_high_1587070020_high.mp3","size":891420},"med":{"url":"https://coub-anubis-a.akamaized.net/coub_storage/coub/simple/cw_looped_audio_med/6db5e53973e/a7713a96c97c4fd64142d/1605698381_med_1587070020_med.mp3","size":869374},"sample_duration":5.48}},"mobile":{"video":"https://coub-anubis-a.akamaized.net/coub_storage/coub/simple/cw_file/f6bfc6025f6/c66c77e619fd7b5e71612/muted_mp4_med_size_1587070020_muted_med.mp4","audio":["https://coub-anubis-a.akamaized.net/coub_storage/coub/simple/cw_looped_audio_med/6db5e53973e/a7713a96c97c4fd64142d/1605698381_med_1587070020_med.mp3"]},"share":{"default":"https://coub-anubis-a.akamaized.net/coub_storage/coub/simple/cw_video_for_sharing/f70c448cb3c/989936e2e746d82204ddd/1609287383_looped_1609287383.mp4"}},"audio_versions":{},"image_versions":{"template":"https://coub-anubis-a.akamaized.net/coub_storage/coub/simple/cw_image/06cc2a23829/f20afc316e3e2066c8b58/1587070025_00018.jpg","versions":["micro","tiny","age_restricted","ios_large","ios_mosaic","big","med","small","pinterest"]},"first_frame_versions":{"template":"https://coub-anubis-a.akamaized.net/coub_storage/coub/simple/cw_timeline_pic/d854bbef279/216e1c699f30e6d1fbab0/%{version}_1587070025_image.jpg","versions":["big","med","small","ios_large"]},"dimensions":{"big":[538,960],"med":[268,480]},"site_w_h":[224,400],"page_w_h":[400,714],"site_w_h_small":[310,553],"size":[538,960],"age_restricted":false,"age_restricted_by_admin":false,"not_safe_for_work":false,"allow_reuse":false,"dont_crop":false,"banned":false,"global_safe":false,"audio_file_url":null,"external_download":{"type":"Youtube","service_name":"YouTube","url":"https://www.youtube.com/watch?v=3t3XiieGA5E&list=PL1IyZHckaHoyx3FoDpS1D9oX2x5mkj3CO&index=421","has_embed":true},"application":null,"channel":{"id":7440042,"permalink":"sirwolf20","title":"SirWolf","description":null,"followers_count":7,"following_count":8,"avatar_versions":{"template":"https://coub-anubis-a.akamaized.net/coub_storage/channel/cw_avatar/9c4edb15506/6d8a375e7d28cc535df46/%{version}_1647283435_2D_DiscordWolfTest.png","versions":["medium","medium_2x","profile_pic","profile_pic_new","profile_pic_new_2x","tiny","tiny_2x","small","small_2x","ios_large","ios_small"]}},"file":null,"picture":"https://coub-anubis-a.akamaized.net/coub_storage/coub/simple/cw_image/06cc2a23829/f20afc316e3e2066c8b58/1587070025_00018.jpg","timeline_picture":"https://coub-anubis-a.akamaized.net/coub_storage/coub/simple/cw_timeline_pic/d854bbef279/216e1c699f30e6d1fbab0/ios_large_1587070025_image.jpg","small_picture":"https://coub-anubis-a.akamaized.net/coub_storage/coub/simple/cw_image/06cc2a23829/f20afc316e3e2066c8b58/1587070025_00018.jpg","sharing_picture":null,"percent_done":100,"tags":[{"id":564798,"title":"flammenwerfer","value":"flammenwerfer"},{"id":680,"title":"math","value":"math"},{"id":10101,"title":"flamethrower","value":"flamethrower"}],"categories":[{"id":76,"title":"Science & Technology","permalink":"science-technology","subscriptions_count":10077188,"big_image_url":"https://coub-anubis-a.akamaized.net/coub_storage/category/cw_image/d7b917ae565/55b6fc9b6407f7099c088/big_1544622172_science.png","small_image_url":"https://coub-anubis-a.akamaized.net/coub_storage/category/cw_image/d7b917ae565/55b6fc9b6407f7099c088/small_1544622172_science.png","med_image_url":"https://coub-anubis-a.akamaized.net/coub_storage/category/cw_image/d7b917ae565/55b6fc9b6407f7099c088/med_1544622172_science.png","visible":true}],"communities":[{"id":76,"title":"Science & Technology","permalink":"science-technology","subscriptions_count":10077188,"big_image_url":"https://coub-anubis-a.akamaized.net/coub_storage/category/cw_image/d7b917ae565/55b6fc9b6407f7099c088/big_1544622172_science.png","small_image_url":"https://coub-anubis-a.akamaized.net/coub_storage/category/cw_image/d7b917ae565/55b6fc9b6407f7099c088/small_1544622172_science.png","med_image_url":"https://coub-anubis-a.akamaized.net/coub_storage/category/cw_image/d7b917ae565/55b6fc9b6407f7099c088/med_1544622172_science.png","i_subscribed":true,"community_notifications_enabled":null,"description":null}],"recoubs_count":536,"remixes_count":0,"likes_count":2670,"dislikes_count":0,"raw_video_id":14830594,"uploaded_by_ios_app":false,"uploaded_by_android_app":false,"media_blocks":{"uploaded_raw_videos":[],"external_raw_videos":[{"id":34819884,"title":"HANS GET ZE FLAMMENWERFER!","url":"https://www.youtube.com/watch?v=3t3XiieGA5E","image":"https://coub-anubis-a.akamaized.net/coub_storage/media_block/cw_image/974a82af243/09fc2064570f2eb4a5b32/1581925184_1wvqtap_1581925178_xp5ysv_att-url-download.jpg","image_retina":"https://coub-anubis-a.akamaized.net/coub_storage/media_block/cw_image/974a82af243/09fc2064570f2eb4a5b32/1581925184_1wvqtap_1581925178_xp5ysv_att-url-download.jpg","meta":{"service":"Youtube","duration":"5.48"},"duration":5.48,"raw_video_id":14830594,"has_embed":true}],"remixed_from_coubs":[],"external_video":{"id":34819884,"title":"HANS GET ZE FLAMMENWERFER!","url":"https://www.youtube.com/watch?v=3t3XiieGA5E","image":"https://coub-anubis-a.akamaized.net/coub_storage/media_block/cw_image/974a82af243/09fc2064570f2eb4a5b32/1581925184_1wvqtap_1581925178_xp5ysv_att-url-download.jpg","image_retina":"https://coub-anubis-a.akamaized.net/coub_storage/media_block/cw_image/974a82af243/09fc2064570f2eb4a5b32/1581925184_1wvqtap_1581925178_xp5ysv_att-url-download.jpg","meta":{"service":"Youtube","duration":"5.48"},"duration":5.48,"raw_video_id":14830594,"has_embed":true}},"raw_video_thumbnail_url":"/missing/missing.png","raw_video_title":"HANS GET ZE FLAMMENWERFER!","video_block_banned":false,"duration":5.48,"promo_winner":false,"promo_winner_recoubers":null,"editorial_info":{},"promo_hint":null,"beeline_best_2014":null,"from_web_editor":true,"normalize_sound":true,"normalize_change_allowed":true,"best2015_addable":false,"ahmad_promo":null,"promo_data":null,"audio_copyright_claim":null,"ads_disabled":false,"is_safe_for_ads":true,"megafon_contents":[],"position_on_page":10}]}