{"page":462,"per_page":10,"total_pages":500,"coubs":[{"flag":null,"abuses":null,"recoubs_by_users_channels":null,"favourite":false,"promoted_id":null,"recoub":null,"like":null,"dislike":null,"reaction":null,"in_my_best2015":false,"id":106548389,"type":"Coub::Simple","permalink":"1r12k5","title":"Japanese shower head that covers you in soap foam.","visibility_type":"public","original_visibility_type":"public","channel_id":4199781,"created_at":"2019-03-24T19:40:49Z","updated_at":"2022-01-23T20:31:31Z","is_done":true,"views_count":39484,"cotd":null,"cotd_at":null,"visible_on_explore_root":false,"visible_on_explore":false,"featured":false,"published":true,"published_at":"2019-03-24T19:40:49Z","reversed":false,"from_editor_v2":true,"is_editable":true,"original_sound":false,"has_sound":false,"recoub_to":null,"file_versions":{"html5":{"video":{"higher":{"url":"https://coub-anubis-a.akamaized.net/coub_storage/coub/simple/cw_file/b132df06eae/37690a5a9fb935fa977d2/muted_mp4_huge_size_1571932965_muted_huge.mp4","size":2275516},"high":{"url":"https://coub-anubis-a.akamaized.net/coub_storage/coub/simple/cw_file/b132df06eae/37690a5a9fb935fa977d2/muted_mp4_big_size_1571932965_muted_big.mp4","size":1554468},"med":{"url":"https://coub-anubis-a.akamaized.net/coub_storage/coub/simple/cw_file/b132df06eae/37690a5a9fb935fa977d2/muted_mp4_med_size_1571932965_muted_med.mp4","size":490430}},"audio":{"high":{"url":"https://coub-anubis-a.akamaized.net/coub_storage/coub/simple/cw_looped_audio_high/97372a14e86/5086a68470f23d43f07be/1605679847_high_1553456513_high.mp3","size":5322760},"med":{"url":"https://coub-anubis-a.akamaized.net/coub_storage/coub/simple/cw_looped_audio_med/f0a30bf07c6/79d58ca7b38c82773462b/1605679847_med_1553456513_med.mp3","size":3929279}}},"mobile":{"video":"https://coub-anubis-a.akamaized.net/coub_storage/coub/simple/cw_file/b132df06eae/37690a5a9fb935fa977d2/muted_mp4_med_size_1571932965_muted_med.mp4","audio":["https://coub-anubis-a.akamaized.net/coub_storage/coub/simple/cw_looped_audio_med/f0a30bf07c6/79d58ca7b38c82773462b/1605679847_med_1553456513_med.mp3"]},"share":{"default":"https://coub-anubis-a.akamaized.net/coub_storage/coub/simple/cw_video_for_sharing/73df7e4a292/090c4e6f32a5e0fbe2ed6/1619441605_looped_1619441604.mp4"}},"audio_versions":{"template":"https://coub-anubis-a.akamaized.net/coub_storage/audio_track/cw_normalized_copy/5b106ab03bf/12e0740a92d22c77382d5/mid_1553456495_normalized_1553456464_1w9fgre_edited.mp3","versions":["mid","low"]},"image_versions":{"template":"https://coub-anubis-a.akamaized.net/coub_storage/coub/simple/cw_image/f0c854cf16e/8939f5562c7820209c043/1553456531_00032.jpg","versions":["micro","tiny","age_restricted","ios_large","ios_mosaic","big","med","small","pinterest"]},"first_frame_versions":{"template":"https://coub-anubis-a.akamaized.net/coub_storage/coub/simple/cw_timeline_pic/095f75248c3/8d83147e1c4505ab65c4d/%{version}_1553456530_image.jpg","versions":["big","med","small","ios_large"]},"dimensions":{"big":[768,960],"med":[384,480]},"site_w_h":[320,400],"page_w_h":[400,500],"site_w_h_small":[310,388],"size":[768,960],"age_restricted":false,"age_restricted_by_admin":false,"not_safe_for_work":false,"allow_reuse":false,"dont_crop":false,"banned":false,"global_safe":true,"audio_file_url":"https://coub-anubis-a.akamaized.net/coub_storage/audio_track/cw_normalized_copy/5b106ab03bf/12e0740a92d22c77382d5/low_1553456495_normalized_1553456464_1w9fgre_edited.mp3","external_download":{"type":"Instagram","service_name":"Instagram","url":"https://www.instagram.com/p/BvZv23nl88N/","has_embed":false},"application":null,"channel":{"id":4199781,"permalink":"fuggetboy","title":"FUGGETBOY","description":null,"followers_count":156,"following_count":130,"avatar_versions":{"template":"https://coub-anubis-a.akamaized.net/coub_storage/channel/cw_avatar/a306e8b91d3/c19e4f87ebd6a65377d51/%{version}_1608366806_kh2xg6_1543891561_5708c5461553f153fa4299c7.png","versions":["medium","medium_2x","profile_pic","profile_pic_new","profile_pic_new_2x","tiny","tiny_2x","small","small_2x","ios_large","ios_small"]}},"file":null,"picture":"https://coub-anubis-a.akamaized.net/coub_storage/coub/simple/cw_image/f0c854cf16e/8939f5562c7820209c043/1553456531_00032.jpg","timeline_picture":"https://coub-anubis-a.akamaized.net/coub_storage/coub/simple/cw_timeline_pic/095f75248c3/8d83147e1c4505ab65c4d/ios_large_1553456530_image.jpg","small_picture":"https://coub-anubis-a.akamaized.net/coub_storage/coub/simple/cw_image/f0c854cf16e/8939f5562c7820209c043/1553456531_00032.jpg","sharing_picture":null,"percent_done":100,"tags":[{"id":838,"title":"japanese","value":"japanese"},{"id":5999,"title":"shower","value":"shower"},{"id":740,"title":"head","value":"head"},{"id":20537,"title":"soap","value":"soap"},{"id":62699,"title":"foam","value":"foam"},{"id":54989,"title":"covers","value":"covers"},{"id":4321,"title":"you","value":"you"},{"id":36127,"title":"x files","value":"x%20files"}],"categories":[{"id":76,"title":"Science & Technology","permalink":"science-technology","subscriptions_count":10077188,"big_image_url":"https://coub-anubis-a.akamaized.net/coub_storage/category/cw_image/d7b917ae565/55b6fc9b6407f7099c088/big_1544622172_science.png","small_image_url":"https://coub-anubis-a.akamaized.net/coub_storage/category/cw_image/d7b917ae565/55b6fc9b6407f7099c088/small_1544622172_science.png","med_image_url":"https://coub-anubis-a.akamaized.net/coub_storage/category/cw_image/d7b917ae565/55b6fc9b6407f7099c088/med_1544622172_science.png","visible":true}],"communities":[{"id":76,"title":"Science & Technology","permalink":"science-technology","subscriptions_count":10077188,"big_image_url":"https://coub-anubis-a.akamaized.net/coub_storage/category/cw_image/d7b917ae565/55b6fc9b6407f7099c088/big_1544622172_science.png","small_image_url":"https://coub-anubis-a.akamaized.net/coub_storage/category/cw_image/d7b917ae565/55b6fc9b6407f7099c088/small_1544622172_science.png","med_image_url":"https://coub-anubis-a.akamaized.net/coub_storage/category/cw_image/d7b917ae565/55b6fc9b6407f7099c088/med_1544622172_science.png","i_subscribed":true,"community_notifications_enabled":null,"description":null}],"recoubs_count":83,"remixes_count":0,"likes_count":441,"dislikes_count":0,"raw_video_id":13432587,"uploaded_by_ios_app":false,"uploaded_by_android_app":false,"media_blocks":{"uploaded_raw_videos":[],"external_raw_videos":[{"id":31067917,"title":"Shot by goatnetwork","url":"http://instagram.com/p/BvZv23nl88N/","image":null,"image_retina":null,"meta":{"service":"Instagram","duration":"30.12"},"duration":30.12,"raw_video_id":13432587,"has_embed":false}],"remixed_from_coubs":[],"external_video":{"id":31067917,"title":"Shot by goatnetwork","url":"http://instagram.com/p/BvZv23nl88N/","image":null,"image_retina":null,"meta":{"service":"Instagram","duration":"30.12"},"duration":30.12,"raw_video_id":13432587,"has_embed":false}},"raw_video_thumbnail_url":"/missing/missing.png","raw_video_title":"Shot by goatnetwork","video_block_banned":false,"duration":10.0,"promo_winner":false,"promo_winner_recoubers":null,"editorial_info":{},"promo_hint":null,"beeline_best_2014":null,"from_web_editor":true,"normalize_sound":true,"normalize_change_allowed":true,"best2015_addable":false,"ahmad_promo":null,"promo_data":null,"audio_copyright_claim":null,"ads_disabled":false,"is_safe_for_ads":true,"megafon_contents":[],"position_on_page":1},{"flag":null,"abuses":null,"recoubs_by_users_channels":null,"favourite":false,"promoted_id":null,"recoub":null,"like":null,"dislike":null,"reaction":null,"in_my_best2015":false,"id":635546,"type":"Coub::Simple","permalink":"3p5fo9j0","title":"Daft Punk - Fall","visibility_type":"public","original_visibility_type":"public","channel_id":43818,"created_at":"2013-11-08T00:47:23Z","updated_at":"2022-03-08T00:17:26Z","is_done":true,"views_count":304632,"cotd":null,"cotd_at":null,"visible_on_explore_root":false,"visible_on_explore":false,"featured":false,"published":true,"published_at":"2013-11-08T00:47:23Z","reversed":false,"from_editor_v2":true,"is_editable":true,"original_sound":false,"has_sound":false,"recoub_to":null,"file_versions":{"html5":{"video":{"higher":{"url":"https://coub-anubis-a.akamaized.net/coub_storage/coub/simple/cw_file/aee7b853346/e4010e607c72ae2971617/muted_mp4_huge_size_1571721093_muted_huge.mp4","size":2434551},"high":{"url":"https://coub-anubis-a.akamaized.net/coub_storage/coub/simple/cw_file/aee7b853346/e4010e607c72ae2971617/muted_mp4_big_size_1571721093_muted_big.mp4","size":1584845},"med":{"url":"https://coub-anubis-a.akamaized.net/coub_storage/coub/simple/cw_file/aee7b853346/e4010e607c72ae2971617/muted_mp4_med_size_1571721093_muted_med.mp4","size":515273}},"audio":{"high":{"url":"https://coub-anubis-a.akamaized.net/coub_storage/coub/simple/cw_looped_audio_high/b04e5f16748/9a5317b17f43740339ef4/1605395683_high_1445955616_high.mp3","size":1986141},"med":{"url":"https://coub-anubis-a.akamaized.net/coub_storage/coub/simple/cw_looped_audio_med/98b749487f6/f48e98cfef907486ba4fa/1605395683_med_1445955616_med.mp3","size":1324093}}},"mobile":{"video":"https://coub-anubis-a.akamaized.net/coub_storage/coub/simple/cw_file/aee7b853346/e4010e607c72ae2971617/muted_mp4_med_size_1571721093_muted_med.mp4","audio":["https://coub-anubis-a.akamaized.net/coub_storage/coub/simple/cw_looped_audio_med/98b749487f6/f48e98cfef907486ba4fa/1605395683_med_1445955616_med.mp3"]},"share":{"default":"https://coub-anubis-a.akamaized.net/coub_storage/coub/simple/cw_video_for_sharing/38457d2c36e/388badfa86b39553ffdda/1613249984_looped_1613249983.mp4"}},"audio_versions":{"template":"https://coub-anubis-a.akamaized.net/coub_storage/audio_track/cw_normalized_copy/9e4c2bfebd2/e92f5c22f3c871bf54a05/mid_1488649875_16t0nq_normalized_1414055021_1383871454_audio.mp3","versions":["mid","low"]},"image_versions":{"template":"https://coub-anubis-a.akamaized.net/coub_storage/coub/simple/cw_image/68ec0f225eb/a8b3752f94e3f71d12d3a/1443330339_00032.jpg","versions":["micro","tiny","age_restricted","ios_large","ios_mosaic","big","med","small","pinterest"]},"first_frame_versions":{"template":"https://coub-anubis-a.akamaized.net/coub_storage/coub/simple/cw_timeline_pic/68ec0f225eb/a8b3752f94e3f71d12d3a/%{version}_1443330339_image.jpg","versions":["big","med","small","ios_large"]},"dimensions":{"big":[1280,720],"med":[640,360]},"site_w_h":[640,360],"page_w_h":[640,360],"site_w_h_small":[310,174],"size":[1280,720],"age_restricted":false,"age_restricted_by_admin":false,"not_safe_for_work":null,"allow_reuse":false,"dont_crop":false,"banned":false,"global_safe":true,"audio_file_url":"https://coub-anubis-a.akamaized.net/coub_storage/audio_track/cw_normalized_copy/9e4c2bfebd2/e92f5c22f3c871bf54a05/low_1488649875_16t0nq_normalized_1414055021_1383871454_audio.mp3","external_download":{"type":"Youtube","service_name":"YouTube","url":"http://www.youtube.com/watch?v=kC8g_kxy6x8","has_embed":true},"application":null,"channel":{"id":43818,"permalink":"videotheque","title":"#vidéothèque","description":"A COUB touch to the perfect tunes.","followers_count":87,"following_count":187,"avatar_versions":{"template":"https://coub-anubis-a.akamaized.net/coub_storage/channel/cw_avatar/6c096703341/b56894b3a9186dec23dbc/%{version}_1474482158_videotheque-logo-_simplified_.png","versions":["medium","medium_2x","profile_pic","profile_pic_new","profile_pic_new_2x","tiny","tiny_2x","small","small_2x","ios_large","ios_small"]}},"file":null,"picture":"https://coub-anubis-a.akamaized.net/coub_storage/coub/simple/cw_image/68ec0f225eb/a8b3752f94e3f71d12d3a/1443330339_00032.jpg","timeline_picture":"https://coub-anubis-a.akamaized.net/coub_storage/coub/simple/cw_timeline_pic/68ec0f225eb/a8b3752f94e3f71d12d3a/ios_large_1443330339_image.jpg","small_picture":"https://coub-anubis-a.akamaized.net/coub_storage/coub/simple/cw_image/68ec0f225eb/a8b3752f94e3f71d12d3a/1443330339_00032.jpg","sharing_picture":null,"percent_done":100,"tags":[{"id":27745,"title":"videotheque","value":"videotheque"},{"id":86,"title":"music","value":"music"},{"id":735,"title":"music video","value":"music%20video"},{"id":7618,"title":"musicvideo","value":"musicvideo"},{"id":19829,"title":"music_video","value":"music_video"},{"id":1160,"title":"музыка","value":"%D0%BC%D1%83%D0%B7%D1%8B%D0%BA%D0%B0"},{"id":49676,"title":"музыкальное видео","value":"%D0%BC%D1%83%D0%B7%D1%8B%D0%BA%D0%B0%D0%BB%D1%8C%D0%BD%D0%BE%D0%B5%20%D0%B2%D0%B8%D0%B4%D0%B5%D0%BE"},{"id":73204,"title":"необычное","value":"%D0%BD%D0%B5%D0%BE%D0%B1%D1%8B%D1%87%D0%BD%D0%BE%D0%B5"},{"id":26810,"title":"самолет","value":"%D1%81%D0%B0%D0%BC%D0%BE%D0%BB%D0%B5%D1%82"},{"id":75188,"title":"авиация","value":"%D0%B0%D0%B2%D0%B8%D0%B0%D1%86%D0%B8%D1%8F"},{"id":8443,"title":"пожар","value":"%D0%BF%D0%BE%D0%B6%D0%B0%D1%80"},{"id":25083,"title":"фантастика","value":"%D1%84%D0%B0%D0%BD%D1%82%D0%B0%D1%81%D1%82%D0%B8%D0%BA%D0%B0"},{"id":29910,"title":"нереально","value":"%D0%BD%D0%B5%D1%80%D0%B5%D0%B0%D0%BB%D1%8C%D0%BD%D0%BE"},{"id":7163,"title":"unreal","value":"unreal"},{"id":171,"title":"wow","value":"wow"},{"id":170,"title":"lol","value":"lol"},{"id":173,"title":"epic","value":"epic"},{"id":55632,"title":"эпично","value":"%D1%8D%D0%BF%D0%B8%D1%87%D0%BD%D0%BE"},{"id":16783,"title":"драма","value":"%D0%B4%D1%80%D0%B0%D0%BC%D0%B0"},{"id":32205,"title":"вотэтода","value":"%D0%B2%D0%BE%D1%82%D1%8D%D1%82%D0%BE%D0%B4%D0%B0"},{"id":3166,"title":"drama","value":"drama"},{"id":75189,"title":"dramaticvideo","value":"dramaticvideo"},{"id":75190,"title":"dramatic video","value":"dramatic%20video"}],"categories":[{"id":76,"title":"Science & Technology","permalink":"science-technology","subscriptions_count":10077188,"big_image_url":"https://coub-anubis-a.akamaized.net/coub_storage/category/cw_image/d7b917ae565/55b6fc9b6407f7099c088/big_1544622172_science.png","small_image_url":"https://coub-anubis-a.akamaized.net/coub_storage/category/cw_image/d7b917ae565/55b6fc9b6407f7099c088/small_1544622172_science.png","med_image_url":"https://coub-anubis-a.akamaized.net/coub_storage/category/cw_image/d7b917ae565/55b6fc9b6407f7099c088/med_1544622172_science.png","visible":true}],"communities":[{"id":76,"title":"Science & Technology","permalink":"science-technology","subscriptions_count":10077188,"big_image_url":"https://coub-anubis-a.akamaized.net/coub_storage/category/cw_image/d7b917ae565/55b6fc9b6407f7099c088/big_1544622172_science.png","small_image_url":"https://coub-anubis-a.akamaized.net/coub_storage/category/cw_image/d7b917ae565/55b6fc9b6407f7099c088/small_1544622172_science.png","med_image_url":"https://coub-anubis-a.akamaized.net/coub_storage/category/cw_image/d7b917ae565/55b6fc9b6407f7099c088/med_1544622172_science.png","i_subscribed":true,"community_notifications_enabled":null,"description":null}],"recoubs_count":106,"remixes_count":0,"likes_count":441,"dislikes_count":0,"raw_video_id":272799,"uploaded_by_ios_app":false,"uploaded_by_android_app":false,"media_blocks":{"uploaded_raw_videos":[],"external_raw_videos":[{"id":11081252,"title":"FIREMAN ON PLANE","url":"http://www.youtube.com/watch?v=kC8g_kxy6x8","image":"https://coub-anubis-a.akamaized.net/coub_storage/media_block/cw_image/574c99cc184/3adb6b3ded9f524bfda9a/1488394032_1407440305_1395317293_1xqs3s2_att-url-download.jpg","image_retina":"https://coub-anubis-a.akamaized.net/coub_storage/media_block/cw_image/574c99cc184/3adb6b3ded9f524bfda9a/1488394032_1407440305_1395317293_1xqs3s2_att-url-download.jpg","meta":{"service":"Youtube","duration":"42.12"},"duration":42.12,"raw_video_id":272799,"has_embed":true}],"remixed_from_coubs":[],"audio_track":{"id":19113422,"title":"Fall","url":"https://geo.itunes.apple.com/us/album/fall/id406192538?i=406192558&uo=4&at=10l5bB&app=music","image":"https://coub-anubis-a.akamaized.net/coub_storage/media_block/cw_image/cc371e3e7ae/2c9d380626ded2d207673/1492047549_1407422946_1383871456_att-url-download20131107-18385-q08b2k.jpg","image_retina":"https://coub-anubis-a.akamaized.net/coub_storage/media_block/cw_image/cc371e3e7ae/2c9d380626ded2d207673/1492047549_1407422946_1383871456_att-url-download20131107-18385-q08b2k.jpg","meta":{"year":null,"album":null,"title":"Fall","artist":"Daft Punk","echonest_id":null},"duration":null,"amazon_url":null,"google_play_url":null,"bandcamp_url":null,"soundcloud_url":null,"track_name":null,"track_artist":null,"track_album":null,"itunes_url":"https://geo.itunes.apple.com/us/album/fall/id406192538?i=406192558&uo=4&at=10l5bB&app=music"},"external_video":{"id":11081252,"title":"FIREMAN ON PLANE","url":"http://www.youtube.com/watch?v=kC8g_kxy6x8","image":"https://coub-anubis-a.akamaized.net/coub_storage/media_block/cw_image/574c99cc184/3adb6b3ded9f524bfda9a/1488394032_1407440305_1395317293_1xqs3s2_att-url-download.jpg","image_retina":"https://coub-anubis-a.akamaized.net/coub_storage/media_block/cw_image/574c99cc184/3adb6b3ded9f524bfda9a/1488394032_1407440305_1395317293_1xqs3s2_att-url-download.jpg","meta":{"service":"Youtube","duration":"42.12"},"duration":42.12,"raw_video_id":272799,"has_embed":true}},"raw_video_thumbnail_url":"/missing/missing.png","raw_video_title":"FIREMAN ON PLANE","video_block_banned":false,"duration":10.0,"promo_winner":false,"promo_winner_recoubers":null,"editorial_info":{},"promo_hint":null,"beeline_best_2014":null,"from_web_editor":true,"normalize_sound":true,"normalize_change_allowed":true,"best2015_addable":false,"ahmad_promo":null,"promo_data":null,"audio_copyright_claim":null,"ads_disabled":null,"is_safe_for_ads":true,"megafon_contents":[],"position_on_page":2},{"flag":null,"abuses":null,"recoubs_by_users_channels":null,"favourite":false,"promoted_id":null,"recoub":null,"like":null,"dislike":null,"reaction":null,"in_my_best2015":false,"id":182095670,"type":"Coub::Simple","permalink":"302j64","title":"BBW⚠️","visibility_type":"public","original_visibility_type":"public","channel_id":209434,"created_at":"2022-01-28T15:32:50Z","updated_at":"2022-03-15T17:31:08Z","is_done":true,"views_count":48845,"cotd":null,"cotd_at":null,"visible_on_explore_root":true,"visible_on_explore":true,"featured":true,"published":true,"published_at":"2022-01-28T15:32:50Z","reversed":false,"from_editor_v2":true,"is_editable":true,"original_sound":false,"has_sound":false,"recoub_to":null,"file_versions":{"html5":{"video":{"higher":{"url":"https://coub-anubis-a.akamaized.net/coub_storage/coub/simple/cw_file/76e9f61a18d/7ad2f190e934f96f2adb8/muted_mp4_huge_size_1643384207_muted_huge.mp4","size":1730215},"high":{"url":"https://coub-anubis-a.akamaized.net/coub_storage/coub/simple/cw_file/76e9f61a18d/7ad2f190e934f96f2adb8/muted_mp4_big_size_1643384207_muted_big.mp4","size":1135247},"med":{"url":"https://coub-anubis-a.akamaized.net/coub_storage/coub/simple/cw_file/76e9f61a18d/7ad2f190e934f96f2adb8/muted_mp4_med_size_1643384207_muted_med.mp4","size":396873}},"audio":{"high":{"url":"https://coub-anubis-a.akamaized.net/coub_storage/coub/simple/cw_looped_audio_high/4d1efbe8590/3a33e6093c3d0c4b2fa1d/1643384258_mp3-high.mp3","size":5005361},"med":{"url":"https://coub-anubis-a.akamaized.net/coub_storage/coub/simple/cw_looped_audio_med/5a0f6eb57de/653da9e36e3142a237438/1643384254_mp3-med.mp3","size":3874027}}},"mobile":{"video":"https://coub-anubis-a.akamaized.net/coub_storage/coub/simple/cw_file/76e9f61a18d/7ad2f190e934f96f2adb8/muted_mp4_med_size_1643384207_muted_med.mp4","audio":["https://coub-anubis-a.akamaized.net/coub_storage/coub/simple/cw_looped_audio_med/5a0f6eb57de/653da9e36e3142a237438/1643384254_mp3-med.mp3"]},"share":{"default":"https://coub-anubis-a.akamaized.net/coub_storage/coub/simple/cw_video_for_sharing/6c5fdc6a968/93071abe41b0d2896b6bf/1643384296_looped_1643384294.mp4"}},"audio_versions":{"template":"https://coub-anubis-a.akamaized.net/coub_storage/audio_track/cw_normalized_copy/4dc16bedcd1/eb9de8d368528c32e41f1/mid_1643384237_normalized_1643384212_1r106x5_edited.mp3","versions":["mid","low"]},"image_versions":{"template":"https://coub-anubis-a.akamaized.net/coub_storage/coub/simple/cw_image/b6b3068d5e7/d8b69efe6360e4a38f651/%{version}_1643384263_00013.jpg","versions":["micro","tiny","age_restricted","ios_large","ios_mosaic","big","med","small","pinterest"]},"first_frame_versions":{"template":"https://coub-anubis-a.akamaized.net/coub_storage/coub/simple/cw_timeline_pic/839be3e8ce6/5086c93b9185952db9666/%{version}_1643384263_image.jpg","versions":["big","med","small","ios_large"]},"dimensions":{"big":[1280,720],"med":[640,360]},"site_w_h":[640,360],"page_w_h":[640,360],"site_w_h_small":[310,174],"size":[1280,720],"age_restricted":false,"age_restricted_by_admin":false,"not_safe_for_work":false,"allow_reuse":false,"dont_crop":true,"banned":false,"global_safe":true,"audio_file_url":"https://coub-anubis-a.akamaized.net/coub_storage/audio_track/cw_normalized_copy/4dc16bedcd1/eb9de8d368528c32e41f1/low_1643384237_normalized_1643384212_1r106x5_edited.mp3","external_download":{"type":"Youtube","service_name":"YouTube","url":"https://youtu.be/W2_FF1paBew","has_embed":true},"application":null,"channel":{"id":209434,"permalink":"vonnaucc","title":"Video_On_Nuts","description":"Coubs of questionable quality and content 😐\r\n       Subscribe and you will see!\r\n       Подпишись и узреешь!\n       P.s. listen/Слушай 🎧","followers_count":1772,"following_count":1117,"avatar_versions":{"template":"https://coub-anubis-a.akamaized.net/coub_storage/channel/cw_avatar/a35aa2b5573/46ffd9125ccef525b668c/%{version}_1616251508_filename.jpeg","versions":["medium","medium_2x","profile_pic","profile_pic_new","profile_pic_new_2x","tiny","tiny_2x","small","small_2x","ios_large","ios_small"]}},"file":null,"picture":"https://coub-anubis-a.akamaized.net/coub_storage/coub/simple/cw_image/b6b3068d5e7/d8b69efe6360e4a38f651/med_1643384263_00013.jpg","timeline_picture":"https://coub-anubis-a.akamaized.net/coub_storage/coub/simple/cw_timeline_pic/839be3e8ce6/5086c93b9185952db9666/ios_large_1643384263_image.jpg","small_picture":"https://coub-anubis-a.akamaized.net/coub_storage/coub/simple/cw_image/b6b3068d5e7/d8b69efe6360e4a38f651/ios_mosaic_1643384263_00013.jpg","sharing_picture":null,"percent_done":100,"tags":[{"id":6718512,"title":"axel picodot - choking barbie","value":"axel%20picodot%20-%20choking%20barbie"},{"id":242,"title":"techno","value":"techno"},{"id":120094,"title":"techno music","value":"techno%20music"},{"id":15036,"title":"hard techno","value":"hard%20techno"},{"id":6300053,"title":"technical break","value":"technical%20break"},{"id":6300054,"title":"технический перерыв","value":"%D1%82%D0%B5%D1%85%D0%BD%D0%B8%D1%87%D0%B5%D1%81%D0%BA%D0%B8%D0%B9%20%D0%BF%D0%B5%D1%80%D0%B5%D1%80%D1%8B%D0%B2"},{"id":248,"title":"техно","value":"%D1%82%D0%B5%D1%85%D0%BD%D0%BE"},{"id":7902,"title":"national geographic","value":"national%20geographic"},{"id":6718513,"title":"barbie production","value":"barbie%20production"},{"id":13201,"title":"dolls","value":"dolls"},{"id":6841,"title":"factory","value":"factory"}],"categories":[{"id":76,"title":"Science & Technology","permalink":"science-technology","subscriptions_count":10077188,"big_image_url":"https://coub-anubis-a.akamaized.net/coub_storage/category/cw_image/d7b917ae565/55b6fc9b6407f7099c088/big_1544622172_science.png","small_image_url":"https://coub-anubis-a.akamaized.net/coub_storage/category/cw_image/d7b917ae565/55b6fc9b6407f7099c088/small_1544622172_science.png","med_image_url":"https://coub-anubis-a.akamaized.net/coub_storage/category/cw_image/d7b917ae565/55b6fc9b6407f7099c088/med_1544622172_science.png","visible":true}],"communities":[{"id":76,"title":"Science & Technology","permalink":"science-technology","subscriptions_count":10077188,"big_image_url":"https://coub-anubis-a.akamaized.net/coub_storage/category/cw_image/d7b917ae565/55b6fc9b6407f7099c088/big_1544622172_science.png","small_image_url":"https://coub-anubis-a.akamaized.net/coub_storage/category/cw_image/d7b917ae565/55b6fc9b6407f7099c088/small_1544622172_science.png","med_image_url":"https://coub-anubis-a.akamaized.net/coub_storage/category/cw_image/d7b917ae565/55b6fc9b6407f7099c088/med_1544622172_science.png","i_subscribed":true,"community_notifications_enabled":null,"description":null}],"recoubs_count":61,"remixes_count":0,"likes_count":440,"dislikes_count":0,"raw_video_id":17093899,"uploaded_by_ios_app":true,"uploaded_by_android_app":false,"media_blocks":{"uploaded_raw_videos":[],"external_raw_videos":[{"id":40933688,"title":"How Dolls Are Made | I Didn't Know That","url":"https://www.youtube.com/watch?v=W2_FF1paBew","image":"https://coub-anubis-a.akamaized.net/coub_storage/media_block/cw_image/391cd587129/798e7ed9febdccb39f8a9/video_1643382995_fpxqhy_1643382952_dhdp8p_att-url-download.jpg","image_retina":"https://coub-anubis-a.akamaized.net/coub_storage/media_block/cw_image/391cd587129/798e7ed9febdccb39f8a9/video_retina_1643382995_fpxqhy_1643382952_dhdp8p_att-url-download.jpg","meta":{"service":"Youtube","duration":"148.16"},"duration":148.16,"raw_video_id":17093899,"has_embed":true}],"remixed_from_coubs":[],"external_video":{"id":40933688,"title":"How Dolls Are Made | I Didn't Know That","url":"https://www.youtube.com/watch?v=W2_FF1paBew","image":"https://coub-anubis-a.akamaized.net/coub_storage/media_block/cw_image/391cd587129/798e7ed9febdccb39f8a9/video_1643382995_fpxqhy_1643382952_dhdp8p_att-url-download.jpg","image_retina":"https://coub-anubis-a.akamaized.net/coub_storage/media_block/cw_image/391cd587129/798e7ed9febdccb39f8a9/video_retina_1643382995_fpxqhy_1643382952_dhdp8p_att-url-download.jpg","meta":{"service":"Youtube","duration":"148.16"},"duration":148.16,"raw_video_id":17093899,"has_embed":true}},"raw_video_thumbnail_url":"https://coub-anubis-a.akamaized.net/coub_storage/raw_video/cw_image/51919f2fead/59a8631ec62f2e6b7f005/coub_media_1643382955_1643382952_dhdp8p_att-url-download.jpg","raw_video_title":"How Dolls Are Made | I Didn't Know That","video_block_banned":false,"duration":4.12,"promo_winner":false,"promo_winner_recoubers":null,"editorial_info":{},"promo_hint":null,"beeline_best_2014":null,"from_web_editor":false,"normalize_sound":true,"normalize_change_allowed":true,"best2015_addable":false,"ahmad_promo":null,"promo_data":null,"audio_copyright_claim":null,"ads_disabled":false,"is_safe_for_ads":true,"megafon_contents":[],"position_on_page":3},{"flag":null,"abuses":null,"recoubs_by_users_channels":null,"favourite":false,"promoted_id":null,"recoub":null,"like":null,"dislike":null,"reaction":null,"in_my_best2015":false,"id":179711503,"type":"Coub::Simple","permalink":"2ynd7h","title":"С видом полной невозмутимости","visibility_type":"public","original_visibility_type":"public","channel_id":5044000,"created_at":"2021-12-07T17:08:44Z","updated_at":"2022-02-21T18:56:44Z","is_done":true,"views_count":86349,"cotd":null,"cotd_at":null,"visible_on_explore_root":false,"visible_on_explore":false,"featured":false,"published":true,"published_at":"2021-12-07T17:08:44Z","reversed":false,"from_editor_v2":true,"is_editable":true,"original_sound":true,"has_sound":true,"recoub_to":null,"file_versions":{"html5":{"video":{"higher":{"url":"https://coub-anubis-a.akamaized.net/coub_storage/coub/simple/cw_file/c930b74a968/55f3f46030678d93ee702/muted_mp4_huge_size_1638896938_muted_huge.mp4","size":3075645},"high":{"url":"https://coub-anubis-a.akamaized.net/coub_storage/coub/simple/cw_file/c930b74a968/55f3f46030678d93ee702/muted_mp4_big_size_1638896938_muted_big.mp4","size":2151603},"med":{"url":"https://coub-anubis-a.akamaized.net/coub_storage/coub/simple/cw_file/c930b74a968/55f3f46030678d93ee702/muted_mp4_med_size_1638896938_muted_med.mp4","size":620858}},"audio":{"high":{"url":"https://coub-anubis-a.akamaized.net/coub_storage/coub/simple/cw_looped_audio_high/7b04cdcbfe3/72f23072fe7ba38dc0814/1638896940_mp3-high.mp3","size":981534},"med":{"url":"https://coub-anubis-a.akamaized.net/coub_storage/coub/simple/cw_looped_audio_med/29a752d771c/880f1d39330ec628f3a0c/1638896939_mp3-med.mp3","size":924072},"sample_duration":9.66}},"mobile":{"video":"https://coub-anubis-a.akamaized.net/coub_storage/coub/simple/cw_file/c930b74a968/55f3f46030678d93ee702/muted_mp4_med_size_1638896938_muted_med.mp4","audio":["https://coub-anubis-a.akamaized.net/coub_storage/coub/simple/cw_looped_audio_med/29a752d771c/880f1d39330ec628f3a0c/1638896939_mp3-med.mp3"]},"share":{"default":"https://coub-anubis-a.akamaized.net/coub_storage/coub/simple/cw_video_for_sharing/0d26d3ec010/c230a33a2250171156efc/1638896988_looped_1638896986.mp4"}},"audio_versions":{},"image_versions":{"template":"https://coub-anubis-a.akamaized.net/coub_storage/coub/simple/cw_image/7fbb97c67c9/e5b2d3973c280c93dae2c/%{version}_1638896948_00031.jpg","versions":["micro","tiny","age_restricted","ios_large","ios_mosaic","big","med","small","pinterest"]},"first_frame_versions":{"template":"https://coub-anubis-a.akamaized.net/coub_storage/coub/simple/cw_timeline_pic/958f4ac33d1/d5e8d06b9a78b2e7062f0/%{version}_1638896947_image.jpg","versions":["big","med","small","ios_large"]},"dimensions":{"big":[1280,720],"med":[640,360]},"site_w_h":[640,360],"page_w_h":[640,360],"site_w_h_small":[310,174],"size":[1280,720],"age_restricted":false,"age_restricted_by_admin":false,"not_safe_for_work":null,"allow_reuse":false,"dont_crop":true,"banned":false,"global_safe":null,"audio_file_url":null,"external_download":false,"application":null,"channel":{"id":5044000,"permalink":"vot-te-na","title":" Vot te na","description":null,"followers_count":53,"following_count":21,"avatar_versions":{"template":"https://coub-anubis-a.akamaized.net/coub_storage/channel/cw_avatar/d00c9ca9a7a/d09dcff261385b7496ad9/%{version}_1607422989_58znv_1548956220_x_8e67abd9.jpg","versions":["medium","medium_2x","profile_pic","profile_pic_new","profile_pic_new_2x","tiny","tiny_2x","small","small_2x","ios_large","ios_small"]}},"file":null,"picture":"https://coub-anubis-a.akamaized.net/coub_storage/coub/simple/cw_image/7fbb97c67c9/e5b2d3973c280c93dae2c/med_1638896948_00031.jpg","timeline_picture":"https://coub-anubis-a.akamaized.net/coub_storage/coub/simple/cw_timeline_pic/958f4ac33d1/d5e8d06b9a78b2e7062f0/ios_large_1638896947_image.jpg","small_picture":"https://coub-anubis-a.akamaized.net/coub_storage/coub/simple/cw_image/7fbb97c67c9/e5b2d3973c280c93dae2c/ios_mosaic_1638896948_00031.jpg","sharing_picture":null,"percent_done":100,"tags":[{"id":19982,"title":"беларусь","value":"%D0%B1%D0%B5%D0%BB%D0%B0%D1%80%D1%83%D1%81%D1%8C"},{"id":48458,"title":"минск","value":"%D0%BC%D0%B8%D0%BD%D1%81%D0%BA"},{"id":76105,"title":"холодильник","value":"%D1%85%D0%BE%D0%BB%D0%BE%D0%B4%D0%B8%D0%BB%D1%8C%D0%BD%D0%B8%D0%BA"},{"id":79951,"title":"атлант","value":"%D0%B0%D1%82%D0%BB%D0%B0%D0%BD%D1%82"},{"id":6673,"title":"похуй","value":"%D0%BF%D0%BE%D1%85%D1%83%D0%B9"}],"categories":[{"id":76,"title":"Science & Technology","permalink":"science-technology","subscriptions_count":10077188,"big_image_url":"https://coub-anubis-a.akamaized.net/coub_storage/category/cw_image/d7b917ae565/55b6fc9b6407f7099c088/big_1544622172_science.png","small_image_url":"https://coub-anubis-a.akamaized.net/coub_storage/category/cw_image/d7b917ae565/55b6fc9b6407f7099c088/small_1544622172_science.png","med_image_url":"https://coub-anubis-a.akamaized.net/coub_storage/category/cw_image/d7b917ae565/55b6fc9b6407f7099c088/med_1544622172_science.png","visible":true}],"communities":[{"id":76,"title":"Science & Technology","permalink":"science-technology","subscriptions_count":10077188,"big_image_url":"https://coub-anubis-a.akamaized.net/coub_storage/category/cw_image/d7b917ae565/55b6fc9b6407f7099c088/big_1544622172_science.png","small_image_url":"https://coub-anubis-a.akamaized.net/coub_storage/category/cw_image/d7b917ae565/55b6fc9b6407f7099c088/small_1544622172_science.png","med_image_url":"https://coub-anubis-a.akamaized.net/coub_storage/category/cw_image/d7b917ae565/55b6fc9b6407f7099c088/med_1544622172_science.png","i_subscribed":true,"community_notifications_enabled":null,"description":null}],"recoubs_count":79,"remixes_count":0,"likes_count":440,"dislikes_count":0,"raw_video_id":16976492,"uploaded_by_ios_app":false,"uploaded_by_android_app":false,"media_blocks":{"uploaded_raw_videos":[],"external_raw_videos":[],"remixed_from_coubs":[]},"raw_video_thumbnail_url":"https://coub-anubis-a.akamaized.net/coub_storage/raw_video/cw_image/cf8e5a77c8e/53b7efc0b57f9f6bbaa6f/coub_media_1638896820_image.jpg","raw_video_title":"16387282518340.mp4","video_block_banned":false,"duration":9.64,"promo_winner":false,"promo_winner_recoubers":null,"editorial_info":{},"promo_hint":null,"beeline_best_2014":null,"from_web_editor":true,"normalize_sound":true,"normalize_change_allowed":true,"best2015_addable":false,"ahmad_promo":null,"promo_data":null,"audio_copyright_claim":null,"ads_disabled":null,"is_safe_for_ads":true,"megafon_contents":[],"position_on_page":4},{"flag":null,"abuses":null,"recoubs_by_users_channels":null,"favourite":false,"promoted_id":null,"recoub":null,"like":null,"dislike":null,"reaction":null,"in_my_best2015":false,"id":175408165,"type":"Coub::Simple","permalink":"2w34pj","title":"Shot by elektromanyetix (instagram @elektromanyetix)","visibility_type":"public","original_visibility_type":"public","channel_id":7754903,"created_at":"2021-09-12T23:24:10Z","updated_at":"2022-03-10T17:54:01Z","is_done":true,"views_count":37310,"cotd":null,"cotd_at":null,"visible_on_explore_root":false,"visible_on_explore":false,"featured":false,"published":true,"published_at":"2021-09-12T23:24:10Z","reversed":false,"from_editor_v2":true,"is_editable":true,"original_sound":true,"has_sound":true,"recoub_to":null,"file_versions":{"html5":{"video":{"higher":{"url":"https://coub-anubis-a.akamaized.net/coub_storage/coub/simple/cw_file/32a603be6d1/6e043755ba2eebde35ebc/muted_mp4_huge_size_1631489061_muted_huge.mp4","size":4569106},"high":{"url":"https://coub-anubis-a.akamaized.net/coub_storage/coub/simple/cw_file/32a603be6d1/6e043755ba2eebde35ebc/muted_mp4_big_size_1631489061_muted_big.mp4","size":2930281},"med":{"url":"https://coub-anubis-a.akamaized.net/coub_storage/coub/simple/cw_file/32a603be6d1/6e043755ba2eebde35ebc/muted_mp4_med_size_1631489061_muted_med.mp4","size":1055513}},"audio":{"high":{"url":"https://coub-anubis-a.akamaized.net/coub_storage/coub/simple/cw_looped_audio_high/6c65777f067/18e97629de0bca123b46c/1631489063_mp3-high.mp3","size":1025795},"med":{"url":"https://coub-anubis-a.akamaized.net/coub_storage/coub/simple/cw_looped_audio_med/8192bde2642/c40fbccc1ee5e95b2155d/1631489062_mp3-med.mp3","size":799076},"sample_duration":10.008}},"mobile":{"video":"https://coub-anubis-a.akamaized.net/coub_storage/coub/simple/cw_file/32a603be6d1/6e043755ba2eebde35ebc/muted_mp4_med_size_1631489061_muted_med.mp4","audio":["https://coub-anubis-a.akamaized.net/coub_storage/coub/simple/cw_looped_audio_med/8192bde2642/c40fbccc1ee5e95b2155d/1631489062_mp3-med.mp3"]},"share":{"default":"https://coub-anubis-a.akamaized.net/coub_storage/coub/simple/cw_video_for_sharing/4d7bb33580b/e230811378fd059bf78e8/1631489118_looped_1631489116.mp4"}},"audio_versions":{},"image_versions":{"template":"https://coub-anubis-a.akamaized.net/coub_storage/coub/simple/cw_image/eeb80fa4e9b/936e6d29cffaada1ba6f5/%{version}_1631489073_00032.jpg","versions":["micro","tiny","age_restricted","ios_large","ios_mosaic","big","med","small","pinterest"]},"first_frame_versions":{"template":"https://coub-anubis-a.akamaized.net/coub_storage/coub/simple/cw_timeline_pic/53442f90c62/853b8dcd23edc1d23ff9d/%{version}_1631489072_image.jpg","versions":["big","med","small","ios_large"]},"dimensions":{"big":[960,960],"med":[480,480]},"site_w_h":[400,400],"page_w_h":[400,400],"site_w_h_small":[310,310],"size":[960,960],"age_restricted":false,"age_restricted_by_admin":false,"not_safe_for_work":null,"allow_reuse":false,"dont_crop":true,"banned":false,"global_safe":null,"audio_file_url":null,"external_download":{"type":"Instagram","service_name":"Instagram","url":"https://www.instagram.com/p/CB0L5AAoLHG/","has_embed":false},"application":null,"channel":{"id":7754903,"permalink":"yucelll29387","title":"yucelll","description":null,"followers_count":0,"following_count":11,"avatar_versions":{"template":"https://coub-anubis-a.akamaized.net/coub_storage/channel/cw_avatar/c925c0efbbf/7777bf595dd24ae86050f/%{version}_1607787586_k1tt70_1582589204_simge.jpg","versions":["medium","medium_2x","profile_pic","profile_pic_new","profile_pic_new_2x","tiny","tiny_2x","small","small_2x","ios_large","ios_small"]}},"file":null,"picture":"https://coub-anubis-a.akamaized.net/coub_storage/coub/simple/cw_image/eeb80fa4e9b/936e6d29cffaada1ba6f5/med_1631489073_00032.jpg","timeline_picture":"https://coub-anubis-a.akamaized.net/coub_storage/coub/simple/cw_timeline_pic/53442f90c62/853b8dcd23edc1d23ff9d/ios_large_1631489072_image.jpg","small_picture":"https://coub-anubis-a.akamaized.net/coub_storage/coub/simple/cw_image/eeb80fa4e9b/936e6d29cffaada1ba6f5/ios_mosaic_1631489073_00032.jpg","sharing_picture":null,"percent_done":100,"tags":[{"id":6488026,"title":"elektromanyetix","value":"elektromanyetix"}],"categories":[{"id":76,"title":"Science & Technology","permalink":"science-technology","subscriptions_count":10077188,"big_image_url":"https://coub-anubis-a.akamaized.net/coub_storage/category/cw_image/d7b917ae565/55b6fc9b6407f7099c088/big_1544622172_science.png","small_image_url":"https://coub-anubis-a.akamaized.net/coub_storage/category/cw_image/d7b917ae565/55b6fc9b6407f7099c088/small_1544622172_science.png","med_image_url":"https://coub-anubis-a.akamaized.net/coub_storage/category/cw_image/d7b917ae565/55b6fc9b6407f7099c088/med_1544622172_science.png","visible":true}],"communities":[{"id":76,"title":"Science & Technology","permalink":"science-technology","subscriptions_count":10077188,"big_image_url":"https://coub-anubis-a.akamaized.net/coub_storage/category/cw_image/d7b917ae565/55b6fc9b6407f7099c088/big_1544622172_science.png","small_image_url":"https://coub-anubis-a.akamaized.net/coub_storage/category/cw_image/d7b917ae565/55b6fc9b6407f7099c088/small_1544622172_science.png","med_image_url":"https://coub-anubis-a.akamaized.net/coub_storage/category/cw_image/d7b917ae565/55b6fc9b6407f7099c088/med_1544622172_science.png","i_subscribed":true,"community_notifications_enabled":null,"description":null}],"recoubs_count":68,"remixes_count":1,"likes_count":440,"dislikes_count":0,"raw_video_id":16764177,"uploaded_by_ios_app":false,"uploaded_by_android_app":false,"media_blocks":{"uploaded_raw_videos":[],"external_raw_videos":[{"id":39656115,"title":"Shot by elektromanyetix","url":"http://instagram.com/p/CB0L5AAoLHG/","image":"https://coub-anubis-a.akamaized.net/coub_storage/media_block/cw_image/bcfbeb7d0d3/a7f18608693b0f24de1d3/video_1631488971_27vu0o_1631488962_image.jpg","image_retina":"https://coub-anubis-a.akamaized.net/coub_storage/media_block/cw_image/bcfbeb7d0d3/a7f18608693b0f24de1d3/video_retina_1631488971_27vu0o_1631488962_image.jpg","meta":{"service":"Instagram","duration":"23.967"},"duration":23.967,"raw_video_id":16764177,"has_embed":false}],"remixed_from_coubs":[],"external_video":{"id":39656115,"title":"Shot by elektromanyetix","url":"http://instagram.com/p/CB0L5AAoLHG/","image":"https://coub-anubis-a.akamaized.net/coub_storage/media_block/cw_image/bcfbeb7d0d3/a7f18608693b0f24de1d3/video_1631488971_27vu0o_1631488962_image.jpg","image_retina":"https://coub-anubis-a.akamaized.net/coub_storage/media_block/cw_image/bcfbeb7d0d3/a7f18608693b0f24de1d3/video_retina_1631488971_27vu0o_1631488962_image.jpg","meta":{"service":"Instagram","duration":"23.967"},"duration":23.967,"raw_video_id":16764177,"has_embed":false}},"raw_video_thumbnail_url":"https://coub-anubis-a.akamaized.net/coub_storage/raw_video/cw_image/c06f905f35b/49f01beeefb9ebd3e31cd/coub_media_1631488962_1631488962_image.jpg","raw_video_title":"Shot by elektromanyetix","video_block_banned":false,"duration":10.0,"promo_winner":false,"promo_winner_recoubers":null,"editorial_info":{},"promo_hint":null,"beeline_best_2014":null,"from_web_editor":true,"normalize_sound":true,"normalize_change_allowed":true,"best2015_addable":false,"ahmad_promo":null,"promo_data":null,"audio_copyright_claim":null,"ads_disabled":null,"is_safe_for_ads":true,"megafon_contents":[],"position_on_page":5},{"flag":null,"abuses":null,"recoubs_by_users_channels":null,"favourite":false,"promoted_id":null,"recoub":null,"like":null,"dislike":null,"reaction":null,"in_my_best2015":false,"id":168198928,"type":"Coub::Simple","permalink":"2rslz9","title":"Япония. Фото на упаковке всегда точны!","visibility_type":"public","original_visibility_type":"public","channel_id":5162277,"created_at":"2021-05-05T20:03:55Z","updated_at":"2022-03-03T23:00:33Z","is_done":true,"views_count":35599,"cotd":null,"cotd_at":null,"visible_on_explore_root":false,"visible_on_explore":false,"featured":false,"published":true,"published_at":"2021-05-08T08:36:00Z","reversed":false,"from_editor_v2":true,"is_editable":true,"original_sound":false,"has_sound":false,"recoub_to":null,"file_versions":{"html5":{"video":{"higher":{"url":"https://coub-anubis-a.akamaized.net/coub_storage/coub/simple/cw_file/a8e78a5ddc9/f937c9ff9ec120247ebc0/muted_mp4_huge_size_1620245043_muted_huge.mp4","size":1172564},"high":{"url":"https://coub-anubis-a.akamaized.net/coub_storage/coub/simple/cw_file/a8e78a5ddc9/f937c9ff9ec120247ebc0/muted_mp4_big_size_1620245043_muted_big.mp4","size":802361},"med":{"url":"https://coub-anubis-a.akamaized.net/coub_storage/coub/simple/cw_file/a8e78a5ddc9/f937c9ff9ec120247ebc0/muted_mp4_med_size_1620245043_muted_med.mp4","size":260156}},"audio":{"high":{"url":"https://coub-anubis-a.akamaized.net/coub_storage/coub/simple/cw_looped_audio_high/96a744ad200/9d96c3a84a91aea7432f7/1620245058_mp3-high.mp3","size":2252772},"med":{"url":"https://coub-anubis-a.akamaized.net/coub_storage/coub/simple/cw_looped_audio_med/f644889a437/662ac04dd9d568279ed04/1620245057_mp3-med.mp3","size":1596276}}},"mobile":{"video":"https://coub-anubis-a.akamaized.net/coub_storage/coub/simple/cw_file/a8e78a5ddc9/f937c9ff9ec120247ebc0/muted_mp4_med_size_1620245043_muted_med.mp4","audio":["https://coub-anubis-a.akamaized.net/coub_storage/coub/simple/cw_looped_audio_med/f644889a437/662ac04dd9d568279ed04/1620245057_mp3-med.mp3"]},"share":{"default":"https://coub-anubis-a.akamaized.net/coub_storage/coub/simple/cw_video_for_sharing/a7baec81c91/92c4d83190a37bf3375c2/1620245086_looped_1620245086.mp4"}},"audio_versions":{"template":"https://coub-anubis-a.akamaized.net/coub_storage/audio_track/cw_file/d6819529025/c177b0670d396e4699cd4/mid_1620245045_1tdpy3b_edited.mp3","versions":["mid","low"]},"image_versions":{"template":"https://coub-anubis-a.akamaized.net/coub_storage/coub/simple/cw_image/76882c32b71/276b3b598b5b8cb3ff224/%{version}_1620245062_00032.jpg","versions":["micro","tiny","age_restricted","ios_large","ios_mosaic","big","med","small","pinterest"]},"first_frame_versions":{"template":"https://coub-anubis-a.akamaized.net/coub_storage/coub/simple/cw_timeline_pic/a3bb004de13/baf6568be87a97bd8a90a/%{version}_1620245061_image.jpg","versions":["big","med","small","ios_large"]},"dimensions":{"big":[1280,720],"med":[640,360]},"site_w_h":[640,360],"page_w_h":[640,360],"site_w_h_small":[310,174],"size":[1280,720],"age_restricted":false,"age_restricted_by_admin":false,"not_safe_for_work":null,"allow_reuse":false,"dont_crop":true,"banned":false,"global_safe":null,"audio_file_url":"https://coub-anubis-a.akamaized.net/coub_storage/audio_track/cw_file/d6819529025/c177b0670d396e4699cd4/low_1620245045_1tdpy3b_edited.mp3","external_download":false,"application":null,"channel":{"id":5162277,"permalink":"ingibitorcoub","title":"ingibitor","description":null,"followers_count":386,"following_count":177,"avatar_versions":{"template":"https://coub-anubis-a.akamaized.net/coub_storage/channel/cw_avatar/889768da15d/dbe4c51d63e0b70d9d217/%{version}_1607421658_18wd134_1547178064_ingibitor.jpg","versions":["medium","medium_2x","profile_pic","profile_pic_new","profile_pic_new_2x","tiny","tiny_2x","small","small_2x","ios_large","ios_small"]}},"file":null,"picture":"https://coub-anubis-a.akamaized.net/coub_storage/coub/simple/cw_image/76882c32b71/276b3b598b5b8cb3ff224/med_1620245062_00032.jpg","timeline_picture":"https://coub-anubis-a.akamaized.net/coub_storage/coub/simple/cw_timeline_pic/a3bb004de13/baf6568be87a97bd8a90a/ios_large_1620245061_image.jpg","small_picture":"https://coub-anubis-a.akamaized.net/coub_storage/coub/simple/cw_image/76882c32b71/276b3b598b5b8cb3ff224/ios_mosaic_1620245062_00032.jpg","sharing_picture":null,"percent_done":100,"tags":[],"categories":[{"id":76,"title":"Science & Technology","permalink":"science-technology","subscriptions_count":10077188,"big_image_url":"https://coub-anubis-a.akamaized.net/coub_storage/category/cw_image/d7b917ae565/55b6fc9b6407f7099c088/big_1544622172_science.png","small_image_url":"https://coub-anubis-a.akamaized.net/coub_storage/category/cw_image/d7b917ae565/55b6fc9b6407f7099c088/small_1544622172_science.png","med_image_url":"https://coub-anubis-a.akamaized.net/coub_storage/category/cw_image/d7b917ae565/55b6fc9b6407f7099c088/med_1544622172_science.png","visible":true}],"communities":[{"id":76,"title":"Science & Technology","permalink":"science-technology","subscriptions_count":10077188,"big_image_url":"https://coub-anubis-a.akamaized.net/coub_storage/category/cw_image/d7b917ae565/55b6fc9b6407f7099c088/big_1544622172_science.png","small_image_url":"https://coub-anubis-a.akamaized.net/coub_storage/category/cw_image/d7b917ae565/55b6fc9b6407f7099c088/small_1544622172_science.png","med_image_url":"https://coub-anubis-a.akamaized.net/coub_storage/category/cw_image/d7b917ae565/55b6fc9b6407f7099c088/med_1544622172_science.png","i_subscribed":true,"community_notifications_enabled":null,"description":null}],"recoubs_count":76,"remixes_count":0,"likes_count":440,"dislikes_count":0,"raw_video_id":16415558,"uploaded_by_ios_app":false,"uploaded_by_android_app":false,"media_blocks":{"uploaded_raw_videos":[],"external_raw_videos":[],"remixed_from_coubs":[]},"raw_video_thumbnail_url":"https://coub-anubis-a.akamaized.net/coub_storage/raw_video/cw_image/c720af4034b/2edc8431da3da02074207/coub_media_1620243833_image.jpg","raw_video_title":"_______.mp4","video_block_banned":false,"duration":10.0,"promo_winner":false,"promo_winner_recoubers":null,"editorial_info":{},"promo_hint":null,"beeline_best_2014":null,"from_web_editor":true,"normalize_sound":false,"normalize_change_allowed":true,"best2015_addable":false,"ahmad_promo":null,"promo_data":null,"audio_copyright_claim":null,"ads_disabled":null,"is_safe_for_ads":true,"megafon_contents":[],"position_on_page":6},{"flag":null,"abuses":null,"recoubs_by_users_channels":null,"favourite":false,"promoted_id":null,"recoub":null,"like":null,"dislike":null,"reaction":null,"in_my_best2015":false,"id":164731965,"type":"Coub::Simple","permalink":"2pqau4","title":"Сверкает молния в ночи","visibility_type":"public","original_visibility_type":"public","channel_id":5552546,"created_at":"2021-03-04T09:15:13Z","updated_at":"2022-03-09T00:08:54Z","is_done":true,"views_count":44417,"cotd":null,"cotd_at":null,"visible_on_explore_root":false,"visible_on_explore":false,"featured":false,"published":true,"published_at":"2021-03-04T09:15:13Z","reversed":false,"from_editor_v2":true,"is_editable":true,"original_sound":false,"has_sound":false,"recoub_to":null,"file_versions":{"html5":{"video":{"higher":{"url":"https://coub-anubis-a.akamaized.net/coub_storage/coub/simple/cw_file/ac3f61faf5b/95cdfa72a8b4961b605df/muted_mp4_huge_size_1614849322_muted_huge.mp4","size":2607314},"high":{"url":"https://coub-anubis-a.akamaized.net/coub_storage/coub/simple/cw_file/ac3f61faf5b/95cdfa72a8b4961b605df/muted_mp4_big_size_1614849322_muted_big.mp4","size":1773375},"med":{"url":"https://coub-anubis-a.akamaized.net/coub_storage/coub/simple/cw_file/ac3f61faf5b/95cdfa72a8b4961b605df/muted_mp4_med_size_1614849322_muted_med.mp4","size":555285}},"audio":{"high":{"url":"https://coub-anubis-a.akamaized.net/coub_storage/coub/simple/cw_looped_audio_high/8107b581697/87163ea80f3d44fa58be8/1614849353_mp3-high.mp3","size":3421044},"med":{"url":"https://coub-anubis-a.akamaized.net/coub_storage/coub/simple/cw_looped_audio_med/e77b977f3f9/e6578ba5c018a6b64cc47/1614849351_mp3-med.mp3","size":2483083}}},"mobile":{"video":"https://coub-anubis-a.akamaized.net/coub_storage/coub/simple/cw_file/ac3f61faf5b/95cdfa72a8b4961b605df/muted_mp4_med_size_1614849322_muted_med.mp4","audio":["https://coub-anubis-a.akamaized.net/coub_storage/coub/simple/cw_looped_audio_med/e77b977f3f9/e6578ba5c018a6b64cc47/1614849351_mp3-med.mp3"]},"share":{"default":"https://coub-anubis-a.akamaized.net/coub_storage/coub/simple/cw_video_for_sharing/5fa8d696284/4714ae6f1f111980c3413/1614849388_looped_1614849387.mp4"}},"audio_versions":{"template":"https://coub-anubis-a.akamaized.net/coub_storage/audio_track/cw_normalized_copy/b4b3d6e70fb/fe93697ed978b45198eb1/mid_1614849340_normalized_1614849326_1sdt0xc_edited.mp3","versions":["mid","low"]},"image_versions":{"template":"https://coub-anubis-a.akamaized.net/coub_storage/coub/simple/cw_image/311aee0e184/6dd4a15ca28ca509f6701/%{version}_1614849359_00032.jpg","versions":["micro","tiny","age_restricted","ios_large","ios_mosaic","big","med","small","pinterest"]},"first_frame_versions":{"template":"https://coub-anubis-a.akamaized.net/coub_storage/coub/simple/cw_timeline_pic/969451963d6/f1be41bfa7949a7ee6b66/%{version}_1614849358_image.jpg","versions":["big","med","small","ios_large"]},"dimensions":{"big":[1280,720],"med":[640,360]},"site_w_h":[640,360],"page_w_h":[640,360],"site_w_h_small":[310,174],"size":[1280,720],"age_restricted":false,"age_restricted_by_admin":false,"not_safe_for_work":false,"allow_reuse":false,"dont_crop":true,"banned":false,"global_safe":false,"audio_file_url":"https://coub-anubis-a.akamaized.net/coub_storage/audio_track/cw_normalized_copy/b4b3d6e70fb/fe93697ed978b45198eb1/low_1614849340_normalized_1614849326_1sdt0xc_edited.mp3","external_download":false,"application":null,"channel":{"id":5552546,"permalink":"nightraid","title":"Night Raid","description":null,"followers_count":226,"following_count":108,"avatar_versions":{"template":"https://coub-anubis-a.akamaized.net/coub_storage/channel/cw_avatar/a7586696e59/c4eddebe66e423c833813/%{version}_1607429533_kpgnj9_1584906884_126.png","versions":["medium","medium_2x","profile_pic","profile_pic_new","profile_pic_new_2x","tiny","tiny_2x","small","small_2x","ios_large","ios_small"]}},"file":null,"picture":"https://coub-anubis-a.akamaized.net/coub_storage/coub/simple/cw_image/311aee0e184/6dd4a15ca28ca509f6701/med_1614849359_00032.jpg","timeline_picture":"https://coub-anubis-a.akamaized.net/coub_storage/coub/simple/cw_timeline_pic/969451963d6/f1be41bfa7949a7ee6b66/ios_large_1614849358_image.jpg","small_picture":"https://coub-anubis-a.akamaized.net/coub_storage/coub/simple/cw_image/311aee0e184/6dd4a15ca28ca509f6701/ios_mosaic_1614849359_00032.jpg","sharing_picture":null,"percent_done":100,"tags":[{"id":2526,"title":"молния","value":"%D0%BC%D0%BE%D0%BB%D0%BD%D0%B8%D1%8F"},{"id":6193578,"title":"дурак и молния (trap remix)","value":"%D0%B4%D1%83%D1%80%D0%B0%D0%BA%20%D0%B8%20%D0%BC%D0%BE%D0%BB%D0%BD%D0%B8%D1%8F%20(trap%20remix)"}],"categories":[{"id":76,"title":"Science & Technology","permalink":"science-technology","subscriptions_count":10077188,"big_image_url":"https://coub-anubis-a.akamaized.net/coub_storage/category/cw_image/d7b917ae565/55b6fc9b6407f7099c088/big_1544622172_science.png","small_image_url":"https://coub-anubis-a.akamaized.net/coub_storage/category/cw_image/d7b917ae565/55b6fc9b6407f7099c088/small_1544622172_science.png","med_image_url":"https://coub-anubis-a.akamaized.net/coub_storage/category/cw_image/d7b917ae565/55b6fc9b6407f7099c088/med_1544622172_science.png","visible":true}],"communities":[{"id":76,"title":"Science & Technology","permalink":"science-technology","subscriptions_count":10077188,"big_image_url":"https://coub-anubis-a.akamaized.net/coub_storage/category/cw_image/d7b917ae565/55b6fc9b6407f7099c088/big_1544622172_science.png","small_image_url":"https://coub-anubis-a.akamaized.net/coub_storage/category/cw_image/d7b917ae565/55b6fc9b6407f7099c088/small_1544622172_science.png","med_image_url":"https://coub-anubis-a.akamaized.net/coub_storage/category/cw_image/d7b917ae565/55b6fc9b6407f7099c088/med_1544622172_science.png","i_subscribed":true,"community_notifications_enabled":null,"description":null}],"recoubs_count":66,"remixes_count":0,"likes_count":440,"dislikes_count":0,"raw_video_id":"","uploaded_by_ios_app":false,"uploaded_by_android_app":false,"media_blocks":{"uploaded_raw_videos":[],"external_raw_videos":[],"remixed_from_coubs":[{"id":34460220,"title":"У природы нет плохой погоды","url":"https://coub.com/coubs/27j8fj/remix","image":"https://coub-anubis-a.akamaized.net/coub_storage/media_block/cw_image/92dde4e50da/9f2c93959160377d88e6b/1578792327_6oeofc_1578792305_00032.jpg","image_retina":"https://coub-anubis-a.akamaized.net/coub_storage/media_block/cw_image/92dde4e50da/9f2c93959160377d88e6b/1578792327_6oeofc_1578792305_00032.jpg","meta":{"duration":"9.96"},"duration":null,"coub_channel_title":"Siberian_Escobar","coub_channel_permalink":"nikolayzaharoff","coub_views_count":67371,"coub_permalink":"27j8fj"}]},"raw_video_thumbnail_url":"","raw_video_title":"","video_block_banned":false,"duration":9.92,"promo_winner":false,"promo_winner_recoubers":null,"editorial_info":{},"promo_hint":null,"beeline_best_2014":null,"from_web_editor":true,"normalize_sound":true,"normalize_change_allowed":true,"best2015_addable":false,"ahmad_promo":null,"promo_data":null,"audio_copyright_claim":null,"ads_disabled":false,"is_safe_for_ads":true,"megafon_contents":[],"position_on_page":7},{"flag":null,"abuses":null,"recoubs_by_users_channels":null,"favourite":false,"promoted_id":null,"recoub":null,"like":null,"dislike":null,"reaction":null,"in_my_best2015":false,"id":155911303,"type":"Coub::Simple","permalink":"2kh8pm","title":"Ural fire protection system","visibility_type":"public","original_visibility_type":"public","channel_id":3296918,"created_at":"2020-10-16T15:52:59Z","updated_at":"2021-12-22T16:50:02Z","is_done":true,"views_count":57589,"cotd":null,"cotd_at":null,"visible_on_explore_root":false,"visible_on_explore":false,"featured":false,"published":true,"published_at":"2020-10-16T15:52:59Z","reversed":false,"from_editor_v2":true,"is_editable":true,"original_sound":false,"has_sound":false,"recoub_to":null,"file_versions":{"html5":{"video":{"higher":{"url":"https://coub-anubis-a.akamaized.net/coub_storage/coub/simple/cw_file/27ef23c6792/08b2a7458bb306b1ad638/muted_mp4_huge_size_1602863790_muted_huge.mp4","size":2438613},"high":{"url":"https://coub-anubis-a.akamaized.net/coub_storage/coub/simple/cw_file/27ef23c6792/08b2a7458bb306b1ad638/muted_mp4_big_size_1602863790_muted_big.mp4","size":1383226},"med":{"url":"https://coub-anubis-a.akamaized.net/coub_storage/coub/simple/cw_file/27ef23c6792/08b2a7458bb306b1ad638/muted_mp4_med_size_1602863790_muted_med.mp4","size":487708}},"audio":{"high":{"url":"https://coub-anubis-a.akamaized.net/coub_storage/coub/simple/cw_looped_audio_high/97e9782e3c1/23c5f66290e0064dbbdd6/1602863804_mp3-high.mp3","size":1125533},"med":{"url":"https://coub-anubis-a.akamaized.net/coub_storage/coub/simple/cw_looped_audio_med/e02696f4868/8a719e925476480a8362e/1602863802_mp3-med.mp3","size":812733}}},"mobile":{"video":"https://coub-anubis-a.akamaized.net/coub_storage/coub/simple/cw_file/27ef23c6792/08b2a7458bb306b1ad638/muted_mp4_med_size_1602863790_muted_med.mp4","audio":["https://coub-anubis-a.akamaized.net/coub_storage/coub/simple/cw_looped_audio_med/e02696f4868/8a719e925476480a8362e/1602863802_mp3-med.mp3"]},"share":{"default":"https://coub-anubis-a.akamaized.net/coub_storage/coub/simple/cw_video_for_sharing/4a52861952a/902cc0f9295a2763c2a1e/1609878484_looped_1609878484.mp4"}},"audio_versions":{"template":"https://coub-anubis-a.akamaized.net/coub_storage/audio_track/cw_normalized_copy/c8f5ca54be4/e4120b9c039b6df299952/mid_1602863797_normalized_1602863791_gzg5m4_edited.mp3","versions":["mid","low"]},"image_versions":{"template":"https://coub-anubis-a.akamaized.net/coub_storage/coub/simple/cw_image/99f4d0c6269/c152a20d532afe7e6fedf/1602863811_00020.jpg","versions":["micro","tiny","age_restricted","ios_large","ios_mosaic","big","med","small","pinterest"]},"first_frame_versions":{"template":"https://coub-anubis-a.akamaized.net/coub_storage/coub/simple/cw_timeline_pic/9ec960c8bcd/dfe1980c542ea9cc01543/%{version}_1602863811_image.jpg","versions":["big","med","small","ios_large"]},"dimensions":{"big":[1280,704],"med":[640,352]},"site_w_h":[640,352],"page_w_h":[640,352],"site_w_h_small":[310,171],"size":[1280,704],"age_restricted":false,"age_restricted_by_admin":false,"not_safe_for_work":false,"allow_reuse":false,"dont_crop":true,"banned":false,"global_safe":true,"audio_file_url":"https://coub-anubis-a.akamaized.net/coub_storage/audio_track/cw_normalized_copy/c8f5ca54be4/e4120b9c039b6df299952/low_1602863797_normalized_1602863791_gzg5m4_edited.mp3","external_download":{"type":"Youtube","service_name":"YouTube","url":"https://www.youtube.com/watch?v=iUgPQCAJAO4","has_embed":true},"application":null,"channel":{"id":3296918,"permalink":"zhesttresh","title":"Zhest i tresh","description":"ПОДПИШИСЬ! / FOLLOW! \r\n(Коубы занять своё время)","followers_count":195,"following_count":5,"avatar_versions":{"template":"https://coub-anubis-a.akamaized.net/coub_storage/channel/cw_avatar/33358438291/79b927b31dde9ec0cc0de/%{version}_1607425829_10s1r1g_1484153483_ZOxy50O1Ciw.jpg","versions":["medium","medium_2x","profile_pic","profile_pic_new","profile_pic_new_2x","tiny","tiny_2x","small","small_2x","ios_large","ios_small"]}},"file":null,"picture":"https://coub-anubis-a.akamaized.net/coub_storage/coub/simple/cw_image/99f4d0c6269/c152a20d532afe7e6fedf/1602863811_00020.jpg","timeline_picture":"https://coub-anubis-a.akamaized.net/coub_storage/coub/simple/cw_timeline_pic/9ec960c8bcd/dfe1980c542ea9cc01543/ios_large_1602863811_image.jpg","small_picture":"https://coub-anubis-a.akamaized.net/coub_storage/coub/simple/cw_image/99f4d0c6269/c152a20d532afe7e6fedf/1602863811_00020.jpg","sharing_picture":null,"percent_done":100,"tags":[{"id":5920799,"title":"zhest i tresh","value":"zhest%20i%20tresh"},{"id":3438456,"title":"gest i tresh","value":"gest%20i%20tresh"},{"id":2207406,"title":"yarshutv","value":"yarshutv"},{"id":1875436,"title":"yarshut","value":"yarshut"},{"id":3663030,"title":"противопожарная система","value":"%D0%BF%D1%80%D0%BE%D1%82%D0%B8%D0%B2%D0%BE%D0%BF%D0%BE%D0%B6%D0%B0%D1%80%D0%BD%D0%B0%D1%8F%20%D1%81%D0%B8%D1%81%D1%82%D0%B5%D0%BC%D0%B0"},{"id":5953725,"title":"противопожарная система урала","value":"%D0%BF%D1%80%D0%BE%D1%82%D0%B8%D0%B2%D0%BE%D0%BF%D0%BE%D0%B6%D0%B0%D1%80%D0%BD%D0%B0%D1%8F%20%D1%81%D0%B8%D1%81%D1%82%D0%B5%D0%BC%D0%B0%20%D1%83%D1%80%D0%B0%D0%BB%D0%B0"},{"id":5953724,"title":"ural fire protection system","value":"ural%20fire%20protection%20system"},{"id":1287621,"title":"car on fire","value":"car%20on%20fire"},{"id":10093,"title":"on fire","value":"on%20fire"},{"id":1893,"title":"flame","value":"flame"},{"id":1072821,"title":"in fire","value":"in%20fire"},{"id":1179,"title":"fire","value":"fire"},{"id":5953723,"title":"fire protection system","value":"fire%20protection%20system"},{"id":4439984,"title":"fire protection","value":"fire%20protection"},{"id":8849,"title":"ural","value":"ural"},{"id":18418,"title":"урал","value":"%D1%83%D1%80%D0%B0%D0%BB"}],"categories":[{"id":76,"title":"Science & Technology","permalink":"science-technology","subscriptions_count":10077188,"big_image_url":"https://coub-anubis-a.akamaized.net/coub_storage/category/cw_image/d7b917ae565/55b6fc9b6407f7099c088/big_1544622172_science.png","small_image_url":"https://coub-anubis-a.akamaized.net/coub_storage/category/cw_image/d7b917ae565/55b6fc9b6407f7099c088/small_1544622172_science.png","med_image_url":"https://coub-anubis-a.akamaized.net/coub_storage/category/cw_image/d7b917ae565/55b6fc9b6407f7099c088/med_1544622172_science.png","visible":true}],"communities":[{"id":76,"title":"Science & Technology","permalink":"science-technology","subscriptions_count":10077188,"big_image_url":"https://coub-anubis-a.akamaized.net/coub_storage/category/cw_image/d7b917ae565/55b6fc9b6407f7099c088/big_1544622172_science.png","small_image_url":"https://coub-anubis-a.akamaized.net/coub_storage/category/cw_image/d7b917ae565/55b6fc9b6407f7099c088/small_1544622172_science.png","med_image_url":"https://coub-anubis-a.akamaized.net/coub_storage/category/cw_image/d7b917ae565/55b6fc9b6407f7099c088/med_1544622172_science.png","i_subscribed":true,"community_notifications_enabled":null,"description":null}],"recoubs_count":76,"remixes_count":0,"likes_count":440,"dislikes_count":0,"raw_video_id":15775254,"uploaded_by_ios_app":false,"uploaded_by_android_app":false,"media_blocks":{"uploaded_raw_videos":[],"external_raw_videos":[{"id":37205353,"title":"Противопожарная система Урала","url":"https://www.youtube.com/watch?v=iUgPQCAJAO4","image":null,"image_retina":null,"meta":{"service":"Youtube","duration":"115.64"},"duration":115.64,"raw_video_id":15775254,"has_embed":true}],"remixed_from_coubs":[],"external_video":{"id":37205353,"title":"Противопожарная система Урала","url":"https://www.youtube.com/watch?v=iUgPQCAJAO4","image":null,"image_retina":null,"meta":{"service":"Youtube","duration":"115.64"},"duration":115.64,"raw_video_id":15775254,"has_embed":true}},"raw_video_thumbnail_url":"/missing/missing.png","raw_video_title":"Противопожарная система Урала","video_block_banned":false,"duration":6.32,"promo_winner":false,"promo_winner_recoubers":null,"editorial_info":{},"promo_hint":null,"beeline_best_2014":null,"from_web_editor":true,"normalize_sound":true,"normalize_change_allowed":true,"best2015_addable":false,"ahmad_promo":null,"promo_data":null,"audio_copyright_claim":null,"ads_disabled":false,"is_safe_for_ads":true,"megafon_contents":[],"position_on_page":8},{"flag":null,"abuses":null,"recoubs_by_users_channels":null,"favourite":false,"promoted_id":null,"recoub":null,"like":null,"dislike":null,"reaction":null,"in_my_best2015":false,"id":155730379,"type":"Coub::Simple","permalink":"2kdd3u","title":"It's my red star","visibility_type":"public","original_visibility_type":"public","channel_id":7310424,"created_at":"2020-10-13T19:02:16Z","updated_at":"2022-03-08T16:09:25Z","is_done":true,"views_count":44946,"cotd":null,"cotd_at":null,"visible_on_explore_root":false,"visible_on_explore":false,"featured":false,"published":true,"published_at":"2020-10-13T19:02:15Z","reversed":false,"from_editor_v2":true,"is_editable":true,"original_sound":false,"has_sound":false,"recoub_to":null,"file_versions":{"html5":{"video":{"higher":{"url":"https://coub-anubis-a.akamaized.net/coub_storage/coub/simple/cw_file/9c15151a17b/3bc8e86623ce0e1f3c9d3/muted_mp4_huge_size_1602615813_muted_huge.mp4","size":3335488},"high":{"url":"https://coub-anubis-a.akamaized.net/coub_storage/coub/simple/cw_file/9c15151a17b/3bc8e86623ce0e1f3c9d3/muted_mp4_big_size_1602615813_muted_big.mp4","size":2204497},"med":{"url":"https://coub-anubis-a.akamaized.net/coub_storage/coub/simple/cw_file/9c15151a17b/3bc8e86623ce0e1f3c9d3/muted_mp4_med_size_1602615813_muted_med.mp4","size":635671}},"audio":{"high":{"url":"https://coub-anubis-a.akamaized.net/coub_storage/coub/simple/cw_looped_audio_high/40eff33222e/ce1482560abe89cfe53c0/1602615819_mp3-high.mp3","size":1042509},"med":{"url":"https://coub-anubis-a.akamaized.net/coub_storage/coub/simple/cw_looped_audio_med/b884845b146/f4cf134a7b535a424379c/1602615818_mp3-med.mp3","size":740175}}},"mobile":{"video":"https://coub-anubis-a.akamaized.net/coub_storage/coub/simple/cw_file/9c15151a17b/3bc8e86623ce0e1f3c9d3/muted_mp4_med_size_1602615813_muted_med.mp4","audio":["https://coub-anubis-a.akamaized.net/coub_storage/coub/simple/cw_looped_audio_med/b884845b146/f4cf134a7b535a424379c/1602615818_mp3-med.mp3"]},"share":{"default":"https://coub-anubis-a.akamaized.net/coub_storage/coub/simple/cw_video_for_sharing/39d5bf16fa9/9d64e67682b8e963d7616/1609938602_looped_1609938600.mp4"}},"audio_versions":{"template":"https://coub-anubis-a.akamaized.net/coub_storage/audio_track/cw_file/facb171bf06/0bca823ad97a31534ac39/mid_1602615813_11daoi9_edited.mp3","versions":["mid","low"]},"image_versions":{"template":"https://coub-anubis-a.akamaized.net/coub_storage/coub/simple/cw_image/edbc102dd0e/3f26ebaaf2b6e902504d6/1602615825_00032.jpg","versions":["micro","tiny","age_restricted","ios_large","ios_mosaic","big","med","small","pinterest"]},"first_frame_versions":{"template":"https://coub-anubis-a.akamaized.net/coub_storage/coub/simple/cw_timeline_pic/285a9424024/ba6f76a9e63b3d80f0719/%{version}_1602615824_image.jpg","versions":["big","med","small","ios_large"]},"dimensions":{"big":[1280,720],"med":[640,360]},"site_w_h":[640,360],"page_w_h":[640,360],"site_w_h_small":[310,174],"size":[1280,720],"age_restricted":false,"age_restricted_by_admin":false,"not_safe_for_work":false,"allow_reuse":false,"dont_crop":true,"banned":false,"global_safe":true,"audio_file_url":"https://coub-anubis-a.akamaized.net/coub_storage/audio_track/cw_file/facb171bf06/0bca823ad97a31534ac39/low_1602615813_11daoi9_edited.mp3","external_download":{"type":"Youtube","service_name":"YouTube","url":"https://youtu.be/J7ycXXJf9eo","has_embed":true},"application":null,"channel":{"id":7310424,"permalink":"b9285220800d9fce8dbe516670e404c1","title":"Maksim Serebrov","description":"vk.com/newexpanse","followers_count":19,"following_count":14,"avatar_versions":{"template":"https://coub-anubis-a.akamaized.net/coub_storage/channel/cw_avatar/c42256d1781/e1bf64b6d7f75f296ef63/%{version}_1608972761_1azgnic_1571769040_avatar.jpg","versions":["medium","medium_2x","profile_pic","profile_pic_new","profile_pic_new_2x","tiny","tiny_2x","small","small_2x","ios_large","ios_small"]}},"file":null,"picture":"https://coub-anubis-a.akamaized.net/coub_storage/coub/simple/cw_image/edbc102dd0e/3f26ebaaf2b6e902504d6/1602615825_00032.jpg","timeline_picture":"https://coub-anubis-a.akamaized.net/coub_storage/coub/simple/cw_timeline_pic/285a9424024/ba6f76a9e63b3d80f0719/ios_large_1602615824_image.jpg","small_picture":"https://coub-anubis-a.akamaized.net/coub_storage/coub/simple/cw_image/edbc102dd0e/3f26ebaaf2b6e902504d6/1602615825_00032.jpg","sharing_picture":null,"percent_done":100,"tags":[{"id":1186765,"title":"buran","value":"buran"},{"id":536807,"title":"red star","value":"red%20star"},{"id":14382,"title":"soviet union","value":"soviet%20union"},{"id":2139,"title":"ussr","value":"ussr"},{"id":12574,"title":"энергия","value":"%D1%8D%D0%BD%D0%B5%D1%80%D0%B3%D0%B8%D1%8F"},{"id":480193,"title":"буран","value":"%D0%B1%D1%83%D1%80%D0%B0%D0%BD"},{"id":42970,"title":"ракета","value":"%D1%80%D0%B0%D0%BA%D0%B5%D1%82%D0%B0"},{"id":575591,"title":"launch vehicle","value":"launch%20vehicle"}],"categories":[{"id":76,"title":"Science & Technology","permalink":"science-technology","subscriptions_count":10077188,"big_image_url":"https://coub-anubis-a.akamaized.net/coub_storage/category/cw_image/d7b917ae565/55b6fc9b6407f7099c088/big_1544622172_science.png","small_image_url":"https://coub-anubis-a.akamaized.net/coub_storage/category/cw_image/d7b917ae565/55b6fc9b6407f7099c088/small_1544622172_science.png","med_image_url":"https://coub-anubis-a.akamaized.net/coub_storage/category/cw_image/d7b917ae565/55b6fc9b6407f7099c088/med_1544622172_science.png","visible":true}],"communities":[{"id":76,"title":"Science & Technology","permalink":"science-technology","subscriptions_count":10077188,"big_image_url":"https://coub-anubis-a.akamaized.net/coub_storage/category/cw_image/d7b917ae565/55b6fc9b6407f7099c088/big_1544622172_science.png","small_image_url":"https://coub-anubis-a.akamaized.net/coub_storage/category/cw_image/d7b917ae565/55b6fc9b6407f7099c088/small_1544622172_science.png","med_image_url":"https://coub-anubis-a.akamaized.net/coub_storage/category/cw_image/d7b917ae565/55b6fc9b6407f7099c088/med_1544622172_science.png","i_subscribed":true,"community_notifications_enabled":null,"description":null}],"recoubs_count":82,"remixes_count":3,"likes_count":440,"dislikes_count":0,"raw_video_id":15766153,"uploaded_by_ios_app":false,"uploaded_by_android_app":true,"media_blocks":{"uploaded_raw_videos":[],"external_raw_videos":[{"id":37182652,"title":"БУРАН // ТРЕЙЛЕР","url":"https://www.youtube.com/watch?v=J7ycXXJf9eo","image":null,"image_retina":null,"meta":{"service":"Youtube","duration":"122.08"},"duration":122.08,"raw_video_id":15766153,"has_embed":true}],"remixed_from_coubs":[],"external_video":{"id":37182652,"title":"БУРАН // ТРЕЙЛЕР","url":"https://www.youtube.com/watch?v=J7ycXXJf9eo","image":null,"image_retina":null,"meta":{"service":"Youtube","duration":"122.08"},"duration":122.08,"raw_video_id":15766153,"has_embed":true}},"raw_video_thumbnail_url":"/missing/missing.png","raw_video_title":"БУРАН // ТРЕЙЛЕР","video_block_banned":false,"duration":10.04,"promo_winner":false,"promo_winner_recoubers":null,"editorial_info":{},"promo_hint":null,"beeline_best_2014":null,"from_web_editor":false,"normalize_sound":true,"normalize_change_allowed":true,"best2015_addable":false,"ahmad_promo":null,"promo_data":null,"audio_copyright_claim":null,"ads_disabled":false,"is_safe_for_ads":true,"megafon_contents":[],"position_on_page":9},{"flag":null,"abuses":null,"recoubs_by_users_channels":null,"favourite":false,"promoted_id":null,"recoub":null,"like":null,"dislike":null,"reaction":null,"in_my_best2015":false,"id":140482056,"type":"Coub::Simple","permalink":"2bajbp","title":"Давай скидывай, нормально будет:))","visibility_type":"public","original_visibility_type":"public","channel_id":4575225,"created_at":"2020-03-26T20:49:52Z","updated_at":"2022-02-15T11:49:45Z","is_done":true,"views_count":35239,"cotd":null,"cotd_at":null,"visible_on_explore_root":false,"visible_on_explore":false,"featured":false,"published":true,"published_at":"2020-03-26T20:49:52Z","reversed":false,"from_editor_v2":true,"is_editable":true,"original_sound":true,"has_sound":true,"recoub_to":null,"file_versions":{"html5":{"video":{"higher":{"url":"https://coub-anubis-a.akamaized.net/coub_storage/coub/simple/cw_file/3b0b403b068/9a2a98f83ce8078953517/muted_mp4_huge_size_1585255800_muted_huge.mp4","size":4500098},"high":{"url":"https://coub-anubis-a.akamaized.net/coub_storage/coub/simple/cw_file/3b0b403b068/9a2a98f83ce8078953517/muted_mp4_big_size_1585255800_muted_big.mp4","size":3106990},"med":{"url":"https://coub-anubis-a.akamaized.net/coub_storage/coub/simple/cw_file/3b0b403b068/9a2a98f83ce8078953517/muted_mp4_med_size_1585255800_muted_med.mp4","size":1018229}},"audio":{"high":{"url":"https://coub-anubis-a.akamaized.net/coub_storage/coub/simple/cw_looped_audio_high/0b714f19176/872c6f50790dcf87f5daf/1605701470_high_1585255801_high.mp3","size":1057549},"med":{"url":"https://coub-anubis-a.akamaized.net/coub_storage/coub/simple/cw_looped_audio_med/7edc74ca0f1/d4bedeb57cf86a4817d87/1605701469_med_1585255801_med.mp3","size":904086},"sample_duration":9.567}},"mobile":{"video":"https://coub-anubis-a.akamaized.net/coub_storage/coub/simple/cw_file/3b0b403b068/9a2a98f83ce8078953517/muted_mp4_med_size_1585255800_muted_med.mp4","audio":["https://coub-anubis-a.akamaized.net/coub_storage/coub/simple/cw_looped_audio_med/7edc74ca0f1/d4bedeb57cf86a4817d87/1605701469_med_1585255801_med.mp3"]},"share":{"default":"https://coub-anubis-a.akamaized.net/coub_storage/coub/simple/cw_video_for_sharing/50950ef71e5/50200d8c554cb61d4de05/1621196499_looped_1621196497.mp4"}},"audio_versions":{},"image_versions":{"template":"https://coub-anubis-a.akamaized.net/coub_storage/coub/simple/cw_image/13bb2ac6b7b/25a25e09138ad7a489a44/1585255808_00030.jpg","versions":["micro","tiny","age_restricted","ios_large","ios_mosaic","big","med","small","pinterest"]},"first_frame_versions":{"template":"https://coub-anubis-a.akamaized.net/coub_storage/coub/simple/cw_timeline_pic/f165437e9ca/70b2fdb85c4d4a254f3e5/%{version}_1585255808_image.jpg","versions":["big","med","small","ios_large"]},"dimensions":{"big":[960,960],"med":[480,480]},"site_w_h":[400,400],"page_w_h":[400,400],"site_w_h_small":[310,310],"size":[960,960],"age_restricted":false,"age_restricted_by_admin":false,"not_safe_for_work":false,"allow_reuse":false,"dont_crop":false,"banned":false,"global_safe":false,"audio_file_url":null,"external_download":{"type":"Youtube","service_name":"YouTube","url":"https://www.youtube.com/watch?v=qlP-GdUjN_8","has_embed":true},"application":null,"channel":{"id":4575225,"permalink":"nomad-48","title":"nomad48","description":null,"followers_count":35,"following_count":66,"avatar_versions":{"template":"https://coub-anubis-a.akamaized.net/coub_storage/channel/cw_avatar/8a19e2d85d0/6199a9d4d164be365b3c8/%{version}_1607614677_1u600ge_1530485881_21112009521.jpg","versions":["medium","medium_2x","profile_pic","profile_pic_new","profile_pic_new_2x","tiny","tiny_2x","small","small_2x","ios_large","ios_small"]}},"file":null,"picture":"https://coub-anubis-a.akamaized.net/coub_storage/coub/simple/cw_image/13bb2ac6b7b/25a25e09138ad7a489a44/1585255808_00030.jpg","timeline_picture":"https://coub-anubis-a.akamaized.net/coub_storage/coub/simple/cw_timeline_pic/f165437e9ca/70b2fdb85c4d4a254f3e5/ios_large_1585255808_image.jpg","small_picture":"https://coub-anubis-a.akamaized.net/coub_storage/coub/simple/cw_image/13bb2ac6b7b/25a25e09138ad7a489a44/1585255808_00030.jpg","sharing_picture":null,"percent_done":100,"tags":[{"id":1331185,"title":"бетонное","value":"%D0%B1%D0%B5%D1%82%D0%BE%D0%BD%D0%BD%D0%BE%D0%B5"},{"id":4197,"title":"кольцо","value":"%D0%BA%D0%BE%D0%BB%D1%8C%D1%86%D0%BE"},{"id":1331186,"title":"выгрузка","value":"%D0%B2%D1%8B%D0%B3%D1%80%D1%83%D0%B7%D0%BA%D0%B0"},{"id":1331187,"title":"бетонного","value":"%D0%B1%D0%B5%D1%82%D0%BE%D0%BD%D0%BD%D0%BE%D0%B3%D0%BE"},{"id":128509,"title":"кольца","value":"%D0%BA%D0%BE%D0%BB%D1%8C%D1%86%D0%B0"},{"id":184182,"title":"бетон","value":"%D0%B1%D0%B5%D1%82%D0%BE%D0%BD"},{"id":13309,"title":"дурак","value":"%D0%B4%D1%83%D1%80%D0%B0%D0%BA"},{"id":1331188,"title":"горелово","value":"%D0%B3%D0%BE%D1%80%D0%B5%D0%BB%D0%BE%D0%B2%D0%BE"}],"categories":[{"id":76,"title":"Science & Technology","permalink":"science-technology","subscriptions_count":10077188,"big_image_url":"https://coub-anubis-a.akamaized.net/coub_storage/category/cw_image/d7b917ae565/55b6fc9b6407f7099c088/big_1544622172_science.png","small_image_url":"https://coub-anubis-a.akamaized.net/coub_storage/category/cw_image/d7b917ae565/55b6fc9b6407f7099c088/small_1544622172_science.png","med_image_url":"https://coub-anubis-a.akamaized.net/coub_storage/category/cw_image/d7b917ae565/55b6fc9b6407f7099c088/med_1544622172_science.png","visible":true}],"communities":[{"id":76,"title":"Science & Technology","permalink":"science-technology","subscriptions_count":10077188,"big_image_url":"https://coub-anubis-a.akamaized.net/coub_storage/category/cw_image/d7b917ae565/55b6fc9b6407f7099c088/big_1544622172_science.png","small_image_url":"https://coub-anubis-a.akamaized.net/coub_storage/category/cw_image/d7b917ae565/55b6fc9b6407f7099c088/small_1544622172_science.png","med_image_url":"https://coub-anubis-a.akamaized.net/coub_storage/category/cw_image/d7b917ae565/55b6fc9b6407f7099c088/med_1544622172_science.png","i_subscribed":true,"community_notifications_enabled":null,"description":null}],"recoubs_count":93,"remixes_count":0,"likes_count":440,"dislikes_count":0,"raw_video_id":14985338,"uploaded_by_ios_app":false,"uploaded_by_android_app":false,"media_blocks":{"uploaded_raw_videos":[],"external_raw_videos":[{"id":35220779,"title":"Выгрузка бетонного кольца по супер технологии )","url":"https://www.youtube.com/watch?v=qlP-GdUjN_8","image":"https://coub-anubis-a.akamaized.net/coub_storage/media_block/cw_image/70901d6050f/1894569ca666000e3ebbf/1585255599_1jvuc9z_1585255587_hey05v_att-url-download.jpg","image_retina":"https://coub-anubis-a.akamaized.net/coub_storage/media_block/cw_image/70901d6050f/1894569ca666000e3ebbf/1585255599_1jvuc9z_1585255587_hey05v_att-url-download.jpg","meta":{"service":"Youtube","duration":"35.44"},"duration":35.44,"raw_video_id":14985338,"has_embed":true}],"remixed_from_coubs":[{"id":35212224,"title":"d","url":"https://coub.com/coubs/2b94sh/remix","image":"https://coub-anubis-a.akamaized.net/coub_storage/media_block/cw_image/b7fdb86596b/98b8ffc31a6f62b80586e/1585200086_1t9ppzl_1585200061_00032.jpg","image_retina":"https://coub-anubis-a.akamaized.net/coub_storage/media_block/cw_image/b7fdb86596b/98b8ffc31a6f62b80586e/1585200086_1t9ppzl_1585200061_00032.jpg","meta":{"duration":"9.92"},"duration":null,"coub_channel_title":"S.V.G.","coub_channel_permalink":"0015b5ea45c4547b2f254510e30c16f3","coub_views_count":280757,"coub_permalink":"2b94sh"}],"external_video":{"id":35220779,"title":"Выгрузка бетонного кольца по супер технологии )","url":"https://www.youtube.com/watch?v=qlP-GdUjN_8","image":"https://coub-anubis-a.akamaized.net/coub_storage/media_block/cw_image/70901d6050f/1894569ca666000e3ebbf/1585255599_1jvuc9z_1585255587_hey05v_att-url-download.jpg","image_retina":"https://coub-anubis-a.akamaized.net/coub_storage/media_block/cw_image/70901d6050f/1894569ca666000e3ebbf/1585255599_1jvuc9z_1585255587_hey05v_att-url-download.jpg","meta":{"service":"Youtube","duration":"35.44"},"duration":35.44,"raw_video_id":14985338,"has_embed":true}},"raw_video_thumbnail_url":"/missing/missing.png","raw_video_title":"Выгрузка бетонного кольца по супер технологии )","video_block_banned":false,"duration":9.4,"promo_winner":false,"promo_winner_recoubers":null,"editorial_info":{},"promo_hint":null,"beeline_best_2014":null,"from_web_editor":true,"normalize_sound":true,"normalize_change_allowed":true,"best2015_addable":false,"ahmad_promo":null,"promo_data":null,"audio_copyright_claim":null,"ads_disabled":false,"is_safe_for_ads":true,"megafon_contents":[],"position_on_page":10}]}