{"page":159,"per_page":10,"total_pages":500,"coubs":[{"flag":null,"abuses":null,"recoubs_by_users_channels":null,"favourite":false,"promoted_id":null,"recoub":null,"like":null,"dislike":null,"reaction":null,"in_my_best2015":false,"id":103845710,"type":"Coub::Simple","permalink":"1pf552","title":"Programming.Coding()","visibility_type":"public","original_visibility_type":"public","channel_id":4155893,"created_at":"2019-03-01T18:36:33Z","updated_at":"2022-03-15T19:33:31Z","is_done":true,"views_count":99624,"cotd":null,"cotd_at":null,"visible_on_explore_root":false,"visible_on_explore":false,"featured":false,"published":true,"published_at":"2019-03-01T18:36:33Z","reversed":false,"from_editor_v2":true,"is_editable":true,"original_sound":false,"has_sound":false,"recoub_to":null,"file_versions":{"html5":{"video":{"higher":{"url":"https://coub-anubis-a.akamaized.net/coub_storage/coub/simple/cw_file/b896f09b52a/c4cc6e12ee30bbe4b2ce9/muted_mp4_huge_size_1572223383_muted_huge.mp4","size":1637531},"high":{"url":"https://coub-anubis-a.akamaized.net/coub_storage/coub/simple/cw_file/b896f09b52a/c4cc6e12ee30bbe4b2ce9/muted_mp4_big_size_1572223383_muted_big.mp4","size":1208132},"med":{"url":"https://coub-anubis-a.akamaized.net/coub_storage/coub/simple/cw_file/b896f09b52a/c4cc6e12ee30bbe4b2ce9/muted_mp4_med_size_1572223383_muted_med.mp4","size":315061}},"audio":{"high":{"url":"https://coub-anubis-a.akamaized.net/coub_storage/coub/simple/cw_looped_audio_high/19a2ab29237/8f2edd828661dabbf761a/1605675378_high_1551465550_high.mp3","size":8749814},"med":{"url":"https://coub-anubis-a.akamaized.net/coub_storage/coub/simple/cw_looped_audio_med/74d0e50600b/fad8a1c61cb2caf1c7ce2/1605675377_med_1551465550_med.mp3","size":6551364}}},"mobile":{"video":"https://coub-anubis-a.akamaized.net/coub_storage/coub/simple/cw_file/b896f09b52a/c4cc6e12ee30bbe4b2ce9/muted_mp4_med_size_1572223383_muted_med.mp4","audio":["https://coub-anubis-a.akamaized.net/coub_storage/coub/simple/cw_looped_audio_med/74d0e50600b/fad8a1c61cb2caf1c7ce2/1605675377_med_1551465550_med.mp3"]},"share":{"default":"https://coub-anubis-a.akamaized.net/coub_storage/coub/simple/cw_video_for_sharing/2dc5caa1ab6/9131451af7f8fa860a2ab/1613757884_looped_1613757882.mp4"}},"audio_versions":{"template":"https://coub-anubis-a.akamaized.net/coub_storage/audio_track/cw_normalized_copy/9ef7562a0fb/06e132eba55a836956f2c/mid_1551465510_normalized_1551465453_zhgmba_edited.mp3","versions":["mid","low"]},"image_versions":{"template":"https://coub-anubis-a.akamaized.net/coub_storage/coub/simple/cw_image/d8ede841081/9a294dd62cb10fd2bd4a2/1551465586_00031.jpg","versions":["micro","tiny","age_restricted","ios_large","ios_mosaic","big","med","small","pinterest"]},"first_frame_versions":{"template":"https://coub-anubis-a.akamaized.net/coub_storage/coub/simple/cw_timeline_pic/e023ed89727/2026d65d4f3362987e701/%{version}_1551465586_image.jpg","versions":["big","med","small","ios_large"]},"dimensions":{"big":[1280,720],"med":[640,360]},"site_w_h":[640,360],"page_w_h":[640,360],"site_w_h_small":[310,174],"size":[1280,720],"age_restricted":false,"age_restricted_by_admin":false,"not_safe_for_work":false,"allow_reuse":false,"dont_crop":false,"banned":false,"global_safe":true,"audio_file_url":"https://coub-anubis-a.akamaized.net/coub_storage/audio_track/cw_normalized_copy/9ef7562a0fb/06e132eba55a836956f2c/low_1551465510_normalized_1551465453_zhgmba_edited.mp3","external_download":{"type":"Youtube","service_name":"YouTube","url":"https://www.youtube.com/watch?v=4a06l_f7ZTM","has_embed":true},"application":null,"channel":{"id":4155893,"permalink":"mr.poxer","title":"mr.poxer","description":null,"followers_count":36,"following_count":14,"avatar_versions":{"template":"https://coub-anubis-a.akamaized.net/coub_storage/channel/cw_avatar/4a2319cbf81/5f95124461cf352322fa3/%{version}_1607909174_ln4mil_1551474804_thumb_img2223533_5c13ca036adbc113.jpg","versions":["medium","medium_2x","profile_pic","profile_pic_new","profile_pic_new_2x","tiny","tiny_2x","small","small_2x","ios_large","ios_small"]}},"file":null,"picture":"https://coub-anubis-a.akamaized.net/coub_storage/coub/simple/cw_image/d8ede841081/9a294dd62cb10fd2bd4a2/1551465586_00031.jpg","timeline_picture":"https://coub-anubis-a.akamaized.net/coub_storage/coub/simple/cw_timeline_pic/e023ed89727/2026d65d4f3362987e701/ios_large_1551465586_image.jpg","small_picture":"https://coub-anubis-a.akamaized.net/coub_storage/coub/simple/cw_image/d8ede841081/9a294dd62cb10fd2bd4a2/1551465586_00031.jpg","sharing_picture":null,"percent_done":100,"tags":[{"id":42603,"title":"programming","value":"programming"},{"id":1556756,"title":"bfg division","value":"bfg%20division"},{"id":853762,"title":"futuris","value":"futuris"},{"id":2808,"title":"coding","value":"coding"}],"categories":[{"id":76,"title":"Science & Technology","permalink":"science-technology","subscriptions_count":10077188,"big_image_url":"https://coub-anubis-a.akamaized.net/coub_storage/category/cw_image/d7b917ae565/55b6fc9b6407f7099c088/big_1544622172_science.png","small_image_url":"https://coub-anubis-a.akamaized.net/coub_storage/category/cw_image/d7b917ae565/55b6fc9b6407f7099c088/small_1544622172_science.png","med_image_url":"https://coub-anubis-a.akamaized.net/coub_storage/category/cw_image/d7b917ae565/55b6fc9b6407f7099c088/med_1544622172_science.png","visible":true}],"communities":[{"id":76,"title":"Science & Technology","permalink":"science-technology","subscriptions_count":10077188,"big_image_url":"https://coub-anubis-a.akamaized.net/coub_storage/category/cw_image/d7b917ae565/55b6fc9b6407f7099c088/big_1544622172_science.png","small_image_url":"https://coub-anubis-a.akamaized.net/coub_storage/category/cw_image/d7b917ae565/55b6fc9b6407f7099c088/small_1544622172_science.png","med_image_url":"https://coub-anubis-a.akamaized.net/coub_storage/category/cw_image/d7b917ae565/55b6fc9b6407f7099c088/med_1544622172_science.png","i_subscribed":true,"community_notifications_enabled":null,"description":null}],"recoubs_count":389,"remixes_count":1,"likes_count":1730,"dislikes_count":0,"raw_video_id":13302273,"uploaded_by_ios_app":false,"uploaded_by_android_app":false,"media_blocks":{"uploaded_raw_videos":[],"external_raw_videos":[{"id":30717869,"title":"Futuris  - Behind the Scene","url":"https://www.youtube.com/watch?v=4a06l_f7ZTM","image":"https://coub-anubis-a.akamaized.net/coub_storage/media_block/cw_image/29fa9ef6bfe/1606fd880621eb0a5a296/1551464864_uw6gvn_1551464822_16hdr9d_att-url-download.jpg","image_retina":"https://coub-anubis-a.akamaized.net/coub_storage/media_block/cw_image/29fa9ef6bfe/1606fd880621eb0a5a296/1551464864_uw6gvn_1551464822_16hdr9d_att-url-download.jpg","meta":{"service":"Youtube","duration":"256.72"},"duration":256.72,"raw_video_id":13302273,"has_embed":true}],"remixed_from_coubs":[],"external_video":{"id":30717869,"title":"Futuris  - Behind the Scene","url":"https://www.youtube.com/watch?v=4a06l_f7ZTM","image":"https://coub-anubis-a.akamaized.net/coub_storage/media_block/cw_image/29fa9ef6bfe/1606fd880621eb0a5a296/1551464864_uw6gvn_1551464822_16hdr9d_att-url-download.jpg","image_retina":"https://coub-anubis-a.akamaized.net/coub_storage/media_block/cw_image/29fa9ef6bfe/1606fd880621eb0a5a296/1551464864_uw6gvn_1551464822_16hdr9d_att-url-download.jpg","meta":{"service":"Youtube","duration":"256.72"},"duration":256.72,"raw_video_id":13302273,"has_embed":true}},"raw_video_thumbnail_url":"/missing/missing.png","raw_video_title":"Futuris  - Behind the Scene","video_block_banned":false,"duration":9.72,"promo_winner":false,"promo_winner_recoubers":null,"editorial_info":{},"promo_hint":null,"beeline_best_2014":null,"from_web_editor":true,"normalize_sound":true,"normalize_change_allowed":true,"best2015_addable":false,"ahmad_promo":null,"promo_data":null,"audio_copyright_claim":null,"ads_disabled":false,"is_safe_for_ads":true,"megafon_contents":[],"position_on_page":1},{"flag":null,"abuses":null,"recoubs_by_users_channels":null,"favourite":false,"promoted_id":null,"recoub":null,"like":null,"dislike":null,"reaction":null,"in_my_best2015":false,"id":162693113,"type":"Coub::Simple","permalink":"2oilmv","title":"T-800 OS in JS","visibility_type":"public","original_visibility_type":"public","channel_id":330398,"created_at":"2021-01-29T00:47:27Z","updated_at":"2022-02-14T22:08:04Z","is_done":true,"views_count":136691,"cotd":null,"cotd_at":null,"visible_on_explore_root":false,"visible_on_explore":false,"featured":false,"published":true,"published_at":"2021-01-29T00:47:27Z","reversed":false,"from_editor_v2":true,"is_editable":true,"original_sound":true,"has_sound":true,"recoub_to":null,"file_versions":{"html5":{"video":{"higher":{"url":"https://coub-anubis-a.akamaized.net/coub_storage/coub/simple/cw_file/4bbcf9fad18/d32ea585fd50d57c08eb1/muted_mp4_huge_size_1611881350_muted_huge.mp4","size":1735854},"high":{"url":"https://coub-anubis-a.akamaized.net/coub_storage/coub/simple/cw_file/4bbcf9fad18/d32ea585fd50d57c08eb1/muted_mp4_big_size_1611881350_muted_big.mp4","size":1111092},"med":{"url":"https://coub-anubis-a.akamaized.net/coub_storage/coub/simple/cw_file/4bbcf9fad18/d32ea585fd50d57c08eb1/muted_mp4_med_size_1611881350_muted_med.mp4","size":381614}},"audio":{"high":{"url":"https://coub-anubis-a.akamaized.net/coub_storage/coub/simple/cw_looped_audio_high/3218d9a185a/1ab8c79c6cbfccc2496c9/1611881352_mp3-high.mp3","size":950043},"med":{"url":"https://coub-anubis-a.akamaized.net/coub_storage/coub/simple/cw_looped_audio_med/0523253b709/714205d3de5b241983083/1611881351_mp3-med.mp3","size":840683},"sample_duration":8.87}},"mobile":{"video":"https://coub-anubis-a.akamaized.net/coub_storage/coub/simple/cw_file/4bbcf9fad18/d32ea585fd50d57c08eb1/muted_mp4_med_size_1611881350_muted_med.mp4","audio":["https://coub-anubis-a.akamaized.net/coub_storage/coub/simple/cw_looped_audio_med/0523253b709/714205d3de5b241983083/1611881351_mp3-med.mp3"]},"share":{"default":"https://coub-anubis-a.akamaized.net/coub_storage/coub/simple/cw_video_for_sharing/30dac04639d/6ff60ef28537d1d9dbe88/1611881379_looped_1611881378.mp4"}},"audio_versions":{},"image_versions":{"template":"https://coub-anubis-a.akamaized.net/coub_storage/coub/simple/cw_image/4e5e96ce429/1a54934b776ef9f0545cb/%{version}_1611881357_00028.jpg","versions":["micro","tiny","age_restricted","ios_large","ios_mosaic","big","med","small","pinterest"]},"first_frame_versions":{"template":"https://coub-anubis-a.akamaized.net/coub_storage/coub/simple/cw_timeline_pic/000e6f5d2bd/87210add2d1ecc116f1b5/%{version}_1611881356_image.jpg","versions":["big","med","small","ios_large"]},"dimensions":{"big":[1280,720],"med":[640,360]},"site_w_h":[640,360],"page_w_h":[640,360],"site_w_h_small":[310,174],"size":[1280,720],"age_restricted":false,"age_restricted_by_admin":false,"not_safe_for_work":false,"allow_reuse":false,"dont_crop":true,"banned":false,"global_safe":true,"audio_file_url":null,"external_download":{"type":"Youtube","service_name":"YouTube","url":"https://www.youtube.com/watch?v=H_Ata-rgN-o","has_embed":true},"application":null,"channel":{"id":330398,"permalink":"followtoisen","title":"Toisen","description":null,"followers_count":16,"following_count":17,"avatar_versions":{"template":"https://coub-anubis-a.akamaized.net/coub_storage/channel/cw_avatar/664cc1be1ca/d55ea3af99a83c526d5b1/%{version}_1563983314_______1.PNG","versions":["medium","medium_2x","profile_pic","profile_pic_new","profile_pic_new_2x","tiny","tiny_2x","small","small_2x","ios_large","ios_small"]}},"file":null,"picture":"https://coub-anubis-a.akamaized.net/coub_storage/coub/simple/cw_image/4e5e96ce429/1a54934b776ef9f0545cb/med_1611881357_00028.jpg","timeline_picture":"https://coub-anubis-a.akamaized.net/coub_storage/coub/simple/cw_timeline_pic/000e6f5d2bd/87210add2d1ecc116f1b5/ios_large_1611881356_image.jpg","small_picture":"https://coub-anubis-a.akamaized.net/coub_storage/coub/simple/cw_image/4e5e96ce429/1a54934b776ef9f0545cb/ios_mosaic_1611881357_00028.jpg","sharing_picture":null,"percent_done":100,"tags":[{"id":668,"title":"russian","value":"russian"},{"id":2234,"title":"meme","value":"meme"},{"id":1468,"title":"terminator","value":"terminator"},{"id":15346,"title":"t-800","value":"t-800"},{"id":36325,"title":"javascript","value":"javascript"}],"categories":[{"id":76,"title":"Science & Technology","permalink":"science-technology","subscriptions_count":10077188,"big_image_url":"https://coub-anubis-a.akamaized.net/coub_storage/category/cw_image/d7b917ae565/55b6fc9b6407f7099c088/big_1544622172_science.png","small_image_url":"https://coub-anubis-a.akamaized.net/coub_storage/category/cw_image/d7b917ae565/55b6fc9b6407f7099c088/small_1544622172_science.png","med_image_url":"https://coub-anubis-a.akamaized.net/coub_storage/category/cw_image/d7b917ae565/55b6fc9b6407f7099c088/med_1544622172_science.png","visible":true}],"communities":[{"id":76,"title":"Science & Technology","permalink":"science-technology","subscriptions_count":10077188,"big_image_url":"https://coub-anubis-a.akamaized.net/coub_storage/category/cw_image/d7b917ae565/55b6fc9b6407f7099c088/big_1544622172_science.png","small_image_url":"https://coub-anubis-a.akamaized.net/coub_storage/category/cw_image/d7b917ae565/55b6fc9b6407f7099c088/small_1544622172_science.png","med_image_url":"https://coub-anubis-a.akamaized.net/coub_storage/category/cw_image/d7b917ae565/55b6fc9b6407f7099c088/med_1544622172_science.png","i_subscribed":true,"community_notifications_enabled":null,"description":null}],"recoubs_count":341,"remixes_count":0,"likes_count":1729,"dislikes_count":0,"raw_video_id":16078661,"uploaded_by_ios_app":false,"uploaded_by_android_app":false,"media_blocks":{"uploaded_raw_videos":[],"external_raw_videos":[{"id":37957896,"title":"Что Делать, если Ты ТОРМОЗ","url":"https://www.youtube.com/watch?v=H_Ata-rgN-o","image":null,"image_retina":null,"meta":{"service":"Youtube","duration":"882.501"},"duration":882.501,"raw_video_id":16078661,"has_embed":true}],"remixed_from_coubs":[],"external_video":{"id":37957896,"title":"Что Делать, если Ты ТОРМОЗ","url":"https://www.youtube.com/watch?v=H_Ata-rgN-o","image":null,"image_retina":null,"meta":{"service":"Youtube","duration":"882.501"},"duration":882.501,"raw_video_id":16078661,"has_embed":true}},"raw_video_thumbnail_url":"/missing/missing.png","raw_video_title":"Что Делать, если Ты ТОРМОЗ","video_block_banned":false,"duration":8.88,"promo_winner":false,"promo_winner_recoubers":null,"editorial_info":{},"promo_hint":null,"beeline_best_2014":null,"from_web_editor":true,"normalize_sound":true,"normalize_change_allowed":true,"best2015_addable":false,"ahmad_promo":null,"promo_data":null,"audio_copyright_claim":null,"ads_disabled":false,"is_safe_for_ads":true,"megafon_contents":[],"position_on_page":2},{"flag":null,"abuses":null,"recoubs_by_users_channels":null,"favourite":false,"promoted_id":null,"recoub":null,"like":null,"dislike":null,"reaction":null,"in_my_best2015":false,"id":152661996,"type":"Coub::Simple","permalink":"2ijli2","title":"SAVE TOOL","visibility_type":"public","original_visibility_type":"public","channel_id":5162277,"created_at":"2020-08-27T21:09:13Z","updated_at":"2022-03-12T12:26:03Z","is_done":true,"views_count":141317,"cotd":null,"cotd_at":null,"visible_on_explore_root":false,"visible_on_explore":false,"featured":false,"published":true,"published_at":"2020-08-27T21:15:11Z","reversed":false,"from_editor_v2":true,"is_editable":true,"original_sound":false,"has_sound":false,"recoub_to":null,"file_versions":{"html5":{"video":{"higher":{"url":"https://coub-anubis-a.akamaized.net/coub_storage/coub/simple/cw_file/bf52d6314e4/47743a9c8f82f1cf2cd29/muted_mp4_huge_size_1598562718_muted_huge.mp4","size":2585459},"high":{"url":"https://coub-anubis-a.akamaized.net/coub_storage/coub/simple/cw_file/bf52d6314e4/47743a9c8f82f1cf2cd29/muted_mp4_big_size_1598562718_muted_big.mp4","size":1720041},"med":{"url":"https://coub-anubis-a.akamaized.net/coub_storage/coub/simple/cw_file/bf52d6314e4/47743a9c8f82f1cf2cd29/muted_mp4_med_size_1598562718_muted_med.mp4","size":500839}},"audio":{"high":{"url":"https://coub-anubis-a.akamaized.net/coub_storage/coub/simple/cw_looped_audio_high/0ad1d0da508/8676045e2c0b1f97fc0bb/1607275366_high_1598562722_high.mp3","size":1294457},"med":{"url":"https://coub-anubis-a.akamaized.net/coub_storage/coub/simple/cw_looped_audio_med/2cdc49b7ad1/93f55d79b7170c83a384e/1607275365_med_1598562722_med.mp3","size":956598}}},"mobile":{"video":"https://coub-anubis-a.akamaized.net/coub_storage/coub/simple/cw_file/bf52d6314e4/47743a9c8f82f1cf2cd29/muted_mp4_med_size_1598562718_muted_med.mp4","audio":["https://coub-anubis-a.akamaized.net/coub_storage/coub/simple/cw_looped_audio_med/2cdc49b7ad1/93f55d79b7170c83a384e/1607275365_med_1598562722_med.mp3"]},"share":{"default":"https://coub-anubis-a.akamaized.net/coub_storage/coub/simple/cw_video_for_sharing/a332b7dec80/4074dfbbabd3bf8aef547/1608406722_looped_1608406721.mp4"}},"audio_versions":{"template":"https://coub-anubis-a.akamaized.net/coub_storage/audio_track/cw_file/d11c8fb6b83/c8c72b7136aff25bc1f77/mid_1598562719_1qijnh3_edited.mp3","versions":["mid","low"]},"image_versions":{"template":"https://coub-anubis-a.akamaized.net/coub_storage/coub/simple/cw_image/095be31b856/70be661dc7c0ad0a60da9/1598562730_00032.jpg","versions":["micro","tiny","age_restricted","ios_large","ios_mosaic","big","med","small","pinterest"]},"first_frame_versions":{"template":"https://coub-anubis-a.akamaized.net/coub_storage/coub/simple/cw_timeline_pic/c4ffbc74b4e/577041c2f4638bd3ada3e/%{version}_1598562729_image.jpg","versions":["big","med","small","ios_large"]},"dimensions":{"big":[1280,674],"med":[640,336]},"site_w_h":[640,337],"page_w_h":[640,337],"site_w_h_small":[310,163],"size":[1280,674],"age_restricted":false,"age_restricted_by_admin":false,"not_safe_for_work":false,"allow_reuse":false,"dont_crop":false,"banned":false,"global_safe":null,"audio_file_url":"https://coub-anubis-a.akamaized.net/coub_storage/audio_track/cw_file/d11c8fb6b83/c8c72b7136aff25bc1f77/low_1598562719_1qijnh3_edited.mp3","external_download":{"type":"Youtube","service_name":"YouTube","url":"https://youtu.be/Y-Dpf-p_Cf8","has_embed":true},"application":null,"channel":{"id":5162277,"permalink":"ingibitorcoub","title":"ingibitor","description":null,"followers_count":386,"following_count":177,"avatar_versions":{"template":"https://coub-anubis-a.akamaized.net/coub_storage/channel/cw_avatar/889768da15d/dbe4c51d63e0b70d9d217/%{version}_1607421658_18wd134_1547178064_ingibitor.jpg","versions":["medium","medium_2x","profile_pic","profile_pic_new","profile_pic_new_2x","tiny","tiny_2x","small","small_2x","ios_large","ios_small"]}},"file":null,"picture":"https://coub-anubis-a.akamaized.net/coub_storage/coub/simple/cw_image/095be31b856/70be661dc7c0ad0a60da9/1598562730_00032.jpg","timeline_picture":"https://coub-anubis-a.akamaized.net/coub_storage/coub/simple/cw_timeline_pic/c4ffbc74b4e/577041c2f4638bd3ada3e/ios_large_1598562729_image.jpg","small_picture":"https://coub-anubis-a.akamaized.net/coub_storage/coub/simple/cw_image/095be31b856/70be661dc7c0ad0a60da9/1598562730_00032.jpg","sharing_picture":null,"percent_done":100,"tags":[],"categories":[{"id":76,"title":"Science & Technology","permalink":"science-technology","subscriptions_count":10077188,"big_image_url":"https://coub-anubis-a.akamaized.net/coub_storage/category/cw_image/d7b917ae565/55b6fc9b6407f7099c088/big_1544622172_science.png","small_image_url":"https://coub-anubis-a.akamaized.net/coub_storage/category/cw_image/d7b917ae565/55b6fc9b6407f7099c088/small_1544622172_science.png","med_image_url":"https://coub-anubis-a.akamaized.net/coub_storage/category/cw_image/d7b917ae565/55b6fc9b6407f7099c088/med_1544622172_science.png","visible":true}],"communities":[{"id":76,"title":"Science & Technology","permalink":"science-technology","subscriptions_count":10077188,"big_image_url":"https://coub-anubis-a.akamaized.net/coub_storage/category/cw_image/d7b917ae565/55b6fc9b6407f7099c088/big_1544622172_science.png","small_image_url":"https://coub-anubis-a.akamaized.net/coub_storage/category/cw_image/d7b917ae565/55b6fc9b6407f7099c088/small_1544622172_science.png","med_image_url":"https://coub-anubis-a.akamaized.net/coub_storage/category/cw_image/d7b917ae565/55b6fc9b6407f7099c088/med_1544622172_science.png","i_subscribed":true,"community_notifications_enabled":null,"description":null}],"recoubs_count":320,"remixes_count":0,"likes_count":1729,"dislikes_count":0,"raw_video_id":15541264,"uploaded_by_ios_app":false,"uploaded_by_android_app":false,"media_blocks":{"uploaded_raw_videos":[],"external_raw_videos":[{"id":36614359,"title":"SAVETOOL - 4","url":"https://www.youtube.com/watch?v=Y-Dpf-p_Cf8","image":null,"image_retina":null,"meta":{"service":"Youtube","duration":"289.8"},"duration":289.8,"raw_video_id":15541264,"has_embed":true}],"remixed_from_coubs":[{"id":36614446,"title":"SAVETOOL","url":"https://coub.com/coubs/2hoy2v/remix","image":"https://coub-anubis-a.akamaized.net/coub_storage/media_block/cw_image/23f0cd9f818/867b8b67634e3c8db8325/1596799030_3k35p5_1596798999_00032.jpg","image_retina":"https://coub-anubis-a.akamaized.net/coub_storage/media_block/cw_image/23f0cd9f818/867b8b67634e3c8db8325/1596799030_3k35p5_1596798999_00032.jpg","meta":{"duration":"10.04"},"duration":null,"coub_channel_title":"Frank","coub_channel_permalink":"frank811","coub_views_count":272186,"coub_permalink":"2hoy2v"}],"external_video":{"id":36614359,"title":"SAVETOOL - 4","url":"https://www.youtube.com/watch?v=Y-Dpf-p_Cf8","image":null,"image_retina":null,"meta":{"service":"Youtube","duration":"289.8"},"duration":289.8,"raw_video_id":15541264,"has_embed":true}},"raw_video_thumbnail_url":"/missing/missing.png","raw_video_title":"SAVETOOL - 4","video_block_banned":false,"duration":9.96,"promo_winner":false,"promo_winner_recoubers":null,"editorial_info":{},"promo_hint":null,"beeline_best_2014":null,"from_web_editor":true,"normalize_sound":false,"normalize_change_allowed":true,"best2015_addable":false,"ahmad_promo":null,"promo_data":null,"audio_copyright_claim":null,"ads_disabled":false,"is_safe_for_ads":true,"megafon_contents":[],"position_on_page":3},{"flag":null,"abuses":null,"recoubs_by_users_channels":null,"favourite":false,"promoted_id":null,"recoub":null,"like":null,"dislike":null,"reaction":null,"in_my_best2015":false,"id":80622765,"type":"Coub::Simple","permalink":"1ble25","title":"Helmet - Sisak","visibility_type":"public","original_visibility_type":"public","channel_id":3552202,"created_at":"2018-07-25T17:54:10Z","updated_at":"2022-03-09T18:05:20Z","is_done":true,"views_count":205484,"cotd":null,"cotd_at":null,"visible_on_explore_root":true,"visible_on_explore":true,"featured":true,"published":true,"published_at":"2018-07-25T17:54:10Z","reversed":false,"from_editor_v2":true,"is_editable":true,"original_sound":true,"has_sound":true,"recoub_to":null,"file_versions":{"html5":{"video":{"higher":{"url":"https://coub-anubis-a.akamaized.net/coub_storage/coub/simple/cw_file/54ec317e243/edccaf8992fcfdd0ec1ae/muted_mp4_huge_size_1568262442_muted_huge.mp4","size":2168538},"high":{"url":"https://coub-anubis-a.akamaized.net/coub_storage/coub/simple/cw_file/54ec317e243/edccaf8992fcfdd0ec1ae/muted_mp4_big_size_1568262442_muted_big.mp4","size":1767397},"med":{"url":"https://coub-anubis-a.akamaized.net/coub_storage/coub/simple/cw_file/54ec317e243/edccaf8992fcfdd0ec1ae/muted_mp4_med_size_1568262442_muted_med.mp4","size":421096}},"audio":{"high":{"url":"https://coub-anubis-a.akamaized.net/coub_storage/coub/simple/cw_looped_audio_high/ec21dd6f0d5/9d1ab4f4b28b7bea9c2c0/1605617214_high_1532541259_high.mp3","size":852783},"med":{"url":"https://coub-anubis-a.akamaized.net/coub_storage/coub/simple/cw_looped_audio_med/5d9cf0c30b1/0728357359d39d95ac66d/1605617214_med_1532541259_med.mp3","size":790444},"sample_duration":10.009}},"mobile":{"video":"https://coub-anubis-a.akamaized.net/coub_storage/coub/simple/cw_file/54ec317e243/edccaf8992fcfdd0ec1ae/muted_mp4_med_size_1568262442_muted_med.mp4","audio":["https://coub-anubis-a.akamaized.net/coub_storage/coub/simple/cw_looped_audio_med/5d9cf0c30b1/0728357359d39d95ac66d/1605617214_med_1532541259_med.mp3"]},"share":{"default":"https://coub-anubis-a.akamaized.net/coub_storage/coub/simple/cw_video_for_sharing/4ad861d08eb/5bda3ad83d959183e83d4/1623236780_looped_1623236778.mp4"}},"audio_versions":{},"image_versions":{"template":"https://coub-anubis-a.akamaized.net/coub_storage/coub/simple/cw_image/c7238b85a05/a3a5130b8f4ab51626bad/1532541265_00032.jpg","versions":["micro","tiny","age_restricted","ios_large","ios_mosaic","big","med","small","pinterest"]},"first_frame_versions":{"template":"https://coub-anubis-a.akamaized.net/coub_storage/coub/simple/cw_timeline_pic/88d422d0e5a/89222993f085692faf447/%{version}_1532541264_image.jpg","versions":["big","med","small","ios_large"]},"dimensions":{"big":[1280,720],"med":[640,360]},"site_w_h":[640,360],"page_w_h":[640,360],"site_w_h_small":[310,174],"size":[1280,720],"age_restricted":false,"age_restricted_by_admin":false,"not_safe_for_work":false,"allow_reuse":false,"dont_crop":false,"banned":false,"global_safe":true,"audio_file_url":null,"external_download":{"type":"Facebook","service_name":"Facebook","url":"http://www.facebook.com/1625295504364187/videos/2195783243982074/","has_embed":false},"application":null,"channel":{"id":3552202,"permalink":"colin-macleod","title":"Colin MacLeod","description":null,"followers_count":326,"following_count":2,"avatar_versions":{"template":"https://coub-anubis-a.akamaized.net/coub_storage/channel/cw_avatar/571c383f830/8f676dc1ae573ce5b7922/%{version}_1625952942_tumblr_m7zcecKUY41qfqx4io1_1280.jpg","versions":["medium","medium_2x","profile_pic","profile_pic_new","profile_pic_new_2x","tiny","tiny_2x","small","small_2x","ios_large","ios_small"]}},"file":null,"picture":"https://coub-anubis-a.akamaized.net/coub_storage/coub/simple/cw_image/c7238b85a05/a3a5130b8f4ab51626bad/1532541265_00032.jpg","timeline_picture":"https://coub-anubis-a.akamaized.net/coub_storage/coub/simple/cw_timeline_pic/88d422d0e5a/89222993f085692faf447/ios_large_1532541264_image.jpg","small_picture":"https://coub-anubis-a.akamaized.net/coub_storage/coub/simple/cw_image/c7238b85a05/a3a5130b8f4ab51626bad/1532541265_00032.jpg","sharing_picture":null,"percent_done":100,"tags":[{"id":51439,"title":"helmet","value":"helmet"},{"id":3555106,"title":"sisak","value":"sisak"},{"id":230193,"title":"dinnye","value":"dinnye"},{"id":107101,"title":"melon","value":"melon"}],"categories":[{"id":76,"title":"Science & Technology","permalink":"science-technology","subscriptions_count":10077188,"big_image_url":"https://coub-anubis-a.akamaized.net/coub_storage/category/cw_image/d7b917ae565/55b6fc9b6407f7099c088/big_1544622172_science.png","small_image_url":"https://coub-anubis-a.akamaized.net/coub_storage/category/cw_image/d7b917ae565/55b6fc9b6407f7099c088/small_1544622172_science.png","med_image_url":"https://coub-anubis-a.akamaized.net/coub_storage/category/cw_image/d7b917ae565/55b6fc9b6407f7099c088/med_1544622172_science.png","visible":true}],"communities":[{"id":76,"title":"Science & Technology","permalink":"science-technology","subscriptions_count":10077188,"big_image_url":"https://coub-anubis-a.akamaized.net/coub_storage/category/cw_image/d7b917ae565/55b6fc9b6407f7099c088/big_1544622172_science.png","small_image_url":"https://coub-anubis-a.akamaized.net/coub_storage/category/cw_image/d7b917ae565/55b6fc9b6407f7099c088/small_1544622172_science.png","med_image_url":"https://coub-anubis-a.akamaized.net/coub_storage/category/cw_image/d7b917ae565/55b6fc9b6407f7099c088/med_1544622172_science.png","i_subscribed":true,"community_notifications_enabled":null,"description":null}],"recoubs_count":260,"remixes_count":2,"likes_count":1728,"dislikes_count":0,"raw_video_id":12097193,"uploaded_by_ios_app":false,"uploaded_by_android_app":false,"media_blocks":{"uploaded_raw_videos":[],"external_raw_videos":[{"id":27446647,"title":"A sisak életet menthet!","url":"https://www.facebook.com/1625295504364187/videos/2195783243982074","image":null,"image_retina":null,"meta":{"service":"Facebook","duration":"20.92"},"duration":20.92,"raw_video_id":12097193,"has_embed":false}],"remixed_from_coubs":[],"external_video":{"id":27446647,"title":"A sisak életet menthet!","url":"https://www.facebook.com/1625295504364187/videos/2195783243982074","image":null,"image_retina":null,"meta":{"service":"Facebook","duration":"20.92"},"duration":20.92,"raw_video_id":12097193,"has_embed":false}},"raw_video_thumbnail_url":"/missing/missing.png","raw_video_title":"A sisak életet menthet!","video_block_banned":false,"duration":10.04,"promo_winner":false,"promo_winner_recoubers":null,"editorial_info":{},"promo_hint":null,"beeline_best_2014":null,"from_web_editor":true,"normalize_sound":true,"normalize_change_allowed":true,"best2015_addable":false,"ahmad_promo":null,"promo_data":null,"audio_copyright_claim":null,"ads_disabled":false,"is_safe_for_ads":true,"megafon_contents":[],"position_on_page":4},{"flag":null,"abuses":null,"recoubs_by_users_channels":null,"favourite":false,"promoted_id":null,"recoub":null,"like":null,"dislike":null,"reaction":null,"in_my_best2015":false,"id":166422090,"type":"Coub::Simple","permalink":"2qqiyc","title":"Ops","visibility_type":"public","original_visibility_type":"public","channel_id":1105049,"created_at":"2021-04-03T12:25:40Z","updated_at":"2022-03-15T21:25:40Z","is_done":true,"views_count":149337,"cotd":null,"cotd_at":null,"visible_on_explore_root":false,"visible_on_explore":false,"featured":false,"published":true,"published_at":"2021-04-03T12:25:40Z","reversed":false,"from_editor_v2":true,"is_editable":true,"original_sound":false,"has_sound":false,"recoub_to":null,"file_versions":{"html5":{"video":{"higher":{"url":"https://coub-anubis-a.akamaized.net/coub_storage/coub/simple/cw_file/e9236a83ef0/1ad42c3ba48596ba320cd/muted_mp4_huge_size_1617452743_muted_huge.mp4","size":1377986},"high":{"url":"https://coub-anubis-a.akamaized.net/coub_storage/coub/simple/cw_file/e9236a83ef0/1ad42c3ba48596ba320cd/muted_mp4_big_size_1617452743_muted_big.mp4","size":798862},"med":{"url":"https://coub-anubis-a.akamaized.net/coub_storage/coub/simple/cw_file/e9236a83ef0/1ad42c3ba48596ba320cd/muted_mp4_med_size_1617452743_muted_med.mp4","size":298520}},"audio":{"high":{"url":"https://coub-anubis-a.akamaized.net/coub_storage/coub/simple/cw_looped_audio_high/b1cf9a53b59/dd9b310aefa675c63de2a/1617452750_mp3-high.mp3","size":1191338},"med":{"url":"https://coub-anubis-a.akamaized.net/coub_storage/coub/simple/cw_looped_audio_med/1b9889463dc/7648bcab0811003a35dd8/1617452749_mp3-med.mp3","size":806478}}},"mobile":{"video":"https://coub-anubis-a.akamaized.net/coub_storage/coub/simple/cw_file/e9236a83ef0/1ad42c3ba48596ba320cd/muted_mp4_med_size_1617452743_muted_med.mp4","audio":["https://coub-anubis-a.akamaized.net/coub_storage/coub/simple/cw_looped_audio_med/1b9889463dc/7648bcab0811003a35dd8/1617452749_mp3-med.mp3"]},"share":{"default":"https://coub-anubis-a.akamaized.net/coub_storage/coub/simple/cw_video_for_sharing/11c9a68813b/3c08ab03aa5301dfc2f71/1617452770_looped_1617452770.mp4"}},"audio_versions":{"template":"https://coub-anubis-a.akamaized.net/coub_storage/audio_track/cw_normalized_copy/5e4541e5225/eb5c692e32c6ef2a1f4df/mid_1617452746_normalized_1617452744_1s742nq_edited.mp3","versions":["mid","low"]},"image_versions":{"template":"https://coub-anubis-a.akamaized.net/coub_storage/coub/simple/cw_image/11bfffcb431/85c5220e08a1512df15db/%{version}_1617452753_00020.jpg","versions":["micro","tiny","age_restricted","ios_large","ios_mosaic","big","med","small","pinterest"]},"first_frame_versions":{"template":"https://coub-anubis-a.akamaized.net/coub_storage/coub/simple/cw_timeline_pic/2e5f5478b3f/31c09209afbabb4734820/%{version}_1617452753_image.jpg","versions":["big","med","small","ios_large"]},"dimensions":{"big":[640,960],"med":[320,480]},"site_w_h":[267,400],"page_w_h":[400,600],"site_w_h_small":[310,465],"size":[640,960],"age_restricted":false,"age_restricted_by_admin":false,"not_safe_for_work":null,"allow_reuse":false,"dont_crop":true,"banned":false,"global_safe":null,"audio_file_url":"https://coub-anubis-a.akamaized.net/coub_storage/audio_track/cw_normalized_copy/5e4541e5225/eb5c692e32c6ef2a1f4df/low_1617452746_normalized_1617452744_1s742nq_edited.mp3","external_download":false,"application":null,"channel":{"id":1105049,"permalink":"roman-dorofeev9","title":"Roman Dorofeev","description":null,"followers_count":5181,"following_count":105,"avatar_versions":{"template":"https://coub-anubis-a.akamaized.net/coub_storage/channel/cw_avatar/e8a1f208ec1/52318f181bec4bd0d61f1/%{version}_1607422437_1ljnt0h_1474650359_1lluz2h_att-url-download.jpg","versions":["medium","medium_2x","profile_pic","profile_pic_new","profile_pic_new_2x","tiny","tiny_2x","small","small_2x","ios_large","ios_small"]}},"file":null,"picture":"https://coub-anubis-a.akamaized.net/coub_storage/coub/simple/cw_image/11bfffcb431/85c5220e08a1512df15db/med_1617452753_00020.jpg","timeline_picture":"https://coub-anubis-a.akamaized.net/coub_storage/coub/simple/cw_timeline_pic/2e5f5478b3f/31c09209afbabb4734820/ios_large_1617452753_image.jpg","small_picture":"https://coub-anubis-a.akamaized.net/coub_storage/coub/simple/cw_image/11bfffcb431/85c5220e08a1512df15db/ios_mosaic_1617452753_00020.jpg","sharing_picture":null,"percent_done":100,"tags":[],"categories":[{"id":76,"title":"Science & Technology","permalink":"science-technology","subscriptions_count":10077188,"big_image_url":"https://coub-anubis-a.akamaized.net/coub_storage/category/cw_image/d7b917ae565/55b6fc9b6407f7099c088/big_1544622172_science.png","small_image_url":"https://coub-anubis-a.akamaized.net/coub_storage/category/cw_image/d7b917ae565/55b6fc9b6407f7099c088/small_1544622172_science.png","med_image_url":"https://coub-anubis-a.akamaized.net/coub_storage/category/cw_image/d7b917ae565/55b6fc9b6407f7099c088/med_1544622172_science.png","visible":true}],"communities":[{"id":76,"title":"Science & Technology","permalink":"science-technology","subscriptions_count":10077188,"big_image_url":"https://coub-anubis-a.akamaized.net/coub_storage/category/cw_image/d7b917ae565/55b6fc9b6407f7099c088/big_1544622172_science.png","small_image_url":"https://coub-anubis-a.akamaized.net/coub_storage/category/cw_image/d7b917ae565/55b6fc9b6407f7099c088/small_1544622172_science.png","med_image_url":"https://coub-anubis-a.akamaized.net/coub_storage/category/cw_image/d7b917ae565/55b6fc9b6407f7099c088/med_1544622172_science.png","i_subscribed":true,"community_notifications_enabled":null,"description":null}],"recoubs_count":359,"remixes_count":0,"likes_count":1727,"dislikes_count":0,"raw_video_id":16319800,"uploaded_by_ios_app":false,"uploaded_by_android_app":false,"media_blocks":{"uploaded_raw_videos":[],"external_raw_videos":[],"remixed_from_coubs":[]},"raw_video_thumbnail_url":"https://coub-anubis-a.akamaized.net/coub_storage/raw_video/cw_image/f2c3a55f446/c8bbb4824a6f7c56ac09b/coub_media_1617451809_image.jpg","raw_video_title":"JoyReactor.gif","video_block_banned":false,"duration":6.32,"promo_winner":false,"promo_winner_recoubers":null,"editorial_info":{},"promo_hint":null,"beeline_best_2014":null,"from_web_editor":true,"normalize_sound":true,"normalize_change_allowed":true,"best2015_addable":false,"ahmad_promo":null,"promo_data":null,"audio_copyright_claim":null,"ads_disabled":null,"is_safe_for_ads":true,"megafon_contents":[],"position_on_page":5},{"flag":null,"abuses":null,"recoubs_by_users_channels":null,"favourite":false,"promoted_id":null,"recoub":null,"like":null,"dislike":null,"reaction":null,"in_my_best2015":false,"id":118565070,"type":"Coub::Simple","permalink":"1y6mrb","title":"Chip and Dale","visibility_type":"public","original_visibility_type":"public","channel_id":437526,"created_at":"2019-07-20T20:11:43Z","updated_at":"2022-03-01T16:48:53Z","is_done":true,"views_count":92471,"cotd":null,"cotd_at":null,"visible_on_explore_root":false,"visible_on_explore":false,"featured":false,"published":true,"published_at":"2019-07-20T20:11:43Z","reversed":false,"from_editor_v2":true,"is_editable":true,"original_sound":false,"has_sound":false,"recoub_to":null,"file_versions":{"html5":{"video":{"higher":{"url":"https://coub-anubis-a.akamaized.net/coub_storage/coub/simple/cw_file/944f65c79df/4d748828bbce795906f2b/muted_mp4_huge_size_1569131074_muted_huge.mp4","size":4708695},"high":{"url":"https://coub-anubis-a.akamaized.net/coub_storage/coub/simple/cw_file/944f65c79df/4d748828bbce795906f2b/muted_mp4_big_size_1569131074_muted_big.mp4","size":3265908},"med":{"url":"https://coub-anubis-a.akamaized.net/coub_storage/coub/simple/cw_file/944f65c79df/4d748828bbce795906f2b/muted_mp4_med_size_1569131074_muted_med.mp4","size":1043765}},"audio":{"high":{"url":"https://coub-anubis-a.akamaized.net/coub_storage/coub/simple/cw_looped_audio_high/548d808f18e/23cc7d90fee9a6a8b1f79/1605647058_high_1563653527_high.mp3","size":635127},"med":{"url":"https://coub-anubis-a.akamaized.net/coub_storage/coub/simple/cw_looped_audio_med/cfa8c942fb5/e5afad3bd9a8792772e45/1605647058_med_1563653527_med.mp3","size":631955}}},"mobile":{"video":"https://coub-anubis-a.akamaized.net/coub_storage/coub/simple/cw_file/944f65c79df/4d748828bbce795906f2b/muted_mp4_med_size_1569131074_muted_med.mp4","audio":["https://coub-anubis-a.akamaized.net/coub_storage/coub/simple/cw_looped_audio_med/cfa8c942fb5/e5afad3bd9a8792772e45/1605647058_med_1563653527_med.mp3"]},"share":{"default":"https://coub-anubis-a.akamaized.net/coub_storage/coub/simple/cw_video_for_sharing/43d74d53725/15247a9c8b71cecce9994/1609891824_looped_1609891823.mp4"}},"audio_versions":{"template":"https://coub-anubis-a.akamaized.net/coub_storage/audio_track/cw_normalized_copy/71f60e6f155/e52b405b4b99c9264d594/mid_1563653521_normalized_1563653161_audio.mp3","versions":["mid","low"]},"image_versions":{"template":"https://coub-anubis-a.akamaized.net/coub_storage/coub/simple/cw_image/790d237f418/ec2b52365769e03bfbab4/1563653539_00032.jpg","versions":["micro","tiny","age_restricted","ios_large","ios_mosaic","big","med","small","pinterest"]},"first_frame_versions":{"template":"https://coub-anubis-a.akamaized.net/coub_storage/coub/simple/cw_timeline_pic/87462a3c7b9/bd89e699331595b50ac3f/1563653538_image.jpg","versions":["big","med","small","ios_large"]},"dimensions":{"big":[1280,720],"med":[640,360]},"site_w_h":[640,360],"page_w_h":[640,360],"site_w_h_small":[310,174],"size":[1280,720],"age_restricted":false,"age_restricted_by_admin":false,"not_safe_for_work":false,"allow_reuse":false,"dont_crop":false,"banned":false,"global_safe":true,"audio_file_url":"https://coub-anubis-a.akamaized.net/coub_storage/audio_track/cw_normalized_copy/71f60e6f155/e52b405b4b99c9264d594/low_1563653521_normalized_1563653161_audio.mp3","external_download":false,"application":null,"channel":{"id":437526,"permalink":"markis-sss","title":"Markis sss","description":null,"followers_count":20,"following_count":4,"avatar_versions":{"template":"https://coub-anubis-a.akamaized.net/coub_storage/channel/cw_avatar/ebf3d918d53/f5176d1bf93e0697c014e/%{version}_1474506683_6zsu1d_att-url-download.png","versions":["medium","medium_2x","profile_pic","profile_pic_new","profile_pic_new_2x","tiny","tiny_2x","small","small_2x","ios_large","ios_small"]}},"file":null,"picture":"https://coub-anubis-a.akamaized.net/coub_storage/coub/simple/cw_image/790d237f418/ec2b52365769e03bfbab4/1563653539_00032.jpg","timeline_picture":"https://coub-anubis-a.akamaized.net/coub_storage/coub/simple/cw_timeline_pic/87462a3c7b9/bd89e699331595b50ac3f/1563653538_image.jpg","small_picture":"https://coub-anubis-a.akamaized.net/coub_storage/coub/simple/cw_image/790d237f418/ec2b52365769e03bfbab4/1563653539_00032.jpg","sharing_picture":null,"percent_done":100,"tags":[{"id":234,"title":"crazy","value":"crazy"},{"id":443,"title":"fail","value":"fail"},{"id":1114,"title":"man","value":"man"},{"id":31186,"title":"build","value":"build"},{"id":153409,"title":"builders","value":"builders"},{"id":112698,"title":"hardwork","value":"hardwork"},{"id":489,"title":"hardcore","value":"hardcore"},{"id":6552,"title":"fan","value":"fan"},{"id":3866,"title":"live","value":"live"},{"id":169,"title":"fun","value":"fun"}],"categories":[{"id":76,"title":"Science & Technology","permalink":"science-technology","subscriptions_count":10077188,"big_image_url":"https://coub-anubis-a.akamaized.net/coub_storage/category/cw_image/d7b917ae565/55b6fc9b6407f7099c088/big_1544622172_science.png","small_image_url":"https://coub-anubis-a.akamaized.net/coub_storage/category/cw_image/d7b917ae565/55b6fc9b6407f7099c088/small_1544622172_science.png","med_image_url":"https://coub-anubis-a.akamaized.net/coub_storage/category/cw_image/d7b917ae565/55b6fc9b6407f7099c088/med_1544622172_science.png","visible":true}],"communities":[{"id":76,"title":"Science & Technology","permalink":"science-technology","subscriptions_count":10077188,"big_image_url":"https://coub-anubis-a.akamaized.net/coub_storage/category/cw_image/d7b917ae565/55b6fc9b6407f7099c088/big_1544622172_science.png","small_image_url":"https://coub-anubis-a.akamaized.net/coub_storage/category/cw_image/d7b917ae565/55b6fc9b6407f7099c088/small_1544622172_science.png","med_image_url":"https://coub-anubis-a.akamaized.net/coub_storage/category/cw_image/d7b917ae565/55b6fc9b6407f7099c088/med_1544622172_science.png","i_subscribed":true,"community_notifications_enabled":null,"description":null}],"recoubs_count":334,"remixes_count":0,"likes_count":1727,"dislikes_count":0,"raw_video_id":14000739,"uploaded_by_ios_app":false,"uploaded_by_android_app":false,"media_blocks":{"uploaded_raw_videos":[],"external_raw_videos":[],"remixed_from_coubs":[]},"raw_video_thumbnail_url":"/missing/missing.png","raw_video_title":"1563652182168574015.gif","video_block_banned":false,"duration":10.0,"promo_winner":false,"promo_winner_recoubers":null,"editorial_info":{},"promo_hint":null,"beeline_best_2014":null,"from_web_editor":true,"normalize_sound":true,"normalize_change_allowed":true,"best2015_addable":false,"ahmad_promo":null,"promo_data":null,"audio_copyright_claim":null,"ads_disabled":false,"is_safe_for_ads":true,"megafon_contents":[],"position_on_page":6},{"flag":null,"abuses":null,"recoubs_by_users_channels":null,"favourite":false,"promoted_id":null,"recoub":null,"like":null,"dislike":null,"reaction":null,"in_my_best2015":false,"id":171111700,"type":"Coub::Simple","permalink":"2tj1ig","title":"True Radeon","visibility_type":"public","original_visibility_type":"public","channel_id":2709126,"created_at":"2021-06-25T10:16:03Z","updated_at":"2022-03-16T05:14:57Z","is_done":true,"views_count":108847,"cotd":null,"cotd_at":null,"visible_on_explore_root":false,"visible_on_explore":false,"featured":false,"published":true,"published_at":"2021-06-25T10:16:03Z","reversed":false,"from_editor_v2":true,"is_editable":true,"original_sound":false,"has_sound":false,"recoub_to":null,"file_versions":{"html5":{"video":{"higher":{"url":"https://coub-anubis-a.akamaized.net/coub_storage/coub/simple/cw_file/e0242c04440/8394037229b7f812e114d/muted_mp4_huge_size_1624616168_muted_huge.mp4","size":3645028},"high":{"url":"https://coub-anubis-a.akamaized.net/coub_storage/coub/simple/cw_file/e0242c04440/8394037229b7f812e114d/muted_mp4_big_size_1624616168_muted_big.mp4","size":2215437},"med":{"url":"https://coub-anubis-a.akamaized.net/coub_storage/coub/simple/cw_file/e0242c04440/8394037229b7f812e114d/muted_mp4_med_size_1624616168_muted_med.mp4","size":707763}},"audio":{"high":{"url":"https://coub-anubis-a.akamaized.net/coub_storage/coub/simple/cw_looped_audio_high/bcdc9a2ba69/790226db55ee9dd1dec04/1624616190_mp3-high.mp3","size":2403322},"med":{"url":"https://coub-anubis-a.akamaized.net/coub_storage/coub/simple/cw_looped_audio_med/157f1bb655b/13e10b9739087b8decb9d/1624616188_mp3-med.mp3","size":1756091}}},"mobile":{"video":"https://coub-anubis-a.akamaized.net/coub_storage/coub/simple/cw_file/e0242c04440/8394037229b7f812e114d/muted_mp4_med_size_1624616168_muted_med.mp4","audio":["https://coub-anubis-a.akamaized.net/coub_storage/coub/simple/cw_looped_audio_med/157f1bb655b/13e10b9739087b8decb9d/1624616188_mp3-med.mp3"]},"share":{"default":"https://coub-anubis-a.akamaized.net/coub_storage/coub/simple/cw_video_for_sharing/cc5b27c9716/5905f1d0496dc630dfb8c/1624616249_looped_1624616246.mp4"}},"audio_versions":{"template":"https://coub-anubis-a.akamaized.net/coub_storage/audio_track/cw_normalized_copy/25946fb7bfb/70ceb393819babe45e53c/mid_1624616181_normalized_1624616170_1gvd6sz_edited.mp3","versions":["mid","low"]},"image_versions":{"template":"https://coub-anubis-a.akamaized.net/coub_storage/coub/simple/cw_image/9e5ccaa6bad/af979e2e833eb67b2135b/%{version}_1624616196_00032.jpg","versions":["micro","tiny","age_restricted","ios_large","ios_mosaic","big","med","small","pinterest"]},"first_frame_versions":{"template":"https://coub-anubis-a.akamaized.net/coub_storage/coub/simple/cw_timeline_pic/132b0992334/bd633356448394a10720f/%{version}_1624616196_image.jpg","versions":["big","med","small","ios_large"]},"dimensions":{"big":[1280,700],"med":[640,350]},"site_w_h":[640,350],"page_w_h":[640,350],"site_w_h_small":[310,170],"size":[1280,700],"age_restricted":false,"age_restricted_by_admin":false,"not_safe_for_work":false,"allow_reuse":false,"dont_crop":true,"banned":false,"global_safe":null,"audio_file_url":"https://coub-anubis-a.akamaized.net/coub_storage/audio_track/cw_normalized_copy/25946fb7bfb/70ceb393819babe45e53c/low_1624616181_normalized_1624616170_1gvd6sz_edited.mp3","external_download":false,"application":null,"channel":{"id":2709126,"permalink":"legiomortis","title":"LegioMortis","description":null,"followers_count":30,"following_count":5,"avatar_versions":{"template":"https://coubsecureassets-a.akamaihd.net/assets/default-avatars/316-2b45358bd3daa464485e8fb794e28528beb2ef8efaa1db8f7a6bfd8ff7c36120.png"}},"file":null,"picture":"https://coub-anubis-a.akamaized.net/coub_storage/coub/simple/cw_image/9e5ccaa6bad/af979e2e833eb67b2135b/med_1624616196_00032.jpg","timeline_picture":"https://coub-anubis-a.akamaized.net/coub_storage/coub/simple/cw_timeline_pic/132b0992334/bd633356448394a10720f/ios_large_1624616196_image.jpg","small_picture":"https://coub-anubis-a.akamaized.net/coub_storage/coub/simple/cw_image/9e5ccaa6bad/af979e2e833eb67b2135b/ios_mosaic_1624616196_00032.jpg","sharing_picture":null,"percent_done":100,"tags":[{"id":299821,"title":"amd radeon","value":"amd%20radeon"},{"id":132686,"title":"radeon","value":"radeon"},{"id":54425,"title":"amd","value":"amd"},{"id":12651,"title":"nazi","value":"nazi"},{"id":577721,"title":"wenn die soldaten","value":"wenn%20die%20soldaten"}],"categories":[{"id":76,"title":"Science & Technology","permalink":"science-technology","subscriptions_count":10077188,"big_image_url":"https://coub-anubis-a.akamaized.net/coub_storage/category/cw_image/d7b917ae565/55b6fc9b6407f7099c088/big_1544622172_science.png","small_image_url":"https://coub-anubis-a.akamaized.net/coub_storage/category/cw_image/d7b917ae565/55b6fc9b6407f7099c088/small_1544622172_science.png","med_image_url":"https://coub-anubis-a.akamaized.net/coub_storage/category/cw_image/d7b917ae565/55b6fc9b6407f7099c088/med_1544622172_science.png","visible":true}],"communities":[{"id":76,"title":"Science & Technology","permalink":"science-technology","subscriptions_count":10077188,"big_image_url":"https://coub-anubis-a.akamaized.net/coub_storage/category/cw_image/d7b917ae565/55b6fc9b6407f7099c088/big_1544622172_science.png","small_image_url":"https://coub-anubis-a.akamaized.net/coub_storage/category/cw_image/d7b917ae565/55b6fc9b6407f7099c088/small_1544622172_science.png","med_image_url":"https://coub-anubis-a.akamaized.net/coub_storage/category/cw_image/d7b917ae565/55b6fc9b6407f7099c088/med_1544622172_science.png","i_subscribed":true,"community_notifications_enabled":null,"description":null}],"recoubs_count":301,"remixes_count":1,"likes_count":1726,"dislikes_count":0,"raw_video_id":"","uploaded_by_ios_app":false,"uploaded_by_android_app":false,"media_blocks":{"uploaded_raw_videos":[],"external_raw_videos":[],"remixed_from_coubs":[{"id":39142171,"title":"Radeon, wtf?","url":"https://coub.com/coubs/2thpvt/remix","image":"https://coub-anubis-a.akamaized.net/coub_storage/media_block/cw_image/500808e265d/e78ac03f103e0e8f363d6/video_1624523325_gtspq3_1624523270_00032.jpg","image_retina":"https://coub-anubis-a.akamaized.net/coub_storage/media_block/cw_image/500808e265d/e78ac03f103e0e8f363d6/video_retina_1624523325_gtspq3_1624523270_00032.jpg","meta":{"duration":"10.0"},"duration":null,"coub_channel_title":"Keenko215","coub_channel_permalink":"keenko215","coub_views_count":252294,"coub_permalink":"2thpvt"}]},"raw_video_thumbnail_url":"","raw_video_title":"","video_block_banned":false,"duration":10.0,"promo_winner":false,"promo_winner_recoubers":null,"editorial_info":{},"promo_hint":null,"beeline_best_2014":null,"from_web_editor":true,"normalize_sound":true,"normalize_change_allowed":true,"best2015_addable":false,"ahmad_promo":null,"promo_data":null,"audio_copyright_claim":null,"ads_disabled":false,"is_safe_for_ads":true,"megafon_contents":[],"position_on_page":7},{"flag":null,"abuses":null,"recoubs_by_users_channels":null,"favourite":false,"promoted_id":null,"recoub":null,"like":null,"dislike":null,"reaction":null,"in_my_best2015":false,"id":143241576,"type":"Coub::Simple","permalink":"2cxolp","title":" The Slow Mo Guys","visibility_type":"public","original_visibility_type":"public","channel_id":3634768,"created_at":"2020-04-25T08:05:29Z","updated_at":"2022-03-16T00:57:10Z","is_done":true,"views_count":179405,"cotd":null,"cotd_at":null,"visible_on_explore_root":true,"visible_on_explore":true,"featured":true,"published":true,"published_at":"2020-04-25T08:05:29Z","reversed":false,"from_editor_v2":true,"is_editable":true,"original_sound":true,"has_sound":true,"recoub_to":null,"file_versions":{"html5":{"video":{"higher":{"url":"https://coub-anubis-a.akamaized.net/coub_storage/coub/simple/cw_file/f78d6041171/3bdbfbc8bd6990b9fe73b/muted_mp4_huge_size_1587801957_muted_huge.mp4","size":2355563},"high":{"url":"https://coub-anubis-a.akamaized.net/coub_storage/coub/simple/cw_file/f78d6041171/3bdbfbc8bd6990b9fe73b/muted_mp4_big_size_1587801957_muted_big.mp4","size":1330758},"med":{"url":"https://coub-anubis-a.akamaized.net/coub_storage/coub/simple/cw_file/f78d6041171/3bdbfbc8bd6990b9fe73b/muted_mp4_med_size_1587801957_muted_med.mp4","size":346528}},"audio":{"high":{"url":"https://coub-anubis-a.akamaized.net/coub_storage/coub/simple/cw_looped_audio_high/294126c705c/81d8ea06db9836fa66c5b/1605696410_high_1587801957_high.mp3","size":994317},"med":{"url":"https://coub-anubis-a.akamaized.net/coub_storage/coub/simple/cw_looped_audio_med/ea052d1d823/91bdb10123b559d745b90/1605696410_med_1587801957_med.mp3","size":799076},"sample_duration":10.008}},"mobile":{"video":"https://coub-anubis-a.akamaized.net/coub_storage/coub/simple/cw_file/f78d6041171/3bdbfbc8bd6990b9fe73b/muted_mp4_med_size_1587801957_muted_med.mp4","audio":["https://coub-anubis-a.akamaized.net/coub_storage/coub/simple/cw_looped_audio_med/ea052d1d823/91bdb10123b559d745b90/1605696410_med_1587801957_med.mp3"]},"share":{"default":"https://coub-anubis-a.akamaized.net/coub_storage/coub/simple/cw_video_for_sharing/22a9dc576e9/351c3a67c7d51b89ada3a/1608185221_looped_1608185219.mp4"}},"audio_versions":{},"image_versions":{"template":"https://coub-anubis-a.akamaized.net/coub_storage/coub/simple/cw_image/a7ebb7da673/fd02d7964735869bca58c/1587801964_00032.jpg","versions":["micro","tiny","age_restricted","ios_large","ios_mosaic","big","med","small","pinterest"]},"first_frame_versions":{"template":"https://coub-anubis-a.akamaized.net/coub_storage/coub/simple/cw_timeline_pic/641be411e01/402fef4076421a576e832/1587801963_image.jpg","versions":["big","med","small","ios_large"]},"dimensions":{"big":[1280,720],"med":[640,360]},"site_w_h":[640,360],"page_w_h":[640,360],"site_w_h_small":[310,174],"size":[1280,720],"age_restricted":false,"age_restricted_by_admin":false,"not_safe_for_work":false,"allow_reuse":false,"dont_crop":false,"banned":false,"global_safe":true,"audio_file_url":null,"external_download":false,"application":null,"channel":{"id":3634768,"permalink":"semenalmaz","title":"SemenAlmaz","description":null,"followers_count":29,"following_count":2,"avatar_versions":{"template":"https://coub-anubis-a.akamaized.net/coub_storage/channel/cw_avatar/8c3784b9353/559fdb0473fcc15204c63/%{version}_1607573131_1vfkonn_1497871109_G0010001.JPG","versions":["medium","medium_2x","profile_pic","profile_pic_new","profile_pic_new_2x","tiny","tiny_2x","small","small_2x","ios_large","ios_small"]}},"file":null,"picture":"https://coub-anubis-a.akamaized.net/coub_storage/coub/simple/cw_image/a7ebb7da673/fd02d7964735869bca58c/1587801964_00032.jpg","timeline_picture":"https://coub-anubis-a.akamaized.net/coub_storage/coub/simple/cw_timeline_pic/641be411e01/402fef4076421a576e832/1587801963_image.jpg","small_picture":"https://coub-anubis-a.akamaized.net/coub_storage/coub/simple/cw_image/a7ebb7da673/fd02d7964735869bca58c/1587801964_00032.jpg","sharing_picture":null,"percent_done":100,"tags":[{"id":16941,"title":"the slow mo guys","value":"the%20slow%20mo%20guys"},{"id":12711,"title":"slow mo","value":"slow%20mo"},{"id":34964,"title":"slowmo","value":"slowmo"}],"categories":[{"id":76,"title":"Science & Technology","permalink":"science-technology","subscriptions_count":10077188,"big_image_url":"https://coub-anubis-a.akamaized.net/coub_storage/category/cw_image/d7b917ae565/55b6fc9b6407f7099c088/big_1544622172_science.png","small_image_url":"https://coub-anubis-a.akamaized.net/coub_storage/category/cw_image/d7b917ae565/55b6fc9b6407f7099c088/small_1544622172_science.png","med_image_url":"https://coub-anubis-a.akamaized.net/coub_storage/category/cw_image/d7b917ae565/55b6fc9b6407f7099c088/med_1544622172_science.png","visible":true}],"communities":[{"id":76,"title":"Science & Technology","permalink":"science-technology","subscriptions_count":10077188,"big_image_url":"https://coub-anubis-a.akamaized.net/coub_storage/category/cw_image/d7b917ae565/55b6fc9b6407f7099c088/big_1544622172_science.png","small_image_url":"https://coub-anubis-a.akamaized.net/coub_storage/category/cw_image/d7b917ae565/55b6fc9b6407f7099c088/small_1544622172_science.png","med_image_url":"https://coub-anubis-a.akamaized.net/coub_storage/category/cw_image/d7b917ae565/55b6fc9b6407f7099c088/med_1544622172_science.png","i_subscribed":true,"community_notifications_enabled":null,"description":null}],"recoubs_count":365,"remixes_count":0,"likes_count":1726,"dislikes_count":0,"raw_video_id":15130144,"uploaded_by_ios_app":false,"uploaded_by_android_app":false,"media_blocks":{"uploaded_raw_videos":[],"external_raw_videos":[],"remixed_from_coubs":[]},"raw_video_thumbnail_url":"/missing/missing.png","raw_video_title":"WWII_Tanks_Firing_in_Slow_Motion_-_YouTube_-_Google_Chrome_2020-04-25_17-56-06.mp4","video_block_banned":false,"duration":10.0,"promo_winner":false,"promo_winner_recoubers":null,"editorial_info":{},"promo_hint":null,"beeline_best_2014":null,"from_web_editor":true,"normalize_sound":true,"normalize_change_allowed":true,"best2015_addable":false,"ahmad_promo":null,"promo_data":null,"audio_copyright_claim":null,"ads_disabled":false,"is_safe_for_ads":true,"megafon_contents":[],"position_on_page":8},{"flag":null,"abuses":null,"recoubs_by_users_channels":null,"favourite":false,"promoted_id":null,"recoub":null,"like":null,"dislike":null,"reaction":null,"in_my_best2015":false,"id":148061772,"type":"Coub::Simple","permalink":"2fszx1","title":"Почему колея в России не такая, как в Европе?","visibility_type":"public","original_visibility_type":"public","channel_id":3928343,"created_at":"2020-06-24T08:01:10Z","updated_at":"2022-03-15T21:32:48Z","is_done":true,"views_count":161263,"cotd":null,"cotd_at":null,"visible_on_explore_root":false,"visible_on_explore":false,"featured":false,"published":true,"published_at":"2020-06-24T08:01:10Z","reversed":false,"from_editor_v2":true,"is_editable":true,"original_sound":true,"has_sound":true,"recoub_to":null,"file_versions":{"html5":{"video":{"higher":{"url":"https://coub-anubis-a.akamaized.net/coub_storage/coub/simple/cw_file/9929f1a53af/e5fee1409bb3a4aef024d/muted_mp4_huge_size_1592985718_muted_huge.mp4","size":2107262},"high":{"url":"https://coub-anubis-a.akamaized.net/coub_storage/coub/simple/cw_file/9929f1a53af/e5fee1409bb3a4aef024d/muted_mp4_big_size_1592985718_muted_big.mp4","size":1361425},"med":{"url":"https://coub-anubis-a.akamaized.net/coub_storage/coub/simple/cw_file/9929f1a53af/e5fee1409bb3a4aef024d/muted_mp4_med_size_1592985718_muted_med.mp4","size":301271}},"audio":{"high":{"url":"https://coub-anubis-a.akamaized.net/coub_storage/coub/simple/cw_looped_audio_high/4bca9f71b34/27c4376d205022b8253b4/1605683515_high_1592985718_high.mp3","size":906832},"med":{"url":"https://coub-anubis-a.akamaized.net/coub_storage/coub/simple/cw_looped_audio_med/b46d66d0ccd/481cd9bcc38a1548710a0/1605683514_med_1592985718_med.mp3","size":895774},"sample_duration":9.381}},"mobile":{"video":"https://coub-anubis-a.akamaized.net/coub_storage/coub/simple/cw_file/9929f1a53af/e5fee1409bb3a4aef024d/muted_mp4_med_size_1592985718_muted_med.mp4","audio":["https://coub-anubis-a.akamaized.net/coub_storage/coub/simple/cw_looped_audio_med/b46d66d0ccd/481cd9bcc38a1548710a0/1605683514_med_1592985718_med.mp3"]},"share":{"default":"https://coub-anubis-a.akamaized.net/coub_storage/coub/simple/cw_video_for_sharing/17e9809088e/71828e6f8be4ce6e54e60/1612839939_looped_1612839939.mp4"}},"audio_versions":{},"image_versions":{"template":"https://coub-anubis-a.akamaized.net/coub_storage/coub/simple/cw_image/a22c1acbc09/025960ebdabe2d34440ad/1592985725_00030.jpg","versions":["micro","tiny","age_restricted","ios_large","ios_mosaic","big","med","small","pinterest"]},"first_frame_versions":{"template":"https://coub-anubis-a.akamaized.net/coub_storage/coub/simple/cw_timeline_pic/484b30be0c0/33b7c817e0b071d1db634/%{version}_1592985724_image.jpg","versions":["big","med","small","ios_large"]},"dimensions":{"big":[1280,720],"med":[640,360]},"site_w_h":[640,360],"page_w_h":[640,360],"site_w_h_small":[310,174],"size":[1280,720],"age_restricted":false,"age_restricted_by_admin":false,"not_safe_for_work":false,"allow_reuse":false,"dont_crop":true,"banned":false,"global_safe":false,"audio_file_url":null,"external_download":{"type":"Youtube","service_name":"YouTube","url":"https://www.youtube.com/watch?v=ZylQ0S3NsWM","has_embed":true},"application":null,"channel":{"id":3928343,"permalink":"ston-bati","title":"Ston bati","description":null,"followers_count":30,"following_count":0,"avatar_versions":{"template":"https://coub-anubis-a.akamaized.net/coub_storage/channel/cw_avatar/acec9032f35/4030c4a6d6305fd8dd782/%{version}_1613395758_dhIg5I0aBwk.jpg","versions":["medium","medium_2x","profile_pic","profile_pic_new","profile_pic_new_2x","tiny","tiny_2x","small","small_2x","ios_large","ios_small"]}},"file":null,"picture":"https://coub-anubis-a.akamaized.net/coub_storage/coub/simple/cw_image/a22c1acbc09/025960ebdabe2d34440ad/1592985725_00030.jpg","timeline_picture":"https://coub-anubis-a.akamaized.net/coub_storage/coub/simple/cw_timeline_pic/484b30be0c0/33b7c817e0b071d1db634/ios_large_1592985724_image.jpg","small_picture":"https://coub-anubis-a.akamaized.net/coub_storage/coub/simple/cw_image/a22c1acbc09/025960ebdabe2d34440ad/1592985725_00030.jpg","sharing_picture":null,"percent_done":100,"tags":[{"id":117727,"title":"галилео","value":"%D0%B3%D0%B0%D0%BB%D0%B8%D0%BB%D0%B5%D0%BE"},{"id":97778,"title":"пушной","value":"%D0%BF%D1%83%D1%88%D0%BD%D0%BE%D0%B9"},{"id":9999,"title":"стс","value":"%D1%81%D1%82%D1%81"},{"id":132518,"title":"galileo","value":"galileo"},{"id":5588,"title":"наука","value":"%D0%BD%D0%B0%D1%83%D0%BA%D0%B0"},{"id":2031,"title":"science","value":"science"},{"id":566543,"title":"научпоп","value":"%D0%BD%D0%B0%D1%83%D1%87%D0%BF%D0%BE%D0%BF"},{"id":47333,"title":"образование","value":"%D0%BE%D0%B1%D1%80%D0%B0%D0%B7%D0%BE%D0%B2%D0%B0%D0%BD%D0%B8%D0%B5"},{"id":20307,"title":"education","value":"education"},{"id":5745688,"title":"ж/д колея","value":"%D0%B6/%D0%B4%20%D0%BA%D0%BE%D0%BB%D0%B5%D1%8F"},{"id":76285,"title":"железная дорога","value":"%D0%B6%D0%B5%D0%BB%D0%B5%D0%B7%D0%BD%D0%B0%D1%8F%20%D0%B4%D0%BE%D1%80%D0%BE%D0%B3%D0%B0"},{"id":1609414,"title":"колея","value":"%D0%BA%D0%BE%D0%BB%D0%B5%D1%8F"},{"id":1254,"title":"поезд","value":"%D0%BF%D0%BE%D0%B5%D0%B7%D0%B4"},{"id":1258,"title":"рельсы","value":"%D1%80%D0%B5%D0%BB%D1%8C%D1%81%D1%8B"},{"id":82396,"title":"ржд","value":"%D1%80%D0%B6%D0%B4"},{"id":246215,"title":"железная","value":"%D0%B6%D0%B5%D0%BB%D0%B5%D0%B7%D0%BD%D0%B0%D1%8F"},{"id":1255,"title":"дорога","value":"%D0%B4%D0%BE%D1%80%D0%BE%D0%B3%D0%B0"},{"id":5745689,"title":"железнодорожная колея","value":"%D0%B6%D0%B5%D0%BB%D0%B5%D0%B7%D0%BD%D0%BE%D0%B4%D0%BE%D1%80%D0%BE%D0%B6%D0%BD%D0%B0%D1%8F%20%D0%BA%D0%BE%D0%BB%D0%B5%D1%8F"},{"id":58925,"title":"поезда","value":"%D0%BF%D0%BE%D0%B5%D0%B7%D0%B4%D0%B0"},{"id":11236,"title":"транспорт","value":"%D1%82%D1%80%D0%B0%D0%BD%D1%81%D0%BF%D0%BE%D1%80%D1%82"},{"id":207812,"title":"шпалы","value":"%D1%88%D0%BF%D0%B0%D0%BB%D1%8B"},{"id":1840621,"title":"railway track","value":"railway%20track"}],"categories":[{"id":76,"title":"Science & Technology","permalink":"science-technology","subscriptions_count":10077188,"big_image_url":"https://coub-anubis-a.akamaized.net/coub_storage/category/cw_image/d7b917ae565/55b6fc9b6407f7099c088/big_1544622172_science.png","small_image_url":"https://coub-anubis-a.akamaized.net/coub_storage/category/cw_image/d7b917ae565/55b6fc9b6407f7099c088/small_1544622172_science.png","med_image_url":"https://coub-anubis-a.akamaized.net/coub_storage/category/cw_image/d7b917ae565/55b6fc9b6407f7099c088/med_1544622172_science.png","visible":true}],"communities":[{"id":76,"title":"Science & Technology","permalink":"science-technology","subscriptions_count":10077188,"big_image_url":"https://coub-anubis-a.akamaized.net/coub_storage/category/cw_image/d7b917ae565/55b6fc9b6407f7099c088/big_1544622172_science.png","small_image_url":"https://coub-anubis-a.akamaized.net/coub_storage/category/cw_image/d7b917ae565/55b6fc9b6407f7099c088/small_1544622172_science.png","med_image_url":"https://coub-anubis-a.akamaized.net/coub_storage/category/cw_image/d7b917ae565/55b6fc9b6407f7099c088/med_1544622172_science.png","i_subscribed":true,"community_notifications_enabled":null,"description":null}],"recoubs_count":327,"remixes_count":0,"likes_count":1725,"dislikes_count":0,"raw_video_id":15383590,"uploaded_by_ios_app":false,"uploaded_by_android_app":false,"media_blocks":{"uploaded_raw_videos":[],"external_raw_videos":[{"id":36215237,"title":"Галилео 🛤 Почему колея в России не такая, как в Европе?","url":"https://www.youtube.com/watch?v=ZylQ0S3NsWM","image":"https://coub-anubis-a.akamaized.net/coub_storage/media_block/cw_image/0fabeeda7b4/9328a9d716796e19f77c4/1592985280_fny24t_1592985224_1s7akwz_att-url-download.jpg","image_retina":"https://coub-anubis-a.akamaized.net/coub_storage/media_block/cw_image/0fabeeda7b4/9328a9d716796e19f77c4/1592985280_fny24t_1592985224_1s7akwz_att-url-download.jpg","meta":{"service":"Youtube","duration":"281.8"},"duration":281.8,"raw_video_id":15383590,"has_embed":true}],"remixed_from_coubs":[],"external_video":{"id":36215237,"title":"Галилео 🛤 Почему колея в России не такая, как в Европе?","url":"https://www.youtube.com/watch?v=ZylQ0S3NsWM","image":"https://coub-anubis-a.akamaized.net/coub_storage/media_block/cw_image/0fabeeda7b4/9328a9d716796e19f77c4/1592985280_fny24t_1592985224_1s7akwz_att-url-download.jpg","image_retina":"https://coub-anubis-a.akamaized.net/coub_storage/media_block/cw_image/0fabeeda7b4/9328a9d716796e19f77c4/1592985280_fny24t_1592985224_1s7akwz_att-url-download.jpg","meta":{"service":"Youtube","duration":"281.8"},"duration":281.8,"raw_video_id":15383590,"has_embed":true}},"raw_video_thumbnail_url":"/missing/missing.png","raw_video_title":"Галилео 🛤 Почему колея в России не такая, как в Европе?","video_block_banned":false,"duration":9.4,"promo_winner":false,"promo_winner_recoubers":null,"editorial_info":{},"promo_hint":null,"beeline_best_2014":null,"from_web_editor":true,"normalize_sound":false,"normalize_change_allowed":true,"best2015_addable":false,"ahmad_promo":null,"promo_data":null,"audio_copyright_claim":null,"ads_disabled":false,"is_safe_for_ads":true,"megafon_contents":[],"position_on_page":9},{"flag":null,"abuses":null,"recoubs_by_users_channels":null,"favourite":false,"promoted_id":null,"recoub":null,"like":null,"dislike":null,"reaction":null,"in_my_best2015":false,"id":112340739,"type":"Coub::Simple","permalink":"1uh7zy","title":"Skill vs. Technology","visibility_type":"public","original_visibility_type":"public","channel_id":342063,"created_at":"2019-05-18T21:11:43Z","updated_at":"2022-03-05T22:38:56Z","is_done":true,"views_count":86002,"cotd":null,"cotd_at":null,"visible_on_explore_root":false,"visible_on_explore":false,"featured":false,"published":true,"published_at":"2019-07-08T14:40:24Z","reversed":false,"from_editor_v2":true,"is_editable":true,"original_sound":true,"has_sound":true,"recoub_to":null,"file_versions":{"html5":{"video":{"higher":{"url":"https://coub-anubis-a.akamaized.net/coub_storage/coub/simple/cw_file/d34050cb0c7/159331f400e3e811ec8b7/muted_mp4_huge_size_1570799142_muted_huge.mp4","size":5178933},"high":{"url":"https://coub-anubis-a.akamaized.net/coub_storage/coub/simple/cw_file/d34050cb0c7/159331f400e3e811ec8b7/muted_mp4_big_size_1570799142_muted_big.mp4","size":3934196},"med":{"url":"https://coub-anubis-a.akamaized.net/coub_storage/coub/simple/cw_file/d34050cb0c7/159331f400e3e811ec8b7/muted_mp4_med_size_1570799142_muted_med.mp4","size":1313884}},"audio":{"high":{"url":"https://coub-anubis-a.akamaized.net/coub_storage/coub/simple/cw_looped_audio_high/39cb9a32039/c0979fa1d967c7cf25f27/1605668578_high_1562596921_high.mp3","size":989026},"med":{"url":"https://coub-anubis-a.akamaized.net/coub_storage/coub/simple/cw_looped_audio_med/3eb4e853972/5d241563866287bcde582/1605668578_med_1562596921_med.mp3","size":799076},"sample_duration":10.009}},"mobile":{"video":"https://coub-anubis-a.akamaized.net/coub_storage/coub/simple/cw_file/d34050cb0c7/159331f400e3e811ec8b7/muted_mp4_med_size_1570799142_muted_med.mp4","audio":["https://coub-anubis-a.akamaized.net/coub_storage/coub/simple/cw_looped_audio_med/3eb4e853972/5d241563866287bcde582/1605668578_med_1562596921_med.mp3"]},"share":{"default":"https://coub-anubis-a.akamaized.net/coub_storage/coub/simple/cw_video_for_sharing/acd89c459db/25bb29e24a656c0375c71/1635516941_looped_1635516939.mp4"}},"audio_versions":{},"image_versions":{"template":"https://coub-anubis-a.akamaized.net/coub_storage/coub/simple/cw_image/ca12b0e86af/0f4de4a503eacb7fdd3a8/1562596937_00032.jpg","versions":["micro","tiny","age_restricted","ios_large","ios_mosaic","big","med","small","pinterest"]},"first_frame_versions":{"template":"https://coub-anubis-a.akamaized.net/coub_storage/coub/simple/cw_timeline_pic/e0ef27f5639/d84d2fde152360c33984a/%{version}_1562596935_image.jpg","versions":["big","med","small","ios_large"]},"dimensions":{"big":[1280,720],"med":[640,360]},"site_w_h":[640,360],"page_w_h":[640,360],"site_w_h_small":[310,174],"size":[1280,720],"age_restricted":false,"age_restricted_by_admin":false,"not_safe_for_work":false,"allow_reuse":false,"dont_crop":false,"banned":false,"global_safe":true,"audio_file_url":null,"external_download":{"type":"Youtube","service_name":"YouTube","url":"https://www.youtube.com/watch?v=O7m6gRfsiuc","has_embed":true},"application":null,"channel":{"id":342063,"permalink":"tohimuro","title":"Tohimuro","description":"Спасибо за подписку.\r\nThanks for subscribing.","followers_count":95,"following_count":0,"avatar_versions":{"template":"https://coub-anubis-a.akamaized.net/coub_storage/channel/cw_avatar/fb7c469b920/1c94c7860572efb3778f7/%{version}_1607617960_2awrx9_1474500522_Animals_Cats_Cat_in_the_glasses_032992__-______.jpg","versions":["medium","medium_2x","profile_pic","profile_pic_new","profile_pic_new_2x","tiny","tiny_2x","small","small_2x","ios_large","ios_small"]}},"file":null,"picture":"https://coub-anubis-a.akamaized.net/coub_storage/coub/simple/cw_image/ca12b0e86af/0f4de4a503eacb7fdd3a8/1562596937_00032.jpg","timeline_picture":"https://coub-anubis-a.akamaized.net/coub_storage/coub/simple/cw_timeline_pic/e0ef27f5639/d84d2fde152360c33984a/ios_large_1562596935_image.jpg","small_picture":"https://coub-anubis-a.akamaized.net/coub_storage/coub/simple/cw_image/ca12b0e86af/0f4de4a503eacb7fdd3a8/1562596937_00032.jpg","sharing_picture":null,"percent_done":100,"tags":[{"id":347779,"title":"мотокоса","value":"%D0%BC%D0%BE%D1%82%D0%BE%D0%BA%D0%BE%D1%81%D0%B0"},{"id":71997,"title":"коса","value":"%D0%BA%D0%BE%D1%81%D0%B0"},{"id":77329,"title":"песняры","value":"%D0%BF%D0%B5%D1%81%D0%BD%D1%8F%D1%80%D1%8B"},{"id":59086,"title":"технологии","value":"%D1%82%D0%B5%D1%85%D0%BD%D0%BE%D0%BB%D0%BE%D0%B3%D0%B8%D0%B8"},{"id":4949801,"title":"коса против мотокосы","value":"%D0%BA%D0%BE%D1%81%D0%B0%20%D0%BF%D1%80%D0%BE%D1%82%D0%B8%D0%B2%20%D0%BC%D0%BE%D1%82%D0%BE%D0%BA%D0%BE%D1%81%D1%8B"},{"id":18200,"title":"technology","value":"technology"},{"id":12400,"title":"skill","value":"skill"},{"id":118215,"title":"мастерство","value":"%D0%BC%D0%B0%D1%81%D1%82%D0%B5%D1%80%D1%81%D1%82%D0%B2%D0%BE"}],"categories":[{"id":76,"title":"Science & Technology","permalink":"science-technology","subscriptions_count":10077188,"big_image_url":"https://coub-anubis-a.akamaized.net/coub_storage/category/cw_image/d7b917ae565/55b6fc9b6407f7099c088/big_1544622172_science.png","small_image_url":"https://coub-anubis-a.akamaized.net/coub_storage/category/cw_image/d7b917ae565/55b6fc9b6407f7099c088/small_1544622172_science.png","med_image_url":"https://coub-anubis-a.akamaized.net/coub_storage/category/cw_image/d7b917ae565/55b6fc9b6407f7099c088/med_1544622172_science.png","visible":true}],"communities":[{"id":76,"title":"Science & Technology","permalink":"science-technology","subscriptions_count":10077188,"big_image_url":"https://coub-anubis-a.akamaized.net/coub_storage/category/cw_image/d7b917ae565/55b6fc9b6407f7099c088/big_1544622172_science.png","small_image_url":"https://coub-anubis-a.akamaized.net/coub_storage/category/cw_image/d7b917ae565/55b6fc9b6407f7099c088/small_1544622172_science.png","med_image_url":"https://coub-anubis-a.akamaized.net/coub_storage/category/cw_image/d7b917ae565/55b6fc9b6407f7099c088/med_1544622172_science.png","i_subscribed":true,"community_notifications_enabled":null,"description":null}],"recoubs_count":334,"remixes_count":2,"likes_count":1725,"dislikes_count":0,"raw_video_id":13723811,"uploaded_by_ios_app":false,"uploaded_by_android_app":false,"media_blocks":{"uploaded_raw_videos":[],"external_raw_videos":[{"id":31860925,"title":"Коса против мотокосы :)","url":"https://www.youtube.com/watch?v=O7m6gRfsiuc","image":"https://coub-anubis-a.akamaized.net/coub_storage/media_block/cw_image/eecdedad939/246f96d30c3b5acc56a28/1558213137_1vsusss_1558213112_1qffsgb_att-url-download.jpg","image_retina":"https://coub-anubis-a.akamaized.net/coub_storage/media_block/cw_image/eecdedad939/246f96d30c3b5acc56a28/1558213137_1vsusss_1558213112_1qffsgb_att-url-download.jpg","meta":{"service":"Youtube","duration":"85.76"},"duration":85.76,"raw_video_id":13723811,"has_embed":true}],"remixed_from_coubs":[],"external_video":{"id":31860925,"title":"Коса против мотокосы :)","url":"https://www.youtube.com/watch?v=O7m6gRfsiuc","image":"https://coub-anubis-a.akamaized.net/coub_storage/media_block/cw_image/eecdedad939/246f96d30c3b5acc56a28/1558213137_1vsusss_1558213112_1qffsgb_att-url-download.jpg","image_retina":"https://coub-anubis-a.akamaized.net/coub_storage/media_block/cw_image/eecdedad939/246f96d30c3b5acc56a28/1558213137_1vsusss_1558213112_1qffsgb_att-url-download.jpg","meta":{"service":"Youtube","duration":"85.76"},"duration":85.76,"raw_video_id":13723811,"has_embed":true}},"raw_video_thumbnail_url":"/missing/missing.png","raw_video_title":"Коса против мотокосы :)","video_block_banned":false,"duration":10.0,"promo_winner":false,"promo_winner_recoubers":null,"editorial_info":{},"promo_hint":null,"beeline_best_2014":null,"from_web_editor":true,"normalize_sound":true,"normalize_change_allowed":true,"best2015_addable":false,"ahmad_promo":null,"promo_data":null,"audio_copyright_claim":null,"ads_disabled":false,"is_safe_for_ads":true,"megafon_contents":[],"position_on_page":10}]}