{"page":116,"per_page":10,"total_pages":500,"coubs":[{"flag":null,"abuses":null,"recoubs_by_users_channels":null,"favourite":false,"promoted_id":null,"recoub":null,"like":null,"dislike":null,"reaction":null,"in_my_best2015":false,"id":100392165,"type":"Coub::Simple","permalink":"1nd4cr","title":"cats","visibility_type":"public","original_visibility_type":"public","channel_id":4698120,"created_at":"2019-02-02T21:00:04Z","updated_at":"2022-03-18T04:22:30Z","is_done":true,"views_count":222927,"cotd":null,"cotd_at":null,"visible_on_explore_root":false,"visible_on_explore":false,"featured":false,"published":true,"published_at":"2019-02-02T21:00:04Z","reversed":false,"from_editor_v2":true,"is_editable":true,"original_sound":true,"has_sound":true,"recoub_to":null,"file_versions":{"html5":{"video":{"higher":{"url":"https://coub-anubis-a.akamaized.net/coub_storage/coub/simple/cw_file/6a9c9c5ac65/688f68def7e9723dee410/muted_mp4_huge_size_1569849040_muted_huge.mp4","size":1934233},"high":{"url":"https://coub-anubis-a.akamaized.net/coub_storage/coub/simple/cw_file/6a9c9c5ac65/688f68def7e9723dee410/muted_mp4_big_size_1569849040_muted_big.mp4","size":1333396},"med":{"url":"https://coub-anubis-a.akamaized.net/coub_storage/coub/simple/cw_file/6a9c9c5ac65/688f68def7e9723dee410/muted_mp4_med_size_1569849040_muted_med.mp4","size":396149}},"audio":{"high":{"url":"https://coub-anubis-a.akamaized.net/coub_storage/coub/simple/cw_looped_audio_high/11ae74b39ec/2c2abfbfdfba8fcf99fce/1605670448_high_1549141211_high.mp3","size":1058853},"med":{"url":"https://coub-anubis-a.akamaized.net/coub_storage/coub/simple/cw_looped_audio_med/89b3f30989c/a55d7f9337b2a5eae1c20/1605670447_med_1549141211_med.mp3","size":799076},"sample_duration":10.009}},"mobile":{"video":"https://coub-anubis-a.akamaized.net/coub_storage/coub/simple/cw_file/6a9c9c5ac65/688f68def7e9723dee410/muted_mp4_med_size_1569849040_muted_med.mp4","audio":["https://coub-anubis-a.akamaized.net/coub_storage/coub/simple/cw_looped_audio_med/89b3f30989c/a55d7f9337b2a5eae1c20/1605670447_med_1549141211_med.mp3"]},"share":{"default":"https://coub-anubis-a.akamaized.net/coub_storage/coub/simple/cw_video_for_sharing/56bd73de668/bad70776dfa106c1c6966/1608178858_looped_1608178857.mp4"}},"audio_versions":{},"image_versions":{"template":"https://coub-anubis-a.akamaized.net/coub_storage/coub/simple/cw_image/d919d3e7344/b24368eabc8e2bab0e1f3/1549141219_00032.jpg","versions":["micro","tiny","age_restricted","ios_large","ios_mosaic","big","med","small","pinterest"]},"first_frame_versions":{"template":"https://coub-anubis-a.akamaized.net/coub_storage/coub/simple/cw_timeline_pic/f3f37726802/d9665f569bb4efe7ade16/%{version}_1549141218_image.jpg","versions":["big","med","small","ios_large"]},"dimensions":{"big":[538,960],"med":[268,480]},"site_w_h":[224,400],"page_w_h":[400,714],"site_w_h_small":[310,553],"size":[538,960],"age_restricted":false,"age_restricted_by_admin":false,"not_safe_for_work":false,"allow_reuse":false,"dont_crop":false,"banned":false,"global_safe":true,"audio_file_url":null,"external_download":false,"application":null,"channel":{"id":4698120,"permalink":"tambi400","title":"TAMbI4","description":null,"followers_count":561,"following_count":2,"avatar_versions":{"template":"https://coub-anubis-a.akamaized.net/coub_storage/channel/cw_avatar/0a81d7b6dd5/8d11258154b3b91668426/%{version}_1607749769_u48n2k_1533998315_Fg_ct8kKOMA.jpg","versions":["medium","medium_2x","profile_pic","profile_pic_new","profile_pic_new_2x","tiny","tiny_2x","small","small_2x","ios_large","ios_small"]}},"file":null,"picture":"https://coub-anubis-a.akamaized.net/coub_storage/coub/simple/cw_image/d919d3e7344/b24368eabc8e2bab0e1f3/1549141219_00032.jpg","timeline_picture":"https://coub-anubis-a.akamaized.net/coub_storage/coub/simple/cw_timeline_pic/f3f37726802/d9665f569bb4efe7ade16/ios_large_1549141218_image.jpg","small_picture":"https://coub-anubis-a.akamaized.net/coub_storage/coub/simple/cw_image/d919d3e7344/b24368eabc8e2bab0e1f3/1549141219_00032.jpg","sharing_picture":null,"percent_done":100,"tags":[{"id":134,"title":"cat","value":"cat"},{"id":2070,"title":"animals","value":"animals"},{"id":169,"title":"fun","value":"fun"},{"id":86,"title":"music","value":"music"},{"id":174,"title":"funny","value":"funny"},{"id":143,"title":"кот","value":"%D0%BA%D0%BE%D1%82"},{"id":31469,"title":"забавные","value":"%D0%B7%D0%B0%D0%B1%D0%B0%D0%B2%D0%BD%D1%8B%D0%B5"}],"categories":[{"id":32,"title":"Animals & Pets","permalink":"animals-pets","subscriptions_count":10082576,"big_image_url":"https://coub-anubis-a.akamaized.net/coub_storage/category/cw_image/60432c0f1f4/5d35698dc76c52d5f9e63/big_1544749976_animals2.png","small_image_url":"https://coub-anubis-a.akamaized.net/coub_storage/category/cw_image/60432c0f1f4/5d35698dc76c52d5f9e63/small_1544749976_animals2.png","med_image_url":"https://coub-anubis-a.akamaized.net/coub_storage/category/cw_image/60432c0f1f4/5d35698dc76c52d5f9e63/med_1544749976_animals2.png","visible":true}],"communities":[{"id":32,"title":"Animals & Pets","permalink":"animals-pets","subscriptions_count":10082576,"big_image_url":"https://coub-anubis-a.akamaized.net/coub_storage/category/cw_image/60432c0f1f4/5d35698dc76c52d5f9e63/big_1544749976_animals2.png","small_image_url":"https://coub-anubis-a.akamaized.net/coub_storage/category/cw_image/60432c0f1f4/5d35698dc76c52d5f9e63/small_1544749976_animals2.png","med_image_url":"https://coub-anubis-a.akamaized.net/coub_storage/category/cw_image/60432c0f1f4/5d35698dc76c52d5f9e63/med_1544749976_animals2.png","i_subscribed":true,"community_notifications_enabled":null,"description":null}],"recoubs_count":996,"remixes_count":0,"likes_count":4701,"dislikes_count":0,"raw_video_id":13148395,"uploaded_by_ios_app":false,"uploaded_by_android_app":true,"media_blocks":{"uploaded_raw_videos":[],"external_raw_videos":[],"remixed_from_coubs":[]},"raw_video_thumbnail_url":"/missing/missing.png","raw_video_title":null,"video_block_banned":false,"duration":10.0,"promo_winner":false,"promo_winner_recoubers":null,"editorial_info":{},"promo_hint":null,"beeline_best_2014":null,"from_web_editor":false,"normalize_sound":true,"normalize_change_allowed":true,"best2015_addable":false,"ahmad_promo":null,"promo_data":null,"audio_copyright_claim":null,"ads_disabled":false,"is_safe_for_ads":true,"megafon_contents":[],"position_on_page":1},{"flag":null,"abuses":null,"recoubs_by_users_channels":null,"favourite":false,"promoted_id":null,"recoub":null,"like":null,"dislike":null,"reaction":null,"in_my_best2015":false,"id":177682062,"type":"Coub::Simple","permalink":"2xfv9p","title":"Cat speaks French","visibility_type":"public","original_visibility_type":"public","channel_id":1428414,"created_at":"2021-10-26T21:59:20Z","updated_at":"2022-03-18T08:09:38Z","is_done":true,"views_count":178851,"cotd":null,"cotd_at":null,"visible_on_explore_root":false,"visible_on_explore":false,"featured":false,"published":true,"published_at":"2021-10-26T21:59:20Z","reversed":false,"from_editor_v2":true,"is_editable":true,"original_sound":true,"has_sound":true,"recoub_to":null,"file_versions":{"html5":{"video":{"higher":{"url":"https://coub-anubis-a.akamaized.net/coub_storage/coub/simple/cw_file/9fb0eca2a5e/ca36b25c9652bd68dbaa5/muted_mp4_huge_size_1635285564_muted_huge.mp4","size":1569212},"high":{"url":"https://coub-anubis-a.akamaized.net/coub_storage/coub/simple/cw_file/9fb0eca2a5e/ca36b25c9652bd68dbaa5/muted_mp4_big_size_1635285564_muted_big.mp4","size":937810},"med":{"url":"https://coub-anubis-a.akamaized.net/coub_storage/coub/simple/cw_file/9fb0eca2a5e/ca36b25c9652bd68dbaa5/muted_mp4_med_size_1635285564_muted_med.mp4","size":266551}},"audio":{"high":{"url":"https://coub-anubis-a.akamaized.net/coub_storage/coub/simple/cw_looped_audio_high/bdc7e133d0a/741038f78805cd2e0d2f4/1635285566_mp3-high.mp3","size":854893},"med":{"url":"https://coub-anubis-a.akamaized.net/coub_storage/coub/simple/cw_looped_audio_med/693b4ae4edf/867b51b88d45ad1cc49d9/1635285565_mp3-med.mp3","size":796735},"sample_duration":10.008}},"mobile":{"video":"https://coub-anubis-a.akamaized.net/coub_storage/coub/simple/cw_file/9fb0eca2a5e/ca36b25c9652bd68dbaa5/muted_mp4_med_size_1635285564_muted_med.mp4","audio":["https://coub-anubis-a.akamaized.net/coub_storage/coub/simple/cw_looped_audio_med/693b4ae4edf/867b51b88d45ad1cc49d9/1635285565_mp3-med.mp3"]},"share":{"default":"https://coub-anubis-a.akamaized.net/coub_storage/coub/simple/cw_video_for_sharing/457c864eb97/78bea175caeeecdc8d6fa/1635285587_looped_1635285586.mp4"}},"audio_versions":{},"image_versions":{"template":"https://coub-anubis-a.akamaized.net/coub_storage/coub/simple/cw_image/70b0464a0f0/830fc3b88fd172c41fd43/%{version}_1635285569_00032.jpg","versions":["micro","tiny","age_restricted","ios_large","ios_mosaic","big","med","small","pinterest"]},"first_frame_versions":{"template":"https://coub-anubis-a.akamaized.net/coub_storage/coub/simple/cw_timeline_pic/eb9242cfa53/37901b21f2b7980537bb1/%{version}_1635285569_image.jpg","versions":["big","med","small","ios_large"]},"dimensions":{"big":[768,960],"med":[384,480]},"site_w_h":[320,400],"page_w_h":[400,500],"site_w_h_small":[310,388],"size":[768,960],"age_restricted":false,"age_restricted_by_admin":false,"not_safe_for_work":false,"allow_reuse":false,"dont_crop":true,"banned":false,"global_safe":null,"audio_file_url":null,"external_download":{"type":"Youtube","service_name":"YouTube","url":"https://youtu.be/LoXKuKtgjlk","has_embed":true},"application":null,"channel":{"id":1428414,"permalink":"mcjolich","title":"Mcjolich","description":null,"followers_count":138,"following_count":94,"avatar_versions":{"template":"https://coub-anubis-a.akamaized.net/coub_storage/channel/cw_avatar/606f3c0b85e/aba06b2b54bcd5ecad277/%{version}_1607608698_5l0ac0_1474614248_Screenshot_2015-03-01_16.35.17.png","versions":["medium","medium_2x","profile_pic","profile_pic_new","profile_pic_new_2x","tiny","tiny_2x","small","small_2x","ios_large","ios_small"]}},"file":null,"picture":"https://coub-anubis-a.akamaized.net/coub_storage/coub/simple/cw_image/70b0464a0f0/830fc3b88fd172c41fd43/med_1635285569_00032.jpg","timeline_picture":"https://coub-anubis-a.akamaized.net/coub_storage/coub/simple/cw_timeline_pic/eb9242cfa53/37901b21f2b7980537bb1/ios_large_1635285569_image.jpg","small_picture":"https://coub-anubis-a.akamaized.net/coub_storage/coub/simple/cw_image/70b0464a0f0/830fc3b88fd172c41fd43/ios_mosaic_1635285569_00032.jpg","sharing_picture":null,"percent_done":100,"tags":[{"id":6542634,"title":"cat speaks french","value":"cat%20speaks%20french"},{"id":134,"title":"cat","value":"cat"},{"id":4360,"title":"french","value":"french"},{"id":7858,"title":"paris","value":"paris"},{"id":1147031,"title":"cat speaks","value":"cat%20speaks"},{"id":407668,"title":"ripe","value":"ripe"},{"id":6542635,"title":"beackberry","value":"beackberry"},{"id":5688364,"title":"murmures","value":"murmures"},{"id":4018,"title":"wall","value":"wall"},{"id":3857,"title":"france","value":"france"},{"id":155360,"title":"კატა","value":"%E1%83%99%E1%83%90%E1%83%A2%E1%83%90"},{"id":6542636,"title":"საფტანგეთი","value":"%E1%83%A1%E1%83%90%E1%83%A4%E1%83%A2%E1%83%90%E1%83%9C%E1%83%92%E1%83%94%E1%83%97%E1%83%98"},{"id":6542637,"title":"კატა ლაპარაკობს","value":"%E1%83%99%E1%83%90%E1%83%A2%E1%83%90%20%E1%83%9A%E1%83%90%E1%83%9E%E1%83%90%E1%83%A0%E1%83%90%E1%83%99%E1%83%9D%E1%83%91%E1%83%A1"},{"id":6542638,"title":"კატა ლაპარაკობს ფრანგულად","value":"%E1%83%99%E1%83%90%E1%83%A2%E1%83%90%20%E1%83%9A%E1%83%90%E1%83%9E%E1%83%90%E1%83%A0%E1%83%90%E1%83%99%E1%83%9D%E1%83%91%E1%83%A1%20%E1%83%A4%E1%83%A0%E1%83%90%E1%83%9C%E1%83%92%E1%83%A3%E1%83%9A%E1%83%90%E1%83%93"}],"categories":[{"id":32,"title":"Animals & Pets","permalink":"animals-pets","subscriptions_count":10082576,"big_image_url":"https://coub-anubis-a.akamaized.net/coub_storage/category/cw_image/60432c0f1f4/5d35698dc76c52d5f9e63/big_1544749976_animals2.png","small_image_url":"https://coub-anubis-a.akamaized.net/coub_storage/category/cw_image/60432c0f1f4/5d35698dc76c52d5f9e63/small_1544749976_animals2.png","med_image_url":"https://coub-anubis-a.akamaized.net/coub_storage/category/cw_image/60432c0f1f4/5d35698dc76c52d5f9e63/med_1544749976_animals2.png","visible":true}],"communities":[{"id":32,"title":"Animals & Pets","permalink":"animals-pets","subscriptions_count":10082576,"big_image_url":"https://coub-anubis-a.akamaized.net/coub_storage/category/cw_image/60432c0f1f4/5d35698dc76c52d5f9e63/big_1544749976_animals2.png","small_image_url":"https://coub-anubis-a.akamaized.net/coub_storage/category/cw_image/60432c0f1f4/5d35698dc76c52d5f9e63/small_1544749976_animals2.png","med_image_url":"https://coub-anubis-a.akamaized.net/coub_storage/category/cw_image/60432c0f1f4/5d35698dc76c52d5f9e63/med_1544749976_animals2.png","i_subscribed":true,"community_notifications_enabled":null,"description":null}],"recoubs_count":775,"remixes_count":0,"likes_count":4700,"dislikes_count":0,"raw_video_id":16877015,"uploaded_by_ios_app":false,"uploaded_by_android_app":false,"media_blocks":{"uploaded_raw_videos":[],"external_raw_videos":[{"id":39922869,"title":"CATS KNOW HOW TO SPEAK FRENCH | AMAZING CAT SPEAKING FRENCH 🤣🤣🥖😸🥖","url":"https://www.youtube.com/watch?v=LoXKuKtgjlk","image":"https://coub-anubis-a.akamaized.net/coub_storage/media_block/cw_image/4dfd08cbb1f/d538768b723fb8bbcbee4/video_1635285236_lkmrns_1635285228_1635285228_4zgear_att-url-download.webp","image_retina":"https://coub-anubis-a.akamaized.net/coub_storage/media_block/cw_image/4dfd08cbb1f/d538768b723fb8bbcbee4/video_retina_1635285236_lkmrns_1635285228_1635285228_4zgear_att-url-download.webp","meta":{"service":"Youtube","duration":"10.76"},"duration":10.76,"raw_video_id":16877015,"has_embed":true}],"remixed_from_coubs":[],"external_video":{"id":39922869,"title":"CATS KNOW HOW TO SPEAK FRENCH | AMAZING CAT SPEAKING FRENCH 🤣🤣🥖😸🥖","url":"https://www.youtube.com/watch?v=LoXKuKtgjlk","image":"https://coub-anubis-a.akamaized.net/coub_storage/media_block/cw_image/4dfd08cbb1f/d538768b723fb8bbcbee4/video_1635285236_lkmrns_1635285228_1635285228_4zgear_att-url-download.webp","image_retina":"https://coub-anubis-a.akamaized.net/coub_storage/media_block/cw_image/4dfd08cbb1f/d538768b723fb8bbcbee4/video_retina_1635285236_lkmrns_1635285228_1635285228_4zgear_att-url-download.webp","meta":{"service":"Youtube","duration":"10.76"},"duration":10.76,"raw_video_id":16877015,"has_embed":true}},"raw_video_thumbnail_url":"https://coub-anubis-a.akamaized.net/coub_storage/raw_video/cw_image/476dbd14fd1/5c916b4b23fdc4db2de42/coub_media_1635285228_1635285228_4zgear_att-url-download.webp","raw_video_title":"CATS KNOW HOW TO SPEAK FRENCH | AMAZING CAT SPEAKING FRENCH 🤣🤣🥖😸🥖","video_block_banned":false,"duration":10.0,"promo_winner":false,"promo_winner_recoubers":null,"editorial_info":{},"promo_hint":null,"beeline_best_2014":null,"from_web_editor":true,"normalize_sound":true,"normalize_change_allowed":true,"best2015_addable":false,"ahmad_promo":null,"promo_data":null,"audio_copyright_claim":null,"ads_disabled":false,"is_safe_for_ads":true,"megafon_contents":[],"position_on_page":2},{"flag":null,"abuses":null,"recoubs_by_users_channels":null,"favourite":false,"promoted_id":null,"recoub":null,"like":null,"dislike":null,"reaction":null,"in_my_best2015":false,"id":96089430,"type":"Coub::Simple","permalink":"1kswb9","title":"This is so warm golden dog Cuteanimalshare #cutedogs  #cutegoldendogs #golden...","visibility_type":"public","original_visibility_type":"public","channel_id":5117505,"created_at":"2018-12-29T04:56:54Z","updated_at":"2022-03-16T09:46:43Z","is_done":true,"views_count":193923,"cotd":null,"cotd_at":null,"visible_on_explore_root":false,"visible_on_explore":false,"featured":false,"published":true,"published_at":"2018-12-29T04:56:54Z","reversed":false,"from_editor_v2":true,"is_editable":true,"original_sound":true,"has_sound":true,"recoub_to":null,"file_versions":{"html5":{"video":{"higher":{"url":"https://coub-anubis-a.akamaized.net/coub_storage/coub/simple/cw_file/84ab0ca4aab/619e98d6bfe36118a747f/muted_mp4_huge_size_1569404611_muted_huge.mp4","size":2039939},"high":{"url":"https://coub-anubis-a.akamaized.net/coub_storage/coub/simple/cw_file/84ab0ca4aab/619e98d6bfe36118a747f/muted_mp4_big_size_1569404611_muted_big.mp4","size":1415111},"med":{"url":"https://coub-anubis-a.akamaized.net/coub_storage/coub/simple/cw_file/84ab0ca4aab/619e98d6bfe36118a747f/muted_mp4_med_size_1569404611_muted_med.mp4","size":450646}},"audio":{"high":{"url":"https://coub-anubis-a.akamaized.net/coub_storage/coub/simple/cw_looped_audio_high/8c6b7f59055/d00dfc8092e6f4dd10db4/1605663778_high_1546280444_high.mp3","size":898461},"med":{"url":"https://coub-anubis-a.akamaized.net/coub_storage/coub/simple/cw_looped_audio_med/1585848c756/dfcc3cdb8d821f26bbbf5/1605663778_med_1546280444_med.mp3","size":898302},"sample_duration":8.359}},"mobile":{"video":"https://coub-anubis-a.akamaized.net/coub_storage/coub/simple/cw_file/84ab0ca4aab/619e98d6bfe36118a747f/muted_mp4_med_size_1569404611_muted_med.mp4","audio":["https://coub-anubis-a.akamaized.net/coub_storage/coub/simple/cw_looped_audio_med/1585848c756/dfcc3cdb8d821f26bbbf5/1605663778_med_1546280444_med.mp3"]},"share":{"default":"https://coub-anubis-a.akamaized.net/coub_storage/coub/simple/cw_video_for_sharing/3c3deaa3759/52ce32f7f349fa08a8ed4/1608322598_looped_1608322597.mp4"}},"audio_versions":{},"image_versions":{"template":"https://coub-anubis-a.akamaized.net/coub_storage/coub/simple/cw_image/d24cf1691bf/6670301a88da92de37e5f/1546280460_00027.jpg","versions":["micro","tiny","age_restricted","ios_large","ios_mosaic","big","med","small","pinterest"]},"first_frame_versions":{"template":"https://coub-anubis-a.akamaized.net/coub_storage/coub/simple/cw_timeline_pic/b909a908bba/220b3926a1d947a9662cd/%{version}_1546280459_image.jpg","versions":["big","med","small","ios_large"]},"dimensions":{"big":[736,960],"med":[368,480]},"site_w_h":[307,400],"page_w_h":[400,522],"site_w_h_small":[310,404],"size":[736,960],"age_restricted":false,"age_restricted_by_admin":false,"not_safe_for_work":false,"allow_reuse":false,"dont_crop":false,"banned":false,"global_safe":true,"audio_file_url":null,"external_download":{"type":"Facebook","service_name":"Facebook","url":"https://www.facebook.com/cuteanimalshare/videos/370524123719975/","has_embed":false},"application":null,"channel":{"id":5117505,"permalink":"cuteanimalshare","title":"CuteAnimalShare","description":"Cute & Funny Cats Dogs Videos / GIFs / Images Everyday !\r\n\r\n\r\n🌹💕Follow Us for More Fun ! 💕🌹","followers_count":344,"following_count":9,"avatar_versions":{"template":"https://coub-anubis-a.akamaized.net/coub_storage/channel/cw_avatar/cdf2026f90e/b8d37f5dd8a3a95239f7f/%{version}_1631244100_CuteAnimalShare_Fan_Page_Photo.png","versions":["medium","medium_2x","profile_pic","profile_pic_new","profile_pic_new_2x","tiny","tiny_2x","small","small_2x","ios_large","ios_small"]}},"file":null,"picture":"https://coub-anubis-a.akamaized.net/coub_storage/coub/simple/cw_image/d24cf1691bf/6670301a88da92de37e5f/1546280460_00027.jpg","timeline_picture":"https://coub-anubis-a.akamaized.net/coub_storage/coub/simple/cw_timeline_pic/b909a908bba/220b3926a1d947a9662cd/ios_large_1546280459_image.jpg","small_picture":"https://coub-anubis-a.akamaized.net/coub_storage/coub/simple/cw_image/d24cf1691bf/6670301a88da92de37e5f/1546280460_00027.jpg","sharing_picture":null,"percent_done":100,"tags":[{"id":4559468,"title":"golden...","value":"golden..."},{"id":4559467,"title":"cutegoldendogs","value":"cutegoldendogs"},{"id":927009,"title":"cutedogs","value":"cutedogs"},{"id":11970,"title":"funny video","value":"funny%20video"},{"id":19278,"title":"funny animal","value":"funny%20animal"},{"id":4559466,"title":"golden dog","value":"golden%20dog"},{"id":35008,"title":"funny dog","value":"funny%20dog"}],"categories":[{"id":32,"title":"Animals & Pets","permalink":"animals-pets","subscriptions_count":10082576,"big_image_url":"https://coub-anubis-a.akamaized.net/coub_storage/category/cw_image/60432c0f1f4/5d35698dc76c52d5f9e63/big_1544749976_animals2.png","small_image_url":"https://coub-anubis-a.akamaized.net/coub_storage/category/cw_image/60432c0f1f4/5d35698dc76c52d5f9e63/small_1544749976_animals2.png","med_image_url":"https://coub-anubis-a.akamaized.net/coub_storage/category/cw_image/60432c0f1f4/5d35698dc76c52d5f9e63/med_1544749976_animals2.png","visible":true}],"communities":[{"id":32,"title":"Animals & Pets","permalink":"animals-pets","subscriptions_count":10082576,"big_image_url":"https://coub-anubis-a.akamaized.net/coub_storage/category/cw_image/60432c0f1f4/5d35698dc76c52d5f9e63/big_1544749976_animals2.png","small_image_url":"https://coub-anubis-a.akamaized.net/coub_storage/category/cw_image/60432c0f1f4/5d35698dc76c52d5f9e63/small_1544749976_animals2.png","med_image_url":"https://coub-anubis-a.akamaized.net/coub_storage/category/cw_image/60432c0f1f4/5d35698dc76c52d5f9e63/med_1544749976_animals2.png","i_subscribed":true,"community_notifications_enabled":null,"description":null}],"recoubs_count":867,"remixes_count":3,"likes_count":4699,"dislikes_count":0,"raw_video_id":12944211,"uploaded_by_ios_app":false,"uploaded_by_android_app":false,"media_blocks":{"uploaded_raw_videos":[],"external_raw_videos":[{"id":29764093,"title":"This is so warm golden dog Cuteanimalshare #cutedogs  #cutegoldendogs #golden...","url":"https://www.facebook.com/cuteanimalshare/videos/370524123719975","image":null,"image_retina":null,"meta":{"service":"Facebook","duration":"8.56"},"duration":8.56,"raw_video_id":12944211,"has_embed":false}],"remixed_from_coubs":[],"external_video":{"id":29764093,"title":"This is so warm golden dog Cuteanimalshare #cutedogs  #cutegoldendogs #golden...","url":"https://www.facebook.com/cuteanimalshare/videos/370524123719975","image":null,"image_retina":null,"meta":{"service":"Facebook","duration":"8.56"},"duration":8.56,"raw_video_id":12944211,"has_embed":false}},"raw_video_thumbnail_url":"/missing/missing.png","raw_video_title":"This is so warm golden dog Cuteanimalshare #cutedogs  #cutegoldendogs #golden...","video_block_banned":false,"duration":8.4,"promo_winner":false,"promo_winner_recoubers":null,"editorial_info":{},"promo_hint":null,"beeline_best_2014":null,"from_web_editor":true,"normalize_sound":true,"normalize_change_allowed":true,"best2015_addable":false,"ahmad_promo":null,"promo_data":null,"audio_copyright_claim":null,"ads_disabled":false,"is_safe_for_ads":true,"megafon_contents":[],"position_on_page":3},{"flag":null,"abuses":null,"recoubs_by_users_channels":null,"favourite":false,"promoted_id":null,"recoub":null,"like":null,"dislike":null,"reaction":null,"in_my_best2015":false,"id":134193600,"type":"Coub::Simple","permalink":"27jbn7","title":"A man walks parrots","visibility_type":"public","original_visibility_type":"public","channel_id":2783784,"created_at":"2020-01-12T03:33:23Z","updated_at":"2022-03-17T22:06:48Z","is_done":true,"views_count":237226,"cotd":null,"cotd_at":null,"visible_on_explore_root":false,"visible_on_explore":false,"featured":false,"published":true,"published_at":"2020-01-12T03:33:23Z","reversed":false,"from_editor_v2":true,"is_editable":true,"original_sound":false,"has_sound":false,"recoub_to":null,"file_versions":{"html5":{"video":{"higher":{"url":"https://coub-anubis-a.akamaized.net/coub_storage/coub/simple/cw_file/69319788aa0/4975aa290dbe56cd5ee89/muted_mp4_huge_size_1578800004_muted_huge.mp4","size":2030530},"high":{"url":"https://coub-anubis-a.akamaized.net/coub_storage/coub/simple/cw_file/69319788aa0/4975aa290dbe56cd5ee89/muted_mp4_big_size_1578800004_muted_big.mp4","size":1401238},"med":{"url":"https://coub-anubis-a.akamaized.net/coub_storage/coub/simple/cw_file/69319788aa0/4975aa290dbe56cd5ee89/muted_mp4_med_size_1578800004_muted_med.mp4","size":575600}},"audio":{"high":{"url":"https://coub-anubis-a.akamaized.net/coub_storage/coub/simple/cw_looped_audio_high/987c0eeae89/255fe467ff6754ec5dbf8/1605703904_high_1578800015_high.mp3","size":3721975},"med":{"url":"https://coub-anubis-a.akamaized.net/coub_storage/coub/simple/cw_looped_audio_med/b4182abde2e/a757c5af862bb470783c0/1605703904_med_1578800015_med.mp3","size":2523752}}},"mobile":{"video":"https://coub-anubis-a.akamaized.net/coub_storage/coub/simple/cw_file/69319788aa0/4975aa290dbe56cd5ee89/muted_mp4_med_size_1578800004_muted_med.mp4","audio":["https://coub-anubis-a.akamaized.net/coub_storage/coub/simple/cw_looped_audio_med/b4182abde2e/a757c5af862bb470783c0/1605703904_med_1578800015_med.mp3"]},"share":{"default":"https://coub-anubis-a.akamaized.net/coub_storage/coub/simple/cw_video_for_sharing/75d998546d2/4b2eb5f507b121d3c3baa/1608209123_looped_1608209122.mp4"}},"audio_versions":{"template":"https://coub-anubis-a.akamaized.net/coub_storage/audio_track/cw_file/e0f55ce1cc1/6c6129caed07f4a39e642/mid_1578799972_audio.mp3","versions":["mid","low"]},"image_versions":{"template":"https://coub-anubis-a.akamaized.net/coub_storage/coub/simple/cw_image/85508d9ff1c/89045cbb3151e3773c1db/1578800025_00017.jpg","versions":["micro","tiny","age_restricted","ios_large","ios_mosaic","big","med","small","pinterest"]},"first_frame_versions":{"template":"https://coub-anubis-a.akamaized.net/coub_storage/coub/simple/cw_timeline_pic/29d30b95e8d/56ebb22f577b2d1f76f63/%{version}_1578800025_image.jpg","versions":["big","med","small","ios_large"]},"dimensions":{"big":[540,960],"med":[270,480]},"site_w_h":[225,400],"page_w_h":[400,711],"site_w_h_small":[310,551],"size":[540,960],"age_restricted":false,"age_restricted_by_admin":false,"not_safe_for_work":false,"allow_reuse":false,"dont_crop":false,"banned":false,"global_safe":true,"audio_file_url":"https://coub-anubis-a.akamaized.net/coub_storage/audio_track/cw_file/e0f55ce1cc1/6c6129caed07f4a39e642/low_1578799972_audio.mp3","external_download":false,"application":null,"channel":{"id":2783784,"permalink":"nikakor0","title":"NikaKor","description":null,"followers_count":8,"following_count":4,"avatar_versions":{"template":"https://coub-anubis-a.akamaized.net/coub_storage/channel/cw_avatar/d4eca33697b/49d2d17f83f66c11981d5/%{version}_1609533575_1dvmj8t_1470852954_b08ik5_111576946989288166243.jpg","versions":["medium","medium_2x","profile_pic","profile_pic_new","profile_pic_new_2x","tiny","tiny_2x","small","small_2x","ios_large","ios_small"]}},"file":null,"picture":"https://coub-anubis-a.akamaized.net/coub_storage/coub/simple/cw_image/85508d9ff1c/89045cbb3151e3773c1db/1578800025_00017.jpg","timeline_picture":"https://coub-anubis-a.akamaized.net/coub_storage/coub/simple/cw_timeline_pic/29d30b95e8d/56ebb22f577b2d1f76f63/ios_large_1578800025_image.jpg","small_picture":"https://coub-anubis-a.akamaized.net/coub_storage/coub/simple/cw_image/85508d9ff1c/89045cbb3151e3773c1db/1578800025_00017.jpg","sharing_picture":null,"percent_done":100,"tags":[{"id":3500,"title":"parrot","value":"parrot"},{"id":10610,"title":"pirates","value":"pirates"}],"categories":[{"id":32,"title":"Animals & Pets","permalink":"animals-pets","subscriptions_count":10082576,"big_image_url":"https://coub-anubis-a.akamaized.net/coub_storage/category/cw_image/60432c0f1f4/5d35698dc76c52d5f9e63/big_1544749976_animals2.png","small_image_url":"https://coub-anubis-a.akamaized.net/coub_storage/category/cw_image/60432c0f1f4/5d35698dc76c52d5f9e63/small_1544749976_animals2.png","med_image_url":"https://coub-anubis-a.akamaized.net/coub_storage/category/cw_image/60432c0f1f4/5d35698dc76c52d5f9e63/med_1544749976_animals2.png","visible":true}],"communities":[{"id":32,"title":"Animals & Pets","permalink":"animals-pets","subscriptions_count":10082576,"big_image_url":"https://coub-anubis-a.akamaized.net/coub_storage/category/cw_image/60432c0f1f4/5d35698dc76c52d5f9e63/big_1544749976_animals2.png","small_image_url":"https://coub-anubis-a.akamaized.net/coub_storage/category/cw_image/60432c0f1f4/5d35698dc76c52d5f9e63/small_1544749976_animals2.png","med_image_url":"https://coub-anubis-a.akamaized.net/coub_storage/category/cw_image/60432c0f1f4/5d35698dc76c52d5f9e63/med_1544749976_animals2.png","i_subscribed":true,"community_notifications_enabled":null,"description":null}],"recoubs_count":904,"remixes_count":0,"likes_count":4696,"dislikes_count":0,"raw_video_id":14692828,"uploaded_by_ios_app":false,"uploaded_by_android_app":true,"media_blocks":{"uploaded_raw_videos":[],"external_raw_videos":[],"remixed_from_coubs":[]},"raw_video_thumbnail_url":"/missing/missing.png","raw_video_title":null,"video_block_banned":false,"duration":5.28,"promo_winner":false,"promo_winner_recoubers":null,"editorial_info":{},"promo_hint":null,"beeline_best_2014":null,"from_web_editor":false,"normalize_sound":true,"normalize_change_allowed":true,"best2015_addable":false,"ahmad_promo":null,"promo_data":null,"audio_copyright_claim":null,"ads_disabled":false,"is_safe_for_ads":true,"megafon_contents":[],"position_on_page":4},{"flag":null,"abuses":null,"recoubs_by_users_channels":null,"favourite":false,"promoted_id":null,"recoub":null,"like":null,"dislike":null,"reaction":null,"in_my_best2015":false,"id":157545024,"type":"Coub::Simple","permalink":"2lg9b4","title":"Взять","visibility_type":"public","original_visibility_type":"public","channel_id":2468968,"created_at":"2020-11-09T18:08:46Z","updated_at":"2022-03-17T21:11:19Z","is_done":true,"views_count":217660,"cotd":null,"cotd_at":null,"visible_on_explore_root":false,"visible_on_explore":false,"featured":false,"published":true,"published_at":"2020-11-09T18:08:46Z","reversed":false,"from_editor_v2":true,"is_editable":true,"original_sound":true,"has_sound":true,"recoub_to":null,"file_versions":{"html5":{"video":{"higher":{"url":"https://coub-anubis-a.akamaized.net/coub_storage/coub/simple/cw_file/e84873010f8/f3e4fa5db9d641ee460a1/muted_mp4_huge_size_1604945898_muted_huge.mp4","size":1787047},"high":{"url":"https://coub-anubis-a.akamaized.net/coub_storage/coub/simple/cw_file/e84873010f8/f3e4fa5db9d641ee460a1/muted_mp4_big_size_1604945898_muted_big.mp4","size":1190505},"med":{"url":"https://coub-anubis-a.akamaized.net/coub_storage/coub/simple/cw_file/e84873010f8/f3e4fa5db9d641ee460a1/muted_mp4_med_size_1604945898_muted_med.mp4","size":383111}},"audio":{"high":{"url":"https://coub-anubis-a.akamaized.net/coub_storage/coub/simple/cw_looped_audio_high/52e74435cfc/830d475743e48611f94f2/1604945899_mp3-high.mp3","size":845351},"med":{"url":"https://coub-anubis-a.akamaized.net/coub_storage/coub/simple/cw_looped_audio_med/e8fc90a5e54/e95463d333ba95aa2b145/1604945899_mp3-med.mp3","size":844031},"sample_duration":6.409}},"mobile":{"video":"https://coub-anubis-a.akamaized.net/coub_storage/coub/simple/cw_file/e84873010f8/f3e4fa5db9d641ee460a1/muted_mp4_med_size_1604945898_muted_med.mp4","audio":["https://coub-anubis-a.akamaized.net/coub_storage/coub/simple/cw_looped_audio_med/e8fc90a5e54/e95463d333ba95aa2b145/1604945899_mp3-med.mp3"]},"share":{"default":"https://coub-anubis-a.akamaized.net/coub_storage/coub/simple/cw_video_for_sharing/c4e5e1d1fbd/9697e9f80eaef8d527eec/1608211362_looped_1608211362.mp4"}},"audio_versions":{},"image_versions":{"template":"https://coub-anubis-a.akamaized.net/coub_storage/coub/simple/cw_image/6ced9cb9626/8b3912eef227251f1c0c2/1604945904_00021.jpg","versions":["micro","tiny","age_restricted","ios_large","ios_mosaic","big","med","small","pinterest"]},"first_frame_versions":{"template":"https://coub-anubis-a.akamaized.net/coub_storage/coub/simple/cw_timeline_pic/3288f54deb0/08b6a3b9b2f9ec18962e2/1604945904_image.jpg","versions":["big","med","small","ios_large"]},"dimensions":{"big":[1280,720],"med":[640,360]},"site_w_h":[640,360],"page_w_h":[640,360],"site_w_h_small":[310,174],"size":[1280,720],"age_restricted":false,"age_restricted_by_admin":false,"not_safe_for_work":false,"allow_reuse":false,"dont_crop":true,"banned":false,"global_safe":false,"audio_file_url":null,"external_download":false,"application":null,"channel":{"id":2468968,"permalink":"mikephill","title":"MikePhill","description":null,"followers_count":50,"following_count":29,"avatar_versions":{"template":"https://coub-anubis-a.akamaized.net/coub_storage/channel/cw_avatar/1f54f42d011/6c74828260f7b9e7f3eb6/%{version}_1607421875_1gbkfpk_1516042271_cat_meme_quote_funny_humor_grumpy__88__1366x768.jpg","versions":["medium","medium_2x","profile_pic","profile_pic_new","profile_pic_new_2x","tiny","tiny_2x","small","small_2x","ios_large","ios_small"]}},"file":null,"picture":"https://coub-anubis-a.akamaized.net/coub_storage/coub/simple/cw_image/6ced9cb9626/8b3912eef227251f1c0c2/1604945904_00021.jpg","timeline_picture":"https://coub-anubis-a.akamaized.net/coub_storage/coub/simple/cw_timeline_pic/3288f54deb0/08b6a3b9b2f9ec18962e2/1604945904_image.jpg","small_picture":"https://coub-anubis-a.akamaized.net/coub_storage/coub/simple/cw_image/6ced9cb9626/8b3912eef227251f1c0c2/1604945904_00021.jpg","sharing_picture":null,"percent_done":100,"tags":[],"categories":[{"id":32,"title":"Animals & Pets","permalink":"animals-pets","subscriptions_count":10082576,"big_image_url":"https://coub-anubis-a.akamaized.net/coub_storage/category/cw_image/60432c0f1f4/5d35698dc76c52d5f9e63/big_1544749976_animals2.png","small_image_url":"https://coub-anubis-a.akamaized.net/coub_storage/category/cw_image/60432c0f1f4/5d35698dc76c52d5f9e63/small_1544749976_animals2.png","med_image_url":"https://coub-anubis-a.akamaized.net/coub_storage/category/cw_image/60432c0f1f4/5d35698dc76c52d5f9e63/med_1544749976_animals2.png","visible":true}],"communities":[{"id":32,"title":"Animals & Pets","permalink":"animals-pets","subscriptions_count":10082576,"big_image_url":"https://coub-anubis-a.akamaized.net/coub_storage/category/cw_image/60432c0f1f4/5d35698dc76c52d5f9e63/big_1544749976_animals2.png","small_image_url":"https://coub-anubis-a.akamaized.net/coub_storage/category/cw_image/60432c0f1f4/5d35698dc76c52d5f9e63/small_1544749976_animals2.png","med_image_url":"https://coub-anubis-a.akamaized.net/coub_storage/category/cw_image/60432c0f1f4/5d35698dc76c52d5f9e63/med_1544749976_animals2.png","i_subscribed":true,"community_notifications_enabled":null,"description":null}],"recoubs_count":919,"remixes_count":1,"likes_count":4695,"dislikes_count":0,"raw_video_id":15855043,"uploaded_by_ios_app":false,"uploaded_by_android_app":false,"media_blocks":{"uploaded_raw_videos":[],"external_raw_videos":[],"remixed_from_coubs":[]},"raw_video_thumbnail_url":"/missing/missing.png","raw_video_title":"30_______________________________2020__________69____________-__________.mp4","video_block_banned":false,"duration":6.4,"promo_winner":false,"promo_winner_recoubers":null,"editorial_info":{},"promo_hint":null,"beeline_best_2014":null,"from_web_editor":true,"normalize_sound":false,"normalize_change_allowed":true,"best2015_addable":false,"ahmad_promo":null,"promo_data":null,"audio_copyright_claim":null,"ads_disabled":false,"is_safe_for_ads":true,"megafon_contents":[],"position_on_page":5},{"flag":null,"abuses":null,"recoubs_by_users_channels":null,"favourite":false,"promoted_id":null,"recoub":null,"like":null,"dislike":null,"reaction":null,"in_my_best2015":false,"id":95672975,"type":"Coub::Simple","permalink":"1kjyz2","title":"True Love","visibility_type":"public","original_visibility_type":"public","channel_id":3122540,"created_at":"2018-12-25T18:35:52Z","updated_at":"2022-03-16T22:44:47Z","is_done":true,"views_count":160454,"cotd":null,"cotd_at":null,"visible_on_explore_root":false,"visible_on_explore":false,"featured":false,"published":true,"published_at":"2018-12-25T18:35:52Z","reversed":false,"from_editor_v2":true,"is_editable":true,"original_sound":false,"has_sound":false,"recoub_to":null,"file_versions":{"html5":{"video":{"higher":{"url":"https://coub-anubis-a.akamaized.net/coub_storage/coub/simple/cw_file/899cecfb208/fefe88b51ccb4bfdf3814/muted_mp4_huge_size_1572533720_muted_huge.mp4","size":3503329},"high":{"url":"https://coub-anubis-a.akamaized.net/coub_storage/coub/simple/cw_file/899cecfb208/fefe88b51ccb4bfdf3814/muted_mp4_big_size_1572533720_muted_big.mp4","size":2424405},"med":{"url":"https://coub-anubis-a.akamaized.net/coub_storage/coub/simple/cw_file/899cecfb208/fefe88b51ccb4bfdf3814/muted_mp4_med_size_1572533720_muted_med.mp4","size":720323}},"audio":{"high":{"url":"https://coub-anubis-a.akamaized.net/coub_storage/coub/simple/cw_looped_audio_high/8da16f3f65b/69786cd3917df6256b587/1605663222_high_1545762980_high.mp3","size":2091143},"med":{"url":"https://coub-anubis-a.akamaized.net/coub_storage/coub/simple/cw_looped_audio_med/39ef88d4f0f/8e9a068373e9d1f1c0e5b/1605663222_med_1545762980_med.mp3","size":2091015}}},"mobile":{"video":"https://coub-anubis-a.akamaized.net/coub_storage/coub/simple/cw_file/899cecfb208/fefe88b51ccb4bfdf3814/muted_mp4_med_size_1572533720_muted_med.mp4","audio":["https://coub-anubis-a.akamaized.net/coub_storage/coub/simple/cw_looped_audio_med/39ef88d4f0f/8e9a068373e9d1f1c0e5b/1605663222_med_1545762980_med.mp3"]},"share":{"default":"https://coub-anubis-a.akamaized.net/coub_storage/coub/simple/cw_video_for_sharing/fd5e00e50e3/7bcab2e9e2b6f418bab7c/1608195178_looped_1608195177.mp4"}},"audio_versions":{"template":"https://coub-anubis-a.akamaized.net/coub_storage/audio_track/cw_normalized_copy/cb476161c30/cac1fe6c1422b0d6899a1/mid_1545762972_normalized_1545762957_1gl2loh_edited.mp3","versions":["mid","low"]},"image_versions":{"template":"https://coub-anubis-a.akamaized.net/coub_storage/coub/simple/cw_image/6ab746d8768/99f5dd087c60be88d65dc/1545762988_00014.jpg","versions":["micro","tiny","age_restricted","ios_large","ios_mosaic","big","med","small","pinterest"]},"first_frame_versions":{"template":"https://coub-anubis-a.akamaized.net/coub_storage/coub/simple/cw_timeline_pic/b52599cc934/a17e26af0c7407d19a5da/%{version}_1545762988_image.jpg","versions":["big","med","small","ios_large"]},"dimensions":{"big":[1276,960],"med":[638,480]},"site_w_h":[640,482],"page_w_h":[640,482],"site_w_h_small":[310,233],"size":[1276,960],"age_restricted":false,"age_restricted_by_admin":false,"not_safe_for_work":false,"allow_reuse":false,"dont_crop":false,"banned":false,"global_safe":true,"audio_file_url":"https://coub-anubis-a.akamaized.net/coub_storage/audio_track/cw_normalized_copy/cb476161c30/cac1fe6c1422b0d6899a1/low_1545762972_normalized_1545762957_1gl2loh_edited.mp3","external_download":{"type":"Facebook","service_name":"Facebook","url":"https://www.facebook.com/lagvilava68/posts/1593202230825283","has_embed":false},"application":null,"channel":{"id":3122540,"permalink":"dr.-mabuse1","title":"Dr. Mabuse ","description":null,"followers_count":278,"following_count":874,"avatar_versions":{"template":"https://coub-anubis-a.akamaized.net/coub_storage/channel/cw_avatar/7bf81e0bd6a/d4ee03ff04cabc4df9831/%{version}_1607420860_1r2ahsr_1513974351_maxresdefault.jpg","versions":["medium","medium_2x","profile_pic","profile_pic_new","profile_pic_new_2x","tiny","tiny_2x","small","small_2x","ios_large","ios_small"]}},"file":null,"picture":"https://coub-anubis-a.akamaized.net/coub_storage/coub/simple/cw_image/6ab746d8768/99f5dd087c60be88d65dc/1545762988_00014.jpg","timeline_picture":"https://coub-anubis-a.akamaized.net/coub_storage/coub/simple/cw_timeline_pic/b52599cc934/a17e26af0c7407d19a5da/ios_large_1545762988_image.jpg","small_picture":"https://coub-anubis-a.akamaized.net/coub_storage/coub/simple/cw_image/6ab746d8768/99f5dd087c60be88d65dc/1545762988_00014.jpg","sharing_picture":null,"percent_done":100,"tags":[],"categories":[{"id":32,"title":"Animals & Pets","permalink":"animals-pets","subscriptions_count":10082576,"big_image_url":"https://coub-anubis-a.akamaized.net/coub_storage/category/cw_image/60432c0f1f4/5d35698dc76c52d5f9e63/big_1544749976_animals2.png","small_image_url":"https://coub-anubis-a.akamaized.net/coub_storage/category/cw_image/60432c0f1f4/5d35698dc76c52d5f9e63/small_1544749976_animals2.png","med_image_url":"https://coub-anubis-a.akamaized.net/coub_storage/category/cw_image/60432c0f1f4/5d35698dc76c52d5f9e63/med_1544749976_animals2.png","visible":true}],"communities":[{"id":32,"title":"Animals & Pets","permalink":"animals-pets","subscriptions_count":10082576,"big_image_url":"https://coub-anubis-a.akamaized.net/coub_storage/category/cw_image/60432c0f1f4/5d35698dc76c52d5f9e63/big_1544749976_animals2.png","small_image_url":"https://coub-anubis-a.akamaized.net/coub_storage/category/cw_image/60432c0f1f4/5d35698dc76c52d5f9e63/small_1544749976_animals2.png","med_image_url":"https://coub-anubis-a.akamaized.net/coub_storage/category/cw_image/60432c0f1f4/5d35698dc76c52d5f9e63/med_1544749976_animals2.png","i_subscribed":true,"community_notifications_enabled":null,"description":null}],"recoubs_count":846,"remixes_count":1,"likes_count":4693,"dislikes_count":0,"raw_video_id":12925790,"uploaded_by_ios_app":false,"uploaded_by_android_app":false,"media_blocks":{"uploaded_raw_videos":[],"external_raw_videos":[{"id":29713701,"title":"გვანცა ლაგვილავა shared a link.","url":"https://www.facebook.com/lagvilava68/posts/1593202230825283","image":null,"image_retina":null,"meta":{"service":"Facebook","duration":"4.36"},"duration":4.36,"raw_video_id":12925790,"has_embed":false}],"remixed_from_coubs":[],"external_video":{"id":29713701,"title":"გვანცა ლაგვილავა shared a link.","url":"https://www.facebook.com/lagvilava68/posts/1593202230825283","image":null,"image_retina":null,"meta":{"service":"Facebook","duration":"4.36"},"duration":4.36,"raw_video_id":12925790,"has_embed":false}},"raw_video_thumbnail_url":"/missing/missing.png","raw_video_title":"გვანცა ლაგვილავა shared a link.","video_block_banned":false,"duration":4.36,"promo_winner":false,"promo_winner_recoubers":null,"editorial_info":{},"promo_hint":null,"beeline_best_2014":null,"from_web_editor":true,"normalize_sound":true,"normalize_change_allowed":true,"best2015_addable":false,"ahmad_promo":null,"promo_data":null,"audio_copyright_claim":null,"ads_disabled":false,"is_safe_for_ads":true,"megafon_contents":[],"position_on_page":6},{"flag":null,"abuses":null,"recoubs_by_users_channels":null,"favourite":false,"promoted_id":null,"recoub":null,"like":null,"dislike":null,"reaction":null,"in_my_best2015":false,"id":115731962,"type":"Coub::Simple","permalink":"1whwpe","title":"Володя","visibility_type":"public","original_visibility_type":"public","channel_id":1246756,"created_at":"2019-06-21T08:29:46Z","updated_at":"2022-03-17T23:06:57Z","is_done":true,"views_count":295233,"cotd":null,"cotd_at":null,"visible_on_explore_root":false,"visible_on_explore":false,"featured":false,"published":true,"published_at":"2019-06-21T08:29:45Z","reversed":false,"from_editor_v2":true,"is_editable":true,"original_sound":false,"has_sound":false,"recoub_to":null,"file_versions":{"html5":{"video":{"higher":{"url":"https://coub-anubis-a.akamaized.net/coub_storage/coub/simple/cw_file/011947a64b0/d9f7b7d00229586273a48/muted_mp4_huge_size_1569362917_muted_huge.mp4","size":4138285},"high":{"url":"https://coub-anubis-a.akamaized.net/coub_storage/coub/simple/cw_file/011947a64b0/d9f7b7d00229586273a48/muted_mp4_big_size_1569362917_muted_big.mp4","size":2718626},"med":{"url":"https://coub-anubis-a.akamaized.net/coub_storage/coub/simple/cw_file/011947a64b0/d9f7b7d00229586273a48/muted_mp4_med_size_1569362917_muted_med.mp4","size":784930}},"audio":{"high":{"url":"https://coub-anubis-a.akamaized.net/coub_storage/coub/simple/cw_looped_audio_high/157ab200199/8dda9c1150382ca22d510/1605658020_high_1561105801_high.mp3","size":1008310},"med":{"url":"https://coub-anubis-a.akamaized.net/coub_storage/coub/simple/cw_looped_audio_med/558aa09e38a/86566b948d5954d52f97f/1605658020_med_1561105801_med.mp3","size":763110}}},"mobile":{"video":"https://coub-anubis-a.akamaized.net/coub_storage/coub/simple/cw_file/011947a64b0/d9f7b7d00229586273a48/muted_mp4_med_size_1569362917_muted_med.mp4","audio":["https://coub-anubis-a.akamaized.net/coub_storage/coub/simple/cw_looped_audio_med/558aa09e38a/86566b948d5954d52f97f/1605658020_med_1561105801_med.mp3"]},"share":{"default":"https://coub-anubis-a.akamaized.net/coub_storage/coub/simple/cw_video_for_sharing/eac09e73709/57d24b43608373290472c/1610650543_looped_1610650540.mp4"}},"audio_versions":{"template":"https://coub-anubis-a.akamaized.net/coub_storage/audio_track/cw_normalized_copy/5733d119343/c09a539cc00f38b9b2c3c/mid_1561105797_normalized_1561105791_53yc64_edited.mp3","versions":["mid","low"]},"image_versions":{"template":"https://coub-anubis-a.akamaized.net/coub_storage/coub/simple/cw_image/0a4197443d2/12b50abfc5504aa2cb66d/1561105809_00032.jpg","versions":["micro","tiny","age_restricted","ios_large","ios_mosaic","big","med","small","pinterest"]},"first_frame_versions":{"template":"https://coub-anubis-a.akamaized.net/coub_storage/coub/simple/cw_timeline_pic/fbab4818c12/8003fe4772a06bedc247d/%{version}_1561105809_image.jpg","versions":["big","med","small","ios_large"]},"dimensions":{"big":[960,960],"med":[480,480]},"site_w_h":[400,400],"page_w_h":[400,400],"site_w_h_small":[310,310],"size":[960,960],"age_restricted":false,"age_restricted_by_admin":false,"not_safe_for_work":false,"allow_reuse":false,"dont_crop":false,"banned":false,"global_safe":false,"audio_file_url":"https://coub-anubis-a.akamaized.net/coub_storage/audio_track/cw_normalized_copy/5733d119343/c09a539cc00f38b9b2c3c/low_1561105797_normalized_1561105791_53yc64_edited.mp3","external_download":false,"application":null,"channel":{"id":1246756,"permalink":"anton1987","title":"Anton Zimin","description":null,"followers_count":26,"following_count":8,"avatar_versions":{"template":"https://coub-anubis-a.akamaized.net/coub_storage/channel/cw_avatar/ef238eaa9d7/e3b768138d863be4dca33/%{version}_1608441222_xu43pi_1474645837_4242433.jpg","versions":["medium","medium_2x","profile_pic","profile_pic_new","profile_pic_new_2x","tiny","tiny_2x","small","small_2x","ios_large","ios_small"]}},"file":null,"picture":"https://coub-anubis-a.akamaized.net/coub_storage/coub/simple/cw_image/0a4197443d2/12b50abfc5504aa2cb66d/1561105809_00032.jpg","timeline_picture":"https://coub-anubis-a.akamaized.net/coub_storage/coub/simple/cw_timeline_pic/fbab4818c12/8003fe4772a06bedc247d/ios_large_1561105809_image.jpg","small_picture":"https://coub-anubis-a.akamaized.net/coub_storage/coub/simple/cw_image/0a4197443d2/12b50abfc5504aa2cb66d/1561105809_00032.jpg","sharing_picture":null,"percent_done":100,"tags":[],"categories":[{"id":32,"title":"Animals & Pets","permalink":"animals-pets","subscriptions_count":10082576,"big_image_url":"https://coub-anubis-a.akamaized.net/coub_storage/category/cw_image/60432c0f1f4/5d35698dc76c52d5f9e63/big_1544749976_animals2.png","small_image_url":"https://coub-anubis-a.akamaized.net/coub_storage/category/cw_image/60432c0f1f4/5d35698dc76c52d5f9e63/small_1544749976_animals2.png","med_image_url":"https://coub-anubis-a.akamaized.net/coub_storage/category/cw_image/60432c0f1f4/5d35698dc76c52d5f9e63/med_1544749976_animals2.png","visible":true}],"communities":[{"id":32,"title":"Animals & Pets","permalink":"animals-pets","subscriptions_count":10082576,"big_image_url":"https://coub-anubis-a.akamaized.net/coub_storage/category/cw_image/60432c0f1f4/5d35698dc76c52d5f9e63/big_1544749976_animals2.png","small_image_url":"https://coub-anubis-a.akamaized.net/coub_storage/category/cw_image/60432c0f1f4/5d35698dc76c52d5f9e63/small_1544749976_animals2.png","med_image_url":"https://coub-anubis-a.akamaized.net/coub_storage/category/cw_image/60432c0f1f4/5d35698dc76c52d5f9e63/med_1544749976_animals2.png","i_subscribed":true,"community_notifications_enabled":null,"description":null}],"recoubs_count":1107,"remixes_count":0,"likes_count":4691,"dislikes_count":0,"raw_video_id":13879049,"uploaded_by_ios_app":false,"uploaded_by_android_app":false,"media_blocks":{"uploaded_raw_videos":[],"external_raw_videos":[],"remixed_from_coubs":[]},"raw_video_thumbnail_url":"/missing/missing.png","raw_video_title":"____-________-_________-___-5274555.gif","video_block_banned":false,"duration":10.0,"promo_winner":false,"promo_winner_recoubers":null,"editorial_info":{},"promo_hint":null,"beeline_best_2014":null,"from_web_editor":true,"normalize_sound":true,"normalize_change_allowed":true,"best2015_addable":false,"ahmad_promo":null,"promo_data":null,"audio_copyright_claim":null,"ads_disabled":false,"is_safe_for_ads":true,"megafon_contents":[],"position_on_page":7},{"flag":null,"abuses":null,"recoubs_by_users_channels":null,"favourite":false,"promoted_id":null,"recoub":null,"like":null,"dislike":null,"reaction":null,"in_my_best2015":false,"id":17207084,"type":"Coub::Simple","permalink":"9snrt","title":"Shake that bird","visibility_type":"public","original_visibility_type":"public","channel_id":1175134,"created_at":"2015-12-17T22:01:08Z","updated_at":"2022-03-13T11:13:36Z","is_done":true,"views_count":546428,"cotd":null,"cotd_at":null,"visible_on_explore_root":true,"visible_on_explore":true,"featured":true,"published":true,"published_at":"2015-12-17T22:01:08Z","reversed":false,"from_editor_v2":true,"is_editable":true,"original_sound":false,"has_sound":false,"recoub_to":null,"file_versions":{"html5":{"video":{"higher":{"url":"https://coub-anubis-a.akamaized.net/coub_storage/coub/simple/cw_file/bc2d902a296/07d267f4b77b8012a4478/muted_mp4_huge_size_1567831668_muted_huge.mp4","size":5519456},"high":{"url":"https://coub-anubis-a.akamaized.net/coub_storage/coub/simple/cw_file/bc2d902a296/07d267f4b77b8012a4478/muted_mp4_big_size_1567831668_muted_big.mp4","size":3650158},"med":{"url":"https://coub-anubis-a.akamaized.net/coub_storage/coub/simple/cw_file/bc2d902a296/07d267f4b77b8012a4478/muted_mp4_med_size_1567831668_muted_med.mp4","size":1099606}}},"mobile":{"video":"https://coub-anubis-a.akamaized.net/coub_storage/coub/simple/cw_file/bc2d902a296/07d267f4b77b8012a4478/muted_mp4_med_size_1567831668_muted_med.mp4"},"share":{"default":"https://coub-anubis-a.akamaized.net/coub_storage/coub/simple/cw_video_for_sharing/3e137a61bec/f06f146211415966417b6/1609109102_looped_1609109099.mp4"}},"audio_versions":{},"image_versions":{"template":"https://coub-anubis-a.akamaized.net/coub_storage/coub/simple/cw_image/fd3ebecbdca/9e07967f39d9562d255c5/1450394862_00029.jpg","versions":["micro","tiny","age_restricted","ios_large","ios_mosaic","big","med","small","pinterest"]},"first_frame_versions":{"template":"https://coub-anubis-a.akamaized.net/coub_storage/coub/simple/cw_timeline_pic/7e9349bfa8d/4d78c3787d2849faf59d7/%{version}_1450394861_image.jpg","versions":["big","med","small","ios_large"]},"dimensions":{"big":[1280,718],"med":[640,358]},"site_w_h":[640,359],"page_w_h":[640,359],"site_w_h_small":[310,174],"size":[1280,718],"age_restricted":false,"age_restricted_by_admin":false,"not_safe_for_work":false,"allow_reuse":false,"dont_crop":false,"banned":false,"global_safe":true,"audio_file_url":null,"external_download":{"type":"UrlDownload","service_name":"UrlDownload","url":"http://vt.tumblr.com/tumblr_nycojq1gie1sr36c5.mp4","has_embed":false},"application":null,"channel":{"id":1175134,"permalink":"ksenia.404","title":"Ksenia Kolesnikova","description":null,"followers_count":181,"following_count":11,"avatar_versions":{"template":"https://coub-anubis-a.akamaized.net/coub_storage/channel/cw_avatar/3e78099f86a/194e6ba26363d4a006853/%{version}_1608012592_1k1ygs3_1474545758_79t4q0_avatar-upload.jpg","versions":["medium","medium_2x","profile_pic","profile_pic_new","profile_pic_new_2x","tiny","tiny_2x","small","small_2x","ios_large","ios_small"]}},"file":null,"picture":"https://coub-anubis-a.akamaized.net/coub_storage/coub/simple/cw_image/fd3ebecbdca/9e07967f39d9562d255c5/1450394862_00029.jpg","timeline_picture":"https://coub-anubis-a.akamaized.net/coub_storage/coub/simple/cw_timeline_pic/7e9349bfa8d/4d78c3787d2849faf59d7/ios_large_1450394861_image.jpg","small_picture":"https://coub-anubis-a.akamaized.net/coub_storage/coub/simple/cw_image/fd3ebecbdca/9e07967f39d9562d255c5/1450394862_00029.jpg","sharing_picture":null,"percent_done":100,"tags":[{"id":11810,"title":"weekly","value":"weekly"},{"id":529,"title":"танцует","value":"%D1%82%D0%B0%D0%BD%D1%86%D1%83%D0%B5%D1%82"},{"id":4168,"title":"птица","value":"%D0%BF%D1%82%D0%B8%D1%86%D0%B0"},{"id":32596,"title":"couboftheday","value":"couboftheday"},{"id":2652,"title":"bird","value":"bird"},{"id":77055,"title":"senora","value":"senora"},{"id":1036,"title":"shake","value":"shake"}],"categories":[{"id":32,"title":"Animals & Pets","permalink":"animals-pets","subscriptions_count":10082576,"big_image_url":"https://coub-anubis-a.akamaized.net/coub_storage/category/cw_image/60432c0f1f4/5d35698dc76c52d5f9e63/big_1544749976_animals2.png","small_image_url":"https://coub-anubis-a.akamaized.net/coub_storage/category/cw_image/60432c0f1f4/5d35698dc76c52d5f9e63/small_1544749976_animals2.png","med_image_url":"https://coub-anubis-a.akamaized.net/coub_storage/category/cw_image/60432c0f1f4/5d35698dc76c52d5f9e63/med_1544749976_animals2.png","visible":true}],"communities":[{"id":32,"title":"Animals & Pets","permalink":"animals-pets","subscriptions_count":10082576,"big_image_url":"https://coub-anubis-a.akamaized.net/coub_storage/category/cw_image/60432c0f1f4/5d35698dc76c52d5f9e63/big_1544749976_animals2.png","small_image_url":"https://coub-anubis-a.akamaized.net/coub_storage/category/cw_image/60432c0f1f4/5d35698dc76c52d5f9e63/small_1544749976_animals2.png","med_image_url":"https://coub-anubis-a.akamaized.net/coub_storage/category/cw_image/60432c0f1f4/5d35698dc76c52d5f9e63/med_1544749976_animals2.png","i_subscribed":true,"community_notifications_enabled":null,"description":null}],"recoubs_count":1146,"remixes_count":42,"likes_count":4691,"dislikes_count":0,"raw_video_id":1975400,"uploaded_by_ios_app":false,"uploaded_by_android_app":false,"media_blocks":{"uploaded_raw_videos":[],"external_raw_videos":[{"id":12264871,"title":"tumblr_nycojq1gie1sr36c5.mp4","url":"http://vt.tumblr.com/tumblr_nycojq1gie1sr36c5.mp4","image":"https://coub-anubis-a.akamaized.net/coub_storage/media_block/cw_image/18724bf860e/34283cdf66cd818988821/1488824027_1450388883_image.jpg","image_retina":"https://coub-anubis-a.akamaized.net/coub_storage/media_block/cw_image/18724bf860e/34283cdf66cd818988821/1488824027_1450388883_image.jpg","meta":{"service":"UrlDownload","duration":"43.72"},"duration":43.72,"raw_video_id":1975400,"has_embed":false}],"remixed_from_coubs":[],"external_video":{"id":12264871,"title":"tumblr_nycojq1gie1sr36c5.mp4","url":"http://vt.tumblr.com/tumblr_nycojq1gie1sr36c5.mp4","image":"https://coub-anubis-a.akamaized.net/coub_storage/media_block/cw_image/18724bf860e/34283cdf66cd818988821/1488824027_1450388883_image.jpg","image_retina":"https://coub-anubis-a.akamaized.net/coub_storage/media_block/cw_image/18724bf860e/34283cdf66cd818988821/1488824027_1450388883_image.jpg","meta":{"service":"UrlDownload","duration":"43.72"},"duration":43.72,"raw_video_id":1975400,"has_embed":false}},"raw_video_thumbnail_url":"/missing/missing.png","raw_video_title":"tumblr_nycojq1gie1sr36c5.mp4","video_block_banned":false,"duration":9.08,"promo_winner":false,"promo_winner_recoubers":null,"editorial_info":{},"promo_hint":null,"beeline_best_2014":null,"from_web_editor":true,"normalize_sound":true,"normalize_change_allowed":true,"best2015_addable":false,"ahmad_promo":null,"promo_data":null,"audio_copyright_claim":"Sony Music Entertainment Russia","ads_disabled":null,"is_safe_for_ads":true,"megafon_contents":[],"position_on_page":8},{"flag":null,"abuses":null,"recoubs_by_users_channels":null,"favourite":false,"promoted_id":null,"recoub":null,"like":null,"dislike":null,"reaction":null,"in_my_best2015":false,"id":3639325,"type":"Coub::Simple","permalink":"1puql","title":"Tenderness","visibility_type":"public","original_visibility_type":"public","channel_id":15450,"created_at":"2014-05-17T11:37:07Z","updated_at":"2022-03-18T05:19:35Z","is_done":true,"views_count":365048,"cotd":null,"cotd_at":null,"visible_on_explore_root":true,"visible_on_explore":true,"featured":true,"published":true,"published_at":"2014-05-17T11:37:07Z","reversed":true,"from_editor_v2":true,"is_editable":true,"original_sound":false,"has_sound":false,"recoub_to":null,"file_versions":{"html5":{"video":{"higher":{"url":"https://coub-anubis-a.akamaized.net/coub_storage/coub/simple/cw_file/cc4eca40783/a2b034d60da27632632d3/muted_mp4_huge_size_1567711668_muted_huge.mp4","size":4382914},"high":{"url":"https://coub-anubis-a.akamaized.net/coub_storage/coub/simple/cw_file/cc4eca40783/a2b034d60da27632632d3/muted_mp4_big_size_1567711668_muted_big.mp4","size":2967175},"med":{"url":"https://coub-anubis-a.akamaized.net/coub_storage/coub/simple/cw_file/cc4eca40783/a2b034d60da27632632d3/muted_mp4_med_size_1567711668_muted_med.mp4","size":862214}}},"mobile":{"video":"https://coub-anubis-a.akamaized.net/coub_storage/coub/simple/cw_file/cc4eca40783/a2b034d60da27632632d3/muted_mp4_med_size_1567711668_muted_med.mp4"},"share":{"default":"https://coub-anubis-a.akamaized.net/coub_storage/coub/simple/cw_video_for_sharing/989f33cb642/321c1e9662a3e796a28d9/1610862333_looped_1610862332.mp4"}},"audio_versions":{},"image_versions":{"template":"https://coub-anubis-a.akamaized.net/coub_storage/coub/simple/cw_image/72f7ad4b2dc/6d7f6a99e1c3b8c18b3c0/1443463708_00063.jpg","versions":["micro","tiny","age_restricted","ios_large","ios_mosaic","big","med","small","pinterest"]},"first_frame_versions":{"template":"https://coub-anubis-a.akamaized.net/coub_storage/coub/simple/cw_timeline_pic/d5db32d0db8/f3ca50ff75aa72595a51e/%{version}_1443463707_image.jpg","versions":["big","med","small","ios_large"]},"dimensions":{"big":[1280,712],"med":[640,356]},"site_w_h":[640,356],"page_w_h":[640,356],"site_w_h_small":[310,172],"size":[1280,712],"age_restricted":false,"age_restricted_by_admin":false,"not_safe_for_work":null,"allow_reuse":false,"dont_crop":false,"banned":false,"global_safe":true,"audio_file_url":null,"external_download":{"type":"Youtube","service_name":"YouTube","url":"http://www.youtube.com/watch?v=jO3dwUKULOE","has_embed":true},"application":null,"channel":{"id":15450,"permalink":"dmitry.udarov","title":"Dmitry Udarov","description":null,"followers_count":15644,"following_count":80,"avatar_versions":{"template":"https://coub-anubis-a.akamaized.net/coub_storage/channel/cw_avatar/aea5d5d3281/ebcae4dc2145438ee77a2/%{version}_1544715486_234758__1_.jpg","versions":["medium","medium_2x","profile_pic","profile_pic_new","profile_pic_new_2x","tiny","tiny_2x","small","small_2x","ios_large","ios_small"]}},"file":null,"picture":"https://coub-anubis-a.akamaized.net/coub_storage/coub/simple/cw_image/72f7ad4b2dc/6d7f6a99e1c3b8c18b3c0/1443463708_00063.jpg","timeline_picture":"https://coub-anubis-a.akamaized.net/coub_storage/coub/simple/cw_timeline_pic/d5db32d0db8/f3ca50ff75aa72595a51e/ios_large_1443463707_image.jpg","small_picture":"https://coub-anubis-a.akamaized.net/coub_storage/coub/simple/cw_image/72f7ad4b2dc/6d7f6a99e1c3b8c18b3c0/1443463708_00063.jpg","sharing_picture":null,"percent_done":100,"tags":[],"categories":[{"id":32,"title":"Animals & Pets","permalink":"animals-pets","subscriptions_count":10082576,"big_image_url":"https://coub-anubis-a.akamaized.net/coub_storage/category/cw_image/60432c0f1f4/5d35698dc76c52d5f9e63/big_1544749976_animals2.png","small_image_url":"https://coub-anubis-a.akamaized.net/coub_storage/category/cw_image/60432c0f1f4/5d35698dc76c52d5f9e63/small_1544749976_animals2.png","med_image_url":"https://coub-anubis-a.akamaized.net/coub_storage/category/cw_image/60432c0f1f4/5d35698dc76c52d5f9e63/med_1544749976_animals2.png","visible":true}],"communities":[{"id":32,"title":"Animals & Pets","permalink":"animals-pets","subscriptions_count":10082576,"big_image_url":"https://coub-anubis-a.akamaized.net/coub_storage/category/cw_image/60432c0f1f4/5d35698dc76c52d5f9e63/big_1544749976_animals2.png","small_image_url":"https://coub-anubis-a.akamaized.net/coub_storage/category/cw_image/60432c0f1f4/5d35698dc76c52d5f9e63/small_1544749976_animals2.png","med_image_url":"https://coub-anubis-a.akamaized.net/coub_storage/category/cw_image/60432c0f1f4/5d35698dc76c52d5f9e63/med_1544749976_animals2.png","i_subscribed":true,"community_notifications_enabled":null,"description":null}],"recoubs_count":1204,"remixes_count":0,"likes_count":4690,"dislikes_count":0,"raw_video_id":649622,"uploaded_by_ios_app":false,"uploaded_by_android_app":false,"media_blocks":{"uploaded_raw_videos":[],"external_raw_videos":[{"id":11309213,"title":"Adorable Chipmunk in Slow Motion","url":"http://www.youtube.com/watch?v=jO3dwUKULOE","image":"https://coub-anubis-a.akamaized.net/coub_storage/media_block/cw_image/0d4ed6bcf30/6fad29781b5b5895e8a9c/1488438582_1407442256_1400325412_14amtr6_att-url-download.jpg","image_retina":"https://coub-anubis-a.akamaized.net/coub_storage/media_block/cw_image/0d4ed6bcf30/6fad29781b5b5895e8a9c/1488438582_1407442256_1400325412_14amtr6_att-url-download.jpg","meta":{"service":"Youtube","duration":"47.0"},"duration":47.0,"raw_video_id":649622,"has_embed":true}],"remixed_from_coubs":[],"external_video":{"id":11309213,"title":"Adorable Chipmunk in Slow Motion","url":"http://www.youtube.com/watch?v=jO3dwUKULOE","image":"https://coub-anubis-a.akamaized.net/coub_storage/media_block/cw_image/0d4ed6bcf30/6fad29781b5b5895e8a9c/1488438582_1407442256_1400325412_14amtr6_att-url-download.jpg","image_retina":"https://coub-anubis-a.akamaized.net/coub_storage/media_block/cw_image/0d4ed6bcf30/6fad29781b5b5895e8a9c/1488438582_1407442256_1400325412_14amtr6_att-url-download.jpg","meta":{"service":"Youtube","duration":"47.0"},"duration":47.0,"raw_video_id":649622,"has_embed":true},"audio_track":{"id":19286405,"title":"Careless Whisper","url":"https://geo.itunes.apple.com/us/album/careless-whisper/id500213709?i=500213829&uo=4&at=10l5bB&app=music","image":"https://coub-anubis-a.akamaized.net/coub_storage/media_block/cw_image/366ac746dc0/c22336abd224f967a3244/1492067390_1407426930_1400326529_1wyai95_att-url-download.jpg","image_retina":"https://coub-anubis-a.akamaized.net/coub_storage/media_block/cw_image/366ac746dc0/c22336abd224f967a3244/1492067390_1407426930_1400326529_1wyai95_att-url-download.jpg","meta":{"year":null,"album":null,"title":"Careless Whisper","artist":"George Michael","echonest_id":null},"duration":null,"amazon_url":null,"google_play_url":null,"bandcamp_url":null,"soundcloud_url":null,"track_name":null,"track_artist":null,"track_album":null,"itunes_url":"https://geo.itunes.apple.com/us/album/careless-whisper/id500213709?i=500213829&uo=4&at=10l5bB&app=music"}},"raw_video_thumbnail_url":"/missing/missing.png","raw_video_title":"Adorable Chipmunk in Slow Motion","video_block_banned":false,"duration":20.0,"promo_winner":false,"promo_winner_recoubers":null,"editorial_info":{},"promo_hint":null,"beeline_best_2014":null,"from_web_editor":true,"normalize_sound":true,"normalize_change_allowed":true,"best2015_addable":false,"ahmad_promo":null,"promo_data":null,"audio_copyright_claim":"Sony Music Entertainment Russia","ads_disabled":null,"is_safe_for_ads":true,"megafon_contents":[],"position_on_page":9},{"flag":null,"abuses":null,"recoubs_by_users_channels":null,"favourite":false,"promoted_id":null,"recoub":null,"like":null,"dislike":null,"reaction":null,"in_my_best2015":false,"id":77062874,"type":"Coub::Simple","permalink":"19h37k","title":"Azkaban missing cat","visibility_type":"public","original_visibility_type":"public","channel_id":229369,"created_at":"2018-06-13T13:06:54Z","updated_at":"2022-03-17T22:59:03Z","is_done":true,"views_count":244683,"cotd":null,"cotd_at":null,"visible_on_explore_root":false,"visible_on_explore":false,"featured":false,"published":true,"published_at":"2018-06-13T13:06:54Z","reversed":false,"from_editor_v2":true,"is_editable":true,"original_sound":false,"has_sound":false,"recoub_to":null,"file_versions":{"html5":{"video":{"higher":{"url":"https://coub-anubis-a.akamaized.net/coub_storage/coub/simple/cw_file/00d771813ae/889f5e09b9c4bfa2e917b/muted_mp4_huge_size_1568246225_muted_huge.mp4","size":3716938},"high":{"url":"https://coub-anubis-a.akamaized.net/coub_storage/coub/simple/cw_file/00d771813ae/889f5e09b9c4bfa2e917b/muted_mp4_big_size_1568246225_muted_big.mp4","size":2669414},"med":{"url":"https://coub-anubis-a.akamaized.net/coub_storage/coub/simple/cw_file/00d771813ae/889f5e09b9c4bfa2e917b/muted_mp4_med_size_1568246225_muted_med.mp4","size":679759}},"audio":{"high":{"url":"https://coub-anubis-a.akamaized.net/coub_storage/coub/simple/cw_looped_audio_high/4dd4b9d7e61/9e0648253ce2a8b055ea3/1605622038_high_1528895253_high.mp3","size":2005529},"med":{"url":"https://coub-anubis-a.akamaized.net/coub_storage/coub/simple/cw_looped_audio_med/1a2bb23214f/bfb1071701f073ce27082/1605622038_med_1528895253_med.mp3","size":1526059}}},"mobile":{"video":"https://coub-anubis-a.akamaized.net/coub_storage/coub/simple/cw_file/00d771813ae/889f5e09b9c4bfa2e917b/muted_mp4_med_size_1568246225_muted_med.mp4","audio":["https://coub-anubis-a.akamaized.net/coub_storage/coub/simple/cw_looped_audio_med/1a2bb23214f/bfb1071701f073ce27082/1605622038_med_1528895253_med.mp3"]},"share":{"default":"https://coub-anubis-a.akamaized.net/coub_storage/coub/simple/cw_video_for_sharing/5ea43acdd80/a1bf413ed9f2ce6319774/1610444137_looped_1610444135.mp4"}},"audio_versions":{"template":"https://coub-anubis-a.akamaized.net/coub_storage/audio_track/cw_normalized_copy/8a6a6cd87be/920c1b077b89f260146aa/mid_1528895245_1csh8of_normalized_1528895236_ujcftz_edited.mp3","versions":["mid","low"]},"image_versions":{"template":"https://coub-anubis-a.akamaized.net/coub_storage/coub/simple/cw_image/34d50fbabc4/72ca52dd10b7f8fbf2004/1528895264_00032.jpg","versions":["micro","tiny","age_restricted","ios_large","ios_mosaic","big","med","small","pinterest"]},"first_frame_versions":{"template":"https://coub-anubis-a.akamaized.net/coub_storage/coub/simple/cw_timeline_pic/48d7178f045/9eca552f34a8c45fc6335/1528895263_image.jpg","versions":["big","med","small","ios_large"]},"dimensions":{"big":[1280,720],"med":[640,360]},"site_w_h":[640,360],"page_w_h":[640,360],"site_w_h_small":[310,174],"size":[1280,720],"age_restricted":false,"age_restricted_by_admin":false,"not_safe_for_work":false,"allow_reuse":false,"dont_crop":false,"banned":false,"global_safe":true,"audio_file_url":"https://coub-anubis-a.akamaized.net/coub_storage/audio_track/cw_normalized_copy/8a6a6cd87be/920c1b077b89f260146aa/low_1528895245_1csh8of_normalized_1528895236_ujcftz_edited.mp3","external_download":{"type":"Youtube","service_name":"YouTube","url":"http://youtu.be/8C5iTy9Msig","has_embed":true},"application":null,"channel":{"id":229369,"permalink":"mcmcmcluhan","title":"McMcMcluhan","description":null,"followers_count":73,"following_count":12,"avatar_versions":{"template":"https://coub-anubis-a.akamaized.net/coub_storage/channel/cw_avatar/c342af9a189/00476d9974cf32925c15c/%{version}_1474494336_50kqog_att-url-download.jpg","versions":["medium","medium_2x","profile_pic","profile_pic_new","profile_pic_new_2x","tiny","tiny_2x","small","small_2x","ios_large","ios_small"]}},"file":null,"picture":"https://coub-anubis-a.akamaized.net/coub_storage/coub/simple/cw_image/34d50fbabc4/72ca52dd10b7f8fbf2004/1528895264_00032.jpg","timeline_picture":"https://coub-anubis-a.akamaized.net/coub_storage/coub/simple/cw_timeline_pic/48d7178f045/9eca552f34a8c45fc6335/1528895263_image.jpg","small_picture":"https://coub-anubis-a.akamaized.net/coub_storage/coub/simple/cw_image/34d50fbabc4/72ca52dd10b7f8fbf2004/1528895264_00032.jpg","sharing_picture":null,"percent_done":100,"tags":[],"categories":[{"id":32,"title":"Animals & Pets","permalink":"animals-pets","subscriptions_count":10082576,"big_image_url":"https://coub-anubis-a.akamaized.net/coub_storage/category/cw_image/60432c0f1f4/5d35698dc76c52d5f9e63/big_1544749976_animals2.png","small_image_url":"https://coub-anubis-a.akamaized.net/coub_storage/category/cw_image/60432c0f1f4/5d35698dc76c52d5f9e63/small_1544749976_animals2.png","med_image_url":"https://coub-anubis-a.akamaized.net/coub_storage/category/cw_image/60432c0f1f4/5d35698dc76c52d5f9e63/med_1544749976_animals2.png","visible":true}],"communities":[{"id":32,"title":"Animals & Pets","permalink":"animals-pets","subscriptions_count":10082576,"big_image_url":"https://coub-anubis-a.akamaized.net/coub_storage/category/cw_image/60432c0f1f4/5d35698dc76c52d5f9e63/big_1544749976_animals2.png","small_image_url":"https://coub-anubis-a.akamaized.net/coub_storage/category/cw_image/60432c0f1f4/5d35698dc76c52d5f9e63/small_1544749976_animals2.png","med_image_url":"https://coub-anubis-a.akamaized.net/coub_storage/category/cw_image/60432c0f1f4/5d35698dc76c52d5f9e63/med_1544749976_animals2.png","i_subscribed":true,"community_notifications_enabled":null,"description":null}],"recoubs_count":907,"remixes_count":1,"likes_count":4686,"dislikes_count":0,"raw_video_id":11877219,"uploaded_by_ios_app":true,"uploaded_by_android_app":false,"media_blocks":{"uploaded_raw_videos":[],"external_raw_videos":[{"id":26851031,"title":"Creeped out when this \"Missing cat\" poster turned his head as I walked by","url":"https://www.youtube.com/watch?v=8C5iTy9Msig","image":"https://coub-anubis-a.akamaized.net/coub_storage/media_block/cw_image/9168221fd3b/288e51d79a5e9c0ae5a6f/1528895066_1528894953_xs51nu_att-url-download.jpg","image_retina":"https://coub-anubis-a.akamaized.net/coub_storage/media_block/cw_image/9168221fd3b/288e51d79a5e9c0ae5a6f/1528895066_1528894953_xs51nu_att-url-download.jpg","meta":{"service":"Youtube","duration":"20.6"},"duration":20.6,"raw_video_id":11877219,"has_embed":true}],"remixed_from_coubs":[],"external_video":{"id":26851031,"title":"Creeped out when this \"Missing cat\" poster turned his head as I walked by","url":"https://www.youtube.com/watch?v=8C5iTy9Msig","image":"https://coub-anubis-a.akamaized.net/coub_storage/media_block/cw_image/9168221fd3b/288e51d79a5e9c0ae5a6f/1528895066_1528894953_xs51nu_att-url-download.jpg","image_retina":"https://coub-anubis-a.akamaized.net/coub_storage/media_block/cw_image/9168221fd3b/288e51d79a5e9c0ae5a6f/1528895066_1528894953_xs51nu_att-url-download.jpg","meta":{"service":"Youtube","duration":"20.6"},"duration":20.6,"raw_video_id":11877219,"has_embed":true}},"raw_video_thumbnail_url":"/missing/missing.png","raw_video_title":"Creeped out when this \"Missing cat\" poster turned his head as I walked by","video_block_banned":false,"duration":10.0,"promo_winner":false,"promo_winner_recoubers":null,"editorial_info":{},"promo_hint":null,"beeline_best_2014":null,"from_web_editor":false,"normalize_sound":true,"normalize_change_allowed":true,"best2015_addable":false,"ahmad_promo":null,"promo_data":null,"audio_copyright_claim":null,"ads_disabled":false,"is_safe_for_ads":true,"megafon_contents":[],"position_on_page":10}]}