{"page":436,"per_page":10,"total_pages":500,"coubs":[{"flag":null,"abuses":null,"recoubs_by_users_channels":null,"favourite":false,"promoted_id":null,"recoub":null,"like":null,"dislike":null,"reaction":null,"in_my_best2015":false,"id":113918666,"type":"Coub::Simple","permalink":"1vf1jm","title":"Тренировка тараканов","visibility_type":"public","original_visibility_type":"public","channel_id":2104076,"created_at":"2019-06-03T08:01:29Z","updated_at":"2022-03-16T23:39:27Z","is_done":true,"views_count":119039,"cotd":null,"cotd_at":null,"visible_on_explore_root":false,"visible_on_explore":false,"featured":false,"published":true,"published_at":"2019-06-03T08:01:29Z","reversed":false,"from_editor_v2":true,"is_editable":true,"original_sound":false,"has_sound":false,"recoub_to":null,"file_versions":{"html5":{"video":{"higher":{"url":"https://coub-anubis-a.akamaized.net/coub_storage/coub/simple/cw_file/299908ca507/b6417504269cb06229163/muted_mp4_huge_size_1569349413_muted_huge.mp4","size":2883090},"high":{"url":"https://coub-anubis-a.akamaized.net/coub_storage/coub/simple/cw_file/299908ca507/b6417504269cb06229163/muted_mp4_big_size_1569349413_muted_big.mp4","size":2039372},"med":{"url":"https://coub-anubis-a.akamaized.net/coub_storage/coub/simple/cw_file/299908ca507/b6417504269cb06229163/muted_mp4_med_size_1569349413_muted_med.mp4","size":703565}},"audio":{"high":{"url":"https://coub-anubis-a.akamaized.net/coub_storage/coub/simple/cw_looped_audio_high/d135ab1282c/e64d016864f56305add3e/1605665383_high_1559548900_high.mp3","size":1373193},"med":{"url":"https://coub-anubis-a.akamaized.net/coub_storage/coub/simple/cw_looped_audio_med/64243013ad8/cf0d180b62d2b44091cc5/1605665383_med_1559548900_med.mp3","size":1105779}}},"mobile":{"video":"https://coub-anubis-a.akamaized.net/coub_storage/coub/simple/cw_file/299908ca507/b6417504269cb06229163/muted_mp4_med_size_1569349413_muted_med.mp4","audio":["https://coub-anubis-a.akamaized.net/coub_storage/coub/simple/cw_looped_audio_med/64243013ad8/cf0d180b62d2b44091cc5/1605665383_med_1559548900_med.mp3"]},"share":{"default":"https://coub-anubis-a.akamaized.net/coub_storage/coub/simple/cw_video_for_sharing/3ffbbcdf81b/78de75e6c6e1c611760cc/1616841197_looped_1616841197.mp4"}},"audio_versions":{"template":"https://coub-anubis-a.akamaized.net/coub_storage/audio_track/cw_normalized_copy/1c62bbffb3d/c02ffd7393ecf297d79ec/mid_1559548895_normalized_1527502452_audio.mp3","versions":["mid","low"]},"image_versions":{"template":"https://coub-anubis-a.akamaized.net/coub_storage/coub/simple/cw_image/0eb9d0a9a5d/b6e1fedda37fe8d27f013/1559548906_00022.jpg","versions":["micro","tiny","age_restricted","ios_large","ios_mosaic","big","med","small","pinterest"]},"first_frame_versions":{"template":"https://coub-anubis-a.akamaized.net/coub_storage/coub/simple/cw_timeline_pic/58a23156374/ec5fec300fb38de386ddd/%{version}_1559548906_image.jpg","versions":["big","med","small","ios_large"]},"dimensions":{"big":[768,960],"med":[384,480]},"site_w_h":[320,400],"page_w_h":[400,500],"site_w_h_small":[310,388],"size":[768,960],"age_restricted":false,"age_restricted_by_admin":false,"not_safe_for_work":false,"allow_reuse":false,"dont_crop":false,"banned":false,"global_safe":false,"audio_file_url":"https://coub-anubis-a.akamaized.net/coub_storage/audio_track/cw_normalized_copy/1c62bbffb3d/c02ffd7393ecf297d79ec/low_1559548895_normalized_1527502452_audio.mp3","external_download":false,"application":null,"channel":{"id":2104076,"permalink":"-daeamon","title":"Daeamon","description":null,"followers_count":47,"following_count":92,"avatar_versions":{"template":"https://coub-anubis-a.akamaized.net/coub_storage/channel/cw_avatar/73cb9473839/da3b0e4b3324f9e5ff978/%{version}_1607905235_1pr5qhr_1602224645_orig.jpg","versions":["medium","medium_2x","profile_pic","profile_pic_new","profile_pic_new_2x","tiny","tiny_2x","small","small_2x","ios_large","ios_small"]}},"file":null,"picture":"https://coub-anubis-a.akamaized.net/coub_storage/coub/simple/cw_image/0eb9d0a9a5d/b6e1fedda37fe8d27f013/1559548906_00022.jpg","timeline_picture":"https://coub-anubis-a.akamaized.net/coub_storage/coub/simple/cw_timeline_pic/58a23156374/ec5fec300fb38de386ddd/ios_large_1559548906_image.jpg","small_picture":"https://coub-anubis-a.akamaized.net/coub_storage/coub/simple/cw_image/0eb9d0a9a5d/b6e1fedda37fe8d27f013/1559548906_00022.jpg","sharing_picture":null,"percent_done":100,"tags":[{"id":209089,"title":"погоня погоня погоня","value":"%D0%BF%D0%BE%D0%B3%D0%BE%D0%BD%D1%8F%20%D0%BF%D0%BE%D0%B3%D0%BE%D0%BD%D1%8F%20%D0%BF%D0%BE%D0%B3%D0%BE%D0%BD%D1%8F"},{"id":29565,"title":"таракан","value":"%D1%82%D0%B0%D1%80%D0%B0%D0%BA%D0%B0%D0%BD"},{"id":58591,"title":"эскалатор","value":"%D1%8D%D1%81%D0%BA%D0%B0%D0%BB%D0%B0%D1%82%D0%BE%D1%80"}],"categories":[{"id":32,"title":"Animals & Pets","permalink":"animals-pets","subscriptions_count":10082576,"big_image_url":"https://coub-anubis-a.akamaized.net/coub_storage/category/cw_image/60432c0f1f4/5d35698dc76c52d5f9e63/big_1544749976_animals2.png","small_image_url":"https://coub-anubis-a.akamaized.net/coub_storage/category/cw_image/60432c0f1f4/5d35698dc76c52d5f9e63/small_1544749976_animals2.png","med_image_url":"https://coub-anubis-a.akamaized.net/coub_storage/category/cw_image/60432c0f1f4/5d35698dc76c52d5f9e63/med_1544749976_animals2.png","visible":true}],"communities":[{"id":32,"title":"Animals & Pets","permalink":"animals-pets","subscriptions_count":10082576,"big_image_url":"https://coub-anubis-a.akamaized.net/coub_storage/category/cw_image/60432c0f1f4/5d35698dc76c52d5f9e63/big_1544749976_animals2.png","small_image_url":"https://coub-anubis-a.akamaized.net/coub_storage/category/cw_image/60432c0f1f4/5d35698dc76c52d5f9e63/small_1544749976_animals2.png","med_image_url":"https://coub-anubis-a.akamaized.net/coub_storage/category/cw_image/60432c0f1f4/5d35698dc76c52d5f9e63/med_1544749976_animals2.png","i_subscribed":true,"community_notifications_enabled":null,"description":null}],"recoubs_count":411,"remixes_count":1,"likes_count":1935,"dislikes_count":0,"raw_video_id":13798919,"uploaded_by_ios_app":false,"uploaded_by_android_app":false,"media_blocks":{"uploaded_raw_videos":[],"external_raw_videos":[],"remixed_from_coubs":[]},"raw_video_thumbnail_url":"/missing/missing.png","raw_video_title":"aXY33BP_460svvp9.webm","video_block_banned":false,"duration":7.0,"promo_winner":false,"promo_winner_recoubers":null,"editorial_info":{},"promo_hint":null,"beeline_best_2014":null,"from_web_editor":true,"normalize_sound":true,"normalize_change_allowed":true,"best2015_addable":false,"ahmad_promo":null,"promo_data":null,"audio_copyright_claim":null,"ads_disabled":false,"is_safe_for_ads":true,"megafon_contents":[],"position_on_page":1},{"flag":null,"abuses":null,"recoubs_by_users_channels":null,"favourite":false,"promoted_id":null,"recoub":null,"like":null,"dislike":null,"reaction":null,"in_my_best2015":false,"id":90983208,"type":"Coub::Simple","permalink":"1hrgak","title":"can we go to shopping?","visibility_type":"public","original_visibility_type":"public","channel_id":3471592,"created_at":"2018-11-11T12:04:09Z","updated_at":"2022-03-07T01:15:48Z","is_done":true,"views_count":97124,"cotd":null,"cotd_at":null,"visible_on_explore_root":false,"visible_on_explore":false,"featured":false,"published":true,"published_at":"2018-11-11T12:04:09Z","reversed":false,"from_editor_v2":true,"is_editable":true,"original_sound":false,"has_sound":false,"recoub_to":null,"file_versions":{"html5":{"video":{"higher":{"url":"https://coub-anubis-a.akamaized.net/coub_storage/coub/simple/cw_file/82f139542c3/150fbe3dc98c3c988931e/muted_mp4_huge_size_1569161218_muted_huge.mp4","size":2098530},"high":{"url":"https://coub-anubis-a.akamaized.net/coub_storage/coub/simple/cw_file/82f139542c3/150fbe3dc98c3c988931e/muted_mp4_big_size_1569161218_muted_big.mp4","size":1502307},"med":{"url":"https://coub-anubis-a.akamaized.net/coub_storage/coub/simple/cw_file/82f139542c3/150fbe3dc98c3c988931e/muted_mp4_med_size_1569161218_muted_med.mp4","size":521870}},"audio":{"high":{"url":"https://coub-anubis-a.akamaized.net/coub_storage/coub/simple/cw_looped_audio_high/f32082d793e/4fdfaed3500ab0584d7a6/1605655619_high_1541937950_high.mp3","size":6334798},"med":{"url":"https://coub-anubis-a.akamaized.net/coub_storage/coub/simple/cw_looped_audio_med/d2a6c7a207f/a837cbcb98b79b2ab9c37/1605655619_med_1541937950_med.mp3","size":4658820}}},"mobile":{"video":"https://coub-anubis-a.akamaized.net/coub_storage/coub/simple/cw_file/82f139542c3/150fbe3dc98c3c988931e/muted_mp4_med_size_1569161218_muted_med.mp4","audio":["https://coub-anubis-a.akamaized.net/coub_storage/coub/simple/cw_looped_audio_med/d2a6c7a207f/a837cbcb98b79b2ab9c37/1605655619_med_1541937950_med.mp3"]},"share":{"default":"https://coub-anubis-a.akamaized.net/coub_storage/coub/simple/cw_video_for_sharing/d6431da50c5/9ef4b551ea2325f7812ee/1613339686_looped_1613339685.mp4"}},"audio_versions":{"template":"https://coub-anubis-a.akamaized.net/coub_storage/audio_track/cw_normalized_copy/66b680ae189/87284d3505b5d511e380f/mid_1541937922_normalized_1541937880_1ea8rr3_edited.mp3","versions":["mid","low"]},"image_versions":{"template":"https://coub-anubis-a.akamaized.net/coub_storage/coub/simple/cw_image/e0f3fc7dda2/a2ebf242aacf5535ca538/1541937976_00021.jpg","versions":["micro","tiny","age_restricted","ios_large","ios_mosaic","big","med","small","pinterest"]},"first_frame_versions":{"template":"https://coub-anubis-a.akamaized.net/coub_storage/coub/simple/cw_timeline_pic/08d3ec9fba3/868abc079207b460e6fdd/%{version}_1541937976_image.jpg","versions":["big","med","small","ios_large"]},"dimensions":{"big":[538,960],"med":[268,480]},"site_w_h":[224,400],"page_w_h":[400,714],"site_w_h_small":[310,553],"size":[538,960],"age_restricted":false,"age_restricted_by_admin":false,"not_safe_for_work":false,"allow_reuse":false,"dont_crop":false,"banned":false,"global_safe":true,"audio_file_url":"https://coub-anubis-a.akamaized.net/coub_storage/audio_track/cw_normalized_copy/66b680ae189/87284d3505b5d511e380f/low_1541937922_normalized_1541937880_1ea8rr3_edited.mp3","external_download":false,"application":null,"channel":{"id":3471592,"permalink":"helloimjah","title":"hello im jah","description":"Sometimes I make funny shit...","followers_count":1435,"following_count":0,"avatar_versions":{"template":"https://coub-anubis-a.akamaized.net/coub_storage/channel/cw_avatar/dc1be58a674/9e1730b5073f4896cc0c5/%{version}_1607748179_1nyr59k_1496425135_profile_picture.png","versions":["medium","medium_2x","profile_pic","profile_pic_new","profile_pic_new_2x","tiny","tiny_2x","small","small_2x","ios_large","ios_small"]}},"file":null,"picture":"https://coub-anubis-a.akamaized.net/coub_storage/coub/simple/cw_image/e0f3fc7dda2/a2ebf242aacf5535ca538/1541937976_00021.jpg","timeline_picture":"https://coub-anubis-a.akamaized.net/coub_storage/coub/simple/cw_timeline_pic/08d3ec9fba3/868abc079207b460e6fdd/ios_large_1541937976_image.jpg","small_picture":"https://coub-anubis-a.akamaized.net/coub_storage/coub/simple/cw_image/e0f3fc7dda2/a2ebf242aacf5535ca538/1541937976_00021.jpg","sharing_picture":null,"percent_done":100,"tags":[{"id":419,"title":"dog","value":"dog"},{"id":2668212,"title":"hello im jah","value":"hello%20im%20jah"},{"id":1137961,"title":"dog shopping","value":"dog%20shopping"},{"id":3195337,"title":"helloimjah","value":"helloimjah"},{"id":4434531,"title":"can we go to shopping?","value":"can%20we%20go%20to%20shopping?"},{"id":15830,"title":"shopping","value":"shopping"}],"categories":[{"id":32,"title":"Animals & Pets","permalink":"animals-pets","subscriptions_count":10082576,"big_image_url":"https://coub-anubis-a.akamaized.net/coub_storage/category/cw_image/60432c0f1f4/5d35698dc76c52d5f9e63/big_1544749976_animals2.png","small_image_url":"https://coub-anubis-a.akamaized.net/coub_storage/category/cw_image/60432c0f1f4/5d35698dc76c52d5f9e63/small_1544749976_animals2.png","med_image_url":"https://coub-anubis-a.akamaized.net/coub_storage/category/cw_image/60432c0f1f4/5d35698dc76c52d5f9e63/med_1544749976_animals2.png","visible":true}],"communities":[{"id":32,"title":"Animals & Pets","permalink":"animals-pets","subscriptions_count":10082576,"big_image_url":"https://coub-anubis-a.akamaized.net/coub_storage/category/cw_image/60432c0f1f4/5d35698dc76c52d5f9e63/big_1544749976_animals2.png","small_image_url":"https://coub-anubis-a.akamaized.net/coub_storage/category/cw_image/60432c0f1f4/5d35698dc76c52d5f9e63/small_1544749976_animals2.png","med_image_url":"https://coub-anubis-a.akamaized.net/coub_storage/category/cw_image/60432c0f1f4/5d35698dc76c52d5f9e63/med_1544749976_animals2.png","i_subscribed":true,"community_notifications_enabled":null,"description":null}],"recoubs_count":377,"remixes_count":1,"likes_count":1935,"dislikes_count":0,"raw_video_id":12681928,"uploaded_by_ios_app":false,"uploaded_by_android_app":false,"media_blocks":{"uploaded_raw_videos":[],"external_raw_videos":[],"remixed_from_coubs":[]},"raw_video_thumbnail_url":"/missing/missing.png","raw_video_title":"shopping.mp4","video_block_banned":false,"duration":6.56,"promo_winner":false,"promo_winner_recoubers":null,"editorial_info":{},"promo_hint":null,"beeline_best_2014":null,"from_web_editor":true,"normalize_sound":true,"normalize_change_allowed":true,"best2015_addable":false,"ahmad_promo":null,"promo_data":null,"audio_copyright_claim":null,"ads_disabled":false,"is_safe_for_ads":true,"megafon_contents":[],"position_on_page":2},{"flag":null,"abuses":null,"recoubs_by_users_channels":null,"favourite":false,"promoted_id":null,"recoub":null,"like":null,"dislike":null,"reaction":null,"in_my_best2015":false,"id":19050615,"type":"Coub::Simple","permalink":"aw69h","title":"Cat Beer Magic","visibility_type":"public","original_visibility_type":"public","channel_id":1113495,"created_at":"2016-02-13T12:59:04Z","updated_at":"2022-03-11T16:42:42Z","is_done":true,"views_count":310752,"cotd":null,"cotd_at":null,"visible_on_explore_root":true,"visible_on_explore":true,"featured":true,"published":true,"published_at":"2016-02-13T12:59:04Z","reversed":false,"from_editor_v2":true,"is_editable":true,"original_sound":true,"has_sound":true,"recoub_to":null,"file_versions":{"html5":{"video":{"higher":{"url":"https://coub-anubis-a.akamaized.net/coub_storage/coub/simple/cw_file/2dd9544e4bc/3f38e8ebd1566e18d8fe6/muted_mp4_huge_size_1567849148_muted_huge.mp4","size":4110561},"high":{"url":"https://coub-anubis-a.akamaized.net/coub_storage/coub/simple/cw_file/2dd9544e4bc/3f38e8ebd1566e18d8fe6/muted_mp4_big_size_1567849148_muted_big.mp4","size":2692740},"med":{"url":"https://coub-anubis-a.akamaized.net/coub_storage/coub/simple/cw_file/2dd9544e4bc/3f38e8ebd1566e18d8fe6/muted_mp4_med_size_1567849148_muted_med.mp4","size":700211}},"audio":{"high":{"url":"https://coub-anubis-a.akamaized.net/coub_storage/coub/simple/cw_looped_audio_high/6d466c6e46d/e941bdf13b66078ed64c0/1605472936_high_1470785204_high.mp3","size":1485334},"med":{"url":"https://coub-anubis-a.akamaized.net/coub_storage/coub/simple/cw_looped_audio_med/3574359cce7/71626f1b290b5ba88603b/1605472936_med_1470785204_med.mp3","size":1367563},"sample_duration":9.984}},"mobile":{"video":"https://coub-anubis-a.akamaized.net/coub_storage/coub/simple/cw_file/2dd9544e4bc/3f38e8ebd1566e18d8fe6/muted_mp4_med_size_1567849148_muted_med.mp4","audio":["https://coub-anubis-a.akamaized.net/coub_storage/coub/simple/cw_looped_audio_med/3574359cce7/71626f1b290b5ba88603b/1605472936_med_1470785204_med.mp3"]},"share":{"default":"https://coub-anubis-a.akamaized.net/coub_storage/coub/simple/cw_video_for_sharing/c96a72532da/2af5c94dd45e0c82d851b/1609249341_looped_1609249340.mp4"}},"audio_versions":{},"image_versions":{"template":"https://coub-anubis-a.akamaized.net/coub_storage/coub/simple/cw_image/5653d2c4f08/712a4d45991775d9aa05f/1470785147_00032.jpg","versions":["micro","tiny","age_restricted","ios_large","ios_mosaic","big","med","small","pinterest"]},"first_frame_versions":{"template":"https://coub-anubis-a.akamaized.net/coub_storage/coub/simple/cw_timeline_pic/7d753b29d38/9dd5ef9db4370472bc4a6/1470785157_image.jpg","versions":["big","med","small","ios_large"]},"dimensions":{"big":[1280,960],"med":[640,480]},"site_w_h":[640,480],"page_w_h":[640,480],"site_w_h_small":[310,233],"size":[1280,960],"age_restricted":false,"age_restricted_by_admin":false,"not_safe_for_work":false,"allow_reuse":false,"dont_crop":false,"banned":false,"global_safe":true,"audio_file_url":null,"external_download":false,"application":null,"channel":{"id":1113495,"permalink":"pikapikapikachu","title":"Pikachu🌟","description":"𝕷𝖊𝖌𝖊𝖓𝖉","followers_count":26167,"following_count":0,"avatar_versions":{"template":"https://coub-anubis-a.akamaized.net/coub_storage/channel/cw_avatar/a2edd810207/0a5a72053b95764440a7c/%{version}_1607420529_rtwflo_1510332266_profile_pic_new_2x_1474666374_profile_pic_new_2x_1406288974_vNtLcFoE11.png","versions":["medium","medium_2x","profile_pic","profile_pic_new","profile_pic_new_2x","tiny","tiny_2x","small","small_2x","ios_large","ios_small"]}},"file":null,"picture":"https://coub-anubis-a.akamaized.net/coub_storage/coub/simple/cw_image/5653d2c4f08/712a4d45991775d9aa05f/1470785147_00032.jpg","timeline_picture":"https://coub-anubis-a.akamaized.net/coub_storage/coub/simple/cw_timeline_pic/7d753b29d38/9dd5ef9db4370472bc4a6/1470785157_image.jpg","small_picture":"https://coub-anubis-a.akamaized.net/coub_storage/coub/simple/cw_image/5653d2c4f08/712a4d45991775d9aa05f/1470785147_00032.jpg","sharing_picture":null,"percent_done":100,"tags":[{"id":134,"title":"cat","value":"cat"}],"categories":[{"id":32,"title":"Animals & Pets","permalink":"animals-pets","subscriptions_count":10082576,"big_image_url":"https://coub-anubis-a.akamaized.net/coub_storage/category/cw_image/60432c0f1f4/5d35698dc76c52d5f9e63/big_1544749976_animals2.png","small_image_url":"https://coub-anubis-a.akamaized.net/coub_storage/category/cw_image/60432c0f1f4/5d35698dc76c52d5f9e63/small_1544749976_animals2.png","med_image_url":"https://coub-anubis-a.akamaized.net/coub_storage/category/cw_image/60432c0f1f4/5d35698dc76c52d5f9e63/med_1544749976_animals2.png","visible":true}],"communities":[{"id":32,"title":"Animals & Pets","permalink":"animals-pets","subscriptions_count":10082576,"big_image_url":"https://coub-anubis-a.akamaized.net/coub_storage/category/cw_image/60432c0f1f4/5d35698dc76c52d5f9e63/big_1544749976_animals2.png","small_image_url":"https://coub-anubis-a.akamaized.net/coub_storage/category/cw_image/60432c0f1f4/5d35698dc76c52d5f9e63/small_1544749976_animals2.png","med_image_url":"https://coub-anubis-a.akamaized.net/coub_storage/category/cw_image/60432c0f1f4/5d35698dc76c52d5f9e63/med_1544749976_animals2.png","i_subscribed":true,"community_notifications_enabled":null,"description":null}],"recoubs_count":470,"remixes_count":0,"likes_count":1935,"dislikes_count":0,"raw_video_id":2182067,"uploaded_by_ios_app":false,"uploaded_by_android_app":false,"media_blocks":{"uploaded_raw_videos":[],"external_raw_videos":[],"remixed_from_coubs":[]},"raw_video_thumbnail_url":"/missing/missing.png","raw_video_title":"cat_magic.mp4","video_block_banned":false,"duration":10.0,"promo_winner":false,"promo_winner_recoubers":null,"editorial_info":{},"promo_hint":null,"beeline_best_2014":null,"from_web_editor":true,"normalize_sound":false,"normalize_change_allowed":true,"best2015_addable":false,"ahmad_promo":null,"promo_data":null,"audio_copyright_claim":null,"ads_disabled":null,"is_safe_for_ads":true,"megafon_contents":[],"position_on_page":3},{"flag":null,"abuses":null,"recoubs_by_users_channels":null,"favourite":false,"promoted_id":null,"recoub":null,"like":null,"dislike":null,"reaction":null,"in_my_best2015":false,"id":79002151,"type":"Coub::Simple","permalink":"1amnks","title":"What is love?","visibility_type":"public","original_visibility_type":"public","channel_id":4278391,"created_at":"2018-07-05T18:30:29Z","updated_at":"2022-03-16T20:12:25Z","is_done":true,"views_count":148639,"cotd":null,"cotd_at":null,"visible_on_explore_root":false,"visible_on_explore":false,"featured":false,"published":true,"published_at":"2018-07-05T18:30:29Z","reversed":false,"from_editor_v2":true,"is_editable":true,"original_sound":false,"has_sound":false,"recoub_to":null,"file_versions":{"html5":{"video":{"higher":{"url":"https://coub-anubis-a.akamaized.net/coub_storage/coub/simple/cw_file/bfebbd1461b/ba672ea3fdf8f86f3eb6b/muted_mp4_huge_size_1568255194_muted_huge.mp4","size":2213275},"high":{"url":"https://coub-anubis-a.akamaized.net/coub_storage/coub/simple/cw_file/bfebbd1461b/ba672ea3fdf8f86f3eb6b/muted_mp4_big_size_1568255194_muted_big.mp4","size":1497854},"med":{"url":"https://coub-anubis-a.akamaized.net/coub_storage/coub/simple/cw_file/bfebbd1461b/ba672ea3fdf8f86f3eb6b/muted_mp4_med_size_1568255194_muted_med.mp4","size":453818}},"audio":{"high":{"url":"https://coub-anubis-a.akamaized.net/coub_storage/coub/simple/cw_looped_audio_high/1123d3880aa/8c7ebc2f18d7310204dc5/1605618367_high_1530815474_high.mp3","size":5738947},"med":{"url":"https://coub-anubis-a.akamaized.net/coub_storage/coub/simple/cw_looped_audio_med/6b6caad5cf5/49c78b9f4eabdbbf91fb6/1605618366_med_1530815474_med.mp3","size":3984852}}},"mobile":{"video":"https://coub-anubis-a.akamaized.net/coub_storage/coub/simple/cw_file/bfebbd1461b/ba672ea3fdf8f86f3eb6b/muted_mp4_med_size_1568255194_muted_med.mp4","audio":["https://coub-anubis-a.akamaized.net/coub_storage/coub/simple/cw_looped_audio_med/6b6caad5cf5/49c78b9f4eabdbbf91fb6/1605618366_med_1530815474_med.mp3"]},"share":{"default":"https://coub-anubis-a.akamaized.net/coub_storage/coub/simple/cw_video_for_sharing/470bc5551cc/ae79890dacedba1f04bf3/1611802958_looped_1611802957.mp4"}},"audio_versions":{"template":"https://coub-anubis-a.akamaized.net/coub_storage/audio_track/cw_normalized_copy/d0624d73ed0/41b58936f55530590b51d/mid_1530815458_rokqww_normalized_1530815437_1sq5hl0_edited.mp3","versions":["mid","low"]},"image_versions":{"template":"https://coub-anubis-a.akamaized.net/coub_storage/coub/simple/cw_image/dd29251d44d/e5ca2a61bb962286489af/1530815490_00032.jpg","versions":["micro","tiny","age_restricted","ios_large","ios_mosaic","big","med","small","pinterest"]},"first_frame_versions":{"template":"https://coub-anubis-a.akamaized.net/coub_storage/coub/simple/cw_timeline_pic/ff878792778/e842364942a3c27f60852/1530815490_image.jpg","versions":["big","med","small","ios_large"]},"dimensions":{"big":[768,960],"med":[384,480]},"site_w_h":[320,400],"page_w_h":[400,500],"site_w_h_small":[310,388],"size":[768,960],"age_restricted":false,"age_restricted_by_admin":false,"not_safe_for_work":false,"allow_reuse":false,"dont_crop":false,"banned":false,"global_safe":true,"audio_file_url":"https://coub-anubis-a.akamaized.net/coub_storage/audio_track/cw_normalized_copy/d0624d73ed0/41b58936f55530590b51d/low_1530815458_rokqww_normalized_1530815437_1sq5hl0_edited.mp3","external_download":false,"application":null,"channel":{"id":4278391,"permalink":"physical-borks","title":"Physical_Borks","description":"I’m Claire, and administering the meme injection is my specialty.","followers_count":47,"following_count":13,"avatar_versions":{"template":"https://coub-anubis-a.akamaized.net/coub_storage/channel/cw_avatar/b462217a068/9527b95d4bb090a4521c8/%{version}_1608031405_1pse9hj_1530815487_filename.jpeg","versions":["medium","medium_2x","profile_pic","profile_pic_new","profile_pic_new_2x","tiny","tiny_2x","small","small_2x","ios_large","ios_small"]}},"file":null,"picture":"https://coub-anubis-a.akamaized.net/coub_storage/coub/simple/cw_image/dd29251d44d/e5ca2a61bb962286489af/1530815490_00032.jpg","timeline_picture":"https://coub-anubis-a.akamaized.net/coub_storage/coub/simple/cw_timeline_pic/ff878792778/e842364942a3c27f60852/1530815490_image.jpg","small_picture":"https://coub-anubis-a.akamaized.net/coub_storage/coub/simple/cw_image/dd29251d44d/e5ca2a61bb962286489af/1530815490_00032.jpg","sharing_picture":null,"percent_done":100,"tags":[{"id":419,"title":"dog","value":"dog"},{"id":35307,"title":"grooming","value":"grooming"}],"categories":[{"id":32,"title":"Animals & Pets","permalink":"animals-pets","subscriptions_count":10082576,"big_image_url":"https://coub-anubis-a.akamaized.net/coub_storage/category/cw_image/60432c0f1f4/5d35698dc76c52d5f9e63/big_1544749976_animals2.png","small_image_url":"https://coub-anubis-a.akamaized.net/coub_storage/category/cw_image/60432c0f1f4/5d35698dc76c52d5f9e63/small_1544749976_animals2.png","med_image_url":"https://coub-anubis-a.akamaized.net/coub_storage/category/cw_image/60432c0f1f4/5d35698dc76c52d5f9e63/med_1544749976_animals2.png","visible":true}],"communities":[{"id":32,"title":"Animals & Pets","permalink":"animals-pets","subscriptions_count":10082576,"big_image_url":"https://coub-anubis-a.akamaized.net/coub_storage/category/cw_image/60432c0f1f4/5d35698dc76c52d5f9e63/big_1544749976_animals2.png","small_image_url":"https://coub-anubis-a.akamaized.net/coub_storage/category/cw_image/60432c0f1f4/5d35698dc76c52d5f9e63/small_1544749976_animals2.png","med_image_url":"https://coub-anubis-a.akamaized.net/coub_storage/category/cw_image/60432c0f1f4/5d35698dc76c52d5f9e63/med_1544749976_animals2.png","i_subscribed":true,"community_notifications_enabled":null,"description":null}],"recoubs_count":468,"remixes_count":3,"likes_count":1934,"dislikes_count":0,"raw_video_id":"","uploaded_by_ios_app":true,"uploaded_by_android_app":false,"media_blocks":{"uploaded_raw_videos":[],"external_raw_videos":[],"remixed_from_coubs":[{"id":27107617,"title":"Grooming","url":"https://coub.com/coubs/1adeak/remix","image":"https://coub-anubis-a.akamaized.net/coub_storage/media_block/cw_image/8f197ddde38/8d3821873bc390471b9b4/1530367801_1530367787_00032.jpg","image_retina":"https://coub-anubis-a.akamaized.net/coub_storage/media_block/cw_image/8f197ddde38/8d3821873bc390471b9b4/1530367801_1530367787_00032.jpg","meta":{"duration":"10.0"},"duration":null,"coub_channel_title":"Maria","coub_channel_permalink":"maria270","coub_views_count":117191,"coub_permalink":"1adeak"}]},"raw_video_thumbnail_url":"","raw_video_title":"","video_block_banned":false,"duration":10.0,"promo_winner":false,"promo_winner_recoubers":null,"editorial_info":{},"promo_hint":null,"beeline_best_2014":null,"from_web_editor":false,"normalize_sound":true,"normalize_change_allowed":true,"best2015_addable":false,"ahmad_promo":null,"promo_data":null,"audio_copyright_claim":null,"ads_disabled":false,"is_safe_for_ads":true,"megafon_contents":[],"position_on_page":4},{"flag":null,"abuses":null,"recoubs_by_users_channels":null,"favourite":false,"promoted_id":null,"recoub":null,"like":null,"dislike":null,"reaction":null,"in_my_best2015":false,"id":65999508,"type":"Coub::Simple","permalink":"12ugkz","title":"Don't touch me","visibility_type":"public","original_visibility_type":"public","channel_id":3959592,"created_at":"2018-02-02T18:57:59Z","updated_at":"2022-03-09T09:43:32Z","is_done":true,"views_count":81864,"cotd":null,"cotd_at":null,"visible_on_explore_root":false,"visible_on_explore":false,"featured":false,"published":true,"published_at":"2018-02-02T18:57:58Z","reversed":false,"from_editor_v2":true,"is_editable":true,"original_sound":true,"has_sound":true,"recoub_to":null,"file_versions":{"html5":{"video":{"higher":{"url":"https://coub-anubis-a.akamaized.net/coub_storage/coub/simple/cw_file/1d4d412a273/67ad0545785c0c733e778/muted_mp4_huge_size_1568189954_muted_huge.mp4","size":2861436},"high":{"url":"https://coub-anubis-a.akamaized.net/coub_storage/coub/simple/cw_file/1d4d412a273/67ad0545785c0c733e778/muted_mp4_big_size_1568189954_muted_big.mp4","size":1882699},"med":{"url":"https://coub-anubis-a.akamaized.net/coub_storage/coub/simple/cw_file/1d4d412a273/67ad0545785c0c733e778/muted_mp4_med_size_1568189954_muted_med.mp4","size":571361}},"audio":{"high":{"url":"https://coub-anubis-a.akamaized.net/coub_storage/coub/simple/cw_looped_audio_high/15d37f56a2f/a51d3bdea93d41a880578/1605629655_high_1517597886_high.mp3","size":756654},"med":{"url":"https://coub-anubis-a.akamaized.net/coub_storage/coub/simple/cw_looped_audio_med/4ca5c401b4f/c0349d82458034e49a233/1605629655_med_1517597886_med.mp3","size":756653},"sample_duration":6.642}},"mobile":{"video":"https://coub-anubis-a.akamaized.net/coub_storage/coub/simple/cw_file/1d4d412a273/67ad0545785c0c733e778/muted_mp4_med_size_1568189954_muted_med.mp4","audio":["https://coub-anubis-a.akamaized.net/coub_storage/coub/simple/cw_looped_audio_med/4ca5c401b4f/c0349d82458034e49a233/1605629655_med_1517597886_med.mp3"]},"share":{"default":"https://coub-anubis-a.akamaized.net/coub_storage/coub/simple/cw_video_for_sharing/e295912a38f/0fef9dd3925053bd64f60/1613963629_looped_1613963627.mp4"}},"audio_versions":{},"image_versions":{"template":"https://coub-anubis-a.akamaized.net/coub_storage/coub/simple/cw_image/1f22af7cea8/bcced919674bee1f5dd80/1517597897_00021.jpg","versions":["micro","tiny","age_restricted","ios_large","ios_mosaic","big","med","small","pinterest"]},"first_frame_versions":{"template":"https://coub-anubis-a.akamaized.net/coub_storage/coub/simple/cw_timeline_pic/64a01a9563c/6337f573c574a11bb6de2/%{version}_1517597896_image.jpg","versions":["big","med","small","ios_large"]},"dimensions":{"big":[1280,960],"med":[640,480]},"site_w_h":[640,480],"page_w_h":[640,480],"site_w_h_small":[310,233],"size":[1280,960],"age_restricted":false,"age_restricted_by_admin":false,"not_safe_for_work":false,"allow_reuse":false,"dont_crop":false,"banned":false,"global_safe":true,"audio_file_url":null,"external_download":{"type":"Youtube","service_name":"YouTube","url":"http://www.youtube.com/watch?v=hmeUSSEaxfQ","has_embed":true},"application":null,"channel":{"id":3959592,"permalink":"f1q50000","title":"F1q5","description":null,"followers_count":56,"following_count":0,"avatar_versions":{"template":"https://coub-anubis-a.akamaized.net/coub_storage/channel/cw_avatar/90cf80c0ceb/77fb70f57fc06a30783c3/%{version}_1607933966_1tz7pgg_1535375272_______________.jpg","versions":["medium","medium_2x","profile_pic","profile_pic_new","profile_pic_new_2x","tiny","tiny_2x","small","small_2x","ios_large","ios_small"]}},"file":null,"picture":"https://coub-anubis-a.akamaized.net/coub_storage/coub/simple/cw_image/1f22af7cea8/bcced919674bee1f5dd80/1517597897_00021.jpg","timeline_picture":"https://coub-anubis-a.akamaized.net/coub_storage/coub/simple/cw_timeline_pic/64a01a9563c/6337f573c574a11bb6de2/ios_large_1517597896_image.jpg","small_picture":"https://coub-anubis-a.akamaized.net/coub_storage/coub/simple/cw_image/1f22af7cea8/bcced919674bee1f5dd80/1517597897_00021.jpg","sharing_picture":null,"percent_done":100,"tags":[{"id":189460,"title":"african grey","value":"african%20grey"},{"id":13926,"title":"jasper","value":"jasper"},{"id":189461,"title":"don't touch me","value":"don't%20touch%20me"},{"id":9214,"title":"попугай","value":"%D0%BF%D0%BE%D0%BF%D1%83%D0%B3%D0%B0%D0%B9"},{"id":3500,"title":"parrot","value":"parrot"}],"categories":[{"id":32,"title":"Animals & Pets","permalink":"animals-pets","subscriptions_count":10082576,"big_image_url":"https://coub-anubis-a.akamaized.net/coub_storage/category/cw_image/60432c0f1f4/5d35698dc76c52d5f9e63/big_1544749976_animals2.png","small_image_url":"https://coub-anubis-a.akamaized.net/coub_storage/category/cw_image/60432c0f1f4/5d35698dc76c52d5f9e63/small_1544749976_animals2.png","med_image_url":"https://coub-anubis-a.akamaized.net/coub_storage/category/cw_image/60432c0f1f4/5d35698dc76c52d5f9e63/med_1544749976_animals2.png","visible":true}],"communities":[{"id":32,"title":"Animals & Pets","permalink":"animals-pets","subscriptions_count":10082576,"big_image_url":"https://coub-anubis-a.akamaized.net/coub_storage/category/cw_image/60432c0f1f4/5d35698dc76c52d5f9e63/big_1544749976_animals2.png","small_image_url":"https://coub-anubis-a.akamaized.net/coub_storage/category/cw_image/60432c0f1f4/5d35698dc76c52d5f9e63/small_1544749976_animals2.png","med_image_url":"https://coub-anubis-a.akamaized.net/coub_storage/category/cw_image/60432c0f1f4/5d35698dc76c52d5f9e63/med_1544749976_animals2.png","i_subscribed":true,"community_notifications_enabled":null,"description":null}],"recoubs_count":372,"remixes_count":0,"likes_count":1934,"dislikes_count":0,"raw_video_id":11052294,"uploaded_by_ios_app":false,"uploaded_by_android_app":false,"media_blocks":{"uploaded_raw_videos":[],"external_raw_videos":[{"id":24544914,"title":"Don't touch me!","url":"http://www.youtube.com/watch?v=hmeUSSEaxfQ","image":"https://coub-anubis-a.akamaized.net/coub_storage/media_block/cw_image/8eea5b9a442/3a8f281b8f7745d15afe1/1517597749_1517597741_1qmudxs_att-url-download.jpg","image_retina":"https://coub-anubis-a.akamaized.net/coub_storage/media_block/cw_image/8eea5b9a442/3a8f281b8f7745d15afe1/1517597749_1517597741_1qmudxs_att-url-download.jpg","meta":{"service":"Youtube","duration":"19.84"},"duration":19.84,"raw_video_id":11052294,"has_embed":true}],"remixed_from_coubs":[],"external_video":{"id":24544914,"title":"Don't touch me!","url":"http://www.youtube.com/watch?v=hmeUSSEaxfQ","image":"https://coub-anubis-a.akamaized.net/coub_storage/media_block/cw_image/8eea5b9a442/3a8f281b8f7745d15afe1/1517597749_1517597741_1qmudxs_att-url-download.jpg","image_retina":"https://coub-anubis-a.akamaized.net/coub_storage/media_block/cw_image/8eea5b9a442/3a8f281b8f7745d15afe1/1517597749_1517597741_1qmudxs_att-url-download.jpg","meta":{"service":"Youtube","duration":"19.84"},"duration":19.84,"raw_video_id":11052294,"has_embed":true}},"raw_video_thumbnail_url":"/missing/missing.png","raw_video_title":"Don't touch me!","video_block_banned":false,"duration":6.68,"promo_winner":false,"promo_winner_recoubers":null,"editorial_info":{},"promo_hint":null,"beeline_best_2014":null,"from_web_editor":true,"normalize_sound":true,"normalize_change_allowed":true,"best2015_addable":false,"ahmad_promo":null,"promo_data":null,"audio_copyright_claim":null,"ads_disabled":false,"is_safe_for_ads":true,"megafon_contents":[],"position_on_page":5},{"flag":null,"abuses":null,"recoubs_by_users_channels":null,"favourite":false,"promoted_id":null,"recoub":null,"like":null,"dislike":null,"reaction":null,"in_my_best2015":false,"id":153006731,"type":"Coub::Simple","permalink":"2iqzi7","title":"Is Any One Home?","visibility_type":"public","original_visibility_type":"public","channel_id":3149466,"created_at":"2020-09-02T00:55:10Z","updated_at":"2022-03-16T18:27:43Z","is_done":true,"views_count":152637,"cotd":null,"cotd_at":null,"visible_on_explore_root":false,"visible_on_explore":false,"featured":false,"published":true,"published_at":"2020-09-02T00:55:10Z","reversed":false,"from_editor_v2":true,"is_editable":true,"original_sound":true,"has_sound":true,"recoub_to":null,"file_versions":{"html5":{"video":{"higher":{"url":"https://coub-anubis-a.akamaized.net/coub_storage/coub/simple/cw_file/a6a12bae54c/d17a99977eff217fec95c/muted_mp4_huge_size_1599008117_muted_huge.mp4","size":1490633},"high":{"url":"https://coub-anubis-a.akamaized.net/coub_storage/coub/simple/cw_file/a6a12bae54c/d17a99977eff217fec95c/muted_mp4_big_size_1599008117_muted_big.mp4","size":905923},"med":{"url":"https://coub-anubis-a.akamaized.net/coub_storage/coub/simple/cw_file/a6a12bae54c/d17a99977eff217fec95c/muted_mp4_med_size_1599008117_muted_med.mp4","size":268573}},"audio":{"high":{"url":"https://coub-anubis-a.akamaized.net/coub_storage/coub/simple/cw_looped_audio_high/28b61a3d81d/9278652424d3632ebcb37/1607277139_high_1599008117_high.mp3","size":870561},"med":{"url":"https://coub-anubis-a.akamaized.net/coub_storage/coub/simple/cw_looped_audio_med/8d7a41fa663/3e86e6ab1f27c005560bb/1607277138_med_1599008117_med.mp3","size":804604},"sample_duration":10.101}},"mobile":{"video":"https://coub-anubis-a.akamaized.net/coub_storage/coub/simple/cw_file/a6a12bae54c/d17a99977eff217fec95c/muted_mp4_med_size_1599008117_muted_med.mp4","audio":["https://coub-anubis-a.akamaized.net/coub_storage/coub/simple/cw_looped_audio_med/8d7a41fa663/3e86e6ab1f27c005560bb/1607277138_med_1599008117_med.mp3"]},"share":{"default":"https://coub-anubis-a.akamaized.net/coub_storage/coub/simple/cw_video_for_sharing/bbeab54055c/681d35ce21231817f0f0a/1608617781_looped_1608617781.mp4"}},"audio_versions":{},"image_versions":{"template":"https://coub-anubis-a.akamaized.net/coub_storage/coub/simple/cw_image/c61163c5c5d/4aaacf6869953399d8735/1599008123_00032.jpg","versions":["micro","tiny","age_restricted","ios_large","ios_mosaic","big","med","small","pinterest"]},"first_frame_versions":{"template":"https://coub-anubis-a.akamaized.net/coub_storage/coub/simple/cw_timeline_pic/8ad147dfbcf/5e38085166ef26d647beb/1599008123_image.jpg","versions":["big","med","small","ios_large"]},"dimensions":{"big":[538,960],"med":[268,480]},"site_w_h":[224,400],"page_w_h":[400,714],"site_w_h_small":[310,553],"size":[538,960],"age_restricted":false,"age_restricted_by_admin":false,"not_safe_for_work":false,"allow_reuse":false,"dont_crop":false,"banned":false,"global_safe":true,"audio_file_url":null,"external_download":{"type":"Imgur","service_name":"Imgur","url":"https://imgur.com/gallery/I9AyPPe","has_embed":false},"application":null,"channel":{"id":3149466,"permalink":"yourlife","title":"YOUR LIFE","description":"This is your life","followers_count":1120,"following_count":1,"avatar_versions":{"template":"https://coub-anubis-a.akamaized.net/coub_storage/channel/cw_avatar/2514ee51fe1/c50094f1dc12e04d1ec25/%{version}_1607419496_nx6s25_1546118736_EEEE.png","versions":["medium","medium_2x","profile_pic","profile_pic_new","profile_pic_new_2x","tiny","tiny_2x","small","small_2x","ios_large","ios_small"]}},"file":null,"picture":"https://coub-anubis-a.akamaized.net/coub_storage/coub/simple/cw_image/c61163c5c5d/4aaacf6869953399d8735/1599008123_00032.jpg","timeline_picture":"https://coub-anubis-a.akamaized.net/coub_storage/coub/simple/cw_timeline_pic/8ad147dfbcf/5e38085166ef26d647beb/1599008123_image.jpg","small_picture":"https://coub-anubis-a.akamaized.net/coub_storage/coub/simple/cw_image/c61163c5c5d/4aaacf6869953399d8735/1599008123_00032.jpg","sharing_picture":null,"percent_done":100,"tags":[{"id":1181,"title":"home","value":"home"},{"id":5875882,"title":"is any one home","value":"is%20any%20one%20home"},{"id":17578,"title":"енот","value":"%D0%B5%D0%BD%D0%BE%D1%82"},{"id":187054,"title":"енотик","value":"%D0%B5%D0%BD%D0%BE%D1%82%D0%B8%D0%BA"},{"id":44563,"title":"полоскун","value":"%D0%BF%D0%BE%D0%BB%D0%BE%D1%81%D0%BA%D1%83%D0%BD"}],"categories":[{"id":32,"title":"Animals & Pets","permalink":"animals-pets","subscriptions_count":10082576,"big_image_url":"https://coub-anubis-a.akamaized.net/coub_storage/category/cw_image/60432c0f1f4/5d35698dc76c52d5f9e63/big_1544749976_animals2.png","small_image_url":"https://coub-anubis-a.akamaized.net/coub_storage/category/cw_image/60432c0f1f4/5d35698dc76c52d5f9e63/small_1544749976_animals2.png","med_image_url":"https://coub-anubis-a.akamaized.net/coub_storage/category/cw_image/60432c0f1f4/5d35698dc76c52d5f9e63/med_1544749976_animals2.png","visible":true}],"communities":[{"id":32,"title":"Animals & Pets","permalink":"animals-pets","subscriptions_count":10082576,"big_image_url":"https://coub-anubis-a.akamaized.net/coub_storage/category/cw_image/60432c0f1f4/5d35698dc76c52d5f9e63/big_1544749976_animals2.png","small_image_url":"https://coub-anubis-a.akamaized.net/coub_storage/category/cw_image/60432c0f1f4/5d35698dc76c52d5f9e63/small_1544749976_animals2.png","med_image_url":"https://coub-anubis-a.akamaized.net/coub_storage/category/cw_image/60432c0f1f4/5d35698dc76c52d5f9e63/med_1544749976_animals2.png","i_subscribed":true,"community_notifications_enabled":null,"description":null}],"recoubs_count":341,"remixes_count":1,"likes_count":1933,"dislikes_count":0,"raw_video_id":15629383,"uploaded_by_ios_app":false,"uploaded_by_android_app":false,"media_blocks":{"uploaded_raw_videos":[],"external_raw_videos":[{"id":36837471,"title":"Imgur","url":"https://imgur.com/gallery/I9AyPPe","image":null,"image_retina":null,"meta":{"service":"Imgur","duration":"13.584"},"duration":13.584,"raw_video_id":15629383,"has_embed":false}],"remixed_from_coubs":[],"external_video":{"id":36837471,"title":"Imgur","url":"https://imgur.com/gallery/I9AyPPe","image":null,"image_retina":null,"meta":{"service":"Imgur","duration":"13.584"},"duration":13.584,"raw_video_id":15629383,"has_embed":false}},"raw_video_thumbnail_url":"/missing/missing.png","raw_video_title":"Imgur","video_block_banned":false,"duration":9.96,"promo_winner":false,"promo_winner_recoubers":null,"editorial_info":{},"promo_hint":null,"beeline_best_2014":null,"from_web_editor":true,"normalize_sound":true,"normalize_change_allowed":true,"best2015_addable":false,"ahmad_promo":null,"promo_data":null,"audio_copyright_claim":null,"ads_disabled":false,"is_safe_for_ads":true,"megafon_contents":[],"position_on_page":6},{"flag":null,"abuses":null,"recoubs_by_users_channels":null,"favourite":false,"promoted_id":null,"recoub":null,"like":null,"dislike":null,"reaction":null,"in_my_best2015":false,"id":104949358,"type":"Coub::Simple","permalink":"1q2sq7","title":"how to break a cat","visibility_type":"public","original_visibility_type":"public","channel_id":3837702,"created_at":"2019-03-10T22:56:52Z","updated_at":"2022-03-07T05:09:22Z","is_done":true,"views_count":73141,"cotd":null,"cotd_at":null,"visible_on_explore_root":false,"visible_on_explore":false,"featured":false,"published":true,"published_at":"2019-03-10T22:56:52Z","reversed":false,"from_editor_v2":true,"is_editable":true,"original_sound":true,"has_sound":true,"recoub_to":null,"file_versions":{"html5":{"video":{"higher":{"url":"https://coub-anubis-a.akamaized.net/coub_storage/coub/simple/cw_file/c5618bd356c/dcdf1cf91df41b3814d6d/muted_mp4_huge_size_1570547783_muted_huge.mp4","size":1831909},"high":{"url":"https://coub-anubis-a.akamaized.net/coub_storage/coub/simple/cw_file/c5618bd356c/dcdf1cf91df41b3814d6d/muted_mp4_big_size_1570547783_muted_big.mp4","size":1252980},"med":{"url":"https://coub-anubis-a.akamaized.net/coub_storage/coub/simple/cw_file/c5618bd356c/dcdf1cf91df41b3814d6d/muted_mp4_med_size_1570547783_muted_med.mp4","size":362758}},"audio":{"high":{"url":"https://coub-anubis-a.akamaized.net/coub_storage/coub/simple/cw_looped_audio_high/7f1377a7b15/65a99ee10e64edf53d9bb/1605677243_high_1552258619_high.mp3","size":780857},"med":{"url":"https://coub-anubis-a.akamaized.net/coub_storage/coub/simple/cw_looped_audio_med/7b4d50b637b/8ea327ad694c96ec4ff29/1605677242_med_1552258619_med.mp3","size":756291},"sample_duration":10.077}},"mobile":{"video":"https://coub-anubis-a.akamaized.net/coub_storage/coub/simple/cw_file/c5618bd356c/dcdf1cf91df41b3814d6d/muted_mp4_med_size_1570547783_muted_med.mp4","audio":["https://coub-anubis-a.akamaized.net/coub_storage/coub/simple/cw_looped_audio_med/7b4d50b637b/8ea327ad694c96ec4ff29/1605677242_med_1552258619_med.mp3"]},"share":{"default":"https://coub-anubis-a.akamaized.net/coub_storage/coub/simple/cw_video_for_sharing/2acc7131724/806baf7c67bf5acc9b5e7/1611600903_looped_1611600903.mp4"}},"audio_versions":{},"image_versions":{"template":"https://coub-anubis-a.akamaized.net/coub_storage/coub/simple/cw_image/ba56b96a48a/c225d32f3e1c8439c7ffa/1552258624_00032.jpg","versions":["micro","tiny","age_restricted","ios_large","ios_mosaic","big","med","small","pinterest"]},"first_frame_versions":{"template":"https://coub-anubis-a.akamaized.net/coub_storage/coub/simple/cw_timeline_pic/3b88533c674/5497f56d7f3ad6efaa43b/%{version}_1552258624_image.jpg","versions":["big","med","small","ios_large"]},"dimensions":{"big":[538,960],"med":[268,480]},"site_w_h":[224,400],"page_w_h":[400,714],"site_w_h_small":[310,553],"size":[538,960],"age_restricted":false,"age_restricted_by_admin":false,"not_safe_for_work":false,"allow_reuse":false,"dont_crop":false,"banned":false,"global_safe":false,"audio_file_url":null,"external_download":{"type":"Facebook","service_name":"Facebook","url":"https://www.facebook.com/chad.mcgalliard/videos/2262743313776672/","has_embed":false},"application":null,"channel":{"id":3837702,"permalink":"pipe2091","title":"pipe*","description":"so-so relatable","followers_count":1811,"following_count":26,"avatar_versions":{"template":"https://coub-anubis-a.akamaized.net/coub_storage/channel/cw_avatar/c8fcddfdb50/fbfd367cd8eb250870350/%{version}_1607421797_3t8vqs_1511660365_pipe.jpg","versions":["medium","medium_2x","profile_pic","profile_pic_new","profile_pic_new_2x","tiny","tiny_2x","small","small_2x","ios_large","ios_small"]}},"file":null,"picture":"https://coub-anubis-a.akamaized.net/coub_storage/coub/simple/cw_image/ba56b96a48a/c225d32f3e1c8439c7ffa/1552258624_00032.jpg","timeline_picture":"https://coub-anubis-a.akamaized.net/coub_storage/coub/simple/cw_timeline_pic/3b88533c674/5497f56d7f3ad6efaa43b/ios_large_1552258624_image.jpg","small_picture":"https://coub-anubis-a.akamaized.net/coub_storage/coub/simple/cw_image/ba56b96a48a/c225d32f3e1c8439c7ffa/1552258624_00032.jpg","sharing_picture":null,"percent_done":100,"tags":[],"categories":[{"id":32,"title":"Animals & Pets","permalink":"animals-pets","subscriptions_count":10082576,"big_image_url":"https://coub-anubis-a.akamaized.net/coub_storage/category/cw_image/60432c0f1f4/5d35698dc76c52d5f9e63/big_1544749976_animals2.png","small_image_url":"https://coub-anubis-a.akamaized.net/coub_storage/category/cw_image/60432c0f1f4/5d35698dc76c52d5f9e63/small_1544749976_animals2.png","med_image_url":"https://coub-anubis-a.akamaized.net/coub_storage/category/cw_image/60432c0f1f4/5d35698dc76c52d5f9e63/med_1544749976_animals2.png","visible":true}],"communities":[{"id":32,"title":"Animals & Pets","permalink":"animals-pets","subscriptions_count":10082576,"big_image_url":"https://coub-anubis-a.akamaized.net/coub_storage/category/cw_image/60432c0f1f4/5d35698dc76c52d5f9e63/big_1544749976_animals2.png","small_image_url":"https://coub-anubis-a.akamaized.net/coub_storage/category/cw_image/60432c0f1f4/5d35698dc76c52d5f9e63/small_1544749976_animals2.png","med_image_url":"https://coub-anubis-a.akamaized.net/coub_storage/category/cw_image/60432c0f1f4/5d35698dc76c52d5f9e63/med_1544749976_animals2.png","i_subscribed":true,"community_notifications_enabled":null,"description":null}],"recoubs_count":393,"remixes_count":1,"likes_count":1933,"dislikes_count":0,"raw_video_id":13354778,"uploaded_by_ios_app":false,"uploaded_by_android_app":false,"media_blocks":{"uploaded_raw_videos":[],"external_raw_videos":[{"id":30859484,"title":"Ash does not know what to make of cheese   (Yeah, that's me and my cat)  I wo...","url":"https://www.facebook.com/chad.mcgalliard/videos/2262743313776672","image":null,"image_retina":null,"meta":{"service":"Facebook","duration":"24.88"},"duration":24.88,"raw_video_id":13354778,"has_embed":false}],"remixed_from_coubs":[],"external_video":{"id":30859484,"title":"Ash does not know what to make of cheese   (Yeah, that's me and my cat)  I wo...","url":"https://www.facebook.com/chad.mcgalliard/videos/2262743313776672","image":null,"image_retina":null,"meta":{"service":"Facebook","duration":"24.88"},"duration":24.88,"raw_video_id":13354778,"has_embed":false}},"raw_video_thumbnail_url":"/missing/missing.png","raw_video_title":"Ash does not know what to make of cheese   (Yeah, that's me and my cat)  I wo...","video_block_banned":false,"duration":9.96,"promo_winner":false,"promo_winner_recoubers":null,"editorial_info":{},"promo_hint":null,"beeline_best_2014":null,"from_web_editor":true,"normalize_sound":true,"normalize_change_allowed":true,"best2015_addable":false,"ahmad_promo":null,"promo_data":null,"audio_copyright_claim":null,"ads_disabled":false,"is_safe_for_ads":true,"megafon_contents":[],"position_on_page":7},{"flag":null,"abuses":null,"recoubs_by_users_channels":null,"favourite":false,"promoted_id":null,"recoub":null,"like":null,"dislike":null,"reaction":null,"in_my_best2015":false,"id":94130099,"type":"Coub::Simple","permalink":"1jmwgy","title":"Run","visibility_type":"public","original_visibility_type":"public","channel_id":282626,"created_at":"2018-12-11T23:20:14Z","updated_at":"2022-03-18T02:36:25Z","is_done":true,"views_count":77205,"cotd":null,"cotd_at":null,"visible_on_explore_root":false,"visible_on_explore":false,"featured":false,"published":true,"published_at":"2018-12-11T23:20:14Z","reversed":false,"from_editor_v2":true,"is_editable":true,"original_sound":true,"has_sound":true,"recoub_to":null,"file_versions":{"html5":{"video":{"higher":{"url":"https://coub-anubis-a.akamaized.net/coub_storage/coub/simple/cw_file/3e45c93c02e/3e4b9a80baacfec8dd26f/muted_mp4_huge_size_1572197635_muted_huge.mp4","size":3377424},"high":{"url":"https://coub-anubis-a.akamaized.net/coub_storage/coub/simple/cw_file/3e45c93c02e/3e4b9a80baacfec8dd26f/muted_mp4_big_size_1572197635_muted_big.mp4","size":2295063},"med":{"url":"https://coub-anubis-a.akamaized.net/coub_storage/coub/simple/cw_file/3e45c93c02e/3e4b9a80baacfec8dd26f/muted_mp4_med_size_1572197635_muted_med.mp4","size":708034}},"audio":{"high":{"url":"https://coub-anubis-a.akamaized.net/coub_storage/coub/simple/cw_looped_audio_high/31e7e541f4b/048b9a008086b3f29c8dd/1605660802_high_1544570417_high.mp3","size":1046510},"med":{"url":"https://coub-anubis-a.akamaized.net/coub_storage/coub/simple/cw_looped_audio_med/e020a9248ff/2f266bbc4b1b60ef77b8d/1605660802_med_1544570417_med.mp3","size":799076},"sample_duration":10.009}},"mobile":{"video":"https://coub-anubis-a.akamaized.net/coub_storage/coub/simple/cw_file/3e45c93c02e/3e4b9a80baacfec8dd26f/muted_mp4_med_size_1572197635_muted_med.mp4","audio":["https://coub-anubis-a.akamaized.net/coub_storage/coub/simple/cw_looped_audio_med/e020a9248ff/2f266bbc4b1b60ef77b8d/1605660802_med_1544570417_med.mp3"]},"share":{"default":"https://coub-anubis-a.akamaized.net/coub_storage/coub/simple/cw_video_for_sharing/79bf4ebb8df/ee9ca8931b12b2a51eb32/1609880241_looped_1609880240.mp4"}},"audio_versions":{},"image_versions":{"template":"https://coub-anubis-a.akamaized.net/coub_storage/coub/simple/cw_image/2146df5d559/752ee51c832f9bbbedfc0/1544570423_00032.jpg","versions":["micro","tiny","age_restricted","ios_large","ios_mosaic","big","med","small","pinterest"]},"first_frame_versions":{"template":"https://coub-anubis-a.akamaized.net/coub_storage/coub/simple/cw_timeline_pic/ba59889ca46/e3bff0c42049605d641b8/%{version}_1544570422_image.jpg","versions":["big","med","small","ios_large"]},"dimensions":{"big":[1280,960],"med":[640,480]},"site_w_h":[640,480],"page_w_h":[640,480],"site_w_h_small":[310,233],"size":[1280,960],"age_restricted":false,"age_restricted_by_admin":false,"not_safe_for_work":false,"allow_reuse":false,"dont_crop":false,"banned":false,"global_safe":true,"audio_file_url":null,"external_download":false,"application":null,"channel":{"id":282626,"permalink":"vines-coub","title":"NiPPeL","description":"Follow us! Подписывайся!","followers_count":7343,"following_count":178,"avatar_versions":{"template":"https://coub-anubis-a.akamaized.net/coub_storage/channel/cw_avatar/56fcaba38f9/08f4d6a59f4682695928d/%{version}_1474496711_20858_111_enl.png","versions":["medium","medium_2x","profile_pic","profile_pic_new","profile_pic_new_2x","tiny","tiny_2x","small","small_2x","ios_large","ios_small"]}},"file":null,"picture":"https://coub-anubis-a.akamaized.net/coub_storage/coub/simple/cw_image/2146df5d559/752ee51c832f9bbbedfc0/1544570423_00032.jpg","timeline_picture":"https://coub-anubis-a.akamaized.net/coub_storage/coub/simple/cw_timeline_pic/ba59889ca46/e3bff0c42049605d641b8/ios_large_1544570422_image.jpg","small_picture":"https://coub-anubis-a.akamaized.net/coub_storage/coub/simple/cw_image/2146df5d559/752ee51c832f9bbbedfc0/1544570423_00032.jpg","sharing_picture":null,"percent_done":100,"tags":[],"categories":[{"id":32,"title":"Animals & Pets","permalink":"animals-pets","subscriptions_count":10082576,"big_image_url":"https://coub-anubis-a.akamaized.net/coub_storage/category/cw_image/60432c0f1f4/5d35698dc76c52d5f9e63/big_1544749976_animals2.png","small_image_url":"https://coub-anubis-a.akamaized.net/coub_storage/category/cw_image/60432c0f1f4/5d35698dc76c52d5f9e63/small_1544749976_animals2.png","med_image_url":"https://coub-anubis-a.akamaized.net/coub_storage/category/cw_image/60432c0f1f4/5d35698dc76c52d5f9e63/med_1544749976_animals2.png","visible":true}],"communities":[{"id":32,"title":"Animals & Pets","permalink":"animals-pets","subscriptions_count":10082576,"big_image_url":"https://coub-anubis-a.akamaized.net/coub_storage/category/cw_image/60432c0f1f4/5d35698dc76c52d5f9e63/big_1544749976_animals2.png","small_image_url":"https://coub-anubis-a.akamaized.net/coub_storage/category/cw_image/60432c0f1f4/5d35698dc76c52d5f9e63/small_1544749976_animals2.png","med_image_url":"https://coub-anubis-a.akamaized.net/coub_storage/category/cw_image/60432c0f1f4/5d35698dc76c52d5f9e63/med_1544749976_animals2.png","i_subscribed":true,"community_notifications_enabled":null,"description":null}],"recoubs_count":339,"remixes_count":0,"likes_count":1933,"dislikes_count":0,"raw_video_id":12847898,"uploaded_by_ios_app":false,"uploaded_by_android_app":false,"media_blocks":{"uploaded_raw_videos":[],"external_raw_videos":[],"remixed_from_coubs":[]},"raw_video_thumbnail_url":"/missing/missing.png","raw_video_title":"___.mp4","video_block_banned":false,"duration":10.0,"promo_winner":false,"promo_winner_recoubers":null,"editorial_info":{},"promo_hint":null,"beeline_best_2014":null,"from_web_editor":true,"normalize_sound":true,"normalize_change_allowed":true,"best2015_addable":false,"ahmad_promo":null,"promo_data":null,"audio_copyright_claim":null,"ads_disabled":false,"is_safe_for_ads":true,"megafon_contents":[],"position_on_page":8},{"flag":null,"abuses":null,"recoubs_by_users_channels":null,"favourite":false,"promoted_id":null,"recoub":null,"like":null,"dislike":null,"reaction":null,"in_my_best2015":false,"id":31193492,"type":"Coub::Simple","permalink":"i4fup","title":"Cats look at a bird","visibility_type":"public","original_visibility_type":"public","channel_id":1113495,"created_at":"2016-12-01T16:49:31Z","updated_at":"2022-03-18T00:45:07Z","is_done":true,"views_count":115800,"cotd":null,"cotd_at":null,"visible_on_explore_root":false,"visible_on_explore":false,"featured":false,"published":true,"published_at":"2016-12-01T16:49:31Z","reversed":false,"from_editor_v2":true,"is_editable":true,"original_sound":true,"has_sound":true,"recoub_to":null,"file_versions":{"html5":{"video":{"higher":{"url":"https://coub-anubis-a.akamaized.net/coub_storage/coub/simple/cw_file/5b4440f13db/689454d9c4a31c389422d/muted_mp4_huge_size_1568060766_muted_huge.mp4","size":2565708},"high":{"url":"https://coub-anubis-a.akamaized.net/coub_storage/coub/simple/cw_file/5b4440f13db/689454d9c4a31c389422d/muted_mp4_big_size_1568060766_muted_big.mp4","size":1866924},"med":{"url":"https://coub-anubis-a.akamaized.net/coub_storage/coub/simple/cw_file/5b4440f13db/689454d9c4a31c389422d/muted_mp4_med_size_1568060766_muted_med.mp4","size":663537}},"audio":{"high":{"url":"https://coub-anubis-a.akamaized.net/coub_storage/coub/simple/cw_looped_audio_high/03b00efb267/0c38205325a157d54e2de/1605560074_high_1480610979_high.mp3","size":1199520},"med":{"url":"https://coub-anubis-a.akamaized.net/coub_storage/coub/simple/cw_looped_audio_med/cf8e71c9679/ce4b989b07a2de1d9ca91/1605560074_med_1480610979_med.mp3","size":824465},"sample_duration":10.009}},"mobile":{"video":"https://coub-anubis-a.akamaized.net/coub_storage/coub/simple/cw_file/5b4440f13db/689454d9c4a31c389422d/muted_mp4_med_size_1568060766_muted_med.mp4","audio":["https://coub-anubis-a.akamaized.net/coub_storage/coub/simple/cw_looped_audio_med/cf8e71c9679/ce4b989b07a2de1d9ca91/1605560074_med_1480610979_med.mp3"]},"share":{"default":"https://coub-anubis-a.akamaized.net/coub_storage/coub/simple/cw_video_for_sharing/dc20b83ab83/2589ae3c72caea8cdc000/1609223211_looped_1609223210.mp4"}},"audio_versions":{},"image_versions":{"template":"https://coub-anubis-a.akamaized.net/coub_storage/coub/simple/cw_image/7e87c7a37e6/7fda0e526b1bca5bac9e6/1480610986_00032.jpg","versions":["micro","tiny","age_restricted","ios_large","ios_mosaic","big","med","small","pinterest"]},"first_frame_versions":{"template":"https://coub-anubis-a.akamaized.net/coub_storage/coub/simple/cw_timeline_pic/7e87c7a37e6/7fda0e526b1bca5bac9e6/%{version}_1480610986_image.jpg","versions":["big","med","small","ios_large"]},"dimensions":{"big":[538,960],"med":[268,480]},"site_w_h":[224,400],"page_w_h":[400,714],"site_w_h_small":[310,553],"size":[538,960],"age_restricted":false,"age_restricted_by_admin":false,"not_safe_for_work":false,"allow_reuse":false,"dont_crop":false,"banned":false,"global_safe":true,"audio_file_url":null,"external_download":{"type":"Dailymotion","service_name":"Dailymotion","url":"http://www.dailymotion.com/video/x4t152s_un-chien-effraye-des-chats-obnubiles-par-un-oiseau_animals","has_embed":true},"application":null,"channel":{"id":1113495,"permalink":"pikapikapikachu","title":"Pikachu🌟","description":"𝕷𝖊𝖌𝖊𝖓𝖉","followers_count":26167,"following_count":0,"avatar_versions":{"template":"https://coub-anubis-a.akamaized.net/coub_storage/channel/cw_avatar/a2edd810207/0a5a72053b95764440a7c/%{version}_1607420529_rtwflo_1510332266_profile_pic_new_2x_1474666374_profile_pic_new_2x_1406288974_vNtLcFoE11.png","versions":["medium","medium_2x","profile_pic","profile_pic_new","profile_pic_new_2x","tiny","tiny_2x","small","small_2x","ios_large","ios_small"]}},"file":null,"picture":"https://coub-anubis-a.akamaized.net/coub_storage/coub/simple/cw_image/7e87c7a37e6/7fda0e526b1bca5bac9e6/1480610986_00032.jpg","timeline_picture":"https://coub-anubis-a.akamaized.net/coub_storage/coub/simple/cw_timeline_pic/7e87c7a37e6/7fda0e526b1bca5bac9e6/ios_large_1480610986_image.jpg","small_picture":"https://coub-anubis-a.akamaized.net/coub_storage/coub/simple/cw_image/7e87c7a37e6/7fda0e526b1bca5bac9e6/1480610986_00032.jpg","sharing_picture":null,"percent_done":100,"tags":[{"id":3866,"title":"live","value":"live"},{"id":419,"title":"dog","value":"dog"},{"id":134,"title":"cat","value":"cat"}],"categories":[{"id":32,"title":"Animals & Pets","permalink":"animals-pets","subscriptions_count":10082576,"big_image_url":"https://coub-anubis-a.akamaized.net/coub_storage/category/cw_image/60432c0f1f4/5d35698dc76c52d5f9e63/big_1544749976_animals2.png","small_image_url":"https://coub-anubis-a.akamaized.net/coub_storage/category/cw_image/60432c0f1f4/5d35698dc76c52d5f9e63/small_1544749976_animals2.png","med_image_url":"https://coub-anubis-a.akamaized.net/coub_storage/category/cw_image/60432c0f1f4/5d35698dc76c52d5f9e63/med_1544749976_animals2.png","visible":true}],"communities":[{"id":32,"title":"Animals & Pets","permalink":"animals-pets","subscriptions_count":10082576,"big_image_url":"https://coub-anubis-a.akamaized.net/coub_storage/category/cw_image/60432c0f1f4/5d35698dc76c52d5f9e63/big_1544749976_animals2.png","small_image_url":"https://coub-anubis-a.akamaized.net/coub_storage/category/cw_image/60432c0f1f4/5d35698dc76c52d5f9e63/small_1544749976_animals2.png","med_image_url":"https://coub-anubis-a.akamaized.net/coub_storage/category/cw_image/60432c0f1f4/5d35698dc76c52d5f9e63/med_1544749976_animals2.png","i_subscribed":true,"community_notifications_enabled":null,"description":null}],"recoubs_count":426,"remixes_count":2,"likes_count":1933,"dislikes_count":0,"raw_video_id":5990356,"uploaded_by_ios_app":false,"uploaded_by_android_app":false,"media_blocks":{"uploaded_raw_videos":[],"external_raw_videos":[{"id":19692392,"title":"Un chien effraye des chats obnubilés par un oiseau","url":"http://www.dailymotion.com/video/x4t152s","image":"https://coub-anubis-a.akamaized.net/coub_storage/media_block/cw_image/3540ce14e2d/865f9ae738f88d1e66434/1492126663_1480610751_1yr7mkx_att-url-download.jpg","image_retina":"https://coub-anubis-a.akamaized.net/coub_storage/media_block/cw_image/3540ce14e2d/865f9ae738f88d1e66434/1492126663_1480610751_1yr7mkx_att-url-download.jpg","meta":{"service":"Dailymotion","duration":"21.307"},"duration":21.307,"raw_video_id":5990356,"has_embed":true}],"remixed_from_coubs":[],"external_video":{"id":19692392,"title":"Un chien effraye des chats obnubilés par un oiseau","url":"http://www.dailymotion.com/video/x4t152s","image":"https://coub-anubis-a.akamaized.net/coub_storage/media_block/cw_image/3540ce14e2d/865f9ae738f88d1e66434/1492126663_1480610751_1yr7mkx_att-url-download.jpg","image_retina":"https://coub-anubis-a.akamaized.net/coub_storage/media_block/cw_image/3540ce14e2d/865f9ae738f88d1e66434/1492126663_1480610751_1yr7mkx_att-url-download.jpg","meta":{"service":"Dailymotion","duration":"21.307"},"duration":21.307,"raw_video_id":5990356,"has_embed":true}},"raw_video_thumbnail_url":"/missing/missing.png","raw_video_title":"Un chien effraye des chats obnubilés par un oiseau","video_block_banned":false,"duration":10.0,"promo_winner":false,"promo_winner_recoubers":null,"editorial_info":{},"promo_hint":null,"beeline_best_2014":null,"from_web_editor":true,"normalize_sound":true,"normalize_change_allowed":true,"best2015_addable":false,"ahmad_promo":null,"promo_data":null,"audio_copyright_claim":null,"ads_disabled":null,"is_safe_for_ads":true,"megafon_contents":[],"position_on_page":9},{"flag":null,"abuses":null,"recoubs_by_users_channels":null,"favourite":false,"promoted_id":null,"recoub":null,"like":null,"dislike":null,"reaction":null,"in_my_best2015":false,"id":61487247,"type":"Coub::Simple","permalink":"105qvh","title":"breathe out!","visibility_type":"public","original_visibility_type":"public","channel_id":3539775,"created_at":"2017-12-01T07:18:16Z","updated_at":"2022-03-17T20:21:36Z","is_done":true,"views_count":89759,"cotd":null,"cotd_at":null,"visible_on_explore_root":true,"visible_on_explore":true,"featured":true,"published":true,"published_at":"2017-12-01T07:18:16Z","reversed":false,"from_editor_v2":true,"is_editable":true,"original_sound":false,"has_sound":false,"recoub_to":null,"file_versions":{"html5":{"video":{"higher":{"url":"https://coub-anubis-a.akamaized.net/coub_storage/coub/simple/cw_file/a1c5b40e098/cdb9dff0ef6f140a7ef19/muted_mp4_huge_size_1568168677_muted_huge.mp4","size":9368990},"high":{"url":"https://coub-anubis-a.akamaized.net/coub_storage/coub/simple/cw_file/a1c5b40e098/cdb9dff0ef6f140a7ef19/muted_mp4_big_size_1568168677_muted_big.mp4","size":7396791},"med":{"url":"https://coub-anubis-a.akamaized.net/coub_storage/coub/simple/cw_file/a1c5b40e098/cdb9dff0ef6f140a7ef19/muted_mp4_med_size_1568168677_muted_med.mp4","size":2196326}},"audio":{"high":{"url":"https://coub-anubis-a.akamaized.net/coub_storage/coub/simple/cw_looped_audio_high/5d132dee5db/f19e7906159a710d9064c/1605618363_high_1512112769_high.mp3","size":5712799},"med":{"url":"https://coub-anubis-a.akamaized.net/coub_storage/coub/simple/cw_looped_audio_med/ab66388cea7/7114e427f3d8d59420583/1605618362_med_1512112769_med.mp3","size":3891965}}},"mobile":{"video":"https://coub-anubis-a.akamaized.net/coub_storage/coub/simple/cw_file/a1c5b40e098/cdb9dff0ef6f140a7ef19/muted_mp4_med_size_1568168677_muted_med.mp4","audio":["https://coub-anubis-a.akamaized.net/coub_storage/coub/simple/cw_looped_audio_med/ab66388cea7/7114e427f3d8d59420583/1605618362_med_1512112769_med.mp3"]},"share":{"default":"https://coub-anubis-a.akamaized.net/coub_storage/coub/simple/cw_video_for_sharing/95a1e57a360/d9f04e94b98f4f7ca5b88/1608150607_looped_1608150605.mp4"}},"audio_versions":{"template":"https://coub-anubis-a.akamaized.net/coub_storage/audio_track/cw_file/ddb79feb703/479720f66257e621b41b9/mid_1512112732_az9zv6_edited.mp3","versions":["mid","low"]},"image_versions":{"template":"https://coub-anubis-a.akamaized.net/coub_storage/coub/simple/cw_image/eb67076ac5f/621b4be4bcbb07fa7f2e6/1512112791_00032.jpg","versions":["micro","tiny","age_restricted","ios_large","ios_mosaic","big","med","small","pinterest"]},"first_frame_versions":{"template":"https://coub-anubis-a.akamaized.net/coub_storage/coub/simple/cw_timeline_pic/e85459d6645/e183c8cb27c0928ef125c/%{version}_1512112790_image.jpg","versions":["big","med","small","ios_large"]},"dimensions":{"big":[1280,720],"med":[640,360]},"site_w_h":[640,360],"page_w_h":[640,360],"site_w_h_small":[310,174],"size":[1280,720],"age_restricted":false,"age_restricted_by_admin":false,"not_safe_for_work":false,"allow_reuse":false,"dont_crop":false,"banned":false,"global_safe":true,"audio_file_url":"https://coub-anubis-a.akamaized.net/coub_storage/audio_track/cw_file/ddb79feb703/479720f66257e621b41b9/low_1512112732_az9zv6_edited.mp3","external_download":false,"application":null,"channel":{"id":3539775,"permalink":"basebasf","title":"base of basf","description":null,"followers_count":2346,"following_count":81,"avatar_versions":{"template":"https://coub-anubis-a.akamaized.net/coub_storage/channel/cw_avatar/f5dce4225ea/b7b99b8683e7b6be7b442/%{version}_1646132977___________.jpg","versions":["medium","medium_2x","profile_pic","profile_pic_new","profile_pic_new_2x","tiny","tiny_2x","small","small_2x","ios_large","ios_small"]}},"file":null,"picture":"https://coub-anubis-a.akamaized.net/coub_storage/coub/simple/cw_image/eb67076ac5f/621b4be4bcbb07fa7f2e6/1512112791_00032.jpg","timeline_picture":"https://coub-anubis-a.akamaized.net/coub_storage/coub/simple/cw_timeline_pic/e85459d6645/e183c8cb27c0928ef125c/ios_large_1512112790_image.jpg","small_picture":"https://coub-anubis-a.akamaized.net/coub_storage/coub/simple/cw_image/eb67076ac5f/621b4be4bcbb07fa7f2e6/1512112791_00032.jpg","sharing_picture":null,"percent_done":100,"tags":[{"id":2070,"title":"animals","value":"animals"},{"id":1094,"title":"nature","value":"nature"}],"categories":[{"id":32,"title":"Animals & Pets","permalink":"animals-pets","subscriptions_count":10082576,"big_image_url":"https://coub-anubis-a.akamaized.net/coub_storage/category/cw_image/60432c0f1f4/5d35698dc76c52d5f9e63/big_1544749976_animals2.png","small_image_url":"https://coub-anubis-a.akamaized.net/coub_storage/category/cw_image/60432c0f1f4/5d35698dc76c52d5f9e63/small_1544749976_animals2.png","med_image_url":"https://coub-anubis-a.akamaized.net/coub_storage/category/cw_image/60432c0f1f4/5d35698dc76c52d5f9e63/med_1544749976_animals2.png","visible":true}],"communities":[{"id":32,"title":"Animals & Pets","permalink":"animals-pets","subscriptions_count":10082576,"big_image_url":"https://coub-anubis-a.akamaized.net/coub_storage/category/cw_image/60432c0f1f4/5d35698dc76c52d5f9e63/big_1544749976_animals2.png","small_image_url":"https://coub-anubis-a.akamaized.net/coub_storage/category/cw_image/60432c0f1f4/5d35698dc76c52d5f9e63/small_1544749976_animals2.png","med_image_url":"https://coub-anubis-a.akamaized.net/coub_storage/category/cw_image/60432c0f1f4/5d35698dc76c52d5f9e63/med_1544749976_animals2.png","i_subscribed":true,"community_notifications_enabled":null,"description":null}],"recoubs_count":4,"remixes_count":4,"likes_count":1932,"dislikes_count":0,"raw_video_id":10671688,"uploaded_by_ios_app":false,"uploaded_by_android_app":false,"media_blocks":{"uploaded_raw_videos":[],"external_raw_videos":[],"remixed_from_coubs":[]},"raw_video_thumbnail_url":"/missing/missing.png","raw_video_title":"_________.avi","video_block_banned":false,"duration":10.0,"promo_winner":false,"promo_winner_recoubers":null,"editorial_info":{},"promo_hint":null,"beeline_best_2014":null,"from_web_editor":true,"normalize_sound":false,"normalize_change_allowed":true,"best2015_addable":false,"ahmad_promo":null,"promo_data":null,"audio_copyright_claim":null,"ads_disabled":false,"is_safe_for_ads":true,"megafon_contents":[],"position_on_page":10}]}