{"page":44,"per_page":10,"total_pages":500,"coubs":[{"flag":null,"abuses":null,"recoubs_by_users_channels":null,"favourite":false,"promoted_id":null,"recoub":null,"like":null,"dislike":null,"reaction":null,"in_my_best2015":false,"id":175400078,"type":"Coub::Simple","permalink":"2w2ygw","title":"I will find you","visibility_type":"public","original_visibility_type":"public","channel_id":562546,"created_at":"2021-09-12T20:09:21Z","updated_at":"2022-03-18T07:17:32Z","is_done":true,"views_count":312787,"cotd":null,"cotd_at":null,"visible_on_explore_root":true,"visible_on_explore":true,"featured":true,"published":true,"published_at":"2021-09-12T20:09:21Z","reversed":false,"from_editor_v2":true,"is_editable":true,"original_sound":false,"has_sound":false,"recoub_to":null,"file_versions":{"html5":{"video":{"higher":{"url":"https://coub-anubis-a.akamaized.net/coub_storage/coub/simple/cw_file/5a34c818a95/434e01caaa3831b0e6023/muted_mp4_huge_size_1631477377_muted_huge.mp4","size":7708388},"high":{"url":"https://coub-anubis-a.akamaized.net/coub_storage/coub/simple/cw_file/5a34c818a95/434e01caaa3831b0e6023/muted_mp4_big_size_1631477377_muted_big.mp4","size":5497307},"med":{"url":"https://coub-anubis-a.akamaized.net/coub_storage/coub/simple/cw_file/5a34c818a95/434e01caaa3831b0e6023/muted_mp4_med_size_1631477377_muted_med.mp4","size":1327433}},"audio":{"high":{"url":"https://coub-anubis-a.akamaized.net/coub_storage/coub/simple/cw_looped_audio_high/574d5a492b2/c16053da7eda8abc33c10/1631477382_mp3-high.mp3","size":1326197},"med":{"url":"https://coub-anubis-a.akamaized.net/coub_storage/coub/simple/cw_looped_audio_med/005f4c97597/4ff3efa1a0d4a2700d827/1631477381_mp3-med.mp3","size":954096}}},"mobile":{"video":"https://coub-anubis-a.akamaized.net/coub_storage/coub/simple/cw_file/5a34c818a95/434e01caaa3831b0e6023/muted_mp4_med_size_1631477377_muted_med.mp4","audio":["https://coub-anubis-a.akamaized.net/coub_storage/coub/simple/cw_looped_audio_med/005f4c97597/4ff3efa1a0d4a2700d827/1631477381_mp3-med.mp3"]},"share":{"default":"https://coub-anubis-a.akamaized.net/coub_storage/coub/simple/cw_video_for_sharing/94bd5d81491/f9d95d264b1b282747443/1631477433_looped_1631477432.mp4"}},"audio_versions":{"template":"https://coub-anubis-a.akamaized.net/coub_storage/audio_track/cw_normalized_copy/8f7300c2940/8f50a2c19ef2656e7d7d0/mid_1631477379_normalized_1631477377_1al40yl_edited.mp3","versions":["mid","low"]},"image_versions":{"template":"https://coub-anubis-a.akamaized.net/coub_storage/coub/simple/cw_image/751ae9aff9b/5d330a9e4213f011d8a9e/%{version}_1631477391_00032.jpg","versions":["micro","tiny","age_restricted","ios_large","ios_mosaic","big","med","small","pinterest"]},"first_frame_versions":{"template":"https://coub-anubis-a.akamaized.net/coub_storage/coub/simple/cw_timeline_pic/ed5e3e54f47/660b270feff584c5ab3e8/%{version}_1631477390_image.jpg","versions":["big","med","small","ios_large"]},"dimensions":{"big":[1280,720],"med":[640,360]},"site_w_h":[640,360],"page_w_h":[640,360],"site_w_h_small":[310,174],"size":[1280,720],"age_restricted":false,"age_restricted_by_admin":false,"not_safe_for_work":false,"allow_reuse":false,"dont_crop":true,"banned":false,"global_safe":true,"audio_file_url":"https://coub-anubis-a.akamaized.net/coub_storage/audio_track/cw_normalized_copy/8f7300c2940/8f50a2c19ef2656e7d7d0/low_1631477379_normalized_1631477377_1al40yl_edited.mp3","external_download":false,"application":null,"channel":{"id":562546,"permalink":"thunderf","title":"Flashm6","description":null,"followers_count":62,"following_count":6,"avatar_versions":{"template":"https://coub-anubis-a.akamaized.net/coub_storage/channel/cw_avatar/40221dc1b28/62a0f5c5bc5e2d6a6aaf5/%{version}_1497718633__TheMisery.png","versions":["medium","medium_2x","profile_pic","profile_pic_new","profile_pic_new_2x","tiny","tiny_2x","small","small_2x","ios_large","ios_small"]}},"file":null,"picture":"https://coub-anubis-a.akamaized.net/coub_storage/coub/simple/cw_image/751ae9aff9b/5d330a9e4213f011d8a9e/med_1631477391_00032.jpg","timeline_picture":"https://coub-anubis-a.akamaized.net/coub_storage/coub/simple/cw_timeline_pic/ed5e3e54f47/660b270feff584c5ab3e8/ios_large_1631477390_image.jpg","small_picture":"https://coub-anubis-a.akamaized.net/coub_storage/coub/simple/cw_image/751ae9aff9b/5d330a9e4213f011d8a9e/ios_mosaic_1631477391_00032.jpg","sharing_picture":null,"percent_done":100,"tags":[{"id":134,"title":"cat","value":"cat"},{"id":6487787,"title":"taken (2008)","value":"taken%20(2008)"}],"categories":[{"id":32,"title":"Animals & Pets","permalink":"animals-pets","subscriptions_count":10082576,"big_image_url":"https://coub-anubis-a.akamaized.net/coub_storage/category/cw_image/60432c0f1f4/5d35698dc76c52d5f9e63/big_1544749976_animals2.png","small_image_url":"https://coub-anubis-a.akamaized.net/coub_storage/category/cw_image/60432c0f1f4/5d35698dc76c52d5f9e63/small_1544749976_animals2.png","med_image_url":"https://coub-anubis-a.akamaized.net/coub_storage/category/cw_image/60432c0f1f4/5d35698dc76c52d5f9e63/med_1544749976_animals2.png","visible":true}],"communities":[{"id":32,"title":"Animals & Pets","permalink":"animals-pets","subscriptions_count":10082576,"big_image_url":"https://coub-anubis-a.akamaized.net/coub_storage/category/cw_image/60432c0f1f4/5d35698dc76c52d5f9e63/big_1544749976_animals2.png","small_image_url":"https://coub-anubis-a.akamaized.net/coub_storage/category/cw_image/60432c0f1f4/5d35698dc76c52d5f9e63/small_1544749976_animals2.png","med_image_url":"https://coub-anubis-a.akamaized.net/coub_storage/category/cw_image/60432c0f1f4/5d35698dc76c52d5f9e63/med_1544749976_animals2.png","i_subscribed":true,"community_notifications_enabled":null,"description":null}],"recoubs_count":1427,"remixes_count":1,"likes_count":7855,"dislikes_count":0,"raw_video_id":"","uploaded_by_ios_app":false,"uploaded_by_android_app":false,"media_blocks":{"uploaded_raw_videos":[],"external_raw_videos":[],"remixed_from_coubs":[{"id":39652952,"title":"Let Me Out","url":"https://coub.com/coubs/2w2kvn/remix","image":"https://coub-anubis-a.akamaized.net/coub_storage/media_block/cw_image/2994ede417c/e837bc6729be2a5851ba2/video_1631458998_vfk6r4_1631458963_00032.jpg","image_retina":"https://coub-anubis-a.akamaized.net/coub_storage/media_block/cw_image/2994ede417c/e837bc6729be2a5851ba2/video_retina_1631458998_vfk6r4_1631458963_00032.jpg","meta":{"duration":"10.0"},"duration":null,"coub_channel_title":"agro","coub_channel_permalink":"agro70794267","coub_views_count":132152,"coub_permalink":"2w2kvn"}]},"raw_video_thumbnail_url":"","raw_video_title":"","video_block_banned":false,"duration":10.0,"promo_winner":false,"promo_winner_recoubers":null,"editorial_info":{},"promo_hint":null,"beeline_best_2014":null,"from_web_editor":true,"normalize_sound":true,"normalize_change_allowed":true,"best2015_addable":false,"ahmad_promo":null,"promo_data":null,"audio_copyright_claim":null,"ads_disabled":false,"is_safe_for_ads":true,"megafon_contents":[],"position_on_page":1},{"flag":null,"abuses":null,"recoubs_by_users_channels":null,"favourite":false,"promoted_id":null,"recoub":null,"like":null,"dislike":null,"reaction":null,"in_my_best2015":false,"id":138434194,"type":"Coub::Simple","permalink":"2a2n65","title":"Первая весенняя пробежка","visibility_type":"public","original_visibility_type":"public","channel_id":1640331,"created_at":"2020-03-02T08:13:06Z","updated_at":"2022-03-17T20:54:06Z","is_done":true,"views_count":379960,"cotd":null,"cotd_at":null,"visible_on_explore_root":false,"visible_on_explore":false,"featured":false,"published":true,"published_at":"2020-03-02T08:13:06Z","reversed":false,"from_editor_v2":true,"is_editable":true,"original_sound":true,"has_sound":true,"recoub_to":null,"file_versions":{"html5":{"video":{"higher":{"url":"https://coub-anubis-a.akamaized.net/coub_storage/coub/simple/cw_file/a0dc4681e5f/2121cefee5a8621dc1741/muted_mp4_huge_size_1583136789_muted_huge.mp4","size":1398167},"high":{"url":"https://coub-anubis-a.akamaized.net/coub_storage/coub/simple/cw_file/a0dc4681e5f/2121cefee5a8621dc1741/muted_mp4_big_size_1583136789_muted_big.mp4","size":900025},"med":{"url":"https://coub-anubis-a.akamaized.net/coub_storage/coub/simple/cw_file/a0dc4681e5f/2121cefee5a8621dc1741/muted_mp4_med_size_1583136789_muted_med.mp4","size":239074}},"audio":{"high":{"url":"https://coub-anubis-a.akamaized.net/coub_storage/coub/simple/cw_looped_audio_high/6da11bcb8e8/e68cba11b4a3224690cf1/1605707059_high_1583136789_high.mp3","size":891602},"med":{"url":"https://coub-anubis-a.akamaized.net/coub_storage/coub/simple/cw_looped_audio_med/b829a212f8e/dda92df16ce873a0c3df0/1605707059_med_1583136789_med.mp3","size":891610},"sample_duration":3.924}},"mobile":{"video":"https://coub-anubis-a.akamaized.net/coub_storage/coub/simple/cw_file/a0dc4681e5f/2121cefee5a8621dc1741/muted_mp4_med_size_1583136789_muted_med.mp4","audio":["https://coub-anubis-a.akamaized.net/coub_storage/coub/simple/cw_looped_audio_med/b829a212f8e/dda92df16ce873a0c3df0/1605707059_med_1583136789_med.mp3"]},"share":{"default":"https://coub-anubis-a.akamaized.net/coub_storage/coub/simple/cw_video_for_sharing/34224bc01ac/53e4aece1405283b808c6/1608319977_looped_1608319976.mp4"}},"audio_versions":{},"image_versions":{"template":"https://coub-anubis-a.akamaized.net/coub_storage/coub/simple/cw_image/d4e408a7cca/0e7ea7a4a9b82444961c6/1583136794_00013.jpg","versions":["micro","tiny","age_restricted","ios_large","ios_mosaic","big","med","small","pinterest"]},"first_frame_versions":{"template":"https://coub-anubis-a.akamaized.net/coub_storage/coub/simple/cw_timeline_pic/e8064b1cf33/ac0d516df479747341a01/%{version}_1583136794_image.jpg","versions":["big","med","small","ios_large"]},"dimensions":{"big":[1280,808],"med":[640,404]},"site_w_h":[640,404],"page_w_h":[640,404],"site_w_h_small":[310,196],"size":[1280,808],"age_restricted":false,"age_restricted_by_admin":false,"not_safe_for_work":false,"allow_reuse":false,"dont_crop":false,"banned":false,"global_safe":false,"audio_file_url":null,"external_download":{"type":"Twitter","service_name":"Twitter","url":"https://twitter.com/ringorin109/status/1234004439721115648?s=21","has_embed":false},"application":null,"channel":{"id":1640331,"permalink":"shanginn","title":"shanginn","description":null,"followers_count":151,"following_count":7,"avatar_versions":{"template":"https://coub-anubis-a.akamaized.net/coub_storage/channel/cw_avatar/81b818fd8f7/c7b59bb2a688f460c18d0/%{version}_1607428784_1kjwhe9_1474631024_317781746.jpg","versions":["medium","medium_2x","profile_pic","profile_pic_new","profile_pic_new_2x","tiny","tiny_2x","small","small_2x","ios_large","ios_small"]}},"file":null,"picture":"https://coub-anubis-a.akamaized.net/coub_storage/coub/simple/cw_image/d4e408a7cca/0e7ea7a4a9b82444961c6/1583136794_00013.jpg","timeline_picture":"https://coub-anubis-a.akamaized.net/coub_storage/coub/simple/cw_timeline_pic/e8064b1cf33/ac0d516df479747341a01/ios_large_1583136794_image.jpg","small_picture":"https://coub-anubis-a.akamaized.net/coub_storage/coub/simple/cw_image/d4e408a7cca/0e7ea7a4a9b82444961c6/1583136794_00013.jpg","sharing_picture":null,"percent_done":100,"tags":[],"categories":[{"id":32,"title":"Animals & Pets","permalink":"animals-pets","subscriptions_count":10082576,"big_image_url":"https://coub-anubis-a.akamaized.net/coub_storage/category/cw_image/60432c0f1f4/5d35698dc76c52d5f9e63/big_1544749976_animals2.png","small_image_url":"https://coub-anubis-a.akamaized.net/coub_storage/category/cw_image/60432c0f1f4/5d35698dc76c52d5f9e63/small_1544749976_animals2.png","med_image_url":"https://coub-anubis-a.akamaized.net/coub_storage/category/cw_image/60432c0f1f4/5d35698dc76c52d5f9e63/med_1544749976_animals2.png","visible":true}],"communities":[{"id":32,"title":"Animals & Pets","permalink":"animals-pets","subscriptions_count":10082576,"big_image_url":"https://coub-anubis-a.akamaized.net/coub_storage/category/cw_image/60432c0f1f4/5d35698dc76c52d5f9e63/big_1544749976_animals2.png","small_image_url":"https://coub-anubis-a.akamaized.net/coub_storage/category/cw_image/60432c0f1f4/5d35698dc76c52d5f9e63/small_1544749976_animals2.png","med_image_url":"https://coub-anubis-a.akamaized.net/coub_storage/category/cw_image/60432c0f1f4/5d35698dc76c52d5f9e63/med_1544749976_animals2.png","i_subscribed":true,"community_notifications_enabled":null,"description":null}],"recoubs_count":1626,"remixes_count":3,"likes_count":7850,"dislikes_count":0,"raw_video_id":14885445,"uploaded_by_ios_app":true,"uploaded_by_android_app":false,"media_blocks":{"uploaded_raw_videos":[],"external_raw_videos":[{"id":34962874,"title":"“小刻み走りからのスライディングε≡ ヽ＿＿〇ノ\n\nとても、、とても、、、\nかわいい(●´ω`●)\n\n#つイタチ\n#フェレット https://t.co/XaIEeJE19f”","url":"https://twitter.com/ringorin109/status/1234004439721115648","image":"https://coub-anubis-a.akamaized.net/coub_storage/media_block/cw_image/111d82640cd/b913e84af5d0200f653e4/1583136727_1l7dpel_1583136724_14r5vn8_att-url-download.jpg_name_orig","image_retina":"https://coub-anubis-a.akamaized.net/coub_storage/media_block/cw_image/111d82640cd/b913e84af5d0200f653e4/1583136727_1l7dpel_1583136724_14r5vn8_att-url-download.jpg_name_orig","meta":{"service":"Twitter","duration":"3.96"},"duration":3.96,"raw_video_id":14885445,"has_embed":false}],"remixed_from_coubs":[],"external_video":{"id":34962874,"title":"“小刻み走りからのスライディングε≡ ヽ＿＿〇ノ\n\nとても、、とても、、、\nかわいい(●´ω`●)\n\n#つイタチ\n#フェレット https://t.co/XaIEeJE19f”","url":"https://twitter.com/ringorin109/status/1234004439721115648","image":"https://coub-anubis-a.akamaized.net/coub_storage/media_block/cw_image/111d82640cd/b913e84af5d0200f653e4/1583136727_1l7dpel_1583136724_14r5vn8_att-url-download.jpg_name_orig","image_retina":"https://coub-anubis-a.akamaized.net/coub_storage/media_block/cw_image/111d82640cd/b913e84af5d0200f653e4/1583136727_1l7dpel_1583136724_14r5vn8_att-url-download.jpg_name_orig","meta":{"service":"Twitter","duration":"3.96"},"duration":3.96,"raw_video_id":14885445,"has_embed":false}},"raw_video_thumbnail_url":"/missing/missing.png","raw_video_title":"“小刻み走りからのスライディングε≡ ヽ＿＿〇ノ\n\nとても、、とても、、、\nかわいい(●´ω`●)\n\n#つイタチ\n#フェレット https://t.co/XaIEeJE19f”","video_block_banned":false,"duration":3.96,"promo_winner":false,"promo_winner_recoubers":null,"editorial_info":{},"promo_hint":null,"beeline_best_2014":null,"from_web_editor":false,"normalize_sound":true,"normalize_change_allowed":true,"best2015_addable":false,"ahmad_promo":null,"promo_data":null,"audio_copyright_claim":null,"ads_disabled":false,"is_safe_for_ads":true,"megafon_contents":[],"position_on_page":2},{"flag":null,"abuses":null,"recoubs_by_users_channels":null,"favourite":false,"promoted_id":null,"recoub":null,"like":null,"dislike":null,"reaction":null,"in_my_best2015":false,"id":62641913,"type":"Coub::Simple","permalink":"10uhtw","title":"laser bird","visibility_type":"public","original_visibility_type":"public","channel_id":1512253,"created_at":"2017-12-19T20:58:45Z","updated_at":"2022-03-16T03:04:38Z","is_done":true,"views_count":1225465,"cotd":null,"cotd_at":null,"visible_on_explore_root":false,"visible_on_explore":false,"featured":false,"published":true,"published_at":"2017-12-19T20:58:45Z","reversed":false,"from_editor_v2":true,"is_editable":true,"original_sound":true,"has_sound":true,"recoub_to":null,"file_versions":{"html5":{"video":{"higher":{"url":"https://coub-anubis-a.akamaized.net/coub_storage/coub/simple/cw_file/1c036f9a55f/0c12859a45bd03dc24b10/muted_mp4_huge_size_1568174817_muted_huge.mp4","size":5243649},"high":{"url":"https://coub-anubis-a.akamaized.net/coub_storage/coub/simple/cw_file/1c036f9a55f/0c12859a45bd03dc24b10/muted_mp4_big_size_1568174817_muted_big.mp4","size":3565695},"med":{"url":"https://coub-anubis-a.akamaized.net/coub_storage/coub/simple/cw_file/1c036f9a55f/0c12859a45bd03dc24b10/muted_mp4_med_size_1568174817_muted_med.mp4","size":1530578}},"audio":{"high":{"url":"https://coub-anubis-a.akamaized.net/coub_storage/coub/simple/cw_looped_audio_high/de9b3f4f03d/2ca85a6738280b7cb7cb0/1605621964_high_1513717133_high.mp3","size":942499},"med":{"url":"https://coub-anubis-a.akamaized.net/coub_storage/coub/simple/cw_looped_audio_med/dff12cae36b/42c2538f4de92e32a140e/1605621964_med_1513717133_med.mp3","size":799024},"sample_duration":10.009}},"mobile":{"video":"https://coub-anubis-a.akamaized.net/coub_storage/coub/simple/cw_file/1c036f9a55f/0c12859a45bd03dc24b10/muted_mp4_med_size_1568174817_muted_med.mp4","audio":["https://coub-anubis-a.akamaized.net/coub_storage/coub/simple/cw_looped_audio_med/dff12cae36b/42c2538f4de92e32a140e/1605621964_med_1513717133_med.mp3"]},"share":{"default":"https://coub-anubis-a.akamaized.net/coub_storage/coub/simple/cw_video_for_sharing/ffd7504a4be/b48ce02cecbd9bb9e13f0/1608559741_looped_1608559740.mp4"}},"audio_versions":{},"image_versions":{"template":"https://coub-anubis-a.akamaized.net/coub_storage/coub/simple/cw_image/cdebbdbd88a/d8ff133d6b996fa13d6fd/1513717141_00032.jpg","versions":["micro","tiny","age_restricted","ios_large","ios_mosaic","big","med","small","pinterest"]},"first_frame_versions":{"template":"https://coub-anubis-a.akamaized.net/coub_storage/coub/simple/cw_timeline_pic/38ded188686/652a5f8fd4c827696fe8c/%{version}_1513717141_image.jpg","versions":["big","med","small","ios_large"]},"dimensions":{"big":[1280,720],"med":[640,360]},"site_w_h":[640,360],"page_w_h":[640,360],"site_w_h_small":[310,174],"size":[1280,720],"age_restricted":false,"age_restricted_by_admin":false,"not_safe_for_work":false,"allow_reuse":false,"dont_crop":false,"banned":false,"global_safe":true,"audio_file_url":null,"external_download":false,"application":null,"channel":{"id":1512253,"permalink":"koschkien","title":"Koschkien","description":null,"followers_count":2320,"following_count":4482,"avatar_versions":{"template":"https://coub-anubis-a.akamaized.net/coub_storage/channel/cw_avatar/35c518c97f3/2899bce24a5d7e2cc461d/%{version}_1609271265_1sd8555_1474623967_cropped.jpeg","versions":["medium","medium_2x","profile_pic","profile_pic_new","profile_pic_new_2x","tiny","tiny_2x","small","small_2x","ios_large","ios_small"]}},"file":null,"picture":"https://coub-anubis-a.akamaized.net/coub_storage/coub/simple/cw_image/cdebbdbd88a/d8ff133d6b996fa13d6fd/1513717141_00032.jpg","timeline_picture":"https://coub-anubis-a.akamaized.net/coub_storage/coub/simple/cw_timeline_pic/38ded188686/652a5f8fd4c827696fe8c/ios_large_1513717141_image.jpg","small_picture":"https://coub-anubis-a.akamaized.net/coub_storage/coub/simple/cw_image/cdebbdbd88a/d8ff133d6b996fa13d6fd/1513717141_00032.jpg","sharing_picture":null,"percent_done":100,"tags":[{"id":4236,"title":"laser","value":"laser"},{"id":2652,"title":"bird","value":"bird"},{"id":605410,"title":"laserbird","value":"laserbird"}],"categories":[{"id":32,"title":"Animals & Pets","permalink":"animals-pets","subscriptions_count":10082576,"big_image_url":"https://coub-anubis-a.akamaized.net/coub_storage/category/cw_image/60432c0f1f4/5d35698dc76c52d5f9e63/big_1544749976_animals2.png","small_image_url":"https://coub-anubis-a.akamaized.net/coub_storage/category/cw_image/60432c0f1f4/5d35698dc76c52d5f9e63/small_1544749976_animals2.png","med_image_url":"https://coub-anubis-a.akamaized.net/coub_storage/category/cw_image/60432c0f1f4/5d35698dc76c52d5f9e63/med_1544749976_animals2.png","visible":true}],"communities":[{"id":32,"title":"Animals & Pets","permalink":"animals-pets","subscriptions_count":10082576,"big_image_url":"https://coub-anubis-a.akamaized.net/coub_storage/category/cw_image/60432c0f1f4/5d35698dc76c52d5f9e63/big_1544749976_animals2.png","small_image_url":"https://coub-anubis-a.akamaized.net/coub_storage/category/cw_image/60432c0f1f4/5d35698dc76c52d5f9e63/small_1544749976_animals2.png","med_image_url":"https://coub-anubis-a.akamaized.net/coub_storage/category/cw_image/60432c0f1f4/5d35698dc76c52d5f9e63/med_1544749976_animals2.png","i_subscribed":true,"community_notifications_enabled":null,"description":null}],"recoubs_count":1805,"remixes_count":1,"likes_count":7850,"dislikes_count":0,"raw_video_id":10776720,"uploaded_by_ios_app":false,"uploaded_by_android_app":true,"media_blocks":{"uploaded_raw_videos":[],"external_raw_videos":[],"remixed_from_coubs":[]},"raw_video_thumbnail_url":"/missing/missing.png","raw_video_title":null,"video_block_banned":false,"duration":10.04,"promo_winner":false,"promo_winner_recoubers":null,"editorial_info":{},"promo_hint":null,"beeline_best_2014":null,"from_web_editor":false,"normalize_sound":true,"normalize_change_allowed":true,"best2015_addable":false,"ahmad_promo":null,"promo_data":null,"audio_copyright_claim":null,"ads_disabled":false,"is_safe_for_ads":true,"megafon_contents":[],"position_on_page":3},{"flag":null,"abuses":null,"recoubs_by_users_channels":null,"favourite":false,"promoted_id":null,"recoub":null,"like":null,"dislike":null,"reaction":null,"in_my_best2015":false,"id":77132512,"type":"Coub::Simple","permalink":"19ikxz","title":"mission impossible panda","visibility_type":"public","original_visibility_type":"public","channel_id":4180098,"created_at":"2018-06-14T08:54:40Z","updated_at":"2022-03-18T06:04:11Z","is_done":true,"views_count":322050,"cotd":null,"cotd_at":null,"visible_on_explore_root":false,"visible_on_explore":false,"featured":false,"published":true,"published_at":"2018-06-14T08:54:40Z","reversed":false,"from_editor_v2":true,"is_editable":true,"original_sound":false,"has_sound":false,"recoub_to":null,"file_versions":{"html5":{"video":{"higher":{"url":"https://coub-anubis-a.akamaized.net/coub_storage/coub/simple/cw_file/26ac551e006/8c2e60a78ea91bca1389d/muted_mp4_huge_size_1568246559_muted_huge.mp4","size":1990205},"high":{"url":"https://coub-anubis-a.akamaized.net/coub_storage/coub/simple/cw_file/26ac551e006/8c2e60a78ea91bca1389d/muted_mp4_big_size_1568246559_muted_big.mp4","size":1412464},"med":{"url":"https://coub-anubis-a.akamaized.net/coub_storage/coub/simple/cw_file/26ac551e006/8c2e60a78ea91bca1389d/muted_mp4_med_size_1568246559_muted_med.mp4","size":478827}},"audio":{"high":{"url":"https://coub-anubis-a.akamaized.net/coub_storage/coub/simple/cw_looped_audio_high/2792c406d79/e008f50c241b79bd8740f/1605622111_high_1528966485_high.mp3","size":693178},"med":{"url":"https://coub-anubis-a.akamaized.net/coub_storage/coub/simple/cw_looped_audio_med/8a4d62ead80/deb6218fcff5ff830de41/1605622111_med_1528966485_med.mp3","size":667251}}},"mobile":{"video":"https://coub-anubis-a.akamaized.net/coub_storage/coub/simple/cw_file/26ac551e006/8c2e60a78ea91bca1389d/muted_mp4_med_size_1568246559_muted_med.mp4","audio":["https://coub-anubis-a.akamaized.net/coub_storage/coub/simple/cw_looped_audio_med/8a4d62ead80/deb6218fcff5ff830de41/1605622111_med_1528966485_med.mp3"]},"share":{"default":"https://coub-anubis-a.akamaized.net/coub_storage/coub/simple/cw_video_for_sharing/70016fef45d/cfb9dd84796704faccd74/1608394767_looped_1608394766.mp4"}},"audio_versions":{"template":"https://coub-anubis-a.akamaized.net/coub_storage/audio_track/cw_normalized_copy/40ee86f0d7c/12c4cc93156990e8b3496/mid_1549719293_normalized_1528966074_audio.mp3","versions":["mid","low"]},"image_versions":{"template":"https://coub-anubis-a.akamaized.net/coub_storage/coub/simple/cw_image/ea5a9724fa9/6f8a4b0907eefc0ea0489/1528966489_00025.jpg","versions":["micro","tiny","age_restricted","ios_large","ios_mosaic","big","med","small","pinterest"]},"first_frame_versions":{"template":"https://coub-anubis-a.akamaized.net/coub_storage/coub/simple/cw_timeline_pic/94f67b5b5b6/96de04af5f23fb283a8e6/%{version}_1528966489_image.jpg","versions":["big","med","small","ios_large"]},"dimensions":{"big":[1280,716],"med":[640,358]},"site_w_h":[640,358],"page_w_h":[640,358],"site_w_h_small":[310,173],"size":[1280,716],"age_restricted":false,"age_restricted_by_admin":false,"not_safe_for_work":false,"allow_reuse":false,"dont_crop":false,"banned":false,"global_safe":true,"audio_file_url":"https://coub-anubis-a.akamaized.net/coub_storage/audio_track/cw_normalized_copy/40ee86f0d7c/12c4cc93156990e8b3496/low_1549719293_normalized_1528966074_audio.mp3","external_download":{"type":"Imgur","service_name":"Imgur","url":"http://i.imgur.com/K6tqU36.mp4","has_embed":false},"application":null,"channel":{"id":4180098,"permalink":"slyfoxvideos","title":"SlyFox","description":null,"followers_count":1045,"following_count":16,"avatar_versions":{"template":"https://coub-anubis-a.akamaized.net/coub_storage/channel/cw_avatar/4139a609f4c/4c0b03867a634f52bd2e7/%{version}_1607420381_npdmh9_1521193927_slyfox.png","versions":["medium","medium_2x","profile_pic","profile_pic_new","profile_pic_new_2x","tiny","tiny_2x","small","small_2x","ios_large","ios_small"]}},"file":null,"picture":"https://coub-anubis-a.akamaized.net/coub_storage/coub/simple/cw_image/ea5a9724fa9/6f8a4b0907eefc0ea0489/1528966489_00025.jpg","timeline_picture":"https://coub-anubis-a.akamaized.net/coub_storage/coub/simple/cw_timeline_pic/94f67b5b5b6/96de04af5f23fb283a8e6/ios_large_1528966489_image.jpg","small_picture":"https://coub-anubis-a.akamaized.net/coub_storage/coub/simple/cw_image/ea5a9724fa9/6f8a4b0907eefc0ea0489/1528966489_00025.jpg","sharing_picture":null,"percent_done":100,"tags":[{"id":5470,"title":"mission impossible","value":"mission%20impossible"},{"id":5634,"title":"panda","value":"panda"},{"id":7202,"title":"flute","value":"flute"}],"categories":[{"id":32,"title":"Animals & Pets","permalink":"animals-pets","subscriptions_count":10082576,"big_image_url":"https://coub-anubis-a.akamaized.net/coub_storage/category/cw_image/60432c0f1f4/5d35698dc76c52d5f9e63/big_1544749976_animals2.png","small_image_url":"https://coub-anubis-a.akamaized.net/coub_storage/category/cw_image/60432c0f1f4/5d35698dc76c52d5f9e63/small_1544749976_animals2.png","med_image_url":"https://coub-anubis-a.akamaized.net/coub_storage/category/cw_image/60432c0f1f4/5d35698dc76c52d5f9e63/med_1544749976_animals2.png","visible":true}],"communities":[{"id":32,"title":"Animals & Pets","permalink":"animals-pets","subscriptions_count":10082576,"big_image_url":"https://coub-anubis-a.akamaized.net/coub_storage/category/cw_image/60432c0f1f4/5d35698dc76c52d5f9e63/big_1544749976_animals2.png","small_image_url":"https://coub-anubis-a.akamaized.net/coub_storage/category/cw_image/60432c0f1f4/5d35698dc76c52d5f9e63/small_1544749976_animals2.png","med_image_url":"https://coub-anubis-a.akamaized.net/coub_storage/category/cw_image/60432c0f1f4/5d35698dc76c52d5f9e63/med_1544749976_animals2.png","i_subscribed":true,"community_notifications_enabled":null,"description":null}],"recoubs_count":1263,"remixes_count":2,"likes_count":7818,"dislikes_count":0,"raw_video_id":11881720,"uploaded_by_ios_app":false,"uploaded_by_android_app":false,"media_blocks":{"uploaded_raw_videos":[],"external_raw_videos":[{"id":26863464,"title":"Imgur","url":"https://imgur.com/K6tqU36","image":"https://coub-anubis-a.akamaized.net/coub_storage/media_block/cw_image/ee8aabbf1cc/6380147ea930a90befedb/1528966034_1528966029_6ewkst_att-url-download.jpg","image_retina":"https://coub-anubis-a.akamaized.net/coub_storage/media_block/cw_image/ee8aabbf1cc/6380147ea930a90befedb/1528966034_1528966029_6ewkst_att-url-download.jpg","meta":{"service":"Imgur","duration":"7.84"},"duration":7.84,"raw_video_id":11881720,"has_embed":false}],"remixed_from_coubs":[],"external_video":{"id":26863464,"title":"Imgur","url":"https://imgur.com/K6tqU36","image":"https://coub-anubis-a.akamaized.net/coub_storage/media_block/cw_image/ee8aabbf1cc/6380147ea930a90befedb/1528966034_1528966029_6ewkst_att-url-download.jpg","image_retina":"https://coub-anubis-a.akamaized.net/coub_storage/media_block/cw_image/ee8aabbf1cc/6380147ea930a90befedb/1528966034_1528966029_6ewkst_att-url-download.jpg","meta":{"service":"Imgur","duration":"7.84"},"duration":7.84,"raw_video_id":11881720,"has_embed":false}},"raw_video_thumbnail_url":"/missing/missing.png","raw_video_title":"Imgur","video_block_banned":false,"duration":7.84,"promo_winner":false,"promo_winner_recoubers":null,"editorial_info":{},"promo_hint":null,"beeline_best_2014":null,"from_web_editor":true,"normalize_sound":true,"normalize_change_allowed":true,"best2015_addable":false,"ahmad_promo":null,"promo_data":null,"audio_copyright_claim":null,"ads_disabled":false,"is_safe_for_ads":true,"megafon_contents":[],"position_on_page":4},{"flag":null,"abuses":null,"recoubs_by_users_channels":null,"favourite":false,"promoted_id":null,"recoub":null,"like":null,"dislike":null,"reaction":null,"in_my_best2015":false,"id":29023830,"type":"Coub::Simple","permalink":"gtxpq","title":"Jump...System Error","visibility_type":"public","original_visibility_type":"public","channel_id":2498338,"created_at":"2016-11-16T13:45:32Z","updated_at":"2022-03-18T05:36:40Z","is_done":true,"views_count":398190,"cotd":null,"cotd_at":null,"visible_on_explore_root":false,"visible_on_explore":false,"featured":false,"published":true,"published_at":"2016-11-16T13:45:32Z","reversed":false,"from_editor_v2":true,"is_editable":true,"original_sound":true,"has_sound":true,"recoub_to":null,"file_versions":{"html5":{"video":{"higher":{"url":"https://coub-anubis-a.akamaized.net/coub_storage/coub/simple/cw_file/4195072cf2a/1272e928b71ebf7407481/muted_mp4_huge_size_1567984045_muted_huge.mp4","size":4161137},"high":{"url":"https://coub-anubis-a.akamaized.net/coub_storage/coub/simple/cw_file/4195072cf2a/1272e928b71ebf7407481/muted_mp4_big_size_1567984045_muted_big.mp4","size":3400328},"med":{"url":"https://coub-anubis-a.akamaized.net/coub_storage/coub/simple/cw_file/4195072cf2a/1272e928b71ebf7407481/muted_mp4_med_size_1567984045_muted_med.mp4","size":799853}},"audio":{"high":{"url":"https://coub-anubis-a.akamaized.net/coub_storage/coub/simple/cw_looped_audio_high/dca19392892/30890eb2fd9672e2c7f09/1605545221_high_1479303951_high.mp3","size":1216667},"med":{"url":"https://coub-anubis-a.akamaized.net/coub_storage/coub/simple/cw_looped_audio_med/9091a5f1b6c/4641239426cead416b6b2/1605545221_med_1479303951_med.mp3","size":961676},"sample_duration":10.1}},"mobile":{"video":"https://coub-anubis-a.akamaized.net/coub_storage/coub/simple/cw_file/4195072cf2a/1272e928b71ebf7407481/muted_mp4_med_size_1567984045_muted_med.mp4","audio":["https://coub-anubis-a.akamaized.net/coub_storage/coub/simple/cw_looped_audio_med/9091a5f1b6c/4641239426cead416b6b2/1605545221_med_1479303951_med.mp3"]},"share":{"default":"https://coub-anubis-a.akamaized.net/coub_storage/coub/simple/cw_video_for_sharing/dbc07c464a7/a66759fa2b2c792f58430/1609098512_looped_1609098511.mp4"}},"audio_versions":{},"image_versions":{"template":"https://coub-anubis-a.akamaized.net/coub_storage/coub/simple/cw_image/67ec833a269/629ce11e3fc75da3b4c70/1479303959_00032.jpg","versions":["micro","tiny","age_restricted","ios_large","ios_mosaic","big","med","small","pinterest"]},"first_frame_versions":{"template":"https://coub-anubis-a.akamaized.net/coub_storage/coub/simple/cw_timeline_pic/38d718663f0/686abd89ec90467eec065/%{version}_1479303958_image.jpg","versions":["big","med","small","ios_large"]},"dimensions":{"big":[1280,720],"med":[640,360]},"site_w_h":[640,360],"page_w_h":[640,360],"site_w_h_small":[310,174],"size":[1280,720],"age_restricted":false,"age_restricted_by_admin":false,"not_safe_for_work":false,"allow_reuse":false,"dont_crop":false,"banned":false,"global_safe":true,"audio_file_url":null,"external_download":false,"application":null,"channel":{"id":2498338,"permalink":"alder.mystic","title":"Alder Mystic","description":null,"followers_count":4015,"following_count":24,"avatar_versions":{"template":"https://coub-anubis-a.akamaized.net/coub_storage/channel/cw_avatar/cd1d0feabf3/31214133907771a0d6c30/%{version}_1607420871_avs8bw_1552402324_Untitled1234_000000.png","versions":["medium","medium_2x","profile_pic","profile_pic_new","profile_pic_new_2x","tiny","tiny_2x","small","small_2x","ios_large","ios_small"]}},"file":null,"picture":"https://coub-anubis-a.akamaized.net/coub_storage/coub/simple/cw_image/67ec833a269/629ce11e3fc75da3b4c70/1479303959_00032.jpg","timeline_picture":"https://coub-anubis-a.akamaized.net/coub_storage/coub/simple/cw_timeline_pic/38d718663f0/686abd89ec90467eec065/ios_large_1479303958_image.jpg","small_picture":"https://coub-anubis-a.akamaized.net/coub_storage/coub/simple/cw_image/67ec833a269/629ce11e3fc75da3b4c70/1479303959_00032.jpg","sharing_picture":null,"percent_done":100,"tags":[{"id":50,"title":"coub","value":"coub"},{"id":174,"title":"funny","value":"funny"},{"id":39,"title":"cats","value":"cats"}],"categories":[{"id":32,"title":"Animals & Pets","permalink":"animals-pets","subscriptions_count":10082576,"big_image_url":"https://coub-anubis-a.akamaized.net/coub_storage/category/cw_image/60432c0f1f4/5d35698dc76c52d5f9e63/big_1544749976_animals2.png","small_image_url":"https://coub-anubis-a.akamaized.net/coub_storage/category/cw_image/60432c0f1f4/5d35698dc76c52d5f9e63/small_1544749976_animals2.png","med_image_url":"https://coub-anubis-a.akamaized.net/coub_storage/category/cw_image/60432c0f1f4/5d35698dc76c52d5f9e63/med_1544749976_animals2.png","visible":true}],"communities":[{"id":32,"title":"Animals & Pets","permalink":"animals-pets","subscriptions_count":10082576,"big_image_url":"https://coub-anubis-a.akamaized.net/coub_storage/category/cw_image/60432c0f1f4/5d35698dc76c52d5f9e63/big_1544749976_animals2.png","small_image_url":"https://coub-anubis-a.akamaized.net/coub_storage/category/cw_image/60432c0f1f4/5d35698dc76c52d5f9e63/small_1544749976_animals2.png","med_image_url":"https://coub-anubis-a.akamaized.net/coub_storage/category/cw_image/60432c0f1f4/5d35698dc76c52d5f9e63/med_1544749976_animals2.png","i_subscribed":true,"community_notifications_enabled":null,"description":null}],"recoubs_count":14,"remixes_count":1,"likes_count":7808,"dislikes_count":0,"raw_video_id":4954875,"uploaded_by_ios_app":false,"uploaded_by_android_app":false,"media_blocks":{"uploaded_raw_videos":[],"external_raw_videos":[],"remixed_from_coubs":[]},"raw_video_thumbnail_url":"/missing/missing.png","raw_video_title":"cats223.mp4","video_block_banned":false,"duration":10.04,"promo_winner":false,"promo_winner_recoubers":null,"editorial_info":{},"promo_hint":null,"beeline_best_2014":null,"from_web_editor":true,"normalize_sound":true,"normalize_change_allowed":true,"best2015_addable":false,"ahmad_promo":null,"promo_data":null,"audio_copyright_claim":null,"ads_disabled":false,"is_safe_for_ads":true,"megafon_contents":[],"position_on_page":5},{"flag":null,"abuses":null,"recoubs_by_users_channels":null,"favourite":false,"promoted_id":null,"recoub":null,"like":null,"dislike":null,"reaction":null,"in_my_best2015":false,"id":32302126,"type":"Coub::Simple","permalink":"is7aa","title":"What is going on inside cat head?","visibility_type":"public","original_visibility_type":"public","channel_id":1113495,"created_at":"2016-12-06T19:03:10Z","updated_at":"2022-03-17T10:36:25Z","is_done":true,"views_count":542535,"cotd":null,"cotd_at":null,"visible_on_explore_root":true,"visible_on_explore":true,"featured":true,"published":true,"published_at":"2016-12-06T19:03:10Z","reversed":false,"from_editor_v2":true,"is_editable":true,"original_sound":true,"has_sound":true,"recoub_to":null,"file_versions":{"html5":{"video":{"higher":{"url":"https://coub-anubis-a.akamaized.net/coub_storage/coub/simple/cw_file/0d76630336f/50b89a7da482ad7e44c3b/muted_mp4_huge_size_1568070847_muted_huge.mp4","size":2641066},"high":{"url":"https://coub-anubis-a.akamaized.net/coub_storage/coub/simple/cw_file/0d76630336f/50b89a7da482ad7e44c3b/muted_mp4_big_size_1568070847_muted_big.mp4","size":1808823},"med":{"url":"https://coub-anubis-a.akamaized.net/coub_storage/coub/simple/cw_file/0d76630336f/50b89a7da482ad7e44c3b/muted_mp4_med_size_1568070847_muted_med.mp4","size":498784}},"audio":{"high":{"url":"https://coub-anubis-a.akamaized.net/coub_storage/coub/simple/cw_looped_audio_high/bc2a3430edb/f5590ccb6d75605daa154/1605561336_high_1481051004_high.mp3","size":1388812},"med":{"url":"https://coub-anubis-a.akamaized.net/coub_storage/coub/simple/cw_looped_audio_med/741d29460f7/25011d7b4a045d014b6c5/1605561336_med_1481051004_med.mp3","size":1181677},"sample_duration":8.105}},"mobile":{"video":"https://coub-anubis-a.akamaized.net/coub_storage/coub/simple/cw_file/0d76630336f/50b89a7da482ad7e44c3b/muted_mp4_med_size_1568070847_muted_med.mp4","audio":["https://coub-anubis-a.akamaized.net/coub_storage/coub/simple/cw_looped_audio_med/741d29460f7/25011d7b4a045d014b6c5/1605561336_med_1481051004_med.mp3"]},"share":{"default":"https://coub-anubis-a.akamaized.net/coub_storage/coub/simple/cw_video_for_sharing/3e62abafa6b/e315a64a6b635ced88316/1608639150_looped_1608639149.mp4"}},"audio_versions":{},"image_versions":{"template":"https://coub-anubis-a.akamaized.net/coub_storage/coub/simple/cw_image/28f603eba02/c86aeaeea2a217e2798c7/1481051013_00026.jpg","versions":["micro","tiny","age_restricted","ios_large","ios_mosaic","big","med","small","pinterest"]},"first_frame_versions":{"template":"https://coub-anubis-a.akamaized.net/coub_storage/coub/simple/cw_timeline_pic/1f3a8dd3250/2de7391fd65c5a697b2e9/1481051012_image.jpg","versions":["big","med","small","ios_large"]},"dimensions":{"big":[1280,720],"med":[640,360]},"site_w_h":[640,360],"page_w_h":[640,360],"site_w_h_small":[310,174],"size":[1280,720],"age_restricted":false,"age_restricted_by_admin":false,"not_safe_for_work":false,"allow_reuse":false,"dont_crop":false,"banned":false,"global_safe":true,"audio_file_url":null,"external_download":false,"application":null,"channel":{"id":1113495,"permalink":"pikapikapikachu","title":"Pikachu🌟","description":"𝕷𝖊𝖌𝖊𝖓𝖉","followers_count":26167,"following_count":0,"avatar_versions":{"template":"https://coub-anubis-a.akamaized.net/coub_storage/channel/cw_avatar/a2edd810207/0a5a72053b95764440a7c/%{version}_1607420529_rtwflo_1510332266_profile_pic_new_2x_1474666374_profile_pic_new_2x_1406288974_vNtLcFoE11.png","versions":["medium","medium_2x","profile_pic","profile_pic_new","profile_pic_new_2x","tiny","tiny_2x","small","small_2x","ios_large","ios_small"]}},"file":null,"picture":"https://coub-anubis-a.akamaized.net/coub_storage/coub/simple/cw_image/28f603eba02/c86aeaeea2a217e2798c7/1481051013_00026.jpg","timeline_picture":"https://coub-anubis-a.akamaized.net/coub_storage/coub/simple/cw_timeline_pic/1f3a8dd3250/2de7391fd65c5a697b2e9/1481051012_image.jpg","small_picture":"https://coub-anubis-a.akamaized.net/coub_storage/coub/simple/cw_image/28f603eba02/c86aeaeea2a217e2798c7/1481051013_00026.jpg","sharing_picture":null,"percent_done":100,"tags":[{"id":2384071,"title":"wigoiyh","value":"wigoiyh"},{"id":3866,"title":"live","value":"live"},{"id":288361,"title":"hybrids","value":"hybrids"},{"id":91953,"title":"inside out","value":"inside%20out"},{"id":273,"title":"psycho","value":"psycho"},{"id":7604,"title":"awolnation","value":"awolnation"},{"id":152,"title":"run","value":"run"},{"id":134,"title":"cat","value":"cat"},{"id":289688,"title":"cat sleep","value":"cat%20sleep"},{"id":334985,"title":"cat sleeping","value":"cat%20sleeping"}],"categories":[{"id":32,"title":"Animals & Pets","permalink":"animals-pets","subscriptions_count":10082576,"big_image_url":"https://coub-anubis-a.akamaized.net/coub_storage/category/cw_image/60432c0f1f4/5d35698dc76c52d5f9e63/big_1544749976_animals2.png","small_image_url":"https://coub-anubis-a.akamaized.net/coub_storage/category/cw_image/60432c0f1f4/5d35698dc76c52d5f9e63/small_1544749976_animals2.png","med_image_url":"https://coub-anubis-a.akamaized.net/coub_storage/category/cw_image/60432c0f1f4/5d35698dc76c52d5f9e63/med_1544749976_animals2.png","visible":true}],"communities":[{"id":32,"title":"Animals & Pets","permalink":"animals-pets","subscriptions_count":10082576,"big_image_url":"https://coub-anubis-a.akamaized.net/coub_storage/category/cw_image/60432c0f1f4/5d35698dc76c52d5f9e63/big_1544749976_animals2.png","small_image_url":"https://coub-anubis-a.akamaized.net/coub_storage/category/cw_image/60432c0f1f4/5d35698dc76c52d5f9e63/small_1544749976_animals2.png","med_image_url":"https://coub-anubis-a.akamaized.net/coub_storage/category/cw_image/60432c0f1f4/5d35698dc76c52d5f9e63/med_1544749976_animals2.png","i_subscribed":true,"community_notifications_enabled":null,"description":null}],"recoubs_count":1853,"remixes_count":5,"likes_count":7805,"dislikes_count":0,"raw_video_id":6334169,"uploaded_by_ios_app":false,"uploaded_by_android_app":false,"media_blocks":{"uploaded_raw_videos":[],"external_raw_videos":[],"remixed_from_coubs":[]},"raw_video_thumbnail_url":"/missing/missing.png","raw_video_title":"cathead.mp4","video_block_banned":false,"duration":8.12,"promo_winner":false,"promo_winner_recoubers":null,"editorial_info":{},"promo_hint":null,"beeline_best_2014":null,"from_web_editor":true,"normalize_sound":true,"normalize_change_allowed":true,"best2015_addable":false,"ahmad_promo":null,"promo_data":null,"audio_copyright_claim":null,"ads_disabled":null,"is_safe_for_ads":true,"megafon_contents":[],"position_on_page":6},{"flag":null,"abuses":null,"recoubs_by_users_channels":null,"favourite":false,"promoted_id":null,"recoub":null,"like":null,"dislike":null,"reaction":null,"in_my_best2015":false,"id":69060056,"type":"Coub::Simple","permalink":"14ohkd","title":"Angry bun","visibility_type":"public","original_visibility_type":"public","channel_id":2652020,"created_at":"2018-03-11T09:14:42Z","updated_at":"2022-03-18T07:20:04Z","is_done":true,"views_count":372442,"cotd":null,"cotd_at":null,"visible_on_explore_root":true,"visible_on_explore":true,"featured":true,"published":true,"published_at":"2018-03-11T09:14:42Z","reversed":false,"from_editor_v2":true,"is_editable":true,"original_sound":true,"has_sound":true,"recoub_to":null,"file_versions":{"html5":{"video":{"higher":{"url":"https://coub-anubis-a.akamaized.net/coub_storage/coub/simple/cw_file/b78e65cbe3b/f256a579a534cdf2c394a/muted_mp4_huge_size_1568206005_muted_huge.mp4","size":3343958},"high":{"url":"https://coub-anubis-a.akamaized.net/coub_storage/coub/simple/cw_file/b78e65cbe3b/f256a579a534cdf2c394a/muted_mp4_big_size_1568206005_muted_big.mp4","size":2225799},"med":{"url":"https://coub-anubis-a.akamaized.net/coub_storage/coub/simple/cw_file/b78e65cbe3b/f256a579a534cdf2c394a/muted_mp4_med_size_1568206005_muted_med.mp4","size":720242}},"audio":{"high":{"url":"https://coub-anubis-a.akamaized.net/coub_storage/coub/simple/cw_looped_audio_high/bf3913e87fb/96490982c4803a66ec764/1605638399_high_1520759687_high.mp3","size":994847},"med":{"url":"https://coub-anubis-a.akamaized.net/coub_storage/coub/simple/cw_looped_audio_med/2aff84d14a5/9e67fe496833876ebb164/1605638398_med_1520759687_med.mp3","size":837135},"sample_duration":8.545}},"mobile":{"video":"https://coub-anubis-a.akamaized.net/coub_storage/coub/simple/cw_file/b78e65cbe3b/f256a579a534cdf2c394a/muted_mp4_med_size_1568206005_muted_med.mp4","audio":["https://coub-anubis-a.akamaized.net/coub_storage/coub/simple/cw_looped_audio_med/2aff84d14a5/9e67fe496833876ebb164/1605638398_med_1520759687_med.mp3"]},"share":{"default":"https://coub-anubis-a.akamaized.net/coub_storage/coub/simple/cw_video_for_sharing/a774d74cfac/e4a756ea506011fbc4cda/1610741899_looped_1610741897.mp4"}},"audio_versions":{},"image_versions":{"template":"https://coub-anubis-a.akamaized.net/coub_storage/coub/simple/cw_image/10853d5a400/627de6f9b60715bfbb42d/1520759694_00027.jpg","versions":["micro","tiny","age_restricted","ios_large","ios_mosaic","big","med","small","pinterest"]},"first_frame_versions":{"template":"https://coub-anubis-a.akamaized.net/coub_storage/coub/simple/cw_timeline_pic/472b4a79624/827257f6e37b5e24eaefa/%{version}_1520759694_image.jpg","versions":["big","med","small","ios_large"]},"dimensions":{"big":[1280,960],"med":[640,480]},"site_w_h":[640,480],"page_w_h":[640,480],"site_w_h_small":[310,233],"size":[1280,960],"age_restricted":false,"age_restricted_by_admin":false,"not_safe_for_work":false,"allow_reuse":false,"dont_crop":true,"banned":false,"global_safe":true,"audio_file_url":null,"external_download":false,"application":null,"channel":{"id":2652020,"permalink":"zhora-morris","title":"Zhora Morris","description":null,"followers_count":79,"following_count":0,"avatar_versions":{"template":"https://coub-anubis-a.akamaized.net/coub_storage/channel/cw_avatar/fad7bb2fcba/ea383c9237838386491dd/%{version}_1608836048_1jcb2dy_1519672145_750px-Flag_of_Henry_Every_red.svg.png","versions":["medium","medium_2x","profile_pic","profile_pic_new","profile_pic_new_2x","tiny","tiny_2x","small","small_2x","ios_large","ios_small"]}},"file":null,"picture":"https://coub-anubis-a.akamaized.net/coub_storage/coub/simple/cw_image/10853d5a400/627de6f9b60715bfbb42d/1520759694_00027.jpg","timeline_picture":"https://coub-anubis-a.akamaized.net/coub_storage/coub/simple/cw_timeline_pic/472b4a79624/827257f6e37b5e24eaefa/ios_large_1520759694_image.jpg","small_picture":"https://coub-anubis-a.akamaized.net/coub_storage/coub/simple/cw_image/10853d5a400/627de6f9b60715bfbb42d/1520759694_00027.jpg","sharing_picture":null,"percent_done":100,"tags":[{"id":4245,"title":"rabbit","value":"rabbit"},{"id":2692,"title":"bunny","value":"bunny"},{"id":3779991,"title":"angry boat","value":"angry%20boat"},{"id":2070,"title":"animals","value":"animals"},{"id":11479,"title":"pets","value":"pets"},{"id":3779992,"title":"кролик зевает","value":"%D0%BA%D1%80%D0%BE%D0%BB%D0%B8%D0%BA%20%D0%B7%D0%B5%D0%B2%D0%B0%D0%B5%D1%82"},{"id":1374000,"title":"бубенчик","value":"%D0%B1%D1%83%D0%B1%D0%B5%D0%BD%D1%87%D0%B8%D0%BA"}],"categories":[{"id":32,"title":"Animals & Pets","permalink":"animals-pets","subscriptions_count":10082576,"big_image_url":"https://coub-anubis-a.akamaized.net/coub_storage/category/cw_image/60432c0f1f4/5d35698dc76c52d5f9e63/big_1544749976_animals2.png","small_image_url":"https://coub-anubis-a.akamaized.net/coub_storage/category/cw_image/60432c0f1f4/5d35698dc76c52d5f9e63/small_1544749976_animals2.png","med_image_url":"https://coub-anubis-a.akamaized.net/coub_storage/category/cw_image/60432c0f1f4/5d35698dc76c52d5f9e63/med_1544749976_animals2.png","visible":true}],"communities":[{"id":32,"title":"Animals & Pets","permalink":"animals-pets","subscriptions_count":10082576,"big_image_url":"https://coub-anubis-a.akamaized.net/coub_storage/category/cw_image/60432c0f1f4/5d35698dc76c52d5f9e63/big_1544749976_animals2.png","small_image_url":"https://coub-anubis-a.akamaized.net/coub_storage/category/cw_image/60432c0f1f4/5d35698dc76c52d5f9e63/small_1544749976_animals2.png","med_image_url":"https://coub-anubis-a.akamaized.net/coub_storage/category/cw_image/60432c0f1f4/5d35698dc76c52d5f9e63/med_1544749976_animals2.png","i_subscribed":true,"community_notifications_enabled":null,"description":null}],"recoubs_count":1532,"remixes_count":15,"likes_count":7796,"dislikes_count":0,"raw_video_id":11299043,"uploaded_by_ios_app":false,"uploaded_by_android_app":false,"media_blocks":{"uploaded_raw_videos":[],"external_raw_videos":[],"remixed_from_coubs":[]},"raw_video_thumbnail_url":"/missing/missing.png","raw_video_title":"Angry_B.mp4","video_block_banned":false,"duration":8.6,"promo_winner":false,"promo_winner_recoubers":null,"editorial_info":{},"promo_hint":null,"beeline_best_2014":null,"from_web_editor":true,"normalize_sound":false,"normalize_change_allowed":true,"best2015_addable":false,"ahmad_promo":null,"promo_data":null,"audio_copyright_claim":null,"ads_disabled":false,"is_safe_for_ads":true,"megafon_contents":[],"position_on_page":7},{"flag":null,"abuses":null,"recoubs_by_users_channels":null,"favourite":false,"promoted_id":null,"recoub":null,"like":null,"dislike":null,"reaction":null,"in_my_best2015":false,"id":71937394,"type":"Coub::Simple","permalink":"16el6k","title":"😃","visibility_type":"public","original_visibility_type":"public","channel_id":4231390,"created_at":"2018-04-14T11:44:41Z","updated_at":"2022-03-17T18:51:43Z","is_done":true,"views_count":1135919,"cotd":null,"cotd_at":null,"visible_on_explore_root":false,"visible_on_explore":false,"featured":false,"published":true,"published_at":"2018-04-14T11:44:41Z","reversed":false,"from_editor_v2":true,"is_editable":true,"original_sound":true,"has_sound":true,"recoub_to":null,"file_versions":{"html5":{"video":{"higher":{"url":"https://coub-anubis-a.akamaized.net/coub_storage/coub/simple/cw_file/cdf2dd82136/7716c31faeb4e14df56b1/muted_mp4_huge_size_1568220358_muted_huge.mp4","size":589190},"high":{"url":"https://coub-anubis-a.akamaized.net/coub_storage/coub/simple/cw_file/cdf2dd82136/7716c31faeb4e14df56b1/muted_mp4_big_size_1568220358_muted_big.mp4","size":396509},"med":{"url":"https://coub-anubis-a.akamaized.net/coub_storage/coub/simple/cw_file/cdf2dd82136/7716c31faeb4e14df56b1/muted_mp4_med_size_1568220358_muted_med.mp4","size":110386}},"audio":{"high":{"url":"https://coub-anubis-a.akamaized.net/coub_storage/coub/simple/cw_looped_audio_high/da746d5f9f1/7ce97338e9d26499e3f42/1605646469_high_1523706284_high.mp3","size":984274},"med":{"url":"https://coub-anubis-a.akamaized.net/coub_storage/coub/simple/cw_looped_audio_med/769eb3905fe/2c2c2fb2e327dab1cd4c1/1605646469_med_1523706284_med.mp3","size":929555},"sample_duration":4.574}},"mobile":{"video":"https://coub-anubis-a.akamaized.net/coub_storage/coub/simple/cw_file/cdf2dd82136/7716c31faeb4e14df56b1/muted_mp4_med_size_1568220358_muted_med.mp4","audio":["https://coub-anubis-a.akamaized.net/coub_storage/coub/simple/cw_looped_audio_med/769eb3905fe/2c2c2fb2e327dab1cd4c1/1605646469_med_1523706284_med.mp3"]},"share":{"default":"https://coub-anubis-a.akamaized.net/coub_storage/coub/simple/cw_video_for_sharing/5f841f7a888/e4476f4c32cad4e65942d/1608361232_looped_1608361232.mp4"}},"audio_versions":{},"image_versions":{"template":"https://coub-anubis-a.akamaized.net/coub_storage/coub/simple/cw_image/5a02e090333/f26e3f897b40162112fd5/1523706289_00015.jpg","versions":["micro","tiny","age_restricted","ios_large","ios_mosaic","big","med","small","pinterest"]},"first_frame_versions":{"template":"https://coub-anubis-a.akamaized.net/coub_storage/coub/simple/cw_timeline_pic/8fe8a64ec54/62f83409c66b26362742c/1523706289_image.jpg","versions":["big","med","small","ios_large"]},"dimensions":{"big":[960,960],"med":[480,480]},"site_w_h":[400,400],"page_w_h":[400,400],"site_w_h_small":[310,310],"size":[960,960],"age_restricted":false,"age_restricted_by_admin":false,"not_safe_for_work":false,"allow_reuse":false,"dont_crop":false,"banned":false,"global_safe":true,"audio_file_url":null,"external_download":{"type":"Vk","service_name":"Vk","url":"http://vk.com/video-56263398_456261715","has_embed":false},"application":null,"channel":{"id":4231390,"permalink":"wolfram11","title":"WolfRAM","description":"Welcome!","followers_count":81,"following_count":70,"avatar_versions":{"template":"https://coub-anubis-a.akamaized.net/coub_storage/channel/cw_avatar/72f23bcab02/f014be9b4e9cf0e85925c/%{version}_1607838228_on0rid_1523129951_WolfRAM.jpg","versions":["medium","medium_2x","profile_pic","profile_pic_new","profile_pic_new_2x","tiny","tiny_2x","small","small_2x","ios_large","ios_small"]}},"file":null,"picture":"https://coub-anubis-a.akamaized.net/coub_storage/coub/simple/cw_image/5a02e090333/f26e3f897b40162112fd5/1523706289_00015.jpg","timeline_picture":"https://coub-anubis-a.akamaized.net/coub_storage/coub/simple/cw_timeline_pic/8fe8a64ec54/62f83409c66b26362742c/1523706289_image.jpg","small_picture":"https://coub-anubis-a.akamaized.net/coub_storage/coub/simple/cw_image/5a02e090333/f26e3f897b40162112fd5/1523706289_00015.jpg","sharing_picture":null,"percent_done":100,"tags":[{"id":419,"title":"dog","value":"dog"},{"id":443,"title":"fail","value":"fail"},{"id":134,"title":"cat","value":"cat"}],"categories":[{"id":32,"title":"Animals & Pets","permalink":"animals-pets","subscriptions_count":10082576,"big_image_url":"https://coub-anubis-a.akamaized.net/coub_storage/category/cw_image/60432c0f1f4/5d35698dc76c52d5f9e63/big_1544749976_animals2.png","small_image_url":"https://coub-anubis-a.akamaized.net/coub_storage/category/cw_image/60432c0f1f4/5d35698dc76c52d5f9e63/small_1544749976_animals2.png","med_image_url":"https://coub-anubis-a.akamaized.net/coub_storage/category/cw_image/60432c0f1f4/5d35698dc76c52d5f9e63/med_1544749976_animals2.png","visible":true}],"communities":[{"id":32,"title":"Animals & Pets","permalink":"animals-pets","subscriptions_count":10082576,"big_image_url":"https://coub-anubis-a.akamaized.net/coub_storage/category/cw_image/60432c0f1f4/5d35698dc76c52d5f9e63/big_1544749976_animals2.png","small_image_url":"https://coub-anubis-a.akamaized.net/coub_storage/category/cw_image/60432c0f1f4/5d35698dc76c52d5f9e63/small_1544749976_animals2.png","med_image_url":"https://coub-anubis-a.akamaized.net/coub_storage/category/cw_image/60432c0f1f4/5d35698dc76c52d5f9e63/med_1544749976_animals2.png","i_subscribed":true,"community_notifications_enabled":null,"description":null}],"recoubs_count":1573,"remixes_count":3,"likes_count":7793,"dislikes_count":0,"raw_video_id":11518588,"uploaded_by_ios_app":false,"uploaded_by_android_app":true,"media_blocks":{"uploaded_raw_videos":[],"external_raw_videos":[{"id":25883815,"title":"videosos","url":"https://vk.com/video-56263398_456261715","image":"https://coub-anubis-a.akamaized.net/coub_storage/media_block/cw_image/880ed4cb3fe/1317ad7cc9fb3016f18c3/1523706206_1523706156_1h6ytsm_att-url-download.jpg","image_retina":"https://coub-anubis-a.akamaized.net/coub_storage/media_block/cw_image/880ed4cb3fe/1317ad7cc9fb3016f18c3/1523706206_1523706156_1h6ytsm_att-url-download.jpg","meta":{"service":"Vk","duration":"4.6"},"duration":4.6,"raw_video_id":11518588,"has_embed":false}],"remixed_from_coubs":[],"external_video":{"id":25883815,"title":"videosos","url":"https://vk.com/video-56263398_456261715","image":"https://coub-anubis-a.akamaized.net/coub_storage/media_block/cw_image/880ed4cb3fe/1317ad7cc9fb3016f18c3/1523706206_1523706156_1h6ytsm_att-url-download.jpg","image_retina":"https://coub-anubis-a.akamaized.net/coub_storage/media_block/cw_image/880ed4cb3fe/1317ad7cc9fb3016f18c3/1523706206_1523706156_1h6ytsm_att-url-download.jpg","meta":{"service":"Vk","duration":"4.6"},"duration":4.6,"raw_video_id":11518588,"has_embed":false}},"raw_video_thumbnail_url":"/missing/missing.png","raw_video_title":"videosos","video_block_banned":false,"duration":4.6,"promo_winner":false,"promo_winner_recoubers":null,"editorial_info":{},"promo_hint":null,"beeline_best_2014":null,"from_web_editor":false,"normalize_sound":true,"normalize_change_allowed":true,"best2015_addable":false,"ahmad_promo":null,"promo_data":null,"audio_copyright_claim":null,"ads_disabled":false,"is_safe_for_ads":true,"megafon_contents":[],"position_on_page":8},{"flag":null,"abuses":null,"recoubs_by_users_channels":null,"favourite":false,"promoted_id":null,"recoub":null,"like":null,"dislike":null,"reaction":null,"in_my_best2015":false,"id":87350631,"type":"Coub::Simple","permalink":"1fllcx","title":"fighing cats","visibility_type":"public","original_visibility_type":"public","channel_id":4568832,"created_at":"2018-10-06T12:24:53Z","updated_at":"2022-03-18T00:09:21Z","is_done":true,"views_count":415303,"cotd":null,"cotd_at":null,"visible_on_explore_root":false,"visible_on_explore":false,"featured":false,"published":true,"published_at":"2018-10-06T12:24:53Z","reversed":false,"from_editor_v2":true,"is_editable":true,"original_sound":true,"has_sound":true,"recoub_to":null,"file_versions":{"html5":{"video":{"higher":{"url":"https://coub-anubis-a.akamaized.net/coub_storage/coub/simple/cw_file/55744ab66de/ef73044f2dfa94c220bea/muted_mp4_huge_size_1569691549_muted_huge.mp4","size":3151618},"high":{"url":"https://coub-anubis-a.akamaized.net/coub_storage/coub/simple/cw_file/55744ab66de/ef73044f2dfa94c220bea/muted_mp4_big_size_1569691549_muted_big.mp4","size":2168424},"med":{"url":"https://coub-anubis-a.akamaized.net/coub_storage/coub/simple/cw_file/55744ab66de/ef73044f2dfa94c220bea/muted_mp4_med_size_1569691549_muted_med.mp4","size":700090}},"audio":{"high":{"url":"https://coub-anubis-a.akamaized.net/coub_storage/coub/simple/cw_looped_audio_high/149ff4ca2d2/25d0c1511789ade87b9da/1605604410_high_1538828731_high.mp3","size":863867},"med":{"url":"https://coub-anubis-a.akamaized.net/coub_storage/coub/simple/cw_looped_audio_med/5c8bc77d2c9/cdffd0dda726ef0bc39f6/1605604410_med_1538828731_med.mp3","size":861010},"sample_duration":9.266}},"mobile":{"video":"https://coub-anubis-a.akamaized.net/coub_storage/coub/simple/cw_file/55744ab66de/ef73044f2dfa94c220bea/muted_mp4_med_size_1569691549_muted_med.mp4","audio":["https://coub-anubis-a.akamaized.net/coub_storage/coub/simple/cw_looped_audio_med/5c8bc77d2c9/cdffd0dda726ef0bc39f6/1605604410_med_1538828731_med.mp3"]},"share":{"default":"https://coub-anubis-a.akamaized.net/coub_storage/coub/simple/cw_video_for_sharing/6924406b3da/0474c01f1df31076fb034/1608482474_looped_1608482472.mp4"}},"audio_versions":{},"image_versions":{"template":"https://coub-anubis-a.akamaized.net/coub_storage/coub/simple/cw_image/1a128b92b14/622a76bb2ee25d063fea1/1538828737_00029.jpg","versions":["micro","tiny","age_restricted","ios_large","ios_mosaic","big","med","small","pinterest"]},"first_frame_versions":{"template":"https://coub-anubis-a.akamaized.net/coub_storage/coub/simple/cw_timeline_pic/39a324d5874/5f8712937bde54c7beb69/%{version}_1538828737_image.jpg","versions":["big","med","small","ios_large"]},"dimensions":{"big":[1280,718],"med":[640,358]},"site_w_h":[640,359],"page_w_h":[640,359],"site_w_h_small":[310,174],"size":[1280,718],"age_restricted":false,"age_restricted_by_admin":false,"not_safe_for_work":false,"allow_reuse":false,"dont_crop":false,"banned":false,"global_safe":true,"audio_file_url":null,"external_download":{"type":"Youtube","service_name":"YouTube","url":"https://www.youtube.com/watch?v=7OCbOV1yGJg","has_embed":true},"application":null,"channel":{"id":4568832,"permalink":"bean2600","title":"bean","description":null,"followers_count":90,"following_count":20,"avatar_versions":{"template":"https://coub-anubis-a.akamaized.net/coub_storage/channel/cw_avatar/444397df774/4ae6cb899f40ed9d9ad23/%{version}_1607873316_yy277u_1530334445_mrbean.jpg","versions":["medium","medium_2x","profile_pic","profile_pic_new","profile_pic_new_2x","tiny","tiny_2x","small","small_2x","ios_large","ios_small"]}},"file":null,"picture":"https://coub-anubis-a.akamaized.net/coub_storage/coub/simple/cw_image/1a128b92b14/622a76bb2ee25d063fea1/1538828737_00029.jpg","timeline_picture":"https://coub-anubis-a.akamaized.net/coub_storage/coub/simple/cw_timeline_pic/39a324d5874/5f8712937bde54c7beb69/ios_large_1538828737_image.jpg","small_picture":"https://coub-anubis-a.akamaized.net/coub_storage/coub/simple/cw_image/1a128b92b14/622a76bb2ee25d063fea1/1538828737_00029.jpg","sharing_picture":null,"percent_done":100,"tags":[{"id":39,"title":"cats","value":"cats"}],"categories":[{"id":32,"title":"Animals & Pets","permalink":"animals-pets","subscriptions_count":10082576,"big_image_url":"https://coub-anubis-a.akamaized.net/coub_storage/category/cw_image/60432c0f1f4/5d35698dc76c52d5f9e63/big_1544749976_animals2.png","small_image_url":"https://coub-anubis-a.akamaized.net/coub_storage/category/cw_image/60432c0f1f4/5d35698dc76c52d5f9e63/small_1544749976_animals2.png","med_image_url":"https://coub-anubis-a.akamaized.net/coub_storage/category/cw_image/60432c0f1f4/5d35698dc76c52d5f9e63/med_1544749976_animals2.png","visible":true}],"communities":[{"id":32,"title":"Animals & Pets","permalink":"animals-pets","subscriptions_count":10082576,"big_image_url":"https://coub-anubis-a.akamaized.net/coub_storage/category/cw_image/60432c0f1f4/5d35698dc76c52d5f9e63/big_1544749976_animals2.png","small_image_url":"https://coub-anubis-a.akamaized.net/coub_storage/category/cw_image/60432c0f1f4/5d35698dc76c52d5f9e63/small_1544749976_animals2.png","med_image_url":"https://coub-anubis-a.akamaized.net/coub_storage/category/cw_image/60432c0f1f4/5d35698dc76c52d5f9e63/med_1544749976_animals2.png","i_subscribed":true,"community_notifications_enabled":null,"description":null}],"recoubs_count":1489,"remixes_count":7,"likes_count":7780,"dislikes_count":0,"raw_video_id":12266893,"uploaded_by_ios_app":false,"uploaded_by_android_app":false,"media_blocks":{"uploaded_raw_videos":[],"external_raw_videos":[{"id":27905162,"title":"#167. 本来挺美丽的一位美女，下一秒画风突变！早晚要笑死！FUNNY & LIKE A BOSS COMPILATION.《update daily》","url":"https://www.youtube.com/watch?v=7OCbOV1yGJg","image":"https://coub-anubis-a.akamaized.net/coub_storage/media_block/cw_image/b9517284142/4d9d36a418379b2625880/1535303786_1535303703_1w3rzi9_att-url-download.jpg","image_retina":"https://coub-anubis-a.akamaized.net/coub_storage/media_block/cw_image/b9517284142/4d9d36a418379b2625880/1535303786_1535303703_1w3rzi9_att-url-download.jpg","meta":{"service":"Youtube","duration":"635.72"},"duration":635.72,"raw_video_id":12266893,"has_embed":true}],"remixed_from_coubs":[],"external_video":{"id":27905162,"title":"#167. 本来挺美丽的一位美女，下一秒画风突变！早晚要笑死！FUNNY & LIKE A BOSS COMPILATION.《update daily》","url":"https://www.youtube.com/watch?v=7OCbOV1yGJg","image":"https://coub-anubis-a.akamaized.net/coub_storage/media_block/cw_image/b9517284142/4d9d36a418379b2625880/1535303786_1535303703_1w3rzi9_att-url-download.jpg","image_retina":"https://coub-anubis-a.akamaized.net/coub_storage/media_block/cw_image/b9517284142/4d9d36a418379b2625880/1535303786_1535303703_1w3rzi9_att-url-download.jpg","meta":{"service":"Youtube","duration":"635.72"},"duration":635.72,"raw_video_id":12266893,"has_embed":true}},"raw_video_thumbnail_url":"/missing/missing.png","raw_video_title":"#167. 本来挺美丽的一位美女，下一秒画风突变！早晚要笑死！FUNNY & LIKE A BOSS COMPILATION.《update daily》","video_block_banned":false,"duration":9.24,"promo_winner":false,"promo_winner_recoubers":null,"editorial_info":{},"promo_hint":null,"beeline_best_2014":null,"from_web_editor":true,"normalize_sound":true,"normalize_change_allowed":true,"best2015_addable":false,"ahmad_promo":null,"promo_data":null,"audio_copyright_claim":null,"ads_disabled":false,"is_safe_for_ads":true,"megafon_contents":[],"position_on_page":9},{"flag":null,"abuses":null,"recoubs_by_users_channels":null,"favourite":false,"promoted_id":null,"recoub":null,"like":null,"dislike":null,"reaction":null,"in_my_best2015":false,"id":106010833,"type":"Coub::Simple","permalink":"1qpjrw","title":"Sweet Harmony","visibility_type":"public","original_visibility_type":"public","channel_id":13911,"created_at":"2019-03-20T06:55:16Z","updated_at":"2022-03-16T18:35:08Z","is_done":true,"views_count":448080,"cotd":null,"cotd_at":null,"visible_on_explore_root":false,"visible_on_explore":false,"featured":false,"published":true,"published_at":"2019-03-20T06:55:16Z","reversed":false,"from_editor_v2":true,"is_editable":true,"original_sound":false,"has_sound":false,"recoub_to":null,"file_versions":{"html5":{"video":{"higher":{"url":"https://coub-anubis-a.akamaized.net/coub_storage/coub/simple/cw_file/385b4a94efd/1f8ce991f3e01cff16ace/muted_mp4_huge_size_1568911397_muted_huge.mp4","size":2023098},"high":{"url":"https://coub-anubis-a.akamaized.net/coub_storage/coub/simple/cw_file/385b4a94efd/1f8ce991f3e01cff16ace/muted_mp4_big_size_1568911397_muted_big.mp4","size":1371187},"med":{"url":"https://coub-anubis-a.akamaized.net/coub_storage/coub/simple/cw_file/385b4a94efd/1f8ce991f3e01cff16ace/muted_mp4_med_size_1568911397_muted_med.mp4","size":411708}},"audio":{"high":{"url":"https://coub-anubis-a.akamaized.net/coub_storage/coub/simple/cw_looped_audio_high/7d0dadc533c/b584b9f7705de60ca4eee/1605678782_high_1553064969_high.mp3","size":5280694},"med":{"url":"https://coub-anubis-a.akamaized.net/coub_storage/coub/simple/cw_looped_audio_med/3da6964e326/a7b0b7ed2fa6be3b91d5c/1605678781_med_1553064969_med.mp3","size":3744102}}},"mobile":{"video":"https://coub-anubis-a.akamaized.net/coub_storage/coub/simple/cw_file/385b4a94efd/1f8ce991f3e01cff16ace/muted_mp4_med_size_1568911397_muted_med.mp4","audio":["https://coub-anubis-a.akamaized.net/coub_storage/coub/simple/cw_looped_audio_med/3da6964e326/a7b0b7ed2fa6be3b91d5c/1605678781_med_1553064969_med.mp3"]},"share":{"default":"https://coub-anubis-a.akamaized.net/coub_storage/coub/simple/cw_video_for_sharing/951fb19a6ae/53d80241dd54f83456f3a/1608238423_looped_1608238423.mp4"}},"audio_versions":{"template":"https://coub-anubis-a.akamaized.net/coub_storage/audio_track/cw_normalized_copy/77d992db0fe/5ad520b51d2a332973e40/mid_1553064952_normalized_1553064926_1kqnczf_edited.mp3","versions":["mid","low"]},"image_versions":{"template":"https://coub-anubis-a.akamaized.net/coub_storage/coub/simple/cw_image/77072664a49/b4060d9037948ec6e9a38/1553064984_00030.jpg","versions":["micro","tiny","age_restricted","ios_large","ios_mosaic","big","med","small","pinterest"]},"first_frame_versions":{"template":"https://coub-anubis-a.akamaized.net/coub_storage/coub/simple/cw_timeline_pic/9dd89a7dfb2/0f05a208cd6e9ef9c7022/%{version}_1553064984_image.jpg","versions":["big","med","small","ios_large"]},"dimensions":{"big":[768,960],"med":[384,480]},"site_w_h":[320,400],"page_w_h":[400,500],"site_w_h_small":[310,388],"size":[768,960],"age_restricted":false,"age_restricted_by_admin":false,"not_safe_for_work":false,"allow_reuse":false,"dont_crop":false,"banned":false,"global_safe":true,"audio_file_url":"https://coub-anubis-a.akamaized.net/coub_storage/audio_track/cw_normalized_copy/77d992db0fe/5ad520b51d2a332973e40/low_1553064952_normalized_1553064926_1kqnczf_edited.mp3","external_download":{"type":"Twitter","service_name":"Twitter","url":"https://twitter.com/pani_walewska/status/1108093423968497665","has_embed":false},"application":null,"channel":{"id":13911,"permalink":"andreysemyonoff","title":"Andrey Semyonov","description":"I'm a UX Designer with a startup mindset. I use a Lean UX approach to design products that solve customer problems and unlock business grow.","followers_count":119,"following_count":46,"avatar_versions":{"template":"https://coub-anubis-a.akamaized.net/coub_storage/channel/cw_avatar/bea7e3676cc/c1390683cebab6c25f725/%{version}_1606898752_1mwv9oo_1474480533_andrey_semyonov.jpg","versions":["medium","medium_2x","profile_pic","profile_pic_new","profile_pic_new_2x","tiny","tiny_2x","small","small_2x","ios_large","ios_small"]}},"file":null,"picture":"https://coub-anubis-a.akamaized.net/coub_storage/coub/simple/cw_image/77072664a49/b4060d9037948ec6e9a38/1553064984_00030.jpg","timeline_picture":"https://coub-anubis-a.akamaized.net/coub_storage/coub/simple/cw_timeline_pic/9dd89a7dfb2/0f05a208cd6e9ef9c7022/ios_large_1553064984_image.jpg","small_picture":"https://coub-anubis-a.akamaized.net/coub_storage/coub/simple/cw_image/77072664a49/b4060d9037948ec6e9a38/1553064984_00030.jpg","sharing_picture":null,"percent_done":100,"tags":[{"id":419,"title":"dog","value":"dog"},{"id":397362,"title":"sweet harmony","value":"sweet%20harmony"},{"id":174,"title":"funny","value":"funny"},{"id":2070,"title":"animals","value":"animals"},{"id":3082,"title":"video","value":"video"},{"id":1661,"title":"dogs","value":"dogs"}],"categories":[{"id":32,"title":"Animals & Pets","permalink":"animals-pets","subscriptions_count":10082576,"big_image_url":"https://coub-anubis-a.akamaized.net/coub_storage/category/cw_image/60432c0f1f4/5d35698dc76c52d5f9e63/big_1544749976_animals2.png","small_image_url":"https://coub-anubis-a.akamaized.net/coub_storage/category/cw_image/60432c0f1f4/5d35698dc76c52d5f9e63/small_1544749976_animals2.png","med_image_url":"https://coub-anubis-a.akamaized.net/coub_storage/category/cw_image/60432c0f1f4/5d35698dc76c52d5f9e63/med_1544749976_animals2.png","visible":true}],"communities":[{"id":32,"title":"Animals & Pets","permalink":"animals-pets","subscriptions_count":10082576,"big_image_url":"https://coub-anubis-a.akamaized.net/coub_storage/category/cw_image/60432c0f1f4/5d35698dc76c52d5f9e63/big_1544749976_animals2.png","small_image_url":"https://coub-anubis-a.akamaized.net/coub_storage/category/cw_image/60432c0f1f4/5d35698dc76c52d5f9e63/small_1544749976_animals2.png","med_image_url":"https://coub-anubis-a.akamaized.net/coub_storage/category/cw_image/60432c0f1f4/5d35698dc76c52d5f9e63/med_1544749976_animals2.png","i_subscribed":true,"community_notifications_enabled":null,"description":null}],"recoubs_count":1417,"remixes_count":1,"likes_count":7756,"dislikes_count":0,"raw_video_id":13406238,"uploaded_by_ios_app":false,"uploaded_by_android_app":false,"media_blocks":{"uploaded_raw_videos":[],"external_raw_videos":[{"id":30997267,"title":"“https://t.co/T9NbnQepg9”","url":"https://twitter.com/pani_walewska/status/1108093423968497665","image":"https://coub-anubis-a.akamaized.net/coub_storage/media_block/cw_image/6737cf729fb/f9ceb7e650c0305daaccc/1553064508_1o9onmn_1553064503_1vcfuzq_att-url-download.jpg","image_retina":"https://coub-anubis-a.akamaized.net/coub_storage/media_block/cw_image/6737cf729fb/f9ceb7e650c0305daaccc/1553064508_1o9onmn_1553064503_1vcfuzq_att-url-download.jpg","meta":{"service":"Twitter","duration":"9.32"},"duration":9.32,"raw_video_id":13406238,"has_embed":false}],"remixed_from_coubs":[],"external_video":{"id":30997267,"title":"“https://t.co/T9NbnQepg9”","url":"https://twitter.com/pani_walewska/status/1108093423968497665","image":"https://coub-anubis-a.akamaized.net/coub_storage/media_block/cw_image/6737cf729fb/f9ceb7e650c0305daaccc/1553064508_1o9onmn_1553064503_1vcfuzq_att-url-download.jpg","image_retina":"https://coub-anubis-a.akamaized.net/coub_storage/media_block/cw_image/6737cf729fb/f9ceb7e650c0305daaccc/1553064508_1o9onmn_1553064503_1vcfuzq_att-url-download.jpg","meta":{"service":"Twitter","duration":"9.32"},"duration":9.32,"raw_video_id":13406238,"has_embed":false}},"raw_video_thumbnail_url":"/missing/missing.png","raw_video_title":"“https://t.co/T9NbnQepg9”","video_block_banned":false,"duration":9.32,"promo_winner":false,"promo_winner_recoubers":null,"editorial_info":{},"promo_hint":null,"beeline_best_2014":null,"from_web_editor":true,"normalize_sound":true,"normalize_change_allowed":true,"best2015_addable":false,"ahmad_promo":null,"promo_data":null,"audio_copyright_claim":null,"ads_disabled":false,"is_safe_for_ads":true,"megafon_contents":[],"position_on_page":10}]}