{"page":475,"per_page":10,"total_pages":500,"coubs":[{"flag":null,"abuses":null,"recoubs_by_users_channels":null,"favourite":false,"promoted_id":null,"recoub":null,"like":null,"dislike":null,"reaction":null,"in_my_best2015":false,"id":95826877,"type":"Coub::Simple","permalink":"1kn9q4","title":"Cat stopped working","visibility_type":"public","original_visibility_type":"public","channel_id":503152,"created_at":"2018-12-26T22:24:23Z","updated_at":"2022-03-09T01:54:44Z","is_done":true,"views_count":79901,"cotd":null,"cotd_at":null,"visible_on_explore_root":false,"visible_on_explore":false,"featured":false,"published":true,"published_at":"2018-12-26T22:24:23Z","reversed":false,"from_editor_v2":true,"is_editable":true,"original_sound":false,"has_sound":false,"recoub_to":null,"file_versions":{"html5":{"video":{"higher":{"url":"https://coub-anubis-a.akamaized.net/coub_storage/coub/simple/cw_file/e3dcb2a123d/1339db6bada1d76fb335d/muted_mp4_huge_size_1572464971_muted_huge.mp4","size":1749581},"high":{"url":"https://coub-anubis-a.akamaized.net/coub_storage/coub/simple/cw_file/e3dcb2a123d/1339db6bada1d76fb335d/muted_mp4_big_size_1572464971_muted_big.mp4","size":1137316},"med":{"url":"https://coub-anubis-a.akamaized.net/coub_storage/coub/simple/cw_file/e3dcb2a123d/1339db6bada1d76fb335d/muted_mp4_med_size_1572464971_muted_med.mp4","size":319648}}},"mobile":{"video":"https://coub-anubis-a.akamaized.net/coub_storage/coub/simple/cw_file/e3dcb2a123d/1339db6bada1d76fb335d/muted_mp4_med_size_1572464971_muted_med.mp4"},"share":{"default":"https://coub-anubis-a.akamaized.net/coub_storage/coub/simple/cw_video_for_sharing/6a9d6db553d/77d2459b3dfc92d420438/1608876006_looped_1608876005.mp4"}},"audio_versions":{},"image_versions":{"template":"https://coub-anubis-a.akamaized.net/coub_storage/coub/simple/cw_image/28e83432900/ac2f1b2c98a7b7cf77d5e/1545863067_00020.jpg","versions":["micro","tiny","age_restricted","ios_large","ios_mosaic","big","med","small","pinterest"]},"first_frame_versions":{"template":"https://coub-anubis-a.akamaized.net/coub_storage/coub/simple/cw_timeline_pic/093a138df23/38f841b5be39c2bbbc350/1545863067_image.jpg","versions":["big","med","small","ios_large"]},"dimensions":{"big":[842,960],"med":[420,480]},"site_w_h":[351,400],"page_w_h":[400,456],"site_w_h_small":[310,353],"size":[842,960],"age_restricted":false,"age_restricted_by_admin":false,"not_safe_for_work":false,"allow_reuse":false,"dont_crop":false,"banned":false,"global_safe":true,"audio_file_url":null,"external_download":false,"application":null,"channel":{"id":503152,"permalink":"grofjardanhazy","title":"Vincze Miklós","description":"30 / Budapest / journalist / photographer / GIFartist","followers_count":211,"following_count":283,"avatar_versions":{"template":"https://coub-anubis-a.akamaized.net/coub_storage/channel/cw_avatar/56b5f4e9465/1cd35e87eb722afeb8a94/%{version}_1474511385_1rehnmn_att-url-download.jpg","versions":["medium","medium_2x","profile_pic","profile_pic_new","profile_pic_new_2x","tiny","tiny_2x","small","small_2x","ios_large","ios_small"]}},"file":null,"picture":"https://coub-anubis-a.akamaized.net/coub_storage/coub/simple/cw_image/28e83432900/ac2f1b2c98a7b7cf77d5e/1545863067_00020.jpg","timeline_picture":"https://coub-anubis-a.akamaized.net/coub_storage/coub/simple/cw_timeline_pic/093a138df23/38f841b5be39c2bbbc350/1545863067_image.jpg","small_picture":"https://coub-anubis-a.akamaized.net/coub_storage/coub/simple/cw_image/28e83432900/ac2f1b2c98a7b7cf77d5e/1545863067_00020.jpg","sharing_picture":null,"percent_done":100,"tags":[],"categories":[{"id":32,"title":"Animals & Pets","permalink":"animals-pets","subscriptions_count":10082576,"big_image_url":"https://coub-anubis-a.akamaized.net/coub_storage/category/cw_image/60432c0f1f4/5d35698dc76c52d5f9e63/big_1544749976_animals2.png","small_image_url":"https://coub-anubis-a.akamaized.net/coub_storage/category/cw_image/60432c0f1f4/5d35698dc76c52d5f9e63/small_1544749976_animals2.png","med_image_url":"https://coub-anubis-a.akamaized.net/coub_storage/category/cw_image/60432c0f1f4/5d35698dc76c52d5f9e63/med_1544749976_animals2.png","visible":true}],"communities":[{"id":32,"title":"Animals & Pets","permalink":"animals-pets","subscriptions_count":10082576,"big_image_url":"https://coub-anubis-a.akamaized.net/coub_storage/category/cw_image/60432c0f1f4/5d35698dc76c52d5f9e63/big_1544749976_animals2.png","small_image_url":"https://coub-anubis-a.akamaized.net/coub_storage/category/cw_image/60432c0f1f4/5d35698dc76c52d5f9e63/small_1544749976_animals2.png","med_image_url":"https://coub-anubis-a.akamaized.net/coub_storage/category/cw_image/60432c0f1f4/5d35698dc76c52d5f9e63/med_1544749976_animals2.png","i_subscribed":true,"community_notifications_enabled":null,"description":null}],"recoubs_count":256,"remixes_count":3,"likes_count":1780,"dislikes_count":0,"raw_video_id":12932349,"uploaded_by_ios_app":false,"uploaded_by_android_app":false,"media_blocks":{"uploaded_raw_videos":[],"external_raw_videos":[],"remixed_from_coubs":[]},"raw_video_thumbnail_url":"/missing/missing.png","raw_video_title":"ezgif.com-crop.mp4","video_block_banned":false,"duration":6.28,"promo_winner":false,"promo_winner_recoubers":null,"editorial_info":{},"promo_hint":null,"beeline_best_2014":null,"from_web_editor":true,"normalize_sound":true,"normalize_change_allowed":true,"best2015_addable":false,"ahmad_promo":null,"promo_data":null,"audio_copyright_claim":null,"ads_disabled":false,"is_safe_for_ads":true,"megafon_contents":[],"position_on_page":1},{"flag":null,"abuses":null,"recoubs_by_users_channels":null,"favourite":false,"promoted_id":null,"recoub":null,"like":null,"dislike":null,"reaction":null,"in_my_best2015":false,"id":115727599,"type":"Coub::Simple","permalink":"1whtc7","title":"Mother","visibility_type":"public","original_visibility_type":"public","channel_id":6060534,"created_at":"2019-06-21T07:22:24Z","updated_at":"2022-03-17T19:51:14Z","is_done":true,"views_count":99408,"cotd":null,"cotd_at":null,"visible_on_explore_root":false,"visible_on_explore":false,"featured":false,"published":true,"published_at":"2019-06-21T07:22:24Z","reversed":false,"from_editor_v2":true,"is_editable":true,"original_sound":true,"has_sound":true,"recoub_to":null,"file_versions":{"html5":{"video":{"higher":{"url":"https://coub-anubis-a.akamaized.net/coub_storage/coub/simple/cw_file/738edac1360/c927bb1da1a64692e47fe/muted_mp4_huge_size_1571001914_muted_huge.mp4","size":2021500},"high":{"url":"https://coub-anubis-a.akamaized.net/coub_storage/coub/simple/cw_file/738edac1360/c927bb1da1a64692e47fe/muted_mp4_big_size_1571001914_muted_big.mp4","size":1373644},"med":{"url":"https://coub-anubis-a.akamaized.net/coub_storage/coub/simple/cw_file/738edac1360/c927bb1da1a64692e47fe/muted_mp4_med_size_1571001914_muted_med.mp4","size":465895}},"audio":{"high":{"url":"https://coub-anubis-a.akamaized.net/coub_storage/coub/simple/cw_looped_audio_high/648133e9a86/37af42c1cb2ee92aa0f80/1605658023_high_1561101748_high.mp3","size":739849},"med":{"url":"https://coub-anubis-a.akamaized.net/coub_storage/coub/simple/cw_looped_audio_med/363b1e304ca/deb9bbe15919306ccca02/1605658022_med_1561101748_med.mp3","size":737820},"sample_duration":10.009}},"mobile":{"video":"https://coub-anubis-a.akamaized.net/coub_storage/coub/simple/cw_file/738edac1360/c927bb1da1a64692e47fe/muted_mp4_med_size_1571001914_muted_med.mp4","audio":["https://coub-anubis-a.akamaized.net/coub_storage/coub/simple/cw_looped_audio_med/363b1e304ca/deb9bbe15919306ccca02/1605658022_med_1561101748_med.mp3"]},"share":{"default":"https://coub-anubis-a.akamaized.net/coub_storage/coub/simple/cw_video_for_sharing/6dd902036e2/53ac1c2bf1980f1f33af4/1609797406_looped_1609797405.mp4"}},"audio_versions":{},"image_versions":{"template":"https://coub-anubis-a.akamaized.net/coub_storage/coub/simple/cw_image/95c3491263f/14212e10dc145658292c8/1561101752_00032.jpg","versions":["micro","tiny","age_restricted","ios_large","ios_mosaic","big","med","small","pinterest"]},"first_frame_versions":{"template":"https://coub-anubis-a.akamaized.net/coub_storage/coub/simple/cw_timeline_pic/bc17074e07a/96955e5e5d6b8bd380a25/%{version}_1561101752_image.jpg","versions":["big","med","small","ios_large"]},"dimensions":{"big":[540,960],"med":[270,480]},"site_w_h":[225,400],"page_w_h":[400,711],"site_w_h_small":[310,551],"size":[540,960],"age_restricted":false,"age_restricted_by_admin":false,"not_safe_for_work":false,"allow_reuse":false,"dont_crop":false,"banned":false,"global_safe":true,"audio_file_url":null,"external_download":{"type":"Youtube","service_name":"YouTube","url":"https://www.youtube.com/watch?v=lFh_ORAwxBs","has_embed":true},"application":null,"channel":{"id":6060534,"permalink":"desireejwinters2504","title":"desireejwinters2504","description":null,"followers_count":66,"following_count":14,"avatar_versions":{"template":"https://coub-anubis-a.akamaized.net/coub_storage/channel/cw_avatar/5c22880770a/a88ce11d1a779ef168b8f/%{version}_1607420811_vwrcub_1561099329_imgt2.5.jpg","versions":["medium","medium_2x","profile_pic","profile_pic_new","profile_pic_new_2x","tiny","tiny_2x","small","small_2x","ios_large","ios_small"]}},"file":null,"picture":"https://coub-anubis-a.akamaized.net/coub_storage/coub/simple/cw_image/95c3491263f/14212e10dc145658292c8/1561101752_00032.jpg","timeline_picture":"https://coub-anubis-a.akamaized.net/coub_storage/coub/simple/cw_timeline_pic/bc17074e07a/96955e5e5d6b8bd380a25/ios_large_1561101752_image.jpg","small_picture":"https://coub-anubis-a.akamaized.net/coub_storage/coub/simple/cw_image/95c3491263f/14212e10dc145658292c8/1561101752_00032.jpg","sharing_picture":null,"percent_done":100,"tags":[{"id":5029802,"title":"mothercat","value":"mothercat"}],"categories":[{"id":32,"title":"Animals & Pets","permalink":"animals-pets","subscriptions_count":10082576,"big_image_url":"https://coub-anubis-a.akamaized.net/coub_storage/category/cw_image/60432c0f1f4/5d35698dc76c52d5f9e63/big_1544749976_animals2.png","small_image_url":"https://coub-anubis-a.akamaized.net/coub_storage/category/cw_image/60432c0f1f4/5d35698dc76c52d5f9e63/small_1544749976_animals2.png","med_image_url":"https://coub-anubis-a.akamaized.net/coub_storage/category/cw_image/60432c0f1f4/5d35698dc76c52d5f9e63/med_1544749976_animals2.png","visible":true}],"communities":[{"id":32,"title":"Animals & Pets","permalink":"animals-pets","subscriptions_count":10082576,"big_image_url":"https://coub-anubis-a.akamaized.net/coub_storage/category/cw_image/60432c0f1f4/5d35698dc76c52d5f9e63/big_1544749976_animals2.png","small_image_url":"https://coub-anubis-a.akamaized.net/coub_storage/category/cw_image/60432c0f1f4/5d35698dc76c52d5f9e63/small_1544749976_animals2.png","med_image_url":"https://coub-anubis-a.akamaized.net/coub_storage/category/cw_image/60432c0f1f4/5d35698dc76c52d5f9e63/med_1544749976_animals2.png","i_subscribed":true,"community_notifications_enabled":null,"description":null}],"recoubs_count":325,"remixes_count":0,"likes_count":1779,"dislikes_count":0,"raw_video_id":13878842,"uploaded_by_ios_app":false,"uploaded_by_android_app":false,"media_blocks":{"uploaded_raw_videos":[],"external_raw_videos":[{"id":32289555,"title":"Mother","url":"https://www.youtube.com/watch?v=lFh_ORAwxBs","image":"https://coub-anubis-a.akamaized.net/coub_storage/media_block/cw_image/b10abf44eeb/ecec948eaac8fbc296488/1561101713_17gjuwg_1561101705_743jsk_att-url-download.jpg","image_retina":"https://coub-anubis-a.akamaized.net/coub_storage/media_block/cw_image/b10abf44eeb/ecec948eaac8fbc296488/1561101713_17gjuwg_1561101705_743jsk_att-url-download.jpg","meta":{"service":"Youtube","duration":"50.0"},"duration":50.0,"raw_video_id":13878842,"has_embed":true}],"remixed_from_coubs":[],"external_video":{"id":32289555,"title":"Mother","url":"https://www.youtube.com/watch?v=lFh_ORAwxBs","image":"https://coub-anubis-a.akamaized.net/coub_storage/media_block/cw_image/b10abf44eeb/ecec948eaac8fbc296488/1561101713_17gjuwg_1561101705_743jsk_att-url-download.jpg","image_retina":"https://coub-anubis-a.akamaized.net/coub_storage/media_block/cw_image/b10abf44eeb/ecec948eaac8fbc296488/1561101713_17gjuwg_1561101705_743jsk_att-url-download.jpg","meta":{"service":"Youtube","duration":"50.0"},"duration":50.0,"raw_video_id":13878842,"has_embed":true}},"raw_video_thumbnail_url":"/missing/missing.png","raw_video_title":"Mother","video_block_banned":false,"duration":10.0,"promo_winner":false,"promo_winner_recoubers":null,"editorial_info":{},"promo_hint":null,"beeline_best_2014":null,"from_web_editor":true,"normalize_sound":true,"normalize_change_allowed":true,"best2015_addable":false,"ahmad_promo":null,"promo_data":null,"audio_copyright_claim":null,"ads_disabled":false,"is_safe_for_ads":true,"megafon_contents":[],"position_on_page":2},{"flag":null,"abuses":null,"recoubs_by_users_channels":null,"favourite":false,"promoted_id":null,"recoub":null,"like":null,"dislike":null,"reaction":null,"in_my_best2015":false,"id":65324188,"type":"Coub::Simple","permalink":"12fzhx","title":"Turn on the parrot","visibility_type":"public","original_visibility_type":"public","channel_id":30996,"created_at":"2018-01-24T17:05:35Z","updated_at":"2022-02-20T01:26:21Z","is_done":true,"views_count":146074,"cotd":null,"cotd_at":null,"visible_on_explore_root":false,"visible_on_explore":false,"featured":false,"published":true,"published_at":"2018-01-24T17:05:35Z","reversed":false,"from_editor_v2":true,"is_editable":true,"original_sound":true,"has_sound":true,"recoub_to":null,"file_versions":{"html5":{"video":{"higher":{"url":"https://coub-anubis-a.akamaized.net/coub_storage/coub/simple/cw_file/888bcf772ef/c701a925dde0375ac2391/muted_mp4_huge_size_1568186598_muted_huge.mp4","size":3048391},"high":{"url":"https://coub-anubis-a.akamaized.net/coub_storage/coub/simple/cw_file/888bcf772ef/c701a925dde0375ac2391/muted_mp4_big_size_1568186598_muted_big.mp4","size":2070971},"med":{"url":"https://coub-anubis-a.akamaized.net/coub_storage/coub/simple/cw_file/888bcf772ef/c701a925dde0375ac2391/muted_mp4_med_size_1568186598_muted_med.mp4","size":586854}},"audio":{"high":{"url":"https://coub-anubis-a.akamaized.net/coub_storage/coub/simple/cw_looped_audio_high/2cb7b7dd235/e75853d45821a8997b551/1605628128_high_1516813542_high.mp3","size":1217556},"med":{"url":"https://coub-anubis-a.akamaized.net/coub_storage/coub/simple/cw_looped_audio_med/be0d953a4f9/68aabd6d8520b850412f2/1605628128_med_1516813542_med.mp3","size":931510},"sample_duration":9.891}},"mobile":{"video":"https://coub-anubis-a.akamaized.net/coub_storage/coub/simple/cw_file/888bcf772ef/c701a925dde0375ac2391/muted_mp4_med_size_1568186598_muted_med.mp4","audio":["https://coub-anubis-a.akamaized.net/coub_storage/coub/simple/cw_looped_audio_med/be0d953a4f9/68aabd6d8520b850412f2/1605628128_med_1516813542_med.mp3"]},"share":{"default":"https://coub-anubis-a.akamaized.net/coub_storage/coub/simple/cw_video_for_sharing/13ca790d607/fa1dba596b718f57666df/1626955119_looped_1626955118.mp4"}},"audio_versions":{},"image_versions":{"template":"https://coub-anubis-a.akamaized.net/coub_storage/coub/simple/cw_image/b3d9c28727c/22a3e65e14810a7a23f1c/1516813550_00031.jpg","versions":["micro","tiny","age_restricted","ios_large","ios_mosaic","big","med","small","pinterest"]},"first_frame_versions":{"template":"https://coub-anubis-a.akamaized.net/coub_storage/coub/simple/cw_timeline_pic/1001e480f5e/4d162cf81db4061467193/%{version}_1516813550_image.jpg","versions":["big","med","small","ios_large"]},"dimensions":{"big":[960,960],"med":[480,480]},"site_w_h":[400,400],"page_w_h":[400,400],"site_w_h_small":[310,310],"size":[960,960],"age_restricted":false,"age_restricted_by_admin":false,"not_safe_for_work":false,"allow_reuse":false,"dont_crop":false,"banned":false,"global_safe":true,"audio_file_url":null,"external_download":false,"application":null,"channel":{"id":30996,"permalink":"grumpyserg","title":"Grumpy Serg","description":null,"followers_count":32055,"following_count":67134,"avatar_versions":{"template":"https://coub-anubis-a.akamaized.net/coub_storage/channel/cw_avatar/9333dcc5bb3/b381aa1a7699fdc028795/%{version}_1474481246_1375016109_15689843252.jpg","versions":["medium","medium_2x","profile_pic","profile_pic_new","profile_pic_new_2x","tiny","tiny_2x","small","small_2x","ios_large","ios_small"]}},"file":null,"picture":"https://coub-anubis-a.akamaized.net/coub_storage/coub/simple/cw_image/b3d9c28727c/22a3e65e14810a7a23f1c/1516813550_00031.jpg","timeline_picture":"https://coub-anubis-a.akamaized.net/coub_storage/coub/simple/cw_timeline_pic/1001e480f5e/4d162cf81db4061467193/ios_large_1516813550_image.jpg","small_picture":"https://coub-anubis-a.akamaized.net/coub_storage/coub/simple/cw_image/b3d9c28727c/22a3e65e14810a7a23f1c/1516813550_00031.jpg","sharing_picture":null,"percent_done":100,"tags":[{"id":485680,"title":"grumpy serg","value":"grumpy%20serg"},{"id":3969738,"title":"grumpyserg","value":"grumpyserg"}],"categories":[{"id":32,"title":"Animals & Pets","permalink":"animals-pets","subscriptions_count":10082576,"big_image_url":"https://coub-anubis-a.akamaized.net/coub_storage/category/cw_image/60432c0f1f4/5d35698dc76c52d5f9e63/big_1544749976_animals2.png","small_image_url":"https://coub-anubis-a.akamaized.net/coub_storage/category/cw_image/60432c0f1f4/5d35698dc76c52d5f9e63/small_1544749976_animals2.png","med_image_url":"https://coub-anubis-a.akamaized.net/coub_storage/category/cw_image/60432c0f1f4/5d35698dc76c52d5f9e63/med_1544749976_animals2.png","visible":true}],"communities":[{"id":32,"title":"Animals & Pets","permalink":"animals-pets","subscriptions_count":10082576,"big_image_url":"https://coub-anubis-a.akamaized.net/coub_storage/category/cw_image/60432c0f1f4/5d35698dc76c52d5f9e63/big_1544749976_animals2.png","small_image_url":"https://coub-anubis-a.akamaized.net/coub_storage/category/cw_image/60432c0f1f4/5d35698dc76c52d5f9e63/small_1544749976_animals2.png","med_image_url":"https://coub-anubis-a.akamaized.net/coub_storage/category/cw_image/60432c0f1f4/5d35698dc76c52d5f9e63/med_1544749976_animals2.png","i_subscribed":true,"community_notifications_enabled":null,"description":null}],"recoubs_count":480,"remixes_count":1,"likes_count":1779,"dislikes_count":0,"raw_video_id":10993094,"uploaded_by_ios_app":false,"uploaded_by_android_app":false,"media_blocks":{"uploaded_raw_videos":[],"external_raw_videos":[],"remixed_from_coubs":[]},"raw_video_thumbnail_url":"/missing/missing.png","raw_video_title":"____________.mp4","video_block_banned":false,"duration":9.88,"promo_winner":false,"promo_winner_recoubers":null,"editorial_info":{},"promo_hint":null,"beeline_best_2014":null,"from_web_editor":true,"normalize_sound":true,"normalize_change_allowed":true,"best2015_addable":false,"ahmad_promo":null,"promo_data":null,"audio_copyright_claim":null,"ads_disabled":false,"is_safe_for_ads":true,"megafon_contents":[],"position_on_page":3},{"flag":null,"abuses":null,"recoubs_by_users_channels":null,"favourite":false,"promoted_id":null,"recoub":null,"like":null,"dislike":null,"reaction":null,"in_my_best2015":false,"id":169528756,"type":"Coub::Simple","permalink":"2sl43c","title":"В чём смысл происходящего?","visibility_type":"public","original_visibility_type":"public","channel_id":11357852,"created_at":"2021-05-28T11:23:03Z","updated_at":"2022-03-18T07:39:52Z","is_done":true,"views_count":95852,"cotd":null,"cotd_at":null,"visible_on_explore_root":false,"visible_on_explore":false,"featured":false,"published":true,"published_at":"2021-05-28T11:23:03Z","reversed":false,"from_editor_v2":true,"is_editable":true,"original_sound":false,"has_sound":false,"recoub_to":null,"file_versions":{"html5":{"video":{"higher":{"url":"https://coub-anubis-a.akamaized.net/coub_storage/coub/simple/cw_file/a7f20fb07b4/9a7adf343157adbd599d4/muted_mp4_huge_size_1622200992_muted_huge.mp4","size":2788086},"high":{"url":"https://coub-anubis-a.akamaized.net/coub_storage/coub/simple/cw_file/a7f20fb07b4/9a7adf343157adbd599d4/muted_mp4_big_size_1622200992_muted_big.mp4","size":1810500},"med":{"url":"https://coub-anubis-a.akamaized.net/coub_storage/coub/simple/cw_file/a7f20fb07b4/9a7adf343157adbd599d4/muted_mp4_med_size_1622200992_muted_med.mp4","size":632905}},"audio":{"high":{"url":"https://coub-anubis-a.akamaized.net/coub_storage/coub/simple/cw_looped_audio_high/7aa48944142/faa963652bb6d90c1e966/1622200995_mp3-high.mp3","size":951662},"med":{"url":"https://coub-anubis-a.akamaized.net/coub_storage/coub/simple/cw_looped_audio_med/9ed3b5602c9/e595c1fd6d3e39950c46e/1622200994_mp3-med.mp3","size":818893}}},"mobile":{"video":"https://coub-anubis-a.akamaized.net/coub_storage/coub/simple/cw_file/a7f20fb07b4/9a7adf343157adbd599d4/muted_mp4_med_size_1622200992_muted_med.mp4","audio":["https://coub-anubis-a.akamaized.net/coub_storage/coub/simple/cw_looped_audio_med/9ed3b5602c9/e595c1fd6d3e39950c46e/1622200994_mp3-med.mp3"]},"share":{"default":"https://coub-anubis-a.akamaized.net/coub_storage/coub/simple/cw_video_for_sharing/c821f4116d8/e15e9de88b73e47171ceb/1622201040_looped_1622201039.mp4"}},"audio_versions":{"template":"https://coub-anubis-a.akamaized.net/coub_storage/audio_track/cw_normalized_copy/c257f140fd0/36872dc305ab1c815d852/mid_1622200993_normalized_1622200813_audio.mp3","versions":["mid","low"]},"image_versions":{"template":"https://coub-anubis-a.akamaized.net/coub_storage/coub/simple/cw_image/7baff8e7c15/6fe195c1ea2986665b215/%{version}_1622201002_00032.jpg","versions":["micro","tiny","age_restricted","ios_large","ios_mosaic","big","med","small","pinterest"]},"first_frame_versions":{"template":"https://coub-anubis-a.akamaized.net/coub_storage/coub/simple/cw_timeline_pic/a7692f661b1/b348c5e5097645b448c75/%{version}_1622201001_image.jpg","versions":["big","med","small","ios_large"]},"dimensions":{"big":[1280,720],"med":[640,360]},"site_w_h":[640,360],"page_w_h":[640,360],"site_w_h_small":[310,174],"size":[1280,720],"age_restricted":false,"age_restricted_by_admin":false,"not_safe_for_work":false,"allow_reuse":false,"dont_crop":true,"banned":false,"global_safe":true,"audio_file_url":"https://coub-anubis-a.akamaized.net/coub_storage/audio_track/cw_normalized_copy/c257f140fd0/36872dc305ab1c815d852/low_1622200993_normalized_1622200813_audio.mp3","external_download":false,"application":null,"channel":{"id":11357852,"permalink":"zlobniydebi4","title":"ZlobniyDebi4","description":null,"followers_count":7,"following_count":5,"avatar_versions":{"template":"https://coub-anubis-a.akamaized.net/coub_storage/channel/cw_avatar/825de47485a/1a846a0d55ea440e1c32c/%{version}_1619015707_Ava10.png","versions":["medium","medium_2x","profile_pic","profile_pic_new","profile_pic_new_2x","tiny","tiny_2x","small","small_2x","ios_large","ios_small"]}},"file":null,"picture":"https://coub-anubis-a.akamaized.net/coub_storage/coub/simple/cw_image/7baff8e7c15/6fe195c1ea2986665b215/med_1622201002_00032.jpg","timeline_picture":"https://coub-anubis-a.akamaized.net/coub_storage/coub/simple/cw_timeline_pic/a7692f661b1/b348c5e5097645b448c75/ios_large_1622201001_image.jpg","small_picture":"https://coub-anubis-a.akamaized.net/coub_storage/coub/simple/cw_image/7baff8e7c15/6fe195c1ea2986665b215/ios_mosaic_1622201002_00032.jpg","sharing_picture":null,"percent_done":100,"tags":[{"id":882,"title":"прикол","value":"%D0%BF%D1%80%D0%B8%D0%BA%D0%BE%D0%BB"},{"id":6330602,"title":"zlobniypesi4","value":"zlobniypesi4"},{"id":6276116,"title":"zlobniydebi4","value":"zlobniydebi4"},{"id":115393,"title":"не твоя вот ты и бесишься","value":"%D0%BD%D0%B5%20%D1%82%D0%B2%D0%BE%D1%8F%20%D0%B2%D0%BE%D1%82%20%D1%82%D1%8B%20%D0%B8%20%D0%B1%D0%B5%D1%81%D0%B8%D1%88%D1%8C%D1%81%D1%8F"}],"categories":[{"id":32,"title":"Animals & Pets","permalink":"animals-pets","subscriptions_count":10082576,"big_image_url":"https://coub-anubis-a.akamaized.net/coub_storage/category/cw_image/60432c0f1f4/5d35698dc76c52d5f9e63/big_1544749976_animals2.png","small_image_url":"https://coub-anubis-a.akamaized.net/coub_storage/category/cw_image/60432c0f1f4/5d35698dc76c52d5f9e63/small_1544749976_animals2.png","med_image_url":"https://coub-anubis-a.akamaized.net/coub_storage/category/cw_image/60432c0f1f4/5d35698dc76c52d5f9e63/med_1544749976_animals2.png","visible":true}],"communities":[{"id":32,"title":"Animals & Pets","permalink":"animals-pets","subscriptions_count":10082576,"big_image_url":"https://coub-anubis-a.akamaized.net/coub_storage/category/cw_image/60432c0f1f4/5d35698dc76c52d5f9e63/big_1544749976_animals2.png","small_image_url":"https://coub-anubis-a.akamaized.net/coub_storage/category/cw_image/60432c0f1f4/5d35698dc76c52d5f9e63/small_1544749976_animals2.png","med_image_url":"https://coub-anubis-a.akamaized.net/coub_storage/category/cw_image/60432c0f1f4/5d35698dc76c52d5f9e63/med_1544749976_animals2.png","i_subscribed":true,"community_notifications_enabled":null,"description":null}],"recoubs_count":329,"remixes_count":0,"likes_count":1778,"dislikes_count":0,"raw_video_id":16479658,"uploaded_by_ios_app":false,"uploaded_by_android_app":false,"media_blocks":{"uploaded_raw_videos":[],"external_raw_videos":[],"remixed_from_coubs":[]},"raw_video_thumbnail_url":"https://coub-anubis-a.akamaized.net/coub_storage/raw_video/cw_image/96d6ca450f5/27a64c9dd42b17f31f559/coub_media_1622200782_image.jpg","raw_video_title":"62_________________________.mp4","video_block_banned":false,"duration":10.0,"promo_winner":false,"promo_winner_recoubers":null,"editorial_info":{},"promo_hint":null,"beeline_best_2014":null,"from_web_editor":true,"normalize_sound":true,"normalize_change_allowed":true,"best2015_addable":false,"ahmad_promo":null,"promo_data":null,"audio_copyright_claim":null,"ads_disabled":false,"is_safe_for_ads":true,"megafon_contents":[],"position_on_page":4},{"flag":null,"abuses":null,"recoubs_by_users_channels":null,"favourite":false,"promoted_id":null,"recoub":null,"like":null,"dislike":null,"reaction":null,"in_my_best2015":false,"id":159448938,"type":"Coub::Simple","permalink":"2ml2e6","title":"Wat dis?","visibility_type":"public","original_visibility_type":"public","channel_id":4909354,"created_at":"2020-12-09T04:09:24Z","updated_at":"2022-03-18T00:40:40Z","is_done":true,"views_count":107586,"cotd":null,"cotd_at":null,"visible_on_explore_root":false,"visible_on_explore":false,"featured":false,"published":true,"published_at":"2020-12-09T04:09:24Z","reversed":false,"from_editor_v2":true,"is_editable":true,"original_sound":false,"has_sound":false,"recoub_to":null,"file_versions":{"html5":{"video":{"higher":{"url":"https://coub-anubis-a.akamaized.net/coub_storage/coub/simple/cw_file/7c3cb067c1c/915de4776c045e841ec03/muted_mp4_huge_size_1607486970_muted_huge.mp4","size":1861455},"high":{"url":"https://coub-anubis-a.akamaized.net/coub_storage/coub/simple/cw_file/7c3cb067c1c/915de4776c045e841ec03/muted_mp4_big_size_1607486970_muted_big.mp4","size":1117070},"med":{"url":"https://coub-anubis-a.akamaized.net/coub_storage/coub/simple/cw_file/7c3cb067c1c/915de4776c045e841ec03/muted_mp4_med_size_1607486970_muted_med.mp4","size":369727}},"audio":{"high":{"url":"https://coub-anubis-a.akamaized.net/coub_storage/coub/simple/cw_looped_audio_high/940be711192/f5f380a1777cd571a5b8e/1607486980_mp3-high.mp3","size":773576},"med":{"url":"https://coub-anubis-a.akamaized.net/coub_storage/coub/simple/cw_looped_audio_med/e0ecea94f04/8493467e57b0826027381/1607486980_mp3-med.mp3","size":658966}}},"mobile":{"video":"https://coub-anubis-a.akamaized.net/coub_storage/coub/simple/cw_file/7c3cb067c1c/915de4776c045e841ec03/muted_mp4_med_size_1607486970_muted_med.mp4","audio":["https://coub-anubis-a.akamaized.net/coub_storage/coub/simple/cw_looped_audio_med/e0ecea94f04/8493467e57b0826027381/1607486980_mp3-med.mp3"]},"share":{"default":"https://coub-anubis-a.akamaized.net/coub_storage/coub/simple/cw_video_for_sharing/82f2c434fcd/947aeb2a591b854ee434d/1607487023_looped_1607487022.mp4"}},"audio_versions":{"template":"https://coub-anubis-a.akamaized.net/coub_storage/audio_track/cw_normalized_copy/320d93f34ec/4937fc7ff589fa4292cf2/mid_1607486976_normalized_1607486971_vl0vv9_edited.mp3","versions":["mid","low"]},"image_versions":{"template":"https://coub-anubis-a.akamaized.net/coub_storage/coub/simple/cw_image/d20db3a0d24/16c5d950d29e47f8c0d34/%{version}_1607486986_00032.jpg","versions":["micro","tiny","age_restricted","ios_large","ios_mosaic","big","med","small","pinterest"]},"first_frame_versions":{"template":"https://coub-anubis-a.akamaized.net/coub_storage/coub/simple/cw_timeline_pic/7ebc459cf13/18843d111d280aa965ea2/%{version}_1607486986_image.jpg","versions":["big","med","small","ios_large"]},"dimensions":{"big":[1280,720],"med":[640,360]},"site_w_h":[640,360],"page_w_h":[640,360],"site_w_h_small":[310,174],"size":[1280,720],"age_restricted":false,"age_restricted_by_admin":false,"not_safe_for_work":false,"allow_reuse":false,"dont_crop":true,"banned":false,"global_safe":true,"audio_file_url":"https://coub-anubis-a.akamaized.net/coub_storage/audio_track/cw_normalized_copy/320d93f34ec/4937fc7ff589fa4292cf2/low_1607486976_normalized_1607486971_vl0vv9_edited.mp3","external_download":{"type":"Imgur","service_name":"Imgur","url":"https://imgur.com/gallery/Kjeb6mE","has_embed":false},"application":null,"channel":{"id":4909354,"permalink":"nulibrium","title":"Nulibrium","description":"Cuteness overload","followers_count":362,"following_count":125,"avatar_versions":{"template":"https://coub-anubis-a.akamaized.net/coub_storage/channel/cw_avatar/73b959cec78/a2fbf3f857e68622cb95c/%{version}_1607423006_1ep12jz_1540314533_Nuli_Frame_3_Blue.jpg","versions":["medium","medium_2x","profile_pic","profile_pic_new","profile_pic_new_2x","tiny","tiny_2x","small","small_2x","ios_large","ios_small"]}},"file":null,"picture":"https://coub-anubis-a.akamaized.net/coub_storage/coub/simple/cw_image/d20db3a0d24/16c5d950d29e47f8c0d34/med_1607486986_00032.jpg","timeline_picture":"https://coub-anubis-a.akamaized.net/coub_storage/coub/simple/cw_timeline_pic/7ebc459cf13/18843d111d280aa965ea2/ios_large_1607486986_image.jpg","small_picture":"https://coub-anubis-a.akamaized.net/coub_storage/coub/simple/cw_image/d20db3a0d24/16c5d950d29e47f8c0d34/ios_mosaic_1607486986_00032.jpg","sharing_picture":null,"percent_done":100,"tags":[{"id":134,"title":"cat","value":"cat"},{"id":1793,"title":"kitty","value":"kitty"},{"id":183,"title":"girl","value":"girl"},{"id":25526,"title":"can't","value":"can't"},{"id":39988,"title":"press","value":"press"},{"id":64801,"title":"keys","value":"keys"},{"id":14990,"title":"need","value":"need"},{"id":9151,"title":"more","value":"more"},{"id":70088,"title":"attention","value":"attention"},{"id":18133,"title":"wat","value":"wat"},{"id":12440,"title":"is","value":"is"},{"id":25930,"title":"dis","value":"dis"},{"id":423510,"title":"sorcery","value":"sorcery"},{"id":13723,"title":"where","value":"where"},{"id":899,"title":"will","value":"will"},{"id":17452,"title":"i","value":"i"},{"id":74758,"title":"sit","value":"sit"},{"id":16576,"title":"now","value":"now"},{"id":174,"title":"funny","value":"funny"},{"id":5364,"title":"and","value":"and"},{"id":2588,"title":"sad","value":"sad"},{"id":2070,"title":"animals","value":"animals"},{"id":11479,"title":"pets","value":"pets"},{"id":137814,"title":"imgur","value":"imgur"},{"id":50,"title":"coub","value":"coub"}],"categories":[{"id":32,"title":"Animals & Pets","permalink":"animals-pets","subscriptions_count":10082576,"big_image_url":"https://coub-anubis-a.akamaized.net/coub_storage/category/cw_image/60432c0f1f4/5d35698dc76c52d5f9e63/big_1544749976_animals2.png","small_image_url":"https://coub-anubis-a.akamaized.net/coub_storage/category/cw_image/60432c0f1f4/5d35698dc76c52d5f9e63/small_1544749976_animals2.png","med_image_url":"https://coub-anubis-a.akamaized.net/coub_storage/category/cw_image/60432c0f1f4/5d35698dc76c52d5f9e63/med_1544749976_animals2.png","visible":true}],"communities":[{"id":32,"title":"Animals & Pets","permalink":"animals-pets","subscriptions_count":10082576,"big_image_url":"https://coub-anubis-a.akamaized.net/coub_storage/category/cw_image/60432c0f1f4/5d35698dc76c52d5f9e63/big_1544749976_animals2.png","small_image_url":"https://coub-anubis-a.akamaized.net/coub_storage/category/cw_image/60432c0f1f4/5d35698dc76c52d5f9e63/small_1544749976_animals2.png","med_image_url":"https://coub-anubis-a.akamaized.net/coub_storage/category/cw_image/60432c0f1f4/5d35698dc76c52d5f9e63/med_1544749976_animals2.png","i_subscribed":true,"community_notifications_enabled":null,"description":null}],"recoubs_count":330,"remixes_count":0,"likes_count":1778,"dislikes_count":0,"raw_video_id":15953277,"uploaded_by_ios_app":false,"uploaded_by_android_app":false,"media_blocks":{"uploaded_raw_videos":[],"external_raw_videos":[{"id":37646673,"title":"Imgur","url":"https://imgur.com/gallery/Kjeb6mE","image":null,"image_retina":null,"meta":{"service":"Imgur","duration":"41.96"},"duration":41.96,"raw_video_id":15953277,"has_embed":false}],"remixed_from_coubs":[],"external_video":{"id":37646673,"title":"Imgur","url":"https://imgur.com/gallery/Kjeb6mE","image":null,"image_retina":null,"meta":{"service":"Imgur","duration":"41.96"},"duration":41.96,"raw_video_id":15953277,"has_embed":false}},"raw_video_thumbnail_url":"/missing/missing.png","raw_video_title":"Imgur","video_block_banned":false,"duration":10.04,"promo_winner":false,"promo_winner_recoubers":null,"editorial_info":{},"promo_hint":null,"beeline_best_2014":null,"from_web_editor":true,"normalize_sound":true,"normalize_change_allowed":true,"best2015_addable":false,"ahmad_promo":null,"promo_data":null,"audio_copyright_claim":null,"ads_disabled":false,"is_safe_for_ads":true,"megafon_contents":[],"position_on_page":5},{"flag":null,"abuses":null,"recoubs_by_users_channels":null,"favourite":false,"promoted_id":null,"recoub":null,"like":null,"dislike":null,"reaction":null,"in_my_best2015":false,"id":153517525,"type":"Coub::Simple","permalink":"2j1xn3","title":"Bad cat","visibility_type":"public","original_visibility_type":"public","channel_id":2055505,"created_at":"2020-09-09T20:35:15Z","updated_at":"2022-03-18T02:55:35Z","is_done":true,"views_count":129699,"cotd":null,"cotd_at":null,"visible_on_explore_root":false,"visible_on_explore":false,"featured":false,"published":true,"published_at":"2020-09-09T20:35:15Z","reversed":false,"from_editor_v2":true,"is_editable":true,"original_sound":true,"has_sound":true,"recoub_to":null,"file_versions":{"html5":{"video":{"higher":{"url":"https://coub-anubis-a.akamaized.net/coub_storage/coub/simple/cw_file/346bbfb979e/4975b9ceb54c1f2e359ff/muted_mp4_huge_size_1599683720_muted_huge.mp4","size":1405955},"high":{"url":"https://coub-anubis-a.akamaized.net/coub_storage/coub/simple/cw_file/346bbfb979e/4975b9ceb54c1f2e359ff/muted_mp4_big_size_1599683720_muted_big.mp4","size":877954},"med":{"url":"https://coub-anubis-a.akamaized.net/coub_storage/coub/simple/cw_file/346bbfb979e/4975b9ceb54c1f2e359ff/muted_mp4_med_size_1599683720_muted_med.mp4","size":304071}},"audio":{"high":{"url":"https://coub-anubis-a.akamaized.net/coub_storage/coub/simple/cw_looped_audio_high/f8d230a2bd2/1e4b750c6f8cf04870c75/1607277654_high_1599683720_high.mp3","size":1160274},"med":{"url":"https://coub-anubis-a.akamaized.net/coub_storage/coub/simple/cw_looped_audio_med/c26642193a7/a820e7bfdc11d5ad26009/1607277653_med_1599683720_med.mp3","size":799076},"sample_duration":10.008}},"mobile":{"video":"https://coub-anubis-a.akamaized.net/coub_storage/coub/simple/cw_file/346bbfb979e/4975b9ceb54c1f2e359ff/muted_mp4_med_size_1599683720_muted_med.mp4","audio":["https://coub-anubis-a.akamaized.net/coub_storage/coub/simple/cw_looped_audio_med/c26642193a7/a820e7bfdc11d5ad26009/1607277653_med_1599683720_med.mp3"]},"share":{"default":"https://coub-anubis-a.akamaized.net/coub_storage/coub/simple/cw_video_for_sharing/96243e04709/e24671efbaaf2a397149a/1608385993_looped_1608385992.mp4"}},"audio_versions":{},"image_versions":{"template":"https://coub-anubis-a.akamaized.net/coub_storage/coub/simple/cw_image/2399f9070d1/eda0d102c3214dff8ffb9/1599683726_00032.jpg","versions":["micro","tiny","age_restricted","ios_large","ios_mosaic","big","med","small","pinterest"]},"first_frame_versions":{"template":"https://coub-anubis-a.akamaized.net/coub_storage/coub/simple/cw_timeline_pic/a655af5cd9d/7fb15089cfac777d3c56f/%{version}_1599683726_image.jpg","versions":["big","med","small","ios_large"]},"dimensions":{"big":[538,960],"med":[268,480]},"site_w_h":[224,400],"page_w_h":[400,714],"site_w_h_small":[310,553],"size":[538,960],"age_restricted":false,"age_restricted_by_admin":false,"not_safe_for_work":false,"allow_reuse":false,"dont_crop":false,"banned":false,"global_safe":true,"audio_file_url":null,"external_download":false,"application":null,"channel":{"id":2055505,"permalink":"mr.vurdul","title":"Mr. Vurdul","description":null,"followers_count":87,"following_count":3,"avatar_versions":{"template":"https://coub-anubis-a.akamaized.net/coub_storage/channel/cw_avatar/331d4fd5c90/f18cb3ea1a2af91e601b9/%{version}_1608877777_p7k6wu_1474609078_1um9y31_463797313.jpg","versions":["medium","medium_2x","profile_pic","profile_pic_new","profile_pic_new_2x","tiny","tiny_2x","small","small_2x","ios_large","ios_small"]}},"file":null,"picture":"https://coub-anubis-a.akamaized.net/coub_storage/coub/simple/cw_image/2399f9070d1/eda0d102c3214dff8ffb9/1599683726_00032.jpg","timeline_picture":"https://coub-anubis-a.akamaized.net/coub_storage/coub/simple/cw_timeline_pic/a655af5cd9d/7fb15089cfac777d3c56f/ios_large_1599683726_image.jpg","small_picture":"https://coub-anubis-a.akamaized.net/coub_storage/coub/simple/cw_image/2399f9070d1/eda0d102c3214dff8ffb9/1599683726_00032.jpg","sharing_picture":null,"percent_done":100,"tags":[{"id":9189,"title":"bad day","value":"bad%20day"},{"id":174,"title":"funny","value":"funny"},{"id":134,"title":"cat","value":"cat"},{"id":39,"title":"cats","value":"cats"},{"id":60695,"title":"cats funny","value":"cats%20funny"},{"id":886,"title":"tv","value":"tv"},{"id":143,"title":"кот","value":"%D0%BA%D0%BE%D1%82"},{"id":13227,"title":"коты","value":"%D0%BA%D0%BE%D1%82%D1%8B"},{"id":590,"title":"кошка","value":"%D0%BA%D0%BE%D1%88%D0%BA%D0%B0"},{"id":1436,"title":"кошки","value":"%D0%BA%D0%BE%D1%88%D0%BA%D0%B8"},{"id":97585,"title":"забавное","value":"%D0%B7%D0%B0%D0%B1%D0%B0%D0%B2%D0%BD%D0%BE%D0%B5"},{"id":5836,"title":"смешное","value":"%D1%81%D0%BC%D0%B5%D1%88%D0%BD%D0%BE%D0%B5"},{"id":14945,"title":"смешные коты","value":"%D1%81%D0%BC%D0%B5%D1%88%D0%BD%D1%8B%D0%B5%20%D0%BA%D0%BE%D1%82%D1%8B"}],"categories":[{"id":32,"title":"Animals & Pets","permalink":"animals-pets","subscriptions_count":10082576,"big_image_url":"https://coub-anubis-a.akamaized.net/coub_storage/category/cw_image/60432c0f1f4/5d35698dc76c52d5f9e63/big_1544749976_animals2.png","small_image_url":"https://coub-anubis-a.akamaized.net/coub_storage/category/cw_image/60432c0f1f4/5d35698dc76c52d5f9e63/small_1544749976_animals2.png","med_image_url":"https://coub-anubis-a.akamaized.net/coub_storage/category/cw_image/60432c0f1f4/5d35698dc76c52d5f9e63/med_1544749976_animals2.png","visible":true}],"communities":[{"id":32,"title":"Animals & Pets","permalink":"animals-pets","subscriptions_count":10082576,"big_image_url":"https://coub-anubis-a.akamaized.net/coub_storage/category/cw_image/60432c0f1f4/5d35698dc76c52d5f9e63/big_1544749976_animals2.png","small_image_url":"https://coub-anubis-a.akamaized.net/coub_storage/category/cw_image/60432c0f1f4/5d35698dc76c52d5f9e63/small_1544749976_animals2.png","med_image_url":"https://coub-anubis-a.akamaized.net/coub_storage/category/cw_image/60432c0f1f4/5d35698dc76c52d5f9e63/med_1544749976_animals2.png","i_subscribed":true,"community_notifications_enabled":null,"description":null}],"recoubs_count":315,"remixes_count":2,"likes_count":1778,"dislikes_count":0,"raw_video_id":15654386,"uploaded_by_ios_app":false,"uploaded_by_android_app":false,"media_blocks":{"uploaded_raw_videos":[],"external_raw_videos":[],"remixed_from_coubs":[]},"raw_video_thumbnail_url":"/missing/missing.png","raw_video_title":"2020-09-09_18.35.52.mp4","video_block_banned":false,"duration":10.0,"promo_winner":false,"promo_winner_recoubers":null,"editorial_info":{},"promo_hint":null,"beeline_best_2014":null,"from_web_editor":true,"normalize_sound":true,"normalize_change_allowed":true,"best2015_addable":false,"ahmad_promo":null,"promo_data":null,"audio_copyright_claim":null,"ads_disabled":false,"is_safe_for_ads":true,"megafon_contents":[],"position_on_page":6},{"flag":null,"abuses":null,"recoubs_by_users_channels":null,"favourite":false,"promoted_id":null,"recoub":null,"like":null,"dislike":null,"reaction":null,"in_my_best2015":false,"id":146688907,"type":"Coub::Simple","permalink":"2ezkli","title":"Please don't cry!","visibility_type":"public","original_visibility_type":"public","channel_id":2305494,"created_at":"2020-06-05T23:53:12Z","updated_at":"2022-03-17T19:11:53Z","is_done":true,"views_count":115418,"cotd":null,"cotd_at":null,"visible_on_explore_root":false,"visible_on_explore":false,"featured":false,"published":true,"published_at":"2020-06-05T23:53:11Z","reversed":false,"from_editor_v2":true,"is_editable":true,"original_sound":false,"has_sound":false,"recoub_to":null,"file_versions":{"html5":{"video":{"higher":{"url":"https://coub-anubis-a.akamaized.net/coub_storage/coub/simple/cw_file/ef92f2dd18d/f988ecafaf9b0e7658ad2/muted_mp4_huge_size_1591401195_muted_huge.mp4","size":1304158},"high":{"url":"https://coub-anubis-a.akamaized.net/coub_storage/coub/simple/cw_file/ef92f2dd18d/f988ecafaf9b0e7658ad2/muted_mp4_big_size_1591401195_muted_big.mp4","size":779445},"med":{"url":"https://coub-anubis-a.akamaized.net/coub_storage/coub/simple/cw_file/ef92f2dd18d/f988ecafaf9b0e7658ad2/muted_mp4_med_size_1591401195_muted_med.mp4","size":247558}},"audio":{"high":{"url":"https://coub-anubis-a.akamaized.net/coub_storage/coub/simple/cw_looped_audio_high/49ebb6cbbf9/8874520e6fe1894e204d4/1605687223_high_1591401228_high.mp3","size":3446737},"med":{"url":"https://coub-anubis-a.akamaized.net/coub_storage/coub/simple/cw_looped_audio_med/caad48eb81b/ffdc1c600dda11a757269/1605687222_med_1591401228_med.mp3","size":2534526}}},"mobile":{"video":"https://coub-anubis-a.akamaized.net/coub_storage/coub/simple/cw_file/ef92f2dd18d/f988ecafaf9b0e7658ad2/muted_mp4_med_size_1591401195_muted_med.mp4","audio":["https://coub-anubis-a.akamaized.net/coub_storage/coub/simple/cw_looped_audio_med/caad48eb81b/ffdc1c600dda11a757269/1605687222_med_1591401228_med.mp3"]},"share":{"default":"https://coub-anubis-a.akamaized.net/coub_storage/coub/simple/cw_video_for_sharing/146b6e0bcbd/3baf25c72924edd071527/1608622390_looped_1608622389.mp4"}},"audio_versions":{"template":"https://coub-anubis-a.akamaized.net/coub_storage/audio_track/cw_normalized_copy/1eb8c84aa79/34650c14a5bb26eb1e4f5/mid_1591401217_normalized_1591401199_177rdj1_edited.mp3","versions":["mid","low"]},"image_versions":{"template":"https://coub-anubis-a.akamaized.net/coub_storage/coub/simple/cw_image/c93f871f2e5/42edf2fb524be550ba21d/1591401240_00018.jpg","versions":["micro","tiny","age_restricted","ios_large","ios_mosaic","big","med","small","pinterest"]},"first_frame_versions":{"template":"https://coub-anubis-a.akamaized.net/coub_storage/coub/simple/cw_timeline_pic/bb4f972ddfb/fb00f92b4ddfd3f90690c/%{version}_1591401240_image.jpg","versions":["big","med","small","ios_large"]},"dimensions":{"big":[778,960],"med":[388,480]},"site_w_h":[324,400],"page_w_h":[400,494],"site_w_h_small":[310,383],"size":[778,960],"age_restricted":false,"age_restricted_by_admin":false,"not_safe_for_work":false,"allow_reuse":false,"dont_crop":false,"banned":false,"global_safe":true,"audio_file_url":"https://coub-anubis-a.akamaized.net/coub_storage/audio_track/cw_normalized_copy/1eb8c84aa79/34650c14a5bb26eb1e4f5/low_1591401217_normalized_1591401199_177rdj1_edited.mp3","external_download":false,"application":null,"channel":{"id":2305494,"permalink":"maksim-sidorov86","title":"Maksim Sidorov","description":"Anime, retrowave, animals, my own music and more, more, more","followers_count":44,"following_count":63,"avatar_versions":{"template":"https://coub-anubis-a.akamaized.net/coub_storage/channel/cw_avatar/dc9fc867d6e/defe7cc941d2a5e6359bd/%{version}_1609109547_1efpfjq_1474545085_jkmi0d_227341671.jpg","versions":["medium","medium_2x","profile_pic","profile_pic_new","profile_pic_new_2x","tiny","tiny_2x","small","small_2x","ios_large","ios_small"]}},"file":null,"picture":"https://coub-anubis-a.akamaized.net/coub_storage/coub/simple/cw_image/c93f871f2e5/42edf2fb524be550ba21d/1591401240_00018.jpg","timeline_picture":"https://coub-anubis-a.akamaized.net/coub_storage/coub/simple/cw_timeline_pic/bb4f972ddfb/fb00f92b4ddfd3f90690c/ios_large_1591401240_image.jpg","small_picture":"https://coub-anubis-a.akamaized.net/coub_storage/coub/simple/cw_image/c93f871f2e5/42edf2fb524be550ba21d/1591401240_00018.jpg","sharing_picture":null,"percent_done":100,"tags":[{"id":539293,"title":"animals & pets","value":"animals%20&%20pets"},{"id":134,"title":"cat","value":"cat"},{"id":43172,"title":"cat videos","value":"cat%20videos"},{"id":19803,"title":"depression","value":"depression"},{"id":316171,"title":"dont cry","value":"dont%20cry"},{"id":2070,"title":"animals","value":"animals"},{"id":17565,"title":"funny moments","value":"funny%20moments"},{"id":39,"title":"cats","value":"cats"},{"id":903555,"title":"lebrock","value":"lebrock"},{"id":64530,"title":"synthwave","value":"synthwave"},{"id":216552,"title":"retrowave","value":"retrowave"},{"id":20113,"title":"80's","value":"80's"},{"id":756,"title":"kitten","value":"kitten"},{"id":86,"title":"music","value":"music"}],"categories":[{"id":32,"title":"Animals & Pets","permalink":"animals-pets","subscriptions_count":10082576,"big_image_url":"https://coub-anubis-a.akamaized.net/coub_storage/category/cw_image/60432c0f1f4/5d35698dc76c52d5f9e63/big_1544749976_animals2.png","small_image_url":"https://coub-anubis-a.akamaized.net/coub_storage/category/cw_image/60432c0f1f4/5d35698dc76c52d5f9e63/small_1544749976_animals2.png","med_image_url":"https://coub-anubis-a.akamaized.net/coub_storage/category/cw_image/60432c0f1f4/5d35698dc76c52d5f9e63/med_1544749976_animals2.png","visible":true}],"communities":[{"id":32,"title":"Animals & Pets","permalink":"animals-pets","subscriptions_count":10082576,"big_image_url":"https://coub-anubis-a.akamaized.net/coub_storage/category/cw_image/60432c0f1f4/5d35698dc76c52d5f9e63/big_1544749976_animals2.png","small_image_url":"https://coub-anubis-a.akamaized.net/coub_storage/category/cw_image/60432c0f1f4/5d35698dc76c52d5f9e63/small_1544749976_animals2.png","med_image_url":"https://coub-anubis-a.akamaized.net/coub_storage/category/cw_image/60432c0f1f4/5d35698dc76c52d5f9e63/med_1544749976_animals2.png","i_subscribed":true,"community_notifications_enabled":null,"description":null}],"recoubs_count":330,"remixes_count":2,"likes_count":1778,"dislikes_count":0,"raw_video_id":"","uploaded_by_ios_app":false,"uploaded_by_android_app":false,"media_blocks":{"uploaded_raw_videos":[],"external_raw_videos":[],"remixed_from_coubs":[{"id":36033439,"title":"Don’t cry","url":"https://coub.com/coubs/2eyd8k/remix","image":"https://coub-anubis-a.akamaized.net/coub_storage/media_block/cw_image/d47d1bf2aed/c227db184440c781fae2c/1591353552_vdfwkm_1591353529_00018.jpg","image_retina":"https://coub-anubis-a.akamaized.net/coub_storage/media_block/cw_image/d47d1bf2aed/c227db184440c781fae2c/1591353552_vdfwkm_1591353529_00018.jpg","meta":{"duration":"5.68"},"duration":null,"coub_channel_title":"SeVa 🎼","coub_channel_permalink":"v1368166","coub_views_count":159518,"coub_permalink":"2eyd8k"}]},"raw_video_thumbnail_url":"","raw_video_title":"","video_block_banned":false,"duration":5.68,"promo_winner":false,"promo_winner_recoubers":null,"editorial_info":{},"promo_hint":null,"beeline_best_2014":null,"from_web_editor":true,"normalize_sound":true,"normalize_change_allowed":true,"best2015_addable":false,"ahmad_promo":null,"promo_data":null,"audio_copyright_claim":null,"ads_disabled":false,"is_safe_for_ads":true,"megafon_contents":[],"position_on_page":7},{"flag":null,"abuses":null,"recoubs_by_users_channels":null,"favourite":false,"promoted_id":null,"recoub":null,"like":null,"dislike":null,"reaction":null,"in_my_best2015":false,"id":52697327,"type":"Coub::Simple","permalink":"uxcgf","title":"Nyan snake","visibility_type":"public","original_visibility_type":"public","channel_id":1178442,"created_at":"2017-06-10T20:54:52Z","updated_at":"2022-03-17T20:12:53Z","is_done":true,"views_count":117056,"cotd":null,"cotd_at":null,"visible_on_explore_root":true,"visible_on_explore":true,"featured":true,"published":true,"published_at":"2017-06-10T20:54:52Z","reversed":false,"from_editor_v2":true,"is_editable":true,"original_sound":false,"has_sound":false,"recoub_to":null,"file_versions":{"html5":{"video":{"higher":{"url":"https://coub-anubis-a.akamaized.net/coub_storage/coub/simple/cw_file/f74e9e3ecfe/02c5ba986c9d68305d4f0/muted_mp4_huge_size_1568119219_muted_huge.mp4","size":3256474},"high":{"url":"https://coub-anubis-a.akamaized.net/coub_storage/coub/simple/cw_file/f74e9e3ecfe/02c5ba986c9d68305d4f0/muted_mp4_big_size_1568119219_muted_big.mp4","size":2181118},"med":{"url":"https://coub-anubis-a.akamaized.net/coub_storage/coub/simple/cw_file/f74e9e3ecfe/02c5ba986c9d68305d4f0/muted_mp4_med_size_1568119219_muted_med.mp4","size":779052}},"audio":{"high":{"url":"https://coub-anubis-a.akamaized.net/coub_storage/coub/simple/cw_looped_audio_high/f179964708e/1d5c0e86b61060b6783b3/1605602798_high_1497128108_high.mp3","size":957279},"med":{"url":"https://coub-anubis-a.akamaized.net/coub_storage/coub/simple/cw_looped_audio_med/1d2fe5276a3/0e34d9a9fbf11f9a3990d/1605602797_med_1497128108_med.mp3","size":701081}}},"mobile":{"video":"https://coub-anubis-a.akamaized.net/coub_storage/coub/simple/cw_file/f74e9e3ecfe/02c5ba986c9d68305d4f0/muted_mp4_med_size_1568119219_muted_med.mp4","audio":["https://coub-anubis-a.akamaized.net/coub_storage/coub/simple/cw_looped_audio_med/1d2fe5276a3/0e34d9a9fbf11f9a3990d/1605602797_med_1497128108_med.mp3"]},"share":{"default":"https://coub-anubis-a.akamaized.net/coub_storage/coub/simple/cw_video_for_sharing/5508698422f/bced315a6d6ad21ecfa95/1625529916_looped_1625529914.mp4"}},"audio_versions":{"template":"https://coub-anubis-a.akamaized.net/coub_storage/audio_track/cw_normalized_copy/0e0b8cf3750/56c302573e6fe71b311bf/mid_1497128104_1rqo0w1_normalized_1497128099_parw3r_edited.mp3","versions":["mid","low"]},"image_versions":{"template":"https://coub-anubis-a.akamaized.net/coub_storage/coub/simple/cw_image/e3c1270c8dd/2656636e3dbf95a98bef1/1497128114_00032.jpg","versions":["micro","tiny","age_restricted","ios_large","ios_mosaic","big","med","small","pinterest"]},"first_frame_versions":{"template":"https://coub-anubis-a.akamaized.net/coub_storage/coub/simple/cw_timeline_pic/e3c1270c8dd/2656636e3dbf95a98bef1/1497128114_image.jpg","versions":["big","med","small","ios_large"]},"dimensions":{"big":[1280,720],"med":[640,360]},"site_w_h":[640,360],"page_w_h":[640,360],"site_w_h_small":[310,174],"size":[1280,720],"age_restricted":false,"age_restricted_by_admin":false,"not_safe_for_work":false,"allow_reuse":false,"dont_crop":false,"banned":false,"global_safe":true,"audio_file_url":"https://coub-anubis-a.akamaized.net/coub_storage/audio_track/cw_normalized_copy/0e0b8cf3750/56c302573e6fe71b311bf/low_1497128104_1rqo0w1_normalized_1497128099_parw3r_edited.mp3","external_download":{"type":"Facebook","service_name":"Facebook","url":"http://www.facebook.com/wearealaya/videos/1398218316912924/","has_embed":false},"application":null,"channel":{"id":1178442,"permalink":"kinomozg-stuff","title":"kinomozg-stuff","description":"Quick fixes mostly. My main channel - kinomozg","followers_count":2011,"following_count":1,"avatar_versions":{"template":"https://coub-anubis-a.akamaized.net/coub_storage/channel/cw_avatar/7be5cc1a75d/247fe8386e988ffe2eece/%{version}_1608473513_14ft9an_1474542619_88016501.jpg","versions":["medium","medium_2x","profile_pic","profile_pic_new","profile_pic_new_2x","tiny","tiny_2x","small","small_2x","ios_large","ios_small"]}},"file":null,"picture":"https://coub-anubis-a.akamaized.net/coub_storage/coub/simple/cw_image/e3c1270c8dd/2656636e3dbf95a98bef1/1497128114_00032.jpg","timeline_picture":"https://coub-anubis-a.akamaized.net/coub_storage/coub/simple/cw_timeline_pic/e3c1270c8dd/2656636e3dbf95a98bef1/1497128114_image.jpg","small_picture":"https://coub-anubis-a.akamaized.net/coub_storage/coub/simple/cw_image/e3c1270c8dd/2656636e3dbf95a98bef1/1497128114_00032.jpg","sharing_picture":null,"percent_done":100,"tags":[{"id":2070,"title":"animals","value":"animals"},{"id":18516,"title":"snake","value":"snake"},{"id":34346,"title":"nyancat","value":"nyancat"},{"id":9429,"title":"nyan cat","value":"nyan%20cat"},{"id":1046,"title":"nyan","value":"nyan"}],"categories":[{"id":32,"title":"Animals & Pets","permalink":"animals-pets","subscriptions_count":10082576,"big_image_url":"https://coub-anubis-a.akamaized.net/coub_storage/category/cw_image/60432c0f1f4/5d35698dc76c52d5f9e63/big_1544749976_animals2.png","small_image_url":"https://coub-anubis-a.akamaized.net/coub_storage/category/cw_image/60432c0f1f4/5d35698dc76c52d5f9e63/small_1544749976_animals2.png","med_image_url":"https://coub-anubis-a.akamaized.net/coub_storage/category/cw_image/60432c0f1f4/5d35698dc76c52d5f9e63/med_1544749976_animals2.png","visible":true}],"communities":[{"id":32,"title":"Animals & Pets","permalink":"animals-pets","subscriptions_count":10082576,"big_image_url":"https://coub-anubis-a.akamaized.net/coub_storage/category/cw_image/60432c0f1f4/5d35698dc76c52d5f9e63/big_1544749976_animals2.png","small_image_url":"https://coub-anubis-a.akamaized.net/coub_storage/category/cw_image/60432c0f1f4/5d35698dc76c52d5f9e63/small_1544749976_animals2.png","med_image_url":"https://coub-anubis-a.akamaized.net/coub_storage/category/cw_image/60432c0f1f4/5d35698dc76c52d5f9e63/med_1544749976_animals2.png","i_subscribed":true,"community_notifications_enabled":null,"description":null}],"recoubs_count":353,"remixes_count":1,"likes_count":1778,"dislikes_count":0,"raw_video_id":9771055,"uploaded_by_ios_app":true,"uploaded_by_android_app":false,"media_blocks":{"uploaded_raw_videos":[],"external_raw_videos":[{"id":20930343,"title":"Facebook video #1398218316912924","url":"https://www.facebook.com/wearealaya/videos/1398218316912924","image":"https://coub-anubis-a.akamaized.net/coub_storage/media_block/cw_image/3c200c580cc/25bd3d602adb2d25adaaf/1497127796_1497127795_image.jpg","image_retina":"https://coub-anubis-a.akamaized.net/coub_storage/media_block/cw_image/3c200c580cc/25bd3d602adb2d25adaaf/1497127796_1497127795_image.jpg","meta":{"service":"Facebook","duration":"14.567"},"duration":14.567,"raw_video_id":9771055,"has_embed":false}],"remixed_from_coubs":[],"external_video":{"id":20930343,"title":"Facebook video #1398218316912924","url":"https://www.facebook.com/wearealaya/videos/1398218316912924","image":"https://coub-anubis-a.akamaized.net/coub_storage/media_block/cw_image/3c200c580cc/25bd3d602adb2d25adaaf/1497127796_1497127795_image.jpg","image_retina":"https://coub-anubis-a.akamaized.net/coub_storage/media_block/cw_image/3c200c580cc/25bd3d602adb2d25adaaf/1497127796_1497127795_image.jpg","meta":{"service":"Facebook","duration":"14.567"},"duration":14.567,"raw_video_id":9771055,"has_embed":false}},"raw_video_thumbnail_url":"/missing/missing.png","raw_video_title":"Facebook video #1398218316912924","video_block_banned":false,"duration":10.0,"promo_winner":false,"promo_winner_recoubers":null,"editorial_info":{},"promo_hint":null,"beeline_best_2014":null,"from_web_editor":false,"normalize_sound":true,"normalize_change_allowed":true,"best2015_addable":false,"ahmad_promo":null,"promo_data":null,"audio_copyright_claim":null,"ads_disabled":null,"is_safe_for_ads":true,"megafon_contents":[],"position_on_page":8},{"flag":null,"abuses":null,"recoubs_by_users_channels":null,"favourite":false,"promoted_id":null,"recoub":null,"like":null,"dislike":null,"reaction":null,"in_my_best2015":false,"id":77676238,"type":"Coub::Simple","permalink":"19u8hl","title":"Rise and shine at the same time ","visibility_type":"public","original_visibility_type":"public","channel_id":2541343,"created_at":"2018-06-20T07:16:44Z","updated_at":"2022-03-17T04:17:02Z","is_done":true,"views_count":150699,"cotd":null,"cotd_at":null,"visible_on_explore_root":false,"visible_on_explore":false,"featured":false,"published":true,"published_at":"2018-06-20T07:16:44Z","reversed":false,"from_editor_v2":true,"is_editable":true,"original_sound":true,"has_sound":true,"recoub_to":null,"file_versions":{"html5":{"video":{"higher":{"url":"https://coub-anubis-a.akamaized.net/coub_storage/coub/simple/cw_file/b57a8205153/98052c21f2fc2424867e2/muted_mp4_huge_size_1568248985_muted_huge.mp4","size":2052555},"high":{"url":"https://coub-anubis-a.akamaized.net/coub_storage/coub/simple/cw_file/b57a8205153/98052c21f2fc2424867e2/muted_mp4_big_size_1568248985_muted_big.mp4","size":1444151},"med":{"url":"https://coub-anubis-a.akamaized.net/coub_storage/coub/simple/cw_file/b57a8205153/98052c21f2fc2424867e2/muted_mp4_med_size_1568248985_muted_med.mp4","size":472301}},"audio":{"high":{"url":"https://coub-anubis-a.akamaized.net/coub_storage/coub/simple/cw_looped_audio_high/91c2e7754a5/460ec98848764510f88ee/1605622742_high_1529479017_high.mp3","size":874772},"med":{"url":"https://coub-anubis-a.akamaized.net/coub_storage/coub/simple/cw_looped_audio_med/729657fc115/d419d7d54f1aa996f1758/1605622741_med_1529479017_med.mp3","size":869545},"sample_duration":9.984}},"mobile":{"video":"https://coub-anubis-a.akamaized.net/coub_storage/coub/simple/cw_file/b57a8205153/98052c21f2fc2424867e2/muted_mp4_med_size_1568248985_muted_med.mp4","audio":["https://coub-anubis-a.akamaized.net/coub_storage/coub/simple/cw_looped_audio_med/729657fc115/d419d7d54f1aa996f1758/1605622741_med_1529479017_med.mp3"]},"share":{"default":"https://coub-anubis-a.akamaized.net/coub_storage/coub/simple/cw_video_for_sharing/fe0636a62d4/688f04a67970e040b4653/1608537087_looped_1608537086.mp4"}},"audio_versions":{},"image_versions":{"template":"https://coub-anubis-a.akamaized.net/coub_storage/coub/simple/cw_image/e24de61a90b/b6cfabbad3e741630f645/1529479022_00032.jpg","versions":["micro","tiny","age_restricted","ios_large","ios_mosaic","big","med","small","pinterest"]},"first_frame_versions":{"template":"https://coub-anubis-a.akamaized.net/coub_storage/coub/simple/cw_timeline_pic/fc57d0e219e/b3d6fdf3bc76778caab20/%{version}_1529479022_image.jpg","versions":["big","med","small","ios_large"]},"dimensions":{"big":[602,960],"med":[300,480]},"site_w_h":[251,400],"page_w_h":[400,638],"site_w_h_small":[310,494],"size":[602,960],"age_restricted":false,"age_restricted_by_admin":false,"not_safe_for_work":false,"allow_reuse":false,"dont_crop":false,"banned":false,"global_safe":true,"audio_file_url":null,"external_download":false,"application":null,"channel":{"id":2541343,"permalink":"a-poka00","title":"A poka","description":null,"followers_count":657,"following_count":0,"avatar_versions":{"template":"https://coub-anubis-a.akamaized.net/coub_storage/channel/cw_avatar/d665bc3333e/0945cd032f01f8e707dbe/%{version}_1607428849_15m8axs_1520417398_black-cats-art-work.jpg","versions":["medium","medium_2x","profile_pic","profile_pic_new","profile_pic_new_2x","tiny","tiny_2x","small","small_2x","ios_large","ios_small"]}},"file":null,"picture":"https://coub-anubis-a.akamaized.net/coub_storage/coub/simple/cw_image/e24de61a90b/b6cfabbad3e741630f645/1529479022_00032.jpg","timeline_picture":"https://coub-anubis-a.akamaized.net/coub_storage/coub/simple/cw_timeline_pic/fc57d0e219e/b3d6fdf3bc76778caab20/ios_large_1529479022_image.jpg","small_picture":"https://coub-anubis-a.akamaized.net/coub_storage/coub/simple/cw_image/e24de61a90b/b6cfabbad3e741630f645/1529479022_00032.jpg","sharing_picture":null,"percent_done":100,"tags":[{"id":419,"title":"dog","value":"dog"},{"id":2070,"title":"animals","value":"animals"},{"id":4066652,"title":"chicken chief","value":"chicken%20chief"},{"id":933,"title":"morning","value":"morning"},{"id":757,"title":"cute","value":"cute"},{"id":1394156,"title":"doggo","value":"doggo"}],"categories":[{"id":32,"title":"Animals & Pets","permalink":"animals-pets","subscriptions_count":10082576,"big_image_url":"https://coub-anubis-a.akamaized.net/coub_storage/category/cw_image/60432c0f1f4/5d35698dc76c52d5f9e63/big_1544749976_animals2.png","small_image_url":"https://coub-anubis-a.akamaized.net/coub_storage/category/cw_image/60432c0f1f4/5d35698dc76c52d5f9e63/small_1544749976_animals2.png","med_image_url":"https://coub-anubis-a.akamaized.net/coub_storage/category/cw_image/60432c0f1f4/5d35698dc76c52d5f9e63/med_1544749976_animals2.png","visible":true}],"communities":[{"id":32,"title":"Animals & Pets","permalink":"animals-pets","subscriptions_count":10082576,"big_image_url":"https://coub-anubis-a.akamaized.net/coub_storage/category/cw_image/60432c0f1f4/5d35698dc76c52d5f9e63/big_1544749976_animals2.png","small_image_url":"https://coub-anubis-a.akamaized.net/coub_storage/category/cw_image/60432c0f1f4/5d35698dc76c52d5f9e63/small_1544749976_animals2.png","med_image_url":"https://coub-anubis-a.akamaized.net/coub_storage/category/cw_image/60432c0f1f4/5d35698dc76c52d5f9e63/med_1544749976_animals2.png","i_subscribed":true,"community_notifications_enabled":null,"description":null}],"recoubs_count":331,"remixes_count":2,"likes_count":1777,"dislikes_count":0,"raw_video_id":11914815,"uploaded_by_ios_app":false,"uploaded_by_android_app":false,"media_blocks":{"uploaded_raw_videos":[],"external_raw_videos":[],"remixed_from_coubs":[]},"raw_video_thumbnail_url":"/missing/missing.png","raw_video_title":"shy4f.mp4","video_block_banned":false,"duration":9.96,"promo_winner":false,"promo_winner_recoubers":null,"editorial_info":{},"promo_hint":null,"beeline_best_2014":null,"from_web_editor":true,"normalize_sound":true,"normalize_change_allowed":true,"best2015_addable":false,"ahmad_promo":null,"promo_data":null,"audio_copyright_claim":null,"ads_disabled":false,"is_safe_for_ads":true,"megafon_contents":[],"position_on_page":9},{"flag":null,"abuses":null,"recoubs_by_users_channels":null,"favourite":false,"promoted_id":null,"recoub":null,"like":null,"dislike":null,"reaction":null,"in_my_best2015":false,"id":16290619,"type":"Coub::Simple","permalink":"990m8","title":"Dangerous cucumbers","visibility_type":"public","original_visibility_type":"public","channel_id":136774,"created_at":"2015-11-17T19:00:57Z","updated_at":"2022-03-05T22:41:41Z","is_done":true,"views_count":144218,"cotd":null,"cotd_at":null,"visible_on_explore_root":false,"visible_on_explore":false,"featured":false,"published":true,"published_at":"2015-11-17T19:00:57Z","reversed":false,"from_editor_v2":true,"is_editable":true,"original_sound":false,"has_sound":false,"recoub_to":null,"file_versions":{"html5":{"video":{"higher":{"url":"https://coub-anubis-a.akamaized.net/coub_storage/coub/simple/cw_file/f66f52c1708/aada5e9e7cf01c0fae362/muted_mp4_huge_size_1567823341_muted_huge.mp4","size":2942598},"high":{"url":"https://coub-anubis-a.akamaized.net/coub_storage/coub/simple/cw_file/f66f52c1708/aada5e9e7cf01c0fae362/muted_mp4_big_size_1567823341_muted_big.mp4","size":1978186},"med":{"url":"https://coub-anubis-a.akamaized.net/coub_storage/coub/simple/cw_file/f66f52c1708/aada5e9e7cf01c0fae362/muted_mp4_med_size_1567823341_muted_med.mp4","size":554149}},"audio":{"high":{"url":"https://coub-anubis-a.akamaized.net/coub_storage/coub/simple/cw_looped_audio_high/b6686d4fd2b/c8feeaeb7d43c92e0dfce/1605465050_high_1470844548_high.mp3","size":7064219},"med":{"url":"https://coub-anubis-a.akamaized.net/coub_storage/coub/simple/cw_looped_audio_med/e14c2ae7b37/67cc658f081c6f08991f4/1605465049_med_1470844548_med.mp3","size":5650064}}},"mobile":{"video":"https://coub-anubis-a.akamaized.net/coub_storage/coub/simple/cw_file/f66f52c1708/aada5e9e7cf01c0fae362/muted_mp4_med_size_1567823341_muted_med.mp4","audio":["https://coub-anubis-a.akamaized.net/coub_storage/coub/simple/cw_looped_audio_med/e14c2ae7b37/67cc658f081c6f08991f4/1605465049_med_1470844548_med.mp3"]},"share":{"default":"https://coub-anubis-a.akamaized.net/coub_storage/coub/simple/cw_video_for_sharing/5bb5e5377f2/0ecd4258b33d17e9c8568/1613183207_looped_1613183206.mp4"}},"audio_versions":{"template":"https://coub-anubis-a.akamaized.net/coub_storage/audio_track/cw_normalized_copy/d1f5b2f43a4/f1825ef3a102187b374a7/mid_1471322192_1r534aa_normalized_1447786749_audio.mp3","versions":["mid","low"]},"image_versions":{"template":"https://coub-anubis-a.akamaized.net/coub_storage/coub/simple/cw_image/59d3fbd814b/1f9e67505bf0ecc22cc7c/1470844495_00030.jpg","versions":["micro","tiny","age_restricted","ios_large","ios_mosaic","big","med","small","pinterest"]},"first_frame_versions":{"template":"https://coub-anubis-a.akamaized.net/coub_storage/coub/simple/cw_timeline_pic/d382d9ea600/f3bc465a33d69805f6390/%{version}_1470844506_image.jpg","versions":["big","med","small","ios_large"]},"dimensions":{"big":[1280,834],"med":[640,416]},"site_w_h":[640,417],"page_w_h":[640,417],"site_w_h_small":[310,202],"size":[1280,834],"age_restricted":false,"age_restricted_by_admin":false,"not_safe_for_work":false,"allow_reuse":false,"dont_crop":false,"banned":false,"global_safe":true,"audio_file_url":"https://coub-anubis-a.akamaized.net/coub_storage/audio_track/cw_normalized_copy/d1f5b2f43a4/f1825ef3a102187b374a7/low_1471322192_1r534aa_normalized_1447786749_audio.mp3","external_download":{"type":"Youtube","service_name":"YouTube","url":"http://www.youtube.com/watch?v=AX1B9yZKRuA","has_embed":true},"application":null,"channel":{"id":136774,"permalink":"ob-ivankenobi","title":"Ob-Ivan Kenobi","description":"Yippee-ki-yay, motherfucker","followers_count":277,"following_count":214,"avatar_versions":{"template":"https://coub-anubis-a.akamaized.net/coub_storage/channel/cw_avatar/582aafc6660/49da9f918cace592ae499/%{version}_1474488257_17uw0a_att-url-download.jpg","versions":["medium","medium_2x","profile_pic","profile_pic_new","profile_pic_new_2x","tiny","tiny_2x","small","small_2x","ios_large","ios_small"]}},"file":null,"picture":"https://coub-anubis-a.akamaized.net/coub_storage/coub/simple/cw_image/59d3fbd814b/1f9e67505bf0ecc22cc7c/1470844495_00030.jpg","timeline_picture":"https://coub-anubis-a.akamaized.net/coub_storage/coub/simple/cw_timeline_pic/d382d9ea600/f3bc465a33d69805f6390/ios_large_1470844506_image.jpg","small_picture":"https://coub-anubis-a.akamaized.net/coub_storage/coub/simple/cw_image/59d3fbd814b/1f9e67505bf0ecc22cc7c/1470844495_00030.jpg","sharing_picture":null,"percent_done":100,"tags":[{"id":11626,"title":"dangerous","value":"dangerous"},{"id":39,"title":"cats","value":"cats"},{"id":16838,"title":"cucumber","value":"cucumber"}],"categories":[{"id":32,"title":"Animals & Pets","permalink":"animals-pets","subscriptions_count":10082576,"big_image_url":"https://coub-anubis-a.akamaized.net/coub_storage/category/cw_image/60432c0f1f4/5d35698dc76c52d5f9e63/big_1544749976_animals2.png","small_image_url":"https://coub-anubis-a.akamaized.net/coub_storage/category/cw_image/60432c0f1f4/5d35698dc76c52d5f9e63/small_1544749976_animals2.png","med_image_url":"https://coub-anubis-a.akamaized.net/coub_storage/category/cw_image/60432c0f1f4/5d35698dc76c52d5f9e63/med_1544749976_animals2.png","visible":true}],"communities":[{"id":32,"title":"Animals & Pets","permalink":"animals-pets","subscriptions_count":10082576,"big_image_url":"https://coub-anubis-a.akamaized.net/coub_storage/category/cw_image/60432c0f1f4/5d35698dc76c52d5f9e63/big_1544749976_animals2.png","small_image_url":"https://coub-anubis-a.akamaized.net/coub_storage/category/cw_image/60432c0f1f4/5d35698dc76c52d5f9e63/small_1544749976_animals2.png","med_image_url":"https://coub-anubis-a.akamaized.net/coub_storage/category/cw_image/60432c0f1f4/5d35698dc76c52d5f9e63/med_1544749976_animals2.png","i_subscribed":true,"community_notifications_enabled":null,"description":null}],"recoubs_count":475,"remixes_count":1,"likes_count":1777,"dislikes_count":0,"raw_video_id":1872886,"uploaded_by_ios_app":false,"uploaded_by_android_app":false,"media_blocks":{"uploaded_raw_videos":[],"external_raw_videos":[{"id":12190024,"title":"Коты и опасные огурцы","url":"http://www.youtube.com/watch?v=AX1B9yZKRuA","image":"https://coub-anubis-a.akamaized.net/coub_storage/media_block/cw_image/7a8e471f663/22f9a8d74f5cb21ce5e56/1488808759_1447782039_1qx95pw_att-url-download.jpg","image_retina":"https://coub-anubis-a.akamaized.net/coub_storage/media_block/cw_image/7a8e471f663/22f9a8d74f5cb21ce5e56/1488808759_1447782039_1qx95pw_att-url-download.jpg","meta":{"service":"Youtube","duration":"43.16"},"duration":43.16,"raw_video_id":1872886,"has_embed":true}],"remixed_from_coubs":[],"external_video":{"id":12190024,"title":"Коты и опасные огурцы","url":"http://www.youtube.com/watch?v=AX1B9yZKRuA","image":"https://coub-anubis-a.akamaized.net/coub_storage/media_block/cw_image/7a8e471f663/22f9a8d74f5cb21ce5e56/1488808759_1447782039_1qx95pw_att-url-download.jpg","image_retina":"https://coub-anubis-a.akamaized.net/coub_storage/media_block/cw_image/7a8e471f663/22f9a8d74f5cb21ce5e56/1488808759_1447782039_1qx95pw_att-url-download.jpg","meta":{"service":"Youtube","duration":"43.16"},"duration":43.16,"raw_video_id":1872886,"has_embed":true}},"raw_video_thumbnail_url":"/missing/missing.png","raw_video_title":"Коты и опасные огурцы","video_block_banned":false,"duration":9.4,"promo_winner":false,"promo_winner_recoubers":null,"editorial_info":{},"promo_hint":null,"beeline_best_2014":null,"from_web_editor":true,"normalize_sound":true,"normalize_change_allowed":true,"best2015_addable":false,"ahmad_promo":null,"promo_data":null,"audio_copyright_claim":null,"ads_disabled":false,"is_safe_for_ads":true,"megafon_contents":[],"position_on_page":10}]}