{"page":212,"per_page":10,"total_pages":500,"coubs":[{"flag":null,"abuses":null,"recoubs_by_users_channels":null,"favourite":false,"promoted_id":null,"recoub":null,"like":null,"dislike":null,"reaction":null,"in_my_best2015":false,"id":92077626,"type":"Coub::Simple","permalink":"1iewrf","title":"Я пердоля","visibility_type":"public","original_visibility_type":"public","channel_id":3933832,"created_at":"2018-11-22T04:32:16Z","updated_at":"2022-03-09T06:07:42Z","is_done":true,"views_count":210072,"cotd":null,"cotd_at":null,"visible_on_explore_root":false,"visible_on_explore":false,"featured":false,"published":true,"published_at":"2018-11-22T04:32:16Z","reversed":false,"from_editor_v2":true,"is_editable":true,"original_sound":true,"has_sound":true,"recoub_to":null,"file_versions":{"html5":{"video":{"higher":{"url":"https://coub-anubis-a.akamaized.net/coub_storage/coub/simple/cw_file/0a217f8d281/790810facded1cc157d58/muted_mp4_huge_size_1573221403_muted_huge.mp4","size":1909485},"high":{"url":"https://coub-anubis-a.akamaized.net/coub_storage/coub/simple/cw_file/0a217f8d281/790810facded1cc157d58/muted_mp4_big_size_1573221403_muted_big.mp4","size":1348705},"med":{"url":"https://coub-anubis-a.akamaized.net/coub_storage/coub/simple/cw_file/0a217f8d281/790810facded1cc157d58/muted_mp4_med_size_1573221403_muted_med.mp4","size":430205}},"audio":{"high":{"url":"https://coub-anubis-a.akamaized.net/coub_storage/coub/simple/cw_looped_audio_high/564a846437e/3e3f2b93af111971d190f/1605657353_high_1542861139_high.mp3","size":1179444},"med":{"url":"https://coub-anubis-a.akamaized.net/coub_storage/coub/simple/cw_looped_audio_med/36ef5529291/e1620d22e5840fb45c28c/1605657353_med_1542861139_med.mp3","size":839421},"sample_duration":8.755}},"mobile":{"video":"https://coub-anubis-a.akamaized.net/coub_storage/coub/simple/cw_file/0a217f8d281/790810facded1cc157d58/muted_mp4_med_size_1573221403_muted_med.mp4","audio":["https://coub-anubis-a.akamaized.net/coub_storage/coub/simple/cw_looped_audio_med/36ef5529291/e1620d22e5840fb45c28c/1605657353_med_1542861139_med.mp3"]},"share":{"default":"https://coub-anubis-a.akamaized.net/coub_storage/coub/simple/cw_video_for_sharing/a843fd7405e/105060f744bfa0ca40dcc/1608667972_looped_1608667971.mp4"}},"audio_versions":{},"image_versions":{"template":"https://coub-anubis-a.akamaized.net/coub_storage/coub/simple/cw_image/ab273d09f48/85f2b92033f6dff1846af/1542861145_00028.jpg","versions":["micro","tiny","age_restricted","ios_large","ios_mosaic","big","med","small","pinterest"]},"first_frame_versions":{"template":"https://coub-anubis-a.akamaized.net/coub_storage/coub/simple/cw_timeline_pic/a38dbc0b8aa/320aa7d1b2d4f71e6f755/%{version}_1542861144_image.jpg","versions":["big","med","small","ios_large"]},"dimensions":{"big":[540,960],"med":[270,480]},"site_w_h":[225,400],"page_w_h":[400,711],"site_w_h_small":[310,551],"size":[540,960],"age_restricted":false,"age_restricted_by_admin":false,"not_safe_for_work":false,"allow_reuse":false,"dont_crop":false,"banned":false,"global_safe":false,"audio_file_url":null,"external_download":false,"application":null,"channel":{"id":3933832,"permalink":"pronoob1337","title":"ProNOOB1337","description":null,"followers_count":124,"following_count":15,"avatar_versions":{"template":"https://coub-anubis-a.akamaized.net/coub_storage/channel/cw_avatar/3461049bf12/47e3bec29d044c53d92f2/%{version}_1607975324_rmmhxw_1511632095_9631051xqe.jpg","versions":["medium","medium_2x","profile_pic","profile_pic_new","profile_pic_new_2x","tiny","tiny_2x","small","small_2x","ios_large","ios_small"]}},"file":null,"picture":"https://coub-anubis-a.akamaized.net/coub_storage/coub/simple/cw_image/ab273d09f48/85f2b92033f6dff1846af/1542861145_00028.jpg","timeline_picture":"https://coub-anubis-a.akamaized.net/coub_storage/coub/simple/cw_timeline_pic/a38dbc0b8aa/320aa7d1b2d4f71e6f755/ios_large_1542861144_image.jpg","small_picture":"https://coub-anubis-a.akamaized.net/coub_storage/coub/simple/cw_image/ab273d09f48/85f2b92033f6dff1846af/1542861145_00028.jpg","sharing_picture":null,"percent_done":100,"tags":[{"id":2110,"title":"животные","value":"%D0%B6%D0%B8%D0%B2%D0%BE%D1%82%D0%BD%D1%8B%D0%B5"},{"id":2851,"title":"animal","value":"animal"}],"categories":[{"id":32,"title":"Animals & Pets","permalink":"animals-pets","subscriptions_count":10082576,"big_image_url":"https://coub-anubis-a.akamaized.net/coub_storage/category/cw_image/60432c0f1f4/5d35698dc76c52d5f9e63/big_1544749976_animals2.png","small_image_url":"https://coub-anubis-a.akamaized.net/coub_storage/category/cw_image/60432c0f1f4/5d35698dc76c52d5f9e63/small_1544749976_animals2.png","med_image_url":"https://coub-anubis-a.akamaized.net/coub_storage/category/cw_image/60432c0f1f4/5d35698dc76c52d5f9e63/med_1544749976_animals2.png","visible":true}],"communities":[{"id":32,"title":"Animals & Pets","permalink":"animals-pets","subscriptions_count":10082576,"big_image_url":"https://coub-anubis-a.akamaized.net/coub_storage/category/cw_image/60432c0f1f4/5d35698dc76c52d5f9e63/big_1544749976_animals2.png","small_image_url":"https://coub-anubis-a.akamaized.net/coub_storage/category/cw_image/60432c0f1f4/5d35698dc76c52d5f9e63/small_1544749976_animals2.png","med_image_url":"https://coub-anubis-a.akamaized.net/coub_storage/category/cw_image/60432c0f1f4/5d35698dc76c52d5f9e63/med_1544749976_animals2.png","i_subscribed":true,"community_notifications_enabled":null,"description":null}],"recoubs_count":660,"remixes_count":0,"likes_count":3362,"dislikes_count":0,"raw_video_id":12739944,"uploaded_by_ios_app":false,"uploaded_by_android_app":false,"media_blocks":{"uploaded_raw_videos":[],"external_raw_videos":[],"remixed_from_coubs":[]},"raw_video_thumbnail_url":"/missing/missing.png","raw_video_title":"385939.mp4","video_block_banned":false,"duration":8.84,"promo_winner":false,"promo_winner_recoubers":null,"editorial_info":{},"promo_hint":null,"beeline_best_2014":null,"from_web_editor":true,"normalize_sound":true,"normalize_change_allowed":true,"best2015_addable":false,"ahmad_promo":null,"promo_data":null,"audio_copyright_claim":null,"ads_disabled":false,"is_safe_for_ads":true,"megafon_contents":[],"position_on_page":1},{"flag":null,"abuses":null,"recoubs_by_users_channels":null,"favourite":false,"promoted_id":null,"recoub":null,"like":null,"dislike":null,"reaction":null,"in_my_best2015":false,"id":79707236,"type":"Coub::Simple","permalink":"1b1rml","title":"My name is Bond, James Bond","visibility_type":"public","original_visibility_type":"public","channel_id":4523948,"created_at":"2018-07-14T08:51:15Z","updated_at":"2022-03-15T19:28:50Z","is_done":true,"views_count":215679,"cotd":null,"cotd_at":null,"visible_on_explore_root":false,"visible_on_explore":false,"featured":false,"published":true,"published_at":"2018-07-14T08:51:15Z","reversed":true,"from_editor_v2":true,"is_editable":true,"original_sound":false,"has_sound":false,"recoub_to":null,"file_versions":{"html5":{"video":{"higher":{"url":"https://coub-anubis-a.akamaized.net/coub_storage/coub/simple/cw_file/11c8a64a033/3ba40c48c8a215f15deeb/muted_mp4_huge_size_1569625037_muted_huge.mp4","size":1879620},"high":{"url":"https://coub-anubis-a.akamaized.net/coub_storage/coub/simple/cw_file/11c8a64a033/3ba40c48c8a215f15deeb/muted_mp4_big_size_1569625037_muted_big.mp4","size":1249381},"med":{"url":"https://coub-anubis-a.akamaized.net/coub_storage/coub/simple/cw_file/11c8a64a033/3ba40c48c8a215f15deeb/muted_mp4_med_size_1569625037_muted_med.mp4","size":348259}},"audio":{"high":{"url":"https://coub-anubis-a.akamaized.net/coub_storage/coub/simple/cw_looped_audio_high/6b8ca023557/7725ea597a3e5bf084219/1605619039_high_1536167249_high.mp3","size":960463},"med":{"url":"https://coub-anubis-a.akamaized.net/coub_storage/coub/simple/cw_looped_audio_med/74515290027/dda5cda0c482084cdedff/1605619039_med_1536167249_med.mp3","size":949572}}},"mobile":{"video":"https://coub-anubis-a.akamaized.net/coub_storage/coub/simple/cw_file/11c8a64a033/3ba40c48c8a215f15deeb/muted_mp4_med_size_1569625037_muted_med.mp4","audio":["https://coub-anubis-a.akamaized.net/coub_storage/coub/simple/cw_looped_audio_med/74515290027/dda5cda0c482084cdedff/1605619039_med_1536167249_med.mp3"]},"share":{"default":"https://coub-anubis-a.akamaized.net/coub_storage/coub/simple/cw_video_for_sharing/907a97a7289/c88186224919aa77a61fc/1608168339_looped_1608168338.mp4"}},"audio_versions":{"template":"https://coub-anubis-a.akamaized.net/coub_storage/audio_track/cw_file/71bab51085d/e892ba4b9b0e1dc2e0012/mid_1536167246_1tj2bxg_edited.mp3","versions":["mid","low"]},"image_versions":{"template":"https://coub-anubis-a.akamaized.net/coub_storage/coub/simple/cw_image/6666b36bcfb/48e25252c42877f41eb87/1536167263_00032.jpg","versions":["micro","tiny","age_restricted","ios_large","ios_mosaic","big","med","small","pinterest"]},"first_frame_versions":{"template":"https://coub-anubis-a.akamaized.net/coub_storage/coub/simple/cw_timeline_pic/17f54daf6e8/33b23094ff92975f9e0d7/%{version}_1536167262_image.jpg","versions":["big","med","small","ios_large"]},"dimensions":{"big":[960,960],"med":[480,480]},"site_w_h":[400,400],"page_w_h":[400,400],"site_w_h_small":[310,310],"size":[960,960],"age_restricted":false,"age_restricted_by_admin":false,"not_safe_for_work":false,"allow_reuse":false,"dont_crop":false,"banned":false,"global_safe":true,"audio_file_url":"https://coub-anubis-a.akamaized.net/coub_storage/audio_track/cw_file/71bab51085d/e892ba4b9b0e1dc2e0012/low_1536167246_1tj2bxg_edited.mp3","external_download":false,"application":null,"channel":{"id":4523948,"permalink":"watcher.stuff","title":"Anakin SkyWatcher","description":null,"followers_count":3766,"following_count":5,"avatar_versions":{"template":"https://coub-anubis-a.akamaized.net/coub_storage/channel/cw_avatar/ff99a711d57/4fe9de7d3788b73915c0a/%{version}_1607636617_qomhyb_1563572951_s1200.jpg","versions":["medium","medium_2x","profile_pic","profile_pic_new","profile_pic_new_2x","tiny","tiny_2x","small","small_2x","ios_large","ios_small"]}},"file":null,"picture":"https://coub-anubis-a.akamaized.net/coub_storage/coub/simple/cw_image/6666b36bcfb/48e25252c42877f41eb87/1536167263_00032.jpg","timeline_picture":"https://coub-anubis-a.akamaized.net/coub_storage/coub/simple/cw_timeline_pic/17f54daf6e8/33b23094ff92975f9e0d7/ios_large_1536167262_image.jpg","small_picture":"https://coub-anubis-a.akamaized.net/coub_storage/coub/simple/cw_image/6666b36bcfb/48e25252c42877f41eb87/1536167263_00032.jpg","sharing_picture":null,"percent_done":100,"tags":[{"id":11970,"title":"funny video","value":"funny%20video"},{"id":10086,"title":"funny animals","value":"funny%20animals"},{"id":230246,"title":"cockatiel","value":"cockatiel"},{"id":2070,"title":"animals","value":"animals"},{"id":2851,"title":"animal","value":"animal"},{"id":2505,"title":"smile","value":"smile"},{"id":174,"title":"funny","value":"funny"},{"id":27706,"title":"james bond","value":"james%20bond"},{"id":62508,"title":"bond","value":"bond"},{"id":10084,"title":"birds","value":"birds"},{"id":1398416,"title":"birb","value":"birb"},{"id":2652,"title":"bird","value":"bird"},{"id":50,"title":"coub","value":"coub"},{"id":757,"title":"cute","value":"cute"},{"id":2889,"title":"vine","value":"vine"},{"id":11479,"title":"pets","value":"pets"},{"id":1591,"title":"pet","value":"pet"},{"id":3500,"title":"parrot","value":"parrot"},{"id":4545495,"title":"watcher.coub","value":"watcher.coub"}],"categories":[{"id":32,"title":"Animals & Pets","permalink":"animals-pets","subscriptions_count":10082576,"big_image_url":"https://coub-anubis-a.akamaized.net/coub_storage/category/cw_image/60432c0f1f4/5d35698dc76c52d5f9e63/big_1544749976_animals2.png","small_image_url":"https://coub-anubis-a.akamaized.net/coub_storage/category/cw_image/60432c0f1f4/5d35698dc76c52d5f9e63/small_1544749976_animals2.png","med_image_url":"https://coub-anubis-a.akamaized.net/coub_storage/category/cw_image/60432c0f1f4/5d35698dc76c52d5f9e63/med_1544749976_animals2.png","visible":true}],"communities":[{"id":32,"title":"Animals & Pets","permalink":"animals-pets","subscriptions_count":10082576,"big_image_url":"https://coub-anubis-a.akamaized.net/coub_storage/category/cw_image/60432c0f1f4/5d35698dc76c52d5f9e63/big_1544749976_animals2.png","small_image_url":"https://coub-anubis-a.akamaized.net/coub_storage/category/cw_image/60432c0f1f4/5d35698dc76c52d5f9e63/small_1544749976_animals2.png","med_image_url":"https://coub-anubis-a.akamaized.net/coub_storage/category/cw_image/60432c0f1f4/5d35698dc76c52d5f9e63/med_1544749976_animals2.png","i_subscribed":true,"community_notifications_enabled":null,"description":null}],"recoubs_count":742,"remixes_count":3,"likes_count":3362,"dislikes_count":0,"raw_video_id":"","uploaded_by_ios_app":false,"uploaded_by_android_app":false,"media_blocks":{"uploaded_raw_videos":[],"external_raw_videos":[],"remixed_from_coubs":[]},"raw_video_thumbnail_url":"","raw_video_title":"","video_block_banned":false,"duration":10.0,"promo_winner":false,"promo_winner_recoubers":null,"editorial_info":{},"promo_hint":null,"beeline_best_2014":null,"from_web_editor":true,"normalize_sound":false,"normalize_change_allowed":true,"best2015_addable":false,"ahmad_promo":null,"promo_data":null,"audio_copyright_claim":null,"ads_disabled":false,"is_safe_for_ads":true,"megafon_contents":[],"position_on_page":2},{"flag":null,"abuses":null,"recoubs_by_users_channels":null,"favourite":false,"promoted_id":null,"recoub":null,"like":null,"dislike":null,"reaction":null,"in_my_best2015":false,"id":66401285,"type":"Coub::Simple","permalink":"1335dj","title":"Idk","visibility_type":"public","original_visibility_type":"public","channel_id":3099434,"created_at":"2018-02-08T03:45:15Z","updated_at":"2022-03-15T18:54:45Z","is_done":true,"views_count":193761,"cotd":null,"cotd_at":null,"visible_on_explore_root":false,"visible_on_explore":false,"featured":false,"published":true,"published_at":"2018-02-08T03:45:15Z","reversed":false,"from_editor_v2":true,"is_editable":true,"original_sound":true,"has_sound":true,"recoub_to":null,"file_versions":{"html5":{"video":{"higher":{"url":"https://coub-anubis-a.akamaized.net/coub_storage/coub/simple/cw_file/a72f4001c83/5b5621e877e6e463c913d/muted_mp4_huge_size_1568191798_muted_huge.mp4","size":1638702},"high":{"url":"https://coub-anubis-a.akamaized.net/coub_storage/coub/simple/cw_file/a72f4001c83/5b5621e877e6e463c913d/muted_mp4_big_size_1568191798_muted_big.mp4","size":1156582},"med":{"url":"https://coub-anubis-a.akamaized.net/coub_storage/coub/simple/cw_file/a72f4001c83/5b5621e877e6e463c913d/muted_mp4_med_size_1568191798_muted_med.mp4","size":418149}},"audio":{"high":{"url":"https://coub-anubis-a.akamaized.net/coub_storage/coub/simple/cw_looped_audio_high/3f78b1495b1/151d6390f54905b2f09ee/1605630527_high_1518061519_high.mp3","size":934694},"med":{"url":"https://coub-anubis-a.akamaized.net/coub_storage/coub/simple/cw_looped_audio_med/3a2823a24f4/2d43507fee6d67be7a0bc/1605630527_med_1518061519_med.mp3","size":882531},"sample_duration":6.966}},"mobile":{"video":"https://coub-anubis-a.akamaized.net/coub_storage/coub/simple/cw_file/a72f4001c83/5b5621e877e6e463c913d/muted_mp4_med_size_1568191798_muted_med.mp4","audio":["https://coub-anubis-a.akamaized.net/coub_storage/coub/simple/cw_looped_audio_med/3a2823a24f4/2d43507fee6d67be7a0bc/1605630527_med_1518061519_med.mp3"]},"share":{"default":"https://coub-anubis-a.akamaized.net/coub_storage/coub/simple/cw_video_for_sharing/750c5549508/3c2e636d8cee250a7da1d/1608574455_looped_1608574455.mp4"}},"audio_versions":{},"image_versions":{"template":"https://coub-anubis-a.akamaized.net/coub_storage/coub/simple/cw_image/c20083f5107/25e10d9d7ab1f3481fb11/1518061525_00022.jpg","versions":["micro","tiny","age_restricted","ios_large","ios_mosaic","big","med","small","pinterest"]},"first_frame_versions":{"template":"https://coub-anubis-a.akamaized.net/coub_storage/coub/simple/cw_timeline_pic/5df3777dcf8/2d78d4d0c54cbbe7f12dd/1518061525_image.jpg","versions":["big","med","small","ios_large"]},"dimensions":{"big":[960,960],"med":[480,480]},"site_w_h":[400,400],"page_w_h":[400,400],"site_w_h_small":[310,310],"size":[960,960],"age_restricted":false,"age_restricted_by_admin":false,"not_safe_for_work":false,"allow_reuse":false,"dont_crop":false,"banned":false,"global_safe":true,"audio_file_url":null,"external_download":{"type":"Instagram","service_name":"Instagram","url":"http://instagram.com/p/Be123h5l30H/","has_embed":false},"application":null,"channel":{"id":3099434,"permalink":"notoriousbart","title":"NotoriousBart","description":"I Feel Like Poblo |$|","followers_count":160,"following_count":6,"avatar_versions":{"template":"https://coub-anubis-a.akamaized.net/coub_storage/channel/cw_avatar/7e80c46c314/06ff0e9d5449e04f93fab/%{version}_1607817939_1idx3ji_1480827060_filename.jpeg","versions":["medium","medium_2x","profile_pic","profile_pic_new","profile_pic_new_2x","tiny","tiny_2x","small","small_2x","ios_large","ios_small"]}},"file":null,"picture":"https://coub-anubis-a.akamaized.net/coub_storage/coub/simple/cw_image/c20083f5107/25e10d9d7ab1f3481fb11/1518061525_00022.jpg","timeline_picture":"https://coub-anubis-a.akamaized.net/coub_storage/coub/simple/cw_timeline_pic/5df3777dcf8/2d78d4d0c54cbbe7f12dd/1518061525_image.jpg","small_picture":"https://coub-anubis-a.akamaized.net/coub_storage/coub/simple/cw_image/c20083f5107/25e10d9d7ab1f3481fb11/1518061525_00022.jpg","sharing_picture":null,"percent_done":100,"tags":[],"categories":[{"id":32,"title":"Animals & Pets","permalink":"animals-pets","subscriptions_count":10082576,"big_image_url":"https://coub-anubis-a.akamaized.net/coub_storage/category/cw_image/60432c0f1f4/5d35698dc76c52d5f9e63/big_1544749976_animals2.png","small_image_url":"https://coub-anubis-a.akamaized.net/coub_storage/category/cw_image/60432c0f1f4/5d35698dc76c52d5f9e63/small_1544749976_animals2.png","med_image_url":"https://coub-anubis-a.akamaized.net/coub_storage/category/cw_image/60432c0f1f4/5d35698dc76c52d5f9e63/med_1544749976_animals2.png","visible":true}],"communities":[{"id":32,"title":"Animals & Pets","permalink":"animals-pets","subscriptions_count":10082576,"big_image_url":"https://coub-anubis-a.akamaized.net/coub_storage/category/cw_image/60432c0f1f4/5d35698dc76c52d5f9e63/big_1544749976_animals2.png","small_image_url":"https://coub-anubis-a.akamaized.net/coub_storage/category/cw_image/60432c0f1f4/5d35698dc76c52d5f9e63/small_1544749976_animals2.png","med_image_url":"https://coub-anubis-a.akamaized.net/coub_storage/category/cw_image/60432c0f1f4/5d35698dc76c52d5f9e63/med_1544749976_animals2.png","i_subscribed":true,"community_notifications_enabled":null,"description":null}],"recoubs_count":621,"remixes_count":3,"likes_count":3362,"dislikes_count":0,"raw_video_id":11087097,"uploaded_by_ios_app":true,"uploaded_by_android_app":false,"media_blocks":{"uploaded_raw_videos":[],"external_raw_videos":[{"id":24643475,"title":"Shot by bestcelebrations","url":"http://instagram.com/p/Be123h5l30H/","image":null,"image_retina":null,"meta":{"service":"Instagram","duration":"6.96"},"duration":6.96,"raw_video_id":11087097,"has_embed":false}],"remixed_from_coubs":[],"external_video":{"id":24643475,"title":"Shot by bestcelebrations","url":"http://instagram.com/p/Be123h5l30H/","image":null,"image_retina":null,"meta":{"service":"Instagram","duration":"6.96"},"duration":6.96,"raw_video_id":11087097,"has_embed":false}},"raw_video_thumbnail_url":"/missing/missing.png","raw_video_title":"Shot by bestcelebrations","video_block_banned":false,"duration":7.0,"promo_winner":false,"promo_winner_recoubers":null,"editorial_info":{},"promo_hint":null,"beeline_best_2014":null,"from_web_editor":false,"normalize_sound":true,"normalize_change_allowed":true,"best2015_addable":false,"ahmad_promo":null,"promo_data":null,"audio_copyright_claim":null,"ads_disabled":false,"is_safe_for_ads":true,"megafon_contents":[],"position_on_page":3},{"flag":null,"abuses":null,"recoubs_by_users_channels":null,"favourite":false,"promoted_id":null,"recoub":null,"like":null,"dislike":null,"reaction":null,"in_my_best2015":false,"id":142957873,"type":"Coub::Simple","permalink":"2crlp1","title":"34643","visibility_type":"public","original_visibility_type":"public","channel_id":499560,"created_at":"2020-04-22T08:19:57Z","updated_at":"2022-03-18T07:53:04Z","is_done":true,"views_count":212175,"cotd":null,"cotd_at":null,"visible_on_explore_root":false,"visible_on_explore":false,"featured":false,"published":true,"published_at":"2020-04-22T08:19:57Z","reversed":false,"from_editor_v2":true,"is_editable":true,"original_sound":true,"has_sound":true,"recoub_to":null,"file_versions":{"html5":{"video":{"higher":{"url":"https://coub-anubis-a.akamaized.net/coub_storage/coub/simple/cw_file/01f5fc3c1ad/e53932d01349f62b7409f/muted_mp4_huge_size_1587543605_muted_huge.mp4","size":5226419},"high":{"url":"https://coub-anubis-a.akamaized.net/coub_storage/coub/simple/cw_file/01f5fc3c1ad/e53932d01349f62b7409f/muted_mp4_big_size_1587543605_muted_big.mp4","size":3134498},"med":{"url":"https://coub-anubis-a.akamaized.net/coub_storage/coub/simple/cw_file/01f5fc3c1ad/e53932d01349f62b7409f/muted_mp4_med_size_1587543605_muted_med.mp4","size":1036648}},"audio":{"high":{"url":"https://coub-anubis-a.akamaized.net/coub_storage/coub/simple/cw_looped_audio_high/3d0f57a926f/f7f4d06c4dc706ec67c6a/1605696225_high_1587543605_high.mp3","size":770679},"med":{"url":"https://coub-anubis-a.akamaized.net/coub_storage/coub/simple/cw_looped_audio_med/23baac48cfb/e19127a87df482df90169/1605696224_med_1587543605_med.mp3","size":766368},"sample_duration":10.008}},"mobile":{"video":"https://coub-anubis-a.akamaized.net/coub_storage/coub/simple/cw_file/01f5fc3c1ad/e53932d01349f62b7409f/muted_mp4_med_size_1587543605_muted_med.mp4","audio":["https://coub-anubis-a.akamaized.net/coub_storage/coub/simple/cw_looped_audio_med/23baac48cfb/e19127a87df482df90169/1605696224_med_1587543605_med.mp3"]},"share":{"default":"https://coub-anubis-a.akamaized.net/coub_storage/coub/simple/cw_video_for_sharing/e57c1231f1a/20d5b00663bc84229ba89/1608471685_looped_1608471684.mp4"}},"audio_versions":{},"image_versions":{"template":"https://coub-anubis-a.akamaized.net/coub_storage/coub/simple/cw_image/4e132564aa1/725ed5848c5ac355d07bd/1587543613_00032.jpg","versions":["micro","tiny","age_restricted","ios_large","ios_mosaic","big","med","small","pinterest"]},"first_frame_versions":{"template":"https://coub-anubis-a.akamaized.net/coub_storage/coub/simple/cw_timeline_pic/3c5caf27cc4/ea9eade5e7c8bfe7a3488/%{version}_1587543612_image.jpg","versions":["big","med","small","ios_large"]},"dimensions":{"big":[960,960],"med":[480,480]},"site_w_h":[400,400],"page_w_h":[400,400],"site_w_h_small":[310,310],"size":[960,960],"age_restricted":false,"age_restricted_by_admin":false,"not_safe_for_work":false,"allow_reuse":false,"dont_crop":false,"banned":false,"global_safe":true,"audio_file_url":null,"external_download":false,"application":null,"channel":{"id":499560,"permalink":"nicetonice","title":"ys","description":null,"followers_count":45,"following_count":1,"avatar_versions":{"template":"https://coub-anubis-a.akamaized.net/coub_storage/channel/cw_avatar/b8b107e6daf/4bdf3d90c39f0f70d33e1/%{version}_1508164015_Fiszi1h5x34.jpg","versions":["medium","medium_2x","profile_pic","profile_pic_new","profile_pic_new_2x","tiny","tiny_2x","small","small_2x","ios_large","ios_small"]}},"file":null,"picture":"https://coub-anubis-a.akamaized.net/coub_storage/coub/simple/cw_image/4e132564aa1/725ed5848c5ac355d07bd/1587543613_00032.jpg","timeline_picture":"https://coub-anubis-a.akamaized.net/coub_storage/coub/simple/cw_timeline_pic/3c5caf27cc4/ea9eade5e7c8bfe7a3488/ios_large_1587543612_image.jpg","small_picture":"https://coub-anubis-a.akamaized.net/coub_storage/coub/simple/cw_image/4e132564aa1/725ed5848c5ac355d07bd/1587543613_00032.jpg","sharing_picture":null,"percent_done":100,"tags":[],"categories":[{"id":32,"title":"Animals & Pets","permalink":"animals-pets","subscriptions_count":10082576,"big_image_url":"https://coub-anubis-a.akamaized.net/coub_storage/category/cw_image/60432c0f1f4/5d35698dc76c52d5f9e63/big_1544749976_animals2.png","small_image_url":"https://coub-anubis-a.akamaized.net/coub_storage/category/cw_image/60432c0f1f4/5d35698dc76c52d5f9e63/small_1544749976_animals2.png","med_image_url":"https://coub-anubis-a.akamaized.net/coub_storage/category/cw_image/60432c0f1f4/5d35698dc76c52d5f9e63/med_1544749976_animals2.png","visible":true}],"communities":[{"id":32,"title":"Animals & Pets","permalink":"animals-pets","subscriptions_count":10082576,"big_image_url":"https://coub-anubis-a.akamaized.net/coub_storage/category/cw_image/60432c0f1f4/5d35698dc76c52d5f9e63/big_1544749976_animals2.png","small_image_url":"https://coub-anubis-a.akamaized.net/coub_storage/category/cw_image/60432c0f1f4/5d35698dc76c52d5f9e63/small_1544749976_animals2.png","med_image_url":"https://coub-anubis-a.akamaized.net/coub_storage/category/cw_image/60432c0f1f4/5d35698dc76c52d5f9e63/med_1544749976_animals2.png","i_subscribed":true,"community_notifications_enabled":null,"description":null}],"recoubs_count":610,"remixes_count":2,"likes_count":3361,"dislikes_count":0,"raw_video_id":15115400,"uploaded_by_ios_app":false,"uploaded_by_android_app":false,"media_blocks":{"uploaded_raw_videos":[],"external_raw_videos":[],"remixed_from_coubs":[]},"raw_video_thumbnail_url":"/missing/missing.png","raw_video_title":"93540118_3227747780784511_804108428731261550_n.mp4","video_block_banned":false,"duration":10.0,"promo_winner":false,"promo_winner_recoubers":null,"editorial_info":{},"promo_hint":null,"beeline_best_2014":null,"from_web_editor":true,"normalize_sound":true,"normalize_change_allowed":true,"best2015_addable":false,"ahmad_promo":null,"promo_data":null,"audio_copyright_claim":null,"ads_disabled":false,"is_safe_for_ads":true,"megafon_contents":[],"position_on_page":4},{"flag":null,"abuses":null,"recoubs_by_users_channels":null,"favourite":false,"promoted_id":null,"recoub":null,"like":null,"dislike":null,"reaction":null,"in_my_best2015":false,"id":16145210,"type":"Coub::Simple","permalink":"95wf2","title":"PULP CATTION","visibility_type":"public","original_visibility_type":"public","channel_id":54633,"created_at":"2015-11-13T09:53:06Z","updated_at":"2022-03-18T05:08:20Z","is_done":true,"views_count":431202,"cotd":null,"cotd_at":null,"visible_on_explore_root":true,"visible_on_explore":true,"featured":true,"published":true,"published_at":"2015-11-13T09:53:06Z","reversed":false,"from_editor_v2":true,"is_editable":true,"original_sound":false,"has_sound":false,"recoub_to":null,"file_versions":{"html5":{"video":{"higher":{"url":"https://coub-anubis-a.akamaized.net/coub_storage/coub/simple/cw_file/6fc63f61b36/31eb85482297e5c6441a9/muted_mp4_huge_size_1567822227_muted_huge.mp4","size":1631742},"high":{"url":"https://coub-anubis-a.akamaized.net/coub_storage/coub/simple/cw_file/6fc63f61b36/31eb85482297e5c6441a9/muted_mp4_big_size_1567822227_muted_big.mp4","size":1136895},"med":{"url":"https://coub-anubis-a.akamaized.net/coub_storage/coub/simple/cw_file/6fc63f61b36/31eb85482297e5c6441a9/muted_mp4_med_size_1567822227_muted_med.mp4","size":376886}},"audio":{"high":{"url":"https://coub-anubis-a.akamaized.net/coub_storage/coub/simple/cw_looped_audio_high/76a4a3b29af/343ece60f6fc10c5664ea/1605464679_high_1470763437_high.mp3","size":1848366},"med":{"url":"https://coub-anubis-a.akamaized.net/coub_storage/coub/simple/cw_looped_audio_med/c35abae84a4/d77a02b0802556c3cef40/1605464679_med_1470763437_med.mp3","size":1557335}}},"mobile":{"video":"https://coub-anubis-a.akamaized.net/coub_storage/coub/simple/cw_file/6fc63f61b36/31eb85482297e5c6441a9/muted_mp4_med_size_1567822227_muted_med.mp4","audio":["https://coub-anubis-a.akamaized.net/coub_storage/coub/simple/cw_looped_audio_med/c35abae84a4/d77a02b0802556c3cef40/1605464679_med_1470763437_med.mp3"]},"share":{"default":"https://coub-anubis-a.akamaized.net/coub_storage/coub/simple/cw_video_for_sharing/30e9c56c7e9/5d2364703c6250f524d37/1611341393_looped_1611341392.mp4"}},"audio_versions":{"template":"https://coub-anubis-a.akamaized.net/coub_storage/audio_track/cw_normalized_copy/61b3094a6aa/1d22ff2fe743ec6c9ea03/mid_1471191019_16ygl6i_normalized_1447408332_audio.mp3","versions":["mid","low"]},"image_versions":{"template":"https://coub-anubis-a.akamaized.net/coub_storage/coub/simple/cw_image/80fd7a8d568/88c2f153fd1f987c34818/1470763377_00016.jpg","versions":["micro","tiny","age_restricted","ios_large","ios_mosaic","big","med","small","pinterest"]},"first_frame_versions":{"template":"https://coub-anubis-a.akamaized.net/coub_storage/coub/simple/cw_timeline_pic/80fd7a8d568/88c2f153fd1f987c34818/%{version}_1470763394_image.jpg","versions":["big","med","small","ios_large"]},"dimensions":{"big":[960,960],"med":[480,480]},"site_w_h":[400,400],"page_w_h":[400,400],"site_w_h_small":[310,310],"size":[960,960],"age_restricted":false,"age_restricted_by_admin":false,"not_safe_for_work":false,"allow_reuse":false,"dont_crop":false,"banned":false,"global_safe":true,"audio_file_url":"https://coub-anubis-a.akamaized.net/coub_storage/audio_track/cw_normalized_copy/61b3094a6aa/1d22ff2fe743ec6c9ea03/low_1471191019_16ygl6i_normalized_1447408332_audio.mp3","external_download":false,"application":null,"channel":{"id":54633,"permalink":"mammadoff","title":"Mammadoff","description":null,"followers_count":186,"following_count":35,"avatar_versions":{"template":"https://coub-anubis-a.akamaized.net/coub_storage/channel/cw_avatar/a980a95d55b/4f215a0e04a3e2cd1fbf2/%{version}_1474482927_yfIPaEnmtpo.jpg","versions":["medium","medium_2x","profile_pic","profile_pic_new","profile_pic_new_2x","tiny","tiny_2x","small","small_2x","ios_large","ios_small"]}},"file":null,"picture":"https://coub-anubis-a.akamaized.net/coub_storage/coub/simple/cw_image/80fd7a8d568/88c2f153fd1f987c34818/1470763377_00016.jpg","timeline_picture":"https://coub-anubis-a.akamaized.net/coub_storage/coub/simple/cw_timeline_pic/80fd7a8d568/88c2f153fd1f987c34818/ios_large_1470763394_image.jpg","small_picture":"https://coub-anubis-a.akamaized.net/coub_storage/coub/simple/cw_image/80fd7a8d568/88c2f153fd1f987c34818/1470763377_00016.jpg","sharing_picture":null,"percent_done":100,"tags":[{"id":134,"title":"cat","value":"cat"},{"id":17004,"title":"madness","value":"madness"},{"id":8571,"title":"uma thurman","value":"uma%20thurman"},{"id":2662,"title":"pulp fiction","value":"pulp%20fiction"}],"categories":[{"id":32,"title":"Animals & Pets","permalink":"animals-pets","subscriptions_count":10082576,"big_image_url":"https://coub-anubis-a.akamaized.net/coub_storage/category/cw_image/60432c0f1f4/5d35698dc76c52d5f9e63/big_1544749976_animals2.png","small_image_url":"https://coub-anubis-a.akamaized.net/coub_storage/category/cw_image/60432c0f1f4/5d35698dc76c52d5f9e63/small_1544749976_animals2.png","med_image_url":"https://coub-anubis-a.akamaized.net/coub_storage/category/cw_image/60432c0f1f4/5d35698dc76c52d5f9e63/med_1544749976_animals2.png","visible":true}],"communities":[{"id":32,"title":"Animals & Pets","permalink":"animals-pets","subscriptions_count":10082576,"big_image_url":"https://coub-anubis-a.akamaized.net/coub_storage/category/cw_image/60432c0f1f4/5d35698dc76c52d5f9e63/big_1544749976_animals2.png","small_image_url":"https://coub-anubis-a.akamaized.net/coub_storage/category/cw_image/60432c0f1f4/5d35698dc76c52d5f9e63/small_1544749976_animals2.png","med_image_url":"https://coub-anubis-a.akamaized.net/coub_storage/category/cw_image/60432c0f1f4/5d35698dc76c52d5f9e63/med_1544749976_animals2.png","i_subscribed":true,"community_notifications_enabled":null,"description":null}],"recoubs_count":970,"remixes_count":0,"likes_count":3361,"dislikes_count":0,"raw_video_id":"","uploaded_by_ios_app":false,"uploaded_by_android_app":false,"media_blocks":{"uploaded_raw_videos":[],"external_raw_videos":[],"remixed_from_coubs":[{"id":18713030,"title":"Strange Couple","url":"http://coub.com/coubs/51saq/remix","image":"https://coub-anubis-a.akamaized.net/coub_storage/media_block/cw_image/8191f5d4a6f/85e96e947579199ce7381/1491965168_1424160310_00027.jpg","image_retina":"https://coub-anubis-a.akamaized.net/coub_storage/media_block/cw_image/8191f5d4a6f/85e96e947579199ce7381/1491965168_1424160310_00027.jpg","meta":{"duration":"8.6"},"duration":null,"coub_channel_title":"Anna Liberman","coub_channel_permalink":"anna.liberman.5","coub_views_count":116642,"coub_permalink":"51saq"},{"id":18791932,"title":"Skank Dance :3","url":"http://coub.com/coubs/93wm0/remix","image":"https://coub-anubis-a.akamaized.net/coub_storage/media_block/cw_image/566e689bcf7/d51b80c7486f8892ad776/1491982435_1447139861_00016.jpg","image_retina":"https://coub-anubis-a.akamaized.net/coub_storage/media_block/cw_image/566e689bcf7/d51b80c7486f8892ad776/1491982435_1447139861_00016.jpg","meta":{"duration":"4.84"},"duration":null,"coub_channel_title":"Zack Fridayvich","coub_channel_permalink":"zack.fridayvich","coub_views_count":661,"coub_permalink":"93wm0"}]},"raw_video_thumbnail_url":"","raw_video_title":"","video_block_banned":false,"duration":4.84,"promo_winner":false,"promo_winner_recoubers":null,"editorial_info":{},"promo_hint":null,"beeline_best_2014":null,"from_web_editor":true,"normalize_sound":true,"normalize_change_allowed":true,"best2015_addable":false,"ahmad_promo":null,"promo_data":null,"audio_copyright_claim":null,"ads_disabled":null,"is_safe_for_ads":true,"megafon_contents":[],"position_on_page":5},{"flag":null,"abuses":null,"recoubs_by_users_channels":null,"favourite":false,"promoted_id":null,"recoub":null,"like":null,"dislike":null,"reaction":null,"in_my_best2015":false,"id":152979783,"type":"Coub::Simple","permalink":"2iqepn","title":"cat","visibility_type":"public","original_visibility_type":"public","channel_id":4549033,"created_at":"2020-09-01T16:19:33Z","updated_at":"2022-03-17T18:04:14Z","is_done":true,"views_count":184945,"cotd":null,"cotd_at":null,"visible_on_explore_root":false,"visible_on_explore":false,"featured":false,"published":true,"published_at":"2020-09-01T16:19:33Z","reversed":false,"from_editor_v2":true,"is_editable":true,"original_sound":true,"has_sound":true,"recoub_to":null,"file_versions":{"html5":{"video":{"higher":{"url":"https://coub-anubis-a.akamaized.net/coub_storage/coub/simple/cw_file/04af1400e60/2f34744694966f56acb4f/muted_mp4_huge_size_1598977182_muted_huge.mp4","size":1838452},"high":{"url":"https://coub-anubis-a.akamaized.net/coub_storage/coub/simple/cw_file/04af1400e60/2f34744694966f56acb4f/muted_mp4_big_size_1598977182_muted_big.mp4","size":1107368},"med":{"url":"https://coub-anubis-a.akamaized.net/coub_storage/coub/simple/cw_file/04af1400e60/2f34744694966f56acb4f/muted_mp4_med_size_1598977182_muted_med.mp4","size":333106}},"audio":{"high":{"url":"https://coub-anubis-a.akamaized.net/coub_storage/coub/simple/cw_looped_audio_high/a2a568bc303/f05829db11163fce813e5/1607275754_high_1598977183_high.mp3","size":1175703},"med":{"url":"https://coub-anubis-a.akamaized.net/coub_storage/coub/simple/cw_looped_audio_med/e48620b0563/603c14b2eaad081f26f74/1607275754_med_1598977183_med.mp3","size":898532},"sample_duration":7.036}},"mobile":{"video":"https://coub-anubis-a.akamaized.net/coub_storage/coub/simple/cw_file/04af1400e60/2f34744694966f56acb4f/muted_mp4_med_size_1598977182_muted_med.mp4","audio":["https://coub-anubis-a.akamaized.net/coub_storage/coub/simple/cw_looped_audio_med/e48620b0563/603c14b2eaad081f26f74/1607275754_med_1598977183_med.mp3"]},"share":{"default":"https://coub-anubis-a.akamaized.net/coub_storage/coub/simple/cw_video_for_sharing/a4c701b582c/7e251412a8750251413e5/1608250380_looped_1608250379.mp4"}},"audio_versions":{},"image_versions":{"template":"https://coub-anubis-a.akamaized.net/coub_storage/coub/simple/cw_image/0213f650f5c/f0d3d69f896e9b47d3b1c/1598977194_00023.jpg","versions":["micro","tiny","age_restricted","ios_large","ios_mosaic","big","med","small","pinterest"]},"first_frame_versions":{"template":"https://coub-anubis-a.akamaized.net/coub_storage/coub/simple/cw_timeline_pic/51bdba8b8e7/a53db9c68a09d62c7b460/1598977193_image.jpg","versions":["big","med","small","ios_large"]},"dimensions":{"big":[538,960],"med":[268,480]},"site_w_h":[224,400],"page_w_h":[400,714],"site_w_h_small":[310,553],"size":[538,960],"age_restricted":false,"age_restricted_by_admin":false,"not_safe_for_work":false,"allow_reuse":false,"dont_crop":false,"banned":false,"global_safe":true,"audio_file_url":null,"external_download":false,"application":null,"channel":{"id":4549033,"permalink":"rpksteam","title":"rpks","description":null,"followers_count":19,"following_count":11,"avatar_versions":{"template":"https://coub-anubis-a.akamaized.net/coub_storage/channel/cw_avatar/92a12350a15/e157bc255b403d711e2e9/%{version}_1609960865_251185.jpg","versions":["medium","medium_2x","profile_pic","profile_pic_new","profile_pic_new_2x","tiny","tiny_2x","small","small_2x","ios_large","ios_small"]}},"file":null,"picture":"https://coub-anubis-a.akamaized.net/coub_storage/coub/simple/cw_image/0213f650f5c/f0d3d69f896e9b47d3b1c/1598977194_00023.jpg","timeline_picture":"https://coub-anubis-a.akamaized.net/coub_storage/coub/simple/cw_timeline_pic/51bdba8b8e7/a53db9c68a09d62c7b460/1598977193_image.jpg","small_picture":"https://coub-anubis-a.akamaized.net/coub_storage/coub/simple/cw_image/0213f650f5c/f0d3d69f896e9b47d3b1c/1598977194_00023.jpg","sharing_picture":null,"percent_done":100,"tags":[],"categories":[{"id":32,"title":"Animals & Pets","permalink":"animals-pets","subscriptions_count":10082576,"big_image_url":"https://coub-anubis-a.akamaized.net/coub_storage/category/cw_image/60432c0f1f4/5d35698dc76c52d5f9e63/big_1544749976_animals2.png","small_image_url":"https://coub-anubis-a.akamaized.net/coub_storage/category/cw_image/60432c0f1f4/5d35698dc76c52d5f9e63/small_1544749976_animals2.png","med_image_url":"https://coub-anubis-a.akamaized.net/coub_storage/category/cw_image/60432c0f1f4/5d35698dc76c52d5f9e63/med_1544749976_animals2.png","visible":true}],"communities":[{"id":32,"title":"Animals & Pets","permalink":"animals-pets","subscriptions_count":10082576,"big_image_url":"https://coub-anubis-a.akamaized.net/coub_storage/category/cw_image/60432c0f1f4/5d35698dc76c52d5f9e63/big_1544749976_animals2.png","small_image_url":"https://coub-anubis-a.akamaized.net/coub_storage/category/cw_image/60432c0f1f4/5d35698dc76c52d5f9e63/small_1544749976_animals2.png","med_image_url":"https://coub-anubis-a.akamaized.net/coub_storage/category/cw_image/60432c0f1f4/5d35698dc76c52d5f9e63/med_1544749976_animals2.png","i_subscribed":true,"community_notifications_enabled":null,"description":null}],"recoubs_count":705,"remixes_count":3,"likes_count":3359,"dislikes_count":0,"raw_video_id":15628064,"uploaded_by_ios_app":false,"uploaded_by_android_app":true,"media_blocks":{"uploaded_raw_videos":[],"external_raw_videos":[],"remixed_from_coubs":[]},"raw_video_thumbnail_url":"/missing/missing.png","raw_video_title":null,"video_block_banned":false,"duration":7.08,"promo_winner":false,"promo_winner_recoubers":null,"editorial_info":{},"promo_hint":null,"beeline_best_2014":null,"from_web_editor":false,"normalize_sound":true,"normalize_change_allowed":true,"best2015_addable":false,"ahmad_promo":null,"promo_data":null,"audio_copyright_claim":null,"ads_disabled":false,"is_safe_for_ads":true,"megafon_contents":[],"position_on_page":6},{"flag":null,"abuses":null,"recoubs_by_users_channels":null,"favourite":false,"promoted_id":null,"recoub":null,"like":null,"dislike":null,"reaction":null,"in_my_best2015":false,"id":74406566,"type":"Coub::Simple","permalink":"17vq4z","title":"Cat vs. Telegram","visibility_type":"public","original_visibility_type":"public","channel_id":1527951,"created_at":"2018-05-14T08:43:47Z","updated_at":"2022-03-17T20:07:56Z","is_done":true,"views_count":206437,"cotd":null,"cotd_at":null,"visible_on_explore_root":false,"visible_on_explore":false,"featured":false,"published":true,"published_at":"2018-05-14T08:43:47Z","reversed":false,"from_editor_v2":true,"is_editable":true,"original_sound":false,"has_sound":false,"recoub_to":null,"file_versions":{"html5":{"video":{"higher":{"url":"https://coub-anubis-a.akamaized.net/coub_storage/coub/simple/cw_file/ee49876b8ab/7698bf022b6b2e394474e/muted_mp4_huge_size_1568233471_muted_huge.mp4","size":2493979},"high":{"url":"https://coub-anubis-a.akamaized.net/coub_storage/coub/simple/cw_file/ee49876b8ab/7698bf022b6b2e394474e/muted_mp4_big_size_1568233471_muted_big.mp4","size":1717069},"med":{"url":"https://coub-anubis-a.akamaized.net/coub_storage/coub/simple/cw_file/ee49876b8ab/7698bf022b6b2e394474e/muted_mp4_med_size_1568233471_muted_med.mp4","size":546259}},"audio":{"high":{"url":"https://coub-anubis-a.akamaized.net/coub_storage/coub/simple/cw_looped_audio_high/2b3d576129f/1224a82a226333b62452a/1605652638_high_1526287435_high.mp3","size":1097919},"med":{"url":"https://coub-anubis-a.akamaized.net/coub_storage/coub/simple/cw_looped_audio_med/74903ace2a7/fce03ff39cd6ae4f73df9/1605652637_med_1526287435_med.mp3","size":954096}}},"mobile":{"video":"https://coub-anubis-a.akamaized.net/coub_storage/coub/simple/cw_file/ee49876b8ab/7698bf022b6b2e394474e/muted_mp4_med_size_1568233471_muted_med.mp4","audio":["https://coub-anubis-a.akamaized.net/coub_storage/coub/simple/cw_looped_audio_med/74903ace2a7/fce03ff39cd6ae4f73df9/1605652637_med_1526287435_med.mp3"]},"share":{"default":"https://coub-anubis-a.akamaized.net/coub_storage/coub/simple/cw_video_for_sharing/c21dc55933f/2a7540410af9147c22e1b/1608448308_looped_1608448307.mp4"}},"audio_versions":{"template":"https://coub-anubis-a.akamaized.net/coub_storage/audio_track/cw_normalized_copy/601b5eff756/170a55f264a686028b4e1/mid_1526287434_1y3s4w_normalized_1526287433_1qm0xn7_edited.mp3","versions":["mid","low"]},"image_versions":{"template":"https://coub-anubis-a.akamaized.net/coub_storage/coub/simple/cw_image/c122bc11207/b99d50d69b2eb3f0bc949/1526287441_00032.jpg","versions":["micro","tiny","age_restricted","ios_large","ios_mosaic","big","med","small","pinterest"]},"first_frame_versions":{"template":"https://coub-anubis-a.akamaized.net/coub_storage/coub/simple/cw_timeline_pic/4babe7cd199/9f2b46a553f81ca1f901c/%{version}_1526287441_image.jpg","versions":["big","med","small","ios_large"]},"dimensions":{"big":[532,960],"med":[266,480]},"site_w_h":[222,400],"page_w_h":[400,722],"site_w_h_small":[310,559],"size":[532,960],"age_restricted":false,"age_restricted_by_admin":false,"not_safe_for_work":false,"allow_reuse":false,"dont_crop":false,"banned":false,"global_safe":false,"audio_file_url":"https://coub-anubis-a.akamaized.net/coub_storage/audio_track/cw_normalized_copy/601b5eff756/170a55f264a686028b4e1/low_1526287434_1y3s4w_normalized_1526287433_1qm0xn7_edited.mp3","external_download":false,"application":null,"channel":{"id":1527951,"permalink":"simagutin","title":"S.T.!.N.G.","description":null,"followers_count":129,"following_count":12,"avatar_versions":{"template":"https://coub-anubis-a.akamaized.net/coub_storage/channel/cw_avatar/92b64fc35ed/78e19061323918bd73b96/%{version}_1607818723_1a9l9ff_1515317008_6__2_.jpg","versions":["medium","medium_2x","profile_pic","profile_pic_new","profile_pic_new_2x","tiny","tiny_2x","small","small_2x","ios_large","ios_small"]}},"file":null,"picture":"https://coub-anubis-a.akamaized.net/coub_storage/coub/simple/cw_image/c122bc11207/b99d50d69b2eb3f0bc949/1526287441_00032.jpg","timeline_picture":"https://coub-anubis-a.akamaized.net/coub_storage/coub/simple/cw_timeline_pic/4babe7cd199/9f2b46a553f81ca1f901c/ios_large_1526287441_image.jpg","small_picture":"https://coub-anubis-a.akamaized.net/coub_storage/coub/simple/cw_image/c122bc11207/b99d50d69b2eb3f0bc949/1526287441_00032.jpg","sharing_picture":null,"percent_done":100,"tags":[],"categories":[{"id":32,"title":"Animals & Pets","permalink":"animals-pets","subscriptions_count":10082576,"big_image_url":"https://coub-anubis-a.akamaized.net/coub_storage/category/cw_image/60432c0f1f4/5d35698dc76c52d5f9e63/big_1544749976_animals2.png","small_image_url":"https://coub-anubis-a.akamaized.net/coub_storage/category/cw_image/60432c0f1f4/5d35698dc76c52d5f9e63/small_1544749976_animals2.png","med_image_url":"https://coub-anubis-a.akamaized.net/coub_storage/category/cw_image/60432c0f1f4/5d35698dc76c52d5f9e63/med_1544749976_animals2.png","visible":true}],"communities":[{"id":32,"title":"Animals & Pets","permalink":"animals-pets","subscriptions_count":10082576,"big_image_url":"https://coub-anubis-a.akamaized.net/coub_storage/category/cw_image/60432c0f1f4/5d35698dc76c52d5f9e63/big_1544749976_animals2.png","small_image_url":"https://coub-anubis-a.akamaized.net/coub_storage/category/cw_image/60432c0f1f4/5d35698dc76c52d5f9e63/small_1544749976_animals2.png","med_image_url":"https://coub-anubis-a.akamaized.net/coub_storage/category/cw_image/60432c0f1f4/5d35698dc76c52d5f9e63/med_1544749976_animals2.png","i_subscribed":true,"community_notifications_enabled":null,"description":null}],"recoubs_count":930,"remixes_count":4,"likes_count":3359,"dislikes_count":0,"raw_video_id":"","uploaded_by_ios_app":false,"uploaded_by_android_app":false,"media_blocks":{"uploaded_raw_videos":[],"external_raw_videos":[],"remixed_from_coubs":[{"id":18835135,"title":"Cat Attacks Mail","url":"http://coub.com/coubs/bakms/remix","image":"https://coub-anubis-a.akamaized.net/coub_storage/media_block/cw_image/d953feb681e/0c6798d79a873fa49bf11/1491993326_1473908104_00032.jpg","image_retina":"https://coub-anubis-a.akamaized.net/coub_storage/media_block/cw_image/d953feb681e/0c6798d79a873fa49bf11/1491993326_1473908104_00032.jpg","meta":{"duration":"10.04"},"duration":null,"coub_channel_title":"The Duke of New York ","coub_channel_permalink":"jason.artiga.5","coub_views_count":136914,"coub_permalink":"bakms"}]},"raw_video_thumbnail_url":"","raw_video_title":"","video_block_banned":false,"duration":10.0,"promo_winner":false,"promo_winner_recoubers":null,"editorial_info":{},"promo_hint":null,"beeline_best_2014":null,"from_web_editor":true,"normalize_sound":true,"normalize_change_allowed":true,"best2015_addable":false,"ahmad_promo":null,"promo_data":null,"audio_copyright_claim":null,"ads_disabled":false,"is_safe_for_ads":true,"megafon_contents":[],"position_on_page":7},{"flag":null,"abuses":null,"recoubs_by_users_channels":null,"favourite":false,"promoted_id":null,"recoub":null,"like":null,"dislike":null,"reaction":null,"in_my_best2015":false,"id":22648498,"type":"Coub::Simple","permalink":"d1afs","title":"epic cool down","visibility_type":"public","original_visibility_type":"public","channel_id":2068696,"created_at":"2016-06-17T17:37:37Z","updated_at":"2022-03-16T07:35:04Z","is_done":true,"views_count":397626,"cotd":null,"cotd_at":null,"visible_on_explore_root":true,"visible_on_explore":true,"featured":true,"published":true,"published_at":"2016-06-17T17:37:37Z","reversed":false,"from_editor_v2":true,"is_editable":true,"original_sound":false,"has_sound":false,"recoub_to":null,"file_versions":{"html5":{"video":{"higher":{"url":"https://coub-anubis-a.akamaized.net/coub_storage/coub/simple/cw_file/e904ee5830f/16fccd3c137b6120f8fd7/muted_mp4_huge_size_1567897102_muted_huge.mp4","size":3098356},"high":{"url":"https://coub-anubis-a.akamaized.net/coub_storage/coub/simple/cw_file/e904ee5830f/16fccd3c137b6120f8fd7/muted_mp4_big_size_1567897102_muted_big.mp4","size":2151844},"med":{"url":"https://coub-anubis-a.akamaized.net/coub_storage/coub/simple/cw_file/e904ee5830f/16fccd3c137b6120f8fd7/muted_mp4_med_size_1567897102_muted_med.mp4","size":660353}},"audio":{"high":{"url":"https://coub-anubis-a.akamaized.net/coub_storage/coub/simple/cw_looped_audio_high/f5e8eb5f4b1/c38027e57701e42a368d7/1605497959_high_1466185119_high.mp3","size":3594239},"med":{"url":"https://coub-anubis-a.akamaized.net/coub_storage/coub/simple/cw_looped_audio_med/9879309c3ed/d0f7316a897ea48c0578c/1605497959_med_1466185119_med.mp3","size":2396159}}},"mobile":{"video":"https://coub-anubis-a.akamaized.net/coub_storage/coub/simple/cw_file/e904ee5830f/16fccd3c137b6120f8fd7/muted_mp4_med_size_1567897102_muted_med.mp4","audio":["https://coub-anubis-a.akamaized.net/coub_storage/coub/simple/cw_looped_audio_med/9879309c3ed/d0f7316a897ea48c0578c/1605497959_med_1466185119_med.mp3"]},"share":{"default":"https://coub-anubis-a.akamaized.net/coub_storage/coub/simple/cw_video_for_sharing/c23a3dd6299/a79f0c58dfebd730cae98/1609162448_looped_1609162447.mp4"}},"audio_versions":{"template":"https://coub-anubis-a.akamaized.net/coub_storage/audio_track/cw_normalized_copy/f47bae79d55/5ad33a66c15966e78f41d/mid_1466185086_tz5a50_normalized_1466185082_e0fxwh_edited.mp3","versions":["mid","low"]},"image_versions":{"template":"https://coub-anubis-a.akamaized.net/coub_storage/coub/simple/cw_image/2e167a57a25/b57dac10eed2e090ff454/1466185161_00026.jpg","versions":["micro","tiny","age_restricted","ios_large","ios_mosaic","big","med","small","pinterest"]},"first_frame_versions":{"template":"https://coub-anubis-a.akamaized.net/coub_storage/coub/simple/cw_timeline_pic/71a1e6dd7eb/9da289be7fbb9ec245069/%{version}_1466185160_image.jpg","versions":["big","med","small","ios_large"]},"dimensions":{"big":[1280,724],"med":[640,362]},"site_w_h":[640,362],"page_w_h":[640,362],"site_w_h_small":[310,175],"size":[1280,724],"age_restricted":false,"age_restricted_by_admin":false,"not_safe_for_work":false,"allow_reuse":false,"dont_crop":false,"banned":false,"global_safe":true,"audio_file_url":"https://coub-anubis-a.akamaized.net/coub_storage/audio_track/cw_normalized_copy/f47bae79d55/5ad33a66c15966e78f41d/low_1466185086_tz5a50_normalized_1466185082_e0fxwh_edited.mp3","external_download":false,"application":null,"channel":{"id":2068696,"permalink":"wladicoub","title":"wladicoub","description":"Как-то так","followers_count":1839,"following_count":148,"avatar_versions":{"template":"https://coub-anubis-a.akamaized.net/coub_storage/channel/cw_avatar/cf467417065/80e3dae9e8aa75d62b4ca/%{version}_1608411639_ejz0hp_1504205057_arnold-schwarzenegger-cigar-look.jpg","versions":["medium","medium_2x","profile_pic","profile_pic_new","profile_pic_new_2x","tiny","tiny_2x","small","small_2x","ios_large","ios_small"]}},"file":null,"picture":"https://coub-anubis-a.akamaized.net/coub_storage/coub/simple/cw_image/2e167a57a25/b57dac10eed2e090ff454/1466185161_00026.jpg","timeline_picture":"https://coub-anubis-a.akamaized.net/coub_storage/coub/simple/cw_timeline_pic/71a1e6dd7eb/9da289be7fbb9ec245069/ios_large_1466185160_image.jpg","small_picture":"https://coub-anubis-a.akamaized.net/coub_storage/coub/simple/cw_image/2e167a57a25/b57dac10eed2e090ff454/1466185161_00026.jpg","sharing_picture":null,"percent_done":100,"tags":[{"id":10086,"title":"funny animals","value":"funny%20animals"},{"id":35008,"title":"funny dog","value":"funny%20dog"},{"id":169,"title":"fun","value":"fun"},{"id":419,"title":"dog","value":"dog"},{"id":15616,"title":"down","value":"down"},{"id":1071,"title":"cool","value":"cool"},{"id":173,"title":"epic","value":"epic"}],"categories":[{"id":32,"title":"Animals & Pets","permalink":"animals-pets","subscriptions_count":10082576,"big_image_url":"https://coub-anubis-a.akamaized.net/coub_storage/category/cw_image/60432c0f1f4/5d35698dc76c52d5f9e63/big_1544749976_animals2.png","small_image_url":"https://coub-anubis-a.akamaized.net/coub_storage/category/cw_image/60432c0f1f4/5d35698dc76c52d5f9e63/small_1544749976_animals2.png","med_image_url":"https://coub-anubis-a.akamaized.net/coub_storage/category/cw_image/60432c0f1f4/5d35698dc76c52d5f9e63/med_1544749976_animals2.png","visible":true}],"communities":[{"id":32,"title":"Animals & Pets","permalink":"animals-pets","subscriptions_count":10082576,"big_image_url":"https://coub-anubis-a.akamaized.net/coub_storage/category/cw_image/60432c0f1f4/5d35698dc76c52d5f9e63/big_1544749976_animals2.png","small_image_url":"https://coub-anubis-a.akamaized.net/coub_storage/category/cw_image/60432c0f1f4/5d35698dc76c52d5f9e63/small_1544749976_animals2.png","med_image_url":"https://coub-anubis-a.akamaized.net/coub_storage/category/cw_image/60432c0f1f4/5d35698dc76c52d5f9e63/med_1544749976_animals2.png","i_subscribed":true,"community_notifications_enabled":null,"description":null}],"recoubs_count":786,"remixes_count":2,"likes_count":3356,"dislikes_count":0,"raw_video_id":2851769,"uploaded_by_ios_app":false,"uploaded_by_android_app":false,"media_blocks":{"uploaded_raw_videos":[],"external_raw_videos":[],"remixed_from_coubs":[]},"raw_video_thumbnail_url":"/missing/missing.png","raw_video_title":"dog.webm","video_block_banned":false,"duration":8.04,"promo_winner":false,"promo_winner_recoubers":null,"editorial_info":{},"promo_hint":null,"beeline_best_2014":null,"from_web_editor":true,"normalize_sound":true,"normalize_change_allowed":true,"best2015_addable":false,"ahmad_promo":null,"promo_data":null,"audio_copyright_claim":null,"ads_disabled":null,"is_safe_for_ads":true,"megafon_contents":[],"position_on_page":8},{"flag":null,"abuses":null,"recoubs_by_users_channels":null,"favourite":false,"promoted_id":null,"recoub":null,"like":null,"dislike":null,"reaction":null,"in_my_best2015":false,"id":102155638,"type":"Coub::Simple","permalink":"1oex2g","title":"Паровозик хД","visibility_type":"public","original_visibility_type":"public","channel_id":340431,"created_at":"2019-02-16T11:11:54Z","updated_at":"2022-03-16T17:10:31Z","is_done":true,"views_count":173585,"cotd":null,"cotd_at":null,"visible_on_explore_root":false,"visible_on_explore":false,"featured":false,"published":true,"published_at":"2019-02-16T11:11:54Z","reversed":false,"from_editor_v2":true,"is_editable":true,"original_sound":false,"has_sound":false,"recoub_to":null,"file_versions":{"html5":{"video":{"higher":{"url":"https://coub-anubis-a.akamaized.net/coub_storage/coub/simple/cw_file/3626b1d4ff7/2a5c1a9e63ebe040795c1/muted_mp4_huge_size_1570022423_muted_huge.mp4","size":2123558},"high":{"url":"https://coub-anubis-a.akamaized.net/coub_storage/coub/simple/cw_file/3626b1d4ff7/2a5c1a9e63ebe040795c1/muted_mp4_big_size_1570022423_muted_big.mp4","size":1430660},"med":{"url":"https://coub-anubis-a.akamaized.net/coub_storage/coub/simple/cw_file/3626b1d4ff7/2a5c1a9e63ebe040795c1/muted_mp4_med_size_1570022423_muted_med.mp4","size":414930}},"audio":{"high":{"url":"https://coub-anubis-a.akamaized.net/coub_storage/coub/simple/cw_looped_audio_high/d0e6ae74013/08f393a4696e8258f2aa1/1605673017_high_1550315522_high.mp3","size":826067},"med":{"url":"https://coub-anubis-a.akamaized.net/coub_storage/coub/simple/cw_looped_audio_med/7f427add0f0/e8c45364d4ef5be84c0b4/1605673017_med_1550315522_med.mp3","size":825306}}},"mobile":{"video":"https://coub-anubis-a.akamaized.net/coub_storage/coub/simple/cw_file/3626b1d4ff7/2a5c1a9e63ebe040795c1/muted_mp4_med_size_1570022423_muted_med.mp4","audio":["https://coub-anubis-a.akamaized.net/coub_storage/coub/simple/cw_looped_audio_med/7f427add0f0/e8c45364d4ef5be84c0b4/1605673017_med_1550315522_med.mp3"]},"share":{"default":"https://coub-anubis-a.akamaized.net/coub_storage/coub/simple/cw_video_for_sharing/1ea28176060/a0bd64fcb8dc76d1ad213/1611801724_looped_1611801724.mp4"}},"audio_versions":{"template":"https://coub-anubis-a.akamaized.net/coub_storage/audio_track/cw_normalized_copy/8db6d8d554b/b8f463aa8f3a11d710fe1/mid_1550315521_normalized_1550315519_5zha29_edited.mp3","versions":["mid","low"]},"image_versions":{"template":"https://coub-anubis-a.akamaized.net/coub_storage/coub/simple/cw_image/75fb8367746/6df4d3a51e8ffd2bd0a85/1550315527_00028.jpg","versions":["micro","tiny","age_restricted","ios_large","ios_mosaic","big","med","small","pinterest"]},"first_frame_versions":{"template":"https://coub-anubis-a.akamaized.net/coub_storage/coub/simple/cw_timeline_pic/a379b59c95e/5150383db0cb1d657eaa6/%{version}_1550315526_image.jpg","versions":["big","med","small","ios_large"]},"dimensions":{"big":[538,960],"med":[268,480]},"site_w_h":[224,400],"page_w_h":[400,714],"site_w_h_small":[310,553],"size":[538,960],"age_restricted":false,"age_restricted_by_admin":false,"not_safe_for_work":false,"allow_reuse":false,"dont_crop":false,"banned":false,"global_safe":false,"audio_file_url":"https://coub-anubis-a.akamaized.net/coub_storage/audio_track/cw_normalized_copy/8db6d8d554b/b8f463aa8f3a11d710fe1/low_1550315521_normalized_1550315519_5zha29_edited.mp3","external_download":false,"application":null,"channel":{"id":340431,"permalink":"rinegasu","title":"Maksim Filatov","description":null,"followers_count":414,"following_count":28,"avatar_versions":{"template":"https://coub-anubis-a.akamaized.net/coub_storage/channel/cw_avatar/9cbdc889cc5/ef3c2b699c5bd1c0ec951/%{version}_1550312852_b6UM-3-CWh4.jpg","versions":["medium","medium_2x","profile_pic","profile_pic_new","profile_pic_new_2x","tiny","tiny_2x","small","small_2x","ios_large","ios_small"]}},"file":null,"picture":"https://coub-anubis-a.akamaized.net/coub_storage/coub/simple/cw_image/75fb8367746/6df4d3a51e8ffd2bd0a85/1550315527_00028.jpg","timeline_picture":"https://coub-anubis-a.akamaized.net/coub_storage/coub/simple/cw_timeline_pic/a379b59c95e/5150383db0cb1d657eaa6/ios_large_1550315526_image.jpg","small_picture":"https://coub-anubis-a.akamaized.net/coub_storage/coub/simple/cw_image/75fb8367746/6df4d3a51e8ffd2bd0a85/1550315527_00028.jpg","sharing_picture":null,"percent_done":100,"tags":[{"id":419,"title":"dog","value":"dog"},{"id":4636170,"title":"dog breathing","value":"dog%20breathing"},{"id":4636171,"title":"dog hot breathing","value":"dog%20hot%20breathing"},{"id":1435,"title":"собака","value":"%D1%81%D0%BE%D0%B1%D0%B0%D0%BA%D0%B0"},{"id":32761,"title":"пёс","value":"%D0%BF%D1%91%D1%81"},{"id":2727180,"title":"горячее дыхание","value":"%D0%B3%D0%BE%D1%80%D1%8F%D1%87%D0%B5%D0%B5%20%D0%B4%D1%8B%D1%85%D0%B0%D0%BD%D0%B8%D0%B5"},{"id":167578,"title":"паровоз","value":"%D0%BF%D0%B0%D1%80%D0%BE%D0%B2%D0%BE%D0%B7"},{"id":3030,"title":"steam","value":"steam"},{"id":37733,"title":"locomotive","value":"locomotive"},{"id":1254,"title":"поезд","value":"%D0%BF%D0%BE%D0%B5%D0%B7%D0%B4"},{"id":233650,"title":"дышит","value":"%D0%B4%D1%8B%D1%88%D0%B8%D1%82"},{"id":110147,"title":"дыхание","value":"%D0%B4%D1%8B%D1%85%D0%B0%D0%BD%D0%B8%D0%B5"},{"id":5836,"title":"смешное","value":"%D1%81%D0%BC%D0%B5%D1%88%D0%BD%D0%BE%D0%B5"},{"id":169,"title":"fun","value":"fun"},{"id":174,"title":"funny","value":"funny"},{"id":14004,"title":"machine","value":"machine"},{"id":8350,"title":"machines","value":"machines"},{"id":216653,"title":"steamtrain","value":"steamtrain"},{"id":1394156,"title":"doggo","value":"doggo"},{"id":43014,"title":"doggy","value":"doggy"},{"id":170,"title":"lol","value":"lol"},{"id":6200,"title":"lmao","value":"lmao"},{"id":1662,"title":"rofl","value":"rofl"},{"id":50,"title":"coub","value":"coub"},{"id":257922,"title":"2019","value":"2019"},{"id":3515,"title":"nice","value":"nice"},{"id":955,"title":"like","value":"like"},{"id":2851,"title":"animal","value":"animal"},{"id":17565,"title":"funny moments","value":"funny%20moments"}],"categories":[{"id":32,"title":"Animals & Pets","permalink":"animals-pets","subscriptions_count":10082576,"big_image_url":"https://coub-anubis-a.akamaized.net/coub_storage/category/cw_image/60432c0f1f4/5d35698dc76c52d5f9e63/big_1544749976_animals2.png","small_image_url":"https://coub-anubis-a.akamaized.net/coub_storage/category/cw_image/60432c0f1f4/5d35698dc76c52d5f9e63/small_1544749976_animals2.png","med_image_url":"https://coub-anubis-a.akamaized.net/coub_storage/category/cw_image/60432c0f1f4/5d35698dc76c52d5f9e63/med_1544749976_animals2.png","visible":true}],"communities":[{"id":32,"title":"Animals & Pets","permalink":"animals-pets","subscriptions_count":10082576,"big_image_url":"https://coub-anubis-a.akamaized.net/coub_storage/category/cw_image/60432c0f1f4/5d35698dc76c52d5f9e63/big_1544749976_animals2.png","small_image_url":"https://coub-anubis-a.akamaized.net/coub_storage/category/cw_image/60432c0f1f4/5d35698dc76c52d5f9e63/small_1544749976_animals2.png","med_image_url":"https://coub-anubis-a.akamaized.net/coub_storage/category/cw_image/60432c0f1f4/5d35698dc76c52d5f9e63/med_1544749976_animals2.png","i_subscribed":true,"community_notifications_enabled":null,"description":null}],"recoubs_count":752,"remixes_count":0,"likes_count":3353,"dislikes_count":0,"raw_video_id":"","uploaded_by_ios_app":false,"uploaded_by_android_app":false,"media_blocks":{"uploaded_raw_videos":[],"external_raw_videos":[],"remixed_from_coubs":[{"id":30194325,"title":"Hot Breathing","url":"https://coub.com/coubs/1mtei7/remix","image":"https://coub-anubis-a.akamaized.net/coub_storage/media_block/cw_image/63161303ef5/a5ac7b922aa2961205ae5/1548505377_ees00_1548505369_00028.jpg","image_retina":"https://coub-anubis-a.akamaized.net/coub_storage/media_block/cw_image/63161303ef5/a5ac7b922aa2961205ae5/1548505377_ees00_1548505369_00028.jpg","meta":{"duration":"8.68"},"duration":null,"coub_channel_title":"Keen Shadow","coub_channel_permalink":"keenshadow","coub_views_count":23218,"coub_permalink":"1mtei7"}]},"raw_video_thumbnail_url":"","raw_video_title":"","video_block_banned":false,"duration":8.68,"promo_winner":false,"promo_winner_recoubers":null,"editorial_info":{},"promo_hint":null,"beeline_best_2014":null,"from_web_editor":true,"normalize_sound":true,"normalize_change_allowed":true,"best2015_addable":false,"ahmad_promo":null,"promo_data":null,"audio_copyright_claim":null,"ads_disabled":false,"is_safe_for_ads":true,"megafon_contents":[],"position_on_page":9},{"flag":null,"abuses":null,"recoubs_by_users_channels":null,"favourite":false,"promoted_id":null,"recoub":null,"like":null,"dislike":null,"reaction":null,"in_my_best2015":false,"id":75186815,"type":"Coub::Simple","permalink":"18cnwk","title":"Dog and guitar","visibility_type":"public","original_visibility_type":"public","channel_id":3669731,"created_at":"2018-05-23T10:40:36Z","updated_at":"2022-03-18T03:43:34Z","is_done":true,"views_count":237016,"cotd":null,"cotd_at":null,"visible_on_explore_root":false,"visible_on_explore":false,"featured":false,"published":true,"published_at":"2018-05-23T10:40:36Z","reversed":false,"from_editor_v2":true,"is_editable":true,"original_sound":true,"has_sound":true,"recoub_to":null,"file_versions":{"html5":{"video":{"higher":{"url":"https://coub-anubis-a.akamaized.net/coub_storage/coub/simple/cw_file/4329aebe964/d2a7f22ac693b8c0f4279/muted_mp4_huge_size_1568237391_muted_huge.mp4","size":4480221},"high":{"url":"https://coub-anubis-a.akamaized.net/coub_storage/coub/simple/cw_file/4329aebe964/d2a7f22ac693b8c0f4279/muted_mp4_big_size_1568237391_muted_big.mp4","size":3445211},"med":{"url":"https://coub-anubis-a.akamaized.net/coub_storage/coub/simple/cw_file/4329aebe964/d2a7f22ac693b8c0f4279/muted_mp4_med_size_1568237391_muted_med.mp4","size":1068427}},"audio":{"high":{"url":"https://coub-anubis-a.akamaized.net/coub_storage/coub/simple/cw_looped_audio_high/691c3b32d13/a73ff3287fe5506a953eb/1605625796_high_1527072060_high.mp3","size":785722},"med":{"url":"https://coub-anubis-a.akamaized.net/coub_storage/coub/simple/cw_looped_audio_med/8ab3a8d9a69/c2871223377ba883a340e/1605625795_med_1527072060_med.mp3","size":774376},"sample_duration":10.009}},"mobile":{"video":"https://coub-anubis-a.akamaized.net/coub_storage/coub/simple/cw_file/4329aebe964/d2a7f22ac693b8c0f4279/muted_mp4_med_size_1568237391_muted_med.mp4","audio":["https://coub-anubis-a.akamaized.net/coub_storage/coub/simple/cw_looped_audio_med/8ab3a8d9a69/c2871223377ba883a340e/1605625795_med_1527072060_med.mp3"]},"share":{"default":"https://coub-anubis-a.akamaized.net/coub_storage/coub/simple/cw_video_for_sharing/d27a873efa5/05021a0067b609269b25b/1608152892_looped_1608152890.mp4"}},"audio_versions":{},"image_versions":{"template":"https://coub-anubis-a.akamaized.net/coub_storage/coub/simple/cw_image/3ddd8e7bc1c/3bce265243ffa7a304873/1527072069_00032.jpg","versions":["micro","tiny","age_restricted","ios_large","ios_mosaic","big","med","small","pinterest"]},"first_frame_versions":{"template":"https://coub-anubis-a.akamaized.net/coub_storage/coub/simple/cw_timeline_pic/49e8733b54f/0ca0e012ef1d71f85e658/1527072068_image.jpg","versions":["big","med","small","ios_large"]},"dimensions":{"big":[1280,720],"med":[640,360]},"site_w_h":[640,360],"page_w_h":[640,360],"site_w_h_small":[310,174],"size":[1280,720],"age_restricted":false,"age_restricted_by_admin":false,"not_safe_for_work":false,"allow_reuse":false,"dont_crop":false,"banned":false,"global_safe":true,"audio_file_url":null,"external_download":{"type":"Youtube","service_name":"YouTube","url":"http://www.youtube.com/watch?v=t3O6vA0UL3k","has_embed":true},"application":null,"channel":{"id":3669731,"permalink":"m-o-n-k-","title":"_M_o_n_k_","description":"What I like","followers_count":143,"following_count":0,"avatar_versions":{"template":"https://coub-anubis-a.akamaized.net/coub_storage/channel/cw_avatar/503322ae275/02a59017cda519c314fde/%{version}_1608145579_dnuu6p_1601544228_maxresdefault.jpg","versions":["medium","medium_2x","profile_pic","profile_pic_new","profile_pic_new_2x","tiny","tiny_2x","small","small_2x","ios_large","ios_small"]}},"file":null,"picture":"https://coub-anubis-a.akamaized.net/coub_storage/coub/simple/cw_image/3ddd8e7bc1c/3bce265243ffa7a304873/1527072069_00032.jpg","timeline_picture":"https://coub-anubis-a.akamaized.net/coub_storage/coub/simple/cw_timeline_pic/49e8733b54f/0ca0e012ef1d71f85e658/1527072068_image.jpg","small_picture":"https://coub-anubis-a.akamaized.net/coub_storage/coub/simple/cw_image/3ddd8e7bc1c/3bce265243ffa7a304873/1527072069_00032.jpg","sharing_picture":null,"percent_done":100,"tags":[{"id":1405,"title":"guitar","value":"guitar"},{"id":84574,"title":"la la land","value":"la%20la%20land"},{"id":3097054,"title":"mia & sebastian","value":"mia%20&%20sebastian"},{"id":1665,"title":"cover","value":"cover"},{"id":1822321,"title":"acousticguitar","value":"acousticguitar"},{"id":3482,"title":"fingerstyle","value":"fingerstyle"},{"id":222439,"title":"classical guitar","value":"classical%20guitar"},{"id":17723,"title":"acoustic guitar","value":"acoustic%20guitar"},{"id":99549,"title":"guitar cover","value":"guitar%20cover"},{"id":1982,"title":"song","value":"song"},{"id":2563884,"title":"nylon strings","value":"nylon%20strings"},{"id":5318,"title":"snow","value":"snow"},{"id":419,"title":"dog","value":"dog"},{"id":12658,"title":"blizzard","value":"blizzard"},{"id":35248,"title":"trench","value":"trench"},{"id":82011,"title":"maple","value":"maple"},{"id":1706369,"title":"acoustictrench","value":"acoustictrench"}],"categories":[{"id":32,"title":"Animals & Pets","permalink":"animals-pets","subscriptions_count":10082576,"big_image_url":"https://coub-anubis-a.akamaized.net/coub_storage/category/cw_image/60432c0f1f4/5d35698dc76c52d5f9e63/big_1544749976_animals2.png","small_image_url":"https://coub-anubis-a.akamaized.net/coub_storage/category/cw_image/60432c0f1f4/5d35698dc76c52d5f9e63/small_1544749976_animals2.png","med_image_url":"https://coub-anubis-a.akamaized.net/coub_storage/category/cw_image/60432c0f1f4/5d35698dc76c52d5f9e63/med_1544749976_animals2.png","visible":true}],"communities":[{"id":32,"title":"Animals & Pets","permalink":"animals-pets","subscriptions_count":10082576,"big_image_url":"https://coub-anubis-a.akamaized.net/coub_storage/category/cw_image/60432c0f1f4/5d35698dc76c52d5f9e63/big_1544749976_animals2.png","small_image_url":"https://coub-anubis-a.akamaized.net/coub_storage/category/cw_image/60432c0f1f4/5d35698dc76c52d5f9e63/small_1544749976_animals2.png","med_image_url":"https://coub-anubis-a.akamaized.net/coub_storage/category/cw_image/60432c0f1f4/5d35698dc76c52d5f9e63/med_1544749976_animals2.png","i_subscribed":true,"community_notifications_enabled":null,"description":null}],"recoubs_count":706,"remixes_count":2,"likes_count":3353,"dislikes_count":0,"raw_video_id":11557680,"uploaded_by_ios_app":false,"uploaded_by_android_app":false,"media_blocks":{"uploaded_raw_videos":[],"external_raw_videos":[{"id":25994983,"title":"La La Land Mia & Sebastian's Theme Guitar Cover","url":"http://www.youtube.com/watch?v=t3O6vA0UL3k","image":"https://coub-anubis-a.akamaized.net/coub_storage/media_block/cw_image/d5a5bdba0a3/5060a711f6a204a8675bf/1524302824_1524302804_xflhvs_att-url-download.jpg","image_retina":"https://coub-anubis-a.akamaized.net/coub_storage/media_block/cw_image/d5a5bdba0a3/5060a711f6a204a8675bf/1524302824_1524302804_xflhvs_att-url-download.jpg","meta":{"service":"Youtube","duration":"89.32"},"duration":89.32,"raw_video_id":11557680,"has_embed":true}],"remixed_from_coubs":[],"external_video":{"id":25994983,"title":"La La Land Mia & Sebastian's Theme Guitar Cover","url":"http://www.youtube.com/watch?v=t3O6vA0UL3k","image":"https://coub-anubis-a.akamaized.net/coub_storage/media_block/cw_image/d5a5bdba0a3/5060a711f6a204a8675bf/1524302824_1524302804_xflhvs_att-url-download.jpg","image_retina":"https://coub-anubis-a.akamaized.net/coub_storage/media_block/cw_image/d5a5bdba0a3/5060a711f6a204a8675bf/1524302824_1524302804_xflhvs_att-url-download.jpg","meta":{"service":"Youtube","duration":"89.32"},"duration":89.32,"raw_video_id":11557680,"has_embed":true}},"raw_video_thumbnail_url":"/missing/missing.png","raw_video_title":"La La Land Mia & Sebastian's Theme Guitar Cover","video_block_banned":false,"duration":10.0,"promo_winner":false,"promo_winner_recoubers":null,"editorial_info":{},"promo_hint":null,"beeline_best_2014":null,"from_web_editor":true,"normalize_sound":true,"normalize_change_allowed":true,"best2015_addable":false,"ahmad_promo":null,"promo_data":null,"audio_copyright_claim":null,"ads_disabled":false,"is_safe_for_ads":true,"megafon_contents":[],"position_on_page":10}]}