{"page":410,"per_page":10,"total_pages":500,"coubs":[{"flag":null,"abuses":null,"recoubs_by_users_channels":null,"favourite":false,"promoted_id":null,"recoub":null,"like":null,"dislike":null,"reaction":null,"in_my_best2015":false,"id":167843285,"type":"Coub::Simple","permalink":"2rkzk9","title":"Наивное Котэ :D","visibility_type":"public","original_visibility_type":"public","channel_id":3149466,"created_at":"2021-04-29T19:16:17Z","updated_at":"2022-03-18T08:07:47Z","is_done":true,"views_count":119062,"cotd":null,"cotd_at":null,"visible_on_explore_root":false,"visible_on_explore":false,"featured":false,"published":true,"published_at":"2021-04-29T19:16:17Z","reversed":false,"from_editor_v2":true,"is_editable":true,"original_sound":true,"has_sound":true,"recoub_to":null,"file_versions":{"html5":{"video":{"higher":{"url":"https://coub-anubis-a.akamaized.net/coub_storage/coub/simple/cw_file/6a750586902/49615a860a5079fa08d3b/muted_mp4_huge_size_1619723836_muted_huge.mp4","size":1056936},"high":{"url":"https://coub-anubis-a.akamaized.net/coub_storage/coub/simple/cw_file/6a750586902/49615a860a5079fa08d3b/muted_mp4_big_size_1619723836_muted_big.mp4","size":645228},"med":{"url":"https://coub-anubis-a.akamaized.net/coub_storage/coub/simple/cw_file/6a750586902/49615a860a5079fa08d3b/muted_mp4_med_size_1619723836_muted_med.mp4","size":187760}},"audio":{"high":{"url":"https://coub-anubis-a.akamaized.net/coub_storage/coub/simple/cw_looped_audio_high/69454a4e284/f64d50c4eefca73392128/1619723838_mp3-high.mp3","size":807708},"med":{"url":"https://coub-anubis-a.akamaized.net/coub_storage/coub/simple/cw_looped_audio_med/e4cd2865702/aa57b29bd18f1f38c1ae6/1619723837_mp3-med.mp3","size":803755},"sample_duration":10.286}},"mobile":{"video":"https://coub-anubis-a.akamaized.net/coub_storage/coub/simple/cw_file/6a750586902/49615a860a5079fa08d3b/muted_mp4_med_size_1619723836_muted_med.mp4","audio":["https://coub-anubis-a.akamaized.net/coub_storage/coub/simple/cw_looped_audio_med/e4cd2865702/aa57b29bd18f1f38c1ae6/1619723837_mp3-med.mp3"]},"share":{"default":"https://coub-anubis-a.akamaized.net/coub_storage/coub/simple/cw_video_for_sharing/33d5ea527b7/e9c93cafd217d2802d886/1619723880_looped_1619723880.mp4"}},"audio_versions":{},"image_versions":{"template":"https://coub-anubis-a.akamaized.net/coub_storage/coub/simple/cw_image/9d35cc525aa/fcb952386723306733340/%{version}_1619723845_00032.jpg","versions":["micro","tiny","age_restricted","ios_large","ios_mosaic","big","med","small","pinterest"]},"first_frame_versions":{"template":"https://coub-anubis-a.akamaized.net/coub_storage/coub/simple/cw_timeline_pic/a2396c8ea1a/2c226ec1bbf0671fc1ac3/%{version}_1619723844_image.jpg","versions":["big","med","small","ios_large"]},"dimensions":{"big":[960,960],"med":[480,480]},"site_w_h":[400,400],"page_w_h":[400,400],"site_w_h_small":[310,310],"size":[960,960],"age_restricted":false,"age_restricted_by_admin":false,"not_safe_for_work":null,"allow_reuse":false,"dont_crop":true,"banned":false,"global_safe":null,"audio_file_url":null,"external_download":{"type":"Imgur","service_name":"Imgur","url":"https://imgur.com/gallery/TFNiu2G","has_embed":false},"application":null,"channel":{"id":3149466,"permalink":"yourlife","title":"YOUR LIFE","description":"This is your life","followers_count":1120,"following_count":1,"avatar_versions":{"template":"https://coub-anubis-a.akamaized.net/coub_storage/channel/cw_avatar/2514ee51fe1/c50094f1dc12e04d1ec25/%{version}_1607419496_nx6s25_1546118736_EEEE.png","versions":["medium","medium_2x","profile_pic","profile_pic_new","profile_pic_new_2x","tiny","tiny_2x","small","small_2x","ios_large","ios_small"]}},"file":null,"picture":"https://coub-anubis-a.akamaized.net/coub_storage/coub/simple/cw_image/9d35cc525aa/fcb952386723306733340/med_1619723845_00032.jpg","timeline_picture":"https://coub-anubis-a.akamaized.net/coub_storage/coub/simple/cw_timeline_pic/a2396c8ea1a/2c226ec1bbf0671fc1ac3/ios_large_1619723844_image.jpg","small_picture":"https://coub-anubis-a.akamaized.net/coub_storage/coub/simple/cw_image/9d35cc525aa/fcb952386723306733340/ios_mosaic_1619723845_00032.jpg","sharing_picture":null,"percent_done":100,"tags":[{"id":5025,"title":"котэ","value":"%D0%BA%D0%BE%D1%82%D1%8D"},{"id":6287572,"title":"наивное котэ","value":"%D0%BD%D0%B0%D0%B8%D0%B2%D0%BD%D0%BE%D0%B5%20%D0%BA%D0%BE%D1%82%D1%8D"},{"id":13227,"title":"коты","value":"%D0%BA%D0%BE%D1%82%D1%8B"},{"id":1436,"title":"кошки","value":"%D0%BA%D0%BE%D1%88%D0%BA%D0%B8"},{"id":39,"title":"cats","value":"cats"},{"id":174,"title":"funny","value":"funny"},{"id":882,"title":"прикол","value":"%D0%BF%D1%80%D0%B8%D0%BA%D0%BE%D0%BB"},{"id":4634,"title":"prank","value":"prank"},{"id":1115,"title":"joke","value":"joke"},{"id":134,"title":"cat","value":"cat"},{"id":1793,"title":"kitty","value":"kitty"}],"categories":[{"id":32,"title":"Animals & Pets","permalink":"animals-pets","subscriptions_count":10082576,"big_image_url":"https://coub-anubis-a.akamaized.net/coub_storage/category/cw_image/60432c0f1f4/5d35698dc76c52d5f9e63/big_1544749976_animals2.png","small_image_url":"https://coub-anubis-a.akamaized.net/coub_storage/category/cw_image/60432c0f1f4/5d35698dc76c52d5f9e63/small_1544749976_animals2.png","med_image_url":"https://coub-anubis-a.akamaized.net/coub_storage/category/cw_image/60432c0f1f4/5d35698dc76c52d5f9e63/med_1544749976_animals2.png","visible":true}],"communities":[{"id":32,"title":"Animals & Pets","permalink":"animals-pets","subscriptions_count":10082576,"big_image_url":"https://coub-anubis-a.akamaized.net/coub_storage/category/cw_image/60432c0f1f4/5d35698dc76c52d5f9e63/big_1544749976_animals2.png","small_image_url":"https://coub-anubis-a.akamaized.net/coub_storage/category/cw_image/60432c0f1f4/5d35698dc76c52d5f9e63/small_1544749976_animals2.png","med_image_url":"https://coub-anubis-a.akamaized.net/coub_storage/category/cw_image/60432c0f1f4/5d35698dc76c52d5f9e63/med_1544749976_animals2.png","i_subscribed":true,"community_notifications_enabled":null,"description":null}],"recoubs_count":368,"remixes_count":1,"likes_count":2051,"dislikes_count":0,"raw_video_id":16397724,"uploaded_by_ios_app":false,"uploaded_by_android_app":false,"media_blocks":{"uploaded_raw_videos":[],"external_raw_videos":[{"id":38756069,"title":"Imgur","url":"https://imgur.com/gallery/TFNiu2G","image":"https://coub-anubis-a.akamaized.net/coub_storage/media_block/cw_image/d3e6f029ccc/369b80d03d8e4c0c45faa/video_1619723424_kc359h_1619723410_image.jpg","image_retina":"https://coub-anubis-a.akamaized.net/coub_storage/media_block/cw_image/d3e6f029ccc/369b80d03d8e4c0c45faa/video_retina_1619723424_kc359h_1619723410_image.jpg","meta":{"service":"Imgur","duration":"60.0"},"duration":60.0,"raw_video_id":16397724,"has_embed":false}],"remixed_from_coubs":[],"external_video":{"id":38756069,"title":"Imgur","url":"https://imgur.com/gallery/TFNiu2G","image":"https://coub-anubis-a.akamaized.net/coub_storage/media_block/cw_image/d3e6f029ccc/369b80d03d8e4c0c45faa/video_1619723424_kc359h_1619723410_image.jpg","image_retina":"https://coub-anubis-a.akamaized.net/coub_storage/media_block/cw_image/d3e6f029ccc/369b80d03d8e4c0c45faa/video_retina_1619723424_kc359h_1619723410_image.jpg","meta":{"service":"Imgur","duration":"60.0"},"duration":60.0,"raw_video_id":16397724,"has_embed":false}},"raw_video_thumbnail_url":"https://coub-anubis-a.akamaized.net/coub_storage/raw_video/cw_image/cc48d666b71/fe69c0b90eaf9abc8eb50/coub_media_1619723410_1619723410_image.jpg","raw_video_title":"Imgur","video_block_banned":false,"duration":10.0,"promo_winner":false,"promo_winner_recoubers":null,"editorial_info":{},"promo_hint":null,"beeline_best_2014":null,"from_web_editor":true,"normalize_sound":true,"normalize_change_allowed":true,"best2015_addable":false,"ahmad_promo":null,"promo_data":null,"audio_copyright_claim":null,"ads_disabled":null,"is_safe_for_ads":true,"megafon_contents":[],"position_on_page":1},{"flag":null,"abuses":null,"recoubs_by_users_channels":null,"favourite":false,"promoted_id":null,"recoub":null,"like":null,"dislike":null,"reaction":null,"in_my_best2015":false,"id":37575461,"type":"Coub::Simple","permalink":"lx88v","title":"Jurassic Riding","visibility_type":"public","original_visibility_type":"public","channel_id":34013,"created_at":"2017-01-03T05:49:23Z","updated_at":"2022-03-17T19:14:37Z","is_done":true,"views_count":3308057,"cotd":null,"cotd_at":null,"visible_on_explore_root":true,"visible_on_explore":true,"featured":true,"published":true,"published_at":"2017-01-03T05:49:23Z","reversed":false,"from_editor_v2":true,"is_editable":true,"original_sound":false,"has_sound":false,"recoub_to":null,"file_versions":{"html5":{"video":{"higher":{"url":"https://coub-anubis-a.akamaized.net/coub_storage/coub/simple/cw_file/00de2144b5e/1bdb13e193b586a2508c4/muted_mp4_huge_size_1568080685_muted_huge.mp4","size":3224143},"high":{"url":"https://coub-anubis-a.akamaized.net/coub_storage/coub/simple/cw_file/00de2144b5e/1bdb13e193b586a2508c4/muted_mp4_big_size_1568080685_muted_big.mp4","size":2148614},"med":{"url":"https://coub-anubis-a.akamaized.net/coub_storage/coub/simple/cw_file/00de2144b5e/1bdb13e193b586a2508c4/muted_mp4_med_size_1568080685_muted_med.mp4","size":662413}},"audio":{"high":{"url":"https://coub-anubis-a.akamaized.net/coub_storage/coub/simple/cw_looped_audio_high/973c31eae83/2f5abf359282efde17fc8/1605569938_high_1483422574_high.mp3","size":1436573},"med":{"url":"https://coub-anubis-a.akamaized.net/coub_storage/coub/simple/cw_looped_audio_med/22fe7c38074/81aff4f443189aeeb0aa1/1605569938_med_1483422574_med.mp3","size":1152906}}},"mobile":{"video":"https://coub-anubis-a.akamaized.net/coub_storage/coub/simple/cw_file/00de2144b5e/1bdb13e193b586a2508c4/muted_mp4_med_size_1568080685_muted_med.mp4","audio":["https://coub-anubis-a.akamaized.net/coub_storage/coub/simple/cw_looped_audio_med/22fe7c38074/81aff4f443189aeeb0aa1/1605569938_med_1483422574_med.mp3"]},"share":{"default":"https://coub-anubis-a.akamaized.net/coub_storage/coub/simple/cw_video_for_sharing/1bcf21b2371/90088b10a16c3cb3ba0d9/1608192727_looped_1608192726.mp4"}},"audio_versions":{"template":"https://coub-anubis-a.akamaized.net/coub_storage/audio_track/cw_normalized_copy/b87b1d09ebb/270a62bbe66c505112897/mid_1483422573_1567252_normalized_1483422571_164oc05_edited.mp3","versions":["mid","low"]},"image_versions":{"template":"https://coub-anubis-a.akamaized.net/coub_storage/coub/simple/cw_image/18e4dbb5525/c5cca1456d508b3f47b9f/1483422579_00032.jpg","versions":["micro","tiny","age_restricted","ios_large","ios_mosaic","big","med","small","pinterest"]},"first_frame_versions":{"template":"https://coub-anubis-a.akamaized.net/coub_storage/coub/simple/cw_timeline_pic/18e4dbb5525/c5cca1456d508b3f47b9f/1483422579_image.jpg","versions":["big","med","small","ios_large"]},"dimensions":{"big":[1280,718],"med":[640,358]},"site_w_h":[640,359],"page_w_h":[640,359],"site_w_h_small":[310,174],"size":[1280,718],"age_restricted":false,"age_restricted_by_admin":false,"not_safe_for_work":false,"allow_reuse":false,"dont_crop":false,"banned":false,"global_safe":true,"audio_file_url":"https://coub-anubis-a.akamaized.net/coub_storage/audio_track/cw_normalized_copy/b87b1d09ebb/270a62bbe66c505112897/low_1483422573_1567252_normalized_1483422571_164oc05_edited.mp3","external_download":{"type":"Imgur","service_name":"Imgur","url":"http://i.imgur.com/fKI7rij.gifv","has_embed":false},"application":null,"channel":{"id":34013,"permalink":"eleprimer","title":"Light Tuesday ","description":"In Source We Trust #eleprimer","followers_count":47208,"following_count":309,"avatar_versions":{"template":"https://coub-anubis-a.akamaized.net/coub_storage/channel/cw_avatar/6935064c7dc/619c13567459f10bfe258/%{version}_1598751147_ghh.jpg","versions":["medium","medium_2x","profile_pic","profile_pic_new","profile_pic_new_2x","tiny","tiny_2x","small","small_2x","ios_large","ios_small"]}},"file":null,"picture":"https://coub-anubis-a.akamaized.net/coub_storage/coub/simple/cw_image/18e4dbb5525/c5cca1456d508b3f47b9f/1483422579_00032.jpg","timeline_picture":"https://coub-anubis-a.akamaized.net/coub_storage/coub/simple/cw_timeline_pic/18e4dbb5525/c5cca1456d508b3f47b9f/1483422579_image.jpg","small_picture":"https://coub-anubis-a.akamaized.net/coub_storage/coub/simple/cw_image/18e4dbb5525/c5cca1456d508b3f47b9f/1483422579_00032.jpg","sharing_picture":null,"percent_done":100,"tags":[{"id":2851,"title":"animal","value":"animal"},{"id":5327,"title":"room","value":"room"},{"id":1181,"title":"home","value":"home"},{"id":21920,"title":"set","value":"set"},{"id":6961,"title":"green","value":"green"},{"id":59946,"title":"omfg","value":"omfg"},{"id":15606,"title":"small","value":"small"},{"id":183,"title":"girl","value":"girl"},{"id":5554,"title":"crocodile","value":"crocodile"},{"id":17888,"title":"alligator","value":"alligator"},{"id":8142,"title":"zoo","value":"zoo"},{"id":2694,"title":"magic","value":"magic"},{"id":1071,"title":"cool","value":"cool"},{"id":1133540,"title":"eleprimer","value":"eleprimer"},{"id":3082,"title":"video","value":"video"},{"id":50,"title":"coub","value":"coub"},{"id":73135,"title":"join","value":"join"},{"id":2707,"title":"omg","value":"omg"},{"id":170,"title":"lol","value":"lol"},{"id":1253,"title":"wtf","value":"wtf"},{"id":12673,"title":"rider","value":"rider"},{"id":10591,"title":"park","value":"park"},{"id":2234,"title":"meme","value":"meme"},{"id":31720,"title":"jurassic","value":"jurassic"}],"categories":[{"id":32,"title":"Animals & Pets","permalink":"animals-pets","subscriptions_count":10082576,"big_image_url":"https://coub-anubis-a.akamaized.net/coub_storage/category/cw_image/60432c0f1f4/5d35698dc76c52d5f9e63/big_1544749976_animals2.png","small_image_url":"https://coub-anubis-a.akamaized.net/coub_storage/category/cw_image/60432c0f1f4/5d35698dc76c52d5f9e63/small_1544749976_animals2.png","med_image_url":"https://coub-anubis-a.akamaized.net/coub_storage/category/cw_image/60432c0f1f4/5d35698dc76c52d5f9e63/med_1544749976_animals2.png","visible":true}],"communities":[{"id":32,"title":"Animals & Pets","permalink":"animals-pets","subscriptions_count":10082576,"big_image_url":"https://coub-anubis-a.akamaized.net/coub_storage/category/cw_image/60432c0f1f4/5d35698dc76c52d5f9e63/big_1544749976_animals2.png","small_image_url":"https://coub-anubis-a.akamaized.net/coub_storage/category/cw_image/60432c0f1f4/5d35698dc76c52d5f9e63/small_1544749976_animals2.png","med_image_url":"https://coub-anubis-a.akamaized.net/coub_storage/category/cw_image/60432c0f1f4/5d35698dc76c52d5f9e63/med_1544749976_animals2.png","i_subscribed":true,"community_notifications_enabled":null,"description":null}],"recoubs_count":429,"remixes_count":6,"likes_count":2051,"dislikes_count":0,"raw_video_id":7515030,"uploaded_by_ios_app":false,"uploaded_by_android_app":false,"media_blocks":{"uploaded_raw_videos":[],"external_raw_videos":[{"id":14593384,"title":"Riding an Alligator","url":"https://imgur.com/fKI7rij","image":"https://coub-anubis-a.akamaized.net/coub_storage/media_block/cw_image/fec383fa433/87d04b9a37220fdb15256/1490773843_1483422276_sat6g8_att-url-download.jpg","image_retina":"https://coub-anubis-a.akamaized.net/coub_storage/media_block/cw_image/fec383fa433/87d04b9a37220fdb15256/1490773843_1483422276_sat6g8_att-url-download.jpg","meta":{"service":"Imgur","duration":"14.9"},"duration":14.9,"raw_video_id":7515030,"has_embed":false}],"remixed_from_coubs":[],"external_video":{"id":14593384,"title":"Riding an Alligator","url":"https://imgur.com/fKI7rij","image":"https://coub-anubis-a.akamaized.net/coub_storage/media_block/cw_image/fec383fa433/87d04b9a37220fdb15256/1490773843_1483422276_sat6g8_att-url-download.jpg","image_retina":"https://coub-anubis-a.akamaized.net/coub_storage/media_block/cw_image/fec383fa433/87d04b9a37220fdb15256/1490773843_1483422276_sat6g8_att-url-download.jpg","meta":{"service":"Imgur","duration":"14.9"},"duration":14.9,"raw_video_id":7515030,"has_embed":false}},"raw_video_thumbnail_url":"/missing/missing.png","raw_video_title":"Riding an Alligator","video_block_banned":false,"duration":10.0,"promo_winner":false,"promo_winner_recoubers":null,"editorial_info":{},"promo_hint":null,"beeline_best_2014":null,"from_web_editor":true,"normalize_sound":true,"normalize_change_allowed":true,"best2015_addable":false,"ahmad_promo":null,"promo_data":null,"audio_copyright_claim":null,"ads_disabled":null,"is_safe_for_ads":true,"megafon_contents":[],"position_on_page":2},{"flag":null,"abuses":null,"recoubs_by_users_channels":null,"favourite":false,"promoted_id":null,"recoub":null,"like":null,"dislike":null,"reaction":null,"in_my_best2015":false,"id":126167715,"type":"Coub::Simple","permalink":"22q879","title":"Wake up","visibility_type":"public","original_visibility_type":"public","channel_id":4523948,"created_at":"2019-10-12T12:31:34Z","updated_at":"2022-03-09T13:08:40Z","is_done":true,"views_count":115754,"cotd":null,"cotd_at":null,"visible_on_explore_root":true,"visible_on_explore":true,"featured":true,"published":true,"published_at":"2019-10-12T13:15:30Z","reversed":false,"from_editor_v2":true,"is_editable":true,"original_sound":false,"has_sound":false,"recoub_to":null,"file_versions":{"html5":{"video":{"higher":{"url":"https://coub-anubis-a.akamaized.net/coub_storage/coub/simple/cw_file/e76dc0ae83a/a95282446af88dc34d824/muted_mp4_huge_size_1570888854_muted_huge.mp4","size":2378652},"high":{"url":"https://coub-anubis-a.akamaized.net/coub_storage/coub/simple/cw_file/e76dc0ae83a/a95282446af88dc34d824/muted_mp4_big_size_1570888854_muted_big.mp4","size":1879109},"med":{"url":"https://coub-anubis-a.akamaized.net/coub_storage/coub/simple/cw_file/e76dc0ae83a/a95282446af88dc34d824/muted_mp4_med_size_1570888854_muted_med.mp4","size":588459}},"audio":{"high":{"url":"https://coub-anubis-a.akamaized.net/coub_storage/coub/simple/cw_looped_audio_high/b49f6288f12/f92d19b07a4998ae9500f/1605693363_high_1570888880_high.mp3","size":3726300},"med":{"url":"https://coub-anubis-a.akamaized.net/coub_storage/coub/simple/cw_looped_audio_med/6169c75ce86/b04df81d0d4ea0077747e/1605693362_med_1570888880_med.mp3","size":2666144}}},"mobile":{"video":"https://coub-anubis-a.akamaized.net/coub_storage/coub/simple/cw_file/e76dc0ae83a/a95282446af88dc34d824/muted_mp4_med_size_1570888854_muted_med.mp4","audio":["https://coub-anubis-a.akamaized.net/coub_storage/coub/simple/cw_looped_audio_med/6169c75ce86/b04df81d0d4ea0077747e/1605693362_med_1570888880_med.mp3"]},"share":{"default":"https://coub-anubis-a.akamaized.net/coub_storage/coub/simple/cw_video_for_sharing/23509d18c86/175edba9e5e223d45ac62/1608292239_looped_1608292238.mp4"}},"audio_versions":{"template":"https://coub-anubis-a.akamaized.net/coub_storage/audio_track/cw_file/8b6fd503196/e462758bbdf1f339de5cc/mid_1570888858_1swancs_edited.mp3","versions":["mid","low"]},"image_versions":{"template":"https://coub-anubis-a.akamaized.net/coub_storage/coub/simple/cw_image/18251101c83/4425a2c3fd9d4212e7b95/1570888895_00031.jpg","versions":["micro","tiny","age_restricted","ios_large","ios_mosaic","big","med","small","pinterest"]},"first_frame_versions":{"template":"https://coub-anubis-a.akamaized.net/coub_storage/coub/simple/cw_timeline_pic/fd32f03849a/b66c4aab96cb1f22d3897/1570888895_image.jpg","versions":["big","med","small","ios_large"]},"dimensions":{"big":[1280,720],"med":[640,360]},"site_w_h":[640,360],"page_w_h":[640,360],"site_w_h_small":[310,174],"size":[1280,720],"age_restricted":false,"age_restricted_by_admin":false,"not_safe_for_work":false,"allow_reuse":false,"dont_crop":false,"banned":false,"global_safe":true,"audio_file_url":"https://coub-anubis-a.akamaized.net/coub_storage/audio_track/cw_file/8b6fd503196/e462758bbdf1f339de5cc/low_1570888858_1swancs_edited.mp3","external_download":false,"application":null,"channel":{"id":4523948,"permalink":"watcher.stuff","title":"Anakin SkyWatcher","description":null,"followers_count":3766,"following_count":5,"avatar_versions":{"template":"https://coub-anubis-a.akamaized.net/coub_storage/channel/cw_avatar/ff99a711d57/4fe9de7d3788b73915c0a/%{version}_1607636617_qomhyb_1563572951_s1200.jpg","versions":["medium","medium_2x","profile_pic","profile_pic_new","profile_pic_new_2x","tiny","tiny_2x","small","small_2x","ios_large","ios_small"]}},"file":null,"picture":"https://coub-anubis-a.akamaized.net/coub_storage/coub/simple/cw_image/18251101c83/4425a2c3fd9d4212e7b95/1570888895_00031.jpg","timeline_picture":"https://coub-anubis-a.akamaized.net/coub_storage/coub/simple/cw_timeline_pic/fd32f03849a/b66c4aab96cb1f22d3897/1570888895_image.jpg","small_picture":"https://coub-anubis-a.akamaized.net/coub_storage/coub/simple/cw_image/18251101c83/4425a2c3fd9d4212e7b95/1570888895_00031.jpg","sharing_picture":null,"percent_done":100,"tags":[{"id":432,"title":"spider","value":"spider"},{"id":86,"title":"music","value":"music"},{"id":2053,"title":"metal","value":"metal"},{"id":1160,"title":"музыка","value":"%D0%BC%D1%83%D0%B7%D1%8B%D0%BA%D0%B0"},{"id":7801,"title":"паук","value":"%D0%BF%D0%B0%D1%83%D0%BA"},{"id":55393,"title":"chop suey","value":"chop%20suey"},{"id":203963,"title":"chop suey!","value":"chop%20suey!"},{"id":8956,"title":"system of a down","value":"system%20of%20a%20down"},{"id":274,"title":"soad","value":"soad"},{"id":1898972,"title":"soad chop suey","value":"soad%20chop%20suey"},{"id":937,"title":"wake up","value":"wake%20up"},{"id":4545495,"title":"watcher.coub","value":"watcher.coub"},{"id":22772,"title":"system of a down - chop suey!","value":"system%20of%20a%20down%20-%20chop%20suey!"},{"id":1123499,"title":"system of a down - chop suey","value":"system%20of%20a%20down%20-%20chop%20suey"}],"categories":[{"id":32,"title":"Animals & Pets","permalink":"animals-pets","subscriptions_count":10082576,"big_image_url":"https://coub-anubis-a.akamaized.net/coub_storage/category/cw_image/60432c0f1f4/5d35698dc76c52d5f9e63/big_1544749976_animals2.png","small_image_url":"https://coub-anubis-a.akamaized.net/coub_storage/category/cw_image/60432c0f1f4/5d35698dc76c52d5f9e63/small_1544749976_animals2.png","med_image_url":"https://coub-anubis-a.akamaized.net/coub_storage/category/cw_image/60432c0f1f4/5d35698dc76c52d5f9e63/med_1544749976_animals2.png","visible":true}],"communities":[{"id":32,"title":"Animals & Pets","permalink":"animals-pets","subscriptions_count":10082576,"big_image_url":"https://coub-anubis-a.akamaized.net/coub_storage/category/cw_image/60432c0f1f4/5d35698dc76c52d5f9e63/big_1544749976_animals2.png","small_image_url":"https://coub-anubis-a.akamaized.net/coub_storage/category/cw_image/60432c0f1f4/5d35698dc76c52d5f9e63/small_1544749976_animals2.png","med_image_url":"https://coub-anubis-a.akamaized.net/coub_storage/category/cw_image/60432c0f1f4/5d35698dc76c52d5f9e63/med_1544749976_animals2.png","i_subscribed":true,"community_notifications_enabled":null,"description":null}],"recoubs_count":379,"remixes_count":2,"likes_count":2050,"dislikes_count":0,"raw_video_id":"","uploaded_by_ios_app":false,"uploaded_by_android_app":false,"media_blocks":{"uploaded_raw_videos":[],"external_raw_videos":[],"remixed_from_coubs":[{"id":33490506,"title":"metal forever","url":"https://coub.com/coubs/22iemx/remix","image":"https://coub-anubis-a.akamaized.net/coub_storage/media_block/cw_image/b54067d2f28/073366a2239e6bf560941/1570547994_b1vok8_1570547969_00032.jpg","image_retina":"https://coub-anubis-a.akamaized.net/coub_storage/media_block/cw_image/b54067d2f28/073366a2239e6bf560941/1570547994_b1vok8_1570547969_00032.jpg","meta":{"duration":"10.04"},"duration":null,"coub_channel_title":"Niks  ☮","coub_channel_permalink":"--niks--","coub_views_count":1240017,"coub_permalink":"22iemx"}]},"raw_video_thumbnail_url":"","raw_video_title":"","video_block_banned":false,"duration":9.84,"promo_winner":false,"promo_winner_recoubers":null,"editorial_info":{},"promo_hint":null,"beeline_best_2014":null,"from_web_editor":true,"normalize_sound":false,"normalize_change_allowed":true,"best2015_addable":false,"ahmad_promo":null,"promo_data":null,"audio_copyright_claim":null,"ads_disabled":false,"is_safe_for_ads":true,"megafon_contents":[],"position_on_page":3},{"flag":null,"abuses":null,"recoubs_by_users_channels":null,"favourite":false,"promoted_id":null,"recoub":null,"like":null,"dislike":null,"reaction":null,"in_my_best2015":false,"id":55962242,"type":"Coub::Simple","permalink":"wvbpc","title":"Главное бдительность","visibility_type":"public","original_visibility_type":"public","channel_id":3718931,"created_at":"2017-08-17T17:53:57Z","updated_at":"2022-03-18T00:24:47Z","is_done":true,"views_count":261990,"cotd":null,"cotd_at":null,"visible_on_explore_root":false,"visible_on_explore":false,"featured":false,"published":true,"published_at":"2017-08-17T17:53:57Z","reversed":false,"from_editor_v2":true,"is_editable":true,"original_sound":true,"has_sound":true,"recoub_to":null,"file_versions":{"html5":{"video":{"higher":{"url":"https://coub-anubis-a.akamaized.net/coub_storage/coub/simple/cw_file/0ba2b57da1b/ea84eaa0d6dabd27f011e/muted_mp4_huge_size_1568138277_muted_huge.mp4","size":3391003},"high":{"url":"https://coub-anubis-a.akamaized.net/coub_storage/coub/simple/cw_file/0ba2b57da1b/ea84eaa0d6dabd27f011e/muted_mp4_big_size_1568138277_muted_big.mp4","size":2356497},"med":{"url":"https://coub-anubis-a.akamaized.net/coub_storage/coub/simple/cw_file/0ba2b57da1b/ea84eaa0d6dabd27f011e/muted_mp4_med_size_1568138277_muted_med.mp4","size":561466}},"audio":{"high":{"url":"https://coub-anubis-a.akamaized.net/coub_storage/coub/simple/cw_looped_audio_high/33e9a6e91d3/23e9257886654bfcaac7c/1605562907_high_1502992452_high.mp3","size":1060380},"med":{"url":"https://coub-anubis-a.akamaized.net/coub_storage/coub/simple/cw_looped_audio_med/ee214a64210/ec4714ad782c40e46ef00/1605562906_med_1502992452_med.mp3","size":799076},"sample_duration":10.009}},"mobile":{"video":"https://coub-anubis-a.akamaized.net/coub_storage/coub/simple/cw_file/0ba2b57da1b/ea84eaa0d6dabd27f011e/muted_mp4_med_size_1568138277_muted_med.mp4","audio":["https://coub-anubis-a.akamaized.net/coub_storage/coub/simple/cw_looped_audio_med/ee214a64210/ec4714ad782c40e46ef00/1605562906_med_1502992452_med.mp3"]},"share":{"default":"https://coub-anubis-a.akamaized.net/coub_storage/coub/simple/cw_video_for_sharing/5e33ab41dbe/4cb7ec680326f3f9ed801/1608665773_looped_1608665771.mp4"}},"audio_versions":{},"image_versions":{"template":"https://coub-anubis-a.akamaized.net/coub_storage/coub/simple/cw_image/cb7fb91851a/3c07331a2d3d0fe4453a6/1502992460_00032.jpg","versions":["micro","tiny","age_restricted","ios_large","ios_mosaic","big","med","small","pinterest"]},"first_frame_versions":{"template":"https://coub-anubis-a.akamaized.net/coub_storage/coub/simple/cw_timeline_pic/0ffe34b7053/8f9dba42749539da05d6e/%{version}_1502992459_image.jpg","versions":["big","med","small","ios_large"]},"dimensions":{"big":[1280,720],"med":[640,360]},"site_w_h":[640,360],"page_w_h":[640,360],"site_w_h_small":[310,174],"size":[1280,720],"age_restricted":false,"age_restricted_by_admin":false,"not_safe_for_work":null,"allow_reuse":false,"dont_crop":false,"banned":false,"global_safe":true,"audio_file_url":null,"external_download":false,"application":null,"channel":{"id":3718931,"permalink":"hungryduck","title":"HungryDuck","description":null,"followers_count":28,"following_count":15,"avatar_versions":{"template":"https://coubsecureassets-a.akamaihd.net/assets/default-avatars/96-2063687213aa3b6165597a26e087cc14bd535b7a150a10bb4ff8b507c8785f8b.png"}},"file":null,"picture":"https://coub-anubis-a.akamaized.net/coub_storage/coub/simple/cw_image/cb7fb91851a/3c07331a2d3d0fe4453a6/1502992460_00032.jpg","timeline_picture":"https://coub-anubis-a.akamaized.net/coub_storage/coub/simple/cw_timeline_pic/0ffe34b7053/8f9dba42749539da05d6e/ios_large_1502992459_image.jpg","small_picture":"https://coub-anubis-a.akamaized.net/coub_storage/coub/simple/cw_image/cb7fb91851a/3c07331a2d3d0fe4453a6/1502992460_00032.jpg","sharing_picture":null,"percent_done":100,"tags":[{"id":134,"title":"cat","value":"cat"},{"id":1217437,"title":"бдительность","value":"%D0%B1%D0%B4%D0%B8%D1%82%D0%B5%D0%BB%D1%8C%D0%BD%D0%BE%D1%81%D1%82%D1%8C"},{"id":590,"title":"кошка","value":"%D0%BA%D0%BE%D1%88%D0%BA%D0%B0"}],"categories":[{"id":32,"title":"Animals & Pets","permalink":"animals-pets","subscriptions_count":10082576,"big_image_url":"https://coub-anubis-a.akamaized.net/coub_storage/category/cw_image/60432c0f1f4/5d35698dc76c52d5f9e63/big_1544749976_animals2.png","small_image_url":"https://coub-anubis-a.akamaized.net/coub_storage/category/cw_image/60432c0f1f4/5d35698dc76c52d5f9e63/small_1544749976_animals2.png","med_image_url":"https://coub-anubis-a.akamaized.net/coub_storage/category/cw_image/60432c0f1f4/5d35698dc76c52d5f9e63/med_1544749976_animals2.png","visible":true}],"communities":[{"id":32,"title":"Animals & Pets","permalink":"animals-pets","subscriptions_count":10082576,"big_image_url":"https://coub-anubis-a.akamaized.net/coub_storage/category/cw_image/60432c0f1f4/5d35698dc76c52d5f9e63/big_1544749976_animals2.png","small_image_url":"https://coub-anubis-a.akamaized.net/coub_storage/category/cw_image/60432c0f1f4/5d35698dc76c52d5f9e63/small_1544749976_animals2.png","med_image_url":"https://coub-anubis-a.akamaized.net/coub_storage/category/cw_image/60432c0f1f4/5d35698dc76c52d5f9e63/med_1544749976_animals2.png","i_subscribed":true,"community_notifications_enabled":null,"description":null}],"recoubs_count":532,"remixes_count":0,"likes_count":2050,"dislikes_count":0,"raw_video_id":10112393,"uploaded_by_ios_app":false,"uploaded_by_android_app":false,"media_blocks":{"uploaded_raw_videos":[],"external_raw_videos":[],"remixed_from_coubs":[]},"raw_video_thumbnail_url":"/missing/missing.png","raw_video_title":"__________.mp4","video_block_banned":false,"duration":10.04,"promo_winner":false,"promo_winner_recoubers":null,"editorial_info":{},"promo_hint":null,"beeline_best_2014":null,"from_web_editor":true,"normalize_sound":true,"normalize_change_allowed":true,"best2015_addable":false,"ahmad_promo":null,"promo_data":null,"audio_copyright_claim":null,"ads_disabled":null,"is_safe_for_ads":true,"megafon_contents":[],"position_on_page":4},{"flag":null,"abuses":null,"recoubs_by_users_channels":null,"favourite":false,"promoted_id":null,"recoub":null,"like":null,"dislike":null,"reaction":null,"in_my_best2015":false,"id":106456496,"type":"Coub::Simple","permalink":"1qz3nk","title":"WHO LET THE DOGS OUT PUPPY VERSION","visibility_type":"public","original_visibility_type":"public","channel_id":4132519,"created_at":"2019-03-23T23:56:24Z","updated_at":"2022-03-16T18:08:39Z","is_done":true,"views_count":631806,"cotd":null,"cotd_at":null,"visible_on_explore_root":false,"visible_on_explore":false,"featured":false,"published":true,"published_at":"2019-03-24T14:12:00Z","reversed":false,"from_editor_v2":true,"is_editable":true,"original_sound":true,"has_sound":true,"recoub_to":null,"file_versions":{"html5":{"video":{"higher":{"url":"https://coub-anubis-a.akamaized.net/coub_storage/coub/simple/cw_file/be7abe1c64b/f9c97f455dbdc854546b6/muted_mp4_huge_size_1570906630_muted_huge.mp4","size":2079967},"high":{"url":"https://coub-anubis-a.akamaized.net/coub_storage/coub/simple/cw_file/be7abe1c64b/f9c97f455dbdc854546b6/muted_mp4_big_size_1570906630_muted_big.mp4","size":1411442},"med":{"url":"https://coub-anubis-a.akamaized.net/coub_storage/coub/simple/cw_file/be7abe1c64b/f9c97f455dbdc854546b6/muted_mp4_med_size_1570906630_muted_med.mp4","size":439535}},"audio":{"high":{"url":"https://coub-anubis-a.akamaized.net/coub_storage/coub/simple/cw_looped_audio_high/653d3be5580/492c85c962298e3a02cb5/1605679604_high_1553385388_high.mp3","size":1106811},"med":{"url":"https://coub-anubis-a.akamaized.net/coub_storage/coub/simple/cw_looped_audio_med/b1cfcee4631/181ade200eff2f9d7b92d/1605679604_med_1553385388_med.mp3","size":798504},"sample_duration":10.009}},"mobile":{"video":"https://coub-anubis-a.akamaized.net/coub_storage/coub/simple/cw_file/be7abe1c64b/f9c97f455dbdc854546b6/muted_mp4_med_size_1570906630_muted_med.mp4","audio":["https://coub-anubis-a.akamaized.net/coub_storage/coub/simple/cw_looped_audio_med/b1cfcee4631/181ade200eff2f9d7b92d/1605679604_med_1553385388_med.mp3"]},"share":{"default":"https://coub-anubis-a.akamaized.net/coub_storage/coub/simple/cw_video_for_sharing/bd7a0bf66a9/f01847d86a083712f55c2/1613593281_looped_1613593280.mp4"}},"audio_versions":{},"image_versions":{"template":"https://coub-anubis-a.akamaized.net/coub_storage/coub/simple/cw_image/f83a9afaf0d/7eb12bce6c61dc0d30fef/1553385428_00032.jpg","versions":["micro","tiny","age_restricted","ios_large","ios_mosaic","big","med","small","pinterest"]},"first_frame_versions":{"template":"https://coub-anubis-a.akamaized.net/coub_storage/coub/simple/cw_timeline_pic/22065bafbb9/7f72cae66429da8cd3164/%{version}_1553385428_image.jpg","versions":["big","med","small","ios_large"]},"dimensions":{"big":[486,960],"med":[242,480]},"site_w_h":[203,400],"page_w_h":[400,790],"site_w_h_small":[310,612],"size":[486,960],"age_restricted":false,"age_restricted_by_admin":false,"not_safe_for_work":false,"allow_reuse":false,"dont_crop":false,"banned":false,"global_safe":true,"audio_file_url":null,"external_download":{"type":"Youtube","service_name":"YouTube","url":"https://www.youtube.com/watch?v=7szQSwoXAmo","has_embed":true},"application":null,"channel":{"id":4132519,"permalink":"marcia-diaz","title":"Marcia Diaz ","description":"I post dank memes, animations, ytp's, etc. (Mostly MLP stuff ((sometimes)\r\n\r\nNothing is mine and credit goes to their respectful owner(s)","followers_count":253,"following_count":48,"avatar_versions":{"template":"https://coub-anubis-a.akamaized.net/coub_storage/channel/cw_avatar/3e90282fc90/0870d5294906eb86b52ef/%{version}_1607597561_ri7n2t_1579736933_never_gone_by_emerald_light_ddickdr-pre.png","versions":["medium","medium_2x","profile_pic","profile_pic_new","profile_pic_new_2x","tiny","tiny_2x","small","small_2x","ios_large","ios_small"]}},"file":null,"picture":"https://coub-anubis-a.akamaized.net/coub_storage/coub/simple/cw_image/f83a9afaf0d/7eb12bce6c61dc0d30fef/1553385428_00032.jpg","timeline_picture":"https://coub-anubis-a.akamaized.net/coub_storage/coub/simple/cw_timeline_pic/22065bafbb9/7f72cae66429da8cd3164/ios_large_1553385428_image.jpg","small_picture":"https://coub-anubis-a.akamaized.net/coub_storage/coub/simple/cw_image/f83a9afaf0d/7eb12bce6c61dc0d30fef/1553385428_00032.jpg","sharing_picture":null,"percent_done":100,"tags":[{"id":419,"title":"dog","value":"dog"},{"id":13555,"title":"puppy","value":"puppy"},{"id":918082,"title":"who let the dogs","value":"who%20let%20the%20dogs"},{"id":757,"title":"cute","value":"cute"},{"id":1113576,"title":"wholesome","value":"wholesome"}],"categories":[{"id":32,"title":"Animals & Pets","permalink":"animals-pets","subscriptions_count":10082576,"big_image_url":"https://coub-anubis-a.akamaized.net/coub_storage/category/cw_image/60432c0f1f4/5d35698dc76c52d5f9e63/big_1544749976_animals2.png","small_image_url":"https://coub-anubis-a.akamaized.net/coub_storage/category/cw_image/60432c0f1f4/5d35698dc76c52d5f9e63/small_1544749976_animals2.png","med_image_url":"https://coub-anubis-a.akamaized.net/coub_storage/category/cw_image/60432c0f1f4/5d35698dc76c52d5f9e63/med_1544749976_animals2.png","visible":true}],"communities":[{"id":32,"title":"Animals & Pets","permalink":"animals-pets","subscriptions_count":10082576,"big_image_url":"https://coub-anubis-a.akamaized.net/coub_storage/category/cw_image/60432c0f1f4/5d35698dc76c52d5f9e63/big_1544749976_animals2.png","small_image_url":"https://coub-anubis-a.akamaized.net/coub_storage/category/cw_image/60432c0f1f4/5d35698dc76c52d5f9e63/small_1544749976_animals2.png","med_image_url":"https://coub-anubis-a.akamaized.net/coub_storage/category/cw_image/60432c0f1f4/5d35698dc76c52d5f9e63/med_1544749976_animals2.png","i_subscribed":true,"community_notifications_enabled":null,"description":null}],"recoubs_count":383,"remixes_count":0,"likes_count":2049,"dislikes_count":0,"raw_video_id":13427880,"uploaded_by_ios_app":false,"uploaded_by_android_app":false,"media_blocks":{"uploaded_raw_videos":[],"external_raw_videos":[{"id":31055303,"title":"WHO LET THE DOGS OUT PUPPY VERSION","url":"https://www.youtube.com/watch?v=7szQSwoXAmo","image":"https://coub-anubis-a.akamaized.net/coub_storage/media_block/cw_image/00af8d94dfc/67985444fe95894586a4a/1553385250_xebrme_1553385244_13vmnpx_att-url-download.jpg","image_retina":"https://coub-anubis-a.akamaized.net/coub_storage/media_block/cw_image/00af8d94dfc/67985444fe95894586a4a/1553385250_xebrme_1553385244_13vmnpx_att-url-download.jpg","meta":{"service":"Youtube","duration":"10.52"},"duration":10.52,"raw_video_id":13427880,"has_embed":true}],"remixed_from_coubs":[],"external_video":{"id":31055303,"title":"WHO LET THE DOGS OUT PUPPY VERSION","url":"https://www.youtube.com/watch?v=7szQSwoXAmo","image":"https://coub-anubis-a.akamaized.net/coub_storage/media_block/cw_image/00af8d94dfc/67985444fe95894586a4a/1553385250_xebrme_1553385244_13vmnpx_att-url-download.jpg","image_retina":"https://coub-anubis-a.akamaized.net/coub_storage/media_block/cw_image/00af8d94dfc/67985444fe95894586a4a/1553385250_xebrme_1553385244_13vmnpx_att-url-download.jpg","meta":{"service":"Youtube","duration":"10.52"},"duration":10.52,"raw_video_id":13427880,"has_embed":true}},"raw_video_thumbnail_url":"/missing/missing.png","raw_video_title":"WHO LET THE DOGS OUT PUPPY VERSION","video_block_banned":false,"duration":10.0,"promo_winner":false,"promo_winner_recoubers":null,"editorial_info":{},"promo_hint":null,"beeline_best_2014":null,"from_web_editor":true,"normalize_sound":true,"normalize_change_allowed":true,"best2015_addable":false,"ahmad_promo":null,"promo_data":null,"audio_copyright_claim":null,"ads_disabled":false,"is_safe_for_ads":true,"megafon_contents":[],"position_on_page":5},{"flag":null,"abuses":null,"recoubs_by_users_channels":null,"favourite":false,"promoted_id":null,"recoub":null,"like":null,"dislike":null,"reaction":null,"in_my_best2015":false,"id":97412410,"type":"Coub::Simple","permalink":"1ll950","title":"животные претворяются глупыми а сами ночью пользуются нашими гаджетами  ","visibility_type":"public","original_visibility_type":"public","channel_id":3434630,"created_at":"2019-01-09T17:20:03Z","updated_at":"2022-03-09T14:30:09Z","is_done":true,"views_count":108820,"cotd":null,"cotd_at":null,"visible_on_explore_root":false,"visible_on_explore":false,"featured":false,"published":true,"published_at":"2019-01-09T17:20:03Z","reversed":false,"from_editor_v2":true,"is_editable":true,"original_sound":true,"has_sound":true,"recoub_to":null,"file_versions":{"html5":{"video":{"higher":{"url":"https://coub-anubis-a.akamaized.net/coub_storage/coub/simple/cw_file/fcd48e3024e/ecf48fdfa88ed5fc361d0/muted_mp4_huge_size_1572189205_muted_huge.mp4","size":3180143},"high":{"url":"https://coub-anubis-a.akamaized.net/coub_storage/coub/simple/cw_file/fcd48e3024e/ecf48fdfa88ed5fc361d0/muted_mp4_big_size_1572189205_muted_big.mp4","size":2126097},"med":{"url":"https://coub-anubis-a.akamaized.net/coub_storage/coub/simple/cw_file/fcd48e3024e/ecf48fdfa88ed5fc361d0/muted_mp4_med_size_1572189205_muted_med.mp4","size":605771}},"audio":{"high":{"url":"https://coub-anubis-a.akamaized.net/coub_storage/coub/simple/cw_looped_audio_high/913bc37ea34/94be5c41df20c70995f21/1605665952_high_1547054473_high.mp3","size":797677},"med":{"url":"https://coub-anubis-a.akamaized.net/coub_storage/coub/simple/cw_looped_audio_med/d36ca3ca555/2206856c98485baa262e8/1605665952_med_1547054473_med.mp3","size":789248},"sample_duration":10.009}},"mobile":{"video":"https://coub-anubis-a.akamaized.net/coub_storage/coub/simple/cw_file/fcd48e3024e/ecf48fdfa88ed5fc361d0/muted_mp4_med_size_1572189205_muted_med.mp4","audio":["https://coub-anubis-a.akamaized.net/coub_storage/coub/simple/cw_looped_audio_med/d36ca3ca555/2206856c98485baa262e8/1605665952_med_1547054473_med.mp3"]},"share":{"default":"https://coub-anubis-a.akamaized.net/coub_storage/coub/simple/cw_video_for_sharing/13ceafe9ea4/3fa129fa6f8a11bf0888f/1608183999_looped_1608183998.mp4"}},"audio_versions":{},"image_versions":{"template":"https://coub-anubis-a.akamaized.net/coub_storage/coub/simple/cw_image/a6f3e2b4c88/b0c7a9b2475ddea132640/1547054477_00032.jpg","versions":["micro","tiny","age_restricted","ios_large","ios_mosaic","big","med","small","pinterest"]},"first_frame_versions":{"template":"https://coub-anubis-a.akamaized.net/coub_storage/coub/simple/cw_timeline_pic/f97fd949bfd/f2a3610067e3799b8d7c4/%{version}_1547054477_image.jpg","versions":["big","med","small","ios_large"]},"dimensions":{"big":[1280,722],"med":[640,360]},"site_w_h":[640,361],"page_w_h":[640,361],"site_w_h_small":[310,175],"size":[1280,722],"age_restricted":false,"age_restricted_by_admin":false,"not_safe_for_work":false,"allow_reuse":false,"dont_crop":false,"banned":false,"global_safe":false,"audio_file_url":null,"external_download":{"type":"Youtube","service_name":"YouTube","url":"https://youtu.be/4ia3kTrPkx0","has_embed":true},"application":null,"channel":{"id":3434630,"permalink":"taipan1974","title":"TAIPAN1974","description":"НАЙДИТЕ Coub КОТОРЫЙ ВАМ ПОНРАВИТСЯ  ИЩИТЕ И ВЫ НАЙДЕТЕ","followers_count":472,"following_count":999,"avatar_versions":{"template":"https://coub-anubis-a.akamaized.net/coub_storage/channel/cw_avatar/4a4a94706e3/0027ac76842975b3b4d39/%{version}_1608149425_1scdyhc_1590111083_hi-tech-technology-robot.jpg","versions":["medium","medium_2x","profile_pic","profile_pic_new","profile_pic_new_2x","tiny","tiny_2x","small","small_2x","ios_large","ios_small"]}},"file":null,"picture":"https://coub-anubis-a.akamaized.net/coub_storage/coub/simple/cw_image/a6f3e2b4c88/b0c7a9b2475ddea132640/1547054477_00032.jpg","timeline_picture":"https://coub-anubis-a.akamaized.net/coub_storage/coub/simple/cw_timeline_pic/f97fd949bfd/f2a3610067e3799b8d7c4/ios_large_1547054477_image.jpg","small_picture":"https://coub-anubis-a.akamaized.net/coub_storage/coub/simple/cw_image/a6f3e2b4c88/b0c7a9b2475ddea132640/1547054477_00032.jpg","sharing_picture":null,"percent_done":100,"tags":[],"categories":[{"id":32,"title":"Animals & Pets","permalink":"animals-pets","subscriptions_count":10082576,"big_image_url":"https://coub-anubis-a.akamaized.net/coub_storage/category/cw_image/60432c0f1f4/5d35698dc76c52d5f9e63/big_1544749976_animals2.png","small_image_url":"https://coub-anubis-a.akamaized.net/coub_storage/category/cw_image/60432c0f1f4/5d35698dc76c52d5f9e63/small_1544749976_animals2.png","med_image_url":"https://coub-anubis-a.akamaized.net/coub_storage/category/cw_image/60432c0f1f4/5d35698dc76c52d5f9e63/med_1544749976_animals2.png","visible":true}],"communities":[{"id":32,"title":"Animals & Pets","permalink":"animals-pets","subscriptions_count":10082576,"big_image_url":"https://coub-anubis-a.akamaized.net/coub_storage/category/cw_image/60432c0f1f4/5d35698dc76c52d5f9e63/big_1544749976_animals2.png","small_image_url":"https://coub-anubis-a.akamaized.net/coub_storage/category/cw_image/60432c0f1f4/5d35698dc76c52d5f9e63/small_1544749976_animals2.png","med_image_url":"https://coub-anubis-a.akamaized.net/coub_storage/category/cw_image/60432c0f1f4/5d35698dc76c52d5f9e63/med_1544749976_animals2.png","i_subscribed":true,"community_notifications_enabled":null,"description":null}],"recoubs_count":378,"remixes_count":0,"likes_count":2048,"dislikes_count":0,"raw_video_id":13008621,"uploaded_by_ios_app":false,"uploaded_by_android_app":false,"media_blocks":{"uploaded_raw_videos":[],"external_raw_videos":[{"id":29937363,"title":"抖音搞笑| 别问我怕不怕冷！我有保温后援团！","url":"https://www.youtube.com/watch?v=4ia3kTrPkx0","image":"https://coub-anubis-a.akamaized.net/coub_storage/media_block/cw_image/61941508353/e5840efe67e0f2fe56361/1547046369_9uif1h_1547046216_1hb99gy_att-url-download.jpg","image_retina":"https://coub-anubis-a.akamaized.net/coub_storage/media_block/cw_image/61941508353/e5840efe67e0f2fe56361/1547046369_9uif1h_1547046216_1hb99gy_att-url-download.jpg","meta":{"service":"Youtube","duration":"817.56"},"duration":817.56,"raw_video_id":13008621,"has_embed":true}],"remixed_from_coubs":[],"external_video":{"id":29937363,"title":"抖音搞笑| 别问我怕不怕冷！我有保温后援团！","url":"https://www.youtube.com/watch?v=4ia3kTrPkx0","image":"https://coub-anubis-a.akamaized.net/coub_storage/media_block/cw_image/61941508353/e5840efe67e0f2fe56361/1547046369_9uif1h_1547046216_1hb99gy_att-url-download.jpg","image_retina":"https://coub-anubis-a.akamaized.net/coub_storage/media_block/cw_image/61941508353/e5840efe67e0f2fe56361/1547046369_9uif1h_1547046216_1hb99gy_att-url-download.jpg","meta":{"service":"Youtube","duration":"817.56"},"duration":817.56,"raw_video_id":13008621,"has_embed":true}},"raw_video_thumbnail_url":"/missing/missing.png","raw_video_title":"抖音搞笑| 别问我怕不怕冷！我有保温后援团！","video_block_banned":false,"duration":10.0,"promo_winner":false,"promo_winner_recoubers":null,"editorial_info":{},"promo_hint":null,"beeline_best_2014":null,"from_web_editor":true,"normalize_sound":true,"normalize_change_allowed":true,"best2015_addable":false,"ahmad_promo":null,"promo_data":null,"audio_copyright_claim":null,"ads_disabled":false,"is_safe_for_ads":true,"megafon_contents":[],"position_on_page":6},{"flag":null,"abuses":null,"recoubs_by_users_channels":null,"favourite":false,"promoted_id":null,"recoub":null,"like":null,"dislike":null,"reaction":null,"in_my_best2015":false,"id":9960005,"type":"Coub::Simple","permalink":"5hbud","title":" take it when you're given, but caaaarefully...","visibility_type":"public","original_visibility_type":"public","channel_id":1113230,"created_at":"2015-03-17T19:35:04Z","updated_at":"2022-03-17T17:22:11Z","is_done":true,"views_count":63778,"cotd":null,"cotd_at":null,"visible_on_explore_root":false,"visible_on_explore":false,"featured":false,"published":true,"published_at":"2015-03-17T19:35:04Z","reversed":false,"from_editor_v2":true,"is_editable":true,"original_sound":false,"has_sound":false,"recoub_to":null,"file_versions":{"html5":{"video":{"higher":{"url":"https://coub-anubis-a.akamaized.net/coub_storage/coub/simple/cw_file/9b8ff4d7d42/01b747f9f176326862ae4/muted_mp4_huge_size_1567759018_muted_huge.mp4","size":3324105},"high":{"url":"https://coub-anubis-a.akamaized.net/coub_storage/coub/simple/cw_file/9b8ff4d7d42/01b747f9f176326862ae4/muted_mp4_big_size_1567759018_muted_big.mp4","size":2495554},"med":{"url":"https://coub-anubis-a.akamaized.net/coub_storage/coub/simple/cw_file/9b8ff4d7d42/01b747f9f176326862ae4/muted_mp4_med_size_1567759018_muted_med.mp4","size":698731}},"audio":{"high":{"url":"https://coub-anubis-a.akamaized.net/coub_storage/coub/simple/cw_looped_audio_high/f0c1612f1f9/39dff850e12fd02082c3d/1605445217_high_1446004427_high.mp3","size":6584737},"med":{"url":"https://coub-anubis-a.akamaized.net/coub_storage/coub/simple/cw_looped_audio_med/a74ad56cfe1/46b77d7f5c87b4f7054d9/1605445216_med_1446004427_med.mp3","size":4389824}}},"mobile":{"video":"https://coub-anubis-a.akamaized.net/coub_storage/coub/simple/cw_file/9b8ff4d7d42/01b747f9f176326862ae4/muted_mp4_med_size_1567759018_muted_med.mp4","audio":["https://coub-anubis-a.akamaized.net/coub_storage/coub/simple/cw_looped_audio_med/a74ad56cfe1/46b77d7f5c87b4f7054d9/1605445216_med_1446004427_med.mp3"]},"share":{"default":"https://coub-anubis-a.akamaized.net/coub_storage/coub/simple/cw_video_for_sharing/944992ccb53/920b8f3461a090391e269/1615186311_looped_1615186310.mp4"}},"audio_versions":{"template":"https://coub-anubis-a.akamaized.net/coub_storage/audio_track/cw_file/aa4fe8818f7/72f7c5404254ce0c43b18/mid_1471229703_audio.mp3","versions":["mid","low"]},"image_versions":{"template":"https://coub-anubis-a.akamaized.net/coub_storage/coub/simple/cw_image/7eb9c81f19e/17efa8c3fed4d1481c2c1/1426621010_00029.jpg","versions":["micro","tiny","age_restricted","ios_large","ios_mosaic","big","med","small","pinterest"]},"first_frame_versions":{"template":"https://coub-anubis-a.akamaized.net/coub_storage/coub/simple/cw_timeline_pic/7eb9c81f19e/17efa8c3fed4d1481c2c1/%{version}_1426621009_image.jpg","versions":["big","med","small","ios_large"]},"dimensions":{"big":[1280,720],"med":[640,360]},"site_w_h":[640,360],"page_w_h":[640,360],"site_w_h_small":[310,174],"size":[1280,720],"age_restricted":false,"age_restricted_by_admin":false,"not_safe_for_work":false,"allow_reuse":false,"dont_crop":false,"banned":false,"global_safe":true,"audio_file_url":"https://coub-anubis-a.akamaized.net/coub_storage/audio_track/cw_file/aa4fe8818f7/72f7c5404254ce0c43b18/low_1471229703_audio.mp3","external_download":{"type":"Facebook","service_name":"Facebook","url":"http://www.facebook.com/video.php?v=965031646860897","has_embed":false},"application":null,"channel":{"id":1113230,"permalink":"xox-love","title":"地球外の-xox-love","description":"私は幸運だ - 運と神は私のそばには常に\r\ncoub.com/view/3nrl5 =====                                        on the cover: coub.com/view/o3w1","followers_count":4474,"following_count":77,"avatar_versions":{"template":"https://coub-anubis-a.akamaized.net/coub_storage/channel/cw_avatar/c6072ec1512/6e40446e970b347b01e74/%{version}_1607421195_vceewk_1543963315____.jpg","versions":["medium","medium_2x","profile_pic","profile_pic_new","profile_pic_new_2x","tiny","tiny_2x","small","small_2x","ios_large","ios_small"]}},"file":null,"picture":"https://coub-anubis-a.akamaized.net/coub_storage/coub/simple/cw_image/7eb9c81f19e/17efa8c3fed4d1481c2c1/1426621010_00029.jpg","timeline_picture":"https://coub-anubis-a.akamaized.net/coub_storage/coub/simple/cw_timeline_pic/7eb9c81f19e/17efa8c3fed4d1481c2c1/ios_large_1426621009_image.jpg","small_picture":"https://coub-anubis-a.akamaized.net/coub_storage/coub/simple/cw_image/7eb9c81f19e/17efa8c3fed4d1481c2c1/1426621010_00029.jpg","sharing_picture":null,"percent_done":100,"tags":[],"categories":[{"id":32,"title":"Animals & Pets","permalink":"animals-pets","subscriptions_count":10082576,"big_image_url":"https://coub-anubis-a.akamaized.net/coub_storage/category/cw_image/60432c0f1f4/5d35698dc76c52d5f9e63/big_1544749976_animals2.png","small_image_url":"https://coub-anubis-a.akamaized.net/coub_storage/category/cw_image/60432c0f1f4/5d35698dc76c52d5f9e63/small_1544749976_animals2.png","med_image_url":"https://coub-anubis-a.akamaized.net/coub_storage/category/cw_image/60432c0f1f4/5d35698dc76c52d5f9e63/med_1544749976_animals2.png","visible":true}],"communities":[{"id":32,"title":"Animals & Pets","permalink":"animals-pets","subscriptions_count":10082576,"big_image_url":"https://coub-anubis-a.akamaized.net/coub_storage/category/cw_image/60432c0f1f4/5d35698dc76c52d5f9e63/big_1544749976_animals2.png","small_image_url":"https://coub-anubis-a.akamaized.net/coub_storage/category/cw_image/60432c0f1f4/5d35698dc76c52d5f9e63/small_1544749976_animals2.png","med_image_url":"https://coub-anubis-a.akamaized.net/coub_storage/category/cw_image/60432c0f1f4/5d35698dc76c52d5f9e63/med_1544749976_animals2.png","i_subscribed":true,"community_notifications_enabled":null,"description":null}],"recoubs_count":679,"remixes_count":0,"likes_count":2047,"dislikes_count":0,"raw_video_id":1394748,"uploaded_by_ios_app":false,"uploaded_by_android_app":false,"media_blocks":{"uploaded_raw_videos":[],"external_raw_videos":[],"remixed_from_coubs":[],"audio_track":{"id":19543654,"title":"Nocturne No. 2 in E flat, Op 9, No 2","url":null,"image":null,"image_retina":null,"meta":{"year":null,"album":"Chopin The Complete Piano Music","title":"Nocturne No. 2 in E flat, Op 9, No 2","artist":"尼基塔·马加洛夫","echonest_id":null},"duration":null,"amazon_url":null,"google_play_url":null,"bandcamp_url":null,"soundcloud_url":null,"track_name":null,"track_artist":null,"track_album":null,"itunes_url":null}},"raw_video_thumbnail_url":"/missing/missing.png","raw_video_title":"Untitled","video_block_banned":false,"duration":9.12,"promo_winner":false,"promo_winner_recoubers":null,"editorial_info":{},"promo_hint":null,"beeline_best_2014":null,"from_web_editor":true,"normalize_sound":true,"normalize_change_allowed":true,"best2015_addable":false,"ahmad_promo":null,"promo_data":null,"audio_copyright_claim":null,"ads_disabled":null,"is_safe_for_ads":true,"megafon_contents":[],"position_on_page":7},{"flag":null,"abuses":null,"recoubs_by_users_channels":null,"favourite":false,"promoted_id":null,"recoub":null,"like":null,"dislike":null,"reaction":null,"in_my_best2015":false,"id":107574907,"type":"Coub::Simple","permalink":"1rn2mq","title":"Cation impossible","visibility_type":"public","original_visibility_type":"public","channel_id":1889925,"created_at":"2019-04-03T09:02:47Z","updated_at":"2022-03-09T16:15:38Z","is_done":true,"views_count":104200,"cotd":null,"cotd_at":null,"visible_on_explore_root":true,"visible_on_explore":true,"featured":true,"published":true,"published_at":"2019-04-03T09:02:46Z","reversed":false,"from_editor_v2":true,"is_editable":true,"original_sound":true,"has_sound":true,"recoub_to":null,"file_versions":{"html5":{"video":{"higher":{"url":"https://coub-anubis-a.akamaized.net/coub_storage/coub/simple/cw_file/56d8f235ecc/091a3f6c011d1eac7f81f/muted_mp4_huge_size_1570053664_muted_huge.mp4","size":799983},"high":{"url":"https://coub-anubis-a.akamaized.net/coub_storage/coub/simple/cw_file/56d8f235ecc/091a3f6c011d1eac7f81f/muted_mp4_big_size_1570053664_muted_big.mp4","size":534856},"med":{"url":"https://coub-anubis-a.akamaized.net/coub_storage/coub/simple/cw_file/56d8f235ecc/091a3f6c011d1eac7f81f/muted_mp4_med_size_1570053664_muted_med.mp4","size":164765}},"audio":{"high":{"url":"https://coub-anubis-a.akamaized.net/coub_storage/coub/simple/cw_looped_audio_high/bc3c529a3fd/c87b36a9d13bf9beee169/1605681578_high_1554282194_high.mp3","size":1071711},"med":{"url":"https://coub-anubis-a.akamaized.net/coub_storage/coub/simple/cw_looped_audio_med/175ae2b4fc9/82a0b45fe045b443b39bc/1605681577_med_1554282194_med.mp3","size":867777},"sample_duration":6.037}},"mobile":{"video":"https://coub-anubis-a.akamaized.net/coub_storage/coub/simple/cw_file/56d8f235ecc/091a3f6c011d1eac7f81f/muted_mp4_med_size_1570053664_muted_med.mp4","audio":["https://coub-anubis-a.akamaized.net/coub_storage/coub/simple/cw_looped_audio_med/175ae2b4fc9/82a0b45fe045b443b39bc/1605681577_med_1554282194_med.mp3"]},"share":{"default":"https://coub-anubis-a.akamaized.net/coub_storage/coub/simple/cw_video_for_sharing/a039a4e046a/8da8fd3c641c248f5d86d/1609393578_looped_1609393577.mp4"}},"audio_versions":{},"image_versions":{"template":"https://coub-anubis-a.akamaized.net/coub_storage/coub/simple/cw_image/993bc9f9922/774b24ed01547833b294a/1554282201_00019.jpg","versions":["micro","tiny","age_restricted","ios_large","ios_mosaic","big","med","small","pinterest"]},"first_frame_versions":{"template":"https://coub-anubis-a.akamaized.net/coub_storage/coub/simple/cw_timeline_pic/ac3361f4dda/1e96891a840e9c9f273eb/%{version}_1554282200_image.jpg","versions":["big","med","small","ios_large"]},"dimensions":{"big":[1280,800],"med":[640,400]},"site_w_h":[640,400],"page_w_h":[640,400],"site_w_h_small":[310,194],"size":[1280,800],"age_restricted":false,"age_restricted_by_admin":false,"not_safe_for_work":false,"allow_reuse":false,"dont_crop":false,"banned":false,"global_safe":true,"audio_file_url":null,"external_download":{"type":"Youtube","service_name":"YouTube","url":"https://www.youtube.com/watch?v=XAYhNHhxN0A","has_embed":true},"application":null,"channel":{"id":1889925,"permalink":"giorgi.saltxucishvili","title":"Giorgi Saltxucishvili","description":null,"followers_count":57,"following_count":148,"avatar_versions":{"template":"https://coub-anubis-a.akamaized.net/coub_storage/channel/cw_avatar/937688018cd/e3da8e60d00acc29c5e63/%{version}_1609174807_1nxf7ha_1495293024_14316913_904815346291164_4716083996556641046_n.jpg","versions":["medium","medium_2x","profile_pic","profile_pic_new","profile_pic_new_2x","tiny","tiny_2x","small","small_2x","ios_large","ios_small"]}},"file":null,"picture":"https://coub-anubis-a.akamaized.net/coub_storage/coub/simple/cw_image/993bc9f9922/774b24ed01547833b294a/1554282201_00019.jpg","timeline_picture":"https://coub-anubis-a.akamaized.net/coub_storage/coub/simple/cw_timeline_pic/ac3361f4dda/1e96891a840e9c9f273eb/ios_large_1554282200_image.jpg","small_picture":"https://coub-anubis-a.akamaized.net/coub_storage/coub/simple/cw_image/993bc9f9922/774b24ed01547833b294a/1554282201_00019.jpg","sharing_picture":null,"percent_done":100,"tags":[{"id":27537,"title":"caught on tape","value":"caught%20on%20tape"},{"id":39955,"title":"fail videos","value":"fail%20videos"},{"id":174,"title":"funny","value":"funny"},{"id":594007,"title":"america’s funniest home videos","value":"america%E2%80%99s%20funniest%20home%20videos"},{"id":19936,"title":"afv","value":"afv"},{"id":27538,"title":"animal videos","value":"animal%20videos"},{"id":1661,"title":"dogs","value":"dogs"},{"id":39,"title":"cats","value":"cats"},{"id":419,"title":"dog","value":"dog"},{"id":134,"title":"cat","value":"cat"},{"id":13555,"title":"puppy","value":"puppy"},{"id":27539,"title":"puppies","value":"puppies"},{"id":2910,"title":"kittens","value":"kittens"},{"id":756,"title":"kitten","value":"kitten"},{"id":27540,"title":"talking animals","value":"talking%20animals"},{"id":27541,"title":"talking dog","value":"talking%20dog"},{"id":27542,"title":"talking animal","value":"talking%20animal"},{"id":27543,"title":"barking dog","value":"barking%20dog"},{"id":757,"title":"cute","value":"cute"},{"id":758,"title":"adorable","value":"adorable"},{"id":10443,"title":"hilarious","value":"hilarious"},{"id":170,"title":"lol","value":"lol"},{"id":1591,"title":"pet","value":"pet"},{"id":443,"title":"fail","value":"fail"},{"id":15704,"title":"fails","value":"fails"},{"id":30229,"title":"failing","value":"failing"},{"id":25606,"title":"failure","value":"failure"},{"id":2851,"title":"animal","value":"animal"},{"id":92290,"title":"petsami","value":"petsami"},{"id":92291,"title":"cute animals","value":"cute%20animals"},{"id":10086,"title":"funny animals","value":"funny%20animals"},{"id":92292,"title":"epic animal videos","value":"epic%20animal%20videos"},{"id":92293,"title":"best animal videos","value":"best%20animal%20videos"},{"id":43172,"title":"cat videos","value":"cat%20videos"},{"id":30982,"title":"dog videos","value":"dog%20videos"},{"id":79756,"title":"pet videos","value":"pet%20videos"},{"id":11479,"title":"pets","value":"pets"},{"id":13949,"title":"viral","value":"viral"},{"id":15866,"title":"viral video","value":"viral%20video"},{"id":27545,"title":"viral videos","value":"viral%20videos"},{"id":898900,"title":"why do cats purr","value":"why%20do%20cats%20purr"},{"id":1718934,"title":"cat sounds","value":"cat%20sounds"},{"id":2919310,"title":"cat noises","value":"cat%20noises"},{"id":643168,"title":"weird sounds","value":"weird%20sounds"},{"id":116436,"title":"missionimpossible","value":"missionimpossible"},{"id":1824015,"title":"m:i","value":"m:i"},{"id":13761,"title":"theme","value":"theme"},{"id":1982,"title":"song","value":"song"},{"id":5311,"title":"tomcruise","value":"tomcruise"},{"id":1824016,"title":"wales2468","value":"wales2468"},{"id":16526,"title":"mission","value":"mission"},{"id":17312,"title":"impossible","value":"impossible"}],"categories":[{"id":32,"title":"Animals & Pets","permalink":"animals-pets","subscriptions_count":10082576,"big_image_url":"https://coub-anubis-a.akamaized.net/coub_storage/category/cw_image/60432c0f1f4/5d35698dc76c52d5f9e63/big_1544749976_animals2.png","small_image_url":"https://coub-anubis-a.akamaized.net/coub_storage/category/cw_image/60432c0f1f4/5d35698dc76c52d5f9e63/small_1544749976_animals2.png","med_image_url":"https://coub-anubis-a.akamaized.net/coub_storage/category/cw_image/60432c0f1f4/5d35698dc76c52d5f9e63/med_1544749976_animals2.png","visible":true}],"communities":[{"id":32,"title":"Animals & Pets","permalink":"animals-pets","subscriptions_count":10082576,"big_image_url":"https://coub-anubis-a.akamaized.net/coub_storage/category/cw_image/60432c0f1f4/5d35698dc76c52d5f9e63/big_1544749976_animals2.png","small_image_url":"https://coub-anubis-a.akamaized.net/coub_storage/category/cw_image/60432c0f1f4/5d35698dc76c52d5f9e63/small_1544749976_animals2.png","med_image_url":"https://coub-anubis-a.akamaized.net/coub_storage/category/cw_image/60432c0f1f4/5d35698dc76c52d5f9e63/med_1544749976_animals2.png","i_subscribed":true,"community_notifications_enabled":null,"description":null}],"recoubs_count":422,"remixes_count":0,"likes_count":2046,"dislikes_count":0,"raw_video_id":13484081,"uploaded_by_ios_app":false,"uploaded_by_android_app":false,"media_blocks":{"uploaded_raw_videos":[],"external_raw_videos":[{"id":31207395,"title":"Mission Impossible Theme(full theme)","url":"https://www.youtube.com/watch?v=XAYhNHhxN0A","image":"https://coub-anubis-a.akamaized.net/coub_storage/media_block/cw_image/84dffeb3a48/60e3cbf4997e8c49dfc7e/1554282047_1dno6r7_1554282021_ln4b6n_att-url-download.jpg","image_retina":"https://coub-anubis-a.akamaized.net/coub_storage/media_block/cw_image/84dffeb3a48/60e3cbf4997e8c49dfc7e/1554282047_1dno6r7_1554282021_ln4b6n_att-url-download.jpg","meta":{"service":"Youtube","duration":"207.08"},"duration":207.08,"raw_video_id":13484081,"has_embed":true},{"id":31207374,"title":"14 Weird Sounds Cats Make","url":"https://www.youtube.com/watch?v=ze4IjB8RxsQ","image":"https://coub-anubis-a.akamaized.net/coub_storage/media_block/cw_image/8b1c516f4e7/a2f4e3b1510fa21afa96a/1554281907_lhoaug_1554281881_4sa8ay_att-url-download.jpg","image_retina":"https://coub-anubis-a.akamaized.net/coub_storage/media_block/cw_image/8b1c516f4e7/a2f4e3b1510fa21afa96a/1554281907_lhoaug_1554281881_4sa8ay_att-url-download.jpg","meta":{"service":"Youtube","duration":"81.96"},"duration":81.96,"raw_video_id":13484076,"has_embed":true}],"remixed_from_coubs":[],"external_video":{"id":31207395,"title":"Mission Impossible Theme(full theme)","url":"https://www.youtube.com/watch?v=XAYhNHhxN0A","image":"https://coub-anubis-a.akamaized.net/coub_storage/media_block/cw_image/84dffeb3a48/60e3cbf4997e8c49dfc7e/1554282047_1dno6r7_1554282021_ln4b6n_att-url-download.jpg","image_retina":"https://coub-anubis-a.akamaized.net/coub_storage/media_block/cw_image/84dffeb3a48/60e3cbf4997e8c49dfc7e/1554282047_1dno6r7_1554282021_ln4b6n_att-url-download.jpg","meta":{"service":"Youtube","duration":"207.08"},"duration":207.08,"raw_video_id":13484081,"has_embed":true}},"raw_video_thumbnail_url":"/missing/missing.png","raw_video_title":"Mission Impossible Theme(full theme)","video_block_banned":false,"duration":5.96,"promo_winner":false,"promo_winner_recoubers":null,"editorial_info":{},"promo_hint":null,"beeline_best_2014":null,"from_web_editor":true,"normalize_sound":true,"normalize_change_allowed":true,"best2015_addable":false,"ahmad_promo":null,"promo_data":null,"audio_copyright_claim":null,"ads_disabled":false,"is_safe_for_ads":true,"megafon_contents":[],"position_on_page":8},{"flag":null,"abuses":null,"recoubs_by_users_channels":null,"favourite":false,"promoted_id":null,"recoub":null,"like":null,"dislike":null,"reaction":null,"in_my_best2015":false,"id":82190252,"type":"Coub::Simple","permalink":"1cizjv","title":"Snoring Kitty","visibility_type":"public","original_visibility_type":"public","channel_id":4698975,"created_at":"2018-08-13T04:58:25Z","updated_at":"2022-03-18T08:27:43Z","is_done":true,"views_count":123384,"cotd":null,"cotd_at":null,"visible_on_explore_root":false,"visible_on_explore":false,"featured":false,"published":true,"published_at":"2018-08-13T04:58:25Z","reversed":false,"from_editor_v2":true,"is_editable":true,"original_sound":true,"has_sound":true,"recoub_to":null,"file_versions":{"html5":{"video":{"higher":{"url":"https://coub-anubis-a.akamaized.net/coub_storage/coub/simple/cw_file/d921eb07950/e17528361fab4dbcfb69e/muted_mp4_huge_size_1568268988_muted_huge.mp4","size":2007412},"high":{"url":"https://coub-anubis-a.akamaized.net/coub_storage/coub/simple/cw_file/d921eb07950/e17528361fab4dbcfb69e/muted_mp4_big_size_1568268988_muted_big.mp4","size":1337795},"med":{"url":"https://coub-anubis-a.akamaized.net/coub_storage/coub/simple/cw_file/d921eb07950/e17528361fab4dbcfb69e/muted_mp4_med_size_1568268988_muted_med.mp4","size":331689}},"audio":{"high":{"url":"https://coub-anubis-a.akamaized.net/coub_storage/coub/simple/cw_looped_audio_high/e6bd92e022b/e92cf13c021581cf1593b/1605613157_high_1534136315_high.mp3","size":1102026},"med":{"url":"https://coub-anubis-a.akamaized.net/coub_storage/coub/simple/cw_looped_audio_med/97212d0844a/e97f698c3add02a4adcdb/1605613156_med_1534136315_med.mp3","size":799076},"sample_duration":10.009}},"mobile":{"video":"https://coub-anubis-a.akamaized.net/coub_storage/coub/simple/cw_file/d921eb07950/e17528361fab4dbcfb69e/muted_mp4_med_size_1568268988_muted_med.mp4","audio":["https://coub-anubis-a.akamaized.net/coub_storage/coub/simple/cw_looped_audio_med/97212d0844a/e97f698c3add02a4adcdb/1605613156_med_1534136315_med.mp3"]},"share":{"default":"https://coub-anubis-a.akamaized.net/coub_storage/coub/simple/cw_video_for_sharing/4cb522b7679/8cf24e0acc460ab5ae53e/1610104689_looped_1610104688.mp4"}},"audio_versions":{},"image_versions":{"template":"https://coub-anubis-a.akamaized.net/coub_storage/coub/simple/cw_image/1c274202262/9683297de61af8c53971a/1534136322_00032.jpg","versions":["micro","tiny","age_restricted","ios_large","ios_mosaic","big","med","small","pinterest"]},"first_frame_versions":{"template":"https://coub-anubis-a.akamaized.net/coub_storage/coub/simple/cw_timeline_pic/67fef434330/00856f0380f1bb178042c/1534136321_image.jpg","versions":["big","med","small","ios_large"]},"dimensions":{"big":[538,960],"med":[268,480]},"site_w_h":[224,400],"page_w_h":[400,714],"site_w_h_small":[310,553],"size":[538,960],"age_restricted":false,"age_restricted_by_admin":false,"not_safe_for_work":false,"allow_reuse":false,"dont_crop":false,"banned":false,"global_safe":true,"audio_file_url":null,"external_download":false,"application":null,"channel":{"id":4698975,"permalink":"ginger-r.-jones","title":"Ginger R. Jones","description":null,"followers_count":25,"following_count":1,"avatar_versions":{"template":"https://coub-anubis-a.akamaized.net/coub_storage/channel/cw_avatar/3afa5d004a8/8630bd20e3d42bda077e7/%{version}_1609591282_17pea6w_1534001185_tqrr99_10216056063372961.jpg","versions":["medium","medium_2x","profile_pic","profile_pic_new","profile_pic_new_2x","tiny","tiny_2x","small","small_2x","ios_large","ios_small"]}},"file":null,"picture":"https://coub-anubis-a.akamaized.net/coub_storage/coub/simple/cw_image/1c274202262/9683297de61af8c53971a/1534136322_00032.jpg","timeline_picture":"https://coub-anubis-a.akamaized.net/coub_storage/coub/simple/cw_timeline_pic/67fef434330/00856f0380f1bb178042c/1534136321_image.jpg","small_picture":"https://coub-anubis-a.akamaized.net/coub_storage/coub/simple/cw_image/1c274202262/9683297de61af8c53971a/1534136322_00032.jpg","sharing_picture":null,"percent_done":100,"tags":[{"id":178982,"title":"snoring","value":"snoring"},{"id":1793,"title":"kitty","value":"kitty"},{"id":95047,"title":"cute kitty","value":"cute%20kitty"},{"id":4201984,"title":"fatkitty","value":"fatkitty"},{"id":134,"title":"cat","value":"cat"},{"id":1499,"title":"fat","value":"fat"},{"id":19408,"title":"fat cat","value":"fat%20cat"}],"categories":[{"id":32,"title":"Animals & Pets","permalink":"animals-pets","subscriptions_count":10082576,"big_image_url":"https://coub-anubis-a.akamaized.net/coub_storage/category/cw_image/60432c0f1f4/5d35698dc76c52d5f9e63/big_1544749976_animals2.png","small_image_url":"https://coub-anubis-a.akamaized.net/coub_storage/category/cw_image/60432c0f1f4/5d35698dc76c52d5f9e63/small_1544749976_animals2.png","med_image_url":"https://coub-anubis-a.akamaized.net/coub_storage/category/cw_image/60432c0f1f4/5d35698dc76c52d5f9e63/med_1544749976_animals2.png","visible":true}],"communities":[{"id":32,"title":"Animals & Pets","permalink":"animals-pets","subscriptions_count":10082576,"big_image_url":"https://coub-anubis-a.akamaized.net/coub_storage/category/cw_image/60432c0f1f4/5d35698dc76c52d5f9e63/big_1544749976_animals2.png","small_image_url":"https://coub-anubis-a.akamaized.net/coub_storage/category/cw_image/60432c0f1f4/5d35698dc76c52d5f9e63/small_1544749976_animals2.png","med_image_url":"https://coub-anubis-a.akamaized.net/coub_storage/category/cw_image/60432c0f1f4/5d35698dc76c52d5f9e63/med_1544749976_animals2.png","i_subscribed":true,"community_notifications_enabled":null,"description":null}],"recoubs_count":523,"remixes_count":0,"likes_count":2046,"dislikes_count":0,"raw_video_id":12191747,"uploaded_by_ios_app":false,"uploaded_by_android_app":true,"media_blocks":{"uploaded_raw_videos":[],"external_raw_videos":[],"remixed_from_coubs":[]},"raw_video_thumbnail_url":"/missing/missing.png","raw_video_title":null,"video_block_banned":false,"duration":10.0,"promo_winner":false,"promo_winner_recoubers":null,"editorial_info":{},"promo_hint":null,"beeline_best_2014":null,"from_web_editor":false,"normalize_sound":true,"normalize_change_allowed":true,"best2015_addable":false,"ahmad_promo":null,"promo_data":null,"audio_copyright_claim":null,"ads_disabled":false,"is_safe_for_ads":true,"megafon_contents":[],"position_on_page":9},{"flag":null,"abuses":null,"recoubs_by_users_channels":null,"favourite":false,"promoted_id":null,"recoub":null,"like":null,"dislike":null,"reaction":null,"in_my_best2015":false,"id":63138805,"type":"Coub::Simple","permalink":"11558k","title":"Cat Jedi - Die Hard","visibility_type":"public","original_visibility_type":"public","channel_id":11186,"created_at":"2017-12-26T10:12:40Z","updated_at":"2022-03-13T19:34:03Z","is_done":true,"views_count":109052,"cotd":null,"cotd_at":null,"visible_on_explore_root":false,"visible_on_explore":false,"featured":false,"published":true,"published_at":"2017-12-26T10:12:40Z","reversed":false,"from_editor_v2":true,"is_editable":true,"original_sound":true,"has_sound":true,"recoub_to":null,"file_versions":{"html5":{"video":{"higher":{"url":"https://coub-anubis-a.akamaized.net/coub_storage/coub/simple/cw_file/e223045354d/a4d426df547148fd77d94/muted_mp4_huge_size_1568176517_muted_huge.mp4","size":2264464},"high":{"url":"https://coub-anubis-a.akamaized.net/coub_storage/coub/simple/cw_file/e223045354d/a4d426df547148fd77d94/muted_mp4_big_size_1568176517_muted_big.mp4","size":1508663},"med":{"url":"https://coub-anubis-a.akamaized.net/coub_storage/coub/simple/cw_file/e223045354d/a4d426df547148fd77d94/muted_mp4_med_size_1568176517_muted_med.mp4","size":464758}},"audio":{"high":{"url":"https://coub-anubis-a.akamaized.net/coub_storage/coub/simple/cw_looped_audio_high/77fd6c8a95c/4aecaf9490418273f22f8/1605623157_high_1514283181_high.mp3","size":1081918},"med":{"url":"https://coub-anubis-a.akamaized.net/coub_storage/coub/simple/cw_looped_audio_med/618beb4da5c/b3eb0d5236a56b3b115aa/1605623157_med_1514283181_med.mp3","size":799076},"sample_duration":10.009}},"mobile":{"video":"https://coub-anubis-a.akamaized.net/coub_storage/coub/simple/cw_file/e223045354d/a4d426df547148fd77d94/muted_mp4_med_size_1568176517_muted_med.mp4","audio":["https://coub-anubis-a.akamaized.net/coub_storage/coub/simple/cw_looped_audio_med/618beb4da5c/b3eb0d5236a56b3b115aa/1605623157_med_1514283181_med.mp3"]},"share":{"default":"https://coub-anubis-a.akamaized.net/coub_storage/coub/simple/cw_video_for_sharing/9d96a7ba475/41b82222b1ae4bf4b4fa9/1608766075_looped_1608766074.mp4"}},"audio_versions":{},"image_versions":{"template":"https://coub-anubis-a.akamaized.net/coub_storage/coub/simple/cw_image/4c6394dbbe6/374f1b5d8c78efb65405c/1514283188_00032.jpg","versions":["micro","tiny","age_restricted","ios_large","ios_mosaic","big","med","small","pinterest"]},"first_frame_versions":{"template":"https://coub-anubis-a.akamaized.net/coub_storage/coub/simple/cw_timeline_pic/62d2c362e5c/a1f6901fe72a142c5dbfb/%{version}_1514283187_image.jpg","versions":["big","med","small","ios_large"]},"dimensions":{"big":[1280,734],"med":[640,366]},"site_w_h":[640,367],"page_w_h":[640,367],"site_w_h_small":[310,178],"size":[1280,734],"age_restricted":false,"age_restricted_by_admin":false,"not_safe_for_work":false,"allow_reuse":false,"dont_crop":false,"banned":false,"global_safe":true,"audio_file_url":null,"external_download":{"type":"Youtube","service_name":"YouTube","url":"http://youtu.be/vpOWk3EpjnY","has_embed":true},"application":null,"channel":{"id":11186,"permalink":"krum.krumov.904","title":"Krum Krumov","description":null,"followers_count":7670,"following_count":641,"avatar_versions":{"template":"https://coub-anubis-a.akamaized.net/coub_storage/channel/cw_avatar/c9998d578b6/0fb81d79f091bccc59980/%{version}_1525067093_550954_395157893861045_2103499066_n.jpg","versions":["medium","medium_2x","profile_pic","profile_pic_new","profile_pic_new_2x","tiny","tiny_2x","small","small_2x","ios_large","ios_small"]}},"file":null,"picture":"https://coub-anubis-a.akamaized.net/coub_storage/coub/simple/cw_image/4c6394dbbe6/374f1b5d8c78efb65405c/1514283188_00032.jpg","timeline_picture":"https://coub-anubis-a.akamaized.net/coub_storage/coub/simple/cw_timeline_pic/62d2c362e5c/a1f6901fe72a142c5dbfb/ios_large_1514283187_image.jpg","small_picture":"https://coub-anubis-a.akamaized.net/coub_storage/coub/simple/cw_image/4c6394dbbe6/374f1b5d8c78efb65405c/1514283188_00032.jpg","sharing_picture":null,"percent_done":100,"tags":[{"id":134,"title":"cat","value":"cat"},{"id":39,"title":"cats","value":"cats"},{"id":13162,"title":"ultimate","value":"ultimate"},{"id":4055,"title":"compilation","value":"compilation"},{"id":2910,"title":"kittens","value":"kittens"},{"id":756,"title":"kitten","value":"kitten"},{"id":169,"title":"fun","value":"fun"},{"id":174,"title":"funny","value":"funny"},{"id":10443,"title":"hilarious","value":"hilarious"},{"id":6725,"title":"most","value":"most"},{"id":15615,"title":"funniest","value":"funniest"},{"id":4450,"title":"jedi","value":"jedi"},{"id":4449,"title":"starwars","value":"starwars"},{"id":5096,"title":"star","value":"star"},{"id":18774,"title":"wars","value":"wars"},{"id":159,"title":"the","value":"the"},{"id":15511,"title":"force","value":"force"},{"id":547683,"title":"awakens","value":"awakens"},{"id":615542,"title":"the force awakens","value":"the%20force%20awakens"},{"id":253184,"title":"dark vador","value":"dark%20vador"}],"categories":[{"id":32,"title":"Animals & Pets","permalink":"animals-pets","subscriptions_count":10082576,"big_image_url":"https://coub-anubis-a.akamaized.net/coub_storage/category/cw_image/60432c0f1f4/5d35698dc76c52d5f9e63/big_1544749976_animals2.png","small_image_url":"https://coub-anubis-a.akamaized.net/coub_storage/category/cw_image/60432c0f1f4/5d35698dc76c52d5f9e63/small_1544749976_animals2.png","med_image_url":"https://coub-anubis-a.akamaized.net/coub_storage/category/cw_image/60432c0f1f4/5d35698dc76c52d5f9e63/med_1544749976_animals2.png","visible":true}],"communities":[{"id":32,"title":"Animals & Pets","permalink":"animals-pets","subscriptions_count":10082576,"big_image_url":"https://coub-anubis-a.akamaized.net/coub_storage/category/cw_image/60432c0f1f4/5d35698dc76c52d5f9e63/big_1544749976_animals2.png","small_image_url":"https://coub-anubis-a.akamaized.net/coub_storage/category/cw_image/60432c0f1f4/5d35698dc76c52d5f9e63/small_1544749976_animals2.png","med_image_url":"https://coub-anubis-a.akamaized.net/coub_storage/category/cw_image/60432c0f1f4/5d35698dc76c52d5f9e63/med_1544749976_animals2.png","i_subscribed":true,"community_notifications_enabled":null,"description":null}],"recoubs_count":468,"remixes_count":0,"likes_count":2046,"dislikes_count":0,"raw_video_id":10813932,"uploaded_by_ios_app":false,"uploaded_by_android_app":false,"media_blocks":{"uploaded_raw_videos":[],"external_raw_videos":[{"id":23897797,"title":"Ultimate Compilation Cat Jedi - 2016","url":"http://www.youtube.com/watch?v=vpOWk3EpjnY","image":"https://coub-anubis-a.akamaized.net/coub_storage/media_block/cw_image/cc901ca7840/d979b38c1c29506fae4c1/1514281963_1514281909_1miea7k_att-url-download.jpg","image_retina":"https://coub-anubis-a.akamaized.net/coub_storage/media_block/cw_image/cc901ca7840/d979b38c1c29506fae4c1/1514281963_1514281909_1miea7k_att-url-download.jpg","meta":{"service":"Youtube","duration":"274.16"},"duration":274.16,"raw_video_id":10813932,"has_embed":true}],"remixed_from_coubs":[],"external_video":{"id":23897797,"title":"Ultimate Compilation Cat Jedi - 2016","url":"http://www.youtube.com/watch?v=vpOWk3EpjnY","image":"https://coub-anubis-a.akamaized.net/coub_storage/media_block/cw_image/cc901ca7840/d979b38c1c29506fae4c1/1514281963_1514281909_1miea7k_att-url-download.jpg","image_retina":"https://coub-anubis-a.akamaized.net/coub_storage/media_block/cw_image/cc901ca7840/d979b38c1c29506fae4c1/1514281963_1514281909_1miea7k_att-url-download.jpg","meta":{"service":"Youtube","duration":"274.16"},"duration":274.16,"raw_video_id":10813932,"has_embed":true}},"raw_video_thumbnail_url":"/missing/missing.png","raw_video_title":"Ultimate Compilation Cat Jedi - 2016","video_block_banned":false,"duration":10.0,"promo_winner":false,"promo_winner_recoubers":null,"editorial_info":{},"promo_hint":null,"beeline_best_2014":null,"from_web_editor":true,"normalize_sound":true,"normalize_change_allowed":true,"best2015_addable":false,"ahmad_promo":null,"promo_data":null,"audio_copyright_claim":null,"ads_disabled":false,"is_safe_for_ads":true,"megafon_contents":[],"position_on_page":10}]}