{"page":175,"per_page":10,"total_pages":500,"coubs":[{"flag":null,"abuses":null,"recoubs_by_users_channels":null,"favourite":false,"promoted_id":null,"recoub":null,"like":null,"dislike":null,"reaction":null,"in_my_best2015":false,"id":163018055,"type":"Coub::Simple","permalink":"2opkd6","title":"Love or hunger?","visibility_type":"public","original_visibility_type":"public","channel_id":91146,"created_at":"2021-02-03T08:31:29Z","updated_at":"2022-03-18T06:51:07Z","is_done":true,"views_count":177381,"cotd":null,"cotd_at":null,"visible_on_explore_root":false,"visible_on_explore":false,"featured":false,"published":true,"published_at":"2021-02-03T08:31:29Z","reversed":false,"from_editor_v2":true,"is_editable":true,"original_sound":false,"has_sound":false,"recoub_to":null,"file_versions":{"html5":{"video":{"higher":{"url":"https://coub-anubis-a.akamaized.net/coub_storage/coub/simple/cw_file/a1e20e31b32/7aeb7ae21cee47e40f2dd/muted_mp4_huge_size_1612341094_muted_huge.mp4","size":1974124},"high":{"url":"https://coub-anubis-a.akamaized.net/coub_storage/coub/simple/cw_file/a1e20e31b32/7aeb7ae21cee47e40f2dd/muted_mp4_big_size_1612341094_muted_big.mp4","size":1137419},"med":{"url":"https://coub-anubis-a.akamaized.net/coub_storage/coub/simple/cw_file/a1e20e31b32/7aeb7ae21cee47e40f2dd/muted_mp4_med_size_1612341094_muted_med.mp4","size":330222}},"audio":{"high":{"url":"https://coub-anubis-a.akamaized.net/coub_storage/coub/simple/cw_looped_audio_high/5b197cadb86/bb2f226fbb0dab5766ce3/1612341134_mp3-high.mp3","size":4276767},"med":{"url":"https://coub-anubis-a.akamaized.net/coub_storage/coub/simple/cw_looped_audio_med/e77382417b1/971e0b933a5ecbe96b730/1612341131_mp3-med.mp3","size":3009072}}},"mobile":{"video":"https://coub-anubis-a.akamaized.net/coub_storage/coub/simple/cw_file/a1e20e31b32/7aeb7ae21cee47e40f2dd/muted_mp4_med_size_1612341094_muted_med.mp4","audio":["https://coub-anubis-a.akamaized.net/coub_storage/coub/simple/cw_looped_audio_med/e77382417b1/971e0b933a5ecbe96b730/1612341131_mp3-med.mp3"]},"share":{"default":"https://coub-anubis-a.akamaized.net/coub_storage/coub/simple/cw_video_for_sharing/f2681d8f2d5/324dd7cb2998a825ac26c/1612341165_looped_1612341164.mp4"}},"audio_versions":{"template":"https://coub-anubis-a.akamaized.net/coub_storage/audio_track/cw_normalized_copy/ed7bffde2e7/b081b36796721686dc18a/mid_1612341118_normalized_1612341100_1ac0q9k_edited.mp3","versions":["mid","low"]},"image_versions":{"template":"https://coub-anubis-a.akamaized.net/coub_storage/coub/simple/cw_image/59b94296607/3d049cbe2516adbbeeec6/%{version}_1612341138_00032.jpg","versions":["micro","tiny","age_restricted","ios_large","ios_mosaic","big","med","small","pinterest"]},"first_frame_versions":{"template":"https://coub-anubis-a.akamaized.net/coub_storage/coub/simple/cw_timeline_pic/73e427db4ee/dc03fa6cef306655655c4/%{version}_1612341137_image.jpg","versions":["big","med","small","ios_large"]},"dimensions":{"big":[768,960],"med":[384,480]},"site_w_h":[320,400],"page_w_h":[400,500],"site_w_h_small":[310,388],"size":[768,960],"age_restricted":false,"age_restricted_by_admin":false,"not_safe_for_work":false,"allow_reuse":false,"dont_crop":true,"banned":false,"global_safe":true,"audio_file_url":"https://coub-anubis-a.akamaized.net/coub_storage/audio_track/cw_normalized_copy/ed7bffde2e7/b081b36796721686dc18a/low_1612341118_normalized_1612341100_1ac0q9k_edited.mp3","external_download":false,"application":null,"channel":{"id":91146,"permalink":"medstas0","title":"medstas","description":null,"followers_count":70,"following_count":85,"avatar_versions":{"template":"https://coub-anubis-a.akamaized.net/coub_storage/channel/cw_avatar/93efa01fbb0/dc562c77e05696aa51f00/%{version}_1477115803_1445025680_medved.jpeg","versions":["medium","medium_2x","profile_pic","profile_pic_new","profile_pic_new_2x","tiny","tiny_2x","small","small_2x","ios_large","ios_small"]}},"file":null,"picture":"https://coub-anubis-a.akamaized.net/coub_storage/coub/simple/cw_image/59b94296607/3d049cbe2516adbbeeec6/med_1612341138_00032.jpg","timeline_picture":"https://coub-anubis-a.akamaized.net/coub_storage/coub/simple/cw_timeline_pic/73e427db4ee/dc03fa6cef306655655c4/ios_large_1612341137_image.jpg","small_picture":"https://coub-anubis-a.akamaized.net/coub_storage/coub/simple/cw_image/59b94296607/3d049cbe2516adbbeeec6/ios_mosaic_1612341138_00032.jpg","sharing_picture":null,"percent_done":100,"tags":[],"categories":[{"id":32,"title":"Animals & Pets","permalink":"animals-pets","subscriptions_count":10082576,"big_image_url":"https://coub-anubis-a.akamaized.net/coub_storage/category/cw_image/60432c0f1f4/5d35698dc76c52d5f9e63/big_1544749976_animals2.png","small_image_url":"https://coub-anubis-a.akamaized.net/coub_storage/category/cw_image/60432c0f1f4/5d35698dc76c52d5f9e63/small_1544749976_animals2.png","med_image_url":"https://coub-anubis-a.akamaized.net/coub_storage/category/cw_image/60432c0f1f4/5d35698dc76c52d5f9e63/med_1544749976_animals2.png","visible":true}],"communities":[{"id":32,"title":"Animals & Pets","permalink":"animals-pets","subscriptions_count":10082576,"big_image_url":"https://coub-anubis-a.akamaized.net/coub_storage/category/cw_image/60432c0f1f4/5d35698dc76c52d5f9e63/big_1544749976_animals2.png","small_image_url":"https://coub-anubis-a.akamaized.net/coub_storage/category/cw_image/60432c0f1f4/5d35698dc76c52d5f9e63/small_1544749976_animals2.png","med_image_url":"https://coub-anubis-a.akamaized.net/coub_storage/category/cw_image/60432c0f1f4/5d35698dc76c52d5f9e63/med_1544749976_animals2.png","i_subscribed":true,"community_notifications_enabled":null,"description":null}],"recoubs_count":643,"remixes_count":1,"likes_count":3769,"dislikes_count":0,"raw_video_id":16133162,"uploaded_by_ios_app":false,"uploaded_by_android_app":false,"media_blocks":{"uploaded_raw_videos":[],"external_raw_videos":[],"remixed_from_coubs":[]},"raw_video_thumbnail_url":"/missing/missing.png","raw_video_title":"love.mp4","video_block_banned":false,"duration":9.92,"promo_winner":false,"promo_winner_recoubers":null,"editorial_info":{},"promo_hint":null,"beeline_best_2014":null,"from_web_editor":true,"normalize_sound":true,"normalize_change_allowed":true,"best2015_addable":false,"ahmad_promo":null,"promo_data":null,"audio_copyright_claim":null,"ads_disabled":false,"is_safe_for_ads":true,"megafon_contents":[],"position_on_page":1},{"flag":null,"abuses":null,"recoubs_by_users_channels":null,"favourite":false,"promoted_id":null,"recoub":null,"like":null,"dislike":null,"reaction":null,"in_my_best2015":false,"id":83577360,"type":"Coub::Simple","permalink":"1dcpux","title":"Mystery","visibility_type":"public","original_visibility_type":"public","channel_id":3964793,"created_at":"2018-08-27T21:01:55Z","updated_at":"2022-03-17T14:41:39Z","is_done":true,"views_count":190992,"cotd":null,"cotd_at":null,"visible_on_explore_root":true,"visible_on_explore":true,"featured":true,"published":true,"published_at":"2018-08-27T21:01:55Z","reversed":false,"from_editor_v2":true,"is_editable":true,"original_sound":false,"has_sound":false,"recoub_to":null,"file_versions":{"html5":{"video":{"higher":{"url":"https://coub-anubis-a.akamaized.net/coub_storage/coub/simple/cw_file/7d13dc1c40e/e622d112a907676bcb8c6/muted_mp4_huge_size_1568274551_muted_huge.mp4","size":1150724},"high":{"url":"https://coub-anubis-a.akamaized.net/coub_storage/coub/simple/cw_file/7d13dc1c40e/e622d112a907676bcb8c6/muted_mp4_big_size_1568274551_muted_big.mp4","size":795590},"med":{"url":"https://coub-anubis-a.akamaized.net/coub_storage/coub/simple/cw_file/7d13dc1c40e/e622d112a907676bcb8c6/muted_mp4_med_size_1568274551_muted_med.mp4","size":227042}},"audio":{"high":{"url":"https://coub-anubis-a.akamaized.net/coub_storage/coub/simple/cw_looped_audio_high/96480c736bf/6119d525437509743a25b/1605611760_high_1535403737_high.mp3","size":751349},"med":{"url":"https://coub-anubis-a.akamaized.net/coub_storage/coub/simple/cw_looped_audio_med/efef431f7aa/18979e9fbff3d4d56f232/1605611760_med_1535403737_med.mp3","size":510095}}},"mobile":{"video":"https://coub-anubis-a.akamaized.net/coub_storage/coub/simple/cw_file/7d13dc1c40e/e622d112a907676bcb8c6/muted_mp4_med_size_1568274551_muted_med.mp4","audio":["https://coub-anubis-a.akamaized.net/coub_storage/coub/simple/cw_looped_audio_med/efef431f7aa/18979e9fbff3d4d56f232/1605611760_med_1535403737_med.mp3"]},"share":{"default":"https://coub-anubis-a.akamaized.net/coub_storage/coub/simple/cw_video_for_sharing/6e24ce9ccc3/bfec38f3547517b0a2ce5/1609392620_looped_1609392619.mp4"}},"audio_versions":{"template":"https://coub-anubis-a.akamaized.net/coub_storage/audio_track/cw_normalized_copy/315be308ff8/883dfa64e880e1063ad08/mid_1564663509_1423713459_1379342804_audio.mp3","versions":["mid","low"]},"image_versions":{"template":"https://coub-anubis-a.akamaized.net/coub_storage/coub/simple/cw_image/a7b4d585fb2/8cc4f09c15633ad935ef1/1535403741_00032.jpg","versions":["micro","tiny","age_restricted","ios_large","ios_mosaic","big","med","small","pinterest"]},"first_frame_versions":{"template":"https://coub-anubis-a.akamaized.net/coub_storage/coub/simple/cw_timeline_pic/cb553162c74/27d5d3eb907acdd96a7c9/%{version}_1535403741_image.jpg","versions":["big","med","small","ios_large"]},"dimensions":{"big":[538,960],"med":[268,480]},"site_w_h":[224,400],"page_w_h":[400,714],"site_w_h_small":[310,553],"size":[538,960],"age_restricted":false,"age_restricted_by_admin":false,"not_safe_for_work":false,"allow_reuse":false,"dont_crop":false,"banned":false,"global_safe":true,"audio_file_url":"https://coub-anubis-a.akamaized.net/coub_storage/audio_track/cw_normalized_copy/315be308ff8/883dfa64e880e1063ad08/low_1564663509_1423713459_1379342804_audio.mp3","external_download":{"type":"Facebook","service_name":"Facebook","url":"http://www.facebook.com/gatossendogatosoficial/videos/1709962212454679/","has_embed":false},"application":null,"channel":{"id":3964793,"permalink":"coub-usa","title":"CoubUSA","description":"Made in America","followers_count":2284,"following_count":67,"avatar_versions":{"template":"https://coub-anubis-a.akamaized.net/coub_storage/channel/cw_avatar/5f2b5c5011e/5f5cf72e393f5193a6ca8/%{version}_1607428534_vrgwbj_1525563147_transparent.png","versions":["medium","medium_2x","profile_pic","profile_pic_new","profile_pic_new_2x","tiny","tiny_2x","small","small_2x","ios_large","ios_small"]}},"file":null,"picture":"https://coub-anubis-a.akamaized.net/coub_storage/coub/simple/cw_image/a7b4d585fb2/8cc4f09c15633ad935ef1/1535403741_00032.jpg","timeline_picture":"https://coub-anubis-a.akamaized.net/coub_storage/coub/simple/cw_timeline_pic/cb553162c74/27d5d3eb907acdd96a7c9/ios_large_1535403741_image.jpg","small_picture":"https://coub-anubis-a.akamaized.net/coub_storage/coub/simple/cw_image/a7b4d585fb2/8cc4f09c15633ad935ef1/1535403741_00032.jpg","sharing_picture":null,"percent_done":100,"tags":[{"id":134,"title":"cat","value":"cat"},{"id":6929,"title":"funny cat","value":"funny%20cat"},{"id":50531,"title":"cat fail","value":"cat%20fail"},{"id":72849,"title":"funny cat videos","value":"funny%20cat%20videos"},{"id":183302,"title":"animal fail","value":"animal%20fail"},{"id":10086,"title":"funny animals","value":"funny%20animals"},{"id":92291,"title":"cute animals","value":"cute%20animals"},{"id":326708,"title":"cute pets","value":"cute%20pets"},{"id":1591,"title":"pet","value":"pet"},{"id":11479,"title":"pets","value":"pets"},{"id":619807,"title":"pet fails","value":"pet%20fails"},{"id":1974737,"title":"cat mirror","value":"cat%20mirror"},{"id":8967,"title":"mirror","value":"mirror"},{"id":2242,"title":"x-files","value":"x-files"},{"id":4241770,"title":"x-files meme","value":"x-files%20meme"},{"id":1028553,"title":"x-files music","value":"x-files%20music"},{"id":443,"title":"fail","value":"fail"},{"id":6199,"title":"haha","value":"haha"},{"id":170,"title":"lol","value":"lol"},{"id":3735077,"title":"coubusa","value":"coubusa"}],"categories":[{"id":32,"title":"Animals & Pets","permalink":"animals-pets","subscriptions_count":10082576,"big_image_url":"https://coub-anubis-a.akamaized.net/coub_storage/category/cw_image/60432c0f1f4/5d35698dc76c52d5f9e63/big_1544749976_animals2.png","small_image_url":"https://coub-anubis-a.akamaized.net/coub_storage/category/cw_image/60432c0f1f4/5d35698dc76c52d5f9e63/small_1544749976_animals2.png","med_image_url":"https://coub-anubis-a.akamaized.net/coub_storage/category/cw_image/60432c0f1f4/5d35698dc76c52d5f9e63/med_1544749976_animals2.png","visible":true}],"communities":[{"id":32,"title":"Animals & Pets","permalink":"animals-pets","subscriptions_count":10082576,"big_image_url":"https://coub-anubis-a.akamaized.net/coub_storage/category/cw_image/60432c0f1f4/5d35698dc76c52d5f9e63/big_1544749976_animals2.png","small_image_url":"https://coub-anubis-a.akamaized.net/coub_storage/category/cw_image/60432c0f1f4/5d35698dc76c52d5f9e63/small_1544749976_animals2.png","med_image_url":"https://coub-anubis-a.akamaized.net/coub_storage/category/cw_image/60432c0f1f4/5d35698dc76c52d5f9e63/med_1544749976_animals2.png","i_subscribed":true,"community_notifications_enabled":null,"description":null}],"recoubs_count":672,"remixes_count":5,"likes_count":3767,"dislikes_count":0,"raw_video_id":12134679,"uploaded_by_ios_app":false,"uploaded_by_android_app":false,"media_blocks":{"uploaded_raw_videos":[],"external_raw_videos":[{"id":27547918,"title":"Se autoconhecendo 😍🐈❤","url":"https://www.facebook.com/gatossendogatosoficial/videos/1709962212454679","image":null,"image_retina":null,"meta":{"service":"Facebook","duration":"95.48"},"duration":95.48,"raw_video_id":12134679,"has_embed":false}],"remixed_from_coubs":[],"external_video":{"id":27547918,"title":"Se autoconhecendo 😍🐈❤","url":"https://www.facebook.com/gatossendogatosoficial/videos/1709962212454679","image":null,"image_retina":null,"meta":{"service":"Facebook","duration":"95.48"},"duration":95.48,"raw_video_id":12134679,"has_embed":false}},"raw_video_thumbnail_url":"/missing/missing.png","raw_video_title":"Se autoconhecendo 😍🐈❤","video_block_banned":false,"duration":10.0,"promo_winner":false,"promo_winner_recoubers":null,"editorial_info":{},"promo_hint":null,"beeline_best_2014":null,"from_web_editor":true,"normalize_sound":true,"normalize_change_allowed":true,"best2015_addable":false,"ahmad_promo":null,"promo_data":null,"audio_copyright_claim":null,"ads_disabled":false,"is_safe_for_ads":true,"megafon_contents":[],"position_on_page":2},{"flag":null,"abuses":null,"recoubs_by_users_channels":null,"favourite":false,"promoted_id":null,"recoub":null,"like":null,"dislike":null,"reaction":null,"in_my_best2015":false,"id":118203362,"type":"Coub::Simple","permalink":"1xyvnu","title":"Catstañetas","visibility_type":"public","original_visibility_type":"public","channel_id":58853,"created_at":"2019-07-16T22:54:52Z","updated_at":"2022-03-17T18:16:24Z","is_done":true,"views_count":186854,"cotd":null,"cotd_at":null,"visible_on_explore_root":false,"visible_on_explore":false,"featured":false,"published":true,"published_at":"2019-07-16T22:54:52Z","reversed":false,"from_editor_v2":true,"is_editable":true,"original_sound":true,"has_sound":true,"recoub_to":null,"file_versions":{"html5":{"video":{"higher":{"url":"https://coub-anubis-a.akamaized.net/coub_storage/coub/simple/cw_file/4b1dc3c2ac3/4dc3a4b9b00d9619e6ea9/muted_mp4_huge_size_1569070330_muted_huge.mp4","size":1676912},"high":{"url":"https://coub-anubis-a.akamaized.net/coub_storage/coub/simple/cw_file/4b1dc3c2ac3/4dc3a4b9b00d9619e6ea9/muted_mp4_big_size_1569070330_muted_big.mp4","size":1157295},"med":{"url":"https://coub-anubis-a.akamaized.net/coub_storage/coub/simple/cw_file/4b1dc3c2ac3/4dc3a4b9b00d9619e6ea9/muted_mp4_med_size_1569070330_muted_med.mp4","size":381642}},"audio":{"high":{"url":"https://coub-anubis-a.akamaized.net/coub_storage/coub/simple/cw_looped_audio_high/62ddd41390c/3647151b7a71c79e3cc09/1605646605_high_1563317697_high.mp3","size":1084194},"med":{"url":"https://coub-anubis-a.akamaized.net/coub_storage/coub/simple/cw_looped_audio_med/c1f658013ba/209fa3520fb2d02b04d74/1605646605_med_1563317697_med.mp3","size":871950},"sample_duration":7.825}},"mobile":{"video":"https://coub-anubis-a.akamaized.net/coub_storage/coub/simple/cw_file/4b1dc3c2ac3/4dc3a4b9b00d9619e6ea9/muted_mp4_med_size_1569070330_muted_med.mp4","audio":["https://coub-anubis-a.akamaized.net/coub_storage/coub/simple/cw_looped_audio_med/c1f658013ba/209fa3520fb2d02b04d74/1605646605_med_1563317697_med.mp3"]},"share":{"default":"https://coub-anubis-a.akamaized.net/coub_storage/coub/simple/cw_video_for_sharing/9d9c995ddfc/431b322d30e214e158312/1613090024_looped_1613090023.mp4"}},"audio_versions":{},"image_versions":{"template":"https://coub-anubis-a.akamaized.net/coub_storage/coub/simple/cw_image/9d8a7b9926f/3ec6dcfed4c838b608981/1563317703_00025.jpg","versions":["micro","tiny","age_restricted","ios_large","ios_mosaic","big","med","small","pinterest"]},"first_frame_versions":{"template":"https://coub-anubis-a.akamaized.net/coub_storage/coub/simple/cw_timeline_pic/e1e84460519/d9f4d8923167f35b0f5d1/%{version}_1563317703_image.jpg","versions":["big","med","small","ios_large"]},"dimensions":{"big":[540,960],"med":[270,480]},"site_w_h":[225,400],"page_w_h":[400,711],"site_w_h_small":[310,551],"size":[540,960],"age_restricted":false,"age_restricted_by_admin":false,"not_safe_for_work":false,"allow_reuse":false,"dont_crop":false,"banned":false,"global_safe":true,"audio_file_url":null,"external_download":false,"application":null,"channel":{"id":58853,"permalink":"demise00","title":"Demise","description":null,"followers_count":146,"following_count":8,"avatar_versions":{"template":"https://coub-anubis-a.akamaized.net/coub_storage/channel/cw_avatar/cb8d594be2f/c874ea6a62a8aed7d9bbf/%{version}_1552561487_cropped.jpeg","versions":["medium","medium_2x","profile_pic","profile_pic_new","profile_pic_new_2x","tiny","tiny_2x","small","small_2x","ios_large","ios_small"]}},"file":null,"picture":"https://coub-anubis-a.akamaized.net/coub_storage/coub/simple/cw_image/9d8a7b9926f/3ec6dcfed4c838b608981/1563317703_00025.jpg","timeline_picture":"https://coub-anubis-a.akamaized.net/coub_storage/coub/simple/cw_timeline_pic/e1e84460519/d9f4d8923167f35b0f5d1/ios_large_1563317703_image.jpg","small_picture":"https://coub-anubis-a.akamaized.net/coub_storage/coub/simple/cw_image/9d8a7b9926f/3ec6dcfed4c838b608981/1563317703_00025.jpg","sharing_picture":null,"percent_done":100,"tags":[{"id":134,"title":"cat","value":"cat"},{"id":3462,"title":"clap","value":"clap"},{"id":209288,"title":"in your face","value":"in%20your%20face"},{"id":9469,"title":"rythm","value":"rythm"}],"categories":[{"id":32,"title":"Animals & Pets","permalink":"animals-pets","subscriptions_count":10082576,"big_image_url":"https://coub-anubis-a.akamaized.net/coub_storage/category/cw_image/60432c0f1f4/5d35698dc76c52d5f9e63/big_1544749976_animals2.png","small_image_url":"https://coub-anubis-a.akamaized.net/coub_storage/category/cw_image/60432c0f1f4/5d35698dc76c52d5f9e63/small_1544749976_animals2.png","med_image_url":"https://coub-anubis-a.akamaized.net/coub_storage/category/cw_image/60432c0f1f4/5d35698dc76c52d5f9e63/med_1544749976_animals2.png","visible":true}],"communities":[{"id":32,"title":"Animals & Pets","permalink":"animals-pets","subscriptions_count":10082576,"big_image_url":"https://coub-anubis-a.akamaized.net/coub_storage/category/cw_image/60432c0f1f4/5d35698dc76c52d5f9e63/big_1544749976_animals2.png","small_image_url":"https://coub-anubis-a.akamaized.net/coub_storage/category/cw_image/60432c0f1f4/5d35698dc76c52d5f9e63/small_1544749976_animals2.png","med_image_url":"https://coub-anubis-a.akamaized.net/coub_storage/category/cw_image/60432c0f1f4/5d35698dc76c52d5f9e63/med_1544749976_animals2.png","i_subscribed":true,"community_notifications_enabled":null,"description":null}],"recoubs_count":803,"remixes_count":1,"likes_count":3766,"dislikes_count":0,"raw_video_id":13984671,"uploaded_by_ios_app":false,"uploaded_by_android_app":true,"media_blocks":{"uploaded_raw_videos":[],"external_raw_videos":[],"remixed_from_coubs":[]},"raw_video_thumbnail_url":"/missing/missing.png","raw_video_title":null,"video_block_banned":false,"duration":7.84,"promo_winner":false,"promo_winner_recoubers":null,"editorial_info":{},"promo_hint":null,"beeline_best_2014":null,"from_web_editor":false,"normalize_sound":true,"normalize_change_allowed":true,"best2015_addable":false,"ahmad_promo":null,"promo_data":null,"audio_copyright_claim":null,"ads_disabled":false,"is_safe_for_ads":true,"megafon_contents":[],"position_on_page":3},{"flag":null,"abuses":null,"recoubs_by_users_channels":null,"favourite":false,"promoted_id":null,"recoub":null,"like":null,"dislike":null,"reaction":null,"in_my_best2015":false,"id":93102771,"type":"Coub::Simple","permalink":"1j0vrx","title":"Technology","visibility_type":"public","original_visibility_type":"public","channel_id":4546839,"created_at":"2018-12-02T00:49:44Z","updated_at":"2022-03-17T15:52:37Z","is_done":true,"views_count":196064,"cotd":null,"cotd_at":null,"visible_on_explore_root":false,"visible_on_explore":false,"featured":false,"published":true,"published_at":"2018-12-02T00:49:43Z","reversed":false,"from_editor_v2":true,"is_editable":true,"original_sound":false,"has_sound":false,"recoub_to":null,"file_versions":{"html5":{"video":{"higher":{"url":"https://coub-anubis-a.akamaized.net/coub_storage/coub/simple/cw_file/69b9fda5c87/4a2ecbc11f70adc8231db/muted_mp4_huge_size_1569054550_muted_huge.mp4","size":4659354},"high":{"url":"https://coub-anubis-a.akamaized.net/coub_storage/coub/simple/cw_file/69b9fda5c87/4a2ecbc11f70adc8231db/muted_mp4_big_size_1569054550_muted_big.mp4","size":3256045},"med":{"url":"https://coub-anubis-a.akamaized.net/coub_storage/coub/simple/cw_file/69b9fda5c87/4a2ecbc11f70adc8231db/muted_mp4_med_size_1569054550_muted_med.mp4","size":1049614}},"audio":{"high":{"url":"https://coub-anubis-a.akamaized.net/coub_storage/coub/simple/cw_looped_audio_high/2cdb1d25f51/c2353ea521cd47d56a2e3/1605659154_high_1543711940_high.mp3","size":6642081},"med":{"url":"https://coub-anubis-a.akamaized.net/coub_storage/coub/simple/cw_looped_audio_med/a0d516c00c5/7383a23f29a2dc6acae8a/1605659153_med_1543711940_med.mp3","size":4740039}}},"mobile":{"video":"https://coub-anubis-a.akamaized.net/coub_storage/coub/simple/cw_file/69b9fda5c87/4a2ecbc11f70adc8231db/muted_mp4_med_size_1569054550_muted_med.mp4","audio":["https://coub-anubis-a.akamaized.net/coub_storage/coub/simple/cw_looped_audio_med/a0d516c00c5/7383a23f29a2dc6acae8a/1605659153_med_1543711940_med.mp3"]},"share":{"default":"https://coub-anubis-a.akamaized.net/coub_storage/coub/simple/cw_video_for_sharing/7191f45b797/9dfe1195e5d6380f53db2/1608172087_looped_1608172085.mp4"}},"audio_versions":{"template":"https://coub-anubis-a.akamaized.net/coub_storage/audio_track/cw_normalized_copy/c4e9fa0a4e4/23e9d561708dfc59b6813/mid_1543711917_normalized_1543711875_8rrwjd_edited.mp3","versions":["mid","low"]},"image_versions":{"template":"https://coub-anubis-a.akamaized.net/coub_storage/coub/simple/cw_image/9dba40198d9/f36b71329945be8e0016e/1543711960_00032.jpg","versions":["micro","tiny","age_restricted","ios_large","ios_mosaic","big","med","small","pinterest"]},"first_frame_versions":{"template":"https://coub-anubis-a.akamaized.net/coub_storage/coub/simple/cw_timeline_pic/f0dab2ae8b3/9ccbd87fd74e00136ca0a/%{version}_1543711960_image.jpg","versions":["big","med","small","ios_large"]},"dimensions":{"big":[1280,800],"med":[640,400]},"site_w_h":[640,400],"page_w_h":[640,400],"site_w_h_small":[310,194],"size":[1280,800],"age_restricted":false,"age_restricted_by_admin":false,"not_safe_for_work":false,"allow_reuse":false,"dont_crop":false,"banned":false,"global_safe":true,"audio_file_url":"https://coub-anubis-a.akamaized.net/coub_storage/audio_track/cw_normalized_copy/c4e9fa0a4e4/23e9d561708dfc59b6813/low_1543711917_normalized_1543711875_8rrwjd_edited.mp3","external_download":{"type":"Youtube","service_name":"YouTube","url":"https://www.youtube.com/watch?v=C4XpJTB6v8U","has_embed":true},"application":null,"channel":{"id":4546839,"permalink":"beni-horvath","title":"Beni Horváth","description":null,"followers_count":57,"following_count":27,"avatar_versions":{"template":"https://coub-anubis-a.akamaized.net/coub_storage/channel/cw_avatar/a90b1f46055/36a42acc11f0f5ee27fb4/%{version}_1607825537_1n3khd4_1574321071_cropped.jpeg","versions":["medium","medium_2x","profile_pic","profile_pic_new","profile_pic_new_2x","tiny","tiny_2x","small","small_2x","ios_large","ios_small"]}},"file":null,"picture":"https://coub-anubis-a.akamaized.net/coub_storage/coub/simple/cw_image/9dba40198d9/f36b71329945be8e0016e/1543711960_00032.jpg","timeline_picture":"https://coub-anubis-a.akamaized.net/coub_storage/coub/simple/cw_timeline_pic/f0dab2ae8b3/9ccbd87fd74e00136ca0a/ios_large_1543711960_image.jpg","small_picture":"https://coub-anubis-a.akamaized.net/coub_storage/coub/simple/cw_image/9dba40198d9/f36b71329945be8e0016e/1543711960_00032.jpg","sharing_picture":null,"percent_done":100,"tags":[{"id":134,"title":"cat","value":"cat"},{"id":16349,"title":"kot","value":"kot"},{"id":415539,"title":"stabilizator obrazu","value":"stabilizator%20obrazu"},{"id":415540,"title":"miecia","value":"miecia"},{"id":73349,"title":"kamera","value":"kamera"},{"id":757,"title":"cute","value":"cute"},{"id":11479,"title":"pets","value":"pets"},{"id":39,"title":"cats","value":"cats"},{"id":756,"title":"kitten","value":"kitten"},{"id":2455,"title":"camera","value":"camera"},{"id":2910,"title":"kittens","value":"kittens"},{"id":415542,"title":"image stabilizer","value":"image%20stabilizer"},{"id":415543,"title":"mieciathecat","value":"mieciathecat"},{"id":2070,"title":"animals","value":"animals"},{"id":14942,"title":"funny cats","value":"funny%20cats"},{"id":107453,"title":"steadycam","value":"steadycam"},{"id":415545,"title":"steadycat","value":"steadycat"},{"id":415546,"title":"image stabilization","value":"image%20stabilization"},{"id":4233922,"title":"falcon (animal)","value":"falcon%20(animal)"},{"id":4233923,"title":"american kestrel (organism classification)","value":"american%20kestrel%20(organism%20classification)"},{"id":2961152,"title":"gopro (award-winning work)","value":"gopro%20(award-winning%20work)"},{"id":168865,"title":"gimbal","value":"gimbal"},{"id":4487518,"title":"stabilzer","value":"stabilzer"},{"id":215988,"title":"steadicam","value":"steadicam"},{"id":647243,"title":"dji inspire 1","value":"dji%20inspire%201"},{"id":21195,"title":"review","value":"review"},{"id":8621,"title":"testing","value":"testing"},{"id":42,"title":"test","value":"test"},{"id":134994,"title":"compare","value":"compare"},{"id":119089,"title":"g4","value":"g4"},{"id":4487519,"title":"feiyu-tech g4","value":"feiyu-tech%20g4"},{"id":2902304,"title":"3 axis gimbal","value":"3%20axis%20gimbal"},{"id":2702173,"title":"gimbal for dslr","value":"gimbal%20for%20dslr"},{"id":4487520,"title":"cheap 3 axis gimbal","value":"cheap%203%20axis%20gimbal"},{"id":4487521,"title":"cheap 3 axis gimbal dslr","value":"cheap%203%20axis%20gimbal%20dslr"},{"id":4487522,"title":"cheap 3 axis gimbal stabilizer","value":"cheap%203%20axis%20gimbal%20stabilizer"},{"id":4487523,"title":"best gimbal for dslr","value":"best%20gimbal%20for%20dslr"},{"id":4487524,"title":"best gimbal 2018","value":"best%20gimbal%202018"},{"id":2702169,"title":"zhiyun","value":"zhiyun"},{"id":571241,"title":"dji ronin","value":"dji%20ronin"},{"id":4487525,"title":"top tech 2018","value":"top%20tech%202018"},{"id":4487526,"title":"pixel 2 camera","value":"pixel%202%20camera"},{"id":4487527,"title":"how to take pixel 2 like photos","value":"how%20to%20take%20pixel%202%20like%20photos"},{"id":4487528,"title":"techburner","value":"techburner"}],"categories":[{"id":32,"title":"Animals & Pets","permalink":"animals-pets","subscriptions_count":10082576,"big_image_url":"https://coub-anubis-a.akamaized.net/coub_storage/category/cw_image/60432c0f1f4/5d35698dc76c52d5f9e63/big_1544749976_animals2.png","small_image_url":"https://coub-anubis-a.akamaized.net/coub_storage/category/cw_image/60432c0f1f4/5d35698dc76c52d5f9e63/small_1544749976_animals2.png","med_image_url":"https://coub-anubis-a.akamaized.net/coub_storage/category/cw_image/60432c0f1f4/5d35698dc76c52d5f9e63/med_1544749976_animals2.png","visible":true}],"communities":[{"id":32,"title":"Animals & Pets","permalink":"animals-pets","subscriptions_count":10082576,"big_image_url":"https://coub-anubis-a.akamaized.net/coub_storage/category/cw_image/60432c0f1f4/5d35698dc76c52d5f9e63/big_1544749976_animals2.png","small_image_url":"https://coub-anubis-a.akamaized.net/coub_storage/category/cw_image/60432c0f1f4/5d35698dc76c52d5f9e63/small_1544749976_animals2.png","med_image_url":"https://coub-anubis-a.akamaized.net/coub_storage/category/cw_image/60432c0f1f4/5d35698dc76c52d5f9e63/med_1544749976_animals2.png","i_subscribed":true,"community_notifications_enabled":null,"description":null}],"recoubs_count":674,"remixes_count":3,"likes_count":3764,"dislikes_count":0,"raw_video_id":12793791,"uploaded_by_ios_app":false,"uploaded_by_android_app":false,"media_blocks":{"uploaded_raw_videos":[],"external_raw_videos":[{"id":29351976,"title":"FeiyuTech A2000 Dual Grip DSLR Gimbal Review!","url":"https://www.youtube.com/watch?v=C4XpJTB6v8U","image":"https://coub-anubis-a.akamaized.net/coub_storage/media_block/cw_image/8e489a3c3ea/f33dc2d7a03a021d0aa4c/1543710804_1by3jhq_1543710755_tjybe_att-url-download.jpg","image_retina":"https://coub-anubis-a.akamaized.net/coub_storage/media_block/cw_image/8e489a3c3ea/f33dc2d7a03a021d0aa4c/1543710804_1by3jhq_1543710755_tjybe_att-url-download.jpg","meta":{"service":"Youtube","duration":"272.2"},"duration":272.2,"raw_video_id":12793791,"has_embed":true},{"id":29351950,"title":"Tested: Feiyu G3 Ultra 3-Axis GoPro Gimbal","url":"https://www.youtube.com/watch?v=GVbCyHuHH7M","image":"https://coub-anubis-a.akamaized.net/coub_storage/media_block/cw_image/17521e4c527/92d3a97b44a95668a48c7/1543710453_1t8j56d_1543710391_1qgcvvt_att-url-download.jpg","image_retina":"https://coub-anubis-a.akamaized.net/coub_storage/media_block/cw_image/17521e4c527/92d3a97b44a95668a48c7/1543710453_1t8j56d_1543710391_1qgcvvt_att-url-download.jpg","meta":{"service":"Youtube","duration":"418.6"},"duration":418.6,"raw_video_id":12793785,"has_embed":true}],"remixed_from_coubs":[{"id":27880094,"title":"Stabilze","url":"https://coub.com/coubs/1d6mqw/remix","image":"https://coub-anubis-a.akamaized.net/coub_storage/media_block/cw_image/435852ab6e0/839efb40c90091d7e6c92/1535143160_1535143149_00031.jpg","image_retina":"https://coub-anubis-a.akamaized.net/coub_storage/media_block/cw_image/435852ab6e0/839efb40c90091d7e6c92/1535143160_1535143149_00031.jpg","meta":{"duration":"9.6"},"duration":null,"coub_channel_title":"NobleWolf","coub_channel_permalink":"noblewolf","coub_views_count":143942,"coub_permalink":"1d6mqw"}],"external_video":{"id":29351976,"title":"FeiyuTech A2000 Dual Grip DSLR Gimbal Review!","url":"https://www.youtube.com/watch?v=C4XpJTB6v8U","image":"https://coub-anubis-a.akamaized.net/coub_storage/media_block/cw_image/8e489a3c3ea/f33dc2d7a03a021d0aa4c/1543710804_1by3jhq_1543710755_tjybe_att-url-download.jpg","image_retina":"https://coub-anubis-a.akamaized.net/coub_storage/media_block/cw_image/8e489a3c3ea/f33dc2d7a03a021d0aa4c/1543710804_1by3jhq_1543710755_tjybe_att-url-download.jpg","meta":{"service":"Youtube","duration":"272.2"},"duration":272.2,"raw_video_id":12793791,"has_embed":true}},"raw_video_thumbnail_url":"/missing/missing.png","raw_video_title":"FeiyuTech A2000 Dual Grip DSLR Gimbal Review!","video_block_banned":false,"duration":10.08,"promo_winner":false,"promo_winner_recoubers":null,"editorial_info":{},"promo_hint":null,"beeline_best_2014":null,"from_web_editor":true,"normalize_sound":true,"normalize_change_allowed":true,"best2015_addable":false,"ahmad_promo":null,"promo_data":null,"audio_copyright_claim":null,"ads_disabled":false,"is_safe_for_ads":true,"megafon_contents":[],"position_on_page":4},{"flag":null,"abuses":null,"recoubs_by_users_channels":null,"favourite":false,"promoted_id":null,"recoub":null,"like":null,"dislike":null,"reaction":null,"in_my_best2015":false,"id":74522507,"type":"Coub::Simple","permalink":"17y7lm","title":"No suprises","visibility_type":"public","original_visibility_type":"public","channel_id":4309507,"created_at":"2018-05-15T16:36:02Z","updated_at":"2022-03-18T05:43:05Z","is_done":true,"views_count":134050,"cotd":null,"cotd_at":null,"visible_on_explore_root":false,"visible_on_explore":false,"featured":false,"published":true,"published_at":"2018-05-15T16:36:02Z","reversed":false,"from_editor_v2":true,"is_editable":true,"original_sound":false,"has_sound":false,"recoub_to":null,"file_versions":{"html5":{"video":{"higher":{"url":"https://coub-anubis-a.akamaized.net/coub_storage/coub/simple/cw_file/28ab902ad10/916356093197d641f537b/muted_mp4_huge_size_1568234085_muted_huge.mp4","size":2471079},"high":{"url":"https://coub-anubis-a.akamaized.net/coub_storage/coub/simple/cw_file/28ab902ad10/916356093197d641f537b/muted_mp4_big_size_1568234085_muted_big.mp4","size":1674191},"med":{"url":"https://coub-anubis-a.akamaized.net/coub_storage/coub/simple/cw_file/28ab902ad10/916356093197d641f537b/muted_mp4_med_size_1568234085_muted_med.mp4","size":515180}},"audio":{"high":{"url":"https://coub-anubis-a.akamaized.net/coub_storage/coub/simple/cw_looped_audio_high/a1da0403202/780747d54b7347d4fd8f2/1605652886_high_1526402187_high.mp3","size":5236279},"med":{"url":"https://coub-anubis-a.akamaized.net/coub_storage/coub/simple/cw_looped_audio_med/30e469c1063/40bc9ccd2baa037119908/1605652886_med_1526402187_med.mp3","size":3651867}}},"mobile":{"video":"https://coub-anubis-a.akamaized.net/coub_storage/coub/simple/cw_file/28ab902ad10/916356093197d641f537b/muted_mp4_med_size_1568234085_muted_med.mp4","audio":["https://coub-anubis-a.akamaized.net/coub_storage/coub/simple/cw_looped_audio_med/30e469c1063/40bc9ccd2baa037119908/1605652886_med_1526402187_med.mp3"]},"share":{"default":"https://coub-anubis-a.akamaized.net/coub_storage/coub/simple/cw_video_for_sharing/3d25f392ea4/5c27cc3319a8b4b279db4/1608169506_looped_1608169505.mp4"}},"audio_versions":{"template":"https://coub-anubis-a.akamaized.net/coub_storage/audio_track/cw_normalized_copy/3614f730179/3aec843333f7672997594/mid_1526402170_s5lcs3_normalized_1526401953_audio.mp3","versions":["mid","low"]},"image_versions":{"template":"https://coub-anubis-a.akamaized.net/coub_storage/coub/simple/cw_image/2e97a4c6d4d/c217c17066c776a1fccef/1526402202_00032.jpg","versions":["micro","tiny","age_restricted","ios_large","ios_mosaic","big","med","small","pinterest"]},"first_frame_versions":{"template":"https://coub-anubis-a.akamaized.net/coub_storage/coub/simple/cw_timeline_pic/45f2a0eb490/d1866e9ee3d7697704268/%{version}_1526402202_image.jpg","versions":["big","med","small","ios_large"]},"dimensions":{"big":[1028,960],"med":[514,480]},"site_w_h":[640,598],"page_w_h":[400,374],"site_w_h_small":[310,289],"size":[1028,960],"age_restricted":false,"age_restricted_by_admin":false,"not_safe_for_work":false,"allow_reuse":false,"dont_crop":false,"banned":false,"global_safe":true,"audio_file_url":"https://coub-anubis-a.akamaized.net/coub_storage/audio_track/cw_normalized_copy/3614f730179/3aec843333f7672997594/low_1526402170_s5lcs3_normalized_1526401953_audio.mp3","external_download":false,"application":null,"channel":{"id":4309507,"permalink":"darja-shaposhnikova","title":"Darya Shaposhnikova","description":null,"followers_count":33,"following_count":14,"avatar_versions":{"template":"https://coubsecureassets-a.akamaihd.net/assets/default-avatars/67-d9f4e1eaa512ec7092b510a6b901bcb1b9ff6032bcd83265d96230a272dd5e54.png"}},"file":null,"picture":"https://coub-anubis-a.akamaized.net/coub_storage/coub/simple/cw_image/2e97a4c6d4d/c217c17066c776a1fccef/1526402202_00032.jpg","timeline_picture":"https://coub-anubis-a.akamaized.net/coub_storage/coub/simple/cw_timeline_pic/45f2a0eb490/d1866e9ee3d7697704268/ios_large_1526402202_image.jpg","small_picture":"https://coub-anubis-a.akamaized.net/coub_storage/coub/simple/cw_image/2e97a4c6d4d/c217c17066c776a1fccef/1526402202_00032.jpg","sharing_picture":null,"percent_done":100,"tags":[],"categories":[{"id":32,"title":"Animals & Pets","permalink":"animals-pets","subscriptions_count":10082576,"big_image_url":"https://coub-anubis-a.akamaized.net/coub_storage/category/cw_image/60432c0f1f4/5d35698dc76c52d5f9e63/big_1544749976_animals2.png","small_image_url":"https://coub-anubis-a.akamaized.net/coub_storage/category/cw_image/60432c0f1f4/5d35698dc76c52d5f9e63/small_1544749976_animals2.png","med_image_url":"https://coub-anubis-a.akamaized.net/coub_storage/category/cw_image/60432c0f1f4/5d35698dc76c52d5f9e63/med_1544749976_animals2.png","visible":true}],"communities":[{"id":32,"title":"Animals & Pets","permalink":"animals-pets","subscriptions_count":10082576,"big_image_url":"https://coub-anubis-a.akamaized.net/coub_storage/category/cw_image/60432c0f1f4/5d35698dc76c52d5f9e63/big_1544749976_animals2.png","small_image_url":"https://coub-anubis-a.akamaized.net/coub_storage/category/cw_image/60432c0f1f4/5d35698dc76c52d5f9e63/small_1544749976_animals2.png","med_image_url":"https://coub-anubis-a.akamaized.net/coub_storage/category/cw_image/60432c0f1f4/5d35698dc76c52d5f9e63/med_1544749976_animals2.png","i_subscribed":true,"community_notifications_enabled":null,"description":null}],"recoubs_count":710,"remixes_count":0,"likes_count":3764,"dislikes_count":0,"raw_video_id":11701431,"uploaded_by_ios_app":false,"uploaded_by_android_app":false,"media_blocks":{"uploaded_raw_videos":[],"external_raw_videos":[],"remixed_from_coubs":[]},"raw_video_thumbnail_url":"/missing/missing.png","raw_video_title":"aaanimation.avi","video_block_banned":false,"duration":10.0,"promo_winner":false,"promo_winner_recoubers":null,"editorial_info":{},"promo_hint":null,"beeline_best_2014":null,"from_web_editor":true,"normalize_sound":true,"normalize_change_allowed":true,"best2015_addable":false,"ahmad_promo":null,"promo_data":null,"audio_copyright_claim":null,"ads_disabled":false,"is_safe_for_ads":true,"megafon_contents":[],"position_on_page":5},{"flag":null,"abuses":null,"recoubs_by_users_channels":null,"favourite":false,"promoted_id":null,"recoub":null,"like":null,"dislike":null,"reaction":null,"in_my_best2015":false,"id":138584245,"type":"Coub::Simple","permalink":"2a5uy9","title":"Cat Love","visibility_type":"public","original_visibility_type":"public","channel_id":7318491,"created_at":"2020-03-04T06:20:41Z","updated_at":"2022-03-18T01:46:43Z","is_done":true,"views_count":189267,"cotd":null,"cotd_at":null,"visible_on_explore_root":false,"visible_on_explore":false,"featured":false,"published":true,"published_at":"2020-03-04T06:20:41Z","reversed":false,"from_editor_v2":true,"is_editable":true,"original_sound":false,"has_sound":false,"recoub_to":null,"file_versions":{"html5":{"video":{"higher":{"url":"https://coub-anubis-a.akamaized.net/coub_storage/coub/simple/cw_file/38a93fb503a/c9e000030b8df09f6c27d/muted_mp4_huge_size_1583302844_muted_huge.mp4","size":2226437},"high":{"url":"https://coub-anubis-a.akamaized.net/coub_storage/coub/simple/cw_file/38a93fb503a/c9e000030b8df09f6c27d/muted_mp4_big_size_1583302844_muted_big.mp4","size":1505049},"med":{"url":"https://coub-anubis-a.akamaized.net/coub_storage/coub/simple/cw_file/38a93fb503a/c9e000030b8df09f6c27d/muted_mp4_med_size_1583302844_muted_med.mp4","size":431019}},"audio":{"high":{"url":"https://coub-anubis-a.akamaized.net/coub_storage/coub/simple/cw_looped_audio_high/a46433bd8c1/138d3be4495afc970c3e4/1605707157_high_1583302889_high.mp3","size":6613451},"med":{"url":"https://coub-anubis-a.akamaized.net/coub_storage/coub/simple/cw_looped_audio_med/255cfac7c4e/95b93fddf8a5a27f77e75/1605707156_med_1583302889_med.mp3","size":4784877}}},"mobile":{"video":"https://coub-anubis-a.akamaized.net/coub_storage/coub/simple/cw_file/38a93fb503a/c9e000030b8df09f6c27d/muted_mp4_med_size_1583302844_muted_med.mp4","audio":["https://coub-anubis-a.akamaized.net/coub_storage/coub/simple/cw_looped_audio_med/255cfac7c4e/95b93fddf8a5a27f77e75/1605707156_med_1583302889_med.mp3"]},"share":{"default":"https://coub-anubis-a.akamaized.net/coub_storage/coub/simple/cw_video_for_sharing/0c61bad5f78/224fc8dbacbc635a0fecb/1608893554_looped_1608893554.mp4"}},"audio_versions":{"template":"https://coub-anubis-a.akamaized.net/coub_storage/audio_track/cw_file/30dba741319/cb337f07f88e47eef3e07/mid_1583302852_rd46m6_edited.mp3","versions":["mid","low"]},"image_versions":{"template":"https://coub-anubis-a.akamaized.net/coub_storage/coub/simple/cw_image/e3188864099/e17309e4c1083a0fabcdd/1583302908_00032.jpg","versions":["micro","tiny","age_restricted","ios_large","ios_mosaic","big","med","small","pinterest"]},"first_frame_versions":{"template":"https://coub-anubis-a.akamaized.net/coub_storage/coub/simple/cw_timeline_pic/d81a9b72819/2a4943239ce6e3adeb211/1583302908_image.jpg","versions":["big","med","small","ios_large"]},"dimensions":{"big":[960,960],"med":[480,480]},"site_w_h":[400,400],"page_w_h":[400,400],"site_w_h_small":[310,310],"size":[960,960],"age_restricted":false,"age_restricted_by_admin":false,"not_safe_for_work":false,"allow_reuse":false,"dont_crop":false,"banned":false,"global_safe":true,"audio_file_url":"https://coub-anubis-a.akamaized.net/coub_storage/audio_track/cw_file/30dba741319/cb337f07f88e47eef3e07/low_1583302852_rd46m6_edited.mp3","external_download":false,"application":null,"channel":{"id":7318491,"permalink":"pvvslmusic","title":"PVVSL","description":"CATISM","followers_count":54,"following_count":2,"avatar_versions":{"template":"https://coub-anubis-a.akamaized.net/coub_storage/channel/cw_avatar/32ab82994bb/987d488d06c6d3de9f12a/%{version}_1607429153_1uxg48b_1571996865_ava112.png","versions":["medium","medium_2x","profile_pic","profile_pic_new","profile_pic_new_2x","tiny","tiny_2x","small","small_2x","ios_large","ios_small"]}},"file":null,"picture":"https://coub-anubis-a.akamaized.net/coub_storage/coub/simple/cw_image/e3188864099/e17309e4c1083a0fabcdd/1583302908_00032.jpg","timeline_picture":"https://coub-anubis-a.akamaized.net/coub_storage/coub/simple/cw_timeline_pic/d81a9b72819/2a4943239ce6e3adeb211/1583302908_image.jpg","small_picture":"https://coub-anubis-a.akamaized.net/coub_storage/coub/simple/cw_image/e3188864099/e17309e4c1083a0fabcdd/1583302908_00032.jpg","sharing_picture":null,"percent_done":100,"tags":[{"id":5511041,"title":"wham! careless whisper","value":"wham!%20careless%20whisper"},{"id":134,"title":"cat","value":"cat"},{"id":298,"title":"love","value":"love"},{"id":757,"title":"cute","value":"cute"},{"id":38260,"title":"wham","value":"wham"},{"id":220927,"title":"careless","value":"careless"},{"id":60417,"title":"whisper","value":"whisper"},{"id":3233443,"title":"catism","value":"catism"}],"categories":[{"id":32,"title":"Animals & Pets","permalink":"animals-pets","subscriptions_count":10082576,"big_image_url":"https://coub-anubis-a.akamaized.net/coub_storage/category/cw_image/60432c0f1f4/5d35698dc76c52d5f9e63/big_1544749976_animals2.png","small_image_url":"https://coub-anubis-a.akamaized.net/coub_storage/category/cw_image/60432c0f1f4/5d35698dc76c52d5f9e63/small_1544749976_animals2.png","med_image_url":"https://coub-anubis-a.akamaized.net/coub_storage/category/cw_image/60432c0f1f4/5d35698dc76c52d5f9e63/med_1544749976_animals2.png","visible":true}],"communities":[{"id":32,"title":"Animals & Pets","permalink":"animals-pets","subscriptions_count":10082576,"big_image_url":"https://coub-anubis-a.akamaized.net/coub_storage/category/cw_image/60432c0f1f4/5d35698dc76c52d5f9e63/big_1544749976_animals2.png","small_image_url":"https://coub-anubis-a.akamaized.net/coub_storage/category/cw_image/60432c0f1f4/5d35698dc76c52d5f9e63/small_1544749976_animals2.png","med_image_url":"https://coub-anubis-a.akamaized.net/coub_storage/category/cw_image/60432c0f1f4/5d35698dc76c52d5f9e63/med_1544749976_animals2.png","i_subscribed":true,"community_notifications_enabled":null,"description":null}],"recoubs_count":668,"remixes_count":0,"likes_count":3763,"dislikes_count":0,"raw_video_id":14892757,"uploaded_by_ios_app":false,"uploaded_by_android_app":false,"media_blocks":{"uploaded_raw_videos":[],"external_raw_videos":[],"remixed_from_coubs":[]},"raw_video_thumbnail_url":"/missing/missing.png","raw_video_title":"video11.mp4","video_block_banned":false,"duration":10.0,"promo_winner":false,"promo_winner_recoubers":null,"editorial_info":{},"promo_hint":null,"beeline_best_2014":null,"from_web_editor":true,"normalize_sound":false,"normalize_change_allowed":true,"best2015_addable":false,"ahmad_promo":null,"promo_data":null,"audio_copyright_claim":null,"ads_disabled":false,"is_safe_for_ads":true,"megafon_contents":[],"position_on_page":6},{"flag":null,"abuses":null,"recoubs_by_users_channels":null,"favourite":false,"promoted_id":null,"recoub":null,"like":null,"dislike":null,"reaction":null,"in_my_best2015":false,"id":89333226,"type":"Coub::Simple","permalink":"1gs35h","title":"Excellent Meow 😻","visibility_type":"public","original_visibility_type":"public","channel_id":361351,"created_at":"2018-10-26T08:12:24Z","updated_at":"2022-03-17T21:49:16Z","is_done":true,"views_count":159187,"cotd":null,"cotd_at":null,"visible_on_explore_root":false,"visible_on_explore":false,"featured":false,"published":true,"published_at":"2018-10-26T08:12:24Z","reversed":false,"from_editor_v2":true,"is_editable":true,"original_sound":true,"has_sound":true,"recoub_to":null,"file_versions":{"html5":{"video":{"higher":{"url":"https://coub-anubis-a.akamaized.net/coub_storage/coub/simple/cw_file/5c57be40d55/14b75e3d533f22e857c4d/muted_mp4_huge_size_1569835811_muted_huge.mp4","size":2604170},"high":{"url":"https://coub-anubis-a.akamaized.net/coub_storage/coub/simple/cw_file/5c57be40d55/14b75e3d533f22e857c4d/muted_mp4_big_size_1569835811_muted_big.mp4","size":1773846},"med":{"url":"https://coub-anubis-a.akamaized.net/coub_storage/coub/simple/cw_file/5c57be40d55/14b75e3d533f22e857c4d/muted_mp4_med_size_1569835811_muted_med.mp4","size":596774}},"audio":{"high":{"url":"https://coub-anubis-a.akamaized.net/coub_storage/coub/simple/cw_looped_audio_high/57b26183755/f0e101df2ff531b487653/1605598478_high_1540541550_high.mp3","size":1001927},"med":{"url":"https://coub-anubis-a.akamaized.net/coub_storage/coub/simple/cw_looped_audio_med/2f4806f90e0/aa6fcb64abde56a31c797/1605598477_med_1540541550_med.mp3","size":944249},"sample_duration":8.475}},"mobile":{"video":"https://coub-anubis-a.akamaized.net/coub_storage/coub/simple/cw_file/5c57be40d55/14b75e3d533f22e857c4d/muted_mp4_med_size_1569835811_muted_med.mp4","audio":["https://coub-anubis-a.akamaized.net/coub_storage/coub/simple/cw_looped_audio_med/2f4806f90e0/aa6fcb64abde56a31c797/1605598477_med_1540541550_med.mp3"]},"share":{"default":"https://coub-anubis-a.akamaized.net/coub_storage/coub/simple/cw_video_for_sharing/3427bad65c0/17e5354a63bcd837c56dd/1610596315_looped_1610596315.mp4"}},"audio_versions":{},"image_versions":{"template":"https://coub-anubis-a.akamaized.net/coub_storage/coub/simple/cw_image/ea280cb7545/7e3bc200e2f5800ffc151/1540541557_00027.jpg","versions":["micro","tiny","age_restricted","ios_large","ios_mosaic","big","med","small","pinterest"]},"first_frame_versions":{"template":"https://coub-anubis-a.akamaized.net/coub_storage/coub/simple/cw_timeline_pic/001ddbb0fcc/9381f3d38f75d03cd2dbd/%{version}_1540541556_image.jpg","versions":["big","med","small","ios_large"]},"dimensions":{"big":[768,960],"med":[384,480]},"site_w_h":[320,400],"page_w_h":[400,500],"site_w_h_small":[310,388],"size":[768,960],"age_restricted":false,"age_restricted_by_admin":false,"not_safe_for_work":false,"allow_reuse":false,"dont_crop":false,"banned":false,"global_safe":true,"audio_file_url":null,"external_download":false,"application":null,"channel":{"id":361351,"permalink":"idesignking","title":"Eugene👑Korolev","description":"www.instagram.com/braZZtop","followers_count":6477,"following_count":435,"avatar_versions":{"template":"https://coub-anubis-a.akamaized.net/coub_storage/channel/cw_avatar/e9ef06d1d4c/b2f4818e652d1bf3ef917/%{version}_1624889091_11081102_785561681564341_1716339375554276424_n.jpg","versions":["medium","medium_2x","profile_pic","profile_pic_new","profile_pic_new_2x","tiny","tiny_2x","small","small_2x","ios_large","ios_small"]}},"file":null,"picture":"https://coub-anubis-a.akamaized.net/coub_storage/coub/simple/cw_image/ea280cb7545/7e3bc200e2f5800ffc151/1540541557_00027.jpg","timeline_picture":"https://coub-anubis-a.akamaized.net/coub_storage/coub/simple/cw_timeline_pic/001ddbb0fcc/9381f3d38f75d03cd2dbd/ios_large_1540541556_image.jpg","small_picture":"https://coub-anubis-a.akamaized.net/coub_storage/coub/simple/cw_image/ea280cb7545/7e3bc200e2f5800ffc151/1540541557_00027.jpg","sharing_picture":null,"percent_done":100,"tags":[{"id":950,"title":"meow","value":"meow"},{"id":17248,"title":"мяу","value":"%D0%BC%D1%8F%D1%83"},{"id":144552,"title":"мяукает","value":"%D0%BC%D1%8F%D1%83%D0%BA%D0%B0%D0%B5%D1%82"},{"id":36294,"title":"мяуканье кошки","value":"%D0%BC%D1%8F%D1%83%D0%BA%D0%B0%D0%BD%D1%8C%D0%B5%20%D0%BA%D0%BE%D1%88%D0%BA%D0%B8"},{"id":2466,"title":"котенок","value":"%D0%BA%D0%BE%D1%82%D0%B5%D0%BD%D0%BE%D0%BA"},{"id":8071,"title":"киса","value":"%D0%BA%D0%B8%D1%81%D0%B0"},{"id":590,"title":"кошка","value":"%D0%BA%D0%BE%D1%88%D0%BA%D0%B0"},{"id":134,"title":"cat","value":"cat"},{"id":1793,"title":"kitty","value":"kitty"},{"id":6324,"title":"pussy","value":"pussy"},{"id":42689,"title":"puss","value":"puss"},{"id":1591,"title":"pet","value":"pet"},{"id":11479,"title":"pets","value":"pets"},{"id":2070,"title":"animals","value":"animals"},{"id":757,"title":"cute","value":"cute"}],"categories":[{"id":32,"title":"Animals & Pets","permalink":"animals-pets","subscriptions_count":10082576,"big_image_url":"https://coub-anubis-a.akamaized.net/coub_storage/category/cw_image/60432c0f1f4/5d35698dc76c52d5f9e63/big_1544749976_animals2.png","small_image_url":"https://coub-anubis-a.akamaized.net/coub_storage/category/cw_image/60432c0f1f4/5d35698dc76c52d5f9e63/small_1544749976_animals2.png","med_image_url":"https://coub-anubis-a.akamaized.net/coub_storage/category/cw_image/60432c0f1f4/5d35698dc76c52d5f9e63/med_1544749976_animals2.png","visible":true}],"communities":[{"id":32,"title":"Animals & Pets","permalink":"animals-pets","subscriptions_count":10082576,"big_image_url":"https://coub-anubis-a.akamaized.net/coub_storage/category/cw_image/60432c0f1f4/5d35698dc76c52d5f9e63/big_1544749976_animals2.png","small_image_url":"https://coub-anubis-a.akamaized.net/coub_storage/category/cw_image/60432c0f1f4/5d35698dc76c52d5f9e63/small_1544749976_animals2.png","med_image_url":"https://coub-anubis-a.akamaized.net/coub_storage/category/cw_image/60432c0f1f4/5d35698dc76c52d5f9e63/med_1544749976_animals2.png","i_subscribed":true,"community_notifications_enabled":null,"description":null}],"recoubs_count":638,"remixes_count":7,"likes_count":3763,"dislikes_count":0,"raw_video_id":12592433,"uploaded_by_ios_app":false,"uploaded_by_android_app":false,"media_blocks":{"uploaded_raw_videos":[],"external_raw_videos":[],"remixed_from_coubs":[]},"raw_video_thumbnail_url":"/missing/missing.png","raw_video_title":"Excellent_Meow_.mp4","video_block_banned":false,"duration":8.48,"promo_winner":false,"promo_winner_recoubers":null,"editorial_info":{},"promo_hint":null,"beeline_best_2014":null,"from_web_editor":true,"normalize_sound":false,"normalize_change_allowed":true,"best2015_addable":false,"ahmad_promo":null,"promo_data":null,"audio_copyright_claim":null,"ads_disabled":false,"is_safe_for_ads":true,"megafon_contents":[],"position_on_page":7},{"flag":null,"abuses":null,"recoubs_by_users_channels":null,"favourite":false,"promoted_id":null,"recoub":null,"like":null,"dislike":null,"reaction":null,"in_my_best2015":false,"id":6077588,"type":"Coub::Simple","permalink":"3644l","title":"Lion vs Mongoose: A Love Story","visibility_type":"public","original_visibility_type":"public","channel_id":397883,"created_at":"2014-09-03T12:15:46Z","updated_at":"2022-03-09T09:44:23Z","is_done":true,"views_count":1146593,"cotd":null,"cotd_at":null,"visible_on_explore_root":true,"visible_on_explore":true,"featured":true,"published":true,"published_at":"2014-09-03T12:15:46Z","reversed":false,"from_editor_v2":true,"is_editable":true,"original_sound":true,"has_sound":true,"recoub_to":null,"file_versions":{"html5":{"video":{"higher":{"url":"https://coub-anubis-a.akamaized.net/coub_storage/coub/simple/cw_file/df9743e3ae0/68c2352f0fba60b700686/muted_mp4_huge_size_1567729883_muted_huge.mp4","size":5410701},"high":{"url":"https://coub-anubis-a.akamaized.net/coub_storage/coub/simple/cw_file/df9743e3ae0/68c2352f0fba60b700686/muted_mp4_big_size_1567729883_muted_big.mp4","size":4415132},"med":{"url":"https://coub-anubis-a.akamaized.net/coub_storage/coub/simple/cw_file/df9743e3ae0/68c2352f0fba60b700686/muted_mp4_med_size_1567729883_muted_med.mp4","size":1017897}},"audio":{"high":{"url":"https://coub-anubis-a.akamaized.net/coub_storage/coub/simple/cw_looped_audio_high/71d378c1ba6/49aa0ca594c81099f0a01/1605434504_high_1445949301_high.mp3","size":1320332},"med":{"url":"https://coub-anubis-a.akamaized.net/coub_storage/coub/simple/cw_looped_audio_med/126692388b5/c529bfca149e05cbaf11b/1605434504_med_1445949301_med.mp3","size":880221},"sample_duration":9.195}},"mobile":{"video":"https://coub-anubis-a.akamaized.net/coub_storage/coub/simple/cw_file/df9743e3ae0/68c2352f0fba60b700686/muted_mp4_med_size_1567729883_muted_med.mp4","audio":["https://coub-anubis-a.akamaized.net/coub_storage/coub/simple/cw_looped_audio_med/126692388b5/c529bfca149e05cbaf11b/1605434504_med_1445949301_med.mp3"]},"share":{"default":"https://coub-anubis-a.akamaized.net/coub_storage/coub/simple/cw_video_for_sharing/996884ad05f/dc81b00a0e4dcdb5ec1cf/1608361344_looped_1608361342.mp4"}},"audio_versions":{},"image_versions":{"template":"https://coub-anubis-a.akamaized.net/coub_storage/coub/simple/cw_image/73b0fc5287d/6a3b271b709c40e9aeabe/1409747097_00029.jpg","versions":["micro","tiny","age_restricted","ios_large","ios_mosaic","big","med","small","pinterest"]},"first_frame_versions":{"template":"https://coub-anubis-a.akamaized.net/coub_storage/coub/simple/cw_timeline_pic/73b0fc5287d/6a3b271b709c40e9aeabe/%{version}_1409747065_image.jpg","versions":["big","med","small","ios_large"]},"dimensions":{"big":[1280,720],"med":[640,360]},"site_w_h":[640,360],"page_w_h":[640,360],"site_w_h_small":[310,174],"size":[1280,720],"age_restricted":false,"age_restricted_by_admin":false,"not_safe_for_work":null,"allow_reuse":false,"dont_crop":false,"banned":false,"global_safe":true,"audio_file_url":null,"external_download":false,"application":null,"channel":{"id":397883,"permalink":"tony-budwood","title":"Tony Budwood","description":null,"followers_count":42,"following_count":7,"avatar_versions":{"template":"https://coub-anubis-a.akamaized.net/coub_storage/channel/cw_avatar/fbd761cc7ea/42bb5f48cebb9aad52e89/%{version}_1474504099_z2r354_att-url-download.jpg","versions":["medium","medium_2x","profile_pic","profile_pic_new","profile_pic_new_2x","tiny","tiny_2x","small","small_2x","ios_large","ios_small"]}},"file":null,"picture":"https://coub-anubis-a.akamaized.net/coub_storage/coub/simple/cw_image/73b0fc5287d/6a3b271b709c40e9aeabe/1409747097_00029.jpg","timeline_picture":"https://coub-anubis-a.akamaized.net/coub_storage/coub/simple/cw_timeline_pic/73b0fc5287d/6a3b271b709c40e9aeabe/ios_large_1409747065_image.jpg","small_picture":"https://coub-anubis-a.akamaized.net/coub_storage/coub/simple/cw_image/73b0fc5287d/6a3b271b709c40e9aeabe/1409747097_00029.jpg","sharing_picture":null,"percent_done":100,"tags":[{"id":6606,"title":"jerk","value":"jerk"},{"id":3419,"title":"motherfucker","value":"motherfucker"},{"id":144463,"title":"cocksucker","value":"cocksucker"},{"id":71977,"title":"animals gone wild","value":"animals%20gone%20wild"},{"id":3523,"title":"like a boss","value":"like%20a%20boss"},{"id":19856,"title":"wilderness","value":"wilderness"},{"id":30725,"title":"wildcat","value":"wildcat"},{"id":1483,"title":"wild","value":"wild"},{"id":91840,"title":"explicit","value":"explicit"},{"id":174,"title":"funny","value":"funny"},{"id":23229,"title":"lions","value":"lions"},{"id":2543,"title":"hero","value":"hero"},{"id":4101,"title":"fuckyou","value":"fuckyou"},{"id":115721,"title":"lions attacked","value":"lions%20attacked"},{"id":757,"title":"cute","value":"cute"},{"id":2851,"title":"animal","value":"animal"},{"id":82340,"title":"concrete","value":"concrete"},{"id":2157,"title":"blood","value":"blood"},{"id":8915,"title":"blood and concrete","value":"blood%20and%20concrete"},{"id":538175,"title":"mangoose","value":"mangoose"},{"id":5038,"title":"lion","value":"lion"},{"id":538174,"title":"lion vs mangoose","value":"lion%20vs%20mangoose"}],"categories":[{"id":32,"title":"Animals & Pets","permalink":"animals-pets","subscriptions_count":10082576,"big_image_url":"https://coub-anubis-a.akamaized.net/coub_storage/category/cw_image/60432c0f1f4/5d35698dc76c52d5f9e63/big_1544749976_animals2.png","small_image_url":"https://coub-anubis-a.akamaized.net/coub_storage/category/cw_image/60432c0f1f4/5d35698dc76c52d5f9e63/small_1544749976_animals2.png","med_image_url":"https://coub-anubis-a.akamaized.net/coub_storage/category/cw_image/60432c0f1f4/5d35698dc76c52d5f9e63/med_1544749976_animals2.png","visible":true}],"communities":[{"id":32,"title":"Animals & Pets","permalink":"animals-pets","subscriptions_count":10082576,"big_image_url":"https://coub-anubis-a.akamaized.net/coub_storage/category/cw_image/60432c0f1f4/5d35698dc76c52d5f9e63/big_1544749976_animals2.png","small_image_url":"https://coub-anubis-a.akamaized.net/coub_storage/category/cw_image/60432c0f1f4/5d35698dc76c52d5f9e63/small_1544749976_animals2.png","med_image_url":"https://coub-anubis-a.akamaized.net/coub_storage/category/cw_image/60432c0f1f4/5d35698dc76c52d5f9e63/med_1544749976_animals2.png","i_subscribed":true,"community_notifications_enabled":null,"description":null}],"recoubs_count":1318,"remixes_count":4,"likes_count":3763,"dislikes_count":0,"raw_video_id":822750,"uploaded_by_ios_app":false,"uploaded_by_android_app":false,"media_blocks":{"uploaded_raw_videos":[],"external_raw_videos":[],"remixed_from_coubs":[]},"raw_video_thumbnail_url":"/missing/missing.png","raw_video_title":"Lion Vs Mongoose- Mongoose Fends Off Four Lions 1080p (Video Only).mp4.mp4","video_block_banned":false,"duration":9.16,"promo_winner":false,"promo_winner_recoubers":null,"editorial_info":{},"promo_hint":null,"beeline_best_2014":null,"from_web_editor":true,"normalize_sound":true,"normalize_change_allowed":true,"best2015_addable":false,"ahmad_promo":null,"promo_data":null,"audio_copyright_claim":null,"ads_disabled":null,"is_safe_for_ads":true,"megafon_contents":[],"position_on_page":8},{"flag":null,"abuses":null,"recoubs_by_users_channels":null,"favourite":false,"promoted_id":null,"recoub":null,"like":null,"dislike":null,"reaction":null,"in_my_best2015":false,"id":99608038,"type":"Coub::Simple","permalink":"1mwbbb","title":"Пажетнов Вася и медвежата Pazhetnov Vasya & bear cubs","visibility_type":"public","original_visibility_type":"public","channel_id":4293251,"created_at":"2019-01-27T13:34:42Z","updated_at":"2022-03-17T20:36:58Z","is_done":true,"views_count":151819,"cotd":null,"cotd_at":null,"visible_on_explore_root":false,"visible_on_explore":false,"featured":false,"published":true,"published_at":"2019-01-27T13:34:41Z","reversed":false,"from_editor_v2":true,"is_editable":true,"original_sound":true,"has_sound":true,"recoub_to":null,"file_versions":{"html5":{"video":{"higher":{"url":"https://coub-anubis-a.akamaized.net/coub_storage/coub/simple/cw_file/31cee96ec34/c858d4eb60686838e669d/muted_mp4_huge_size_1571982061_muted_huge.mp4","size":6469421},"high":{"url":"https://coub-anubis-a.akamaized.net/coub_storage/coub/simple/cw_file/31cee96ec34/c858d4eb60686838e669d/muted_mp4_big_size_1571982061_muted_big.mp4","size":5091016},"med":{"url":"https://coub-anubis-a.akamaized.net/coub_storage/coub/simple/cw_file/31cee96ec34/c858d4eb60686838e669d/muted_mp4_med_size_1571982061_muted_med.mp4","size":1481294}},"audio":{"high":{"url":"https://coub-anubis-a.akamaized.net/coub_storage/coub/simple/cw_looped_audio_high/c38343a2f69/928072314fac8f164d643/1605669335_high_1548596717_high.mp3","size":935553},"med":{"url":"https://coub-anubis-a.akamaized.net/coub_storage/coub/simple/cw_looped_audio_med/b2712dc533d/f52cb4e2ca1fc0095e07c/1605669334_med_1548596717_med.mp3","size":799076},"sample_duration":10.009}},"mobile":{"video":"https://coub-anubis-a.akamaized.net/coub_storage/coub/simple/cw_file/31cee96ec34/c858d4eb60686838e669d/muted_mp4_med_size_1571982061_muted_med.mp4","audio":["https://coub-anubis-a.akamaized.net/coub_storage/coub/simple/cw_looped_audio_med/b2712dc533d/f52cb4e2ca1fc0095e07c/1605669334_med_1548596717_med.mp3"]},"share":{"default":"https://coub-anubis-a.akamaized.net/coub_storage/coub/simple/cw_video_for_sharing/0a5ef8f1fa3/250622ca7eafc45c4f700/1609622395_looped_1609622394.mp4"}},"audio_versions":{},"image_versions":{"template":"https://coub-anubis-a.akamaized.net/coub_storage/coub/simple/cw_image/2c1f588831a/876b704c2a087017f2845/1548596731_00032.jpg","versions":["micro","tiny","age_restricted","ios_large","ios_mosaic","big","med","small","pinterest"]},"first_frame_versions":{"template":"https://coub-anubis-a.akamaized.net/coub_storage/coub/simple/cw_timeline_pic/eeb2e80c70b/14158eb73a95db43a123c/%{version}_1548596729_image.jpg","versions":["big","med","small","ios_large"]},"dimensions":{"big":[1280,720],"med":[640,360]},"site_w_h":[640,360],"page_w_h":[640,360],"site_w_h_small":[310,174],"size":[1280,720],"age_restricted":false,"age_restricted_by_admin":false,"not_safe_for_work":false,"allow_reuse":false,"dont_crop":false,"banned":false,"global_safe":false,"audio_file_url":null,"external_download":{"type":"Youtube","service_name":"YouTube","url":"https://www.youtube.com/watch?v=jeh_SNMuDYc","has_embed":true},"application":null,"channel":{"id":4293251,"permalink":"entropija-mozga","title":"Entropiya mozga","description":null,"followers_count":76,"following_count":11,"avatar_versions":{"template":"https://coub-anubis-a.akamaized.net/coub_storage/channel/cw_avatar/e0605ff6e0b/45b74f5081c15c23be17e/%{version}_1608051967________________________.jpg","versions":["medium","medium_2x","profile_pic","profile_pic_new","profile_pic_new_2x","tiny","tiny_2x","small","small_2x","ios_large","ios_small"]}},"file":null,"picture":"https://coub-anubis-a.akamaized.net/coub_storage/coub/simple/cw_image/2c1f588831a/876b704c2a087017f2845/1548596731_00032.jpg","timeline_picture":"https://coub-anubis-a.akamaized.net/coub_storage/coub/simple/cw_timeline_pic/eeb2e80c70b/14158eb73a95db43a123c/ios_large_1548596729_image.jpg","small_picture":"https://coub-anubis-a.akamaized.net/coub_storage/coub/simple/cw_image/2c1f588831a/876b704c2a087017f2845/1548596731_00032.jpg","sharing_picture":null,"percent_done":100,"tags":[{"id":1091127,"title":"vasya & bear cubs","value":"vasya%20&%20bear%20cubs"},{"id":944668,"title":"bear cubs","value":"bear%20cubs"},{"id":8099,"title":"bears","value":"bears"},{"id":1677,"title":"bear","value":"bear"},{"id":47998,"title":"cub","value":"cub"},{"id":148067,"title":"rehabilitation","value":"rehabilitation"},{"id":1091128,"title":"pazhetnov","value":"pazhetnov"},{"id":1091129,"title":"торопец","value":"%D1%82%D0%BE%D1%80%D0%BE%D0%BF%D0%B5%D1%86"},{"id":569954,"title":"медвежата","value":"%D0%BC%D0%B5%D0%B4%D0%B2%D0%B5%D0%B6%D0%B0%D1%82%D0%B0"},{"id":23308,"title":"медведи","value":"%D0%BC%D0%B5%D0%B4%D0%B2%D0%B5%D0%B4%D0%B8"},{"id":113203,"title":"реабилитация","value":"%D1%80%D0%B5%D0%B0%D0%B1%D0%B8%D0%BB%D0%B8%D1%82%D0%B0%D1%86%D0%B8%D1%8F"},{"id":1089611,"title":"биостанция","value":"%D0%B1%D0%B8%D0%BE%D1%81%D1%82%D0%B0%D0%BD%D1%86%D0%B8%D1%8F"},{"id":86305,"title":"заповедник","value":"%D0%B7%D0%B0%D0%BF%D0%BE%D0%B2%D0%B5%D0%B4%D0%BD%D0%B8%D0%BA"},{"id":1091130,"title":"пажетнов","value":"%D0%BF%D0%B0%D0%B6%D0%B5%D1%82%D0%BD%D0%BE%D0%B2"},{"id":467172,"title":"сироты","value":"%D1%81%D0%B8%D1%80%D0%BE%D1%82%D1%8B"},{"id":3193,"title":"outdoors","value":"outdoors"},{"id":193496,"title":"чистое","value":"%D1%87%D0%B8%D1%81%D1%82%D0%BE%D0%B5"},{"id":1091131,"title":"бубоницы","value":"%D0%B1%D1%83%D0%B1%D0%BE%D0%BD%D0%B8%D1%86%D1%8B"},{"id":943501,"title":"toropets","value":"toropets"},{"id":60135,"title":"tver","value":"tver"},{"id":98962,"title":"тверь","value":"%D1%82%D0%B2%D0%B5%D1%80%D1%8C"},{"id":2070,"title":"animals","value":"animals"},{"id":8142,"title":"zoo","value":"zoo"},{"id":10317,"title":"wildlife","value":"wildlife"},{"id":1091132,"title":"чистый лес","value":"%D1%87%D0%B8%D1%81%D1%82%D1%8B%D0%B9%20%D0%BB%D0%B5%D1%81"},{"id":1089612,"title":"biostation","value":"biostation"},{"id":1089613,"title":"bear cub","value":"bear%20cub"},{"id":37275,"title":"медвежонок","value":"%D0%BC%D0%B5%D0%B4%D0%B2%D0%B5%D0%B6%D0%BE%D0%BD%D0%BE%D0%BA"},{"id":1154,"title":"медведь","value":"%D0%BC%D0%B5%D0%B4%D0%B2%D0%B5%D0%B4%D1%8C"},{"id":91968,"title":"тверская область","value":"%D1%82%D0%B2%D0%B5%D1%80%D1%81%D0%BA%D0%B0%D1%8F%20%D0%BE%D0%B1%D0%BB%D0%B0%D1%81%D1%82%D1%8C"},{"id":1091133,"title":"торопецкий край","value":"%D1%82%D0%BE%D1%80%D0%BE%D0%BF%D0%B5%D1%86%D0%BA%D0%B8%D0%B9%20%D0%BA%D1%80%D0%B0%D0%B9"},{"id":1265,"title":"россия","value":"%D1%80%D0%BE%D1%81%D1%81%D0%B8%D1%8F"},{"id":382281,"title":"приют","value":"%D0%BF%D1%80%D0%B8%D1%8E%D1%82"},{"id":1091134,"title":"вася и медведи","value":"%D0%B2%D0%B0%D1%81%D1%8F%20%D0%B8%20%D0%BC%D0%B5%D0%B4%D0%B2%D0%B5%D0%B4%D0%B8"}],"categories":[{"id":32,"title":"Animals & Pets","permalink":"animals-pets","subscriptions_count":10082576,"big_image_url":"https://coub-anubis-a.akamaized.net/coub_storage/category/cw_image/60432c0f1f4/5d35698dc76c52d5f9e63/big_1544749976_animals2.png","small_image_url":"https://coub-anubis-a.akamaized.net/coub_storage/category/cw_image/60432c0f1f4/5d35698dc76c52d5f9e63/small_1544749976_animals2.png","med_image_url":"https://coub-anubis-a.akamaized.net/coub_storage/category/cw_image/60432c0f1f4/5d35698dc76c52d5f9e63/med_1544749976_animals2.png","visible":true}],"communities":[{"id":32,"title":"Animals & Pets","permalink":"animals-pets","subscriptions_count":10082576,"big_image_url":"https://coub-anubis-a.akamaized.net/coub_storage/category/cw_image/60432c0f1f4/5d35698dc76c52d5f9e63/big_1544749976_animals2.png","small_image_url":"https://coub-anubis-a.akamaized.net/coub_storage/category/cw_image/60432c0f1f4/5d35698dc76c52d5f9e63/small_1544749976_animals2.png","med_image_url":"https://coub-anubis-a.akamaized.net/coub_storage/category/cw_image/60432c0f1f4/5d35698dc76c52d5f9e63/med_1544749976_animals2.png","i_subscribed":true,"community_notifications_enabled":null,"description":null}],"recoubs_count":606,"remixes_count":0,"likes_count":3761,"dislikes_count":0,"raw_video_id":13111692,"uploaded_by_ios_app":false,"uploaded_by_android_app":false,"media_blocks":{"uploaded_raw_videos":[],"external_raw_videos":[{"id":30210940,"title":"Пажетнов Вася и медвежата Pazhetnov Vasya & bear cubs","url":"https://www.youtube.com/watch?v=jeh_SNMuDYc","image":"https://coub-anubis-a.akamaized.net/coub_storage/media_block/cw_image/04bf452c462/da9d75b9372ccc018e85e/1548595849_1t1etza_1548595752_57cijd_att-url-download.jpg","image_retina":"https://coub-anubis-a.akamaized.net/coub_storage/media_block/cw_image/04bf452c462/da9d75b9372ccc018e85e/1548595849_1t1etza_1548595752_57cijd_att-url-download.jpg","meta":{"service":"Youtube","duration":"316.8"},"duration":316.8,"raw_video_id":13111692,"has_embed":true}],"remixed_from_coubs":[],"external_video":{"id":30210940,"title":"Пажетнов Вася и медвежата Pazhetnov Vasya & bear cubs","url":"https://www.youtube.com/watch?v=jeh_SNMuDYc","image":"https://coub-anubis-a.akamaized.net/coub_storage/media_block/cw_image/04bf452c462/da9d75b9372ccc018e85e/1548595849_1t1etza_1548595752_57cijd_att-url-download.jpg","image_retina":"https://coub-anubis-a.akamaized.net/coub_storage/media_block/cw_image/04bf452c462/da9d75b9372ccc018e85e/1548595849_1t1etza_1548595752_57cijd_att-url-download.jpg","meta":{"service":"Youtube","duration":"316.8"},"duration":316.8,"raw_video_id":13111692,"has_embed":true}},"raw_video_thumbnail_url":"/missing/missing.png","raw_video_title":"Пажетнов Вася и медвежата Pazhetnov Vasya & bear cubs","video_block_banned":false,"duration":10.0,"promo_winner":false,"promo_winner_recoubers":null,"editorial_info":{},"promo_hint":null,"beeline_best_2014":null,"from_web_editor":true,"normalize_sound":true,"normalize_change_allowed":true,"best2015_addable":false,"ahmad_promo":null,"promo_data":null,"audio_copyright_claim":null,"ads_disabled":false,"is_safe_for_ads":true,"megafon_contents":[],"position_on_page":9},{"flag":null,"abuses":null,"recoubs_by_users_channels":null,"favourite":false,"promoted_id":null,"recoub":null,"like":null,"dislike":null,"reaction":null,"in_my_best2015":false,"id":96581963,"type":"Coub::Simple","permalink":"1l3gct","title":"Something delicious","visibility_type":"public","original_visibility_type":"public","channel_id":1443341,"created_at":"2019-01-02T13:03:26Z","updated_at":"2022-03-18T07:41:49Z","is_done":true,"views_count":176661,"cotd":null,"cotd_at":null,"visible_on_explore_root":false,"visible_on_explore":false,"featured":false,"published":true,"published_at":"2019-01-02T13:03:26Z","reversed":false,"from_editor_v2":true,"is_editable":true,"original_sound":true,"has_sound":true,"recoub_to":null,"file_versions":{"html5":{"video":{"higher":{"url":"https://coub-anubis-a.akamaized.net/coub_storage/coub/simple/cw_file/05f762c30f6/21026e5a4c16f54b68b3d/muted_mp4_huge_size_1569518009_muted_huge.mp4","size":1892228},"high":{"url":"https://coub-anubis-a.akamaized.net/coub_storage/coub/simple/cw_file/05f762c30f6/21026e5a4c16f54b68b3d/muted_mp4_big_size_1569518009_muted_big.mp4","size":1303992},"med":{"url":"https://coub-anubis-a.akamaized.net/coub_storage/coub/simple/cw_file/05f762c30f6/21026e5a4c16f54b68b3d/muted_mp4_med_size_1569518009_muted_med.mp4","size":402475}},"audio":{"high":{"url":"https://coub-anubis-a.akamaized.net/coub_storage/coub/simple/cw_looped_audio_high/b696d31895e/cd521e7505e47308943cc/1605664556_high_1546434250_high.mp3","size":1153283},"med":{"url":"https://coub-anubis-a.akamaized.net/coub_storage/coub/simple/cw_looped_audio_med/48688e817b5/4d6d16ce20b51f8f961e1/1605664556_med_1546434250_med.mp3","size":894882},"sample_duration":8.012}},"mobile":{"video":"https://coub-anubis-a.akamaized.net/coub_storage/coub/simple/cw_file/05f762c30f6/21026e5a4c16f54b68b3d/muted_mp4_med_size_1569518009_muted_med.mp4","audio":["https://coub-anubis-a.akamaized.net/coub_storage/coub/simple/cw_looped_audio_med/48688e817b5/4d6d16ce20b51f8f961e1/1605664556_med_1546434250_med.mp3"]},"share":{"default":"https://coub-anubis-a.akamaized.net/coub_storage/coub/simple/cw_video_for_sharing/6f57fdccf6a/a7dde6ba496f1d021ee41/1609966387_looped_1609966386.mp4"}},"audio_versions":{},"image_versions":{"template":"https://coub-anubis-a.akamaized.net/coub_storage/coub/simple/cw_image/d61d8f44f68/32476e299d820ecb8fbc4/1546434256_00026.jpg","versions":["micro","tiny","age_restricted","ios_large","ios_mosaic","big","med","small","pinterest"]},"first_frame_versions":{"template":"https://coub-anubis-a.akamaized.net/coub_storage/coub/simple/cw_timeline_pic/a28491a6399/5c51e2777d3322f12d7b0/%{version}_1546434256_image.jpg","versions":["big","med","small","ios_large"]},"dimensions":{"big":[538,960],"med":[268,480]},"site_w_h":[224,400],"page_w_h":[400,714],"site_w_h_small":[310,553],"size":[538,960],"age_restricted":false,"age_restricted_by_admin":false,"not_safe_for_work":false,"allow_reuse":false,"dont_crop":false,"banned":false,"global_safe":true,"audio_file_url":null,"external_download":false,"application":null,"channel":{"id":1443341,"permalink":"ilyuha-smirnov","title":"Ilyuha Smirnov","description":null,"followers_count":108,"following_count":12,"avatar_versions":{"template":"https://coub-anubis-a.akamaized.net/coub_storage/channel/cw_avatar/0b5527dd9d7/4d31b65895da1ba0cf391/%{version}_1609057906_1agsark_1474657183_1323482.jpg","versions":["medium","medium_2x","profile_pic","profile_pic_new","profile_pic_new_2x","tiny","tiny_2x","small","small_2x","ios_large","ios_small"]}},"file":null,"picture":"https://coub-anubis-a.akamaized.net/coub_storage/coub/simple/cw_image/d61d8f44f68/32476e299d820ecb8fbc4/1546434256_00026.jpg","timeline_picture":"https://coub-anubis-a.akamaized.net/coub_storage/coub/simple/cw_timeline_pic/a28491a6399/5c51e2777d3322f12d7b0/ios_large_1546434256_image.jpg","small_picture":"https://coub-anubis-a.akamaized.net/coub_storage/coub/simple/cw_image/d61d8f44f68/32476e299d820ecb8fbc4/1546434256_00026.jpg","sharing_picture":null,"percent_done":100,"tags":[{"id":134,"title":"cat","value":"cat"},{"id":54379,"title":"pat","value":"pat"},{"id":1793,"title":"kitty","value":"kitty"},{"id":3181,"title":"food","value":"food"}],"categories":[{"id":32,"title":"Animals & Pets","permalink":"animals-pets","subscriptions_count":10082576,"big_image_url":"https://coub-anubis-a.akamaized.net/coub_storage/category/cw_image/60432c0f1f4/5d35698dc76c52d5f9e63/big_1544749976_animals2.png","small_image_url":"https://coub-anubis-a.akamaized.net/coub_storage/category/cw_image/60432c0f1f4/5d35698dc76c52d5f9e63/small_1544749976_animals2.png","med_image_url":"https://coub-anubis-a.akamaized.net/coub_storage/category/cw_image/60432c0f1f4/5d35698dc76c52d5f9e63/med_1544749976_animals2.png","visible":true}],"communities":[{"id":32,"title":"Animals & Pets","permalink":"animals-pets","subscriptions_count":10082576,"big_image_url":"https://coub-anubis-a.akamaized.net/coub_storage/category/cw_image/60432c0f1f4/5d35698dc76c52d5f9e63/big_1544749976_animals2.png","small_image_url":"https://coub-anubis-a.akamaized.net/coub_storage/category/cw_image/60432c0f1f4/5d35698dc76c52d5f9e63/small_1544749976_animals2.png","med_image_url":"https://coub-anubis-a.akamaized.net/coub_storage/category/cw_image/60432c0f1f4/5d35698dc76c52d5f9e63/med_1544749976_animals2.png","i_subscribed":true,"community_notifications_enabled":null,"description":null}],"recoubs_count":657,"remixes_count":0,"likes_count":3760,"dislikes_count":0,"raw_video_id":12967563,"uploaded_by_ios_app":true,"uploaded_by_android_app":false,"media_blocks":{"uploaded_raw_videos":[],"external_raw_videos":[],"remixed_from_coubs":[]},"raw_video_thumbnail_url":"/missing/missing.png","raw_video_title":"filename.mp4","video_block_banned":false,"duration":8.04,"promo_winner":false,"promo_winner_recoubers":null,"editorial_info":{},"promo_hint":null,"beeline_best_2014":null,"from_web_editor":false,"normalize_sound":true,"normalize_change_allowed":true,"best2015_addable":false,"ahmad_promo":null,"promo_data":null,"audio_copyright_claim":null,"ads_disabled":false,"is_safe_for_ads":true,"megafon_contents":[],"position_on_page":10}]}