{"page":490,"per_page":10,"total_pages":500,"coubs":[{"flag":null,"abuses":null,"recoubs_by_users_channels":null,"favourite":false,"promoted_id":null,"recoub":null,"like":null,"dislike":null,"reaction":null,"in_my_best2015":false,"id":10598507,"type":"Coub::Simple","permalink":"5v0ip","title":"Looking Down From 600 km Above The Earth's Surface ","visibility_type":"public","original_visibility_type":"public","channel_id":1462017,"created_at":"2015-04-10T10:27:52Z","updated_at":"2022-03-16T00:42:17Z","is_done":true,"views_count":18091,"cotd":null,"cotd_at":null,"visible_on_explore_root":true,"visible_on_explore":true,"featured":true,"published":true,"published_at":"2015-04-10T10:27:52Z","reversed":false,"from_editor_v2":true,"is_editable":true,"original_sound":false,"has_sound":false,"recoub_to":null,"file_versions":{"html5":{"video":{"higher":{"url":"https://coub-anubis-a.akamaized.net/coub_storage/coub/simple/cw_file/54b06ebad6d/abdca5b3f356ac855eb0d/muted_mp4_huge_size_1567763559_muted_huge.mp4","size":2157818},"high":{"url":"https://coub-anubis-a.akamaized.net/coub_storage/coub/simple/cw_file/54b06ebad6d/abdca5b3f356ac855eb0d/muted_mp4_big_size_1567763559_muted_big.mp4","size":1740267},"med":{"url":"https://coub-anubis-a.akamaized.net/coub_storage/coub/simple/cw_file/54b06ebad6d/abdca5b3f356ac855eb0d/muted_mp4_med_size_1567763559_muted_med.mp4","size":391541}},"audio":{"high":{"url":"https://coub-anubis-a.akamaized.net/coub_storage/coub/simple/cw_looped_audio_high/e5a7f03a8d6/79e710d5ef9d8b456a6a3/1605449448_high_1446011366_high.mp3","size":7392861},"med":{"url":"https://coub-anubis-a.akamaized.net/coub_storage/coub/simple/cw_looped_audio_med/dfbba71758f/c9d371e787bc5e642b2be/1605449447_med_1446011366_med.mp3","size":4928573}}},"mobile":{"video":"https://coub-anubis-a.akamaized.net/coub_storage/coub/simple/cw_file/54b06ebad6d/abdca5b3f356ac855eb0d/muted_mp4_med_size_1567763559_muted_med.mp4","audio":["https://coub-anubis-a.akamaized.net/coub_storage/coub/simple/cw_looped_audio_med/dfbba71758f/c9d371e787bc5e642b2be/1605449447_med_1446011366_med.mp3"]},"share":{"default":"https://coub-anubis-a.akamaized.net/coub_storage/coub/simple/cw_video_for_sharing/2b1b1db7c2b/be4848a6008a1bf82b7f1/1647391337_looped_1647391336.mp4"}},"audio_versions":{"template":"https://coub-anubis-a.akamaized.net/coub_storage/audio_track/cw_file/2236636df40/5dc0f253ac39ca34ce57b/mid_1471125494_audio.mp3","versions":["mid","low"]},"image_versions":{"template":"https://coub-anubis-a.akamaized.net/coub_storage/coub/simple/cw_image/bc8b02aa410/435d997575af96e46dfd9/1432658049_00031.jpg","versions":["micro","tiny","age_restricted","ios_large","ios_mosaic","big","med","small","pinterest"]},"first_frame_versions":{"template":"https://coub-anubis-a.akamaized.net/coub_storage/coub/simple/cw_timeline_pic/13f43a8b84b/c8ac6b21ac3eca50ca79e/%{version}_1432658046_image.jpg","versions":["big","med","small","ios_large"]},"dimensions":{"big":[1280,720],"med":[640,360]},"site_w_h":[640,360],"page_w_h":[640,360],"site_w_h_small":[310,174],"size":[1280,720],"age_restricted":false,"age_restricted_by_admin":false,"not_safe_for_work":false,"allow_reuse":false,"dont_crop":false,"banned":false,"global_safe":true,"audio_file_url":"https://coub-anubis-a.akamaized.net/coub_storage/audio_track/cw_file/2236636df40/5dc0f253ac39ca34ce57b/low_1471125494_audio.mp3","external_download":{"type":"Youtube","service_name":"YouTube","url":"http://www.youtube.com/watch?v=BsW6IGc4tt0","has_embed":true},"application":null,"channel":{"id":1462017,"permalink":"mihon4ik","title":"Michael","description":null,"followers_count":22,"following_count":8,"avatar_versions":{"template":"https://coubsecureassets-a.akamaihd.net/assets/default-avatars/77-28af3ecd85c053f7d0138a4e2c6bafe735b38dfee0c305864166570a767fd2dc.png"}},"file":null,"picture":"https://coub-anubis-a.akamaized.net/coub_storage/coub/simple/cw_image/bc8b02aa410/435d997575af96e46dfd9/1432658049_00031.jpg","timeline_picture":"https://coub-anubis-a.akamaized.net/coub_storage/coub/simple/cw_timeline_pic/13f43a8b84b/c8ac6b21ac3eca50ca79e/ios_large_1432658046_image.jpg","small_picture":"https://coub-anubis-a.akamaized.net/coub_storage/coub/simple/cw_image/bc8b02aa410/435d997575af96e46dfd9/1432658049_00031.jpg","sharing_picture":null,"percent_done":100,"tags":[{"id":284,"title":"earth","value":"earth"},{"id":897249,"title":"skybox imaging","value":"skybox%20imaging"},{"id":538276,"title":"satellite video","value":"satellite%20video"},{"id":13668,"title":"1080p","value":"1080p"},{"id":666649,"title":"satellite imagery","value":"satellite%20imagery"}],"categories":[{"id":9,"title":"Nature & Travel","permalink":"nature-travel","subscriptions_count":10070807,"big_image_url":"https://coub-anubis-a.akamaized.net/coub_storage/category/cw_image/a4b57370b28/3c9d9a8cf4246d5a30610/big_1545567929_Nature.png","small_image_url":"https://coub-anubis-a.akamaized.net/coub_storage/category/cw_image/a4b57370b28/3c9d9a8cf4246d5a30610/small_1545567929_Nature.png","med_image_url":"https://coub-anubis-a.akamaized.net/coub_storage/category/cw_image/a4b57370b28/3c9d9a8cf4246d5a30610/med_1545567929_Nature.png","visible":true}],"communities":[{"id":9,"title":"Nature & Travel","permalink":"nature-travel","subscriptions_count":10070807,"big_image_url":"https://coub-anubis-a.akamaized.net/coub_storage/category/cw_image/a4b57370b28/3c9d9a8cf4246d5a30610/big_1545567929_Nature.png","small_image_url":"https://coub-anubis-a.akamaized.net/coub_storage/category/cw_image/a4b57370b28/3c9d9a8cf4246d5a30610/small_1545567929_Nature.png","med_image_url":"https://coub-anubis-a.akamaized.net/coub_storage/category/cw_image/a4b57370b28/3c9d9a8cf4246d5a30610/med_1545567929_Nature.png","i_subscribed":true,"community_notifications_enabled":null,"description":null}],"recoubs_count":125,"remixes_count":0,"likes_count":663,"dislikes_count":0,"raw_video_id":1397412,"uploaded_by_ios_app":false,"uploaded_by_android_app":false,"media_blocks":{"uploaded_raw_videos":[],"external_raw_videos":[],"remixed_from_coubs":[],"audio_track":{"id":19567360,"title":"Ask The Mountains","url":"https://geo.itunes.apple.com/us/album/ask-the-mountains/id220242115?i=220242371&uo=4&at=10l5bB&app=music","image":"https://coub-anubis-a.akamaized.net/coub_storage/media_block/cw_image/f45075311c1/276e35929cd99f04ea308/1492089965_1471125529_1mlcpx9_att-url-download.jpg","image_retina":"https://coub-anubis-a.akamaized.net/coub_storage/media_block/cw_image/f45075311c1/276e35929cd99f04ea308/1492089965_1471125529_1mlcpx9_att-url-download.jpg","meta":{"year":null,"album":"Light & Shadow: The Best of Vangelis","title":"Ask The Mountains","artist":"Vangelis","echonest_id":null},"duration":null,"amazon_url":null,"google_play_url":null,"bandcamp_url":null,"soundcloud_url":null,"track_name":null,"track_artist":null,"track_album":null,"itunes_url":"https://geo.itunes.apple.com/us/album/ask-the-mountains/id220242115?i=220242371&uo=4&at=10l5bB&app=music"}},"raw_video_thumbnail_url":"/missing/missing.png","raw_video_title":"Looking Down From 600 km Above The Earth's Surface ","video_block_banned":false,"duration":9.8,"promo_winner":false,"promo_winner_recoubers":null,"editorial_info":{},"promo_hint":null,"beeline_best_2014":null,"from_web_editor":true,"normalize_sound":true,"normalize_change_allowed":true,"best2015_addable":false,"ahmad_promo":null,"promo_data":null,"audio_copyright_claim":null,"ads_disabled":null,"is_safe_for_ads":true,"megafon_contents":[],"position_on_page":1},{"flag":null,"abuses":null,"recoubs_by_users_channels":null,"favourite":false,"promoted_id":null,"recoub":null,"like":null,"dislike":null,"reaction":null,"in_my_best2015":false,"id":10052645,"type":"Coub::Simple","permalink":"5jbbp","title":"clouds","visibility_type":"public","original_visibility_type":"public","channel_id":1243625,"created_at":"2015-03-21T10:30:09Z","updated_at":"2022-03-05T23:40:19Z","is_done":true,"views_count":20409,"cotd":null,"cotd_at":null,"visible_on_explore_root":false,"visible_on_explore":false,"featured":false,"published":true,"published_at":"2015-03-21T10:30:09Z","reversed":true,"from_editor_v2":true,"is_editable":true,"original_sound":false,"has_sound":false,"recoub_to":null,"file_versions":{"html5":{"video":{"higher":{"url":"https://coub-anubis-a.akamaized.net/coub_storage/coub/simple/cw_file/8eeb934a1a8/c89dea51c4c54c83a0b5d/muted_mp4_huge_size_1567759673_muted_huge.mp4","size":4091175},"high":{"url":"https://coub-anubis-a.akamaized.net/coub_storage/coub/simple/cw_file/8eeb934a1a8/c89dea51c4c54c83a0b5d/muted_mp4_big_size_1567759673_muted_big.mp4","size":3084316},"med":{"url":"https://coub-anubis-a.akamaized.net/coub_storage/coub/simple/cw_file/8eeb934a1a8/c89dea51c4c54c83a0b5d/muted_mp4_med_size_1567759673_muted_med.mp4","size":686531}},"audio":{"high":{"url":"https://coub-anubis-a.akamaized.net/coub_storage/coub/simple/cw_looped_audio_high/9ed4318a79e/59752cd17690ee7527bdd/1605447976_high_1446026328_high.mp3","size":5948394},"med":{"url":"https://coub-anubis-a.akamaized.net/coub_storage/coub/simple/cw_looped_audio_med/c9ed10b44b1/c911a64b6dcbf077aa5ea/1605447975_med_1446026328_med.mp3","size":3965595}}},"mobile":{"video":"https://coub-anubis-a.akamaized.net/coub_storage/coub/simple/cw_file/8eeb934a1a8/c89dea51c4c54c83a0b5d/muted_mp4_med_size_1567759673_muted_med.mp4","audio":["https://coub-anubis-a.akamaized.net/coub_storage/coub/simple/cw_looped_audio_med/c9ed10b44b1/c911a64b6dcbf077aa5ea/1605447975_med_1446026328_med.mp3"]},"share":{"default":"https://coub-anubis-a.akamaized.net/coub_storage/coub/simple/cw_video_for_sharing/fbf43f46441/e4d41a3d9f1558f7ac155/1625007425_looped_1625007423.mp4"}},"audio_versions":{"template":"https://coub-anubis-a.akamaized.net/coub_storage/audio_track/cw_file/4b37948bf92/20b41443d1b476a288782/mid_1471118984_audio.mp3","versions":["mid","low"]},"image_versions":{"template":"https://coub-anubis-a.akamaized.net/coub_storage/coub/simple/cw_image/60017cb0341/124f916fc8ae71ba5b310/1426933920_00063.jpg","versions":["micro","tiny","age_restricted","ios_large","ios_mosaic","big","med","small","pinterest"]},"first_frame_versions":{"template":"https://coub-anubis-a.akamaized.net/coub_storage/coub/simple/cw_timeline_pic/60017cb0341/124f916fc8ae71ba5b310/%{version}_1426933918_image.jpg","versions":["big","med","small","ios_large"]},"dimensions":{"big":[1280,720],"med":[640,360]},"site_w_h":[640,360],"page_w_h":[640,360],"site_w_h_small":[310,174],"size":[1280,720],"age_restricted":false,"age_restricted_by_admin":false,"not_safe_for_work":false,"allow_reuse":false,"dont_crop":false,"banned":false,"global_safe":true,"audio_file_url":"https://coub-anubis-a.akamaized.net/coub_storage/audio_track/cw_file/4b37948bf92/20b41443d1b476a288782/low_1471118984_audio.mp3","external_download":{"type":"Vimeo","service_name":"Vimeo","url":"http://vimeo.com/76578073","has_embed":true},"application":null,"channel":{"id":1243625,"permalink":"s.drugov","title":"Lopyy","description":null,"followers_count":221,"following_count":52,"avatar_versions":{"template":"https://coub-anubis-a.akamaized.net/coub_storage/channel/cw_avatar/780bb3d9e49/e591f67b52a8a9117ee63/%{version}_1608914257_xeivjh_1503502942_cropped.jpeg","versions":["medium","medium_2x","profile_pic","profile_pic_new","profile_pic_new_2x","tiny","tiny_2x","small","small_2x","ios_large","ios_small"]}},"file":null,"picture":"https://coub-anubis-a.akamaized.net/coub_storage/coub/simple/cw_image/60017cb0341/124f916fc8ae71ba5b310/1426933920_00063.jpg","timeline_picture":"https://coub-anubis-a.akamaized.net/coub_storage/coub/simple/cw_timeline_pic/60017cb0341/124f916fc8ae71ba5b310/ios_large_1426933918_image.jpg","small_picture":"https://coub-anubis-a.akamaized.net/coub_storage/coub/simple/cw_image/60017cb0341/124f916fc8ae71ba5b310/1426933920_00063.jpg","sharing_picture":null,"percent_done":100,"tags":[{"id":2651,"title":"sky","value":"sky"},{"id":9780,"title":"flight","value":"flight"},{"id":34315,"title":"airplane","value":"airplane"},{"id":5508,"title":"clouds","value":"clouds"}],"categories":[{"id":9,"title":"Nature & Travel","permalink":"nature-travel","subscriptions_count":10070807,"big_image_url":"https://coub-anubis-a.akamaized.net/coub_storage/category/cw_image/a4b57370b28/3c9d9a8cf4246d5a30610/big_1545567929_Nature.png","small_image_url":"https://coub-anubis-a.akamaized.net/coub_storage/category/cw_image/a4b57370b28/3c9d9a8cf4246d5a30610/small_1545567929_Nature.png","med_image_url":"https://coub-anubis-a.akamaized.net/coub_storage/category/cw_image/a4b57370b28/3c9d9a8cf4246d5a30610/med_1545567929_Nature.png","visible":true}],"communities":[{"id":9,"title":"Nature & Travel","permalink":"nature-travel","subscriptions_count":10070807,"big_image_url":"https://coub-anubis-a.akamaized.net/coub_storage/category/cw_image/a4b57370b28/3c9d9a8cf4246d5a30610/big_1545567929_Nature.png","small_image_url":"https://coub-anubis-a.akamaized.net/coub_storage/category/cw_image/a4b57370b28/3c9d9a8cf4246d5a30610/small_1545567929_Nature.png","med_image_url":"https://coub-anubis-a.akamaized.net/coub_storage/category/cw_image/a4b57370b28/3c9d9a8cf4246d5a30610/med_1545567929_Nature.png","i_subscribed":true,"community_notifications_enabled":null,"description":null}],"recoubs_count":194,"remixes_count":3,"likes_count":663,"dislikes_count":0,"raw_video_id":1394924,"uploaded_by_ios_app":false,"uploaded_by_android_app":false,"media_blocks":{"uploaded_raw_videos":[],"external_raw_videos":[{"id":11876463,"title":"Miami // Curaçao","url":"http://vimeo.com/76578073","image":"https://coub-anubis-a.akamaized.net/coub_storage/media_block/cw_image/bc70079bbb4/d4dbcafc8ee4543a5432a/1488732608_1432599815_ujtke8_att-url-download.jpg","image_retina":"https://coub-anubis-a.akamaized.net/coub_storage/media_block/cw_image/bc70079bbb4/d4dbcafc8ee4543a5432a/1488732608_1432599815_ujtke8_att-url-download.jpg","meta":{"service":"Vimeo","duration":"37.28"},"duration":37.28,"raw_video_id":1394924,"has_embed":true}],"remixed_from_coubs":[],"external_video":{"id":11876463,"title":"Miami // Curaçao","url":"http://vimeo.com/76578073","image":"https://coub-anubis-a.akamaized.net/coub_storage/media_block/cw_image/bc70079bbb4/d4dbcafc8ee4543a5432a/1488732608_1432599815_ujtke8_att-url-download.jpg","image_retina":"https://coub-anubis-a.akamaized.net/coub_storage/media_block/cw_image/bc70079bbb4/d4dbcafc8ee4543a5432a/1488732608_1432599815_ujtke8_att-url-download.jpg","meta":{"service":"Vimeo","duration":"37.28"},"duration":37.28,"raw_video_id":1394924,"has_embed":true},"audio_track":{"id":19547075,"title":"About You","url":null,"image":null,"image_retina":null,"meta":{"year":null,"album":"Under The Pyramids: Low End Theory Japan 2013 Mix","title":"About You","artist":"XXYYXX","echonest_id":null},"duration":null,"amazon_url":null,"google_play_url":null,"bandcamp_url":null,"soundcloud_url":null,"track_name":null,"track_artist":null,"track_album":null,"itunes_url":null}},"raw_video_thumbnail_url":"/missing/missing.png","raw_video_title":"Miami // Curaçao","video_block_banned":false,"duration":20.08,"promo_winner":false,"promo_winner_recoubers":null,"editorial_info":{},"promo_hint":null,"beeline_best_2014":null,"from_web_editor":true,"normalize_sound":true,"normalize_change_allowed":true,"best2015_addable":false,"ahmad_promo":null,"promo_data":null,"audio_copyright_claim":null,"ads_disabled":null,"is_safe_for_ads":true,"megafon_contents":[],"position_on_page":2},{"flag":null,"abuses":null,"recoubs_by_users_channels":null,"favourite":false,"promoted_id":null,"recoub":null,"like":null,"dislike":null,"reaction":null,"in_my_best2015":false,"id":6622089,"type":"Coub::Simple","permalink":"3hs9t","title":"Summer time","visibility_type":"public","original_visibility_type":"public","channel_id":289206,"created_at":"2014-09-28T15:50:32Z","updated_at":"2022-03-08T15:28:32Z","is_done":true,"views_count":73900,"cotd":null,"cotd_at":null,"visible_on_explore_root":false,"visible_on_explore":false,"featured":false,"published":true,"published_at":"2014-09-28T15:50:32Z","reversed":false,"from_editor_v2":true,"is_editable":true,"original_sound":false,"has_sound":false,"recoub_to":null,"file_versions":{"html5":{"video":{"higher":{"url":"https://coub-anubis-a.akamaized.net/coub_storage/coub/simple/cw_file/85ecd3b2261/832d1268fa4b68b2f2d92/muted_mp4_huge_size_1567733055_muted_huge.mp4","size":2576305},"high":{"url":"https://coub-anubis-a.akamaized.net/coub_storage/coub/simple/cw_file/85ecd3b2261/832d1268fa4b68b2f2d92/muted_mp4_big_size_1567733055_muted_big.mp4","size":1838021},"med":{"url":"https://coub-anubis-a.akamaized.net/coub_storage/coub/simple/cw_file/85ecd3b2261/832d1268fa4b68b2f2d92/muted_mp4_med_size_1567733055_muted_med.mp4","size":546822}},"audio":{"high":{"url":"https://coub-anubis-a.akamaized.net/coub_storage/coub/simple/cw_looped_audio_high/874895ecd1d/6da29580b79238db6177f/1605435723_high_1471756698_high.mp3","size":1003234},"med":{"url":"https://coub-anubis-a.akamaized.net/coub_storage/coub/simple/cw_looped_audio_med/899f1a5073d/e053b7acbc69c4cc8e8bf/1605435722_med_1471756698_med.mp3","size":963848}}},"mobile":{"video":"https://coub-anubis-a.akamaized.net/coub_storage/coub/simple/cw_file/85ecd3b2261/832d1268fa4b68b2f2d92/muted_mp4_med_size_1567733055_muted_med.mp4","audio":["https://coub-anubis-a.akamaized.net/coub_storage/coub/simple/cw_looped_audio_med/899f1a5073d/e053b7acbc69c4cc8e8bf/1605435722_med_1471756698_med.mp3"]},"share":{"default":"https://coub-anubis-a.akamaized.net/coub_storage/coub/simple/cw_video_for_sharing/da649126a02/f390220fe91a397045c39/1614439205_looped_1614439203.mp4"}},"audio_versions":{"template":"https://coub-anubis-a.akamaized.net/coub_storage/coub/simple/cw_audio/36ac90d086d/9bc4d3db973a0db5ca732/mid_1471756616_out.mp3","versions":["mid","low"]},"image_versions":{"template":"https://coub-anubis-a.akamaized.net/coub_storage/coub/simple/cw_image/7aa52b7f53e/71c087eecb720bff97096/1471756593_00026.jpg","versions":["micro","tiny","age_restricted","ios_large","ios_mosaic","big","med","small","pinterest"]},"first_frame_versions":{"template":"https://coub-anubis-a.akamaized.net/coub_storage/coub/simple/cw_timeline_pic/015e9df81ad/d0f2b65a65eefb936acaa/%{version}_1471756612_image.jpg","versions":["big","med","small","ios_large"]},"dimensions":{"big":[1280,720],"med":[640,360]},"site_w_h":[640,360],"page_w_h":[640,360],"site_w_h_small":[310,174],"size":[1280,720],"age_restricted":false,"age_restricted_by_admin":false,"not_safe_for_work":null,"allow_reuse":false,"dont_crop":false,"banned":false,"global_safe":true,"audio_file_url":"https://coub-anubis-a.akamaized.net/coub_storage/coub/simple/cw_audio/36ac90d086d/9bc4d3db973a0db5ca732/low_1471756616_out.mp3","external_download":false,"application":null,"channel":{"id":289206,"permalink":"welovecoubs","title":"Riddle Box","description":"Archive channel","followers_count":304,"following_count":0,"avatar_versions":{"template":"https://coub-anubis-a.akamaized.net/coub_storage/channel/cw_avatar/b105163b345/a2484fe3bf3d27f871fa3/%{version}_1501328284_rbox_logo.png","versions":["medium","medium_2x","profile_pic","profile_pic_new","profile_pic_new_2x","tiny","tiny_2x","small","small_2x","ios_large","ios_small"]}},"file":null,"picture":"https://coub-anubis-a.akamaized.net/coub_storage/coub/simple/cw_image/7aa52b7f53e/71c087eecb720bff97096/1471756593_00026.jpg","timeline_picture":"https://coub-anubis-a.akamaized.net/coub_storage/coub/simple/cw_timeline_pic/015e9df81ad/d0f2b65a65eefb936acaa/ios_large_1471756612_image.jpg","small_picture":"https://coub-anubis-a.akamaized.net/coub_storage/coub/simple/cw_image/7aa52b7f53e/71c087eecb720bff97096/1471756593_00026.jpg","sharing_picture":null,"percent_done":100,"tags":[{"id":75427,"title":"hnhd","value":"hnhd"},{"id":1671,"title":"extreme","value":"extreme"},{"id":268,"title":"summer","value":"summer"},{"id":8435,"title":"bob","value":"bob"},{"id":986,"title":"fly","value":"fly"},{"id":12034,"title":"jumping","value":"jumping"},{"id":1327,"title":"jump","value":"jump"}],"categories":[{"id":9,"title":"Nature & Travel","permalink":"nature-travel","subscriptions_count":10070807,"big_image_url":"https://coub-anubis-a.akamaized.net/coub_storage/category/cw_image/a4b57370b28/3c9d9a8cf4246d5a30610/big_1545567929_Nature.png","small_image_url":"https://coub-anubis-a.akamaized.net/coub_storage/category/cw_image/a4b57370b28/3c9d9a8cf4246d5a30610/small_1545567929_Nature.png","med_image_url":"https://coub-anubis-a.akamaized.net/coub_storage/category/cw_image/a4b57370b28/3c9d9a8cf4246d5a30610/med_1545567929_Nature.png","visible":true}],"communities":[{"id":9,"title":"Nature & Travel","permalink":"nature-travel","subscriptions_count":10070807,"big_image_url":"https://coub-anubis-a.akamaized.net/coub_storage/category/cw_image/a4b57370b28/3c9d9a8cf4246d5a30610/big_1545567929_Nature.png","small_image_url":"https://coub-anubis-a.akamaized.net/coub_storage/category/cw_image/a4b57370b28/3c9d9a8cf4246d5a30610/small_1545567929_Nature.png","med_image_url":"https://coub-anubis-a.akamaized.net/coub_storage/category/cw_image/a4b57370b28/3c9d9a8cf4246d5a30610/med_1545567929_Nature.png","i_subscribed":true,"community_notifications_enabled":null,"description":null}],"recoubs_count":160,"remixes_count":0,"likes_count":663,"dislikes_count":0,"raw_video_id":863969,"uploaded_by_ios_app":false,"uploaded_by_android_app":false,"media_blocks":{"uploaded_raw_videos":[],"external_raw_videos":[],"remixed_from_coubs":[],"audio_track":{"id":19383629,"title":"Can I Fly","url":"https://geo.itunes.apple.com/us/music-video/can-i-fly/id403737577?uo=4&at=10l5bB&app=music","image":"https://coub-anubis-a.akamaized.net/coub_storage/media_block/cw_image/02c80531564/789cdfd3ba62d1ed02338/1492078866_1471280126_1r4cxn_att-url-download.jpg","image_retina":"https://coub-anubis-a.akamaized.net/coub_storage/media_block/cw_image/02c80531564/789cdfd3ba62d1ed02338/1492078866_1471280126_1r4cxn_att-url-download.jpg","meta":{"year":null,"album":null,"title":"Can I Fly","artist":"B.o.B","echonest_id":"SOMXPYO13753B925CB"},"duration":null,"amazon_url":null,"google_play_url":null,"bandcamp_url":null,"soundcloud_url":null,"track_name":null,"track_artist":null,"track_album":null,"itunes_url":"https://geo.itunes.apple.com/us/music-video/can-i-fly/id403737577?uo=4&at=10l5bB&app=music"}},"raw_video_thumbnail_url":"/missing/missing.png","raw_video_title":"Summer Extreme.mp4","video_block_banned":false,"duration":8.24,"promo_winner":false,"promo_winner_recoubers":null,"editorial_info":{},"promo_hint":null,"beeline_best_2014":null,"from_web_editor":true,"normalize_sound":true,"normalize_change_allowed":true,"best2015_addable":false,"ahmad_promo":null,"promo_data":null,"audio_copyright_claim":null,"ads_disabled":null,"is_safe_for_ads":true,"megafon_contents":[],"position_on_page":3},{"flag":null,"abuses":null,"recoubs_by_users_channels":null,"favourite":false,"promoted_id":null,"recoub":null,"like":null,"dislike":null,"reaction":null,"in_my_best2015":false,"id":3102148,"type":"Coub::Simple","permalink":"1ec8w","title":"Ocean","visibility_type":"public","original_visibility_type":"public","channel_id":1169500,"created_at":"2014-04-21T13:11:32Z","updated_at":"2022-03-09T06:53:33Z","is_done":true,"views_count":60226,"cotd":null,"cotd_at":null,"visible_on_explore_root":true,"visible_on_explore":true,"featured":true,"published":true,"published_at":"2014-04-21T13:11:32Z","reversed":false,"from_editor_v2":true,"is_editable":true,"original_sound":false,"has_sound":false,"recoub_to":null,"file_versions":{"html5":{"video":{"higher":{"url":"https://coub-anubis-a.akamaized.net/coub_storage/coub/simple/cw_file/2250eef648e/8edf4ae9e05ff38c9e799/muted_mp4_huge_size_1567706224_muted_huge.mp4","size":489052},"high":{"url":"https://coub-anubis-a.akamaized.net/coub_storage/coub/simple/cw_file/2250eef648e/8edf4ae9e05ff38c9e799/muted_mp4_big_size_1567706224_muted_big.mp4","size":353067},"med":{"url":"https://coub-anubis-a.akamaized.net/coub_storage/coub/simple/cw_file/2250eef648e/8edf4ae9e05ff38c9e799/muted_mp4_med_size_1567706224_muted_med.mp4","size":121713}},"audio":{"high":{"url":"https://coub-anubis-a.akamaized.net/coub_storage/coub/simple/cw_looped_audio_high/4724aaf760e/2200c2f9b0f6acc899ea9/1605427340_high_1445983631_high.mp3","size":5102653},"med":{"url":"https://coub-anubis-a.akamaized.net/coub_storage/coub/simple/cw_looped_audio_med/41b43f9ece9/40e0238bd16db9bd74317/1605427340_med_1445983631_med.mp3","size":3401768}}},"mobile":{"video":"https://coub-anubis-a.akamaized.net/coub_storage/coub/simple/cw_file/2250eef648e/8edf4ae9e05ff38c9e799/muted_mp4_med_size_1567706224_muted_med.mp4","audio":["https://coub-anubis-a.akamaized.net/coub_storage/coub/simple/cw_looped_audio_med/41b43f9ece9/40e0238bd16db9bd74317/1605427340_med_1445983631_med.mp3"]},"share":{"default":"https://coub-anubis-a.akamaized.net/coub_storage/coub/simple/cw_video_for_sharing/1f8ee193e91/2dca9a698004f80080e3a/1623050356_looped_1623050353.mp4"}},"audio_versions":{"template":"https://coub-anubis-a.akamaized.net/coub_storage/coub/simple/cw_audio/cd07fe273ba/375c2239cb52af0ca6c3d/mid_1406429026_1400762115_out.mp3","versions":["mid","low"]},"image_versions":{"template":"https://coub-anubis-a.akamaized.net/coub_storage/coub/simple/cw_image/cd07fe273ba/375c2239cb52af0ca6c3d/1411050620_1398085916_00004.jpg","versions":["micro","tiny","age_restricted","ios_large","ios_mosaic","big","med","small","pinterest"]},"first_frame_versions":{"template":"https://coub-anubis-a.akamaized.net/coub_storage/coub/simple/cw_timeline_pic/cd07fe273ba/375c2239cb52af0ca6c3d/%{version}_1411418155_1398085916_image.jpg","versions":["big","med","small","ios_large"]},"dimensions":{"big":[1280,686],"med":[640,342]},"site_w_h":[640,343],"page_w_h":[640,343],"site_w_h_small":[310,166],"size":[1280,686],"age_restricted":false,"age_restricted_by_admin":false,"not_safe_for_work":null,"allow_reuse":false,"dont_crop":false,"banned":false,"global_safe":true,"audio_file_url":"https://coub-anubis-a.akamaized.net/coub_storage/coub/simple/cw_audio/cd07fe273ba/375c2239cb52af0ca6c3d/low_1406429026_1400762115_out.mp3","external_download":false,"application":null,"channel":{"id":1169500,"permalink":"drewmatv","title":"Drew Matveev","description":"enjoy lads","followers_count":13165,"following_count":47,"avatar_versions":{"template":"https://coub-anubis-a.akamaized.net/coub_storage/channel/cw_avatar/0874baa346d/9389edb66db48382acc1f/%{version}_1607432559_t2c2xi_1532007285_PNTA8qdr_0A.jpg","versions":["medium","medium_2x","profile_pic","profile_pic_new","profile_pic_new_2x","tiny","tiny_2x","small","small_2x","ios_large","ios_small"]}},"file":null,"picture":"https://coub-anubis-a.akamaized.net/coub_storage/coub/simple/cw_image/cd07fe273ba/375c2239cb52af0ca6c3d/1411050620_1398085916_00004.jpg","timeline_picture":"https://coub-anubis-a.akamaized.net/coub_storage/coub/simple/cw_timeline_pic/cd07fe273ba/375c2239cb52af0ca6c3d/ios_large_1411418155_1398085916_image.jpg","small_picture":"https://coub-anubis-a.akamaized.net/coub_storage/coub/simple/cw_image/cd07fe273ba/375c2239cb52af0ca6c3d/1411050620_1398085916_00004.jpg","sharing_picture":null,"percent_done":100,"tags":[{"id":422,"title":"rain","value":"rain"},{"id":1561,"title":"ocean","value":"ocean"}],"categories":[{"id":9,"title":"Nature & Travel","permalink":"nature-travel","subscriptions_count":10070807,"big_image_url":"https://coub-anubis-a.akamaized.net/coub_storage/category/cw_image/a4b57370b28/3c9d9a8cf4246d5a30610/big_1545567929_Nature.png","small_image_url":"https://coub-anubis-a.akamaized.net/coub_storage/category/cw_image/a4b57370b28/3c9d9a8cf4246d5a30610/small_1545567929_Nature.png","med_image_url":"https://coub-anubis-a.akamaized.net/coub_storage/category/cw_image/a4b57370b28/3c9d9a8cf4246d5a30610/med_1545567929_Nature.png","visible":true}],"communities":[{"id":9,"title":"Nature & Travel","permalink":"nature-travel","subscriptions_count":10070807,"big_image_url":"https://coub-anubis-a.akamaized.net/coub_storage/category/cw_image/a4b57370b28/3c9d9a8cf4246d5a30610/big_1545567929_Nature.png","small_image_url":"https://coub-anubis-a.akamaized.net/coub_storage/category/cw_image/a4b57370b28/3c9d9a8cf4246d5a30610/small_1545567929_Nature.png","med_image_url":"https://coub-anubis-a.akamaized.net/coub_storage/category/cw_image/a4b57370b28/3c9d9a8cf4246d5a30610/med_1545567929_Nature.png","i_subscribed":true,"community_notifications_enabled":null,"description":null}],"recoubs_count":151,"remixes_count":1,"likes_count":663,"dislikes_count":0,"raw_video_id":603884,"uploaded_by_ios_app":false,"uploaded_by_android_app":false,"media_blocks":{"uploaded_raw_videos":[],"external_raw_videos":[],"remixed_from_coubs":[],"audio_track":{"id":19264749,"title":"Locke'd Out Again","url":null,"image":"https://coub-anubis-a.akamaized.net/coub_storage/media_block/cw_image/b3a946a8977/cfeffccd126dbe30a1323/1492065164_1407424650_1398085866_1vbw8wz_att-url-download.jpg","image_retina":"https://coub-anubis-a.akamaized.net/coub_storage/media_block/cw_image/b3a946a8977/cfeffccd126dbe30a1323/1492065164_1407424650_1398085866_1vbw8wz_att-url-download.jpg","meta":{"year":null,"album":null,"title":"Locke'd Out Again","artist":"Michael Giacchino","echonest_id":null},"duration":null,"amazon_url":null,"google_play_url":null,"bandcamp_url":null,"soundcloud_url":null,"track_name":null,"track_artist":null,"track_album":null,"itunes_url":null}},"raw_video_thumbnail_url":"/missing/missing.png","raw_video_title":"ocean.mp4","video_block_banned":false,"duration":1.08,"promo_winner":false,"promo_winner_recoubers":null,"editorial_info":{},"promo_hint":null,"beeline_best_2014":null,"from_web_editor":true,"normalize_sound":true,"normalize_change_allowed":true,"best2015_addable":false,"ahmad_promo":null,"promo_data":null,"audio_copyright_claim":null,"ads_disabled":null,"is_safe_for_ads":true,"megafon_contents":[],"position_on_page":4},{"flag":null,"abuses":null,"recoubs_by_users_channels":null,"favourite":false,"promoted_id":null,"recoub":null,"like":null,"dislike":null,"reaction":null,"in_my_best2015":false,"id":123668098,"type":"Coub::Simple","permalink":"218ez8","title":"Sweden and Norway","visibility_type":"public","original_visibility_type":"public","channel_id":4764844,"created_at":"2019-09-15T04:11:27Z","updated_at":"2022-01-31T10:37:03Z","is_done":true,"views_count":66217,"cotd":null,"cotd_at":null,"visible_on_explore_root":false,"visible_on_explore":false,"featured":false,"published":true,"published_at":"2019-09-16T04:00:00Z","reversed":false,"from_editor_v2":true,"is_editable":true,"original_sound":false,"has_sound":false,"recoub_to":null,"file_versions":{"html5":{"video":{"higher":{"url":"https://coub-anubis-a.akamaized.net/coub_storage/coub/simple/cw_file/00babb2e9ab/d832a9725c3abba7300ef/muted_mp4_huge_size_1568521238_muted_huge.mp4","size":3865568},"high":{"url":"https://coub-anubis-a.akamaized.net/coub_storage/coub/simple/cw_file/00babb2e9ab/d832a9725c3abba7300ef/muted_mp4_big_size_1568521238_muted_big.mp4","size":3178841},"med":{"url":"https://coub-anubis-a.akamaized.net/coub_storage/coub/simple/cw_file/00babb2e9ab/d832a9725c3abba7300ef/muted_mp4_med_size_1568521238_muted_med.mp4","size":768994}},"audio":{"high":{"url":"https://coub-anubis-a.akamaized.net/coub_storage/coub/simple/cw_looped_audio_high/69529b1e801/07778f16979effe7152f9/1605690002_high_1568521292_high.mp3","size":8101584},"med":{"url":"https://coub-anubis-a.akamaized.net/coub_storage/coub/simple/cw_looped_audio_med/4c3bce93600/694949b4a26503fe66ee6/1605690000_med_1568521292_med.mp3","size":5816316}}},"mobile":{"video":"https://coub-anubis-a.akamaized.net/coub_storage/coub/simple/cw_file/00babb2e9ab/d832a9725c3abba7300ef/muted_mp4_med_size_1568521238_muted_med.mp4","audio":["https://coub-anubis-a.akamaized.net/coub_storage/coub/simple/cw_looped_audio_med/4c3bce93600/694949b4a26503fe66ee6/1605690000_med_1568521292_med.mp3"]},"share":{"default":"https://coub-anubis-a.akamaized.net/coub_storage/coub/simple/cw_video_for_sharing/f46ccf29cbb/22cfb3913ccfed7a539a7/1610912869_looped_1610912868.mp4"}},"audio_versions":{"template":"https://coub-anubis-a.akamaized.net/coub_storage/audio_track/cw_file/2eaa7cefb22/ac17936f8fbce6b726a9c/mid_1568521246_rqpumn_edited.mp3","versions":["mid","low"]},"image_versions":{"template":"https://coub-anubis-a.akamaized.net/coub_storage/coub/simple/cw_image/dd9a4fb8e1b/75033ea856a505766c9cc/1568521319_00028.jpg","versions":["micro","tiny","age_restricted","ios_large","ios_mosaic","big","med","small","pinterest"]},"first_frame_versions":{"template":"https://coub-anubis-a.akamaized.net/coub_storage/coub/simple/cw_timeline_pic/df5a73d2132/4b8725915da27ba26d5bb/%{version}_1568521318_image.jpg","versions":["big","med","small","ios_large"]},"dimensions":{"big":[1280,720],"med":[640,360]},"site_w_h":[640,360],"page_w_h":[640,360],"site_w_h_small":[310,174],"size":[1280,720],"age_restricted":false,"age_restricted_by_admin":false,"not_safe_for_work":false,"allow_reuse":false,"dont_crop":false,"banned":false,"global_safe":true,"audio_file_url":"https://coub-anubis-a.akamaized.net/coub_storage/audio_track/cw_file/2eaa7cefb22/ac17936f8fbce6b726a9c/low_1568521246_rqpumn_edited.mp3","external_download":{"type":"Youtube","service_name":"YouTube","url":"https://www.youtube.com/watch?v=A4p4xy8KMc8","has_embed":true},"application":null,"channel":{"id":4764844,"permalink":"--rane--","title":"Rane","description":null,"followers_count":236,"following_count":0,"avatar_versions":{"template":"https://coub-anubis-a.akamaized.net/coub_storage/channel/cw_avatar/4d1f584d336/986ca7860cc5cdb5c7b77/%{version}_1630232454_C1zfen5jsRc.jpg","versions":["medium","medium_2x","profile_pic","profile_pic_new","profile_pic_new_2x","tiny","tiny_2x","small","small_2x","ios_large","ios_small"]}},"file":null,"picture":"https://coub-anubis-a.akamaized.net/coub_storage/coub/simple/cw_image/dd9a4fb8e1b/75033ea856a505766c9cc/1568521319_00028.jpg","timeline_picture":"https://coub-anubis-a.akamaized.net/coub_storage/coub/simple/cw_timeline_pic/df5a73d2132/4b8725915da27ba26d5bb/ios_large_1568521318_image.jpg","small_picture":"https://coub-anubis-a.akamaized.net/coub_storage/coub/simple/cw_image/dd9a4fb8e1b/75033ea856a505766c9cc/1568521319_00028.jpg","sharing_picture":null,"percent_done":100,"tags":[{"id":5206532,"title":"lmc caravan","value":"lmc%20caravan"},{"id":5206533,"title":"womo","value":"womo"},{"id":4546054,"title":"wohnmobil","value":"wohnmobil"},{"id":942113,"title":"schweden","value":"schweden"},{"id":455913,"title":"norwegen","value":"norwegen"},{"id":314653,"title":"dänemark","value":"d%C3%A4nemark"},{"id":64856,"title":"deutschland","value":"deutschland"},{"id":5206534,"title":"zelten","value":"zelten"},{"id":37386,"title":"camping","value":"camping"},{"id":127243,"title":"urlaub","value":"urlaub"},{"id":1355,"title":"holiday","value":"holiday"},{"id":23729,"title":"vacation","value":"vacation"},{"id":20200,"title":"adac","value":"adac"},{"id":5206535,"title":"urlaub mit dem wohnmobil","value":"urlaub%20mit%20dem%20wohnmobil"},{"id":3076231,"title":"wohnwagen","value":"wohnwagen"},{"id":45073,"title":"autobahn","value":"autobahn"},{"id":936422,"title":"scenic drive","value":"scenic%20drive"},{"id":81443,"title":"camper","value":"camper"},{"id":1275771,"title":"camping car","value":"camping%20car"},{"id":5206536,"title":"pössl","value":"p%C3%B6ssl"},{"id":3124,"title":"van","value":"van"},{"id":5206537,"title":"hymner","value":"hymner"},{"id":5206538,"title":"erwin hymner group","value":"erwin%20hymner%20group"},{"id":5206539,"title":"sassenberg","value":"sassenberg"},{"id":1094,"title":"nature","value":"nature"},{"id":2940,"title":"travel","value":"travel"},{"id":1982,"title":"song","value":"song"},{"id":5206582,"title":"danheim-lifa daudr","value":"danheim-lifa%20daudr"}],"categories":[{"id":9,"title":"Nature & Travel","permalink":"nature-travel","subscriptions_count":10070807,"big_image_url":"https://coub-anubis-a.akamaized.net/coub_storage/category/cw_image/a4b57370b28/3c9d9a8cf4246d5a30610/big_1545567929_Nature.png","small_image_url":"https://coub-anubis-a.akamaized.net/coub_storage/category/cw_image/a4b57370b28/3c9d9a8cf4246d5a30610/small_1545567929_Nature.png","med_image_url":"https://coub-anubis-a.akamaized.net/coub_storage/category/cw_image/a4b57370b28/3c9d9a8cf4246d5a30610/med_1545567929_Nature.png","visible":true}],"communities":[{"id":9,"title":"Nature & Travel","permalink":"nature-travel","subscriptions_count":10070807,"big_image_url":"https://coub-anubis-a.akamaized.net/coub_storage/category/cw_image/a4b57370b28/3c9d9a8cf4246d5a30610/big_1545567929_Nature.png","small_image_url":"https://coub-anubis-a.akamaized.net/coub_storage/category/cw_image/a4b57370b28/3c9d9a8cf4246d5a30610/small_1545567929_Nature.png","med_image_url":"https://coub-anubis-a.akamaized.net/coub_storage/category/cw_image/a4b57370b28/3c9d9a8cf4246d5a30610/med_1545567929_Nature.png","i_subscribed":true,"community_notifications_enabled":null,"description":null}],"recoubs_count":146,"remixes_count":1,"likes_count":662,"dislikes_count":0,"raw_video_id":14224239,"uploaded_by_ios_app":false,"uploaded_by_android_app":false,"media_blocks":{"uploaded_raw_videos":[],"external_raw_videos":[{"id":33230887,"title":"Scandinavian Road Trip 2018 - Midsummer in Sweden and Norway","url":"https://www.youtube.com/watch?v=A4p4xy8KMc8","image":"https://coub-anubis-a.akamaized.net/coub_storage/media_block/cw_image/7f923c403f0/cbccc34b05e4dadd6274b/1568518315_1drc838_1568518209_hkbdf6_att-url-download.jpg","image_retina":"https://coub-anubis-a.akamaized.net/coub_storage/media_block/cw_image/7f923c403f0/cbccc34b05e4dadd6274b/1568518315_1drc838_1568518209_hkbdf6_att-url-download.jpg","meta":{"service":"Youtube","duration":"133.12"},"duration":133.12,"raw_video_id":14224239,"has_embed":true}],"remixed_from_coubs":[],"external_video":{"id":33230887,"title":"Scandinavian Road Trip 2018 - Midsummer in Sweden and Norway","url":"https://www.youtube.com/watch?v=A4p4xy8KMc8","image":"https://coub-anubis-a.akamaized.net/coub_storage/media_block/cw_image/7f923c403f0/cbccc34b05e4dadd6274b/1568518315_1drc838_1568518209_hkbdf6_att-url-download.jpg","image_retina":"https://coub-anubis-a.akamaized.net/coub_storage/media_block/cw_image/7f923c403f0/cbccc34b05e4dadd6274b/1568518315_1drc838_1568518209_hkbdf6_att-url-download.jpg","meta":{"service":"Youtube","duration":"133.12"},"duration":133.12,"raw_video_id":14224239,"has_embed":true}},"raw_video_thumbnail_url":"/missing/missing.png","raw_video_title":"Scandinavian Road Trip 2018 - Midsummer in Sweden and Norway","video_block_banned":false,"duration":8.68,"promo_winner":false,"promo_winner_recoubers":null,"editorial_info":{},"promo_hint":null,"beeline_best_2014":null,"from_web_editor":true,"normalize_sound":false,"normalize_change_allowed":true,"best2015_addable":false,"ahmad_promo":null,"promo_data":null,"audio_copyright_claim":null,"ads_disabled":false,"is_safe_for_ads":true,"megafon_contents":[],"position_on_page":5},{"flag":null,"abuses":null,"recoubs_by_users_channels":null,"favourite":false,"promoted_id":null,"recoub":null,"like":null,"dislike":null,"reaction":null,"in_my_best2015":false,"id":111826259,"type":"Coub::Simple","permalink":"1u670p","title":"forever young","visibility_type":"public","original_visibility_type":"public","channel_id":3856597,"created_at":"2019-05-13T21:16:09Z","updated_at":"2022-03-08T10:29:09Z","is_done":true,"views_count":33638,"cotd":null,"cotd_at":null,"visible_on_explore_root":false,"visible_on_explore":false,"featured":false,"published":true,"published_at":"2019-05-13T21:16:09Z","reversed":false,"from_editor_v2":true,"is_editable":true,"original_sound":false,"has_sound":false,"recoub_to":null,"file_versions":{"html5":{"video":{"higher":{"url":"https://coub-anubis-a.akamaized.net/coub_storage/coub/simple/cw_file/427eb466df6/84c611fd9ff55406c0383/muted_mp4_huge_size_1573403149_muted_huge.mp4","size":2074776},"high":{"url":"https://coub-anubis-a.akamaized.net/coub_storage/coub/simple/cw_file/427eb466df6/84c611fd9ff55406c0383/muted_mp4_big_size_1573403149_muted_big.mp4","size":1441922},"med":{"url":"https://coub-anubis-a.akamaized.net/coub_storage/coub/simple/cw_file/427eb466df6/84c611fd9ff55406c0383/muted_mp4_med_size_1573403149_muted_med.mp4","size":376846}},"audio":{"high":{"url":"https://coub-anubis-a.akamaized.net/coub_storage/coub/simple/cw_looped_audio_high/4d0a691d1d8/16b2d575a8d6cd1e129c1/1605672578_high_1557782204_high.mp3","size":4287670},"med":{"url":"https://coub-anubis-a.akamaized.net/coub_storage/coub/simple/cw_looped_audio_med/06e8e2a9f63/f1c968ec4af150e3a330e/1605672575_med_1557782204_med.mp3","size":3072168}}},"mobile":{"video":"https://coub-anubis-a.akamaized.net/coub_storage/coub/simple/cw_file/427eb466df6/84c611fd9ff55406c0383/muted_mp4_med_size_1573403149_muted_med.mp4","audio":["https://coub-anubis-a.akamaized.net/coub_storage/coub/simple/cw_looped_audio_med/06e8e2a9f63/f1c968ec4af150e3a330e/1605672575_med_1557782204_med.mp3"]},"share":{"default":"https://coub-anubis-a.akamaized.net/coub_storage/coub/simple/cw_video_for_sharing/be01dd1a44b/baef81df6ab7f8d6392e2/1625333609_looped_1625333608.mp4"}},"audio_versions":{"template":"https://coub-anubis-a.akamaized.net/coub_storage/audio_track/cw_normalized_copy/5544614a2c6/4a6c33c9afdfa7b9eeec2/mid_1557782190_normalized_1557781966_audio.mp3","versions":["mid","low"]},"image_versions":{"template":"https://coub-anubis-a.akamaized.net/coub_storage/coub/simple/cw_image/d1fdacf0fc2/18fbfda2dc2bbbf573791/1557782217_00032.jpg","versions":["micro","tiny","age_restricted","ios_large","ios_mosaic","big","med","small","pinterest"]},"first_frame_versions":{"template":"https://coub-anubis-a.akamaized.net/coub_storage/coub/simple/cw_timeline_pic/ebcea547bf8/794c4b712771883c01ea5/%{version}_1557782217_image.jpg","versions":["big","med","small","ios_large"]},"dimensions":{"big":[1280,720],"med":[640,360]},"site_w_h":[640,360],"page_w_h":[640,360],"site_w_h_small":[310,174],"size":[1280,720],"age_restricted":false,"age_restricted_by_admin":false,"not_safe_for_work":false,"allow_reuse":false,"dont_crop":false,"banned":false,"global_safe":true,"audio_file_url":"https://coub-anubis-a.akamaized.net/coub_storage/audio_track/cw_normalized_copy/5544614a2c6/4a6c33c9afdfa7b9eeec2/low_1557782190_normalized_1557781966_audio.mp3","external_download":false,"application":null,"channel":{"id":3856597,"permalink":"jurij-muhin6","title":"Yuriy Muhin","description":"Канал морской тоски и морского одиночества","followers_count":52,"following_count":31,"avatar_versions":{"template":"https://coub-anubis-a.akamaized.net/coub_storage/channel/cw_avatar/1b62c92afe6/846c1a93d13ab8975e193/%{version}_1637612342_IMG_20180412_172350.jpg","versions":["medium","medium_2x","profile_pic","profile_pic_new","profile_pic_new_2x","tiny","tiny_2x","small","small_2x","ios_large","ios_small"]}},"file":null,"picture":"https://coub-anubis-a.akamaized.net/coub_storage/coub/simple/cw_image/d1fdacf0fc2/18fbfda2dc2bbbf573791/1557782217_00032.jpg","timeline_picture":"https://coub-anubis-a.akamaized.net/coub_storage/coub/simple/cw_timeline_pic/ebcea547bf8/794c4b712771883c01ea5/ios_large_1557782217_image.jpg","small_picture":"https://coub-anubis-a.akamaized.net/coub_storage/coub/simple/cw_image/d1fdacf0fc2/18fbfda2dc2bbbf573791/1557782217_00032.jpg","sharing_picture":null,"percent_done":100,"tags":[{"id":41698,"title":"hybrid","value":"hybrid"},{"id":372123,"title":"radio coubs","value":"radio%20coubs"},{"id":143722,"title":"forever young","value":"forever%20young"},{"id":4047864,"title":"just of two of us","value":"just%20of%20two%20of%20us"},{"id":129548,"title":"shape of my heart","value":"shape%20of%20my%20heart"},{"id":837722,"title":"let the music play","value":"let%20the%20music%20play"},{"id":4542,"title":"sunny","value":"sunny"},{"id":686465,"title":"coub picks","value":"coub%20picks"}],"categories":[{"id":9,"title":"Nature & Travel","permalink":"nature-travel","subscriptions_count":10070807,"big_image_url":"https://coub-anubis-a.akamaized.net/coub_storage/category/cw_image/a4b57370b28/3c9d9a8cf4246d5a30610/big_1545567929_Nature.png","small_image_url":"https://coub-anubis-a.akamaized.net/coub_storage/category/cw_image/a4b57370b28/3c9d9a8cf4246d5a30610/small_1545567929_Nature.png","med_image_url":"https://coub-anubis-a.akamaized.net/coub_storage/category/cw_image/a4b57370b28/3c9d9a8cf4246d5a30610/med_1545567929_Nature.png","visible":true}],"communities":[{"id":9,"title":"Nature & Travel","permalink":"nature-travel","subscriptions_count":10070807,"big_image_url":"https://coub-anubis-a.akamaized.net/coub_storage/category/cw_image/a4b57370b28/3c9d9a8cf4246d5a30610/big_1545567929_Nature.png","small_image_url":"https://coub-anubis-a.akamaized.net/coub_storage/category/cw_image/a4b57370b28/3c9d9a8cf4246d5a30610/small_1545567929_Nature.png","med_image_url":"https://coub-anubis-a.akamaized.net/coub_storage/category/cw_image/a4b57370b28/3c9d9a8cf4246d5a30610/med_1545567929_Nature.png","i_subscribed":true,"community_notifications_enabled":null,"description":null}],"recoubs_count":64,"remixes_count":0,"likes_count":662,"dislikes_count":0,"raw_video_id":"","uploaded_by_ios_app":false,"uploaded_by_android_app":false,"media_blocks":{"uploaded_raw_videos":[],"external_raw_videos":[],"remixed_from_coubs":[{"id":26849009,"title":"4ever youg","url":"https://coub.com/coubs/19gvt8/remix","image":"https://coub-anubis-a.akamaized.net/coub_storage/media_block/cw_image/2bd0b008e33/c235e3e2c9a571dd60c73/1528886857_1528886845_00032.jpg","image_retina":"https://coub-anubis-a.akamaized.net/coub_storage/media_block/cw_image/2bd0b008e33/c235e3e2c9a571dd60c73/1528886857_1528886845_00032.jpg","meta":{"duration":"10.0"},"duration":null,"coub_channel_title":"Poison Lips","coub_channel_permalink":"poison-lips","coub_views_count":250117,"coub_permalink":"19gvt8"}]},"raw_video_thumbnail_url":"","raw_video_title":"","video_block_banned":false,"duration":10.0,"promo_winner":false,"promo_winner_recoubers":null,"editorial_info":{},"promo_hint":null,"beeline_best_2014":null,"from_web_editor":true,"normalize_sound":true,"normalize_change_allowed":true,"best2015_addable":false,"ahmad_promo":null,"promo_data":null,"audio_copyright_claim":null,"ads_disabled":false,"is_safe_for_ads":true,"megafon_contents":[],"position_on_page":6},{"flag":null,"abuses":null,"recoubs_by_users_channels":null,"favourite":false,"promoted_id":null,"recoub":null,"like":null,"dislike":null,"reaction":null,"in_my_best2015":false,"id":91415475,"type":"Coub::Simple","permalink":"1i0pu2","title":"Dunes - Sand Skiing in Peru","visibility_type":"public","original_visibility_type":"public","channel_id":4277718,"created_at":"2018-11-15T18:55:35Z","updated_at":"2022-03-04T17:15:24Z","is_done":true,"views_count":90572,"cotd":null,"cotd_at":null,"visible_on_explore_root":true,"visible_on_explore":true,"featured":true,"published":true,"published_at":"2018-11-15T18:55:35Z","reversed":false,"from_editor_v2":true,"is_editable":true,"original_sound":false,"has_sound":false,"recoub_to":null,"file_versions":{"html5":{"video":{"higher":{"url":"https://coub-anubis-a.akamaized.net/coub_storage/coub/simple/cw_file/82ec2efb6f3/c4d41a822a2b4ef5ee965/muted_mp4_huge_size_1569286649_muted_huge.mp4","size":4232839},"high":{"url":"https://coub-anubis-a.akamaized.net/coub_storage/coub/simple/cw_file/82ec2efb6f3/c4d41a822a2b4ef5ee965/muted_mp4_big_size_1569286649_muted_big.mp4","size":3163859},"med":{"url":"https://coub-anubis-a.akamaized.net/coub_storage/coub/simple/cw_file/82ec2efb6f3/c4d41a822a2b4ef5ee965/muted_mp4_med_size_1569286649_muted_med.mp4","size":992268}},"audio":{"high":{"url":"https://coub-anubis-a.akamaized.net/coub_storage/coub/simple/cw_looped_audio_high/90734d31b95/8e8abaf3f104de3aa237a/1605656274_high_1542308284_high.mp3","size":3674180},"med":{"url":"https://coub-anubis-a.akamaized.net/coub_storage/coub/simple/cw_looped_audio_med/5854c1809c5/d23460681d936e04a735b/1605656273_med_1542308284_med.mp3","size":2604302}}},"mobile":{"video":"https://coub-anubis-a.akamaized.net/coub_storage/coub/simple/cw_file/82ec2efb6f3/c4d41a822a2b4ef5ee965/muted_mp4_med_size_1569286649_muted_med.mp4","audio":["https://coub-anubis-a.akamaized.net/coub_storage/coub/simple/cw_looped_audio_med/5854c1809c5/d23460681d936e04a735b/1605656273_med_1542308284_med.mp3"]},"share":{"default":"https://coub-anubis-a.akamaized.net/coub_storage/coub/simple/cw_video_for_sharing/2c4bf56e4ab/5cd202f5eec8715fd7afd/1611918331_looped_1611918330.mp4"}},"audio_versions":{"template":"https://coub-anubis-a.akamaized.net/coub_storage/audio_track/cw_file/ea75f6724b4/a1fc1919d17c8b1231594/mid_1542308263_1mw8cpb_edited.mp3","versions":["mid","low"]},"image_versions":{"template":"https://coub-anubis-a.akamaized.net/coub_storage/coub/simple/cw_image/3267f369afc/a1b1467b0729fd423ea25/1542308299_00032.jpg","versions":["micro","tiny","age_restricted","ios_large","ios_mosaic","big","med","small","pinterest"]},"first_frame_versions":{"template":"https://coub-anubis-a.akamaized.net/coub_storage/coub/simple/cw_timeline_pic/94b6a22d893/3a965cee851e81e0a46a4/1542308298_image.jpg","versions":["big","med","small","ios_large"]},"dimensions":{"big":[1280,720],"med":[640,360]},"site_w_h":[640,360],"page_w_h":[640,360],"site_w_h_small":[310,174],"size":[1280,720],"age_restricted":false,"age_restricted_by_admin":false,"not_safe_for_work":false,"allow_reuse":false,"dont_crop":false,"banned":false,"global_safe":true,"audio_file_url":"https://coub-anubis-a.akamaized.net/coub_storage/audio_track/cw_file/ea75f6724b4/a1fc1919d17c8b1231594/low_1542308263_1mw8cpb_edited.mp3","external_download":{"type":"Youtube","service_name":"YouTube","url":"https://www.youtube.com/watch?v=XKkms6hYJQQ","has_embed":true},"application":null,"channel":{"id":4277718,"permalink":"clarksmood","title":"ᴄʟᴀʀᴋ 恋愛","description":"ᴍʏ ᴛʜᴏᴜɢʜᴛs, ɪᴅᴇᴀs ᴀɴᴅ ᴊᴜsᴛ ᴛʜᴇ ᴍᴏᴏᴅ | ᴇɴᴊᴏʏ","followers_count":360,"following_count":5,"avatar_versions":{"template":"https://coub-anubis-a.akamaized.net/coub_storage/channel/cw_avatar/8527241f383/2def1c70936d829ef94c6/%{version}_1607422193_t3ua2n_1599672950_thumb-1920-1021675.png","versions":["medium","medium_2x","profile_pic","profile_pic_new","profile_pic_new_2x","tiny","tiny_2x","small","small_2x","ios_large","ios_small"]}},"file":null,"picture":"https://coub-anubis-a.akamaized.net/coub_storage/coub/simple/cw_image/3267f369afc/a1b1467b0729fd423ea25/1542308299_00032.jpg","timeline_picture":"https://coub-anubis-a.akamaized.net/coub_storage/coub/simple/cw_timeline_pic/94b6a22d893/3a965cee851e81e0a46a4/1542308298_image.jpg","small_picture":"https://coub-anubis-a.akamaized.net/coub_storage/coub/simple/cw_image/3267f369afc/a1b1467b0729fd423ea25/1542308299_00032.jpg","sharing_picture":null,"percent_done":100,"tags":[{"id":4881,"title":"gopro","value":"gopro"},{"id":14600,"title":"hero2","value":"hero2"},{"id":11988,"title":"hero3","value":"hero3"},{"id":29301,"title":"hero3plus","value":"hero3plus"},{"id":561956,"title":"hero4","value":"hero4"},{"id":1917170,"title":"hero5","value":"hero5"},{"id":277757,"title":"hero camera","value":"hero%20camera"},{"id":72924,"title":"hd camera","value":"hd%20camera"},{"id":277758,"title":"stoked","value":"stoked"},{"id":3577,"title":"rad","value":"rad"},{"id":3082,"title":"video","value":"video"},{"id":620862,"title":"gopro hero 4","value":"gopro%20hero%204"},{"id":48500,"title":"4k","value":"4k"},{"id":8580,"title":"hd","value":"hd"},{"id":1450,"title":"best","value":"best"},{"id":19865,"title":"go pro","value":"go%20pro"},{"id":2455,"title":"camera","value":"camera"},{"id":19863,"title":"cam","value":"cam"},{"id":2543,"title":"hero","value":"hero"},{"id":173,"title":"epic","value":"epic"},{"id":13151,"title":"hero 2","value":"hero%202"},{"id":13150,"title":"hero 3","value":"hero%203"},{"id":560042,"title":"hero 4","value":"hero%204"},{"id":1485051,"title":"hero4 session","value":"hero4%20session"},{"id":1917171,"title":"hero5 session","value":"hero5%20session"},{"id":1485052,"title":"hero 4 session","value":"hero%204%20session"},{"id":20623,"title":"session","value":"session"},{"id":1594,"title":"black","value":"black"},{"id":6439,"title":"silver","value":"silver"},{"id":3900,"title":"action","value":"action"},{"id":602,"title":"beautiful","value":"beautiful"},{"id":9263,"title":"great","value":"great"},{"id":234,"title":"crazy","value":"crazy"},{"id":13949,"title":"viral","value":"viral"},{"id":21344,"title":"high definition","value":"high%20definition"},{"id":13970,"title":"high def","value":"high%20def"},{"id":26987,"title":"karma","value":"karma"},{"id":8232,"title":"drone","value":"drone"},{"id":1265985,"title":"hero 5","value":"hero%205"},{"id":1941356,"title":"hero 5 session","value":"hero%205%20session"},{"id":1941357,"title":"karma drone","value":"karma%20drone"},{"id":1339057,"title":"gopro drone","value":"gopro%20drone"},{"id":4444825,"title":"jonas blue feat. joe jonas - i see love","value":"jonas%20blue%20feat.%20joe%20jonas%20-%20i%20see%20love"}],"categories":[{"id":9,"title":"Nature & Travel","permalink":"nature-travel","subscriptions_count":10070807,"big_image_url":"https://coub-anubis-a.akamaized.net/coub_storage/category/cw_image/a4b57370b28/3c9d9a8cf4246d5a30610/big_1545567929_Nature.png","small_image_url":"https://coub-anubis-a.akamaized.net/coub_storage/category/cw_image/a4b57370b28/3c9d9a8cf4246d5a30610/small_1545567929_Nature.png","med_image_url":"https://coub-anubis-a.akamaized.net/coub_storage/category/cw_image/a4b57370b28/3c9d9a8cf4246d5a30610/med_1545567929_Nature.png","visible":true}],"communities":[{"id":9,"title":"Nature & Travel","permalink":"nature-travel","subscriptions_count":10070807,"big_image_url":"https://coub-anubis-a.akamaized.net/coub_storage/category/cw_image/a4b57370b28/3c9d9a8cf4246d5a30610/big_1545567929_Nature.png","small_image_url":"https://coub-anubis-a.akamaized.net/coub_storage/category/cw_image/a4b57370b28/3c9d9a8cf4246d5a30610/small_1545567929_Nature.png","med_image_url":"https://coub-anubis-a.akamaized.net/coub_storage/category/cw_image/a4b57370b28/3c9d9a8cf4246d5a30610/med_1545567929_Nature.png","i_subscribed":true,"community_notifications_enabled":null,"description":null}],"recoubs_count":132,"remixes_count":1,"likes_count":662,"dislikes_count":0,"raw_video_id":12653723,"uploaded_by_ios_app":false,"uploaded_by_android_app":false,"media_blocks":{"uploaded_raw_videos":[],"external_raw_videos":[{"id":28970774,"title":"GoPro: Dunes - Sand Skiing in Peru","url":"https://www.youtube.com/watch?v=XKkms6hYJQQ","image":"https://coub-anubis-a.akamaized.net/coub_storage/media_block/cw_image/5c9bed9b9bb/cda2e574bb1e6600ea6ec/1541473660_1tphsy8_1541473613_q7xefr_att-url-download.jpg","image_retina":"https://coub-anubis-a.akamaized.net/coub_storage/media_block/cw_image/5c9bed9b9bb/cda2e574bb1e6600ea6ec/1541473660_1tphsy8_1541473613_q7xefr_att-url-download.jpg","meta":{"service":"Youtube","duration":"325.72"},"duration":325.72,"raw_video_id":12653723,"has_embed":true}],"remixed_from_coubs":[],"external_video":{"id":28970774,"title":"GoPro: Dunes - Sand Skiing in Peru","url":"https://www.youtube.com/watch?v=XKkms6hYJQQ","image":"https://coub-anubis-a.akamaized.net/coub_storage/media_block/cw_image/5c9bed9b9bb/cda2e574bb1e6600ea6ec/1541473660_1tphsy8_1541473613_q7xefr_att-url-download.jpg","image_retina":"https://coub-anubis-a.akamaized.net/coub_storage/media_block/cw_image/5c9bed9b9bb/cda2e574bb1e6600ea6ec/1541473660_1tphsy8_1541473613_q7xefr_att-url-download.jpg","meta":{"service":"Youtube","duration":"325.72"},"duration":325.72,"raw_video_id":12653723,"has_embed":true}},"raw_video_thumbnail_url":"/missing/missing.png","raw_video_title":"GoPro: Dunes - Sand Skiing in Peru","video_block_banned":false,"duration":9.96,"promo_winner":false,"promo_winner_recoubers":null,"editorial_info":{},"promo_hint":null,"beeline_best_2014":null,"from_web_editor":true,"normalize_sound":false,"normalize_change_allowed":true,"best2015_addable":false,"ahmad_promo":null,"promo_data":null,"audio_copyright_claim":null,"ads_disabled":false,"is_safe_for_ads":true,"megafon_contents":[],"position_on_page":7},{"flag":null,"abuses":null,"recoubs_by_users_channels":null,"favourite":false,"promoted_id":null,"recoub":null,"like":null,"dislike":null,"reaction":null,"in_my_best2015":false,"id":90792386,"type":"Coub::Simple","permalink":"1hnd1y","title":"Transparent Fish (Leptocephalus)","visibility_type":"public","original_visibility_type":"public","channel_id":2499953,"created_at":"2018-11-09T16:59:52Z","updated_at":"2021-12-26T01:40:39Z","is_done":true,"views_count":77953,"cotd":null,"cotd_at":null,"visible_on_explore_root":true,"visible_on_explore":true,"featured":true,"published":true,"published_at":"2018-11-09T16:59:52Z","reversed":false,"from_editor_v2":true,"is_editable":true,"original_sound":true,"has_sound":true,"recoub_to":null,"file_versions":{"html5":{"video":{"higher":{"url":"https://coub-anubis-a.akamaized.net/coub_storage/coub/simple/cw_file/99f515abd46/c5484906c68dfce196c2c/muted_mp4_huge_size_1593370174_muted_huge.mp4","size":728419},"high":{"url":"https://coub-anubis-a.akamaized.net/coub_storage/coub/simple/cw_file/99f515abd46/c5484906c68dfce196c2c/muted_mp4_big_size_1593370174_muted_big.mp4","size":475508},"med":{"url":"https://coub-anubis-a.akamaized.net/coub_storage/coub/simple/cw_file/99f515abd46/c5484906c68dfce196c2c/muted_mp4_med_size_1593370174_muted_med.mp4","size":141660}},"audio":{"high":{"url":"https://coub-anubis-a.akamaized.net/coub_storage/coub/simple/cw_looped_audio_high/f3999fa7028/a1123f046b1db4b00bf56/1605655340_high_1541782803_high.mp3","size":1340998},"med":{"url":"https://coub-anubis-a.akamaized.net/coub_storage/coub/simple/cw_looped_audio_med/936fc76eaf6/1e057526bb46cee03ba74/1605655340_med_1541782803_med.mp3","size":911979},"sample_duration":3.181}},"mobile":{"video":"https://coub-anubis-a.akamaized.net/coub_storage/coub/simple/cw_file/99f515abd46/c5484906c68dfce196c2c/muted_mp4_med_size_1593370174_muted_med.mp4","audio":["https://coub-anubis-a.akamaized.net/coub_storage/coub/simple/cw_looped_audio_med/936fc76eaf6/1e057526bb46cee03ba74/1605655340_med_1541782803_med.mp3"]},"share":{"default":"https://coub-anubis-a.akamaized.net/coub_storage/coub/simple/cw_video_for_sharing/13b8849e4a6/7e59caf645c095b4567af/1630110075_looped_1630110074.mp4"}},"audio_versions":{},"image_versions":{"template":"https://coub-anubis-a.akamaized.net/coub_storage/coub/simple/cw_image/78bfa0d1d2e/356fbd7d0f3e7c8724073/1541782809_00011.jpg","versions":["micro","tiny","age_restricted","ios_large","ios_mosaic","big","med","small","pinterest"]},"first_frame_versions":{"template":"https://coub-anubis-a.akamaized.net/coub_storage/coub/simple/cw_timeline_pic/291a923d0a6/c0e53d080555c80529058/%{version}_1541782809_image.jpg","versions":["big","med","small","ios_large"]},"dimensions":{"big":[1280,720],"med":[640,360]},"site_w_h":[640,360],"page_w_h":[640,360],"site_w_h_small":[310,174],"size":[1280,720],"age_restricted":false,"age_restricted_by_admin":false,"not_safe_for_work":false,"allow_reuse":false,"dont_crop":false,"banned":false,"global_safe":true,"audio_file_url":null,"external_download":{"type":"Youtube","service_name":"YouTube","url":"https://youtu.be/2eotnfvAaXA","has_embed":true},"application":null,"channel":{"id":2499953,"permalink":"f12345678","title":"Street fishing","description":null,"followers_count":9496,"following_count":20,"avatar_versions":{"template":"https://coub-anubis-a.akamaized.net/coub_storage/channel/cw_avatar/824a90449c3/39b1709dda9b55ddbed0e/%{version}_1607432039_tt9xd6_1474624154_396673_2346774169374_1624353272_n.jpg","versions":["medium","medium_2x","profile_pic","profile_pic_new","profile_pic_new_2x","tiny","tiny_2x","small","small_2x","ios_large","ios_small"]}},"file":null,"picture":"https://coub-anubis-a.akamaized.net/coub_storage/coub/simple/cw_image/78bfa0d1d2e/356fbd7d0f3e7c8724073/1541782809_00011.jpg","timeline_picture":"https://coub-anubis-a.akamaized.net/coub_storage/coub/simple/cw_timeline_pic/291a923d0a6/c0e53d080555c80529058/ios_large_1541782809_image.jpg","small_picture":"https://coub-anubis-a.akamaized.net/coub_storage/coub/simple/cw_image/78bfa0d1d2e/356fbd7d0f3e7c8724073/1541782809_00011.jpg","sharing_picture":null,"percent_done":100,"tags":[],"categories":[{"id":9,"title":"Nature & Travel","permalink":"nature-travel","subscriptions_count":10070807,"big_image_url":"https://coub-anubis-a.akamaized.net/coub_storage/category/cw_image/a4b57370b28/3c9d9a8cf4246d5a30610/big_1545567929_Nature.png","small_image_url":"https://coub-anubis-a.akamaized.net/coub_storage/category/cw_image/a4b57370b28/3c9d9a8cf4246d5a30610/small_1545567929_Nature.png","med_image_url":"https://coub-anubis-a.akamaized.net/coub_storage/category/cw_image/a4b57370b28/3c9d9a8cf4246d5a30610/med_1545567929_Nature.png","visible":true}],"communities":[{"id":9,"title":"Nature & Travel","permalink":"nature-travel","subscriptions_count":10070807,"big_image_url":"https://coub-anubis-a.akamaized.net/coub_storage/category/cw_image/a4b57370b28/3c9d9a8cf4246d5a30610/big_1545567929_Nature.png","small_image_url":"https://coub-anubis-a.akamaized.net/coub_storage/category/cw_image/a4b57370b28/3c9d9a8cf4246d5a30610/small_1545567929_Nature.png","med_image_url":"https://coub-anubis-a.akamaized.net/coub_storage/category/cw_image/a4b57370b28/3c9d9a8cf4246d5a30610/med_1545567929_Nature.png","i_subscribed":true,"community_notifications_enabled":null,"description":null}],"recoubs_count":118,"remixes_count":0,"likes_count":662,"dislikes_count":0,"raw_video_id":12672449,"uploaded_by_ios_app":false,"uploaded_by_android_app":false,"media_blocks":{"uploaded_raw_videos":[],"external_raw_videos":[{"id":29021758,"title":"Transparent Fish (Leptocephalus)","url":"https://www.youtube.com/watch?v=2eotnfvAaXA","image":"https://coub-anubis-a.akamaized.net/coub_storage/media_block/cw_image/e4abe578240/6146f9a68bc174d3b5715/1541782628_5zbxii_1541782612_1jshb84_att-url-download.jpg","image_retina":"https://coub-anubis-a.akamaized.net/coub_storage/media_block/cw_image/e4abe578240/6146f9a68bc174d3b5715/1541782628_5zbxii_1541782612_1jshb84_att-url-download.jpg","meta":{"service":"Youtube","duration":"80.24"},"duration":80.24,"raw_video_id":12672449,"has_embed":true}],"remixed_from_coubs":[],"external_video":{"id":29021758,"title":"Transparent Fish (Leptocephalus)","url":"https://www.youtube.com/watch?v=2eotnfvAaXA","image":"https://coub-anubis-a.akamaized.net/coub_storage/media_block/cw_image/e4abe578240/6146f9a68bc174d3b5715/1541782628_5zbxii_1541782612_1jshb84_att-url-download.jpg","image_retina":"https://coub-anubis-a.akamaized.net/coub_storage/media_block/cw_image/e4abe578240/6146f9a68bc174d3b5715/1541782628_5zbxii_1541782612_1jshb84_att-url-download.jpg","meta":{"service":"Youtube","duration":"80.24"},"duration":80.24,"raw_video_id":12672449,"has_embed":true}},"raw_video_thumbnail_url":"/missing/missing.png","raw_video_title":"Transparent Fish (Leptocephalus)","video_block_banned":false,"duration":3.2,"promo_winner":false,"promo_winner_recoubers":null,"editorial_info":{},"promo_hint":null,"beeline_best_2014":null,"from_web_editor":true,"normalize_sound":true,"normalize_change_allowed":true,"best2015_addable":false,"ahmad_promo":null,"promo_data":null,"audio_copyright_claim":null,"ads_disabled":false,"is_safe_for_ads":true,"megafon_contents":[],"position_on_page":8},{"flag":null,"abuses":null,"recoubs_by_users_channels":null,"favourite":false,"promoted_id":null,"recoub":null,"like":null,"dislike":null,"reaction":null,"in_my_best2015":false,"id":65123269,"type":"Coub::Simple","permalink":"12bogt","title":"Thaw In Syberia","visibility_type":"public","original_visibility_type":"public","channel_id":3387908,"created_at":"2018-01-21T21:29:41Z","updated_at":"2022-02-20T09:37:13Z","is_done":true,"views_count":69412,"cotd":null,"cotd_at":null,"visible_on_explore_root":true,"visible_on_explore":true,"featured":true,"published":true,"published_at":"2018-01-21T21:29:41Z","reversed":false,"from_editor_v2":true,"is_editable":true,"original_sound":false,"has_sound":false,"recoub_to":null,"file_versions":{"html5":{"video":{"higher":{"url":"https://coub-anubis-a.akamaized.net/coub_storage/coub/simple/cw_file/30629cccefc/64a92f0d9e49e53f989e5/muted_mp4_huge_size_1568185624_muted_huge.mp4","size":1545635},"high":{"url":"https://coub-anubis-a.akamaized.net/coub_storage/coub/simple/cw_file/30629cccefc/64a92f0d9e49e53f989e5/muted_mp4_big_size_1568185624_muted_big.mp4","size":1204861},"med":{"url":"https://coub-anubis-a.akamaized.net/coub_storage/coub/simple/cw_file/30629cccefc/64a92f0d9e49e53f989e5/muted_mp4_med_size_1568185624_muted_med.mp4","size":303838}},"audio":{"high":{"url":"https://coub-anubis-a.akamaized.net/coub_storage/coub/simple/cw_looped_audio_high/39cbb255ce4/d38a57186695624bd077c/1605627715_high_1516570231_high.mp3","size":4836576},"med":{"url":"https://coub-anubis-a.akamaized.net/coub_storage/coub/simple/cw_looped_audio_med/5e5c09a37c7/129cbe9c8a704ad9fcfa5/1605627714_med_1516570231_med.mp3","size":3413820}}},"mobile":{"video":"https://coub-anubis-a.akamaized.net/coub_storage/coub/simple/cw_file/30629cccefc/64a92f0d9e49e53f989e5/muted_mp4_med_size_1568185624_muted_med.mp4","audio":["https://coub-anubis-a.akamaized.net/coub_storage/coub/simple/cw_looped_audio_med/5e5c09a37c7/129cbe9c8a704ad9fcfa5/1605627714_med_1516570231_med.mp3"]},"share":{"default":null}},"audio_versions":{"template":"https://coub-anubis-a.akamaized.net/coub_storage/audio_track/cw_normalized_copy/ecdbd9384ac/91bb832e01f5a46f0680c/mid_1516570214_dpovw8_normalized_1516570194_1oc8si7_edited.mp3","versions":["mid","low"]},"image_versions":{"template":"https://coub-anubis-a.akamaized.net/coub_storage/coub/simple/cw_image/9175189e75c/3449c4100d6cbc3eae239/1516570247_00032.jpg","versions":["micro","tiny","age_restricted","ios_large","ios_mosaic","big","med","small","pinterest"]},"first_frame_versions":{"template":"https://coub-anubis-a.akamaized.net/coub_storage/coub/simple/cw_timeline_pic/274e79dc32f/68bd2c5dac87cc90b8066/%{version}_1516570246_image.jpg","versions":["big","med","small","ios_large"]},"dimensions":{"big":[1280,544],"med":[640,272]},"site_w_h":[640,272],"page_w_h":[640,272],"site_w_h_small":[310,132],"size":[1280,544],"age_restricted":false,"age_restricted_by_admin":false,"not_safe_for_work":false,"allow_reuse":false,"dont_crop":false,"banned":false,"global_safe":true,"audio_file_url":"https://coub-anubis-a.akamaized.net/coub_storage/audio_track/cw_normalized_copy/ecdbd9384ac/91bb832e01f5a46f0680c/low_1516570214_dpovw8_normalized_1516570194_1oc8si7_edited.mp3","external_download":false,"application":null,"channel":{"id":3387908,"permalink":"spaceshores","title":"SpaceShoreS","description":"a quite place to be","followers_count":98,"following_count":3,"avatar_versions":{"template":"https://coub-anubis-a.akamaized.net/coub_storage/channel/cw_avatar/7a5b0ac5ab5/8cace2ea51e0fdb28ff7a/%{version}_1607646969_b2ga4p_1485706504_sp_shores_ava.jpg","versions":["medium","medium_2x","profile_pic","profile_pic_new","profile_pic_new_2x","tiny","tiny_2x","small","small_2x","ios_large","ios_small"]}},"file":null,"picture":"https://coub-anubis-a.akamaized.net/coub_storage/coub/simple/cw_image/9175189e75c/3449c4100d6cbc3eae239/1516570247_00032.jpg","timeline_picture":"https://coub-anubis-a.akamaized.net/coub_storage/coub/simple/cw_timeline_pic/274e79dc32f/68bd2c5dac87cc90b8066/ios_large_1516570246_image.jpg","small_picture":"https://coub-anubis-a.akamaized.net/coub_storage/coub/simple/cw_image/9175189e75c/3449c4100d6cbc3eae239/1516570247_00032.jpg","sharing_picture":null,"percent_done":100,"tags":[{"id":123338,"title":"syberia","value":"syberia"},{"id":10233,"title":"сибирь","value":"%D1%81%D0%B8%D0%B1%D0%B8%D1%80%D1%8C"},{"id":7683,"title":"spring","value":"spring"},{"id":7685,"title":"весна","value":"%D0%B2%D0%B5%D1%81%D0%BD%D0%B0"},{"id":7198,"title":"снег","value":"%D1%81%D0%BD%D0%B5%D0%B3"},{"id":5318,"title":"snow","value":"snow"},{"id":5980,"title":"горы","value":"%D0%B3%D0%BE%D1%80%D1%8B"},{"id":6528,"title":"mountains","value":"mountains"},{"id":3640542,"title":"koett - thaw in syberia","value":"koett%20-%20thaw%20in%20syberia"},{"id":1016,"title":"ambient","value":"ambient"},{"id":291681,"title":"chill music","value":"chill%20music"},{"id":133574,"title":"спокойствие","value":"%D1%81%D0%BF%D0%BE%D0%BA%D0%BE%D0%B9%D1%81%D1%82%D0%B2%D0%B8%D0%B5"},{"id":1259,"title":"forest","value":"forest"},{"id":4983,"title":"лес","value":"%D0%BB%D0%B5%D1%81"},{"id":2220,"title":"красота","value":"%D0%BA%D1%80%D0%B0%D1%81%D0%BE%D1%82%D0%B0"},{"id":602,"title":"beautiful","value":"beautiful"},{"id":9870,"title":"travels","value":"travels"},{"id":11237,"title":"путешествия","value":"%D0%BF%D1%83%D1%82%D0%B5%D1%88%D0%B5%D1%81%D1%82%D0%B2%D0%B8%D1%8F"},{"id":22217,"title":"calm","value":"calm"},{"id":20593,"title":"релакс","value":"%D1%80%D0%B5%D0%BB%D0%B0%D0%BA%D1%81"}],"categories":[{"id":9,"title":"Nature & Travel","permalink":"nature-travel","subscriptions_count":10070807,"big_image_url":"https://coub-anubis-a.akamaized.net/coub_storage/category/cw_image/a4b57370b28/3c9d9a8cf4246d5a30610/big_1545567929_Nature.png","small_image_url":"https://coub-anubis-a.akamaized.net/coub_storage/category/cw_image/a4b57370b28/3c9d9a8cf4246d5a30610/small_1545567929_Nature.png","med_image_url":"https://coub-anubis-a.akamaized.net/coub_storage/category/cw_image/a4b57370b28/3c9d9a8cf4246d5a30610/med_1545567929_Nature.png","visible":true}],"communities":[{"id":9,"title":"Nature & Travel","permalink":"nature-travel","subscriptions_count":10070807,"big_image_url":"https://coub-anubis-a.akamaized.net/coub_storage/category/cw_image/a4b57370b28/3c9d9a8cf4246d5a30610/big_1545567929_Nature.png","small_image_url":"https://coub-anubis-a.akamaized.net/coub_storage/category/cw_image/a4b57370b28/3c9d9a8cf4246d5a30610/small_1545567929_Nature.png","med_image_url":"https://coub-anubis-a.akamaized.net/coub_storage/category/cw_image/a4b57370b28/3c9d9a8cf4246d5a30610/med_1545567929_Nature.png","i_subscribed":true,"community_notifications_enabled":null,"description":null}],"recoubs_count":146,"remixes_count":1,"likes_count":662,"dislikes_count":0,"raw_video_id":10975767,"uploaded_by_ios_app":false,"uploaded_by_android_app":false,"media_blocks":{"uploaded_raw_videos":[],"external_raw_videos":[],"remixed_from_coubs":[]},"raw_video_thumbnail_url":"/missing/missing.png","raw_video_title":"Siberia.mp4","video_block_banned":false,"duration":9.96,"promo_winner":false,"promo_winner_recoubers":null,"editorial_info":{},"promo_hint":null,"beeline_best_2014":null,"from_web_editor":true,"normalize_sound":true,"normalize_change_allowed":true,"best2015_addable":false,"ahmad_promo":null,"promo_data":null,"audio_copyright_claim":null,"ads_disabled":false,"is_safe_for_ads":true,"megafon_contents":[],"position_on_page":9},{"flag":null,"abuses":null,"recoubs_by_users_channels":null,"favourite":false,"promoted_id":null,"recoub":null,"like":null,"dislike":null,"reaction":null,"in_my_best2015":false,"id":53886157,"type":"Coub::Simple","permalink":"vmtrr","title":"sea surf","visibility_type":"public","original_visibility_type":"public","channel_id":3383986,"created_at":"2017-07-05T09:26:40Z","updated_at":"2022-03-06T18:42:25Z","is_done":true,"views_count":37709,"cotd":null,"cotd_at":null,"visible_on_explore_root":true,"visible_on_explore":true,"featured":true,"published":true,"published_at":"2017-07-05T09:26:40Z","reversed":false,"from_editor_v2":true,"is_editable":true,"original_sound":false,"has_sound":false,"recoub_to":null,"file_versions":{"html5":{"video":{"higher":{"url":"https://coub-anubis-a.akamaized.net/coub_storage/coub/simple/cw_file/231f8aae6bb/376e0791fbac11e75d778/muted_mp4_huge_size_1568126094_muted_huge.mp4","size":7478866},"high":{"url":"https://coub-anubis-a.akamaized.net/coub_storage/coub/simple/cw_file/231f8aae6bb/376e0791fbac11e75d778/muted_mp4_big_size_1568126094_muted_big.mp4","size":6027490},"med":{"url":"https://coub-anubis-a.akamaized.net/coub_storage/coub/simple/cw_file/231f8aae6bb/376e0791fbac11e75d778/muted_mp4_med_size_1568126094_muted_med.mp4","size":1917679}},"audio":{"high":{"url":"https://coub-anubis-a.akamaized.net/coub_storage/coub/simple/cw_looped_audio_high/4be31acba2d/8faad09c341229a8c8924/1605608152_high_1499246905_high.mp3","size":3734813},"med":{"url":"https://coub-anubis-a.akamaized.net/coub_storage/coub/simple/cw_looped_audio_med/f5390ceae2f/37f1e8ff876da452527af/1605608151_med_1499246905_med.mp3","size":2733435}}},"mobile":{"video":"https://coub-anubis-a.akamaized.net/coub_storage/coub/simple/cw_file/231f8aae6bb/376e0791fbac11e75d778/muted_mp4_med_size_1568126094_muted_med.mp4","audio":["https://coub-anubis-a.akamaized.net/coub_storage/coub/simple/cw_looped_audio_med/f5390ceae2f/37f1e8ff876da452527af/1605608151_med_1499246905_med.mp3"]},"share":{"default":"https://coub-anubis-a.akamaized.net/coub_storage/coub/simple/cw_video_for_sharing/7ebb3f43523/8f86d4df43482fd918931/1639714673_looped_1639714672.mp4"}},"audio_versions":{"template":"https://coub-anubis-a.akamaized.net/coub_storage/audio_track/cw_file/d55c3eb41ec/f44d9e12bd3995290652b/mid_1499246866_3lsu70_edited.mp3","versions":["mid","low"]},"image_versions":{"template":"https://coub-anubis-a.akamaized.net/coub_storage/coub/simple/cw_image/6cd0f62cce6/a0175cb734cf139135b0d/1499246936_00032.jpg","versions":["micro","tiny","age_restricted","ios_large","ios_mosaic","big","med","small","pinterest"]},"first_frame_versions":{"template":"https://coub-anubis-a.akamaized.net/coub_storage/coub/simple/cw_timeline_pic/b509021ef12/b6823881a5679cd7de7fb/%{version}_1499246934_image.jpg","versions":["big","med","small","ios_large"]},"dimensions":{"big":[1280,720],"med":[640,360]},"site_w_h":[640,360],"page_w_h":[640,360],"site_w_h_small":[310,174],"size":[1280,720],"age_restricted":false,"age_restricted_by_admin":false,"not_safe_for_work":false,"allow_reuse":false,"dont_crop":false,"banned":false,"global_safe":true,"audio_file_url":"https://coub-anubis-a.akamaized.net/coub_storage/audio_track/cw_file/d55c3eb41ec/f44d9e12bd3995290652b/low_1499246866_3lsu70_edited.mp3","external_download":false,"application":null,"channel":{"id":3383986,"permalink":"the.worlds.oceans","title":"the world's oceans","description":"Total mass: 1.4 x 1021 kg;\r\nTotal: 1370 million km3","followers_count":9474,"following_count":189,"avatar_versions":{"template":"https://coub-anubis-a.akamaized.net/coub_storage/channel/cw_avatar/c8a9d7eaa4e/0e044d18c08fab5e6398d/%{version}_1607432160_85cu60_1485244571_NOAA-Wave1.jpg","versions":["medium","medium_2x","profile_pic","profile_pic_new","profile_pic_new_2x","tiny","tiny_2x","small","small_2x","ios_large","ios_small"]}},"file":null,"picture":"https://coub-anubis-a.akamaized.net/coub_storage/coub/simple/cw_image/6cd0f62cce6/a0175cb734cf139135b0d/1499246936_00032.jpg","timeline_picture":"https://coub-anubis-a.akamaized.net/coub_storage/coub/simple/cw_timeline_pic/b509021ef12/b6823881a5679cd7de7fb/ios_large_1499246934_image.jpg","small_picture":"https://coub-anubis-a.akamaized.net/coub_storage/coub/simple/cw_image/6cd0f62cce6/a0175cb734cf139135b0d/1499246936_00032.jpg","sharing_picture":null,"percent_done":100,"tags":[{"id":2826,"title":"coast","value":"coast"},{"id":2670417,"title":"the world's oceans","value":"the%20world's%20oceans"},{"id":12711,"title":"slow mo","value":"slow%20mo"},{"id":3152494,"title":"croquet club - slow mo","value":"croquet%20club%20-%20slow%20mo"},{"id":5044,"title":"beach","value":"beach"},{"id":1556263,"title":"sea surf","value":"sea%20surf"},{"id":3152493,"title":"ocean light","value":"ocean%20light"}],"categories":[{"id":9,"title":"Nature & Travel","permalink":"nature-travel","subscriptions_count":10070807,"big_image_url":"https://coub-anubis-a.akamaized.net/coub_storage/category/cw_image/a4b57370b28/3c9d9a8cf4246d5a30610/big_1545567929_Nature.png","small_image_url":"https://coub-anubis-a.akamaized.net/coub_storage/category/cw_image/a4b57370b28/3c9d9a8cf4246d5a30610/small_1545567929_Nature.png","med_image_url":"https://coub-anubis-a.akamaized.net/coub_storage/category/cw_image/a4b57370b28/3c9d9a8cf4246d5a30610/med_1545567929_Nature.png","visible":true}],"communities":[{"id":9,"title":"Nature & Travel","permalink":"nature-travel","subscriptions_count":10070807,"big_image_url":"https://coub-anubis-a.akamaized.net/coub_storage/category/cw_image/a4b57370b28/3c9d9a8cf4246d5a30610/big_1545567929_Nature.png","small_image_url":"https://coub-anubis-a.akamaized.net/coub_storage/category/cw_image/a4b57370b28/3c9d9a8cf4246d5a30610/small_1545567929_Nature.png","med_image_url":"https://coub-anubis-a.akamaized.net/coub_storage/category/cw_image/a4b57370b28/3c9d9a8cf4246d5a30610/med_1545567929_Nature.png","i_subscribed":true,"community_notifications_enabled":null,"description":null}],"recoubs_count":174,"remixes_count":2,"likes_count":662,"dislikes_count":0,"raw_video_id":9896410,"uploaded_by_ios_app":false,"uploaded_by_android_app":false,"media_blocks":{"uploaded_raw_videos":[],"external_raw_videos":[],"remixed_from_coubs":[]},"raw_video_thumbnail_url":"/missing/missing.png","raw_video_title":"SLOW_TV___Ocean_light.mp4","video_block_banned":false,"duration":10.04,"promo_winner":false,"promo_winner_recoubers":null,"editorial_info":{},"promo_hint":null,"beeline_best_2014":null,"from_web_editor":true,"normalize_sound":false,"normalize_change_allowed":true,"best2015_addable":false,"ahmad_promo":null,"promo_data":null,"audio_copyright_claim":null,"ads_disabled":null,"is_safe_for_ads":true,"megafon_contents":[],"position_on_page":10}]}