{"page":435,"per_page":10,"total_pages":500,"coubs":[{"flag":null,"abuses":null,"recoubs_by_users_channels":null,"favourite":false,"promoted_id":null,"recoub":null,"like":null,"dislike":null,"reaction":null,"in_my_best2015":false,"id":65031431,"type":"Coub::Simple","permalink":"129plr","title":"Alaska","visibility_type":"public","original_visibility_type":"public","channel_id":2235348,"created_at":"2018-01-20T19:31:05Z","updated_at":"2022-01-30T15:12:23Z","is_done":true,"views_count":68741,"cotd":null,"cotd_at":null,"visible_on_explore_root":true,"visible_on_explore":true,"featured":true,"published":true,"published_at":"2018-01-20T19:31:05Z","reversed":false,"from_editor_v2":true,"is_editable":true,"original_sound":false,"has_sound":false,"recoub_to":null,"file_versions":{"html5":{"video":{"higher":{"url":"https://coub-anubis-a.akamaized.net/coub_storage/coub/simple/cw_file/0786b6cf864/9d13bb065a51c4721f8aa/muted_mp4_huge_size_1568185158_muted_huge.mp4","size":4171676},"high":{"url":"https://coub-anubis-a.akamaized.net/coub_storage/coub/simple/cw_file/0786b6cf864/9d13bb065a51c4721f8aa/muted_mp4_big_size_1568185158_muted_big.mp4","size":2963317},"med":{"url":"https://coub-anubis-a.akamaized.net/coub_storage/coub/simple/cw_file/0786b6cf864/9d13bb065a51c4721f8aa/muted_mp4_med_size_1568185158_muted_med.mp4","size":1063571}},"audio":{"high":{"url":"https://coub-anubis-a.akamaized.net/coub_storage/coub/simple/cw_looped_audio_high/2619756e2b7/34a3f7573633af47e9e5a/1605627543_high_1516476692_high.mp3","size":5224674},"med":{"url":"https://coub-anubis-a.akamaized.net/coub_storage/coub/simple/cw_looped_audio_med/89feaaedd6f/ea52308c03fdadfcd0040/1605627543_med_1516476692_med.mp3","size":3694025}}},"mobile":{"video":"https://coub-anubis-a.akamaized.net/coub_storage/coub/simple/cw_file/0786b6cf864/9d13bb065a51c4721f8aa/muted_mp4_med_size_1568185158_muted_med.mp4","audio":["https://coub-anubis-a.akamaized.net/coub_storage/coub/simple/cw_looped_audio_med/89feaaedd6f/ea52308c03fdadfcd0040/1605627543_med_1516476692_med.mp3"]},"share":{"default":"https://coub-anubis-a.akamaized.net/coub_storage/coub/simple/cw_video_for_sharing/88cb58206a9/a7b27c5360a5966ff3cba/1637497966_looped_1637497965.mp4"}},"audio_versions":{"template":"https://coub-anubis-a.akamaized.net/coub_storage/audio_track/cw_normalized_copy/3c941979b9d/5fb5701cc45413b2b36e3/mid_1517859962_131lulw_normalized_1516476489_audio.mp3","versions":["mid","low"]},"image_versions":{"template":"https://coub-anubis-a.akamaized.net/coub_storage/coub/simple/cw_image/9b7bf0ff985/9a5ee7a517b7cfaab63cd/1516476712_00032.jpg","versions":["micro","tiny","age_restricted","ios_large","ios_mosaic","big","med","small","pinterest"]},"first_frame_versions":{"template":"https://coub-anubis-a.akamaized.net/coub_storage/coub/simple/cw_timeline_pic/6787db6677a/b5c551e0fdf477a59c943/%{version}_1516476712_image.jpg","versions":["big","med","small","ios_large"]},"dimensions":{"big":[960,960],"med":[480,480]},"site_w_h":[400,400],"page_w_h":[400,400],"site_w_h_small":[310,310],"size":[960,960],"age_restricted":false,"age_restricted_by_admin":false,"not_safe_for_work":false,"allow_reuse":false,"dont_crop":false,"banned":false,"global_safe":true,"audio_file_url":"https://coub-anubis-a.akamaized.net/coub_storage/audio_track/cw_normalized_copy/3c941979b9d/5fb5701cc45413b2b36e3/low_1517859962_131lulw_normalized_1516476489_audio.mp3","external_download":{"type":"Instagram","service_name":"Instagram","url":"http://www.instagram.com/p/BeLlBoAjQps/?taken-by=natgeo","has_embed":false},"application":null,"channel":{"id":2235348,"permalink":"rebelregular","title":"Regular Coubs","description":"basically everything is decided in the first 10 seconds","followers_count":2177,"following_count":1,"avatar_versions":{"template":"https://coub-anubis-a.akamaized.net/coub_storage/channel/cw_avatar/e1186ca78e3/538e922d844da9550814f/%{version}_1607420558_1ot2d17_1533232475_333.jpg","versions":["medium","medium_2x","profile_pic","profile_pic_new","profile_pic_new_2x","tiny","tiny_2x","small","small_2x","ios_large","ios_small"]}},"file":null,"picture":"https://coub-anubis-a.akamaized.net/coub_storage/coub/simple/cw_image/9b7bf0ff985/9a5ee7a517b7cfaab63cd/1516476712_00032.jpg","timeline_picture":"https://coub-anubis-a.akamaized.net/coub_storage/coub/simple/cw_timeline_pic/6787db6677a/b5c551e0fdf477a59c943/ios_large_1516476712_image.jpg","small_picture":"https://coub-anubis-a.akamaized.net/coub_storage/coub/simple/cw_image/9b7bf0ff985/9a5ee7a517b7cfaab63cd/1516476712_00032.jpg","sharing_picture":null,"percent_done":100,"tags":[{"id":28220,"title":"alaska","value":"alaska"}],"categories":[{"id":9,"title":"Nature & Travel","permalink":"nature-travel","subscriptions_count":10070807,"big_image_url":"https://coub-anubis-a.akamaized.net/coub_storage/category/cw_image/a4b57370b28/3c9d9a8cf4246d5a30610/big_1545567929_Nature.png","small_image_url":"https://coub-anubis-a.akamaized.net/coub_storage/category/cw_image/a4b57370b28/3c9d9a8cf4246d5a30610/small_1545567929_Nature.png","med_image_url":"https://coub-anubis-a.akamaized.net/coub_storage/category/cw_image/a4b57370b28/3c9d9a8cf4246d5a30610/med_1545567929_Nature.png","visible":true}],"communities":[{"id":9,"title":"Nature & Travel","permalink":"nature-travel","subscriptions_count":10070807,"big_image_url":"https://coub-anubis-a.akamaized.net/coub_storage/category/cw_image/a4b57370b28/3c9d9a8cf4246d5a30610/big_1545567929_Nature.png","small_image_url":"https://coub-anubis-a.akamaized.net/coub_storage/category/cw_image/a4b57370b28/3c9d9a8cf4246d5a30610/small_1545567929_Nature.png","med_image_url":"https://coub-anubis-a.akamaized.net/coub_storage/category/cw_image/a4b57370b28/3c9d9a8cf4246d5a30610/med_1545567929_Nature.png","i_subscribed":true,"community_notifications_enabled":null,"description":null}],"recoubs_count":3,"remixes_count":2,"likes_count":757,"dislikes_count":0,"raw_video_id":10968317,"uploaded_by_ios_app":false,"uploaded_by_android_app":false,"media_blocks":{"uploaded_raw_videos":[],"external_raw_videos":[{"id":24316680,"title":"Shot by natgeo","url":"http://instagram.com/p/BeLlBoAjQps/","image":null,"image_retina":null,"meta":{"service":"Instagram","duration":"32.48"},"duration":32.48,"raw_video_id":10968317,"has_embed":false}],"remixed_from_coubs":[],"external_video":{"id":24316680,"title":"Shot by natgeo","url":"http://instagram.com/p/BeLlBoAjQps/","image":null,"image_retina":null,"meta":{"service":"Instagram","duration":"32.48"},"duration":32.48,"raw_video_id":10968317,"has_embed":false}},"raw_video_thumbnail_url":"/missing/missing.png","raw_video_title":"Shot by natgeo","video_block_banned":false,"duration":10.0,"promo_winner":false,"promo_winner_recoubers":null,"editorial_info":{},"promo_hint":null,"beeline_best_2014":null,"from_web_editor":true,"normalize_sound":true,"normalize_change_allowed":true,"best2015_addable":false,"ahmad_promo":null,"promo_data":null,"audio_copyright_claim":null,"ads_disabled":false,"is_safe_for_ads":true,"megafon_contents":[],"position_on_page":1},{"flag":null,"abuses":null,"recoubs_by_users_channels":null,"favourite":false,"promoted_id":null,"recoub":null,"like":null,"dislike":null,"reaction":null,"in_my_best2015":false,"id":49455254,"type":"Coub::Simple","permalink":"szuu3","title":"another life","visibility_type":"public","original_visibility_type":"public","channel_id":2853313,"created_at":"2017-03-28T21:06:22Z","updated_at":"2022-02-16T09:38:42Z","is_done":true,"views_count":48142,"cotd":null,"cotd_at":null,"visible_on_explore_root":true,"visible_on_explore":true,"featured":true,"published":true,"published_at":"2017-03-28T21:06:22Z","reversed":false,"from_editor_v2":true,"is_editable":true,"original_sound":false,"has_sound":false,"recoub_to":null,"file_versions":{"html5":{"video":{"higher":{"url":"https://coub-anubis-a.akamaized.net/coub_storage/coub/simple/cw_file/7e0c0695f1a/cc64a243fbd9f6641ed48/muted_mp4_huge_size_1568099879_muted_huge.mp4","size":4305042},"high":{"url":"https://coub-anubis-a.akamaized.net/coub_storage/coub/simple/cw_file/7e0c0695f1a/cc64a243fbd9f6641ed48/muted_mp4_big_size_1568099879_muted_big.mp4","size":3258491},"med":{"url":"https://coub-anubis-a.akamaized.net/coub_storage/coub/simple/cw_file/7e0c0695f1a/cc64a243fbd9f6641ed48/muted_mp4_med_size_1568099879_muted_med.mp4","size":926919}}},"mobile":{"video":"https://coub-anubis-a.akamaized.net/coub_storage/coub/simple/cw_file/7e0c0695f1a/cc64a243fbd9f6641ed48/muted_mp4_med_size_1568099879_muted_med.mp4"},"share":{"default":"https://coub-anubis-a.akamaized.net/coub_storage/coub/simple/cw_video_for_sharing/52d5e808ea5/40ad7b616cdcdb1f8571b/1634697068_looped_1634697068.mp4"}},"audio_versions":{},"image_versions":{"template":"https://coub-anubis-a.akamaized.net/coub_storage/coub/simple/cw_image/a6bd1dafe5a/bfd2e3cafe7632ee95df1/1490735578_00032.jpg","versions":["micro","tiny","age_restricted","ios_large","ios_mosaic","big","med","small","pinterest"]},"first_frame_versions":{"template":"https://coub-anubis-a.akamaized.net/coub_storage/coub/simple/cw_timeline_pic/a01d3b2c81b/141633857daa741ada858/%{version}_1490735576_image.jpg","versions":["big","med","small","ios_large"]},"dimensions":{"big":[1280,720],"med":[640,360]},"site_w_h":[640,360],"page_w_h":[640,360],"site_w_h_small":[310,174],"size":[1280,720],"age_restricted":false,"age_restricted_by_admin":false,"not_safe_for_work":false,"allow_reuse":false,"dont_crop":false,"banned":false,"global_safe":true,"audio_file_url":null,"external_download":{"type":"Youtube","service_name":"YouTube","url":"http://www.youtube.com/watch?v=QZ5NFzh76ag","has_embed":true},"application":null,"channel":{"id":2853313,"permalink":"sky-watcher","title":"Sky Watcher","description":null,"followers_count":167,"following_count":12,"avatar_versions":{"template":"https://coub-anubis-a.akamaized.net/coub_storage/channel/cw_avatar/7a880a1246c/f5ca7377f77a57211111d/%{version}_1607750140_1en8is0_1489541810_a0d9a8ba9cd547d8b71d3bd6a04ba027.png","versions":["medium","medium_2x","profile_pic","profile_pic_new","profile_pic_new_2x","tiny","tiny_2x","small","small_2x","ios_large","ios_small"]}},"file":null,"picture":"https://coub-anubis-a.akamaized.net/coub_storage/coub/simple/cw_image/a6bd1dafe5a/bfd2e3cafe7632ee95df1/1490735578_00032.jpg","timeline_picture":"https://coub-anubis-a.akamaized.net/coub_storage/coub/simple/cw_timeline_pic/a01d3b2c81b/141633857daa741ada858/ios_large_1490735576_image.jpg","small_picture":"https://coub-anubis-a.akamaized.net/coub_storage/coub/simple/cw_image/a6bd1dafe5a/bfd2e3cafe7632ee95df1/1490735578_00032.jpg","sharing_picture":null,"percent_done":100,"tags":[{"id":57204,"title":"capture","value":"capture"},{"id":6961,"title":"green","value":"green"},{"id":1869,"title":"lake","value":"lake"}],"categories":[{"id":9,"title":"Nature & Travel","permalink":"nature-travel","subscriptions_count":10070807,"big_image_url":"https://coub-anubis-a.akamaized.net/coub_storage/category/cw_image/a4b57370b28/3c9d9a8cf4246d5a30610/big_1545567929_Nature.png","small_image_url":"https://coub-anubis-a.akamaized.net/coub_storage/category/cw_image/a4b57370b28/3c9d9a8cf4246d5a30610/small_1545567929_Nature.png","med_image_url":"https://coub-anubis-a.akamaized.net/coub_storage/category/cw_image/a4b57370b28/3c9d9a8cf4246d5a30610/med_1545567929_Nature.png","visible":true}],"communities":[{"id":9,"title":"Nature & Travel","permalink":"nature-travel","subscriptions_count":10070807,"big_image_url":"https://coub-anubis-a.akamaized.net/coub_storage/category/cw_image/a4b57370b28/3c9d9a8cf4246d5a30610/big_1545567929_Nature.png","small_image_url":"https://coub-anubis-a.akamaized.net/coub_storage/category/cw_image/a4b57370b28/3c9d9a8cf4246d5a30610/small_1545567929_Nature.png","med_image_url":"https://coub-anubis-a.akamaized.net/coub_storage/category/cw_image/a4b57370b28/3c9d9a8cf4246d5a30610/med_1545567929_Nature.png","i_subscribed":true,"community_notifications_enabled":null,"description":null}],"recoubs_count":227,"remixes_count":1,"likes_count":757,"dislikes_count":0,"raw_video_id":9361758,"uploaded_by_ios_app":false,"uploaded_by_android_app":false,"media_blocks":{"uploaded_raw_videos":[],"external_raw_videos":[{"id":14358800,"title":"During the Seasons, \"Green Lake \" Austria","url":"http://www.youtube.com/watch?v=QZ5NFzh76ag","image":"https://coub-anubis-a.akamaized.net/coub_storage/media_block/cw_image/ce91143d5bf/6d8d9d791efddc344adec/1490718711_1490718633_1l25jxu_att-url-download.jpg","image_retina":"https://coub-anubis-a.akamaized.net/coub_storage/media_block/cw_image/ce91143d5bf/6d8d9d791efddc344adec/1490718711_1490718633_1l25jxu_att-url-download.jpg","meta":{"service":"Youtube","duration":"301.92"},"duration":301.92,"raw_video_id":9361758,"has_embed":true}],"remixed_from_coubs":[],"external_video":{"id":14358800,"title":"During the Seasons, \"Green Lake \" Austria","url":"http://www.youtube.com/watch?v=QZ5NFzh76ag","image":"https://coub-anubis-a.akamaized.net/coub_storage/media_block/cw_image/ce91143d5bf/6d8d9d791efddc344adec/1490718711_1490718633_1l25jxu_att-url-download.jpg","image_retina":"https://coub-anubis-a.akamaized.net/coub_storage/media_block/cw_image/ce91143d5bf/6d8d9d791efddc344adec/1490718711_1490718633_1l25jxu_att-url-download.jpg","meta":{"service":"Youtube","duration":"301.92"},"duration":301.92,"raw_video_id":9361758,"has_embed":true}},"raw_video_thumbnail_url":"/missing/missing.png","raw_video_title":"During the Seasons, \"Green Lake \" Austria","video_block_banned":false,"duration":10.08,"promo_winner":false,"promo_winner_recoubers":null,"editorial_info":{},"promo_hint":null,"beeline_best_2014":null,"from_web_editor":true,"normalize_sound":true,"normalize_change_allowed":true,"best2015_addable":false,"ahmad_promo":null,"promo_data":null,"audio_copyright_claim":"Sony Music Entertainment Russia","ads_disabled":null,"is_safe_for_ads":true,"megafon_contents":[],"position_on_page":2},{"flag":null,"abuses":null,"recoubs_by_users_channels":null,"favourite":false,"promoted_id":null,"recoub":null,"like":null,"dislike":null,"reaction":null,"in_my_best2015":false,"id":48509253,"type":"Coub::Simple","permalink":"sfkw1","title":"Far From Any Road","visibility_type":"public","original_visibility_type":"public","channel_id":7715793,"created_at":"2017-03-07T11:46:31Z","updated_at":"2022-03-08T14:41:00Z","is_done":true,"views_count":50793,"cotd":null,"cotd_at":null,"visible_on_explore_root":true,"visible_on_explore":true,"featured":true,"published":true,"published_at":"2017-03-07T11:46:31Z","reversed":false,"from_editor_v2":true,"is_editable":true,"original_sound":false,"has_sound":false,"recoub_to":null,"file_versions":{"html5":{"video":{"higher":{"url":"https://coub-anubis-a.akamaized.net/coub_storage/coub/simple/cw_file/4585758ea65/b1e84e6e62624d9038821/muted_mp4_huge_size_1584431977_muted_huge.mp4","size":6874175},"high":{"url":"https://coub-anubis-a.akamaized.net/coub_storage/coub/simple/cw_file/4585758ea65/b1e84e6e62624d9038821/muted_mp4_big_size_1584431977_muted_big.mp4","size":5374110},"med":{"url":"https://coub-anubis-a.akamaized.net/coub_storage/coub/simple/cw_file/4585758ea65/b1e84e6e62624d9038821/muted_mp4_med_size_1584431977_muted_med.mp4","size":1557850}},"audio":{"high":{"url":"https://coub-anubis-a.akamaized.net/coub_storage/coub/simple/cw_looped_audio_high/a5b447af2d9/62b96a25f9d401e404048/1605585804_high_1584431985_high.mp3","size":710042},"med":{"url":"https://coub-anubis-a.akamaized.net/coub_storage/coub/simple/cw_looped_audio_med/1f3056d54eb/ce7acb5d9e56f7038981d/1605585804_med_1584431985_med.mp3","size":668716}}},"mobile":{"video":"https://coub-anubis-a.akamaized.net/coub_storage/coub/simple/cw_file/4585758ea65/b1e84e6e62624d9038821/muted_mp4_med_size_1584431977_muted_med.mp4","audio":["https://coub-anubis-a.akamaized.net/coub_storage/coub/simple/cw_looped_audio_med/1f3056d54eb/ce7acb5d9e56f7038981d/1605585804_med_1584431985_med.mp3"]},"share":{"default":"https://coub-anubis-a.akamaized.net/coub_storage/coub/simple/cw_video_for_sharing/6346f7bc12d/214f1b9d054bd3ff8f531/1617371861_looped_1617371860.mp4"}},"audio_versions":{"template":"https://coub-anubis-a.akamaized.net/coub_storage/audio_track/cw_file/4f7f1483048/da85610eecae5a695eb7d/mid_1584431978_vn4fwv_edited.mp3","versions":["mid","low"]},"image_versions":{"template":"https://coub-anubis-a.akamaized.net/coub_storage/coub/simple/cw_image/6d80417fa52/7d50e89184fb0fa30408c/1584431996_00032.jpg","versions":["micro","tiny","age_restricted","ios_large","ios_mosaic","big","med","small","pinterest"]},"first_frame_versions":{"template":"https://coub-anubis-a.akamaized.net/coub_storage/coub/simple/cw_timeline_pic/c8b25cdd603/650009c4532871e733d2a/%{version}_1584431995_image.jpg","versions":["big","med","small","ios_large"]},"dimensions":{"big":[1280,720],"med":[640,360]},"site_w_h":[640,360],"page_w_h":[640,360],"site_w_h_small":[310,174],"size":[1280,720],"age_restricted":false,"age_restricted_by_admin":false,"not_safe_for_work":false,"allow_reuse":false,"dont_crop":false,"banned":false,"global_safe":true,"audio_file_url":"https://coub-anubis-a.akamaized.net/coub_storage/audio_track/cw_file/4f7f1483048/da85610eecae5a695eb7d/low_1584431978_vn4fwv_edited.mp3","external_download":false,"application":null,"channel":{"id":7715793,"permalink":"le.volcan","title":"Le Volcan Travel","description":null,"followers_count":9,"following_count":0,"avatar_versions":{"template":"https://coub-anubis-a.akamaized.net/coub_storage/channel/cw_avatar/376cf0b567f/62046a17bf2f1c5607db0/%{version}_1607579234_1tljy1i_1581510282_eb97ed42406053.57ce225846fd2.jpg","versions":["medium","medium_2x","profile_pic","profile_pic_new","profile_pic_new_2x","tiny","tiny_2x","small","small_2x","ios_large","ios_small"]}},"file":null,"picture":"https://coub-anubis-a.akamaized.net/coub_storage/coub/simple/cw_image/6d80417fa52/7d50e89184fb0fa30408c/1584431996_00032.jpg","timeline_picture":"https://coub-anubis-a.akamaized.net/coub_storage/coub/simple/cw_timeline_pic/c8b25cdd603/650009c4532871e733d2a/ios_large_1584431995_image.jpg","small_picture":"https://coub-anubis-a.akamaized.net/coub_storage/coub/simple/cw_image/6d80417fa52/7d50e89184fb0fa30408c/1584431996_00032.jpg","sharing_picture":null,"percent_done":100,"tags":[{"id":56630,"title":"true detective","value":"true%20detective"},{"id":245506,"title":"far from any road","value":"far%20from%20any%20road"},{"id":1094,"title":"nature","value":"nature"},{"id":6961,"title":"green","value":"green"},{"id":22215,"title":"mood","value":"mood"},{"id":50,"title":"coub","value":"coub"},{"id":22217,"title":"calm","value":"calm"},{"id":42448,"title":"keep calm","value":"keep%20calm"},{"id":1862400,"title":"calm mood","value":"calm%20mood"},{"id":13854,"title":"matthew mcconaughey","value":"matthew%20mcconaughey"},{"id":41713,"title":"woody harrelson","value":"woody%20harrelson"},{"id":7531,"title":"folk","value":"folk"}],"categories":[{"id":9,"title":"Nature & Travel","permalink":"nature-travel","subscriptions_count":10070807,"big_image_url":"https://coub-anubis-a.akamaized.net/coub_storage/category/cw_image/a4b57370b28/3c9d9a8cf4246d5a30610/big_1545567929_Nature.png","small_image_url":"https://coub-anubis-a.akamaized.net/coub_storage/category/cw_image/a4b57370b28/3c9d9a8cf4246d5a30610/small_1545567929_Nature.png","med_image_url":"https://coub-anubis-a.akamaized.net/coub_storage/category/cw_image/a4b57370b28/3c9d9a8cf4246d5a30610/med_1545567929_Nature.png","visible":true}],"communities":[{"id":9,"title":"Nature & Travel","permalink":"nature-travel","subscriptions_count":10070807,"big_image_url":"https://coub-anubis-a.akamaized.net/coub_storage/category/cw_image/a4b57370b28/3c9d9a8cf4246d5a30610/big_1545567929_Nature.png","small_image_url":"https://coub-anubis-a.akamaized.net/coub_storage/category/cw_image/a4b57370b28/3c9d9a8cf4246d5a30610/small_1545567929_Nature.png","med_image_url":"https://coub-anubis-a.akamaized.net/coub_storage/category/cw_image/a4b57370b28/3c9d9a8cf4246d5a30610/med_1545567929_Nature.png","i_subscribed":true,"community_notifications_enabled":null,"description":null}],"recoubs_count":191,"remixes_count":2,"likes_count":757,"dislikes_count":0,"raw_video_id":9234786,"uploaded_by_ios_app":false,"uploaded_by_android_app":false,"media_blocks":{"uploaded_raw_videos":[],"external_raw_videos":[],"remixed_from_coubs":[]},"raw_video_thumbnail_url":"/missing/missing.png","raw_video_title":"A_Tribute_to_True_Detective.mov","video_block_banned":false,"duration":10.04,"promo_winner":false,"promo_winner_recoubers":null,"editorial_info":{},"promo_hint":null,"beeline_best_2014":null,"from_web_editor":true,"normalize_sound":false,"normalize_change_allowed":true,"best2015_addable":false,"ahmad_promo":null,"promo_data":null,"audio_copyright_claim":null,"ads_disabled":null,"is_safe_for_ads":true,"megafon_contents":[],"position_on_page":3},{"flag":null,"abuses":null,"recoubs_by_users_channels":null,"favourite":false,"promoted_id":null,"recoub":null,"like":null,"dislike":null,"reaction":null,"in_my_best2015":false,"id":10992997,"type":"Coub::Simple","permalink":"63gwv","title":"1 Million Fish","visibility_type":"public","original_visibility_type":"public","channel_id":6457,"created_at":"2015-04-24T13:38:09Z","updated_at":"2022-03-09T15:17:33Z","is_done":true,"views_count":25493,"cotd":null,"cotd_at":null,"visible_on_explore_root":true,"visible_on_explore":true,"featured":true,"published":true,"published_at":"2015-04-24T13:38:09Z","reversed":false,"from_editor_v2":true,"is_editable":true,"original_sound":false,"has_sound":false,"recoub_to":null,"file_versions":{"html5":{"video":{"higher":{"url":"https://coub-anubis-a.akamaized.net/coub_storage/coub/simple/cw_file/60eef825149/982a814da1b34e8779694/muted_mp4_huge_size_1567766189_muted_huge.mp4","size":9056379},"high":{"url":"https://coub-anubis-a.akamaized.net/coub_storage/coub/simple/cw_file/60eef825149/982a814da1b34e8779694/muted_mp4_big_size_1567766189_muted_big.mp4","size":5780017},"med":{"url":"https://coub-anubis-a.akamaized.net/coub_storage/coub/simple/cw_file/60eef825149/982a814da1b34e8779694/muted_mp4_med_size_1567766189_muted_med.mp4","size":2135157}},"audio":{"high":{"url":"https://coub-anubis-a.akamaized.net/coub_storage/coub/simple/cw_looped_audio_high/7230674fdba/f6a59225110bbbf688629/1605450480_high_1446019194_high.mp3","size":4117732},"med":{"url":"https://coub-anubis-a.akamaized.net/coub_storage/coub/simple/cw_looped_audio_med/6ed8df561e5/e753548cbcf5f6802e0e6/1605450480_med_1446019194_med.mp3","size":2745154}}},"mobile":{"video":"https://coub-anubis-a.akamaized.net/coub_storage/coub/simple/cw_file/60eef825149/982a814da1b34e8779694/muted_mp4_med_size_1567766189_muted_med.mp4","audio":["https://coub-anubis-a.akamaized.net/coub_storage/coub/simple/cw_looped_audio_med/6ed8df561e5/e753548cbcf5f6802e0e6/1605450480_med_1446019194_med.mp3"]},"share":{"default":"https://coub-anubis-a.akamaized.net/coub_storage/coub/simple/cw_video_for_sharing/5152a959517/3b8c54c2d3a1510315845/1630510634_looped_1630510632.mp4"}},"audio_versions":{"template":"https://coub-anubis-a.akamaized.net/coub_storage/audio_track/cw_normalized_copy/ea5b040be6a/8ba1c91d72eb8a370703f/mid_1471118907_1nhowx7_normalized_1430375591_audio.mp3","versions":["mid","low"]},"image_versions":{"template":"https://coub-anubis-a.akamaized.net/coub_storage/coub/simple/cw_image/ed6719404df/65c0ba080b2459067ca46/1429883025_00032.jpg","versions":["micro","tiny","age_restricted","ios_large","ios_mosaic","big","med","small","pinterest"]},"first_frame_versions":{"template":"https://coub-anubis-a.akamaized.net/coub_storage/coub/simple/cw_timeline_pic/8d957febc06/1769769f09a536ebd92b9/%{version}_1429883022_image.jpg","versions":["big","med","small","ios_large"]},"dimensions":{"big":[1280,720],"med":[640,360]},"site_w_h":[640,360],"page_w_h":[640,360],"site_w_h_small":[310,174],"size":[1280,720],"age_restricted":false,"age_restricted_by_admin":false,"not_safe_for_work":false,"allow_reuse":false,"dont_crop":false,"banned":false,"global_safe":true,"audio_file_url":"https://coub-anubis-a.akamaized.net/coub_storage/audio_track/cw_normalized_copy/ea5b040be6a/8ba1c91d72eb8a370703f/low_1471118907_1nhowx7_normalized_1430375591_audio.mp3","external_download":{"type":"Youtube","service_name":"YouTube","url":"http://www.youtube.com/watch?v=poF-_lqwG3E","has_embed":true},"application":null,"channel":{"id":6457,"permalink":"kirill-legkij","title":"Kirill Lyogkiy","description":null,"followers_count":430,"following_count":18,"avatar_versions":{"template":"https://coub-anubis-a.akamaized.net/coub_storage/channel/cw_avatar/14544561319/bfd64c0d2e5248cb291ad/%{version}_1474480122_90076506_289617171.jpg","versions":["medium","medium_2x","profile_pic","profile_pic_new","profile_pic_new_2x","tiny","tiny_2x","small","small_2x","ios_large","ios_small"]}},"file":null,"picture":"https://coub-anubis-a.akamaized.net/coub_storage/coub/simple/cw_image/ed6719404df/65c0ba080b2459067ca46/1429883025_00032.jpg","timeline_picture":"https://coub-anubis-a.akamaized.net/coub_storage/coub/simple/cw_timeline_pic/8d957febc06/1769769f09a536ebd92b9/ios_large_1429883022_image.jpg","small_picture":"https://coub-anubis-a.akamaized.net/coub_storage/coub/simple/cw_image/ed6719404df/65c0ba080b2459067ca46/1429883025_00032.jpg","sharing_picture":null,"percent_done":100,"tags":[{"id":6400,"title":"swim","value":"swim"},{"id":1530,"title":"swimming","value":"swimming"},{"id":135,"title":"water","value":"water"},{"id":1564,"title":"sea","value":"sea"},{"id":915967,"title":"1 million fish","value":"1%20million%20fish"},{"id":4881,"title":"gopro","value":"gopro"},{"id":19865,"title":"go pro","value":"go%20pro"},{"id":430,"title":"fish","value":"fish"}],"categories":[{"id":9,"title":"Nature & Travel","permalink":"nature-travel","subscriptions_count":10070807,"big_image_url":"https://coub-anubis-a.akamaized.net/coub_storage/category/cw_image/a4b57370b28/3c9d9a8cf4246d5a30610/big_1545567929_Nature.png","small_image_url":"https://coub-anubis-a.akamaized.net/coub_storage/category/cw_image/a4b57370b28/3c9d9a8cf4246d5a30610/small_1545567929_Nature.png","med_image_url":"https://coub-anubis-a.akamaized.net/coub_storage/category/cw_image/a4b57370b28/3c9d9a8cf4246d5a30610/med_1545567929_Nature.png","visible":true}],"communities":[{"id":9,"title":"Nature & Travel","permalink":"nature-travel","subscriptions_count":10070807,"big_image_url":"https://coub-anubis-a.akamaized.net/coub_storage/category/cw_image/a4b57370b28/3c9d9a8cf4246d5a30610/big_1545567929_Nature.png","small_image_url":"https://coub-anubis-a.akamaized.net/coub_storage/category/cw_image/a4b57370b28/3c9d9a8cf4246d5a30610/small_1545567929_Nature.png","med_image_url":"https://coub-anubis-a.akamaized.net/coub_storage/category/cw_image/a4b57370b28/3c9d9a8cf4246d5a30610/med_1545567929_Nature.png","i_subscribed":true,"community_notifications_enabled":null,"description":null}],"recoubs_count":155,"remixes_count":0,"likes_count":757,"dislikes_count":0,"raw_video_id":1307343,"uploaded_by_ios_app":false,"uploaded_by_android_app":false,"media_blocks":{"uploaded_raw_videos":[],"external_raw_videos":[{"id":11788159,"title":"GoPro: 1 Million Fish","url":"http://www.youtube.com/watch?v=poF-_lqwG3E","image":"https://coub-anubis-a.akamaized.net/coub_storage/media_block/cw_image/93e93001150/2ee1ccc33bdccc833a16c/1492502246_1429868709_1sgqrpe_att-url-download.jpg","image_retina":"https://coub-anubis-a.akamaized.net/coub_storage/media_block/cw_image/93e93001150/2ee1ccc33bdccc833a16c/1492502246_1429868709_1sgqrpe_att-url-download.jpg","meta":{"service":"Youtube","duration":"112.212"},"duration":112.212,"raw_video_id":1307343,"has_embed":true}],"remixed_from_coubs":[],"external_video":{"id":11788159,"title":"GoPro: 1 Million Fish","url":"http://www.youtube.com/watch?v=poF-_lqwG3E","image":"https://coub-anubis-a.akamaized.net/coub_storage/media_block/cw_image/93e93001150/2ee1ccc33bdccc833a16c/1492502246_1429868709_1sgqrpe_att-url-download.jpg","image_retina":"https://coub-anubis-a.akamaized.net/coub_storage/media_block/cw_image/93e93001150/2ee1ccc33bdccc833a16c/1492502246_1429868709_1sgqrpe_att-url-download.jpg","meta":{"service":"Youtube","duration":"112.212"},"duration":112.212,"raw_video_id":1307343,"has_embed":true},"audio_track":{"id":19580482,"title":"Beyond The Sea","url":"https://geo.itunes.apple.com/us/album/beyond-the-sea/id30394501?i=30394555&uo=4&at=10l5bB&app=music","image":"https://coub-anubis-a.akamaized.net/coub_storage/media_block/cw_image/e578a1be710/51ac429ed333b6a40cbbf/1492090828_1471118947_1t5qv07_att-url-download.jpg","image_retina":"https://coub-anubis-a.akamaized.net/coub_storage/media_block/cw_image/e578a1be710/51ac429ed333b6a40cbbf/1492090828_1471118947_1t5qv07_att-url-download.jpg","meta":{"year":null,"album":"The Hit Singles Collection","title":"Beyond The Sea","artist":"Bobby Darin","echonest_id":null},"duration":null,"amazon_url":null,"google_play_url":null,"bandcamp_url":null,"soundcloud_url":null,"track_name":null,"track_artist":null,"track_album":null,"itunes_url":"https://geo.itunes.apple.com/us/album/beyond-the-sea/id30394501?i=30394555&uo=4&at=10l5bB&app=music"}},"raw_video_thumbnail_url":"/missing/missing.png","raw_video_title":"GoPro: 1 Million Fish","video_block_banned":false,"duration":10.04,"promo_winner":false,"promo_winner_recoubers":null,"editorial_info":{},"promo_hint":null,"beeline_best_2014":null,"from_web_editor":true,"normalize_sound":true,"normalize_change_allowed":true,"best2015_addable":false,"ahmad_promo":null,"promo_data":null,"audio_copyright_claim":null,"ads_disabled":null,"is_safe_for_ads":true,"megafon_contents":[],"position_on_page":4},{"flag":null,"abuses":null,"recoubs_by_users_channels":null,"favourite":false,"promoted_id":null,"recoub":null,"like":null,"dislike":null,"reaction":null,"in_my_best2015":false,"id":4768384,"type":"Coub::Simple","permalink":"2e1xk","title":"Water","visibility_type":"public","original_visibility_type":"public","channel_id":1044621,"created_at":"2014-07-07T20:02:22Z","updated_at":"2022-03-07T23:57:41Z","is_done":true,"views_count":42355,"cotd":null,"cotd_at":null,"visible_on_explore_root":true,"visible_on_explore":true,"featured":true,"published":true,"published_at":"2014-07-07T20:02:22Z","reversed":false,"from_editor_v2":true,"is_editable":true,"original_sound":false,"has_sound":false,"recoub_to":null,"file_versions":{"html5":{"video":{"higher":{"url":"https://coub-anubis-a.akamaized.net/coub_storage/coub/simple/cw_file/5297db7b2bb/bbc87e5b2f9e3a094facb/muted_mp4_huge_size_1567720949_muted_huge.mp4","size":2988905},"high":{"url":"https://coub-anubis-a.akamaized.net/coub_storage/coub/simple/cw_file/5297db7b2bb/bbc87e5b2f9e3a094facb/muted_mp4_big_size_1567720949_muted_big.mp4","size":2211616},"med":{"url":"https://coub-anubis-a.akamaized.net/coub_storage/coub/simple/cw_file/5297db7b2bb/bbc87e5b2f9e3a094facb/muted_mp4_med_size_1567720949_muted_med.mp4","size":838731}},"audio":{"high":{"url":"https://coub-anubis-a.akamaized.net/coub_storage/coub/simple/cw_looped_audio_high/43ceb49e9c7/281c2deebfcf8149b7a8c/1605431669_high_1445982096_high.mp3","size":2186134},"med":{"url":"https://coub-anubis-a.akamaized.net/coub_storage/coub/simple/cw_looped_audio_med/7f339e90bf0/c9266eea7482e7e1d2a17/1605431669_med_1445982096_med.mp3","size":1457422}}},"mobile":{"video":"https://coub-anubis-a.akamaized.net/coub_storage/coub/simple/cw_file/5297db7b2bb/bbc87e5b2f9e3a094facb/muted_mp4_med_size_1567720949_muted_med.mp4","audio":["https://coub-anubis-a.akamaized.net/coub_storage/coub/simple/cw_looped_audio_med/7f339e90bf0/c9266eea7482e7e1d2a17/1605431669_med_1445982096_med.mp3"]},"share":{"default":"https://coub-anubis-a.akamaized.net/coub_storage/coub/simple/cw_video_for_sharing/6a668d593b9/39ad3182122d76cdf0e2a/1616958728_looped_1616958727.mp4"}},"audio_versions":{"template":"https://coub-anubis-a.akamaized.net/coub_storage/coub/simple/cw_audio/2ebf778fe82/98c698336fdc281b7d250/mid_1407391178_1404763488_out.mp3","versions":["mid","low"]},"image_versions":{"template":"https://coub-anubis-a.akamaized.net/coub_storage/coub/simple/cw_image/2ebf778fe82/98c698336fdc281b7d250/1411412465_1404763489_00013.jpg","versions":["micro","tiny","age_restricted","ios_large","ios_mosaic","big","med","small","pinterest"]},"first_frame_versions":{"template":"https://coub-anubis-a.akamaized.net/coub_storage/coub/simple/cw_timeline_pic/2ebf778fe82/98c698336fdc281b7d250/%{version}_1411647650_1404763488_image.jpg","versions":["big","med","small","ios_large"]},"dimensions":{"big":[1280,726],"med":[640,362]},"site_w_h":[640,363],"page_w_h":[640,363],"site_w_h_small":[310,176],"size":[1280,726],"age_restricted":false,"age_restricted_by_admin":false,"not_safe_for_work":null,"allow_reuse":false,"dont_crop":false,"banned":false,"global_safe":true,"audio_file_url":"https://coub-anubis-a.akamaized.net/coub_storage/coub/simple/cw_audio/2ebf778fe82/98c698336fdc281b7d250/low_1407391178_1404763488_out.mp3","external_download":{"type":"Youtube","service_name":"YouTube","url":"http://www.youtube.com/watch?v=_f0TNK7fb1w","has_embed":true},"application":null,"channel":{"id":1044621,"permalink":"nshcoubfeed","title":"n | s | h","description":null,"followers_count":280,"following_count":262,"avatar_versions":{"template":"https://coub-anubis-a.akamaized.net/coub_storage/channel/cw_avatar/3886e5127b6/aafc14123d80b3a597973/%{version}_1608375410_ovj0wy_1474663752_q8jxgf_att-url-download.jpg","versions":["medium","medium_2x","profile_pic","profile_pic_new","profile_pic_new_2x","tiny","tiny_2x","small","small_2x","ios_large","ios_small"]}},"file":null,"picture":"https://coub-anubis-a.akamaized.net/coub_storage/coub/simple/cw_image/2ebf778fe82/98c698336fdc281b7d250/1411412465_1404763489_00013.jpg","timeline_picture":"https://coub-anubis-a.akamaized.net/coub_storage/coub/simple/cw_timeline_pic/2ebf778fe82/98c698336fdc281b7d250/ios_large_1411647650_1404763488_image.jpg","small_picture":"https://coub-anubis-a.akamaized.net/coub_storage/coub/simple/cw_image/2ebf778fe82/98c698336fdc281b7d250/1411412465_1404763489_00013.jpg","sharing_picture":null,"percent_done":100,"tags":[{"id":428686,"title":"/m/0bjmrb","value":"/m/0bjmrb"},{"id":428682,"title":"/m/0c1hlxy","value":"/m/0c1hlxy"},{"id":428677,"title":"/m/0c1hlwz","value":"/m/0c1hlwz"},{"id":428674,"title":"/m/0525b","value":"/m/0525b"},{"id":428670,"title":"/m/01kb2j","value":"/m/01kb2j"},{"id":251455,"title":"/m/05dbf","value":"/m/05dbf"},{"id":428668,"title":"#amg:v+++272631","value":"%23amg:v+++272631"},{"id":10997,"title":"movieclipsdotcom","value":"movieclipsdotcom"},{"id":10992,"title":"movie clips","value":"movie%20clips"},{"id":397003,"title":"mark huffam","value":"mark%20huffam"},{"id":52578,"title":"scott rudin","value":"scott%20rudin"},{"id":193347,"title":"tearjerkers","value":"tearjerkers"},{"id":18248,"title":"lesbian","value":"lesbian"},{"id":16067,"title":"gay lesbian","value":"gay%20lesbian"},{"id":15849,"title":"dramas based on the book","value":"dramas%20based%20on%20the%20book"},{"id":3166,"title":"drama","value":"drama"},{"id":19035,"title":"20th century period pieces","value":"20th%20century%20period%20pieces"},{"id":428661,"title":"gay lesbian dramas","value":"gay%20lesbian%20dramas"},{"id":188574,"title":"water videos","value":"water%20videos"},{"id":428658,"title":"pill videos","value":"pill%20videos"},{"id":303413,"title":"cookie videos","value":"cookie%20videos"},{"id":28273,"title":"book videos","value":"book%20videos"},{"id":419602,"title":"stephen daldry","value":"stephen%20daldry"},{"id":428655,"title":"sophie wyburd","value":"sophie%20wyburd"},{"id":428650,"title":"charley ramm","value":"charley%20ramm"},{"id":428640,"title":"george loftus","value":"george%20loftus"},{"id":428638,"title":"miranda richardson","value":"miranda%20richardson"},{"id":10058,"title":"julianne moore","value":"julianne%20moore"},{"id":31308,"title":"nicole kidman","value":"nicole%20kidman"},{"id":428634,"title":"the hours soundtrack","value":"the%20hours%20soundtrack"},{"id":428632,"title":"the hours trailer","value":"the%20hours%20trailer"},{"id":428629,"title":"the hours clip","value":"the%20hours%20clip"},{"id":428628,"title":"the hours","value":"the%20hours"},{"id":570,"title":"slow motion water","value":"slow%20motion%20water"},{"id":135,"title":"water","value":"water"},{"id":3443,"title":"woman","value":"woman"},{"id":528,"title":"death","value":"death"},{"id":73244,"title":"movie moments","value":"movie%20moments"}],"categories":[{"id":9,"title":"Nature & Travel","permalink":"nature-travel","subscriptions_count":10070807,"big_image_url":"https://coub-anubis-a.akamaized.net/coub_storage/category/cw_image/a4b57370b28/3c9d9a8cf4246d5a30610/big_1545567929_Nature.png","small_image_url":"https://coub-anubis-a.akamaized.net/coub_storage/category/cw_image/a4b57370b28/3c9d9a8cf4246d5a30610/small_1545567929_Nature.png","med_image_url":"https://coub-anubis-a.akamaized.net/coub_storage/category/cw_image/a4b57370b28/3c9d9a8cf4246d5a30610/med_1545567929_Nature.png","visible":true}],"communities":[{"id":9,"title":"Nature & Travel","permalink":"nature-travel","subscriptions_count":10070807,"big_image_url":"https://coub-anubis-a.akamaized.net/coub_storage/category/cw_image/a4b57370b28/3c9d9a8cf4246d5a30610/big_1545567929_Nature.png","small_image_url":"https://coub-anubis-a.akamaized.net/coub_storage/category/cw_image/a4b57370b28/3c9d9a8cf4246d5a30610/small_1545567929_Nature.png","med_image_url":"https://coub-anubis-a.akamaized.net/coub_storage/category/cw_image/a4b57370b28/3c9d9a8cf4246d5a30610/med_1545567929_Nature.png","i_subscribed":true,"community_notifications_enabled":null,"description":null}],"recoubs_count":242,"remixes_count":1,"likes_count":757,"dislikes_count":0,"raw_video_id":47891,"uploaded_by_ios_app":false,"uploaded_by_android_app":false,"media_blocks":{"uploaded_raw_videos":[],"external_raw_videos":[{"id":10949802,"title":"The Hours (5/11) Movie CLIP - To Kill or Not to Kill the Heroine (2002) HD","url":"http://www.youtube.com/watch?v=_f0TNK7fb1w","image":"https://coub-anubis-a.akamaized.net/coub_storage/media_block/cw_image/031df6ea4d8/de49521aae6ac6445bf59/1492447152_1407439990_1395322812_17831tj_att-url-download.jpg","image_retina":"https://coub-anubis-a.akamaized.net/coub_storage/media_block/cw_image/031df6ea4d8/de49521aae6ac6445bf59/1492447152_1407439990_1395322812_17831tj_att-url-download.jpg","meta":{"service":"Youtube","duration":"158.64"},"duration":158.64,"raw_video_id":47891,"has_embed":true}],"remixed_from_coubs":[],"audio_track":{"id":19326259,"title":"Mother's Journey","url":"https://geo.itunes.apple.com/us/album/mothers-journey/id693364371?i=693364383&uo=4&at=10l5bB&app=music","image":"https://coub-anubis-a.akamaized.net/coub_storage/media_block/cw_image/790c845b88c/26e4ae5f12adbdde108c9/1492072441_1471167980_1404762814_1l4tzie_att-url-download.jpg","image_retina":"https://coub-anubis-a.akamaized.net/coub_storage/media_block/cw_image/790c845b88c/26e4ae5f12adbdde108c9/1492072441_1471167980_1404762814_1l4tzie_att-url-download.jpg","meta":{"year":null,"album":null,"title":"Mother's Journey","artist":"Yann Tiersen","echonest_id":null},"duration":null,"amazon_url":null,"google_play_url":null,"bandcamp_url":null,"soundcloud_url":null,"track_name":null,"track_artist":null,"track_album":null,"itunes_url":"https://geo.itunes.apple.com/us/album/mothers-journey/id693364371?i=693364383&uo=4&at=10l5bB&app=music"},"external_video":{"id":10949802,"title":"The Hours (5/11) Movie CLIP - To Kill or Not to Kill the Heroine (2002) HD","url":"http://www.youtube.com/watch?v=_f0TNK7fb1w","image":"https://coub-anubis-a.akamaized.net/coub_storage/media_block/cw_image/031df6ea4d8/de49521aae6ac6445bf59/1492447152_1407439990_1395322812_17831tj_att-url-download.jpg","image_retina":"https://coub-anubis-a.akamaized.net/coub_storage/media_block/cw_image/031df6ea4d8/de49521aae6ac6445bf59/1492447152_1407439990_1395322812_17831tj_att-url-download.jpg","meta":{"service":"Youtube","duration":"158.64"},"duration":158.64,"raw_video_id":47891,"has_embed":true}},"raw_video_thumbnail_url":"/missing/missing.png","raw_video_title":"The Hours (5/11) Movie CLIP - To Kill or Not to Kill the Heroine (2002) HD","video_block_banned":false,"duration":4.0,"promo_winner":false,"promo_winner_recoubers":null,"editorial_info":{},"promo_hint":null,"beeline_best_2014":null,"from_web_editor":true,"normalize_sound":true,"normalize_change_allowed":true,"best2015_addable":false,"ahmad_promo":null,"promo_data":null,"audio_copyright_claim":null,"ads_disabled":null,"is_safe_for_ads":true,"megafon_contents":[],"position_on_page":5},{"flag":null,"abuses":null,"recoubs_by_users_channels":null,"favourite":false,"promoted_id":null,"recoub":null,"like":null,"dislike":null,"reaction":null,"in_my_best2015":false,"id":153908635,"type":"Coub::Simple","permalink":"2jabfe","title":"Brienz, Switzerland","visibility_type":"public","original_visibility_type":"public","channel_id":4665472,"created_at":"2020-09-15T18:40:19Z","updated_at":"2022-03-07T15:08:10Z","is_done":true,"views_count":57549,"cotd":null,"cotd_at":null,"visible_on_explore_root":false,"visible_on_explore":false,"featured":false,"published":true,"published_at":"2020-09-15T18:40:19Z","reversed":true,"from_editor_v2":true,"is_editable":true,"original_sound":false,"has_sound":false,"recoub_to":null,"file_versions":{"html5":{"video":{"higher":{"url":"https://coub-anubis-a.akamaized.net/coub_storage/coub/simple/cw_file/d5478ac0543/6968376539406bfa285cf/muted_mp4_huge_size_1600195235_muted_huge.mp4","size":5189017},"high":{"url":"https://coub-anubis-a.akamaized.net/coub_storage/coub/simple/cw_file/d5478ac0543/6968376539406bfa285cf/muted_mp4_big_size_1600195235_muted_big.mp4","size":3195180},"med":{"url":"https://coub-anubis-a.akamaized.net/coub_storage/coub/simple/cw_file/d5478ac0543/6968376539406bfa285cf/muted_mp4_med_size_1600195235_muted_med.mp4","size":1039385}},"audio":{"high":{"url":"https://coub-anubis-a.akamaized.net/coub_storage/coub/simple/cw_looped_audio_high/6d96a9d26b2/245a3dfa5f8cb96128df5/1607331017_high_1600195279_high.mp3","size":4149076},"med":{"url":"https://coub-anubis-a.akamaized.net/coub_storage/coub/simple/cw_looped_audio_med/b9c56b7fdce/c0a9c962461a7a942c53f/1607331016_med_1600195279_med.mp3","size":2927326}}},"mobile":{"video":"https://coub-anubis-a.akamaized.net/coub_storage/coub/simple/cw_file/d5478ac0543/6968376539406bfa285cf/muted_mp4_med_size_1600195235_muted_med.mp4","audio":["https://coub-anubis-a.akamaized.net/coub_storage/coub/simple/cw_looped_audio_med/b9c56b7fdce/c0a9c962461a7a942c53f/1607331016_med_1600195279_med.mp3"]},"share":{"default":"https://coub-anubis-a.akamaized.net/coub_storage/coub/simple/cw_video_for_sharing/c739cc68049/c876ab3a99cacea7198e4/1608577732_looped_1608577729.mp4"}},"audio_versions":{"template":"https://coub-anubis-a.akamaized.net/coub_storage/audio_track/cw_file/5fbfec150a6/d97e9043cbe39e506da7d/mid_1600195241_61frr3_edited.mp3","versions":["mid","low"]},"image_versions":{"template":"https://coub-anubis-a.akamaized.net/coub_storage/coub/simple/cw_image/629693eaff7/0a75eb465c9aae4ad303f/1600195309_00058.jpg","versions":["micro","tiny","age_restricted","ios_large","ios_mosaic","big","med","small","pinterest"]},"first_frame_versions":{"template":"https://coub-anubis-a.akamaized.net/coub_storage/coub/simple/cw_timeline_pic/8671a544d3e/5b8c6a5c1c33e882056a3/%{version}_1600195308_image.jpg","versions":["big","med","small","ios_large"]},"dimensions":{"big":[540,960],"med":[270,480]},"site_w_h":[225,400],"page_w_h":[400,711],"site_w_h_small":[310,551],"size":[540,960],"age_restricted":false,"age_restricted_by_admin":false,"not_safe_for_work":false,"allow_reuse":false,"dont_crop":false,"banned":false,"global_safe":null,"audio_file_url":"https://coub-anubis-a.akamaized.net/coub_storage/audio_track/cw_file/5fbfec150a6/d97e9043cbe39e506da7d/low_1600195241_61frr3_edited.mp3","external_download":false,"application":null,"channel":{"id":4665472,"permalink":"swypetvcoub","title":"So_ORex","description":null,"followers_count":137,"following_count":40,"avatar_versions":{"template":"https://coub-anubis-a.akamaized.net/coub_storage/channel/cw_avatar/1f99a74f60f/9ede8a22cf026de347f65/%{version}_1607421447_1k0fahd_1597290244_____.png","versions":["medium","medium_2x","profile_pic","profile_pic_new","profile_pic_new_2x","tiny","tiny_2x","small","small_2x","ios_large","ios_small"]}},"file":null,"picture":"https://coub-anubis-a.akamaized.net/coub_storage/coub/simple/cw_image/629693eaff7/0a75eb465c9aae4ad303f/1600195309_00058.jpg","timeline_picture":"https://coub-anubis-a.akamaized.net/coub_storage/coub/simple/cw_timeline_pic/8671a544d3e/5b8c6a5c1c33e882056a3/ios_large_1600195308_image.jpg","small_picture":"https://coub-anubis-a.akamaized.net/coub_storage/coub/simple/cw_image/629693eaff7/0a75eb465c9aae4ad303f/1600195309_00058.jpg","sharing_picture":null,"percent_done":100,"tags":[{"id":20371,"title":"switzerland","value":"switzerland"},{"id":3276419,"title":"switzerland (country)","value":"switzerland%20(country)"},{"id":5177471,"title":"switzerland landscape","value":"switzerland%20landscape"},{"id":4690520,"title":"switzerland 4k","value":"switzerland%204k"},{"id":2849690,"title":"switzerland national anthem","value":"switzerland%20national%20anthem"},{"id":5246121,"title":"brienz","value":"brienz"},{"id":13569,"title":"landscape","value":"landscape"},{"id":86517,"title":"landscapes","value":"landscapes"},{"id":4708239,"title":"landscapes of nature","value":"landscapes%20of%20nature"},{"id":4677803,"title":"landscape nature","value":"landscape%20nature"},{"id":1094,"title":"nature","value":"nature"},{"id":1931541,"title":"nature & travel","value":"nature%20&%20travel"},{"id":3305630,"title":"nature gifs","value":"nature%20gifs"},{"id":216772,"title":"nature video","value":"nature%20video"},{"id":3216848,"title":"nature is amazing","value":"nature%20is%20amazing"},{"id":168028,"title":"nature coub","value":"nature%20coub"},{"id":3572081,"title":"nature and travel","value":"nature%20and%20travel"},{"id":397381,"title":"in my mind","value":"in%20my%20mind"},{"id":2634028,"title":"in my mind in my head","value":"in%20my%20mind%20in%20my%20head"},{"id":3456064,"title":"in my mind (dynoro remix)","value":"in%20my%20mind%20(dynoro%20remix)"},{"id":3457482,"title":"in my mind dynoro","value":"in%20my%20mind%20dynoro"},{"id":3457483,"title":"in my mind remix","value":"in%20my%20mind%20remix"},{"id":50,"title":"coub","value":"coub"},{"id":105373,"title":"coub of the day","value":"coub%20of%20the%20day"},{"id":128369,"title":"coub music","value":"coub%20music"},{"id":168346,"title":"coub video","value":"coub%20video"},{"id":273137,"title":"coub best","value":"coub%20best"},{"id":3772740,"title":"coub weeks","value":"coub%20weeks"},{"id":403539,"title":"coub of the year","value":"coub%20of%20the%20year"},{"id":86,"title":"music","value":"music"},{"id":735,"title":"music video","value":"music%20video"},{"id":39840,"title":"music coub","value":"music%20coub"},{"id":118382,"title":"music loop","value":"music%20loop"}],"categories":[{"id":9,"title":"Nature & Travel","permalink":"nature-travel","subscriptions_count":10070807,"big_image_url":"https://coub-anubis-a.akamaized.net/coub_storage/category/cw_image/a4b57370b28/3c9d9a8cf4246d5a30610/big_1545567929_Nature.png","small_image_url":"https://coub-anubis-a.akamaized.net/coub_storage/category/cw_image/a4b57370b28/3c9d9a8cf4246d5a30610/small_1545567929_Nature.png","med_image_url":"https://coub-anubis-a.akamaized.net/coub_storage/category/cw_image/a4b57370b28/3c9d9a8cf4246d5a30610/med_1545567929_Nature.png","visible":true}],"communities":[{"id":9,"title":"Nature & Travel","permalink":"nature-travel","subscriptions_count":10070807,"big_image_url":"https://coub-anubis-a.akamaized.net/coub_storage/category/cw_image/a4b57370b28/3c9d9a8cf4246d5a30610/big_1545567929_Nature.png","small_image_url":"https://coub-anubis-a.akamaized.net/coub_storage/category/cw_image/a4b57370b28/3c9d9a8cf4246d5a30610/small_1545567929_Nature.png","med_image_url":"https://coub-anubis-a.akamaized.net/coub_storage/category/cw_image/a4b57370b28/3c9d9a8cf4246d5a30610/med_1545567929_Nature.png","i_subscribed":true,"community_notifications_enabled":null,"description":null}],"recoubs_count":116,"remixes_count":0,"likes_count":756,"dislikes_count":0,"raw_video_id":15674123,"uploaded_by_ios_app":false,"uploaded_by_android_app":false,"media_blocks":{"uploaded_raw_videos":[],"external_raw_videos":[],"remixed_from_coubs":[]},"raw_video_thumbnail_url":"/missing/missing.png","raw_video_title":"Brienz__Switzerland.mp4","video_block_banned":false,"duration":18.24,"promo_winner":false,"promo_winner_recoubers":null,"editorial_info":{},"promo_hint":null,"beeline_best_2014":null,"from_web_editor":true,"normalize_sound":false,"normalize_change_allowed":true,"best2015_addable":false,"ahmad_promo":null,"promo_data":null,"audio_copyright_claim":null,"ads_disabled":false,"is_safe_for_ads":true,"megafon_contents":[],"position_on_page":6},{"flag":null,"abuses":null,"recoubs_by_users_channels":null,"favourite":false,"promoted_id":null,"recoub":null,"like":null,"dislike":null,"reaction":null,"in_my_best2015":false,"id":123766466,"type":"Coub::Simple","permalink":"21ajnh","title":")","visibility_type":"public","original_visibility_type":"public","channel_id":2148754,"created_at":"2019-09-16T07:54:12Z","updated_at":"2022-03-13T19:48:08Z","is_done":true,"views_count":66427,"cotd":null,"cotd_at":null,"visible_on_explore_root":false,"visible_on_explore":false,"featured":false,"published":true,"published_at":"2019-09-16T07:54:12Z","reversed":false,"from_editor_v2":true,"is_editable":true,"original_sound":false,"has_sound":false,"recoub_to":null,"file_versions":{"html5":{"video":{"higher":{"url":"https://coub-anubis-a.akamaized.net/coub_storage/coub/simple/cw_file/c63459f74b2/a4f120e7a87e8b44004f3/muted_mp4_huge_size_1568620486_muted_huge.mp4","size":5478128},"high":{"url":"https://coub-anubis-a.akamaized.net/coub_storage/coub/simple/cw_file/c63459f74b2/a4f120e7a87e8b44004f3/muted_mp4_big_size_1568620486_muted_big.mp4","size":3556969},"med":{"url":"https://coub-anubis-a.akamaized.net/coub_storage/coub/simple/cw_file/c63459f74b2/a4f120e7a87e8b44004f3/muted_mp4_med_size_1568620486_muted_med.mp4","size":1136198}},"audio":{"high":{"url":"https://coub-anubis-a.akamaized.net/coub_storage/coub/simple/cw_looped_audio_high/bfb38012e42/7685c46100b471c6d8628/1605690121_high_1568620493_high.mp3","size":649325},"med":{"url":"https://coub-anubis-a.akamaized.net/coub_storage/coub/simple/cw_looped_audio_med/f1e79810d79/078f06e2ed8f60d66fc6b/1605690120_med_1568620493_med.mp3","size":644448}}},"mobile":{"video":"https://coub-anubis-a.akamaized.net/coub_storage/coub/simple/cw_file/c63459f74b2/a4f120e7a87e8b44004f3/muted_mp4_med_size_1568620486_muted_med.mp4","audio":["https://coub-anubis-a.akamaized.net/coub_storage/coub/simple/cw_looped_audio_med/f1e79810d79/078f06e2ed8f60d66fc6b/1605690120_med_1568620493_med.mp3"]},"share":{"default":"https://coub-anubis-a.akamaized.net/coub_storage/coub/simple/cw_video_for_sharing/a097c630082/fd0477def1da26e0745ab/1612475825_looped_1612475824.mp4"}},"audio_versions":{"template":"https://coub-anubis-a.akamaized.net/coub_storage/audio_track/cw_normalized_copy/0733e7a05a4/2ee4107f0276824bd5831/mid_1568620490_normalized_1568584347_audio.mp3","versions":["mid","low"]},"image_versions":{"template":"https://coub-anubis-a.akamaized.net/coub_storage/coub/simple/cw_image/b0351797543/c7ec2f96edd284b4e9f7f/1568620507_00032.jpg","versions":["micro","tiny","age_restricted","ios_large","ios_mosaic","big","med","small","pinterest"]},"first_frame_versions":{"template":"https://coub-anubis-a.akamaized.net/coub_storage/coub/simple/cw_timeline_pic/efc140e4016/a6703561a73ca1abf5c7d/%{version}_1568620503_image.jpg","versions":["big","med","small","ios_large"]},"dimensions":{"big":[1280,720],"med":[640,360]},"site_w_h":[640,360],"page_w_h":[640,360],"site_w_h_small":[310,174],"size":[1280,720],"age_restricted":false,"age_restricted_by_admin":false,"not_safe_for_work":false,"allow_reuse":false,"dont_crop":false,"banned":false,"global_safe":false,"audio_file_url":"https://coub-anubis-a.akamaized.net/coub_storage/audio_track/cw_normalized_copy/0733e7a05a4/2ee4107f0276824bd5831/low_1568620490_normalized_1568584347_audio.mp3","external_download":false,"application":null,"channel":{"id":2148754,"permalink":"artemiy4","title":"Artemiy","description":null,"followers_count":1621,"following_count":3,"avatar_versions":{"template":"https://coub-anubis-a.akamaized.net/coub_storage/channel/cw_avatar/f4f0922b3c1/72cb6b0ae031b0e5b01c4/%{version}_1607421206_1fr4e4p_1489248665_podborl7__5_.jpg","versions":["medium","medium_2x","profile_pic","profile_pic_new","profile_pic_new_2x","tiny","tiny_2x","small","small_2x","ios_large","ios_small"]}},"file":null,"picture":"https://coub-anubis-a.akamaized.net/coub_storage/coub/simple/cw_image/b0351797543/c7ec2f96edd284b4e9f7f/1568620507_00032.jpg","timeline_picture":"https://coub-anubis-a.akamaized.net/coub_storage/coub/simple/cw_timeline_pic/efc140e4016/a6703561a73ca1abf5c7d/ios_large_1568620503_image.jpg","small_picture":"https://coub-anubis-a.akamaized.net/coub_storage/coub/simple/cw_image/b0351797543/c7ec2f96edd284b4e9f7f/1568620507_00032.jpg","sharing_picture":null,"percent_done":100,"tags":[{"id":5206532,"title":"lmc caravan","value":"lmc%20caravan"},{"id":5206533,"title":"womo","value":"womo"},{"id":4546054,"title":"wohnmobil","value":"wohnmobil"},{"id":942113,"title":"schweden","value":"schweden"},{"id":455913,"title":"norwegen","value":"norwegen"},{"id":314653,"title":"dänemark","value":"d%C3%A4nemark"},{"id":64856,"title":"deutschland","value":"deutschland"},{"id":5206534,"title":"zelten","value":"zelten"},{"id":37386,"title":"camping","value":"camping"},{"id":127243,"title":"urlaub","value":"urlaub"},{"id":1355,"title":"holiday","value":"holiday"},{"id":23729,"title":"vacation","value":"vacation"},{"id":20200,"title":"adac","value":"adac"},{"id":5206535,"title":"urlaub mit dem wohnmobil","value":"urlaub%20mit%20dem%20wohnmobil"},{"id":3076231,"title":"wohnwagen","value":"wohnwagen"},{"id":45073,"title":"autobahn","value":"autobahn"},{"id":936422,"title":"scenic drive","value":"scenic%20drive"},{"id":81443,"title":"camper","value":"camper"},{"id":1275771,"title":"camping car","value":"camping%20car"},{"id":5206536,"title":"pössl","value":"p%C3%B6ssl"},{"id":3124,"title":"van","value":"van"},{"id":5206537,"title":"hymner","value":"hymner"},{"id":5206538,"title":"erwin hymner group","value":"erwin%20hymner%20group"},{"id":5206539,"title":"sassenberg","value":"sassenberg"},{"id":1094,"title":"nature","value":"nature"},{"id":2940,"title":"travel","value":"travel"},{"id":1982,"title":"song","value":"song"},{"id":5206582,"title":"danheim-lifa daudr","value":"danheim-lifa%20daudr"}],"categories":[{"id":9,"title":"Nature & Travel","permalink":"nature-travel","subscriptions_count":10070807,"big_image_url":"https://coub-anubis-a.akamaized.net/coub_storage/category/cw_image/a4b57370b28/3c9d9a8cf4246d5a30610/big_1545567929_Nature.png","small_image_url":"https://coub-anubis-a.akamaized.net/coub_storage/category/cw_image/a4b57370b28/3c9d9a8cf4246d5a30610/small_1545567929_Nature.png","med_image_url":"https://coub-anubis-a.akamaized.net/coub_storage/category/cw_image/a4b57370b28/3c9d9a8cf4246d5a30610/med_1545567929_Nature.png","visible":true}],"communities":[{"id":9,"title":"Nature & Travel","permalink":"nature-travel","subscriptions_count":10070807,"big_image_url":"https://coub-anubis-a.akamaized.net/coub_storage/category/cw_image/a4b57370b28/3c9d9a8cf4246d5a30610/big_1545567929_Nature.png","small_image_url":"https://coub-anubis-a.akamaized.net/coub_storage/category/cw_image/a4b57370b28/3c9d9a8cf4246d5a30610/small_1545567929_Nature.png","med_image_url":"https://coub-anubis-a.akamaized.net/coub_storage/category/cw_image/a4b57370b28/3c9d9a8cf4246d5a30610/med_1545567929_Nature.png","i_subscribed":true,"community_notifications_enabled":null,"description":null}],"recoubs_count":168,"remixes_count":0,"likes_count":756,"dislikes_count":0,"raw_video_id":"","uploaded_by_ios_app":false,"uploaded_by_android_app":false,"media_blocks":{"uploaded_raw_videos":[],"external_raw_videos":[],"remixed_from_coubs":[{"id":33231004,"title":"Sweden and Norway","url":"https://coub.com/coubs/218ez8/remix","image":"https://coub-anubis-a.akamaized.net/coub_storage/media_block/cw_image/a6a789e6dc9/92a36685d7be363435520/1568521340_11n8e61_1568521319_00028.jpg","image_retina":"https://coub-anubis-a.akamaized.net/coub_storage/media_block/cw_image/a6a789e6dc9/92a36685d7be363435520/1568521340_11n8e61_1568521319_00028.jpg","meta":{"duration":"8.68"},"duration":null,"coub_channel_title":"Rane","coub_channel_permalink":"--rane--","coub_views_count":66217,"coub_permalink":"218ez8"}]},"raw_video_thumbnail_url":"","raw_video_title":"","video_block_banned":false,"duration":10.2,"promo_winner":false,"promo_winner_recoubers":null,"editorial_info":{},"promo_hint":null,"beeline_best_2014":null,"from_web_editor":true,"normalize_sound":true,"normalize_change_allowed":true,"best2015_addable":false,"ahmad_promo":null,"promo_data":null,"audio_copyright_claim":null,"ads_disabled":false,"is_safe_for_ads":true,"megafon_contents":[],"position_on_page":7},{"flag":null,"abuses":null,"recoubs_by_users_channels":null,"favourite":false,"promoted_id":null,"recoub":null,"like":null,"dislike":null,"reaction":null,"in_my_best2015":false,"id":123094421,"type":"Coub::Simple","permalink":"20vxdj","title":"Awesome Land","visibility_type":"public","original_visibility_type":"public","channel_id":3687396,"created_at":"2019-09-08T12:21:29Z","updated_at":"2022-02-22T19:01:48Z","is_done":true,"views_count":61301,"cotd":null,"cotd_at":null,"visible_on_explore_root":false,"visible_on_explore":false,"featured":false,"published":true,"published_at":"2019-09-08T12:21:29Z","reversed":false,"from_editor_v2":true,"is_editable":true,"original_sound":false,"has_sound":false,"recoub_to":null,"file_versions":{"html5":{"video":{"higher":{"url":"https://coub-anubis-a.akamaized.net/coub_storage/coub/simple/cw_file/a48929c5eb8/8a865a325b718b0935fc7/muted_mp4_huge_size_1567945320_muted_huge.mp4","size":3791279},"high":{"url":"https://coub-anubis-a.akamaized.net/coub_storage/coub/simple/cw_file/a48929c5eb8/8a865a325b718b0935fc7/muted_mp4_big_size_1567945320_muted_big.mp4","size":2539816},"med":{"url":"https://coub-anubis-a.akamaized.net/coub_storage/coub/simple/cw_file/a48929c5eb8/8a865a325b718b0935fc7/muted_mp4_med_size_1567945320_muted_med.mp4","size":803688}},"audio":{"high":{"url":"https://coub-anubis-a.akamaized.net/coub_storage/coub/simple/cw_looped_audio_high/aba3cc45e7f/a11138dfdcc9114996da1/1605689337_high_1567945346_high.mp3","size":3531624},"med":{"url":"https://coub-anubis-a.akamaized.net/coub_storage/coub/simple/cw_looped_audio_med/b50acf04265/3c5810da4442577ada416/1605689337_med_1567945346_med.mp3","size":2581442}}},"mobile":{"video":"https://coub-anubis-a.akamaized.net/coub_storage/coub/simple/cw_file/a48929c5eb8/8a865a325b718b0935fc7/muted_mp4_med_size_1567945320_muted_med.mp4","audio":["https://coub-anubis-a.akamaized.net/coub_storage/coub/simple/cw_looped_audio_med/b50acf04265/3c5810da4442577ada416/1605689337_med_1567945346_med.mp3"]},"share":{"default":"https://coub-anubis-a.akamaized.net/coub_storage/coub/simple/cw_video_for_sharing/e5c0276f843/bc40bd8d04cda50961e8f/1610920002_looped_1610920001.mp4"}},"audio_versions":{"template":"https://coub-anubis-a.akamaized.net/coub_storage/audio_track/cw_file/3e2d5152252/22d110fce3b964b18f564/mid_1567945324_1r4b5y0_edited.mp3","versions":["mid","low"]},"image_versions":{"template":"https://coub-anubis-a.akamaized.net/coub_storage/coub/simple/cw_image/d8ad98b99b3/067bfbba47434da0b1d30/1567945364_00024.jpg","versions":["micro","tiny","age_restricted","ios_large","ios_mosaic","big","med","small","pinterest"]},"first_frame_versions":{"template":"https://coub-anubis-a.akamaized.net/coub_storage/coub/simple/cw_timeline_pic/ef106b7ddb4/2609f75c050b503aca8b5/%{version}_1567945362_image.jpg","versions":["big","med","small","ios_large"]},"dimensions":{"big":[1280,680],"med":[640,340]},"site_w_h":[640,340],"page_w_h":[640,340],"site_w_h_small":[310,165],"size":[1280,680],"age_restricted":false,"age_restricted_by_admin":false,"not_safe_for_work":false,"allow_reuse":false,"dont_crop":false,"banned":false,"global_safe":true,"audio_file_url":"https://coub-anubis-a.akamaized.net/coub_storage/audio_track/cw_file/3e2d5152252/22d110fce3b964b18f564/low_1567945324_1r4b5y0_edited.mp3","external_download":false,"application":null,"channel":{"id":3687396,"permalink":"n.e.o.n0","title":"▪️◾️◼️ 𝑁.𝐸.𝑂.𝑁 ◼️◾️▪️","description":"𝗘𝘃𝗲𝗿𝘆𝗼𝗻𝗲 𝘀𝗲𝗲𝘀 𝘁𝗵𝗲 𝘄𝗼𝗿𝗹𝗱 𝗶𝗻 𝗼𝗻𝗲'𝘀 𝗼𝘄𝗻 𝘄𝗮𝘆","followers_count":1002,"following_count":12,"avatar_versions":{"template":"https://coub-anubis-a.akamaized.net/coub_storage/channel/cw_avatar/bc7e2642137/05cb180a6c4e86119d039/%{version}_1607420942_2noqu6_1566996795_filename.jpeg","versions":["medium","medium_2x","profile_pic","profile_pic_new","profile_pic_new_2x","tiny","tiny_2x","small","small_2x","ios_large","ios_small"]}},"file":null,"picture":"https://coub-anubis-a.akamaized.net/coub_storage/coub/simple/cw_image/d8ad98b99b3/067bfbba47434da0b1d30/1567945364_00024.jpg","timeline_picture":"https://coub-anubis-a.akamaized.net/coub_storage/coub/simple/cw_timeline_pic/ef106b7ddb4/2609f75c050b503aca8b5/ios_large_1567945362_image.jpg","small_picture":"https://coub-anubis-a.akamaized.net/coub_storage/coub/simple/cw_image/d8ad98b99b3/067bfbba47434da0b1d30/1567945364_00024.jpg","sharing_picture":null,"percent_done":100,"tags":[{"id":86,"title":"music","value":"music"},{"id":13569,"title":"landscape","value":"landscape"},{"id":1094,"title":"nature","value":"nature"},{"id":1038,"title":"winter","value":"winter"},{"id":5318,"title":"snow","value":"snow"},{"id":1259,"title":"forest","value":"forest"},{"id":6528,"title":"mountains","value":"mountains"}],"categories":[{"id":9,"title":"Nature & Travel","permalink":"nature-travel","subscriptions_count":10070807,"big_image_url":"https://coub-anubis-a.akamaized.net/coub_storage/category/cw_image/a4b57370b28/3c9d9a8cf4246d5a30610/big_1545567929_Nature.png","small_image_url":"https://coub-anubis-a.akamaized.net/coub_storage/category/cw_image/a4b57370b28/3c9d9a8cf4246d5a30610/small_1545567929_Nature.png","med_image_url":"https://coub-anubis-a.akamaized.net/coub_storage/category/cw_image/a4b57370b28/3c9d9a8cf4246d5a30610/med_1545567929_Nature.png","visible":true}],"communities":[{"id":9,"title":"Nature & Travel","permalink":"nature-travel","subscriptions_count":10070807,"big_image_url":"https://coub-anubis-a.akamaized.net/coub_storage/category/cw_image/a4b57370b28/3c9d9a8cf4246d5a30610/big_1545567929_Nature.png","small_image_url":"https://coub-anubis-a.akamaized.net/coub_storage/category/cw_image/a4b57370b28/3c9d9a8cf4246d5a30610/small_1545567929_Nature.png","med_image_url":"https://coub-anubis-a.akamaized.net/coub_storage/category/cw_image/a4b57370b28/3c9d9a8cf4246d5a30610/med_1545567929_Nature.png","i_subscribed":true,"community_notifications_enabled":null,"description":null}],"recoubs_count":185,"remixes_count":0,"likes_count":756,"dislikes_count":0,"raw_video_id":"","uploaded_by_ios_app":true,"uploaded_by_android_app":false,"media_blocks":{"uploaded_raw_videos":[],"external_raw_videos":[],"remixed_from_coubs":[]},"raw_video_thumbnail_url":"","raw_video_title":"","video_block_banned":false,"duration":7.48,"promo_winner":false,"promo_winner_recoubers":null,"editorial_info":{},"promo_hint":null,"beeline_best_2014":null,"from_web_editor":false,"normalize_sound":false,"normalize_change_allowed":true,"best2015_addable":false,"ahmad_promo":null,"promo_data":null,"audio_copyright_claim":null,"ads_disabled":false,"is_safe_for_ads":true,"megafon_contents":[],"position_on_page":8},{"flag":null,"abuses":null,"recoubs_by_users_channels":null,"favourite":false,"promoted_id":null,"recoub":null,"like":null,"dislike":null,"reaction":null,"in_my_best2015":false,"id":56667085,"type":"Coub::Simple","permalink":"xafkn","title":"hello autumn","visibility_type":"public","original_visibility_type":"public","channel_id":2247912,"created_at":"2017-09-01T13:31:22Z","updated_at":"2021-12-31T20:58:20Z","is_done":true,"views_count":50694,"cotd":null,"cotd_at":null,"visible_on_explore_root":false,"visible_on_explore":false,"featured":false,"published":true,"published_at":"2017-09-01T13:31:22Z","reversed":false,"from_editor_v2":true,"is_editable":true,"original_sound":false,"has_sound":false,"recoub_to":null,"file_versions":{"html5":{"video":{"higher":{"url":"https://coub-anubis-a.akamaized.net/coub_storage/coub/simple/cw_file/7a1c3942cf9/f918768ad7cbb1abe0b35/muted_mp4_huge_size_1568142811_muted_huge.mp4","size":3998890},"high":{"url":"https://coub-anubis-a.akamaized.net/coub_storage/coub/simple/cw_file/7a1c3942cf9/f918768ad7cbb1abe0b35/muted_mp4_big_size_1568142811_muted_big.mp4","size":3644497},"med":{"url":"https://coub-anubis-a.akamaized.net/coub_storage/coub/simple/cw_file/7a1c3942cf9/f918768ad7cbb1abe0b35/muted_mp4_med_size_1568142811_muted_med.mp4","size":685796}},"audio":{"high":{"url":"https://coub-anubis-a.akamaized.net/coub_storage/coub/simple/cw_looped_audio_high/9e21d89bea4/ec13653b5d4106e34b240/1605565986_high_1504273215_high.mp3","size":4607899},"med":{"url":"https://coub-anubis-a.akamaized.net/coub_storage/coub/simple/cw_looped_audio_med/63bd104257b/b0c404519b6ad14e39482/1605565985_med_1504273215_med.mp3","size":3485345}}},"mobile":{"video":"https://coub-anubis-a.akamaized.net/coub_storage/coub/simple/cw_file/7a1c3942cf9/f918768ad7cbb1abe0b35/muted_mp4_med_size_1568142811_muted_med.mp4","audio":["https://coub-anubis-a.akamaized.net/coub_storage/coub/simple/cw_looped_audio_med/63bd104257b/b0c404519b6ad14e39482/1605565985_med_1504273215_med.mp3"]},"share":{"default":"https://coub-anubis-a.akamaized.net/coub_storage/coub/simple/cw_video_for_sharing/1c4b73e1782/6659c84a6b4980052fa5c/1630426100_looped_1630426097.mp4"}},"audio_versions":{"template":"https://coub-anubis-a.akamaized.net/coub_storage/audio_track/cw_normalized_copy/e2c3bd85b4b/9109e3b3f9339cd1e7432/mid_1504273192_5afniq_normalized_1504272157_audio.mp3","versions":["mid","low"]},"image_versions":{"template":"https://coub-anubis-a.akamaized.net/coub_storage/coub/simple/cw_image/6f827a9886d/b95004b4e9bad84a3f344/1504273241_00032.jpg","versions":["micro","tiny","age_restricted","ios_large","ios_mosaic","big","med","small","pinterest"]},"first_frame_versions":{"template":"https://coub-anubis-a.akamaized.net/coub_storage/coub/simple/cw_timeline_pic/d7391bbf182/fa4af4c52ee38f72fd985/%{version}_1504273240_image.jpg","versions":["big","med","small","ios_large"]},"dimensions":{"big":[1280,720],"med":[640,360]},"site_w_h":[640,360],"page_w_h":[640,360],"site_w_h_small":[310,174],"size":[1280,720],"age_restricted":false,"age_restricted_by_admin":false,"not_safe_for_work":false,"allow_reuse":false,"dont_crop":false,"banned":false,"global_safe":true,"audio_file_url":"https://coub-anubis-a.akamaized.net/coub_storage/audio_track/cw_normalized_copy/e2c3bd85b4b/9109e3b3f9339cd1e7432/low_1504273192_5afniq_normalized_1504272157_audio.mp3","external_download":false,"application":null,"channel":{"id":2247912,"permalink":"devo4ka-kocmoc","title":"Devochka Kosmos","description":"Звезды погибли, чтобы вы сегодня были здесь.","followers_count":5956,"following_count":20,"avatar_versions":{"template":"https://coub-anubis-a.akamaized.net/coub_storage/channel/cw_avatar/eb98e293008/f298e790337147ce33bae/%{version}_1607422212_ml2j2r_1474591437_cat_girl_by_naionmikato-d6vpmwr1.jpg","versions":["medium","medium_2x","profile_pic","profile_pic_new","profile_pic_new_2x","tiny","tiny_2x","small","small_2x","ios_large","ios_small"]}},"file":null,"picture":"https://coub-anubis-a.akamaized.net/coub_storage/coub/simple/cw_image/6f827a9886d/b95004b4e9bad84a3f344/1504273241_00032.jpg","timeline_picture":"https://coub-anubis-a.akamaized.net/coub_storage/coub/simple/cw_timeline_pic/d7391bbf182/fa4af4c52ee38f72fd985/ios_large_1504273240_image.jpg","small_picture":"https://coub-anubis-a.akamaized.net/coub_storage/coub/simple/cw_image/6f827a9886d/b95004b4e9bad84a3f344/1504273241_00032.jpg","sharing_picture":null,"percent_done":100,"tags":[{"id":5701,"title":"melancholy","value":"melancholy"},{"id":2669,"title":"autumn","value":"autumn"},{"id":16214,"title":"dk","value":"dk"}],"categories":[{"id":9,"title":"Nature & Travel","permalink":"nature-travel","subscriptions_count":10070807,"big_image_url":"https://coub-anubis-a.akamaized.net/coub_storage/category/cw_image/a4b57370b28/3c9d9a8cf4246d5a30610/big_1545567929_Nature.png","small_image_url":"https://coub-anubis-a.akamaized.net/coub_storage/category/cw_image/a4b57370b28/3c9d9a8cf4246d5a30610/small_1545567929_Nature.png","med_image_url":"https://coub-anubis-a.akamaized.net/coub_storage/category/cw_image/a4b57370b28/3c9d9a8cf4246d5a30610/med_1545567929_Nature.png","visible":true}],"communities":[{"id":9,"title":"Nature & Travel","permalink":"nature-travel","subscriptions_count":10070807,"big_image_url":"https://coub-anubis-a.akamaized.net/coub_storage/category/cw_image/a4b57370b28/3c9d9a8cf4246d5a30610/big_1545567929_Nature.png","small_image_url":"https://coub-anubis-a.akamaized.net/coub_storage/category/cw_image/a4b57370b28/3c9d9a8cf4246d5a30610/small_1545567929_Nature.png","med_image_url":"https://coub-anubis-a.akamaized.net/coub_storage/category/cw_image/a4b57370b28/3c9d9a8cf4246d5a30610/med_1545567929_Nature.png","i_subscribed":true,"community_notifications_enabled":null,"description":null}],"recoubs_count":198,"remixes_count":2,"likes_count":756,"dislikes_count":0,"raw_video_id":10184711,"uploaded_by_ios_app":false,"uploaded_by_android_app":false,"media_blocks":{"uploaded_raw_videos":[],"external_raw_videos":[],"remixed_from_coubs":[]},"raw_video_thumbnail_url":"/missing/missing.png","raw_video_title":"444084925_1.mp4","video_block_banned":false,"duration":9.96,"promo_winner":false,"promo_winner_recoubers":null,"editorial_info":{},"promo_hint":null,"beeline_best_2014":null,"from_web_editor":true,"normalize_sound":true,"normalize_change_allowed":true,"best2015_addable":false,"ahmad_promo":null,"promo_data":null,"audio_copyright_claim":null,"ads_disabled":false,"is_safe_for_ads":true,"megafon_contents":[],"position_on_page":9},{"flag":null,"abuses":null,"recoubs_by_users_channels":null,"favourite":false,"promoted_id":null,"recoub":null,"like":null,"dislike":null,"reaction":null,"in_my_best2015":false,"id":15085882,"type":"Coub::Simple","permalink":"8j710","title":"mon amour","visibility_type":"public","original_visibility_type":"public","channel_id":1169500,"created_at":"2015-10-10T09:32:14Z","updated_at":"2022-02-21T05:31:57Z","is_done":true,"views_count":53429,"cotd":null,"cotd_at":null,"visible_on_explore_root":true,"visible_on_explore":true,"featured":true,"published":true,"published_at":"2015-10-10T09:32:14Z","reversed":false,"from_editor_v2":true,"is_editable":true,"original_sound":false,"has_sound":false,"recoub_to":null,"file_versions":{"html5":{"video":{"higher":{"url":"https://coub-anubis-a.akamaized.net/coub_storage/coub/simple/cw_file/73eff7185ea/d9ed5248f41ff95ee6b4d/muted_mp4_huge_size_1567811602_muted_huge.mp4","size":5504287},"high":{"url":"https://coub-anubis-a.akamaized.net/coub_storage/coub/simple/cw_file/73eff7185ea/d9ed5248f41ff95ee6b4d/muted_mp4_big_size_1567811602_muted_big.mp4","size":4328859},"med":{"url":"https://coub-anubis-a.akamaized.net/coub_storage/coub/simple/cw_file/73eff7185ea/d9ed5248f41ff95ee6b4d/muted_mp4_med_size_1567811602_muted_med.mp4","size":1246758}},"audio":{"high":{"url":"https://coub-anubis-a.akamaized.net/coub_storage/coub/simple/cw_looped_audio_high/efb9234f512/ee16d3814a90c10979c7a/1605461707_high_1444914768_high.mp3","size":9539499},"med":{"url":"https://coub-anubis-a.akamaized.net/coub_storage/coub/simple/cw_looped_audio_med/a3ec89a3ccc/ca8d4a0780574fca719af/1605461706_med_1444914768_med.mp3","size":6359666}}},"mobile":{"video":"https://coub-anubis-a.akamaized.net/coub_storage/coub/simple/cw_file/73eff7185ea/d9ed5248f41ff95ee6b4d/muted_mp4_med_size_1567811602_muted_med.mp4","audio":["https://coub-anubis-a.akamaized.net/coub_storage/coub/simple/cw_looped_audio_med/a3ec89a3ccc/ca8d4a0780574fca719af/1605461706_med_1444914768_med.mp3"]},"share":{"default":"https://coub-anubis-a.akamaized.net/coub_storage/coub/simple/cw_video_for_sharing/dc9f97d62e4/3b4293b0fd205ce79dc39/1612082277_looped_1612082276.mp4"}},"audio_versions":{"template":"https://coub-anubis-a.akamaized.net/coub_storage/audio_track/cw_normalized_copy/d9fa8e8976d/2b667a74c7d53cfc6e1fd/mid_1471251722_1rv9n43_normalized_1444469462_audio.mp3","versions":["mid","low"]},"image_versions":{"template":"https://coub-anubis-a.akamaized.net/coub_storage/coub/simple/cw_image/e1e9d1f7ff1/770b8988a8289a9f81859/1444469800_00032.jpg","versions":["micro","tiny","age_restricted","ios_large","ios_mosaic","big","med","small","pinterest"]},"first_frame_versions":{"template":"https://coub-anubis-a.akamaized.net/coub_storage/coub/simple/cw_timeline_pic/0ff50db60f7/d0f696398166844aa7429/%{version}_1444469799_image.jpg","versions":["big","med","small","ios_large"]},"dimensions":{"big":[1280,676],"med":[640,338]},"site_w_h":[640,338],"page_w_h":[640,338],"site_w_h_small":[310,164],"size":[1280,676],"age_restricted":false,"age_restricted_by_admin":false,"not_safe_for_work":false,"allow_reuse":false,"dont_crop":false,"banned":false,"global_safe":true,"audio_file_url":"https://coub-anubis-a.akamaized.net/coub_storage/audio_track/cw_normalized_copy/d9fa8e8976d/2b667a74c7d53cfc6e1fd/low_1471251722_1rv9n43_normalized_1444469462_audio.mp3","external_download":{"type":"Youtube","service_name":"YouTube","url":"http://www.youtube.com/watch?v=yFAj8Rw-5_E","has_embed":true},"application":null,"channel":{"id":1169500,"permalink":"drewmatv","title":"Drew Matveev","description":"enjoy lads","followers_count":13165,"following_count":47,"avatar_versions":{"template":"https://coub-anubis-a.akamaized.net/coub_storage/channel/cw_avatar/0874baa346d/9389edb66db48382acc1f/%{version}_1607432559_t2c2xi_1532007285_PNTA8qdr_0A.jpg","versions":["medium","medium_2x","profile_pic","profile_pic_new","profile_pic_new_2x","tiny","tiny_2x","small","small_2x","ios_large","ios_small"]}},"file":null,"picture":"https://coub-anubis-a.akamaized.net/coub_storage/coub/simple/cw_image/e1e9d1f7ff1/770b8988a8289a9f81859/1444469800_00032.jpg","timeline_picture":"https://coub-anubis-a.akamaized.net/coub_storage/coub/simple/cw_timeline_pic/0ff50db60f7/d0f696398166844aa7429/ios_large_1444469799_image.jpg","small_picture":"https://coub-anubis-a.akamaized.net/coub_storage/coub/simple/cw_image/e1e9d1f7ff1/770b8988a8289a9f81859/1444469800_00032.jpg","sharing_picture":null,"percent_done":100,"tags":[{"id":284,"title":"earth","value":"earth"},{"id":1094,"title":"nature","value":"nature"},{"id":2940,"title":"travel","value":"travel"},{"id":4153,"title":"adventure","value":"adventure"}],"categories":[{"id":9,"title":"Nature & Travel","permalink":"nature-travel","subscriptions_count":10070807,"big_image_url":"https://coub-anubis-a.akamaized.net/coub_storage/category/cw_image/a4b57370b28/3c9d9a8cf4246d5a30610/big_1545567929_Nature.png","small_image_url":"https://coub-anubis-a.akamaized.net/coub_storage/category/cw_image/a4b57370b28/3c9d9a8cf4246d5a30610/small_1545567929_Nature.png","med_image_url":"https://coub-anubis-a.akamaized.net/coub_storage/category/cw_image/a4b57370b28/3c9d9a8cf4246d5a30610/med_1545567929_Nature.png","visible":true}],"communities":[{"id":9,"title":"Nature & Travel","permalink":"nature-travel","subscriptions_count":10070807,"big_image_url":"https://coub-anubis-a.akamaized.net/coub_storage/category/cw_image/a4b57370b28/3c9d9a8cf4246d5a30610/big_1545567929_Nature.png","small_image_url":"https://coub-anubis-a.akamaized.net/coub_storage/category/cw_image/a4b57370b28/3c9d9a8cf4246d5a30610/small_1545567929_Nature.png","med_image_url":"https://coub-anubis-a.akamaized.net/coub_storage/category/cw_image/a4b57370b28/3c9d9a8cf4246d5a30610/med_1545567929_Nature.png","i_subscribed":true,"community_notifications_enabled":null,"description":null}],"recoubs_count":277,"remixes_count":5,"likes_count":756,"dislikes_count":0,"raw_video_id":1748590,"uploaded_by_ios_app":false,"uploaded_by_android_app":false,"media_blocks":{"uploaded_raw_videos":[],"external_raw_videos":[{"id":12110517,"title":"Lake Lovely Water","url":"http://www.youtube.com/watch?v=yFAj8Rw-5_E","image":"https://coub-anubis-a.akamaized.net/coub_storage/media_block/cw_image/540712b933a/6397fe962a4cbae29c844/1488791106_1444468702_9u2lz_att-url-download.jpg","image_retina":"https://coub-anubis-a.akamaized.net/coub_storage/media_block/cw_image/540712b933a/6397fe962a4cbae29c844/1488791106_1444468702_9u2lz_att-url-download.jpg","meta":{"service":"Youtube","duration":"117.52"},"duration":117.52,"raw_video_id":1748590,"has_embed":true}],"remixed_from_coubs":[],"external_video":{"id":12110517,"title":"Lake Lovely Water","url":"http://www.youtube.com/watch?v=yFAj8Rw-5_E","image":"https://coub-anubis-a.akamaized.net/coub_storage/media_block/cw_image/540712b933a/6397fe962a4cbae29c844/1488791106_1444468702_9u2lz_att-url-download.jpg","image_retina":"https://coub-anubis-a.akamaized.net/coub_storage/media_block/cw_image/540712b933a/6397fe962a4cbae29c844/1488791106_1444468702_9u2lz_att-url-download.jpg","meta":{"service":"Youtube","duration":"117.52"},"duration":117.52,"raw_video_id":1748590,"has_embed":true}},"raw_video_thumbnail_url":"/missing/missing.png","raw_video_title":"Lake Lovely Water","video_block_banned":false,"duration":9.96,"promo_winner":false,"promo_winner_recoubers":null,"editorial_info":{},"promo_hint":null,"beeline_best_2014":null,"from_web_editor":true,"normalize_sound":true,"normalize_change_allowed":true,"best2015_addable":false,"ahmad_promo":null,"promo_data":null,"audio_copyright_claim":null,"ads_disabled":null,"is_safe_for_ads":true,"megafon_contents":[],"position_on_page":10}]}