{"page":11,"per_page":10,"total_pages":500,"coubs":[{"flag":null,"abuses":null,"recoubs_by_users_channels":null,"favourite":false,"promoted_id":null,"recoub":null,"like":null,"dislike":null,"reaction":null,"in_my_best2015":false,"id":115847048,"type":"Coub::Simple","permalink":"1wkdi9","title":"Going Postal","visibility_type":"public","original_visibility_type":"public","channel_id":4748638,"created_at":"2019-06-22T10:15:53Z","updated_at":"2022-03-09T09:08:28Z","is_done":true,"views_count":636445,"cotd":null,"cotd_at":null,"visible_on_explore_root":true,"visible_on_explore":true,"featured":true,"published":true,"published_at":"2019-06-22T10:15:53Z","reversed":false,"from_editor_v2":true,"is_editable":true,"original_sound":false,"has_sound":false,"recoub_to":null,"file_versions":{"html5":{"video":{"higher":{"url":"https://coub-anubis-a.akamaized.net/coub_storage/coub/simple/cw_file/becc2ce09e8/1f96fcfc3df57c429677b/muted_mp4_huge_size_1569198032_muted_huge.mp4","size":1432561},"high":{"url":"https://coub-anubis-a.akamaized.net/coub_storage/coub/simple/cw_file/becc2ce09e8/1f96fcfc3df57c429677b/muted_mp4_big_size_1569198032_muted_big.mp4","size":980079},"med":{"url":"https://coub-anubis-a.akamaized.net/coub_storage/coub/simple/cw_file/becc2ce09e8/1f96fcfc3df57c429677b/muted_mp4_med_size_1569198032_muted_med.mp4","size":320242}},"audio":{"high":{"url":"https://coub-anubis-a.akamaized.net/coub_storage/coub/simple/cw_looped_audio_high/2e636e63081/37f64fee14a82a3d9e7f5/1605658131_high_1561198581_high.mp3","size":3155596},"med":{"url":"https://coub-anubis-a.akamaized.net/coub_storage/coub/simple/cw_looped_audio_med/953d0ea417a/734151299dc34852f25d7/1605658129_med_1561198581_med.mp3","size":2249767}}},"mobile":{"video":"https://coub-anubis-a.akamaized.net/coub_storage/coub/simple/cw_file/becc2ce09e8/1f96fcfc3df57c429677b/muted_mp4_med_size_1569198032_muted_med.mp4","audio":["https://coub-anubis-a.akamaized.net/coub_storage/coub/simple/cw_looped_audio_med/953d0ea417a/734151299dc34852f25d7/1605658129_med_1561198581_med.mp3"]},"share":{"default":"https://coub-anubis-a.akamaized.net/coub_storage/coub/simple/cw_video_for_sharing/8fb89675f39/ab5c8161401783d14098f/1608840783_looped_1608840783.mp4"}},"audio_versions":{"template":"https://coub-anubis-a.akamaized.net/coub_storage/audio_track/cw_normalized_copy/b2a9a6b0147/69015a9718372104d40b8/mid_1602112215_1471179304_audio.mp3","versions":["mid","low"]},"image_versions":{"template":"https://coub-anubis-a.akamaized.net/coub_storage/coub/simple/cw_image/05ac893dbb3/2d1af1ba9bc72af87c75d/1561198600_00032.jpg","versions":["micro","tiny","age_restricted","ios_large","ios_mosaic","big","med","small","pinterest"]},"first_frame_versions":{"template":"https://coub-anubis-a.akamaized.net/coub_storage/coub/simple/cw_timeline_pic/a9a89168413/e4d7575ce4020681c2316/%{version}_1561198599_image.jpg","versions":["big","med","small","ios_large"]},"dimensions":{"big":[960,960],"med":[480,480]},"site_w_h":[400,400],"page_w_h":[400,400],"site_w_h_small":[310,310],"size":[960,960],"age_restricted":false,"age_restricted_by_admin":false,"not_safe_for_work":false,"allow_reuse":false,"dont_crop":false,"banned":false,"global_safe":true,"audio_file_url":"https://coub-anubis-a.akamaized.net/coub_storage/audio_track/cw_normalized_copy/b2a9a6b0147/69015a9718372104d40b8/low_1602112215_1471179304_audio.mp3","external_download":{"type":"Facebook","service_name":"Facebook","url":"https://www.facebook.com/GailyX/videos/321353602147026/","has_embed":false},"application":null,"channel":{"id":4748638,"permalink":"superprofan","title":"SuperProfan","description":"Useful and satisfying videos","followers_count":701,"following_count":9,"avatar_versions":{"template":"https://coub-anubis-a.akamaized.net/coub_storage/channel/cw_avatar/6015a027ac9/55fddcc652580ab2b5b05/%{version}_1607421143_1swpwy3_1553500497_800px_COLOURBOX2602594.jpg","versions":["medium","medium_2x","profile_pic","profile_pic_new","profile_pic_new_2x","tiny","tiny_2x","small","small_2x","ios_large","ios_small"]}},"file":null,"picture":"https://coub-anubis-a.akamaized.net/coub_storage/coub/simple/cw_image/05ac893dbb3/2d1af1ba9bc72af87c75d/1561198600_00032.jpg","timeline_picture":"https://coub-anubis-a.akamaized.net/coub_storage/coub/simple/cw_timeline_pic/a9a89168413/e4d7575ce4020681c2316/ios_large_1561198599_image.jpg","small_picture":"https://coub-anubis-a.akamaized.net/coub_storage/coub/simple/cw_image/05ac893dbb3/2d1af1ba9bc72af87c75d/1561198600_00032.jpg","sharing_picture":null,"percent_done":100,"tags":[{"id":77401,"title":"wonderful world","value":"wonderful%20world"},{"id":97,"title":"flowers","value":"flowers"},{"id":251758,"title":"going postal","value":"going%20postal"},{"id":13246,"title":"post","value":"post"},{"id":102684,"title":"delivery","value":"delivery"},{"id":15524,"title":"enjoy","value":"enjoy"},{"id":42222,"title":"louis armstrong","value":"louis%20armstrong"},{"id":21193,"title":"armstrong","value":"armstrong"},{"id":1982,"title":"song","value":"song"},{"id":268,"title":"summer","value":"summer"}],"categories":[{"id":9,"title":"Nature & Travel","permalink":"nature-travel","subscriptions_count":10070807,"big_image_url":"https://coub-anubis-a.akamaized.net/coub_storage/category/cw_image/a4b57370b28/3c9d9a8cf4246d5a30610/big_1545567929_Nature.png","small_image_url":"https://coub-anubis-a.akamaized.net/coub_storage/category/cw_image/a4b57370b28/3c9d9a8cf4246d5a30610/small_1545567929_Nature.png","med_image_url":"https://coub-anubis-a.akamaized.net/coub_storage/category/cw_image/a4b57370b28/3c9d9a8cf4246d5a30610/med_1545567929_Nature.png","visible":true}],"communities":[{"id":9,"title":"Nature & Travel","permalink":"nature-travel","subscriptions_count":10070807,"big_image_url":"https://coub-anubis-a.akamaized.net/coub_storage/category/cw_image/a4b57370b28/3c9d9a8cf4246d5a30610/big_1545567929_Nature.png","small_image_url":"https://coub-anubis-a.akamaized.net/coub_storage/category/cw_image/a4b57370b28/3c9d9a8cf4246d5a30610/small_1545567929_Nature.png","med_image_url":"https://coub-anubis-a.akamaized.net/coub_storage/category/cw_image/a4b57370b28/3c9d9a8cf4246d5a30610/med_1545567929_Nature.png","i_subscribed":true,"community_notifications_enabled":null,"description":null}],"recoubs_count":1643,"remixes_count":0,"likes_count":9390,"dislikes_count":0,"raw_video_id":13883650,"uploaded_by_ios_app":false,"uploaded_by_android_app":false,"media_blocks":{"uploaded_raw_videos":[],"external_raw_videos":[{"id":32302469,"title":"Just a quick sniff 💐  Credit: @daddy_no_","url":"https://www.facebook.com/GailyX/videos/321353602147026","image":null,"image_retina":null,"meta":{"service":"Facebook","duration":"10.4"},"duration":10.4,"raw_video_id":13883650,"has_embed":false}],"remixed_from_coubs":[],"external_video":{"id":32302469,"title":"Just a quick sniff 💐  Credit: @daddy_no_","url":"https://www.facebook.com/GailyX/videos/321353602147026","image":null,"image_retina":null,"meta":{"service":"Facebook","duration":"10.4"},"duration":10.4,"raw_video_id":13883650,"has_embed":false}},"raw_video_thumbnail_url":"/missing/missing.png","raw_video_title":"Just a quick sniff 💐  Credit: @daddy_no_","video_block_banned":false,"duration":10.0,"promo_winner":false,"promo_winner_recoubers":null,"editorial_info":{},"promo_hint":null,"beeline_best_2014":null,"from_web_editor":true,"normalize_sound":true,"normalize_change_allowed":true,"best2015_addable":false,"ahmad_promo":null,"promo_data":null,"audio_copyright_claim":null,"ads_disabled":false,"is_safe_for_ads":true,"megafon_contents":[],"position_on_page":1},{"flag":null,"abuses":null,"recoubs_by_users_channels":null,"favourite":false,"promoted_id":null,"recoub":null,"like":null,"dislike":null,"reaction":null,"in_my_best2015":false,"id":129911733,"type":"Coub::Simple","permalink":"24ywjy","title":"Этот гараж – мечта любого мужчины 😏 Как вам?","visibility_type":"public","original_visibility_type":"public","channel_id":1570177,"created_at":"2019-11-24T02:01:47Z","updated_at":"2022-03-16T04:47:23Z","is_done":true,"views_count":472538,"cotd":null,"cotd_at":null,"visible_on_explore_root":false,"visible_on_explore":false,"featured":false,"published":true,"published_at":"2019-11-26T18:04:36Z","reversed":false,"from_editor_v2":true,"is_editable":true,"original_sound":false,"has_sound":false,"recoub_to":null,"file_versions":{"html5":{"video":{"higher":{"url":"https://coub-anubis-a.akamaized.net/coub_storage/coub/simple/cw_file/64b553e6ead/b219e018cb454f963850b/muted_mp4_huge_size_1574561004_muted_huge.mp4","size":4813928},"high":{"url":"https://coub-anubis-a.akamaized.net/coub_storage/coub/simple/cw_file/64b553e6ead/b219e018cb454f963850b/muted_mp4_big_size_1574561004_muted_big.mp4","size":3172128},"med":{"url":"https://coub-anubis-a.akamaized.net/coub_storage/coub/simple/cw_file/64b553e6ead/b219e018cb454f963850b/muted_mp4_med_size_1574561004_muted_med.mp4","size":1048808}},"audio":{"high":{"url":"https://coub-anubis-a.akamaized.net/coub_storage/coub/simple/cw_looped_audio_high/24d9d2c6444/85530852f93433b9be2b1/1605698391_high_1574561064_high.mp3","size":5242892},"med":{"url":"https://coub-anubis-a.akamaized.net/coub_storage/coub/simple/cw_looped_audio_med/ceb1efe0c40/8510bc592de9e37f47ce4/1605698390_med_1574561064_med.mp3","size":4325522}}},"mobile":{"video":"https://coub-anubis-a.akamaized.net/coub_storage/coub/simple/cw_file/64b553e6ead/b219e018cb454f963850b/muted_mp4_med_size_1574561004_muted_med.mp4","audio":["https://coub-anubis-a.akamaized.net/coub_storage/coub/simple/cw_looped_audio_med/ceb1efe0c40/8510bc592de9e37f47ce4/1605698390_med_1574561064_med.mp3"]},"share":{"default":"https://coub-anubis-a.akamaized.net/coub_storage/coub/simple/cw_video_for_sharing/2cf7b9664ce/c2cb8284799ac04cca084/1608235574_looped_1608235571.mp4"}},"audio_versions":{"template":"https://coub-anubis-a.akamaized.net/coub_storage/audio_track/cw_normalized_copy/b642f8adc48/da9fdc64b6dd583740117/mid_1574561045_normalized_1574561011_1ogf3h9_edited.mp3","versions":["mid","low"]},"image_versions":{"template":"https://coub-anubis-a.akamaized.net/coub_storage/coub/simple/cw_image/873922ea183/8c19326ab49c645027e83/1574561084_00032.jpg","versions":["micro","tiny","age_restricted","ios_large","ios_mosaic","big","med","small","pinterest"]},"first_frame_versions":{"template":"https://coub-anubis-a.akamaized.net/coub_storage/coub/simple/cw_timeline_pic/c897d957bf7/285dd172f92a6b2ce9dc9/%{version}_1574561084_image.jpg","versions":["big","med","small","ios_large"]},"dimensions":{"big":[1280,960],"med":[640,480]},"site_w_h":[640,480],"page_w_h":[640,480],"site_w_h_small":[310,233],"size":[1280,960],"age_restricted":false,"age_restricted_by_admin":false,"not_safe_for_work":false,"allow_reuse":false,"dont_crop":false,"banned":false,"global_safe":false,"audio_file_url":"https://coub-anubis-a.akamaized.net/coub_storage/audio_track/cw_normalized_copy/b642f8adc48/da9fdc64b6dd583740117/low_1574561045_normalized_1574561011_1ogf3h9_edited.mp3","external_download":{"type":"Facebook","service_name":"Facebook","url":"https://www.facebook.com/krisha.kz/videos/940438056159460/UzpfSTEwMDAwNDY3Mzk3Mzg0MjoxNDMwNjA1ODA3MTA1MjA1/","has_embed":false},"application":null,"channel":{"id":1570177,"permalink":"artem.sagdiev","title":"ART Sagdiiev","description":"Всем хорошего настроения!","followers_count":5753,"following_count":274,"avatar_versions":{"template":"https://coub-anubis-a.akamaized.net/coub_storage/channel/cw_avatar/1f7d04dd6b3/9f6cdec88af72c21e9521/%{version}_1607421255_112ph81_1538098018_Artem_Photo.jpg","versions":["medium","medium_2x","profile_pic","profile_pic_new","profile_pic_new_2x","tiny","tiny_2x","small","small_2x","ios_large","ios_small"]}},"file":null,"picture":"https://coub-anubis-a.akamaized.net/coub_storage/coub/simple/cw_image/873922ea183/8c19326ab49c645027e83/1574561084_00032.jpg","timeline_picture":"https://coub-anubis-a.akamaized.net/coub_storage/coub/simple/cw_timeline_pic/c897d957bf7/285dd172f92a6b2ce9dc9/ios_large_1574561084_image.jpg","small_picture":"https://coub-anubis-a.akamaized.net/coub_storage/coub/simple/cw_image/873922ea183/8c19326ab49c645027e83/1574561084_00032.jpg","sharing_picture":null,"percent_done":100,"tags":[{"id":43500,"title":"гараж","value":"%D0%B3%D0%B0%D1%80%D0%B0%D0%B6"},{"id":5344210,"title":"двухэтажный гараж","value":"%D0%B4%D0%B2%D1%83%D1%85%D1%8D%D1%82%D0%B0%D0%B6%D0%BD%D1%8B%D0%B9%20%D0%B3%D0%B0%D1%80%D0%B0%D0%B6"},{"id":4388827,"title":"раисы квн","value":"%D1%80%D0%B0%D0%B8%D1%81%D1%8B%20%D0%BA%D0%B2%D0%BD"},{"id":127324,"title":"раисы","value":"%D1%80%D0%B0%D0%B8%D1%81%D1%8B"},{"id":240183,"title":"вояж","value":"%D0%B2%D0%BE%D1%8F%D0%B6"},{"id":3939727,"title":"вояж вояж","value":"%D0%B2%D0%BE%D1%8F%D0%B6%20%D0%B2%D0%BE%D1%8F%D0%B6"},{"id":14079,"title":"voyage","value":"voyage"},{"id":92128,"title":"voyage voyage","value":"voyage%20voyage"},{"id":32470,"title":"garage","value":"garage"},{"id":21760,"title":"баня","value":"%D0%B1%D0%B0%D0%BD%D1%8F"}],"categories":[{"id":9,"title":"Nature & Travel","permalink":"nature-travel","subscriptions_count":10070807,"big_image_url":"https://coub-anubis-a.akamaized.net/coub_storage/category/cw_image/a4b57370b28/3c9d9a8cf4246d5a30610/big_1545567929_Nature.png","small_image_url":"https://coub-anubis-a.akamaized.net/coub_storage/category/cw_image/a4b57370b28/3c9d9a8cf4246d5a30610/small_1545567929_Nature.png","med_image_url":"https://coub-anubis-a.akamaized.net/coub_storage/category/cw_image/a4b57370b28/3c9d9a8cf4246d5a30610/med_1545567929_Nature.png","visible":true}],"communities":[{"id":9,"title":"Nature & Travel","permalink":"nature-travel","subscriptions_count":10070807,"big_image_url":"https://coub-anubis-a.akamaized.net/coub_storage/category/cw_image/a4b57370b28/3c9d9a8cf4246d5a30610/big_1545567929_Nature.png","small_image_url":"https://coub-anubis-a.akamaized.net/coub_storage/category/cw_image/a4b57370b28/3c9d9a8cf4246d5a30610/small_1545567929_Nature.png","med_image_url":"https://coub-anubis-a.akamaized.net/coub_storage/category/cw_image/a4b57370b28/3c9d9a8cf4246d5a30610/med_1545567929_Nature.png","i_subscribed":true,"community_notifications_enabled":null,"description":null}],"recoubs_count":1817,"remixes_count":0,"likes_count":9388,"dislikes_count":0,"raw_video_id":14501360,"uploaded_by_ios_app":false,"uploaded_by_android_app":false,"media_blocks":{"uploaded_raw_videos":[],"external_raw_videos":[{"id":33974122,"title":"Этот гараж – мечта любого мужчины 😏 Как вам?","url":"https://www.facebook.com/krisha.kz/videos/940438056159460","image":null,"image_retina":null,"meta":{"service":"Facebook","duration":"296.68"},"duration":296.68,"raw_video_id":14501360,"has_embed":false}],"remixed_from_coubs":[],"external_video":{"id":33974122,"title":"Этот гараж – мечта любого мужчины 😏 Как вам?","url":"https://www.facebook.com/krisha.kz/videos/940438056159460","image":null,"image_retina":null,"meta":{"service":"Facebook","duration":"296.68"},"duration":296.68,"raw_video_id":14501360,"has_embed":false}},"raw_video_thumbnail_url":"/missing/missing.png","raw_video_title":"Этот гараж – мечта любого мужчины 😏 Как вам?","video_block_banned":false,"duration":9.92,"promo_winner":false,"promo_winner_recoubers":null,"editorial_info":{},"promo_hint":null,"beeline_best_2014":null,"from_web_editor":true,"normalize_sound":true,"normalize_change_allowed":true,"best2015_addable":false,"ahmad_promo":null,"promo_data":null,"audio_copyright_claim":null,"ads_disabled":false,"is_safe_for_ads":true,"megafon_contents":[],"position_on_page":2},{"flag":null,"abuses":null,"recoubs_by_users_channels":null,"favourite":false,"promoted_id":null,"recoub":null,"like":null,"dislike":null,"reaction":null,"in_my_best2015":false,"id":138236799,"type":"Coub::Simple","permalink":"29yeuy","title":"Russia","visibility_type":"public","original_visibility_type":"public","channel_id":1649361,"created_at":"2020-02-28T20:32:29Z","updated_at":"2022-03-16T00:05:23Z","is_done":true,"views_count":1050214,"cotd":true,"cotd_at":"2020-02-29","visible_on_explore_root":true,"visible_on_explore":true,"featured":true,"published":true,"published_at":"2020-02-28T20:32:29Z","reversed":false,"from_editor_v2":true,"is_editable":true,"original_sound":false,"has_sound":false,"recoub_to":null,"file_versions":{"html5":{"video":{"higher":{"url":"https://coub-anubis-a.akamaized.net/coub_storage/coub/simple/cw_file/6705d12a3a0/913791b1d6d55d7a3607a/muted_mp4_huge_size_1582921969_muted_huge.mp4","size":10009408},"high":{"url":"https://coub-anubis-a.akamaized.net/coub_storage/coub/simple/cw_file/6705d12a3a0/913791b1d6d55d7a3607a/muted_mp4_big_size_1582921969_muted_big.mp4","size":8291108},"med":{"url":"https://coub-anubis-a.akamaized.net/coub_storage/coub/simple/cw_file/6705d12a3a0/913791b1d6d55d7a3607a/muted_mp4_med_size_1582921969_muted_med.mp4","size":2105701}},"audio":{"high":{"url":"https://coub-anubis-a.akamaized.net/coub_storage/coub/simple/cw_looped_audio_high/561b75f16e2/7e1d2ecd3a2fcf95eaf07/1605706930_high_1582922012_high.mp3","size":4062679},"med":{"url":"https://coub-anubis-a.akamaized.net/coub_storage/coub/simple/cw_looped_audio_med/0c38e081297/477aa110ace44f05a7028/1605706929_med_1582922012_med.mp3","size":3021165}}},"mobile":{"video":"https://coub-anubis-a.akamaized.net/coub_storage/coub/simple/cw_file/6705d12a3a0/913791b1d6d55d7a3607a/muted_mp4_med_size_1582921969_muted_med.mp4","audio":["https://coub-anubis-a.akamaized.net/coub_storage/coub/simple/cw_looped_audio_med/0c38e081297/477aa110ace44f05a7028/1605706929_med_1582922012_med.mp3"]},"share":{"default":"https://coub-anubis-a.akamaized.net/coub_storage/coub/simple/cw_video_for_sharing/793f3b9cce0/c6439c5b61115c42c7076/1608200817_looped_1608200816.mp4"}},"audio_versions":{"template":"https://coub-anubis-a.akamaized.net/coub_storage/audio_track/cw_normalized_copy/b3651db4e08/a5feb9f67d7ecabc93d3e/mid_1582921997_normalized_1582921974_yycff6_edited.mp3","versions":["mid","low"]},"image_versions":{"template":"https://coub-anubis-a.akamaized.net/coub_storage/coub/simple/cw_image/3c0608e48a1/134de119face11b530b09/1582922028_00032.jpg","versions":["micro","tiny","age_restricted","ios_large","ios_mosaic","big","med","small","pinterest"]},"first_frame_versions":{"template":"https://coub-anubis-a.akamaized.net/coub_storage/coub/simple/cw_timeline_pic/b885e4008f4/3f53d8f1c87fba88be9b5/%{version}_1582922027_image.jpg","versions":["big","med","small","ios_large"]},"dimensions":{"big":[1280,616],"med":[640,308]},"site_w_h":[640,308],"page_w_h":[640,308],"site_w_h_small":[310,149],"size":[1280,616],"age_restricted":false,"age_restricted_by_admin":false,"not_safe_for_work":false,"allow_reuse":false,"dont_crop":false,"banned":false,"global_safe":true,"audio_file_url":"https://coub-anubis-a.akamaized.net/coub_storage/audio_track/cw_normalized_copy/b3651db4e08/a5feb9f67d7ecabc93d3e/low_1582921997_normalized_1582921974_yycff6_edited.mp3","external_download":false,"application":null,"channel":{"id":1649361,"permalink":"hubeax00","title":"hubeax","description":null,"followers_count":49,"following_count":14,"avatar_versions":{"template":"https://coub-anubis-a.akamaized.net/coub_storage/channel/cw_avatar/a3b27a6d6c2/8a42a1a4f8967d7cccbc7/%{version}_1607567333_eftksx_1474569311_whatahat.png","versions":["medium","medium_2x","profile_pic","profile_pic_new","profile_pic_new_2x","tiny","tiny_2x","small","small_2x","ios_large","ios_small"]}},"file":null,"picture":"https://coub-anubis-a.akamaized.net/coub_storage/coub/simple/cw_image/3c0608e48a1/134de119face11b530b09/1582922028_00032.jpg","timeline_picture":"https://coub-anubis-a.akamaized.net/coub_storage/coub/simple/cw_timeline_pic/b885e4008f4/3f53d8f1c87fba88be9b5/ios_large_1582922027_image.jpg","small_picture":"https://coub-anubis-a.akamaized.net/coub_storage/coub/simple/cw_image/3c0608e48a1/134de119face11b530b09/1582922028_00032.jpg","sharing_picture":null,"percent_done":100,"tags":[],"categories":[{"id":9,"title":"Nature & Travel","permalink":"nature-travel","subscriptions_count":10070807,"big_image_url":"https://coub-anubis-a.akamaized.net/coub_storage/category/cw_image/a4b57370b28/3c9d9a8cf4246d5a30610/big_1545567929_Nature.png","small_image_url":"https://coub-anubis-a.akamaized.net/coub_storage/category/cw_image/a4b57370b28/3c9d9a8cf4246d5a30610/small_1545567929_Nature.png","med_image_url":"https://coub-anubis-a.akamaized.net/coub_storage/category/cw_image/a4b57370b28/3c9d9a8cf4246d5a30610/med_1545567929_Nature.png","visible":true}],"communities":[{"id":9,"title":"Nature & Travel","permalink":"nature-travel","subscriptions_count":10070807,"big_image_url":"https://coub-anubis-a.akamaized.net/coub_storage/category/cw_image/a4b57370b28/3c9d9a8cf4246d5a30610/big_1545567929_Nature.png","small_image_url":"https://coub-anubis-a.akamaized.net/coub_storage/category/cw_image/a4b57370b28/3c9d9a8cf4246d5a30610/small_1545567929_Nature.png","med_image_url":"https://coub-anubis-a.akamaized.net/coub_storage/category/cw_image/a4b57370b28/3c9d9a8cf4246d5a30610/med_1545567929_Nature.png","i_subscribed":true,"community_notifications_enabled":null,"description":null}],"recoubs_count":1703,"remixes_count":13,"likes_count":9382,"dislikes_count":0,"raw_video_id":14876144,"uploaded_by_ios_app":false,"uploaded_by_android_app":false,"media_blocks":{"uploaded_raw_videos":[],"external_raw_videos":[],"remixed_from_coubs":[]},"raw_video_thumbnail_url":"/missing/missing.png","raw_video_title":"VID_20200228_085640.mp4","video_block_banned":false,"duration":9.96,"promo_winner":false,"promo_winner_recoubers":null,"editorial_info":{},"promo_hint":null,"beeline_best_2014":null,"from_web_editor":true,"normalize_sound":true,"normalize_change_allowed":true,"best2015_addable":false,"ahmad_promo":null,"promo_data":null,"audio_copyright_claim":null,"ads_disabled":false,"is_safe_for_ads":true,"megafon_contents":[],"position_on_page":3},{"flag":null,"abuses":null,"recoubs_by_users_channels":null,"favourite":false,"promoted_id":null,"recoub":null,"like":null,"dislike":null,"reaction":null,"in_my_best2015":false,"id":152756928,"type":"Coub::Simple","permalink":"2ilmr3","title":"time","visibility_type":"public","original_visibility_type":"public","channel_id":2613991,"created_at":"2020-08-29T09:43:11Z","updated_at":"2022-03-16T02:48:26Z","is_done":true,"views_count":1003969,"cotd":true,"cotd_at":"2020-08-30","visible_on_explore_root":true,"visible_on_explore":true,"featured":true,"published":true,"published_at":"2020-08-29T09:46:30Z","reversed":false,"from_editor_v2":true,"is_editable":true,"original_sound":false,"has_sound":false,"recoub_to":null,"file_versions":{"html5":{"video":{"higher":{"url":"https://coub-anubis-a.akamaized.net/coub_storage/coub/simple/cw_file/ac1e4eee63e/20923934b13a601f2fbf2/muted_mp4_huge_size_1598694268_muted_huge.mp4","size":14591784},"high":{"url":"https://coub-anubis-a.akamaized.net/coub_storage/coub/simple/cw_file/ac1e4eee63e/20923934b13a601f2fbf2/muted_mp4_big_size_1598694268_muted_big.mp4","size":10617921},"med":{"url":"https://coub-anubis-a.akamaized.net/coub_storage/coub/simple/cw_file/ac1e4eee63e/20923934b13a601f2fbf2/muted_mp4_med_size_1598694268_muted_med.mp4","size":2923245}},"audio":{"high":{"url":"https://coub-anubis-a.akamaized.net/coub_storage/coub/simple/cw_looped_audio_high/4c52feca32b/fbceb4326283d530e3c78/1607277546_high_1598694302_high.mp3","size":4586218},"med":{"url":"https://coub-anubis-a.akamaized.net/coub_storage/coub/simple/cw_looped_audio_med/b4f3cd5a109/e64fc08cdbf8abd62950f/1607277545_med_1598694302_med.mp3","size":3411190}}},"mobile":{"video":"https://coub-anubis-a.akamaized.net/coub_storage/coub/simple/cw_file/ac1e4eee63e/20923934b13a601f2fbf2/muted_mp4_med_size_1598694268_muted_med.mp4","audio":["https://coub-anubis-a.akamaized.net/coub_storage/coub/simple/cw_looped_audio_med/b4f3cd5a109/e64fc08cdbf8abd62950f/1607277545_med_1598694302_med.mp3"]},"share":{"default":"https://coub-anubis-a.akamaized.net/coub_storage/coub/simple/cw_video_for_sharing/2f1ab6cf468/e44cca703b6179c96fc99/1608491041_looped_1608491039.mp4"}},"audio_versions":{"template":"https://coub-anubis-a.akamaized.net/coub_storage/audio_track/cw_normalized_copy/bee81c73c13/bb853c666cc9aaa0765a5/mid_1604335032_normalized_1598691418_audio.mp3","versions":["mid","low"]},"image_versions":{"template":"https://coub-anubis-a.akamaized.net/coub_storage/coub/simple/cw_image/a1cb96eb522/db16a33aa4ff7373b5a46/1598694335_00032.jpg","versions":["micro","tiny","age_restricted","ios_large","ios_mosaic","big","med","small","pinterest"]},"first_frame_versions":{"template":"https://coub-anubis-a.akamaized.net/coub_storage/coub/simple/cw_timeline_pic/0ac24781f6c/aa2c0e1b05db0a9d5d922/1598694333_image.jpg","versions":["big","med","small","ios_large"]},"dimensions":{"big":[1280,720],"med":[640,360]},"site_w_h":[640,360],"page_w_h":[640,360],"site_w_h_small":[310,174],"size":[1280,720],"age_restricted":false,"age_restricted_by_admin":false,"not_safe_for_work":false,"allow_reuse":false,"dont_crop":false,"banned":false,"global_safe":true,"audio_file_url":"https://coub-anubis-a.akamaized.net/coub_storage/audio_track/cw_normalized_copy/bee81c73c13/bb853c666cc9aaa0765a5/low_1604335032_normalized_1598691418_audio.mp3","external_download":false,"application":null,"channel":{"id":2613991,"permalink":"beyondtheuniverse","title":"art house","description":null,"followers_count":24195,"following_count":257,"avatar_versions":{"template":"https://coub-anubis-a.akamaized.net/coub_storage/channel/cw_avatar/952ee8f2b0f/76f53a63f2488f073fee9/%{version}_1639141397_98AZzhSc_400x400.png","versions":["medium","medium_2x","profile_pic","profile_pic_new","profile_pic_new_2x","tiny","tiny_2x","small","small_2x","ios_large","ios_small"]}},"file":null,"picture":"https://coub-anubis-a.akamaized.net/coub_storage/coub/simple/cw_image/a1cb96eb522/db16a33aa4ff7373b5a46/1598694335_00032.jpg","timeline_picture":"https://coub-anubis-a.akamaized.net/coub_storage/coub/simple/cw_timeline_pic/0ac24781f6c/aa2c0e1b05db0a9d5d922/1598694333_image.jpg","small_picture":"https://coub-anubis-a.akamaized.net/coub_storage/coub/simple/cw_image/a1cb96eb522/db16a33aa4ff7373b5a46/1598694335_00032.jpg","sharing_picture":null,"percent_done":100,"tags":[{"id":1048100,"title":"live coub","value":"live%20coub"},{"id":1025947,"title":"livecoub","value":"livecoub"}],"categories":[{"id":9,"title":"Nature & Travel","permalink":"nature-travel","subscriptions_count":10070807,"big_image_url":"https://coub-anubis-a.akamaized.net/coub_storage/category/cw_image/a4b57370b28/3c9d9a8cf4246d5a30610/big_1545567929_Nature.png","small_image_url":"https://coub-anubis-a.akamaized.net/coub_storage/category/cw_image/a4b57370b28/3c9d9a8cf4246d5a30610/small_1545567929_Nature.png","med_image_url":"https://coub-anubis-a.akamaized.net/coub_storage/category/cw_image/a4b57370b28/3c9d9a8cf4246d5a30610/med_1545567929_Nature.png","visible":true}],"communities":[{"id":9,"title":"Nature & Travel","permalink":"nature-travel","subscriptions_count":10070807,"big_image_url":"https://coub-anubis-a.akamaized.net/coub_storage/category/cw_image/a4b57370b28/3c9d9a8cf4246d5a30610/big_1545567929_Nature.png","small_image_url":"https://coub-anubis-a.akamaized.net/coub_storage/category/cw_image/a4b57370b28/3c9d9a8cf4246d5a30610/small_1545567929_Nature.png","med_image_url":"https://coub-anubis-a.akamaized.net/coub_storage/category/cw_image/a4b57370b28/3c9d9a8cf4246d5a30610/med_1545567929_Nature.png","i_subscribed":true,"community_notifications_enabled":null,"description":null}],"recoubs_count":1618,"remixes_count":2,"likes_count":9370,"dislikes_count":0,"raw_video_id":15616574,"uploaded_by_ios_app":false,"uploaded_by_android_app":false,"media_blocks":{"uploaded_raw_videos":[],"external_raw_videos":[],"remixed_from_coubs":[]},"raw_video_thumbnail_url":"/missing/missing.png","raw_video_title":"20200820_152024.mp4","video_block_banned":false,"duration":10.0,"promo_winner":false,"promo_winner_recoubers":null,"editorial_info":{},"promo_hint":null,"beeline_best_2014":null,"from_web_editor":true,"normalize_sound":true,"normalize_change_allowed":true,"best2015_addable":false,"ahmad_promo":null,"promo_data":null,"audio_copyright_claim":null,"ads_disabled":false,"is_safe_for_ads":true,"megafon_contents":[],"position_on_page":4},{"flag":null,"abuses":null,"recoubs_by_users_channels":null,"favourite":false,"promoted_id":null,"recoub":null,"like":null,"dislike":null,"reaction":null,"in_my_best2015":false,"id":85446955,"type":"Coub::Simple","permalink":"1egsgo","title":"В Азии бушует небольшой тайфунчик...","visibility_type":"public","original_visibility_type":"public","channel_id":4724579,"created_at":"2018-09-16T15:51:26Z","updated_at":"2022-03-16T05:46:47Z","is_done":true,"views_count":784455,"cotd":null,"cotd_at":null,"visible_on_explore_root":false,"visible_on_explore":false,"featured":false,"published":true,"published_at":"2018-09-16T15:51:26Z","reversed":false,"from_editor_v2":true,"is_editable":true,"original_sound":false,"has_sound":false,"recoub_to":null,"file_versions":{"html5":{"video":{"higher":{"url":"https://coub-anubis-a.akamaized.net/coub_storage/coub/simple/cw_file/270a6d4e640/a1e351142ac25911c26f4/muted_mp4_huge_size_1569197151_muted_huge.mp4","size":2166904},"high":{"url":"https://coub-anubis-a.akamaized.net/coub_storage/coub/simple/cw_file/270a6d4e640/a1e351142ac25911c26f4/muted_mp4_big_size_1569197151_muted_big.mp4","size":1524346},"med":{"url":"https://coub-anubis-a.akamaized.net/coub_storage/coub/simple/cw_file/270a6d4e640/a1e351142ac25911c26f4/muted_mp4_med_size_1569197151_muted_med.mp4","size":461697}},"audio":{"high":{"url":"https://coub-anubis-a.akamaized.net/coub_storage/coub/simple/cw_looped_audio_high/e8a9b09440c/5a228f234569c727d791d/1605608015_high_1537113134_high.mp3","size":4751623},"med":{"url":"https://coub-anubis-a.akamaized.net/coub_storage/coub/simple/cw_looped_audio_med/75fb9d9b126/3dd10ec399b3ba9d84929/1605608015_med_1537113134_med.mp3","size":3502750}}},"mobile":{"video":"https://coub-anubis-a.akamaized.net/coub_storage/coub/simple/cw_file/270a6d4e640/a1e351142ac25911c26f4/muted_mp4_med_size_1569197151_muted_med.mp4","audio":["https://coub-anubis-a.akamaized.net/coub_storage/coub/simple/cw_looped_audio_med/75fb9d9b126/3dd10ec399b3ba9d84929/1605608015_med_1537113134_med.mp3"]},"share":{"default":"https://coub-anubis-a.akamaized.net/coub_storage/coub/simple/cw_video_for_sharing/8af5526736e/2ca11fa8daf3de6dc57e4/1608316199_looped_1608316198.mp4"}},"audio_versions":{"template":"https://coub-anubis-a.akamaized.net/coub_storage/audio_track/cw_normalized_copy/04428054867/9033b6a196058884f23f4/mid_1537113120_1jerkia_normalized_1537113103_1hslp02_edited.mp3","versions":["mid","low"]},"image_versions":{"template":"https://coub-anubis-a.akamaized.net/coub_storage/coub/simple/cw_image/24280d86a3e/2611332c50cb057a08b01/1537113149_00031.jpg","versions":["micro","tiny","age_restricted","ios_large","ios_mosaic","big","med","small","pinterest"]},"first_frame_versions":{"template":"https://coub-anubis-a.akamaized.net/coub_storage/coub/simple/cw_timeline_pic/3fd38dc4db9/a6751286aa7f44c18993a/%{version}_1537113149_image.jpg","versions":["big","med","small","ios_large"]},"dimensions":{"big":[1280,720],"med":[640,360]},"site_w_h":[640,360],"page_w_h":[640,360],"site_w_h_small":[310,174],"size":[1280,720],"age_restricted":false,"age_restricted_by_admin":false,"not_safe_for_work":false,"allow_reuse":false,"dont_crop":false,"banned":false,"global_safe":false,"audio_file_url":"https://coub-anubis-a.akamaized.net/coub_storage/audio_track/cw_normalized_copy/04428054867/9033b6a196058884f23f4/low_1537113120_1jerkia_normalized_1537113103_1hslp02_edited.mp3","external_download":{"type":"Youtube","service_name":"YouTube","url":"https://www.youtube.com/watch?v=DKn39JXVGLU","has_embed":true},"application":null,"channel":{"id":4724579,"permalink":"lasthuman3","title":"LastHuman","description":null,"followers_count":78,"following_count":0,"avatar_versions":{"template":"https://coub-anubis-a.akamaized.net/coub_storage/channel/cw_avatar/4da8e586174/03e0b917bf64ee203fdd9/%{version}_1608023492_xscl0s_1540190488_143895_1_1416194126328.jpg","versions":["medium","medium_2x","profile_pic","profile_pic_new","profile_pic_new_2x","tiny","tiny_2x","small","small_2x","ios_large","ios_small"]}},"file":null,"picture":"https://coub-anubis-a.akamaized.net/coub_storage/coub/simple/cw_image/24280d86a3e/2611332c50cb057a08b01/1537113149_00031.jpg","timeline_picture":"https://coub-anubis-a.akamaized.net/coub_storage/coub/simple/cw_timeline_pic/3fd38dc4db9/a6751286aa7f44c18993a/ios_large_1537113149_image.jpg","small_picture":"https://coub-anubis-a.akamaized.net/coub_storage/coub/simple/cw_image/24280d86a3e/2611332c50cb057a08b01/1537113149_00031.jpg","sharing_picture":null,"percent_done":100,"tags":[{"id":213212,"title":"торнадо","value":"%D1%82%D0%BE%D1%80%D0%BD%D0%B0%D0%B4%D0%BE"},{"id":67008,"title":"гроза","value":"%D0%B3%D1%80%D0%BE%D0%B7%D0%B0"},{"id":8516,"title":"погода","value":"%D0%BF%D0%BE%D0%B3%D0%BE%D0%B4%D0%B0"},{"id":109992,"title":"в мире","value":"%D0%B2%20%D0%BC%D0%B8%D1%80%D0%B5"},{"id":24403,"title":"typhoon","value":"typhoon"},{"id":27454,"title":"катастрофа","value":"%D0%BA%D0%B0%D1%82%D0%B0%D1%81%D1%82%D1%80%D0%BE%D1%84%D0%B0"},{"id":36249,"title":"ураган","value":"%D1%83%D1%80%D0%B0%D0%B3%D0%B0%D0%BD"},{"id":97313,"title":"азия","value":"%D0%B0%D0%B7%D0%B8%D1%8F"},{"id":504891,"title":"гонконг","value":"%D0%B3%D0%BE%D0%BD%D0%BA%D0%BE%D0%BD%D0%B3"},{"id":9783,"title":"китай","value":"%D0%BA%D0%B8%D1%82%D0%B0%D0%B9"},{"id":4288552,"title":"тайфун в гонконге","value":"%D1%82%D0%B0%D0%B9%D1%84%D1%83%D0%BD%20%D0%B2%20%D0%B3%D0%BE%D0%BD%D0%BA%D0%BE%D0%BD%D0%B3%D0%B5"},{"id":4288551,"title":"тайфун в китае","value":"%D1%82%D0%B0%D0%B9%D1%84%D1%83%D0%BD%20%D0%B2%20%D0%BA%D0%B8%D1%82%D0%B0%D0%B5"},{"id":121273,"title":"тайфун","value":"%D1%82%D0%B0%D0%B9%D1%84%D1%83%D0%BD"},{"id":4288550,"title":"тайфун мангхут","value":"%D1%82%D0%B0%D0%B9%D1%84%D1%83%D0%BD%20%D0%BC%D0%B0%D0%BD%D0%B3%D1%85%D1%83%D1%82"}],"categories":[{"id":9,"title":"Nature & Travel","permalink":"nature-travel","subscriptions_count":10070807,"big_image_url":"https://coub-anubis-a.akamaized.net/coub_storage/category/cw_image/a4b57370b28/3c9d9a8cf4246d5a30610/big_1545567929_Nature.png","small_image_url":"https://coub-anubis-a.akamaized.net/coub_storage/category/cw_image/a4b57370b28/3c9d9a8cf4246d5a30610/small_1545567929_Nature.png","med_image_url":"https://coub-anubis-a.akamaized.net/coub_storage/category/cw_image/a4b57370b28/3c9d9a8cf4246d5a30610/med_1545567929_Nature.png","visible":true}],"communities":[{"id":9,"title":"Nature & Travel","permalink":"nature-travel","subscriptions_count":10070807,"big_image_url":"https://coub-anubis-a.akamaized.net/coub_storage/category/cw_image/a4b57370b28/3c9d9a8cf4246d5a30610/big_1545567929_Nature.png","small_image_url":"https://coub-anubis-a.akamaized.net/coub_storage/category/cw_image/a4b57370b28/3c9d9a8cf4246d5a30610/small_1545567929_Nature.png","med_image_url":"https://coub-anubis-a.akamaized.net/coub_storage/category/cw_image/a4b57370b28/3c9d9a8cf4246d5a30610/med_1545567929_Nature.png","i_subscribed":true,"community_notifications_enabled":null,"description":null}],"recoubs_count":2171,"remixes_count":17,"likes_count":9299,"dislikes_count":0,"raw_video_id":12377991,"uploaded_by_ios_app":false,"uploaded_by_android_app":false,"media_blocks":{"uploaded_raw_videos":[],"external_raw_videos":[{"id":28203242,"title":"В Азии бушует тайфун Мангхут","url":"https://www.youtube.com/watch?v=DKn39JXVGLU","image":"https://coub-anubis-a.akamaized.net/coub_storage/media_block/cw_image/020fbac9921/41d49f537e6ed6e1ce034/1537112800_1537112784_1o6bcf6_att-url-download.jpg","image_retina":"https://coub-anubis-a.akamaized.net/coub_storage/media_block/cw_image/020fbac9921/41d49f537e6ed6e1ce034/1537112800_1537112784_1o6bcf6_att-url-download.jpg","meta":{"service":"Youtube","duration":"96.68"},"duration":96.68,"raw_video_id":12377991,"has_embed":true}],"remixed_from_coubs":[],"external_video":{"id":28203242,"title":"В Азии бушует тайфун Мангхут","url":"https://www.youtube.com/watch?v=DKn39JXVGLU","image":"https://coub-anubis-a.akamaized.net/coub_storage/media_block/cw_image/020fbac9921/41d49f537e6ed6e1ce034/1537112800_1537112784_1o6bcf6_att-url-download.jpg","image_retina":"https://coub-anubis-a.akamaized.net/coub_storage/media_block/cw_image/020fbac9921/41d49f537e6ed6e1ce034/1537112800_1537112784_1o6bcf6_att-url-download.jpg","meta":{"service":"Youtube","duration":"96.68"},"duration":96.68,"raw_video_id":12377991,"has_embed":true}},"raw_video_thumbnail_url":"/missing/missing.png","raw_video_title":"В Азии бушует тайфун Мангхут","video_block_banned":false,"duration":9.72,"promo_winner":false,"promo_winner_recoubers":null,"editorial_info":{},"promo_hint":null,"beeline_best_2014":null,"from_web_editor":true,"normalize_sound":true,"normalize_change_allowed":true,"best2015_addable":false,"ahmad_promo":null,"promo_data":null,"audio_copyright_claim":null,"ads_disabled":false,"is_safe_for_ads":true,"megafon_contents":[],"position_on_page":5},{"flag":null,"abuses":null,"recoubs_by_users_channels":null,"favourite":false,"promoted_id":null,"recoub":null,"like":null,"dislike":null,"reaction":null,"in_my_best2015":false,"id":114071936,"type":"Coub::Simple","permalink":"1vibt6","title":"Изгнание","visibility_type":"public","original_visibility_type":"public","channel_id":2345105,"created_at":"2019-06-04T19:37:42Z","updated_at":"2022-03-15T23:06:36Z","is_done":true,"views_count":699046,"cotd":null,"cotd_at":null,"visible_on_explore_root":false,"visible_on_explore":false,"featured":false,"published":true,"published_at":"2019-06-04T19:37:42Z","reversed":false,"from_editor_v2":true,"is_editable":true,"original_sound":false,"has_sound":false,"recoub_to":null,"file_versions":{"html5":{"video":{"higher":{"url":"https://coub-anubis-a.akamaized.net/coub_storage/coub/simple/cw_file/e3721b811d7/f98624d7b28e461a07023/muted_mp4_huge_size_1568941182_muted_huge.mp4","size":3846350},"high":{"url":"https://coub-anubis-a.akamaized.net/coub_storage/coub/simple/cw_file/e3721b811d7/f98624d7b28e461a07023/muted_mp4_big_size_1568941182_muted_big.mp4","size":2554210},"med":{"url":"https://coub-anubis-a.akamaized.net/coub_storage/coub/simple/cw_file/e3721b811d7/f98624d7b28e461a07023/muted_mp4_med_size_1568941182_muted_med.mp4","size":893119}},"audio":{"high":{"url":"https://coub-anubis-a.akamaized.net/coub_storage/coub/simple/cw_looped_audio_high/a0c4f25824d/7a340bf42dc2370d9b5cb/1605660823_high_1559677084_high.mp3","size":2316252},"med":{"url":"https://coub-anubis-a.akamaized.net/coub_storage/coub/simple/cw_looped_audio_med/fcdb6dc5b92/a711a1101f03d242f8461/1605660822_med_1559677084_med.mp3","size":2315503}}},"mobile":{"video":"https://coub-anubis-a.akamaized.net/coub_storage/coub/simple/cw_file/e3721b811d7/f98624d7b28e461a07023/muted_mp4_med_size_1568941182_muted_med.mp4","audio":["https://coub-anubis-a.akamaized.net/coub_storage/coub/simple/cw_looped_audio_med/fcdb6dc5b92/a711a1101f03d242f8461/1605660822_med_1559677084_med.mp3"]},"share":{"default":"https://coub-anubis-a.akamaized.net/coub_storage/coub/simple/cw_video_for_sharing/94011ca8c42/b8c2f2a4922d6e31dd970/1608713175_looped_1608713174.mp4"}},"audio_versions":{"template":"https://coub-anubis-a.akamaized.net/coub_storage/audio_track/cw_normalized_copy/6b1e64e28c0/71a3f3a973177f14b929e/mid_1622022035_normalized_1559065132_audio.mp3","versions":["mid","low"]},"image_versions":{"template":"https://coub-anubis-a.akamaized.net/coub_storage/coub/simple/cw_image/5bad8f8b741/f9dc96e1a07fa95e1643a/1559677096_00026.jpg","versions":["micro","tiny","age_restricted","ios_large","ios_mosaic","big","med","small","pinterest"]},"first_frame_versions":{"template":"https://coub-anubis-a.akamaized.net/coub_storage/coub/simple/cw_timeline_pic/40fbf12d7e7/bbbdab2ee9b0f9383c69d/%{version}_1559677095_image.jpg","versions":["big","med","small","ios_large"]},"dimensions":{"big":[960,960],"med":[480,480]},"site_w_h":[400,400],"page_w_h":[400,400],"site_w_h_small":[310,310],"size":[960,960],"age_restricted":false,"age_restricted_by_admin":false,"not_safe_for_work":false,"allow_reuse":false,"dont_crop":false,"banned":false,"global_safe":false,"audio_file_url":"https://coub-anubis-a.akamaized.net/coub_storage/audio_track/cw_normalized_copy/6b1e64e28c0/71a3f3a973177f14b929e/low_1622022035_normalized_1559065132_audio.mp3","external_download":{"type":"Instagram","service_name":"Instagram","url":"https://www.instagram.com/p/ByBqkdZgjYP/?igshid=1cu09wf26x6k6","has_embed":false},"application":null,"channel":{"id":2345105,"permalink":"immortal-skillz","title":"Immortal skillz","description":null,"followers_count":22,"following_count":11,"avatar_versions":{"template":"https://coub-anubis-a.akamaized.net/coub_storage/channel/cw_avatar/8860e295c6a/a291558f1157e34abb39b/%{version}_1609065664_18bnucb_1474592363_1wn2w29_132360259.jpg","versions":["medium","medium_2x","profile_pic","profile_pic_new","profile_pic_new_2x","tiny","tiny_2x","small","small_2x","ios_large","ios_small"]}},"file":null,"picture":"https://coub-anubis-a.akamaized.net/coub_storage/coub/simple/cw_image/5bad8f8b741/f9dc96e1a07fa95e1643a/1559677096_00026.jpg","timeline_picture":"https://coub-anubis-a.akamaized.net/coub_storage/coub/simple/cw_timeline_pic/40fbf12d7e7/bbbdab2ee9b0f9383c69d/ios_large_1559677095_image.jpg","small_picture":"https://coub-anubis-a.akamaized.net/coub_storage/coub/simple/cw_image/5bad8f8b741/f9dc96e1a07fa95e1643a/1559677096_00026.jpg","sharing_picture":null,"percent_done":100,"tags":[{"id":174,"title":"funny","value":"funny"},{"id":12239,"title":"funny videos","value":"funny%20videos"},{"id":2554587,"title":"жкх будущего","value":"%D0%B6%D0%BA%D1%85%20%D0%B1%D1%83%D0%B4%D1%83%D1%89%D0%B5%D0%B3%D0%BE"},{"id":195,"title":"russia","value":"russia"},{"id":28823,"title":"мастер","value":"%D0%BC%D0%B0%D1%81%D1%82%D0%B5%D1%80"},{"id":227143,"title":"маргарита","value":"%D0%BC%D0%B0%D1%80%D0%B3%D0%B0%D1%80%D0%B8%D1%82%D0%B0"},{"id":24203,"title":"сатана","value":"%D1%81%D0%B0%D1%82%D0%B0%D0%BD%D0%B0"},{"id":403820,"title":"изгнание дьявола","value":"%D0%B8%D0%B7%D0%B3%D0%BD%D0%B0%D0%BD%D0%B8%D0%B5%20%D0%B4%D1%8C%D1%8F%D0%B2%D0%BE%D0%BB%D0%B0"}],"categories":[{"id":9,"title":"Nature & Travel","permalink":"nature-travel","subscriptions_count":10070807,"big_image_url":"https://coub-anubis-a.akamaized.net/coub_storage/category/cw_image/a4b57370b28/3c9d9a8cf4246d5a30610/big_1545567929_Nature.png","small_image_url":"https://coub-anubis-a.akamaized.net/coub_storage/category/cw_image/a4b57370b28/3c9d9a8cf4246d5a30610/small_1545567929_Nature.png","med_image_url":"https://coub-anubis-a.akamaized.net/coub_storage/category/cw_image/a4b57370b28/3c9d9a8cf4246d5a30610/med_1545567929_Nature.png","visible":true}],"communities":[{"id":9,"title":"Nature & Travel","permalink":"nature-travel","subscriptions_count":10070807,"big_image_url":"https://coub-anubis-a.akamaized.net/coub_storage/category/cw_image/a4b57370b28/3c9d9a8cf4246d5a30610/big_1545567929_Nature.png","small_image_url":"https://coub-anubis-a.akamaized.net/coub_storage/category/cw_image/a4b57370b28/3c9d9a8cf4246d5a30610/small_1545567929_Nature.png","med_image_url":"https://coub-anubis-a.akamaized.net/coub_storage/category/cw_image/a4b57370b28/3c9d9a8cf4246d5a30610/med_1545567929_Nature.png","i_subscribed":true,"community_notifications_enabled":null,"description":null}],"recoubs_count":1896,"remixes_count":7,"likes_count":9216,"dislikes_count":0,"raw_video_id":13806401,"uploaded_by_ios_app":true,"uploaded_by_android_app":false,"media_blocks":{"uploaded_raw_videos":[],"external_raw_videos":[{"id":32087598,"title":"Shot by amazing_construction","url":"http://instagram.com/p/ByBqkdZgjYP/","image":null,"image_retina":null,"meta":{"service":"Instagram","duration":"9.88"},"duration":9.88,"raw_video_id":13806401,"has_embed":false}],"remixed_from_coubs":[],"external_video":{"id":32087598,"title":"Shot by amazing_construction","url":"http://instagram.com/p/ByBqkdZgjYP/","image":null,"image_retina":null,"meta":{"service":"Instagram","duration":"9.88"},"duration":9.88,"raw_video_id":13806401,"has_embed":false}},"raw_video_thumbnail_url":"/missing/missing.png","raw_video_title":"Shot by amazing_construction","video_block_banned":false,"duration":8.04,"promo_winner":false,"promo_winner_recoubers":null,"editorial_info":{},"promo_hint":null,"beeline_best_2014":null,"from_web_editor":false,"normalize_sound":true,"normalize_change_allowed":true,"best2015_addable":false,"ahmad_promo":null,"promo_data":null,"audio_copyright_claim":null,"ads_disabled":false,"is_safe_for_ads":true,"megafon_contents":[],"position_on_page":6},{"flag":null,"abuses":null,"recoubs_by_users_channels":null,"favourite":false,"promoted_id":null,"recoub":null,"like":null,"dislike":null,"reaction":null,"in_my_best2015":false,"id":98225972,"type":"Coub::Simple","permalink":"1m2ow9","title":"Небольшой дождик сегодня","visibility_type":"public","original_visibility_type":"public","channel_id":1727612,"created_at":"2019-01-16T06:36:53Z","updated_at":"2022-03-10T01:49:01Z","is_done":true,"views_count":506229,"cotd":null,"cotd_at":null,"visible_on_explore_root":false,"visible_on_explore":false,"featured":false,"published":true,"published_at":"2019-01-16T06:36:53Z","reversed":false,"from_editor_v2":true,"is_editable":true,"original_sound":false,"has_sound":false,"recoub_to":null,"file_versions":{"html5":{"video":{"higher":{"url":"https://coub-anubis-a.akamaized.net/coub_storage/coub/simple/cw_file/1bd0ebd3cf2/947185b5f446b0fd8a357/muted_mp4_huge_size_1569613837_muted_huge.mp4","size":3788746},"high":{"url":"https://coub-anubis-a.akamaized.net/coub_storage/coub/simple/cw_file/1bd0ebd3cf2/947185b5f446b0fd8a357/muted_mp4_big_size_1569613837_muted_big.mp4","size":2572913},"med":{"url":"https://coub-anubis-a.akamaized.net/coub_storage/coub/simple/cw_file/1bd0ebd3cf2/947185b5f446b0fd8a357/muted_mp4_med_size_1569613837_muted_med.mp4","size":990696}},"audio":{"high":{"url":"https://coub-anubis-a.akamaized.net/coub_storage/coub/simple/cw_looped_audio_high/c96f5df483c/a4b1d4c79f52a502258c8/1605667151_high_1547620766_high.mp3","size":717690},"med":{"url":"https://coub-anubis-a.akamaized.net/coub_storage/coub/simple/cw_looped_audio_med/59abf8fbae8/70e9118301441ea290d44/1605667151_med_1547620766_med.mp3","size":714055}}},"mobile":{"video":"https://coub-anubis-a.akamaized.net/coub_storage/coub/simple/cw_file/1bd0ebd3cf2/947185b5f446b0fd8a357/muted_mp4_med_size_1569613837_muted_med.mp4","audio":["https://coub-anubis-a.akamaized.net/coub_storage/coub/simple/cw_looped_audio_med/59abf8fbae8/70e9118301441ea290d44/1605667151_med_1547620766_med.mp3"]},"share":{"default":"https://coub-anubis-a.akamaized.net/coub_storage/coub/simple/cw_video_for_sharing/f6625e7cf34/11a82e51df5e10196d2db/1608381724_looped_1608381723.mp4"}},"audio_versions":{"template":"https://coub-anubis-a.akamaized.net/coub_storage/audio_track/cw_normalized_copy/f0e68cbc0a8/9aa69b7a1589c8200c3e9/mid_1565012109_normalized_1547620438_audio.mp3","versions":["mid","low"]},"image_versions":{"template":"https://coub-anubis-a.akamaized.net/coub_storage/coub/simple/cw_image/c12ba3cffb2/9cb0a3c42591439d087af/1547620771_00016.jpg","versions":["micro","tiny","age_restricted","ios_large","ios_mosaic","big","med","small","pinterest"]},"first_frame_versions":{"template":"https://coub-anubis-a.akamaized.net/coub_storage/coub/simple/cw_timeline_pic/cdb292a9fd9/1dcddc2ceb0e2991b2a9d/%{version}_1547620771_image.jpg","versions":["big","med","small","ios_large"]},"dimensions":{"big":[1280,720],"med":[640,360]},"site_w_h":[640,360],"page_w_h":[640,360],"site_w_h_small":[310,174],"size":[1280,720],"age_restricted":false,"age_restricted_by_admin":false,"not_safe_for_work":false,"allow_reuse":false,"dont_crop":false,"banned":false,"global_safe":false,"audio_file_url":"https://coub-anubis-a.akamaized.net/coub_storage/audio_track/cw_normalized_copy/f0e68cbc0a8/9aa69b7a1589c8200c3e9/low_1565012109_normalized_1547620438_audio.mp3","external_download":false,"application":null,"channel":{"id":1727612,"permalink":"vladimir.kolyaskin","title":"Vladimir Kolyaskin","description":null,"followers_count":84,"following_count":87,"avatar_versions":{"template":"https://coub-anubis-a.akamaized.net/coub_storage/channel/cw_avatar/9588e22bc4b/3172d10267510bbdc37a6/%{version}_1609238675_3tl0zy_1474619021_7035854.jpg","versions":["medium","medium_2x","profile_pic","profile_pic_new","profile_pic_new_2x","tiny","tiny_2x","small","small_2x","ios_large","ios_small"]}},"file":null,"picture":"https://coub-anubis-a.akamaized.net/coub_storage/coub/simple/cw_image/c12ba3cffb2/9cb0a3c42591439d087af/1547620771_00016.jpg","timeline_picture":"https://coub-anubis-a.akamaized.net/coub_storage/coub/simple/cw_timeline_pic/cdb292a9fd9/1dcddc2ceb0e2991b2a9d/ios_large_1547620771_image.jpg","small_picture":"https://coub-anubis-a.akamaized.net/coub_storage/coub/simple/cw_image/c12ba3cffb2/9cb0a3c42591439d087af/1547620771_00016.jpg","sharing_picture":null,"percent_done":100,"tags":[{"id":157626,"title":"coming to america","value":"coming%20to%20america"},{"id":11154,"title":"samuel l jackson","value":"samuel%20l%20jackson"},{"id":3777,"title":"samuel l. jackson","value":"samuel%20l.%20jackson"},{"id":15819,"title":"reaction","value":"reaction"},{"id":374985,"title":"reaction coub","value":"reaction%20coub"},{"id":3666089,"title":"random reactions","value":"random%20reactions"},{"id":63927,"title":"jontron","value":"jontron"},{"id":16577,"title":"why","value":"why"},{"id":82169,"title":"whyy","value":"whyy"},{"id":163912,"title":"whyyy","value":"whyyy"}],"categories":[{"id":9,"title":"Nature & Travel","permalink":"nature-travel","subscriptions_count":10070807,"big_image_url":"https://coub-anubis-a.akamaized.net/coub_storage/category/cw_image/a4b57370b28/3c9d9a8cf4246d5a30610/big_1545567929_Nature.png","small_image_url":"https://coub-anubis-a.akamaized.net/coub_storage/category/cw_image/a4b57370b28/3c9d9a8cf4246d5a30610/small_1545567929_Nature.png","med_image_url":"https://coub-anubis-a.akamaized.net/coub_storage/category/cw_image/a4b57370b28/3c9d9a8cf4246d5a30610/med_1545567929_Nature.png","visible":true}],"communities":[{"id":9,"title":"Nature & Travel","permalink":"nature-travel","subscriptions_count":10070807,"big_image_url":"https://coub-anubis-a.akamaized.net/coub_storage/category/cw_image/a4b57370b28/3c9d9a8cf4246d5a30610/big_1545567929_Nature.png","small_image_url":"https://coub-anubis-a.akamaized.net/coub_storage/category/cw_image/a4b57370b28/3c9d9a8cf4246d5a30610/small_1545567929_Nature.png","med_image_url":"https://coub-anubis-a.akamaized.net/coub_storage/category/cw_image/a4b57370b28/3c9d9a8cf4246d5a30610/med_1545567929_Nature.png","i_subscribed":true,"community_notifications_enabled":null,"description":null}],"recoubs_count":2096,"remixes_count":2,"likes_count":9208,"dislikes_count":0,"raw_video_id":"","uploaded_by_ios_app":false,"uploaded_by_android_app":false,"media_blocks":{"uploaded_raw_videos":[],"external_raw_videos":[],"remixed_from_coubs":[{"id":26314753,"title":"Погода в Пензе","url":"https://coub.com/coubs/17q1df/remix","image":"https://coub-anubis-a.akamaized.net/coub_storage/media_block/cw_image/20dd8dc040e/b96abe54339ad6a2b7f7a/1526022274_1526022263_00020.jpg","image_retina":"https://coub-anubis-a.akamaized.net/coub_storage/media_block/cw_image/20dd8dc040e/b96abe54339ad6a2b7f7a/1526022274_1526022263_00020.jpg","meta":{"duration":"6.08"},"duration":null,"coub_channel_title":"lin4kapabin4","coub_channel_permalink":"lin4karabin4","coub_views_count":27265,"coub_permalink":"17q1df"}]},"raw_video_thumbnail_url":"","raw_video_title":"","video_block_banned":false,"duration":5.08,"promo_winner":false,"promo_winner_recoubers":null,"editorial_info":{},"promo_hint":null,"beeline_best_2014":null,"from_web_editor":true,"normalize_sound":true,"normalize_change_allowed":true,"best2015_addable":false,"ahmad_promo":null,"promo_data":null,"audio_copyright_claim":null,"ads_disabled":false,"is_safe_for_ads":true,"megafon_contents":[],"position_on_page":7},{"flag":null,"abuses":null,"recoubs_by_users_channels":null,"favourite":false,"promoted_id":null,"recoub":null,"like":null,"dislike":null,"reaction":null,"in_my_best2015":false,"id":95034099,"type":"Coub::Simple","permalink":"1k6a0f","title":"Insane Canyon Rope Swing","visibility_type":"public","original_visibility_type":"public","channel_id":2339879,"created_at":"2018-12-20T07:02:23Z","updated_at":"2022-03-16T01:00:15Z","is_done":true,"views_count":426294,"cotd":null,"cotd_at":null,"visible_on_explore_root":false,"visible_on_explore":false,"featured":false,"published":true,"published_at":"2018-12-20T07:02:23Z","reversed":false,"from_editor_v2":true,"is_editable":true,"original_sound":true,"has_sound":true,"recoub_to":null,"file_versions":{"html5":{"video":{"higher":{"url":"https://coub-anubis-a.akamaized.net/coub_storage/coub/simple/cw_file/b0ad2232773/0c55704c6a3babc8d70c0/muted_mp4_huge_size_1569780418_muted_huge.mp4","size":5315686},"high":{"url":"https://coub-anubis-a.akamaized.net/coub_storage/coub/simple/cw_file/b0ad2232773/0c55704c6a3babc8d70c0/muted_mp4_big_size_1569780418_muted_big.mp4","size":4229328},"med":{"url":"https://coub-anubis-a.akamaized.net/coub_storage/coub/simple/cw_file/b0ad2232773/0c55704c6a3babc8d70c0/muted_mp4_med_size_1569780418_muted_med.mp4","size":1122051}},"audio":{"high":{"url":"https://coub-anubis-a.akamaized.net/coub_storage/coub/simple/cw_looped_audio_high/2d566a7c0c7/e5c5df05a2fc3fc3796b0/1605662311_high_1545289353_high.mp3","size":1047968},"med":{"url":"https://coub-anubis-a.akamaized.net/coub_storage/coub/simple/cw_looped_audio_med/a4305bdfb9e/9bcf34af074a5d74e432e/1605662311_med_1545289353_med.mp3","size":799076},"sample_duration":10.009}},"mobile":{"video":"https://coub-anubis-a.akamaized.net/coub_storage/coub/simple/cw_file/b0ad2232773/0c55704c6a3babc8d70c0/muted_mp4_med_size_1569780418_muted_med.mp4","audio":["https://coub-anubis-a.akamaized.net/coub_storage/coub/simple/cw_looped_audio_med/a4305bdfb9e/9bcf34af074a5d74e432e/1605662311_med_1545289353_med.mp3"]},"share":{"default":"https://coub-anubis-a.akamaized.net/coub_storage/coub/simple/cw_video_for_sharing/4cceec0b117/b5b071a12627f980e765e/1609423689_looped_1609423687.mp4"}},"audio_versions":{},"image_versions":{"template":"https://coub-anubis-a.akamaized.net/coub_storage/coub/simple/cw_image/9dcf5c08a36/904a8a39b84ca1b70398f/1545289360_00032.jpg","versions":["micro","tiny","age_restricted","ios_large","ios_mosaic","big","med","small","pinterest"]},"first_frame_versions":{"template":"https://coub-anubis-a.akamaized.net/coub_storage/coub/simple/cw_timeline_pic/02c448ce029/b09c44df4620b773b9a3f/%{version}_1545289360_image.jpg","versions":["big","med","small","ios_large"]},"dimensions":{"big":[1280,720],"med":[640,360]},"site_w_h":[640,360],"page_w_h":[640,360],"site_w_h_small":[310,174],"size":[1280,720],"age_restricted":false,"age_restricted_by_admin":false,"not_safe_for_work":false,"allow_reuse":false,"dont_crop":false,"banned":false,"global_safe":true,"audio_file_url":null,"external_download":false,"application":null,"channel":{"id":2339879,"permalink":"locoroco","title":"LocoRoco","description":null,"followers_count":368,"following_count":862,"avatar_versions":{"template":"https://coub-anubis-a.akamaized.net/coub_storage/channel/cw_avatar/14b180d82d4/0b43be7356996d63fc172/%{version}_1607825824_1jzsht8_1537157386_ezgif.com-webp-to-png_1_.png","versions":["medium","medium_2x","profile_pic","profile_pic_new","profile_pic_new_2x","tiny","tiny_2x","small","small_2x","ios_large","ios_small"]}},"file":null,"picture":"https://coub-anubis-a.akamaized.net/coub_storage/coub/simple/cw_image/9dcf5c08a36/904a8a39b84ca1b70398f/1545289360_00032.jpg","timeline_picture":"https://coub-anubis-a.akamaized.net/coub_storage/coub/simple/cw_timeline_pic/02c448ce029/b09c44df4620b773b9a3f/ios_large_1545289360_image.jpg","small_picture":"https://coub-anubis-a.akamaized.net/coub_storage/coub/simple/cw_image/9dcf5c08a36/904a8a39b84ca1b70398f/1545289360_00032.jpg","sharing_picture":null,"percent_done":100,"tags":[{"id":2992,"title":"insane","value":"insane"},{"id":73571,"title":"canyon","value":"canyon"},{"id":333615,"title":"rope swing","value":"rope%20swing"},{"id":1327,"title":"jump","value":"jump"},{"id":2459,"title":"rope","value":"rope"},{"id":443,"title":"fail","value":"fail"},{"id":23012,"title":"unexpected","value":"unexpected"},{"id":21468,"title":"love story","value":"love%20story"}],"categories":[{"id":9,"title":"Nature & Travel","permalink":"nature-travel","subscriptions_count":10070807,"big_image_url":"https://coub-anubis-a.akamaized.net/coub_storage/category/cw_image/a4b57370b28/3c9d9a8cf4246d5a30610/big_1545567929_Nature.png","small_image_url":"https://coub-anubis-a.akamaized.net/coub_storage/category/cw_image/a4b57370b28/3c9d9a8cf4246d5a30610/small_1545567929_Nature.png","med_image_url":"https://coub-anubis-a.akamaized.net/coub_storage/category/cw_image/a4b57370b28/3c9d9a8cf4246d5a30610/med_1545567929_Nature.png","visible":true}],"communities":[{"id":9,"title":"Nature & Travel","permalink":"nature-travel","subscriptions_count":10070807,"big_image_url":"https://coub-anubis-a.akamaized.net/coub_storage/category/cw_image/a4b57370b28/3c9d9a8cf4246d5a30610/big_1545567929_Nature.png","small_image_url":"https://coub-anubis-a.akamaized.net/coub_storage/category/cw_image/a4b57370b28/3c9d9a8cf4246d5a30610/small_1545567929_Nature.png","med_image_url":"https://coub-anubis-a.akamaized.net/coub_storage/category/cw_image/a4b57370b28/3c9d9a8cf4246d5a30610/med_1545567929_Nature.png","i_subscribed":true,"community_notifications_enabled":null,"description":null}],"recoubs_count":1589,"remixes_count":2,"likes_count":9119,"dislikes_count":0,"raw_video_id":12894357,"uploaded_by_ios_app":false,"uploaded_by_android_app":false,"media_blocks":{"uploaded_raw_videos":[],"external_raw_videos":[],"remixed_from_coubs":[]},"raw_video_thumbnail_url":"/missing/missing.png","raw_video_title":"Insane_Canyon_Rope_Swing.flv","video_block_banned":false,"duration":10.0,"promo_winner":false,"promo_winner_recoubers":null,"editorial_info":{},"promo_hint":null,"beeline_best_2014":null,"from_web_editor":true,"normalize_sound":true,"normalize_change_allowed":true,"best2015_addable":false,"ahmad_promo":null,"promo_data":null,"audio_copyright_claim":null,"ads_disabled":false,"is_safe_for_ads":true,"megafon_contents":[],"position_on_page":8},{"flag":null,"abuses":null,"recoubs_by_users_channels":null,"favourite":false,"promoted_id":null,"recoub":null,"like":null,"dislike":null,"reaction":null,"in_my_best2015":false,"id":172639615,"type":"Coub::Simple","permalink":"2ufsgs","title":"hAAAAlp","visibility_type":"public","original_visibility_type":"public","channel_id":7031675,"created_at":"2021-07-23T15:27:09Z","updated_at":"2022-03-16T02:43:04Z","is_done":true,"views_count":725903,"cotd":true,"cotd_at":"2021-07-24","visible_on_explore_root":true,"visible_on_explore":true,"featured":true,"published":true,"published_at":"2021-07-23T15:27:09Z","reversed":true,"from_editor_v2":true,"is_editable":true,"original_sound":false,"has_sound":false,"recoub_to":null,"file_versions":{"html5":{"video":{"higher":{"url":"https://coub-anubis-a.akamaized.net/coub_storage/coub/simple/cw_file/8014713b720/239b7f5f8af37c52ab489/muted_mp4_huge_size_1627054043_muted_huge.mp4","size":8147732},"high":{"url":"https://coub-anubis-a.akamaized.net/coub_storage/coub/simple/cw_file/8014713b720/239b7f5f8af37c52ab489/muted_mp4_big_size_1627054043_muted_big.mp4","size":5319918},"med":{"url":"https://coub-anubis-a.akamaized.net/coub_storage/coub/simple/cw_file/8014713b720/239b7f5f8af37c52ab489/muted_mp4_med_size_1627054043_muted_med.mp4","size":1778144}},"audio":{"high":{"url":"https://coub-anubis-a.akamaized.net/coub_storage/coub/simple/cw_looped_audio_high/55744d6ff07/d9044053170dc8e22cd27/1627054123_mp3-high.mp3","size":8610943},"med":{"url":"https://coub-anubis-a.akamaized.net/coub_storage/coub/simple/cw_looped_audio_med/1577e0db035/57cda4c37b2134990d9a1/1627054118_mp3-med.mp3","size":6136895}}},"mobile":{"video":"https://coub-anubis-a.akamaized.net/coub_storage/coub/simple/cw_file/8014713b720/239b7f5f8af37c52ab489/muted_mp4_med_size_1627054043_muted_med.mp4","audio":["https://coub-anubis-a.akamaized.net/coub_storage/coub/simple/cw_looped_audio_med/1577e0db035/57cda4c37b2134990d9a1/1627054118_mp3-med.mp3"]},"share":{"default":"https://coub-anubis-a.akamaized.net/coub_storage/coub/simple/cw_video_for_sharing/a188c302fe4/9b720df39596424f4269c/1627054180_looped_1627054178.mp4"}},"audio_versions":{"template":"https://coub-anubis-a.akamaized.net/coub_storage/audio_track/cw_normalized_copy/e00ebe87bed/594bd7b540dd96761cfba/mid_1627054093_normalized_1627054052_1vk7e9z_edited.mp3","versions":["mid","low"]},"image_versions":{"template":"https://coub-anubis-a.akamaized.net/coub_storage/coub/simple/cw_image/145dce16cc4/2954a0f74c10f1adbc972/%{version}_1627054135_00063.jpg","versions":["micro","tiny","age_restricted","ios_large","ios_mosaic","big","med","small","pinterest"]},"first_frame_versions":{"template":"https://coub-anubis-a.akamaized.net/coub_storage/coub/simple/cw_timeline_pic/0a743363150/a97abde83f5ffcf3e40a4/%{version}_1627054133_image.jpg","versions":["big","med","small","ios_large"]},"dimensions":{"big":[1280,720],"med":[640,360]},"site_w_h":[640,360],"page_w_h":[640,360],"site_w_h_small":[310,174],"size":[1280,720],"age_restricted":false,"age_restricted_by_admin":false,"not_safe_for_work":false,"allow_reuse":false,"dont_crop":true,"banned":false,"global_safe":true,"audio_file_url":"https://coub-anubis-a.akamaized.net/coub_storage/audio_track/cw_normalized_copy/e00ebe87bed/594bd7b540dd96761cfba/low_1627054093_normalized_1627054052_1vk7e9z_edited.mp3","external_download":false,"application":null,"channel":{"id":7031675,"permalink":"anton-sachkov","title":"Anton Sachkov","description":null,"followers_count":20,"following_count":0,"avatar_versions":{"template":"https://coub-anubis-a.akamaized.net/coub_storage/channel/cw_avatar/dccaf58584e/181517f2e8003d8101825/%{version}_1627054346_IMG_0737.JPG","versions":["medium","medium_2x","profile_pic","profile_pic_new","profile_pic_new_2x","tiny","tiny_2x","small","small_2x","ios_large","ios_small"]}},"file":null,"picture":"https://coub-anubis-a.akamaized.net/coub_storage/coub/simple/cw_image/145dce16cc4/2954a0f74c10f1adbc972/med_1627054135_00063.jpg","timeline_picture":"https://coub-anubis-a.akamaized.net/coub_storage/coub/simple/cw_timeline_pic/0a743363150/a97abde83f5ffcf3e40a4/ios_large_1627054133_image.jpg","small_picture":"https://coub-anubis-a.akamaized.net/coub_storage/coub/simple/cw_image/145dce16cc4/2954a0f74c10f1adbc972/ios_mosaic_1627054135_00063.jpg","sharing_picture":null,"percent_done":100,"tags":[],"categories":[{"id":9,"title":"Nature & Travel","permalink":"nature-travel","subscriptions_count":10070807,"big_image_url":"https://coub-anubis-a.akamaized.net/coub_storage/category/cw_image/a4b57370b28/3c9d9a8cf4246d5a30610/big_1545567929_Nature.png","small_image_url":"https://coub-anubis-a.akamaized.net/coub_storage/category/cw_image/a4b57370b28/3c9d9a8cf4246d5a30610/small_1545567929_Nature.png","med_image_url":"https://coub-anubis-a.akamaized.net/coub_storage/category/cw_image/a4b57370b28/3c9d9a8cf4246d5a30610/med_1545567929_Nature.png","visible":true}],"communities":[{"id":9,"title":"Nature & Travel","permalink":"nature-travel","subscriptions_count":10070807,"big_image_url":"https://coub-anubis-a.akamaized.net/coub_storage/category/cw_image/a4b57370b28/3c9d9a8cf4246d5a30610/big_1545567929_Nature.png","small_image_url":"https://coub-anubis-a.akamaized.net/coub_storage/category/cw_image/a4b57370b28/3c9d9a8cf4246d5a30610/small_1545567929_Nature.png","med_image_url":"https://coub-anubis-a.akamaized.net/coub_storage/category/cw_image/a4b57370b28/3c9d9a8cf4246d5a30610/med_1545567929_Nature.png","i_subscribed":true,"community_notifications_enabled":null,"description":null}],"recoubs_count":1572,"remixes_count":7,"likes_count":9052,"dislikes_count":0,"raw_video_id":16631297,"uploaded_by_ios_app":false,"uploaded_by_android_app":false,"media_blocks":{"uploaded_raw_videos":[],"external_raw_videos":[],"remixed_from_coubs":[]},"raw_video_thumbnail_url":"https://coub-anubis-a.akamaized.net/coub_storage/raw_video/cw_image/c51fef5adc5/153ac0427a78b72b297ad/coub_media_1627053624_image.jpg","raw_video_title":"ze5riIL2KN9NMtQ-.mp4","video_block_banned":false,"duration":20.0,"promo_winner":false,"promo_winner_recoubers":null,"editorial_info":{},"promo_hint":null,"beeline_best_2014":null,"from_web_editor":true,"normalize_sound":true,"normalize_change_allowed":true,"best2015_addable":false,"ahmad_promo":null,"promo_data":null,"audio_copyright_claim":null,"ads_disabled":false,"is_safe_for_ads":true,"megafon_contents":[],"position_on_page":9},{"flag":null,"abuses":null,"recoubs_by_users_channels":null,"favourite":false,"promoted_id":null,"recoub":null,"like":null,"dislike":null,"reaction":null,"in_my_best2015":false,"id":109910534,"type":"Coub::Simple","permalink":"1t14tn","title":"on water","visibility_type":"public","original_visibility_type":"public","channel_id":4982110,"created_at":"2019-04-25T09:02:13Z","updated_at":"2022-03-09T10:23:19Z","is_done":true,"views_count":504761,"cotd":null,"cotd_at":null,"visible_on_explore_root":false,"visible_on_explore":false,"featured":false,"published":true,"published_at":"2019-04-25T09:02:13Z","reversed":false,"from_editor_v2":true,"is_editable":true,"original_sound":false,"has_sound":false,"recoub_to":null,"file_versions":{"html5":{"video":{"higher":{"url":"https://coub-anubis-a.akamaized.net/coub_storage/coub/simple/cw_file/ce9f4717a7e/e8de8cfbfa19b9e79089c/muted_mp4_huge_size_1569050177_muted_huge.mp4","size":4132252},"high":{"url":"https://coub-anubis-a.akamaized.net/coub_storage/coub/simple/cw_file/ce9f4717a7e/e8de8cfbfa19b9e79089c/muted_mp4_big_size_1569050177_muted_big.mp4","size":2850176},"med":{"url":"https://coub-anubis-a.akamaized.net/coub_storage/coub/simple/cw_file/ce9f4717a7e/e8de8cfbfa19b9e79089c/muted_mp4_med_size_1569050177_muted_med.mp4","size":919022}},"audio":{"high":{"url":"https://coub-anubis-a.akamaized.net/coub_storage/coub/simple/cw_looped_audio_high/fd8c06e3e47/7bc160b22e35c9d3ca8b5/1605680403_high_1556182954_high.mp3","size":1261628},"med":{"url":"https://coub-anubis-a.akamaized.net/coub_storage/coub/simple/cw_looped_audio_med/c7d710958e7/a6daad9af20b710a3dce3/1605680401_med_1556182954_med.mp3","size":956702}}},"mobile":{"video":"https://coub-anubis-a.akamaized.net/coub_storage/coub/simple/cw_file/ce9f4717a7e/e8de8cfbfa19b9e79089c/muted_mp4_med_size_1569050177_muted_med.mp4","audio":["https://coub-anubis-a.akamaized.net/coub_storage/coub/simple/cw_looped_audio_med/c7d710958e7/a6daad9af20b710a3dce3/1605680401_med_1556182954_med.mp3"]},"share":{"default":"https://coub-anubis-a.akamaized.net/coub_storage/coub/simple/cw_video_for_sharing/4ddef726044/39b0f369d044d3fe46134/1608444170_looped_1608444168.mp4"}},"audio_versions":{"template":"https://coub-anubis-a.akamaized.net/coub_storage/audio_track/cw_normalized_copy/a15484c4412/06a78bcb38c14d190ec17/mid_1558904246_normalized_1556182899_audio.mp3","versions":["mid","low"]},"image_versions":{"template":"https://coub-anubis-a.akamaized.net/coub_storage/coub/simple/cw_image/f09e3adf66e/dca2b92dc97163f7a57ac/1556182966_00032.jpg","versions":["micro","tiny","age_restricted","ios_large","ios_mosaic","big","med","small","pinterest"]},"first_frame_versions":{"template":"https://coub-anubis-a.akamaized.net/coub_storage/coub/simple/cw_timeline_pic/9f258922139/0256e98aed8c40e202bb9/%{version}_1556182965_image.jpg","versions":["big","med","small","ios_large"]},"dimensions":{"big":[960,960],"med":[480,480]},"site_w_h":[400,400],"page_w_h":[400,400],"site_w_h_small":[310,310],"size":[960,960],"age_restricted":false,"age_restricted_by_admin":false,"not_safe_for_work":false,"allow_reuse":false,"dont_crop":false,"banned":false,"global_safe":true,"audio_file_url":"https://coub-anubis-a.akamaized.net/coub_storage/audio_track/cw_normalized_copy/a15484c4412/06a78bcb38c14d190ec17/low_1558904246_normalized_1556182899_audio.mp3","external_download":false,"application":null,"channel":{"id":4982110,"permalink":"-abbatt-","title":"abbatt","description":"=\\","followers_count":194,"following_count":0,"avatar_versions":{"template":"https://coub-anubis-a.akamaized.net/coub_storage/channel/cw_avatar/cb81742e4c7/1a387f31b84bc7ced0b69/%{version}_1607423087_y1wavu_1542475646_1515170505174424684.jpg","versions":["medium","medium_2x","profile_pic","profile_pic_new","profile_pic_new_2x","tiny","tiny_2x","small","small_2x","ios_large","ios_small"]}},"file":null,"picture":"https://coub-anubis-a.akamaized.net/coub_storage/coub/simple/cw_image/f09e3adf66e/dca2b92dc97163f7a57ac/1556182966_00032.jpg","timeline_picture":"https://coub-anubis-a.akamaized.net/coub_storage/coub/simple/cw_timeline_pic/9f258922139/0256e98aed8c40e202bb9/ios_large_1556182965_image.jpg","small_picture":"https://coub-anubis-a.akamaized.net/coub_storage/coub/simple/cw_image/f09e3adf66e/dca2b92dc97163f7a57ac/1556182966_00032.jpg","sharing_picture":null,"percent_done":100,"tags":[],"categories":[{"id":9,"title":"Nature & Travel","permalink":"nature-travel","subscriptions_count":10070807,"big_image_url":"https://coub-anubis-a.akamaized.net/coub_storage/category/cw_image/a4b57370b28/3c9d9a8cf4246d5a30610/big_1545567929_Nature.png","small_image_url":"https://coub-anubis-a.akamaized.net/coub_storage/category/cw_image/a4b57370b28/3c9d9a8cf4246d5a30610/small_1545567929_Nature.png","med_image_url":"https://coub-anubis-a.akamaized.net/coub_storage/category/cw_image/a4b57370b28/3c9d9a8cf4246d5a30610/med_1545567929_Nature.png","visible":true}],"communities":[{"id":9,"title":"Nature & Travel","permalink":"nature-travel","subscriptions_count":10070807,"big_image_url":"https://coub-anubis-a.akamaized.net/coub_storage/category/cw_image/a4b57370b28/3c9d9a8cf4246d5a30610/big_1545567929_Nature.png","small_image_url":"https://coub-anubis-a.akamaized.net/coub_storage/category/cw_image/a4b57370b28/3c9d9a8cf4246d5a30610/small_1545567929_Nature.png","med_image_url":"https://coub-anubis-a.akamaized.net/coub_storage/category/cw_image/a4b57370b28/3c9d9a8cf4246d5a30610/med_1545567929_Nature.png","i_subscribed":true,"community_notifications_enabled":null,"description":null}],"recoubs_count":1538,"remixes_count":3,"likes_count":9049,"dislikes_count":0,"raw_video_id":13601564,"uploaded_by_ios_app":false,"uploaded_by_android_app":false,"media_blocks":{"uploaded_raw_videos":[],"external_raw_videos":[],"remixed_from_coubs":[]},"raw_video_thumbnail_url":"/missing/missing.png","raw_video_title":"____.mp4","video_block_banned":false,"duration":10.0,"promo_winner":false,"promo_winner_recoubers":null,"editorial_info":{},"promo_hint":null,"beeline_best_2014":null,"from_web_editor":true,"normalize_sound":true,"normalize_change_allowed":true,"best2015_addable":false,"ahmad_promo":null,"promo_data":null,"audio_copyright_claim":null,"ads_disabled":false,"is_safe_for_ads":true,"megafon_contents":[],"position_on_page":10}]}