{"page":152,"per_page":10,"total_pages":500,"coubs":[{"flag":null,"abuses":null,"recoubs_by_users_channels":null,"favourite":false,"promoted_id":null,"recoub":null,"like":null,"dislike":null,"reaction":null,"in_my_best2015":false,"id":141520491,"type":"Coub::Simple","permalink":"2bwsla","title":"Why not","visibility_type":"public","original_visibility_type":"public","channel_id":3672887,"created_at":"2020-04-07T00:27:19Z","updated_at":"2022-03-06T16:52:37Z","is_done":true,"views_count":195069,"cotd":null,"cotd_at":null,"visible_on_explore_root":false,"visible_on_explore":false,"featured":false,"published":true,"published_at":"2020-04-07T00:27:19Z","reversed":false,"from_editor_v2":true,"is_editable":true,"original_sound":false,"has_sound":false,"recoub_to":null,"file_versions":{"html5":{"video":{"higher":{"url":"https://coub-anubis-a.akamaized.net/coub_storage/coub/simple/cw_file/4434ba8893b/1369f91052d675e437db2/muted_mp4_huge_size_1586219242_muted_huge.mp4","size":1705322},"high":{"url":"https://coub-anubis-a.akamaized.net/coub_storage/coub/simple/cw_file/4434ba8893b/1369f91052d675e437db2/muted_mp4_big_size_1586219242_muted_big.mp4","size":1269981},"med":{"url":"https://coub-anubis-a.akamaized.net/coub_storage/coub/simple/cw_file/4434ba8893b/1369f91052d675e437db2/muted_mp4_med_size_1586219242_muted_med.mp4","size":499239}},"audio":{"high":{"url":"https://coub-anubis-a.akamaized.net/coub_storage/coub/simple/cw_looped_audio_high/5486086c42c/4c95215bc355e70f1af44/1605699981_high_1586219255_high.mp3","size":950793},"med":{"url":"https://coub-anubis-a.akamaized.net/coub_storage/coub/simple/cw_looped_audio_med/ad8a816b6fe/560610f954e5fb122db9e/1605699980_med_1586219255_med.mp3","size":770720}}},"mobile":{"video":"https://coub-anubis-a.akamaized.net/coub_storage/coub/simple/cw_file/4434ba8893b/1369f91052d675e437db2/muted_mp4_med_size_1586219242_muted_med.mp4","audio":["https://coub-anubis-a.akamaized.net/coub_storage/coub/simple/cw_looped_audio_med/ad8a816b6fe/560610f954e5fb122db9e/1605699980_med_1586219255_med.mp3"]},"share":{"default":"https://coub-anubis-a.akamaized.net/coub_storage/coub/simple/cw_video_for_sharing/7fee9e8f53e/55a5ef55050df0af40260/1608843550_looped_1608843549.mp4"}},"audio_versions":{"template":"https://coub-anubis-a.akamaized.net/coub_storage/audio_track/cw_normalized_copy/08d0bcb57d2/bb85068683c016e7d8c38/mid_1586219250_normalized_1586219243_1yj0hsd_edited.mp3","versions":["mid","low"]},"image_versions":{"template":"https://coub-anubis-a.akamaized.net/coub_storage/coub/simple/cw_image/3a53c36d967/69c6b2b09dea67ca575f7/1586219260_00011.jpg","versions":["micro","tiny","age_restricted","ios_large","ios_mosaic","big","med","small","pinterest"]},"first_frame_versions":{"template":"https://coub-anubis-a.akamaized.net/coub_storage/coub/simple/cw_timeline_pic/4b06eb5f10a/c8b93fa6e22d5b8972f82/%{version}_1586219260_image.jpg","versions":["big","med","small","ios_large"]},"dimensions":{"big":[768,960],"med":[384,480]},"site_w_h":[320,400],"page_w_h":[400,500],"site_w_h_small":[310,388],"size":[768,960],"age_restricted":false,"age_restricted_by_admin":false,"not_safe_for_work":false,"allow_reuse":false,"dont_crop":false,"banned":false,"global_safe":true,"audio_file_url":"https://coub-anubis-a.akamaized.net/coub_storage/audio_track/cw_normalized_copy/08d0bcb57d2/bb85068683c016e7d8c38/low_1586219250_normalized_1586219243_1yj0hsd_edited.mp3","external_download":{"type":"Instagram","service_name":"Instagram","url":"https://www.instagram.com/p/B-od5f3hEA4/?igshid=jdy7poyspbgz","has_embed":false},"application":null,"channel":{"id":3672887,"permalink":"smokey-night","title":"Smokey Night","description":"USA - Minsk","followers_count":182,"following_count":2,"avatar_versions":{"template":"https://coub-anubis-a.akamaized.net/coub_storage/channel/cw_avatar/ff5f8a708f9/45a8bdb7bac6e88ff7beb/%{version}_1607421643_19cqq34_1516527076_filename.jpeg","versions":["medium","medium_2x","profile_pic","profile_pic_new","profile_pic_new_2x","tiny","tiny_2x","small","small_2x","ios_large","ios_small"]}},"file":null,"picture":"https://coub-anubis-a.akamaized.net/coub_storage/coub/simple/cw_image/3a53c36d967/69c6b2b09dea67ca575f7/1586219260_00011.jpg","timeline_picture":"https://coub-anubis-a.akamaized.net/coub_storage/coub/simple/cw_timeline_pic/4b06eb5f10a/c8b93fa6e22d5b8972f82/ios_large_1586219260_image.jpg","small_picture":"https://coub-anubis-a.akamaized.net/coub_storage/coub/simple/cw_image/3a53c36d967/69c6b2b09dea67ca575f7/1586219260_00011.jpg","sharing_picture":null,"percent_done":100,"tags":[{"id":1564,"title":"sea","value":"sea"},{"id":320243,"title":"jackdaniels","value":"jackdaniels"},{"id":135,"title":"water","value":"water"},{"id":1114,"title":"man","value":"man"}],"categories":[{"id":9,"title":"Nature & Travel","permalink":"nature-travel","subscriptions_count":10070807,"big_image_url":"https://coub-anubis-a.akamaized.net/coub_storage/category/cw_image/a4b57370b28/3c9d9a8cf4246d5a30610/big_1545567929_Nature.png","small_image_url":"https://coub-anubis-a.akamaized.net/coub_storage/category/cw_image/a4b57370b28/3c9d9a8cf4246d5a30610/small_1545567929_Nature.png","med_image_url":"https://coub-anubis-a.akamaized.net/coub_storage/category/cw_image/a4b57370b28/3c9d9a8cf4246d5a30610/med_1545567929_Nature.png","visible":true}],"communities":[{"id":9,"title":"Nature & Travel","permalink":"nature-travel","subscriptions_count":10070807,"big_image_url":"https://coub-anubis-a.akamaized.net/coub_storage/category/cw_image/a4b57370b28/3c9d9a8cf4246d5a30610/big_1545567929_Nature.png","small_image_url":"https://coub-anubis-a.akamaized.net/coub_storage/category/cw_image/a4b57370b28/3c9d9a8cf4246d5a30610/small_1545567929_Nature.png","med_image_url":"https://coub-anubis-a.akamaized.net/coub_storage/category/cw_image/a4b57370b28/3c9d9a8cf4246d5a30610/med_1545567929_Nature.png","i_subscribed":true,"community_notifications_enabled":null,"description":null}],"recoubs_count":434,"remixes_count":0,"likes_count":2199,"dislikes_count":0,"raw_video_id":15038689,"uploaded_by_ios_app":true,"uploaded_by_android_app":false,"media_blocks":{"uploaded_raw_videos":[],"external_raw_videos":[{"id":35355539,"title":"Shot by onlyforluxury","url":"http://instagram.com/p/B-od5f3hEA4/","image":null,"image_retina":null,"meta":{"service":"Instagram","duration":"3.36"},"duration":3.36,"raw_video_id":15038689,"has_embed":false}],"remixed_from_coubs":[],"external_video":{"id":35355539,"title":"Shot by onlyforluxury","url":"http://instagram.com/p/B-od5f3hEA4/","image":null,"image_retina":null,"meta":{"service":"Instagram","duration":"3.36"},"duration":3.36,"raw_video_id":15038689,"has_embed":false}},"raw_video_thumbnail_url":"/missing/missing.png","raw_video_title":"Shot by onlyforluxury","video_block_banned":false,"duration":3.36,"promo_winner":false,"promo_winner_recoubers":null,"editorial_info":{},"promo_hint":null,"beeline_best_2014":null,"from_web_editor":false,"normalize_sound":true,"normalize_change_allowed":true,"best2015_addable":false,"ahmad_promo":null,"promo_data":null,"audio_copyright_claim":null,"ads_disabled":false,"is_safe_for_ads":true,"megafon_contents":[],"position_on_page":1},{"flag":null,"abuses":null,"recoubs_by_users_channels":null,"favourite":false,"promoted_id":null,"recoub":null,"like":null,"dislike":null,"reaction":null,"in_my_best2015":false,"id":179053477,"type":"Coub::Simple","permalink":"2y99gt","title":"Трамвайные флешбеки","visibility_type":"public","original_visibility_type":"public","channel_id":11618650,"created_at":"2021-11-24T05:05:17Z","updated_at":"2022-03-15T22:13:53Z","is_done":true,"views_count":153032,"cotd":null,"cotd_at":null,"visible_on_explore_root":false,"visible_on_explore":false,"featured":false,"published":true,"published_at":"2021-11-24T05:05:17Z","reversed":false,"from_editor_v2":true,"is_editable":true,"original_sound":true,"has_sound":true,"recoub_to":null,"file_versions":{"html5":{"video":{"higher":{"url":"https://coub-anubis-a.akamaized.net/coub_storage/coub/simple/cw_file/784b30c554a/db2127667d82440284684/muted_mp4_huge_size_1637730332_muted_huge.mp4","size":2938151},"high":{"url":"https://coub-anubis-a.akamaized.net/coub_storage/coub/simple/cw_file/784b30c554a/db2127667d82440284684/muted_mp4_big_size_1637730332_muted_big.mp4","size":1899454},"med":{"url":"https://coub-anubis-a.akamaized.net/coub_storage/coub/simple/cw_file/784b30c554a/db2127667d82440284684/muted_mp4_med_size_1637730332_muted_med.mp4","size":692242}},"audio":{"high":{"url":"https://coub-anubis-a.akamaized.net/coub_storage/coub/simple/cw_looped_audio_high/e58273abe8b/02ee5ad1cda025d2c00d5/1637730334_mp3-high.mp3","size":815887},"med":{"url":"https://coub-anubis-a.akamaized.net/coub_storage/coub/simple/cw_looped_audio_med/294cfa5abe4/5c41dff388395e2552e70/1637730333_mp3-med.mp3","size":815633},"sample_duration":8.011}},"mobile":{"video":"https://coub-anubis-a.akamaized.net/coub_storage/coub/simple/cw_file/784b30c554a/db2127667d82440284684/muted_mp4_med_size_1637730332_muted_med.mp4","audio":["https://coub-anubis-a.akamaized.net/coub_storage/coub/simple/cw_looped_audio_med/294cfa5abe4/5c41dff388395e2552e70/1637730333_mp3-med.mp3"]},"share":{"default":"https://coub-anubis-a.akamaized.net/coub_storage/coub/simple/cw_video_for_sharing/5b3fc52e06d/3e5d759981855d6b093bb/1637730356_looped_1637730356.mp4"}},"audio_versions":{},"image_versions":{"template":"https://coub-anubis-a.akamaized.net/coub_storage/coub/simple/cw_image/05f9183aa59/985d6774f9d5e8d117f94/%{version}_1637730337_00026.jpg","versions":["micro","tiny","age_restricted","ios_large","ios_mosaic","big","med","small","pinterest"]},"first_frame_versions":{"template":"https://coub-anubis-a.akamaized.net/coub_storage/coub/simple/cw_timeline_pic/a1fc1df3280/394afd27b03a3d642a131/%{version}_1637730337_image.jpg","versions":["big","med","small","ios_large"]},"dimensions":{"big":[586,960],"med":[292,480]},"site_w_h":[244,400],"page_w_h":[400,655],"site_w_h_small":[310,508],"size":[586,960],"age_restricted":false,"age_restricted_by_admin":false,"not_safe_for_work":null,"allow_reuse":false,"dont_crop":true,"banned":false,"global_safe":null,"audio_file_url":null,"external_download":false,"application":null,"channel":{"id":11618650,"permalink":"ahmed26399","title":"Dyadya Leo","description":null,"followers_count":26,"following_count":13,"avatar_versions":{"template":"https://coub-anubis-a.akamaized.net/coub_storage/channel/cw_avatar/93a011694a2/c7e022b7cd3dd45309a24/%{version}_1630169122_filename.jpeg","versions":["medium","medium_2x","profile_pic","profile_pic_new","profile_pic_new_2x","tiny","tiny_2x","small","small_2x","ios_large","ios_small"]}},"file":null,"picture":"https://coub-anubis-a.akamaized.net/coub_storage/coub/simple/cw_image/05f9183aa59/985d6774f9d5e8d117f94/med_1637730337_00026.jpg","timeline_picture":"https://coub-anubis-a.akamaized.net/coub_storage/coub/simple/cw_timeline_pic/a1fc1df3280/394afd27b03a3d642a131/ios_large_1637730337_image.jpg","small_picture":"https://coub-anubis-a.akamaized.net/coub_storage/coub/simple/cw_image/05f9183aa59/985d6774f9d5e8d117f94/ios_mosaic_1637730337_00026.jpg","sharing_picture":null,"percent_done":100,"tags":[{"id":1439,"title":"tram","value":"tram"},{"id":52959,"title":"flashback","value":"flashback"},{"id":5069,"title":"vietnam","value":"vietnam"},{"id":63157,"title":"vietnam war","value":"vietnam%20war"},{"id":1417082,"title":"vietnam flashback","value":"vietnam%20flashback"}],"categories":[{"id":9,"title":"Nature & Travel","permalink":"nature-travel","subscriptions_count":10070807,"big_image_url":"https://coub-anubis-a.akamaized.net/coub_storage/category/cw_image/a4b57370b28/3c9d9a8cf4246d5a30610/big_1545567929_Nature.png","small_image_url":"https://coub-anubis-a.akamaized.net/coub_storage/category/cw_image/a4b57370b28/3c9d9a8cf4246d5a30610/small_1545567929_Nature.png","med_image_url":"https://coub-anubis-a.akamaized.net/coub_storage/category/cw_image/a4b57370b28/3c9d9a8cf4246d5a30610/med_1545567929_Nature.png","visible":true}],"communities":[{"id":9,"title":"Nature & Travel","permalink":"nature-travel","subscriptions_count":10070807,"big_image_url":"https://coub-anubis-a.akamaized.net/coub_storage/category/cw_image/a4b57370b28/3c9d9a8cf4246d5a30610/big_1545567929_Nature.png","small_image_url":"https://coub-anubis-a.akamaized.net/coub_storage/category/cw_image/a4b57370b28/3c9d9a8cf4246d5a30610/small_1545567929_Nature.png","med_image_url":"https://coub-anubis-a.akamaized.net/coub_storage/category/cw_image/a4b57370b28/3c9d9a8cf4246d5a30610/med_1545567929_Nature.png","i_subscribed":true,"community_notifications_enabled":null,"description":null}],"recoubs_count":395,"remixes_count":0,"likes_count":2197,"dislikes_count":0,"raw_video_id":16944454,"uploaded_by_ios_app":true,"uploaded_by_android_app":false,"media_blocks":{"uploaded_raw_videos":[],"external_raw_videos":[],"remixed_from_coubs":[]},"raw_video_thumbnail_url":"https://coub-anubis-a.akamaized.net/coub_storage/raw_video/cw_image/13947d144b9/2ab7469d8f2613e8a5681/coub_media_1637730313_image.jpg","raw_video_title":"filename.mp4","video_block_banned":false,"duration":8.0,"promo_winner":false,"promo_winner_recoubers":null,"editorial_info":{},"promo_hint":null,"beeline_best_2014":null,"from_web_editor":false,"normalize_sound":true,"normalize_change_allowed":true,"best2015_addable":false,"ahmad_promo":null,"promo_data":null,"audio_copyright_claim":null,"ads_disabled":null,"is_safe_for_ads":true,"megafon_contents":[],"position_on_page":2},{"flag":null,"abuses":null,"recoubs_by_users_channels":null,"favourite":false,"promoted_id":null,"recoub":null,"like":null,"dislike":null,"reaction":null,"in_my_best2015":false,"id":144601403,"type":"Coub::Simple","permalink":"2dqtuv","title":"Рыбалка v 2.0","visibility_type":"public","original_visibility_type":"public","channel_id":5074232,"created_at":"2020-05-10T22:32:57Z","updated_at":"2022-03-15T22:58:10Z","is_done":true,"views_count":165129,"cotd":null,"cotd_at":null,"visible_on_explore_root":false,"visible_on_explore":false,"featured":false,"published":true,"published_at":"2020-05-10T22:32:57Z","reversed":false,"from_editor_v2":true,"is_editable":true,"original_sound":true,"has_sound":true,"recoub_to":null,"file_versions":{"html5":{"video":{"higher":{"url":"https://coub-anubis-a.akamaized.net/coub_storage/coub/simple/cw_file/82f4ea4913c/4f353e7f010b064e82f34/muted_mp4_huge_size_1589149987_muted_huge.mp4","size":1588356},"high":{"url":"https://coub-anubis-a.akamaized.net/coub_storage/coub/simple/cw_file/82f4ea4913c/4f353e7f010b064e82f34/muted_mp4_big_size_1589149987_muted_big.mp4","size":1012498},"med":{"url":"https://coub-anubis-a.akamaized.net/coub_storage/coub/simple/cw_file/82f4ea4913c/4f353e7f010b064e82f34/muted_mp4_med_size_1589149987_muted_med.mp4","size":341748}},"audio":{"high":{"url":"https://coub-anubis-a.akamaized.net/coub_storage/coub/simple/cw_looped_audio_high/4a1dccf5ce8/2b2b372d9510e2c3f0a8c/1605692736_high_1589149987_high.mp3","size":1098028},"med":{"url":"https://coub-anubis-a.akamaized.net/coub_storage/coub/simple/cw_looped_audio_med/21a8e0a9577/73e6caf5319ed5000ebb3/1605692735_med_1589149987_med.mp3","size":894882},"sample_duration":8.011}},"mobile":{"video":"https://coub-anubis-a.akamaized.net/coub_storage/coub/simple/cw_file/82f4ea4913c/4f353e7f010b064e82f34/muted_mp4_med_size_1589149987_muted_med.mp4","audio":["https://coub-anubis-a.akamaized.net/coub_storage/coub/simple/cw_looped_audio_med/21a8e0a9577/73e6caf5319ed5000ebb3/1605692735_med_1589149987_med.mp3"]},"share":{"default":"https://coub-anubis-a.akamaized.net/coub_storage/coub/simple/cw_video_for_sharing/e910f06979c/55d28383253aa91e5262c/1608155925_looped_1608155924.mp4"}},"audio_versions":{},"image_versions":{"template":"https://coub-anubis-a.akamaized.net/coub_storage/coub/simple/cw_image/e46a5cc8be7/b79bd1f7d861ace665575/1589149993_00026.jpg","versions":["micro","tiny","age_restricted","ios_large","ios_mosaic","big","med","small","pinterest"]},"first_frame_versions":{"template":"https://coub-anubis-a.akamaized.net/coub_storage/coub/simple/cw_timeline_pic/b3539110add/a57e5c456d5917fecaf75/1589149993_image.jpg","versions":["big","med","small","ios_large"]},"dimensions":{"big":[538,960],"med":[268,480]},"site_w_h":[224,400],"page_w_h":[400,714],"site_w_h_small":[310,553],"size":[538,960],"age_restricted":false,"age_restricted_by_admin":false,"not_safe_for_work":false,"allow_reuse":false,"dont_crop":false,"banned":false,"global_safe":false,"audio_file_url":null,"external_download":false,"application":null,"channel":{"id":5074232,"permalink":"mirrorprod","title":"Mirror Production","description":null,"followers_count":22,"following_count":12,"avatar_versions":{"template":"https://coub-anubis-a.akamaized.net/coub_storage/channel/cw_avatar/abea676db33/ace34b3ad682ffc466910/%{version}_1608045784_8mr9cx_1545086491_______.jpg","versions":["medium","medium_2x","profile_pic","profile_pic_new","profile_pic_new_2x","tiny","tiny_2x","small","small_2x","ios_large","ios_small"]}},"file":null,"picture":"https://coub-anubis-a.akamaized.net/coub_storage/coub/simple/cw_image/e46a5cc8be7/b79bd1f7d861ace665575/1589149993_00026.jpg","timeline_picture":"https://coub-anubis-a.akamaized.net/coub_storage/coub/simple/cw_timeline_pic/b3539110add/a57e5c456d5917fecaf75/1589149993_image.jpg","small_picture":"https://coub-anubis-a.akamaized.net/coub_storage/coub/simple/cw_image/e46a5cc8be7/b79bd1f7d861ace665575/1589149993_00026.jpg","sharing_picture":null,"percent_done":100,"tags":[{"id":522805,"title":"рыбалка по русски","value":"%D1%80%D1%8B%D0%B1%D0%B0%D0%BB%D0%BA%D0%B0%20%D0%BF%D0%BE%20%D1%80%D1%83%D1%81%D1%81%D0%BA%D0%B8"},{"id":197985,"title":"улов","value":"%D1%83%D0%BB%D0%BE%D0%B2"},{"id":1730,"title":"фейл","value":"%D1%84%D0%B5%D0%B9%D0%BB"}],"categories":[{"id":9,"title":"Nature & Travel","permalink":"nature-travel","subscriptions_count":10070807,"big_image_url":"https://coub-anubis-a.akamaized.net/coub_storage/category/cw_image/a4b57370b28/3c9d9a8cf4246d5a30610/big_1545567929_Nature.png","small_image_url":"https://coub-anubis-a.akamaized.net/coub_storage/category/cw_image/a4b57370b28/3c9d9a8cf4246d5a30610/small_1545567929_Nature.png","med_image_url":"https://coub-anubis-a.akamaized.net/coub_storage/category/cw_image/a4b57370b28/3c9d9a8cf4246d5a30610/med_1545567929_Nature.png","visible":true}],"communities":[{"id":9,"title":"Nature & Travel","permalink":"nature-travel","subscriptions_count":10070807,"big_image_url":"https://coub-anubis-a.akamaized.net/coub_storage/category/cw_image/a4b57370b28/3c9d9a8cf4246d5a30610/big_1545567929_Nature.png","small_image_url":"https://coub-anubis-a.akamaized.net/coub_storage/category/cw_image/a4b57370b28/3c9d9a8cf4246d5a30610/small_1545567929_Nature.png","med_image_url":"https://coub-anubis-a.akamaized.net/coub_storage/category/cw_image/a4b57370b28/3c9d9a8cf4246d5a30610/med_1545567929_Nature.png","i_subscribed":true,"community_notifications_enabled":null,"description":null}],"recoubs_count":451,"remixes_count":1,"likes_count":2197,"dislikes_count":0,"raw_video_id":15204554,"uploaded_by_ios_app":true,"uploaded_by_android_app":false,"media_blocks":{"uploaded_raw_videos":[],"external_raw_videos":[],"remixed_from_coubs":[]},"raw_video_thumbnail_url":"/missing/missing.png","raw_video_title":"filename.mp4","video_block_banned":false,"duration":8.04,"promo_winner":false,"promo_winner_recoubers":null,"editorial_info":{},"promo_hint":null,"beeline_best_2014":null,"from_web_editor":false,"normalize_sound":true,"normalize_change_allowed":true,"best2015_addable":false,"ahmad_promo":null,"promo_data":null,"audio_copyright_claim":null,"ads_disabled":false,"is_safe_for_ads":true,"megafon_contents":[],"position_on_page":3},{"flag":null,"abuses":null,"recoubs_by_users_channels":null,"favourite":false,"promoted_id":null,"recoub":null,"like":null,"dislike":null,"reaction":null,"in_my_best2015":false,"id":180339052,"type":"Coub::Simple","permalink":"2z0tff","title":"JAPAN","visibility_type":"public","original_visibility_type":"public","channel_id":1722272,"created_at":"2021-12-20T17:24:26Z","updated_at":"2022-03-15T23:13:05Z","is_done":true,"views_count":126005,"cotd":null,"cotd_at":null,"visible_on_explore_root":false,"visible_on_explore":false,"featured":false,"published":true,"published_at":"2021-12-20T17:24:26Z","reversed":false,"from_editor_v2":true,"is_editable":true,"original_sound":true,"has_sound":true,"recoub_to":null,"file_versions":{"html5":{"video":{"higher":{"url":"https://coub-anubis-a.akamaized.net/coub_storage/coub/simple/cw_file/b704850b705/c2d850b14147f777ca3da/muted_mp4_huge_size_1640021072_muted_huge.mp4","size":2672077},"high":{"url":"https://coub-anubis-a.akamaized.net/coub_storage/coub/simple/cw_file/b704850b705/c2d850b14147f777ca3da/muted_mp4_big_size_1640021072_muted_big.mp4","size":1736497},"med":{"url":"https://coub-anubis-a.akamaized.net/coub_storage/coub/simple/cw_file/b704850b705/c2d850b14147f777ca3da/muted_mp4_med_size_1640021072_muted_med.mp4","size":634395}},"audio":{"high":{"url":"https://coub-anubis-a.akamaized.net/coub_storage/coub/simple/cw_looped_audio_high/a2402a9ce3a/bc1c4d499b1ca57939fdc/1640021074_mp3-high.mp3","size":1181079},"med":{"url":"https://coub-anubis-a.akamaized.net/coub_storage/coub/simple/cw_looped_audio_med/dfffe4cb4ab/e0b036ae900bb3e2f6f44/1640021073_mp3-med.mp3","size":798816},"sample_duration":10.008}},"mobile":{"video":"https://coub-anubis-a.akamaized.net/coub_storage/coub/simple/cw_file/b704850b705/c2d850b14147f777ca3da/muted_mp4_med_size_1640021072_muted_med.mp4","audio":["https://coub-anubis-a.akamaized.net/coub_storage/coub/simple/cw_looped_audio_med/dfffe4cb4ab/e0b036ae900bb3e2f6f44/1640021073_mp3-med.mp3"]},"share":{"default":"https://coub-anubis-a.akamaized.net/coub_storage/coub/simple/cw_video_for_sharing/36842481342/baca55a81fda10fdfdbab/1640021098_looped_1640021097.mp4"}},"audio_versions":{},"image_versions":{"template":"https://coub-anubis-a.akamaized.net/coub_storage/coub/simple/cw_image/b0b13aa972b/daba9af788b19472af2bd/%{version}_1640021078_00032.jpg","versions":["micro","tiny","age_restricted","ios_large","ios_mosaic","big","med","small","pinterest"]},"first_frame_versions":{"template":"https://coub-anubis-a.akamaized.net/coub_storage/coub/simple/cw_timeline_pic/e885981da59/191c734ce5aa706fe5188/%{version}_1640021078_image.jpg","versions":["big","med","small","ios_large"]},"dimensions":{"big":[538,960],"med":[268,480]},"site_w_h":[224,400],"page_w_h":[400,714],"site_w_h_small":[310,553],"size":[538,960],"age_restricted":false,"age_restricted_by_admin":false,"not_safe_for_work":null,"allow_reuse":false,"dont_crop":true,"banned":false,"global_safe":null,"audio_file_url":null,"external_download":false,"application":null,"channel":{"id":1722272,"permalink":"stan.suroviy","title":"🌸 🇷 🇺 🇧 🇮 🇰 🌸","description":null,"followers_count":117,"following_count":10,"avatar_versions":{"template":"https://coub-anubis-a.akamaized.net/coub_storage/channel/cw_avatar/bcb16a59ef6/096b403b42bf55a7fe8ec/%{version}_1608745408_2irwvy_1474592841_100004879094957.jpg","versions":["medium","medium_2x","profile_pic","profile_pic_new","profile_pic_new_2x","tiny","tiny_2x","small","small_2x","ios_large","ios_small"]}},"file":null,"picture":"https://coub-anubis-a.akamaized.net/coub_storage/coub/simple/cw_image/b0b13aa972b/daba9af788b19472af2bd/med_1640021078_00032.jpg","timeline_picture":"https://coub-anubis-a.akamaized.net/coub_storage/coub/simple/cw_timeline_pic/e885981da59/191c734ce5aa706fe5188/ios_large_1640021078_image.jpg","small_picture":"https://coub-anubis-a.akamaized.net/coub_storage/coub/simple/cw_image/b0b13aa972b/daba9af788b19472af2bd/ios_mosaic_1640021078_00032.jpg","sharing_picture":null,"percent_done":100,"tags":[{"id":6514,"title":"japan","value":"japan"},{"id":2327,"title":"tokyo","value":"tokyo"},{"id":154939,"title":"nippon","value":"nippon"},{"id":91380,"title":"osaka","value":"osaka"},{"id":122295,"title":"kyoto","value":"kyoto"}],"categories":[{"id":9,"title":"Nature & Travel","permalink":"nature-travel","subscriptions_count":10070807,"big_image_url":"https://coub-anubis-a.akamaized.net/coub_storage/category/cw_image/a4b57370b28/3c9d9a8cf4246d5a30610/big_1545567929_Nature.png","small_image_url":"https://coub-anubis-a.akamaized.net/coub_storage/category/cw_image/a4b57370b28/3c9d9a8cf4246d5a30610/small_1545567929_Nature.png","med_image_url":"https://coub-anubis-a.akamaized.net/coub_storage/category/cw_image/a4b57370b28/3c9d9a8cf4246d5a30610/med_1545567929_Nature.png","visible":true}],"communities":[{"id":9,"title":"Nature & Travel","permalink":"nature-travel","subscriptions_count":10070807,"big_image_url":"https://coub-anubis-a.akamaized.net/coub_storage/category/cw_image/a4b57370b28/3c9d9a8cf4246d5a30610/big_1545567929_Nature.png","small_image_url":"https://coub-anubis-a.akamaized.net/coub_storage/category/cw_image/a4b57370b28/3c9d9a8cf4246d5a30610/small_1545567929_Nature.png","med_image_url":"https://coub-anubis-a.akamaized.net/coub_storage/category/cw_image/a4b57370b28/3c9d9a8cf4246d5a30610/med_1545567929_Nature.png","i_subscribed":true,"community_notifications_enabled":null,"description":null}],"recoubs_count":394,"remixes_count":1,"likes_count":2196,"dislikes_count":0,"raw_video_id":17006046,"uploaded_by_ios_app":false,"uploaded_by_android_app":false,"media_blocks":{"uploaded_raw_videos":[],"external_raw_videos":[],"remixed_from_coubs":[]},"raw_video_thumbnail_url":"https://coub-anubis-a.akamaized.net/coub_storage/raw_video/cw_image/ca25491e1fd/5aa55cb1dcae7d115c938/coub_media_1640020951_image.jpg","raw_video_title":"Clip_by__japanstream.mp4","video_block_banned":false,"duration":10.0,"promo_winner":false,"promo_winner_recoubers":null,"editorial_info":{},"promo_hint":null,"beeline_best_2014":null,"from_web_editor":true,"normalize_sound":true,"normalize_change_allowed":true,"best2015_addable":false,"ahmad_promo":null,"promo_data":null,"audio_copyright_claim":null,"ads_disabled":null,"is_safe_for_ads":true,"megafon_contents":[],"position_on_page":4},{"flag":null,"abuses":null,"recoubs_by_users_channels":null,"favourite":false,"promoted_id":null,"recoub":null,"like":null,"dislike":null,"reaction":null,"in_my_best2015":false,"id":159828984,"type":"Coub::Simple","permalink":"2mt7n3","title":"Армия, она и в Африке армия","visibility_type":"public","original_visibility_type":"public","channel_id":2194747,"created_at":"2020-12-15T09:59:20Z","updated_at":"2022-03-15T07:02:54Z","is_done":true,"views_count":191439,"cotd":null,"cotd_at":null,"visible_on_explore_root":false,"visible_on_explore":false,"featured":false,"published":true,"published_at":"2020-12-15T09:59:20Z","reversed":false,"from_editor_v2":true,"is_editable":true,"original_sound":true,"has_sound":true,"recoub_to":null,"file_versions":{"html5":{"video":{"higher":{"url":"https://coub-anubis-a.akamaized.net/coub_storage/coub/simple/cw_file/36e510a93b8/028eedcdb5507ff9276da/muted_mp4_huge_size_1608026366_muted_huge.mp4","size":4308850},"high":{"url":"https://coub-anubis-a.akamaized.net/coub_storage/coub/simple/cw_file/36e510a93b8/028eedcdb5507ff9276da/muted_mp4_big_size_1608026366_muted_big.mp4","size":2539740},"med":{"url":"https://coub-anubis-a.akamaized.net/coub_storage/coub/simple/cw_file/36e510a93b8/028eedcdb5507ff9276da/muted_mp4_med_size_1608026366_muted_med.mp4","size":1018935}},"audio":{"high":{"url":"https://coub-anubis-a.akamaized.net/coub_storage/coub/simple/cw_looped_audio_high/a3bcfd8924e/6877f11053d80b9396865/1608026368_mp3-high.mp3","size":640842},"med":{"url":"https://coub-anubis-a.akamaized.net/coub_storage/coub/simple/cw_looped_audio_med/36052372075/63b334bde4e62b31dd20a/1608026367_mp3-med.mp3","size":640891},"sample_duration":10.008}},"mobile":{"video":"https://coub-anubis-a.akamaized.net/coub_storage/coub/simple/cw_file/36e510a93b8/028eedcdb5507ff9276da/muted_mp4_med_size_1608026366_muted_med.mp4","audio":["https://coub-anubis-a.akamaized.net/coub_storage/coub/simple/cw_looped_audio_med/36052372075/63b334bde4e62b31dd20a/1608026367_mp3-med.mp3"]},"share":{"default":"https://coub-anubis-a.akamaized.net/coub_storage/coub/simple/cw_video_for_sharing/5064af70296/8a63657ce8af4b760ef24/1608026451_looped_1608026450.mp4"}},"audio_versions":{},"image_versions":{"template":"https://coub-anubis-a.akamaized.net/coub_storage/coub/simple/cw_image/eae19312cbb/f120fe8932765f19340fc/%{version}_1608026394_00032.jpg","versions":["micro","tiny","age_restricted","ios_large","ios_mosaic","big","med","small","pinterest"]},"first_frame_versions":{"template":"https://coub-anubis-a.akamaized.net/coub_storage/coub/simple/cw_timeline_pic/38617600932/18c9c64b89920087aafa3/%{version}_1608026394_image.jpg","versions":["big","med","small","ios_large"]},"dimensions":{"big":[1280,704],"med":[640,352]},"site_w_h":[640,352],"page_w_h":[640,352],"site_w_h_small":[310,171],"size":[1280,704],"age_restricted":false,"age_restricted_by_admin":false,"not_safe_for_work":false,"allow_reuse":false,"dont_crop":true,"banned":false,"global_safe":null,"audio_file_url":null,"external_download":false,"application":null,"channel":{"id":2194747,"permalink":"theramlid","title":"Ramlid","description":"[18+] Создаю коубы по настроению ;)","followers_count":547,"following_count":4,"avatar_versions":{"template":"https://coub-anubis-a.akamaized.net/coub_storage/channel/cw_avatar/bd0eaa80abc/b451362e2cddfd794b0ba/%{version}_1607422329_13j24i8_1578639983_retsuko1-2.png","versions":["medium","medium_2x","profile_pic","profile_pic_new","profile_pic_new_2x","tiny","tiny_2x","small","small_2x","ios_large","ios_small"]}},"file":null,"picture":"https://coub-anubis-a.akamaized.net/coub_storage/coub/simple/cw_image/eae19312cbb/f120fe8932765f19340fc/med_1608026394_00032.jpg","timeline_picture":"https://coub-anubis-a.akamaized.net/coub_storage/coub/simple/cw_timeline_pic/38617600932/18c9c64b89920087aafa3/ios_large_1608026394_image.jpg","small_picture":"https://coub-anubis-a.akamaized.net/coub_storage/coub/simple/cw_image/eae19312cbb/f120fe8932765f19340fc/ios_mosaic_1608026394_00032.jpg","sharing_picture":null,"percent_done":100,"tags":[{"id":1767720,"title":"ramlid","value":"ramlid"},{"id":832,"title":"army","value":"army"},{"id":5734976,"title":"african army","value":"african%20army"},{"id":686,"title":"армия","value":"%D0%B0%D1%80%D0%BC%D0%B8%D1%8F"},{"id":6057543,"title":"африканская армия","value":"%D0%B0%D1%84%D1%80%D0%B8%D0%BA%D0%B0%D0%BD%D1%81%D0%BA%D0%B0%D1%8F%20%D0%B0%D1%80%D0%BC%D0%B8%D1%8F"},{"id":5669838,"title":"типичная армия","value":"%D1%82%D0%B8%D0%BF%D0%B8%D1%87%D0%BD%D0%B0%D1%8F%20%D0%B0%D1%80%D0%BC%D0%B8%D1%8F"},{"id":6057544,"title":"typical army","value":"typical%20army"}],"categories":[{"id":9,"title":"Nature & Travel","permalink":"nature-travel","subscriptions_count":10070807,"big_image_url":"https://coub-anubis-a.akamaized.net/coub_storage/category/cw_image/a4b57370b28/3c9d9a8cf4246d5a30610/big_1545567929_Nature.png","small_image_url":"https://coub-anubis-a.akamaized.net/coub_storage/category/cw_image/a4b57370b28/3c9d9a8cf4246d5a30610/small_1545567929_Nature.png","med_image_url":"https://coub-anubis-a.akamaized.net/coub_storage/category/cw_image/a4b57370b28/3c9d9a8cf4246d5a30610/med_1545567929_Nature.png","visible":true}],"communities":[{"id":9,"title":"Nature & Travel","permalink":"nature-travel","subscriptions_count":10070807,"big_image_url":"https://coub-anubis-a.akamaized.net/coub_storage/category/cw_image/a4b57370b28/3c9d9a8cf4246d5a30610/big_1545567929_Nature.png","small_image_url":"https://coub-anubis-a.akamaized.net/coub_storage/category/cw_image/a4b57370b28/3c9d9a8cf4246d5a30610/small_1545567929_Nature.png","med_image_url":"https://coub-anubis-a.akamaized.net/coub_storage/category/cw_image/a4b57370b28/3c9d9a8cf4246d5a30610/med_1545567929_Nature.png","i_subscribed":true,"community_notifications_enabled":null,"description":null}],"recoubs_count":383,"remixes_count":3,"likes_count":2196,"dislikes_count":0,"raw_video_id":15972621,"uploaded_by_ios_app":false,"uploaded_by_android_app":false,"media_blocks":{"uploaded_raw_videos":[],"external_raw_videos":[],"remixed_from_coubs":[]},"raw_video_thumbnail_url":"/missing/missing.png","raw_video_title":"Untitled.mp4","video_block_banned":false,"duration":9.96,"promo_winner":false,"promo_winner_recoubers":null,"editorial_info":{},"promo_hint":null,"beeline_best_2014":null,"from_web_editor":true,"normalize_sound":false,"normalize_change_allowed":true,"best2015_addable":false,"ahmad_promo":null,"promo_data":null,"audio_copyright_claim":null,"ads_disabled":false,"is_safe_for_ads":true,"megafon_contents":[],"position_on_page":5},{"flag":null,"abuses":null,"recoubs_by_users_channels":null,"favourite":false,"promoted_id":null,"recoub":null,"like":null,"dislike":null,"reaction":null,"in_my_best2015":false,"id":176816087,"type":"Coub::Simple","permalink":"2wxb2r","title":"Autumn Kyoto, Japan","visibility_type":"public","original_visibility_type":"public","channel_id":11116596,"created_at":"2021-10-09T20:45:07Z","updated_at":"2022-03-15T21:45:12Z","is_done":true,"views_count":147523,"cotd":null,"cotd_at":null,"visible_on_explore_root":true,"visible_on_explore":true,"featured":true,"published":true,"published_at":"2021-10-09T20:45:06Z","reversed":false,"from_editor_v2":true,"is_editable":true,"original_sound":false,"has_sound":false,"recoub_to":null,"file_versions":{"html5":{"video":{"higher":{"url":"https://coub-anubis-a.akamaized.net/coub_storage/coub/simple/cw_file/f4a31416b9c/a1ba7e691f340383dfce3/muted_mp4_huge_size_1633812331_muted_huge.mp4","size":6965092},"high":{"url":"https://coub-anubis-a.akamaized.net/coub_storage/coub/simple/cw_file/f4a31416b9c/a1ba7e691f340383dfce3/muted_mp4_big_size_1633812331_muted_big.mp4","size":4996331},"med":{"url":"https://coub-anubis-a.akamaized.net/coub_storage/coub/simple/cw_file/f4a31416b9c/a1ba7e691f340383dfce3/muted_mp4_med_size_1633812331_muted_med.mp4","size":1203860}},"audio":{"high":{"url":"https://coub-anubis-a.akamaized.net/coub_storage/coub/simple/cw_looped_audio_high/22633fe82e7/655a3e21edcaa5d0fa6bd/1633812360_mp3-high.mp3","size":3542159},"med":{"url":"https://coub-anubis-a.akamaized.net/coub_storage/coub/simple/cw_looped_audio_med/fc51740f4eb/dc49b2a834d61b340703d/1633812357_mp3-med.mp3","size":2732150}}},"mobile":{"video":"https://coub-anubis-a.akamaized.net/coub_storage/coub/simple/cw_file/f4a31416b9c/a1ba7e691f340383dfce3/muted_mp4_med_size_1633812331_muted_med.mp4","audio":["https://coub-anubis-a.akamaized.net/coub_storage/coub/simple/cw_looped_audio_med/fc51740f4eb/dc49b2a834d61b340703d/1633812357_mp3-med.mp3"]},"share":{"default":"https://coub-anubis-a.akamaized.net/coub_storage/coub/simple/cw_video_for_sharing/b939c10951a/f0989ae954cfe5ea26603/1633812411_looped_1633812409.mp4"}},"audio_versions":{"template":"https://coub-anubis-a.akamaized.net/coub_storage/audio_track/cw_file/c96f77004b2/5c0056218ab08b8921ef8/mid_1633812336_1s97tye_edited.mp3","versions":["mid","low"]},"image_versions":{"template":"https://coub-anubis-a.akamaized.net/coub_storage/coub/simple/cw_image/12064cb7cf5/baeb0889ab6a8881b1fc2/%{version}_1633812370_00030.jpg","versions":["micro","tiny","age_restricted","ios_large","ios_mosaic","big","med","small","pinterest"]},"first_frame_versions":{"template":"https://coub-anubis-a.akamaized.net/coub_storage/coub/simple/cw_timeline_pic/84581047ffa/311768909aaa21ceb8e18/%{version}_1633812369_image.jpg","versions":["big","med","small","ios_large"]},"dimensions":{"big":[1280,720],"med":[640,360]},"site_w_h":[640,360],"page_w_h":[640,360],"site_w_h_small":[310,174],"size":[1280,720],"age_restricted":false,"age_restricted_by_admin":false,"not_safe_for_work":false,"allow_reuse":false,"dont_crop":true,"banned":false,"global_safe":true,"audio_file_url":"https://coub-anubis-a.akamaized.net/coub_storage/audio_track/cw_file/c96f77004b2/5c0056218ab08b8921ef8/low_1633812336_1s97tye_edited.mp3","external_download":false,"application":null,"channel":{"id":11116596,"permalink":"cvaltrum","title":"Cvaltrum | ~LNR~","description":"Auto edits, music and animation edits","followers_count":265,"following_count":447,"avatar_versions":{"template":"https://coub-anubis-a.akamaized.net/coub_storage/channel/cw_avatar/3776672ca24/6d37ae6110399530fb6f4/%{version}_1615136700_____________2332.jpg","versions":["medium","medium_2x","profile_pic","profile_pic_new","profile_pic_new_2x","tiny","tiny_2x","small","small_2x","ios_large","ios_small"]}},"file":null,"picture":"https://coub-anubis-a.akamaized.net/coub_storage/coub/simple/cw_image/12064cb7cf5/baeb0889ab6a8881b1fc2/med_1633812370_00030.jpg","timeline_picture":"https://coub-anubis-a.akamaized.net/coub_storage/coub/simple/cw_timeline_pic/84581047ffa/311768909aaa21ceb8e18/ios_large_1633812369_image.jpg","small_picture":"https://coub-anubis-a.akamaized.net/coub_storage/coub/simple/cw_image/12064cb7cf5/baeb0889ab6a8881b1fc2/ios_mosaic_1633812370_00030.jpg","sharing_picture":null,"percent_done":100,"tags":[{"id":353688,"title":"lnr","value":"lnr"},{"id":5870668,"title":"nkoha x hitokiri - winter","value":"nkoha%20x%20hitokiri%20-%20winter"},{"id":346526,"title":"akihabara","value":"akihabara"},{"id":6514,"title":"japan","value":"japan"},{"id":939,"title":"relax","value":"relax"},{"id":3572081,"title":"nature and travel","value":"nature%20and%20travel"},{"id":4771202,"title":"kyoto city","value":"kyoto%20city"},{"id":4111,"title":"chill","value":"chill"},{"id":86,"title":"music","value":"music"},{"id":2669,"title":"autumn","value":"autumn"},{"id":6524767,"title":"nkoha x hitokiri","value":"nkoha%20x%20hitokiri"}],"categories":[{"id":9,"title":"Nature & Travel","permalink":"nature-travel","subscriptions_count":10070807,"big_image_url":"https://coub-anubis-a.akamaized.net/coub_storage/category/cw_image/a4b57370b28/3c9d9a8cf4246d5a30610/big_1545567929_Nature.png","small_image_url":"https://coub-anubis-a.akamaized.net/coub_storage/category/cw_image/a4b57370b28/3c9d9a8cf4246d5a30610/small_1545567929_Nature.png","med_image_url":"https://coub-anubis-a.akamaized.net/coub_storage/category/cw_image/a4b57370b28/3c9d9a8cf4246d5a30610/med_1545567929_Nature.png","visible":true}],"communities":[{"id":9,"title":"Nature & Travel","permalink":"nature-travel","subscriptions_count":10070807,"big_image_url":"https://coub-anubis-a.akamaized.net/coub_storage/category/cw_image/a4b57370b28/3c9d9a8cf4246d5a30610/big_1545567929_Nature.png","small_image_url":"https://coub-anubis-a.akamaized.net/coub_storage/category/cw_image/a4b57370b28/3c9d9a8cf4246d5a30610/small_1545567929_Nature.png","med_image_url":"https://coub-anubis-a.akamaized.net/coub_storage/category/cw_image/a4b57370b28/3c9d9a8cf4246d5a30610/med_1545567929_Nature.png","i_subscribed":true,"community_notifications_enabled":null,"description":null}],"recoubs_count":438,"remixes_count":0,"likes_count":2194,"dislikes_count":0,"raw_video_id":16832320,"uploaded_by_ios_app":false,"uploaded_by_android_app":false,"media_blocks":{"uploaded_raw_videos":[],"external_raw_videos":[],"remixed_from_coubs":[]},"raw_video_thumbnail_url":"https://coub-anubis-a.akamaized.net/coub_storage/raw_video/cw_image/6e7eed1dbc3/c229944c0bdf370d1da74/coub_media_1633811423_image.jpg","raw_video_title":"_____.mp4","video_block_banned":false,"duration":9.44,"promo_winner":false,"promo_winner_recoubers":null,"editorial_info":{},"promo_hint":null,"beeline_best_2014":null,"from_web_editor":true,"normalize_sound":false,"normalize_change_allowed":true,"best2015_addable":false,"ahmad_promo":null,"promo_data":null,"audio_copyright_claim":null,"ads_disabled":false,"is_safe_for_ads":true,"megafon_contents":[],"position_on_page":6},{"flag":null,"abuses":null,"recoubs_by_users_channels":null,"favourite":false,"promoted_id":null,"recoub":null,"like":null,"dislike":null,"reaction":null,"in_my_best2015":false,"id":119453367,"type":"Coub::Simple","permalink":"1ypo6h","title":"the rebirth of the Phoenix","visibility_type":"public","original_visibility_type":"public","channel_id":437562,"created_at":"2019-07-30T07:29:43Z","updated_at":"2022-03-16T01:28:21Z","is_done":true,"views_count":115129,"cotd":null,"cotd_at":null,"visible_on_explore_root":false,"visible_on_explore":false,"featured":false,"published":true,"published_at":"2019-07-30T07:29:43Z","reversed":false,"from_editor_v2":true,"is_editable":true,"original_sound":false,"has_sound":false,"recoub_to":null,"file_versions":{"html5":{"video":{"higher":{"url":"https://coub-anubis-a.akamaized.net/coub_storage/coub/simple/cw_file/42d217e080a/575f0926add21d7ef3f67/muted_mp4_huge_size_1568994902_muted_huge.mp4","size":3248787},"high":{"url":"https://coub-anubis-a.akamaized.net/coub_storage/coub/simple/cw_file/42d217e080a/575f0926add21d7ef3f67/muted_mp4_big_size_1568994902_muted_big.mp4","size":2311344},"med":{"url":"https://coub-anubis-a.akamaized.net/coub_storage/coub/simple/cw_file/42d217e080a/575f0926add21d7ef3f67/muted_mp4_med_size_1568994902_muted_med.mp4","size":735838}},"audio":{"high":{"url":"https://coub-anubis-a.akamaized.net/coub_storage/coub/simple/cw_looped_audio_high/3f0caf24205/c374c42d9742b44097694/1605643382_high_1564471801_high.mp3","size":998384},"med":{"url":"https://coub-anubis-a.akamaized.net/coub_storage/coub/simple/cw_looped_audio_med/b491433e331/aabb5ecda60569d779607/1605643376_med_1564471801_med.mp3","size":695243}}},"mobile":{"video":"https://coub-anubis-a.akamaized.net/coub_storage/coub/simple/cw_file/42d217e080a/575f0926add21d7ef3f67/muted_mp4_med_size_1568994902_muted_med.mp4","audio":["https://coub-anubis-a.akamaized.net/coub_storage/coub/simple/cw_looped_audio_med/b491433e331/aabb5ecda60569d779607/1605643376_med_1564471801_med.mp3"]},"share":{"default":"https://coub-anubis-a.akamaized.net/coub_storage/coub/simple/cw_video_for_sharing/88f0c28de6a/28e5b92ac3da16adb98df/1610600911_looped_1610600910.mp4"}},"audio_versions":{"template":"https://coub-anubis-a.akamaized.net/coub_storage/audio_track/cw_normalized_copy/12fd8f16a8e/60faf1f32865ffdfd00e6/mid_1564471797_normalized_1564471791_14cj4dn_edited.mp3","versions":["mid","low"]},"image_versions":{"template":"https://coub-anubis-a.akamaized.net/coub_storage/coub/simple/cw_image/b00cc10b3f7/c57d3e7ed0ca6e1554e33/1564471808_00028.jpg","versions":["micro","tiny","age_restricted","ios_large","ios_mosaic","big","med","small","pinterest"]},"first_frame_versions":{"template":"https://coub-anubis-a.akamaized.net/coub_storage/coub/simple/cw_timeline_pic/f4252178b6e/c25ae50466c0c3ef0b23d/%{version}_1564471807_image.jpg","versions":["big","med","small","ios_large"]},"dimensions":{"big":[1280,720],"med":[640,360]},"site_w_h":[640,360],"page_w_h":[640,360],"site_w_h_small":[310,174],"size":[1280,720],"age_restricted":false,"age_restricted_by_admin":false,"not_safe_for_work":false,"allow_reuse":false,"dont_crop":false,"banned":false,"global_safe":true,"audio_file_url":"https://coub-anubis-a.akamaized.net/coub_storage/audio_track/cw_normalized_copy/12fd8f16a8e/60faf1f32865ffdfd00e6/low_1564471797_normalized_1564471791_14cj4dn_edited.mp3","external_download":false,"application":null,"channel":{"id":437562,"permalink":"markelov3","title":"markelov","description":null,"followers_count":477,"following_count":0,"avatar_versions":{"template":"https://coub-anubis-a.akamaized.net/coub_storage/channel/cw_avatar/3b8ab4d8995/77a1796c9154184dc3e57/%{version}_1563397691_cor8Oap1gWM.jpg","versions":["medium","medium_2x","profile_pic","profile_pic_new","profile_pic_new_2x","tiny","tiny_2x","small","small_2x","ios_large","ios_small"]}},"file":null,"picture":"https://coub-anubis-a.akamaized.net/coub_storage/coub/simple/cw_image/b00cc10b3f7/c57d3e7ed0ca6e1554e33/1564471808_00028.jpg","timeline_picture":"https://coub-anubis-a.akamaized.net/coub_storage/coub/simple/cw_timeline_pic/f4252178b6e/c25ae50466c0c3ef0b23d/ios_large_1564471807_image.jpg","small_picture":"https://coub-anubis-a.akamaized.net/coub_storage/coub/simple/cw_image/b00cc10b3f7/c57d3e7ed0ca6e1554e33/1564471808_00028.jpg","sharing_picture":null,"percent_done":100,"tags":[{"id":1071,"title":"cool","value":"cool"},{"id":169,"title":"fun","value":"fun"},{"id":173,"title":"epic","value":"epic"},{"id":1789,"title":"trick","value":"trick"},{"id":135,"title":"water","value":"water"},{"id":3284,"title":"people","value":"people"},{"id":7737,"title":"neon","value":"neon"},{"id":33902,"title":"lasers","value":"lasers"},{"id":5452,"title":"phoenix","value":"phoenix"},{"id":467,"title":"night","value":"night"},{"id":1339,"title":"stars","value":"stars"},{"id":224460,"title":"faer","value":"faer"},{"id":578074,"title":"bad karma","value":"bad%20karma"},{"id":7858,"title":"paris","value":"paris"},{"id":1352,"title":"london","value":"london"},{"id":446104,"title":"markelov","value":"markelov"}],"categories":[{"id":9,"title":"Nature & Travel","permalink":"nature-travel","subscriptions_count":10070807,"big_image_url":"https://coub-anubis-a.akamaized.net/coub_storage/category/cw_image/a4b57370b28/3c9d9a8cf4246d5a30610/big_1545567929_Nature.png","small_image_url":"https://coub-anubis-a.akamaized.net/coub_storage/category/cw_image/a4b57370b28/3c9d9a8cf4246d5a30610/small_1545567929_Nature.png","med_image_url":"https://coub-anubis-a.akamaized.net/coub_storage/category/cw_image/a4b57370b28/3c9d9a8cf4246d5a30610/med_1545567929_Nature.png","visible":true}],"communities":[{"id":9,"title":"Nature & Travel","permalink":"nature-travel","subscriptions_count":10070807,"big_image_url":"https://coub-anubis-a.akamaized.net/coub_storage/category/cw_image/a4b57370b28/3c9d9a8cf4246d5a30610/big_1545567929_Nature.png","small_image_url":"https://coub-anubis-a.akamaized.net/coub_storage/category/cw_image/a4b57370b28/3c9d9a8cf4246d5a30610/small_1545567929_Nature.png","med_image_url":"https://coub-anubis-a.akamaized.net/coub_storage/category/cw_image/a4b57370b28/3c9d9a8cf4246d5a30610/med_1545567929_Nature.png","i_subscribed":true,"community_notifications_enabled":null,"description":null}],"recoubs_count":453,"remixes_count":4,"likes_count":2194,"dislikes_count":0,"raw_video_id":"","uploaded_by_ios_app":false,"uploaded_by_android_app":false,"media_blocks":{"uploaded_raw_videos":[],"external_raw_videos":[],"remixed_from_coubs":[{"id":32646627,"title":"phoenix","url":"https://coub.com/coubs/1yb9ok/remix","image":"https://coub-anubis-a.akamaized.net/coub_storage/media_block/cw_image/95831572d5e/60303f0e0d6d65688e48e/1563857096_1856g60_1563857040_00028.jpg","image_retina":"https://coub-anubis-a.akamaized.net/coub_storage/media_block/cw_image/95831572d5e/60303f0e0d6d65688e48e/1563857096_1856g60_1563857040_00028.jpg","meta":{"duration":"8.72"},"duration":null,"coub_channel_title":"gerrald","coub_channel_permalink":"gerrald62422","coub_views_count":117487,"coub_permalink":"1yb9ok"}]},"raw_video_thumbnail_url":"","raw_video_title":"","video_block_banned":false,"duration":8.72,"promo_winner":false,"promo_winner_recoubers":null,"editorial_info":{},"promo_hint":null,"beeline_best_2014":null,"from_web_editor":true,"normalize_sound":true,"normalize_change_allowed":true,"best2015_addable":false,"ahmad_promo":null,"promo_data":null,"audio_copyright_claim":null,"ads_disabled":false,"is_safe_for_ads":true,"megafon_contents":[],"position_on_page":7},{"flag":null,"abuses":null,"recoubs_by_users_channels":null,"favourite":false,"promoted_id":null,"recoub":null,"like":null,"dislike":null,"reaction":null,"in_my_best2015":false,"id":180734600,"type":"Coub::Simple","permalink":"2z9an0","title":"Один","visibility_type":"public","original_visibility_type":"public","channel_id":2591111,"created_at":"2021-12-29T09:15:02Z","updated_at":"2022-03-16T00:07:53Z","is_done":true,"views_count":160454,"cotd":null,"cotd_at":null,"visible_on_explore_root":false,"visible_on_explore":false,"featured":false,"published":true,"published_at":"2021-12-29T09:15:02Z","reversed":true,"from_editor_v2":true,"is_editable":true,"original_sound":false,"has_sound":false,"recoub_to":null,"file_versions":{"html5":{"video":{"higher":{"url":"https://coub-anubis-a.akamaized.net/coub_storage/coub/simple/cw_file/632cf2fe81c/565d736fe9310a414e5f4/muted_mp4_huge_size_1640769307_muted_huge.mp4","size":1616370},"high":{"url":"https://coub-anubis-a.akamaized.net/coub_storage/coub/simple/cw_file/632cf2fe81c/565d736fe9310a414e5f4/muted_mp4_big_size_1640769307_muted_big.mp4","size":867708},"med":{"url":"https://coub-anubis-a.akamaized.net/coub_storage/coub/simple/cw_file/632cf2fe81c/565d736fe9310a414e5f4/muted_mp4_med_size_1640769307_muted_med.mp4","size":227015}},"audio":{"high":{"url":"https://coub-anubis-a.akamaized.net/coub_storage/coub/simple/cw_looped_audio_high/3af7b2516a7/d3612895fbdd6f606fb40/1640769310_mp3-high.mp3","size":1061715},"med":{"url":"https://coub-anubis-a.akamaized.net/coub_storage/coub/simple/cw_looped_audio_med/827dc6e0ba2/66619ca5635b41ab8b6ce/1640769310_mp3-med.mp3","size":886646}}},"mobile":{"video":"https://coub-anubis-a.akamaized.net/coub_storage/coub/simple/cw_file/632cf2fe81c/565d736fe9310a414e5f4/muted_mp4_med_size_1640769307_muted_med.mp4","audio":["https://coub-anubis-a.akamaized.net/coub_storage/coub/simple/cw_looped_audio_med/827dc6e0ba2/66619ca5635b41ab8b6ce/1640769310_mp3-med.mp3"]},"share":{"default":"https://coub-anubis-a.akamaized.net/coub_storage/coub/simple/cw_video_for_sharing/072a63198b5/8b44bd3813621511388e5/1640769331_looped_1640769330.mp4"}},"audio_versions":{"template":"https://coub-anubis-a.akamaized.net/coub_storage/audio_track/cw_normalized_copy/6fcce79951d/d4d4c9882f899d08c9a53/mid_1643573533_normalized_1640769229_audio.mp3","versions":["mid","low"]},"image_versions":{"template":"https://coub-anubis-a.akamaized.net/coub_storage/coub/simple/cw_image/4e362988180/5ab8b3a565b4e96e9f1c9/%{version}_1640769314_00044.jpg","versions":["micro","tiny","age_restricted","ios_large","ios_mosaic","big","med","small","pinterest"]},"first_frame_versions":{"template":"https://coub-anubis-a.akamaized.net/coub_storage/coub/simple/cw_timeline_pic/4745a0bec6b/0dc2fe35c02682c96f481/%{version}_1640769313_image.jpg","versions":["big","med","small","ios_large"]},"dimensions":{"big":[538,960],"med":[268,480]},"site_w_h":[224,400],"page_w_h":[400,714],"site_w_h_small":[310,553],"size":[538,960],"age_restricted":false,"age_restricted_by_admin":false,"not_safe_for_work":false,"allow_reuse":false,"dont_crop":true,"banned":false,"global_safe":null,"audio_file_url":"https://coub-anubis-a.akamaized.net/coub_storage/audio_track/cw_normalized_copy/6fcce79951d/d4d4c9882f899d08c9a53/low_1643573533_normalized_1640769229_audio.mp3","external_download":false,"application":null,"channel":{"id":2591111,"permalink":"gocha-gviniashvili","title":"🅶.🅶","description":"G.G 》》》   COUB'S","followers_count":251,"following_count":3,"avatar_versions":{"template":"https://coub-anubis-a.akamaized.net/coub_storage/channel/cw_avatar/127e6ffbf2c/5f53697c33e198eb893b5/%{version}_1612439227_qqq111.jpg","versions":["medium","medium_2x","profile_pic","profile_pic_new","profile_pic_new_2x","tiny","tiny_2x","small","small_2x","ios_large","ios_small"]}},"file":null,"picture":"https://coub-anubis-a.akamaized.net/coub_storage/coub/simple/cw_image/4e362988180/5ab8b3a565b4e96e9f1c9/med_1640769314_00044.jpg","timeline_picture":"https://coub-anubis-a.akamaized.net/coub_storage/coub/simple/cw_timeline_pic/4745a0bec6b/0dc2fe35c02682c96f481/ios_large_1640769313_image.jpg","small_picture":"https://coub-anubis-a.akamaized.net/coub_storage/coub/simple/cw_image/4e362988180/5ab8b3a565b4e96e9f1c9/ios_mosaic_1640769314_00044.jpg","sharing_picture":null,"percent_done":100,"tags":[],"categories":[{"id":9,"title":"Nature & Travel","permalink":"nature-travel","subscriptions_count":10070807,"big_image_url":"https://coub-anubis-a.akamaized.net/coub_storage/category/cw_image/a4b57370b28/3c9d9a8cf4246d5a30610/big_1545567929_Nature.png","small_image_url":"https://coub-anubis-a.akamaized.net/coub_storage/category/cw_image/a4b57370b28/3c9d9a8cf4246d5a30610/small_1545567929_Nature.png","med_image_url":"https://coub-anubis-a.akamaized.net/coub_storage/category/cw_image/a4b57370b28/3c9d9a8cf4246d5a30610/med_1545567929_Nature.png","visible":true}],"communities":[{"id":9,"title":"Nature & Travel","permalink":"nature-travel","subscriptions_count":10070807,"big_image_url":"https://coub-anubis-a.akamaized.net/coub_storage/category/cw_image/a4b57370b28/3c9d9a8cf4246d5a30610/big_1545567929_Nature.png","small_image_url":"https://coub-anubis-a.akamaized.net/coub_storage/category/cw_image/a4b57370b28/3c9d9a8cf4246d5a30610/small_1545567929_Nature.png","med_image_url":"https://coub-anubis-a.akamaized.net/coub_storage/category/cw_image/a4b57370b28/3c9d9a8cf4246d5a30610/med_1545567929_Nature.png","i_subscribed":true,"community_notifications_enabled":null,"description":null}],"recoubs_count":463,"remixes_count":0,"likes_count":2193,"dislikes_count":0,"raw_video_id":17025328,"uploaded_by_ios_app":false,"uploaded_by_android_app":false,"media_blocks":{"uploaded_raw_videos":[],"external_raw_videos":[],"remixed_from_coubs":[]},"raw_video_thumbnail_url":"https://coub-anubis-a.akamaized.net/coub_storage/raw_video/cw_image/572ee1f435e/72ec3ee397a95e0e24de7/coub_media_1640769197_image.jpg","raw_video_title":"wilight___.This_is_such_a_special_time_of_year_when_the_light_fades_at_3.30pm_and_the_lights_come_on_in_the_city_making_everything_look_so_magical__Love_the_little_detail_in_this_photo_of_the_elde.mp4","video_block_banned":false,"duration":14.0,"promo_winner":false,"promo_winner_recoubers":null,"editorial_info":{},"promo_hint":null,"beeline_best_2014":null,"from_web_editor":true,"normalize_sound":true,"normalize_change_allowed":true,"best2015_addable":false,"ahmad_promo":null,"promo_data":null,"audio_copyright_claim":null,"ads_disabled":false,"is_safe_for_ads":true,"megafon_contents":[],"position_on_page":8},{"flag":null,"abuses":null,"recoubs_by_users_channels":null,"favourite":false,"promoted_id":null,"recoub":null,"like":null,"dislike":null,"reaction":null,"in_my_best2015":false,"id":170558352,"type":"Coub::Simple","permalink":"2t76jh","title":"~SPITFIRE~","visibility_type":"public","original_visibility_type":"public","channel_id":728610,"created_at":"2021-06-15T11:44:03Z","updated_at":"2022-03-16T00:45:10Z","is_done":true,"views_count":183972,"cotd":null,"cotd_at":null,"visible_on_explore_root":false,"visible_on_explore":false,"featured":false,"published":true,"published_at":"2021-06-15T11:44:03Z","reversed":false,"from_editor_v2":true,"is_editable":true,"original_sound":false,"has_sound":false,"recoub_to":null,"file_versions":{"html5":{"video":{"higher":{"url":"https://coub-anubis-a.akamaized.net/coub_storage/coub/simple/cw_file/c040ffefb57/55d445c9fec480c8f07be/muted_mp4_huge_size_1623757452_muted_huge.mp4","size":2216286},"high":{"url":"https://coub-anubis-a.akamaized.net/coub_storage/coub/simple/cw_file/c040ffefb57/55d445c9fec480c8f07be/muted_mp4_big_size_1623757452_muted_big.mp4","size":1443348},"med":{"url":"https://coub-anubis-a.akamaized.net/coub_storage/coub/simple/cw_file/c040ffefb57/55d445c9fec480c8f07be/muted_mp4_med_size_1623757452_muted_med.mp4","size":439321}},"audio":{"high":{"url":"https://coub-anubis-a.akamaized.net/coub_storage/coub/simple/cw_looped_audio_high/f984e2f2a8f/0a23b978efb82f7bb8622/1623757511_mp3-high.mp3","size":6291460},"med":{"url":"https://coub-anubis-a.akamaized.net/coub_storage/coub/simple/cw_looped_audio_med/58393c7fca3/1474cbaba7f6d00ef7162/1623757507_mp3-med.mp3","size":4783161}}},"mobile":{"video":"https://coub-anubis-a.akamaized.net/coub_storage/coub/simple/cw_file/c040ffefb57/55d445c9fec480c8f07be/muted_mp4_med_size_1623757452_muted_med.mp4","audio":["https://coub-anubis-a.akamaized.net/coub_storage/coub/simple/cw_looped_audio_med/58393c7fca3/1474cbaba7f6d00ef7162/1623757507_mp3-med.mp3"]},"share":{"default":"https://coub-anubis-a.akamaized.net/coub_storage/coub/simple/cw_video_for_sharing/1a004911fbb/5db6d3073f2763e03d9cd/1623757536_looped_1623757535.mp4"}},"audio_versions":{"template":"https://coub-anubis-a.akamaized.net/coub_storage/audio_track/cw_normalized_copy/2c9bed919af/7e1972ceee9b071405693/mid_1623757487_normalized_1623757459_370171_edited.mp3","versions":["mid","low"]},"image_versions":{"template":"https://coub-anubis-a.akamaized.net/coub_storage/coub/simple/cw_image/a3948fee39c/483d3de804b4acc96c24c/%{version}_1623757516_00032.jpg","versions":["micro","tiny","age_restricted","ios_large","ios_mosaic","big","med","small","pinterest"]},"first_frame_versions":{"template":"https://coub-anubis-a.akamaized.net/coub_storage/coub/simple/cw_timeline_pic/d60fa5e0a6e/8b05c9b716c62914adc04/%{version}_1623757515_image.jpg","versions":["big","med","small","ios_large"]},"dimensions":{"big":[1280,720],"med":[640,360]},"site_w_h":[640,360],"page_w_h":[640,360],"site_w_h_small":[310,174],"size":[1280,720],"age_restricted":false,"age_restricted_by_admin":false,"not_safe_for_work":false,"allow_reuse":false,"dont_crop":true,"banned":false,"global_safe":null,"audio_file_url":"https://coub-anubis-a.akamaized.net/coub_storage/audio_track/cw_normalized_copy/2c9bed919af/7e1972ceee9b071405693/low_1623757487_normalized_1623757459_370171_edited.mp3","external_download":false,"application":null,"channel":{"id":728610,"permalink":"mitsukushi","title":"Pino","description":"Goodbye, Togame.","followers_count":170,"following_count":16,"avatar_versions":{"template":"https://coub-anubis-a.akamaized.net/coub_storage/channel/cw_avatar/5dbe4e467cc/bf5058f407e7bf8d5212f/%{version}_1581967839_maxresdefault.jpg","versions":["medium","medium_2x","profile_pic","profile_pic_new","profile_pic_new_2x","tiny","tiny_2x","small","small_2x","ios_large","ios_small"]}},"file":null,"picture":"https://coub-anubis-a.akamaized.net/coub_storage/coub/simple/cw_image/a3948fee39c/483d3de804b4acc96c24c/med_1623757516_00032.jpg","timeline_picture":"https://coub-anubis-a.akamaized.net/coub_storage/coub/simple/cw_timeline_pic/d60fa5e0a6e/8b05c9b716c62914adc04/ios_large_1623757515_image.jpg","small_picture":"https://coub-anubis-a.akamaized.net/coub_storage/coub/simple/cw_image/a3948fee39c/483d3de804b4acc96c24c/ios_mosaic_1623757516_00032.jpg","sharing_picture":null,"percent_done":100,"tags":[{"id":92043,"title":"spitfire","value":"spitfire"},{"id":86,"title":"music","value":"music"},{"id":3816610,"title":"go 2 – spitfire","value":"go%202%20%E2%80%93%20spitfire"},{"id":636,"title":"drift","value":"drift"},{"id":16858,"title":"initial d","value":"initial%20d"},{"id":17565,"title":"funny moments","value":"funny%20moments"}],"categories":[{"id":9,"title":"Nature & Travel","permalink":"nature-travel","subscriptions_count":10070807,"big_image_url":"https://coub-anubis-a.akamaized.net/coub_storage/category/cw_image/a4b57370b28/3c9d9a8cf4246d5a30610/big_1545567929_Nature.png","small_image_url":"https://coub-anubis-a.akamaized.net/coub_storage/category/cw_image/a4b57370b28/3c9d9a8cf4246d5a30610/small_1545567929_Nature.png","med_image_url":"https://coub-anubis-a.akamaized.net/coub_storage/category/cw_image/a4b57370b28/3c9d9a8cf4246d5a30610/med_1545567929_Nature.png","visible":true}],"communities":[{"id":9,"title":"Nature & Travel","permalink":"nature-travel","subscriptions_count":10070807,"big_image_url":"https://coub-anubis-a.akamaized.net/coub_storage/category/cw_image/a4b57370b28/3c9d9a8cf4246d5a30610/big_1545567929_Nature.png","small_image_url":"https://coub-anubis-a.akamaized.net/coub_storage/category/cw_image/a4b57370b28/3c9d9a8cf4246d5a30610/small_1545567929_Nature.png","med_image_url":"https://coub-anubis-a.akamaized.net/coub_storage/category/cw_image/a4b57370b28/3c9d9a8cf4246d5a30610/med_1545567929_Nature.png","i_subscribed":true,"community_notifications_enabled":null,"description":null}],"recoubs_count":332,"remixes_count":1,"likes_count":2193,"dislikes_count":0,"raw_video_id":16530505,"uploaded_by_ios_app":false,"uploaded_by_android_app":false,"media_blocks":{"uploaded_raw_videos":[],"external_raw_videos":[],"remixed_from_coubs":[]},"raw_video_thumbnail_url":"https://coub-anubis-a.akamaized.net/coub_storage/raw_video/cw_image/c551ea4a315/a791264798f94e7b0e078/coub_media_1623756257_image.jpg","raw_video_title":"clip.mp4","video_block_banned":false,"duration":10.0,"promo_winner":false,"promo_winner_recoubers":null,"editorial_info":{},"promo_hint":null,"beeline_best_2014":null,"from_web_editor":true,"normalize_sound":true,"normalize_change_allowed":true,"best2015_addable":false,"ahmad_promo":null,"promo_data":null,"audio_copyright_claim":null,"ads_disabled":false,"is_safe_for_ads":true,"megafon_contents":[],"position_on_page":9},{"flag":null,"abuses":null,"recoubs_by_users_channels":null,"favourite":false,"promoted_id":null,"recoub":null,"like":null,"dislike":null,"reaction":null,"in_my_best2015":false,"id":140265078,"type":"Coub::Simple","permalink":"2b5vwi","title":"WHALE","visibility_type":"public","original_visibility_type":"public","channel_id":94506,"created_at":"2020-03-24T10:36:27Z","updated_at":"2022-03-09T01:22:32Z","is_done":true,"views_count":159989,"cotd":null,"cotd_at":null,"visible_on_explore_root":false,"visible_on_explore":false,"featured":false,"published":true,"published_at":"2020-03-24T10:36:27Z","reversed":false,"from_editor_v2":true,"is_editable":true,"original_sound":false,"has_sound":false,"recoub_to":null,"file_versions":{"html5":{"video":{"higher":{"url":"https://coub-anubis-a.akamaized.net/coub_storage/coub/simple/cw_file/145ffd38824/f3a7c4c2c1aeec2e8a038/muted_mp4_huge_size_1585046194_muted_huge.mp4","size":3253141},"high":{"url":"https://coub-anubis-a.akamaized.net/coub_storage/coub/simple/cw_file/145ffd38824/f3a7c4c2c1aeec2e8a038/muted_mp4_big_size_1585046194_muted_big.mp4","size":2235974},"med":{"url":"https://coub-anubis-a.akamaized.net/coub_storage/coub/simple/cw_file/145ffd38824/f3a7c4c2c1aeec2e8a038/muted_mp4_med_size_1585046194_muted_med.mp4","size":702262}},"audio":{"high":{"url":"https://coub-anubis-a.akamaized.net/coub_storage/coub/simple/cw_looped_audio_high/2ec422f5dfa/421707de818a897ed8bad/1605701324_high_1585046213_high.mp3","size":1773855},"med":{"url":"https://coub-anubis-a.akamaized.net/coub_storage/coub/simple/cw_looped_audio_med/d917e02036c/720cc7b875ab1a70bfcaa/1605701323_med_1585046213_med.mp3","size":1277271}}},"mobile":{"video":"https://coub-anubis-a.akamaized.net/coub_storage/coub/simple/cw_file/145ffd38824/f3a7c4c2c1aeec2e8a038/muted_mp4_med_size_1585046194_muted_med.mp4","audio":["https://coub-anubis-a.akamaized.net/coub_storage/coub/simple/cw_looped_audio_med/d917e02036c/720cc7b875ab1a70bfcaa/1605701323_med_1585046213_med.mp3"]},"share":{"default":"https://coub-anubis-a.akamaized.net/coub_storage/coub/simple/cw_video_for_sharing/21798a93a63/d9aa3701227a4c4a2fca4/1613419580_looped_1613419579.mp4"}},"audio_versions":{"template":"https://coub-anubis-a.akamaized.net/coub_storage/audio_track/cw_normalized_copy/33189d44d0d/77394ac91f260567a9618/mid_1585046206_normalized_1585046196_z7tq66_edited.mp3","versions":["mid","low"]},"image_versions":{"template":"https://coub-anubis-a.akamaized.net/coub_storage/coub/simple/cw_image/175a4be1c68/6892f3bf7af5cd144dc15/1585046223_00032.jpg","versions":["micro","tiny","age_restricted","ios_large","ios_mosaic","big","med","small","pinterest"]},"first_frame_versions":{"template":"https://coub-anubis-a.akamaized.net/coub_storage/coub/simple/cw_timeline_pic/ec82aeedd5d/ebe3e6278d2411a505256/%{version}_1585046223_image.jpg","versions":["big","med","small","ios_large"]},"dimensions":{"big":[960,960],"med":[480,480]},"site_w_h":[400,400],"page_w_h":[400,400],"site_w_h_small":[310,310],"size":[960,960],"age_restricted":false,"age_restricted_by_admin":false,"not_safe_for_work":false,"allow_reuse":false,"dont_crop":false,"banned":false,"global_safe":true,"audio_file_url":"https://coub-anubis-a.akamaized.net/coub_storage/audio_track/cw_normalized_copy/33189d44d0d/77394ac91f260567a9618/low_1585046206_normalized_1585046196_z7tq66_edited.mp3","external_download":false,"application":null,"channel":{"id":94506,"permalink":"et000000","title":"ET","description":null,"followers_count":26,"following_count":0,"avatar_versions":{"template":"https://coub-anubis-a.akamaized.net/coub_storage/channel/cw_avatar/5263a5adfc0/4fde51289fe57cbcc49f5/%{version}_1585133299_2.JPG","versions":["medium","medium_2x","profile_pic","profile_pic_new","profile_pic_new_2x","tiny","tiny_2x","small","small_2x","ios_large","ios_small"]}},"file":null,"picture":"https://coub-anubis-a.akamaized.net/coub_storage/coub/simple/cw_image/175a4be1c68/6892f3bf7af5cd144dc15/1585046223_00032.jpg","timeline_picture":"https://coub-anubis-a.akamaized.net/coub_storage/coub/simple/cw_timeline_pic/ec82aeedd5d/ebe3e6278d2411a505256/ios_large_1585046223_image.jpg","small_picture":"https://coub-anubis-a.akamaized.net/coub_storage/coub/simple/cw_image/175a4be1c68/6892f3bf7af5cd144dc15/1585046223_00032.jpg","sharing_picture":null,"percent_done":100,"tags":[{"id":1561,"title":"ocean","value":"ocean"},{"id":173,"title":"epic","value":"epic"}],"categories":[{"id":9,"title":"Nature & Travel","permalink":"nature-travel","subscriptions_count":10070807,"big_image_url":"https://coub-anubis-a.akamaized.net/coub_storage/category/cw_image/a4b57370b28/3c9d9a8cf4246d5a30610/big_1545567929_Nature.png","small_image_url":"https://coub-anubis-a.akamaized.net/coub_storage/category/cw_image/a4b57370b28/3c9d9a8cf4246d5a30610/small_1545567929_Nature.png","med_image_url":"https://coub-anubis-a.akamaized.net/coub_storage/category/cw_image/a4b57370b28/3c9d9a8cf4246d5a30610/med_1545567929_Nature.png","visible":true}],"communities":[{"id":9,"title":"Nature & Travel","permalink":"nature-travel","subscriptions_count":10070807,"big_image_url":"https://coub-anubis-a.akamaized.net/coub_storage/category/cw_image/a4b57370b28/3c9d9a8cf4246d5a30610/big_1545567929_Nature.png","small_image_url":"https://coub-anubis-a.akamaized.net/coub_storage/category/cw_image/a4b57370b28/3c9d9a8cf4246d5a30610/small_1545567929_Nature.png","med_image_url":"https://coub-anubis-a.akamaized.net/coub_storage/category/cw_image/a4b57370b28/3c9d9a8cf4246d5a30610/med_1545567929_Nature.png","i_subscribed":true,"community_notifications_enabled":null,"description":null}],"recoubs_count":398,"remixes_count":0,"likes_count":2193,"dislikes_count":0,"raw_video_id":14974119,"uploaded_by_ios_app":false,"uploaded_by_android_app":false,"media_blocks":{"uploaded_raw_videos":[],"external_raw_videos":[],"remixed_from_coubs":[]},"raw_video_thumbnail_url":"/missing/missing.png","raw_video_title":"DASH_720.mp4","video_block_banned":false,"duration":10.0,"promo_winner":false,"promo_winner_recoubers":null,"editorial_info":{},"promo_hint":null,"beeline_best_2014":null,"from_web_editor":true,"normalize_sound":true,"normalize_change_allowed":true,"best2015_addable":false,"ahmad_promo":null,"promo_data":null,"audio_copyright_claim":null,"ads_disabled":false,"is_safe_for_ads":true,"megafon_contents":[],"position_on_page":10}]}