{"page":208,"per_page":10,"total_pages":500,"coubs":[{"flag":null,"abuses":null,"recoubs_by_users_channels":null,"favourite":false,"promoted_id":null,"recoub":null,"like":null,"dislike":null,"reaction":null,"in_my_best2015":false,"id":95797353,"type":"Coub::Simple","permalink":"1kmmy0","title":"Home sweet home","visibility_type":"public","original_visibility_type":"public","channel_id":3636791,"created_at":"2018-12-26T18:37:31Z","updated_at":"2022-02-04T13:47:30Z","is_done":true,"views_count":114571,"cotd":null,"cotd_at":null,"visible_on_explore_root":false,"visible_on_explore":false,"featured":false,"published":true,"published_at":"2018-12-26T18:37:31Z","reversed":false,"from_editor_v2":true,"is_editable":true,"original_sound":true,"has_sound":true,"recoub_to":null,"file_versions":{"html5":{"video":{"higher":{"url":"https://coub-anubis-a.akamaized.net/coub_storage/coub/simple/cw_file/a678d05f62d/7b46e950b0dad09cf25c1/muted_mp4_huge_size_1573758213_muted_huge.mp4","size":4253660},"high":{"url":"https://coub-anubis-a.akamaized.net/coub_storage/coub/simple/cw_file/a678d05f62d/7b46e950b0dad09cf25c1/muted_mp4_big_size_1573758213_muted_big.mp4","size":3016303},"med":{"url":"https://coub-anubis-a.akamaized.net/coub_storage/coub/simple/cw_file/a678d05f62d/7b46e950b0dad09cf25c1/muted_mp4_med_size_1573758213_muted_med.mp4","size":1040237}},"audio":{"high":{"url":"https://coub-anubis-a.akamaized.net/coub_storage/coub/simple/cw_looped_audio_high/a4b238599c1/067c868c4a5fc385940ad/1605663381_high_1545849463_high.mp3","size":816119},"med":{"url":"https://coub-anubis-a.akamaized.net/coub_storage/coub/simple/cw_looped_audio_med/24cc0734072/355239f49d159919aaeaf/1605663381_med_1545849463_med.mp3","size":796268},"sample_duration":10.009}},"mobile":{"video":"https://coub-anubis-a.akamaized.net/coub_storage/coub/simple/cw_file/a678d05f62d/7b46e950b0dad09cf25c1/muted_mp4_med_size_1573758213_muted_med.mp4","audio":["https://coub-anubis-a.akamaized.net/coub_storage/coub/simple/cw_looped_audio_med/24cc0734072/355239f49d159919aaeaf/1605663381_med_1545849463_med.mp3"]},"share":{"default":"https://coub-anubis-a.akamaized.net/coub_storage/coub/simple/cw_video_for_sharing/b7646ab1b15/8c007383d47a4ee453595/1608796901_looped_1608796898.mp4"}},"audio_versions":{},"image_versions":{"template":"https://coub-anubis-a.akamaized.net/coub_storage/coub/simple/cw_image/4c4fb094390/6f071b172e012b55807c8/1545849473_00032.jpg","versions":["micro","tiny","age_restricted","ios_large","ios_mosaic","big","med","small","pinterest"]},"first_frame_versions":{"template":"https://coub-anubis-a.akamaized.net/coub_storage/coub/simple/cw_timeline_pic/756ffcddbcc/245c4d9cc194263256bca/%{version}_1545849472_image.jpg","versions":["big","med","small","ios_large"]},"dimensions":{"big":[772,960],"med":[386,480]},"site_w_h":[322,400],"page_w_h":[400,497],"site_w_h_small":[310,385],"size":[772,960],"age_restricted":false,"age_restricted_by_admin":false,"not_safe_for_work":false,"allow_reuse":false,"dont_crop":false,"banned":false,"global_safe":true,"audio_file_url":null,"external_download":{"type":"Vk","service_name":"Vk","url":"https://vk.com/video-48006306_456239240","has_embed":false},"application":null,"channel":{"id":3636791,"permalink":"aleksandr7363","title":"Aleksandr","description":null,"followers_count":81,"following_count":63,"avatar_versions":{"template":"https://coub-anubis-a.akamaized.net/coub_storage/channel/cw_avatar/597eb7a6d17/106e68fb98ada6525b6a2/%{version}_1607932759_92qvz7_1498053730_cropped.jpeg","versions":["medium","medium_2x","profile_pic","profile_pic_new","profile_pic_new_2x","tiny","tiny_2x","small","small_2x","ios_large","ios_small"]}},"file":null,"picture":"https://coub-anubis-a.akamaized.net/coub_storage/coub/simple/cw_image/4c4fb094390/6f071b172e012b55807c8/1545849473_00032.jpg","timeline_picture":"https://coub-anubis-a.akamaized.net/coub_storage/coub/simple/cw_timeline_pic/756ffcddbcc/245c4d9cc194263256bca/ios_large_1545849472_image.jpg","small_picture":"https://coub-anubis-a.akamaized.net/coub_storage/coub/simple/cw_image/4c4fb094390/6f071b172e012b55807c8/1545849473_00032.jpg","sharing_picture":null,"percent_done":100,"tags":[{"id":1038,"title":"winter","value":"winter"},{"id":5318,"title":"snow","value":"snow"},{"id":1259,"title":"forest","value":"forest"},{"id":5161,"title":"up","value":"up"},{"id":5512,"title":"comfort","value":"comfort"},{"id":10727,"title":"not","value":"not"},{"id":3284,"title":"people","value":"people"},{"id":2332,"title":"alone","value":"alone"}],"categories":[{"id":9,"title":"Nature & Travel","permalink":"nature-travel","subscriptions_count":10070807,"big_image_url":"https://coub-anubis-a.akamaized.net/coub_storage/category/cw_image/a4b57370b28/3c9d9a8cf4246d5a30610/big_1545567929_Nature.png","small_image_url":"https://coub-anubis-a.akamaized.net/coub_storage/category/cw_image/a4b57370b28/3c9d9a8cf4246d5a30610/small_1545567929_Nature.png","med_image_url":"https://coub-anubis-a.akamaized.net/coub_storage/category/cw_image/a4b57370b28/3c9d9a8cf4246d5a30610/med_1545567929_Nature.png","visible":true}],"communities":[{"id":9,"title":"Nature & Travel","permalink":"nature-travel","subscriptions_count":10070807,"big_image_url":"https://coub-anubis-a.akamaized.net/coub_storage/category/cw_image/a4b57370b28/3c9d9a8cf4246d5a30610/big_1545567929_Nature.png","small_image_url":"https://coub-anubis-a.akamaized.net/coub_storage/category/cw_image/a4b57370b28/3c9d9a8cf4246d5a30610/small_1545567929_Nature.png","med_image_url":"https://coub-anubis-a.akamaized.net/coub_storage/category/cw_image/a4b57370b28/3c9d9a8cf4246d5a30610/med_1545567929_Nature.png","i_subscribed":true,"community_notifications_enabled":null,"description":null}],"recoubs_count":381,"remixes_count":0,"likes_count":1692,"dislikes_count":0,"raw_video_id":12931133,"uploaded_by_ios_app":true,"uploaded_by_android_app":false,"media_blocks":{"uploaded_raw_videos":[],"external_raw_videos":[{"id":29728220,"title":" ","url":"https://vk.com/video-48006306_456239240","image":"https://coub-anubis-a.akamaized.net/coub_storage/media_block/cw_image/543d6938997/33c2dfdc3b793be2d016a/1545849014_x78ah3_1545849007_oikts5_att-url-download.jpg","image_retina":"https://coub-anubis-a.akamaized.net/coub_storage/media_block/cw_image/543d6938997/33c2dfdc3b793be2d016a/1545849014_x78ah3_1545849007_oikts5_att-url-download.jpg","meta":{"service":"Vk","duration":"28.48"},"duration":28.48,"raw_video_id":12931133,"has_embed":false}],"remixed_from_coubs":[],"external_video":{"id":29728220,"title":" ","url":"https://vk.com/video-48006306_456239240","image":"https://coub-anubis-a.akamaized.net/coub_storage/media_block/cw_image/543d6938997/33c2dfdc3b793be2d016a/1545849014_x78ah3_1545849007_oikts5_att-url-download.jpg","image_retina":"https://coub-anubis-a.akamaized.net/coub_storage/media_block/cw_image/543d6938997/33c2dfdc3b793be2d016a/1545849014_x78ah3_1545849007_oikts5_att-url-download.jpg","meta":{"service":"Vk","duration":"28.48"},"duration":28.48,"raw_video_id":12931133,"has_embed":false}},"raw_video_thumbnail_url":"/missing/missing.png","raw_video_title":" ","video_block_banned":false,"duration":10.0,"promo_winner":false,"promo_winner_recoubers":null,"editorial_info":{},"promo_hint":null,"beeline_best_2014":null,"from_web_editor":false,"normalize_sound":true,"normalize_change_allowed":true,"best2015_addable":false,"ahmad_promo":null,"promo_data":null,"audio_copyright_claim":null,"ads_disabled":false,"is_safe_for_ads":true,"megafon_contents":[],"position_on_page":1},{"flag":null,"abuses":null,"recoubs_by_users_channels":null,"favourite":false,"promoted_id":null,"recoub":null,"like":null,"dislike":null,"reaction":null,"in_my_best2015":false,"id":129392371,"type":"Coub::Simple","permalink":"24nrt2","title":"Missing Someone","visibility_type":"public","original_visibility_type":"public","channel_id":4796775,"created_at":"2019-11-18T09:17:00Z","updated_at":"2022-03-16T00:06:03Z","is_done":true,"views_count":176141,"cotd":null,"cotd_at":null,"visible_on_explore_root":false,"visible_on_explore":false,"featured":false,"published":true,"published_at":"2019-11-18T09:17:00Z","reversed":false,"from_editor_v2":true,"is_editable":true,"original_sound":false,"has_sound":false,"recoub_to":null,"file_versions":{"html5":{"video":{"higher":{"url":"https://coub-anubis-a.akamaized.net/coub_storage/coub/simple/cw_file/166ca4d1918/0bf61e0bb9513586cb530/muted_mp4_huge_size_1574068634_muted_huge.mp4","size":4687742},"high":{"url":"https://coub-anubis-a.akamaized.net/coub_storage/coub/simple/cw_file/166ca4d1918/0bf61e0bb9513586cb530/muted_mp4_big_size_1574068634_muted_big.mp4","size":3388942},"med":{"url":"https://coub-anubis-a.akamaized.net/coub_storage/coub/simple/cw_file/166ca4d1918/0bf61e0bb9513586cb530/muted_mp4_med_size_1574068634_muted_med.mp4","size":1225951}},"audio":{"high":{"url":"https://coub-anubis-a.akamaized.net/coub_storage/coub/simple/cw_looped_audio_high/285355c813d/11aa94079d460f68eac5f/1605697509_high_1574068664_high.mp3","size":2209561},"med":{"url":"https://coub-anubis-a.akamaized.net/coub_storage/coub/simple/cw_looped_audio_med/6a1cd36cd5c/39219378246dcd1c3ca76/1605697509_med_1574068664_med.mp3","size":1851063}}},"mobile":{"video":"https://coub-anubis-a.akamaized.net/coub_storage/coub/simple/cw_file/166ca4d1918/0bf61e0bb9513586cb530/muted_mp4_med_size_1574068634_muted_med.mp4","audio":["https://coub-anubis-a.akamaized.net/coub_storage/coub/simple/cw_looped_audio_med/6a1cd36cd5c/39219378246dcd1c3ca76/1605697509_med_1574068664_med.mp3"]},"share":{"default":"https://coub-anubis-a.akamaized.net/coub_storage/coub/simple/cw_video_for_sharing/3eaed89c244/b95c28c661cb844acfb1b/1611288208_looped_1611288206.mp4"}},"audio_versions":{"template":"https://coub-anubis-a.akamaized.net/coub_storage/audio_track/cw_normalized_copy/a41970882d1/7fe7bcf87680ca2dddab1/mid_1574068654_normalized_1574068637_1af1ots_edited.mp3","versions":["mid","low"]},"image_versions":{"template":"https://coub-anubis-a.akamaized.net/coub_storage/coub/simple/cw_image/3d73748bfb2/b266080bfa82f850b3d1c/1574068681_00032.jpg","versions":["micro","tiny","age_restricted","ios_large","ios_mosaic","big","med","small","pinterest"]},"first_frame_versions":{"template":"https://coub-anubis-a.akamaized.net/coub_storage/coub/simple/cw_timeline_pic/962039d3bf2/ebc355936e72ed4711274/%{version}_1574068680_image.jpg","versions":["big","med","small","ios_large"]},"dimensions":{"big":[960,960],"med":[480,480]},"site_w_h":[400,400],"page_w_h":[400,400],"site_w_h_small":[310,310],"size":[960,960],"age_restricted":false,"age_restricted_by_admin":false,"not_safe_for_work":false,"allow_reuse":false,"dont_crop":false,"banned":false,"global_safe":true,"audio_file_url":"https://coub-anubis-a.akamaized.net/coub_storage/audio_track/cw_normalized_copy/a41970882d1/7fe7bcf87680ca2dddab1/low_1574068654_normalized_1574068637_1af1ots_edited.mp3","external_download":false,"application":null,"channel":{"id":4796775,"permalink":"butterbutt","title":"ButterButt","description":null,"followers_count":204,"following_count":18,"avatar_versions":{"template":"https://coub-anubis-a.akamaized.net/coub_storage/channel/cw_avatar/a385a2b5810/ce6e1d264c3770adda613/%{version}_1607427022_1iu9rqv_1536916403_filename.jpeg","versions":["medium","medium_2x","profile_pic","profile_pic_new","profile_pic_new_2x","tiny","tiny_2x","small","small_2x","ios_large","ios_small"]}},"file":null,"picture":"https://coub-anubis-a.akamaized.net/coub_storage/coub/simple/cw_image/3d73748bfb2/b266080bfa82f850b3d1c/1574068681_00032.jpg","timeline_picture":"https://coub-anubis-a.akamaized.net/coub_storage/coub/simple/cw_timeline_pic/962039d3bf2/ebc355936e72ed4711274/ios_large_1574068680_image.jpg","small_picture":"https://coub-anubis-a.akamaized.net/coub_storage/coub/simple/cw_image/3d73748bfb2/b266080bfa82f850b3d1c/1574068681_00032.jpg","sharing_picture":null,"percent_done":100,"tags":[{"id":5629,"title":"abstract","value":"abstract"},{"id":135,"title":"water","value":"water"},{"id":171,"title":"wow","value":"wow"},{"id":3859,"title":"dub","value":"dub"},{"id":1133540,"title":"eleprimer","value":"eleprimer"},{"id":4932899,"title":"missing someone","value":"missing%20someone"}],"categories":[{"id":9,"title":"Nature & Travel","permalink":"nature-travel","subscriptions_count":10070807,"big_image_url":"https://coub-anubis-a.akamaized.net/coub_storage/category/cw_image/a4b57370b28/3c9d9a8cf4246d5a30610/big_1545567929_Nature.png","small_image_url":"https://coub-anubis-a.akamaized.net/coub_storage/category/cw_image/a4b57370b28/3c9d9a8cf4246d5a30610/small_1545567929_Nature.png","med_image_url":"https://coub-anubis-a.akamaized.net/coub_storage/category/cw_image/a4b57370b28/3c9d9a8cf4246d5a30610/med_1545567929_Nature.png","visible":true}],"communities":[{"id":9,"title":"Nature & Travel","permalink":"nature-travel","subscriptions_count":10070807,"big_image_url":"https://coub-anubis-a.akamaized.net/coub_storage/category/cw_image/a4b57370b28/3c9d9a8cf4246d5a30610/big_1545567929_Nature.png","small_image_url":"https://coub-anubis-a.akamaized.net/coub_storage/category/cw_image/a4b57370b28/3c9d9a8cf4246d5a30610/small_1545567929_Nature.png","med_image_url":"https://coub-anubis-a.akamaized.net/coub_storage/category/cw_image/a4b57370b28/3c9d9a8cf4246d5a30610/med_1545567929_Nature.png","i_subscribed":true,"community_notifications_enabled":null,"description":null}],"recoubs_count":342,"remixes_count":2,"likes_count":1691,"dislikes_count":0,"raw_video_id":"","uploaded_by_ios_app":true,"uploaded_by_android_app":false,"media_blocks":{"uploaded_raw_videos":[],"external_raw_videos":[],"remixed_from_coubs":[{"id":27057872,"title":"lvl paodv lt","url":"https://coub.com/coubs/1a70y6/remix","image":"https://coub-anubis-a.akamaized.net/coub_storage/media_block/cw_image/18f1baf6a6c/5ddb44905231cf7132275/1530049360_1530049346_00032.jpg","image_retina":"https://coub-anubis-a.akamaized.net/coub_storage/media_block/cw_image/18f1baf6a6c/5ddb44905231cf7132275/1530049360_1530049346_00032.jpg","meta":{"duration":"10.0"},"duration":null,"coub_channel_title":"Abstract Everyday","coub_channel_permalink":"abstractday","coub_views_count":6033,"coub_permalink":"1a70y6"}]},"raw_video_thumbnail_url":"","raw_video_title":"","video_block_banned":false,"duration":10.0,"promo_winner":false,"promo_winner_recoubers":null,"editorial_info":{},"promo_hint":null,"beeline_best_2014":null,"from_web_editor":false,"normalize_sound":true,"normalize_change_allowed":true,"best2015_addable":false,"ahmad_promo":null,"promo_data":null,"audio_copyright_claim":null,"ads_disabled":false,"is_safe_for_ads":true,"megafon_contents":[],"position_on_page":2},{"flag":null,"abuses":null,"recoubs_by_users_channels":null,"favourite":false,"promoted_id":null,"recoub":null,"like":null,"dislike":null,"reaction":null,"in_my_best2015":false,"id":118371420,"type":"Coub::Simple","permalink":"1y2hc4","title":"Просто послушай...","visibility_type":"public","original_visibility_type":"public","channel_id":2242717,"created_at":"2019-07-18T20:36:07Z","updated_at":"2022-03-08T20:30:52Z","is_done":true,"views_count":99984,"cotd":null,"cotd_at":null,"visible_on_explore_root":false,"visible_on_explore":false,"featured":false,"published":true,"published_at":"2019-07-18T20:36:07Z","reversed":false,"from_editor_v2":true,"is_editable":true,"original_sound":false,"has_sound":false,"recoub_to":null,"file_versions":{"html5":{"video":{"higher":{"url":"https://coub-anubis-a.akamaized.net/coub_storage/coub/simple/cw_file/0c9bccbbac8/8adba4bc005f545443ebb/muted_mp4_huge_size_1571080904_muted_huge.mp4","size":4059722},"high":{"url":"https://coub-anubis-a.akamaized.net/coub_storage/coub/simple/cw_file/0c9bccbbac8/8adba4bc005f545443ebb/muted_mp4_big_size_1571080904_muted_big.mp4","size":3071381},"med":{"url":"https://coub-anubis-a.akamaized.net/coub_storage/coub/simple/cw_file/0c9bccbbac8/8adba4bc005f545443ebb/muted_mp4_med_size_1571080904_muted_med.mp4","size":1050762}},"audio":{"high":{"url":"https://coub-anubis-a.akamaized.net/coub_storage/coub/simple/cw_looped_audio_high/6c07a6689fb/e6381d490be94bbba705f/1605646820_high_1563482359_high.mp3","size":1981320},"med":{"url":"https://coub-anubis-a.akamaized.net/coub_storage/coub/simple/cw_looped_audio_med/45679751d9b/fbc32c56edc236f568875/1605646819_med_1563482359_med.mp3","size":1742837}}},"mobile":{"video":"https://coub-anubis-a.akamaized.net/coub_storage/coub/simple/cw_file/0c9bccbbac8/8adba4bc005f545443ebb/muted_mp4_med_size_1571080904_muted_med.mp4","audio":["https://coub-anubis-a.akamaized.net/coub_storage/coub/simple/cw_looped_audio_med/45679751d9b/fbc32c56edc236f568875/1605646819_med_1563482359_med.mp3"]},"share":{"default":"https://coub-anubis-a.akamaized.net/coub_storage/coub/simple/cw_video_for_sharing/6f7c1e30ef9/9820a154317c57ae8e0fc/1608652203_looped_1608652201.mp4"}},"audio_versions":{"template":"https://coub-anubis-a.akamaized.net/coub_storage/audio_track/cw_normalized_copy/31cd631777b/0aa27accc1cea6e3c5275/mid_1563644657_normalized_1563481841_audio.mp3","versions":["mid","low"]},"image_versions":{"template":"https://coub-anubis-a.akamaized.net/coub_storage/coub/simple/cw_image/b1f37b7e562/b4d7d673e7b08ca4a2db3/1563482373_00032.jpg","versions":["micro","tiny","age_restricted","ios_large","ios_mosaic","big","med","small","pinterest"]},"first_frame_versions":{"template":"https://coub-anubis-a.akamaized.net/coub_storage/coub/simple/cw_timeline_pic/e8f0ead0b33/0762ce726a8428ffc4de2/%{version}_1563482372_image.jpg","versions":["big","med","small","ios_large"]},"dimensions":{"big":[1280,720],"med":[640,360]},"site_w_h":[640,360],"page_w_h":[640,360],"site_w_h_small":[310,174],"size":[1280,720],"age_restricted":false,"age_restricted_by_admin":false,"not_safe_for_work":false,"allow_reuse":false,"dont_crop":false,"banned":false,"global_safe":false,"audio_file_url":"https://coub-anubis-a.akamaized.net/coub_storage/audio_track/cw_normalized_copy/31cd631777b/0aa27accc1cea6e3c5275/low_1563644657_normalized_1563481841_audio.mp3","external_download":{"type":"Youtube","service_name":"YouTube","url":"https://www.youtube.com/watch?v=AUDl5tEVsIg","has_embed":true},"application":null,"channel":{"id":2242717,"permalink":"mr.-carlin","title":"Mr. Carlin","description":null,"followers_count":548,"following_count":8,"avatar_versions":{"template":"https://coub-anubis-a.akamaized.net/coub_storage/channel/cw_avatar/eda7dd93b38/ffd1cd87b26a34c84a2f3/%{version}_1607423128_7m2eo6_1491989013_bigstock-Trouble-Ahead-Concept-44167990.jpg","versions":["medium","medium_2x","profile_pic","profile_pic_new","profile_pic_new_2x","tiny","tiny_2x","small","small_2x","ios_large","ios_small"]}},"file":null,"picture":"https://coub-anubis-a.akamaized.net/coub_storage/coub/simple/cw_image/b1f37b7e562/b4d7d673e7b08ca4a2db3/1563482373_00032.jpg","timeline_picture":"https://coub-anubis-a.akamaized.net/coub_storage/coub/simple/cw_timeline_pic/e8f0ead0b33/0762ce726a8428ffc4de2/ios_large_1563482372_image.jpg","small_picture":"https://coub-anubis-a.akamaized.net/coub_storage/coub/simple/cw_image/b1f37b7e562/b4d7d673e7b08ca4a2db3/1563482373_00032.jpg","sharing_picture":null,"percent_done":100,"tags":[{"id":26918,"title":"мотивация","value":"%D0%BC%D0%BE%D1%82%D0%B8%D0%B2%D0%B0%D1%86%D0%B8%D1%8F"},{"id":4743643,"title":"мотивация на жизнь","value":"%D0%BC%D0%BE%D1%82%D0%B8%D0%B2%D0%B0%D1%86%D0%B8%D1%8F%20%D0%BD%D0%B0%20%D0%B6%D0%B8%D0%B7%D0%BD%D1%8C"},{"id":5086725,"title":"мотивация на день","value":"%D0%BC%D0%BE%D1%82%D0%B8%D0%B2%D0%B0%D1%86%D0%B8%D1%8F%20%D0%BD%D0%B0%20%D0%B4%D0%B5%D0%BD%D1%8C"},{"id":2122,"title":"стихи","value":"%D1%81%D1%82%D0%B8%D1%85%D0%B8"},{"id":68810,"title":"медитация","value":"%D0%BC%D0%B5%D0%B4%D0%B8%D1%82%D0%B0%D1%86%D0%B8%D1%8F"}],"categories":[{"id":9,"title":"Nature & Travel","permalink":"nature-travel","subscriptions_count":10070807,"big_image_url":"https://coub-anubis-a.akamaized.net/coub_storage/category/cw_image/a4b57370b28/3c9d9a8cf4246d5a30610/big_1545567929_Nature.png","small_image_url":"https://coub-anubis-a.akamaized.net/coub_storage/category/cw_image/a4b57370b28/3c9d9a8cf4246d5a30610/small_1545567929_Nature.png","med_image_url":"https://coub-anubis-a.akamaized.net/coub_storage/category/cw_image/a4b57370b28/3c9d9a8cf4246d5a30610/med_1545567929_Nature.png","visible":true}],"communities":[{"id":9,"title":"Nature & Travel","permalink":"nature-travel","subscriptions_count":10070807,"big_image_url":"https://coub-anubis-a.akamaized.net/coub_storage/category/cw_image/a4b57370b28/3c9d9a8cf4246d5a30610/big_1545567929_Nature.png","small_image_url":"https://coub-anubis-a.akamaized.net/coub_storage/category/cw_image/a4b57370b28/3c9d9a8cf4246d5a30610/small_1545567929_Nature.png","med_image_url":"https://coub-anubis-a.akamaized.net/coub_storage/category/cw_image/a4b57370b28/3c9d9a8cf4246d5a30610/med_1545567929_Nature.png","i_subscribed":true,"community_notifications_enabled":null,"description":null}],"recoubs_count":379,"remixes_count":0,"likes_count":1691,"dislikes_count":0,"raw_video_id":13957129,"uploaded_by_ios_app":false,"uploaded_by_android_app":false,"media_blocks":{"uploaded_raw_videos":[],"external_raw_videos":[{"id":32502046,"title":"Дыши| послушай меня","url":"https://www.youtube.com/watch?v=AUDl5tEVsIg","image":"https://coub-anubis-a.akamaized.net/coub_storage/media_block/cw_image/07d26ff72fd/da481c4d2acd730d3cf57/1562769489_10i2nw2_1562769444_19wqal_att-url-download.jpg","image_retina":"https://coub-anubis-a.akamaized.net/coub_storage/media_block/cw_image/07d26ff72fd/da481c4d2acd730d3cf57/1562769489_10i2nw2_1562769444_19wqal_att-url-download.jpg","meta":{"service":"Youtube","duration":"168.72"},"duration":168.72,"raw_video_id":13957129,"has_embed":true}],"remixed_from_coubs":[],"external_video":{"id":32502046,"title":"Дыши| послушай меня","url":"https://www.youtube.com/watch?v=AUDl5tEVsIg","image":"https://coub-anubis-a.akamaized.net/coub_storage/media_block/cw_image/07d26ff72fd/da481c4d2acd730d3cf57/1562769489_10i2nw2_1562769444_19wqal_att-url-download.jpg","image_retina":"https://coub-anubis-a.akamaized.net/coub_storage/media_block/cw_image/07d26ff72fd/da481c4d2acd730d3cf57/1562769489_10i2nw2_1562769444_19wqal_att-url-download.jpg","meta":{"service":"Youtube","duration":"168.72"},"duration":168.72,"raw_video_id":13957129,"has_embed":true}},"raw_video_thumbnail_url":"/missing/missing.png","raw_video_title":"Дыши| послушай меня","video_block_banned":false,"duration":10.0,"promo_winner":false,"promo_winner_recoubers":null,"editorial_info":{},"promo_hint":null,"beeline_best_2014":null,"from_web_editor":true,"normalize_sound":true,"normalize_change_allowed":true,"best2015_addable":false,"ahmad_promo":null,"promo_data":null,"audio_copyright_claim":null,"ads_disabled":false,"is_safe_for_ads":true,"megafon_contents":[],"position_on_page":3},{"flag":null,"abuses":null,"recoubs_by_users_channels":null,"favourite":false,"promoted_id":null,"recoub":null,"like":null,"dislike":null,"reaction":null,"in_my_best2015":false,"id":97049408,"type":"Coub::Simple","permalink":"1ldh1h","title":"Baikal ","visibility_type":"public","original_visibility_type":"public","channel_id":1112886,"created_at":"2019-01-06T15:07:41Z","updated_at":"2022-03-09T19:42:35Z","is_done":true,"views_count":21217,"cotd":null,"cotd_at":null,"visible_on_explore_root":true,"visible_on_explore":true,"featured":true,"published":true,"published_at":"2019-01-06T15:07:41Z","reversed":false,"from_editor_v2":true,"is_editable":true,"original_sound":false,"has_sound":false,"recoub_to":null,"file_versions":{"html5":{"video":{"higher":{"url":"https://coub-anubis-a.akamaized.net/coub_storage/coub/simple/cw_file/2a439045f8f/ee16ed0e8f210c00dc34c/muted_mp4_huge_size_1581099242_muted_huge.mp4","size":4521657},"high":{"url":"https://coub-anubis-a.akamaized.net/coub_storage/coub/simple/cw_file/2a439045f8f/ee16ed0e8f210c00dc34c/muted_mp4_big_size_1581099242_muted_big.mp4","size":3112337},"med":{"url":"https://coub-anubis-a.akamaized.net/coub_storage/coub/simple/cw_file/2a439045f8f/ee16ed0e8f210c00dc34c/muted_mp4_med_size_1581099242_muted_med.mp4","size":978069}},"audio":{"high":{"url":"https://coub-anubis-a.akamaized.net/coub_storage/coub/simple/cw_looped_audio_high/69dd09faa82/b7dafb1f942f3cc05d484/1605665392_high_1546787295_high.mp3","size":4351847},"med":{"url":"https://coub-anubis-a.akamaized.net/coub_storage/coub/simple/cw_looped_audio_med/9201fc49c24/89e7a47802a007cb1540d/1605665391_med_1546787295_med.mp3","size":2967372}}},"mobile":{"video":"https://coub-anubis-a.akamaized.net/coub_storage/coub/simple/cw_file/2a439045f8f/ee16ed0e8f210c00dc34c/muted_mp4_med_size_1581099242_muted_med.mp4","audio":["https://coub-anubis-a.akamaized.net/coub_storage/coub/simple/cw_looped_audio_med/9201fc49c24/89e7a47802a007cb1540d/1605665391_med_1546787295_med.mp3"]},"share":{"default":null}},"audio_versions":{"template":"https://coub-anubis-a.akamaized.net/coub_storage/audio_track/cw_normalized_copy/c69e4b6f9e2/3bd8726d438bf2a65f76e/mid_1546787281_normalized_1546787012_audio.mp3","versions":["mid","low"]},"image_versions":{"template":"https://coub-anubis-a.akamaized.net/coub_storage/coub/simple/cw_image/b195aab6abc/c2f3ce4c1685b04e67249/1546787313_00032.jpg","versions":["micro","tiny","age_restricted","ios_large","ios_mosaic","big","med","small","pinterest"]},"first_frame_versions":{"template":"https://coub-anubis-a.akamaized.net/coub_storage/coub/simple/cw_timeline_pic/d39d9ba16de/8173f1a9c463a4278075b/%{version}_1546787313_image.jpg","versions":["big","med","small","ios_large"]},"dimensions":{"big":[1242,960],"med":[620,480]},"site_w_h":[640,495],"page_w_h":[640,495],"site_w_h_small":[310,240],"size":[1242,960],"age_restricted":false,"age_restricted_by_admin":false,"not_safe_for_work":false,"allow_reuse":false,"dont_crop":false,"banned":false,"global_safe":true,"audio_file_url":"https://coub-anubis-a.akamaized.net/coub_storage/audio_track/cw_normalized_copy/c69e4b6f9e2/3bd8726d438bf2a65f76e/low_1546787281_normalized_1546787012_audio.mp3","external_download":{"type":"Instagram","service_name":"Instagram","url":"https://www.instagram.com/p/BsSbqS4A6sb/","has_embed":false},"application":null,"channel":{"id":1112886,"permalink":"worldcoubs","title":"World Coub","description":"Top Coub !!!","followers_count":357,"following_count":18,"avatar_versions":{"template":"https://coub-anubis-a.akamaized.net/coub_storage/channel/cw_avatar/4f7dd55ed5f/de42ff17a47884af4b3f3/%{version}_1607422628_3c9zpu_1594745500_2J3A6699.JPG","versions":["medium","medium_2x","profile_pic","profile_pic_new","profile_pic_new_2x","tiny","tiny_2x","small","small_2x","ios_large","ios_small"]}},"file":null,"picture":"https://coub-anubis-a.akamaized.net/coub_storage/coub/simple/cw_image/b195aab6abc/c2f3ce4c1685b04e67249/1546787313_00032.jpg","timeline_picture":"https://coub-anubis-a.akamaized.net/coub_storage/coub/simple/cw_timeline_pic/d39d9ba16de/8173f1a9c463a4278075b/ios_large_1546787313_image.jpg","small_picture":"https://coub-anubis-a.akamaized.net/coub_storage/coub/simple/cw_image/b195aab6abc/c2f3ce4c1685b04e67249/1546787313_00032.jpg","sharing_picture":null,"percent_done":100,"tags":[{"id":2918,"title":"baikal","value":"baikal"},{"id":1450,"title":"best","value":"best"},{"id":45154,"title":"bestvideo","value":"bestvideo"},{"id":130562,"title":"bestcoub","value":"bestcoub"},{"id":50,"title":"coub","value":"coub"},{"id":951,"title":"top","value":"top"},{"id":1038,"title":"winter","value":"winter"},{"id":257922,"title":"2019","value":"2019"},{"id":4581527,"title":"air cushion machine","value":"air%20cushion%20machine"}],"categories":[{"id":9,"title":"Nature & Travel","permalink":"nature-travel","subscriptions_count":10070807,"big_image_url":"https://coub-anubis-a.akamaized.net/coub_storage/category/cw_image/a4b57370b28/3c9d9a8cf4246d5a30610/big_1545567929_Nature.png","small_image_url":"https://coub-anubis-a.akamaized.net/coub_storage/category/cw_image/a4b57370b28/3c9d9a8cf4246d5a30610/small_1545567929_Nature.png","med_image_url":"https://coub-anubis-a.akamaized.net/coub_storage/category/cw_image/a4b57370b28/3c9d9a8cf4246d5a30610/med_1545567929_Nature.png","visible":true}],"communities":[{"id":9,"title":"Nature & Travel","permalink":"nature-travel","subscriptions_count":10070807,"big_image_url":"https://coub-anubis-a.akamaized.net/coub_storage/category/cw_image/a4b57370b28/3c9d9a8cf4246d5a30610/big_1545567929_Nature.png","small_image_url":"https://coub-anubis-a.akamaized.net/coub_storage/category/cw_image/a4b57370b28/3c9d9a8cf4246d5a30610/small_1545567929_Nature.png","med_image_url":"https://coub-anubis-a.akamaized.net/coub_storage/category/cw_image/a4b57370b28/3c9d9a8cf4246d5a30610/med_1545567929_Nature.png","i_subscribed":true,"community_notifications_enabled":null,"description":null}],"recoubs_count":139,"remixes_count":0,"likes_count":1691,"dislikes_count":0,"raw_video_id":12990471,"uploaded_by_ios_app":false,"uploaded_by_android_app":false,"media_blocks":{"uploaded_raw_videos":[],"external_raw_videos":[{"id":29888984,"title":"Shot by makhorov","url":"http://instagram.com/p/BsSbqS4A6sb/","image":null,"image_retina":null,"meta":{"service":"Instagram","duration":"59.96"},"duration":59.96,"raw_video_id":12990471,"has_embed":false}],"remixed_from_coubs":[],"external_video":{"id":29888984,"title":"Shot by makhorov","url":"http://instagram.com/p/BsSbqS4A6sb/","image":null,"image_retina":null,"meta":{"service":"Instagram","duration":"59.96"},"duration":59.96,"raw_video_id":12990471,"has_embed":false}},"raw_video_thumbnail_url":"/missing/missing.png","raw_video_title":"Shot by makhorov","video_block_banned":false,"duration":9.92,"promo_winner":false,"promo_winner_recoubers":null,"editorial_info":{},"promo_hint":null,"beeline_best_2014":null,"from_web_editor":true,"normalize_sound":true,"normalize_change_allowed":true,"best2015_addable":false,"ahmad_promo":null,"promo_data":null,"audio_copyright_claim":null,"ads_disabled":false,"is_safe_for_ads":true,"megafon_contents":[],"position_on_page":4},{"flag":null,"abuses":null,"recoubs_by_users_channels":null,"favourite":false,"promoted_id":null,"recoub":null,"like":null,"dislike":null,"reaction":null,"in_my_best2015":false,"id":161700329,"type":"Coub::Simple","permalink":"2nxblc","title":"Без слов...","visibility_type":"public","original_visibility_type":"public","channel_id":7491582,"created_at":"2021-01-13T18:48:07Z","updated_at":"2022-03-14T01:33:35Z","is_done":true,"views_count":90291,"cotd":null,"cotd_at":null,"visible_on_explore_root":false,"visible_on_explore":false,"featured":false,"published":true,"published_at":"2021-01-13T18:48:07Z","reversed":false,"from_editor_v2":true,"is_editable":true,"original_sound":false,"has_sound":false,"recoub_to":null,"file_versions":{"html5":{"video":{"higher":{"url":"https://coub-anubis-a.akamaized.net/coub_storage/coub/simple/cw_file/d4650cb4dc6/22c50ba703fb926401fe4/muted_mp4_huge_size_1610563700_muted_huge.mp4","size":1256865},"high":{"url":"https://coub-anubis-a.akamaized.net/coub_storage/coub/simple/cw_file/d4650cb4dc6/22c50ba703fb926401fe4/muted_mp4_big_size_1610563700_muted_big.mp4","size":723506},"med":{"url":"https://coub-anubis-a.akamaized.net/coub_storage/coub/simple/cw_file/d4650cb4dc6/22c50ba703fb926401fe4/muted_mp4_med_size_1610563700_muted_med.mp4","size":174076}},"audio":{"high":{"url":"https://coub-anubis-a.akamaized.net/coub_storage/coub/simple/cw_looped_audio_high/6eb65286b1a/15b87b79a3ab7993db0eb/1610563759_mp3-high.mp3","size":5437747},"med":{"url":"https://coub-anubis-a.akamaized.net/coub_storage/coub/simple/cw_looped_audio_med/1fe1f80c1b6/d5ec05b260ba7ce44ec04/1610563754_mp3-med.mp3","size":3831083}}},"mobile":{"video":"https://coub-anubis-a.akamaized.net/coub_storage/coub/simple/cw_file/d4650cb4dc6/22c50ba703fb926401fe4/muted_mp4_med_size_1610563700_muted_med.mp4","audio":["https://coub-anubis-a.akamaized.net/coub_storage/coub/simple/cw_looped_audio_med/1fe1f80c1b6/d5ec05b260ba7ce44ec04/1610563754_mp3-med.mp3"]},"share":{"default":"https://coub-anubis-a.akamaized.net/coub_storage/coub/simple/cw_video_for_sharing/f99e801c789/1cf53839e34ea5055ca1f/1610563785_looped_1610563785.mp4"}},"audio_versions":{"template":"https://coub-anubis-a.akamaized.net/coub_storage/audio_track/cw_normalized_copy/11cb278f488/dc7c3f84a194c9f13ac0c/mid_1610563733_normalized_1610563706_sjek5x_edited.mp3","versions":["mid","low"]},"image_versions":{"template":"https://coub-anubis-a.akamaized.net/coub_storage/coub/simple/cw_image/1defd83001c/991d8a86afba7ab4d0be0/%{version}_1610563763_00032.jpg","versions":["micro","tiny","age_restricted","ios_large","ios_mosaic","big","med","small","pinterest"]},"first_frame_versions":{"template":"https://coub-anubis-a.akamaized.net/coub_storage/coub/simple/cw_timeline_pic/6330fe64c54/b2d51b6bf9d0dbbd83108/%{version}_1610563762_image.jpg","versions":["big","med","small","ios_large"]},"dimensions":{"big":[650,960],"med":[324,480]},"site_w_h":[271,400],"page_w_h":[400,591],"site_w_h_small":[310,458],"size":[650,960],"age_restricted":false,"age_restricted_by_admin":false,"not_safe_for_work":false,"allow_reuse":false,"dont_crop":true,"banned":false,"global_safe":null,"audio_file_url":"https://coub-anubis-a.akamaized.net/coub_storage/audio_track/cw_normalized_copy/11cb278f488/dc7c3f84a194c9f13ac0c/low_1610563733_normalized_1610563706_sjek5x_edited.mp3","external_download":false,"application":null,"channel":{"id":7491582,"permalink":"ani-boy19932","title":"Anime_╰(▔∀▔)╯_eminA","description":"Все треки и названия аниме будут в Вк Группе)","followers_count":1254,"following_count":41,"avatar_versions":{"template":"https://coub-anubis-a.akamaized.net/coub_storage/channel/cw_avatar/866fb8f46d1/cf5c4d43f3c3e4d089265/%{version}_1610470130_filename.jpeg","versions":["medium","medium_2x","profile_pic","profile_pic_new","profile_pic_new_2x","tiny","tiny_2x","small","small_2x","ios_large","ios_small"]}},"file":null,"picture":"https://coub-anubis-a.akamaized.net/coub_storage/coub/simple/cw_image/1defd83001c/991d8a86afba7ab4d0be0/med_1610563763_00032.jpg","timeline_picture":"https://coub-anubis-a.akamaized.net/coub_storage/coub/simple/cw_timeline_pic/6330fe64c54/b2d51b6bf9d0dbbd83108/ios_large_1610563762_image.jpg","small_picture":"https://coub-anubis-a.akamaized.net/coub_storage/coub/simple/cw_image/1defd83001c/991d8a86afba7ab4d0be0/ios_mosaic_1610563763_00032.jpg","sharing_picture":null,"percent_done":100,"tags":[{"id":5282,"title":"))","value":"))"},{"id":86,"title":"music","value":"music"},{"id":939,"title":"relax","value":"relax"},{"id":22217,"title":"calm","value":"calm"},{"id":2104,"title":"life","value":"life"},{"id":1094,"title":"nature","value":"nature"},{"id":2588,"title":"sad","value":"sad"},{"id":3363,"title":"sadness","value":"sadness"},{"id":298,"title":"love","value":"love"}],"categories":[{"id":9,"title":"Nature & Travel","permalink":"nature-travel","subscriptions_count":10070807,"big_image_url":"https://coub-anubis-a.akamaized.net/coub_storage/category/cw_image/a4b57370b28/3c9d9a8cf4246d5a30610/big_1545567929_Nature.png","small_image_url":"https://coub-anubis-a.akamaized.net/coub_storage/category/cw_image/a4b57370b28/3c9d9a8cf4246d5a30610/small_1545567929_Nature.png","med_image_url":"https://coub-anubis-a.akamaized.net/coub_storage/category/cw_image/a4b57370b28/3c9d9a8cf4246d5a30610/med_1545567929_Nature.png","visible":true}],"communities":[{"id":9,"title":"Nature & Travel","permalink":"nature-travel","subscriptions_count":10070807,"big_image_url":"https://coub-anubis-a.akamaized.net/coub_storage/category/cw_image/a4b57370b28/3c9d9a8cf4246d5a30610/big_1545567929_Nature.png","small_image_url":"https://coub-anubis-a.akamaized.net/coub_storage/category/cw_image/a4b57370b28/3c9d9a8cf4246d5a30610/small_1545567929_Nature.png","med_image_url":"https://coub-anubis-a.akamaized.net/coub_storage/category/cw_image/a4b57370b28/3c9d9a8cf4246d5a30610/med_1545567929_Nature.png","i_subscribed":true,"community_notifications_enabled":null,"description":null}],"recoubs_count":310,"remixes_count":11,"likes_count":1690,"dislikes_count":0,"raw_video_id":"","uploaded_by_ios_app":false,"uploaded_by_android_app":false,"media_blocks":{"uploaded_raw_videos":[],"external_raw_videos":[],"remixed_from_coubs":[{"id":36636393,"title":"А что для тебя счастье?","url":"https://coub.com/coubs/2hssqu/remix","image":"https://coub-anubis-a.akamaized.net/coub_storage/media_block/cw_image/681962b4e9a/5db7e6376d83f647dca12/1597002495_z8ho2u_1597002463_00032.jpg","image_retina":"https://coub-anubis-a.akamaized.net/coub_storage/media_block/cw_image/681962b4e9a/5db7e6376d83f647dca12/1597002495_z8ho2u_1597002463_00032.jpg","meta":{"duration":"10.0"},"duration":null,"coub_channel_title":"Anime_╰(▔∀▔)╯_eminA","coub_channel_permalink":"ani-boy19932","coub_views_count":42241,"coub_permalink":"2hssqu"}]},"raw_video_thumbnail_url":"","raw_video_title":"","video_block_banned":false,"duration":10.0,"promo_winner":false,"promo_winner_recoubers":null,"editorial_info":{},"promo_hint":null,"beeline_best_2014":null,"from_web_editor":true,"normalize_sound":true,"normalize_change_allowed":true,"best2015_addable":false,"ahmad_promo":null,"promo_data":null,"audio_copyright_claim":null,"ads_disabled":false,"is_safe_for_ads":true,"megafon_contents":[],"position_on_page":5},{"flag":null,"abuses":null,"recoubs_by_users_channels":null,"favourite":false,"promoted_id":null,"recoub":null,"like":null,"dislike":null,"reaction":null,"in_my_best2015":false,"id":149980868,"type":"Coub::Simple","permalink":"2gy4po","title":"In Rain the end","visibility_type":"public","original_visibility_type":"public","channel_id":2591111,"created_at":"2020-07-20T09:36:53Z","updated_at":"2022-03-15T23:15:00Z","is_done":true,"views_count":134562,"cotd":null,"cotd_at":null,"visible_on_explore_root":false,"visible_on_explore":false,"featured":false,"published":true,"published_at":"2020-07-20T09:36:53Z","reversed":false,"from_editor_v2":true,"is_editable":true,"original_sound":false,"has_sound":false,"recoub_to":null,"file_versions":{"html5":{"video":{"higher":{"url":"https://coub-anubis-a.akamaized.net/coub_storage/coub/simple/cw_file/93c77132b10/b2d7af8d7cd2e1272bec8/muted_mp4_huge_size_1595237831_muted_huge.mp4","size":1707671},"high":{"url":"https://coub-anubis-a.akamaized.net/coub_storage/coub/simple/cw_file/93c77132b10/b2d7af8d7cd2e1272bec8/muted_mp4_big_size_1595237831_muted_big.mp4","size":1314651},"med":{"url":"https://coub-anubis-a.akamaized.net/coub_storage/coub/simple/cw_file/93c77132b10/b2d7af8d7cd2e1272bec8/muted_mp4_med_size_1595237831_muted_med.mp4","size":252891}},"audio":{"high":{"url":"https://coub-anubis-a.akamaized.net/coub_storage/coub/simple/cw_looped_audio_high/638ef13cd8d/0b02c7362e0a5a0dc184e/1605680278_high_1595237838_high.mp3","size":1040287},"med":{"url":"https://coub-anubis-a.akamaized.net/coub_storage/coub/simple/cw_looped_audio_med/9eb4ef9174d/e8f35cf67f33b8f918197/1605680278_med_1595237838_med.mp3","size":765299}}},"mobile":{"video":"https://coub-anubis-a.akamaized.net/coub_storage/coub/simple/cw_file/93c77132b10/b2d7af8d7cd2e1272bec8/muted_mp4_med_size_1595237831_muted_med.mp4","audio":["https://coub-anubis-a.akamaized.net/coub_storage/coub/simple/cw_looped_audio_med/9eb4ef9174d/e8f35cf67f33b8f918197/1605680278_med_1595237838_med.mp3"]},"share":{"default":"https://coub-anubis-a.akamaized.net/coub_storage/coub/simple/cw_video_for_sharing/e5ace93593b/d6a11c52dde07b4744329/1609402290_looped_1609402290.mp4"}},"audio_versions":{"template":"https://coub-anubis-a.akamaized.net/coub_storage/audio_track/cw_normalized_copy/d972d86fa74/fd17d9f5c7ca432f5914f/mid_1595237834_normalized_1595237604_audio.mp3","versions":["mid","low"]},"image_versions":{"template":"https://coub-anubis-a.akamaized.net/coub_storage/coub/simple/cw_image/26d0c8c8bbe/53061cfdc4e48b4c0352c/1595237844_00032.jpg","versions":["micro","tiny","age_restricted","ios_large","ios_mosaic","big","med","small","pinterest"]},"first_frame_versions":{"template":"https://coub-anubis-a.akamaized.net/coub_storage/coub/simple/cw_timeline_pic/b02e49e8cb6/61a9d5ea83ab5ecf3f86d/1595237843_image.jpg","versions":["big","med","small","ios_large"]},"dimensions":{"big":[1280,720],"med":[640,360]},"site_w_h":[640,360],"page_w_h":[640,360],"site_w_h_small":[310,174],"size":[1280,720],"age_restricted":false,"age_restricted_by_admin":false,"not_safe_for_work":false,"allow_reuse":false,"dont_crop":false,"banned":false,"global_safe":null,"audio_file_url":"https://coub-anubis-a.akamaized.net/coub_storage/audio_track/cw_normalized_copy/d972d86fa74/fd17d9f5c7ca432f5914f/low_1595237834_normalized_1595237604_audio.mp3","external_download":false,"application":null,"channel":{"id":2591111,"permalink":"gocha-gviniashvili","title":"🅶.🅶","description":"G.G 》》》   COUB'S","followers_count":251,"following_count":3,"avatar_versions":{"template":"https://coub-anubis-a.akamaized.net/coub_storage/channel/cw_avatar/127e6ffbf2c/5f53697c33e198eb893b5/%{version}_1612439227_qqq111.jpg","versions":["medium","medium_2x","profile_pic","profile_pic_new","profile_pic_new_2x","tiny","tiny_2x","small","small_2x","ios_large","ios_small"]}},"file":null,"picture":"https://coub-anubis-a.akamaized.net/coub_storage/coub/simple/cw_image/26d0c8c8bbe/53061cfdc4e48b4c0352c/1595237844_00032.jpg","timeline_picture":"https://coub-anubis-a.akamaized.net/coub_storage/coub/simple/cw_timeline_pic/b02e49e8cb6/61a9d5ea83ab5ecf3f86d/1595237843_image.jpg","small_picture":"https://coub-anubis-a.akamaized.net/coub_storage/coub/simple/cw_image/26d0c8c8bbe/53061cfdc4e48b4c0352c/1595237844_00032.jpg","sharing_picture":null,"percent_done":100,"tags":[],"categories":[{"id":9,"title":"Nature & Travel","permalink":"nature-travel","subscriptions_count":10070807,"big_image_url":"https://coub-anubis-a.akamaized.net/coub_storage/category/cw_image/a4b57370b28/3c9d9a8cf4246d5a30610/big_1545567929_Nature.png","small_image_url":"https://coub-anubis-a.akamaized.net/coub_storage/category/cw_image/a4b57370b28/3c9d9a8cf4246d5a30610/small_1545567929_Nature.png","med_image_url":"https://coub-anubis-a.akamaized.net/coub_storage/category/cw_image/a4b57370b28/3c9d9a8cf4246d5a30610/med_1545567929_Nature.png","visible":true}],"communities":[{"id":9,"title":"Nature & Travel","permalink":"nature-travel","subscriptions_count":10070807,"big_image_url":"https://coub-anubis-a.akamaized.net/coub_storage/category/cw_image/a4b57370b28/3c9d9a8cf4246d5a30610/big_1545567929_Nature.png","small_image_url":"https://coub-anubis-a.akamaized.net/coub_storage/category/cw_image/a4b57370b28/3c9d9a8cf4246d5a30610/small_1545567929_Nature.png","med_image_url":"https://coub-anubis-a.akamaized.net/coub_storage/category/cw_image/a4b57370b28/3c9d9a8cf4246d5a30610/med_1545567929_Nature.png","i_subscribed":true,"community_notifications_enabled":null,"description":null}],"recoubs_count":336,"remixes_count":13,"likes_count":1690,"dislikes_count":0,"raw_video_id":15476388,"uploaded_by_ios_app":false,"uploaded_by_android_app":false,"media_blocks":{"uploaded_raw_videos":[],"external_raw_videos":[],"remixed_from_coubs":[]},"raw_video_thumbnail_url":"/missing/missing.png","raw_video_title":"FB99.mp4","video_block_banned":false,"duration":10.0,"promo_winner":false,"promo_winner_recoubers":null,"editorial_info":{},"promo_hint":null,"beeline_best_2014":null,"from_web_editor":true,"normalize_sound":true,"normalize_change_allowed":true,"best2015_addable":false,"ahmad_promo":null,"promo_data":null,"audio_copyright_claim":null,"ads_disabled":false,"is_safe_for_ads":true,"megafon_contents":[],"position_on_page":6},{"flag":null,"abuses":null,"recoubs_by_users_channels":null,"favourite":false,"promoted_id":null,"recoub":null,"like":null,"dislike":null,"reaction":null,"in_my_best2015":false,"id":135989823,"type":"Coub::Simple","permalink":"28m1cf","title":"Winter Miracle [Johnny Seo]","visibility_type":"public","original_visibility_type":"public","channel_id":2442707,"created_at":"2020-02-02T01:08:33Z","updated_at":"2022-03-16T05:45:54Z","is_done":true,"views_count":128128,"cotd":null,"cotd_at":null,"visible_on_explore_root":false,"visible_on_explore":false,"featured":false,"published":true,"published_at":"2020-02-02T01:08:33Z","reversed":false,"from_editor_v2":true,"is_editable":true,"original_sound":false,"has_sound":false,"recoub_to":null,"file_versions":{"html5":{"video":{"higher":{"url":"https://coub-anubis-a.akamaized.net/coub_storage/coub/simple/cw_file/9c4c5d22a8e/ad335f9d0df9e61b9f6fa/muted_mp4_huge_size_1580606530_muted_huge.mp4","size":3384740},"high":{"url":"https://coub-anubis-a.akamaized.net/coub_storage/coub/simple/cw_file/9c4c5d22a8e/ad335f9d0df9e61b9f6fa/muted_mp4_big_size_1580606530_muted_big.mp4","size":2600482},"med":{"url":"https://coub-anubis-a.akamaized.net/coub_storage/coub/simple/cw_file/9c4c5d22a8e/ad335f9d0df9e61b9f6fa/muted_mp4_med_size_1580606530_muted_med.mp4","size":723788}},"audio":{"high":{"url":"https://coub-anubis-a.akamaized.net/coub_storage/coub/simple/cw_looped_audio_high/69b4eef9827/bd7633741a63c134f1d24/1605706159_high_1580606533_high.mp3","size":710635},"med":{"url":"https://coub-anubis-a.akamaized.net/coub_storage/coub/simple/cw_looped_audio_med/56623a64c34/fe4351d6bd434cc95137c/1605706158_med_1580606533_med.mp3","size":710623}}},"mobile":{"video":"https://coub-anubis-a.akamaized.net/coub_storage/coub/simple/cw_file/9c4c5d22a8e/ad335f9d0df9e61b9f6fa/muted_mp4_med_size_1580606530_muted_med.mp4","audio":["https://coub-anubis-a.akamaized.net/coub_storage/coub/simple/cw_looped_audio_med/56623a64c34/fe4351d6bd434cc95137c/1605706158_med_1580606533_med.mp3"]},"share":{"default":"https://coub-anubis-a.akamaized.net/coub_storage/coub/simple/cw_video_for_sharing/536157d576b/9f57caa68dabeae4867e6/1609527792_looped_1609527791.mp4"}},"audio_versions":{"template":"https://coub-anubis-a.akamaized.net/coub_storage/audio_track/cw_normalized_copy/453bff996bb/06c77eecc285a73189fba/mid_1586787408_normalized_1580127092_audio.mp3","versions":["mid","low"]},"image_versions":{"template":"https://coub-anubis-a.akamaized.net/coub_storage/coub/simple/cw_image/8fe48794a68/5e0e95aa9d373f453051d/1580606541_00032.jpg","versions":["micro","tiny","age_restricted","ios_large","ios_mosaic","big","med","small","pinterest"]},"first_frame_versions":{"template":"https://coub-anubis-a.akamaized.net/coub_storage/coub/simple/cw_timeline_pic/e2eef59ff78/c576e7cc27567eb2010ac/1580606540_image.jpg","versions":["big","med","small","ios_large"]},"dimensions":{"big":[1280,718],"med":[640,358]},"site_w_h":[640,359],"page_w_h":[640,359],"site_w_h_small":[310,174],"size":[1280,718],"age_restricted":false,"age_restricted_by_admin":false,"not_safe_for_work":false,"allow_reuse":false,"dont_crop":false,"banned":false,"global_safe":true,"audio_file_url":"https://coub-anubis-a.akamaized.net/coub_storage/audio_track/cw_normalized_copy/453bff996bb/06c77eecc285a73189fba/low_1586787408_normalized_1580127092_audio.mp3","external_download":false,"application":null,"channel":{"id":2442707,"permalink":"neo.culture.boi","title":"boi ¹²⁷","description":null,"followers_count":44,"following_count":8,"avatar_versions":{"template":"https://coub-anubis-a.akamaized.net/coub_storage/channel/cw_avatar/c86e8da2b73/50c97d654edc7fe1760f1/%{version}_1607966311_1dkbe7a_1550671773_3MqxT3MozEQ.jpg","versions":["medium","medium_2x","profile_pic","profile_pic_new","profile_pic_new_2x","tiny","tiny_2x","small","small_2x","ios_large","ios_small"]}},"file":null,"picture":"https://coub-anubis-a.akamaized.net/coub_storage/coub/simple/cw_image/8fe48794a68/5e0e95aa9d373f453051d/1580606541_00032.jpg","timeline_picture":"https://coub-anubis-a.akamaized.net/coub_storage/coub/simple/cw_timeline_pic/e2eef59ff78/c576e7cc27567eb2010ac/1580606540_image.jpg","small_picture":"https://coub-anubis-a.akamaized.net/coub_storage/coub/simple/cw_image/8fe48794a68/5e0e95aa9d373f453051d/1580606541_00032.jpg","sharing_picture":null,"percent_done":100,"tags":[{"id":1416551,"title":"nct","value":"nct"},{"id":1687144,"title":"nct127","value":"nct127"},{"id":4124,"title":"johnny","value":"johnny"},{"id":4603405,"title":"johnny seo","value":"johnny%20seo"},{"id":1038,"title":"winter","value":"winter"},{"id":34406,"title":"kpop","value":"kpop"},{"id":5020,"title":"k-pop","value":"k-pop"},{"id":20552,"title":"korea","value":"korea"},{"id":86,"title":"music","value":"music"},{"id":182,"title":"dance","value":"dance"},{"id":53981,"title":"talant","value":"talant"},{"id":14668,"title":"mem","value":"mem"},{"id":2234,"title":"meme","value":"meme"},{"id":2235,"title":"memes","value":"memes"},{"id":2937,"title":"china","value":"china"},{"id":41120,"title":"chinese","value":"chinese"},{"id":4212,"title":"korean","value":"korean"},{"id":6249,"title":"мем","value":"%D0%BC%D0%B5%D0%BC"},{"id":22887,"title":"мемы","value":"%D0%BC%D0%B5%D0%BC%D1%8B"},{"id":10104,"title":"photographer","value":"photographer"}],"categories":[{"id":9,"title":"Nature & Travel","permalink":"nature-travel","subscriptions_count":10070807,"big_image_url":"https://coub-anubis-a.akamaized.net/coub_storage/category/cw_image/a4b57370b28/3c9d9a8cf4246d5a30610/big_1545567929_Nature.png","small_image_url":"https://coub-anubis-a.akamaized.net/coub_storage/category/cw_image/a4b57370b28/3c9d9a8cf4246d5a30610/small_1545567929_Nature.png","med_image_url":"https://coub-anubis-a.akamaized.net/coub_storage/category/cw_image/a4b57370b28/3c9d9a8cf4246d5a30610/med_1545567929_Nature.png","visible":true}],"communities":[{"id":9,"title":"Nature & Travel","permalink":"nature-travel","subscriptions_count":10070807,"big_image_url":"https://coub-anubis-a.akamaized.net/coub_storage/category/cw_image/a4b57370b28/3c9d9a8cf4246d5a30610/big_1545567929_Nature.png","small_image_url":"https://coub-anubis-a.akamaized.net/coub_storage/category/cw_image/a4b57370b28/3c9d9a8cf4246d5a30610/small_1545567929_Nature.png","med_image_url":"https://coub-anubis-a.akamaized.net/coub_storage/category/cw_image/a4b57370b28/3c9d9a8cf4246d5a30610/med_1545567929_Nature.png","i_subscribed":true,"community_notifications_enabled":null,"description":null}],"recoubs_count":280,"remixes_count":0,"likes_count":1690,"dislikes_count":0,"raw_video_id":14771195,"uploaded_by_ios_app":true,"uploaded_by_android_app":false,"media_blocks":{"uploaded_raw_videos":[],"external_raw_videos":[],"remixed_from_coubs":[]},"raw_video_thumbnail_url":"/missing/missing.png","raw_video_title":"filename.mp4","video_block_banned":false,"duration":10.04,"promo_winner":false,"promo_winner_recoubers":null,"editorial_info":{},"promo_hint":null,"beeline_best_2014":null,"from_web_editor":false,"normalize_sound":true,"normalize_change_allowed":true,"best2015_addable":false,"ahmad_promo":null,"promo_data":null,"audio_copyright_claim":null,"ads_disabled":false,"is_safe_for_ads":true,"megafon_contents":[],"position_on_page":7},{"flag":null,"abuses":null,"recoubs_by_users_channels":null,"favourite":false,"promoted_id":null,"recoub":null,"like":null,"dislike":null,"reaction":null,"in_my_best2015":false,"id":73900350,"type":"Coub::Simple","permalink":"17kvjb","title":"Thunderstruck","visibility_type":"public","original_visibility_type":"public","channel_id":3710950,"created_at":"2018-05-08T08:09:19Z","updated_at":"2022-03-10T05:08:45Z","is_done":true,"views_count":129027,"cotd":null,"cotd_at":null,"visible_on_explore_root":true,"visible_on_explore":true,"featured":true,"published":true,"published_at":"2018-05-08T08:09:19Z","reversed":false,"from_editor_v2":true,"is_editable":true,"original_sound":false,"has_sound":false,"recoub_to":null,"file_versions":{"html5":{"video":{"higher":{"url":"https://coub-anubis-a.akamaized.net/coub_storage/coub/simple/cw_file/1837d96a2a4/81e7614b6886713fcf451/muted_mp4_huge_size_1568230753_muted_huge.mp4","size":2989718},"high":{"url":"https://coub-anubis-a.akamaized.net/coub_storage/coub/simple/cw_file/1837d96a2a4/81e7614b6886713fcf451/muted_mp4_big_size_1568230753_muted_big.mp4","size":2044095},"med":{"url":"https://coub-anubis-a.akamaized.net/coub_storage/coub/simple/cw_file/1837d96a2a4/81e7614b6886713fcf451/muted_mp4_med_size_1568230753_muted_med.mp4","size":571288}},"audio":{"high":{"url":"https://coub-anubis-a.akamaized.net/coub_storage/coub/simple/cw_looped_audio_high/7e96ac5d022/a4cdc8b4c5402162ab260/1605651469_high_1525781368_high.mp3","size":5686707},"med":{"url":"https://coub-anubis-a.akamaized.net/coub_storage/coub/simple/cw_looped_audio_med/5ac12c7d081/945eeeaa32ff0446fa8d9/1605651468_med_1525781368_med.mp3","size":4032911}}},"mobile":{"video":"https://coub-anubis-a.akamaized.net/coub_storage/coub/simple/cw_file/1837d96a2a4/81e7614b6886713fcf451/muted_mp4_med_size_1568230753_muted_med.mp4","audio":["https://coub-anubis-a.akamaized.net/coub_storage/coub/simple/cw_looped_audio_med/5ac12c7d081/945eeeaa32ff0446fa8d9/1605651468_med_1525781368_med.mp3"]},"share":{"default":null}},"audio_versions":{"template":"https://coub-anubis-a.akamaized.net/coub_storage/audio_track/cw_normalized_copy/6489ce9c9ae/49337265f0dfc37146479/mid_1525781353_1xhp3yg_normalized_1525781331_hau7y8_edited.mp3","versions":["mid","low"]},"image_versions":{"template":"https://coub-anubis-a.akamaized.net/coub_storage/coub/simple/cw_image/fec8c8b2304/edd9f361c4d795c5742d9/1525781386_00032.jpg","versions":["micro","tiny","age_restricted","ios_large","ios_mosaic","big","med","small","pinterest"]},"first_frame_versions":{"template":"https://coub-anubis-a.akamaized.net/coub_storage/coub/simple/cw_timeline_pic/990d21a33da/70636085b1f68ba8339e4/%{version}_1525781386_image.jpg","versions":["big","med","small","ios_large"]},"dimensions":{"big":[1280,720],"med":[640,360]},"site_w_h":[640,360],"page_w_h":[640,360],"site_w_h_small":[310,174],"size":[1280,720],"age_restricted":false,"age_restricted_by_admin":false,"not_safe_for_work":false,"allow_reuse":false,"dont_crop":false,"banned":false,"global_safe":true,"audio_file_url":"https://coub-anubis-a.akamaized.net/coub_storage/audio_track/cw_normalized_copy/6489ce9c9ae/49337265f0dfc37146479/low_1525781353_1xhp3yg_normalized_1525781331_hau7y8_edited.mp3","external_download":false,"application":null,"channel":{"id":3710950,"permalink":"r4-pro00","title":"R4_Pro","description":null,"followers_count":84,"following_count":40,"avatar_versions":{"template":"https://coub-anubis-a.akamaized.net/coub_storage/channel/cw_avatar/7176d44aad1/9657d98817ae4ad8ce5e0/%{version}_1607951432_xvpkvl_1503580963_wSvrHVBKE6k.jpg","versions":["medium","medium_2x","profile_pic","profile_pic_new","profile_pic_new_2x","tiny","tiny_2x","small","small_2x","ios_large","ios_small"]}},"file":null,"picture":"https://coub-anubis-a.akamaized.net/coub_storage/coub/simple/cw_image/fec8c8b2304/edd9f361c4d795c5742d9/1525781386_00032.jpg","timeline_picture":"https://coub-anubis-a.akamaized.net/coub_storage/coub/simple/cw_timeline_pic/990d21a33da/70636085b1f68ba8339e4/ios_large_1525781386_image.jpg","small_picture":"https://coub-anubis-a.akamaized.net/coub_storage/coub/simple/cw_image/fec8c8b2304/edd9f361c4d795c5742d9/1525781386_00032.jpg","sharing_picture":null,"percent_done":100,"tags":[],"categories":[{"id":9,"title":"Nature & Travel","permalink":"nature-travel","subscriptions_count":10070807,"big_image_url":"https://coub-anubis-a.akamaized.net/coub_storage/category/cw_image/a4b57370b28/3c9d9a8cf4246d5a30610/big_1545567929_Nature.png","small_image_url":"https://coub-anubis-a.akamaized.net/coub_storage/category/cw_image/a4b57370b28/3c9d9a8cf4246d5a30610/small_1545567929_Nature.png","med_image_url":"https://coub-anubis-a.akamaized.net/coub_storage/category/cw_image/a4b57370b28/3c9d9a8cf4246d5a30610/med_1545567929_Nature.png","visible":true}],"communities":[{"id":9,"title":"Nature & Travel","permalink":"nature-travel","subscriptions_count":10070807,"big_image_url":"https://coub-anubis-a.akamaized.net/coub_storage/category/cw_image/a4b57370b28/3c9d9a8cf4246d5a30610/big_1545567929_Nature.png","small_image_url":"https://coub-anubis-a.akamaized.net/coub_storage/category/cw_image/a4b57370b28/3c9d9a8cf4246d5a30610/small_1545567929_Nature.png","med_image_url":"https://coub-anubis-a.akamaized.net/coub_storage/category/cw_image/a4b57370b28/3c9d9a8cf4246d5a30610/med_1545567929_Nature.png","i_subscribed":true,"community_notifications_enabled":null,"description":null}],"recoubs_count":412,"remixes_count":2,"likes_count":1689,"dislikes_count":0,"raw_video_id":"","uploaded_by_ios_app":false,"uploaded_by_android_app":false,"media_blocks":{"uploaded_raw_videos":[],"external_raw_videos":[],"remixed_from_coubs":[{"id":26124850,"title":"ты же в эти небеса","url":"https://coub.com/coubs/1752gc/remix","image":"https://coub-anubis-a.akamaized.net/coub_storage/media_block/cw_image/61b93e785a2/c1f99a836d9a64bc76bdd/1525002937_1525002925_00032.jpg","image_retina":"https://coub-anubis-a.akamaized.net/coub_storage/media_block/cw_image/61b93e785a2/c1f99a836d9a64bc76bdd/1525002937_1525002925_00032.jpg","meta":{"duration":"10.0"},"duration":null,"coub_channel_title":"Котики и АНАЛитика","coub_channel_permalink":"kotiki-i-analitika","coub_views_count":1961,"coub_permalink":"1752gc"}]},"raw_video_thumbnail_url":"","raw_video_title":"","video_block_banned":false,"duration":10.0,"promo_winner":false,"promo_winner_recoubers":null,"editorial_info":{},"promo_hint":null,"beeline_best_2014":null,"from_web_editor":true,"normalize_sound":true,"normalize_change_allowed":true,"best2015_addable":false,"ahmad_promo":null,"promo_data":null,"audio_copyright_claim":null,"ads_disabled":false,"is_safe_for_ads":true,"megafon_contents":[],"position_on_page":8},{"flag":null,"abuses":null,"recoubs_by_users_channels":null,"favourite":false,"promoted_id":null,"recoub":null,"like":null,"dislike":null,"reaction":null,"in_my_best2015":false,"id":132660016,"type":"Coub::Simple","permalink":"26m8lf","title":"Water Road","visibility_type":"public","original_visibility_type":"public","channel_id":4250834,"created_at":"2019-12-25T00:58:11Z","updated_at":"2022-01-30T18:44:00Z","is_done":true,"views_count":160562,"cotd":null,"cotd_at":null,"visible_on_explore_root":false,"visible_on_explore":false,"featured":false,"published":true,"published_at":"2019-12-25T00:58:11Z","reversed":false,"from_editor_v2":true,"is_editable":true,"original_sound":false,"has_sound":false,"recoub_to":null,"file_versions":{"html5":{"video":{"higher":{"url":"https://coub-anubis-a.akamaized.net/coub_storage/coub/simple/cw_file/ba7c5b3e306/f3c00fdf6f2a11fdb1566/muted_mp4_huge_size_1577235497_muted_huge.mp4","size":2560118},"high":{"url":"https://coub-anubis-a.akamaized.net/coub_storage/coub/simple/cw_file/ba7c5b3e306/f3c00fdf6f2a11fdb1566/muted_mp4_big_size_1577235497_muted_big.mp4","size":1828304},"med":{"url":"https://coub-anubis-a.akamaized.net/coub_storage/coub/simple/cw_file/ba7c5b3e306/f3c00fdf6f2a11fdb1566/muted_mp4_med_size_1577235497_muted_med.mp4","size":650833}},"audio":{"high":{"url":"https://coub-anubis-a.akamaized.net/coub_storage/coub/simple/cw_looped_audio_high/78c8f53b67e/986a399fd59cd7bdb6460/1605701792_high_1577235527_high.mp3","size":2769714},"med":{"url":"https://coub-anubis-a.akamaized.net/coub_storage/coub/simple/cw_looped_audio_med/c066c0cbf51/70556d88da126a2639940/1605701791_med_1577235527_med.mp3","size":1915698}}},"mobile":{"video":"https://coub-anubis-a.akamaized.net/coub_storage/coub/simple/cw_file/ba7c5b3e306/f3c00fdf6f2a11fdb1566/muted_mp4_med_size_1577235497_muted_med.mp4","audio":["https://coub-anubis-a.akamaized.net/coub_storage/coub/simple/cw_looped_audio_med/c066c0cbf51/70556d88da126a2639940/1605701791_med_1577235527_med.mp3"]},"share":{"default":"https://coub-anubis-a.akamaized.net/coub_storage/coub/simple/cw_video_for_sharing/72a74f24671/89c5d9993768af31793a9/1609070263_looped_1609070263.mp4"}},"audio_versions":{"template":"https://coub-anubis-a.akamaized.net/coub_storage/audio_track/cw_normalized_copy/350d22fc0b2/f7903e90f56ee6532604e/mid_1577235516_normalized_1577235500_1s5uwqz_edited.mp3","versions":["mid","low"]},"image_versions":{"template":"https://coub-anubis-a.akamaized.net/coub_storage/coub/simple/cw_image/8a93933853e/6b01cefcb48c2f2369346/1577235538_00032.jpg","versions":["micro","tiny","age_restricted","ios_large","ios_mosaic","big","med","small","pinterest"]},"first_frame_versions":{"template":"https://coub-anubis-a.akamaized.net/coub_storage/coub/simple/cw_timeline_pic/af399b3fae5/13cb6b7324b4b98bbcc5a/%{version}_1577235538_image.jpg","versions":["big","med","small","ios_large"]},"dimensions":{"big":[538,960],"med":[268,480]},"site_w_h":[224,400],"page_w_h":[400,714],"site_w_h_small":[310,553],"size":[538,960],"age_restricted":false,"age_restricted_by_admin":false,"not_safe_for_work":false,"allow_reuse":false,"dont_crop":false,"banned":false,"global_safe":true,"audio_file_url":"https://coub-anubis-a.akamaized.net/coub_storage/audio_track/cw_normalized_copy/350d22fc0b2/f7903e90f56ee6532604e/low_1577235516_normalized_1577235500_1s5uwqz_edited.mp3","external_download":{"type":"Imgur","service_name":"Imgur","url":"https://i.imgur.com/8aOkYDZ.mp4","has_embed":false},"application":null,"channel":{"id":4250834,"permalink":"lazy-a-s-n","title":"$𝖆𝖒𝖘⊕𝖓","description":"FunFunFun","followers_count":1521,"following_count":30,"avatar_versions":{"template":"https://coub-anubis-a.akamaized.net/coub_storage/channel/cw_avatar/d6ea92daaa0/d3592f7f7bea4da14eb59/%{version}_1607423495_uzt1dw_1592424721_vlcsnap-2019-12-23-01h54m12s658.png","versions":["medium","medium_2x","profile_pic","profile_pic_new","profile_pic_new_2x","tiny","tiny_2x","small","small_2x","ios_large","ios_small"]}},"file":null,"picture":"https://coub-anubis-a.akamaized.net/coub_storage/coub/simple/cw_image/8a93933853e/6b01cefcb48c2f2369346/1577235538_00032.jpg","timeline_picture":"https://coub-anubis-a.akamaized.net/coub_storage/coub/simple/cw_timeline_pic/af399b3fae5/13cb6b7324b4b98bbcc5a/ios_large_1577235538_image.jpg","small_picture":"https://coub-anubis-a.akamaized.net/coub_storage/coub/simple/cw_image/8a93933853e/6b01cefcb48c2f2369346/1577235538_00032.jpg","sharing_picture":null,"percent_done":100,"tags":[{"id":1071,"title":"cool","value":"cool"},{"id":1561,"title":"ocean","value":"ocean"},{"id":173,"title":"epic","value":"epic"},{"id":48226,"title":"boats","value":"boats"},{"id":135,"title":"water","value":"water"},{"id":1094,"title":"nature","value":"nature"},{"id":2940,"title":"travel","value":"travel"}],"categories":[{"id":9,"title":"Nature & Travel","permalink":"nature-travel","subscriptions_count":10070807,"big_image_url":"https://coub-anubis-a.akamaized.net/coub_storage/category/cw_image/a4b57370b28/3c9d9a8cf4246d5a30610/big_1545567929_Nature.png","small_image_url":"https://coub-anubis-a.akamaized.net/coub_storage/category/cw_image/a4b57370b28/3c9d9a8cf4246d5a30610/small_1545567929_Nature.png","med_image_url":"https://coub-anubis-a.akamaized.net/coub_storage/category/cw_image/a4b57370b28/3c9d9a8cf4246d5a30610/med_1545567929_Nature.png","visible":true}],"communities":[{"id":9,"title":"Nature & Travel","permalink":"nature-travel","subscriptions_count":10070807,"big_image_url":"https://coub-anubis-a.akamaized.net/coub_storage/category/cw_image/a4b57370b28/3c9d9a8cf4246d5a30610/big_1545567929_Nature.png","small_image_url":"https://coub-anubis-a.akamaized.net/coub_storage/category/cw_image/a4b57370b28/3c9d9a8cf4246d5a30610/small_1545567929_Nature.png","med_image_url":"https://coub-anubis-a.akamaized.net/coub_storage/category/cw_image/a4b57370b28/3c9d9a8cf4246d5a30610/med_1545567929_Nature.png","i_subscribed":true,"community_notifications_enabled":null,"description":null}],"recoubs_count":325,"remixes_count":0,"likes_count":1688,"dislikes_count":0,"raw_video_id":14623999,"uploaded_by_ios_app":false,"uploaded_by_android_app":false,"media_blocks":{"uploaded_raw_videos":[],"external_raw_videos":[{"id":34282773,"title":"Imgur","url":"https://imgur.com/8aOkYDZ","image":"https://coub-anubis-a.akamaized.net/coub_storage/media_block/cw_image/19c384514ad/13cf4658b8e187247858e/1577235075_dy2sy3_1577235068_182wxtd_att-url-download.jpg_fbplay","image_retina":"https://coub-anubis-a.akamaized.net/coub_storage/media_block/cw_image/19c384514ad/13cf4658b8e187247858e/1577235075_dy2sy3_1577235068_182wxtd_att-url-download.jpg_fbplay","meta":{"service":"Imgur","duration":"15.04"},"duration":15.04,"raw_video_id":14623999,"has_embed":false}],"remixed_from_coubs":[],"external_video":{"id":34282773,"title":"Imgur","url":"https://imgur.com/8aOkYDZ","image":"https://coub-anubis-a.akamaized.net/coub_storage/media_block/cw_image/19c384514ad/13cf4658b8e187247858e/1577235075_dy2sy3_1577235068_182wxtd_att-url-download.jpg_fbplay","image_retina":"https://coub-anubis-a.akamaized.net/coub_storage/media_block/cw_image/19c384514ad/13cf4658b8e187247858e/1577235075_dy2sy3_1577235068_182wxtd_att-url-download.jpg_fbplay","meta":{"service":"Imgur","duration":"15.04"},"duration":15.04,"raw_video_id":14623999,"has_embed":false}},"raw_video_thumbnail_url":"/missing/missing.png","raw_video_title":"Imgur","video_block_banned":false,"duration":10.0,"promo_winner":false,"promo_winner_recoubers":null,"editorial_info":{},"promo_hint":null,"beeline_best_2014":null,"from_web_editor":true,"normalize_sound":true,"normalize_change_allowed":true,"best2015_addable":false,"ahmad_promo":null,"promo_data":null,"audio_copyright_claim":null,"ads_disabled":false,"is_safe_for_ads":true,"megafon_contents":[],"position_on_page":9},{"flag":null,"abuses":null,"recoubs_by_users_channels":null,"favourite":false,"promoted_id":null,"recoub":null,"like":null,"dislike":null,"reaction":null,"in_my_best2015":false,"id":137501217,"type":"Coub::Simple","permalink":"29in9u","title":"Get Back Doorf*cker!","visibility_type":"public","original_visibility_type":"public","channel_id":2421210,"created_at":"2020-02-20T00:19:17Z","updated_at":"2022-03-05T19:53:02Z","is_done":true,"views_count":126972,"cotd":null,"cotd_at":null,"visible_on_explore_root":false,"visible_on_explore":false,"featured":false,"published":true,"published_at":"2020-02-20T00:19:17Z","reversed":false,"from_editor_v2":true,"is_editable":true,"original_sound":false,"has_sound":false,"recoub_to":null,"file_versions":{"html5":{"video":{"higher":{"url":"https://coub-anubis-a.akamaized.net/coub_storage/coub/simple/cw_file/b1977fd7917/4bb9a2cccfc1c6d6246ab/muted_mp4_huge_size_1582157962_muted_huge.mp4","size":3663564},"high":{"url":"https://coub-anubis-a.akamaized.net/coub_storage/coub/simple/cw_file/b1977fd7917/4bb9a2cccfc1c6d6246ab/muted_mp4_big_size_1582157962_muted_big.mp4","size":2561442},"med":{"url":"https://coub-anubis-a.akamaized.net/coub_storage/coub/simple/cw_file/b1977fd7917/4bb9a2cccfc1c6d6246ab/muted_mp4_med_size_1582157962_muted_med.mp4","size":926743}},"audio":{"high":{"url":"https://coub-anubis-a.akamaized.net/coub_storage/coub/simple/cw_looped_audio_high/cebdd6a689a/d7305b4986c1ed4851691/1605708171_high_1582157970_high.mp3","size":1273862},"med":{"url":"https://coub-anubis-a.akamaized.net/coub_storage/coub/simple/cw_looped_audio_med/f1b75aa42d6/709d773e58578a4701cf5/1605708171_med_1582157970_med.mp3","size":956285}}},"mobile":{"video":"https://coub-anubis-a.akamaized.net/coub_storage/coub/simple/cw_file/b1977fd7917/4bb9a2cccfc1c6d6246ab/muted_mp4_med_size_1582157962_muted_med.mp4","audio":["https://coub-anubis-a.akamaized.net/coub_storage/coub/simple/cw_looped_audio_med/f1b75aa42d6/709d773e58578a4701cf5/1605708171_med_1582157970_med.mp3"]},"share":{"default":"https://coub-anubis-a.akamaized.net/coub_storage/coub/simple/cw_video_for_sharing/6a352c858dc/0000274f6d143af5a4d25/1608612463_looped_1608612462.mp4"}},"audio_versions":{"template":"https://coub-anubis-a.akamaized.net/coub_storage/audio_track/cw_normalized_copy/42dbb79c9c8/567547cc81c0f6041a76c/mid_1582157967_normalized_1582157964_1l7kaza_edited.mp3","versions":["mid","low"]},"image_versions":{"template":"https://coub-anubis-a.akamaized.net/coub_storage/coub/simple/cw_image/21f2f6a58a5/3edefc779fc22e3d2a943/1582157979_00032.jpg","versions":["micro","tiny","age_restricted","ios_large","ios_mosaic","big","med","small","pinterest"]},"first_frame_versions":{"template":"https://coub-anubis-a.akamaized.net/coub_storage/coub/simple/cw_timeline_pic/8c03daad38f/f5bb16d5faf5fd6469935/%{version}_1582157978_image.jpg","versions":["big","med","small","ios_large"]},"dimensions":{"big":[1190,960],"med":[594,480]},"site_w_h":[640,516],"page_w_h":[640,516],"site_w_h_small":[310,250],"size":[1190,960],"age_restricted":false,"age_restricted_by_admin":false,"not_safe_for_work":false,"allow_reuse":false,"dont_crop":false,"banned":false,"global_safe":true,"audio_file_url":"https://coub-anubis-a.akamaized.net/coub_storage/audio_track/cw_normalized_copy/42dbb79c9c8/567547cc81c0f6041a76c/low_1582157967_normalized_1582157964_1l7kaza_edited.mp3","external_download":false,"application":null,"channel":{"id":2421210,"permalink":"resario1914","title":"𝕽𝖊𝖘𝖆𝖗𝖎𝖔","description":null,"followers_count":55,"following_count":33,"avatar_versions":{"template":"https://coub-anubis-a.akamaized.net/coub_storage/channel/cw_avatar/ab4c2828681/d0442597db1dd4b978147/%{version}_1613433916_______.jpg","versions":["medium","medium_2x","profile_pic","profile_pic_new","profile_pic_new_2x","tiny","tiny_2x","small","small_2x","ios_large","ios_small"]}},"file":null,"picture":"https://coub-anubis-a.akamaized.net/coub_storage/coub/simple/cw_image/21f2f6a58a5/3edefc779fc22e3d2a943/1582157979_00032.jpg","timeline_picture":"https://coub-anubis-a.akamaized.net/coub_storage/coub/simple/cw_timeline_pic/8c03daad38f/f5bb16d5faf5fd6469935/ios_large_1582157978_image.jpg","small_picture":"https://coub-anubis-a.akamaized.net/coub_storage/coub/simple/cw_image/21f2f6a58a5/3edefc779fc22e3d2a943/1582157979_00032.jpg","sharing_picture":null,"percent_done":100,"tags":[{"id":667130,"title":"window breaking","value":"window%20breaking"},{"id":653549,"title":"glass breaking","value":"glass%20breaking"},{"id":3500691,"title":"door break","value":"door%20break"},{"id":443,"title":"fail","value":"fail"},{"id":174,"title":"funny","value":"funny"},{"id":391104,"title":"grand entrance","value":"grand%20entrance"},{"id":173,"title":"epic","value":"epic"},{"id":169,"title":"fun","value":"fun"},{"id":1126,"title":"amazing","value":"amazing"},{"id":105836,"title":"regret","value":"regret"},{"id":2588,"title":"sad","value":"sad"},{"id":443841,"title":"glass door","value":"glass%20door"},{"id":15511,"title":"force","value":"force"},{"id":1196,"title":"push","value":"push"},{"id":6420,"title":"ludacris","value":"ludacris"},{"id":930454,"title":"ludacris - get back","value":"ludacris%20-%20get%20back"},{"id":6003,"title":"tropic thunder","value":"tropic%20thunder"},{"id":170,"title":"lol","value":"lol"},{"id":1662,"title":"rofl","value":"rofl"},{"id":882,"title":"прикол","value":"%D0%BF%D1%80%D0%B8%D0%BA%D0%BE%D0%BB"},{"id":55632,"title":"эпично","value":"%D1%8D%D0%BF%D0%B8%D1%87%D0%BD%D0%BE"},{"id":30614,"title":"стекло","value":"%D1%81%D1%82%D0%B5%D0%BA%D0%BB%D0%BE"},{"id":2751,"title":"дверь","value":"%D0%B4%D0%B2%D0%B5%D1%80%D1%8C"},{"id":422214,"title":"дверь мне запили","value":"%D0%B4%D0%B2%D0%B5%D1%80%D1%8C%20%D0%BC%D0%BD%D0%B5%20%D0%B7%D0%B0%D0%BF%D0%B8%D0%BB%D0%B8"},{"id":74812,"title":"get back","value":"get%20back"},{"id":1487747,"title":"get back motherfucker","value":"get%20back%20motherfucker"}],"categories":[{"id":9,"title":"Nature & Travel","permalink":"nature-travel","subscriptions_count":10070807,"big_image_url":"https://coub-anubis-a.akamaized.net/coub_storage/category/cw_image/a4b57370b28/3c9d9a8cf4246d5a30610/big_1545567929_Nature.png","small_image_url":"https://coub-anubis-a.akamaized.net/coub_storage/category/cw_image/a4b57370b28/3c9d9a8cf4246d5a30610/small_1545567929_Nature.png","med_image_url":"https://coub-anubis-a.akamaized.net/coub_storage/category/cw_image/a4b57370b28/3c9d9a8cf4246d5a30610/med_1545567929_Nature.png","visible":true}],"communities":[{"id":9,"title":"Nature & Travel","permalink":"nature-travel","subscriptions_count":10070807,"big_image_url":"https://coub-anubis-a.akamaized.net/coub_storage/category/cw_image/a4b57370b28/3c9d9a8cf4246d5a30610/big_1545567929_Nature.png","small_image_url":"https://coub-anubis-a.akamaized.net/coub_storage/category/cw_image/a4b57370b28/3c9d9a8cf4246d5a30610/small_1545567929_Nature.png","med_image_url":"https://coub-anubis-a.akamaized.net/coub_storage/category/cw_image/a4b57370b28/3c9d9a8cf4246d5a30610/med_1545567929_Nature.png","i_subscribed":true,"community_notifications_enabled":null,"description":null}],"recoubs_count":340,"remixes_count":3,"likes_count":1687,"dislikes_count":0,"raw_video_id":"","uploaded_by_ios_app":false,"uploaded_by_android_app":false,"media_blocks":{"uploaded_raw_videos":[],"external_raw_videos":[],"remixed_from_coubs":[{"id":34812930,"title":"grand entrance","url":"https://coub.com/coubs/29cly8/remix","image":"https://coub-anubis-a.akamaized.net/coub_storage/media_block/cw_image/5a716c2618c/dcfa8486055474b80b7c6/1581860934_1kvc9g5_1581860917_00032.jpg","image_retina":"https://coub-anubis-a.akamaized.net/coub_storage/media_block/cw_image/5a716c2618c/dcfa8486055474b80b7c6/1581860934_1kvc9g5_1581860917_00032.jpg","meta":{"duration":"10.0"},"duration":null,"coub_channel_title":"Rimrei","coub_channel_permalink":"rimrei00","coub_views_count":319195,"coub_permalink":"29cly8"}]},"raw_video_thumbnail_url":"","raw_video_title":"","video_block_banned":false,"duration":10.0,"promo_winner":false,"promo_winner_recoubers":null,"editorial_info":{},"promo_hint":null,"beeline_best_2014":null,"from_web_editor":true,"normalize_sound":true,"normalize_change_allowed":true,"best2015_addable":false,"ahmad_promo":null,"promo_data":null,"audio_copyright_claim":null,"ads_disabled":false,"is_safe_for_ads":true,"megafon_contents":[],"position_on_page":10}]}