{"page":124,"per_page":10,"total_pages":500,"coubs":[{"flag":null,"abuses":null,"recoubs_by_users_channels":null,"favourite":false,"promoted_id":null,"recoub":null,"like":null,"dislike":null,"reaction":null,"in_my_best2015":false,"id":95556863,"type":"Coub::Simple","permalink":"1khhdp","title":"Современная рыбалка.","visibility_type":"public","original_visibility_type":"public","channel_id":2148754,"created_at":"2018-12-24T18:37:36Z","updated_at":"2022-03-07T19:56:41Z","is_done":true,"views_count":158450,"cotd":null,"cotd_at":null,"visible_on_explore_root":false,"visible_on_explore":false,"featured":false,"published":true,"published_at":"2018-12-24T18:37:36Z","reversed":false,"from_editor_v2":true,"is_editable":true,"original_sound":true,"has_sound":true,"recoub_to":null,"file_versions":{"html5":{"video":{"higher":{"url":"https://coub-anubis-a.akamaized.net/coub_storage/coub/simple/cw_file/7853986dbd6/22eeb4cc2a10fa372001c/muted_mp4_huge_size_1574499903_muted_huge.mp4","size":3923199},"high":{"url":"https://coub-anubis-a.akamaized.net/coub_storage/coub/simple/cw_file/7853986dbd6/22eeb4cc2a10fa372001c/muted_mp4_big_size_1574499903_muted_big.mp4","size":2661295},"med":{"url":"https://coub-anubis-a.akamaized.net/coub_storage/coub/simple/cw_file/7853986dbd6/22eeb4cc2a10fa372001c/muted_mp4_med_size_1574499903_muted_med.mp4","size":912544}},"audio":{"high":{"url":"https://coub-anubis-a.akamaized.net/coub_storage/coub/simple/cw_looped_audio_high/15e5404d9a1/77527b0b2c6aaaeb8d0db/1605663056_high_1545676670_high.mp3","size":822492},"med":{"url":"https://coub-anubis-a.akamaized.net/coub_storage/coub/simple/cw_looped_audio_med/3ee12642be0/b90f8b55ee7ea374606e6/1605663056_med_1545676670_med.mp3","size":784880},"sample_duration":10.009}},"mobile":{"video":"https://coub-anubis-a.akamaized.net/coub_storage/coub/simple/cw_file/7853986dbd6/22eeb4cc2a10fa372001c/muted_mp4_med_size_1574499903_muted_med.mp4","audio":["https://coub-anubis-a.akamaized.net/coub_storage/coub/simple/cw_looped_audio_med/3ee12642be0/b90f8b55ee7ea374606e6/1605663056_med_1545676670_med.mp3"]},"share":{"default":"https://coub-anubis-a.akamaized.net/coub_storage/coub/simple/cw_video_for_sharing/7998cff9d38/a4a486b707c1828b8a6c1/1608155904_looped_1608155903.mp4"}},"audio_versions":{},"image_versions":{"template":"https://coub-anubis-a.akamaized.net/coub_storage/coub/simple/cw_image/25619050cf2/bb0fabadef1f49d921128/1545676686_00032.jpg","versions":["micro","tiny","age_restricted","ios_large","ios_mosaic","big","med","small","pinterest"]},"first_frame_versions":{"template":"https://coub-anubis-a.akamaized.net/coub_storage/coub/simple/cw_timeline_pic/dd0e1d8b10c/775ae5fe582d5e413a191/%{version}_1545676685_image.jpg","versions":["big","med","small","ios_large"]},"dimensions":{"big":[1280,724],"med":[640,362]},"site_w_h":[640,362],"page_w_h":[640,362],"site_w_h_small":[310,175],"size":[1280,724],"age_restricted":false,"age_restricted_by_admin":false,"not_safe_for_work":false,"allow_reuse":false,"dont_crop":false,"banned":false,"global_safe":false,"audio_file_url":null,"external_download":false,"application":null,"channel":{"id":2148754,"permalink":"artemiy4","title":"Artemiy","description":null,"followers_count":1621,"following_count":3,"avatar_versions":{"template":"https://coub-anubis-a.akamaized.net/coub_storage/channel/cw_avatar/f4f0922b3c1/72cb6b0ae031b0e5b01c4/%{version}_1607421206_1fr4e4p_1489248665_podborl7__5_.jpg","versions":["medium","medium_2x","profile_pic","profile_pic_new","profile_pic_new_2x","tiny","tiny_2x","small","small_2x","ios_large","ios_small"]}},"file":null,"picture":"https://coub-anubis-a.akamaized.net/coub_storage/coub/simple/cw_image/25619050cf2/bb0fabadef1f49d921128/1545676686_00032.jpg","timeline_picture":"https://coub-anubis-a.akamaized.net/coub_storage/coub/simple/cw_timeline_pic/dd0e1d8b10c/775ae5fe582d5e413a191/ios_large_1545676685_image.jpg","small_picture":"https://coub-anubis-a.akamaized.net/coub_storage/coub/simple/cw_image/25619050cf2/bb0fabadef1f49d921128/1545676686_00032.jpg","sharing_picture":null,"percent_done":100,"tags":[],"categories":[{"id":9,"title":"Nature & Travel","permalink":"nature-travel","subscriptions_count":10070807,"big_image_url":"https://coub-anubis-a.akamaized.net/coub_storage/category/cw_image/a4b57370b28/3c9d9a8cf4246d5a30610/big_1545567929_Nature.png","small_image_url":"https://coub-anubis-a.akamaized.net/coub_storage/category/cw_image/a4b57370b28/3c9d9a8cf4246d5a30610/small_1545567929_Nature.png","med_image_url":"https://coub-anubis-a.akamaized.net/coub_storage/category/cw_image/a4b57370b28/3c9d9a8cf4246d5a30610/med_1545567929_Nature.png","visible":true}],"communities":[{"id":9,"title":"Nature & Travel","permalink":"nature-travel","subscriptions_count":10070807,"big_image_url":"https://coub-anubis-a.akamaized.net/coub_storage/category/cw_image/a4b57370b28/3c9d9a8cf4246d5a30610/big_1545567929_Nature.png","small_image_url":"https://coub-anubis-a.akamaized.net/coub_storage/category/cw_image/a4b57370b28/3c9d9a8cf4246d5a30610/small_1545567929_Nature.png","med_image_url":"https://coub-anubis-a.akamaized.net/coub_storage/category/cw_image/a4b57370b28/3c9d9a8cf4246d5a30610/med_1545567929_Nature.png","i_subscribed":true,"community_notifications_enabled":null,"description":null}],"recoubs_count":475,"remixes_count":0,"likes_count":2538,"dislikes_count":0,"raw_video_id":12920433,"uploaded_by_ios_app":false,"uploaded_by_android_app":false,"media_blocks":{"uploaded_raw_videos":[],"external_raw_videos":[],"remixed_from_coubs":[]},"raw_video_thumbnail_url":"/missing/missing.png","raw_video_title":"_yapfiles.ru.mp4","video_block_banned":false,"duration":10.0,"promo_winner":false,"promo_winner_recoubers":null,"editorial_info":{},"promo_hint":null,"beeline_best_2014":null,"from_web_editor":true,"normalize_sound":true,"normalize_change_allowed":true,"best2015_addable":false,"ahmad_promo":null,"promo_data":null,"audio_copyright_claim":null,"ads_disabled":false,"is_safe_for_ads":true,"megafon_contents":[],"position_on_page":1},{"flag":null,"abuses":null,"recoubs_by_users_channels":null,"favourite":false,"promoted_id":null,"recoub":null,"like":null,"dislike":null,"reaction":null,"in_my_best2015":false,"id":136298247,"type":"Coub::Simple","permalink":"28snbx","title":"Just nothing","visibility_type":"public","original_visibility_type":"public","channel_id":754065,"created_at":"2020-02-05T17:54:25Z","updated_at":"2022-02-16T18:07:07Z","is_done":true,"views_count":193285,"cotd":null,"cotd_at":null,"visible_on_explore_root":true,"visible_on_explore":true,"featured":true,"published":true,"published_at":"2020-02-05T17:54:25Z","reversed":false,"from_editor_v2":true,"is_editable":true,"original_sound":false,"has_sound":false,"recoub_to":null,"file_versions":{"html5":{"video":{"higher":{"url":"https://coub-anubis-a.akamaized.net/coub_storage/coub/simple/cw_file/a9af3ea0a9a/4ade21b2a888cc3f3cc37/muted_mp4_huge_size_1580925267_muted_huge.mp4","size":3194626},"high":{"url":"https://coub-anubis-a.akamaized.net/coub_storage/coub/simple/cw_file/a9af3ea0a9a/4ade21b2a888cc3f3cc37/muted_mp4_big_size_1580925267_muted_big.mp4","size":2314469},"med":{"url":"https://coub-anubis-a.akamaized.net/coub_storage/coub/simple/cw_file/a9af3ea0a9a/4ade21b2a888cc3f3cc37/muted_mp4_med_size_1580925267_muted_med.mp4","size":864292}},"audio":{"high":{"url":"https://coub-anubis-a.akamaized.net/coub_storage/coub/simple/cw_looped_audio_high/cfa5141dc79/1ef830ac7926f61313d25/1605706515_high_1580925317_high.mp3","size":4335636},"med":{"url":"https://coub-anubis-a.akamaized.net/coub_storage/coub/simple/cw_looped_audio_med/72b57f6601a/0105bbbfc5f4ae4fd1174/1605706515_med_1580925317_med.mp3","size":3185046}}},"mobile":{"video":"https://coub-anubis-a.akamaized.net/coub_storage/coub/simple/cw_file/a9af3ea0a9a/4ade21b2a888cc3f3cc37/muted_mp4_med_size_1580925267_muted_med.mp4","audio":["https://coub-anubis-a.akamaized.net/coub_storage/coub/simple/cw_looped_audio_med/72b57f6601a/0105bbbfc5f4ae4fd1174/1605706515_med_1580925317_med.mp3"]},"share":{"default":"https://coub-anubis-a.akamaized.net/coub_storage/coub/simple/cw_video_for_sharing/312a364ec6f/71f8ccda9e5d78ce995b5/1610650915_looped_1610650914.mp4"}},"audio_versions":{"template":"https://coub-anubis-a.akamaized.net/coub_storage/audio_track/cw_normalized_copy/e34a75e8f95/4e2cce0408efe89ba1203/mid_1580925300_normalized_1580925273_1ftmy81_edited.mp3","versions":["mid","low"]},"image_versions":{"template":"https://coub-anubis-a.akamaized.net/coub_storage/coub/simple/cw_image/376c6588587/0c47621352a4f0dff4cd1/1580925333_00015.jpg","versions":["micro","tiny","age_restricted","ios_large","ios_mosaic","big","med","small","pinterest"]},"first_frame_versions":{"template":"https://coub-anubis-a.akamaized.net/coub_storage/coub/simple/cw_timeline_pic/0ab79b94273/b2de0070286ea13cdeabb/%{version}_1580925333_image.jpg","versions":["big","med","small","ios_large"]},"dimensions":{"big":[1280,956],"med":[640,478]},"site_w_h":[640,478],"page_w_h":[640,478],"site_w_h_small":[310,232],"size":[1280,956],"age_restricted":false,"age_restricted_by_admin":false,"not_safe_for_work":false,"allow_reuse":false,"dont_crop":true,"banned":false,"global_safe":true,"audio_file_url":"https://coub-anubis-a.akamaized.net/coub_storage/audio_track/cw_normalized_copy/e34a75e8f95/4e2cce0408efe89ba1203/low_1580925300_normalized_1580925273_1ftmy81_edited.mp3","external_download":{"type":"Twitter","service_name":"Twitter","url":"https://twitter.com/JoN_TM/status/1224906392118624257","has_embed":false},"application":null,"channel":{"id":754065,"permalink":"kovekate","title":"Kovekate Krolik","description":null,"followers_count":259,"following_count":74,"avatar_versions":{"template":"https://coub-anubis-a.akamaized.net/coub_storage/channel/cw_avatar/cc32d56f7af/67580830c15869c4162e4/%{version}_1474528629_w4lcg4_att-url-download.jpg","versions":["medium","medium_2x","profile_pic","profile_pic_new","profile_pic_new_2x","tiny","tiny_2x","small","small_2x","ios_large","ios_small"]}},"file":null,"picture":"https://coub-anubis-a.akamaized.net/coub_storage/coub/simple/cw_image/376c6588587/0c47621352a4f0dff4cd1/1580925333_00015.jpg","timeline_picture":"https://coub-anubis-a.akamaized.net/coub_storage/coub/simple/cw_timeline_pic/0ab79b94273/b2de0070286ea13cdeabb/ios_large_1580925333_image.jpg","small_picture":"https://coub-anubis-a.akamaized.net/coub_storage/coub/simple/cw_image/376c6588587/0c47621352a4f0dff4cd1/1580925333_00015.jpg","sharing_picture":null,"percent_done":100,"tags":[{"id":135,"title":"water","value":"water"}],"categories":[{"id":9,"title":"Nature & Travel","permalink":"nature-travel","subscriptions_count":10070807,"big_image_url":"https://coub-anubis-a.akamaized.net/coub_storage/category/cw_image/a4b57370b28/3c9d9a8cf4246d5a30610/big_1545567929_Nature.png","small_image_url":"https://coub-anubis-a.akamaized.net/coub_storage/category/cw_image/a4b57370b28/3c9d9a8cf4246d5a30610/small_1545567929_Nature.png","med_image_url":"https://coub-anubis-a.akamaized.net/coub_storage/category/cw_image/a4b57370b28/3c9d9a8cf4246d5a30610/med_1545567929_Nature.png","visible":true}],"communities":[{"id":9,"title":"Nature & Travel","permalink":"nature-travel","subscriptions_count":10070807,"big_image_url":"https://coub-anubis-a.akamaized.net/coub_storage/category/cw_image/a4b57370b28/3c9d9a8cf4246d5a30610/big_1545567929_Nature.png","small_image_url":"https://coub-anubis-a.akamaized.net/coub_storage/category/cw_image/a4b57370b28/3c9d9a8cf4246d5a30610/small_1545567929_Nature.png","med_image_url":"https://coub-anubis-a.akamaized.net/coub_storage/category/cw_image/a4b57370b28/3c9d9a8cf4246d5a30610/med_1545567929_Nature.png","i_subscribed":true,"community_notifications_enabled":null,"description":null}],"recoubs_count":508,"remixes_count":0,"likes_count":2537,"dislikes_count":0,"raw_video_id":14784930,"uploaded_by_ios_app":false,"uploaded_by_android_app":false,"media_blocks":{"uploaded_raw_videos":[],"external_raw_videos":[{"id":34701422,"title":"“Луна проказница https://t.co/D0B6J5gBel”","url":"https://twitter.com/JoN_TM/status/1224906392118624257","image":"https://coub-anubis-a.akamaized.net/coub_storage/media_block/cw_image/81a2a5e1b6f/5737d13c0b9a36cacd448/1580925108_119esqx_1580925102_l7nxp3_att-url-download.jpg_name_small","image_retina":"https://coub-anubis-a.akamaized.net/coub_storage/media_block/cw_image/81a2a5e1b6f/5737d13c0b9a36cacd448/1580925108_119esqx_1580925102_l7nxp3_att-url-download.jpg_name_small","meta":{"service":"Twitter","duration":"4.64"},"duration":4.64,"raw_video_id":14784930,"has_embed":false}],"remixed_from_coubs":[],"external_video":{"id":34701422,"title":"“Луна проказница https://t.co/D0B6J5gBel”","url":"https://twitter.com/JoN_TM/status/1224906392118624257","image":"https://coub-anubis-a.akamaized.net/coub_storage/media_block/cw_image/81a2a5e1b6f/5737d13c0b9a36cacd448/1580925108_119esqx_1580925102_l7nxp3_att-url-download.jpg_name_small","image_retina":"https://coub-anubis-a.akamaized.net/coub_storage/media_block/cw_image/81a2a5e1b6f/5737d13c0b9a36cacd448/1580925108_119esqx_1580925102_l7nxp3_att-url-download.jpg_name_small","meta":{"service":"Twitter","duration":"4.64"},"duration":4.64,"raw_video_id":14784930,"has_embed":false}},"raw_video_thumbnail_url":"/missing/missing.png","raw_video_title":"“Луна проказница https://t.co/D0B6J5gBel”","video_block_banned":false,"duration":4.64,"promo_winner":false,"promo_winner_recoubers":null,"editorial_info":{},"promo_hint":null,"beeline_best_2014":null,"from_web_editor":true,"normalize_sound":true,"normalize_change_allowed":true,"best2015_addable":false,"ahmad_promo":null,"promo_data":null,"audio_copyright_claim":null,"ads_disabled":false,"is_safe_for_ads":true,"megafon_contents":[],"position_on_page":2},{"flag":null,"abuses":null,"recoubs_by_users_channels":null,"favourite":false,"promoted_id":null,"recoub":null,"like":null,"dislike":null,"reaction":null,"in_my_best2015":false,"id":23779857,"type":"Coub::Simple","permalink":"dpjes","title":"Ride in dream","visibility_type":"public","original_visibility_type":"public","channel_id":1969671,"created_at":"2016-07-24T18:37:04Z","updated_at":"2022-03-07T03:12:33Z","is_done":true,"views_count":82445,"cotd":null,"cotd_at":null,"visible_on_explore_root":true,"visible_on_explore":true,"featured":true,"published":true,"published_at":"2016-07-24T18:37:04Z","reversed":false,"from_editor_v2":true,"is_editable":true,"original_sound":false,"has_sound":false,"recoub_to":null,"file_versions":{"html5":{"video":{"higher":{"url":"https://coub-anubis-a.akamaized.net/coub_storage/coub/simple/cw_file/2b71b20d41b/76dc91bc9013ac248cb91/muted_mp4_huge_size_1567907324_muted_huge.mp4","size":2763698},"high":{"url":"https://coub-anubis-a.akamaized.net/coub_storage/coub/simple/cw_file/2b71b20d41b/76dc91bc9013ac248cb91/muted_mp4_big_size_1567907324_muted_big.mp4","size":1937697},"med":{"url":"https://coub-anubis-a.akamaized.net/coub_storage/coub/simple/cw_file/2b71b20d41b/76dc91bc9013ac248cb91/muted_mp4_med_size_1567907324_muted_med.mp4","size":619674}},"audio":{"high":{"url":"https://coub-anubis-a.akamaized.net/coub_storage/coub/simple/cw_looped_audio_high/19086594b7b/2a028df8116b74f3ab299/1605507579_high_1470817161_high.mp3","size":5960143},"med":{"url":"https://coub-anubis-a.akamaized.net/coub_storage/coub/simple/cw_looped_audio_med/88b7f506a56/8bdd20a25a213a85a4053/1605507578_med_1470817161_med.mp3","size":5673375}}},"mobile":{"video":"https://coub-anubis-a.akamaized.net/coub_storage/coub/simple/cw_file/2b71b20d41b/76dc91bc9013ac248cb91/muted_mp4_med_size_1567907324_muted_med.mp4","audio":["https://coub-anubis-a.akamaized.net/coub_storage/coub/simple/cw_looped_audio_med/88b7f506a56/8bdd20a25a213a85a4053/1605507578_med_1470817161_med.mp3"]},"share":{"default":"https://coub-anubis-a.akamaized.net/coub_storage/coub/simple/cw_video_for_sharing/7594c937769/290d9e818571fa4dd4c58/1635216105_looped_1635216104.mp4"}},"audio_versions":{"template":"https://coub-anubis-a.akamaized.net/coub_storage/audio_track/cw_normalized_copy/62c35c1f011/43bfb2029ab74f9583a47/mid_1469385474_6fnlsc_normalized_1469385466_1h2hnu0_edited.mp3","versions":["mid","low"]},"image_versions":{"template":"https://coub-anubis-a.akamaized.net/coub_storage/coub/simple/cw_image/fafa262d8ad/d863744ccb2f18fea20ba/1470817142_00027.jpg","versions":["micro","tiny","age_restricted","ios_large","ios_mosaic","big","med","small","pinterest"]},"first_frame_versions":{"template":"https://coub-anubis-a.akamaized.net/coub_storage/coub/simple/cw_timeline_pic/fafa262d8ad/d863744ccb2f18fea20ba/%{version}_1470817150_image.jpg","versions":["big","med","small","ios_large"]},"dimensions":{"big":[1280,960],"med":[640,480]},"site_w_h":[640,480],"page_w_h":[640,480],"site_w_h_small":[310,233],"size":[1280,960],"age_restricted":false,"age_restricted_by_admin":false,"not_safe_for_work":false,"allow_reuse":false,"dont_crop":false,"banned":false,"global_safe":true,"audio_file_url":"https://coub-anubis-a.akamaized.net/coub_storage/audio_track/cw_normalized_copy/62c35c1f011/43bfb2029ab74f9583a47/low_1469385474_6fnlsc_normalized_1469385466_1h2hnu0_edited.mp3","external_download":{"type":"Youtube","service_name":"YouTube","url":"http://www.youtube.com/watch?v=BQDDOQ2_Hvk","has_embed":true},"application":null,"channel":{"id":1969671,"permalink":"midate.sarutobi","title":"Midate Sarutobi","description":"Ты не представляешь как долго ждал нашей встречи(:","followers_count":872,"following_count":9,"avatar_versions":{"template":"https://coub-anubis-a.akamaized.net/coub_storage/channel/cw_avatar/0acb028b5ea/5e0effb13fbc3c0d7b84f/%{version}_1645188950_DSC_4833.jpg","versions":["medium","medium_2x","profile_pic","profile_pic_new","profile_pic_new_2x","tiny","tiny_2x","small","small_2x","ios_large","ios_small"]}},"file":null,"picture":"https://coub-anubis-a.akamaized.net/coub_storage/coub/simple/cw_image/fafa262d8ad/d863744ccb2f18fea20ba/1470817142_00027.jpg","timeline_picture":"https://coub-anubis-a.akamaized.net/coub_storage/coub/simple/cw_timeline_pic/fafa262d8ad/d863744ccb2f18fea20ba/ios_large_1470817150_image.jpg","small_picture":"https://coub-anubis-a.akamaized.net/coub_storage/coub/simple/cw_image/fafa262d8ad/d863744ccb2f18fea20ba/1470817142_00027.jpg","sharing_picture":null,"percent_done":100,"tags":[{"id":339,"title":"bike","value":"bike"},{"id":1722006,"title":"xr650r","value":"xr650r"},{"id":406,"title":"honda","value":"honda"}],"categories":[{"id":9,"title":"Nature & Travel","permalink":"nature-travel","subscriptions_count":10070807,"big_image_url":"https://coub-anubis-a.akamaized.net/coub_storage/category/cw_image/a4b57370b28/3c9d9a8cf4246d5a30610/big_1545567929_Nature.png","small_image_url":"https://coub-anubis-a.akamaized.net/coub_storage/category/cw_image/a4b57370b28/3c9d9a8cf4246d5a30610/small_1545567929_Nature.png","med_image_url":"https://coub-anubis-a.akamaized.net/coub_storage/category/cw_image/a4b57370b28/3c9d9a8cf4246d5a30610/med_1545567929_Nature.png","visible":true}],"communities":[{"id":9,"title":"Nature & Travel","permalink":"nature-travel","subscriptions_count":10070807,"big_image_url":"https://coub-anubis-a.akamaized.net/coub_storage/category/cw_image/a4b57370b28/3c9d9a8cf4246d5a30610/big_1545567929_Nature.png","small_image_url":"https://coub-anubis-a.akamaized.net/coub_storage/category/cw_image/a4b57370b28/3c9d9a8cf4246d5a30610/small_1545567929_Nature.png","med_image_url":"https://coub-anubis-a.akamaized.net/coub_storage/category/cw_image/a4b57370b28/3c9d9a8cf4246d5a30610/med_1545567929_Nature.png","i_subscribed":true,"community_notifications_enabled":null,"description":null}],"recoubs_count":553,"remixes_count":3,"likes_count":2537,"dislikes_count":0,"raw_video_id":3117906,"uploaded_by_ios_app":false,"uploaded_by_android_app":false,"media_blocks":{"uploaded_raw_videos":[],"external_raw_videos":[{"id":19830012,"title":"Honda XR650R","url":"http://www.youtube.com/watch?v=BQDDOQ2_Hvk","image":"https://coub-anubis-a.akamaized.net/coub_storage/media_block/cw_image/4b9ae881259/1e449022b900d2db013a1/1492631838_1469384925_gdo71c_att-url-download.jpg","image_retina":"https://coub-anubis-a.akamaized.net/coub_storage/media_block/cw_image/4b9ae881259/1e449022b900d2db013a1/1492631838_1469384925_gdo71c_att-url-download.jpg","meta":{"service":"Youtube","duration":"167.84"},"duration":167.84,"raw_video_id":3117906,"has_embed":true}],"remixed_from_coubs":[],"external_video":{"id":19830012,"title":"Honda XR650R","url":"http://www.youtube.com/watch?v=BQDDOQ2_Hvk","image":"https://coub-anubis-a.akamaized.net/coub_storage/media_block/cw_image/4b9ae881259/1e449022b900d2db013a1/1492631838_1469384925_gdo71c_att-url-download.jpg","image_retina":"https://coub-anubis-a.akamaized.net/coub_storage/media_block/cw_image/4b9ae881259/1e449022b900d2db013a1/1492631838_1469384925_gdo71c_att-url-download.jpg","meta":{"service":"Youtube","duration":"167.84"},"duration":167.84,"raw_video_id":3117906,"has_embed":true}},"raw_video_thumbnail_url":"/missing/missing.png","raw_video_title":"Honda XR650R","video_block_banned":false,"duration":8.44,"promo_winner":false,"promo_winner_recoubers":null,"editorial_info":{},"promo_hint":null,"beeline_best_2014":null,"from_web_editor":true,"normalize_sound":true,"normalize_change_allowed":true,"best2015_addable":false,"ahmad_promo":null,"promo_data":null,"audio_copyright_claim":null,"ads_disabled":null,"is_safe_for_ads":true,"megafon_contents":[],"position_on_page":3},{"flag":null,"abuses":null,"recoubs_by_users_channels":null,"favourite":false,"promoted_id":null,"recoub":null,"like":null,"dislike":null,"reaction":null,"in_my_best2015":false,"id":164600167,"type":"Coub::Simple","permalink":"2pnh52","title":"ясижуясижу","visibility_type":"public","original_visibility_type":"public","channel_id":1594360,"created_at":"2021-03-01T20:59:31Z","updated_at":"2022-03-12T00:28:06Z","is_done":true,"views_count":187567,"cotd":null,"cotd_at":null,"visible_on_explore_root":false,"visible_on_explore":false,"featured":false,"published":true,"published_at":"2021-03-01T20:59:31Z","reversed":false,"from_editor_v2":true,"is_editable":true,"original_sound":false,"has_sound":false,"recoub_to":null,"file_versions":{"html5":{"video":{"higher":{"url":"https://coub-anubis-a.akamaized.net/coub_storage/coub/simple/cw_file/15198abd1ff/6d1baa5838316c9e5622c/muted_mp4_huge_size_1614632375_muted_huge.mp4","size":1438566},"high":{"url":"https://coub-anubis-a.akamaized.net/coub_storage/coub/simple/cw_file/15198abd1ff/6d1baa5838316c9e5622c/muted_mp4_big_size_1614632375_muted_big.mp4","size":864897},"med":{"url":"https://coub-anubis-a.akamaized.net/coub_storage/coub/simple/cw_file/15198abd1ff/6d1baa5838316c9e5622c/muted_mp4_med_size_1614632375_muted_med.mp4","size":302714}},"audio":{"high":{"url":"https://coub-anubis-a.akamaized.net/coub_storage/coub/simple/cw_looped_audio_high/f535700ad7d/581d13da0b389a9f0520b/1614632379_mp3-high.mp3","size":916197},"med":{"url":"https://coub-anubis-a.akamaized.net/coub_storage/coub/simple/cw_looped_audio_med/f96b1ed121f/77412768d4c22d2942c5e/1614632379_mp3-med.mp3","size":864732}}},"mobile":{"video":"https://coub-anubis-a.akamaized.net/coub_storage/coub/simple/cw_file/15198abd1ff/6d1baa5838316c9e5622c/muted_mp4_med_size_1614632375_muted_med.mp4","audio":["https://coub-anubis-a.akamaized.net/coub_storage/coub/simple/cw_looped_audio_med/f96b1ed121f/77412768d4c22d2942c5e/1614632379_mp3-med.mp3"]},"share":{"default":"https://coub-anubis-a.akamaized.net/coub_storage/coub/simple/cw_video_for_sharing/7a8dd43c78c/0dd5fd60e4ccf10565e7c/1614632410_looped_1614632409.mp4"}},"audio_versions":{"template":"https://coub-anubis-a.akamaized.net/coub_storage/audio_track/cw_file/a2f958462ea/406032019752486c48bbf/mid_1614632375_blmwuf_edited.mp3","versions":["mid","low"]},"image_versions":{"template":"https://coub-anubis-a.akamaized.net/coub_storage/coub/simple/cw_image/f7c98c4760e/b83cecb8bb0e97dc0d733/%{version}_1614632383_00032.jpg","versions":["micro","tiny","age_restricted","ios_large","ios_mosaic","big","med","small","pinterest"]},"first_frame_versions":{"template":"https://coub-anubis-a.akamaized.net/coub_storage/coub/simple/cw_timeline_pic/0222af17a3f/1909e633690d1016699d1/%{version}_1614632383_image.jpg","versions":["big","med","small","ios_large"]},"dimensions":{"big":[540,960],"med":[270,480]},"site_w_h":[225,400],"page_w_h":[400,711],"site_w_h_small":[310,551],"size":[540,960],"age_restricted":false,"age_restricted_by_admin":false,"not_safe_for_work":false,"allow_reuse":false,"dont_crop":true,"banned":false,"global_safe":null,"audio_file_url":"https://coub-anubis-a.akamaized.net/coub_storage/audio_track/cw_file/a2f958462ea/406032019752486c48bbf/low_1614632375_blmwuf_edited.mp3","external_download":{"type":"Vk","service_name":"Vk","url":"https://vk.com/video-57876954_456315533","has_embed":false},"application":null,"channel":{"id":1594360,"permalink":"eee23306","title":"eee","description":null,"followers_count":347,"following_count":12,"avatar_versions":{"template":"https://coub-anubis-a.akamaized.net/coub_storage/channel/cw_avatar/16bbcde3d67/2a0aeb1db0622c09eeeaa/%{version}_1607420194_15hi0mf_1474585067_115108356139901585915.jpg","versions":["medium","medium_2x","profile_pic","profile_pic_new","profile_pic_new_2x","tiny","tiny_2x","small","small_2x","ios_large","ios_small"]}},"file":null,"picture":"https://coub-anubis-a.akamaized.net/coub_storage/coub/simple/cw_image/f7c98c4760e/b83cecb8bb0e97dc0d733/med_1614632383_00032.jpg","timeline_picture":"https://coub-anubis-a.akamaized.net/coub_storage/coub/simple/cw_timeline_pic/0222af17a3f/1909e633690d1016699d1/ios_large_1614632383_image.jpg","small_picture":"https://coub-anubis-a.akamaized.net/coub_storage/coub/simple/cw_image/f7c98c4760e/b83cecb8bb0e97dc0d733/ios_mosaic_1614632383_00032.jpg","sharing_picture":null,"percent_done":100,"tags":[],"categories":[{"id":9,"title":"Nature & Travel","permalink":"nature-travel","subscriptions_count":10070807,"big_image_url":"https://coub-anubis-a.akamaized.net/coub_storage/category/cw_image/a4b57370b28/3c9d9a8cf4246d5a30610/big_1545567929_Nature.png","small_image_url":"https://coub-anubis-a.akamaized.net/coub_storage/category/cw_image/a4b57370b28/3c9d9a8cf4246d5a30610/small_1545567929_Nature.png","med_image_url":"https://coub-anubis-a.akamaized.net/coub_storage/category/cw_image/a4b57370b28/3c9d9a8cf4246d5a30610/med_1545567929_Nature.png","visible":true}],"communities":[{"id":9,"title":"Nature & Travel","permalink":"nature-travel","subscriptions_count":10070807,"big_image_url":"https://coub-anubis-a.akamaized.net/coub_storage/category/cw_image/a4b57370b28/3c9d9a8cf4246d5a30610/big_1545567929_Nature.png","small_image_url":"https://coub-anubis-a.akamaized.net/coub_storage/category/cw_image/a4b57370b28/3c9d9a8cf4246d5a30610/small_1545567929_Nature.png","med_image_url":"https://coub-anubis-a.akamaized.net/coub_storage/category/cw_image/a4b57370b28/3c9d9a8cf4246d5a30610/med_1545567929_Nature.png","i_subscribed":true,"community_notifications_enabled":null,"description":null}],"recoubs_count":447,"remixes_count":0,"likes_count":2533,"dislikes_count":0,"raw_video_id":16220472,"uploaded_by_ios_app":false,"uploaded_by_android_app":true,"media_blocks":{"uploaded_raw_videos":[],"external_raw_videos":[{"id":38311678,"title":"Vine video","url":"https://vk.com/video-57876954_456315533","image":"https://coub-anubis-a.akamaized.net/coub_storage/media_block/cw_image/71d72f0acfe/944f352d04dc7ff628ad1/video_1614632092_1ia3vxc_1614632084_m3cpei_att-url-download.jpg","image_retina":"https://coub-anubis-a.akamaized.net/coub_storage/media_block/cw_image/71d72f0acfe/944f352d04dc7ff628ad1/video_retina_1614632092_1ia3vxc_1614632084_m3cpei_att-url-download.jpg","meta":{"service":"Vk","duration":"13.034"},"duration":13.034,"raw_video_id":16220472,"has_embed":false}],"remixed_from_coubs":[],"external_video":{"id":38311678,"title":"Vine video","url":"https://vk.com/video-57876954_456315533","image":"https://coub-anubis-a.akamaized.net/coub_storage/media_block/cw_image/71d72f0acfe/944f352d04dc7ff628ad1/video_1614632092_1ia3vxc_1614632084_m3cpei_att-url-download.jpg","image_retina":"https://coub-anubis-a.akamaized.net/coub_storage/media_block/cw_image/71d72f0acfe/944f352d04dc7ff628ad1/video_retina_1614632092_1ia3vxc_1614632084_m3cpei_att-url-download.jpg","meta":{"service":"Vk","duration":"13.034"},"duration":13.034,"raw_video_id":16220472,"has_embed":false}},"raw_video_thumbnail_url":"https://coub-anubis-a.akamaized.net/coub_storage/raw_video/cw_image/d09bb93c90a/0b0ef09b227d6474f12ce/coub_media_1614632084_1614632084_m3cpei_att-url-download.jpg","raw_video_title":"Vine video","video_block_banned":false,"duration":10.0,"promo_winner":false,"promo_winner_recoubers":null,"editorial_info":{},"promo_hint":null,"beeline_best_2014":null,"from_web_editor":false,"normalize_sound":true,"normalize_change_allowed":true,"best2015_addable":false,"ahmad_promo":null,"promo_data":null,"audio_copyright_claim":null,"ads_disabled":false,"is_safe_for_ads":true,"megafon_contents":[],"position_on_page":4},{"flag":null,"abuses":null,"recoubs_by_users_channels":null,"favourite":false,"promoted_id":null,"recoub":null,"like":null,"dislike":null,"reaction":null,"in_my_best2015":false,"id":167496117,"type":"Coub::Simple","permalink":"2rdjoo","title":"convenient grandfather","visibility_type":"public","original_visibility_type":"public","channel_id":3283721,"created_at":"2021-04-23T20:07:35Z","updated_at":"2022-03-15T21:00:48Z","is_done":true,"views_count":136148,"cotd":null,"cotd_at":null,"visible_on_explore_root":false,"visible_on_explore":false,"featured":false,"published":true,"published_at":"2021-04-23T20:07:35Z","reversed":false,"from_editor_v2":true,"is_editable":true,"original_sound":false,"has_sound":false,"recoub_to":null,"file_versions":{"html5":{"video":{"higher":{"url":"https://coub-anubis-a.akamaized.net/coub_storage/coub/simple/cw_file/0cb56eae488/c16725d82122d4b459b23/muted_mp4_huge_size_1619208462_muted_huge.mp4","size":2153850},"high":{"url":"https://coub-anubis-a.akamaized.net/coub_storage/coub/simple/cw_file/0cb56eae488/c16725d82122d4b459b23/muted_mp4_big_size_1619208462_muted_big.mp4","size":1229843},"med":{"url":"https://coub-anubis-a.akamaized.net/coub_storage/coub/simple/cw_file/0cb56eae488/c16725d82122d4b459b23/muted_mp4_med_size_1619208462_muted_med.mp4","size":380963}},"audio":{"high":{"url":"https://coub-anubis-a.akamaized.net/coub_storage/coub/simple/cw_looped_audio_high/a088eb574b0/15b256721073a58e26391/1619208468_mp3-high.mp3","size":886842},"med":{"url":"https://coub-anubis-a.akamaized.net/coub_storage/coub/simple/cw_looped_audio_med/bf8b95d0fac/a7b824a1f15a822dc54de/1619208468_mp3-med.mp3","size":666470}}},"mobile":{"video":"https://coub-anubis-a.akamaized.net/coub_storage/coub/simple/cw_file/0cb56eae488/c16725d82122d4b459b23/muted_mp4_med_size_1619208462_muted_med.mp4","audio":["https://coub-anubis-a.akamaized.net/coub_storage/coub/simple/cw_looped_audio_med/bf8b95d0fac/a7b824a1f15a822dc54de/1619208468_mp3-med.mp3"]},"share":{"default":"https://coub-anubis-a.akamaized.net/coub_storage/coub/simple/cw_video_for_sharing/719ea77cbf5/891cc5f69b2e599b10f2d/1619208491_looped_1619208490.mp4"}},"audio_versions":{"template":"https://coub-anubis-a.akamaized.net/coub_storage/audio_track/cw_normalized_copy/0149d44817a/b13b7c2b4f501a96d2f2f/mid_1619208465_normalized_1619208463_1ffkjzl_edited.mp3","versions":["mid","low"]},"image_versions":{"template":"https://coub-anubis-a.akamaized.net/coub_storage/coub/simple/cw_image/da0f92b0110/399661749eb31c86f1311/%{version}_1619208472_00026.jpg","versions":["micro","tiny","age_restricted","ios_large","ios_mosaic","big","med","small","pinterest"]},"first_frame_versions":{"template":"https://coub-anubis-a.akamaized.net/coub_storage/coub/simple/cw_timeline_pic/404315e1be0/07f9c948b2b9be6ed50ab/%{version}_1619208471_image.jpg","versions":["big","med","small","ios_large"]},"dimensions":{"big":[768,960],"med":[384,480]},"site_w_h":[320,400],"page_w_h":[400,500],"site_w_h_small":[310,388],"size":[768,960],"age_restricted":false,"age_restricted_by_admin":false,"not_safe_for_work":null,"allow_reuse":false,"dont_crop":true,"banned":false,"global_safe":null,"audio_file_url":"https://coub-anubis-a.akamaized.net/coub_storage/audio_track/cw_normalized_copy/0149d44817a/b13b7c2b4f501a96d2f2f/low_1619208465_normalized_1619208463_1ffkjzl_edited.mp3","external_download":{"type":"Facebook","service_name":"Facebook","url":"https://www.facebook.com/SportsCenter/videos/895522154637996","has_embed":false},"application":null,"channel":{"id":3283721,"permalink":"doctorhs","title":"Doctor HS","description":null,"followers_count":68,"following_count":9,"avatar_versions":{"template":"https://coub-anubis-a.akamaized.net/coub_storage/channel/cw_avatar/71bfa46ecd2/390bb9d312d8414905537/%{version}_1607421491_i1rx1p_1518340504_blue-moon-supermoon-2018jpg-9c60168ef740bd21.jpg","versions":["medium","medium_2x","profile_pic","profile_pic_new","profile_pic_new_2x","tiny","tiny_2x","small","small_2x","ios_large","ios_small"]}},"file":null,"picture":"https://coub-anubis-a.akamaized.net/coub_storage/coub/simple/cw_image/da0f92b0110/399661749eb31c86f1311/med_1619208472_00026.jpg","timeline_picture":"https://coub-anubis-a.akamaized.net/coub_storage/coub/simple/cw_timeline_pic/404315e1be0/07f9c948b2b9be6ed50ab/ios_large_1619208471_image.jpg","small_picture":"https://coub-anubis-a.akamaized.net/coub_storage/coub/simple/cw_image/da0f92b0110/399661749eb31c86f1311/ios_mosaic_1619208472_00026.jpg","sharing_picture":null,"percent_done":100,"tags":[{"id":6278624,"title":"convenient grandfather","value":"convenient%20grandfather"},{"id":26270,"title":"grandfather","value":"grandfather"},{"id":1085837,"title":"convenient","value":"convenient"}],"categories":[{"id":9,"title":"Nature & Travel","permalink":"nature-travel","subscriptions_count":10070807,"big_image_url":"https://coub-anubis-a.akamaized.net/coub_storage/category/cw_image/a4b57370b28/3c9d9a8cf4246d5a30610/big_1545567929_Nature.png","small_image_url":"https://coub-anubis-a.akamaized.net/coub_storage/category/cw_image/a4b57370b28/3c9d9a8cf4246d5a30610/small_1545567929_Nature.png","med_image_url":"https://coub-anubis-a.akamaized.net/coub_storage/category/cw_image/a4b57370b28/3c9d9a8cf4246d5a30610/med_1545567929_Nature.png","visible":true}],"communities":[{"id":9,"title":"Nature & Travel","permalink":"nature-travel","subscriptions_count":10070807,"big_image_url":"https://coub-anubis-a.akamaized.net/coub_storage/category/cw_image/a4b57370b28/3c9d9a8cf4246d5a30610/big_1545567929_Nature.png","small_image_url":"https://coub-anubis-a.akamaized.net/coub_storage/category/cw_image/a4b57370b28/3c9d9a8cf4246d5a30610/small_1545567929_Nature.png","med_image_url":"https://coub-anubis-a.akamaized.net/coub_storage/category/cw_image/a4b57370b28/3c9d9a8cf4246d5a30610/med_1545567929_Nature.png","i_subscribed":true,"community_notifications_enabled":null,"description":null}],"recoubs_count":402,"remixes_count":0,"likes_count":2532,"dislikes_count":0,"raw_video_id":16380272,"uploaded_by_ios_app":false,"uploaded_by_android_app":false,"media_blocks":{"uploaded_raw_videos":[],"external_raw_videos":[{"id":38712183,"title":"She was at the park and saw this 😳👏   (viaualreadyknowwhoit_is/TikTok)","url":"https://www.facebook.com/SportsCenter/videos/895522154637996","image":"https://coub-anubis-a.akamaized.net/coub_storage/media_block/cw_image/79da4e29f60/770275207abf70c8fc65b/video_1619208167_1w582gr_1619208154_5dvxu1_att-url-download.xx_tp_6_oh_414a88eb75c88c362172b60725eacdd9_oe_60A7EBCF","image_retina":"https://coub-anubis-a.akamaized.net/coub_storage/media_block/cw_image/79da4e29f60/770275207abf70c8fc65b/video_retina_1619208167_1w582gr_1619208154_5dvxu1_att-url-download.xx_tp_6_oh_414a88eb75c88c362172b60725eacdd9_oe_60A7EBCF","meta":{"service":"Facebook","duration":"31.32"},"duration":31.32,"raw_video_id":16380272,"has_embed":false}],"remixed_from_coubs":[],"external_video":{"id":38712183,"title":"She was at the park and saw this 😳👏   (viaualreadyknowwhoit_is/TikTok)","url":"https://www.facebook.com/SportsCenter/videos/895522154637996","image":"https://coub-anubis-a.akamaized.net/coub_storage/media_block/cw_image/79da4e29f60/770275207abf70c8fc65b/video_1619208167_1w582gr_1619208154_5dvxu1_att-url-download.xx_tp_6_oh_414a88eb75c88c362172b60725eacdd9_oe_60A7EBCF","image_retina":"https://coub-anubis-a.akamaized.net/coub_storage/media_block/cw_image/79da4e29f60/770275207abf70c8fc65b/video_retina_1619208167_1w582gr_1619208154_5dvxu1_att-url-download.xx_tp_6_oh_414a88eb75c88c362172b60725eacdd9_oe_60A7EBCF","meta":{"service":"Facebook","duration":"31.32"},"duration":31.32,"raw_video_id":16380272,"has_embed":false}},"raw_video_thumbnail_url":"https://coub-anubis-a.akamaized.net/coub_storage/raw_video/cw_image/adeeb8e576f/5d83ac473c725dd3e4c1f/coub_media_1619208154_1619208154_5dvxu1_att-url-download.xx_tp_6_oh_414a88eb75c88c362172b60725eacdd9_oe_60A7EBCF","raw_video_title":"She was at the park and saw this 😳👏   (viaualreadyknowwhoit_is/TikTok)","video_block_banned":false,"duration":8.2,"promo_winner":false,"promo_winner_recoubers":null,"editorial_info":{},"promo_hint":null,"beeline_best_2014":null,"from_web_editor":true,"normalize_sound":true,"normalize_change_allowed":true,"best2015_addable":false,"ahmad_promo":null,"promo_data":null,"audio_copyright_claim":null,"ads_disabled":null,"is_safe_for_ads":true,"megafon_contents":[],"position_on_page":5},{"flag":null,"abuses":null,"recoubs_by_users_channels":null,"favourite":false,"promoted_id":null,"recoub":null,"like":null,"dislike":null,"reaction":null,"in_my_best2015":false,"id":158949439,"type":"Coub::Simple","permalink":"2macz3","title":"In This Shirt ","visibility_type":"public","original_visibility_type":"public","channel_id":6944764,"created_at":"2020-12-01T12:18:13Z","updated_at":"2022-03-16T06:30:30Z","is_done":true,"views_count":174264,"cotd":null,"cotd_at":null,"visible_on_explore_root":false,"visible_on_explore":false,"featured":false,"published":true,"published_at":"2020-12-01T12:18:13Z","reversed":false,"from_editor_v2":true,"is_editable":true,"original_sound":false,"has_sound":false,"recoub_to":null,"file_versions":{"html5":{"video":{"higher":{"url":"https://coub-anubis-a.akamaized.net/coub_storage/coub/simple/cw_file/1a429ef9904/b063ebbb50a38e6c4e803/muted_mp4_huge_size_1606825097_muted_huge.mp4","size":1716031},"high":{"url":"https://coub-anubis-a.akamaized.net/coub_storage/coub/simple/cw_file/1a429ef9904/b063ebbb50a38e6c4e803/muted_mp4_big_size_1606825097_muted_big.mp4","size":1044385},"med":{"url":"https://coub-anubis-a.akamaized.net/coub_storage/coub/simple/cw_file/1a429ef9904/b063ebbb50a38e6c4e803/muted_mp4_med_size_1606825097_muted_med.mp4","size":343768}},"audio":{"high":{"url":"https://coub-anubis-a.akamaized.net/coub_storage/coub/simple/cw_looped_audio_high/58e9b50a24c/16e807c6ee9cb262a023c/1606825121_mp3-high.mp3","size":2477171},"med":{"url":"https://coub-anubis-a.akamaized.net/coub_storage/coub/simple/cw_looped_audio_med/218c3f8a003/73a4f87c0b6cbd55eeb8b/1606825119_mp3-med.mp3","size":1892444}}},"mobile":{"video":"https://coub-anubis-a.akamaized.net/coub_storage/coub/simple/cw_file/1a429ef9904/b063ebbb50a38e6c4e803/muted_mp4_med_size_1606825097_muted_med.mp4","audio":["https://coub-anubis-a.akamaized.net/coub_storage/coub/simple/cw_looped_audio_med/218c3f8a003/73a4f87c0b6cbd55eeb8b/1606825119_mp3-med.mp3"]},"share":{"default":"https://coub-anubis-a.akamaized.net/coub_storage/coub/simple/cw_video_for_sharing/4faaf6e99f8/537a0b79d4db42b3e153f/1606825160_looped_1606825159.mp4"}},"audio_versions":{"template":"https://coub-anubis-a.akamaized.net/coub_storage/audio_track/cw_file/baf8dddf6a5/052c527110f2000919973/mid_1606825101_1n80pel_edited.mp3","versions":["mid","low"]},"image_versions":{"template":"https://coub-anubis-a.akamaized.net/coub_storage/coub/simple/cw_image/f672da851e4/55ae4f174d0b0995ce04f/%{version}_1606825126_00023.jpg","versions":["micro","tiny","age_restricted","ios_large","ios_mosaic","big","med","small","pinterest"]},"first_frame_versions":{"template":"https://coub-anubis-a.akamaized.net/coub_storage/coub/simple/cw_timeline_pic/c8c18c60567/efbd2a64a525ad6bc0c67/%{version}_1606825126_image.jpg","versions":["big","med","small","ios_large"]},"dimensions":{"big":[540,960],"med":[270,480]},"site_w_h":[225,400],"page_w_h":[400,711],"site_w_h_small":[310,551],"size":[540,960],"age_restricted":false,"age_restricted_by_admin":false,"not_safe_for_work":false,"allow_reuse":false,"dont_crop":true,"banned":false,"global_safe":null,"audio_file_url":"https://coub-anubis-a.akamaized.net/coub_storage/audio_track/cw_file/baf8dddf6a5/052c527110f2000919973/low_1606825101_1n80pel_edited.mp3","external_download":false,"application":null,"channel":{"id":6944764,"permalink":"109908259bdbeb99a766c165244a550a","title":"ᵖʳⁱⁿᶻ🅐🅢🅚🅤🅡","description":"ASKUR","followers_count":143,"following_count":94,"avatar_versions":{"template":"https://coub-anubis-a.akamaized.net/coub_storage/channel/cw_avatar/7ffc4415004/f5cbcf8954ba1eb1e7005/%{version}_1638515909_cropped.jpeg","versions":["medium","medium_2x","profile_pic","profile_pic_new","profile_pic_new_2x","tiny","tiny_2x","small","small_2x","ios_large","ios_small"]}},"file":null,"picture":"https://coub-anubis-a.akamaized.net/coub_storage/coub/simple/cw_image/f672da851e4/55ae4f174d0b0995ce04f/med_1606825126_00023.jpg","timeline_picture":"https://coub-anubis-a.akamaized.net/coub_storage/coub/simple/cw_timeline_pic/c8c18c60567/efbd2a64a525ad6bc0c67/ios_large_1606825126_image.jpg","small_picture":"https://coub-anubis-a.akamaized.net/coub_storage/coub/simple/cw_image/f672da851e4/55ae4f174d0b0995ce04f/ios_mosaic_1606825126_00023.jpg","sharing_picture":null,"percent_done":100,"tags":[{"id":86,"title":"music","value":"music"},{"id":6326,"title":"natural","value":"natural"},{"id":261524,"title":"$$","value":"$$"},{"id":72080,"title":"123456","value":"123456"},{"id":5411430,"title":"toxix","value":"toxix"}],"categories":[{"id":9,"title":"Nature & Travel","permalink":"nature-travel","subscriptions_count":10070807,"big_image_url":"https://coub-anubis-a.akamaized.net/coub_storage/category/cw_image/a4b57370b28/3c9d9a8cf4246d5a30610/big_1545567929_Nature.png","small_image_url":"https://coub-anubis-a.akamaized.net/coub_storage/category/cw_image/a4b57370b28/3c9d9a8cf4246d5a30610/small_1545567929_Nature.png","med_image_url":"https://coub-anubis-a.akamaized.net/coub_storage/category/cw_image/a4b57370b28/3c9d9a8cf4246d5a30610/med_1545567929_Nature.png","visible":true}],"communities":[{"id":9,"title":"Nature & Travel","permalink":"nature-travel","subscriptions_count":10070807,"big_image_url":"https://coub-anubis-a.akamaized.net/coub_storage/category/cw_image/a4b57370b28/3c9d9a8cf4246d5a30610/big_1545567929_Nature.png","small_image_url":"https://coub-anubis-a.akamaized.net/coub_storage/category/cw_image/a4b57370b28/3c9d9a8cf4246d5a30610/small_1545567929_Nature.png","med_image_url":"https://coub-anubis-a.akamaized.net/coub_storage/category/cw_image/a4b57370b28/3c9d9a8cf4246d5a30610/med_1545567929_Nature.png","i_subscribed":true,"community_notifications_enabled":null,"description":null}],"recoubs_count":509,"remixes_count":0,"likes_count":2529,"dislikes_count":0,"raw_video_id":15927950,"uploaded_by_ios_app":false,"uploaded_by_android_app":true,"media_blocks":{"uploaded_raw_videos":[],"external_raw_videos":[],"remixed_from_coubs":[]},"raw_video_thumbnail_url":"/missing/missing.png","raw_video_title":null,"video_block_banned":false,"duration":7.04,"promo_winner":false,"promo_winner_recoubers":null,"editorial_info":{},"promo_hint":null,"beeline_best_2014":null,"from_web_editor":false,"normalize_sound":true,"normalize_change_allowed":true,"best2015_addable":false,"ahmad_promo":null,"promo_data":null,"audio_copyright_claim":null,"ads_disabled":false,"is_safe_for_ads":true,"megafon_contents":[],"position_on_page":6},{"flag":null,"abuses":null,"recoubs_by_users_channels":null,"favourite":false,"promoted_id":null,"recoub":null,"like":null,"dislike":null,"reaction":null,"in_my_best2015":false,"id":90085294,"type":"Coub::Simple","permalink":"1h87gf","title":"bright","visibility_type":"public","original_visibility_type":"public","channel_id":1095749,"created_at":"2018-11-02T14:54:30Z","updated_at":"2022-03-05T03:59:06Z","is_done":true,"views_count":180808,"cotd":null,"cotd_at":null,"visible_on_explore_root":true,"visible_on_explore":true,"featured":true,"published":true,"published_at":"2018-11-02T14:54:30Z","reversed":false,"from_editor_v2":true,"is_editable":true,"original_sound":false,"has_sound":false,"recoub_to":null,"file_versions":{"html5":{"video":{"higher":{"url":"https://coub-anubis-a.akamaized.net/coub_storage/coub/simple/cw_file/923271a6b6e/4fc69e7a9c498816e003c/muted_mp4_huge_size_1573779705_muted_huge.mp4","size":3091474},"high":{"url":"https://coub-anubis-a.akamaized.net/coub_storage/coub/simple/cw_file/923271a6b6e/4fc69e7a9c498816e003c/muted_mp4_big_size_1573779705_muted_big.mp4","size":2081540},"med":{"url":"https://coub-anubis-a.akamaized.net/coub_storage/coub/simple/cw_file/923271a6b6e/4fc69e7a9c498816e003c/muted_mp4_med_size_1573779705_muted_med.mp4","size":638837}},"audio":{"high":{"url":"https://coub-anubis-a.akamaized.net/coub_storage/coub/simple/cw_looped_audio_high/acc1646c54d/c6454ca895222617f0bf0/1605654101_high_1541170503_high.mp3","size":1855832},"med":{"url":"https://coub-anubis-a.akamaized.net/coub_storage/coub/simple/cw_looped_audio_med/1b6dffbd842/375834a43f5a288ac1d99/1605654100_med_1541170503_med.mp3","size":1592639}}},"mobile":{"video":"https://coub-anubis-a.akamaized.net/coub_storage/coub/simple/cw_file/923271a6b6e/4fc69e7a9c498816e003c/muted_mp4_med_size_1573779705_muted_med.mp4","audio":["https://coub-anubis-a.akamaized.net/coub_storage/coub/simple/cw_looped_audio_med/1b6dffbd842/375834a43f5a288ac1d99/1605654100_med_1541170503_med.mp3"]},"share":{"default":"https://coub-anubis-a.akamaized.net/coub_storage/coub/simple/cw_video_for_sharing/21d2482763e/593ee5e2d05bff23f496a/1622233973_looped_1622233972.mp4"}},"audio_versions":{"template":"https://coub-anubis-a.akamaized.net/coub_storage/audio_track/cw_normalized_copy/920b8f132e4/b19da4c321d3157cd4c60/mid_1541170496_normalized_1541170481_1nf3edb_edited.mp3","versions":["mid","low"]},"image_versions":{"template":"https://coub-anubis-a.akamaized.net/coub_storage/coub/simple/cw_image/293a2b94e63/76052f676fd8c13952a27/1541170512_00029.jpg","versions":["micro","tiny","age_restricted","ios_large","ios_mosaic","big","med","small","pinterest"]},"first_frame_versions":{"template":"https://coub-anubis-a.akamaized.net/coub_storage/coub/simple/cw_timeline_pic/91dd6d2a451/2cce8eb46001dc7aa5cf1/%{version}_1541170512_image.jpg","versions":["big","med","small","ios_large"]},"dimensions":{"big":[768,960],"med":[384,480]},"site_w_h":[320,400],"page_w_h":[400,500],"site_w_h_small":[310,388],"size":[768,960],"age_restricted":false,"age_restricted_by_admin":false,"not_safe_for_work":false,"allow_reuse":false,"dont_crop":false,"banned":false,"global_safe":true,"audio_file_url":"https://coub-anubis-a.akamaized.net/coub_storage/audio_track/cw_normalized_copy/920b8f132e4/b19da4c321d3157cd4c60/low_1541170496_normalized_1541170481_1nf3edb_edited.mp3","external_download":false,"application":null,"channel":{"id":1095749,"permalink":"nazardrakhenberg","title":"Nazar Drakhenberg","description":"I'm back","followers_count":14909,"following_count":428,"avatar_versions":{"template":"https://coub-anubis-a.akamaized.net/coub_storage/channel/cw_avatar/d8ab62395fc/a5c5da83a54ad3bc7836b/%{version}_1607426193_6ggehw_1474581986_dhclEa5a7cA.jpg","versions":["medium","medium_2x","profile_pic","profile_pic_new","profile_pic_new_2x","tiny","tiny_2x","small","small_2x","ios_large","ios_small"]}},"file":null,"picture":"https://coub-anubis-a.akamaized.net/coub_storage/coub/simple/cw_image/293a2b94e63/76052f676fd8c13952a27/1541170512_00029.jpg","timeline_picture":"https://coub-anubis-a.akamaized.net/coub_storage/coub/simple/cw_timeline_pic/91dd6d2a451/2cce8eb46001dc7aa5cf1/ios_large_1541170512_image.jpg","small_picture":"https://coub-anubis-a.akamaized.net/coub_storage/coub/simple/cw_image/293a2b94e63/76052f676fd8c13952a27/1541170512_00029.jpg","sharing_picture":null,"percent_done":100,"tags":[],"categories":[{"id":9,"title":"Nature & Travel","permalink":"nature-travel","subscriptions_count":10070807,"big_image_url":"https://coub-anubis-a.akamaized.net/coub_storage/category/cw_image/a4b57370b28/3c9d9a8cf4246d5a30610/big_1545567929_Nature.png","small_image_url":"https://coub-anubis-a.akamaized.net/coub_storage/category/cw_image/a4b57370b28/3c9d9a8cf4246d5a30610/small_1545567929_Nature.png","med_image_url":"https://coub-anubis-a.akamaized.net/coub_storage/category/cw_image/a4b57370b28/3c9d9a8cf4246d5a30610/med_1545567929_Nature.png","visible":true}],"communities":[{"id":9,"title":"Nature & Travel","permalink":"nature-travel","subscriptions_count":10070807,"big_image_url":"https://coub-anubis-a.akamaized.net/coub_storage/category/cw_image/a4b57370b28/3c9d9a8cf4246d5a30610/big_1545567929_Nature.png","small_image_url":"https://coub-anubis-a.akamaized.net/coub_storage/category/cw_image/a4b57370b28/3c9d9a8cf4246d5a30610/small_1545567929_Nature.png","med_image_url":"https://coub-anubis-a.akamaized.net/coub_storage/category/cw_image/a4b57370b28/3c9d9a8cf4246d5a30610/med_1545567929_Nature.png","i_subscribed":true,"community_notifications_enabled":null,"description":null}],"recoubs_count":501,"remixes_count":3,"likes_count":2527,"dislikes_count":0,"raw_video_id":12633541,"uploaded_by_ios_app":false,"uploaded_by_android_app":false,"media_blocks":{"uploaded_raw_videos":[],"external_raw_videos":[],"remixed_from_coubs":[]},"raw_video_thumbnail_url":"/missing/missing.png","raw_video_title":"___________________.avi","video_block_banned":false,"duration":9.0,"promo_winner":false,"promo_winner_recoubers":null,"editorial_info":{},"promo_hint":null,"beeline_best_2014":null,"from_web_editor":true,"normalize_sound":true,"normalize_change_allowed":true,"best2015_addable":false,"ahmad_promo":null,"promo_data":null,"audio_copyright_claim":null,"ads_disabled":false,"is_safe_for_ads":true,"megafon_contents":[],"position_on_page":7},{"flag":null,"abuses":null,"recoubs_by_users_channels":null,"favourite":false,"promoted_id":null,"recoub":null,"like":null,"dislike":null,"reaction":null,"in_my_best2015":false,"id":139908974,"type":"Coub::Simple","permalink":"2ay94m","title":"Big City Life","visibility_type":"public","original_visibility_type":"public","channel_id":7657879,"created_at":"2020-03-20T08:05:01Z","updated_at":"2022-03-15T21:57:19Z","is_done":true,"views_count":181074,"cotd":null,"cotd_at":null,"visible_on_explore_root":false,"visible_on_explore":false,"featured":false,"published":true,"published_at":"2020-03-20T08:05:01Z","reversed":false,"from_editor_v2":true,"is_editable":true,"original_sound":false,"has_sound":false,"recoub_to":null,"file_versions":{"html5":{"video":{"higher":{"url":"https://coub-anubis-a.akamaized.net/coub_storage/coub/simple/cw_file/85910b57f4c/69cf7bb23c3a68d41fa5a/muted_mp4_huge_size_1584691629_muted_huge.mp4","size":5148100},"high":{"url":"https://coub-anubis-a.akamaized.net/coub_storage/coub/simple/cw_file/85910b57f4c/69cf7bb23c3a68d41fa5a/muted_mp4_big_size_1584691629_muted_big.mp4","size":3411727},"med":{"url":"https://coub-anubis-a.akamaized.net/coub_storage/coub/simple/cw_file/85910b57f4c/69cf7bb23c3a68d41fa5a/muted_mp4_med_size_1584691629_muted_med.mp4","size":959916}},"audio":{"high":{"url":"https://coub-anubis-a.akamaized.net/coub_storage/coub/simple/cw_looped_audio_high/f3a4ef428ff/e595cb85235d98a2a602f/1605703401_high_1584691666_high.mp3","size":4550174},"med":{"url":"https://coub-anubis-a.akamaized.net/coub_storage/coub/simple/cw_looped_audio_med/1a00cb786ae/80a5f4ef9cc01f637d2a5/1605703400_med_1584691666_med.mp3","size":3555759}}},"mobile":{"video":"https://coub-anubis-a.akamaized.net/coub_storage/coub/simple/cw_file/85910b57f4c/69cf7bb23c3a68d41fa5a/muted_mp4_med_size_1584691629_muted_med.mp4","audio":["https://coub-anubis-a.akamaized.net/coub_storage/coub/simple/cw_looped_audio_med/1a00cb786ae/80a5f4ef9cc01f637d2a5/1605703400_med_1584691666_med.mp3"]},"share":{"default":"https://coub-anubis-a.akamaized.net/coub_storage/coub/simple/cw_video_for_sharing/f4dcc763246/0a3f3a622f96ffd34fb2b/1608820934_looped_1608820933.mp4"}},"audio_versions":{"template":"https://coub-anubis-a.akamaized.net/coub_storage/audio_track/cw_file/5a0a749002e/cccfae1d49388496a4a1e/mid_1584691635_17pd37m_edited.mp3","versions":["mid","low"]},"image_versions":{"template":"https://coub-anubis-a.akamaized.net/coub_storage/coub/simple/cw_image/75665e17f4d/50ce9ef7d4f018a482763/1584691697_00019.jpg","versions":["micro","tiny","age_restricted","ios_large","ios_mosaic","big","med","small","pinterest"]},"first_frame_versions":{"template":"https://coub-anubis-a.akamaized.net/coub_storage/coub/simple/cw_timeline_pic/9c7ba6d6388/d0538183d4d721dce7109/%{version}_1584691691_image.jpg","versions":["big","med","small","ios_large"]},"dimensions":{"big":[1280,720],"med":[640,360]},"site_w_h":[640,360],"page_w_h":[640,360],"site_w_h_small":[310,174],"size":[1280,720],"age_restricted":false,"age_restricted_by_admin":false,"not_safe_for_work":false,"allow_reuse":false,"dont_crop":false,"banned":false,"global_safe":null,"audio_file_url":"https://coub-anubis-a.akamaized.net/coub_storage/audio_track/cw_file/5a0a749002e/cccfae1d49388496a4a1e/low_1584691635_17pd37m_edited.mp3","external_download":false,"application":null,"channel":{"id":7657879,"permalink":"ukrainianhope","title":"UkrainianHope","description":null,"followers_count":330,"following_count":11,"avatar_versions":{"template":"https://coub-anubis-a.akamaized.net/coub_storage/channel/cw_avatar/61cf6a4103b/9b945fec9193e2eac6af3/%{version}_1645894799_________.jpg","versions":["medium","medium_2x","profile_pic","profile_pic_new","profile_pic_new_2x","tiny","tiny_2x","small","small_2x","ios_large","ios_small"]}},"file":null,"picture":"https://coub-anubis-a.akamaized.net/coub_storage/coub/simple/cw_image/75665e17f4d/50ce9ef7d4f018a482763/1584691697_00019.jpg","timeline_picture":"https://coub-anubis-a.akamaized.net/coub_storage/coub/simple/cw_timeline_pic/9c7ba6d6388/d0538183d4d721dce7109/ios_large_1584691691_image.jpg","small_picture":"https://coub-anubis-a.akamaized.net/coub_storage/coub/simple/cw_image/75665e17f4d/50ce9ef7d4f018a482763/1584691697_00019.jpg","sharing_picture":null,"percent_done":100,"tags":[{"id":19801,"title":"санкт-петербург","value":"%D1%81%D0%B0%D0%BD%D0%BA%D1%82-%D0%BF%D0%B5%D1%82%D0%B5%D1%80%D0%B1%D1%83%D1%80%D0%B3"},{"id":24889,"title":"петербург","value":"%D0%BF%D0%B5%D1%82%D0%B5%D1%80%D0%B1%D1%83%D1%80%D0%B3"},{"id":8917,"title":"спб","value":"%D1%81%D0%BF%D0%B1"},{"id":17131,"title":"питер","value":"%D0%BF%D0%B8%D1%82%D0%B5%D1%80"},{"id":3674435,"title":"sankt petersburg","value":"sankt%20petersburg"},{"id":19800,"title":"saint petersburg","value":"saint%20petersburg"},{"id":97168,"title":"st.petersburg","value":"st.petersburg"},{"id":195,"title":"russia","value":"russia"},{"id":411411,"title":"rusland","value":"rusland"},{"id":8232,"title":"drone","value":"drone"},{"id":35692,"title":"aerial","value":"aerial"},{"id":293907,"title":"аэросъемка","value":"%D0%B0%D1%8D%D1%80%D0%BE%D1%81%D1%8A%D0%B5%D0%BC%D0%BA%D0%B0"},{"id":1007523,"title":"с высоты птичьего полета","value":"%D1%81%20%D0%B2%D1%8B%D1%81%D0%BE%D1%82%D1%8B%20%D0%BF%D1%82%D0%B8%D1%87%D1%8C%D0%B5%D0%B3%D0%BE%20%D0%BF%D0%BE%D0%BB%D0%B5%D1%82%D0%B0"},{"id":286763,"title":"с воздуха","value":"%D1%81%20%D0%B2%D0%BE%D0%B7%D0%B4%D1%83%D1%85%D0%B0"},{"id":235061,"title":"воздушная съемка","value":"%D0%B2%D0%BE%D0%B7%D0%B4%D1%83%D1%88%D0%BD%D0%B0%D1%8F%20%D1%81%D1%8A%D0%B5%D0%BC%D0%BA%D0%B0"},{"id":1311020,"title":"с коптера","value":"%D1%81%20%D0%BA%D0%BE%D0%BF%D1%82%D0%B5%D1%80%D0%B0"},{"id":1133439,"title":"с дрона","value":"%D1%81%20%D0%B4%D1%80%D0%BE%D0%BD%D0%B0"},{"id":463565,"title":"drone video","value":"drone%20video"},{"id":107691,"title":"dji","value":"dji"},{"id":2975833,"title":"inspire 2","value":"inspire%202"},{"id":3565339,"title":"zenmuse x7","value":"zenmuse%20x7"},{"id":3674436,"title":"заявочные планы","value":"%D0%B7%D0%B0%D1%8F%D0%B2%D0%BE%D1%87%D0%BD%D1%8B%D0%B5%20%D0%BF%D0%BB%D0%B0%D0%BD%D1%8B"},{"id":262592,"title":"футажи","value":"%D1%84%D1%83%D1%82%D0%B0%D0%B6%D0%B8"},{"id":11776,"title":"footage","value":"footage"},{"id":4549,"title":"raw","value":"raw"},{"id":2707,"title":"omg","value":"omg"},{"id":1253,"title":"wtf","value":"wtf"},{"id":171,"title":"wow","value":"wow"},{"id":5550,"title":"saint-petersburg","value":"saint-petersburg"},{"id":668,"title":"russian","value":"russian"},{"id":31074,"title":"petersburg","value":"petersburg"},{"id":25683,"title":"saint","value":"saint"},{"id":107689,"title":"quadcopter","value":"quadcopter"},{"id":116125,"title":"quadrocopter","value":"quadrocopter"},{"id":92649,"title":"big city life","value":"big%20city%20life"}],"categories":[{"id":9,"title":"Nature & Travel","permalink":"nature-travel","subscriptions_count":10070807,"big_image_url":"https://coub-anubis-a.akamaized.net/coub_storage/category/cw_image/a4b57370b28/3c9d9a8cf4246d5a30610/big_1545567929_Nature.png","small_image_url":"https://coub-anubis-a.akamaized.net/coub_storage/category/cw_image/a4b57370b28/3c9d9a8cf4246d5a30610/small_1545567929_Nature.png","med_image_url":"https://coub-anubis-a.akamaized.net/coub_storage/category/cw_image/a4b57370b28/3c9d9a8cf4246d5a30610/med_1545567929_Nature.png","visible":true}],"communities":[{"id":9,"title":"Nature & Travel","permalink":"nature-travel","subscriptions_count":10070807,"big_image_url":"https://coub-anubis-a.akamaized.net/coub_storage/category/cw_image/a4b57370b28/3c9d9a8cf4246d5a30610/big_1545567929_Nature.png","small_image_url":"https://coub-anubis-a.akamaized.net/coub_storage/category/cw_image/a4b57370b28/3c9d9a8cf4246d5a30610/small_1545567929_Nature.png","med_image_url":"https://coub-anubis-a.akamaized.net/coub_storage/category/cw_image/a4b57370b28/3c9d9a8cf4246d5a30610/med_1545567929_Nature.png","i_subscribed":true,"community_notifications_enabled":null,"description":null}],"recoubs_count":423,"remixes_count":0,"likes_count":2526,"dislikes_count":0,"raw_video_id":"","uploaded_by_ios_app":false,"uploaded_by_android_app":false,"media_blocks":{"uploaded_raw_videos":[],"external_raw_videos":[],"remixed_from_coubs":[{"id":32216087,"title":"Saint Petersburg. Russia.","url":"https://coub.com/coubs/1w4qsk/remix","image":"https://coub-anubis-a.akamaized.net/coub_storage/media_block/cw_image/e8397fc531d/f95899d77880acfaf4a9d/1560564602_1rq67g_1560564583_00032.jpg","image_retina":"https://coub-anubis-a.akamaized.net/coub_storage/media_block/cw_image/e8397fc531d/f95899d77880acfaf4a9d/1560564602_1rq67g_1560564583_00032.jpg","meta":{"duration":"10.0"},"duration":null,"coub_channel_title":"Mark Frolov","coub_channel_permalink":"markfrolov","coub_views_count":36155,"coub_permalink":"1w4qsk"}]},"raw_video_thumbnail_url":"","raw_video_title":"","video_block_banned":false,"duration":6.04,"promo_winner":false,"promo_winner_recoubers":null,"editorial_info":{},"promo_hint":null,"beeline_best_2014":null,"from_web_editor":true,"normalize_sound":false,"normalize_change_allowed":true,"best2015_addable":false,"ahmad_promo":null,"promo_data":null,"audio_copyright_claim":null,"ads_disabled":false,"is_safe_for_ads":true,"megafon_contents":[],"position_on_page":8},{"flag":null,"abuses":null,"recoubs_by_users_channels":null,"favourite":false,"promoted_id":null,"recoub":null,"like":null,"dislike":null,"reaction":null,"in_my_best2015":false,"id":102980618,"type":"Coub::Simple","permalink":"1owlmo","title":"-35°C","visibility_type":"public","original_visibility_type":"public","channel_id":4918561,"created_at":"2019-02-22T18:49:22Z","updated_at":"2022-03-08T17:19:39Z","is_done":true,"views_count":123914,"cotd":null,"cotd_at":null,"visible_on_explore_root":false,"visible_on_explore":false,"featured":false,"published":true,"published_at":"2019-02-22T18:49:22Z","reversed":false,"from_editor_v2":true,"is_editable":true,"original_sound":false,"has_sound":false,"recoub_to":null,"file_versions":{"html5":{"video":{"higher":{"url":"https://coub-anubis-a.akamaized.net/coub_storage/coub/simple/cw_file/00d6f4e57d7/6726d08d66e5fc1dbc308/muted_mp4_huge_size_1570363450_muted_huge.mp4","size":2056506},"high":{"url":"https://coub-anubis-a.akamaized.net/coub_storage/coub/simple/cw_file/00d6f4e57d7/6726d08d66e5fc1dbc308/muted_mp4_big_size_1570363450_muted_big.mp4","size":1361391},"med":{"url":"https://coub-anubis-a.akamaized.net/coub_storage/coub/simple/cw_file/00d6f4e57d7/6726d08d66e5fc1dbc308/muted_mp4_med_size_1570363450_muted_med.mp4","size":367090}},"audio":{"high":{"url":"https://coub-anubis-a.akamaized.net/coub_storage/coub/simple/cw_looped_audio_high/f8afd092553/6df28625ef2dd0773270b/1605674081_high_1550861377_high.mp3","size":1266921},"med":{"url":"https://coub-anubis-a.akamaized.net/coub_storage/coub/simple/cw_looped_audio_med/6720a7a269a/797d53b50d50a89d80f90/1605674080_med_1550861377_med.mp3","size":936999}}},"mobile":{"video":"https://coub-anubis-a.akamaized.net/coub_storage/coub/simple/cw_file/00d6f4e57d7/6726d08d66e5fc1dbc308/muted_mp4_med_size_1570363450_muted_med.mp4","audio":["https://coub-anubis-a.akamaized.net/coub_storage/coub/simple/cw_looped_audio_med/6720a7a269a/797d53b50d50a89d80f90/1605674080_med_1550861377_med.mp3"]},"share":{"default":"https://coub-anubis-a.akamaized.net/coub_storage/coub/simple/cw_video_for_sharing/119d939856f/a90a5a9cf0a1e752d7158/1614102217_looped_1614102215.mp4"}},"audio_versions":{"template":"https://coub-anubis-a.akamaized.net/coub_storage/audio_track/cw_normalized_copy/8565ec23267/17eaf7b858fb6d786d907/mid_1550861374_normalized_1550861370_1jofm3_edited.mp3","versions":["mid","low"]},"image_versions":{"template":"https://coub-anubis-a.akamaized.net/coub_storage/coub/simple/cw_image/25e71ced0d1/7021bca13bcce785bdb04/1550861392_00032.jpg","versions":["micro","tiny","age_restricted","ios_large","ios_mosaic","big","med","small","pinterest"]},"first_frame_versions":{"template":"https://coub-anubis-a.akamaized.net/coub_storage/coub/simple/cw_timeline_pic/0b0a5de166f/cec98d61b87989a8edccb/%{version}_1550861391_image.jpg","versions":["big","med","small","ios_large"]},"dimensions":{"big":[960,960],"med":[480,480]},"site_w_h":[400,400],"page_w_h":[400,400],"site_w_h_small":[310,310],"size":[960,960],"age_restricted":false,"age_restricted_by_admin":false,"not_safe_for_work":false,"allow_reuse":false,"dont_crop":false,"banned":false,"global_safe":true,"audio_file_url":"https://coub-anubis-a.akamaized.net/coub_storage/audio_track/cw_normalized_copy/8565ec23267/17eaf7b858fb6d786d907/low_1550861374_normalized_1550861370_1jofm3_edited.mp3","external_download":false,"application":null,"channel":{"id":4918561,"permalink":"tschickey","title":"Tschickey","description":null,"followers_count":97,"following_count":13,"avatar_versions":{"template":"https://coub-anubis-a.akamaized.net/coub_storage/channel/cw_avatar/0428f35cc39/430ae23904549c9f16b63/%{version}_1607425882_zbbtlc_1550362540_45417401_198032441094974_7544454619175321600_n.png","versions":["medium","medium_2x","profile_pic","profile_pic_new","profile_pic_new_2x","tiny","tiny_2x","small","small_2x","ios_large","ios_small"]}},"file":null,"picture":"https://coub-anubis-a.akamaized.net/coub_storage/coub/simple/cw_image/25e71ced0d1/7021bca13bcce785bdb04/1550861392_00032.jpg","timeline_picture":"https://coub-anubis-a.akamaized.net/coub_storage/coub/simple/cw_timeline_pic/0b0a5de166f/cec98d61b87989a8edccb/ios_large_1550861391_image.jpg","small_picture":"https://coub-anubis-a.akamaized.net/coub_storage/coub/simple/cw_image/25e71ced0d1/7021bca13bcce785bdb04/1550861392_00032.jpg","sharing_picture":null,"percent_done":100,"tags":[{"id":17167,"title":"cold","value":"cold"},{"id":760,"title":"bubble","value":"bubble"},{"id":2360312,"title":"-35","value":"-35"},{"id":171,"title":"wow","value":"wow"},{"id":602,"title":"beautiful","value":"beautiful"},{"id":4136,"title":"world","value":"world"},{"id":17815,"title":"hungary","value":"hungary"},{"id":17818,"title":"hungarian","value":"hungarian"}],"categories":[{"id":9,"title":"Nature & Travel","permalink":"nature-travel","subscriptions_count":10070807,"big_image_url":"https://coub-anubis-a.akamaized.net/coub_storage/category/cw_image/a4b57370b28/3c9d9a8cf4246d5a30610/big_1545567929_Nature.png","small_image_url":"https://coub-anubis-a.akamaized.net/coub_storage/category/cw_image/a4b57370b28/3c9d9a8cf4246d5a30610/small_1545567929_Nature.png","med_image_url":"https://coub-anubis-a.akamaized.net/coub_storage/category/cw_image/a4b57370b28/3c9d9a8cf4246d5a30610/med_1545567929_Nature.png","visible":true}],"communities":[{"id":9,"title":"Nature & Travel","permalink":"nature-travel","subscriptions_count":10070807,"big_image_url":"https://coub-anubis-a.akamaized.net/coub_storage/category/cw_image/a4b57370b28/3c9d9a8cf4246d5a30610/big_1545567929_Nature.png","small_image_url":"https://coub-anubis-a.akamaized.net/coub_storage/category/cw_image/a4b57370b28/3c9d9a8cf4246d5a30610/small_1545567929_Nature.png","med_image_url":"https://coub-anubis-a.akamaized.net/coub_storage/category/cw_image/a4b57370b28/3c9d9a8cf4246d5a30610/med_1545567929_Nature.png","i_subscribed":true,"community_notifications_enabled":null,"description":null}],"recoubs_count":434,"remixes_count":0,"likes_count":2526,"dislikes_count":0,"raw_video_id":13263215,"uploaded_by_ios_app":false,"uploaded_by_android_app":false,"media_blocks":{"uploaded_raw_videos":[],"external_raw_videos":[],"remixed_from_coubs":[]},"raw_video_thumbnail_url":"/missing/missing.png","raw_video_title":"Met-Hrad-fbdown.net.mp4","video_block_banned":false,"duration":10.0,"promo_winner":false,"promo_winner_recoubers":null,"editorial_info":{},"promo_hint":null,"beeline_best_2014":null,"from_web_editor":true,"normalize_sound":true,"normalize_change_allowed":true,"best2015_addable":false,"ahmad_promo":null,"promo_data":null,"audio_copyright_claim":null,"ads_disabled":false,"is_safe_for_ads":true,"megafon_contents":[],"position_on_page":9},{"flag":null,"abuses":null,"recoubs_by_users_channels":null,"favourite":false,"promoted_id":null,"recoub":null,"like":null,"dislike":null,"reaction":null,"in_my_best2015":false,"id":178169724,"type":"Coub::Simple","permalink":"2xqbjx","title":"Jᴀᴘᴀɴ 80ꜱ 🎌","visibility_type":"public","original_visibility_type":"public","channel_id":12118978,"created_at":"2021-11-05T20:48:01Z","updated_at":"2022-03-15T19:16:04Z","is_done":true,"views_count":162348,"cotd":null,"cotd_at":null,"visible_on_explore_root":false,"visible_on_explore":false,"featured":false,"published":true,"published_at":"2021-11-05T20:48:01Z","reversed":false,"from_editor_v2":true,"is_editable":true,"original_sound":false,"has_sound":false,"recoub_to":null,"file_versions":{"html5":{"video":{"higher":{"url":"https://coub-anubis-a.akamaized.net/coub_storage/coub/simple/cw_file/614b2dd058b/4ab80322efd82df943ea3/muted_mp4_huge_size_1636145617_muted_huge.mp4","size":3439073},"high":{"url":"https://coub-anubis-a.akamaized.net/coub_storage/coub/simple/cw_file/614b2dd058b/4ab80322efd82df943ea3/muted_mp4_big_size_1636145617_muted_big.mp4","size":2149070},"med":{"url":"https://coub-anubis-a.akamaized.net/coub_storage/coub/simple/cw_file/614b2dd058b/4ab80322efd82df943ea3/muted_mp4_med_size_1636145617_muted_med.mp4","size":749807}},"audio":{"high":{"url":"https://coub-anubis-a.akamaized.net/coub_storage/coub/simple/cw_looped_audio_high/a1114195a4a/0d670194e480278aae36c/1636145666_mp3-high.mp3","size":5191786},"med":{"url":"https://coub-anubis-a.akamaized.net/coub_storage/coub/simple/cw_looped_audio_med/1bc067b13e7/8de27dbf11eb6c99027db/1636145662_mp3-med.mp3","size":3980265}}},"mobile":{"video":"https://coub-anubis-a.akamaized.net/coub_storage/coub/simple/cw_file/614b2dd058b/4ab80322efd82df943ea3/muted_mp4_med_size_1636145617_muted_med.mp4","audio":["https://coub-anubis-a.akamaized.net/coub_storage/coub/simple/cw_looped_audio_med/1bc067b13e7/8de27dbf11eb6c99027db/1636145662_mp3-med.mp3"]},"share":{"default":"https://coub-anubis-a.akamaized.net/coub_storage/coub/simple/cw_video_for_sharing/d916fb3e5be/624bd23b2a5b5966277e7/1636145708_looped_1636145706.mp4"}},"audio_versions":{"template":"https://coub-anubis-a.akamaized.net/coub_storage/audio_track/cw_normalized_copy/b6ac62c37e0/732e4888154a34baeea00/mid_1636145646_normalized_1636145622_1rfm37h_edited.mp3","versions":["mid","low"]},"image_versions":{"template":"https://coub-anubis-a.akamaized.net/coub_storage/coub/simple/cw_image/4f0addfbdaf/293fb8aed595dcd8b4baa/%{version}_1636145672_00031.jpg","versions":["micro","tiny","age_restricted","ios_large","ios_mosaic","big","med","small","pinterest"]},"first_frame_versions":{"template":"https://coub-anubis-a.akamaized.net/coub_storage/coub/simple/cw_timeline_pic/5d88ff70f52/7624d2834d091f71ab98b/%{version}_1636145672_image.jpg","versions":["big","med","small","ios_large"]},"dimensions":{"big":[1280,800],"med":[640,400]},"site_w_h":[640,400],"page_w_h":[640,400],"site_w_h_small":[310,194],"size":[1280,800],"age_restricted":false,"age_restricted_by_admin":false,"not_safe_for_work":false,"allow_reuse":false,"dont_crop":true,"banned":false,"global_safe":null,"audio_file_url":"https://coub-anubis-a.akamaized.net/coub_storage/audio_track/cw_normalized_copy/b6ac62c37e0/732e4888154a34baeea00/low_1636145646_normalized_1636145622_1rfm37h_edited.mp3","external_download":{"type":"Youtube","service_name":"YouTube","url":"https://www.youtube.com/watch?v=pJ64BmM3bKw&ab_channel=%EA%B4%91%EC%8C%A4","has_embed":true},"application":null,"channel":{"id":12118978,"permalink":"samsepi0l","title":"samsepi0l","description":null,"followers_count":20,"following_count":25,"avatar_versions":{"template":"https://coub-anubis-a.akamaized.net/coub_storage/channel/cw_avatar/20212806034/3f12ec660fddb1f48732d/%{version}_1632194867_agr.jpg","versions":["medium","medium_2x","profile_pic","profile_pic_new","profile_pic_new_2x","tiny","tiny_2x","small","small_2x","ios_large","ios_small"]}},"file":null,"picture":"https://coub-anubis-a.akamaized.net/coub_storage/coub/simple/cw_image/4f0addfbdaf/293fb8aed595dcd8b4baa/med_1636145672_00031.jpg","timeline_picture":"https://coub-anubis-a.akamaized.net/coub_storage/coub/simple/cw_timeline_pic/5d88ff70f52/7624d2834d091f71ab98b/ios_large_1636145672_image.jpg","small_picture":"https://coub-anubis-a.akamaized.net/coub_storage/coub/simple/cw_image/4f0addfbdaf/293fb8aed595dcd8b4baa/ios_mosaic_1636145672_00031.jpg","sharing_picture":null,"percent_done":100,"tags":[{"id":6514,"title":"japan","value":"japan"},{"id":64154,"title":"restored","value":"restored"},{"id":2327,"title":"tokyo","value":"tokyo"},{"id":5090155,"title":"retro japan","value":"retro%20japan"},{"id":6187326,"title":"japan 80s city pop","value":"japan%2080s%20city%20pop"},{"id":8580,"title":"hd","value":"hd"},{"id":696573,"title":"tokyostreetview","value":"tokyostreetview"},{"id":48500,"title":"4k","value":"4k"},{"id":696567,"title":"japan street","value":"japan%20street"},{"id":696566,"title":"tokyo street","value":"tokyo%20street"},{"id":4022,"title":"nostalgia","value":"nostalgia"},{"id":1608,"title":"80s","value":"80s"},{"id":1169,"title":"90s","value":"90s"},{"id":194,"title":"retro","value":"retro"},{"id":88172,"title":"stay with me","value":"stay%20with%20me"}],"categories":[{"id":9,"title":"Nature & Travel","permalink":"nature-travel","subscriptions_count":10070807,"big_image_url":"https://coub-anubis-a.akamaized.net/coub_storage/category/cw_image/a4b57370b28/3c9d9a8cf4246d5a30610/big_1545567929_Nature.png","small_image_url":"https://coub-anubis-a.akamaized.net/coub_storage/category/cw_image/a4b57370b28/3c9d9a8cf4246d5a30610/small_1545567929_Nature.png","med_image_url":"https://coub-anubis-a.akamaized.net/coub_storage/category/cw_image/a4b57370b28/3c9d9a8cf4246d5a30610/med_1545567929_Nature.png","visible":true}],"communities":[{"id":9,"title":"Nature & Travel","permalink":"nature-travel","subscriptions_count":10070807,"big_image_url":"https://coub-anubis-a.akamaized.net/coub_storage/category/cw_image/a4b57370b28/3c9d9a8cf4246d5a30610/big_1545567929_Nature.png","small_image_url":"https://coub-anubis-a.akamaized.net/coub_storage/category/cw_image/a4b57370b28/3c9d9a8cf4246d5a30610/small_1545567929_Nature.png","med_image_url":"https://coub-anubis-a.akamaized.net/coub_storage/category/cw_image/a4b57370b28/3c9d9a8cf4246d5a30610/med_1545567929_Nature.png","i_subscribed":true,"community_notifications_enabled":null,"description":null}],"recoubs_count":471,"remixes_count":0,"likes_count":2525,"dislikes_count":0,"raw_video_id":16900555,"uploaded_by_ios_app":false,"uploaded_by_android_app":false,"media_blocks":{"uploaded_raw_videos":[],"external_raw_videos":[{"id":39998938,"title":"80년대 감성은 이 광고 하나로!! (I Feel Coke)","url":"https://www.youtube.com/watch?v=pJ64BmM3bKw","image":"https://coub-anubis-a.akamaized.net/coub_storage/media_block/cw_image/6a401c92283/a796c5d424887f74e949b/video_1636144935_1v82421_1636144822_1636144815_16953n_att-url-download.webp","image_retina":"https://coub-anubis-a.akamaized.net/coub_storage/media_block/cw_image/6a401c92283/a796c5d424887f74e949b/video_retina_1636144935_1v82421_1636144822_1636144815_16953n_att-url-download.webp","meta":{"service":"Youtube","duration":"718.0"},"duration":718.0,"raw_video_id":16900555,"has_embed":true},{"id":39998775,"title":"森高千里 『ザ・ストレス -ストレス 中近東バージョン-』 (PV)","url":"https://www.youtube.com/watch?v=C63a68IRsrM","image":"https://coub-anubis-a.akamaized.net/coub_storage/media_block/cw_image/f90c3525b18/a27094db6fef096c1b133/video_1636144392_1envkmz_1636144356_1636144354_194rcxi_att-url-download.webp","image_retina":"https://coub-anubis-a.akamaized.net/coub_storage/media_block/cw_image/f90c3525b18/a27094db6fef096c1b133/video_retina_1636144392_1envkmz_1636144356_1636144354_194rcxi_att-url-download.webp","meta":{"service":"Youtube","duration":"307.0"},"duration":307.0,"raw_video_id":16900538,"has_embed":true},{"id":39998411,"title":"Nostalgic Footage | Japan 80s HD | Part. II","url":"https://www.youtube.com/watch?v=ZZXpzQNrmjA","image":"https://coub-anubis-a.akamaized.net/coub_storage/media_block/cw_image/8fd34094c88/d286da9e87b6ac2ab3595/video_1636143341_1mojn5v_1636143259_1636143256_1ikwj7n_att-url-download.webp","image_retina":"https://coub-anubis-a.akamaized.net/coub_storage/media_block/cw_image/8fd34094c88/d286da9e87b6ac2ab3595/video_retina_1636143341_1mojn5v_1636143259_1636143256_1ikwj7n_att-url-download.webp","meta":{"service":"Youtube","duration":"305.661"},"duration":305.661,"raw_video_id":16900486,"has_embed":true},{"id":39998481,"title":"Japan 80s HD | Digital restored 1980 Footage | 1080p","url":"https://www.youtube.com/watch?v=C_qi8XVP8W0","image":"https://coub-anubis-a.akamaized.net/coub_storage/media_block/cw_image/4d0810bddb6/fcfe8236fc2165483319f/video_1636143518_15h29l0_1636143447_1636143445_xofjl5_att-url-download.webp","image_retina":"https://coub-anubis-a.akamaized.net/coub_storage/media_block/cw_image/4d0810bddb6/fcfe8236fc2165483319f/video_retina_1636143518_15h29l0_1636143447_1636143445_xofjl5_att-url-download.webp","meta":{"service":"Youtube","duration":"242.141"},"duration":242.141,"raw_video_id":16900493,"has_embed":true}],"remixed_from_coubs":[{"id":39972533,"title":"Grand Rule","url":"https://coub.com/coubs/2xofmx/remix","image":"https://coub-anubis-a.akamaized.net/coub_storage/media_block/cw_image/78fc4e8fb30/16027ef49111ef3006077/video_1635993120_rz5dzr_1635993067_00027.jpg","image_retina":"https://coub-anubis-a.akamaized.net/coub_storage/media_block/cw_image/78fc4e8fb30/16027ef49111ef3006077/video_retina_1635993120_rz5dzr_1635993067_00027.jpg","meta":{"duration":"8.56"},"duration":null,"coub_channel_title":"Kotouma","coub_channel_permalink":"kotoumaka","coub_views_count":580777,"coub_permalink":"2xofmx"}],"external_video":{"id":39998938,"title":"80년대 감성은 이 광고 하나로!! (I Feel Coke)","url":"https://www.youtube.com/watch?v=pJ64BmM3bKw","image":"https://coub-anubis-a.akamaized.net/coub_storage/media_block/cw_image/6a401c92283/a796c5d424887f74e949b/video_1636144935_1v82421_1636144822_1636144815_16953n_att-url-download.webp","image_retina":"https://coub-anubis-a.akamaized.net/coub_storage/media_block/cw_image/6a401c92283/a796c5d424887f74e949b/video_retina_1636144935_1v82421_1636144822_1636144815_16953n_att-url-download.webp","meta":{"service":"Youtube","duration":"718.0"},"duration":718.0,"raw_video_id":16900555,"has_embed":true}},"raw_video_thumbnail_url":"https://coub-anubis-a.akamaized.net/coub_storage/raw_video/cw_image/6ce12559d59/da8d3577b229f2777299e/coub_media_1636144822_1636144815_16953n_att-url-download.webp","raw_video_title":"80년대 감성은 이 광고 하나로!! (I Feel Coke)","video_block_banned":false,"duration":9.68,"promo_winner":false,"promo_winner_recoubers":null,"editorial_info":{},"promo_hint":null,"beeline_best_2014":null,"from_web_editor":true,"normalize_sound":true,"normalize_change_allowed":true,"best2015_addable":false,"ahmad_promo":null,"promo_data":null,"audio_copyright_claim":null,"ads_disabled":false,"is_safe_for_ads":true,"megafon_contents":[],"position_on_page":10}]}