{"page":395,"per_page":10,"total_pages":500,"coubs":[{"flag":null,"abuses":null,"recoubs_by_users_channels":null,"favourite":false,"promoted_id":null,"recoub":null,"like":null,"dislike":null,"reaction":null,"in_my_best2015":false,"id":118799456,"type":"Coub::Simple","permalink":"1ybnm3","title":"Бесконечность, вечность, гармония","visibility_type":"public","original_visibility_type":"public","channel_id":208501,"created_at":"2019-07-23T10:15:17Z","updated_at":"2022-02-28T07:29:50Z","is_done":true,"views_count":65109,"cotd":null,"cotd_at":null,"visible_on_explore_root":false,"visible_on_explore":false,"featured":false,"published":true,"published_at":"2019-07-23T10:15:17Z","reversed":false,"from_editor_v2":true,"is_editable":true,"original_sound":false,"has_sound":false,"recoub_to":null,"file_versions":{"html5":{"video":{"higher":{"url":"https://coub-anubis-a.akamaized.net/coub_storage/coub/simple/cw_file/85396adec96/ed2f89691e9167c33deb5/muted_mp4_huge_size_1568857466_muted_huge.mp4","size":7349556},"high":{"url":"https://coub-anubis-a.akamaized.net/coub_storage/coub/simple/cw_file/85396adec96/ed2f89691e9167c33deb5/muted_mp4_big_size_1568857466_muted_big.mp4","size":5013337},"med":{"url":"https://coub-anubis-a.akamaized.net/coub_storage/coub/simple/cw_file/85396adec96/ed2f89691e9167c33deb5/muted_mp4_med_size_1568857466_muted_med.mp4","size":1710096}},"audio":{"high":{"url":"https://coub-anubis-a.akamaized.net/coub_storage/coub/simple/cw_looped_audio_high/bd64d8204cf/f9b9cca80d8c635d1e76b/1605647343_high_1563876950_high.mp3","size":3469315},"med":{"url":"https://coub-anubis-a.akamaized.net/coub_storage/coub/simple/cw_looped_audio_med/3127c15c215/6cf90cdef63ac049a3be9/1605647343_med_1563876950_med.mp3","size":2496057}}},"mobile":{"video":"https://coub-anubis-a.akamaized.net/coub_storage/coub/simple/cw_file/85396adec96/ed2f89691e9167c33deb5/muted_mp4_med_size_1568857466_muted_med.mp4","audio":["https://coub-anubis-a.akamaized.net/coub_storage/coub/simple/cw_looped_audio_med/3127c15c215/6cf90cdef63ac049a3be9/1605647343_med_1563876950_med.mp3"]},"share":{"default":"https://coub-anubis-a.akamaized.net/coub_storage/coub/simple/cw_video_for_sharing/095f0e67840/d04613968652699640e87/1609136632_looped_1609136631.mp4"}},"audio_versions":{"template":"https://coub-anubis-a.akamaized.net/coub_storage/audio_track/cw_normalized_copy/21887c54b2f/c7991ad3481003bc42633/mid_1591345141_normalized_1515423252_audio.mp3","versions":["mid","low"]},"image_versions":{"template":"https://coub-anubis-a.akamaized.net/coub_storage/coub/simple/cw_image/f92a451bff2/2eff3b9921156b1af6dfd/1563876964_00032.jpg","versions":["micro","tiny","age_restricted","ios_large","ios_mosaic","big","med","small","pinterest"]},"first_frame_versions":{"template":"https://coub-anubis-a.akamaized.net/coub_storage/coub/simple/cw_timeline_pic/20905808ee1/67a21acba3940861d85f3/%{version}_1563876963_image.jpg","versions":["big","med","small","ios_large"]},"dimensions":{"big":[1280,720],"med":[640,360]},"site_w_h":[640,360],"page_w_h":[640,360],"site_w_h_small":[310,174],"size":[1280,720],"age_restricted":false,"age_restricted_by_admin":false,"not_safe_for_work":false,"allow_reuse":false,"dont_crop":false,"banned":false,"global_safe":false,"audio_file_url":"https://coub-anubis-a.akamaized.net/coub_storage/audio_track/cw_normalized_copy/21887c54b2f/c7991ad3481003bc42633/low_1591345141_normalized_1515423252_audio.mp3","external_download":false,"application":null,"channel":{"id":208501,"permalink":"spacemakerman","title":"spacemakerman","description":null,"followers_count":64,"following_count":43,"avatar_versions":{"template":"https://coub-anubis-a.akamaized.net/coub_storage/channel/cw_avatar/fa323e77a5d/fb072df24a0e903e2fe48/%{version}_1493676100_zoom2.jpg","versions":["medium","medium_2x","profile_pic","profile_pic_new","profile_pic_new_2x","tiny","tiny_2x","small","small_2x","ios_large","ios_small"]}},"file":null,"picture":"https://coub-anubis-a.akamaized.net/coub_storage/coub/simple/cw_image/f92a451bff2/2eff3b9921156b1af6dfd/1563876964_00032.jpg","timeline_picture":"https://coub-anubis-a.akamaized.net/coub_storage/coub/simple/cw_timeline_pic/20905808ee1/67a21acba3940861d85f3/ios_large_1563876963_image.jpg","small_picture":"https://coub-anubis-a.akamaized.net/coub_storage/coub/simple/cw_image/f92a451bff2/2eff3b9921156b1af6dfd/1563876964_00032.jpg","sharing_picture":null,"percent_done":100,"tags":[{"id":3638,"title":"view","value":"view"},{"id":31629,"title":"awe","value":"awe"},{"id":14261,"title":"ave","value":"ave"},{"id":777,"title":"awesome","value":"awesome"},{"id":327492,"title":"astonishing","value":"astonishing"},{"id":171,"title":"wow","value":"wow"},{"id":1103,"title":"speed","value":"speed"},{"id":298,"title":"love","value":"love"},{"id":3284,"title":"people","value":"people"},{"id":40731,"title":"nations","value":"nations"},{"id":219728,"title":"phylosophy","value":"phylosophy"},{"id":55300,"title":"ecology","value":"ecology"},{"id":3183624,"title":"one home","value":"one%20home"},{"id":3183623,"title":"one planet","value":"one%20planet"},{"id":3183622,"title":"one earth","value":"one%20earth"},{"id":1724115,"title":"so different","value":"so%20different"},{"id":86517,"title":"landscapes","value":"landscapes"},{"id":12713,"title":"land","value":"land"},{"id":48235,"title":"countries","value":"countries"},{"id":2940,"title":"travel","value":"travel"},{"id":10317,"title":"wildlife","value":"wildlife"},{"id":1094,"title":"nature","value":"nature"},{"id":579,"title":"slow motion","value":"slow%20motion"},{"id":1206534,"title":"dubai film","value":"dubai%20film"},{"id":3174072,"title":"dreamcore","value":"dreamcore"},{"id":462,"title":"m83","value":"m83"},{"id":48500,"title":"4k","value":"4k"},{"id":1342,"title":"timelapse","value":"timelapse"},{"id":1962,"title":"dubai","value":"dubai"},{"id":52783,"title":"infinity","value":"infinity"},{"id":30824,"title":"eternity","value":"eternity"},{"id":13134,"title":"harmony","value":"harmony"}],"categories":[{"id":9,"title":"Nature & Travel","permalink":"nature-travel","subscriptions_count":10070807,"big_image_url":"https://coub-anubis-a.akamaized.net/coub_storage/category/cw_image/a4b57370b28/3c9d9a8cf4246d5a30610/big_1545567929_Nature.png","small_image_url":"https://coub-anubis-a.akamaized.net/coub_storage/category/cw_image/a4b57370b28/3c9d9a8cf4246d5a30610/small_1545567929_Nature.png","med_image_url":"https://coub-anubis-a.akamaized.net/coub_storage/category/cw_image/a4b57370b28/3c9d9a8cf4246d5a30610/med_1545567929_Nature.png","visible":true}],"communities":[{"id":9,"title":"Nature & Travel","permalink":"nature-travel","subscriptions_count":10070807,"big_image_url":"https://coub-anubis-a.akamaized.net/coub_storage/category/cw_image/a4b57370b28/3c9d9a8cf4246d5a30610/big_1545567929_Nature.png","small_image_url":"https://coub-anubis-a.akamaized.net/coub_storage/category/cw_image/a4b57370b28/3c9d9a8cf4246d5a30610/small_1545567929_Nature.png","med_image_url":"https://coub-anubis-a.akamaized.net/coub_storage/category/cw_image/a4b57370b28/3c9d9a8cf4246d5a30610/med_1545567929_Nature.png","i_subscribed":true,"community_notifications_enabled":null,"description":null}],"recoubs_count":168,"remixes_count":0,"likes_count":834,"dislikes_count":0,"raw_video_id":"","uploaded_by_ios_app":false,"uploaded_by_android_app":false,"media_blocks":{"uploaded_raw_videos":[],"external_raw_videos":[],"remixed_from_coubs":[{"id":21509143,"title":"Now And Forever","url":"http://coub.com/coubs/vzr6l/remix","image":"https://coub-anubis-a.akamaized.net/coub_storage/media_block/cw_image/2683c9dd4fd/09a840d781948451b2db5/1500293433_1500293402_00032.jpg","image_retina":"https://coub-anubis-a.akamaized.net/coub_storage/media_block/cw_image/2683c9dd4fd/09a840d781948451b2db5/1500293433_1500293402_00032.jpg","meta":{"duration":"10.0"},"duration":null,"coub_channel_title":"Fear, Loathing, Internet","coub_channel_permalink":"fearloathinginternet","coub_views_count":31135,"coub_permalink":"vzr6l"}]},"raw_video_thumbnail_url":"","raw_video_title":"","video_block_banned":false,"duration":10.0,"promo_winner":false,"promo_winner_recoubers":null,"editorial_info":{},"promo_hint":null,"beeline_best_2014":null,"from_web_editor":true,"normalize_sound":true,"normalize_change_allowed":true,"best2015_addable":false,"ahmad_promo":null,"promo_data":null,"audio_copyright_claim":null,"ads_disabled":false,"is_safe_for_ads":true,"megafon_contents":[],"position_on_page":1},{"flag":null,"abuses":null,"recoubs_by_users_channels":null,"favourite":false,"promoted_id":null,"recoub":null,"like":null,"dislike":null,"reaction":null,"in_my_best2015":false,"id":12245,"type":"Coub::Simple","permalink":"mg6x25","title":"Indigo & Cloth 2012/2013 Film","visibility_type":"public","original_visibility_type":"public","channel_id":1157474,"created_at":"2012-12-18T22:57:12Z","updated_at":"2022-03-05T11:43:29Z","is_done":true,"views_count":41168,"cotd":true,"cotd_at":"2012-12-25","visible_on_explore_root":true,"visible_on_explore":true,"featured":true,"published":true,"published_at":"2012-12-18T22:57:12Z","reversed":true,"from_editor_v2":true,"is_editable":true,"original_sound":false,"has_sound":false,"recoub_to":null,"file_versions":{"html5":{"video":{"higher":{"url":"https://coub-anubis-a.akamaized.net/coub_storage/coub/simple/cw_file/2014c33ec18/84cd26cd657a9ffbbafa2/muted_mp4_huge_size_1567670376_muted_huge.mp4","size":196825},"high":{"url":"https://coub-anubis-a.akamaized.net/coub_storage/coub/simple/cw_file/2014c33ec18/84cd26cd657a9ffbbafa2/muted_mp4_big_size_1567670376_muted_big.mp4","size":136732},"med":{"url":"https://coub-anubis-a.akamaized.net/coub_storage/coub/simple/cw_file/2014c33ec18/84cd26cd657a9ffbbafa2/muted_mp4_med_size_1567670376_muted_med.mp4","size":50777}},"audio":{"high":{"url":"https://coub-anubis-a.akamaized.net/coub_storage/coub/simple/cw_looped_audio_high/5d815e5e790/0dfe525a17d1329ce90e7/1605350390_high_1445983354_high.mp3","size":8451133},"med":{"url":"https://coub-anubis-a.akamaized.net/coub_storage/coub/simple/cw_looped_audio_med/1ac88616b26/35aabc7a7abd490920805/1605350389_med_1445983354_med.mp3","size":5634088}}},"mobile":{"video":"https://coub-anubis-a.akamaized.net/coub_storage/coub/simple/cw_file/2014c33ec18/84cd26cd657a9ffbbafa2/muted_mp4_med_size_1567670376_muted_med.mp4","audio":["https://coub-anubis-a.akamaized.net/coub_storage/coub/simple/cw_looped_audio_med/1ac88616b26/35aabc7a7abd490920805/1605350389_med_1445983354_med.mp3"]},"share":{"default":"https://coub-anubis-a.akamaized.net/coub_storage/coub/simple/cw_video_for_sharing/16bc67b93b1/478cdf34f97fc2fffd8a4/1612713037_looped_1612713037.mp4"}},"audio_versions":{"template":"https://coub-anubis-a.akamaized.net/coub_storage/audio_track/cw_file/2061a169e5b/97c78bb049b36ed743569/mid_1415034912_1355871393_c60a17b334401d.mp3","versions":["mid","low"]},"image_versions":{"template":"https://coub-anubis-a.akamaized.net/coub_storage/coub/simple/cw_image/3e78f773685/f22d0cad719242d72e2f4/1409080440_1381495679_00003.jpg","versions":["micro","tiny","age_restricted","ios_large","ios_mosaic","big","med","small","pinterest"]},"first_frame_versions":{"template":"https://coub-anubis-a.akamaized.net/coub_storage/coub/simple/cw_timeline_pic/3e78f773685/f22d0cad719242d72e2f4/%{version}_1409082545_1382454749_image.jpg","versions":["big","med","small","ios_large"]},"dimensions":{"big":[1280,720],"med":[640,360]},"site_w_h":[640,360],"page_w_h":[640,360],"site_w_h_small":[310,174],"size":[1280,720],"age_restricted":false,"age_restricted_by_admin":false,"not_safe_for_work":null,"allow_reuse":false,"dont_crop":false,"banned":false,"global_safe":true,"audio_file_url":"https://coub-anubis-a.akamaized.net/coub_storage/audio_track/cw_file/2061a169e5b/97c78bb049b36ed743569/low_1415034912_1355871393_c60a17b334401d.mp3","external_download":{"type":"Vimeo","service_name":"Vimeo","url":"http://vimeo.com/52629174","has_embed":true},"application":null,"channel":{"id":1157474,"permalink":"dafne.velia","title":"Dafne Velia","description":null,"followers_count":283,"following_count":82,"avatar_versions":{"template":"https://coub-anubis-a.akamaized.net/coub_storage/channel/cw_avatar/35f974a7feb/d76a97911b67d87820aad/%{version}_1608400439_1nt37f_1474553915_vqahki_att-url-download.jpg","versions":["medium","medium_2x","profile_pic","profile_pic_new","profile_pic_new_2x","tiny","tiny_2x","small","small_2x","ios_large","ios_small"]}},"file":null,"picture":"https://coub-anubis-a.akamaized.net/coub_storage/coub/simple/cw_image/3e78f773685/f22d0cad719242d72e2f4/1409080440_1381495679_00003.jpg","timeline_picture":"https://coub-anubis-a.akamaized.net/coub_storage/coub/simple/cw_timeline_pic/3e78f773685/f22d0cad719242d72e2f4/ios_large_1409082545_1382454749_image.jpg","small_picture":"https://coub-anubis-a.akamaized.net/coub_storage/coub/simple/cw_image/3e78f773685/f22d0cad719242d72e2f4/1409080440_1381495679_00003.jpg","sharing_picture":null,"percent_done":100,"tags":[],"categories":[{"id":9,"title":"Nature & Travel","permalink":"nature-travel","subscriptions_count":10070807,"big_image_url":"https://coub-anubis-a.akamaized.net/coub_storage/category/cw_image/a4b57370b28/3c9d9a8cf4246d5a30610/big_1545567929_Nature.png","small_image_url":"https://coub-anubis-a.akamaized.net/coub_storage/category/cw_image/a4b57370b28/3c9d9a8cf4246d5a30610/small_1545567929_Nature.png","med_image_url":"https://coub-anubis-a.akamaized.net/coub_storage/category/cw_image/a4b57370b28/3c9d9a8cf4246d5a30610/med_1545567929_Nature.png","visible":true}],"communities":[{"id":9,"title":"Nature & Travel","permalink":"nature-travel","subscriptions_count":10070807,"big_image_url":"https://coub-anubis-a.akamaized.net/coub_storage/category/cw_image/a4b57370b28/3c9d9a8cf4246d5a30610/big_1545567929_Nature.png","small_image_url":"https://coub-anubis-a.akamaized.net/coub_storage/category/cw_image/a4b57370b28/3c9d9a8cf4246d5a30610/small_1545567929_Nature.png","med_image_url":"https://coub-anubis-a.akamaized.net/coub_storage/category/cw_image/a4b57370b28/3c9d9a8cf4246d5a30610/med_1545567929_Nature.png","i_subscribed":true,"community_notifications_enabled":null,"description":null}],"recoubs_count":217,"remixes_count":0,"likes_count":834,"dislikes_count":0,"raw_video_id":11908,"uploaded_by_ios_app":false,"uploaded_by_android_app":false,"media_blocks":{"uploaded_raw_videos":[],"external_raw_videos":[{"id":10932087,"title":"Indigo & Cloth A\\/W 2012 Film","url":"http://vimeo.com/52629174","image":"https://coub-anubis-a.akamaized.net/coub_storage/media_block/cw_image/88280787149/6cf7f0eeb7d65040313df/1488374385_1407441492_1395323329_rph3v9_att-url-download.jpg","image_retina":"https://coub-anubis-a.akamaized.net/coub_storage/media_block/cw_image/88280787149/6cf7f0eeb7d65040313df/1488374385_1407441492_1395323329_rph3v9_att-url-download.jpg","meta":{"service":"Vimeo","duration":"77.48"},"duration":77.48,"raw_video_id":11908,"has_embed":true}],"remixed_from_coubs":[],"external_video":{"id":10932087,"title":"Indigo & Cloth A\\/W 2012 Film","url":"http://vimeo.com/52629174","image":"https://coub-anubis-a.akamaized.net/coub_storage/media_block/cw_image/88280787149/6cf7f0eeb7d65040313df/1488374385_1407441492_1395323329_rph3v9_att-url-download.jpg","image_retina":"https://coub-anubis-a.akamaized.net/coub_storage/media_block/cw_image/88280787149/6cf7f0eeb7d65040313df/1488374385_1407441492_1395323329_rph3v9_att-url-download.jpg","meta":{"service":"Vimeo","duration":"77.48"},"duration":77.48,"raw_video_id":11908,"has_embed":true},"audio_track":{"id":18990975,"title":"Moments In Love","url":"https://geo.itunes.apple.com/us/album/moments-in-love-12-version/id294511063?i=294511126&uo=4&at=10l5bB&app=music","image":"https://coub-anubis-a.akamaized.net/coub_storage/media_block/cw_image/95c661d2331/a8c322a4d72fe9df5f9db/1492032684_1407421186_1378866910_att-url-download20130910-4367-kwehkn.jpg","image_retina":"https://coub-anubis-a.akamaized.net/coub_storage/media_block/cw_image/95c661d2331/a8c322a4d72fe9df5f9db/1492032684_1407421186_1378866910_att-url-download20130910-4367-kwehkn.jpg","meta":{"year":null,"album":null,"title":"Moments In Love","artist":"Art of Noise","echonest_id":null},"duration":null,"amazon_url":null,"google_play_url":null,"bandcamp_url":null,"soundcloud_url":null,"track_name":null,"track_artist":null,"track_album":null,"itunes_url":"https://geo.itunes.apple.com/us/album/moments-in-love-12-version/id294511063?i=294511126&uo=4&at=10l5bB&app=music"}},"raw_video_thumbnail_url":"/missing/missing.png","raw_video_title":"Indigo & Cloth A\\\\/W 2012 Film","video_block_banned":false,"duration":0.88,"promo_winner":false,"promo_winner_recoubers":null,"editorial_info":{},"promo_hint":null,"beeline_best_2014":null,"from_web_editor":true,"normalize_sound":true,"normalize_change_allowed":true,"best2015_addable":false,"ahmad_promo":null,"promo_data":null,"audio_copyright_claim":null,"ads_disabled":null,"is_safe_for_ads":true,"megafon_contents":[],"position_on_page":2},{"flag":null,"abuses":null,"recoubs_by_users_channels":null,"favourite":false,"promoted_id":null,"recoub":null,"like":null,"dislike":null,"reaction":null,"in_my_best2015":false,"id":175397137,"type":"Coub::Simple","permalink":"2w2w77","title":" Darkest Hour","visibility_type":"public","original_visibility_type":"public","channel_id":2916682,"created_at":"2021-09-12T19:21:14Z","updated_at":"2022-03-09T15:40:50Z","is_done":true,"views_count":66182,"cotd":null,"cotd_at":null,"visible_on_explore_root":false,"visible_on_explore":false,"featured":false,"published":true,"published_at":"2021-09-12T19:21:14Z","reversed":false,"from_editor_v2":true,"is_editable":true,"original_sound":false,"has_sound":false,"recoub_to":null,"file_versions":{"html5":{"video":{"higher":{"url":"https://coub-anubis-a.akamaized.net/coub_storage/coub/simple/cw_file/6721aa84232/209c2fc6d9e85226ca845/muted_mp4_huge_size_1631474483_muted_huge.mp4","size":3327345},"high":{"url":"https://coub-anubis-a.akamaized.net/coub_storage/coub/simple/cw_file/6721aa84232/209c2fc6d9e85226ca845/muted_mp4_big_size_1631474483_muted_big.mp4","size":2181370},"med":{"url":"https://coub-anubis-a.akamaized.net/coub_storage/coub/simple/cw_file/6721aa84232/209c2fc6d9e85226ca845/muted_mp4_med_size_1631474483_muted_med.mp4","size":669817}},"audio":{"high":{"url":"https://coub-anubis-a.akamaized.net/coub_storage/coub/simple/cw_looped_audio_high/d8618a7bd65/ccc54f5489b45a6e682dd/1631474511_mp3-high.mp3","size":2401205},"med":{"url":"https://coub-anubis-a.akamaized.net/coub_storage/coub/simple/cw_looped_audio_med/9df7000cfe2/cbf044c6532e1cb2b293f/1631474509_mp3-med.mp3","size":1754059}}},"mobile":{"video":"https://coub-anubis-a.akamaized.net/coub_storage/coub/simple/cw_file/6721aa84232/209c2fc6d9e85226ca845/muted_mp4_med_size_1631474483_muted_med.mp4","audio":["https://coub-anubis-a.akamaized.net/coub_storage/coub/simple/cw_looped_audio_med/9df7000cfe2/cbf044c6532e1cb2b293f/1631474509_mp3-med.mp3"]},"share":{"default":"https://coub-anubis-a.akamaized.net/coub_storage/coub/simple/cw_video_for_sharing/68fd761ecb8/b0ca01e436c9972e35699/1631474549_looped_1631474548.mp4"}},"audio_versions":{"template":"https://coub-anubis-a.akamaized.net/coub_storage/audio_track/cw_normalized_copy/927ac7d532d/cdc54a1aef738e2d6d849/mid_1631474499_normalized_1631474486_1k26to5_edited.mp3","versions":["mid","low"]},"image_versions":{"template":"https://coub-anubis-a.akamaized.net/coub_storage/coub/simple/cw_image/7ee183c7b1e/e300045da286eb8a97523/%{version}_1631474522_00032.jpg","versions":["micro","tiny","age_restricted","ios_large","ios_mosaic","big","med","small","pinterest"]},"first_frame_versions":{"template":"https://coub-anubis-a.akamaized.net/coub_storage/coub/simple/cw_timeline_pic/a512319cac6/1574ca563af180b28c170/%{version}_1631474521_image.jpg","versions":["big","med","small","ios_large"]},"dimensions":{"big":[1280,720],"med":[640,360]},"site_w_h":[640,360],"page_w_h":[640,360],"site_w_h_small":[310,174],"size":[1280,720],"age_restricted":false,"age_restricted_by_admin":false,"not_safe_for_work":null,"allow_reuse":false,"dont_crop":true,"banned":false,"global_safe":null,"audio_file_url":"https://coub-anubis-a.akamaized.net/coub_storage/audio_track/cw_normalized_copy/927ac7d532d/cdc54a1aef738e2d6d849/low_1631474499_normalized_1631474486_1k26to5_edited.mp3","external_download":false,"application":null,"channel":{"id":2916682,"permalink":"frondcoub","title":"Frond","description":null,"followers_count":33,"following_count":6,"avatar_versions":{"template":"https://coub-anubis-a.akamaized.net/coub_storage/channel/cw_avatar/54105508de9/def312d4d5e562bf86fdf/%{version}_1629227583_LOGO_____________________.png","versions":["medium","medium_2x","profile_pic","profile_pic_new","profile_pic_new_2x","tiny","tiny_2x","small","small_2x","ios_large","ios_small"]}},"file":null,"picture":"https://coub-anubis-a.akamaized.net/coub_storage/coub/simple/cw_image/7ee183c7b1e/e300045da286eb8a97523/med_1631474522_00032.jpg","timeline_picture":"https://coub-anubis-a.akamaized.net/coub_storage/coub/simple/cw_timeline_pic/a512319cac6/1574ca563af180b28c170/ios_large_1631474521_image.jpg","small_picture":"https://coub-anubis-a.akamaized.net/coub_storage/coub/simple/cw_image/7ee183c7b1e/e300045da286eb8a97523/ios_mosaic_1631474522_00032.jpg","sharing_picture":null,"percent_done":100,"tags":[{"id":5022160,"title":"wait for it..... wow! look at this lightning crawl across the sky on i-35 sou...","value":"wait%20for%20it.....%20wow!%20look%20at%20this%20lightning%20crawl%20across%20the%20sky%20on%20i-35%20sou..."},{"id":10282,"title":"lighting","value":"lighting"},{"id":1303509,"title":"lighting strike","value":"lighting%20strike"},{"id":4837,"title":"dope","value":"dope"},{"id":173,"title":"epic","value":"epic"},{"id":1094,"title":"nature","value":"nature"},{"id":1126,"title":"amazing","value":"amazing"},{"id":331,"title":"trap","value":"trap"},{"id":777,"title":"awesome","value":"awesome"},{"id":234,"title":"crazy","value":"crazy"},{"id":3969,"title":"skyfall","value":"skyfall"},{"id":1746,"title":"1","value":"1"}],"categories":[{"id":9,"title":"Nature & Travel","permalink":"nature-travel","subscriptions_count":10070807,"big_image_url":"https://coub-anubis-a.akamaized.net/coub_storage/category/cw_image/a4b57370b28/3c9d9a8cf4246d5a30610/big_1545567929_Nature.png","small_image_url":"https://coub-anubis-a.akamaized.net/coub_storage/category/cw_image/a4b57370b28/3c9d9a8cf4246d5a30610/small_1545567929_Nature.png","med_image_url":"https://coub-anubis-a.akamaized.net/coub_storage/category/cw_image/a4b57370b28/3c9d9a8cf4246d5a30610/med_1545567929_Nature.png","visible":true}],"communities":[{"id":9,"title":"Nature & Travel","permalink":"nature-travel","subscriptions_count":10070807,"big_image_url":"https://coub-anubis-a.akamaized.net/coub_storage/category/cw_image/a4b57370b28/3c9d9a8cf4246d5a30610/big_1545567929_Nature.png","small_image_url":"https://coub-anubis-a.akamaized.net/coub_storage/category/cw_image/a4b57370b28/3c9d9a8cf4246d5a30610/small_1545567929_Nature.png","med_image_url":"https://coub-anubis-a.akamaized.net/coub_storage/category/cw_image/a4b57370b28/3c9d9a8cf4246d5a30610/med_1545567929_Nature.png","i_subscribed":true,"community_notifications_enabled":null,"description":null}],"recoubs_count":141,"remixes_count":0,"likes_count":833,"dislikes_count":0,"raw_video_id":"","uploaded_by_ios_app":false,"uploaded_by_android_app":false,"media_blocks":{"uploaded_raw_videos":[],"external_raw_videos":[],"remixed_from_coubs":[{"id":32246906,"title":"Darkest Hour ","url":"https://coub.com/coubs/1wa9uk/remix","image":"https://coub-anubis-a.akamaized.net/coub_storage/media_block/cw_image/16b12f1b4ff/9e23901ecc3fb02dd7334/1560789973_1ra4t4k_1560789959_00032.jpg","image_retina":"https://coub-anubis-a.akamaized.net/coub_storage/media_block/cw_image/16b12f1b4ff/9e23901ecc3fb02dd7334/1560789973_1ra4t4k_1560789959_00032.jpg","meta":{"duration":"10.0"},"duration":null,"coub_channel_title":"AlEx","coub_channel_permalink":"alex63058","coub_views_count":542057,"coub_permalink":"1wa9uk"}]},"raw_video_thumbnail_url":"","raw_video_title":"","video_block_banned":false,"duration":9.96,"promo_winner":false,"promo_winner_recoubers":null,"editorial_info":{},"promo_hint":null,"beeline_best_2014":null,"from_web_editor":true,"normalize_sound":true,"normalize_change_allowed":true,"best2015_addable":false,"ahmad_promo":null,"promo_data":null,"audio_copyright_claim":null,"ads_disabled":null,"is_safe_for_ads":true,"megafon_contents":[],"position_on_page":3},{"flag":null,"abuses":null,"recoubs_by_users_channels":null,"favourite":false,"promoted_id":null,"recoub":null,"like":null,"dislike":null,"reaction":null,"in_my_best2015":false,"id":165292438,"type":"Coub::Simple","permalink":"2q2baw","title":"Прыжок","visibility_type":"public","original_visibility_type":"public","channel_id":9864554,"created_at":"2021-03-14T05:58:10Z","updated_at":"2022-03-08T21:49:02Z","is_done":true,"views_count":90747,"cotd":null,"cotd_at":null,"visible_on_explore_root":false,"visible_on_explore":false,"featured":false,"published":true,"published_at":"2021-03-14T05:58:10Z","reversed":false,"from_editor_v2":true,"is_editable":true,"original_sound":true,"has_sound":true,"recoub_to":null,"file_versions":{"html5":{"video":{"higher":{"url":"https://coub-anubis-a.akamaized.net/coub_storage/coub/simple/cw_file/0d063dfd4ae/8de46ddb1e111d564d82f/muted_mp4_huge_size_1615701502_muted_huge.mp4","size":5793115},"high":{"url":"https://coub-anubis-a.akamaized.net/coub_storage/coub/simple/cw_file/0d063dfd4ae/8de46ddb1e111d564d82f/muted_mp4_big_size_1615701502_muted_big.mp4","size":3759764},"med":{"url":"https://coub-anubis-a.akamaized.net/coub_storage/coub/simple/cw_file/0d063dfd4ae/8de46ddb1e111d564d82f/muted_mp4_med_size_1615701502_muted_med.mp4","size":1005717}},"audio":{"high":{"url":"https://coub-anubis-a.akamaized.net/coub_storage/coub/simple/cw_looped_audio_high/614403b486a/e2e92b4dd09f88820565e/1615701504_mp3-high.mp3","size":1097574},"med":{"url":"https://coub-anubis-a.akamaized.net/coub_storage/coub/simple/cw_looped_audio_med/e52dbae9878/0d801b4fed36ac173a3f9/1615701503_mp3-med.mp3","size":924020},"sample_duration":9.66}},"mobile":{"video":"https://coub-anubis-a.akamaized.net/coub_storage/coub/simple/cw_file/0d063dfd4ae/8de46ddb1e111d564d82f/muted_mp4_med_size_1615701502_muted_med.mp4","audio":["https://coub-anubis-a.akamaized.net/coub_storage/coub/simple/cw_looped_audio_med/e52dbae9878/0d801b4fed36ac173a3f9/1615701503_mp3-med.mp3"]},"share":{"default":"https://coub-anubis-a.akamaized.net/coub_storage/coub/simple/cw_video_for_sharing/0cd474558ff/a335ab950aadb1240e922/1615701541_looped_1615701540.mp4"}},"audio_versions":{},"image_versions":{"template":"https://coub-anubis-a.akamaized.net/coub_storage/coub/simple/cw_image/21995049221/f79f4b061f7905644228b/%{version}_1615701511_00031.jpg","versions":["micro","tiny","age_restricted","ios_large","ios_mosaic","big","med","small","pinterest"]},"first_frame_versions":{"template":"https://coub-anubis-a.akamaized.net/coub_storage/coub/simple/cw_timeline_pic/e839b762e56/f0596da8a7e481afd70d7/%{version}_1615701510_image.jpg","versions":["big","med","small","ios_large"]},"dimensions":{"big":[1280,800],"med":[640,400]},"site_w_h":[640,400],"page_w_h":[640,400],"site_w_h_small":[310,194],"size":[1280,800],"age_restricted":false,"age_restricted_by_admin":false,"not_safe_for_work":false,"allow_reuse":false,"dont_crop":true,"banned":false,"global_safe":null,"audio_file_url":null,"external_download":{"type":"Youtube","service_name":"YouTube","url":"https://www.youtube.com/watch?v=B9Z5Yd59us8","has_embed":true},"application":null,"channel":{"id":9864554,"permalink":"aleks-ksandr","title":"Aleks_Ksandr","description":null,"followers_count":4,"following_count":14,"avatar_versions":{"template":"https://coub-anubis-a.akamaized.net/coub_storage/channel/cw_avatar/da7ea20a7d5/f08960e225e46068e6fa4/%{version}_1612452990_Cats_Creative_Glance_Hood_headgear_Black_556207_1920x1200.jpg","versions":["medium","medium_2x","profile_pic","profile_pic_new","profile_pic_new_2x","tiny","tiny_2x","small","small_2x","ios_large","ios_small"]}},"file":null,"picture":"https://coub-anubis-a.akamaized.net/coub_storage/coub/simple/cw_image/21995049221/f79f4b061f7905644228b/med_1615701511_00031.jpg","timeline_picture":"https://coub-anubis-a.akamaized.net/coub_storage/coub/simple/cw_timeline_pic/e839b762e56/f0596da8a7e481afd70d7/ios_large_1615701510_image.jpg","small_picture":"https://coub-anubis-a.akamaized.net/coub_storage/coub/simple/cw_image/21995049221/f79f4b061f7905644228b/ios_mosaic_1615701511_00031.jpg","sharing_picture":null,"percent_done":100,"tags":[],"categories":[{"id":9,"title":"Nature & Travel","permalink":"nature-travel","subscriptions_count":10070807,"big_image_url":"https://coub-anubis-a.akamaized.net/coub_storage/category/cw_image/a4b57370b28/3c9d9a8cf4246d5a30610/big_1545567929_Nature.png","small_image_url":"https://coub-anubis-a.akamaized.net/coub_storage/category/cw_image/a4b57370b28/3c9d9a8cf4246d5a30610/small_1545567929_Nature.png","med_image_url":"https://coub-anubis-a.akamaized.net/coub_storage/category/cw_image/a4b57370b28/3c9d9a8cf4246d5a30610/med_1545567929_Nature.png","visible":true}],"communities":[{"id":9,"title":"Nature & Travel","permalink":"nature-travel","subscriptions_count":10070807,"big_image_url":"https://coub-anubis-a.akamaized.net/coub_storage/category/cw_image/a4b57370b28/3c9d9a8cf4246d5a30610/big_1545567929_Nature.png","small_image_url":"https://coub-anubis-a.akamaized.net/coub_storage/category/cw_image/a4b57370b28/3c9d9a8cf4246d5a30610/small_1545567929_Nature.png","med_image_url":"https://coub-anubis-a.akamaized.net/coub_storage/category/cw_image/a4b57370b28/3c9d9a8cf4246d5a30610/med_1545567929_Nature.png","i_subscribed":true,"community_notifications_enabled":null,"description":null}],"recoubs_count":140,"remixes_count":0,"likes_count":833,"dislikes_count":0,"raw_video_id":16257418,"uploaded_by_ios_app":false,"uploaded_by_android_app":false,"media_blocks":{"uploaded_raw_videos":[],"external_raw_videos":[{"id":38403570,"title":"прыжок в ледяной бассейн","url":"https://www.youtube.com/watch?v=B9Z5Yd59us8","image":"https://coub-anubis-a.akamaized.net/coub_storage/media_block/cw_image/e59e25d8367/40e56ffd71ac60884c2f2/video_1615701249_jf5711_1615701235_1615701234_45yhvh_att-url-download.jpg_sqp_-oaymwEcCNACELwBSFXyq4qpAw4IARUAAIhCGAFwAcABBg___rs_AOn4CLDXEFioOKwBpQKChyqFnVXqS-Glow","image_retina":"https://coub-anubis-a.akamaized.net/coub_storage/media_block/cw_image/e59e25d8367/40e56ffd71ac60884c2f2/video_retina_1615701249_jf5711_1615701235_1615701234_45yhvh_att-url-download.jpg_sqp_-oaymwEcCNACELwBSFXyq4qpAw4IARUAAIhCGAFwAcABBg___rs_AOn4CLDXEFioOKwBpQKChyqFnVXqS-Glow","meta":{"service":"Youtube","duration":"78.52"},"duration":78.52,"raw_video_id":16257418,"has_embed":true}],"remixed_from_coubs":[{"id":38393411,"title":"splash","url":"https://coub.com/coubs/2q0njw/remix","image":"https://coub-anubis-a.akamaized.net/coub_storage/media_block/cw_image/50e444944f6/a6f4cc61e2b26a66368dd/video_1615580997_rhjdao_1615580960_00032.jpg","image_retina":"https://coub-anubis-a.akamaized.net/coub_storage/media_block/cw_image/50e444944f6/a6f4cc61e2b26a66368dd/video_retina_1615580997_rhjdao_1615580960_00032.jpg","meta":{"duration":"10.0"},"duration":null,"coub_channel_title":"Gabi ","coub_channel_permalink":"gabi-hun","coub_views_count":54243,"coub_permalink":"2q0njw"}],"external_video":{"id":38403570,"title":"прыжок в ледяной бассейн","url":"https://www.youtube.com/watch?v=B9Z5Yd59us8","image":"https://coub-anubis-a.akamaized.net/coub_storage/media_block/cw_image/e59e25d8367/40e56ffd71ac60884c2f2/video_1615701249_jf5711_1615701235_1615701234_45yhvh_att-url-download.jpg_sqp_-oaymwEcCNACELwBSFXyq4qpAw4IARUAAIhCGAFwAcABBg___rs_AOn4CLDXEFioOKwBpQKChyqFnVXqS-Glow","image_retina":"https://coub-anubis-a.akamaized.net/coub_storage/media_block/cw_image/e59e25d8367/40e56ffd71ac60884c2f2/video_retina_1615701249_jf5711_1615701235_1615701234_45yhvh_att-url-download.jpg_sqp_-oaymwEcCNACELwBSFXyq4qpAw4IARUAAIhCGAFwAcABBg___rs_AOn4CLDXEFioOKwBpQKChyqFnVXqS-Glow","meta":{"service":"Youtube","duration":"78.52"},"duration":78.52,"raw_video_id":16257418,"has_embed":true}},"raw_video_thumbnail_url":"https://coub-anubis-a.akamaized.net/coub_storage/raw_video/cw_image/fe3b96df667/c3d06eda1d497d2b3a569/coub_media_1615701235_1615701234_45yhvh_att-url-download.jpg_sqp_-oaymwEcCNACELwBSFXyq4qpAw4IARUAAIhCGAFwAcABBg___rs_AOn4CLDXEFioOKwBpQKChyqFnVXqS-Glow","raw_video_title":"прыжок в ледяной бассейн","video_block_banned":false,"duration":9.6,"promo_winner":false,"promo_winner_recoubers":null,"editorial_info":{},"promo_hint":null,"beeline_best_2014":null,"from_web_editor":true,"normalize_sound":true,"normalize_change_allowed":true,"best2015_addable":false,"ahmad_promo":null,"promo_data":null,"audio_copyright_claim":null,"ads_disabled":false,"is_safe_for_ads":true,"megafon_contents":[],"position_on_page":4},{"flag":null,"abuses":null,"recoubs_by_users_channels":null,"favourite":false,"promoted_id":null,"recoub":null,"like":null,"dislike":null,"reaction":null,"in_my_best2015":false,"id":133812953,"type":"Coub::Simple","permalink":"27b5xl","title":"Alone..","visibility_type":"public","original_visibility_type":"public","channel_id":4956408,"created_at":"2020-01-07T17:41:02Z","updated_at":"2022-03-13T15:47:04Z","is_done":true,"views_count":59902,"cotd":null,"cotd_at":null,"visible_on_explore_root":false,"visible_on_explore":false,"featured":false,"published":true,"published_at":"2020-01-07T17:41:02Z","reversed":false,"from_editor_v2":true,"is_editable":true,"original_sound":false,"has_sound":false,"recoub_to":null,"file_versions":{"html5":{"video":{"higher":{"url":"https://coub-anubis-a.akamaized.net/coub_storage/coub/simple/cw_file/b4730369047/6a59cb9a73796d73674cf/muted_mp4_huge_size_1578418878_muted_huge.mp4","size":2783808},"high":{"url":"https://coub-anubis-a.akamaized.net/coub_storage/coub/simple/cw_file/b4730369047/6a59cb9a73796d73674cf/muted_mp4_big_size_1578418878_muted_big.mp4","size":1823013},"med":{"url":"https://coub-anubis-a.akamaized.net/coub_storage/coub/simple/cw_file/b4730369047/6a59cb9a73796d73674cf/muted_mp4_med_size_1578418878_muted_med.mp4","size":548085}},"audio":{"high":{"url":"https://coub-anubis-a.akamaized.net/coub_storage/coub/simple/cw_looped_audio_high/cd52eb82368/4c33bc2bdf674bfc0d07a/1605703194_high_1578418892_high.mp3","size":2473187},"med":{"url":"https://coub-anubis-a.akamaized.net/coub_storage/coub/simple/cw_looped_audio_med/d4dffeb2d4c/ba9e6c4764a309294cc24/1605703193_med_1578418892_med.mp3","size":1887965}}},"mobile":{"video":"https://coub-anubis-a.akamaized.net/coub_storage/coub/simple/cw_file/b4730369047/6a59cb9a73796d73674cf/muted_mp4_med_size_1578418878_muted_med.mp4","audio":["https://coub-anubis-a.akamaized.net/coub_storage/coub/simple/cw_looped_audio_med/d4dffeb2d4c/ba9e6c4764a309294cc24/1605703193_med_1578418892_med.mp3"]},"share":{"default":"https://coub-anubis-a.akamaized.net/coub_storage/coub/simple/cw_video_for_sharing/bb789e3f3d4/0dd0ecaede1207596b9e0/1608237447_looped_1608237446.mp4"}},"audio_versions":{"template":"https://coub-anubis-a.akamaized.net/coub_storage/audio_track/cw_normalized_copy/885224931e4/c0c68cbbd8c8ec3baedc2/mid_1601215594_normalized_1578418239_audio.mp3","versions":["mid","low"]},"image_versions":{"template":"https://coub-anubis-a.akamaized.net/coub_storage/coub/simple/cw_image/697df5a6a9a/b168da64266d6d78c867c/1578418903_00032.jpg","versions":["micro","tiny","age_restricted","ios_large","ios_mosaic","big","med","small","pinterest"]},"first_frame_versions":{"template":"https://coub-anubis-a.akamaized.net/coub_storage/coub/simple/cw_timeline_pic/5660912ddd1/fe6b347122bc858c085a4/%{version}_1578418902_image.jpg","versions":["big","med","small","ios_large"]},"dimensions":{"big":[1280,540],"med":[640,270]},"site_w_h":[640,270],"page_w_h":[640,270],"site_w_h_small":[310,131],"size":[1280,540],"age_restricted":false,"age_restricted_by_admin":false,"not_safe_for_work":false,"allow_reuse":false,"dont_crop":false,"banned":false,"global_safe":true,"audio_file_url":"https://coub-anubis-a.akamaized.net/coub_storage/audio_track/cw_normalized_copy/885224931e4/c0c68cbbd8c8ec3baedc2/low_1601215594_normalized_1578418239_audio.mp3","external_download":{"type":"Youtube","service_name":"YouTube","url":"https://www.youtube.com/watch?v=ZDMcKcir8u0","has_embed":true},"application":null,"channel":{"id":4956408,"permalink":"sergej26143","title":"CEPblU","description":null,"followers_count":167,"following_count":60,"avatar_versions":{"template":"https://coub-anubis-a.akamaized.net/coub_storage/channel/cw_avatar/c22f16973ad/64f87b274ae9b2e27d701/%{version}_1607419888_1ehilsz_1564920167_cropped.jpeg","versions":["medium","medium_2x","profile_pic","profile_pic_new","profile_pic_new_2x","tiny","tiny_2x","small","small_2x","ios_large","ios_small"]}},"file":null,"picture":"https://coub-anubis-a.akamaized.net/coub_storage/coub/simple/cw_image/697df5a6a9a/b168da64266d6d78c867c/1578418903_00032.jpg","timeline_picture":"https://coub-anubis-a.akamaized.net/coub_storage/coub/simple/cw_timeline_pic/5660912ddd1/fe6b347122bc858c085a4/ios_large_1578418902_image.jpg","small_picture":"https://coub-anubis-a.akamaized.net/coub_storage/coub/simple/cw_image/697df5a6a9a/b168da64266d6d78c867c/1578418903_00032.jpg","sharing_picture":null,"percent_done":100,"tags":[{"id":245881,"title":"словно от свечи","value":"%D1%81%D0%BB%D0%BE%D0%B2%D0%BD%D0%BE%20%D0%BE%D1%82%20%D1%81%D0%B2%D0%B5%D1%87%D0%B8"},{"id":245882,"title":"горит где-то в глубине...","value":"%D0%B3%D0%BE%D1%80%D0%B8%D1%82%20%D0%B3%D0%B4%D0%B5-%D1%82%D0%BE%20%D0%B2%20%D0%B3%D0%BB%D1%83%D0%B1%D0%B8%D0%BD%D0%B5..."},{"id":217287,"title":"достучаться до небес","value":"%D0%B4%D0%BE%D1%81%D1%82%D1%83%D1%87%D0%B0%D1%82%D1%8C%D1%81%D1%8F%20%D0%B4%D0%BE%20%D0%BD%D0%B5%D0%B1%D0%B5%D1%81"},{"id":245883,"title":"и о закате там говорят о том","value":"%D0%B8%20%D0%BE%20%D0%B7%D0%B0%D0%BA%D0%B0%D1%82%D0%B5%20%D1%82%D0%B0%D0%BC%20%D0%B3%D0%BE%D0%B2%D0%BE%D1%80%D1%8F%D1%82%20%D0%BE%20%D1%82%D0%BE%D0%BC"},{"id":245884,"title":"как он тает","value":"%D0%BA%D0%B0%D0%BA%20%D0%BE%D0%BD%20%D1%82%D0%B0%D0%B5%D1%82"},{"id":245886,"title":"горит где-то в глубине","value":"%D0%B3%D0%BE%D1%80%D0%B8%D1%82%20%D0%B3%D0%B4%D0%B5-%D1%82%D0%BE%20%D0%B2%20%D0%B3%D0%BB%D1%83%D0%B1%D0%B8%D0%BD%D0%B5"},{"id":50,"title":"coub","value":"coub"},{"id":5326,"title":"mashup","value":"mashup"},{"id":28993,"title":"одиночество","value":"%D0%BE%D0%B4%D0%B8%D0%BD%D0%BE%D1%87%D0%B5%D1%81%D1%82%D0%B2%D0%BE"},{"id":654,"title":"море","value":"%D0%BC%D0%BE%D1%80%D0%B5"},{"id":2588,"title":"sad","value":"sad"},{"id":1069,"title":"pain","value":"pain"},{"id":39840,"title":"music coub","value":"music%20coub"},{"id":2122,"title":"стихи","value":"%D1%81%D1%82%D0%B8%D1%85%D0%B8"},{"id":19804,"title":"депрессия","value":"%D0%B4%D0%B5%D0%BF%D1%80%D0%B5%D1%81%D1%81%D0%B8%D1%8F"},{"id":5175,"title":"грусть","value":"%D0%B3%D1%80%D1%83%D1%81%D1%82%D1%8C"},{"id":5177,"title":"печаль","value":"%D0%BF%D0%B5%D1%87%D0%B0%D0%BB%D1%8C"},{"id":25992,"title":"один","value":"%D0%BE%D0%B4%D0%B8%D0%BD"},{"id":7276,"title":"жизнь","value":"%D0%B6%D0%B8%D0%B7%D0%BD%D1%8C"}],"categories":[{"id":9,"title":"Nature & Travel","permalink":"nature-travel","subscriptions_count":10070807,"big_image_url":"https://coub-anubis-a.akamaized.net/coub_storage/category/cw_image/a4b57370b28/3c9d9a8cf4246d5a30610/big_1545567929_Nature.png","small_image_url":"https://coub-anubis-a.akamaized.net/coub_storage/category/cw_image/a4b57370b28/3c9d9a8cf4246d5a30610/small_1545567929_Nature.png","med_image_url":"https://coub-anubis-a.akamaized.net/coub_storage/category/cw_image/a4b57370b28/3c9d9a8cf4246d5a30610/med_1545567929_Nature.png","visible":true}],"communities":[{"id":9,"title":"Nature & Travel","permalink":"nature-travel","subscriptions_count":10070807,"big_image_url":"https://coub-anubis-a.akamaized.net/coub_storage/category/cw_image/a4b57370b28/3c9d9a8cf4246d5a30610/big_1545567929_Nature.png","small_image_url":"https://coub-anubis-a.akamaized.net/coub_storage/category/cw_image/a4b57370b28/3c9d9a8cf4246d5a30610/small_1545567929_Nature.png","med_image_url":"https://coub-anubis-a.akamaized.net/coub_storage/category/cw_image/a4b57370b28/3c9d9a8cf4246d5a30610/med_1545567929_Nature.png","i_subscribed":true,"community_notifications_enabled":null,"description":null}],"recoubs_count":156,"remixes_count":0,"likes_count":833,"dislikes_count":0,"raw_video_id":14036292,"uploaded_by_ios_app":false,"uploaded_by_android_app":false,"media_blocks":{"uploaded_raw_videos":[],"external_raw_videos":[{"id":32717186,"title":"Достучаться до небес - На небе только и разговоров, что о море...","url":"https://www.youtube.com/watch?v=ZDMcKcir8u0","image":"https://coub-anubis-a.akamaized.net/coub_storage/media_block/cw_image/71dd9ddc5d2/a7d2525565ab19442894e/1564403001_1vbbar_1564402967_px32ew_att-url-download.jpg","image_retina":"https://coub-anubis-a.akamaized.net/coub_storage/media_block/cw_image/71dd9ddc5d2/a7d2525565ab19442894e/1564403001_1vbbar_1564402967_px32ew_att-url-download.jpg","meta":{"service":"Youtube","duration":"291.48"},"duration":291.48,"raw_video_id":14036292,"has_embed":true}],"remixed_from_coubs":[],"external_video":{"id":32717186,"title":"Достучаться до небес - На небе только и разговоров, что о море...","url":"https://www.youtube.com/watch?v=ZDMcKcir8u0","image":"https://coub-anubis-a.akamaized.net/coub_storage/media_block/cw_image/71dd9ddc5d2/a7d2525565ab19442894e/1564403001_1vbbar_1564402967_px32ew_att-url-download.jpg","image_retina":"https://coub-anubis-a.akamaized.net/coub_storage/media_block/cw_image/71dd9ddc5d2/a7d2525565ab19442894e/1564403001_1vbbar_1564402967_px32ew_att-url-download.jpg","meta":{"service":"Youtube","duration":"291.48"},"duration":291.48,"raw_video_id":14036292,"has_embed":true}},"raw_video_thumbnail_url":"/missing/missing.png","raw_video_title":"Достучаться до небес - На небе только и разговоров, что о море...","video_block_banned":false,"duration":10.0,"promo_winner":false,"promo_winner_recoubers":null,"editorial_info":{},"promo_hint":null,"beeline_best_2014":null,"from_web_editor":true,"normalize_sound":true,"normalize_change_allowed":true,"best2015_addable":false,"ahmad_promo":null,"promo_data":null,"audio_copyright_claim":null,"ads_disabled":false,"is_safe_for_ads":true,"megafon_contents":[],"position_on_page":5},{"flag":null,"abuses":null,"recoubs_by_users_channels":null,"favourite":false,"promoted_id":null,"recoub":null,"like":null,"dislike":null,"reaction":null,"in_my_best2015":false,"id":50881070,"type":"Coub::Simple","permalink":"tuf0f","title":"Rope walk","visibility_type":"public","original_visibility_type":"public","channel_id":3324596,"created_at":"2017-04-30T15:24:40Z","updated_at":"2022-02-22T19:07:31Z","is_done":true,"views_count":34767,"cotd":null,"cotd_at":null,"visible_on_explore_root":false,"visible_on_explore":false,"featured":false,"published":true,"published_at":"2017-04-30T15:24:40Z","reversed":false,"from_editor_v2":true,"is_editable":true,"original_sound":false,"has_sound":false,"recoub_to":null,"file_versions":{"html5":{"video":{"higher":{"url":"https://coub-anubis-a.akamaized.net/coub_storage/coub/simple/cw_file/639a0839db0/96962cb40ba101159ddf7/muted_mp4_huge_size_1568107980_muted_huge.mp4","size":6219489},"high":{"url":"https://coub-anubis-a.akamaized.net/coub_storage/coub/simple/cw_file/639a0839db0/96962cb40ba101159ddf7/muted_mp4_big_size_1568107980_muted_big.mp4","size":4768773},"med":{"url":"https://coub-anubis-a.akamaized.net/coub_storage/coub/simple/cw_file/639a0839db0/96962cb40ba101159ddf7/muted_mp4_med_size_1568107980_muted_med.mp4","size":1363227}},"audio":{"high":{"url":"https://coub-anubis-a.akamaized.net/coub_storage/coub/simple/cw_looped_audio_high/93c6f35150a/d3bca35989496a19a904f/1605595390_high_1493565908_high.mp3","size":1354116},"med":{"url":"https://coub-anubis-a.akamaized.net/coub_storage/coub/simple/cw_looped_audio_med/58ffba23832/c487973dfb8111d3353ac/1605595390_med_1493565908_med.mp3","size":1086140}}},"mobile":{"video":"https://coub-anubis-a.akamaized.net/coub_storage/coub/simple/cw_file/639a0839db0/96962cb40ba101159ddf7/muted_mp4_med_size_1568107980_muted_med.mp4","audio":["https://coub-anubis-a.akamaized.net/coub_storage/coub/simple/cw_looped_audio_med/58ffba23832/c487973dfb8111d3353ac/1605595390_med_1493565908_med.mp3"]},"share":{"default":"https://coub-anubis-a.akamaized.net/coub_storage/coub/simple/cw_video_for_sharing/59fda091882/6937671c0394876bfc78f/1611938568_looped_1611938567.mp4"}},"audio_versions":{"template":"https://coub-anubis-a.akamaized.net/coub_storage/audio_track/cw_normalized_copy/35f5f2f193a/0856160ca7697d9bfdf92/mid_1493565903_r6k2o5_normalized_1493565898_emscwb_edited.mp3","versions":["mid","low"]},"image_versions":{"template":"https://coub-anubis-a.akamaized.net/coub_storage/coub/simple/cw_image/e5213faaeee/4dfe0c7f2f82b114d0e2a/1493565916_00032.jpg","versions":["micro","tiny","age_restricted","ios_large","ios_mosaic","big","med","small","pinterest"]},"first_frame_versions":{"template":"https://coub-anubis-a.akamaized.net/coub_storage/coub/simple/cw_timeline_pic/80df9bb4cad/6f9bd2dea80941803d2e4/%{version}_1493565915_image.jpg","versions":["big","med","small","ios_large"]},"dimensions":{"big":[1280,720],"med":[640,360]},"site_w_h":[640,360],"page_w_h":[640,360],"site_w_h_small":[310,174],"size":[1280,720],"age_restricted":false,"age_restricted_by_admin":false,"not_safe_for_work":false,"allow_reuse":false,"dont_crop":false,"banned":false,"global_safe":true,"audio_file_url":"https://coub-anubis-a.akamaized.net/coub_storage/audio_track/cw_normalized_copy/35f5f2f193a/0856160ca7697d9bfdf92/low_1493565903_r6k2o5_normalized_1493565898_emscwb_edited.mp3","external_download":false,"application":null,"channel":{"id":3324596,"permalink":"te-te176","title":"Te_Te_","description":null,"followers_count":99,"following_count":87,"avatar_versions":{"template":"https://coub-anubis-a.akamaized.net/coub_storage/channel/cw_avatar/3847b3d82f5/839ecb5f83a3c823478a5/%{version}_1608173355_z38vf0_1487319934_images.jpg","versions":["medium","medium_2x","profile_pic","profile_pic_new","profile_pic_new_2x","tiny","tiny_2x","small","small_2x","ios_large","ios_small"]}},"file":null,"picture":"https://coub-anubis-a.akamaized.net/coub_storage/coub/simple/cw_image/e5213faaeee/4dfe0c7f2f82b114d0e2a/1493565916_00032.jpg","timeline_picture":"https://coub-anubis-a.akamaized.net/coub_storage/coub/simple/cw_timeline_pic/80df9bb4cad/6f9bd2dea80941803d2e4/ios_large_1493565915_image.jpg","small_picture":"https://coub-anubis-a.akamaized.net/coub_storage/coub/simple/cw_image/e5213faaeee/4dfe0c7f2f82b114d0e2a/1493565916_00032.jpg","sharing_picture":null,"percent_done":100,"tags":[{"id":1965799,"title":"la caution - thé a la menthe","value":"la%20caution%20-%20th%C3%A9%20a%20la%20menthe"},{"id":306377,"title":"ocean's twelve","value":"ocean's%20twelve"},{"id":1869,"title":"lake","value":"lake"},{"id":1259,"title":"forest","value":"forest"},{"id":1470536,"title":"benkei et minamoto","value":"benkei%20et%20minamoto"}],"categories":[{"id":9,"title":"Nature & Travel","permalink":"nature-travel","subscriptions_count":10070807,"big_image_url":"https://coub-anubis-a.akamaized.net/coub_storage/category/cw_image/a4b57370b28/3c9d9a8cf4246d5a30610/big_1545567929_Nature.png","small_image_url":"https://coub-anubis-a.akamaized.net/coub_storage/category/cw_image/a4b57370b28/3c9d9a8cf4246d5a30610/small_1545567929_Nature.png","med_image_url":"https://coub-anubis-a.akamaized.net/coub_storage/category/cw_image/a4b57370b28/3c9d9a8cf4246d5a30610/med_1545567929_Nature.png","visible":true}],"communities":[{"id":9,"title":"Nature & Travel","permalink":"nature-travel","subscriptions_count":10070807,"big_image_url":"https://coub-anubis-a.akamaized.net/coub_storage/category/cw_image/a4b57370b28/3c9d9a8cf4246d5a30610/big_1545567929_Nature.png","small_image_url":"https://coub-anubis-a.akamaized.net/coub_storage/category/cw_image/a4b57370b28/3c9d9a8cf4246d5a30610/small_1545567929_Nature.png","med_image_url":"https://coub-anubis-a.akamaized.net/coub_storage/category/cw_image/a4b57370b28/3c9d9a8cf4246d5a30610/med_1545567929_Nature.png","i_subscribed":true,"community_notifications_enabled":null,"description":null}],"recoubs_count":187,"remixes_count":1,"likes_count":833,"dislikes_count":0,"raw_video_id":"","uploaded_by_ios_app":true,"uploaded_by_android_app":false,"media_blocks":{"uploaded_raw_videos":[],"external_raw_videos":[],"remixed_from_coubs":[{"id":20235769,"title":"Louis Boniface","url":"http://coub.com/coubs/c54zi/remix","image":"https://coub-anubis-a.akamaized.net/coub_storage/media_block/cw_image/bf59c7d3b40/5a1fb2f01a06ef771000c/1493565948_1473901303_00032.jpg","image_retina":"https://coub-anubis-a.akamaized.net/coub_storage/media_block/cw_image/bf59c7d3b40/5a1fb2f01a06ef771000c/1493565948_1473901303_00032.jpg","meta":{"duration":"10.04"},"duration":null,"coub_channel_title":"Peter Palkin","coub_channel_permalink":"pit-palkin","coub_views_count":149012,"coub_permalink":"c54zi"}]},"raw_video_thumbnail_url":"","raw_video_title":"","video_block_banned":false,"duration":10.04,"promo_winner":false,"promo_winner_recoubers":null,"editorial_info":{},"promo_hint":null,"beeline_best_2014":null,"from_web_editor":false,"normalize_sound":true,"normalize_change_allowed":true,"best2015_addable":false,"ahmad_promo":null,"promo_data":null,"audio_copyright_claim":null,"ads_disabled":null,"is_safe_for_ads":true,"megafon_contents":[],"position_on_page":6},{"flag":null,"abuses":null,"recoubs_by_users_channels":null,"favourite":false,"promoted_id":null,"recoub":null,"like":null,"dislike":null,"reaction":null,"in_my_best2015":false,"id":11911963,"type":"Coub::Simple","permalink":"6n5zz","title":"Miami 1985","visibility_type":"public","original_visibility_type":"public","channel_id":194154,"created_at":"2015-05-29T10:49:04Z","updated_at":"2022-03-07T16:16:57Z","is_done":true,"views_count":75498,"cotd":null,"cotd_at":null,"visible_on_explore_root":true,"visible_on_explore":true,"featured":true,"published":true,"published_at":"2015-05-29T10:49:04Z","reversed":false,"from_editor_v2":true,"is_editable":true,"original_sound":false,"has_sound":false,"recoub_to":null,"file_versions":{"html5":{"video":{"higher":{"url":"https://coub-anubis-a.akamaized.net/coub_storage/coub/simple/cw_file/ba9929582d4/374e770530b5e50e211b9/muted_mp4_huge_size_1567773003_muted_huge.mp4","size":3989376},"high":{"url":"https://coub-anubis-a.akamaized.net/coub_storage/coub/simple/cw_file/ba9929582d4/374e770530b5e50e211b9/muted_mp4_big_size_1567773003_muted_big.mp4","size":2717129},"med":{"url":"https://coub-anubis-a.akamaized.net/coub_storage/coub/simple/cw_file/ba9929582d4/374e770530b5e50e211b9/muted_mp4_med_size_1567773003_muted_med.mp4","size":897192}},"audio":{"high":{"url":"https://coub-anubis-a.akamaized.net/coub_storage/coub/simple/cw_looped_audio_high/38c0d70dece/9215c1bcf6286d9418802/1605452857_high_1445992453_high.mp3","size":4611133},"med":{"url":"https://coub-anubis-a.akamaized.net/coub_storage/coub/simple/cw_looped_audio_med/1d0e82f8476/43f4de35973e318dc8b69/1605452856_med_1445992453_med.mp3","size":3074088}}},"mobile":{"video":"https://coub-anubis-a.akamaized.net/coub_storage/coub/simple/cw_file/ba9929582d4/374e770530b5e50e211b9/muted_mp4_med_size_1567773003_muted_med.mp4","audio":["https://coub-anubis-a.akamaized.net/coub_storage/coub/simple/cw_looped_audio_med/1d0e82f8476/43f4de35973e318dc8b69/1605452856_med_1445992453_med.mp3"]},"share":{"default":"https://coub-anubis-a.akamaized.net/coub_storage/coub/simple/cw_video_for_sharing/8443e15d279/4504519b7fe7f73e7597c/1620039975_looped_1620039973.mp4"}},"audio_versions":{"template":"https://coub-anubis-a.akamaized.net/coub_storage/audio_track/cw_normalized_copy/441d1b96831/852e526b0022c7978193c/mid_1498509097_4dc3nt_normalized_1471222897_audio.mp3","versions":["mid","low"]},"image_versions":{"template":"https://coub-anubis-a.akamaized.net/coub_storage/coub/simple/cw_image/76842923f72/7c1bab434856b83e02d8a/1432896787_00028.jpg","versions":["micro","tiny","age_restricted","ios_large","ios_mosaic","big","med","small","pinterest"]},"first_frame_versions":{"template":"https://coub-anubis-a.akamaized.net/coub_storage/coub/simple/cw_timeline_pic/a46487ea994/ac3c4961f7e7f342250ba/%{version}_1432896785_image.jpg","versions":["big","med","small","ios_large"]},"dimensions":{"big":[1280,720],"med":[640,360]},"site_w_h":[640,360],"page_w_h":[640,360],"site_w_h_small":[310,174],"size":[1280,720],"age_restricted":false,"age_restricted_by_admin":false,"not_safe_for_work":false,"allow_reuse":false,"dont_crop":false,"banned":false,"global_safe":true,"audio_file_url":"https://coub-anubis-a.akamaized.net/coub_storage/audio_track/cw_normalized_copy/441d1b96831/852e526b0022c7978193c/low_1498509097_4dc3nt_normalized_1471222897_audio.mp3","external_download":false,"application":null,"channel":{"id":194154,"permalink":"ex3m4xh8","title":"4x h8","description":null,"followers_count":31262,"following_count":0,"avatar_versions":{"template":"https://coub-anubis-a.akamaized.net/coub_storage/channel/cw_avatar/30c9a170620/4a3a7e0d84cccb142397e/%{version}_1619708201_v-drawing-for-vendetta-11.png","versions":["medium","medium_2x","profile_pic","profile_pic_new","profile_pic_new_2x","tiny","tiny_2x","small","small_2x","ios_large","ios_small"]}},"file":null,"picture":"https://coub-anubis-a.akamaized.net/coub_storage/coub/simple/cw_image/76842923f72/7c1bab434856b83e02d8a/1432896787_00028.jpg","timeline_picture":"https://coub-anubis-a.akamaized.net/coub_storage/coub/simple/cw_timeline_pic/a46487ea994/ac3c4961f7e7f342250ba/ios_large_1432896785_image.jpg","small_picture":"https://coub-anubis-a.akamaized.net/coub_storage/coub/simple/cw_image/76842923f72/7c1bab434856b83e02d8a/1432896787_00028.jpg","sharing_picture":null,"percent_done":100,"tags":[{"id":1274,"title":"miami","value":"miami"},{"id":146465,"title":"kung fury","value":"kung%20fury"}],"categories":[{"id":9,"title":"Nature & Travel","permalink":"nature-travel","subscriptions_count":10070807,"big_image_url":"https://coub-anubis-a.akamaized.net/coub_storage/category/cw_image/a4b57370b28/3c9d9a8cf4246d5a30610/big_1545567929_Nature.png","small_image_url":"https://coub-anubis-a.akamaized.net/coub_storage/category/cw_image/a4b57370b28/3c9d9a8cf4246d5a30610/small_1545567929_Nature.png","med_image_url":"https://coub-anubis-a.akamaized.net/coub_storage/category/cw_image/a4b57370b28/3c9d9a8cf4246d5a30610/med_1545567929_Nature.png","visible":true}],"communities":[{"id":9,"title":"Nature & Travel","permalink":"nature-travel","subscriptions_count":10070807,"big_image_url":"https://coub-anubis-a.akamaized.net/coub_storage/category/cw_image/a4b57370b28/3c9d9a8cf4246d5a30610/big_1545567929_Nature.png","small_image_url":"https://coub-anubis-a.akamaized.net/coub_storage/category/cw_image/a4b57370b28/3c9d9a8cf4246d5a30610/small_1545567929_Nature.png","med_image_url":"https://coub-anubis-a.akamaized.net/coub_storage/category/cw_image/a4b57370b28/3c9d9a8cf4246d5a30610/med_1545567929_Nature.png","i_subscribed":true,"community_notifications_enabled":null,"description":null}],"recoubs_count":167,"remixes_count":15,"likes_count":833,"dislikes_count":0,"raw_video_id":1406618,"uploaded_by_ios_app":false,"uploaded_by_android_app":false,"media_blocks":{"uploaded_raw_videos":[],"external_raw_videos":[],"remixed_from_coubs":[],"audio_track":{"id":19609698,"title":"Hotline","url":null,"image":null,"image_retina":null,"meta":{"year":"0","album":"Hotline Miami","title":"Hotline","artist":"Jasper Byrne","echonest_id":null},"duration":null,"amazon_url":null,"google_play_url":null,"bandcamp_url":null,"soundcloud_url":null,"track_name":null,"track_artist":null,"track_album":null,"itunes_url":null}},"raw_video_thumbnail_url":"/missing/missing.png","raw_video_title":"miami_1985.mp4","video_block_banned":false,"duration":8.72,"promo_winner":false,"promo_winner_recoubers":null,"editorial_info":{},"promo_hint":null,"beeline_best_2014":null,"from_web_editor":true,"normalize_sound":true,"normalize_change_allowed":true,"best2015_addable":false,"ahmad_promo":null,"promo_data":null,"audio_copyright_claim":null,"ads_disabled":null,"is_safe_for_ads":true,"megafon_contents":[],"position_on_page":7},{"flag":null,"abuses":null,"recoubs_by_users_channels":null,"favourite":false,"promoted_id":null,"recoub":null,"like":null,"dislike":null,"reaction":null,"in_my_best2015":false,"id":2852948,"type":"Coub::Simple","permalink":"18zyi","title":"clouds","visibility_type":"public","original_visibility_type":"public","channel_id":102505,"created_at":"2014-04-09T13:54:30Z","updated_at":"2022-03-09T17:39:44Z","is_done":true,"views_count":38860,"cotd":null,"cotd_at":null,"visible_on_explore_root":false,"visible_on_explore":false,"featured":false,"published":true,"published_at":"2014-04-09T13:54:30Z","reversed":false,"from_editor_v2":true,"is_editable":true,"original_sound":false,"has_sound":false,"recoub_to":null,"file_versions":{"html5":{"video":{"higher":{"url":"https://coub-anubis-a.akamaized.net/coub_storage/coub/simple/cw_file/671941fa364/77af8144b592fa1a1b19c/muted_mp4_huge_size_1567703898_muted_huge.mp4","size":9558906},"high":{"url":"https://coub-anubis-a.akamaized.net/coub_storage/coub/simple/cw_file/671941fa364/77af8144b592fa1a1b19c/muted_mp4_big_size_1567703898_muted_big.mp4","size":5636435},"med":{"url":"https://coub-anubis-a.akamaized.net/coub_storage/coub/simple/cw_file/671941fa364/77af8144b592fa1a1b19c/muted_mp4_med_size_1567703898_muted_med.mp4","size":1926140}},"audio":{"high":{"url":"https://coub-anubis-a.akamaized.net/coub_storage/coub/simple/cw_looped_audio_high/fd9d86686fa/8c5de10d8606585c1d673/1605426600_high_1471764739_high.mp3","size":5313151},"med":{"url":"https://coub-anubis-a.akamaized.net/coub_storage/coub/simple/cw_looped_audio_med/405eeca9e70/c8903c58c1440476c5b86/1605426599_med_1471764739_med.mp3","size":4710376}}},"mobile":{"video":"https://coub-anubis-a.akamaized.net/coub_storage/coub/simple/cw_file/671941fa364/77af8144b592fa1a1b19c/muted_mp4_med_size_1567703898_muted_med.mp4","audio":["https://coub-anubis-a.akamaized.net/coub_storage/coub/simple/cw_looped_audio_med/405eeca9e70/c8903c58c1440476c5b86/1605426599_med_1471764739_med.mp3"]},"share":{"default":"https://coub-anubis-a.akamaized.net/coub_storage/coub/simple/cw_video_for_sharing/5efdeee277a/95d51ff5b6d10bae7362a/1625842798_looped_1625842797.mp4"}},"audio_versions":{"template":"https://coub-anubis-a.akamaized.net/coub_storage/coub/simple/cw_audio/b3b528a9c51/ffeffa1cafa17b8dc53db/mid_1471764602_1400803596_out.mp3","versions":["mid","low"]},"image_versions":{"template":"https://coub-anubis-a.akamaized.net/coub_storage/coub/simple/cw_image/667536b2d8e/7c036e0ee6d225cbdcbb9/1471764579_1397051982_00032.jpg","versions":["micro","tiny","age_restricted","ios_large","ios_mosaic","big","med","small","pinterest"]},"first_frame_versions":{"template":"https://coub-anubis-a.akamaized.net/coub_storage/coub/simple/cw_timeline_pic/2e0df8dfadf/8a7fd2bb419f16c5726d6/%{version}_1471764599_1397051981_image.jpg","versions":["big","med","small","ios_large"]},"dimensions":{"big":[1280,720],"med":[640,360]},"site_w_h":[640,360],"page_w_h":[640,360],"site_w_h_small":[310,174],"size":[1280,720],"age_restricted":false,"age_restricted_by_admin":false,"not_safe_for_work":null,"allow_reuse":false,"dont_crop":false,"banned":false,"global_safe":true,"audio_file_url":"https://coub-anubis-a.akamaized.net/coub_storage/coub/simple/cw_audio/b3b528a9c51/ffeffa1cafa17b8dc53db/low_1471764602_1400803596_out.mp3","external_download":{"type":"Youtube","service_name":"YouTube","url":"http://www.youtube.com/watch?v=_Prc0oi15vc","has_embed":true},"application":null,"channel":{"id":102505,"permalink":"voyeurvirtuel","title":"Voyeur Virtuel","description":null,"followers_count":6524,"following_count":45,"avatar_versions":{"template":"https://coub-anubis-a.akamaized.net/coub_storage/channel/cw_avatar/7a76304be6a/5460489b24ff951a6cf63/%{version}_1610312515________._.______rutracker.org___008763_2021-01-10-15-30-21_.JPG","versions":["medium","medium_2x","profile_pic","profile_pic_new","profile_pic_new_2x","tiny","tiny_2x","small","small_2x","ios_large","ios_small"]}},"file":null,"picture":"https://coub-anubis-a.akamaized.net/coub_storage/coub/simple/cw_image/667536b2d8e/7c036e0ee6d225cbdcbb9/1471764579_1397051982_00032.jpg","timeline_picture":"https://coub-anubis-a.akamaized.net/coub_storage/coub/simple/cw_timeline_pic/2e0df8dfadf/8a7fd2bb419f16c5726d6/ios_large_1471764599_1397051981_image.jpg","small_picture":"https://coub-anubis-a.akamaized.net/coub_storage/coub/simple/cw_image/667536b2d8e/7c036e0ee6d225cbdcbb9/1471764579_1397051982_00032.jpg","sharing_picture":null,"percent_done":100,"tags":[{"id":17782,"title":"united states of america","value":"united%20states%20of%20america"},{"id":277482,"title":"§ 106","value":"%C2%A7%20106"},{"id":277484,"title":"nightraida","value":"nightraida"},{"id":6334,"title":"without","value":"without"},{"id":277481,"title":"without words","value":"without%20words"},{"id":1342,"title":"timelapse","value":"timelapse"},{"id":7390,"title":"documentary","value":"documentary"},{"id":21056,"title":"limited edition","value":"limited%20edition"},{"id":254665,"title":"ron fricke","value":"ron%20fricke"},{"id":43204,"title":"baraka","value":"baraka"},{"id":277499,"title":"have a cigar","value":"have%20a%20cigar"},{"id":679,"title":"pink floyd","value":"pink%20floyd"},{"id":277480,"title":"the orb","value":"the%20orb"},{"id":2724,"title":"clip","value":"clip"},{"id":144022,"title":"non-profit","value":"non-profit"},{"id":277479,"title":"on exclusive rights","value":"on%20exclusive%20rights"},{"id":277478,"title":"limitations","value":"limitations"},{"id":277477,"title":"copyright act of usa","value":"copyright%20act%20of%20usa"},{"id":277476,"title":"§ 107","value":"%C2%A7%20107"},{"id":277475,"title":"§ 1o7","value":"%C2%A7%201o7"},{"id":277474,"title":"fair use","value":"fair%20use"},{"id":18809,"title":"copyright","value":"copyright"},{"id":277473,"title":"972","value":"972"},{"id":277472,"title":"madinina","value":"madinina"},{"id":277471,"title":"casey972oo","value":"casey972oo"},{"id":277470,"title":"maitredontknowna","value":"maitredontknowna"},{"id":277469,"title":"wees da gaia","value":"wees%20da%20gaia"},{"id":277468,"title":"weesdagaia","value":"weesdagaia"},{"id":277467,"title":"dontknowna","value":"dontknowna"},{"id":277466,"title":"arschrestricted","value":"arschrestricted"},{"id":277465,"title":"multikingcong","value":"multikingcong"}],"categories":[{"id":9,"title":"Nature & Travel","permalink":"nature-travel","subscriptions_count":10070807,"big_image_url":"https://coub-anubis-a.akamaized.net/coub_storage/category/cw_image/a4b57370b28/3c9d9a8cf4246d5a30610/big_1545567929_Nature.png","small_image_url":"https://coub-anubis-a.akamaized.net/coub_storage/category/cw_image/a4b57370b28/3c9d9a8cf4246d5a30610/small_1545567929_Nature.png","med_image_url":"https://coub-anubis-a.akamaized.net/coub_storage/category/cw_image/a4b57370b28/3c9d9a8cf4246d5a30610/med_1545567929_Nature.png","visible":true}],"communities":[{"id":9,"title":"Nature & Travel","permalink":"nature-travel","subscriptions_count":10070807,"big_image_url":"https://coub-anubis-a.akamaized.net/coub_storage/category/cw_image/a4b57370b28/3c9d9a8cf4246d5a30610/big_1545567929_Nature.png","small_image_url":"https://coub-anubis-a.akamaized.net/coub_storage/category/cw_image/a4b57370b28/3c9d9a8cf4246d5a30610/small_1545567929_Nature.png","med_image_url":"https://coub-anubis-a.akamaized.net/coub_storage/category/cw_image/a4b57370b28/3c9d9a8cf4246d5a30610/med_1545567929_Nature.png","i_subscribed":true,"community_notifications_enabled":null,"description":null}],"recoubs_count":199,"remixes_count":1,"likes_count":833,"dislikes_count":0,"raw_video_id":1388712,"uploaded_by_ios_app":false,"uploaded_by_android_app":false,"media_blocks":{"uploaded_raw_videos":[],"external_raw_videos":[],"remixed_from_coubs":[],"audio_track":{"id":19253384,"title":"выдыхай(Saosin)","url":null,"image":null,"image_retina":null,"meta":{"year":null,"album":"стереоморе","title":"выдыхай(Saosin)","artist":"и дельфины...","echonest_id":null},"duration":null,"amazon_url":null,"google_play_url":null,"bandcamp_url":null,"soundcloud_url":null,"track_name":null,"track_artist":null,"track_album":null,"itunes_url":null}},"raw_video_thumbnail_url":"/missing/missing.png","raw_video_title":"clouds","video_block_banned":false,"duration":10.0,"promo_winner":false,"promo_winner_recoubers":null,"editorial_info":{},"promo_hint":null,"beeline_best_2014":null,"from_web_editor":true,"normalize_sound":true,"normalize_change_allowed":true,"best2015_addable":false,"ahmad_promo":null,"promo_data":null,"audio_copyright_claim":null,"ads_disabled":null,"is_safe_for_ads":true,"megafon_contents":[],"position_on_page":8},{"flag":null,"abuses":null,"recoubs_by_users_channels":null,"favourite":false,"promoted_id":null,"recoub":null,"like":null,"dislike":null,"reaction":null,"in_my_best2015":false,"id":165352734,"type":"Coub::Simple","permalink":"2q3lts","title":"Как открыть ребристую банку каши на две порции!","visibility_type":"public","original_visibility_type":"public","channel_id":10771521,"created_at":"2021-03-15T08:19:16Z","updated_at":"2022-03-09T20:28:20Z","is_done":true,"views_count":77165,"cotd":null,"cotd_at":null,"visible_on_explore_root":false,"visible_on_explore":false,"featured":false,"published":true,"published_at":"2021-03-15T08:19:16Z","reversed":false,"from_editor_v2":true,"is_editable":true,"original_sound":false,"has_sound":false,"recoub_to":null,"file_versions":{"html5":{"video":{"higher":{"url":"https://coub-anubis-a.akamaized.net/coub_storage/coub/simple/cw_file/23e1a0714c4/a9b33639c31300d26afcb/muted_mp4_huge_size_1615796378_muted_huge.mp4","size":3218549},"high":{"url":"https://coub-anubis-a.akamaized.net/coub_storage/coub/simple/cw_file/23e1a0714c4/a9b33639c31300d26afcb/muted_mp4_big_size_1615796378_muted_big.mp4","size":2144723},"med":{"url":"https://coub-anubis-a.akamaized.net/coub_storage/coub/simple/cw_file/23e1a0714c4/a9b33639c31300d26afcb/muted_mp4_med_size_1615796378_muted_med.mp4","size":624855}},"audio":{"high":{"url":"https://coub-anubis-a.akamaized.net/coub_storage/coub/simple/cw_looped_audio_high/0d19f10aafc/ed9715285ddbe46e7ca76/1615796409_mp3-high.mp3","size":1790186},"med":{"url":"https://coub-anubis-a.akamaized.net/coub_storage/coub/simple/cw_looped_audio_med/f5ff4602bf9/7772255d4d6b3e23f99bf/1615796407_mp3-med.mp3","size":1756091}}},"mobile":{"video":"https://coub-anubis-a.akamaized.net/coub_storage/coub/simple/cw_file/23e1a0714c4/a9b33639c31300d26afcb/muted_mp4_med_size_1615796378_muted_med.mp4","audio":["https://coub-anubis-a.akamaized.net/coub_storage/coub/simple/cw_looped_audio_med/f5ff4602bf9/7772255d4d6b3e23f99bf/1615796407_mp3-med.mp3"]},"share":{"default":"https://coub-anubis-a.akamaized.net/coub_storage/coub/simple/cw_video_for_sharing/9d901d30551/031ef6fba80464aac0177/1615796461_looped_1615796459.mp4"}},"audio_versions":{"template":"https://coub-anubis-a.akamaized.net/coub_storage/audio_track/cw_normalized_copy/8f374e6b8b4/bfd4064592a0bb01aecf9/mid_1615796397_normalized_1615796382_m6g2s5_edited.mp3","versions":["mid","low"]},"image_versions":{"template":"https://coub-anubis-a.akamaized.net/coub_storage/coub/simple/cw_image/a9b47417cd3/17b5aa39bbde6b560409c/%{version}_1615796421_00032.jpg","versions":["micro","tiny","age_restricted","ios_large","ios_mosaic","big","med","small","pinterest"]},"first_frame_versions":{"template":"https://coub-anubis-a.akamaized.net/coub_storage/coub/simple/cw_timeline_pic/19749a95c73/a0c73080df4fbf3e4a00e/%{version}_1615796420_image.jpg","versions":["big","med","small","ios_large"]},"dimensions":{"big":[1280,720],"med":[640,360]},"site_w_h":[640,360],"page_w_h":[640,360],"site_w_h_small":[310,174],"size":[1280,720],"age_restricted":false,"age_restricted_by_admin":false,"not_safe_for_work":false,"allow_reuse":false,"dont_crop":true,"banned":false,"global_safe":null,"audio_file_url":"https://coub-anubis-a.akamaized.net/coub_storage/audio_track/cw_normalized_copy/8f374e6b8b4/bfd4064592a0bb01aecf9/low_1615796397_normalized_1615796382_m6g2s5_edited.mp3","external_download":false,"application":null,"channel":{"id":10771521,"permalink":"bender16857","title":"Bender","description":null,"followers_count":16,"following_count":22,"avatar_versions":{"template":"https://coub-anubis-a.akamaized.net/coub_storage/channel/cw_avatar/e58e294a3ba/4fd67d0f01bf286996fbe/%{version}_1608651662_tv-series-futurama-66392.jpg","versions":["medium","medium_2x","profile_pic","profile_pic_new","profile_pic_new_2x","tiny","tiny_2x","small","small_2x","ios_large","ios_small"]}},"file":null,"picture":"https://coub-anubis-a.akamaized.net/coub_storage/coub/simple/cw_image/a9b47417cd3/17b5aa39bbde6b560409c/med_1615796421_00032.jpg","timeline_picture":"https://coub-anubis-a.akamaized.net/coub_storage/coub/simple/cw_timeline_pic/19749a95c73/a0c73080df4fbf3e4a00e/ios_large_1615796420_image.jpg","small_picture":"https://coub-anubis-a.akamaized.net/coub_storage/coub/simple/cw_image/a9b47417cd3/17b5aa39bbde6b560409c/ios_mosaic_1615796421_00032.jpg","sharing_picture":null,"percent_done":100,"tags":[{"id":41271,"title":"банка","value":"%D0%B1%D0%B0%D0%BD%D0%BA%D0%B0"},{"id":653574,"title":"тушенка","value":"%D1%82%D1%83%D1%88%D0%B5%D0%BD%D0%BA%D0%B0"},{"id":61763,"title":"каша","value":"%D0%BA%D0%B0%D1%88%D0%B0"},{"id":96513,"title":"тайга","value":"%D1%82%D0%B0%D0%B9%D0%B3%D0%B0"},{"id":1257,"title":"природа","value":"%D0%BF%D1%80%D0%B8%D1%80%D0%BE%D0%B4%D0%B0"},{"id":20596,"title":"туризм","value":"%D1%82%D1%83%D1%80%D0%B8%D0%B7%D0%BC"},{"id":5449539,"title":"выжывание","value":"%D0%B2%D1%8B%D0%B6%D1%8B%D0%B2%D0%B0%D0%BD%D0%B8%D0%B5"},{"id":1239069,"title":"выживание в лесу","value":"%D0%B2%D1%8B%D0%B6%D0%B8%D0%B2%D0%B0%D0%BD%D0%B8%D0%B5%20%D0%B2%20%D0%BB%D0%B5%D1%81%D1%83"},{"id":711490,"title":"голыми руками","value":"%D0%B3%D0%BE%D0%BB%D1%8B%D0%BC%D0%B8%20%D1%80%D1%83%D0%BA%D0%B0%D0%BC%D0%B8"}],"categories":[{"id":9,"title":"Nature & Travel","permalink":"nature-travel","subscriptions_count":10070807,"big_image_url":"https://coub-anubis-a.akamaized.net/coub_storage/category/cw_image/a4b57370b28/3c9d9a8cf4246d5a30610/big_1545567929_Nature.png","small_image_url":"https://coub-anubis-a.akamaized.net/coub_storage/category/cw_image/a4b57370b28/3c9d9a8cf4246d5a30610/small_1545567929_Nature.png","med_image_url":"https://coub-anubis-a.akamaized.net/coub_storage/category/cw_image/a4b57370b28/3c9d9a8cf4246d5a30610/med_1545567929_Nature.png","visible":true}],"communities":[{"id":9,"title":"Nature & Travel","permalink":"nature-travel","subscriptions_count":10070807,"big_image_url":"https://coub-anubis-a.akamaized.net/coub_storage/category/cw_image/a4b57370b28/3c9d9a8cf4246d5a30610/big_1545567929_Nature.png","small_image_url":"https://coub-anubis-a.akamaized.net/coub_storage/category/cw_image/a4b57370b28/3c9d9a8cf4246d5a30610/small_1545567929_Nature.png","med_image_url":"https://coub-anubis-a.akamaized.net/coub_storage/category/cw_image/a4b57370b28/3c9d9a8cf4246d5a30610/med_1545567929_Nature.png","i_subscribed":true,"community_notifications_enabled":null,"description":null}],"recoubs_count":118,"remixes_count":1,"likes_count":832,"dislikes_count":0,"raw_video_id":16260977,"uploaded_by_ios_app":false,"uploaded_by_android_app":false,"media_blocks":{"uploaded_raw_videos":[],"external_raw_videos":[],"remixed_from_coubs":[]},"raw_video_thumbnail_url":"https://coub-anubis-a.akamaized.net/coub_storage/raw_video/cw_image/06ed6dcc521/e9c2de537ac575705a314/coub_media_1615795897_image.jpg","raw_video_title":"65468.mp4","video_block_banned":false,"duration":10.0,"promo_winner":false,"promo_winner_recoubers":null,"editorial_info":{},"promo_hint":null,"beeline_best_2014":null,"from_web_editor":true,"normalize_sound":true,"normalize_change_allowed":true,"best2015_addable":false,"ahmad_promo":null,"promo_data":null,"audio_copyright_claim":null,"ads_disabled":false,"is_safe_for_ads":true,"megafon_contents":[],"position_on_page":9},{"flag":null,"abuses":null,"recoubs_by_users_channels":null,"favourite":false,"promoted_id":null,"recoub":null,"like":null,"dislike":null,"reaction":null,"in_my_best2015":false,"id":158370253,"type":"Coub::Simple","permalink":"2lxy2d","title":"done","visibility_type":"public","original_visibility_type":"public","channel_id":5339043,"created_at":"2020-11-22T10:16:32Z","updated_at":"2022-01-19T15:51:10Z","is_done":true,"views_count":89266,"cotd":null,"cotd_at":null,"visible_on_explore_root":false,"visible_on_explore":false,"featured":false,"published":true,"published_at":"2020-11-22T10:16:32Z","reversed":false,"from_editor_v2":true,"is_editable":true,"original_sound":false,"has_sound":false,"recoub_to":null,"file_versions":{"html5":{"video":{"higher":{"url":"https://coub-anubis-a.akamaized.net/coub_storage/coub/simple/cw_file/5f2ae200230/b8c00e9d4cfbabcc96f68/muted_mp4_huge_size_1606040201_muted_huge.mp4","size":730189},"high":{"url":"https://coub-anubis-a.akamaized.net/coub_storage/coub/simple/cw_file/5f2ae200230/b8c00e9d4cfbabcc96f68/muted_mp4_big_size_1606040201_muted_big.mp4","size":457654},"med":{"url":"https://coub-anubis-a.akamaized.net/coub_storage/coub/simple/cw_file/5f2ae200230/b8c00e9d4cfbabcc96f68/muted_mp4_med_size_1606040201_muted_med.mp4","size":125088}},"audio":{"high":{"url":"https://coub-anubis-a.akamaized.net/coub_storage/coub/simple/cw_looped_audio_high/fa48853e8e5/0cfd1a69b8f9575051775/1606040207_mp3-high.mp3","size":654772},"med":{"url":"https://coub-anubis-a.akamaized.net/coub_storage/coub/simple/cw_looped_audio_med/c3252bb32bc/b053ce6175d5cb9302e79/1606040207_mp3-med.mp3","size":488360}}},"mobile":{"video":"https://coub-anubis-a.akamaized.net/coub_storage/coub/simple/cw_file/5f2ae200230/b8c00e9d4cfbabcc96f68/muted_mp4_med_size_1606040201_muted_med.mp4","audio":["https://coub-anubis-a.akamaized.net/coub_storage/coub/simple/cw_looped_audio_med/c3252bb32bc/b053ce6175d5cb9302e79/1606040207_mp3-med.mp3"]},"share":{"default":"https://coub-anubis-a.akamaized.net/coub_storage/coub/simple/cw_video_for_sharing/8d438cfa6fa/28468d67932879bf242c9/1608328793_looped_1608328793.mp4"}},"audio_versions":{"template":"https://coub-anubis-a.akamaized.net/coub_storage/audio_track/cw_file/3074bb709a5/a24c6a8741df6b7e452ce/mid_1606040202_18kwcwq_edited.mp3","versions":["mid","low"]},"image_versions":{"template":"https://coub-anubis-a.akamaized.net/coub_storage/coub/simple/cw_image/dab6012e0b5/28034610e1f2a12b0b093/%{version}_1606040212_00023.jpg","versions":["micro","tiny","age_restricted","ios_large","ios_mosaic","big","med","small","pinterest"]},"first_frame_versions":{"template":"https://coub-anubis-a.akamaized.net/coub_storage/coub/simple/cw_timeline_pic/c5bd420f99b/6dddce324d5f9292cc811/%{version}_1606040211_image.jpg","versions":["big","med","small","ios_large"]},"dimensions":{"big":[1280,720],"med":[640,360]},"site_w_h":[640,360],"page_w_h":[640,360],"site_w_h_small":[310,174],"size":[1280,720],"age_restricted":false,"age_restricted_by_admin":false,"not_safe_for_work":false,"allow_reuse":false,"dont_crop":true,"banned":false,"global_safe":null,"audio_file_url":"https://coub-anubis-a.akamaized.net/coub_storage/audio_track/cw_file/3074bb709a5/a24c6a8741df6b7e452ce/low_1606040202_18kwcwq_edited.mp3","external_download":false,"application":null,"channel":{"id":5339043,"permalink":"omid6857","title":":)","description":"Just feel","followers_count":203,"following_count":30,"avatar_versions":{"template":"https://coub-anubis-a.akamaized.net/coub_storage/channel/cw_avatar/ff869db9afc/5a074fafd395acef7dbc8/%{version}_1607456492_cropped.jpeg","versions":["medium","medium_2x","profile_pic","profile_pic_new","profile_pic_new_2x","tiny","tiny_2x","small","small_2x","ios_large","ios_small"]}},"file":null,"picture":"https://coub-anubis-a.akamaized.net/coub_storage/coub/simple/cw_image/dab6012e0b5/28034610e1f2a12b0b093/med_1606040212_00023.jpg","timeline_picture":"https://coub-anubis-a.akamaized.net/coub_storage/coub/simple/cw_timeline_pic/c5bd420f99b/6dddce324d5f9292cc811/ios_large_1606040211_image.jpg","small_picture":"https://coub-anubis-a.akamaized.net/coub_storage/coub/simple/cw_image/dab6012e0b5/28034610e1f2a12b0b093/ios_mosaic_1606040212_00023.jpg","sharing_picture":null,"percent_done":100,"tags":[{"id":6017594,"title":"kino - kukushka","value":"kino%20-%20kukushka"},{"id":86,"title":"music","value":"music"},{"id":22215,"title":"mood","value":"mood"}],"categories":[{"id":9,"title":"Nature & Travel","permalink":"nature-travel","subscriptions_count":10070807,"big_image_url":"https://coub-anubis-a.akamaized.net/coub_storage/category/cw_image/a4b57370b28/3c9d9a8cf4246d5a30610/big_1545567929_Nature.png","small_image_url":"https://coub-anubis-a.akamaized.net/coub_storage/category/cw_image/a4b57370b28/3c9d9a8cf4246d5a30610/small_1545567929_Nature.png","med_image_url":"https://coub-anubis-a.akamaized.net/coub_storage/category/cw_image/a4b57370b28/3c9d9a8cf4246d5a30610/med_1545567929_Nature.png","visible":true}],"communities":[{"id":9,"title":"Nature & Travel","permalink":"nature-travel","subscriptions_count":10070807,"big_image_url":"https://coub-anubis-a.akamaized.net/coub_storage/category/cw_image/a4b57370b28/3c9d9a8cf4246d5a30610/big_1545567929_Nature.png","small_image_url":"https://coub-anubis-a.akamaized.net/coub_storage/category/cw_image/a4b57370b28/3c9d9a8cf4246d5a30610/small_1545567929_Nature.png","med_image_url":"https://coub-anubis-a.akamaized.net/coub_storage/category/cw_image/a4b57370b28/3c9d9a8cf4246d5a30610/med_1545567929_Nature.png","i_subscribed":true,"community_notifications_enabled":null,"description":null}],"recoubs_count":188,"remixes_count":1,"likes_count":832,"dislikes_count":0,"raw_video_id":"","uploaded_by_ios_app":false,"uploaded_by_android_app":true,"media_blocks":{"uploaded_raw_videos":[],"external_raw_videos":[],"remixed_from_coubs":[{"id":35733017,"title":"E C H O E S / x9","url":"https://coub.com/coubs/2dlzhi/remix","image":"https://coub-anubis-a.akamaized.net/coub_storage/media_block/cw_image/d744dc90675/1f911b95b98a13e68c22a/1588928991_1qzps53_1588928978_00032.jpg","image_retina":"https://coub-anubis-a.akamaized.net/coub_storage/media_block/cw_image/d744dc90675/1f911b95b98a13e68c22a/1588928991_1qzps53_1588928978_00032.jpg","meta":{"duration":"10.0"},"duration":null,"coub_channel_title":"00:13 pm","coub_channel_permalink":"00-13-pm","coub_views_count":42994,"coub_permalink":"2dlzhi"}]},"raw_video_thumbnail_url":"","raw_video_title":"","video_block_banned":false,"duration":7.04,"promo_winner":false,"promo_winner_recoubers":null,"editorial_info":{},"promo_hint":null,"beeline_best_2014":null,"from_web_editor":false,"normalize_sound":true,"normalize_change_allowed":true,"best2015_addable":false,"ahmad_promo":null,"promo_data":null,"audio_copyright_claim":null,"ads_disabled":false,"is_safe_for_ads":true,"megafon_contents":[],"position_on_page":10}]}