{"page":186,"per_page":10,"total_pages":500,"coubs":[{"flag":null,"abuses":null,"recoubs_by_users_channels":null,"favourite":false,"promoted_id":null,"recoub":null,"like":null,"dislike":null,"reaction":null,"in_my_best2015":false,"id":155773430,"type":"Coub::Simple","permalink":"2keabr","title":" Herr Mannelig","visibility_type":"public","original_visibility_type":"public","channel_id":4574141,"created_at":"2020-10-14T14:24:13Z","updated_at":"2022-03-14T15:15:01Z","is_done":true,"views_count":133510,"cotd":null,"cotd_at":null,"visible_on_explore_root":false,"visible_on_explore":false,"featured":false,"published":true,"published_at":"2020-10-14T14:24:13Z","reversed":false,"from_editor_v2":true,"is_editable":true,"original_sound":false,"has_sound":false,"recoub_to":null,"file_versions":{"html5":{"video":{"higher":{"url":"https://coub-anubis-a.akamaized.net/coub_storage/coub/simple/cw_file/fbc96ef32eb/49051dd7097a4a7336709/muted_mp4_huge_size_1602685488_muted_huge.mp4","size":3182514},"high":{"url":"https://coub-anubis-a.akamaized.net/coub_storage/coub/simple/cw_file/fbc96ef32eb/49051dd7097a4a7336709/muted_mp4_big_size_1602685488_muted_big.mp4","size":2028226},"med":{"url":"https://coub-anubis-a.akamaized.net/coub_storage/coub/simple/cw_file/fbc96ef32eb/49051dd7097a4a7336709/muted_mp4_med_size_1602685488_muted_med.mp4","size":692007}},"audio":{"high":{"url":"https://coub-anubis-a.akamaized.net/coub_storage/coub/simple/cw_looped_audio_high/550f28137c2/8d98d136266f212bf3ad2/1602685576_mp3-high.mp3","size":7573993},"med":{"url":"https://coub-anubis-a.akamaized.net/coub_storage/coub/simple/cw_looped_audio_med/f7fc6176940/6496d7d5b356cc9ff98b7/1602685571_mp3-med.mp3","size":5845853}}},"mobile":{"video":"https://coub-anubis-a.akamaized.net/coub_storage/coub/simple/cw_file/fbc96ef32eb/49051dd7097a4a7336709/muted_mp4_med_size_1602685488_muted_med.mp4","audio":["https://coub-anubis-a.akamaized.net/coub_storage/coub/simple/cw_looped_audio_med/f7fc6176940/6496d7d5b356cc9ff98b7/1602685571_mp3-med.mp3"]},"share":{"default":"https://coub-anubis-a.akamaized.net/coub_storage/coub/simple/cw_video_for_sharing/4ee3a351839/a792bef37a34bdd2e5e6f/1608477586_looped_1608477585.mp4"}},"audio_versions":{"template":"https://coub-anubis-a.akamaized.net/coub_storage/audio_track/cw_normalized_copy/eaacc87fc6b/03d1edf68f54be4b30d5e/mid_1602685540_normalized_1602685496_1x3bx17_edited.mp3","versions":["mid","low"]},"image_versions":{"template":"https://coub-anubis-a.akamaized.net/coub_storage/coub/simple/cw_image/2818df25ee4/adb086a60d82efcd31476/1602685583_00030.jpg","versions":["micro","tiny","age_restricted","ios_large","ios_mosaic","big","med","small","pinterest"]},"first_frame_versions":{"template":"https://coub-anubis-a.akamaized.net/coub_storage/coub/simple/cw_timeline_pic/cc99f57bce1/ecd8f47f665dd7e25e440/%{version}_1602685582_image.jpg","versions":["big","med","small","ios_large"]},"dimensions":{"big":[1280,720],"med":[640,360]},"site_w_h":[640,360],"page_w_h":[640,360],"site_w_h_small":[310,174],"size":[1280,720],"age_restricted":false,"age_restricted_by_admin":false,"not_safe_for_work":false,"allow_reuse":false,"dont_crop":true,"banned":false,"global_safe":null,"audio_file_url":"https://coub-anubis-a.akamaized.net/coub_storage/audio_track/cw_normalized_copy/eaacc87fc6b/03d1edf68f54be4b30d5e/low_1602685540_normalized_1602685496_1x3bx17_edited.mp3","external_download":{"type":"Youtube","service_name":"YouTube","url":"https://www.youtube.com/watch?v=Cy44ocuoWhE","has_embed":true},"application":null,"channel":{"id":4574141,"permalink":"jurij-ignatev1","title":"Yuriy Ignatiev","description":null,"followers_count":55,"following_count":16,"avatar_versions":{"template":"https://coubsecureassets-a.akamaihd.net/assets/default-avatars/51-183429ee18a343c2dd9975842250cfe7ca2e40f20e39bc223bfea77a481ea9d1.png"}},"file":null,"picture":"https://coub-anubis-a.akamaized.net/coub_storage/coub/simple/cw_image/2818df25ee4/adb086a60d82efcd31476/1602685583_00030.jpg","timeline_picture":"https://coub-anubis-a.akamaized.net/coub_storage/coub/simple/cw_timeline_pic/cc99f57bce1/ecd8f47f665dd7e25e440/ios_large_1602685582_image.jpg","small_picture":"https://coub-anubis-a.akamaized.net/coub_storage/coub/simple/cw_image/2818df25ee4/adb086a60d82efcd31476/1602685583_00030.jpg","sharing_picture":null,"percent_done":100,"tags":[{"id":1456097,"title":"herr mannelig","value":"herr%20mannelig"},{"id":1456098,"title":"garmarna","value":"garmarna"},{"id":3582990,"title":"герр маннелиг","value":"%D0%B3%D0%B5%D1%80%D1%80%20%D0%BC%D0%B0%D0%BD%D0%BD%D0%B5%D0%BB%D0%B8%D0%B3"},{"id":76790,"title":"викинги","value":"%D0%B2%D0%B8%D0%BA%D0%B8%D0%BD%D0%B3%D0%B8"},{"id":3582991,"title":"скандинавская баллада","value":"%D1%81%D0%BA%D0%B0%D0%BD%D0%B4%D0%B8%D0%BD%D0%B0%D0%B2%D1%81%D0%BA%D0%B0%D1%8F%20%D0%B1%D0%B0%D0%BB%D0%BB%D0%B0%D0%B4%D0%B0"},{"id":1162203,"title":"беовульф","value":"%D0%B1%D0%B5%D0%BE%D0%B2%D1%83%D0%BB%D1%8C%D1%84"},{"id":1678009,"title":"грендель","value":"%D0%B3%D1%80%D0%B5%D0%BD%D0%B4%D0%B5%D0%BB%D1%8C"},{"id":21175,"title":"тролль","value":"%D1%82%D1%80%D0%BE%D0%BB%D0%BB%D1%8C"},{"id":55494,"title":"vikings","value":"vikings"},{"id":502,"title":"troll","value":"troll"},{"id":124140,"title":"beowulf","value":"beowulf"},{"id":211450,"title":"grendel","value":"grendel"},{"id":3582992,"title":"swedish ballad","value":"swedish%20ballad"},{"id":3582993,"title":"medeltidsballad","value":"medeltidsballad"}],"categories":[{"id":9,"title":"Nature & Travel","permalink":"nature-travel","subscriptions_count":10070807,"big_image_url":"https://coub-anubis-a.akamaized.net/coub_storage/category/cw_image/a4b57370b28/3c9d9a8cf4246d5a30610/big_1545567929_Nature.png","small_image_url":"https://coub-anubis-a.akamaized.net/coub_storage/category/cw_image/a4b57370b28/3c9d9a8cf4246d5a30610/small_1545567929_Nature.png","med_image_url":"https://coub-anubis-a.akamaized.net/coub_storage/category/cw_image/a4b57370b28/3c9d9a8cf4246d5a30610/med_1545567929_Nature.png","visible":true}],"communities":[{"id":9,"title":"Nature & Travel","permalink":"nature-travel","subscriptions_count":10070807,"big_image_url":"https://coub-anubis-a.akamaized.net/coub_storage/category/cw_image/a4b57370b28/3c9d9a8cf4246d5a30610/big_1545567929_Nature.png","small_image_url":"https://coub-anubis-a.akamaized.net/coub_storage/category/cw_image/a4b57370b28/3c9d9a8cf4246d5a30610/small_1545567929_Nature.png","med_image_url":"https://coub-anubis-a.akamaized.net/coub_storage/category/cw_image/a4b57370b28/3c9d9a8cf4246d5a30610/med_1545567929_Nature.png","i_subscribed":true,"community_notifications_enabled":null,"description":null}],"recoubs_count":282,"remixes_count":1,"likes_count":1882,"dislikes_count":0,"raw_video_id":15405350,"uploaded_by_ios_app":false,"uploaded_by_android_app":false,"media_blocks":{"uploaded_raw_videos":[],"external_raw_videos":[{"id":36270950,"title":"Garmarna - Herr Mannelig","url":"https://www.youtube.com/watch?v=Cy44ocuoWhE","image":"https://coub-anubis-a.akamaized.net/coub_storage/media_block/cw_image/45cb7c05466/876c19807cf9ce5440406/1593510189_1tpdg62_1593510139_8z9sxg_att-url-download.jpg","image_retina":"https://coub-anubis-a.akamaized.net/coub_storage/media_block/cw_image/45cb7c05466/876c19807cf9ce5440406/1593510189_1tpdg62_1593510139_8z9sxg_att-url-download.jpg","meta":{"service":"Youtube","duration":"383.24"},"duration":383.24,"raw_video_id":15405350,"has_embed":true}],"remixed_from_coubs":[],"external_video":{"id":36270950,"title":"Garmarna - Herr Mannelig","url":"https://www.youtube.com/watch?v=Cy44ocuoWhE","image":"https://coub-anubis-a.akamaized.net/coub_storage/media_block/cw_image/45cb7c05466/876c19807cf9ce5440406/1593510189_1tpdg62_1593510139_8z9sxg_att-url-download.jpg","image_retina":"https://coub-anubis-a.akamaized.net/coub_storage/media_block/cw_image/45cb7c05466/876c19807cf9ce5440406/1593510189_1tpdg62_1593510139_8z9sxg_att-url-download.jpg","meta":{"service":"Youtube","duration":"383.24"},"duration":383.24,"raw_video_id":15405350,"has_embed":true}},"raw_video_thumbnail_url":"/missing/missing.png","raw_video_title":"Garmarna - Herr Mannelig","video_block_banned":false,"duration":9.52,"promo_winner":false,"promo_winner_recoubers":null,"editorial_info":{},"promo_hint":null,"beeline_best_2014":null,"from_web_editor":true,"normalize_sound":true,"normalize_change_allowed":true,"best2015_addable":false,"ahmad_promo":null,"promo_data":null,"audio_copyright_claim":null,"ads_disabled":false,"is_safe_for_ads":true,"megafon_contents":[],"position_on_page":1},{"flag":null,"abuses":null,"recoubs_by_users_channels":null,"favourite":false,"promoted_id":null,"recoub":null,"like":null,"dislike":null,"reaction":null,"in_my_best2015":false,"id":85402680,"type":"Coub::Simple","permalink":"1efuat","title":"don't forget to breathe","visibility_type":"public","original_visibility_type":"public","channel_id":2249478,"created_at":"2018-09-16T06:37:11Z","updated_at":"2022-03-08T22:54:18Z","is_done":true,"views_count":118849,"cotd":null,"cotd_at":null,"visible_on_explore_root":false,"visible_on_explore":false,"featured":false,"published":true,"published_at":"2018-09-16T06:37:11Z","reversed":false,"from_editor_v2":true,"is_editable":true,"original_sound":false,"has_sound":false,"recoub_to":null,"file_versions":{"html5":{"video":{"higher":{"url":"https://coub-anubis-a.akamaized.net/coub_storage/coub/simple/cw_file/2d246a1dedb/971e5990a1a93fcb7859e/muted_mp4_huge_size_1569282189_muted_huge.mp4","size":3639720},"high":{"url":"https://coub-anubis-a.akamaized.net/coub_storage/coub/simple/cw_file/2d246a1dedb/971e5990a1a93fcb7859e/muted_mp4_big_size_1569282189_muted_big.mp4","size":2494715},"med":{"url":"https://coub-anubis-a.akamaized.net/coub_storage/coub/simple/cw_file/2d246a1dedb/971e5990a1a93fcb7859e/muted_mp4_med_size_1569282189_muted_med.mp4","size":791621}},"audio":{"high":{"url":"https://coub-anubis-a.akamaized.net/coub_storage/coub/simple/cw_looped_audio_high/78bdf34abb5/2f94a4ce31d03cbdddafc/1605607972_high_1537079851_high.mp3","size":3749031},"med":{"url":"https://coub-anubis-a.akamaized.net/coub_storage/coub/simple/cw_looped_audio_med/445241b4516/30f5b796466f563126d16/1605607971_med_1537079851_med.mp3","size":2779930}}},"mobile":{"video":"https://coub-anubis-a.akamaized.net/coub_storage/coub/simple/cw_file/2d246a1dedb/971e5990a1a93fcb7859e/muted_mp4_med_size_1569282189_muted_med.mp4","audio":["https://coub-anubis-a.akamaized.net/coub_storage/coub/simple/cw_looped_audio_med/445241b4516/30f5b796466f563126d16/1605607971_med_1537079851_med.mp3"]},"share":{"default":"https://coub-anubis-a.akamaized.net/coub_storage/coub/simple/cw_video_for_sharing/7c04ed56bf1/09752d5b58353e037188f/1610507299_looped_1610507298.mp4"}},"audio_versions":{"template":"https://coub-anubis-a.akamaized.net/coub_storage/audio_track/cw_normalized_copy/a36666bcd08/883b7b2fc5509e25327c4/mid_1537079840_qt9w6g_normalized_1537079715_audio.mp3","versions":["mid","low"]},"image_versions":{"template":"https://coub-anubis-a.akamaized.net/coub_storage/coub/simple/cw_image/19d3ec31751/529b8c6af6aca80e3f71e/1537079865_00032.jpg","versions":["micro","tiny","age_restricted","ios_large","ios_mosaic","big","med","small","pinterest"]},"first_frame_versions":{"template":"https://coub-anubis-a.akamaized.net/coub_storage/coub/simple/cw_timeline_pic/ea4070b51c6/a45c8b8b189592d23ee9a/%{version}_1537079865_image.jpg","versions":["big","med","small","ios_large"]},"dimensions":{"big":[960,960],"med":[480,480]},"site_w_h":[400,400],"page_w_h":[400,400],"site_w_h_small":[310,310],"size":[960,960],"age_restricted":false,"age_restricted_by_admin":false,"not_safe_for_work":false,"allow_reuse":false,"dont_crop":false,"banned":false,"global_safe":true,"audio_file_url":"https://coub-anubis-a.akamaized.net/coub_storage/audio_track/cw_normalized_copy/a36666bcd08/883b7b2fc5509e25327c4/low_1537079840_qt9w6g_normalized_1537079715_audio.mp3","external_download":false,"application":null,"channel":{"id":2249478,"permalink":"mr-cycle","title":"mr_cycle","description":null,"followers_count":51,"following_count":4,"avatar_versions":{"template":"https://coub-anubis-a.akamaized.net/coub_storage/channel/cw_avatar/a78d0780d1c/808ea4a9fee93aff84962/%{version}_1608782786_1g4qrf3_1537989125_filename.jpeg","versions":["medium","medium_2x","profile_pic","profile_pic_new","profile_pic_new_2x","tiny","tiny_2x","small","small_2x","ios_large","ios_small"]}},"file":null,"picture":"https://coub-anubis-a.akamaized.net/coub_storage/coub/simple/cw_image/19d3ec31751/529b8c6af6aca80e3f71e/1537079865_00032.jpg","timeline_picture":"https://coub-anubis-a.akamaized.net/coub_storage/coub/simple/cw_timeline_pic/ea4070b51c6/a45c8b8b189592d23ee9a/ios_large_1537079865_image.jpg","small_picture":"https://coub-anubis-a.akamaized.net/coub_storage/coub/simple/cw_image/19d3ec31751/529b8c6af6aca80e3f71e/1537079865_00032.jpg","sharing_picture":null,"percent_done":100,"tags":[],"categories":[{"id":9,"title":"Nature & Travel","permalink":"nature-travel","subscriptions_count":10070807,"big_image_url":"https://coub-anubis-a.akamaized.net/coub_storage/category/cw_image/a4b57370b28/3c9d9a8cf4246d5a30610/big_1545567929_Nature.png","small_image_url":"https://coub-anubis-a.akamaized.net/coub_storage/category/cw_image/a4b57370b28/3c9d9a8cf4246d5a30610/small_1545567929_Nature.png","med_image_url":"https://coub-anubis-a.akamaized.net/coub_storage/category/cw_image/a4b57370b28/3c9d9a8cf4246d5a30610/med_1545567929_Nature.png","visible":true}],"communities":[{"id":9,"title":"Nature & Travel","permalink":"nature-travel","subscriptions_count":10070807,"big_image_url":"https://coub-anubis-a.akamaized.net/coub_storage/category/cw_image/a4b57370b28/3c9d9a8cf4246d5a30610/big_1545567929_Nature.png","small_image_url":"https://coub-anubis-a.akamaized.net/coub_storage/category/cw_image/a4b57370b28/3c9d9a8cf4246d5a30610/small_1545567929_Nature.png","med_image_url":"https://coub-anubis-a.akamaized.net/coub_storage/category/cw_image/a4b57370b28/3c9d9a8cf4246d5a30610/med_1545567929_Nature.png","i_subscribed":true,"community_notifications_enabled":null,"description":null}],"recoubs_count":379,"remixes_count":3,"likes_count":1880,"dislikes_count":0,"raw_video_id":"","uploaded_by_ios_app":false,"uploaded_by_android_app":false,"media_blocks":{"uploaded_raw_videos":[],"external_raw_videos":[],"remixed_from_coubs":[{"id":27697166,"title":"The Wave","url":"https://coub.com/coubs/1ci95j/remix","image":"https://coub-anubis-a.akamaized.net/coub_storage/media_block/cw_image/fff389e9298/2f1e1af494d1c325314f4/1534098898_1534098889_00032.jpg","image_retina":"https://coub-anubis-a.akamaized.net/coub_storage/media_block/cw_image/fff389e9298/2f1e1af494d1c325314f4/1534098898_1534098889_00032.jpg","meta":{"duration":"10.0"},"duration":null,"coub_channel_title":"VR","coub_channel_permalink":"vr137962","coub_views_count":143784,"coub_permalink":"1ci95j"}]},"raw_video_thumbnail_url":"","raw_video_title":"","video_block_banned":false,"duration":10.0,"promo_winner":false,"promo_winner_recoubers":null,"editorial_info":{},"promo_hint":null,"beeline_best_2014":null,"from_web_editor":true,"normalize_sound":true,"normalize_change_allowed":true,"best2015_addable":false,"ahmad_promo":null,"promo_data":null,"audio_copyright_claim":null,"ads_disabled":false,"is_safe_for_ads":true,"megafon_contents":[],"position_on_page":2},{"flag":null,"abuses":null,"recoubs_by_users_channels":null,"favourite":false,"promoted_id":null,"recoub":null,"like":null,"dislike":null,"reaction":null,"in_my_best2015":false,"id":181000634,"type":"Coub::Simple","permalink":"2zezww","title":"Nuclear winter in Norilsk","visibility_type":"public","original_visibility_type":"public","channel_id":3363390,"created_at":"2022-01-04T03:11:54Z","updated_at":"2022-03-16T06:41:38Z","is_done":true,"views_count":163531,"cotd":null,"cotd_at":null,"visible_on_explore_root":false,"visible_on_explore":false,"featured":false,"published":true,"published_at":"2022-01-04T03:11:53Z","reversed":false,"from_editor_v2":true,"is_editable":true,"original_sound":false,"has_sound":false,"recoub_to":null,"file_versions":{"html5":{"video":{"higher":{"url":"https://coub-anubis-a.akamaized.net/coub_storage/coub/simple/cw_file/145bccb2b61/38775651caa0da0a4977c/muted_mp4_huge_size_1641267160_muted_huge.mp4","size":1674726},"high":{"url":"https://coub-anubis-a.akamaized.net/coub_storage/coub/simple/cw_file/145bccb2b61/38775651caa0da0a4977c/muted_mp4_big_size_1641267160_muted_big.mp4","size":1149114},"med":{"url":"https://coub-anubis-a.akamaized.net/coub_storage/coub/simple/cw_file/145bccb2b61/38775651caa0da0a4977c/muted_mp4_med_size_1641267160_muted_med.mp4","size":280242}},"audio":{"high":{"url":"https://coub-anubis-a.akamaized.net/coub_storage/coub/simple/cw_looped_audio_high/f85c1219242/df7e27da93f55e22a822d/1641267210_mp3-high.mp3","size":4358234},"med":{"url":"https://coub-anubis-a.akamaized.net/coub_storage/coub/simple/cw_looped_audio_med/8d0583c6e24/67e3149debe1409b6f046/1641267207_mp3-med.mp3","size":3429125}}},"mobile":{"video":"https://coub-anubis-a.akamaized.net/coub_storage/coub/simple/cw_file/145bccb2b61/38775651caa0da0a4977c/muted_mp4_med_size_1641267160_muted_med.mp4","audio":["https://coub-anubis-a.akamaized.net/coub_storage/coub/simple/cw_looped_audio_med/8d0583c6e24/67e3149debe1409b6f046/1641267207_mp3-med.mp3"]},"share":{"default":"https://coub-anubis-a.akamaized.net/coub_storage/coub/simple/cw_video_for_sharing/e04cffe7ccd/45378a59fc58ec78f4419/1641267247_looped_1641267246.mp4"}},"audio_versions":{"template":"https://coub-anubis-a.akamaized.net/coub_storage/audio_track/cw_normalized_copy/2c4ede94d21/d57c6bdad6b2819ea4b89/mid_1641267192_normalized_1641267165_121jabi_edited.mp3","versions":["mid","low"]},"image_versions":{"template":"https://coub-anubis-a.akamaized.net/coub_storage/coub/simple/cw_image/d4b276ea900/b3c20a94b0cc942e7524e/%{version}_1641267217_00032.jpg","versions":["micro","tiny","age_restricted","ios_large","ios_mosaic","big","med","small","pinterest"]},"first_frame_versions":{"template":"https://coub-anubis-a.akamaized.net/coub_storage/coub/simple/cw_timeline_pic/1061e0a8c96/0ec58a7d314634a1ecee6/%{version}_1641267215_image.jpg","versions":["big","med","small","ios_large"]},"dimensions":{"big":[1280,720],"med":[640,360]},"site_w_h":[640,360],"page_w_h":[640,360],"site_w_h_small":[310,174],"size":[1280,720],"age_restricted":false,"age_restricted_by_admin":false,"not_safe_for_work":false,"allow_reuse":false,"dont_crop":true,"banned":false,"global_safe":null,"audio_file_url":"https://coub-anubis-a.akamaized.net/coub_storage/audio_track/cw_normalized_copy/2c4ede94d21/d57c6bdad6b2819ea4b89/low_1641267192_normalized_1641267165_121jabi_edited.mp3","external_download":{"type":"Youtube","service_name":"YouTube","url":"https://www.youtube.com/watch?v=d-xY08JSNCs","has_embed":true},"application":null,"channel":{"id":3363390,"permalink":"ilja-dubinin6","title":"Ilya Dubinin","description":null,"followers_count":88,"following_count":8,"avatar_versions":{"template":"https://coub-anubis-a.akamaized.net/coub_storage/channel/cw_avatar/e9b0b7ba614/39535313eb9f886fdec7f/%{version}_1607631609_1jzv6nz_1547651139_g6JcR9-nziA.jpg","versions":["medium","medium_2x","profile_pic","profile_pic_new","profile_pic_new_2x","tiny","tiny_2x","small","small_2x","ios_large","ios_small"]}},"file":null,"picture":"https://coub-anubis-a.akamaized.net/coub_storage/coub/simple/cw_image/d4b276ea900/b3c20a94b0cc942e7524e/med_1641267217_00032.jpg","timeline_picture":"https://coub-anubis-a.akamaized.net/coub_storage/coub/simple/cw_timeline_pic/1061e0a8c96/0ec58a7d314634a1ecee6/ios_large_1641267215_image.jpg","small_picture":"https://coub-anubis-a.akamaized.net/coub_storage/coub/simple/cw_image/d4b276ea900/b3c20a94b0cc942e7524e/ios_mosaic_1641267217_00032.jpg","sharing_picture":null,"percent_done":100,"tags":[{"id":4165370,"title":"ninurta","value":"ninurta"},{"id":4489166,"title":"нинурта","value":"%D0%BD%D0%B8%D0%BD%D1%83%D1%80%D1%82%D0%B0"},{"id":29378,"title":"abandoned","value":"abandoned"},{"id":1349673,"title":"заброшенное","value":"%D0%B7%D0%B0%D0%B1%D1%80%D0%BE%D1%88%D0%B5%D0%BD%D0%BD%D0%BE%D0%B5"},{"id":5087127,"title":"opuszczone","value":"opuszczone"},{"id":470508,"title":"verlassen","value":"verlassen"},{"id":204311,"title":"urbex","value":"urbex"},{"id":204309,"title":"urban exploration","value":"urban%20exploration"},{"id":311811,"title":"post apocalypse","value":"post%20apocalypse"},{"id":105741,"title":"постапокалипсис","value":"%D0%BF%D0%BE%D1%81%D1%82%D0%B0%D0%BF%D0%BE%D0%BA%D0%B0%D0%BB%D0%B8%D0%BF%D1%81%D0%B8%D1%81"},{"id":145019,"title":"норильск","value":"%D0%BD%D0%BE%D1%80%D0%B8%D0%BB%D1%8C%D1%81%D0%BA"},{"id":138168,"title":"norilsk","value":"norilsk"},{"id":2119,"title":"зима","value":"%D0%B7%D0%B8%D0%BC%D0%B0"},{"id":1038,"title":"winter","value":"winter"},{"id":7198,"title":"снег","value":"%D1%81%D0%BD%D0%B5%D0%B3"},{"id":5318,"title":"snow","value":"snow"},{"id":352035,"title":"ядерная зима","value":"%D1%8F%D0%B4%D0%B5%D1%80%D0%BD%D0%B0%D1%8F%20%D0%B7%D0%B8%D0%BC%D0%B0"},{"id":352036,"title":"nuclear winter","value":"nuclear%20winter"},{"id":31303,"title":"север","value":"%D1%81%D0%B5%D0%B2%D0%B5%D1%80"},{"id":4594,"title":"north","value":"north"},{"id":146785,"title":"metro 2033","value":"metro%202033"},{"id":3090434,"title":"metro exodus","value":"metro%20exodus"},{"id":76285,"title":"железная дорога","value":"%D0%B6%D0%B5%D0%BB%D0%B5%D0%B7%D0%BD%D0%B0%D1%8F%20%D0%B4%D0%BE%D1%80%D0%BE%D0%B3%D0%B0"},{"id":22568,"title":"railway","value":"railway"},{"id":1254,"title":"поезд","value":"%D0%BF%D0%BE%D0%B5%D0%B7%D0%B4"},{"id":444742,"title":"вагоны","value":"%D0%B2%D0%B0%D0%B3%D0%BE%D0%BD%D1%8B"},{"id":248246,"title":"автобусы","value":"%D0%B0%D0%B2%D1%82%D0%BE%D0%B1%D1%83%D1%81%D1%8B"},{"id":53701,"title":"graveyard","value":"graveyard"},{"id":219895,"title":"junkyard","value":"junkyard"},{"id":5136235,"title":"кладбище техники","value":"%D0%BA%D0%BB%D0%B0%D0%B4%D0%B1%D0%B8%D1%89%D0%B5%20%D1%82%D0%B5%D1%85%D0%BD%D0%B8%D0%BA%D0%B8"},{"id":101627,"title":"свалка","value":"%D1%81%D0%B2%D0%B0%D0%BB%D0%BA%D0%B0"},{"id":22233,"title":"trains","value":"trains"},{"id":187117,"title":"buses","value":"buses"},{"id":701615,"title":"изморозь","value":"%D0%B8%D0%B7%D0%BC%D0%BE%D1%80%D0%BE%D0%B7%D1%8C"},{"id":12999,"title":"frost","value":"frost"},{"id":2884899,"title":"railcars","value":"railcars"},{"id":6671809,"title":"никелевый завод","value":"%D0%BD%D0%B8%D0%BA%D0%B5%D0%BB%D0%B5%D0%B2%D1%8B%D0%B9%20%D0%B7%D0%B0%D0%B2%D0%BE%D0%B4"},{"id":6671810,"title":"nickel plant","value":"nickel%20plant"},{"id":43500,"title":"гараж","value":"%D0%B3%D0%B0%D1%80%D0%B0%D0%B6"},{"id":6671811,"title":"нпопат","value":"%D0%BD%D0%BF%D0%BE%D0%BF%D0%B0%D1%82"},{"id":32470,"title":"garage","value":"garage"},{"id":6671812,"title":"база запаса","value":"%D0%B1%D0%B0%D0%B7%D0%B0%20%D0%B7%D0%B0%D0%BF%D0%B0%D1%81%D0%B0"},{"id":721889,"title":"депо","value":"%D0%B4%D0%B5%D0%BF%D0%BE"},{"id":313454,"title":"depot","value":"depot"},{"id":1925692,"title":"литейный цех","value":"%D0%BB%D0%B8%D1%82%D0%B5%D0%B9%D0%BD%D1%8B%D0%B9%20%D1%86%D0%B5%D1%85"},{"id":6671813,"title":"melting shop","value":"melting%20shop"},{"id":6671814,"title":"плавильный","value":"%D0%BF%D0%BB%D0%B0%D0%B2%D0%B8%D0%BB%D1%8C%D0%BD%D1%8B%D0%B9"},{"id":363874,"title":"foundry","value":"foundry"},{"id":1367499,"title":"абк","value":"%D0%B0%D0%B1%D0%BA"},{"id":1071949,"title":"snowbound","value":"snowbound"}],"categories":[{"id":9,"title":"Nature & Travel","permalink":"nature-travel","subscriptions_count":10070807,"big_image_url":"https://coub-anubis-a.akamaized.net/coub_storage/category/cw_image/a4b57370b28/3c9d9a8cf4246d5a30610/big_1545567929_Nature.png","small_image_url":"https://coub-anubis-a.akamaized.net/coub_storage/category/cw_image/a4b57370b28/3c9d9a8cf4246d5a30610/small_1545567929_Nature.png","med_image_url":"https://coub-anubis-a.akamaized.net/coub_storage/category/cw_image/a4b57370b28/3c9d9a8cf4246d5a30610/med_1545567929_Nature.png","visible":true}],"communities":[{"id":9,"title":"Nature & Travel","permalink":"nature-travel","subscriptions_count":10070807,"big_image_url":"https://coub-anubis-a.akamaized.net/coub_storage/category/cw_image/a4b57370b28/3c9d9a8cf4246d5a30610/big_1545567929_Nature.png","small_image_url":"https://coub-anubis-a.akamaized.net/coub_storage/category/cw_image/a4b57370b28/3c9d9a8cf4246d5a30610/small_1545567929_Nature.png","med_image_url":"https://coub-anubis-a.akamaized.net/coub_storage/category/cw_image/a4b57370b28/3c9d9a8cf4246d5a30610/med_1545567929_Nature.png","i_subscribed":true,"community_notifications_enabled":null,"description":null}],"recoubs_count":344,"remixes_count":0,"likes_count":1879,"dislikes_count":0,"raw_video_id":17012126,"uploaded_by_ios_app":false,"uploaded_by_android_app":false,"media_blocks":{"uploaded_raw_videos":[],"external_raw_videos":[{"id":40655879,"title":"Nuclear winter in Norilsk","url":"https://www.youtube.com/watch?v=d-xY08JSNCs","image":"https://coub-anubis-a.akamaized.net/coub_storage/media_block/cw_image/ff135460d06/cb3c7b8a650166315b277/video_1640257918_15i8468_1640257561_1640257553_kb0btl_att-url-download.webp","image_retina":"https://coub-anubis-a.akamaized.net/coub_storage/media_block/cw_image/ff135460d06/cb3c7b8a650166315b277/video_retina_1640257918_15i8468_1640257561_1640257553_kb0btl_att-url-download.webp","meta":{"service":"Youtube","duration":"1174.68"},"duration":1174.68,"raw_video_id":17012126,"has_embed":true}],"remixed_from_coubs":[],"external_video":{"id":40655879,"title":"Nuclear winter in Norilsk","url":"https://www.youtube.com/watch?v=d-xY08JSNCs","image":"https://coub-anubis-a.akamaized.net/coub_storage/media_block/cw_image/ff135460d06/cb3c7b8a650166315b277/video_1640257918_15i8468_1640257561_1640257553_kb0btl_att-url-download.webp","image_retina":"https://coub-anubis-a.akamaized.net/coub_storage/media_block/cw_image/ff135460d06/cb3c7b8a650166315b277/video_retina_1640257918_15i8468_1640257561_1640257553_kb0btl_att-url-download.webp","meta":{"service":"Youtube","duration":"1174.68"},"duration":1174.68,"raw_video_id":17012126,"has_embed":true}},"raw_video_thumbnail_url":"https://coub-anubis-a.akamaized.net/coub_storage/raw_video/cw_image/51bbb1e8e9d/0ca76f1d8fd8e459904ac/coub_media_1640257561_1640257553_kb0btl_att-url-download.webp","raw_video_title":"Nuclear winter in Norilsk","video_block_banned":false,"duration":9.96,"promo_winner":false,"promo_winner_recoubers":null,"editorial_info":{},"promo_hint":null,"beeline_best_2014":null,"from_web_editor":true,"normalize_sound":true,"normalize_change_allowed":true,"best2015_addable":false,"ahmad_promo":null,"promo_data":null,"audio_copyright_claim":null,"ads_disabled":false,"is_safe_for_ads":true,"megafon_contents":[],"position_on_page":3},{"flag":null,"abuses":null,"recoubs_by_users_channels":null,"favourite":false,"promoted_id":null,"recoub":null,"like":null,"dislike":null,"reaction":null,"in_my_best2015":false,"id":123263579,"type":"Coub::Simple","permalink":"20zjwe","title":"After two days","visibility_type":"public","original_visibility_type":"public","channel_id":4524175,"created_at":"2019-09-10T13:37:40Z","updated_at":"2022-03-07T20:53:51Z","is_done":true,"views_count":102160,"cotd":null,"cotd_at":null,"visible_on_explore_root":false,"visible_on_explore":false,"featured":false,"published":true,"published_at":"2019-09-10T13:37:40Z","reversed":true,"from_editor_v2":true,"is_editable":true,"original_sound":false,"has_sound":false,"recoub_to":null,"file_versions":{"html5":{"video":{"higher":{"url":"https://coub-anubis-a.akamaized.net/coub_storage/coub/simple/cw_file/aabd2c8513c/416a869d36d370b4a2590/muted_mp4_huge_size_1568122667_muted_huge.mp4","size":8319893},"high":{"url":"https://coub-anubis-a.akamaized.net/coub_storage/coub/simple/cw_file/aabd2c8513c/416a869d36d370b4a2590/muted_mp4_big_size_1568122667_muted_big.mp4","size":5439541},"med":{"url":"https://coub-anubis-a.akamaized.net/coub_storage/coub/simple/cw_file/aabd2c8513c/416a869d36d370b4a2590/muted_mp4_med_size_1568122667_muted_med.mp4","size":1760902}},"audio":{"high":{"url":"https://coub-anubis-a.akamaized.net/coub_storage/coub/simple/cw_looped_audio_high/2c93ce93a9a/4e0c629a39913c2fd030a/1605689543_high_1568122715_high.mp3","size":4346409},"med":{"url":"https://coub-anubis-a.akamaized.net/coub_storage/coub/simple/cw_looped_audio_med/939b0c9d7a8/57f2d3ccb6c3a36946a7a/1605689543_med_1568122715_med.mp3","size":3231958}}},"mobile":{"video":"https://coub-anubis-a.akamaized.net/coub_storage/coub/simple/cw_file/aabd2c8513c/416a869d36d370b4a2590/muted_mp4_med_size_1568122667_muted_med.mp4","audio":["https://coub-anubis-a.akamaized.net/coub_storage/coub/simple/cw_looped_audio_med/939b0c9d7a8/57f2d3ccb6c3a36946a7a/1605689543_med_1568122715_med.mp3"]},"share":{"default":"https://coub-anubis-a.akamaized.net/coub_storage/coub/simple/cw_video_for_sharing/7cd51eb20a7/977a4b9dddb5783b70519/1620325192_looped_1620325190.mp4"}},"audio_versions":{"template":"https://coub-anubis-a.akamaized.net/coub_storage/audio_track/cw_normalized_copy/2256aecd2b5/2c5c3bd3c47425fd5ad55/mid_1568122699_normalized_1568122672_1edo85h_edited.mp3","versions":["mid","low"]},"image_versions":{"template":"https://coub-anubis-a.akamaized.net/coub_storage/coub/simple/cw_image/a5f2c96b9b2/c72111dea656f25823ba3/1568122738_00056.jpg","versions":["micro","tiny","age_restricted","ios_large","ios_mosaic","big","med","small","pinterest"]},"first_frame_versions":{"template":"https://coub-anubis-a.akamaized.net/coub_storage/coub/simple/cw_timeline_pic/605548fbaf5/6dbbe54695e699c9085a2/%{version}_1568122737_image.jpg","versions":["big","med","small","ios_large"]},"dimensions":{"big":[960,960],"med":[480,480]},"site_w_h":[400,400],"page_w_h":[400,400],"site_w_h_small":[310,310],"size":[960,960],"age_restricted":false,"age_restricted_by_admin":false,"not_safe_for_work":false,"allow_reuse":false,"dont_crop":false,"banned":false,"global_safe":true,"audio_file_url":"https://coub-anubis-a.akamaized.net/coub_storage/audio_track/cw_normalized_copy/2256aecd2b5/2c5c3bd3c47425fd5ad55/low_1568122699_normalized_1568122672_1edo85h_edited.mp3","external_download":{"type":"Facebook","service_name":"Facebook","url":"https://www.facebook.com/MichaelDCisnerosNYC/videos/10217659556234176/?t=39","has_embed":false},"application":null,"channel":{"id":4524175,"permalink":"justawoman","title":"justawoman","description":null,"followers_count":62,"following_count":26,"avatar_versions":{"template":"https://coub-anubis-a.akamaized.net/coub_storage/channel/cw_avatar/83b39578b45/e7eba06a0a9b5a0709b22/%{version}_1607828372_ais88_1542742462_Woman-Legs.png","versions":["medium","medium_2x","profile_pic","profile_pic_new","profile_pic_new_2x","tiny","tiny_2x","small","small_2x","ios_large","ios_small"]}},"file":null,"picture":"https://coub-anubis-a.akamaized.net/coub_storage/coub/simple/cw_image/a5f2c96b9b2/c72111dea656f25823ba3/1568122738_00056.jpg","timeline_picture":"https://coub-anubis-a.akamaized.net/coub_storage/coub/simple/cw_timeline_pic/605548fbaf5/6dbbe54695e699c9085a2/ios_large_1568122737_image.jpg","small_picture":"https://coub-anubis-a.akamaized.net/coub_storage/coub/simple/cw_image/a5f2c96b9b2/c72111dea656f25823ba3/1568122738_00056.jpg","sharing_picture":null,"percent_done":100,"tags":[],"categories":[{"id":9,"title":"Nature & Travel","permalink":"nature-travel","subscriptions_count":10070807,"big_image_url":"https://coub-anubis-a.akamaized.net/coub_storage/category/cw_image/a4b57370b28/3c9d9a8cf4246d5a30610/big_1545567929_Nature.png","small_image_url":"https://coub-anubis-a.akamaized.net/coub_storage/category/cw_image/a4b57370b28/3c9d9a8cf4246d5a30610/small_1545567929_Nature.png","med_image_url":"https://coub-anubis-a.akamaized.net/coub_storage/category/cw_image/a4b57370b28/3c9d9a8cf4246d5a30610/med_1545567929_Nature.png","visible":true}],"communities":[{"id":9,"title":"Nature & Travel","permalink":"nature-travel","subscriptions_count":10070807,"big_image_url":"https://coub-anubis-a.akamaized.net/coub_storage/category/cw_image/a4b57370b28/3c9d9a8cf4246d5a30610/big_1545567929_Nature.png","small_image_url":"https://coub-anubis-a.akamaized.net/coub_storage/category/cw_image/a4b57370b28/3c9d9a8cf4246d5a30610/small_1545567929_Nature.png","med_image_url":"https://coub-anubis-a.akamaized.net/coub_storage/category/cw_image/a4b57370b28/3c9d9a8cf4246d5a30610/med_1545567929_Nature.png","i_subscribed":true,"community_notifications_enabled":null,"description":null}],"recoubs_count":341,"remixes_count":2,"likes_count":1879,"dislikes_count":0,"raw_video_id":14207336,"uploaded_by_ios_app":false,"uploaded_by_android_app":false,"media_blocks":{"uploaded_raw_videos":[],"external_raw_videos":[{"id":33184262,"title":"I have no idea how to make things go viral, for those that do......please sha...","url":"https://www.facebook.com/MichaelDCisnerosNYC/videos/10217659556234176","image":null,"image_retina":null,"meta":{"service":"Facebook","duration":"38.68"},"duration":38.68,"raw_video_id":14207336,"has_embed":false}],"remixed_from_coubs":[],"external_video":{"id":33184262,"title":"I have no idea how to make things go viral, for those that do......please sha...","url":"https://www.facebook.com/MichaelDCisnerosNYC/videos/10217659556234176","image":null,"image_retina":null,"meta":{"service":"Facebook","duration":"38.68"},"duration":38.68,"raw_video_id":14207336,"has_embed":false}},"raw_video_thumbnail_url":"/missing/missing.png","raw_video_title":"I have no idea how to make things go viral, for those that do......please sha...","video_block_banned":false,"duration":17.6,"promo_winner":false,"promo_winner_recoubers":null,"editorial_info":{},"promo_hint":null,"beeline_best_2014":null,"from_web_editor":true,"normalize_sound":true,"normalize_change_allowed":true,"best2015_addable":false,"ahmad_promo":null,"promo_data":null,"audio_copyright_claim":null,"ads_disabled":false,"is_safe_for_ads":true,"megafon_contents":[],"position_on_page":4},{"flag":null,"abuses":null,"recoubs_by_users_channels":null,"favourite":false,"promoted_id":null,"recoub":null,"like":null,"dislike":null,"reaction":null,"in_my_best2015":false,"id":51368409,"type":"Coub::Simple","permalink":"u4v1r","title":"Dream","visibility_type":"public","original_visibility_type":"public","channel_id":3538285,"created_at":"2017-05-12T15:51:15Z","updated_at":"2022-03-10T07:17:21Z","is_done":true,"views_count":106854,"cotd":null,"cotd_at":null,"visible_on_explore_root":true,"visible_on_explore":true,"featured":true,"published":true,"published_at":"2017-05-12T15:51:15Z","reversed":false,"from_editor_v2":true,"is_editable":true,"original_sound":false,"has_sound":false,"recoub_to":null,"file_versions":{"html5":{"video":{"higher":{"url":"https://coub-anubis-a.akamaized.net/coub_storage/coub/simple/cw_file/da64035d9c0/d41da3d489d0f9fe5a534/muted_mp4_huge_size_1568111256_muted_huge.mp4","size":3102938},"high":{"url":"https://coub-anubis-a.akamaized.net/coub_storage/coub/simple/cw_file/da64035d9c0/d41da3d489d0f9fe5a534/muted_mp4_big_size_1568111256_muted_big.mp4","size":2410284},"med":{"url":"https://coub-anubis-a.akamaized.net/coub_storage/coub/simple/cw_file/da64035d9c0/d41da3d489d0f9fe5a534/muted_mp4_med_size_1568111256_muted_med.mp4","size":561778}}},"mobile":{"video":"https://coub-anubis-a.akamaized.net/coub_storage/coub/simple/cw_file/da64035d9c0/d41da3d489d0f9fe5a534/muted_mp4_med_size_1568111256_muted_med.mp4"},"share":{"default":null}},"audio_versions":{},"image_versions":{"template":"https://coub-anubis-a.akamaized.net/coub_storage/coub/simple/cw_image/a9360613c14/69d769b036636a385df5d/1494604387_00028.jpg","versions":["micro","tiny","age_restricted","ios_large","ios_mosaic","big","med","small","pinterest"]},"first_frame_versions":{"template":"https://coub-anubis-a.akamaized.net/coub_storage/coub/simple/cw_timeline_pic/a9360613c14/69d769b036636a385df5d/%{version}_1494604387_image.jpg","versions":["big","med","small","ios_large"]},"dimensions":{"big":[1280,544],"med":[640,272]},"site_w_h":[640,272],"page_w_h":[640,272],"site_w_h_small":[310,132],"size":[1280,544],"age_restricted":false,"age_restricted_by_admin":false,"not_safe_for_work":false,"allow_reuse":false,"dont_crop":false,"banned":false,"global_safe":true,"audio_file_url":null,"external_download":{"type":"Youtube","service_name":"YouTube","url":"http://www.youtube.com/watch?v=nPtDYYqdrAQ","has_embed":true},"application":null,"channel":{"id":3538285,"permalink":"dance.music","title":"Dance Music","description":null,"followers_count":1216,"following_count":3,"avatar_versions":{"template":"https://coub-anubis-a.akamaized.net/coub_storage/channel/cw_avatar/70812ad0dec/29f965d63b2bd6a00c3f9/%{version}_1608996507_8tlzog_1492528734_AAEAAQAAAAAAAALnAAAAJDA3ZWM4YjRiLTZjMTgtNDJiNy05MzA2LTRmNDgxMTVlZThlOA.jpg","versions":["medium","medium_2x","profile_pic","profile_pic_new","profile_pic_new_2x","tiny","tiny_2x","small","small_2x","ios_large","ios_small"]}},"file":null,"picture":"https://coub-anubis-a.akamaized.net/coub_storage/coub/simple/cw_image/a9360613c14/69d769b036636a385df5d/1494604387_00028.jpg","timeline_picture":"https://coub-anubis-a.akamaized.net/coub_storage/coub/simple/cw_timeline_pic/a9360613c14/69d769b036636a385df5d/ios_large_1494604387_image.jpg","small_picture":"https://coub-anubis-a.akamaized.net/coub_storage/coub/simple/cw_image/a9360613c14/69d769b036636a385df5d/1494604387_00028.jpg","sharing_picture":null,"percent_done":100,"tags":[],"categories":[{"id":9,"title":"Nature & Travel","permalink":"nature-travel","subscriptions_count":10070807,"big_image_url":"https://coub-anubis-a.akamaized.net/coub_storage/category/cw_image/a4b57370b28/3c9d9a8cf4246d5a30610/big_1545567929_Nature.png","small_image_url":"https://coub-anubis-a.akamaized.net/coub_storage/category/cw_image/a4b57370b28/3c9d9a8cf4246d5a30610/small_1545567929_Nature.png","med_image_url":"https://coub-anubis-a.akamaized.net/coub_storage/category/cw_image/a4b57370b28/3c9d9a8cf4246d5a30610/med_1545567929_Nature.png","visible":true}],"communities":[{"id":9,"title":"Nature & Travel","permalink":"nature-travel","subscriptions_count":10070807,"big_image_url":"https://coub-anubis-a.akamaized.net/coub_storage/category/cw_image/a4b57370b28/3c9d9a8cf4246d5a30610/big_1545567929_Nature.png","small_image_url":"https://coub-anubis-a.akamaized.net/coub_storage/category/cw_image/a4b57370b28/3c9d9a8cf4246d5a30610/small_1545567929_Nature.png","med_image_url":"https://coub-anubis-a.akamaized.net/coub_storage/category/cw_image/a4b57370b28/3c9d9a8cf4246d5a30610/med_1545567929_Nature.png","i_subscribed":true,"community_notifications_enabled":null,"description":null}],"recoubs_count":469,"remixes_count":0,"likes_count":1879,"dislikes_count":0,"raw_video_id":9612866,"uploaded_by_ios_app":false,"uploaded_by_android_app":false,"media_blocks":{"uploaded_raw_videos":[],"external_raw_videos":[{"id":20439182,"title":"Travel Australia Road Trip | Dreamtime","url":"http://www.youtube.com/watch?v=nPtDYYqdrAQ","image":"https://coub-anubis-a.akamaized.net/coub_storage/media_block/cw_image/2936dc44eb4/ac56fc1ea3b2ab5f5298f/1494600037_1494600002_1grsc56_att-url-download.jpg","image_retina":"https://coub-anubis-a.akamaized.net/coub_storage/media_block/cw_image/2936dc44eb4/ac56fc1ea3b2ab5f5298f/1494600037_1494600002_1grsc56_att-url-download.jpg","meta":{"service":"Youtube","duration":"223.84"},"duration":223.84,"raw_video_id":9612866,"has_embed":true}],"remixed_from_coubs":[],"external_video":{"id":20439182,"title":"Travel Australia Road Trip | Dreamtime","url":"http://www.youtube.com/watch?v=nPtDYYqdrAQ","image":"https://coub-anubis-a.akamaized.net/coub_storage/media_block/cw_image/2936dc44eb4/ac56fc1ea3b2ab5f5298f/1494600037_1494600002_1grsc56_att-url-download.jpg","image_retina":"https://coub-anubis-a.akamaized.net/coub_storage/media_block/cw_image/2936dc44eb4/ac56fc1ea3b2ab5f5298f/1494600037_1494600002_1grsc56_att-url-download.jpg","meta":{"service":"Youtube","duration":"223.84"},"duration":223.84,"raw_video_id":9612866,"has_embed":true}},"raw_video_thumbnail_url":"/missing/missing.png","raw_video_title":"Travel Australia Road Trip | Dreamtime","video_block_banned":false,"duration":8.64,"promo_winner":false,"promo_winner_recoubers":null,"editorial_info":{},"promo_hint":null,"beeline_best_2014":null,"from_web_editor":true,"normalize_sound":true,"normalize_change_allowed":true,"best2015_addable":false,"ahmad_promo":null,"promo_data":null,"audio_copyright_claim":"Sony Music Entertainment Russia","ads_disabled":null,"is_safe_for_ads":true,"megafon_contents":[],"position_on_page":5},{"flag":null,"abuses":null,"recoubs_by_users_channels":null,"favourite":false,"promoted_id":null,"recoub":null,"like":null,"dislike":null,"reaction":null,"in_my_best2015":false,"id":128122684,"type":"Coub::Simple","permalink":"23wce3","title":"Ugolek (rus shaslik party boy)","visibility_type":"public","original_visibility_type":"public","channel_id":2903726,"created_at":"2019-11-03T12:59:15Z","updated_at":"2022-02-21T23:42:22Z","is_done":true,"views_count":194740,"cotd":null,"cotd_at":null,"visible_on_explore_root":false,"visible_on_explore":false,"featured":false,"published":true,"published_at":"2019-11-03T12:59:15Z","reversed":false,"from_editor_v2":true,"is_editable":true,"original_sound":false,"has_sound":false,"recoub_to":null,"file_versions":{"html5":{"video":{"higher":{"url":"https://coub-anubis-a.akamaized.net/coub_storage/coub/simple/cw_file/d35a627f4f0/4f97e7cac84d5748c548c/muted_mp4_huge_size_1572785983_muted_huge.mp4","size":5664681},"high":{"url":"https://coub-anubis-a.akamaized.net/coub_storage/coub/simple/cw_file/d35a627f4f0/4f97e7cac84d5748c548c/muted_mp4_big_size_1572785983_muted_big.mp4","size":4022306},"med":{"url":"https://coub-anubis-a.akamaized.net/coub_storage/coub/simple/cw_file/d35a627f4f0/4f97e7cac84d5748c548c/muted_mp4_med_size_1572785983_muted_med.mp4","size":1320740}},"audio":{"high":{"url":"https://coub-anubis-a.akamaized.net/coub_storage/coub/simple/cw_looped_audio_high/8665540785c/fd1152f4224c4ed7bb818/1605695857_high_1572786025_high.mp3","size":4051231},"med":{"url":"https://coub-anubis-a.akamaized.net/coub_storage/coub/simple/cw_looped_audio_med/7caa26b995b/ecb8e40ba442d7883785e/1605695856_med_1572786025_med.mp3","size":3192969}}},"mobile":{"video":"https://coub-anubis-a.akamaized.net/coub_storage/coub/simple/cw_file/d35a627f4f0/4f97e7cac84d5748c548c/muted_mp4_med_size_1572785983_muted_med.mp4","audio":["https://coub-anubis-a.akamaized.net/coub_storage/coub/simple/cw_looped_audio_med/7caa26b995b/ecb8e40ba442d7883785e/1605695856_med_1572786025_med.mp3"]},"share":{"default":"https://coub-anubis-a.akamaized.net/coub_storage/coub/simple/cw_video_for_sharing/d68ebcdf381/47afc90647d4fae5b4ca4/1612885545_looped_1612885544.mp4"}},"audio_versions":{"template":"https://coub-anubis-a.akamaized.net/coub_storage/audio_track/cw_file/baaf4d4f175/bd600dc68c5d78b763e43/mid_1572785989_1r6dycf_edited.mp3","versions":["mid","low"]},"image_versions":{"template":"https://coub-anubis-a.akamaized.net/coub_storage/coub/simple/cw_image/8ee01b15794/d55843ddb0500a8711f4a/1572786049_00032.jpg","versions":["micro","tiny","age_restricted","ios_large","ios_mosaic","big","med","small","pinterest"]},"first_frame_versions":{"template":"https://coub-anubis-a.akamaized.net/coub_storage/coub/simple/cw_timeline_pic/f27fff51839/c9aae30720533eacc049c/%{version}_1572786048_image.jpg","versions":["big","med","small","ios_large"]},"dimensions":{"big":[540,960],"med":[270,480]},"site_w_h":[225,400],"page_w_h":[400,711],"site_w_h_small":[310,551],"size":[540,960],"age_restricted":false,"age_restricted_by_admin":false,"not_safe_for_work":false,"allow_reuse":false,"dont_crop":false,"banned":false,"global_safe":null,"audio_file_url":"https://coub-anubis-a.akamaized.net/coub_storage/audio_track/cw_file/baaf4d4f175/bd600dc68c5d78b763e43/low_1572785989_1r6dycf_edited.mp3","external_download":false,"application":null,"channel":{"id":2903726,"permalink":"ollyharmony","title":"Olly Harmony","description":"слезы-песни-пляски (vraznoboi)","followers_count":240,"following_count":5,"avatar_versions":{"template":"https://coub-anubis-a.akamaized.net/coub_storage/channel/cw_avatar/4cbfb588166/16eba39a3bce88b77d725/%{version}_1607428718_y0dzg5_1591821067_cropped.jpeg","versions":["medium","medium_2x","profile_pic","profile_pic_new","profile_pic_new_2x","tiny","tiny_2x","small","small_2x","ios_large","ios_small"]}},"file":null,"picture":"https://coub-anubis-a.akamaized.net/coub_storage/coub/simple/cw_image/8ee01b15794/d55843ddb0500a8711f4a/1572786049_00032.jpg","timeline_picture":"https://coub-anubis-a.akamaized.net/coub_storage/coub/simple/cw_timeline_pic/f27fff51839/c9aae30720533eacc049c/ios_large_1572786048_image.jpg","small_picture":"https://coub-anubis-a.akamaized.net/coub_storage/coub/simple/cw_image/8ee01b15794/d55843ddb0500a8711f4a/1572786049_00032.jpg","sharing_picture":null,"percent_done":100,"tags":[{"id":195,"title":"russia","value":"russia"},{"id":107245,"title":"party boy","value":"party%20boy"},{"id":21274,"title":"playboy","value":"playboy"},{"id":293,"title":"party","value":"party"},{"id":57482,"title":"partyboy","value":"partyboy"},{"id":1805,"title":"party hard","value":"party%20hard"},{"id":611572,"title":"shaslik","value":"shaslik"},{"id":3534,"title":"jackass","value":"jackass"},{"id":2640,"title":"ost","value":"ost"},{"id":5300063,"title":"ost jackass","value":"ost%20jackass"},{"id":182,"title":"dance","value":"dance"},{"id":125,"title":"dancing","value":"dancing"},{"id":1179,"title":"fire","value":"fire"},{"id":11986,"title":"fireman","value":"fireman"},{"id":4676,"title":"weekend","value":"weekend"},{"id":32237,"title":"celebration","value":"celebration"},{"id":1355,"title":"holiday","value":"holiday"},{"id":5300064,"title":"dance tomorrow","value":"dance%20tomorrow"},{"id":5300065,"title":"dance today","value":"dance%20today"},{"id":66847,"title":"perfect loop","value":"perfect%20loop"},{"id":2666,"title":"perfect","value":"perfect"},{"id":174,"title":"funny","value":"funny"},{"id":149335,"title":"best coub","value":"best%20coub"},{"id":105373,"title":"coub of the day","value":"coub%20of%20the%20day"},{"id":729628,"title":"coub of the mood","value":"coub%20of%20the%20mood"},{"id":2667,"title":"endless","value":"endless"},{"id":242881,"title":"идеально","value":"%D0%B8%D0%B4%D0%B5%D0%B0%D0%BB%D1%8C%D0%BD%D0%BE"},{"id":22900,"title":"каникулы","value":"%D0%BA%D0%B0%D0%BD%D0%B8%D0%BA%D1%83%D0%BB%D1%8B"},{"id":39253,"title":"выходные","value":"%D0%B2%D1%8B%D1%85%D0%BE%D0%B4%D0%BD%D1%8B%D0%B5"},{"id":2768,"title":"праздник","value":"%D0%BF%D1%80%D0%B0%D0%B7%D0%B4%D0%BD%D0%B8%D0%BA"},{"id":175630,"title":"тусовщик","value":"%D1%82%D1%83%D1%81%D0%BE%D0%B2%D1%89%D0%B8%D0%BA"},{"id":19571,"title":"тусовка","value":"%D1%82%D1%83%D1%81%D0%BE%D0%B2%D0%BA%D0%B0"},{"id":1265,"title":"россия","value":"%D1%80%D0%BE%D1%81%D1%81%D0%B8%D1%8F"},{"id":76889,"title":"шашлык","value":"%D1%88%D0%B0%D1%88%D0%BB%D1%8B%D0%BA"},{"id":45071,"title":"пикник","value":"%D0%BF%D0%B8%D0%BA%D0%BD%D0%B8%D0%BA"},{"id":295316,"title":"лучший коуб","value":"%D0%BB%D1%83%D1%87%D1%88%D0%B8%D0%B9%20%D0%BA%D0%BE%D1%83%D0%B1"},{"id":7198,"title":"снег","value":"%D1%81%D0%BD%D0%B5%D0%B3"},{"id":173387,"title":"выпал снег","value":"%D0%B2%D1%8B%D0%BF%D0%B0%D0%BB%20%D1%81%D0%BD%D0%B5%D0%B3"},{"id":42398,"title":"чудаки","value":"%D1%87%D1%83%D0%B4%D0%B0%D0%BA%D0%B8"}],"categories":[{"id":9,"title":"Nature & Travel","permalink":"nature-travel","subscriptions_count":10070807,"big_image_url":"https://coub-anubis-a.akamaized.net/coub_storage/category/cw_image/a4b57370b28/3c9d9a8cf4246d5a30610/big_1545567929_Nature.png","small_image_url":"https://coub-anubis-a.akamaized.net/coub_storage/category/cw_image/a4b57370b28/3c9d9a8cf4246d5a30610/small_1545567929_Nature.png","med_image_url":"https://coub-anubis-a.akamaized.net/coub_storage/category/cw_image/a4b57370b28/3c9d9a8cf4246d5a30610/med_1545567929_Nature.png","visible":true}],"communities":[{"id":9,"title":"Nature & Travel","permalink":"nature-travel","subscriptions_count":10070807,"big_image_url":"https://coub-anubis-a.akamaized.net/coub_storage/category/cw_image/a4b57370b28/3c9d9a8cf4246d5a30610/big_1545567929_Nature.png","small_image_url":"https://coub-anubis-a.akamaized.net/coub_storage/category/cw_image/a4b57370b28/3c9d9a8cf4246d5a30610/small_1545567929_Nature.png","med_image_url":"https://coub-anubis-a.akamaized.net/coub_storage/category/cw_image/a4b57370b28/3c9d9a8cf4246d5a30610/med_1545567929_Nature.png","i_subscribed":true,"community_notifications_enabled":null,"description":null}],"recoubs_count":331,"remixes_count":3,"likes_count":1878,"dislikes_count":0,"raw_video_id":14421562,"uploaded_by_ios_app":false,"uploaded_by_android_app":false,"media_blocks":{"uploaded_raw_videos":[],"external_raw_videos":[],"remixed_from_coubs":[]},"raw_video_thumbnail_url":"/missing/missing.png","raw_video_title":"VID-20190417-WA0015.mp4","video_block_banned":false,"duration":10.0,"promo_winner":false,"promo_winner_recoubers":null,"editorial_info":{},"promo_hint":null,"beeline_best_2014":null,"from_web_editor":true,"normalize_sound":false,"normalize_change_allowed":false,"best2015_addable":false,"ahmad_promo":null,"promo_data":null,"audio_copyright_claim":null,"ads_disabled":false,"is_safe_for_ads":true,"megafon_contents":[],"position_on_page":6},{"flag":null,"abuses":null,"recoubs_by_users_channels":null,"favourite":false,"promoted_id":null,"recoub":null,"like":null,"dislike":null,"reaction":null,"in_my_best2015":false,"id":155959806,"type":"Coub::Simple","permalink":"2kia4z","title":"UNDERWATER","visibility_type":"public","original_visibility_type":"public","channel_id":4797329,"created_at":"2020-10-17T09:51:59Z","updated_at":"2022-03-11T19:24:26Z","is_done":true,"views_count":140281,"cotd":null,"cotd_at":null,"visible_on_explore_root":false,"visible_on_explore":false,"featured":false,"published":true,"published_at":"2020-10-17T09:51:59Z","reversed":false,"from_editor_v2":true,"is_editable":true,"original_sound":false,"has_sound":false,"recoub_to":null,"file_versions":{"html5":{"video":{"higher":{"url":"https://coub-anubis-a.akamaized.net/coub_storage/coub/simple/cw_file/8cbdea510b1/c010561fbba4e14a31298/muted_mp4_huge_size_1602928328_muted_huge.mp4","size":4158472},"high":{"url":"https://coub-anubis-a.akamaized.net/coub_storage/coub/simple/cw_file/8cbdea510b1/c010561fbba4e14a31298/muted_mp4_big_size_1602928328_muted_big.mp4","size":2617853},"med":{"url":"https://coub-anubis-a.akamaized.net/coub_storage/coub/simple/cw_file/8cbdea510b1/c010561fbba4e14a31298/muted_mp4_med_size_1602928328_muted_med.mp4","size":950566}},"audio":{"high":{"url":"https://coub-anubis-a.akamaized.net/coub_storage/coub/simple/cw_looped_audio_high/03a961cbdcf/753f98234a4a0d3240f21/1602928383_mp3-high.mp3","size":3499580},"med":{"url":"https://coub-anubis-a.akamaized.net/coub_storage/coub/simple/cw_looped_audio_med/cd9597cdd4b/61485950c980acacce460/1602928380_mp3-med.mp3","size":3092472}}},"mobile":{"video":"https://coub-anubis-a.akamaized.net/coub_storage/coub/simple/cw_file/8cbdea510b1/c010561fbba4e14a31298/muted_mp4_med_size_1602928328_muted_med.mp4","audio":["https://coub-anubis-a.akamaized.net/coub_storage/coub/simple/cw_looped_audio_med/cd9597cdd4b/61485950c980acacce460/1602928380_mp3-med.mp3"]},"share":{"default":"https://coub-anubis-a.akamaized.net/coub_storage/coub/simple/cw_video_for_sharing/121742342b3/cb3c93bf60a13c331d413/1608154327_looped_1608154326.mp4"}},"audio_versions":{"template":"https://coub-anubis-a.akamaized.net/coub_storage/audio_track/cw_normalized_copy/1178a76952f/aeae41a1ca10a818c3b2e/mid_1602928361_normalized_1602928332_xmb7qi_edited.mp3","versions":["mid","low"]},"image_versions":{"template":"https://coub-anubis-a.akamaized.net/coub_storage/coub/simple/cw_image/7611425347d/a4908b78665da4efbf41e/1602928392_00032.jpg","versions":["micro","tiny","age_restricted","ios_large","ios_mosaic","big","med","small","pinterest"]},"first_frame_versions":{"template":"https://coub-anubis-a.akamaized.net/coub_storage/coub/simple/cw_timeline_pic/7140c8f933c/8c791876acfcab51a9436/%{version}_1602928392_image.jpg","versions":["big","med","small","ios_large"]},"dimensions":{"big":[960,960],"med":[480,480]},"site_w_h":[400,400],"page_w_h":[400,400],"site_w_h_small":[310,310],"size":[960,960],"age_restricted":false,"age_restricted_by_admin":false,"not_safe_for_work":false,"allow_reuse":false,"dont_crop":true,"banned":false,"global_safe":null,"audio_file_url":"https://coub-anubis-a.akamaized.net/coub_storage/audio_track/cw_normalized_copy/1178a76952f/aeae41a1ca10a818c3b2e/low_1602928361_normalized_1602928332_xmb7qi_edited.mp3","external_download":false,"application":null,"channel":{"id":4797329,"permalink":"oleg204352","title":"Oleg","description":null,"followers_count":154,"following_count":15,"avatar_versions":{"template":"https://coub-anubis-a.akamaized.net/coub_storage/channel/cw_avatar/2dbaf3f3972/b127fe715bc09dcd79af1/%{version}_1607425245_bfkxe6_1586819454_0EqVzinVO6c.jpg","versions":["medium","medium_2x","profile_pic","profile_pic_new","profile_pic_new_2x","tiny","tiny_2x","small","small_2x","ios_large","ios_small"]}},"file":null,"picture":"https://coub-anubis-a.akamaized.net/coub_storage/coub/simple/cw_image/7611425347d/a4908b78665da4efbf41e/1602928392_00032.jpg","timeline_picture":"https://coub-anubis-a.akamaized.net/coub_storage/coub/simple/cw_timeline_pic/7140c8f933c/8c791876acfcab51a9436/ios_large_1602928392_image.jpg","small_picture":"https://coub-anubis-a.akamaized.net/coub_storage/coub/simple/cw_image/7611425347d/a4908b78665da4efbf41e/1602928392_00032.jpg","sharing_picture":null,"percent_done":100,"tags":[{"id":1667,"title":"africa","value":"africa"},{"id":38958,"title":"amazonia","value":"amazonia"},{"id":38957,"title":"amazon","value":"amazon"},{"id":11588,"title":"river","value":"river"},{"id":2234,"title":"meme","value":"meme"},{"id":361185,"title":"2020","value":"2020"},{"id":2107,"title":"ride","value":"ride"},{"id":5345,"title":"dead","value":"dead"},{"id":528,"title":"death","value":"death"},{"id":10605,"title":"titanic","value":"titanic"},{"id":636,"title":"drift","value":"drift"},{"id":14293,"title":"jdm","value":"jdm"},{"id":101801,"title":"jdm cars","value":"jdm%20cars"},{"id":125849,"title":"nissan silvia","value":"nissan%20silvia"},{"id":35039,"title":"nissan skyline","value":"nissan%20skyline"},{"id":313859,"title":"phonk","value":"phonk"},{"id":2940,"title":"travel","value":"travel"},{"id":31394,"title":"rest","value":"rest"},{"id":4136,"title":"world","value":"world"},{"id":10442,"title":"rip","value":"rip"},{"id":1259,"title":"forest","value":"forest"}],"categories":[{"id":9,"title":"Nature & Travel","permalink":"nature-travel","subscriptions_count":10070807,"big_image_url":"https://coub-anubis-a.akamaized.net/coub_storage/category/cw_image/a4b57370b28/3c9d9a8cf4246d5a30610/big_1545567929_Nature.png","small_image_url":"https://coub-anubis-a.akamaized.net/coub_storage/category/cw_image/a4b57370b28/3c9d9a8cf4246d5a30610/small_1545567929_Nature.png","med_image_url":"https://coub-anubis-a.akamaized.net/coub_storage/category/cw_image/a4b57370b28/3c9d9a8cf4246d5a30610/med_1545567929_Nature.png","visible":true}],"communities":[{"id":9,"title":"Nature & Travel","permalink":"nature-travel","subscriptions_count":10070807,"big_image_url":"https://coub-anubis-a.akamaized.net/coub_storage/category/cw_image/a4b57370b28/3c9d9a8cf4246d5a30610/big_1545567929_Nature.png","small_image_url":"https://coub-anubis-a.akamaized.net/coub_storage/category/cw_image/a4b57370b28/3c9d9a8cf4246d5a30610/small_1545567929_Nature.png","med_image_url":"https://coub-anubis-a.akamaized.net/coub_storage/category/cw_image/a4b57370b28/3c9d9a8cf4246d5a30610/med_1545567929_Nature.png","i_subscribed":true,"community_notifications_enabled":null,"description":null}],"recoubs_count":334,"remixes_count":1,"likes_count":1877,"dislikes_count":0,"raw_video_id":15777454,"uploaded_by_ios_app":false,"uploaded_by_android_app":false,"media_blocks":{"uploaded_raw_videos":[],"external_raw_videos":[],"remixed_from_coubs":[]},"raw_video_thumbnail_url":"/missing/missing.png","raw_video_title":"video_2020-10-17_12-47-20.mp4","video_block_banned":false,"duration":10.0,"promo_winner":false,"promo_winner_recoubers":null,"editorial_info":{},"promo_hint":null,"beeline_best_2014":null,"from_web_editor":true,"normalize_sound":true,"normalize_change_allowed":true,"best2015_addable":false,"ahmad_promo":null,"promo_data":null,"audio_copyright_claim":null,"ads_disabled":false,"is_safe_for_ads":true,"megafon_contents":[],"position_on_page":7},{"flag":null,"abuses":null,"recoubs_by_users_channels":null,"favourite":false,"promoted_id":null,"recoub":null,"like":null,"dislike":null,"reaction":null,"in_my_best2015":false,"id":93112637,"type":"Coub::Simple","permalink":"1j13e0","title":" ","visibility_type":"public","original_visibility_type":"public","channel_id":31279,"created_at":"2018-12-02T06:03:53Z","updated_at":"2022-03-06T06:39:30Z","is_done":true,"views_count":151725,"cotd":null,"cotd_at":null,"visible_on_explore_root":true,"visible_on_explore":true,"featured":true,"published":true,"published_at":"2018-12-02T06:03:52Z","reversed":true,"from_editor_v2":true,"is_editable":true,"original_sound":false,"has_sound":false,"recoub_to":null,"file_versions":{"html5":{"video":{"higher":{"url":"https://coub-anubis-a.akamaized.net/coub_storage/coub/simple/cw_file/0356812e4cc/69baab2f894d9179e456b/muted_mp4_huge_size_1569008756_muted_huge.mp4","size":402305},"high":{"url":"https://coub-anubis-a.akamaized.net/coub_storage/coub/simple/cw_file/0356812e4cc/69baab2f894d9179e456b/muted_mp4_big_size_1569008756_muted_big.mp4","size":278112},"med":{"url":"https://coub-anubis-a.akamaized.net/coub_storage/coub/simple/cw_file/0356812e4cc/69baab2f894d9179e456b/muted_mp4_med_size_1569008756_muted_med.mp4","size":77745}},"audio":{"high":{"url":"https://coub-anubis-a.akamaized.net/coub_storage/coub/simple/cw_looped_audio_high/229f6e96858/ba96b10cbc69fd2d55437/1605659166_high_1543730656_high.mp3","size":3329429},"med":{"url":"https://coub-anubis-a.akamaized.net/coub_storage/coub/simple/cw_looped_audio_med/391f4c14021/a9645d1d42d620eee72bd/1605659165_med_1543730656_med.mp3","size":2555462}}},"mobile":{"video":"https://coub-anubis-a.akamaized.net/coub_storage/coub/simple/cw_file/0356812e4cc/69baab2f894d9179e456b/muted_mp4_med_size_1569008756_muted_med.mp4","audio":["https://coub-anubis-a.akamaized.net/coub_storage/coub/simple/cw_looped_audio_med/391f4c14021/a9645d1d42d620eee72bd/1605659165_med_1543730656_med.mp3"]},"share":{"default":"https://coub-anubis-a.akamaized.net/coub_storage/coub/simple/cw_video_for_sharing/4493b8550b3/ac87a2d8608c6b39d6f5f/1610927876_looped_1610927875.mp4"}},"audio_versions":{"template":"https://coub-anubis-a.akamaized.net/coub_storage/audio_track/cw_file/5e9fffa083c/a682c1380ae87f2a88c94/mid_1543730637_18gaogg_edited.mp3","versions":["mid","low"]},"image_versions":{"template":"https://coub-anubis-a.akamaized.net/coub_storage/coub/simple/cw_image/41ed87f1da4/06c28433af5f7553ab595/1543730665_00006.jpg","versions":["micro","tiny","age_restricted","ios_large","ios_mosaic","big","med","small","pinterest"]},"first_frame_versions":{"template":"https://coub-anubis-a.akamaized.net/coub_storage/coub/simple/cw_timeline_pic/5e9790ea2e9/9e08d361bee5644671f67/1543730665_image.jpg","versions":["big","med","small","ios_large"]},"dimensions":{"big":[1000,960],"med":[500,480]},"site_w_h":[640,614],"page_w_h":[400,384],"site_w_h_small":[310,298],"size":[1000,960],"age_restricted":false,"age_restricted_by_admin":false,"not_safe_for_work":false,"allow_reuse":false,"dont_crop":false,"banned":false,"global_safe":true,"audio_file_url":"https://coub-anubis-a.akamaized.net/coub_storage/audio_track/cw_file/5e9fffa083c/a682c1380ae87f2a88c94/low_1543730637_18gaogg_edited.mp3","external_download":false,"application":null,"channel":{"id":31279,"permalink":"dream2013","title":" ̶D̶ ̶R̶ ̶E̶ ̶A̶ ̶M̶","description":null,"followers_count":8399,"following_count":359,"avatar_versions":{"template":"https://coub-anubis-a.akamaized.net/coub_storage/channel/cw_avatar/a383acb0804/bed737568d61f17b31fe3/%{version}_1620471307_profile_pic_big_1596669646_M86LLTulLAY__1__-________1_.jpg","versions":["medium","medium_2x","profile_pic","profile_pic_new","profile_pic_new_2x","tiny","tiny_2x","small","small_2x","ios_large","ios_small"]}},"file":null,"picture":"https://coub-anubis-a.akamaized.net/coub_storage/coub/simple/cw_image/41ed87f1da4/06c28433af5f7553ab595/1543730665_00006.jpg","timeline_picture":"https://coub-anubis-a.akamaized.net/coub_storage/coub/simple/cw_timeline_pic/5e9790ea2e9/9e08d361bee5644671f67/1543730665_image.jpg","small_picture":"https://coub-anubis-a.akamaized.net/coub_storage/coub/simple/cw_image/41ed87f1da4/06c28433af5f7553ab595/1543730665_00006.jpg","sharing_picture":null,"percent_done":100,"tags":[{"id":1170,"title":"city","value":"city"},{"id":467,"title":"night","value":"night"},{"id":361958,"title":"эндорфин","value":"%D1%8D%D0%BD%D0%B4%D0%BE%D1%80%D1%84%D0%B8%D0%BD"},{"id":939,"title":"relax","value":"relax"},{"id":86,"title":"music","value":"music"},{"id":4487784,"title":"the gibbs – night","value":"the%20gibbs%20%E2%80%93%20night"}],"categories":[{"id":9,"title":"Nature & Travel","permalink":"nature-travel","subscriptions_count":10070807,"big_image_url":"https://coub-anubis-a.akamaized.net/coub_storage/category/cw_image/a4b57370b28/3c9d9a8cf4246d5a30610/big_1545567929_Nature.png","small_image_url":"https://coub-anubis-a.akamaized.net/coub_storage/category/cw_image/a4b57370b28/3c9d9a8cf4246d5a30610/small_1545567929_Nature.png","med_image_url":"https://coub-anubis-a.akamaized.net/coub_storage/category/cw_image/a4b57370b28/3c9d9a8cf4246d5a30610/med_1545567929_Nature.png","visible":true}],"communities":[{"id":9,"title":"Nature & Travel","permalink":"nature-travel","subscriptions_count":10070807,"big_image_url":"https://coub-anubis-a.akamaized.net/coub_storage/category/cw_image/a4b57370b28/3c9d9a8cf4246d5a30610/big_1545567929_Nature.png","small_image_url":"https://coub-anubis-a.akamaized.net/coub_storage/category/cw_image/a4b57370b28/3c9d9a8cf4246d5a30610/small_1545567929_Nature.png","med_image_url":"https://coub-anubis-a.akamaized.net/coub_storage/category/cw_image/a4b57370b28/3c9d9a8cf4246d5a30610/med_1545567929_Nature.png","i_subscribed":true,"community_notifications_enabled":null,"description":null}],"recoubs_count":466,"remixes_count":5,"likes_count":1877,"dislikes_count":0,"raw_video_id":12794328,"uploaded_by_ios_app":false,"uploaded_by_android_app":false,"media_blocks":{"uploaded_raw_videos":[],"external_raw_videos":[],"remixed_from_coubs":[]},"raw_video_thumbnail_url":"/missing/missing.png","raw_video_title":"ezgif-1-86f057abb9b1.mp4","video_block_banned":false,"duration":1.76,"promo_winner":false,"promo_winner_recoubers":null,"editorial_info":{},"promo_hint":null,"beeline_best_2014":null,"from_web_editor":true,"normalize_sound":false,"normalize_change_allowed":true,"best2015_addable":false,"ahmad_promo":null,"promo_data":null,"audio_copyright_claim":null,"ads_disabled":false,"is_safe_for_ads":true,"megafon_contents":[],"position_on_page":8},{"flag":null,"abuses":null,"recoubs_by_users_channels":null,"favourite":false,"promoted_id":null,"recoub":null,"like":null,"dislike":null,"reaction":null,"in_my_best2015":false,"id":132724585,"type":"Coub::Simple","permalink":"26nmf1","title":"В Южной Корее появился новый психостимулятор!","visibility_type":"public","original_visibility_type":"public","channel_id":3734441,"created_at":"2019-12-25T19:22:52Z","updated_at":"2022-03-08T23:52:44Z","is_done":true,"views_count":155575,"cotd":null,"cotd_at":null,"visible_on_explore_root":false,"visible_on_explore":false,"featured":false,"published":true,"published_at":"2019-12-25T19:22:51Z","reversed":false,"from_editor_v2":true,"is_editable":true,"original_sound":true,"has_sound":true,"recoub_to":null,"file_versions":{"html5":{"video":{"higher":{"url":"https://coub-anubis-a.akamaized.net/coub_storage/coub/simple/cw_file/f8736e93c60/8f976ad59c868eb4cbc9a/muted_mp4_huge_size_1577302186_muted_huge.mp4","size":1319780},"high":{"url":"https://coub-anubis-a.akamaized.net/coub_storage/coub/simple/cw_file/f8736e93c60/8f976ad59c868eb4cbc9a/muted_mp4_big_size_1577302186_muted_big.mp4","size":1054282},"med":{"url":"https://coub-anubis-a.akamaized.net/coub_storage/coub/simple/cw_file/f8736e93c60/8f976ad59c868eb4cbc9a/muted_mp4_med_size_1577302186_muted_med.mp4","size":256240}},"audio":{"high":{"url":"https://coub-anubis-a.akamaized.net/coub_storage/coub/simple/cw_looped_audio_high/fcdf23154a1/fc61864c9c82d8e8920b4/1605701875_high_1577302187_high.mp3","size":927172},"med":{"url":"https://coub-anubis-a.akamaized.net/coub_storage/coub/simple/cw_looped_audio_med/8661af958fa/8adc1a04d12d504db1011/1605701875_med_1577302187_med.mp3","size":844425},"sample_duration":7.57}},"mobile":{"video":"https://coub-anubis-a.akamaized.net/coub_storage/coub/simple/cw_file/f8736e93c60/8f976ad59c868eb4cbc9a/muted_mp4_med_size_1577302186_muted_med.mp4","audio":["https://coub-anubis-a.akamaized.net/coub_storage/coub/simple/cw_looped_audio_med/8661af958fa/8adc1a04d12d504db1011/1605701875_med_1577302187_med.mp3"]},"share":{"default":"https://coub-anubis-a.akamaized.net/coub_storage/coub/simple/cw_video_for_sharing/689aafd8829/1946dd66e2b8d07bb5ab5/1609717972_looped_1609717972.mp4"}},"audio_versions":{},"image_versions":{"template":"https://coub-anubis-a.akamaized.net/coub_storage/coub/simple/cw_image/ca78fe99591/345fffefa811fc48b6777/1577302198_00024.jpg","versions":["micro","tiny","age_restricted","ios_large","ios_mosaic","big","med","small","pinterest"]},"first_frame_versions":{"template":"https://coub-anubis-a.akamaized.net/coub_storage/coub/simple/cw_timeline_pic/8621a1ec2b8/227626c0825da004b679e/%{version}_1577302197_image.jpg","versions":["big","med","small","ios_large"]},"dimensions":{"big":[1280,720],"med":[640,360]},"site_w_h":[640,360],"page_w_h":[640,360],"site_w_h_small":[310,174],"size":[1280,720],"age_restricted":false,"age_restricted_by_admin":false,"not_safe_for_work":false,"allow_reuse":false,"dont_crop":true,"banned":false,"global_safe":false,"audio_file_url":null,"external_download":{"type":"Youtube","service_name":"YouTube","url":"https://youtu.be/5RfIr-50AhI","has_embed":true},"application":null,"channel":{"id":3734441,"permalink":"ruskornet","title":"ruskor","description":"KTrends","followers_count":52,"following_count":1,"avatar_versions":{"template":"https://coub-anubis-a.akamaized.net/coub_storage/channel/cw_avatar/ac4010f392c/48602fd97d39b9cb7e7ee/%{version}_1608154579_cc5w3k_1504038438_bea41788687ce4377c7c90d8704ef2c5.png","versions":["medium","medium_2x","profile_pic","profile_pic_new","profile_pic_new_2x","tiny","tiny_2x","small","small_2x","ios_large","ios_small"]}},"file":null,"picture":"https://coub-anubis-a.akamaized.net/coub_storage/coub/simple/cw_image/ca78fe99591/345fffefa811fc48b6777/1577302198_00024.jpg","timeline_picture":"https://coub-anubis-a.akamaized.net/coub_storage/coub/simple/cw_timeline_pic/8621a1ec2b8/227626c0825da004b679e/ios_large_1577302197_image.jpg","small_picture":"https://coub-anubis-a.akamaized.net/coub_storage/coub/simple/cw_image/ca78fe99591/345fffefa811fc48b6777/1577302198_00024.jpg","sharing_picture":null,"percent_done":100,"tags":[{"id":1374145,"title":"селедка под шубой","value":"%D1%81%D0%B5%D0%BB%D0%B5%D0%B4%D0%BA%D0%B0%20%D0%BF%D0%BE%D0%B4%20%D1%88%D1%83%D0%B1%D0%BE%D0%B9"},{"id":170971,"title":"кореянка","value":"%D0%BA%D0%BE%D1%80%D0%B5%D1%8F%D0%BD%D0%BA%D0%B0"},{"id":2401286,"title":"селёдка под шубой","value":"%D1%81%D0%B5%D0%BB%D1%91%D0%B4%D0%BA%D0%B0%20%D0%BF%D0%BE%D0%B4%20%D1%88%D1%83%D0%B1%D0%BE%D0%B9"},{"id":537338,"title":"сельдь под шубой","value":"%D1%81%D0%B5%D0%BB%D1%8C%D0%B4%D1%8C%20%D0%BF%D0%BE%D0%B4%20%D1%88%D1%83%D0%B1%D0%BE%D0%B9"},{"id":473233,"title":"новогодний салат","value":"%D0%BD%D0%BE%D0%B2%D0%BE%D0%B3%D0%BE%D0%B4%D0%BD%D0%B8%D0%B9%20%D1%81%D0%B0%D0%BB%D0%B0%D1%82"},{"id":21054,"title":"новый год","value":"%D0%BD%D0%BE%D0%B2%D1%8B%D0%B9%20%D0%B3%D0%BE%D0%B4"},{"id":40167,"title":"шуба","value":"%D1%88%D1%83%D0%B1%D0%B0"},{"id":3540596,"title":"салат на новый год","value":"%D1%81%D0%B0%D0%BB%D0%B0%D1%82%20%D0%BD%D0%B0%20%D0%BD%D0%BE%D0%B2%D1%8B%D0%B9%20%D0%B3%D0%BE%D0%B4"},{"id":4414949,"title":"реакция корейцев","value":"%D1%80%D0%B5%D0%B0%D0%BA%D1%86%D0%B8%D1%8F%20%D0%BA%D0%BE%D1%80%D0%B5%D0%B9%D1%86%D0%B5%D0%B2"},{"id":5316016,"title":"hhwang","value":"hhwang"},{"id":41538,"title":"салат","value":"%D1%81%D0%B0%D0%BB%D0%B0%D1%82"},{"id":691262,"title":"сельдь","value":"%D1%81%D0%B5%D0%BB%D1%8C%D0%B4%D1%8C"},{"id":1778237,"title":"салат шуба","value":"%D1%81%D0%B0%D0%BB%D0%B0%D1%82%20%D1%88%D1%83%D0%B1%D0%B0"},{"id":4560807,"title":"новогодние рецепты","value":"%D0%BD%D0%BE%D0%B2%D0%BE%D0%B3%D0%BE%D0%B4%D0%BD%D0%B8%D0%B5%20%D1%80%D0%B5%D1%86%D0%B5%D0%BF%D1%82%D1%8B"},{"id":473232,"title":"праздничный салат","value":"%D0%BF%D1%80%D0%B0%D0%B7%D0%B4%D0%BD%D0%B8%D1%87%D0%BD%D1%8B%D0%B9%20%D1%81%D0%B0%D0%BB%D0%B0%D1%82"},{"id":3579809,"title":"новогоднее меню","value":"%D0%BD%D0%BE%D0%B2%D0%BE%D0%B3%D0%BE%D0%B4%D0%BD%D0%B5%D0%B5%20%D0%BC%D0%B5%D0%BD%D1%8E"},{"id":473231,"title":"новогодний стол","value":"%D0%BD%D0%BE%D0%B2%D0%BE%D0%B3%D0%BE%D0%B4%D0%BD%D0%B8%D0%B9%20%D1%81%D1%82%D0%BE%D0%BB"},{"id":5389435,"title":"салат с селедкой","value":"%D1%81%D0%B0%D0%BB%D0%B0%D1%82%20%D1%81%20%D1%81%D0%B5%D0%BB%D0%B5%D0%B4%D0%BA%D0%BE%D0%B9"},{"id":5299913,"title":"новый год 2020","value":"%D0%BD%D0%BE%D0%B2%D1%8B%D0%B9%20%D0%B3%D0%BE%D0%B4%202020"},{"id":5389436,"title":"рецепт селедки под шубой","value":"%D1%80%D0%B5%D1%86%D0%B5%D0%BF%D1%82%20%D1%81%D0%B5%D0%BB%D0%B5%D0%B4%D0%BA%D0%B8%20%D0%BF%D0%BE%D0%B4%20%D1%88%D1%83%D0%B1%D0%BE%D0%B9"},{"id":96378,"title":"корейцы","value":"%D0%BA%D0%BE%D1%80%D0%B5%D0%B9%D1%86%D1%8B"},{"id":5389437,"title":"корейцы пробуют","value":"%D0%BA%D0%BE%D1%80%D0%B5%D0%B9%D1%86%D1%8B%20%D0%BF%D1%80%D0%BE%D0%B1%D1%83%D1%8E%D1%82"},{"id":1795338,"title":"иностранцы пробуют русскую еду","value":"%D0%B8%D0%BD%D0%BE%D1%81%D1%82%D1%80%D0%B0%D0%BD%D1%86%D1%8B%20%D0%BF%D1%80%D0%BE%D0%B1%D1%83%D1%8E%D1%82%20%D1%80%D1%83%D1%81%D1%81%D0%BA%D1%83%D1%8E%20%D0%B5%D0%B4%D1%83"},{"id":2468158,"title":"иностранцы пробуют","value":"%D0%B8%D0%BD%D0%BE%D1%81%D1%82%D1%80%D0%B0%D0%BD%D1%86%D1%8B%20%D0%BF%D1%80%D0%BE%D0%B1%D1%83%D1%8E%D1%82"},{"id":3574796,"title":"меню на новый год","value":"%D0%BC%D0%B5%D0%BD%D1%8E%20%D0%BD%D0%B0%20%D0%BD%D0%BE%D0%B2%D1%8B%D0%B9%20%D0%B3%D0%BE%D0%B4"},{"id":645379,"title":"что приготовить на новый год","value":"%D1%87%D1%82%D0%BE%20%D0%BF%D1%80%D0%B8%D0%B3%D0%BE%D1%82%D0%BE%D0%B2%D0%B8%D1%82%D1%8C%20%D0%BD%D0%B0%20%D0%BD%D0%BE%D0%B2%D1%8B%D0%B9%20%D0%B3%D0%BE%D0%B4"},{"id":2489339,"title":"салаты на новый год","value":"%D1%81%D0%B0%D0%BB%D0%B0%D1%82%D1%8B%20%D0%BD%D0%B0%20%D0%BD%D0%BE%D0%B2%D1%8B%D0%B9%20%D0%B3%D0%BE%D0%B4"},{"id":5334552,"title":"кореянка готовит","value":"%D0%BA%D0%BE%D1%80%D0%B5%D1%8F%D0%BD%D0%BA%D0%B0%20%D0%B3%D0%BE%D1%82%D0%BE%D0%B2%D0%B8%D1%82"},{"id":18571,"title":"реакция","value":"%D1%80%D0%B5%D0%B0%D0%BA%D1%86%D0%B8%D1%8F"}],"categories":[{"id":9,"title":"Nature & Travel","permalink":"nature-travel","subscriptions_count":10070807,"big_image_url":"https://coub-anubis-a.akamaized.net/coub_storage/category/cw_image/a4b57370b28/3c9d9a8cf4246d5a30610/big_1545567929_Nature.png","small_image_url":"https://coub-anubis-a.akamaized.net/coub_storage/category/cw_image/a4b57370b28/3c9d9a8cf4246d5a30610/small_1545567929_Nature.png","med_image_url":"https://coub-anubis-a.akamaized.net/coub_storage/category/cw_image/a4b57370b28/3c9d9a8cf4246d5a30610/med_1545567929_Nature.png","visible":true}],"communities":[{"id":9,"title":"Nature & Travel","permalink":"nature-travel","subscriptions_count":10070807,"big_image_url":"https://coub-anubis-a.akamaized.net/coub_storage/category/cw_image/a4b57370b28/3c9d9a8cf4246d5a30610/big_1545567929_Nature.png","small_image_url":"https://coub-anubis-a.akamaized.net/coub_storage/category/cw_image/a4b57370b28/3c9d9a8cf4246d5a30610/small_1545567929_Nature.png","med_image_url":"https://coub-anubis-a.akamaized.net/coub_storage/category/cw_image/a4b57370b28/3c9d9a8cf4246d5a30610/med_1545567929_Nature.png","i_subscribed":true,"community_notifications_enabled":null,"description":null}],"recoubs_count":256,"remixes_count":1,"likes_count":1876,"dislikes_count":0,"raw_video_id":14626107,"uploaded_by_ios_app":false,"uploaded_by_android_app":false,"media_blocks":{"uploaded_raw_videos":[],"external_raw_videos":[{"id":34288188,"title":"Кореянка пытается приготовить СЕЛЕДКУ ПОД ШУБОЙ и даёт попробовать КОРЕЙЦАМ","url":"https://www.youtube.com/watch?v=5RfIr-50AhI","image":"https://coub-anubis-a.akamaized.net/coub_storage/media_block/cw_image/fe880d4125c/719414fb93eb95a63f56b/1577292649_1ca3vm4_1577292418_dbf88a_att-url-download.jpg","image_retina":"https://coub-anubis-a.akamaized.net/coub_storage/media_block/cw_image/fe880d4125c/719414fb93eb95a63f56b/1577292649_1ca3vm4_1577292418_dbf88a_att-url-download.jpg","meta":{"service":"Youtube","duration":"1194.28"},"duration":1194.28,"raw_video_id":14626107,"has_embed":true}],"remixed_from_coubs":[],"external_video":{"id":34288188,"title":"Кореянка пытается приготовить СЕЛЕДКУ ПОД ШУБОЙ и даёт попробовать КОРЕЙЦАМ","url":"https://www.youtube.com/watch?v=5RfIr-50AhI","image":"https://coub-anubis-a.akamaized.net/coub_storage/media_block/cw_image/fe880d4125c/719414fb93eb95a63f56b/1577292649_1ca3vm4_1577292418_dbf88a_att-url-download.jpg","image_retina":"https://coub-anubis-a.akamaized.net/coub_storage/media_block/cw_image/fe880d4125c/719414fb93eb95a63f56b/1577292649_1ca3vm4_1577292418_dbf88a_att-url-download.jpg","meta":{"service":"Youtube","duration":"1194.28"},"duration":1194.28,"raw_video_id":14626107,"has_embed":true}},"raw_video_thumbnail_url":"/missing/missing.png","raw_video_title":"Кореянка пытается приготовить СЕЛЕДКУ ПОД ШУБОЙ и даёт попробовать КОРЕЙЦАМ","video_block_banned":false,"duration":7.48,"promo_winner":false,"promo_winner_recoubers":null,"editorial_info":{},"promo_hint":null,"beeline_best_2014":null,"from_web_editor":true,"normalize_sound":false,"normalize_change_allowed":true,"best2015_addable":false,"ahmad_promo":null,"promo_data":null,"audio_copyright_claim":null,"ads_disabled":false,"is_safe_for_ads":true,"megafon_contents":[],"position_on_page":9},{"flag":null,"abuses":null,"recoubs_by_users_channels":null,"favourite":false,"promoted_id":null,"recoub":null,"like":null,"dislike":null,"reaction":null,"in_my_best2015":false,"id":101042305,"type":"Coub::Simple","permalink":"1nr20b","title":"Наплевать.. ","visibility_type":"public","original_visibility_type":"public","channel_id":2964723,"created_at":"2019-02-07T22:19:45Z","updated_at":"2022-03-09T08:09:45Z","is_done":true,"views_count":105603,"cotd":null,"cotd_at":null,"visible_on_explore_root":false,"visible_on_explore":false,"featured":false,"published":true,"published_at":"2019-02-07T22:19:45Z","reversed":false,"from_editor_v2":true,"is_editable":true,"original_sound":false,"has_sound":false,"recoub_to":null,"file_versions":{"html5":{"video":{"higher":{"url":"https://coub-anubis-a.akamaized.net/coub_storage/coub/simple/cw_file/bdca1bd8e58/68d7249875a1ec5391b4e/muted_mp4_huge_size_1570328366_muted_huge.mp4","size":9425607},"high":{"url":"https://coub-anubis-a.akamaized.net/coub_storage/coub/simple/cw_file/bdca1bd8e58/68d7249875a1ec5391b4e/muted_mp4_big_size_1570328366_muted_big.mp4","size":8937728},"med":{"url":"https://coub-anubis-a.akamaized.net/coub_storage/coub/simple/cw_file/bdca1bd8e58/68d7249875a1ec5391b4e/muted_mp4_med_size_1570328366_muted_med.mp4","size":1292908}},"audio":{"high":{"url":"https://coub-anubis-a.akamaized.net/coub_storage/coub/simple/cw_looped_audio_high/66990e55b8c/25738335a4d32f843ad5a/1605671262_high_1549578037_high.mp3","size":3479070},"med":{"url":"https://coub-anubis-a.akamaized.net/coub_storage/coub/simple/cw_looped_audio_med/dddc6593326/aace091ba48a023f47c8d/1605671261_med_1549578037_med.mp3","size":2638463}}},"mobile":{"video":"https://coub-anubis-a.akamaized.net/coub_storage/coub/simple/cw_file/bdca1bd8e58/68d7249875a1ec5391b4e/muted_mp4_med_size_1570328366_muted_med.mp4","audio":["https://coub-anubis-a.akamaized.net/coub_storage/coub/simple/cw_looped_audio_med/dddc6593326/aace091ba48a023f47c8d/1605671261_med_1549578037_med.mp3"]},"share":{"default":"https://coub-anubis-a.akamaized.net/coub_storage/coub/simple/cw_video_for_sharing/f844ad83c16/918b049e7a397b5d8447a/1608823894_looped_1608823893.mp4"}},"audio_versions":{"template":"https://coub-anubis-a.akamaized.net/coub_storage/audio_track/cw_normalized_copy/2d4527454ce/3a00682f79aca9daecd66/mid_1549578024_normalized_1549578004_1cmzjso_edited.mp3","versions":["mid","low"]},"image_versions":{"template":"https://coub-anubis-a.akamaized.net/coub_storage/coub/simple/cw_image/817f8648118/fbd9d60bc208bd6805be2/1549578056_00032.jpg","versions":["micro","tiny","age_restricted","ios_large","ios_mosaic","big","med","small","pinterest"]},"first_frame_versions":{"template":"https://coub-anubis-a.akamaized.net/coub_storage/coub/simple/cw_timeline_pic/e50117f0209/25a5c13825cb3532a2f0f/%{version}_1549578054_image.jpg","versions":["big","med","small","ios_large"]},"dimensions":{"big":[1280,720],"med":[640,360]},"site_w_h":[640,360],"page_w_h":[640,360],"site_w_h_small":[310,174],"size":[1280,720],"age_restricted":false,"age_restricted_by_admin":false,"not_safe_for_work":false,"allow_reuse":false,"dont_crop":false,"banned":false,"global_safe":false,"audio_file_url":"https://coub-anubis-a.akamaized.net/coub_storage/audio_track/cw_normalized_copy/2d4527454ce/3a00682f79aca9daecd66/low_1549578024_normalized_1549578004_1cmzjso_edited.mp3","external_download":false,"application":null,"channel":{"id":2964723,"permalink":"loli2704","title":"loli","description":"Inst: A_lchemilla","followers_count":39,"following_count":6,"avatar_versions":{"template":"https://coub-anubis-a.akamaized.net/coub_storage/channel/cw_avatar/6cc17a8fdf2/9410afbc6b626cdcfafa8/%{version}_1608024942_15zjwar_1526556274_ouTize_EWCU.jpg","versions":["medium","medium_2x","profile_pic","profile_pic_new","profile_pic_new_2x","tiny","tiny_2x","small","small_2x","ios_large","ios_small"]}},"file":null,"picture":"https://coub-anubis-a.akamaized.net/coub_storage/coub/simple/cw_image/817f8648118/fbd9d60bc208bd6805be2/1549578056_00032.jpg","timeline_picture":"https://coub-anubis-a.akamaized.net/coub_storage/coub/simple/cw_timeline_pic/e50117f0209/25a5c13825cb3532a2f0f/ios_large_1549578054_image.jpg","small_picture":"https://coub-anubis-a.akamaized.net/coub_storage/coub/simple/cw_image/817f8648118/fbd9d60bc208bd6805be2/1549578056_00032.jpg","sharing_picture":null,"percent_done":100,"tags":[{"id":1209567,"title":"winter snowfall","value":"winter%20snowfall"},{"id":2489,"title":"reverse","value":"reverse"},{"id":5318,"title":"snow","value":"snow"},{"id":1817,"title":"spit","value":"spit"},{"id":2588,"title":"sad","value":"sad"}],"categories":[{"id":9,"title":"Nature & Travel","permalink":"nature-travel","subscriptions_count":10070807,"big_image_url":"https://coub-anubis-a.akamaized.net/coub_storage/category/cw_image/a4b57370b28/3c9d9a8cf4246d5a30610/big_1545567929_Nature.png","small_image_url":"https://coub-anubis-a.akamaized.net/coub_storage/category/cw_image/a4b57370b28/3c9d9a8cf4246d5a30610/small_1545567929_Nature.png","med_image_url":"https://coub-anubis-a.akamaized.net/coub_storage/category/cw_image/a4b57370b28/3c9d9a8cf4246d5a30610/med_1545567929_Nature.png","visible":true}],"communities":[{"id":9,"title":"Nature & Travel","permalink":"nature-travel","subscriptions_count":10070807,"big_image_url":"https://coub-anubis-a.akamaized.net/coub_storage/category/cw_image/a4b57370b28/3c9d9a8cf4246d5a30610/big_1545567929_Nature.png","small_image_url":"https://coub-anubis-a.akamaized.net/coub_storage/category/cw_image/a4b57370b28/3c9d9a8cf4246d5a30610/small_1545567929_Nature.png","med_image_url":"https://coub-anubis-a.akamaized.net/coub_storage/category/cw_image/a4b57370b28/3c9d9a8cf4246d5a30610/med_1545567929_Nature.png","i_subscribed":true,"community_notifications_enabled":null,"description":null}],"recoubs_count":397,"remixes_count":8,"likes_count":1876,"dislikes_count":0,"raw_video_id":"","uploaded_by_ios_app":false,"uploaded_by_android_app":false,"media_blocks":{"uploaded_raw_videos":[],"external_raw_videos":[],"remixed_from_coubs":[{"id":29871193,"title":" ❄","url":"https://coub.com/coubs/1laq2g/remix","image":"https://coub-anubis-a.akamaized.net/coub_storage/media_block/cw_image/94cf2ebe4ac/9a1325f2dee0c485b6b86/1546693040_1x6ds5i_1546693024_00032.jpg","image_retina":"https://coub-anubis-a.akamaized.net/coub_storage/media_block/cw_image/94cf2ebe4ac/9a1325f2dee0c485b6b86/1546693040_1x6ds5i_1546693024_00032.jpg","meta":{"duration":"10.0"},"duration":null,"coub_channel_title":"Alexander Korotkov","coub_channel_permalink":"rocket-coub","coub_views_count":2956,"coub_permalink":"1laq2g"}]},"raw_video_thumbnail_url":"","raw_video_title":"","video_block_banned":false,"duration":10.0,"promo_winner":false,"promo_winner_recoubers":null,"editorial_info":{},"promo_hint":null,"beeline_best_2014":null,"from_web_editor":true,"normalize_sound":true,"normalize_change_allowed":true,"best2015_addable":false,"ahmad_promo":null,"promo_data":null,"audio_copyright_claim":null,"ads_disabled":false,"is_safe_for_ads":true,"megafon_contents":[],"position_on_page":10}]}