{"page":491,"per_page":10,"total_pages":500,"coubs":[{"flag":null,"abuses":null,"recoubs_by_users_channels":null,"favourite":false,"promoted_id":null,"recoub":null,"like":null,"dislike":null,"reaction":null,"in_my_best2015":false,"id":27405651,"type":"Coub::Simple","permalink":"fv944","title":"Dj Pitkin - Mix Cool Girl","visibility_type":"public","original_visibility_type":"public","channel_id":2237870,"created_at":"2016-10-30T15:33:26Z","updated_at":"2022-02-20T13:43:16Z","is_done":true,"views_count":51514,"cotd":null,"cotd_at":null,"visible_on_explore_root":true,"visible_on_explore":true,"featured":true,"published":true,"published_at":"2016-10-30T15:33:26Z","reversed":false,"from_editor_v2":true,"is_editable":true,"original_sound":false,"has_sound":false,"recoub_to":null,"file_versions":{"html5":{"video":{"higher":{"url":"https://coub-anubis-a.akamaized.net/coub_storage/coub/simple/cw_file/bae537efc67/e31cbdf306aad22d57849/muted_mp4_huge_size_1567939173_muted_huge.mp4","size":4374070},"high":{"url":"https://coub-anubis-a.akamaized.net/coub_storage/coub/simple/cw_file/bae537efc67/e31cbdf306aad22d57849/muted_mp4_big_size_1567939173_muted_big.mp4","size":3087588},"med":{"url":"https://coub-anubis-a.akamaized.net/coub_storage/coub/simple/cw_file/bae537efc67/e31cbdf306aad22d57849/muted_mp4_med_size_1567939173_muted_med.mp4","size":1063523}},"audio":{"high":{"url":"https://coub-anubis-a.akamaized.net/coub_storage/coub/simple/cw_looped_audio_high/9a7338f6226/de2b4c0177dd0a89206f7/1605537283_high_1477841673_high.mp3","size":8990989},"med":{"url":"https://coub-anubis-a.akamaized.net/coub_storage/coub/simple/cw_looped_audio_med/8393f896c70/6d37b86e568402d1787bd/1605537281_med_1477841673_med.mp3","size":8557253}}},"mobile":{"video":"https://coub-anubis-a.akamaized.net/coub_storage/coub/simple/cw_file/bae537efc67/e31cbdf306aad22d57849/muted_mp4_med_size_1567939173_muted_med.mp4","audio":["https://coub-anubis-a.akamaized.net/coub_storage/coub/simple/cw_looped_audio_med/8393f896c70/6d37b86e568402d1787bd/1605537281_med_1477841673_med.mp3"]},"share":{"default":"https://coub-anubis-a.akamaized.net/coub_storage/coub/simple/cw_video_for_sharing/6b16266e525/c869f88d62758ca317d44/1612386515_looped_1612386514.mp4"}},"audio_versions":{"template":"https://coub-anubis-a.akamaized.net/coub_storage/audio_track/cw_normalized_copy/b3b4402b8b2/4ead5b7bc14b04839f3c2/mid_1477841647_13hb9bu_normalized_1477841639_1g4ucq4_edited.mp3","versions":["mid","low"]},"image_versions":{"template":"https://coub-anubis-a.akamaized.net/coub_storage/coub/simple/cw_image/75b0f056b64/c65a7120950a7628fb63c/1477841698_00032.jpg","versions":["micro","tiny","age_restricted","ios_large","ios_mosaic","big","med","small","pinterest"]},"first_frame_versions":{"template":"https://coub-anubis-a.akamaized.net/coub_storage/coub/simple/cw_timeline_pic/cca66333f90/4f1892910c2234531f040/%{version}_1477841697_image.jpg","versions":["big","med","small","ios_large"]},"dimensions":{"big":[1280,720],"med":[640,360]},"site_w_h":[640,360],"page_w_h":[640,360],"site_w_h_small":[310,174],"size":[1280,720],"age_restricted":false,"age_restricted_by_admin":false,"not_safe_for_work":false,"allow_reuse":false,"dont_crop":false,"banned":false,"global_safe":true,"audio_file_url":"https://coub-anubis-a.akamaized.net/coub_storage/audio_track/cw_normalized_copy/b3b4402b8b2/4ead5b7bc14b04839f3c2/low_1477841647_13hb9bu_normalized_1477841639_1g4ucq4_edited.mp3","external_download":false,"application":null,"channel":{"id":2237870,"permalink":"the.music.box","title":"The Music Box","description":"Without music, life is empty..","followers_count":1693,"following_count":24,"avatar_versions":{"template":"https://coub-anubis-a.akamaized.net/coub_storage/channel/cw_avatar/21360fb3dec/cc17b7edde4149b519cb7/%{version}_1607426003_atczr3_1474539776_1400x1400_6523853.jpg","versions":["medium","medium_2x","profile_pic","profile_pic_new","profile_pic_new_2x","tiny","tiny_2x","small","small_2x","ios_large","ios_small"]}},"file":null,"picture":"https://coub-anubis-a.akamaized.net/coub_storage/coub/simple/cw_image/75b0f056b64/c65a7120950a7628fb63c/1477841698_00032.jpg","timeline_picture":"https://coub-anubis-a.akamaized.net/coub_storage/coub/simple/cw_timeline_pic/cca66333f90/4f1892910c2234531f040/ios_large_1477841697_image.jpg","small_picture":"https://coub-anubis-a.akamaized.net/coub_storage/coub/simple/cw_image/75b0f056b64/c65a7120950a7628fb63c/1477841698_00032.jpg","sharing_picture":null,"percent_done":100,"tags":[{"id":1564,"title":"sea","value":"sea"},{"id":696616,"title":"serf","value":"serf"},{"id":183,"title":"girl","value":"girl"},{"id":268,"title":"summer","value":"summer"},{"id":86,"title":"music","value":"music"},{"id":392134,"title":"music summer","value":"music%20summer"},{"id":3098,"title":"sound","value":"sound"},{"id":2058785,"title":"dj pitkin - mix cool girl","value":"dj%20pitkin%20-%20mix%20cool%20girl"}],"categories":[{"id":9,"title":"Nature & Travel","permalink":"nature-travel","subscriptions_count":10070807,"big_image_url":"https://coub-anubis-a.akamaized.net/coub_storage/category/cw_image/a4b57370b28/3c9d9a8cf4246d5a30610/big_1545567929_Nature.png","small_image_url":"https://coub-anubis-a.akamaized.net/coub_storage/category/cw_image/a4b57370b28/3c9d9a8cf4246d5a30610/small_1545567929_Nature.png","med_image_url":"https://coub-anubis-a.akamaized.net/coub_storage/category/cw_image/a4b57370b28/3c9d9a8cf4246d5a30610/med_1545567929_Nature.png","visible":true}],"communities":[{"id":9,"title":"Nature & Travel","permalink":"nature-travel","subscriptions_count":10070807,"big_image_url":"https://coub-anubis-a.akamaized.net/coub_storage/category/cw_image/a4b57370b28/3c9d9a8cf4246d5a30610/big_1545567929_Nature.png","small_image_url":"https://coub-anubis-a.akamaized.net/coub_storage/category/cw_image/a4b57370b28/3c9d9a8cf4246d5a30610/small_1545567929_Nature.png","med_image_url":"https://coub-anubis-a.akamaized.net/coub_storage/category/cw_image/a4b57370b28/3c9d9a8cf4246d5a30610/med_1545567929_Nature.png","i_subscribed":true,"community_notifications_enabled":null,"description":null}],"recoubs_count":161,"remixes_count":1,"likes_count":662,"dislikes_count":0,"raw_video_id":3896516,"uploaded_by_ios_app":false,"uploaded_by_android_app":false,"media_blocks":{"uploaded_raw_videos":[],"external_raw_videos":[],"remixed_from_coubs":[]},"raw_video_thumbnail_url":"/missing/missing.png","raw_video_title":"______.mp4","video_block_banned":false,"duration":10.08,"promo_winner":false,"promo_winner_recoubers":null,"editorial_info":{},"promo_hint":null,"beeline_best_2014":null,"from_web_editor":true,"normalize_sound":true,"normalize_change_allowed":true,"best2015_addable":false,"ahmad_promo":null,"promo_data":null,"audio_copyright_claim":null,"ads_disabled":null,"is_safe_for_ads":true,"megafon_contents":[],"position_on_page":1},{"flag":null,"abuses":null,"recoubs_by_users_channels":null,"favourite":false,"promoted_id":null,"recoub":null,"like":null,"dislike":null,"reaction":null,"in_my_best2015":false,"id":168034846,"type":"Coub::Simple","permalink":"2rp3de","title":"Arabian night","visibility_type":"public","original_visibility_type":"public","channel_id":1296482,"created_at":"2021-05-02T21:49:05Z","updated_at":"2022-03-08T09:28:52Z","is_done":true,"views_count":44401,"cotd":null,"cotd_at":null,"visible_on_explore_root":false,"visible_on_explore":false,"featured":false,"published":true,"published_at":"2021-05-02T21:49:05Z","reversed":false,"from_editor_v2":true,"is_editable":true,"original_sound":false,"has_sound":false,"recoub_to":null,"file_versions":{"html5":{"video":{"higher":{"url":"https://coub-anubis-a.akamaized.net/coub_storage/coub/simple/cw_file/11e6d413807/28b56e5239233daa6ee18/muted_mp4_huge_size_1619992148_muted_huge.mp4","size":3183742},"high":{"url":"https://coub-anubis-a.akamaized.net/coub_storage/coub/simple/cw_file/11e6d413807/28b56e5239233daa6ee18/muted_mp4_big_size_1619992148_muted_big.mp4","size":1914461},"med":{"url":"https://coub-anubis-a.akamaized.net/coub_storage/coub/simple/cw_file/11e6d413807/28b56e5239233daa6ee18/muted_mp4_med_size_1619992148_muted_med.mp4","size":620345}},"audio":{"high":{"url":"https://coub-anubis-a.akamaized.net/coub_storage/coub/simple/cw_looped_audio_high/3544c8272f5/5244625fed1241e2911f5/1619992155_mp3-high.mp3","size":493962},"med":{"url":"https://coub-anubis-a.akamaized.net/coub_storage/coub/simple/cw_looped_audio_med/1ff76d72e1b/5af20f6b1acbcda812a3e/1619992154_mp3-med.mp3","size":492758}}},"mobile":{"video":"https://coub-anubis-a.akamaized.net/coub_storage/coub/simple/cw_file/11e6d413807/28b56e5239233daa6ee18/muted_mp4_med_size_1619992148_muted_med.mp4","audio":["https://coub-anubis-a.akamaized.net/coub_storage/coub/simple/cw_looped_audio_med/1ff76d72e1b/5af20f6b1acbcda812a3e/1619992154_mp3-med.mp3"]},"share":{"default":"https://coub-anubis-a.akamaized.net/coub_storage/coub/simple/cw_video_for_sharing/2ab3fcfca49/032e84e7998ce62ad6c61/1619992196_looped_1619992195.mp4"}},"audio_versions":{"template":"https://coub-anubis-a.akamaized.net/coub_storage/audio_track/cw_normalized_copy/6238695324e/6df048a743565c89b877d/mid_1619992152_normalized_1619992149_h90jgr_edited.mp3","versions":["mid","low"]},"image_versions":{"template":"https://coub-anubis-a.akamaized.net/coub_storage/coub/simple/cw_image/df55f7a6880/b2db0513ac2fb4ee4775e/%{version}_1619992160_00032.jpg","versions":["micro","tiny","age_restricted","ios_large","ios_mosaic","big","med","small","pinterest"]},"first_frame_versions":{"template":"https://coub-anubis-a.akamaized.net/coub_storage/coub/simple/cw_timeline_pic/1827a37bd9e/f35652c7cd8079f82bc2f/%{version}_1619992160_image.jpg","versions":["big","med","small","ios_large"]},"dimensions":{"big":[1280,720],"med":[640,360]},"site_w_h":[640,360],"page_w_h":[640,360],"site_w_h_small":[310,174],"size":[1280,720],"age_restricted":false,"age_restricted_by_admin":false,"not_safe_for_work":null,"allow_reuse":false,"dont_crop":true,"banned":false,"global_safe":null,"audio_file_url":"https://coub-anubis-a.akamaized.net/coub_storage/audio_track/cw_normalized_copy/6238695324e/6df048a743565c89b877d/low_1619992152_normalized_1619992149_h90jgr_edited.mp3","external_download":false,"application":null,"channel":{"id":1296482,"permalink":"gleb-andreev65","title":"Gleb Andreev","description":null,"followers_count":82,"following_count":44,"avatar_versions":{"template":"https://coub-anubis-a.akamaized.net/coub_storage/channel/cw_avatar/717fc542176/18f955c91d8b558727600/%{version}_1608067367_1ujb0pd_1474562262_A5w5VsLTBTg.jpg","versions":["medium","medium_2x","profile_pic","profile_pic_new","profile_pic_new_2x","tiny","tiny_2x","small","small_2x","ios_large","ios_small"]}},"file":null,"picture":"https://coub-anubis-a.akamaized.net/coub_storage/coub/simple/cw_image/df55f7a6880/b2db0513ac2fb4ee4775e/med_1619992160_00032.jpg","timeline_picture":"https://coub-anubis-a.akamaized.net/coub_storage/coub/simple/cw_timeline_pic/1827a37bd9e/f35652c7cd8079f82bc2f/ios_large_1619992160_image.jpg","small_picture":"https://coub-anubis-a.akamaized.net/coub_storage/coub/simple/cw_image/df55f7a6880/b2db0513ac2fb4ee4775e/ios_mosaic_1619992160_00032.jpg","sharing_picture":null,"percent_done":100,"tags":[{"id":244310,"title":"tubing","value":"tubing"},{"id":777,"title":"awesome","value":"awesome"},{"id":82411,"title":"flying kid","value":"flying%20kid"},{"id":2564,"title":"flying","value":"flying"},{"id":14612,"title":"people are awesome","value":"people%20are%20awesome"},{"id":71281,"title":"arabian","value":"arabian"},{"id":467,"title":"night","value":"night"},{"id":1852,"title":"old","value":"old"},{"id":208,"title":"cartoon","value":"cartoon"},{"id":2235,"title":"memes","value":"memes"},{"id":19965,"title":"aladdin","value":"aladdin"},{"id":4871,"title":"invisible","value":"invisible"},{"id":2529,"title":"instagram","value":"instagram"}],"categories":[{"id":9,"title":"Nature & Travel","permalink":"nature-travel","subscriptions_count":10070807,"big_image_url":"https://coub-anubis-a.akamaized.net/coub_storage/category/cw_image/a4b57370b28/3c9d9a8cf4246d5a30610/big_1545567929_Nature.png","small_image_url":"https://coub-anubis-a.akamaized.net/coub_storage/category/cw_image/a4b57370b28/3c9d9a8cf4246d5a30610/small_1545567929_Nature.png","med_image_url":"https://coub-anubis-a.akamaized.net/coub_storage/category/cw_image/a4b57370b28/3c9d9a8cf4246d5a30610/med_1545567929_Nature.png","visible":true}],"communities":[{"id":9,"title":"Nature & Travel","permalink":"nature-travel","subscriptions_count":10070807,"big_image_url":"https://coub-anubis-a.akamaized.net/coub_storage/category/cw_image/a4b57370b28/3c9d9a8cf4246d5a30610/big_1545567929_Nature.png","small_image_url":"https://coub-anubis-a.akamaized.net/coub_storage/category/cw_image/a4b57370b28/3c9d9a8cf4246d5a30610/small_1545567929_Nature.png","med_image_url":"https://coub-anubis-a.akamaized.net/coub_storage/category/cw_image/a4b57370b28/3c9d9a8cf4246d5a30610/med_1545567929_Nature.png","i_subscribed":true,"community_notifications_enabled":null,"description":null}],"recoubs_count":106,"remixes_count":0,"likes_count":661,"dislikes_count":0,"raw_video_id":"","uploaded_by_ios_app":true,"uploaded_by_android_app":false,"media_blocks":{"uploaded_raw_videos":[],"external_raw_videos":[],"remixed_from_coubs":[{"id":38706304,"title":"Going Flying","url":"https://coub.com/coubs/2rcnxf/remix","image":"https://coub-anubis-a.akamaized.net/coub_storage/media_block/cw_image/a3f1cc286cb/3489e21b19d6e6e869f94/video_1619151029_8owb4z_1619151006_00032.jpg","image_retina":"https://coub-anubis-a.akamaized.net/coub_storage/media_block/cw_image/a3f1cc286cb/3489e21b19d6e6e869f94/video_retina_1619151029_8owb4z_1619151006_00032.jpg","meta":{"duration":"10.0"},"duration":null,"coub_channel_title":"Victor salazar","coub_channel_permalink":"victor-taco-salazar-pak","coub_views_count":65277,"coub_permalink":"2rcnxf"}]},"raw_video_thumbnail_url":"","raw_video_title":"","video_block_banned":false,"duration":10.0,"promo_winner":false,"promo_winner_recoubers":null,"editorial_info":{},"promo_hint":null,"beeline_best_2014":null,"from_web_editor":false,"normalize_sound":true,"normalize_change_allowed":true,"best2015_addable":false,"ahmad_promo":null,"promo_data":null,"audio_copyright_claim":null,"ads_disabled":null,"is_safe_for_ads":true,"megafon_contents":[],"position_on_page":2},{"flag":null,"abuses":null,"recoubs_by_users_channels":null,"favourite":false,"promoted_id":null,"recoub":null,"like":null,"dislike":null,"reaction":null,"in_my_best2015":false,"id":26775952,"type":"Coub::Simple","permalink":"fhr8b","title":"Super Shooting Using Drone","visibility_type":"public","original_visibility_type":"public","channel_id":2433850,"created_at":"2016-10-14T16:03:08Z","updated_at":"2022-03-02T15:40:44Z","is_done":true,"views_count":46852,"cotd":null,"cotd_at":null,"visible_on_explore_root":true,"visible_on_explore":true,"featured":true,"published":true,"published_at":"2016-10-14T16:03:08Z","reversed":false,"from_editor_v2":true,"is_editable":true,"original_sound":false,"has_sound":false,"recoub_to":null,"file_versions":{"html5":{"video":{"higher":{"url":"https://coub-anubis-a.akamaized.net/coub_storage/coub/simple/cw_file/92e8661b505/407ff3063202c13a644be/muted_mp4_huge_size_1567931965_muted_huge.mp4","size":3528379},"high":{"url":"https://coub-anubis-a.akamaized.net/coub_storage/coub/simple/cw_file/92e8661b505/407ff3063202c13a644be/muted_mp4_big_size_1567931965_muted_big.mp4","size":2740046},"med":{"url":"https://coub-anubis-a.akamaized.net/coub_storage/coub/simple/cw_file/92e8661b505/407ff3063202c13a644be/muted_mp4_med_size_1567931965_muted_med.mp4","size":665370}},"audio":{"high":{"url":"https://coub-anubis-a.akamaized.net/coub_storage/coub/simple/cw_looped_audio_high/325898cfe98/9afa9de7317b46174024f/1605531642_high_1476461078_high.mp3","size":8788275},"med":{"url":"https://coub-anubis-a.akamaized.net/coub_storage/coub/simple/cw_looped_audio_med/99f868fb448/04c19164ee1fdeeaa92db/1605531641_med_1476461078_med.mp3","size":7963650}}},"mobile":{"video":"https://coub-anubis-a.akamaized.net/coub_storage/coub/simple/cw_file/92e8661b505/407ff3063202c13a644be/muted_mp4_med_size_1567931965_muted_med.mp4","audio":["https://coub-anubis-a.akamaized.net/coub_storage/coub/simple/cw_looped_audio_med/99f868fb448/04c19164ee1fdeeaa92db/1605531641_med_1476461078_med.mp3"]},"share":{"default":"https://coub-anubis-a.akamaized.net/coub_storage/coub/simple/cw_video_for_sharing/7467cddcbfc/62de50fb7fa6b2f2ce4ec/1633004127_looped_1633004119.mp4"}},"audio_versions":{"template":"https://coub-anubis-a.akamaized.net/coub_storage/audio_track/cw_normalized_copy/cdedc1d1212/699f42528de05db997337/mid_1476461047_zzv1ss_normalized_1476461038_19vu6q2_edited.mp3","versions":["mid","low"]},"image_versions":{"template":"https://coub-anubis-a.akamaized.net/coub_storage/coub/simple/cw_image/6c03acd239c/4e0e47085bfe460c44a2c/1476461108_00032.jpg","versions":["micro","tiny","age_restricted","ios_large","ios_mosaic","big","med","small","pinterest"]},"first_frame_versions":{"template":"https://coub-anubis-a.akamaized.net/coub_storage/coub/simple/cw_timeline_pic/ae95adc2ffd/f5ffd50b0a26c6d9ac245/1476461107_image.jpg","versions":["big","med","small","ios_large"]},"dimensions":{"big":[1280,692],"med":[640,346]},"site_w_h":[640,346],"page_w_h":[640,346],"site_w_h_small":[310,168],"size":[1280,692],"age_restricted":false,"age_restricted_by_admin":false,"not_safe_for_work":false,"allow_reuse":false,"dont_crop":false,"banned":false,"global_safe":true,"audio_file_url":"https://coub-anubis-a.akamaized.net/coub_storage/audio_track/cw_normalized_copy/cdedc1d1212/699f42528de05db997337/low_1476461047_zzv1ss_normalized_1476461038_19vu6q2_edited.mp3","external_download":false,"application":null,"channel":{"id":2433850,"permalink":"alivrok0","title":"Alivrok","description":"Sense Seeker -- Atmospheric coubs -- My Little Big World is Here  #Alivrok  #Deadrok\r\n -- To comment it's possible there ☞ →","followers_count":2610,"following_count":934,"avatar_versions":{"template":"https://coub-anubis-a.akamaized.net/coub_storage/channel/cw_avatar/44a46934c43/4190d582785791964b81f/%{version}_1607952664_wepiy2_1474620680_Moonwatch.jpg","versions":["medium","medium_2x","profile_pic","profile_pic_new","profile_pic_new_2x","tiny","tiny_2x","small","small_2x","ios_large","ios_small"]}},"file":null,"picture":"https://coub-anubis-a.akamaized.net/coub_storage/coub/simple/cw_image/6c03acd239c/4e0e47085bfe460c44a2c/1476461108_00032.jpg","timeline_picture":"https://coub-anubis-a.akamaized.net/coub_storage/coub/simple/cw_timeline_pic/ae95adc2ffd/f5ffd50b0a26c6d9ac245/1476461107_image.jpg","small_picture":"https://coub-anubis-a.akamaized.net/coub_storage/coub/simple/cw_image/6c03acd239c/4e0e47085bfe460c44a2c/1476461108_00032.jpg","sharing_picture":null,"percent_done":100,"tags":[{"id":1998062,"title":"четвёртая фаза","value":"%D1%87%D0%B5%D1%82%D0%B2%D1%91%D1%80%D1%82%D0%B0%D1%8F%20%D1%84%D0%B0%D0%B7%D0%B0"},{"id":1998061,"title":"четвертое состояние","value":"%D1%87%D0%B5%D1%82%D0%B2%D0%B5%D1%80%D1%82%D0%BE%D0%B5%20%D1%81%D0%BE%D1%81%D1%82%D0%BE%D1%8F%D0%BD%D0%B8%D0%B5"},{"id":1195050,"title":"the fourth phase","value":"the%20fourth%20phase"},{"id":2640,"title":"ost","value":"ost"},{"id":1998261,"title":"a knife in the ocean","value":"a%20knife%20in%20the%20ocean"},{"id":5012,"title":"foals","value":"foals"},{"id":28220,"title":"alaska","value":"alaska"},{"id":1671,"title":"extreme","value":"extreme"},{"id":177325,"title":"snowbord","value":"snowbord"},{"id":120081,"title":"snowbording","value":"snowbording"},{"id":8232,"title":"drone","value":"drone"},{"id":1998260,"title":"super shooting","value":"super%20shooting"}],"categories":[{"id":9,"title":"Nature & Travel","permalink":"nature-travel","subscriptions_count":10070807,"big_image_url":"https://coub-anubis-a.akamaized.net/coub_storage/category/cw_image/a4b57370b28/3c9d9a8cf4246d5a30610/big_1545567929_Nature.png","small_image_url":"https://coub-anubis-a.akamaized.net/coub_storage/category/cw_image/a4b57370b28/3c9d9a8cf4246d5a30610/small_1545567929_Nature.png","med_image_url":"https://coub-anubis-a.akamaized.net/coub_storage/category/cw_image/a4b57370b28/3c9d9a8cf4246d5a30610/med_1545567929_Nature.png","visible":true}],"communities":[{"id":9,"title":"Nature & Travel","permalink":"nature-travel","subscriptions_count":10070807,"big_image_url":"https://coub-anubis-a.akamaized.net/coub_storage/category/cw_image/a4b57370b28/3c9d9a8cf4246d5a30610/big_1545567929_Nature.png","small_image_url":"https://coub-anubis-a.akamaized.net/coub_storage/category/cw_image/a4b57370b28/3c9d9a8cf4246d5a30610/small_1545567929_Nature.png","med_image_url":"https://coub-anubis-a.akamaized.net/coub_storage/category/cw_image/a4b57370b28/3c9d9a8cf4246d5a30610/med_1545567929_Nature.png","i_subscribed":true,"community_notifications_enabled":null,"description":null}],"recoubs_count":186,"remixes_count":4,"likes_count":661,"dislikes_count":0,"raw_video_id":3766404,"uploaded_by_ios_app":false,"uploaded_by_android_app":false,"media_blocks":{"uploaded_raw_videos":[],"external_raw_videos":[],"remixed_from_coubs":[]},"raw_video_thumbnail_url":"/missing/missing.png","raw_video_title":"______________-___________.mp4","video_block_banned":false,"duration":10.0,"promo_winner":false,"promo_winner_recoubers":null,"editorial_info":{},"promo_hint":null,"beeline_best_2014":null,"from_web_editor":true,"normalize_sound":true,"normalize_change_allowed":true,"best2015_addable":false,"ahmad_promo":null,"promo_data":null,"audio_copyright_claim":null,"ads_disabled":null,"is_safe_for_ads":true,"megafon_contents":[],"position_on_page":3},{"flag":null,"abuses":null,"recoubs_by_users_channels":null,"favourite":false,"promoted_id":null,"recoub":null,"like":null,"dislike":null,"reaction":null,"in_my_best2015":false,"id":23808951,"type":"Coub::Simple","permalink":"dq5uy","title":"mood","visibility_type":"public","original_visibility_type":"public","channel_id":188081,"created_at":"2016-07-25T13:42:36Z","updated_at":"2022-02-21T21:22:07Z","is_done":true,"views_count":24461,"cotd":null,"cotd_at":null,"visible_on_explore_root":false,"visible_on_explore":false,"featured":false,"published":true,"published_at":"2016-07-25T13:42:36Z","reversed":false,"from_editor_v2":true,"is_editable":true,"original_sound":false,"has_sound":false,"recoub_to":null,"file_versions":{"html5":{"video":{"higher":{"url":"https://coub-anubis-a.akamaized.net/coub_storage/coub/simple/cw_file/99d0a216e79/b122976cf0491caa96db8/muted_mp4_huge_size_1567907568_muted_huge.mp4","size":5047660},"high":{"url":"https://coub-anubis-a.akamaized.net/coub_storage/coub/simple/cw_file/99d0a216e79/b122976cf0491caa96db8/muted_mp4_big_size_1567907568_muted_big.mp4","size":3874371},"med":{"url":"https://coub-anubis-a.akamaized.net/coub_storage/coub/simple/cw_file/99d0a216e79/b122976cf0491caa96db8/muted_mp4_med_size_1567907568_muted_med.mp4","size":1078340}},"audio":{"high":{"url":"https://coub-anubis-a.akamaized.net/coub_storage/coub/simple/cw_looped_audio_high/10c26a58160/4155763ce2d59f336d76e/1605507756_high_1489239945_high.mp3","size":6458573},"med":{"url":"https://coub-anubis-a.akamaized.net/coub_storage/coub/simple/cw_looped_audio_med/1468abe74ca/52ddfae5dac584f4bd4d0/1605507755_med_1489239945_med.mp3","size":5772019}}},"mobile":{"video":"https://coub-anubis-a.akamaized.net/coub_storage/coub/simple/cw_file/99d0a216e79/b122976cf0491caa96db8/muted_mp4_med_size_1567907568_muted_med.mp4","audio":["https://coub-anubis-a.akamaized.net/coub_storage/coub/simple/cw_looped_audio_med/1468abe74ca/52ddfae5dac584f4bd4d0/1605507755_med_1489239945_med.mp3"]},"share":{"default":null}},"audio_versions":{"template":"https://coub-anubis-a.akamaized.net/coub_storage/audio_track/cw_normalized_copy/8554c3c3083/e20f39bc2a5de08e3ec23/mid_1489239924_c0zpdr_normalized_1469452295_audio.mp3","versions":["mid","low"]},"image_versions":{"template":"https://coub-anubis-a.akamaized.net/coub_storage/coub/simple/cw_image/2d1e5c59756/e8f36d8fd8caab402daff/1489239966_00032.jpg","versions":["micro","tiny","age_restricted","ios_large","ios_mosaic","big","med","small","pinterest"]},"first_frame_versions":{"template":"https://coub-anubis-a.akamaized.net/coub_storage/coub/simple/cw_timeline_pic/33acf61464c/673f40ade29ee44f56549/%{version}_1489239965_image.jpg","versions":["big","med","small","ios_large"]},"dimensions":{"big":[1280,720],"med":[640,360]},"site_w_h":[640,360],"page_w_h":[640,360],"site_w_h_small":[310,174],"size":[1280,720],"age_restricted":false,"age_restricted_by_admin":false,"not_safe_for_work":false,"allow_reuse":false,"dont_crop":false,"banned":false,"global_safe":true,"audio_file_url":"https://coub-anubis-a.akamaized.net/coub_storage/audio_track/cw_normalized_copy/8554c3c3083/e20f39bc2a5de08e3ec23/low_1489239924_c0zpdr_normalized_1469452295_audio.mp3","external_download":false,"application":null,"channel":{"id":188081,"permalink":"alexandre-vasilchenko","title":"Alexandre Vasilchenko","description":null,"followers_count":12,"following_count":4,"avatar_versions":{"template":"https://coub-anubis-a.akamaized.net/coub_storage/channel/cw_avatar/9cf84ec0b88/ae0a2109fb61aeeb5996e/%{version}_1499698078_cropped.jpeg","versions":["medium","medium_2x","profile_pic","profile_pic_new","profile_pic_new_2x","tiny","tiny_2x","small","small_2x","ios_large","ios_small"]}},"file":null,"picture":"https://coub-anubis-a.akamaized.net/coub_storage/coub/simple/cw_image/2d1e5c59756/e8f36d8fd8caab402daff/1489239966_00032.jpg","timeline_picture":"https://coub-anubis-a.akamaized.net/coub_storage/coub/simple/cw_timeline_pic/33acf61464c/673f40ade29ee44f56549/ios_large_1489239965_image.jpg","small_picture":"https://coub-anubis-a.akamaized.net/coub_storage/coub/simple/cw_image/2d1e5c59756/e8f36d8fd8caab402daff/1489239966_00032.jpg","sharing_picture":null,"percent_done":100,"tags":[{"id":4699,"title":"freedom","value":"freedom"},{"id":2104,"title":"life","value":"life"},{"id":1087,"title":"rock","value":"rock"},{"id":2940,"title":"travel","value":"travel"},{"id":1504,"title":"moto","value":"moto"}],"categories":[{"id":9,"title":"Nature & Travel","permalink":"nature-travel","subscriptions_count":10070807,"big_image_url":"https://coub-anubis-a.akamaized.net/coub_storage/category/cw_image/a4b57370b28/3c9d9a8cf4246d5a30610/big_1545567929_Nature.png","small_image_url":"https://coub-anubis-a.akamaized.net/coub_storage/category/cw_image/a4b57370b28/3c9d9a8cf4246d5a30610/small_1545567929_Nature.png","med_image_url":"https://coub-anubis-a.akamaized.net/coub_storage/category/cw_image/a4b57370b28/3c9d9a8cf4246d5a30610/med_1545567929_Nature.png","visible":true}],"communities":[{"id":9,"title":"Nature & Travel","permalink":"nature-travel","subscriptions_count":10070807,"big_image_url":"https://coub-anubis-a.akamaized.net/coub_storage/category/cw_image/a4b57370b28/3c9d9a8cf4246d5a30610/big_1545567929_Nature.png","small_image_url":"https://coub-anubis-a.akamaized.net/coub_storage/category/cw_image/a4b57370b28/3c9d9a8cf4246d5a30610/small_1545567929_Nature.png","med_image_url":"https://coub-anubis-a.akamaized.net/coub_storage/category/cw_image/a4b57370b28/3c9d9a8cf4246d5a30610/med_1545567929_Nature.png","i_subscribed":true,"community_notifications_enabled":null,"description":null}],"recoubs_count":121,"remixes_count":0,"likes_count":661,"dislikes_count":0,"raw_video_id":"","uploaded_by_ios_app":false,"uploaded_by_android_app":false,"media_blocks":{"uploaded_raw_videos":[],"external_raw_videos":[],"remixed_from_coubs":[{"id":18681880,"title":"GoPro: Road to Hana on a Motorcycle","url":"http://coub.com/coubs/2fwb9/remix","image":"https://coub-anubis-a.akamaized.net/coub_storage/media_block/cw_image/1179c1fd94b/2392baa2cfe5502118a34/1491956007_1405147478_00032.jpg","image_retina":"https://coub-anubis-a.akamaized.net/coub_storage/media_block/cw_image/1179c1fd94b/2392baa2cfe5502118a34/1491956007_1405147478_00032.jpg","meta":{"duration":"10.0"},"duration":null,"coub_channel_title":"Петров Алексей","coub_channel_permalink":"wowerlazo","coub_views_count":7949,"coub_permalink":"2fwb9"}]},"raw_video_thumbnail_url":"","raw_video_title":"","video_block_banned":false,"duration":10.0,"promo_winner":false,"promo_winner_recoubers":null,"editorial_info":{},"promo_hint":null,"beeline_best_2014":null,"from_web_editor":true,"normalize_sound":true,"normalize_change_allowed":true,"best2015_addable":false,"ahmad_promo":null,"promo_data":null,"audio_copyright_claim":null,"ads_disabled":null,"is_safe_for_ads":true,"megafon_contents":[],"position_on_page":4},{"flag":null,"abuses":null,"recoubs_by_users_channels":null,"favourite":false,"promoted_id":null,"recoub":null,"like":null,"dislike":null,"reaction":null,"in_my_best2015":false,"id":1699095,"type":"Coub::Simple","permalink":"k9mq","title":"Snow","visibility_type":"public","original_visibility_type":"public","channel_id":124265,"created_at":"2014-01-29T10:47:21Z","updated_at":"2022-03-15T22:45:04Z","is_done":true,"views_count":28007,"cotd":null,"cotd_at":null,"visible_on_explore_root":true,"visible_on_explore":true,"featured":true,"published":true,"published_at":"2014-01-29T10:47:21Z","reversed":false,"from_editor_v2":true,"is_editable":true,"original_sound":false,"has_sound":false,"recoub_to":null,"file_versions":{"html5":{"video":{"higher":{"url":"https://coub-anubis-a.akamaized.net/coub_storage/coub/simple/cw_file/1ed590685ef/f2cc0ab1bf9c56c0a157a/muted_mp4_huge_size_1567692341_muted_huge.mp4","size":3825761},"high":{"url":"https://coub-anubis-a.akamaized.net/coub_storage/coub/simple/cw_file/1ed590685ef/f2cc0ab1bf9c56c0a157a/muted_mp4_big_size_1567692341_muted_big.mp4","size":2557215},"med":{"url":"https://coub-anubis-a.akamaized.net/coub_storage/coub/simple/cw_file/1ed590685ef/f2cc0ab1bf9c56c0a157a/muted_mp4_med_size_1567692341_muted_med.mp4","size":838579}},"audio":{"high":{"url":"https://coub-anubis-a.akamaized.net/coub_storage/coub/simple/cw_looped_audio_high/fe111011613/fe3b9a29ccb3a5e984015/1605422525_high_1471764898_high.mp3","size":10596302},"med":{"url":"https://coub-anubis-a.akamaized.net/coub_storage/coub/simple/cw_looped_audio_med/6f2bd79e6f3/5beacda87757ab1061d2c/1605422524_med_1471764898_med.mp3","size":9696646}}},"mobile":{"video":"https://coub-anubis-a.akamaized.net/coub_storage/coub/simple/cw_file/1ed590685ef/f2cc0ab1bf9c56c0a157a/muted_mp4_med_size_1567692341_muted_med.mp4","audio":["https://coub-anubis-a.akamaized.net/coub_storage/coub/simple/cw_looped_audio_med/6f2bd79e6f3/5beacda87757ab1061d2c/1605422524_med_1471764898_med.mp3"]},"share":{"default":"https://coub-anubis-a.akamaized.net/coub_storage/coub/simple/cw_video_for_sharing/d8cb82f1f08/073ec9109247c2b9d03db/1635574302_looped_1635574301.mp4"}},"audio_versions":{"template":"https://coub-anubis-a.akamaized.net/coub_storage/coub/simple/cw_audio/683ff202f12/57391bb35ebd13bdd5b2a/mid_1471764733_1401036687_out.mp3","versions":["mid","low"]},"image_versions":{"template":"https://coub-anubis-a.akamaized.net/coub_storage/coub/simple/cw_image/254ac0b9ecd/a4fdb1eff75ee330b456b/1471764712_1390992515_00029.jpg","versions":["micro","tiny","age_restricted","ios_large","ios_mosaic","big","med","small","pinterest"]},"first_frame_versions":{"template":"https://coub-anubis-a.akamaized.net/coub_storage/coub/simple/cw_timeline_pic/221ed0547b2/d9f21ed8bb70236dfceda/1471764730_1390992513_image.jpg","versions":["big","med","small","ios_large"]},"dimensions":{"big":[1280,720],"med":[640,360]},"site_w_h":[640,360],"page_w_h":[640,360],"site_w_h_small":[310,174],"size":[1280,720],"age_restricted":false,"age_restricted_by_admin":false,"not_safe_for_work":null,"allow_reuse":false,"dont_crop":false,"banned":false,"global_safe":true,"audio_file_url":"https://coub-anubis-a.akamaized.net/coub_storage/coub/simple/cw_audio/683ff202f12/57391bb35ebd13bdd5b2a/low_1471764733_1401036687_out.mp3","external_download":false,"application":null,"channel":{"id":124265,"permalink":"dima-dozarov","title":"Dima Dozarov","description":"Я сейчас не делаю кубики, но в ближайшее время я снова буду удивлять , у меня есть telegram-@sosi_music, также instagram-@ddozarov","followers_count":2302,"following_count":2270,"avatar_versions":{"template":"https://coub-anubis-a.akamaized.net/coub_storage/channel/cw_avatar/a8636db92bd/33b35e8926a26d9f806fa/%{version}_1474487322_155dpxm_att-url-download.jpg","versions":["medium","medium_2x","profile_pic","profile_pic_new","profile_pic_new_2x","tiny","tiny_2x","small","small_2x","ios_large","ios_small"]}},"file":null,"picture":"https://coub-anubis-a.akamaized.net/coub_storage/coub/simple/cw_image/254ac0b9ecd/a4fdb1eff75ee330b456b/1471764712_1390992515_00029.jpg","timeline_picture":"https://coub-anubis-a.akamaized.net/coub_storage/coub/simple/cw_timeline_pic/221ed0547b2/d9f21ed8bb70236dfceda/1471764730_1390992513_image.jpg","small_picture":"https://coub-anubis-a.akamaized.net/coub_storage/coub/simple/cw_image/254ac0b9ecd/a4fdb1eff75ee330b456b/1471764712_1390992515_00029.jpg","sharing_picture":null,"percent_done":100,"tags":[],"categories":[{"id":9,"title":"Nature & Travel","permalink":"nature-travel","subscriptions_count":10070807,"big_image_url":"https://coub-anubis-a.akamaized.net/coub_storage/category/cw_image/a4b57370b28/3c9d9a8cf4246d5a30610/big_1545567929_Nature.png","small_image_url":"https://coub-anubis-a.akamaized.net/coub_storage/category/cw_image/a4b57370b28/3c9d9a8cf4246d5a30610/small_1545567929_Nature.png","med_image_url":"https://coub-anubis-a.akamaized.net/coub_storage/category/cw_image/a4b57370b28/3c9d9a8cf4246d5a30610/med_1545567929_Nature.png","visible":true}],"communities":[{"id":9,"title":"Nature & Travel","permalink":"nature-travel","subscriptions_count":10070807,"big_image_url":"https://coub-anubis-a.akamaized.net/coub_storage/category/cw_image/a4b57370b28/3c9d9a8cf4246d5a30610/big_1545567929_Nature.png","small_image_url":"https://coub-anubis-a.akamaized.net/coub_storage/category/cw_image/a4b57370b28/3c9d9a8cf4246d5a30610/small_1545567929_Nature.png","med_image_url":"https://coub-anubis-a.akamaized.net/coub_storage/category/cw_image/a4b57370b28/3c9d9a8cf4246d5a30610/med_1545567929_Nature.png","i_subscribed":true,"community_notifications_enabled":null,"description":null}],"recoubs_count":273,"remixes_count":2,"likes_count":661,"dislikes_count":0,"raw_video_id":1387842,"uploaded_by_ios_app":false,"uploaded_by_android_app":false,"media_blocks":{"uploaded_raw_videos":[],"external_raw_videos":[],"remixed_from_coubs":[],"audio_track":{"id":19188844,"title":"Primavera","url":"https://geo.itunes.apple.com/us/album/primavera/id212970099?i=212971162&uo=4&at=10l5bB&app=music","image":"https://coub-anubis-a.akamaized.net/coub_storage/media_block/cw_image/2208ae3871f/063d46645f7015de5347e/1492056438_1407424361_1390991897_1p0gvht_att-url-download.jpg","image_retina":"https://coub-anubis-a.akamaized.net/coub_storage/media_block/cw_image/2208ae3871f/063d46645f7015de5347e/1492056438_1407424361_1390991897_1p0gvht_att-url-download.jpg","meta":{"year":null,"album":null,"title":"Primavera","artist":"Ludovico Einaudi","echonest_id":null},"duration":null,"amazon_url":null,"google_play_url":null,"bandcamp_url":null,"soundcloud_url":null,"track_name":null,"track_artist":null,"track_album":null,"itunes_url":"https://geo.itunes.apple.com/us/album/primavera/id212970099?i=212971162&uo=4&at=10l5bB&app=music"}},"raw_video_thumbnail_url":"/missing/missing.png","raw_video_title":"Snow","video_block_banned":false,"duration":9.19,"promo_winner":false,"promo_winner_recoubers":null,"editorial_info":{},"promo_hint":null,"beeline_best_2014":null,"from_web_editor":true,"normalize_sound":true,"normalize_change_allowed":true,"best2015_addable":false,"ahmad_promo":null,"promo_data":null,"audio_copyright_claim":null,"ads_disabled":null,"is_safe_for_ads":true,"megafon_contents":[],"position_on_page":5},{"flag":null,"abuses":null,"recoubs_by_users_channels":null,"favourite":false,"promoted_id":null,"recoub":null,"like":null,"dislike":null,"reaction":null,"in_my_best2015":false,"id":144480591,"type":"Coub::Simple","permalink":"2do8mz","title":"Trouble So Hard","visibility_type":"public","original_visibility_type":"public","channel_id":1598114,"created_at":"2020-05-09T14:49:47Z","updated_at":"2022-03-15T08:04:01Z","is_done":true,"views_count":35662,"cotd":null,"cotd_at":null,"visible_on_explore_root":false,"visible_on_explore":false,"featured":false,"published":true,"published_at":"2020-05-09T14:49:47Z","reversed":false,"from_editor_v2":true,"is_editable":true,"original_sound":false,"has_sound":false,"recoub_to":null,"file_versions":{"html5":{"video":{"higher":{"url":"https://coub-anubis-a.akamaized.net/coub_storage/coub/simple/cw_file/7802e72b625/89669bf0a58f407b0bc5c/muted_mp4_huge_size_1589035791_muted_huge.mp4","size":3548715},"high":{"url":"https://coub-anubis-a.akamaized.net/coub_storage/coub/simple/cw_file/7802e72b625/89669bf0a58f407b0bc5c/muted_mp4_big_size_1589035791_muted_big.mp4","size":2153556},"med":{"url":"https://coub-anubis-a.akamaized.net/coub_storage/coub/simple/cw_file/7802e72b625/89669bf0a58f407b0bc5c/muted_mp4_med_size_1589035791_muted_med.mp4","size":701325}},"audio":{"high":{"url":"https://coub-anubis-a.akamaized.net/coub_storage/coub/simple/cw_looped_audio_high/4bd7e6f8e02/5fd3517d607c919293699/1605692655_high_1589035812_high.mp3","size":2790922},"med":{"url":"https://coub-anubis-a.akamaized.net/coub_storage/coub/simple/cw_looped_audio_med/65a278c66e9/5fe390e43484500be31cc/1605692654_med_1589035812_med.mp3","size":2504146}}},"mobile":{"video":"https://coub-anubis-a.akamaized.net/coub_storage/coub/simple/cw_file/7802e72b625/89669bf0a58f407b0bc5c/muted_mp4_med_size_1589035791_muted_med.mp4","audio":["https://coub-anubis-a.akamaized.net/coub_storage/coub/simple/cw_looped_audio_med/65a278c66e9/5fe390e43484500be31cc/1605692654_med_1589035812_med.mp3"]},"share":{"default":"https://coub-anubis-a.akamaized.net/coub_storage/coub/simple/cw_video_for_sharing/648b8ee21cd/3b6ebc9e5b072af379c6f/1609911337_looped_1609911336.mp4"}},"audio_versions":{"template":"https://coub-anubis-a.akamaized.net/coub_storage/audio_track/cw_file/e899ce29d27/380d1095c3a14940934ae/mid_1589035794_1yjy1m7_edited.mp3","versions":["mid","low"]},"image_versions":{"template":"https://coub-anubis-a.akamaized.net/coub_storage/coub/simple/cw_image/76694428ae3/2dbb30566f9ea5ce5ee9d/1589035823_00025.jpg","versions":["micro","tiny","age_restricted","ios_large","ios_mosaic","big","med","small","pinterest"]},"first_frame_versions":{"template":"https://coub-anubis-a.akamaized.net/coub_storage/coub/simple/cw_timeline_pic/09a25ac2d60/2b4f8bbf9eea133c054bc/%{version}_1589035823_image.jpg","versions":["big","med","small","ios_large"]},"dimensions":{"big":[1280,540],"med":[640,270]},"site_w_h":[640,270],"page_w_h":[640,270],"site_w_h_small":[310,131],"size":[1280,540],"age_restricted":false,"age_restricted_by_admin":false,"not_safe_for_work":false,"allow_reuse":false,"dont_crop":false,"banned":false,"global_safe":true,"audio_file_url":"https://coub-anubis-a.akamaized.net/coub_storage/audio_track/cw_file/e899ce29d27/380d1095c3a14940934ae/low_1589035794_1yjy1m7_edited.mp3","external_download":false,"application":null,"channel":{"id":1598114,"permalink":"moustachee","title":"Moustache","description":null,"followers_count":1031,"following_count":0,"avatar_versions":{"template":"https://coub-anubis-a.akamaized.net/coub_storage/channel/cw_avatar/d2b0b28b6f1/b7e2607967423ad681fa0/%{version}_1626262949_1e216ba609111d3ff2b0cc979acf1bb1.jpg","versions":["medium","medium_2x","profile_pic","profile_pic_new","profile_pic_new_2x","tiny","tiny_2x","small","small_2x","ios_large","ios_small"]}},"file":null,"picture":"https://coub-anubis-a.akamaized.net/coub_storage/coub/simple/cw_image/76694428ae3/2dbb30566f9ea5ce5ee9d/1589035823_00025.jpg","timeline_picture":"https://coub-anubis-a.akamaized.net/coub_storage/coub/simple/cw_timeline_pic/09a25ac2d60/2b4f8bbf9eea133c054bc/ios_large_1589035823_image.jpg","small_picture":"https://coub-anubis-a.akamaized.net/coub_storage/coub/simple/cw_image/76694428ae3/2dbb30566f9ea5ce5ee9d/1589035823_00025.jpg","sharing_picture":null,"percent_done":100,"tags":[{"id":18457,"title":"walter mitty","value":"walter%20mitty"},{"id":18467,"title":"the secret life of walter mitty","value":"the%20secret%20life%20of%20walter%20mitty"},{"id":18458,"title":"невероятная жизнь уолтера митти","value":"%D0%BD%D0%B5%D0%B2%D0%B5%D1%80%D0%BE%D1%8F%D1%82%D0%BD%D0%B0%D1%8F%20%D0%B6%D0%B8%D0%B7%D0%BD%D1%8C%20%D1%83%D0%BE%D0%BB%D1%82%D0%B5%D1%80%D0%B0%20%D0%BC%D0%B8%D1%82%D1%82%D0%B8"},{"id":2736,"title":"moby","value":"moby"},{"id":865,"title":"longboard","value":"longboard"},{"id":73244,"title":"movie moments","value":"movie%20moments"},{"id":18466,"title":"ben stiller","value":"ben%20stiller"}],"categories":[{"id":9,"title":"Nature & Travel","permalink":"nature-travel","subscriptions_count":10070807,"big_image_url":"https://coub-anubis-a.akamaized.net/coub_storage/category/cw_image/a4b57370b28/3c9d9a8cf4246d5a30610/big_1545567929_Nature.png","small_image_url":"https://coub-anubis-a.akamaized.net/coub_storage/category/cw_image/a4b57370b28/3c9d9a8cf4246d5a30610/small_1545567929_Nature.png","med_image_url":"https://coub-anubis-a.akamaized.net/coub_storage/category/cw_image/a4b57370b28/3c9d9a8cf4246d5a30610/med_1545567929_Nature.png","visible":true}],"communities":[{"id":9,"title":"Nature & Travel","permalink":"nature-travel","subscriptions_count":10070807,"big_image_url":"https://coub-anubis-a.akamaized.net/coub_storage/category/cw_image/a4b57370b28/3c9d9a8cf4246d5a30610/big_1545567929_Nature.png","small_image_url":"https://coub-anubis-a.akamaized.net/coub_storage/category/cw_image/a4b57370b28/3c9d9a8cf4246d5a30610/small_1545567929_Nature.png","med_image_url":"https://coub-anubis-a.akamaized.net/coub_storage/category/cw_image/a4b57370b28/3c9d9a8cf4246d5a30610/med_1545567929_Nature.png","i_subscribed":true,"community_notifications_enabled":null,"description":null}],"recoubs_count":90,"remixes_count":0,"likes_count":660,"dislikes_count":0,"raw_video_id":"","uploaded_by_ios_app":false,"uploaded_by_android_app":false,"media_blocks":{"uploaded_raw_videos":[],"external_raw_videos":[],"remixed_from_coubs":[{"id":18659400,"title":"feeling freedom","url":"http://coub.com/coubs/124s9/remix","image":"https://coub-anubis-a.akamaized.net/coub_storage/media_block/cw_image/a43882e1d67/2dee077ba8d3ed881b27a/1491950553_1470798007_00032.jpg","image_retina":"https://coub-anubis-a.akamaized.net/coub_storage/media_block/cw_image/a43882e1d67/2dee077ba8d3ed881b27a/1491950553_1470798007_00032.jpg","meta":{"duration":"10.0"},"duration":null,"coub_channel_title":"Nazar Drakhenberg","coub_channel_permalink":"nazardrakhenberg","coub_views_count":185842,"coub_permalink":"124s9"}]},"raw_video_thumbnail_url":"","raw_video_title":"","video_block_banned":false,"duration":7.88,"promo_winner":false,"promo_winner_recoubers":null,"editorial_info":{},"promo_hint":null,"beeline_best_2014":null,"from_web_editor":true,"normalize_sound":false,"normalize_change_allowed":true,"best2015_addable":false,"ahmad_promo":null,"promo_data":null,"audio_copyright_claim":null,"ads_disabled":false,"is_safe_for_ads":true,"megafon_contents":[],"position_on_page":6},{"flag":null,"abuses":null,"recoubs_by_users_channels":null,"favourite":false,"promoted_id":null,"recoub":null,"like":null,"dislike":null,"reaction":null,"in_my_best2015":false,"id":132493367,"type":"Coub::Simple","permalink":"26io08","title":"Когда понял, насколько сильно я скучно живу","visibility_type":"public","original_visibility_type":"public","channel_id":5186185,"created_at":"2019-12-23T05:41:26Z","updated_at":"2022-03-14T07:53:45Z","is_done":true,"views_count":69208,"cotd":null,"cotd_at":null,"visible_on_explore_root":false,"visible_on_explore":false,"featured":false,"published":true,"published_at":"2019-12-23T05:41:26Z","reversed":false,"from_editor_v2":true,"is_editable":true,"original_sound":false,"has_sound":false,"recoub_to":null,"file_versions":{"html5":{"video":{"higher":{"url":"https://coub-anubis-a.akamaized.net/coub_storage/coub/simple/cw_file/f16b9a4195d/f14731b865c500667f835/muted_mp4_huge_size_1577079692_muted_huge.mp4","size":3560017},"high":{"url":"https://coub-anubis-a.akamaized.net/coub_storage/coub/simple/cw_file/f16b9a4195d/f14731b865c500667f835/muted_mp4_big_size_1577079692_muted_big.mp4","size":2530744},"med":{"url":"https://coub-anubis-a.akamaized.net/coub_storage/coub/simple/cw_file/f16b9a4195d/f14731b865c500667f835/muted_mp4_med_size_1577079692_muted_med.mp4","size":812444}},"audio":{"high":{"url":"https://coub-anubis-a.akamaized.net/coub_storage/coub/simple/cw_looped_audio_high/089200e6620/0ba398d5a475d2425cd1d/1605701547_high_1577079754_high.mp3","size":4921612},"med":{"url":"https://coub-anubis-a.akamaized.net/coub_storage/coub/simple/cw_looped_audio_med/b8db8c4215e/bfbb58484718cbccd1ee5/1605701546_med_1577079754_med.mp3","size":3741376}}},"mobile":{"video":"https://coub-anubis-a.akamaized.net/coub_storage/coub/simple/cw_file/f16b9a4195d/f14731b865c500667f835/muted_mp4_med_size_1577079692_muted_med.mp4","audio":["https://coub-anubis-a.akamaized.net/coub_storage/coub/simple/cw_looped_audio_med/b8db8c4215e/bfbb58484718cbccd1ee5/1605701546_med_1577079754_med.mp3"]},"share":{"default":"https://coub-anubis-a.akamaized.net/coub_storage/coub/simple/cw_video_for_sharing/5fd70cb944c/9c51974ba3c146fbfcbd8/1611329144_looped_1611329144.mp4"}},"audio_versions":{"template":"https://coub-anubis-a.akamaized.net/coub_storage/audio_track/cw_normalized_copy/bdd06f012e5/2f44e8bcdcc37bb1e245c/mid_1577079734_normalized_1577079698_w4czoo_edited.mp3","versions":["mid","low"]},"image_versions":{"template":"https://coub-anubis-a.akamaized.net/coub_storage/coub/simple/cw_image/41f8a73f97f/09ee377c9a5fa43732e86/1577079784_00020.jpg","versions":["micro","tiny","age_restricted","ios_large","ios_mosaic","big","med","small","pinterest"]},"first_frame_versions":{"template":"https://coub-anubis-a.akamaized.net/coub_storage/coub/simple/cw_timeline_pic/2fb5876dafa/f6f386d38b9850703a0e0/1577079783_image.jpg","versions":["big","med","small","ios_large"]},"dimensions":{"big":[1280,734],"med":[640,366]},"site_w_h":[640,367],"page_w_h":[640,367],"site_w_h_small":[310,178],"size":[1280,734],"age_restricted":false,"age_restricted_by_admin":false,"not_safe_for_work":false,"allow_reuse":false,"dont_crop":false,"banned":false,"global_safe":false,"audio_file_url":"https://coub-anubis-a.akamaized.net/coub_storage/audio_track/cw_normalized_copy/bdd06f012e5/2f44e8bcdcc37bb1e245c/low_1577079734_normalized_1577079698_w4czoo_edited.mp3","external_download":false,"application":null,"channel":{"id":5186185,"permalink":"ork---grisha","title":"Shiza inc.","description":null,"followers_count":201,"following_count":11,"avatar_versions":{"template":"https://coub-anubis-a.akamaized.net/coub_storage/channel/cw_avatar/9f37499553d/7325cc86de82fd84ead3b/%{version}_1629112167_photomode_16122020_203929.png","versions":["medium","medium_2x","profile_pic","profile_pic_new","profile_pic_new_2x","tiny","tiny_2x","small","small_2x","ios_large","ios_small"]}},"file":null,"picture":"https://coub-anubis-a.akamaized.net/coub_storage/coub/simple/cw_image/41f8a73f97f/09ee377c9a5fa43732e86/1577079784_00020.jpg","timeline_picture":"https://coub-anubis-a.akamaized.net/coub_storage/coub/simple/cw_timeline_pic/2fb5876dafa/f6f386d38b9850703a0e0/1577079783_image.jpg","small_picture":"https://coub-anubis-a.akamaized.net/coub_storage/coub/simple/cw_image/41f8a73f97f/09ee377c9a5fa43732e86/1577079784_00020.jpg","sharing_picture":null,"percent_done":100,"tags":[{"id":3752155,"title":"село и люди - it's my life","value":"%D1%81%D0%B5%D0%BB%D0%BE%20%D0%B8%20%D0%BB%D1%8E%D0%B4%D0%B8%20-%20it's%20my%20life"}],"categories":[{"id":9,"title":"Nature & Travel","permalink":"nature-travel","subscriptions_count":10070807,"big_image_url":"https://coub-anubis-a.akamaized.net/coub_storage/category/cw_image/a4b57370b28/3c9d9a8cf4246d5a30610/big_1545567929_Nature.png","small_image_url":"https://coub-anubis-a.akamaized.net/coub_storage/category/cw_image/a4b57370b28/3c9d9a8cf4246d5a30610/small_1545567929_Nature.png","med_image_url":"https://coub-anubis-a.akamaized.net/coub_storage/category/cw_image/a4b57370b28/3c9d9a8cf4246d5a30610/med_1545567929_Nature.png","visible":true}],"communities":[{"id":9,"title":"Nature & Travel","permalink":"nature-travel","subscriptions_count":10070807,"big_image_url":"https://coub-anubis-a.akamaized.net/coub_storage/category/cw_image/a4b57370b28/3c9d9a8cf4246d5a30610/big_1545567929_Nature.png","small_image_url":"https://coub-anubis-a.akamaized.net/coub_storage/category/cw_image/a4b57370b28/3c9d9a8cf4246d5a30610/small_1545567929_Nature.png","med_image_url":"https://coub-anubis-a.akamaized.net/coub_storage/category/cw_image/a4b57370b28/3c9d9a8cf4246d5a30610/med_1545567929_Nature.png","i_subscribed":true,"community_notifications_enabled":null,"description":null}],"recoubs_count":121,"remixes_count":0,"likes_count":660,"dislikes_count":0,"raw_video_id":"","uploaded_by_ios_app":true,"uploaded_by_android_app":false,"media_blocks":{"uploaded_raw_videos":[],"external_raw_videos":[],"remixed_from_coubs":[{"id":34210004,"title":"российские новогодние квесты. ","url":"https://coub.com/coubs/268o47/remix","image":"https://coub-anubis-a.akamaized.net/coub_storage/media_block/cw_image/3fd8efddd4d/237fdbb4f750da4965ffd/1576593692_cyxt5n_1576593678_00020.jpg","image_retina":"https://coub-anubis-a.akamaized.net/coub_storage/media_block/cw_image/3fd8efddd4d/237fdbb4f750da4965ffd/1576593692_cyxt5n_1576593678_00020.jpg","meta":{"duration":"6.24"},"duration":null,"coub_channel_title":"Бонни Санта","coub_channel_permalink":"bonni-santa","coub_views_count":170963,"coub_permalink":"268o47"}]},"raw_video_thumbnail_url":"","raw_video_title":"","video_block_banned":false,"duration":6.24,"promo_winner":false,"promo_winner_recoubers":null,"editorial_info":{},"promo_hint":null,"beeline_best_2014":null,"from_web_editor":false,"normalize_sound":true,"normalize_change_allowed":true,"best2015_addable":false,"ahmad_promo":null,"promo_data":null,"audio_copyright_claim":null,"ads_disabled":false,"is_safe_for_ads":true,"megafon_contents":[],"position_on_page":7},{"flag":null,"abuses":null,"recoubs_by_users_channels":null,"favourite":false,"promoted_id":null,"recoub":null,"like":null,"dislike":null,"reaction":null,"in_my_best2015":false,"id":121292169,"type":"Coub::Simple","permalink":"1zt30s","title":"Soooooo Smooth ","visibility_type":"public","original_visibility_type":"public","channel_id":4294325,"created_at":"2019-08-19T08:53:25Z","updated_at":"2022-03-07T09:24:32Z","is_done":true,"views_count":44566,"cotd":null,"cotd_at":null,"visible_on_explore_root":false,"visible_on_explore":false,"featured":false,"published":true,"published_at":"2019-08-19T08:53:25Z","reversed":false,"from_editor_v2":true,"is_editable":true,"original_sound":false,"has_sound":false,"recoub_to":null,"file_versions":{"html5":{"video":{"higher":{"url":"https://coub-anubis-a.akamaized.net/coub_storage/coub/simple/cw_file/431d0a654a1/10585772358b7ecec033a/muted_mp4_huge_size_1569167250_muted_huge.mp4","size":4176775},"high":{"url":"https://coub-anubis-a.akamaized.net/coub_storage/coub/simple/cw_file/431d0a654a1/10585772358b7ecec033a/muted_mp4_big_size_1569167250_muted_big.mp4","size":2956038},"med":{"url":"https://coub-anubis-a.akamaized.net/coub_storage/coub/simple/cw_file/431d0a654a1/10585772358b7ecec033a/muted_mp4_med_size_1569167250_muted_med.mp4","size":982149}},"audio":{"high":{"url":"https://coub-anubis-a.akamaized.net/coub_storage/coub/simple/cw_looped_audio_high/61e54ae5370/22da69741b4e8261902df/1605686564_high_1566204826_high.mp3","size":2280607},"med":{"url":"https://coub-anubis-a.akamaized.net/coub_storage/coub/simple/cw_looped_audio_med/4cb9c7e9a92/76c331bab915ceaae2ed7/1605686564_med_1566204826_med.mp3","size":1753068}}},"mobile":{"video":"https://coub-anubis-a.akamaized.net/coub_storage/coub/simple/cw_file/431d0a654a1/10585772358b7ecec033a/muted_mp4_med_size_1569167250_muted_med.mp4","audio":["https://coub-anubis-a.akamaized.net/coub_storage/coub/simple/cw_looped_audio_med/4cb9c7e9a92/76c331bab915ceaae2ed7/1605686564_med_1566204826_med.mp3"]},"share":{"default":"https://coub-anubis-a.akamaized.net/coub_storage/coub/simple/cw_video_for_sharing/9e96799aff3/6a0f23366b4cdde18cfd6/1608662335_looped_1608662333.mp4"}},"audio_versions":{"template":"https://coub-anubis-a.akamaized.net/coub_storage/audio_track/cw_file/871b714adb8/2099dc15f3896866ef515/mid_1566204813_bzf8tg_edited.mp3","versions":["mid","low"]},"image_versions":{"template":"https://coub-anubis-a.akamaized.net/coub_storage/coub/simple/cw_image/0311fce16b1/9cc4bf7737dfccbe50777/1566204836_00032.jpg","versions":["micro","tiny","age_restricted","ios_large","ios_mosaic","big","med","small","pinterest"]},"first_frame_versions":{"template":"https://coub-anubis-a.akamaized.net/coub_storage/coub/simple/cw_timeline_pic/be264c63dbe/64e7cd2c5242b9481321f/%{version}_1566204836_image.jpg","versions":["big","med","small","ios_large"]},"dimensions":{"big":[768,960],"med":[384,480]},"site_w_h":[320,400],"page_w_h":[400,500],"site_w_h_small":[310,388],"size":[768,960],"age_restricted":false,"age_restricted_by_admin":false,"not_safe_for_work":false,"allow_reuse":false,"dont_crop":false,"banned":false,"global_safe":true,"audio_file_url":"https://coub-anubis-a.akamaized.net/coub_storage/audio_track/cw_file/871b714adb8/2099dc15f3896866ef515/low_1566204813_bzf8tg_edited.mp3","external_download":{"type":"Instagram","service_name":"Instagram","url":"https://www.instagram.com/p/BwHK74FIfjf/","has_embed":false},"application":null,"channel":{"id":4294325,"permalink":"nonentity","title":"Nonentity","description":null,"followers_count":67,"following_count":1,"avatar_versions":{"template":"https://coub-anubis-a.akamaized.net/coub_storage/channel/cw_avatar/98458ad78ae/789055267cbd865ed2d0e/%{version}_1608468951_2wj24k_1525853200_c38f5d0381fe3695051a8946d982af956194843b_full.jpg","versions":["medium","medium_2x","profile_pic","profile_pic_new","profile_pic_new_2x","tiny","tiny_2x","small","small_2x","ios_large","ios_small"]}},"file":null,"picture":"https://coub-anubis-a.akamaized.net/coub_storage/coub/simple/cw_image/0311fce16b1/9cc4bf7737dfccbe50777/1566204836_00032.jpg","timeline_picture":"https://coub-anubis-a.akamaized.net/coub_storage/coub/simple/cw_timeline_pic/be264c63dbe/64e7cd2c5242b9481321f/ios_large_1566204836_image.jpg","small_picture":"https://coub-anubis-a.akamaized.net/coub_storage/coub/simple/cw_image/0311fce16b1/9cc4bf7737dfccbe50777/1566204836_00032.jpg","sharing_picture":null,"percent_done":100,"tags":[{"id":5151403,"title":"shot by torlundstrom","value":"shot%20by%20torlundstrom"},{"id":5151404,"title":"torlundstrom","value":"torlundstrom"},{"id":4577484,"title":"tor lundstrom","value":"tor%20lundstrom"},{"id":1550097,"title":"hippie sabotage - devil eyes","value":"hippie%20sabotage%20-%20devil%20eyes"},{"id":1038,"title":"winter","value":"winter"},{"id":5318,"title":"snow","value":"snow"},{"id":5313,"title":"snowboarding","value":"snowboarding"},{"id":5312,"title":"snowboard","value":"snowboard"},{"id":1126,"title":"amazing","value":"amazing"},{"id":6528,"title":"mountains","value":"mountains"}],"categories":[{"id":9,"title":"Nature & Travel","permalink":"nature-travel","subscriptions_count":10070807,"big_image_url":"https://coub-anubis-a.akamaized.net/coub_storage/category/cw_image/a4b57370b28/3c9d9a8cf4246d5a30610/big_1545567929_Nature.png","small_image_url":"https://coub-anubis-a.akamaized.net/coub_storage/category/cw_image/a4b57370b28/3c9d9a8cf4246d5a30610/small_1545567929_Nature.png","med_image_url":"https://coub-anubis-a.akamaized.net/coub_storage/category/cw_image/a4b57370b28/3c9d9a8cf4246d5a30610/med_1545567929_Nature.png","visible":true}],"communities":[{"id":9,"title":"Nature & Travel","permalink":"nature-travel","subscriptions_count":10070807,"big_image_url":"https://coub-anubis-a.akamaized.net/coub_storage/category/cw_image/a4b57370b28/3c9d9a8cf4246d5a30610/big_1545567929_Nature.png","small_image_url":"https://coub-anubis-a.akamaized.net/coub_storage/category/cw_image/a4b57370b28/3c9d9a8cf4246d5a30610/small_1545567929_Nature.png","med_image_url":"https://coub-anubis-a.akamaized.net/coub_storage/category/cw_image/a4b57370b28/3c9d9a8cf4246d5a30610/med_1545567929_Nature.png","i_subscribed":true,"community_notifications_enabled":null,"description":null}],"recoubs_count":122,"remixes_count":0,"likes_count":660,"dislikes_count":0,"raw_video_id":14119937,"uploaded_by_ios_app":false,"uploaded_by_android_app":false,"media_blocks":{"uploaded_raw_videos":[],"external_raw_videos":[{"id":32944771,"title":"Shot by torlundstrom","url":"http://instagram.com/p/BwHK74FIfjf/","image":null,"image_retina":null,"meta":{"service":"Instagram","duration":"18.8"},"duration":18.8,"raw_video_id":14119937,"has_embed":false}],"remixed_from_coubs":[],"external_video":{"id":32944771,"title":"Shot by torlundstrom","url":"http://instagram.com/p/BwHK74FIfjf/","image":null,"image_retina":null,"meta":{"service":"Instagram","duration":"18.8"},"duration":18.8,"raw_video_id":14119937,"has_embed":false}},"raw_video_thumbnail_url":"/missing/missing.png","raw_video_title":"Shot by torlundstrom","video_block_banned":false,"duration":10.0,"promo_winner":false,"promo_winner_recoubers":null,"editorial_info":{},"promo_hint":null,"beeline_best_2014":null,"from_web_editor":true,"normalize_sound":false,"normalize_change_allowed":true,"best2015_addable":false,"ahmad_promo":null,"promo_data":null,"audio_copyright_claim":null,"ads_disabled":false,"is_safe_for_ads":true,"megafon_contents":[],"position_on_page":8},{"flag":null,"abuses":null,"recoubs_by_users_channels":null,"favourite":false,"promoted_id":null,"recoub":null,"like":null,"dislike":null,"reaction":null,"in_my_best2015":false,"id":110871676,"type":"Coub::Simple","permalink":"1tlqg7","title":"Исландия","visibility_type":"public","original_visibility_type":"public","channel_id":3846337,"created_at":"2019-05-04T15:50:23Z","updated_at":"2022-03-07T03:54:46Z","is_done":true,"views_count":35092,"cotd":null,"cotd_at":null,"visible_on_explore_root":false,"visible_on_explore":false,"featured":false,"published":true,"published_at":"2019-05-04T15:50:22Z","reversed":false,"from_editor_v2":true,"is_editable":true,"original_sound":false,"has_sound":false,"recoub_to":null,"file_versions":{"html5":{"video":{"higher":{"url":"https://coub-anubis-a.akamaized.net/coub_storage/coub/simple/cw_file/6af3e828c42/8b35fd99472c30d88f850/muted_mp4_huge_size_1574163452_muted_huge.mp4","size":4731169},"high":{"url":"https://coub-anubis-a.akamaized.net/coub_storage/coub/simple/cw_file/6af3e828c42/8b35fd99472c30d88f850/muted_mp4_big_size_1574163452_muted_big.mp4","size":3894072},"med":{"url":"https://coub-anubis-a.akamaized.net/coub_storage/coub/simple/cw_file/6af3e828c42/8b35fd99472c30d88f850/muted_mp4_med_size_1574163452_muted_med.mp4","size":854057}},"audio":{"high":{"url":"https://coub-anubis-a.akamaized.net/coub_storage/coub/simple/cw_looped_audio_high/df10eee26e9/f2ed4d9ed77321e4cd552/1605676348_high_1556985047_high.mp3","size":1723271},"med":{"url":"https://coub-anubis-a.akamaized.net/coub_storage/coub/simple/cw_looped_audio_med/60cedc382cc/49ab5a1920bfe6a23d208/1605676348_med_1556985047_med.mp3","size":1266741}}},"mobile":{"video":"https://coub-anubis-a.akamaized.net/coub_storage/coub/simple/cw_file/6af3e828c42/8b35fd99472c30d88f850/muted_mp4_med_size_1574163452_muted_med.mp4","audio":["https://coub-anubis-a.akamaized.net/coub_storage/coub/simple/cw_looped_audio_med/60cedc382cc/49ab5a1920bfe6a23d208/1605676348_med_1556985047_med.mp3"]},"share":{"default":"https://coub-anubis-a.akamaized.net/coub_storage/coub/simple/cw_video_for_sharing/3cbf1974284/94b664638d8777b9c8bf2/1609375416_looped_1609375415.mp4"}},"audio_versions":{"template":"https://coub-anubis-a.akamaized.net/coub_storage/audio_track/cw_normalized_copy/85253577a1c/c9bf4c243421292a1f1a0/mid_1557930267_normalized_1550840129_audio.mp3","versions":["mid","low"]},"image_versions":{"template":"https://coub-anubis-a.akamaized.net/coub_storage/coub/simple/cw_image/a878f37ae26/7e1f781db80c89665b2a6/1556985056_00031.jpg","versions":["micro","tiny","age_restricted","ios_large","ios_mosaic","big","med","small","pinterest"]},"first_frame_versions":{"template":"https://coub-anubis-a.akamaized.net/coub_storage/coub/simple/cw_timeline_pic/844610886c4/0f46c1ef8b1699330a105/%{version}_1556985055_image.jpg","versions":["big","med","small","ios_large"]},"dimensions":{"big":[1280,720],"med":[640,360]},"site_w_h":[640,360],"page_w_h":[640,360],"site_w_h_small":[310,174],"size":[1280,720],"age_restricted":false,"age_restricted_by_admin":false,"not_safe_for_work":false,"allow_reuse":false,"dont_crop":false,"banned":false,"global_safe":false,"audio_file_url":"https://coub-anubis-a.akamaized.net/coub_storage/audio_track/cw_normalized_copy/85253577a1c/c9bf4c243421292a1f1a0/low_1557930267_normalized_1550840129_audio.mp3","external_download":false,"application":null,"channel":{"id":3846337,"permalink":"0d98519e23555799d4a688228b9abe43","title":"YA","description":null,"followers_count":46,"following_count":25,"avatar_versions":{"template":"https://coub-anubis-a.akamaized.net/coub_storage/channel/cw_avatar/1157f498e66/8500cdd8dfac4de231ec6/%{version}_1607852876_1yt0wvf_1507969447_1.jpg","versions":["medium","medium_2x","profile_pic","profile_pic_new","profile_pic_new_2x","tiny","tiny_2x","small","small_2x","ios_large","ios_small"]}},"file":null,"picture":"https://coub-anubis-a.akamaized.net/coub_storage/coub/simple/cw_image/a878f37ae26/7e1f781db80c89665b2a6/1556985056_00031.jpg","timeline_picture":"https://coub-anubis-a.akamaized.net/coub_storage/coub/simple/cw_timeline_pic/844610886c4/0f46c1ef8b1699330a105/ios_large_1556985055_image.jpg","small_picture":"https://coub-anubis-a.akamaized.net/coub_storage/coub/simple/cw_image/a878f37ae26/7e1f781db80c89665b2a6/1556985056_00031.jpg","sharing_picture":null,"percent_done":100,"tags":[{"id":103606,"title":"ugar myself most loved coub","value":"ugar%20myself%20most%20loved%20coub"},{"id":194796,"title":"ugar cotd","value":"ugar%20cotd"},{"id":99787,"title":"ugar editing coub","value":"ugar%20editing%20coub"},{"id":48500,"title":"4k","value":"4k"},{"id":191604,"title":"copter","value":"copter"},{"id":8232,"title":"drone","value":"drone"},{"id":107691,"title":"dji","value":"dji"},{"id":77109,"title":"водопад","value":"%D0%B2%D0%BE%D0%B4%D0%BE%D0%BF%D0%B0%D0%B4"},{"id":280170,"title":"каньон","value":"%D0%BA%D0%B0%D0%BD%D1%8C%D0%BE%D0%BD"},{"id":83069,"title":"скалы","value":"%D1%81%D0%BA%D0%B0%D0%BB%D1%8B"},{"id":655,"title":"океан","value":"%D0%BE%D0%BA%D0%B5%D0%B0%D0%BD"},{"id":654,"title":"море","value":"%D0%BC%D0%BE%D1%80%D0%B5"},{"id":10968,"title":"река","value":"%D1%80%D0%B5%D0%BA%D0%B0"},{"id":2279980,"title":"кратер","value":"%D0%BA%D1%80%D0%B0%D1%82%D0%B5%D1%80"},{"id":156311,"title":"вулкан","value":"%D0%B2%D1%83%D0%BB%D0%BA%D0%B0%D0%BD"},{"id":197534,"title":"ледник","value":"%D0%BB%D0%B5%D0%B4%D0%BD%D0%B8%D0%BA"},{"id":5980,"title":"горы","value":"%D0%B3%D0%BE%D1%80%D1%8B"},{"id":197496,"title":"исландия","value":"%D0%B8%D1%81%D0%BB%D0%B0%D0%BD%D0%B4%D0%B8%D1%8F"},{"id":114839,"title":"crater","value":"crater"},{"id":150653,"title":"glacier","value":"glacier"}],"categories":[{"id":9,"title":"Nature & Travel","permalink":"nature-travel","subscriptions_count":10070807,"big_image_url":"https://coub-anubis-a.akamaized.net/coub_storage/category/cw_image/a4b57370b28/3c9d9a8cf4246d5a30610/big_1545567929_Nature.png","small_image_url":"https://coub-anubis-a.akamaized.net/coub_storage/category/cw_image/a4b57370b28/3c9d9a8cf4246d5a30610/small_1545567929_Nature.png","med_image_url":"https://coub-anubis-a.akamaized.net/coub_storage/category/cw_image/a4b57370b28/3c9d9a8cf4246d5a30610/med_1545567929_Nature.png","visible":true}],"communities":[{"id":9,"title":"Nature & Travel","permalink":"nature-travel","subscriptions_count":10070807,"big_image_url":"https://coub-anubis-a.akamaized.net/coub_storage/category/cw_image/a4b57370b28/3c9d9a8cf4246d5a30610/big_1545567929_Nature.png","small_image_url":"https://coub-anubis-a.akamaized.net/coub_storage/category/cw_image/a4b57370b28/3c9d9a8cf4246d5a30610/small_1545567929_Nature.png","med_image_url":"https://coub-anubis-a.akamaized.net/coub_storage/category/cw_image/a4b57370b28/3c9d9a8cf4246d5a30610/med_1545567929_Nature.png","i_subscribed":true,"community_notifications_enabled":null,"description":null}],"recoubs_count":96,"remixes_count":2,"likes_count":660,"dislikes_count":0,"raw_video_id":"","uploaded_by_ios_app":true,"uploaded_by_android_app":false,"media_blocks":{"uploaded_raw_videos":[],"external_raw_videos":[],"remixed_from_coubs":[{"id":18838138,"title":"Postcards from Iceland (by Vitaliy Tatsiy) http://y2u.be/NAFoGTGr7Zg","url":"http://coub.com/coubs/hb7t7/remix","image":"https://coub-anubis-a.akamaized.net/coub_storage/media_block/cw_image/edc8a4866ae/1dc3faf52966fea83fca8/1491994013_1479897535_00031.jpg","image_retina":"https://coub-anubis-a.akamaized.net/coub_storage/media_block/cw_image/edc8a4866ae/1dc3faf52966fea83fca8/1491994013_1479897535_00031.jpg","meta":{"duration":"9.8"},"duration":null,"coub_channel_title":"Ugar","coub_channel_permalink":"superugar","coub_views_count":138167,"coub_permalink":"hb7t7"}]},"raw_video_thumbnail_url":"","raw_video_title":"","video_block_banned":false,"duration":9.8,"promo_winner":false,"promo_winner_recoubers":null,"editorial_info":{},"promo_hint":null,"beeline_best_2014":null,"from_web_editor":false,"normalize_sound":true,"normalize_change_allowed":true,"best2015_addable":false,"ahmad_promo":null,"promo_data":null,"audio_copyright_claim":null,"ads_disabled":false,"is_safe_for_ads":true,"megafon_contents":[],"position_on_page":9},{"flag":null,"abuses":null,"recoubs_by_users_channels":null,"favourite":false,"promoted_id":null,"recoub":null,"like":null,"dislike":null,"reaction":null,"in_my_best2015":false,"id":50165569,"type":"Coub::Simple","permalink":"tf2xa","title":"Hello Dally Doggo ","visibility_type":"public","original_visibility_type":"public","channel_id":34013,"created_at":"2017-04-13T21:16:11Z","updated_at":"2022-03-02T14:56:57Z","is_done":true,"views_count":60804,"cotd":null,"cotd_at":null,"visible_on_explore_root":true,"visible_on_explore":true,"featured":true,"published":true,"published_at":"2017-04-13T21:16:11Z","reversed":false,"from_editor_v2":true,"is_editable":true,"original_sound":false,"has_sound":false,"recoub_to":null,"file_versions":{"html5":{"video":{"higher":{"url":"https://coub-anubis-a.akamaized.net/coub_storage/coub/simple/cw_file/c6f81a62b38/947daaeaff6bee58bb755/muted_mp4_huge_size_1568104044_muted_huge.mp4","size":5047870},"high":{"url":"https://coub-anubis-a.akamaized.net/coub_storage/coub/simple/cw_file/c6f81a62b38/947daaeaff6bee58bb755/muted_mp4_big_size_1568104044_muted_big.mp4","size":3692802},"med":{"url":"https://coub-anubis-a.akamaized.net/coub_storage/coub/simple/cw_file/c6f81a62b38/947daaeaff6bee58bb755/muted_mp4_med_size_1568104044_muted_med.mp4","size":1095247}},"audio":{"high":{"url":"https://coub-anubis-a.akamaized.net/coub_storage/coub/simple/cw_looped_audio_high/e5e2972c938/27d90a0312c3f3cafa767/1605592540_high_1492118201_high.mp3","size":1440981},"med":{"url":"https://coub-anubis-a.akamaized.net/coub_storage/coub/simple/cw_looped_audio_med/d5bde2fc10b/5862ae5a2c0cfb842ba13/1605592539_med_1492118201_med.mp3","size":1360835}}},"mobile":{"video":"https://coub-anubis-a.akamaized.net/coub_storage/coub/simple/cw_file/c6f81a62b38/947daaeaff6bee58bb755/muted_mp4_med_size_1568104044_muted_med.mp4","audio":["https://coub-anubis-a.akamaized.net/coub_storage/coub/simple/cw_looped_audio_med/d5bde2fc10b/5862ae5a2c0cfb842ba13/1605592539_med_1492118201_med.mp3"]},"share":{"default":"https://coub-anubis-a.akamaized.net/coub_storage/coub/simple/cw_video_for_sharing/6c552070ea1/8b8ae3480c4354cef3a8a/1612791765_looped_1612791764.mp4"}},"audio_versions":{"template":"https://coub-anubis-a.akamaized.net/coub_storage/audio_track/cw_file/baa00eaeb88/3203c0ecfed23c36d4f3f/mid_1492118190_1xiupyb_edited.mp3","versions":["mid","low"]},"image_versions":{"template":"https://coub-anubis-a.akamaized.net/coub_storage/coub/simple/cw_image/671213c607f/00c88913edb022f81bfe2/1492118212_00027.jpg","versions":["micro","tiny","age_restricted","ios_large","ios_mosaic","big","med","small","pinterest"]},"first_frame_versions":{"template":"https://coub-anubis-a.akamaized.net/coub_storage/coub/simple/cw_timeline_pic/8f4076e3ce7/ee8b40790ded2f85f0295/%{version}_1492118211_image.jpg","versions":["big","med","small","ios_large"]},"dimensions":{"big":[1280,720],"med":[640,360]},"site_w_h":[640,360],"page_w_h":[640,360],"site_w_h_small":[310,174],"size":[1280,720],"age_restricted":false,"age_restricted_by_admin":false,"not_safe_for_work":false,"allow_reuse":false,"dont_crop":false,"banned":false,"global_safe":true,"audio_file_url":"https://coub-anubis-a.akamaized.net/coub_storage/audio_track/cw_file/baa00eaeb88/3203c0ecfed23c36d4f3f/low_1492118190_1xiupyb_edited.mp3","external_download":{"type":"Gfycat","service_name":"Gfycat","url":"http://gfycat.com/ImperfectInsidiousInsect","has_embed":true},"application":null,"channel":{"id":34013,"permalink":"eleprimer","title":"Light Tuesday ","description":"In Source We Trust #eleprimer","followers_count":47101,"following_count":309,"avatar_versions":{"template":"https://coub-anubis-a.akamaized.net/coub_storage/channel/cw_avatar/6935064c7dc/619c13567459f10bfe258/%{version}_1598751147_ghh.jpg","versions":["medium","medium_2x","profile_pic","profile_pic_new","profile_pic_new_2x","tiny","tiny_2x","small","small_2x","ios_large","ios_small"]}},"file":null,"picture":"https://coub-anubis-a.akamaized.net/coub_storage/coub/simple/cw_image/671213c607f/00c88913edb022f81bfe2/1492118212_00027.jpg","timeline_picture":"https://coub-anubis-a.akamaized.net/coub_storage/coub/simple/cw_timeline_pic/8f4076e3ce7/ee8b40790ded2f85f0295/ios_large_1492118211_image.jpg","small_picture":"https://coub-anubis-a.akamaized.net/coub_storage/coub/simple/cw_image/671213c607f/00c88913edb022f81bfe2/1492118212_00027.jpg","sharing_picture":null,"percent_done":100,"tags":[{"id":665,"title":"sports","value":"sports"},{"id":1133540,"title":"eleprimer","value":"eleprimer"},{"id":86,"title":"music","value":"music"},{"id":1661,"title":"dogs","value":"dogs"},{"id":419,"title":"dog","value":"dog"},{"id":2724,"title":"clip","value":"clip"},{"id":6400,"title":"swim","value":"swim"},{"id":27985,"title":"blow","value":"blow"},{"id":5346,"title":"can","value":"can"},{"id":27768,"title":"tell","value":"tell"},{"id":40320,"title":"dolly","value":"dolly"},{"id":2980,"title":"look","value":"look"},{"id":4458,"title":"positive","value":"positive"},{"id":2920354,"title":"funnice","value":"funnice"},{"id":174,"title":"funny","value":"funny"},{"id":1071,"title":"cool","value":"cool"},{"id":135,"title":"water","value":"water"},{"id":169,"title":"fun","value":"fun"},{"id":171,"title":"wow","value":"wow"},{"id":1253,"title":"wtf","value":"wtf"},{"id":4969,"title":"rescue","value":"rescue"},{"id":11987,"title":"save","value":"save"}],"categories":[{"id":9,"title":"Nature & Travel","permalink":"nature-travel","subscriptions_count":10070807,"big_image_url":"https://coub-anubis-a.akamaized.net/coub_storage/category/cw_image/a4b57370b28/3c9d9a8cf4246d5a30610/big_1545567929_Nature.png","small_image_url":"https://coub-anubis-a.akamaized.net/coub_storage/category/cw_image/a4b57370b28/3c9d9a8cf4246d5a30610/small_1545567929_Nature.png","med_image_url":"https://coub-anubis-a.akamaized.net/coub_storage/category/cw_image/a4b57370b28/3c9d9a8cf4246d5a30610/med_1545567929_Nature.png","visible":true}],"communities":[{"id":9,"title":"Nature & Travel","permalink":"nature-travel","subscriptions_count":10070807,"big_image_url":"https://coub-anubis-a.akamaized.net/coub_storage/category/cw_image/a4b57370b28/3c9d9a8cf4246d5a30610/big_1545567929_Nature.png","small_image_url":"https://coub-anubis-a.akamaized.net/coub_storage/category/cw_image/a4b57370b28/3c9d9a8cf4246d5a30610/small_1545567929_Nature.png","med_image_url":"https://coub-anubis-a.akamaized.net/coub_storage/category/cw_image/a4b57370b28/3c9d9a8cf4246d5a30610/med_1545567929_Nature.png","i_subscribed":true,"community_notifications_enabled":null,"description":null}],"recoubs_count":156,"remixes_count":0,"likes_count":660,"dislikes_count":0,"raw_video_id":9454820,"uploaded_by_ios_app":false,"uploaded_by_android_app":false,"media_blocks":{"uploaded_raw_videos":[],"external_raw_videos":[{"id":19651416,"title":"Imperfect Insidious Insect","url":"https://gfycat.com/ImperfectInsidiousInsect","image":"https://coub-anubis-a.akamaized.net/coub_storage/media_block/cw_image/a942e042990/70da49d9ad452c7298bd6/1492117287_1492117277_9vb8rz_att-url-download.jpg","image_retina":"https://coub-anubis-a.akamaized.net/coub_storage/media_block/cw_image/a942e042990/70da49d9ad452c7298bd6/1492117287_1492117277_9vb8rz_att-url-download.jpg","meta":{"service":"Gfycat","duration":"15.048"},"duration":15.048,"raw_video_id":9454820,"has_embed":true}],"remixed_from_coubs":[],"external_video":{"id":19651416,"title":"Imperfect Insidious Insect","url":"https://gfycat.com/ImperfectInsidiousInsect","image":"https://coub-anubis-a.akamaized.net/coub_storage/media_block/cw_image/a942e042990/70da49d9ad452c7298bd6/1492117287_1492117277_9vb8rz_att-url-download.jpg","image_retina":"https://coub-anubis-a.akamaized.net/coub_storage/media_block/cw_image/a942e042990/70da49d9ad452c7298bd6/1492117287_1492117277_9vb8rz_att-url-download.jpg","meta":{"service":"Gfycat","duration":"15.048"},"duration":15.048,"raw_video_id":9454820,"has_embed":true}},"raw_video_thumbnail_url":"/missing/missing.png","raw_video_title":"Imperfect Insidious Insect","video_block_banned":false,"duration":8.52,"promo_winner":false,"promo_winner_recoubers":null,"editorial_info":{},"promo_hint":null,"beeline_best_2014":null,"from_web_editor":true,"normalize_sound":false,"normalize_change_allowed":true,"best2015_addable":false,"ahmad_promo":null,"promo_data":null,"audio_copyright_claim":null,"ads_disabled":null,"is_safe_for_ads":true,"megafon_contents":[],"position_on_page":10}]}