{"page":170,"per_page":10,"total_pages":500,"coubs":[{"flag":null,"abuses":null,"recoubs_by_users_channels":null,"favourite":false,"promoted_id":null,"recoub":null,"like":null,"dislike":null,"reaction":null,"in_my_best2015":false,"id":108414905,"type":"Coub::Simple","permalink":"1s52s6","title":"Супер гол Шумакова за ЦСКА","visibility_type":"public","original_visibility_type":"public","channel_id":5443888,"created_at":"2019-04-11T01:17:43Z","updated_at":"2022-03-16T00:01:45Z","is_done":true,"views_count":91681,"cotd":null,"cotd_at":null,"visible_on_explore_root":false,"visible_on_explore":false,"featured":false,"published":true,"published_at":"2019-04-11T01:17:43Z","reversed":false,"from_editor_v2":true,"is_editable":true,"original_sound":false,"has_sound":false,"recoub_to":null,"file_versions":{"html5":{"video":{"higher":{"url":"https://coub-anubis-a.akamaized.net/coub_storage/coub/simple/cw_file/bda4ba76d18/329ac9a2c1d8274c58978/muted_mp4_huge_size_1577548772_muted_huge.mp4","size":3936447},"high":{"url":"https://coub-anubis-a.akamaized.net/coub_storage/coub/simple/cw_file/bda4ba76d18/329ac9a2c1d8274c58978/muted_mp4_big_size_1577548772_muted_big.mp4","size":2874081},"med":{"url":"https://coub-anubis-a.akamaized.net/coub_storage/coub/simple/cw_file/bda4ba76d18/329ac9a2c1d8274c58978/muted_mp4_med_size_1577548772_muted_med.mp4","size":945613}},"audio":{"high":{"url":"https://coub-anubis-a.akamaized.net/coub_storage/coub/simple/cw_looped_audio_high/41e8bfea253/c809f2b1d8739eeaac1f7/1605683230_high_1554945496_high.mp3","size":709670},"med":{"url":"https://coub-anubis-a.akamaized.net/coub_storage/coub/simple/cw_looped_audio_med/18bf2a42da2/b52795e6196b5ec17bf67/1605683229_med_1554945496_med.mp3","size":511608}}},"mobile":{"video":"https://coub-anubis-a.akamaized.net/coub_storage/coub/simple/cw_file/bda4ba76d18/329ac9a2c1d8274c58978/muted_mp4_med_size_1577548772_muted_med.mp4","audio":["https://coub-anubis-a.akamaized.net/coub_storage/coub/simple/cw_looped_audio_med/18bf2a42da2/b52795e6196b5ec17bf67/1605683229_med_1554945496_med.mp3"]},"share":{"default":"https://coub-anubis-a.akamaized.net/coub_storage/coub/simple/cw_video_for_sharing/5af67738c86/552630e1c6b6f6e03a9b0/1616075918_looped_1616075917.mp4"}},"audio_versions":{"template":"https://coub-anubis-a.akamaized.net/coub_storage/audio_track/cw_normalized_copy/3db01d2eeee/6112a36f0b5ee48c8b7ac/mid_1554945492_normalized_1554945403_audio.mp3","versions":["mid","low"]},"image_versions":{"template":"https://coub-anubis-a.akamaized.net/coub_storage/coub/simple/cw_image/8d01641776e/5314b0635fb86bb8f6def/1554945505_00032.jpg","versions":["micro","tiny","age_restricted","ios_large","ios_mosaic","big","med","small","pinterest"]},"first_frame_versions":{"template":"https://coub-anubis-a.akamaized.net/coub_storage/coub/simple/cw_timeline_pic/94591969135/3f3053f9df22c88948111/%{version}_1554945504_image.jpg","versions":["big","med","small","ios_large"]},"dimensions":{"big":[1280,716],"med":[640,358]},"site_w_h":[640,358],"page_w_h":[640,358],"site_w_h_small":[310,173],"size":[1280,716],"age_restricted":false,"age_restricted_by_admin":false,"not_safe_for_work":false,"allow_reuse":false,"dont_crop":false,"banned":false,"global_safe":false,"audio_file_url":"https://coub-anubis-a.akamaized.net/coub_storage/audio_track/cw_normalized_copy/3db01d2eeee/6112a36f0b5ee48c8b7ac/low_1554945492_normalized_1554945403_audio.mp3","external_download":false,"application":null,"channel":{"id":5443888,"permalink":"yudashkin","title":"YUDASHKIN","description":"| Юмор | Игры | Спорт | Технологии |","followers_count":58,"following_count":16,"avatar_versions":{"template":"https://coub-anubis-a.akamaized.net/coub_storage/channel/cw_avatar/b2b33e24824/edd0c2d3be06ca26d8466/%{version}_1608091302_3ys0aa_1553765866_vNMGCWe3Mio.jpg","versions":["medium","medium_2x","profile_pic","profile_pic_new","profile_pic_new_2x","tiny","tiny_2x","small","small_2x","ios_large","ios_small"]}},"file":null,"picture":"https://coub-anubis-a.akamaized.net/coub_storage/coub/simple/cw_image/8d01641776e/5314b0635fb86bb8f6def/1554945505_00032.jpg","timeline_picture":"https://coub-anubis-a.akamaized.net/coub_storage/coub/simple/cw_timeline_pic/94591969135/3f3053f9df22c88948111/ios_large_1554945504_image.jpg","small_picture":"https://coub-anubis-a.akamaized.net/coub_storage/coub/simple/cw_image/8d01641776e/5314b0635fb86bb8f6def/1554945505_00032.jpg","sharing_picture":null,"percent_done":100,"tags":[{"id":9575,"title":"цска","value":"%D1%86%D1%81%D0%BA%D0%B0"},{"id":8259,"title":"хоккей","value":"%D1%85%D0%BE%D0%BA%D0%BA%D0%B5%D0%B9"},{"id":8258,"title":"hockey","value":"hockey"}],"categories":[{"id":12,"title":"Sports","permalink":"sports","subscriptions_count":10057526,"big_image_url":"https://coub-anubis-a.akamaized.net/coub_storage/category/cw_image/f582005153c/999b059f60e79e58836fc/big_1544760276_sport2.png","small_image_url":"https://coub-anubis-a.akamaized.net/coub_storage/category/cw_image/f582005153c/999b059f60e79e58836fc/small_1544760276_sport2.png","med_image_url":"https://coub-anubis-a.akamaized.net/coub_storage/category/cw_image/f582005153c/999b059f60e79e58836fc/med_1544760276_sport2.png","visible":true}],"communities":[{"id":12,"title":"Sports","permalink":"sports","subscriptions_count":10057526,"big_image_url":"https://coub-anubis-a.akamaized.net/coub_storage/category/cw_image/f582005153c/999b059f60e79e58836fc/big_1544760276_sport2.png","small_image_url":"https://coub-anubis-a.akamaized.net/coub_storage/category/cw_image/f582005153c/999b059f60e79e58836fc/small_1544760276_sport2.png","med_image_url":"https://coub-anubis-a.akamaized.net/coub_storage/category/cw_image/f582005153c/999b059f60e79e58836fc/med_1544760276_sport2.png","i_subscribed":true,"community_notifications_enabled":null,"description":null}],"recoubs_count":401,"remixes_count":0,"likes_count":2248,"dislikes_count":0,"raw_video_id":13526416,"uploaded_by_ios_app":false,"uploaded_by_android_app":false,"media_blocks":{"uploaded_raw_videos":[],"external_raw_videos":[],"remixed_from_coubs":[]},"raw_video_thumbnail_url":"/missing/missing.png","raw_video_title":"______________________________________.mp4","video_block_banned":false,"duration":10.0,"promo_winner":false,"promo_winner_recoubers":null,"editorial_info":{},"promo_hint":null,"beeline_best_2014":null,"from_web_editor":true,"normalize_sound":true,"normalize_change_allowed":true,"best2015_addable":false,"ahmad_promo":null,"promo_data":null,"audio_copyright_claim":null,"ads_disabled":false,"is_safe_for_ads":true,"megafon_contents":[],"position_on_page":1},{"flag":null,"abuses":null,"recoubs_by_users_channels":null,"favourite":false,"promoted_id":null,"recoub":null,"like":null,"dislike":null,"reaction":null,"in_my_best2015":false,"id":161143643,"type":"Coub::Simple","permalink":"2nle1p","title":"Backflip (200k get)","visibility_type":"public","original_visibility_type":"public","channel_id":1601609,"created_at":"2021-01-05T00:02:44Z","updated_at":"2022-03-14T04:25:14Z","is_done":true,"views_count":168412,"cotd":null,"cotd_at":null,"visible_on_explore_root":false,"visible_on_explore":false,"featured":false,"published":true,"published_at":"2021-01-05T00:02:43Z","reversed":false,"from_editor_v2":true,"is_editable":true,"original_sound":false,"has_sound":false,"recoub_to":null,"file_versions":{"html5":{"video":{"higher":{"url":"https://coub-anubis-a.akamaized.net/coub_storage/coub/simple/cw_file/7b0f4ee0c7c/37fd63c4a2fb95d8302a7/muted_mp4_huge_size_1609804968_muted_huge.mp4","size":2129774},"high":{"url":"https://coub-anubis-a.akamaized.net/coub_storage/coub/simple/cw_file/7b0f4ee0c7c/37fd63c4a2fb95d8302a7/muted_mp4_big_size_1609804968_muted_big.mp4","size":1278571},"med":{"url":"https://coub-anubis-a.akamaized.net/coub_storage/coub/simple/cw_file/7b0f4ee0c7c/37fd63c4a2fb95d8302a7/muted_mp4_med_size_1609804968_muted_med.mp4","size":389801}},"audio":{"high":{"url":"https://coub-anubis-a.akamaized.net/coub_storage/coub/simple/cw_looped_audio_high/2cee45b934a/5f9ff5c5d0284f709b12e/1609805003_mp3-high.mp3","size":3606797},"med":{"url":"https://coub-anubis-a.akamaized.net/coub_storage/coub/simple/cw_looped_audio_med/bce88aa8747/a5cf58d80bb3c09703e52/1609805000_mp3-med.mp3","size":2783364}}},"mobile":{"video":"https://coub-anubis-a.akamaized.net/coub_storage/coub/simple/cw_file/7b0f4ee0c7c/37fd63c4a2fb95d8302a7/muted_mp4_med_size_1609804968_muted_med.mp4","audio":["https://coub-anubis-a.akamaized.net/coub_storage/coub/simple/cw_looped_audio_med/bce88aa8747/a5cf58d80bb3c09703e52/1609805000_mp3-med.mp3"]},"share":{"default":"https://coub-anubis-a.akamaized.net/coub_storage/coub/simple/cw_video_for_sharing/7bb7068fe0e/533e8b80db25d55d3fa7f/1609805028_looped_1609805027.mp4"}},"audio_versions":{"template":"https://coub-anubis-a.akamaized.net/coub_storage/audio_track/cw_normalized_copy/0e2b6f0ce4a/a6218c5d8444631e07d21/mid_1609804989_normalized_1609804972_1l3zgsj_edited.mp3","versions":["mid","low"]},"image_versions":{"template":"https://coub-anubis-a.akamaized.net/coub_storage/coub/simple/cw_image/d494a9a9ea8/f690ed5fcce958a595902/%{version}_1609805007_00031.jpg","versions":["micro","tiny","age_restricted","ios_large","ios_mosaic","big","med","small","pinterest"]},"first_frame_versions":{"template":"https://coub-anubis-a.akamaized.net/coub_storage/coub/simple/cw_timeline_pic/ca4dcca2f58/ee4bd6d1f969df2626b0c/%{version}_1609805006_image.jpg","versions":["big","med","small","ios_large"]},"dimensions":{"big":[724,960],"med":[362,480]},"site_w_h":[302,400],"page_w_h":[400,530],"site_w_h_small":[310,411],"size":[724,960],"age_restricted":false,"age_restricted_by_admin":false,"not_safe_for_work":false,"allow_reuse":false,"dont_crop":true,"banned":false,"global_safe":true,"audio_file_url":"https://coub-anubis-a.akamaized.net/coub_storage/audio_track/cw_normalized_copy/0e2b6f0ce4a/a6218c5d8444631e07d21/low_1609804989_normalized_1609804972_1l3zgsj_edited.mp3","external_download":false,"application":null,"channel":{"id":1601609,"permalink":"aov7.natrezim","title":"Aov7.NATREZIM","description":null,"followers_count":66,"following_count":0,"avatar_versions":{"template":"https://coub-anubis-a.akamaized.net/coub_storage/channel/cw_avatar/cdf7c3c6cc1/6510f96576de475e876f4/%{version}_1607970971_plague_doctor.jpg","versions":["medium","medium_2x","profile_pic","profile_pic_new","profile_pic_new_2x","tiny","tiny_2x","small","small_2x","ios_large","ios_small"]}},"file":null,"picture":"https://coub-anubis-a.akamaized.net/coub_storage/coub/simple/cw_image/d494a9a9ea8/f690ed5fcce958a595902/med_1609805007_00031.jpg","timeline_picture":"https://coub-anubis-a.akamaized.net/coub_storage/coub/simple/cw_timeline_pic/ca4dcca2f58/ee4bd6d1f969df2626b0c/ios_large_1609805006_image.jpg","small_picture":"https://coub-anubis-a.akamaized.net/coub_storage/coub/simple/cw_image/d494a9a9ea8/f690ed5fcce958a595902/ios_mosaic_1609805007_00031.jpg","sharing_picture":null,"percent_done":100,"tags":[{"id":1643,"title":"backflip","value":"backflip"},{"id":12122,"title":"roller","value":"roller"},{"id":270,"title":"девушка","value":"%D0%B4%D0%B5%D0%B2%D1%83%D1%88%D0%BA%D0%B0"},{"id":741850,"title":"kevin rudolf - in the city","value":"kevin%20rudolf%20-%20in%20the%20city"},{"id":1359,"title":"sport","value":"sport"},{"id":1880,"title":"спорт","value":"%D1%81%D0%BF%D0%BE%D1%80%D1%82"},{"id":14901,"title":"ролики","value":"%D1%80%D0%BE%D0%BB%D0%B8%D0%BA%D0%B8"},{"id":7514,"title":"сальто","value":"%D1%81%D0%B0%D0%BB%D1%8C%D1%82%D0%BE"},{"id":6090837,"title":"сальто на роликах","value":"%D1%81%D0%B0%D0%BB%D1%8C%D1%82%D0%BE%20%D0%BD%D0%B0%20%D1%80%D0%BE%D0%BB%D0%B8%D0%BA%D0%B0%D1%85"}],"categories":[{"id":12,"title":"Sports","permalink":"sports","subscriptions_count":10057526,"big_image_url":"https://coub-anubis-a.akamaized.net/coub_storage/category/cw_image/f582005153c/999b059f60e79e58836fc/big_1544760276_sport2.png","small_image_url":"https://coub-anubis-a.akamaized.net/coub_storage/category/cw_image/f582005153c/999b059f60e79e58836fc/small_1544760276_sport2.png","med_image_url":"https://coub-anubis-a.akamaized.net/coub_storage/category/cw_image/f582005153c/999b059f60e79e58836fc/med_1544760276_sport2.png","visible":true}],"communities":[{"id":12,"title":"Sports","permalink":"sports","subscriptions_count":10057526,"big_image_url":"https://coub-anubis-a.akamaized.net/coub_storage/category/cw_image/f582005153c/999b059f60e79e58836fc/big_1544760276_sport2.png","small_image_url":"https://coub-anubis-a.akamaized.net/coub_storage/category/cw_image/f582005153c/999b059f60e79e58836fc/small_1544760276_sport2.png","med_image_url":"https://coub-anubis-a.akamaized.net/coub_storage/category/cw_image/f582005153c/999b059f60e79e58836fc/med_1544760276_sport2.png","i_subscribed":true,"community_notifications_enabled":null,"description":null}],"recoubs_count":357,"remixes_count":0,"likes_count":2247,"dislikes_count":0,"raw_video_id":16037463,"uploaded_by_ios_app":false,"uploaded_by_android_app":false,"media_blocks":{"uploaded_raw_videos":[],"external_raw_videos":[],"remixed_from_coubs":[]},"raw_video_thumbnail_url":"/missing/missing.png","raw_video_title":"1.webm","video_block_banned":false,"duration":9.6,"promo_winner":false,"promo_winner_recoubers":null,"editorial_info":{},"promo_hint":null,"beeline_best_2014":null,"from_web_editor":true,"normalize_sound":true,"normalize_change_allowed":true,"best2015_addable":false,"ahmad_promo":null,"promo_data":null,"audio_copyright_claim":null,"ads_disabled":false,"is_safe_for_ads":true,"megafon_contents":[],"position_on_page":2},{"flag":null,"abuses":null,"recoubs_by_users_channels":null,"favourite":false,"promoted_id":null,"recoub":null,"like":null,"dislike":null,"reaction":null,"in_my_best2015":false,"id":175357628,"type":"Coub::Simple","permalink":"2w21pq","title":"Полировка мохнатки","visibility_type":"public","original_visibility_type":"public","channel_id":12356543,"created_at":"2021-09-12T04:16:19Z","updated_at":"2022-03-16T00:09:06Z","is_done":true,"views_count":221319,"cotd":null,"cotd_at":null,"visible_on_explore_root":false,"visible_on_explore":false,"featured":false,"published":true,"published_at":"2021-09-12T04:16:19Z","reversed":false,"from_editor_v2":true,"is_editable":true,"original_sound":true,"has_sound":true,"recoub_to":null,"file_versions":{"html5":{"video":{"higher":{"url":"https://coub-anubis-a.akamaized.net/coub_storage/coub/simple/cw_file/64213fa36e8/c37e2ec65943de072a682/muted_mp4_huge_size_1631420184_muted_huge.mp4","size":1747230},"high":{"url":"https://coub-anubis-a.akamaized.net/coub_storage/coub/simple/cw_file/64213fa36e8/c37e2ec65943de072a682/muted_mp4_big_size_1631420184_muted_big.mp4","size":1121419},"med":{"url":"https://coub-anubis-a.akamaized.net/coub_storage/coub/simple/cw_file/64213fa36e8/c37e2ec65943de072a682/muted_mp4_med_size_1631420184_muted_med.mp4","size":397702}},"audio":{"high":{"url":"https://coub-anubis-a.akamaized.net/coub_storage/coub/simple/cw_looped_audio_high/28c616b6728/dcb28df8d71497e158be8/1631420186_mp3-high.mp3","size":894231},"med":{"url":"https://coub-anubis-a.akamaized.net/coub_storage/coub/simple/cw_looped_audio_med/27f3ce3346e/b5fec850315f54adee72f/1631420185_mp3-med.mp3","size":890195},"sample_duration":8.011}},"mobile":{"video":"https://coub-anubis-a.akamaized.net/coub_storage/coub/simple/cw_file/64213fa36e8/c37e2ec65943de072a682/muted_mp4_med_size_1631420184_muted_med.mp4","audio":["https://coub-anubis-a.akamaized.net/coub_storage/coub/simple/cw_looped_audio_med/27f3ce3346e/b5fec850315f54adee72f/1631420185_mp3-med.mp3"]},"share":{"default":"https://coub-anubis-a.akamaized.net/coub_storage/coub/simple/cw_video_for_sharing/263ad933900/d53efbb06fa8395fe0b7a/1631420212_looped_1631420211.mp4"}},"audio_versions":{},"image_versions":{"template":"https://coub-anubis-a.akamaized.net/coub_storage/coub/simple/cw_image/660921dd977/73277e4e0e0e320b116fe/%{version}_1631420189_00026.jpg","versions":["micro","tiny","age_restricted","ios_large","ios_mosaic","big","med","small","pinterest"]},"first_frame_versions":{"template":"https://coub-anubis-a.akamaized.net/coub_storage/coub/simple/cw_timeline_pic/09e8ad35531/c863a098b6fa0d5f081c9/%{version}_1631420189_image.jpg","versions":["big","med","small","ios_large"]},"dimensions":{"big":[538,960],"med":[268,480]},"site_w_h":[224,400],"page_w_h":[400,714],"site_w_h_small":[310,553],"size":[538,960],"age_restricted":false,"age_restricted_by_admin":false,"not_safe_for_work":false,"allow_reuse":false,"dont_crop":true,"banned":false,"global_safe":true,"audio_file_url":null,"external_download":{"type":"Youtube","service_name":"YouTube","url":"https://youtu.be/TruqNKO8Zws","has_embed":true},"application":null,"channel":{"id":12356543,"permalink":"dokkk16540","title":"News Shots","description":"News Shots","followers_count":14,"following_count":24,"avatar_versions":{"template":"https://coub-anubis-a.akamaized.net/coub_storage/channel/cw_avatar/77631e8d9f0/8f7bcce10448361aac504/%{version}_1636976572_cropped.jpeg","versions":["medium","medium_2x","profile_pic","profile_pic_new","profile_pic_new_2x","tiny","tiny_2x","small","small_2x","ios_large","ios_small"]}},"file":null,"picture":"https://coub-anubis-a.akamaized.net/coub_storage/coub/simple/cw_image/660921dd977/73277e4e0e0e320b116fe/med_1631420189_00026.jpg","timeline_picture":"https://coub-anubis-a.akamaized.net/coub_storage/coub/simple/cw_timeline_pic/09e8ad35531/c863a098b6fa0d5f081c9/ios_large_1631420189_image.jpg","small_picture":"https://coub-anubis-a.akamaized.net/coub_storage/coub/simple/cw_image/660921dd977/73277e4e0e0e320b116fe/ios_mosaic_1631420189_00026.jpg","sharing_picture":null,"percent_done":100,"tags":[],"categories":[{"id":12,"title":"Sports","permalink":"sports","subscriptions_count":10057526,"big_image_url":"https://coub-anubis-a.akamaized.net/coub_storage/category/cw_image/f582005153c/999b059f60e79e58836fc/big_1544760276_sport2.png","small_image_url":"https://coub-anubis-a.akamaized.net/coub_storage/category/cw_image/f582005153c/999b059f60e79e58836fc/small_1544760276_sport2.png","med_image_url":"https://coub-anubis-a.akamaized.net/coub_storage/category/cw_image/f582005153c/999b059f60e79e58836fc/med_1544760276_sport2.png","visible":true}],"communities":[{"id":12,"title":"Sports","permalink":"sports","subscriptions_count":10057526,"big_image_url":"https://coub-anubis-a.akamaized.net/coub_storage/category/cw_image/f582005153c/999b059f60e79e58836fc/big_1544760276_sport2.png","small_image_url":"https://coub-anubis-a.akamaized.net/coub_storage/category/cw_image/f582005153c/999b059f60e79e58836fc/small_1544760276_sport2.png","med_image_url":"https://coub-anubis-a.akamaized.net/coub_storage/category/cw_image/f582005153c/999b059f60e79e58836fc/med_1544760276_sport2.png","i_subscribed":true,"community_notifications_enabled":null,"description":null}],"recoubs_count":357,"remixes_count":1,"likes_count":2245,"dislikes_count":0,"raw_video_id":16761762,"uploaded_by_ios_app":false,"uploaded_by_android_app":true,"media_blocks":{"uploaded_raw_videos":[],"external_raw_videos":[{"id":39650027,"title":"Полируют мохнатку 😂😂👍","url":"https://www.youtube.com/watch?v=TruqNKO8Zws","image":"https://coub-anubis-a.akamaized.net/coub_storage/media_block/cw_image/fd1fcbdd180/ce117c67f0c200e2169a5/video_1631420118_ebz1ay_1631420112_1631420112_1snd9o3_att-url-download.jpg_sqp_-oaymwEcCNACELwBSFXyq4qpAw4IARUAAIhCGAFwAcABBg___rs_AOn4CLAAAr0RejvR1dtQAKrLUL9qXhRghg","image_retina":"https://coub-anubis-a.akamaized.net/coub_storage/media_block/cw_image/fd1fcbdd180/ce117c67f0c200e2169a5/video_retina_1631420118_ebz1ay_1631420112_1631420112_1snd9o3_att-url-download.jpg_sqp_-oaymwEcCNACELwBSFXyq4qpAw4IARUAAIhCGAFwAcABBg___rs_AOn4CLAAAr0RejvR1dtQAKrLUL9qXhRghg","meta":{"service":"Youtube","duration":"10.08"},"duration":10.08,"raw_video_id":16761762,"has_embed":true}],"remixed_from_coubs":[],"external_video":{"id":39650027,"title":"Полируют мохнатку 😂😂👍","url":"https://www.youtube.com/watch?v=TruqNKO8Zws","image":"https://coub-anubis-a.akamaized.net/coub_storage/media_block/cw_image/fd1fcbdd180/ce117c67f0c200e2169a5/video_1631420118_ebz1ay_1631420112_1631420112_1snd9o3_att-url-download.jpg_sqp_-oaymwEcCNACELwBSFXyq4qpAw4IARUAAIhCGAFwAcABBg___rs_AOn4CLAAAr0RejvR1dtQAKrLUL9qXhRghg","image_retina":"https://coub-anubis-a.akamaized.net/coub_storage/media_block/cw_image/fd1fcbdd180/ce117c67f0c200e2169a5/video_retina_1631420118_ebz1ay_1631420112_1631420112_1snd9o3_att-url-download.jpg_sqp_-oaymwEcCNACELwBSFXyq4qpAw4IARUAAIhCGAFwAcABBg___rs_AOn4CLAAAr0RejvR1dtQAKrLUL9qXhRghg","meta":{"service":"Youtube","duration":"10.08"},"duration":10.08,"raw_video_id":16761762,"has_embed":true}},"raw_video_thumbnail_url":"https://coub-anubis-a.akamaized.net/coub_storage/raw_video/cw_image/aa2a61b595a/530683b730817424a51a4/coub_media_1631420112_1631420112_1snd9o3_att-url-download.jpg_sqp_-oaymwEcCNACELwBSFXyq4qpAw4IARUAAIhCGAFwAcABBg___rs_AOn4CLAAAr0RejvR1dtQAKrLUL9qXhRghg","raw_video_title":"Полируют мохнатку 😂😂👍","video_block_banned":false,"duration":8.04,"promo_winner":false,"promo_winner_recoubers":null,"editorial_info":{},"promo_hint":null,"beeline_best_2014":null,"from_web_editor":false,"normalize_sound":true,"normalize_change_allowed":true,"best2015_addable":false,"ahmad_promo":null,"promo_data":null,"audio_copyright_claim":null,"ads_disabled":false,"is_safe_for_ads":true,"megafon_contents":[],"position_on_page":3},{"flag":null,"abuses":null,"recoubs_by_users_channels":null,"favourite":false,"promoted_id":null,"recoub":null,"like":null,"dislike":null,"reaction":null,"in_my_best2015":false,"id":138014002,"type":"Coub::Simple","permalink":"29tmy1","title":"как нужно правильно расслабляться.","visibility_type":"public","original_visibility_type":"public","channel_id":3552848,"created_at":"2020-02-26T09:48:30Z","updated_at":"2022-03-12T09:22:03Z","is_done":true,"views_count":258866,"cotd":null,"cotd_at":null,"visible_on_explore_root":false,"visible_on_explore":false,"featured":false,"published":true,"published_at":"2020-02-26T09:48:30Z","reversed":false,"from_editor_v2":true,"is_editable":true,"original_sound":true,"has_sound":true,"recoub_to":null,"file_versions":{"html5":{"video":{"higher":{"url":"https://coub-anubis-a.akamaized.net/coub_storage/coub/simple/cw_file/a1cf45f7f68/9fcb087ef45ec73c2d749/muted_mp4_huge_size_1582710518_muted_huge.mp4","size":1618021},"high":{"url":"https://coub-anubis-a.akamaized.net/coub_storage/coub/simple/cw_file/a1cf45f7f68/9fcb087ef45ec73c2d749/muted_mp4_big_size_1582710518_muted_big.mp4","size":1283924},"med":{"url":"https://coub-anubis-a.akamaized.net/coub_storage/coub/simple/cw_file/a1cf45f7f68/9fcb087ef45ec73c2d749/muted_mp4_med_size_1582710518_muted_med.mp4","size":299101}},"audio":{"high":{"url":"https://coub-anubis-a.akamaized.net/coub_storage/coub/simple/cw_looped_audio_high/79542b3b5be/0821995ba8e7204e67c2c/1605706724_high_1582710519_high.mp3","size":840514},"med":{"url":"https://coub-anubis-a.akamaized.net/coub_storage/coub/simple/cw_looped_audio_med/7ef19a435e7/15fa6dd16eb5f8dd912ee/1605706723_med_1582710519_med.mp3","size":798712},"sample_duration":10.008}},"mobile":{"video":"https://coub-anubis-a.akamaized.net/coub_storage/coub/simple/cw_file/a1cf45f7f68/9fcb087ef45ec73c2d749/muted_mp4_med_size_1582710518_muted_med.mp4","audio":["https://coub-anubis-a.akamaized.net/coub_storage/coub/simple/cw_looped_audio_med/7ef19a435e7/15fa6dd16eb5f8dd912ee/1605706723_med_1582710519_med.mp3"]},"share":{"default":"https://coub-anubis-a.akamaized.net/coub_storage/coub/simple/cw_video_for_sharing/ebf2c6a7b06/84cebc860a58a8cd97f81/1608907606_looped_1608907605.mp4"}},"audio_versions":{},"image_versions":{"template":"https://coub-anubis-a.akamaized.net/coub_storage/coub/simple/cw_image/a86d2431d43/8bd90873fd60b3b0decc2/1582710525_00032.jpg","versions":["micro","tiny","age_restricted","ios_large","ios_mosaic","big","med","small","pinterest"]},"first_frame_versions":{"template":"https://coub-anubis-a.akamaized.net/coub_storage/coub/simple/cw_timeline_pic/8c8f44b73ef/1e5b82a2f489754d783dc/%{version}_1582710524_image.jpg","versions":["big","med","small","ios_large"]},"dimensions":{"big":[1280,720],"med":[640,360]},"site_w_h":[640,360],"page_w_h":[640,360],"site_w_h_small":[310,174],"size":[1280,720],"age_restricted":false,"age_restricted_by_admin":false,"not_safe_for_work":false,"allow_reuse":false,"dont_crop":false,"banned":false,"global_safe":false,"audio_file_url":null,"external_download":false,"application":null,"channel":{"id":3552848,"permalink":"plodge00","title":"plODge","description":null,"followers_count":80,"following_count":0,"avatar_versions":{"template":"https://coub-anubis-a.akamaized.net/coub_storage/channel/cw_avatar/9712a04558c/bd11033ea0a9fe4858b3f/%{version}_1607424527_xc0kar_1493357822_2d6.jpg","versions":["medium","medium_2x","profile_pic","profile_pic_new","profile_pic_new_2x","tiny","tiny_2x","small","small_2x","ios_large","ios_small"]}},"file":null,"picture":"https://coub-anubis-a.akamaized.net/coub_storage/coub/simple/cw_image/a86d2431d43/8bd90873fd60b3b0decc2/1582710525_00032.jpg","timeline_picture":"https://coub-anubis-a.akamaized.net/coub_storage/coub/simple/cw_timeline_pic/8c8f44b73ef/1e5b82a2f489754d783dc/ios_large_1582710524_image.jpg","small_picture":"https://coub-anubis-a.akamaized.net/coub_storage/coub/simple/cw_image/a86d2431d43/8bd90873fd60b3b0decc2/1582710525_00032.jpg","sharing_picture":null,"percent_done":100,"tags":[],"categories":[{"id":12,"title":"Sports","permalink":"sports","subscriptions_count":10057526,"big_image_url":"https://coub-anubis-a.akamaized.net/coub_storage/category/cw_image/f582005153c/999b059f60e79e58836fc/big_1544760276_sport2.png","small_image_url":"https://coub-anubis-a.akamaized.net/coub_storage/category/cw_image/f582005153c/999b059f60e79e58836fc/small_1544760276_sport2.png","med_image_url":"https://coub-anubis-a.akamaized.net/coub_storage/category/cw_image/f582005153c/999b059f60e79e58836fc/med_1544760276_sport2.png","visible":true}],"communities":[{"id":12,"title":"Sports","permalink":"sports","subscriptions_count":10057526,"big_image_url":"https://coub-anubis-a.akamaized.net/coub_storage/category/cw_image/f582005153c/999b059f60e79e58836fc/big_1544760276_sport2.png","small_image_url":"https://coub-anubis-a.akamaized.net/coub_storage/category/cw_image/f582005153c/999b059f60e79e58836fc/small_1544760276_sport2.png","med_image_url":"https://coub-anubis-a.akamaized.net/coub_storage/category/cw_image/f582005153c/999b059f60e79e58836fc/med_1544760276_sport2.png","i_subscribed":true,"community_notifications_enabled":null,"description":null}],"recoubs_count":512,"remixes_count":5,"likes_count":2243,"dislikes_count":0,"raw_video_id":14865847,"uploaded_by_ios_app":false,"uploaded_by_android_app":false,"media_blocks":{"uploaded_raw_videos":[],"external_raw_videos":[],"remixed_from_coubs":[]},"raw_video_thumbnail_url":"/missing/missing.png","raw_video_title":"________.avi","video_block_banned":false,"duration":10.0,"promo_winner":false,"promo_winner_recoubers":null,"editorial_info":{},"promo_hint":null,"beeline_best_2014":null,"from_web_editor":true,"normalize_sound":true,"normalize_change_allowed":true,"best2015_addable":false,"ahmad_promo":null,"promo_data":null,"audio_copyright_claim":null,"ads_disabled":false,"is_safe_for_ads":true,"megafon_contents":[],"position_on_page":4},{"flag":null,"abuses":null,"recoubs_by_users_channels":null,"favourite":false,"promoted_id":null,"recoub":null,"like":null,"dislike":null,"reaction":null,"in_my_best2015":false,"id":7910613,"type":"Coub::Simple","permalink":"49eif","title":" Biking in Africa ","visibility_type":"public","original_visibility_type":"public","channel_id":11186,"created_at":"2014-12-08T12:58:37Z","updated_at":"2022-03-15T22:26:03Z","is_done":true,"views_count":132021,"cotd":null,"cotd_at":null,"visible_on_explore_root":true,"visible_on_explore":true,"featured":true,"published":true,"published_at":"2014-12-08T12:58:37Z","reversed":false,"from_editor_v2":true,"is_editable":true,"original_sound":false,"has_sound":false,"recoub_to":null,"file_versions":{"html5":{"video":{"higher":{"url":"https://coub-anubis-a.akamaized.net/coub_storage/coub/simple/cw_file/1e12914a8bf/0eb55659735a3f1e3e44e/muted_mp4_huge_size_1567742230_muted_huge.mp4","size":2563492},"high":{"url":"https://coub-anubis-a.akamaized.net/coub_storage/coub/simple/cw_file/1e12914a8bf/0eb55659735a3f1e3e44e/muted_mp4_big_size_1567742230_muted_big.mp4","size":1815837},"med":{"url":"https://coub-anubis-a.akamaized.net/coub_storage/coub/simple/cw_file/1e12914a8bf/0eb55659735a3f1e3e44e/muted_mp4_med_size_1567742230_muted_med.mp4","size":489649}},"audio":{"high":{"url":"https://coub-anubis-a.akamaized.net/coub_storage/coub/simple/cw_looped_audio_high/c405df57644/61dddf3704d2c243d82b2/1605439246_high_1445970330_high.mp3","size":3151620},"med":{"url":"https://coub-anubis-a.akamaized.net/coub_storage/coub/simple/cw_looped_audio_med/3040f075040/9c71934918c73793ddfde/1605439246_med_1445970330_med.mp3","size":2101079}}},"mobile":{"video":"https://coub-anubis-a.akamaized.net/coub_storage/coub/simple/cw_file/1e12914a8bf/0eb55659735a3f1e3e44e/muted_mp4_med_size_1567742230_muted_med.mp4","audio":["https://coub-anubis-a.akamaized.net/coub_storage/coub/simple/cw_looped_audio_med/3040f075040/9c71934918c73793ddfde/1605439246_med_1445970330_med.mp3"]},"share":{"default":"https://coub-anubis-a.akamaized.net/coub_storage/coub/simple/cw_video_for_sharing/93a475be489/520ad1a577edf70ed4405/1623355579_looped_1623355578.mp4"}},"audio_versions":{"template":"https://coub-anubis-a.akamaized.net/coub_storage/audio_track/cw_normalized_copy/026870316aa/8c12b2dc5793b87ba7122/mid_1480354405_1bpn4pn_normalized_1471092440_audio.mp3","versions":["mid","low"]},"image_versions":{"template":"https://coub-anubis-a.akamaized.net/coub_storage/coub/simple/cw_image/97c6de03a84/59e592f5bf4eae1d13eb1/1418043868_00032.jpg","versions":["micro","tiny","age_restricted","ios_large","ios_mosaic","big","med","small","pinterest"]},"first_frame_versions":{"template":"https://coub-anubis-a.akamaized.net/coub_storage/coub/simple/cw_timeline_pic/97c6de03a84/59e592f5bf4eae1d13eb1/%{version}_1418043866_image.jpg","versions":["big","med","small","ios_large"]},"dimensions":{"big":[1280,720],"med":[640,360]},"site_w_h":[640,360],"page_w_h":[640,360],"site_w_h_small":[310,174],"size":[1280,720],"age_restricted":false,"age_restricted_by_admin":false,"not_safe_for_work":null,"allow_reuse":false,"dont_crop":false,"banned":false,"global_safe":true,"audio_file_url":"https://coub-anubis-a.akamaized.net/coub_storage/audio_track/cw_normalized_copy/026870316aa/8c12b2dc5793b87ba7122/low_1480354405_1bpn4pn_normalized_1471092440_audio.mp3","external_download":{"type":"Youtube","service_name":"YouTube","url":"http://www.youtube.com/watch?v=ckpwSAv5we8","has_embed":true},"application":null,"channel":{"id":11186,"permalink":"krum.krumov.904","title":"Krum Krumov","description":null,"followers_count":7671,"following_count":641,"avatar_versions":{"template":"https://coub-anubis-a.akamaized.net/coub_storage/channel/cw_avatar/c9998d578b6/0fb81d79f091bccc59980/%{version}_1525067093_550954_395157893861045_2103499066_n.jpg","versions":["medium","medium_2x","profile_pic","profile_pic_new","profile_pic_new_2x","tiny","tiny_2x","small","small_2x","ios_large","ios_small"]}},"file":null,"picture":"https://coub-anubis-a.akamaized.net/coub_storage/coub/simple/cw_image/97c6de03a84/59e592f5bf4eae1d13eb1/1418043868_00032.jpg","timeline_picture":"https://coub-anubis-a.akamaized.net/coub_storage/coub/simple/cw_timeline_pic/97c6de03a84/59e592f5bf4eae1d13eb1/ios_large_1418043866_image.jpg","small_picture":"https://coub-anubis-a.akamaized.net/coub_storage/coub/simple/cw_image/97c6de03a84/59e592f5bf4eae1d13eb1/1418043868_00032.jpg","sharing_picture":null,"percent_done":100,"tags":[{"id":5149,"title":"redbull","value":"redbull"},{"id":7161,"title":"red bull","value":"red%20bull"},{"id":30706,"title":"trek","value":"trek"},{"id":20709,"title":"specialized","value":"specialized"},{"id":665,"title":"sports","value":"sports"},{"id":3900,"title":"action","value":"action"},{"id":1671,"title":"extreme","value":"extreme"},{"id":3116,"title":"trail","value":"trail"},{"id":624765,"title":"kyle jameson","value":"kyle%20jameson"},{"id":4153,"title":"adventure","value":"adventure"},{"id":2940,"title":"travel","value":"travel"},{"id":624764,"title":"nambia","value":"nambia"},{"id":1667,"title":"africa","value":"africa"},{"id":66518,"title":"whip","value":"whip"},{"id":12712,"title":"jumps","value":"jumps"},{"id":12703,"title":"tricks","value":"tricks"},{"id":33246,"title":"enduro","value":"enduro"},{"id":89801,"title":"dh","value":"dh"},{"id":4945,"title":"downhill","value":"downhill"},{"id":12335,"title":"riding","value":"riding"},{"id":6283,"title":"biking","value":"biking"},{"id":12149,"title":"dirt","value":"dirt"},{"id":2107,"title":"ride","value":"ride"},{"id":339,"title":"bike","value":"bike"},{"id":1670,"title":"mtb","value":"mtb"},{"id":905,"title":"mountain","value":"mountain"}],"categories":[{"id":12,"title":"Sports","permalink":"sports","subscriptions_count":10057526,"big_image_url":"https://coub-anubis-a.akamaized.net/coub_storage/category/cw_image/f582005153c/999b059f60e79e58836fc/big_1544760276_sport2.png","small_image_url":"https://coub-anubis-a.akamaized.net/coub_storage/category/cw_image/f582005153c/999b059f60e79e58836fc/small_1544760276_sport2.png","med_image_url":"https://coub-anubis-a.akamaized.net/coub_storage/category/cw_image/f582005153c/999b059f60e79e58836fc/med_1544760276_sport2.png","visible":true}],"communities":[{"id":12,"title":"Sports","permalink":"sports","subscriptions_count":10057526,"big_image_url":"https://coub-anubis-a.akamaized.net/coub_storage/category/cw_image/f582005153c/999b059f60e79e58836fc/big_1544760276_sport2.png","small_image_url":"https://coub-anubis-a.akamaized.net/coub_storage/category/cw_image/f582005153c/999b059f60e79e58836fc/small_1544760276_sport2.png","med_image_url":"https://coub-anubis-a.akamaized.net/coub_storage/category/cw_image/f582005153c/999b059f60e79e58836fc/med_1544760276_sport2.png","i_subscribed":true,"community_notifications_enabled":null,"description":null}],"recoubs_count":636,"remixes_count":2,"likes_count":2243,"dislikes_count":0,"raw_video_id":986133,"uploaded_by_ios_app":false,"uploaded_by_android_app":false,"media_blocks":{"uploaded_raw_videos":[],"external_raw_videos":[{"id":11581271,"title":"Downhill Mountain Biking in the Wilds of Africa","url":"http://www.youtube.com/watch?v=ckpwSAv5we8","image":"https://coub-anubis-a.akamaized.net/coub_storage/media_block/cw_image/87d6275a95f/2a530040cab910d396b18/1492486786_1418041953_1189yl1_att-url-download.jpg","image_retina":"https://coub-anubis-a.akamaized.net/coub_storage/media_block/cw_image/87d6275a95f/2a530040cab910d396b18/1492486786_1418041953_1189yl1_att-url-download.jpg","meta":{"service":"Youtube","duration":"401.36"},"duration":401.36,"raw_video_id":986133,"has_embed":true}],"remixed_from_coubs":[],"external_video":{"id":11581271,"title":"Downhill Mountain Biking in the Wilds of Africa","url":"http://www.youtube.com/watch?v=ckpwSAv5we8","image":"https://coub-anubis-a.akamaized.net/coub_storage/media_block/cw_image/87d6275a95f/2a530040cab910d396b18/1492486786_1418041953_1189yl1_att-url-download.jpg","image_retina":"https://coub-anubis-a.akamaized.net/coub_storage/media_block/cw_image/87d6275a95f/2a530040cab910d396b18/1492486786_1418041953_1189yl1_att-url-download.jpg","meta":{"service":"Youtube","duration":"401.36"},"duration":401.36,"raw_video_id":986133,"has_embed":true},"audio_track":{"id":19464223,"title":"Unknown","url":null,"image":null,"image_retina":null,"meta":{"year":"0","album":null,"title":"Unknown","artist":null,"echonest_id":null},"duration":null,"amazon_url":null,"google_play_url":null,"bandcamp_url":null,"soundcloud_url":null,"track_name":null,"track_artist":null,"track_album":null,"itunes_url":null}},"raw_video_thumbnail_url":"/missing/missing.png","raw_video_title":"Downhill Mountain Biking in the Wilds of Africa","video_block_banned":false,"duration":10.0,"promo_winner":false,"promo_winner_recoubers":null,"editorial_info":{},"promo_hint":null,"beeline_best_2014":null,"from_web_editor":true,"normalize_sound":true,"normalize_change_allowed":true,"best2015_addable":false,"ahmad_promo":null,"promo_data":null,"audio_copyright_claim":null,"ads_disabled":null,"is_safe_for_ads":true,"megafon_contents":[],"position_on_page":5},{"flag":null,"abuses":null,"recoubs_by_users_channels":null,"favourite":false,"promoted_id":null,"recoub":null,"like":null,"dislike":null,"reaction":null,"in_my_best2015":false,"id":80046790,"type":"Coub::Simple","permalink":"1b91mq","title":"Jet Engine","visibility_type":"public","original_visibility_type":"public","channel_id":1665041,"created_at":"2018-07-18T14:51:58Z","updated_at":"2022-03-06T13:55:45Z","is_done":true,"views_count":211362,"cotd":null,"cotd_at":null,"visible_on_explore_root":true,"visible_on_explore":true,"featured":true,"published":true,"published_at":"2018-07-18T14:51:57Z","reversed":false,"from_editor_v2":true,"is_editable":true,"original_sound":false,"has_sound":false,"recoub_to":null,"file_versions":{"html5":{"video":{"higher":{"url":"https://coub-anubis-a.akamaized.net/coub_storage/coub/simple/cw_file/a2daf4679b5/7a61f8dab657705087e0f/muted_mp4_huge_size_1568260001_muted_huge.mp4","size":6294272},"high":{"url":"https://coub-anubis-a.akamaized.net/coub_storage/coub/simple/cw_file/a2daf4679b5/7a61f8dab657705087e0f/muted_mp4_big_size_1568260001_muted_big.mp4","size":4859741},"med":{"url":"https://coub-anubis-a.akamaized.net/coub_storage/coub/simple/cw_file/a2daf4679b5/7a61f8dab657705087e0f/muted_mp4_med_size_1568260001_muted_med.mp4","size":1367053}},"audio":{"high":{"url":"https://coub-anubis-a.akamaized.net/coub_storage/coub/simple/cw_looped_audio_high/26539eac362/f6499454a61323a617a7d/1605616607_high_1531925684_high.mp3","size":1625051},"med":{"url":"https://coub-anubis-a.akamaized.net/coub_storage/coub/simple/cw_looped_audio_med/48abf64ca22/3ed5d40e03fa8bbde4255/1605616606_med_1531925684_med.mp3","size":1304793}}},"mobile":{"video":"https://coub-anubis-a.akamaized.net/coub_storage/coub/simple/cw_file/a2daf4679b5/7a61f8dab657705087e0f/muted_mp4_med_size_1568260001_muted_med.mp4","audio":["https://coub-anubis-a.akamaized.net/coub_storage/coub/simple/cw_looped_audio_med/48abf64ca22/3ed5d40e03fa8bbde4255/1605616606_med_1531925684_med.mp3"]},"share":{"default":"https://coub-anubis-a.akamaized.net/coub_storage/coub/simple/cw_video_for_sharing/6ccbab3d281/a22b450c13be7d85c814d/1611173734_looped_1611173733.mp4"}},"audio_versions":{"template":"https://coub-anubis-a.akamaized.net/coub_storage/audio_track/cw_file/1ec94ff3783/c6ab8931c291c43be7132/mid_1531925672_1s1uc9h_edited.mp3","versions":["mid","low"]},"image_versions":{"template":"https://coub-anubis-a.akamaized.net/coub_storage/coub/simple/cw_image/795539e8f67/dfda7c954085e7253d46d/1531925695_00032.jpg","versions":["micro","tiny","age_restricted","ios_large","ios_mosaic","big","med","small","pinterest"]},"first_frame_versions":{"template":"https://coub-anubis-a.akamaized.net/coub_storage/coub/simple/cw_timeline_pic/61c4db7941f/05503532ffec837d26495/1531925694_image.jpg","versions":["big","med","small","ios_large"]},"dimensions":{"big":[1280,720],"med":[640,360]},"site_w_h":[640,360],"page_w_h":[640,360],"site_w_h_small":[310,174],"size":[1280,720],"age_restricted":false,"age_restricted_by_admin":false,"not_safe_for_work":false,"allow_reuse":false,"dont_crop":false,"banned":false,"global_safe":true,"audio_file_url":"https://coub-anubis-a.akamaized.net/coub_storage/audio_track/cw_file/1ec94ff3783/c6ab8931c291c43be7132/low_1531925672_1s1uc9h_edited.mp3","external_download":{"type":"Youtube","service_name":"YouTube","url":"http://www.youtube.com/watch?time_continue=205&v=-kB-BGMXxZc","has_embed":true},"application":null,"channel":{"id":1665041,"permalink":"couboy17","title":"Couboy","description":null,"followers_count":9661,"following_count":13,"avatar_versions":{"template":"https://coub-anubis-a.akamaized.net/coub_storage/channel/cw_avatar/1ac4cca29db/9a2fd5f9d706f34c5cee3/%{version}_1607420386_1f5r0z8_1476444266_______________Majorno.Ru___3_1.jpg","versions":["medium","medium_2x","profile_pic","profile_pic_new","profile_pic_new_2x","tiny","tiny_2x","small","small_2x","ios_large","ios_small"]}},"file":null,"picture":"https://coub-anubis-a.akamaized.net/coub_storage/coub/simple/cw_image/795539e8f67/dfda7c954085e7253d46d/1531925695_00032.jpg","timeline_picture":"https://coub-anubis-a.akamaized.net/coub_storage/coub/simple/cw_timeline_pic/61c4db7941f/05503532ffec837d26495/1531925694_image.jpg","small_picture":"https://coub-anubis-a.akamaized.net/coub_storage/coub/simple/cw_image/795539e8f67/dfda7c954085e7253d46d/1531925695_00032.jpg","sharing_picture":null,"percent_done":100,"tags":[{"id":265492,"title":"flying man","value":"flying%20man"},{"id":71664,"title":"human flight","value":"human%20flight"},{"id":4138321,"title":"racing a lamborghini","value":"racing%20a%20lamborghini"},{"id":2564,"title":"flying","value":"flying"},{"id":9965,"title":"racing","value":"racing"},{"id":298570,"title":"flying human","value":"flying%20human"},{"id":30359,"title":"lamborghini","value":"lamborghini"},{"id":2992,"title":"insane","value":"insane"},{"id":413498,"title":"100 mph","value":"100%20mph"},{"id":239954,"title":"jet engine","value":"jet%20engine"},{"id":240504,"title":"8k","value":"8k"},{"id":20035,"title":"devinsupertramp","value":"devinsupertramp"},{"id":143469,"title":"flyboard","value":"flyboard"},{"id":1424144,"title":"flyboard air","value":"flyboard%20air"},{"id":4138322,"title":"human travel","value":"human%20travel"},{"id":379975,"title":"future travel","value":"future%20travel"},{"id":965940,"title":"jet fuel","value":"jet%20fuel"},{"id":12705,"title":"stunts","value":"stunts"},{"id":100128,"title":"zapata","value":"zapata"},{"id":350526,"title":"franky zapata","value":"franky%20zapata"}],"categories":[{"id":12,"title":"Sports","permalink":"sports","subscriptions_count":10057526,"big_image_url":"https://coub-anubis-a.akamaized.net/coub_storage/category/cw_image/f582005153c/999b059f60e79e58836fc/big_1544760276_sport2.png","small_image_url":"https://coub-anubis-a.akamaized.net/coub_storage/category/cw_image/f582005153c/999b059f60e79e58836fc/small_1544760276_sport2.png","med_image_url":"https://coub-anubis-a.akamaized.net/coub_storage/category/cw_image/f582005153c/999b059f60e79e58836fc/med_1544760276_sport2.png","visible":true}],"communities":[{"id":12,"title":"Sports","permalink":"sports","subscriptions_count":10057526,"big_image_url":"https://coub-anubis-a.akamaized.net/coub_storage/category/cw_image/f582005153c/999b059f60e79e58836fc/big_1544760276_sport2.png","small_image_url":"https://coub-anubis-a.akamaized.net/coub_storage/category/cw_image/f582005153c/999b059f60e79e58836fc/small_1544760276_sport2.png","med_image_url":"https://coub-anubis-a.akamaized.net/coub_storage/category/cw_image/f582005153c/999b059f60e79e58836fc/med_1544760276_sport2.png","i_subscribed":true,"community_notifications_enabled":null,"description":null}],"recoubs_count":558,"remixes_count":1,"likes_count":2242,"dislikes_count":0,"raw_video_id":12060991,"uploaded_by_ios_app":false,"uploaded_by_android_app":false,"media_blocks":{"uploaded_raw_videos":[],"external_raw_videos":[{"id":27350108,"title":"Jet Engines Strapped to Feet Going 103.4 MPH! In 8K!","url":"https://www.youtube.com/watch?v=-kB-BGMXxZc","image":"https://coub-anubis-a.akamaized.net/coub_storage/media_block/cw_image/6c1dbe9d3a8/18e81575ebaaa64db186a/1531924479_1531924442_10tm3k8_att-url-download.jpg","image_retina":"https://coub-anubis-a.akamaized.net/coub_storage/media_block/cw_image/6c1dbe9d3a8/18e81575ebaaa64db186a/1531924479_1531924442_10tm3k8_att-url-download.jpg","meta":{"service":"Youtube","duration":"221.6"},"duration":221.6,"raw_video_id":12060991,"has_embed":true}],"remixed_from_coubs":[],"external_video":{"id":27350108,"title":"Jet Engines Strapped to Feet Going 103.4 MPH! In 8K!","url":"https://www.youtube.com/watch?v=-kB-BGMXxZc","image":"https://coub-anubis-a.akamaized.net/coub_storage/media_block/cw_image/6c1dbe9d3a8/18e81575ebaaa64db186a/1531924479_1531924442_10tm3k8_att-url-download.jpg","image_retina":"https://coub-anubis-a.akamaized.net/coub_storage/media_block/cw_image/6c1dbe9d3a8/18e81575ebaaa64db186a/1531924479_1531924442_10tm3k8_att-url-download.jpg","meta":{"service":"Youtube","duration":"221.6"},"duration":221.6,"raw_video_id":12060991,"has_embed":true}},"raw_video_thumbnail_url":"/missing/missing.png","raw_video_title":"Jet Engines Strapped to Feet Going 103.4 MPH! In 8K!","video_block_banned":false,"duration":10.0,"promo_winner":false,"promo_winner_recoubers":null,"editorial_info":{},"promo_hint":null,"beeline_best_2014":null,"from_web_editor":true,"normalize_sound":false,"normalize_change_allowed":true,"best2015_addable":false,"ahmad_promo":null,"promo_data":null,"audio_copyright_claim":null,"ads_disabled":false,"is_safe_for_ads":true,"megafon_contents":[],"position_on_page":6},{"flag":null,"abuses":null,"recoubs_by_users_channels":null,"favourite":false,"promoted_id":null,"recoub":null,"like":null,"dislike":null,"reaction":null,"in_my_best2015":false,"id":77039401,"type":"Coub::Simple","permalink":"19gl3j","title":"чсв","visibility_type":"public","original_visibility_type":"public","channel_id":544432,"created_at":"2018-06-13T06:21:18Z","updated_at":"2022-03-02T05:47:32Z","is_done":true,"views_count":166329,"cotd":null,"cotd_at":null,"visible_on_explore_root":false,"visible_on_explore":false,"featured":false,"published":true,"published_at":"2018-06-13T06:21:18Z","reversed":false,"from_editor_v2":true,"is_editable":true,"original_sound":true,"has_sound":true,"recoub_to":null,"file_versions":{"html5":{"video":{"higher":{"url":"https://coub-anubis-a.akamaized.net/coub_storage/coub/simple/cw_file/17a91b4b03a/322dbd7032d5e0ee25fff/muted_mp4_huge_size_1568246107_muted_huge.mp4","size":3551877},"high":{"url":"https://coub-anubis-a.akamaized.net/coub_storage/coub/simple/cw_file/17a91b4b03a/322dbd7032d5e0ee25fff/muted_mp4_big_size_1568246107_muted_big.mp4","size":2590431},"med":{"url":"https://coub-anubis-a.akamaized.net/coub_storage/coub/simple/cw_file/17a91b4b03a/322dbd7032d5e0ee25fff/muted_mp4_med_size_1568246107_muted_med.mp4","size":829116}},"audio":{"high":{"url":"https://coub-anubis-a.akamaized.net/coub_storage/coub/simple/cw_looped_audio_high/4c5d693b1fd/1f2c88e471f4b434a5729/1605622001_high_1528870898_high.mp3","size":840424},"med":{"url":"https://coub-anubis-a.akamaized.net/coub_storage/coub/simple/cw_looped_audio_med/feffcc3dd45/c0b3350eee9b54896947e/1605622001_med_1528870898_med.mp3","size":811899},"sample_duration":10.17}},"mobile":{"video":"https://coub-anubis-a.akamaized.net/coub_storage/coub/simple/cw_file/17a91b4b03a/322dbd7032d5e0ee25fff/muted_mp4_med_size_1568246107_muted_med.mp4","audio":["https://coub-anubis-a.akamaized.net/coub_storage/coub/simple/cw_looped_audio_med/feffcc3dd45/c0b3350eee9b54896947e/1605622001_med_1528870898_med.mp3"]},"share":{"default":"https://coub-anubis-a.akamaized.net/coub_storage/coub/simple/cw_video_for_sharing/c88cdc44d98/bd92135b35cb930b90506/1609668575_looped_1609668574.mp4"}},"audio_versions":{},"image_versions":{"template":"https://coub-anubis-a.akamaized.net/coub_storage/coub/simple/cw_image/462e5d5fd83/ecd4f3de66ff621606ca1/1528870906_00032.jpg","versions":["micro","tiny","age_restricted","ios_large","ios_mosaic","big","med","small","pinterest"]},"first_frame_versions":{"template":"https://coub-anubis-a.akamaized.net/coub_storage/coub/simple/cw_timeline_pic/78b2451abb0/c7ecb5e5c4bb1336ebd69/%{version}_1528870905_image.jpg","versions":["big","med","small","ios_large"]},"dimensions":{"big":[1280,720],"med":[640,360]},"site_w_h":[640,360],"page_w_h":[640,360],"site_w_h_small":[310,174],"size":[1280,720],"age_restricted":false,"age_restricted_by_admin":false,"not_safe_for_work":false,"allow_reuse":false,"dont_crop":false,"banned":false,"global_safe":false,"audio_file_url":null,"external_download":{"type":"Vk","service_name":"Vk","url":"http://vk.com/videos-57846937?z=video-57846937_456254662%2Fclub57846937%2Fpl_-57846937_-2","has_embed":false},"application":null,"channel":{"id":544432,"permalink":"eugeni.kardel","title":"Mojo19","description":"410014766040836 yandex money","followers_count":117,"following_count":7,"avatar_versions":{"template":"https://coub-anubis-a.akamaized.net/coub_storage/channel/cw_avatar/9648abb6ee9/df9d542ce235988ec576e/%{version}_1608015258_19x1fra_1474514240_huy-tebe_22162346_orig_.jpeg","versions":["medium","medium_2x","profile_pic","profile_pic_new","profile_pic_new_2x","tiny","tiny_2x","small","small_2x","ios_large","ios_small"]}},"file":null,"picture":"https://coub-anubis-a.akamaized.net/coub_storage/coub/simple/cw_image/462e5d5fd83/ecd4f3de66ff621606ca1/1528870906_00032.jpg","timeline_picture":"https://coub-anubis-a.akamaized.net/coub_storage/coub/simple/cw_timeline_pic/78b2451abb0/c7ecb5e5c4bb1336ebd69/ios_large_1528870905_image.jpg","small_picture":"https://coub-anubis-a.akamaized.net/coub_storage/coub/simple/cw_image/462e5d5fd83/ecd4f3de66ff621606ca1/1528870906_00032.jpg","sharing_picture":null,"percent_done":100,"tags":[],"categories":[{"id":12,"title":"Sports","permalink":"sports","subscriptions_count":10057526,"big_image_url":"https://coub-anubis-a.akamaized.net/coub_storage/category/cw_image/f582005153c/999b059f60e79e58836fc/big_1544760276_sport2.png","small_image_url":"https://coub-anubis-a.akamaized.net/coub_storage/category/cw_image/f582005153c/999b059f60e79e58836fc/small_1544760276_sport2.png","med_image_url":"https://coub-anubis-a.akamaized.net/coub_storage/category/cw_image/f582005153c/999b059f60e79e58836fc/med_1544760276_sport2.png","visible":true}],"communities":[{"id":12,"title":"Sports","permalink":"sports","subscriptions_count":10057526,"big_image_url":"https://coub-anubis-a.akamaized.net/coub_storage/category/cw_image/f582005153c/999b059f60e79e58836fc/big_1544760276_sport2.png","small_image_url":"https://coub-anubis-a.akamaized.net/coub_storage/category/cw_image/f582005153c/999b059f60e79e58836fc/small_1544760276_sport2.png","med_image_url":"https://coub-anubis-a.akamaized.net/coub_storage/category/cw_image/f582005153c/999b059f60e79e58836fc/med_1544760276_sport2.png","i_subscribed":true,"community_notifications_enabled":null,"description":null}],"recoubs_count":505,"remixes_count":0,"likes_count":2241,"dislikes_count":0,"raw_video_id":11875481,"uploaded_by_ios_app":false,"uploaded_by_android_app":false,"media_blocks":{"uploaded_raw_videos":[],"external_raw_videos":[{"id":26846349,"title":"Вратарь тащит команду","url":"https://vk.com/video-57846937_456254662","image":"https://coub-anubis-a.akamaized.net/coub_storage/media_block/cw_image/d6d69dc1ff9/1dadd46a8a304f28e923f/1528870702_1528870693_1a0hd2z_att-url-download.jpg","image_retina":"https://coub-anubis-a.akamaized.net/coub_storage/media_block/cw_image/d6d69dc1ff9/1dadd46a8a304f28e923f/1528870702_1528870693_1a0hd2z_att-url-download.jpg","meta":{"service":"Vk","duration":"19.16"},"duration":19.16,"raw_video_id":11875481,"has_embed":false}],"remixed_from_coubs":[],"external_video":{"id":26846349,"title":"Вратарь тащит команду","url":"https://vk.com/video-57846937_456254662","image":"https://coub-anubis-a.akamaized.net/coub_storage/media_block/cw_image/d6d69dc1ff9/1dadd46a8a304f28e923f/1528870702_1528870693_1a0hd2z_att-url-download.jpg","image_retina":"https://coub-anubis-a.akamaized.net/coub_storage/media_block/cw_image/d6d69dc1ff9/1dadd46a8a304f28e923f/1528870702_1528870693_1a0hd2z_att-url-download.jpg","meta":{"service":"Vk","duration":"19.16"},"duration":19.16,"raw_video_id":11875481,"has_embed":false}},"raw_video_thumbnail_url":"/missing/missing.png","raw_video_title":"Вратарь тащит команду","video_block_banned":false,"duration":10.04,"promo_winner":false,"promo_winner_recoubers":null,"editorial_info":{},"promo_hint":null,"beeline_best_2014":null,"from_web_editor":true,"normalize_sound":true,"normalize_change_allowed":true,"best2015_addable":false,"ahmad_promo":null,"promo_data":null,"audio_copyright_claim":null,"ads_disabled":false,"is_safe_for_ads":true,"megafon_contents":[],"position_on_page":7},{"flag":null,"abuses":null,"recoubs_by_users_channels":null,"favourite":false,"promoted_id":null,"recoub":null,"like":null,"dislike":null,"reaction":null,"in_my_best2015":false,"id":172338533,"type":"Coub::Simple","permalink":"2u9c5e","title":"Yeah you're cool but are you this cool?","visibility_type":"public","original_visibility_type":"public","channel_id":11243438,"created_at":"2021-07-17T20:49:17Z","updated_at":"2022-03-08T20:20:35Z","is_done":true,"views_count":113742,"cotd":null,"cotd_at":null,"visible_on_explore_root":false,"visible_on_explore":false,"featured":false,"published":true,"published_at":"2021-07-17T20:49:17Z","reversed":false,"from_editor_v2":true,"is_editable":true,"original_sound":true,"has_sound":true,"recoub_to":null,"file_versions":{"html5":{"video":{"higher":{"url":"https://coub-anubis-a.akamaized.net/coub_storage/coub/simple/cw_file/d583c035b3b/4a7aa845b1a01075e2eed/muted_mp4_huge_size_1626554969_muted_huge.mp4","size":1823294},"high":{"url":"https://coub-anubis-a.akamaized.net/coub_storage/coub/simple/cw_file/d583c035b3b/4a7aa845b1a01075e2eed/muted_mp4_big_size_1626554969_muted_big.mp4","size":1188624},"med":{"url":"https://coub-anubis-a.akamaized.net/coub_storage/coub/simple/cw_file/d583c035b3b/4a7aa845b1a01075e2eed/muted_mp4_med_size_1626554969_muted_med.mp4","size":434660}},"audio":{"high":{"url":"https://coub-anubis-a.akamaized.net/coub_storage/coub/simple/cw_looped_audio_high/134d73fcbb5/de098c0c11a58977e478d/1626554972_mp3-high.mp3","size":1012025},"med":{"url":"https://coub-anubis-a.akamaized.net/coub_storage/coub/simple/cw_looped_audio_med/fefa04309cd/376ed0294865caa176134/1626554971_mp3-med.mp3","size":798504},"sample_duration":10.008}},"mobile":{"video":"https://coub-anubis-a.akamaized.net/coub_storage/coub/simple/cw_file/d583c035b3b/4a7aa845b1a01075e2eed/muted_mp4_med_size_1626554969_muted_med.mp4","audio":["https://coub-anubis-a.akamaized.net/coub_storage/coub/simple/cw_looped_audio_med/fefa04309cd/376ed0294865caa176134/1626554971_mp3-med.mp3"]},"share":{"default":"https://coub-anubis-a.akamaized.net/coub_storage/coub/simple/cw_video_for_sharing/ac21e5538a3/73a2cf5466c2e4e0ebbca/1626555049_looped_1626555046.mp4"}},"audio_versions":{},"image_versions":{"template":"https://coub-anubis-a.akamaized.net/coub_storage/coub/simple/cw_image/b78a435667d/54cd97236cd4fd858b9c8/%{version}_1626554987_00032.jpg","versions":["micro","tiny","age_restricted","ios_large","ios_mosaic","big","med","small","pinterest"]},"first_frame_versions":{"template":"https://coub-anubis-a.akamaized.net/coub_storage/coub/simple/cw_timeline_pic/d3479008b30/c8084f3966d9d3706a88c/%{version}_1626554986_image.jpg","versions":["big","med","small","ios_large"]},"dimensions":{"big":[538,960],"med":[268,480]},"site_w_h":[224,400],"page_w_h":[400,714],"site_w_h_small":[310,553],"size":[538,960],"age_restricted":false,"age_restricted_by_admin":false,"not_safe_for_work":null,"allow_reuse":false,"dont_crop":true,"banned":false,"global_safe":null,"audio_file_url":null,"external_download":{"type":"UrlDownload","service_name":"UrlDownload","url":"https://img-9gag-fun.9cache.com/photo/a07zYqB_460svav1.mp4","has_embed":false},"application":null,"channel":{"id":11243438,"permalink":"kirostus","title":"Kirostus","description":"follow me please🥺👉👈\nfunny stuff every day","followers_count":70,"following_count":14,"avatar_versions":{"template":"https://coub-anubis-a.akamaized.net/coub_storage/channel/cw_avatar/80340f0d511/bb54a855b5679adbd2ff3/%{version}_1628543176_tokyo-revengers-manjuro-sano-7972.jpg","versions":["medium","medium_2x","profile_pic","profile_pic_new","profile_pic_new_2x","tiny","tiny_2x","small","small_2x","ios_large","ios_small"]}},"file":null,"picture":"https://coub-anubis-a.akamaized.net/coub_storage/coub/simple/cw_image/b78a435667d/54cd97236cd4fd858b9c8/med_1626554987_00032.jpg","timeline_picture":"https://coub-anubis-a.akamaized.net/coub_storage/coub/simple/cw_timeline_pic/d3479008b30/c8084f3966d9d3706a88c/ios_large_1626554986_image.jpg","small_picture":"https://coub-anubis-a.akamaized.net/coub_storage/coub/simple/cw_image/b78a435667d/54cd97236cd4fd858b9c8/ios_mosaic_1626554987_00032.jpg","sharing_picture":null,"percent_done":100,"tags":[{"id":5431,"title":"basketball","value":"basketball"},{"id":153102,"title":"referee","value":"referee"},{"id":1071,"title":"cool","value":"cool"}],"categories":[{"id":12,"title":"Sports","permalink":"sports","subscriptions_count":10057526,"big_image_url":"https://coub-anubis-a.akamaized.net/coub_storage/category/cw_image/f582005153c/999b059f60e79e58836fc/big_1544760276_sport2.png","small_image_url":"https://coub-anubis-a.akamaized.net/coub_storage/category/cw_image/f582005153c/999b059f60e79e58836fc/small_1544760276_sport2.png","med_image_url":"https://coub-anubis-a.akamaized.net/coub_storage/category/cw_image/f582005153c/999b059f60e79e58836fc/med_1544760276_sport2.png","visible":true}],"communities":[{"id":12,"title":"Sports","permalink":"sports","subscriptions_count":10057526,"big_image_url":"https://coub-anubis-a.akamaized.net/coub_storage/category/cw_image/f582005153c/999b059f60e79e58836fc/big_1544760276_sport2.png","small_image_url":"https://coub-anubis-a.akamaized.net/coub_storage/category/cw_image/f582005153c/999b059f60e79e58836fc/small_1544760276_sport2.png","med_image_url":"https://coub-anubis-a.akamaized.net/coub_storage/category/cw_image/f582005153c/999b059f60e79e58836fc/med_1544760276_sport2.png","i_subscribed":true,"community_notifications_enabled":null,"description":null}],"recoubs_count":347,"remixes_count":0,"likes_count":2240,"dislikes_count":0,"raw_video_id":16616925,"uploaded_by_ios_app":false,"uploaded_by_android_app":false,"media_blocks":{"uploaded_raw_videos":[],"external_raw_videos":[{"id":39298348,"title":"a07zYqB_460svav1.mp4","url":"https://img-9gag-fun.9cache.com/photo/a07zYqB_460svav1.mp4","image":"https://coub-anubis-a.akamaized.net/coub_storage/media_block/cw_image/cd9c00c6566/69ce7b92033476f7b3912/video_1626554859_on8o5q_1626554849_image.jpg","image_retina":"https://coub-anubis-a.akamaized.net/coub_storage/media_block/cw_image/cd9c00c6566/69ce7b92033476f7b3912/video_retina_1626554859_on8o5q_1626554849_image.jpg","meta":{"service":"UrlDownload","duration":"10.48"},"duration":10.48,"raw_video_id":16616925,"has_embed":false}],"remixed_from_coubs":[],"external_video":{"id":39298348,"title":"a07zYqB_460svav1.mp4","url":"https://img-9gag-fun.9cache.com/photo/a07zYqB_460svav1.mp4","image":"https://coub-anubis-a.akamaized.net/coub_storage/media_block/cw_image/cd9c00c6566/69ce7b92033476f7b3912/video_1626554859_on8o5q_1626554849_image.jpg","image_retina":"https://coub-anubis-a.akamaized.net/coub_storage/media_block/cw_image/cd9c00c6566/69ce7b92033476f7b3912/video_retina_1626554859_on8o5q_1626554849_image.jpg","meta":{"service":"UrlDownload","duration":"10.48"},"duration":10.48,"raw_video_id":16616925,"has_embed":false}},"raw_video_thumbnail_url":"https://coub-anubis-a.akamaized.net/coub_storage/raw_video/cw_image/aa7f39fffbe/3d72643da64cab19c474d/coub_media_1626554849_1626554849_image.jpg","raw_video_title":"a07zYqB_460svav1.mp4","video_block_banned":false,"duration":10.0,"promo_winner":false,"promo_winner_recoubers":null,"editorial_info":{},"promo_hint":null,"beeline_best_2014":null,"from_web_editor":true,"normalize_sound":true,"normalize_change_allowed":true,"best2015_addable":false,"ahmad_promo":null,"promo_data":null,"audio_copyright_claim":null,"ads_disabled":null,"is_safe_for_ads":true,"megafon_contents":[],"position_on_page":8},{"flag":null,"abuses":null,"recoubs_by_users_channels":null,"favourite":false,"promoted_id":null,"recoub":null,"like":null,"dislike":null,"reaction":null,"in_my_best2015":false,"id":115530530,"type":"Coub::Simple","permalink":"1wdla1","title":"007","visibility_type":"public","original_visibility_type":"public","channel_id":2495250,"created_at":"2019-06-19T08:04:45Z","updated_at":"2022-02-14T17:28:18Z","is_done":true,"views_count":117663,"cotd":null,"cotd_at":null,"visible_on_explore_root":false,"visible_on_explore":false,"featured":false,"published":true,"published_at":"2019-06-19T08:04:45Z","reversed":false,"from_editor_v2":true,"is_editable":true,"original_sound":false,"has_sound":false,"recoub_to":null,"file_versions":{"html5":{"video":{"higher":{"url":"https://coub-anubis-a.akamaized.net/coub_storage/coub/simple/cw_file/fcbe40445ab/aae6f6ecd7e059cd1bcb7/muted_mp4_huge_size_1569135231_muted_huge.mp4","size":2091366},"high":{"url":"https://coub-anubis-a.akamaized.net/coub_storage/coub/simple/cw_file/fcbe40445ab/aae6f6ecd7e059cd1bcb7/muted_mp4_big_size_1569135231_muted_big.mp4","size":1391359},"med":{"url":"https://coub-anubis-a.akamaized.net/coub_storage/coub/simple/cw_file/fcbe40445ab/aae6f6ecd7e059cd1bcb7/muted_mp4_med_size_1569135231_muted_med.mp4","size":515427}},"audio":{"high":{"url":"https://coub-anubis-a.akamaized.net/coub_storage/coub/simple/cw_looped_audio_high/1f04fde8709/b5cebf0a0cefe0482bf08/1605657805_high_1560931491_high.mp3","size":947019},"med":{"url":"https://coub-anubis-a.akamaized.net/coub_storage/coub/simple/cw_looped_audio_med/9ae49676416/7604b9287974cce23894c/1605657805_med_1560931491_med.mp3","size":878632}}},"mobile":{"video":"https://coub-anubis-a.akamaized.net/coub_storage/coub/simple/cw_file/fcbe40445ab/aae6f6ecd7e059cd1bcb7/muted_mp4_med_size_1569135231_muted_med.mp4","audio":["https://coub-anubis-a.akamaized.net/coub_storage/coub/simple/cw_looped_audio_med/9ae49676416/7604b9287974cce23894c/1605657805_med_1560931491_med.mp3"]},"share":{"default":"https://coub-anubis-a.akamaized.net/coub_storage/coub/simple/cw_video_for_sharing/2fc5baae390/de874acac1eefe149122b/1608362509_looped_1608362508.mp4"}},"audio_versions":{"template":"https://coub-anubis-a.akamaized.net/coub_storage/audio_track/cw_normalized_copy/01c91361a54/79c18fbb6edd33e0ae6ce/mid_1560931490_normalized_1560931488_1grf962_edited.mp3","versions":["mid","low"]},"image_versions":{"template":"https://coub-anubis-a.akamaized.net/coub_storage/coub/simple/cw_image/c3709b3f9d7/dc70a4c35207164079740/1560931498_00013.jpg","versions":["micro","tiny","age_restricted","ios_large","ios_mosaic","big","med","small","pinterest"]},"first_frame_versions":{"template":"https://coub-anubis-a.akamaized.net/coub_storage/coub/simple/cw_timeline_pic/be79f5a43d5/a5e45e406d05839c2223d/1560931497_image.jpg","versions":["big","med","small","ios_large"]},"dimensions":{"big":[960,960],"med":[480,480]},"site_w_h":[400,400],"page_w_h":[400,400],"site_w_h_small":[310,310],"size":[960,960],"age_restricted":false,"age_restricted_by_admin":false,"not_safe_for_work":false,"allow_reuse":false,"dont_crop":false,"banned":false,"global_safe":true,"audio_file_url":"https://coub-anubis-a.akamaized.net/coub_storage/audio_track/cw_normalized_copy/01c91361a54/79c18fbb6edd33e0ae6ce/low_1560931490_normalized_1560931488_1grf962_edited.mp3","external_download":{"type":"Twitter","service_name":"Twitter","url":"https://twitter.com/SergioACNBA/status/973108621373558786","has_embed":false},"application":null,"channel":{"id":2495250,"permalink":"ladi0000","title":"ladi","description":null,"followers_count":539,"following_count":0,"avatar_versions":{"template":"https://coub-anubis-a.akamaized.net/coub_storage/channel/cw_avatar/d2b151b219f/f3693752d3c003d5a4d55/%{version}_1607420144_1q3vkk9_1474637429_ji77cf_94453418.jpg","versions":["medium","medium_2x","profile_pic","profile_pic_new","profile_pic_new_2x","tiny","tiny_2x","small","small_2x","ios_large","ios_small"]}},"file":null,"picture":"https://coub-anubis-a.akamaized.net/coub_storage/coub/simple/cw_image/c3709b3f9d7/dc70a4c35207164079740/1560931498_00013.jpg","timeline_picture":"https://coub-anubis-a.akamaized.net/coub_storage/coub/simple/cw_timeline_pic/be79f5a43d5/a5e45e406d05839c2223d/1560931497_image.jpg","small_picture":"https://coub-anubis-a.akamaized.net/coub_storage/coub/simple/cw_image/c3709b3f9d7/dc70a4c35207164079740/1560931498_00013.jpg","sharing_picture":null,"percent_done":100,"tags":[],"categories":[{"id":12,"title":"Sports","permalink":"sports","subscriptions_count":10057526,"big_image_url":"https://coub-anubis-a.akamaized.net/coub_storage/category/cw_image/f582005153c/999b059f60e79e58836fc/big_1544760276_sport2.png","small_image_url":"https://coub-anubis-a.akamaized.net/coub_storage/category/cw_image/f582005153c/999b059f60e79e58836fc/small_1544760276_sport2.png","med_image_url":"https://coub-anubis-a.akamaized.net/coub_storage/category/cw_image/f582005153c/999b059f60e79e58836fc/med_1544760276_sport2.png","visible":true}],"communities":[{"id":12,"title":"Sports","permalink":"sports","subscriptions_count":10057526,"big_image_url":"https://coub-anubis-a.akamaized.net/coub_storage/category/cw_image/f582005153c/999b059f60e79e58836fc/big_1544760276_sport2.png","small_image_url":"https://coub-anubis-a.akamaized.net/coub_storage/category/cw_image/f582005153c/999b059f60e79e58836fc/small_1544760276_sport2.png","med_image_url":"https://coub-anubis-a.akamaized.net/coub_storage/category/cw_image/f582005153c/999b059f60e79e58836fc/med_1544760276_sport2.png","i_subscribed":true,"community_notifications_enabled":null,"description":null}],"recoubs_count":445,"remixes_count":0,"likes_count":2240,"dislikes_count":0,"raw_video_id":13869945,"uploaded_by_ios_app":false,"uploaded_by_android_app":false,"media_blocks":{"uploaded_raw_videos":[],"external_raw_videos":[{"id":32265445,"title":"“La repetición es increíble. https://t.co/tEZ9XQHYzw”","url":"https://twitter.com/SergioACNBA/status/973108621373558786","image":"https://coub-anubis-a.akamaized.net/coub_storage/media_block/cw_image/8d95ca14f51/90b29581bd79864ba7367/1560930456_1om2l5l_1560930451_kry4yr_att-url-download.jpg","image_retina":"https://coub-anubis-a.akamaized.net/coub_storage/media_block/cw_image/8d95ca14f51/90b29581bd79864ba7367/1560930456_1om2l5l_1560930451_kry4yr_att-url-download.jpg","meta":{"service":"Twitter","duration":"6.52"},"duration":6.52,"raw_video_id":13869945,"has_embed":false}],"remixed_from_coubs":[],"external_video":{"id":32265445,"title":"“La repetición es increíble. https://t.co/tEZ9XQHYzw”","url":"https://twitter.com/SergioACNBA/status/973108621373558786","image":"https://coub-anubis-a.akamaized.net/coub_storage/media_block/cw_image/8d95ca14f51/90b29581bd79864ba7367/1560930456_1om2l5l_1560930451_kry4yr_att-url-download.jpg","image_retina":"https://coub-anubis-a.akamaized.net/coub_storage/media_block/cw_image/8d95ca14f51/90b29581bd79864ba7367/1560930456_1om2l5l_1560930451_kry4yr_att-url-download.jpg","meta":{"service":"Twitter","duration":"6.52"},"duration":6.52,"raw_video_id":13869945,"has_embed":false}},"raw_video_thumbnail_url":"/missing/missing.png","raw_video_title":"“La repetición es increíble. https://t.co/tEZ9XQHYzw”","video_block_banned":false,"duration":3.84,"promo_winner":false,"promo_winner_recoubers":null,"editorial_info":{},"promo_hint":null,"beeline_best_2014":null,"from_web_editor":true,"normalize_sound":true,"normalize_change_allowed":true,"best2015_addable":false,"ahmad_promo":null,"promo_data":null,"audio_copyright_claim":null,"ads_disabled":false,"is_safe_for_ads":true,"megafon_contents":[],"position_on_page":9},{"flag":null,"abuses":null,"recoubs_by_users_channels":null,"favourite":false,"promoted_id":null,"recoub":null,"like":null,"dislike":null,"reaction":null,"in_my_best2015":false,"id":129587344,"type":"Coub::Simple","permalink":"24ry91","title":"Valentina A. Giraldo 10","visibility_type":"public","original_visibility_type":"public","channel_id":4545385,"created_at":"2019-11-20T17:26:10Z","updated_at":"2022-03-06T22:20:39Z","is_done":true,"views_count":145424,"cotd":null,"cotd_at":null,"visible_on_explore_root":true,"visible_on_explore":true,"featured":true,"published":true,"published_at":"2019-11-20T17:26:10Z","reversed":false,"from_editor_v2":true,"is_editable":true,"original_sound":true,"has_sound":true,"recoub_to":null,"file_versions":{"html5":{"video":{"higher":{"url":"https://coub-anubis-a.akamaized.net/coub_storage/coub/simple/cw_file/e1419c077c0/d758733d3539c14d0b8f2/muted_mp4_huge_size_1574270884_muted_huge.mp4","size":2610898},"high":{"url":"https://coub-anubis-a.akamaized.net/coub_storage/coub/simple/cw_file/e1419c077c0/d758733d3539c14d0b8f2/muted_mp4_big_size_1574270884_muted_big.mp4","size":2052167},"med":{"url":"https://coub-anubis-a.akamaized.net/coub_storage/coub/simple/cw_file/e1419c077c0/d758733d3539c14d0b8f2/muted_mp4_med_size_1574270884_muted_med.mp4","size":540926}},"audio":{"high":{"url":"https://coub-anubis-a.akamaized.net/coub_storage/coub/simple/cw_looped_audio_high/396c9dd06ce/ccce877d99d444345fce6/1605697754_high_1574270884_high.mp3","size":834187},"med":{"url":"https://coub-anubis-a.akamaized.net/coub_storage/coub/simple/cw_looped_audio_med/eec1256ae10/3de28d69f2cece792cfba/1605697754_med_1574270884_med.mp3","size":799076},"sample_duration":10.008}},"mobile":{"video":"https://coub-anubis-a.akamaized.net/coub_storage/coub/simple/cw_file/e1419c077c0/d758733d3539c14d0b8f2/muted_mp4_med_size_1574270884_muted_med.mp4","audio":["https://coub-anubis-a.akamaized.net/coub_storage/coub/simple/cw_looped_audio_med/eec1256ae10/3de28d69f2cece792cfba/1605697754_med_1574270884_med.mp3"]},"share":{"default":"https://coub-anubis-a.akamaized.net/coub_storage/coub/simple/cw_video_for_sharing/728934b9353/1d0dd225ec5c39831d8be/1610460548_looped_1610460548.mp4"}},"audio_versions":{},"image_versions":{"template":"https://coub-anubis-a.akamaized.net/coub_storage/coub/simple/cw_image/d721c389724/48a7bac075c31cb50477c/1574270890_00032.jpg","versions":["micro","tiny","age_restricted","ios_large","ios_mosaic","big","med","small","pinterest"]},"first_frame_versions":{"template":"https://coub-anubis-a.akamaized.net/coub_storage/coub/simple/cw_timeline_pic/46a3443613a/25b335c21e4820fabd10f/%{version}_1574270889_image.jpg","versions":["big","med","small","ios_large"]},"dimensions":{"big":[1280,720],"med":[640,360]},"site_w_h":[640,360],"page_w_h":[640,360],"site_w_h_small":[310,174],"size":[1280,720],"age_restricted":false,"age_restricted_by_admin":false,"not_safe_for_work":false,"allow_reuse":false,"dont_crop":false,"banned":false,"global_safe":true,"audio_file_url":null,"external_download":{"type":"Youtube","service_name":"YouTube","url":"https://www.youtube.com/watch?v=ilA-uusMHis&feature=emb_logo","has_embed":true},"application":null,"channel":{"id":4545385,"permalink":"starscream.0","title":"starscream.0","description":null,"followers_count":20,"following_count":14,"avatar_versions":{"template":"https://coub-anubis-a.akamaized.net/coub_storage/channel/cw_avatar/b77e4282c2b/31e699b1cfea54c841d74/%{version}_1607667429_18dhtb1_1530077641_Audrey-Tautou-1118909.jpg","versions":["medium","medium_2x","profile_pic","profile_pic_new","profile_pic_new_2x","tiny","tiny_2x","small","small_2x","ios_large","ios_small"]}},"file":null,"picture":"https://coub-anubis-a.akamaized.net/coub_storage/coub/simple/cw_image/d721c389724/48a7bac075c31cb50477c/1574270890_00032.jpg","timeline_picture":"https://coub-anubis-a.akamaized.net/coub_storage/coub/simple/cw_timeline_pic/46a3443613a/25b335c21e4820fabd10f/ios_large_1574270889_image.jpg","small_picture":"https://coub-anubis-a.akamaized.net/coub_storage/coub/simple/cw_image/d721c389724/48a7bac075c31cb50477c/1574270890_00032.jpg","sharing_picture":null,"percent_done":100,"tags":[{"id":437502,"title":"recurve","value":"recurve"},{"id":5793,"title":"women","value":"women"},{"id":3382,"title":"junior","value":"junior"},{"id":9445,"title":"final","value":"final"},{"id":4136,"title":"world","value":"world"},{"id":13759,"title":"archery","value":"archery"},{"id":73815,"title":"championships","value":"championships"},{"id":15422,"title":"youth","value":"youth"},{"id":257922,"title":"2019","value":"2019"},{"id":11727,"title":"madrid","value":"madrid"},{"id":7728,"title":"spain","value":"spain"},{"id":31839,"title":"colombia","value":"colombia"},{"id":22868,"title":"mexico","value":"mexico"},{"id":5329472,"title":"valentinaacostagiraldo","value":"valentinaacostagiraldo"},{"id":5329473,"title":"valentinaagiraldo","value":"valentinaagiraldo"},{"id":82375,"title":"elf","value":"elf"}],"categories":[{"id":12,"title":"Sports","permalink":"sports","subscriptions_count":10057526,"big_image_url":"https://coub-anubis-a.akamaized.net/coub_storage/category/cw_image/f582005153c/999b059f60e79e58836fc/big_1544760276_sport2.png","small_image_url":"https://coub-anubis-a.akamaized.net/coub_storage/category/cw_image/f582005153c/999b059f60e79e58836fc/small_1544760276_sport2.png","med_image_url":"https://coub-anubis-a.akamaized.net/coub_storage/category/cw_image/f582005153c/999b059f60e79e58836fc/med_1544760276_sport2.png","visible":true}],"communities":[{"id":12,"title":"Sports","permalink":"sports","subscriptions_count":10057526,"big_image_url":"https://coub-anubis-a.akamaized.net/coub_storage/category/cw_image/f582005153c/999b059f60e79e58836fc/big_1544760276_sport2.png","small_image_url":"https://coub-anubis-a.akamaized.net/coub_storage/category/cw_image/f582005153c/999b059f60e79e58836fc/small_1544760276_sport2.png","med_image_url":"https://coub-anubis-a.akamaized.net/coub_storage/category/cw_image/f582005153c/999b059f60e79e58836fc/med_1544760276_sport2.png","i_subscribed":true,"community_notifications_enabled":null,"description":null}],"recoubs_count":344,"remixes_count":2,"likes_count":2239,"dislikes_count":0,"raw_video_id":14488184,"uploaded_by_ios_app":false,"uploaded_by_android_app":false,"media_blocks":{"uploaded_raw_videos":[],"external_raw_videos":[{"id":33939129,"title":"Ana P. Vazquez v Valentina A. Giraldo – recurve junior women gold | World Youth Championships 2019","url":"https://www.youtube.com/watch?v=ilA-uusMHis","image":"https://coub-anubis-a.akamaized.net/coub_storage/media_block/cw_image/297cfdd556c/30d6f1808a5989cdbeaa4/1574270070_19vq8jo_1574269944_xaifhi_att-url-download.jpg","image_retina":"https://coub-anubis-a.akamaized.net/coub_storage/media_block/cw_image/297cfdd556c/30d6f1808a5989cdbeaa4/1574270070_19vq8jo_1574269944_xaifhi_att-url-download.jpg","meta":{"service":"Youtube","duration":"645.72"},"duration":645.72,"raw_video_id":14488184,"has_embed":true}],"remixed_from_coubs":[],"external_video":{"id":33939129,"title":"Ana P. Vazquez v Valentina A. Giraldo – recurve junior women gold | World Youth Championships 2019","url":"https://www.youtube.com/watch?v=ilA-uusMHis","image":"https://coub-anubis-a.akamaized.net/coub_storage/media_block/cw_image/297cfdd556c/30d6f1808a5989cdbeaa4/1574270070_19vq8jo_1574269944_xaifhi_att-url-download.jpg","image_retina":"https://coub-anubis-a.akamaized.net/coub_storage/media_block/cw_image/297cfdd556c/30d6f1808a5989cdbeaa4/1574270070_19vq8jo_1574269944_xaifhi_att-url-download.jpg","meta":{"service":"Youtube","duration":"645.72"},"duration":645.72,"raw_video_id":14488184,"has_embed":true}},"raw_video_thumbnail_url":"/missing/missing.png","raw_video_title":"Ana P. Vazquez v Valentina A. Giraldo – recurve junior women gold | World Youth Championships 2019","video_block_banned":false,"duration":10.0,"promo_winner":false,"promo_winner_recoubers":null,"editorial_info":{},"promo_hint":null,"beeline_best_2014":null,"from_web_editor":true,"normalize_sound":true,"normalize_change_allowed":true,"best2015_addable":false,"ahmad_promo":null,"promo_data":null,"audio_copyright_claim":null,"ads_disabled":false,"is_safe_for_ads":true,"megafon_contents":[],"position_on_page":10}]}