{"page":53,"per_page":10,"total_pages":500,"coubs":[{"flag":null,"abuses":null,"recoubs_by_users_channels":null,"favourite":false,"promoted_id":null,"recoub":null,"like":null,"dislike":null,"reaction":null,"in_my_best2015":false,"id":116807650,"type":"Coub::Simple","permalink":"1x4ypr","title":"#kurwa slight ","visibility_type":"public","original_visibility_type":"public","channel_id":5033840,"created_at":"2019-07-02T07:18:35Z","updated_at":"2022-03-12T12:16:51Z","is_done":true,"views_count":273428,"cotd":null,"cotd_at":null,"visible_on_explore_root":false,"visible_on_explore":false,"featured":false,"published":true,"published_at":"2019-07-02T07:18:35Z","reversed":false,"from_editor_v2":true,"is_editable":true,"original_sound":true,"has_sound":true,"recoub_to":null,"file_versions":{"html5":{"video":{"higher":{"url":"https://coub-anubis-a.akamaized.net/coub_storage/coub/simple/cw_file/9d5c4b77e97/9af1f33585276d3cfa1e2/muted_mp4_huge_size_1568988990_muted_huge.mp4","size":4155711},"high":{"url":"https://coub-anubis-a.akamaized.net/coub_storage/coub/simple/cw_file/9d5c4b77e97/9af1f33585276d3cfa1e2/muted_mp4_big_size_1568988990_muted_big.mp4","size":2955306},"med":{"url":"https://coub-anubis-a.akamaized.net/coub_storage/coub/simple/cw_file/9d5c4b77e97/9af1f33585276d3cfa1e2/muted_mp4_med_size_1568988990_muted_med.mp4","size":1144507}},"audio":{"high":{"url":"https://coub-anubis-a.akamaized.net/coub_storage/coub/simple/cw_looped_audio_high/6ff66b5f663/1d56fb8709d1e5be96bb6/1605654358_high_1562051923_high.mp3","size":1168322},"med":{"url":"https://coub-anubis-a.akamaized.net/coub_storage/coub/simple/cw_looped_audio_med/3326e013028/5cff424379e60a01df7ed/1605654357_med_1562051923_med.mp3","size":915836},"sample_duration":8.196}},"mobile":{"video":"https://coub-anubis-a.akamaized.net/coub_storage/coub/simple/cw_file/9d5c4b77e97/9af1f33585276d3cfa1e2/muted_mp4_med_size_1568988990_muted_med.mp4","audio":["https://coub-anubis-a.akamaized.net/coub_storage/coub/simple/cw_looped_audio_med/3326e013028/5cff424379e60a01df7ed/1605654357_med_1562051923_med.mp3"]},"share":{"default":"https://coub-anubis-a.akamaized.net/coub_storage/coub/simple/cw_video_for_sharing/874ca62045c/9213718898db3004121cd/1609877172_looped_1609877171.mp4"}},"audio_versions":{},"image_versions":{"template":"https://coub-anubis-a.akamaized.net/coub_storage/coub/simple/cw_image/f0a4abeb7ad/e3d989e3a0079c97ba258/1562051932_00026.jpg","versions":["micro","tiny","age_restricted","ios_large","ios_mosaic","big","med","small","pinterest"]},"first_frame_versions":{"template":"https://coub-anubis-a.akamaized.net/coub_storage/coub/simple/cw_timeline_pic/76d00db28c0/88834996cb6861b89bdd5/%{version}_1562051932_image.jpg","versions":["big","med","small","ios_large"]},"dimensions":{"big":[1280,720],"med":[640,360]},"site_w_h":[640,360],"page_w_h":[640,360],"site_w_h_small":[310,174],"size":[1280,720],"age_restricted":false,"age_restricted_by_admin":false,"not_safe_for_work":false,"allow_reuse":false,"dont_crop":false,"banned":false,"global_safe":true,"audio_file_url":null,"external_download":false,"application":null,"channel":{"id":5033840,"permalink":"niko2673","title":"Niko","description":null,"followers_count":31,"following_count":34,"avatar_versions":{"template":"https://coub-anubis-a.akamaized.net/coub_storage/channel/cw_avatar/c1247d73e96/20833cafdc8b1d8b5681d/%{version}_1607701402_uc0x78_1544045046_cropped.jpeg","versions":["medium","medium_2x","profile_pic","profile_pic_new","profile_pic_new_2x","tiny","tiny_2x","small","small_2x","ios_large","ios_small"]}},"file":null,"picture":"https://coub-anubis-a.akamaized.net/coub_storage/coub/simple/cw_image/f0a4abeb7ad/e3d989e3a0079c97ba258/1562051932_00026.jpg","timeline_picture":"https://coub-anubis-a.akamaized.net/coub_storage/coub/simple/cw_timeline_pic/76d00db28c0/88834996cb6861b89bdd5/ios_large_1562051932_image.jpg","small_picture":"https://coub-anubis-a.akamaized.net/coub_storage/coub/simple/cw_image/f0a4abeb7ad/e3d989e3a0079c97ba258/1562051932_00026.jpg","sharing_picture":null,"percent_done":100,"tags":[{"id":128423,"title":"kurwa","value":"kurwa"}],"categories":[{"id":12,"title":"Sports","permalink":"sports","subscriptions_count":10057526,"big_image_url":"https://coub-anubis-a.akamaized.net/coub_storage/category/cw_image/f582005153c/999b059f60e79e58836fc/big_1544760276_sport2.png","small_image_url":"https://coub-anubis-a.akamaized.net/coub_storage/category/cw_image/f582005153c/999b059f60e79e58836fc/small_1544760276_sport2.png","med_image_url":"https://coub-anubis-a.akamaized.net/coub_storage/category/cw_image/f582005153c/999b059f60e79e58836fc/med_1544760276_sport2.png","visible":true}],"communities":[{"id":12,"title":"Sports","permalink":"sports","subscriptions_count":10057526,"big_image_url":"https://coub-anubis-a.akamaized.net/coub_storage/category/cw_image/f582005153c/999b059f60e79e58836fc/big_1544760276_sport2.png","small_image_url":"https://coub-anubis-a.akamaized.net/coub_storage/category/cw_image/f582005153c/999b059f60e79e58836fc/small_1544760276_sport2.png","med_image_url":"https://coub-anubis-a.akamaized.net/coub_storage/category/cw_image/f582005153c/999b059f60e79e58836fc/med_1544760276_sport2.png","i_subscribed":true,"community_notifications_enabled":null,"description":null}],"recoubs_count":800,"remixes_count":1,"likes_count":4651,"dislikes_count":0,"raw_video_id":13922689,"uploaded_by_ios_app":false,"uploaded_by_android_app":true,"media_blocks":{"uploaded_raw_videos":[],"external_raw_videos":[],"remixed_from_coubs":[]},"raw_video_thumbnail_url":"/missing/missing.png","raw_video_title":null,"video_block_banned":false,"duration":8.24,"promo_winner":false,"promo_winner_recoubers":null,"editorial_info":{},"promo_hint":null,"beeline_best_2014":null,"from_web_editor":false,"normalize_sound":true,"normalize_change_allowed":true,"best2015_addable":false,"ahmad_promo":null,"promo_data":null,"audio_copyright_claim":null,"ads_disabled":false,"is_safe_for_ads":true,"megafon_contents":[],"position_on_page":1},{"flag":null,"abuses":null,"recoubs_by_users_channels":null,"favourite":false,"promoted_id":null,"recoub":null,"like":null,"dislike":null,"reaction":null,"in_my_best2015":false,"id":96175577,"type":"Coub::Simple","permalink":"1kuqs9","title":"Regular","visibility_type":"public","original_visibility_type":"public","channel_id":2119736,"created_at":"2018-12-29T20:30:02Z","updated_at":"2022-03-15T23:05:58Z","is_done":true,"views_count":207553,"cotd":null,"cotd_at":null,"visible_on_explore_root":false,"visible_on_explore":false,"featured":false,"published":true,"published_at":"2018-12-29T20:30:02Z","reversed":false,"from_editor_v2":true,"is_editable":true,"original_sound":false,"has_sound":false,"recoub_to":null,"file_versions":{"html5":{"video":{"higher":{"url":"https://coub-anubis-a.akamaized.net/coub_storage/coub/simple/cw_file/b502807af22/500573eb1488d268a1ada/muted_mp4_huge_size_1569519783_muted_huge.mp4","size":3372336},"high":{"url":"https://coub-anubis-a.akamaized.net/coub_storage/coub/simple/cw_file/b502807af22/500573eb1488d268a1ada/muted_mp4_big_size_1569519783_muted_big.mp4","size":2108233},"med":{"url":"https://coub-anubis-a.akamaized.net/coub_storage/coub/simple/cw_file/b502807af22/500573eb1488d268a1ada/muted_mp4_med_size_1569519783_muted_med.mp4","size":996713}},"audio":{"high":{"url":"https://coub-anubis-a.akamaized.net/coub_storage/coub/simple/cw_looped_audio_high/30c1afbd944/e39a64cdbd1b1579433e1/1605663904_high_1546115473_high.mp3","size":3098103},"med":{"url":"https://coub-anubis-a.akamaized.net/coub_storage/coub/simple/cw_looped_audio_med/3cca3908ef5/dfa3ce17c9165a6ae1a95/1605663904_med_1546115473_med.mp3","size":3043948}}},"mobile":{"video":"https://coub-anubis-a.akamaized.net/coub_storage/coub/simple/cw_file/b502807af22/500573eb1488d268a1ada/muted_mp4_med_size_1569519783_muted_med.mp4","audio":["https://coub-anubis-a.akamaized.net/coub_storage/coub/simple/cw_looped_audio_med/3cca3908ef5/dfa3ce17c9165a6ae1a95/1605663904_med_1546115473_med.mp3"]},"share":{"default":"https://coub-anubis-a.akamaized.net/coub_storage/coub/simple/cw_video_for_sharing/a57f1e389b7/af03e73cdca503c4ff463/1608333446_looped_1608333445.mp4"}},"audio_versions":{"template":"https://coub-anubis-a.akamaized.net/coub_storage/audio_track/cw_normalized_copy/db3e9b0fc1e/4ace4f8d336e2475e87ec/mid_1546115450_normalized_1546115416_1bdcwhl_edited.mp3","versions":["mid","low"]},"image_versions":{"template":"https://coub-anubis-a.akamaized.net/coub_storage/coub/simple/cw_image/fe9a1ac2f8a/476a37e698388151b42f2/1546115493_00012.jpg","versions":["micro","tiny","age_restricted","ios_large","ios_mosaic","big","med","small","pinterest"]},"first_frame_versions":{"template":"https://coub-anubis-a.akamaized.net/coub_storage/coub/simple/cw_timeline_pic/eb4a055f828/844d72b2197d4e9dc88ff/1546115492_image.jpg","versions":["big","med","small","ios_large"]},"dimensions":{"big":[1280,720],"med":[640,360]},"site_w_h":[640,360],"page_w_h":[640,360],"site_w_h_small":[310,174],"size":[1280,720],"age_restricted":false,"age_restricted_by_admin":false,"not_safe_for_work":false,"allow_reuse":false,"dont_crop":false,"banned":false,"global_safe":true,"audio_file_url":"https://coub-anubis-a.akamaized.net/coub_storage/audio_track/cw_normalized_copy/db3e9b0fc1e/4ace4f8d336e2475e87ec/low_1546115450_normalized_1546115416_1bdcwhl_edited.mp3","external_download":false,"application":null,"channel":{"id":2119736,"permalink":"binestix","title":"Binestix","description":"lolwut","followers_count":203,"following_count":6,"avatar_versions":{"template":"https://coub-anubis-a.akamaized.net/coub_storage/channel/cw_avatar/d520a56f790/aaaacf6472f91f4c38d77/%{version}_1609384419_1y3uo9j_1474595728_Joker.jpg","versions":["medium","medium_2x","profile_pic","profile_pic_new","profile_pic_new_2x","tiny","tiny_2x","small","small_2x","ios_large","ios_small"]}},"file":null,"picture":"https://coub-anubis-a.akamaized.net/coub_storage/coub/simple/cw_image/fe9a1ac2f8a/476a37e698388151b42f2/1546115493_00012.jpg","timeline_picture":"https://coub-anubis-a.akamaized.net/coub_storage/coub/simple/cw_timeline_pic/eb4a055f828/844d72b2197d4e9dc88ff/1546115492_image.jpg","small_picture":"https://coub-anubis-a.akamaized.net/coub_storage/coub/simple/cw_image/fe9a1ac2f8a/476a37e698388151b42f2/1546115493_00012.jpg","sharing_picture":null,"percent_done":100,"tags":[{"id":1789,"title":"trick","value":"trick"},{"id":1105847,"title":"binestix","value":"binestix"},{"id":1108513,"title":"elbinestix","value":"elbinestix"},{"id":4561380,"title":"big ramp","value":"big%20ramp"},{"id":41294,"title":"ramp","value":"ramp"},{"id":665,"title":"sports","value":"sports"},{"id":1359,"title":"sport","value":"sport"},{"id":4561381,"title":"regular normal motherfucker","value":"regular%20normal%20motherfucker"},{"id":32237,"title":"celebration","value":"celebration"},{"id":1047494,"title":"rocket league","value":"rocket%20league"}],"categories":[{"id":12,"title":"Sports","permalink":"sports","subscriptions_count":10057526,"big_image_url":"https://coub-anubis-a.akamaized.net/coub_storage/category/cw_image/f582005153c/999b059f60e79e58836fc/big_1544760276_sport2.png","small_image_url":"https://coub-anubis-a.akamaized.net/coub_storage/category/cw_image/f582005153c/999b059f60e79e58836fc/small_1544760276_sport2.png","med_image_url":"https://coub-anubis-a.akamaized.net/coub_storage/category/cw_image/f582005153c/999b059f60e79e58836fc/med_1544760276_sport2.png","visible":true}],"communities":[{"id":12,"title":"Sports","permalink":"sports","subscriptions_count":10057526,"big_image_url":"https://coub-anubis-a.akamaized.net/coub_storage/category/cw_image/f582005153c/999b059f60e79e58836fc/big_1544760276_sport2.png","small_image_url":"https://coub-anubis-a.akamaized.net/coub_storage/category/cw_image/f582005153c/999b059f60e79e58836fc/small_1544760276_sport2.png","med_image_url":"https://coub-anubis-a.akamaized.net/coub_storage/category/cw_image/f582005153c/999b059f60e79e58836fc/med_1544760276_sport2.png","i_subscribed":true,"community_notifications_enabled":null,"description":null}],"recoubs_count":743,"remixes_count":0,"likes_count":4651,"dislikes_count":0,"raw_video_id":"","uploaded_by_ios_app":true,"uploaded_by_android_app":false,"media_blocks":{"uploaded_raw_videos":[],"external_raw_videos":[],"remixed_from_coubs":[{"id":29748756,"title":"Oh inertia, you are A RESPECTFUL WOMAN","url":"https://coub.com/coubs/1kq7eu/remix","image":"https://coub-anubis-a.akamaized.net/coub_storage/media_block/cw_image/b27cbdfe035/a020d8dcb197cdb94b09c/1545973631_12pxl9u_1545973623_00024.jpg","image_retina":"https://coub-anubis-a.akamaized.net/coub_storage/media_block/cw_image/b27cbdfe035/a020d8dcb197cdb94b09c/1545973631_12pxl9u_1545973623_00024.jpg","meta":{"duration":"7.36"},"duration":null,"coub_channel_title":"Sergey  Ronin","coub_channel_permalink":"sergey-oraoronin","coub_views_count":113731,"coub_permalink":"1kq7eu"}]},"raw_video_thumbnail_url":"","raw_video_title":"","video_block_banned":false,"duration":3.8,"promo_winner":false,"promo_winner_recoubers":null,"editorial_info":{},"promo_hint":null,"beeline_best_2014":null,"from_web_editor":false,"normalize_sound":true,"normalize_change_allowed":true,"best2015_addable":false,"ahmad_promo":null,"promo_data":null,"audio_copyright_claim":null,"ads_disabled":false,"is_safe_for_ads":true,"megafon_contents":[],"position_on_page":2},{"flag":null,"abuses":null,"recoubs_by_users_channels":null,"favourite":false,"promoted_id":null,"recoub":null,"like":null,"dislike":null,"reaction":null,"in_my_best2015":false,"id":133910038,"type":"Coub::Simple","permalink":"27d8ue","title":"stuntman of the year","visibility_type":"public","original_visibility_type":"public","channel_id":4163913,"created_at":"2020-01-08T20:31:37Z","updated_at":"2022-03-12T20:56:42Z","is_done":true,"views_count":382702,"cotd":null,"cotd_at":null,"visible_on_explore_root":false,"visible_on_explore":false,"featured":false,"published":true,"published_at":"2020-01-08T20:31:37Z","reversed":false,"from_editor_v2":true,"is_editable":true,"original_sound":true,"has_sound":true,"recoub_to":null,"file_versions":{"html5":{"video":{"higher":{"url":"https://coub-anubis-a.akamaized.net/coub_storage/coub/simple/cw_file/4b237aa714c/3d87d9af3e09ac87eea1a/muted_mp4_huge_size_1578515506_muted_huge.mp4","size":1934070},"high":{"url":"https://coub-anubis-a.akamaized.net/coub_storage/coub/simple/cw_file/4b237aa714c/3d87d9af3e09ac87eea1a/muted_mp4_big_size_1578515506_muted_big.mp4","size":1497603},"med":{"url":"https://coub-anubis-a.akamaized.net/coub_storage/coub/simple/cw_file/4b237aa714c/3d87d9af3e09ac87eea1a/muted_mp4_med_size_1578515506_muted_med.mp4","size":405663}},"audio":{"high":{"url":"https://coub-anubis-a.akamaized.net/coub_storage/coub/simple/cw_looped_audio_high/96e0cd6b75d/bf3e3fa2f9cef3bf7bba7/1605703350_high_1578515506_high.mp3","size":1125821},"med":{"url":"https://coub-anubis-a.akamaized.net/coub_storage/coub/simple/cw_looped_audio_med/4f1f5685ab3/167d3727463bcf1b5710e/1605703350_med_1578515506_med.mp3","size":939765},"sample_duration":8.452}},"mobile":{"video":"https://coub-anubis-a.akamaized.net/coub_storage/coub/simple/cw_file/4b237aa714c/3d87d9af3e09ac87eea1a/muted_mp4_med_size_1578515506_muted_med.mp4","audio":["https://coub-anubis-a.akamaized.net/coub_storage/coub/simple/cw_looped_audio_med/4f1f5685ab3/167d3727463bcf1b5710e/1605703350_med_1578515506_med.mp3"]},"share":{"default":"https://coub-anubis-a.akamaized.net/coub_storage/coub/simple/cw_video_for_sharing/5b06a67fcc3/637d3e16da4fe497edfcc/1608590820_looped_1608590819.mp4"}},"audio_versions":{},"image_versions":{"template":"https://coub-anubis-a.akamaized.net/coub_storage/coub/simple/cw_image/f1aac4db048/e50a0db130a3d7c30b255/1578515514_00027.jpg","versions":["micro","tiny","age_restricted","ios_large","ios_mosaic","big","med","small","pinterest"]},"first_frame_versions":{"template":"https://coub-anubis-a.akamaized.net/coub_storage/coub/simple/cw_timeline_pic/a9b04b7539b/1079cbf1f2544452ff663/%{version}_1578515513_image.jpg","versions":["big","med","small","ios_large"]},"dimensions":{"big":[1280,720],"med":[640,360]},"site_w_h":[640,360],"page_w_h":[640,360],"site_w_h_small":[310,174],"size":[1280,720],"age_restricted":false,"age_restricted_by_admin":false,"not_safe_for_work":false,"allow_reuse":false,"dont_crop":false,"banned":false,"global_safe":true,"audio_file_url":null,"external_download":false,"application":null,"channel":{"id":4163913,"permalink":"avdeeva.amili","title":"amilia.avdeeva","description":null,"followers_count":303,"following_count":62,"avatar_versions":{"template":"https://coub-anubis-a.akamaized.net/coub_storage/channel/cw_avatar/9466d84713d/cbe29638819283cd59b92/%{version}_1607422476_1et07xn_1579988365_photo_2019-10-13_20-16-00__2_.jpg","versions":["medium","medium_2x","profile_pic","profile_pic_new","profile_pic_new_2x","tiny","tiny_2x","small","small_2x","ios_large","ios_small"]}},"file":null,"picture":"https://coub-anubis-a.akamaized.net/coub_storage/coub/simple/cw_image/f1aac4db048/e50a0db130a3d7c30b255/1578515514_00027.jpg","timeline_picture":"https://coub-anubis-a.akamaized.net/coub_storage/coub/simple/cw_timeline_pic/a9b04b7539b/1079cbf1f2544452ff663/ios_large_1578515513_image.jpg","small_picture":"https://coub-anubis-a.akamaized.net/coub_storage/coub/simple/cw_image/f1aac4db048/e50a0db130a3d7c30b255/1578515514_00027.jpg","sharing_picture":null,"percent_done":100,"tags":[{"id":54902,"title":"pinkbike","value":"pinkbike"},{"id":20699,"title":"mountain biking","value":"mountain%20biking"},{"id":4770240,"title":"friday fails","value":"friday%20fails"},{"id":4797247,"title":"friday mtb fails","value":"friday%20mtb%20fails"},{"id":1955113,"title":"mtb crash","value":"mtb%20crash"},{"id":3100582,"title":"pink bike","value":"pink%20bike"},{"id":849340,"title":"mtb fail","value":"mtb%20fail"},{"id":1028253,"title":"downhill mtb","value":"downhill%20mtb"},{"id":20695,"title":"mountain bike","value":"mountain%20bike"},{"id":14541,"title":"fail compilation","value":"fail%20compilation"},{"id":421693,"title":"mountain bike crash","value":"mountain%20bike%20crash"},{"id":15388,"title":"funny fails","value":"funny%20fails"},{"id":101070,"title":"bike crash","value":"bike%20crash"},{"id":33246,"title":"enduro","value":"enduro"},{"id":213365,"title":"dirt jumping","value":"dirt%20jumping"},{"id":120488,"title":"best fails","value":"best%20fails"},{"id":5743,"title":"61","value":"61"}],"categories":[{"id":12,"title":"Sports","permalink":"sports","subscriptions_count":10057526,"big_image_url":"https://coub-anubis-a.akamaized.net/coub_storage/category/cw_image/f582005153c/999b059f60e79e58836fc/big_1544760276_sport2.png","small_image_url":"https://coub-anubis-a.akamaized.net/coub_storage/category/cw_image/f582005153c/999b059f60e79e58836fc/small_1544760276_sport2.png","med_image_url":"https://coub-anubis-a.akamaized.net/coub_storage/category/cw_image/f582005153c/999b059f60e79e58836fc/med_1544760276_sport2.png","visible":true}],"communities":[{"id":12,"title":"Sports","permalink":"sports","subscriptions_count":10057526,"big_image_url":"https://coub-anubis-a.akamaized.net/coub_storage/category/cw_image/f582005153c/999b059f60e79e58836fc/big_1544760276_sport2.png","small_image_url":"https://coub-anubis-a.akamaized.net/coub_storage/category/cw_image/f582005153c/999b059f60e79e58836fc/small_1544760276_sport2.png","med_image_url":"https://coub-anubis-a.akamaized.net/coub_storage/category/cw_image/f582005153c/999b059f60e79e58836fc/med_1544760276_sport2.png","i_subscribed":true,"community_notifications_enabled":null,"description":null}],"recoubs_count":855,"remixes_count":13,"likes_count":4648,"dislikes_count":0,"raw_video_id":"","uploaded_by_ios_app":false,"uploaded_by_android_app":false,"media_blocks":{"uploaded_raw_videos":[],"external_raw_videos":[],"remixed_from_coubs":[{"id":31064647,"title":"Friday Fails #61 -- best","url":"https://coub.com/coubs/1r0kkl/remix","image":"https://coub-anubis-a.akamaized.net/coub_storage/media_block/cw_image/13df1f4600f/f19b1897c4bdcead72420/1553444189_aichym_1553444167_00033.jpg","image_retina":"https://coub-anubis-a.akamaized.net/coub_storage/media_block/cw_image/13df1f4600f/f19b1897c4bdcead72420/1553444189_aichym_1553444167_00033.jpg","meta":{"duration":"10.24"},"duration":null,"coub_channel_title":"Fzakharov","coub_channel_permalink":"fzakharov","coub_views_count":33656,"coub_permalink":"1r0kkl"},{"id":27279383,"title":"Хаха","url":"https://coub.com/coubs/1azv1u/remix","image":"https://coub-anubis-a.akamaized.net/coub_storage/media_block/cw_image/2ea57bcd81c/35215ad7267acdcbf720c/1531467438_1531467425_00026.jpg","image_retina":"https://coub-anubis-a.akamaized.net/coub_storage/media_block/cw_image/2ea57bcd81c/35215ad7267acdcbf720c/1531467438_1531467425_00026.jpg","meta":{"duration":"8.04"},"duration":null,"coub_channel_title":"Dzhanbek","coub_channel_permalink":"dzhanbek","coub_views_count":154182,"coub_permalink":"1azv1u"}]},"raw_video_thumbnail_url":"","raw_video_title":"","video_block_banned":false,"duration":8.4,"promo_winner":false,"promo_winner_recoubers":null,"editorial_info":{},"promo_hint":null,"beeline_best_2014":null,"from_web_editor":true,"normalize_sound":true,"normalize_change_allowed":true,"best2015_addable":false,"ahmad_promo":null,"promo_data":null,"audio_copyright_claim":null,"ads_disabled":false,"is_safe_for_ads":true,"megafon_contents":[],"position_on_page":3},{"flag":null,"abuses":null,"recoubs_by_users_channels":null,"favourite":false,"promoted_id":null,"recoub":null,"like":null,"dislike":null,"reaction":null,"in_my_best2015":false,"id":2885330,"type":"Coub::Simple","permalink":"19oy1","title":"...","visibility_type":"public","original_visibility_type":"public","channel_id":204576,"created_at":"2014-04-10T20:52:25Z","updated_at":"2022-03-12T12:02:25Z","is_done":true,"views_count":272458,"cotd":null,"cotd_at":null,"visible_on_explore_root":false,"visible_on_explore":false,"featured":false,"published":true,"published_at":"2014-04-10T20:52:25Z","reversed":false,"from_editor_v2":true,"is_editable":true,"original_sound":true,"has_sound":true,"recoub_to":null,"file_versions":{"html5":{"video":{"higher":{"url":"https://coub-anubis-a.akamaized.net/coub_storage/coub/simple/cw_file/2718789cdf7/53fd97e82a7924cb55149/muted_mp4_huge_size_1567704119_muted_huge.mp4","size":6632058},"high":{"url":"https://coub-anubis-a.akamaized.net/coub_storage/coub/simple/cw_file/2718789cdf7/53fd97e82a7924cb55149/muted_mp4_big_size_1567704119_muted_big.mp4","size":4993237},"med":{"url":"https://coub-anubis-a.akamaized.net/coub_storage/coub/simple/cw_file/2718789cdf7/53fd97e82a7924cb55149/muted_mp4_med_size_1567704119_muted_med.mp4","size":1346208}},"audio":{"high":{"url":"https://coub-anubis-a.akamaized.net/coub_storage/coub/simple/cw_looped_audio_high/67be3ff6c79/80a13791745c2105751ae/1605426691_high_1470862525_high.mp3","size":1218268},"med":{"url":"https://coub-anubis-a.akamaized.net/coub_storage/coub/simple/cw_looped_audio_med/fe9eae89809/a82b34c65861504b678fa/1605426690_med_1470862525_med.mp3","size":1080842},"sample_duration":10.031}},"mobile":{"video":"https://coub-anubis-a.akamaized.net/coub_storage/coub/simple/cw_file/2718789cdf7/53fd97e82a7924cb55149/muted_mp4_med_size_1567704119_muted_med.mp4","audio":["https://coub-anubis-a.akamaized.net/coub_storage/coub/simple/cw_looped_audio_med/fe9eae89809/a82b34c65861504b678fa/1605426690_med_1470862525_med.mp3"]},"share":{"default":"https://coub-anubis-a.akamaized.net/coub_storage/coub/simple/cw_video_for_sharing/7e6d9f23d1b/643951d4d8bdb900261b0/1609065987_looped_1609065985.mp4"}},"audio_versions":{},"image_versions":{"template":"https://coub-anubis-a.akamaized.net/coub_storage/coub/simple/cw_image/b82fa225a12/e15397bc8c10c729a2c8c/1473902666_1397163212_00032.jpg","versions":["micro","tiny","age_restricted","ios_large","ios_mosaic","big","med","small","pinterest"]},"first_frame_versions":{"template":"https://coub-anubis-a.akamaized.net/coub_storage/coub/simple/cw_timeline_pic/5cb959a0e9c/40d12ba4a1e4bc34d3927/%{version}_1473902679_1397163211_image.jpg","versions":["big","med","small","ios_large"]},"dimensions":{"big":[1280,720],"med":[640,360]},"site_w_h":[640,360],"page_w_h":[640,360],"site_w_h_small":[310,174],"size":[1280,720],"age_restricted":false,"age_restricted_by_admin":false,"not_safe_for_work":null,"allow_reuse":false,"dont_crop":false,"banned":false,"global_safe":false,"audio_file_url":null,"external_download":{"type":"Youtube","service_name":"YouTube","url":"http://youtu.be/L79IIXDKnAI","has_embed":true},"application":null,"channel":{"id":204576,"permalink":"alexbukcoubs","title":"alexbuk","description":null,"followers_count":11124,"following_count":8,"avatar_versions":{"template":"https://coub-anubis-a.akamaized.net/coub_storage/channel/cw_avatar/0e6fc02b14c/8b758ea45fa997203d5eb/%{version}_1592439376_26907376_407676259690385_7898833489871104799_n.jpg","versions":["medium","medium_2x","profile_pic","profile_pic_new","profile_pic_new_2x","tiny","tiny_2x","small","small_2x","ios_large","ios_small"]}},"file":null,"picture":"https://coub-anubis-a.akamaized.net/coub_storage/coub/simple/cw_image/b82fa225a12/e15397bc8c10c729a2c8c/1473902666_1397163212_00032.jpg","timeline_picture":"https://coub-anubis-a.akamaized.net/coub_storage/coub/simple/cw_timeline_pic/5cb959a0e9c/40d12ba4a1e4bc34d3927/ios_large_1473902679_1397163211_image.jpg","small_picture":"https://coub-anubis-a.akamaized.net/coub_storage/coub/simple/cw_image/b82fa225a12/e15397bc8c10c729a2c8c/1473902666_1397163212_00032.jpg","sharing_picture":null,"percent_done":100,"tags":[{"id":279180,"title":"geoff platt","value":"geoff%20platt"},{"id":665,"title":"sports","value":"sports"},{"id":8258,"title":"hockey","value":"hockey"},{"id":541689,"title":"локомотив ярославль","value":"%D0%BB%D0%BE%D0%BA%D0%BE%D0%BC%D0%BE%D1%82%D0%B8%D0%B2%20%D1%8F%D1%80%D0%BE%D1%81%D0%BB%D0%B0%D0%B2%D0%BB%D1%8C"}],"categories":[{"id":12,"title":"Sports","permalink":"sports","subscriptions_count":10057526,"big_image_url":"https://coub-anubis-a.akamaized.net/coub_storage/category/cw_image/f582005153c/999b059f60e79e58836fc/big_1544760276_sport2.png","small_image_url":"https://coub-anubis-a.akamaized.net/coub_storage/category/cw_image/f582005153c/999b059f60e79e58836fc/small_1544760276_sport2.png","med_image_url":"https://coub-anubis-a.akamaized.net/coub_storage/category/cw_image/f582005153c/999b059f60e79e58836fc/med_1544760276_sport2.png","visible":true}],"communities":[{"id":12,"title":"Sports","permalink":"sports","subscriptions_count":10057526,"big_image_url":"https://coub-anubis-a.akamaized.net/coub_storage/category/cw_image/f582005153c/999b059f60e79e58836fc/big_1544760276_sport2.png","small_image_url":"https://coub-anubis-a.akamaized.net/coub_storage/category/cw_image/f582005153c/999b059f60e79e58836fc/small_1544760276_sport2.png","med_image_url":"https://coub-anubis-a.akamaized.net/coub_storage/category/cw_image/f582005153c/999b059f60e79e58836fc/med_1544760276_sport2.png","i_subscribed":true,"community_notifications_enabled":null,"description":null}],"recoubs_count":1169,"remixes_count":0,"likes_count":4647,"dislikes_count":0,"raw_video_id":583233,"uploaded_by_ios_app":false,"uploaded_by_android_app":false,"media_blocks":{"uploaded_raw_videos":[],"external_raw_videos":[{"id":11268020,"title":"Фантастический гол Джеффа Плэтта / Geoff Platt scores fantastic goal","url":"http://www.youtube.com/watch?v=L79IIXDKnAI","image":"https://coub-anubis-a.akamaized.net/coub_storage/media_block/cw_image/7005f4ad751/3137b988c21782a3ae2fb/1492469626_1407441695_1397162378_1p40dvv_att-url-download.jpg","image_retina":"https://coub-anubis-a.akamaized.net/coub_storage/media_block/cw_image/7005f4ad751/3137b988c21782a3ae2fb/1492469626_1407441695_1397162378_1p40dvv_att-url-download.jpg","meta":{"service":"Youtube","duration":"82.76"},"duration":82.76,"raw_video_id":583233,"has_embed":true}],"remixed_from_coubs":[],"external_video":{"id":11268020,"title":"Фантастический гол Джеффа Плэтта / Geoff Platt scores fantastic goal","url":"http://www.youtube.com/watch?v=L79IIXDKnAI","image":"https://coub-anubis-a.akamaized.net/coub_storage/media_block/cw_image/7005f4ad751/3137b988c21782a3ae2fb/1492469626_1407441695_1397162378_1p40dvv_att-url-download.jpg","image_retina":"https://coub-anubis-a.akamaized.net/coub_storage/media_block/cw_image/7005f4ad751/3137b988c21782a3ae2fb/1492469626_1407441695_1397162378_1p40dvv_att-url-download.jpg","meta":{"service":"Youtube","duration":"82.76"},"duration":82.76,"raw_video_id":583233,"has_embed":true}},"raw_video_thumbnail_url":"/missing/missing.png","raw_video_title":"Фантастический гол Джеффа Плэтта / Geoff Platt scores fantastic goal","video_block_banned":false,"duration":10.0,"promo_winner":false,"promo_winner_recoubers":null,"editorial_info":{},"promo_hint":null,"beeline_best_2014":null,"from_web_editor":true,"normalize_sound":true,"normalize_change_allowed":true,"best2015_addable":false,"ahmad_promo":null,"promo_data":null,"audio_copyright_claim":null,"ads_disabled":null,"is_safe_for_ads":true,"megafon_contents":[],"position_on_page":4},{"flag":null,"abuses":null,"recoubs_by_users_channels":null,"favourite":false,"promoted_id":null,"recoub":null,"like":null,"dislike":null,"reaction":null,"in_my_best2015":false,"id":71622321,"type":"Coub::Simple","permalink":"167siy","title":"move off with a effect","visibility_type":"public","original_visibility_type":"public","channel_id":2327866,"created_at":"2018-04-10T16:31:35Z","updated_at":"2022-03-15T18:38:08Z","is_done":true,"views_count":404988,"cotd":null,"cotd_at":null,"visible_on_explore_root":false,"visible_on_explore":false,"featured":false,"published":true,"published_at":"2018-04-10T16:31:35Z","reversed":false,"from_editor_v2":true,"is_editable":true,"original_sound":false,"has_sound":false,"recoub_to":null,"file_versions":{"html5":{"video":{"higher":{"url":"https://coub-anubis-a.akamaized.net/coub_storage/coub/simple/cw_file/796c2d59d34/06fba5e873842e02f2019/muted_mp4_huge_size_1568218934_muted_huge.mp4","size":4773106},"high":{"url":"https://coub-anubis-a.akamaized.net/coub_storage/coub/simple/cw_file/796c2d59d34/06fba5e873842e02f2019/muted_mp4_big_size_1568218934_muted_big.mp4","size":3687666},"med":{"url":"https://coub-anubis-a.akamaized.net/coub_storage/coub/simple/cw_file/796c2d59d34/06fba5e873842e02f2019/muted_mp4_med_size_1568218934_muted_med.mp4","size":1150209}},"audio":{"high":{"url":"https://coub-anubis-a.akamaized.net/coub_storage/coub/simple/cw_looped_audio_high/6491e577783/5d497642efd709dc8d1cd/1605645660_high_1523377922_high.mp3","size":1052655},"med":{"url":"https://coub-anubis-a.akamaized.net/coub_storage/coub/simple/cw_looped_audio_med/de10719e31e/05373e74dce9440457f86/1605645660_med_1523377922_med.mp3","size":803559}}},"mobile":{"video":"https://coub-anubis-a.akamaized.net/coub_storage/coub/simple/cw_file/796c2d59d34/06fba5e873842e02f2019/muted_mp4_med_size_1568218934_muted_med.mp4","audio":["https://coub-anubis-a.akamaized.net/coub_storage/coub/simple/cw_looped_audio_med/de10719e31e/05373e74dce9440457f86/1605645660_med_1523377922_med.mp3"]},"share":{"default":"https://coub-anubis-a.akamaized.net/coub_storage/coub/simple/cw_video_for_sharing/7210535b363/58ba27483c04eeb55c082/1610100851_looped_1610100849.mp4"}},"audio_versions":{"template":"https://coub-anubis-a.akamaized.net/coub_storage/audio_track/cw_normalized_copy/1f38f806354/f3b9802df0c5bee41c4f4/mid_1523377920_gtycil_normalized_1523377919_1mhqzav_edited.mp3","versions":["mid","low"]},"image_versions":{"template":"https://coub-anubis-a.akamaized.net/coub_storage/coub/simple/cw_image/3cee309df6f/fc9e7af1a16b9270d50b4/1523377929_00032.jpg","versions":["micro","tiny","age_restricted","ios_large","ios_mosaic","big","med","small","pinterest"]},"first_frame_versions":{"template":"https://coub-anubis-a.akamaized.net/coub_storage/coub/simple/cw_timeline_pic/1782300cd61/bcd561219001c5ca4bd3e/%{version}_1523377928_image.jpg","versions":["big","med","small","ios_large"]},"dimensions":{"big":[1280,720],"med":[640,360]},"site_w_h":[640,360],"page_w_h":[640,360],"site_w_h_small":[310,174],"size":[1280,720],"age_restricted":false,"age_restricted_by_admin":false,"not_safe_for_work":false,"allow_reuse":false,"dont_crop":false,"banned":false,"global_safe":true,"audio_file_url":"https://coub-anubis-a.akamaized.net/coub_storage/audio_track/cw_normalized_copy/1f38f806354/f3b9802df0c5bee41c4f4/low_1523377920_gtycil_normalized_1523377919_1mhqzav_edited.mp3","external_download":{"type":"Youtube","service_name":"YouTube","url":"http://youtu.be/PVXCsj7VsZo","has_embed":true},"application":null,"channel":{"id":2327866,"permalink":"vladimirvalentinovich6","title":"Vladimir Valentinovich","description":"300 frames impressions","followers_count":217,"following_count":0,"avatar_versions":{"template":"https://coub-anubis-a.akamaized.net/coub_storage/channel/cw_avatar/e0041cabbca/4a497c7f35d51a0d4bfc1/%{version}_1608480343_33.png","versions":["medium","medium_2x","profile_pic","profile_pic_new","profile_pic_new_2x","tiny","tiny_2x","small","small_2x","ios_large","ios_small"]}},"file":null,"picture":"https://coub-anubis-a.akamaized.net/coub_storage/coub/simple/cw_image/3cee309df6f/fc9e7af1a16b9270d50b4/1523377929_00032.jpg","timeline_picture":"https://coub-anubis-a.akamaized.net/coub_storage/coub/simple/cw_timeline_pic/1782300cd61/bcd561219001c5ca4bd3e/ios_large_1523377928_image.jpg","small_picture":"https://coub-anubis-a.akamaized.net/coub_storage/coub/simple/cw_image/3cee309df6f/fc9e7af1a16b9270d50b4/1523377929_00032.jpg","sharing_picture":null,"percent_done":100,"tags":[{"id":26204,"title":"reporter","value":"reporter"},{"id":1504,"title":"moto","value":"moto"},{"id":443,"title":"fail","value":"fail"},{"id":836367,"title":"rammstein - mein herz brennt","value":"rammstein%20-%20mein%20herz%20brennt"},{"id":12149,"title":"dirt","value":"dirt"},{"id":3870421,"title":"dirt a face","value":"dirt%20a%20face"},{"id":3870422,"title":"borntomx","value":"borntomx"}],"categories":[{"id":12,"title":"Sports","permalink":"sports","subscriptions_count":10057526,"big_image_url":"https://coub-anubis-a.akamaized.net/coub_storage/category/cw_image/f582005153c/999b059f60e79e58836fc/big_1544760276_sport2.png","small_image_url":"https://coub-anubis-a.akamaized.net/coub_storage/category/cw_image/f582005153c/999b059f60e79e58836fc/small_1544760276_sport2.png","med_image_url":"https://coub-anubis-a.akamaized.net/coub_storage/category/cw_image/f582005153c/999b059f60e79e58836fc/med_1544760276_sport2.png","visible":true}],"communities":[{"id":12,"title":"Sports","permalink":"sports","subscriptions_count":10057526,"big_image_url":"https://coub-anubis-a.akamaized.net/coub_storage/category/cw_image/f582005153c/999b059f60e79e58836fc/big_1544760276_sport2.png","small_image_url":"https://coub-anubis-a.akamaized.net/coub_storage/category/cw_image/f582005153c/999b059f60e79e58836fc/small_1544760276_sport2.png","med_image_url":"https://coub-anubis-a.akamaized.net/coub_storage/category/cw_image/f582005153c/999b059f60e79e58836fc/med_1544760276_sport2.png","i_subscribed":true,"community_notifications_enabled":null,"description":null}],"recoubs_count":897,"remixes_count":3,"likes_count":4641,"dislikes_count":0,"raw_video_id":11496075,"uploaded_by_ios_app":false,"uploaded_by_android_app":false,"media_blocks":{"uploaded_raw_videos":[],"external_raw_videos":[{"id":25817871,"title":"EAT THE DIRT big FAIL reporter ENDURO | MUD - www.borntomx.pl","url":"http://www.youtube.com/watch?v=PVXCsj7VsZo","image":"https://coub-anubis-a.akamaized.net/coub_storage/media_block/cw_image/ddade3a4aa1/e94aefa88ffc189a4f2b1/1523375411_1523375403_7ia8rz_att-url-download.jpg","image_retina":"https://coub-anubis-a.akamaized.net/coub_storage/media_block/cw_image/ddade3a4aa1/e94aefa88ffc189a4f2b1/1523375411_1523375403_7ia8rz_att-url-download.jpg","meta":{"service":"Youtube","duration":"31.52"},"duration":31.52,"raw_video_id":11496075,"has_embed":true}],"remixed_from_coubs":[],"external_video":{"id":25817871,"title":"EAT THE DIRT big FAIL reporter ENDURO | MUD - www.borntomx.pl","url":"http://www.youtube.com/watch?v=PVXCsj7VsZo","image":"https://coub-anubis-a.akamaized.net/coub_storage/media_block/cw_image/ddade3a4aa1/e94aefa88ffc189a4f2b1/1523375411_1523375403_7ia8rz_att-url-download.jpg","image_retina":"https://coub-anubis-a.akamaized.net/coub_storage/media_block/cw_image/ddade3a4aa1/e94aefa88ffc189a4f2b1/1523375411_1523375403_7ia8rz_att-url-download.jpg","meta":{"service":"Youtube","duration":"31.52"},"duration":31.52,"raw_video_id":11496075,"has_embed":true}},"raw_video_thumbnail_url":"/missing/missing.png","raw_video_title":"EAT THE DIRT big FAIL reporter ENDURO | MUD - www.borntomx.pl","video_block_banned":false,"duration":10.0,"promo_winner":false,"promo_winner_recoubers":null,"editorial_info":{},"promo_hint":null,"beeline_best_2014":null,"from_web_editor":true,"normalize_sound":true,"normalize_change_allowed":true,"best2015_addable":false,"ahmad_promo":null,"promo_data":null,"audio_copyright_claim":null,"ads_disabled":false,"is_safe_for_ads":true,"megafon_contents":[],"position_on_page":5},{"flag":null,"abuses":null,"recoubs_by_users_channels":null,"favourite":false,"promoted_id":null,"recoub":null,"like":null,"dislike":null,"reaction":null,"in_my_best2015":false,"id":5204613,"type":"Coub::Simple","permalink":"2nej4","title":"Oops..I think I did it","visibility_type":"public","original_visibility_type":"public","channel_id":597942,"created_at":"2014-07-27T17:27:46Z","updated_at":"2022-03-08T09:47:20Z","is_done":true,"views_count":2121925,"cotd":null,"cotd_at":null,"visible_on_explore_root":false,"visible_on_explore":false,"featured":false,"published":true,"published_at":"2014-07-27T17:27:46Z","reversed":false,"from_editor_v2":true,"is_editable":true,"original_sound":false,"has_sound":false,"recoub_to":null,"file_versions":{"html5":{"video":{"higher":{"url":"https://coub-anubis-a.akamaized.net/coub_storage/coub/simple/cw_file/40c499baf59/492c69fe92941617b6185/muted_mp4_huge_size_1567724258_muted_huge.mp4","size":3455133},"high":{"url":"https://coub-anubis-a.akamaized.net/coub_storage/coub/simple/cw_file/40c499baf59/492c69fe92941617b6185/muted_mp4_big_size_1567724258_muted_big.mp4","size":2146971},"med":{"url":"https://coub-anubis-a.akamaized.net/coub_storage/coub/simple/cw_file/40c499baf59/492c69fe92941617b6185/muted_mp4_med_size_1567724258_muted_med.mp4","size":729527}},"audio":{"high":{"url":"https://coub-anubis-a.akamaized.net/coub_storage/coub/simple/cw_looped_audio_high/5684cabd757/35e85a2281ca3018d15d3/1605432660_high_1445948265_high.mp3","size":3093315},"med":{"url":"https://coub-anubis-a.akamaized.net/coub_storage/coub/simple/cw_looped_audio_med/f71b5196caa/69c87c237809128233e97/1605432660_med_1445948265_med.mp3","size":2062209}}},"mobile":{"video":"https://coub-anubis-a.akamaized.net/coub_storage/coub/simple/cw_file/40c499baf59/492c69fe92941617b6185/muted_mp4_med_size_1567724258_muted_med.mp4","audio":["https://coub-anubis-a.akamaized.net/coub_storage/coub/simple/cw_looped_audio_med/f71b5196caa/69c87c237809128233e97/1605432660_med_1445948265_med.mp3"]},"share":{"default":"https://coub-anubis-a.akamaized.net/coub_storage/coub/simple/cw_video_for_sharing/200c4ac3a18/9333262b835a6ff1c5304/1613387436_looped_1613387435.mp4"}},"audio_versions":{"template":"https://coub-anubis-a.akamaized.net/coub_storage/coub/simple/cw_audio/7e12f6efada/cdb7937226d3fcb8c69be/mid_1406482106_out.mp3","versions":["mid","low"]},"image_versions":{"template":"https://coub-anubis-a.akamaized.net/coub_storage/coub/simple/cw_image/7e12f6efada/cdb7937226d3fcb8c69be/1406482107_00032.jpg","versions":["micro","tiny","age_restricted","ios_large","ios_mosaic","big","med","small","pinterest"]},"first_frame_versions":{"template":"https://coub-anubis-a.akamaized.net/coub_storage/coub/simple/cw_timeline_pic/7e12f6efada/cdb7937226d3fcb8c69be/%{version}_1406482106_image.jpg","versions":["big","med","small","ios_large"]},"dimensions":{"big":[1280,720],"med":[640,360]},"site_w_h":[640,360],"page_w_h":[640,360],"site_w_h_small":[310,174],"size":[1280,720],"age_restricted":false,"age_restricted_by_admin":false,"not_safe_for_work":null,"allow_reuse":false,"dont_crop":false,"banned":false,"global_safe":true,"audio_file_url":"https://coub-anubis-a.akamaized.net/coub_storage/coub/simple/cw_audio/7e12f6efada/cdb7937226d3fcb8c69be/low_1406482106_out.mp3","external_download":false,"application":null,"channel":{"id":597942,"permalink":"fdfdgdgd","title":"LS","description":null,"followers_count":1119,"following_count":248,"avatar_versions":{"template":"https://coub-anubis-a.akamaized.net/coub_storage/channel/cw_avatar/9e969392e7e/5d5d15a27bc6b9953f0ae/%{version}_1608482234_1hfp1wp_1474518089_1244170075_kartinki-ohuennoe.info-54.jpg","versions":["medium","medium_2x","profile_pic","profile_pic_new","profile_pic_new_2x","tiny","tiny_2x","small","small_2x","ios_large","ios_small"]}},"file":null,"picture":"https://coub-anubis-a.akamaized.net/coub_storage/coub/simple/cw_image/7e12f6efada/cdb7937226d3fcb8c69be/1406482107_00032.jpg","timeline_picture":"https://coub-anubis-a.akamaized.net/coub_storage/coub/simple/cw_timeline_pic/7e12f6efada/cdb7937226d3fcb8c69be/ios_large_1406482106_image.jpg","small_picture":"https://coub-anubis-a.akamaized.net/coub_storage/coub/simple/cw_image/7e12f6efada/cdb7937226d3fcb8c69be/1406482107_00032.jpg","sharing_picture":null,"percent_done":100,"tags":[{"id":391001,"title":"hertha bsc","value":"hertha%20bsc"}],"categories":[{"id":12,"title":"Sports","permalink":"sports","subscriptions_count":10057526,"big_image_url":"https://coub-anubis-a.akamaized.net/coub_storage/category/cw_image/f582005153c/999b059f60e79e58836fc/big_1544760276_sport2.png","small_image_url":"https://coub-anubis-a.akamaized.net/coub_storage/category/cw_image/f582005153c/999b059f60e79e58836fc/small_1544760276_sport2.png","med_image_url":"https://coub-anubis-a.akamaized.net/coub_storage/category/cw_image/f582005153c/999b059f60e79e58836fc/med_1544760276_sport2.png","visible":true}],"communities":[{"id":12,"title":"Sports","permalink":"sports","subscriptions_count":10057526,"big_image_url":"https://coub-anubis-a.akamaized.net/coub_storage/category/cw_image/f582005153c/999b059f60e79e58836fc/big_1544760276_sport2.png","small_image_url":"https://coub-anubis-a.akamaized.net/coub_storage/category/cw_image/f582005153c/999b059f60e79e58836fc/small_1544760276_sport2.png","med_image_url":"https://coub-anubis-a.akamaized.net/coub_storage/category/cw_image/f582005153c/999b059f60e79e58836fc/med_1544760276_sport2.png","i_subscribed":true,"community_notifications_enabled":null,"description":null}],"recoubs_count":1236,"remixes_count":1,"likes_count":4640,"dislikes_count":0,"raw_video_id":1390160,"uploaded_by_ios_app":false,"uploaded_by_android_app":false,"media_blocks":{"uploaded_raw_videos":[],"external_raw_videos":[],"remixed_from_coubs":[],"audio_track":{"id":19340161,"title":"Oops...I Did It Again","url":null,"image":null,"image_retina":null,"meta":{"year":null,"album":null,"title":"Oops...I Did It Again","artist":"Palast Orchester mit seinem Sänger Max Raabe","echonest_id":null},"duration":null,"amazon_url":null,"google_play_url":null,"bandcamp_url":null,"soundcloud_url":null,"track_name":null,"track_artist":null,"track_album":null,"itunes_url":null}},"raw_video_thumbnail_url":"/missing/missing.png","raw_video_title":"Oops..I think I did it","video_block_banned":false,"duration":10.0,"promo_winner":false,"promo_winner_recoubers":null,"editorial_info":{},"promo_hint":null,"beeline_best_2014":null,"from_web_editor":true,"normalize_sound":true,"normalize_change_allowed":true,"best2015_addable":false,"ahmad_promo":null,"promo_data":null,"audio_copyright_claim":null,"ads_disabled":null,"is_safe_for_ads":true,"megafon_contents":[],"position_on_page":6},{"flag":null,"abuses":null,"recoubs_by_users_channels":null,"favourite":false,"promoted_id":null,"recoub":null,"like":null,"dislike":null,"reaction":null,"in_my_best2015":false,"id":109623489,"type":"Coub::Simple","permalink":"1suzc5","title":"Terminator)))","visibility_type":"public","original_visibility_type":"public","channel_id":5520725,"created_at":"2019-04-22T11:46:18Z","updated_at":"2022-03-09T19:24:29Z","is_done":true,"views_count":232471,"cotd":null,"cotd_at":null,"visible_on_explore_root":false,"visible_on_explore":false,"featured":false,"published":true,"published_at":"2019-04-22T11:46:18Z","reversed":false,"from_editor_v2":true,"is_editable":true,"original_sound":true,"has_sound":true,"recoub_to":null,"file_versions":{"html5":{"video":{"higher":{"url":"https://coub-anubis-a.akamaized.net/coub_storage/coub/simple/cw_file/6f6416e743d/f5d6c9bb1a174462f4451/muted_mp4_huge_size_1569083175_muted_huge.mp4","size":3190285},"high":{"url":"https://coub-anubis-a.akamaized.net/coub_storage/coub/simple/cw_file/6f6416e743d/f5d6c9bb1a174462f4451/muted_mp4_big_size_1569083175_muted_big.mp4","size":2103672},"med":{"url":"https://coub-anubis-a.akamaized.net/coub_storage/coub/simple/cw_file/6f6416e743d/f5d6c9bb1a174462f4451/muted_mp4_med_size_1569083175_muted_med.mp4","size":1060775}},"audio":{"high":{"url":"https://coub-anubis-a.akamaized.net/coub_storage/coub/simple/cw_looped_audio_high/c41caf9fe53/1c790d84d2c0579ecd06d/1605679478_high_1555933581_high.mp3","size":1261324},"med":{"url":"https://coub-anubis-a.akamaized.net/coub_storage/coub/simple/cw_looped_audio_med/9eae12f2861/ba5766b6c93b4ff518a5c/1605679477_med_1555933581_med.mp3","size":880287},"sample_duration":6.13}},"mobile":{"video":"https://coub-anubis-a.akamaized.net/coub_storage/coub/simple/cw_file/6f6416e743d/f5d6c9bb1a174462f4451/muted_mp4_med_size_1569083175_muted_med.mp4","audio":["https://coub-anubis-a.akamaized.net/coub_storage/coub/simple/cw_looped_audio_med/9eae12f2861/ba5766b6c93b4ff518a5c/1605679477_med_1555933581_med.mp3"]},"share":{"default":"https://coub-anubis-a.akamaized.net/coub_storage/coub/simple/cw_video_for_sharing/657e7eb17bf/0ed3d6666e17bbbb7e8cb/1612948755_looped_1612948754.mp4"}},"audio_versions":{},"image_versions":{"template":"https://coub-anubis-a.akamaized.net/coub_storage/coub/simple/cw_image/2c115ce43f8/59c4b3c93ff416a705896/1555933586_00020.jpg","versions":["micro","tiny","age_restricted","ios_large","ios_mosaic","big","med","small","pinterest"]},"first_frame_versions":{"template":"https://coub-anubis-a.akamaized.net/coub_storage/coub/simple/cw_timeline_pic/4b126ad522a/52ef1c7ef99136a756dd6/%{version}_1555933586_image.jpg","versions":["big","med","small","ios_large"]},"dimensions":{"big":[1280,720],"med":[640,360]},"site_w_h":[640,360],"page_w_h":[640,360],"site_w_h_small":[310,174],"size":[1280,720],"age_restricted":false,"age_restricted_by_admin":false,"not_safe_for_work":false,"allow_reuse":false,"dont_crop":false,"banned":false,"global_safe":true,"audio_file_url":null,"external_download":false,"application":null,"channel":{"id":5520725,"permalink":"eugene-galaxy","title":"Eugene Galaxy","description":"@handbags_decor_sn","followers_count":41,"following_count":38,"avatar_versions":{"template":"https://coub-anubis-a.akamaized.net/coub_storage/channel/cw_avatar/0ba5b6d8591/489a273dfef28174fa014/%{version}_1607912729_12qabg2_1568890519_139769-20.jpg","versions":["medium","medium_2x","profile_pic","profile_pic_new","profile_pic_new_2x","tiny","tiny_2x","small","small_2x","ios_large","ios_small"]}},"file":null,"picture":"https://coub-anubis-a.akamaized.net/coub_storage/coub/simple/cw_image/2c115ce43f8/59c4b3c93ff416a705896/1555933586_00020.jpg","timeline_picture":"https://coub-anubis-a.akamaized.net/coub_storage/coub/simple/cw_timeline_pic/4b126ad522a/52ef1c7ef99136a756dd6/ios_large_1555933586_image.jpg","small_picture":"https://coub-anubis-a.akamaized.net/coub_storage/coub/simple/cw_image/2c115ce43f8/59c4b3c93ff416a705896/1555933586_00020.jpg","sharing_picture":null,"percent_done":100,"tags":[{"id":1468,"title":"terminator","value":"terminator"},{"id":675,"title":"shooting","value":"shooting"},{"id":81486,"title":"winchester","value":"winchester"}],"categories":[{"id":12,"title":"Sports","permalink":"sports","subscriptions_count":10057526,"big_image_url":"https://coub-anubis-a.akamaized.net/coub_storage/category/cw_image/f582005153c/999b059f60e79e58836fc/big_1544760276_sport2.png","small_image_url":"https://coub-anubis-a.akamaized.net/coub_storage/category/cw_image/f582005153c/999b059f60e79e58836fc/small_1544760276_sport2.png","med_image_url":"https://coub-anubis-a.akamaized.net/coub_storage/category/cw_image/f582005153c/999b059f60e79e58836fc/med_1544760276_sport2.png","visible":true}],"communities":[{"id":12,"title":"Sports","permalink":"sports","subscriptions_count":10057526,"big_image_url":"https://coub-anubis-a.akamaized.net/coub_storage/category/cw_image/f582005153c/999b059f60e79e58836fc/big_1544760276_sport2.png","small_image_url":"https://coub-anubis-a.akamaized.net/coub_storage/category/cw_image/f582005153c/999b059f60e79e58836fc/small_1544760276_sport2.png","med_image_url":"https://coub-anubis-a.akamaized.net/coub_storage/category/cw_image/f582005153c/999b059f60e79e58836fc/med_1544760276_sport2.png","i_subscribed":true,"community_notifications_enabled":null,"description":null}],"recoubs_count":969,"remixes_count":3,"likes_count":4627,"dislikes_count":0,"raw_video_id":13587924,"uploaded_by_ios_app":false,"uploaded_by_android_app":false,"media_blocks":{"uploaded_raw_videos":[],"external_raw_videos":[],"remixed_from_coubs":[]},"raw_video_thumbnail_url":"/missing/missing.png","raw_video_title":"_____09.mp4","video_block_banned":false,"duration":6.12,"promo_winner":false,"promo_winner_recoubers":null,"editorial_info":{},"promo_hint":null,"beeline_best_2014":null,"from_web_editor":true,"normalize_sound":true,"normalize_change_allowed":true,"best2015_addable":false,"ahmad_promo":null,"promo_data":null,"audio_copyright_claim":null,"ads_disabled":false,"is_safe_for_ads":true,"megafon_contents":[],"position_on_page":7},{"flag":null,"abuses":null,"recoubs_by_users_channels":null,"favourite":false,"promoted_id":null,"recoub":null,"like":null,"dislike":null,"reaction":null,"in_my_best2015":false,"id":73297017,"type":"Coub::Simple","permalink":"177wge","title":"every morning","visibility_type":"public","original_visibility_type":"public","channel_id":1113230,"created_at":"2018-04-30T21:56:24Z","updated_at":"2022-03-16T05:20:46Z","is_done":true,"views_count":164602,"cotd":null,"cotd_at":null,"visible_on_explore_root":false,"visible_on_explore":false,"featured":false,"published":true,"published_at":"2018-04-30T21:56:24Z","reversed":false,"from_editor_v2":true,"is_editable":true,"original_sound":false,"has_sound":false,"recoub_to":null,"file_versions":{"html5":{"video":{"higher":{"url":"https://coub-anubis-a.akamaized.net/coub_storage/coub/simple/cw_file/267fb74ac35/6b4d91d6fee94a0f7a132/muted_mp4_huge_size_1568227568_muted_huge.mp4","size":940586},"high":{"url":"https://coub-anubis-a.akamaized.net/coub_storage/coub/simple/cw_file/267fb74ac35/6b4d91d6fee94a0f7a132/muted_mp4_big_size_1568227568_muted_big.mp4","size":744075},"med":{"url":"https://coub-anubis-a.akamaized.net/coub_storage/coub/simple/cw_file/267fb74ac35/6b4d91d6fee94a0f7a132/muted_mp4_med_size_1568227568_muted_med.mp4","size":278319}},"audio":{"high":{"url":"https://coub-anubis-a.akamaized.net/coub_storage/coub/simple/cw_looped_audio_high/5c6a094fcc0/e5438775a82acf212bcfe/1605649798_high_1525125416_high.mp3","size":3622520},"med":{"url":"https://coub-anubis-a.akamaized.net/coub_storage/coub/simple/cw_looped_audio_med/9e737bcdba2/f685fb71b446609c6f494/1605649797_med_1525125416_med.mp3","size":2542449}}},"mobile":{"video":"https://coub-anubis-a.akamaized.net/coub_storage/coub/simple/cw_file/267fb74ac35/6b4d91d6fee94a0f7a132/muted_mp4_med_size_1568227568_muted_med.mp4","audio":["https://coub-anubis-a.akamaized.net/coub_storage/coub/simple/cw_looped_audio_med/9e737bcdba2/f685fb71b446609c6f494/1605649797_med_1525125416_med.mp3"]},"share":{"default":"https://coub-anubis-a.akamaized.net/coub_storage/coub/simple/cw_video_for_sharing/a3a89f428c7/be688e90dc4d1746e3c86/1608587074_looped_1608587074.mp4"}},"audio_versions":{"template":"https://coub-anubis-a.akamaized.net/coub_storage/audio_track/cw_normalized_copy/0bd599af25f/0992db2ef970bd0af6ed7/mid_1525125405_s3y5do_normalized_1525125391_1l9q9ov_edited.mp3","versions":["mid","low"]},"image_versions":{"template":"https://coub-anubis-a.akamaized.net/coub_storage/coub/simple/cw_image/23e9f168830/961c6d50cda4165e95e9c/1525125428_00018.jpg","versions":["micro","tiny","age_restricted","ios_large","ios_mosaic","big","med","small","pinterest"]},"first_frame_versions":{"template":"https://coub-anubis-a.akamaized.net/coub_storage/coub/simple/cw_timeline_pic/c7f043ce528/7beaeff1de76e08d12132/%{version}_1525125428_image.jpg","versions":["big","med","small","ios_large"]},"dimensions":{"big":[1280,960],"med":[640,480]},"site_w_h":[640,480],"page_w_h":[640,480],"site_w_h_small":[310,233],"size":[1280,960],"age_restricted":false,"age_restricted_by_admin":false,"not_safe_for_work":false,"allow_reuse":false,"dont_crop":false,"banned":false,"global_safe":true,"audio_file_url":"https://coub-anubis-a.akamaized.net/coub_storage/audio_track/cw_normalized_copy/0bd599af25f/0992db2ef970bd0af6ed7/low_1525125405_s3y5do_normalized_1525125391_1l9q9ov_edited.mp3","external_download":false,"application":null,"channel":{"id":1113230,"permalink":"xox-love","title":"地球外の-xox-love","description":"私は幸運だ - 運と神は私のそばには常に\r\ncoub.com/view/3nrl5 =====                                        on the cover: coub.com/view/o3w1","followers_count":4475,"following_count":77,"avatar_versions":{"template":"https://coub-anubis-a.akamaized.net/coub_storage/channel/cw_avatar/c6072ec1512/6e40446e970b347b01e74/%{version}_1607421195_vceewk_1543963315____.jpg","versions":["medium","medium_2x","profile_pic","profile_pic_new","profile_pic_new_2x","tiny","tiny_2x","small","small_2x","ios_large","ios_small"]}},"file":null,"picture":"https://coub-anubis-a.akamaized.net/coub_storage/coub/simple/cw_image/23e9f168830/961c6d50cda4165e95e9c/1525125428_00018.jpg","timeline_picture":"https://coub-anubis-a.akamaized.net/coub_storage/coub/simple/cw_timeline_pic/c7f043ce528/7beaeff1de76e08d12132/ios_large_1525125428_image.jpg","small_picture":"https://coub-anubis-a.akamaized.net/coub_storage/coub/simple/cw_image/23e9f168830/961c6d50cda4165e95e9c/1525125428_00018.jpg","sharing_picture":null,"percent_done":100,"tags":[],"categories":[{"id":12,"title":"Sports","permalink":"sports","subscriptions_count":10057526,"big_image_url":"https://coub-anubis-a.akamaized.net/coub_storage/category/cw_image/f582005153c/999b059f60e79e58836fc/big_1544760276_sport2.png","small_image_url":"https://coub-anubis-a.akamaized.net/coub_storage/category/cw_image/f582005153c/999b059f60e79e58836fc/small_1544760276_sport2.png","med_image_url":"https://coub-anubis-a.akamaized.net/coub_storage/category/cw_image/f582005153c/999b059f60e79e58836fc/med_1544760276_sport2.png","visible":true}],"communities":[{"id":12,"title":"Sports","permalink":"sports","subscriptions_count":10057526,"big_image_url":"https://coub-anubis-a.akamaized.net/coub_storage/category/cw_image/f582005153c/999b059f60e79e58836fc/big_1544760276_sport2.png","small_image_url":"https://coub-anubis-a.akamaized.net/coub_storage/category/cw_image/f582005153c/999b059f60e79e58836fc/small_1544760276_sport2.png","med_image_url":"https://coub-anubis-a.akamaized.net/coub_storage/category/cw_image/f582005153c/999b059f60e79e58836fc/med_1544760276_sport2.png","i_subscribed":true,"community_notifications_enabled":null,"description":null}],"recoubs_count":739,"remixes_count":9,"likes_count":4626,"dislikes_count":0,"raw_video_id":"","uploaded_by_ios_app":false,"uploaded_by_android_app":false,"media_blocks":{"uploaded_raw_videos":[],"external_raw_videos":[],"remixed_from_coubs":[{"id":21127614,"title":"Morning exercises","url":"http://coub.com/coubs/va5us/remix","image":"https://coub-anubis-a.akamaized.net/coub_storage/media_block/cw_image/57eaecf9f2f/1493b70663e01c9a633f6/1498178077_1498178060_00018.jpg","image_retina":"https://coub-anubis-a.akamaized.net/coub_storage/media_block/cw_image/57eaecf9f2f/1493b70663e01c9a633f6/1498178077_1498178060_00018.jpg","meta":{"duration":"5.72"},"duration":null,"coub_channel_title":"地球外の-xox-love","coub_channel_permalink":"xox-love","coub_views_count":2361,"coub_permalink":"va5us"}]},"raw_video_thumbnail_url":"","raw_video_title":"","video_block_banned":false,"duration":5.72,"promo_winner":false,"promo_winner_recoubers":null,"editorial_info":{},"promo_hint":null,"beeline_best_2014":null,"from_web_editor":true,"normalize_sound":true,"normalize_change_allowed":true,"best2015_addable":false,"ahmad_promo":null,"promo_data":null,"audio_copyright_claim":null,"ads_disabled":false,"is_safe_for_ads":true,"megafon_contents":[],"position_on_page":8},{"flag":null,"abuses":null,"recoubs_by_users_channels":null,"favourite":false,"promoted_id":null,"recoub":null,"like":null,"dislike":null,"reaction":null,"in_my_best2015":false,"id":167519943,"type":"Coub::Simple","permalink":"2re22i","title":"Веселый тамада и конкурсы интересные","visibility_type":"public","original_visibility_type":"public","channel_id":3588187,"created_at":"2021-04-24T08:39:39Z","updated_at":"2022-03-16T00:14:32Z","is_done":true,"views_count":218710,"cotd":null,"cotd_at":null,"visible_on_explore_root":false,"visible_on_explore":false,"featured":false,"published":true,"published_at":"2021-04-24T08:39:39Z","reversed":false,"from_editor_v2":true,"is_editable":true,"original_sound":true,"has_sound":true,"recoub_to":null,"file_versions":{"html5":{"video":{"higher":{"url":"https://coub-anubis-a.akamaized.net/coub_storage/coub/simple/cw_file/95128ae7e5d/8d052b052d4c3ef1f9ac8/muted_mp4_huge_size_1619253589_muted_huge.mp4","size":4441921},"high":{"url":"https://coub-anubis-a.akamaized.net/coub_storage/coub/simple/cw_file/95128ae7e5d/8d052b052d4c3ef1f9ac8/muted_mp4_big_size_1619253589_muted_big.mp4","size":2796787},"med":{"url":"https://coub-anubis-a.akamaized.net/coub_storage/coub/simple/cw_file/95128ae7e5d/8d052b052d4c3ef1f9ac8/muted_mp4_med_size_1619253589_muted_med.mp4","size":978261}},"audio":{"high":{"url":"https://coub-anubis-a.akamaized.net/coub_storage/coub/simple/cw_looped_audio_high/0937317239e/5c91546d32cb7317327af/1619253591_mp3-high.mp3","size":1042480},"med":{"url":"https://coub-anubis-a.akamaized.net/coub_storage/coub/simple/cw_looped_audio_med/ef65dd9484c/bff7543cd05c2f8ef2741/1619253590_mp3-med.mp3","size":799076},"sample_duration":10.008}},"mobile":{"video":"https://coub-anubis-a.akamaized.net/coub_storage/coub/simple/cw_file/95128ae7e5d/8d052b052d4c3ef1f9ac8/muted_mp4_med_size_1619253589_muted_med.mp4","audio":["https://coub-anubis-a.akamaized.net/coub_storage/coub/simple/cw_looped_audio_med/ef65dd9484c/bff7543cd05c2f8ef2741/1619253590_mp3-med.mp3"]},"share":{"default":"https://coub-anubis-a.akamaized.net/coub_storage/coub/simple/cw_video_for_sharing/0f30163f4c4/263113cd6c0b25e231c0b/1619253630_looped_1619253629.mp4"}},"audio_versions":{},"image_versions":{"template":"https://coub-anubis-a.akamaized.net/coub_storage/coub/simple/cw_image/580b138bc40/9c17e188a83716b04b3f7/%{version}_1619253597_00032.jpg","versions":["micro","tiny","age_restricted","ios_large","ios_mosaic","big","med","small","pinterest"]},"first_frame_versions":{"template":"https://coub-anubis-a.akamaized.net/coub_storage/coub/simple/cw_timeline_pic/7eacb19504f/a25d761497b2f8ba3b944/%{version}_1619253597_image.jpg","versions":["big","med","small","ios_large"]},"dimensions":{"big":[1280,718],"med":[640,358]},"site_w_h":[640,359],"page_w_h":[640,359],"site_w_h_small":[310,174],"size":[1280,718],"age_restricted":false,"age_restricted_by_admin":false,"not_safe_for_work":false,"allow_reuse":false,"dont_crop":true,"banned":false,"global_safe":null,"audio_file_url":null,"external_download":{"type":"Imgur","service_name":"Imgur","url":"https://i.imgur.com/gW62KoA.mp4","has_embed":false},"application":null,"channel":{"id":3588187,"permalink":"tip-top-coub","title":"Tip-top coub","description":"Единственный выживший канал","followers_count":147,"following_count":64,"avatar_versions":{"template":"https://coub-anubis-a.akamaized.net/coub_storage/channel/cw_avatar/0a8236d6b26/95de7501f7196ac3d7eb6/%{version}_1607427272_mxea3y_1495215397_1212.jpg","versions":["medium","medium_2x","profile_pic","profile_pic_new","profile_pic_new_2x","tiny","tiny_2x","small","small_2x","ios_large","ios_small"]}},"file":null,"picture":"https://coub-anubis-a.akamaized.net/coub_storage/coub/simple/cw_image/580b138bc40/9c17e188a83716b04b3f7/med_1619253597_00032.jpg","timeline_picture":"https://coub-anubis-a.akamaized.net/coub_storage/coub/simple/cw_timeline_pic/7eacb19504f/a25d761497b2f8ba3b944/ios_large_1619253597_image.jpg","small_picture":"https://coub-anubis-a.akamaized.net/coub_storage/coub/simple/cw_image/580b138bc40/9c17e188a83716b04b3f7/ios_mosaic_1619253597_00032.jpg","sharing_picture":null,"percent_done":100,"tags":[],"categories":[{"id":12,"title":"Sports","permalink":"sports","subscriptions_count":10057526,"big_image_url":"https://coub-anubis-a.akamaized.net/coub_storage/category/cw_image/f582005153c/999b059f60e79e58836fc/big_1544760276_sport2.png","small_image_url":"https://coub-anubis-a.akamaized.net/coub_storage/category/cw_image/f582005153c/999b059f60e79e58836fc/small_1544760276_sport2.png","med_image_url":"https://coub-anubis-a.akamaized.net/coub_storage/category/cw_image/f582005153c/999b059f60e79e58836fc/med_1544760276_sport2.png","visible":true}],"communities":[{"id":12,"title":"Sports","permalink":"sports","subscriptions_count":10057526,"big_image_url":"https://coub-anubis-a.akamaized.net/coub_storage/category/cw_image/f582005153c/999b059f60e79e58836fc/big_1544760276_sport2.png","small_image_url":"https://coub-anubis-a.akamaized.net/coub_storage/category/cw_image/f582005153c/999b059f60e79e58836fc/small_1544760276_sport2.png","med_image_url":"https://coub-anubis-a.akamaized.net/coub_storage/category/cw_image/f582005153c/999b059f60e79e58836fc/med_1544760276_sport2.png","i_subscribed":true,"community_notifications_enabled":null,"description":null}],"recoubs_count":808,"remixes_count":1,"likes_count":4619,"dislikes_count":0,"raw_video_id":16381431,"uploaded_by_ios_app":false,"uploaded_by_android_app":false,"media_blocks":{"uploaded_raw_videos":[],"external_raw_videos":[{"id":38715067,"title":"Imgur","url":"https://imgur.com/gW62KoA","image":"https://coub-anubis-a.akamaized.net/coub_storage/media_block/cw_image/78d939d247e/9d3610ef68f5e9331451d/video_1619253432_1m5p069_1619253417_image.jpg","image_retina":"https://coub-anubis-a.akamaized.net/coub_storage/media_block/cw_image/78d939d247e/9d3610ef68f5e9331451d/video_retina_1619253432_1m5p069_1619253417_image.jpg","meta":{"service":"Imgur","duration":"54.6"},"duration":54.6,"raw_video_id":16381431,"has_embed":false}],"remixed_from_coubs":[],"external_video":{"id":38715067,"title":"Imgur","url":"https://imgur.com/gW62KoA","image":"https://coub-anubis-a.akamaized.net/coub_storage/media_block/cw_image/78d939d247e/9d3610ef68f5e9331451d/video_1619253432_1m5p069_1619253417_image.jpg","image_retina":"https://coub-anubis-a.akamaized.net/coub_storage/media_block/cw_image/78d939d247e/9d3610ef68f5e9331451d/video_retina_1619253432_1m5p069_1619253417_image.jpg","meta":{"service":"Imgur","duration":"54.6"},"duration":54.6,"raw_video_id":16381431,"has_embed":false}},"raw_video_thumbnail_url":"https://coub-anubis-a.akamaized.net/coub_storage/raw_video/cw_image/4ddb0dbba37/54e87fc60dbf071d91285/coub_media_1619253418_1619253417_image.jpg","raw_video_title":"Imgur","video_block_banned":false,"duration":10.0,"promo_winner":false,"promo_winner_recoubers":null,"editorial_info":{},"promo_hint":null,"beeline_best_2014":null,"from_web_editor":true,"normalize_sound":true,"normalize_change_allowed":true,"best2015_addable":false,"ahmad_promo":null,"promo_data":null,"audio_copyright_claim":null,"ads_disabled":false,"is_safe_for_ads":true,"megafon_contents":[],"position_on_page":9},{"flag":null,"abuses":null,"recoubs_by_users_channels":null,"favourite":false,"promoted_id":null,"recoub":null,"like":null,"dislike":null,"reaction":null,"in_my_best2015":false,"id":139196081,"type":"Coub::Simple","permalink":"2aiz1v","title":"амир как у тебя  получилось забросить","visibility_type":"public","original_visibility_type":"public","channel_id":4885930,"created_at":"2020-03-11T18:46:30Z","updated_at":"2022-03-08T17:03:40Z","is_done":true,"views_count":263798,"cotd":null,"cotd_at":null,"visible_on_explore_root":false,"visible_on_explore":false,"featured":false,"published":true,"published_at":"2020-03-11T18:46:30Z","reversed":false,"from_editor_v2":true,"is_editable":true,"original_sound":true,"has_sound":true,"recoub_to":null,"file_versions":{"html5":{"video":{"higher":{"url":"https://coub-anubis-a.akamaized.net/coub_storage/coub/simple/cw_file/c5da8dae09f/dbc9da793b95ef59c4cf9/muted_mp4_huge_size_1583952407_muted_huge.mp4","size":3300699},"high":{"url":"https://coub-anubis-a.akamaized.net/coub_storage/coub/simple/cw_file/c5da8dae09f/dbc9da793b95ef59c4cf9/muted_mp4_big_size_1583952407_muted_big.mp4","size":2359313},"med":{"url":"https://coub-anubis-a.akamaized.net/coub_storage/coub/simple/cw_file/c5da8dae09f/dbc9da793b95ef59c4cf9/muted_mp4_med_size_1583952407_muted_med.mp4","size":872971}},"audio":{"high":{"url":"https://coub-anubis-a.akamaized.net/coub_storage/coub/simple/cw_looped_audio_high/9396a8d6b8d/fe6c0bb58a363a9bc9ddd/1605705213_high_1583952408_high.mp3","size":1100536},"med":{"url":"https://coub-anubis-a.akamaized.net/coub_storage/coub/simple/cw_looped_audio_med/96029a7d102/eb0bdb514e363e25e7771/1605705213_med_1583952408_med.mp3","size":930744},"sample_duration":7.291}},"mobile":{"video":"https://coub-anubis-a.akamaized.net/coub_storage/coub/simple/cw_file/c5da8dae09f/dbc9da793b95ef59c4cf9/muted_mp4_med_size_1583952407_muted_med.mp4","audio":["https://coub-anubis-a.akamaized.net/coub_storage/coub/simple/cw_looped_audio_med/96029a7d102/eb0bdb514e363e25e7771/1605705213_med_1583952408_med.mp3"]},"share":{"default":"https://coub-anubis-a.akamaized.net/coub_storage/coub/simple/cw_video_for_sharing/9f75555883c/ab8e2c6fd1b066dec0a7f/1608658503_looped_1608658502.mp4"}},"audio_versions":{},"image_versions":{"template":"https://coub-anubis-a.akamaized.net/coub_storage/coub/simple/cw_image/fe2e34111aa/c7d0d6a2e282aa2e37076/1583952414_00023.jpg","versions":["micro","tiny","age_restricted","ios_large","ios_mosaic","big","med","small","pinterest"]},"first_frame_versions":{"template":"https://coub-anubis-a.akamaized.net/coub_storage/coub/simple/cw_timeline_pic/0dbb3d485c6/89110d49ad4a983b5de0b/%{version}_1583952414_image.jpg","versions":["big","med","small","ios_large"]},"dimensions":{"big":[1280,722],"med":[640,360]},"site_w_h":[640,361],"page_w_h":[640,361],"site_w_h_small":[310,175],"size":[1280,722],"age_restricted":false,"age_restricted_by_admin":false,"not_safe_for_work":false,"allow_reuse":false,"dont_crop":false,"banned":false,"global_safe":false,"audio_file_url":null,"external_download":{"type":"Youtube","service_name":"YouTube","url":"https://www.youtube.com/watch?v=8M-hkX8O2m4","has_embed":true},"application":null,"channel":{"id":4885930,"permalink":"alehnovikau","title":"alehnovikau","description":null,"followers_count":36,"following_count":1,"avatar_versions":{"template":"https://coub-anubis-a.akamaized.net/coub_storage/channel/cw_avatar/bc8888c4fa7/45e8ae285b7df7c04e8d1/%{version}_1607762037_1p9rxbq_1539617485_2ve-qGafmaA.jpg","versions":["medium","medium_2x","profile_pic","profile_pic_new","profile_pic_new_2x","tiny","tiny_2x","small","small_2x","ios_large","ios_small"]}},"file":null,"picture":"https://coub-anubis-a.akamaized.net/coub_storage/coub/simple/cw_image/fe2e34111aa/c7d0d6a2e282aa2e37076/1583952414_00023.jpg","timeline_picture":"https://coub-anubis-a.akamaized.net/coub_storage/coub/simple/cw_timeline_pic/0dbb3d485c6/89110d49ad4a983b5de0b/ios_large_1583952414_image.jpg","small_picture":"https://coub-anubis-a.akamaized.net/coub_storage/coub/simple/cw_image/fe2e34111aa/c7d0d6a2e282aa2e37076/1583952414_00023.jpg","sharing_picture":null,"percent_done":100,"tags":[{"id":131730,"title":"кубок","value":"%D0%BA%D1%83%D0%B1%D0%BE%D0%BA"},{"id":101101,"title":"газпром","value":"%D0%B3%D0%B0%D0%B7%D0%BF%D1%80%D0%BE%D0%BC"},{"id":190336,"title":"нефти","value":"%D0%BD%D0%B5%D1%84%D1%82%D0%B8"},{"id":160293,"title":"2018","value":"2018"},{"id":2785,"title":"гол","value":"%D0%B3%D0%BE%D0%BB"},{"id":7537,"title":"интервью","value":"%D0%B8%D0%BD%D1%82%D0%B5%D1%80%D0%B2%D1%8C%D1%8E"},{"id":38596,"title":"салават юлаев","value":"%D1%81%D0%B0%D0%BB%D0%B0%D0%B2%D0%B0%D1%82%20%D1%8E%D0%BB%D0%B0%D0%B5%D0%B2"},{"id":9575,"title":"цска","value":"%D1%86%D1%81%D0%BA%D0%B0"},{"id":127095,"title":"дарья","value":"%D0%B4%D0%B0%D1%80%D1%8C%D1%8F"},{"id":514836,"title":"миронова","value":"%D0%BC%D0%B8%D1%80%D0%BE%D0%BD%D0%BE%D0%B2%D0%B0"},{"id":589811,"title":"арена омск","value":"%D0%B0%D1%80%D0%B5%D0%BD%D0%B0%20%D0%BE%D0%BC%D1%81%D0%BA"},{"id":3914317,"title":"амир хабибулин","value":"%D0%B0%D0%BC%D0%B8%D1%80%20%D1%85%D0%B0%D0%B1%D0%B8%D0%B1%D1%83%D0%BB%D0%B8%D0%BD"},{"id":3914318,"title":"хабибуллин амир","value":"%D1%85%D0%B0%D0%B1%D0%B8%D0%B1%D1%83%D0%BB%D0%BB%D0%B8%D0%BD%20%D0%B0%D0%BC%D0%B8%D1%80"},{"id":3914319,"title":"дарья миронова","value":"%D0%B4%D0%B0%D1%80%D1%8C%D1%8F%20%D0%BC%D0%B8%D1%80%D0%BE%D0%BD%D0%BE%D0%B2%D0%B0"},{"id":2829365,"title":"кубок газпром нефти","value":"%D0%BA%D1%83%D0%B1%D0%BE%D0%BA%20%D0%B3%D0%B0%D0%B7%D0%BF%D1%80%D0%BE%D0%BC%20%D0%BD%D0%B5%D1%84%D1%82%D0%B8"},{"id":882,"title":"прикол","value":"%D0%BF%D1%80%D0%B8%D0%BA%D0%BE%D0%BB"},{"id":26004,"title":"тренер","value":"%D1%82%D1%80%D0%B5%D0%BD%D0%B5%D1%80"},{"id":3914320,"title":"жмаев александр","value":"%D0%B6%D0%BC%D0%B0%D0%B5%D0%B2%20%D0%B0%D0%BB%D0%B5%D0%BA%D1%81%D0%B0%D0%BD%D0%B4%D1%80"},{"id":310,"title":"дети","value":"%D0%B4%D0%B5%D1%82%D0%B8"},{"id":44333,"title":"2007","value":"2007"},{"id":274721,"title":"суперфинал","value":"%D1%81%D1%83%D0%BF%D0%B5%D1%80%D1%84%D0%B8%D0%BD%D0%B0%D0%BB"},{"id":13844,"title":"финал","value":"%D1%84%D0%B8%D0%BD%D0%B0%D0%BB"},{"id":3914321,"title":"неудавшееся","value":"%D0%BD%D0%B5%D1%83%D0%B4%D0%B0%D0%B2%D1%88%D0%B5%D0%B5%D1%81%D1%8F"}],"categories":[{"id":12,"title":"Sports","permalink":"sports","subscriptions_count":10057526,"big_image_url":"https://coub-anubis-a.akamaized.net/coub_storage/category/cw_image/f582005153c/999b059f60e79e58836fc/big_1544760276_sport2.png","small_image_url":"https://coub-anubis-a.akamaized.net/coub_storage/category/cw_image/f582005153c/999b059f60e79e58836fc/small_1544760276_sport2.png","med_image_url":"https://coub-anubis-a.akamaized.net/coub_storage/category/cw_image/f582005153c/999b059f60e79e58836fc/med_1544760276_sport2.png","visible":true}],"communities":[{"id":12,"title":"Sports","permalink":"sports","subscriptions_count":10057526,"big_image_url":"https://coub-anubis-a.akamaized.net/coub_storage/category/cw_image/f582005153c/999b059f60e79e58836fc/big_1544760276_sport2.png","small_image_url":"https://coub-anubis-a.akamaized.net/coub_storage/category/cw_image/f582005153c/999b059f60e79e58836fc/small_1544760276_sport2.png","med_image_url":"https://coub-anubis-a.akamaized.net/coub_storage/category/cw_image/f582005153c/999b059f60e79e58836fc/med_1544760276_sport2.png","i_subscribed":true,"community_notifications_enabled":null,"description":null}],"recoubs_count":822,"remixes_count":1,"likes_count":4617,"dislikes_count":0,"raw_video_id":14921871,"uploaded_by_ios_app":false,"uploaded_by_android_app":false,"media_blocks":{"uploaded_raw_videos":[],"external_raw_videos":[{"id":35057420,"title":"Неудавшееся Интервью Салават Юлаев ГОЛ | дети","url":"https://www.youtube.com/watch?v=8M-hkX8O2m4","image":"https://coub-anubis-a.akamaized.net/coub_storage/media_block/cw_image/9f646e0d389/3e0b74fe056c449635816/1583952283_1gjilgj_1583952271_w87luw_att-url-download.jpg","image_retina":"https://coub-anubis-a.akamaized.net/coub_storage/media_block/cw_image/9f646e0d389/3e0b74fe056c449635816/1583952283_1gjilgj_1583952271_w87luw_att-url-download.jpg","meta":{"service":"Youtube","duration":"62.88"},"duration":62.88,"raw_video_id":14921871,"has_embed":true}],"remixed_from_coubs":[],"external_video":{"id":35057420,"title":"Неудавшееся Интервью Салават Юлаев ГОЛ | дети","url":"https://www.youtube.com/watch?v=8M-hkX8O2m4","image":"https://coub-anubis-a.akamaized.net/coub_storage/media_block/cw_image/9f646e0d389/3e0b74fe056c449635816/1583952283_1gjilgj_1583952271_w87luw_att-url-download.jpg","image_retina":"https://coub-anubis-a.akamaized.net/coub_storage/media_block/cw_image/9f646e0d389/3e0b74fe056c449635816/1583952283_1gjilgj_1583952271_w87luw_att-url-download.jpg","meta":{"service":"Youtube","duration":"62.88"},"duration":62.88,"raw_video_id":14921871,"has_embed":true}},"raw_video_thumbnail_url":"/missing/missing.png","raw_video_title":"Неудавшееся Интервью Салават Юлаев ГОЛ | дети","video_block_banned":false,"duration":7.28,"promo_winner":false,"promo_winner_recoubers":null,"editorial_info":{},"promo_hint":null,"beeline_best_2014":null,"from_web_editor":true,"normalize_sound":true,"normalize_change_allowed":true,"best2015_addable":false,"ahmad_promo":null,"promo_data":null,"audio_copyright_claim":null,"ads_disabled":false,"is_safe_for_ads":true,"megafon_contents":[],"position_on_page":10}]}