{"page":386,"per_page":10,"total_pages":500,"coubs":[{"flag":null,"abuses":null,"recoubs_by_users_channels":null,"favourite":false,"promoted_id":null,"recoub":null,"like":null,"dislike":null,"reaction":null,"in_my_best2015":false,"id":88950214,"type":"Coub::Simple","permalink":"1gjvm6","title":"Verstappen's Amazing Save in Brazil | F1 is...Heart-in-Mouth","visibility_type":"public","original_visibility_type":"public","channel_id":4905977,"created_at":"2018-10-22T12:50:24Z","updated_at":"2022-03-07T19:25:26Z","is_done":true,"views_count":62279,"cotd":null,"cotd_at":null,"visible_on_explore_root":false,"visible_on_explore":false,"featured":false,"published":true,"published_at":"2018-10-22T12:50:24Z","reversed":false,"from_editor_v2":true,"is_editable":true,"original_sound":false,"has_sound":false,"recoub_to":null,"file_versions":{"html5":{"video":{"higher":{"url":"https://coub-anubis-a.akamaized.net/coub_storage/coub/simple/cw_file/89527a1647f/f8d3e18abeea27cc62dd0/muted_mp4_huge_size_1570881362_muted_huge.mp4","size":4582496},"high":{"url":"https://coub-anubis-a.akamaized.net/coub_storage/coub/simple/cw_file/89527a1647f/f8d3e18abeea27cc62dd0/muted_mp4_big_size_1570881362_muted_big.mp4","size":3198490},"med":{"url":"https://coub-anubis-a.akamaized.net/coub_storage/coub/simple/cw_file/89527a1647f/f8d3e18abeea27cc62dd0/muted_mp4_med_size_1570881362_muted_med.mp4","size":1017321}},"audio":{"high":{"url":"https://coub-anubis-a.akamaized.net/coub_storage/coub/simple/cw_looped_audio_high/0f6bc64357b/61b9d820699d2ae3af4f2/1605602737_high_1540212686_high.mp3","size":4274389},"med":{"url":"https://coub-anubis-a.akamaized.net/coub_storage/coub/simple/cw_looped_audio_med/082b2d9c679/e66fa750945b412f5841f/1605602736_med_1540212686_med.mp3","size":3126666}}},"mobile":{"video":"https://coub-anubis-a.akamaized.net/coub_storage/coub/simple/cw_file/89527a1647f/f8d3e18abeea27cc62dd0/muted_mp4_med_size_1570881362_muted_med.mp4","audio":["https://coub-anubis-a.akamaized.net/coub_storage/coub/simple/cw_looped_audio_med/082b2d9c679/e66fa750945b412f5841f/1605602736_med_1540212686_med.mp3"]},"share":{"default":"https://coub-anubis-a.akamaized.net/coub_storage/coub/simple/cw_video_for_sharing/dd0176fc0d9/1d12dd2032376d303b398/1611256863_looped_1611256862.mp4"}},"audio_versions":{"template":"https://coub-anubis-a.akamaized.net/coub_storage/audio_track/cw_normalized_copy/f011ba316e2/7b1715951a68e4a320fca/mid_1540212670_normalized_1540212645_o8gjz8_edited.mp3","versions":["mid","low"]},"image_versions":{"template":"https://coub-anubis-a.akamaized.net/coub_storage/coub/simple/cw_image/4f6252bcf7a/3ec654dab1ed4910cfb34/1540212701_00032.jpg","versions":["micro","tiny","age_restricted","ios_large","ios_mosaic","big","med","small","pinterest"]},"first_frame_versions":{"template":"https://coub-anubis-a.akamaized.net/coub_storage/coub/simple/cw_timeline_pic/94cf630b8e9/24956f81242997752774a/%{version}_1540212700_image.jpg","versions":["big","med","small","ios_large"]},"dimensions":{"big":[1280,720],"med":[640,360]},"site_w_h":[640,360],"page_w_h":[640,360],"site_w_h_small":[310,174],"size":[1280,720],"age_restricted":false,"age_restricted_by_admin":false,"not_safe_for_work":false,"allow_reuse":false,"dont_crop":false,"banned":false,"global_safe":true,"audio_file_url":"https://coub-anubis-a.akamaized.net/coub_storage/audio_track/cw_normalized_copy/f011ba316e2/7b1715951a68e4a320fca/low_1540212670_normalized_1540212645_o8gjz8_edited.mp3","external_download":{"type":"Youtube","service_name":"YouTube","url":"http://www.youtube.com/watch?v=wQCeQKQ7_vI","has_embed":true},"application":null,"channel":{"id":4905977,"permalink":"asr1fsdfsd","title":"111111111111","description":null,"followers_count":14,"following_count":11,"avatar_versions":{"template":"https://coubsecureassets-a.akamaihd.net/assets/default-avatars/237-d2f08100fd1e797dd6e5c44672b11a6fb9fe86ea515be9c884efd6de371ea251.png"}},"file":null,"picture":"https://coub-anubis-a.akamaized.net/coub_storage/coub/simple/cw_image/4f6252bcf7a/3ec654dab1ed4910cfb34/1540212701_00032.jpg","timeline_picture":"https://coub-anubis-a.akamaized.net/coub_storage/coub/simple/cw_timeline_pic/94cf630b8e9/24956f81242997752774a/ios_large_1540212700_image.jpg","small_picture":"https://coub-anubis-a.akamaized.net/coub_storage/coub/simple/cw_image/4f6252bcf7a/3ec654dab1ed4910cfb34/1540212701_00032.jpg","sharing_picture":null,"percent_done":100,"tags":[{"id":7649,"title":"f1","value":"f1"},{"id":44795,"title":"formula one","value":"formula%20one"},{"id":38430,"title":"formula 1","value":"formula%201"},{"id":665,"title":"sports","value":"sports"},{"id":1359,"title":"sport","value":"sport"},{"id":3900,"title":"action","value":"action"},{"id":99945,"title":"gp","value":"gp"},{"id":50457,"title":"grand prix","value":"grand%20prix"},{"id":50455,"title":"auto racing","value":"auto%20racing"},{"id":187136,"title":"motor racing","value":"motor%20racing"},{"id":1123103,"title":"max verstappen","value":"max%20verstappen"},{"id":1472660,"title":"brazilian grand prix","value":"brazilian%20grand%20prix"},{"id":57362,"title":"red bull racing","value":"red%20bull%20racing"},{"id":4013,"title":"spin","value":"spin"}],"categories":[{"id":12,"title":"Sports","permalink":"sports","subscriptions_count":10057526,"big_image_url":"https://coub-anubis-a.akamaized.net/coub_storage/category/cw_image/f582005153c/999b059f60e79e58836fc/big_1544760276_sport2.png","small_image_url":"https://coub-anubis-a.akamaized.net/coub_storage/category/cw_image/f582005153c/999b059f60e79e58836fc/small_1544760276_sport2.png","med_image_url":"https://coub-anubis-a.akamaized.net/coub_storage/category/cw_image/f582005153c/999b059f60e79e58836fc/med_1544760276_sport2.png","visible":true}],"communities":[{"id":12,"title":"Sports","permalink":"sports","subscriptions_count":10057526,"big_image_url":"https://coub-anubis-a.akamaized.net/coub_storage/category/cw_image/f582005153c/999b059f60e79e58836fc/big_1544760276_sport2.png","small_image_url":"https://coub-anubis-a.akamaized.net/coub_storage/category/cw_image/f582005153c/999b059f60e79e58836fc/small_1544760276_sport2.png","med_image_url":"https://coub-anubis-a.akamaized.net/coub_storage/category/cw_image/f582005153c/999b059f60e79e58836fc/med_1544760276_sport2.png","i_subscribed":true,"community_notifications_enabled":null,"description":null}],"recoubs_count":124,"remixes_count":0,"likes_count":981,"dislikes_count":0,"raw_video_id":12074678,"uploaded_by_ios_app":false,"uploaded_by_android_app":false,"media_blocks":{"uploaded_raw_videos":[],"external_raw_videos":[{"id":27386631,"title":"Verstappen's Amazing Save in Brazil | F1 is...Heart-in-Mouth","url":"https://www.youtube.com/watch?v=wQCeQKQ7_vI","image":"https://coub-anubis-a.akamaized.net/coub_storage/media_block/cw_image/71e22473ba9/dce281f2bf6f6ab932aab/1532161231_1532161222_u9ebf2_att-url-download.jpg","image_retina":"https://coub-anubis-a.akamaized.net/coub_storage/media_block/cw_image/71e22473ba9/dce281f2bf6f6ab932aab/1532161231_1532161222_u9ebf2_att-url-download.jpg","meta":{"service":"Youtube","duration":"30.96"},"duration":30.96,"raw_video_id":12074678,"has_embed":true}],"remixed_from_coubs":[],"external_video":{"id":27386631,"title":"Verstappen's Amazing Save in Brazil | F1 is...Heart-in-Mouth","url":"https://www.youtube.com/watch?v=wQCeQKQ7_vI","image":"https://coub-anubis-a.akamaized.net/coub_storage/media_block/cw_image/71e22473ba9/dce281f2bf6f6ab932aab/1532161231_1532161222_u9ebf2_att-url-download.jpg","image_retina":"https://coub-anubis-a.akamaized.net/coub_storage/media_block/cw_image/71e22473ba9/dce281f2bf6f6ab932aab/1532161231_1532161222_u9ebf2_att-url-download.jpg","meta":{"service":"Youtube","duration":"30.96"},"duration":30.96,"raw_video_id":12074678,"has_embed":true}},"raw_video_thumbnail_url":"/missing/missing.png","raw_video_title":"Verstappen's Amazing Save in Brazil | F1 is...Heart-in-Mouth","video_block_banned":false,"duration":10.0,"promo_winner":false,"promo_winner_recoubers":null,"editorial_info":{},"promo_hint":null,"beeline_best_2014":null,"from_web_editor":true,"normalize_sound":true,"normalize_change_allowed":true,"best2015_addable":false,"ahmad_promo":null,"promo_data":null,"audio_copyright_claim":null,"ads_disabled":false,"is_safe_for_ads":true,"megafon_contents":[],"position_on_page":1},{"flag":null,"abuses":null,"recoubs_by_users_channels":null,"favourite":false,"promoted_id":null,"recoub":null,"like":null,"dislike":null,"reaction":null,"in_my_best2015":false,"id":59162693,"type":"Coub::Simple","permalink":"yrx7x","title":"Human CopterZ 🚁","visibility_type":"public","original_visibility_type":"public","channel_id":34013,"created_at":"2017-10-21T18:53:42Z","updated_at":"2022-03-03T23:18:48Z","is_done":true,"views_count":148798,"cotd":null,"cotd_at":null,"visible_on_explore_root":false,"visible_on_explore":false,"featured":false,"published":true,"published_at":"2017-10-21T18:53:42Z","reversed":false,"from_editor_v2":true,"is_editable":true,"original_sound":false,"has_sound":false,"recoub_to":null,"file_versions":{"html5":{"video":{"higher":{"url":"https://coub-anubis-a.akamaized.net/coub_storage/coub/simple/cw_file/3bb1f503fcd/753d1b6f4850fb70beef9/muted_mp4_huge_size_1568156662_muted_huge.mp4","size":4090444},"high":{"url":"https://coub-anubis-a.akamaized.net/coub_storage/coub/simple/cw_file/3bb1f503fcd/753d1b6f4850fb70beef9/muted_mp4_big_size_1568156662_muted_big.mp4","size":2944131},"med":{"url":"https://coub-anubis-a.akamaized.net/coub_storage/coub/simple/cw_file/3bb1f503fcd/753d1b6f4850fb70beef9/muted_mp4_med_size_1568156662_muted_med.mp4","size":1060449}},"audio":{"high":{"url":"https://coub-anubis-a.akamaized.net/coub_storage/coub/simple/cw_looped_audio_high/5ec5ee9012c/decd143ac1a44356293f5/1605575094_high_1508612056_high.mp3","size":1170206},"med":{"url":"https://coub-anubis-a.akamaized.net/coub_storage/coub/simple/cw_looped_audio_med/098965323a0/d39b032e71532b385967d/1605575092_med_1508612056_med.mp3","size":957432}}},"mobile":{"video":"https://coub-anubis-a.akamaized.net/coub_storage/coub/simple/cw_file/3bb1f503fcd/753d1b6f4850fb70beef9/muted_mp4_med_size_1568156662_muted_med.mp4","audio":["https://coub-anubis-a.akamaized.net/coub_storage/coub/simple/cw_looped_audio_med/098965323a0/d39b032e71532b385967d/1605575092_med_1508612056_med.mp3"]},"share":{"default":"https://coub-anubis-a.akamaized.net/coub_storage/coub/simple/cw_video_for_sharing/bd36cdb1e93/6ae95dd2d1c7fb96d8e62/1617311193_looped_1617311191.mp4"}},"audio_versions":{"template":"https://coub-anubis-a.akamaized.net/coub_storage/audio_track/cw_file/e73ec2e2270/97be3c9d80f25e40d8245/mid_1508612042_1w7x0zz_edited.mp3","versions":["mid","low"]},"image_versions":{"template":"https://coub-anubis-a.akamaized.net/coub_storage/coub/simple/cw_image/8e0d4d800c5/283d6db1925baf1d337bf/1508612079_00032.jpg","versions":["micro","tiny","age_restricted","ios_large","ios_mosaic","big","med","small","pinterest"]},"first_frame_versions":{"template":"https://coub-anubis-a.akamaized.net/coub_storage/coub/simple/cw_timeline_pic/e161320b7a6/82f27923197dec0373c58/%{version}_1508612079_image.jpg","versions":["big","med","small","ios_large"]},"dimensions":{"big":[986,960],"med":[492,480]},"site_w_h":[640,623],"page_w_h":[400,389],"site_w_h_small":[310,302],"size":[986,960],"age_restricted":false,"age_restricted_by_admin":false,"not_safe_for_work":null,"allow_reuse":false,"dont_crop":false,"banned":false,"global_safe":true,"audio_file_url":"https://coub-anubis-a.akamaized.net/coub_storage/audio_track/cw_file/e73ec2e2270/97be3c9d80f25e40d8245/low_1508612042_1w7x0zz_edited.mp3","external_download":{"type":"Imgur","service_name":"Imgur","url":"http://imgur.com/da6pneN","has_embed":false},"application":null,"channel":{"id":34013,"permalink":"eleprimer","title":"Light Tuesday ","description":"In Source We Trust #eleprimer","followers_count":47097,"following_count":309,"avatar_versions":{"template":"https://coub-anubis-a.akamaized.net/coub_storage/channel/cw_avatar/6935064c7dc/619c13567459f10bfe258/%{version}_1598751147_ghh.jpg","versions":["medium","medium_2x","profile_pic","profile_pic_new","profile_pic_new_2x","tiny","tiny_2x","small","small_2x","ios_large","ios_small"]}},"file":null,"picture":"https://coub-anubis-a.akamaized.net/coub_storage/coub/simple/cw_image/8e0d4d800c5/283d6db1925baf1d337bf/1508612079_00032.jpg","timeline_picture":"https://coub-anubis-a.akamaized.net/coub_storage/coub/simple/cw_timeline_pic/e161320b7a6/82f27923197dec0373c58/ios_large_1508612079_image.jpg","small_picture":"https://coub-anubis-a.akamaized.net/coub_storage/coub/simple/cw_image/8e0d4d800c5/283d6db1925baf1d337bf/1508612079_00032.jpg","sharing_picture":null,"percent_done":100,"tags":[{"id":1133540,"title":"eleprimer","value":"eleprimer"},{"id":2234,"title":"meme","value":"meme"},{"id":2235,"title":"memes","value":"memes"},{"id":182,"title":"dance","value":"dance"},{"id":1359,"title":"sport","value":"sport"},{"id":1253,"title":"wtf","value":"wtf"}],"categories":[{"id":12,"title":"Sports","permalink":"sports","subscriptions_count":10057526,"big_image_url":"https://coub-anubis-a.akamaized.net/coub_storage/category/cw_image/f582005153c/999b059f60e79e58836fc/big_1544760276_sport2.png","small_image_url":"https://coub-anubis-a.akamaized.net/coub_storage/category/cw_image/f582005153c/999b059f60e79e58836fc/small_1544760276_sport2.png","med_image_url":"https://coub-anubis-a.akamaized.net/coub_storage/category/cw_image/f582005153c/999b059f60e79e58836fc/med_1544760276_sport2.png","visible":true}],"communities":[{"id":12,"title":"Sports","permalink":"sports","subscriptions_count":10057526,"big_image_url":"https://coub-anubis-a.akamaized.net/coub_storage/category/cw_image/f582005153c/999b059f60e79e58836fc/big_1544760276_sport2.png","small_image_url":"https://coub-anubis-a.akamaized.net/coub_storage/category/cw_image/f582005153c/999b059f60e79e58836fc/small_1544760276_sport2.png","med_image_url":"https://coub-anubis-a.akamaized.net/coub_storage/category/cw_image/f582005153c/999b059f60e79e58836fc/med_1544760276_sport2.png","i_subscribed":true,"community_notifications_enabled":null,"description":null}],"recoubs_count":262,"remixes_count":15,"likes_count":981,"dislikes_count":0,"raw_video_id":10398687,"uploaded_by_ios_app":false,"uploaded_by_android_app":false,"media_blocks":{"uploaded_raw_videos":[],"external_raw_videos":[{"id":22786828,"title":"holy shit ","url":"https://imgur.com/da6pneN","image":"https://coub-anubis-a.akamaized.net/coub_storage/media_block/cw_image/bee84aaaef9/b7879e90c3209fdfa5357/1507884000_1507883993_ado1rd_att-url-download.jpg","image_retina":"https://coub-anubis-a.akamaized.net/coub_storage/media_block/cw_image/bee84aaaef9/b7879e90c3209fdfa5357/1507884000_1507883993_ado1rd_att-url-download.jpg","meta":{"service":"Imgur","duration":"15.08"},"duration":15.08,"raw_video_id":10398687,"has_embed":false}],"remixed_from_coubs":[],"external_video":{"id":22786828,"title":"holy shit ","url":"https://imgur.com/da6pneN","image":"https://coub-anubis-a.akamaized.net/coub_storage/media_block/cw_image/bee84aaaef9/b7879e90c3209fdfa5357/1507884000_1507883993_ado1rd_att-url-download.jpg","image_retina":"https://coub-anubis-a.akamaized.net/coub_storage/media_block/cw_image/bee84aaaef9/b7879e90c3209fdfa5357/1507884000_1507883993_ado1rd_att-url-download.jpg","meta":{"service":"Imgur","duration":"15.08"},"duration":15.08,"raw_video_id":10398687,"has_embed":false}},"raw_video_thumbnail_url":"/missing/missing.png","raw_video_title":"holy shit ","video_block_banned":false,"duration":10.0,"promo_winner":false,"promo_winner_recoubers":null,"editorial_info":{},"promo_hint":null,"beeline_best_2014":null,"from_web_editor":true,"normalize_sound":false,"normalize_change_allowed":true,"best2015_addable":false,"ahmad_promo":null,"promo_data":null,"audio_copyright_claim":null,"ads_disabled":null,"is_safe_for_ads":true,"megafon_contents":[],"position_on_page":2},{"flag":null,"abuses":null,"recoubs_by_users_channels":null,"favourite":false,"promoted_id":null,"recoub":null,"like":null,"dislike":null,"reaction":null,"in_my_best2015":false,"id":72481620,"type":"Coub::Simple","permalink":"16q942","title":"DRUMDRIVE","visibility_type":"public","original_visibility_type":"public","channel_id":2677895,"created_at":"2018-04-21T08:56:38Z","updated_at":"2021-10-24T08:48:15Z","is_done":true,"views_count":79973,"cotd":null,"cotd_at":null,"visible_on_explore_root":true,"visible_on_explore":true,"featured":true,"published":true,"published_at":"2018-04-21T08:56:38Z","reversed":false,"from_editor_v2":true,"is_editable":true,"original_sound":false,"has_sound":false,"recoub_to":null,"file_versions":{"html5":{"video":{"higher":{"url":"https://coub-anubis-a.akamaized.net/coub_storage/coub/simple/cw_file/d7b336864c2/013ecec79ee9d4fbbabac/muted_mp4_huge_size_1568223162_muted_huge.mp4","size":8793076},"high":{"url":"https://coub-anubis-a.akamaized.net/coub_storage/coub/simple/cw_file/d7b336864c2/013ecec79ee9d4fbbabac/muted_mp4_big_size_1568223162_muted_big.mp4","size":6296485},"med":{"url":"https://coub-anubis-a.akamaized.net/coub_storage/coub/simple/cw_file/d7b336864c2/013ecec79ee9d4fbbabac/muted_mp4_med_size_1568223162_muted_med.mp4","size":2317079}},"audio":{"high":{"url":"https://coub-anubis-a.akamaized.net/coub_storage/coub/simple/cw_looped_audio_high/809939e2105/c16146d30fabab4eccad1/1605648115_high_1524301066_high.mp3","size":5571716},"med":{"url":"https://coub-anubis-a.akamaized.net/coub_storage/coub/simple/cw_looped_audio_med/1a1bea353c4/ebffa3ee969fecabe9350/1605648113_med_1524301066_med.mp3","size":4020797}}},"mobile":{"video":"https://coub-anubis-a.akamaized.net/coub_storage/coub/simple/cw_file/d7b336864c2/013ecec79ee9d4fbbabac/muted_mp4_med_size_1568223162_muted_med.mp4","audio":["https://coub-anubis-a.akamaized.net/coub_storage/coub/simple/cw_looped_audio_med/1a1bea353c4/ebffa3ee969fecabe9350/1605648113_med_1524301066_med.mp3"]},"share":{"default":"https://coub-anubis-a.akamaized.net/coub_storage/coub/simple/cw_video_for_sharing/b7647c7f648/0da51915a598ad1cb26c8/1612382383_looped_1612382381.mp4"}},"audio_versions":{"template":"https://coub-anubis-a.akamaized.net/coub_storage/audio_track/cw_normalized_copy/3f1b43a0809/6f098f2581206ee721ef6/mid_1524301048_18csc0h_normalized_1524301020_1w9ifnp_edited.mp3","versions":["mid","low"]},"image_versions":{"template":"https://coub-anubis-a.akamaized.net/coub_storage/coub/simple/cw_image/ea753974ba8/c07874380a98879b9dfb7/1524301088_00032.jpg","versions":["micro","tiny","age_restricted","ios_large","ios_mosaic","big","med","small","pinterest"]},"first_frame_versions":{"template":"https://coub-anubis-a.akamaized.net/coub_storage/coub/simple/cw_timeline_pic/3b2316a61c1/ef748f03c69e8d83d8d6a/%{version}_1524301087_image.jpg","versions":["big","med","small","ios_large"]},"dimensions":{"big":[1280,720],"med":[640,360]},"site_w_h":[640,360],"page_w_h":[640,360],"site_w_h_small":[310,174],"size":[1280,720],"age_restricted":false,"age_restricted_by_admin":false,"not_safe_for_work":false,"allow_reuse":false,"dont_crop":false,"banned":false,"global_safe":true,"audio_file_url":"https://coub-anubis-a.akamaized.net/coub_storage/audio_track/cw_normalized_copy/3f1b43a0809/6f098f2581206ee721ef6/low_1524301048_18csc0h_normalized_1524301020_1w9ifnp_edited.mp3","external_download":false,"application":null,"channel":{"id":2677895,"permalink":"7-k-0000","title":"☯️$7€K£0☯️","description":null,"followers_count":193,"following_count":49,"avatar_versions":{"template":"https://coub-anubis-a.akamaized.net/coub_storage/channel/cw_avatar/af16fe882f6/dabe0e8d008f0f3bc0e42/%{version}_1608367904_ey7j7c_1474666578_vrxvbjYK5i8.jpg","versions":["medium","medium_2x","profile_pic","profile_pic_new","profile_pic_new_2x","tiny","tiny_2x","small","small_2x","ios_large","ios_small"]}},"file":null,"picture":"https://coub-anubis-a.akamaized.net/coub_storage/coub/simple/cw_image/ea753974ba8/c07874380a98879b9dfb7/1524301088_00032.jpg","timeline_picture":"https://coub-anubis-a.akamaized.net/coub_storage/coub/simple/cw_timeline_pic/3b2316a61c1/ef748f03c69e8d83d8d6a/ios_large_1524301087_image.jpg","small_picture":"https://coub-anubis-a.akamaized.net/coub_storage/coub/simple/cw_image/ea753974ba8/c07874380a98879b9dfb7/1524301088_00032.jpg","sharing_picture":null,"percent_done":100,"tags":[{"id":18547,"title":"bicycle motocross","value":"bicycle%20motocross"},{"id":3857037,"title":"bmx ryan williams","value":"bmx%20ryan%20williams"},{"id":3733842,"title":"велосипед стелс","value":"%D0%B2%D0%B5%D0%BB%D0%BE%D1%81%D0%B8%D0%BF%D0%B5%D0%B4%20%D1%81%D1%82%D0%B5%D0%BB%D1%81"},{"id":3880979,"title":"спортивная музыка","value":"%D1%81%D0%BF%D0%BE%D1%80%D1%82%D0%B8%D0%B2%D0%BD%D0%B0%D1%8F%20%D0%BC%D1%83%D0%B7%D1%8B%D0%BA%D0%B0"}],"categories":[{"id":12,"title":"Sports","permalink":"sports","subscriptions_count":10057526,"big_image_url":"https://coub-anubis-a.akamaized.net/coub_storage/category/cw_image/f582005153c/999b059f60e79e58836fc/big_1544760276_sport2.png","small_image_url":"https://coub-anubis-a.akamaized.net/coub_storage/category/cw_image/f582005153c/999b059f60e79e58836fc/small_1544760276_sport2.png","med_image_url":"https://coub-anubis-a.akamaized.net/coub_storage/category/cw_image/f582005153c/999b059f60e79e58836fc/med_1544760276_sport2.png","visible":true}],"communities":[{"id":12,"title":"Sports","permalink":"sports","subscriptions_count":10057526,"big_image_url":"https://coub-anubis-a.akamaized.net/coub_storage/category/cw_image/f582005153c/999b059f60e79e58836fc/big_1544760276_sport2.png","small_image_url":"https://coub-anubis-a.akamaized.net/coub_storage/category/cw_image/f582005153c/999b059f60e79e58836fc/small_1544760276_sport2.png","med_image_url":"https://coub-anubis-a.akamaized.net/coub_storage/category/cw_image/f582005153c/999b059f60e79e58836fc/med_1544760276_sport2.png","i_subscribed":true,"community_notifications_enabled":null,"description":null}],"recoubs_count":267,"remixes_count":2,"likes_count":980,"dislikes_count":0,"raw_video_id":"","uploaded_by_ios_app":false,"uploaded_by_android_app":false,"media_blocks":{"uploaded_raw_videos":[],"external_raw_videos":[],"remixed_from_coubs":[{"id":25949917,"title":"bicycle madness","url":"https://coub.com/coubs/16lbnt/remix","image":"https://coub-anubis-a.akamaized.net/coub_storage/media_block/cw_image/e90eeda2958/46da3084254b7e3362f56/1524054898_1524054883_00032.jpg","image_retina":"https://coub-anubis-a.akamaized.net/coub_storage/media_block/cw_image/e90eeda2958/46da3084254b7e3362f56/1524054898_1524054883_00032.jpg","meta":{"duration":"10.04"},"duration":null,"coub_channel_title":"Deep Music Channel","coub_channel_permalink":"alexey-z","coub_views_count":9290,"coub_permalink":"16lbnt"}]},"raw_video_thumbnail_url":"","raw_video_title":"","video_block_banned":false,"duration":10.0,"promo_winner":false,"promo_winner_recoubers":null,"editorial_info":{},"promo_hint":null,"beeline_best_2014":null,"from_web_editor":true,"normalize_sound":true,"normalize_change_allowed":true,"best2015_addable":false,"ahmad_promo":null,"promo_data":null,"audio_copyright_claim":null,"ads_disabled":false,"is_safe_for_ads":true,"megafon_contents":[],"position_on_page":3},{"flag":null,"abuses":null,"recoubs_by_users_channels":null,"favourite":false,"promoted_id":null,"recoub":null,"like":null,"dislike":null,"reaction":null,"in_my_best2015":false,"id":18800295,"type":"Coub::Simple","permalink":"aqt41","title":"Marisa Dick training switch split mount (Dick)","visibility_type":"public","original_visibility_type":"public","channel_id":44448,"created_at":"2016-02-05T02:34:39Z","updated_at":"2022-03-09T18:03:38Z","is_done":true,"views_count":113972,"cotd":null,"cotd_at":null,"visible_on_explore_root":false,"visible_on_explore":false,"featured":false,"published":true,"published_at":"2016-02-05T02:34:39Z","reversed":false,"from_editor_v2":true,"is_editable":true,"original_sound":false,"has_sound":false,"recoub_to":null,"file_versions":{"html5":{"video":{"higher":{"url":"https://coub-anubis-a.akamaized.net/coub_storage/coub/simple/cw_file/a8de5a7e0e3/35d8d98cb32ebdfbe148a/muted_mp4_huge_size_1567846116_muted_huge.mp4","size":1510695},"high":{"url":"https://coub-anubis-a.akamaized.net/coub_storage/coub/simple/cw_file/a8de5a7e0e3/35d8d98cb32ebdfbe148a/muted_mp4_big_size_1567846116_muted_big.mp4","size":987421},"med":{"url":"https://coub-anubis-a.akamaized.net/coub_storage/coub/simple/cw_file/a8de5a7e0e3/35d8d98cb32ebdfbe148a/muted_mp4_med_size_1567846116_muted_med.mp4","size":311874}},"audio":{"high":{"url":"https://coub-anubis-a.akamaized.net/coub_storage/coub/simple/cw_looped_audio_high/c62ef7daa18/86c439f0cf93b78544c13/1605472139_high_1454639706_high.mp3","size":1398699},"med":{"url":"https://coub-anubis-a.akamaized.net/coub_storage/coub/simple/cw_looped_audio_med/cb5654084fe/268728014990125dc2875/1605472138_med_1454639706_med.mp3","size":932466}}},"mobile":{"video":"https://coub-anubis-a.akamaized.net/coub_storage/coub/simple/cw_file/a8de5a7e0e3/35d8d98cb32ebdfbe148a/muted_mp4_med_size_1567846116_muted_med.mp4","audio":["https://coub-anubis-a.akamaized.net/coub_storage/coub/simple/cw_looped_audio_med/cb5654084fe/268728014990125dc2875/1605472138_med_1454639706_med.mp3"]},"share":{"default":"https://coub-anubis-a.akamaized.net/coub_storage/coub/simple/cw_video_for_sharing/7ee4aa9ff26/6926ed500159683124d63/1617191866_looped_1617191863.mp4"}},"audio_versions":{"template":"https://coub-anubis-a.akamaized.net/coub_storage/audio_track/cw_normalized_copy/556f6176b2b/e8dd3354960cc79eead80/mid_1591260108_normalized_1471308323_audio.mp3","versions":["mid","low"]},"image_versions":{"template":"https://coub-anubis-a.akamaized.net/coub_storage/coub/simple/cw_image/170ebbacead/c99162d74a960fbe8ee59/1454639721_00016.jpg","versions":["micro","tiny","age_restricted","ios_large","ios_mosaic","big","med","small","pinterest"]},"first_frame_versions":{"template":"https://coub-anubis-a.akamaized.net/coub_storage/coub/simple/cw_timeline_pic/170ebbacead/c99162d74a960fbe8ee59/%{version}_1454639721_image.jpg","versions":["big","med","small","ios_large"]},"dimensions":{"big":[1280,720],"med":[640,360]},"site_w_h":[640,360],"page_w_h":[640,360],"site_w_h_small":[310,174],"size":[1280,720],"age_restricted":false,"age_restricted_by_admin":false,"not_safe_for_work":false,"allow_reuse":false,"dont_crop":false,"banned":false,"global_safe":true,"audio_file_url":"https://coub-anubis-a.akamaized.net/coub_storage/audio_track/cw_normalized_copy/556f6176b2b/e8dd3354960cc79eead80/low_1591260108_normalized_1471308323_audio.mp3","external_download":{"type":"Youtube","service_name":"YouTube","url":"http://www.youtube.com/watch?v=xd_9Oa9gnh4","has_embed":true},"application":null,"channel":{"id":44448,"permalink":"dreamboffin2","title":"dreamboffin","description":"Everything can be fun","followers_count":3533,"following_count":14,"avatar_versions":{"template":"https://coub-anubis-a.akamaized.net/coub_storage/channel/cw_avatar/9fd8a22ac2e/ebda9f37e3f37173a7e86/%{version}_1474482167_ulirr8_att-url-download.jpg","versions":["medium","medium_2x","profile_pic","profile_pic_new","profile_pic_new_2x","tiny","tiny_2x","small","small_2x","ios_large","ios_small"]}},"file":null,"picture":"https://coub-anubis-a.akamaized.net/coub_storage/coub/simple/cw_image/170ebbacead/c99162d74a960fbe8ee59/1454639721_00016.jpg","timeline_picture":"https://coub-anubis-a.akamaized.net/coub_storage/coub/simple/cw_timeline_pic/170ebbacead/c99162d74a960fbe8ee59/ios_large_1454639721_image.jpg","small_picture":"https://coub-anubis-a.akamaized.net/coub_storage/coub/simple/cw_image/170ebbacead/c99162d74a960fbe8ee59/1454639721_00016.jpg","sharing_picture":null,"percent_done":100,"tags":[],"categories":[{"id":12,"title":"Sports","permalink":"sports","subscriptions_count":10057526,"big_image_url":"https://coub-anubis-a.akamaized.net/coub_storage/category/cw_image/f582005153c/999b059f60e79e58836fc/big_1544760276_sport2.png","small_image_url":"https://coub-anubis-a.akamaized.net/coub_storage/category/cw_image/f582005153c/999b059f60e79e58836fc/small_1544760276_sport2.png","med_image_url":"https://coub-anubis-a.akamaized.net/coub_storage/category/cw_image/f582005153c/999b059f60e79e58836fc/med_1544760276_sport2.png","visible":true}],"communities":[{"id":12,"title":"Sports","permalink":"sports","subscriptions_count":10057526,"big_image_url":"https://coub-anubis-a.akamaized.net/coub_storage/category/cw_image/f582005153c/999b059f60e79e58836fc/big_1544760276_sport2.png","small_image_url":"https://coub-anubis-a.akamaized.net/coub_storage/category/cw_image/f582005153c/999b059f60e79e58836fc/small_1544760276_sport2.png","med_image_url":"https://coub-anubis-a.akamaized.net/coub_storage/category/cw_image/f582005153c/999b059f60e79e58836fc/med_1544760276_sport2.png","i_subscribed":true,"community_notifications_enabled":null,"description":null}],"recoubs_count":241,"remixes_count":0,"likes_count":980,"dislikes_count":0,"raw_video_id":2149553,"uploaded_by_ios_app":false,"uploaded_by_android_app":false,"media_blocks":{"uploaded_raw_videos":[],"external_raw_videos":[{"id":12398724,"title":"Marisa Dick training switch split mount (Dick)","url":"http://www.youtube.com/watch?v=xd_9Oa9gnh4","image":"https://coub-anubis-a.akamaized.net/coub_storage/media_block/cw_image/6d5d9edc539/ada1c9adb04f74e5f39b9/1492562624_1454637799_1uz8vmb_att-url-download.jpg","image_retina":"https://coub-anubis-a.akamaized.net/coub_storage/media_block/cw_image/6d5d9edc539/ada1c9adb04f74e5f39b9/1492562624_1454637799_1uz8vmb_att-url-download.jpg","meta":{"service":"Youtube","duration":"6.16"},"duration":6.16,"raw_video_id":2149553,"has_embed":true}],"remixed_from_coubs":[],"external_video":{"id":12398724,"title":"Marisa Dick training switch split mount (Dick)","url":"http://www.youtube.com/watch?v=xd_9Oa9gnh4","image":"https://coub-anubis-a.akamaized.net/coub_storage/media_block/cw_image/6d5d9edc539/ada1c9adb04f74e5f39b9/1492562624_1454637799_1uz8vmb_att-url-download.jpg","image_retina":"https://coub-anubis-a.akamaized.net/coub_storage/media_block/cw_image/6d5d9edc539/ada1c9adb04f74e5f39b9/1492562624_1454637799_1uz8vmb_att-url-download.jpg","meta":{"service":"Youtube","duration":"6.16"},"duration":6.16,"raw_video_id":2149553,"has_embed":true}},"raw_video_thumbnail_url":"/missing/missing.png","raw_video_title":"Marisa Dick training switch split mount (Dick)","video_block_banned":false,"duration":5.0,"promo_winner":false,"promo_winner_recoubers":null,"editorial_info":{},"promo_hint":null,"beeline_best_2014":null,"from_web_editor":true,"normalize_sound":true,"normalize_change_allowed":true,"best2015_addable":false,"ahmad_promo":null,"promo_data":null,"audio_copyright_claim":null,"ads_disabled":null,"is_safe_for_ads":true,"megafon_contents":[],"position_on_page":4},{"flag":null,"abuses":null,"recoubs_by_users_channels":null,"favourite":false,"promoted_id":null,"recoub":null,"like":null,"dislike":null,"reaction":null,"in_my_best2015":false,"id":4856614,"type":"Coub::Simple","permalink":"2fy0f","title":"Strength in Numbers p.2","visibility_type":"public","original_visibility_type":"public","channel_id":487400,"created_at":"2014-07-12T08:12:30Z","updated_at":"2022-02-24T11:33:36Z","is_done":true,"views_count":25280,"cotd":null,"cotd_at":null,"visible_on_explore_root":false,"visible_on_explore":false,"featured":false,"published":true,"published_at":"2014-07-12T08:12:30Z","reversed":false,"from_editor_v2":true,"is_editable":true,"original_sound":false,"has_sound":false,"recoub_to":null,"file_versions":{"html5":{"video":{"higher":{"url":"https://coub-anubis-a.akamaized.net/coub_storage/coub/simple/cw_file/56883d9c435/a01f741796b22e3c0e699/muted_mp4_huge_size_1567721774_muted_huge.mp4","size":5358836},"high":{"url":"https://coub-anubis-a.akamaized.net/coub_storage/coub/simple/cw_file/56883d9c435/a01f741796b22e3c0e699/muted_mp4_big_size_1567721774_muted_big.mp4","size":4143778},"med":{"url":"https://coub-anubis-a.akamaized.net/coub_storage/coub/simple/cw_file/56883d9c435/a01f741796b22e3c0e699/muted_mp4_med_size_1567721774_muted_med.mp4","size":1251227}},"audio":{"high":{"url":"https://coub-anubis-a.akamaized.net/coub_storage/coub/simple/cw_looped_audio_high/631bfb074e2/5435f3ce663efc4feca47/1605431869_high_1445994875_high.mp3","size":5942751},"med":{"url":"https://coub-anubis-a.akamaized.net/coub_storage/coub/simple/cw_looped_audio_med/b02578fda0b/2cbd681270e4e67e954b8/1605431869_med_1445994875_med.mp3","size":3961834}}},"mobile":{"video":"https://coub-anubis-a.akamaized.net/coub_storage/coub/simple/cw_file/56883d9c435/a01f741796b22e3c0e699/muted_mp4_med_size_1567721774_muted_med.mp4","audio":["https://coub-anubis-a.akamaized.net/coub_storage/coub/simple/cw_looped_audio_med/b02578fda0b/2cbd681270e4e67e954b8/1605431869_med_1445994875_med.mp3"]},"share":{"default":null}},"audio_versions":{"template":"https://coub-anubis-a.akamaized.net/coub_storage/coub/simple/cw_audio/e91da005357/57c0962b887fb22581b37/mid_1405182020_out.mp3","versions":["mid","low"]},"image_versions":{"template":"https://coub-anubis-a.akamaized.net/coub_storage/coub/simple/cw_image/e91da005357/57c0962b887fb22581b37/1405182022_00030.jpg","versions":["micro","tiny","age_restricted","ios_large","ios_mosaic","big","med","small","pinterest"]},"first_frame_versions":{"template":"https://coub-anubis-a.akamaized.net/coub_storage/coub/simple/cw_timeline_pic/e91da005357/57c0962b887fb22581b37/%{version}_1405182020_image.jpg","versions":["big","med","small","ios_large"]},"dimensions":{"big":[1280,720],"med":[640,360]},"site_w_h":[640,360],"page_w_h":[640,360],"site_w_h_small":[310,174],"size":[1280,720],"age_restricted":false,"age_restricted_by_admin":false,"not_safe_for_work":null,"allow_reuse":false,"dont_crop":false,"banned":false,"global_safe":true,"audio_file_url":"https://coub-anubis-a.akamaized.net/coub_storage/coub/simple/cw_audio/e91da005357/57c0962b887fb22581b37/low_1405182020_out.mp3","external_download":{"type":"Youtube","service_name":"YouTube","url":"http://www.youtube.com/watch?v=xORYfLLZck8","has_embed":true},"application":null,"channel":{"id":487400,"permalink":"zaozabob","title":"zaoza bob","description":"i might be wrong","followers_count":30,"following_count":10,"avatar_versions":{"template":"https://coub-anubis-a.akamaized.net/coub_storage/channel/cw_avatar/321cc20c4c4/b630a7a3709918f4efcba/%{version}_1474510296_cnm626_att-url-download.jpg","versions":["medium","medium_2x","profile_pic","profile_pic_new","profile_pic_new_2x","tiny","tiny_2x","small","small_2x","ios_large","ios_small"]}},"file":null,"picture":"https://coub-anubis-a.akamaized.net/coub_storage/coub/simple/cw_image/e91da005357/57c0962b887fb22581b37/1405182022_00030.jpg","timeline_picture":"https://coub-anubis-a.akamaized.net/coub_storage/coub/simple/cw_timeline_pic/e91da005357/57c0962b887fb22581b37/ios_large_1405182020_image.jpg","small_picture":"https://coub-anubis-a.akamaized.net/coub_storage/coub/simple/cw_image/e91da005357/57c0962b887fb22581b37/1405182022_00030.jpg","sharing_picture":null,"percent_done":100,"tags":[{"id":1666,"title":"bicycle","value":"bicycle"},{"id":207226,"title":"bikebicycle","value":"bikebicycle"},{"id":20927,"title":"led zeppelin","value":"led%20zeppelin"},{"id":20695,"title":"mountain bike","value":"mountain%20bike"},{"id":339,"title":"bike","value":"bike"},{"id":5316,"title":"trailer","value":"trailer"},{"id":375251,"title":"cam mccaul","value":"cam%20mccaul"},{"id":375250,"title":"thomas vanderham","value":"thomas%20vanderham"},{"id":375249,"title":"greg watts","value":"greg%20watts"},{"id":375248,"title":"rachel atherton","value":"rachel%20atherton"},{"id":375247,"title":"tracy moseley","value":"tracy%20moseley"},{"id":138874,"title":"steve smith","value":"steve%20smith"},{"id":6283,"title":"biking","value":"biking"},{"id":375246,"title":"mountain bike movie","value":"mountain%20bike%20movie"},{"id":51477,"title":"tyler mccaul","value":"tyler%20mccaul"},{"id":235871,"title":"steve peat","value":"steve%20peat"},{"id":375245,"title":"gee atherton","value":"gee%20atherton"},{"id":375244,"title":"alex reveles.","value":"alex%20reveles."},{"id":313128,"title":"matt hunter","value":"matt%20hunter"},{"id":7161,"title":"red bull","value":"red%20bull"},{"id":51476,"title":"brandon semenuk","value":"brandon%20semenuk"},{"id":2107,"title":"ride","value":"ride"},{"id":375243,"title":"wade simmons","value":"wade%20simmons"},{"id":375242,"title":"anthony messere","value":"anthony%20messere"},{"id":20499,"title":"top motor","value":"top%20motor"},{"id":375241,"title":"rene wildhaber","value":"rene%20wildhaber"},{"id":362694,"title":"strength in numbers","value":"strength%20in%20numbers"},{"id":92170,"title":"ryan howard","value":"ryan%20howard"},{"id":75987,"title":"graham agassiz","value":"graham%20agassiz"},{"id":375240,"title":"adam billinghurst","value":"adam%20billinghurst"},{"id":296912,"title":"aaron gwin","value":"aaron%20gwin"},{"id":9958,"title":"official","value":"official"},{"id":375239,"title":"andrew shandro","value":"andrew%20shandro"}],"categories":[{"id":12,"title":"Sports","permalink":"sports","subscriptions_count":10057526,"big_image_url":"https://coub-anubis-a.akamaized.net/coub_storage/category/cw_image/f582005153c/999b059f60e79e58836fc/big_1544760276_sport2.png","small_image_url":"https://coub-anubis-a.akamaized.net/coub_storage/category/cw_image/f582005153c/999b059f60e79e58836fc/small_1544760276_sport2.png","med_image_url":"https://coub-anubis-a.akamaized.net/coub_storage/category/cw_image/f582005153c/999b059f60e79e58836fc/med_1544760276_sport2.png","visible":true}],"communities":[{"id":12,"title":"Sports","permalink":"sports","subscriptions_count":10057526,"big_image_url":"https://coub-anubis-a.akamaized.net/coub_storage/category/cw_image/f582005153c/999b059f60e79e58836fc/big_1544760276_sport2.png","small_image_url":"https://coub-anubis-a.akamaized.net/coub_storage/category/cw_image/f582005153c/999b059f60e79e58836fc/small_1544760276_sport2.png","med_image_url":"https://coub-anubis-a.akamaized.net/coub_storage/category/cw_image/f582005153c/999b059f60e79e58836fc/med_1544760276_sport2.png","i_subscribed":true,"community_notifications_enabled":null,"description":null}],"recoubs_count":232,"remixes_count":0,"likes_count":980,"dislikes_count":0,"raw_video_id":736440,"uploaded_by_ios_app":false,"uploaded_by_android_app":false,"media_blocks":{"uploaded_raw_videos":[],"external_raw_videos":[{"id":11431501,"title":"Strength in Numbers Official Trailer","url":"http://www.youtube.com/watch?v=xORYfLLZck8","image":"https://coub-anubis-a.akamaized.net/coub_storage/media_block/cw_image/d03acde20cf/f1edcbb304faf8af6ea4b/1492475840_1407443055_1404801078_10ddmox_att-url-download.jpg","image_retina":"https://coub-anubis-a.akamaized.net/coub_storage/media_block/cw_image/d03acde20cf/f1edcbb304faf8af6ea4b/1492475840_1407443055_1404801078_10ddmox_att-url-download.jpg","meta":{"service":"Youtube","duration":"196.6"},"duration":196.6,"raw_video_id":736440,"has_embed":true}],"remixed_from_coubs":[],"external_video":{"id":11431501,"title":"Strength in Numbers Official Trailer","url":"http://www.youtube.com/watch?v=xORYfLLZck8","image":"https://coub-anubis-a.akamaized.net/coub_storage/media_block/cw_image/d03acde20cf/f1edcbb304faf8af6ea4b/1492475840_1407443055_1404801078_10ddmox_att-url-download.jpg","image_retina":"https://coub-anubis-a.akamaized.net/coub_storage/media_block/cw_image/d03acde20cf/f1edcbb304faf8af6ea4b/1492475840_1407443055_1404801078_10ddmox_att-url-download.jpg","meta":{"service":"Youtube","duration":"196.6"},"duration":196.6,"raw_video_id":736440,"has_embed":true},"audio_track":{"id":19329123,"title":"When The Levee Breaks","url":"https://geo.itunes.apple.com/us/album/when-the-levee-breaks/id266075192?i=266075537&uo=4&at=10l5bB&app=music","image":"https://coub-anubis-a.akamaized.net/coub_storage/media_block/cw_image/f97e1377131/4c18324a211fe9b8b0db4/1492072820_1471268396_1y037gc_att-url-download.jpg","image_retina":"https://coub-anubis-a.akamaized.net/coub_storage/media_block/cw_image/f97e1377131/4c18324a211fe9b8b0db4/1492072820_1471268396_1y037gc_att-url-download.jpg","meta":{"year":null,"album":null,"title":"When The Levee Breaks","artist":"Led Zeppelin","echonest_id":null},"duration":null,"amazon_url":null,"google_play_url":null,"bandcamp_url":null,"soundcloud_url":null,"track_name":null,"track_artist":null,"track_album":null,"itunes_url":"https://geo.itunes.apple.com/us/album/when-the-levee-breaks/id266075192?i=266075537&uo=4&at=10l5bB&app=music"}},"raw_video_thumbnail_url":"/missing/missing.png","raw_video_title":"Strength in Numbers Official Trailer","video_block_banned":false,"duration":9.32,"promo_winner":false,"promo_winner_recoubers":null,"editorial_info":{},"promo_hint":null,"beeline_best_2014":null,"from_web_editor":true,"normalize_sound":true,"normalize_change_allowed":true,"best2015_addable":false,"ahmad_promo":null,"promo_data":null,"audio_copyright_claim":null,"ads_disabled":null,"is_safe_for_ads":true,"megafon_contents":[],"position_on_page":5},{"flag":null,"abuses":null,"recoubs_by_users_channels":null,"favourite":false,"promoted_id":null,"recoub":null,"like":null,"dislike":null,"reaction":null,"in_my_best2015":false,"id":103898952,"type":"Coub::Simple","permalink":"1pga81","title":"добро всегда побеждает #superbike ","visibility_type":"public","original_visibility_type":"public","channel_id":2883973,"created_at":"2019-03-02T06:34:21Z","updated_at":"2022-03-11T15:05:47Z","is_done":true,"views_count":70227,"cotd":null,"cotd_at":null,"visible_on_explore_root":false,"visible_on_explore":false,"featured":false,"published":true,"published_at":"2019-03-02T06:34:21Z","reversed":false,"from_editor_v2":true,"is_editable":true,"original_sound":false,"has_sound":false,"recoub_to":null,"file_versions":{"html5":{"video":{"higher":{"url":"https://coub-anubis-a.akamaized.net/coub_storage/coub/simple/cw_file/179a53c30b0/4d596cd11ce0c72fa10fa/muted_mp4_huge_size_1570662313_muted_huge.mp4","size":2719342},"high":{"url":"https://coub-anubis-a.akamaized.net/coub_storage/coub/simple/cw_file/179a53c30b0/4d596cd11ce0c72fa10fa/muted_mp4_big_size_1570662313_muted_big.mp4","size":1874549},"med":{"url":"https://coub-anubis-a.akamaized.net/coub_storage/coub/simple/cw_file/179a53c30b0/4d596cd11ce0c72fa10fa/muted_mp4_med_size_1570662313_muted_med.mp4","size":578635}},"audio":{"high":{"url":"https://coub-anubis-a.akamaized.net/coub_storage/coub/simple/cw_looped_audio_high/5e045113318/14b7f4bda8be768b325ea/1605675479_high_1551508505_high.mp3","size":5481995},"med":{"url":"https://coub-anubis-a.akamaized.net/coub_storage/coub/simple/cw_looped_audio_med/86d3f63a6db/bc34b4a078ea98854ee8f/1605675479_med_1551508505_med.mp3","size":3812810}}},"mobile":{"video":"https://coub-anubis-a.akamaized.net/coub_storage/coub/simple/cw_file/179a53c30b0/4d596cd11ce0c72fa10fa/muted_mp4_med_size_1570662313_muted_med.mp4","audio":["https://coub-anubis-a.akamaized.net/coub_storage/coub/simple/cw_looped_audio_med/86d3f63a6db/bc34b4a078ea98854ee8f/1605675479_med_1551508505_med.mp3"]},"share":{"default":"https://coub-anubis-a.akamaized.net/coub_storage/coub/simple/cw_video_for_sharing/f1d60d51ab5/a0fad06a4b533c68e627a/1610529082_looped_1610529080.mp4"}},"audio_versions":{"template":"https://coub-anubis-a.akamaized.net/coub_storage/audio_track/cw_file/b42d12f4dc1/715de497966341ac3adb7/mid_1551508471_1vv9bl4_edited.mp3","versions":["mid","low"]},"image_versions":{"template":"https://coub-anubis-a.akamaized.net/coub_storage/coub/simple/cw_image/ec1bcee4503/11a3ac676465914959bc8/1551508521_00032.jpg","versions":["micro","tiny","age_restricted","ios_large","ios_mosaic","big","med","small","pinterest"]},"first_frame_versions":{"template":"https://coub-anubis-a.akamaized.net/coub_storage/coub/simple/cw_timeline_pic/289edd310f8/6534cade08a6b3be02239/%{version}_1551508521_image.jpg","versions":["big","med","small","ios_large"]},"dimensions":{"big":[960,960],"med":[480,480]},"site_w_h":[400,400],"page_w_h":[400,400],"site_w_h_small":[310,310],"size":[960,960],"age_restricted":false,"age_restricted_by_admin":false,"not_safe_for_work":false,"allow_reuse":false,"dont_crop":false,"banned":false,"global_safe":false,"audio_file_url":"https://coub-anubis-a.akamaized.net/coub_storage/audio_track/cw_file/b42d12f4dc1/715de497966341ac3adb7/low_1551508471_1vv9bl4_edited.mp3","external_download":false,"application":null,"channel":{"id":2883973,"permalink":"mike1242","title":"𝕸𝖎𝖐𝖊 𝟙𝟚𝟜𝟚","description":"Coub of months","followers_count":173,"following_count":13,"avatar_versions":{"template":"https://coub-anubis-a.akamaized.net/coub_storage/channel/cw_avatar/302f192c459/4a069ec34d7002f1f255e/%{version}_1607424328_1shzist_1556921572_cropped.jpeg","versions":["medium","medium_2x","profile_pic","profile_pic_new","profile_pic_new_2x","tiny","tiny_2x","small","small_2x","ios_large","ios_small"]}},"file":null,"picture":"https://coub-anubis-a.akamaized.net/coub_storage/coub/simple/cw_image/ec1bcee4503/11a3ac676465914959bc8/1551508521_00032.jpg","timeline_picture":"https://coub-anubis-a.akamaized.net/coub_storage/coub/simple/cw_timeline_pic/289edd310f8/6534cade08a6b3be02239/ios_large_1551508521_image.jpg","small_picture":"https://coub-anubis-a.akamaized.net/coub_storage/coub/simple/cw_image/ec1bcee4503/11a3ac676465914959bc8/1551508521_00032.jpg","sharing_picture":null,"percent_done":100,"tags":[{"id":72490,"title":"superbike","value":"superbike"}],"categories":[{"id":12,"title":"Sports","permalink":"sports","subscriptions_count":10057526,"big_image_url":"https://coub-anubis-a.akamaized.net/coub_storage/category/cw_image/f582005153c/999b059f60e79e58836fc/big_1544760276_sport2.png","small_image_url":"https://coub-anubis-a.akamaized.net/coub_storage/category/cw_image/f582005153c/999b059f60e79e58836fc/small_1544760276_sport2.png","med_image_url":"https://coub-anubis-a.akamaized.net/coub_storage/category/cw_image/f582005153c/999b059f60e79e58836fc/med_1544760276_sport2.png","visible":true}],"communities":[{"id":12,"title":"Sports","permalink":"sports","subscriptions_count":10057526,"big_image_url":"https://coub-anubis-a.akamaized.net/coub_storage/category/cw_image/f582005153c/999b059f60e79e58836fc/big_1544760276_sport2.png","small_image_url":"https://coub-anubis-a.akamaized.net/coub_storage/category/cw_image/f582005153c/999b059f60e79e58836fc/small_1544760276_sport2.png","med_image_url":"https://coub-anubis-a.akamaized.net/coub_storage/category/cw_image/f582005153c/999b059f60e79e58836fc/med_1544760276_sport2.png","i_subscribed":true,"community_notifications_enabled":null,"description":null}],"recoubs_count":169,"remixes_count":2,"likes_count":979,"dislikes_count":0,"raw_video_id":13304535,"uploaded_by_ios_app":false,"uploaded_by_android_app":true,"media_blocks":{"uploaded_raw_videos":[],"external_raw_videos":[],"remixed_from_coubs":[]},"raw_video_thumbnail_url":"/missing/missing.png","raw_video_title":null,"video_block_banned":false,"duration":10.08,"promo_winner":false,"promo_winner_recoubers":null,"editorial_info":{},"promo_hint":null,"beeline_best_2014":null,"from_web_editor":false,"normalize_sound":true,"normalize_change_allowed":true,"best2015_addable":false,"ahmad_promo":null,"promo_data":null,"audio_copyright_claim":null,"ads_disabled":false,"is_safe_for_ads":true,"megafon_contents":[],"position_on_page":6},{"flag":null,"abuses":null,"recoubs_by_users_channels":null,"favourite":false,"promoted_id":null,"recoub":null,"like":null,"dislike":null,"reaction":null,"in_my_best2015":false,"id":66546669,"type":"Coub::Simple","permalink":"136c6f","title":"Серфинг. Начало.","visibility_type":"public","original_visibility_type":"public","channel_id":3860850,"created_at":"2018-02-09T22:01:22Z","updated_at":"2022-03-08T12:06:09Z","is_done":true,"views_count":76039,"cotd":null,"cotd_at":null,"visible_on_explore_root":false,"visible_on_explore":false,"featured":false,"published":true,"published_at":"2018-02-09T22:01:22Z","reversed":false,"from_editor_v2":true,"is_editable":true,"original_sound":false,"has_sound":false,"recoub_to":null,"file_versions":{"html5":{"video":{"higher":{"url":"https://coub-anubis-a.akamaized.net/coub_storage/coub/simple/cw_file/0e398e6fb4f/89e080346a5ac49c15cff/muted_mp4_huge_size_1568192471_muted_huge.mp4","size":3151072},"high":{"url":"https://coub-anubis-a.akamaized.net/coub_storage/coub/simple/cw_file/0e398e6fb4f/89e080346a5ac49c15cff/muted_mp4_big_size_1568192471_muted_big.mp4","size":2203227},"med":{"url":"https://coub-anubis-a.akamaized.net/coub_storage/coub/simple/cw_file/0e398e6fb4f/89e080346a5ac49c15cff/muted_mp4_med_size_1568192471_muted_med.mp4","size":670125}},"audio":{"high":{"url":"https://coub-anubis-a.akamaized.net/coub_storage/coub/simple/cw_looped_audio_high/5bb7b94d3df/c721004b88c750c3e6e6a/1605630809_high_1518252239_high.mp3","size":4794346},"med":{"url":"https://coub-anubis-a.akamaized.net/coub_storage/coub/simple/cw_looped_audio_med/f76aaf649a3/4850ba5782097a787d39f/1605630808_med_1518252239_med.mp3","size":3525031}}},"mobile":{"video":"https://coub-anubis-a.akamaized.net/coub_storage/coub/simple/cw_file/0e398e6fb4f/89e080346a5ac49c15cff/muted_mp4_med_size_1568192471_muted_med.mp4","audio":["https://coub-anubis-a.akamaized.net/coub_storage/coub/simple/cw_looped_audio_med/f76aaf649a3/4850ba5782097a787d39f/1605630808_med_1518252239_med.mp3"]},"share":{"default":"https://coub-anubis-a.akamaized.net/coub_storage/coub/simple/cw_video_for_sharing/8bc84c72255/0e7804cb0dbbc7dc51571/1611807998_looped_1611807997.mp4"}},"audio_versions":{"template":"https://coub-anubis-a.akamaized.net/coub_storage/audio_track/cw_normalized_copy/9ac8b543934/f1c37901e01d506a6ccff/mid_1518252220_v6v3ar_normalized_1518252195_1kh3d98_edited.mp3","versions":["mid","low"]},"image_versions":{"template":"https://coub-anubis-a.akamaized.net/coub_storage/coub/simple/cw_image/b065f2831b2/f4c619d3d3c6ab6ba7dbd/1518252258_00032.jpg","versions":["micro","tiny","age_restricted","ios_large","ios_mosaic","big","med","small","pinterest"]},"first_frame_versions":{"template":"https://coub-anubis-a.akamaized.net/coub_storage/coub/simple/cw_timeline_pic/e7738cb7407/cf3d43ad9d2a9b339684b/%{version}_1518252258_image.jpg","versions":["big","med","small","ios_large"]},"dimensions":{"big":[1280,762],"med":[640,380]},"site_w_h":[640,381],"page_w_h":[640,381],"site_w_h_small":[310,185],"size":[1280,762],"age_restricted":false,"age_restricted_by_admin":false,"not_safe_for_work":false,"allow_reuse":false,"dont_crop":false,"banned":false,"global_safe":false,"audio_file_url":"https://coub-anubis-a.akamaized.net/coub_storage/audio_track/cw_normalized_copy/9ac8b543934/f1c37901e01d506a6ccff/low_1518252220_v6v3ar_normalized_1518252195_1kh3d98_edited.mp3","external_download":false,"application":null,"channel":{"id":3860850,"permalink":"aleksandr4112","title":"gcjr9738fj39jdj3i","description":null,"followers_count":65,"following_count":31,"avatar_versions":{"template":"https://coub-anubis-a.akamaized.net/coub_storage/channel/cw_avatar/9f81243362b/68a641614c5d4fae367d9/%{version}_1608014556_1rvfz8w_1582914535_filename.jpeg","versions":["medium","medium_2x","profile_pic","profile_pic_new","profile_pic_new_2x","tiny","tiny_2x","small","small_2x","ios_large","ios_small"]}},"file":null,"picture":"https://coub-anubis-a.akamaized.net/coub_storage/coub/simple/cw_image/b065f2831b2/f4c619d3d3c6ab6ba7dbd/1518252258_00032.jpg","timeline_picture":"https://coub-anubis-a.akamaized.net/coub_storage/coub/simple/cw_timeline_pic/e7738cb7407/cf3d43ad9d2a9b339684b/ios_large_1518252258_image.jpg","small_picture":"https://coub-anubis-a.akamaized.net/coub_storage/coub/simple/cw_image/b065f2831b2/f4c619d3d3c6ab6ba7dbd/1518252258_00032.jpg","sharing_picture":null,"percent_done":100,"tags":[],"categories":[{"id":12,"title":"Sports","permalink":"sports","subscriptions_count":10057526,"big_image_url":"https://coub-anubis-a.akamaized.net/coub_storage/category/cw_image/f582005153c/999b059f60e79e58836fc/big_1544760276_sport2.png","small_image_url":"https://coub-anubis-a.akamaized.net/coub_storage/category/cw_image/f582005153c/999b059f60e79e58836fc/small_1544760276_sport2.png","med_image_url":"https://coub-anubis-a.akamaized.net/coub_storage/category/cw_image/f582005153c/999b059f60e79e58836fc/med_1544760276_sport2.png","visible":true}],"communities":[{"id":12,"title":"Sports","permalink":"sports","subscriptions_count":10057526,"big_image_url":"https://coub-anubis-a.akamaized.net/coub_storage/category/cw_image/f582005153c/999b059f60e79e58836fc/big_1544760276_sport2.png","small_image_url":"https://coub-anubis-a.akamaized.net/coub_storage/category/cw_image/f582005153c/999b059f60e79e58836fc/small_1544760276_sport2.png","med_image_url":"https://coub-anubis-a.akamaized.net/coub_storage/category/cw_image/f582005153c/999b059f60e79e58836fc/med_1544760276_sport2.png","i_subscribed":true,"community_notifications_enabled":null,"description":null}],"recoubs_count":239,"remixes_count":8,"likes_count":979,"dislikes_count":0,"raw_video_id":11098401,"uploaded_by_ios_app":false,"uploaded_by_android_app":false,"media_blocks":{"uploaded_raw_videos":[],"external_raw_videos":[],"remixed_from_coubs":[]},"raw_video_thumbnail_url":"/missing/missing.png","raw_video_title":"___________.mp4","video_block_banned":false,"duration":10.0,"promo_winner":false,"promo_winner_recoubers":null,"editorial_info":{},"promo_hint":null,"beeline_best_2014":null,"from_web_editor":true,"normalize_sound":true,"normalize_change_allowed":true,"best2015_addable":false,"ahmad_promo":null,"promo_data":null,"audio_copyright_claim":null,"ads_disabled":false,"is_safe_for_ads":true,"megafon_contents":[],"position_on_page":7},{"flag":null,"abuses":null,"recoubs_by_users_channels":null,"favourite":false,"promoted_id":null,"recoub":null,"like":null,"dislike":null,"reaction":null,"in_my_best2015":false,"id":12839430,"type":"Coub::Simple","permalink":"771n4","title":"Backflip on 40th floor","visibility_type":"public","original_visibility_type":"public","channel_id":1161006,"created_at":"2015-07-09T10:48:51Z","updated_at":"2022-03-05T08:55:47Z","is_done":true,"views_count":46602,"cotd":null,"cotd_at":null,"visible_on_explore_root":true,"visible_on_explore":true,"featured":true,"published":true,"published_at":"2015-07-09T10:48:51Z","reversed":false,"from_editor_v2":true,"is_editable":true,"original_sound":true,"has_sound":true,"recoub_to":null,"file_versions":{"html5":{"video":{"higher":{"url":"https://coub-anubis-a.akamaized.net/coub_storage/coub/simple/cw_file/0113a6c548a/171a6f71b8692c9249dfb/muted_mp4_huge_size_1567781020_muted_huge.mp4","size":3222436},"high":{"url":"https://coub-anubis-a.akamaized.net/coub_storage/coub/simple/cw_file/0113a6c548a/171a6f71b8692c9249dfb/muted_mp4_big_size_1567781020_muted_big.mp4","size":2308323},"med":{"url":"https://coub-anubis-a.akamaized.net/coub_storage/coub/simple/cw_file/0113a6c548a/171a6f71b8692c9249dfb/muted_mp4_med_size_1567781020_muted_med.mp4","size":703874}},"audio":{"high":{"url":"https://coub-anubis-a.akamaized.net/coub_storage/coub/simple/cw_looped_audio_high/6a3c4641751/9754e3793bd26bb4c633f/1605455546_high_1445979456_high.mp3","size":1412492},"med":{"url":"https://coub-anubis-a.akamaized.net/coub_storage/coub/simple/cw_looped_audio_med/f78587d4602/effe9c287bbd5908b7e67/1605455546_med_1445979456_med.mp3","size":941661},"sample_duration":8.461}},"mobile":{"video":"https://coub-anubis-a.akamaized.net/coub_storage/coub/simple/cw_file/0113a6c548a/171a6f71b8692c9249dfb/muted_mp4_med_size_1567781020_muted_med.mp4","audio":["https://coub-anubis-a.akamaized.net/coub_storage/coub/simple/cw_looped_audio_med/f78587d4602/effe9c287bbd5908b7e67/1605455546_med_1445979456_med.mp3"]},"share":{"default":"https://coub-anubis-a.akamaized.net/coub_storage/coub/simple/cw_video_for_sharing/216776a4d4d/faa9282463b2e4ec9e3eb/1611273585_looped_1611273584.mp4"}},"audio_versions":{},"image_versions":{"template":"https://coub-anubis-a.akamaized.net/coub_storage/coub/simple/cw_image/7ee8dab0982/a54c03252805c7a5560f3/1436439000_00027.jpg","versions":["micro","tiny","age_restricted","ios_large","ios_mosaic","big","med","small","pinterest"]},"first_frame_versions":{"template":"https://coub-anubis-a.akamaized.net/coub_storage/coub/simple/cw_timeline_pic/207e99caaf5/dc7be92ada223de4cd0fc/%{version}_1436438999_image.jpg","versions":["big","med","small","ios_large"]},"dimensions":{"big":[1280,720],"med":[640,360]},"site_w_h":[640,360],"page_w_h":[640,360],"site_w_h_small":[310,174],"size":[1280,720],"age_restricted":false,"age_restricted_by_admin":false,"not_safe_for_work":false,"allow_reuse":false,"dont_crop":false,"banned":false,"global_safe":true,"audio_file_url":null,"external_download":{"type":"Youtube","service_name":"YouTube","url":"http://www.youtube.com/watch?v=R2t3Tph8G-4","has_embed":true},"application":null,"channel":{"id":1161006,"permalink":"igor.gladkoborodov","title":"Igor Gladkoborodov","description":null,"followers_count":3859,"following_count":886,"avatar_versions":{"template":"https://coub-anubis-a.akamaized.net/coub_storage/channel/cw_avatar/ae8994e6004/7af25aefe36fb65d6b996/%{version}_1609270392_x59yhg_1474610823_1hoom1x_att-url-download.jpg","versions":["medium","medium_2x","profile_pic","profile_pic_new","profile_pic_new_2x","tiny","tiny_2x","small","small_2x","ios_large","ios_small"]}},"file":null,"picture":"https://coub-anubis-a.akamaized.net/coub_storage/coub/simple/cw_image/7ee8dab0982/a54c03252805c7a5560f3/1436439000_00027.jpg","timeline_picture":"https://coub-anubis-a.akamaized.net/coub_storage/coub/simple/cw_timeline_pic/207e99caaf5/dc7be92ada223de4cd0fc/ios_large_1436438999_image.jpg","small_picture":"https://coub-anubis-a.akamaized.net/coub_storage/coub/simple/cw_image/7ee8dab0982/a54c03252805c7a5560f3/1436439000_00027.jpg","sharing_picture":null,"percent_done":100,"tags":[],"categories":[{"id":12,"title":"Sports","permalink":"sports","subscriptions_count":10057526,"big_image_url":"https://coub-anubis-a.akamaized.net/coub_storage/category/cw_image/f582005153c/999b059f60e79e58836fc/big_1544760276_sport2.png","small_image_url":"https://coub-anubis-a.akamaized.net/coub_storage/category/cw_image/f582005153c/999b059f60e79e58836fc/small_1544760276_sport2.png","med_image_url":"https://coub-anubis-a.akamaized.net/coub_storage/category/cw_image/f582005153c/999b059f60e79e58836fc/med_1544760276_sport2.png","visible":true}],"communities":[{"id":12,"title":"Sports","permalink":"sports","subscriptions_count":10057526,"big_image_url":"https://coub-anubis-a.akamaized.net/coub_storage/category/cw_image/f582005153c/999b059f60e79e58836fc/big_1544760276_sport2.png","small_image_url":"https://coub-anubis-a.akamaized.net/coub_storage/category/cw_image/f582005153c/999b059f60e79e58836fc/small_1544760276_sport2.png","med_image_url":"https://coub-anubis-a.akamaized.net/coub_storage/category/cw_image/f582005153c/999b059f60e79e58836fc/med_1544760276_sport2.png","i_subscribed":true,"community_notifications_enabled":null,"description":null}],"recoubs_count":239,"remixes_count":0,"likes_count":979,"dislikes_count":0,"raw_video_id":1509040,"uploaded_by_ios_app":false,"uploaded_by_android_app":false,"media_blocks":{"uploaded_raw_videos":[],"external_raw_videos":[{"id":11947037,"title":"Заднее сальто  на 40-ом этаже!","url":"http://www.youtube.com/watch?v=R2t3Tph8G-4","image":"https://coub-anubis-a.akamaized.net/coub_storage/media_block/cw_image/cd15571692c/e6f46777e3b62fcec5b1b/1492516542_1436438853_1fslli2_att-url-download.jpg","image_retina":"https://coub-anubis-a.akamaized.net/coub_storage/media_block/cw_image/cd15571692c/e6f46777e3b62fcec5b1b/1492516542_1436438853_1fslli2_att-url-download.jpg","meta":{"service":"Youtube","duration":"8.4"},"duration":8.4,"raw_video_id":1509040,"has_embed":true}],"remixed_from_coubs":[],"external_video":{"id":11947037,"title":"Заднее сальто  на 40-ом этаже!","url":"http://www.youtube.com/watch?v=R2t3Tph8G-4","image":"https://coub-anubis-a.akamaized.net/coub_storage/media_block/cw_image/cd15571692c/e6f46777e3b62fcec5b1b/1492516542_1436438853_1fslli2_att-url-download.jpg","image_retina":"https://coub-anubis-a.akamaized.net/coub_storage/media_block/cw_image/cd15571692c/e6f46777e3b62fcec5b1b/1492516542_1436438853_1fslli2_att-url-download.jpg","meta":{"service":"Youtube","duration":"8.4"},"duration":8.4,"raw_video_id":1509040,"has_embed":true}},"raw_video_thumbnail_url":"/missing/missing.png","raw_video_title":"Заднее сальто  на 40-ом этаже!","video_block_banned":false,"duration":8.4,"promo_winner":false,"promo_winner_recoubers":null,"editorial_info":{},"promo_hint":null,"beeline_best_2014":null,"from_web_editor":true,"normalize_sound":true,"normalize_change_allowed":true,"best2015_addable":false,"ahmad_promo":null,"promo_data":null,"audio_copyright_claim":null,"ads_disabled":null,"is_safe_for_ads":true,"megafon_contents":[],"position_on_page":8},{"flag":null,"abuses":null,"recoubs_by_users_channels":null,"favourite":false,"promoted_id":null,"recoub":null,"like":null,"dislike":null,"reaction":null,"in_my_best2015":false,"id":124001216,"type":"Coub::Simple","permalink":"21fksc","title":"Perfect Kung Fu","visibility_type":"public","original_visibility_type":"public","channel_id":3149466,"created_at":"2019-09-18T21:16:21Z","updated_at":"2022-02-14T05:15:10Z","is_done":true,"views_count":70353,"cotd":null,"cotd_at":null,"visible_on_explore_root":false,"visible_on_explore":false,"featured":false,"published":true,"published_at":"2019-09-18T21:16:20Z","reversed":false,"from_editor_v2":true,"is_editable":true,"original_sound":false,"has_sound":false,"recoub_to":null,"file_versions":{"html5":{"video":{"higher":{"url":"https://coub-anubis-a.akamaized.net/coub_storage/coub/simple/cw_file/506fe1a7517/0658fe902b4896f116c4f/muted_mp4_huge_size_1568841383_muted_huge.mp4","size":1087266},"high":{"url":"https://coub-anubis-a.akamaized.net/coub_storage/coub/simple/cw_file/506fe1a7517/0658fe902b4896f116c4f/muted_mp4_big_size_1568841383_muted_big.mp4","size":719599},"med":{"url":"https://coub-anubis-a.akamaized.net/coub_storage/coub/simple/cw_file/506fe1a7517/0658fe902b4896f116c4f/muted_mp4_med_size_1568841383_muted_med.mp4","size":272877}},"audio":{"high":{"url":"https://coub-anubis-a.akamaized.net/coub_storage/coub/simple/cw_looped_audio_high/f337b09af82/5e10b55cf03fac1c8b8af/1605690491_high_1568841386_high.mp3","size":1060964},"med":{"url":"https://coub-anubis-a.akamaized.net/coub_storage/coub/simple/cw_looped_audio_med/b585388d62f/d84b9336bdd0ed0c8c464/1605690490_med_1568841386_med.mp3","size":831081}}},"mobile":{"video":"https://coub-anubis-a.akamaized.net/coub_storage/coub/simple/cw_file/506fe1a7517/0658fe902b4896f116c4f/muted_mp4_med_size_1568841383_muted_med.mp4","audio":["https://coub-anubis-a.akamaized.net/coub_storage/coub/simple/cw_looped_audio_med/b585388d62f/d84b9336bdd0ed0c8c464/1605690490_med_1568841386_med.mp3"]},"share":{"default":"https://coub-anubis-a.akamaized.net/coub_storage/coub/simple/cw_video_for_sharing/90f4eb300e9/9ac984ef80a623999f266/1609068803_looped_1609068802.mp4"}},"audio_versions":{"template":"https://coub-anubis-a.akamaized.net/coub_storage/audio_track/cw_normalized_copy/077ff54be35/af91b8cfb1c5f741042fa/mid_1568841385_normalized_1568841384_de046_edited.mp3","versions":["mid","low"]},"image_versions":{"template":"https://coub-anubis-a.akamaized.net/coub_storage/coub/simple/cw_image/c47d4a62df1/ed72a241a750bf32dd518/1568841391_00028.jpg","versions":["micro","tiny","age_restricted","ios_large","ios_mosaic","big","med","small","pinterest"]},"first_frame_versions":{"template":"https://coub-anubis-a.akamaized.net/coub_storage/coub/simple/cw_timeline_pic/3b83e44e33b/5494054ad1643e1e81afd/%{version}_1568841391_image.jpg","versions":["big","med","small","ios_large"]},"dimensions":{"big":[696,960],"med":[348,480]},"site_w_h":[290,400],"page_w_h":[400,552],"site_w_h_small":[310,428],"size":[696,960],"age_restricted":false,"age_restricted_by_admin":false,"not_safe_for_work":false,"allow_reuse":false,"dont_crop":false,"banned":false,"global_safe":true,"audio_file_url":"https://coub-anubis-a.akamaized.net/coub_storage/audio_track/cw_normalized_copy/077ff54be35/af91b8cfb1c5f741042fa/low_1568841385_normalized_1568841384_de046_edited.mp3","external_download":{"type":"Imgur","service_name":"Imgur","url":"https://imgur.com/gallery/RF9JreR","has_embed":false},"application":null,"channel":{"id":3149466,"permalink":"yourlife","title":"YOUR LIFE","description":"This is your life","followers_count":1122,"following_count":1,"avatar_versions":{"template":"https://coub-anubis-a.akamaized.net/coub_storage/channel/cw_avatar/2514ee51fe1/c50094f1dc12e04d1ec25/%{version}_1607419496_nx6s25_1546118736_EEEE.png","versions":["medium","medium_2x","profile_pic","profile_pic_new","profile_pic_new_2x","tiny","tiny_2x","small","small_2x","ios_large","ios_small"]}},"file":null,"picture":"https://coub-anubis-a.akamaized.net/coub_storage/coub/simple/cw_image/c47d4a62df1/ed72a241a750bf32dd518/1568841391_00028.jpg","timeline_picture":"https://coub-anubis-a.akamaized.net/coub_storage/coub/simple/cw_timeline_pic/3b83e44e33b/5494054ad1643e1e81afd/ios_large_1568841391_image.jpg","small_picture":"https://coub-anubis-a.akamaized.net/coub_storage/coub/simple/cw_image/c47d4a62df1/ed72a241a750bf32dd518/1568841391_00028.jpg","sharing_picture":null,"percent_done":100,"tags":[{"id":2666,"title":"perfect","value":"perfect"},{"id":26156,"title":"kung","value":"kung"},{"id":42016,"title":"fu","value":"fu"},{"id":9090,"title":"kung fu","value":"kung%20fu"},{"id":30766,"title":"кунг фу","value":"%D0%BA%D1%83%D0%BD%D0%B3%20%D1%84%D1%83"},{"id":225108,"title":"кунг","value":"%D0%BA%D1%83%D0%BD%D0%B3"},{"id":54676,"title":"фу","value":"%D1%84%D1%83"},{"id":242881,"title":"идеально","value":"%D0%B8%D0%B4%D0%B5%D0%B0%D0%BB%D1%8C%D0%BD%D0%BE"},{"id":23564,"title":"каратэ","value":"%D0%BA%D0%B0%D1%80%D0%B0%D1%82%D1%8D"},{"id":7434,"title":"karate","value":"karate"},{"id":151918,"title":"каратист","value":"%D0%BA%D0%B0%D1%80%D0%B0%D1%82%D0%B8%D1%81%D1%82"},{"id":1102982,"title":"нун чаки","value":"%D0%BD%D1%83%D0%BD%20%D1%87%D0%B0%D0%BA%D0%B8"},{"id":348755,"title":"нунчаки","value":"%D0%BD%D1%83%D0%BD%D1%87%D0%B0%D0%BA%D0%B8"},{"id":7251,"title":"нунчаку","value":"%D0%BD%D1%83%D0%BD%D1%87%D0%B0%D0%BA%D1%83"},{"id":6633,"title":"нунчаки мастер","value":"%D0%BD%D1%83%D0%BD%D1%87%D0%B0%D0%BA%D0%B8%20%D0%BC%D0%B0%D1%81%D1%82%D0%B5%D1%80"},{"id":7252,"title":"nunchaku","value":"nunchaku"},{"id":109217,"title":"nunchakus","value":"nunchakus"},{"id":1345845,"title":"nunchakku","value":"nunchakku"}],"categories":[{"id":12,"title":"Sports","permalink":"sports","subscriptions_count":10057526,"big_image_url":"https://coub-anubis-a.akamaized.net/coub_storage/category/cw_image/f582005153c/999b059f60e79e58836fc/big_1544760276_sport2.png","small_image_url":"https://coub-anubis-a.akamaized.net/coub_storage/category/cw_image/f582005153c/999b059f60e79e58836fc/small_1544760276_sport2.png","med_image_url":"https://coub-anubis-a.akamaized.net/coub_storage/category/cw_image/f582005153c/999b059f60e79e58836fc/med_1544760276_sport2.png","visible":true}],"communities":[{"id":12,"title":"Sports","permalink":"sports","subscriptions_count":10057526,"big_image_url":"https://coub-anubis-a.akamaized.net/coub_storage/category/cw_image/f582005153c/999b059f60e79e58836fc/big_1544760276_sport2.png","small_image_url":"https://coub-anubis-a.akamaized.net/coub_storage/category/cw_image/f582005153c/999b059f60e79e58836fc/small_1544760276_sport2.png","med_image_url":"https://coub-anubis-a.akamaized.net/coub_storage/category/cw_image/f582005153c/999b059f60e79e58836fc/med_1544760276_sport2.png","i_subscribed":true,"community_notifications_enabled":null,"description":null}],"recoubs_count":163,"remixes_count":0,"likes_count":978,"dislikes_count":0,"raw_video_id":14239789,"uploaded_by_ios_app":false,"uploaded_by_android_app":false,"media_blocks":{"uploaded_raw_videos":[],"external_raw_videos":[{"id":33272083,"title":"If Bruce Lee was still alive today .... RIP","url":"https://imgur.com/gallery/RF9JreR","image":"https://coub-anubis-a.akamaized.net/coub_storage/media_block/cw_image/a32c4ea0269/90a34a1cfd886c4e31296/1568840814_15tvz09_1568840808_tgjm9h_att-url-download.jpg_fbplay","image_retina":"https://coub-anubis-a.akamaized.net/coub_storage/media_block/cw_image/a32c4ea0269/90a34a1cfd886c4e31296/1568840814_15tvz09_1568840808_tgjm9h_att-url-download.jpg_fbplay","meta":{"service":"Imgur","duration":"13.48"},"duration":13.48,"raw_video_id":14239789,"has_embed":false}],"remixed_from_coubs":[],"external_video":{"id":33272083,"title":"If Bruce Lee was still alive today .... RIP","url":"https://imgur.com/gallery/RF9JreR","image":"https://coub-anubis-a.akamaized.net/coub_storage/media_block/cw_image/a32c4ea0269/90a34a1cfd886c4e31296/1568840814_15tvz09_1568840808_tgjm9h_att-url-download.jpg_fbplay","image_retina":"https://coub-anubis-a.akamaized.net/coub_storage/media_block/cw_image/a32c4ea0269/90a34a1cfd886c4e31296/1568840814_15tvz09_1568840808_tgjm9h_att-url-download.jpg_fbplay","meta":{"service":"Imgur","duration":"13.48"},"duration":13.48,"raw_video_id":14239789,"has_embed":false}},"raw_video_thumbnail_url":"/missing/missing.png","raw_video_title":"If Bruce Lee was still alive today .... RIP","video_block_banned":false,"duration":8.68,"promo_winner":false,"promo_winner_recoubers":null,"editorial_info":{},"promo_hint":null,"beeline_best_2014":null,"from_web_editor":true,"normalize_sound":true,"normalize_change_allowed":true,"best2015_addable":false,"ahmad_promo":null,"promo_data":null,"audio_copyright_claim":null,"ads_disabled":false,"is_safe_for_ads":true,"megafon_contents":[],"position_on_page":9},{"flag":null,"abuses":null,"recoubs_by_users_channels":null,"favourite":false,"promoted_id":null,"recoub":null,"like":null,"dislike":null,"reaction":null,"in_my_best2015":false,"id":104615882,"type":"Coub::Simple","permalink":"1pvnex","title":"ILoveBicycleRace","visibility_type":"public","original_visibility_type":"public","channel_id":1422371,"created_at":"2019-03-08T08:20:05Z","updated_at":"2022-03-08T01:21:06Z","is_done":true,"views_count":68829,"cotd":null,"cotd_at":null,"visible_on_explore_root":false,"visible_on_explore":false,"featured":false,"published":true,"published_at":"2019-03-08T08:20:05Z","reversed":false,"from_editor_v2":true,"is_editable":true,"original_sound":false,"has_sound":false,"recoub_to":null,"file_versions":{"html5":{"video":{"higher":{"url":"https://coub-anubis-a.akamaized.net/coub_storage/coub/simple/cw_file/a420e445878/a14bbd6eef3c1c465232d/muted_mp4_huge_size_1580490520_muted_huge.mp4","size":2751193},"high":{"url":"https://coub-anubis-a.akamaized.net/coub_storage/coub/simple/cw_file/a420e445878/a14bbd6eef3c1c465232d/muted_mp4_big_size_1580490520_muted_big.mp4","size":2039516},"med":{"url":"https://coub-anubis-a.akamaized.net/coub_storage/coub/simple/cw_file/a420e445878/a14bbd6eef3c1c465232d/muted_mp4_med_size_1580490520_muted_med.mp4","size":407250}},"audio":{"high":{"url":"https://coub-anubis-a.akamaized.net/coub_storage/coub/simple/cw_looped_audio_high/6d466fd5824/b327f6ba1cd6b12d9d7ef/1605676768_high_1552033241_high.mp3","size":3988375},"med":{"url":"https://coub-anubis-a.akamaized.net/coub_storage/coub/simple/cw_looped_audio_med/3d26b28694e/acca4a6e53a04b4f13e8e/1605676767_med_1552033241_med.mp3","size":2873547}}},"mobile":{"video":"https://coub-anubis-a.akamaized.net/coub_storage/coub/simple/cw_file/a420e445878/a14bbd6eef3c1c465232d/muted_mp4_med_size_1580490520_muted_med.mp4","audio":["https://coub-anubis-a.akamaized.net/coub_storage/coub/simple/cw_looped_audio_med/3d26b28694e/acca4a6e53a04b4f13e8e/1605676767_med_1552033241_med.mp3"]},"share":{"default":"https://coub-anubis-a.akamaized.net/coub_storage/coub/simple/cw_video_for_sharing/8fdd292133c/dc259d8af6991fac999a2/1612908337_looped_1612908337.mp4"}},"audio_versions":{"template":"https://coub-anubis-a.akamaized.net/coub_storage/audio_track/cw_normalized_copy/d4313d8f139/fa3de16f139ab0230ca8d/mid_1553141782_normalized_1552033093_audio.mp3","versions":["mid","low"]},"image_versions":{"template":"https://coub-anubis-a.akamaized.net/coub_storage/coub/simple/cw_image/333f1b22408/1de8b3ca6b248e01444cb/1552033257_00032.jpg","versions":["micro","tiny","age_restricted","ios_large","ios_mosaic","big","med","small","pinterest"]},"first_frame_versions":{"template":"https://coub-anubis-a.akamaized.net/coub_storage/coub/simple/cw_timeline_pic/dba79235cec/a1a372f0741dd9498aa6b/%{version}_1552033257_image.jpg","versions":["big","med","small","ios_large"]},"dimensions":{"big":[1280,720],"med":[640,360]},"site_w_h":[640,360],"page_w_h":[640,360],"site_w_h_small":[310,174],"size":[1280,720],"age_restricted":false,"age_restricted_by_admin":false,"not_safe_for_work":false,"allow_reuse":false,"dont_crop":false,"banned":false,"global_safe":true,"audio_file_url":"https://coub-anubis-a.akamaized.net/coub_storage/audio_track/cw_normalized_copy/d4313d8f139/fa3de16f139ab0230ca8d/low_1553141782_normalized_1552033093_audio.mp3","external_download":false,"application":null,"channel":{"id":1422371,"permalink":"k2litebat","title":"K2LiteBattle","description":null,"followers_count":45,"following_count":11,"avatar_versions":{"template":"https://coub-anubis-a.akamaized.net/coub_storage/channel/cw_avatar/81835ab6714/0c6a986482bfd1da61bae/%{version}_1608833291_2isom3_1474676294_62674918.jpg","versions":["medium","medium_2x","profile_pic","profile_pic_new","profile_pic_new_2x","tiny","tiny_2x","small","small_2x","ios_large","ios_small"]}},"file":null,"picture":"https://coub-anubis-a.akamaized.net/coub_storage/coub/simple/cw_image/333f1b22408/1de8b3ca6b248e01444cb/1552033257_00032.jpg","timeline_picture":"https://coub-anubis-a.akamaized.net/coub_storage/coub/simple/cw_timeline_pic/dba79235cec/a1a372f0741dd9498aa6b/ios_large_1552033257_image.jpg","small_picture":"https://coub-anubis-a.akamaized.net/coub_storage/coub/simple/cw_image/333f1b22408/1de8b3ca6b248e01444cb/1552033257_00032.jpg","sharing_picture":null,"percent_done":100,"tags":[{"id":4750549,"title":"zayde wølf - new blood","value":"zayde%20w%C3%B8lf%20-%20new%20blood"}],"categories":[{"id":12,"title":"Sports","permalink":"sports","subscriptions_count":10057526,"big_image_url":"https://coub-anubis-a.akamaized.net/coub_storage/category/cw_image/f582005153c/999b059f60e79e58836fc/big_1544760276_sport2.png","small_image_url":"https://coub-anubis-a.akamaized.net/coub_storage/category/cw_image/f582005153c/999b059f60e79e58836fc/small_1544760276_sport2.png","med_image_url":"https://coub-anubis-a.akamaized.net/coub_storage/category/cw_image/f582005153c/999b059f60e79e58836fc/med_1544760276_sport2.png","visible":true}],"communities":[{"id":12,"title":"Sports","permalink":"sports","subscriptions_count":10057526,"big_image_url":"https://coub-anubis-a.akamaized.net/coub_storage/category/cw_image/f582005153c/999b059f60e79e58836fc/big_1544760276_sport2.png","small_image_url":"https://coub-anubis-a.akamaized.net/coub_storage/category/cw_image/f582005153c/999b059f60e79e58836fc/small_1544760276_sport2.png","med_image_url":"https://coub-anubis-a.akamaized.net/coub_storage/category/cw_image/f582005153c/999b059f60e79e58836fc/med_1544760276_sport2.png","i_subscribed":true,"community_notifications_enabled":null,"description":null}],"recoubs_count":209,"remixes_count":2,"likes_count":978,"dislikes_count":0,"raw_video_id":"","uploaded_by_ios_app":false,"uploaded_by_android_app":false,"media_blocks":{"uploaded_raw_videos":[],"external_raw_videos":[],"remixed_from_coubs":[{"id":28007497,"title":"moonriders","url":"https://coub.com/coubs/1doj8q/remix","image":"https://coub-anubis-a.akamaized.net/coub_storage/media_block/cw_image/ab757df5428/27bf946337810303cbc7a/1535898934_1535898921_00032.jpg","image_retina":"https://coub-anubis-a.akamaized.net/coub_storage/media_block/cw_image/ab757df5428/27bf946337810303cbc7a/1535898934_1535898921_00032.jpg","meta":{"duration":"10.0"},"duration":null,"coub_channel_title":"California Dream","coub_channel_permalink":"californiadream","coub_views_count":347498,"coub_permalink":"1doj8q"}]},"raw_video_thumbnail_url":"","raw_video_title":"","video_block_banned":false,"duration":9.96,"promo_winner":false,"promo_winner_recoubers":null,"editorial_info":{},"promo_hint":null,"beeline_best_2014":null,"from_web_editor":true,"normalize_sound":true,"normalize_change_allowed":true,"best2015_addable":false,"ahmad_promo":null,"promo_data":null,"audio_copyright_claim":null,"ads_disabled":false,"is_safe_for_ads":true,"megafon_contents":[],"position_on_page":10}]}