{"page":245,"per_page":10,"total_pages":500,"coubs":[{"flag":null,"abuses":null,"recoubs_by_users_channels":null,"favourite":false,"promoted_id":null,"recoub":null,"like":null,"dislike":null,"reaction":null,"in_my_best2015":false,"id":66943749,"type":"Coub::Simple","permalink":"13ewvw","title":"Money, money, money Always sunny In the rich man's world","visibility_type":"public","original_visibility_type":"public","channel_id":3583206,"created_at":"2018-02-14T20:53:17Z","updated_at":"2022-03-08T04:31:37Z","is_done":true,"views_count":121961,"cotd":null,"cotd_at":null,"visible_on_explore_root":false,"visible_on_explore":false,"featured":false,"published":true,"published_at":"2018-02-14T20:53:17Z","reversed":false,"from_editor_v2":true,"is_editable":true,"original_sound":false,"has_sound":false,"recoub_to":null,"file_versions":{"html5":{"video":{"higher":{"url":"https://coub-anubis-a.akamaized.net/coub_storage/coub/simple/cw_file/92af12c9d29/90f5c5a100911b82c2d89/muted_mp4_huge_size_1568194523_muted_huge.mp4","size":2085069},"high":{"url":"https://coub-anubis-a.akamaized.net/coub_storage/coub/simple/cw_file/92af12c9d29/90f5c5a100911b82c2d89/muted_mp4_big_size_1568194523_muted_big.mp4","size":1478714},"med":{"url":"https://coub-anubis-a.akamaized.net/coub_storage/coub/simple/cw_file/92af12c9d29/90f5c5a100911b82c2d89/muted_mp4_med_size_1568194523_muted_med.mp4","size":471886}},"audio":{"high":{"url":"https://coub-anubis-a.akamaized.net/coub_storage/coub/simple/cw_looped_audio_high/0fd7cf36805/13f84ccd2ebef53d8aeb1/1605631679_high_1518641607_high.mp3","size":1123061},"med":{"url":"https://coub-anubis-a.akamaized.net/coub_storage/coub/simple/cw_looped_audio_med/17dbedb778b/71b1f4e70b7efd4700dbc/1605631679_med_1518641607_med.mp3","size":815652}}},"mobile":{"video":"https://coub-anubis-a.akamaized.net/coub_storage/coub/simple/cw_file/92af12c9d29/90f5c5a100911b82c2d89/muted_mp4_med_size_1568194523_muted_med.mp4","audio":["https://coub-anubis-a.akamaized.net/coub_storage/coub/simple/cw_looped_audio_med/17dbedb778b/71b1f4e70b7efd4700dbc/1605631679_med_1518641607_med.mp3"]},"share":{"default":"https://coub-anubis-a.akamaized.net/coub_storage/coub/simple/cw_video_for_sharing/1f262f24e92/980d1f0a69069188d9b06/1612017594_looped_1612017592.mp4"}},"audio_versions":{"template":"https://coub-anubis-a.akamaized.net/coub_storage/audio_track/cw_normalized_copy/97bdf35af89/5dbc7fbb2c2e86be55d9f/mid_1518641605_1rrdw7p_normalized_1518641602_1lj3ny5_edited.mp3","versions":["mid","low"]},"image_versions":{"template":"https://coub-anubis-a.akamaized.net/coub_storage/coub/simple/cw_image/92c85dcab21/3fcfe7a7032073230011f/1518641615_00031.jpg","versions":["micro","tiny","age_restricted","ios_large","ios_mosaic","big","med","small","pinterest"]},"first_frame_versions":{"template":"https://coub-anubis-a.akamaized.net/coub_storage/coub/simple/cw_timeline_pic/acbcb2fe88f/866e3a82b1821015413ac/1518641615_image.jpg","versions":["big","med","small","ios_large"]},"dimensions":{"big":[960,960],"med":[480,480]},"site_w_h":[400,400],"page_w_h":[400,400],"site_w_h_small":[310,310],"size":[960,960],"age_restricted":false,"age_restricted_by_admin":false,"not_safe_for_work":false,"allow_reuse":false,"dont_crop":false,"banned":false,"global_safe":true,"audio_file_url":"https://coub-anubis-a.akamaized.net/coub_storage/audio_track/cw_normalized_copy/97bdf35af89/5dbc7fbb2c2e86be55d9f/low_1518641605_1rrdw7p_normalized_1518641602_1lj3ny5_edited.mp3","external_download":false,"application":null,"channel":{"id":3583206,"permalink":"poison-lips","title":"Poison Lips","description":"With a different set of sex aspects","followers_count":984,"following_count":6,"avatar_versions":{"template":"https://coub-anubis-a.akamaized.net/coub_storage/channel/cw_avatar/6eee0ad25a3/3eb60d0019016bbbe85c8/%{version}_1607422023_1x7wzqb_1545429797_images.jpg","versions":["medium","medium_2x","profile_pic","profile_pic_new","profile_pic_new_2x","tiny","tiny_2x","small","small_2x","ios_large","ios_small"]}},"file":null,"picture":"https://coub-anubis-a.akamaized.net/coub_storage/coub/simple/cw_image/92c85dcab21/3fcfe7a7032073230011f/1518641615_00031.jpg","timeline_picture":"https://coub-anubis-a.akamaized.net/coub_storage/coub/simple/cw_timeline_pic/acbcb2fe88f/866e3a82b1821015413ac/1518641615_image.jpg","small_picture":"https://coub-anubis-a.akamaized.net/coub_storage/coub/simple/cw_image/92c85dcab21/3fcfe7a7032073230011f/1518641615_00031.jpg","sharing_picture":null,"percent_done":100,"tags":[{"id":37888,"title":"arm","value":"arm"},{"id":1762,"title":"money","value":"money"},{"id":230,"title":"hell","value":"hell"},{"id":6514,"title":"japan","value":"japan"},{"id":2937,"title":"china","value":"china"},{"id":1354,"title":"glasses","value":"glasses"},{"id":2654817,"title":"disapointed","value":"disapointed"}],"categories":[{"id":12,"title":"Sports","permalink":"sports","subscriptions_count":10057526,"big_image_url":"https://coub-anubis-a.akamaized.net/coub_storage/category/cw_image/f582005153c/999b059f60e79e58836fc/big_1544760276_sport2.png","small_image_url":"https://coub-anubis-a.akamaized.net/coub_storage/category/cw_image/f582005153c/999b059f60e79e58836fc/small_1544760276_sport2.png","med_image_url":"https://coub-anubis-a.akamaized.net/coub_storage/category/cw_image/f582005153c/999b059f60e79e58836fc/med_1544760276_sport2.png","visible":true}],"communities":[{"id":12,"title":"Sports","permalink":"sports","subscriptions_count":10057526,"big_image_url":"https://coub-anubis-a.akamaized.net/coub_storage/category/cw_image/f582005153c/999b059f60e79e58836fc/big_1544760276_sport2.png","small_image_url":"https://coub-anubis-a.akamaized.net/coub_storage/category/cw_image/f582005153c/999b059f60e79e58836fc/small_1544760276_sport2.png","med_image_url":"https://coub-anubis-a.akamaized.net/coub_storage/category/cw_image/f582005153c/999b059f60e79e58836fc/med_1544760276_sport2.png","i_subscribed":true,"community_notifications_enabled":null,"description":null}],"recoubs_count":335,"remixes_count":1,"likes_count":1691,"dislikes_count":0,"raw_video_id":11130914,"uploaded_by_ios_app":false,"uploaded_by_android_app":false,"media_blocks":{"uploaded_raw_videos":[],"external_raw_videos":[],"remixed_from_coubs":[]},"raw_video_thumbnail_url":"/missing/missing.png","raw_video_title":"just_vid__1_.gif","video_block_banned":false,"duration":9.6,"promo_winner":false,"promo_winner_recoubers":null,"editorial_info":{},"promo_hint":null,"beeline_best_2014":null,"from_web_editor":true,"normalize_sound":true,"normalize_change_allowed":true,"best2015_addable":false,"ahmad_promo":null,"promo_data":null,"audio_copyright_claim":null,"ads_disabled":false,"is_safe_for_ads":true,"megafon_contents":[],"position_on_page":1},{"flag":null,"abuses":null,"recoubs_by_users_channels":null,"favourite":false,"promoted_id":null,"recoub":null,"like":null,"dislike":null,"reaction":null,"in_my_best2015":false,"id":114922763,"type":"Coub::Simple","permalink":"1w0kbg","title":"Gym Myths - Fact or Fiction?","visibility_type":"public","original_visibility_type":"public","channel_id":657561,"created_at":"2019-06-13T04:58:35Z","updated_at":"2022-03-01T07:48:40Z","is_done":true,"views_count":138605,"cotd":null,"cotd_at":null,"visible_on_explore_root":false,"visible_on_explore":false,"featured":false,"published":true,"published_at":"2019-06-13T04:58:35Z","reversed":false,"from_editor_v2":true,"is_editable":true,"original_sound":true,"has_sound":true,"recoub_to":null,"file_versions":{"html5":{"video":{"higher":{"url":"https://coub-anubis-a.akamaized.net/coub_storage/coub/simple/cw_file/7c960974e34/b6545ea0aa74330dbf1cb/muted_mp4_huge_size_1569077046_muted_huge.mp4","size":2549750},"high":{"url":"https://coub-anubis-a.akamaized.net/coub_storage/coub/simple/cw_file/7c960974e34/b6545ea0aa74330dbf1cb/muted_mp4_big_size_1569077046_muted_big.mp4","size":1912580},"med":{"url":"https://coub-anubis-a.akamaized.net/coub_storage/coub/simple/cw_file/7c960974e34/b6545ea0aa74330dbf1cb/muted_mp4_med_size_1569077046_muted_med.mp4","size":550183}},"audio":{"high":{"url":"https://coub-anubis-a.akamaized.net/coub_storage/coub/simple/cw_looped_audio_high/1ece8883401/76c7f19c52339cc8e1c2e/1605661737_high_1560401996_high.mp3","size":928106},"med":{"url":"https://coub-anubis-a.akamaized.net/coub_storage/coub/simple/cw_looped_audio_med/1f476fe2b86/34eff9d3bac489944e9e9/1605661736_med_1560401996_med.mp3","size":798608},"sample_duration":10.009}},"mobile":{"video":"https://coub-anubis-a.akamaized.net/coub_storage/coub/simple/cw_file/7c960974e34/b6545ea0aa74330dbf1cb/muted_mp4_med_size_1569077046_muted_med.mp4","audio":["https://coub-anubis-a.akamaized.net/coub_storage/coub/simple/cw_looped_audio_med/1f476fe2b86/34eff9d3bac489944e9e9/1605661736_med_1560401996_med.mp3"]},"share":{"default":"https://coub-anubis-a.akamaized.net/coub_storage/coub/simple/cw_video_for_sharing/f5973283130/fe30dabf86f98c7167326/1609056491_looped_1609056490.mp4"}},"audio_versions":{},"image_versions":{"template":"https://coub-anubis-a.akamaized.net/coub_storage/coub/simple/cw_image/30a504beb6b/53dfb86ad5feea87f4680/1560402003_00032.jpg","versions":["micro","tiny","age_restricted","ios_large","ios_mosaic","big","med","small","pinterest"]},"first_frame_versions":{"template":"https://coub-anubis-a.akamaized.net/coub_storage/coub/simple/cw_timeline_pic/c46f16957a6/839726771bd700cac1d22/%{version}_1560402002_image.jpg","versions":["big","med","small","ios_large"]},"dimensions":{"big":[1280,720],"med":[640,360]},"site_w_h":[640,360],"page_w_h":[640,360],"site_w_h_small":[310,174],"size":[1280,720],"age_restricted":false,"age_restricted_by_admin":false,"not_safe_for_work":false,"allow_reuse":false,"dont_crop":false,"banned":false,"global_safe":true,"audio_file_url":null,"external_download":{"type":"Youtube","service_name":"YouTube","url":"https://www.youtube.com/watch?v=MuHy_2O_SBQ","has_embed":true},"application":null,"channel":{"id":657561,"permalink":"0legangster","title":"0legangster","description":null,"followers_count":5,"following_count":5,"avatar_versions":{"template":"https://coub-anubis-a.akamaized.net/coub_storage/channel/cw_avatar/d9b4cd58688/3f25d7d39bafc2cb86442/%{version}_1617261775_Cyberpunk2077_SteamAvatars_Male-V.png","versions":["medium","medium_2x","profile_pic","profile_pic_new","profile_pic_new_2x","tiny","tiny_2x","small","small_2x","ios_large","ios_small"]}},"file":null,"picture":"https://coub-anubis-a.akamaized.net/coub_storage/coub/simple/cw_image/30a504beb6b/53dfb86ad5feea87f4680/1560402003_00032.jpg","timeline_picture":"https://coub-anubis-a.akamaized.net/coub_storage/coub/simple/cw_timeline_pic/c46f16957a6/839726771bd700cac1d22/ios_large_1560402002_image.jpg","small_picture":"https://coub-anubis-a.akamaized.net/coub_storage/coub/simple/cw_image/30a504beb6b/53dfb86ad5feea87f4680/1560402003_00032.jpg","sharing_picture":null,"percent_done":100,"tags":[{"id":730586,"title":"buffdudes","value":"buffdudes"},{"id":609104,"title":"buff dudes","value":"buff%20dudes"},{"id":58455,"title":"buff","value":"buff"},{"id":51929,"title":"dudes","value":"dudes"},{"id":1485,"title":"comedy","value":"comedy"},{"id":174,"title":"funny","value":"funny"},{"id":3719,"title":"parody","value":"parody"},{"id":170,"title":"lol","value":"lol"},{"id":7938,"title":"gym","value":"gym"},{"id":16884,"title":"disease","value":"disease"},{"id":15704,"title":"fails","value":"fails"},{"id":10317,"title":"wildlife","value":"wildlife"}],"categories":[{"id":12,"title":"Sports","permalink":"sports","subscriptions_count":10057526,"big_image_url":"https://coub-anubis-a.akamaized.net/coub_storage/category/cw_image/f582005153c/999b059f60e79e58836fc/big_1544760276_sport2.png","small_image_url":"https://coub-anubis-a.akamaized.net/coub_storage/category/cw_image/f582005153c/999b059f60e79e58836fc/small_1544760276_sport2.png","med_image_url":"https://coub-anubis-a.akamaized.net/coub_storage/category/cw_image/f582005153c/999b059f60e79e58836fc/med_1544760276_sport2.png","visible":true}],"communities":[{"id":12,"title":"Sports","permalink":"sports","subscriptions_count":10057526,"big_image_url":"https://coub-anubis-a.akamaized.net/coub_storage/category/cw_image/f582005153c/999b059f60e79e58836fc/big_1544760276_sport2.png","small_image_url":"https://coub-anubis-a.akamaized.net/coub_storage/category/cw_image/f582005153c/999b059f60e79e58836fc/small_1544760276_sport2.png","med_image_url":"https://coub-anubis-a.akamaized.net/coub_storage/category/cw_image/f582005153c/999b059f60e79e58836fc/med_1544760276_sport2.png","i_subscribed":true,"community_notifications_enabled":null,"description":null}],"recoubs_count":399,"remixes_count":0,"likes_count":1690,"dislikes_count":0,"raw_video_id":13843979,"uploaded_by_ios_app":false,"uploaded_by_android_app":false,"media_blocks":{"uploaded_raw_videos":[],"external_raw_videos":[{"id":32192830,"title":"Gym Myths - Fact or Fiction?","url":"https://www.youtube.com/watch?v=MuHy_2O_SBQ","image":"https://coub-anubis-a.akamaized.net/coub_storage/media_block/cw_image/4640e96e46f/ad6d149d23a62bf24dd50/1560401739_1m89rdn_1560401647_tr3j3k_att-url-download.jpg","image_retina":"https://coub-anubis-a.akamaized.net/coub_storage/media_block/cw_image/4640e96e46f/ad6d149d23a62bf24dd50/1560401739_1m89rdn_1560401647_tr3j3k_att-url-download.jpg","meta":{"service":"Youtube","duration":"287.96"},"duration":287.96,"raw_video_id":13843979,"has_embed":true}],"remixed_from_coubs":[],"external_video":{"id":32192830,"title":"Gym Myths - Fact or Fiction?","url":"https://www.youtube.com/watch?v=MuHy_2O_SBQ","image":"https://coub-anubis-a.akamaized.net/coub_storage/media_block/cw_image/4640e96e46f/ad6d149d23a62bf24dd50/1560401739_1m89rdn_1560401647_tr3j3k_att-url-download.jpg","image_retina":"https://coub-anubis-a.akamaized.net/coub_storage/media_block/cw_image/4640e96e46f/ad6d149d23a62bf24dd50/1560401739_1m89rdn_1560401647_tr3j3k_att-url-download.jpg","meta":{"service":"Youtube","duration":"287.96"},"duration":287.96,"raw_video_id":13843979,"has_embed":true}},"raw_video_thumbnail_url":"/missing/missing.png","raw_video_title":"Gym Myths - Fact or Fiction?","video_block_banned":false,"duration":10.0,"promo_winner":false,"promo_winner_recoubers":null,"editorial_info":{},"promo_hint":null,"beeline_best_2014":null,"from_web_editor":true,"normalize_sound":true,"normalize_change_allowed":true,"best2015_addable":false,"ahmad_promo":null,"promo_data":null,"audio_copyright_claim":null,"ads_disabled":false,"is_safe_for_ads":true,"megafon_contents":[],"position_on_page":2},{"flag":null,"abuses":null,"recoubs_by_users_channels":null,"favourite":false,"promoted_id":null,"recoub":null,"like":null,"dislike":null,"reaction":null,"in_my_best2015":false,"id":76493104,"type":"Coub::Simple","permalink":"194rpn","title":"0^0","visibility_type":"public","original_visibility_type":"public","channel_id":4010853,"created_at":"2018-06-07T00:58:02Z","updated_at":"2022-02-27T22:37:31Z","is_done":true,"views_count":137537,"cotd":null,"cotd_at":null,"visible_on_explore_root":false,"visible_on_explore":false,"featured":false,"published":true,"published_at":"2018-06-07T00:58:02Z","reversed":false,"from_editor_v2":true,"is_editable":true,"original_sound":true,"has_sound":true,"recoub_to":null,"file_versions":{"html5":{"video":{"higher":{"url":"https://coub-anubis-a.akamaized.net/coub_storage/coub/simple/cw_file/1f791ca4a61/82c581916446741fa9058/muted_mp4_huge_size_1568243682_muted_huge.mp4","size":4065039},"high":{"url":"https://coub-anubis-a.akamaized.net/coub_storage/coub/simple/cw_file/1f791ca4a61/82c581916446741fa9058/muted_mp4_big_size_1568243682_muted_big.mp4","size":3011905},"med":{"url":"https://coub-anubis-a.akamaized.net/coub_storage/coub/simple/cw_file/1f791ca4a61/82c581916446741fa9058/muted_mp4_med_size_1568243682_muted_med.mp4","size":851784}},"audio":{"high":{"url":"https://coub-anubis-a.akamaized.net/coub_storage/coub/simple/cw_looped_audio_high/bb31551d870/4eb43f4d6ae09fab86060/1605624468_high_1528333141_high.mp3","size":1115149},"med":{"url":"https://coub-anubis-a.akamaized.net/coub_storage/coub/simple/cw_looped_audio_med/4232218a553/5a45f07e9911e4db7ead2/1605624467_med_1528333141_med.mp3","size":799076},"sample_duration":10.009}},"mobile":{"video":"https://coub-anubis-a.akamaized.net/coub_storage/coub/simple/cw_file/1f791ca4a61/82c581916446741fa9058/muted_mp4_med_size_1568243682_muted_med.mp4","audio":["https://coub-anubis-a.akamaized.net/coub_storage/coub/simple/cw_looped_audio_med/4232218a553/5a45f07e9911e4db7ead2/1605624467_med_1528333141_med.mp3"]},"share":{"default":"https://coub-anubis-a.akamaized.net/coub_storage/coub/simple/cw_video_for_sharing/77eb82f341d/5f24b547fbb31e0494c0b/1611371821_looped_1611371820.mp4"}},"audio_versions":{},"image_versions":{"template":"https://coub-anubis-a.akamaized.net/coub_storage/coub/simple/cw_image/130b072a05d/0b4c679cab0220838e33a/1528333149_00032.jpg","versions":["micro","tiny","age_restricted","ios_large","ios_mosaic","big","med","small","pinterest"]},"first_frame_versions":{"template":"https://coub-anubis-a.akamaized.net/coub_storage/coub/simple/cw_timeline_pic/9e80fdbda72/f7b720d05dcb03af09453/%{version}_1528333148_image.jpg","versions":["big","med","small","ios_large"]},"dimensions":{"big":[1280,720],"med":[640,360]},"site_w_h":[640,360],"page_w_h":[640,360],"site_w_h_small":[310,174],"size":[1280,720],"age_restricted":false,"age_restricted_by_admin":false,"not_safe_for_work":false,"allow_reuse":false,"dont_crop":false,"banned":false,"global_safe":true,"audio_file_url":null,"external_download":{"type":"Youtube","service_name":"YouTube","url":"http://www.youtube.com/watch?v=zNlWocTz7YM","has_embed":true},"application":null,"channel":{"id":4010853,"permalink":"zima.winter","title":"Zima","description":"(≧ ^ ω ^≦) ♡","followers_count":121,"following_count":40,"avatar_versions":{"template":"https://coub-anubis-a.akamaized.net/coub_storage/channel/cw_avatar/e58ccba8fcf/ab34882b49f29b9d064e4/%{version}_1607578350_atbcza_1525912069_375625-blackangel.jpg","versions":["medium","medium_2x","profile_pic","profile_pic_new","profile_pic_new_2x","tiny","tiny_2x","small","small_2x","ios_large","ios_small"]}},"file":null,"picture":"https://coub-anubis-a.akamaized.net/coub_storage/coub/simple/cw_image/130b072a05d/0b4c679cab0220838e33a/1528333149_00032.jpg","timeline_picture":"https://coub-anubis-a.akamaized.net/coub_storage/coub/simple/cw_timeline_pic/9e80fdbda72/f7b720d05dcb03af09453/ios_large_1528333148_image.jpg","small_picture":"https://coub-anubis-a.akamaized.net/coub_storage/coub/simple/cw_image/130b072a05d/0b4c679cab0220838e33a/1528333149_00032.jpg","sharing_picture":null,"percent_done":100,"tags":[{"id":3523,"title":"like a boss","value":"like%20a%20boss"},{"id":54362,"title":"thug life","value":"thug%20life"},{"id":1157010,"title":"like a boss - compilation","value":"like%20a%20boss%20-%20compilation"},{"id":955,"title":"like","value":"like"},{"id":326459,"title":"a boss","value":"a%20boss"},{"id":4055,"title":"compilation","value":"compilation"},{"id":3327007,"title":"лайк е босс","value":"%D0%BB%D0%B0%D0%B9%D0%BA%20%D0%B5%20%D0%B1%D0%BE%D1%81%D1%81"},{"id":14612,"title":"people are awesome","value":"people%20are%20awesome"},{"id":1157007,"title":"like a boss compilation","value":"like%20a%20boss%20compilation"},{"id":173955,"title":"crazy people","value":"crazy%20people"},{"id":93657,"title":"people are amazing","value":"people%20are%20amazing"},{"id":754034,"title":"like a man","value":"like%20a%20man"},{"id":77723,"title":"cant touch this","value":"cant%20touch%20this"},{"id":12239,"title":"funny videos","value":"funny%20videos"},{"id":3084686,"title":"the best compilation of videos","value":"the%20best%20compilation%20of%20videos"},{"id":1961474,"title":"cool people","value":"cool%20people"},{"id":3084685,"title":"people with incredible skills","value":"people%20with%20incredible%20skills"},{"id":2961092,"title":"people with cool skills","value":"people%20with%20cool%20skills"},{"id":125180,"title":"cool videos","value":"cool%20videos"},{"id":43022,"title":"try not to laugh","value":"try%20not%20to%20laugh"},{"id":2119,"title":"зима","value":"%D0%B7%D0%B8%D0%BC%D0%B0"}],"categories":[{"id":12,"title":"Sports","permalink":"sports","subscriptions_count":10057526,"big_image_url":"https://coub-anubis-a.akamaized.net/coub_storage/category/cw_image/f582005153c/999b059f60e79e58836fc/big_1544760276_sport2.png","small_image_url":"https://coub-anubis-a.akamaized.net/coub_storage/category/cw_image/f582005153c/999b059f60e79e58836fc/small_1544760276_sport2.png","med_image_url":"https://coub-anubis-a.akamaized.net/coub_storage/category/cw_image/f582005153c/999b059f60e79e58836fc/med_1544760276_sport2.png","visible":true}],"communities":[{"id":12,"title":"Sports","permalink":"sports","subscriptions_count":10057526,"big_image_url":"https://coub-anubis-a.akamaized.net/coub_storage/category/cw_image/f582005153c/999b059f60e79e58836fc/big_1544760276_sport2.png","small_image_url":"https://coub-anubis-a.akamaized.net/coub_storage/category/cw_image/f582005153c/999b059f60e79e58836fc/small_1544760276_sport2.png","med_image_url":"https://coub-anubis-a.akamaized.net/coub_storage/category/cw_image/f582005153c/999b059f60e79e58836fc/med_1544760276_sport2.png","i_subscribed":true,"community_notifications_enabled":null,"description":null}],"recoubs_count":284,"remixes_count":0,"likes_count":1690,"dislikes_count":0,"raw_video_id":10741214,"uploaded_by_ios_app":false,"uploaded_by_android_app":false,"media_blocks":{"uploaded_raw_videos":[],"external_raw_videos":[{"id":23702119,"title":"LIKE A BOSS COMPILATION #1","url":"http://www.youtube.com/watch?v=zNlWocTz7YM","image":"https://coub-anubis-a.akamaized.net/coub_storage/media_block/cw_image/5727f85c5ee/c1618de56afaa36a95334/1513170574_1513170471_r98ni2_att-url-download.jpg","image_retina":"https://coub-anubis-a.akamaized.net/coub_storage/media_block/cw_image/5727f85c5ee/c1618de56afaa36a95334/1513170574_1513170471_r98ni2_att-url-download.jpg","meta":{"service":"Youtube","duration":"511.6"},"duration":511.6,"raw_video_id":10741214,"has_embed":true}],"remixed_from_coubs":[],"external_video":{"id":23702119,"title":"LIKE A BOSS COMPILATION #1","url":"http://www.youtube.com/watch?v=zNlWocTz7YM","image":"https://coub-anubis-a.akamaized.net/coub_storage/media_block/cw_image/5727f85c5ee/c1618de56afaa36a95334/1513170574_1513170471_r98ni2_att-url-download.jpg","image_retina":"https://coub-anubis-a.akamaized.net/coub_storage/media_block/cw_image/5727f85c5ee/c1618de56afaa36a95334/1513170574_1513170471_r98ni2_att-url-download.jpg","meta":{"service":"Youtube","duration":"511.6"},"duration":511.6,"raw_video_id":10741214,"has_embed":true}},"raw_video_thumbnail_url":"/missing/missing.png","raw_video_title":"LIKE A BOSS COMPILATION #1","video_block_banned":false,"duration":10.0,"promo_winner":false,"promo_winner_recoubers":null,"editorial_info":{},"promo_hint":null,"beeline_best_2014":null,"from_web_editor":true,"normalize_sound":true,"normalize_change_allowed":true,"best2015_addable":false,"ahmad_promo":null,"promo_data":null,"audio_copyright_claim":null,"ads_disabled":false,"is_safe_for_ads":true,"megafon_contents":[],"position_on_page":3},{"flag":null,"abuses":null,"recoubs_by_users_channels":null,"favourite":false,"promoted_id":null,"recoub":null,"like":null,"dislike":null,"reaction":null,"in_my_best2015":false,"id":5333257,"type":"Coub::Simple","permalink":"2q5sm","title":"Raging fitness","visibility_type":"public","original_visibility_type":"public","channel_id":47809,"created_at":"2014-08-02T06:20:13Z","updated_at":"2022-02-24T02:26:20Z","is_done":true,"views_count":60843,"cotd":null,"cotd_at":null,"visible_on_explore_root":false,"visible_on_explore":false,"featured":false,"published":true,"published_at":"2014-08-02T06:20:13Z","reversed":true,"from_editor_v2":true,"is_editable":true,"original_sound":false,"has_sound":false,"recoub_to":null,"file_versions":{"html5":{"video":{"higher":{"url":"https://coub-anubis-a.akamaized.net/coub_storage/coub/simple/cw_file/1d1933caf08/a114518f8fe8ca56eeb67/muted_mp4_huge_size_1567725144_muted_huge.mp4","size":8075592},"high":{"url":"https://coub-anubis-a.akamaized.net/coub_storage/coub/simple/cw_file/1d1933caf08/a114518f8fe8ca56eeb67/muted_mp4_big_size_1567725144_muted_big.mp4","size":5634754},"med":{"url":"https://coub-anubis-a.akamaized.net/coub_storage/coub/simple/cw_file/1d1933caf08/a114518f8fe8ca56eeb67/muted_mp4_med_size_1567725144_muted_med.mp4","size":2079446}},"audio":{"high":{"url":"https://coub-anubis-a.akamaized.net/coub_storage/coub/simple/cw_looped_audio_high/3924813edd7/35f6cf792ccec9946b31b/1605432935_high_1445974270_high.mp3","size":1568599},"med":{"url":"https://coub-anubis-a.akamaized.net/coub_storage/coub/simple/cw_looped_audio_med/3cdaac27f66/c6c154acec3e08e51aeb0/1605432935_med_1445974270_med.mp3","size":1045732}}},"mobile":{"video":"https://coub-anubis-a.akamaized.net/coub_storage/coub/simple/cw_file/1d1933caf08/a114518f8fe8ca56eeb67/muted_mp4_med_size_1567725144_muted_med.mp4","audio":["https://coub-anubis-a.akamaized.net/coub_storage/coub/simple/cw_looped_audio_med/3cdaac27f66/c6c154acec3e08e51aeb0/1605432935_med_1445974270_med.mp3"]},"share":{"default":"https://coub-anubis-a.akamaized.net/coub_storage/coub/simple/cw_video_for_sharing/97b570caa60/c73d528ee0dd8cb11bb06/1622013089_looped_1622013086.mp4"}},"audio_versions":{"template":"https://coub-anubis-a.akamaized.net/coub_storage/audio_track/cw_normalized_copy/1a590913213/54c529f05e8ed96099383/mid_1471271391_wpcur3_normalized_1414421007_audio.mp3","versions":["mid","low"]},"image_versions":{"template":"https://coub-anubis-a.akamaized.net/coub_storage/coub/simple/cw_image/380a079187d/0b07fddff1b7cc392e426/1443463193_00034.jpg","versions":["micro","tiny","age_restricted","ios_large","ios_mosaic","big","med","small","pinterest"]},"first_frame_versions":{"template":"https://coub-anubis-a.akamaized.net/coub_storage/coub/simple/cw_timeline_pic/35b8cd10d96/d630cfece0b4f3a7dbf9a/%{version}_1443463192_image.jpg","versions":["big","med","small","ios_large"]},"dimensions":{"big":[1280,720],"med":[640,360]},"site_w_h":[640,360],"page_w_h":[640,360],"site_w_h_small":[310,174],"size":[1280,720],"age_restricted":false,"age_restricted_by_admin":false,"not_safe_for_work":null,"allow_reuse":false,"dont_crop":false,"banned":false,"global_safe":true,"audio_file_url":"https://coub-anubis-a.akamaized.net/coub_storage/audio_track/cw_normalized_copy/1a590913213/54c529f05e8ed96099383/low_1471271391_wpcur3_normalized_1414421007_audio.mp3","external_download":{"type":"Facebook","service_name":"Facebook","url":"http://www.facebook.com/photo.php?v=10201383754227868","has_embed":false},"application":null,"channel":{"id":47809,"permalink":"pokazooha","title":"Maxim Bobrov","description":"maximbobrow@gmail.com","followers_count":2334,"following_count":1683,"avatar_versions":{"template":"https://coub-anubis-a.akamaized.net/coub_storage/channel/cw_avatar/03f40a25128/86b5d15210ac046bc21c6/%{version}_1474482602_13ddnge_att-url-download.jpg","versions":["medium","medium_2x","profile_pic","profile_pic_new","profile_pic_new_2x","tiny","tiny_2x","small","small_2x","ios_large","ios_small"]}},"file":null,"picture":"https://coub-anubis-a.akamaized.net/coub_storage/coub/simple/cw_image/380a079187d/0b07fddff1b7cc392e426/1443463193_00034.jpg","timeline_picture":"https://coub-anubis-a.akamaized.net/coub_storage/coub/simple/cw_timeline_pic/35b8cd10d96/d630cfece0b4f3a7dbf9a/ios_large_1443463192_image.jpg","small_picture":"https://coub-anubis-a.akamaized.net/coub_storage/coub/simple/cw_image/380a079187d/0b07fddff1b7cc392e426/1443463193_00034.jpg","sharing_picture":null,"percent_done":100,"tags":[],"categories":[{"id":12,"title":"Sports","permalink":"sports","subscriptions_count":10057526,"big_image_url":"https://coub-anubis-a.akamaized.net/coub_storage/category/cw_image/f582005153c/999b059f60e79e58836fc/big_1544760276_sport2.png","small_image_url":"https://coub-anubis-a.akamaized.net/coub_storage/category/cw_image/f582005153c/999b059f60e79e58836fc/small_1544760276_sport2.png","med_image_url":"https://coub-anubis-a.akamaized.net/coub_storage/category/cw_image/f582005153c/999b059f60e79e58836fc/med_1544760276_sport2.png","visible":true}],"communities":[{"id":12,"title":"Sports","permalink":"sports","subscriptions_count":10057526,"big_image_url":"https://coub-anubis-a.akamaized.net/coub_storage/category/cw_image/f582005153c/999b059f60e79e58836fc/big_1544760276_sport2.png","small_image_url":"https://coub-anubis-a.akamaized.net/coub_storage/category/cw_image/f582005153c/999b059f60e79e58836fc/small_1544760276_sport2.png","med_image_url":"https://coub-anubis-a.akamaized.net/coub_storage/category/cw_image/f582005153c/999b059f60e79e58836fc/med_1544760276_sport2.png","i_subscribed":true,"community_notifications_enabled":null,"description":null}],"recoubs_count":502,"remixes_count":2,"likes_count":1690,"dislikes_count":0,"raw_video_id":774480,"uploaded_by_ios_app":false,"uploaded_by_android_app":false,"media_blocks":{"uploaded_raw_videos":[],"external_raw_videos":[{"id":11452834,"title":"","url":"https://www.facebook.com/video/video.php?v=10201383754227868","image":"https://coub-anubis-a.akamaized.net/coub_storage/media_block/cw_image/537f2263ded/a68fc8f2ecf34efbc353f/1488647946_1406952672_1t1crcv_att-url-download.jpg_oh_885adec497ac1379247b33fb10211837_oe_5445134E___gda___1414877854_a47ccd5daa2ca5948fd84e559ba7c46a","image_retina":"https://coub-anubis-a.akamaized.net/coub_storage/media_block/cw_image/537f2263ded/a68fc8f2ecf34efbc353f/1488647946_1406952672_1t1crcv_att-url-download.jpg_oh_885adec497ac1379247b33fb10211837_oe_5445134E___gda___1414877854_a47ccd5daa2ca5948fd84e559ba7c46a","meta":{"service":"Facebook","duration":"85.12"},"duration":85.12,"raw_video_id":774480,"has_embed":false}],"remixed_from_coubs":[],"external_video":{"id":11452834,"title":"","url":"https://www.facebook.com/video/video.php?v=10201383754227868","image":"https://coub-anubis-a.akamaized.net/coub_storage/media_block/cw_image/537f2263ded/a68fc8f2ecf34efbc353f/1488647946_1406952672_1t1crcv_att-url-download.jpg_oh_885adec497ac1379247b33fb10211837_oe_5445134E___gda___1414877854_a47ccd5daa2ca5948fd84e559ba7c46a","image_retina":"https://coub-anubis-a.akamaized.net/coub_storage/media_block/cw_image/537f2263ded/a68fc8f2ecf34efbc353f/1488647946_1406952672_1t1crcv_att-url-download.jpg_oh_885adec497ac1379247b33fb10211837_oe_5445134E___gda___1414877854_a47ccd5daa2ca5948fd84e559ba7c46a","meta":{"service":"Facebook","duration":"85.12"},"duration":85.12,"raw_video_id":774480,"has_embed":false},"audio_track":{"id":19343703,"title":"Bulls on Parade","url":"https://geo.itunes.apple.com/us/album/bulls-on-parade/id390538381?i=390538384&uo=4&at=10l5bB&app=music","image":"https://coub-anubis-a.akamaized.net/coub_storage/media_block/cw_image/a35aa249b1c/c2a2b6d6ab3e4662d2510/1492074658_1471271401_1g5wd45_att-url-download.jpg","image_retina":"https://coub-anubis-a.akamaized.net/coub_storage/media_block/cw_image/a35aa249b1c/c2a2b6d6ab3e4662d2510/1492074658_1471271401_1g5wd45_att-url-download.jpg","meta":{"year":null,"album":null,"title":"Bulls on Parade","artist":"Rage Against the Machine","echonest_id":null},"duration":null,"amazon_url":null,"google_play_url":null,"bandcamp_url":null,"soundcloud_url":null,"track_name":null,"track_artist":null,"track_album":null,"itunes_url":"https://geo.itunes.apple.com/us/album/bulls-on-parade/id390538381?i=390538384&uo=4&at=10l5bB&app=music"}},"raw_video_thumbnail_url":"/missing/missing.png","raw_video_title":"","video_block_banned":false,"duration":10.8,"promo_winner":false,"promo_winner_recoubers":null,"editorial_info":{},"promo_hint":null,"beeline_best_2014":null,"from_web_editor":true,"normalize_sound":true,"normalize_change_allowed":true,"best2015_addable":false,"ahmad_promo":null,"promo_data":null,"audio_copyright_claim":null,"ads_disabled":null,"is_safe_for_ads":true,"megafon_contents":[],"position_on_page":4},{"flag":null,"abuses":null,"recoubs_by_users_channels":null,"favourite":false,"promoted_id":null,"recoub":null,"like":null,"dislike":null,"reaction":null,"in_my_best2015":false,"id":129933954,"type":"Coub::Simple","permalink":"24zdp7","title":"Fatality ","visibility_type":"public","original_visibility_type":"public","channel_id":3935618,"created_at":"2019-11-24T10:41:04Z","updated_at":"2022-01-03T08:37:15Z","is_done":true,"views_count":141473,"cotd":null,"cotd_at":null,"visible_on_explore_root":false,"visible_on_explore":false,"featured":false,"published":true,"published_at":"2019-11-24T10:41:04Z","reversed":false,"from_editor_v2":true,"is_editable":true,"original_sound":false,"has_sound":false,"recoub_to":null,"file_versions":{"html5":{"video":{"higher":{"url":"https://coub-anubis-a.akamaized.net/coub_storage/coub/simple/cw_file/0f022bb2ada/c8460d2ca4583ddf110a6/muted_mp4_huge_size_1574592069_muted_huge.mp4","size":4156697},"high":{"url":"https://coub-anubis-a.akamaized.net/coub_storage/coub/simple/cw_file/0f022bb2ada/c8460d2ca4583ddf110a6/muted_mp4_big_size_1574592069_muted_big.mp4","size":2898218},"med":{"url":"https://coub-anubis-a.akamaized.net/coub_storage/coub/simple/cw_file/0f022bb2ada/c8460d2ca4583ddf110a6/muted_mp4_med_size_1574592069_muted_med.mp4","size":1103776}},"audio":{"high":{"url":"https://coub-anubis-a.akamaized.net/coub_storage/coub/simple/cw_looped_audio_high/1ca9aac54d3/23efaf9dfc157da9473c4/1605698423_high_1574592078_high.mp3","size":1226178},"med":{"url":"https://coub-anubis-a.akamaized.net/coub_storage/coub/simple/cw_looped_audio_med/76e9344e516/8f17a7f7a376ded2f5f3e/1605698423_med_1574592078_med.mp3","size":957119}}},"mobile":{"video":"https://coub-anubis-a.akamaized.net/coub_storage/coub/simple/cw_file/0f022bb2ada/c8460d2ca4583ddf110a6/muted_mp4_med_size_1574592069_muted_med.mp4","audio":["https://coub-anubis-a.akamaized.net/coub_storage/coub/simple/cw_looped_audio_med/76e9344e516/8f17a7f7a376ded2f5f3e/1605698423_med_1574592078_med.mp3"]},"share":{"default":"https://coub-anubis-a.akamaized.net/coub_storage/coub/simple/cw_video_for_sharing/87f7aa22501/d79795b5fb19cc0d3dba0/1610198497_looped_1610198496.mp4"}},"audio_versions":{"template":"https://coub-anubis-a.akamaized.net/coub_storage/audio_track/cw_normalized_copy/f26c1d79f83/e214726277a541e5799de/mid_1574592075_normalized_1574592070_dlax3v_edited.mp3","versions":["mid","low"]},"image_versions":{"template":"https://coub-anubis-a.akamaized.net/coub_storage/coub/simple/cw_image/002cfebf6ee/da4bf815edd4122526393/1574592093_00032.jpg","versions":["micro","tiny","age_restricted","ios_large","ios_mosaic","big","med","small","pinterest"]},"first_frame_versions":{"template":"https://coub-anubis-a.akamaized.net/coub_storage/coub/simple/cw_timeline_pic/7bf873034a1/a0d04de8f109de9627427/%{version}_1574592092_image.jpg","versions":["big","med","small","ios_large"]},"dimensions":{"big":[1280,960],"med":[640,480]},"site_w_h":[640,480],"page_w_h":[640,480],"site_w_h_small":[310,233],"size":[1280,960],"age_restricted":false,"age_restricted_by_admin":false,"not_safe_for_work":false,"allow_reuse":false,"dont_crop":false,"banned":false,"global_safe":true,"audio_file_url":"https://coub-anubis-a.akamaized.net/coub_storage/audio_track/cw_normalized_copy/f26c1d79f83/e214726277a541e5799de/low_1574592075_normalized_1574592070_dlax3v_edited.mp3","external_download":false,"application":null,"channel":{"id":3935618,"permalink":"vladislav-svistun","title":"VLAD IS LOVE","description":null,"followers_count":61,"following_count":50,"avatar_versions":{"template":"https://coub-anubis-a.akamaized.net/coub_storage/channel/cw_avatar/471d571ca7b/dd42ba9a7213d23c46d22/%{version}_1608042841_1yiu009_1574115032_cropped.jpeg","versions":["medium","medium_2x","profile_pic","profile_pic_new","profile_pic_new_2x","tiny","tiny_2x","small","small_2x","ios_large","ios_small"]}},"file":null,"picture":"https://coub-anubis-a.akamaized.net/coub_storage/coub/simple/cw_image/002cfebf6ee/da4bf815edd4122526393/1574592093_00032.jpg","timeline_picture":"https://coub-anubis-a.akamaized.net/coub_storage/coub/simple/cw_timeline_pic/7bf873034a1/a0d04de8f109de9627427/ios_large_1574592092_image.jpg","small_picture":"https://coub-anubis-a.akamaized.net/coub_storage/coub/simple/cw_image/002cfebf6ee/da4bf815edd4122526393/1574592093_00032.jpg","sharing_picture":null,"percent_done":100,"tags":[],"categories":[{"id":12,"title":"Sports","permalink":"sports","subscriptions_count":10057526,"big_image_url":"https://coub-anubis-a.akamaized.net/coub_storage/category/cw_image/f582005153c/999b059f60e79e58836fc/big_1544760276_sport2.png","small_image_url":"https://coub-anubis-a.akamaized.net/coub_storage/category/cw_image/f582005153c/999b059f60e79e58836fc/small_1544760276_sport2.png","med_image_url":"https://coub-anubis-a.akamaized.net/coub_storage/category/cw_image/f582005153c/999b059f60e79e58836fc/med_1544760276_sport2.png","visible":true}],"communities":[{"id":12,"title":"Sports","permalink":"sports","subscriptions_count":10057526,"big_image_url":"https://coub-anubis-a.akamaized.net/coub_storage/category/cw_image/f582005153c/999b059f60e79e58836fc/big_1544760276_sport2.png","small_image_url":"https://coub-anubis-a.akamaized.net/coub_storage/category/cw_image/f582005153c/999b059f60e79e58836fc/small_1544760276_sport2.png","med_image_url":"https://coub-anubis-a.akamaized.net/coub_storage/category/cw_image/f582005153c/999b059f60e79e58836fc/med_1544760276_sport2.png","i_subscribed":true,"community_notifications_enabled":null,"description":null}],"recoubs_count":414,"remixes_count":2,"likes_count":1688,"dislikes_count":0,"raw_video_id":14502289,"uploaded_by_ios_app":false,"uploaded_by_android_app":false,"media_blocks":{"uploaded_raw_videos":[],"external_raw_videos":[],"remixed_from_coubs":[]},"raw_video_thumbnail_url":"/missing/missing.png","raw_video_title":"video__1_.mp4","video_block_banned":false,"duration":10.0,"promo_winner":false,"promo_winner_recoubers":null,"editorial_info":{},"promo_hint":null,"beeline_best_2014":null,"from_web_editor":true,"normalize_sound":true,"normalize_change_allowed":true,"best2015_addable":false,"ahmad_promo":null,"promo_data":null,"audio_copyright_claim":null,"ads_disabled":false,"is_safe_for_ads":true,"megafon_contents":[],"position_on_page":5},{"flag":null,"abuses":null,"recoubs_by_users_channels":null,"favourite":false,"promoted_id":null,"recoub":null,"like":null,"dislike":null,"reaction":null,"in_my_best2015":false,"id":130134956,"type":"Coub::Simple","permalink":"253rvr","title":"directed by","visibility_type":"public","original_visibility_type":"public","channel_id":1471736,"created_at":"2019-11-26T10:51:46Z","updated_at":"2022-03-11T05:25:22Z","is_done":true,"views_count":148759,"cotd":null,"cotd_at":null,"visible_on_explore_root":false,"visible_on_explore":false,"featured":false,"published":true,"published_at":"2019-11-26T10:51:46Z","reversed":false,"from_editor_v2":true,"is_editable":true,"original_sound":false,"has_sound":false,"recoub_to":null,"file_versions":{"html5":{"video":{"higher":{"url":"https://coub-anubis-a.akamaized.net/coub_storage/coub/simple/cw_file/fa14e77f1dc/eeee1c2b35a7605f0d0fc/muted_mp4_huge_size_1574765512_muted_huge.mp4","size":3677527},"high":{"url":"https://coub-anubis-a.akamaized.net/coub_storage/coub/simple/cw_file/fa14e77f1dc/eeee1c2b35a7605f0d0fc/muted_mp4_big_size_1574765512_muted_big.mp4","size":2489423},"med":{"url":"https://coub-anubis-a.akamaized.net/coub_storage/coub/simple/cw_file/fa14e77f1dc/eeee1c2b35a7605f0d0fc/muted_mp4_med_size_1574765512_muted_med.mp4","size":772883}},"audio":{"high":{"url":"https://coub-anubis-a.akamaized.net/coub_storage/coub/simple/cw_looped_audio_high/4ded6fc36a0/8371cbd4066e2787049ac/1605698630_high_1574765515_high.mp3","size":925712},"med":{"url":"https://coub-anubis-a.akamaized.net/coub_storage/coub/simple/cw_looped_audio_med/fd4c6ce0cf9/b56343002a7c650a71f0c/1605698630_med_1574765515_med.mp3","size":923885}}},"mobile":{"video":"https://coub-anubis-a.akamaized.net/coub_storage/coub/simple/cw_file/fa14e77f1dc/eeee1c2b35a7605f0d0fc/muted_mp4_med_size_1574765512_muted_med.mp4","audio":["https://coub-anubis-a.akamaized.net/coub_storage/coub/simple/cw_looped_audio_med/fd4c6ce0cf9/b56343002a7c650a71f0c/1605698630_med_1574765515_med.mp3"]},"share":{"default":"https://coub-anubis-a.akamaized.net/coub_storage/coub/simple/cw_video_for_sharing/130a65a1eff/04470e9551d3028f55bdd/1610219963_looped_1610219963.mp4"}},"audio_versions":{"template":"https://coub-anubis-a.akamaized.net/coub_storage/audio_track/cw_normalized_copy/b756f7fbdcf/928686ec3d1ca4becfba6/mid_1574765514_normalized_1574765512_1okn2b3_edited.mp3","versions":["mid","low"]},"image_versions":{"template":"https://coub-anubis-a.akamaized.net/coub_storage/coub/simple/cw_image/74b3520dc3f/5f1751ec1a7844bf331e6/1574765521_00032.jpg","versions":["micro","tiny","age_restricted","ios_large","ios_mosaic","big","med","small","pinterest"]},"first_frame_versions":{"template":"https://coub-anubis-a.akamaized.net/coub_storage/coub/simple/cw_timeline_pic/46754dc7d1d/3cea9a08af3d37cdcf3a3/%{version}_1574765521_image.jpg","versions":["big","med","small","ios_large"]},"dimensions":{"big":[1280,800],"med":[640,400]},"site_w_h":[640,400],"page_w_h":[640,400],"site_w_h_small":[310,194],"size":[1280,800],"age_restricted":false,"age_restricted_by_admin":false,"not_safe_for_work":false,"allow_reuse":false,"dont_crop":false,"banned":false,"global_safe":true,"audio_file_url":"https://coub-anubis-a.akamaized.net/coub_storage/audio_track/cw_normalized_copy/b756f7fbdcf/928686ec3d1ca4becfba6/low_1574765514_normalized_1574765512_1okn2b3_edited.mp3","external_download":false,"application":null,"channel":{"id":1471736,"permalink":"geek-o-nerd","title":"Geek-O-Nerd","description":"BOOP!","followers_count":235,"following_count":119,"avatar_versions":{"template":"https://coub-anubis-a.akamaized.net/coub_storage/channel/cw_avatar/9e7f34f5b12/4a6757d8e19c9c27f0d18/%{version}_1607420773_1ux80h4_1506200998_01_gC5H3xGo.jpg","versions":["medium","medium_2x","profile_pic","profile_pic_new","profile_pic_new_2x","tiny","tiny_2x","small","small_2x","ios_large","ios_small"]}},"file":null,"picture":"https://coub-anubis-a.akamaized.net/coub_storage/coub/simple/cw_image/74b3520dc3f/5f1751ec1a7844bf331e6/1574765521_00032.jpg","timeline_picture":"https://coub-anubis-a.akamaized.net/coub_storage/coub/simple/cw_timeline_pic/46754dc7d1d/3cea9a08af3d37cdcf3a3/ios_large_1574765521_image.jpg","small_picture":"https://coub-anubis-a.akamaized.net/coub_storage/coub/simple/cw_image/74b3520dc3f/5f1751ec1a7844bf331e6/1574765521_00032.jpg","sharing_picture":null,"percent_done":100,"tags":[{"id":4332506,"title":"directed by robert b. weide","value":"directed%20by%20robert%20b.%20weide"},{"id":6249,"title":"мем","value":"%D0%BC%D0%B5%D0%BC"},{"id":2234,"title":"meme","value":"meme"},{"id":1558,"title":"film","value":"film"},{"id":46351,"title":"text","value":"text"},{"id":131862,"title":"титры","value":"%D1%82%D0%B8%D1%82%D1%80%D1%8B"},{"id":90,"title":"фильм","value":"%D1%84%D0%B8%D0%BB%D1%8C%D0%BC"},{"id":154,"title":"movie","value":"movie"},{"id":1215863,"title":"titer","value":"titer"},{"id":161523,"title":"titre","value":"titre"},{"id":16997,"title":"текст","value":"%D1%82%D0%B5%D0%BA%D1%81%D1%82"},{"id":3461,"title":"сериал","value":"%D1%81%D0%B5%D1%80%D0%B8%D0%B0%D0%BB"},{"id":4621361,"title":"titers","value":"titers"},{"id":71849,"title":"titles","value":"titles"},{"id":242157,"title":"titres","value":"titres"},{"id":371295,"title":"надписи","value":"%D0%BD%D0%B0%D0%B4%D0%BF%D0%B8%D1%81%D0%B8"},{"id":43047,"title":"captions","value":"captions"},{"id":86586,"title":"material","value":"material"},{"id":400054,"title":"материал","value":"%D0%BC%D0%B0%D1%82%D0%B5%D1%80%D0%B8%D0%B0%D0%BB"},{"id":8992,"title":"tv series","value":"tv%20series"},{"id":4621362,"title":"for recoub","value":"for%20recoub"},{"id":3529461,"title":"для рекоуба","value":"%D0%B4%D0%BB%D1%8F%20%D1%80%D0%B5%D0%BA%D0%BE%D1%83%D0%B1%D0%B0"},{"id":3547152,"title":"for recoubs","value":"for%20recoubs"},{"id":126900,"title":"directed by","value":"directed%20by"},{"id":4307325,"title":"для рекоубов","value":"%D0%B4%D0%BB%D1%8F%20%D1%80%D0%B5%D0%BA%D0%BE%D1%83%D0%B1%D0%BE%D0%B2"},{"id":3487905,"title":"for recoubing","value":"for%20recoubing"},{"id":1024240,"title":"robert b. weide","value":"robert%20b.%20weide"},{"id":3580630,"title":"directed by robert b weide","value":"directed%20by%20robert%20b%20weide"},{"id":4262556,"title":"robert b weide","value":"robert%20b%20weide"},{"id":13689,"title":"source","value":"source"}],"categories":[{"id":12,"title":"Sports","permalink":"sports","subscriptions_count":10057526,"big_image_url":"https://coub-anubis-a.akamaized.net/coub_storage/category/cw_image/f582005153c/999b059f60e79e58836fc/big_1544760276_sport2.png","small_image_url":"https://coub-anubis-a.akamaized.net/coub_storage/category/cw_image/f582005153c/999b059f60e79e58836fc/small_1544760276_sport2.png","med_image_url":"https://coub-anubis-a.akamaized.net/coub_storage/category/cw_image/f582005153c/999b059f60e79e58836fc/med_1544760276_sport2.png","visible":true}],"communities":[{"id":12,"title":"Sports","permalink":"sports","subscriptions_count":10057526,"big_image_url":"https://coub-anubis-a.akamaized.net/coub_storage/category/cw_image/f582005153c/999b059f60e79e58836fc/big_1544760276_sport2.png","small_image_url":"https://coub-anubis-a.akamaized.net/coub_storage/category/cw_image/f582005153c/999b059f60e79e58836fc/small_1544760276_sport2.png","med_image_url":"https://coub-anubis-a.akamaized.net/coub_storage/category/cw_image/f582005153c/999b059f60e79e58836fc/med_1544760276_sport2.png","i_subscribed":true,"community_notifications_enabled":null,"description":null}],"recoubs_count":492,"remixes_count":0,"likes_count":1687,"dislikes_count":0,"raw_video_id":14509936,"uploaded_by_ios_app":false,"uploaded_by_android_app":false,"media_blocks":{"uploaded_raw_videos":[],"external_raw_videos":[],"remixed_from_coubs":[{"id":30107962,"title":"Directed by Robert B. Weide HD 4:3 v. 2","url":"https://coub.com/coubs/1me2eg/remix","image":"https://coub-anubis-a.akamaized.net/coub_storage/media_block/cw_image/cc17c1d5582/9a377e547b147d55be783/1547990151_pov7ed_1547990138_00032.jpg","image_retina":"https://coub-anubis-a.akamaized.net/coub_storage/media_block/cw_image/cc17c1d5582/9a377e547b147d55be783/1547990151_pov7ed_1547990138_00032.jpg","meta":{"duration":"10.0"},"duration":null,"coub_channel_title":"Materials & sources","coub_channel_permalink":"materials.and.sources","coub_views_count":131051,"coub_permalink":"1me2eg"}]},"raw_video_thumbnail_url":"/missing/missing.png","raw_video_title":"1ec2fcc4d5.360.mp4","video_block_banned":false,"duration":9.92,"promo_winner":false,"promo_winner_recoubers":null,"editorial_info":{},"promo_hint":null,"beeline_best_2014":null,"from_web_editor":true,"normalize_sound":true,"normalize_change_allowed":true,"best2015_addable":false,"ahmad_promo":null,"promo_data":null,"audio_copyright_claim":null,"ads_disabled":false,"is_safe_for_ads":true,"megafon_contents":[],"position_on_page":6},{"flag":null,"abuses":null,"recoubs_by_users_channels":null,"favourite":false,"promoted_id":null,"recoub":null,"like":null,"dislike":null,"reaction":null,"in_my_best2015":false,"id":128362592,"type":"Coub::Simple","permalink":"241j1s","title":"Orange Cassidy","visibility_type":"public","original_visibility_type":"public","channel_id":3697494,"created_at":"2019-11-06T08:00:22Z","updated_at":"2022-03-13T20:31:35Z","is_done":true,"views_count":166516,"cotd":null,"cotd_at":null,"visible_on_explore_root":true,"visible_on_explore":true,"featured":true,"published":true,"published_at":"2019-11-06T08:00:21Z","reversed":false,"from_editor_v2":true,"is_editable":true,"original_sound":false,"has_sound":false,"recoub_to":null,"file_versions":{"html5":{"video":{"higher":{"url":"https://coub-anubis-a.akamaized.net/coub_storage/coub/simple/cw_file/118c42477e7/4e2d2d2d80adc57141a74/muted_mp4_huge_size_1573027248_muted_huge.mp4","size":5178605},"high":{"url":"https://coub-anubis-a.akamaized.net/coub_storage/coub/simple/cw_file/118c42477e7/4e2d2d2d80adc57141a74/muted_mp4_big_size_1573027248_muted_big.mp4","size":3901939},"med":{"url":"https://coub-anubis-a.akamaized.net/coub_storage/coub/simple/cw_file/118c42477e7/4e2d2d2d80adc57141a74/muted_mp4_med_size_1573027248_muted_med.mp4","size":1325362}},"audio":{"high":{"url":"https://coub-anubis-a.akamaized.net/coub_storage/coub/simple/cw_looped_audio_high/d7a92694a13/f25fb3c1c9863385ea7e2/1605696222_high_1573027312_high.mp3","size":6814849},"med":{"url":"https://coub-anubis-a.akamaized.net/coub_storage/coub/simple/cw_looped_audio_med/127b2402c18/6c948d08dacb32d406460/1605696221_med_1573027312_med.mp3","size":5134104}}},"mobile":{"video":"https://coub-anubis-a.akamaized.net/coub_storage/coub/simple/cw_file/118c42477e7/4e2d2d2d80adc57141a74/muted_mp4_med_size_1573027248_muted_med.mp4","audio":["https://coub-anubis-a.akamaized.net/coub_storage/coub/simple/cw_looped_audio_med/127b2402c18/6c948d08dacb32d406460/1605696221_med_1573027312_med.mp3"]},"share":{"default":"https://coub-anubis-a.akamaized.net/coub_storage/coub/simple/cw_video_for_sharing/9729346be81/96632d711747144a3deda/1608299527_looped_1608299525.mp4"}},"audio_versions":{"template":"https://coub-anubis-a.akamaized.net/coub_storage/audio_track/cw_normalized_copy/3c814b8eb09/6ac054ef750d4db711c97/mid_1573027290_normalized_1573027254_1rb1wuh_edited.mp3","versions":["mid","low"]},"image_versions":{"template":"https://coub-anubis-a.akamaized.net/coub_storage/coub/simple/cw_image/6eb7121df20/38a274b3f9b003b75f945/1573027338_00032.jpg","versions":["micro","tiny","age_restricted","ios_large","ios_mosaic","big","med","small","pinterest"]},"first_frame_versions":{"template":"https://coub-anubis-a.akamaized.net/coub_storage/coub/simple/cw_timeline_pic/07bd60173d8/c5b930bab0f0064cf7d37/%{version}_1573027337_image.jpg","versions":["big","med","small","ios_large"]},"dimensions":{"big":[1280,720],"med":[640,360]},"site_w_h":[640,360],"page_w_h":[640,360],"site_w_h_small":[310,174],"size":[1280,720],"age_restricted":false,"age_restricted_by_admin":false,"not_safe_for_work":false,"allow_reuse":false,"dont_crop":false,"banned":false,"global_safe":true,"audio_file_url":"https://coub-anubis-a.akamaized.net/coub_storage/audio_track/cw_normalized_copy/3c814b8eb09/6ac054ef750d4db711c97/low_1573027290_normalized_1573027254_1rb1wuh_edited.mp3","external_download":{"type":"Youtube","service_name":"YouTube","url":"https://www.youtube.com/watch?v=xyP1hWajSRE","has_embed":true},"application":null,"channel":{"id":3697494,"permalink":"relapse1","title":"Relapse","description":null,"followers_count":79,"following_count":15,"avatar_versions":{"template":"https://coub-anubis-a.akamaized.net/coub_storage/channel/cw_avatar/f57b0cb788d/0a06a389ca1c75bd835ae/%{version}_1607429246_3nilha_1501620151_aj2VbboqcMk.jpg","versions":["medium","medium_2x","profile_pic","profile_pic_new","profile_pic_new_2x","tiny","tiny_2x","small","small_2x","ios_large","ios_small"]}},"file":null,"picture":"https://coub-anubis-a.akamaized.net/coub_storage/coub/simple/cw_image/6eb7121df20/38a274b3f9b003b75f945/1573027338_00032.jpg","timeline_picture":"https://coub-anubis-a.akamaized.net/coub_storage/coub/simple/cw_timeline_pic/07bd60173d8/c5b930bab0f0064cf7d37/ios_large_1573027337_image.jpg","small_picture":"https://coub-anubis-a.akamaized.net/coub_storage/coub/simple/cw_image/6eb7121df20/38a274b3f9b003b75f945/1573027338_00032.jpg","sharing_picture":null,"percent_done":100,"tags":[{"id":1864601,"title":"aew","value":"aew"},{"id":1930848,"title":"orange cassidy","value":"orange%20cassidy"},{"id":1504270,"title":"all out","value":"all%20out"},{"id":4258,"title":"wrestling","value":"wrestling"},{"id":1071,"title":"cool","value":"cool"}],"categories":[{"id":12,"title":"Sports","permalink":"sports","subscriptions_count":10057526,"big_image_url":"https://coub-anubis-a.akamaized.net/coub_storage/category/cw_image/f582005153c/999b059f60e79e58836fc/big_1544760276_sport2.png","small_image_url":"https://coub-anubis-a.akamaized.net/coub_storage/category/cw_image/f582005153c/999b059f60e79e58836fc/small_1544760276_sport2.png","med_image_url":"https://coub-anubis-a.akamaized.net/coub_storage/category/cw_image/f582005153c/999b059f60e79e58836fc/med_1544760276_sport2.png","visible":true}],"communities":[{"id":12,"title":"Sports","permalink":"sports","subscriptions_count":10057526,"big_image_url":"https://coub-anubis-a.akamaized.net/coub_storage/category/cw_image/f582005153c/999b059f60e79e58836fc/big_1544760276_sport2.png","small_image_url":"https://coub-anubis-a.akamaized.net/coub_storage/category/cw_image/f582005153c/999b059f60e79e58836fc/small_1544760276_sport2.png","med_image_url":"https://coub-anubis-a.akamaized.net/coub_storage/category/cw_image/f582005153c/999b059f60e79e58836fc/med_1544760276_sport2.png","i_subscribed":true,"community_notifications_enabled":null,"description":null}],"recoubs_count":327,"remixes_count":0,"likes_count":1684,"dislikes_count":0,"raw_video_id":14431833,"uploaded_by_ios_app":false,"uploaded_by_android_app":false,"media_blocks":{"uploaded_raw_videos":[],"external_raw_videos":[{"id":33786062,"title":"Orange Cassidy AEW All Out","url":"https://www.youtube.com/watch?v=xyP1hWajSRE","image":"https://coub-anubis-a.akamaized.net/coub_storage/media_block/cw_image/5877ca23aa7/cc1b946ee6b62ab7d4d74/1572987863_15zhc90_1572987827_c321pf_att-url-download.jpg","image_retina":"https://coub-anubis-a.akamaized.net/coub_storage/media_block/cw_image/5877ca23aa7/cc1b946ee6b62ab7d4d74/1572987863_15zhc90_1572987827_c321pf_att-url-download.jpg","meta":{"service":"Youtube","duration":"111.0"},"duration":111.0,"raw_video_id":14431833,"has_embed":true}],"remixed_from_coubs":[],"external_video":{"id":33786062,"title":"Orange Cassidy AEW All Out","url":"https://www.youtube.com/watch?v=xyP1hWajSRE","image":"https://coub-anubis-a.akamaized.net/coub_storage/media_block/cw_image/5877ca23aa7/cc1b946ee6b62ab7d4d74/1572987863_15zhc90_1572987827_c321pf_att-url-download.jpg","image_retina":"https://coub-anubis-a.akamaized.net/coub_storage/media_block/cw_image/5877ca23aa7/cc1b946ee6b62ab7d4d74/1572987863_15zhc90_1572987827_c321pf_att-url-download.jpg","meta":{"service":"Youtube","duration":"111.0"},"duration":111.0,"raw_video_id":14431833,"has_embed":true}},"raw_video_thumbnail_url":"/missing/missing.png","raw_video_title":"Orange Cassidy AEW All Out","video_block_banned":false,"duration":10.0,"promo_winner":false,"promo_winner_recoubers":null,"editorial_info":{},"promo_hint":null,"beeline_best_2014":null,"from_web_editor":true,"normalize_sound":true,"normalize_change_allowed":true,"best2015_addable":false,"ahmad_promo":null,"promo_data":null,"audio_copyright_claim":null,"ads_disabled":false,"is_safe_for_ads":true,"megafon_contents":[],"position_on_page":7},{"flag":null,"abuses":null,"recoubs_by_users_channels":null,"favourite":false,"promoted_id":null,"recoub":null,"like":null,"dislike":null,"reaction":null,"in_my_best2015":false,"id":122896426,"type":"Coub::Simple","permalink":"20rolj","title":"Батя щас покажет как нужно","visibility_type":"public","original_visibility_type":"public","channel_id":417981,"created_at":"2019-09-06T09:29:59Z","updated_at":"2022-03-15T21:26:49Z","is_done":true,"views_count":172834,"cotd":null,"cotd_at":null,"visible_on_explore_root":false,"visible_on_explore":false,"featured":false,"published":true,"published_at":"2019-09-06T09:29:59Z","reversed":false,"from_editor_v2":true,"is_editable":true,"original_sound":false,"has_sound":false,"recoub_to":null,"file_versions":{"html5":{"video":{"higher":{"url":"https://coub-anubis-a.akamaized.net/coub_storage/coub/simple/cw_file/7eedd482480/5105ed16b2f010f8fff36/muted_mp4_huge_size_1567762236_muted_huge.mp4","size":4359250},"high":{"url":"https://coub-anubis-a.akamaized.net/coub_storage/coub/simple/cw_file/7eedd482480/5105ed16b2f010f8fff36/muted_mp4_big_size_1567762236_muted_big.mp4","size":3191108},"med":{"url":"https://coub-anubis-a.akamaized.net/coub_storage/coub/simple/cw_file/7eedd482480/5105ed16b2f010f8fff36/muted_mp4_med_size_1567762236_muted_med.mp4","size":952355}},"audio":{"high":{"url":"https://coub-anubis-a.akamaized.net/coub_storage/coub/simple/cw_looped_audio_high/12f538c42fa/0b9ac6fc637c501256176/1605689068_high_1567762270_high.mp3","size":3047529},"med":{"url":"https://coub-anubis-a.akamaized.net/coub_storage/coub/simple/cw_looped_audio_med/16106c72d59/ec1d51fd94a79374f8f94/1605689067_med_1567762270_med.mp3","size":2153075}}},"mobile":{"video":"https://coub-anubis-a.akamaized.net/coub_storage/coub/simple/cw_file/7eedd482480/5105ed16b2f010f8fff36/muted_mp4_med_size_1567762236_muted_med.mp4","audio":["https://coub-anubis-a.akamaized.net/coub_storage/coub/simple/cw_looped_audio_med/16106c72d59/ec1d51fd94a79374f8f94/1605689067_med_1567762270_med.mp3"]},"share":{"default":"https://coub-anubis-a.akamaized.net/coub_storage/coub/simple/cw_video_for_sharing/5c7a36af00c/f964c2df4271519044d6f/1608227058_looped_1608227057.mp4"}},"audio_versions":{"template":"https://coub-anubis-a.akamaized.net/coub_storage/audio_track/cw_normalized_copy/fadd7d52538/5e2fdef99965530b55688/mid_1567762258_normalized_1567762239_bfzjhp_edited.mp3","versions":["mid","low"]},"image_versions":{"template":"https://coub-anubis-a.akamaized.net/coub_storage/coub/simple/cw_image/4232df7e364/41b3df379f0cb2fc79b75/1567762287_00032.jpg","versions":["micro","tiny","age_restricted","ios_large","ios_mosaic","big","med","small","pinterest"]},"first_frame_versions":{"template":"https://coub-anubis-a.akamaized.net/coub_storage/coub/simple/cw_timeline_pic/2fc9eeed12a/3dc4d3fc3f144ac7ae3fc/1567762285_image.jpg","versions":["big","med","small","ios_large"]},"dimensions":{"big":[1280,720],"med":[640,360]},"site_w_h":[640,360],"page_w_h":[640,360],"site_w_h_small":[310,174],"size":[1280,720],"age_restricted":false,"age_restricted_by_admin":false,"not_safe_for_work":false,"allow_reuse":false,"dont_crop":false,"banned":false,"global_safe":false,"audio_file_url":"https://coub-anubis-a.akamaized.net/coub_storage/audio_track/cw_normalized_copy/fadd7d52538/5e2fdef99965530b55688/low_1567762258_normalized_1567762239_bfzjhp_edited.mp3","external_download":{"type":"UrlDownload","service_name":"UrlDownload","url":"https://sos.fishki.net/upload/ftp/2019/09/06/7/7.mp4","has_embed":false},"application":null,"channel":{"id":417981,"permalink":"pairodw182","title":"Denis","description":"ну чо, ё маё народ, погнали?","followers_count":61,"following_count":2,"avatar_versions":{"template":"https://coub-anubis-a.akamaized.net/coub_storage/channel/cw_avatar/ed416003a4a/6b4e76789800a7742a0fe/%{version}_1474505396_zhelha_att-url-download.jpg","versions":["medium","medium_2x","profile_pic","profile_pic_new","profile_pic_new_2x","tiny","tiny_2x","small","small_2x","ios_large","ios_small"]}},"file":null,"picture":"https://coub-anubis-a.akamaized.net/coub_storage/coub/simple/cw_image/4232df7e364/41b3df379f0cb2fc79b75/1567762287_00032.jpg","timeline_picture":"https://coub-anubis-a.akamaized.net/coub_storage/coub/simple/cw_timeline_pic/2fc9eeed12a/3dc4d3fc3f144ac7ae3fc/1567762285_image.jpg","small_picture":"https://coub-anubis-a.akamaized.net/coub_storage/coub/simple/cw_image/4232df7e364/41b3df379f0cb2fc79b75/1567762287_00032.jpg","sharing_picture":null,"percent_done":100,"tags":[],"categories":[{"id":12,"title":"Sports","permalink":"sports","subscriptions_count":10057526,"big_image_url":"https://coub-anubis-a.akamaized.net/coub_storage/category/cw_image/f582005153c/999b059f60e79e58836fc/big_1544760276_sport2.png","small_image_url":"https://coub-anubis-a.akamaized.net/coub_storage/category/cw_image/f582005153c/999b059f60e79e58836fc/small_1544760276_sport2.png","med_image_url":"https://coub-anubis-a.akamaized.net/coub_storage/category/cw_image/f582005153c/999b059f60e79e58836fc/med_1544760276_sport2.png","visible":true}],"communities":[{"id":12,"title":"Sports","permalink":"sports","subscriptions_count":10057526,"big_image_url":"https://coub-anubis-a.akamaized.net/coub_storage/category/cw_image/f582005153c/999b059f60e79e58836fc/big_1544760276_sport2.png","small_image_url":"https://coub-anubis-a.akamaized.net/coub_storage/category/cw_image/f582005153c/999b059f60e79e58836fc/small_1544760276_sport2.png","med_image_url":"https://coub-anubis-a.akamaized.net/coub_storage/category/cw_image/f582005153c/999b059f60e79e58836fc/med_1544760276_sport2.png","i_subscribed":true,"community_notifications_enabled":null,"description":null}],"recoubs_count":352,"remixes_count":0,"likes_count":1684,"dislikes_count":0,"raw_video_id":14191181,"uploaded_by_ios_app":false,"uploaded_by_android_app":false,"media_blocks":{"uploaded_raw_videos":[],"external_raw_videos":[{"id":33139889,"title":"7.mp4","url":"https://sos.fishki.net/upload/ftp/2019/09/06/7/7.mp4","image":null,"image_retina":null,"meta":{"service":"UrlDownload","duration":"53.28"},"duration":53.28,"raw_video_id":14191181,"has_embed":false}],"remixed_from_coubs":[],"external_video":{"id":33139889,"title":"7.mp4","url":"https://sos.fishki.net/upload/ftp/2019/09/06/7/7.mp4","image":null,"image_retina":null,"meta":{"service":"UrlDownload","duration":"53.28"},"duration":53.28,"raw_video_id":14191181,"has_embed":false}},"raw_video_thumbnail_url":"/missing/missing.png","raw_video_title":"7.mp4","video_block_banned":false,"duration":10.0,"promo_winner":false,"promo_winner_recoubers":null,"editorial_info":{},"promo_hint":null,"beeline_best_2014":null,"from_web_editor":true,"normalize_sound":true,"normalize_change_allowed":true,"best2015_addable":false,"ahmad_promo":null,"promo_data":null,"audio_copyright_claim":null,"ads_disabled":false,"is_safe_for_ads":true,"megafon_contents":[],"position_on_page":8},{"flag":null,"abuses":null,"recoubs_by_users_channels":null,"favourite":false,"promoted_id":null,"recoub":null,"like":null,"dislike":null,"reaction":null,"in_my_best2015":false,"id":81772939,"type":"Coub::Simple","permalink":"1ca1jr","title":"Round'n Round","visibility_type":"public","original_visibility_type":"public","channel_id":2598552,"created_at":"2018-08-08T14:12:23Z","updated_at":"2022-03-09T15:55:48Z","is_done":true,"views_count":158274,"cotd":null,"cotd_at":null,"visible_on_explore_root":true,"visible_on_explore":true,"featured":true,"published":true,"published_at":"2018-08-08T14:12:23Z","reversed":false,"from_editor_v2":true,"is_editable":true,"original_sound":false,"has_sound":false,"recoub_to":null,"file_versions":{"html5":{"video":{"higher":{"url":"https://coub-anubis-a.akamaized.net/coub_storage/coub/simple/cw_file/2b3a9bb72af/4d77c94186a67366f9630/muted_mp4_huge_size_1568267158_muted_huge.mp4","size":6357601},"high":{"url":"https://coub-anubis-a.akamaized.net/coub_storage/coub/simple/cw_file/2b3a9bb72af/4d77c94186a67366f9630/muted_mp4_big_size_1568267158_muted_big.mp4","size":4745215},"med":{"url":"https://coub-anubis-a.akamaized.net/coub_storage/coub/simple/cw_file/2b3a9bb72af/4d77c94186a67366f9630/muted_mp4_med_size_1568267158_muted_med.mp4","size":1953916}},"audio":{"high":{"url":"https://coub-anubis-a.akamaized.net/coub_storage/coub/simple/cw_looped_audio_high/bc463189927/631b315179129222e5595/1605615646_high_1533737574_high.mp3","size":3043066},"med":{"url":"https://coub-anubis-a.akamaized.net/coub_storage/coub/simple/cw_looped_audio_med/9b6645c1dbb/0f93e3ea1b743c6b7b5d1/1605615645_med_1533737574_med.mp3","size":2190188}}},"mobile":{"video":"https://coub-anubis-a.akamaized.net/coub_storage/coub/simple/cw_file/2b3a9bb72af/4d77c94186a67366f9630/muted_mp4_med_size_1568267158_muted_med.mp4","audio":["https://coub-anubis-a.akamaized.net/coub_storage/coub/simple/cw_looped_audio_med/9b6645c1dbb/0f93e3ea1b743c6b7b5d1/1605615645_med_1533737574_med.mp3"]},"share":{"default":"https://coub-anubis-a.akamaized.net/coub_storage/coub/simple/cw_video_for_sharing/25aa6592c39/738f856d954ee1e535992/1641320738_looped_1641320736.mp4"}},"audio_versions":{"template":"https://coub-anubis-a.akamaized.net/coub_storage/audio_track/cw_normalized_copy/d5fd65a352e/9c74296d17286d044c340/mid_1533737565_1q7o2av_normalized_1533737553_ybxr3m_edited.mp3","versions":["mid","low"]},"image_versions":{"template":"https://coub-anubis-a.akamaized.net/coub_storage/coub/simple/cw_image/3fa70db1b1c/0715da7e83eba77a0a79c/1533737585_00032.jpg","versions":["micro","tiny","age_restricted","ios_large","ios_mosaic","big","med","small","pinterest"]},"first_frame_versions":{"template":"https://coub-anubis-a.akamaized.net/coub_storage/coub/simple/cw_timeline_pic/cfff1ec8450/264da3746b5e48146bed8/%{version}_1533737584_image.jpg","versions":["big","med","small","ios_large"]},"dimensions":{"big":[960,960],"med":[480,480]},"site_w_h":[400,400],"page_w_h":[400,400],"site_w_h_small":[310,310],"size":[960,960],"age_restricted":false,"age_restricted_by_admin":false,"not_safe_for_work":false,"allow_reuse":false,"dont_crop":false,"banned":false,"global_safe":true,"audio_file_url":"https://coub-anubis-a.akamaized.net/coub_storage/audio_track/cw_normalized_copy/d5fd65a352e/9c74296d17286d044c340/low_1533737565_1q7o2av_normalized_1533737553_ybxr3m_edited.mp3","external_download":false,"application":null,"channel":{"id":2598552,"permalink":"mutinykk","title":"Cuzamen","description":null,"followers_count":222,"following_count":87,"avatar_versions":{"template":"https://coub-anubis-a.akamaized.net/coub_storage/channel/cw_avatar/e8fb37ca80d/bd38ccd8598b96d50fefd/%{version}_1607636224_1iubxv3_1518203383_5de426833e1c7f16194d7378c6453e7d.png","versions":["medium","medium_2x","profile_pic","profile_pic_new","profile_pic_new_2x","tiny","tiny_2x","small","small_2x","ios_large","ios_small"]}},"file":null,"picture":"https://coub-anubis-a.akamaized.net/coub_storage/coub/simple/cw_image/3fa70db1b1c/0715da7e83eba77a0a79c/1533737585_00032.jpg","timeline_picture":"https://coub-anubis-a.akamaized.net/coub_storage/coub/simple/cw_timeline_pic/cfff1ec8450/264da3746b5e48146bed8/ios_large_1533737584_image.jpg","small_picture":"https://coub-anubis-a.akamaized.net/coub_storage/coub/simple/cw_image/3fa70db1b1c/0715da7e83eba77a0a79c/1533737585_00032.jpg","sharing_picture":null,"percent_done":100,"tags":[{"id":51640,"title":"you spin me round","value":"you%20spin%20me%20round"},{"id":2642,"title":"parkour","value":"parkour"},{"id":1643,"title":"backflip","value":"backflip"},{"id":1564,"title":"sea","value":"sea"},{"id":183,"title":"girl","value":"girl"},{"id":174,"title":"funny","value":"funny"},{"id":160293,"title":"2018","value":"2018"},{"id":1327,"title":"jump","value":"jump"},{"id":1594,"title":"black","value":"black"},{"id":352128,"title":"longhair","value":"longhair"}],"categories":[{"id":12,"title":"Sports","permalink":"sports","subscriptions_count":10057526,"big_image_url":"https://coub-anubis-a.akamaized.net/coub_storage/category/cw_image/f582005153c/999b059f60e79e58836fc/big_1544760276_sport2.png","small_image_url":"https://coub-anubis-a.akamaized.net/coub_storage/category/cw_image/f582005153c/999b059f60e79e58836fc/small_1544760276_sport2.png","med_image_url":"https://coub-anubis-a.akamaized.net/coub_storage/category/cw_image/f582005153c/999b059f60e79e58836fc/med_1544760276_sport2.png","visible":true}],"communities":[{"id":12,"title":"Sports","permalink":"sports","subscriptions_count":10057526,"big_image_url":"https://coub-anubis-a.akamaized.net/coub_storage/category/cw_image/f582005153c/999b059f60e79e58836fc/big_1544760276_sport2.png","small_image_url":"https://coub-anubis-a.akamaized.net/coub_storage/category/cw_image/f582005153c/999b059f60e79e58836fc/small_1544760276_sport2.png","med_image_url":"https://coub-anubis-a.akamaized.net/coub_storage/category/cw_image/f582005153c/999b059f60e79e58836fc/med_1544760276_sport2.png","i_subscribed":true,"community_notifications_enabled":null,"description":null}],"recoubs_count":339,"remixes_count":1,"likes_count":1684,"dislikes_count":0,"raw_video_id":12166933,"uploaded_by_ios_app":false,"uploaded_by_android_app":false,"media_blocks":{"uploaded_raw_videos":[],"external_raw_videos":[],"remixed_from_coubs":[]},"raw_video_thumbnail_url":"/missing/missing.png","raw_video_title":"aZ350K9_460svvp9.webm","video_block_banned":false,"duration":10.0,"promo_winner":false,"promo_winner_recoubers":null,"editorial_info":{},"promo_hint":null,"beeline_best_2014":null,"from_web_editor":true,"normalize_sound":true,"normalize_change_allowed":true,"best2015_addable":false,"ahmad_promo":null,"promo_data":null,"audio_copyright_claim":null,"ads_disabled":false,"is_safe_for_ads":true,"megafon_contents":[],"position_on_page":9},{"flag":null,"abuses":null,"recoubs_by_users_channels":null,"favourite":false,"promoted_id":null,"recoub":null,"like":null,"dislike":null,"reaction":null,"in_my_best2015":false,"id":80622144,"type":"Coub::Simple","permalink":"1bldkw","title":"HGK DRIFT Challenge","visibility_type":"public","original_visibility_type":"public","channel_id":4062395,"created_at":"2018-07-25T17:46:34Z","updated_at":"2022-03-08T06:09:25Z","is_done":true,"views_count":124676,"cotd":null,"cotd_at":null,"visible_on_explore_root":false,"visible_on_explore":false,"featured":false,"published":true,"published_at":"2018-07-25T17:46:34Z","reversed":false,"from_editor_v2":true,"is_editable":true,"original_sound":false,"has_sound":false,"recoub_to":null,"file_versions":{"html5":{"video":{"higher":{"url":"https://coub-anubis-a.akamaized.net/coub_storage/coub/simple/cw_file/87bd7a13113/3d0a9e0b416265a51886c/muted_mp4_huge_size_1568262441_muted_huge.mp4","size":4162458},"high":{"url":"https://coub-anubis-a.akamaized.net/coub_storage/coub/simple/cw_file/87bd7a13113/3d0a9e0b416265a51886c/muted_mp4_big_size_1568262441_muted_big.mp4","size":2998873},"med":{"url":"https://coub-anubis-a.akamaized.net/coub_storage/coub/simple/cw_file/87bd7a13113/3d0a9e0b416265a51886c/muted_mp4_med_size_1568262441_muted_med.mp4","size":979307}},"audio":{"high":{"url":"https://coub-anubis-a.akamaized.net/coub_storage/coub/simple/cw_looped_audio_high/2bcc1f236cf/bb2af7f7a95d3e0166903/1605617210_high_1532540833_high.mp3","size":3880471},"med":{"url":"https://coub-anubis-a.akamaized.net/coub_storage/coub/simple/cw_looped_audio_med/249b021f813/48e6bb9ad6d34c11a68d4/1605617210_med_1532540833_med.mp3","size":2853114}}},"mobile":{"video":"https://coub-anubis-a.akamaized.net/coub_storage/coub/simple/cw_file/87bd7a13113/3d0a9e0b416265a51886c/muted_mp4_med_size_1568262441_muted_med.mp4","audio":["https://coub-anubis-a.akamaized.net/coub_storage/coub/simple/cw_looped_audio_med/249b021f813/48e6bb9ad6d34c11a68d4/1605617210_med_1532540833_med.mp3"]},"share":{"default":"https://coub-anubis-a.akamaized.net/coub_storage/coub/simple/cw_video_for_sharing/af67ea9035d/e65135cd1513df6a0ae53/1627679449_looped_1627679441.mp4"}},"audio_versions":{"template":"https://coub-anubis-a.akamaized.net/coub_storage/audio_track/cw_normalized_copy/aec1d410db6/b145f1ccc5746d75c4798/mid_1532540820_o2ee1z_normalized_1532540806_44e2o2_edited.mp3","versions":["mid","low"]},"image_versions":{"template":"https://coub-anubis-a.akamaized.net/coub_storage/coub/simple/cw_image/33023b9eb0b/3572623399fa80193948c/1532540848_00032.jpg","versions":["micro","tiny","age_restricted","ios_large","ios_mosaic","big","med","small","pinterest"]},"first_frame_versions":{"template":"https://coub-anubis-a.akamaized.net/coub_storage/coub/simple/cw_timeline_pic/32f61fb927a/332e74924ee28c5a6ecf0/%{version}_1532540848_image.jpg","versions":["big","med","small","ios_large"]},"dimensions":{"big":[1280,544],"med":[640,272]},"site_w_h":[640,272],"page_w_h":[640,272],"site_w_h_small":[310,132],"size":[1280,544],"age_restricted":false,"age_restricted_by_admin":false,"not_safe_for_work":false,"allow_reuse":false,"dont_crop":false,"banned":false,"global_safe":true,"audio_file_url":"https://coub-anubis-a.akamaized.net/coub_storage/audio_track/cw_normalized_copy/aec1d410db6/b145f1ccc5746d75c4798/low_1532540820_o2ee1z_normalized_1532540806_44e2o2_edited.mp3","external_download":false,"application":null,"channel":{"id":4062395,"permalink":"johnnystyle","title":"JohnnyStyle","description":null,"followers_count":35,"following_count":1,"avatar_versions":{"template":"https://coub-anubis-a.akamaized.net/coub_storage/channel/cw_avatar/59ea5725f8e/cb7fda78a9d8e45489f3c/%{version}_1608081336_1c66g1_1517163978_Clip2net_160227030151.jpg","versions":["medium","medium_2x","profile_pic","profile_pic_new","profile_pic_new_2x","tiny","tiny_2x","small","small_2x","ios_large","ios_small"]}},"file":null,"picture":"https://coub-anubis-a.akamaized.net/coub_storage/coub/simple/cw_image/33023b9eb0b/3572623399fa80193948c/1532540848_00032.jpg","timeline_picture":"https://coub-anubis-a.akamaized.net/coub_storage/coub/simple/cw_timeline_pic/32f61fb927a/332e74924ee28c5a6ecf0/ios_large_1532540848_image.jpg","small_picture":"https://coub-anubis-a.akamaized.net/coub_storage/coub/simple/cw_image/33023b9eb0b/3572623399fa80193948c/1532540848_00032.jpg","sharing_picture":null,"percent_done":100,"tags":[{"id":431,"title":"mad","value":"mad"},{"id":636,"title":"drift","value":"drift"},{"id":993,"title":"cars","value":"cars"},{"id":271285,"title":"chris forsberg","value":"chris%20forsberg"},{"id":177426,"title":"daigo saito","value":"daigo%20saito"},{"id":1930541,"title":"hgk challenge","value":"hgk%20challenge"},{"id":1069777,"title":"robyworks","value":"robyworks"},{"id":1311,"title":"bmw","value":"bmw"},{"id":29829,"title":"nissan","value":"nissan"},{"id":3412306,"title":"drift nissan","value":"drift%20nissan"},{"id":3412307,"title":"drift corvete","value":"drift%20corvete"}],"categories":[{"id":12,"title":"Sports","permalink":"sports","subscriptions_count":10057526,"big_image_url":"https://coub-anubis-a.akamaized.net/coub_storage/category/cw_image/f582005153c/999b059f60e79e58836fc/big_1544760276_sport2.png","small_image_url":"https://coub-anubis-a.akamaized.net/coub_storage/category/cw_image/f582005153c/999b059f60e79e58836fc/small_1544760276_sport2.png","med_image_url":"https://coub-anubis-a.akamaized.net/coub_storage/category/cw_image/f582005153c/999b059f60e79e58836fc/med_1544760276_sport2.png","visible":true}],"communities":[{"id":12,"title":"Sports","permalink":"sports","subscriptions_count":10057526,"big_image_url":"https://coub-anubis-a.akamaized.net/coub_storage/category/cw_image/f582005153c/999b059f60e79e58836fc/big_1544760276_sport2.png","small_image_url":"https://coub-anubis-a.akamaized.net/coub_storage/category/cw_image/f582005153c/999b059f60e79e58836fc/small_1544760276_sport2.png","med_image_url":"https://coub-anubis-a.akamaized.net/coub_storage/category/cw_image/f582005153c/999b059f60e79e58836fc/med_1544760276_sport2.png","i_subscribed":true,"community_notifications_enabled":null,"description":null}],"recoubs_count":401,"remixes_count":3,"likes_count":1684,"dislikes_count":0,"raw_video_id":"","uploaded_by_ios_app":false,"uploaded_by_android_app":false,"media_blocks":{"uploaded_raw_videos":[],"external_raw_videos":[],"remixed_from_coubs":[]},"raw_video_thumbnail_url":"","raw_video_title":"","video_block_banned":false,"duration":10.04,"promo_winner":false,"promo_winner_recoubers":null,"editorial_info":{},"promo_hint":null,"beeline_best_2014":null,"from_web_editor":true,"normalize_sound":true,"normalize_change_allowed":true,"best2015_addable":false,"ahmad_promo":null,"promo_data":null,"audio_copyright_claim":null,"ads_disabled":false,"is_safe_for_ads":true,"megafon_contents":[],"position_on_page":10}]}