{"page":26,"per_page":10,"total_pages":500,"coubs":[{"flag":null,"abuses":null,"recoubs_by_users_channels":null,"favourite":false,"promoted_id":null,"recoub":null,"like":null,"dislike":null,"reaction":null,"in_my_best2015":false,"id":82602023,"type":"Coub::Simple","permalink":"1crta0","title":"This jump is epic 😂 ","visibility_type":"public","original_visibility_type":"public","channel_id":4678968,"created_at":"2018-08-17T13:58:45Z","updated_at":"2022-03-15T06:50:29Z","is_done":true,"views_count":558310,"cotd":null,"cotd_at":null,"visible_on_explore_root":false,"visible_on_explore":false,"featured":false,"published":true,"published_at":"2018-08-17T13:58:45Z","reversed":false,"from_editor_v2":true,"is_editable":true,"original_sound":true,"has_sound":true,"recoub_to":null,"file_versions":{"html5":{"video":{"higher":{"url":"https://coub-anubis-a.akamaized.net/coub_storage/coub/simple/cw_file/ec76d42b32c/f203e62a2300914bed91f/muted_mp4_huge_size_1568270615_muted_huge.mp4","size":2196612},"high":{"url":"https://coub-anubis-a.akamaized.net/coub_storage/coub/simple/cw_file/ec76d42b32c/f203e62a2300914bed91f/muted_mp4_big_size_1568270615_muted_big.mp4","size":1475305},"med":{"url":"https://coub-anubis-a.akamaized.net/coub_storage/coub/simple/cw_file/ec76d42b32c/f203e62a2300914bed91f/muted_mp4_med_size_1568270615_muted_med.mp4","size":434561}},"audio":{"high":{"url":"https://coub-anubis-a.akamaized.net/coub_storage/coub/simple/cw_looped_audio_high/174579a2d0f/9b0db42cf62cfccac82ca/1605613565_high_1534514329_high.mp3","size":1162503},"med":{"url":"https://coub-anubis-a.akamaized.net/coub_storage/coub/simple/cw_looped_audio_med/f75d38bfc6e/098fa6003233ab2944303/1605613565_med_1534514329_med.mp3","size":933413},"sample_duration":6.526}},"mobile":{"video":"https://coub-anubis-a.akamaized.net/coub_storage/coub/simple/cw_file/ec76d42b32c/f203e62a2300914bed91f/muted_mp4_med_size_1568270615_muted_med.mp4","audio":["https://coub-anubis-a.akamaized.net/coub_storage/coub/simple/cw_looped_audio_med/f75d38bfc6e/098fa6003233ab2944303/1605613565_med_1534514329_med.mp3"]},"share":{"default":"https://coub-anubis-a.akamaized.net/coub_storage/coub/simple/cw_video_for_sharing/71bdaa3c251/f6e66bbde41a33f264ffc/1609082279_looped_1609082278.mp4"}},"audio_versions":{},"image_versions":{"template":"https://coub-anubis-a.akamaized.net/coub_storage/coub/simple/cw_image/50ad705312f/0f76019b12f9f2914c3e7/1534514336_00021.jpg","versions":["micro","tiny","age_restricted","ios_large","ios_mosaic","big","med","small","pinterest"]},"first_frame_versions":{"template":"https://coub-anubis-a.akamaized.net/coub_storage/coub/simple/cw_timeline_pic/b372d6dd100/701c6b792d4c6daa4b3d1/%{version}_1534514336_image.jpg","versions":["big","med","small","ios_large"]},"dimensions":{"big":[960,960],"med":[480,480]},"site_w_h":[400,400],"page_w_h":[400,400],"site_w_h_small":[310,310],"size":[960,960],"age_restricted":false,"age_restricted_by_admin":false,"not_safe_for_work":false,"allow_reuse":false,"dont_crop":false,"banned":false,"global_safe":true,"audio_file_url":null,"external_download":false,"application":null,"channel":{"id":4678968,"permalink":"tacodoge","title":"TacoDoge","description":null,"followers_count":146,"following_count":15,"avatar_versions":{"template":"https://coub-anubis-a.akamaized.net/coub_storage/channel/cw_avatar/61e1cb2d429/0df2b575b482a975f17e4/%{version}_1607829710_ihpvf4_1533401055_taco_piese__ale_przemodifokowany.jpg","versions":["medium","medium_2x","profile_pic","profile_pic_new","profile_pic_new_2x","tiny","tiny_2x","small","small_2x","ios_large","ios_small"]}},"file":null,"picture":"https://coub-anubis-a.akamaized.net/coub_storage/coub/simple/cw_image/50ad705312f/0f76019b12f9f2914c3e7/1534514336_00021.jpg","timeline_picture":"https://coub-anubis-a.akamaized.net/coub_storage/coub/simple/cw_timeline_pic/b372d6dd100/701c6b792d4c6daa4b3d1/ios_large_1534514336_image.jpg","small_picture":"https://coub-anubis-a.akamaized.net/coub_storage/coub/simple/cw_image/50ad705312f/0f76019b12f9f2914c3e7/1534514336_00021.jpg","sharing_picture":null,"percent_done":100,"tags":[],"categories":[{"id":12,"title":"Sports","permalink":"sports","subscriptions_count":10057526,"big_image_url":"https://coub-anubis-a.akamaized.net/coub_storage/category/cw_image/f582005153c/999b059f60e79e58836fc/big_1544760276_sport2.png","small_image_url":"https://coub-anubis-a.akamaized.net/coub_storage/category/cw_image/f582005153c/999b059f60e79e58836fc/small_1544760276_sport2.png","med_image_url":"https://coub-anubis-a.akamaized.net/coub_storage/category/cw_image/f582005153c/999b059f60e79e58836fc/med_1544760276_sport2.png","visible":true}],"communities":[{"id":12,"title":"Sports","permalink":"sports","subscriptions_count":10057526,"big_image_url":"https://coub-anubis-a.akamaized.net/coub_storage/category/cw_image/f582005153c/999b059f60e79e58836fc/big_1544760276_sport2.png","small_image_url":"https://coub-anubis-a.akamaized.net/coub_storage/category/cw_image/f582005153c/999b059f60e79e58836fc/small_1544760276_sport2.png","med_image_url":"https://coub-anubis-a.akamaized.net/coub_storage/category/cw_image/f582005153c/999b059f60e79e58836fc/med_1544760276_sport2.png","i_subscribed":true,"community_notifications_enabled":null,"description":null}],"recoubs_count":1122,"remixes_count":5,"likes_count":6976,"dislikes_count":0,"raw_video_id":12216649,"uploaded_by_ios_app":false,"uploaded_by_android_app":false,"media_blocks":{"uploaded_raw_videos":[],"external_raw_videos":[],"remixed_from_coubs":[]},"raw_video_thumbnail_url":"/missing/missing.png","raw_video_title":"0c6d9ec5-e992-43f7-bb8c-2c824bcc243b.mp4","video_block_banned":false,"duration":6.52,"promo_winner":false,"promo_winner_recoubers":null,"editorial_info":{},"promo_hint":null,"beeline_best_2014":null,"from_web_editor":true,"normalize_sound":true,"normalize_change_allowed":true,"best2015_addable":false,"ahmad_promo":null,"promo_data":null,"audio_copyright_claim":null,"ads_disabled":false,"is_safe_for_ads":true,"megafon_contents":[],"position_on_page":1},{"flag":null,"abuses":null,"recoubs_by_users_channels":null,"favourite":false,"promoted_id":null,"recoub":null,"like":null,"dislike":null,"reaction":null,"in_my_best2015":false,"id":28174376,"type":"Coub::Simple","permalink":"gbq9o","title":"Lucky Life","visibility_type":"public","original_visibility_type":"public","channel_id":34013,"created_at":"2016-11-08T03:10:35Z","updated_at":"2022-03-15T21:35:13Z","is_done":true,"views_count":498708,"cotd":true,"cotd_at":"2016-11-08","visible_on_explore_root":false,"visible_on_explore":true,"featured":false,"published":true,"published_at":"2016-11-08T03:10:35Z","reversed":false,"from_editor_v2":true,"is_editable":true,"original_sound":false,"has_sound":false,"recoub_to":null,"file_versions":{"html5":{"video":{"higher":{"url":"https://coub-anubis-a.akamaized.net/coub_storage/coub/simple/cw_file/eb118ebf41c/5dfddf7abf9166c9cc4fa/muted_mp4_huge_size_1567958129_muted_huge.mp4","size":2141430},"high":{"url":"https://coub-anubis-a.akamaized.net/coub_storage/coub/simple/cw_file/eb118ebf41c/5dfddf7abf9166c9cc4fa/muted_mp4_big_size_1567958129_muted_big.mp4","size":1528192},"med":{"url":"https://coub-anubis-a.akamaized.net/coub_storage/coub/simple/cw_file/eb118ebf41c/5dfddf7abf9166c9cc4fa/muted_mp4_med_size_1567958129_muted_med.mp4","size":513557}},"audio":{"high":{"url":"https://coub-anubis-a.akamaized.net/coub_storage/coub/simple/cw_looped_audio_high/fb060ac491b/21e8eb056f1ba67f911cc/1605542097_high_1478574651_high.mp3","size":862732},"med":{"url":"https://coub-anubis-a.akamaized.net/coub_storage/coub/simple/cw_looped_audio_med/3b038a3ad9a/cb12994d3fbb573e5484e/1605542096_med_1478574651_med.mp3","size":594021}}},"mobile":{"video":"https://coub-anubis-a.akamaized.net/coub_storage/coub/simple/cw_file/eb118ebf41c/5dfddf7abf9166c9cc4fa/muted_mp4_med_size_1567958129_muted_med.mp4","audio":["https://coub-anubis-a.akamaized.net/coub_storage/coub/simple/cw_looped_audio_med/3b038a3ad9a/cb12994d3fbb573e5484e/1605542096_med_1478574651_med.mp3"]},"share":{"default":"https://coub-anubis-a.akamaized.net/coub_storage/coub/simple/cw_video_for_sharing/2dc5a15bc09/487315b41dc1c28c5f1f0/1610141840_looped_1610141838.mp4"}},"audio_versions":{"template":"https://coub-anubis-a.akamaized.net/coub_storage/audio_track/cw_file/97bcf9d84a8/00f6aea8ddf5f3640132e/mid_1478574647_1sut00n_edited.mp3","versions":["mid","low"]},"image_versions":{"template":"https://coub-anubis-a.akamaized.net/coub_storage/coub/simple/cw_image/dc24db6f28b/3b2f1b1577e9f7eefb3ab/1478574658_00019.jpg","versions":["micro","tiny","age_restricted","ios_large","ios_mosaic","big","med","small","pinterest"]},"first_frame_versions":{"template":"https://coub-anubis-a.akamaized.net/coub_storage/coub/simple/cw_timeline_pic/dc24db6f28b/3b2f1b1577e9f7eefb3ab/%{version}_1478574658_image.jpg","versions":["big","med","small","ios_large"]},"dimensions":{"big":[960,960],"med":[480,480]},"site_w_h":[400,400],"page_w_h":[400,400],"site_w_h_small":[310,310],"size":[960,960],"age_restricted":false,"age_restricted_by_admin":false,"not_safe_for_work":false,"allow_reuse":false,"dont_crop":false,"banned":false,"global_safe":true,"audio_file_url":"https://coub-anubis-a.akamaized.net/coub_storage/audio_track/cw_file/97bcf9d84a8/00f6aea8ddf5f3640132e/low_1478574647_1sut00n_edited.mp3","external_download":{"type":"Imgur","service_name":"Imgur","url":"http://imgur.com/CnIPnA6","has_embed":false},"application":null,"channel":{"id":34013,"permalink":"eleprimer","title":"Light Tuesday ","description":"In Source We Trust #eleprimer","followers_count":47094,"following_count":309,"avatar_versions":{"template":"https://coub-anubis-a.akamaized.net/coub_storage/channel/cw_avatar/6935064c7dc/619c13567459f10bfe258/%{version}_1598751147_ghh.jpg","versions":["medium","medium_2x","profile_pic","profile_pic_new","profile_pic_new_2x","tiny","tiny_2x","small","small_2x","ios_large","ios_small"]}},"file":null,"picture":"https://coub-anubis-a.akamaized.net/coub_storage/coub/simple/cw_image/dc24db6f28b/3b2f1b1577e9f7eefb3ab/1478574658_00019.jpg","timeline_picture":"https://coub-anubis-a.akamaized.net/coub_storage/coub/simple/cw_timeline_pic/dc24db6f28b/3b2f1b1577e9f7eefb3ab/ios_large_1478574658_image.jpg","small_picture":"https://coub-anubis-a.akamaized.net/coub_storage/coub/simple/cw_image/dc24db6f28b/3b2f1b1577e9f7eefb3ab/1478574658_00019.jpg","sharing_picture":null,"percent_done":100,"tags":[{"id":13533,"title":"lucky","value":"lucky"},{"id":1359,"title":"sport","value":"sport"},{"id":2104,"title":"life","value":"life"},{"id":1804,"title":"trip","value":"trip"},{"id":42020,"title":"try","value":"try"},{"id":15560,"title":"second","value":"second"},{"id":177326,"title":"6sec","value":"6sec"},{"id":2889,"title":"vine","value":"vine"},{"id":50,"title":"coub","value":"coub"},{"id":15616,"title":"down","value":"down"},{"id":1995,"title":"eminem","value":"eminem"},{"id":1133540,"title":"eleprimer","value":"eleprimer"},{"id":4491,"title":"roll","value":"roll"},{"id":5740,"title":"dream","value":"dream"},{"id":170,"title":"lol","value":"lol"},{"id":2234,"title":"meme","value":"meme"},{"id":1237,"title":"remix","value":"remix"},{"id":5574,"title":"beat","value":"beat"},{"id":6324,"title":"pussy","value":"pussy"},{"id":86,"title":"music","value":"music"},{"id":1141,"title":"spoon","value":"spoon"},{"id":37,"title":"skate","value":"skate"},{"id":421,"title":"gif","value":"gif"},{"id":21519,"title":"funt","value":"funt"},{"id":1671,"title":"extreme","value":"extreme"},{"id":87543,"title":"lucker","value":"lucker"},{"id":77396,"title":"luck","value":"luck"},{"id":171,"title":"wow","value":"wow"},{"id":1789,"title":"trick","value":"trick"},{"id":174,"title":"funny","value":"funny"},{"id":169,"title":"fun","value":"fun"}],"categories":[{"id":12,"title":"Sports","permalink":"sports","subscriptions_count":10057526,"big_image_url":"https://coub-anubis-a.akamaized.net/coub_storage/category/cw_image/f582005153c/999b059f60e79e58836fc/big_1544760276_sport2.png","small_image_url":"https://coub-anubis-a.akamaized.net/coub_storage/category/cw_image/f582005153c/999b059f60e79e58836fc/small_1544760276_sport2.png","med_image_url":"https://coub-anubis-a.akamaized.net/coub_storage/category/cw_image/f582005153c/999b059f60e79e58836fc/med_1544760276_sport2.png","visible":true}],"communities":[{"id":12,"title":"Sports","permalink":"sports","subscriptions_count":10057526,"big_image_url":"https://coub-anubis-a.akamaized.net/coub_storage/category/cw_image/f582005153c/999b059f60e79e58836fc/big_1544760276_sport2.png","small_image_url":"https://coub-anubis-a.akamaized.net/coub_storage/category/cw_image/f582005153c/999b059f60e79e58836fc/small_1544760276_sport2.png","med_image_url":"https://coub-anubis-a.akamaized.net/coub_storage/category/cw_image/f582005153c/999b059f60e79e58836fc/med_1544760276_sport2.png","i_subscribed":true,"community_notifications_enabled":null,"description":null}],"recoubs_count":1636,"remixes_count":3,"likes_count":6974,"dislikes_count":0,"raw_video_id":4328197,"uploaded_by_ios_app":false,"uploaded_by_android_app":false,"media_blocks":{"uploaded_raw_videos":[],"external_raw_videos":[{"id":17906203,"title":"\"Yeah, I meant to do that\"","url":"https://imgur.com/CnIPnA6","image":"https://coub-anubis-a.akamaized.net/coub_storage/media_block/cw_image/27c601dbaf3/4e44e2ff2cda67d002045/1491798708_1478534706_lmf1dh_att-url-download.jpg","image_retina":"https://coub-anubis-a.akamaized.net/coub_storage/media_block/cw_image/27c601dbaf3/4e44e2ff2cda67d002045/1491798708_1478534706_lmf1dh_att-url-download.jpg","meta":{"service":"Imgur","duration":"6.133"},"duration":6.133,"raw_video_id":4328197,"has_embed":false}],"remixed_from_coubs":[],"external_video":{"id":17906203,"title":"\"Yeah, I meant to do that\"","url":"https://imgur.com/CnIPnA6","image":"https://coub-anubis-a.akamaized.net/coub_storage/media_block/cw_image/27c601dbaf3/4e44e2ff2cda67d002045/1491798708_1478534706_lmf1dh_att-url-download.jpg","image_retina":"https://coub-anubis-a.akamaized.net/coub_storage/media_block/cw_image/27c601dbaf3/4e44e2ff2cda67d002045/1491798708_1478534706_lmf1dh_att-url-download.jpg","meta":{"service":"Imgur","duration":"6.133"},"duration":6.133,"raw_video_id":4328197,"has_embed":false}},"raw_video_thumbnail_url":"/missing/missing.png","raw_video_title":"\"Yeah, I meant to do that\"","video_block_banned":false,"duration":6.0,"promo_winner":false,"promo_winner_recoubers":null,"editorial_info":{},"promo_hint":null,"beeline_best_2014":null,"from_web_editor":true,"normalize_sound":false,"normalize_change_allowed":true,"best2015_addable":false,"ahmad_promo":null,"promo_data":null,"audio_copyright_claim":null,"ads_disabled":null,"is_safe_for_ads":true,"megafon_contents":[],"position_on_page":2},{"flag":null,"abuses":null,"recoubs_by_users_channels":null,"favourite":false,"promoted_id":null,"recoub":null,"like":null,"dislike":null,"reaction":null,"in_my_best2015":false,"id":88485075,"type":"Coub::Simple","permalink":"1g9wpm","title":"Go For It","visibility_type":"public","original_visibility_type":"public","channel_id":2266225,"created_at":"2018-10-17T19:35:58Z","updated_at":"2022-03-07T22:57:55Z","is_done":true,"views_count":472887,"cotd":null,"cotd_at":null,"visible_on_explore_root":false,"visible_on_explore":false,"featured":false,"published":true,"published_at":"2018-10-17T19:35:58Z","reversed":false,"from_editor_v2":true,"is_editable":true,"original_sound":false,"has_sound":false,"recoub_to":null,"file_versions":{"html5":{"video":{"higher":{"url":"https://coub-anubis-a.akamaized.net/coub_storage/coub/simple/cw_file/95f22bab81a/08ea220fb22961eec1a36/muted_mp4_huge_size_1569992453_muted_huge.mp4","size":4726033},"high":{"url":"https://coub-anubis-a.akamaized.net/coub_storage/coub/simple/cw_file/95f22bab81a/08ea220fb22961eec1a36/muted_mp4_big_size_1569992453_muted_big.mp4","size":3198098},"med":{"url":"https://coub-anubis-a.akamaized.net/coub_storage/coub/simple/cw_file/95f22bab81a/08ea220fb22961eec1a36/muted_mp4_med_size_1569992453_muted_med.mp4","size":857822}},"audio":{"high":{"url":"https://coub-anubis-a.akamaized.net/coub_storage/coub/simple/cw_looped_audio_high/0d41cc17383/0e802cac4ab7f69cf82e8/1605602170_high_1539804980_high.mp3","size":775398},"med":{"url":"https://coub-anubis-a.akamaized.net/coub_storage/coub/simple/cw_looped_audio_med/f7824675227/b7da41847d96c4623cb47/1605602170_med_1539804980_med.mp3","size":537096}}},"mobile":{"video":"https://coub-anubis-a.akamaized.net/coub_storage/coub/simple/cw_file/95f22bab81a/08ea220fb22961eec1a36/muted_mp4_med_size_1569992453_muted_med.mp4","audio":["https://coub-anubis-a.akamaized.net/coub_storage/coub/simple/cw_looped_audio_med/f7824675227/b7da41847d96c4623cb47/1605602170_med_1539804980_med.mp3"]},"share":{"default":"https://coub-anubis-a.akamaized.net/coub_storage/coub/simple/cw_video_for_sharing/897742607f9/f6e6f6c49e67f04490ab0/1608156669_looped_1608156669.mp4"}},"audio_versions":{"template":"https://coub-anubis-a.akamaized.net/coub_storage/audio_track/cw_file/b6596eddae7/f1d2f7936532b4fd5a1cd/mid_1539804971_v9cdw7_edited.mp3","versions":["mid","low"]},"image_versions":{"template":"https://coub-anubis-a.akamaized.net/coub_storage/coub/simple/cw_image/bcb7fa7910b/30970033c68ed55fc889b/1539804992_00023.jpg","versions":["micro","tiny","age_restricted","ios_large","ios_mosaic","big","med","small","pinterest"]},"first_frame_versions":{"template":"https://coub-anubis-a.akamaized.net/coub_storage/coub/simple/cw_timeline_pic/1503db22a4f/d71aa71f80bfa6a32d1b8/1539804991_image.jpg","versions":["big","med","small","ios_large"]},"dimensions":{"big":[1280,716],"med":[640,358]},"site_w_h":[640,358],"page_w_h":[640,358],"site_w_h_small":[310,173],"size":[1280,716],"age_restricted":false,"age_restricted_by_admin":false,"not_safe_for_work":false,"allow_reuse":false,"dont_crop":false,"banned":false,"global_safe":true,"audio_file_url":"https://coub-anubis-a.akamaized.net/coub_storage/audio_track/cw_file/b6596eddae7/f1d2f7936532b4fd5a1cd/low_1539804971_v9cdw7_edited.mp3","external_download":false,"application":null,"channel":{"id":2266225,"permalink":"shikkisan","title":"Shikki","description":"Task Force Doomer 404","followers_count":3479,"following_count":59,"avatar_versions":{"template":"https://coub-anubis-a.akamaized.net/coub_storage/channel/cw_avatar/c462a6b0af1/397f6ecc65888d186941f/%{version}_1611589404_60z66L4Dk9Q-removebg-preview__1_.png","versions":["medium","medium_2x","profile_pic","profile_pic_new","profile_pic_new_2x","tiny","tiny_2x","small","small_2x","ios_large","ios_small"]}},"file":null,"picture":"https://coub-anubis-a.akamaized.net/coub_storage/coub/simple/cw_image/bcb7fa7910b/30970033c68ed55fc889b/1539804992_00023.jpg","timeline_picture":"https://coub-anubis-a.akamaized.net/coub_storage/coub/simple/cw_timeline_pic/1503db22a4f/d71aa71f80bfa6a32d1b8/1539804991_image.jpg","small_picture":"https://coub-anubis-a.akamaized.net/coub_storage/coub/simple/cw_image/bcb7fa7910b/30970033c68ed55fc889b/1539804992_00023.jpg","sharing_picture":null,"percent_done":100,"tags":[{"id":485,"title":"fight","value":"fight"},{"id":9312,"title":"sword","value":"sword"},{"id":4368475,"title":"mediavel","value":"mediavel"},{"id":14629,"title":"castle","value":"castle"},{"id":6886,"title":"knights","value":"knights"},{"id":344118,"title":"witcher 3","value":"witcher%203"},{"id":103434,"title":"3dnya","value":"3dnya"}],"categories":[{"id":12,"title":"Sports","permalink":"sports","subscriptions_count":10057526,"big_image_url":"https://coub-anubis-a.akamaized.net/coub_storage/category/cw_image/f582005153c/999b059f60e79e58836fc/big_1544760276_sport2.png","small_image_url":"https://coub-anubis-a.akamaized.net/coub_storage/category/cw_image/f582005153c/999b059f60e79e58836fc/small_1544760276_sport2.png","med_image_url":"https://coub-anubis-a.akamaized.net/coub_storage/category/cw_image/f582005153c/999b059f60e79e58836fc/med_1544760276_sport2.png","visible":true}],"communities":[{"id":12,"title":"Sports","permalink":"sports","subscriptions_count":10057526,"big_image_url":"https://coub-anubis-a.akamaized.net/coub_storage/category/cw_image/f582005153c/999b059f60e79e58836fc/big_1544760276_sport2.png","small_image_url":"https://coub-anubis-a.akamaized.net/coub_storage/category/cw_image/f582005153c/999b059f60e79e58836fc/small_1544760276_sport2.png","med_image_url":"https://coub-anubis-a.akamaized.net/coub_storage/category/cw_image/f582005153c/999b059f60e79e58836fc/med_1544760276_sport2.png","i_subscribed":true,"community_notifications_enabled":null,"description":null}],"recoubs_count":1579,"remixes_count":3,"likes_count":6953,"dislikes_count":0,"raw_video_id":12547008,"uploaded_by_ios_app":false,"uploaded_by_android_app":false,"media_blocks":{"uploaded_raw_videos":[],"external_raw_videos":[],"remixed_from_coubs":[]},"raw_video_thumbnail_url":"/missing/missing.png","raw_video_title":"1507088525117314621.gif","video_block_banned":false,"duration":7.32,"promo_winner":false,"promo_winner_recoubers":null,"editorial_info":{},"promo_hint":null,"beeline_best_2014":null,"from_web_editor":true,"normalize_sound":false,"normalize_change_allowed":true,"best2015_addable":false,"ahmad_promo":null,"promo_data":null,"audio_copyright_claim":null,"ads_disabled":false,"is_safe_for_ads":true,"megafon_contents":[],"position_on_page":3},{"flag":null,"abuses":null,"recoubs_by_users_channels":null,"favourite":false,"promoted_id":null,"recoub":null,"like":null,"dislike":null,"reaction":null,"in_my_best2015":false,"id":4341129,"type":"Coub::Simple","permalink":"24w99","title":"Gopro Extreme","visibility_type":"public","original_visibility_type":"public","channel_id":13601,"created_at":"2014-06-17T18:46:47Z","updated_at":"2022-03-08T17:00:30Z","is_done":true,"views_count":731885,"cotd":null,"cotd_at":null,"visible_on_explore_root":true,"visible_on_explore":true,"featured":true,"published":true,"published_at":"2014-06-17T18:46:47Z","reversed":false,"from_editor_v2":true,"is_editable":true,"original_sound":false,"has_sound":false,"recoub_to":null,"file_versions":{"html5":{"video":{"higher":{"url":"https://coub-anubis-a.akamaized.net/coub_storage/coub/simple/cw_file/0ee700c472a/e93186ea3d00b50fab4e2/muted_mp4_huge_size_1567717401_muted_huge.mp4","size":10668603},"high":{"url":"https://coub-anubis-a.akamaized.net/coub_storage/coub/simple/cw_file/0ee700c472a/e93186ea3d00b50fab4e2/muted_mp4_big_size_1567717401_muted_big.mp4","size":6727809},"med":{"url":"https://coub-anubis-a.akamaized.net/coub_storage/coub/simple/cw_file/0ee700c472a/e93186ea3d00b50fab4e2/muted_mp4_med_size_1567717401_muted_med.mp4","size":2539674}},"audio":{"high":{"url":"https://coub-anubis-a.akamaized.net/coub_storage/coub/simple/cw_looped_audio_high/cfd7c814cf8/8f6a7249cc6cc46e2b1bd/1605430648_high_1445951511_high.mp3","size":3893288},"med":{"url":"https://coub-anubis-a.akamaized.net/coub_storage/coub/simple/cw_looped_audio_med/c4ae3871a9a/cb31a457d799f61a80e12/1605430648_med_1445951511_med.mp3","size":2595525}}},"mobile":{"video":"https://coub-anubis-a.akamaized.net/coub_storage/coub/simple/cw_file/0ee700c472a/e93186ea3d00b50fab4e2/muted_mp4_med_size_1567717401_muted_med.mp4","audio":["https://coub-anubis-a.akamaized.net/coub_storage/coub/simple/cw_looped_audio_med/c4ae3871a9a/cb31a457d799f61a80e12/1605430648_med_1445951511_med.mp3"]},"share":{"default":"https://coub-anubis-a.akamaized.net/coub_storage/coub/simple/cw_video_for_sharing/0c7e0815ecc/76bb4847590e52ab5d54c/1612282169_looped_1612282167.mp4"}},"audio_versions":{"template":"https://coub-anubis-a.akamaized.net/coub_storage/coub/simple/cw_audio/b856f9a27e4/c1d2f23fb565b65443f4b/mid_1406479389_1403030918_out.mp3","versions":["mid","low"]},"image_versions":{"template":"https://coub-anubis-a.akamaized.net/coub_storage/coub/simple/cw_image/b856f9a27e4/c1d2f23fb565b65443f4b/1411393543_1403030920_00032.jpg","versions":["micro","tiny","age_restricted","ios_large","ios_mosaic","big","med","small","pinterest"]},"first_frame_versions":{"template":"https://coub-anubis-a.akamaized.net/coub_storage/coub/simple/cw_timeline_pic/b856f9a27e4/c1d2f23fb565b65443f4b/%{version}_1411643580_1403030918_image.jpg","versions":["big","med","small","ios_large"]},"dimensions":{"big":[1280,720],"med":[640,360]},"site_w_h":[640,360],"page_w_h":[640,360],"site_w_h_small":[310,174],"size":[1280,720],"age_restricted":false,"age_restricted_by_admin":false,"not_safe_for_work":null,"allow_reuse":false,"dont_crop":false,"banned":false,"global_safe":true,"audio_file_url":"https://coub-anubis-a.akamaized.net/coub_storage/coub/simple/cw_audio/b856f9a27e4/c1d2f23fb565b65443f4b/low_1406479389_1403030918_out.mp3","external_download":{"type":"Youtube","service_name":"YouTube","url":"http://www.youtube.com/watch?v=TI6qhn38lVA","has_embed":true},"application":null,"channel":{"id":13601,"permalink":"timoysladkiy","title":"Andrey Kuzin ","description":"Bring back my 2014","followers_count":8219,"following_count":76,"avatar_versions":{"template":"https://coub-anubis-a.akamaized.net/coub_storage/channel/cw_avatar/9bcc6fca237/47593cf7f734f3e60b016/%{version}_1474480382_2015-11-30_17-43-28____________________________________________________________________Yandex.png","versions":["medium","medium_2x","profile_pic","profile_pic_new","profile_pic_new_2x","tiny","tiny_2x","small","small_2x","ios_large","ios_small"]}},"file":null,"picture":"https://coub-anubis-a.akamaized.net/coub_storage/coub/simple/cw_image/b856f9a27e4/c1d2f23fb565b65443f4b/1411393543_1403030920_00032.jpg","timeline_picture":"https://coub-anubis-a.akamaized.net/coub_storage/coub/simple/cw_timeline_pic/b856f9a27e4/c1d2f23fb565b65443f4b/ios_large_1411643580_1403030918_image.jpg","small_picture":"https://coub-anubis-a.akamaized.net/coub_storage/coub/simple/cw_image/b856f9a27e4/c1d2f23fb565b65443f4b/1411393543_1403030920_00032.jpg","sharing_picture":null,"percent_done":100,"tags":[{"id":38479,"title":"downhill mountain biking","value":"downhill%20mountain%20biking"},{"id":4945,"title":"downhill","value":"downhill"}],"categories":[{"id":12,"title":"Sports","permalink":"sports","subscriptions_count":10057526,"big_image_url":"https://coub-anubis-a.akamaized.net/coub_storage/category/cw_image/f582005153c/999b059f60e79e58836fc/big_1544760276_sport2.png","small_image_url":"https://coub-anubis-a.akamaized.net/coub_storage/category/cw_image/f582005153c/999b059f60e79e58836fc/small_1544760276_sport2.png","med_image_url":"https://coub-anubis-a.akamaized.net/coub_storage/category/cw_image/f582005153c/999b059f60e79e58836fc/med_1544760276_sport2.png","visible":true}],"communities":[{"id":12,"title":"Sports","permalink":"sports","subscriptions_count":10057526,"big_image_url":"https://coub-anubis-a.akamaized.net/coub_storage/category/cw_image/f582005153c/999b059f60e79e58836fc/big_1544760276_sport2.png","small_image_url":"https://coub-anubis-a.akamaized.net/coub_storage/category/cw_image/f582005153c/999b059f60e79e58836fc/small_1544760276_sport2.png","med_image_url":"https://coub-anubis-a.akamaized.net/coub_storage/category/cw_image/f582005153c/999b059f60e79e58836fc/med_1544760276_sport2.png","i_subscribed":true,"community_notifications_enabled":null,"description":null}],"recoubs_count":1593,"remixes_count":3,"likes_count":6953,"dislikes_count":0,"raw_video_id":704549,"uploaded_by_ios_app":false,"uploaded_by_android_app":false,"media_blocks":{"uploaded_raw_videos":[],"external_raw_videos":[{"id":11352520,"title":"Alpinestars athlete Bartek Jaws Szczęki","url":"http://www.youtube.com/watch?v=TI6qhn38lVA","image":"https://coub-anubis-a.akamaized.net/coub_storage/media_block/cw_image/a251487eda3/822edd22b636189aefae3/1488447539_1407442574_1403028549_1wy9jvi_att-url-download.jpg","image_retina":"https://coub-anubis-a.akamaized.net/coub_storage/media_block/cw_image/a251487eda3/822edd22b636189aefae3/1488447539_1407442574_1403028549_1wy9jvi_att-url-download.jpg","meta":{"service":"Youtube","duration":"50.717"},"duration":50.717,"raw_video_id":704549,"has_embed":true}],"remixed_from_coubs":[],"audio_track":{"id":19311985,"title":"Unknown","url":null,"image":null,"image_retina":null,"meta":{"year":null,"album":null,"title":"Unknown","artist":null,"echonest_id":null},"duration":null,"amazon_url":null,"google_play_url":null,"bandcamp_url":null,"soundcloud_url":null,"track_name":null,"track_artist":null,"track_album":null,"itunes_url":null},"external_video":{"id":11352520,"title":"Alpinestars athlete Bartek Jaws Szczęki","url":"http://www.youtube.com/watch?v=TI6qhn38lVA","image":"https://coub-anubis-a.akamaized.net/coub_storage/media_block/cw_image/a251487eda3/822edd22b636189aefae3/1488447539_1407442574_1403028549_1wy9jvi_att-url-download.jpg","image_retina":"https://coub-anubis-a.akamaized.net/coub_storage/media_block/cw_image/a251487eda3/822edd22b636189aefae3/1488447539_1407442574_1403028549_1wy9jvi_att-url-download.jpg","meta":{"service":"Youtube","duration":"50.717"},"duration":50.717,"raw_video_id":704549,"has_embed":true}},"raw_video_thumbnail_url":"/missing/missing.png","raw_video_title":"Alpinestars athlete Bartek Jaws Szczęki","video_block_banned":false,"duration":10.0,"promo_winner":false,"promo_winner_recoubers":null,"editorial_info":{},"promo_hint":null,"beeline_best_2014":null,"from_web_editor":true,"normalize_sound":true,"normalize_change_allowed":true,"best2015_addable":false,"ahmad_promo":null,"promo_data":null,"audio_copyright_claim":null,"ads_disabled":null,"is_safe_for_ads":true,"megafon_contents":[],"position_on_page":4},{"flag":null,"abuses":null,"recoubs_by_users_channels":null,"favourite":false,"promoted_id":null,"recoub":null,"like":null,"dislike":null,"reaction":null,"in_my_best2015":false,"id":99574870,"type":"Coub::Simple","permalink":"1mvlpz","title":"I'm a man 😎","visibility_type":"public","original_visibility_type":"public","channel_id":3878017,"created_at":"2019-01-27T08:16:51Z","updated_at":"2022-03-16T01:53:19Z","is_done":true,"views_count":428286,"cotd":null,"cotd_at":null,"visible_on_explore_root":false,"visible_on_explore":false,"featured":false,"published":true,"published_at":"2019-01-27T08:16:51Z","reversed":false,"from_editor_v2":true,"is_editable":true,"original_sound":false,"has_sound":false,"recoub_to":null,"file_versions":{"html5":{"video":{"higher":{"url":"https://coub-anubis-a.akamaized.net/coub_storage/coub/simple/cw_file/f39c54a3d05/796bbf7592fa10821f297/muted_mp4_huge_size_1569339733_muted_huge.mp4","size":4829791},"high":{"url":"https://coub-anubis-a.akamaized.net/coub_storage/coub/simple/cw_file/f39c54a3d05/796bbf7592fa10821f297/muted_mp4_big_size_1569339733_muted_big.mp4","size":3318836},"med":{"url":"https://coub-anubis-a.akamaized.net/coub_storage/coub/simple/cw_file/f39c54a3d05/796bbf7592fa10821f297/muted_mp4_med_size_1569339733_muted_med.mp4","size":1002184}},"audio":{"high":{"url":"https://coub-anubis-a.akamaized.net/coub_storage/coub/simple/cw_looped_audio_high/c995189ac0a/3e804a07c4545ba171aa5/1605669279_high_1548577024_high.mp3","size":1232522},"med":{"url":"https://coub-anubis-a.akamaized.net/coub_storage/coub/simple/cw_looped_audio_med/081bb54eb66/a9a8f6a03d93c4a5f4d78/1605669279_med_1548577024_med.mp3","size":953783}}},"mobile":{"video":"https://coub-anubis-a.akamaized.net/coub_storage/coub/simple/cw_file/f39c54a3d05/796bbf7592fa10821f297/muted_mp4_med_size_1569339733_muted_med.mp4","audio":["https://coub-anubis-a.akamaized.net/coub_storage/coub/simple/cw_looped_audio_med/081bb54eb66/a9a8f6a03d93c4a5f4d78/1605669279_med_1548577024_med.mp3"]},"share":{"default":"https://coub-anubis-a.akamaized.net/coub_storage/coub/simple/cw_video_for_sharing/6c1049b64f7/33893e08a3ab856281995/1609074597_looped_1609074596.mp4"}},"audio_versions":{"template":"https://coub-anubis-a.akamaized.net/coub_storage/audio_track/cw_file/e451f8103ff/c4cfeed89a5d9d2900b32/mid_1548577021_dj21jk_edited.mp3","versions":["mid","low"]},"image_versions":{"template":"https://coub-anubis-a.akamaized.net/coub_storage/coub/simple/cw_image/fcbd3939dcf/ddb071feb72fcce752ed3/1548577036_00032.jpg","versions":["micro","tiny","age_restricted","ios_large","ios_mosaic","big","med","small","pinterest"]},"first_frame_versions":{"template":"https://coub-anubis-a.akamaized.net/coub_storage/coub/simple/cw_timeline_pic/b25c93fa27f/6cb72b82e14f93ddaa749/%{version}_1548577035_image.jpg","versions":["big","med","small","ios_large"]},"dimensions":{"big":[960,960],"med":[480,480]},"site_w_h":[400,400],"page_w_h":[400,400],"site_w_h_small":[310,310],"size":[960,960],"age_restricted":false,"age_restricted_by_admin":false,"not_safe_for_work":false,"allow_reuse":false,"dont_crop":false,"banned":false,"global_safe":true,"audio_file_url":"https://coub-anubis-a.akamaized.net/coub_storage/audio_track/cw_file/e451f8103ff/c4cfeed89a5d9d2900b32/low_1548577021_dj21jk_edited.mp3","external_download":{"type":"Facebook","service_name":"Facebook","url":"https://www.facebook.com/100001235675533/posts/2219825641401937/","has_embed":false},"application":null,"channel":{"id":3878017,"permalink":"nigger-quberi","title":"nigger kuberi","description":null,"followers_count":208,"following_count":151,"avatar_versions":{"template":"https://coub-anubis-a.akamaized.net/coub_storage/channel/cw_avatar/86554399815/d1739414391abc4ec1a39/%{version}_1607422314_1i6wyw4_1558454081_cropped.jpeg","versions":["medium","medium_2x","profile_pic","profile_pic_new","profile_pic_new_2x","tiny","tiny_2x","small","small_2x","ios_large","ios_small"]}},"file":null,"picture":"https://coub-anubis-a.akamaized.net/coub_storage/coub/simple/cw_image/fcbd3939dcf/ddb071feb72fcce752ed3/1548577036_00032.jpg","timeline_picture":"https://coub-anubis-a.akamaized.net/coub_storage/coub/simple/cw_timeline_pic/b25c93fa27f/6cb72b82e14f93ddaa749/ios_large_1548577035_image.jpg","small_picture":"https://coub-anubis-a.akamaized.net/coub_storage/coub/simple/cw_image/fcbd3939dcf/ddb071feb72fcce752ed3/1548577036_00032.jpg","sharing_picture":null,"percent_done":100,"tags":[{"id":24375,"title":"skiing","value":"skiing"},{"id":186041,"title":"black strobe","value":"black%20strobe"},{"id":147301,"title":"i'm a man","value":"i'm%20a%20man"},{"id":5326,"title":"mashup","value":"mashup"}],"categories":[{"id":12,"title":"Sports","permalink":"sports","subscriptions_count":10057526,"big_image_url":"https://coub-anubis-a.akamaized.net/coub_storage/category/cw_image/f582005153c/999b059f60e79e58836fc/big_1544760276_sport2.png","small_image_url":"https://coub-anubis-a.akamaized.net/coub_storage/category/cw_image/f582005153c/999b059f60e79e58836fc/small_1544760276_sport2.png","med_image_url":"https://coub-anubis-a.akamaized.net/coub_storage/category/cw_image/f582005153c/999b059f60e79e58836fc/med_1544760276_sport2.png","visible":true}],"communities":[{"id":12,"title":"Sports","permalink":"sports","subscriptions_count":10057526,"big_image_url":"https://coub-anubis-a.akamaized.net/coub_storage/category/cw_image/f582005153c/999b059f60e79e58836fc/big_1544760276_sport2.png","small_image_url":"https://coub-anubis-a.akamaized.net/coub_storage/category/cw_image/f582005153c/999b059f60e79e58836fc/small_1544760276_sport2.png","med_image_url":"https://coub-anubis-a.akamaized.net/coub_storage/category/cw_image/f582005153c/999b059f60e79e58836fc/med_1544760276_sport2.png","i_subscribed":true,"community_notifications_enabled":null,"description":null}],"recoubs_count":1292,"remixes_count":2,"likes_count":6947,"dislikes_count":0,"raw_video_id":13110147,"uploaded_by_ios_app":false,"uploaded_by_android_app":true,"media_blocks":{"uploaded_raw_videos":[],"external_raw_videos":[{"id":30206705,"title":"Mirotadze Gio shared მიატოვე ზედმეტი ფიქრი's post.","url":"https://www.facebook.com/100001235675533/posts/2219825641401937","image":null,"image_retina":null,"meta":{"service":"Facebook","duration":"14.28"},"duration":14.28,"raw_video_id":13110147,"has_embed":false}],"remixed_from_coubs":[],"external_video":{"id":30206705,"title":"Mirotadze Gio shared მიატოვე ზედმეტი ფიქრი's post.","url":"https://www.facebook.com/100001235675533/posts/2219825641401937","image":null,"image_retina":null,"meta":{"service":"Facebook","duration":"14.28"},"duration":14.28,"raw_video_id":13110147,"has_embed":false}},"raw_video_thumbnail_url":"/missing/missing.png","raw_video_title":"Mirotadze Gio shared მიატოვე ზედმეტი ფიქრი's post.","video_block_banned":false,"duration":10.0,"promo_winner":false,"promo_winner_recoubers":null,"editorial_info":{},"promo_hint":null,"beeline_best_2014":null,"from_web_editor":false,"normalize_sound":true,"normalize_change_allowed":true,"best2015_addable":false,"ahmad_promo":null,"promo_data":null,"audio_copyright_claim":null,"ads_disabled":false,"is_safe_for_ads":true,"megafon_contents":[],"position_on_page":5},{"flag":null,"abuses":null,"recoubs_by_users_channels":null,"favourite":false,"promoted_id":null,"recoub":null,"like":null,"dislike":null,"reaction":null,"in_my_best2015":false,"id":478143,"type":"Coub::Simple","permalink":"3avxiko6","title":"Peace and love and where is my mind in NHL","visibility_type":"public","original_visibility_type":"public","channel_id":147280,"created_at":"2013-10-01T22:27:06Z","updated_at":"2022-03-10T13:00:23Z","is_done":true,"views_count":1010079,"cotd":null,"cotd_at":null,"visible_on_explore_root":true,"visible_on_explore":true,"featured":true,"published":true,"published_at":"2013-10-01T22:27:06Z","reversed":false,"from_editor_v2":true,"is_editable":true,"original_sound":false,"has_sound":false,"recoub_to":null,"file_versions":{"html5":{"video":{"higher":{"url":"https://coub-anubis-a.akamaized.net/coub_storage/coub/simple/cw_file/f201051c88d/a7b20eda99ca9c7815330/muted_mp4_huge_size_1567679489_muted_huge.mp4","size":5894023},"high":{"url":"https://coub-anubis-a.akamaized.net/coub_storage/coub/simple/cw_file/f201051c88d/a7b20eda99ca9c7815330/muted_mp4_big_size_1567679489_muted_big.mp4","size":3935429},"med":{"url":"https://coub-anubis-a.akamaized.net/coub_storage/coub/simple/cw_file/f201051c88d/a7b20eda99ca9c7815330/muted_mp4_med_size_1567679489_muted_med.mp4","size":1319521}},"audio":{"high":{"url":"https://coub-anubis-a.akamaized.net/coub_storage/coub/simple/cw_looped_audio_high/44581147aad/ad43e24e125242b5eadba/1605394363_high_1445951125_high.mp3","size":5579754},"med":{"url":"https://coub-anubis-a.akamaized.net/coub_storage/coub/simple/cw_looped_audio_med/9732e64bc12/2886e24b2fa94b20b57a5/1605394362_med_1445951125_med.mp3","size":3719835}}},"mobile":{"video":"https://coub-anubis-a.akamaized.net/coub_storage/coub/simple/cw_file/f201051c88d/a7b20eda99ca9c7815330/muted_mp4_med_size_1567679489_muted_med.mp4","audio":["https://coub-anubis-a.akamaized.net/coub_storage/coub/simple/cw_looped_audio_med/9732e64bc12/2886e24b2fa94b20b57a5/1605394362_med_1445951125_med.mp3"]},"share":{"default":"https://coub-anubis-a.akamaized.net/coub_storage/coub/simple/cw_video_for_sharing/5e99c9b4c1b/2f8a92379a1f01bf7316d/1608240880_looped_1608240879.mp4"}},"audio_versions":{"template":"https://coub-anubis-a.akamaized.net/coub_storage/coub/simple/cw_audio/ee5e53b0d95/fd93dcae14244cdc890be/mid_1406268471_1401196898_out.mp3","versions":["mid","low"]},"image_versions":{"template":"https://coub-anubis-a.akamaized.net/coub_storage/coub/simple/cw_image/ee5e53b0d95/fd93dcae14244cdc890be/1409582955_1381511215_00027.jpg","versions":["micro","tiny","age_restricted","ios_large","ios_mosaic","big","med","small","pinterest"]},"first_frame_versions":{"template":"https://coub-anubis-a.akamaized.net/coub_storage/coub/simple/cw_timeline_pic/ee5e53b0d95/fd93dcae14244cdc890be/%{version}_1409620827_1382549791_image.jpg","versions":["big","med","small","ios_large"]},"dimensions":{"big":[1280,960],"med":[640,480]},"site_w_h":[640,480],"page_w_h":[640,480],"site_w_h_small":[310,233],"size":[1280,960],"age_restricted":false,"age_restricted_by_admin":false,"not_safe_for_work":null,"allow_reuse":false,"dont_crop":false,"banned":false,"global_safe":true,"audio_file_url":"https://coub-anubis-a.akamaized.net/coub_storage/coub/simple/cw_audio/ee5e53b0d95/fd93dcae14244cdc890be/low_1406268471_1401196898_out.mp3","external_download":{"type":"Youtube","service_name":"YouTube","url":"http://www.youtube.com/watch?v=tuT2p3ABcCQ","has_embed":true},"application":null,"channel":{"id":147280,"permalink":"oleg-serdyukov","title":"Oleg Serdyukov","description":null,"followers_count":41,"following_count":4,"avatar_versions":{"template":"https://coub-anubis-a.akamaized.net/coub_storage/channel/cw_avatar/1da91f05e02/aaa9812f62aded877e379/%{version}_1474488768_1ymn2bn_att-url-download.jpg","versions":["medium","medium_2x","profile_pic","profile_pic_new","profile_pic_new_2x","tiny","tiny_2x","small","small_2x","ios_large","ios_small"]}},"file":null,"picture":"https://coub-anubis-a.akamaized.net/coub_storage/coub/simple/cw_image/ee5e53b0d95/fd93dcae14244cdc890be/1409582955_1381511215_00027.jpg","timeline_picture":"https://coub-anubis-a.akamaized.net/coub_storage/coub/simple/cw_timeline_pic/ee5e53b0d95/fd93dcae14244cdc890be/ios_large_1409620827_1382549791_image.jpg","small_picture":"https://coub-anubis-a.akamaized.net/coub_storage/coub/simple/cw_image/ee5e53b0d95/fd93dcae14244cdc890be/1409582955_1381511215_00027.jpg","sharing_picture":null,"percent_done":100,"tags":[{"id":8258,"title":"hockey","value":"hockey"},{"id":21442,"title":"buffalo","value":"buffalo"},{"id":21443,"title":"sabres","value":"sabres"},{"id":21444,"title":"ottawa","value":"ottawa"},{"id":21445,"title":"senators","value":"senators"},{"id":21446,"title":"preissing","value":"preissing"},{"id":9058,"title":"brian","value":"brian"},{"id":21447,"title":"campbell","value":"campbell"},{"id":21448,"title":"don","value":"don"},{"id":6151,"title":"cherry","value":"cherry"}],"categories":[{"id":12,"title":"Sports","permalink":"sports","subscriptions_count":10057526,"big_image_url":"https://coub-anubis-a.akamaized.net/coub_storage/category/cw_image/f582005153c/999b059f60e79e58836fc/big_1544760276_sport2.png","small_image_url":"https://coub-anubis-a.akamaized.net/coub_storage/category/cw_image/f582005153c/999b059f60e79e58836fc/small_1544760276_sport2.png","med_image_url":"https://coub-anubis-a.akamaized.net/coub_storage/category/cw_image/f582005153c/999b059f60e79e58836fc/med_1544760276_sport2.png","visible":true}],"communities":[{"id":12,"title":"Sports","permalink":"sports","subscriptions_count":10057526,"big_image_url":"https://coub-anubis-a.akamaized.net/coub_storage/category/cw_image/f582005153c/999b059f60e79e58836fc/big_1544760276_sport2.png","small_image_url":"https://coub-anubis-a.akamaized.net/coub_storage/category/cw_image/f582005153c/999b059f60e79e58836fc/small_1544760276_sport2.png","med_image_url":"https://coub-anubis-a.akamaized.net/coub_storage/category/cw_image/f582005153c/999b059f60e79e58836fc/med_1544760276_sport2.png","i_subscribed":true,"community_notifications_enabled":null,"description":null}],"recoubs_count":2039,"remixes_count":4,"likes_count":6933,"dislikes_count":0,"raw_video_id":1386591,"uploaded_by_ios_app":false,"uploaded_by_android_app":false,"media_blocks":{"uploaded_raw_videos":[],"external_raw_videos":[{"id":11869574,"title":"Peace and love in the NHL","url":"http://www.youtube.com/watch?v=tuT2p3ABcCQ","image":"https://coub-anubis-a.akamaized.net/coub_storage/media_block/cw_image/8902c062003/b1ee3a8597806b80bf6c3/1492508029_1432574804_fber22_att-url-download.jpg","image_retina":"https://coub-anubis-a.akamaized.net/coub_storage/media_block/cw_image/8902c062003/b1ee3a8597806b80bf6c3/1492508029_1432574804_fber22_att-url-download.jpg","meta":{"service":"Youtube","duration":"25.48"},"duration":25.48,"raw_video_id":1386591,"has_embed":true}],"remixed_from_coubs":[],"external_video":{"id":11869574,"title":"Peace and love in the NHL","url":"http://www.youtube.com/watch?v=tuT2p3ABcCQ","image":"https://coub-anubis-a.akamaized.net/coub_storage/media_block/cw_image/8902c062003/b1ee3a8597806b80bf6c3/1492508029_1432574804_fber22_att-url-download.jpg","image_retina":"https://coub-anubis-a.akamaized.net/coub_storage/media_block/cw_image/8902c062003/b1ee3a8597806b80bf6c3/1492508029_1432574804_fber22_att-url-download.jpg","meta":{"service":"Youtube","duration":"25.48"},"duration":25.48,"raw_video_id":1386591,"has_embed":true},"audio_track":{"id":19081516,"title":"Where Is My Mind?","url":"https://geo.itunes.apple.com/us/album/where-is-my-mind/id7206268?i=7206254&uo=4&at=10l5bB&app=music","image":"https://coub-anubis-a.akamaized.net/coub_storage/media_block/cw_image/c939cec2569/7e4819401cb3ffabd2bc5/1492043975_1407422364_1380666284_att-url-download20131001-8357-udunq2.jpg","image_retina":"https://coub-anubis-a.akamaized.net/coub_storage/media_block/cw_image/c939cec2569/7e4819401cb3ffabd2bc5/1492043975_1407422364_1380666284_att-url-download20131001-8357-udunq2.jpg","meta":{"year":null,"album":null,"title":"Where Is My Mind?","artist":"Pixies","echonest_id":null},"duration":null,"amazon_url":null,"google_play_url":null,"bandcamp_url":null,"soundcloud_url":null,"track_name":null,"track_artist":null,"track_album":null,"itunes_url":"https://geo.itunes.apple.com/us/album/where-is-my-mind/id7206268?i=7206254&uo=4&at=10l5bB&app=music"}},"raw_video_thumbnail_url":"/missing/missing.png","raw_video_title":"Peace and love in the NHL","video_block_banned":false,"duration":8.32,"promo_winner":false,"promo_winner_recoubers":null,"editorial_info":{},"promo_hint":null,"beeline_best_2014":null,"from_web_editor":true,"normalize_sound":true,"normalize_change_allowed":true,"best2015_addable":false,"ahmad_promo":null,"promo_data":null,"audio_copyright_claim":null,"ads_disabled":null,"is_safe_for_ads":true,"megafon_contents":[],"position_on_page":6},{"flag":null,"abuses":null,"recoubs_by_users_channels":null,"favourite":false,"promoted_id":null,"recoub":null,"like":null,"dislike":null,"reaction":null,"in_my_best2015":false,"id":71076899,"type":"Coub::Simple","permalink":"15vxi2","title":"Best in this room","visibility_type":"public","original_visibility_type":"public","channel_id":1873332,"created_at":"2018-04-03T23:30:52Z","updated_at":"2022-03-15T19:23:50Z","is_done":true,"views_count":543047,"cotd":null,"cotd_at":null,"visible_on_explore_root":false,"visible_on_explore":false,"featured":false,"published":true,"published_at":"2018-04-04T07:24:00Z","reversed":false,"from_editor_v2":true,"is_editable":true,"original_sound":true,"has_sound":true,"recoub_to":null,"file_versions":{"html5":{"video":{"higher":{"url":"https://coub-anubis-a.akamaized.net/coub_storage/coub/simple/cw_file/1131853a0e3/209cc4be82eb5cdf2229d/muted_mp4_huge_size_1568216002_muted_huge.mp4","size":3110753},"high":{"url":"https://coub-anubis-a.akamaized.net/coub_storage/coub/simple/cw_file/1131853a0e3/209cc4be82eb5cdf2229d/muted_mp4_big_size_1568216002_muted_big.mp4","size":2055822},"med":{"url":"https://coub-anubis-a.akamaized.net/coub_storage/coub/simple/cw_file/1131853a0e3/209cc4be82eb5cdf2229d/muted_mp4_med_size_1568216002_muted_med.mp4","size":568900}},"audio":{"high":{"url":"https://coub-anubis-a.akamaized.net/coub_storage/coub/simple/cw_looped_audio_high/2d34189a172/ea5526d64de38e45daa4a/1605644406_high_1522798262_high.mp3","size":1203992},"med":{"url":"https://coub-anubis-a.akamaized.net/coub_storage/coub/simple/cw_looped_audio_med/cee62b5e9f1/f45bab84075b5168c8abc/1605644406_med_1522798262_med.mp3","size":897384},"sample_duration":8.034}},"mobile":{"video":"https://coub-anubis-a.akamaized.net/coub_storage/coub/simple/cw_file/1131853a0e3/209cc4be82eb5cdf2229d/muted_mp4_med_size_1568216002_muted_med.mp4","audio":["https://coub-anubis-a.akamaized.net/coub_storage/coub/simple/cw_looped_audio_med/cee62b5e9f1/f45bab84075b5168c8abc/1605644406_med_1522798262_med.mp3"]},"share":{"default":"https://coub-anubis-a.akamaized.net/coub_storage/coub/simple/cw_video_for_sharing/d9d28a8178d/ebc98fef7c93a3a648b2a/1608193266_looped_1608193264.mp4"}},"audio_versions":{},"image_versions":{"template":"https://coub-anubis-a.akamaized.net/coub_storage/coub/simple/cw_image/a9d9a7983e3/58be258e86ffb6e1c0c3f/1522798269_00026.jpg","versions":["micro","tiny","age_restricted","ios_large","ios_mosaic","big","med","small","pinterest"]},"first_frame_versions":{"template":"https://coub-anubis-a.akamaized.net/coub_storage/coub/simple/cw_timeline_pic/a3de02b6b34/ee0f7fce5924f49c4db23/%{version}_1522798269_image.jpg","versions":["big","med","small","ios_large"]},"dimensions":{"big":[960,960],"med":[480,480]},"site_w_h":[400,400],"page_w_h":[400,400],"site_w_h_small":[310,310],"size":[960,960],"age_restricted":false,"age_restricted_by_admin":false,"not_safe_for_work":false,"allow_reuse":false,"dont_crop":false,"banned":false,"global_safe":true,"audio_file_url":null,"external_download":false,"application":null,"channel":{"id":1873332,"permalink":"greg.goodenough","title":"Greg Goodenough","description":null,"followers_count":647,"following_count":12,"avatar_versions":{"template":"https://coub-anubis-a.akamaized.net/coub_storage/channel/cw_avatar/8bfced6c673/7cf82e4cc33ba2ab912a5/%{version}_1609283280_1v11o6d_1549286920__thumb_0c4c626d-1d5d-4974-9cb9-c03228c01c15.png","versions":["medium","medium_2x","profile_pic","profile_pic_new","profile_pic_new_2x","tiny","tiny_2x","small","small_2x","ios_large","ios_small"]}},"file":null,"picture":"https://coub-anubis-a.akamaized.net/coub_storage/coub/simple/cw_image/a9d9a7983e3/58be258e86ffb6e1c0c3f/1522798269_00026.jpg","timeline_picture":"https://coub-anubis-a.akamaized.net/coub_storage/coub/simple/cw_timeline_pic/a3de02b6b34/ee0f7fce5924f49c4db23/ios_large_1522798269_image.jpg","small_picture":"https://coub-anubis-a.akamaized.net/coub_storage/coub/simple/cw_image/a9d9a7983e3/58be258e86ffb6e1c0c3f/1522798269_00026.jpg","sharing_picture":null,"percent_done":100,"tags":[{"id":3851444,"title":"best in this room","value":"best%20in%20this%20room"},{"id":9494,"title":"rocky balboa","value":"rocky%20balboa"},{"id":984,"title":"rocky","value":"rocky"},{"id":1450,"title":"best","value":"best"},{"id":2768292,"title":"best around","value":"best%20around"},{"id":1002,"title":"bitch","value":"bitch"}],"categories":[{"id":12,"title":"Sports","permalink":"sports","subscriptions_count":10057526,"big_image_url":"https://coub-anubis-a.akamaized.net/coub_storage/category/cw_image/f582005153c/999b059f60e79e58836fc/big_1544760276_sport2.png","small_image_url":"https://coub-anubis-a.akamaized.net/coub_storage/category/cw_image/f582005153c/999b059f60e79e58836fc/small_1544760276_sport2.png","med_image_url":"https://coub-anubis-a.akamaized.net/coub_storage/category/cw_image/f582005153c/999b059f60e79e58836fc/med_1544760276_sport2.png","visible":true}],"communities":[{"id":12,"title":"Sports","permalink":"sports","subscriptions_count":10057526,"big_image_url":"https://coub-anubis-a.akamaized.net/coub_storage/category/cw_image/f582005153c/999b059f60e79e58836fc/big_1544760276_sport2.png","small_image_url":"https://coub-anubis-a.akamaized.net/coub_storage/category/cw_image/f582005153c/999b059f60e79e58836fc/small_1544760276_sport2.png","med_image_url":"https://coub-anubis-a.akamaized.net/coub_storage/category/cw_image/f582005153c/999b059f60e79e58836fc/med_1544760276_sport2.png","i_subscribed":true,"community_notifications_enabled":null,"description":null}],"recoubs_count":1319,"remixes_count":4,"likes_count":6931,"dislikes_count":0,"raw_video_id":11455364,"uploaded_by_ios_app":false,"uploaded_by_android_app":false,"media_blocks":{"uploaded_raw_videos":[],"external_raw_videos":[],"remixed_from_coubs":[]},"raw_video_thumbnail_url":"/missing/missing.png","raw_video_title":"best_around.mp4","video_block_banned":false,"duration":8.08,"promo_winner":false,"promo_winner_recoubers":null,"editorial_info":{},"promo_hint":null,"beeline_best_2014":null,"from_web_editor":true,"normalize_sound":false,"normalize_change_allowed":true,"best2015_addable":false,"ahmad_promo":null,"promo_data":null,"audio_copyright_claim":null,"ads_disabled":false,"is_safe_for_ads":true,"megafon_contents":[],"position_on_page":7},{"flag":null,"abuses":null,"recoubs_by_users_channels":null,"favourite":false,"promoted_id":null,"recoub":null,"like":null,"dislike":null,"reaction":null,"in_my_best2015":false,"id":4215643,"type":"Coub::Simple","permalink":"227fj","title":"it's a boogie","visibility_type":"public","original_visibility_type":"public","channel_id":1165175,"created_at":"2014-06-12T08:41:27Z","updated_at":"2022-02-24T18:02:52Z","is_done":true,"views_count":365244,"cotd":true,"cotd_at":"2014-06-12","visible_on_explore_root":true,"visible_on_explore":true,"featured":true,"published":true,"published_at":"2014-06-12T08:41:27Z","reversed":false,"from_editor_v2":true,"is_editable":true,"original_sound":false,"has_sound":false,"recoub_to":null,"file_versions":{"html5":{"video":{"higher":{"url":"https://coub-anubis-a.akamaized.net/coub_storage/coub/simple/cw_file/547b9c86c7b/2beb9dd5f2173a206ac5f/muted_mp4_huge_size_1567716454_muted_huge.mp4","size":1586826},"high":{"url":"https://coub-anubis-a.akamaized.net/coub_storage/coub/simple/cw_file/547b9c86c7b/2beb9dd5f2173a206ac5f/muted_mp4_big_size_1567716454_muted_big.mp4","size":1180039},"med":{"url":"https://coub-anubis-a.akamaized.net/coub_storage/coub/simple/cw_file/547b9c86c7b/2beb9dd5f2173a206ac5f/muted_mp4_med_size_1567716454_muted_med.mp4","size":359571}},"audio":{"high":{"url":"https://coub-anubis-a.akamaized.net/coub_storage/coub/simple/cw_looped_audio_high/bf52a20bea0/248fbfdf0b37b40f398c8/1605430335_high_1445497443_high.mp3","size":7843003},"med":{"url":"https://coub-anubis-a.akamaized.net/coub_storage/coub/simple/cw_looped_audio_med/bb49a435321/8dee517a0c099cb207b4f/1605430334_med_1445497443_med.mp3","size":5228668}}},"mobile":{"video":"https://coub-anubis-a.akamaized.net/coub_storage/coub/simple/cw_file/547b9c86c7b/2beb9dd5f2173a206ac5f/muted_mp4_med_size_1567716454_muted_med.mp4","audio":["https://coub-anubis-a.akamaized.net/coub_storage/coub/simple/cw_looped_audio_med/bb49a435321/8dee517a0c099cb207b4f/1605430334_med_1445497443_med.mp3"]},"share":{"default":"https://coub-anubis-a.akamaized.net/coub_storage/coub/simple/cw_video_for_sharing/8b58e04d03f/9331baca28041d4557fda/1642419260_looped_1642419259.mp4"}},"audio_versions":{"template":"https://coub-anubis-a.akamaized.net/coub_storage/coub/simple/cw_audio/2b48b06aaa0/d23a4f14a9f8e4ea23132/mid_1406474207_1402562572_out.mp3","versions":["mid","low"]},"image_versions":{"template":"https://coub-anubis-a.akamaized.net/coub_storage/coub/simple/cw_image/2b48b06aaa0/d23a4f14a9f8e4ea23132/1411388014_1402562572_00014.jpg","versions":["micro","tiny","age_restricted","ios_large","ios_mosaic","big","med","small","pinterest"]},"first_frame_versions":{"template":"https://coub-anubis-a.akamaized.net/coub_storage/coub/simple/cw_timeline_pic/2b48b06aaa0/d23a4f14a9f8e4ea23132/%{version}_1411642352_1402562572_image.jpg","versions":["big","med","small","ios_large"]},"dimensions":{"big":[1280,720],"med":[640,360]},"site_w_h":[640,360],"page_w_h":[640,360],"site_w_h_small":[310,174],"size":[1280,720],"age_restricted":false,"age_restricted_by_admin":false,"not_safe_for_work":null,"allow_reuse":false,"dont_crop":false,"banned":false,"global_safe":true,"audio_file_url":"https://coub-anubis-a.akamaized.net/coub_storage/coub/simple/cw_audio/2b48b06aaa0/d23a4f14a9f8e4ea23132/low_1406474207_1402562572_out.mp3","external_download":{"type":"Youtube","service_name":"YouTube","url":"http://www.youtube.com/watch?v=Smh0QXSmF-A","has_embed":true},"application":null,"channel":{"id":1165175,"permalink":"muse-ordinary","title":"Muse Ordinary","description":"why not","followers_count":5621,"following_count":214,"avatar_versions":{"template":"https://coub-anubis-a.akamaized.net/coub_storage/channel/cw_avatar/f89fd7fd563/1a82b7f57917d346b5632/%{version}_1607431997_esuzz9_1573908925_cropped.jpeg","versions":["medium","medium_2x","profile_pic","profile_pic_new","profile_pic_new_2x","tiny","tiny_2x","small","small_2x","ios_large","ios_small"]}},"file":null,"picture":"https://coub-anubis-a.akamaized.net/coub_storage/coub/simple/cw_image/2b48b06aaa0/d23a4f14a9f8e4ea23132/1411388014_1402562572_00014.jpg","timeline_picture":"https://coub-anubis-a.akamaized.net/coub_storage/coub/simple/cw_timeline_pic/2b48b06aaa0/d23a4f14a9f8e4ea23132/ios_large_1411642352_1402562572_image.jpg","small_picture":"https://coub-anubis-a.akamaized.net/coub_storage/coub/simple/cw_image/2b48b06aaa0/d23a4f14a9f8e4ea23132/1411388014_1402562572_00014.jpg","sharing_picture":null,"percent_done":100,"tags":[],"categories":[{"id":12,"title":"Sports","permalink":"sports","subscriptions_count":10057526,"big_image_url":"https://coub-anubis-a.akamaized.net/coub_storage/category/cw_image/f582005153c/999b059f60e79e58836fc/big_1544760276_sport2.png","small_image_url":"https://coub-anubis-a.akamaized.net/coub_storage/category/cw_image/f582005153c/999b059f60e79e58836fc/small_1544760276_sport2.png","med_image_url":"https://coub-anubis-a.akamaized.net/coub_storage/category/cw_image/f582005153c/999b059f60e79e58836fc/med_1544760276_sport2.png","visible":true}],"communities":[{"id":12,"title":"Sports","permalink":"sports","subscriptions_count":10057526,"big_image_url":"https://coub-anubis-a.akamaized.net/coub_storage/category/cw_image/f582005153c/999b059f60e79e58836fc/big_1544760276_sport2.png","small_image_url":"https://coub-anubis-a.akamaized.net/coub_storage/category/cw_image/f582005153c/999b059f60e79e58836fc/small_1544760276_sport2.png","med_image_url":"https://coub-anubis-a.akamaized.net/coub_storage/category/cw_image/f582005153c/999b059f60e79e58836fc/med_1544760276_sport2.png","i_subscribed":true,"community_notifications_enabled":null,"description":null}],"recoubs_count":1861,"remixes_count":4,"likes_count":6917,"dislikes_count":0,"raw_video_id":685029,"uploaded_by_ios_app":false,"uploaded_by_android_app":false,"media_blocks":{"uploaded_raw_videos":[],"external_raw_videos":[{"id":11340990,"title":"McDonald`s GOL! FIFA World Cup Brasil 2014","url":"http://www.youtube.com/watch?v=Smh0QXSmF-A","image":"https://coub-anubis-a.akamaized.net/coub_storage/media_block/cw_image/6ef7f1f1da7/b6ee1388b0fd6a978a20b/1492473808_1407442262_1402067268_1d9tpmd_att-url-download.jpg","image_retina":"https://coub-anubis-a.akamaized.net/coub_storage/media_block/cw_image/6ef7f1f1da7/b6ee1388b0fd6a978a20b/1492473808_1407442262_1402067268_1d9tpmd_att-url-download.jpg","meta":{"service":"Youtube","duration":"110.36"},"duration":110.36,"raw_video_id":685029,"has_embed":true}],"remixed_from_coubs":[],"audio_track":{"id":19307743,"title":"Boogie","url":"https://geo.itunes.apple.com/us/album/boogie/id314874568?i=314874577&uo=4&at=10l5bB&app=music","image":"https://coub-anubis-a.akamaized.net/coub_storage/media_block/cw_image/7264fd90baa/510a67f860e88d78af40f/1492069897_1471289963_1402562273_1xaiofa_att-url-download.jpg","image_retina":"https://coub-anubis-a.akamaized.net/coub_storage/media_block/cw_image/7264fd90baa/510a67f860e88d78af40f/1492069897_1471289963_1402562273_1xaiofa_att-url-download.jpg","meta":{"year":null,"album":null,"title":"Boogie","artist":"Uptown Funk Empire","echonest_id":null},"duration":null,"amazon_url":null,"google_play_url":null,"bandcamp_url":null,"soundcloud_url":null,"track_name":null,"track_artist":null,"track_album":null,"itunes_url":"https://geo.itunes.apple.com/us/album/boogie/id314874568?i=314874577&uo=4&at=10l5bB&app=music"},"external_video":{"id":11340990,"title":"McDonald`s GOL! FIFA World Cup Brasil 2014","url":"http://www.youtube.com/watch?v=Smh0QXSmF-A","image":"https://coub-anubis-a.akamaized.net/coub_storage/media_block/cw_image/6ef7f1f1da7/b6ee1388b0fd6a978a20b/1492473808_1407442262_1402067268_1d9tpmd_att-url-download.jpg","image_retina":"https://coub-anubis-a.akamaized.net/coub_storage/media_block/cw_image/6ef7f1f1da7/b6ee1388b0fd6a978a20b/1492473808_1407442262_1402067268_1d9tpmd_att-url-download.jpg","meta":{"service":"Youtube","duration":"110.36"},"duration":110.36,"raw_video_id":685029,"has_embed":true}},"raw_video_thumbnail_url":"/missing/missing.png","raw_video_title":"McDonald`s GOL! FIFA World Cup Brasil 2014","video_block_banned":false,"duration":4.16,"promo_winner":false,"promo_winner_recoubers":null,"editorial_info":{},"promo_hint":null,"beeline_best_2014":null,"from_web_editor":true,"normalize_sound":true,"normalize_change_allowed":true,"best2015_addable":false,"ahmad_promo":null,"promo_data":null,"audio_copyright_claim":null,"ads_disabled":null,"is_safe_for_ads":true,"megafon_contents":[],"position_on_page":8},{"flag":null,"abuses":null,"recoubs_by_users_channels":null,"favourite":false,"promoted_id":null,"recoub":null,"like":null,"dislike":null,"reaction":null,"in_my_best2015":false,"id":108910336,"type":"Coub::Simple","permalink":"1sfp27","title":"Fly!","visibility_type":"public","original_visibility_type":"public","channel_id":3436940,"created_at":"2019-04-15T15:46:57Z","updated_at":"2022-03-15T19:26:13Z","is_done":true,"views_count":304061,"cotd":null,"cotd_at":null,"visible_on_explore_root":false,"visible_on_explore":false,"featured":false,"published":true,"published_at":"2019-04-15T15:46:57Z","reversed":false,"from_editor_v2":true,"is_editable":true,"original_sound":false,"has_sound":false,"recoub_to":null,"file_versions":{"html5":{"video":{"higher":{"url":"https://coub-anubis-a.akamaized.net/coub_storage/coub/simple/cw_file/80947a405c9/878b4a9f36907bf8cef77/muted_mp4_huge_size_1568918223_muted_huge.mp4","size":5036390},"high":{"url":"https://coub-anubis-a.akamaized.net/coub_storage/coub/simple/cw_file/80947a405c9/878b4a9f36907bf8cef77/muted_mp4_big_size_1568918223_muted_big.mp4","size":3336425},"med":{"url":"https://coub-anubis-a.akamaized.net/coub_storage/coub/simple/cw_file/80947a405c9/878b4a9f36907bf8cef77/muted_mp4_med_size_1568918223_muted_med.mp4","size":990456}},"audio":{"high":{"url":"https://coub-anubis-a.akamaized.net/coub_storage/coub/simple/cw_looped_audio_high/6a8eb38f4aa/1e7794031a8936149774a/1605684104_high_1555343253_high.mp3","size":2370750},"med":{"url":"https://coub-anubis-a.akamaized.net/coub_storage/coub/simple/cw_looped_audio_med/59617be4006/5e0f4e21696cffdf4957f/1605684104_med_1555343253_med.mp3","size":1995358}}},"mobile":{"video":"https://coub-anubis-a.akamaized.net/coub_storage/coub/simple/cw_file/80947a405c9/878b4a9f36907bf8cef77/muted_mp4_med_size_1568918223_muted_med.mp4","audio":["https://coub-anubis-a.akamaized.net/coub_storage/coub/simple/cw_looped_audio_med/59617be4006/5e0f4e21696cffdf4957f/1605684104_med_1555343253_med.mp3"]},"share":{"default":"https://coub-anubis-a.akamaized.net/coub_storage/coub/simple/cw_video_for_sharing/df12f5111e6/d0d17b85122eb0fcc66e2/1608882869_looped_1608882867.mp4"}},"audio_versions":{"template":"https://coub-anubis-a.akamaized.net/coub_storage/audio_track/cw_normalized_copy/cc8bc920a69/4d050faf769d3f8d1e041/mid_1555343243_normalized_1555343228_18ropha_edited.mp3","versions":["mid","low"]},"image_versions":{"template":"https://coub-anubis-a.akamaized.net/coub_storage/coub/simple/cw_image/81d161f6c07/3d047315fb1d2423de070/1555343269_00032.jpg","versions":["micro","tiny","age_restricted","ios_large","ios_mosaic","big","med","small","pinterest"]},"first_frame_versions":{"template":"https://coub-anubis-a.akamaized.net/coub_storage/coub/simple/cw_timeline_pic/10c3e1867cc/cad9bd7ba459b1c77ddd1/%{version}_1555343268_image.jpg","versions":["big","med","small","ios_large"]},"dimensions":{"big":[1280,718],"med":[640,358]},"site_w_h":[640,359],"page_w_h":[640,359],"site_w_h_small":[310,174],"size":[1280,718],"age_restricted":false,"age_restricted_by_admin":false,"not_safe_for_work":false,"allow_reuse":false,"dont_crop":false,"banned":false,"global_safe":true,"audio_file_url":"https://coub-anubis-a.akamaized.net/coub_storage/audio_track/cw_normalized_copy/cc8bc920a69/4d050faf769d3f8d1e041/low_1555343243_normalized_1555343228_18ropha_edited.mp3","external_download":false,"application":null,"channel":{"id":3436940,"permalink":"orreo000","title":"ORREO","description":null,"followers_count":79,"following_count":10,"avatar_versions":{"template":"https://coub-anubis-a.akamaized.net/coub_storage/channel/cw_avatar/059911952a9/43bd2af9264572b02076c/%{version}_1607426655_l5uwhr_1487012258_ji5d9c_128057518.jpg","versions":["medium","medium_2x","profile_pic","profile_pic_new","profile_pic_new_2x","tiny","tiny_2x","small","small_2x","ios_large","ios_small"]}},"file":null,"picture":"https://coub-anubis-a.akamaized.net/coub_storage/coub/simple/cw_image/81d161f6c07/3d047315fb1d2423de070/1555343269_00032.jpg","timeline_picture":"https://coub-anubis-a.akamaized.net/coub_storage/coub/simple/cw_timeline_pic/10c3e1867cc/cad9bd7ba459b1c77ddd1/ios_large_1555343268_image.jpg","small_picture":"https://coub-anubis-a.akamaized.net/coub_storage/coub/simple/cw_image/81d161f6c07/3d047315fb1d2423de070/1555343269_00032.jpg","sharing_picture":null,"percent_done":100,"tags":[{"id":1598861,"title":"tiktok","value":"tiktok"},{"id":24375,"title":"skiing","value":"skiing"},{"id":5318,"title":"snow","value":"snow"},{"id":20705,"title":"hill","value":"hill"},{"id":4289,"title":"ski","value":"ski"}],"categories":[{"id":12,"title":"Sports","permalink":"sports","subscriptions_count":10057526,"big_image_url":"https://coub-anubis-a.akamaized.net/coub_storage/category/cw_image/f582005153c/999b059f60e79e58836fc/big_1544760276_sport2.png","small_image_url":"https://coub-anubis-a.akamaized.net/coub_storage/category/cw_image/f582005153c/999b059f60e79e58836fc/small_1544760276_sport2.png","med_image_url":"https://coub-anubis-a.akamaized.net/coub_storage/category/cw_image/f582005153c/999b059f60e79e58836fc/med_1544760276_sport2.png","visible":true}],"communities":[{"id":12,"title":"Sports","permalink":"sports","subscriptions_count":10057526,"big_image_url":"https://coub-anubis-a.akamaized.net/coub_storage/category/cw_image/f582005153c/999b059f60e79e58836fc/big_1544760276_sport2.png","small_image_url":"https://coub-anubis-a.akamaized.net/coub_storage/category/cw_image/f582005153c/999b059f60e79e58836fc/small_1544760276_sport2.png","med_image_url":"https://coub-anubis-a.akamaized.net/coub_storage/category/cw_image/f582005153c/999b059f60e79e58836fc/med_1544760276_sport2.png","i_subscribed":true,"community_notifications_enabled":null,"description":null}],"recoubs_count":1346,"remixes_count":3,"likes_count":6904,"dislikes_count":0,"raw_video_id":"","uploaded_by_ios_app":false,"uploaded_by_android_app":false,"media_blocks":{"uploaded_raw_videos":[],"external_raw_videos":[],"remixed_from_coubs":[{"id":31381029,"title":"Man going down ski hill flapping his arms.","url":"https://coub.com/coubs/1sef9s/remix","image":"https://coub-anubis-a.akamaized.net/coub_storage/media_block/cw_image/868584d7cb0/712ee4387217a79b52d46/1555281227_1628ypb_1555281215_00032.jpg","image_retina":"https://coub-anubis-a.akamaized.net/coub_storage/media_block/cw_image/868584d7cb0/712ee4387217a79b52d46/1555281227_1628ypb_1555281215_00032.jpg","meta":{"duration":"10.0"},"duration":null,"coub_channel_title":"Takumi","coub_channel_permalink":"takumi19","coub_views_count":83302,"coub_permalink":"1sef9s"}]},"raw_video_thumbnail_url":"","raw_video_title":"","video_block_banned":false,"duration":10.0,"promo_winner":false,"promo_winner_recoubers":null,"editorial_info":{},"promo_hint":null,"beeline_best_2014":null,"from_web_editor":true,"normalize_sound":true,"normalize_change_allowed":true,"best2015_addable":false,"ahmad_promo":null,"promo_data":null,"audio_copyright_claim":null,"ads_disabled":false,"is_safe_for_ads":true,"megafon_contents":[],"position_on_page":9},{"flag":null,"abuses":null,"recoubs_by_users_channels":null,"favourite":false,"promoted_id":null,"recoub":null,"like":null,"dislike":null,"reaction":null,"in_my_best2015":false,"id":98533529,"type":"Coub::Simple","permalink":"1m9a7j","title":"Paul George!","visibility_type":"public","original_visibility_type":"public","channel_id":5051292,"created_at":"2019-01-18T18:46:01Z","updated_at":"2022-03-09T11:21:15Z","is_done":true,"views_count":255296,"cotd":null,"cotd_at":null,"visible_on_explore_root":true,"visible_on_explore":true,"featured":true,"published":true,"published_at":"2019-01-18T18:46:01Z","reversed":false,"from_editor_v2":true,"is_editable":true,"original_sound":false,"has_sound":false,"recoub_to":null,"file_versions":{"html5":{"video":{"higher":{"url":"https://coub-anubis-a.akamaized.net/coub_storage/coub/simple/cw_file/9d135dccf17/14af18ee81b639f882e44/muted_mp4_huge_size_1570149972_muted_huge.mp4","size":6528386},"high":{"url":"https://coub-anubis-a.akamaized.net/coub_storage/coub/simple/cw_file/9d135dccf17/14af18ee81b639f882e44/muted_mp4_big_size_1570149972_muted_big.mp4","size":5033837},"med":{"url":"https://coub-anubis-a.akamaized.net/coub_storage/coub/simple/cw_file/9d135dccf17/14af18ee81b639f882e44/muted_mp4_med_size_1570149972_muted_med.mp4","size":1510029}},"audio":{"high":{"url":"https://coub-anubis-a.akamaized.net/coub_storage/coub/simple/cw_looped_audio_high/4fa761d3198/18c4cf527f4c3ed43cb02/1605667560_high_1547837234_high.mp3","size":4843019},"med":{"url":"https://coub-anubis-a.akamaized.net/coub_storage/coub/simple/cw_looped_audio_med/330337bea3b/daf0f45a618e9a0d3807f/1605667559_med_1547837234_med.mp3","size":3555074}}},"mobile":{"video":"https://coub-anubis-a.akamaized.net/coub_storage/coub/simple/cw_file/9d135dccf17/14af18ee81b639f882e44/muted_mp4_med_size_1570149972_muted_med.mp4","audio":["https://coub-anubis-a.akamaized.net/coub_storage/coub/simple/cw_looped_audio_med/330337bea3b/daf0f45a618e9a0d3807f/1605667559_med_1547837234_med.mp3"]},"share":{"default":"https://coub-anubis-a.akamaized.net/coub_storage/coub/simple/cw_video_for_sharing/a7adf2bdd40/548f573ff1e888a84f6c0/1608336341_looped_1608336339.mp4"}},"audio_versions":{"template":"https://coub-anubis-a.akamaized.net/coub_storage/audio_track/cw_normalized_copy/6f4941a8cae/67a6ce7eb76ea1f5d6d33/mid_1547837216_normalized_1547837188_ll9zdv_edited.mp3","versions":["mid","low"]},"image_versions":{"template":"https://coub-anubis-a.akamaized.net/coub_storage/coub/simple/cw_image/e8a2dce8c8f/6c71d6c9df480ed491b1a/1547837252_00032.jpg","versions":["micro","tiny","age_restricted","ios_large","ios_mosaic","big","med","small","pinterest"]},"first_frame_versions":{"template":"https://coub-anubis-a.akamaized.net/coub_storage/coub/simple/cw_timeline_pic/5b98527b00f/8d58ac9da3c86dda83841/1547837251_image.jpg","versions":["big","med","small","ios_large"]},"dimensions":{"big":[1280,720],"med":[640,360]},"site_w_h":[640,360],"page_w_h":[640,360],"site_w_h_small":[310,174],"size":[1280,720],"age_restricted":false,"age_restricted_by_admin":false,"not_safe_for_work":false,"allow_reuse":false,"dont_crop":false,"banned":false,"global_safe":true,"audio_file_url":"https://coub-anubis-a.akamaized.net/coub_storage/audio_track/cw_normalized_copy/6f4941a8cae/67a6ce7eb76ea1f5d6d33/low_1547837216_normalized_1547837188_ll9zdv_edited.mp3","external_download":{"type":"Youtube","service_name":"YouTube","url":"https://www.youtube.com/watch?v=3E0zAT9fNkY","has_embed":true},"application":null,"channel":{"id":5051292,"permalink":"ffb84106","title":"ffb","description":null,"followers_count":242,"following_count":146,"avatar_versions":{"template":"https://coub-anubis-a.akamaized.net/coub_storage/channel/cw_avatar/f581e2d8110/b05139dd535aa7dbc5c51/%{version}_1608029897_20afdr_1547479876_filename.jpeg","versions":["medium","medium_2x","profile_pic","profile_pic_new","profile_pic_new_2x","tiny","tiny_2x","small","small_2x","ios_large","ios_small"]}},"file":null,"picture":"https://coub-anubis-a.akamaized.net/coub_storage/coub/simple/cw_image/e8a2dce8c8f/6c71d6c9df480ed491b1a/1547837252_00032.jpg","timeline_picture":"https://coub-anubis-a.akamaized.net/coub_storage/coub/simple/cw_timeline_pic/5b98527b00f/8d58ac9da3c86dda83841/1547837251_image.jpg","small_picture":"https://coub-anubis-a.akamaized.net/coub_storage/coub/simple/cw_image/e8a2dce8c8f/6c71d6c9df480ed491b1a/1547837252_00032.jpg","sharing_picture":null,"percent_done":100,"tags":[{"id":1273,"title":"nba","value":"nba"},{"id":8726,"title":"highlights","value":"highlights"},{"id":5431,"title":"basketball","value":"basketball"},{"id":1126,"title":"amazing","value":"amazing"},{"id":2602,"title":"big","value":"big"},{"id":665,"title":"sports","value":"sports"},{"id":4617121,"title":"paul george (basketball player)","value":"paul%20george%20(basketball%20player)"},{"id":625872,"title":"three-point field goal","value":"three-point%20field%20goal"},{"id":184638,"title":"indiana pacers","value":"indiana%20pacers"},{"id":266,"title":"deep","value":"deep"},{"id":194056,"title":"half court","value":"half%20court"},{"id":4109277,"title":"detroit pistons (basketball team)","value":"detroit%20pistons%20(basketball%20team)"},{"id":25596,"title":"replay","value":"replay"},{"id":404383,"title":"3 pointer","value":"3%20pointer"},{"id":163616,"title":"long distance","value":"long%20distance"},{"id":18599,"title":"range","value":"range"},{"id":3032897,"title":"nba tv (tv network)","value":"nba%20tv%20(tv%20network)"}],"categories":[{"id":12,"title":"Sports","permalink":"sports","subscriptions_count":10057526,"big_image_url":"https://coub-anubis-a.akamaized.net/coub_storage/category/cw_image/f582005153c/999b059f60e79e58836fc/big_1544760276_sport2.png","small_image_url":"https://coub-anubis-a.akamaized.net/coub_storage/category/cw_image/f582005153c/999b059f60e79e58836fc/small_1544760276_sport2.png","med_image_url":"https://coub-anubis-a.akamaized.net/coub_storage/category/cw_image/f582005153c/999b059f60e79e58836fc/med_1544760276_sport2.png","visible":true}],"communities":[{"id":12,"title":"Sports","permalink":"sports","subscriptions_count":10057526,"big_image_url":"https://coub-anubis-a.akamaized.net/coub_storage/category/cw_image/f582005153c/999b059f60e79e58836fc/big_1544760276_sport2.png","small_image_url":"https://coub-anubis-a.akamaized.net/coub_storage/category/cw_image/f582005153c/999b059f60e79e58836fc/small_1544760276_sport2.png","med_image_url":"https://coub-anubis-a.akamaized.net/coub_storage/category/cw_image/f582005153c/999b059f60e79e58836fc/med_1544760276_sport2.png","i_subscribed":true,"community_notifications_enabled":null,"description":null}],"recoubs_count":1017,"remixes_count":2,"likes_count":6890,"dislikes_count":0,"raw_video_id":13062664,"uploaded_by_ios_app":false,"uploaded_by_android_app":false,"media_blocks":{"uploaded_raw_videos":[],"external_raw_videos":[{"id":30081564,"title":"Paul George Drains the Deep 3 Pointer!","url":"https://www.youtube.com/watch?v=3E0zAT9fNkY","image":"https://coub-anubis-a.akamaized.net/coub_storage/media_block/cw_image/ae17b549cff/99b7714cf886b964e9e25/1547836671_19wovqm_1547836660_1uexomv_att-url-download.jpg","image_retina":"https://coub-anubis-a.akamaized.net/coub_storage/media_block/cw_image/ae17b549cff/99b7714cf886b964e9e25/1547836671_19wovqm_1547836660_1uexomv_att-url-download.jpg","meta":{"service":"Youtube","duration":"33.84"},"duration":33.84,"raw_video_id":13062664,"has_embed":true}],"remixed_from_coubs":[],"external_video":{"id":30081564,"title":"Paul George Drains the Deep 3 Pointer!","url":"https://www.youtube.com/watch?v=3E0zAT9fNkY","image":"https://coub-anubis-a.akamaized.net/coub_storage/media_block/cw_image/ae17b549cff/99b7714cf886b964e9e25/1547836671_19wovqm_1547836660_1uexomv_att-url-download.jpg","image_retina":"https://coub-anubis-a.akamaized.net/coub_storage/media_block/cw_image/ae17b549cff/99b7714cf886b964e9e25/1547836671_19wovqm_1547836660_1uexomv_att-url-download.jpg","meta":{"service":"Youtube","duration":"33.84"},"duration":33.84,"raw_video_id":13062664,"has_embed":true}},"raw_video_thumbnail_url":"/missing/missing.png","raw_video_title":"Paul George Drains the Deep 3 Pointer!","video_block_banned":false,"duration":10.0,"promo_winner":false,"promo_winner_recoubers":null,"editorial_info":{},"promo_hint":null,"beeline_best_2014":null,"from_web_editor":true,"normalize_sound":true,"normalize_change_allowed":true,"best2015_addable":false,"ahmad_promo":null,"promo_data":null,"audio_copyright_claim":null,"ads_disabled":false,"is_safe_for_ads":true,"megafon_contents":[],"position_on_page":10}]}