{"page":440,"per_page":10,"total_pages":500,"coubs":[{"flag":null,"abuses":null,"recoubs_by_users_channels":null,"favourite":false,"promoted_id":null,"recoub":null,"like":null,"dislike":null,"reaction":null,"in_my_best2015":false,"id":177140183,"type":"Coub::Simple","permalink":"2x495f","title":"Сальто на одной наге","visibility_type":"public","original_visibility_type":"public","channel_id":12578355,"created_at":"2021-10-16T07:08:57Z","updated_at":"2022-02-14T01:25:50Z","is_done":true,"views_count":4623,"cotd":null,"cotd_at":null,"visible_on_explore_root":false,"visible_on_explore":false,"featured":false,"published":true,"published_at":"2021-10-16T07:08:57Z","reversed":false,"from_editor_v2":true,"is_editable":true,"original_sound":false,"has_sound":false,"recoub_to":null,"file_versions":{"html5":{"video":{"higher":{"url":"https://coub-anubis-a.akamaized.net/coub_storage/coub/simple/cw_file/cb225402fb8/6d8672aeb11655ec89fdd/muted_mp4_huge_size_1634368142_muted_huge.mp4","size":4438762},"high":{"url":"https://coub-anubis-a.akamaized.net/coub_storage/coub/simple/cw_file/cb225402fb8/6d8672aeb11655ec89fdd/muted_mp4_big_size_1634368142_muted_big.mp4","size":2621690},"med":{"url":"https://coub-anubis-a.akamaized.net/coub_storage/coub/simple/cw_file/cb225402fb8/6d8672aeb11655ec89fdd/muted_mp4_med_size_1634368142_muted_med.mp4","size":929534}},"audio":{"high":{"url":"https://coub-anubis-a.akamaized.net/coub_storage/coub/simple/cw_looped_audio_high/44fadbfb21c/6e06b286d3d7ecda7e945/1634368169_mp3-high.mp3","size":4560169},"med":{"url":"https://coub-anubis-a.akamaized.net/coub_storage/coub/simple/cw_looped_audio_med/793f5b98e0d/785b0dae5e0dbe0f8f55b/1634368166_mp3-med.mp3","size":3248785}}},"mobile":{"video":"https://coub-anubis-a.akamaized.net/coub_storage/coub/simple/cw_file/cb225402fb8/6d8672aeb11655ec89fdd/muted_mp4_med_size_1634368142_muted_med.mp4","audio":["https://coub-anubis-a.akamaized.net/coub_storage/coub/simple/cw_looped_audio_med/793f5b98e0d/785b0dae5e0dbe0f8f55b/1634368166_mp3-med.mp3"]},"share":{"default":"https://coub-anubis-a.akamaized.net/coub_storage/coub/simple/cw_video_for_sharing/8d6efd57573/5d9b22196931e2f04f192/1634368212_looped_1634368211.mp4"}},"audio_versions":{"template":"https://coub-anubis-a.akamaized.net/coub_storage/audio_track/cw_normalized_copy/48478bda4cb/e8bd3f6119a8804bcd10c/mid_1634368153_normalized_1634368065_audio.mp3","versions":["mid","low"]},"image_versions":{"template":"https://coub-anubis-a.akamaized.net/coub_storage/coub/simple/cw_image/c0adef96329/2b5372d3e55c66f08c821/%{version}_1634368174_00032.jpg","versions":["micro","tiny","age_restricted","ios_large","ios_mosaic","big","med","small","pinterest"]},"first_frame_versions":{"template":"https://coub-anubis-a.akamaized.net/coub_storage/coub/simple/cw_timeline_pic/46dd025feb7/23846d70ff3c555f0ff4d/%{version}_1634368174_image.jpg","versions":["big","med","small","ios_large"]},"dimensions":{"big":[960,960],"med":[480,480]},"site_w_h":[400,400],"page_w_h":[400,400],"site_w_h_small":[310,310],"size":[960,960],"age_restricted":false,"age_restricted_by_admin":false,"not_safe_for_work":null,"allow_reuse":false,"dont_crop":true,"banned":false,"global_safe":null,"audio_file_url":"https://coub-anubis-a.akamaized.net/coub_storage/audio_track/cw_normalized_copy/48478bda4cb/e8bd3f6119a8804bcd10c/low_1634368153_normalized_1634368065_audio.mp3","external_download":false,"application":null,"channel":{"id":12578355,"permalink":"can12131340","title":"can121","description":null,"followers_count":2,"following_count":8,"avatar_versions":{"template":"https://coub-anubis-a.akamaized.net/coub_storage/channel/cw_avatar/3f90f3d1970/8918ced528a82b73e4fa3/%{version}_1634344665_1484d25eca3e166b4a28d97ce466be53.jpg","versions":["medium","medium_2x","profile_pic","profile_pic_new","profile_pic_new_2x","tiny","tiny_2x","small","small_2x","ios_large","ios_small"]}},"file":null,"picture":"https://coub-anubis-a.akamaized.net/coub_storage/coub/simple/cw_image/c0adef96329/2b5372d3e55c66f08c821/med_1634368174_00032.jpg","timeline_picture":"https://coub-anubis-a.akamaized.net/coub_storage/coub/simple/cw_timeline_pic/46dd025feb7/23846d70ff3c555f0ff4d/ios_large_1634368174_image.jpg","small_picture":"https://coub-anubis-a.akamaized.net/coub_storage/coub/simple/cw_image/c0adef96329/2b5372d3e55c66f08c821/ios_mosaic_1634368174_00032.jpg","sharing_picture":null,"percent_done":100,"tags":[],"categories":[{"id":115,"title":"Stand-up & Jokes","permalink":"standup-jokes","subscriptions_count":2029964,"big_image_url":"https://coub-anubis-a.akamaized.net/coub_storage/category/cw_image/e705818f6da/2d68d0903305d728e1d5b/big_1622039112_Stand-up.png","small_image_url":"https://coub-anubis-a.akamaized.net/coub_storage/category/cw_image/e705818f6da/2d68d0903305d728e1d5b/small_1622039112_Stand-up.png","med_image_url":"https://coub-anubis-a.akamaized.net/coub_storage/category/cw_image/e705818f6da/2d68d0903305d728e1d5b/med_1622039112_Stand-up.png","visible":true}],"communities":[{"id":115,"title":"Stand-up & Jokes","permalink":"standup-jokes","subscriptions_count":2029964,"big_image_url":"https://coub-anubis-a.akamaized.net/coub_storage/category/cw_image/e705818f6da/2d68d0903305d728e1d5b/big_1622039112_Stand-up.png","small_image_url":"https://coub-anubis-a.akamaized.net/coub_storage/category/cw_image/e705818f6da/2d68d0903305d728e1d5b/small_1622039112_Stand-up.png","med_image_url":"https://coub-anubis-a.akamaized.net/coub_storage/category/cw_image/e705818f6da/2d68d0903305d728e1d5b/med_1622039112_Stand-up.png","i_subscribed":true,"community_notifications_enabled":null,"description":null}],"recoubs_count":0,"remixes_count":0,"likes_count":10,"dislikes_count":0,"raw_video_id":16848701,"uploaded_by_ios_app":false,"uploaded_by_android_app":false,"media_blocks":{"uploaded_raw_videos":[],"external_raw_videos":[],"remixed_from_coubs":[]},"raw_video_thumbnail_url":"https://coub-anubis-a.akamaized.net/coub_storage/raw_video/cw_image/25c1d579790/f4f4e8ef6ef0b277e9281/coub_media_1634367985_image.jpg","raw_video_title":"17________________________.mp4","video_block_banned":false,"duration":10.0,"promo_winner":false,"promo_winner_recoubers":null,"editorial_info":{},"promo_hint":null,"beeline_best_2014":null,"from_web_editor":true,"normalize_sound":true,"normalize_change_allowed":true,"best2015_addable":false,"ahmad_promo":null,"promo_data":null,"audio_copyright_claim":null,"ads_disabled":null,"is_safe_for_ads":true,"megafon_contents":[],"position_on_page":1},{"flag":null,"abuses":null,"recoubs_by_users_channels":null,"favourite":false,"promoted_id":null,"recoub":null,"like":null,"dislike":null,"reaction":null,"in_my_best2015":false,"id":177075178,"type":"Coub::Simple","permalink":"2x2uzq","title":"Сны в которых я репер","visibility_type":"public","original_visibility_type":"public","channel_id":10863287,"created_at":"2021-10-14T21:41:10Z","updated_at":"2021-10-21T04:43:17Z","is_done":true,"views_count":5804,"cotd":null,"cotd_at":null,"visible_on_explore_root":false,"visible_on_explore":false,"featured":false,"published":true,"published_at":"2021-10-14T21:41:10Z","reversed":false,"from_editor_v2":true,"is_editable":true,"original_sound":true,"has_sound":true,"recoub_to":null,"file_versions":{"html5":{"video":{"higher":{"url":"https://coub-anubis-a.akamaized.net/coub_storage/coub/simple/cw_file/dc239923eb6/8fbaf140fd274b1a9e0ed/muted_mp4_huge_size_1634247733_muted_huge.mp4","size":463702},"high":{"url":"https://coub-anubis-a.akamaized.net/coub_storage/coub/simple/cw_file/dc239923eb6/8fbaf140fd274b1a9e0ed/muted_mp4_big_size_1634247733_muted_big.mp4","size":322769},"med":{"url":"https://coub-anubis-a.akamaized.net/coub_storage/coub/simple/cw_file/dc239923eb6/8fbaf140fd274b1a9e0ed/muted_mp4_med_size_1634247733_muted_med.mp4","size":106207}},"audio":{"high":{"url":"https://coub-anubis-a.akamaized.net/coub_storage/coub/simple/cw_looped_audio_high/1779c209e53/031182856f74b2b472aab/1634247735_mp3-high.mp3","size":940381},"med":{"url":"https://coub-anubis-a.akamaized.net/coub_storage/coub/simple/cw_looped_audio_med/14d64169363/7d70eb1580564d1d4b2a3/1634247734_mp3-med.mp3","size":799076},"sample_duration":10.008}},"mobile":{"video":"https://coub-anubis-a.akamaized.net/coub_storage/coub/simple/cw_file/dc239923eb6/8fbaf140fd274b1a9e0ed/muted_mp4_med_size_1634247733_muted_med.mp4","audio":["https://coub-anubis-a.akamaized.net/coub_storage/coub/simple/cw_looped_audio_med/14d64169363/7d70eb1580564d1d4b2a3/1634247734_mp3-med.mp3"]},"share":{"default":"https://coub-anubis-a.akamaized.net/coub_storage/coub/simple/cw_video_for_sharing/fc8030fc522/34b98a6b2f8a94a3b1aa4/1634247755_looped_1634247755.mp4"}},"audio_versions":{},"image_versions":{"template":"https://coub-anubis-a.akamaized.net/coub_storage/coub/simple/cw_image/fc516f9dac9/bac30776a270c650aa848/%{version}_1634247738_00032.jpg","versions":["micro","tiny","age_restricted","ios_large","ios_mosaic","big","med","small","pinterest"]},"first_frame_versions":{"template":"https://coub-anubis-a.akamaized.net/coub_storage/coub/simple/cw_timeline_pic/832a29230f4/578cc98da673e79a031c5/%{version}_1634247737_image.jpg","versions":["big","med","small","ios_large"]},"dimensions":{"big":[1280,720],"med":[640,360]},"site_w_h":[640,360],"page_w_h":[640,360],"site_w_h_small":[310,174],"size":[1280,720],"age_restricted":false,"age_restricted_by_admin":false,"not_safe_for_work":null,"allow_reuse":false,"dont_crop":true,"banned":false,"global_safe":null,"audio_file_url":null,"external_download":{"type":"Youtube","service_name":"YouTube","url":"https://www.youtube.com/watch?v=-kXJvI4flpo&t=132s","has_embed":true},"application":null,"channel":{"id":10863287,"permalink":"stalkermod","title":"STALKERMOD","description":null,"followers_count":126,"following_count":116,"avatar_versions":{"template":"https://coub-anubis-a.akamaized.net/coub_storage/channel/cw_avatar/cc981d5063a/4bf4c7393beede39ab444/%{version}_1617547225_ss_user_02-13-14_21-49-41__l07_military_.jpg","versions":["medium","medium_2x","profile_pic","profile_pic_new","profile_pic_new_2x","tiny","tiny_2x","small","small_2x","ios_large","ios_small"]}},"file":null,"picture":"https://coub-anubis-a.akamaized.net/coub_storage/coub/simple/cw_image/fc516f9dac9/bac30776a270c650aa848/med_1634247738_00032.jpg","timeline_picture":"https://coub-anubis-a.akamaized.net/coub_storage/coub/simple/cw_timeline_pic/832a29230f4/578cc98da673e79a031c5/ios_large_1634247737_image.jpg","small_picture":"https://coub-anubis-a.akamaized.net/coub_storage/coub/simple/cw_image/fc516f9dac9/bac30776a270c650aa848/ios_mosaic_1634247738_00032.jpg","sharing_picture":null,"percent_done":100,"tags":[],"categories":[{"id":115,"title":"Stand-up & Jokes","permalink":"standup-jokes","subscriptions_count":2029964,"big_image_url":"https://coub-anubis-a.akamaized.net/coub_storage/category/cw_image/e705818f6da/2d68d0903305d728e1d5b/big_1622039112_Stand-up.png","small_image_url":"https://coub-anubis-a.akamaized.net/coub_storage/category/cw_image/e705818f6da/2d68d0903305d728e1d5b/small_1622039112_Stand-up.png","med_image_url":"https://coub-anubis-a.akamaized.net/coub_storage/category/cw_image/e705818f6da/2d68d0903305d728e1d5b/med_1622039112_Stand-up.png","visible":true}],"communities":[{"id":115,"title":"Stand-up & Jokes","permalink":"standup-jokes","subscriptions_count":2029964,"big_image_url":"https://coub-anubis-a.akamaized.net/coub_storage/category/cw_image/e705818f6da/2d68d0903305d728e1d5b/big_1622039112_Stand-up.png","small_image_url":"https://coub-anubis-a.akamaized.net/coub_storage/category/cw_image/e705818f6da/2d68d0903305d728e1d5b/small_1622039112_Stand-up.png","med_image_url":"https://coub-anubis-a.akamaized.net/coub_storage/category/cw_image/e705818f6da/2d68d0903305d728e1d5b/med_1622039112_Stand-up.png","i_subscribed":true,"community_notifications_enabled":null,"description":null}],"recoubs_count":2,"remixes_count":0,"likes_count":10,"dislikes_count":0,"raw_video_id":16844738,"uploaded_by_ios_app":false,"uploaded_by_android_app":false,"media_blocks":{"uploaded_raw_videos":[],"external_raw_videos":[{"id":39849492,"title":"Геннадий горин тикток мемы #6","url":"https://www.youtube.com/watch?v=-kXJvI4flpo","image":"https://coub-anubis-a.akamaized.net/coub_storage/media_block/cw_image/b0e372f9966/c77ca2e994a77bbe2bd6b/video_1634236147_1p3ng6r_1634229567_1634229564_m52pmb_att-url-download.jpg_sqp_-oaymwEcCNACELwBSFXyq4qpAw4IARUAAIhCGAFwAcABBg___rs_AOn4CLDvTjScamPEnrgEDu5hyosy86pu3A","image_retina":"https://coub-anubis-a.akamaized.net/coub_storage/media_block/cw_image/b0e372f9966/c77ca2e994a77bbe2bd6b/video_retina_1634236147_1p3ng6r_1634229567_1634229564_m52pmb_att-url-download.jpg_sqp_-oaymwEcCNACELwBSFXyq4qpAw4IARUAAIhCGAFwAcABBg___rs_AOn4CLDvTjScamPEnrgEDu5hyosy86pu3A","meta":{"service":"Youtube","duration":"826.12"},"duration":826.12,"raw_video_id":16844738,"has_embed":true}],"remixed_from_coubs":[],"external_video":{"id":39849492,"title":"Геннадий горин тикток мемы #6","url":"https://www.youtube.com/watch?v=-kXJvI4flpo","image":"https://coub-anubis-a.akamaized.net/coub_storage/media_block/cw_image/b0e372f9966/c77ca2e994a77bbe2bd6b/video_1634236147_1p3ng6r_1634229567_1634229564_m52pmb_att-url-download.jpg_sqp_-oaymwEcCNACELwBSFXyq4qpAw4IARUAAIhCGAFwAcABBg___rs_AOn4CLDvTjScamPEnrgEDu5hyosy86pu3A","image_retina":"https://coub-anubis-a.akamaized.net/coub_storage/media_block/cw_image/b0e372f9966/c77ca2e994a77bbe2bd6b/video_retina_1634236147_1p3ng6r_1634229567_1634229564_m52pmb_att-url-download.jpg_sqp_-oaymwEcCNACELwBSFXyq4qpAw4IARUAAIhCGAFwAcABBg___rs_AOn4CLDvTjScamPEnrgEDu5hyosy86pu3A","meta":{"service":"Youtube","duration":"826.12"},"duration":826.12,"raw_video_id":16844738,"has_embed":true}},"raw_video_thumbnail_url":"https://coub-anubis-a.akamaized.net/coub_storage/raw_video/cw_image/6f6455a6141/99b18de74fc424ecb6a66/coub_media_1634229567_1634229564_m52pmb_att-url-download.jpg_sqp_-oaymwEcCNACELwBSFXyq4qpAw4IARUAAIhCGAFwAcABBg___rs_AOn4CLDvTjScamPEnrgEDu5hyosy86pu3A","raw_video_title":"Геннадий горин тикток мемы #6","video_block_banned":false,"duration":10.0,"promo_winner":false,"promo_winner_recoubers":null,"editorial_info":{},"promo_hint":null,"beeline_best_2014":null,"from_web_editor":true,"normalize_sound":true,"normalize_change_allowed":true,"best2015_addable":false,"ahmad_promo":null,"promo_data":null,"audio_copyright_claim":null,"ads_disabled":null,"is_safe_for_ads":true,"megafon_contents":[],"position_on_page":2},{"flag":null,"abuses":null,"recoubs_by_users_channels":null,"favourite":false,"promoted_id":null,"recoub":null,"like":null,"dislike":null,"reaction":null,"in_my_best2015":false,"id":176905033,"type":"Coub::Simple","permalink":"2wz7ph","title":"Нурлан","visibility_type":"public","original_visibility_type":"public","channel_id":7786226,"created_at":"2021-10-11T16:05:44Z","updated_at":"2022-02-19T18:59:44Z","is_done":true,"views_count":6919,"cotd":null,"cotd_at":null,"visible_on_explore_root":false,"visible_on_explore":false,"featured":false,"published":true,"published_at":"2021-10-11T16:05:44Z","reversed":false,"from_editor_v2":true,"is_editable":true,"original_sound":true,"has_sound":true,"recoub_to":null,"file_versions":{"html5":{"video":{"higher":{"url":"https://coub-anubis-a.akamaized.net/coub_storage/coub/simple/cw_file/9d498afe87b/6157da3fc7ccc582d5e41/muted_mp4_huge_size_1633968354_muted_huge.mp4","size":1092951},"high":{"url":"https://coub-anubis-a.akamaized.net/coub_storage/coub/simple/cw_file/9d498afe87b/6157da3fc7ccc582d5e41/muted_mp4_big_size_1633968354_muted_big.mp4","size":678460},"med":{"url":"https://coub-anubis-a.akamaized.net/coub_storage/coub/simple/cw_file/9d498afe87b/6157da3fc7ccc582d5e41/muted_mp4_med_size_1633968354_muted_med.mp4","size":229746}},"audio":{"high":{"url":"https://coub-anubis-a.akamaized.net/coub_storage/coub/simple/cw_looped_audio_high/7d598926972/c53fbf2b01e7d4ff5d10d/1633968357_mp3-high.mp3","size":950064},"med":{"url":"https://coub-anubis-a.akamaized.net/coub_storage/coub/simple/cw_looped_audio_med/f240e1baa98/1ff472480f741afe71848/1633968355_mp3-med.mp3","size":943697},"sample_duration":9.961}},"mobile":{"video":"https://coub-anubis-a.akamaized.net/coub_storage/coub/simple/cw_file/9d498afe87b/6157da3fc7ccc582d5e41/muted_mp4_med_size_1633968354_muted_med.mp4","audio":["https://coub-anubis-a.akamaized.net/coub_storage/coub/simple/cw_looped_audio_med/f240e1baa98/1ff472480f741afe71848/1633968355_mp3-med.mp3"]},"share":{"default":"https://coub-anubis-a.akamaized.net/coub_storage/coub/simple/cw_video_for_sharing/045cf669753/c84c8f046c3f73af82090/1633968388_looped_1633968387.mp4"}},"audio_versions":{},"image_versions":{"template":"https://coub-anubis-a.akamaized.net/coub_storage/coub/simple/cw_image/36fd7c01539/18dacbc64e78beb1394ef/%{version}_1633968364_00032.jpg","versions":["micro","tiny","age_restricted","ios_large","ios_mosaic","big","med","small","pinterest"]},"first_frame_versions":{"template":"https://coub-anubis-a.akamaized.net/coub_storage/coub/simple/cw_timeline_pic/3b6ae97ac85/1955a50c56dd1255d3a7a/%{version}_1633968363_image.jpg","versions":["big","med","small","ios_large"]},"dimensions":{"big":[538,960],"med":[268,480]},"site_w_h":[224,400],"page_w_h":[400,714],"site_w_h_small":[310,553],"size":[538,960],"age_restricted":false,"age_restricted_by_admin":false,"not_safe_for_work":false,"allow_reuse":false,"dont_crop":true,"banned":false,"global_safe":null,"audio_file_url":null,"external_download":false,"application":null,"channel":{"id":7786226,"permalink":"ea29f7bcb4e69df05771600df04a3f18","title":"Smeshnoy","description":null,"followers_count":72,"following_count":12,"avatar_versions":{"template":"https://coubsecureassets-a.akamaihd.net/assets/default-avatars/156-ebf955d49978adf24e1be0e975041ca276b703d449f1880e03fdd9487c2fb586.png"}},"file":null,"picture":"https://coub-anubis-a.akamaized.net/coub_storage/coub/simple/cw_image/36fd7c01539/18dacbc64e78beb1394ef/med_1633968364_00032.jpg","timeline_picture":"https://coub-anubis-a.akamaized.net/coub_storage/coub/simple/cw_timeline_pic/3b6ae97ac85/1955a50c56dd1255d3a7a/ios_large_1633968363_image.jpg","small_picture":"https://coub-anubis-a.akamaized.net/coub_storage/coub/simple/cw_image/36fd7c01539/18dacbc64e78beb1394ef/ios_mosaic_1633968364_00032.jpg","sharing_picture":null,"percent_done":100,"tags":[],"categories":[{"id":115,"title":"Stand-up & Jokes","permalink":"standup-jokes","subscriptions_count":2029964,"big_image_url":"https://coub-anubis-a.akamaized.net/coub_storage/category/cw_image/e705818f6da/2d68d0903305d728e1d5b/big_1622039112_Stand-up.png","small_image_url":"https://coub-anubis-a.akamaized.net/coub_storage/category/cw_image/e705818f6da/2d68d0903305d728e1d5b/small_1622039112_Stand-up.png","med_image_url":"https://coub-anubis-a.akamaized.net/coub_storage/category/cw_image/e705818f6da/2d68d0903305d728e1d5b/med_1622039112_Stand-up.png","visible":true}],"communities":[{"id":115,"title":"Stand-up & Jokes","permalink":"standup-jokes","subscriptions_count":2029964,"big_image_url":"https://coub-anubis-a.akamaized.net/coub_storage/category/cw_image/e705818f6da/2d68d0903305d728e1d5b/big_1622039112_Stand-up.png","small_image_url":"https://coub-anubis-a.akamaized.net/coub_storage/category/cw_image/e705818f6da/2d68d0903305d728e1d5b/small_1622039112_Stand-up.png","med_image_url":"https://coub-anubis-a.akamaized.net/coub_storage/category/cw_image/e705818f6da/2d68d0903305d728e1d5b/med_1622039112_Stand-up.png","i_subscribed":true,"community_notifications_enabled":null,"description":null}],"recoubs_count":0,"remixes_count":0,"likes_count":10,"dislikes_count":0,"raw_video_id":16836931,"uploaded_by_ios_app":false,"uploaded_by_android_app":true,"media_blocks":{"uploaded_raw_videos":[],"external_raw_videos":[],"remixed_from_coubs":[]},"raw_video_thumbnail_url":"/missing/missing.png","raw_video_title":null,"video_block_banned":false,"duration":10.0,"promo_winner":false,"promo_winner_recoubers":null,"editorial_info":{},"promo_hint":null,"beeline_best_2014":null,"from_web_editor":false,"normalize_sound":true,"normalize_change_allowed":true,"best2015_addable":false,"ahmad_promo":null,"promo_data":null,"audio_copyright_claim":null,"ads_disabled":false,"is_safe_for_ads":true,"megafon_contents":[],"position_on_page":3},{"flag":null,"abuses":null,"recoubs_by_users_channels":null,"favourite":false,"promoted_id":null,"recoub":null,"like":null,"dislike":null,"reaction":null,"in_my_best2015":false,"id":176756987,"type":"Coub::Simple","permalink":"2ww1h2","title":"👾","visibility_type":"public","original_visibility_type":"public","channel_id":9519897,"created_at":"2021-10-08T19:56:00Z","updated_at":"2021-10-25T11:07:15Z","is_done":true,"views_count":5688,"cotd":null,"cotd_at":null,"visible_on_explore_root":false,"visible_on_explore":false,"featured":false,"published":true,"published_at":"2021-10-08T19:56:00Z","reversed":false,"from_editor_v2":true,"is_editable":true,"original_sound":true,"has_sound":true,"recoub_to":null,"file_versions":{"html5":{"video":{"higher":{"url":"https://coub-anubis-a.akamaized.net/coub_storage/coub/simple/cw_file/36ebe9ae5b3/813b9759b87e9b76d4c36/muted_mp4_huge_size_1633722972_muted_huge.mp4","size":1365279},"high":{"url":"https://coub-anubis-a.akamaized.net/coub_storage/coub/simple/cw_file/36ebe9ae5b3/813b9759b87e9b76d4c36/muted_mp4_big_size_1633722972_muted_big.mp4","size":801656},"med":{"url":"https://coub-anubis-a.akamaized.net/coub_storage/coub/simple/cw_file/36ebe9ae5b3/813b9759b87e9b76d4c36/muted_mp4_med_size_1633722972_muted_med.mp4","size":232483}},"audio":{"high":{"url":"https://coub-anubis-a.akamaized.net/coub_storage/coub/simple/cw_looped_audio_high/b8e3993aa14/36434b2cf2c56f9143725/1633722974_mp3-high.mp3","size":1278812},"med":{"url":"https://coub-anubis-a.akamaized.net/coub_storage/coub/simple/cw_looped_audio_med/25b603c8a72/d64654813eb42aad00e61/1633722973_mp3-med.mp3","size":931215},"sample_duration":8.336}},"mobile":{"video":"https://coub-anubis-a.akamaized.net/coub_storage/coub/simple/cw_file/36ebe9ae5b3/813b9759b87e9b76d4c36/muted_mp4_med_size_1633722972_muted_med.mp4","audio":["https://coub-anubis-a.akamaized.net/coub_storage/coub/simple/cw_looped_audio_med/25b603c8a72/d64654813eb42aad00e61/1633722973_mp3-med.mp3"]},"share":{"default":"https://coub-anubis-a.akamaized.net/coub_storage/coub/simple/cw_video_for_sharing/740d36d2081/820fa49eae36a82041f1a/1633722998_looped_1633722997.mp4"}},"audio_versions":{},"image_versions":{"template":"https://coub-anubis-a.akamaized.net/coub_storage/coub/simple/cw_image/cde9b106c4d/c9526be7440ba5d602da5/%{version}_1633722978_00027.jpg","versions":["micro","tiny","age_restricted","ios_large","ios_mosaic","big","med","small","pinterest"]},"first_frame_versions":{"template":"https://coub-anubis-a.akamaized.net/coub_storage/coub/simple/cw_timeline_pic/8def3f86b51/9718e357bbaea6333e44b/%{version}_1633722978_image.jpg","versions":["big","med","small","ios_large"]},"dimensions":{"big":[960,960],"med":[480,480]},"site_w_h":[400,400],"page_w_h":[400,400],"site_w_h_small":[310,310],"size":[960,960],"age_restricted":false,"age_restricted_by_admin":false,"not_safe_for_work":false,"allow_reuse":false,"dont_crop":true,"banned":false,"global_safe":null,"audio_file_url":null,"external_download":false,"application":null,"channel":{"id":9519897,"permalink":"tommyspvcebound","title":"tommyspvcebound","description":null,"followers_count":32,"following_count":1,"avatar_versions":{"template":"https://coub-anubis-a.akamaized.net/coub_storage/channel/cw_avatar/7bf97bccd80/79084185c11b50cb5cdf5/%{version}_1614505982___________2.jpg","versions":["medium","medium_2x","profile_pic","profile_pic_new","profile_pic_new_2x","tiny","tiny_2x","small","small_2x","ios_large","ios_small"]}},"file":null,"picture":"https://coub-anubis-a.akamaized.net/coub_storage/coub/simple/cw_image/cde9b106c4d/c9526be7440ba5d602da5/med_1633722978_00027.jpg","timeline_picture":"https://coub-anubis-a.akamaized.net/coub_storage/coub/simple/cw_timeline_pic/8def3f86b51/9718e357bbaea6333e44b/ios_large_1633722978_image.jpg","small_picture":"https://coub-anubis-a.akamaized.net/coub_storage/coub/simple/cw_image/cde9b106c4d/c9526be7440ba5d602da5/ios_mosaic_1633722978_00027.jpg","sharing_picture":null,"percent_done":100,"tags":[{"id":2964069,"title":"fyp","value":"fyp"},{"id":1160,"title":"музыка","value":"%D0%BC%D1%83%D0%B7%D1%8B%D0%BA%D0%B0"}],"categories":[{"id":115,"title":"Stand-up & Jokes","permalink":"standup-jokes","subscriptions_count":2029964,"big_image_url":"https://coub-anubis-a.akamaized.net/coub_storage/category/cw_image/e705818f6da/2d68d0903305d728e1d5b/big_1622039112_Stand-up.png","small_image_url":"https://coub-anubis-a.akamaized.net/coub_storage/category/cw_image/e705818f6da/2d68d0903305d728e1d5b/small_1622039112_Stand-up.png","med_image_url":"https://coub-anubis-a.akamaized.net/coub_storage/category/cw_image/e705818f6da/2d68d0903305d728e1d5b/med_1622039112_Stand-up.png","visible":true}],"communities":[{"id":115,"title":"Stand-up & Jokes","permalink":"standup-jokes","subscriptions_count":2029964,"big_image_url":"https://coub-anubis-a.akamaized.net/coub_storage/category/cw_image/e705818f6da/2d68d0903305d728e1d5b/big_1622039112_Stand-up.png","small_image_url":"https://coub-anubis-a.akamaized.net/coub_storage/category/cw_image/e705818f6da/2d68d0903305d728e1d5b/small_1622039112_Stand-up.png","med_image_url":"https://coub-anubis-a.akamaized.net/coub_storage/category/cw_image/e705818f6da/2d68d0903305d728e1d5b/med_1622039112_Stand-up.png","i_subscribed":true,"community_notifications_enabled":null,"description":null}],"recoubs_count":1,"remixes_count":0,"likes_count":10,"dislikes_count":0,"raw_video_id":16829788,"uploaded_by_ios_app":true,"uploaded_by_android_app":false,"media_blocks":{"uploaded_raw_videos":[],"external_raw_videos":[],"remixed_from_coubs":[]},"raw_video_thumbnail_url":"https://coub-anubis-a.akamaized.net/coub_storage/raw_video/cw_image/807e692aee3/1da94cc28bcfdec040bd5/coub_media_1633722956_image.jpg","raw_video_title":"filename.mp4","video_block_banned":false,"duration":8.4,"promo_winner":false,"promo_winner_recoubers":null,"editorial_info":{},"promo_hint":null,"beeline_best_2014":null,"from_web_editor":false,"normalize_sound":true,"normalize_change_allowed":true,"best2015_addable":false,"ahmad_promo":null,"promo_data":null,"audio_copyright_claim":null,"ads_disabled":false,"is_safe_for_ads":true,"megafon_contents":[],"position_on_page":4},{"flag":null,"abuses":null,"recoubs_by_users_channels":null,"favourite":false,"promoted_id":null,"recoub":null,"like":null,"dislike":null,"reaction":null,"in_my_best2015":false,"id":176756956,"type":"Coub::Simple","permalink":"2ww1g7","title":"c'était un communiqué du CCC Comité Contre les Chats","visibility_type":"public","original_visibility_type":"public","channel_id":5202382,"created_at":"2021-10-08T19:55:41Z","updated_at":"2021-11-18T11:14:48Z","is_done":true,"views_count":535,"cotd":null,"cotd_at":null,"visible_on_explore_root":false,"visible_on_explore":false,"featured":false,"published":true,"published_at":"2021-10-08T19:55:41Z","reversed":false,"from_editor_v2":true,"is_editable":true,"original_sound":true,"has_sound":true,"recoub_to":null,"file_versions":{"html5":{"video":{"higher":{"url":"https://coub-anubis-a.akamaized.net/coub_storage/coub/simple/cw_file/69133c46886/62c198a993f70ed30669e/muted_mp4_huge_size_1633722944_muted_huge.mp4","size":299112},"high":{"url":"https://coub-anubis-a.akamaized.net/coub_storage/coub/simple/cw_file/69133c46886/62c198a993f70ed30669e/muted_mp4_big_size_1633722944_muted_big.mp4","size":184518},"med":{"url":"https://coub-anubis-a.akamaized.net/coub_storage/coub/simple/cw_file/69133c46886/62c198a993f70ed30669e/muted_mp4_med_size_1633722944_muted_med.mp4","size":66832}},"audio":{"high":{"url":"https://coub-anubis-a.akamaized.net/coub_storage/coub/simple/cw_looped_audio_high/ba3474bd16e/9bdfe7969929e6f154e1d/1633722946_mp3-high.mp3","size":1128493},"med":{"url":"https://coub-anubis-a.akamaized.net/coub_storage/coub/simple/cw_looped_audio_med/e73367317b8/3ff35f6ed3558d2fd2f7f/1633722945_mp3-med.mp3","size":943358},"sample_duration":4.923}},"mobile":{"video":"https://coub-anubis-a.akamaized.net/coub_storage/coub/simple/cw_file/69133c46886/62c198a993f70ed30669e/muted_mp4_med_size_1633722944_muted_med.mp4","audio":["https://coub-anubis-a.akamaized.net/coub_storage/coub/simple/cw_looped_audio_med/e73367317b8/3ff35f6ed3558d2fd2f7f/1633722945_mp3-med.mp3"]},"share":{"default":"https://coub-anubis-a.akamaized.net/coub_storage/coub/simple/cw_video_for_sharing/c8d79a6ddb5/39898eb19b83c185d6364/1633722960_looped_1633722959.mp4"}},"audio_versions":{},"image_versions":{"template":"https://coub-anubis-a.akamaized.net/coub_storage/coub/simple/cw_image/0cf0f2bb5af/c48d846f9a3cf6f575a3f/%{version}_1633722947_00016.jpg","versions":["micro","tiny","age_restricted","ios_large","ios_mosaic","big","med","small","pinterest"]},"first_frame_versions":{"template":"https://coub-anubis-a.akamaized.net/coub_storage/coub/simple/cw_timeline_pic/4f58f69b4fc/085da03e87a7baf6f55b4/%{version}_1633722947_image.jpg","versions":["big","med","small","ios_large"]},"dimensions":{"big":[1280,960],"med":[640,480]},"site_w_h":[640,480],"page_w_h":[640,480],"site_w_h_small":[310,233],"size":[1280,960],"age_restricted":false,"age_restricted_by_admin":false,"not_safe_for_work":null,"allow_reuse":false,"dont_crop":true,"banned":false,"global_safe":null,"audio_file_url":null,"external_download":{"type":"Youtube","service_name":"YouTube","url":"https://www.youtube.com/watch?v=XkOYGrZQqmU&t=34s&ab_channel=nemesis59","has_embed":true},"application":null,"channel":{"id":5202382,"permalink":"scooter76000","title":"scooter76000","description":null,"followers_count":31,"following_count":26,"avatar_versions":{"template":"https://coub-anubis-a.akamaized.net/coub_storage/channel/cw_avatar/46c6b546b7e/00a3fe38753c9fc733278/%{version}_1608734943_1s1qk09_1547992742_16q1var_2205197709539776.jpg","versions":["medium","medium_2x","profile_pic","profile_pic_new","profile_pic_new_2x","tiny","tiny_2x","small","small_2x","ios_large","ios_small"]}},"file":null,"picture":"https://coub-anubis-a.akamaized.net/coub_storage/coub/simple/cw_image/0cf0f2bb5af/c48d846f9a3cf6f575a3f/med_1633722947_00016.jpg","timeline_picture":"https://coub-anubis-a.akamaized.net/coub_storage/coub/simple/cw_timeline_pic/4f58f69b4fc/085da03e87a7baf6f55b4/ios_large_1633722947_image.jpg","small_picture":"https://coub-anubis-a.akamaized.net/coub_storage/coub/simple/cw_image/0cf0f2bb5af/c48d846f9a3cf6f575a3f/ios_mosaic_1633722947_00016.jpg","sharing_picture":null,"percent_done":100,"tags":[{"id":25639,"title":"parodie","value":"parodie"},{"id":10252,"title":"sketch","value":"sketch"},{"id":33241,"title":"alain","value":"alain"},{"id":392988,"title":"chabat","value":"chabat"},{"id":92396,"title":"ccc","value":"ccc"},{"id":6523605,"title":"kwiskas","value":"kwiskas"}],"categories":[{"id":115,"title":"Stand-up & Jokes","permalink":"standup-jokes","subscriptions_count":2029964,"big_image_url":"https://coub-anubis-a.akamaized.net/coub_storage/category/cw_image/e705818f6da/2d68d0903305d728e1d5b/big_1622039112_Stand-up.png","small_image_url":"https://coub-anubis-a.akamaized.net/coub_storage/category/cw_image/e705818f6da/2d68d0903305d728e1d5b/small_1622039112_Stand-up.png","med_image_url":"https://coub-anubis-a.akamaized.net/coub_storage/category/cw_image/e705818f6da/2d68d0903305d728e1d5b/med_1622039112_Stand-up.png","visible":true}],"communities":[{"id":115,"title":"Stand-up & Jokes","permalink":"standup-jokes","subscriptions_count":2029964,"big_image_url":"https://coub-anubis-a.akamaized.net/coub_storage/category/cw_image/e705818f6da/2d68d0903305d728e1d5b/big_1622039112_Stand-up.png","small_image_url":"https://coub-anubis-a.akamaized.net/coub_storage/category/cw_image/e705818f6da/2d68d0903305d728e1d5b/small_1622039112_Stand-up.png","med_image_url":"https://coub-anubis-a.akamaized.net/coub_storage/category/cw_image/e705818f6da/2d68d0903305d728e1d5b/med_1622039112_Stand-up.png","i_subscribed":true,"community_notifications_enabled":null,"description":null}],"recoubs_count":0,"remixes_count":0,"likes_count":10,"dislikes_count":0,"raw_video_id":16829781,"uploaded_by_ios_app":false,"uploaded_by_android_app":false,"media_blocks":{"uploaded_raw_videos":[],"external_raw_videos":[{"id":39815258,"title":"Les Nuls - Chats, Kwiskas","url":"https://www.youtube.com/watch?v=XkOYGrZQqmU","image":"https://coub-anubis-a.akamaized.net/coub_storage/media_block/cw_image/001f1801528/0a6f6e4aa0bccbae25092/video_1633722720_zq95k7_1633722709_1qgim2z_att-url-download.jpg_sqp_-oaymwEcCNACELwBSFXyq4qpAw4IARUAAIhCGAFwAcABBg___rs_AOn4CLD_CXqCOcuUKDCUYgBms4A5AtMoPg","image_retina":"https://coub-anubis-a.akamaized.net/coub_storage/media_block/cw_image/001f1801528/0a6f6e4aa0bccbae25092/video_retina_1633722720_zq95k7_1633722709_1qgim2z_att-url-download.jpg_sqp_-oaymwEcCNACELwBSFXyq4qpAw4IARUAAIhCGAFwAcABBg___rs_AOn4CLD_CXqCOcuUKDCUYgBms4A5AtMoPg","meta":{"service":"Youtube","duration":"41.76"},"duration":41.76,"raw_video_id":16829781,"has_embed":true}],"remixed_from_coubs":[],"external_video":{"id":39815258,"title":"Les Nuls - Chats, Kwiskas","url":"https://www.youtube.com/watch?v=XkOYGrZQqmU","image":"https://coub-anubis-a.akamaized.net/coub_storage/media_block/cw_image/001f1801528/0a6f6e4aa0bccbae25092/video_1633722720_zq95k7_1633722709_1qgim2z_att-url-download.jpg_sqp_-oaymwEcCNACELwBSFXyq4qpAw4IARUAAIhCGAFwAcABBg___rs_AOn4CLD_CXqCOcuUKDCUYgBms4A5AtMoPg","image_retina":"https://coub-anubis-a.akamaized.net/coub_storage/media_block/cw_image/001f1801528/0a6f6e4aa0bccbae25092/video_retina_1633722720_zq95k7_1633722709_1qgim2z_att-url-download.jpg_sqp_-oaymwEcCNACELwBSFXyq4qpAw4IARUAAIhCGAFwAcABBg___rs_AOn4CLD_CXqCOcuUKDCUYgBms4A5AtMoPg","meta":{"service":"Youtube","duration":"41.76"},"duration":41.76,"raw_video_id":16829781,"has_embed":true}},"raw_video_thumbnail_url":"https://coub-anubis-a.akamaized.net/coub_storage/raw_video/cw_image/c08703c9f4a/dee6cfddaf4fc60736c57/coub_media_1633722709_1633722709_1qgim2z_att-url-download.jpg_sqp_-oaymwEcCNACELwBSFXyq4qpAw4IARUAAIhCGAFwAcABBg___rs_AOn4CLD_CXqCOcuUKDCUYgBms4A5AtMoPg","raw_video_title":"Les Nuls - Chats, Kwiskas","video_block_banned":false,"duration":4.92,"promo_winner":false,"promo_winner_recoubers":null,"editorial_info":{},"promo_hint":null,"beeline_best_2014":null,"from_web_editor":true,"normalize_sound":true,"normalize_change_allowed":true,"best2015_addable":false,"ahmad_promo":null,"promo_data":null,"audio_copyright_claim":null,"ads_disabled":null,"is_safe_for_ads":true,"megafon_contents":[],"position_on_page":5},{"flag":null,"abuses":null,"recoubs_by_users_channels":null,"favourite":false,"promoted_id":null,"recoub":null,"like":null,"dislike":null,"reaction":null,"in_my_best2015":false,"id":176557904,"type":"Coub::Simple","permalink":"2wrruw","title":"Bu kara gece","visibility_type":"public","original_visibility_type":"public","channel_id":10121909,"created_at":"2021-10-04T22:02:40Z","updated_at":"2021-12-14T09:11:20Z","is_done":true,"views_count":7723,"cotd":null,"cotd_at":null,"visible_on_explore_root":false,"visible_on_explore":false,"featured":false,"published":true,"published_at":"2021-10-04T22:02:40Z","reversed":false,"from_editor_v2":true,"is_editable":true,"original_sound":true,"has_sound":true,"recoub_to":null,"file_versions":{"html5":{"video":{"higher":{"url":"https://coub-anubis-a.akamaized.net/coub_storage/coub/simple/cw_file/41e889ff936/4b88ffbcfe3397e63a0d6/muted_mp4_huge_size_1633384967_muted_huge.mp4","size":1116207},"high":{"url":"https://coub-anubis-a.akamaized.net/coub_storage/coub/simple/cw_file/41e889ff936/4b88ffbcfe3397e63a0d6/muted_mp4_big_size_1633384967_muted_big.mp4","size":774468},"med":{"url":"https://coub-anubis-a.akamaized.net/coub_storage/coub/simple/cw_file/41e889ff936/4b88ffbcfe3397e63a0d6/muted_mp4_med_size_1633384967_muted_med.mp4","size":219990}},"audio":{"high":{"url":"https://coub-anubis-a.akamaized.net/coub_storage/coub/simple/cw_looped_audio_high/5b769958ded/cffe44d908ffb04ee3f64/1633384969_mp3-high.mp3","size":903298},"med":{"url":"https://coub-anubis-a.akamaized.net/coub_storage/coub/simple/cw_looped_audio_med/c7269f23101/de459e2dc19b8dbfdda95/1633384968_mp3-med.mp3","size":861342},"sample_duration":9.195}},"mobile":{"video":"https://coub-anubis-a.akamaized.net/coub_storage/coub/simple/cw_file/41e889ff936/4b88ffbcfe3397e63a0d6/muted_mp4_med_size_1633384967_muted_med.mp4","audio":["https://coub-anubis-a.akamaized.net/coub_storage/coub/simple/cw_looped_audio_med/c7269f23101/de459e2dc19b8dbfdda95/1633384968_mp3-med.mp3"]},"share":{"default":"https://coub-anubis-a.akamaized.net/coub_storage/coub/simple/cw_video_for_sharing/3d8bd064669/e69134f0912feaddd6a1e/1633384990_looped_1633384989.mp4"}},"audio_versions":{},"image_versions":{"template":"https://coub-anubis-a.akamaized.net/coub_storage/coub/simple/cw_image/ad76602b741/8112b1fe95367e4dae597/%{version}_1633384973_00029.jpg","versions":["micro","tiny","age_restricted","ios_large","ios_mosaic","big","med","small","pinterest"]},"first_frame_versions":{"template":"https://coub-anubis-a.akamaized.net/coub_storage/coub/simple/cw_timeline_pic/ce088fa59a8/97d02630a88ea80a8f936/%{version}_1633384972_image.jpg","versions":["big","med","small","ios_large"]},"dimensions":{"big":[1280,692],"med":[640,346]},"site_w_h":[640,346],"page_w_h":[640,346],"site_w_h_small":[310,168],"size":[1280,692],"age_restricted":false,"age_restricted_by_admin":false,"not_safe_for_work":null,"allow_reuse":false,"dont_crop":true,"banned":false,"global_safe":null,"audio_file_url":null,"external_download":{"type":"Youtube","service_name":"YouTube","url":"https://youtu.be/8bWnnqSDcJ8","has_embed":true},"application":null,"channel":{"id":10121909,"permalink":"melih-karl-k","title":"Melih Karlık","description":null,"followers_count":1,"following_count":15,"avatar_versions":{"template":"https://coub-anubis-a.akamaized.net/coub_storage/channel/cw_avatar/193cf49a95d/ba1836f2cae56d05909cf/%{version}_1608170492_1ltre2w_1597246254_ioh1is_10157932864864232.jpg","versions":["medium","medium_2x","profile_pic","profile_pic_new","profile_pic_new_2x","tiny","tiny_2x","small","small_2x","ios_large","ios_small"]}},"file":null,"picture":"https://coub-anubis-a.akamaized.net/coub_storage/coub/simple/cw_image/ad76602b741/8112b1fe95367e4dae597/med_1633384973_00029.jpg","timeline_picture":"https://coub-anubis-a.akamaized.net/coub_storage/coub/simple/cw_timeline_pic/ce088fa59a8/97d02630a88ea80a8f936/ios_large_1633384972_image.jpg","small_picture":"https://coub-anubis-a.akamaized.net/coub_storage/coub/simple/cw_image/ad76602b741/8112b1fe95367e4dae597/ios_mosaic_1633384973_00029.jpg","sharing_picture":null,"percent_done":100,"tags":[{"id":145424,"title":"whatsapp","value":"whatsapp"}],"categories":[{"id":115,"title":"Stand-up & Jokes","permalink":"standup-jokes","subscriptions_count":2029964,"big_image_url":"https://coub-anubis-a.akamaized.net/coub_storage/category/cw_image/e705818f6da/2d68d0903305d728e1d5b/big_1622039112_Stand-up.png","small_image_url":"https://coub-anubis-a.akamaized.net/coub_storage/category/cw_image/e705818f6da/2d68d0903305d728e1d5b/small_1622039112_Stand-up.png","med_image_url":"https://coub-anubis-a.akamaized.net/coub_storage/category/cw_image/e705818f6da/2d68d0903305d728e1d5b/med_1622039112_Stand-up.png","visible":true}],"communities":[{"id":115,"title":"Stand-up & Jokes","permalink":"standup-jokes","subscriptions_count":2029964,"big_image_url":"https://coub-anubis-a.akamaized.net/coub_storage/category/cw_image/e705818f6da/2d68d0903305d728e1d5b/big_1622039112_Stand-up.png","small_image_url":"https://coub-anubis-a.akamaized.net/coub_storage/category/cw_image/e705818f6da/2d68d0903305d728e1d5b/small_1622039112_Stand-up.png","med_image_url":"https://coub-anubis-a.akamaized.net/coub_storage/category/cw_image/e705818f6da/2d68d0903305d728e1d5b/med_1622039112_Stand-up.png","i_subscribed":true,"community_notifications_enabled":null,"description":null}],"recoubs_count":0,"remixes_count":0,"likes_count":10,"dislikes_count":0,"raw_video_id":16819935,"uploaded_by_ios_app":true,"uploaded_by_android_app":false,"media_blocks":{"uploaded_raw_videos":[],"external_raw_videos":[{"id":39792454,"title":"Ahmet Çakar Türk Futbolunu Bu Hale Getirenlerin Allah Belasını Versin","url":"https://www.youtube.com/watch?v=8bWnnqSDcJ8","image":"https://coub-anubis-a.akamaized.net/coub_storage/media_block/cw_image/a70a397673d/2c5734b76965fbb94608e/video_1633384878_8o88qo_1633384869_1633384868_10z0pzr_att-url-download.webp","image_retina":"https://coub-anubis-a.akamaized.net/coub_storage/media_block/cw_image/a70a397673d/2c5734b76965fbb94608e/video_retina_1633384878_8o88qo_1633384869_1633384868_10z0pzr_att-url-download.webp","meta":{"service":"Youtube","duration":"14.96"},"duration":14.96,"raw_video_id":16819935,"has_embed":true}],"remixed_from_coubs":[],"external_video":{"id":39792454,"title":"Ahmet Çakar Türk Futbolunu Bu Hale Getirenlerin Allah Belasını Versin","url":"https://www.youtube.com/watch?v=8bWnnqSDcJ8","image":"https://coub-anubis-a.akamaized.net/coub_storage/media_block/cw_image/a70a397673d/2c5734b76965fbb94608e/video_1633384878_8o88qo_1633384869_1633384868_10z0pzr_att-url-download.webp","image_retina":"https://coub-anubis-a.akamaized.net/coub_storage/media_block/cw_image/a70a397673d/2c5734b76965fbb94608e/video_retina_1633384878_8o88qo_1633384869_1633384868_10z0pzr_att-url-download.webp","meta":{"service":"Youtube","duration":"14.96"},"duration":14.96,"raw_video_id":16819935,"has_embed":true}},"raw_video_thumbnail_url":"https://coub-anubis-a.akamaized.net/coub_storage/raw_video/cw_image/e62f5ce1f0a/5d883fdcb940519f73923/coub_media_1633384869_1633384868_10z0pzr_att-url-download.webp","raw_video_title":"Ahmet Çakar Türk Futbolunu Bu Hale Getirenlerin Allah Belasını Versin","video_block_banned":false,"duration":9.2,"promo_winner":false,"promo_winner_recoubers":null,"editorial_info":{},"promo_hint":null,"beeline_best_2014":null,"from_web_editor":false,"normalize_sound":true,"normalize_change_allowed":true,"best2015_addable":false,"ahmad_promo":null,"promo_data":null,"audio_copyright_claim":null,"ads_disabled":null,"is_safe_for_ads":true,"megafon_contents":[],"position_on_page":6},{"flag":null,"abuses":null,"recoubs_by_users_channels":null,"favourite":false,"promoted_id":null,"recoub":null,"like":null,"dislike":null,"reaction":null,"in_my_best2015":false,"id":176311631,"type":"Coub::Simple","permalink":"2wmhtz","title":"Funniest Khaby Lame ","visibility_type":"public","original_visibility_type":"public","channel_id":3734085,"created_at":"2021-09-30T07:19:25Z","updated_at":"2021-11-13T10:30:49Z","is_done":true,"views_count":9172,"cotd":null,"cotd_at":null,"visible_on_explore_root":false,"visible_on_explore":false,"featured":false,"published":true,"published_at":"2021-09-30T07:19:25Z","reversed":false,"from_editor_v2":true,"is_editable":true,"original_sound":true,"has_sound":true,"recoub_to":null,"file_versions":{"html5":{"video":{"higher":{"url":"https://coub-anubis-a.akamaized.net/coub_storage/coub/simple/cw_file/10746f84dda/a7f3fac51a98325987f23/muted_mp4_huge_size_1632986441_muted_huge.mp4","size":777340},"high":{"url":"https://coub-anubis-a.akamaized.net/coub_storage/coub/simple/cw_file/10746f84dda/a7f3fac51a98325987f23/muted_mp4_big_size_1632986441_muted_big.mp4","size":537643},"med":{"url":"https://coub-anubis-a.akamaized.net/coub_storage/coub/simple/cw_file/10746f84dda/a7f3fac51a98325987f23/muted_mp4_med_size_1632986441_muted_med.mp4","size":174580}},"audio":{"high":{"url":"https://coub-anubis-a.akamaized.net/coub_storage/coub/simple/cw_looped_audio_high/12524e6777d/a1c893f77f9faa2870dd7/1632986442_mp3-high.mp3","size":820863},"med":{"url":"https://coub-anubis-a.akamaized.net/coub_storage/coub/simple/cw_looped_audio_med/5a482f8690a/6f618563cc36f888b1fbd/1632986442_mp3-med.mp3","size":792732},"sample_duration":10.008}},"mobile":{"video":"https://coub-anubis-a.akamaized.net/coub_storage/coub/simple/cw_file/10746f84dda/a7f3fac51a98325987f23/muted_mp4_med_size_1632986441_muted_med.mp4","audio":["https://coub-anubis-a.akamaized.net/coub_storage/coub/simple/cw_looped_audio_med/5a482f8690a/6f618563cc36f888b1fbd/1632986442_mp3-med.mp3"]},"share":{"default":"https://coub-anubis-a.akamaized.net/coub_storage/coub/simple/cw_video_for_sharing/b0085e18058/579b8a4c36b06641f9201/1632986461_looped_1632986460.mp4"}},"audio_versions":{},"image_versions":{"template":"https://coub-anubis-a.akamaized.net/coub_storage/coub/simple/cw_image/3ad880f79a9/cde0281548dede9d98ae6/%{version}_1632986445_00032.jpg","versions":["micro","tiny","age_restricted","ios_large","ios_mosaic","big","med","small","pinterest"]},"first_frame_versions":{"template":"https://coub-anubis-a.akamaized.net/coub_storage/coub/simple/cw_timeline_pic/ddaec9c0d65/7cb2a4b904eaf48640017/%{version}_1632986445_image.jpg","versions":["big","med","small","ios_large"]},"dimensions":{"big":[1280,720],"med":[640,360]},"site_w_h":[640,360],"page_w_h":[640,360],"site_w_h_small":[310,174],"size":[1280,720],"age_restricted":false,"age_restricted_by_admin":false,"not_safe_for_work":null,"allow_reuse":false,"dont_crop":true,"banned":false,"global_safe":null,"audio_file_url":null,"external_download":{"type":"Youtube","service_name":"YouTube","url":"https://www.youtube.com/watch?v=241RH5s30Ns","has_embed":true},"application":null,"channel":{"id":3734085,"permalink":"alex-solovev","title":"Not a blogger","description":null,"followers_count":67,"following_count":17,"avatar_versions":{"template":"https://coub-anubis-a.akamaized.net/coub_storage/channel/cw_avatar/147e90a1685/1743dc2d88399f7f260e0/%{version}_1609423292_lvx163_1504019857_jmg99d_1832339570429401.jpg","versions":["medium","medium_2x","profile_pic","profile_pic_new","profile_pic_new_2x","tiny","tiny_2x","small","small_2x","ios_large","ios_small"]}},"file":null,"picture":"https://coub-anubis-a.akamaized.net/coub_storage/coub/simple/cw_image/3ad880f79a9/cde0281548dede9d98ae6/med_1632986445_00032.jpg","timeline_picture":"https://coub-anubis-a.akamaized.net/coub_storage/coub/simple/cw_timeline_pic/ddaec9c0d65/7cb2a4b904eaf48640017/ios_large_1632986445_image.jpg","small_picture":"https://coub-anubis-a.akamaized.net/coub_storage/coub/simple/cw_image/3ad880f79a9/cde0281548dede9d98ae6/ios_mosaic_1632986445_00032.jpg","sharing_picture":null,"percent_done":100,"tags":[{"id":6326590,"title":"khaby lame","value":"khaby%20lame"},{"id":1598861,"title":"tiktok","value":"tiktok"},{"id":2234,"title":"meme","value":"meme"},{"id":13949,"title":"viral","value":"viral"}],"categories":[{"id":115,"title":"Stand-up & Jokes","permalink":"standup-jokes","subscriptions_count":2029964,"big_image_url":"https://coub-anubis-a.akamaized.net/coub_storage/category/cw_image/e705818f6da/2d68d0903305d728e1d5b/big_1622039112_Stand-up.png","small_image_url":"https://coub-anubis-a.akamaized.net/coub_storage/category/cw_image/e705818f6da/2d68d0903305d728e1d5b/small_1622039112_Stand-up.png","med_image_url":"https://coub-anubis-a.akamaized.net/coub_storage/category/cw_image/e705818f6da/2d68d0903305d728e1d5b/med_1622039112_Stand-up.png","visible":true}],"communities":[{"id":115,"title":"Stand-up & Jokes","permalink":"standup-jokes","subscriptions_count":2029964,"big_image_url":"https://coub-anubis-a.akamaized.net/coub_storage/category/cw_image/e705818f6da/2d68d0903305d728e1d5b/big_1622039112_Stand-up.png","small_image_url":"https://coub-anubis-a.akamaized.net/coub_storage/category/cw_image/e705818f6da/2d68d0903305d728e1d5b/small_1622039112_Stand-up.png","med_image_url":"https://coub-anubis-a.akamaized.net/coub_storage/category/cw_image/e705818f6da/2d68d0903305d728e1d5b/med_1622039112_Stand-up.png","i_subscribed":true,"community_notifications_enabled":null,"description":null}],"recoubs_count":1,"remixes_count":0,"likes_count":10,"dislikes_count":0,"raw_video_id":16807597,"uploaded_by_ios_app":false,"uploaded_by_android_app":false,"media_blocks":{"uploaded_raw_videos":[],"external_raw_videos":[{"id":39762832,"title":"Funniest Khaby Lame TikTok Compilation 2021","url":"https://www.youtube.com/watch?v=241RH5s30Ns","image":"https://coub-anubis-a.akamaized.net/coub_storage/media_block/cw_image/a5cd69e2354/273338b78f154a9509ce4/video_1632984894_1jwqo29_1632984804_1632984799_u0ikri_att-url-download.webp","image_retina":"https://coub-anubis-a.akamaized.net/coub_storage/media_block/cw_image/a5cd69e2354/273338b78f154a9509ce4/video_retina_1632984894_1jwqo29_1632984804_1632984799_u0ikri_att-url-download.webp","meta":{"service":"Youtube","duration":"509.6"},"duration":509.6,"raw_video_id":16807597,"has_embed":true}],"remixed_from_coubs":[],"external_video":{"id":39762832,"title":"Funniest Khaby Lame TikTok Compilation 2021","url":"https://www.youtube.com/watch?v=241RH5s30Ns","image":"https://coub-anubis-a.akamaized.net/coub_storage/media_block/cw_image/a5cd69e2354/273338b78f154a9509ce4/video_1632984894_1jwqo29_1632984804_1632984799_u0ikri_att-url-download.webp","image_retina":"https://coub-anubis-a.akamaized.net/coub_storage/media_block/cw_image/a5cd69e2354/273338b78f154a9509ce4/video_retina_1632984894_1jwqo29_1632984804_1632984799_u0ikri_att-url-download.webp","meta":{"service":"Youtube","duration":"509.6"},"duration":509.6,"raw_video_id":16807597,"has_embed":true}},"raw_video_thumbnail_url":"https://coub-anubis-a.akamaized.net/coub_storage/raw_video/cw_image/cd0f2815f7b/2611f76cc1cba290e84c4/coub_media_1632984804_1632984799_u0ikri_att-url-download.webp","raw_video_title":"Funniest Khaby Lame TikTok Compilation 2021","video_block_banned":false,"duration":10.0,"promo_winner":false,"promo_winner_recoubers":null,"editorial_info":{},"promo_hint":null,"beeline_best_2014":null,"from_web_editor":true,"normalize_sound":true,"normalize_change_allowed":true,"best2015_addable":false,"ahmad_promo":null,"promo_data":null,"audio_copyright_claim":null,"ads_disabled":null,"is_safe_for_ads":true,"megafon_contents":[],"position_on_page":7},{"flag":null,"abuses":null,"recoubs_by_users_channels":null,"favourite":false,"promoted_id":null,"recoub":null,"like":null,"dislike":null,"reaction":null,"in_my_best2015":false,"id":176210712,"type":"Coub::Simple","permalink":"2wkbyo","title":"А есть-бывшая","visibility_type":"public","original_visibility_type":"public","channel_id":7712499,"created_at":"2021-09-28T06:24:18Z","updated_at":"2022-01-07T20:51:56Z","is_done":true,"views_count":5939,"cotd":null,"cotd_at":null,"visible_on_explore_root":false,"visible_on_explore":false,"featured":false,"published":true,"published_at":"2021-09-28T06:24:18Z","reversed":false,"from_editor_v2":true,"is_editable":true,"original_sound":true,"has_sound":true,"recoub_to":null,"file_versions":{"html5":{"video":{"higher":{"url":"https://coub-anubis-a.akamaized.net/coub_storage/coub/simple/cw_file/0f9ca97c4e9/e43093035274a61981d7d/muted_mp4_huge_size_1632810276_muted_huge.mp4","size":1328544},"high":{"url":"https://coub-anubis-a.akamaized.net/coub_storage/coub/simple/cw_file/0f9ca97c4e9/e43093035274a61981d7d/muted_mp4_big_size_1632810276_muted_big.mp4","size":776395},"med":{"url":"https://coub-anubis-a.akamaized.net/coub_storage/coub/simple/cw_file/0f9ca97c4e9/e43093035274a61981d7d/muted_mp4_med_size_1632810276_muted_med.mp4","size":216468}},"audio":{"high":{"url":"https://coub-anubis-a.akamaized.net/coub_storage/coub/simple/cw_looped_audio_high/e38a76b6807/f55d00efae294104a3058/1632810279_mp3-high.mp3","size":899646},"med":{"url":"https://coub-anubis-a.akamaized.net/coub_storage/coub/simple/cw_looped_audio_med/060ac470164/c08937697bde3d82582cb/1632810278_mp3-med.mp3","size":860106},"sample_duration":4.133}},"mobile":{"video":"https://coub-anubis-a.akamaized.net/coub_storage/coub/simple/cw_file/0f9ca97c4e9/e43093035274a61981d7d/muted_mp4_med_size_1632810276_muted_med.mp4","audio":["https://coub-anubis-a.akamaized.net/coub_storage/coub/simple/cw_looped_audio_med/060ac470164/c08937697bde3d82582cb/1632810278_mp3-med.mp3"]},"share":{"default":"https://coub-anubis-a.akamaized.net/coub_storage/coub/simple/cw_video_for_sharing/887ed534310/94b87ad8e88cdc147894f/1632810353_looped_1632810349.mp4"}},"audio_versions":{},"image_versions":{"template":"https://coub-anubis-a.akamaized.net/coub_storage/coub/simple/cw_image/0ae6d05512b/6757a241d5031cd625f06/%{version}_1632810290_00013.jpg","versions":["micro","tiny","age_restricted","ios_large","ios_mosaic","big","med","small","pinterest"]},"first_frame_versions":{"template":"https://coub-anubis-a.akamaized.net/coub_storage/coub/simple/cw_timeline_pic/05ddc97e8ab/d6120c4c3fcf7a0a25c8f/%{version}_1632810289_image.jpg","versions":["big","med","small","ios_large"]},"dimensions":{"big":[1248,960],"med":[624,480]},"site_w_h":[640,492],"page_w_h":[640,492],"site_w_h_small":[310,238],"size":[1248,960],"age_restricted":false,"age_restricted_by_admin":false,"not_safe_for_work":null,"allow_reuse":false,"dont_crop":true,"banned":false,"global_safe":null,"audio_file_url":null,"external_download":false,"application":null,"channel":{"id":7712499,"permalink":"e9282c41d0c54dc6a552d477502b8483","title":"tangobio-ZABLOkIROVANA vozmozhnost delat kuby","description":null,"followers_count":96,"following_count":3,"avatar_versions":{"template":"https://coub-anubis-a.akamaized.net/coub_storage/channel/cw_avatar/d83d83dce0d/2cb327bd26749dd180255/%{version}_1614263517_filename.jpeg","versions":["medium","medium_2x","profile_pic","profile_pic_new","profile_pic_new_2x","tiny","tiny_2x","small","small_2x","ios_large","ios_small"]}},"file":null,"picture":"https://coub-anubis-a.akamaized.net/coub_storage/coub/simple/cw_image/0ae6d05512b/6757a241d5031cd625f06/med_1632810290_00013.jpg","timeline_picture":"https://coub-anubis-a.akamaized.net/coub_storage/coub/simple/cw_timeline_pic/05ddc97e8ab/d6120c4c3fcf7a0a25c8f/ios_large_1632810289_image.jpg","small_picture":"https://coub-anubis-a.akamaized.net/coub_storage/coub/simple/cw_image/0ae6d05512b/6757a241d5031cd625f06/ios_mosaic_1632810290_00013.jpg","sharing_picture":null,"percent_done":100,"tags":[],"categories":[{"id":115,"title":"Stand-up & Jokes","permalink":"standup-jokes","subscriptions_count":2029964,"big_image_url":"https://coub-anubis-a.akamaized.net/coub_storage/category/cw_image/e705818f6da/2d68d0903305d728e1d5b/big_1622039112_Stand-up.png","small_image_url":"https://coub-anubis-a.akamaized.net/coub_storage/category/cw_image/e705818f6da/2d68d0903305d728e1d5b/small_1622039112_Stand-up.png","med_image_url":"https://coub-anubis-a.akamaized.net/coub_storage/category/cw_image/e705818f6da/2d68d0903305d728e1d5b/med_1622039112_Stand-up.png","visible":true}],"communities":[{"id":115,"title":"Stand-up & Jokes","permalink":"standup-jokes","subscriptions_count":2029964,"big_image_url":"https://coub-anubis-a.akamaized.net/coub_storage/category/cw_image/e705818f6da/2d68d0903305d728e1d5b/big_1622039112_Stand-up.png","small_image_url":"https://coub-anubis-a.akamaized.net/coub_storage/category/cw_image/e705818f6da/2d68d0903305d728e1d5b/small_1622039112_Stand-up.png","med_image_url":"https://coub-anubis-a.akamaized.net/coub_storage/category/cw_image/e705818f6da/2d68d0903305d728e1d5b/med_1622039112_Stand-up.png","i_subscribed":true,"community_notifications_enabled":null,"description":null}],"recoubs_count":1,"remixes_count":0,"likes_count":10,"dislikes_count":0,"raw_video_id":16802273,"uploaded_by_ios_app":true,"uploaded_by_android_app":false,"media_blocks":{"uploaded_raw_videos":[],"external_raw_videos":[],"remixed_from_coubs":[{"id":34824550,"title":"Сынок, учись готовить сам","url":"https://coub.com/coubs/29ej55/remix","image":"https://coub-anubis-a.akamaized.net/coub_storage/media_block/cw_image/ac0419dfb6b/27a374431c71a8fdeaef0/1581959395_eytsvl_1581959374_00029.jpg","image_retina":"https://coub-anubis-a.akamaized.net/coub_storage/media_block/cw_image/ac0419dfb6b/27a374431c71a8fdeaef0/1581959395_eytsvl_1581959374_00029.jpg","meta":{"duration":"9.12"},"duration":null,"coub_channel_title":"HamsterG","coub_channel_permalink":"hamsterg6","coub_views_count":226279,"coub_permalink":"29ej55"}]},"raw_video_thumbnail_url":"https://coub-anubis-a.akamaized.net/coub_storage/raw_video/cw_image/8e0721b372f/177d3f62197bdd264a0e5/coub_media_1632810256_image.jpg","raw_video_title":"filename.mp4","video_block_banned":false,"duration":4.08,"promo_winner":false,"promo_winner_recoubers":null,"editorial_info":{},"promo_hint":null,"beeline_best_2014":null,"from_web_editor":false,"normalize_sound":true,"normalize_change_allowed":true,"best2015_addable":false,"ahmad_promo":null,"promo_data":null,"audio_copyright_claim":null,"ads_disabled":null,"is_safe_for_ads":true,"megafon_contents":[],"position_on_page":8},{"flag":null,"abuses":null,"recoubs_by_users_channels":null,"favourite":false,"promoted_id":null,"recoub":null,"like":null,"dislike":null,"reaction":null,"in_my_best2015":false,"id":176181921,"type":"Coub::Simple","permalink":"2wjpqx","title":"Я-Береза)))","visibility_type":"public","original_visibility_type":"public","channel_id":7712499,"created_at":"2021-09-27T16:13:22Z","updated_at":"2022-01-07T20:52:15Z","is_done":true,"views_count":7820,"cotd":null,"cotd_at":null,"visible_on_explore_root":false,"visible_on_explore":false,"featured":false,"published":true,"published_at":"2021-09-27T16:13:22Z","reversed":false,"from_editor_v2":true,"is_editable":true,"original_sound":true,"has_sound":true,"recoub_to":null,"file_versions":{"html5":{"video":{"higher":{"url":"https://coub-anubis-a.akamaized.net/coub_storage/coub/simple/cw_file/ee93570a353/8e26eeeaaa3be49cbe775/muted_mp4_huge_size_1632759217_muted_huge.mp4","size":6872485},"high":{"url":"https://coub-anubis-a.akamaized.net/coub_storage/coub/simple/cw_file/ee93570a353/8e26eeeaaa3be49cbe775/muted_mp4_big_size_1632759217_muted_big.mp4","size":4538759},"med":{"url":"https://coub-anubis-a.akamaized.net/coub_storage/coub/simple/cw_file/ee93570a353/8e26eeeaaa3be49cbe775/muted_mp4_med_size_1632759217_muted_med.mp4","size":1196774}},"audio":{"high":{"url":"https://coub-anubis-a.akamaized.net/coub_storage/coub/simple/cw_looped_audio_high/674100a8ff4/b34bdf0acd615380e2e4f/1632759219_mp3-high.mp3","size":1123942},"med":{"url":"https://coub-anubis-a.akamaized.net/coub_storage/coub/simple/cw_looped_audio_med/bac2a437581/94c194ebd84e00e2b136a/1632759218_mp3-med.mp3","size":880287},"sample_duration":7.872}},"mobile":{"video":"https://coub-anubis-a.akamaized.net/coub_storage/coub/simple/cw_file/ee93570a353/8e26eeeaaa3be49cbe775/muted_mp4_med_size_1632759217_muted_med.mp4","audio":["https://coub-anubis-a.akamaized.net/coub_storage/coub/simple/cw_looped_audio_med/bac2a437581/94c194ebd84e00e2b136a/1632759218_mp3-med.mp3"]},"share":{"default":"https://coub-anubis-a.akamaized.net/coub_storage/coub/simple/cw_video_for_sharing/c987dafc8e6/26df4709269c2162f44f3/1632759258_looped_1632759257.mp4"}},"audio_versions":{},"image_versions":{"template":"https://coub-anubis-a.akamaized.net/coub_storage/coub/simple/cw_image/56ff4783806/bb00d9af298104030d710/%{version}_1632759226_00025.jpg","versions":["micro","tiny","age_restricted","ios_large","ios_mosaic","big","med","small","pinterest"]},"first_frame_versions":{"template":"https://coub-anubis-a.akamaized.net/coub_storage/coub/simple/cw_timeline_pic/2c811ac4f53/2e92936d347b8961b2ecb/%{version}_1632759225_image.jpg","versions":["big","med","small","ios_large"]},"dimensions":{"big":[1280,720],"med":[640,360]},"site_w_h":[640,360],"page_w_h":[640,360],"site_w_h_small":[310,174],"size":[1280,720],"age_restricted":false,"age_restricted_by_admin":false,"not_safe_for_work":null,"allow_reuse":false,"dont_crop":true,"banned":false,"global_safe":null,"audio_file_url":null,"external_download":false,"application":null,"channel":{"id":7712499,"permalink":"e9282c41d0c54dc6a552d477502b8483","title":"tangobio-ZABLOkIROVANA vozmozhnost delat kuby","description":null,"followers_count":96,"following_count":3,"avatar_versions":{"template":"https://coub-anubis-a.akamaized.net/coub_storage/channel/cw_avatar/d83d83dce0d/2cb327bd26749dd180255/%{version}_1614263517_filename.jpeg","versions":["medium","medium_2x","profile_pic","profile_pic_new","profile_pic_new_2x","tiny","tiny_2x","small","small_2x","ios_large","ios_small"]}},"file":null,"picture":"https://coub-anubis-a.akamaized.net/coub_storage/coub/simple/cw_image/56ff4783806/bb00d9af298104030d710/med_1632759226_00025.jpg","timeline_picture":"https://coub-anubis-a.akamaized.net/coub_storage/coub/simple/cw_timeline_pic/2c811ac4f53/2e92936d347b8961b2ecb/ios_large_1632759225_image.jpg","small_picture":"https://coub-anubis-a.akamaized.net/coub_storage/coub/simple/cw_image/56ff4783806/bb00d9af298104030d710/ios_mosaic_1632759226_00025.jpg","sharing_picture":null,"percent_done":100,"tags":[],"categories":[{"id":115,"title":"Stand-up & Jokes","permalink":"standup-jokes","subscriptions_count":2029964,"big_image_url":"https://coub-anubis-a.akamaized.net/coub_storage/category/cw_image/e705818f6da/2d68d0903305d728e1d5b/big_1622039112_Stand-up.png","small_image_url":"https://coub-anubis-a.akamaized.net/coub_storage/category/cw_image/e705818f6da/2d68d0903305d728e1d5b/small_1622039112_Stand-up.png","med_image_url":"https://coub-anubis-a.akamaized.net/coub_storage/category/cw_image/e705818f6da/2d68d0903305d728e1d5b/med_1622039112_Stand-up.png","visible":true}],"communities":[{"id":115,"title":"Stand-up & Jokes","permalink":"standup-jokes","subscriptions_count":2029964,"big_image_url":"https://coub-anubis-a.akamaized.net/coub_storage/category/cw_image/e705818f6da/2d68d0903305d728e1d5b/big_1622039112_Stand-up.png","small_image_url":"https://coub-anubis-a.akamaized.net/coub_storage/category/cw_image/e705818f6da/2d68d0903305d728e1d5b/small_1622039112_Stand-up.png","med_image_url":"https://coub-anubis-a.akamaized.net/coub_storage/category/cw_image/e705818f6da/2d68d0903305d728e1d5b/med_1622039112_Stand-up.png","i_subscribed":true,"community_notifications_enabled":null,"description":null}],"recoubs_count":2,"remixes_count":0,"likes_count":10,"dislikes_count":0,"raw_video_id":16800950,"uploaded_by_ios_app":false,"uploaded_by_android_app":false,"media_blocks":{"uploaded_raw_videos":[],"external_raw_videos":[],"remixed_from_coubs":[]},"raw_video_thumbnail_url":"https://coub-anubis-a.akamaized.net/coub_storage/raw_video/cw_image/d36ada5eac5/91252ce37a281020e60cb/coub_media_1632759050_image.jpg","raw_video_title":"IMG_0312.MP4","video_block_banned":false,"duration":7.88,"promo_winner":false,"promo_winner_recoubers":null,"editorial_info":{},"promo_hint":null,"beeline_best_2014":null,"from_web_editor":true,"normalize_sound":true,"normalize_change_allowed":true,"best2015_addable":false,"ahmad_promo":null,"promo_data":null,"audio_copyright_claim":null,"ads_disabled":null,"is_safe_for_ads":true,"megafon_contents":[],"position_on_page":9},{"flag":null,"abuses":null,"recoubs_by_users_channels":null,"favourite":false,"promoted_id":null,"recoub":null,"like":null,"dislike":null,"reaction":null,"in_my_best2015":false,"id":176008811,"type":"Coub::Simple","permalink":"2wg06a","title":"Comedy Club | Золотая коллекция – Гарик Харламов","visibility_type":"public","original_visibility_type":"public","channel_id":4122154,"created_at":"2021-09-24T09:38:33Z","updated_at":"2021-10-06T04:43:24Z","is_done":true,"views_count":5854,"cotd":null,"cotd_at":null,"visible_on_explore_root":false,"visible_on_explore":false,"featured":false,"published":true,"published_at":"2021-09-24T09:38:33Z","reversed":false,"from_editor_v2":true,"is_editable":true,"original_sound":true,"has_sound":true,"recoub_to":null,"file_versions":{"html5":{"video":{"higher":{"url":"https://coub-anubis-a.akamaized.net/coub_storage/coub/simple/cw_file/7448e1850d7/3d572d4f70d87ae92cc9f/muted_mp4_huge_size_1632476528_muted_huge.mp4","size":2252498},"high":{"url":"https://coub-anubis-a.akamaized.net/coub_storage/coub/simple/cw_file/7448e1850d7/3d572d4f70d87ae92cc9f/muted_mp4_big_size_1632476528_muted_big.mp4","size":1557837},"med":{"url":"https://coub-anubis-a.akamaized.net/coub_storage/coub/simple/cw_file/7448e1850d7/3d572d4f70d87ae92cc9f/muted_mp4_med_size_1632476528_muted_med.mp4","size":360223}},"audio":{"high":{"url":"https://coub-anubis-a.akamaized.net/coub_storage/coub/simple/cw_looped_audio_high/b781a42df29/badf7910bf190ff57d0ee/1632476529_mp3-high.mp3","size":843906},"med":{"url":"https://coub-anubis-a.akamaized.net/coub_storage/coub/simple/cw_looped_audio_med/d5dae6a6a96/4a4bf76c35359b5650ad4/1632476529_mp3-med.mp3","size":799076},"sample_duration":10.008}},"mobile":{"video":"https://coub-anubis-a.akamaized.net/coub_storage/coub/simple/cw_file/7448e1850d7/3d572d4f70d87ae92cc9f/muted_mp4_med_size_1632476528_muted_med.mp4","audio":["https://coub-anubis-a.akamaized.net/coub_storage/coub/simple/cw_looped_audio_med/d5dae6a6a96/4a4bf76c35359b5650ad4/1632476529_mp3-med.mp3"]},"share":{"default":"https://coub-anubis-a.akamaized.net/coub_storage/coub/simple/cw_video_for_sharing/785635b15ca/3e2e5ef6532a193c994da/1632476568_looped_1632476566.mp4"}},"audio_versions":{},"image_versions":{"template":"https://coub-anubis-a.akamaized.net/coub_storage/coub/simple/cw_image/92e757b8cfe/7c71a22e33b30911478b9/%{version}_1632476536_00032.jpg","versions":["micro","tiny","age_restricted","ios_large","ios_mosaic","big","med","small","pinterest"]},"first_frame_versions":{"template":"https://coub-anubis-a.akamaized.net/coub_storage/coub/simple/cw_timeline_pic/ba01dc979da/b41e41f0650395ea1803c/%{version}_1632476535_image.jpg","versions":["big","med","small","ios_large"]},"dimensions":{"big":[1280,720],"med":[640,360]},"site_w_h":[640,360],"page_w_h":[640,360],"site_w_h_small":[310,174],"size":[1280,720],"age_restricted":false,"age_restricted_by_admin":false,"not_safe_for_work":null,"allow_reuse":false,"dont_crop":true,"banned":false,"global_safe":null,"audio_file_url":null,"external_download":{"type":"Youtube","service_name":"YouTube","url":"https://www.youtube.com/watch?v=Omn0smpET2Q","has_embed":true},"application":null,"channel":{"id":4122154,"permalink":"fanta200","title":"Fanta","description":null,"followers_count":13,"following_count":11,"avatar_versions":{"template":"https://coub-anubis-a.akamaized.net/coub_storage/channel/cw_avatar/fd9dfac88b0/be566cdeafecce6874951/%{version}_1625850568_Untitled-1.jpg","versions":["medium","medium_2x","profile_pic","profile_pic_new","profile_pic_new_2x","tiny","tiny_2x","small","small_2x","ios_large","ios_small"]}},"file":null,"picture":"https://coub-anubis-a.akamaized.net/coub_storage/coub/simple/cw_image/92e757b8cfe/7c71a22e33b30911478b9/med_1632476536_00032.jpg","timeline_picture":"https://coub-anubis-a.akamaized.net/coub_storage/coub/simple/cw_timeline_pic/ba01dc979da/b41e41f0650395ea1803c/ios_large_1632476535_image.jpg","small_picture":"https://coub-anubis-a.akamaized.net/coub_storage/coub/simple/cw_image/92e757b8cfe/7c71a22e33b30911478b9/ios_mosaic_1632476536_00032.jpg","sharing_picture":null,"percent_done":100,"tags":[{"id":5113,"title":"камеди клаб","value":"%D0%BA%D0%B0%D0%BC%D0%B5%D0%B4%D0%B8%20%D0%BA%D0%BB%D0%B0%D0%B1"},{"id":2663,"title":"comedy club","value":"comedy%20club"},{"id":11784,"title":"камеди","value":"%D0%BA%D0%B0%D0%BC%D0%B5%D0%B4%D0%B8"},{"id":4163736,"title":"лучшие номера","value":"%D0%BB%D1%83%D1%87%D1%88%D0%B8%D0%B5%20%D0%BD%D0%BE%D0%BC%D0%B5%D1%80%D0%B0"},{"id":5903845,"title":"топ шуток","value":"%D1%82%D0%BE%D0%BF%20%D1%88%D1%83%D1%82%D0%BE%D0%BA"},{"id":14969,"title":"самое смешное","value":"%D1%81%D0%B0%D0%BC%D0%BE%D0%B5%20%D1%81%D0%BC%D0%B5%D1%88%D0%BD%D0%BE%D0%B5"},{"id":10877,"title":"лучшее","value":"%D0%BB%D1%83%D1%87%D1%88%D0%B5%D0%B5"},{"id":42831,"title":"гарик харламов","value":"%D0%B3%D0%B0%D1%80%D0%B8%D0%BA%20%D1%85%D0%B0%D1%80%D0%BB%D0%B0%D0%BC%D0%BE%D0%B2"},{"id":9654,"title":"харламов","value":"%D1%85%D0%B0%D1%80%D0%BB%D0%B0%D0%BC%D0%BE%D0%B2"},{"id":217856,"title":"ревва","value":"%D1%80%D0%B5%D0%B2%D0%B2%D0%B0"},{"id":6504341,"title":"старый камеди","value":"%D1%81%D1%82%D0%B0%D1%80%D1%8B%D0%B9%20%D0%BA%D0%B0%D0%BC%D0%B5%D0%B4%D0%B8"},{"id":1437,"title":"юмор","value":"%D1%8E%D0%BC%D0%BE%D1%80"},{"id":1264,"title":"смех","value":"%D1%81%D0%BC%D0%B5%D1%85"},{"id":1426,"title":"ржака","value":"%D1%80%D0%B6%D0%B0%D0%BA%D0%B0"}],"categories":[{"id":115,"title":"Stand-up & Jokes","permalink":"standup-jokes","subscriptions_count":2029964,"big_image_url":"https://coub-anubis-a.akamaized.net/coub_storage/category/cw_image/e705818f6da/2d68d0903305d728e1d5b/big_1622039112_Stand-up.png","small_image_url":"https://coub-anubis-a.akamaized.net/coub_storage/category/cw_image/e705818f6da/2d68d0903305d728e1d5b/small_1622039112_Stand-up.png","med_image_url":"https://coub-anubis-a.akamaized.net/coub_storage/category/cw_image/e705818f6da/2d68d0903305d728e1d5b/med_1622039112_Stand-up.png","visible":true}],"communities":[{"id":115,"title":"Stand-up & Jokes","permalink":"standup-jokes","subscriptions_count":2029964,"big_image_url":"https://coub-anubis-a.akamaized.net/coub_storage/category/cw_image/e705818f6da/2d68d0903305d728e1d5b/big_1622039112_Stand-up.png","small_image_url":"https://coub-anubis-a.akamaized.net/coub_storage/category/cw_image/e705818f6da/2d68d0903305d728e1d5b/small_1622039112_Stand-up.png","med_image_url":"https://coub-anubis-a.akamaized.net/coub_storage/category/cw_image/e705818f6da/2d68d0903305d728e1d5b/med_1622039112_Stand-up.png","i_subscribed":true,"community_notifications_enabled":null,"description":null}],"recoubs_count":1,"remixes_count":0,"likes_count":10,"dislikes_count":0,"raw_video_id":16792417,"uploaded_by_ios_app":false,"uploaded_by_android_app":false,"media_blocks":{"uploaded_raw_videos":[],"external_raw_videos":[{"id":39725856,"title":"Comedy Club | Золотая коллекция – Гарик Харламов","url":"https://www.youtube.com/watch?v=Omn0smpET2Q","image":"https://coub-anubis-a.akamaized.net/coub_storage/media_block/cw_image/a15c4dfbc96/bf9326f86d3222f67d437/video_1632476052_e5apst_1632475849_10zhbb2_att-url-download.jpg","image_retina":"https://coub-anubis-a.akamaized.net/coub_storage/media_block/cw_image/a15c4dfbc96/bf9326f86d3222f67d437/video_retina_1632476052_e5apst_1632475849_10zhbb2_att-url-download.jpg","meta":{"service":"Youtube","duration":"1016.08"},"duration":1016.08,"raw_video_id":16792417,"has_embed":true}],"remixed_from_coubs":[],"external_video":{"id":39725856,"title":"Comedy Club | Золотая коллекция – Гарик Харламов","url":"https://www.youtube.com/watch?v=Omn0smpET2Q","image":"https://coub-anubis-a.akamaized.net/coub_storage/media_block/cw_image/a15c4dfbc96/bf9326f86d3222f67d437/video_1632476052_e5apst_1632475849_10zhbb2_att-url-download.jpg","image_retina":"https://coub-anubis-a.akamaized.net/coub_storage/media_block/cw_image/a15c4dfbc96/bf9326f86d3222f67d437/video_retina_1632476052_e5apst_1632475849_10zhbb2_att-url-download.jpg","meta":{"service":"Youtube","duration":"1016.08"},"duration":1016.08,"raw_video_id":16792417,"has_embed":true}},"raw_video_thumbnail_url":"https://coub-anubis-a.akamaized.net/coub_storage/raw_video/cw_image/6cd5739a1b4/cd9f7aebcad717c76dc3a/coub_media_1632475865_1632475849_10zhbb2_att-url-download.jpg","raw_video_title":"Comedy Club | Золотая коллекция – Гарик Харламов","video_block_banned":false,"duration":10.0,"promo_winner":false,"promo_winner_recoubers":null,"editorial_info":{},"promo_hint":null,"beeline_best_2014":null,"from_web_editor":true,"normalize_sound":true,"normalize_change_allowed":true,"best2015_addable":false,"ahmad_promo":null,"promo_data":null,"audio_copyright_claim":null,"ads_disabled":null,"is_safe_for_ads":true,"megafon_contents":[],"position_on_page":10}]}