{"page":215,"per_page":10,"total_pages":500,"coubs":[{"flag":null,"abuses":null,"recoubs_by_users_channels":null,"favourite":false,"promoted_id":null,"recoub":null,"like":null,"dislike":null,"reaction":null,"in_my_best2015":false,"id":183141032,"type":"Coub::Simple","permalink":"30p36o","title":"Зеленский: Путин война начинать, я какать","visibility_type":"public","original_visibility_type":"public","channel_id":11010379,"created_at":"2022-02-22T21:22:23Z","updated_at":"2022-03-11T01:09:54Z","is_done":true,"views_count":10248,"cotd":null,"cotd_at":null,"visible_on_explore_root":false,"visible_on_explore":false,"featured":false,"published":true,"published_at":"2022-02-22T21:22:23Z","reversed":false,"from_editor_v2":true,"is_editable":true,"original_sound":true,"has_sound":true,"recoub_to":null,"file_versions":{"html5":{"video":{"higher":{"url":"https://coub-anubis-a.akamaized.net/coub_storage/coub/simple/cw_file/3a791378def/6cbd9d91723088d6c061b/muted_mp4_huge_size_1645564958_muted_huge.mp4","size":641905},"high":{"url":"https://coub-anubis-a.akamaized.net/coub_storage/coub/simple/cw_file/3a791378def/6cbd9d91723088d6c061b/muted_mp4_big_size_1645564958_muted_big.mp4","size":418604},"med":{"url":"https://coub-anubis-a.akamaized.net/coub_storage/coub/simple/cw_file/3a791378def/6cbd9d91723088d6c061b/muted_mp4_med_size_1645564958_muted_med.mp4","size":155624}},"audio":{"high":{"url":"https://coub-anubis-a.akamaized.net/coub_storage/coub/simple/cw_looped_audio_high/f452db88a28/7f14f3c41e18d349e6ec2/1645564960_mp3-high.mp3","size":961584},"med":{"url":"https://coub-anubis-a.akamaized.net/coub_storage/coub/simple/cw_looped_audio_med/09f37034fc6/4bb6b47798f9b5b127c40/1645564959_mp3-med.mp3","size":929755},"sample_duration":6.478}},"mobile":{"video":"https://coub-anubis-a.akamaized.net/coub_storage/coub/simple/cw_file/3a791378def/6cbd9d91723088d6c061b/muted_mp4_med_size_1645564958_muted_med.mp4","audio":["https://coub-anubis-a.akamaized.net/coub_storage/coub/simple/cw_looped_audio_med/09f37034fc6/4bb6b47798f9b5b127c40/1645564959_mp3-med.mp3"]},"share":{"default":"https://coub-anubis-a.akamaized.net/coub_storage/coub/simple/cw_video_for_sharing/37552b52e25/ebed7e892251b5023fbbc/1645564984_looped_1645564984.mp4"}},"audio_versions":{},"image_versions":{"template":"https://coub-anubis-a.akamaized.net/coub_storage/coub/simple/cw_image/444632c98fb/30d54bf7c1ddea4db72d7/%{version}_1645564963_00021.jpg","versions":["micro","tiny","age_restricted","ios_large","ios_mosaic","big","med","small","pinterest"]},"first_frame_versions":{"template":"https://coub-anubis-a.akamaized.net/coub_storage/coub/simple/cw_timeline_pic/341ca163814/ab92f85b805ea75585088/%{version}_1645564963_image.jpg","versions":["big","med","small","ios_large"]},"dimensions":{"big":[530,960],"med":[264,480]},"site_w_h":[221,400],"page_w_h":[400,725],"site_w_h_small":[310,562],"size":[530,960],"age_restricted":false,"age_restricted_by_admin":false,"not_safe_for_work":false,"allow_reuse":false,"dont_crop":true,"banned":false,"global_safe":null,"audio_file_url":null,"external_download":false,"application":null,"channel":{"id":11010379,"permalink":"9e70e12bd2be00a7ca7e7e175a6a04e6","title":"Just for fun","description":null,"followers_count":15,"following_count":14,"avatar_versions":{"template":"https://coub-anubis-a.akamaized.net/coub_storage/channel/cw_avatar/ec70d06e1cb/a027fb9cb305ec08663ae/%{version}_1630251690_filename.jpeg","versions":["medium","medium_2x","profile_pic","profile_pic_new","profile_pic_new_2x","tiny","tiny_2x","small","small_2x","ios_large","ios_small"]}},"file":null,"picture":"https://coub-anubis-a.akamaized.net/coub_storage/coub/simple/cw_image/444632c98fb/30d54bf7c1ddea4db72d7/med_1645564963_00021.jpg","timeline_picture":"https://coub-anubis-a.akamaized.net/coub_storage/coub/simple/cw_timeline_pic/341ca163814/ab92f85b805ea75585088/ios_large_1645564963_image.jpg","small_picture":"https://coub-anubis-a.akamaized.net/coub_storage/coub/simple/cw_image/444632c98fb/30d54bf7c1ddea4db72d7/ios_mosaic_1645564963_00021.jpg","sharing_picture":null,"percent_done":100,"tags":[{"id":10896,"title":"зеленский","value":"%D0%B7%D0%B5%D0%BB%D0%B5%D0%BD%D1%81%D0%BA%D0%B8%D0%B9"},{"id":73,"title":"путин","value":"%D0%BF%D1%83%D1%82%D0%B8%D0%BD"},{"id":66,"title":"политика","value":"%D0%BF%D0%BE%D0%BB%D0%B8%D1%82%D0%B8%D0%BA%D0%B0"}],"categories":[{"id":115,"title":"Stand-up & Jokes","permalink":"standup-jokes","subscriptions_count":2029964,"big_image_url":"https://coub-anubis-a.akamaized.net/coub_storage/category/cw_image/e705818f6da/2d68d0903305d728e1d5b/big_1622039112_Stand-up.png","small_image_url":"https://coub-anubis-a.akamaized.net/coub_storage/category/cw_image/e705818f6da/2d68d0903305d728e1d5b/small_1622039112_Stand-up.png","med_image_url":"https://coub-anubis-a.akamaized.net/coub_storage/category/cw_image/e705818f6da/2d68d0903305d728e1d5b/med_1622039112_Stand-up.png","visible":true}],"communities":[{"id":115,"title":"Stand-up & Jokes","permalink":"standup-jokes","subscriptions_count":2029964,"big_image_url":"https://coub-anubis-a.akamaized.net/coub_storage/category/cw_image/e705818f6da/2d68d0903305d728e1d5b/big_1622039112_Stand-up.png","small_image_url":"https://coub-anubis-a.akamaized.net/coub_storage/category/cw_image/e705818f6da/2d68d0903305d728e1d5b/small_1622039112_Stand-up.png","med_image_url":"https://coub-anubis-a.akamaized.net/coub_storage/category/cw_image/e705818f6da/2d68d0903305d728e1d5b/med_1622039112_Stand-up.png","i_subscribed":true,"community_notifications_enabled":null,"description":null}],"recoubs_count":8,"remixes_count":0,"likes_count":52,"dislikes_count":0,"raw_video_id":17151201,"uploaded_by_ios_app":true,"uploaded_by_android_app":false,"media_blocks":{"uploaded_raw_videos":[],"external_raw_videos":[],"remixed_from_coubs":[]},"raw_video_thumbnail_url":"https://coub-anubis-a.akamaized.net/coub_storage/raw_video/cw_image/f1056b2123e/e8b055579b1d66abe5cce/coub_media_1645564940_image.jpg","raw_video_title":"filename.mp4","video_block_banned":false,"duration":6.52,"promo_winner":false,"promo_winner_recoubers":null,"editorial_info":{},"promo_hint":null,"beeline_best_2014":null,"from_web_editor":false,"normalize_sound":true,"normalize_change_allowed":true,"best2015_addable":false,"ahmad_promo":null,"promo_data":null,"audio_copyright_claim":null,"ads_disabled":false,"is_safe_for_ads":true,"megafon_contents":[],"position_on_page":1},{"flag":null,"abuses":null,"recoubs_by_users_channels":null,"favourite":false,"promoted_id":null,"recoub":null,"like":null,"dislike":null,"reaction":null,"in_my_best2015":false,"id":182951836,"type":"Coub::Simple","permalink":"30l176","title":"Оно ","visibility_type":"public","original_visibility_type":"public","channel_id":13307949,"created_at":"2022-02-18T07:06:23Z","updated_at":"2022-03-08T20:09:05Z","is_done":true,"views_count":14362,"cotd":null,"cotd_at":null,"visible_on_explore_root":false,"visible_on_explore":false,"featured":false,"published":true,"published_at":"2022-02-18T07:06:23Z","reversed":false,"from_editor_v2":true,"is_editable":true,"original_sound":true,"has_sound":true,"recoub_to":null,"file_versions":{"html5":{"video":{"higher":{"url":"https://coub-anubis-a.akamaized.net/coub_storage/coub/simple/cw_file/dfe5decb45d/ce55263ff41dc86e8797a/muted_mp4_huge_size_1645167990_muted_huge.mp4","size":1247423},"high":{"url":"https://coub-anubis-a.akamaized.net/coub_storage/coub/simple/cw_file/dfe5decb45d/ce55263ff41dc86e8797a/muted_mp4_big_size_1645167990_muted_big.mp4","size":752845},"med":{"url":"https://coub-anubis-a.akamaized.net/coub_storage/coub/simple/cw_file/dfe5decb45d/ce55263ff41dc86e8797a/muted_mp4_med_size_1645167990_muted_med.mp4","size":247719}},"audio":{"high":{"url":"https://coub-anubis-a.akamaized.net/coub_storage/coub/simple/cw_looped_audio_high/130cbeeb503/6f4823f57bac90faaeecf/1645167992_mp3-high.mp3","size":929848},"med":{"url":"https://coub-anubis-a.akamaized.net/coub_storage/coub/simple/cw_looped_audio_med/010d7147abb/1e4c4cc0c35a20ca0322d/1645167991_mp3-med.mp3","size":893374},"sample_duration":8.011}},"mobile":{"video":"https://coub-anubis-a.akamaized.net/coub_storage/coub/simple/cw_file/dfe5decb45d/ce55263ff41dc86e8797a/muted_mp4_med_size_1645167990_muted_med.mp4","audio":["https://coub-anubis-a.akamaized.net/coub_storage/coub/simple/cw_looped_audio_med/010d7147abb/1e4c4cc0c35a20ca0322d/1645167991_mp3-med.mp3"]},"share":{"default":"https://coub-anubis-a.akamaized.net/coub_storage/coub/simple/cw_video_for_sharing/b43c155880a/65a9a3e6d00241bbf8024/1645168018_looped_1645168018.mp4"}},"audio_versions":{},"image_versions":{"template":"https://coub-anubis-a.akamaized.net/coub_storage/coub/simple/cw_image/c0db8aa2bab/0e2077126bc46160c23ae/%{version}_1645167996_00026.jpg","versions":["micro","tiny","age_restricted","ios_large","ios_mosaic","big","med","small","pinterest"]},"first_frame_versions":{"template":"https://coub-anubis-a.akamaized.net/coub_storage/coub/simple/cw_timeline_pic/45cfacde816/b60be0d3213b951dd0cc6/%{version}_1645167996_image.jpg","versions":["big","med","small","ios_large"]},"dimensions":{"big":[1280,718],"med":[640,358]},"site_w_h":[640,359],"page_w_h":[640,359],"site_w_h_small":[310,174],"size":[1280,718],"age_restricted":false,"age_restricted_by_admin":false,"not_safe_for_work":null,"allow_reuse":false,"dont_crop":true,"banned":false,"global_safe":null,"audio_file_url":null,"external_download":false,"application":null,"channel":{"id":13307949,"permalink":"lolka13695","title":"lolka","description":null,"followers_count":0,"following_count":0,"avatar_versions":{"template":"https://coub-anubis-a.akamaized.net/coub_storage/channel/cw_avatar/eee2515d3f5/69357a03f155aaee2e458/%{version}_1642350948_cropped.jpeg","versions":["medium","medium_2x","profile_pic","profile_pic_new","profile_pic_new_2x","tiny","tiny_2x","small","small_2x","ios_large","ios_small"]}},"file":null,"picture":"https://coub-anubis-a.akamaized.net/coub_storage/coub/simple/cw_image/c0db8aa2bab/0e2077126bc46160c23ae/med_1645167996_00026.jpg","timeline_picture":"https://coub-anubis-a.akamaized.net/coub_storage/coub/simple/cw_timeline_pic/45cfacde816/b60be0d3213b951dd0cc6/ios_large_1645167996_image.jpg","small_picture":"https://coub-anubis-a.akamaized.net/coub_storage/coub/simple/cw_image/c0db8aa2bab/0e2077126bc46160c23ae/ios_mosaic_1645167996_00026.jpg","sharing_picture":null,"percent_done":100,"tags":[{"id":311775,"title":"thenafig","value":"thenafig"},{"id":312395,"title":"зенафиг","value":"%D0%B7%D0%B5%D0%BD%D0%B0%D1%84%D0%B8%D0%B3"},{"id":39708,"title":"оно","value":"%D0%BE%D0%BD%D0%BE"},{"id":2873,"title":"дождь","value":"%D0%B4%D0%BE%D0%B6%D0%B4%D1%8C"},{"id":56996,"title":"дождевик","value":"%D0%B4%D0%BE%D0%B6%D0%B4%D0%B5%D0%B2%D0%B8%D0%BA"},{"id":6745406,"title":"ребенок и монстр общаются","value":"%D1%80%D0%B5%D0%B1%D0%B5%D0%BD%D0%BE%D0%BA%20%D0%B8%20%D0%BC%D0%BE%D0%BD%D1%81%D1%82%D1%80%20%D0%BE%D0%B1%D1%89%D0%B0%D1%8E%D1%82%D1%81%D1%8F"}],"categories":[{"id":115,"title":"Stand-up & Jokes","permalink":"standup-jokes","subscriptions_count":2029964,"big_image_url":"https://coub-anubis-a.akamaized.net/coub_storage/category/cw_image/e705818f6da/2d68d0903305d728e1d5b/big_1622039112_Stand-up.png","small_image_url":"https://coub-anubis-a.akamaized.net/coub_storage/category/cw_image/e705818f6da/2d68d0903305d728e1d5b/small_1622039112_Stand-up.png","med_image_url":"https://coub-anubis-a.akamaized.net/coub_storage/category/cw_image/e705818f6da/2d68d0903305d728e1d5b/med_1622039112_Stand-up.png","visible":true}],"communities":[{"id":115,"title":"Stand-up & Jokes","permalink":"standup-jokes","subscriptions_count":2029964,"big_image_url":"https://coub-anubis-a.akamaized.net/coub_storage/category/cw_image/e705818f6da/2d68d0903305d728e1d5b/big_1622039112_Stand-up.png","small_image_url":"https://coub-anubis-a.akamaized.net/coub_storage/category/cw_image/e705818f6da/2d68d0903305d728e1d5b/small_1622039112_Stand-up.png","med_image_url":"https://coub-anubis-a.akamaized.net/coub_storage/category/cw_image/e705818f6da/2d68d0903305d728e1d5b/med_1622039112_Stand-up.png","i_subscribed":true,"community_notifications_enabled":null,"description":null}],"recoubs_count":3,"remixes_count":0,"likes_count":52,"dislikes_count":0,"raw_video_id":17141022,"uploaded_by_ios_app":false,"uploaded_by_android_app":true,"media_blocks":{"uploaded_raw_videos":[],"external_raw_videos":[],"remixed_from_coubs":[]},"raw_video_thumbnail_url":"/missing/missing.png","raw_video_title":null,"video_block_banned":false,"duration":8.04,"promo_winner":false,"promo_winner_recoubers":null,"editorial_info":{},"promo_hint":null,"beeline_best_2014":null,"from_web_editor":false,"normalize_sound":true,"normalize_change_allowed":true,"best2015_addable":false,"ahmad_promo":null,"promo_data":null,"audio_copyright_claim":null,"ads_disabled":null,"is_safe_for_ads":true,"megafon_contents":[],"position_on_page":2},{"flag":null,"abuses":null,"recoubs_by_users_channels":null,"favourite":false,"promoted_id":null,"recoub":null,"like":null,"dislike":null,"reaction":null,"in_my_best2015":false,"id":181760151,"type":"Coub::Simple","permalink":"2zv9yr","title":"See the unseen","visibility_type":"public","original_visibility_type":"public","channel_id":3944881,"created_at":"2022-01-21T02:09:33Z","updated_at":"2022-02-09T22:32:03Z","is_done":true,"views_count":10285,"cotd":null,"cotd_at":null,"visible_on_explore_root":false,"visible_on_explore":false,"featured":false,"published":true,"published_at":"2022-01-21T02:09:33Z","reversed":false,"from_editor_v2":true,"is_editable":true,"original_sound":true,"has_sound":true,"recoub_to":null,"file_versions":{"html5":{"video":{"higher":{"url":"https://coub-anubis-a.akamaized.net/coub_storage/coub/simple/cw_file/3d30ad2e1d0/5704c4b5bd84882c559fb/muted_mp4_huge_size_1642730977_muted_huge.mp4","size":714384},"high":{"url":"https://coub-anubis-a.akamaized.net/coub_storage/coub/simple/cw_file/3d30ad2e1d0/5704c4b5bd84882c559fb/muted_mp4_big_size_1642730977_muted_big.mp4","size":431131},"med":{"url":"https://coub-anubis-a.akamaized.net/coub_storage/coub/simple/cw_file/3d30ad2e1d0/5704c4b5bd84882c559fb/muted_mp4_med_size_1642730977_muted_med.mp4","size":128485}},"audio":{"high":{"url":"https://coub-anubis-a.akamaized.net/coub_storage/coub/simple/cw_looped_audio_high/f5b81261b47/b59897a45957ecb44aa44/1642730979_mp3-high.mp3","size":1039458},"med":{"url":"https://coub-anubis-a.akamaized.net/coub_storage/coub/simple/cw_looped_audio_med/b8d109da4b1/c95d47c3adb82aece58ef/1642730979_mp3-med.mp3","size":894882},"sample_duration":8.011}},"mobile":{"video":"https://coub-anubis-a.akamaized.net/coub_storage/coub/simple/cw_file/3d30ad2e1d0/5704c4b5bd84882c559fb/muted_mp4_med_size_1642730977_muted_med.mp4","audio":["https://coub-anubis-a.akamaized.net/coub_storage/coub/simple/cw_looped_audio_med/b8d109da4b1/c95d47c3adb82aece58ef/1642730979_mp3-med.mp3"]},"share":{"default":"https://coub-anubis-a.akamaized.net/coub_storage/coub/simple/cw_video_for_sharing/2952910f59b/6ec1ba75042fd335bb1a8/1642731001_looped_1642731000.mp4"}},"audio_versions":{},"image_versions":{"template":"https://coub-anubis-a.akamaized.net/coub_storage/coub/simple/cw_image/78fbba25752/c38ae7239daf69b242096/%{version}_1642730983_00026.jpg","versions":["micro","tiny","age_restricted","ios_large","ios_mosaic","big","med","small","pinterest"]},"first_frame_versions":{"template":"https://coub-anubis-a.akamaized.net/coub_storage/coub/simple/cw_timeline_pic/b6789109fae/df7c0b4c6b1bf8aebf62f/%{version}_1642730982_image.jpg","versions":["big","med","small","ios_large"]},"dimensions":{"big":[768,960],"med":[384,480]},"site_w_h":[320,400],"page_w_h":[400,500],"site_w_h_small":[310,388],"size":[768,960],"age_restricted":false,"age_restricted_by_admin":false,"not_safe_for_work":null,"allow_reuse":false,"dont_crop":true,"banned":false,"global_safe":null,"audio_file_url":null,"external_download":{"type":"Facebook","service_name":"Facebook","url":"https://m.facebook.com/DumbMemes2/videos/1735071856883765/?extid=NS-UNK-UNK-UNK-IOS_GK0T-GK1C&refsrc=deprecated&ref=sharing&_rdr","has_embed":false},"application":null,"channel":{"id":3944881,"permalink":"tbr00000","title":"tbr","description":null,"followers_count":186,"following_count":55,"avatar_versions":{"template":"https://coub-anubis-a.akamaized.net/coub_storage/channel/cw_avatar/db3c8747b77/69ce4a0e84603d106c320/%{version}_1607907066_ra0m3w_1519269973_filename.jpeg","versions":["medium","medium_2x","profile_pic","profile_pic_new","profile_pic_new_2x","tiny","tiny_2x","small","small_2x","ios_large","ios_small"]}},"file":null,"picture":"https://coub-anubis-a.akamaized.net/coub_storage/coub/simple/cw_image/78fbba25752/c38ae7239daf69b242096/med_1642730983_00026.jpg","timeline_picture":"https://coub-anubis-a.akamaized.net/coub_storage/coub/simple/cw_timeline_pic/b6789109fae/df7c0b4c6b1bf8aebf62f/ios_large_1642730982_image.jpg","small_picture":"https://coub-anubis-a.akamaized.net/coub_storage/coub/simple/cw_image/78fbba25752/c38ae7239daf69b242096/ios_mosaic_1642730983_00026.jpg","sharing_picture":null,"percent_done":100,"tags":[],"categories":[{"id":115,"title":"Stand-up & Jokes","permalink":"standup-jokes","subscriptions_count":2029964,"big_image_url":"https://coub-anubis-a.akamaized.net/coub_storage/category/cw_image/e705818f6da/2d68d0903305d728e1d5b/big_1622039112_Stand-up.png","small_image_url":"https://coub-anubis-a.akamaized.net/coub_storage/category/cw_image/e705818f6da/2d68d0903305d728e1d5b/small_1622039112_Stand-up.png","med_image_url":"https://coub-anubis-a.akamaized.net/coub_storage/category/cw_image/e705818f6da/2d68d0903305d728e1d5b/med_1622039112_Stand-up.png","visible":true}],"communities":[{"id":115,"title":"Stand-up & Jokes","permalink":"standup-jokes","subscriptions_count":2029964,"big_image_url":"https://coub-anubis-a.akamaized.net/coub_storage/category/cw_image/e705818f6da/2d68d0903305d728e1d5b/big_1622039112_Stand-up.png","small_image_url":"https://coub-anubis-a.akamaized.net/coub_storage/category/cw_image/e705818f6da/2d68d0903305d728e1d5b/small_1622039112_Stand-up.png","med_image_url":"https://coub-anubis-a.akamaized.net/coub_storage/category/cw_image/e705818f6da/2d68d0903305d728e1d5b/med_1622039112_Stand-up.png","i_subscribed":true,"community_notifications_enabled":null,"description":null}],"recoubs_count":6,"remixes_count":0,"likes_count":52,"dislikes_count":0,"raw_video_id":17076394,"uploaded_by_ios_app":true,"uploaded_by_android_app":false,"media_blocks":{"uploaded_raw_videos":[],"external_raw_videos":[{"id":40875168,"title":"See the unseen","url":"https://www.facebook.com/DumbMemes2/videos/1735071856883765","image":"https://coub-anubis-a.akamaized.net/coub_storage/media_block/cw_image/5124e869f26/85e0fb3bf70252f810cd3/video_1642730944_1bz36up_1642730935_jp9141_att-url-download.xx_oh_00_AT-jXVfAXPReY8syFtkqQYUVE_NsXZfY5R-SSaZBOB_e3g_oe_61EF59DB","image_retina":"https://coub-anubis-a.akamaized.net/coub_storage/media_block/cw_image/5124e869f26/85e0fb3bf70252f810cd3/video_retina_1642730944_1bz36up_1642730935_jp9141_att-url-download.xx_oh_00_AT-jXVfAXPReY8syFtkqQYUVE_NsXZfY5R-SSaZBOB_e3g_oe_61EF59DB","meta":{"service":"Facebook","duration":"8.32"},"duration":8.32,"raw_video_id":17076394,"has_embed":false}],"remixed_from_coubs":[],"external_video":{"id":40875168,"title":"See the unseen","url":"https://www.facebook.com/DumbMemes2/videos/1735071856883765","image":"https://coub-anubis-a.akamaized.net/coub_storage/media_block/cw_image/5124e869f26/85e0fb3bf70252f810cd3/video_1642730944_1bz36up_1642730935_jp9141_att-url-download.xx_oh_00_AT-jXVfAXPReY8syFtkqQYUVE_NsXZfY5R-SSaZBOB_e3g_oe_61EF59DB","image_retina":"https://coub-anubis-a.akamaized.net/coub_storage/media_block/cw_image/5124e869f26/85e0fb3bf70252f810cd3/video_retina_1642730944_1bz36up_1642730935_jp9141_att-url-download.xx_oh_00_AT-jXVfAXPReY8syFtkqQYUVE_NsXZfY5R-SSaZBOB_e3g_oe_61EF59DB","meta":{"service":"Facebook","duration":"8.32"},"duration":8.32,"raw_video_id":17076394,"has_embed":false}},"raw_video_thumbnail_url":"https://coub-anubis-a.akamaized.net/coub_storage/raw_video/cw_image/8ddbd01571e/b73ce227060be57735bb7/coub_media_1642730936_1642730935_jp9141_att-url-download.xx_oh_00_AT-jXVfAXPReY8syFtkqQYUVE_NsXZfY5R-SSaZBOB_e3g_oe_61EF59DB","raw_video_title":"See the unseen","video_block_banned":false,"duration":8.04,"promo_winner":false,"promo_winner_recoubers":null,"editorial_info":{},"promo_hint":null,"beeline_best_2014":null,"from_web_editor":false,"normalize_sound":true,"normalize_change_allowed":true,"best2015_addable":false,"ahmad_promo":null,"promo_data":null,"audio_copyright_claim":null,"ads_disabled":null,"is_safe_for_ads":true,"megafon_contents":[],"position_on_page":3},{"flag":null,"abuses":null,"recoubs_by_users_channels":null,"favourite":false,"promoted_id":null,"recoub":null,"like":null,"dislike":null,"reaction":null,"in_my_best2015":false,"id":181666461,"type":"Coub::Simple","permalink":"2zt9o9","title":"Луганская резня бензопилой😂","visibility_type":"public","original_visibility_type":"public","channel_id":3891508,"created_at":"2022-01-18T23:27:20Z","updated_at":"2022-03-08T21:10:55Z","is_done":true,"views_count":12073,"cotd":null,"cotd_at":null,"visible_on_explore_root":false,"visible_on_explore":false,"featured":false,"published":true,"published_at":"2022-01-18T23:27:20Z","reversed":false,"from_editor_v2":true,"is_editable":true,"original_sound":true,"has_sound":true,"recoub_to":null,"file_versions":{"html5":{"video":{"higher":{"url":"https://coub-anubis-a.akamaized.net/coub_storage/coub/simple/cw_file/0b3cee19bb7/b1b87555eed1224b0c379/muted_mp4_huge_size_1642548443_muted_huge.mp4","size":1881600},"high":{"url":"https://coub-anubis-a.akamaized.net/coub_storage/coub/simple/cw_file/0b3cee19bb7/b1b87555eed1224b0c379/muted_mp4_big_size_1642548443_muted_big.mp4","size":1169762},"med":{"url":"https://coub-anubis-a.akamaized.net/coub_storage/coub/simple/cw_file/0b3cee19bb7/b1b87555eed1224b0c379/muted_mp4_med_size_1642548443_muted_med.mp4","size":428886}},"audio":{"high":{"url":"https://coub-anubis-a.akamaized.net/coub_storage/coub/simple/cw_looped_audio_high/bb82dfe54c9/393544fbb09d3ec4191e1/1642548445_mp3-high.mp3","size":717071},"med":{"url":"https://coub-anubis-a.akamaized.net/coub_storage/coub/simple/cw_looped_audio_med/a50b5745cf4/580eac5db70f5d03471f1/1642548444_mp3-med.mp3","size":717056},"sample_duration":5.642}},"mobile":{"video":"https://coub-anubis-a.akamaized.net/coub_storage/coub/simple/cw_file/0b3cee19bb7/b1b87555eed1224b0c379/muted_mp4_med_size_1642548443_muted_med.mp4","audio":["https://coub-anubis-a.akamaized.net/coub_storage/coub/simple/cw_looped_audio_med/a50b5745cf4/580eac5db70f5d03471f1/1642548444_mp3-med.mp3"]},"share":{"default":"https://coub-anubis-a.akamaized.net/coub_storage/coub/simple/cw_video_for_sharing/fa6d64d8f32/839f219043a9876b7f307/1642548464_looped_1642548463.mp4"}},"audio_versions":{},"image_versions":{"template":"https://coub-anubis-a.akamaized.net/coub_storage/coub/simple/cw_image/88b1773cedd/998d05eb254422d5665bd/%{version}_1642548448_00018.jpg","versions":["micro","tiny","age_restricted","ios_large","ios_mosaic","big","med","small","pinterest"]},"first_frame_versions":{"template":"https://coub-anubis-a.akamaized.net/coub_storage/coub/simple/cw_timeline_pic/ca2ea94e49c/148c5596aa10e11e4533e/%{version}_1642548447_image.jpg","versions":["big","med","small","ios_large"]},"dimensions":{"big":[528,960],"med":[264,480]},"site_w_h":[220,400],"page_w_h":[400,727],"site_w_h_small":[310,564],"size":[528,960],"age_restricted":false,"age_restricted_by_admin":false,"not_safe_for_work":null,"allow_reuse":false,"dont_crop":true,"banned":false,"global_safe":null,"audio_file_url":null,"external_download":{"type":"Vk","service_name":"Vk","url":"https://vk.com/feed?z=video469674407_456239024%2F16fef665909e901e56%2Fpl_post_-59532660_920076","has_embed":false},"application":null,"channel":{"id":3891508,"permalink":"pavel-kuzmenko3","title":"Pavel Kuzmenko","description":null,"followers_count":35,"following_count":7,"avatar_versions":{"template":"https://coub-anubis-a.akamaized.net/coub_storage/channel/cw_avatar/2ebe151caaa/288e5d393da9cec0dc025/%{version}_1615959159_111.png","versions":["medium","medium_2x","profile_pic","profile_pic_new","profile_pic_new_2x","tiny","tiny_2x","small","small_2x","ios_large","ios_small"]}},"file":null,"picture":"https://coub-anubis-a.akamaized.net/coub_storage/coub/simple/cw_image/88b1773cedd/998d05eb254422d5665bd/med_1642548448_00018.jpg","timeline_picture":"https://coub-anubis-a.akamaized.net/coub_storage/coub/simple/cw_timeline_pic/ca2ea94e49c/148c5596aa10e11e4533e/ios_large_1642548447_image.jpg","small_picture":"https://coub-anubis-a.akamaized.net/coub_storage/coub/simple/cw_image/88b1773cedd/998d05eb254422d5665bd/ios_mosaic_1642548448_00018.jpg","sharing_picture":null,"percent_done":100,"tags":[{"id":832,"title":"army","value":"army"},{"id":1115,"title":"joke","value":"joke"},{"id":107943,"title":"lugansk","value":"lugansk"}],"categories":[{"id":115,"title":"Stand-up & Jokes","permalink":"standup-jokes","subscriptions_count":2029964,"big_image_url":"https://coub-anubis-a.akamaized.net/coub_storage/category/cw_image/e705818f6da/2d68d0903305d728e1d5b/big_1622039112_Stand-up.png","small_image_url":"https://coub-anubis-a.akamaized.net/coub_storage/category/cw_image/e705818f6da/2d68d0903305d728e1d5b/small_1622039112_Stand-up.png","med_image_url":"https://coub-anubis-a.akamaized.net/coub_storage/category/cw_image/e705818f6da/2d68d0903305d728e1d5b/med_1622039112_Stand-up.png","visible":true}],"communities":[{"id":115,"title":"Stand-up & Jokes","permalink":"standup-jokes","subscriptions_count":2029964,"big_image_url":"https://coub-anubis-a.akamaized.net/coub_storage/category/cw_image/e705818f6da/2d68d0903305d728e1d5b/big_1622039112_Stand-up.png","small_image_url":"https://coub-anubis-a.akamaized.net/coub_storage/category/cw_image/e705818f6da/2d68d0903305d728e1d5b/small_1622039112_Stand-up.png","med_image_url":"https://coub-anubis-a.akamaized.net/coub_storage/category/cw_image/e705818f6da/2d68d0903305d728e1d5b/med_1622039112_Stand-up.png","i_subscribed":true,"community_notifications_enabled":null,"description":null}],"recoubs_count":6,"remixes_count":0,"likes_count":52,"dislikes_count":0,"raw_video_id":17071655,"uploaded_by_ios_app":false,"uploaded_by_android_app":false,"media_blocks":{"uploaded_raw_videos":[],"external_raw_videos":[{"id":40855349,"title":"Луганская резня бензопилой😂","url":"https://vk.com/video469674407_456239024","image":"https://coub-anubis-a.akamaized.net/coub_storage/media_block/cw_image/ddd5fd33151/075130cc9c268889df2f4/video_1642548377_1tbsjiu_1642548370_t4ujjp_att-url-download","image_retina":"https://coub-anubis-a.akamaized.net/coub_storage/media_block/cw_image/ddd5fd33151/075130cc9c268889df2f4/video_retina_1642548377_1tbsjiu_1642548370_t4ujjp_att-url-download","meta":{"service":"Vk","duration":"5.64"},"duration":5.64,"raw_video_id":17071655,"has_embed":false}],"remixed_from_coubs":[],"external_video":{"id":40855349,"title":"Луганская резня бензопилой😂","url":"https://vk.com/video469674407_456239024","image":"https://coub-anubis-a.akamaized.net/coub_storage/media_block/cw_image/ddd5fd33151/075130cc9c268889df2f4/video_1642548377_1tbsjiu_1642548370_t4ujjp_att-url-download","image_retina":"https://coub-anubis-a.akamaized.net/coub_storage/media_block/cw_image/ddd5fd33151/075130cc9c268889df2f4/video_retina_1642548377_1tbsjiu_1642548370_t4ujjp_att-url-download","meta":{"service":"Vk","duration":"5.64"},"duration":5.64,"raw_video_id":17071655,"has_embed":false}},"raw_video_thumbnail_url":"https://coub-anubis-a.akamaized.net/coub_storage/raw_video/cw_image/073652af812/2913197555e9448efe498/coub_media_1642548371_1642548370_t4ujjp_att-url-download","raw_video_title":"Луганская резня бензопилой😂","video_block_banned":false,"duration":5.64,"promo_winner":false,"promo_winner_recoubers":null,"editorial_info":{},"promo_hint":null,"beeline_best_2014":null,"from_web_editor":true,"normalize_sound":true,"normalize_change_allowed":true,"best2015_addable":false,"ahmad_promo":null,"promo_data":null,"audio_copyright_claim":null,"ads_disabled":null,"is_safe_for_ads":true,"megafon_contents":[],"position_on_page":4},{"flag":null,"abuses":null,"recoubs_by_users_channels":null,"favourite":false,"promoted_id":null,"recoub":null,"like":null,"dislike":null,"reaction":null,"in_my_best2015":false,"id":180869232,"type":"Coub::Simple","permalink":"2zc6iu","title":"#YT Бабка","visibility_type":"public","original_visibility_type":"public","channel_id":1189976,"created_at":"2022-01-01T05:13:09Z","updated_at":"2022-03-10T12:51:50Z","is_done":true,"views_count":12157,"cotd":null,"cotd_at":null,"visible_on_explore_root":false,"visible_on_explore":false,"featured":false,"published":true,"published_at":"2022-01-01T05:13:09Z","reversed":false,"from_editor_v2":true,"is_editable":true,"original_sound":true,"has_sound":true,"recoub_to":null,"file_versions":{"html5":{"video":{"higher":{"url":"https://coub-anubis-a.akamaized.net/coub_storage/coub/simple/cw_file/093686230bd/c8aa3d1338ce852f84590/muted_mp4_huge_size_1641014006_muted_huge.mp4","size":691655},"high":{"url":"https://coub-anubis-a.akamaized.net/coub_storage/coub/simple/cw_file/093686230bd/c8aa3d1338ce852f84590/muted_mp4_big_size_1641014006_muted_big.mp4","size":470050},"med":{"url":"https://coub-anubis-a.akamaized.net/coub_storage/coub/simple/cw_file/093686230bd/c8aa3d1338ce852f84590/muted_mp4_med_size_1641014006_muted_med.mp4","size":152788}},"audio":{"high":{"url":"https://coub-anubis-a.akamaized.net/coub_storage/coub/simple/cw_looped_audio_high/ebcdcbea3a7/20f2f5a18d0d0a3120fbb/1641014009_mp3-high.mp3","size":1095510},"med":{"url":"https://coub-anubis-a.akamaized.net/coub_storage/coub/simple/cw_looped_audio_med/f91f6e5cd12/f9103c1a777d78cc29e10/1641014008_mp3-med.mp3","size":949196},"sample_duration":4.574}},"mobile":{"video":"https://coub-anubis-a.akamaized.net/coub_storage/coub/simple/cw_file/093686230bd/c8aa3d1338ce852f84590/muted_mp4_med_size_1641014006_muted_med.mp4","audio":["https://coub-anubis-a.akamaized.net/coub_storage/coub/simple/cw_looped_audio_med/f91f6e5cd12/f9103c1a777d78cc29e10/1641014008_mp3-med.mp3"]},"share":{"default":"https://coub-anubis-a.akamaized.net/coub_storage/coub/simple/cw_video_for_sharing/02f8bd74499/89fdba016696edac4b459/1641014056_looped_1641014053.mp4"}},"audio_versions":{},"image_versions":{"template":"https://coub-anubis-a.akamaized.net/coub_storage/coub/simple/cw_image/c07f47276e6/61002683cee0a4a93b67d/%{version}_1641014016_00015.jpg","versions":["micro","tiny","age_restricted","ios_large","ios_mosaic","big","med","small","pinterest"]},"first_frame_versions":{"template":"https://coub-anubis-a.akamaized.net/coub_storage/coub/simple/cw_timeline_pic/4345fcd7e3a/1c4f02b1d84cf31d1442d/%{version}_1641014015_image.jpg","versions":["big","med","small","ios_large"]},"dimensions":{"big":[1280,720],"med":[640,360]},"site_w_h":[640,360],"page_w_h":[640,360],"site_w_h_small":[310,174],"size":[1280,720],"age_restricted":false,"age_restricted_by_admin":false,"not_safe_for_work":null,"allow_reuse":false,"dont_crop":true,"banned":false,"global_safe":null,"audio_file_url":null,"external_download":false,"application":null,"channel":{"id":1189976,"permalink":"kilan.lotran","title":"Kilan Lotran","description":"Веселые моменты из фильмов, сериалов и т.д.","followers_count":170,"following_count":14,"avatar_versions":{"template":"https://coub-anubis-a.akamaized.net/coub_storage/channel/cw_avatar/93151311569/4e3fef8fe35222dd9f957/%{version}_1607424939_1qbmcbv_1512050142_s1e11_The_Hobgoblin__Part_One.mkv_snapshot_05.48__2017.06.20_10.46.13_.jpg","versions":["medium","medium_2x","profile_pic","profile_pic_new","profile_pic_new_2x","tiny","tiny_2x","small","small_2x","ios_large","ios_small"]}},"file":null,"picture":"https://coub-anubis-a.akamaized.net/coub_storage/coub/simple/cw_image/c07f47276e6/61002683cee0a4a93b67d/med_1641014016_00015.jpg","timeline_picture":"https://coub-anubis-a.akamaized.net/coub_storage/coub/simple/cw_timeline_pic/4345fcd7e3a/1c4f02b1d84cf31d1442d/ios_large_1641014015_image.jpg","small_picture":"https://coub-anubis-a.akamaized.net/coub_storage/coub/simple/cw_image/c07f47276e6/61002683cee0a4a93b67d/ios_mosaic_1641014016_00015.jpg","sharing_picture":null,"percent_done":100,"tags":[{"id":4586258,"title":"badcomed","value":"badcomed"},{"id":5102528,"title":"бабки бабки сука бабки","value":"%D0%B1%D0%B0%D0%B1%D0%BA%D0%B8%20%D0%B1%D0%B0%D0%B1%D0%BA%D0%B8%20%D1%81%D1%83%D0%BA%D0%B0%20%D0%B1%D0%B0%D0%B1%D0%BA%D0%B8"},{"id":6683251,"title":"суки суки бабка суки","value":"%D1%81%D1%83%D0%BA%D0%B8%20%D1%81%D1%83%D0%BA%D0%B8%20%D0%B1%D0%B0%D0%B1%D0%BA%D0%B0%20%D1%81%D1%83%D0%BA%D0%B8"},{"id":124849,"title":"yt","value":"yt"}],"categories":[{"id":115,"title":"Stand-up & Jokes","permalink":"standup-jokes","subscriptions_count":2029964,"big_image_url":"https://coub-anubis-a.akamaized.net/coub_storage/category/cw_image/e705818f6da/2d68d0903305d728e1d5b/big_1622039112_Stand-up.png","small_image_url":"https://coub-anubis-a.akamaized.net/coub_storage/category/cw_image/e705818f6da/2d68d0903305d728e1d5b/small_1622039112_Stand-up.png","med_image_url":"https://coub-anubis-a.akamaized.net/coub_storage/category/cw_image/e705818f6da/2d68d0903305d728e1d5b/med_1622039112_Stand-up.png","visible":true}],"communities":[{"id":115,"title":"Stand-up & Jokes","permalink":"standup-jokes","subscriptions_count":2029964,"big_image_url":"https://coub-anubis-a.akamaized.net/coub_storage/category/cw_image/e705818f6da/2d68d0903305d728e1d5b/big_1622039112_Stand-up.png","small_image_url":"https://coub-anubis-a.akamaized.net/coub_storage/category/cw_image/e705818f6da/2d68d0903305d728e1d5b/small_1622039112_Stand-up.png","med_image_url":"https://coub-anubis-a.akamaized.net/coub_storage/category/cw_image/e705818f6da/2d68d0903305d728e1d5b/med_1622039112_Stand-up.png","i_subscribed":true,"community_notifications_enabled":null,"description":null}],"recoubs_count":5,"remixes_count":0,"likes_count":52,"dislikes_count":0,"raw_video_id":17031996,"uploaded_by_ios_app":false,"uploaded_by_android_app":false,"media_blocks":{"uploaded_raw_videos":[],"external_raw_videos":[],"remixed_from_coubs":[]},"raw_video_thumbnail_url":"https://coub-anubis-a.akamaized.net/coub_storage/raw_video/cw_image/c1d063c91de/826e2ddb026c959aae5fb/coub_media_1641013884_image.jpg","raw_video_title":"Desktop_2021.12.31_-_20.25.55.03.mp4","video_block_banned":false,"duration":4.56,"promo_winner":false,"promo_winner_recoubers":null,"editorial_info":{},"promo_hint":null,"beeline_best_2014":null,"from_web_editor":true,"normalize_sound":true,"normalize_change_allowed":true,"best2015_addable":false,"ahmad_promo":null,"promo_data":null,"audio_copyright_claim":null,"ads_disabled":null,"is_safe_for_ads":true,"megafon_contents":[],"position_on_page":5},{"flag":null,"abuses":null,"recoubs_by_users_channels":null,"favourite":false,"promoted_id":null,"recoub":null,"like":null,"dislike":null,"reaction":null,"in_my_best2015":false,"id":180599572,"type":"Coub::Simple","permalink":"2z6eg5","title":"Выстрел года","visibility_type":"public","original_visibility_type":"public","channel_id":11169416,"created_at":"2021-12-26T09:50:00Z","updated_at":"2022-02-24T20:46:11Z","is_done":true,"views_count":11793,"cotd":null,"cotd_at":null,"visible_on_explore_root":false,"visible_on_explore":false,"featured":false,"published":true,"published_at":"2021-12-26T09:50:00Z","reversed":false,"from_editor_v2":true,"is_editable":true,"original_sound":true,"has_sound":true,"recoub_to":null,"file_versions":{"html5":{"video":{"higher":{"url":"https://coub-anubis-a.akamaized.net/coub_storage/coub/simple/cw_file/42ce071861c/be1c80dea24f21a158be8/muted_mp4_huge_size_1640512208_muted_huge.mp4","size":1866351},"high":{"url":"https://coub-anubis-a.akamaized.net/coub_storage/coub/simple/cw_file/42ce071861c/be1c80dea24f21a158be8/muted_mp4_big_size_1640512208_muted_big.mp4","size":1134820},"med":{"url":"https://coub-anubis-a.akamaized.net/coub_storage/coub/simple/cw_file/42ce071861c/be1c80dea24f21a158be8/muted_mp4_med_size_1640512208_muted_med.mp4","size":355881}},"audio":{"high":{"url":"https://coub-anubis-a.akamaized.net/coub_storage/coub/simple/cw_looped_audio_high/e46108ae2d3/78bc7c9228d76ac0d8e7e/1640512211_mp3-high.mp3","size":1025441},"med":{"url":"https://coub-anubis-a.akamaized.net/coub_storage/coub/simple/cw_looped_audio_med/995bcf1ba84/c96f9005376716c012333/1640512210_mp3-med.mp3","size":796996},"sample_duration":10.008}},"mobile":{"video":"https://coub-anubis-a.akamaized.net/coub_storage/coub/simple/cw_file/42ce071861c/be1c80dea24f21a158be8/muted_mp4_med_size_1640512208_muted_med.mp4","audio":["https://coub-anubis-a.akamaized.net/coub_storage/coub/simple/cw_looped_audio_med/995bcf1ba84/c96f9005376716c012333/1640512210_mp3-med.mp3"]},"share":{"default":"https://coub-anubis-a.akamaized.net/coub_storage/coub/simple/cw_video_for_sharing/5a47828613f/67f373d1cae9085126933/1640512250_looped_1640512249.mp4"}},"audio_versions":{},"image_versions":{"template":"https://coub-anubis-a.akamaized.net/coub_storage/coub/simple/cw_image/7ba7f8412d6/7287061c1d51fa7a28502/%{version}_1640512218_00032.jpg","versions":["micro","tiny","age_restricted","ios_large","ios_mosaic","big","med","small","pinterest"]},"first_frame_versions":{"template":"https://coub-anubis-a.akamaized.net/coub_storage/coub/simple/cw_timeline_pic/b8f25681a72/b2cd8f71ba04a90b39860/%{version}_1640512218_image.jpg","versions":["big","med","small","ios_large"]},"dimensions":{"big":[768,960],"med":[384,480]},"site_w_h":[320,400],"page_w_h":[400,500],"site_w_h_small":[310,388],"size":[768,960],"age_restricted":false,"age_restricted_by_admin":false,"not_safe_for_work":null,"allow_reuse":false,"dont_crop":true,"banned":false,"global_safe":null,"audio_file_url":null,"external_download":false,"application":null,"channel":{"id":11169416,"permalink":"3105818e308e5c0c52c2994cd90cffcf","title":"Minions","description":null,"followers_count":86,"following_count":89,"avatar_versions":{"template":"https://coub-anubis-a.akamaized.net/coub_storage/channel/cw_avatar/04580f50769/0a172c0ff43f41e3e3d07/%{version}_1618690799______________.jpg","versions":["medium","medium_2x","profile_pic","profile_pic_new","profile_pic_new_2x","tiny","tiny_2x","small","small_2x","ios_large","ios_small"]}},"file":null,"picture":"https://coub-anubis-a.akamaized.net/coub_storage/coub/simple/cw_image/7ba7f8412d6/7287061c1d51fa7a28502/med_1640512218_00032.jpg","timeline_picture":"https://coub-anubis-a.akamaized.net/coub_storage/coub/simple/cw_timeline_pic/b8f25681a72/b2cd8f71ba04a90b39860/ios_large_1640512218_image.jpg","small_picture":"https://coub-anubis-a.akamaized.net/coub_storage/coub/simple/cw_image/7ba7f8412d6/7287061c1d51fa7a28502/ios_mosaic_1640512218_00032.jpg","sharing_picture":null,"percent_done":100,"tags":[{"id":6675527,"title":"выстрел с лука","value":"%D0%B2%D1%8B%D1%81%D1%82%D1%80%D0%B5%D0%BB%20%D1%81%20%D0%BB%D1%83%D0%BA%D0%B0"},{"id":23394,"title":"лук","value":"%D0%BB%D1%83%D0%BA"},{"id":474693,"title":"лучник","value":"%D0%BB%D1%83%D1%87%D0%BD%D0%B8%D0%BA"},{"id":60493,"title":"шары","value":"%D1%88%D0%B0%D1%80%D1%8B"},{"id":2834458,"title":"большие шары","value":"%D0%B1%D0%BE%D0%BB%D1%8C%D1%88%D0%B8%D0%B5%20%D1%88%D0%B0%D1%80%D1%8B"},{"id":10288,"title":"красивое","value":"%D0%BA%D1%80%D0%B0%D1%81%D0%B8%D0%B2%D0%BE%D0%B5"},{"id":73204,"title":"необычное","value":"%D0%BD%D0%B5%D0%BE%D0%B1%D1%8B%D1%87%D0%BD%D0%BE%D0%B5"},{"id":20665,"title":"веселое","value":"%D0%B2%D0%B5%D1%81%D0%B5%D0%BB%D0%BE%D0%B5"},{"id":1594157,"title":"для настроения","value":"%D0%B4%D0%BB%D1%8F%20%D0%BD%D0%B0%D1%81%D1%82%D1%80%D0%BE%D0%B5%D0%BD%D0%B8%D1%8F"},{"id":32658,"title":"хорошее настроение","value":"%D1%85%D0%BE%D1%80%D0%BE%D1%88%D0%B5%D0%B5%20%D0%BD%D0%B0%D1%81%D1%82%D1%80%D0%BE%D0%B5%D0%BD%D0%B8%D0%B5"},{"id":10652,"title":"настроение","value":"%D0%BD%D0%B0%D1%81%D1%82%D1%80%D0%BE%D0%B5%D0%BD%D0%B8%D0%B5"}],"categories":[{"id":115,"title":"Stand-up & Jokes","permalink":"standup-jokes","subscriptions_count":2029964,"big_image_url":"https://coub-anubis-a.akamaized.net/coub_storage/category/cw_image/e705818f6da/2d68d0903305d728e1d5b/big_1622039112_Stand-up.png","small_image_url":"https://coub-anubis-a.akamaized.net/coub_storage/category/cw_image/e705818f6da/2d68d0903305d728e1d5b/small_1622039112_Stand-up.png","med_image_url":"https://coub-anubis-a.akamaized.net/coub_storage/category/cw_image/e705818f6da/2d68d0903305d728e1d5b/med_1622039112_Stand-up.png","visible":true}],"communities":[{"id":115,"title":"Stand-up & Jokes","permalink":"standup-jokes","subscriptions_count":2029964,"big_image_url":"https://coub-anubis-a.akamaized.net/coub_storage/category/cw_image/e705818f6da/2d68d0903305d728e1d5b/big_1622039112_Stand-up.png","small_image_url":"https://coub-anubis-a.akamaized.net/coub_storage/category/cw_image/e705818f6da/2d68d0903305d728e1d5b/small_1622039112_Stand-up.png","med_image_url":"https://coub-anubis-a.akamaized.net/coub_storage/category/cw_image/e705818f6da/2d68d0903305d728e1d5b/med_1622039112_Stand-up.png","i_subscribed":true,"community_notifications_enabled":null,"description":null}],"recoubs_count":11,"remixes_count":0,"likes_count":52,"dislikes_count":0,"raw_video_id":17018689,"uploaded_by_ios_app":false,"uploaded_by_android_app":false,"media_blocks":{"uploaded_raw_videos":[],"external_raw_videos":[],"remixed_from_coubs":[]},"raw_video_thumbnail_url":"https://coub-anubis-a.akamaized.net/coub_storage/raw_video/cw_image/7467d5164a0/a2179aedf26fdc7d68616/coub_media_1640512008_image.jpg","raw_video_title":"____________.mp4","video_block_banned":false,"duration":10.0,"promo_winner":false,"promo_winner_recoubers":null,"editorial_info":{},"promo_hint":null,"beeline_best_2014":null,"from_web_editor":true,"normalize_sound":true,"normalize_change_allowed":true,"best2015_addable":false,"ahmad_promo":null,"promo_data":null,"audio_copyright_claim":null,"ads_disabled":null,"is_safe_for_ads":true,"megafon_contents":[],"position_on_page":6},{"flag":null,"abuses":null,"recoubs_by_users_channels":null,"favourite":false,"promoted_id":null,"recoub":null,"like":null,"dislike":null,"reaction":null,"in_my_best2015":false,"id":179366441,"type":"Coub::Simple","permalink":"2yfyyc","title":"Ахахахаха","visibility_type":"public","original_visibility_type":"public","channel_id":12861924,"created_at":"2021-11-30T16:32:23Z","updated_at":"2022-03-04T07:37:37Z","is_done":true,"views_count":7296,"cotd":null,"cotd_at":null,"visible_on_explore_root":false,"visible_on_explore":false,"featured":false,"published":true,"published_at":"2021-11-30T16:32:23Z","reversed":false,"from_editor_v2":true,"is_editable":true,"original_sound":true,"has_sound":true,"recoub_to":null,"file_versions":{"html5":{"video":{"higher":{"url":"https://coub-anubis-a.akamaized.net/coub_storage/coub/simple/cw_file/fbf9857f89e/6e519c73249bac805dd12/muted_mp4_huge_size_1638289961_muted_huge.mp4","size":1261758},"high":{"url":"https://coub-anubis-a.akamaized.net/coub_storage/coub/simple/cw_file/fbf9857f89e/6e519c73249bac805dd12/muted_mp4_big_size_1638289961_muted_big.mp4","size":857488},"med":{"url":"https://coub-anubis-a.akamaized.net/coub_storage/coub/simple/cw_file/fbf9857f89e/6e519c73249bac805dd12/muted_mp4_med_size_1638289961_muted_med.mp4","size":228504}},"audio":{"high":{"url":"https://coub-anubis-a.akamaized.net/coub_storage/coub/simple/cw_looped_audio_high/5c258d62328/1906adffe81dcec0369e5/1638289963_mp3-high.mp3","size":723043},"med":{"url":"https://coub-anubis-a.akamaized.net/coub_storage/coub/simple/cw_looped_audio_med/a506877d586/d2e362d2e38d407f00d9e/1638289962_mp3-med.mp3","size":723052},"sample_duration":10.008}},"mobile":{"video":"https://coub-anubis-a.akamaized.net/coub_storage/coub/simple/cw_file/fbf9857f89e/6e519c73249bac805dd12/muted_mp4_med_size_1638289961_muted_med.mp4","audio":["https://coub-anubis-a.akamaized.net/coub_storage/coub/simple/cw_looped_audio_med/a506877d586/d2e362d2e38d407f00d9e/1638289962_mp3-med.mp3"]},"share":{"default":"https://coub-anubis-a.akamaized.net/coub_storage/coub/simple/cw_video_for_sharing/c0bf7d4ff10/139df0407eb2d02bc68e1/1638289995_looped_1638289994.mp4"}},"audio_versions":{},"image_versions":{"template":"https://coub-anubis-a.akamaized.net/coub_storage/coub/simple/cw_image/0fb5a7e5974/87979709d0a3ce7728255/%{version}_1638289972_00032.jpg","versions":["micro","tiny","age_restricted","ios_large","ios_mosaic","big","med","small","pinterest"]},"first_frame_versions":{"template":"https://coub-anubis-a.akamaized.net/coub_storage/coub/simple/cw_timeline_pic/49ac9b119ab/473a58319bed36ae0e260/%{version}_1638289971_image.jpg","versions":["big","med","small","ios_large"]},"dimensions":{"big":[1280,592],"med":[640,296]},"site_w_h":[640,296],"page_w_h":[640,296],"site_w_h_small":[310,143],"size":[1280,592],"age_restricted":false,"age_restricted_by_admin":false,"not_safe_for_work":null,"allow_reuse":false,"dont_crop":true,"banned":false,"global_safe":null,"audio_file_url":null,"external_download":false,"application":null,"channel":{"id":12861924,"permalink":"tytzdorovo","title":"tyty","description":null,"followers_count":11,"following_count":1,"avatar_versions":{"template":"https://coub-anubis-a.akamaized.net/coub_storage/channel/cw_avatar/0cf13034fa2/34d546da33156bdbcdbb5/%{version}_1638036712_c996a55c5d59588f635b6a222f35f2d8.jpg","versions":["medium","medium_2x","profile_pic","profile_pic_new","profile_pic_new_2x","tiny","tiny_2x","small","small_2x","ios_large","ios_small"]}},"file":null,"picture":"https://coub-anubis-a.akamaized.net/coub_storage/coub/simple/cw_image/0fb5a7e5974/87979709d0a3ce7728255/med_1638289972_00032.jpg","timeline_picture":"https://coub-anubis-a.akamaized.net/coub_storage/coub/simple/cw_timeline_pic/49ac9b119ab/473a58319bed36ae0e260/ios_large_1638289971_image.jpg","small_picture":"https://coub-anubis-a.akamaized.net/coub_storage/coub/simple/cw_image/0fb5a7e5974/87979709d0a3ce7728255/ios_mosaic_1638289972_00032.jpg","sharing_picture":null,"percent_done":100,"tags":[],"categories":[{"id":115,"title":"Stand-up & Jokes","permalink":"standup-jokes","subscriptions_count":2029964,"big_image_url":"https://coub-anubis-a.akamaized.net/coub_storage/category/cw_image/e705818f6da/2d68d0903305d728e1d5b/big_1622039112_Stand-up.png","small_image_url":"https://coub-anubis-a.akamaized.net/coub_storage/category/cw_image/e705818f6da/2d68d0903305d728e1d5b/small_1622039112_Stand-up.png","med_image_url":"https://coub-anubis-a.akamaized.net/coub_storage/category/cw_image/e705818f6da/2d68d0903305d728e1d5b/med_1622039112_Stand-up.png","visible":true}],"communities":[{"id":115,"title":"Stand-up & Jokes","permalink":"standup-jokes","subscriptions_count":2029964,"big_image_url":"https://coub-anubis-a.akamaized.net/coub_storage/category/cw_image/e705818f6da/2d68d0903305d728e1d5b/big_1622039112_Stand-up.png","small_image_url":"https://coub-anubis-a.akamaized.net/coub_storage/category/cw_image/e705818f6da/2d68d0903305d728e1d5b/small_1622039112_Stand-up.png","med_image_url":"https://coub-anubis-a.akamaized.net/coub_storage/category/cw_image/e705818f6da/2d68d0903305d728e1d5b/med_1622039112_Stand-up.png","i_subscribed":true,"community_notifications_enabled":null,"description":null}],"recoubs_count":15,"remixes_count":0,"likes_count":52,"dislikes_count":0,"raw_video_id":16959727,"uploaded_by_ios_app":false,"uploaded_by_android_app":false,"media_blocks":{"uploaded_raw_videos":[],"external_raw_videos":[],"remixed_from_coubs":[]},"raw_video_thumbnail_url":"https://coub-anubis-a.akamaized.net/coub_storage/raw_video/cw_image/f8ffaec6fba/79acba90cc8aa612dd3f0/coub_media_1638289643_image.jpg","raw_video_title":"video_2021-11-30_18-26-26.mp4","video_block_banned":false,"duration":10.0,"promo_winner":false,"promo_winner_recoubers":null,"editorial_info":{},"promo_hint":null,"beeline_best_2014":null,"from_web_editor":true,"normalize_sound":true,"normalize_change_allowed":true,"best2015_addable":false,"ahmad_promo":null,"promo_data":null,"audio_copyright_claim":null,"ads_disabled":null,"is_safe_for_ads":true,"megafon_contents":[],"position_on_page":7},{"flag":null,"abuses":null,"recoubs_by_users_channels":null,"favourite":false,"promoted_id":null,"recoub":null,"like":null,"dislike":null,"reaction":null,"in_my_best2015":false,"id":179289761,"type":"Coub::Simple","permalink":"2yebsb","title":"Когда потерял силовую броню","visibility_type":"public","original_visibility_type":"public","channel_id":10863287,"created_at":"2021-11-28T21:43:26Z","updated_at":"2022-03-04T07:29:39Z","is_done":true,"views_count":6667,"cotd":null,"cotd_at":null,"visible_on_explore_root":false,"visible_on_explore":false,"featured":false,"published":true,"published_at":"2021-11-28T21:43:26Z","reversed":false,"from_editor_v2":true,"is_editable":true,"original_sound":true,"has_sound":true,"recoub_to":null,"file_versions":{"html5":{"video":{"higher":{"url":"https://coub-anubis-a.akamaized.net/coub_storage/coub/simple/cw_file/74ad5ee9171/cb61fa690e37c96dbb0bc/muted_mp4_huge_size_1638135809_muted_huge.mp4","size":2949114},"high":{"url":"https://coub-anubis-a.akamaized.net/coub_storage/coub/simple/cw_file/74ad5ee9171/cb61fa690e37c96dbb0bc/muted_mp4_big_size_1638135809_muted_big.mp4","size":1786920},"med":{"url":"https://coub-anubis-a.akamaized.net/coub_storage/coub/simple/cw_file/74ad5ee9171/cb61fa690e37c96dbb0bc/muted_mp4_med_size_1638135809_muted_med.mp4","size":563897}},"audio":{"high":{"url":"https://coub-anubis-a.akamaized.net/coub_storage/coub/simple/cw_looped_audio_high/f1629d68612/32a093c7f4747e933909b/1638135811_mp3-high.mp3","size":709551},"med":{"url":"https://coub-anubis-a.akamaized.net/coub_storage/coub/simple/cw_looped_audio_med/081c7302204/18298edf2199b2fd3e54f/1638135810_mp3-med.mp3","size":707808},"sample_duration":9.009}},"mobile":{"video":"https://coub-anubis-a.akamaized.net/coub_storage/coub/simple/cw_file/74ad5ee9171/cb61fa690e37c96dbb0bc/muted_mp4_med_size_1638135809_muted_med.mp4","audio":["https://coub-anubis-a.akamaized.net/coub_storage/coub/simple/cw_looped_audio_med/081c7302204/18298edf2199b2fd3e54f/1638135810_mp3-med.mp3"]},"share":{"default":"https://coub-anubis-a.akamaized.net/coub_storage/coub/simple/cw_video_for_sharing/e4ea8cdde58/747b3e643145b6ae3f8ed/1638135840_looped_1638135839.mp4"}},"audio_versions":{},"image_versions":{"template":"https://coub-anubis-a.akamaized.net/coub_storage/coub/simple/cw_image/a08f1cbed68/80d969e48da98d11f7e8b/%{version}_1638135815_00029.jpg","versions":["micro","tiny","age_restricted","ios_large","ios_mosaic","big","med","small","pinterest"]},"first_frame_versions":{"template":"https://coub-anubis-a.akamaized.net/coub_storage/coub/simple/cw_timeline_pic/12253c2e367/19d76772365bf6c7b594a/%{version}_1638135815_image.jpg","versions":["big","med","small","ios_large"]},"dimensions":{"big":[960,960],"med":[480,480]},"site_w_h":[400,400],"page_w_h":[400,400],"site_w_h_small":[310,310],"size":[960,960],"age_restricted":false,"age_restricted_by_admin":false,"not_safe_for_work":null,"allow_reuse":false,"dont_crop":true,"banned":false,"global_safe":null,"audio_file_url":null,"external_download":false,"application":null,"channel":{"id":10863287,"permalink":"stalkermod","title":"STALKERMOD","description":null,"followers_count":126,"following_count":116,"avatar_versions":{"template":"https://coub-anubis-a.akamaized.net/coub_storage/channel/cw_avatar/cc981d5063a/4bf4c7393beede39ab444/%{version}_1617547225_ss_user_02-13-14_21-49-41__l07_military_.jpg","versions":["medium","medium_2x","profile_pic","profile_pic_new","profile_pic_new_2x","tiny","tiny_2x","small","small_2x","ios_large","ios_small"]}},"file":null,"picture":"https://coub-anubis-a.akamaized.net/coub_storage/coub/simple/cw_image/a08f1cbed68/80d969e48da98d11f7e8b/med_1638135815_00029.jpg","timeline_picture":"https://coub-anubis-a.akamaized.net/coub_storage/coub/simple/cw_timeline_pic/12253c2e367/19d76772365bf6c7b594a/ios_large_1638135815_image.jpg","small_picture":"https://coub-anubis-a.akamaized.net/coub_storage/coub/simple/cw_image/a08f1cbed68/80d969e48da98d11f7e8b/ios_mosaic_1638135815_00029.jpg","sharing_picture":null,"percent_done":100,"tags":[],"categories":[{"id":115,"title":"Stand-up & Jokes","permalink":"standup-jokes","subscriptions_count":2029964,"big_image_url":"https://coub-anubis-a.akamaized.net/coub_storage/category/cw_image/e705818f6da/2d68d0903305d728e1d5b/big_1622039112_Stand-up.png","small_image_url":"https://coub-anubis-a.akamaized.net/coub_storage/category/cw_image/e705818f6da/2d68d0903305d728e1d5b/small_1622039112_Stand-up.png","med_image_url":"https://coub-anubis-a.akamaized.net/coub_storage/category/cw_image/e705818f6da/2d68d0903305d728e1d5b/med_1622039112_Stand-up.png","visible":true}],"communities":[{"id":115,"title":"Stand-up & Jokes","permalink":"standup-jokes","subscriptions_count":2029964,"big_image_url":"https://coub-anubis-a.akamaized.net/coub_storage/category/cw_image/e705818f6da/2d68d0903305d728e1d5b/big_1622039112_Stand-up.png","small_image_url":"https://coub-anubis-a.akamaized.net/coub_storage/category/cw_image/e705818f6da/2d68d0903305d728e1d5b/small_1622039112_Stand-up.png","med_image_url":"https://coub-anubis-a.akamaized.net/coub_storage/category/cw_image/e705818f6da/2d68d0903305d728e1d5b/med_1622039112_Stand-up.png","i_subscribed":true,"community_notifications_enabled":null,"description":null}],"recoubs_count":10,"remixes_count":0,"likes_count":52,"dislikes_count":0,"raw_video_id":16955699,"uploaded_by_ios_app":false,"uploaded_by_android_app":false,"media_blocks":{"uploaded_raw_videos":[],"external_raw_videos":[],"remixed_from_coubs":[]},"raw_video_thumbnail_url":"https://coub-anubis-a.akamaized.net/coub_storage/raw_video/cw_image/c7ae8ad01f3/65918779b98394e8dcbe6/coub_media_1638135740_image.jpg","raw_video_title":"videoplayback__1_.mp4","video_block_banned":false,"duration":9.0,"promo_winner":false,"promo_winner_recoubers":null,"editorial_info":{},"promo_hint":null,"beeline_best_2014":null,"from_web_editor":true,"normalize_sound":true,"normalize_change_allowed":true,"best2015_addable":false,"ahmad_promo":null,"promo_data":null,"audio_copyright_claim":null,"ads_disabled":null,"is_safe_for_ads":true,"megafon_contents":[],"position_on_page":8},{"flag":null,"abuses":null,"recoubs_by_users_channels":null,"favourite":false,"promoted_id":null,"recoub":null,"like":null,"dislike":null,"reaction":null,"in_my_best2015":false,"id":179277545,"type":"Coub::Simple","permalink":"2ye2cz","title":"как такую не любить?! ","visibility_type":"public","original_visibility_type":"public","channel_id":5174937,"created_at":"2021-11-28T17:35:24Z","updated_at":"2022-02-20T23:33:16Z","is_done":true,"views_count":7569,"cotd":null,"cotd_at":null,"visible_on_explore_root":false,"visible_on_explore":false,"featured":false,"published":true,"published_at":"2021-11-28T17:35:24Z","reversed":false,"from_editor_v2":true,"is_editable":true,"original_sound":true,"has_sound":true,"recoub_to":null,"file_versions":{"html5":{"video":{"higher":{"url":"https://coub-anubis-a.akamaized.net/coub_storage/coub/simple/cw_file/467c7b71ba8/8ef8cfeda1d04ae6cbe35/muted_mp4_huge_size_1638120930_muted_huge.mp4","size":1028151},"high":{"url":"https://coub-anubis-a.akamaized.net/coub_storage/coub/simple/cw_file/467c7b71ba8/8ef8cfeda1d04ae6cbe35/muted_mp4_big_size_1638120930_muted_big.mp4","size":551024},"med":{"url":"https://coub-anubis-a.akamaized.net/coub_storage/coub/simple/cw_file/467c7b71ba8/8ef8cfeda1d04ae6cbe35/muted_mp4_med_size_1638120930_muted_med.mp4","size":128200}},"audio":{"high":{"url":"https://coub-anubis-a.akamaized.net/coub_storage/coub/simple/cw_looped_audio_high/9abd189840e/1ad4a4edf221d6728e514/1638120932_mp3-high.mp3","size":924262},"med":{"url":"https://coub-anubis-a.akamaized.net/coub_storage/coub/simple/cw_looped_audio_med/454ffc65a5f/b6e4774333701a3d00186/1638120931_mp3-med.mp3","size":922090},"sample_duration":9.845}},"mobile":{"video":"https://coub-anubis-a.akamaized.net/coub_storage/coub/simple/cw_file/467c7b71ba8/8ef8cfeda1d04ae6cbe35/muted_mp4_med_size_1638120930_muted_med.mp4","audio":["https://coub-anubis-a.akamaized.net/coub_storage/coub/simple/cw_looped_audio_med/454ffc65a5f/b6e4774333701a3d00186/1638120931_mp3-med.mp3"]},"share":{"default":"https://coub-anubis-a.akamaized.net/coub_storage/coub/simple/cw_video_for_sharing/7f43173ee2f/1a5f30fbf1dfb4227520e/1638120948_looped_1638120948.mp4"}},"audio_versions":{},"image_versions":{"template":"https://coub-anubis-a.akamaized.net/coub_storage/coub/simple/cw_image/5cdcf8d72ae/93f3030c837de83749b4e/%{version}_1638120934_00032.jpg","versions":["micro","tiny","age_restricted","ios_large","ios_mosaic","big","med","small","pinterest"]},"first_frame_versions":{"template":"https://coub-anubis-a.akamaized.net/coub_storage/coub/simple/cw_timeline_pic/0c0d876a452/c7fb2f66984713ab94879/%{version}_1638120934_image.jpg","versions":["big","med","small","ios_large"]},"dimensions":{"big":[538,960],"med":[268,480]},"site_w_h":[224,400],"page_w_h":[400,714],"site_w_h_small":[310,553],"size":[538,960],"age_restricted":false,"age_restricted_by_admin":false,"not_safe_for_work":false,"allow_reuse":false,"dont_crop":true,"banned":false,"global_safe":null,"audio_file_url":null,"external_download":false,"application":null,"channel":{"id":5174937,"permalink":"musicmonster","title":"cuba_libre","description":null,"followers_count":76,"following_count":10,"avatar_versions":{"template":"https://coub-anubis-a.akamaized.net/coub_storage/channel/cw_avatar/25acfb8c86e/dcea5e3f667f1b6b8fef6/%{version}_1611332579_zMpntAxlVMo.jpg","versions":["medium","medium_2x","profile_pic","profile_pic_new","profile_pic_new_2x","tiny","tiny_2x","small","small_2x","ios_large","ios_small"]}},"file":null,"picture":"https://coub-anubis-a.akamaized.net/coub_storage/coub/simple/cw_image/5cdcf8d72ae/93f3030c837de83749b4e/med_1638120934_00032.jpg","timeline_picture":"https://coub-anubis-a.akamaized.net/coub_storage/coub/simple/cw_timeline_pic/0c0d876a452/c7fb2f66984713ab94879/ios_large_1638120934_image.jpg","small_picture":"https://coub-anubis-a.akamaized.net/coub_storage/coub/simple/cw_image/5cdcf8d72ae/93f3030c837de83749b4e/ios_mosaic_1638120934_00032.jpg","sharing_picture":null,"percent_done":100,"tags":[{"id":11015,"title":"романтика","value":"%D1%80%D0%BE%D0%BC%D0%B0%D0%BD%D1%82%D0%B8%D0%BA%D0%B0"},{"id":60373,"title":"советы","value":"%D1%81%D0%BE%D0%B2%D0%B5%D1%82%D1%8B"},{"id":3102,"title":"женщины","value":"%D0%B6%D0%B5%D0%BD%D1%89%D0%B8%D0%BD%D1%8B"},{"id":2628,"title":"любовь","value":"%D0%BB%D1%8E%D0%B1%D0%BE%D0%B2%D1%8C"}],"categories":[{"id":115,"title":"Stand-up & Jokes","permalink":"standup-jokes","subscriptions_count":2029964,"big_image_url":"https://coub-anubis-a.akamaized.net/coub_storage/category/cw_image/e705818f6da/2d68d0903305d728e1d5b/big_1622039112_Stand-up.png","small_image_url":"https://coub-anubis-a.akamaized.net/coub_storage/category/cw_image/e705818f6da/2d68d0903305d728e1d5b/small_1622039112_Stand-up.png","med_image_url":"https://coub-anubis-a.akamaized.net/coub_storage/category/cw_image/e705818f6da/2d68d0903305d728e1d5b/med_1622039112_Stand-up.png","visible":true}],"communities":[{"id":115,"title":"Stand-up & Jokes","permalink":"standup-jokes","subscriptions_count":2029964,"big_image_url":"https://coub-anubis-a.akamaized.net/coub_storage/category/cw_image/e705818f6da/2d68d0903305d728e1d5b/big_1622039112_Stand-up.png","small_image_url":"https://coub-anubis-a.akamaized.net/coub_storage/category/cw_image/e705818f6da/2d68d0903305d728e1d5b/small_1622039112_Stand-up.png","med_image_url":"https://coub-anubis-a.akamaized.net/coub_storage/category/cw_image/e705818f6da/2d68d0903305d728e1d5b/med_1622039112_Stand-up.png","i_subscribed":true,"community_notifications_enabled":null,"description":null}],"recoubs_count":8,"remixes_count":0,"likes_count":52,"dislikes_count":0,"raw_video_id":16955190,"uploaded_by_ios_app":false,"uploaded_by_android_app":true,"media_blocks":{"uploaded_raw_videos":[],"external_raw_videos":[],"remixed_from_coubs":[]},"raw_video_thumbnail_url":"/missing/missing.png","raw_video_title":null,"video_block_banned":false,"duration":10.0,"promo_winner":false,"promo_winner_recoubers":null,"editorial_info":{},"promo_hint":null,"beeline_best_2014":null,"from_web_editor":false,"normalize_sound":true,"normalize_change_allowed":true,"best2015_addable":false,"ahmad_promo":null,"promo_data":null,"audio_copyright_claim":null,"ads_disabled":false,"is_safe_for_ads":true,"megafon_contents":[],"position_on_page":9},{"flag":null,"abuses":null,"recoubs_by_users_channels":null,"favourite":false,"promoted_id":null,"recoub":null,"like":null,"dislike":null,"reaction":null,"in_my_best2015":false,"id":179221720,"type":"Coub::Simple","permalink":"2ycvaa","title":"Bill Burr про современную Америку ","visibility_type":"public","original_visibility_type":"public","channel_id":465986,"created_at":"2021-11-27T15:24:45Z","updated_at":"2022-02-14T08:49:25Z","is_done":true,"views_count":9384,"cotd":null,"cotd_at":null,"visible_on_explore_root":false,"visible_on_explore":false,"featured":false,"published":true,"published_at":"2021-11-27T15:24:45Z","reversed":false,"from_editor_v2":true,"is_editable":true,"original_sound":true,"has_sound":true,"recoub_to":null,"file_versions":{"html5":{"video":{"higher":{"url":"https://coub-anubis-a.akamaized.net/coub_storage/coub/simple/cw_file/6d02b72d7c9/262062b9aaa34c9c19053/muted_mp4_huge_size_1638026698_muted_huge.mp4","size":1617874},"high":{"url":"https://coub-anubis-a.akamaized.net/coub_storage/coub/simple/cw_file/6d02b72d7c9/262062b9aaa34c9c19053/muted_mp4_big_size_1638026698_muted_big.mp4","size":971845},"med":{"url":"https://coub-anubis-a.akamaized.net/coub_storage/coub/simple/cw_file/6d02b72d7c9/262062b9aaa34c9c19053/muted_mp4_med_size_1638026698_muted_med.mp4","size":297008}},"audio":{"high":{"url":"https://coub-anubis-a.akamaized.net/coub_storage/coub/simple/cw_looped_audio_high/1bfe82733c9/30cf958d58dcaf79a6f8b/1638026700_mp3-high.mp3","size":989401},"med":{"url":"https://coub-anubis-a.akamaized.net/coub_storage/coub/simple/cw_looped_audio_med/c3a7fcb1f99/eb22dfda968977bb9a418/1638026699_mp3-med.mp3","size":945756},"sample_duration":9.868}},"mobile":{"video":"https://coub-anubis-a.akamaized.net/coub_storage/coub/simple/cw_file/6d02b72d7c9/262062b9aaa34c9c19053/muted_mp4_med_size_1638026698_muted_med.mp4","audio":["https://coub-anubis-a.akamaized.net/coub_storage/coub/simple/cw_looped_audio_med/c3a7fcb1f99/eb22dfda968977bb9a418/1638026699_mp3-med.mp3"]},"share":{"default":"https://coub-anubis-a.akamaized.net/coub_storage/coub/simple/cw_video_for_sharing/152e057937d/4afdb8efc2f335ccf99ba/1638026740_looped_1638026738.mp4"}},"audio_versions":{},"image_versions":{"template":"https://coub-anubis-a.akamaized.net/coub_storage/coub/simple/cw_image/4feaace68ea/c6b3682a213dbd3549fc9/%{version}_1638026709_00032.jpg","versions":["micro","tiny","age_restricted","ios_large","ios_mosaic","big","med","small","pinterest"]},"first_frame_versions":{"template":"https://coub-anubis-a.akamaized.net/coub_storage/coub/simple/cw_timeline_pic/ecd22b62678/4a95ccb4f17dbdf8807f9/%{version}_1638026708_image.jpg","versions":["big","med","small","ios_large"]},"dimensions":{"big":[538,960],"med":[268,480]},"site_w_h":[224,400],"page_w_h":[400,714],"site_w_h_small":[310,553],"size":[538,960],"age_restricted":false,"age_restricted_by_admin":false,"not_safe_for_work":null,"allow_reuse":false,"dont_crop":true,"banned":false,"global_safe":null,"audio_file_url":null,"external_download":{"type":"TikTok","service_name":"TikTok","url":"https://www.tiktok.com/@lyonvhs/video/7034894456448945410?lang=ru-RU&is_copy_url=0&is_from_webapp=v1&sender_device=pc&sender_web_id=6952488479642600966","has_embed":false},"application":null,"channel":{"id":465986,"permalink":"lyonmichaels","title":"LyonVHS","description":null,"followers_count":26,"following_count":2,"avatar_versions":{"template":"https://coub-anubis-a.akamaized.net/coub_storage/channel/cw_avatar/93cb809d0a1/31b090ceba9acb6e69857/%{version}_1569176818_CkBP6S3x3bw.jpg","versions":["medium","medium_2x","profile_pic","profile_pic_new","profile_pic_new_2x","tiny","tiny_2x","small","small_2x","ios_large","ios_small"]}},"file":null,"picture":"https://coub-anubis-a.akamaized.net/coub_storage/coub/simple/cw_image/4feaace68ea/c6b3682a213dbd3549fc9/med_1638026709_00032.jpg","timeline_picture":"https://coub-anubis-a.akamaized.net/coub_storage/coub/simple/cw_timeline_pic/ecd22b62678/4a95ccb4f17dbdf8807f9/ios_large_1638026708_image.jpg","small_picture":"https://coub-anubis-a.akamaized.net/coub_storage/coub/simple/cw_image/4feaace68ea/c6b3682a213dbd3549fc9/ios_mosaic_1638026709_00032.jpg","sharing_picture":null,"percent_done":100,"tags":[{"id":655444,"title":"билл бёрр","value":"%D0%B1%D0%B8%D0%BB%D0%BB%20%D0%B1%D1%91%D1%80%D1%80"},{"id":4753,"title":"сша","value":"%D1%81%D1%88%D0%B0"},{"id":365954,"title":"тупизна","value":"%D1%82%D1%83%D0%BF%D0%B8%D0%B7%D0%BD%D0%B0"},{"id":13418,"title":"тупость","value":"%D1%82%D1%83%D0%BF%D0%BE%D1%81%D1%82%D1%8C"},{"id":50970,"title":"тупизм","value":"%D1%82%D1%83%D0%BF%D0%B8%D0%B7%D0%BC"},{"id":336687,"title":"bill burr","value":"bill%20burr"},{"id":11966,"title":"stand-up","value":"stand-up"},{"id":4564,"title":"stand up","value":"stand%20up"},{"id":49698,"title":"standup","value":"standup"},{"id":39191,"title":"stand up comedy","value":"stand%20up%20comedy"},{"id":47930,"title":"stand-up comedy","value":"stand-up%20comedy"},{"id":13436,"title":"stupidity","value":"stupidity"},{"id":43332,"title":"stupid people","value":"stupid%20people"},{"id":175,"title":"usa","value":"usa"},{"id":1437,"title":"юмор","value":"%D1%8E%D0%BC%D0%BE%D1%80"},{"id":61234,"title":"стендап","value":"%D1%81%D1%82%D0%B5%D0%BD%D0%B4%D0%B0%D0%BF"}],"categories":[{"id":115,"title":"Stand-up & Jokes","permalink":"standup-jokes","subscriptions_count":2029964,"big_image_url":"https://coub-anubis-a.akamaized.net/coub_storage/category/cw_image/e705818f6da/2d68d0903305d728e1d5b/big_1622039112_Stand-up.png","small_image_url":"https://coub-anubis-a.akamaized.net/coub_storage/category/cw_image/e705818f6da/2d68d0903305d728e1d5b/small_1622039112_Stand-up.png","med_image_url":"https://coub-anubis-a.akamaized.net/coub_storage/category/cw_image/e705818f6da/2d68d0903305d728e1d5b/med_1622039112_Stand-up.png","visible":true}],"communities":[{"id":115,"title":"Stand-up & Jokes","permalink":"standup-jokes","subscriptions_count":2029964,"big_image_url":"https://coub-anubis-a.akamaized.net/coub_storage/category/cw_image/e705818f6da/2d68d0903305d728e1d5b/big_1622039112_Stand-up.png","small_image_url":"https://coub-anubis-a.akamaized.net/coub_storage/category/cw_image/e705818f6da/2d68d0903305d728e1d5b/small_1622039112_Stand-up.png","med_image_url":"https://coub-anubis-a.akamaized.net/coub_storage/category/cw_image/e705818f6da/2d68d0903305d728e1d5b/med_1622039112_Stand-up.png","i_subscribed":true,"community_notifications_enabled":null,"description":null}],"recoubs_count":8,"remixes_count":0,"likes_count":52,"dislikes_count":0,"raw_video_id":16952430,"uploaded_by_ios_app":false,"uploaded_by_android_app":false,"media_blocks":{"uploaded_raw_videos":[],"external_raw_videos":[{"id":40454529,"title":"Bill Burr про современную Америку #billburr #биллберр #стендап #нарусском #сша #юмор","url":"https://m.tiktok.com/v/7034894456448945410","image":"https://coub-anubis-a.akamaized.net/coub_storage/media_block/cw_image/493c60185e1/92b412ee20f39f7de203d/video_1638026529_5mpzai_1638026509_1638026508_jcl69x_att-url-download.webp_x-expires_1638046800_x-signature_3CfAKZdevPDt9ON0y8sSYTVmjdU_3D","image_retina":"https://coub-anubis-a.akamaized.net/coub_storage/media_block/cw_image/493c60185e1/92b412ee20f39f7de203d/video_retina_1638026529_5mpzai_1638026509_1638026508_jcl69x_att-url-download.webp_x-expires_1638046800_x-signature_3CfAKZdevPDt9ON0y8sSYTVmjdU_3D","meta":{"service":"TikTok","duration":"52.8"},"duration":52.8,"raw_video_id":16952430,"has_embed":false}],"remixed_from_coubs":[],"external_video":{"id":40454529,"title":"Bill Burr про современную Америку #billburr #биллберр #стендап #нарусском #сша #юмор","url":"https://m.tiktok.com/v/7034894456448945410","image":"https://coub-anubis-a.akamaized.net/coub_storage/media_block/cw_image/493c60185e1/92b412ee20f39f7de203d/video_1638026529_5mpzai_1638026509_1638026508_jcl69x_att-url-download.webp_x-expires_1638046800_x-signature_3CfAKZdevPDt9ON0y8sSYTVmjdU_3D","image_retina":"https://coub-anubis-a.akamaized.net/coub_storage/media_block/cw_image/493c60185e1/92b412ee20f39f7de203d/video_retina_1638026529_5mpzai_1638026509_1638026508_jcl69x_att-url-download.webp_x-expires_1638046800_x-signature_3CfAKZdevPDt9ON0y8sSYTVmjdU_3D","meta":{"service":"TikTok","duration":"52.8"},"duration":52.8,"raw_video_id":16952430,"has_embed":false}},"raw_video_thumbnail_url":"https://coub-anubis-a.akamaized.net/coub_storage/raw_video/cw_image/24678f99a10/e65cdc98356cb819c34c9/coub_media_1638026509_1638026508_jcl69x_att-url-download.webp_x-expires_1638046800_x-signature_3CfAKZdevPDt9ON0y8sSYTVmjdU_3D","raw_video_title":"Bill Burr про современную Америку #billburr #биллберр #стендап #нарусском #сша #юмор","video_block_banned":false,"duration":10.0,"promo_winner":false,"promo_winner_recoubers":null,"editorial_info":{},"promo_hint":null,"beeline_best_2014":null,"from_web_editor":true,"normalize_sound":true,"normalize_change_allowed":true,"best2015_addable":false,"ahmad_promo":null,"promo_data":null,"audio_copyright_claim":null,"ads_disabled":null,"is_safe_for_ads":true,"megafon_contents":[],"position_on_page":10}]}