{"page":463,"per_page":10,"total_pages":500,"coubs":[{"flag":null,"abuses":null,"recoubs_by_users_channels":null,"favourite":false,"promoted_id":null,"recoub":null,"like":null,"dislike":null,"reaction":null,"in_my_best2015":false,"id":170920229,"type":"Coub::Simple","permalink":"2texrr","title":"Ez Zsolti😂","visibility_type":"public","original_visibility_type":"public","channel_id":11747839,"created_at":"2021-06-21T20:02:48Z","updated_at":"2022-02-20T10:34:27Z","is_done":true,"views_count":3343,"cotd":null,"cotd_at":null,"visible_on_explore_root":false,"visible_on_explore":false,"featured":false,"published":true,"published_at":"2021-06-21T20:02:48Z","reversed":false,"from_editor_v2":true,"is_editable":true,"original_sound":true,"has_sound":true,"recoub_to":null,"file_versions":{"html5":{"video":{"higher":{"url":"https://coub-anubis-a.akamaized.net/coub_storage/coub/simple/cw_file/35e298519d7/6762bcdd1f54dfc08ef38/muted_mp4_huge_size_1624305781_muted_huge.mp4","size":492644},"high":{"url":"https://coub-anubis-a.akamaized.net/coub_storage/coub/simple/cw_file/35e298519d7/6762bcdd1f54dfc08ef38/muted_mp4_big_size_1624305781_muted_big.mp4","size":321404},"med":{"url":"https://coub-anubis-a.akamaized.net/coub_storage/coub/simple/cw_file/35e298519d7/6762bcdd1f54dfc08ef38/muted_mp4_med_size_1624305781_muted_med.mp4","size":130071}},"audio":{"high":{"url":"https://coub-anubis-a.akamaized.net/coub_storage/coub/simple/cw_looped_audio_high/4f3cd2a1814/691dc0f3a3c9860081bd8/1624305783_mp3-high.mp3","size":1018544},"med":{"url":"https://coub-anubis-a.akamaized.net/coub_storage/coub/simple/cw_looped_audio_med/631433064b4/48cefd73256df6b717b79/1624305783_mp3-med.mp3","size":894882},"sample_duration":8.011}},"mobile":{"video":"https://coub-anubis-a.akamaized.net/coub_storage/coub/simple/cw_file/35e298519d7/6762bcdd1f54dfc08ef38/muted_mp4_med_size_1624305781_muted_med.mp4","audio":["https://coub-anubis-a.akamaized.net/coub_storage/coub/simple/cw_looped_audio_med/631433064b4/48cefd73256df6b717b79/1624305783_mp3-med.mp3"]},"share":{"default":"https://coub-anubis-a.akamaized.net/coub_storage/coub/simple/cw_video_for_sharing/c50941ae732/9dcb02b3669778e4fbcef/1624305800_looped_1624305799.mp4"}},"audio_versions":{},"image_versions":{"template":"https://coub-anubis-a.akamaized.net/coub_storage/coub/simple/cw_image/cb95bd9410a/b8e5054df5fa0a8995a2b/%{version}_1624305786_00026.jpg","versions":["micro","tiny","age_restricted","ios_large","ios_mosaic","big","med","small","pinterest"]},"first_frame_versions":{"template":"https://coub-anubis-a.akamaized.net/coub_storage/coub/simple/cw_timeline_pic/412c0978d64/0314d694d7d69c887b5e6/%{version}_1624305786_image.jpg","versions":["big","med","small","ios_large"]},"dimensions":{"big":[538,960],"med":[268,480]},"site_w_h":[224,400],"page_w_h":[400,714],"site_w_h_small":[310,553],"size":[538,960],"age_restricted":false,"age_restricted_by_admin":false,"not_safe_for_work":null,"allow_reuse":false,"dont_crop":true,"banned":false,"global_safe":null,"audio_file_url":null,"external_download":false,"application":null,"channel":{"id":11747839,"permalink":"kir-ly-nikolas","title":"Nikolas","description":null,"followers_count":0,"following_count":15,"avatar_versions":{"template":"https://coub-anubis-a.akamaized.net/coub_storage/channel/cw_avatar/a3525e8ac9a/70f8953244d718b14f05a/%{version}_1624205612_filename.jpeg","versions":["medium","medium_2x","profile_pic","profile_pic_new","profile_pic_new_2x","tiny","tiny_2x","small","small_2x","ios_large","ios_small"]}},"file":null,"picture":"https://coub-anubis-a.akamaized.net/coub_storage/coub/simple/cw_image/cb95bd9410a/b8e5054df5fa0a8995a2b/med_1624305786_00026.jpg","timeline_picture":"https://coub-anubis-a.akamaized.net/coub_storage/coub/simple/cw_timeline_pic/412c0978d64/0314d694d7d69c887b5e6/ios_large_1624305786_image.jpg","small_picture":"https://coub-anubis-a.akamaized.net/coub_storage/coub/simple/cw_image/cb95bd9410a/b8e5054df5fa0a8995a2b/ios_mosaic_1624305786_00026.jpg","sharing_picture":null,"percent_done":100,"tags":[],"categories":[{"id":115,"title":"Stand-up & Jokes","permalink":"standup-jokes","subscriptions_count":2029964,"big_image_url":"https://coub-anubis-a.akamaized.net/coub_storage/category/cw_image/e705818f6da/2d68d0903305d728e1d5b/big_1622039112_Stand-up.png","small_image_url":"https://coub-anubis-a.akamaized.net/coub_storage/category/cw_image/e705818f6da/2d68d0903305d728e1d5b/small_1622039112_Stand-up.png","med_image_url":"https://coub-anubis-a.akamaized.net/coub_storage/category/cw_image/e705818f6da/2d68d0903305d728e1d5b/med_1622039112_Stand-up.png","visible":true}],"communities":[{"id":115,"title":"Stand-up & Jokes","permalink":"standup-jokes","subscriptions_count":2029964,"big_image_url":"https://coub-anubis-a.akamaized.net/coub_storage/category/cw_image/e705818f6da/2d68d0903305d728e1d5b/big_1622039112_Stand-up.png","small_image_url":"https://coub-anubis-a.akamaized.net/coub_storage/category/cw_image/e705818f6da/2d68d0903305d728e1d5b/small_1622039112_Stand-up.png","med_image_url":"https://coub-anubis-a.akamaized.net/coub_storage/category/cw_image/e705818f6da/2d68d0903305d728e1d5b/med_1622039112_Stand-up.png","i_subscribed":true,"community_notifications_enabled":null,"description":null}],"recoubs_count":0,"remixes_count":0,"likes_count":8,"dislikes_count":0,"raw_video_id":16547588,"uploaded_by_ios_app":true,"uploaded_by_android_app":false,"media_blocks":{"uploaded_raw_videos":[],"external_raw_videos":[],"remixed_from_coubs":[]},"raw_video_thumbnail_url":"https://coub-anubis-a.akamaized.net/coub_storage/raw_video/cw_image/dddce378b74/d19390c4e0774198515d8/coub_media_1624305766_image.jpg","raw_video_title":"filename.mp4","video_block_banned":false,"duration":8.0,"promo_winner":false,"promo_winner_recoubers":null,"editorial_info":{},"promo_hint":null,"beeline_best_2014":null,"from_web_editor":false,"normalize_sound":true,"normalize_change_allowed":true,"best2015_addable":false,"ahmad_promo":null,"promo_data":null,"audio_copyright_claim":null,"ads_disabled":null,"is_safe_for_ads":true,"megafon_contents":[],"position_on_page":1},{"flag":null,"abuses":null,"recoubs_by_users_channels":null,"favourite":false,"promoted_id":null,"recoub":null,"like":null,"dislike":null,"reaction":null,"in_my_best2015":false,"id":170619754,"type":"Coub::Simple","permalink":"2t8hx5","title":"Ешь Сома","visibility_type":"public","original_visibility_type":"public","channel_id":411231,"created_at":"2021-06-16T14:25:26Z","updated_at":"2021-09-30T19:22:29Z","is_done":true,"views_count":9262,"cotd":null,"cotd_at":null,"visible_on_explore_root":false,"visible_on_explore":false,"featured":false,"published":true,"published_at":"2021-06-16T14:25:26Z","reversed":false,"from_editor_v2":true,"is_editable":true,"original_sound":true,"has_sound":true,"recoub_to":null,"file_versions":{"html5":{"video":{"higher":{"url":"https://coub-anubis-a.akamaized.net/coub_storage/coub/simple/cw_file/973402a86fe/7a97574ba1d3aeaab4b60/muted_mp4_huge_size_1623853529_muted_huge.mp4","size":1063366},"high":{"url":"https://coub-anubis-a.akamaized.net/coub_storage/coub/simple/cw_file/973402a86fe/7a97574ba1d3aeaab4b60/muted_mp4_big_size_1623853529_muted_big.mp4","size":638728},"med":{"url":"https://coub-anubis-a.akamaized.net/coub_storage/coub/simple/cw_file/973402a86fe/7a97574ba1d3aeaab4b60/muted_mp4_med_size_1623853529_muted_med.mp4","size":199009}},"audio":{"high":{"url":"https://coub-anubis-a.akamaized.net/coub_storage/coub/simple/cw_looped_audio_high/7b33e753b76/0343f045cb0b917735117/1623853531_mp3-high.mp3","size":1128418},"med":{"url":"https://coub-anubis-a.akamaized.net/coub_storage/coub/simple/cw_looped_audio_med/94261d7ff6a/a4e4eaa4ff0ea43035d86/1623853530_mp3-med.mp3","size":911979},"sample_duration":3.808}},"mobile":{"video":"https://coub-anubis-a.akamaized.net/coub_storage/coub/simple/cw_file/973402a86fe/7a97574ba1d3aeaab4b60/muted_mp4_med_size_1623853529_muted_med.mp4","audio":["https://coub-anubis-a.akamaized.net/coub_storage/coub/simple/cw_looped_audio_med/94261d7ff6a/a4e4eaa4ff0ea43035d86/1623853530_mp3-med.mp3"]},"share":{"default":"https://coub-anubis-a.akamaized.net/coub_storage/coub/simple/cw_video_for_sharing/6d8fc2e566a/f0c60dd54fa251c7bcf4a/1623853554_looped_1623853553.mp4"}},"audio_versions":{},"image_versions":{"template":"https://coub-anubis-a.akamaized.net/coub_storage/coub/simple/cw_image/ad8b1106af8/ab8f0a358bcc946d8ec90/%{version}_1623853534_00013.jpg","versions":["micro","tiny","age_restricted","ios_large","ios_mosaic","big","med","small","pinterest"]},"first_frame_versions":{"template":"https://coub-anubis-a.akamaized.net/coub_storage/coub/simple/cw_timeline_pic/6a1af0e9497/15bff7b40f4444634c404/%{version}_1623853534_image.jpg","versions":["big","med","small","ios_large"]},"dimensions":{"big":[1280,852],"med":[640,426]},"site_w_h":[640,426],"page_w_h":[640,426],"site_w_h_small":[310,206],"size":[1280,852],"age_restricted":false,"age_restricted_by_admin":false,"not_safe_for_work":null,"allow_reuse":false,"dont_crop":true,"banned":false,"global_safe":null,"audio_file_url":null,"external_download":false,"application":null,"channel":{"id":411231,"permalink":"senor-gennadij","title":"Senor Gennadiy","description":null,"followers_count":24,"following_count":4,"avatar_versions":{"template":"https://coub-anubis-a.akamaized.net/coub_storage/channel/cw_avatar/cbd8126a221/bf82f5e753fdbc0e4c204/%{version}_1608476388_jzbdfa_1474505023_mrzwwb_att-url-download.jpg","versions":["medium","medium_2x","profile_pic","profile_pic_new","profile_pic_new_2x","tiny","tiny_2x","small","small_2x","ios_large","ios_small"]}},"file":null,"picture":"https://coub-anubis-a.akamaized.net/coub_storage/coub/simple/cw_image/ad8b1106af8/ab8f0a358bcc946d8ec90/med_1623853534_00013.jpg","timeline_picture":"https://coub-anubis-a.akamaized.net/coub_storage/coub/simple/cw_timeline_pic/6a1af0e9497/15bff7b40f4444634c404/ios_large_1623853534_image.jpg","small_picture":"https://coub-anubis-a.akamaized.net/coub_storage/coub/simple/cw_image/ad8b1106af8/ab8f0a358bcc946d8ec90/ios_mosaic_1623853534_00013.jpg","sharing_picture":null,"percent_done":100,"tags":[{"id":50,"title":"coub","value":"coub"},{"id":26946,"title":"кузя","value":"%D0%BA%D1%83%D0%B7%D1%8F"}],"categories":[{"id":115,"title":"Stand-up & Jokes","permalink":"standup-jokes","subscriptions_count":2029964,"big_image_url":"https://coub-anubis-a.akamaized.net/coub_storage/category/cw_image/e705818f6da/2d68d0903305d728e1d5b/big_1622039112_Stand-up.png","small_image_url":"https://coub-anubis-a.akamaized.net/coub_storage/category/cw_image/e705818f6da/2d68d0903305d728e1d5b/small_1622039112_Stand-up.png","med_image_url":"https://coub-anubis-a.akamaized.net/coub_storage/category/cw_image/e705818f6da/2d68d0903305d728e1d5b/med_1622039112_Stand-up.png","visible":true}],"communities":[{"id":115,"title":"Stand-up & Jokes","permalink":"standup-jokes","subscriptions_count":2029964,"big_image_url":"https://coub-anubis-a.akamaized.net/coub_storage/category/cw_image/e705818f6da/2d68d0903305d728e1d5b/big_1622039112_Stand-up.png","small_image_url":"https://coub-anubis-a.akamaized.net/coub_storage/category/cw_image/e705818f6da/2d68d0903305d728e1d5b/small_1622039112_Stand-up.png","med_image_url":"https://coub-anubis-a.akamaized.net/coub_storage/category/cw_image/e705818f6da/2d68d0903305d728e1d5b/med_1622039112_Stand-up.png","i_subscribed":true,"community_notifications_enabled":null,"description":null}],"recoubs_count":3,"remixes_count":0,"likes_count":8,"dislikes_count":0,"raw_video_id":16533789,"uploaded_by_ios_app":false,"uploaded_by_android_app":false,"media_blocks":{"uploaded_raw_videos":[],"external_raw_videos":[],"remixed_from_coubs":[]},"raw_video_thumbnail_url":"https://coub-anubis-a.akamaized.net/coub_storage/raw_video/cw_image/77aae0c751e/272a0881ccb4a2e123292/coub_media_1623853403_image.jpg","raw_video_title":"____.avi","video_block_banned":false,"duration":3.84,"promo_winner":false,"promo_winner_recoubers":null,"editorial_info":{},"promo_hint":null,"beeline_best_2014":null,"from_web_editor":true,"normalize_sound":true,"normalize_change_allowed":true,"best2015_addable":false,"ahmad_promo":null,"promo_data":null,"audio_copyright_claim":null,"ads_disabled":null,"is_safe_for_ads":true,"megafon_contents":[],"position_on_page":2},{"flag":null,"abuses":null,"recoubs_by_users_channels":null,"favourite":false,"promoted_id":null,"recoub":null,"like":null,"dislike":null,"reaction":null,"in_my_best2015":false,"id":170517725,"type":"Coub::Simple","permalink":"2t6b6w","title":"Covid","visibility_type":"public","original_visibility_type":"public","channel_id":89590,"created_at":"2021-06-14T16:05:02Z","updated_at":"2021-06-18T13:40:19Z","is_done":true,"views_count":5312,"cotd":null,"cotd_at":null,"visible_on_explore_root":false,"visible_on_explore":false,"featured":false,"published":true,"published_at":"2021-06-14T16:05:02Z","reversed":false,"from_editor_v2":true,"is_editable":true,"original_sound":true,"has_sound":true,"recoub_to":null,"file_versions":{"html5":{"video":{"higher":{"url":"https://coub-anubis-a.akamaized.net/coub_storage/coub/simple/cw_file/33295f72c30/8137bafb1a88c24d22d47/muted_mp4_huge_size_1623686746_muted_huge.mp4","size":1902480},"high":{"url":"https://coub-anubis-a.akamaized.net/coub_storage/coub/simple/cw_file/33295f72c30/8137bafb1a88c24d22d47/muted_mp4_big_size_1623686746_muted_big.mp4","size":1288006},"med":{"url":"https://coub-anubis-a.akamaized.net/coub_storage/coub/simple/cw_file/33295f72c30/8137bafb1a88c24d22d47/muted_mp4_med_size_1623686746_muted_med.mp4","size":375737}},"audio":{"high":{"url":"https://coub-anubis-a.akamaized.net/coub_storage/coub/simple/cw_looped_audio_high/69719c572c2/70efd1730f11239f8ee62/1623686748_mp3-high.mp3","size":1073684},"med":{"url":"https://coub-anubis-a.akamaized.net/coub_storage/coub/simple/cw_looped_audio_med/730b1842ee2/35edd55ab0117156c0450/1623686747_mp3-med.mp3","size":804968},"sample_duration":10.101}},"mobile":{"video":"https://coub-anubis-a.akamaized.net/coub_storage/coub/simple/cw_file/33295f72c30/8137bafb1a88c24d22d47/muted_mp4_med_size_1623686746_muted_med.mp4","audio":["https://coub-anubis-a.akamaized.net/coub_storage/coub/simple/cw_looped_audio_med/730b1842ee2/35edd55ab0117156c0450/1623686747_mp3-med.mp3"]},"share":{"default":"https://coub-anubis-a.akamaized.net/coub_storage/coub/simple/cw_video_for_sharing/5d2453b1c67/c194474afedb7aa0046de/1623686828_looped_1623686821.mp4"}},"audio_versions":{},"image_versions":{"template":"https://coub-anubis-a.akamaized.net/coub_storage/coub/simple/cw_image/7e92f4452c8/4a7490714593cd79d3a51/%{version}_1623686756_00032.jpg","versions":["micro","tiny","age_restricted","ios_large","ios_mosaic","big","med","small","pinterest"]},"first_frame_versions":{"template":"https://coub-anubis-a.akamaized.net/coub_storage/coub/simple/cw_timeline_pic/5fc7818d007/5be387b4ac4be1b61e538/%{version}_1623686755_image.jpg","versions":["big","med","small","ios_large"]},"dimensions":{"big":[1280,720],"med":[640,360]},"site_w_h":[640,360],"page_w_h":[640,360],"site_w_h_small":[310,174],"size":[1280,720],"age_restricted":false,"age_restricted_by_admin":false,"not_safe_for_work":null,"allow_reuse":false,"dont_crop":true,"banned":false,"global_safe":null,"audio_file_url":null,"external_download":{"type":"Youtube","service_name":"YouTube","url":"https://youtu.be/sJfTjBARxnE","has_embed":true},"application":null,"channel":{"id":89590,"permalink":"faka-faka","title":"Faka Faka","description":null,"followers_count":13,"following_count":0,"avatar_versions":{"template":"https://coubsecureassets-a.akamaihd.net/assets/default-avatars/145-5c0a2ad3ade223b5ca1d99aee3f64583ff3a04275e23c4368c1c9940bc15341a.png"}},"file":null,"picture":"https://coub-anubis-a.akamaized.net/coub_storage/coub/simple/cw_image/7e92f4452c8/4a7490714593cd79d3a51/med_1623686756_00032.jpg","timeline_picture":"https://coub-anubis-a.akamaized.net/coub_storage/coub/simple/cw_timeline_pic/5fc7818d007/5be387b4ac4be1b61e538/ios_large_1623686755_image.jpg","small_picture":"https://coub-anubis-a.akamaized.net/coub_storage/coub/simple/cw_image/7e92f4452c8/4a7490714593cd79d3a51/ios_mosaic_1623686756_00032.jpg","sharing_picture":null,"percent_done":100,"tags":[{"id":74,"title":"rap","value":"rap"},{"id":256,"title":"hiphop","value":"hiphop"},{"id":16069,"title":"independent","value":"independent"},{"id":752,"title":"rapper","value":"rapper"},{"id":127123,"title":"hopsin","value":"hopsin"},{"id":1379072,"title":"hopsintv","value":"hopsintv"},{"id":5477807,"title":"covid","value":"covid"},{"id":5613325,"title":"covid mansion","value":"covid%20mansion"},{"id":6357622,"title":"hopsin covid mansion","value":"hopsin%20covid%20mansion"},{"id":361185,"title":"2020","value":"2020"},{"id":31829,"title":"april","value":"april"},{"id":53502,"title":"quarantine","value":"quarantine"},{"id":6357623,"title":"covid song","value":"covid%20song"},{"id":86,"title":"music","value":"music"},{"id":7146,"title":"hip hop","value":"hip%20hop"},{"id":4175,"title":"deadpool","value":"deadpool"},{"id":84144,"title":"ryan reynolds","value":"ryan%20reynolds"},{"id":3213,"title":"marvel","value":"marvel"},{"id":374985,"title":"reaction coub","value":"reaction%20coub"},{"id":15819,"title":"reaction","value":"reaction"},{"id":275406,"title":"exactly","value":"exactly"},{"id":3666089,"title":"random reactions","value":"random%20reactions"}],"categories":[{"id":115,"title":"Stand-up & Jokes","permalink":"standup-jokes","subscriptions_count":2029964,"big_image_url":"https://coub-anubis-a.akamaized.net/coub_storage/category/cw_image/e705818f6da/2d68d0903305d728e1d5b/big_1622039112_Stand-up.png","small_image_url":"https://coub-anubis-a.akamaized.net/coub_storage/category/cw_image/e705818f6da/2d68d0903305d728e1d5b/small_1622039112_Stand-up.png","med_image_url":"https://coub-anubis-a.akamaized.net/coub_storage/category/cw_image/e705818f6da/2d68d0903305d728e1d5b/med_1622039112_Stand-up.png","visible":true}],"communities":[{"id":115,"title":"Stand-up & Jokes","permalink":"standup-jokes","subscriptions_count":2029964,"big_image_url":"https://coub-anubis-a.akamaized.net/coub_storage/category/cw_image/e705818f6da/2d68d0903305d728e1d5b/big_1622039112_Stand-up.png","small_image_url":"https://coub-anubis-a.akamaized.net/coub_storage/category/cw_image/e705818f6da/2d68d0903305d728e1d5b/small_1622039112_Stand-up.png","med_image_url":"https://coub-anubis-a.akamaized.net/coub_storage/category/cw_image/e705818f6da/2d68d0903305d728e1d5b/med_1622039112_Stand-up.png","i_subscribed":true,"community_notifications_enabled":null,"description":null}],"recoubs_count":0,"remixes_count":0,"likes_count":8,"dislikes_count":0,"raw_video_id":16528563,"uploaded_by_ios_app":false,"uploaded_by_android_app":false,"media_blocks":{"uploaded_raw_videos":[],"external_raw_videos":[{"id":39078262,"title":"Hopsin - Covid Mansion","url":"https://www.youtube.com/watch?v=sJfTjBARxnE","image":"https://coub-anubis-a.akamaized.net/coub_storage/media_block/cw_image/672c36ac2a7/018fc04d012ff044faac0/video_1623686261_1e7cwfj_1623686207_1623686204_wtwmio_att-url-download.webp","image_retina":"https://coub-anubis-a.akamaized.net/coub_storage/media_block/cw_image/672c36ac2a7/018fc04d012ff044faac0/video_retina_1623686261_1e7cwfj_1623686207_1623686204_wtwmio_att-url-download.webp","meta":{"service":"Youtube","duration":"179.28"},"duration":179.28,"raw_video_id":16528563,"has_embed":true}],"remixed_from_coubs":[{"id":18914035,"title":"Deadpool reacts to","url":"http://coub.com/coubs/den5c/remix","image":"https://coub-anubis-a.akamaized.net/coub_storage/media_block/cw_image/bf66479917e/e5b168bbea0e3f66541f3/1492013516_1468225287_00004.jpg","image_retina":"https://coub-anubis-a.akamaized.net/coub_storage/media_block/cw_image/bf66479917e/e5b168bbea0e3f66541f3/1492013516_1468225287_00004.jpg","meta":{"duration":"1.16"},"duration":null,"coub_channel_title":"Random Reactions","coub_channel_permalink":"random.reactions","coub_views_count":422,"coub_permalink":"den5c"}],"external_video":{"id":39078262,"title":"Hopsin - Covid Mansion","url":"https://www.youtube.com/watch?v=sJfTjBARxnE","image":"https://coub-anubis-a.akamaized.net/coub_storage/media_block/cw_image/672c36ac2a7/018fc04d012ff044faac0/video_1623686261_1e7cwfj_1623686207_1623686204_wtwmio_att-url-download.webp","image_retina":"https://coub-anubis-a.akamaized.net/coub_storage/media_block/cw_image/672c36ac2a7/018fc04d012ff044faac0/video_retina_1623686261_1e7cwfj_1623686207_1623686204_wtwmio_att-url-download.webp","meta":{"service":"Youtube","duration":"179.28"},"duration":179.28,"raw_video_id":16528563,"has_embed":true}},"raw_video_thumbnail_url":"https://coub-anubis-a.akamaized.net/coub_storage/raw_video/cw_image/4d8a2176b0f/f287a0e886672d5573b43/coub_media_1623686207_1623686204_wtwmio_att-url-download.webp","raw_video_title":"Hopsin - Covid Mansion","video_block_banned":false,"duration":10.0,"promo_winner":false,"promo_winner_recoubers":null,"editorial_info":{},"promo_hint":null,"beeline_best_2014":null,"from_web_editor":true,"normalize_sound":true,"normalize_change_allowed":true,"best2015_addable":false,"ahmad_promo":null,"promo_data":null,"audio_copyright_claim":null,"ads_disabled":null,"is_safe_for_ads":true,"megafon_contents":[],"position_on_page":3},{"flag":null,"abuses":null,"recoubs_by_users_channels":null,"favourite":false,"promoted_id":null,"recoub":null,"like":null,"dislike":null,"reaction":null,"in_my_best2015":false,"id":170279144,"type":"Coub::Simple","permalink":"2t173k","title":"Когда заболел","visibility_type":"public","original_visibility_type":"public","channel_id":1400364,"created_at":"2021-06-10T09:22:14Z","updated_at":"2022-02-22T15:11:29Z","is_done":true,"views_count":4306,"cotd":null,"cotd_at":null,"visible_on_explore_root":false,"visible_on_explore":false,"featured":false,"published":true,"published_at":"2021-06-10T09:22:14Z","reversed":false,"from_editor_v2":true,"is_editable":true,"original_sound":false,"has_sound":false,"recoub_to":null,"file_versions":{"html5":{"video":{"higher":{"url":"https://coub-anubis-a.akamaized.net/coub_storage/coub/simple/cw_file/e20a3714914/5db31c4fed204dcabd52c/muted_mp4_huge_size_1623316945_muted_huge.mp4","size":1000518},"high":{"url":"https://coub-anubis-a.akamaized.net/coub_storage/coub/simple/cw_file/e20a3714914/5db31c4fed204dcabd52c/muted_mp4_big_size_1623316945_muted_big.mp4","size":610630},"med":{"url":"https://coub-anubis-a.akamaized.net/coub_storage/coub/simple/cw_file/e20a3714914/5db31c4fed204dcabd52c/muted_mp4_med_size_1623316945_muted_med.mp4","size":185697}},"audio":{"high":{"url":"https://coub-anubis-a.akamaized.net/coub_storage/coub/simple/cw_looped_audio_high/1676091bc5b/38d9ed948ee0aba2eef8b/1623316949_mp3-high.mp3","size":1238629},"med":{"url":"https://coub-anubis-a.akamaized.net/coub_storage/coub/simple/cw_looped_audio_med/92111a6e8cb/1c8ec6f42c876c31c138a/1623316948_mp3-med.mp3","size":950760}}},"mobile":{"video":"https://coub-anubis-a.akamaized.net/coub_storage/coub/simple/cw_file/e20a3714914/5db31c4fed204dcabd52c/muted_mp4_med_size_1623316945_muted_med.mp4","audio":["https://coub-anubis-a.akamaized.net/coub_storage/coub/simple/cw_looped_audio_med/92111a6e8cb/1c8ec6f42c876c31c138a/1623316948_mp3-med.mp3"]},"share":{"default":"https://coub-anubis-a.akamaized.net/coub_storage/coub/simple/cw_video_for_sharing/452e13440a2/229e01c4dca7e5945a7ad/1623316967_looped_1623316966.mp4"}},"audio_versions":{"template":"https://coub-anubis-a.akamaized.net/coub_storage/audio_track/cw_normalized_copy/1288771cb85/1c81e3bbc5db1f1757aa1/mid_1623316946_normalized_1623316945_76ihxx_edited.mp3","versions":["mid","low"]},"image_versions":{"template":"https://coub-anubis-a.akamaized.net/coub_storage/coub/simple/cw_image/dafe2ba1bdb/10c66ab5a65b75a86e6d1/%{version}_1623316951_00019.jpg","versions":["micro","tiny","age_restricted","ios_large","ios_mosaic","big","med","small","pinterest"]},"first_frame_versions":{"template":"https://coub-anubis-a.akamaized.net/coub_storage/coub/simple/cw_timeline_pic/63c16b565eb/c7d213942ee3c5adb06f0/%{version}_1623316951_image.jpg","versions":["big","med","small","ios_large"]},"dimensions":{"big":[538,960],"med":[268,480]},"site_w_h":[224,400],"page_w_h":[400,714],"site_w_h_small":[310,553],"size":[538,960],"age_restricted":false,"age_restricted_by_admin":false,"not_safe_for_work":null,"allow_reuse":false,"dont_crop":true,"banned":false,"global_safe":null,"audio_file_url":"https://coub-anubis-a.akamaized.net/coub_storage/audio_track/cw_normalized_copy/1288771cb85/1c81e3bbc5db1f1757aa1/low_1623316946_normalized_1623316945_76ihxx_edited.mp3","external_download":false,"application":null,"channel":{"id":1400364,"permalink":"pasha-bcrd","title":"Sovsem Pasha","description":null,"followers_count":21,"following_count":6,"avatar_versions":{"template":"https://coub-anubis-a.akamaized.net/coub_storage/channel/cw_avatar/ac3d1305221/3c26ca54e20419f66dca7/%{version}_1624693016_filename.jpeg","versions":["medium","medium_2x","profile_pic","profile_pic_new","profile_pic_new_2x","tiny","tiny_2x","small","small_2x","ios_large","ios_small"]}},"file":null,"picture":"https://coub-anubis-a.akamaized.net/coub_storage/coub/simple/cw_image/dafe2ba1bdb/10c66ab5a65b75a86e6d1/med_1623316951_00019.jpg","timeline_picture":"https://coub-anubis-a.akamaized.net/coub_storage/coub/simple/cw_timeline_pic/63c16b565eb/c7d213942ee3c5adb06f0/ios_large_1623316951_image.jpg","small_picture":"https://coub-anubis-a.akamaized.net/coub_storage/coub/simple/cw_image/dafe2ba1bdb/10c66ab5a65b75a86e6d1/ios_mosaic_1623316951_00019.jpg","sharing_picture":null,"percent_done":100,"tags":[{"id":1146918,"title":"простые движения","value":"%D0%BF%D1%80%D0%BE%D1%81%D1%82%D1%8B%D0%B5%20%D0%B4%D0%B2%D0%B8%D0%B6%D0%B5%D0%BD%D0%B8%D1%8F"},{"id":39738,"title":"болезнь","value":"%D0%B1%D0%BE%D0%BB%D0%B5%D0%B7%D0%BD%D1%8C"},{"id":1543188,"title":"я продолжаю","value":"%D1%8F%20%D0%BF%D1%80%D0%BE%D0%B4%D0%BE%D0%BB%D0%B6%D0%B0%D1%8E"}],"categories":[{"id":115,"title":"Stand-up & Jokes","permalink":"standup-jokes","subscriptions_count":2029964,"big_image_url":"https://coub-anubis-a.akamaized.net/coub_storage/category/cw_image/e705818f6da/2d68d0903305d728e1d5b/big_1622039112_Stand-up.png","small_image_url":"https://coub-anubis-a.akamaized.net/coub_storage/category/cw_image/e705818f6da/2d68d0903305d728e1d5b/small_1622039112_Stand-up.png","med_image_url":"https://coub-anubis-a.akamaized.net/coub_storage/category/cw_image/e705818f6da/2d68d0903305d728e1d5b/med_1622039112_Stand-up.png","visible":true}],"communities":[{"id":115,"title":"Stand-up & Jokes","permalink":"standup-jokes","subscriptions_count":2029964,"big_image_url":"https://coub-anubis-a.akamaized.net/coub_storage/category/cw_image/e705818f6da/2d68d0903305d728e1d5b/big_1622039112_Stand-up.png","small_image_url":"https://coub-anubis-a.akamaized.net/coub_storage/category/cw_image/e705818f6da/2d68d0903305d728e1d5b/small_1622039112_Stand-up.png","med_image_url":"https://coub-anubis-a.akamaized.net/coub_storage/category/cw_image/e705818f6da/2d68d0903305d728e1d5b/med_1622039112_Stand-up.png","i_subscribed":true,"community_notifications_enabled":null,"description":null}],"recoubs_count":0,"remixes_count":0,"likes_count":8,"dislikes_count":0,"raw_video_id":16516572,"uploaded_by_ios_app":true,"uploaded_by_android_app":false,"media_blocks":{"uploaded_raw_videos":[],"external_raw_videos":[],"remixed_from_coubs":[]},"raw_video_thumbnail_url":"https://coub-anubis-a.akamaized.net/coub_storage/raw_video/cw_image/63f9db7bbe7/f82562e3a18d9f0285768/coub_media_1623316928_image.jpg","raw_video_title":"filename.mp4","video_block_banned":false,"duration":6.0,"promo_winner":false,"promo_winner_recoubers":null,"editorial_info":{},"promo_hint":null,"beeline_best_2014":null,"from_web_editor":false,"normalize_sound":true,"normalize_change_allowed":true,"best2015_addable":false,"ahmad_promo":null,"promo_data":null,"audio_copyright_claim":null,"ads_disabled":null,"is_safe_for_ads":true,"megafon_contents":[],"position_on_page":4},{"flag":null,"abuses":null,"recoubs_by_users_channels":null,"favourite":false,"promoted_id":null,"recoub":null,"like":null,"dislike":null,"reaction":null,"in_my_best2015":false,"id":89852915,"type":"Coub::Simple","permalink":"1h385e","title":"Best Comedy Show in Las Vegas","visibility_type":"public","original_visibility_type":"public","channel_id":4931908,"created_at":"2018-10-31T08:45:35Z","updated_at":"2020-11-17T07:45:26Z","is_done":true,"views_count":1236,"cotd":null,"cotd_at":null,"visible_on_explore_root":false,"visible_on_explore":false,"featured":false,"published":true,"published_at":"2018-10-31T08:45:34Z","reversed":false,"from_editor_v2":true,"is_editable":true,"original_sound":true,"has_sound":true,"recoub_to":null,"file_versions":{"html5":{"video":{"high":{"url":"https://coub-anubis-a.akamaized.net/coub_storage/coub/simple/cw_file/707b77b0028/3d042d37879bd04e214fb/muted_mp4_big_size_1540975576_muted_big.mp4","size":1500758},"med":{"url":"https://coub-anubis-a.akamaized.net/coub_storage/coub/simple/cw_file/707b77b0028/3d042d37879bd04e214fb/muted_mp4_med_size_1540975576_muted_med.mp4","size":389276}},"audio":{"high":{"url":"https://coub-anubis-a.akamaized.net/coub_storage/coub/simple/cw_looped_audio_high/b54b4657344/75faa8ecbc52aadf713f3/1605599125_high_1540975578_high.mp3","size":1022317},"med":{"url":"https://coub-anubis-a.akamaized.net/coub_storage/coub/simple/cw_looped_audio_med/a95bc3108b0/310925d170bf09aeaf6e5/1605599124_med_1540975578_med.mp3","size":799076},"sample_duration":10.009}},"mobile":{"video":"https://coub-anubis-a.akamaized.net/coub_storage/coub/simple/cw_file/707b77b0028/3d042d37879bd04e214fb/muted_mp4_med_size_1540975576_muted_med.mp4","audio":["https://coub-anubis-a.akamaized.net/coub_storage/coub/simple/cw_looped_audio_med/a95bc3108b0/310925d170bf09aeaf6e5/1605599124_med_1540975578_med.mp3"]},"share":{"default":null}},"audio_versions":{},"image_versions":{"template":"https://coub-anubis-a.akamaized.net/coub_storage/coub/simple/cw_image/f7f0ae7ca27/49dcacf2e32f7e97ff7cd/1540975593_00032.jpg","versions":["micro","tiny","age_restricted","ios_large","ios_mosaic","big","med","small","pinterest"]},"first_frame_versions":{"template":"https://coub-anubis-a.akamaized.net/coub_storage/coub/simple/cw_timeline_pic/d3b90487730/a6ceb01dfccc43677132b/%{version}_1540975592_image.jpg","versions":["big","med","small","ios_large"]},"dimensions":{"big":[1262,656],"med":[640,332]},"site_w_h":[640,333],"page_w_h":[640,333],"site_w_h_small":[310,161],"size":[1262,656],"age_restricted":false,"age_restricted_by_admin":false,"not_safe_for_work":false,"allow_reuse":false,"dont_crop":false,"banned":false,"global_safe":true,"audio_file_url":null,"external_download":false,"application":null,"channel":{"id":4931908,"permalink":"comedyshowvegas","title":"Comedy Show Vegas","description":"Comedian and magician Mike Hammer is a Las Vegas Headliner at Four Queens Hotel & Casino, 7PM Tues - Sat.","followers_count":23,"following_count":11,"avatar_versions":{"template":"https://coub-anubis-a.akamaized.net/coub_storage/channel/cw_avatar/ce3f7413524/b53b330d39a867e56fb93/%{version}_1607718170_2oedjt_1540974785_Comedian_in_Las_Vegas.jpg","versions":["medium","medium_2x","profile_pic","profile_pic_new","profile_pic_new_2x","tiny","tiny_2x","small","small_2x","ios_large","ios_small"]}},"file":null,"picture":"https://coub-anubis-a.akamaized.net/coub_storage/coub/simple/cw_image/f7f0ae7ca27/49dcacf2e32f7e97ff7cd/1540975593_00032.jpg","timeline_picture":"https://coub-anubis-a.akamaized.net/coub_storage/coub/simple/cw_timeline_pic/d3b90487730/a6ceb01dfccc43677132b/ios_large_1540975592_image.jpg","small_picture":"https://coub-anubis-a.akamaized.net/coub_storage/coub/simple/cw_image/f7f0ae7ca27/49dcacf2e32f7e97ff7cd/1540975593_00032.jpg","sharing_picture":null,"percent_done":100,"tags":[{"id":4404716,"title":"comedy show vegas comedy show las vegas comedian vegas comedy magic show vegas magic show vegas c...","value":"comedy%20show%20vegas%20comedy%20show%20las%20vegas%20comedian%20vegas%20comedy%20magic%20show%20vegas%20magic%20show%20vegas%20c..."}],"categories":[{"id":115,"title":"Stand-up & Jokes","permalink":"standup-jokes","subscriptions_count":2029964,"big_image_url":"https://coub-anubis-a.akamaized.net/coub_storage/category/cw_image/e705818f6da/2d68d0903305d728e1d5b/big_1622039112_Stand-up.png","small_image_url":"https://coub-anubis-a.akamaized.net/coub_storage/category/cw_image/e705818f6da/2d68d0903305d728e1d5b/small_1622039112_Stand-up.png","med_image_url":"https://coub-anubis-a.akamaized.net/coub_storage/category/cw_image/e705818f6da/2d68d0903305d728e1d5b/med_1622039112_Stand-up.png","visible":true}],"communities":[{"id":115,"title":"Stand-up & Jokes","permalink":"standup-jokes","subscriptions_count":2029964,"big_image_url":"https://coub-anubis-a.akamaized.net/coub_storage/category/cw_image/e705818f6da/2d68d0903305d728e1d5b/big_1622039112_Stand-up.png","small_image_url":"https://coub-anubis-a.akamaized.net/coub_storage/category/cw_image/e705818f6da/2d68d0903305d728e1d5b/small_1622039112_Stand-up.png","med_image_url":"https://coub-anubis-a.akamaized.net/coub_storage/category/cw_image/e705818f6da/2d68d0903305d728e1d5b/med_1622039112_Stand-up.png","i_subscribed":true,"community_notifications_enabled":null,"description":null}],"recoubs_count":3,"remixes_count":0,"likes_count":8,"dislikes_count":0,"raw_video_id":12620608,"uploaded_by_ios_app":false,"uploaded_by_android_app":false,"media_blocks":{"uploaded_raw_videos":[],"external_raw_videos":[],"remixed_from_coubs":[]},"raw_video_thumbnail_url":"/missing/missing.png","raw_video_title":"Best_Comedy_Show_in_Las_Vegas.mp4","video_block_banned":false,"duration":10.0,"promo_winner":false,"promo_winner_recoubers":null,"editorial_info":{},"promo_hint":null,"beeline_best_2014":null,"from_web_editor":true,"normalize_sound":true,"normalize_change_allowed":true,"best2015_addable":false,"ahmad_promo":null,"promo_data":null,"audio_copyright_claim":null,"ads_disabled":false,"is_safe_for_ads":true,"megafon_contents":[],"position_on_page":5},{"flag":null,"abuses":null,"recoubs_by_users_channels":null,"favourite":false,"promoted_id":null,"recoub":null,"like":null,"dislike":null,"reaction":null,"in_my_best2015":false,"id":68538589,"type":"Coub::Simple","permalink":"14db70","title":"VERSUS  гуф vs птаха","visibility_type":"public","original_visibility_type":"public","channel_id":3613662,"created_at":"2018-03-05T13:07:20Z","updated_at":"2021-11-13T12:17:44Z","is_done":true,"views_count":736,"cotd":null,"cotd_at":null,"visible_on_explore_root":false,"visible_on_explore":false,"featured":false,"published":true,"published_at":"2018-03-05T13:07:19Z","reversed":false,"from_editor_v2":true,"is_editable":true,"original_sound":true,"has_sound":true,"recoub_to":null,"file_versions":{"html5":{"video":{"high":{"url":"https://coub-anubis-a.akamaized.net/coub_storage/coub/simple/cw_file/85efb453981/db2da8903e167e2e14c14/muted_mp4_big_size_1520255262_muted_big.mp4","size":426138},"med":{"url":"https://coub-anubis-a.akamaized.net/coub_storage/coub/simple/cw_file/85efb453981/db2da8903e167e2e14c14/muted_mp4_med_size_1520255262_muted_med.mp4","size":177605}},"audio":{"high":{"url":"https://coub-anubis-a.akamaized.net/coub_storage/coub/simple/cw_looped_audio_high/8d60147d012/286927e29612aa1cbe3d7/1605636430_high_1520255263_high.mp3","size":896245},"med":{"url":"https://coub-anubis-a.akamaized.net/coub_storage/coub/simple/cw_looped_audio_med/0c905054a29/a623b680b52e51d1c9dc0/1605636430_med_1520255263_med.mp3","size":799076},"sample_duration":10.009}},"mobile":{"video":"https://coub-anubis-a.akamaized.net/coub_storage/coub/simple/cw_file/85efb453981/db2da8903e167e2e14c14/muted_mp4_med_size_1520255262_muted_med.mp4","audio":["https://coub-anubis-a.akamaized.net/coub_storage/coub/simple/cw_looped_audio_med/0c905054a29/a623b680b52e51d1c9dc0/1605636430_med_1520255263_med.mp3"]},"share":{"default":null}},"audio_versions":{},"image_versions":{"template":"https://coub-anubis-a.akamaized.net/coub_storage/coub/simple/cw_image/b6fe021a96b/0b6adac9c793f7686c982/1520255270_00032.jpg","versions":["micro","tiny","age_restricted","ios_large","ios_mosaic","big","med","small","pinterest"]},"first_frame_versions":{"template":"https://coub-anubis-a.akamaized.net/coub_storage/coub/simple/cw_timeline_pic/26648969afd/9899702e52f5cc1ccd690/1520255269_image.jpg","versions":["big","med","small","ios_large"]},"dimensions":{"big":[1280,720],"med":[640,360]},"site_w_h":[640,360],"page_w_h":[640,360],"site_w_h_small":[310,174],"size":[1280,720],"age_restricted":false,"age_restricted_by_admin":false,"not_safe_for_work":null,"allow_reuse":false,"dont_crop":false,"banned":false,"global_safe":null,"audio_file_url":null,"external_download":{"type":"Youtube","service_name":"YouTube","url":"http://youtu.be/pSVIMtZr0lY","has_embed":true},"application":null,"channel":{"id":3613662,"permalink":"igor2739","title":"KLIM","description":null,"followers_count":41,"following_count":11,"avatar_versions":{"template":"https://coub-anubis-a.akamaized.net/coub_storage/channel/cw_avatar/7d541722c07/034313cd8680b89121520/%{version}_1636541074_filename.jpeg","versions":["medium","medium_2x","profile_pic","profile_pic_new","profile_pic_new_2x","tiny","tiny_2x","small","small_2x","ios_large","ios_small"]}},"file":null,"picture":"https://coub-anubis-a.akamaized.net/coub_storage/coub/simple/cw_image/b6fe021a96b/0b6adac9c793f7686c982/1520255270_00032.jpg","timeline_picture":"https://coub-anubis-a.akamaized.net/coub_storage/coub/simple/cw_timeline_pic/26648969afd/9899702e52f5cc1ccd690/1520255269_image.jpg","small_picture":"https://coub-anubis-a.akamaized.net/coub_storage/coub/simple/cw_image/b6fe021a96b/0b6adac9c793f7686c982/1520255270_00032.jpg","sharing_picture":null,"percent_done":100,"tags":[{"id":612,"title":"гуф","value":"%D0%B3%D1%83%D1%84"},{"id":244005,"title":"птаха","value":"%D0%BF%D1%82%D0%B0%D1%85%D0%B0"},{"id":60213,"title":"версус","value":"%D0%B2%D0%B5%D1%80%D1%81%D1%83%D1%81"},{"id":7057,"title":"versus","value":"versus"},{"id":6146,"title":"guf","value":"guf"},{"id":3763162,"title":"gufrip","value":"gufrip"},{"id":882,"title":"прикол","value":"%D0%BF%D1%80%D0%B8%D0%BA%D0%BE%D0%BB"},{"id":9326,"title":"конец","value":"%D0%BA%D0%BE%D0%BD%D0%B5%D1%86"},{"id":1377037,"title":"версусбатл","value":"%D0%B2%D0%B5%D1%80%D1%81%D1%83%D1%81%D0%B1%D0%B0%D1%82%D0%BB"}],"categories":[{"id":115,"title":"Stand-up & Jokes","permalink":"standup-jokes","subscriptions_count":2029964,"big_image_url":"https://coub-anubis-a.akamaized.net/coub_storage/category/cw_image/e705818f6da/2d68d0903305d728e1d5b/big_1622039112_Stand-up.png","small_image_url":"https://coub-anubis-a.akamaized.net/coub_storage/category/cw_image/e705818f6da/2d68d0903305d728e1d5b/small_1622039112_Stand-up.png","med_image_url":"https://coub-anubis-a.akamaized.net/coub_storage/category/cw_image/e705818f6da/2d68d0903305d728e1d5b/med_1622039112_Stand-up.png","visible":true}],"communities":[{"id":115,"title":"Stand-up & Jokes","permalink":"standup-jokes","subscriptions_count":2029964,"big_image_url":"https://coub-anubis-a.akamaized.net/coub_storage/category/cw_image/e705818f6da/2d68d0903305d728e1d5b/big_1622039112_Stand-up.png","small_image_url":"https://coub-anubis-a.akamaized.net/coub_storage/category/cw_image/e705818f6da/2d68d0903305d728e1d5b/small_1622039112_Stand-up.png","med_image_url":"https://coub-anubis-a.akamaized.net/coub_storage/category/cw_image/e705818f6da/2d68d0903305d728e1d5b/med_1622039112_Stand-up.png","i_subscribed":true,"community_notifications_enabled":null,"description":null}],"recoubs_count":1,"remixes_count":0,"likes_count":8,"dislikes_count":0,"raw_video_id":11256258,"uploaded_by_ios_app":false,"uploaded_by_android_app":true,"media_blocks":{"uploaded_raw_videos":[],"external_raw_videos":[{"id":25140633,"title":"VERSUS Guf VS Птаха ЗА 1 МИНУТУ!","url":"http://www.youtube.com/watch?v=pSVIMtZr0lY","image":"https://coub-anubis-a.akamaized.net/coub_storage/media_block/cw_image/abc5681fe79/5d27bdd48ca82185c733d/1520255001_1520254986_gst610_att-url-download.jpg","image_retina":"https://coub-anubis-a.akamaized.net/coub_storage/media_block/cw_image/abc5681fe79/5d27bdd48ca82185c733d/1520255001_1520254986_gst610_att-url-download.jpg","meta":{"service":"Youtube","duration":"61.2"},"duration":61.2,"raw_video_id":11256258,"has_embed":true}],"remixed_from_coubs":[],"external_video":{"id":25140633,"title":"VERSUS Guf VS Птаха ЗА 1 МИНУТУ!","url":"http://www.youtube.com/watch?v=pSVIMtZr0lY","image":"https://coub-anubis-a.akamaized.net/coub_storage/media_block/cw_image/abc5681fe79/5d27bdd48ca82185c733d/1520255001_1520254986_gst610_att-url-download.jpg","image_retina":"https://coub-anubis-a.akamaized.net/coub_storage/media_block/cw_image/abc5681fe79/5d27bdd48ca82185c733d/1520255001_1520254986_gst610_att-url-download.jpg","meta":{"service":"Youtube","duration":"61.2"},"duration":61.2,"raw_video_id":11256258,"has_embed":true}},"raw_video_thumbnail_url":"/missing/missing.png","raw_video_title":"VERSUS Guf VS Птаха ЗА 1 МИНУТУ!","video_block_banned":false,"duration":10.0,"promo_winner":false,"promo_winner_recoubers":null,"editorial_info":{},"promo_hint":null,"beeline_best_2014":null,"from_web_editor":false,"normalize_sound":true,"normalize_change_allowed":true,"best2015_addable":false,"ahmad_promo":null,"promo_data":null,"audio_copyright_claim":null,"ads_disabled":null,"is_safe_for_ads":true,"megafon_contents":[],"position_on_page":6},{"flag":null,"abuses":null,"recoubs_by_users_channels":null,"favourite":false,"promoted_id":null,"recoub":null,"like":null,"dislike":null,"reaction":null,"in_my_best2015":false,"id":46171239,"type":"Coub::Simple","permalink":"r1gun","title":"Jimmy","visibility_type":"public","original_visibility_type":"public","channel_id":2525665,"created_at":"2017-01-25T20:32:49Z","updated_at":"2021-05-31T20:40:15Z","is_done":true,"views_count":5953,"cotd":null,"cotd_at":null,"visible_on_explore_root":false,"visible_on_explore":false,"featured":false,"published":true,"published_at":"2017-01-25T20:32:49Z","reversed":false,"from_editor_v2":true,"is_editable":true,"original_sound":true,"has_sound":true,"recoub_to":null,"file_versions":{"html5":{"video":{"high":{"url":"https://coub-anubis-a.akamaized.net/coub_storage/coub/simple/cw_file/7a2b0141045/694d491eb6538f03e848d/muted_mp4_big_size_1485376394_muted_big.mp4","size":1780132},"med":{"url":"https://coub-anubis-a.akamaized.net/coub_storage/coub/simple/cw_file/7a2b0141045/694d491eb6538f03e848d/muted_mp4_med_size_1485376394_muted_med.mp4","size":461480}},"audio":{"high":{"url":"https://coub-anubis-a.akamaized.net/coub_storage/coub/simple/cw_looped_audio_high/ab84e56eba9/007f834d0b5cfbfaac39d/1605576807_high_1485376394_high.mp3","size":1439856},"med":{"url":"https://coub-anubis-a.akamaized.net/coub_storage/coub/simple/cw_looped_audio_med/fea938cf48e/fc7aceccc1adaa79c9253/1605576807_med_1485376394_med.mp3","size":1146964},"sample_duration":9.916}},"mobile":{"video":"https://coub-anubis-a.akamaized.net/coub_storage/coub/simple/cw_file/7a2b0141045/694d491eb6538f03e848d/muted_mp4_med_size_1485376394_muted_med.mp4","audio":["https://coub-anubis-a.akamaized.net/coub_storage/coub/simple/cw_looped_audio_med/fea938cf48e/fc7aceccc1adaa79c9253/1605576807_med_1485376394_med.mp3"]},"share":{"default":null}},"audio_versions":{},"image_versions":{"template":"https://coub-anubis-a.akamaized.net/coub_storage/coub/simple/cw_image/395d649acb9/6dee8241a4e1c14f78fbd/1485376404_00032.jpg","versions":["micro","tiny","age_restricted","ios_large","ios_mosaic","big","med","small","pinterest"]},"first_frame_versions":{"template":"https://coub-anubis-a.akamaized.net/coub_storage/coub/simple/cw_timeline_pic/d6ac6af23c6/f65f442cff603a34d1295/1485376403_image.jpg","versions":["big","med","small","ios_large"]},"dimensions":{"big":[1280,720],"med":[640,360]},"site_w_h":[640,360],"page_w_h":[640,360],"site_w_h_small":[310,174],"size":[1280,720],"age_restricted":false,"age_restricted_by_admin":false,"not_safe_for_work":null,"allow_reuse":false,"dont_crop":false,"banned":false,"global_safe":true,"audio_file_url":null,"external_download":false,"application":null,"channel":{"id":2525665,"permalink":"standupcomic","title":"StandUpComic","description":null,"followers_count":22,"following_count":11,"avatar_versions":{"template":"https://coub-anubis-a.akamaized.net/coub_storage/channel/cw_avatar/977b3a8fa00/5e231d788793b9c8989cf/%{version}_1607623197_a38ful_1474633302_filename.jpeg","versions":["medium","medium_2x","profile_pic","profile_pic_new","profile_pic_new_2x","tiny","tiny_2x","small","small_2x","ios_large","ios_small"]}},"file":null,"picture":"https://coub-anubis-a.akamaized.net/coub_storage/coub/simple/cw_image/395d649acb9/6dee8241a4e1c14f78fbd/1485376404_00032.jpg","timeline_picture":"https://coub-anubis-a.akamaized.net/coub_storage/coub/simple/cw_timeline_pic/d6ac6af23c6/f65f442cff603a34d1295/1485376403_image.jpg","small_picture":"https://coub-anubis-a.akamaized.net/coub_storage/coub/simple/cw_image/395d649acb9/6dee8241a4e1c14f78fbd/1485376404_00032.jpg","sharing_picture":null,"percent_done":100,"tags":[],"categories":[{"id":115,"title":"Stand-up & Jokes","permalink":"standup-jokes","subscriptions_count":2029964,"big_image_url":"https://coub-anubis-a.akamaized.net/coub_storage/category/cw_image/e705818f6da/2d68d0903305d728e1d5b/big_1622039112_Stand-up.png","small_image_url":"https://coub-anubis-a.akamaized.net/coub_storage/category/cw_image/e705818f6da/2d68d0903305d728e1d5b/small_1622039112_Stand-up.png","med_image_url":"https://coub-anubis-a.akamaized.net/coub_storage/category/cw_image/e705818f6da/2d68d0903305d728e1d5b/med_1622039112_Stand-up.png","visible":true}],"communities":[{"id":115,"title":"Stand-up & Jokes","permalink":"standup-jokes","subscriptions_count":2029964,"big_image_url":"https://coub-anubis-a.akamaized.net/coub_storage/category/cw_image/e705818f6da/2d68d0903305d728e1d5b/big_1622039112_Stand-up.png","small_image_url":"https://coub-anubis-a.akamaized.net/coub_storage/category/cw_image/e705818f6da/2d68d0903305d728e1d5b/small_1622039112_Stand-up.png","med_image_url":"https://coub-anubis-a.akamaized.net/coub_storage/category/cw_image/e705818f6da/2d68d0903305d728e1d5b/med_1622039112_Stand-up.png","i_subscribed":true,"community_notifications_enabled":null,"description":null}],"recoubs_count":1,"remixes_count":0,"likes_count":8,"dislikes_count":0,"raw_video_id":8897140,"uploaded_by_ios_app":true,"uploaded_by_android_app":false,"media_blocks":{"uploaded_raw_videos":[],"external_raw_videos":[],"remixed_from_coubs":[]},"raw_video_thumbnail_url":"/missing/missing.png","raw_video_title":"filename.mp4","video_block_banned":false,"duration":9.92,"promo_winner":false,"promo_winner_recoubers":null,"editorial_info":{},"promo_hint":null,"beeline_best_2014":null,"from_web_editor":false,"normalize_sound":true,"normalize_change_allowed":true,"best2015_addable":false,"ahmad_promo":null,"promo_data":null,"audio_copyright_claim":null,"ads_disabled":null,"is_safe_for_ads":true,"megafon_contents":[],"position_on_page":7},{"flag":null,"abuses":null,"recoubs_by_users_channels":null,"favourite":false,"promoted_id":null,"recoub":null,"like":null,"dislike":null,"reaction":null,"in_my_best2015":false,"id":24660462,"type":"Coub::Simple","permalink":"e8ew7","title":"GG","visibility_type":"public","original_visibility_type":"public","channel_id":2525665,"created_at":"2016-08-18T11:11:01Z","updated_at":"2021-05-31T20:35:44Z","is_done":true,"views_count":10024,"cotd":null,"cotd_at":null,"visible_on_explore_root":false,"visible_on_explore":false,"featured":false,"published":true,"published_at":"2016-08-18T11:11:01Z","reversed":false,"from_editor_v2":true,"is_editable":true,"original_sound":true,"has_sound":true,"recoub_to":null,"file_versions":{"html5":{"video":{"high":{"url":"https://coub-anubis-a.akamaized.net/coub_storage/coub/simple/cw_file/b5c9743a706/862c52c55f2c868409c3a/muted_mp4_big_size_1471518697_muted_big.mp4","size":1366165},"med":{"url":"https://coub-anubis-a.akamaized.net/coub_storage/coub/simple/cw_file/b5c9743a706/862c52c55f2c868409c3a/muted_mp4_med_size_1471518697_muted_med.mp4","size":537190}},"audio":{"high":{"url":"https://coub-anubis-a.akamaized.net/coub_storage/coub/simple/cw_looped_audio_high/c5ffeade6fe/4ecf74c68467c47ddff93/1605514152_high_1471518698_high.mp3","size":1222652},"med":{"url":"https://coub-anubis-a.akamaized.net/coub_storage/coub/simple/cw_looped_audio_med/487d4f1318e/9c9102c8963590e73b50b/1605514149_med_1471518698_med.mp3","size":1073822},"sample_duration":10.009}},"mobile":{"video":"https://coub-anubis-a.akamaized.net/coub_storage/coub/simple/cw_file/b5c9743a706/862c52c55f2c868409c3a/muted_mp4_med_size_1471518697_muted_med.mp4","audio":["https://coub-anubis-a.akamaized.net/coub_storage/coub/simple/cw_looped_audio_med/487d4f1318e/9c9102c8963590e73b50b/1605514149_med_1471518698_med.mp3"]},"share":{"default":null}},"audio_versions":{},"image_versions":{"template":"https://coub-anubis-a.akamaized.net/coub_storage/coub/simple/cw_image/3581166df0b/e783c93bc8607b8b73793/1471518729_00032.jpg","versions":["micro","tiny","age_restricted","ios_large","ios_mosaic","big","med","small","pinterest"]},"first_frame_versions":{"template":"https://coub-anubis-a.akamaized.net/coub_storage/coub/simple/cw_timeline_pic/43f4f9ec242/64e86ab3a34cc5cf655fc/1471518728_image.jpg","versions":["big","med","small","ios_large"]},"dimensions":{"big":[984,720],"med":[640,468]},"site_w_h":[640,468],"page_w_h":[640,468],"site_w_h_small":[310,227],"size":[984,720],"age_restricted":false,"age_restricted_by_admin":false,"not_safe_for_work":null,"allow_reuse":false,"dont_crop":false,"banned":false,"global_safe":true,"audio_file_url":null,"external_download":false,"application":null,"channel":{"id":2525665,"permalink":"standupcomic","title":"StandUpComic","description":null,"followers_count":22,"following_count":11,"avatar_versions":{"template":"https://coub-anubis-a.akamaized.net/coub_storage/channel/cw_avatar/977b3a8fa00/5e231d788793b9c8989cf/%{version}_1607623197_a38ful_1474633302_filename.jpeg","versions":["medium","medium_2x","profile_pic","profile_pic_new","profile_pic_new_2x","tiny","tiny_2x","small","small_2x","ios_large","ios_small"]}},"file":null,"picture":"https://coub-anubis-a.akamaized.net/coub_storage/coub/simple/cw_image/3581166df0b/e783c93bc8607b8b73793/1471518729_00032.jpg","timeline_picture":"https://coub-anubis-a.akamaized.net/coub_storage/coub/simple/cw_timeline_pic/43f4f9ec242/64e86ab3a34cc5cf655fc/1471518728_image.jpg","small_picture":"https://coub-anubis-a.akamaized.net/coub_storage/coub/simple/cw_image/3581166df0b/e783c93bc8607b8b73793/1471518729_00032.jpg","sharing_picture":null,"percent_done":100,"tags":[],"categories":[{"id":115,"title":"Stand-up & Jokes","permalink":"standup-jokes","subscriptions_count":2029964,"big_image_url":"https://coub-anubis-a.akamaized.net/coub_storage/category/cw_image/e705818f6da/2d68d0903305d728e1d5b/big_1622039112_Stand-up.png","small_image_url":"https://coub-anubis-a.akamaized.net/coub_storage/category/cw_image/e705818f6da/2d68d0903305d728e1d5b/small_1622039112_Stand-up.png","med_image_url":"https://coub-anubis-a.akamaized.net/coub_storage/category/cw_image/e705818f6da/2d68d0903305d728e1d5b/med_1622039112_Stand-up.png","visible":true}],"communities":[{"id":115,"title":"Stand-up & Jokes","permalink":"standup-jokes","subscriptions_count":2029964,"big_image_url":"https://coub-anubis-a.akamaized.net/coub_storage/category/cw_image/e705818f6da/2d68d0903305d728e1d5b/big_1622039112_Stand-up.png","small_image_url":"https://coub-anubis-a.akamaized.net/coub_storage/category/cw_image/e705818f6da/2d68d0903305d728e1d5b/small_1622039112_Stand-up.png","med_image_url":"https://coub-anubis-a.akamaized.net/coub_storage/category/cw_image/e705818f6da/2d68d0903305d728e1d5b/med_1622039112_Stand-up.png","i_subscribed":true,"community_notifications_enabled":null,"description":null}],"recoubs_count":1,"remixes_count":0,"likes_count":8,"dislikes_count":0,"raw_video_id":3321456,"uploaded_by_ios_app":true,"uploaded_by_android_app":false,"media_blocks":{"uploaded_raw_videos":[],"external_raw_videos":[],"remixed_from_coubs":[]},"raw_video_thumbnail_url":"/missing/missing.png","raw_video_title":"filename.mp4","video_block_banned":false,"duration":10.04,"promo_winner":false,"promo_winner_recoubers":null,"editorial_info":{},"promo_hint":null,"beeline_best_2014":null,"from_web_editor":false,"normalize_sound":true,"normalize_change_allowed":true,"best2015_addable":false,"ahmad_promo":null,"promo_data":null,"audio_copyright_claim":null,"ads_disabled":null,"is_safe_for_ads":true,"megafon_contents":[],"position_on_page":8},{"flag":null,"abuses":null,"recoubs_by_users_channels":null,"favourite":false,"promoted_id":null,"recoub":null,"like":null,"dislike":null,"reaction":null,"in_my_best2015":false,"id":24550521,"type":"Coub::Simple","permalink":"e622a","title":"Trevor Noah","visibility_type":"public","original_visibility_type":"public","channel_id":2525665,"created_at":"2016-08-15T08:10:58Z","updated_at":"2020-11-16T07:53:35Z","is_done":true,"views_count":9708,"cotd":null,"cotd_at":null,"visible_on_explore_root":false,"visible_on_explore":false,"featured":false,"published":true,"published_at":"2016-08-15T08:10:58Z","reversed":false,"from_editor_v2":true,"is_editable":true,"original_sound":true,"has_sound":true,"recoub_to":null,"file_versions":{"html5":{"video":{"high":{"url":"https://coub-anubis-a.akamaized.net/coub_storage/coub/simple/cw_file/8aeb072f9d3/8634917a123f63d382c32/muted_mp4_big_size_1471248703_muted_big.mp4","size":1695284},"med":{"url":"https://coub-anubis-a.akamaized.net/coub_storage/coub/simple/cw_file/8aeb072f9d3/8634917a123f63d382c32/muted_mp4_med_size_1471248703_muted_med.mp4","size":477308}},"audio":{"high":{"url":"https://coub-anubis-a.akamaized.net/coub_storage/coub/simple/cw_looped_audio_high/142f41a585b/a1d5249933bfdcb7c0372/1605513214_high_1471248703_high.mp3","size":1230692},"med":{"url":"https://coub-anubis-a.akamaized.net/coub_storage/coub/simple/cw_looped_audio_med/ff60e37bbdc/c1bf842a498b01c97a068/1605513214_med_1471248703_med.mp3","size":1034482},"sample_duration":10.009}},"mobile":{"video":"https://coub-anubis-a.akamaized.net/coub_storage/coub/simple/cw_file/8aeb072f9d3/8634917a123f63d382c32/muted_mp4_med_size_1471248703_muted_med.mp4","audio":["https://coub-anubis-a.akamaized.net/coub_storage/coub/simple/cw_looped_audio_med/ff60e37bbdc/c1bf842a498b01c97a068/1605513214_med_1471248703_med.mp3"]},"share":{"default":null}},"audio_versions":{},"image_versions":{"template":"https://coub-anubis-a.akamaized.net/coub_storage/coub/simple/cw_image/3a416959e86/ada19ee5f44dade94af81/1473931749_00032.jpg","versions":["micro","tiny","age_restricted","ios_large","ios_mosaic","big","med","small","pinterest"]},"first_frame_versions":{"template":"https://coub-anubis-a.akamaized.net/coub_storage/coub/simple/cw_timeline_pic/3a416959e86/ada19ee5f44dade94af81/1473931761_image.jpg","versions":["big","med","small","ios_large"]},"dimensions":{"big":[1280,720],"med":[640,360]},"site_w_h":[640,360],"page_w_h":[640,360],"site_w_h_small":[310,174],"size":[1280,720],"age_restricted":false,"age_restricted_by_admin":false,"not_safe_for_work":null,"allow_reuse":false,"dont_crop":false,"banned":false,"global_safe":true,"audio_file_url":null,"external_download":false,"application":null,"channel":{"id":2525665,"permalink":"standupcomic","title":"StandUpComic","description":null,"followers_count":22,"following_count":11,"avatar_versions":{"template":"https://coub-anubis-a.akamaized.net/coub_storage/channel/cw_avatar/977b3a8fa00/5e231d788793b9c8989cf/%{version}_1607623197_a38ful_1474633302_filename.jpeg","versions":["medium","medium_2x","profile_pic","profile_pic_new","profile_pic_new_2x","tiny","tiny_2x","small","small_2x","ios_large","ios_small"]}},"file":null,"picture":"https://coub-anubis-a.akamaized.net/coub_storage/coub/simple/cw_image/3a416959e86/ada19ee5f44dade94af81/1473931749_00032.jpg","timeline_picture":"https://coub-anubis-a.akamaized.net/coub_storage/coub/simple/cw_timeline_pic/3a416959e86/ada19ee5f44dade94af81/1473931761_image.jpg","small_picture":"https://coub-anubis-a.akamaized.net/coub_storage/coub/simple/cw_image/3a416959e86/ada19ee5f44dade94af81/1473931749_00032.jpg","sharing_picture":null,"percent_done":100,"tags":[],"categories":[{"id":115,"title":"Stand-up & Jokes","permalink":"standup-jokes","subscriptions_count":2029964,"big_image_url":"https://coub-anubis-a.akamaized.net/coub_storage/category/cw_image/e705818f6da/2d68d0903305d728e1d5b/big_1622039112_Stand-up.png","small_image_url":"https://coub-anubis-a.akamaized.net/coub_storage/category/cw_image/e705818f6da/2d68d0903305d728e1d5b/small_1622039112_Stand-up.png","med_image_url":"https://coub-anubis-a.akamaized.net/coub_storage/category/cw_image/e705818f6da/2d68d0903305d728e1d5b/med_1622039112_Stand-up.png","visible":true}],"communities":[{"id":115,"title":"Stand-up & Jokes","permalink":"standup-jokes","subscriptions_count":2029964,"big_image_url":"https://coub-anubis-a.akamaized.net/coub_storage/category/cw_image/e705818f6da/2d68d0903305d728e1d5b/big_1622039112_Stand-up.png","small_image_url":"https://coub-anubis-a.akamaized.net/coub_storage/category/cw_image/e705818f6da/2d68d0903305d728e1d5b/small_1622039112_Stand-up.png","med_image_url":"https://coub-anubis-a.akamaized.net/coub_storage/category/cw_image/e705818f6da/2d68d0903305d728e1d5b/med_1622039112_Stand-up.png","i_subscribed":true,"community_notifications_enabled":null,"description":null}],"recoubs_count":0,"remixes_count":0,"likes_count":8,"dislikes_count":0,"raw_video_id":3297926,"uploaded_by_ios_app":true,"uploaded_by_android_app":false,"media_blocks":{"uploaded_raw_videos":[],"external_raw_videos":[],"remixed_from_coubs":[]},"raw_video_thumbnail_url":"/missing/missing.png","raw_video_title":"filename.mp4","video_block_banned":false,"duration":10.04,"promo_winner":false,"promo_winner_recoubers":null,"editorial_info":{},"promo_hint":null,"beeline_best_2014":null,"from_web_editor":false,"normalize_sound":true,"normalize_change_allowed":true,"best2015_addable":false,"ahmad_promo":null,"promo_data":null,"audio_copyright_claim":null,"ads_disabled":null,"is_safe_for_ads":true,"megafon_contents":[],"position_on_page":9},{"flag":null,"abuses":null,"recoubs_by_users_channels":null,"favourite":false,"promoted_id":null,"recoub":null,"like":null,"dislike":null,"reaction":null,"in_my_best2015":false,"id":24471720,"type":"Coub::Simple","permalink":"e4d9d","title":"Tosh","visibility_type":"public","original_visibility_type":"public","channel_id":2525665,"created_at":"2016-08-13T05:04:40Z","updated_at":"2021-04-20T09:46:30Z","is_done":true,"views_count":23774,"cotd":null,"cotd_at":null,"visible_on_explore_root":false,"visible_on_explore":false,"featured":false,"published":true,"published_at":"2016-08-13T05:04:40Z","reversed":false,"from_editor_v2":true,"is_editable":true,"original_sound":true,"has_sound":true,"recoub_to":null,"file_versions":{"html5":{"video":{"higher":{"url":"https://coub-anubis-a.akamaized.net/coub_storage/coub/simple/cw_file/fdf6f004a2c/e56042847ad93006fefd8/muted_mp4_huge_size_1618911956_muted_huge.mp4","size":1844678},"high":{"url":"https://coub-anubis-a.akamaized.net/coub_storage/coub/simple/cw_file/fdf6f004a2c/e56042847ad93006fefd8/muted_mp4_big_size_1618911956_muted_big.mp4","size":1207878},"med":{"url":"https://coub-anubis-a.akamaized.net/coub_storage/coub/simple/cw_file/fdf6f004a2c/e56042847ad93006fefd8/muted_mp4_med_size_1618911956_muted_med.mp4","size":328243}},"audio":{"high":{"url":"https://coub-anubis-a.akamaized.net/coub_storage/coub/simple/cw_looped_audio_high/33790a724d4/c2f8a8c501ca6c3729c3c/1618911958_mp3-high.mp3","size":883746},"med":{"url":"https://coub-anubis-a.akamaized.net/coub_storage/coub/simple/cw_looped_audio_med/67a6c9abf9a/e800f13709091150c8d38/1618911957_mp3-med.mp3","size":799076},"sample_duration":10.008}},"mobile":{"video":"https://coub-anubis-a.akamaized.net/coub_storage/coub/simple/cw_file/fdf6f004a2c/e56042847ad93006fefd8/muted_mp4_med_size_1618911956_muted_med.mp4","audio":["https://coub-anubis-a.akamaized.net/coub_storage/coub/simple/cw_looped_audio_med/67a6c9abf9a/e800f13709091150c8d38/1618911957_mp3-med.mp3"]},"share":{"default":"https://coub-anubis-a.akamaized.net/coub_storage/coub/simple/cw_video_for_sharing/5cc8c2dade5/61b39048c062b9ec914a6/1618911990_looped_1618911989.mp4"}},"audio_versions":{},"image_versions":{"template":"https://coub-anubis-a.akamaized.net/coub_storage/coub/simple/cw_image/bcff14f4321/9a3d2caf7fc760db4f0cc/%{version}_1618911966_00032.jpg","versions":["micro","tiny","age_restricted","ios_large","ios_mosaic","big","med","small","pinterest"]},"first_frame_versions":{"template":"https://coub-anubis-a.akamaized.net/coub_storage/coub/simple/cw_timeline_pic/fff55973ace/99d2b972c46e76a2be074/%{version}_1618911965_image.jpg","versions":["big","med","small","ios_large"]},"dimensions":{"big":[1280,720],"med":[640,360]},"site_w_h":[640,360],"page_w_h":[640,360],"site_w_h_small":[310,174],"size":[1280,720],"age_restricted":false,"age_restricted_by_admin":false,"not_safe_for_work":null,"allow_reuse":false,"dont_crop":false,"banned":false,"global_safe":true,"audio_file_url":null,"external_download":false,"application":null,"channel":{"id":2525665,"permalink":"standupcomic","title":"StandUpComic","description":null,"followers_count":22,"following_count":11,"avatar_versions":{"template":"https://coub-anubis-a.akamaized.net/coub_storage/channel/cw_avatar/977b3a8fa00/5e231d788793b9c8989cf/%{version}_1607623197_a38ful_1474633302_filename.jpeg","versions":["medium","medium_2x","profile_pic","profile_pic_new","profile_pic_new_2x","tiny","tiny_2x","small","small_2x","ios_large","ios_small"]}},"file":null,"picture":"https://coub-anubis-a.akamaized.net/coub_storage/coub/simple/cw_image/bcff14f4321/9a3d2caf7fc760db4f0cc/med_1618911966_00032.jpg","timeline_picture":"https://coub-anubis-a.akamaized.net/coub_storage/coub/simple/cw_timeline_pic/fff55973ace/99d2b972c46e76a2be074/ios_large_1618911965_image.jpg","small_picture":"https://coub-anubis-a.akamaized.net/coub_storage/coub/simple/cw_image/bcff14f4321/9a3d2caf7fc760db4f0cc/ios_mosaic_1618911966_00032.jpg","sharing_picture":null,"percent_done":100,"tags":[],"categories":[{"id":115,"title":"Stand-up & Jokes","permalink":"standup-jokes","subscriptions_count":2029964,"big_image_url":"https://coub-anubis-a.akamaized.net/coub_storage/category/cw_image/e705818f6da/2d68d0903305d728e1d5b/big_1622039112_Stand-up.png","small_image_url":"https://coub-anubis-a.akamaized.net/coub_storage/category/cw_image/e705818f6da/2d68d0903305d728e1d5b/small_1622039112_Stand-up.png","med_image_url":"https://coub-anubis-a.akamaized.net/coub_storage/category/cw_image/e705818f6da/2d68d0903305d728e1d5b/med_1622039112_Stand-up.png","visible":true}],"communities":[{"id":115,"title":"Stand-up & Jokes","permalink":"standup-jokes","subscriptions_count":2029964,"big_image_url":"https://coub-anubis-a.akamaized.net/coub_storage/category/cw_image/e705818f6da/2d68d0903305d728e1d5b/big_1622039112_Stand-up.png","small_image_url":"https://coub-anubis-a.akamaized.net/coub_storage/category/cw_image/e705818f6da/2d68d0903305d728e1d5b/small_1622039112_Stand-up.png","med_image_url":"https://coub-anubis-a.akamaized.net/coub_storage/category/cw_image/e705818f6da/2d68d0903305d728e1d5b/med_1622039112_Stand-up.png","i_subscribed":true,"community_notifications_enabled":null,"description":null}],"recoubs_count":0,"remixes_count":0,"likes_count":8,"dislikes_count":0,"raw_video_id":3281423,"uploaded_by_ios_app":true,"uploaded_by_android_app":false,"media_blocks":{"uploaded_raw_videos":[],"external_raw_videos":[],"remixed_from_coubs":[]},"raw_video_thumbnail_url":"/missing/missing.png","raw_video_title":"filename.mp4","video_block_banned":false,"duration":10.0,"promo_winner":false,"promo_winner_recoubers":null,"editorial_info":{},"promo_hint":null,"beeline_best_2014":null,"from_web_editor":false,"normalize_sound":true,"normalize_change_allowed":true,"best2015_addable":false,"ahmad_promo":null,"promo_data":null,"audio_copyright_claim":null,"ads_disabled":null,"is_safe_for_ads":true,"megafon_contents":[],"position_on_page":10}]}