{"page":271,"per_page":10,"total_pages":500,"coubs":[{"flag":null,"abuses":null,"recoubs_by_users_channels":null,"favourite":false,"promoted_id":null,"recoub":null,"like":null,"dislike":null,"reaction":null,"in_my_best2015":false,"id":173751641,"type":"Coub::Simple","permalink":"2v3mim","title":"GG","visibility_type":"public","original_visibility_type":"public","channel_id":11731153,"created_at":"2021-08-13T02:59:54Z","updated_at":"2021-10-07T07:57:00Z","is_done":true,"views_count":7307,"cotd":null,"cotd_at":null,"visible_on_explore_root":false,"visible_on_explore":false,"featured":false,"published":true,"published_at":"2021-08-13T02:59:54Z","reversed":false,"from_editor_v2":true,"is_editable":true,"original_sound":true,"has_sound":true,"recoub_to":null,"file_versions":{"html5":{"video":{"higher":{"url":"https://coub-anubis-a.akamaized.net/coub_storage/coub/simple/cw_file/34813ae1283/3d0211e573ee2c0bb3e5c/muted_mp4_huge_size_1628823604_muted_huge.mp4","size":2268754},"high":{"url":"https://coub-anubis-a.akamaized.net/coub_storage/coub/simple/cw_file/34813ae1283/3d0211e573ee2c0bb3e5c/muted_mp4_big_size_1628823604_muted_big.mp4","size":1461172},"med":{"url":"https://coub-anubis-a.akamaized.net/coub_storage/coub/simple/cw_file/34813ae1283/3d0211e573ee2c0bb3e5c/muted_mp4_med_size_1628823604_muted_med.mp4","size":502147}},"audio":{"high":{"url":"https://coub-anubis-a.akamaized.net/coub_storage/coub/simple/cw_looped_audio_high/a6cca887aaa/6ea32461f25b3dfe29c2c/1628823606_mp3-high.mp3","size":704698},"med":{"url":"https://coub-anubis-a.akamaized.net/coub_storage/coub/simple/cw_looped_audio_med/4a612d5ee50/bf13bfc53755acf30cc2f/1628823605_mp3-med.mp3","size":703476},"sample_duration":5.016}},"mobile":{"video":"https://coub-anubis-a.akamaized.net/coub_storage/coub/simple/cw_file/34813ae1283/3d0211e573ee2c0bb3e5c/muted_mp4_med_size_1628823604_muted_med.mp4","audio":["https://coub-anubis-a.akamaized.net/coub_storage/coub/simple/cw_looped_audio_med/4a612d5ee50/bf13bfc53755acf30cc2f/1628823605_mp3-med.mp3"]},"share":{"default":"https://coub-anubis-a.akamaized.net/coub_storage/coub/simple/cw_video_for_sharing/1e5315c8518/5e152e591bd75b6fe5ccb/1628823648_looped_1628823646.mp4"}},"audio_versions":{},"image_versions":{"template":"https://coub-anubis-a.akamaized.net/coub_storage/coub/simple/cw_image/488d39e618e/8e73c17d4c693b6a49650/%{version}_1628823612_00016.jpg","versions":["micro","tiny","age_restricted","ios_large","ios_mosaic","big","med","small","pinterest"]},"first_frame_versions":{"template":"https://coub-anubis-a.akamaized.net/coub_storage/coub/simple/cw_timeline_pic/ddbf508f5ed/5a83b9176c83dcfb3f114/%{version}_1628823612_image.jpg","versions":["big","med","small","ios_large"]},"dimensions":{"big":[1280,926],"med":[640,462]},"site_w_h":[640,463],"page_w_h":[640,463],"site_w_h_small":[310,224],"size":[1280,926],"age_restricted":false,"age_restricted_by_admin":false,"not_safe_for_work":null,"allow_reuse":false,"dont_crop":true,"banned":false,"global_safe":null,"audio_file_url":null,"external_download":false,"application":null,"channel":{"id":11731153,"permalink":"valeriy-kovalyov","title":"x40404x","description":null,"followers_count":20,"following_count":1,"avatar_versions":{"template":"https://coub-anubis-a.akamaized.net/coub_storage/channel/cw_avatar/ce6ca31b54e/7541f862aa76426a89908/%{version}_1640115002_filename.jpeg","versions":["medium","medium_2x","profile_pic","profile_pic_new","profile_pic_new_2x","tiny","tiny_2x","small","small_2x","ios_large","ios_small"]}},"file":null,"picture":"https://coub-anubis-a.akamaized.net/coub_storage/coub/simple/cw_image/488d39e618e/8e73c17d4c693b6a49650/med_1628823612_00016.jpg","timeline_picture":"https://coub-anubis-a.akamaized.net/coub_storage/coub/simple/cw_timeline_pic/ddbf508f5ed/5a83b9176c83dcfb3f114/ios_large_1628823612_image.jpg","small_picture":"https://coub-anubis-a.akamaized.net/coub_storage/coub/simple/cw_image/488d39e618e/8e73c17d4c693b6a49650/ios_mosaic_1628823612_00016.jpg","sharing_picture":null,"percent_done":100,"tags":[{"id":1195,"title":"угар","value":"%D1%83%D0%B3%D0%B0%D1%80"},{"id":14502,"title":"ворона","value":"%D0%B2%D0%BE%D1%80%D0%BE%D0%BD%D0%B0"},{"id":7059,"title":"привет","value":"%D0%BF%D1%80%D0%B8%D0%B2%D0%B5%D1%82"},{"id":3873,"title":"hello","value":"hello"}],"categories":[{"id":115,"title":"Stand-up & Jokes","permalink":"standup-jokes","subscriptions_count":2029964,"big_image_url":"https://coub-anubis-a.akamaized.net/coub_storage/category/cw_image/e705818f6da/2d68d0903305d728e1d5b/big_1622039112_Stand-up.png","small_image_url":"https://coub-anubis-a.akamaized.net/coub_storage/category/cw_image/e705818f6da/2d68d0903305d728e1d5b/small_1622039112_Stand-up.png","med_image_url":"https://coub-anubis-a.akamaized.net/coub_storage/category/cw_image/e705818f6da/2d68d0903305d728e1d5b/med_1622039112_Stand-up.png","visible":true}],"communities":[{"id":115,"title":"Stand-up & Jokes","permalink":"standup-jokes","subscriptions_count":2029964,"big_image_url":"https://coub-anubis-a.akamaized.net/coub_storage/category/cw_image/e705818f6da/2d68d0903305d728e1d5b/big_1622039112_Stand-up.png","small_image_url":"https://coub-anubis-a.akamaized.net/coub_storage/category/cw_image/e705818f6da/2d68d0903305d728e1d5b/small_1622039112_Stand-up.png","med_image_url":"https://coub-anubis-a.akamaized.net/coub_storage/category/cw_image/e705818f6da/2d68d0903305d728e1d5b/med_1622039112_Stand-up.png","i_subscribed":true,"community_notifications_enabled":null,"description":null}],"recoubs_count":4,"remixes_count":0,"likes_count":37,"dislikes_count":0,"raw_video_id":16685372,"uploaded_by_ios_app":true,"uploaded_by_android_app":false,"media_blocks":{"uploaded_raw_videos":[],"external_raw_videos":[],"remixed_from_coubs":[]},"raw_video_thumbnail_url":"https://coub-anubis-a.akamaized.net/coub_storage/raw_video/cw_image/2575e0341f0/cb6c9d5953d1edcdcbf29/coub_media_1628823592_image.jpg","raw_video_title":"filename.mp4","video_block_banned":false,"duration":5.04,"promo_winner":false,"promo_winner_recoubers":null,"editorial_info":{},"promo_hint":null,"beeline_best_2014":null,"from_web_editor":false,"normalize_sound":true,"normalize_change_allowed":true,"best2015_addable":false,"ahmad_promo":null,"promo_data":null,"audio_copyright_claim":null,"ads_disabled":null,"is_safe_for_ads":true,"megafon_contents":[],"position_on_page":1},{"flag":null,"abuses":null,"recoubs_by_users_channels":null,"favourite":false,"promoted_id":null,"recoub":null,"like":null,"dislike":null,"reaction":null,"in_my_best2015":false,"id":173536267,"type":"Coub::Simple","permalink":"2uz0bx","title":"Не сотрудник, а мечта!","visibility_type":"public","original_visibility_type":"public","channel_id":11191358,"created_at":"2021-08-08T23:43:03Z","updated_at":"2022-01-28T18:25:52Z","is_done":true,"views_count":15009,"cotd":null,"cotd_at":null,"visible_on_explore_root":false,"visible_on_explore":false,"featured":false,"published":true,"published_at":"2021-08-09T07:47:35Z","reversed":false,"from_editor_v2":true,"is_editable":true,"original_sound":true,"has_sound":true,"recoub_to":null,"file_versions":{"html5":{"video":{"higher":{"url":"https://coub-anubis-a.akamaized.net/coub_storage/coub/simple/cw_file/6ee8e453fde/c1bd03a937103d63386f8/muted_mp4_huge_size_1628466369_muted_huge.mp4","size":963501},"high":{"url":"https://coub-anubis-a.akamaized.net/coub_storage/coub/simple/cw_file/6ee8e453fde/c1bd03a937103d63386f8/muted_mp4_big_size_1628466369_muted_big.mp4","size":564468},"med":{"url":"https://coub-anubis-a.akamaized.net/coub_storage/coub/simple/cw_file/6ee8e453fde/c1bd03a937103d63386f8/muted_mp4_med_size_1628466369_muted_med.mp4","size":218881}},"audio":{"high":{"url":"https://coub-anubis-a.akamaized.net/coub_storage/coub/simple/cw_looped_audio_high/b0f16132a35/e80114c64d1a2f8532db9/1628466371_mp3-high.mp3","size":968494},"med":{"url":"https://coub-anubis-a.akamaized.net/coub_storage/coub/simple/cw_looped_audio_med/921a65d2fd0/765ccd8e241e7140b065e/1628466370_mp3-med.mp3","size":853286},"sample_duration":8.916}},"mobile":{"video":"https://coub-anubis-a.akamaized.net/coub_storage/coub/simple/cw_file/6ee8e453fde/c1bd03a937103d63386f8/muted_mp4_med_size_1628466369_muted_med.mp4","audio":["https://coub-anubis-a.akamaized.net/coub_storage/coub/simple/cw_looped_audio_med/921a65d2fd0/765ccd8e241e7140b065e/1628466370_mp3-med.mp3"]},"share":{"default":"https://coub-anubis-a.akamaized.net/coub_storage/coub/simple/cw_video_for_sharing/330713e0a79/8b517491ea977c2638c98/1628466388_looped_1628466388.mp4"}},"audio_versions":{},"image_versions":{"template":"https://coub-anubis-a.akamaized.net/coub_storage/coub/simple/cw_image/3941c28dd0a/5f3b0b184f4e8735ad086/%{version}_1628466373_00028.jpg","versions":["micro","tiny","age_restricted","ios_large","ios_mosaic","big","med","small","pinterest"]},"first_frame_versions":{"template":"https://coub-anubis-a.akamaized.net/coub_storage/coub/simple/cw_timeline_pic/cbea2d8a427/96bdc15f47d51b4756154/%{version}_1628466373_image.jpg","versions":["big","med","small","ios_large"]},"dimensions":{"big":[1280,720],"med":[640,360]},"site_w_h":[640,360],"page_w_h":[640,360],"site_w_h_small":[310,174],"size":[1280,720],"age_restricted":false,"age_restricted_by_admin":false,"not_safe_for_work":null,"allow_reuse":false,"dont_crop":true,"banned":false,"global_safe":true,"audio_file_url":null,"external_download":{"type":"Youtube","service_name":"YouTube","url":"https://www.youtube.com/watch?v=bwlAik0HyyE","has_embed":true},"application":null,"channel":{"id":11191358,"permalink":"undefined-isotope","title":"isotope","description":"𝖌𝕝𝒾,c̶̳͚̈́͌̿͋̔ͅ𝖍 ρ𝖗𝕚n̶͓͉̣͉͚̂̏͐ƈᵉ𝖘ร | #coub_vault | reddit.com/r/coubvault","followers_count":287,"following_count":3,"avatar_versions":{"template":"https://coub-anubis-a.akamaized.net/coub_storage/channel/cw_avatar/014c81f1d2e/184f203c8feb7fa94f95a/%{version}_1643197467_22.png","versions":["medium","medium_2x","profile_pic","profile_pic_new","profile_pic_new_2x","tiny","tiny_2x","small","small_2x","ios_large","ios_small"]}},"file":null,"picture":"https://coub-anubis-a.akamaized.net/coub_storage/coub/simple/cw_image/3941c28dd0a/5f3b0b184f4e8735ad086/med_1628466373_00028.jpg","timeline_picture":"https://coub-anubis-a.akamaized.net/coub_storage/coub/simple/cw_timeline_pic/cbea2d8a427/96bdc15f47d51b4756154/ios_large_1628466373_image.jpg","small_picture":"https://coub-anubis-a.akamaized.net/coub_storage/coub/simple/cw_image/3941c28dd0a/5f3b0b184f4e8735ad086/ios_mosaic_1628466373_00028.jpg","sharing_picture":null,"percent_done":100,"tags":[{"id":216432,"title":"the onion","value":"the%20onion"},{"id":1485,"title":"comedy","value":"comedy"},{"id":10452,"title":"satire","value":"satire"},{"id":3007,"title":"news","value":"news"},{"id":216433,"title":"onion news network","value":"onion%20news%20network"},{"id":216434,"title":"onn","value":"onn"},{"id":216435,"title":"onncast","value":"onncast"}],"categories":[{"id":115,"title":"Stand-up & Jokes","permalink":"standup-jokes","subscriptions_count":2029964,"big_image_url":"https://coub-anubis-a.akamaized.net/coub_storage/category/cw_image/e705818f6da/2d68d0903305d728e1d5b/big_1622039112_Stand-up.png","small_image_url":"https://coub-anubis-a.akamaized.net/coub_storage/category/cw_image/e705818f6da/2d68d0903305d728e1d5b/small_1622039112_Stand-up.png","med_image_url":"https://coub-anubis-a.akamaized.net/coub_storage/category/cw_image/e705818f6da/2d68d0903305d728e1d5b/med_1622039112_Stand-up.png","visible":true}],"communities":[{"id":115,"title":"Stand-up & Jokes","permalink":"standup-jokes","subscriptions_count":2029964,"big_image_url":"https://coub-anubis-a.akamaized.net/coub_storage/category/cw_image/e705818f6da/2d68d0903305d728e1d5b/big_1622039112_Stand-up.png","small_image_url":"https://coub-anubis-a.akamaized.net/coub_storage/category/cw_image/e705818f6da/2d68d0903305d728e1d5b/small_1622039112_Stand-up.png","med_image_url":"https://coub-anubis-a.akamaized.net/coub_storage/category/cw_image/e705818f6da/2d68d0903305d728e1d5b/med_1622039112_Stand-up.png","i_subscribed":true,"community_notifications_enabled":null,"description":null}],"recoubs_count":6,"remixes_count":0,"likes_count":37,"dislikes_count":0,"raw_video_id":16675096,"uploaded_by_ios_app":false,"uploaded_by_android_app":false,"media_blocks":{"uploaded_raw_videos":[],"external_raw_videos":[{"id":39439358,"title":"Company Immediately Calls Job Applicant Upon Seeing 'B.A. In Communications' On Résumé","url":"https://www.youtube.com/watch?v=bwlAik0HyyE","image":"https://coub-anubis-a.akamaized.net/coub_storage/media_block/cw_image/9b26b692c33/15fd8d3caec2ab45a02e4/video_1628465841_tlkenb_1628465820_5fcsct_att-url-download.jpg","image_retina":"https://coub-anubis-a.akamaized.net/coub_storage/media_block/cw_image/9b26b692c33/15fd8d3caec2ab45a02e4/video_retina_1628465841_tlkenb_1628465820_5fcsct_att-url-download.jpg","meta":{"service":"Youtube","duration":"104.44"},"duration":104.44,"raw_video_id":16675096,"has_embed":true}],"remixed_from_coubs":[],"external_video":{"id":39439358,"title":"Company Immediately Calls Job Applicant Upon Seeing 'B.A. In Communications' On Résumé","url":"https://www.youtube.com/watch?v=bwlAik0HyyE","image":"https://coub-anubis-a.akamaized.net/coub_storage/media_block/cw_image/9b26b692c33/15fd8d3caec2ab45a02e4/video_1628465841_tlkenb_1628465820_5fcsct_att-url-download.jpg","image_retina":"https://coub-anubis-a.akamaized.net/coub_storage/media_block/cw_image/9b26b692c33/15fd8d3caec2ab45a02e4/video_retina_1628465841_tlkenb_1628465820_5fcsct_att-url-download.jpg","meta":{"service":"Youtube","duration":"104.44"},"duration":104.44,"raw_video_id":16675096,"has_embed":true}},"raw_video_thumbnail_url":"https://coub-anubis-a.akamaized.net/coub_storage/raw_video/cw_image/49e4cf69ff0/922b3020b24c4dfe5e400/coub_media_1628465820_1628465820_5fcsct_att-url-download.jpg","raw_video_title":"Company Immediately Calls Job Applicant Upon Seeing 'B.A. In Communications' On Résumé","video_block_banned":false,"duration":8.88,"promo_winner":false,"promo_winner_recoubers":null,"editorial_info":{},"promo_hint":null,"beeline_best_2014":null,"from_web_editor":true,"normalize_sound":true,"normalize_change_allowed":true,"best2015_addable":false,"ahmad_promo":null,"promo_data":null,"audio_copyright_claim":null,"ads_disabled":null,"is_safe_for_ads":true,"megafon_contents":[],"position_on_page":2},{"flag":null,"abuses":null,"recoubs_by_users_channels":null,"favourite":false,"promoted_id":null,"recoub":null,"like":null,"dislike":null,"reaction":null,"in_my_best2015":false,"id":173373826,"type":"Coub::Simple","permalink":"2uvizo","title":"Half-Life 3...","visibility_type":"public","original_visibility_type":"public","channel_id":4828573,"created_at":"2021-08-06T01:44:09Z","updated_at":"2021-12-08T01:52:42Z","is_done":true,"views_count":12624,"cotd":null,"cotd_at":null,"visible_on_explore_root":false,"visible_on_explore":false,"featured":false,"published":true,"published_at":"2021-08-06T01:44:09Z","reversed":false,"from_editor_v2":true,"is_editable":true,"original_sound":true,"has_sound":true,"recoub_to":null,"file_versions":{"html5":{"video":{"higher":{"url":"https://coub-anubis-a.akamaized.net/coub_storage/coub/simple/cw_file/ea0433386c9/3328b6aa14e810bd7f6a2/muted_mp4_huge_size_1628214282_muted_huge.mp4","size":1124426},"high":{"url":"https://coub-anubis-a.akamaized.net/coub_storage/coub/simple/cw_file/ea0433386c9/3328b6aa14e810bd7f6a2/muted_mp4_big_size_1628214282_muted_big.mp4","size":737865},"med":{"url":"https://coub-anubis-a.akamaized.net/coub_storage/coub/simple/cw_file/ea0433386c9/3328b6aa14e810bd7f6a2/muted_mp4_med_size_1628214282_muted_med.mp4","size":233839}},"audio":{"high":{"url":"https://coub-anubis-a.akamaized.net/coub_storage/coub/simple/cw_looped_audio_high/a719ccbc4eb/b052b89c2ab6d728359a9/1628214284_mp3-high.mp3","size":1231133},"med":{"url":"https://coub-anubis-a.akamaized.net/coub_storage/coub/simple/cw_looped_audio_med/606b119978e/a8b3893bae4f3ce256497/1628214283_mp3-med.mp3","size":879036},"sample_duration":5.503}},"mobile":{"video":"https://coub-anubis-a.akamaized.net/coub_storage/coub/simple/cw_file/ea0433386c9/3328b6aa14e810bd7f6a2/muted_mp4_med_size_1628214282_muted_med.mp4","audio":["https://coub-anubis-a.akamaized.net/coub_storage/coub/simple/cw_looped_audio_med/606b119978e/a8b3893bae4f3ce256497/1628214283_mp3-med.mp3"]},"share":{"default":"https://coub-anubis-a.akamaized.net/coub_storage/coub/simple/cw_video_for_sharing/2cd380c523d/be3aa4214229ced161e54/1628214304_looped_1628214303.mp4"}},"audio_versions":{},"image_versions":{"template":"https://coub-anubis-a.akamaized.net/coub_storage/coub/simple/cw_image/fac187b34ff/94bd855dacf6200201b3c/%{version}_1628214287_00018.jpg","versions":["micro","tiny","age_restricted","ios_large","ios_mosaic","big","med","small","pinterest"]},"first_frame_versions":{"template":"https://coub-anubis-a.akamaized.net/coub_storage/coub/simple/cw_timeline_pic/a4613e028dc/a9b0f5e66cc6e52585b2f/%{version}_1628214286_image.jpg","versions":["big","med","small","ios_large"]},"dimensions":{"big":[1280,720],"med":[640,360]},"site_w_h":[640,360],"page_w_h":[640,360],"site_w_h_small":[310,174],"size":[1280,720],"age_restricted":false,"age_restricted_by_admin":false,"not_safe_for_work":null,"allow_reuse":false,"dont_crop":true,"banned":false,"global_safe":null,"audio_file_url":null,"external_download":{"type":"Youtube","service_name":"YouTube","url":"https://www.youtube.com/watch?v=e6fS8ga9WA4","has_embed":true},"application":null,"channel":{"id":4828573,"permalink":"angryopk","title":"AngryOpk","description":null,"followers_count":27,"following_count":40,"avatar_versions":{"template":"https://coub-anubis-a.akamaized.net/coub_storage/channel/cw_avatar/a542d9cf75e/7d478179ad3d6c5384f52/%{version}_1607700856_17sswpj_1579278311_Ha-AoARlltg.jpg","versions":["medium","medium_2x","profile_pic","profile_pic_new","profile_pic_new_2x","tiny","tiny_2x","small","small_2x","ios_large","ios_small"]}},"file":null,"picture":"https://coub-anubis-a.akamaized.net/coub_storage/coub/simple/cw_image/fac187b34ff/94bd855dacf6200201b3c/med_1628214287_00018.jpg","timeline_picture":"https://coub-anubis-a.akamaized.net/coub_storage/coub/simple/cw_timeline_pic/a4613e028dc/a9b0f5e66cc6e52585b2f/ios_large_1628214286_image.jpg","small_picture":"https://coub-anubis-a.akamaized.net/coub_storage/coub/simple/cw_image/fac187b34ff/94bd855dacf6200201b3c/ios_mosaic_1628214287_00018.jpg","sharing_picture":null,"percent_done":100,"tags":[{"id":1238451,"title":"тим тим","value":"%D1%82%D0%B8%D0%BC%20%D1%82%D0%B8%D0%BC"},{"id":27413,"title":"cs:go","value":"cs:go"},{"id":8166,"title":"minecraft","value":"minecraft"},{"id":603,"title":"skyrim","value":"skyrim"},{"id":5773,"title":"gta v","value":"gta%20v"},{"id":675448,"title":"assasin`s creed","value":"assasin%60s%20creed"},{"id":130401,"title":"needforspeed","value":"needforspeed"},{"id":1437,"title":"юмор","value":"%D1%8E%D0%BC%D0%BE%D1%80"},{"id":249427,"title":"жиза","value":"%D0%B6%D0%B8%D0%B7%D0%B0"}],"categories":[{"id":115,"title":"Stand-up & Jokes","permalink":"standup-jokes","subscriptions_count":2029964,"big_image_url":"https://coub-anubis-a.akamaized.net/coub_storage/category/cw_image/e705818f6da/2d68d0903305d728e1d5b/big_1622039112_Stand-up.png","small_image_url":"https://coub-anubis-a.akamaized.net/coub_storage/category/cw_image/e705818f6da/2d68d0903305d728e1d5b/small_1622039112_Stand-up.png","med_image_url":"https://coub-anubis-a.akamaized.net/coub_storage/category/cw_image/e705818f6da/2d68d0903305d728e1d5b/med_1622039112_Stand-up.png","visible":true}],"communities":[{"id":115,"title":"Stand-up & Jokes","permalink":"standup-jokes","subscriptions_count":2029964,"big_image_url":"https://coub-anubis-a.akamaized.net/coub_storage/category/cw_image/e705818f6da/2d68d0903305d728e1d5b/big_1622039112_Stand-up.png","small_image_url":"https://coub-anubis-a.akamaized.net/coub_storage/category/cw_image/e705818f6da/2d68d0903305d728e1d5b/small_1622039112_Stand-up.png","med_image_url":"https://coub-anubis-a.akamaized.net/coub_storage/category/cw_image/e705818f6da/2d68d0903305d728e1d5b/med_1622039112_Stand-up.png","i_subscribed":true,"community_notifications_enabled":null,"description":null}],"recoubs_count":6,"remixes_count":0,"likes_count":37,"dislikes_count":0,"raw_video_id":16666931,"uploaded_by_ios_app":false,"uploaded_by_android_app":false,"media_blocks":{"uploaded_raw_videos":[],"external_raw_videos":[{"id":39420248,"title":"Если бы ИГРЫ учились в одной школе","url":"https://www.youtube.com/watch?v=e6fS8ga9WA4","image":"https://coub-anubis-a.akamaized.net/coub_storage/media_block/cw_image/c12683ebc5a/3cb383e561f220c706253/video_1628214138_11nhy3q_1628214095_1628214093_ai7uj7_att-url-download.webp","image_retina":"https://coub-anubis-a.akamaized.net/coub_storage/media_block/cw_image/c12683ebc5a/3cb383e561f220c706253/video_retina_1628214138_11nhy3q_1628214095_1628214093_ai7uj7_att-url-download.webp","meta":{"service":"Youtube","duration":"197.221"},"duration":197.221,"raw_video_id":16666931,"has_embed":true}],"remixed_from_coubs":[],"external_video":{"id":39420248,"title":"Если бы ИГРЫ учились в одной школе","url":"https://www.youtube.com/watch?v=e6fS8ga9WA4","image":"https://coub-anubis-a.akamaized.net/coub_storage/media_block/cw_image/c12683ebc5a/3cb383e561f220c706253/video_1628214138_11nhy3q_1628214095_1628214093_ai7uj7_att-url-download.webp","image_retina":"https://coub-anubis-a.akamaized.net/coub_storage/media_block/cw_image/c12683ebc5a/3cb383e561f220c706253/video_retina_1628214138_11nhy3q_1628214095_1628214093_ai7uj7_att-url-download.webp","meta":{"service":"Youtube","duration":"197.221"},"duration":197.221,"raw_video_id":16666931,"has_embed":true}},"raw_video_thumbnail_url":"https://coub-anubis-a.akamaized.net/coub_storage/raw_video/cw_image/a2b957f3af8/997473addfe5e455a6103/coub_media_1628214095_1628214093_ai7uj7_att-url-download.webp","raw_video_title":"Если бы ИГРЫ учились в одной школе","video_block_banned":false,"duration":5.48,"promo_winner":false,"promo_winner_recoubers":null,"editorial_info":{},"promo_hint":null,"beeline_best_2014":null,"from_web_editor":true,"normalize_sound":true,"normalize_change_allowed":true,"best2015_addable":false,"ahmad_promo":null,"promo_data":null,"audio_copyright_claim":null,"ads_disabled":null,"is_safe_for_ads":true,"megafon_contents":[],"position_on_page":3},{"flag":null,"abuses":null,"recoubs_by_users_channels":null,"favourite":false,"promoted_id":null,"recoub":null,"like":null,"dislike":null,"reaction":null,"in_my_best2015":false,"id":173243748,"type":"Coub::Simple","permalink":"2usqme","title":"Вы кто","visibility_type":"public","original_visibility_type":"public","channel_id":2271278,"created_at":"2021-08-03T17:26:00Z","updated_at":"2022-03-02T11:33:14Z","is_done":true,"views_count":7619,"cotd":null,"cotd_at":null,"visible_on_explore_root":false,"visible_on_explore":false,"featured":false,"published":true,"published_at":"2021-08-03T17:25:59Z","reversed":false,"from_editor_v2":true,"is_editable":true,"original_sound":true,"has_sound":true,"recoub_to":null,"file_versions":{"html5":{"video":{"higher":{"url":"https://coub-anubis-a.akamaized.net/coub_storage/coub/simple/cw_file/f27e3202fed/5f8b9be62826dc8cde430/muted_mp4_huge_size_1628011883_muted_huge.mp4","size":2028517},"high":{"url":"https://coub-anubis-a.akamaized.net/coub_storage/coub/simple/cw_file/f27e3202fed/5f8b9be62826dc8cde430/muted_mp4_big_size_1628011883_muted_big.mp4","size":1381220},"med":{"url":"https://coub-anubis-a.akamaized.net/coub_storage/coub/simple/cw_file/f27e3202fed/5f8b9be62826dc8cde430/muted_mp4_med_size_1628011883_muted_med.mp4","size":358558}},"audio":{"high":{"url":"https://coub-anubis-a.akamaized.net/coub_storage/coub/simple/cw_looped_audio_high/c8c1c793d2a/a3e29c390de6551d5c33d/1628011885_mp3-high.mp3","size":1070251},"med":{"url":"https://coub-anubis-a.akamaized.net/coub_storage/coub/simple/cw_looped_audio_med/cb9ea11d77e/9f4963ef4f4d2a644375f/1628011884_mp3-med.mp3","size":807729},"sample_duration":10.124}},"mobile":{"video":"https://coub-anubis-a.akamaized.net/coub_storage/coub/simple/cw_file/f27e3202fed/5f8b9be62826dc8cde430/muted_mp4_med_size_1628011883_muted_med.mp4","audio":["https://coub-anubis-a.akamaized.net/coub_storage/coub/simple/cw_looped_audio_med/cb9ea11d77e/9f4963ef4f4d2a644375f/1628011884_mp3-med.mp3"]},"share":{"default":"https://coub-anubis-a.akamaized.net/coub_storage/coub/simple/cw_video_for_sharing/1408aa728aa/5181fbf96da418d4ba71d/1628011919_looped_1628011918.mp4"}},"audio_versions":{},"image_versions":{"template":"https://coub-anubis-a.akamaized.net/coub_storage/coub/simple/cw_image/4cc2980e19d/9fdb02f47806dc78c7ce4/%{version}_1628011891_00032.jpg","versions":["micro","tiny","age_restricted","ios_large","ios_mosaic","big","med","small","pinterest"]},"first_frame_versions":{"template":"https://coub-anubis-a.akamaized.net/coub_storage/coub/simple/cw_timeline_pic/b17dce348ce/d7ace59dc5d8eaea380d0/%{version}_1628011890_image.jpg","versions":["big","med","small","ios_large"]},"dimensions":{"big":[1280,720],"med":[640,360]},"site_w_h":[640,360],"page_w_h":[640,360],"site_w_h_small":[310,174],"size":[1280,720],"age_restricted":false,"age_restricted_by_admin":false,"not_safe_for_work":null,"allow_reuse":false,"dont_crop":true,"banned":false,"global_safe":null,"audio_file_url":null,"external_download":{"type":"Youtube","service_name":"YouTube","url":"https://www.youtube.com/watch?v=EeHPhxPHGnE","has_embed":true},"application":null,"channel":{"id":2271278,"permalink":"brutal-izzy","title":"Mr. J","description":null,"followers_count":206,"following_count":2,"avatar_versions":{"template":"https://coub-anubis-a.akamaized.net/coub_storage/channel/cw_avatar/c84f4ecea5f/a1f5b9d4392079fc7924b/%{version}_1647181360_filename.jpeg","versions":["medium","medium_2x","profile_pic","profile_pic_new","profile_pic_new_2x","tiny","tiny_2x","small","small_2x","ios_large","ios_small"]}},"file":null,"picture":"https://coub-anubis-a.akamaized.net/coub_storage/coub/simple/cw_image/4cc2980e19d/9fdb02f47806dc78c7ce4/med_1628011891_00032.jpg","timeline_picture":"https://coub-anubis-a.akamaized.net/coub_storage/coub/simple/cw_timeline_pic/b17dce348ce/d7ace59dc5d8eaea380d0/ios_large_1628011890_image.jpg","small_picture":"https://coub-anubis-a.akamaized.net/coub_storage/coub/simple/cw_image/4cc2980e19d/9fdb02f47806dc78c7ce4/ios_mosaic_1628011891_00032.jpg","sharing_picture":null,"percent_done":100,"tags":[{"id":5113,"title":"камеди клаб","value":"%D0%BA%D0%B0%D0%BC%D0%B5%D0%B4%D0%B8%20%D0%BA%D0%BB%D0%B0%D0%B1"},{"id":11784,"title":"камеди","value":"%D0%BA%D0%B0%D0%BC%D0%B5%D0%B4%D0%B8"},{"id":37117,"title":"павел воля","value":"%D0%BF%D0%B0%D0%B2%D0%B5%D0%BB%20%D0%B2%D0%BE%D0%BB%D1%8F"},{"id":17583,"title":"тнт","value":"%D1%82%D0%BD%D1%82"},{"id":943764,"title":"тнт онлайн","value":"%D1%82%D0%BD%D1%82%20%D0%BE%D0%BD%D0%BB%D0%B0%D0%B9%D0%BD"},{"id":1485,"title":"comedy","value":"comedy"},{"id":38674,"title":"комеди клаб","value":"%D0%BA%D0%BE%D0%BC%D0%B5%D0%B4%D0%B8%20%D0%BA%D0%BB%D0%B0%D0%B1"},{"id":5866945,"title":"пули скорби","value":"%D0%BF%D1%83%D0%BB%D0%B8%20%D1%81%D0%BA%D0%BE%D1%80%D0%B1%D0%B8"},{"id":5866946,"title":"камеди пули","value":"%D0%BA%D0%B0%D0%BC%D0%B5%D0%B4%D0%B8%20%D0%BF%D1%83%D0%BB%D0%B8"},{"id":5866947,"title":"камеди пули скорби","value":"%D0%BA%D0%B0%D0%BC%D0%B5%D0%B4%D0%B8%20%D0%BF%D1%83%D0%BB%D0%B8%20%D1%81%D0%BA%D0%BE%D1%80%D0%B1%D0%B8"},{"id":5866948,"title":"камеди детектив","value":"%D0%BA%D0%B0%D0%BC%D0%B5%D0%B4%D0%B8%20%D0%B4%D0%B5%D1%82%D0%B5%D0%BA%D1%82%D0%B8%D0%B2"},{"id":50973,"title":"детектив","value":"%D0%B4%D0%B5%D1%82%D0%B5%D0%BA%D1%82%D0%B8%D0%B2"},{"id":3461,"title":"сериал","value":"%D1%81%D0%B5%D1%80%D0%B8%D0%B0%D0%BB"},{"id":5866949,"title":"камеди сериал","value":"%D0%BA%D0%B0%D0%BC%D0%B5%D0%B4%D0%B8%20%D1%81%D0%B5%D1%80%D0%B8%D0%B0%D0%BB"},{"id":5866950,"title":"сериал пули скорби","value":"%D1%81%D0%B5%D1%80%D0%B8%D0%B0%D0%BB%20%D0%BF%D1%83%D0%BB%D0%B8%20%D1%81%D0%BA%D0%BE%D1%80%D0%B1%D0%B8"},{"id":9654,"title":"харламов","value":"%D1%85%D0%B0%D1%80%D0%BB%D0%B0%D0%BC%D0%BE%D0%B2"},{"id":4008100,"title":"харламов камеди","value":"%D1%85%D0%B0%D1%80%D0%BB%D0%B0%D0%BC%D0%BE%D0%B2%20%D0%BA%D0%B0%D0%BC%D0%B5%D0%B4%D0%B8"},{"id":990876,"title":"камеди харламов","value":"%D0%BA%D0%B0%D0%BC%D0%B5%D0%B4%D0%B8%20%D1%85%D0%B0%D1%80%D0%BB%D0%B0%D0%BC%D0%BE%D0%B2"},{"id":505921,"title":"демис карибидис","value":"%D0%B4%D0%B5%D0%BC%D0%B8%D1%81%20%D0%BA%D0%B0%D1%80%D0%B8%D0%B1%D0%B8%D0%B4%D0%B8%D1%81"},{"id":514082,"title":"марина кравец","value":"%D0%BC%D0%B0%D1%80%D0%B8%D0%BD%D0%B0%20%D0%BA%D1%80%D0%B0%D0%B2%D0%B5%D1%86"}],"categories":[{"id":115,"title":"Stand-up & Jokes","permalink":"standup-jokes","subscriptions_count":2029964,"big_image_url":"https://coub-anubis-a.akamaized.net/coub_storage/category/cw_image/e705818f6da/2d68d0903305d728e1d5b/big_1622039112_Stand-up.png","small_image_url":"https://coub-anubis-a.akamaized.net/coub_storage/category/cw_image/e705818f6da/2d68d0903305d728e1d5b/small_1622039112_Stand-up.png","med_image_url":"https://coub-anubis-a.akamaized.net/coub_storage/category/cw_image/e705818f6da/2d68d0903305d728e1d5b/med_1622039112_Stand-up.png","visible":true}],"communities":[{"id":115,"title":"Stand-up & Jokes","permalink":"standup-jokes","subscriptions_count":2029964,"big_image_url":"https://coub-anubis-a.akamaized.net/coub_storage/category/cw_image/e705818f6da/2d68d0903305d728e1d5b/big_1622039112_Stand-up.png","small_image_url":"https://coub-anubis-a.akamaized.net/coub_storage/category/cw_image/e705818f6da/2d68d0903305d728e1d5b/small_1622039112_Stand-up.png","med_image_url":"https://coub-anubis-a.akamaized.net/coub_storage/category/cw_image/e705818f6da/2d68d0903305d728e1d5b/med_1622039112_Stand-up.png","i_subscribed":true,"community_notifications_enabled":null,"description":null}],"recoubs_count":8,"remixes_count":0,"likes_count":37,"dislikes_count":0,"raw_video_id":15613057,"uploaded_by_ios_app":true,"uploaded_by_android_app":false,"media_blocks":{"uploaded_raw_videos":[],"external_raw_videos":[{"id":36796329,"title":"Камеди Клаб «Пули Скорби» Харламов Бебуришвили Смирнов Иванов Кравец Батрутдинов Карибидис","url":"https://www.youtube.com/watch?v=EeHPhxPHGnE","image":null,"image_retina":null,"meta":{"service":"Youtube","duration":"748.88"},"duration":748.88,"raw_video_id":15613057,"has_embed":true}],"remixed_from_coubs":[],"external_video":{"id":36796329,"title":"Камеди Клаб «Пули Скорби» Харламов Бебуришвили Смирнов Иванов Кравец Батрутдинов Карибидис","url":"https://www.youtube.com/watch?v=EeHPhxPHGnE","image":null,"image_retina":null,"meta":{"service":"Youtube","duration":"748.88"},"duration":748.88,"raw_video_id":15613057,"has_embed":true}},"raw_video_thumbnail_url":"/missing/missing.png","raw_video_title":"Камеди Клаб «Пули Скорби» Харламов Бебуришвили Смирнов Иванов Кравец Батрутдинов Карибидис","video_block_banned":false,"duration":10.0,"promo_winner":false,"promo_winner_recoubers":null,"editorial_info":{},"promo_hint":null,"beeline_best_2014":null,"from_web_editor":false,"normalize_sound":true,"normalize_change_allowed":true,"best2015_addable":false,"ahmad_promo":null,"promo_data":null,"audio_copyright_claim":null,"ads_disabled":null,"is_safe_for_ads":true,"megafon_contents":[],"position_on_page":4},{"flag":null,"abuses":null,"recoubs_by_users_channels":null,"favourite":false,"promoted_id":null,"recoub":null,"like":null,"dislike":null,"reaction":null,"in_my_best2015":false,"id":172652172,"type":"Coub::Simple","permalink":"2ug25l","title":"\"Он тебя харассил?\" Комеди Клаб на ТНТ.","visibility_type":"public","original_visibility_type":"public","channel_id":1167920,"created_at":"2021-07-23T19:06:47Z","updated_at":"2022-03-04T07:52:46Z","is_done":true,"views_count":8042,"cotd":null,"cotd_at":null,"visible_on_explore_root":false,"visible_on_explore":false,"featured":false,"published":true,"published_at":"2021-07-23T19:06:47Z","reversed":false,"from_editor_v2":true,"is_editable":true,"original_sound":true,"has_sound":true,"recoub_to":null,"file_versions":{"html5":{"video":{"higher":{"url":"https://coub-anubis-a.akamaized.net/coub_storage/coub/simple/cw_file/3235107ee3c/a3a50a79651cf9cd49455/muted_mp4_huge_size_1627067397_muted_huge.mp4","size":1895981},"high":{"url":"https://coub-anubis-a.akamaized.net/coub_storage/coub/simple/cw_file/3235107ee3c/a3a50a79651cf9cd49455/muted_mp4_big_size_1627067397_muted_big.mp4","size":1321509},"med":{"url":"https://coub-anubis-a.akamaized.net/coub_storage/coub/simple/cw_file/3235107ee3c/a3a50a79651cf9cd49455/muted_mp4_med_size_1627067397_muted_med.mp4","size":356400}},"audio":{"high":{"url":"https://coub-anubis-a.akamaized.net/coub_storage/coub/simple/cw_looped_audio_high/8a7da29f636/e21987d58a29bc035107f/1627067400_mp3-high.mp3","size":1123863},"med":{"url":"https://coub-anubis-a.akamaized.net/coub_storage/coub/simple/cw_looped_audio_med/f08f0dd2e03/3cbe8e233b5f2dd113836/1627067399_mp3-med.mp3","size":939084},"sample_duration":9.799}},"mobile":{"video":"https://coub-anubis-a.akamaized.net/coub_storage/coub/simple/cw_file/3235107ee3c/a3a50a79651cf9cd49455/muted_mp4_med_size_1627067397_muted_med.mp4","audio":["https://coub-anubis-a.akamaized.net/coub_storage/coub/simple/cw_looped_audio_med/f08f0dd2e03/3cbe8e233b5f2dd113836/1627067399_mp3-med.mp3"]},"share":{"default":"https://coub-anubis-a.akamaized.net/coub_storage/coub/simple/cw_video_for_sharing/d49402f8e84/daa7d398f75283dcfcf1a/1627067430_looped_1627067429.mp4"}},"audio_versions":{},"image_versions":{"template":"https://coub-anubis-a.akamaized.net/coub_storage/coub/simple/cw_image/63ea7d44163/73dc0cb4918af406081be/%{version}_1627067406_00031.jpg","versions":["micro","tiny","age_restricted","ios_large","ios_mosaic","big","med","small","pinterest"]},"first_frame_versions":{"template":"https://coub-anubis-a.akamaized.net/coub_storage/coub/simple/cw_timeline_pic/2fb6457d5e0/05f9192407152bdac4266/%{version}_1627067405_image.jpg","versions":["big","med","small","ios_large"]},"dimensions":{"big":[1280,720],"med":[640,360]},"site_w_h":[640,360],"page_w_h":[640,360],"site_w_h_small":[310,174],"size":[1280,720],"age_restricted":false,"age_restricted_by_admin":false,"not_safe_for_work":null,"allow_reuse":false,"dont_crop":true,"banned":false,"global_safe":null,"audio_file_url":null,"external_download":{"type":"Youtube","service_name":"YouTube","url":"https://www.youtube.com/watch?v=0StJB3jqvsc&t=5s","has_embed":true},"application":null,"channel":{"id":1167920,"permalink":"serialolga","title":"Telekanal TNT (Premier.one) (fan gruppa)","description":"Фан-группа","followers_count":28,"following_count":5,"avatar_versions":{"template":"https://coub-anubis-a.akamaized.net/coub_storage/channel/cw_avatar/b225d289fcd/e2c831c9078b817e62a60/%{version}_1621175505_59c81d5491395070d3fe96552238c617.jpg","versions":["medium","medium_2x","profile_pic","profile_pic_new","profile_pic_new_2x","tiny","tiny_2x","small","small_2x","ios_large","ios_small"]}},"file":null,"picture":"https://coub-anubis-a.akamaized.net/coub_storage/coub/simple/cw_image/63ea7d44163/73dc0cb4918af406081be/med_1627067406_00031.jpg","timeline_picture":"https://coub-anubis-a.akamaized.net/coub_storage/coub/simple/cw_timeline_pic/2fb6457d5e0/05f9192407152bdac4266/ios_large_1627067405_image.jpg","small_picture":"https://coub-anubis-a.akamaized.net/coub_storage/coub/simple/cw_image/63ea7d44163/73dc0cb4918af406081be/ios_mosaic_1627067406_00031.jpg","sharing_picture":null,"percent_done":100,"tags":[{"id":5113,"title":"камеди клаб","value":"%D0%BA%D0%B0%D0%BC%D0%B5%D0%B4%D0%B8%20%D0%BA%D0%BB%D0%B0%D0%B1"},{"id":11784,"title":"камеди","value":"%D0%BA%D0%B0%D0%BC%D0%B5%D0%B4%D0%B8"},{"id":17583,"title":"тнт","value":"%D1%82%D0%BD%D1%82"},{"id":943764,"title":"тнт онлайн","value":"%D1%82%D0%BD%D1%82%20%D0%BE%D0%BD%D0%BB%D0%B0%D0%B9%D0%BD"},{"id":1485,"title":"comedy","value":"comedy"},{"id":38674,"title":"комеди клаб","value":"%D0%BA%D0%BE%D0%BC%D0%B5%D0%B4%D0%B8%20%D0%BA%D0%BB%D0%B0%D0%B1"},{"id":5631395,"title":"камеди 2020","value":"%D0%BA%D0%B0%D0%BC%D0%B5%D0%B4%D0%B8%202020"},{"id":5529573,"title":"камеди клаб 2020","value":"%D0%BA%D0%B0%D0%BC%D0%B5%D0%B4%D0%B8%20%D0%BA%D0%BB%D0%B0%D0%B1%202020"},{"id":563650,"title":"смотреть comedy club","value":"%D1%81%D0%BC%D0%BE%D1%82%D1%80%D0%B5%D1%82%D1%8C%20comedy%20club"},{"id":174493,"title":"смотреть камеди клаб","value":"%D1%81%D0%BC%D0%BE%D1%82%D1%80%D0%B5%D1%82%D1%8C%20%D0%BA%D0%B0%D0%BC%D0%B5%D0%B4%D0%B8%20%D0%BA%D0%BB%D0%B0%D0%B1"},{"id":746300,"title":"comedy club онлайн","value":"comedy%20club%20%D0%BE%D0%BD%D0%BB%D0%B0%D0%B9%D0%BD"},{"id":5854720,"title":"камеди клаб ютуб","value":"%D0%BA%D0%B0%D0%BC%D0%B5%D0%B4%D0%B8%20%D0%BA%D0%BB%D0%B0%D0%B1%20%D1%8E%D1%82%D1%83%D0%B1"},{"id":563655,"title":"камеди клаб смотреть онлайн","value":"%D0%BA%D0%B0%D0%BC%D0%B5%D0%B4%D0%B8%20%D0%BA%D0%BB%D0%B0%D0%B1%20%D1%81%D0%BC%D0%BE%D1%82%D1%80%D0%B5%D1%82%D1%8C%20%D0%BE%D0%BD%D0%BB%D0%B0%D0%B9%D0%BD"},{"id":303790,"title":"камеди клаб лучшее","value":"%D0%BA%D0%B0%D0%BC%D0%B5%D0%B4%D0%B8%20%D0%BA%D0%BB%D0%B0%D0%B1%20%D0%BB%D1%83%D1%87%D1%88%D0%B5%D0%B5"},{"id":3423098,"title":"женская правда","value":"%D0%B6%D0%B5%D0%BD%D1%81%D0%BA%D0%B0%D1%8F%20%D0%BF%D1%80%D0%B0%D0%B2%D0%B4%D0%B0"},{"id":6028368,"title":"камеди женская правда","value":"%D0%BA%D0%B0%D0%BC%D0%B5%D0%B4%D0%B8%20%D0%B6%D0%B5%D0%BD%D1%81%D0%BA%D0%B0%D1%8F%20%D0%BF%D1%80%D0%B0%D0%B2%D0%B4%D0%B0"},{"id":6028369,"title":"камеди клаб женская правда","value":"%D0%BA%D0%B0%D0%BC%D0%B5%D0%B4%D0%B8%20%D0%BA%D0%BB%D0%B0%D0%B1%20%D0%B6%D0%B5%D0%BD%D1%81%D0%BA%D0%B0%D1%8F%20%D0%BF%D1%80%D0%B0%D0%B2%D0%B4%D0%B0"},{"id":6028370,"title":"шоу женская правда","value":"%D1%88%D0%BE%D1%83%20%D0%B6%D0%B5%D0%BD%D1%81%D0%BA%D0%B0%D1%8F%20%D0%BF%D1%80%D0%B0%D0%B2%D0%B4%D0%B0"},{"id":6028371,"title":"женское шоу","value":"%D0%B6%D0%B5%D0%BD%D1%81%D0%BA%D0%BE%D0%B5%20%D1%88%D0%BE%D1%83"},{"id":6028372,"title":"камеди пародия","value":"%D0%BA%D0%B0%D0%BC%D0%B5%D0%B4%D0%B8%20%D0%BF%D0%B0%D1%80%D0%BE%D0%B4%D0%B8%D1%8F"},{"id":174498,"title":"тимур батрутдинов","value":"%D1%82%D0%B8%D0%BC%D1%83%D1%80%20%D0%B1%D0%B0%D1%82%D1%80%D1%83%D1%82%D0%B4%D0%B8%D0%BD%D0%BE%D0%B2"},{"id":1351605,"title":"андрей бебуришвили","value":"%D0%B0%D0%BD%D0%B4%D1%80%D0%B5%D0%B9%20%D0%B1%D0%B5%D0%B1%D1%83%D1%80%D0%B8%D1%88%D0%B2%D0%B8%D0%BB%D0%B8"},{"id":6028373,"title":"батрутдинов бебуришвили","value":"%D0%B1%D0%B0%D1%82%D1%80%D1%83%D1%82%D0%B4%D0%B8%D0%BD%D0%BE%D0%B2%20%D0%B1%D0%B5%D0%B1%D1%83%D1%80%D0%B8%D1%88%D0%B2%D0%B8%D0%BB%D0%B8"},{"id":6028374,"title":"камеди батрутдинов","value":"%D0%BA%D0%B0%D0%BC%D0%B5%D0%B4%D0%B8%20%D0%B1%D0%B0%D1%82%D1%80%D1%83%D1%82%D0%B4%D0%B8%D0%BD%D0%BE%D0%B2"},{"id":6028375,"title":"камеди бебуришвили","value":"%D0%BA%D0%B0%D0%BC%D0%B5%D0%B4%D0%B8%20%D0%B1%D0%B5%D0%B1%D1%83%D1%80%D0%B8%D1%88%D0%B2%D0%B8%D0%BB%D0%B8"},{"id":5229520,"title":"живите по правде","value":"%D0%B6%D0%B8%D0%B2%D0%B8%D1%82%D0%B5%20%D0%BF%D0%BE%20%D0%BF%D1%80%D0%B0%D0%B2%D0%B4%D0%B5"},{"id":7568,"title":"правда","value":"%D0%BF%D1%80%D0%B0%D0%B2%D0%B4%D0%B0"},{"id":252104,"title":"харассмент","value":"%D1%85%D0%B0%D1%80%D0%B0%D1%81%D1%81%D0%BC%D0%B5%D0%BD%D1%82"},{"id":5363859,"title":"пидарас пидарасина","value":"%D0%BF%D0%B8%D0%B4%D0%B0%D1%80%D0%B0%D1%81%20%D0%BF%D0%B8%D0%B4%D0%B0%D1%80%D0%B0%D1%81%D0%B8%D0%BD%D0%B0"},{"id":9003,"title":"пидарас","value":"%D0%BF%D0%B8%D0%B4%D0%B0%D1%80%D0%B0%D1%81"},{"id":4628772,"title":"пидарасина","value":"%D0%BF%D0%B8%D0%B4%D0%B0%D1%80%D0%B0%D1%81%D0%B8%D0%BD%D0%B0"},{"id":168331,"title":"феминизм","value":"%D1%84%D0%B5%D0%BC%D0%B8%D0%BD%D0%B8%D0%B7%D0%BC"},{"id":8628,"title":"давай поженимся","value":"%D0%B4%D0%B0%D0%B2%D0%B0%D0%B9%20%D0%BF%D0%BE%D0%B6%D0%B5%D0%BD%D0%B8%D0%BC%D1%81%D1%8F"},{"id":526420,"title":"телеканал тнт","value":"%D1%82%D0%B5%D0%BB%D0%B5%D0%BA%D0%B0%D0%BD%D0%B0%D0%BB%20%D1%82%D0%BD%D1%82"}],"categories":[{"id":115,"title":"Stand-up & Jokes","permalink":"standup-jokes","subscriptions_count":2029964,"big_image_url":"https://coub-anubis-a.akamaized.net/coub_storage/category/cw_image/e705818f6da/2d68d0903305d728e1d5b/big_1622039112_Stand-up.png","small_image_url":"https://coub-anubis-a.akamaized.net/coub_storage/category/cw_image/e705818f6da/2d68d0903305d728e1d5b/small_1622039112_Stand-up.png","med_image_url":"https://coub-anubis-a.akamaized.net/coub_storage/category/cw_image/e705818f6da/2d68d0903305d728e1d5b/med_1622039112_Stand-up.png","visible":true}],"communities":[{"id":115,"title":"Stand-up & Jokes","permalink":"standup-jokes","subscriptions_count":2029964,"big_image_url":"https://coub-anubis-a.akamaized.net/coub_storage/category/cw_image/e705818f6da/2d68d0903305d728e1d5b/big_1622039112_Stand-up.png","small_image_url":"https://coub-anubis-a.akamaized.net/coub_storage/category/cw_image/e705818f6da/2d68d0903305d728e1d5b/small_1622039112_Stand-up.png","med_image_url":"https://coub-anubis-a.akamaized.net/coub_storage/category/cw_image/e705818f6da/2d68d0903305d728e1d5b/med_1622039112_Stand-up.png","i_subscribed":true,"community_notifications_enabled":null,"description":null}],"recoubs_count":4,"remixes_count":0,"likes_count":37,"dislikes_count":0,"raw_video_id":16631895,"uploaded_by_ios_app":false,"uploaded_by_android_app":false,"media_blocks":{"uploaded_raw_videos":[],"external_raw_videos":[{"id":39336537,"title":"Камеди Клаб Андрей Бебуришвили Тимур Батрутдинов «Женская правда»","url":"https://www.youtube.com/watch?v=0StJB3jqvsc","image":"https://coub-anubis-a.akamaized.net/coub_storage/media_block/cw_image/c8205c3613f/63e89a1cd075ba114164a/video_1627066546_v3yr53_1627066439_1jr5igy_att-url-download.jpg","image_retina":"https://coub-anubis-a.akamaized.net/coub_storage/media_block/cw_image/c8205c3613f/63e89a1cd075ba114164a/video_retina_1627066546_v3yr53_1627066439_1jr5igy_att-url-download.jpg","meta":{"service":"Youtube","duration":"566.2"},"duration":566.2,"raw_video_id":16631895,"has_embed":true}],"remixed_from_coubs":[],"external_video":{"id":39336537,"title":"Камеди Клаб Андрей Бебуришвили Тимур Батрутдинов «Женская правда»","url":"https://www.youtube.com/watch?v=0StJB3jqvsc","image":"https://coub-anubis-a.akamaized.net/coub_storage/media_block/cw_image/c8205c3613f/63e89a1cd075ba114164a/video_1627066546_v3yr53_1627066439_1jr5igy_att-url-download.jpg","image_retina":"https://coub-anubis-a.akamaized.net/coub_storage/media_block/cw_image/c8205c3613f/63e89a1cd075ba114164a/video_retina_1627066546_v3yr53_1627066439_1jr5igy_att-url-download.jpg","meta":{"service":"Youtube","duration":"566.2"},"duration":566.2,"raw_video_id":16631895,"has_embed":true}},"raw_video_thumbnail_url":"https://coub-anubis-a.akamaized.net/coub_storage/raw_video/cw_image/8afbd01b162/e01a4292d199d7741556a/coub_media_1627066446_1627066439_1jr5igy_att-url-download.jpg","raw_video_title":"Камеди Клаб Андрей Бебуришвили Тимур Батрутдинов «Женская правда»","video_block_banned":false,"duration":9.76,"promo_winner":false,"promo_winner_recoubers":null,"editorial_info":{},"promo_hint":null,"beeline_best_2014":null,"from_web_editor":true,"normalize_sound":true,"normalize_change_allowed":true,"best2015_addable":false,"ahmad_promo":null,"promo_data":null,"audio_copyright_claim":null,"ads_disabled":null,"is_safe_for_ads":true,"megafon_contents":[],"position_on_page":5},{"flag":null,"abuses":null,"recoubs_by_users_channels":null,"favourite":false,"promoted_id":null,"recoub":null,"like":null,"dislike":null,"reaction":null,"in_my_best2015":false,"id":172161814,"type":"Coub::Simple","permalink":"2u5jsi","title":"Монахи Шаолинь","visibility_type":"public","original_visibility_type":"public","channel_id":11169416,"created_at":"2021-07-14T17:11:27Z","updated_at":"2021-12-24T03:29:12Z","is_done":true,"views_count":9602,"cotd":null,"cotd_at":null,"visible_on_explore_root":false,"visible_on_explore":false,"featured":false,"published":true,"published_at":"2021-07-14T17:11:26Z","reversed":false,"from_editor_v2":true,"is_editable":true,"original_sound":true,"has_sound":true,"recoub_to":null,"file_versions":{"html5":{"video":{"higher":{"url":"https://coub-anubis-a.akamaized.net/coub_storage/coub/simple/cw_file/87c85e40e95/5fb31ab83ea79725fef70/muted_mp4_huge_size_1626282696_muted_huge.mp4","size":4139837},"high":{"url":"https://coub-anubis-a.akamaized.net/coub_storage/coub/simple/cw_file/87c85e40e95/5fb31ab83ea79725fef70/muted_mp4_big_size_1626282696_muted_big.mp4","size":2577690},"med":{"url":"https://coub-anubis-a.akamaized.net/coub_storage/coub/simple/cw_file/87c85e40e95/5fb31ab83ea79725fef70/muted_mp4_med_size_1626282696_muted_med.mp4","size":944809}},"audio":{"high":{"url":"https://coub-anubis-a.akamaized.net/coub_storage/coub/simple/cw_looped_audio_high/381f97d5d6f/eee32705cf77168e99005/1626282698_mp3-high.mp3","size":993812},"med":{"url":"https://coub-anubis-a.akamaized.net/coub_storage/coub/simple/cw_looped_audio_med/cf687073feb/03659da491363057c6a35/1626282697_mp3-med.mp3","size":799076},"sample_duration":10.008}},"mobile":{"video":"https://coub-anubis-a.akamaized.net/coub_storage/coub/simple/cw_file/87c85e40e95/5fb31ab83ea79725fef70/muted_mp4_med_size_1626282696_muted_med.mp4","audio":["https://coub-anubis-a.akamaized.net/coub_storage/coub/simple/cw_looped_audio_med/cf687073feb/03659da491363057c6a35/1626282697_mp3-med.mp3"]},"share":{"default":"https://coub-anubis-a.akamaized.net/coub_storage/coub/simple/cw_video_for_sharing/09fa1c26401/8b1d307ad624d56c323bb/1626282746_looped_1626282745.mp4"}},"audio_versions":{},"image_versions":{"template":"https://coub-anubis-a.akamaized.net/coub_storage/coub/simple/cw_image/050767b5dc3/d0d2682df3770b20c1bcf/%{version}_1626282708_00032.jpg","versions":["micro","tiny","age_restricted","ios_large","ios_mosaic","big","med","small","pinterest"]},"first_frame_versions":{"template":"https://coub-anubis-a.akamaized.net/coub_storage/coub/simple/cw_timeline_pic/6b1f1122671/891b10515a87b181f80b1/%{version}_1626282707_image.jpg","versions":["big","med","small","ios_large"]},"dimensions":{"big":[960,960],"med":[480,480]},"site_w_h":[400,400],"page_w_h":[400,400],"site_w_h_small":[310,310],"size":[960,960],"age_restricted":false,"age_restricted_by_admin":false,"not_safe_for_work":null,"allow_reuse":false,"dont_crop":true,"banned":false,"global_safe":null,"audio_file_url":null,"external_download":false,"application":null,"channel":{"id":11169416,"permalink":"3105818e308e5c0c52c2994cd90cffcf","title":"Minions","description":null,"followers_count":86,"following_count":89,"avatar_versions":{"template":"https://coub-anubis-a.akamaized.net/coub_storage/channel/cw_avatar/04580f50769/0a172c0ff43f41e3e3d07/%{version}_1618690799______________.jpg","versions":["medium","medium_2x","profile_pic","profile_pic_new","profile_pic_new_2x","tiny","tiny_2x","small","small_2x","ios_large","ios_small"]}},"file":null,"picture":"https://coub-anubis-a.akamaized.net/coub_storage/coub/simple/cw_image/050767b5dc3/d0d2682df3770b20c1bcf/med_1626282708_00032.jpg","timeline_picture":"https://coub-anubis-a.akamaized.net/coub_storage/coub/simple/cw_timeline_pic/6b1f1122671/891b10515a87b181f80b1/ios_large_1626282707_image.jpg","small_picture":"https://coub-anubis-a.akamaized.net/coub_storage/coub/simple/cw_image/050767b5dc3/d0d2682df3770b20c1bcf/ios_mosaic_1626282708_00032.jpg","sharing_picture":null,"percent_done":100,"tags":[{"id":5388,"title":"монах","value":"%D0%BC%D0%BE%D0%BD%D0%B0%D1%85"},{"id":40012,"title":"шаолинь","value":"%D1%88%D0%B0%D0%BE%D0%BB%D0%B8%D0%BD%D1%8C"},{"id":608735,"title":"боевые искуства","value":"%D0%B1%D0%BE%D0%B5%D0%B2%D1%8B%D0%B5%20%D0%B8%D1%81%D0%BA%D1%83%D1%81%D1%82%D0%B2%D0%B0"},{"id":65027,"title":"самооборона","value":"%D1%81%D0%B0%D0%BC%D0%BE%D0%BE%D0%B1%D0%BE%D1%80%D0%BE%D0%BD%D0%B0"},{"id":10955,"title":"карате","value":"%D0%BA%D0%B0%D1%80%D0%B0%D1%82%D0%B5"},{"id":103807,"title":"кунгфу","value":"%D0%BA%D1%83%D0%BD%D0%B3%D1%84%D1%83"},{"id":85136,"title":"ушу","value":"%D1%83%D1%88%D1%83"},{"id":20665,"title":"веселое","value":"%D0%B2%D0%B5%D1%81%D0%B5%D0%BB%D0%BE%D0%B5"},{"id":5836,"title":"смешное","value":"%D1%81%D0%BC%D0%B5%D1%88%D0%BD%D0%BE%D0%B5"},{"id":4912714,"title":"монахи шаолинь","value":"%D0%BC%D0%BE%D0%BD%D0%B0%D1%85%D0%B8%20%D1%88%D0%B0%D0%BE%D0%BB%D0%B8%D0%BD%D1%8C"}],"categories":[{"id":115,"title":"Stand-up & Jokes","permalink":"standup-jokes","subscriptions_count":2029964,"big_image_url":"https://coub-anubis-a.akamaized.net/coub_storage/category/cw_image/e705818f6da/2d68d0903305d728e1d5b/big_1622039112_Stand-up.png","small_image_url":"https://coub-anubis-a.akamaized.net/coub_storage/category/cw_image/e705818f6da/2d68d0903305d728e1d5b/small_1622039112_Stand-up.png","med_image_url":"https://coub-anubis-a.akamaized.net/coub_storage/category/cw_image/e705818f6da/2d68d0903305d728e1d5b/med_1622039112_Stand-up.png","visible":true}],"communities":[{"id":115,"title":"Stand-up & Jokes","permalink":"standup-jokes","subscriptions_count":2029964,"big_image_url":"https://coub-anubis-a.akamaized.net/coub_storage/category/cw_image/e705818f6da/2d68d0903305d728e1d5b/big_1622039112_Stand-up.png","small_image_url":"https://coub-anubis-a.akamaized.net/coub_storage/category/cw_image/e705818f6da/2d68d0903305d728e1d5b/small_1622039112_Stand-up.png","med_image_url":"https://coub-anubis-a.akamaized.net/coub_storage/category/cw_image/e705818f6da/2d68d0903305d728e1d5b/med_1622039112_Stand-up.png","i_subscribed":true,"community_notifications_enabled":null,"description":null}],"recoubs_count":5,"remixes_count":0,"likes_count":37,"dislikes_count":0,"raw_video_id":16608807,"uploaded_by_ios_app":false,"uploaded_by_android_app":false,"media_blocks":{"uploaded_raw_videos":[],"external_raw_videos":[],"remixed_from_coubs":[]},"raw_video_thumbnail_url":"https://coub-anubis-a.akamaized.net/coub_storage/raw_video/cw_image/f79eea8409f/b8514921b87edc5a75016/coub_media_1626282391_image.jpg","raw_video_title":"______________.mp4","video_block_banned":false,"duration":10.0,"promo_winner":false,"promo_winner_recoubers":null,"editorial_info":{},"promo_hint":null,"beeline_best_2014":null,"from_web_editor":true,"normalize_sound":true,"normalize_change_allowed":true,"best2015_addable":false,"ahmad_promo":null,"promo_data":null,"audio_copyright_claim":null,"ads_disabled":null,"is_safe_for_ads":true,"megafon_contents":[],"position_on_page":6},{"flag":null,"abuses":null,"recoubs_by_users_channels":null,"favourite":false,"promoted_id":null,"recoub":null,"like":null,"dislike":null,"reaction":null,"in_my_best2015":false,"id":171175235,"type":"Coub::Simple","permalink":"2tkejb","title":"А вам жарко?  Лучшее на ютубе FunVid","visibility_type":"public","original_visibility_type":"public","channel_id":10496861,"created_at":"2021-06-26T14:29:43Z","updated_at":"2021-07-15T13:50:33Z","is_done":true,"views_count":9090,"cotd":null,"cotd_at":null,"visible_on_explore_root":false,"visible_on_explore":false,"featured":false,"published":true,"published_at":"2021-06-26T14:29:43Z","reversed":false,"from_editor_v2":true,"is_editable":true,"original_sound":true,"has_sound":true,"recoub_to":null,"file_versions":{"html5":{"video":{"higher":{"url":"https://coub-anubis-a.akamaized.net/coub_storage/coub/simple/cw_file/c986da3d03f/60961b47abad79ec13032/muted_mp4_huge_size_1624717805_muted_huge.mp4","size":2343845},"high":{"url":"https://coub-anubis-a.akamaized.net/coub_storage/coub/simple/cw_file/c986da3d03f/60961b47abad79ec13032/muted_mp4_big_size_1624717805_muted_big.mp4","size":1582865},"med":{"url":"https://coub-anubis-a.akamaized.net/coub_storage/coub/simple/cw_file/c986da3d03f/60961b47abad79ec13032/muted_mp4_med_size_1624717805_muted_med.mp4","size":430473}},"audio":{"high":{"url":"https://coub-anubis-a.akamaized.net/coub_storage/coub/simple/cw_looped_audio_high/65fbeb1a738/0fcbc8d6ce044a39efa9a/1624717808_mp3-high.mp3","size":1038690},"med":{"url":"https://coub-anubis-a.akamaized.net/coub_storage/coub/simple/cw_looped_audio_med/d55c5ef3606/761b00b998f9866ff854c/1624717807_mp3-med.mp3","size":799076},"sample_duration":10.008}},"mobile":{"video":"https://coub-anubis-a.akamaized.net/coub_storage/coub/simple/cw_file/c986da3d03f/60961b47abad79ec13032/muted_mp4_med_size_1624717805_muted_med.mp4","audio":["https://coub-anubis-a.akamaized.net/coub_storage/coub/simple/cw_looped_audio_med/d55c5ef3606/761b00b998f9866ff854c/1624717807_mp3-med.mp3"]},"share":{"default":"https://coub-anubis-a.akamaized.net/coub_storage/coub/simple/cw_video_for_sharing/52a007e5be6/e1d3e7ae2c77fb2788661/1624717878_looped_1624717876.mp4"}},"audio_versions":{},"image_versions":{"template":"https://coub-anubis-a.akamaized.net/coub_storage/coub/simple/cw_image/944c5aee78a/b3b2e06f7d70a30d14728/%{version}_1624717820_00032.jpg","versions":["micro","tiny","age_restricted","ios_large","ios_mosaic","big","med","small","pinterest"]},"first_frame_versions":{"template":"https://coub-anubis-a.akamaized.net/coub_storage/coub/simple/cw_timeline_pic/889baa63fa4/85d2f5fb7e489a3fecc7b/%{version}_1624717818_image.jpg","versions":["big","med","small","ios_large"]},"dimensions":{"big":[1280,720],"med":[640,360]},"site_w_h":[640,360],"page_w_h":[640,360],"site_w_h_small":[310,174],"size":[1280,720],"age_restricted":false,"age_restricted_by_admin":false,"not_safe_for_work":null,"allow_reuse":false,"dont_crop":true,"banned":false,"global_safe":null,"audio_file_url":null,"external_download":false,"application":null,"channel":{"id":10496861,"permalink":"funvidyoutube","title":"Funvid","description":"Лучшие приколы со всего интернета на ютуб канале FunVId","followers_count":9,"following_count":14,"avatar_versions":{"template":"https://coub-anubis-a.akamaized.net/coub_storage/channel/cw_avatar/36930168eda/2c9ebadb1cf3fa4c2123f/%{version}_1624652238__________.jpg","versions":["medium","medium_2x","profile_pic","profile_pic_new","profile_pic_new_2x","tiny","tiny_2x","small","small_2x","ios_large","ios_small"]}},"file":null,"picture":"https://coub-anubis-a.akamaized.net/coub_storage/coub/simple/cw_image/944c5aee78a/b3b2e06f7d70a30d14728/med_1624717820_00032.jpg","timeline_picture":"https://coub-anubis-a.akamaized.net/coub_storage/coub/simple/cw_timeline_pic/889baa63fa4/85d2f5fb7e489a3fecc7b/ios_large_1624717818_image.jpg","small_picture":"https://coub-anubis-a.akamaized.net/coub_storage/coub/simple/cw_image/944c5aee78a/b3b2e06f7d70a30d14728/ios_mosaic_1624717820_00032.jpg","sharing_picture":null,"percent_done":100,"tags":[{"id":1437,"title":"юмор","value":"%D1%8E%D0%BC%D0%BE%D1%80"},{"id":4480,"title":"приколы","value":"%D0%BF%D1%80%D0%B8%D0%BA%D0%BE%D0%BB%D1%8B"},{"id":10959,"title":"ютуб","value":"%D1%8E%D1%82%D1%83%D0%B1"},{"id":312388,"title":"funvid","value":"funvid"},{"id":5836,"title":"смешное","value":"%D1%81%D0%BC%D0%B5%D1%88%D0%BD%D0%BE%D0%B5"}],"categories":[{"id":115,"title":"Stand-up & Jokes","permalink":"standup-jokes","subscriptions_count":2029964,"big_image_url":"https://coub-anubis-a.akamaized.net/coub_storage/category/cw_image/e705818f6da/2d68d0903305d728e1d5b/big_1622039112_Stand-up.png","small_image_url":"https://coub-anubis-a.akamaized.net/coub_storage/category/cw_image/e705818f6da/2d68d0903305d728e1d5b/small_1622039112_Stand-up.png","med_image_url":"https://coub-anubis-a.akamaized.net/coub_storage/category/cw_image/e705818f6da/2d68d0903305d728e1d5b/med_1622039112_Stand-up.png","visible":true}],"communities":[{"id":115,"title":"Stand-up & Jokes","permalink":"standup-jokes","subscriptions_count":2029964,"big_image_url":"https://coub-anubis-a.akamaized.net/coub_storage/category/cw_image/e705818f6da/2d68d0903305d728e1d5b/big_1622039112_Stand-up.png","small_image_url":"https://coub-anubis-a.akamaized.net/coub_storage/category/cw_image/e705818f6da/2d68d0903305d728e1d5b/small_1622039112_Stand-up.png","med_image_url":"https://coub-anubis-a.akamaized.net/coub_storage/category/cw_image/e705818f6da/2d68d0903305d728e1d5b/med_1622039112_Stand-up.png","i_subscribed":true,"community_notifications_enabled":null,"description":null}],"recoubs_count":7,"remixes_count":0,"likes_count":37,"dislikes_count":0,"raw_video_id":16559879,"uploaded_by_ios_app":false,"uploaded_by_android_app":false,"media_blocks":{"uploaded_raw_videos":[],"external_raw_videos":[],"remixed_from_coubs":[]},"raw_video_thumbnail_url":"https://coub-anubis-a.akamaized.net/coub_storage/raw_video/cw_image/b7ae920bad4/1aeaa2ccf904991880667/coub_media_1624717585_image.jpg","raw_video_title":"1_.mp4","video_block_banned":false,"duration":10.0,"promo_winner":false,"promo_winner_recoubers":null,"editorial_info":{},"promo_hint":null,"beeline_best_2014":null,"from_web_editor":true,"normalize_sound":true,"normalize_change_allowed":true,"best2015_addable":false,"ahmad_promo":null,"promo_data":null,"audio_copyright_claim":null,"ads_disabled":null,"is_safe_for_ads":true,"megafon_contents":[],"position_on_page":7},{"flag":null,"abuses":null,"recoubs_by_users_channels":null,"favourite":false,"promoted_id":null,"recoub":null,"like":null,"dislike":null,"reaction":null,"in_my_best2015":false,"id":170771651,"type":"Coub::Simple","permalink":"2tbr4k","title":"Спасибо (Царь и пиво)","visibility_type":"public","original_visibility_type":"public","channel_id":2253552,"created_at":"2021-06-19T07:53:10Z","updated_at":"2021-10-27T23:45:03Z","is_done":true,"views_count":10973,"cotd":null,"cotd_at":null,"visible_on_explore_root":false,"visible_on_explore":false,"featured":false,"published":true,"published_at":"2021-06-19T07:53:10Z","reversed":false,"from_editor_v2":true,"is_editable":true,"original_sound":true,"has_sound":true,"recoub_to":null,"file_versions":{"html5":{"video":{"higher":{"url":"https://coub-anubis-a.akamaized.net/coub_storage/coub/simple/cw_file/d3e8edf766f/6ceacc896089db5724387/muted_mp4_huge_size_1624089203_muted_huge.mp4","size":1104859},"high":{"url":"https://coub-anubis-a.akamaized.net/coub_storage/coub/simple/cw_file/d3e8edf766f/6ceacc896089db5724387/muted_mp4_big_size_1624089203_muted_big.mp4","size":653107},"med":{"url":"https://coub-anubis-a.akamaized.net/coub_storage/coub/simple/cw_file/d3e8edf766f/6ceacc896089db5724387/muted_mp4_med_size_1624089203_muted_med.mp4","size":190843}},"audio":{"high":{"url":"https://coub-anubis-a.akamaized.net/coub_storage/coub/simple/cw_looped_audio_high/e2d8c59d46e/a7bcca555ed00bfcd8148/1624089205_mp3-high.mp3","size":1168237},"med":{"url":"https://coub-anubis-a.akamaized.net/coub_storage/coub/simple/cw_looped_audio_med/7c082a1fdf9/4900e6fa1c5c4da54f5fb/1624089204_mp3-med.mp3","size":914898},"sample_duration":3.39}},"mobile":{"video":"https://coub-anubis-a.akamaized.net/coub_storage/coub/simple/cw_file/d3e8edf766f/6ceacc896089db5724387/muted_mp4_med_size_1624089203_muted_med.mp4","audio":["https://coub-anubis-a.akamaized.net/coub_storage/coub/simple/cw_looped_audio_med/7c082a1fdf9/4900e6fa1c5c4da54f5fb/1624089204_mp3-med.mp3"]},"share":{"default":"https://coub-anubis-a.akamaized.net/coub_storage/coub/simple/cw_video_for_sharing/3b6b08d1261/4722aec3d103ea83d4705/1624089224_looped_1624089223.mp4"}},"audio_versions":{},"image_versions":{"template":"https://coub-anubis-a.akamaized.net/coub_storage/coub/simple/cw_image/37e0eeb7570/85c1e4ebce28f01551d37/%{version}_1624089208_00011.jpg","versions":["micro","tiny","age_restricted","ios_large","ios_mosaic","big","med","small","pinterest"]},"first_frame_versions":{"template":"https://coub-anubis-a.akamaized.net/coub_storage/coub/simple/cw_timeline_pic/8a17eb549b3/0d0049c0a1ac276080d72/%{version}_1624089207_image.jpg","versions":["big","med","small","ios_large"]},"dimensions":{"big":[1280,720],"med":[640,360]},"site_w_h":[640,360],"page_w_h":[640,360],"site_w_h_small":[310,174],"size":[1280,720],"age_restricted":false,"age_restricted_by_admin":false,"not_safe_for_work":null,"allow_reuse":false,"dont_crop":true,"banned":false,"global_safe":null,"audio_file_url":null,"external_download":{"type":"Youtube","service_name":"YouTube","url":"https://www.youtube.com/watch?v=0dUXsOxR2pE","has_embed":true},"application":null,"channel":{"id":2253552,"permalink":"shumkov-daniil","title":"Shumkov  Daniil","description":null,"followers_count":7,"following_count":4,"avatar_versions":{"template":"https://coub-anubis-a.akamaized.net/coub_storage/channel/cw_avatar/a887b49ffb7/1348337a835b1014d8c77/%{version}_1608947788_qpq5ex_1474681121_1u93y56_849502341835884.jpg","versions":["medium","medium_2x","profile_pic","profile_pic_new","profile_pic_new_2x","tiny","tiny_2x","small","small_2x","ios_large","ios_small"]}},"file":null,"picture":"https://coub-anubis-a.akamaized.net/coub_storage/coub/simple/cw_image/37e0eeb7570/85c1e4ebce28f01551d37/med_1624089208_00011.jpg","timeline_picture":"https://coub-anubis-a.akamaized.net/coub_storage/coub/simple/cw_timeline_pic/8a17eb549b3/0d0049c0a1ac276080d72/ios_large_1624089207_image.jpg","small_picture":"https://coub-anubis-a.akamaized.net/coub_storage/coub/simple/cw_image/37e0eeb7570/85c1e4ebce28f01551d37/ios_mosaic_1624089208_00011.jpg","sharing_picture":null,"percent_done":100,"tags":[{"id":26100,"title":"царь","value":"%D1%86%D0%B0%D1%80%D1%8C"},{"id":20635,"title":"пиво","value":"%D0%BF%D0%B8%D0%B2%D0%BE"},{"id":23600,"title":"толстяк","value":"%D1%82%D0%BE%D0%BB%D1%81%D1%82%D1%8F%D0%BA"},{"id":3059070,"title":"жидкое золото","value":"%D0%B6%D0%B8%D0%B4%D0%BA%D0%BE%D0%B5%20%D0%B7%D0%BE%D0%BB%D0%BE%D1%82%D0%BE"}],"categories":[{"id":115,"title":"Stand-up & Jokes","permalink":"standup-jokes","subscriptions_count":2029964,"big_image_url":"https://coub-anubis-a.akamaized.net/coub_storage/category/cw_image/e705818f6da/2d68d0903305d728e1d5b/big_1622039112_Stand-up.png","small_image_url":"https://coub-anubis-a.akamaized.net/coub_storage/category/cw_image/e705818f6da/2d68d0903305d728e1d5b/small_1622039112_Stand-up.png","med_image_url":"https://coub-anubis-a.akamaized.net/coub_storage/category/cw_image/e705818f6da/2d68d0903305d728e1d5b/med_1622039112_Stand-up.png","visible":true}],"communities":[{"id":115,"title":"Stand-up & Jokes","permalink":"standup-jokes","subscriptions_count":2029964,"big_image_url":"https://coub-anubis-a.akamaized.net/coub_storage/category/cw_image/e705818f6da/2d68d0903305d728e1d5b/big_1622039112_Stand-up.png","small_image_url":"https://coub-anubis-a.akamaized.net/coub_storage/category/cw_image/e705818f6da/2d68d0903305d728e1d5b/small_1622039112_Stand-up.png","med_image_url":"https://coub-anubis-a.akamaized.net/coub_storage/category/cw_image/e705818f6da/2d68d0903305d728e1d5b/med_1622039112_Stand-up.png","i_subscribed":true,"community_notifications_enabled":null,"description":null}],"recoubs_count":3,"remixes_count":0,"likes_count":37,"dislikes_count":0,"raw_video_id":15901992,"uploaded_by_ios_app":false,"uploaded_by_android_app":true,"media_blocks":{"uploaded_raw_videos":[],"external_raw_videos":[{"id":37520392,"title":"Царь рассказывает про пиво (8K 60fps UHD)","url":"https://www.youtube.com/watch?v=0dUXsOxR2pE","image":null,"image_retina":null,"meta":{"service":"Youtube","duration":"51.04"},"duration":51.04,"raw_video_id":15901992,"has_embed":true}],"remixed_from_coubs":[],"external_video":{"id":37520392,"title":"Царь рассказывает про пиво (8K 60fps UHD)","url":"https://www.youtube.com/watch?v=0dUXsOxR2pE","image":null,"image_retina":null,"meta":{"service":"Youtube","duration":"51.04"},"duration":51.04,"raw_video_id":15901992,"has_embed":true}},"raw_video_thumbnail_url":"/missing/missing.png","raw_video_title":"Царь рассказывает про пиво (8K 60fps UHD)","video_block_banned":false,"duration":3.36,"promo_winner":false,"promo_winner_recoubers":null,"editorial_info":{},"promo_hint":null,"beeline_best_2014":null,"from_web_editor":false,"normalize_sound":true,"normalize_change_allowed":true,"best2015_addable":false,"ahmad_promo":null,"promo_data":null,"audio_copyright_claim":null,"ads_disabled":null,"is_safe_for_ads":true,"megafon_contents":[],"position_on_page":8},{"flag":null,"abuses":null,"recoubs_by_users_channels":null,"favourite":false,"promoted_id":null,"recoub":null,"like":null,"dislike":null,"reaction":null,"in_my_best2015":false,"id":170195296,"type":"Coub::Simple","permalink":"2szeeg","title":"BadComedian - ну и хуй с ним","visibility_type":"public","original_visibility_type":"public","channel_id":9503675,"created_at":"2021-06-08T19:28:57Z","updated_at":"2021-12-20T08:33:38Z","is_done":true,"views_count":12305,"cotd":null,"cotd_at":null,"visible_on_explore_root":false,"visible_on_explore":false,"featured":false,"published":true,"published_at":"2021-06-08T19:28:57Z","reversed":false,"from_editor_v2":true,"is_editable":true,"original_sound":true,"has_sound":true,"recoub_to":null,"file_versions":{"html5":{"video":{"higher":{"url":"https://coub-anubis-a.akamaized.net/coub_storage/coub/simple/cw_file/e57bb5c543f/7ca95a0f34339416b0cd0/muted_mp4_huge_size_1623180540_muted_huge.mp4","size":280526},"high":{"url":"https://coub-anubis-a.akamaized.net/coub_storage/coub/simple/cw_file/e57bb5c543f/7ca95a0f34339416b0cd0/muted_mp4_big_size_1623180540_muted_big.mp4","size":193974},"med":{"url":"https://coub-anubis-a.akamaized.net/coub_storage/coub/simple/cw_file/e57bb5c543f/7ca95a0f34339416b0cd0/muted_mp4_med_size_1623180540_muted_med.mp4","size":50272}},"audio":{"high":{"url":"https://coub-anubis-a.akamaized.net/coub_storage/coub/simple/cw_looped_audio_high/156ca83aa21/72a2ff9339e72ca04e104/1623180542_mp3-high.mp3","size":995813},"med":{"url":"https://coub-anubis-a.akamaized.net/coub_storage/coub/simple/cw_looped_audio_med/62a129f45fb/c97dda4ef001ac9290c1f/1623180541_mp3-med.mp3","size":952011},"sample_duration":2.717}},"mobile":{"video":"https://coub-anubis-a.akamaized.net/coub_storage/coub/simple/cw_file/e57bb5c543f/7ca95a0f34339416b0cd0/muted_mp4_med_size_1623180540_muted_med.mp4","audio":["https://coub-anubis-a.akamaized.net/coub_storage/coub/simple/cw_looped_audio_med/62a129f45fb/c97dda4ef001ac9290c1f/1623180541_mp3-med.mp3"]},"share":{"default":"https://coub-anubis-a.akamaized.net/coub_storage/coub/simple/cw_video_for_sharing/59ef46fa187/a0897bb7e63ebd90f3652/1623180556_looped_1623180556.mp4"}},"audio_versions":{},"image_versions":{"template":"https://coub-anubis-a.akamaized.net/coub_storage/coub/simple/cw_image/67723085d8a/77b85b828618433086449/%{version}_1623180544_00009.jpg","versions":["micro","tiny","age_restricted","ios_large","ios_mosaic","big","med","small","pinterest"]},"first_frame_versions":{"template":"https://coub-anubis-a.akamaized.net/coub_storage/coub/simple/cw_timeline_pic/0bc6fdff851/cc4a4f6cef55bf2b19a7b/%{version}_1623180544_image.jpg","versions":["big","med","small","ios_large"]},"dimensions":{"big":[1280,720],"med":[640,360]},"site_w_h":[640,360],"page_w_h":[640,360],"site_w_h_small":[310,174],"size":[1280,720],"age_restricted":false,"age_restricted_by_admin":false,"not_safe_for_work":null,"allow_reuse":false,"dont_crop":true,"banned":false,"global_safe":null,"audio_file_url":null,"external_download":false,"application":null,"channel":{"id":9503675,"permalink":"badmoments","title":"BadMoments","description":"Фан-аккаунт BadComedian (обзоры, мемы, собственные монтажики и не только)","followers_count":116,"following_count":19,"avatar_versions":{"template":"https://coub-anubis-a.akamaized.net/coub_storage/channel/cw_avatar/ddc4f0acc7f/1ac1553023e876ef2a754/%{version}_1623821347__BadComedian__-_______________________________.mp4.00_03_28_06._______________________001.png","versions":["medium","medium_2x","profile_pic","profile_pic_new","profile_pic_new_2x","tiny","tiny_2x","small","small_2x","ios_large","ios_small"]}},"file":null,"picture":"https://coub-anubis-a.akamaized.net/coub_storage/coub/simple/cw_image/67723085d8a/77b85b828618433086449/med_1623180544_00009.jpg","timeline_picture":"https://coub-anubis-a.akamaized.net/coub_storage/coub/simple/cw_timeline_pic/0bc6fdff851/cc4a4f6cef55bf2b19a7b/ios_large_1623180544_image.jpg","small_picture":"https://coub-anubis-a.akamaized.net/coub_storage/coub/simple/cw_image/67723085d8a/77b85b828618433086449/ios_mosaic_1623180544_00009.jpg","sharing_picture":null,"percent_done":100,"tags":[{"id":2954,"title":"badcomedian","value":"badcomedian"},{"id":4861,"title":"обзор","value":"%D0%BE%D0%B1%D0%B7%D0%BE%D1%80"},{"id":254266,"title":"евгений баженов","value":"%D0%B5%D0%B2%D0%B3%D0%B5%D0%BD%D0%B8%D0%B9%20%D0%B1%D0%B0%D0%B6%D0%B5%D0%BD%D0%BE%D0%B2"},{"id":551835,"title":"зоя","value":"%D0%B7%D0%BE%D1%8F"},{"id":4680,"title":"на случай важных переговоров","value":"%D0%BD%D0%B0%20%D1%81%D0%BB%D1%83%D1%87%D0%B0%D0%B9%20%D0%B2%D0%B0%D0%B6%D0%BD%D1%8B%D1%85%20%D0%BF%D0%B5%D1%80%D0%B5%D0%B3%D0%BE%D0%B2%D0%BE%D1%80%D0%BE%D0%B2"},{"id":730578,"title":"на случай вп","value":"%D0%BD%D0%B0%20%D1%81%D0%BB%D1%83%D1%87%D0%B0%D0%B9%20%D0%B2%D0%BF"}],"categories":[{"id":115,"title":"Stand-up & Jokes","permalink":"standup-jokes","subscriptions_count":2029964,"big_image_url":"https://coub-anubis-a.akamaized.net/coub_storage/category/cw_image/e705818f6da/2d68d0903305d728e1d5b/big_1622039112_Stand-up.png","small_image_url":"https://coub-anubis-a.akamaized.net/coub_storage/category/cw_image/e705818f6da/2d68d0903305d728e1d5b/small_1622039112_Stand-up.png","med_image_url":"https://coub-anubis-a.akamaized.net/coub_storage/category/cw_image/e705818f6da/2d68d0903305d728e1d5b/med_1622039112_Stand-up.png","visible":true}],"communities":[{"id":115,"title":"Stand-up & Jokes","permalink":"standup-jokes","subscriptions_count":2029964,"big_image_url":"https://coub-anubis-a.akamaized.net/coub_storage/category/cw_image/e705818f6da/2d68d0903305d728e1d5b/big_1622039112_Stand-up.png","small_image_url":"https://coub-anubis-a.akamaized.net/coub_storage/category/cw_image/e705818f6da/2d68d0903305d728e1d5b/small_1622039112_Stand-up.png","med_image_url":"https://coub-anubis-a.akamaized.net/coub_storage/category/cw_image/e705818f6da/2d68d0903305d728e1d5b/med_1622039112_Stand-up.png","i_subscribed":true,"community_notifications_enabled":null,"description":null}],"recoubs_count":6,"remixes_count":0,"likes_count":37,"dislikes_count":0,"raw_video_id":16512565,"uploaded_by_ios_app":false,"uploaded_by_android_app":false,"media_blocks":{"uploaded_raw_videos":[],"external_raw_videos":[],"remixed_from_coubs":[]},"raw_video_thumbnail_url":"https://coub-anubis-a.akamaized.net/coub_storage/raw_video/cw_image/21377008ee8/d47270c0992d57b61c574/coub_media_1623180459_image.jpg","raw_video_title":"23______________.mp4","video_block_banned":false,"duration":2.72,"promo_winner":false,"promo_winner_recoubers":null,"editorial_info":{},"promo_hint":null,"beeline_best_2014":null,"from_web_editor":true,"normalize_sound":true,"normalize_change_allowed":true,"best2015_addable":false,"ahmad_promo":null,"promo_data":null,"audio_copyright_claim":null,"ads_disabled":null,"is_safe_for_ads":true,"megafon_contents":[],"position_on_page":9},{"flag":null,"abuses":null,"recoubs_by_users_channels":null,"favourite":false,"promoted_id":null,"recoub":null,"like":null,"dislike":null,"reaction":null,"in_my_best2015":false,"id":169959223,"type":"Coub::Simple","permalink":"2suc8t","title":"spd smosh","visibility_type":"public","original_visibility_type":"public","channel_id":3663566,"created_at":"2021-06-04T18:53:40Z","updated_at":"2022-01-03T12:18:21Z","is_done":true,"views_count":13725,"cotd":null,"cotd_at":null,"visible_on_explore_root":false,"visible_on_explore":false,"featured":false,"published":true,"published_at":"2021-06-04T18:53:40Z","reversed":false,"from_editor_v2":true,"is_editable":true,"original_sound":true,"has_sound":true,"recoub_to":null,"file_versions":{"html5":{"video":{"higher":{"url":"https://coub-anubis-a.akamaized.net/coub_storage/coub/simple/cw_file/5a55e045def/6958a78e91c4be2424075/muted_mp4_huge_size_1622832884_muted_huge.mp4","size":2522180},"high":{"url":"https://coub-anubis-a.akamaized.net/coub_storage/coub/simple/cw_file/5a55e045def/6958a78e91c4be2424075/muted_mp4_big_size_1622832884_muted_big.mp4","size":1717623},"med":{"url":"https://coub-anubis-a.akamaized.net/coub_storage/coub/simple/cw_file/5a55e045def/6958a78e91c4be2424075/muted_mp4_med_size_1622832884_muted_med.mp4","size":547490}},"audio":{"high":{"url":"https://coub-anubis-a.akamaized.net/coub_storage/coub/simple/cw_looped_audio_high/6e8380bb04f/14504ced4267334976184/1622832886_mp3-high.mp3","size":993304},"med":{"url":"https://coub-anubis-a.akamaized.net/coub_storage/coub/simple/cw_looped_audio_med/9ecd47c4d32/f4ea6ee8c261fd4528f2f/1622832885_mp3-med.mp3","size":876117},"sample_duration":9.149}},"mobile":{"video":"https://coub-anubis-a.akamaized.net/coub_storage/coub/simple/cw_file/5a55e045def/6958a78e91c4be2424075/muted_mp4_med_size_1622832884_muted_med.mp4","audio":["https://coub-anubis-a.akamaized.net/coub_storage/coub/simple/cw_looped_audio_med/9ecd47c4d32/f4ea6ee8c261fd4528f2f/1622832885_mp3-med.mp3"]},"share":{"default":"https://coub-anubis-a.akamaized.net/coub_storage/coub/simple/cw_video_for_sharing/9137263950a/eede9a7b3ae0ba367e21e/1622832914_looped_1622832913.mp4"}},"audio_versions":{},"image_versions":{"template":"https://coub-anubis-a.akamaized.net/coub_storage/coub/simple/cw_image/b6725f1b378/5e44f9c29088a615ae8c6/%{version}_1622832890_00029.jpg","versions":["micro","tiny","age_restricted","ios_large","ios_mosaic","big","med","small","pinterest"]},"first_frame_versions":{"template":"https://coub-anubis-a.akamaized.net/coub_storage/coub/simple/cw_timeline_pic/95bd081b3e6/37b5b958e7e2e651efa09/%{version}_1622832890_image.jpg","versions":["big","med","small","ios_large"]},"dimensions":{"big":[1280,720],"med":[640,360]},"site_w_h":[640,360],"page_w_h":[640,360],"site_w_h_small":[310,174],"size":[1280,720],"age_restricted":false,"age_restricted_by_admin":false,"not_safe_for_work":null,"allow_reuse":false,"dont_crop":true,"banned":false,"global_safe":true,"audio_file_url":null,"external_download":{"type":"Youtube","service_name":"YouTube","url":"https://youtu.be/qelc3Kqrtfk","has_embed":true},"application":null,"channel":{"id":3663566,"permalink":"hermitking","title":"HermitKing","description":null,"followers_count":18,"following_count":18,"avatar_versions":{"template":"https://coub-anubis-a.akamaized.net/coub_storage/channel/cw_avatar/5bf8c4892d0/edc0722f52915e8750b07/%{version}_1607974259_1xaq9fp_1524821477_cropped.jpeg","versions":["medium","medium_2x","profile_pic","profile_pic_new","profile_pic_new_2x","tiny","tiny_2x","small","small_2x","ios_large","ios_small"]}},"file":null,"picture":"https://coub-anubis-a.akamaized.net/coub_storage/coub/simple/cw_image/b6725f1b378/5e44f9c29088a615ae8c6/med_1622832890_00029.jpg","timeline_picture":"https://coub-anubis-a.akamaized.net/coub_storage/coub/simple/cw_timeline_pic/95bd081b3e6/37b5b958e7e2e651efa09/ios_large_1622832890_image.jpg","small_picture":"https://coub-anubis-a.akamaized.net/coub_storage/coub/simple/cw_image/b6725f1b378/5e44f9c29088a615ae8c6/ios_mosaic_1622832890_00029.jpg","sharing_picture":null,"percent_done":100,"tags":[{"id":2197255,"title":"tntl","value":"tntl"},{"id":2717,"title":"smosh","value":"smosh"}],"categories":[{"id":115,"title":"Stand-up & Jokes","permalink":"standup-jokes","subscriptions_count":2029964,"big_image_url":"https://coub-anubis-a.akamaized.net/coub_storage/category/cw_image/e705818f6da/2d68d0903305d728e1d5b/big_1622039112_Stand-up.png","small_image_url":"https://coub-anubis-a.akamaized.net/coub_storage/category/cw_image/e705818f6da/2d68d0903305d728e1d5b/small_1622039112_Stand-up.png","med_image_url":"https://coub-anubis-a.akamaized.net/coub_storage/category/cw_image/e705818f6da/2d68d0903305d728e1d5b/med_1622039112_Stand-up.png","visible":true}],"communities":[{"id":115,"title":"Stand-up & Jokes","permalink":"standup-jokes","subscriptions_count":2029964,"big_image_url":"https://coub-anubis-a.akamaized.net/coub_storage/category/cw_image/e705818f6da/2d68d0903305d728e1d5b/big_1622039112_Stand-up.png","small_image_url":"https://coub-anubis-a.akamaized.net/coub_storage/category/cw_image/e705818f6da/2d68d0903305d728e1d5b/small_1622039112_Stand-up.png","med_image_url":"https://coub-anubis-a.akamaized.net/coub_storage/category/cw_image/e705818f6da/2d68d0903305d728e1d5b/med_1622039112_Stand-up.png","i_subscribed":true,"community_notifications_enabled":null,"description":null}],"recoubs_count":7,"remixes_count":0,"likes_count":37,"dislikes_count":0,"raw_video_id":16500877,"uploaded_by_ios_app":false,"uploaded_by_android_app":true,"media_blocks":{"uploaded_raw_videos":[],"external_raw_videos":[{"id":39009137,"title":"Sleep Paralysis Demon","url":"https://www.youtube.com/watch?v=qelc3Kqrtfk","image":"https://coub-anubis-a.akamaized.net/coub_storage/media_block/cw_image/15b267fc383/c8e2d424b82289f9cee9a/video_1622832713_1n4w1nv_1622832568_1622832566_kz3f6c_att-url-download.webp","image_retina":"https://coub-anubis-a.akamaized.net/coub_storage/media_block/cw_image/15b267fc383/c8e2d424b82289f9cee9a/video_retina_1622832713_1n4w1nv_1622832568_1622832566_kz3f6c_att-url-download.webp","meta":{"service":"Youtube","duration":"50.8"},"duration":50.8,"raw_video_id":16500877,"has_embed":true}],"remixed_from_coubs":[],"external_video":{"id":39009137,"title":"Sleep Paralysis Demon","url":"https://www.youtube.com/watch?v=qelc3Kqrtfk","image":"https://coub-anubis-a.akamaized.net/coub_storage/media_block/cw_image/15b267fc383/c8e2d424b82289f9cee9a/video_1622832713_1n4w1nv_1622832568_1622832566_kz3f6c_att-url-download.webp","image_retina":"https://coub-anubis-a.akamaized.net/coub_storage/media_block/cw_image/15b267fc383/c8e2d424b82289f9cee9a/video_retina_1622832713_1n4w1nv_1622832568_1622832566_kz3f6c_att-url-download.webp","meta":{"service":"Youtube","duration":"50.8"},"duration":50.8,"raw_video_id":16500877,"has_embed":true}},"raw_video_thumbnail_url":"https://coub-anubis-a.akamaized.net/coub_storage/raw_video/cw_image/d789d002eea/13e0a82e307b043e91e18/coub_media_1622832568_1622832566_kz3f6c_att-url-download.webp","raw_video_title":"Sleep Paralysis Demon","video_block_banned":false,"duration":9.12,"promo_winner":false,"promo_winner_recoubers":null,"editorial_info":{},"promo_hint":null,"beeline_best_2014":null,"from_web_editor":false,"normalize_sound":true,"normalize_change_allowed":true,"best2015_addable":false,"ahmad_promo":null,"promo_data":null,"audio_copyright_claim":null,"ads_disabled":null,"is_safe_for_ads":true,"megafon_contents":[],"position_on_page":10}]}