{"page":211,"per_page":10,"total_pages":500,"coubs":[{"flag":null,"abuses":null,"recoubs_by_users_channels":null,"favourite":false,"promoted_id":null,"recoub":null,"like":null,"dislike":null,"reaction":null,"in_my_best2015":false,"id":173358701,"type":"Coub::Simple","permalink":"2uv7bj","title":"без мата","visibility_type":"public","original_visibility_type":"public","channel_id":5315251,"created_at":"2021-08-05T19:20:15Z","updated_at":"2021-10-16T20:34:21Z","is_done":true,"views_count":10239,"cotd":null,"cotd_at":null,"visible_on_explore_root":false,"visible_on_explore":false,"featured":false,"published":true,"published_at":"2021-08-05T19:20:15Z","reversed":false,"from_editor_v2":true,"is_editable":true,"original_sound":true,"has_sound":true,"recoub_to":null,"file_versions":{"html5":{"video":{"higher":{"url":"https://coub-anubis-a.akamaized.net/coub_storage/coub/simple/cw_file/64b106f031b/de892d7ba56062a5a644b/muted_mp4_huge_size_1628191235_muted_huge.mp4","size":2019107},"high":{"url":"https://coub-anubis-a.akamaized.net/coub_storage/coub/simple/cw_file/64b106f031b/de892d7ba56062a5a644b/muted_mp4_big_size_1628191235_muted_big.mp4","size":1385354},"med":{"url":"https://coub-anubis-a.akamaized.net/coub_storage/coub/simple/cw_file/64b106f031b/de892d7ba56062a5a644b/muted_mp4_med_size_1628191235_muted_med.mp4","size":409470}},"audio":{"high":{"url":"https://coub-anubis-a.akamaized.net/coub_storage/coub/simple/cw_looped_audio_high/b75cb4c87fe/f807b79316420d37aea13/1628191237_mp3-high.mp3","size":914705},"med":{"url":"https://coub-anubis-a.akamaized.net/coub_storage/coub/simple/cw_looped_audio_med/9b110b4c024/01fc444f5ef618c7869a4/1628191236_mp3-med.mp3","size":799076},"sample_duration":10.008}},"mobile":{"video":"https://coub-anubis-a.akamaized.net/coub_storage/coub/simple/cw_file/64b106f031b/de892d7ba56062a5a644b/muted_mp4_med_size_1628191235_muted_med.mp4","audio":["https://coub-anubis-a.akamaized.net/coub_storage/coub/simple/cw_looped_audio_med/9b110b4c024/01fc444f5ef618c7869a4/1628191236_mp3-med.mp3"]},"share":{"default":"https://coub-anubis-a.akamaized.net/coub_storage/coub/simple/cw_video_for_sharing/b8137c44dea/abf05be479074c668c3c3/1628191270_looped_1628191270.mp4"}},"audio_versions":{},"image_versions":{"template":"https://coub-anubis-a.akamaized.net/coub_storage/coub/simple/cw_image/86a4ea18f53/4e3db922d8df977fdfcee/%{version}_1628191244_00032.jpg","versions":["micro","tiny","age_restricted","ios_large","ios_mosaic","big","med","small","pinterest"]},"first_frame_versions":{"template":"https://coub-anubis-a.akamaized.net/coub_storage/coub/simple/cw_timeline_pic/b8d37d5e121/58941d2f3fb4055c70fd7/%{version}_1628191243_image.jpg","versions":["big","med","small","ios_large"]},"dimensions":{"big":[1280,720],"med":[640,360]},"site_w_h":[640,360],"page_w_h":[640,360],"site_w_h_small":[310,174],"size":[1280,720],"age_restricted":false,"age_restricted_by_admin":false,"not_safe_for_work":null,"allow_reuse":false,"dont_crop":true,"banned":false,"global_safe":null,"audio_file_url":null,"external_download":false,"application":null,"channel":{"id":5315251,"permalink":"bipolaro4ka","title":"Bipolaro4ka","description":null,"followers_count":32,"following_count":33,"avatar_versions":{"template":"https://coub-anubis-a.akamaized.net/coub_storage/channel/cw_avatar/0919738d7f3/715bdc389dbc6afe0a71b/%{version}_1638115313_puokghfqzxp11.png","versions":["medium","medium_2x","profile_pic","profile_pic_new","profile_pic_new_2x","tiny","tiny_2x","small","small_2x","ios_large","ios_small"]}},"file":null,"picture":"https://coub-anubis-a.akamaized.net/coub_storage/coub/simple/cw_image/86a4ea18f53/4e3db922d8df977fdfcee/med_1628191244_00032.jpg","timeline_picture":"https://coub-anubis-a.akamaized.net/coub_storage/coub/simple/cw_timeline_pic/b8d37d5e121/58941d2f3fb4055c70fd7/ios_large_1628191243_image.jpg","small_picture":"https://coub-anubis-a.akamaized.net/coub_storage/coub/simple/cw_image/86a4ea18f53/4e3db922d8df977fdfcee/ios_mosaic_1628191244_00032.jpg","sharing_picture":null,"percent_done":100,"tags":[{"id":4948327,"title":"чбд","value":"%D1%87%D0%B1%D0%B4"},{"id":4948326,"title":"что было дальше","value":"%D1%87%D1%82%D0%BE%20%D0%B1%D1%8B%D0%BB%D0%BE%20%D0%B4%D0%B0%D0%BB%D1%8C%D1%88%D0%B5"},{"id":595564,"title":"юрий лоза","value":"%D1%8E%D1%80%D0%B8%D0%B9%20%D0%BB%D0%BE%D0%B7%D0%B0"},{"id":1875872,"title":"лозанья","value":"%D0%BB%D0%BE%D0%B7%D0%B0%D0%BD%D1%8C%D1%8F"},{"id":1351605,"title":"андрей бебуришвили","value":"%D0%B0%D0%BD%D0%B4%D1%80%D0%B5%D0%B9%20%D0%B1%D0%B5%D0%B1%D1%83%D1%80%D0%B8%D1%88%D0%B2%D0%B8%D0%BB%D0%B8"}],"categories":[{"id":115,"title":"Stand-up & Jokes","permalink":"standup-jokes","subscriptions_count":2029964,"big_image_url":"https://coub-anubis-a.akamaized.net/coub_storage/category/cw_image/e705818f6da/2d68d0903305d728e1d5b/big_1622039112_Stand-up.png","small_image_url":"https://coub-anubis-a.akamaized.net/coub_storage/category/cw_image/e705818f6da/2d68d0903305d728e1d5b/small_1622039112_Stand-up.png","med_image_url":"https://coub-anubis-a.akamaized.net/coub_storage/category/cw_image/e705818f6da/2d68d0903305d728e1d5b/med_1622039112_Stand-up.png","visible":true}],"communities":[{"id":115,"title":"Stand-up & Jokes","permalink":"standup-jokes","subscriptions_count":2029964,"big_image_url":"https://coub-anubis-a.akamaized.net/coub_storage/category/cw_image/e705818f6da/2d68d0903305d728e1d5b/big_1622039112_Stand-up.png","small_image_url":"https://coub-anubis-a.akamaized.net/coub_storage/category/cw_image/e705818f6da/2d68d0903305d728e1d5b/small_1622039112_Stand-up.png","med_image_url":"https://coub-anubis-a.akamaized.net/coub_storage/category/cw_image/e705818f6da/2d68d0903305d728e1d5b/med_1622039112_Stand-up.png","i_subscribed":true,"community_notifications_enabled":null,"description":null}],"recoubs_count":12,"remixes_count":0,"likes_count":54,"dislikes_count":0,"raw_video_id":16666291,"uploaded_by_ios_app":false,"uploaded_by_android_app":false,"media_blocks":{"uploaded_raw_videos":[],"external_raw_videos":[],"remixed_from_coubs":[]},"raw_video_thumbnail_url":"https://coub-anubis-a.akamaized.net/coub_storage/raw_video/cw_image/4f3477cb1c8/d68600dad029907e27743/coub_media_1628190632_image.jpg","raw_video_title":"2021-08-05_22-08-34.mkv","video_block_banned":false,"duration":10.0,"promo_winner":false,"promo_winner_recoubers":null,"editorial_info":{},"promo_hint":null,"beeline_best_2014":null,"from_web_editor":true,"normalize_sound":true,"normalize_change_allowed":true,"best2015_addable":false,"ahmad_promo":null,"promo_data":null,"audio_copyright_claim":null,"ads_disabled":null,"is_safe_for_ads":true,"megafon_contents":[],"position_on_page":1},{"flag":null,"abuses":null,"recoubs_by_users_channels":null,"favourite":false,"promoted_id":null,"recoub":null,"like":null,"dislike":null,"reaction":null,"in_my_best2015":false,"id":173131758,"type":"Coub::Simple","permalink":"2uqc7j","title":"Когда подхватил вирус на ПК 🤣","visibility_type":"public","original_visibility_type":"public","channel_id":3725101,"created_at":"2021-08-01T15:34:21Z","updated_at":"2021-08-11T20:25:59Z","is_done":true,"views_count":14745,"cotd":null,"cotd_at":null,"visible_on_explore_root":false,"visible_on_explore":false,"featured":false,"published":true,"published_at":"2021-08-01T15:34:21Z","reversed":false,"from_editor_v2":true,"is_editable":true,"original_sound":true,"has_sound":true,"recoub_to":null,"file_versions":{"html5":{"video":{"higher":{"url":"https://coub-anubis-a.akamaized.net/coub_storage/coub/simple/cw_file/ec39dfba2c4/419600d6afbf40192446e/muted_mp4_huge_size_1627832064_muted_huge.mp4","size":1792324},"high":{"url":"https://coub-anubis-a.akamaized.net/coub_storage/coub/simple/cw_file/ec39dfba2c4/419600d6afbf40192446e/muted_mp4_big_size_1627832064_muted_big.mp4","size":1214737},"med":{"url":"https://coub-anubis-a.akamaized.net/coub_storage/coub/simple/cw_file/ec39dfba2c4/419600d6afbf40192446e/muted_mp4_med_size_1627832064_muted_med.mp4","size":425389}},"audio":{"high":{"url":"https://coub-anubis-a.akamaized.net/coub_storage/coub/simple/cw_looped_audio_high/11898f1b07c/7c709374b0a41c5c4db05/1627832065_mp3-high.mp3","size":814392},"med":{"url":"https://coub-anubis-a.akamaized.net/coub_storage/coub/simple/cw_looped_audio_med/52036a30670/212be31743cbe63067118/1627832065_mp3-med.mp3","size":811644},"sample_duration":7.43}},"mobile":{"video":"https://coub-anubis-a.akamaized.net/coub_storage/coub/simple/cw_file/ec39dfba2c4/419600d6afbf40192446e/muted_mp4_med_size_1627832064_muted_med.mp4","audio":["https://coub-anubis-a.akamaized.net/coub_storage/coub/simple/cw_looped_audio_med/52036a30670/212be31743cbe63067118/1627832065_mp3-med.mp3"]},"share":{"default":"https://coub-anubis-a.akamaized.net/coub_storage/coub/simple/cw_video_for_sharing/ea0999148bc/fc447ba691a3979b8aaf6/1627832097_looped_1627832096.mp4"}},"audio_versions":{},"image_versions":{"template":"https://coub-anubis-a.akamaized.net/coub_storage/coub/simple/cw_image/5e5c59ee293/30703539b600a422ea5c6/%{version}_1627832070_00024.jpg","versions":["micro","tiny","age_restricted","ios_large","ios_mosaic","big","med","small","pinterest"]},"first_frame_versions":{"template":"https://coub-anubis-a.akamaized.net/coub_storage/coub/simple/cw_timeline_pic/c213a457095/2b443f8ceeec40e869c6c/%{version}_1627832070_image.jpg","versions":["big","med","small","ios_large"]},"dimensions":{"big":[960,960],"med":[480,480]},"site_w_h":[400,400],"page_w_h":[400,400],"site_w_h_small":[310,310],"size":[960,960],"age_restricted":false,"age_restricted_by_admin":false,"not_safe_for_work":null,"allow_reuse":false,"dont_crop":true,"banned":false,"global_safe":null,"audio_file_url":null,"external_download":false,"application":null,"channel":{"id":3725101,"permalink":"plagiarism314","title":"Plagiarism","description":null,"followers_count":45,"following_count":20,"avatar_versions":{"template":"https://coub-anubis-a.akamaized.net/coub_storage/channel/cw_avatar/934673f15ad/b907c413c6fb2db6b52d0/%{version}_1632044818_unnamed__1_.png","versions":["medium","medium_2x","profile_pic","profile_pic_new","profile_pic_new_2x","tiny","tiny_2x","small","small_2x","ios_large","ios_small"]}},"file":null,"picture":"https://coub-anubis-a.akamaized.net/coub_storage/coub/simple/cw_image/5e5c59ee293/30703539b600a422ea5c6/med_1627832070_00024.jpg","timeline_picture":"https://coub-anubis-a.akamaized.net/coub_storage/coub/simple/cw_timeline_pic/c213a457095/2b443f8ceeec40e869c6c/ios_large_1627832070_image.jpg","small_picture":"https://coub-anubis-a.akamaized.net/coub_storage/coub/simple/cw_image/5e5c59ee293/30703539b600a422ea5c6/ios_mosaic_1627832070_00024.jpg","sharing_picture":null,"percent_done":100,"tags":[{"id":8942,"title":"вирус","value":"%D0%B2%D0%B8%D1%80%D1%83%D1%81"},{"id":720210,"title":"амиго","value":"%D0%B0%D0%BC%D0%B8%D0%B3%D0%BE"},{"id":4110306,"title":"вирусы на пк","value":"%D0%B2%D0%B8%D1%80%D1%83%D1%81%D1%8B%20%D0%BD%D0%B0%20%D0%BF%D0%BA"}],"categories":[{"id":115,"title":"Stand-up & Jokes","permalink":"standup-jokes","subscriptions_count":2029964,"big_image_url":"https://coub-anubis-a.akamaized.net/coub_storage/category/cw_image/e705818f6da/2d68d0903305d728e1d5b/big_1622039112_Stand-up.png","small_image_url":"https://coub-anubis-a.akamaized.net/coub_storage/category/cw_image/e705818f6da/2d68d0903305d728e1d5b/small_1622039112_Stand-up.png","med_image_url":"https://coub-anubis-a.akamaized.net/coub_storage/category/cw_image/e705818f6da/2d68d0903305d728e1d5b/med_1622039112_Stand-up.png","visible":true}],"communities":[{"id":115,"title":"Stand-up & Jokes","permalink":"standup-jokes","subscriptions_count":2029964,"big_image_url":"https://coub-anubis-a.akamaized.net/coub_storage/category/cw_image/e705818f6da/2d68d0903305d728e1d5b/big_1622039112_Stand-up.png","small_image_url":"https://coub-anubis-a.akamaized.net/coub_storage/category/cw_image/e705818f6da/2d68d0903305d728e1d5b/small_1622039112_Stand-up.png","med_image_url":"https://coub-anubis-a.akamaized.net/coub_storage/category/cw_image/e705818f6da/2d68d0903305d728e1d5b/med_1622039112_Stand-up.png","i_subscribed":true,"community_notifications_enabled":null,"description":null}],"recoubs_count":8,"remixes_count":0,"likes_count":54,"dislikes_count":0,"raw_video_id":16655072,"uploaded_by_ios_app":false,"uploaded_by_android_app":false,"media_blocks":{"uploaded_raw_videos":[],"external_raw_videos":[],"remixed_from_coubs":[]},"raw_video_thumbnail_url":"https://coub-anubis-a.akamaized.net/coub_storage/raw_video/cw_image/6a6b215d5dd/f12b74fb9b39698847eb3/coub_media_1627831987_image.jpg","raw_video_title":"30.mp4","video_block_banned":false,"duration":7.44,"promo_winner":false,"promo_winner_recoubers":null,"editorial_info":{},"promo_hint":null,"beeline_best_2014":null,"from_web_editor":true,"normalize_sound":true,"normalize_change_allowed":true,"best2015_addable":false,"ahmad_promo":null,"promo_data":null,"audio_copyright_claim":null,"ads_disabled":null,"is_safe_for_ads":true,"megafon_contents":[],"position_on_page":2},{"flag":null,"abuses":null,"recoubs_by_users_channels":null,"favourite":false,"promoted_id":null,"recoub":null,"like":null,"dislike":null,"reaction":null,"in_my_best2015":false,"id":172898595,"type":"Coub::Simple","permalink":"2ulcap","title":"Gallows Pole ","visibility_type":"public","original_visibility_type":"public","channel_id":449297,"created_at":"2021-07-28T10:56:36Z","updated_at":"2021-12-14T03:27:11Z","is_done":true,"views_count":14419,"cotd":null,"cotd_at":null,"visible_on_explore_root":false,"visible_on_explore":false,"featured":false,"published":true,"published_at":"2021-07-28T10:56:36Z","reversed":true,"from_editor_v2":true,"is_editable":true,"original_sound":false,"has_sound":false,"recoub_to":null,"file_versions":{"html5":{"video":{"higher":{"url":"https://coub-anubis-a.akamaized.net/coub_storage/coub/simple/cw_file/0cce6568597/a0b3033ac81bbd2bc29af/muted_mp4_huge_size_1627469838_muted_huge.mp4","size":3314916},"high":{"url":"https://coub-anubis-a.akamaized.net/coub_storage/coub/simple/cw_file/0cce6568597/a0b3033ac81bbd2bc29af/muted_mp4_big_size_1627469838_muted_big.mp4","size":2211847},"med":{"url":"https://coub-anubis-a.akamaized.net/coub_storage/coub/simple/cw_file/0cce6568597/a0b3033ac81bbd2bc29af/muted_mp4_med_size_1627469838_muted_med.mp4","size":537132}},"audio":{"high":{"url":"https://coub-anubis-a.akamaized.net/coub_storage/coub/simple/cw_looped_audio_high/8df78a93ef0/ef9265294421f4e77b126/1627469894_mp3-high.mp3","size":6421849},"med":{"url":"https://coub-anubis-a.akamaized.net/coub_storage/coub/simple/cw_looped_audio_med/fa19109404f/9c86e1243c414c815e5ba/1627469890_mp3-med.mp3","size":4654187}}},"mobile":{"video":"https://coub-anubis-a.akamaized.net/coub_storage/coub/simple/cw_file/0cce6568597/a0b3033ac81bbd2bc29af/muted_mp4_med_size_1627469838_muted_med.mp4","audio":["https://coub-anubis-a.akamaized.net/coub_storage/coub/simple/cw_looped_audio_med/fa19109404f/9c86e1243c414c815e5ba/1627469890_mp3-med.mp3"]},"share":{"default":"https://coub-anubis-a.akamaized.net/coub_storage/coub/simple/cw_video_for_sharing/581734e2c20/e49f75697cc071db1c282/1627469931_looped_1627469930.mp4"}},"audio_versions":{"template":"https://coub-anubis-a.akamaized.net/coub_storage/audio_track/cw_normalized_copy/c5308224b15/70b3e2c26dc80ed89ca0b/mid_1627469872_normalized_1627469844_1p7wush_edited.mp3","versions":["mid","low"]},"image_versions":{"template":"https://coub-anubis-a.akamaized.net/coub_storage/coub/simple/cw_image/5c8f7c427d8/9652b278ed0f01e424280/%{version}_1627469901_00060.jpg","versions":["micro","tiny","age_restricted","ios_large","ios_mosaic","big","med","small","pinterest"]},"first_frame_versions":{"template":"https://coub-anubis-a.akamaized.net/coub_storage/coub/simple/cw_timeline_pic/5e71a3443ac/e346f8adc8eb6f0c35da6/%{version}_1627469900_image.jpg","versions":["big","med","small","ios_large"]},"dimensions":{"big":[1280,720],"med":[640,360]},"site_w_h":[640,360],"page_w_h":[640,360],"site_w_h_small":[310,174],"size":[1280,720],"age_restricted":false,"age_restricted_by_admin":false,"not_safe_for_work":null,"allow_reuse":false,"dont_crop":true,"banned":false,"global_safe":null,"audio_file_url":"https://coub-anubis-a.akamaized.net/coub_storage/audio_track/cw_normalized_copy/c5308224b15/70b3e2c26dc80ed89ca0b/low_1627469872_normalized_1627469844_1p7wush_edited.mp3","external_download":{"type":"Youtube","service_name":"YouTube","url":"https://www.youtube.com/watch?v=ohuCHBMEZOg","has_embed":true},"application":null,"channel":{"id":449297,"permalink":"crazy-horse","title":"Crazy Horse","description":null,"followers_count":21,"following_count":10,"avatar_versions":{"template":"https://coub-anubis-a.akamaized.net/coub_storage/channel/cw_avatar/d764e77775e/0947a5dc3784c2cf5926a/%{version}_1608379457_18q8z7j_1474507447_11u9xrh_att-url-download.jpg","versions":["medium","medium_2x","profile_pic","profile_pic_new","profile_pic_new_2x","tiny","tiny_2x","small","small_2x","ios_large","ios_small"]}},"file":null,"picture":"https://coub-anubis-a.akamaized.net/coub_storage/coub/simple/cw_image/5c8f7c427d8/9652b278ed0f01e424280/med_1627469901_00060.jpg","timeline_picture":"https://coub-anubis-a.akamaized.net/coub_storage/coub/simple/cw_timeline_pic/5e71a3443ac/e346f8adc8eb6f0c35da6/ios_large_1627469900_image.jpg","small_picture":"https://coub-anubis-a.akamaized.net/coub_storage/coub/simple/cw_image/5c8f7c427d8/9652b278ed0f01e424280/ios_mosaic_1627469901_00060.jpg","sharing_picture":null,"percent_done":100,"tags":[{"id":121339,"title":"remi gaillard","value":"remi%20gaillard"},{"id":20927,"title":"led zeppelin","value":"led%20zeppelin"},{"id":2079269,"title":"gallows pole","value":"gallows%20pole"}],"categories":[{"id":115,"title":"Stand-up & Jokes","permalink":"standup-jokes","subscriptions_count":2029964,"big_image_url":"https://coub-anubis-a.akamaized.net/coub_storage/category/cw_image/e705818f6da/2d68d0903305d728e1d5b/big_1622039112_Stand-up.png","small_image_url":"https://coub-anubis-a.akamaized.net/coub_storage/category/cw_image/e705818f6da/2d68d0903305d728e1d5b/small_1622039112_Stand-up.png","med_image_url":"https://coub-anubis-a.akamaized.net/coub_storage/category/cw_image/e705818f6da/2d68d0903305d728e1d5b/med_1622039112_Stand-up.png","visible":true}],"communities":[{"id":115,"title":"Stand-up & Jokes","permalink":"standup-jokes","subscriptions_count":2029964,"big_image_url":"https://coub-anubis-a.akamaized.net/coub_storage/category/cw_image/e705818f6da/2d68d0903305d728e1d5b/big_1622039112_Stand-up.png","small_image_url":"https://coub-anubis-a.akamaized.net/coub_storage/category/cw_image/e705818f6da/2d68d0903305d728e1d5b/small_1622039112_Stand-up.png","med_image_url":"https://coub-anubis-a.akamaized.net/coub_storage/category/cw_image/e705818f6da/2d68d0903305d728e1d5b/med_1622039112_Stand-up.png","i_subscribed":true,"community_notifications_enabled":null,"description":null}],"recoubs_count":11,"remixes_count":0,"likes_count":54,"dislikes_count":0,"raw_video_id":16643707,"uploaded_by_ios_app":false,"uploaded_by_android_app":false,"media_blocks":{"uploaded_raw_videos":[],"external_raw_videos":[{"id":39364769,"title":"WTF 2019 (REMI GAILLARD)","url":"https://www.youtube.com/watch?v=ohuCHBMEZOg","image":"https://coub-anubis-a.akamaized.net/coub_storage/media_block/cw_image/d535046837e/248754a3e3f4e36f01839/video_1627468668_49lp8v_1627468624_1627468621_1iwssgj_att-url-download.webp","image_retina":"https://coub-anubis-a.akamaized.net/coub_storage/media_block/cw_image/d535046837e/248754a3e3f4e36f01839/video_retina_1627468668_49lp8v_1627468624_1627468621_1iwssgj_att-url-download.webp","meta":{"service":"Youtube","duration":"190.08"},"duration":190.08,"raw_video_id":16643707,"has_embed":true}],"remixed_from_coubs":[],"external_video":{"id":39364769,"title":"WTF 2019 (REMI GAILLARD)","url":"https://www.youtube.com/watch?v=ohuCHBMEZOg","image":"https://coub-anubis-a.akamaized.net/coub_storage/media_block/cw_image/d535046837e/248754a3e3f4e36f01839/video_1627468668_49lp8v_1627468624_1627468621_1iwssgj_att-url-download.webp","image_retina":"https://coub-anubis-a.akamaized.net/coub_storage/media_block/cw_image/d535046837e/248754a3e3f4e36f01839/video_retina_1627468668_49lp8v_1627468624_1627468621_1iwssgj_att-url-download.webp","meta":{"service":"Youtube","duration":"190.08"},"duration":190.08,"raw_video_id":16643707,"has_embed":true}},"raw_video_thumbnail_url":"https://coub-anubis-a.akamaized.net/coub_storage/raw_video/cw_image/29ba57c6bdb/536deab9ff8d08d9c7577/coub_media_1627468624_1627468621_1iwssgj_att-url-download.webp","raw_video_title":"WTF 2019 (REMI GAILLARD)","video_block_banned":false,"duration":19.12,"promo_winner":false,"promo_winner_recoubers":null,"editorial_info":{},"promo_hint":null,"beeline_best_2014":null,"from_web_editor":true,"normalize_sound":true,"normalize_change_allowed":true,"best2015_addable":false,"ahmad_promo":null,"promo_data":null,"audio_copyright_claim":null,"ads_disabled":null,"is_safe_for_ads":true,"megafon_contents":[],"position_on_page":3},{"flag":null,"abuses":null,"recoubs_by_users_channels":null,"favourite":false,"promoted_id":null,"recoub":null,"like":null,"dislike":null,"reaction":null,"in_my_best2015":false,"id":171360116,"type":"Coub::Simple","permalink":"2tod70","title":"Как не огрести от полиции","visibility_type":"public","original_visibility_type":"public","channel_id":3274776,"created_at":"2021-06-29T20:54:04Z","updated_at":"2021-07-27T20:44:59Z","is_done":true,"views_count":7483,"cotd":null,"cotd_at":null,"visible_on_explore_root":false,"visible_on_explore":false,"featured":false,"published":true,"published_at":"2021-06-29T20:54:04Z","reversed":false,"from_editor_v2":true,"is_editable":true,"original_sound":true,"has_sound":true,"recoub_to":null,"file_versions":{"html5":{"video":{"higher":{"url":"https://coub-anubis-a.akamaized.net/coub_storage/coub/simple/cw_file/8c1098604a7/4b7b9f0f016a02e5bac5a/muted_mp4_huge_size_1625000050_muted_huge.mp4","size":363650},"high":{"url":"https://coub-anubis-a.akamaized.net/coub_storage/coub/simple/cw_file/8c1098604a7/4b7b9f0f016a02e5bac5a/muted_mp4_big_size_1625000050_muted_big.mp4","size":218515},"med":{"url":"https://coub-anubis-a.akamaized.net/coub_storage/coub/simple/cw_file/8c1098604a7/4b7b9f0f016a02e5bac5a/muted_mp4_med_size_1625000050_muted_med.mp4","size":70261}},"audio":{"high":{"url":"https://coub-anubis-a.akamaized.net/coub_storage/coub/simple/cw_looped_audio_high/2cbaeedac1d/0b7a72a84076ae5fefc40/1625000052_mp3-high.mp3","size":912920},"med":{"url":"https://coub-anubis-a.akamaized.net/coub_storage/coub/simple/cw_looped_audio_med/75c5676e96c/d6a59ed7356e2e9bb1c5b/1625000051_mp3-med.mp3","size":904790},"sample_duration":4.156}},"mobile":{"video":"https://coub-anubis-a.akamaized.net/coub_storage/coub/simple/cw_file/8c1098604a7/4b7b9f0f016a02e5bac5a/muted_mp4_med_size_1625000050_muted_med.mp4","audio":["https://coub-anubis-a.akamaized.net/coub_storage/coub/simple/cw_looped_audio_med/75c5676e96c/d6a59ed7356e2e9bb1c5b/1625000051_mp3-med.mp3"]},"share":{"default":"https://coub-anubis-a.akamaized.net/coub_storage/coub/simple/cw_video_for_sharing/a667adfe3ab/afb54f8743ec32a30ade2/1625000068_looped_1625000067.mp4"}},"audio_versions":{},"image_versions":{"template":"https://coub-anubis-a.akamaized.net/coub_storage/coub/simple/cw_image/9c1148e7dbd/b6190bdaae0988b30766f/%{version}_1625000054_00014.jpg","versions":["micro","tiny","age_restricted","ios_large","ios_mosaic","big","med","small","pinterest"]},"first_frame_versions":{"template":"https://coub-anubis-a.akamaized.net/coub_storage/coub/simple/cw_timeline_pic/55f87c419bf/01278b931b51ad8fd97bc/%{version}_1625000054_image.jpg","versions":["big","med","small","ios_large"]},"dimensions":{"big":[1280,960],"med":[640,480]},"site_w_h":[640,480],"page_w_h":[640,480],"site_w_h_small":[310,233],"size":[1280,960],"age_restricted":false,"age_restricted_by_admin":false,"not_safe_for_work":null,"allow_reuse":false,"dont_crop":true,"banned":false,"global_safe":null,"audio_file_url":null,"external_download":{"type":"Youtube","service_name":"YouTube","url":"https://www.youtube.com/watch?v=y260cEs37-0&ab_channel=DmitryPuchkov","has_embed":true},"application":null,"channel":{"id":3274776,"permalink":"j2ee0000","title":"J2ee","description":null,"followers_count":16,"following_count":7,"avatar_versions":{"template":"https://coub-anubis-a.akamaized.net/coub_storage/channel/cw_avatar/370d8492c9e/ffb572f682ccffbfa6f87/%{version}_1607970284_6c0if_1484087824_107.jpg","versions":["medium","medium_2x","profile_pic","profile_pic_new","profile_pic_new_2x","tiny","tiny_2x","small","small_2x","ios_large","ios_small"]}},"file":null,"picture":"https://coub-anubis-a.akamaized.net/coub_storage/coub/simple/cw_image/9c1148e7dbd/b6190bdaae0988b30766f/med_1625000054_00014.jpg","timeline_picture":"https://coub-anubis-a.akamaized.net/coub_storage/coub/simple/cw_timeline_pic/55f87c419bf/01278b931b51ad8fd97bc/ios_large_1625000054_image.jpg","small_picture":"https://coub-anubis-a.akamaized.net/coub_storage/coub/simple/cw_image/9c1148e7dbd/b6190bdaae0988b30766f/ios_mosaic_1625000054_00014.jpg","sharing_picture":null,"percent_done":100,"tags":[{"id":1261,"title":"рок","value":"%D1%80%D0%BE%D0%BA"},{"id":17393,"title":"крис","value":"%D0%BA%D1%80%D0%B8%D1%81"},{"id":1473,"title":"гоблин","value":"%D0%B3%D0%BE%D0%B1%D0%BB%D0%B8%D0%BD"}],"categories":[{"id":115,"title":"Stand-up & Jokes","permalink":"standup-jokes","subscriptions_count":2029964,"big_image_url":"https://coub-anubis-a.akamaized.net/coub_storage/category/cw_image/e705818f6da/2d68d0903305d728e1d5b/big_1622039112_Stand-up.png","small_image_url":"https://coub-anubis-a.akamaized.net/coub_storage/category/cw_image/e705818f6da/2d68d0903305d728e1d5b/small_1622039112_Stand-up.png","med_image_url":"https://coub-anubis-a.akamaized.net/coub_storage/category/cw_image/e705818f6da/2d68d0903305d728e1d5b/med_1622039112_Stand-up.png","visible":true}],"communities":[{"id":115,"title":"Stand-up & Jokes","permalink":"standup-jokes","subscriptions_count":2029964,"big_image_url":"https://coub-anubis-a.akamaized.net/coub_storage/category/cw_image/e705818f6da/2d68d0903305d728e1d5b/big_1622039112_Stand-up.png","small_image_url":"https://coub-anubis-a.akamaized.net/coub_storage/category/cw_image/e705818f6da/2d68d0903305d728e1d5b/small_1622039112_Stand-up.png","med_image_url":"https://coub-anubis-a.akamaized.net/coub_storage/category/cw_image/e705818f6da/2d68d0903305d728e1d5b/med_1622039112_Stand-up.png","i_subscribed":true,"community_notifications_enabled":null,"description":null}],"recoubs_count":7,"remixes_count":0,"likes_count":54,"dislikes_count":0,"raw_video_id":16429084,"uploaded_by_ios_app":false,"uploaded_by_android_app":false,"media_blocks":{"uploaded_raw_videos":[],"external_raw_videos":[{"id":38833071,"title":"Как не огрести от полиции","url":"https://www.youtube.com/watch?v=y260cEs37-0","image":"https://coub-anubis-a.akamaized.net/coub_storage/media_block/cw_image/4cb49f6cfb8/b122c210aade2c3b7d5de/video_1620655657_kgk4vq_1620655634_cydifh_att-url-download.jpg_sqp_-oaymwEcCNACELwBSFXyq4qpAw4IARUAAIhCGAFwAcABBg___rs_AOn4CLBv5N8kQKE2qzTQannJpKuWulPpdA","image_retina":"https://coub-anubis-a.akamaized.net/coub_storage/media_block/cw_image/4cb49f6cfb8/b122c210aade2c3b7d5de/video_retina_1620655657_kgk4vq_1620655634_cydifh_att-url-download.jpg_sqp_-oaymwEcCNACELwBSFXyq4qpAw4IARUAAIhCGAFwAcABBg___rs_AOn4CLBv5N8kQKE2qzTQannJpKuWulPpdA","meta":{"service":"Youtube","duration":"232.261"},"duration":232.261,"raw_video_id":16429084,"has_embed":true}],"remixed_from_coubs":[],"external_video":{"id":38833071,"title":"Как не огрести от полиции","url":"https://www.youtube.com/watch?v=y260cEs37-0","image":"https://coub-anubis-a.akamaized.net/coub_storage/media_block/cw_image/4cb49f6cfb8/b122c210aade2c3b7d5de/video_1620655657_kgk4vq_1620655634_cydifh_att-url-download.jpg_sqp_-oaymwEcCNACELwBSFXyq4qpAw4IARUAAIhCGAFwAcABBg___rs_AOn4CLBv5N8kQKE2qzTQannJpKuWulPpdA","image_retina":"https://coub-anubis-a.akamaized.net/coub_storage/media_block/cw_image/4cb49f6cfb8/b122c210aade2c3b7d5de/video_retina_1620655657_kgk4vq_1620655634_cydifh_att-url-download.jpg_sqp_-oaymwEcCNACELwBSFXyq4qpAw4IARUAAIhCGAFwAcABBg___rs_AOn4CLBv5N8kQKE2qzTQannJpKuWulPpdA","meta":{"service":"Youtube","duration":"232.261"},"duration":232.261,"raw_video_id":16429084,"has_embed":true}},"raw_video_thumbnail_url":"https://coub-anubis-a.akamaized.net/coub_storage/raw_video/cw_image/86baaacb236/4a35134da230f785b2144/coub_media_1620655635_1620655634_cydifh_att-url-download.jpg_sqp_-oaymwEcCNACELwBSFXyq4qpAw4IARUAAIhCGAFwAcABBg___rs_AOn4CLBv5N8kQKE2qzTQannJpKuWulPpdA","raw_video_title":"Как не огрести от полиции","video_block_banned":false,"duration":4.16,"promo_winner":false,"promo_winner_recoubers":null,"editorial_info":{},"promo_hint":null,"beeline_best_2014":null,"from_web_editor":true,"normalize_sound":true,"normalize_change_allowed":true,"best2015_addable":false,"ahmad_promo":null,"promo_data":null,"audio_copyright_claim":null,"ads_disabled":null,"is_safe_for_ads":true,"megafon_contents":[],"position_on_page":4},{"flag":null,"abuses":null,"recoubs_by_users_channels":null,"favourite":false,"promoted_id":null,"recoub":null,"like":null,"dislike":null,"reaction":null,"in_my_best2015":false,"id":171288874,"type":"Coub::Simple","permalink":"2tmu7z","title":"啊啊啊啊啊啊","visibility_type":"public","original_visibility_type":"public","channel_id":11771849,"created_at":"2021-06-28T16:03:27Z","updated_at":"2021-12-08T20:43:02Z","is_done":true,"views_count":11547,"cotd":null,"cotd_at":null,"visible_on_explore_root":false,"visible_on_explore":false,"featured":false,"published":true,"published_at":"2021-06-28T16:03:27Z","reversed":false,"from_editor_v2":true,"is_editable":true,"original_sound":true,"has_sound":true,"recoub_to":null,"file_versions":{"html5":{"video":{"higher":{"url":"https://coub-anubis-a.akamaized.net/coub_storage/coub/simple/cw_file/8af656063bf/0c908fb93bf23b735c2fb/muted_mp4_huge_size_1624896215_muted_huge.mp4","size":1541793},"high":{"url":"https://coub-anubis-a.akamaized.net/coub_storage/coub/simple/cw_file/8af656063bf/0c908fb93bf23b735c2fb/muted_mp4_big_size_1624896215_muted_big.mp4","size":889081},"med":{"url":"https://coub-anubis-a.akamaized.net/coub_storage/coub/simple/cw_file/8af656063bf/0c908fb93bf23b735c2fb/muted_mp4_med_size_1624896215_muted_med.mp4","size":237820}},"audio":{"high":{"url":"https://coub-anubis-a.akamaized.net/coub_storage/coub/simple/cw_looped_audio_high/27e0c8e9467/b675445669faf60a5bce0/1624896216_mp3-high.mp3","size":923959},"med":{"url":"https://coub-anubis-a.akamaized.net/coub_storage/coub/simple/cw_looped_audio_med/af6dd35842b/e266b6775ede6af1d12e0/1624896216_mp3-med.mp3","size":852680},"sample_duration":6.316}},"mobile":{"video":"https://coub-anubis-a.akamaized.net/coub_storage/coub/simple/cw_file/8af656063bf/0c908fb93bf23b735c2fb/muted_mp4_med_size_1624896215_muted_med.mp4","audio":["https://coub-anubis-a.akamaized.net/coub_storage/coub/simple/cw_looped_audio_med/af6dd35842b/e266b6775ede6af1d12e0/1624896216_mp3-med.mp3"]},"share":{"default":"https://coub-anubis-a.akamaized.net/coub_storage/coub/simple/cw_video_for_sharing/305811f7c76/b0b572e69be189c82fa28/1624896238_looped_1624896238.mp4"}},"audio_versions":{},"image_versions":{"template":"https://coub-anubis-a.akamaized.net/coub_storage/coub/simple/cw_image/1b8b4c01b22/6d04e76d7e1b5c5aac053/%{version}_1624896219_00020.jpg","versions":["micro","tiny","age_restricted","ios_large","ios_mosaic","big","med","small","pinterest"]},"first_frame_versions":{"template":"https://coub-anubis-a.akamaized.net/coub_storage/coub/simple/cw_timeline_pic/0c60d3a6400/3122909055042193dd8f8/%{version}_1624896219_image.jpg","versions":["big","med","small","ios_large"]},"dimensions":{"big":[1170,960],"med":[584,480]},"site_w_h":[640,525],"page_w_h":[640,525],"site_w_h_small":[310,254],"size":[1170,960],"age_restricted":false,"age_restricted_by_admin":false,"not_safe_for_work":null,"allow_reuse":false,"dont_crop":true,"banned":false,"global_safe":null,"audio_file_url":null,"external_download":false,"application":null,"channel":{"id":11771849,"permalink":"93da7c5e02527119d6404c4994590717","title":"afei","description":null,"followers_count":42,"following_count":383,"avatar_versions":{"template":"https://coub-anubis-a.akamaized.net/coub_storage/channel/cw_avatar/3efa8f28e61/02240b50c993605e4ce7a/%{version}_1624468505_1sgftrn_1397233447022649345.jpg","versions":["medium","medium_2x","profile_pic","profile_pic_new","profile_pic_new_2x","tiny","tiny_2x","small","small_2x","ios_large","ios_small"]}},"file":null,"picture":"https://coub-anubis-a.akamaized.net/coub_storage/coub/simple/cw_image/1b8b4c01b22/6d04e76d7e1b5c5aac053/med_1624896219_00020.jpg","timeline_picture":"https://coub-anubis-a.akamaized.net/coub_storage/coub/simple/cw_timeline_pic/0c60d3a6400/3122909055042193dd8f8/ios_large_1624896219_image.jpg","small_picture":"https://coub-anubis-a.akamaized.net/coub_storage/coub/simple/cw_image/1b8b4c01b22/6d04e76d7e1b5c5aac053/ios_mosaic_1624896219_00020.jpg","sharing_picture":null,"percent_done":100,"tags":[],"categories":[{"id":115,"title":"Stand-up & Jokes","permalink":"standup-jokes","subscriptions_count":2029964,"big_image_url":"https://coub-anubis-a.akamaized.net/coub_storage/category/cw_image/e705818f6da/2d68d0903305d728e1d5b/big_1622039112_Stand-up.png","small_image_url":"https://coub-anubis-a.akamaized.net/coub_storage/category/cw_image/e705818f6da/2d68d0903305d728e1d5b/small_1622039112_Stand-up.png","med_image_url":"https://coub-anubis-a.akamaized.net/coub_storage/category/cw_image/e705818f6da/2d68d0903305d728e1d5b/med_1622039112_Stand-up.png","visible":true}],"communities":[{"id":115,"title":"Stand-up & Jokes","permalink":"standup-jokes","subscriptions_count":2029964,"big_image_url":"https://coub-anubis-a.akamaized.net/coub_storage/category/cw_image/e705818f6da/2d68d0903305d728e1d5b/big_1622039112_Stand-up.png","small_image_url":"https://coub-anubis-a.akamaized.net/coub_storage/category/cw_image/e705818f6da/2d68d0903305d728e1d5b/small_1622039112_Stand-up.png","med_image_url":"https://coub-anubis-a.akamaized.net/coub_storage/category/cw_image/e705818f6da/2d68d0903305d728e1d5b/med_1622039112_Stand-up.png","i_subscribed":true,"community_notifications_enabled":null,"description":null}],"recoubs_count":6,"remixes_count":0,"likes_count":54,"dislikes_count":0,"raw_video_id":16565847,"uploaded_by_ios_app":true,"uploaded_by_android_app":false,"media_blocks":{"uploaded_raw_videos":[],"external_raw_videos":[],"remixed_from_coubs":[]},"raw_video_thumbnail_url":"https://coub-anubis-a.akamaized.net/coub_storage/raw_video/cw_image/62ac08f6fea/cc03e82eb74638263e6aa/coub_media_1624896204_image.jpg","raw_video_title":"filename.mp4","video_block_banned":false,"duration":6.32,"promo_winner":false,"promo_winner_recoubers":null,"editorial_info":{},"promo_hint":null,"beeline_best_2014":null,"from_web_editor":false,"normalize_sound":true,"normalize_change_allowed":true,"best2015_addable":false,"ahmad_promo":null,"promo_data":null,"audio_copyright_claim":null,"ads_disabled":null,"is_safe_for_ads":true,"megafon_contents":[],"position_on_page":5},{"flag":null,"abuses":null,"recoubs_by_users_channels":null,"favourite":false,"promoted_id":null,"recoub":null,"like":null,"dislike":null,"reaction":null,"in_my_best2015":false,"id":170191175,"type":"Coub::Simple","permalink":"2szb7z","title":"Импровизация","visibility_type":"public","original_visibility_type":"public","channel_id":3875088,"created_at":"2021-06-08T18:21:33Z","updated_at":"2022-02-11T05:39:50Z","is_done":true,"views_count":11316,"cotd":null,"cotd_at":null,"visible_on_explore_root":false,"visible_on_explore":false,"featured":false,"published":true,"published_at":"2021-06-08T18:31:33Z","reversed":false,"from_editor_v2":true,"is_editable":true,"original_sound":true,"has_sound":true,"recoub_to":null,"file_versions":{"html5":{"video":{"higher":{"url":"https://coub-anubis-a.akamaized.net/coub_storage/coub/simple/cw_file/05db57c4266/096019694017dc7f8e5c1/muted_mp4_huge_size_1623177108_muted_huge.mp4","size":3653513},"high":{"url":"https://coub-anubis-a.akamaized.net/coub_storage/coub/simple/cw_file/05db57c4266/096019694017dc7f8e5c1/muted_mp4_big_size_1623177108_muted_big.mp4","size":2526315},"med":{"url":"https://coub-anubis-a.akamaized.net/coub_storage/coub/simple/cw_file/05db57c4266/096019694017dc7f8e5c1/muted_mp4_med_size_1623177108_muted_med.mp4","size":842558}},"audio":{"high":{"url":"https://coub-anubis-a.akamaized.net/coub_storage/coub/simple/cw_looped_audio_high/50de267d7bf/ecf4b4776bf631f85e103/1623177110_mp3-high.mp3","size":1056567},"med":{"url":"https://coub-anubis-a.akamaized.net/coub_storage/coub/simple/cw_looped_audio_med/24cde9863db/f796f5dd87a0d8d68729e/1623177109_mp3-med.mp3","size":852348},"sample_duration":8.893}},"mobile":{"video":"https://coub-anubis-a.akamaized.net/coub_storage/coub/simple/cw_file/05db57c4266/096019694017dc7f8e5c1/muted_mp4_med_size_1623177108_muted_med.mp4","audio":["https://coub-anubis-a.akamaized.net/coub_storage/coub/simple/cw_looped_audio_med/24cde9863db/f796f5dd87a0d8d68729e/1623177109_mp3-med.mp3"]},"share":{"default":"https://coub-anubis-a.akamaized.net/coub_storage/coub/simple/cw_video_for_sharing/995530ca7b7/99a658dde9d660b6f1f87/1623177151_looped_1623177150.mp4"}},"audio_versions":{},"image_versions":{"template":"https://coub-anubis-a.akamaized.net/coub_storage/coub/simple/cw_image/714c582dde4/15e9d117a828fa66f0953/%{version}_1623177117_00028.jpg","versions":["micro","tiny","age_restricted","ios_large","ios_mosaic","big","med","small","pinterest"]},"first_frame_versions":{"template":"https://coub-anubis-a.akamaized.net/coub_storage/coub/simple/cw_timeline_pic/50fe7aa8314/f6b65db156dcd821955ec/%{version}_1623177116_image.jpg","versions":["big","med","small","ios_large"]},"dimensions":{"big":[1280,720],"med":[640,360]},"site_w_h":[640,360],"page_w_h":[640,360],"site_w_h_small":[310,174],"size":[1280,720],"age_restricted":false,"age_restricted_by_admin":false,"not_safe_for_work":null,"allow_reuse":false,"dont_crop":true,"banned":false,"global_safe":null,"audio_file_url":null,"external_download":false,"application":null,"channel":{"id":3875088,"permalink":"xmpvx000","title":"xmpvx","description":null,"followers_count":13,"following_count":11,"avatar_versions":{"template":"https://coub-anubis-a.akamaized.net/coub_storage/channel/cw_avatar/3f4fb2ff30e/4024ad6bdaa17ba168bba/%{version}_1616556729____2.jpg","versions":["medium","medium_2x","profile_pic","profile_pic_new","profile_pic_new_2x","tiny","tiny_2x","small","small_2x","ios_large","ios_small"]}},"file":null,"picture":"https://coub-anubis-a.akamaized.net/coub_storage/coub/simple/cw_image/714c582dde4/15e9d117a828fa66f0953/med_1623177117_00028.jpg","timeline_picture":"https://coub-anubis-a.akamaized.net/coub_storage/coub/simple/cw_timeline_pic/50fe7aa8314/f6b65db156dcd821955ec/ios_large_1623177116_image.jpg","small_picture":"https://coub-anubis-a.akamaized.net/coub_storage/coub/simple/cw_image/714c582dde4/15e9d117a828fa66f0953/ios_mosaic_1623177117_00028.jpg","sharing_picture":null,"percent_done":100,"tags":[{"id":6348892,"title":"lena kuka crew","value":"lena%20kuka%20crew"},{"id":14723,"title":"читка","value":"%D1%87%D0%B8%D1%82%D0%BA%D0%B0"},{"id":1524735,"title":"антон шастун","value":"%D0%B0%D0%BD%D1%82%D0%BE%D0%BD%20%D1%88%D0%B0%D1%81%D1%82%D1%83%D0%BD"},{"id":19184,"title":"импровизация","value":"%D0%B8%D0%BC%D0%BF%D1%80%D0%BE%D0%B2%D0%B8%D0%B7%D0%B0%D1%86%D0%B8%D1%8F"}],"categories":[{"id":115,"title":"Stand-up & Jokes","permalink":"standup-jokes","subscriptions_count":2029964,"big_image_url":"https://coub-anubis-a.akamaized.net/coub_storage/category/cw_image/e705818f6da/2d68d0903305d728e1d5b/big_1622039112_Stand-up.png","small_image_url":"https://coub-anubis-a.akamaized.net/coub_storage/category/cw_image/e705818f6da/2d68d0903305d728e1d5b/small_1622039112_Stand-up.png","med_image_url":"https://coub-anubis-a.akamaized.net/coub_storage/category/cw_image/e705818f6da/2d68d0903305d728e1d5b/med_1622039112_Stand-up.png","visible":true}],"communities":[{"id":115,"title":"Stand-up & Jokes","permalink":"standup-jokes","subscriptions_count":2029964,"big_image_url":"https://coub-anubis-a.akamaized.net/coub_storage/category/cw_image/e705818f6da/2d68d0903305d728e1d5b/big_1622039112_Stand-up.png","small_image_url":"https://coub-anubis-a.akamaized.net/coub_storage/category/cw_image/e705818f6da/2d68d0903305d728e1d5b/small_1622039112_Stand-up.png","med_image_url":"https://coub-anubis-a.akamaized.net/coub_storage/category/cw_image/e705818f6da/2d68d0903305d728e1d5b/med_1622039112_Stand-up.png","i_subscribed":true,"community_notifications_enabled":null,"description":null}],"recoubs_count":6,"remixes_count":0,"likes_count":54,"dislikes_count":0,"raw_video_id":16512394,"uploaded_by_ios_app":false,"uploaded_by_android_app":false,"media_blocks":{"uploaded_raw_videos":[],"external_raw_videos":[],"remixed_from_coubs":[]},"raw_video_thumbnail_url":"https://coub-anubis-a.akamaized.net/coub_storage/raw_video/cw_image/73c43b735b0/898552abf24fa2328f9aa/coub_media_1623176778_image.jpg","raw_video_title":"_______3_________________________________________________________________________________-_YouTube_-_Google_Chrome_2021-06-08_23-25-29.mp4","video_block_banned":false,"duration":8.92,"promo_winner":false,"promo_winner_recoubers":null,"editorial_info":{},"promo_hint":null,"beeline_best_2014":null,"from_web_editor":true,"normalize_sound":true,"normalize_change_allowed":true,"best2015_addable":false,"ahmad_promo":null,"promo_data":null,"audio_copyright_claim":null,"ads_disabled":null,"is_safe_for_ads":true,"megafon_contents":[],"position_on_page":6},{"flag":null,"abuses":null,"recoubs_by_users_channels":null,"favourite":false,"promoted_id":null,"recoub":null,"like":null,"dislike":null,"reaction":null,"in_my_best2015":false,"id":170190452,"type":"Coub::Simple","permalink":"2szanw","title":"BadComedian - блять окно охуенное","visibility_type":"public","original_visibility_type":"public","channel_id":9503675,"created_at":"2021-06-08T18:10:59Z","updated_at":"2022-01-10T15:53:41Z","is_done":true,"views_count":13969,"cotd":null,"cotd_at":null,"visible_on_explore_root":false,"visible_on_explore":false,"featured":false,"published":true,"published_at":"2021-06-08T18:10:59Z","reversed":false,"from_editor_v2":true,"is_editable":true,"original_sound":true,"has_sound":true,"recoub_to":null,"file_versions":{"html5":{"video":{"higher":{"url":"https://coub-anubis-a.akamaized.net/coub_storage/coub/simple/cw_file/1050e7c879f/925fab4dc4d807e1d416e/muted_mp4_huge_size_1623175867_muted_huge.mp4","size":551682},"high":{"url":"https://coub-anubis-a.akamaized.net/coub_storage/coub/simple/cw_file/1050e7c879f/925fab4dc4d807e1d416e/muted_mp4_big_size_1623175867_muted_big.mp4","size":380837},"med":{"url":"https://coub-anubis-a.akamaized.net/coub_storage/coub/simple/cw_file/1050e7c879f/925fab4dc4d807e1d416e/muted_mp4_med_size_1623175867_muted_med.mp4","size":87423}},"audio":{"high":{"url":"https://coub-anubis-a.akamaized.net/coub_storage/coub/simple/cw_looped_audio_high/66bbcb18af4/2df18d9919855557a546d/1623175869_mp3-high.mp3","size":1085946},"med":{"url":"https://coub-anubis-a.akamaized.net/coub_storage/coub/simple/cw_looped_audio_med/42ffab2b82b/2ec10632d12ac0803e8b6/1623175868_mp3-med.mp3","size":947120},"sample_duration":7.477}},"mobile":{"video":"https://coub-anubis-a.akamaized.net/coub_storage/coub/simple/cw_file/1050e7c879f/925fab4dc4d807e1d416e/muted_mp4_med_size_1623175867_muted_med.mp4","audio":["https://coub-anubis-a.akamaized.net/coub_storage/coub/simple/cw_looped_audio_med/42ffab2b82b/2ec10632d12ac0803e8b6/1623175868_mp3-med.mp3"]},"share":{"default":"https://coub-anubis-a.akamaized.net/coub_storage/coub/simple/cw_video_for_sharing/08991fb9ce9/c33c4bc41fd08146cc1c6/1623175890_looped_1623175890.mp4"}},"audio_versions":{},"image_versions":{"template":"https://coub-anubis-a.akamaized.net/coub_storage/coub/simple/cw_image/9d938caee5a/0d041fd91336fec98cbba/%{version}_1623175874_00024.jpg","versions":["micro","tiny","age_restricted","ios_large","ios_mosaic","big","med","small","pinterest"]},"first_frame_versions":{"template":"https://coub-anubis-a.akamaized.net/coub_storage/coub/simple/cw_timeline_pic/0fe772a8f29/81ee5cceabf650a1145aa/%{version}_1623175873_image.jpg","versions":["big","med","small","ios_large"]},"dimensions":{"big":[1280,720],"med":[640,360]},"site_w_h":[640,360],"page_w_h":[640,360],"site_w_h_small":[310,174],"size":[1280,720],"age_restricted":false,"age_restricted_by_admin":false,"not_safe_for_work":null,"allow_reuse":false,"dont_crop":true,"banned":false,"global_safe":null,"audio_file_url":null,"external_download":false,"application":null,"channel":{"id":9503675,"permalink":"badmoments","title":"BadMoments","description":"Фан-аккаунт BadComedian (обзоры, мемы, собственные монтажики и не только)","followers_count":116,"following_count":19,"avatar_versions":{"template":"https://coub-anubis-a.akamaized.net/coub_storage/channel/cw_avatar/ddc4f0acc7f/1ac1553023e876ef2a754/%{version}_1623821347__BadComedian__-_______________________________.mp4.00_03_28_06._______________________001.png","versions":["medium","medium_2x","profile_pic","profile_pic_new","profile_pic_new_2x","tiny","tiny_2x","small","small_2x","ios_large","ios_small"]}},"file":null,"picture":"https://coub-anubis-a.akamaized.net/coub_storage/coub/simple/cw_image/9d938caee5a/0d041fd91336fec98cbba/med_1623175874_00024.jpg","timeline_picture":"https://coub-anubis-a.akamaized.net/coub_storage/coub/simple/cw_timeline_pic/0fe772a8f29/81ee5cceabf650a1145aa/ios_large_1623175873_image.jpg","small_picture":"https://coub-anubis-a.akamaized.net/coub_storage/coub/simple/cw_image/9d938caee5a/0d041fd91336fec98cbba/ios_mosaic_1623175874_00024.jpg","sharing_picture":null,"percent_done":100,"tags":[{"id":2954,"title":"badcomedian","value":"badcomedian"},{"id":4861,"title":"обзор","value":"%D0%BE%D0%B1%D0%B7%D0%BE%D1%80"},{"id":254266,"title":"евгений баженов","value":"%D0%B5%D0%B2%D0%B3%D0%B5%D0%BD%D0%B8%D0%B9%20%D0%B1%D0%B0%D0%B6%D0%B5%D0%BD%D0%BE%D0%B2"},{"id":551835,"title":"зоя","value":"%D0%B7%D0%BE%D1%8F"}],"categories":[{"id":115,"title":"Stand-up & Jokes","permalink":"standup-jokes","subscriptions_count":2029964,"big_image_url":"https://coub-anubis-a.akamaized.net/coub_storage/category/cw_image/e705818f6da/2d68d0903305d728e1d5b/big_1622039112_Stand-up.png","small_image_url":"https://coub-anubis-a.akamaized.net/coub_storage/category/cw_image/e705818f6da/2d68d0903305d728e1d5b/small_1622039112_Stand-up.png","med_image_url":"https://coub-anubis-a.akamaized.net/coub_storage/category/cw_image/e705818f6da/2d68d0903305d728e1d5b/med_1622039112_Stand-up.png","visible":true}],"communities":[{"id":115,"title":"Stand-up & Jokes","permalink":"standup-jokes","subscriptions_count":2029964,"big_image_url":"https://coub-anubis-a.akamaized.net/coub_storage/category/cw_image/e705818f6da/2d68d0903305d728e1d5b/big_1622039112_Stand-up.png","small_image_url":"https://coub-anubis-a.akamaized.net/coub_storage/category/cw_image/e705818f6da/2d68d0903305d728e1d5b/small_1622039112_Stand-up.png","med_image_url":"https://coub-anubis-a.akamaized.net/coub_storage/category/cw_image/e705818f6da/2d68d0903305d728e1d5b/med_1622039112_Stand-up.png","i_subscribed":true,"community_notifications_enabled":null,"description":null}],"recoubs_count":6,"remixes_count":1,"likes_count":54,"dislikes_count":0,"raw_video_id":16512351,"uploaded_by_ios_app":false,"uploaded_by_android_app":false,"media_blocks":{"uploaded_raw_videos":[],"external_raw_videos":[],"remixed_from_coubs":[]},"raw_video_thumbnail_url":"https://coub-anubis-a.akamaized.net/coub_storage/raw_video/cw_image/7ef0eccbfba/c7711f1ca3746b0628396/coub_media_1623175757_image.jpg","raw_video_title":"12___________________.mp4","video_block_banned":false,"duration":7.48,"promo_winner":false,"promo_winner_recoubers":null,"editorial_info":{},"promo_hint":null,"beeline_best_2014":null,"from_web_editor":true,"normalize_sound":true,"normalize_change_allowed":true,"best2015_addable":false,"ahmad_promo":null,"promo_data":null,"audio_copyright_claim":null,"ads_disabled":null,"is_safe_for_ads":true,"megafon_contents":[],"position_on_page":7},{"flag":null,"abuses":null,"recoubs_by_users_channels":null,"favourite":false,"promoted_id":null,"recoub":null,"like":null,"dislike":null,"reaction":null,"in_my_best2015":false,"id":170125731,"type":"Coub::Simple","permalink":"2sxwq2","title":"Как в магазин идти один я красивый","visibility_type":"public","original_visibility_type":"public","channel_id":5172666,"created_at":"2021-06-07T15:42:47Z","updated_at":"2022-02-17T07:16:54Z","is_done":true,"views_count":32823,"cotd":null,"cotd_at":null,"visible_on_explore_root":false,"visible_on_explore":false,"featured":false,"published":true,"published_at":"2021-06-07T15:42:47Z","reversed":false,"from_editor_v2":true,"is_editable":true,"original_sound":true,"has_sound":true,"recoub_to":null,"file_versions":{"html5":{"video":{"higher":{"url":"https://coub-anubis-a.akamaized.net/coub_storage/coub/simple/cw_file/f15ca4379fb/36f5118e7cc2b503217fc/muted_mp4_huge_size_1623080572_muted_huge.mp4","size":1346693},"high":{"url":"https://coub-anubis-a.akamaized.net/coub_storage/coub/simple/cw_file/f15ca4379fb/36f5118e7cc2b503217fc/muted_mp4_big_size_1623080572_muted_big.mp4","size":800450},"med":{"url":"https://coub-anubis-a.akamaized.net/coub_storage/coub/simple/cw_file/f15ca4379fb/36f5118e7cc2b503217fc/muted_mp4_med_size_1623080572_muted_med.mp4","size":249642}},"audio":{"high":{"url":"https://coub-anubis-a.akamaized.net/coub_storage/coub/simple/cw_looped_audio_high/20d1ab14fc4/d7d86e473dcb06eab3d88/1623080574_mp3-high.mp3","size":1283825},"med":{"url":"https://coub-anubis-a.akamaized.net/coub_storage/coub/simple/cw_looped_audio_med/6fd19d15961/71951947e7930d2b338d6/1623080573_mp3-med.mp3","size":911666},"sample_duration":9.52}},"mobile":{"video":"https://coub-anubis-a.akamaized.net/coub_storage/coub/simple/cw_file/f15ca4379fb/36f5118e7cc2b503217fc/muted_mp4_med_size_1623080572_muted_med.mp4","audio":["https://coub-anubis-a.akamaized.net/coub_storage/coub/simple/cw_looped_audio_med/6fd19d15961/71951947e7930d2b338d6/1623080573_mp3-med.mp3"]},"share":{"default":"https://coub-anubis-a.akamaized.net/coub_storage/coub/simple/cw_video_for_sharing/5cc358d2fb2/d45677fc2e733560c3313/1623080593_looped_1623080592.mp4"}},"audio_versions":{},"image_versions":{"template":"https://coub-anubis-a.akamaized.net/coub_storage/coub/simple/cw_image/5adcfd47d3c/fc830e7807a9939eedd4a/%{version}_1623080577_00030.jpg","versions":["micro","tiny","age_restricted","ios_large","ios_mosaic","big","med","small","pinterest"]},"first_frame_versions":{"template":"https://coub-anubis-a.akamaized.net/coub_storage/coub/simple/cw_timeline_pic/75d4140996f/7f9e795b68c33e9f56736/%{version}_1623080576_image.jpg","versions":["big","med","small","ios_large"]},"dimensions":{"big":[540,960],"med":[270,480]},"site_w_h":[225,400],"page_w_h":[400,711],"site_w_h_small":[310,551],"size":[540,960],"age_restricted":false,"age_restricted_by_admin":false,"not_safe_for_work":null,"allow_reuse":false,"dont_crop":true,"banned":false,"global_safe":null,"audio_file_url":null,"external_download":{"type":"Youtube","service_name":"YouTube","url":"https://www.youtube.com/watch?v=HUbE_5QQ0tc&list=UUSgmc149eAU0vRZWU2_8qPg&index=4","has_embed":true},"application":null,"channel":{"id":5172666,"permalink":"stas-liv","title":"Stas Liv","description":null,"followers_count":47,"following_count":13,"avatar_versions":{"template":"https://coubsecureassets-a.akamaihd.net/assets/default-avatars/266-d10fc2d9161510f3fe6f626f7bcbb8c5b2c9183b13a7c3d6ac56b234de2055d1.png"}},"file":null,"picture":"https://coub-anubis-a.akamaized.net/coub_storage/coub/simple/cw_image/5adcfd47d3c/fc830e7807a9939eedd4a/med_1623080577_00030.jpg","timeline_picture":"https://coub-anubis-a.akamaized.net/coub_storage/coub/simple/cw_timeline_pic/75d4140996f/7f9e795b68c33e9f56736/ios_large_1623080576_image.jpg","small_picture":"https://coub-anubis-a.akamaized.net/coub_storage/coub/simple/cw_image/5adcfd47d3c/fc830e7807a9939eedd4a/ios_mosaic_1623080577_00030.jpg","sharing_picture":null,"percent_done":100,"tags":[{"id":12148,"title":"shorts","value":"shorts"}],"categories":[{"id":115,"title":"Stand-up & Jokes","permalink":"standup-jokes","subscriptions_count":2029964,"big_image_url":"https://coub-anubis-a.akamaized.net/coub_storage/category/cw_image/e705818f6da/2d68d0903305d728e1d5b/big_1622039112_Stand-up.png","small_image_url":"https://coub-anubis-a.akamaized.net/coub_storage/category/cw_image/e705818f6da/2d68d0903305d728e1d5b/small_1622039112_Stand-up.png","med_image_url":"https://coub-anubis-a.akamaized.net/coub_storage/category/cw_image/e705818f6da/2d68d0903305d728e1d5b/med_1622039112_Stand-up.png","visible":true}],"communities":[{"id":115,"title":"Stand-up & Jokes","permalink":"standup-jokes","subscriptions_count":2029964,"big_image_url":"https://coub-anubis-a.akamaized.net/coub_storage/category/cw_image/e705818f6da/2d68d0903305d728e1d5b/big_1622039112_Stand-up.png","small_image_url":"https://coub-anubis-a.akamaized.net/coub_storage/category/cw_image/e705818f6da/2d68d0903305d728e1d5b/small_1622039112_Stand-up.png","med_image_url":"https://coub-anubis-a.akamaized.net/coub_storage/category/cw_image/e705818f6da/2d68d0903305d728e1d5b/med_1622039112_Stand-up.png","i_subscribed":true,"community_notifications_enabled":null,"description":null}],"recoubs_count":11,"remixes_count":0,"likes_count":54,"dislikes_count":0,"raw_video_id":16508990,"uploaded_by_ios_app":false,"uploaded_by_android_app":false,"media_blocks":{"uploaded_raw_videos":[],"external_raw_videos":[{"id":39029314,"title":"Как в магазин идти один я красивый","url":"https://www.youtube.com/watch?v=HUbE_5QQ0tc","image":"https://coub-anubis-a.akamaized.net/coub_storage/media_block/cw_image/80a1bad2298/056f0f01ef94073ddc37d/video_1623080409_z20sj3_1623080393_1623080392_93h8pa_att-url-download.webp","image_retina":"https://coub-anubis-a.akamaized.net/coub_storage/media_block/cw_image/80a1bad2298/056f0f01ef94073ddc37d/video_retina_1623080409_z20sj3_1623080393_1623080392_93h8pa_att-url-download.webp","meta":{"service":"Youtube","duration":"17.12"},"duration":17.12,"raw_video_id":16508990,"has_embed":true}],"remixed_from_coubs":[],"external_video":{"id":39029314,"title":"Как в магазин идти один я красивый","url":"https://www.youtube.com/watch?v=HUbE_5QQ0tc","image":"https://coub-anubis-a.akamaized.net/coub_storage/media_block/cw_image/80a1bad2298/056f0f01ef94073ddc37d/video_1623080409_z20sj3_1623080393_1623080392_93h8pa_att-url-download.webp","image_retina":"https://coub-anubis-a.akamaized.net/coub_storage/media_block/cw_image/80a1bad2298/056f0f01ef94073ddc37d/video_retina_1623080409_z20sj3_1623080393_1623080392_93h8pa_att-url-download.webp","meta":{"service":"Youtube","duration":"17.12"},"duration":17.12,"raw_video_id":16508990,"has_embed":true}},"raw_video_thumbnail_url":"https://coub-anubis-a.akamaized.net/coub_storage/raw_video/cw_image/3188ee291af/7c4cc934c8f9c72c730a6/coub_media_1623080393_1623080392_93h8pa_att-url-download.webp","raw_video_title":"Как в магазин идти один я красивый","video_block_banned":false,"duration":9.48,"promo_winner":false,"promo_winner_recoubers":null,"editorial_info":{},"promo_hint":null,"beeline_best_2014":null,"from_web_editor":true,"normalize_sound":true,"normalize_change_allowed":true,"best2015_addable":false,"ahmad_promo":null,"promo_data":null,"audio_copyright_claim":null,"ads_disabled":null,"is_safe_for_ads":true,"megafon_contents":[],"position_on_page":8},{"flag":null,"abuses":null,"recoubs_by_users_channels":null,"favourite":false,"promoted_id":null,"recoub":null,"like":null,"dislike":null,"reaction":null,"in_my_best2015":false,"id":183601659,"type":"Coub::Simple","permalink":"30yyly","title":"Двоих одним выстрелом","visibility_type":"public","original_visibility_type":"public","channel_id":2586220,"created_at":"2022-03-08T09:52:42Z","updated_at":"2022-03-14T01:54:13Z","is_done":true,"views_count":11684,"cotd":null,"cotd_at":null,"visible_on_explore_root":false,"visible_on_explore":false,"featured":false,"published":true,"published_at":"2022-03-08T09:52:42Z","reversed":false,"from_editor_v2":true,"is_editable":true,"original_sound":true,"has_sound":true,"recoub_to":null,"file_versions":{"html5":{"video":{"higher":{"url":"https://coub-anubis-a.akamaized.net/coub_storage/coub/simple/cw_file/c0f84c7ade2/f3f2e656abf53df56ac4f/muted_mp4_huge_size_1646733187_muted_huge.mp4","size":3188624},"high":{"url":"https://coub-anubis-a.akamaized.net/coub_storage/coub/simple/cw_file/c0f84c7ade2/f3f2e656abf53df56ac4f/muted_mp4_big_size_1646733187_muted_big.mp4","size":1938536},"med":{"url":"https://coub-anubis-a.akamaized.net/coub_storage/coub/simple/cw_file/c0f84c7ade2/f3f2e656abf53df56ac4f/muted_mp4_med_size_1646733187_muted_med.mp4","size":581074}},"audio":{"high":{"url":"https://coub-anubis-a.akamaized.net/coub_storage/coub/simple/cw_looped_audio_high/0bdb24a94e1/c2159480d0a4e8aa24124/1646733189_mp3-high.mp3","size":886860},"med":{"url":"https://coub-anubis-a.akamaized.net/coub_storage/coub/simple/cw_looped_audio_med/f3befc1d486/127a27594a0414f1f8955/1646733188_mp3-med.mp3","size":799076},"sample_duration":10.008}},"mobile":{"video":"https://coub-anubis-a.akamaized.net/coub_storage/coub/simple/cw_file/c0f84c7ade2/f3f2e656abf53df56ac4f/muted_mp4_med_size_1646733187_muted_med.mp4","audio":["https://coub-anubis-a.akamaized.net/coub_storage/coub/simple/cw_looped_audio_med/f3befc1d486/127a27594a0414f1f8955/1646733188_mp3-med.mp3"]},"share":{"default":"https://coub-anubis-a.akamaized.net/coub_storage/coub/simple/cw_video_for_sharing/b272c735b7f/3dc0164a91b87a3461d54/1646733222_looped_1646733221.mp4"}},"audio_versions":{},"image_versions":{"template":"https://coub-anubis-a.akamaized.net/coub_storage/coub/simple/cw_image/d9e250a4afc/399549e2213a0e783b35b/%{version}_1646733194_00032.jpg","versions":["micro","tiny","age_restricted","ios_large","ios_mosaic","big","med","small","pinterest"]},"first_frame_versions":{"template":"https://coub-anubis-a.akamaized.net/coub_storage/coub/simple/cw_timeline_pic/8899902e9b9/84ca53e3c458d0ca5c065/%{version}_1646733193_image.jpg","versions":["big","med","small","ios_large"]},"dimensions":{"big":[1280,960],"med":[640,480]},"site_w_h":[640,480],"page_w_h":[640,480],"site_w_h_small":[310,233],"size":[1280,960],"age_restricted":false,"age_restricted_by_admin":false,"not_safe_for_work":null,"allow_reuse":false,"dont_crop":true,"banned":false,"global_safe":null,"audio_file_url":null,"external_download":{"type":"Youtube","service_name":"YouTube","url":"https://www.youtube.com/watch?v=9G0shaxzMKs","has_embed":true},"application":null,"channel":{"id":2586220,"permalink":"mihail-gajdenko","title":"Mihail Gaydenko","description":null,"followers_count":19,"following_count":1,"avatar_versions":{"template":"https://coub-anubis-a.akamaized.net/coub_storage/channel/cw_avatar/030eaf31ae3/dde5f5df53d87d25c5442/%{version}_1617316019_cat.png","versions":["medium","medium_2x","profile_pic","profile_pic_new","profile_pic_new_2x","tiny","tiny_2x","small","small_2x","ios_large","ios_small"]}},"file":null,"picture":"https://coub-anubis-a.akamaized.net/coub_storage/coub/simple/cw_image/d9e250a4afc/399549e2213a0e783b35b/med_1646733194_00032.jpg","timeline_picture":"https://coub-anubis-a.akamaized.net/coub_storage/coub/simple/cw_timeline_pic/8899902e9b9/84ca53e3c458d0ca5c065/ios_large_1646733193_image.jpg","small_picture":"https://coub-anubis-a.akamaized.net/coub_storage/coub/simple/cw_image/d9e250a4afc/399549e2213a0e783b35b/ios_mosaic_1646733194_00032.jpg","sharing_picture":null,"percent_done":100,"tags":[{"id":7731,"title":"100500","value":"100500"},{"id":6767810,"title":"хулио валенте","value":"%D1%85%D1%83%D0%BB%D0%B8%D0%BE%20%D0%B2%D0%B0%D0%BB%D0%B5%D0%BD%D1%82%D0%B5"}],"categories":[{"id":115,"title":"Stand-up & Jokes","permalink":"standup-jokes","subscriptions_count":2029964,"big_image_url":"https://coub-anubis-a.akamaized.net/coub_storage/category/cw_image/e705818f6da/2d68d0903305d728e1d5b/big_1622039112_Stand-up.png","small_image_url":"https://coub-anubis-a.akamaized.net/coub_storage/category/cw_image/e705818f6da/2d68d0903305d728e1d5b/small_1622039112_Stand-up.png","med_image_url":"https://coub-anubis-a.akamaized.net/coub_storage/category/cw_image/e705818f6da/2d68d0903305d728e1d5b/med_1622039112_Stand-up.png","visible":true}],"communities":[{"id":115,"title":"Stand-up & Jokes","permalink":"standup-jokes","subscriptions_count":2029964,"big_image_url":"https://coub-anubis-a.akamaized.net/coub_storage/category/cw_image/e705818f6da/2d68d0903305d728e1d5b/big_1622039112_Stand-up.png","small_image_url":"https://coub-anubis-a.akamaized.net/coub_storage/category/cw_image/e705818f6da/2d68d0903305d728e1d5b/small_1622039112_Stand-up.png","med_image_url":"https://coub-anubis-a.akamaized.net/coub_storage/category/cw_image/e705818f6da/2d68d0903305d728e1d5b/med_1622039112_Stand-up.png","i_subscribed":true,"community_notifications_enabled":null,"description":null}],"recoubs_count":5,"remixes_count":0,"likes_count":53,"dislikes_count":0,"raw_video_id":17178296,"uploaded_by_ios_app":false,"uploaded_by_android_app":false,"media_blocks":{"uploaded_raw_videos":[],"external_raw_videos":[{"id":41173175,"title":"Хулио Валенте - филлипинский супергерой, индийское кино отдыхает!","url":"https://www.youtube.com/watch?v=9G0shaxzMKs","image":"https://coub-anubis-a.akamaized.net/coub_storage/media_block/cw_image/c78e71001c3/c051a47f3573a89654141/video_1646732855_19snmlu_1646732814_1646732812_1c6z5xm_att-url-download.webp","image_retina":"https://coub-anubis-a.akamaized.net/coub_storage/media_block/cw_image/c78e71001c3/c051a47f3573a89654141/video_retina_1646732855_19snmlu_1646732814_1646732812_1c6z5xm_att-url-download.webp","meta":{"service":"Youtube","duration":"297.48"},"duration":297.48,"raw_video_id":17178296,"has_embed":true}],"remixed_from_coubs":[],"external_video":{"id":41173175,"title":"Хулио Валенте - филлипинский супергерой, индийское кино отдыхает!","url":"https://www.youtube.com/watch?v=9G0shaxzMKs","image":"https://coub-anubis-a.akamaized.net/coub_storage/media_block/cw_image/c78e71001c3/c051a47f3573a89654141/video_1646732855_19snmlu_1646732814_1646732812_1c6z5xm_att-url-download.webp","image_retina":"https://coub-anubis-a.akamaized.net/coub_storage/media_block/cw_image/c78e71001c3/c051a47f3573a89654141/video_retina_1646732855_19snmlu_1646732814_1646732812_1c6z5xm_att-url-download.webp","meta":{"service":"Youtube","duration":"297.48"},"duration":297.48,"raw_video_id":17178296,"has_embed":true}},"raw_video_thumbnail_url":"https://coub-anubis-a.akamaized.net/coub_storage/raw_video/cw_image/01560413a4f/b2dc1532e32139e982448/coub_media_1646732814_1646732812_1c6z5xm_att-url-download.webp","raw_video_title":"Хулио Валенте - филлипинский супергерой, индийское кино отдыхает!","video_block_banned":false,"duration":10.0,"promo_winner":false,"promo_winner_recoubers":null,"editorial_info":{},"promo_hint":null,"beeline_best_2014":null,"from_web_editor":true,"normalize_sound":true,"normalize_change_allowed":true,"best2015_addable":false,"ahmad_promo":null,"promo_data":null,"audio_copyright_claim":null,"ads_disabled":null,"is_safe_for_ads":true,"megafon_contents":[],"position_on_page":9},{"flag":null,"abuses":null,"recoubs_by_users_channels":null,"favourite":false,"promoted_id":null,"recoub":null,"like":null,"dislike":null,"reaction":null,"in_my_best2015":false,"id":182915669,"type":"Coub::Simple","permalink":"30k9aj","title":"Two cocks","visibility_type":"public","original_visibility_type":"public","channel_id":1561004,"created_at":"2022-02-17T08:33:03Z","updated_at":"2022-03-07T07:14:31Z","is_done":true,"views_count":10127,"cotd":null,"cotd_at":null,"visible_on_explore_root":false,"visible_on_explore":false,"featured":false,"published":true,"published_at":"2022-02-17T08:33:03Z","reversed":false,"from_editor_v2":true,"is_editable":true,"original_sound":false,"has_sound":false,"recoub_to":null,"file_versions":{"html5":{"video":{"higher":{"url":"https://coub-anubis-a.akamaized.net/coub_storage/coub/simple/cw_file/159d070447e/e25517927796c9b983173/muted_mp4_huge_size_1645086793_muted_huge.mp4","size":2495537},"high":{"url":"https://coub-anubis-a.akamaized.net/coub_storage/coub/simple/cw_file/159d070447e/e25517927796c9b983173/muted_mp4_big_size_1645086793_muted_big.mp4","size":1639197},"med":{"url":"https://coub-anubis-a.akamaized.net/coub_storage/coub/simple/cw_file/159d070447e/e25517927796c9b983173/muted_mp4_med_size_1645086793_muted_med.mp4","size":512743}},"audio":{"high":{"url":"https://coub-anubis-a.akamaized.net/coub_storage/coub/simple/cw_looped_audio_high/4a7f3164a40/52936edae7275ee399f46/1645086800_mp3-high.mp3","size":885078},"med":{"url":"https://coub-anubis-a.akamaized.net/coub_storage/coub/simple/cw_looped_audio_med/a18d50ab6a4/780277b6b93407fb5c206/1645086799_mp3-med.mp3","size":809814}}},"mobile":{"video":"https://coub-anubis-a.akamaized.net/coub_storage/coub/simple/cw_file/159d070447e/e25517927796c9b983173/muted_mp4_med_size_1645086793_muted_med.mp4","audio":["https://coub-anubis-a.akamaized.net/coub_storage/coub/simple/cw_looped_audio_med/a18d50ab6a4/780277b6b93407fb5c206/1645086799_mp3-med.mp3"]},"share":{"default":"https://coub-anubis-a.akamaized.net/coub_storage/coub/simple/cw_video_for_sharing/313ad3ba9dd/40f3dce4fd49d33b6ad1b/1645086851_looped_1645086850.mp4"}},"audio_versions":{"template":"https://coub-anubis-a.akamaized.net/coub_storage/audio_track/cw_normalized_copy/495206202d5/5ea88fa30bbb4c9db468b/mid_1645086796_normalized_1645086794_1leh59y_edited.mp3","versions":["mid","low"]},"image_versions":{"template":"https://coub-anubis-a.akamaized.net/coub_storage/coub/simple/cw_image/b40d4b74984/ae73c500751299f686c76/%{version}_1645086808_00032.jpg","versions":["micro","tiny","age_restricted","ios_large","ios_mosaic","big","med","small","pinterest"]},"first_frame_versions":{"template":"https://coub-anubis-a.akamaized.net/coub_storage/coub/simple/cw_timeline_pic/f109df5b6a1/e2924f57f8f925f5892dc/%{version}_1645086807_image.jpg","versions":["big","med","small","ios_large"]},"dimensions":{"big":[1280,720],"med":[640,360]},"site_w_h":[640,360],"page_w_h":[640,360],"site_w_h_small":[310,174],"size":[1280,720],"age_restricted":false,"age_restricted_by_admin":false,"not_safe_for_work":null,"allow_reuse":false,"dont_crop":true,"banned":false,"global_safe":null,"audio_file_url":"https://coub-anubis-a.akamaized.net/coub_storage/audio_track/cw_normalized_copy/495206202d5/5ea88fa30bbb4c9db468b/low_1645086796_normalized_1645086794_1leh59y_edited.mp3","external_download":false,"application":null,"channel":{"id":1561004,"permalink":"damir.aliev","title":"Damir Aliev","description":null,"followers_count":130,"following_count":15,"avatar_versions":{"template":"https://coub-anubis-a.akamaized.net/coub_storage/channel/cw_avatar/089c0616add/13a45948f0dd225206a05/%{version}_1607426320_1kklwlo_1497865165_image.jpg","versions":["medium","medium_2x","profile_pic","profile_pic_new","profile_pic_new_2x","tiny","tiny_2x","small","small_2x","ios_large","ios_small"]}},"file":null,"picture":"https://coub-anubis-a.akamaized.net/coub_storage/coub/simple/cw_image/b40d4b74984/ae73c500751299f686c76/med_1645086808_00032.jpg","timeline_picture":"https://coub-anubis-a.akamaized.net/coub_storage/coub/simple/cw_timeline_pic/f109df5b6a1/e2924f57f8f925f5892dc/ios_large_1645086807_image.jpg","small_picture":"https://coub-anubis-a.akamaized.net/coub_storage/coub/simple/cw_image/b40d4b74984/ae73c500751299f686c76/ios_mosaic_1645086808_00032.jpg","sharing_picture":null,"percent_done":100,"tags":[],"categories":[{"id":115,"title":"Stand-up & Jokes","permalink":"standup-jokes","subscriptions_count":2029964,"big_image_url":"https://coub-anubis-a.akamaized.net/coub_storage/category/cw_image/e705818f6da/2d68d0903305d728e1d5b/big_1622039112_Stand-up.png","small_image_url":"https://coub-anubis-a.akamaized.net/coub_storage/category/cw_image/e705818f6da/2d68d0903305d728e1d5b/small_1622039112_Stand-up.png","med_image_url":"https://coub-anubis-a.akamaized.net/coub_storage/category/cw_image/e705818f6da/2d68d0903305d728e1d5b/med_1622039112_Stand-up.png","visible":true}],"communities":[{"id":115,"title":"Stand-up & Jokes","permalink":"standup-jokes","subscriptions_count":2029964,"big_image_url":"https://coub-anubis-a.akamaized.net/coub_storage/category/cw_image/e705818f6da/2d68d0903305d728e1d5b/big_1622039112_Stand-up.png","small_image_url":"https://coub-anubis-a.akamaized.net/coub_storage/category/cw_image/e705818f6da/2d68d0903305d728e1d5b/small_1622039112_Stand-up.png","med_image_url":"https://coub-anubis-a.akamaized.net/coub_storage/category/cw_image/e705818f6da/2d68d0903305d728e1d5b/med_1622039112_Stand-up.png","i_subscribed":true,"community_notifications_enabled":null,"description":null}],"recoubs_count":7,"remixes_count":0,"likes_count":53,"dislikes_count":0,"raw_video_id":17138944,"uploaded_by_ios_app":false,"uploaded_by_android_app":false,"media_blocks":{"uploaded_raw_videos":[],"external_raw_videos":[],"remixed_from_coubs":[]},"raw_video_thumbnail_url":"https://coub-anubis-a.akamaized.net/coub_storage/raw_video/cw_image/248dd1985e2/f06ddd4223669330c5f02/coub_media_1645086032_image.jpg","raw_video_title":"____________________.mp4","video_block_banned":false,"duration":10.0,"promo_winner":false,"promo_winner_recoubers":null,"editorial_info":{},"promo_hint":null,"beeline_best_2014":null,"from_web_editor":true,"normalize_sound":true,"normalize_change_allowed":true,"best2015_addable":false,"ahmad_promo":null,"promo_data":null,"audio_copyright_claim":null,"ads_disabled":null,"is_safe_for_ads":true,"megafon_contents":[],"position_on_page":10}]}