{"page":145,"per_page":10,"total_pages":500,"coubs":[{"flag":null,"abuses":null,"recoubs_by_users_channels":null,"favourite":false,"promoted_id":null,"recoub":null,"like":null,"dislike":null,"reaction":null,"in_my_best2015":false,"id":179949143,"type":"Coub::Simple","permalink":"2ysgkl","title":"Когда много снега","visibility_type":"public","original_visibility_type":"public","channel_id":11169416,"created_at":"2021-12-12T12:55:14Z","updated_at":"2022-03-05T15:54:19Z","is_done":true,"views_count":13469,"cotd":null,"cotd_at":null,"visible_on_explore_root":false,"visible_on_explore":false,"featured":false,"published":true,"published_at":"2021-12-12T12:55:14Z","reversed":false,"from_editor_v2":true,"is_editable":true,"original_sound":true,"has_sound":true,"recoub_to":null,"file_versions":{"html5":{"video":{"higher":{"url":"https://coub-anubis-a.akamaized.net/coub_storage/coub/simple/cw_file/f49e0d188cc/5eb4ce52c675a70e755ba/muted_mp4_huge_size_1639313722_muted_huge.mp4","size":4325879},"high":{"url":"https://coub-anubis-a.akamaized.net/coub_storage/coub/simple/cw_file/f49e0d188cc/5eb4ce52c675a70e755ba/muted_mp4_big_size_1639313722_muted_big.mp4","size":2543503},"med":{"url":"https://coub-anubis-a.akamaized.net/coub_storage/coub/simple/cw_file/f49e0d188cc/5eb4ce52c675a70e755ba/muted_mp4_med_size_1639313722_muted_med.mp4","size":819516}},"audio":{"high":{"url":"https://coub-anubis-a.akamaized.net/coub_storage/coub/simple/cw_looped_audio_high/4d9edbdca08/aefdc36f18139355ef18f/1639313724_mp3-high.mp3","size":1325804},"med":{"url":"https://coub-anubis-a.akamaized.net/coub_storage/coub/simple/cw_looped_audio_med/a7496ced2e8/26b912b410bf3a04d6ee5/1639313723_mp3-med.mp3","size":943358},"sample_duration":9.845}},"mobile":{"video":"https://coub-anubis-a.akamaized.net/coub_storage/coub/simple/cw_file/f49e0d188cc/5eb4ce52c675a70e755ba/muted_mp4_med_size_1639313722_muted_med.mp4","audio":["https://coub-anubis-a.akamaized.net/coub_storage/coub/simple/cw_looped_audio_med/a7496ced2e8/26b912b410bf3a04d6ee5/1639313723_mp3-med.mp3"]},"share":{"default":"https://coub-anubis-a.akamaized.net/coub_storage/coub/simple/cw_video_for_sharing/3017a5c632f/8436fd5aae20c421656dd/1639313758_looped_1639313757.mp4"}},"audio_versions":{},"image_versions":{"template":"https://coub-anubis-a.akamaized.net/coub_storage/coub/simple/cw_image/33fa6b1e209/b2fb23bb725b0e6ce8f5d/%{version}_1639313730_00032.jpg","versions":["micro","tiny","age_restricted","ios_large","ios_mosaic","big","med","small","pinterest"]},"first_frame_versions":{"template":"https://coub-anubis-a.akamaized.net/coub_storage/coub/simple/cw_timeline_pic/455e21f2830/52209e6c660991df422a0/%{version}_1639313729_image.jpg","versions":["big","med","small","ios_large"]},"dimensions":{"big":[960,960],"med":[480,480]},"site_w_h":[400,400],"page_w_h":[400,400],"site_w_h_small":[310,310],"size":[960,960],"age_restricted":false,"age_restricted_by_admin":false,"not_safe_for_work":null,"allow_reuse":false,"dont_crop":true,"banned":false,"global_safe":null,"audio_file_url":null,"external_download":false,"application":null,"channel":{"id":11169416,"permalink":"3105818e308e5c0c52c2994cd90cffcf","title":"Minions","description":null,"followers_count":86,"following_count":89,"avatar_versions":{"template":"https://coub-anubis-a.akamaized.net/coub_storage/channel/cw_avatar/04580f50769/0a172c0ff43f41e3e3d07/%{version}_1618690799______________.jpg","versions":["medium","medium_2x","profile_pic","profile_pic_new","profile_pic_new_2x","tiny","tiny_2x","small","small_2x","ios_large","ios_small"]}},"file":null,"picture":"https://coub-anubis-a.akamaized.net/coub_storage/coub/simple/cw_image/33fa6b1e209/b2fb23bb725b0e6ce8f5d/med_1639313730_00032.jpg","timeline_picture":"https://coub-anubis-a.akamaized.net/coub_storage/coub/simple/cw_timeline_pic/455e21f2830/52209e6c660991df422a0/ios_large_1639313729_image.jpg","small_picture":"https://coub-anubis-a.akamaized.net/coub_storage/coub/simple/cw_image/33fa6b1e209/b2fb23bb725b0e6ce8f5d/ios_mosaic_1639313730_00032.jpg","sharing_picture":null,"percent_done":100,"tags":[{"id":6653740,"title":"когда много снега","value":"%D0%BA%D0%BE%D0%B3%D0%B4%D0%B0%20%D0%BC%D0%BD%D0%BE%D0%B3%D0%BE%20%D1%81%D0%BD%D0%B5%D0%B3%D0%B0"},{"id":7198,"title":"снег","value":"%D1%81%D0%BD%D0%B5%D0%B3"},{"id":24851,"title":"лыжи","value":"%D0%BB%D1%8B%D0%B6%D0%B8"},{"id":32579,"title":"лыжник","value":"%D0%BB%D1%8B%D0%B6%D0%BD%D0%B8%D0%BA"},{"id":5380894,"title":"про лыжи","value":"%D0%BF%D1%80%D0%BE%20%D0%BB%D1%8B%D0%B6%D0%B8"},{"id":3503625,"title":"про зиму","value":"%D0%BF%D1%80%D0%BE%20%D0%B7%D0%B8%D0%BC%D1%83"},{"id":2119,"title":"зима","value":"%D0%B7%D0%B8%D0%BC%D0%B0"},{"id":20665,"title":"веселое","value":"%D0%B2%D0%B5%D1%81%D0%B5%D0%BB%D0%BE%D0%B5"},{"id":1594157,"title":"для настроения","value":"%D0%B4%D0%BB%D1%8F%20%D0%BD%D0%B0%D1%81%D1%82%D1%80%D0%BE%D0%B5%D0%BD%D0%B8%D1%8F"},{"id":10652,"title":"настроение","value":"%D0%BD%D0%B0%D1%81%D1%82%D1%80%D0%BE%D0%B5%D0%BD%D0%B8%D0%B5"},{"id":32658,"title":"хорошее настроение","value":"%D1%85%D0%BE%D1%80%D0%BE%D1%88%D0%B5%D0%B5%20%D0%BD%D0%B0%D1%81%D1%82%D1%80%D0%BE%D0%B5%D0%BD%D0%B8%D0%B5"}],"categories":[{"id":115,"title":"Stand-up & Jokes","permalink":"standup-jokes","subscriptions_count":2029964,"big_image_url":"https://coub-anubis-a.akamaized.net/coub_storage/category/cw_image/e705818f6da/2d68d0903305d728e1d5b/big_1622039112_Stand-up.png","small_image_url":"https://coub-anubis-a.akamaized.net/coub_storage/category/cw_image/e705818f6da/2d68d0903305d728e1d5b/small_1622039112_Stand-up.png","med_image_url":"https://coub-anubis-a.akamaized.net/coub_storage/category/cw_image/e705818f6da/2d68d0903305d728e1d5b/med_1622039112_Stand-up.png","visible":true}],"communities":[{"id":115,"title":"Stand-up & Jokes","permalink":"standup-jokes","subscriptions_count":2029964,"big_image_url":"https://coub-anubis-a.akamaized.net/coub_storage/category/cw_image/e705818f6da/2d68d0903305d728e1d5b/big_1622039112_Stand-up.png","small_image_url":"https://coub-anubis-a.akamaized.net/coub_storage/category/cw_image/e705818f6da/2d68d0903305d728e1d5b/small_1622039112_Stand-up.png","med_image_url":"https://coub-anubis-a.akamaized.net/coub_storage/category/cw_image/e705818f6da/2d68d0903305d728e1d5b/med_1622039112_Stand-up.png","i_subscribed":true,"community_notifications_enabled":null,"description":null}],"recoubs_count":12,"remixes_count":0,"likes_count":81,"dislikes_count":0,"raw_video_id":16987350,"uploaded_by_ios_app":false,"uploaded_by_android_app":false,"media_blocks":{"uploaded_raw_videos":[],"external_raw_videos":[],"remixed_from_coubs":[]},"raw_video_thumbnail_url":"https://coub-anubis-a.akamaized.net/coub_storage/raw_video/cw_image/c0b9b5cb414/3f95b803f858ec41caf20/coub_media_1639313510_image.jpg","raw_video_title":"_________________.mp4","video_block_banned":false,"duration":10.0,"promo_winner":false,"promo_winner_recoubers":null,"editorial_info":{},"promo_hint":null,"beeline_best_2014":null,"from_web_editor":true,"normalize_sound":true,"normalize_change_allowed":true,"best2015_addable":false,"ahmad_promo":null,"promo_data":null,"audio_copyright_claim":null,"ads_disabled":null,"is_safe_for_ads":true,"megafon_contents":[],"position_on_page":1},{"flag":null,"abuses":null,"recoubs_by_users_channels":null,"favourite":false,"promoted_id":null,"recoub":null,"like":null,"dislike":null,"reaction":null,"in_my_best2015":false,"id":178894617,"type":"Coub::Simple","permalink":"2y5uw0","title":" VR fail","visibility_type":"public","original_visibility_type":"public","channel_id":4749937,"created_at":"2021-11-20T18:19:41Z","updated_at":"2022-03-07T14:56:08Z","is_done":true,"views_count":16299,"cotd":null,"cotd_at":null,"visible_on_explore_root":false,"visible_on_explore":false,"featured":false,"published":true,"published_at":"2021-11-20T18:19:41Z","reversed":false,"from_editor_v2":true,"is_editable":true,"original_sound":true,"has_sound":true,"recoub_to":null,"file_versions":{"html5":{"video":{"higher":{"url":"https://coub-anubis-a.akamaized.net/coub_storage/coub/simple/cw_file/f0fca40f77b/62ed9c8c0d44e5bf21b10/muted_mp4_huge_size_1637432392_muted_huge.mp4","size":2186264},"high":{"url":"https://coub-anubis-a.akamaized.net/coub_storage/coub/simple/cw_file/f0fca40f77b/62ed9c8c0d44e5bf21b10/muted_mp4_big_size_1637432392_muted_big.mp4","size":1386502},"med":{"url":"https://coub-anubis-a.akamaized.net/coub_storage/coub/simple/cw_file/f0fca40f77b/62ed9c8c0d44e5bf21b10/muted_mp4_med_size_1637432392_muted_med.mp4","size":507221}},"audio":{"high":{"url":"https://coub-anubis-a.akamaized.net/coub_storage/coub/simple/cw_looped_audio_high/5fac936ee1b/428c36db5c38bf2030392/1637432395_mp3-high.mp3","size":1028947},"med":{"url":"https://coub-anubis-a.akamaized.net/coub_storage/coub/simple/cw_looped_audio_med/bd71d3d39be/436b134cabc77b7d6ac51/1637432394_mp3-med.mp3","size":793876},"sample_duration":10.008}},"mobile":{"video":"https://coub-anubis-a.akamaized.net/coub_storage/coub/simple/cw_file/f0fca40f77b/62ed9c8c0d44e5bf21b10/muted_mp4_med_size_1637432392_muted_med.mp4","audio":["https://coub-anubis-a.akamaized.net/coub_storage/coub/simple/cw_looped_audio_med/bd71d3d39be/436b134cabc77b7d6ac51/1637432394_mp3-med.mp3"]},"share":{"default":"https://coub-anubis-a.akamaized.net/coub_storage/coub/simple/cw_video_for_sharing/32b7ee445d2/fc00539ae9ea1f40ecebb/1637432435_looped_1637432434.mp4"}},"audio_versions":{},"image_versions":{"template":"https://coub-anubis-a.akamaized.net/coub_storage/coub/simple/cw_image/5ba151e7277/f44c868261c70b7df310d/%{version}_1637432402_00032.jpg","versions":["micro","tiny","age_restricted","ios_large","ios_mosaic","big","med","small","pinterest"]},"first_frame_versions":{"template":"https://coub-anubis-a.akamaized.net/coub_storage/coub/simple/cw_timeline_pic/5df6aa7fbef/56856bdbd726e4d39ba94/%{version}_1637432402_image.jpg","versions":["big","med","small","ios_large"]},"dimensions":{"big":[522,960],"med":[260,480]},"site_w_h":[218,400],"page_w_h":[400,736],"site_w_h_small":[310,570],"size":[522,960],"age_restricted":false,"age_restricted_by_admin":false,"not_safe_for_work":null,"allow_reuse":false,"dont_crop":true,"banned":false,"global_safe":null,"audio_file_url":null,"external_download":false,"application":null,"channel":{"id":4749937,"permalink":"tis.here","title":"tis.here","description":null,"followers_count":23,"following_count":2,"avatar_versions":{"template":"https://coub-anubis-a.akamaized.net/coub_storage/channel/cw_avatar/6369d4f2fbe/c29ed179420910f4c01a5/%{version}_1607762882_1wnsm0s_1535529989____.jpg","versions":["medium","medium_2x","profile_pic","profile_pic_new","profile_pic_new_2x","tiny","tiny_2x","small","small_2x","ios_large","ios_small"]}},"file":null,"picture":"https://coub-anubis-a.akamaized.net/coub_storage/coub/simple/cw_image/5ba151e7277/f44c868261c70b7df310d/med_1637432402_00032.jpg","timeline_picture":"https://coub-anubis-a.akamaized.net/coub_storage/coub/simple/cw_timeline_pic/5df6aa7fbef/56856bdbd726e4d39ba94/ios_large_1637432402_image.jpg","small_picture":"https://coub-anubis-a.akamaized.net/coub_storage/coub/simple/cw_image/5ba151e7277/f44c868261c70b7df310d/ios_mosaic_1637432402_00032.jpg","sharing_picture":null,"percent_done":100,"tags":[{"id":3683,"title":"язь","value":"%D1%8F%D0%B7%D1%8C"},{"id":531391,"title":"язь!!!","value":"%D1%8F%D0%B7%D1%8C!!!"},{"id":219608,"title":"рыба моей мечты","value":"%D1%80%D1%8B%D0%B1%D0%B0%20%D0%BC%D0%BE%D0%B5%D0%B9%20%D0%BC%D0%B5%D1%87%D1%82%D1%8B"},{"id":30210,"title":"vr","value":"vr"},{"id":1584349,"title":"psvr","value":"psvr"},{"id":30211,"title":"virtual reality","value":"virtual%20reality"}],"categories":[{"id":115,"title":"Stand-up & Jokes","permalink":"standup-jokes","subscriptions_count":2029964,"big_image_url":"https://coub-anubis-a.akamaized.net/coub_storage/category/cw_image/e705818f6da/2d68d0903305d728e1d5b/big_1622039112_Stand-up.png","small_image_url":"https://coub-anubis-a.akamaized.net/coub_storage/category/cw_image/e705818f6da/2d68d0903305d728e1d5b/small_1622039112_Stand-up.png","med_image_url":"https://coub-anubis-a.akamaized.net/coub_storage/category/cw_image/e705818f6da/2d68d0903305d728e1d5b/med_1622039112_Stand-up.png","visible":true}],"communities":[{"id":115,"title":"Stand-up & Jokes","permalink":"standup-jokes","subscriptions_count":2029964,"big_image_url":"https://coub-anubis-a.akamaized.net/coub_storage/category/cw_image/e705818f6da/2d68d0903305d728e1d5b/big_1622039112_Stand-up.png","small_image_url":"https://coub-anubis-a.akamaized.net/coub_storage/category/cw_image/e705818f6da/2d68d0903305d728e1d5b/small_1622039112_Stand-up.png","med_image_url":"https://coub-anubis-a.akamaized.net/coub_storage/category/cw_image/e705818f6da/2d68d0903305d728e1d5b/med_1622039112_Stand-up.png","i_subscribed":true,"community_notifications_enabled":null,"description":null}],"recoubs_count":10,"remixes_count":0,"likes_count":81,"dislikes_count":0,"raw_video_id":16936211,"uploaded_by_ios_app":false,"uploaded_by_android_app":false,"media_blocks":{"uploaded_raw_videos":[],"external_raw_videos":[],"remixed_from_coubs":[]},"raw_video_thumbnail_url":"https://coub-anubis-a.akamaized.net/coub_storage/raw_video/cw_image/3d9cb03c3a9/7f52c008d22993c2cc651/coub_media_1637432228_image.jpg","raw_video_title":"__________________.mp4","video_block_banned":false,"duration":10.0,"promo_winner":false,"promo_winner_recoubers":null,"editorial_info":{},"promo_hint":null,"beeline_best_2014":null,"from_web_editor":true,"normalize_sound":true,"normalize_change_allowed":true,"best2015_addable":false,"ahmad_promo":null,"promo_data":null,"audio_copyright_claim":null,"ads_disabled":null,"is_safe_for_ads":true,"megafon_contents":[],"position_on_page":2},{"flag":null,"abuses":null,"recoubs_by_users_channels":null,"favourite":false,"promoted_id":null,"recoub":null,"like":null,"dislike":null,"reaction":null,"in_my_best2015":false,"id":176694832,"type":"Coub::Simple","permalink":"2wupii","title":"Вопрос 🙋‍♂️","visibility_type":"public","original_visibility_type":"public","channel_id":9519897,"created_at":"2021-10-07T17:33:05Z","updated_at":"2022-03-05T10:33:50Z","is_done":true,"views_count":11744,"cotd":null,"cotd_at":null,"visible_on_explore_root":false,"visible_on_explore":false,"featured":false,"published":true,"published_at":"2021-10-07T17:33:05Z","reversed":false,"from_editor_v2":true,"is_editable":true,"original_sound":true,"has_sound":true,"recoub_to":null,"file_versions":{"html5":{"video":{"higher":{"url":"https://coub-anubis-a.akamaized.net/coub_storage/coub/simple/cw_file/c970b851205/567db69028b973ff6a7de/muted_mp4_huge_size_1633628002_muted_huge.mp4","size":2721562},"high":{"url":"https://coub-anubis-a.akamaized.net/coub_storage/coub/simple/cw_file/c970b851205/567db69028b973ff6a7de/muted_mp4_big_size_1633628002_muted_big.mp4","size":1643304},"med":{"url":"https://coub-anubis-a.akamaized.net/coub_storage/coub/simple/cw_file/c970b851205/567db69028b973ff6a7de/muted_mp4_med_size_1633628002_muted_med.mp4","size":525018}},"audio":{"high":{"url":"https://coub-anubis-a.akamaized.net/coub_storage/coub/simple/cw_looped_audio_high/b2d4eb6a59e/17fb9794672626624a606/1633628005_mp3-high.mp3","size":1105280},"med":{"url":"https://coub-anubis-a.akamaized.net/coub_storage/coub/simple/cw_looped_audio_med/4c76a82756a/5da872dfad78fbbd87180/1633628004_mp3-med.mp3","size":952845},"sample_duration":9.938}},"mobile":{"video":"https://coub-anubis-a.akamaized.net/coub_storage/coub/simple/cw_file/c970b851205/567db69028b973ff6a7de/muted_mp4_med_size_1633628002_muted_med.mp4","audio":["https://coub-anubis-a.akamaized.net/coub_storage/coub/simple/cw_looped_audio_med/4c76a82756a/5da872dfad78fbbd87180/1633628004_mp3-med.mp3"]},"share":{"default":"https://coub-anubis-a.akamaized.net/coub_storage/coub/simple/cw_video_for_sharing/0782e60c035/3a4b0747b8a0f29d3fd72/1633628053_looped_1633628051.mp4"}},"audio_versions":{},"image_versions":{"template":"https://coub-anubis-a.akamaized.net/coub_storage/coub/simple/cw_image/d15cb363d3d/6889a0dde76d1466cbd46/%{version}_1633628013_00032.jpg","versions":["micro","tiny","age_restricted","ios_large","ios_mosaic","big","med","small","pinterest"]},"first_frame_versions":{"template":"https://coub-anubis-a.akamaized.net/coub_storage/coub/simple/cw_timeline_pic/82b29bc420f/3734646de2d934a427144/%{version}_1633628012_image.jpg","versions":["big","med","small","ios_large"]},"dimensions":{"big":[1280,960],"med":[640,480]},"site_w_h":[640,480],"page_w_h":[640,480],"site_w_h_small":[310,233],"size":[1280,960],"age_restricted":false,"age_restricted_by_admin":false,"not_safe_for_work":null,"allow_reuse":false,"dont_crop":true,"banned":false,"global_safe":null,"audio_file_url":null,"external_download":false,"application":null,"channel":{"id":9519897,"permalink":"tommyspvcebound","title":"tommyspvcebound","description":null,"followers_count":32,"following_count":1,"avatar_versions":{"template":"https://coub-anubis-a.akamaized.net/coub_storage/channel/cw_avatar/7bf97bccd80/79084185c11b50cb5cdf5/%{version}_1614505982___________2.jpg","versions":["medium","medium_2x","profile_pic","profile_pic_new","profile_pic_new_2x","tiny","tiny_2x","small","small_2x","ios_large","ios_small"]}},"file":null,"picture":"https://coub-anubis-a.akamaized.net/coub_storage/coub/simple/cw_image/d15cb363d3d/6889a0dde76d1466cbd46/med_1633628013_00032.jpg","timeline_picture":"https://coub-anubis-a.akamaized.net/coub_storage/coub/simple/cw_timeline_pic/82b29bc420f/3734646de2d934a427144/ios_large_1633628012_image.jpg","small_picture":"https://coub-anubis-a.akamaized.net/coub_storage/coub/simple/cw_image/d15cb363d3d/6889a0dde76d1466cbd46/ios_mosaic_1633628013_00032.jpg","sharing_picture":null,"percent_done":100,"tags":[{"id":4948327,"title":"чбд","value":"%D1%87%D0%B1%D0%B4"},{"id":894946,"title":"нурлан сабуров","value":"%D0%BD%D1%83%D1%80%D0%BB%D0%B0%D0%BD%20%D1%81%D0%B0%D0%B1%D1%83%D1%80%D0%BE%D0%B2"},{"id":24436,"title":"александр емельяненко","value":"%D0%B0%D0%BB%D0%B5%D0%BA%D1%81%D0%B0%D0%BD%D0%B4%D1%80%20%D0%B5%D0%BC%D0%B5%D0%BB%D1%8C%D1%8F%D0%BD%D0%B5%D0%BD%D0%BA%D0%BE"},{"id":15696,"title":"топ","value":"%D1%82%D0%BE%D0%BF"},{"id":1437,"title":"юмор","value":"%D1%8E%D0%BC%D0%BE%D1%80"},{"id":2964069,"title":"fyp","value":"fyp"},{"id":344115,"title":"макар","value":"%D0%BC%D0%B0%D0%BA%D0%B0%D1%80"},{"id":252220,"title":"щербаков","value":"%D1%89%D0%B5%D1%80%D0%B1%D0%B0%D0%BA%D0%BE%D0%B2"}],"categories":[{"id":115,"title":"Stand-up & Jokes","permalink":"standup-jokes","subscriptions_count":2029964,"big_image_url":"https://coub-anubis-a.akamaized.net/coub_storage/category/cw_image/e705818f6da/2d68d0903305d728e1d5b/big_1622039112_Stand-up.png","small_image_url":"https://coub-anubis-a.akamaized.net/coub_storage/category/cw_image/e705818f6da/2d68d0903305d728e1d5b/small_1622039112_Stand-up.png","med_image_url":"https://coub-anubis-a.akamaized.net/coub_storage/category/cw_image/e705818f6da/2d68d0903305d728e1d5b/med_1622039112_Stand-up.png","visible":true}],"communities":[{"id":115,"title":"Stand-up & Jokes","permalink":"standup-jokes","subscriptions_count":2029964,"big_image_url":"https://coub-anubis-a.akamaized.net/coub_storage/category/cw_image/e705818f6da/2d68d0903305d728e1d5b/big_1622039112_Stand-up.png","small_image_url":"https://coub-anubis-a.akamaized.net/coub_storage/category/cw_image/e705818f6da/2d68d0903305d728e1d5b/small_1622039112_Stand-up.png","med_image_url":"https://coub-anubis-a.akamaized.net/coub_storage/category/cw_image/e705818f6da/2d68d0903305d728e1d5b/med_1622039112_Stand-up.png","i_subscribed":true,"community_notifications_enabled":null,"description":null}],"recoubs_count":17,"remixes_count":0,"likes_count":81,"dislikes_count":0,"raw_video_id":16826869,"uploaded_by_ios_app":true,"uploaded_by_android_app":false,"media_blocks":{"uploaded_raw_videos":[],"external_raw_videos":[],"remixed_from_coubs":[]},"raw_video_thumbnail_url":"https://coub-anubis-a.akamaized.net/coub_storage/raw_video/cw_image/e38184e125b/3f44f9f27ff276338a1e8/coub_media_1633627979_image.jpg","raw_video_title":"filename.mp4","video_block_banned":false,"duration":10.0,"promo_winner":false,"promo_winner_recoubers":null,"editorial_info":{},"promo_hint":null,"beeline_best_2014":null,"from_web_editor":false,"normalize_sound":true,"normalize_change_allowed":true,"best2015_addable":false,"ahmad_promo":null,"promo_data":null,"audio_copyright_claim":null,"ads_disabled":null,"is_safe_for_ads":true,"megafon_contents":[],"position_on_page":3},{"flag":null,"abuses":null,"recoubs_by_users_channels":null,"favourite":false,"promoted_id":null,"recoub":null,"like":null,"dislike":null,"reaction":null,"in_my_best2015":false,"id":176383217,"type":"Coub::Simple","permalink":"2wo12h","title":"(0_0)","visibility_type":"public","original_visibility_type":"public","channel_id":10421960,"created_at":"2021-10-01T15:49:22Z","updated_at":"2022-02-28T11:15:28Z","is_done":true,"views_count":10669,"cotd":null,"cotd_at":null,"visible_on_explore_root":false,"visible_on_explore":false,"featured":false,"published":true,"published_at":"2021-10-01T15:49:22Z","reversed":false,"from_editor_v2":true,"is_editable":true,"original_sound":true,"has_sound":true,"recoub_to":null,"file_versions":{"html5":{"video":{"higher":{"url":"https://coub-anubis-a.akamaized.net/coub_storage/coub/simple/cw_file/483a84964e3/c5bac05268d0d45700be3/muted_mp4_huge_size_1633103367_muted_huge.mp4","size":1731918},"high":{"url":"https://coub-anubis-a.akamaized.net/coub_storage/coub/simple/cw_file/483a84964e3/c5bac05268d0d45700be3/muted_mp4_big_size_1633103367_muted_big.mp4","size":1019883},"med":{"url":"https://coub-anubis-a.akamaized.net/coub_storage/coub/simple/cw_file/483a84964e3/c5bac05268d0d45700be3/muted_mp4_med_size_1633103367_muted_med.mp4","size":315495}},"audio":{"high":{"url":"https://coub-anubis-a.akamaized.net/coub_storage/coub/simple/cw_looped_audio_high/d6cf5e92fdc/c7f1fc51e6798a0ba7650/1633103369_mp3-high.mp3","size":836733},"med":{"url":"https://coub-anubis-a.akamaized.net/coub_storage/coub/simple/cw_looped_audio_med/9e3d7e99df4/327a4fce00409fb3a8189/1633103368_mp3-med.mp3","size":833341},"sample_duration":7.105}},"mobile":{"video":"https://coub-anubis-a.akamaized.net/coub_storage/coub/simple/cw_file/483a84964e3/c5bac05268d0d45700be3/muted_mp4_med_size_1633103367_muted_med.mp4","audio":["https://coub-anubis-a.akamaized.net/coub_storage/coub/simple/cw_looped_audio_med/9e3d7e99df4/327a4fce00409fb3a8189/1633103368_mp3-med.mp3"]},"share":{"default":"https://coub-anubis-a.akamaized.net/coub_storage/coub/simple/cw_video_for_sharing/730ec3e69bd/b4ee62df2bb6fd161c38e/1633103399_looped_1633103398.mp4"}},"audio_versions":{},"image_versions":{"template":"https://coub-anubis-a.akamaized.net/coub_storage/coub/simple/cw_image/fc3325edc29/10587c62d8d7ecc117dd7/%{version}_1633103374_00022.jpg","versions":["micro","tiny","age_restricted","ios_large","ios_mosaic","big","med","small","pinterest"]},"first_frame_versions":{"template":"https://coub-anubis-a.akamaized.net/coub_storage/coub/simple/cw_timeline_pic/ff4ad8d56e8/352e28d10617eb85208c3/%{version}_1633103373_image.jpg","versions":["big","med","small","ios_large"]},"dimensions":{"big":[960,960],"med":[480,480]},"site_w_h":[400,400],"page_w_h":[400,400],"site_w_h_small":[310,310],"size":[960,960],"age_restricted":false,"age_restricted_by_admin":false,"not_safe_for_work":null,"allow_reuse":false,"dont_crop":true,"banned":false,"global_safe":null,"audio_file_url":null,"external_download":false,"application":null,"channel":{"id":10421960,"permalink":"yi-huaman","title":"Yi Huaman","description":null,"followers_count":67,"following_count":11,"avatar_versions":{"template":"https://coub-anubis-a.akamaized.net/coub_storage/channel/cw_avatar/6ed55bcbb17/c473ff816dc69988711d6/%{version}_1624929405_IMG_20191116_125851.jpg","versions":["medium","medium_2x","profile_pic","profile_pic_new","profile_pic_new_2x","tiny","tiny_2x","small","small_2x","ios_large","ios_small"]}},"file":null,"picture":"https://coub-anubis-a.akamaized.net/coub_storage/coub/simple/cw_image/fc3325edc29/10587c62d8d7ecc117dd7/med_1633103374_00022.jpg","timeline_picture":"https://coub-anubis-a.akamaized.net/coub_storage/coub/simple/cw_timeline_pic/ff4ad8d56e8/352e28d10617eb85208c3/ios_large_1633103373_image.jpg","small_picture":"https://coub-anubis-a.akamaized.net/coub_storage/coub/simple/cw_image/fc3325edc29/10587c62d8d7ecc117dd7/ios_mosaic_1633103374_00022.jpg","sharing_picture":null,"percent_done":100,"tags":[],"categories":[{"id":115,"title":"Stand-up & Jokes","permalink":"standup-jokes","subscriptions_count":2029964,"big_image_url":"https://coub-anubis-a.akamaized.net/coub_storage/category/cw_image/e705818f6da/2d68d0903305d728e1d5b/big_1622039112_Stand-up.png","small_image_url":"https://coub-anubis-a.akamaized.net/coub_storage/category/cw_image/e705818f6da/2d68d0903305d728e1d5b/small_1622039112_Stand-up.png","med_image_url":"https://coub-anubis-a.akamaized.net/coub_storage/category/cw_image/e705818f6da/2d68d0903305d728e1d5b/med_1622039112_Stand-up.png","visible":true}],"communities":[{"id":115,"title":"Stand-up & Jokes","permalink":"standup-jokes","subscriptions_count":2029964,"big_image_url":"https://coub-anubis-a.akamaized.net/coub_storage/category/cw_image/e705818f6da/2d68d0903305d728e1d5b/big_1622039112_Stand-up.png","small_image_url":"https://coub-anubis-a.akamaized.net/coub_storage/category/cw_image/e705818f6da/2d68d0903305d728e1d5b/small_1622039112_Stand-up.png","med_image_url":"https://coub-anubis-a.akamaized.net/coub_storage/category/cw_image/e705818f6da/2d68d0903305d728e1d5b/med_1622039112_Stand-up.png","i_subscribed":true,"community_notifications_enabled":null,"description":null}],"recoubs_count":24,"remixes_count":0,"likes_count":81,"dislikes_count":0,"raw_video_id":16811435,"uploaded_by_ios_app":false,"uploaded_by_android_app":false,"media_blocks":{"uploaded_raw_videos":[],"external_raw_videos":[],"remixed_from_coubs":[]},"raw_video_thumbnail_url":"https://coub-anubis-a.akamaized.net/coub_storage/raw_video/cw_image/9fbe1813078/75872ce05b1057f7aef57/coub_media_1633103312_image.jpg","raw_video_title":"243037330_4450524998347339_3527496533899359664_n.mp4","video_block_banned":false,"duration":7.0,"promo_winner":false,"promo_winner_recoubers":null,"editorial_info":{},"promo_hint":null,"beeline_best_2014":null,"from_web_editor":true,"normalize_sound":true,"normalize_change_allowed":true,"best2015_addable":false,"ahmad_promo":null,"promo_data":null,"audio_copyright_claim":null,"ads_disabled":null,"is_safe_for_ads":true,"megafon_contents":[],"position_on_page":4},{"flag":null,"abuses":null,"recoubs_by_users_channels":null,"favourite":false,"promoted_id":null,"recoub":null,"like":null,"dislike":null,"reaction":null,"in_my_best2015":false,"id":174710294,"type":"Coub::Simple","permalink":"2vo684","title":"just chillout","visibility_type":"public","original_visibility_type":"public","channel_id":3329669,"created_at":"2021-08-30T21:52:26Z","updated_at":"2022-02-10T21:36:46Z","is_done":true,"views_count":18864,"cotd":null,"cotd_at":null,"visible_on_explore_root":false,"visible_on_explore":false,"featured":false,"published":true,"published_at":"2021-08-30T21:52:26Z","reversed":false,"from_editor_v2":true,"is_editable":true,"original_sound":false,"has_sound":false,"recoub_to":null,"file_versions":{"html5":{"video":{"higher":{"url":"https://coub-anubis-a.akamaized.net/coub_storage/coub/simple/cw_file/47cf520c47f/bb19f48942d7404bf231d/muted_mp4_huge_size_1630360349_muted_huge.mp4","size":547830},"high":{"url":"https://coub-anubis-a.akamaized.net/coub_storage/coub/simple/cw_file/47cf520c47f/bb19f48942d7404bf231d/muted_mp4_big_size_1630360349_muted_big.mp4","size":344493},"med":{"url":"https://coub-anubis-a.akamaized.net/coub_storage/coub/simple/cw_file/47cf520c47f/bb19f48942d7404bf231d/muted_mp4_med_size_1630360349_muted_med.mp4","size":120554}},"audio":{"high":{"url":"https://coub-anubis-a.akamaized.net/coub_storage/coub/simple/cw_looped_audio_high/b03f39431be/88347b18e167f98985521/1630360393_mp3-high.mp3","size":4802578},"med":{"url":"https://coub-anubis-a.akamaized.net/coub_storage/coub/simple/cw_looped_audio_med/3da97c3fc18/7dc7ce4dce730b8fff29c/1630360390_mp3-med.mp3","size":3540330}}},"mobile":{"video":"https://coub-anubis-a.akamaized.net/coub_storage/coub/simple/cw_file/47cf520c47f/bb19f48942d7404bf231d/muted_mp4_med_size_1630360349_muted_med.mp4","audio":["https://coub-anubis-a.akamaized.net/coub_storage/coub/simple/cw_looped_audio_med/3da97c3fc18/7dc7ce4dce730b8fff29c/1630360390_mp3-med.mp3"]},"share":{"default":"https://coub-anubis-a.akamaized.net/coub_storage/coub/simple/cw_video_for_sharing/aba399d71c0/677050eaf0cd818d6a408/1630360407_looped_1630360407.mp4"}},"audio_versions":{"template":"https://coub-anubis-a.akamaized.net/coub_storage/audio_track/cw_normalized_copy/5516c533a1b/a368b09865f0e1a70a634/mid_1630360375_normalized_1630360354_1yqnc7r_edited.mp3","versions":["mid","low"]},"image_versions":{"template":"https://coub-anubis-a.akamaized.net/coub_storage/coub/simple/cw_image/341e58e9052/cae73ef7784291bd051b9/%{version}_1630360395_00016.jpg","versions":["micro","tiny","age_restricted","ios_large","ios_mosaic","big","med","small","pinterest"]},"first_frame_versions":{"template":"https://coub-anubis-a.akamaized.net/coub_storage/coub/simple/cw_timeline_pic/225ae476b6a/674ee288447af45a412a2/%{version}_1630360395_image.jpg","versions":["big","med","small","ios_large"]},"dimensions":{"big":[538,960],"med":[268,480]},"site_w_h":[224,400],"page_w_h":[400,714],"site_w_h_small":[310,553],"size":[538,960],"age_restricted":false,"age_restricted_by_admin":false,"not_safe_for_work":null,"allow_reuse":false,"dont_crop":true,"banned":false,"global_safe":null,"audio_file_url":"https://coub-anubis-a.akamaized.net/coub_storage/audio_track/cw_normalized_copy/5516c533a1b/a368b09865f0e1a70a634/low_1630360375_normalized_1630360354_1yqnc7r_edited.mp3","external_download":{"type":"Instagram","service_name":"Instagram","url":"https://www.instagram.com/p/CTNG1xiH_90/","has_embed":false},"application":null,"channel":{"id":3329669,"permalink":"wildrussia","title":"Wild Russia🐻","description":"Wild Russia","followers_count":296,"following_count":14,"avatar_versions":{"template":"https://coub-anubis-a.akamaized.net/coub_storage/channel/cw_avatar/c979fba4a95/347158e45868e6765dc20/%{version}_1607423056_1a3ov3s_1484593879_terrible_taxidermy_01_1_.jpg","versions":["medium","medium_2x","profile_pic","profile_pic_new","profile_pic_new_2x","tiny","tiny_2x","small","small_2x","ios_large","ios_small"]}},"file":null,"picture":"https://coub-anubis-a.akamaized.net/coub_storage/coub/simple/cw_image/341e58e9052/cae73ef7784291bd051b9/med_1630360395_00016.jpg","timeline_picture":"https://coub-anubis-a.akamaized.net/coub_storage/coub/simple/cw_timeline_pic/225ae476b6a/674ee288447af45a412a2/ios_large_1630360395_image.jpg","small_picture":"https://coub-anubis-a.akamaized.net/coub_storage/coub/simple/cw_image/341e58e9052/cae73ef7784291bd051b9/ios_mosaic_1630360395_00016.jpg","sharing_picture":null,"percent_done":100,"tags":[{"id":7281,"title":"chillout","value":"chillout"},{"id":13031,"title":"dunkey","value":"dunkey"},{"id":122,"title":"ass","value":"ass"},{"id":2236,"title":"police","value":"police"},{"id":2169,"title":"отдых","value":"%D0%BE%D1%82%D0%B4%D1%8B%D1%85"},{"id":77095,"title":"осел","value":"%D0%BE%D1%81%D0%B5%D0%BB"},{"id":6818,"title":"ослик","value":"%D0%BE%D1%81%D0%BB%D0%B8%D0%BA"},{"id":5797,"title":"погоня","value":"%D0%BF%D0%BE%D0%B3%D0%BE%D0%BD%D1%8F"},{"id":31258,"title":"бухой","value":"%D0%B1%D1%83%D1%85%D0%BE%D0%B9"},{"id":2738275,"title":"на осле","value":"%D0%BD%D0%B0%20%D0%BE%D1%81%D0%BB%D0%B5"}],"categories":[{"id":115,"title":"Stand-up & Jokes","permalink":"standup-jokes","subscriptions_count":2029964,"big_image_url":"https://coub-anubis-a.akamaized.net/coub_storage/category/cw_image/e705818f6da/2d68d0903305d728e1d5b/big_1622039112_Stand-up.png","small_image_url":"https://coub-anubis-a.akamaized.net/coub_storage/category/cw_image/e705818f6da/2d68d0903305d728e1d5b/small_1622039112_Stand-up.png","med_image_url":"https://coub-anubis-a.akamaized.net/coub_storage/category/cw_image/e705818f6da/2d68d0903305d728e1d5b/med_1622039112_Stand-up.png","visible":true}],"communities":[{"id":115,"title":"Stand-up & Jokes","permalink":"standup-jokes","subscriptions_count":2029964,"big_image_url":"https://coub-anubis-a.akamaized.net/coub_storage/category/cw_image/e705818f6da/2d68d0903305d728e1d5b/big_1622039112_Stand-up.png","small_image_url":"https://coub-anubis-a.akamaized.net/coub_storage/category/cw_image/e705818f6da/2d68d0903305d728e1d5b/small_1622039112_Stand-up.png","med_image_url":"https://coub-anubis-a.akamaized.net/coub_storage/category/cw_image/e705818f6da/2d68d0903305d728e1d5b/med_1622039112_Stand-up.png","i_subscribed":true,"community_notifications_enabled":null,"description":null}],"recoubs_count":10,"remixes_count":0,"likes_count":81,"dislikes_count":0,"raw_video_id":16731603,"uploaded_by_ios_app":false,"uploaded_by_android_app":false,"media_blocks":{"uploaded_raw_videos":[],"external_raw_videos":[{"id":39576279,"title":"Shot by drunkpeopledoingthings","url":"http://instagram.com/p/CTNG1xiH_90/","image":"https://coub-anubis-a.akamaized.net/coub_storage/media_block/cw_image/f90d96e61cc/d8c1d49e8f62661b5bd6c/video_1630359382_8laxm9_1630359375_image.jpg","image_retina":"https://coub-anubis-a.akamaized.net/coub_storage/media_block/cw_image/f90d96e61cc/d8c1d49e8f62661b5bd6c/video_retina_1630359382_8laxm9_1630359375_image.jpg","meta":{"service":"Instagram","duration":"7.4"},"duration":7.4,"raw_video_id":16731603,"has_embed":false}],"remixed_from_coubs":[],"external_video":{"id":39576279,"title":"Shot by drunkpeopledoingthings","url":"http://instagram.com/p/CTNG1xiH_90/","image":"https://coub-anubis-a.akamaized.net/coub_storage/media_block/cw_image/f90d96e61cc/d8c1d49e8f62661b5bd6c/video_1630359382_8laxm9_1630359375_image.jpg","image_retina":"https://coub-anubis-a.akamaized.net/coub_storage/media_block/cw_image/f90d96e61cc/d8c1d49e8f62661b5bd6c/video_retina_1630359382_8laxm9_1630359375_image.jpg","meta":{"service":"Instagram","duration":"7.4"},"duration":7.4,"raw_video_id":16731603,"has_embed":false}},"raw_video_thumbnail_url":"https://coub-anubis-a.akamaized.net/coub_storage/raw_video/cw_image/6b9789ff4e2/90f5e3342844a02074bff/coub_media_1630359376_1630359375_image.jpg","raw_video_title":"Shot by drunkpeopledoingthings","video_block_banned":false,"duration":5.04,"promo_winner":false,"promo_winner_recoubers":null,"editorial_info":{},"promo_hint":null,"beeline_best_2014":null,"from_web_editor":true,"normalize_sound":true,"normalize_change_allowed":true,"best2015_addable":false,"ahmad_promo":null,"promo_data":null,"audio_copyright_claim":null,"ads_disabled":null,"is_safe_for_ads":true,"megafon_contents":[],"position_on_page":5},{"flag":null,"abuses":null,"recoubs_by_users_channels":null,"favourite":false,"promoted_id":null,"recoub":null,"like":null,"dislike":null,"reaction":null,"in_my_best2015":false,"id":174467980,"type":"Coub::Simple","permalink":"2viz94","title":" | Виктор Комаров | Stand Up Импровизация #54","visibility_type":"public","original_visibility_type":"public","channel_id":3866924,"created_at":"2021-08-26T15:44:51Z","updated_at":"2022-03-08T19:25:02Z","is_done":true,"views_count":8593,"cotd":null,"cotd_at":null,"visible_on_explore_root":false,"visible_on_explore":false,"featured":false,"published":true,"published_at":"2021-08-26T15:44:51Z","reversed":false,"from_editor_v2":true,"is_editable":true,"original_sound":true,"has_sound":true,"recoub_to":null,"file_versions":{"html5":{"video":{"higher":{"url":"https://coub-anubis-a.akamaized.net/coub_storage/coub/simple/cw_file/4d66d4c3be6/8db82ca1c58878632cbb9/muted_mp4_huge_size_1629992889_muted_huge.mp4","size":782409},"high":{"url":"https://coub-anubis-a.akamaized.net/coub_storage/coub/simple/cw_file/4d66d4c3be6/8db82ca1c58878632cbb9/muted_mp4_big_size_1629992889_muted_big.mp4","size":563649},"med":{"url":"https://coub-anubis-a.akamaized.net/coub_storage/coub/simple/cw_file/4d66d4c3be6/8db82ca1c58878632cbb9/muted_mp4_med_size_1629992889_muted_med.mp4","size":127841}},"audio":{"high":{"url":"https://coub-anubis-a.akamaized.net/coub_storage/coub/simple/cw_looped_audio_high/30fdd388ec1/a737aac3c2a9c7f5a44d9/1629992890_mp3-high.mp3","size":830052},"med":{"url":"https://coub-anubis-a.akamaized.net/coub_storage/coub/simple/cw_looped_audio_med/e6ac0e32a67/4301e9ff084e54e2709ce/1629992890_mp3-med.mp3","size":799076},"sample_duration":10.008}},"mobile":{"video":"https://coub-anubis-a.akamaized.net/coub_storage/coub/simple/cw_file/4d66d4c3be6/8db82ca1c58878632cbb9/muted_mp4_med_size_1629992889_muted_med.mp4","audio":["https://coub-anubis-a.akamaized.net/coub_storage/coub/simple/cw_looped_audio_med/e6ac0e32a67/4301e9ff084e54e2709ce/1629992890_mp3-med.mp3"]},"share":{"default":"https://coub-anubis-a.akamaized.net/coub_storage/coub/simple/cw_video_for_sharing/e0f473655a7/98782a8e4e558100cd134/1629992909_looped_1629992909.mp4"}},"audio_versions":{},"image_versions":{"template":"https://coub-anubis-a.akamaized.net/coub_storage/coub/simple/cw_image/033fa0b0a0c/f62dd0f47fca413fd2455/%{version}_1629992894_00032.jpg","versions":["micro","tiny","age_restricted","ios_large","ios_mosaic","big","med","small","pinterest"]},"first_frame_versions":{"template":"https://coub-anubis-a.akamaized.net/coub_storage/coub/simple/cw_timeline_pic/4dce1f8beea/720160efab5d0fb99d4d1/%{version}_1629992893_image.jpg","versions":["big","med","small","ios_large"]},"dimensions":{"big":[1280,720],"med":[640,360]},"site_w_h":[640,360],"page_w_h":[640,360],"site_w_h_small":[310,174],"size":[1280,720],"age_restricted":false,"age_restricted_by_admin":false,"not_safe_for_work":null,"allow_reuse":false,"dont_crop":true,"banned":false,"global_safe":null,"audio_file_url":null,"external_download":{"type":"Youtube","service_name":"YouTube","url":"https://youtu.be/-SYybSufTNw?list=TLPQMjYwODIwMjG0lfqonrJgYw","has_embed":true},"application":null,"channel":{"id":3866924,"permalink":"hamsterg6","title":"HamsterG","description":null,"followers_count":26,"following_count":4,"avatar_versions":{"template":"https://coub-anubis-a.akamaized.net/coub_storage/channel/cw_avatar/a2e1b5f6a08/ded11e38b0708d89671ad/%{version}_1609606362_b14ii8_1509105395_1i254im_188736158.jpg","versions":["medium","medium_2x","profile_pic","profile_pic_new","profile_pic_new_2x","tiny","tiny_2x","small","small_2x","ios_large","ios_small"]}},"file":null,"picture":"https://coub-anubis-a.akamaized.net/coub_storage/coub/simple/cw_image/033fa0b0a0c/f62dd0f47fca413fd2455/med_1629992894_00032.jpg","timeline_picture":"https://coub-anubis-a.akamaized.net/coub_storage/coub/simple/cw_timeline_pic/4dce1f8beea/720160efab5d0fb99d4d1/ios_large_1629992893_image.jpg","small_picture":"https://coub-anubis-a.akamaized.net/coub_storage/coub/simple/cw_image/033fa0b0a0c/f62dd0f47fca413fd2455/ios_mosaic_1629992894_00032.jpg","sharing_picture":null,"percent_done":100,"tags":[{"id":375267,"title":"виктор комаров","value":"%D0%B2%D0%B8%D0%BA%D1%82%D0%BE%D1%80%20%D0%BA%D0%BE%D0%BC%D0%B0%D1%80%D0%BE%D0%B2"},{"id":19184,"title":"импровизация","value":"%D0%B8%D0%BC%D0%BF%D1%80%D0%BE%D0%B2%D0%B8%D0%B7%D0%B0%D1%86%D0%B8%D1%8F"},{"id":61234,"title":"стендап","value":"%D1%81%D1%82%D0%B5%D0%BD%D0%B4%D0%B0%D0%BF"},{"id":4564,"title":"stand up","value":"stand%20up"},{"id":5635004,"title":"приколы 2021","value":"%D0%BF%D1%80%D0%B8%D0%BA%D0%BE%D0%BB%D1%8B%202021"},{"id":2086,"title":"комедия","value":"%D0%BA%D0%BE%D0%BC%D0%B5%D0%B4%D0%B8%D1%8F"},{"id":1437,"title":"юмор","value":"%D1%8E%D0%BC%D0%BE%D1%80"},{"id":18036,"title":"анекдоты","value":"%D0%B0%D0%BD%D0%B5%D0%BA%D0%B4%D0%BE%D1%82%D1%8B"},{"id":1264,"title":"смех","value":"%D1%81%D0%BC%D0%B5%D1%85"},{"id":5773383,"title":"взрослый юмор","value":"%D0%B2%D0%B7%D1%80%D0%BE%D1%81%D0%BB%D1%8B%D0%B9%20%D1%8E%D0%BC%D0%BE%D1%80"},{"id":6087728,"title":"приколы 2021 лучшие до слез","value":"%D0%BF%D1%80%D0%B8%D0%BA%D0%BE%D0%BB%D1%8B%202021%20%D0%BB%D1%83%D1%87%D1%88%D0%B8%D0%B5%20%D0%B4%D0%BE%20%D1%81%D0%BB%D0%B5%D0%B7"},{"id":5228593,"title":"improv live show","value":"improv%20live%20show"},{"id":6443460,"title":"импров лайф шоу","value":"%D0%B8%D0%BC%D0%BF%D1%80%D0%BE%D0%B2%20%D0%BB%D0%B0%D0%B9%D1%84%20%D1%88%D0%BE%D1%83"},{"id":6070708,"title":"лучшие приколы 2021","value":"%D0%BB%D1%83%D1%87%D1%88%D0%B8%D0%B5%20%D0%BF%D1%80%D0%B8%D0%BA%D0%BE%D0%BB%D1%8B%202021"},{"id":12002,"title":"новые приколы","value":"%D0%BD%D0%BE%D0%B2%D1%8B%D0%B5%20%D0%BF%D1%80%D0%B8%D0%BA%D0%BE%D0%BB%D1%8B"},{"id":6186073,"title":"виктор комаров stand up","value":"%D0%B2%D0%B8%D0%BA%D1%82%D0%BE%D1%80%20%D0%BA%D0%BE%D0%BC%D0%B0%D1%80%D0%BE%D0%B2%20stand%20up"},{"id":6443459,"title":"импрув лайв шоу","value":"%D0%B8%D0%BC%D0%BF%D1%80%D1%83%D0%B2%20%D0%BB%D0%B0%D0%B9%D0%B2%20%D1%88%D0%BE%D1%83"},{"id":3076876,"title":"юмор юмор юмор","value":"%D1%8E%D0%BC%D0%BE%D1%80%20%D1%8E%D0%BC%D0%BE%D1%80%20%D1%8E%D0%BC%D0%BE%D1%80"},{"id":6186078,"title":"комаров виктор","value":"%D0%BA%D0%BE%D0%BC%D0%B0%D1%80%D0%BE%D0%B2%20%D0%B2%D0%B8%D0%BA%D1%82%D0%BE%D1%80"},{"id":6186077,"title":"комаров стендап","value":"%D0%BA%D0%BE%D0%BC%D0%B0%D1%80%D0%BE%D0%B2%20%D1%81%D1%82%D0%B5%D0%BD%D0%B4%D0%B0%D0%BF"},{"id":12008,"title":"лучшие приколы","value":"%D0%BB%D1%83%D1%87%D1%88%D0%B8%D0%B5%20%D0%BF%D1%80%D0%B8%D0%BA%D0%BE%D0%BB%D1%8B"},{"id":13016,"title":"трусы","value":"%D1%82%D1%80%D1%83%D1%81%D1%8B"},{"id":230856,"title":"поющие трусы","value":"%D0%BF%D0%BE%D1%8E%D1%89%D0%B8%D0%B5%20%D1%82%D1%80%D1%83%D1%81%D1%8B"},{"id":90818,"title":"свежие приколы","value":"%D1%81%D0%B2%D0%B5%D0%B6%D0%B8%D0%B5%20%D0%BF%D1%80%D0%B8%D0%BA%D0%BE%D0%BB%D1%8B"},{"id":1297686,"title":"мужской канал","value":"%D0%BC%D1%83%D0%B6%D1%81%D0%BA%D0%BE%D0%B9%20%D0%BA%D0%B0%D0%BD%D0%B0%D0%BB"},{"id":295962,"title":"нижнее белье","value":"%D0%BD%D0%B8%D0%B6%D0%BD%D0%B5%D0%B5%20%D0%B1%D0%B5%D0%BB%D1%8C%D0%B5"},{"id":1049197,"title":"мужской стиль","value":"%D0%BC%D1%83%D0%B6%D1%81%D0%BA%D0%BE%D0%B9%20%D1%81%D1%82%D0%B8%D0%BB%D1%8C"},{"id":2386885,"title":"мужское здоровье","value":"%D0%BC%D1%83%D0%B6%D1%81%D0%BA%D0%BE%D0%B5%20%D0%B7%D0%B4%D0%BE%D1%80%D0%BE%D0%B2%D1%8C%D0%B5"},{"id":496881,"title":"комаров","value":"%D0%BA%D0%BE%D0%BC%D0%B0%D1%80%D0%BE%D0%B2"},{"id":39191,"title":"stand up comedy","value":"stand%20up%20comedy"},{"id":185544,"title":"москва 24","value":"%D0%BC%D0%BE%D1%81%D0%BA%D0%B2%D0%B0%2024"},{"id":12017,"title":"подборка приколов","value":"%D0%BF%D0%BE%D0%B4%D0%B1%D0%BE%D1%80%D0%BA%D0%B0%20%D0%BF%D1%80%D0%B8%D0%BA%D0%BE%D0%BB%D0%BE%D0%B2"},{"id":5110031,"title":"от комаров","value":"%D0%BE%D1%82%20%D0%BA%D0%BE%D0%BC%D0%B0%D1%80%D0%BE%D0%B2"},{"id":73173,"title":"54","value":"54"}],"categories":[{"id":115,"title":"Stand-up & Jokes","permalink":"standup-jokes","subscriptions_count":2029964,"big_image_url":"https://coub-anubis-a.akamaized.net/coub_storage/category/cw_image/e705818f6da/2d68d0903305d728e1d5b/big_1622039112_Stand-up.png","small_image_url":"https://coub-anubis-a.akamaized.net/coub_storage/category/cw_image/e705818f6da/2d68d0903305d728e1d5b/small_1622039112_Stand-up.png","med_image_url":"https://coub-anubis-a.akamaized.net/coub_storage/category/cw_image/e705818f6da/2d68d0903305d728e1d5b/med_1622039112_Stand-up.png","visible":true}],"communities":[{"id":115,"title":"Stand-up & Jokes","permalink":"standup-jokes","subscriptions_count":2029964,"big_image_url":"https://coub-anubis-a.akamaized.net/coub_storage/category/cw_image/e705818f6da/2d68d0903305d728e1d5b/big_1622039112_Stand-up.png","small_image_url":"https://coub-anubis-a.akamaized.net/coub_storage/category/cw_image/e705818f6da/2d68d0903305d728e1d5b/small_1622039112_Stand-up.png","med_image_url":"https://coub-anubis-a.akamaized.net/coub_storage/category/cw_image/e705818f6da/2d68d0903305d728e1d5b/med_1622039112_Stand-up.png","i_subscribed":true,"community_notifications_enabled":null,"description":null}],"recoubs_count":3,"remixes_count":0,"likes_count":81,"dislikes_count":0,"raw_video_id":16720306,"uploaded_by_ios_app":false,"uploaded_by_android_app":false,"media_blocks":{"uploaded_raw_videos":[],"external_raw_videos":[{"id":39548847,"title":"Все про трусы | Виктор Комаров | Stand Up Импровизация #54","url":"https://www.youtube.com/watch?v=-SYybSufTNw","image":"https://coub-anubis-a.akamaized.net/coub_storage/media_block/cw_image/81c1bcab576/9a8142b4aae5014a698c4/video_1629992287_1htjcda_1629992116_1629992110_dokmh9_att-url-download.webp","image_retina":"https://coub-anubis-a.akamaized.net/coub_storage/media_block/cw_image/81c1bcab576/9a8142b4aae5014a698c4/video_retina_1629992287_1htjcda_1629992116_1629992110_dokmh9_att-url-download.webp","meta":{"service":"Youtube","duration":"1141.28"},"duration":1141.28,"raw_video_id":16720306,"has_embed":true}],"remixed_from_coubs":[],"external_video":{"id":39548847,"title":"Все про трусы | Виктор Комаров | Stand Up Импровизация #54","url":"https://www.youtube.com/watch?v=-SYybSufTNw","image":"https://coub-anubis-a.akamaized.net/coub_storage/media_block/cw_image/81c1bcab576/9a8142b4aae5014a698c4/video_1629992287_1htjcda_1629992116_1629992110_dokmh9_att-url-download.webp","image_retina":"https://coub-anubis-a.akamaized.net/coub_storage/media_block/cw_image/81c1bcab576/9a8142b4aae5014a698c4/video_retina_1629992287_1htjcda_1629992116_1629992110_dokmh9_att-url-download.webp","meta":{"service":"Youtube","duration":"1141.28"},"duration":1141.28,"raw_video_id":16720306,"has_embed":true}},"raw_video_thumbnail_url":"https://coub-anubis-a.akamaized.net/coub_storage/raw_video/cw_image/f3079eb5315/4447b64966c48abf52000/coub_media_1629992116_1629992110_dokmh9_att-url-download.webp","raw_video_title":"Все про трусы | Виктор Комаров | Stand Up Импровизация #54","video_block_banned":false,"duration":10.0,"promo_winner":false,"promo_winner_recoubers":null,"editorial_info":{},"promo_hint":null,"beeline_best_2014":null,"from_web_editor":true,"normalize_sound":true,"normalize_change_allowed":true,"best2015_addable":false,"ahmad_promo":null,"promo_data":null,"audio_copyright_claim":null,"ads_disabled":null,"is_safe_for_ads":true,"megafon_contents":[],"position_on_page":6},{"flag":null,"abuses":null,"recoubs_by_users_channels":null,"favourite":false,"promoted_id":null,"recoub":null,"like":null,"dislike":null,"reaction":null,"in_my_best2015":false,"id":173641570,"type":"Coub::Simple","permalink":"2v19l1","title":"отличный розыгрыш","visibility_type":"public","original_visibility_type":"public","channel_id":5663257,"created_at":"2021-08-11T01:42:35Z","updated_at":"2021-11-30T14:18:41Z","is_done":true,"views_count":12759,"cotd":null,"cotd_at":null,"visible_on_explore_root":false,"visible_on_explore":false,"featured":false,"published":true,"published_at":"2021-08-11T01:42:35Z","reversed":false,"from_editor_v2":true,"is_editable":true,"original_sound":true,"has_sound":true,"recoub_to":null,"file_versions":{"html5":{"video":{"higher":{"url":"https://coub-anubis-a.akamaized.net/coub_storage/coub/simple/cw_file/309c7f6d4bc/593ad094e7495d4481b45/muted_mp4_huge_size_1628646184_muted_huge.mp4","size":1413428},"high":{"url":"https://coub-anubis-a.akamaized.net/coub_storage/coub/simple/cw_file/309c7f6d4bc/593ad094e7495d4481b45/muted_mp4_big_size_1628646184_muted_big.mp4","size":927146},"med":{"url":"https://coub-anubis-a.akamaized.net/coub_storage/coub/simple/cw_file/309c7f6d4bc/593ad094e7495d4481b45/muted_mp4_med_size_1628646184_muted_med.mp4","size":258016}},"audio":{"high":{"url":"https://coub-anubis-a.akamaized.net/coub_storage/coub/simple/cw_looped_audio_high/4a393672ded/3354c8fa24975860bfcee/1628646186_mp3-high.mp3","size":1169776},"med":{"url":"https://coub-anubis-a.akamaized.net/coub_storage/coub/simple/cw_looped_audio_med/55bb4fee2f1/6507b4e3966faabf50c15/1628646186_mp3-med.mp3","size":948258},"sample_duration":9.892}},"mobile":{"video":"https://coub-anubis-a.akamaized.net/coub_storage/coub/simple/cw_file/309c7f6d4bc/593ad094e7495d4481b45/muted_mp4_med_size_1628646184_muted_med.mp4","audio":["https://coub-anubis-a.akamaized.net/coub_storage/coub/simple/cw_looped_audio_med/55bb4fee2f1/6507b4e3966faabf50c15/1628646186_mp3-med.mp3"]},"share":{"default":"https://coub-anubis-a.akamaized.net/coub_storage/coub/simple/cw_video_for_sharing/6bc51230065/3fc693010456f1d08a019/1628646220_looped_1628646219.mp4"}},"audio_versions":{},"image_versions":{"template":"https://coub-anubis-a.akamaized.net/coub_storage/coub/simple/cw_image/58891ac9e0e/96c80a53f32daa4686763/%{version}_1628646193_00031.jpg","versions":["micro","tiny","age_restricted","ios_large","ios_mosaic","big","med","small","pinterest"]},"first_frame_versions":{"template":"https://coub-anubis-a.akamaized.net/coub_storage/coub/simple/cw_timeline_pic/4303a2c6e6e/ed4a7edbb3ee35ff315de/%{version}_1628646192_image.jpg","versions":["big","med","small","ios_large"]},"dimensions":{"big":[1280,720],"med":[640,360]},"site_w_h":[640,360],"page_w_h":[640,360],"site_w_h_small":[310,174],"size":[1280,720],"age_restricted":false,"age_restricted_by_admin":false,"not_safe_for_work":null,"allow_reuse":false,"dont_crop":true,"banned":false,"global_safe":null,"audio_file_url":null,"external_download":false,"application":null,"channel":{"id":5663257,"permalink":"dundee22","title":"DunDee22","description":"funny cool and weird Coub \r\nsubscribe and Welcome to dundee 22","followers_count":315,"following_count":26,"avatar_versions":{"template":"https://coub-anubis-a.akamaized.net/coub_storage/channel/cw_avatar/19be4c19807/289696a9573c26ab13f98/%{version}_1620547396_c31b4e1b9b1a3856.jpg","versions":["medium","medium_2x","profile_pic","profile_pic_new","profile_pic_new_2x","tiny","tiny_2x","small","small_2x","ios_large","ios_small"]}},"file":null,"picture":"https://coub-anubis-a.akamaized.net/coub_storage/coub/simple/cw_image/58891ac9e0e/96c80a53f32daa4686763/med_1628646193_00031.jpg","timeline_picture":"https://coub-anubis-a.akamaized.net/coub_storage/coub/simple/cw_timeline_pic/4303a2c6e6e/ed4a7edbb3ee35ff315de/ios_large_1628646192_image.jpg","small_picture":"https://coub-anubis-a.akamaized.net/coub_storage/coub/simple/cw_image/58891ac9e0e/96c80a53f32daa4686763/ios_mosaic_1628646193_00031.jpg","sharing_picture":null,"percent_done":100,"tags":[{"id":19632,"title":"розыгрыш","value":"%D1%80%D0%BE%D0%B7%D1%8B%D0%B3%D1%80%D1%8B%D1%88"},{"id":2929009,"title":"пранк по телефону","value":"%D0%BF%D1%80%D0%B0%D0%BD%D0%BA%20%D0%BF%D0%BE%20%D1%82%D0%B5%D0%BB%D0%B5%D1%84%D0%BE%D0%BD%D1%83"}],"categories":[{"id":115,"title":"Stand-up & Jokes","permalink":"standup-jokes","subscriptions_count":2029964,"big_image_url":"https://coub-anubis-a.akamaized.net/coub_storage/category/cw_image/e705818f6da/2d68d0903305d728e1d5b/big_1622039112_Stand-up.png","small_image_url":"https://coub-anubis-a.akamaized.net/coub_storage/category/cw_image/e705818f6da/2d68d0903305d728e1d5b/small_1622039112_Stand-up.png","med_image_url":"https://coub-anubis-a.akamaized.net/coub_storage/category/cw_image/e705818f6da/2d68d0903305d728e1d5b/med_1622039112_Stand-up.png","visible":true}],"communities":[{"id":115,"title":"Stand-up & Jokes","permalink":"standup-jokes","subscriptions_count":2029964,"big_image_url":"https://coub-anubis-a.akamaized.net/coub_storage/category/cw_image/e705818f6da/2d68d0903305d728e1d5b/big_1622039112_Stand-up.png","small_image_url":"https://coub-anubis-a.akamaized.net/coub_storage/category/cw_image/e705818f6da/2d68d0903305d728e1d5b/small_1622039112_Stand-up.png","med_image_url":"https://coub-anubis-a.akamaized.net/coub_storage/category/cw_image/e705818f6da/2d68d0903305d728e1d5b/med_1622039112_Stand-up.png","i_subscribed":true,"community_notifications_enabled":null,"description":null}],"recoubs_count":19,"remixes_count":0,"likes_count":81,"dislikes_count":0,"raw_video_id":16680385,"uploaded_by_ios_app":false,"uploaded_by_android_app":false,"media_blocks":{"uploaded_raw_videos":[],"external_raw_videos":[],"remixed_from_coubs":[]},"raw_video_thumbnail_url":"https://coub-anubis-a.akamaized.net/coub_storage/raw_video/cw_image/d81f7d47c03/57ac3193c1e13b18e661d/coub_media_1628645629_image.jpg","raw_video_title":"11111mm1mm11111111.mp4","video_block_banned":false,"duration":9.88,"promo_winner":false,"promo_winner_recoubers":null,"editorial_info":{},"promo_hint":null,"beeline_best_2014":null,"from_web_editor":true,"normalize_sound":true,"normalize_change_allowed":true,"best2015_addable":false,"ahmad_promo":null,"promo_data":null,"audio_copyright_claim":null,"ads_disabled":null,"is_safe_for_ads":true,"megafon_contents":[],"position_on_page":7},{"flag":null,"abuses":null,"recoubs_by_users_channels":null,"favourite":false,"promoted_id":null,"recoub":null,"like":null,"dislike":null,"reaction":null,"in_my_best2015":false,"id":173629985,"type":"Coub::Simple","permalink":"2v10n8","title":"Когда поссорился с родителями и идешь кушать","visibility_type":"public","original_visibility_type":"public","channel_id":3725101,"created_at":"2021-08-10T19:46:50Z","updated_at":"2022-01-09T11:33:16Z","is_done":true,"views_count":15063,"cotd":null,"cotd_at":null,"visible_on_explore_root":false,"visible_on_explore":false,"featured":false,"published":true,"published_at":"2021-08-10T19:46:50Z","reversed":false,"from_editor_v2":true,"is_editable":true,"original_sound":true,"has_sound":true,"recoub_to":null,"file_versions":{"html5":{"video":{"higher":{"url":"https://coub-anubis-a.akamaized.net/coub_storage/coub/simple/cw_file/a205ad6b58c/9a4007fe0c32988e29508/muted_mp4_huge_size_1628624814_muted_huge.mp4","size":1078090},"high":{"url":"https://coub-anubis-a.akamaized.net/coub_storage/coub/simple/cw_file/a205ad6b58c/9a4007fe0c32988e29508/muted_mp4_big_size_1628624814_muted_big.mp4","size":674328},"med":{"url":"https://coub-anubis-a.akamaized.net/coub_storage/coub/simple/cw_file/a205ad6b58c/9a4007fe0c32988e29508/muted_mp4_med_size_1628624814_muted_med.mp4","size":250086}},"audio":{"high":{"url":"https://coub-anubis-a.akamaized.net/coub_storage/coub/simple/cw_looped_audio_high/b62e4b12b75/fd41ec17cba0aae2a1fad/1628624816_mp3-high.mp3","size":1041068},"med":{"url":"https://coub-anubis-a.akamaized.net/coub_storage/coub/simple/cw_looped_audio_med/5d112562b6b/90b8df694e82970e6ba68/1628624815_mp3-med.mp3","size":879197},"sample_duration":9.218}},"mobile":{"video":"https://coub-anubis-a.akamaized.net/coub_storage/coub/simple/cw_file/a205ad6b58c/9a4007fe0c32988e29508/muted_mp4_med_size_1628624814_muted_med.mp4","audio":["https://coub-anubis-a.akamaized.net/coub_storage/coub/simple/cw_looped_audio_med/5d112562b6b/90b8df694e82970e6ba68/1628624815_mp3-med.mp3"]},"share":{"default":"https://coub-anubis-a.akamaized.net/coub_storage/coub/simple/cw_video_for_sharing/34a90497fe3/a91fa40ec25ade38078a0/1628624836_looped_1628624836.mp4"}},"audio_versions":{},"image_versions":{"template":"https://coub-anubis-a.akamaized.net/coub_storage/coub/simple/cw_image/d4ef4b9677b/ed4b9e565b8df8f1e6e53/%{version}_1628624819_00029.jpg","versions":["micro","tiny","age_restricted","ios_large","ios_mosaic","big","med","small","pinterest"]},"first_frame_versions":{"template":"https://coub-anubis-a.akamaized.net/coub_storage/coub/simple/cw_timeline_pic/e8d1562f903/8f420dc604479041f7c13/%{version}_1628624819_image.jpg","versions":["big","med","small","ios_large"]},"dimensions":{"big":[960,960],"med":[480,480]},"site_w_h":[400,400],"page_w_h":[400,400],"site_w_h_small":[310,310],"size":[960,960],"age_restricted":false,"age_restricted_by_admin":false,"not_safe_for_work":null,"allow_reuse":false,"dont_crop":true,"banned":false,"global_safe":null,"audio_file_url":null,"external_download":false,"application":null,"channel":{"id":3725101,"permalink":"plagiarism314","title":"Plagiarism","description":null,"followers_count":45,"following_count":20,"avatar_versions":{"template":"https://coub-anubis-a.akamaized.net/coub_storage/channel/cw_avatar/934673f15ad/b907c413c6fb2db6b52d0/%{version}_1632044818_unnamed__1_.png","versions":["medium","medium_2x","profile_pic","profile_pic_new","profile_pic_new_2x","tiny","tiny_2x","small","small_2x","ios_large","ios_small"]}},"file":null,"picture":"https://coub-anubis-a.akamaized.net/coub_storage/coub/simple/cw_image/d4ef4b9677b/ed4b9e565b8df8f1e6e53/med_1628624819_00029.jpg","timeline_picture":"https://coub-anubis-a.akamaized.net/coub_storage/coub/simple/cw_timeline_pic/e8d1562f903/8f420dc604479041f7c13/ios_large_1628624819_image.jpg","small_picture":"https://coub-anubis-a.akamaized.net/coub_storage/coub/simple/cw_image/d4ef4b9677b/ed4b9e565b8df8f1e6e53/ios_mosaic_1628624819_00029.jpg","sharing_picture":null,"percent_done":100,"tags":[{"id":3797,"title":"лукашенко","value":"%D0%BB%D1%83%D0%BA%D0%B0%D1%88%D0%B5%D0%BD%D0%BA%D0%BE"},{"id":295649,"title":"лукашенко приколы","value":"%D0%BB%D1%83%D0%BA%D0%B0%D1%88%D0%B5%D0%BD%D0%BA%D0%BE%20%D0%BF%D1%80%D0%B8%D0%BA%D0%BE%D0%BB%D1%8B"},{"id":1228801,"title":"поссорился","value":"%D0%BF%D0%BE%D1%81%D1%81%D0%BE%D1%80%D0%B8%D0%BB%D1%81%D1%8F"}],"categories":[{"id":115,"title":"Stand-up & Jokes","permalink":"standup-jokes","subscriptions_count":2029964,"big_image_url":"https://coub-anubis-a.akamaized.net/coub_storage/category/cw_image/e705818f6da/2d68d0903305d728e1d5b/big_1622039112_Stand-up.png","small_image_url":"https://coub-anubis-a.akamaized.net/coub_storage/category/cw_image/e705818f6da/2d68d0903305d728e1d5b/small_1622039112_Stand-up.png","med_image_url":"https://coub-anubis-a.akamaized.net/coub_storage/category/cw_image/e705818f6da/2d68d0903305d728e1d5b/med_1622039112_Stand-up.png","visible":true}],"communities":[{"id":115,"title":"Stand-up & Jokes","permalink":"standup-jokes","subscriptions_count":2029964,"big_image_url":"https://coub-anubis-a.akamaized.net/coub_storage/category/cw_image/e705818f6da/2d68d0903305d728e1d5b/big_1622039112_Stand-up.png","small_image_url":"https://coub-anubis-a.akamaized.net/coub_storage/category/cw_image/e705818f6da/2d68d0903305d728e1d5b/small_1622039112_Stand-up.png","med_image_url":"https://coub-anubis-a.akamaized.net/coub_storage/category/cw_image/e705818f6da/2d68d0903305d728e1d5b/med_1622039112_Stand-up.png","i_subscribed":true,"community_notifications_enabled":null,"description":null}],"recoubs_count":16,"remixes_count":0,"likes_count":81,"dislikes_count":0,"raw_video_id":16679813,"uploaded_by_ios_app":false,"uploaded_by_android_app":false,"media_blocks":{"uploaded_raw_videos":[],"external_raw_videos":[],"remixed_from_coubs":[]},"raw_video_thumbnail_url":"https://coub-anubis-a.akamaized.net/coub_storage/raw_video/cw_image/5d60e94a5e6/1696a6e0cf5ae3d7ebcb1/coub_media_1628624672_image.jpg","raw_video_title":"websmex_128680412_394533758296811_1419472854186646094_n.mp4","video_block_banned":false,"duration":9.24,"promo_winner":false,"promo_winner_recoubers":null,"editorial_info":{},"promo_hint":null,"beeline_best_2014":null,"from_web_editor":true,"normalize_sound":true,"normalize_change_allowed":true,"best2015_addable":false,"ahmad_promo":null,"promo_data":null,"audio_copyright_claim":null,"ads_disabled":null,"is_safe_for_ads":true,"megafon_contents":[],"position_on_page":8},{"flag":null,"abuses":null,"recoubs_by_users_channels":null,"favourite":false,"promoted_id":null,"recoub":null,"like":null,"dislike":null,"reaction":null,"in_my_best2015":false,"id":172467567,"type":"Coub::Simple","permalink":"2uc3po","title":"Яйцо с сюрпризом","visibility_type":"public","original_visibility_type":"public","channel_id":11193486,"created_at":"2021-07-20T09:44:27Z","updated_at":"2022-03-15T19:32:51Z","is_done":true,"views_count":18625,"cotd":null,"cotd_at":null,"visible_on_explore_root":false,"visible_on_explore":false,"featured":false,"published":true,"published_at":"2021-07-20T09:44:27Z","reversed":false,"from_editor_v2":true,"is_editable":true,"original_sound":true,"has_sound":true,"recoub_to":null,"file_versions":{"html5":{"video":{"higher":{"url":"https://coub-anubis-a.akamaized.net/coub_storage/coub/simple/cw_file/6b9edb9fe94/dad810063a83fbc53dbb9/muted_mp4_huge_size_1626774475_muted_huge.mp4","size":1851636},"high":{"url":"https://coub-anubis-a.akamaized.net/coub_storage/coub/simple/cw_file/6b9edb9fe94/dad810063a83fbc53dbb9/muted_mp4_big_size_1626774475_muted_big.mp4","size":1238803},"med":{"url":"https://coub-anubis-a.akamaized.net/coub_storage/coub/simple/cw_file/6b9edb9fe94/dad810063a83fbc53dbb9/muted_mp4_med_size_1626774475_muted_med.mp4","size":303675}},"audio":{"high":{"url":"https://coub-anubis-a.akamaized.net/coub_storage/coub/simple/cw_looped_audio_high/d3f2f5a601b/d90762b5d89499e5fd06a/1626774478_mp3-high.mp3","size":1081271},"med":{"url":"https://coub-anubis-a.akamaized.net/coub_storage/coub/simple/cw_looped_audio_med/1e6b511d9a9/909d1f30a680122e1f18c/1626774477_mp3-med.mp3","size":805644},"sample_duration":10.101}},"mobile":{"video":"https://coub-anubis-a.akamaized.net/coub_storage/coub/simple/cw_file/6b9edb9fe94/dad810063a83fbc53dbb9/muted_mp4_med_size_1626774475_muted_med.mp4","audio":["https://coub-anubis-a.akamaized.net/coub_storage/coub/simple/cw_looped_audio_med/1e6b511d9a9/909d1f30a680122e1f18c/1626774477_mp3-med.mp3"]},"share":{"default":"https://coub-anubis-a.akamaized.net/coub_storage/coub/simple/cw_video_for_sharing/52d463eed8e/dac183233d0c26190b488/1626774530_looped_1626774527.mp4"}},"audio_versions":{},"image_versions":{"template":"https://coub-anubis-a.akamaized.net/coub_storage/coub/simple/cw_image/d7827d48c95/aaf86927be0105dd6570c/%{version}_1626774487_00032.jpg","versions":["micro","tiny","age_restricted","ios_large","ios_mosaic","big","med","small","pinterest"]},"first_frame_versions":{"template":"https://coub-anubis-a.akamaized.net/coub_storage/coub/simple/cw_timeline_pic/d988bf71b97/35ccaaf42bcf756855f1a/%{version}_1626774486_image.jpg","versions":["big","med","small","ios_large"]},"dimensions":{"big":[1280,720],"med":[640,360]},"site_w_h":[640,360],"page_w_h":[640,360],"site_w_h_small":[310,174],"size":[1280,720],"age_restricted":false,"age_restricted_by_admin":false,"not_safe_for_work":null,"allow_reuse":false,"dont_crop":true,"banned":false,"global_safe":null,"audio_file_url":null,"external_download":{"type":"Youtube","service_name":"YouTube","url":"https://youtu.be/NNPn2k4xW-M","has_embed":true},"application":null,"channel":{"id":11193486,"permalink":"bigrashka","title":"Bolshaya Rashka","description":null,"followers_count":99,"following_count":11,"avatar_versions":{"template":"https://coub-anubis-a.akamaized.net/coub_storage/channel/cw_avatar/8ec8286d9b2/aa360b091fbc80e1363e7/%{version}_1616412014_864f4d9d687f914c348dbf18fa816eef854e3791_00.jpg","versions":["medium","medium_2x","profile_pic","profile_pic_new","profile_pic_new_2x","tiny","tiny_2x","small","small_2x","ios_large","ios_small"]}},"file":null,"picture":"https://coub-anubis-a.akamaized.net/coub_storage/coub/simple/cw_image/d7827d48c95/aaf86927be0105dd6570c/med_1626774487_00032.jpg","timeline_picture":"https://coub-anubis-a.akamaized.net/coub_storage/coub/simple/cw_timeline_pic/d988bf71b97/35ccaaf42bcf756855f1a/ios_large_1626774486_image.jpg","small_picture":"https://coub-anubis-a.akamaized.net/coub_storage/coub/simple/cw_image/d7827d48c95/aaf86927be0105dd6570c/ios_mosaic_1626774487_00032.jpg","sharing_picture":null,"percent_done":100,"tags":[{"id":4480,"title":"приколы","value":"%D0%BF%D1%80%D0%B8%D0%BA%D0%BE%D0%BB%D1%8B"},{"id":16690,"title":"русские приколы","value":"%D1%80%D1%83%D1%81%D1%81%D0%BA%D0%B8%D0%B5%20%D0%BF%D1%80%D0%B8%D0%BA%D0%BE%D0%BB%D1%8B"},{"id":564818,"title":"приколы в россии","value":"%D0%BF%D1%80%D0%B8%D0%BA%D0%BE%D0%BB%D1%8B%20%D0%B2%20%D1%80%D0%BE%D1%81%D1%81%D0%B8%D0%B8"},{"id":2398,"title":"смешные видео","value":"%D1%81%D0%BC%D0%B5%D1%88%D0%BD%D1%8B%D0%B5%20%D0%B2%D0%B8%D0%B4%D0%B5%D0%BE"},{"id":11011,"title":"смешное видео","value":"%D1%81%D0%BC%D0%B5%D1%88%D0%BD%D0%BE%D0%B5%20%D0%B2%D0%B8%D0%B4%D0%B5%D0%BE"},{"id":2238659,"title":"прикольный видео","value":"%D0%BF%D1%80%D0%B8%D0%BA%D0%BE%D0%BB%D1%8C%D0%BD%D1%8B%D0%B9%20%D0%B2%D0%B8%D0%B4%D0%B5%D0%BE"},{"id":27553,"title":"русский мужик","value":"%D1%80%D1%83%D1%81%D1%81%D0%BA%D0%B8%D0%B9%20%D0%BC%D1%83%D0%B6%D0%B8%D0%BA"},{"id":178214,"title":"пьяный мужик","value":"%D0%BF%D1%8C%D1%8F%D0%BD%D1%8B%D0%B9%20%D0%BC%D1%83%D0%B6%D0%B8%D0%BA"},{"id":5818,"title":"драки","value":"%D0%B4%D1%80%D0%B0%D0%BA%D0%B8"},{"id":20670,"title":"пьяные приколы","value":"%D0%BF%D1%8C%D1%8F%D0%BD%D1%8B%D0%B5%20%D0%BF%D1%80%D0%B8%D0%BA%D0%BE%D0%BB%D1%8B"},{"id":1437,"title":"юмор","value":"%D1%8E%D0%BC%D0%BE%D1%80"},{"id":15104,"title":"видео приколы","value":"%D0%B2%D0%B8%D0%B4%D0%B5%D0%BE%20%D0%BF%D1%80%D0%B8%D0%BA%D0%BE%D0%BB%D1%8B"},{"id":12013,"title":"ржачные приколы","value":"%D1%80%D0%B6%D0%B0%D1%87%D0%BD%D1%8B%D0%B5%20%D0%BF%D1%80%D0%B8%D0%BA%D0%BE%D0%BB%D1%8B"},{"id":19074,"title":"короткие видео","value":"%D0%BA%D0%BE%D1%80%D0%BE%D1%82%D0%BA%D0%B8%D0%B5%20%D0%B2%D0%B8%D0%B4%D0%B5%D0%BE"},{"id":115666,"title":"приколы смешные","value":"%D0%BF%D1%80%D0%B8%D0%BA%D0%BE%D0%BB%D1%8B%20%D1%81%D0%BC%D0%B5%D1%88%D0%BD%D1%8B%D0%B5"},{"id":326647,"title":"видео про приколы","value":"%D0%B2%D0%B8%D0%B4%D0%B5%D0%BE%20%D0%BF%D1%80%D0%BE%20%D0%BF%D1%80%D0%B8%D0%BA%D0%BE%D0%BB%D1%8B"},{"id":79278,"title":"приколы видео смотреть","value":"%D0%BF%D1%80%D0%B8%D0%BA%D0%BE%D0%BB%D1%8B%20%D0%B2%D0%B8%D0%B4%D0%B5%D0%BE%20%D1%81%D0%BC%D0%BE%D1%82%D1%80%D0%B5%D1%82%D1%8C"},{"id":12008,"title":"лучшие приколы","value":"%D0%BB%D1%83%D1%87%D1%88%D0%B8%D0%B5%20%D0%BF%D1%80%D0%B8%D0%BA%D0%BE%D0%BB%D1%8B"},{"id":4570754,"title":"приколы тик ток","value":"%D0%BF%D1%80%D0%B8%D0%BA%D0%BE%D0%BB%D1%8B%20%D1%82%D0%B8%D0%BA%20%D1%82%D0%BE%D0%BA"},{"id":14560,"title":"смех до слез","value":"%D1%81%D0%BC%D0%B5%D1%85%20%D0%B4%D0%BE%20%D1%81%D0%BB%D0%B5%D0%B7"},{"id":6273423,"title":"ток ток видео приколы","value":"%D1%82%D0%BE%D0%BA%20%D1%82%D0%BE%D0%BA%20%D0%B2%D0%B8%D0%B4%D0%B5%D0%BE%20%D0%BF%D1%80%D0%B8%D0%BA%D0%BE%D0%BB%D1%8B"},{"id":12002,"title":"новые приколы","value":"%D0%BD%D0%BE%D0%B2%D1%8B%D0%B5%20%D0%BF%D1%80%D0%B8%D0%BA%D0%BE%D0%BB%D1%8B"},{"id":93353,"title":"лучшие приколы за неделю","value":"%D0%BB%D1%83%D1%87%D1%88%D0%B8%D0%B5%20%D0%BF%D1%80%D0%B8%D0%BA%D0%BE%D0%BB%D1%8B%20%D0%B7%D0%B0%20%D0%BD%D0%B5%D0%B4%D0%B5%D0%BB%D1%8E"},{"id":2180173,"title":"жизнь в россии","value":"%D0%B6%D0%B8%D0%B7%D0%BD%D1%8C%20%D0%B2%20%D1%80%D0%BE%D1%81%D1%81%D0%B8%D0%B8"},{"id":2841237,"title":"ржу до слёз","value":"%D1%80%D0%B6%D1%83%20%D0%B4%D0%BE%20%D1%81%D0%BB%D1%91%D0%B7"},{"id":3578659,"title":"лютые приколы","value":"%D0%BB%D1%8E%D1%82%D1%8B%D0%B5%20%D0%BF%D1%80%D0%B8%D0%BA%D0%BE%D0%BB%D1%8B"},{"id":6273424,"title":"приколы лучшие подборки","value":"%D0%BF%D1%80%D0%B8%D0%BA%D0%BE%D0%BB%D1%8B%20%D0%BB%D1%83%D1%87%D1%88%D0%B8%D0%B5%20%D0%BF%D0%BE%D0%B4%D0%B1%D0%BE%D1%80%D0%BA%D0%B8"},{"id":5635004,"title":"приколы 2021","value":"%D0%BF%D1%80%D0%B8%D0%BA%D0%BE%D0%BB%D1%8B%202021"},{"id":331826,"title":"приколы июль","value":"%D0%BF%D1%80%D0%B8%D0%BA%D0%BE%D0%BB%D1%8B%20%D0%B8%D1%8E%D0%BB%D1%8C"}],"categories":[{"id":115,"title":"Stand-up & Jokes","permalink":"standup-jokes","subscriptions_count":2029964,"big_image_url":"https://coub-anubis-a.akamaized.net/coub_storage/category/cw_image/e705818f6da/2d68d0903305d728e1d5b/big_1622039112_Stand-up.png","small_image_url":"https://coub-anubis-a.akamaized.net/coub_storage/category/cw_image/e705818f6da/2d68d0903305d728e1d5b/small_1622039112_Stand-up.png","med_image_url":"https://coub-anubis-a.akamaized.net/coub_storage/category/cw_image/e705818f6da/2d68d0903305d728e1d5b/med_1622039112_Stand-up.png","visible":true}],"communities":[{"id":115,"title":"Stand-up & Jokes","permalink":"standup-jokes","subscriptions_count":2029964,"big_image_url":"https://coub-anubis-a.akamaized.net/coub_storage/category/cw_image/e705818f6da/2d68d0903305d728e1d5b/big_1622039112_Stand-up.png","small_image_url":"https://coub-anubis-a.akamaized.net/coub_storage/category/cw_image/e705818f6da/2d68d0903305d728e1d5b/small_1622039112_Stand-up.png","med_image_url":"https://coub-anubis-a.akamaized.net/coub_storage/category/cw_image/e705818f6da/2d68d0903305d728e1d5b/med_1622039112_Stand-up.png","i_subscribed":true,"community_notifications_enabled":null,"description":null}],"recoubs_count":14,"remixes_count":0,"likes_count":81,"dislikes_count":0,"raw_video_id":16622855,"uploaded_by_ios_app":false,"uploaded_by_android_app":false,"media_blocks":{"uploaded_raw_videos":[],"external_raw_videos":[{"id":39313800,"title":"#34 😀 Приколы за Июль 2021 ⚡️ Смешные видео: 15.07.2021 | Funny Russia Today","url":"https://www.youtube.com/watch?v=NNPn2k4xW-M","image":"https://coub-anubis-a.akamaized.net/coub_storage/media_block/cw_image/84b4c1fafe4/c75e15ecd412677ce6617/video_1626771519_177sl8_1626771388_1626771379_r096zo_att-url-download.webp","image_retina":"https://coub-anubis-a.akamaized.net/coub_storage/media_block/cw_image/84b4c1fafe4/c75e15ecd412677ce6617/video_retina_1626771519_177sl8_1626771388_1626771379_r096zo_att-url-download.webp","meta":{"service":"Youtube","duration":"620.56"},"duration":620.56,"raw_video_id":16622855,"has_embed":true}],"remixed_from_coubs":[],"external_video":{"id":39313800,"title":"#34 😀 Приколы за Июль 2021 ⚡️ Смешные видео: 15.07.2021 | Funny Russia Today","url":"https://www.youtube.com/watch?v=NNPn2k4xW-M","image":"https://coub-anubis-a.akamaized.net/coub_storage/media_block/cw_image/84b4c1fafe4/c75e15ecd412677ce6617/video_1626771519_177sl8_1626771388_1626771379_r096zo_att-url-download.webp","image_retina":"https://coub-anubis-a.akamaized.net/coub_storage/media_block/cw_image/84b4c1fafe4/c75e15ecd412677ce6617/video_retina_1626771519_177sl8_1626771388_1626771379_r096zo_att-url-download.webp","meta":{"service":"Youtube","duration":"620.56"},"duration":620.56,"raw_video_id":16622855,"has_embed":true}},"raw_video_thumbnail_url":"https://coub-anubis-a.akamaized.net/coub_storage/raw_video/cw_image/d419b9ed878/2e88e112fa6146ca94255/coub_media_1626771388_1626771379_r096zo_att-url-download.webp","raw_video_title":"#34 😀 Приколы за Июль 2021 ⚡️ Смешные видео: 15.07.2021 | Funny Russia Today","video_block_banned":false,"duration":10.0,"promo_winner":false,"promo_winner_recoubers":null,"editorial_info":{},"promo_hint":null,"beeline_best_2014":null,"from_web_editor":true,"normalize_sound":true,"normalize_change_allowed":true,"best2015_addable":false,"ahmad_promo":null,"promo_data":null,"audio_copyright_claim":null,"ads_disabled":null,"is_safe_for_ads":true,"megafon_contents":[],"position_on_page":9},{"flag":null,"abuses":null,"recoubs_by_users_channels":null,"favourite":false,"promoted_id":null,"recoub":null,"like":null,"dislike":null,"reaction":null,"in_my_best2015":false,"id":171869646,"type":"Coub::Simple","permalink":"2tzacp","title":"ляяя ты крыыыса","visibility_type":"public","original_visibility_type":"public","channel_id":5174937,"created_at":"2021-07-09T08:19:17Z","updated_at":"2021-07-25T18:40:26Z","is_done":true,"views_count":17281,"cotd":null,"cotd_at":null,"visible_on_explore_root":false,"visible_on_explore":false,"featured":false,"published":true,"published_at":"2021-07-09T08:19:17Z","reversed":false,"from_editor_v2":true,"is_editable":true,"original_sound":true,"has_sound":true,"recoub_to":null,"file_versions":{"html5":{"video":{"higher":{"url":"https://coub-anubis-a.akamaized.net/coub_storage/coub/simple/cw_file/8a4993ef40e/ec92e82d80d54732d02dd/muted_mp4_huge_size_1625818763_muted_huge.mp4","size":1620582},"high":{"url":"https://coub-anubis-a.akamaized.net/coub_storage/coub/simple/cw_file/8a4993ef40e/ec92e82d80d54732d02dd/muted_mp4_big_size_1625818763_muted_big.mp4","size":1006922},"med":{"url":"https://coub-anubis-a.akamaized.net/coub_storage/coub/simple/cw_file/8a4993ef40e/ec92e82d80d54732d02dd/muted_mp4_med_size_1625818763_muted_med.mp4","size":341812}},"audio":{"high":{"url":"https://coub-anubis-a.akamaized.net/coub_storage/coub/simple/cw_looped_audio_high/167ab1c4259/544216096aad62ef46e2e/1625818765_mp3-high.mp3","size":762423},"med":{"url":"https://coub-anubis-a.akamaized.net/coub_storage/coub/simple/cw_looped_audio_med/6ff3ce135c4/24ec47cb8c5116d862b2d/1625818764_mp3-med.mp3","size":761996},"sample_duration":10.008}},"mobile":{"video":"https://coub-anubis-a.akamaized.net/coub_storage/coub/simple/cw_file/8a4993ef40e/ec92e82d80d54732d02dd/muted_mp4_med_size_1625818763_muted_med.mp4","audio":["https://coub-anubis-a.akamaized.net/coub_storage/coub/simple/cw_looped_audio_med/6ff3ce135c4/24ec47cb8c5116d862b2d/1625818764_mp3-med.mp3"]},"share":{"default":"https://coub-anubis-a.akamaized.net/coub_storage/coub/simple/cw_video_for_sharing/25cfbfebb7c/1c13fc5889f9980dde1e2/1625818802_looped_1625818801.mp4"}},"audio_versions":{},"image_versions":{"template":"https://coub-anubis-a.akamaized.net/coub_storage/coub/simple/cw_image/3573589565e/c107f103c1fe40a9eb7bc/%{version}_1625818770_00032.jpg","versions":["micro","tiny","age_restricted","ios_large","ios_mosaic","big","med","small","pinterest"]},"first_frame_versions":{"template":"https://coub-anubis-a.akamaized.net/coub_storage/coub/simple/cw_timeline_pic/98b15a18513/de9500218ffe5cf373a34/%{version}_1625818770_image.jpg","versions":["big","med","small","ios_large"]},"dimensions":{"big":[538,960],"med":[268,480]},"site_w_h":[224,400],"page_w_h":[400,714],"site_w_h_small":[310,553],"size":[538,960],"age_restricted":false,"age_restricted_by_admin":false,"not_safe_for_work":null,"allow_reuse":false,"dont_crop":true,"banned":false,"global_safe":null,"audio_file_url":null,"external_download":false,"application":null,"channel":{"id":5174937,"permalink":"musicmonster","title":"cuba_libre","description":null,"followers_count":76,"following_count":10,"avatar_versions":{"template":"https://coub-anubis-a.akamaized.net/coub_storage/channel/cw_avatar/25acfb8c86e/dcea5e3f667f1b6b8fef6/%{version}_1611332579_zMpntAxlVMo.jpg","versions":["medium","medium_2x","profile_pic","profile_pic_new","profile_pic_new_2x","tiny","tiny_2x","small","small_2x","ios_large","ios_small"]}},"file":null,"picture":"https://coub-anubis-a.akamaized.net/coub_storage/coub/simple/cw_image/3573589565e/c107f103c1fe40a9eb7bc/med_1625818770_00032.jpg","timeline_picture":"https://coub-anubis-a.akamaized.net/coub_storage/coub/simple/cw_timeline_pic/98b15a18513/de9500218ffe5cf373a34/ios_large_1625818770_image.jpg","small_picture":"https://coub-anubis-a.akamaized.net/coub_storage/coub/simple/cw_image/3573589565e/c107f103c1fe40a9eb7bc/ios_mosaic_1625818770_00032.jpg","sharing_picture":null,"percent_done":100,"tags":[{"id":6394347,"title":"почему у меня нету друзей","value":"%D0%BF%D0%BE%D1%87%D0%B5%D0%BC%D1%83%20%D1%83%20%D0%BC%D0%B5%D0%BD%D1%8F%20%D0%BD%D0%B5%D1%82%D1%83%20%D0%B4%D1%80%D1%83%D0%B7%D0%B5%D0%B9"},{"id":6394348,"title":"крысиный прикол","value":"%D0%BA%D1%80%D1%8B%D1%81%D0%B8%D0%BD%D1%8B%D0%B9%20%D0%BF%D1%80%D0%B8%D0%BA%D0%BE%D0%BB"},{"id":81529,"title":"гай","value":"%D0%B3%D0%B0%D0%B9"},{"id":6799,"title":"полиция","value":"%D0%BF%D0%BE%D0%BB%D0%B8%D1%86%D0%B8%D1%8F"},{"id":2197,"title":"друзья","value":"%D0%B4%D1%80%D1%83%D0%B7%D1%8C%D1%8F"}],"categories":[{"id":115,"title":"Stand-up & Jokes","permalink":"standup-jokes","subscriptions_count":2029964,"big_image_url":"https://coub-anubis-a.akamaized.net/coub_storage/category/cw_image/e705818f6da/2d68d0903305d728e1d5b/big_1622039112_Stand-up.png","small_image_url":"https://coub-anubis-a.akamaized.net/coub_storage/category/cw_image/e705818f6da/2d68d0903305d728e1d5b/small_1622039112_Stand-up.png","med_image_url":"https://coub-anubis-a.akamaized.net/coub_storage/category/cw_image/e705818f6da/2d68d0903305d728e1d5b/med_1622039112_Stand-up.png","visible":true}],"communities":[{"id":115,"title":"Stand-up & Jokes","permalink":"standup-jokes","subscriptions_count":2029964,"big_image_url":"https://coub-anubis-a.akamaized.net/coub_storage/category/cw_image/e705818f6da/2d68d0903305d728e1d5b/big_1622039112_Stand-up.png","small_image_url":"https://coub-anubis-a.akamaized.net/coub_storage/category/cw_image/e705818f6da/2d68d0903305d728e1d5b/small_1622039112_Stand-up.png","med_image_url":"https://coub-anubis-a.akamaized.net/coub_storage/category/cw_image/e705818f6da/2d68d0903305d728e1d5b/med_1622039112_Stand-up.png","i_subscribed":true,"community_notifications_enabled":null,"description":null}],"recoubs_count":17,"remixes_count":0,"likes_count":81,"dislikes_count":0,"raw_video_id":16593728,"uploaded_by_ios_app":false,"uploaded_by_android_app":true,"media_blocks":{"uploaded_raw_videos":[],"external_raw_videos":[],"remixed_from_coubs":[]},"raw_video_thumbnail_url":"/missing/missing.png","raw_video_title":null,"video_block_banned":false,"duration":10.0,"promo_winner":false,"promo_winner_recoubers":null,"editorial_info":{},"promo_hint":null,"beeline_best_2014":null,"from_web_editor":false,"normalize_sound":true,"normalize_change_allowed":true,"best2015_addable":false,"ahmad_promo":null,"promo_data":null,"audio_copyright_claim":null,"ads_disabled":null,"is_safe_for_ads":true,"megafon_contents":[],"position_on_page":10}]}