{"page":477,"per_page":10,"total_pages":500,"coubs":[{"flag":null,"abuses":null,"recoubs_by_users_channels":null,"favourite":false,"promoted_id":null,"recoub":null,"like":null,"dislike":null,"reaction":null,"in_my_best2015":false,"id":181748892,"type":"Coub::Simple","permalink":"2zv1a0","title":"ПОДЦАНЧИК ФЛЕКСИТ ","visibility_type":"public","original_visibility_type":"public","channel_id":1955056,"created_at":"2022-01-20T20:01:14Z","updated_at":"2022-01-27T06:17:20Z","is_done":true,"views_count":6543,"cotd":null,"cotd_at":null,"visible_on_explore_root":false,"visible_on_explore":false,"featured":false,"published":true,"published_at":"2022-01-20T20:01:14Z","reversed":false,"from_editor_v2":true,"is_editable":true,"original_sound":false,"has_sound":false,"recoub_to":null,"file_versions":{"html5":{"video":{"higher":{"url":"https://coub-anubis-a.akamaized.net/coub_storage/coub/simple/cw_file/e99507a515f/1b5933877082730421604/muted_mp4_huge_size_1642708877_muted_huge.mp4","size":186993},"high":{"url":"https://coub-anubis-a.akamaized.net/coub_storage/coub/simple/cw_file/e99507a515f/1b5933877082730421604/muted_mp4_big_size_1642708877_muted_big.mp4","size":115320},"med":{"url":"https://coub-anubis-a.akamaized.net/coub_storage/coub/simple/cw_file/e99507a515f/1b5933877082730421604/muted_mp4_med_size_1642708877_muted_med.mp4","size":41124}},"audio":{"high":{"url":"https://coub-anubis-a.akamaized.net/coub_storage/coub/simple/cw_looped_audio_high/8c2efbebb21/4c6b20876a8edcd9f5649/1642708939_mp3-high.mp3","size":6046100},"med":{"url":"https://coub-anubis-a.akamaized.net/coub_storage/coub/simple/cw_looped_audio_med/f8f338cb85a/e9eb9db46b6e2eed49481/1642708934_mp3-med.mp3","size":4593307}}},"mobile":{"video":"https://coub-anubis-a.akamaized.net/coub_storage/coub/simple/cw_file/e99507a515f/1b5933877082730421604/muted_mp4_med_size_1642708877_muted_med.mp4","audio":["https://coub-anubis-a.akamaized.net/coub_storage/coub/simple/cw_looped_audio_med/f8f338cb85a/e9eb9db46b6e2eed49481/1642708934_mp3-med.mp3"]},"share":{"default":"https://coub-anubis-a.akamaized.net/coub_storage/coub/simple/cw_video_for_sharing/8ade494bb92/57aeda8190212014ad2da/1642708958_looped_1642708956.mp4"}},"audio_versions":{"template":"https://coub-anubis-a.akamaized.net/coub_storage/audio_track/cw_normalized_copy/96475987ba7/3599c05151fe2767dbe6c/mid_1642708911_normalized_1642708882_1qv2yzo_edited.mp3","versions":["mid","low"]},"image_versions":{"template":"https://coub-anubis-a.akamaized.net/coub_storage/coub/simple/cw_image/12d5cc1feac/ea1c0049d8e1785923862/%{version}_1642708941_00002.jpg","versions":["micro","tiny","age_restricted","ios_large","ios_mosaic","big","med","small","pinterest"]},"first_frame_versions":{"template":"https://coub-anubis-a.akamaized.net/coub_storage/coub/simple/cw_timeline_pic/a1747fcb8a6/c98f575ba8b33e42c69bb/%{version}_1642708941_image.jpg","versions":["big","med","small","ios_large"]},"dimensions":{"big":[1280,960],"med":[640,480]},"site_w_h":[640,480],"page_w_h":[640,480],"site_w_h_small":[310,233],"size":[1280,960],"age_restricted":false,"age_restricted_by_admin":false,"not_safe_for_work":null,"allow_reuse":false,"dont_crop":true,"banned":false,"global_safe":null,"audio_file_url":"https://coub-anubis-a.akamaized.net/coub_storage/audio_track/cw_normalized_copy/96475987ba7/3599c05151fe2767dbe6c/low_1642708911_normalized_1642708882_1qv2yzo_edited.mp3","external_download":false,"application":null,"channel":{"id":1955056,"permalink":"maksimilyan.ivanovich","title":"Maksimilyan Ivanovich","description":null,"followers_count":89,"following_count":10,"avatar_versions":{"template":"https://coub-anubis-a.akamaized.net/coub_storage/channel/cw_avatar/aff8fc82577/0bdd25e645dafa6d9f3d1/%{version}_1607822744_1dv5fev_1527860776_7qxOUKbs8ws.jpg","versions":["medium","medium_2x","profile_pic","profile_pic_new","profile_pic_new_2x","tiny","tiny_2x","small","small_2x","ios_large","ios_small"]}},"file":null,"picture":"https://coub-anubis-a.akamaized.net/coub_storage/coub/simple/cw_image/12d5cc1feac/ea1c0049d8e1785923862/med_1642708941_00002.jpg","timeline_picture":"https://coub-anubis-a.akamaized.net/coub_storage/coub/simple/cw_timeline_pic/a1747fcb8a6/c98f575ba8b33e42c69bb/ios_large_1642708941_image.jpg","small_picture":"https://coub-anubis-a.akamaized.net/coub_storage/coub/simple/cw_image/12d5cc1feac/ea1c0049d8e1785923862/ios_mosaic_1642708941_00002.jpg","sharing_picture":null,"percent_done":100,"tags":[],"categories":[{"id":115,"title":"Stand-up & Jokes","permalink":"standup-jokes","subscriptions_count":2029964,"big_image_url":"https://coub-anubis-a.akamaized.net/coub_storage/category/cw_image/e705818f6da/2d68d0903305d728e1d5b/big_1622039112_Stand-up.png","small_image_url":"https://coub-anubis-a.akamaized.net/coub_storage/category/cw_image/e705818f6da/2d68d0903305d728e1d5b/small_1622039112_Stand-up.png","med_image_url":"https://coub-anubis-a.akamaized.net/coub_storage/category/cw_image/e705818f6da/2d68d0903305d728e1d5b/med_1622039112_Stand-up.png","visible":true}],"communities":[{"id":115,"title":"Stand-up & Jokes","permalink":"standup-jokes","subscriptions_count":2029964,"big_image_url":"https://coub-anubis-a.akamaized.net/coub_storage/category/cw_image/e705818f6da/2d68d0903305d728e1d5b/big_1622039112_Stand-up.png","small_image_url":"https://coub-anubis-a.akamaized.net/coub_storage/category/cw_image/e705818f6da/2d68d0903305d728e1d5b/small_1622039112_Stand-up.png","med_image_url":"https://coub-anubis-a.akamaized.net/coub_storage/category/cw_image/e705818f6da/2d68d0903305d728e1d5b/med_1622039112_Stand-up.png","i_subscribed":true,"community_notifications_enabled":null,"description":null}],"recoubs_count":0,"remixes_count":0,"likes_count":6,"dislikes_count":0,"raw_video_id":17075908,"uploaded_by_ios_app":false,"uploaded_by_android_app":false,"media_blocks":{"uploaded_raw_videos":[],"external_raw_videos":[],"remixed_from_coubs":[]},"raw_video_thumbnail_url":"https://coub-anubis-a.akamaized.net/coub_storage/raw_video/cw_image/a400979468c/9654276a1d1b96412ed1a/coub_media_1642708534_image.jpg","raw_video_title":"_______..______..___________________..mp4","video_block_banned":false,"duration":0.4,"promo_winner":false,"promo_winner_recoubers":null,"editorial_info":{},"promo_hint":null,"beeline_best_2014":null,"from_web_editor":true,"normalize_sound":true,"normalize_change_allowed":true,"best2015_addable":false,"ahmad_promo":null,"promo_data":null,"audio_copyright_claim":null,"ads_disabled":null,"is_safe_for_ads":true,"megafon_contents":[],"position_on_page":1},{"flag":null,"abuses":null,"recoubs_by_users_channels":null,"favourite":false,"promoted_id":null,"recoub":null,"like":null,"dislike":null,"reaction":null,"in_my_best2015":false,"id":181525873,"type":"Coub::Simple","permalink":"2zq96z","title":"Situs Judi MPO Slot Terbaru dan Terpercaya SkyMPO","visibility_type":"public","original_visibility_type":"public","channel_id":13271124,"created_at":"2022-01-15T20:06:07Z","updated_at":"2022-03-04T20:43:08Z","is_done":true,"views_count":1165,"cotd":null,"cotd_at":null,"visible_on_explore_root":false,"visible_on_explore":false,"featured":false,"published":true,"published_at":"2022-01-15T20:06:07Z","reversed":false,"from_editor_v2":true,"is_editable":true,"original_sound":true,"has_sound":true,"recoub_to":null,"file_versions":{"html5":{"video":{"higher":{"url":"https://coub-anubis-a.akamaized.net/coub_storage/coub/simple/cw_file/f06b49641c5/79536edc2ee908068f232/muted_mp4_huge_size_1642277199_muted_huge.mp4","size":387531},"high":{"url":"https://coub-anubis-a.akamaized.net/coub_storage/coub/simple/cw_file/f06b49641c5/79536edc2ee908068f232/muted_mp4_big_size_1642277199_muted_big.mp4","size":263655},"med":{"url":"https://coub-anubis-a.akamaized.net/coub_storage/coub/simple/cw_file/f06b49641c5/79536edc2ee908068f232/muted_mp4_med_size_1642277199_muted_med.mp4","size":111370}},"audio":{"high":{"url":"https://coub-anubis-a.akamaized.net/coub_storage/coub/simple/cw_looped_audio_high/a8dc6850cf1/de3f162995e2a04618c5b/1642277203_mp3-high.mp3","size":1056464},"med":{"url":"https://coub-anubis-a.akamaized.net/coub_storage/coub/simple/cw_looped_audio_med/e60338d0651/49ca764d2ec45b0f4e1b8/1642277201_mp3-med.mp3","size":799076},"sample_duration":10.008}},"mobile":{"video":"https://coub-anubis-a.akamaized.net/coub_storage/coub/simple/cw_file/f06b49641c5/79536edc2ee908068f232/muted_mp4_med_size_1642277199_muted_med.mp4","audio":["https://coub-anubis-a.akamaized.net/coub_storage/coub/simple/cw_looped_audio_med/e60338d0651/49ca764d2ec45b0f4e1b8/1642277201_mp3-med.mp3"]},"share":{"default":"https://coub-anubis-a.akamaized.net/coub_storage/coub/simple/cw_video_for_sharing/ab4baf07bd0/9ed7f1e1ce5e3cc0abbef/1642277245_looped_1642277244.mp4"}},"audio_versions":{},"image_versions":{"template":"https://coub-anubis-a.akamaized.net/coub_storage/coub/simple/cw_image/2d7f69dcf27/9eb105b2a8fa23535e73a/%{version}_1642277210_00032.jpg","versions":["micro","tiny","age_restricted","ios_large","ios_mosaic","big","med","small","pinterest"]},"first_frame_versions":{"template":"https://coub-anubis-a.akamaized.net/coub_storage/coub/simple/cw_timeline_pic/2db1a916977/e5016411a852e34456698/%{version}_1642277208_image.jpg","versions":["big","med","small","ios_large"]},"dimensions":{"big":[1280,720],"med":[640,360]},"site_w_h":[640,360],"page_w_h":[640,360],"site_w_h_small":[310,174],"size":[1280,720],"age_restricted":false,"age_restricted_by_admin":false,"not_safe_for_work":null,"allow_reuse":false,"dont_crop":true,"banned":false,"global_safe":null,"audio_file_url":null,"external_download":false,"application":null,"channel":{"id":13271124,"permalink":"carolineismaya","title":"carolineismaya","description":"situs judi mpo slot terpercaya SkyMPO yang menyediakan provider slot online terbaik dengan winrate terbaik saat ini.","followers_count":0,"following_count":14,"avatar_versions":{"template":"https://coub-anubis-a.akamaized.net/coub_storage/channel/cw_avatar/d8be47cd2f5/26a9ffe098c97c24eb16e/%{version}_1642276494_1212111111.jpg","versions":["medium","medium_2x","profile_pic","profile_pic_new","profile_pic_new_2x","tiny","tiny_2x","small","small_2x","ios_large","ios_small"]}},"file":null,"picture":"https://coub-anubis-a.akamaized.net/coub_storage/coub/simple/cw_image/2d7f69dcf27/9eb105b2a8fa23535e73a/med_1642277210_00032.jpg","timeline_picture":"https://coub-anubis-a.akamaized.net/coub_storage/coub/simple/cw_timeline_pic/2db1a916977/e5016411a852e34456698/ios_large_1642277208_image.jpg","small_picture":"https://coub-anubis-a.akamaized.net/coub_storage/coub/simple/cw_image/2d7f69dcf27/9eb105b2a8fa23535e73a/ios_mosaic_1642277210_00032.jpg","sharing_picture":null,"percent_done":100,"tags":[{"id":6554861,"title":"situs judi mpo","value":"situs%20judi%20mpo"},{"id":5660118,"title":"mpo slot terbaru","value":"mpo%20slot%20terbaru"},{"id":5784190,"title":"judi mpo slot","value":"judi%20mpo%20slot"},{"id":5458292,"title":"judi mpo","value":"judi%20mpo"},{"id":5784247,"title":"situs judi","value":"situs%20judi"},{"id":6619610,"title":"skympo","value":"skympo"}],"categories":[{"id":115,"title":"Stand-up & Jokes","permalink":"standup-jokes","subscriptions_count":2029964,"big_image_url":"https://coub-anubis-a.akamaized.net/coub_storage/category/cw_image/e705818f6da/2d68d0903305d728e1d5b/big_1622039112_Stand-up.png","small_image_url":"https://coub-anubis-a.akamaized.net/coub_storage/category/cw_image/e705818f6da/2d68d0903305d728e1d5b/small_1622039112_Stand-up.png","med_image_url":"https://coub-anubis-a.akamaized.net/coub_storage/category/cw_image/e705818f6da/2d68d0903305d728e1d5b/med_1622039112_Stand-up.png","visible":true}],"communities":[{"id":115,"title":"Stand-up & Jokes","permalink":"standup-jokes","subscriptions_count":2029964,"big_image_url":"https://coub-anubis-a.akamaized.net/coub_storage/category/cw_image/e705818f6da/2d68d0903305d728e1d5b/big_1622039112_Stand-up.png","small_image_url":"https://coub-anubis-a.akamaized.net/coub_storage/category/cw_image/e705818f6da/2d68d0903305d728e1d5b/small_1622039112_Stand-up.png","med_image_url":"https://coub-anubis-a.akamaized.net/coub_storage/category/cw_image/e705818f6da/2d68d0903305d728e1d5b/med_1622039112_Stand-up.png","i_subscribed":true,"community_notifications_enabled":null,"description":null}],"recoubs_count":0,"remixes_count":0,"likes_count":6,"dislikes_count":0,"raw_video_id":17064574,"uploaded_by_ios_app":false,"uploaded_by_android_app":false,"media_blocks":{"uploaded_raw_videos":[],"external_raw_videos":[],"remixed_from_coubs":[]},"raw_video_thumbnail_url":"https://coub-anubis-a.akamaized.net/coub_storage/raw_video/cw_image/2f8537653d1/94c710db89c6c75515c42/coub_media_1642276874_image.jpg","raw_video_title":"Drama_pas_upacara_di_sekolah-lif0ngjchH8-720p-1642276575029.mp4","video_block_banned":false,"duration":10.0,"promo_winner":false,"promo_winner_recoubers":null,"editorial_info":{},"promo_hint":null,"beeline_best_2014":null,"from_web_editor":true,"normalize_sound":true,"normalize_change_allowed":true,"best2015_addable":false,"ahmad_promo":null,"promo_data":null,"audio_copyright_claim":null,"ads_disabled":null,"is_safe_for_ads":true,"megafon_contents":[],"position_on_page":2},{"flag":null,"abuses":null,"recoubs_by_users_channels":null,"favourite":false,"promoted_id":null,"recoub":null,"like":null,"dislike":null,"reaction":null,"in_my_best2015":false,"id":181467160,"type":"Coub::Simple","permalink":"2zozw2","title":"под конец отношений","visibility_type":"public","original_visibility_type":"public","channel_id":3523828,"created_at":"2022-01-14T16:15:48Z","updated_at":"2022-01-26T14:22:31Z","is_done":true,"views_count":5550,"cotd":null,"cotd_at":null,"visible_on_explore_root":false,"visible_on_explore":false,"featured":false,"published":true,"published_at":"2022-01-14T16:15:48Z","reversed":false,"from_editor_v2":true,"is_editable":true,"original_sound":true,"has_sound":true,"recoub_to":null,"file_versions":{"html5":{"video":{"higher":{"url":"https://coub-anubis-a.akamaized.net/coub_storage/coub/simple/cw_file/3f362e0bb97/955c5be216acfcd2460ed/muted_mp4_huge_size_1642176961_muted_huge.mp4","size":1760108},"high":{"url":"https://coub-anubis-a.akamaized.net/coub_storage/coub/simple/cw_file/3f362e0bb97/955c5be216acfcd2460ed/muted_mp4_big_size_1642176961_muted_big.mp4","size":1171169},"med":{"url":"https://coub-anubis-a.akamaized.net/coub_storage/coub/simple/cw_file/3f362e0bb97/955c5be216acfcd2460ed/muted_mp4_med_size_1642176961_muted_med.mp4","size":342086}},"audio":{"high":{"url":"https://coub-anubis-a.akamaized.net/coub_storage/coub/simple/cw_looped_audio_high/10da9c958ee/3f67ec6619785a820af3e/1642176963_mp3-high.mp3","size":831642},"med":{"url":"https://coub-anubis-a.akamaized.net/coub_storage/coub/simple/cw_looped_audio_med/42392ca3bde/0f885a12e640058076fa8/1642176962_mp3-med.mp3","size":798816},"sample_duration":10.008}},"mobile":{"video":"https://coub-anubis-a.akamaized.net/coub_storage/coub/simple/cw_file/3f362e0bb97/955c5be216acfcd2460ed/muted_mp4_med_size_1642176961_muted_med.mp4","audio":["https://coub-anubis-a.akamaized.net/coub_storage/coub/simple/cw_looped_audio_med/42392ca3bde/0f885a12e640058076fa8/1642176962_mp3-med.mp3"]},"share":{"default":"https://coub-anubis-a.akamaized.net/coub_storage/coub/simple/cw_video_for_sharing/082872bbeeb/c7577b4c961c7505bd1e0/1642176989_looped_1642176989.mp4"}},"audio_versions":{},"image_versions":{"template":"https://coub-anubis-a.akamaized.net/coub_storage/coub/simple/cw_image/8c6b603d7ce/0aca1f67430a9b3e78027/%{version}_1642176968_00032.jpg","versions":["micro","tiny","age_restricted","ios_large","ios_mosaic","big","med","small","pinterest"]},"first_frame_versions":{"template":"https://coub-anubis-a.akamaized.net/coub_storage/coub/simple/cw_timeline_pic/c1f0d1d9b13/183b9c4430cad67d9a09f/%{version}_1642176967_image.jpg","versions":["big","med","small","ios_large"]},"dimensions":{"big":[1280,720],"med":[640,360]},"site_w_h":[640,360],"page_w_h":[640,360],"site_w_h_small":[310,174],"size":[1280,720],"age_restricted":false,"age_restricted_by_admin":false,"not_safe_for_work":null,"allow_reuse":false,"dont_crop":true,"banned":false,"global_safe":null,"audio_file_url":null,"external_download":false,"application":null,"channel":{"id":3523828,"permalink":"ooiippoo","title":"ooiippoo","description":null,"followers_count":12,"following_count":13,"avatar_versions":{"template":"https://coub-anubis-a.akamaized.net/coub_storage/channel/cw_avatar/1d53cd97153/d9d8e3348ff8106bb898f/%{version}_1608407064_1v1ebuo_1491744153_1p3giju_91856697.jpg","versions":["medium","medium_2x","profile_pic","profile_pic_new","profile_pic_new_2x","tiny","tiny_2x","small","small_2x","ios_large","ios_small"]}},"file":null,"picture":"https://coub-anubis-a.akamaized.net/coub_storage/coub/simple/cw_image/8c6b603d7ce/0aca1f67430a9b3e78027/med_1642176968_00032.jpg","timeline_picture":"https://coub-anubis-a.akamaized.net/coub_storage/coub/simple/cw_timeline_pic/c1f0d1d9b13/183b9c4430cad67d9a09f/ios_large_1642176967_image.jpg","small_picture":"https://coub-anubis-a.akamaized.net/coub_storage/coub/simple/cw_image/8c6b603d7ce/0aca1f67430a9b3e78027/ios_mosaic_1642176968_00032.jpg","sharing_picture":null,"percent_done":100,"tags":[],"categories":[{"id":115,"title":"Stand-up & Jokes","permalink":"standup-jokes","subscriptions_count":2029964,"big_image_url":"https://coub-anubis-a.akamaized.net/coub_storage/category/cw_image/e705818f6da/2d68d0903305d728e1d5b/big_1622039112_Stand-up.png","small_image_url":"https://coub-anubis-a.akamaized.net/coub_storage/category/cw_image/e705818f6da/2d68d0903305d728e1d5b/small_1622039112_Stand-up.png","med_image_url":"https://coub-anubis-a.akamaized.net/coub_storage/category/cw_image/e705818f6da/2d68d0903305d728e1d5b/med_1622039112_Stand-up.png","visible":true}],"communities":[{"id":115,"title":"Stand-up & Jokes","permalink":"standup-jokes","subscriptions_count":2029964,"big_image_url":"https://coub-anubis-a.akamaized.net/coub_storage/category/cw_image/e705818f6da/2d68d0903305d728e1d5b/big_1622039112_Stand-up.png","small_image_url":"https://coub-anubis-a.akamaized.net/coub_storage/category/cw_image/e705818f6da/2d68d0903305d728e1d5b/small_1622039112_Stand-up.png","med_image_url":"https://coub-anubis-a.akamaized.net/coub_storage/category/cw_image/e705818f6da/2d68d0903305d728e1d5b/med_1622039112_Stand-up.png","i_subscribed":true,"community_notifications_enabled":null,"description":null}],"recoubs_count":0,"remixes_count":0,"likes_count":6,"dislikes_count":0,"raw_video_id":16492636,"uploaded_by_ios_app":false,"uploaded_by_android_app":true,"media_blocks":{"uploaded_raw_videos":[],"external_raw_videos":[],"remixed_from_coubs":[]},"raw_video_thumbnail_url":"/missing/missing.png","raw_video_title":null,"video_block_banned":false,"duration":10.0,"promo_winner":false,"promo_winner_recoubers":null,"editorial_info":{},"promo_hint":null,"beeline_best_2014":null,"from_web_editor":false,"normalize_sound":true,"normalize_change_allowed":true,"best2015_addable":false,"ahmad_promo":null,"promo_data":null,"audio_copyright_claim":null,"ads_disabled":null,"is_safe_for_ads":true,"megafon_contents":[],"position_on_page":3},{"flag":null,"abuses":null,"recoubs_by_users_channels":null,"favourite":false,"promoted_id":null,"recoub":null,"like":null,"dislike":null,"reaction":null,"in_my_best2015":false,"id":181423466,"type":"Coub::Simple","permalink":"2zo26a","title":"Garázsba'","visibility_type":"public","original_visibility_type":"public","channel_id":1544104,"created_at":"2022-01-13T17:12:07Z","updated_at":"2022-01-20T23:23:35Z","is_done":true,"views_count":3574,"cotd":null,"cotd_at":null,"visible_on_explore_root":false,"visible_on_explore":false,"featured":false,"published":true,"published_at":"2022-01-13T17:12:07Z","reversed":false,"from_editor_v2":true,"is_editable":true,"original_sound":true,"has_sound":true,"recoub_to":null,"file_versions":{"html5":{"video":{"higher":{"url":"https://coub-anubis-a.akamaized.net/coub_storage/coub/simple/cw_file/ecc4ba19295/d60498c188800ec227c40/muted_mp4_huge_size_1642093937_muted_huge.mp4","size":1419011},"high":{"url":"https://coub-anubis-a.akamaized.net/coub_storage/coub/simple/cw_file/ecc4ba19295/d60498c188800ec227c40/muted_mp4_big_size_1642093937_muted_big.mp4","size":907843},"med":{"url":"https://coub-anubis-a.akamaized.net/coub_storage/coub/simple/cw_file/ecc4ba19295/d60498c188800ec227c40/muted_mp4_med_size_1642093937_muted_med.mp4","size":282722}},"audio":{"high":{"url":"https://coub-anubis-a.akamaized.net/coub_storage/coub/simple/cw_looped_audio_high/e2954aeb493/6b8ef10a1697ed268672d/1642093939_mp3-high.mp3","size":1201585},"med":{"url":"https://coub-anubis-a.akamaized.net/coub_storage/coub/simple/cw_looped_audio_med/e0a463214cb/80423ac76ab4f5cf057d6/1642093938_mp3-med.mp3","size":870696},"sample_duration":9.102}},"mobile":{"video":"https://coub-anubis-a.akamaized.net/coub_storage/coub/simple/cw_file/ecc4ba19295/d60498c188800ec227c40/muted_mp4_med_size_1642093937_muted_med.mp4","audio":["https://coub-anubis-a.akamaized.net/coub_storage/coub/simple/cw_looped_audio_med/e0a463214cb/80423ac76ab4f5cf057d6/1642093938_mp3-med.mp3"]},"share":{"default":"https://coub-anubis-a.akamaized.net/coub_storage/coub/simple/cw_video_for_sharing/ccf2eeddcbd/3761be284691ad4c923ad/1642093969_looped_1642093969.mp4"}},"audio_versions":{},"image_versions":{"template":"https://coub-anubis-a.akamaized.net/coub_storage/coub/simple/cw_image/c253681a81d/43bd99c27724291de7165/%{version}_1642093944_00029.jpg","versions":["micro","tiny","age_restricted","ios_large","ios_mosaic","big","med","small","pinterest"]},"first_frame_versions":{"template":"https://coub-anubis-a.akamaized.net/coub_storage/coub/simple/cw_timeline_pic/aca147264b6/bbaa2aaa7eada1798becf/%{version}_1642093944_image.jpg","versions":["big","med","small","ios_large"]},"dimensions":{"big":[1280,720],"med":[640,360]},"site_w_h":[640,360],"page_w_h":[640,360],"site_w_h_small":[310,174],"size":[1280,720],"age_restricted":false,"age_restricted_by_admin":false,"not_safe_for_work":null,"allow_reuse":false,"dont_crop":true,"banned":false,"global_safe":null,"audio_file_url":null,"external_download":{"type":"Youtube","service_name":"YouTube","url":"https://www.youtube.com/watch?v=U7wlEeV4uyE&ab_channel=S%C3%A1ndorEgerv%C3%A1ri","has_embed":true},"application":null,"channel":{"id":1544104,"permalink":"tootya24","title":"Tóth Zoltán","description":null,"followers_count":7,"following_count":9,"avatar_versions":{"template":"https://coub-anubis-a.akamaized.net/coub_storage/channel/cw_avatar/dafe456c7a4/ab857d5d46857ac7929cd/%{version}_1608678144_l1qeg1_1474577011_1703359838.jpg","versions":["medium","medium_2x","profile_pic","profile_pic_new","profile_pic_new_2x","tiny","tiny_2x","small","small_2x","ios_large","ios_small"]}},"file":null,"picture":"https://coub-anubis-a.akamaized.net/coub_storage/coub/simple/cw_image/c253681a81d/43bd99c27724291de7165/med_1642093944_00029.jpg","timeline_picture":"https://coub-anubis-a.akamaized.net/coub_storage/coub/simple/cw_timeline_pic/aca147264b6/bbaa2aaa7eada1798becf/ios_large_1642093944_image.jpg","small_picture":"https://coub-anubis-a.akamaized.net/coub_storage/coub/simple/cw_image/c253681a81d/43bd99c27724291de7165/ios_mosaic_1642093944_00029.jpg","sharing_picture":null,"percent_done":100,"tags":[{"id":1964385,"title":"bödöcs","value":"b%C3%B6d%C3%B6cs"},{"id":6698130,"title":"garázsba","value":"gar%C3%A1zsba"},{"id":2775595,"title":"böllérbalett","value":"b%C3%B6ll%C3%A9rbalett"}],"categories":[{"id":115,"title":"Stand-up & Jokes","permalink":"standup-jokes","subscriptions_count":2029964,"big_image_url":"https://coub-anubis-a.akamaized.net/coub_storage/category/cw_image/e705818f6da/2d68d0903305d728e1d5b/big_1622039112_Stand-up.png","small_image_url":"https://coub-anubis-a.akamaized.net/coub_storage/category/cw_image/e705818f6da/2d68d0903305d728e1d5b/small_1622039112_Stand-up.png","med_image_url":"https://coub-anubis-a.akamaized.net/coub_storage/category/cw_image/e705818f6da/2d68d0903305d728e1d5b/med_1622039112_Stand-up.png","visible":true}],"communities":[{"id":115,"title":"Stand-up & Jokes","permalink":"standup-jokes","subscriptions_count":2029964,"big_image_url":"https://coub-anubis-a.akamaized.net/coub_storage/category/cw_image/e705818f6da/2d68d0903305d728e1d5b/big_1622039112_Stand-up.png","small_image_url":"https://coub-anubis-a.akamaized.net/coub_storage/category/cw_image/e705818f6da/2d68d0903305d728e1d5b/small_1622039112_Stand-up.png","med_image_url":"https://coub-anubis-a.akamaized.net/coub_storage/category/cw_image/e705818f6da/2d68d0903305d728e1d5b/med_1622039112_Stand-up.png","i_subscribed":true,"community_notifications_enabled":null,"description":null}],"recoubs_count":2,"remixes_count":0,"likes_count":6,"dislikes_count":0,"raw_video_id":17059685,"uploaded_by_ios_app":false,"uploaded_by_android_app":false,"media_blocks":{"uploaded_raw_videos":[],"external_raw_videos":[{"id":40795521,"title":"Garazsba","url":"https://www.youtube.com/watch?v=U7wlEeV4uyE","image":"https://coub-anubis-a.akamaized.net/coub_storage/media_block/cw_image/7f7f93a3a92/6c8bb56342a5688fffc97/video_1642093829_azwinc_1642093815_1642093814_1lrheev_att-url-download.webp","image_retina":"https://coub-anubis-a.akamaized.net/coub_storage/media_block/cw_image/7f7f93a3a92/6c8bb56342a5688fffc97/video_retina_1642093829_azwinc_1642093815_1642093814_1lrheev_att-url-download.webp","meta":{"service":"Youtube","duration":"15.215"},"duration":15.215,"raw_video_id":17059685,"has_embed":true}],"remixed_from_coubs":[],"external_video":{"id":40795521,"title":"Garazsba","url":"https://www.youtube.com/watch?v=U7wlEeV4uyE","image":"https://coub-anubis-a.akamaized.net/coub_storage/media_block/cw_image/7f7f93a3a92/6c8bb56342a5688fffc97/video_1642093829_azwinc_1642093815_1642093814_1lrheev_att-url-download.webp","image_retina":"https://coub-anubis-a.akamaized.net/coub_storage/media_block/cw_image/7f7f93a3a92/6c8bb56342a5688fffc97/video_retina_1642093829_azwinc_1642093815_1642093814_1lrheev_att-url-download.webp","meta":{"service":"Youtube","duration":"15.215"},"duration":15.215,"raw_video_id":17059685,"has_embed":true}},"raw_video_thumbnail_url":"https://coub-anubis-a.akamaized.net/coub_storage/raw_video/cw_image/a2728952d07/ace1c4b648c0a43a6bdfb/coub_media_1642093815_1642093814_1lrheev_att-url-download.webp","raw_video_title":"Garazsba","video_block_banned":false,"duration":9.08,"promo_winner":false,"promo_winner_recoubers":null,"editorial_info":{},"promo_hint":null,"beeline_best_2014":null,"from_web_editor":true,"normalize_sound":true,"normalize_change_allowed":true,"best2015_addable":false,"ahmad_promo":null,"promo_data":null,"audio_copyright_claim":null,"ads_disabled":null,"is_safe_for_ads":true,"megafon_contents":[],"position_on_page":4},{"flag":null,"abuses":null,"recoubs_by_users_channels":null,"favourite":false,"promoted_id":null,"recoub":null,"like":null,"dislike":null,"reaction":null,"in_my_best2015":false,"id":181351690,"type":"Coub::Simple","permalink":"2zmisi","title":"Gulu Gulu","visibility_type":"public","original_visibility_type":"public","channel_id":7567214,"created_at":"2022-01-12T04:03:56Z","updated_at":"2022-01-15T20:22:31Z","is_done":true,"views_count":3187,"cotd":null,"cotd_at":null,"visible_on_explore_root":false,"visible_on_explore":false,"featured":false,"published":true,"published_at":"2022-01-12T04:03:56Z","reversed":false,"from_editor_v2":true,"is_editable":true,"original_sound":true,"has_sound":true,"recoub_to":null,"file_versions":{"html5":{"video":{"higher":{"url":"https://coub-anubis-a.akamaized.net/coub_storage/coub/simple/cw_file/6ca13bcaba9/135e1e3f6a2707e905b00/muted_mp4_huge_size_1641960240_muted_huge.mp4","size":1535089},"high":{"url":"https://coub-anubis-a.akamaized.net/coub_storage/coub/simple/cw_file/6ca13bcaba9/135e1e3f6a2707e905b00/muted_mp4_big_size_1641960240_muted_big.mp4","size":894008},"med":{"url":"https://coub-anubis-a.akamaized.net/coub_storage/coub/simple/cw_file/6ca13bcaba9/135e1e3f6a2707e905b00/muted_mp4_med_size_1641960240_muted_med.mp4","size":262381}},"audio":{"high":{"url":"https://coub-anubis-a.akamaized.net/coub_storage/coub/simple/cw_looped_audio_high/e0756369d1d/07146cd4ccb15aefe36ec/1641960242_mp3-high.mp3","size":723946},"med":{"url":"https://coub-anubis-a.akamaized.net/coub_storage/coub/simple/cw_looped_audio_med/a18bcf91a67/d4c437ef4e67c9efe37a9/1641960241_mp3-med.mp3","size":723934},"sample_duration":10.008}},"mobile":{"video":"https://coub-anubis-a.akamaized.net/coub_storage/coub/simple/cw_file/6ca13bcaba9/135e1e3f6a2707e905b00/muted_mp4_med_size_1641960240_muted_med.mp4","audio":["https://coub-anubis-a.akamaized.net/coub_storage/coub/simple/cw_looped_audio_med/a18bcf91a67/d4c437ef4e67c9efe37a9/1641960241_mp3-med.mp3"]},"share":{"default":"https://coub-anubis-a.akamaized.net/coub_storage/coub/simple/cw_video_for_sharing/82c67ff14ee/f6bc6dc2aab0c1ff38855/1641960271_looped_1641960270.mp4"}},"audio_versions":{},"image_versions":{"template":"https://coub-anubis-a.akamaized.net/coub_storage/coub/simple/cw_image/e19aa2c1d3d/9d4cfb5bfca344df7cf91/%{version}_1641960245_00032.jpg","versions":["micro","tiny","age_restricted","ios_large","ios_mosaic","big","med","small","pinterest"]},"first_frame_versions":{"template":"https://coub-anubis-a.akamaized.net/coub_storage/coub/simple/cw_timeline_pic/dcb2310c8fa/52f5bb006c8f09a141cf6/%{version}_1641960245_image.jpg","versions":["big","med","small","ios_large"]},"dimensions":{"big":[1172,960],"med":[586,480]},"site_w_h":[640,524],"page_w_h":[640,524],"site_w_h_small":[310,254],"size":[1172,960],"age_restricted":false,"age_restricted_by_admin":false,"not_safe_for_work":null,"allow_reuse":false,"dont_crop":true,"banned":false,"global_safe":null,"audio_file_url":null,"external_download":false,"application":null,"channel":{"id":7567214,"permalink":"70e793c4063ffb6d4e5e42db5cb74cc6","title":"Atlantistia","description":null,"followers_count":40,"following_count":116,"avatar_versions":{"template":"https://coub-anubis-a.akamaized.net/coub_storage/channel/cw_avatar/9f7b1a9155f/f586cccd1baf81fd95dd0/%{version}_1636249894_hgfjh.jpg","versions":["medium","medium_2x","profile_pic","profile_pic_new","profile_pic_new_2x","tiny","tiny_2x","small","small_2x","ios_large","ios_small"]}},"file":null,"picture":"https://coub-anubis-a.akamaized.net/coub_storage/coub/simple/cw_image/e19aa2c1d3d/9d4cfb5bfca344df7cf91/med_1641960245_00032.jpg","timeline_picture":"https://coub-anubis-a.akamaized.net/coub_storage/coub/simple/cw_timeline_pic/dcb2310c8fa/52f5bb006c8f09a141cf6/ios_large_1641960245_image.jpg","small_picture":"https://coub-anubis-a.akamaized.net/coub_storage/coub/simple/cw_image/e19aa2c1d3d/9d4cfb5bfca344df7cf91/ios_mosaic_1641960245_00032.jpg","sharing_picture":null,"percent_done":100,"tags":[{"id":5220959,"title":"gulu gulu","value":"gulu%20gulu"}],"categories":[{"id":115,"title":"Stand-up & Jokes","permalink":"standup-jokes","subscriptions_count":2029964,"big_image_url":"https://coub-anubis-a.akamaized.net/coub_storage/category/cw_image/e705818f6da/2d68d0903305d728e1d5b/big_1622039112_Stand-up.png","small_image_url":"https://coub-anubis-a.akamaized.net/coub_storage/category/cw_image/e705818f6da/2d68d0903305d728e1d5b/small_1622039112_Stand-up.png","med_image_url":"https://coub-anubis-a.akamaized.net/coub_storage/category/cw_image/e705818f6da/2d68d0903305d728e1d5b/med_1622039112_Stand-up.png","visible":true}],"communities":[{"id":115,"title":"Stand-up & Jokes","permalink":"standup-jokes","subscriptions_count":2029964,"big_image_url":"https://coub-anubis-a.akamaized.net/coub_storage/category/cw_image/e705818f6da/2d68d0903305d728e1d5b/big_1622039112_Stand-up.png","small_image_url":"https://coub-anubis-a.akamaized.net/coub_storage/category/cw_image/e705818f6da/2d68d0903305d728e1d5b/small_1622039112_Stand-up.png","med_image_url":"https://coub-anubis-a.akamaized.net/coub_storage/category/cw_image/e705818f6da/2d68d0903305d728e1d5b/med_1622039112_Stand-up.png","i_subscribed":true,"community_notifications_enabled":null,"description":null}],"recoubs_count":0,"remixes_count":0,"likes_count":6,"dislikes_count":0,"raw_video_id":17056244,"uploaded_by_ios_app":false,"uploaded_by_android_app":false,"media_blocks":{"uploaded_raw_videos":[],"external_raw_videos":[],"remixed_from_coubs":[]},"raw_video_thumbnail_url":"https://coub-anubis-a.akamaized.net/coub_storage/raw_video/cw_image/07bbf57bc12/9cdfe6f784d4c4e58ea34/coub_media_1641960069_image.jpg","raw_video_title":"Comedy___4_.mp4","video_block_banned":false,"duration":10.0,"promo_winner":false,"promo_winner_recoubers":null,"editorial_info":{},"promo_hint":null,"beeline_best_2014":null,"from_web_editor":true,"normalize_sound":true,"normalize_change_allowed":true,"best2015_addable":false,"ahmad_promo":null,"promo_data":null,"audio_copyright_claim":null,"ads_disabled":null,"is_safe_for_ads":true,"megafon_contents":[],"position_on_page":5},{"flag":null,"abuses":null,"recoubs_by_users_channels":null,"favourite":false,"promoted_id":null,"recoub":null,"like":null,"dislike":null,"reaction":null,"in_my_best2015":false,"id":180591160,"type":"Coub::Simple","permalink":"2z67yh","title":"Labyrinth \"Lost\" Low Key","visibility_type":"public","original_visibility_type":"public","channel_id":7131620,"created_at":"2021-12-26T03:59:02Z","updated_at":"2022-02-23T18:29:05Z","is_done":true,"views_count":5554,"cotd":null,"cotd_at":null,"visible_on_explore_root":false,"visible_on_explore":false,"featured":false,"published":true,"published_at":"2021-12-26T03:59:01Z","reversed":false,"from_editor_v2":true,"is_editable":true,"original_sound":true,"has_sound":true,"recoub_to":null,"file_versions":{"html5":{"video":{"higher":{"url":"https://coub-anubis-a.akamaized.net/coub_storage/coub/simple/cw_file/8be200fce23/c525fdb463706a40bc249/muted_mp4_huge_size_1640536721_muted_huge.mp4","size":1304779},"high":{"url":"https://coub-anubis-a.akamaized.net/coub_storage/coub/simple/cw_file/8be200fce23/c525fdb463706a40bc249/muted_mp4_big_size_1640536721_muted_big.mp4","size":812613},"med":{"url":"https://coub-anubis-a.akamaized.net/coub_storage/coub/simple/cw_file/8be200fce23/c525fdb463706a40bc249/muted_mp4_med_size_1640536721_muted_med.mp4","size":224632}},"audio":{"high":{"url":"https://coub-anubis-a.akamaized.net/coub_storage/coub/simple/cw_looped_audio_high/c4d6f15a966/22f0157c0ed129a0bafd7/1640536723_mp3-high.mp3","size":1295353},"med":{"url":"https://coub-anubis-a.akamaized.net/coub_storage/coub/simple/cw_looped_audio_med/18b822d6063/bd610841023ca2e11c456/1640536722_mp3-med.mp3","size":886959},"sample_duration":9.265}},"mobile":{"video":"https://coub-anubis-a.akamaized.net/coub_storage/coub/simple/cw_file/8be200fce23/c525fdb463706a40bc249/muted_mp4_med_size_1640536721_muted_med.mp4","audio":["https://coub-anubis-a.akamaized.net/coub_storage/coub/simple/cw_looped_audio_med/18b822d6063/bd610841023ca2e11c456/1640536722_mp3-med.mp3"]},"share":{"default":"https://coub-anubis-a.akamaized.net/coub_storage/coub/simple/cw_video_for_sharing/161c9b8f9b9/9dc7e3c611667ca40b63b/1640536745_looped_1640536744.mp4"}},"audio_versions":{},"image_versions":{"template":"https://coub-anubis-a.akamaized.net/coub_storage/coub/simple/cw_image/af435c8f3c1/44563e90df11e9359a0d6/%{version}_1640536726_00029.jpg","versions":["micro","tiny","age_restricted","ios_large","ios_mosaic","big","med","small","pinterest"]},"first_frame_versions":{"template":"https://coub-anubis-a.akamaized.net/coub_storage/coub/simple/cw_timeline_pic/adccfd79c39/879be340c7248016542f6/%{version}_1640536726_image.jpg","versions":["big","med","small","ios_large"]},"dimensions":{"big":[538,960],"med":[268,480]},"site_w_h":[224,400],"page_w_h":[400,714],"site_w_h_small":[310,553],"size":[538,960],"age_restricted":false,"age_restricted_by_admin":false,"not_safe_for_work":null,"allow_reuse":false,"dont_crop":true,"banned":false,"global_safe":null,"audio_file_url":null,"external_download":{"type":"Youtube","service_name":"YouTube","url":"https://youtu.be/W2rdYrFWnMA","has_embed":true},"application":null,"channel":{"id":7131620,"permalink":"violettawennman","title":"Violetta","description":"Cooperate with video studios CMCproduction & SmartREC","followers_count":2,"following_count":11,"avatar_versions":{"template":"https://coub-anubis-a.akamaized.net/coub_storage/channel/cw_avatar/c21fd205ccd/8046fb45ea8347bab2514/%{version}_1640464871_vilaa.lu_209987174_1210155236103717_4444520290060164790_n__2_.jpg","versions":["medium","medium_2x","profile_pic","profile_pic_new","profile_pic_new_2x","tiny","tiny_2x","small","small_2x","ios_large","ios_small"]}},"file":null,"picture":"https://coub-anubis-a.akamaized.net/coub_storage/coub/simple/cw_image/af435c8f3c1/44563e90df11e9359a0d6/med_1640536726_00029.jpg","timeline_picture":"https://coub-anubis-a.akamaized.net/coub_storage/coub/simple/cw_timeline_pic/adccfd79c39/879be340c7248016542f6/ios_large_1640536726_image.jpg","small_picture":"https://coub-anubis-a.akamaized.net/coub_storage/coub/simple/cw_image/af435c8f3c1/44563e90df11e9359a0d6/ios_mosaic_1640536726_00029.jpg","sharing_picture":null,"percent_done":100,"tags":[{"id":633955,"title":"заблудился","value":"%D0%B7%D0%B0%D0%B1%D0%BB%D1%83%D0%B4%D0%B8%D0%BB%D1%81%D1%8F"},{"id":1767,"title":"lost","value":"lost"},{"id":69958,"title":"labyrinth","value":"labyrinth"},{"id":6675311,"title":"потерявшийся","value":"%D0%BF%D0%BE%D1%82%D0%B5%D1%80%D1%8F%D0%B2%D1%88%D0%B8%D0%B9%D1%81%D1%8F"},{"id":4480,"title":"приколы","value":"%D0%BF%D1%80%D0%B8%D0%BA%D0%BE%D0%BB%D1%8B"},{"id":3244406,"title":"найти выход","value":"%D0%BD%D0%B0%D0%B9%D1%82%D0%B8%20%D0%B2%D1%8B%D1%85%D0%BE%D0%B4"},{"id":485772,"title":"найтивыход","value":"%D0%BD%D0%B0%D0%B9%D1%82%D0%B8%D0%B2%D1%8B%D1%85%D0%BE%D0%B4"},{"id":5107529,"title":"я потерялся","value":"%D1%8F%20%D0%BF%D0%BE%D1%82%D0%B5%D1%80%D1%8F%D0%BB%D1%81%D1%8F"},{"id":78923,"title":"лабиринт","value":"%D0%BB%D0%B0%D0%B1%D0%B8%D1%80%D0%B8%D0%BD%D1%82"},{"id":232197,"title":"потерялся","value":"%D0%BF%D0%BE%D1%82%D0%B5%D1%80%D1%8F%D0%BB%D1%81%D1%8F"},{"id":2529,"title":"instagram","value":"instagram"},{"id":84788,"title":"автозвук","value":"%D0%B0%D0%B2%D1%82%D0%BE%D0%B7%D0%B2%D1%83%D0%BA"},{"id":4101716,"title":"tiktok dance","value":"tiktok%20dance"},{"id":1598861,"title":"tiktok","value":"tiktok"},{"id":182253,"title":"tik tok","value":"tik%20tok"},{"id":292,"title":"humor","value":"humor"},{"id":1437,"title":"юмор","value":"%D1%8E%D0%BC%D0%BE%D1%80"},{"id":6675310,"title":"где парковка","value":"%D0%B3%D0%B4%D0%B5%20%D0%BF%D0%B0%D1%80%D0%BA%D0%BE%D0%B2%D0%BA%D0%B0"},{"id":1173,"title":"car","value":"car"},{"id":993,"title":"cars","value":"cars"},{"id":105192,"title":"electonic","value":"electonic"},{"id":823019,"title":"electonic music","value":"electonic%20music"},{"id":13825,"title":"electronic music","value":"electronic%20music"},{"id":5084,"title":"парковка","value":"%D0%BF%D0%B0%D1%80%D0%BA%D0%BE%D0%B2%D0%BA%D0%B0"},{"id":330103,"title":"car parking","value":"car%20parking"},{"id":15827,"title":"parking","value":"parking"},{"id":1215192,"title":"автостоянка","value":"%D0%B0%D0%B2%D1%82%D0%BE%D1%81%D1%82%D0%BE%D1%8F%D0%BD%D0%BA%D0%B0"},{"id":162826,"title":"выход","value":"%D0%B2%D1%8B%D1%85%D0%BE%D0%B4"},{"id":5654833,"title":"электроннаямузыка","value":"%D1%8D%D0%BB%D0%B5%D0%BA%D1%82%D1%80%D0%BE%D0%BD%D0%BD%D0%B0%D1%8F%D0%BC%D1%83%D0%B7%D1%8B%D0%BA%D0%B0"},{"id":100066,"title":"электронная музыка","value":"%D1%8D%D0%BB%D0%B5%D0%BA%D1%82%D1%80%D0%BE%D0%BD%D0%BD%D0%B0%D1%8F%20%D0%BC%D1%83%D0%B7%D1%8B%D0%BA%D0%B0"},{"id":6041597,"title":"music 2021","value":"music%202021"},{"id":226785,"title":"best music","value":"best%20music"},{"id":86,"title":"music","value":"music"},{"id":1161,"title":"musik","value":"musik"},{"id":250004,"title":"лучшая музыка","value":"%D0%BB%D1%83%D1%87%D1%88%D0%B0%D1%8F%20%D0%BC%D1%83%D0%B7%D1%8B%D0%BA%D0%B0"},{"id":1090876,"title":"музыка в машину","value":"%D0%BC%D1%83%D0%B7%D1%8B%D0%BA%D0%B0%20%D0%B2%20%D0%BC%D0%B0%D1%88%D0%B8%D0%BD%D1%83"},{"id":1160,"title":"музыка","value":"%D0%BC%D1%83%D0%B7%D1%8B%D0%BA%D0%B0"},{"id":4687459,"title":"darkk matter one true god - low key","value":"darkk%20matter%20one%20true%20god%20-%20low%20key"},{"id":2049827,"title":"one true god","value":"one%20true%20god"},{"id":4853589,"title":"darkk matter","value":"darkk%20matter"},{"id":90627,"title":"lowkey","value":"lowkey"},{"id":1030800,"title":"low key","value":"low%20key"}],"categories":[{"id":115,"title":"Stand-up & Jokes","permalink":"standup-jokes","subscriptions_count":2029964,"big_image_url":"https://coub-anubis-a.akamaized.net/coub_storage/category/cw_image/e705818f6da/2d68d0903305d728e1d5b/big_1622039112_Stand-up.png","small_image_url":"https://coub-anubis-a.akamaized.net/coub_storage/category/cw_image/e705818f6da/2d68d0903305d728e1d5b/small_1622039112_Stand-up.png","med_image_url":"https://coub-anubis-a.akamaized.net/coub_storage/category/cw_image/e705818f6da/2d68d0903305d728e1d5b/med_1622039112_Stand-up.png","visible":true}],"communities":[{"id":115,"title":"Stand-up & Jokes","permalink":"standup-jokes","subscriptions_count":2029964,"big_image_url":"https://coub-anubis-a.akamaized.net/coub_storage/category/cw_image/e705818f6da/2d68d0903305d728e1d5b/big_1622039112_Stand-up.png","small_image_url":"https://coub-anubis-a.akamaized.net/coub_storage/category/cw_image/e705818f6da/2d68d0903305d728e1d5b/small_1622039112_Stand-up.png","med_image_url":"https://coub-anubis-a.akamaized.net/coub_storage/category/cw_image/e705818f6da/2d68d0903305d728e1d5b/med_1622039112_Stand-up.png","i_subscribed":true,"community_notifications_enabled":null,"description":null}],"recoubs_count":2,"remixes_count":0,"likes_count":6,"dislikes_count":0,"raw_video_id":17018357,"uploaded_by_ios_app":false,"uploaded_by_android_app":false,"media_blocks":{"uploaded_raw_videos":[],"external_raw_videos":[{"id":40682913,"title":"Что такое Low Key","url":"https://www.youtube.com/watch?v=W2rdYrFWnMA","image":"https://coub-anubis-a.akamaized.net/coub_storage/media_block/cw_image/420114fb148/70e700c2d51620917909e/video_1640490790_9gvgxx_1640490777_1640490776_7696u_att-url-download.webp","image_retina":"https://coub-anubis-a.akamaized.net/coub_storage/media_block/cw_image/420114fb148/70e700c2d51620917909e/video_retina_1640490790_9gvgxx_1640490777_1640490776_7696u_att-url-download.webp","meta":{"service":"Youtube","duration":"19.96"},"duration":19.96,"raw_video_id":17018357,"has_embed":true}],"remixed_from_coubs":[],"external_video":{"id":40682913,"title":"Что такое Low Key","url":"https://www.youtube.com/watch?v=W2rdYrFWnMA","image":"https://coub-anubis-a.akamaized.net/coub_storage/media_block/cw_image/420114fb148/70e700c2d51620917909e/video_1640490790_9gvgxx_1640490777_1640490776_7696u_att-url-download.webp","image_retina":"https://coub-anubis-a.akamaized.net/coub_storage/media_block/cw_image/420114fb148/70e700c2d51620917909e/video_retina_1640490790_9gvgxx_1640490777_1640490776_7696u_att-url-download.webp","meta":{"service":"Youtube","duration":"19.96"},"duration":19.96,"raw_video_id":17018357,"has_embed":true}},"raw_video_thumbnail_url":"https://coub-anubis-a.akamaized.net/coub_storage/raw_video/cw_image/f8d41ae4616/771781ead52d85182757b/coub_media_1640490777_1640490776_7696u_att-url-download.webp","raw_video_title":"Что такое Low Key","video_block_banned":false,"duration":9.24,"promo_winner":false,"promo_winner_recoubers":null,"editorial_info":{},"promo_hint":null,"beeline_best_2014":null,"from_web_editor":true,"normalize_sound":true,"normalize_change_allowed":true,"best2015_addable":false,"ahmad_promo":null,"promo_data":null,"audio_copyright_claim":null,"ads_disabled":null,"is_safe_for_ads":true,"megafon_contents":[],"position_on_page":6},{"flag":null,"abuses":null,"recoubs_by_users_channels":null,"favourite":false,"promoted_id":null,"recoub":null,"like":null,"dislike":null,"reaction":null,"in_my_best2015":false,"id":180455700,"type":"Coub::Simple","permalink":"2z3bfn","title":"НОВОГОДНИЕ САМОЦВЕТЫ ЮТУБА","visibility_type":"public","original_visibility_type":"public","channel_id":11027512,"created_at":"2021-12-23T07:51:21Z","updated_at":"2022-01-05T02:17:35Z","is_done":true,"views_count":4945,"cotd":null,"cotd_at":null,"visible_on_explore_root":false,"visible_on_explore":false,"featured":false,"published":true,"published_at":"2021-12-23T07:51:21Z","reversed":false,"from_editor_v2":true,"is_editable":true,"original_sound":true,"has_sound":true,"recoub_to":null,"file_versions":{"html5":{"video":{"higher":{"url":"https://coub-anubis-a.akamaized.net/coub_storage/coub/simple/cw_file/a52e9d8c194/600ea434a77dc667c9853/muted_mp4_huge_size_1640245912_muted_huge.mp4","size":1610553},"high":{"url":"https://coub-anubis-a.akamaized.net/coub_storage/coub/simple/cw_file/a52e9d8c194/600ea434a77dc667c9853/muted_mp4_big_size_1640245912_muted_big.mp4","size":931127},"med":{"url":"https://coub-anubis-a.akamaized.net/coub_storage/coub/simple/cw_file/a52e9d8c194/600ea434a77dc667c9853/muted_mp4_med_size_1640245912_muted_med.mp4","size":348490}},"audio":{"high":{"url":"https://coub-anubis-a.akamaized.net/coub_storage/coub/simple/cw_looped_audio_high/d081117abfe/508f849dd40a5d939d198/1640245914_mp3-high.mp3","size":984229},"med":{"url":"https://coub-anubis-a.akamaized.net/coub_storage/coub/simple/cw_looped_audio_med/6a52fecea14/f7ac1fdb3d5a8a3ae1539/1640245913_mp3-med.mp3","size":857458},"sample_duration":8.963}},"mobile":{"video":"https://coub-anubis-a.akamaized.net/coub_storage/coub/simple/cw_file/a52e9d8c194/600ea434a77dc667c9853/muted_mp4_med_size_1640245912_muted_med.mp4","audio":["https://coub-anubis-a.akamaized.net/coub_storage/coub/simple/cw_looped_audio_med/6a52fecea14/f7ac1fdb3d5a8a3ae1539/1640245913_mp3-med.mp3"]},"share":{"default":"https://coub-anubis-a.akamaized.net/coub_storage/coub/simple/cw_video_for_sharing/3d42232b0f3/64ad0b1eed148fbfd1e22/1640245942_looped_1640245941.mp4"}},"audio_versions":{},"image_versions":{"template":"https://coub-anubis-a.akamaized.net/coub_storage/coub/simple/cw_image/f281ae7c1c5/b56848bf7a4fc178ba599/%{version}_1640245918_00029.jpg","versions":["micro","tiny","age_restricted","ios_large","ios_mosaic","big","med","small","pinterest"]},"first_frame_versions":{"template":"https://coub-anubis-a.akamaized.net/coub_storage/coub/simple/cw_timeline_pic/0ff1b3972ac/e15d2f092093cd8310c01/%{version}_1640245918_image.jpg","versions":["big","med","small","ios_large"]},"dimensions":{"big":[1280,720],"med":[640,360]},"site_w_h":[640,360],"page_w_h":[640,360],"site_w_h_small":[310,174],"size":[1280,720],"age_restricted":false,"age_restricted_by_admin":false,"not_safe_for_work":null,"allow_reuse":false,"dont_crop":true,"banned":false,"global_safe":null,"audio_file_url":null,"external_download":{"type":"Youtube","service_name":"YouTube","url":"https://youtu.be/7CAbFFoCrks","has_embed":true},"application":null,"channel":{"id":11027512,"permalink":"deb9876223","title":"Deb","description":null,"followers_count":1,"following_count":11,"avatar_versions":{"template":"https://coubsecureassets-a.akamaihd.net/assets/default-avatars/317-5eab0fb96e82a7dfa5ee0b0f2bb95aea3e4472f50b139f952d3875e61ef56eb8.png"}},"file":null,"picture":"https://coub-anubis-a.akamaized.net/coub_storage/coub/simple/cw_image/f281ae7c1c5/b56848bf7a4fc178ba599/med_1640245918_00029.jpg","timeline_picture":"https://coub-anubis-a.akamaized.net/coub_storage/coub/simple/cw_timeline_pic/0ff1b3972ac/e15d2f092093cd8310c01/ios_large_1640245918_image.jpg","small_picture":"https://coub-anubis-a.akamaized.net/coub_storage/coub/simple/cw_image/f281ae7c1c5/b56848bf7a4fc178ba599/ios_mosaic_1640245918_00029.jpg","sharing_picture":null,"percent_done":100,"tags":[{"id":21054,"title":"новый год","value":"%D0%BD%D0%BE%D0%B2%D1%8B%D0%B9%20%D0%B3%D0%BE%D0%B4"},{"id":433072,"title":"новогодние видео","value":"%D0%BD%D0%BE%D0%B2%D0%BE%D0%B3%D0%BE%D0%B4%D0%BD%D0%B8%D0%B5%20%D0%B2%D0%B8%D0%B4%D0%B5%D0%BE"},{"id":1246245,"title":"треш видео","value":"%D1%82%D1%80%D0%B5%D1%88%20%D0%B2%D0%B8%D0%B4%D0%B5%D0%BE"},{"id":4480,"title":"приколы","value":"%D0%BF%D1%80%D0%B8%D0%BA%D0%BE%D0%BB%D1%8B"},{"id":301337,"title":"2022","value":"2022"},{"id":6671573,"title":"поздравления людей","value":"%D0%BF%D0%BE%D0%B7%D0%B4%D1%80%D0%B0%D0%B2%D0%BB%D0%B5%D0%BD%D0%B8%D1%8F%20%D0%BB%D1%8E%D0%B4%D0%B5%D0%B9"},{"id":4861,"title":"обзор","value":"%D0%BE%D0%B1%D0%B7%D0%BE%D1%80"},{"id":4679,"title":"шутки","value":"%D1%88%D1%83%D1%82%D0%BA%D0%B8"},{"id":22887,"title":"мемы","value":"%D0%BC%D0%B5%D0%BC%D1%8B"},{"id":6371431,"title":"ястрем","value":"%D1%8F%D1%81%D1%82%D1%80%D0%B5%D0%BC"},{"id":5441,"title":"школьники","value":"%D1%88%D0%BA%D0%BE%D0%BB%D1%8C%D0%BD%D0%B8%D0%BA%D0%B8"},{"id":1194,"title":"треш","value":"%D1%82%D1%80%D0%B5%D1%88"},{"id":3871031,"title":"треш контент","value":"%D1%82%D1%80%D0%B5%D1%88%20%D0%BA%D0%BE%D0%BD%D1%82%D0%B5%D0%BD%D1%82"},{"id":6145929,"title":"кузякин","value":"%D0%BA%D1%83%D0%B7%D1%8F%D0%BA%D0%B8%D0%BD"},{"id":6671574,"title":"зинаида матук","value":"%D0%B7%D0%B8%D0%BD%D0%B0%D0%B8%D0%B4%D0%B0%20%D0%BC%D0%B0%D1%82%D1%83%D0%BA"},{"id":636155,"title":"тимур сидельников","value":"%D1%82%D0%B8%D0%BC%D1%83%D1%80%20%D1%81%D0%B8%D0%B4%D0%B5%D0%BB%D1%8C%D0%BD%D0%B8%D0%BA%D0%BE%D0%B2"}],"categories":[{"id":115,"title":"Stand-up & Jokes","permalink":"standup-jokes","subscriptions_count":2029964,"big_image_url":"https://coub-anubis-a.akamaized.net/coub_storage/category/cw_image/e705818f6da/2d68d0903305d728e1d5b/big_1622039112_Stand-up.png","small_image_url":"https://coub-anubis-a.akamaized.net/coub_storage/category/cw_image/e705818f6da/2d68d0903305d728e1d5b/small_1622039112_Stand-up.png","med_image_url":"https://coub-anubis-a.akamaized.net/coub_storage/category/cw_image/e705818f6da/2d68d0903305d728e1d5b/med_1622039112_Stand-up.png","visible":true}],"communities":[{"id":115,"title":"Stand-up & Jokes","permalink":"standup-jokes","subscriptions_count":2029964,"big_image_url":"https://coub-anubis-a.akamaized.net/coub_storage/category/cw_image/e705818f6da/2d68d0903305d728e1d5b/big_1622039112_Stand-up.png","small_image_url":"https://coub-anubis-a.akamaized.net/coub_storage/category/cw_image/e705818f6da/2d68d0903305d728e1d5b/small_1622039112_Stand-up.png","med_image_url":"https://coub-anubis-a.akamaized.net/coub_storage/category/cw_image/e705818f6da/2d68d0903305d728e1d5b/med_1622039112_Stand-up.png","i_subscribed":true,"community_notifications_enabled":null,"description":null}],"recoubs_count":1,"remixes_count":0,"likes_count":6,"dislikes_count":0,"raw_video_id":17011792,"uploaded_by_ios_app":false,"uploaded_by_android_app":false,"media_blocks":{"uploaded_raw_videos":[],"external_raw_videos":[{"id":40654939,"title":"НОВОГОДНИЕ САМОЦВЕТЫ ЮТУБА","url":"https://www.youtube.com/watch?v=7CAbFFoCrks","image":"https://coub-anubis-a.akamaized.net/coub_storage/media_block/cw_image/389da8e480e/d647b47241db2fe191b29/video_1640245410_dr56js_1640245243_1640245241_1ff1eha_att-url-download.webp","image_retina":"https://coub-anubis-a.akamaized.net/coub_storage/media_block/cw_image/389da8e480e/d647b47241db2fe191b29/video_retina_1640245410_dr56js_1640245243_1640245241_1ff1eha_att-url-download.webp","meta":{"service":"Youtube","duration":"789.44"},"duration":789.44,"raw_video_id":17011792,"has_embed":true}],"remixed_from_coubs":[],"external_video":{"id":40654939,"title":"НОВОГОДНИЕ САМОЦВЕТЫ ЮТУБА","url":"https://www.youtube.com/watch?v=7CAbFFoCrks","image":"https://coub-anubis-a.akamaized.net/coub_storage/media_block/cw_image/389da8e480e/d647b47241db2fe191b29/video_1640245410_dr56js_1640245243_1640245241_1ff1eha_att-url-download.webp","image_retina":"https://coub-anubis-a.akamaized.net/coub_storage/media_block/cw_image/389da8e480e/d647b47241db2fe191b29/video_retina_1640245410_dr56js_1640245243_1640245241_1ff1eha_att-url-download.webp","meta":{"service":"Youtube","duration":"789.44"},"duration":789.44,"raw_video_id":17011792,"has_embed":true}},"raw_video_thumbnail_url":"https://coub-anubis-a.akamaized.net/coub_storage/raw_video/cw_image/5296ffcbf8c/47e1943e45fefeb5ec600/coub_media_1640245243_1640245241_1ff1eha_att-url-download.webp","raw_video_title":"НОВОГОДНИЕ САМОЦВЕТЫ ЮТУБА","video_block_banned":false,"duration":8.96,"promo_winner":false,"promo_winner_recoubers":null,"editorial_info":{},"promo_hint":null,"beeline_best_2014":null,"from_web_editor":true,"normalize_sound":true,"normalize_change_allowed":true,"best2015_addable":false,"ahmad_promo":null,"promo_data":null,"audio_copyright_claim":null,"ads_disabled":null,"is_safe_for_ads":true,"megafon_contents":[],"position_on_page":7},{"flag":null,"abuses":null,"recoubs_by_users_channels":null,"favourite":false,"promoted_id":null,"recoub":null,"like":null,"dislike":null,"reaction":null,"in_my_best2015":false,"id":180455624,"type":"Coub::Simple","permalink":"2z3bdj","title":"НОВОГОДНИЕ САМОЦВЕТЫ ЮТУБА","visibility_type":"public","original_visibility_type":"public","channel_id":11027512,"created_at":"2021-12-23T07:48:19Z","updated_at":"2022-02-07T12:09:59Z","is_done":true,"views_count":6901,"cotd":null,"cotd_at":null,"visible_on_explore_root":false,"visible_on_explore":false,"featured":false,"published":true,"published_at":"2021-12-23T07:48:19Z","reversed":false,"from_editor_v2":true,"is_editable":true,"original_sound":true,"has_sound":true,"recoub_to":null,"file_versions":{"html5":{"video":{"higher":{"url":"https://coub-anubis-a.akamaized.net/coub_storage/coub/simple/cw_file/daf7c19e38c/6ff5bd3683540cc366320/muted_mp4_huge_size_1640245731_muted_huge.mp4","size":1380998},"high":{"url":"https://coub-anubis-a.akamaized.net/coub_storage/coub/simple/cw_file/daf7c19e38c/6ff5bd3683540cc366320/muted_mp4_big_size_1640245731_muted_big.mp4","size":791640},"med":{"url":"https://coub-anubis-a.akamaized.net/coub_storage/coub/simple/cw_file/daf7c19e38c/6ff5bd3683540cc366320/muted_mp4_med_size_1640245731_muted_med.mp4","size":313057}},"audio":{"high":{"url":"https://coub-anubis-a.akamaized.net/coub_storage/coub/simple/cw_looped_audio_high/28f2fcd9765/1b501fecf342147cbda70/1640245732_mp3-high.mp3","size":865167},"med":{"url":"https://coub-anubis-a.akamaized.net/coub_storage/coub/simple/cw_looped_audio_med/2417eafcf77/4935d5974c3869e4d731f/1640245732_mp3-med.mp3","size":793512},"sample_duration":10.008}},"mobile":{"video":"https://coub-anubis-a.akamaized.net/coub_storage/coub/simple/cw_file/daf7c19e38c/6ff5bd3683540cc366320/muted_mp4_med_size_1640245731_muted_med.mp4","audio":["https://coub-anubis-a.akamaized.net/coub_storage/coub/simple/cw_looped_audio_med/2417eafcf77/4935d5974c3869e4d731f/1640245732_mp3-med.mp3"]},"share":{"default":"https://coub-anubis-a.akamaized.net/coub_storage/coub/simple/cw_video_for_sharing/2d2123b1f6d/3f49be369f2e71e496e54/1640245756_looped_1640245755.mp4"}},"audio_versions":{},"image_versions":{"template":"https://coub-anubis-a.akamaized.net/coub_storage/coub/simple/cw_image/a965c4558d3/3ca33752d14df35e7cfa8/%{version}_1640245736_00032.jpg","versions":["micro","tiny","age_restricted","ios_large","ios_mosaic","big","med","small","pinterest"]},"first_frame_versions":{"template":"https://coub-anubis-a.akamaized.net/coub_storage/coub/simple/cw_timeline_pic/d7a7ab0c896/a35b0eb1d5e0ea4432bbe/%{version}_1640245735_image.jpg","versions":["big","med","small","ios_large"]},"dimensions":{"big":[1280,720],"med":[640,360]},"site_w_h":[640,360],"page_w_h":[640,360],"site_w_h_small":[310,174],"size":[1280,720],"age_restricted":false,"age_restricted_by_admin":false,"not_safe_for_work":null,"allow_reuse":false,"dont_crop":true,"banned":false,"global_safe":null,"audio_file_url":null,"external_download":{"type":"Youtube","service_name":"YouTube","url":"https://youtu.be/7CAbFFoCrks","has_embed":true},"application":null,"channel":{"id":11027512,"permalink":"deb9876223","title":"Deb","description":null,"followers_count":1,"following_count":11,"avatar_versions":{"template":"https://coubsecureassets-a.akamaihd.net/assets/default-avatars/317-5eab0fb96e82a7dfa5ee0b0f2bb95aea3e4472f50b139f952d3875e61ef56eb8.png"}},"file":null,"picture":"https://coub-anubis-a.akamaized.net/coub_storage/coub/simple/cw_image/a965c4558d3/3ca33752d14df35e7cfa8/med_1640245736_00032.jpg","timeline_picture":"https://coub-anubis-a.akamaized.net/coub_storage/coub/simple/cw_timeline_pic/d7a7ab0c896/a35b0eb1d5e0ea4432bbe/ios_large_1640245735_image.jpg","small_picture":"https://coub-anubis-a.akamaized.net/coub_storage/coub/simple/cw_image/a965c4558d3/3ca33752d14df35e7cfa8/ios_mosaic_1640245736_00032.jpg","sharing_picture":null,"percent_done":100,"tags":[{"id":21054,"title":"новый год","value":"%D0%BD%D0%BE%D0%B2%D1%8B%D0%B9%20%D0%B3%D0%BE%D0%B4"},{"id":433072,"title":"новогодние видео","value":"%D0%BD%D0%BE%D0%B2%D0%BE%D0%B3%D0%BE%D0%B4%D0%BD%D0%B8%D0%B5%20%D0%B2%D0%B8%D0%B4%D0%B5%D0%BE"},{"id":1246245,"title":"треш видео","value":"%D1%82%D1%80%D0%B5%D1%88%20%D0%B2%D0%B8%D0%B4%D0%B5%D0%BE"},{"id":4480,"title":"приколы","value":"%D0%BF%D1%80%D0%B8%D0%BA%D0%BE%D0%BB%D1%8B"},{"id":301337,"title":"2022","value":"2022"},{"id":6671573,"title":"поздравления людей","value":"%D0%BF%D0%BE%D0%B7%D0%B4%D1%80%D0%B0%D0%B2%D0%BB%D0%B5%D0%BD%D0%B8%D1%8F%20%D0%BB%D1%8E%D0%B4%D0%B5%D0%B9"},{"id":4861,"title":"обзор","value":"%D0%BE%D0%B1%D0%B7%D0%BE%D1%80"},{"id":4679,"title":"шутки","value":"%D1%88%D1%83%D1%82%D0%BA%D0%B8"},{"id":22887,"title":"мемы","value":"%D0%BC%D0%B5%D0%BC%D1%8B"},{"id":6371431,"title":"ястрем","value":"%D1%8F%D1%81%D1%82%D1%80%D0%B5%D0%BC"},{"id":5441,"title":"школьники","value":"%D1%88%D0%BA%D0%BE%D0%BB%D1%8C%D0%BD%D0%B8%D0%BA%D0%B8"},{"id":1194,"title":"треш","value":"%D1%82%D1%80%D0%B5%D1%88"},{"id":3871031,"title":"треш контент","value":"%D1%82%D1%80%D0%B5%D1%88%20%D0%BA%D0%BE%D0%BD%D1%82%D0%B5%D0%BD%D1%82"},{"id":6145929,"title":"кузякин","value":"%D0%BA%D1%83%D0%B7%D1%8F%D0%BA%D0%B8%D0%BD"},{"id":6671574,"title":"зинаида матук","value":"%D0%B7%D0%B8%D0%BD%D0%B0%D0%B8%D0%B4%D0%B0%20%D0%BC%D0%B0%D1%82%D1%83%D0%BA"},{"id":636155,"title":"тимур сидельников","value":"%D1%82%D0%B8%D0%BC%D1%83%D1%80%20%D1%81%D0%B8%D0%B4%D0%B5%D0%BB%D1%8C%D0%BD%D0%B8%D0%BA%D0%BE%D0%B2"}],"categories":[{"id":115,"title":"Stand-up & Jokes","permalink":"standup-jokes","subscriptions_count":2029964,"big_image_url":"https://coub-anubis-a.akamaized.net/coub_storage/category/cw_image/e705818f6da/2d68d0903305d728e1d5b/big_1622039112_Stand-up.png","small_image_url":"https://coub-anubis-a.akamaized.net/coub_storage/category/cw_image/e705818f6da/2d68d0903305d728e1d5b/small_1622039112_Stand-up.png","med_image_url":"https://coub-anubis-a.akamaized.net/coub_storage/category/cw_image/e705818f6da/2d68d0903305d728e1d5b/med_1622039112_Stand-up.png","visible":true}],"communities":[{"id":115,"title":"Stand-up & Jokes","permalink":"standup-jokes","subscriptions_count":2029964,"big_image_url":"https://coub-anubis-a.akamaized.net/coub_storage/category/cw_image/e705818f6da/2d68d0903305d728e1d5b/big_1622039112_Stand-up.png","small_image_url":"https://coub-anubis-a.akamaized.net/coub_storage/category/cw_image/e705818f6da/2d68d0903305d728e1d5b/small_1622039112_Stand-up.png","med_image_url":"https://coub-anubis-a.akamaized.net/coub_storage/category/cw_image/e705818f6da/2d68d0903305d728e1d5b/med_1622039112_Stand-up.png","i_subscribed":true,"community_notifications_enabled":null,"description":null}],"recoubs_count":2,"remixes_count":0,"likes_count":6,"dislikes_count":0,"raw_video_id":17011792,"uploaded_by_ios_app":false,"uploaded_by_android_app":false,"media_blocks":{"uploaded_raw_videos":[],"external_raw_videos":[{"id":40654939,"title":"НОВОГОДНИЕ САМОЦВЕТЫ ЮТУБА","url":"https://www.youtube.com/watch?v=7CAbFFoCrks","image":"https://coub-anubis-a.akamaized.net/coub_storage/media_block/cw_image/389da8e480e/d647b47241db2fe191b29/video_1640245410_dr56js_1640245243_1640245241_1ff1eha_att-url-download.webp","image_retina":"https://coub-anubis-a.akamaized.net/coub_storage/media_block/cw_image/389da8e480e/d647b47241db2fe191b29/video_retina_1640245410_dr56js_1640245243_1640245241_1ff1eha_att-url-download.webp","meta":{"service":"Youtube","duration":"789.44"},"duration":789.44,"raw_video_id":17011792,"has_embed":true}],"remixed_from_coubs":[],"external_video":{"id":40654939,"title":"НОВОГОДНИЕ САМОЦВЕТЫ ЮТУБА","url":"https://www.youtube.com/watch?v=7CAbFFoCrks","image":"https://coub-anubis-a.akamaized.net/coub_storage/media_block/cw_image/389da8e480e/d647b47241db2fe191b29/video_1640245410_dr56js_1640245243_1640245241_1ff1eha_att-url-download.webp","image_retina":"https://coub-anubis-a.akamaized.net/coub_storage/media_block/cw_image/389da8e480e/d647b47241db2fe191b29/video_retina_1640245410_dr56js_1640245243_1640245241_1ff1eha_att-url-download.webp","meta":{"service":"Youtube","duration":"789.44"},"duration":789.44,"raw_video_id":17011792,"has_embed":true}},"raw_video_thumbnail_url":"https://coub-anubis-a.akamaized.net/coub_storage/raw_video/cw_image/5296ffcbf8c/47e1943e45fefeb5ec600/coub_media_1640245243_1640245241_1ff1eha_att-url-download.webp","raw_video_title":"НОВОГОДНИЕ САМОЦВЕТЫ ЮТУБА","video_block_banned":false,"duration":10.0,"promo_winner":false,"promo_winner_recoubers":null,"editorial_info":{},"promo_hint":null,"beeline_best_2014":null,"from_web_editor":true,"normalize_sound":true,"normalize_change_allowed":true,"best2015_addable":false,"ahmad_promo":null,"promo_data":null,"audio_copyright_claim":null,"ads_disabled":null,"is_safe_for_ads":true,"megafon_contents":[],"position_on_page":8},{"flag":null,"abuses":null,"recoubs_by_users_channels":null,"favourite":false,"promoted_id":null,"recoub":null,"like":null,"dislike":null,"reaction":null,"in_my_best2015":false,"id":180449897,"type":"Coub::Simple","permalink":"2z36yg","title":"klapof to (BAD THING)","visibility_type":"public","original_visibility_type":"public","channel_id":13008688,"created_at":"2021-12-23T03:27:46Z","updated_at":"2022-01-07T20:29:04Z","is_done":true,"views_count":9764,"cotd":null,"cotd_at":null,"visible_on_explore_root":false,"visible_on_explore":false,"featured":false,"published":true,"published_at":"2021-12-23T03:27:46Z","reversed":false,"from_editor_v2":true,"is_editable":true,"original_sound":true,"has_sound":true,"recoub_to":null,"file_versions":{"html5":{"video":{"higher":{"url":"https://coub-anubis-a.akamaized.net/coub_storage/coub/simple/cw_file/a3cfaa2846a/29ab91929fd310b14a73b/muted_mp4_huge_size_1640230073_muted_huge.mp4","size":618161},"high":{"url":"https://coub-anubis-a.akamaized.net/coub_storage/coub/simple/cw_file/a3cfaa2846a/29ab91929fd310b14a73b/muted_mp4_big_size_1640230073_muted_big.mp4","size":416020},"med":{"url":"https://coub-anubis-a.akamaized.net/coub_storage/coub/simple/cw_file/a3cfaa2846a/29ab91929fd310b14a73b/muted_mp4_med_size_1640230073_muted_med.mp4","size":130751}},"audio":{"high":{"url":"https://coub-anubis-a.akamaized.net/coub_storage/coub/simple/cw_looped_audio_high/0f5fbcdb133/7ee6332a9efb914b99c57/1640230075_mp3-high.mp3","size":1264385},"med":{"url":"https://coub-anubis-a.akamaized.net/coub_storage/coub/simple/cw_looped_audio_med/051bc667805/6119b4d0d894b9a1881b7/1640230074_mp3-med.mp3","size":937260},"sample_duration":4.923}},"mobile":{"video":"https://coub-anubis-a.akamaized.net/coub_storage/coub/simple/cw_file/a3cfaa2846a/29ab91929fd310b14a73b/muted_mp4_med_size_1640230073_muted_med.mp4","audio":["https://coub-anubis-a.akamaized.net/coub_storage/coub/simple/cw_looped_audio_med/051bc667805/6119b4d0d894b9a1881b7/1640230074_mp3-med.mp3"]},"share":{"default":"https://coub-anubis-a.akamaized.net/coub_storage/coub/simple/cw_video_for_sharing/8e285262927/3113f835cad3ac969c9fd/1640230098_looped_1640230097.mp4"}},"audio_versions":{},"image_versions":{"template":"https://coub-anubis-a.akamaized.net/coub_storage/coub/simple/cw_image/b59ca5dd1c5/f4d6ab760c1ae27e472ab/%{version}_1640230078_00015.jpg","versions":["micro","tiny","age_restricted","ios_large","ios_mosaic","big","med","small","pinterest"]},"first_frame_versions":{"template":"https://coub-anubis-a.akamaized.net/coub_storage/coub/simple/cw_timeline_pic/007c87f94a0/365568704c21a9e691605/%{version}_1640230077_image.jpg","versions":["big","med","small","ios_large"]},"dimensions":{"big":[1280,720],"med":[640,360]},"site_w_h":[640,360],"page_w_h":[640,360],"site_w_h_small":[310,174],"size":[1280,720],"age_restricted":false,"age_restricted_by_admin":false,"not_safe_for_work":null,"allow_reuse":false,"dont_crop":true,"banned":false,"global_safe":true,"audio_file_url":null,"external_download":false,"application":null,"channel":{"id":13008688,"permalink":"pinkband","title":"☘ PinkBand / PB ☘","description":"Credit to anyone who owns their content in this video","followers_count":6,"following_count":107,"avatar_versions":{"template":"https://coub-anubis-a.akamaized.net/coub_storage/channel/cw_avatar/c6c6f056f9c/23a7151d484936bbab101/%{version}_1639367115_hqdefault__8_.jpg","versions":["medium","medium_2x","profile_pic","profile_pic_new","profile_pic_new_2x","tiny","tiny_2x","small","small_2x","ios_large","ios_small"]}},"file":null,"picture":"https://coub-anubis-a.akamaized.net/coub_storage/coub/simple/cw_image/b59ca5dd1c5/f4d6ab760c1ae27e472ab/med_1640230078_00015.jpg","timeline_picture":"https://coub-anubis-a.akamaized.net/coub_storage/coub/simple/cw_timeline_pic/007c87f94a0/365568704c21a9e691605/ios_large_1640230077_image.jpg","small_picture":"https://coub-anubis-a.akamaized.net/coub_storage/coub/simple/cw_image/b59ca5dd1c5/f4d6ab760c1ae27e472ab/ios_mosaic_1640230078_00015.jpg","sharing_picture":null,"percent_done":100,"tags":[{"id":666506,"title":"screamandplay","value":"screamandplay"},{"id":86,"title":"music","value":"music"},{"id":66938,"title":"brass","value":"brass"},{"id":7519,"title":"khan","value":"khan"},{"id":666483,"title":"no bs! brass band","value":"no%20bs!%20brass%20band"},{"id":3642694,"title":"uhhh...","value":"uhhh..."},{"id":3666463,"title":"splices","value":"splices"},{"id":3028098,"title":"k o","value":"k%20o"},{"id":8856,"title":"ko","value":"ko"}],"categories":[{"id":115,"title":"Stand-up & Jokes","permalink":"standup-jokes","subscriptions_count":2029964,"big_image_url":"https://coub-anubis-a.akamaized.net/coub_storage/category/cw_image/e705818f6da/2d68d0903305d728e1d5b/big_1622039112_Stand-up.png","small_image_url":"https://coub-anubis-a.akamaized.net/coub_storage/category/cw_image/e705818f6da/2d68d0903305d728e1d5b/small_1622039112_Stand-up.png","med_image_url":"https://coub-anubis-a.akamaized.net/coub_storage/category/cw_image/e705818f6da/2d68d0903305d728e1d5b/med_1622039112_Stand-up.png","visible":true}],"communities":[{"id":115,"title":"Stand-up & Jokes","permalink":"standup-jokes","subscriptions_count":2029964,"big_image_url":"https://coub-anubis-a.akamaized.net/coub_storage/category/cw_image/e705818f6da/2d68d0903305d728e1d5b/big_1622039112_Stand-up.png","small_image_url":"https://coub-anubis-a.akamaized.net/coub_storage/category/cw_image/e705818f6da/2d68d0903305d728e1d5b/small_1622039112_Stand-up.png","med_image_url":"https://coub-anubis-a.akamaized.net/coub_storage/category/cw_image/e705818f6da/2d68d0903305d728e1d5b/med_1622039112_Stand-up.png","i_subscribed":true,"community_notifications_enabled":null,"description":null}],"recoubs_count":4,"remixes_count":1,"likes_count":6,"dislikes_count":0,"raw_video_id":"","uploaded_by_ios_app":false,"uploaded_by_android_app":false,"media_blocks":{"uploaded_raw_videos":[],"external_raw_videos":[],"remixed_from_coubs":[{"id":27473978,"title":"KO","url":"https://coub.com/coubs/1botjg/remix","image":"https://coub-anubis-a.akamaized.net/coub_storage/media_block/cw_image/87f146e1e9c/ac696f8709251affdc12c/1532714434_1532714426_00007.jpg","image_retina":"https://coub-anubis-a.akamaized.net/coub_storage/media_block/cw_image/87f146e1e9c/ac696f8709251affdc12c/1532714434_1532714426_00007.jpg","meta":{"duration":"1.96"},"duration":null,"coub_channel_title":"Splices","coub_channel_permalink":"thesplices","coub_views_count":4364,"coub_permalink":"1botjg"},{"id":24351043,"title":"Uhhh...","url":"http://coub.com/coubs/12cv2r/remix","image":"https://coub-anubis-a.akamaized.net/coub_storage/media_block/cw_image/2121bbf3959/6aa603cb67017fe5cb371/1516643501_1516643485_00004.jpg","image_retina":"https://coub-anubis-a.akamaized.net/coub_storage/media_block/cw_image/2121bbf3959/6aa603cb67017fe5cb371/1516643501_1516643485_00004.jpg","meta":{"duration":"1.08"},"duration":null,"coub_channel_title":"Splices","coub_channel_permalink":"thesplices","coub_views_count":1116,"coub_permalink":"12cv2r"},{"id":28044870,"title":"Scream and Play","url":"https://coub.com/coubs/4q3je/remix","image":"https://coub-anubis-a.akamaized.net/coub_storage/media_block/cw_image/a255052b71e/8f46a2d1594b7b269997e/1536139945_1421941837_00022.jpg","image_retina":"https://coub-anubis-a.akamaized.net/coub_storage/media_block/cw_image/a255052b71e/8f46a2d1594b7b269997e/1536139945_1421941837_00022.jpg","meta":{"duration":"6.8"},"duration":null,"coub_channel_title":"Sasha Nilov","coub_channel_permalink":"sashanilov","coub_views_count":13649,"coub_permalink":"4q3je"}]},"raw_video_thumbnail_url":"","raw_video_title":"","video_block_banned":false,"duration":4.6,"promo_winner":false,"promo_winner_recoubers":null,"editorial_info":{},"promo_hint":null,"beeline_best_2014":null,"from_web_editor":true,"normalize_sound":true,"normalize_change_allowed":true,"best2015_addable":false,"ahmad_promo":null,"promo_data":null,"audio_copyright_claim":null,"ads_disabled":null,"is_safe_for_ads":true,"megafon_contents":[],"position_on_page":9},{"flag":null,"abuses":null,"recoubs_by_users_channels":null,"favourite":false,"promoted_id":null,"recoub":null,"like":null,"dislike":null,"reaction":null,"in_my_best2015":false,"id":180312648,"type":"Coub::Simple","permalink":"2z091z","title":"Симулятор Деда","visibility_type":"public","original_visibility_type":"public","channel_id":10612312,"created_at":"2021-12-20T02:16:14Z","updated_at":"2022-02-14T21:08:58Z","is_done":true,"views_count":5685,"cotd":null,"cotd_at":null,"visible_on_explore_root":false,"visible_on_explore":false,"featured":false,"published":true,"published_at":"2021-12-20T02:16:14Z","reversed":false,"from_editor_v2":true,"is_editable":true,"original_sound":true,"has_sound":true,"recoub_to":null,"file_versions":{"html5":{"video":{"higher":{"url":"https://coub-anubis-a.akamaized.net/coub_storage/coub/simple/cw_file/b993c42fe4f/e1bf7368097a58de7688c/muted_mp4_huge_size_1639966629_muted_huge.mp4","size":827111},"high":{"url":"https://coub-anubis-a.akamaized.net/coub_storage/coub/simple/cw_file/b993c42fe4f/e1bf7368097a58de7688c/muted_mp4_big_size_1639966629_muted_big.mp4","size":578599},"med":{"url":"https://coub-anubis-a.akamaized.net/coub_storage/coub/simple/cw_file/b993c42fe4f/e1bf7368097a58de7688c/muted_mp4_med_size_1639966629_muted_med.mp4","size":162071}},"audio":{"high":{"url":"https://coub-anubis-a.akamaized.net/coub_storage/coub/simple/cw_looped_audio_high/dd939890cf1/7747dc2cc664463ac62bf/1639966631_mp3-high.mp3","size":964678},"med":{"url":"https://coub-anubis-a.akamaized.net/coub_storage/coub/simple/cw_looped_audio_med/fbc794fe2f4/94a7c126bf4ff55dc69e0/1639966630_mp3-med.mp3","size":869549},"sample_duration":9.079}},"mobile":{"video":"https://coub-anubis-a.akamaized.net/coub_storage/coub/simple/cw_file/b993c42fe4f/e1bf7368097a58de7688c/muted_mp4_med_size_1639966629_muted_med.mp4","audio":["https://coub-anubis-a.akamaized.net/coub_storage/coub/simple/cw_looped_audio_med/fbc794fe2f4/94a7c126bf4ff55dc69e0/1639966630_mp3-med.mp3"]},"share":{"default":"https://coub-anubis-a.akamaized.net/coub_storage/coub/simple/cw_video_for_sharing/d3afb271123/99ba062a1c5a278ea09c1/1639966652_looped_1639966651.mp4"}},"audio_versions":{},"image_versions":{"template":"https://coub-anubis-a.akamaized.net/coub_storage/coub/simple/cw_image/ebf6345c6b8/240843ee894d51dc87581/%{version}_1639966635_00029.jpg","versions":["micro","tiny","age_restricted","ios_large","ios_mosaic","big","med","small","pinterest"]},"first_frame_versions":{"template":"https://coub-anubis-a.akamaized.net/coub_storage/coub/simple/cw_timeline_pic/082a3471ea6/20d7e0cdbc7f6d01592e1/%{version}_1639966634_image.jpg","versions":["big","med","small","ios_large"]},"dimensions":{"big":[1280,720],"med":[640,360]},"site_w_h":[640,360],"page_w_h":[640,360],"site_w_h_small":[310,174],"size":[1280,720],"age_restricted":false,"age_restricted_by_admin":false,"not_safe_for_work":null,"allow_reuse":false,"dont_crop":true,"banned":false,"global_safe":null,"audio_file_url":null,"external_download":{"type":"Youtube","service_name":"YouTube","url":"https://www.youtube.com/watch?v=onKK51lsS6A","has_embed":true},"application":null,"channel":{"id":10612312,"permalink":"slava-kuprin","title":"Slava Kuprin","description":"Спасибо всем подписавшимся!\r\nПостараюсь почаще вас смешить^^","followers_count":106,"following_count":26,"avatar_versions":{"template":"https://coub-anubis-a.akamaized.net/coub_storage/channel/cw_avatar/a4a46d7a32d/2a3e1e2c01c2ca11ff192/%{version}_1633034090_11.png","versions":["medium","medium_2x","profile_pic","profile_pic_new","profile_pic_new_2x","tiny","tiny_2x","small","small_2x","ios_large","ios_small"]}},"file":null,"picture":"https://coub-anubis-a.akamaized.net/coub_storage/coub/simple/cw_image/ebf6345c6b8/240843ee894d51dc87581/med_1639966635_00029.jpg","timeline_picture":"https://coub-anubis-a.akamaized.net/coub_storage/coub/simple/cw_timeline_pic/082a3471ea6/20d7e0cdbc7f6d01592e1/ios_large_1639966634_image.jpg","small_picture":"https://coub-anubis-a.akamaized.net/coub_storage/coub/simple/cw_image/ebf6345c6b8/240843ee894d51dc87581/ios_mosaic_1639966635_00029.jpg","sharing_picture":null,"percent_done":100,"tags":[{"id":29251,"title":"сыендук","value":"%D1%81%D1%8B%D0%B5%D0%BD%D0%B4%D1%83%D0%BA"},{"id":289173,"title":"sndk","value":"sndk"},{"id":6667215,"title":"симулятор деда | feat. сыендук и доф","value":"%D1%81%D0%B8%D0%BC%D1%83%D0%BB%D1%8F%D1%82%D0%BE%D1%80%20%D0%B4%D0%B5%D0%B4%D0%B0%20%7C%20feat.%20%D1%81%D1%8B%D0%B5%D0%BD%D0%B4%D1%83%D0%BA%20%D0%B8%20%D0%B4%D0%BE%D1%84"},{"id":275365,"title":"несколько","value":"%D0%BD%D0%B5%D1%81%D0%BA%D0%BE%D0%BB%D1%8C%D0%BA%D0%BE"},{"id":5985155,"title":"уровень сложности","value":"%D1%83%D1%80%D0%BE%D0%B2%D0%B5%D0%BD%D1%8C%20%D1%81%D0%BB%D0%BE%D0%B6%D0%BD%D0%BE%D1%81%D1%82%D0%B8"},{"id":1660084,"title":"позволит","value":"%D0%BF%D0%BE%D0%B7%D0%B2%D0%BE%D0%BB%D0%B8%D1%82"},{"id":1380002,"title":"как можно","value":"%D0%BA%D0%B0%D0%BA%20%D0%BC%D0%BE%D0%B6%D0%BD%D0%BE"},{"id":373768,"title":"глубже","value":"%D0%B3%D0%BB%D1%83%D0%B1%D0%B6%D0%B5"},{"id":6667216,"title":"погрузиться","value":"%D0%BF%D0%BE%D0%B3%D1%80%D1%83%D0%B7%D0%B8%D1%82%D1%8C%D1%81%D1%8F"},{"id":5375167,"title":"погрузиться в человека","value":"%D0%BF%D0%BE%D0%B3%D1%80%D1%83%D0%B7%D0%B8%D1%82%D1%8C%D1%81%D1%8F%20%D0%B2%20%D1%87%D0%B5%D0%BB%D0%BE%D0%B2%D0%B5%D0%BA%D0%B0"},{"id":2839,"title":"в","value":"%D0%B2"},{"id":1163159,"title":"твоего деда","value":"%D1%82%D0%B2%D0%BE%D0%B5%D0%B3%D0%BE%20%D0%B4%D0%B5%D0%B4%D0%B0"},{"id":4288311,"title":"симулятор деда","value":"%D1%81%D0%B8%D0%BC%D1%83%D0%BB%D1%8F%D1%82%D0%BE%D1%80%20%D0%B4%D0%B5%D0%B4%D0%B0"},{"id":4547195,"title":"дима сыендук","value":"%D0%B4%D0%B8%D0%BC%D0%B0%20%D1%81%D1%8B%D0%B5%D0%BD%D0%B4%D1%83%D0%BA"},{"id":3054971,"title":"дмитрий сыендук","value":"%D0%B4%D0%BC%D0%B8%D1%82%D1%80%D0%B8%D0%B9%20%D1%81%D1%8B%D0%B5%D0%BD%D0%B4%D1%83%D0%BA"},{"id":9297,"title":"егор","value":"%D0%B5%D0%B3%D0%BE%D1%80"},{"id":5946825,"title":"егор лоскутов","value":"%D0%B5%D0%B3%D0%BE%D1%80%20%D0%BB%D0%BE%D1%81%D0%BA%D1%83%D1%82%D0%BE%D0%B2"},{"id":5475922,"title":"гейммастерс","value":"%D0%B3%D0%B5%D0%B9%D0%BC%D0%BC%D0%B0%D1%81%D1%82%D0%B5%D1%80%D1%81"},{"id":5118,"title":"игра","value":"%D0%B8%D0%B3%D1%80%D0%B0"},{"id":2760341,"title":"трейлер игры","value":"%D1%82%D1%80%D0%B5%D0%B9%D0%BB%D0%B5%D1%80%20%D0%B8%D0%B3%D1%80%D1%8B"},{"id":8559,"title":"пародия","value":"%D0%BF%D0%B0%D1%80%D0%BE%D0%B4%D0%B8%D1%8F"},{"id":518839,"title":"пародия на трейлер","value":"%D0%BF%D0%B0%D1%80%D0%BE%D0%B4%D0%B8%D1%8F%20%D0%BD%D0%B0%20%D1%82%D1%80%D0%B5%D0%B9%D0%BB%D0%B5%D1%80"},{"id":953705,"title":"в смысле","value":"%D0%B2%20%D1%81%D0%BC%D1%8B%D1%81%D0%BB%D0%B5"},{"id":98796,"title":"короче","value":"%D0%BA%D0%BE%D1%80%D0%BE%D1%87%D0%B5"},{"id":6667217,"title":"надо будет","value":"%D0%BD%D0%B0%D0%B4%D0%BE%20%D0%B1%D1%83%D0%B4%D0%B5%D1%82"},{"id":6667218,"title":"переписать","value":"%D0%BF%D0%B5%D1%80%D0%B5%D0%BF%D0%B8%D1%81%D0%B0%D1%82%D1%8C"},{"id":6667219,"title":"эту строчку","value":"%D1%8D%D1%82%D1%83%20%D1%81%D1%82%D1%80%D0%BE%D1%87%D0%BA%D1%83"},{"id":6667220,"title":"надо будет переписать эту строчку","value":"%D0%BD%D0%B0%D0%B4%D0%BE%20%D0%B1%D1%83%D0%B4%D0%B5%D1%82%20%D0%BF%D0%B5%D1%80%D0%B5%D0%BF%D0%B8%D1%81%D0%B0%D1%82%D1%8C%20%D1%8D%D1%82%D1%83%20%D1%81%D1%82%D1%80%D0%BE%D1%87%D0%BA%D1%83"},{"id":6667221,"title":"позволит как можно глубже погрузиться в твоего деда","value":"%D0%BF%D0%BE%D0%B7%D0%B2%D0%BE%D0%BB%D0%B8%D1%82%20%D0%BA%D0%B0%D0%BA%20%D0%BC%D0%BE%D0%B6%D0%BD%D0%BE%20%D0%B3%D0%BB%D1%83%D0%B1%D0%B6%D0%B5%20%D0%BF%D0%BE%D0%B3%D1%80%D1%83%D0%B7%D0%B8%D1%82%D1%8C%D1%81%D1%8F%20%D0%B2%20%D1%82%D0%B2%D0%BE%D0%B5%D0%B3%D0%BE%20%D0%B4%D0%B5%D0%B4%D0%B0"},{"id":145017,"title":"то есть","value":"%D1%82%D0%BE%20%D0%B5%D1%81%D1%82%D1%8C"},{"id":4930,"title":"шутка","value":"%D1%88%D1%83%D1%82%D0%BA%D0%B0"}],"categories":[{"id":115,"title":"Stand-up & Jokes","permalink":"standup-jokes","subscriptions_count":2029964,"big_image_url":"https://coub-anubis-a.akamaized.net/coub_storage/category/cw_image/e705818f6da/2d68d0903305d728e1d5b/big_1622039112_Stand-up.png","small_image_url":"https://coub-anubis-a.akamaized.net/coub_storage/category/cw_image/e705818f6da/2d68d0903305d728e1d5b/small_1622039112_Stand-up.png","med_image_url":"https://coub-anubis-a.akamaized.net/coub_storage/category/cw_image/e705818f6da/2d68d0903305d728e1d5b/med_1622039112_Stand-up.png","visible":true}],"communities":[{"id":115,"title":"Stand-up & Jokes","permalink":"standup-jokes","subscriptions_count":2029964,"big_image_url":"https://coub-anubis-a.akamaized.net/coub_storage/category/cw_image/e705818f6da/2d68d0903305d728e1d5b/big_1622039112_Stand-up.png","small_image_url":"https://coub-anubis-a.akamaized.net/coub_storage/category/cw_image/e705818f6da/2d68d0903305d728e1d5b/small_1622039112_Stand-up.png","med_image_url":"https://coub-anubis-a.akamaized.net/coub_storage/category/cw_image/e705818f6da/2d68d0903305d728e1d5b/med_1622039112_Stand-up.png","i_subscribed":true,"community_notifications_enabled":null,"description":null}],"recoubs_count":0,"remixes_count":0,"likes_count":6,"dislikes_count":0,"raw_video_id":17004629,"uploaded_by_ios_app":false,"uploaded_by_android_app":false,"media_blocks":{"uploaded_raw_videos":[],"external_raw_videos":[{"id":40634675,"title":"СИМУЛЯТОР ДЕДА | feat. Сыендук и Доф","url":"https://www.youtube.com/watch?v=onKK51lsS6A","image":"https://coub-anubis-a.akamaized.net/coub_storage/media_block/cw_image/9b824a4cc38/b101dd3a8d586e4d4b7ec/video_1639966006_1w4a16w_1639965941_1639965937_10fnfqi_att-url-download.webp","image_retina":"https://coub-anubis-a.akamaized.net/coub_storage/media_block/cw_image/9b824a4cc38/b101dd3a8d586e4d4b7ec/video_retina_1639966006_1w4a16w_1639965941_1639965937_10fnfqi_att-url-download.webp","meta":{"service":"Youtube","duration":"281.8"},"duration":281.8,"raw_video_id":17004629,"has_embed":true}],"remixed_from_coubs":[],"external_video":{"id":40634675,"title":"СИМУЛЯТОР ДЕДА | feat. Сыендук и Доф","url":"https://www.youtube.com/watch?v=onKK51lsS6A","image":"https://coub-anubis-a.akamaized.net/coub_storage/media_block/cw_image/9b824a4cc38/b101dd3a8d586e4d4b7ec/video_1639966006_1w4a16w_1639965941_1639965937_10fnfqi_att-url-download.webp","image_retina":"https://coub-anubis-a.akamaized.net/coub_storage/media_block/cw_image/9b824a4cc38/b101dd3a8d586e4d4b7ec/video_retina_1639966006_1w4a16w_1639965941_1639965937_10fnfqi_att-url-download.webp","meta":{"service":"Youtube","duration":"281.8"},"duration":281.8,"raw_video_id":17004629,"has_embed":true}},"raw_video_thumbnail_url":"https://coub-anubis-a.akamaized.net/coub_storage/raw_video/cw_image/111cfb44127/76c934a0c40f2052ea1f0/coub_media_1639965941_1639965937_10fnfqi_att-url-download.webp","raw_video_title":"СИМУЛЯТОР ДЕДА | feat. Сыендук и Доф","video_block_banned":false,"duration":9.04,"promo_winner":false,"promo_winner_recoubers":null,"editorial_info":{},"promo_hint":null,"beeline_best_2014":null,"from_web_editor":true,"normalize_sound":true,"normalize_change_allowed":true,"best2015_addable":false,"ahmad_promo":null,"promo_data":null,"audio_copyright_claim":null,"ads_disabled":null,"is_safe_for_ads":true,"megafon_contents":[],"position_on_page":10}]}