{"page":203,"per_page":10,"total_pages":500,"coubs":[{"flag":null,"abuses":null,"recoubs_by_users_channels":null,"favourite":false,"promoted_id":null,"recoub":null,"like":null,"dislike":null,"reaction":null,"in_my_best2015":false,"id":170197010,"type":"Coub::Simple","permalink":"2szfq2","title":"BadComedian - как неожиданно и приятно ","visibility_type":"public","original_visibility_type":"public","channel_id":9503675,"created_at":"2021-06-08T19:56:09Z","updated_at":"2021-12-16T19:45:03Z","is_done":true,"views_count":13838,"cotd":null,"cotd_at":null,"visible_on_explore_root":false,"visible_on_explore":false,"featured":false,"published":true,"published_at":"2021-06-08T19:56:09Z","reversed":false,"from_editor_v2":true,"is_editable":true,"original_sound":true,"has_sound":true,"recoub_to":null,"file_versions":{"html5":{"video":{"higher":{"url":"https://coub-anubis-a.akamaized.net/coub_storage/coub/simple/cw_file/5c9b1baf6b2/91aeaf3805f263a6ced9a/muted_mp4_huge_size_1623182176_muted_huge.mp4","size":888701},"high":{"url":"https://coub-anubis-a.akamaized.net/coub_storage/coub/simple/cw_file/5c9b1baf6b2/91aeaf3805f263a6ced9a/muted_mp4_big_size_1623182176_muted_big.mp4","size":655940},"med":{"url":"https://coub-anubis-a.akamaized.net/coub_storage/coub/simple/cw_file/5c9b1baf6b2/91aeaf3805f263a6ced9a/muted_mp4_med_size_1623182176_muted_med.mp4","size":144554}},"audio":{"high":{"url":"https://coub-anubis-a.akamaized.net/coub_storage/coub/simple/cw_looped_audio_high/6c1767ef2aa/59cb6e8d69d7a78a0c18b/1623182178_mp3-high.mp3","size":1175606},"med":{"url":"https://coub-anubis-a.akamaized.net/coub_storage/coub/simple/cw_looped_audio_med/7012c4fa820/c629847d073b42d4ed440/1623182177_mp3-med.mp3","size":942837},"sample_duration":4.923}},"mobile":{"video":"https://coub-anubis-a.akamaized.net/coub_storage/coub/simple/cw_file/5c9b1baf6b2/91aeaf3805f263a6ced9a/muted_mp4_med_size_1623182176_muted_med.mp4","audio":["https://coub-anubis-a.akamaized.net/coub_storage/coub/simple/cw_looped_audio_med/7012c4fa820/c629847d073b42d4ed440/1623182177_mp3-med.mp3"]},"share":{"default":"https://coub-anubis-a.akamaized.net/coub_storage/coub/simple/cw_video_for_sharing/ea8867c2874/72dc00822e7ffb8204f5c/1623182199_looped_1623182198.mp4"}},"audio_versions":{},"image_versions":{"template":"https://coub-anubis-a.akamaized.net/coub_storage/coub/simple/cw_image/da827ba9a2b/5180a9c96484a9edbfe81/%{version}_1623182182_00016.jpg","versions":["micro","tiny","age_restricted","ios_large","ios_mosaic","big","med","small","pinterest"]},"first_frame_versions":{"template":"https://coub-anubis-a.akamaized.net/coub_storage/coub/simple/cw_timeline_pic/aba2020f2f3/a598f8fab9c4c5fa275ff/%{version}_1623182181_image.jpg","versions":["big","med","small","ios_large"]},"dimensions":{"big":[1280,720],"med":[640,360]},"site_w_h":[640,360],"page_w_h":[640,360],"site_w_h_small":[310,174],"size":[1280,720],"age_restricted":false,"age_restricted_by_admin":false,"not_safe_for_work":null,"allow_reuse":false,"dont_crop":true,"banned":false,"global_safe":null,"audio_file_url":null,"external_download":false,"application":null,"channel":{"id":9503675,"permalink":"badmoments","title":"BadMoments","description":"Фан-аккаунт BadComedian (обзоры, мемы, собственные монтажики и не только)","followers_count":116,"following_count":19,"avatar_versions":{"template":"https://coub-anubis-a.akamaized.net/coub_storage/channel/cw_avatar/ddc4f0acc7f/1ac1553023e876ef2a754/%{version}_1623821347__BadComedian__-_______________________________.mp4.00_03_28_06._______________________001.png","versions":["medium","medium_2x","profile_pic","profile_pic_new","profile_pic_new_2x","tiny","tiny_2x","small","small_2x","ios_large","ios_small"]}},"file":null,"picture":"https://coub-anubis-a.akamaized.net/coub_storage/coub/simple/cw_image/da827ba9a2b/5180a9c96484a9edbfe81/med_1623182182_00016.jpg","timeline_picture":"https://coub-anubis-a.akamaized.net/coub_storage/coub/simple/cw_timeline_pic/aba2020f2f3/a598f8fab9c4c5fa275ff/ios_large_1623182181_image.jpg","small_picture":"https://coub-anubis-a.akamaized.net/coub_storage/coub/simple/cw_image/da827ba9a2b/5180a9c96484a9edbfe81/ios_mosaic_1623182182_00016.jpg","sharing_picture":null,"percent_done":100,"tags":[{"id":2954,"title":"badcomedian","value":"badcomedian"},{"id":4861,"title":"обзор","value":"%D0%BE%D0%B1%D0%B7%D0%BE%D1%80"},{"id":254266,"title":"евгений баженов","value":"%D0%B5%D0%B2%D0%B3%D0%B5%D0%BD%D0%B8%D0%B9%20%D0%B1%D0%B0%D0%B6%D0%B5%D0%BD%D0%BE%D0%B2"},{"id":551835,"title":"зоя","value":"%D0%B7%D0%BE%D1%8F"}],"categories":[{"id":115,"title":"Stand-up & Jokes","permalink":"standup-jokes","subscriptions_count":2029964,"big_image_url":"https://coub-anubis-a.akamaized.net/coub_storage/category/cw_image/e705818f6da/2d68d0903305d728e1d5b/big_1622039112_Stand-up.png","small_image_url":"https://coub-anubis-a.akamaized.net/coub_storage/category/cw_image/e705818f6da/2d68d0903305d728e1d5b/small_1622039112_Stand-up.png","med_image_url":"https://coub-anubis-a.akamaized.net/coub_storage/category/cw_image/e705818f6da/2d68d0903305d728e1d5b/med_1622039112_Stand-up.png","visible":true}],"communities":[{"id":115,"title":"Stand-up & Jokes","permalink":"standup-jokes","subscriptions_count":2029964,"big_image_url":"https://coub-anubis-a.akamaized.net/coub_storage/category/cw_image/e705818f6da/2d68d0903305d728e1d5b/big_1622039112_Stand-up.png","small_image_url":"https://coub-anubis-a.akamaized.net/coub_storage/category/cw_image/e705818f6da/2d68d0903305d728e1d5b/small_1622039112_Stand-up.png","med_image_url":"https://coub-anubis-a.akamaized.net/coub_storage/category/cw_image/e705818f6da/2d68d0903305d728e1d5b/med_1622039112_Stand-up.png","i_subscribed":true,"community_notifications_enabled":null,"description":null}],"recoubs_count":5,"remixes_count":0,"likes_count":57,"dislikes_count":0,"raw_video_id":16512673,"uploaded_by_ios_app":false,"uploaded_by_android_app":true,"media_blocks":{"uploaded_raw_videos":[],"external_raw_videos":[],"remixed_from_coubs":[]},"raw_video_thumbnail_url":"/missing/missing.png","raw_video_title":null,"video_block_banned":false,"duration":4.92,"promo_winner":false,"promo_winner_recoubers":null,"editorial_info":{},"promo_hint":null,"beeline_best_2014":null,"from_web_editor":false,"normalize_sound":true,"normalize_change_allowed":true,"best2015_addable":false,"ahmad_promo":null,"promo_data":null,"audio_copyright_claim":null,"ads_disabled":null,"is_safe_for_ads":true,"megafon_contents":[],"position_on_page":1},{"flag":null,"abuses":null,"recoubs_by_users_channels":null,"favourite":false,"promoted_id":null,"recoub":null,"like":null,"dislike":null,"reaction":null,"in_my_best2015":false,"id":170116892,"type":"Coub::Simple","permalink":"2sxpwj","title":"Бетономешалка","visibility_type":"public","original_visibility_type":"public","channel_id":453625,"created_at":"2021-06-07T12:34:25Z","updated_at":"2022-01-20T23:30:16Z","is_done":true,"views_count":13100,"cotd":null,"cotd_at":null,"visible_on_explore_root":false,"visible_on_explore":false,"featured":false,"published":true,"published_at":"2021-06-07T12:34:25Z","reversed":false,"from_editor_v2":true,"is_editable":true,"original_sound":true,"has_sound":true,"recoub_to":null,"file_versions":{"html5":{"video":{"higher":{"url":"https://coub-anubis-a.akamaized.net/coub_storage/coub/simple/cw_file/c372b795fa1/bb8e82f91dff8fac13b72/muted_mp4_huge_size_1623069479_muted_huge.mp4","size":2106109},"high":{"url":"https://coub-anubis-a.akamaized.net/coub_storage/coub/simple/cw_file/c372b795fa1/bb8e82f91dff8fac13b72/muted_mp4_big_size_1623069479_muted_big.mp4","size":1471986},"med":{"url":"https://coub-anubis-a.akamaized.net/coub_storage/coub/simple/cw_file/c372b795fa1/bb8e82f91dff8fac13b72/muted_mp4_med_size_1623069479_muted_med.mp4","size":375990}},"audio":{"high":{"url":"https://coub-anubis-a.akamaized.net/coub_storage/coub/simple/cw_looped_audio_high/7695703312d/781f8b490068046921433/1623069482_mp3-high.mp3","size":1033488},"med":{"url":"https://coub-anubis-a.akamaized.net/coub_storage/coub/simple/cw_looped_audio_med/bed2d5f77c0/e5bb6f2bc1711a05ff93c/1623069481_mp3-med.mp3","size":799076},"sample_duration":10.008}},"mobile":{"video":"https://coub-anubis-a.akamaized.net/coub_storage/coub/simple/cw_file/c372b795fa1/bb8e82f91dff8fac13b72/muted_mp4_med_size_1623069479_muted_med.mp4","audio":["https://coub-anubis-a.akamaized.net/coub_storage/coub/simple/cw_looped_audio_med/bed2d5f77c0/e5bb6f2bc1711a05ff93c/1623069481_mp3-med.mp3"]},"share":{"default":"https://coub-anubis-a.akamaized.net/coub_storage/coub/simple/cw_video_for_sharing/49fe1f42cf7/18e5e172f767e5c27d159/1623069525_looped_1623069525.mp4"}},"audio_versions":{},"image_versions":{"template":"https://coub-anubis-a.akamaized.net/coub_storage/coub/simple/cw_image/ca832422ddb/dc8ffe701f34f78ded9b6/%{version}_1623069494_00032.jpg","versions":["micro","tiny","age_restricted","ios_large","ios_mosaic","big","med","small","pinterest"]},"first_frame_versions":{"template":"https://coub-anubis-a.akamaized.net/coub_storage/coub/simple/cw_timeline_pic/d5775893a2a/4b69878f7dbd794eb21eb/%{version}_1623069492_image.jpg","versions":["big","med","small","ios_large"]},"dimensions":{"big":[1280,720],"med":[640,360]},"site_w_h":[640,360],"page_w_h":[640,360],"site_w_h_small":[310,174],"size":[1280,720],"age_restricted":false,"age_restricted_by_admin":false,"not_safe_for_work":null,"allow_reuse":false,"dont_crop":true,"banned":false,"global_safe":null,"audio_file_url":null,"external_download":{"type":"Youtube","service_name":"YouTube","url":"https://youtu.be/DvbrqSBHe5k","has_embed":true},"application":null,"channel":{"id":453625,"permalink":"thebestofmyself","title":"thebestofmyself","description":null,"followers_count":59,"following_count":85,"avatar_versions":{"template":"https://coub-anubis-a.akamaized.net/coub_storage/channel/cw_avatar/f3779fd0f3d/7d23a5983bf9b67749ad4/%{version}_1474507701_jfbxhd_att-url-download.jpg","versions":["medium","medium_2x","profile_pic","profile_pic_new","profile_pic_new_2x","tiny","tiny_2x","small","small_2x","ios_large","ios_small"]}},"file":null,"picture":"https://coub-anubis-a.akamaized.net/coub_storage/coub/simple/cw_image/ca832422ddb/dc8ffe701f34f78ded9b6/med_1623069494_00032.jpg","timeline_picture":"https://coub-anubis-a.akamaized.net/coub_storage/coub/simple/cw_timeline_pic/d5775893a2a/4b69878f7dbd794eb21eb/ios_large_1623069492_image.jpg","small_picture":"https://coub-anubis-a.akamaized.net/coub_storage/coub/simple/cw_image/ca832422ddb/dc8ffe701f34f78ded9b6/ios_mosaic_1623069494_00032.jpg","sharing_picture":null,"percent_done":100,"tags":[],"categories":[{"id":115,"title":"Stand-up & Jokes","permalink":"standup-jokes","subscriptions_count":2029964,"big_image_url":"https://coub-anubis-a.akamaized.net/coub_storage/category/cw_image/e705818f6da/2d68d0903305d728e1d5b/big_1622039112_Stand-up.png","small_image_url":"https://coub-anubis-a.akamaized.net/coub_storage/category/cw_image/e705818f6da/2d68d0903305d728e1d5b/small_1622039112_Stand-up.png","med_image_url":"https://coub-anubis-a.akamaized.net/coub_storage/category/cw_image/e705818f6da/2d68d0903305d728e1d5b/med_1622039112_Stand-up.png","visible":true}],"communities":[{"id":115,"title":"Stand-up & Jokes","permalink":"standup-jokes","subscriptions_count":2029964,"big_image_url":"https://coub-anubis-a.akamaized.net/coub_storage/category/cw_image/e705818f6da/2d68d0903305d728e1d5b/big_1622039112_Stand-up.png","small_image_url":"https://coub-anubis-a.akamaized.net/coub_storage/category/cw_image/e705818f6da/2d68d0903305d728e1d5b/small_1622039112_Stand-up.png","med_image_url":"https://coub-anubis-a.akamaized.net/coub_storage/category/cw_image/e705818f6da/2d68d0903305d728e1d5b/med_1622039112_Stand-up.png","i_subscribed":true,"community_notifications_enabled":null,"description":null}],"recoubs_count":10,"remixes_count":0,"likes_count":57,"dislikes_count":0,"raw_video_id":16508494,"uploaded_by_ios_app":false,"uploaded_by_android_app":false,"media_blocks":{"uploaded_raw_videos":[],"external_raw_videos":[{"id":39028087,"title":"3 ПЛЮСА ФУНДАМЕНТА ИЗ ДОРОЖНЫХ ПЛИТ ПАГ-14","url":"https://www.youtube.com/watch?v=DvbrqSBHe5k","image":"https://coub-anubis-a.akamaized.net/coub_storage/media_block/cw_image/76342c84ead/58e714058bbd85a4b3320/video_1623068639_1gwpnu8_1623068318_1623068304_10x8xqu_att-url-download.webp","image_retina":"https://coub-anubis-a.akamaized.net/coub_storage/media_block/cw_image/76342c84ead/58e714058bbd85a4b3320/video_retina_1623068639_1gwpnu8_1623068318_1623068304_10x8xqu_att-url-download.webp","meta":{"service":"Youtube","duration":"641.04"},"duration":641.04,"raw_video_id":16508494,"has_embed":true}],"remixed_from_coubs":[],"external_video":{"id":39028087,"title":"3 ПЛЮСА ФУНДАМЕНТА ИЗ ДОРОЖНЫХ ПЛИТ ПАГ-14","url":"https://www.youtube.com/watch?v=DvbrqSBHe5k","image":"https://coub-anubis-a.akamaized.net/coub_storage/media_block/cw_image/76342c84ead/58e714058bbd85a4b3320/video_1623068639_1gwpnu8_1623068318_1623068304_10x8xqu_att-url-download.webp","image_retina":"https://coub-anubis-a.akamaized.net/coub_storage/media_block/cw_image/76342c84ead/58e714058bbd85a4b3320/video_retina_1623068639_1gwpnu8_1623068318_1623068304_10x8xqu_att-url-download.webp","meta":{"service":"Youtube","duration":"641.04"},"duration":641.04,"raw_video_id":16508494,"has_embed":true}},"raw_video_thumbnail_url":"https://coub-anubis-a.akamaized.net/coub_storage/raw_video/cw_image/42684d40b20/1c25bde18251084d87412/coub_media_1623068318_1623068304_10x8xqu_att-url-download.webp","raw_video_title":"3 ПЛЮСА ФУНДАМЕНТА ИЗ ДОРОЖНЫХ ПЛИТ ПАГ-14","video_block_banned":false,"duration":10.0,"promo_winner":false,"promo_winner_recoubers":null,"editorial_info":{},"promo_hint":null,"beeline_best_2014":null,"from_web_editor":true,"normalize_sound":true,"normalize_change_allowed":true,"best2015_addable":false,"ahmad_promo":null,"promo_data":null,"audio_copyright_claim":null,"ads_disabled":null,"is_safe_for_ads":true,"megafon_contents":[],"position_on_page":2},{"flag":null,"abuses":null,"recoubs_by_users_channels":null,"favourite":false,"promoted_id":null,"recoub":null,"like":null,"dislike":null,"reaction":null,"in_my_best2015":false,"id":169959792,"type":"Coub::Simple","permalink":"2sucom","title":"Когда жене скучно)","visibility_type":"public","original_visibility_type":"public","channel_id":3737619,"created_at":"2021-06-04T19:02:26Z","updated_at":"2022-01-29T13:31:28Z","is_done":true,"views_count":20010,"cotd":null,"cotd_at":null,"visible_on_explore_root":false,"visible_on_explore":false,"featured":false,"published":true,"published_at":"2021-06-04T19:02:26Z","reversed":false,"from_editor_v2":true,"is_editable":true,"original_sound":true,"has_sound":true,"recoub_to":null,"file_versions":{"html5":{"video":{"higher":{"url":"https://coub-anubis-a.akamaized.net/coub_storage/coub/simple/cw_file/336b7d3a69e/e8e9903fafcb9c9c6059e/muted_mp4_huge_size_1622833351_muted_huge.mp4","size":1721333},"high":{"url":"https://coub-anubis-a.akamaized.net/coub_storage/coub/simple/cw_file/336b7d3a69e/e8e9903fafcb9c9c6059e/muted_mp4_big_size_1622833351_muted_big.mp4","size":1062391},"med":{"url":"https://coub-anubis-a.akamaized.net/coub_storage/coub/simple/cw_file/336b7d3a69e/e8e9903fafcb9c9c6059e/muted_mp4_med_size_1622833351_muted_med.mp4","size":339838}},"audio":{"high":{"url":"https://coub-anubis-a.akamaized.net/coub_storage/coub/simple/cw_looped_audio_high/56faebd333d/adde4ef646b32e8587ced/1622833353_mp3-high.mp3","size":931873},"med":{"url":"https://coub-anubis-a.akamaized.net/coub_storage/coub/simple/cw_looped_audio_med/c950b9dcd3b/842ea5b7e8bce9267616b/1622833352_mp3-med.mp3","size":926114},"sample_duration":9.729}},"mobile":{"video":"https://coub-anubis-a.akamaized.net/coub_storage/coub/simple/cw_file/336b7d3a69e/e8e9903fafcb9c9c6059e/muted_mp4_med_size_1622833351_muted_med.mp4","audio":["https://coub-anubis-a.akamaized.net/coub_storage/coub/simple/cw_looped_audio_med/c950b9dcd3b/842ea5b7e8bce9267616b/1622833352_mp3-med.mp3"]},"share":{"default":"https://coub-anubis-a.akamaized.net/coub_storage/coub/simple/cw_video_for_sharing/e0fd83dcb26/b17f095249ecbeff87157/1622833375_looped_1622833375.mp4"}},"audio_versions":{},"image_versions":{"template":"https://coub-anubis-a.akamaized.net/coub_storage/coub/simple/cw_image/ba68b922eb2/4ce60f2348f1063640b02/%{version}_1622833356_00031.jpg","versions":["micro","tiny","age_restricted","ios_large","ios_mosaic","big","med","small","pinterest"]},"first_frame_versions":{"template":"https://coub-anubis-a.akamaized.net/coub_storage/coub/simple/cw_timeline_pic/757b11e8df7/66dadba2981721b4cdbe1/%{version}_1622833356_image.jpg","versions":["big","med","small","ios_large"]},"dimensions":{"big":[538,960],"med":[268,480]},"site_w_h":[224,400],"page_w_h":[400,714],"site_w_h_small":[310,553],"size":[538,960],"age_restricted":false,"age_restricted_by_admin":false,"not_safe_for_work":false,"allow_reuse":false,"dont_crop":true,"banned":false,"global_safe":null,"audio_file_url":null,"external_download":{"type":"TikTok","service_name":"TikTok","url":"https://www.tiktok.com/@kris776/video/6964401608323075330?is_copy_url=1&is_from_webapp=v1","has_embed":false},"application":null,"channel":{"id":3737619,"permalink":"coubfan1","title":"coubFan","description":null,"followers_count":132,"following_count":83,"avatar_versions":{"template":"https://coub-anubis-a.akamaized.net/coub_storage/channel/cw_avatar/81afc0c5bae/ae79b9808a40badd1ba16/%{version}_1607419484_179m2xu_1504272902_1.jpg","versions":["medium","medium_2x","profile_pic","profile_pic_new","profile_pic_new_2x","tiny","tiny_2x","small","small_2x","ios_large","ios_small"]}},"file":null,"picture":"https://coub-anubis-a.akamaized.net/coub_storage/coub/simple/cw_image/ba68b922eb2/4ce60f2348f1063640b02/med_1622833356_00031.jpg","timeline_picture":"https://coub-anubis-a.akamaized.net/coub_storage/coub/simple/cw_timeline_pic/757b11e8df7/66dadba2981721b4cdbe1/ios_large_1622833356_image.jpg","small_picture":"https://coub-anubis-a.akamaized.net/coub_storage/coub/simple/cw_image/ba68b922eb2/4ce60f2348f1063640b02/ios_mosaic_1622833356_00031.jpg","sharing_picture":null,"percent_done":100,"tags":[{"id":443,"title":"fail","value":"fail"},{"id":4480,"title":"приколы","value":"%D0%BF%D1%80%D0%B8%D0%BA%D0%BE%D0%BB%D1%8B"},{"id":265261,"title":"2021","value":"2021"},{"id":3204317,"title":"coubfan","value":"coubfan"},{"id":182,"title":"dance","value":"dance"}],"categories":[{"id":115,"title":"Stand-up & Jokes","permalink":"standup-jokes","subscriptions_count":2029964,"big_image_url":"https://coub-anubis-a.akamaized.net/coub_storage/category/cw_image/e705818f6da/2d68d0903305d728e1d5b/big_1622039112_Stand-up.png","small_image_url":"https://coub-anubis-a.akamaized.net/coub_storage/category/cw_image/e705818f6da/2d68d0903305d728e1d5b/small_1622039112_Stand-up.png","med_image_url":"https://coub-anubis-a.akamaized.net/coub_storage/category/cw_image/e705818f6da/2d68d0903305d728e1d5b/med_1622039112_Stand-up.png","visible":true}],"communities":[{"id":115,"title":"Stand-up & Jokes","permalink":"standup-jokes","subscriptions_count":2029964,"big_image_url":"https://coub-anubis-a.akamaized.net/coub_storage/category/cw_image/e705818f6da/2d68d0903305d728e1d5b/big_1622039112_Stand-up.png","small_image_url":"https://coub-anubis-a.akamaized.net/coub_storage/category/cw_image/e705818f6da/2d68d0903305d728e1d5b/small_1622039112_Stand-up.png","med_image_url":"https://coub-anubis-a.akamaized.net/coub_storage/category/cw_image/e705818f6da/2d68d0903305d728e1d5b/med_1622039112_Stand-up.png","i_subscribed":true,"community_notifications_enabled":null,"description":null}],"recoubs_count":17,"remixes_count":0,"likes_count":57,"dislikes_count":0,"raw_video_id":16500894,"uploaded_by_ios_app":false,"uploaded_by_android_app":false,"media_blocks":{"uploaded_raw_videos":[],"external_raw_videos":[{"id":39009167,"title":"300","url":"https://m.tiktok.com/v/6964401608323075330","image":"https://coub-anubis-a.akamaized.net/coub_storage/media_block/cw_image/7b84967354a/64d48b2b97edd0dc7bf01/video_1622832909_2zgnmb_1622832899_eefi3w_att-url-download","image_retina":"https://coub-anubis-a.akamaized.net/coub_storage/media_block/cw_image/7b84967354a/64d48b2b97edd0dc7bf01/video_retina_1622832909_2zgnmb_1622832899_eefi3w_att-url-download","meta":{"service":"TikTok","duration":"14.2"},"duration":14.2,"raw_video_id":16500894,"has_embed":false}],"remixed_from_coubs":[],"external_video":{"id":39009167,"title":"300","url":"https://m.tiktok.com/v/6964401608323075330","image":"https://coub-anubis-a.akamaized.net/coub_storage/media_block/cw_image/7b84967354a/64d48b2b97edd0dc7bf01/video_1622832909_2zgnmb_1622832899_eefi3w_att-url-download","image_retina":"https://coub-anubis-a.akamaized.net/coub_storage/media_block/cw_image/7b84967354a/64d48b2b97edd0dc7bf01/video_retina_1622832909_2zgnmb_1622832899_eefi3w_att-url-download","meta":{"service":"TikTok","duration":"14.2"},"duration":14.2,"raw_video_id":16500894,"has_embed":false}},"raw_video_thumbnail_url":"https://coub-anubis-a.akamaized.net/coub_storage/raw_video/cw_image/deaf2016df6/0e51f77dbd79e48194769/coub_media_1622832899_1622832899_eefi3w_att-url-download","raw_video_title":"300","video_block_banned":false,"duration":9.88,"promo_winner":false,"promo_winner_recoubers":null,"editorial_info":{},"promo_hint":null,"beeline_best_2014":null,"from_web_editor":true,"normalize_sound":true,"normalize_change_allowed":true,"best2015_addable":false,"ahmad_promo":null,"promo_data":null,"audio_copyright_claim":null,"ads_disabled":false,"is_safe_for_ads":true,"megafon_contents":[],"position_on_page":3},{"flag":null,"abuses":null,"recoubs_by_users_channels":null,"favourite":false,"promoted_id":null,"recoub":null,"like":null,"dislike":null,"reaction":null,"in_my_best2015":false,"id":169445421,"type":"Coub::Simple","permalink":"2sjbse","title":"Марго из MЁDа в парке","visibility_type":"public","original_visibility_type":"public","channel_id":721719,"created_at":"2021-05-26T22:02:32Z","updated_at":"2021-09-16T20:17:13Z","is_done":true,"views_count":26378,"cotd":null,"cotd_at":null,"visible_on_explore_root":false,"visible_on_explore":false,"featured":false,"published":true,"published_at":"2021-05-26T22:02:32Z","reversed":true,"from_editor_v2":true,"is_editable":true,"original_sound":false,"has_sound":false,"recoub_to":null,"file_versions":{"html5":{"video":{"higher":{"url":"https://coub-anubis-a.akamaized.net/coub_storage/coub/simple/cw_file/a14597b6b18/20897bfe5b60fb940fddd/muted_mp4_huge_size_1622066630_muted_huge.mp4","size":10827010},"high":{"url":"https://coub-anubis-a.akamaized.net/coub_storage/coub/simple/cw_file/a14597b6b18/20897bfe5b60fb940fddd/muted_mp4_big_size_1622066630_muted_big.mp4","size":7937086},"med":{"url":"https://coub-anubis-a.akamaized.net/coub_storage/coub/simple/cw_file/a14597b6b18/20897bfe5b60fb940fddd/muted_mp4_med_size_1622066630_muted_med.mp4","size":1809216}},"audio":{"high":{"url":"https://coub-anubis-a.akamaized.net/coub_storage/coub/simple/cw_looped_audio_high/c319812a3cf/d29b286f3947538d3da5d/1622066660_mp3-high.mp3","size":4090714},"med":{"url":"https://coub-anubis-a.akamaized.net/coub_storage/coub/simple/cw_looped_audio_med/e9e2ba43df2/5db12e972c74922222752/1622066657_mp3-med.mp3","size":3241830}}},"mobile":{"video":"https://coub-anubis-a.akamaized.net/coub_storage/coub/simple/cw_file/a14597b6b18/20897bfe5b60fb940fddd/muted_mp4_med_size_1622066630_muted_med.mp4","audio":["https://coub-anubis-a.akamaized.net/coub_storage/coub/simple/cw_looped_audio_med/e9e2ba43df2/5db12e972c74922222752/1622066657_mp3-med.mp3"]},"share":{"default":"https://coub-anubis-a.akamaized.net/coub_storage/coub/simple/cw_video_for_sharing/a62a62288eb/ce57db36b3a2d19f98440/1622066719_looped_1622066717.mp4"}},"audio_versions":{"template":"https://coub-anubis-a.akamaized.net/coub_storage/audio_track/cw_normalized_copy/9d141e1fdd0/7afa8bfec6b7a099bc4f3/mid_1622066642_normalized_1612100321_audio.mp3","versions":["mid","low"]},"image_versions":{"template":"https://coub-anubis-a.akamaized.net/coub_storage/coub/simple/cw_image/e2912da6ffb/638e72ec5faf40683f90b/%{version}_1622066672_00063.jpg","versions":["micro","tiny","age_restricted","ios_large","ios_mosaic","big","med","small","pinterest"]},"first_frame_versions":{"template":"https://coub-anubis-a.akamaized.net/coub_storage/coub/simple/cw_timeline_pic/40cbbda05a3/03e33524ab60395cf271b/%{version}_1622066670_image.jpg","versions":["big","med","small","ios_large"]},"dimensions":{"big":[1280,720],"med":[640,360]},"site_w_h":[640,360],"page_w_h":[640,360],"site_w_h_small":[310,174],"size":[1280,720],"age_restricted":false,"age_restricted_by_admin":false,"not_safe_for_work":false,"allow_reuse":false,"dont_crop":true,"banned":false,"global_safe":null,"audio_file_url":"https://coub-anubis-a.akamaized.net/coub_storage/audio_track/cw_normalized_copy/9d141e1fdd0/7afa8bfec6b7a099bc4f3/low_1622066642_normalized_1612100321_audio.mp3","external_download":{"type":"Youtube","service_name":"YouTube","url":"https://youtu.be/eIIQ7gz8DcQ","has_embed":true},"application":null,"channel":{"id":721719,"permalink":"lupuscampestris","title":"lupuscampestris","description":null,"followers_count":9,"following_count":10,"avatar_versions":{"template":"https://coub-anubis-a.akamaized.net/coub_storage/channel/cw_avatar/6bcd0d8551b/f34af5976181ecd775a4a/%{version}_1629720003_rBIIhPVMaCE.jpg","versions":["medium","medium_2x","profile_pic","profile_pic_new","profile_pic_new_2x","tiny","tiny_2x","small","small_2x","ios_large","ios_small"]}},"file":null,"picture":"https://coub-anubis-a.akamaized.net/coub_storage/coub/simple/cw_image/e2912da6ffb/638e72ec5faf40683f90b/med_1622066672_00063.jpg","timeline_picture":"https://coub-anubis-a.akamaized.net/coub_storage/coub/simple/cw_timeline_pic/40cbbda05a3/03e33524ab60395cf271b/ios_large_1622066670_image.jpg","small_picture":"https://coub-anubis-a.akamaized.net/coub_storage/coub/simple/cw_image/e2912da6ffb/638e72ec5faf40683f90b/ios_mosaic_1622066672_00063.jpg","sharing_picture":null,"percent_done":100,"tags":[{"id":40628,"title":"мёд","value":"%D0%BC%D1%91%D0%B4"},{"id":1846271,"title":"мёd","value":"%D0%BC%D1%91d"},{"id":681165,"title":"makeyourday","value":"makeyourday"},{"id":1846272,"title":"makeyoday","value":"makeyoday"},{"id":19825,"title":"med","value":"med"},{"id":1846274,"title":"мейкёдэй","value":"%D0%BC%D0%B5%D0%B9%D0%BA%D1%91%D0%B4%D1%8D%D0%B9"},{"id":1153,"title":"рыжая","value":"%D1%80%D1%8B%D0%B6%D0%B0%D1%8F"},{"id":116622,"title":"марго","value":"%D0%BC%D0%B0%D1%80%D0%B3%D0%BE"}],"categories":[{"id":115,"title":"Stand-up & Jokes","permalink":"standup-jokes","subscriptions_count":2029964,"big_image_url":"https://coub-anubis-a.akamaized.net/coub_storage/category/cw_image/e705818f6da/2d68d0903305d728e1d5b/big_1622039112_Stand-up.png","small_image_url":"https://coub-anubis-a.akamaized.net/coub_storage/category/cw_image/e705818f6da/2d68d0903305d728e1d5b/small_1622039112_Stand-up.png","med_image_url":"https://coub-anubis-a.akamaized.net/coub_storage/category/cw_image/e705818f6da/2d68d0903305d728e1d5b/med_1622039112_Stand-up.png","visible":true}],"communities":[{"id":115,"title":"Stand-up & Jokes","permalink":"standup-jokes","subscriptions_count":2029964,"big_image_url":"https://coub-anubis-a.akamaized.net/coub_storage/category/cw_image/e705818f6da/2d68d0903305d728e1d5b/big_1622039112_Stand-up.png","small_image_url":"https://coub-anubis-a.akamaized.net/coub_storage/category/cw_image/e705818f6da/2d68d0903305d728e1d5b/small_1622039112_Stand-up.png","med_image_url":"https://coub-anubis-a.akamaized.net/coub_storage/category/cw_image/e705818f6da/2d68d0903305d728e1d5b/med_1622039112_Stand-up.png","i_subscribed":true,"community_notifications_enabled":null,"description":null}],"recoubs_count":8,"remixes_count":0,"likes_count":57,"dislikes_count":0,"raw_video_id":16475835,"uploaded_by_ios_app":false,"uploaded_by_android_app":false,"media_blocks":{"uploaded_raw_videos":[],"external_raw_videos":[{"id":38947794,"title":"Ситуации, которые никогда не произойдут в парке","url":"https://www.youtube.com/watch?v=eIIQ7gz8DcQ","image":"https://coub-anubis-a.akamaized.net/coub_storage/media_block/cw_image/13a118d5170/f1ccb233a540a8b4c22b2/video_1622065433_1351mww_1622065352_1622065347_m54l8m_att-url-download.webp","image_retina":"https://coub-anubis-a.akamaized.net/coub_storage/media_block/cw_image/13a118d5170/f1ccb233a540a8b4c22b2/video_retina_1622065433_1351mww_1622065352_1622065347_m54l8m_att-url-download.webp","meta":{"service":"Youtube","duration":"295.92"},"duration":295.92,"raw_video_id":16475835,"has_embed":true}],"remixed_from_coubs":[],"external_video":{"id":38947794,"title":"Ситуации, которые никогда не произойдут в парке","url":"https://www.youtube.com/watch?v=eIIQ7gz8DcQ","image":"https://coub-anubis-a.akamaized.net/coub_storage/media_block/cw_image/13a118d5170/f1ccb233a540a8b4c22b2/video_1622065433_1351mww_1622065352_1622065347_m54l8m_att-url-download.webp","image_retina":"https://coub-anubis-a.akamaized.net/coub_storage/media_block/cw_image/13a118d5170/f1ccb233a540a8b4c22b2/video_retina_1622065433_1351mww_1622065352_1622065347_m54l8m_att-url-download.webp","meta":{"service":"Youtube","duration":"295.92"},"duration":295.92,"raw_video_id":16475835,"has_embed":true}},"raw_video_thumbnail_url":"https://coub-anubis-a.akamaized.net/coub_storage/raw_video/cw_image/8c3daa0c24c/e57215facfb97c600e194/coub_media_1622065352_1622065347_m54l8m_att-url-download.webp","raw_video_title":"Ситуации, которые никогда не произойдут в парке","video_block_banned":false,"duration":20.0,"promo_winner":false,"promo_winner_recoubers":null,"editorial_info":{},"promo_hint":null,"beeline_best_2014":null,"from_web_editor":true,"normalize_sound":true,"normalize_change_allowed":true,"best2015_addable":false,"ahmad_promo":null,"promo_data":null,"audio_copyright_claim":null,"ads_disabled":false,"is_safe_for_ads":true,"megafon_contents":[],"position_on_page":4},{"flag":null,"abuses":null,"recoubs_by_users_channels":null,"favourite":false,"promoted_id":null,"recoub":null,"like":null,"dislike":null,"reaction":null,"in_my_best2015":false,"id":183649318,"type":"Coub::Simple","permalink":"30zzdt","title":"tinder date","visibility_type":"public","original_visibility_type":"public","channel_id":3612582,"created_at":"2022-03-09T17:41:19Z","updated_at":"2022-03-14T23:39:41Z","is_done":true,"views_count":9367,"cotd":null,"cotd_at":null,"visible_on_explore_root":false,"visible_on_explore":false,"featured":false,"published":true,"published_at":"2022-03-09T17:41:19Z","reversed":false,"from_editor_v2":true,"is_editable":true,"original_sound":false,"has_sound":false,"recoub_to":null,"file_versions":{"html5":{"video":{"higher":{"url":"https://coub-anubis-a.akamaized.net/coub_storage/coub/simple/cw_file/b935141864a/7be73866b1de921f1cbaa/muted_mp4_huge_size_1646852575_muted_huge.mp4","size":928586},"high":{"url":"https://coub-anubis-a.akamaized.net/coub_storage/coub/simple/cw_file/b935141864a/7be73866b1de921f1cbaa/muted_mp4_big_size_1646852575_muted_big.mp4","size":593664},"med":{"url":"https://coub-anubis-a.akamaized.net/coub_storage/coub/simple/cw_file/b935141864a/7be73866b1de921f1cbaa/muted_mp4_med_size_1646852575_muted_med.mp4","size":215499}},"audio":{"high":{"url":"https://coub-anubis-a.akamaized.net/coub_storage/coub/simple/cw_looped_audio_high/a4f5f3b9a05/5d0d209be2f499705f5d3/1646852588_mp3-high.mp3","size":1830490},"med":{"url":"https://coub-anubis-a.akamaized.net/coub_storage/coub/simple/cw_looped_audio_med/538aeaf389f/a24d83b966ecd636137e2/1646852587_mp3-med.mp3","size":1413317}}},"mobile":{"video":"https://coub-anubis-a.akamaized.net/coub_storage/coub/simple/cw_file/b935141864a/7be73866b1de921f1cbaa/muted_mp4_med_size_1646852575_muted_med.mp4","audio":["https://coub-anubis-a.akamaized.net/coub_storage/coub/simple/cw_looped_audio_med/538aeaf389f/a24d83b966ecd636137e2/1646852587_mp3-med.mp3"]},"share":{"default":"https://coub-anubis-a.akamaized.net/coub_storage/coub/simple/cw_video_for_sharing/3fb2427d580/ea4bd08346b5cb4181296/1646852608_looped_1646852607.mp4"}},"audio_versions":{"template":"https://coub-anubis-a.akamaized.net/coub_storage/audio_track/cw_file/e5ced61c1da/b80b2af3d72743db3c8e8/mid_1646852577_4s62jg_edited.mp3","versions":["mid","low"]},"image_versions":{"template":"https://coub-anubis-a.akamaized.net/coub_storage/coub/simple/cw_image/1808aa4d190/d33c542878a7175e0edd3/%{version}_1646852592_00018.jpg","versions":["micro","tiny","age_restricted","ios_large","ios_mosaic","big","med","small","pinterest"]},"first_frame_versions":{"template":"https://coub-anubis-a.akamaized.net/coub_storage/coub/simple/cw_timeline_pic/4732b09d0f1/44be24ecd05676a74abfe/%{version}_1646852591_image.jpg","versions":["big","med","small","ios_large"]},"dimensions":{"big":[538,960],"med":[268,480]},"site_w_h":[224,400],"page_w_h":[400,714],"site_w_h_small":[310,553],"size":[538,960],"age_restricted":false,"age_restricted_by_admin":false,"not_safe_for_work":null,"allow_reuse":false,"dont_crop":true,"banned":false,"global_safe":null,"audio_file_url":"https://coub-anubis-a.akamaized.net/coub_storage/audio_track/cw_file/e5ced61c1da/b80b2af3d72743db3c8e8/low_1646852577_4s62jg_edited.mp3","external_download":false,"application":null,"channel":{"id":3612582,"permalink":"ejcorwin","title":"ej corwin","description":"don't follow me...maybe I'm going the wrong way =)","followers_count":175,"following_count":16,"avatar_versions":{"template":"https://coub-anubis-a.akamaized.net/coub_storage/channel/cw_avatar/791fcdc34ea/628a59df01813a9d5dda3/%{version}_1607725658_14bbwxx_1496556693____.JPG","versions":["medium","medium_2x","profile_pic","profile_pic_new","profile_pic_new_2x","tiny","tiny_2x","small","small_2x","ios_large","ios_small"]}},"file":null,"picture":"https://coub-anubis-a.akamaized.net/coub_storage/coub/simple/cw_image/1808aa4d190/d33c542878a7175e0edd3/med_1646852592_00018.jpg","timeline_picture":"https://coub-anubis-a.akamaized.net/coub_storage/coub/simple/cw_timeline_pic/4732b09d0f1/44be24ecd05676a74abfe/ios_large_1646852591_image.jpg","small_picture":"https://coub-anubis-a.akamaized.net/coub_storage/coub/simple/cw_image/1808aa4d190/d33c542878a7175e0edd3/ios_mosaic_1646852592_00018.jpg","sharing_picture":null,"percent_done":100,"tags":[{"id":6769313,"title":"al pack & solotek - true bliss","value":"al%20pack%20&%20solotek%20-%20true%20bliss"},{"id":1888803,"title":"liquid drum & bass","value":"liquid%20drum%20&%20bass"},{"id":1770071,"title":"positive vibes","value":"positive%20vibes"},{"id":22215,"title":"mood","value":"mood"},{"id":174,"title":"funny","value":"funny"}],"categories":[{"id":115,"title":"Stand-up & Jokes","permalink":"standup-jokes","subscriptions_count":2029964,"big_image_url":"https://coub-anubis-a.akamaized.net/coub_storage/category/cw_image/e705818f6da/2d68d0903305d728e1d5b/big_1622039112_Stand-up.png","small_image_url":"https://coub-anubis-a.akamaized.net/coub_storage/category/cw_image/e705818f6da/2d68d0903305d728e1d5b/small_1622039112_Stand-up.png","med_image_url":"https://coub-anubis-a.akamaized.net/coub_storage/category/cw_image/e705818f6da/2d68d0903305d728e1d5b/med_1622039112_Stand-up.png","visible":true}],"communities":[{"id":115,"title":"Stand-up & Jokes","permalink":"standup-jokes","subscriptions_count":2029964,"big_image_url":"https://coub-anubis-a.akamaized.net/coub_storage/category/cw_image/e705818f6da/2d68d0903305d728e1d5b/big_1622039112_Stand-up.png","small_image_url":"https://coub-anubis-a.akamaized.net/coub_storage/category/cw_image/e705818f6da/2d68d0903305d728e1d5b/small_1622039112_Stand-up.png","med_image_url":"https://coub-anubis-a.akamaized.net/coub_storage/category/cw_image/e705818f6da/2d68d0903305d728e1d5b/med_1622039112_Stand-up.png","i_subscribed":true,"community_notifications_enabled":null,"description":null}],"recoubs_count":6,"remixes_count":0,"likes_count":56,"dislikes_count":0,"raw_video_id":17181184,"uploaded_by_ios_app":false,"uploaded_by_android_app":true,"media_blocks":{"uploaded_raw_videos":[],"external_raw_videos":[],"remixed_from_coubs":[]},"raw_video_thumbnail_url":"/missing/missing.png","raw_video_title":null,"video_block_banned":false,"duration":5.68,"promo_winner":false,"promo_winner_recoubers":null,"editorial_info":{},"promo_hint":null,"beeline_best_2014":null,"from_web_editor":false,"normalize_sound":false,"normalize_change_allowed":true,"best2015_addable":false,"ahmad_promo":null,"promo_data":null,"audio_copyright_claim":null,"ads_disabled":null,"is_safe_for_ads":true,"megafon_contents":[],"position_on_page":5},{"flag":null,"abuses":null,"recoubs_by_users_channels":null,"favourite":false,"promoted_id":null,"recoub":null,"like":null,"dislike":null,"reaction":null,"in_my_best2015":false,"id":183302914,"type":"Coub::Simple","permalink":"30sk3g","title":"Косарь... коса... кошу...","visibility_type":"public","original_visibility_type":"public","channel_id":1323268,"created_at":"2022-02-27T17:38:17Z","updated_at":"2022-03-09T12:10:17Z","is_done":true,"views_count":7580,"cotd":null,"cotd_at":null,"visible_on_explore_root":false,"visible_on_explore":false,"featured":false,"published":true,"published_at":"2022-02-27T17:38:17Z","reversed":false,"from_editor_v2":true,"is_editable":true,"original_sound":false,"has_sound":false,"recoub_to":null,"file_versions":{"html5":{"video":{"higher":{"url":"https://coub-anubis-a.akamaized.net/coub_storage/coub/simple/cw_file/eb8dc313b87/e566be9cd6654be02e3cd/muted_mp4_huge_size_1646233442_muted_huge.mp4","size":459863},"high":{"url":"https://coub-anubis-a.akamaized.net/coub_storage/coub/simple/cw_file/eb8dc313b87/e566be9cd6654be02e3cd/muted_mp4_big_size_1646233442_muted_big.mp4","size":274799},"med":{"url":"https://coub-anubis-a.akamaized.net/coub_storage/coub/simple/cw_file/eb8dc313b87/e566be9cd6654be02e3cd/muted_mp4_med_size_1646233442_muted_med.mp4","size":91449}},"audio":{"high":{"url":"https://coub-anubis-a.akamaized.net/coub_storage/coub/simple/cw_looped_audio_high/1398a4667c3/cc095b8607a73420f282d/1646233449_mp3-high.mp3","size":589662},"med":{"url":"https://coub-anubis-a.akamaized.net/coub_storage/coub/simple/cw_looped_audio_med/55a88a23415/1cbef81758656f4945399/1646233449_mp3-med.mp3","size":587097}}},"mobile":{"video":"https://coub-anubis-a.akamaized.net/coub_storage/coub/simple/cw_file/eb8dc313b87/e566be9cd6654be02e3cd/muted_mp4_med_size_1646233442_muted_med.mp4","audio":["https://coub-anubis-a.akamaized.net/coub_storage/coub/simple/cw_looped_audio_med/55a88a23415/1cbef81758656f4945399/1646233449_mp3-med.mp3"]},"share":{"default":"https://coub-anubis-a.akamaized.net/coub_storage/coub/simple/cw_video_for_sharing/f451b92827d/fe245428c29ec1e666d5a/1646233464_looped_1646233463.mp4"}},"audio_versions":{"template":"https://coub-anubis-a.akamaized.net/coub_storage/audio_track/cw_normalized_copy/c273dc3ddb5/e057c4fa099917c8d9401/mid_1646233446_normalized_1646233443_sc7es4_edited.mp3","versions":["mid","low"]},"image_versions":{"template":"https://coub-anubis-a.akamaized.net/coub_storage/coub/simple/cw_image/2064635fed5/412fe8da158842e95da47/%{version}_1646233451_00015.jpg","versions":["micro","tiny","age_restricted","ios_large","ios_mosaic","big","med","small","pinterest"]},"first_frame_versions":{"template":"https://coub-anubis-a.akamaized.net/coub_storage/coub/simple/cw_timeline_pic/45f98ac131e/dca195880ac3a6e24bf9f/%{version}_1646233451_image.jpg","versions":["big","med","small","ios_large"]},"dimensions":{"big":[1248,960],"med":[624,480]},"site_w_h":[640,492],"page_w_h":[640,492],"site_w_h_small":[310,238],"size":[1248,960],"age_restricted":false,"age_restricted_by_admin":false,"not_safe_for_work":null,"allow_reuse":false,"dont_crop":true,"banned":false,"global_safe":null,"audio_file_url":"https://coub-anubis-a.akamaized.net/coub_storage/audio_track/cw_normalized_copy/c273dc3ddb5/e057c4fa099917c8d9401/low_1646233446_normalized_1646233443_sc7es4_edited.mp3","external_download":{"type":"Youtube","service_name":"YouTube","url":"https://youtu.be/LSybrqfNlvY","has_embed":true},"application":null,"channel":{"id":1323268,"permalink":".....mms","title":"mms","description":null,"followers_count":26,"following_count":18,"avatar_versions":{"template":"https://coub-anubis-a.akamaized.net/coub_storage/channel/cw_avatar/d2c0ef67de2/43bd04564eaf14be3e481/%{version}_1609281480_1igvmhh_1474582909_100001663721710.jpg","versions":["medium","medium_2x","profile_pic","profile_pic_new","profile_pic_new_2x","tiny","tiny_2x","small","small_2x","ios_large","ios_small"]}},"file":null,"picture":"https://coub-anubis-a.akamaized.net/coub_storage/coub/simple/cw_image/2064635fed5/412fe8da158842e95da47/med_1646233451_00015.jpg","timeline_picture":"https://coub-anubis-a.akamaized.net/coub_storage/coub/simple/cw_timeline_pic/45f98ac131e/dca195880ac3a6e24bf9f/ios_large_1646233451_image.jpg","small_picture":"https://coub-anubis-a.akamaized.net/coub_storage/coub/simple/cw_image/2064635fed5/412fe8da158842e95da47/ios_mosaic_1646233451_00015.jpg","sharing_picture":null,"percent_done":100,"tags":[{"id":57536,"title":"арбат","value":"%D0%B0%D1%80%D0%B1%D0%B0%D1%82"},{"id":5019,"title":"анекдот","value":"%D0%B0%D0%BD%D0%B5%D0%BA%D0%B4%D0%BE%D1%82"},{"id":6757666,"title":"кошу","value":"%D0%BA%D0%BE%D1%88%D1%83"},{"id":45763,"title":"косарь","value":"%D0%BA%D0%BE%D1%81%D0%B0%D1%80%D1%8C"},{"id":71997,"title":"коса","value":"%D0%BA%D0%BE%D1%81%D0%B0"},{"id":3367090,"title":"сру","value":"%D1%81%D1%80%D1%83"},{"id":433968,"title":"лесник","value":"%D0%BB%D0%B5%D1%81%D0%BD%D0%B8%D0%BA"},{"id":4983,"title":"лес","value":"%D0%BB%D0%B5%D1%81"}],"categories":[{"id":115,"title":"Stand-up & Jokes","permalink":"standup-jokes","subscriptions_count":2029964,"big_image_url":"https://coub-anubis-a.akamaized.net/coub_storage/category/cw_image/e705818f6da/2d68d0903305d728e1d5b/big_1622039112_Stand-up.png","small_image_url":"https://coub-anubis-a.akamaized.net/coub_storage/category/cw_image/e705818f6da/2d68d0903305d728e1d5b/small_1622039112_Stand-up.png","med_image_url":"https://coub-anubis-a.akamaized.net/coub_storage/category/cw_image/e705818f6da/2d68d0903305d728e1d5b/med_1622039112_Stand-up.png","visible":true}],"communities":[{"id":115,"title":"Stand-up & Jokes","permalink":"standup-jokes","subscriptions_count":2029964,"big_image_url":"https://coub-anubis-a.akamaized.net/coub_storage/category/cw_image/e705818f6da/2d68d0903305d728e1d5b/big_1622039112_Stand-up.png","small_image_url":"https://coub-anubis-a.akamaized.net/coub_storage/category/cw_image/e705818f6da/2d68d0903305d728e1d5b/small_1622039112_Stand-up.png","med_image_url":"https://coub-anubis-a.akamaized.net/coub_storage/category/cw_image/e705818f6da/2d68d0903305d728e1d5b/med_1622039112_Stand-up.png","i_subscribed":true,"community_notifications_enabled":null,"description":null}],"recoubs_count":6,"remixes_count":0,"likes_count":56,"dislikes_count":0,"raw_video_id":17160820,"uploaded_by_ios_app":true,"uploaded_by_android_app":false,"media_blocks":{"uploaded_raw_videos":[],"external_raw_videos":[{"id":41124845,"title":"Косарь... коса... кошу...","url":"https://www.youtube.com/watch?v=LSybrqfNlvY","image":"https://coub-anubis-a.akamaized.net/coub_storage/media_block/cw_image/71dac7a50ac/8b049caf2864ddcde3cd0/video_1645983151_1xwt1yu_1645983141_1645983140_73a6wb_att-url-download.webp","image_retina":"https://coub-anubis-a.akamaized.net/coub_storage/media_block/cw_image/71dac7a50ac/8b049caf2864ddcde3cd0/video_retina_1645983151_1xwt1yu_1645983141_1645983140_73a6wb_att-url-download.webp","meta":{"service":"Youtube","duration":"44.04"},"duration":44.04,"raw_video_id":17160820,"has_embed":true}],"remixed_from_coubs":[],"external_video":{"id":41124845,"title":"Косарь... коса... кошу...","url":"https://www.youtube.com/watch?v=LSybrqfNlvY","image":"https://coub-anubis-a.akamaized.net/coub_storage/media_block/cw_image/71dac7a50ac/8b049caf2864ddcde3cd0/video_1645983151_1xwt1yu_1645983141_1645983140_73a6wb_att-url-download.webp","image_retina":"https://coub-anubis-a.akamaized.net/coub_storage/media_block/cw_image/71dac7a50ac/8b049caf2864ddcde3cd0/video_retina_1645983151_1xwt1yu_1645983141_1645983140_73a6wb_att-url-download.webp","meta":{"service":"Youtube","duration":"44.04"},"duration":44.04,"raw_video_id":17160820,"has_embed":true}},"raw_video_thumbnail_url":"https://coub-anubis-a.akamaized.net/coub_storage/raw_video/cw_image/f4705016de3/97f3fdd5ed264570a8222/coub_media_1645983141_1645983140_73a6wb_att-url-download.webp","raw_video_title":"Косарь... коса... кошу...","video_block_banned":false,"duration":4.56,"promo_winner":false,"promo_winner_recoubers":null,"editorial_info":{},"promo_hint":null,"beeline_best_2014":null,"from_web_editor":false,"normalize_sound":true,"normalize_change_allowed":true,"best2015_addable":false,"ahmad_promo":null,"promo_data":null,"audio_copyright_claim":null,"ads_disabled":null,"is_safe_for_ads":true,"megafon_contents":[],"position_on_page":6},{"flag":null,"abuses":null,"recoubs_by_users_channels":null,"favourite":false,"promoted_id":null,"recoub":null,"like":null,"dislike":null,"reaction":null,"in_my_best2015":false,"id":183117516,"type":"Coub::Simple","permalink":"30ol1g","title":"EDP Whats This?","visibility_type":"public","original_visibility_type":"public","channel_id":2472402,"created_at":"2022-02-22T10:51:10Z","updated_at":"2022-03-09T00:20:46Z","is_done":true,"views_count":12583,"cotd":null,"cotd_at":null,"visible_on_explore_root":false,"visible_on_explore":false,"featured":false,"published":true,"published_at":"2022-02-22T10:51:10Z","reversed":false,"from_editor_v2":true,"is_editable":true,"original_sound":true,"has_sound":true,"recoub_to":null,"file_versions":{"html5":{"video":{"higher":{"url":"https://coub-anubis-a.akamaized.net/coub_storage/coub/simple/cw_file/ea1d29d3a41/93aed92eb3412b01843ae/muted_mp4_huge_size_1645527082_muted_huge.mp4","size":3412797},"high":{"url":"https://coub-anubis-a.akamaized.net/coub_storage/coub/simple/cw_file/ea1d29d3a41/93aed92eb3412b01843ae/muted_mp4_big_size_1645527082_muted_big.mp4","size":2267802},"med":{"url":"https://coub-anubis-a.akamaized.net/coub_storage/coub/simple/cw_file/ea1d29d3a41/93aed92eb3412b01843ae/muted_mp4_med_size_1645527082_muted_med.mp4","size":710888}},"audio":{"high":{"url":"https://coub-anubis-a.akamaized.net/coub_storage/coub/simple/cw_looped_audio_high/c2b27757a99/05353b2c0c1b45b23fbc7/1645527084_mp3-high.mp3","size":1123388},"med":{"url":"https://coub-anubis-a.akamaized.net/coub_storage/coub/simple/cw_looped_audio_med/567887fbf99/df8207898b2798d95ba16/1645527083_mp3-med.mp3","size":799076},"sample_duration":10.008}},"mobile":{"video":"https://coub-anubis-a.akamaized.net/coub_storage/coub/simple/cw_file/ea1d29d3a41/93aed92eb3412b01843ae/muted_mp4_med_size_1645527082_muted_med.mp4","audio":["https://coub-anubis-a.akamaized.net/coub_storage/coub/simple/cw_looped_audio_med/567887fbf99/df8207898b2798d95ba16/1645527083_mp3-med.mp3"]},"share":{"default":"https://coub-anubis-a.akamaized.net/coub_storage/coub/simple/cw_video_for_sharing/f5574bac0f4/de975ba185280f796b192/1645527117_looped_1645527116.mp4"}},"audio_versions":{},"image_versions":{"template":"https://coub-anubis-a.akamaized.net/coub_storage/coub/simple/cw_image/6bf8570a910/48517e07e23e2acf7c864/%{version}_1645527090_00032.jpg","versions":["micro","tiny","age_restricted","ios_large","ios_mosaic","big","med","small","pinterest"]},"first_frame_versions":{"template":"https://coub-anubis-a.akamaized.net/coub_storage/coub/simple/cw_timeline_pic/46efc5e907a/c20c22d4db345ac67cff1/%{version}_1645527089_image.jpg","versions":["big","med","small","ios_large"]},"dimensions":{"big":[1280,720],"med":[640,360]},"site_w_h":[640,360],"page_w_h":[640,360],"site_w_h_small":[310,174],"size":[1280,720],"age_restricted":false,"age_restricted_by_admin":false,"not_safe_for_work":null,"allow_reuse":false,"dont_crop":true,"banned":false,"global_safe":null,"audio_file_url":null,"external_download":{"type":"Youtube","service_name":"YouTube","url":"https://youtu.be/x1F-8PfoITA","has_embed":true},"application":null,"channel":{"id":2472402,"permalink":"amir-ashinov","title":"Amir Ashinov","description":null,"followers_count":32,"following_count":14,"avatar_versions":{"template":"https://coub-anubis-a.akamaized.net/coub_storage/channel/cw_avatar/4bef5dfbf7e/74c20e8de8c3dfad173f9/%{version}_1609268218_1ucz3yg_1474594705_1u3klrp_189344224.jpg","versions":["medium","medium_2x","profile_pic","profile_pic_new","profile_pic_new_2x","tiny","tiny_2x","small","small_2x","ios_large","ios_small"]}},"file":null,"picture":"https://coub-anubis-a.akamaized.net/coub_storage/coub/simple/cw_image/6bf8570a910/48517e07e23e2acf7c864/med_1645527090_00032.jpg","timeline_picture":"https://coub-anubis-a.akamaized.net/coub_storage/coub/simple/cw_timeline_pic/46efc5e907a/c20c22d4db345ac67cff1/ios_large_1645527089_image.jpg","small_picture":"https://coub-anubis-a.akamaized.net/coub_storage/coub/simple/cw_image/6bf8570a910/48517e07e23e2acf7c864/ios_mosaic_1645527090_00032.jpg","sharing_picture":null,"percent_done":100,"tags":[],"categories":[{"id":115,"title":"Stand-up & Jokes","permalink":"standup-jokes","subscriptions_count":2029964,"big_image_url":"https://coub-anubis-a.akamaized.net/coub_storage/category/cw_image/e705818f6da/2d68d0903305d728e1d5b/big_1622039112_Stand-up.png","small_image_url":"https://coub-anubis-a.akamaized.net/coub_storage/category/cw_image/e705818f6da/2d68d0903305d728e1d5b/small_1622039112_Stand-up.png","med_image_url":"https://coub-anubis-a.akamaized.net/coub_storage/category/cw_image/e705818f6da/2d68d0903305d728e1d5b/med_1622039112_Stand-up.png","visible":true}],"communities":[{"id":115,"title":"Stand-up & Jokes","permalink":"standup-jokes","subscriptions_count":2029964,"big_image_url":"https://coub-anubis-a.akamaized.net/coub_storage/category/cw_image/e705818f6da/2d68d0903305d728e1d5b/big_1622039112_Stand-up.png","small_image_url":"https://coub-anubis-a.akamaized.net/coub_storage/category/cw_image/e705818f6da/2d68d0903305d728e1d5b/small_1622039112_Stand-up.png","med_image_url":"https://coub-anubis-a.akamaized.net/coub_storage/category/cw_image/e705818f6da/2d68d0903305d728e1d5b/med_1622039112_Stand-up.png","i_subscribed":true,"community_notifications_enabled":null,"description":null}],"recoubs_count":11,"remixes_count":0,"likes_count":56,"dislikes_count":0,"raw_video_id":17149839,"uploaded_by_ios_app":true,"uploaded_by_android_app":false,"media_blocks":{"uploaded_raw_videos":[],"external_raw_videos":[{"id":41094480,"title":"EDP Whats This? Meme Template","url":"https://www.youtube.com/watch?v=x1F-8PfoITA","image":"https://coub-anubis-a.akamaized.net/coub_storage/media_block/cw_image/7aa16daee77/8666e6722a26f00439f70/video_1645527010_16n8lys_1645526947_1645526946_i845ue_att-url-download.webp","image_retina":"https://coub-anubis-a.akamaized.net/coub_storage/media_block/cw_image/7aa16daee77/8666e6722a26f00439f70/video_retina_1645527010_16n8lys_1645526947_1645526946_i845ue_att-url-download.webp","meta":{"service":"Youtube","duration":"28.04"},"duration":28.04,"raw_video_id":17149839,"has_embed":true}],"remixed_from_coubs":[],"external_video":{"id":41094480,"title":"EDP Whats This? Meme Template","url":"https://www.youtube.com/watch?v=x1F-8PfoITA","image":"https://coub-anubis-a.akamaized.net/coub_storage/media_block/cw_image/7aa16daee77/8666e6722a26f00439f70/video_1645527010_16n8lys_1645526947_1645526946_i845ue_att-url-download.webp","image_retina":"https://coub-anubis-a.akamaized.net/coub_storage/media_block/cw_image/7aa16daee77/8666e6722a26f00439f70/video_retina_1645527010_16n8lys_1645526947_1645526946_i845ue_att-url-download.webp","meta":{"service":"Youtube","duration":"28.04"},"duration":28.04,"raw_video_id":17149839,"has_embed":true}},"raw_video_thumbnail_url":"https://coub-anubis-a.akamaized.net/coub_storage/raw_video/cw_image/31daacf089c/57c75aed2ebc74946543f/coub_media_1645526947_1645526946_i845ue_att-url-download.webp","raw_video_title":"EDP Whats This? Meme Template","video_block_banned":false,"duration":10.0,"promo_winner":false,"promo_winner_recoubers":null,"editorial_info":{},"promo_hint":null,"beeline_best_2014":null,"from_web_editor":false,"normalize_sound":true,"normalize_change_allowed":true,"best2015_addable":false,"ahmad_promo":null,"promo_data":null,"audio_copyright_claim":null,"ads_disabled":null,"is_safe_for_ads":true,"megafon_contents":[],"position_on_page":7},{"flag":null,"abuses":null,"recoubs_by_users_channels":null,"favourite":false,"promoted_id":null,"recoub":null,"like":null,"dislike":null,"reaction":null,"in_my_best2015":false,"id":182473088,"type":"Coub::Simple","permalink":"30arsh","title":"Тяжёлая работа","visibility_type":"public","original_visibility_type":"public","channel_id":3432259,"created_at":"2022-02-06T16:13:10Z","updated_at":"2022-03-01T20:23:24Z","is_done":true,"views_count":27214,"cotd":null,"cotd_at":null,"visible_on_explore_root":false,"visible_on_explore":false,"featured":false,"published":true,"published_at":"2022-02-06T16:13:10Z","reversed":false,"from_editor_v2":true,"is_editable":true,"original_sound":false,"has_sound":false,"recoub_to":null,"file_versions":{"html5":{"video":{"higher":{"url":"https://coub-anubis-a.akamaized.net/coub_storage/coub/simple/cw_file/241f65ed813/95af7b0d066bb47afbd55/muted_mp4_huge_size_1644163995_muted_huge.mp4","size":1717153},"high":{"url":"https://coub-anubis-a.akamaized.net/coub_storage/coub/simple/cw_file/241f65ed813/95af7b0d066bb47afbd55/muted_mp4_big_size_1644163995_muted_big.mp4","size":1025704},"med":{"url":"https://coub-anubis-a.akamaized.net/coub_storage/coub/simple/cw_file/241f65ed813/95af7b0d066bb47afbd55/muted_mp4_med_size_1644163995_muted_med.mp4","size":317432}},"audio":{"high":{"url":"https://coub-anubis-a.akamaized.net/coub_storage/coub/simple/cw_looped_audio_high/775a09a6856/c8bc7d418b1614c8f4b66/1644164030_mp3-high.mp3","size":3727336},"med":{"url":"https://coub-anubis-a.akamaized.net/coub_storage/coub/simple/cw_looped_audio_med/26428e308fe/53667cf546aad5e165abb/1644164027_mp3-med.mp3","size":2688086}}},"mobile":{"video":"https://coub-anubis-a.akamaized.net/coub_storage/coub/simple/cw_file/241f65ed813/95af7b0d066bb47afbd55/muted_mp4_med_size_1644163995_muted_med.mp4","audio":["https://coub-anubis-a.akamaized.net/coub_storage/coub/simple/cw_looped_audio_med/26428e308fe/53667cf546aad5e165abb/1644164027_mp3-med.mp3"]},"share":{"default":"https://coub-anubis-a.akamaized.net/coub_storage/coub/simple/cw_video_for_sharing/340b04dc3c0/3a2d9e9ba9c0abd2e0101/1644164056_looped_1644164056.mp4"}},"audio_versions":{"template":"https://coub-anubis-a.akamaized.net/coub_storage/audio_track/cw_normalized_copy/b5ddde42386/070efc1e614a988a7bae8/mid_1644164016_normalized_1644163999_1off97q_edited.mp3","versions":["mid","low"]},"image_versions":{"template":"https://coub-anubis-a.akamaized.net/coub_storage/coub/simple/cw_image/2cff53f9e1a/652f55802e91e19b321f0/%{version}_1644164035_00023.jpg","versions":["micro","tiny","age_restricted","ios_large","ios_mosaic","big","med","small","pinterest"]},"first_frame_versions":{"template":"https://coub-anubis-a.akamaized.net/coub_storage/coub/simple/cw_timeline_pic/4b6aa7df021/ab08db58deb7699e57bed/%{version}_1644164034_image.jpg","versions":["big","med","small","ios_large"]},"dimensions":{"big":[540,960],"med":[270,480]},"site_w_h":[225,400],"page_w_h":[400,711],"site_w_h_small":[310,551],"size":[540,960],"age_restricted":false,"age_restricted_by_admin":false,"not_safe_for_work":null,"allow_reuse":false,"dont_crop":true,"banned":false,"global_safe":null,"audio_file_url":"https://coub-anubis-a.akamaized.net/coub_storage/audio_track/cw_normalized_copy/b5ddde42386/070efc1e614a988a7bae8/low_1644164016_normalized_1644163999_1off97q_edited.mp3","external_download":false,"application":null,"channel":{"id":3432259,"permalink":"tabu-subjekt","title":"tabu subjekt","description":null,"followers_count":22,"following_count":13,"avatar_versions":{"template":"https://coub-anubis-a.akamaized.net/coub_storage/channel/cw_avatar/8cb0a815a32/41cdcac1e2553716f9564/%{version}_1644153459_282490.jpg","versions":["medium","medium_2x","profile_pic","profile_pic_new","profile_pic_new_2x","tiny","tiny_2x","small","small_2x","ios_large","ios_small"]}},"file":null,"picture":"https://coub-anubis-a.akamaized.net/coub_storage/coub/simple/cw_image/2cff53f9e1a/652f55802e91e19b321f0/med_1644164035_00023.jpg","timeline_picture":"https://coub-anubis-a.akamaized.net/coub_storage/coub/simple/cw_timeline_pic/4b6aa7df021/ab08db58deb7699e57bed/ios_large_1644164034_image.jpg","small_picture":"https://coub-anubis-a.akamaized.net/coub_storage/coub/simple/cw_image/2cff53f9e1a/652f55802e91e19b321f0/ios_mosaic_1644164035_00023.jpg","sharing_picture":null,"percent_done":100,"tags":[{"id":2804947,"title":"тяжёлая работа","value":"%D1%82%D1%8F%D0%B6%D1%91%D0%BB%D0%B0%D1%8F%20%D1%80%D0%B0%D0%B1%D0%BE%D1%82%D0%B0"},{"id":1183307,"title":"canibal corpse","value":"canibal%20corpse"},{"id":10354,"title":"локомотив","value":"%D0%BB%D0%BE%D0%BA%D0%BE%D0%BC%D0%BE%D1%82%D0%B8%D0%B2"},{"id":99871,"title":"поломка","value":"%D0%BF%D0%BE%D0%BB%D0%BE%D0%BC%D0%BA%D0%B0"},{"id":88320,"title":"hard work","value":"hard%20work"},{"id":1254,"title":"поезд","value":"%D0%BF%D0%BE%D0%B5%D0%B7%D0%B4"},{"id":72074,"title":"crazy train","value":"crazy%20train"}],"categories":[{"id":115,"title":"Stand-up & Jokes","permalink":"standup-jokes","subscriptions_count":2029964,"big_image_url":"https://coub-anubis-a.akamaized.net/coub_storage/category/cw_image/e705818f6da/2d68d0903305d728e1d5b/big_1622039112_Stand-up.png","small_image_url":"https://coub-anubis-a.akamaized.net/coub_storage/category/cw_image/e705818f6da/2d68d0903305d728e1d5b/small_1622039112_Stand-up.png","med_image_url":"https://coub-anubis-a.akamaized.net/coub_storage/category/cw_image/e705818f6da/2d68d0903305d728e1d5b/med_1622039112_Stand-up.png","visible":true}],"communities":[{"id":115,"title":"Stand-up & Jokes","permalink":"standup-jokes","subscriptions_count":2029964,"big_image_url":"https://coub-anubis-a.akamaized.net/coub_storage/category/cw_image/e705818f6da/2d68d0903305d728e1d5b/big_1622039112_Stand-up.png","small_image_url":"https://coub-anubis-a.akamaized.net/coub_storage/category/cw_image/e705818f6da/2d68d0903305d728e1d5b/small_1622039112_Stand-up.png","med_image_url":"https://coub-anubis-a.akamaized.net/coub_storage/category/cw_image/e705818f6da/2d68d0903305d728e1d5b/med_1622039112_Stand-up.png","i_subscribed":true,"community_notifications_enabled":null,"description":null}],"recoubs_count":18,"remixes_count":0,"likes_count":56,"dislikes_count":0,"raw_video_id":17115054,"uploaded_by_ios_app":false,"uploaded_by_android_app":false,"media_blocks":{"uploaded_raw_videos":[],"external_raw_videos":[],"remixed_from_coubs":[]},"raw_video_thumbnail_url":"https://coub-anubis-a.akamaized.net/coub_storage/raw_video/cw_image/0c6d3932289/7334d6021a318e3328c66/coub_media_1644163632_image.jpg","raw_video_title":"1__________.mp4","video_block_banned":false,"duration":7.24,"promo_winner":false,"promo_winner_recoubers":null,"editorial_info":{},"promo_hint":null,"beeline_best_2014":null,"from_web_editor":true,"normalize_sound":true,"normalize_change_allowed":true,"best2015_addable":false,"ahmad_promo":null,"promo_data":null,"audio_copyright_claim":null,"ads_disabled":null,"is_safe_for_ads":true,"megafon_contents":[],"position_on_page":8},{"flag":null,"abuses":null,"recoubs_by_users_channels":null,"favourite":false,"promoted_id":null,"recoub":null,"like":null,"dislike":null,"reaction":null,"in_my_best2015":false,"id":182161385,"type":"Coub::Simple","permalink":"303ynb","title":"Вот кого не хватает в новом Человеке пауке","visibility_type":"public","original_visibility_type":"public","channel_id":11994703,"created_at":"2022-01-30T03:37:49Z","updated_at":"2022-03-07T07:19:29Z","is_done":true,"views_count":12538,"cotd":null,"cotd_at":null,"visible_on_explore_root":false,"visible_on_explore":false,"featured":false,"published":true,"published_at":"2022-01-30T03:37:49Z","reversed":false,"from_editor_v2":true,"is_editable":true,"original_sound":true,"has_sound":true,"recoub_to":null,"file_versions":{"html5":{"video":{"higher":{"url":"https://coub-anubis-a.akamaized.net/coub_storage/coub/simple/cw_file/0544a7a3ebd/dbb0d1f1ab6874d47b5ae/muted_mp4_huge_size_1643513875_muted_huge.mp4","size":1133663},"high":{"url":"https://coub-anubis-a.akamaized.net/coub_storage/coub/simple/cw_file/0544a7a3ebd/dbb0d1f1ab6874d47b5ae/muted_mp4_big_size_1643513875_muted_big.mp4","size":768453},"med":{"url":"https://coub-anubis-a.akamaized.net/coub_storage/coub/simple/cw_file/0544a7a3ebd/dbb0d1f1ab6874d47b5ae/muted_mp4_med_size_1643513875_muted_med.mp4","size":264363}},"audio":{"high":{"url":"https://coub-anubis-a.akamaized.net/coub_storage/coub/simple/cw_looped_audio_high/a9a5b62aef8/982716b27e1436170d942/1643513876_mp3-high.mp3","size":1006645},"med":{"url":"https://coub-anubis-a.akamaized.net/coub_storage/coub/simple/cw_looped_audio_med/d5983704424/59657151e0b4c79b58bd7/1643513876_mp3-med.mp3","size":921730},"sample_duration":7.221}},"mobile":{"video":"https://coub-anubis-a.akamaized.net/coub_storage/coub/simple/cw_file/0544a7a3ebd/dbb0d1f1ab6874d47b5ae/muted_mp4_med_size_1643513875_muted_med.mp4","audio":["https://coub-anubis-a.akamaized.net/coub_storage/coub/simple/cw_looped_audio_med/d5983704424/59657151e0b4c79b58bd7/1643513876_mp3-med.mp3"]},"share":{"default":"https://coub-anubis-a.akamaized.net/coub_storage/coub/simple/cw_video_for_sharing/7383718f742/7afff10c565b797c87bb4/1643513897_looped_1643513897.mp4"}},"audio_versions":{},"image_versions":{"template":"https://coub-anubis-a.akamaized.net/coub_storage/coub/simple/cw_image/e880b9ed397/6ee1f68aa7a864dbe1f69/%{version}_1643513880_00023.jpg","versions":["micro","tiny","age_restricted","ios_large","ios_mosaic","big","med","small","pinterest"]},"first_frame_versions":{"template":"https://coub-anubis-a.akamaized.net/coub_storage/coub/simple/cw_timeline_pic/c1050400b19/8450eafbfc817ec781542/%{version}_1643513880_image.jpg","versions":["big","med","small","ios_large"]},"dimensions":{"big":[1280,720],"med":[640,360]},"site_w_h":[640,360],"page_w_h":[640,360],"site_w_h_small":[310,174],"size":[1280,720],"age_restricted":false,"age_restricted_by_admin":false,"not_safe_for_work":null,"allow_reuse":false,"dont_crop":true,"banned":false,"global_safe":null,"audio_file_url":null,"external_download":false,"application":null,"channel":{"id":11994703,"permalink":"alexcomed","title":"SmehCoin","description":"Переходите на мой Ютуб канал СмехCoin.","followers_count":128,"following_count":9,"avatar_versions":{"template":"https://coub-anubis-a.akamaized.net/coub_storage/channel/cw_avatar/e5c15c52952/5afeb0711ded7b3bc0265/%{version}_1632606673_depositphotos_6284450-stock-illustration-thumb-up-coin___________.jpg","versions":["medium","medium_2x","profile_pic","profile_pic_new","profile_pic_new_2x","tiny","tiny_2x","small","small_2x","ios_large","ios_small"]}},"file":null,"picture":"https://coub-anubis-a.akamaized.net/coub_storage/coub/simple/cw_image/e880b9ed397/6ee1f68aa7a864dbe1f69/med_1643513880_00023.jpg","timeline_picture":"https://coub-anubis-a.akamaized.net/coub_storage/coub/simple/cw_timeline_pic/c1050400b19/8450eafbfc817ec781542/ios_large_1643513880_image.jpg","small_picture":"https://coub-anubis-a.akamaized.net/coub_storage/coub/simple/cw_image/e880b9ed397/6ee1f68aa7a864dbe1f69/ios_mosaic_1643513880_00023.jpg","sharing_picture":null,"percent_done":100,"tags":[{"id":1437,"title":"юмор","value":"%D1%8E%D0%BC%D0%BE%D1%80"},{"id":6141,"title":"человек паук","value":"%D1%87%D0%B5%D0%BB%D0%BE%D0%B2%D0%B5%D0%BA%20%D0%BF%D0%B0%D1%83%D0%BA"},{"id":33872,"title":"косплей","value":"%D0%BA%D0%BE%D1%81%D0%BF%D0%BB%D0%B5%D0%B9"},{"id":882,"title":"прикол","value":"%D0%BF%D1%80%D0%B8%D0%BA%D0%BE%D0%BB"},{"id":1212,"title":"смешно","value":"%D1%81%D0%BC%D0%B5%D1%88%D0%BD%D0%BE"},{"id":1426,"title":"ржака","value":"%D1%80%D0%B6%D0%B0%D0%BA%D0%B0"}],"categories":[{"id":115,"title":"Stand-up & Jokes","permalink":"standup-jokes","subscriptions_count":2029964,"big_image_url":"https://coub-anubis-a.akamaized.net/coub_storage/category/cw_image/e705818f6da/2d68d0903305d728e1d5b/big_1622039112_Stand-up.png","small_image_url":"https://coub-anubis-a.akamaized.net/coub_storage/category/cw_image/e705818f6da/2d68d0903305d728e1d5b/small_1622039112_Stand-up.png","med_image_url":"https://coub-anubis-a.akamaized.net/coub_storage/category/cw_image/e705818f6da/2d68d0903305d728e1d5b/med_1622039112_Stand-up.png","visible":true}],"communities":[{"id":115,"title":"Stand-up & Jokes","permalink":"standup-jokes","subscriptions_count":2029964,"big_image_url":"https://coub-anubis-a.akamaized.net/coub_storage/category/cw_image/e705818f6da/2d68d0903305d728e1d5b/big_1622039112_Stand-up.png","small_image_url":"https://coub-anubis-a.akamaized.net/coub_storage/category/cw_image/e705818f6da/2d68d0903305d728e1d5b/small_1622039112_Stand-up.png","med_image_url":"https://coub-anubis-a.akamaized.net/coub_storage/category/cw_image/e705818f6da/2d68d0903305d728e1d5b/med_1622039112_Stand-up.png","i_subscribed":true,"community_notifications_enabled":null,"description":null}],"recoubs_count":9,"remixes_count":0,"likes_count":56,"dislikes_count":0,"raw_video_id":17097542,"uploaded_by_ios_app":false,"uploaded_by_android_app":false,"media_blocks":{"uploaded_raw_videos":[],"external_raw_videos":[],"remixed_from_coubs":[]},"raw_video_thumbnail_url":"https://coub-anubis-a.akamaized.net/coub_storage/raw_video/cw_image/9dfb51ae974/257f34d89129650abb92e/coub_media_1643513742_image.jpg","raw_video_title":"_____________8.mp4","video_block_banned":false,"duration":7.28,"promo_winner":false,"promo_winner_recoubers":null,"editorial_info":{},"promo_hint":null,"beeline_best_2014":null,"from_web_editor":true,"normalize_sound":true,"normalize_change_allowed":true,"best2015_addable":false,"ahmad_promo":null,"promo_data":null,"audio_copyright_claim":null,"ads_disabled":null,"is_safe_for_ads":true,"megafon_contents":[],"position_on_page":9},{"flag":null,"abuses":null,"recoubs_by_users_channels":null,"favourite":false,"promoted_id":null,"recoub":null,"like":null,"dislike":null,"reaction":null,"in_my_best2015":false,"id":181980446,"type":"Coub::Simple","permalink":"2zzzy4","title":"SUS","visibility_type":"public","original_visibility_type":"public","channel_id":13083595,"created_at":"2022-01-25T21:08:15Z","updated_at":"2022-02-14T20:16:52Z","is_done":true,"views_count":16342,"cotd":null,"cotd_at":null,"visible_on_explore_root":false,"visible_on_explore":false,"featured":false,"published":true,"published_at":"2022-01-25T21:08:15Z","reversed":false,"from_editor_v2":true,"is_editable":true,"original_sound":true,"has_sound":true,"recoub_to":null,"file_versions":{"html5":{"video":{"higher":{"url":"https://coub-anubis-a.akamaized.net/coub_storage/coub/simple/cw_file/51b914e0d1e/9a17e2fd6db03d44415e2/muted_mp4_huge_size_1643144898_muted_huge.mp4","size":216959},"high":{"url":"https://coub-anubis-a.akamaized.net/coub_storage/coub/simple/cw_file/51b914e0d1e/9a17e2fd6db03d44415e2/muted_mp4_big_size_1643144898_muted_big.mp4","size":130691},"med":{"url":"https://coub-anubis-a.akamaized.net/coub_storage/coub/simple/cw_file/51b914e0d1e/9a17e2fd6db03d44415e2/muted_mp4_med_size_1643144898_muted_med.mp4","size":42294}},"audio":{"high":{"url":"https://coub-anubis-a.akamaized.net/coub_storage/coub/simple/cw_looped_audio_high/2d4bbd6234a/350f27ce835e48fdd5d64/1643144900_mp3-high.mp3","size":1164475},"med":{"url":"https://coub-anubis-a.akamaized.net/coub_storage/coub/simple/cw_looped_audio_med/e2fced2bca1/d59de44b9587f59691702/1643144899_mp3-med.mp3","size":845074},"sample_duration":1.161}},"mobile":{"video":"https://coub-anubis-a.akamaized.net/coub_storage/coub/simple/cw_file/51b914e0d1e/9a17e2fd6db03d44415e2/muted_mp4_med_size_1643144898_muted_med.mp4","audio":["https://coub-anubis-a.akamaized.net/coub_storage/coub/simple/cw_looped_audio_med/e2fced2bca1/d59de44b9587f59691702/1643144899_mp3-med.mp3"]},"share":{"default":"https://coub-anubis-a.akamaized.net/coub_storage/coub/simple/cw_video_for_sharing/84933496d6d/7acc44c70d0ba7c61b8a8/1643144917_looped_1643144916.mp4"}},"audio_versions":{},"image_versions":{"template":"https://coub-anubis-a.akamaized.net/coub_storage/coub/simple/cw_image/701f91bb1a3/1216754a297e2485a2f10/%{version}_1643144902_00004.jpg","versions":["micro","tiny","age_restricted","ios_large","ios_mosaic","big","med","small","pinterest"]},"first_frame_versions":{"template":"https://coub-anubis-a.akamaized.net/coub_storage/coub/simple/cw_timeline_pic/d163931399e/fbb37d327b514130df1ed/%{version}_1643144902_image.jpg","versions":["big","med","small","ios_large"]},"dimensions":{"big":[772,960],"med":[386,480]},"site_w_h":[322,400],"page_w_h":[400,497],"site_w_h_small":[310,385],"size":[772,960],"age_restricted":false,"age_restricted_by_admin":false,"not_safe_for_work":null,"allow_reuse":false,"dont_crop":true,"banned":false,"global_safe":true,"audio_file_url":null,"external_download":{"type":"Youtube","service_name":"YouTube","url":"https://www.youtube.com/watch?v=M_gEcSEwwrM","has_embed":true},"application":null,"channel":{"id":13083595,"permalink":"3a767dcff69d71d238a4d7e315af6982","title":"DEMONIC","description":"DANK MEMES","followers_count":5,"following_count":12,"avatar_versions":{"template":"https://coub-anubis-a.akamaized.net/coub_storage/channel/cw_avatar/812f7fa3a7a/917dc86d3f4cafb29f267/%{version}_1643083298_3f90b55b2da84f2a9ccdffae7ce0b0d9.jpg","versions":["medium","medium_2x","profile_pic","profile_pic_new","profile_pic_new_2x","tiny","tiny_2x","small","small_2x","ios_large","ios_small"]}},"file":null,"picture":"https://coub-anubis-a.akamaized.net/coub_storage/coub/simple/cw_image/701f91bb1a3/1216754a297e2485a2f10/med_1643144902_00004.jpg","timeline_picture":"https://coub-anubis-a.akamaized.net/coub_storage/coub/simple/cw_timeline_pic/d163931399e/fbb37d327b514130df1ed/ios_large_1643144902_image.jpg","small_picture":"https://coub-anubis-a.akamaized.net/coub_storage/coub/simple/cw_image/701f91bb1a3/1216754a297e2485a2f10/ios_mosaic_1643144902_00004.jpg","sharing_picture":null,"percent_done":100,"tags":[],"categories":[{"id":115,"title":"Stand-up & Jokes","permalink":"standup-jokes","subscriptions_count":2029964,"big_image_url":"https://coub-anubis-a.akamaized.net/coub_storage/category/cw_image/e705818f6da/2d68d0903305d728e1d5b/big_1622039112_Stand-up.png","small_image_url":"https://coub-anubis-a.akamaized.net/coub_storage/category/cw_image/e705818f6da/2d68d0903305d728e1d5b/small_1622039112_Stand-up.png","med_image_url":"https://coub-anubis-a.akamaized.net/coub_storage/category/cw_image/e705818f6da/2d68d0903305d728e1d5b/med_1622039112_Stand-up.png","visible":true}],"communities":[{"id":115,"title":"Stand-up & Jokes","permalink":"standup-jokes","subscriptions_count":2029964,"big_image_url":"https://coub-anubis-a.akamaized.net/coub_storage/category/cw_image/e705818f6da/2d68d0903305d728e1d5b/big_1622039112_Stand-up.png","small_image_url":"https://coub-anubis-a.akamaized.net/coub_storage/category/cw_image/e705818f6da/2d68d0903305d728e1d5b/small_1622039112_Stand-up.png","med_image_url":"https://coub-anubis-a.akamaized.net/coub_storage/category/cw_image/e705818f6da/2d68d0903305d728e1d5b/med_1622039112_Stand-up.png","i_subscribed":true,"community_notifications_enabled":null,"description":null}],"recoubs_count":11,"remixes_count":0,"likes_count":56,"dislikes_count":0,"raw_video_id":17087884,"uploaded_by_ios_app":false,"uploaded_by_android_app":false,"media_blocks":{"uploaded_raw_videos":[],"external_raw_videos":[{"id":40916867,"title":"The rock acts sus meme","url":"https://www.youtube.com/watch?v=M_gEcSEwwrM","image":"https://coub-anubis-a.akamaized.net/coub_storage/media_block/cw_image/468b4ce806c/7a1db544ed590806d5e6a/video_1643144878_8k6per_1643144869_1643144868_qeyc0e_att-url-download.webp","image_retina":"https://coub-anubis-a.akamaized.net/coub_storage/media_block/cw_image/468b4ce806c/7a1db544ed590806d5e6a/video_retina_1643144878_8k6per_1643144869_1643144868_qeyc0e_att-url-download.webp","meta":{"service":"Youtube","duration":"1.16"},"duration":1.16,"raw_video_id":17087884,"has_embed":true}],"remixed_from_coubs":[],"external_video":{"id":40916867,"title":"The rock acts sus meme","url":"https://www.youtube.com/watch?v=M_gEcSEwwrM","image":"https://coub-anubis-a.akamaized.net/coub_storage/media_block/cw_image/468b4ce806c/7a1db544ed590806d5e6a/video_1643144878_8k6per_1643144869_1643144868_qeyc0e_att-url-download.webp","image_retina":"https://coub-anubis-a.akamaized.net/coub_storage/media_block/cw_image/468b4ce806c/7a1db544ed590806d5e6a/video_retina_1643144878_8k6per_1643144869_1643144868_qeyc0e_att-url-download.webp","meta":{"service":"Youtube","duration":"1.16"},"duration":1.16,"raw_video_id":17087884,"has_embed":true}},"raw_video_thumbnail_url":"https://coub-anubis-a.akamaized.net/coub_storage/raw_video/cw_image/0bff0c7dea0/474b8d32e15cf370351c2/coub_media_1643144869_1643144868_qeyc0e_att-url-download.webp","raw_video_title":"The rock acts sus meme","video_block_banned":false,"duration":1.16,"promo_winner":false,"promo_winner_recoubers":null,"editorial_info":{},"promo_hint":null,"beeline_best_2014":null,"from_web_editor":true,"normalize_sound":true,"normalize_change_allowed":true,"best2015_addable":false,"ahmad_promo":null,"promo_data":null,"audio_copyright_claim":null,"ads_disabled":null,"is_safe_for_ads":true,"megafon_contents":[],"position_on_page":10}]}