{"page":36,"per_page":10,"total_pages":500,"coubs":[{"flag":null,"abuses":null,"recoubs_by_users_channels":null,"favourite":false,"promoted_id":null,"recoub":null,"like":null,"dislike":null,"reaction":null,"in_my_best2015":false,"id":175317919,"type":"Coub::Simple","permalink":"2w172o","title":"А ты так сможешь?👌","visibility_type":"public","original_visibility_type":"public","channel_id":12216628,"created_at":"2021-09-11T11:53:47Z","updated_at":"2022-03-16T19:47:38Z","is_done":true,"views_count":48045,"cotd":null,"cotd_at":null,"visible_on_explore_root":false,"visible_on_explore":false,"featured":false,"published":true,"published_at":"2021-09-11T11:53:47Z","reversed":false,"from_editor_v2":true,"is_editable":true,"original_sound":false,"has_sound":false,"recoub_to":null,"file_versions":{"html5":{"video":{"higher":{"url":"https://coub-anubis-a.akamaized.net/coub_storage/coub/simple/cw_file/4d24545ca7c/d524ae12994ae79664437/muted_mp4_huge_size_1631361324_muted_huge.mp4","size":1266542},"high":{"url":"https://coub-anubis-a.akamaized.net/coub_storage/coub/simple/cw_file/4d24545ca7c/d524ae12994ae79664437/muted_mp4_big_size_1631361324_muted_big.mp4","size":817963},"med":{"url":"https://coub-anubis-a.akamaized.net/coub_storage/coub/simple/cw_file/4d24545ca7c/d524ae12994ae79664437/muted_mp4_med_size_1631361324_muted_med.mp4","size":301129}},"audio":{"high":{"url":"https://coub-anubis-a.akamaized.net/coub_storage/coub/simple/cw_looped_audio_high/d0821b2f794/5d687c85f021a6780dcfe/1631361356_mp3-high.mp3","size":3448375},"med":{"url":"https://coub-anubis-a.akamaized.net/coub_storage/coub/simple/cw_looped_audio_med/146d6996328/dafbd3d021ae31e1691bb/1631361354_mp3-med.mp3","size":2521078}}},"mobile":{"video":"https://coub-anubis-a.akamaized.net/coub_storage/coub/simple/cw_file/4d24545ca7c/d524ae12994ae79664437/muted_mp4_med_size_1631361324_muted_med.mp4","audio":["https://coub-anubis-a.akamaized.net/coub_storage/coub/simple/cw_looped_audio_med/146d6996328/dafbd3d021ae31e1691bb/1631361354_mp3-med.mp3"]},"share":{"default":"https://coub-anubis-a.akamaized.net/coub_storage/coub/simple/cw_video_for_sharing/143ba140726/4cf262c3a6b3293eff460/1631361371_looped_1631361371.mp4"}},"audio_versions":{"template":"https://coub-anubis-a.akamaized.net/coub_storage/audio_track/cw_normalized_copy/aac9082c973/ee50428c5e795925519ef/mid_1631361343_normalized_1631361328_1gbx9cy_edited.mp3","versions":["mid","low"]},"image_versions":{"template":"https://coub-anubis-a.akamaized.net/coub_storage/coub/simple/cw_image/afc46093b5e/615cbb505561d7a0fb705/%{version}_1631361359_00016.jpg","versions":["micro","tiny","age_restricted","ios_large","ios_mosaic","big","med","small","pinterest"]},"first_frame_versions":{"template":"https://coub-anubis-a.akamaized.net/coub_storage/coub/simple/cw_timeline_pic/d1706faa7e0/6c3f9ec7022dfa844c2fd/%{version}_1631361358_image.jpg","versions":["big","med","small","ios_large"]},"dimensions":{"big":[538,960],"med":[268,480]},"site_w_h":[224,400],"page_w_h":[400,714],"site_w_h_small":[310,553],"size":[538,960],"age_restricted":false,"age_restricted_by_admin":false,"not_safe_for_work":null,"allow_reuse":false,"dont_crop":true,"banned":false,"global_safe":null,"audio_file_url":"https://coub-anubis-a.akamaized.net/coub_storage/audio_track/cw_normalized_copy/aac9082c973/ee50428c5e795925519ef/low_1631361343_normalized_1631361328_1gbx9cy_edited.mp3","external_download":false,"application":null,"channel":{"id":12216628,"permalink":"otkuda.ya.znayu","title":"Otkuda ya znayu?","description":null,"followers_count":17,"following_count":12,"avatar_versions":{"template":"https://coub-anubis-a.akamaized.net/coub_storage/channel/cw_avatar/cc1571b4b49/299ca25997180f13b9ea2/%{version}_1629582433____.jpg","versions":["medium","medium_2x","profile_pic","profile_pic_new","profile_pic_new_2x","tiny","tiny_2x","small","small_2x","ios_large","ios_small"]}},"file":null,"picture":"https://coub-anubis-a.akamaized.net/coub_storage/coub/simple/cw_image/afc46093b5e/615cbb505561d7a0fb705/med_1631361359_00016.jpg","timeline_picture":"https://coub-anubis-a.akamaized.net/coub_storage/coub/simple/cw_timeline_pic/d1706faa7e0/6c3f9ec7022dfa844c2fd/ios_large_1631361358_image.jpg","small_picture":"https://coub-anubis-a.akamaized.net/coub_storage/coub/simple/cw_image/afc46093b5e/615cbb505561d7a0fb705/ios_mosaic_1631361359_00016.jpg","sharing_picture":null,"percent_done":100,"tags":[{"id":299749,"title":"челендж","value":"%D1%87%D0%B5%D0%BB%D0%B5%D0%BD%D0%B4%D0%B6"},{"id":1055546,"title":"замануха","value":"%D0%B7%D0%B0%D0%BC%D0%B0%D0%BD%D1%83%D1%85%D0%B0"},{"id":1001913,"title":"на пальцах","value":"%D0%BD%D0%B0%20%D0%BF%D0%B0%D0%BB%D1%8C%D1%86%D0%B0%D1%85"},{"id":882,"title":"прикол","value":"%D0%BF%D1%80%D0%B8%D0%BA%D0%BE%D0%BB"},{"id":177701,"title":"повтори","value":"%D0%BF%D0%BE%D0%B2%D1%82%D0%BE%D1%80%D0%B8"}],"categories":[{"id":113,"title":"Blogging","permalink":"blogging","subscriptions_count":2035330,"big_image_url":"https://coub-anubis-a.akamaized.net/coub_storage/category/cw_image/cc945f16597/2b4fb4d4deb9e584afe1c/big_1622039038_Blogging.png","small_image_url":"https://coub-anubis-a.akamaized.net/coub_storage/category/cw_image/cc945f16597/2b4fb4d4deb9e584afe1c/small_1622039038_Blogging.png","med_image_url":"https://coub-anubis-a.akamaized.net/coub_storage/category/cw_image/cc945f16597/2b4fb4d4deb9e584afe1c/med_1622039038_Blogging.png","visible":true}],"communities":[{"id":113,"title":"Blogging","permalink":"blogging","subscriptions_count":2035330,"big_image_url":"https://coub-anubis-a.akamaized.net/coub_storage/category/cw_image/cc945f16597/2b4fb4d4deb9e584afe1c/big_1622039038_Blogging.png","small_image_url":"https://coub-anubis-a.akamaized.net/coub_storage/category/cw_image/cc945f16597/2b4fb4d4deb9e584afe1c/small_1622039038_Blogging.png","med_image_url":"https://coub-anubis-a.akamaized.net/coub_storage/category/cw_image/cc945f16597/2b4fb4d4deb9e584afe1c/med_1622039038_Blogging.png","i_subscribed":true,"community_notifications_enabled":null,"description":null}],"recoubs_count":72,"remixes_count":0,"likes_count":353,"dislikes_count":0,"raw_video_id":16759828,"uploaded_by_ios_app":false,"uploaded_by_android_app":false,"media_blocks":{"uploaded_raw_videos":[],"external_raw_videos":[],"remixed_from_coubs":[]},"raw_video_thumbnail_url":"https://coub-anubis-a.akamaized.net/coub_storage/raw_video/cw_image/db0a68c3543/bb3ef6b9b2766049f2ae3/coub_media_1631361083_image.jpg","raw_video_title":"aMKopbP_460svav1.mp4","video_block_banned":false,"duration":4.8,"promo_winner":false,"promo_winner_recoubers":null,"editorial_info":{},"promo_hint":null,"beeline_best_2014":null,"from_web_editor":true,"normalize_sound":true,"normalize_change_allowed":true,"best2015_addable":false,"ahmad_promo":null,"promo_data":null,"audio_copyright_claim":null,"ads_disabled":null,"is_safe_for_ads":true,"megafon_contents":[],"position_on_page":1},{"flag":null,"abuses":null,"recoubs_by_users_channels":null,"favourite":false,"promoted_id":null,"recoub":null,"like":null,"dislike":null,"reaction":null,"in_my_best2015":false,"id":170461875,"type":"Coub::Simple","permalink":"2t543h","title":"Ahegao","visibility_type":"public","original_visibility_type":"public","channel_id":1542474,"created_at":"2021-06-13T14:55:33Z","updated_at":"2022-03-17T12:05:40Z","is_done":true,"views_count":75683,"cotd":null,"cotd_at":null,"visible_on_explore_root":false,"visible_on_explore":false,"featured":false,"published":true,"published_at":"2021-06-13T14:55:33Z","reversed":false,"from_editor_v2":true,"is_editable":true,"original_sound":false,"has_sound":false,"recoub_to":null,"file_versions":{"html5":{"video":{"higher":{"url":"https://coub-anubis-a.akamaized.net/coub_storage/coub/simple/cw_file/a63c28b6662/223a647c65a977b9b623a/muted_mp4_huge_size_1623596140_muted_huge.mp4","size":2518147},"high":{"url":"https://coub-anubis-a.akamaized.net/coub_storage/coub/simple/cw_file/a63c28b6662/223a647c65a977b9b623a/muted_mp4_big_size_1623596140_muted_big.mp4","size":1547430},"med":{"url":"https://coub-anubis-a.akamaized.net/coub_storage/coub/simple/cw_file/a63c28b6662/223a647c65a977b9b623a/muted_mp4_med_size_1623596140_muted_med.mp4","size":514906}},"audio":{"high":{"url":"https://coub-anubis-a.akamaized.net/coub_storage/coub/simple/cw_looped_audio_high/fdea3d596d7/f0f76a7c0cb0adc8f9a07/1623596164_mp3-high.mp3","size":2326372},"med":{"url":"https://coub-anubis-a.akamaized.net/coub_storage/coub/simple/cw_looped_audio_med/06045314796/1d348959f453777377cf5/1623596162_mp3-med.mp3","size":1715686}}},"mobile":{"video":"https://coub-anubis-a.akamaized.net/coub_storage/coub/simple/cw_file/a63c28b6662/223a647c65a977b9b623a/muted_mp4_med_size_1623596140_muted_med.mp4","audio":["https://coub-anubis-a.akamaized.net/coub_storage/coub/simple/cw_looped_audio_med/06045314796/1d348959f453777377cf5/1623596162_mp3-med.mp3"]},"share":{"default":"https://coub-anubis-a.akamaized.net/coub_storage/coub/simple/cw_video_for_sharing/8728e1c74cc/2ac7205064673961f44ac/1623596202_looped_1623596200.mp4"}},"audio_versions":{"template":"https://coub-anubis-a.akamaized.net/coub_storage/audio_track/cw_normalized_copy/ed8bd2089f9/5202fbfb9682221d27796/mid_1623596154_normalized_1623596143_icdlb4_edited.mp3","versions":["mid","low"]},"image_versions":{"template":"https://coub-anubis-a.akamaized.net/coub_storage/coub/simple/cw_image/35f0493e994/f1cb3eb1620c7d810867d/%{version}_1623596168_00026.jpg","versions":["micro","tiny","age_restricted","ios_large","ios_mosaic","big","med","small","pinterest"]},"first_frame_versions":{"template":"https://coub-anubis-a.akamaized.net/coub_storage/coub/simple/cw_timeline_pic/fa2f5bf52b3/ca5e5a84a2a73377cc496/%{version}_1623596168_image.jpg","versions":["big","med","small","ios_large"]},"dimensions":{"big":[960,960],"med":[480,480]},"site_w_h":[400,400],"page_w_h":[400,400],"site_w_h_small":[310,310],"size":[960,960],"age_restricted":false,"age_restricted_by_admin":false,"not_safe_for_work":false,"allow_reuse":false,"dont_crop":true,"banned":false,"global_safe":null,"audio_file_url":"https://coub-anubis-a.akamaized.net/coub_storage/audio_track/cw_normalized_copy/ed8bd2089f9/5202fbfb9682221d27796/low_1623596154_normalized_1623596143_icdlb4_edited.mp3","external_download":false,"application":null,"channel":{"id":1542474,"permalink":"kitai123","title":"Kito","description":null,"followers_count":67,"following_count":8,"avatar_versions":{"template":"https://coub-anubis-a.akamaized.net/coub_storage/channel/cw_avatar/d570432f32a/ae1923d33db7ca64ff383/%{version}_1608611161_160o5e_1587815132_q.jpg","versions":["medium","medium_2x","profile_pic","profile_pic_new","profile_pic_new_2x","tiny","tiny_2x","small","small_2x","ios_large","ios_small"]}},"file":null,"picture":"https://coub-anubis-a.akamaized.net/coub_storage/coub/simple/cw_image/35f0493e994/f1cb3eb1620c7d810867d/med_1623596168_00026.jpg","timeline_picture":"https://coub-anubis-a.akamaized.net/coub_storage/coub/simple/cw_timeline_pic/fa2f5bf52b3/ca5e5a84a2a73377cc496/ios_large_1623596168_image.jpg","small_picture":"https://coub-anubis-a.akamaized.net/coub_storage/coub/simple/cw_image/35f0493e994/f1cb3eb1620c7d810867d/ios_mosaic_1623596168_00026.jpg","sharing_picture":null,"percent_done":100,"tags":[{"id":5458648,"title":"а ты красивая","value":"%D0%B0%20%D1%82%D1%8B%20%D0%BA%D1%80%D0%B0%D1%81%D0%B8%D0%B2%D0%B0%D1%8F"},{"id":569780,"title":"молоденькая","value":"%D0%BC%D0%BE%D0%BB%D0%BE%D0%B4%D0%B5%D0%BD%D1%8C%D0%BA%D0%B0%D1%8F"},{"id":22074,"title":"красивая","value":"%D0%BA%D1%80%D0%B0%D1%81%D0%B8%D0%B2%D0%B0%D1%8F"},{"id":530,"title":"танец","value":"%D1%82%D0%B0%D0%BD%D0%B5%D1%86"},{"id":270,"title":"девушка","value":"%D0%B4%D0%B5%D0%B2%D1%83%D1%88%D0%BA%D0%B0"},{"id":367,"title":"hot","value":"hot"},{"id":130562,"title":"bestcoub","value":"bestcoub"},{"id":6356078,"title":"ahegao realahegao ahegaoface ахегао","value":"ahegao%20realahegao%20ahegaoface%20%D0%B0%D1%85%D0%B5%D0%B3%D0%B0%D0%BE"},{"id":1257560,"title":"ahegao","value":"ahegao"},{"id":6310208,"title":"realahegao","value":"realahegao"},{"id":4138935,"title":"axerao","value":"axerao"}],"categories":[{"id":113,"title":"Blogging","permalink":"blogging","subscriptions_count":2035330,"big_image_url":"https://coub-anubis-a.akamaized.net/coub_storage/category/cw_image/cc945f16597/2b4fb4d4deb9e584afe1c/big_1622039038_Blogging.png","small_image_url":"https://coub-anubis-a.akamaized.net/coub_storage/category/cw_image/cc945f16597/2b4fb4d4deb9e584afe1c/small_1622039038_Blogging.png","med_image_url":"https://coub-anubis-a.akamaized.net/coub_storage/category/cw_image/cc945f16597/2b4fb4d4deb9e584afe1c/med_1622039038_Blogging.png","visible":true}],"communities":[{"id":113,"title":"Blogging","permalink":"blogging","subscriptions_count":2035330,"big_image_url":"https://coub-anubis-a.akamaized.net/coub_storage/category/cw_image/cc945f16597/2b4fb4d4deb9e584afe1c/big_1622039038_Blogging.png","small_image_url":"https://coub-anubis-a.akamaized.net/coub_storage/category/cw_image/cc945f16597/2b4fb4d4deb9e584afe1c/small_1622039038_Blogging.png","med_image_url":"https://coub-anubis-a.akamaized.net/coub_storage/category/cw_image/cc945f16597/2b4fb4d4deb9e584afe1c/med_1622039038_Blogging.png","i_subscribed":true,"community_notifications_enabled":null,"description":null}],"recoubs_count":56,"remixes_count":0,"likes_count":353,"dislikes_count":0,"raw_video_id":"","uploaded_by_ios_app":false,"uploaded_by_android_app":false,"media_blocks":{"uploaded_raw_videos":[],"external_raw_videos":[],"remixed_from_coubs":[{"id":35488466,"title":" so beautiful","url":"https://coub.com/coubs/2cio2r/remix","image":"https://coub-anubis-a.akamaized.net/coub_storage/media_block/cw_image/6f4aec17987/c9493ec12367e16329cb4/1587154352_5uxbdr_1587154311_00026.jpg","image_retina":"https://coub-anubis-a.akamaized.net/coub_storage/media_block/cw_image/6f4aec17987/c9493ec12367e16329cb4/1587154352_5uxbdr_1587154311_00026.jpg","meta":{"duration":"8.12"},"duration":null,"coub_channel_title":"ПоЗИтИфффЧиК","coub_channel_permalink":"sergej-viktorovich-dnepr","coub_views_count":46978,"coub_permalink":"2cio2r"}]},"raw_video_thumbnail_url":"","raw_video_title":"","video_block_banned":false,"duration":8.12,"promo_winner":false,"promo_winner_recoubers":null,"editorial_info":{},"promo_hint":null,"beeline_best_2014":null,"from_web_editor":true,"normalize_sound":true,"normalize_change_allowed":true,"best2015_addable":false,"ahmad_promo":null,"promo_data":null,"audio_copyright_claim":null,"ads_disabled":false,"is_safe_for_ads":true,"megafon_contents":[],"position_on_page":2},{"flag":null,"abuses":null,"recoubs_by_users_channels":null,"favourite":false,"promoted_id":null,"recoub":null,"like":null,"dislike":null,"reaction":null,"in_my_best2015":false,"id":169311438,"type":"Coub::Simple","permalink":"2sggen","title":"повезло, повезло","visibility_type":"public","original_visibility_type":"public","channel_id":10263948,"created_at":"2021-05-24T16:25:05Z","updated_at":"2022-03-16T10:03:48Z","is_done":true,"views_count":26452,"cotd":null,"cotd_at":null,"visible_on_explore_root":false,"visible_on_explore":false,"featured":false,"published":true,"published_at":"2021-05-24T16:25:05Z","reversed":false,"from_editor_v2":true,"is_editable":true,"original_sound":true,"has_sound":true,"recoub_to":null,"file_versions":{"html5":{"video":{"higher":{"url":"https://coub-anubis-a.akamaized.net/coub_storage/coub/simple/cw_file/567c125e6b5/29e9e3d6648d807996a48/muted_mp4_huge_size_1621873509_muted_huge.mp4","size":637833},"high":{"url":"https://coub-anubis-a.akamaized.net/coub_storage/coub/simple/cw_file/567c125e6b5/29e9e3d6648d807996a48/muted_mp4_big_size_1621873509_muted_big.mp4","size":373137},"med":{"url":"https://coub-anubis-a.akamaized.net/coub_storage/coub/simple/cw_file/567c125e6b5/29e9e3d6648d807996a48/muted_mp4_med_size_1621873509_muted_med.mp4","size":109211}},"audio":{"high":{"url":"https://coub-anubis-a.akamaized.net/coub_storage/coub/simple/cw_looped_audio_high/165f84c9682/051feb24b52558c6d063c/1621873511_mp3-high.mp3","size":1373981},"med":{"url":"https://coub-anubis-a.akamaized.net/coub_storage/coub/simple/cw_looped_audio_med/4f5835526a0/1d9b5b5445d502bfd7f16/1621873510_mp3-med.mp3","size":952535},"sample_duration":8.568}},"mobile":{"video":"https://coub-anubis-a.akamaized.net/coub_storage/coub/simple/cw_file/567c125e6b5/29e9e3d6648d807996a48/muted_mp4_med_size_1621873509_muted_med.mp4","audio":["https://coub-anubis-a.akamaized.net/coub_storage/coub/simple/cw_looped_audio_med/4f5835526a0/1d9b5b5445d502bfd7f16/1621873510_mp3-med.mp3"]},"share":{"default":"https://coub-anubis-a.akamaized.net/coub_storage/coub/simple/cw_video_for_sharing/e0828c95364/932dd97ff7a80c37351a4/1621873526_looped_1621873526.mp4"}},"audio_versions":{},"image_versions":{"template":"https://coub-anubis-a.akamaized.net/coub_storage/coub/simple/cw_image/8a8a7f09344/08dd8be8decbc3f083259/%{version}_1621873513_00027.jpg","versions":["micro","tiny","age_restricted","ios_large","ios_mosaic","big","med","small","pinterest"]},"first_frame_versions":{"template":"https://coub-anubis-a.akamaized.net/coub_storage/coub/simple/cw_timeline_pic/cc21f0c933c/18620f376e90d8e7303f7/%{version}_1621873513_image.jpg","versions":["big","med","small","ios_large"]},"dimensions":{"big":[538,960],"med":[268,480]},"site_w_h":[224,400],"page_w_h":[400,714],"site_w_h_small":[310,553],"size":[538,960],"age_restricted":false,"age_restricted_by_admin":false,"not_safe_for_work":false,"allow_reuse":false,"dont_crop":true,"banned":false,"global_safe":null,"audio_file_url":null,"external_download":{"type":"Instagram","service_name":"Instagram","url":"https://www.instagram.com/p/CPQRm_Toxx4/?utm_medium=share_sheet","has_embed":false},"application":null,"channel":{"id":10263948,"permalink":"yeah-boy-music","title":"𝙴𝚂𝚂𝙴𝚇 ✓ [ re ]","description":"Архив","followers_count":112,"following_count":94,"avatar_versions":{"template":"https://coub-anubis-a.akamaized.net/coub_storage/channel/cw_avatar/3258ba41531/d56da5a0b9ce7c13b6080/%{version}_1634292046_2553edd4-b0ff-4d3a-af0c-b7bd8ed477bc.jpg","versions":["medium","medium_2x","profile_pic","profile_pic_new","profile_pic_new_2x","tiny","tiny_2x","small","small_2x","ios_large","ios_small"]}},"file":null,"picture":"https://coub-anubis-a.akamaized.net/coub_storage/coub/simple/cw_image/8a8a7f09344/08dd8be8decbc3f083259/med_1621873513_00027.jpg","timeline_picture":"https://coub-anubis-a.akamaized.net/coub_storage/coub/simple/cw_timeline_pic/cc21f0c933c/18620f376e90d8e7303f7/ios_large_1621873513_image.jpg","small_picture":"https://coub-anubis-a.akamaized.net/coub_storage/coub/simple/cw_image/8a8a7f09344/08dd8be8decbc3f083259/ios_mosaic_1621873513_00027.jpg","sharing_picture":null,"percent_done":100,"tags":[],"categories":[{"id":113,"title":"Blogging","permalink":"blogging","subscriptions_count":2035330,"big_image_url":"https://coub-anubis-a.akamaized.net/coub_storage/category/cw_image/cc945f16597/2b4fb4d4deb9e584afe1c/big_1622039038_Blogging.png","small_image_url":"https://coub-anubis-a.akamaized.net/coub_storage/category/cw_image/cc945f16597/2b4fb4d4deb9e584afe1c/small_1622039038_Blogging.png","med_image_url":"https://coub-anubis-a.akamaized.net/coub_storage/category/cw_image/cc945f16597/2b4fb4d4deb9e584afe1c/med_1622039038_Blogging.png","visible":true}],"communities":[{"id":113,"title":"Blogging","permalink":"blogging","subscriptions_count":2035330,"big_image_url":"https://coub-anubis-a.akamaized.net/coub_storage/category/cw_image/cc945f16597/2b4fb4d4deb9e584afe1c/big_1622039038_Blogging.png","small_image_url":"https://coub-anubis-a.akamaized.net/coub_storage/category/cw_image/cc945f16597/2b4fb4d4deb9e584afe1c/small_1622039038_Blogging.png","med_image_url":"https://coub-anubis-a.akamaized.net/coub_storage/category/cw_image/cc945f16597/2b4fb4d4deb9e584afe1c/med_1622039038_Blogging.png","i_subscribed":true,"community_notifications_enabled":null,"description":null}],"recoubs_count":53,"remixes_count":0,"likes_count":353,"dislikes_count":0,"raw_video_id":16469423,"uploaded_by_ios_app":false,"uploaded_by_android_app":true,"media_blocks":{"uploaded_raw_videos":[],"external_raw_videos":[{"id":38931806,"title":"Shot by memeorit","url":"http://instagram.com/p/CPQRm_Toxx4/","image":"https://coub-anubis-a.akamaized.net/coub_storage/media_block/cw_image/3e87cd43b42/a40fe0c30f6dd82306d75/video_1621873480_1rbxawh_1621873473_image.jpg","image_retina":"https://coub-anubis-a.akamaized.net/coub_storage/media_block/cw_image/3e87cd43b42/a40fe0c30f6dd82306d75/video_retina_1621873480_1rbxawh_1621873473_image.jpg","meta":{"service":"Instagram","duration":"8.56"},"duration":8.56,"raw_video_id":16469423,"has_embed":false}],"remixed_from_coubs":[],"external_video":{"id":38931806,"title":"Shot by memeorit","url":"http://instagram.com/p/CPQRm_Toxx4/","image":"https://coub-anubis-a.akamaized.net/coub_storage/media_block/cw_image/3e87cd43b42/a40fe0c30f6dd82306d75/video_1621873480_1rbxawh_1621873473_image.jpg","image_retina":"https://coub-anubis-a.akamaized.net/coub_storage/media_block/cw_image/3e87cd43b42/a40fe0c30f6dd82306d75/video_retina_1621873480_1rbxawh_1621873473_image.jpg","meta":{"service":"Instagram","duration":"8.56"},"duration":8.56,"raw_video_id":16469423,"has_embed":false}},"raw_video_thumbnail_url":"https://coub-anubis-a.akamaized.net/coub_storage/raw_video/cw_image/20f6e4b9a1f/f9e7c7cbd2b188228dfe4/coub_media_1621873473_1621873473_image.jpg","raw_video_title":"Shot by memeorit","video_block_banned":false,"duration":8.56,"promo_winner":false,"promo_winner_recoubers":null,"editorial_info":{},"promo_hint":null,"beeline_best_2014":null,"from_web_editor":false,"normalize_sound":true,"normalize_change_allowed":true,"best2015_addable":false,"ahmad_promo":null,"promo_data":null,"audio_copyright_claim":null,"ads_disabled":false,"is_safe_for_ads":true,"megafon_contents":[],"position_on_page":3},{"flag":null,"abuses":null,"recoubs_by_users_channels":null,"favourite":false,"promoted_id":null,"recoub":null,"like":null,"dislike":null,"reaction":null,"in_my_best2015":false,"id":179002615,"type":"Coub::Simple","permalink":"2y867z","title":"Slinky tricks","visibility_type":"public","original_visibility_type":"public","channel_id":3612582,"created_at":"2021-11-22T22:51:44Z","updated_at":"2022-03-16T21:22:40Z","is_done":true,"views_count":74273,"cotd":null,"cotd_at":null,"visible_on_explore_root":false,"visible_on_explore":false,"featured":false,"published":true,"published_at":"2021-11-22T22:51:44Z","reversed":false,"from_editor_v2":true,"is_editable":true,"original_sound":false,"has_sound":false,"recoub_to":null,"file_versions":{"html5":{"video":{"higher":{"url":"https://coub-anubis-a.akamaized.net/coub_storage/coub/simple/cw_file/c0bee53ae3d/3728b33eab5460993bf55/muted_mp4_huge_size_1637636466_muted_huge.mp4","size":2235051},"high":{"url":"https://coub-anubis-a.akamaized.net/coub_storage/coub/simple/cw_file/c0bee53ae3d/3728b33eab5460993bf55/muted_mp4_big_size_1637636466_muted_big.mp4","size":1450464},"med":{"url":"https://coub-anubis-a.akamaized.net/coub_storage/coub/simple/cw_file/c0bee53ae3d/3728b33eab5460993bf55/muted_mp4_med_size_1637636466_muted_med.mp4","size":534193}},"audio":{"high":{"url":"https://coub-anubis-a.akamaized.net/coub_storage/coub/simple/cw_looped_audio_high/0d43544765e/110f3a95218cae5b20997/1637636481_mp3-high.mp3","size":2125771},"med":{"url":"https://coub-anubis-a.akamaized.net/coub_storage/coub/simple/cw_looped_audio_med/871c32b028a/25f95a84764c35c417324/1637636479_mp3-med.mp3","size":1456998}}},"mobile":{"video":"https://coub-anubis-a.akamaized.net/coub_storage/coub/simple/cw_file/c0bee53ae3d/3728b33eab5460993bf55/muted_mp4_med_size_1637636466_muted_med.mp4","audio":["https://coub-anubis-a.akamaized.net/coub_storage/coub/simple/cw_looped_audio_med/871c32b028a/25f95a84764c35c417324/1637636479_mp3-med.mp3"]},"share":{"default":"https://coub-anubis-a.akamaized.net/coub_storage/coub/simple/cw_video_for_sharing/9c025af5c2e/07fb3f78ddcba8006fe05/1637636503_looped_1637636502.mp4"}},"audio_versions":{"template":"https://coub-anubis-a.akamaized.net/coub_storage/audio_track/cw_file/7d35cac69b3/0784223b9a3194f8a559e/mid_1637636469_k0qr84_edited.mp3","versions":["mid","low"]},"image_versions":{"template":"https://coub-anubis-a.akamaized.net/coub_storage/coub/simple/cw_image/92da1ade7dc/24ae76229e261c9cde1ec/%{version}_1637636485_00026.jpg","versions":["micro","tiny","age_restricted","ios_large","ios_mosaic","big","med","small","pinterest"]},"first_frame_versions":{"template":"https://coub-anubis-a.akamaized.net/coub_storage/coub/simple/cw_timeline_pic/995c0088d00/af77a47c3d5c4d87878a9/%{version}_1637636484_image.jpg","versions":["big","med","small","ios_large"]},"dimensions":{"big":[538,960],"med":[268,480]},"site_w_h":[224,400],"page_w_h":[400,714],"site_w_h_small":[310,553],"size":[538,960],"age_restricted":false,"age_restricted_by_admin":false,"not_safe_for_work":null,"allow_reuse":false,"dont_crop":true,"banned":false,"global_safe":null,"audio_file_url":"https://coub-anubis-a.akamaized.net/coub_storage/audio_track/cw_file/7d35cac69b3/0784223b9a3194f8a559e/low_1637636469_k0qr84_edited.mp3","external_download":false,"application":null,"channel":{"id":3612582,"permalink":"ejcorwin","title":"ej corwin","description":"don't follow me...maybe I'm going the wrong way =)","followers_count":175,"following_count":16,"avatar_versions":{"template":"https://coub-anubis-a.akamaized.net/coub_storage/channel/cw_avatar/791fcdc34ea/628a59df01813a9d5dda3/%{version}_1607725658_14bbwxx_1496556693____.JPG","versions":["medium","medium_2x","profile_pic","profile_pic_new","profile_pic_new_2x","tiny","tiny_2x","small","small_2x","ios_large","ios_small"]}},"file":null,"picture":"https://coub-anubis-a.akamaized.net/coub_storage/coub/simple/cw_image/92da1ade7dc/24ae76229e261c9cde1ec/med_1637636485_00026.jpg","timeline_picture":"https://coub-anubis-a.akamaized.net/coub_storage/coub/simple/cw_timeline_pic/995c0088d00/af77a47c3d5c4d87878a9/ios_large_1637636484_image.jpg","small_picture":"https://coub-anubis-a.akamaized.net/coub_storage/coub/simple/cw_image/92da1ade7dc/24ae76229e261c9cde1ec/ios_mosaic_1637636485_00026.jpg","sharing_picture":null,"percent_done":100,"tags":[{"id":6613529,"title":"n-mon1c - dissipate","value":"n-mon1c%20-%20dissipate"},{"id":20712,"title":"drum & bass","value":"drum%20&%20bass"},{"id":86410,"title":"slinky","value":"slinky"}],"categories":[{"id":113,"title":"Blogging","permalink":"blogging","subscriptions_count":2035330,"big_image_url":"https://coub-anubis-a.akamaized.net/coub_storage/category/cw_image/cc945f16597/2b4fb4d4deb9e584afe1c/big_1622039038_Blogging.png","small_image_url":"https://coub-anubis-a.akamaized.net/coub_storage/category/cw_image/cc945f16597/2b4fb4d4deb9e584afe1c/small_1622039038_Blogging.png","med_image_url":"https://coub-anubis-a.akamaized.net/coub_storage/category/cw_image/cc945f16597/2b4fb4d4deb9e584afe1c/med_1622039038_Blogging.png","visible":true}],"communities":[{"id":113,"title":"Blogging","permalink":"blogging","subscriptions_count":2035330,"big_image_url":"https://coub-anubis-a.akamaized.net/coub_storage/category/cw_image/cc945f16597/2b4fb4d4deb9e584afe1c/big_1622039038_Blogging.png","small_image_url":"https://coub-anubis-a.akamaized.net/coub_storage/category/cw_image/cc945f16597/2b4fb4d4deb9e584afe1c/small_1622039038_Blogging.png","med_image_url":"https://coub-anubis-a.akamaized.net/coub_storage/category/cw_image/cc945f16597/2b4fb4d4deb9e584afe1c/med_1622039038_Blogging.png","i_subscribed":true,"community_notifications_enabled":null,"description":null}],"recoubs_count":82,"remixes_count":0,"likes_count":349,"dislikes_count":0,"raw_video_id":16941694,"uploaded_by_ios_app":false,"uploaded_by_android_app":true,"media_blocks":{"uploaded_raw_videos":[],"external_raw_videos":[],"remixed_from_coubs":[]},"raw_video_thumbnail_url":"/missing/missing.png","raw_video_title":null,"video_block_banned":false,"duration":8.0,"promo_winner":false,"promo_winner_recoubers":null,"editorial_info":{},"promo_hint":null,"beeline_best_2014":null,"from_web_editor":false,"normalize_sound":false,"normalize_change_allowed":true,"best2015_addable":false,"ahmad_promo":null,"promo_data":null,"audio_copyright_claim":null,"ads_disabled":null,"is_safe_for_ads":true,"megafon_contents":[],"position_on_page":4},{"flag":null,"abuses":null,"recoubs_by_users_channels":null,"favourite":false,"promoted_id":null,"recoub":null,"like":null,"dislike":null,"reaction":null,"in_my_best2015":false,"id":175497984,"type":"Coub::Simple","permalink":"2w520j","title":"Cute","visibility_type":"public","original_visibility_type":"public","channel_id":10889862,"created_at":"2021-09-14T18:45:45Z","updated_at":"2022-03-17T18:13:49Z","is_done":true,"views_count":48906,"cotd":null,"cotd_at":null,"visible_on_explore_root":false,"visible_on_explore":false,"featured":false,"published":true,"published_at":"2021-09-14T18:45:45Z","reversed":false,"from_editor_v2":true,"is_editable":true,"original_sound":true,"has_sound":true,"recoub_to":null,"file_versions":{"html5":{"video":{"higher":{"url":"https://coub-anubis-a.akamaized.net/coub_storage/coub/simple/cw_file/4fa41139008/f1b0d19edad115a74903b/muted_mp4_huge_size_1631645352_muted_huge.mp4","size":2582773},"high":{"url":"https://coub-anubis-a.akamaized.net/coub_storage/coub/simple/cw_file/4fa41139008/f1b0d19edad115a74903b/muted_mp4_big_size_1631645352_muted_big.mp4","size":1759168},"med":{"url":"https://coub-anubis-a.akamaized.net/coub_storage/coub/simple/cw_file/4fa41139008/f1b0d19edad115a74903b/muted_mp4_med_size_1631645352_muted_med.mp4","size":523805}},"audio":{"high":{"url":"https://coub-anubis-a.akamaized.net/coub_storage/coub/simple/cw_looped_audio_high/086dfe83a5e/a8d2d7bb07707b64625a8/1631645354_mp3-high.mp3","size":984447},"med":{"url":"https://coub-anubis-a.akamaized.net/coub_storage/coub/simple/cw_looped_audio_med/62e00b276ee/06f09c3e8a0ff05a8c686/1631645354_mp3-med.mp3","size":799076},"sample_duration":10.008}},"mobile":{"video":"https://coub-anubis-a.akamaized.net/coub_storage/coub/simple/cw_file/4fa41139008/f1b0d19edad115a74903b/muted_mp4_med_size_1631645352_muted_med.mp4","audio":["https://coub-anubis-a.akamaized.net/coub_storage/coub/simple/cw_looped_audio_med/62e00b276ee/06f09c3e8a0ff05a8c686/1631645354_mp3-med.mp3"]},"share":{"default":"https://coub-anubis-a.akamaized.net/coub_storage/coub/simple/cw_video_for_sharing/e574d2de456/64a78ea3cfe4f36f6f6a7/1631645427_looped_1631645425.mp4"}},"audio_versions":{},"image_versions":{"template":"https://coub-anubis-a.akamaized.net/coub_storage/coub/simple/cw_image/0243ac08b74/95d9319997d505d8124c9/%{version}_1631645369_00032.jpg","versions":["micro","tiny","age_restricted","ios_large","ios_mosaic","big","med","small","pinterest"]},"first_frame_versions":{"template":"https://coub-anubis-a.akamaized.net/coub_storage/coub/simple/cw_timeline_pic/e3394159065/4a6673de3b89d6901dd60/%{version}_1631645367_image.jpg","versions":["big","med","small","ios_large"]},"dimensions":{"big":[1280,720],"med":[640,360]},"site_w_h":[640,360],"page_w_h":[640,360],"site_w_h_small":[310,174],"size":[1280,720],"age_restricted":false,"age_restricted_by_admin":false,"not_safe_for_work":false,"allow_reuse":false,"dont_crop":true,"banned":false,"global_safe":null,"audio_file_url":null,"external_download":{"type":"Youtube","service_name":"YouTube","url":"https://www.youtube.com/watch?v=RL4k9jaxTlg","has_embed":true},"application":null,"channel":{"id":10889862,"permalink":"jones17755","title":"Jones","description":null,"followers_count":21,"following_count":33,"avatar_versions":{"template":"https://coubsecureassets-a.akamaihd.net/assets/default-avatars/17-bdf7cffb53dee470e89ea7a266b3e7c33324b9f3f7a5f3d0ae835c2ebe753d41.png"}},"file":null,"picture":"https://coub-anubis-a.akamaized.net/coub_storage/coub/simple/cw_image/0243ac08b74/95d9319997d505d8124c9/med_1631645369_00032.jpg","timeline_picture":"https://coub-anubis-a.akamaized.net/coub_storage/coub/simple/cw_timeline_pic/e3394159065/4a6673de3b89d6901dd60/ios_large_1631645367_image.jpg","small_picture":"https://coub-anubis-a.akamaized.net/coub_storage/coub/simple/cw_image/0243ac08b74/95d9319997d505d8124c9/ios_mosaic_1631645369_00032.jpg","sharing_picture":null,"percent_done":100,"tags":[],"categories":[{"id":113,"title":"Blogging","permalink":"blogging","subscriptions_count":2035330,"big_image_url":"https://coub-anubis-a.akamaized.net/coub_storage/category/cw_image/cc945f16597/2b4fb4d4deb9e584afe1c/big_1622039038_Blogging.png","small_image_url":"https://coub-anubis-a.akamaized.net/coub_storage/category/cw_image/cc945f16597/2b4fb4d4deb9e584afe1c/small_1622039038_Blogging.png","med_image_url":"https://coub-anubis-a.akamaized.net/coub_storage/category/cw_image/cc945f16597/2b4fb4d4deb9e584afe1c/med_1622039038_Blogging.png","visible":true}],"communities":[{"id":113,"title":"Blogging","permalink":"blogging","subscriptions_count":2035330,"big_image_url":"https://coub-anubis-a.akamaized.net/coub_storage/category/cw_image/cc945f16597/2b4fb4d4deb9e584afe1c/big_1622039038_Blogging.png","small_image_url":"https://coub-anubis-a.akamaized.net/coub_storage/category/cw_image/cc945f16597/2b4fb4d4deb9e584afe1c/small_1622039038_Blogging.png","med_image_url":"https://coub-anubis-a.akamaized.net/coub_storage/category/cw_image/cc945f16597/2b4fb4d4deb9e584afe1c/med_1622039038_Blogging.png","i_subscribed":true,"community_notifications_enabled":null,"description":null}],"recoubs_count":59,"remixes_count":0,"likes_count":349,"dislikes_count":0,"raw_video_id":16755053,"uploaded_by_ios_app":false,"uploaded_by_android_app":true,"media_blocks":{"uploaded_raw_videos":[],"external_raw_videos":[{"id":39633222,"title":"Люди, мертвые внутри #47 [RUS VO]","url":"https://www.youtube.com/watch?v=RL4k9jaxTlg","image":"https://coub-anubis-a.akamaized.net/coub_storage/media_block/cw_image/d46db580b55/1a64ba67680bb46da7966/video_1631193998_81utk1_1631193806_1v45b3t_att-url-download.jpg","image_retina":"https://coub-anubis-a.akamaized.net/coub_storage/media_block/cw_image/d46db580b55/1a64ba67680bb46da7966/video_retina_1631193998_81utk1_1631193806_1v45b3t_att-url-download.jpg","meta":{"service":"Youtube","duration":"902.04"},"duration":902.04,"raw_video_id":16755053,"has_embed":true}],"remixed_from_coubs":[],"external_video":{"id":39633222,"title":"Люди, мертвые внутри #47 [RUS VO]","url":"https://www.youtube.com/watch?v=RL4k9jaxTlg","image":"https://coub-anubis-a.akamaized.net/coub_storage/media_block/cw_image/d46db580b55/1a64ba67680bb46da7966/video_1631193998_81utk1_1631193806_1v45b3t_att-url-download.jpg","image_retina":"https://coub-anubis-a.akamaized.net/coub_storage/media_block/cw_image/d46db580b55/1a64ba67680bb46da7966/video_retina_1631193998_81utk1_1631193806_1v45b3t_att-url-download.jpg","meta":{"service":"Youtube","duration":"902.04"},"duration":902.04,"raw_video_id":16755053,"has_embed":true}},"raw_video_thumbnail_url":"https://coub-anubis-a.akamaized.net/coub_storage/raw_video/cw_image/3db7a78f79f/c3c6229a5d099a828d1b4/coub_media_1631193814_1631193806_1v45b3t_att-url-download.jpg","raw_video_title":"Люди, мертвые внутри #47 [RUS VO]","video_block_banned":false,"duration":10.0,"promo_winner":false,"promo_winner_recoubers":null,"editorial_info":{},"promo_hint":null,"beeline_best_2014":null,"from_web_editor":false,"normalize_sound":true,"normalize_change_allowed":true,"best2015_addable":false,"ahmad_promo":null,"promo_data":null,"audio_copyright_claim":null,"ads_disabled":false,"is_safe_for_ads":true,"megafon_contents":[],"position_on_page":5},{"flag":null,"abuses":null,"recoubs_by_users_channels":null,"favourite":false,"promoted_id":null,"recoub":null,"like":null,"dislike":null,"reaction":null,"in_my_best2015":false,"id":175253493,"type":"Coub::Simple","permalink":"2vztd2","title":"Goodbye... my little doll","visibility_type":"public","original_visibility_type":"public","channel_id":4809859,"created_at":"2021-09-10T06:46:45Z","updated_at":"2022-03-07T18:53:29Z","is_done":true,"views_count":77324,"cotd":null,"cotd_at":null,"visible_on_explore_root":false,"visible_on_explore":false,"featured":false,"published":true,"published_at":"2021-09-10T13:00:00Z","reversed":false,"from_editor_v2":true,"is_editable":true,"original_sound":true,"has_sound":true,"recoub_to":null,"file_versions":{"html5":{"video":{"higher":{"url":"https://coub-anubis-a.akamaized.net/coub_storage/coub/simple/cw_file/fe4a586f74f/224aeb9bfb57a701b6711/muted_mp4_huge_size_1631256409_muted_huge.mp4","size":2315324},"high":{"url":"https://coub-anubis-a.akamaized.net/coub_storage/coub/simple/cw_file/fe4a586f74f/224aeb9bfb57a701b6711/muted_mp4_big_size_1631256409_muted_big.mp4","size":1411127},"med":{"url":"https://coub-anubis-a.akamaized.net/coub_storage/coub/simple/cw_file/fe4a586f74f/224aeb9bfb57a701b6711/muted_mp4_med_size_1631256409_muted_med.mp4","size":461923}},"audio":{"high":{"url":"https://coub-anubis-a.akamaized.net/coub_storage/coub/simple/cw_looped_audio_high/775dba7f582/a679dcc265f80b5f83d4c/1631256411_mp3-high.mp3","size":865639},"med":{"url":"https://coub-anubis-a.akamaized.net/coub_storage/coub/simple/cw_looped_audio_med/7129cb51576/df041186a760a9534a733/1631256410_mp3-med.mp3","size":802700},"sample_duration":10.101}},"mobile":{"video":"https://coub-anubis-a.akamaized.net/coub_storage/coub/simple/cw_file/fe4a586f74f/224aeb9bfb57a701b6711/muted_mp4_med_size_1631256409_muted_med.mp4","audio":["https://coub-anubis-a.akamaized.net/coub_storage/coub/simple/cw_looped_audio_med/7129cb51576/df041186a760a9534a733/1631256410_mp3-med.mp3"]},"share":{"default":"https://coub-anubis-a.akamaized.net/coub_storage/coub/simple/cw_video_for_sharing/dc93ff714b8/320ae7adbced4ac784248/1631256437_looped_1631256436.mp4"}},"audio_versions":{},"image_versions":{"template":"https://coub-anubis-a.akamaized.net/coub_storage/coub/simple/cw_image/4f1a8a3cd39/a3338e485036503920e98/%{version}_1631256415_00032.jpg","versions":["micro","tiny","age_restricted","ios_large","ios_mosaic","big","med","small","pinterest"]},"first_frame_versions":{"template":"https://coub-anubis-a.akamaized.net/coub_storage/coub/simple/cw_timeline_pic/35f444a7791/a7d2e40675dc8448742d7/%{version}_1631256414_image.jpg","versions":["big","med","small","ios_large"]},"dimensions":{"big":[768,960],"med":[384,480]},"site_w_h":[320,400],"page_w_h":[400,500],"site_w_h_small":[310,388],"size":[768,960],"age_restricted":false,"age_restricted_by_admin":false,"not_safe_for_work":null,"allow_reuse":false,"dont_crop":true,"banned":false,"global_safe":null,"audio_file_url":null,"external_download":{"type":"Reddit","service_name":"Reddit","url":"https://www.reddit.com/r/funny/comments/pld0xy/i_love_my_doll/","has_embed":false},"application":null,"channel":{"id":4809859,"permalink":"acket074","title":"For you...","description":null,"followers_count":86,"following_count":13,"avatar_versions":{"template":"https://coub-anubis-a.akamaized.net/coub_storage/channel/cw_avatar/919b085ac78/9e42c6ec929a1175a5768/%{version}_1622128212_wallpaper_liiga_smilshkalne_06_2560x1440.jpg","versions":["medium","medium_2x","profile_pic","profile_pic_new","profile_pic_new_2x","tiny","tiny_2x","small","small_2x","ios_large","ios_small"]}},"file":null,"picture":"https://coub-anubis-a.akamaized.net/coub_storage/coub/simple/cw_image/4f1a8a3cd39/a3338e485036503920e98/med_1631256415_00032.jpg","timeline_picture":"https://coub-anubis-a.akamaized.net/coub_storage/coub/simple/cw_timeline_pic/35f444a7791/a7d2e40675dc8448742d7/ios_large_1631256414_image.jpg","small_picture":"https://coub-anubis-a.akamaized.net/coub_storage/coub/simple/cw_image/4f1a8a3cd39/a3338e485036503920e98/ios_mosaic_1631256415_00032.jpg","sharing_picture":null,"percent_done":100,"tags":[{"id":3180,"title":"doll","value":"doll"},{"id":14429,"title":"reddit","value":"reddit"},{"id":1021494,"title":"foryou","value":"foryou"},{"id":6025,"title":"toy","value":"toy"},{"id":5094,"title":"kids","value":"kids"}],"categories":[{"id":113,"title":"Blogging","permalink":"blogging","subscriptions_count":2035330,"big_image_url":"https://coub-anubis-a.akamaized.net/coub_storage/category/cw_image/cc945f16597/2b4fb4d4deb9e584afe1c/big_1622039038_Blogging.png","small_image_url":"https://coub-anubis-a.akamaized.net/coub_storage/category/cw_image/cc945f16597/2b4fb4d4deb9e584afe1c/small_1622039038_Blogging.png","med_image_url":"https://coub-anubis-a.akamaized.net/coub_storage/category/cw_image/cc945f16597/2b4fb4d4deb9e584afe1c/med_1622039038_Blogging.png","visible":true}],"communities":[{"id":113,"title":"Blogging","permalink":"blogging","subscriptions_count":2035330,"big_image_url":"https://coub-anubis-a.akamaized.net/coub_storage/category/cw_image/cc945f16597/2b4fb4d4deb9e584afe1c/big_1622039038_Blogging.png","small_image_url":"https://coub-anubis-a.akamaized.net/coub_storage/category/cw_image/cc945f16597/2b4fb4d4deb9e584afe1c/small_1622039038_Blogging.png","med_image_url":"https://coub-anubis-a.akamaized.net/coub_storage/category/cw_image/cc945f16597/2b4fb4d4deb9e584afe1c/med_1622039038_Blogging.png","i_subscribed":true,"community_notifications_enabled":null,"description":null}],"recoubs_count":76,"remixes_count":0,"likes_count":349,"dislikes_count":0,"raw_video_id":16756803,"uploaded_by_ios_app":false,"uploaded_by_android_app":false,"media_blocks":{"uploaded_raw_videos":[],"external_raw_videos":[{"id":39637572,"title":"I love my doll","url":"https://v.redd.it/5kbiigixglm71","image":"https://coub-anubis-a.akamaized.net/coub_storage/media_block/cw_image/2a80d98b518/18a539e5aa1555acf1fa4/video_1631255945_1h1mury_1631255935_14mwhkc_att-url-download.png_format_pjpg_auto_webp_s_13f5b19aa379b6bc36fbd69f98142b735a7ad715","image_retina":"https://coub-anubis-a.akamaized.net/coub_storage/media_block/cw_image/2a80d98b518/18a539e5aa1555acf1fa4/video_retina_1631255945_1h1mury_1631255935_14mwhkc_att-url-download.png_format_pjpg_auto_webp_s_13f5b19aa379b6bc36fbd69f98142b735a7ad715","meta":{"service":"Reddit","duration":"14.1"},"duration":14.1,"raw_video_id":16756803,"has_embed":false}],"remixed_from_coubs":[],"external_video":{"id":39637572,"title":"I love my doll","url":"https://v.redd.it/5kbiigixglm71","image":"https://coub-anubis-a.akamaized.net/coub_storage/media_block/cw_image/2a80d98b518/18a539e5aa1555acf1fa4/video_1631255945_1h1mury_1631255935_14mwhkc_att-url-download.png_format_pjpg_auto_webp_s_13f5b19aa379b6bc36fbd69f98142b735a7ad715","image_retina":"https://coub-anubis-a.akamaized.net/coub_storage/media_block/cw_image/2a80d98b518/18a539e5aa1555acf1fa4/video_retina_1631255945_1h1mury_1631255935_14mwhkc_att-url-download.png_format_pjpg_auto_webp_s_13f5b19aa379b6bc36fbd69f98142b735a7ad715","meta":{"service":"Reddit","duration":"14.1"},"duration":14.1,"raw_video_id":16756803,"has_embed":false}},"raw_video_thumbnail_url":"https://coub-anubis-a.akamaized.net/coub_storage/raw_video/cw_image/c7dc4ea227c/f73f62a576d0de1266eef/coub_media_1631255935_1631255935_14mwhkc_att-url-download.png_format_pjpg_auto_webp_s_13f5b19aa379b6bc36fbd69f98142b735a7ad715","raw_video_title":"I love my doll","video_block_banned":false,"duration":10.0,"promo_winner":false,"promo_winner_recoubers":null,"editorial_info":{},"promo_hint":null,"beeline_best_2014":null,"from_web_editor":true,"normalize_sound":true,"normalize_change_allowed":true,"best2015_addable":false,"ahmad_promo":null,"promo_data":null,"audio_copyright_claim":null,"ads_disabled":null,"is_safe_for_ads":true,"megafon_contents":[],"position_on_page":6},{"flag":null,"abuses":null,"recoubs_by_users_channels":null,"favourite":false,"promoted_id":null,"recoub":null,"like":null,"dislike":null,"reaction":null,"in_my_best2015":false,"id":174134549,"type":"Coub::Simple","permalink":"2vbtz0","title":"What noise do you make in bed ?","visibility_type":"public","original_visibility_type":"public","channel_id":4602752,"created_at":"2021-08-20T10:57:07Z","updated_at":"2022-03-10T02:46:40Z","is_done":true,"views_count":53111,"cotd":null,"cotd_at":null,"visible_on_explore_root":false,"visible_on_explore":false,"featured":false,"published":true,"published_at":"2021-08-20T10:57:07Z","reversed":false,"from_editor_v2":true,"is_editable":true,"original_sound":true,"has_sound":true,"recoub_to":null,"file_versions":{"html5":{"video":{"higher":{"url":"https://coub-anubis-a.akamaized.net/coub_storage/coub/simple/cw_file/f545855c9fb/a591fb431cfc250b813ea/muted_mp4_huge_size_1629457029_muted_huge.mp4","size":1835982},"high":{"url":"https://coub-anubis-a.akamaized.net/coub_storage/coub/simple/cw_file/f545855c9fb/a591fb431cfc250b813ea/muted_mp4_big_size_1629457029_muted_big.mp4","size":1138661},"med":{"url":"https://coub-anubis-a.akamaized.net/coub_storage/coub/simple/cw_file/f545855c9fb/a591fb431cfc250b813ea/muted_mp4_med_size_1629457029_muted_med.mp4","size":363396}},"audio":{"high":{"url":"https://coub-anubis-a.akamaized.net/coub_storage/coub/simple/cw_looped_audio_high/3076bbc3403/49df4541b32723bffecdf/1629457031_mp3-high.mp3","size":1074357},"med":{"url":"https://coub-anubis-a.akamaized.net/coub_storage/coub/simple/cw_looped_audio_med/ae63aa5f9ad/8dc205a684f108f03c506/1629457031_mp3-med.mp3","size":799076},"sample_duration":10.008}},"mobile":{"video":"https://coub-anubis-a.akamaized.net/coub_storage/coub/simple/cw_file/f545855c9fb/a591fb431cfc250b813ea/muted_mp4_med_size_1629457029_muted_med.mp4","audio":["https://coub-anubis-a.akamaized.net/coub_storage/coub/simple/cw_looped_audio_med/ae63aa5f9ad/8dc205a684f108f03c506/1629457031_mp3-med.mp3"]},"share":{"default":"https://coub-anubis-a.akamaized.net/coub_storage/coub/simple/cw_video_for_sharing/f64e2603765/59752dc96ab85667aebf0/1629457053_looped_1629457052.mp4"}},"audio_versions":{},"image_versions":{"template":"https://coub-anubis-a.akamaized.net/coub_storage/coub/simple/cw_image/225db9b6807/d75d7fd58b8195b3a97cb/%{version}_1629457035_00032.jpg","versions":["micro","tiny","age_restricted","ios_large","ios_mosaic","big","med","small","pinterest"]},"first_frame_versions":{"template":"https://coub-anubis-a.akamaized.net/coub_storage/coub/simple/cw_timeline_pic/7a3c3ce5ff5/1870942bc0b87ba2ad9a9/%{version}_1629457035_image.jpg","versions":["big","med","small","ios_large"]},"dimensions":{"big":[1280,736],"med":[640,368]},"site_w_h":[640,368],"page_w_h":[640,368],"site_w_h_small":[310,178],"size":[1280,736],"age_restricted":false,"age_restricted_by_admin":false,"not_safe_for_work":null,"allow_reuse":false,"dont_crop":true,"banned":false,"global_safe":null,"audio_file_url":null,"external_download":false,"application":null,"channel":{"id":4602752,"permalink":"brice-weber","title":"Brice Weber","description":null,"followers_count":21,"following_count":11,"avatar_versions":{"template":"https://coub-anubis-a.akamaized.net/coub_storage/channel/cw_avatar/83e9c92e09d/d92e8ffafe56ddbfb2d71/%{version}_1625377859_filename.jpeg","versions":["medium","medium_2x","profile_pic","profile_pic_new","profile_pic_new_2x","tiny","tiny_2x","small","small_2x","ios_large","ios_small"]}},"file":null,"picture":"https://coub-anubis-a.akamaized.net/coub_storage/coub/simple/cw_image/225db9b6807/d75d7fd58b8195b3a97cb/med_1629457035_00032.jpg","timeline_picture":"https://coub-anubis-a.akamaized.net/coub_storage/coub/simple/cw_timeline_pic/7a3c3ce5ff5/1870942bc0b87ba2ad9a9/ios_large_1629457035_image.jpg","small_picture":"https://coub-anubis-a.akamaized.net/coub_storage/coub/simple/cw_image/225db9b6807/d75d7fd58b8195b3a97cb/ios_mosaic_1629457035_00032.jpg","sharing_picture":null,"percent_done":100,"tags":[],"categories":[{"id":113,"title":"Blogging","permalink":"blogging","subscriptions_count":2035330,"big_image_url":"https://coub-anubis-a.akamaized.net/coub_storage/category/cw_image/cc945f16597/2b4fb4d4deb9e584afe1c/big_1622039038_Blogging.png","small_image_url":"https://coub-anubis-a.akamaized.net/coub_storage/category/cw_image/cc945f16597/2b4fb4d4deb9e584afe1c/small_1622039038_Blogging.png","med_image_url":"https://coub-anubis-a.akamaized.net/coub_storage/category/cw_image/cc945f16597/2b4fb4d4deb9e584afe1c/med_1622039038_Blogging.png","visible":true}],"communities":[{"id":113,"title":"Blogging","permalink":"blogging","subscriptions_count":2035330,"big_image_url":"https://coub-anubis-a.akamaized.net/coub_storage/category/cw_image/cc945f16597/2b4fb4d4deb9e584afe1c/big_1622039038_Blogging.png","small_image_url":"https://coub-anubis-a.akamaized.net/coub_storage/category/cw_image/cc945f16597/2b4fb4d4deb9e584afe1c/small_1622039038_Blogging.png","med_image_url":"https://coub-anubis-a.akamaized.net/coub_storage/category/cw_image/cc945f16597/2b4fb4d4deb9e584afe1c/med_1622039038_Blogging.png","i_subscribed":true,"community_notifications_enabled":null,"description":null}],"recoubs_count":56,"remixes_count":0,"likes_count":348,"dislikes_count":0,"raw_video_id":16704308,"uploaded_by_ios_app":false,"uploaded_by_android_app":false,"media_blocks":{"uploaded_raw_videos":[],"external_raw_videos":[],"remixed_from_coubs":[]},"raw_video_thumbnail_url":"https://coub-anubis-a.akamaized.net/coub_storage/raw_video/cw_image/9ba33f2d8e1/6636269451693f12075e3/coub_media_1629456892_image.jpg","raw_video_title":"125052020_662178117816090_6402660367683665295_n.mp4","video_block_banned":false,"duration":10.0,"promo_winner":false,"promo_winner_recoubers":null,"editorial_info":{},"promo_hint":null,"beeline_best_2014":null,"from_web_editor":true,"normalize_sound":false,"normalize_change_allowed":false,"best2015_addable":false,"ahmad_promo":null,"promo_data":null,"audio_copyright_claim":null,"ads_disabled":null,"is_safe_for_ads":true,"megafon_contents":[],"position_on_page":7},{"flag":null,"abuses":null,"recoubs_by_users_channels":null,"favourite":false,"promoted_id":null,"recoub":null,"like":null,"dislike":null,"reaction":null,"in_my_best2015":false,"id":169664147,"type":"Coub::Simple","permalink":"2so0k8","title":"DORITOS","visibility_type":"public","original_visibility_type":"public","channel_id":11200860,"created_at":"2021-05-30T17:16:53Z","updated_at":"2022-03-16T18:59:44Z","is_done":true,"views_count":43493,"cotd":null,"cotd_at":null,"visible_on_explore_root":false,"visible_on_explore":false,"featured":false,"published":true,"published_at":"2021-05-30T17:16:53Z","reversed":false,"from_editor_v2":true,"is_editable":true,"original_sound":true,"has_sound":true,"recoub_to":null,"file_versions":{"html5":{"video":{"higher":{"url":"https://coub-anubis-a.akamaized.net/coub_storage/coub/simple/cw_file/09d87640928/eb579d4d99102efc895f3/muted_mp4_huge_size_1622395016_muted_huge.mp4","size":2150657},"high":{"url":"https://coub-anubis-a.akamaized.net/coub_storage/coub/simple/cw_file/09d87640928/eb579d4d99102efc895f3/muted_mp4_big_size_1622395016_muted_big.mp4","size":1364956},"med":{"url":"https://coub-anubis-a.akamaized.net/coub_storage/coub/simple/cw_file/09d87640928/eb579d4d99102efc895f3/muted_mp4_med_size_1622395016_muted_med.mp4","size":459552}},"audio":{"high":{"url":"https://coub-anubis-a.akamaized.net/coub_storage/coub/simple/cw_looped_audio_high/b03c59f830c/c4dd5f5a78f97e61cc76c/1622395018_mp3-high.mp3","size":911247},"med":{"url":"https://coub-anubis-a.akamaized.net/coub_storage/coub/simple/cw_looped_audio_med/b2011604044/b06607f39d2df233b60d9/1622395017_mp3-med.mp3","size":798192},"sample_duration":10.008}},"mobile":{"video":"https://coub-anubis-a.akamaized.net/coub_storage/coub/simple/cw_file/09d87640928/eb579d4d99102efc895f3/muted_mp4_med_size_1622395016_muted_med.mp4","audio":["https://coub-anubis-a.akamaized.net/coub_storage/coub/simple/cw_looped_audio_med/b2011604044/b06607f39d2df233b60d9/1622395017_mp3-med.mp3"]},"share":{"default":"https://coub-anubis-a.akamaized.net/coub_storage/coub/simple/cw_video_for_sharing/684b7299a8d/b04a5c7a4d7a3319c09f3/1622395044_looped_1622395043.mp4"}},"audio_versions":{},"image_versions":{"template":"https://coub-anubis-a.akamaized.net/coub_storage/coub/simple/cw_image/dc64046470a/348af809cff1e56125d65/%{version}_1622395021_00032.jpg","versions":["micro","tiny","age_restricted","ios_large","ios_mosaic","big","med","small","pinterest"]},"first_frame_versions":{"template":"https://coub-anubis-a.akamaized.net/coub_storage/coub/simple/cw_timeline_pic/2ffb8e1554f/50c43fd73bc7531c37b27/%{version}_1622395021_image.jpg","versions":["big","med","small","ios_large"]},"dimensions":{"big":[768,960],"med":[384,480]},"site_w_h":[320,400],"page_w_h":[400,500],"site_w_h_small":[310,388],"size":[768,960],"age_restricted":false,"age_restricted_by_admin":false,"not_safe_for_work":null,"allow_reuse":false,"dont_crop":true,"banned":false,"global_safe":true,"audio_file_url":null,"external_download":{"type":"Youtube","service_name":"YouTube","url":"https://www.youtube.com/watch?v=QzPSm-QxfVE","has_embed":true},"application":null,"channel":{"id":11200860,"permalink":"dextdm14415","title":"DexTDM","description":null,"followers_count":19,"following_count":15,"avatar_versions":{"template":"https://coub-anubis-a.akamaized.net/coub_storage/channel/cw_avatar/2181bbe753e/75b9fdf0652200c83b562/%{version}_1621803822_maxresdefault__1_.jpg","versions":["medium","medium_2x","profile_pic","profile_pic_new","profile_pic_new_2x","tiny","tiny_2x","small","small_2x","ios_large","ios_small"]}},"file":null,"picture":"https://coub-anubis-a.akamaized.net/coub_storage/coub/simple/cw_image/dc64046470a/348af809cff1e56125d65/med_1622395021_00032.jpg","timeline_picture":"https://coub-anubis-a.akamaized.net/coub_storage/coub/simple/cw_timeline_pic/2ffb8e1554f/50c43fd73bc7531c37b27/ios_large_1622395021_image.jpg","small_picture":"https://coub-anubis-a.akamaized.net/coub_storage/coub/simple/cw_image/dc64046470a/348af809cff1e56125d65/ios_mosaic_1622395021_00032.jpg","sharing_picture":null,"percent_done":100,"tags":[],"categories":[{"id":113,"title":"Blogging","permalink":"blogging","subscriptions_count":2035330,"big_image_url":"https://coub-anubis-a.akamaized.net/coub_storage/category/cw_image/cc945f16597/2b4fb4d4deb9e584afe1c/big_1622039038_Blogging.png","small_image_url":"https://coub-anubis-a.akamaized.net/coub_storage/category/cw_image/cc945f16597/2b4fb4d4deb9e584afe1c/small_1622039038_Blogging.png","med_image_url":"https://coub-anubis-a.akamaized.net/coub_storage/category/cw_image/cc945f16597/2b4fb4d4deb9e584afe1c/med_1622039038_Blogging.png","visible":true}],"communities":[{"id":113,"title":"Blogging","permalink":"blogging","subscriptions_count":2035330,"big_image_url":"https://coub-anubis-a.akamaized.net/coub_storage/category/cw_image/cc945f16597/2b4fb4d4deb9e584afe1c/big_1622039038_Blogging.png","small_image_url":"https://coub-anubis-a.akamaized.net/coub_storage/category/cw_image/cc945f16597/2b4fb4d4deb9e584afe1c/small_1622039038_Blogging.png","med_image_url":"https://coub-anubis-a.akamaized.net/coub_storage/category/cw_image/cc945f16597/2b4fb4d4deb9e584afe1c/med_1622039038_Blogging.png","i_subscribed":true,"community_notifications_enabled":null,"description":null}],"recoubs_count":74,"remixes_count":0,"likes_count":348,"dislikes_count":0,"raw_video_id":16486279,"uploaded_by_ios_app":false,"uploaded_by_android_app":false,"media_blocks":{"uploaded_raw_videos":[],"external_raw_videos":[{"id":38973544,"title":"oh no, its el dorito","url":"https://www.youtube.com/watch?v=QzPSm-QxfVE","image":"https://coub-anubis-a.akamaized.net/coub_storage/media_block/cw_image/78828c06b8b/23e6e4146b9a7626e6f69/video_1622394844_14pu7x_1622394829_1622394829_h04gye_att-url-download.jpg_sqp_-oaymwEcCNACELwBSFXyq4qpAw4IARUAAIhCGAFwAcABBg___rs_AOn4CLCYzTXjmqqP_b8ks-xFyk-w2lxl3g","image_retina":"https://coub-anubis-a.akamaized.net/coub_storage/media_block/cw_image/78828c06b8b/23e6e4146b9a7626e6f69/video_retina_1622394844_14pu7x_1622394829_1622394829_h04gye_att-url-download.jpg_sqp_-oaymwEcCNACELwBSFXyq4qpAw4IARUAAIhCGAFwAcABBg___rs_AOn4CLCYzTXjmqqP_b8ks-xFyk-w2lxl3g","meta":{"service":"Youtube","duration":"23.92"},"duration":23.92,"raw_video_id":16486279,"has_embed":true}],"remixed_from_coubs":[],"external_video":{"id":38973544,"title":"oh no, its el dorito","url":"https://www.youtube.com/watch?v=QzPSm-QxfVE","image":"https://coub-anubis-a.akamaized.net/coub_storage/media_block/cw_image/78828c06b8b/23e6e4146b9a7626e6f69/video_1622394844_14pu7x_1622394829_1622394829_h04gye_att-url-download.jpg_sqp_-oaymwEcCNACELwBSFXyq4qpAw4IARUAAIhCGAFwAcABBg___rs_AOn4CLCYzTXjmqqP_b8ks-xFyk-w2lxl3g","image_retina":"https://coub-anubis-a.akamaized.net/coub_storage/media_block/cw_image/78828c06b8b/23e6e4146b9a7626e6f69/video_retina_1622394844_14pu7x_1622394829_1622394829_h04gye_att-url-download.jpg_sqp_-oaymwEcCNACELwBSFXyq4qpAw4IARUAAIhCGAFwAcABBg___rs_AOn4CLCYzTXjmqqP_b8ks-xFyk-w2lxl3g","meta":{"service":"Youtube","duration":"23.92"},"duration":23.92,"raw_video_id":16486279,"has_embed":true}},"raw_video_thumbnail_url":"https://coub-anubis-a.akamaized.net/coub_storage/raw_video/cw_image/b59a2344077/bae3cfd5844250f6b0caa/coub_media_1622394829_1622394829_h04gye_att-url-download.jpg_sqp_-oaymwEcCNACELwBSFXyq4qpAw4IARUAAIhCGAFwAcABBg___rs_AOn4CLCYzTXjmqqP_b8ks-xFyk-w2lxl3g","raw_video_title":"oh no, its el dorito","video_block_banned":false,"duration":10.0,"promo_winner":false,"promo_winner_recoubers":null,"editorial_info":{},"promo_hint":null,"beeline_best_2014":null,"from_web_editor":true,"normalize_sound":true,"normalize_change_allowed":true,"best2015_addable":false,"ahmad_promo":null,"promo_data":null,"audio_copyright_claim":null,"ads_disabled":null,"is_safe_for_ads":true,"megafon_contents":[],"position_on_page":8},{"flag":null,"abuses":null,"recoubs_by_users_channels":null,"favourite":false,"promoted_id":null,"recoub":null,"like":null,"dislike":null,"reaction":null,"in_my_best2015":false,"id":177583391,"type":"Coub::Simple","permalink":"2xdr4t","title":"Я могу сказать плохое слово?","visibility_type":"public","original_visibility_type":"public","channel_id":11042470,"created_at":"2021-10-24T20:32:05Z","updated_at":"2022-03-16T16:23:28Z","is_done":true,"views_count":35726,"cotd":null,"cotd_at":null,"visible_on_explore_root":false,"visible_on_explore":false,"featured":false,"published":true,"published_at":"2021-10-24T20:32:05Z","reversed":false,"from_editor_v2":true,"is_editable":true,"original_sound":true,"has_sound":true,"recoub_to":null,"file_versions":{"html5":{"video":{"higher":{"url":"https://coub-anubis-a.akamaized.net/coub_storage/coub/simple/cw_file/49720314b1f/fe5af6e87315dbbf32363/muted_mp4_huge_size_1635107720_muted_huge.mp4","size":734266},"high":{"url":"https://coub-anubis-a.akamaized.net/coub_storage/coub/simple/cw_file/49720314b1f/fe5af6e87315dbbf32363/muted_mp4_big_size_1635107720_muted_big.mp4","size":501650},"med":{"url":"https://coub-anubis-a.akamaized.net/coub_storage/coub/simple/cw_file/49720314b1f/fe5af6e87315dbbf32363/muted_mp4_med_size_1635107720_muted_med.mp4","size":124064}},"audio":{"high":{"url":"https://coub-anubis-a.akamaized.net/coub_storage/coub/simple/cw_looped_audio_high/227b73ccd4a/a47447d4a6889e3f9ee94/1635107723_mp3-high.mp3","size":1105362},"med":{"url":"https://coub-anubis-a.akamaized.net/coub_storage/coub/simple/cw_looped_audio_med/0883ed3d938/9dc1440f71b7d01d3aa62/1635107722_mp3-med.mp3","size":874504},"sample_duration":6.873}},"mobile":{"video":"https://coub-anubis-a.akamaized.net/coub_storage/coub/simple/cw_file/49720314b1f/fe5af6e87315dbbf32363/muted_mp4_med_size_1635107720_muted_med.mp4","audio":["https://coub-anubis-a.akamaized.net/coub_storage/coub/simple/cw_looped_audio_med/0883ed3d938/9dc1440f71b7d01d3aa62/1635107722_mp3-med.mp3"]},"share":{"default":"https://coub-anubis-a.akamaized.net/coub_storage/coub/simple/cw_video_for_sharing/ca5bb492ab9/71d2615a8cb314fc6e7ee/1635107754_looped_1635107754.mp4"}},"audio_versions":{},"image_versions":{"template":"https://coub-anubis-a.akamaized.net/coub_storage/coub/simple/cw_image/68a2a112d28/a5569201b070dbd1145f5/%{version}_1635107728_00022.jpg","versions":["micro","tiny","age_restricted","ios_large","ios_mosaic","big","med","small","pinterest"]},"first_frame_versions":{"template":"https://coub-anubis-a.akamaized.net/coub_storage/coub/simple/cw_timeline_pic/3865575fd24/a8eb267efbca7ceff5773/%{version}_1635107727_image.jpg","versions":["big","med","small","ios_large"]},"dimensions":{"big":[1280,720],"med":[640,360]},"site_w_h":[640,360],"page_w_h":[640,360],"site_w_h_small":[310,174],"size":[1280,720],"age_restricted":false,"age_restricted_by_admin":false,"not_safe_for_work":null,"allow_reuse":false,"dont_crop":true,"banned":false,"global_safe":null,"audio_file_url":null,"external_download":{"type":"Youtube","service_name":"YouTube","url":"https://youtu.be/BYMCsIn53DY","has_embed":true},"application":null,"channel":{"id":11042470,"permalink":"18327298","title":"guard","description":null,"followers_count":72,"following_count":14,"avatar_versions":{"template":"https://coub-anubis-a.akamaized.net/coub_storage/channel/cw_avatar/314825ef744/fbf35907fec2d08922b7b/%{version}_1620249358_CoTnUR_WEAAkCOu.jpg","versions":["medium","medium_2x","profile_pic","profile_pic_new","profile_pic_new_2x","tiny","tiny_2x","small","small_2x","ios_large","ios_small"]}},"file":null,"picture":"https://coub-anubis-a.akamaized.net/coub_storage/coub/simple/cw_image/68a2a112d28/a5569201b070dbd1145f5/med_1635107728_00022.jpg","timeline_picture":"https://coub-anubis-a.akamaized.net/coub_storage/coub/simple/cw_timeline_pic/3865575fd24/a8eb267efbca7ceff5773/ios_large_1635107727_image.jpg","small_picture":"https://coub-anubis-a.akamaized.net/coub_storage/coub/simple/cw_image/68a2a112d28/a5569201b070dbd1145f5/ios_mosaic_1635107728_00022.jpg","sharing_picture":null,"percent_done":100,"tags":[{"id":6539480,"title":"coubig #31","value":"coubig%20%2331"},{"id":126548,"title":"девченка","value":"%D0%B4%D0%B5%D0%B2%D1%87%D0%B5%D0%BD%D0%BA%D0%B0"},{"id":57872,"title":"ругается","value":"%D1%80%D1%83%D0%B3%D0%B0%D0%B5%D1%82%D1%81%D1%8F"},{"id":30669,"title":"матом","value":"%D0%BC%D0%B0%D1%82%D0%BE%D0%BC"},{"id":9744,"title":"мама","value":"%D0%BC%D0%B0%D0%BC%D0%B0"},{"id":67802,"title":"в шоке","value":"%D0%B2%20%D1%88%D0%BE%D0%BA%D0%B5"},{"id":34253,"title":"удивление","value":"%D1%83%D0%B4%D0%B8%D0%B2%D0%BB%D0%B5%D0%BD%D0%B8%D0%B5"}],"categories":[{"id":113,"title":"Blogging","permalink":"blogging","subscriptions_count":2035330,"big_image_url":"https://coub-anubis-a.akamaized.net/coub_storage/category/cw_image/cc945f16597/2b4fb4d4deb9e584afe1c/big_1622039038_Blogging.png","small_image_url":"https://coub-anubis-a.akamaized.net/coub_storage/category/cw_image/cc945f16597/2b4fb4d4deb9e584afe1c/small_1622039038_Blogging.png","med_image_url":"https://coub-anubis-a.akamaized.net/coub_storage/category/cw_image/cc945f16597/2b4fb4d4deb9e584afe1c/med_1622039038_Blogging.png","visible":true}],"communities":[{"id":113,"title":"Blogging","permalink":"blogging","subscriptions_count":2035330,"big_image_url":"https://coub-anubis-a.akamaized.net/coub_storage/category/cw_image/cc945f16597/2b4fb4d4deb9e584afe1c/big_1622039038_Blogging.png","small_image_url":"https://coub-anubis-a.akamaized.net/coub_storage/category/cw_image/cc945f16597/2b4fb4d4deb9e584afe1c/small_1622039038_Blogging.png","med_image_url":"https://coub-anubis-a.akamaized.net/coub_storage/category/cw_image/cc945f16597/2b4fb4d4deb9e584afe1c/med_1622039038_Blogging.png","i_subscribed":true,"community_notifications_enabled":null,"description":null}],"recoubs_count":80,"remixes_count":0,"likes_count":346,"dislikes_count":0,"raw_video_id":16870972,"uploaded_by_ios_app":false,"uploaded_by_android_app":false,"media_blocks":{"uploaded_raw_videos":[],"external_raw_videos":[{"id":39908308,"title":"COUBig BEST COUB #31","url":"https://www.youtube.com/watch?v=BYMCsIn53DY","image":"https://coub-anubis-a.akamaized.net/coub_storage/media_block/cw_image/104b053d050/6fb0f242d7212731d9836/video_1635080644_28ixhw_1635080502_1635080493_1fz9b88_att-url-download.webp","image_retina":"https://coub-anubis-a.akamaized.net/coub_storage/media_block/cw_image/104b053d050/6fb0f242d7212731d9836/video_retina_1635080644_28ixhw_1635080502_1635080493_1fz9b88_att-url-download.webp","meta":{"service":"Youtube","duration":"716.32"},"duration":716.32,"raw_video_id":16870972,"has_embed":true}],"remixed_from_coubs":[],"external_video":{"id":39908308,"title":"COUBig BEST COUB #31","url":"https://www.youtube.com/watch?v=BYMCsIn53DY","image":"https://coub-anubis-a.akamaized.net/coub_storage/media_block/cw_image/104b053d050/6fb0f242d7212731d9836/video_1635080644_28ixhw_1635080502_1635080493_1fz9b88_att-url-download.webp","image_retina":"https://coub-anubis-a.akamaized.net/coub_storage/media_block/cw_image/104b053d050/6fb0f242d7212731d9836/video_retina_1635080644_28ixhw_1635080502_1635080493_1fz9b88_att-url-download.webp","meta":{"service":"Youtube","duration":"716.32"},"duration":716.32,"raw_video_id":16870972,"has_embed":true}},"raw_video_thumbnail_url":"https://coub-anubis-a.akamaized.net/coub_storage/raw_video/cw_image/cc2d2f51f18/1757de8cbe3b6424daf00/coub_media_1635080502_1635080493_1fz9b88_att-url-download.webp","raw_video_title":"COUBig BEST COUB #31","video_block_banned":false,"duration":6.84,"promo_winner":false,"promo_winner_recoubers":null,"editorial_info":{},"promo_hint":null,"beeline_best_2014":null,"from_web_editor":true,"normalize_sound":true,"normalize_change_allowed":true,"best2015_addable":false,"ahmad_promo":null,"promo_data":null,"audio_copyright_claim":null,"ads_disabled":null,"is_safe_for_ads":true,"megafon_contents":[],"position_on_page":9},{"flag":null,"abuses":null,"recoubs_by_users_channels":null,"favourite":false,"promoted_id":null,"recoub":null,"like":null,"dislike":null,"reaction":null,"in_my_best2015":false,"id":176807382,"type":"Coub::Simple","permalink":"2wx4cy","title":"Оскар этому госпадину","visibility_type":"public","original_visibility_type":"public","channel_id":3872014,"created_at":"2021-10-09T18:15:15Z","updated_at":"2022-02-11T15:49:50Z","is_done":true,"views_count":40089,"cotd":null,"cotd_at":null,"visible_on_explore_root":false,"visible_on_explore":false,"featured":false,"published":true,"published_at":"2021-10-09T18:15:15Z","reversed":false,"from_editor_v2":true,"is_editable":true,"original_sound":true,"has_sound":true,"recoub_to":null,"file_versions":{"html5":{"video":{"higher":{"url":"https://coub-anubis-a.akamaized.net/coub_storage/coub/simple/cw_file/d7001c8df6d/591f8a0977ab6e3c6b1d6/muted_mp4_huge_size_1633803329_muted_huge.mp4","size":1077964},"high":{"url":"https://coub-anubis-a.akamaized.net/coub_storage/coub/simple/cw_file/d7001c8df6d/591f8a0977ab6e3c6b1d6/muted_mp4_big_size_1633803329_muted_big.mp4","size":642298},"med":{"url":"https://coub-anubis-a.akamaized.net/coub_storage/coub/simple/cw_file/d7001c8df6d/591f8a0977ab6e3c6b1d6/muted_mp4_med_size_1633803329_muted_med.mp4","size":197635}},"audio":{"high":{"url":"https://coub-anubis-a.akamaized.net/coub_storage/coub/simple/cw_looped_audio_high/bbd0dec91ed/8094626509c3c3229a5a7/1633803331_mp3-high.mp3","size":818823},"med":{"url":"https://coub-anubis-a.akamaized.net/coub_storage/coub/simple/cw_looped_audio_med/aa4668e846f/ff08c1e5c0d84b52191bc/1633803330_mp3-med.mp3","size":793876},"sample_duration":10.008}},"mobile":{"video":"https://coub-anubis-a.akamaized.net/coub_storage/coub/simple/cw_file/d7001c8df6d/591f8a0977ab6e3c6b1d6/muted_mp4_med_size_1633803329_muted_med.mp4","audio":["https://coub-anubis-a.akamaized.net/coub_storage/coub/simple/cw_looped_audio_med/aa4668e846f/ff08c1e5c0d84b52191bc/1633803330_mp3-med.mp3"]},"share":{"default":"https://coub-anubis-a.akamaized.net/coub_storage/coub/simple/cw_video_for_sharing/3730a8bf803/7540957a25e0bc767a910/1633803379_looped_1633803377.mp4"}},"audio_versions":{},"image_versions":{"template":"https://coub-anubis-a.akamaized.net/coub_storage/coub/simple/cw_image/9972aeee452/ee29f8b16d2afc4ffbe91/%{version}_1633803340_00032.jpg","versions":["micro","tiny","age_restricted","ios_large","ios_mosaic","big","med","small","pinterest"]},"first_frame_versions":{"template":"https://coub-anubis-a.akamaized.net/coub_storage/coub/simple/cw_timeline_pic/ea20ce347d9/fc4028ee616bf63a2a4a3/%{version}_1633803339_image.jpg","versions":["big","med","small","ios_large"]},"dimensions":{"big":[764,960],"med":[382,480]},"site_w_h":[318,400],"page_w_h":[400,503],"site_w_h_small":[310,390],"size":[764,960],"age_restricted":false,"age_restricted_by_admin":false,"not_safe_for_work":null,"allow_reuse":false,"dont_crop":true,"banned":false,"global_safe":null,"audio_file_url":null,"external_download":false,"application":null,"channel":{"id":3872014,"permalink":"gintas-gintukas4","title":"Gintas Gintukas","description":null,"followers_count":375,"following_count":6,"avatar_versions":{"template":"https://coub-anubis-a.akamaized.net/coub_storage/channel/cw_avatar/64e864588b5/461ed8bfc45c41240d276/%{version}_1632573076_FB_IMG_1631269101262.jpg","versions":["medium","medium_2x","profile_pic","profile_pic_new","profile_pic_new_2x","tiny","tiny_2x","small","small_2x","ios_large","ios_small"]}},"file":null,"picture":"https://coub-anubis-a.akamaized.net/coub_storage/coub/simple/cw_image/9972aeee452/ee29f8b16d2afc4ffbe91/med_1633803340_00032.jpg","timeline_picture":"https://coub-anubis-a.akamaized.net/coub_storage/coub/simple/cw_timeline_pic/ea20ce347d9/fc4028ee616bf63a2a4a3/ios_large_1633803339_image.jpg","small_picture":"https://coub-anubis-a.akamaized.net/coub_storage/coub/simple/cw_image/9972aeee452/ee29f8b16d2afc4ffbe91/ios_mosaic_1633803340_00032.jpg","sharing_picture":null,"percent_done":100,"tags":[{"id":102527,"title":"oskar","value":"oskar"}],"categories":[{"id":113,"title":"Blogging","permalink":"blogging","subscriptions_count":2035330,"big_image_url":"https://coub-anubis-a.akamaized.net/coub_storage/category/cw_image/cc945f16597/2b4fb4d4deb9e584afe1c/big_1622039038_Blogging.png","small_image_url":"https://coub-anubis-a.akamaized.net/coub_storage/category/cw_image/cc945f16597/2b4fb4d4deb9e584afe1c/small_1622039038_Blogging.png","med_image_url":"https://coub-anubis-a.akamaized.net/coub_storage/category/cw_image/cc945f16597/2b4fb4d4deb9e584afe1c/med_1622039038_Blogging.png","visible":true}],"communities":[{"id":113,"title":"Blogging","permalink":"blogging","subscriptions_count":2035330,"big_image_url":"https://coub-anubis-a.akamaized.net/coub_storage/category/cw_image/cc945f16597/2b4fb4d4deb9e584afe1c/big_1622039038_Blogging.png","small_image_url":"https://coub-anubis-a.akamaized.net/coub_storage/category/cw_image/cc945f16597/2b4fb4d4deb9e584afe1c/small_1622039038_Blogging.png","med_image_url":"https://coub-anubis-a.akamaized.net/coub_storage/category/cw_image/cc945f16597/2b4fb4d4deb9e584afe1c/med_1622039038_Blogging.png","i_subscribed":true,"community_notifications_enabled":null,"description":null}],"recoubs_count":56,"remixes_count":0,"likes_count":346,"dislikes_count":0,"raw_video_id":16832002,"uploaded_by_ios_app":false,"uploaded_by_android_app":false,"media_blocks":{"uploaded_raw_videos":[],"external_raw_videos":[],"remixed_from_coubs":[]},"raw_video_thumbnail_url":"https://coub-anubis-a.akamaized.net/coub_storage/raw_video/cw_image/2f2bfb57911/1a7830724aa1c8dfa4a18/coub_media_1633803208_image.jpg","raw_video_title":"1633761591_idealnoe-prestuplenie.mp4","video_block_banned":false,"duration":10.0,"promo_winner":false,"promo_winner_recoubers":null,"editorial_info":{},"promo_hint":null,"beeline_best_2014":null,"from_web_editor":true,"normalize_sound":true,"normalize_change_allowed":true,"best2015_addable":false,"ahmad_promo":null,"promo_data":null,"audio_copyright_claim":null,"ads_disabled":null,"is_safe_for_ads":true,"megafon_contents":[],"position_on_page":10}]}