{"page":305,"per_page":10,"total_pages":500,"coubs":[{"flag":null,"abuses":null,"recoubs_by_users_channels":null,"favourite":false,"promoted_id":null,"recoub":null,"like":null,"dislike":null,"reaction":null,"in_my_best2015":false,"id":179968675,"type":"Coub::Simple","permalink":"2ysvn5","title":"😍😍😍","visibility_type":"public","original_visibility_type":"public","channel_id":3872014,"created_at":"2021-12-12T20:00:26Z","updated_at":"2022-03-15T14:42:44Z","is_done":true,"views_count":12300,"cotd":null,"cotd_at":null,"visible_on_explore_root":false,"visible_on_explore":false,"featured":false,"published":true,"published_at":"2021-12-12T20:00:26Z","reversed":false,"from_editor_v2":true,"is_editable":true,"original_sound":true,"has_sound":true,"recoub_to":null,"file_versions":{"html5":{"video":{"higher":{"url":"https://coub-anubis-a.akamaized.net/coub_storage/coub/simple/cw_file/d8c98884a9f/61fe72831666a0c539447/muted_mp4_huge_size_1639339239_muted_huge.mp4","size":1953561},"high":{"url":"https://coub-anubis-a.akamaized.net/coub_storage/coub/simple/cw_file/d8c98884a9f/61fe72831666a0c539447/muted_mp4_big_size_1639339239_muted_big.mp4","size":1160667},"med":{"url":"https://coub-anubis-a.akamaized.net/coub_storage/coub/simple/cw_file/d8c98884a9f/61fe72831666a0c539447/muted_mp4_med_size_1639339239_muted_med.mp4","size":349692}},"audio":{"high":{"url":"https://coub-anubis-a.akamaized.net/coub_storage/coub/simple/cw_looped_audio_high/f91d259cd1e/e17cc09cd31ae8afc7c9e/1639339242_mp3-high.mp3","size":779791},"med":{"url":"https://coub-anubis-a.akamaized.net/coub_storage/coub/simple/cw_looped_audio_med/0d6778e28c0/bd8fedb52d6f6852d3adb/1639339241_mp3-med.mp3","size":779834},"sample_duration":9.474}},"mobile":{"video":"https://coub-anubis-a.akamaized.net/coub_storage/coub/simple/cw_file/d8c98884a9f/61fe72831666a0c539447/muted_mp4_med_size_1639339239_muted_med.mp4","audio":["https://coub-anubis-a.akamaized.net/coub_storage/coub/simple/cw_looped_audio_med/0d6778e28c0/bd8fedb52d6f6852d3adb/1639339241_mp3-med.mp3"]},"share":{"default":"https://coub-anubis-a.akamaized.net/coub_storage/coub/simple/cw_video_for_sharing/5cac0207ff3/2d7dc99092e43240f2bff/1639339299_looped_1639339295.mp4"}},"audio_versions":{},"image_versions":{"template":"https://coub-anubis-a.akamaized.net/coub_storage/coub/simple/cw_image/c965af736d0/842b864cdec2765f0efb1/%{version}_1639339251_00030.jpg","versions":["micro","tiny","age_restricted","ios_large","ios_mosaic","big","med","small","pinterest"]},"first_frame_versions":{"template":"https://coub-anubis-a.akamaized.net/coub_storage/coub/simple/cw_timeline_pic/ea47a75888d/b599144bf5ff96412d4c3/%{version}_1639339250_image.jpg","versions":["big","med","small","ios_large"]},"dimensions":{"big":[768,960],"med":[384,480]},"site_w_h":[320,400],"page_w_h":[400,500],"site_w_h_small":[310,388],"size":[768,960],"age_restricted":false,"age_restricted_by_admin":false,"not_safe_for_work":false,"allow_reuse":false,"dont_crop":true,"banned":false,"global_safe":null,"audio_file_url":null,"external_download":false,"application":null,"channel":{"id":3872014,"permalink":"gintas-gintukas4","title":"Gintas Gintukas","description":null,"followers_count":375,"following_count":6,"avatar_versions":{"template":"https://coub-anubis-a.akamaized.net/coub_storage/channel/cw_avatar/64e864588b5/461ed8bfc45c41240d276/%{version}_1632573076_FB_IMG_1631269101262.jpg","versions":["medium","medium_2x","profile_pic","profile_pic_new","profile_pic_new_2x","tiny","tiny_2x","small","small_2x","ios_large","ios_small"]}},"file":null,"picture":"https://coub-anubis-a.akamaized.net/coub_storage/coub/simple/cw_image/c965af736d0/842b864cdec2765f0efb1/med_1639339251_00030.jpg","timeline_picture":"https://coub-anubis-a.akamaized.net/coub_storage/coub/simple/cw_timeline_pic/ea47a75888d/b599144bf5ff96412d4c3/ios_large_1639339250_image.jpg","small_picture":"https://coub-anubis-a.akamaized.net/coub_storage/coub/simple/cw_image/c965af736d0/842b864cdec2765f0efb1/ios_mosaic_1639339251_00030.jpg","sharing_picture":null,"percent_done":100,"tags":[{"id":4312,"title":"banana","value":"banana"},{"id":183,"title":"girl","value":"girl"},{"id":287,"title":"boobs","value":"boobs"}],"categories":[{"id":113,"title":"Blogging","permalink":"blogging","subscriptions_count":2035330,"big_image_url":"https://coub-anubis-a.akamaized.net/coub_storage/category/cw_image/cc945f16597/2b4fb4d4deb9e584afe1c/big_1622039038_Blogging.png","small_image_url":"https://coub-anubis-a.akamaized.net/coub_storage/category/cw_image/cc945f16597/2b4fb4d4deb9e584afe1c/small_1622039038_Blogging.png","med_image_url":"https://coub-anubis-a.akamaized.net/coub_storage/category/cw_image/cc945f16597/2b4fb4d4deb9e584afe1c/med_1622039038_Blogging.png","visible":true}],"communities":[{"id":113,"title":"Blogging","permalink":"blogging","subscriptions_count":2035330,"big_image_url":"https://coub-anubis-a.akamaized.net/coub_storage/category/cw_image/cc945f16597/2b4fb4d4deb9e584afe1c/big_1622039038_Blogging.png","small_image_url":"https://coub-anubis-a.akamaized.net/coub_storage/category/cw_image/cc945f16597/2b4fb4d4deb9e584afe1c/small_1622039038_Blogging.png","med_image_url":"https://coub-anubis-a.akamaized.net/coub_storage/category/cw_image/cc945f16597/2b4fb4d4deb9e584afe1c/med_1622039038_Blogging.png","i_subscribed":true,"community_notifications_enabled":null,"description":null}],"recoubs_count":6,"remixes_count":0,"likes_count":33,"dislikes_count":0,"raw_video_id":16988267,"uploaded_by_ios_app":false,"uploaded_by_android_app":false,"media_blocks":{"uploaded_raw_videos":[],"external_raw_videos":[],"remixed_from_coubs":[]},"raw_video_thumbnail_url":"https://coub-anubis-a.akamaized.net/coub_storage/raw_video/cw_image/d7451bf9c19/848980dae78c7a17ea654/coub_media_1639339141_image.jpg","raw_video_title":"2.MP4","video_block_banned":false,"duration":9.48,"promo_winner":false,"promo_winner_recoubers":null,"editorial_info":{},"promo_hint":null,"beeline_best_2014":null,"from_web_editor":true,"normalize_sound":true,"normalize_change_allowed":true,"best2015_addable":false,"ahmad_promo":null,"promo_data":null,"audio_copyright_claim":null,"ads_disabled":false,"is_safe_for_ads":true,"megafon_contents":[],"position_on_page":1},{"flag":null,"abuses":null,"recoubs_by_users_channels":null,"favourite":false,"promoted_id":null,"recoub":null,"like":null,"dislike":null,"reaction":null,"in_my_best2015":false,"id":179733990,"type":"Coub::Simple","permalink":"2ynuk4","title":"Регби","visibility_type":"public","original_visibility_type":"public","channel_id":11994703,"created_at":"2021-12-08T03:24:42Z","updated_at":"2022-03-11T16:36:03Z","is_done":true,"views_count":6400,"cotd":null,"cotd_at":null,"visible_on_explore_root":false,"visible_on_explore":false,"featured":false,"published":true,"published_at":"2021-12-08T03:24:42Z","reversed":false,"from_editor_v2":true,"is_editable":true,"original_sound":true,"has_sound":true,"recoub_to":null,"file_versions":{"html5":{"video":{"higher":{"url":"https://coub-anubis-a.akamaized.net/coub_storage/coub/simple/cw_file/431b826321a/074458c98982039c64c83/muted_mp4_huge_size_1638933887_muted_huge.mp4","size":579869},"high":{"url":"https://coub-anubis-a.akamaized.net/coub_storage/coub/simple/cw_file/431b826321a/074458c98982039c64c83/muted_mp4_big_size_1638933887_muted_big.mp4","size":396500},"med":{"url":"https://coub-anubis-a.akamaized.net/coub_storage/coub/simple/cw_file/431b826321a/074458c98982039c64c83/muted_mp4_med_size_1638933887_muted_med.mp4","size":130048}},"audio":{"high":{"url":"https://coub-anubis-a.akamaized.net/coub_storage/coub/simple/cw_looped_audio_high/599f67004a2/6538f1e057b1519329f19/1638933889_mp3-high.mp3","size":1026233},"med":{"url":"https://coub-anubis-a.akamaized.net/coub_storage/coub/simple/cw_looped_audio_med/c252cc5bcfa/f7e178bc3fc345ab35c4d/1638933888_mp3-med.mp3","size":942888},"sample_duration":6.664}},"mobile":{"video":"https://coub-anubis-a.akamaized.net/coub_storage/coub/simple/cw_file/431b826321a/074458c98982039c64c83/muted_mp4_med_size_1638933887_muted_med.mp4","audio":["https://coub-anubis-a.akamaized.net/coub_storage/coub/simple/cw_looped_audio_med/c252cc5bcfa/f7e178bc3fc345ab35c4d/1638933888_mp3-med.mp3"]},"share":{"default":"https://coub-anubis-a.akamaized.net/coub_storage/coub/simple/cw_video_for_sharing/4fd025af989/7d494d75cc2db759f818c/1638933922_looped_1638933922.mp4"}},"audio_versions":{},"image_versions":{"template":"https://coub-anubis-a.akamaized.net/coub_storage/coub/simple/cw_image/01515b3c093/52e0f0cfd3870ad4e3bba/%{version}_1638933891_00022.jpg","versions":["micro","tiny","age_restricted","ios_large","ios_mosaic","big","med","small","pinterest"]},"first_frame_versions":{"template":"https://coub-anubis-a.akamaized.net/coub_storage/coub/simple/cw_timeline_pic/b08c58be340/98cb2c97c462a52809235/%{version}_1638933891_image.jpg","versions":["big","med","small","ios_large"]},"dimensions":{"big":[1280,720],"med":[640,360]},"site_w_h":[640,360],"page_w_h":[640,360],"site_w_h_small":[310,174],"size":[1280,720],"age_restricted":false,"age_restricted_by_admin":false,"not_safe_for_work":null,"allow_reuse":false,"dont_crop":true,"banned":false,"global_safe":null,"audio_file_url":null,"external_download":false,"application":null,"channel":{"id":11994703,"permalink":"alexcomed","title":"SmehCoin","description":"Переходите на мой Ютуб канал СмехCoin.","followers_count":129,"following_count":9,"avatar_versions":{"template":"https://coub-anubis-a.akamaized.net/coub_storage/channel/cw_avatar/e5c15c52952/5afeb0711ded7b3bc0265/%{version}_1632606673_depositphotos_6284450-stock-illustration-thumb-up-coin___________.jpg","versions":["medium","medium_2x","profile_pic","profile_pic_new","profile_pic_new_2x","tiny","tiny_2x","small","small_2x","ios_large","ios_small"]}},"file":null,"picture":"https://coub-anubis-a.akamaized.net/coub_storage/coub/simple/cw_image/01515b3c093/52e0f0cfd3870ad4e3bba/med_1638933891_00022.jpg","timeline_picture":"https://coub-anubis-a.akamaized.net/coub_storage/coub/simple/cw_timeline_pic/b08c58be340/98cb2c97c462a52809235/ios_large_1638933891_image.jpg","small_picture":"https://coub-anubis-a.akamaized.net/coub_storage/coub/simple/cw_image/01515b3c093/52e0f0cfd3870ad4e3bba/ios_mosaic_1638933891_00022.jpg","sharing_picture":null,"percent_done":100,"tags":[{"id":1437,"title":"юмор","value":"%D1%8E%D0%BC%D0%BE%D1%80"},{"id":4480,"title":"приколы","value":"%D0%BF%D1%80%D0%B8%D0%BA%D0%BE%D0%BB%D1%8B"},{"id":1212,"title":"смешно","value":"%D1%81%D0%BC%D0%B5%D1%88%D0%BD%D0%BE"},{"id":2115,"title":"падение","value":"%D0%BF%D0%B0%D0%B4%D0%B5%D0%BD%D0%B8%D0%B5"},{"id":5206,"title":"неудача","value":"%D0%BD%D0%B5%D1%83%D0%B4%D0%B0%D1%87%D0%B0"},{"id":5118,"title":"игра","value":"%D0%B8%D0%B3%D1%80%D0%B0"}],"categories":[{"id":113,"title":"Blogging","permalink":"blogging","subscriptions_count":2035330,"big_image_url":"https://coub-anubis-a.akamaized.net/coub_storage/category/cw_image/cc945f16597/2b4fb4d4deb9e584afe1c/big_1622039038_Blogging.png","small_image_url":"https://coub-anubis-a.akamaized.net/coub_storage/category/cw_image/cc945f16597/2b4fb4d4deb9e584afe1c/small_1622039038_Blogging.png","med_image_url":"https://coub-anubis-a.akamaized.net/coub_storage/category/cw_image/cc945f16597/2b4fb4d4deb9e584afe1c/med_1622039038_Blogging.png","visible":true}],"communities":[{"id":113,"title":"Blogging","permalink":"blogging","subscriptions_count":2035330,"big_image_url":"https://coub-anubis-a.akamaized.net/coub_storage/category/cw_image/cc945f16597/2b4fb4d4deb9e584afe1c/big_1622039038_Blogging.png","small_image_url":"https://coub-anubis-a.akamaized.net/coub_storage/category/cw_image/cc945f16597/2b4fb4d4deb9e584afe1c/small_1622039038_Blogging.png","med_image_url":"https://coub-anubis-a.akamaized.net/coub_storage/category/cw_image/cc945f16597/2b4fb4d4deb9e584afe1c/med_1622039038_Blogging.png","i_subscribed":true,"community_notifications_enabled":null,"description":null}],"recoubs_count":7,"remixes_count":0,"likes_count":33,"dislikes_count":0,"raw_video_id":16977476,"uploaded_by_ios_app":false,"uploaded_by_android_app":false,"media_blocks":{"uploaded_raw_videos":[],"external_raw_videos":[],"remixed_from_coubs":[]},"raw_video_thumbnail_url":"https://coub-anubis-a.akamaized.net/coub_storage/raw_video/cw_image/2ff229dca22/0800c9226971a9942c558/coub_media_1638933736_image.jpg","raw_video_title":"03.mp4","video_block_banned":false,"duration":6.72,"promo_winner":false,"promo_winner_recoubers":null,"editorial_info":{},"promo_hint":null,"beeline_best_2014":null,"from_web_editor":true,"normalize_sound":true,"normalize_change_allowed":true,"best2015_addable":false,"ahmad_promo":null,"promo_data":null,"audio_copyright_claim":null,"ads_disabled":null,"is_safe_for_ads":true,"megafon_contents":[],"position_on_page":2},{"flag":null,"abuses":null,"recoubs_by_users_channels":null,"favourite":false,"promoted_id":null,"recoub":null,"like":null,"dislike":null,"reaction":null,"in_my_best2015":false,"id":179415087,"type":"Coub::Simple","permalink":"2yh0hm","title":"shooting","visibility_type":"public","original_visibility_type":"public","channel_id":1881827,"created_at":"2021-12-01T17:00:55Z","updated_at":"2022-03-03T21:06:00Z","is_done":true,"views_count":8621,"cotd":null,"cotd_at":null,"visible_on_explore_root":false,"visible_on_explore":false,"featured":false,"published":true,"published_at":"2021-12-01T17:00:55Z","reversed":false,"from_editor_v2":true,"is_editable":true,"original_sound":true,"has_sound":true,"recoub_to":null,"file_versions":{"html5":{"video":{"higher":{"url":"https://coub-anubis-a.akamaized.net/coub_storage/coub/simple/cw_file/2f47ee84b43/9ecba7ce627dd70eada87/muted_mp4_huge_size_1638378058_muted_huge.mp4","size":1478648},"high":{"url":"https://coub-anubis-a.akamaized.net/coub_storage/coub/simple/cw_file/2f47ee84b43/9ecba7ce627dd70eada87/muted_mp4_big_size_1638378058_muted_big.mp4","size":907761},"med":{"url":"https://coub-anubis-a.akamaized.net/coub_storage/coub/simple/cw_file/2f47ee84b43/9ecba7ce627dd70eada87/muted_mp4_med_size_1638378058_muted_med.mp4","size":323343}},"audio":{"high":{"url":"https://coub-anubis-a.akamaized.net/coub_storage/coub/simple/cw_looped_audio_high/ebcd7868072/6c8dbbccff1a6cca6e7ee/1638378060_mp3-high.mp3","size":1007177},"med":{"url":"https://coub-anubis-a.akamaized.net/coub_storage/coub/simple/cw_looped_audio_med/38a27876602/c865e098550a5dbf0b9d4/1638378059_mp3-med.mp3","size":798608},"sample_duration":10.008}},"mobile":{"video":"https://coub-anubis-a.akamaized.net/coub_storage/coub/simple/cw_file/2f47ee84b43/9ecba7ce627dd70eada87/muted_mp4_med_size_1638378058_muted_med.mp4","audio":["https://coub-anubis-a.akamaized.net/coub_storage/coub/simple/cw_looped_audio_med/38a27876602/c865e098550a5dbf0b9d4/1638378059_mp3-med.mp3"]},"share":{"default":"https://coub-anubis-a.akamaized.net/coub_storage/coub/simple/cw_video_for_sharing/dc7e8b7f122/35a441bd72eb601effbd0/1638378082_looped_1638378082.mp4"}},"audio_versions":{},"image_versions":{"template":"https://coub-anubis-a.akamaized.net/coub_storage/coub/simple/cw_image/eb2940245bc/578a27cbd827c8fecc786/%{version}_1638378063_00032.jpg","versions":["micro","tiny","age_restricted","ios_large","ios_mosaic","big","med","small","pinterest"]},"first_frame_versions":{"template":"https://coub-anubis-a.akamaized.net/coub_storage/coub/simple/cw_timeline_pic/172c19f2b76/802712893df5db2a915e2/%{version}_1638378063_image.jpg","versions":["big","med","small","ios_large"]},"dimensions":{"big":[540,960],"med":[270,480]},"site_w_h":[225,400],"page_w_h":[400,711],"site_w_h_small":[310,551],"size":[540,960],"age_restricted":false,"age_restricted_by_admin":false,"not_safe_for_work":null,"allow_reuse":false,"dont_crop":true,"banned":false,"global_safe":null,"audio_file_url":null,"external_download":{"type":"Youtube","service_name":"YouTube","url":"https://www.youtube.com/watch?v=YjBV0BgTiGk","has_embed":true},"application":null,"channel":{"id":1881827,"permalink":"mkrtich.karapetyan","title":"Mkrtich  Karapetyan","description":null,"followers_count":4,"following_count":6,"avatar_versions":{"template":"https://coubsecureassets-a.akamaihd.net/assets/default-avatars/132-31825aa0c773315934a84e2cbbf211dfec74472c53f4512431422c0162656e27.png"}},"file":null,"picture":"https://coub-anubis-a.akamaized.net/coub_storage/coub/simple/cw_image/eb2940245bc/578a27cbd827c8fecc786/med_1638378063_00032.jpg","timeline_picture":"https://coub-anubis-a.akamaized.net/coub_storage/coub/simple/cw_timeline_pic/172c19f2b76/802712893df5db2a915e2/ios_large_1638378063_image.jpg","small_picture":"https://coub-anubis-a.akamaized.net/coub_storage/coub/simple/cw_image/eb2940245bc/578a27cbd827c8fecc786/ios_mosaic_1638378063_00032.jpg","sharing_picture":null,"percent_done":100,"tags":[],"categories":[{"id":113,"title":"Blogging","permalink":"blogging","subscriptions_count":2035330,"big_image_url":"https://coub-anubis-a.akamaized.net/coub_storage/category/cw_image/cc945f16597/2b4fb4d4deb9e584afe1c/big_1622039038_Blogging.png","small_image_url":"https://coub-anubis-a.akamaized.net/coub_storage/category/cw_image/cc945f16597/2b4fb4d4deb9e584afe1c/small_1622039038_Blogging.png","med_image_url":"https://coub-anubis-a.akamaized.net/coub_storage/category/cw_image/cc945f16597/2b4fb4d4deb9e584afe1c/med_1622039038_Blogging.png","visible":true}],"communities":[{"id":113,"title":"Blogging","permalink":"blogging","subscriptions_count":2035330,"big_image_url":"https://coub-anubis-a.akamaized.net/coub_storage/category/cw_image/cc945f16597/2b4fb4d4deb9e584afe1c/big_1622039038_Blogging.png","small_image_url":"https://coub-anubis-a.akamaized.net/coub_storage/category/cw_image/cc945f16597/2b4fb4d4deb9e584afe1c/small_1622039038_Blogging.png","med_image_url":"https://coub-anubis-a.akamaized.net/coub_storage/category/cw_image/cc945f16597/2b4fb4d4deb9e584afe1c/med_1622039038_Blogging.png","i_subscribed":true,"community_notifications_enabled":null,"description":null}],"recoubs_count":5,"remixes_count":0,"likes_count":33,"dislikes_count":0,"raw_video_id":16962037,"uploaded_by_ios_app":false,"uploaded_by_android_app":false,"media_blocks":{"uploaded_raw_videos":[],"external_raw_videos":[{"id":40485877,"title":"shooting","url":"https://www.youtube.com/watch?v=YjBV0BgTiGk","image":"https://coub-anubis-a.akamaized.net/coub_storage/media_block/cw_image/11260ce074a/a1951c29de5cd5c4da71b/video_1638378030_1mxcpy6_1638378016_1638378015_1gtyobl_att-url-download.webp","image_retina":"https://coub-anubis-a.akamaized.net/coub_storage/media_block/cw_image/11260ce074a/a1951c29de5cd5c4da71b/video_retina_1638378030_1mxcpy6_1638378016_1638378015_1gtyobl_att-url-download.webp","meta":{"service":"Youtube","duration":"12.021"},"duration":12.021,"raw_video_id":16962037,"has_embed":true}],"remixed_from_coubs":[],"external_video":{"id":40485877,"title":"shooting","url":"https://www.youtube.com/watch?v=YjBV0BgTiGk","image":"https://coub-anubis-a.akamaized.net/coub_storage/media_block/cw_image/11260ce074a/a1951c29de5cd5c4da71b/video_1638378030_1mxcpy6_1638378016_1638378015_1gtyobl_att-url-download.webp","image_retina":"https://coub-anubis-a.akamaized.net/coub_storage/media_block/cw_image/11260ce074a/a1951c29de5cd5c4da71b/video_retina_1638378030_1mxcpy6_1638378016_1638378015_1gtyobl_att-url-download.webp","meta":{"service":"Youtube","duration":"12.021"},"duration":12.021,"raw_video_id":16962037,"has_embed":true}},"raw_video_thumbnail_url":"https://coub-anubis-a.akamaized.net/coub_storage/raw_video/cw_image/c879c007288/809010eeca99bae2a0ac7/coub_media_1638378016_1638378015_1gtyobl_att-url-download.webp","raw_video_title":"shooting","video_block_banned":false,"duration":10.0,"promo_winner":false,"promo_winner_recoubers":null,"editorial_info":{},"promo_hint":null,"beeline_best_2014":null,"from_web_editor":true,"normalize_sound":true,"normalize_change_allowed":true,"best2015_addable":false,"ahmad_promo":null,"promo_data":null,"audio_copyright_claim":null,"ads_disabled":null,"is_safe_for_ads":true,"megafon_contents":[],"position_on_page":3},{"flag":null,"abuses":null,"recoubs_by_users_channels":null,"favourite":false,"promoted_id":null,"recoub":null,"like":null,"dislike":null,"reaction":null,"in_my_best2015":false,"id":179385947,"type":"Coub::Simple","permalink":"2yge06","title":"Очень удобно...","visibility_type":"public","original_visibility_type":"public","channel_id":4701023,"created_at":"2021-11-30T23:14:14Z","updated_at":"2022-01-25T18:45:06Z","is_done":true,"views_count":17745,"cotd":null,"cotd_at":null,"visible_on_explore_root":false,"visible_on_explore":false,"featured":false,"published":true,"published_at":"2021-11-30T23:14:14Z","reversed":false,"from_editor_v2":true,"is_editable":true,"original_sound":true,"has_sound":true,"recoub_to":null,"file_versions":{"html5":{"video":{"higher":{"url":"https://coub-anubis-a.akamaized.net/coub_storage/coub/simple/cw_file/180e4ec84d5/727d837b99b4775d23676/muted_mp4_huge_size_1638314162_muted_huge.mp4","size":1428856},"high":{"url":"https://coub-anubis-a.akamaized.net/coub_storage/coub/simple/cw_file/180e4ec84d5/727d837b99b4775d23676/muted_mp4_big_size_1638314162_muted_big.mp4","size":1004085},"med":{"url":"https://coub-anubis-a.akamaized.net/coub_storage/coub/simple/cw_file/180e4ec84d5/727d837b99b4775d23676/muted_mp4_med_size_1638314162_muted_med.mp4","size":328301}},"audio":{"high":{"url":"https://coub-anubis-a.akamaized.net/coub_storage/coub/simple/cw_looped_audio_high/f666db098f4/e9a6036b20306e1a00547/1638314164_mp3-high.mp3","size":797436},"med":{"url":"https://coub-anubis-a.akamaized.net/coub_storage/coub/simple/cw_looped_audio_med/ba79a05fbe8/e013a2b12e7af42e925b8/1638314163_mp3-med.mp3","size":777754},"sample_duration":9.242}},"mobile":{"video":"https://coub-anubis-a.akamaized.net/coub_storage/coub/simple/cw_file/180e4ec84d5/727d837b99b4775d23676/muted_mp4_med_size_1638314162_muted_med.mp4","audio":["https://coub-anubis-a.akamaized.net/coub_storage/coub/simple/cw_looped_audio_med/ba79a05fbe8/e013a2b12e7af42e925b8/1638314163_mp3-med.mp3"]},"share":{"default":"https://coub-anubis-a.akamaized.net/coub_storage/coub/simple/cw_video_for_sharing/d0db1457039/91192d88d6de899fa1040/1638314201_looped_1638314199.mp4"}},"audio_versions":{},"image_versions":{"template":"https://coub-anubis-a.akamaized.net/coub_storage/coub/simple/cw_image/7e88d04c867/b356bec0b45f58ef89f25/%{version}_1638314169_00029.jpg","versions":["micro","tiny","age_restricted","ios_large","ios_mosaic","big","med","small","pinterest"]},"first_frame_versions":{"template":"https://coub-anubis-a.akamaized.net/coub_storage/coub/simple/cw_timeline_pic/a6448ce5d8d/17a79cd59c02b59184f50/%{version}_1638314167_image.jpg","versions":["big","med","small","ios_large"]},"dimensions":{"big":[1280,720],"med":[640,360]},"site_w_h":[640,360],"page_w_h":[640,360],"site_w_h_small":[310,174],"size":[1280,720],"age_restricted":false,"age_restricted_by_admin":false,"not_safe_for_work":null,"allow_reuse":false,"dont_crop":true,"banned":false,"global_safe":null,"audio_file_url":null,"external_download":{"type":"Youtube","service_name":"YouTube","url":"https://www.youtube.com/watch?v=3OgGi3IHkHY","has_embed":true},"application":null,"channel":{"id":4701023,"permalink":"prikolis5","title":"PrikoLis","description":"PrikoLisYouTobe","followers_count":181,"following_count":0,"avatar_versions":{"template":"https://coub-anubis-a.akamaized.net/coub_storage/channel/cw_avatar/610804dc3be/e22720ebb3181945311f7/%{version}_1607809943_6sz0sw_1605161018_untitled______.png","versions":["medium","medium_2x","profile_pic","profile_pic_new","profile_pic_new_2x","tiny","tiny_2x","small","small_2x","ios_large","ios_small"]}},"file":null,"picture":"https://coub-anubis-a.akamaized.net/coub_storage/coub/simple/cw_image/7e88d04c867/b356bec0b45f58ef89f25/med_1638314169_00029.jpg","timeline_picture":"https://coub-anubis-a.akamaized.net/coub_storage/coub/simple/cw_timeline_pic/a6448ce5d8d/17a79cd59c02b59184f50/ios_large_1638314167_image.jpg","small_picture":"https://coub-anubis-a.akamaized.net/coub_storage/coub/simple/cw_image/7e88d04c867/b356bec0b45f58ef89f25/ios_mosaic_1638314169_00029.jpg","sharing_picture":null,"percent_done":100,"tags":[{"id":4480,"title":"приколы","value":"%D0%BF%D1%80%D0%B8%D0%BA%D0%BE%D0%BB%D1%8B"},{"id":12008,"title":"лучшие приколы","value":"%D0%BB%D1%83%D1%87%D1%88%D0%B8%D0%B5%20%D0%BF%D1%80%D0%B8%D0%BA%D0%BE%D0%BB%D1%8B"},{"id":6417351,"title":"приколы от приколиса","value":"%D0%BF%D1%80%D0%B8%D0%BA%D0%BE%D0%BB%D1%8B%20%D0%BE%D1%82%20%D0%BF%D1%80%D0%B8%D0%BA%D0%BE%D0%BB%D0%B8%D1%81%D0%B0"},{"id":1872860,"title":"топовые приколы","value":"%D1%82%D0%BE%D0%BF%D0%BE%D0%B2%D1%8B%D0%B5%20%D0%BF%D1%80%D0%B8%D0%BA%D0%BE%D0%BB%D1%8B"},{"id":1056462,"title":"dank memes","value":"dank%20memes"},{"id":24041,"title":"фейлы","value":"%D1%84%D0%B5%D0%B9%D0%BB%D1%8B"},{"id":15104,"title":"видео приколы","value":"%D0%B2%D0%B8%D0%B4%D0%B5%D0%BE%20%D0%BF%D1%80%D0%B8%D0%BA%D0%BE%D0%BB%D1%8B"},{"id":12002,"title":"новые приколы","value":"%D0%BD%D0%BE%D0%B2%D1%8B%D0%B5%20%D0%BF%D1%80%D0%B8%D0%BA%D0%BE%D0%BB%D1%8B"},{"id":4793758,"title":"приколы 2020","value":"%D0%BF%D1%80%D0%B8%D0%BA%D0%BE%D0%BB%D1%8B%202020"},{"id":146032,"title":"тест на психику","value":"%D1%82%D0%B5%D1%81%D1%82%20%D0%BD%D0%B0%20%D0%BF%D1%81%D0%B8%D1%85%D0%B8%D0%BA%D1%83"},{"id":212120,"title":"прикольчики","value":"%D0%BF%D1%80%D0%B8%D0%BA%D0%BE%D0%BB%D1%8C%D1%87%D0%B8%D0%BA%D0%B8"},{"id":5993798,"title":"prikolis","value":"prikolis"},{"id":6417352,"title":"приколис","value":"%D0%BF%D1%80%D0%B8%D0%BA%D0%BE%D0%BB%D0%B8%D1%81"},{"id":22887,"title":"мемы","value":"%D0%BC%D0%B5%D0%BC%D1%8B"},{"id":6249,"title":"мем","value":"%D0%BC%D0%B5%D0%BC"},{"id":2234,"title":"meme","value":"meme"},{"id":2235,"title":"memes","value":"memes"},{"id":169,"title":"fun","value":"fun"},{"id":174,"title":"funny","value":"funny"},{"id":4765725,"title":"unusualvideos","value":"unusualvideos"},{"id":4880472,"title":"unusual memes","value":"unusual%20memes"},{"id":15696,"title":"топ","value":"%D1%82%D0%BE%D0%BF"},{"id":143911,"title":"лучшее за неделю","value":"%D0%BB%D1%83%D1%87%D1%88%D0%B5%D0%B5%20%D0%B7%D0%B0%20%D0%BD%D0%B5%D0%B4%D0%B5%D0%BB%D1%8E"},{"id":1398468,"title":"russian memes","value":"russian%20memes"},{"id":1132969,"title":"просто приколы","value":"%D0%BF%D1%80%D0%BE%D1%81%D1%82%D0%BE%20%D0%BF%D1%80%D0%B8%D0%BA%D0%BE%D0%BB%D1%8B"}],"categories":[{"id":113,"title":"Blogging","permalink":"blogging","subscriptions_count":2035330,"big_image_url":"https://coub-anubis-a.akamaized.net/coub_storage/category/cw_image/cc945f16597/2b4fb4d4deb9e584afe1c/big_1622039038_Blogging.png","small_image_url":"https://coub-anubis-a.akamaized.net/coub_storage/category/cw_image/cc945f16597/2b4fb4d4deb9e584afe1c/small_1622039038_Blogging.png","med_image_url":"https://coub-anubis-a.akamaized.net/coub_storage/category/cw_image/cc945f16597/2b4fb4d4deb9e584afe1c/med_1622039038_Blogging.png","visible":true}],"communities":[{"id":113,"title":"Blogging","permalink":"blogging","subscriptions_count":2035330,"big_image_url":"https://coub-anubis-a.akamaized.net/coub_storage/category/cw_image/cc945f16597/2b4fb4d4deb9e584afe1c/big_1622039038_Blogging.png","small_image_url":"https://coub-anubis-a.akamaized.net/coub_storage/category/cw_image/cc945f16597/2b4fb4d4deb9e584afe1c/small_1622039038_Blogging.png","med_image_url":"https://coub-anubis-a.akamaized.net/coub_storage/category/cw_image/cc945f16597/2b4fb4d4deb9e584afe1c/med_1622039038_Blogging.png","i_subscribed":true,"community_notifications_enabled":null,"description":null}],"recoubs_count":9,"remixes_count":0,"likes_count":33,"dislikes_count":0,"raw_video_id":16960519,"uploaded_by_ios_app":false,"uploaded_by_android_app":false,"media_blocks":{"uploaded_raw_videos":[],"external_raw_videos":[{"id":40478415,"title":"ПРОСТО ПРИКОЛЫ №20","url":"https://www.youtube.com/watch?v=3OgGi3IHkHY","image":"https://coub-anubis-a.akamaized.net/coub_storage/media_block/cw_image/79708243b3f/8fa421ed9cb7dd6a11cd6/video_1638311824_19l66rj_1638311693_1638311687_159n073_att-url-download.webp","image_retina":"https://coub-anubis-a.akamaized.net/coub_storage/media_block/cw_image/79708243b3f/8fa421ed9cb7dd6a11cd6/video_retina_1638311824_19l66rj_1638311693_1638311687_159n073_att-url-download.webp","meta":{"service":"Youtube","duration":"447.0"},"duration":447.0,"raw_video_id":16960519,"has_embed":true}],"remixed_from_coubs":[],"external_video":{"id":40478415,"title":"ПРОСТО ПРИКОЛЫ №20","url":"https://www.youtube.com/watch?v=3OgGi3IHkHY","image":"https://coub-anubis-a.akamaized.net/coub_storage/media_block/cw_image/79708243b3f/8fa421ed9cb7dd6a11cd6/video_1638311824_19l66rj_1638311693_1638311687_159n073_att-url-download.webp","image_retina":"https://coub-anubis-a.akamaized.net/coub_storage/media_block/cw_image/79708243b3f/8fa421ed9cb7dd6a11cd6/video_retina_1638311824_19l66rj_1638311693_1638311687_159n073_att-url-download.webp","meta":{"service":"Youtube","duration":"447.0"},"duration":447.0,"raw_video_id":16960519,"has_embed":true}},"raw_video_thumbnail_url":"https://coub-anubis-a.akamaized.net/coub_storage/raw_video/cw_image/a1fe43c2fbc/cc1a939f4792dbbdaeda8/coub_media_1638311693_1638311687_159n073_att-url-download.webp","raw_video_title":"ПРОСТО ПРИКОЛЫ №20","video_block_banned":false,"duration":9.24,"promo_winner":false,"promo_winner_recoubers":null,"editorial_info":{},"promo_hint":null,"beeline_best_2014":null,"from_web_editor":true,"normalize_sound":true,"normalize_change_allowed":true,"best2015_addable":false,"ahmad_promo":null,"promo_data":null,"audio_copyright_claim":null,"ads_disabled":null,"is_safe_for_ads":true,"megafon_contents":[],"position_on_page":4},{"flag":null,"abuses":null,"recoubs_by_users_channels":null,"favourite":false,"promoted_id":null,"recoub":null,"like":null,"dislike":null,"reaction":null,"in_my_best2015":false,"id":177273248,"type":"Coub::Simple","permalink":"2x73to","title":"Защитить любой ценой 😁","visibility_type":"public","original_visibility_type":"public","channel_id":3872014,"created_at":"2021-10-18T19:13:01Z","updated_at":"2022-02-25T22:56:35Z","is_done":true,"views_count":6537,"cotd":null,"cotd_at":null,"visible_on_explore_root":false,"visible_on_explore":false,"featured":false,"published":true,"published_at":"2021-10-18T19:13:01Z","reversed":false,"from_editor_v2":true,"is_editable":true,"original_sound":true,"has_sound":true,"recoub_to":null,"file_versions":{"html5":{"video":{"higher":{"url":"https://coub-anubis-a.akamaized.net/coub_storage/coub/simple/cw_file/3c8522fdd06/9df54ab9b6e567536d682/muted_mp4_huge_size_1634584396_muted_huge.mp4","size":2317526},"high":{"url":"https://coub-anubis-a.akamaized.net/coub_storage/coub/simple/cw_file/3c8522fdd06/9df54ab9b6e567536d682/muted_mp4_big_size_1634584396_muted_big.mp4","size":1329739},"med":{"url":"https://coub-anubis-a.akamaized.net/coub_storage/coub/simple/cw_file/3c8522fdd06/9df54ab9b6e567536d682/muted_mp4_med_size_1634584396_muted_med.mp4","size":374946}},"audio":{"high":{"url":"https://coub-anubis-a.akamaized.net/coub_storage/coub/simple/cw_looped_audio_high/61f5d12d4e0/8a2b94ab2c573c6739747/1634584399_mp3-high.mp3","size":1092178},"med":{"url":"https://coub-anubis-a.akamaized.net/coub_storage/coub/simple/cw_looped_audio_med/b5e7636db23/5dc57f13a7125121f17ad/1634584397_mp3-med.mp3","size":932516},"sample_duration":9.729}},"mobile":{"video":"https://coub-anubis-a.akamaized.net/coub_storage/coub/simple/cw_file/3c8522fdd06/9df54ab9b6e567536d682/muted_mp4_med_size_1634584396_muted_med.mp4","audio":["https://coub-anubis-a.akamaized.net/coub_storage/coub/simple/cw_looped_audio_med/b5e7636db23/5dc57f13a7125121f17ad/1634584397_mp3-med.mp3"]},"share":{"default":"https://coub-anubis-a.akamaized.net/coub_storage/coub/simple/cw_video_for_sharing/54f81275abd/44f7ee9ddcb208d5455a0/1634584447_looped_1634584446.mp4"}},"audio_versions":{},"image_versions":{"template":"https://coub-anubis-a.akamaized.net/coub_storage/coub/simple/cw_image/5a85b2b9f07/8151f1e78351a0f16ee34/%{version}_1634584410_00032.jpg","versions":["micro","tiny","age_restricted","ios_large","ios_mosaic","big","med","small","pinterest"]},"first_frame_versions":{"template":"https://coub-anubis-a.akamaized.net/coub_storage/coub/simple/cw_timeline_pic/6787a868ae1/3fe67495ce6279dfc169a/%{version}_1634584409_image.jpg","versions":["big","med","small","ios_large"]},"dimensions":{"big":[1018,960],"med":[508,480]},"site_w_h":[640,604],"page_w_h":[400,377],"site_w_h_small":[310,292],"size":[1018,960],"age_restricted":false,"age_restricted_by_admin":false,"not_safe_for_work":null,"allow_reuse":false,"dont_crop":true,"banned":false,"global_safe":null,"audio_file_url":null,"external_download":false,"application":null,"channel":{"id":3872014,"permalink":"gintas-gintukas4","title":"Gintas Gintukas","description":null,"followers_count":375,"following_count":6,"avatar_versions":{"template":"https://coub-anubis-a.akamaized.net/coub_storage/channel/cw_avatar/64e864588b5/461ed8bfc45c41240d276/%{version}_1632573076_FB_IMG_1631269101262.jpg","versions":["medium","medium_2x","profile_pic","profile_pic_new","profile_pic_new_2x","tiny","tiny_2x","small","small_2x","ios_large","ios_small"]}},"file":null,"picture":"https://coub-anubis-a.akamaized.net/coub_storage/coub/simple/cw_image/5a85b2b9f07/8151f1e78351a0f16ee34/med_1634584410_00032.jpg","timeline_picture":"https://coub-anubis-a.akamaized.net/coub_storage/coub/simple/cw_timeline_pic/6787a868ae1/3fe67495ce6279dfc169a/ios_large_1634584409_image.jpg","small_picture":"https://coub-anubis-a.akamaized.net/coub_storage/coub/simple/cw_image/5a85b2b9f07/8151f1e78351a0f16ee34/ios_mosaic_1634584410_00032.jpg","sharing_picture":null,"percent_done":100,"tags":[{"id":6533256,"title":"защититa","value":"%D0%B7%D0%B0%D1%89%D0%B8%D1%82%D0%B8%D1%82a"},{"id":1173,"title":"car","value":"car"},{"id":6188,"title":"automobile","value":"automobile"}],"categories":[{"id":113,"title":"Blogging","permalink":"blogging","subscriptions_count":2035330,"big_image_url":"https://coub-anubis-a.akamaized.net/coub_storage/category/cw_image/cc945f16597/2b4fb4d4deb9e584afe1c/big_1622039038_Blogging.png","small_image_url":"https://coub-anubis-a.akamaized.net/coub_storage/category/cw_image/cc945f16597/2b4fb4d4deb9e584afe1c/small_1622039038_Blogging.png","med_image_url":"https://coub-anubis-a.akamaized.net/coub_storage/category/cw_image/cc945f16597/2b4fb4d4deb9e584afe1c/med_1622039038_Blogging.png","visible":true}],"communities":[{"id":113,"title":"Blogging","permalink":"blogging","subscriptions_count":2035330,"big_image_url":"https://coub-anubis-a.akamaized.net/coub_storage/category/cw_image/cc945f16597/2b4fb4d4deb9e584afe1c/big_1622039038_Blogging.png","small_image_url":"https://coub-anubis-a.akamaized.net/coub_storage/category/cw_image/cc945f16597/2b4fb4d4deb9e584afe1c/small_1622039038_Blogging.png","med_image_url":"https://coub-anubis-a.akamaized.net/coub_storage/category/cw_image/cc945f16597/2b4fb4d4deb9e584afe1c/med_1622039038_Blogging.png","i_subscribed":true,"community_notifications_enabled":null,"description":null}],"recoubs_count":6,"remixes_count":0,"likes_count":33,"dislikes_count":0,"raw_video_id":16856019,"uploaded_by_ios_app":false,"uploaded_by_android_app":false,"media_blocks":{"uploaded_raw_videos":[],"external_raw_videos":[],"remixed_from_coubs":[]},"raw_video_thumbnail_url":"https://coub-anubis-a.akamaized.net/coub_storage/raw_video/cw_image/99b141d3f17/fe2d65c07de7ae93cdade/coub_media_1634584251_image.jpg","raw_video_title":"6.mp4","video_block_banned":false,"duration":10.0,"promo_winner":false,"promo_winner_recoubers":null,"editorial_info":{},"promo_hint":null,"beeline_best_2014":null,"from_web_editor":true,"normalize_sound":true,"normalize_change_allowed":true,"best2015_addable":false,"ahmad_promo":null,"promo_data":null,"audio_copyright_claim":null,"ads_disabled":null,"is_safe_for_ads":true,"megafon_contents":[],"position_on_page":5},{"flag":null,"abuses":null,"recoubs_by_users_channels":null,"favourite":false,"promoted_id":null,"recoub":null,"like":null,"dislike":null,"reaction":null,"in_my_best2015":false,"id":176899219,"type":"Coub::Simple","permalink":"2wz37z","title":"Это что упало?","visibility_type":"public","original_visibility_type":"public","channel_id":7359740,"created_at":"2021-10-11T14:04:53Z","updated_at":"2022-03-03T22:48:08Z","is_done":true,"views_count":11119,"cotd":null,"cotd_at":null,"visible_on_explore_root":false,"visible_on_explore":false,"featured":false,"published":true,"published_at":"2021-10-11T14:04:53Z","reversed":false,"from_editor_v2":true,"is_editable":true,"original_sound":true,"has_sound":true,"recoub_to":null,"file_versions":{"html5":{"video":{"higher":{"url":"https://coub-anubis-a.akamaized.net/coub_storage/coub/simple/cw_file/853ca41db7f/21a333612c1385d22a9e3/muted_mp4_huge_size_1633961108_muted_huge.mp4","size":1851089},"high":{"url":"https://coub-anubis-a.akamaized.net/coub_storage/coub/simple/cw_file/853ca41db7f/21a333612c1385d22a9e3/muted_mp4_big_size_1633961108_muted_big.mp4","size":1303012},"med":{"url":"https://coub-anubis-a.akamaized.net/coub_storage/coub/simple/cw_file/853ca41db7f/21a333612c1385d22a9e3/muted_mp4_med_size_1633961108_muted_med.mp4","size":296208}},"audio":{"high":{"url":"https://coub-anubis-a.akamaized.net/coub_storage/coub/simple/cw_looped_audio_high/e271ca1a766/1a376c765dfbcddb3fbd0/1633961111_mp3-high.mp3","size":817471},"med":{"url":"https://coub-anubis-a.akamaized.net/coub_storage/coub/simple/cw_looped_audio_med/336e04b1ed4/8b21b7eeeeaabbfbb0727/1633961110_mp3-med.mp3","size":797932},"sample_duration":10.008}},"mobile":{"video":"https://coub-anubis-a.akamaized.net/coub_storage/coub/simple/cw_file/853ca41db7f/21a333612c1385d22a9e3/muted_mp4_med_size_1633961108_muted_med.mp4","audio":["https://coub-anubis-a.akamaized.net/coub_storage/coub/simple/cw_looped_audio_med/336e04b1ed4/8b21b7eeeeaabbfbb0727/1633961110_mp3-med.mp3"]},"share":{"default":"https://coub-anubis-a.akamaized.net/coub_storage/coub/simple/cw_video_for_sharing/5aa7b793719/5945640c399213b1441c0/1633961151_looped_1633961149.mp4"}},"audio_versions":{},"image_versions":{"template":"https://coub-anubis-a.akamaized.net/coub_storage/coub/simple/cw_image/8c14b999016/53ba662dcb389b61f689c/%{version}_1633961119_00032.jpg","versions":["micro","tiny","age_restricted","ios_large","ios_mosaic","big","med","small","pinterest"]},"first_frame_versions":{"template":"https://coub-anubis-a.akamaized.net/coub_storage/coub/simple/cw_timeline_pic/5cc3a314113/0b0556785895570b09cfd/%{version}_1633961118_image.jpg","versions":["big","med","small","ios_large"]},"dimensions":{"big":[1280,720],"med":[640,360]},"site_w_h":[640,360],"page_w_h":[640,360],"site_w_h_small":[310,174],"size":[1280,720],"age_restricted":false,"age_restricted_by_admin":false,"not_safe_for_work":false,"allow_reuse":false,"dont_crop":true,"banned":false,"global_safe":null,"audio_file_url":null,"external_download":false,"application":null,"channel":{"id":7359740,"permalink":"veronik20011","title":"Veronika Stepanova","description":"Фан-страничка лучшего психолога по скайпу - Вероники Степановой","followers_count":1188,"following_count":14,"avatar_versions":{"template":"https://coub-anubis-a.akamaized.net/coub_storage/channel/cw_avatar/98e08940efc/406d591a5b8ffa7b7ebd4/%{version}_1607420464_1ces66p_1573163497_____.jpg","versions":["medium","medium_2x","profile_pic","profile_pic_new","profile_pic_new_2x","tiny","tiny_2x","small","small_2x","ios_large","ios_small"]}},"file":null,"picture":"https://coub-anubis-a.akamaized.net/coub_storage/coub/simple/cw_image/8c14b999016/53ba662dcb389b61f689c/med_1633961119_00032.jpg","timeline_picture":"https://coub-anubis-a.akamaized.net/coub_storage/coub/simple/cw_timeline_pic/5cc3a314113/0b0556785895570b09cfd/ios_large_1633961118_image.jpg","small_picture":"https://coub-anubis-a.akamaized.net/coub_storage/coub/simple/cw_image/8c14b999016/53ba662dcb389b61f689c/ios_mosaic_1633961119_00032.jpg","sharing_picture":null,"percent_done":100,"tags":[{"id":4169,"title":"ведьма","value":"%D0%B2%D0%B5%D0%B4%D1%8C%D0%BC%D0%B0"},{"id":148059,"title":"что это такое","value":"%D1%87%D1%82%D0%BE%20%D1%8D%D1%82%D0%BE%20%D1%82%D0%B0%D0%BA%D0%BE%D0%B5"},{"id":2283573,"title":"вероника степанова","value":"%D0%B2%D0%B5%D1%80%D0%BE%D0%BD%D0%B8%D0%BA%D0%B0%20%D1%81%D1%82%D0%B5%D0%BF%D0%B0%D0%BD%D0%BE%D0%B2%D0%B0"},{"id":15691,"title":"момент","value":"%D0%BC%D0%BE%D0%BC%D0%B5%D0%BD%D1%82"},{"id":60076,"title":"нежданчик","value":"%D0%BD%D0%B5%D0%B6%D0%B4%D0%B0%D0%BD%D1%87%D0%B8%D0%BA"},{"id":103088,"title":"что это","value":"%D1%87%D1%82%D0%BE%20%D1%8D%D1%82%D0%BE"},{"id":66789,"title":"испугалась","value":"%D0%B8%D1%81%D0%BF%D1%83%D0%B3%D0%B0%D0%BB%D0%B0%D1%81%D1%8C"},{"id":1168590,"title":"топ моменты","value":"%D1%82%D0%BE%D0%BF%20%D0%BC%D0%BE%D0%BC%D0%B5%D0%BD%D1%82%D1%8B"},{"id":15104,"title":"видео приколы","value":"%D0%B2%D0%B8%D0%B4%D0%B5%D0%BE%20%D0%BF%D1%80%D0%B8%D0%BA%D0%BE%D0%BB%D1%8B"},{"id":339038,"title":"вокруг шум","value":"%D0%B2%D0%BE%D0%BA%D1%80%D1%83%D0%B3%20%D1%88%D1%83%D0%BC"},{"id":561530,"title":"моменты со стрима","value":"%D0%BC%D0%BE%D0%BC%D0%B5%D0%BD%D1%82%D1%8B%20%D1%81%D0%BE%20%D1%81%D1%82%D1%80%D0%B8%D0%BC%D0%B0"},{"id":12002,"title":"новые приколы","value":"%D0%BD%D0%BE%D0%B2%D1%8B%D0%B5%20%D0%BF%D1%80%D0%B8%D0%BA%D0%BE%D0%BB%D1%8B"},{"id":17506,"title":"вероника","value":"%D0%B2%D0%B5%D1%80%D0%BE%D0%BD%D0%B8%D0%BA%D0%B0"},{"id":1424991,"title":"степанова","value":"%D1%81%D1%82%D0%B5%D0%BF%D0%B0%D0%BD%D0%BE%D0%B2%D0%B0"},{"id":2969,"title":"неожиданно","value":"%D0%BD%D0%B5%D0%BE%D0%B6%D0%B8%D0%B4%D0%B0%D0%BD%D0%BD%D0%BE"},{"id":650058,"title":"coub видео","value":"coub%20%D0%B2%D0%B8%D0%B4%D0%B5%D0%BE"},{"id":344647,"title":"упало","value":"%D1%83%D0%BF%D0%B0%D0%BB%D0%BE"},{"id":4948326,"title":"что было дальше","value":"%D1%87%D1%82%D0%BE%20%D0%B1%D1%8B%D0%BB%D0%BE%20%D0%B4%D0%B0%D0%BB%D1%8C%D1%88%D0%B5"},{"id":5230892,"title":"вероника степанова нарезка","value":"%D0%B2%D0%B5%D1%80%D0%BE%D0%BD%D0%B8%D0%BA%D0%B0%20%D1%81%D1%82%D0%B5%D0%BF%D0%B0%D0%BD%D0%BE%D0%B2%D0%B0%20%D0%BD%D0%B0%D1%80%D0%B5%D0%B7%D0%BA%D0%B0"},{"id":15692,"title":"моменты","value":"%D0%BC%D0%BE%D0%BC%D0%B5%D0%BD%D1%82%D1%8B"},{"id":13225,"title":"нарезка","value":"%D0%BD%D0%B0%D1%80%D0%B5%D0%B7%D0%BA%D0%B0"}],"categories":[{"id":113,"title":"Blogging","permalink":"blogging","subscriptions_count":2035330,"big_image_url":"https://coub-anubis-a.akamaized.net/coub_storage/category/cw_image/cc945f16597/2b4fb4d4deb9e584afe1c/big_1622039038_Blogging.png","small_image_url":"https://coub-anubis-a.akamaized.net/coub_storage/category/cw_image/cc945f16597/2b4fb4d4deb9e584afe1c/small_1622039038_Blogging.png","med_image_url":"https://coub-anubis-a.akamaized.net/coub_storage/category/cw_image/cc945f16597/2b4fb4d4deb9e584afe1c/med_1622039038_Blogging.png","visible":true}],"communities":[{"id":113,"title":"Blogging","permalink":"blogging","subscriptions_count":2035330,"big_image_url":"https://coub-anubis-a.akamaized.net/coub_storage/category/cw_image/cc945f16597/2b4fb4d4deb9e584afe1c/big_1622039038_Blogging.png","small_image_url":"https://coub-anubis-a.akamaized.net/coub_storage/category/cw_image/cc945f16597/2b4fb4d4deb9e584afe1c/small_1622039038_Blogging.png","med_image_url":"https://coub-anubis-a.akamaized.net/coub_storage/category/cw_image/cc945f16597/2b4fb4d4deb9e584afe1c/med_1622039038_Blogging.png","i_subscribed":true,"community_notifications_enabled":null,"description":null}],"recoubs_count":3,"remixes_count":0,"likes_count":33,"dislikes_count":0,"raw_video_id":16836620,"uploaded_by_ios_app":false,"uploaded_by_android_app":false,"media_blocks":{"uploaded_raw_videos":[],"external_raw_videos":[],"remixed_from_coubs":[]},"raw_video_thumbnail_url":"https://coub-anubis-a.akamaized.net/coub_storage/raw_video/cw_image/4013bc7bdbc/b7944a6d8912b6c983335/coub_media_1633960913_image.jpg","raw_video_title":"_1.mp4","video_block_banned":false,"duration":10.0,"promo_winner":false,"promo_winner_recoubers":null,"editorial_info":{},"promo_hint":null,"beeline_best_2014":null,"from_web_editor":true,"normalize_sound":true,"normalize_change_allowed":true,"best2015_addable":false,"ahmad_promo":null,"promo_data":null,"audio_copyright_claim":null,"ads_disabled":false,"is_safe_for_ads":true,"megafon_contents":[],"position_on_page":6},{"flag":null,"abuses":null,"recoubs_by_users_channels":null,"favourite":false,"promoted_id":null,"recoub":null,"like":null,"dislike":null,"reaction":null,"in_my_best2015":false,"id":176687419,"type":"Coub::Simple","permalink":"2wujsl","title":"у них там своя атмосфера 😁","visibility_type":"public","original_visibility_type":"public","channel_id":3872014,"created_at":"2021-10-07T15:25:22Z","updated_at":"2021-12-01T10:32:00Z","is_done":true,"views_count":10324,"cotd":null,"cotd_at":null,"visible_on_explore_root":false,"visible_on_explore":false,"featured":false,"published":true,"published_at":"2021-10-07T15:25:22Z","reversed":false,"from_editor_v2":true,"is_editable":true,"original_sound":true,"has_sound":true,"recoub_to":null,"file_versions":{"html5":{"video":{"higher":{"url":"https://coub-anubis-a.akamaized.net/coub_storage/coub/simple/cw_file/64b8e8e4a3d/42401b015a5bb7488d209/muted_mp4_huge_size_1633620325_muted_huge.mp4","size":2310192},"high":{"url":"https://coub-anubis-a.akamaized.net/coub_storage/coub/simple/cw_file/64b8e8e4a3d/42401b015a5bb7488d209/muted_mp4_big_size_1633620325_muted_big.mp4","size":1453951},"med":{"url":"https://coub-anubis-a.akamaized.net/coub_storage/coub/simple/cw_file/64b8e8e4a3d/42401b015a5bb7488d209/muted_mp4_med_size_1633620325_muted_med.mp4","size":487841}},"audio":{"high":{"url":"https://coub-anubis-a.akamaized.net/coub_storage/coub/simple/cw_looped_audio_high/fa07a4ea680/81e34db6a000274145c33/1633620327_mp3-high.mp3","size":999729},"med":{"url":"https://coub-anubis-a.akamaized.net/coub_storage/coub/simple/cw_looped_audio_med/52edf1f7b34/db16f5c8b626b6c868cb4/1633620326_mp3-med.mp3","size":934175},"sample_duration":9.938}},"mobile":{"video":"https://coub-anubis-a.akamaized.net/coub_storage/coub/simple/cw_file/64b8e8e4a3d/42401b015a5bb7488d209/muted_mp4_med_size_1633620325_muted_med.mp4","audio":["https://coub-anubis-a.akamaized.net/coub_storage/coub/simple/cw_looped_audio_med/52edf1f7b34/db16f5c8b626b6c868cb4/1633620326_mp3-med.mp3"]},"share":{"default":"https://coub-anubis-a.akamaized.net/coub_storage/coub/simple/cw_video_for_sharing/b002a978213/3660c7e53532915807d93/1633620352_looped_1633620351.mp4"}},"audio_versions":{},"image_versions":{"template":"https://coub-anubis-a.akamaized.net/coub_storage/coub/simple/cw_image/e8b303007ec/8cad6f111797d2a7bdcae/%{version}_1633620331_00032.jpg","versions":["micro","tiny","age_restricted","ios_large","ios_mosaic","big","med","small","pinterest"]},"first_frame_versions":{"template":"https://coub-anubis-a.akamaized.net/coub_storage/coub/simple/cw_timeline_pic/9514a9c5b1b/f58fba8ba051001a12bb8/%{version}_1633620331_image.jpg","versions":["big","med","small","ios_large"]},"dimensions":{"big":[536,960],"med":[268,480]},"site_w_h":[223,400],"page_w_h":[400,716],"site_w_h_small":[310,555],"size":[536,960],"age_restricted":false,"age_restricted_by_admin":false,"not_safe_for_work":null,"allow_reuse":false,"dont_crop":true,"banned":false,"global_safe":null,"audio_file_url":null,"external_download":false,"application":null,"channel":{"id":3872014,"permalink":"gintas-gintukas4","title":"Gintas Gintukas","description":null,"followers_count":375,"following_count":6,"avatar_versions":{"template":"https://coub-anubis-a.akamaized.net/coub_storage/channel/cw_avatar/64e864588b5/461ed8bfc45c41240d276/%{version}_1632573076_FB_IMG_1631269101262.jpg","versions":["medium","medium_2x","profile_pic","profile_pic_new","profile_pic_new_2x","tiny","tiny_2x","small","small_2x","ios_large","ios_small"]}},"file":null,"picture":"https://coub-anubis-a.akamaized.net/coub_storage/coub/simple/cw_image/e8b303007ec/8cad6f111797d2a7bdcae/med_1633620331_00032.jpg","timeline_picture":"https://coub-anubis-a.akamaized.net/coub_storage/coub/simple/cw_timeline_pic/9514a9c5b1b/f58fba8ba051001a12bb8/ios_large_1633620331_image.jpg","small_picture":"https://coub-anubis-a.akamaized.net/coub_storage/coub/simple/cw_image/e8b303007ec/8cad6f111797d2a7bdcae/ios_mosaic_1633620331_00032.jpg","sharing_picture":null,"percent_done":100,"tags":[{"id":6521940,"title":"у них там своя атмосфера","value":"%D1%83%20%D0%BD%D0%B8%D1%85%20%D1%82%D0%B0%D0%BC%20%D1%81%D0%B2%D0%BE%D1%8F%20%D0%B0%D1%82%D0%BC%D0%BE%D1%81%D1%84%D0%B5%D1%80%D0%B0"},{"id":120740,"title":"diskoteka","value":"diskoteka"}],"categories":[{"id":113,"title":"Blogging","permalink":"blogging","subscriptions_count":2035330,"big_image_url":"https://coub-anubis-a.akamaized.net/coub_storage/category/cw_image/cc945f16597/2b4fb4d4deb9e584afe1c/big_1622039038_Blogging.png","small_image_url":"https://coub-anubis-a.akamaized.net/coub_storage/category/cw_image/cc945f16597/2b4fb4d4deb9e584afe1c/small_1622039038_Blogging.png","med_image_url":"https://coub-anubis-a.akamaized.net/coub_storage/category/cw_image/cc945f16597/2b4fb4d4deb9e584afe1c/med_1622039038_Blogging.png","visible":true}],"communities":[{"id":113,"title":"Blogging","permalink":"blogging","subscriptions_count":2035330,"big_image_url":"https://coub-anubis-a.akamaized.net/coub_storage/category/cw_image/cc945f16597/2b4fb4d4deb9e584afe1c/big_1622039038_Blogging.png","small_image_url":"https://coub-anubis-a.akamaized.net/coub_storage/category/cw_image/cc945f16597/2b4fb4d4deb9e584afe1c/small_1622039038_Blogging.png","med_image_url":"https://coub-anubis-a.akamaized.net/coub_storage/category/cw_image/cc945f16597/2b4fb4d4deb9e584afe1c/med_1622039038_Blogging.png","i_subscribed":true,"community_notifications_enabled":null,"description":null}],"recoubs_count":9,"remixes_count":0,"likes_count":33,"dislikes_count":0,"raw_video_id":16826542,"uploaded_by_ios_app":false,"uploaded_by_android_app":false,"media_blocks":{"uploaded_raw_videos":[],"external_raw_videos":[],"remixed_from_coubs":[]},"raw_video_thumbnail_url":"https://coub-anubis-a.akamaized.net/coub_storage/raw_video/cw_image/a1a7a6549fe/f16fa5723d0a106109bf7/coub_media_1633620232_image.jpg","raw_video_title":"2.mp4","video_block_banned":false,"duration":10.0,"promo_winner":false,"promo_winner_recoubers":null,"editorial_info":{},"promo_hint":null,"beeline_best_2014":null,"from_web_editor":true,"normalize_sound":true,"normalize_change_allowed":true,"best2015_addable":false,"ahmad_promo":null,"promo_data":null,"audio_copyright_claim":null,"ads_disabled":null,"is_safe_for_ads":true,"megafon_contents":[],"position_on_page":7},{"flag":null,"abuses":null,"recoubs_by_users_channels":null,"favourite":false,"promoted_id":null,"recoub":null,"like":null,"dislike":null,"reaction":null,"in_my_best2015":false,"id":176082500,"type":"Coub::Simple","permalink":"2whl18","title":"Mein Name ist kleine Maus","visibility_type":"public","original_visibility_type":"public","channel_id":9506000,"created_at":"2021-09-25T16:55:45Z","updated_at":"2021-12-05T15:23:51Z","is_done":true,"views_count":10493,"cotd":null,"cotd_at":null,"visible_on_explore_root":false,"visible_on_explore":false,"featured":false,"published":true,"published_at":"2021-09-25T16:56:35Z","reversed":true,"from_editor_v2":true,"is_editable":true,"original_sound":false,"has_sound":false,"recoub_to":null,"file_versions":{"html5":{"video":{"higher":{"url":"https://coub-anubis-a.akamaized.net/coub_storage/coub/simple/cw_file/c122232d35d/e0e2e1959abd8cdf2f6c9/muted_mp4_huge_size_1632588948_muted_huge.mp4","size":1135280},"high":{"url":"https://coub-anubis-a.akamaized.net/coub_storage/coub/simple/cw_file/c122232d35d/e0e2e1959abd8cdf2f6c9/muted_mp4_big_size_1632588948_muted_big.mp4","size":703549},"med":{"url":"https://coub-anubis-a.akamaized.net/coub_storage/coub/simple/cw_file/c122232d35d/e0e2e1959abd8cdf2f6c9/muted_mp4_med_size_1632588948_muted_med.mp4","size":225441}},"audio":{"high":{"url":"https://coub-anubis-a.akamaized.net/coub_storage/coub/simple/cw_looped_audio_high/747c2fb0609/7563a2431ccbb0e20c14a/1632588957_mp3-high.mp3","size":1202232},"med":{"url":"https://coub-anubis-a.akamaized.net/coub_storage/coub/simple/cw_looped_audio_med/1def05c5089/734cc6a6eb5bb87d3c459/1632588956_mp3-med.mp3","size":896654}}},"mobile":{"video":"https://coub-anubis-a.akamaized.net/coub_storage/coub/simple/cw_file/c122232d35d/e0e2e1959abd8cdf2f6c9/muted_mp4_med_size_1632588948_muted_med.mp4","audio":["https://coub-anubis-a.akamaized.net/coub_storage/coub/simple/cw_looped_audio_med/1def05c5089/734cc6a6eb5bb87d3c459/1632588956_mp3-med.mp3"]},"share":{"default":"https://coub-anubis-a.akamaized.net/coub_storage/coub/simple/cw_video_for_sharing/dc6b1da7fe9/d57a9ca94e16d282c53b6/1632588979_looped_1632588979.mp4"}},"audio_versions":{"template":"https://coub-anubis-a.akamaized.net/coub_storage/audio_track/cw_file/69bd49565a0/cf5a28df6baa5ca4919df/mid_1632588949_1gsv65x_edited.mp3","versions":["mid","low"]},"image_versions":{"template":"https://coub-anubis-a.akamaized.net/coub_storage/coub/simple/cw_image/8db2db2b35b/684f94a38aee4a3340020/%{version}_1632588960_00015.jpg","versions":["micro","tiny","age_restricted","ios_large","ios_mosaic","big","med","small","pinterest"]},"first_frame_versions":{"template":"https://coub-anubis-a.akamaized.net/coub_storage/coub/simple/cw_timeline_pic/d59c1d99e04/6345c4ca77e50ab941dda/%{version}_1632588960_image.jpg","versions":["big","med","small","ios_large"]},"dimensions":{"big":[1010,960],"med":[504,480]},"site_w_h":[640,608],"page_w_h":[400,380],"site_w_h_small":[310,295],"size":[1010,960],"age_restricted":false,"age_restricted_by_admin":false,"not_safe_for_work":null,"allow_reuse":false,"dont_crop":true,"banned":false,"global_safe":null,"audio_file_url":"https://coub-anubis-a.akamaized.net/coub_storage/audio_track/cw_file/69bd49565a0/cf5a28df6baa5ca4919df/low_1632588949_1gsv65x_edited.mp3","external_download":false,"application":null,"channel":{"id":9506000,"permalink":"a12377777a","title":"a12377777a","description":"Настоящему индейцу завсегда везде ништяк (oldschool coubs-коуб должен быть интересным).","followers_count":3982,"following_count":93,"avatar_versions":{"template":"https://coub-anubis-a.akamaized.net/coub_storage/channel/cw_avatar/1c9501413e5/4fce9415231eb5c79b1d0/%{version}_1616662048_96161_5ea4c68745f82c79952701e43012536e.png","versions":["medium","medium_2x","profile_pic","profile_pic_new","profile_pic_new_2x","tiny","tiny_2x","small","small_2x","ios_large","ios_small"]}},"file":null,"picture":"https://coub-anubis-a.akamaized.net/coub_storage/coub/simple/cw_image/8db2db2b35b/684f94a38aee4a3340020/med_1632588960_00015.jpg","timeline_picture":"https://coub-anubis-a.akamaized.net/coub_storage/coub/simple/cw_timeline_pic/d59c1d99e04/6345c4ca77e50ab941dda/ios_large_1632588960_image.jpg","small_picture":"https://coub-anubis-a.akamaized.net/coub_storage/coub/simple/cw_image/8db2db2b35b/684f94a38aee4a3340020/ios_mosaic_1632588960_00015.jpg","sharing_picture":null,"percent_done":100,"tags":[{"id":447605,"title":"byte","value":"byte"},{"id":2192154,"title":"byte live","value":"byte%20live"}],"categories":[{"id":113,"title":"Blogging","permalink":"blogging","subscriptions_count":2035330,"big_image_url":"https://coub-anubis-a.akamaized.net/coub_storage/category/cw_image/cc945f16597/2b4fb4d4deb9e584afe1c/big_1622039038_Blogging.png","small_image_url":"https://coub-anubis-a.akamaized.net/coub_storage/category/cw_image/cc945f16597/2b4fb4d4deb9e584afe1c/small_1622039038_Blogging.png","med_image_url":"https://coub-anubis-a.akamaized.net/coub_storage/category/cw_image/cc945f16597/2b4fb4d4deb9e584afe1c/med_1622039038_Blogging.png","visible":true}],"communities":[{"id":113,"title":"Blogging","permalink":"blogging","subscriptions_count":2035330,"big_image_url":"https://coub-anubis-a.akamaized.net/coub_storage/category/cw_image/cc945f16597/2b4fb4d4deb9e584afe1c/big_1622039038_Blogging.png","small_image_url":"https://coub-anubis-a.akamaized.net/coub_storage/category/cw_image/cc945f16597/2b4fb4d4deb9e584afe1c/small_1622039038_Blogging.png","med_image_url":"https://coub-anubis-a.akamaized.net/coub_storage/category/cw_image/cc945f16597/2b4fb4d4deb9e584afe1c/med_1622039038_Blogging.png","i_subscribed":true,"community_notifications_enabled":null,"description":null}],"recoubs_count":6,"remixes_count":1,"likes_count":33,"dislikes_count":0,"raw_video_id":16795848,"uploaded_by_ios_app":false,"uploaded_by_android_app":false,"media_blocks":{"uploaded_raw_videos":[],"external_raw_videos":[],"remixed_from_coubs":[]},"raw_video_thumbnail_url":"https://coub-anubis-a.akamaized.net/coub_storage/raw_video/cw_image/f0181e79edc/262d26de9fcef75d8457f/coub_media_1632588703_image.jpg","raw_video_title":"ezgif.com-gif-maker__38_.mp4","video_block_banned":false,"duration":4.48,"promo_winner":false,"promo_winner_recoubers":null,"editorial_info":{},"promo_hint":null,"beeline_best_2014":null,"from_web_editor":true,"normalize_sound":false,"normalize_change_allowed":false,"best2015_addable":false,"ahmad_promo":null,"promo_data":null,"audio_copyright_claim":null,"ads_disabled":null,"is_safe_for_ads":true,"megafon_contents":[],"position_on_page":8},{"flag":null,"abuses":null,"recoubs_by_users_channels":null,"favourite":false,"promoted_id":null,"recoub":null,"like":null,"dislike":null,"reaction":null,"in_my_best2015":false,"id":176000289,"type":"Coub::Simple","permalink":"2wftlk","title":"😮 [couber's life]","visibility_type":"public","original_visibility_type":"public","channel_id":12333437,"created_at":"2021-09-24T03:45:15Z","updated_at":"2021-11-08T12:53:08Z","is_done":true,"views_count":8500,"cotd":null,"cotd_at":null,"visible_on_explore_root":false,"visible_on_explore":false,"featured":false,"published":true,"published_at":"2021-09-24T03:48:42Z","reversed":false,"from_editor_v2":true,"is_editable":true,"original_sound":false,"has_sound":false,"recoub_to":null,"file_versions":{"html5":{"video":{"higher":{"url":"https://coub-anubis-a.akamaized.net/coub_storage/coub/simple/cw_file/3095c05aa89/17d67b905e47298d3540e/muted_mp4_huge_size_1632455123_muted_huge.mp4","size":1819488},"high":{"url":"https://coub-anubis-a.akamaized.net/coub_storage/coub/simple/cw_file/3095c05aa89/17d67b905e47298d3540e/muted_mp4_big_size_1632455123_muted_big.mp4","size":1263874},"med":{"url":"https://coub-anubis-a.akamaized.net/coub_storage/coub/simple/cw_file/3095c05aa89/17d67b905e47298d3540e/muted_mp4_med_size_1632455123_muted_med.mp4","size":370744}},"audio":{"high":{"url":"https://coub-anubis-a.akamaized.net/coub_storage/coub/simple/cw_looped_audio_high/2350543010f/26cedbf5cdbaa866bc30e/1632455134_mp3-high.mp3","size":1501301},"med":{"url":"https://coub-anubis-a.akamaized.net/coub_storage/coub/simple/cw_looped_audio_med/ca7a9956f7c/b9ec49eb8b426bf4315c9/1632455133_mp3-med.mp3","size":1273582}}},"mobile":{"video":"https://coub-anubis-a.akamaized.net/coub_storage/coub/simple/cw_file/3095c05aa89/17d67b905e47298d3540e/muted_mp4_med_size_1632455123_muted_med.mp4","audio":["https://coub-anubis-a.akamaized.net/coub_storage/coub/simple/cw_looped_audio_med/ca7a9956f7c/b9ec49eb8b426bf4315c9/1632455133_mp3-med.mp3"]},"share":{"default":"https://coub-anubis-a.akamaized.net/coub_storage/coub/simple/cw_video_for_sharing/df5502fe05d/b60462afb74d85137613a/1632455161_looped_1632455160.mp4"}},"audio_versions":{"template":"https://coub-anubis-a.akamaized.net/coub_storage/audio_track/cw_file/cc3fe5a3ffb/faa86e0379a7776d467f8/mid_1632455125_8ege3n_edited.mp3","versions":["mid","low"]},"image_versions":{"template":"https://coub-anubis-a.akamaized.net/coub_storage/coub/simple/cw_image/fd212c388e8/e68aa3787fb61d4870e48/%{version}_1632455139_00032.jpg","versions":["micro","tiny","age_restricted","ios_large","ios_mosaic","big","med","small","pinterest"]},"first_frame_versions":{"template":"https://coub-anubis-a.akamaized.net/coub_storage/coub/simple/cw_timeline_pic/cfcaad391a6/fc50c18685a1bca22fec3/%{version}_1632455138_image.jpg","versions":["big","med","small","ios_large"]},"dimensions":{"big":[1280,720],"med":[640,360]},"site_w_h":[640,360],"page_w_h":[640,360],"site_w_h_small":[310,174],"size":[1280,720],"age_restricted":false,"age_restricted_by_admin":false,"not_safe_for_work":false,"allow_reuse":false,"dont_crop":true,"banned":false,"global_safe":null,"audio_file_url":"https://coub-anubis-a.akamaized.net/coub_storage/audio_track/cw_file/cc3fe5a3ffb/faa86e0379a7776d467f8/low_1632455125_8ege3n_edited.mp3","external_download":false,"application":null,"channel":{"id":12333437,"permalink":"polya.vechnoy.ohoty","title":"Uspenskiy.ALT","description":"Альтернативный канал Дмитрия Успенского. Недолюбленное. Недооценённое. Нецензурное. Репосты alt.годноты от камрадов. Осторожно, местами 18+","followers_count":15,"following_count":0,"avatar_versions":{"template":"https://coub-anubis-a.akamaized.net/coub_storage/channel/cw_avatar/13c8fa5123e/66e587485312e245ab8b8/%{version}_1631120874_crowdalone.jpg","versions":["medium","medium_2x","profile_pic","profile_pic_new","profile_pic_new_2x","tiny","tiny_2x","small","small_2x","ios_large","ios_small"]}},"file":null,"picture":"https://coub-anubis-a.akamaized.net/coub_storage/coub/simple/cw_image/fd212c388e8/e68aa3787fb61d4870e48/med_1632455139_00032.jpg","timeline_picture":"https://coub-anubis-a.akamaized.net/coub_storage/coub/simple/cw_timeline_pic/cfcaad391a6/fc50c18685a1bca22fec3/ios_large_1632455138_image.jpg","small_picture":"https://coub-anubis-a.akamaized.net/coub_storage/coub/simple/cw_image/fd212c388e8/e68aa3787fb61d4870e48/ios_mosaic_1632455139_00032.jpg","sharing_picture":null,"percent_done":100,"tags":[{"id":6503960,"title":"шмель большой","value":"%D1%88%D0%BC%D0%B5%D0%BB%D1%8C%20%D0%B1%D0%BE%D0%BB%D1%8C%D1%88%D0%BE%D0%B9"},{"id":742574,"title":"небывальщина","value":"%D0%BD%D0%B5%D0%B1%D1%8B%D0%B2%D0%B0%D0%BB%D1%8C%D1%89%D0%B8%D0%BD%D0%B0"},{"id":3262677,"title":"ты мне веришь?","value":"%D1%82%D1%8B%20%D0%BC%D0%BD%D0%B5%20%D0%B2%D0%B5%D1%80%D0%B8%D1%88%D1%8C?"},{"id":1052269,"title":"ты мне веришь или нет","value":"%D1%82%D1%8B%20%D0%BC%D0%BD%D0%B5%20%D0%B2%D0%B5%D1%80%D0%B8%D1%88%D1%8C%20%D0%B8%D0%BB%D0%B8%20%D0%BD%D0%B5%D1%82"},{"id":6503961,"title":"ольга & дмитрий - bass cover","value":"%D0%BE%D0%BB%D1%8C%D0%B3%D0%B0%20&%20%D0%B4%D0%BC%D0%B8%D1%82%D1%80%D0%B8%D0%B9%20-%20bass%20cover"},{"id":6503962,"title":"эффект бабушки cover","value":"%D1%8D%D1%84%D1%84%D0%B5%D0%BA%D1%82%20%D0%B1%D0%B0%D0%B1%D1%83%D1%88%D0%BA%D0%B8%20cover"},{"id":6503963,"title":"наш с тобой секрет","value":"%D0%BD%D0%B0%D1%88%20%D1%81%20%D1%82%D0%BE%D0%B1%D0%BE%D0%B9%20%D1%81%D0%B5%D0%BA%D1%80%D0%B5%D1%82"},{"id":745151,"title":"couber's life","value":"couber's%20life"},{"id":896290,"title":"couber's","value":"couber's"}],"categories":[{"id":113,"title":"Blogging","permalink":"blogging","subscriptions_count":2035330,"big_image_url":"https://coub-anubis-a.akamaized.net/coub_storage/category/cw_image/cc945f16597/2b4fb4d4deb9e584afe1c/big_1622039038_Blogging.png","small_image_url":"https://coub-anubis-a.akamaized.net/coub_storage/category/cw_image/cc945f16597/2b4fb4d4deb9e584afe1c/small_1622039038_Blogging.png","med_image_url":"https://coub-anubis-a.akamaized.net/coub_storage/category/cw_image/cc945f16597/2b4fb4d4deb9e584afe1c/med_1622039038_Blogging.png","visible":true}],"communities":[{"id":113,"title":"Blogging","permalink":"blogging","subscriptions_count":2035330,"big_image_url":"https://coub-anubis-a.akamaized.net/coub_storage/category/cw_image/cc945f16597/2b4fb4d4deb9e584afe1c/big_1622039038_Blogging.png","small_image_url":"https://coub-anubis-a.akamaized.net/coub_storage/category/cw_image/cc945f16597/2b4fb4d4deb9e584afe1c/small_1622039038_Blogging.png","med_image_url":"https://coub-anubis-a.akamaized.net/coub_storage/category/cw_image/cc945f16597/2b4fb4d4deb9e584afe1c/med_1622039038_Blogging.png","i_subscribed":true,"community_notifications_enabled":null,"description":null}],"recoubs_count":8,"remixes_count":0,"likes_count":33,"dislikes_count":0,"raw_video_id":16791861,"uploaded_by_ios_app":false,"uploaded_by_android_app":false,"media_blocks":{"uploaded_raw_videos":[],"external_raw_videos":[],"remixed_from_coubs":[]},"raw_video_thumbnail_url":"https://coub-anubis-a.akamaized.net/coub_storage/raw_video/cw_image/90268bdc1f6/97d41ca13d79b43f3572f/coub_media_1632454681_image.jpg","raw_video_title":"____________.mp4","video_block_banned":false,"duration":10.0,"promo_winner":false,"promo_winner_recoubers":null,"editorial_info":{},"promo_hint":null,"beeline_best_2014":null,"from_web_editor":true,"normalize_sound":false,"normalize_change_allowed":true,"best2015_addable":false,"ahmad_promo":null,"promo_data":null,"audio_copyright_claim":null,"ads_disabled":false,"is_safe_for_ads":true,"megafon_contents":[],"position_on_page":9},{"flag":null,"abuses":null,"recoubs_by_users_channels":null,"favourite":false,"promoted_id":null,"recoub":null,"like":null,"dislike":null,"reaction":null,"in_my_best2015":false,"id":175824225,"type":"Coub::Simple","permalink":"2wc1qv","title":"Hehe...","visibility_type":"public","original_visibility_type":"public","channel_id":3734085,"created_at":"2021-09-20T18:10:44Z","updated_at":"2022-01-24T08:26:34Z","is_done":true,"views_count":5760,"cotd":null,"cotd_at":null,"visible_on_explore_root":false,"visible_on_explore":false,"featured":false,"published":true,"published_at":"2021-09-20T18:10:44Z","reversed":false,"from_editor_v2":true,"is_editable":true,"original_sound":true,"has_sound":true,"recoub_to":null,"file_versions":{"html5":{"video":{"higher":{"url":"https://coub-anubis-a.akamaized.net/coub_storage/coub/simple/cw_file/c4c4bc10780/416313580a2f6399cc523/muted_mp4_huge_size_1632161489_muted_huge.mp4","size":1069470},"high":{"url":"https://coub-anubis-a.akamaized.net/coub_storage/coub/simple/cw_file/c4c4bc10780/416313580a2f6399cc523/muted_mp4_big_size_1632161489_muted_big.mp4","size":710191},"med":{"url":"https://coub-anubis-a.akamaized.net/coub_storage/coub/simple/cw_file/c4c4bc10780/416313580a2f6399cc523/muted_mp4_med_size_1632161489_muted_med.mp4","size":245686}},"audio":{"high":{"url":"https://coub-anubis-a.akamaized.net/coub_storage/coub/simple/cw_looped_audio_high/c024abc0689/7b9fde7839b044269b813/1632161490_mp3-high.mp3","size":857642},"med":{"url":"https://coub-anubis-a.akamaized.net/coub_storage/coub/simple/cw_looped_audio_med/ea3915a64a8/b2fdb6c94d5d5d9400627/1632161490_mp3-med.mp3","size":823423},"sample_duration":8.638}},"mobile":{"video":"https://coub-anubis-a.akamaized.net/coub_storage/coub/simple/cw_file/c4c4bc10780/416313580a2f6399cc523/muted_mp4_med_size_1632161489_muted_med.mp4","audio":["https://coub-anubis-a.akamaized.net/coub_storage/coub/simple/cw_looped_audio_med/ea3915a64a8/b2fdb6c94d5d5d9400627/1632161490_mp3-med.mp3"]},"share":{"default":"https://coub-anubis-a.akamaized.net/coub_storage/coub/simple/cw_video_for_sharing/c6ae7c4602d/367b7a4de760603b15dc0/1632161511_looped_1632161510.mp4"}},"audio_versions":{},"image_versions":{"template":"https://coub-anubis-a.akamaized.net/coub_storage/coub/simple/cw_image/40d0a2f37fc/1c8ada3361f71b958fbcc/%{version}_1632161494_00028.jpg","versions":["micro","tiny","age_restricted","ios_large","ios_mosaic","big","med","small","pinterest"]},"first_frame_versions":{"template":"https://coub-anubis-a.akamaized.net/coub_storage/coub/simple/cw_timeline_pic/0318f640bfd/0bc4b4496b7c96ebc1a50/%{version}_1632161493_image.jpg","versions":["big","med","small","ios_large"]},"dimensions":{"big":[1280,720],"med":[640,360]},"site_w_h":[640,360],"page_w_h":[640,360],"site_w_h_small":[310,174],"size":[1280,720],"age_restricted":false,"age_restricted_by_admin":false,"not_safe_for_work":null,"allow_reuse":false,"dont_crop":true,"banned":false,"global_safe":null,"audio_file_url":null,"external_download":{"type":"Youtube","service_name":"YouTube","url":"https://youtu.be/wZl1t0rcLrs","has_embed":true},"application":null,"channel":{"id":3734085,"permalink":"alex-solovev","title":"Not a blogger","description":null,"followers_count":67,"following_count":17,"avatar_versions":{"template":"https://coub-anubis-a.akamaized.net/coub_storage/channel/cw_avatar/147e90a1685/1743dc2d88399f7f260e0/%{version}_1609423292_lvx163_1504019857_jmg99d_1832339570429401.jpg","versions":["medium","medium_2x","profile_pic","profile_pic_new","profile_pic_new_2x","tiny","tiny_2x","small","small_2x","ios_large","ios_small"]}},"file":null,"picture":"https://coub-anubis-a.akamaized.net/coub_storage/coub/simple/cw_image/40d0a2f37fc/1c8ada3361f71b958fbcc/med_1632161494_00028.jpg","timeline_picture":"https://coub-anubis-a.akamaized.net/coub_storage/coub/simple/cw_timeline_pic/0318f640bfd/0bc4b4496b7c96ebc1a50/ios_large_1632161493_image.jpg","small_picture":"https://coub-anubis-a.akamaized.net/coub_storage/coub/simple/cw_image/40d0a2f37fc/1c8ada3361f71b958fbcc/ios_mosaic_1632161494_00028.jpg","sharing_picture":null,"percent_done":100,"tags":[{"id":2852,"title":"fanny","value":"fanny"}],"categories":[{"id":113,"title":"Blogging","permalink":"blogging","subscriptions_count":2035330,"big_image_url":"https://coub-anubis-a.akamaized.net/coub_storage/category/cw_image/cc945f16597/2b4fb4d4deb9e584afe1c/big_1622039038_Blogging.png","small_image_url":"https://coub-anubis-a.akamaized.net/coub_storage/category/cw_image/cc945f16597/2b4fb4d4deb9e584afe1c/small_1622039038_Blogging.png","med_image_url":"https://coub-anubis-a.akamaized.net/coub_storage/category/cw_image/cc945f16597/2b4fb4d4deb9e584afe1c/med_1622039038_Blogging.png","visible":true}],"communities":[{"id":113,"title":"Blogging","permalink":"blogging","subscriptions_count":2035330,"big_image_url":"https://coub-anubis-a.akamaized.net/coub_storage/category/cw_image/cc945f16597/2b4fb4d4deb9e584afe1c/big_1622039038_Blogging.png","small_image_url":"https://coub-anubis-a.akamaized.net/coub_storage/category/cw_image/cc945f16597/2b4fb4d4deb9e584afe1c/small_1622039038_Blogging.png","med_image_url":"https://coub-anubis-a.akamaized.net/coub_storage/category/cw_image/cc945f16597/2b4fb4d4deb9e584afe1c/med_1622039038_Blogging.png","i_subscribed":true,"community_notifications_enabled":null,"description":null}],"recoubs_count":7,"remixes_count":0,"likes_count":33,"dislikes_count":0,"raw_video_id":16783477,"uploaded_by_ios_app":false,"uploaded_by_android_app":false,"media_blocks":{"uploaded_raw_videos":[],"external_raw_videos":[{"id":39704153,"title":"тик ток лучшее \\\\ тренды тик ток 2021 \\\\ ПРИКОЛЫ ТИК ТОК \\\\ tiktok dance \\\\","url":"https://www.youtube.com/watch?v=wZl1t0rcLrs","image":"https://coub-anubis-a.akamaized.net/coub_storage/media_block/cw_image/c393bb4edc5/4168c32db661a49632ac2/video_1632160650_13w7f6x_1632160491_1632160488_15jza27_att-url-download.webp","image_retina":"https://coub-anubis-a.akamaized.net/coub_storage/media_block/cw_image/c393bb4edc5/4168c32db661a49632ac2/video_retina_1632160650_13w7f6x_1632160491_1632160488_15jza27_att-url-download.webp","meta":{"service":"Youtube","duration":"294.48"},"duration":294.48,"raw_video_id":16783477,"has_embed":true}],"remixed_from_coubs":[],"external_video":{"id":39704153,"title":"тик ток лучшее \\\\ тренды тик ток 2021 \\\\ ПРИКОЛЫ ТИК ТОК \\\\ tiktok dance \\\\","url":"https://www.youtube.com/watch?v=wZl1t0rcLrs","image":"https://coub-anubis-a.akamaized.net/coub_storage/media_block/cw_image/c393bb4edc5/4168c32db661a49632ac2/video_1632160650_13w7f6x_1632160491_1632160488_15jza27_att-url-download.webp","image_retina":"https://coub-anubis-a.akamaized.net/coub_storage/media_block/cw_image/c393bb4edc5/4168c32db661a49632ac2/video_retina_1632160650_13w7f6x_1632160491_1632160488_15jza27_att-url-download.webp","meta":{"service":"Youtube","duration":"294.48"},"duration":294.48,"raw_video_id":16783477,"has_embed":true}},"raw_video_thumbnail_url":"https://coub-anubis-a.akamaized.net/coub_storage/raw_video/cw_image/8a2fc5cc9f3/8de33bf0feac3194be482/coub_media_1632160491_1632160488_15jza27_att-url-download.webp","raw_video_title":"тик ток лучшее \\\\ тренды тик ток 2021 \\\\ ПРИКОЛЫ ТИК ТОК \\\\ tiktok dance \\\\","video_block_banned":false,"duration":8.64,"promo_winner":false,"promo_winner_recoubers":null,"editorial_info":{},"promo_hint":null,"beeline_best_2014":null,"from_web_editor":true,"normalize_sound":true,"normalize_change_allowed":true,"best2015_addable":false,"ahmad_promo":null,"promo_data":null,"audio_copyright_claim":null,"ads_disabled":null,"is_safe_for_ads":true,"megafon_contents":[],"position_on_page":10}]}