{"page":448,"per_page":10,"total_pages":500,"coubs":[{"flag":null,"abuses":null,"recoubs_by_users_channels":null,"favourite":false,"promoted_id":null,"recoub":null,"like":null,"dislike":null,"reaction":null,"in_my_best2015":false,"id":11672576,"type":"Coub::Simple","permalink":"6i1a8","title":"Project Mayhem","visibility_type":"public","original_visibility_type":"public","channel_id":186801,"created_at":"2015-05-19T22:16:22Z","updated_at":"2022-03-17T07:38:50Z","is_done":true,"views_count":300771,"cotd":null,"cotd_at":null,"visible_on_explore_root":false,"visible_on_explore":false,"featured":false,"published":true,"published_at":"2015-05-19T22:16:22Z","reversed":false,"from_editor_v2":true,"is_editable":true,"original_sound":true,"has_sound":true,"recoub_to":null,"file_versions":{"html5":{"video":{"higher":{"url":"https://coub-anubis-a.akamaized.net/coub_storage/coub/simple/cw_file/4860350b13a/e8ac529912d015f1eb52e/muted_mp4_huge_size_1567770982_muted_huge.mp4","size":3872006},"high":{"url":"https://coub-anubis-a.akamaized.net/coub_storage/coub/simple/cw_file/4860350b13a/e8ac529912d015f1eb52e/muted_mp4_big_size_1567770982_muted_big.mp4","size":2820184},"med":{"url":"https://coub-anubis-a.akamaized.net/coub_storage/coub/simple/cw_file/4860350b13a/e8ac529912d015f1eb52e/muted_mp4_med_size_1567770982_muted_med.mp4","size":844471}},"audio":{"high":{"url":"https://coub-anubis-a.akamaized.net/coub_storage/coub/simple/cw_looped_audio_high/04440ff009d/d14e1c59255a5b8abce2b/1605452209_high_1445955110_high.mp3","size":1201840},"med":{"url":"https://coub-anubis-a.akamaized.net/coub_storage/coub/simple/cw_looped_audio_med/904578daf0b/3bd6a3927cbceaa1ec06d/1605452209_med_1445955110_med.mp3","size":801226},"sample_duration":10.055}},"mobile":{"video":"https://coub-anubis-a.akamaized.net/coub_storage/coub/simple/cw_file/4860350b13a/e8ac529912d015f1eb52e/muted_mp4_med_size_1567770982_muted_med.mp4","audio":["https://coub-anubis-a.akamaized.net/coub_storage/coub/simple/cw_looped_audio_med/904578daf0b/3bd6a3927cbceaa1ec06d/1605452209_med_1445955110_med.mp3"]},"share":{"default":"https://coub-anubis-a.akamaized.net/coub_storage/coub/simple/cw_video_for_sharing/6a3edace988/ee0d07fb99ab02d5badf2/1628178792_looped_1628178790.mp4"}},"audio_versions":{},"image_versions":{"template":"https://coub-anubis-a.akamaized.net/coub_storage/coub/simple/cw_image/88372773296/1fa523764a5628c37bc74/1432073870_00032.jpg","versions":["micro","tiny","age_restricted","ios_large","ios_mosaic","big","med","small","pinterest"]},"first_frame_versions":{"template":"https://coub-anubis-a.akamaized.net/coub_storage/coub/simple/cw_timeline_pic/a4ba3572d0a/14d785b462872cc801636/%{version}_1432073869_image.jpg","versions":["big","med","small","ios_large"]},"dimensions":{"big":[1280,720],"med":[640,360]},"site_w_h":[640,360],"page_w_h":[640,360],"site_w_h_small":[310,174],"size":[1280,720],"age_restricted":false,"age_restricted_by_admin":false,"not_safe_for_work":false,"allow_reuse":false,"dont_crop":false,"banned":false,"global_safe":true,"audio_file_url":null,"external_download":false,"application":null,"channel":{"id":186801,"permalink":"--niks--","title":"Niks  ☮","description":"Bad","followers_count":24274,"following_count":1,"avatar_versions":{"template":"https://coub-anubis-a.akamaized.net/coub_storage/channel/cw_avatar/b36b46e6af7/003d17c1d3c2cf1fda97d/%{version}_1571262409_1241a727af9a40dc929e7ff051ffbc36-removebg-preview.png","versions":["medium","medium_2x","profile_pic","profile_pic_new","profile_pic_new_2x","tiny","tiny_2x","small","small_2x","ios_large","ios_small"]}},"file":null,"picture":"https://coub-anubis-a.akamaized.net/coub_storage/coub/simple/cw_image/88372773296/1fa523764a5628c37bc74/1432073870_00032.jpg","timeline_picture":"https://coub-anubis-a.akamaized.net/coub_storage/coub/simple/cw_timeline_pic/a4ba3572d0a/14d785b462872cc801636/ios_large_1432073869_image.jpg","small_picture":"https://coub-anubis-a.akamaized.net/coub_storage/coub/simple/cw_image/88372773296/1fa523764a5628c37bc74/1432073870_00032.jpg","sharing_picture":null,"percent_done":100,"tags":[{"id":704044,"title":"russianhollywood","value":"russianhollywood"},{"id":2058,"title":"мультфильм","value":"%D0%BC%D1%83%D0%BB%D1%8C%D1%82%D1%84%D0%B8%D0%BB%D1%8C%D0%BC"},{"id":7347,"title":"классика","value":"%D0%BA%D0%BB%D0%B0%D1%81%D1%81%D0%B8%D0%BA%D0%B0"},{"id":216685,"title":"project mayhem","value":"project%20mayhem"},{"id":41698,"title":"hybrid","value":"hybrid"},{"id":288361,"title":"hybrids","value":"hybrids"},{"id":135843,"title":"pixes","value":"pixes"},{"id":18709,"title":"эдварт нортон","value":"%D1%8D%D0%B4%D0%B2%D0%B0%D1%80%D1%82%20%D0%BD%D0%BE%D1%80%D1%82%D0%BE%D0%BD"},{"id":822652,"title":"рассказчик","value":"%D1%80%D0%B0%D1%81%D1%81%D0%BA%D0%B0%D0%B7%D1%87%D0%B8%D0%BA"},{"id":254131,"title":"марла","value":"%D0%BC%D0%B0%D1%80%D0%BB%D0%B0"},{"id":529522,"title":"чак паланик","value":"%D1%87%D0%B0%D0%BA%20%D0%BF%D0%B0%D0%BB%D0%B0%D0%BD%D0%B8%D0%BA"},{"id":946868,"title":"проект разгром","value":"%D0%BF%D1%80%D0%BE%D0%B5%D0%BA%D1%82%20%D1%80%D0%B0%D0%B7%D0%B3%D1%80%D0%BE%D0%BC"},{"id":525967,"title":"тайлер дерден","value":"%D1%82%D0%B0%D0%B9%D0%BB%D0%B5%D1%80%20%D0%B4%D0%B5%D1%80%D0%B4%D0%B5%D0%BD"},{"id":90,"title":"фильм","value":"%D1%84%D0%B8%D0%BB%D1%8C%D0%BC"},{"id":3853,"title":"ссср","value":"%D1%81%D1%81%D1%81%D1%80"},{"id":131934,"title":"попугай кеша","value":"%D0%BF%D0%BE%D0%BF%D1%83%D0%B3%D0%B0%D0%B9%20%D0%BA%D0%B5%D1%88%D0%B0"},{"id":85687,"title":"кеша","value":"%D0%BA%D0%B5%D1%88%D0%B0"},{"id":9214,"title":"попугай","value":"%D0%BF%D0%BE%D0%BF%D1%83%D0%B3%D0%B0%D0%B9"},{"id":25920,"title":"explosions","value":"explosions"},{"id":2640,"title":"ost","value":"ost"},{"id":86,"title":"music","value":"music"},{"id":3750,"title":"fight club","value":"fight%20club"},{"id":1607,"title":"cartoons","value":"cartoons"},{"id":208,"title":"cartoon","value":"cartoon"}],"categories":[{"id":14,"title":"Cartoons","permalink":"cartoons","subscriptions_count":10092974,"big_image_url":"https://coub-anubis-a.akamaized.net/coub_storage/category/cw_image/f8ede745da4/2e6c3a22d04db1a6a25e3/big_1544759035_cartoons2.png","small_image_url":"https://coub-anubis-a.akamaized.net/coub_storage/category/cw_image/f8ede745da4/2e6c3a22d04db1a6a25e3/small_1544759035_cartoons2.png","med_image_url":"https://coub-anubis-a.akamaized.net/coub_storage/category/cw_image/f8ede745da4/2e6c3a22d04db1a6a25e3/med_1544759035_cartoons2.png","visible":true}],"communities":[{"id":14,"title":"Cartoons","permalink":"cartoons","subscriptions_count":10092974,"big_image_url":"https://coub-anubis-a.akamaized.net/coub_storage/category/cw_image/f8ede745da4/2e6c3a22d04db1a6a25e3/big_1544759035_cartoons2.png","small_image_url":"https://coub-anubis-a.akamaized.net/coub_storage/category/cw_image/f8ede745da4/2e6c3a22d04db1a6a25e3/small_1544759035_cartoons2.png","med_image_url":"https://coub-anubis-a.akamaized.net/coub_storage/category/cw_image/f8ede745da4/2e6c3a22d04db1a6a25e3/med_1544759035_cartoons2.png","i_subscribed":true,"community_notifications_enabled":null,"description":null}],"recoubs_count":322,"remixes_count":5,"likes_count":1118,"dislikes_count":0,"raw_video_id":1371227,"uploaded_by_ios_app":false,"uploaded_by_android_app":false,"media_blocks":{"uploaded_raw_videos":[],"external_raw_videos":[],"remixed_from_coubs":[]},"raw_video_thumbnail_url":"/missing/missing.png","raw_video_title":"Попугай_Кеша_-_Возвращение_блудного_попугая._2_серия.mp4.mp4","video_block_banned":false,"duration":10.0,"promo_winner":false,"promo_winner_recoubers":null,"editorial_info":{},"promo_hint":null,"beeline_best_2014":null,"from_web_editor":true,"normalize_sound":true,"normalize_change_allowed":true,"best2015_addable":false,"ahmad_promo":null,"promo_data":null,"audio_copyright_claim":null,"ads_disabled":null,"is_safe_for_ads":true,"megafon_contents":[],"position_on_page":1},{"flag":null,"abuses":null,"recoubs_by_users_channels":null,"favourite":false,"promoted_id":null,"recoub":null,"like":null,"dislike":null,"reaction":null,"in_my_best2015":false,"id":176550909,"type":"Coub::Simple","permalink":"2wrmgl","title":"Голос МАРДЖ, БАРТА И ЛИЗЫ СИМПСОН - Ирина Савина| ОДНА ЗА ВСЕХ...","visibility_type":"public","original_visibility_type":"public","channel_id":10889263,"created_at":"2021-10-04T19:55:35Z","updated_at":"2022-03-16T01:18:51Z","is_done":true,"views_count":90682,"cotd":null,"cotd_at":null,"visible_on_explore_root":false,"visible_on_explore":false,"featured":false,"published":true,"published_at":"2021-10-04T19:55:34Z","reversed":false,"from_editor_v2":true,"is_editable":true,"original_sound":true,"has_sound":true,"recoub_to":null,"file_versions":{"html5":{"video":{"higher":{"url":"https://coub-anubis-a.akamaized.net/coub_storage/coub/simple/cw_file/600c05b0cd6/1a7c58055b15f21ff3e9f/muted_mp4_huge_size_1633377581_muted_huge.mp4","size":1777098},"high":{"url":"https://coub-anubis-a.akamaized.net/coub_storage/coub/simple/cw_file/600c05b0cd6/1a7c58055b15f21ff3e9f/muted_mp4_big_size_1633377581_muted_big.mp4","size":1195667},"med":{"url":"https://coub-anubis-a.akamaized.net/coub_storage/coub/simple/cw_file/600c05b0cd6/1a7c58055b15f21ff3e9f/muted_mp4_med_size_1633377581_muted_med.mp4","size":364609}},"audio":{"high":{"url":"https://coub-anubis-a.akamaized.net/coub_storage/coub/simple/cw_looped_audio_high/65e9f5fa1e8/e77645818d5a19824403c/1633377584_mp3-high.mp3","size":1003315},"med":{"url":"https://coub-anubis-a.akamaized.net/coub_storage/coub/simple/cw_looped_audio_med/e2880941a5c/8ea57223b6e0e957acdca/1633377583_mp3-med.mp3","size":916566},"sample_duration":9.567}},"mobile":{"video":"https://coub-anubis-a.akamaized.net/coub_storage/coub/simple/cw_file/600c05b0cd6/1a7c58055b15f21ff3e9f/muted_mp4_med_size_1633377581_muted_med.mp4","audio":["https://coub-anubis-a.akamaized.net/coub_storage/coub/simple/cw_looped_audio_med/e2880941a5c/8ea57223b6e0e957acdca/1633377583_mp3-med.mp3"]},"share":{"default":"https://coub-anubis-a.akamaized.net/coub_storage/coub/simple/cw_video_for_sharing/ed420a2aa4d/f6d9d4087a700f8f09577/1633377620_looped_1633377619.mp4"}},"audio_versions":{},"image_versions":{"template":"https://coub-anubis-a.akamaized.net/coub_storage/coub/simple/cw_image/3cf385acd79/20a34cddb96ae7708556a/%{version}_1633377593_00030.jpg","versions":["micro","tiny","age_restricted","ios_large","ios_mosaic","big","med","small","pinterest"]},"first_frame_versions":{"template":"https://coub-anubis-a.akamaized.net/coub_storage/coub/simple/cw_timeline_pic/bb2f3e13ac7/a3cbbe138ddc38f0540d7/%{version}_1633377591_image.jpg","versions":["big","med","small","ios_large"]},"dimensions":{"big":[1280,720],"med":[640,360]},"site_w_h":[640,360],"page_w_h":[640,360],"site_w_h_small":[310,174],"size":[1280,720],"age_restricted":false,"age_restricted_by_admin":false,"not_safe_for_work":false,"allow_reuse":false,"dont_crop":true,"banned":false,"global_safe":null,"audio_file_url":null,"external_download":{"type":"Youtube","service_name":"YouTube","url":"https://youtu.be/Olz7qb_HZb8","has_embed":true},"application":null,"channel":{"id":10889263,"permalink":"only.for.fun","title":"Only for fun","description":null,"followers_count":23,"following_count":11,"avatar_versions":{"template":"https://coubsecureassets-a.akamaihd.net/assets/default-avatars/88-291b2efff06c5f05e5d43f91360a3630fc14cb7597fde641b041b771e38afbaf.png"}},"file":null,"picture":"https://coub-anubis-a.akamaized.net/coub_storage/coub/simple/cw_image/3cf385acd79/20a34cddb96ae7708556a/med_1633377593_00030.jpg","timeline_picture":"https://coub-anubis-a.akamaized.net/coub_storage/coub/simple/cw_timeline_pic/bb2f3e13ac7/a3cbbe138ddc38f0540d7/ios_large_1633377591_image.jpg","small_picture":"https://coub-anubis-a.akamaized.net/coub_storage/coub/simple/cw_image/3cf385acd79/20a34cddb96ae7708556a/ios_mosaic_1633377593_00030.jpg","sharing_picture":null,"percent_done":100,"tags":[{"id":4107642,"title":"дмитрий череватенко","value":"%D0%B4%D0%BC%D0%B8%D1%82%D1%80%D0%B8%D0%B9%20%D1%87%D0%B5%D1%80%D0%B5%D0%B2%D0%B0%D1%82%D0%B5%D0%BD%D0%BA%D0%BE"},{"id":1314017,"title":"голос за кадром","value":"%D0%B3%D0%BE%D0%BB%D0%BE%D1%81%20%D0%B7%D0%B0%20%D0%BA%D0%B0%D0%B4%D1%80%D0%BE%D0%BC"},{"id":5378587,"title":"череватенко","value":"%D1%87%D0%B5%D1%80%D0%B5%D0%B2%D0%B0%D1%82%D0%B5%D0%BD%D0%BA%D0%BE"},{"id":21995,"title":"дубляж","value":"%D0%B4%D1%83%D0%B1%D0%BB%D1%8F%D0%B6"},{"id":950073,"title":"актеры дубляжа","value":"%D0%B0%D0%BA%D1%82%D0%B5%D1%80%D1%8B%20%D0%B4%D1%83%D0%B1%D0%BB%D1%8F%D0%B6%D0%B0"},{"id":23169,"title":"озвучка","value":"%D0%BE%D0%B7%D0%B2%D1%83%D1%87%D0%BA%D0%B0"},{"id":4104711,"title":"актер дубляжа","value":"%D0%B0%D0%BA%D1%82%D0%B5%D1%80%20%D0%B4%D1%83%D0%B1%D0%BB%D1%8F%D0%B6%D0%B0"},{"id":6518583,"title":"череватенко дмитрий","value":"%D1%87%D0%B5%D1%80%D0%B5%D0%B2%D0%B0%D1%82%D0%B5%D0%BD%D0%BA%D0%BE%20%D0%B4%D0%BC%D0%B8%D1%82%D1%80%D0%B8%D0%B9"},{"id":3522045,"title":"озвучка мультфильмов","value":"%D0%BE%D0%B7%D0%B2%D1%83%D1%87%D0%BA%D0%B0%20%D0%BC%D1%83%D0%BB%D1%8C%D1%82%D1%84%D0%B8%D0%BB%D1%8C%D0%BC%D0%BE%D0%B2"},{"id":218614,"title":"дублирование","value":"%D0%B4%D1%83%D0%B1%D0%BB%D0%B8%D1%80%D0%BE%D0%B2%D0%B0%D0%BD%D0%B8%D0%B5"},{"id":6518584,"title":"дубляж мультфильмов","value":"%D0%B4%D1%83%D0%B1%D0%BB%D1%8F%D0%B6%20%D0%BC%D1%83%D0%BB%D1%8C%D1%82%D1%84%D0%B8%D0%BB%D1%8C%D0%BC%D0%BE%D0%B2"},{"id":14349,"title":"симпсоны","value":"%D1%81%D0%B8%D0%BC%D0%BF%D1%81%D0%BE%D0%BD%D1%8B"},{"id":6518585,"title":"кто озвучивал симпсонов","value":"%D0%BA%D1%82%D0%BE%20%D0%BE%D0%B7%D0%B2%D1%83%D1%87%D0%B8%D0%B2%D0%B0%D0%BB%20%D1%81%D0%B8%D0%BC%D0%BF%D1%81%D0%BE%D0%BD%D0%BE%D0%B2"},{"id":6518586,"title":"кто озвучивал симпсонов на русском","value":"%D0%BA%D1%82%D0%BE%20%D0%BE%D0%B7%D0%B2%D1%83%D1%87%D0%B8%D0%B2%D0%B0%D0%BB%20%D1%81%D0%B8%D0%BC%D0%BF%D1%81%D0%BE%D0%BD%D0%BE%D0%B2%20%D0%BD%D0%B0%20%D1%80%D1%83%D1%81%D1%81%D0%BA%D0%BE%D0%BC"},{"id":2411873,"title":"кто озвучивал","value":"%D0%BA%D1%82%D0%BE%20%D0%BE%D0%B7%D0%B2%D1%83%D1%87%D0%B8%D0%B2%D0%B0%D0%BB"},{"id":6518587,"title":"кто озвучивал барта симпсона","value":"%D0%BA%D1%82%D0%BE%20%D0%BE%D0%B7%D0%B2%D1%83%D1%87%D0%B8%D0%B2%D0%B0%D0%BB%20%D0%B1%D0%B0%D1%80%D1%82%D0%B0%20%D1%81%D0%B8%D0%BC%D0%BF%D1%81%D0%BE%D0%BD%D0%B0"},{"id":6518588,"title":"кто озвучивал мардж симпсон","value":"%D0%BA%D1%82%D0%BE%20%D0%BE%D0%B7%D0%B2%D1%83%D1%87%D0%B8%D0%B2%D0%B0%D0%BB%20%D0%BC%D0%B0%D1%80%D0%B4%D0%B6%20%D1%81%D0%B8%D0%BC%D0%BF%D1%81%D0%BE%D0%BD"},{"id":314212,"title":"барт симпсон","value":"%D0%B1%D0%B0%D1%80%D1%82%20%D1%81%D0%B8%D0%BC%D0%BF%D1%81%D0%BE%D0%BD"},{"id":4745425,"title":"ирина савина","value":"%D0%B8%D1%80%D0%B8%D0%BD%D0%B0%20%D1%81%D0%B0%D0%B2%D0%B8%D0%BD%D0%B0"},{"id":4745426,"title":"савина","value":"%D1%81%D0%B0%D0%B2%D0%B8%D0%BD%D0%B0"},{"id":5063323,"title":"ирина савина озвучка","value":"%D0%B8%D1%80%D0%B8%D0%BD%D0%B0%20%D1%81%D0%B0%D0%B2%D0%B8%D0%BD%D0%B0%20%D0%BE%D0%B7%D0%B2%D1%83%D1%87%D0%BA%D0%B0"},{"id":6518589,"title":"озвучка симпсоны","value":"%D0%BE%D0%B7%D0%B2%D1%83%D1%87%D0%BA%D0%B0%20%D1%81%D0%B8%D0%BC%D0%BF%D1%81%D0%BE%D0%BD%D1%8B"},{"id":4292514,"title":"симпсоны озвучка","value":"%D1%81%D0%B8%D0%BC%D0%BF%D1%81%D0%BE%D0%BD%D1%8B%20%D0%BE%D0%B7%D0%B2%D1%83%D1%87%D0%BA%D0%B0"},{"id":3058865,"title":"озвучка симпсонов","value":"%D0%BE%D0%B7%D0%B2%D1%83%D1%87%D0%BA%D0%B0%20%D1%81%D0%B8%D0%BC%D0%BF%D1%81%D0%BE%D0%BD%D0%BE%D0%B2"},{"id":6518590,"title":"голос барта симпсона","value":"%D0%B3%D0%BE%D0%BB%D0%BE%D1%81%20%D0%B1%D0%B0%D1%80%D1%82%D0%B0%20%D1%81%D0%B8%D0%BC%D0%BF%D1%81%D0%BE%D0%BD%D0%B0"},{"id":6518591,"title":"cherevat tv","value":"cherevat%20tv"},{"id":130742,"title":"симпсон","value":"%D1%81%D0%B8%D0%BC%D0%BF%D1%81%D0%BE%D0%BD"}],"categories":[{"id":14,"title":"Cartoons","permalink":"cartoons","subscriptions_count":10092974,"big_image_url":"https://coub-anubis-a.akamaized.net/coub_storage/category/cw_image/f8ede745da4/2e6c3a22d04db1a6a25e3/big_1544759035_cartoons2.png","small_image_url":"https://coub-anubis-a.akamaized.net/coub_storage/category/cw_image/f8ede745da4/2e6c3a22d04db1a6a25e3/small_1544759035_cartoons2.png","med_image_url":"https://coub-anubis-a.akamaized.net/coub_storage/category/cw_image/f8ede745da4/2e6c3a22d04db1a6a25e3/med_1544759035_cartoons2.png","visible":true}],"communities":[{"id":14,"title":"Cartoons","permalink":"cartoons","subscriptions_count":10092974,"big_image_url":"https://coub-anubis-a.akamaized.net/coub_storage/category/cw_image/f8ede745da4/2e6c3a22d04db1a6a25e3/big_1544759035_cartoons2.png","small_image_url":"https://coub-anubis-a.akamaized.net/coub_storage/category/cw_image/f8ede745da4/2e6c3a22d04db1a6a25e3/small_1544759035_cartoons2.png","med_image_url":"https://coub-anubis-a.akamaized.net/coub_storage/category/cw_image/f8ede745da4/2e6c3a22d04db1a6a25e3/med_1544759035_cartoons2.png","i_subscribed":true,"community_notifications_enabled":null,"description":null}],"recoubs_count":156,"remixes_count":0,"likes_count":1117,"dislikes_count":0,"raw_video_id":16819529,"uploaded_by_ios_app":false,"uploaded_by_android_app":false,"media_blocks":{"uploaded_raw_videos":[],"external_raw_videos":[{"id":39791423,"title":"Голос МАРДЖ, БАРТА И ЛИЗЫ СИМПСОН - Ирина Савина| ОДНА ЗА ВСЕХ...","url":"https://www.youtube.com/watch?v=Olz7qb_HZb8","image":"https://coub-anubis-a.akamaized.net/coub_storage/media_block/cw_image/2e0ed961cb1/fb59cbd5da3d6055ea1a8/video_1633374081_1lk66mg_1633373871_1633373862_1llb9lf_att-url-download.webp","image_retina":"https://coub-anubis-a.akamaized.net/coub_storage/media_block/cw_image/2e0ed961cb1/fb59cbd5da3d6055ea1a8/video_retina_1633374081_1lk66mg_1633373871_1633373862_1llb9lf_att-url-download.webp","meta":{"service":"Youtube","duration":"986.92"},"duration":986.92,"raw_video_id":16819529,"has_embed":true}],"remixed_from_coubs":[],"external_video":{"id":39791423,"title":"Голос МАРДЖ, БАРТА И ЛИЗЫ СИМПСОН - Ирина Савина| ОДНА ЗА ВСЕХ...","url":"https://www.youtube.com/watch?v=Olz7qb_HZb8","image":"https://coub-anubis-a.akamaized.net/coub_storage/media_block/cw_image/2e0ed961cb1/fb59cbd5da3d6055ea1a8/video_1633374081_1lk66mg_1633373871_1633373862_1llb9lf_att-url-download.webp","image_retina":"https://coub-anubis-a.akamaized.net/coub_storage/media_block/cw_image/2e0ed961cb1/fb59cbd5da3d6055ea1a8/video_retina_1633374081_1lk66mg_1633373871_1633373862_1llb9lf_att-url-download.webp","meta":{"service":"Youtube","duration":"986.92"},"duration":986.92,"raw_video_id":16819529,"has_embed":true}},"raw_video_thumbnail_url":"https://coub-anubis-a.akamaized.net/coub_storage/raw_video/cw_image/cc4a9d3d9c7/802c22a3d48cefc6a9a42/coub_media_1633373871_1633373862_1llb9lf_att-url-download.webp","raw_video_title":"Голос МАРДЖ, БАРТА И ЛИЗЫ СИМПСОН - Ирина Савина| ОДНА ЗА ВСЕХ...","video_block_banned":false,"duration":9.56,"promo_winner":false,"promo_winner_recoubers":null,"editorial_info":{},"promo_hint":null,"beeline_best_2014":null,"from_web_editor":true,"normalize_sound":true,"normalize_change_allowed":true,"best2015_addable":false,"ahmad_promo":null,"promo_data":null,"audio_copyright_claim":null,"ads_disabled":false,"is_safe_for_ads":true,"megafon_contents":[],"position_on_page":2},{"flag":null,"abuses":null,"recoubs_by_users_channels":null,"favourite":false,"promoted_id":null,"recoub":null,"like":null,"dislike":null,"reaction":null,"in_my_best2015":false,"id":145371372,"type":"Coub::Simple","permalink":"2e7bz0","title":"Erida😍🔥","visibility_type":"public","original_visibility_type":"public","channel_id":7818943,"created_at":"2020-05-20T11:58:09Z","updated_at":"2022-03-16T06:00:57Z","is_done":true,"views_count":79019,"cotd":null,"cotd_at":null,"visible_on_explore_root":false,"visible_on_explore":false,"featured":false,"published":true,"published_at":"2020-05-20T11:58:09Z","reversed":false,"from_editor_v2":true,"is_editable":true,"original_sound":true,"has_sound":true,"recoub_to":null,"file_versions":{"html5":{"video":{"higher":{"url":"https://coub-anubis-a.akamaized.net/coub_storage/coub/simple/cw_file/70edfefeb99/7dc1ba6994e00552cf580/muted_mp4_huge_size_1589975898_muted_huge.mp4","size":2192109},"high":{"url":"https://coub-anubis-a.akamaized.net/coub_storage/coub/simple/cw_file/70edfefeb99/7dc1ba6994e00552cf580/muted_mp4_big_size_1589975898_muted_big.mp4","size":1366484},"med":{"url":"https://coub-anubis-a.akamaized.net/coub_storage/coub/simple/cw_file/70edfefeb99/7dc1ba6994e00552cf580/muted_mp4_med_size_1589975898_muted_med.mp4","size":447998}},"audio":{"high":{"url":"https://coub-anubis-a.akamaized.net/coub_storage/coub/simple/cw_looped_audio_high/4af2570d4f9/f1ed7b94d5d81d98e1628/1605690965_high_1589975898_high.mp3","size":1355379},"med":{"url":"https://coub-anubis-a.akamaized.net/coub_storage/coub/simple/cw_looped_audio_med/f613836b4f4/404e2e507fe620e40e7e9/1605690965_med_1589975898_med.mp3","size":953679},"sample_duration":9.961}},"mobile":{"video":"https://coub-anubis-a.akamaized.net/coub_storage/coub/simple/cw_file/70edfefeb99/7dc1ba6994e00552cf580/muted_mp4_med_size_1589975898_muted_med.mp4","audio":["https://coub-anubis-a.akamaized.net/coub_storage/coub/simple/cw_looped_audio_med/f613836b4f4/404e2e507fe620e40e7e9/1605690965_med_1589975898_med.mp3"]},"share":{"default":"https://coub-anubis-a.akamaized.net/coub_storage/coub/simple/cw_video_for_sharing/ecb86b1db99/1098f1b567a1d175db581/1632317511_looped_1632317510.mp4"}},"audio_versions":{},"image_versions":{"template":"https://coub-anubis-a.akamaized.net/coub_storage/coub/simple/cw_image/ba5cd917fd4/fb9e5859f1819ee093137/1589975909_00032.jpg","versions":["micro","tiny","age_restricted","ios_large","ios_mosaic","big","med","small","pinterest"]},"first_frame_versions":{"template":"https://coub-anubis-a.akamaized.net/coub_storage/coub/simple/cw_timeline_pic/45b3834ca56/a34ed07318c917777728d/1589975909_image.jpg","versions":["big","med","small","ios_large"]},"dimensions":{"big":[960,960],"med":[480,480]},"site_w_h":[400,400],"page_w_h":[400,400],"site_w_h_small":[310,310],"size":[960,960],"age_restricted":false,"age_restricted_by_admin":false,"not_safe_for_work":null,"allow_reuse":false,"dont_crop":false,"banned":false,"global_safe":null,"audio_file_url":null,"external_download":false,"application":null,"channel":{"id":7818943,"permalink":"vitalina-lanina","title":"Azula🔥🔥","description":null,"followers_count":9,"following_count":14,"avatar_versions":{"template":"https://coub-anubis-a.akamaized.net/coub_storage/channel/cw_avatar/23d29869ffa/dc9b3c4af848c0ff64f54/%{version}_1607877142_1xfsrsm_1588919589_cropped.jpeg","versions":["medium","medium_2x","profile_pic","profile_pic_new","profile_pic_new_2x","tiny","tiny_2x","small","small_2x","ios_large","ios_small"]}},"file":null,"picture":"https://coub-anubis-a.akamaized.net/coub_storage/coub/simple/cw_image/ba5cd917fd4/fb9e5859f1819ee093137/1589975909_00032.jpg","timeline_picture":"https://coub-anubis-a.akamaized.net/coub_storage/coub/simple/cw_timeline_pic/45b3834ca56/a34ed07318c917777728d/1589975909_image.jpg","small_picture":"https://coub-anubis-a.akamaized.net/coub_storage/coub/simple/cw_image/ba5cd917fd4/fb9e5859f1819ee093137/1589975909_00032.jpg","sharing_picture":null,"percent_done":100,"tags":[],"categories":[{"id":14,"title":"Cartoons","permalink":"cartoons","subscriptions_count":10092974,"big_image_url":"https://coub-anubis-a.akamaized.net/coub_storage/category/cw_image/f8ede745da4/2e6c3a22d04db1a6a25e3/big_1544759035_cartoons2.png","small_image_url":"https://coub-anubis-a.akamaized.net/coub_storage/category/cw_image/f8ede745da4/2e6c3a22d04db1a6a25e3/small_1544759035_cartoons2.png","med_image_url":"https://coub-anubis-a.akamaized.net/coub_storage/category/cw_image/f8ede745da4/2e6c3a22d04db1a6a25e3/med_1544759035_cartoons2.png","visible":true}],"communities":[{"id":14,"title":"Cartoons","permalink":"cartoons","subscriptions_count":10092974,"big_image_url":"https://coub-anubis-a.akamaized.net/coub_storage/category/cw_image/f8ede745da4/2e6c3a22d04db1a6a25e3/big_1544759035_cartoons2.png","small_image_url":"https://coub-anubis-a.akamaized.net/coub_storage/category/cw_image/f8ede745da4/2e6c3a22d04db1a6a25e3/small_1544759035_cartoons2.png","med_image_url":"https://coub-anubis-a.akamaized.net/coub_storage/category/cw_image/f8ede745da4/2e6c3a22d04db1a6a25e3/med_1544759035_cartoons2.png","i_subscribed":true,"community_notifications_enabled":null,"description":null}],"recoubs_count":179,"remixes_count":0,"likes_count":1117,"dislikes_count":0,"raw_video_id":15246334,"uploaded_by_ios_app":false,"uploaded_by_android_app":true,"media_blocks":{"uploaded_raw_videos":[],"external_raw_videos":[],"remixed_from_coubs":[]},"raw_video_thumbnail_url":"/missing/missing.png","raw_video_title":null,"video_block_banned":false,"duration":9.96,"promo_winner":false,"promo_winner_recoubers":null,"editorial_info":{},"promo_hint":null,"beeline_best_2014":null,"from_web_editor":false,"normalize_sound":true,"normalize_change_allowed":true,"best2015_addable":false,"ahmad_promo":null,"promo_data":null,"audio_copyright_claim":null,"ads_disabled":null,"is_safe_for_ads":true,"megafon_contents":[],"position_on_page":3},{"flag":null,"abuses":null,"recoubs_by_users_channels":null,"favourite":false,"promoted_id":null,"recoub":null,"like":null,"dislike":null,"reaction":null,"in_my_best2015":false,"id":125995526,"type":"Coub::Simple","permalink":"22mjc8","title":"Dr Jack Sparrow","visibility_type":"public","original_visibility_type":"public","channel_id":1171091,"created_at":"2019-10-10T17:11:32Z","updated_at":"2022-03-16T13:25:17Z","is_done":true,"views_count":105663,"cotd":null,"cotd_at":null,"visible_on_explore_root":false,"visible_on_explore":false,"featured":false,"published":true,"published_at":"2019-10-10T17:11:32Z","reversed":false,"from_editor_v2":true,"is_editable":true,"original_sound":false,"has_sound":false,"recoub_to":null,"file_versions":{"html5":{"video":{"higher":{"url":"https://coub-anubis-a.akamaized.net/coub_storage/coub/simple/cw_file/f02ff24d7a1/dfec2cf9976ab4b508430/muted_mp4_huge_size_1570727513_muted_huge.mp4","size":1746982},"high":{"url":"https://coub-anubis-a.akamaized.net/coub_storage/coub/simple/cw_file/f02ff24d7a1/dfec2cf9976ab4b508430/muted_mp4_big_size_1570727513_muted_big.mp4","size":1169995},"med":{"url":"https://coub-anubis-a.akamaized.net/coub_storage/coub/simple/cw_file/f02ff24d7a1/dfec2cf9976ab4b508430/muted_mp4_med_size_1570727513_muted_med.mp4","size":361088}},"audio":{"high":{"url":"https://coub-anubis-a.akamaized.net/coub_storage/coub/simple/cw_looped_audio_high/7fa76ce5ec2/eb2a2f86bd3b7aefb2fa1/1605693175_high_1570727516_high.mp3","size":1021129},"med":{"url":"https://coub-anubis-a.akamaized.net/coub_storage/coub/simple/cw_looped_audio_med/1ce4f700937/f970a1e283388d4c8eb01/1605693174_med_1570727516_med.mp3","size":872781}}},"mobile":{"video":"https://coub-anubis-a.akamaized.net/coub_storage/coub/simple/cw_file/f02ff24d7a1/dfec2cf9976ab4b508430/muted_mp4_med_size_1570727513_muted_med.mp4","audio":["https://coub-anubis-a.akamaized.net/coub_storage/coub/simple/cw_looped_audio_med/1ce4f700937/f970a1e283388d4c8eb01/1605693174_med_1570727516_med.mp3"]},"share":{"default":"https://coub-anubis-a.akamaized.net/coub_storage/coub/simple/cw_video_for_sharing/8cfdfe7d84f/096f7d0f9b1396c3d10d6/1632076298_looped_1632076297.mp4"}},"audio_versions":{"template":"https://coub-anubis-a.akamaized.net/coub_storage/audio_track/cw_normalized_copy/a246f4a8ba4/724bc9edf6ee9399968b3/mid_1570727514_normalized_1570727513_1oxcxfr_edited.mp3","versions":["mid","low"]},"image_versions":{"template":"https://coub-anubis-a.akamaized.net/coub_storage/coub/simple/cw_image/0e967bbc277/db3b7ffebcd39dea2e823/1570727522_00018.jpg","versions":["micro","tiny","age_restricted","ios_large","ios_mosaic","big","med","small","pinterest"]},"first_frame_versions":{"template":"https://coub-anubis-a.akamaized.net/coub_storage/coub/simple/cw_timeline_pic/731d7a55dc6/95581346d3de279483612/%{version}_1570727522_image.jpg","versions":["big","med","small","ios_large"]},"dimensions":{"big":[1280,960],"med":[640,480]},"site_w_h":[640,480],"page_w_h":[640,480],"site_w_h_small":[310,233],"size":[1280,960],"age_restricted":false,"age_restricted_by_admin":false,"not_safe_for_work":false,"allow_reuse":false,"dont_crop":false,"banned":false,"global_safe":true,"audio_file_url":"https://coub-anubis-a.akamaized.net/coub_storage/audio_track/cw_normalized_copy/a246f4a8ba4/724bc9edf6ee9399968b3/low_1570727514_normalized_1570727513_1oxcxfr_edited.mp3","external_download":{"type":"Youtube","service_name":"YouTube","url":"https://youtu.be/VIHFmoswey4","has_embed":true},"application":null,"channel":{"id":1171091,"permalink":"yura.champ","title":"Yura Champ","description":null,"followers_count":101,"following_count":14,"avatar_versions":{"template":"https://coub-anubis-a.akamaized.net/coub_storage/channel/cw_avatar/bc60b49b8cb/d69fd2e7953e148cb1beb/%{version}_1609104710_1rj3obr_1474559769_154d38v_att-url-download.png","versions":["medium","medium_2x","profile_pic","profile_pic_new","profile_pic_new_2x","tiny","tiny_2x","small","small_2x","ios_large","ios_small"]}},"file":null,"picture":"https://coub-anubis-a.akamaized.net/coub_storage/coub/simple/cw_image/0e967bbc277/db3b7ffebcd39dea2e823/1570727522_00018.jpg","timeline_picture":"https://coub-anubis-a.akamaized.net/coub_storage/coub/simple/cw_timeline_pic/731d7a55dc6/95581346d3de279483612/ios_large_1570727522_image.jpg","small_picture":"https://coub-anubis-a.akamaized.net/coub_storage/coub/simple/cw_image/0e967bbc277/db3b7ffebcd39dea2e823/1570727522_00018.jpg","sharing_picture":null,"percent_done":100,"tags":[{"id":17681,"title":"доктор","value":"%D0%B4%D0%BE%D0%BA%D1%82%D0%BE%D1%80"},{"id":210615,"title":"айболит","value":"%D0%B0%D0%B9%D0%B1%D0%BE%D0%BB%D0%B8%D1%82"},{"id":2058,"title":"мультфильм","value":"%D0%BC%D1%83%D0%BB%D1%8C%D1%82%D1%84%D0%B8%D0%BB%D1%8C%D0%BC"},{"id":16889,"title":"1985","value":"1985"},{"id":355916,"title":"г.","value":"%D0%B3."}],"categories":[{"id":14,"title":"Cartoons","permalink":"cartoons","subscriptions_count":10092974,"big_image_url":"https://coub-anubis-a.akamaized.net/coub_storage/category/cw_image/f8ede745da4/2e6c3a22d04db1a6a25e3/big_1544759035_cartoons2.png","small_image_url":"https://coub-anubis-a.akamaized.net/coub_storage/category/cw_image/f8ede745da4/2e6c3a22d04db1a6a25e3/small_1544759035_cartoons2.png","med_image_url":"https://coub-anubis-a.akamaized.net/coub_storage/category/cw_image/f8ede745da4/2e6c3a22d04db1a6a25e3/med_1544759035_cartoons2.png","visible":true}],"communities":[{"id":14,"title":"Cartoons","permalink":"cartoons","subscriptions_count":10092974,"big_image_url":"https://coub-anubis-a.akamaized.net/coub_storage/category/cw_image/f8ede745da4/2e6c3a22d04db1a6a25e3/big_1544759035_cartoons2.png","small_image_url":"https://coub-anubis-a.akamaized.net/coub_storage/category/cw_image/f8ede745da4/2e6c3a22d04db1a6a25e3/small_1544759035_cartoons2.png","med_image_url":"https://coub-anubis-a.akamaized.net/coub_storage/category/cw_image/f8ede745da4/2e6c3a22d04db1a6a25e3/med_1544759035_cartoons2.png","i_subscribed":true,"community_notifications_enabled":null,"description":null}],"recoubs_count":222,"remixes_count":8,"likes_count":1117,"dislikes_count":0,"raw_video_id":14330869,"uploaded_by_ios_app":false,"uploaded_by_android_app":false,"media_blocks":{"uploaded_raw_videos":[],"external_raw_videos":[{"id":33513058,"title":"Доктор Айболит мультфильм 1985 г. 1/7","url":"https://www.youtube.com/watch?v=VIHFmoswey4","image":"https://coub-anubis-a.akamaized.net/coub_storage/media_block/cw_image/f3bee12b371/8aef706b0434b3a123276/1570727195_ln1ia5_1570727101_1p5ezq7_att-url-download.jpg","image_retina":"https://coub-anubis-a.akamaized.net/coub_storage/media_block/cw_image/f3bee12b371/8aef706b0434b3a123276/1570727195_ln1ia5_1570727101_1p5ezq7_att-url-download.jpg","meta":{"service":"Youtube","duration":"580.12"},"duration":580.12,"raw_video_id":14330869,"has_embed":true}],"remixed_from_coubs":[],"external_video":{"id":33513058,"title":"Доктор Айболит мультфильм 1985 г. 1/7","url":"https://www.youtube.com/watch?v=VIHFmoswey4","image":"https://coub-anubis-a.akamaized.net/coub_storage/media_block/cw_image/f3bee12b371/8aef706b0434b3a123276/1570727195_ln1ia5_1570727101_1p5ezq7_att-url-download.jpg","image_retina":"https://coub-anubis-a.akamaized.net/coub_storage/media_block/cw_image/f3bee12b371/8aef706b0434b3a123276/1570727195_ln1ia5_1570727101_1p5ezq7_att-url-download.jpg","meta":{"service":"Youtube","duration":"580.12"},"duration":580.12,"raw_video_id":14330869,"has_embed":true}},"raw_video_thumbnail_url":"/missing/missing.png","raw_video_title":"Доктор Айболит мультфильм 1985 г. 1/7","video_block_banned":false,"duration":5.44,"promo_winner":false,"promo_winner_recoubers":null,"editorial_info":{},"promo_hint":null,"beeline_best_2014":null,"from_web_editor":true,"normalize_sound":true,"normalize_change_allowed":true,"best2015_addable":false,"ahmad_promo":null,"promo_data":null,"audio_copyright_claim":null,"ads_disabled":false,"is_safe_for_ads":true,"megafon_contents":[],"position_on_page":4},{"flag":null,"abuses":null,"recoubs_by_users_channels":null,"favourite":false,"promoted_id":null,"recoub":null,"like":null,"dislike":null,"reaction":null,"in_my_best2015":false,"id":86278096,"type":"Coub::Simple","permalink":"1eyls3","title":"Розовый говорящий ножичек","visibility_type":"public","original_visibility_type":"public","channel_id":2901264,"created_at":"2018-09-25T09:15:14Z","updated_at":"2022-02-09T13:44:31Z","is_done":true,"views_count":63731,"cotd":null,"cotd_at":null,"visible_on_explore_root":false,"visible_on_explore":false,"featured":false,"published":true,"published_at":"2018-09-25T09:15:14Z","reversed":false,"from_editor_v2":true,"is_editable":true,"original_sound":true,"has_sound":true,"recoub_to":null,"file_versions":{"html5":{"video":{"higher":{"url":"https://coub-anubis-a.akamaized.net/coub_storage/coub/simple/cw_file/03c457235f3/8a925ce0cbe9ef1bbcf65/muted_mp4_huge_size_1575720689_muted_huge.mp4","size":995715},"high":{"url":"https://coub-anubis-a.akamaized.net/coub_storage/coub/simple/cw_file/03c457235f3/8a925ce0cbe9ef1bbcf65/muted_mp4_big_size_1575720689_muted_big.mp4","size":777717},"med":{"url":"https://coub-anubis-a.akamaized.net/coub_storage/coub/simple/cw_file/03c457235f3/8a925ce0cbe9ef1bbcf65/muted_mp4_med_size_1575720689_muted_med.mp4","size":297625}},"audio":{"high":{"url":"https://coub-anubis-a.akamaized.net/coub_storage/coub/simple/cw_looped_audio_high/9ede5078798/ce50a4183af0846515365/1605606098_high_1537866927_high.mp3","size":848130},"med":{"url":"https://coub-anubis-a.akamaized.net/coub_storage/coub/simple/cw_looped_audio_med/45ceda7d288/5e0e7319201a16c3b9b92/1605606097_med_1537866927_med.mp3","size":801894},"sample_duration":10.077}},"mobile":{"video":"https://coub-anubis-a.akamaized.net/coub_storage/coub/simple/cw_file/03c457235f3/8a925ce0cbe9ef1bbcf65/muted_mp4_med_size_1575720689_muted_med.mp4","audio":["https://coub-anubis-a.akamaized.net/coub_storage/coub/simple/cw_looped_audio_med/45ceda7d288/5e0e7319201a16c3b9b92/1605606097_med_1537866927_med.mp3"]},"share":{"default":"https://coub-anubis-a.akamaized.net/coub_storage/coub/simple/cw_video_for_sharing/75095dfd6d2/27405b49bd10ab05dc71a/1613903699_looped_1613903698.mp4"}},"audio_versions":{},"image_versions":{"template":"https://coub-anubis-a.akamaized.net/coub_storage/coub/simple/cw_image/d603e9e2106/a86c808b1a82817d7f8e4/1537866933_00032.jpg","versions":["micro","tiny","age_restricted","ios_large","ios_mosaic","big","med","small","pinterest"]},"first_frame_versions":{"template":"https://coub-anubis-a.akamaized.net/coub_storage/coub/simple/cw_timeline_pic/cf87d58108d/9a3960a15062653aaea57/%{version}_1537866932_image.jpg","versions":["big","med","small","ios_large"]},"dimensions":{"big":[1280,720],"med":[640,360]},"site_w_h":[640,360],"page_w_h":[640,360],"site_w_h_small":[310,174],"size":[1280,720],"age_restricted":false,"age_restricted_by_admin":false,"not_safe_for_work":false,"allow_reuse":false,"dont_crop":false,"banned":false,"global_safe":false,"audio_file_url":null,"external_download":false,"application":null,"channel":{"id":2901264,"permalink":"svistunon","title":"Peterman","description":"nonstop","followers_count":52,"following_count":3,"avatar_versions":{"template":"https://coub-anubis-a.akamaized.net/coub_storage/channel/cw_avatar/bcd8c737c71/0f458c9e998c45d0685ba/%{version}_1608074256_14qfrv3_1486053646_wmplayer_2017-01-24_19-05-00-70.jpg","versions":["medium","medium_2x","profile_pic","profile_pic_new","profile_pic_new_2x","tiny","tiny_2x","small","small_2x","ios_large","ios_small"]}},"file":null,"picture":"https://coub-anubis-a.akamaized.net/coub_storage/coub/simple/cw_image/d603e9e2106/a86c808b1a82817d7f8e4/1537866933_00032.jpg","timeline_picture":"https://coub-anubis-a.akamaized.net/coub_storage/coub/simple/cw_timeline_pic/cf87d58108d/9a3960a15062653aaea57/ios_large_1537866932_image.jpg","small_picture":"https://coub-anubis-a.akamaized.net/coub_storage/coub/simple/cw_image/d603e9e2106/a86c808b1a82817d7f8e4/1537866933_00032.jpg","sharing_picture":null,"percent_done":100,"tags":[{"id":3151141,"title":"рик и морти 3 сезон","value":"%D1%80%D0%B8%D0%BA%20%D0%B8%20%D0%BC%D0%BE%D1%80%D1%82%D0%B8%203%20%D1%81%D0%B5%D0%B7%D0%BE%D0%BD"},{"id":24982,"title":"смешные моменты","value":"%D1%81%D0%BC%D0%B5%D1%88%D0%BD%D1%8B%D0%B5%20%D0%BC%D0%BE%D0%BC%D0%B5%D0%BD%D1%82%D1%8B"},{"id":44202,"title":"мультсериал","value":"%D0%BC%D1%83%D0%BB%D1%8C%D1%82%D1%81%D0%B5%D1%80%D0%B8%D0%B0%D0%BB"}],"categories":[{"id":14,"title":"Cartoons","permalink":"cartoons","subscriptions_count":10092974,"big_image_url":"https://coub-anubis-a.akamaized.net/coub_storage/category/cw_image/f8ede745da4/2e6c3a22d04db1a6a25e3/big_1544759035_cartoons2.png","small_image_url":"https://coub-anubis-a.akamaized.net/coub_storage/category/cw_image/f8ede745da4/2e6c3a22d04db1a6a25e3/small_1544759035_cartoons2.png","med_image_url":"https://coub-anubis-a.akamaized.net/coub_storage/category/cw_image/f8ede745da4/2e6c3a22d04db1a6a25e3/med_1544759035_cartoons2.png","visible":true}],"communities":[{"id":14,"title":"Cartoons","permalink":"cartoons","subscriptions_count":10092974,"big_image_url":"https://coub-anubis-a.akamaized.net/coub_storage/category/cw_image/f8ede745da4/2e6c3a22d04db1a6a25e3/big_1544759035_cartoons2.png","small_image_url":"https://coub-anubis-a.akamaized.net/coub_storage/category/cw_image/f8ede745da4/2e6c3a22d04db1a6a25e3/small_1544759035_cartoons2.png","med_image_url":"https://coub-anubis-a.akamaized.net/coub_storage/category/cw_image/f8ede745da4/2e6c3a22d04db1a6a25e3/med_1544759035_cartoons2.png","i_subscribed":true,"community_notifications_enabled":null,"description":null}],"recoubs_count":231,"remixes_count":0,"likes_count":1117,"dislikes_count":0,"raw_video_id":12424195,"uploaded_by_ios_app":false,"uploaded_by_android_app":false,"media_blocks":{"uploaded_raw_videos":[],"external_raw_videos":[],"remixed_from_coubs":[]},"raw_video_thumbnail_url":"/missing/missing.png","raw_video_title":"_________________________.mp4","video_block_banned":false,"duration":10.0,"promo_winner":false,"promo_winner_recoubers":null,"editorial_info":{},"promo_hint":null,"beeline_best_2014":null,"from_web_editor":true,"normalize_sound":true,"normalize_change_allowed":true,"best2015_addable":false,"ahmad_promo":null,"promo_data":null,"audio_copyright_claim":null,"ads_disabled":false,"is_safe_for_ads":true,"megafon_contents":[],"position_on_page":5},{"flag":null,"abuses":null,"recoubs_by_users_channels":null,"favourite":false,"promoted_id":null,"recoub":null,"like":null,"dislike":null,"reaction":null,"in_my_best2015":false,"id":158697258,"type":"Coub::Simple","permalink":"2m4ydv","title":"He","visibility_type":"public","original_visibility_type":"public","channel_id":4285347,"created_at":"2020-11-27T14:27:33Z","updated_at":"2022-03-07T18:55:14Z","is_done":true,"views_count":96178,"cotd":null,"cotd_at":null,"visible_on_explore_root":false,"visible_on_explore":false,"featured":false,"published":true,"published_at":"2020-11-27T14:27:33Z","reversed":false,"from_editor_v2":true,"is_editable":true,"original_sound":false,"has_sound":false,"recoub_to":null,"file_versions":{"html5":{"video":{"higher":{"url":"https://coub-anubis-a.akamaized.net/coub_storage/coub/simple/cw_file/b93a19b0ab2/fbb2032d6df4480b15c07/muted_mp4_huge_size_1606487268_muted_huge.mp4","size":930351},"high":{"url":"https://coub-anubis-a.akamaized.net/coub_storage/coub/simple/cw_file/b93a19b0ab2/fbb2032d6df4480b15c07/muted_mp4_big_size_1606487268_muted_big.mp4","size":668967},"med":{"url":"https://coub-anubis-a.akamaized.net/coub_storage/coub/simple/cw_file/b93a19b0ab2/fbb2032d6df4480b15c07/muted_mp4_med_size_1606487268_muted_med.mp4","size":254184}},"audio":{"high":{"url":"https://coub-anubis-a.akamaized.net/coub_storage/coub/simple/cw_looped_audio_high/bcbee5628cd/b326e1fdc16d935c91b4a/1606487316_mp3-high.mp3","size":4348739},"med":{"url":"https://coub-anubis-a.akamaized.net/coub_storage/coub/simple/cw_looped_audio_med/1748bedd9f3/d832757bb917efa0eb7cf/1606487312_mp3-med.mp3","size":3164768}}},"mobile":{"video":"https://coub-anubis-a.akamaized.net/coub_storage/coub/simple/cw_file/b93a19b0ab2/fbb2032d6df4480b15c07/muted_mp4_med_size_1606487268_muted_med.mp4","audio":["https://coub-anubis-a.akamaized.net/coub_storage/coub/simple/cw_looped_audio_med/1748bedd9f3/d832757bb917efa0eb7cf/1606487312_mp3-med.mp3"]},"share":{"default":"https://coub-anubis-a.akamaized.net/coub_storage/coub/simple/cw_video_for_sharing/6d8446ab893/aba8d137a15ee6c262848/1606487347_looped_1606487347.mp4"}},"audio_versions":{"template":"https://coub-anubis-a.akamaized.net/coub_storage/audio_track/cw_normalized_copy/2abe08e8dee/ee3b19c795d681555013d/mid_1606487296_normalized_1606487273_wwdrsz_edited.mp3","versions":["mid","low"]},"image_versions":{"template":"https://coub-anubis-a.akamaized.net/coub_storage/coub/simple/cw_image/298967aa5cd/087c24ee66bc872a3aa42/%{version}_1606487321_00032.jpg","versions":["micro","tiny","age_restricted","ios_large","ios_mosaic","big","med","small","pinterest"]},"first_frame_versions":{"template":"https://coub-anubis-a.akamaized.net/coub_storage/coub/simple/cw_timeline_pic/d0c976c3c84/6732bd8134860d0a707b6/%{version}_1606487320_image.jpg","versions":["big","med","small","ios_large"]},"dimensions":{"big":[1280,720],"med":[640,360]},"site_w_h":[640,360],"page_w_h":[640,360],"site_w_h_small":[310,174],"size":[1280,720],"age_restricted":false,"age_restricted_by_admin":false,"not_safe_for_work":false,"allow_reuse":false,"dont_crop":true,"banned":false,"global_safe":false,"audio_file_url":"https://coub-anubis-a.akamaized.net/coub_storage/audio_track/cw_normalized_copy/2abe08e8dee/ee3b19c795d681555013d/low_1606487296_normalized_1606487273_wwdrsz_edited.mp3","external_download":{"type":"Youtube","service_name":"YouTube","url":"https://www.youtube.com/watch?v=6Hvvl-LVD58","has_embed":true},"application":null,"channel":{"id":4285347,"permalink":"aberon00","title":"ABERON","description":"Enclave","followers_count":72,"following_count":0,"avatar_versions":{"template":"https://coub-anubis-a.akamaized.net/coub_storage/channel/cw_avatar/97f1cbb1eac/cdfd08c429ee553dfea0e/%{version}_1609190136_fklywi_1557082840_3ce852b3929cf987d89f3ca6a0346ef6.jpg","versions":["medium","medium_2x","profile_pic","profile_pic_new","profile_pic_new_2x","tiny","tiny_2x","small","small_2x","ios_large","ios_small"]}},"file":null,"picture":"https://coub-anubis-a.akamaized.net/coub_storage/coub/simple/cw_image/298967aa5cd/087c24ee66bc872a3aa42/med_1606487321_00032.jpg","timeline_picture":"https://coub-anubis-a.akamaized.net/coub_storage/coub/simple/cw_timeline_pic/d0c976c3c84/6732bd8134860d0a707b6/ios_large_1606487320_image.jpg","small_picture":"https://coub-anubis-a.akamaized.net/coub_storage/coub/simple/cw_image/298967aa5cd/087c24ee66bc872a3aa42/ios_mosaic_1606487321_00032.jpg","sharing_picture":null,"percent_done":100,"tags":[{"id":2606403,"title":"randowis","value":"randowis"},{"id":182,"title":"dance","value":"dance"},{"id":424,"title":"animation","value":"animation"}],"categories":[{"id":14,"title":"Cartoons","permalink":"cartoons","subscriptions_count":10092974,"big_image_url":"https://coub-anubis-a.akamaized.net/coub_storage/category/cw_image/f8ede745da4/2e6c3a22d04db1a6a25e3/big_1544759035_cartoons2.png","small_image_url":"https://coub-anubis-a.akamaized.net/coub_storage/category/cw_image/f8ede745da4/2e6c3a22d04db1a6a25e3/small_1544759035_cartoons2.png","med_image_url":"https://coub-anubis-a.akamaized.net/coub_storage/category/cw_image/f8ede745da4/2e6c3a22d04db1a6a25e3/med_1544759035_cartoons2.png","visible":true}],"communities":[{"id":14,"title":"Cartoons","permalink":"cartoons","subscriptions_count":10092974,"big_image_url":"https://coub-anubis-a.akamaized.net/coub_storage/category/cw_image/f8ede745da4/2e6c3a22d04db1a6a25e3/big_1544759035_cartoons2.png","small_image_url":"https://coub-anubis-a.akamaized.net/coub_storage/category/cw_image/f8ede745da4/2e6c3a22d04db1a6a25e3/small_1544759035_cartoons2.png","med_image_url":"https://coub-anubis-a.akamaized.net/coub_storage/category/cw_image/f8ede745da4/2e6c3a22d04db1a6a25e3/med_1544759035_cartoons2.png","i_subscribed":true,"community_notifications_enabled":null,"description":null}],"recoubs_count":225,"remixes_count":0,"likes_count":1116,"dislikes_count":0,"raw_video_id":15907102,"uploaded_by_ios_app":false,"uploaded_by_android_app":false,"media_blocks":{"uploaded_raw_videos":[],"external_raw_videos":[{"id":37532920,"title":"Have Some Fun","url":"https://www.youtube.com/watch?v=6Hvvl-LVD58","image":null,"image_retina":null,"meta":{"service":"Youtube","duration":"49.6"},"duration":49.6,"raw_video_id":15907102,"has_embed":true}],"remixed_from_coubs":[],"external_video":{"id":37532920,"title":"Have Some Fun","url":"https://www.youtube.com/watch?v=6Hvvl-LVD58","image":null,"image_retina":null,"meta":{"service":"Youtube","duration":"49.6"},"duration":49.6,"raw_video_id":15907102,"has_embed":true}},"raw_video_thumbnail_url":"/missing/missing.png","raw_video_title":"Have Some Fun","video_block_banned":false,"duration":10.0,"promo_winner":false,"promo_winner_recoubers":null,"editorial_info":{},"promo_hint":null,"beeline_best_2014":null,"from_web_editor":true,"normalize_sound":true,"normalize_change_allowed":true,"best2015_addable":false,"ahmad_promo":null,"promo_data":null,"audio_copyright_claim":null,"ads_disabled":false,"is_safe_for_ads":true,"megafon_contents":[],"position_on_page":6},{"flag":null,"abuses":null,"recoubs_by_users_channels":null,"favourite":false,"promoted_id":null,"recoub":null,"like":null,"dislike":null,"reaction":null,"in_my_best2015":false,"id":26539408,"type":"Coub::Simple","permalink":"fcopm","title":"Who rules Gothem City?","visibility_type":"public","original_visibility_type":"public","channel_id":1993274,"created_at":"2016-10-07T21:58:40Z","updated_at":"2022-03-08T21:20:52Z","is_done":true,"views_count":68795,"cotd":null,"cotd_at":null,"visible_on_explore_root":false,"visible_on_explore":false,"featured":false,"published":true,"published_at":"2016-10-07T21:58:40Z","reversed":false,"from_editor_v2":true,"is_editable":true,"original_sound":true,"has_sound":true,"recoub_to":null,"file_versions":{"html5":{"video":{"higher":{"url":"https://coub-anubis-a.akamaized.net/coub_storage/coub/simple/cw_file/28b0df31138/9b2525b32bba59b240f86/muted_mp4_huge_size_1567929083_muted_huge.mp4","size":1751127},"high":{"url":"https://coub-anubis-a.akamaized.net/coub_storage/coub/simple/cw_file/28b0df31138/9b2525b32bba59b240f86/muted_mp4_big_size_1567929083_muted_big.mp4","size":1262923},"med":{"url":"https://coub-anubis-a.akamaized.net/coub_storage/coub/simple/cw_file/28b0df31138/9b2525b32bba59b240f86/muted_mp4_med_size_1567929083_muted_med.mp4","size":451839}},"audio":{"high":{"url":"https://coub-anubis-a.akamaized.net/coub_storage/coub/simple/cw_looped_audio_high/0ed9e687e7f/13275492b113bc439c1b6/1605529530_high_1475878008_high.mp3","size":1265947},"med":{"url":"https://coub-anubis-a.akamaized.net/coub_storage/coub/simple/cw_looped_audio_med/359844e7446/1e6696ac2a7cec2c292e2/1605529529_med_1475878008_med.mp3","size":1076077},"sample_duration":10.379}},"mobile":{"video":"https://coub-anubis-a.akamaized.net/coub_storage/coub/simple/cw_file/28b0df31138/9b2525b32bba59b240f86/muted_mp4_med_size_1567929083_muted_med.mp4","audio":["https://coub-anubis-a.akamaized.net/coub_storage/coub/simple/cw_looped_audio_med/359844e7446/1e6696ac2a7cec2c292e2/1605529529_med_1475878008_med.mp3"]},"share":{"default":"https://coub-anubis-a.akamaized.net/coub_storage/coub/simple/cw_video_for_sharing/01de2c3e694/17a296da7da2ff9d72620/1625774859_looped_1625774857.mp4"}},"audio_versions":{},"image_versions":{"template":"https://coub-anubis-a.akamaized.net/coub_storage/coub/simple/cw_image/7982760ff55/403a1b1eacd2f6ca7caf6/1475878018_00032.jpg","versions":["micro","tiny","age_restricted","ios_large","ios_mosaic","big","med","small","pinterest"]},"first_frame_versions":{"template":"https://coub-anubis-a.akamaized.net/coub_storage/coub/simple/cw_timeline_pic/7c2e4a38d18/9f34d0a801eed9b035e83/%{version}_1475878017_image.jpg","versions":["big","med","small","ios_large"]},"dimensions":{"big":[1280,782],"med":[640,390]},"site_w_h":[640,391],"page_w_h":[640,391],"site_w_h_small":[310,189],"size":[1280,782],"age_restricted":false,"age_restricted_by_admin":false,"not_safe_for_work":false,"allow_reuse":false,"dont_crop":false,"banned":false,"global_safe":true,"audio_file_url":null,"external_download":{"type":"Youtube","service_name":"YouTube","url":"http://www.youtube.com/watch?v=YwWbkUgigvI&app=desktop","has_embed":true},"application":null,"channel":{"id":1993274,"permalink":"jesvideos","title":"Jes Paralles","description":"If you like my work, press follow \r\n- this is a great way to say thank you.","followers_count":6066,"following_count":83,"avatar_versions":{"template":"https://coub-anubis-a.akamaized.net/coub_storage/channel/cw_avatar/e4077ac00a8/abf5c78653e167d8f893d/%{version}_1607427103_w2iqxi_1522785454_Screenshot_2.png","versions":["medium","medium_2x","profile_pic","profile_pic_new","profile_pic_new_2x","tiny","tiny_2x","small","small_2x","ios_large","ios_small"]}},"file":null,"picture":"https://coub-anubis-a.akamaized.net/coub_storage/coub/simple/cw_image/7982760ff55/403a1b1eacd2f6ca7caf6/1475878018_00032.jpg","timeline_picture":"https://coub-anubis-a.akamaized.net/coub_storage/coub/simple/cw_timeline_pic/7c2e4a38d18/9f34d0a801eed9b035e83/ios_large_1475878017_image.jpg","small_picture":"https://coub-anubis-a.akamaized.net/coub_storage/coub/simple/cw_image/7982760ff55/403a1b1eacd2f6ca7caf6/1475878018_00032.jpg","sharing_picture":null,"percent_done":100,"tags":[{"id":2077642,"title":"jesvideos","value":"jesvideos"},{"id":601431,"title":"dcuniverse","value":"dcuniverse"},{"id":107740,"title":"i'm batman","value":"i'm%20batman"},{"id":208,"title":"cartoon","value":"cartoon"},{"id":4120,"title":"dc","value":"dc"},{"id":33874,"title":"dc comics","value":"dc%20comics"},{"id":2233,"title":"comics","value":"comics"},{"id":192569,"title":"mashups","value":"mashups"},{"id":2409,"title":"movies","value":"movies"},{"id":1170,"title":"city","value":"city"},{"id":951005,"title":"gothem","value":"gothem"},{"id":5095,"title":"rules","value":"rules"},{"id":15185,"title":"who","value":"who"},{"id":485,"title":"fight","value":"fight"},{"id":33284,"title":"leader","value":"leader"},{"id":474933,"title":"gangleader","value":"gangleader"},{"id":20457,"title":"mutant","value":"mutant"},{"id":13686,"title":"returns","value":"returns"},{"id":11587,"title":"knight","value":"knight"},{"id":146,"title":"dark","value":"dark"},{"id":295,"title":"batman","value":"batman"}],"categories":[{"id":14,"title":"Cartoons","permalink":"cartoons","subscriptions_count":10092974,"big_image_url":"https://coub-anubis-a.akamaized.net/coub_storage/category/cw_image/f8ede745da4/2e6c3a22d04db1a6a25e3/big_1544759035_cartoons2.png","small_image_url":"https://coub-anubis-a.akamaized.net/coub_storage/category/cw_image/f8ede745da4/2e6c3a22d04db1a6a25e3/small_1544759035_cartoons2.png","med_image_url":"https://coub-anubis-a.akamaized.net/coub_storage/category/cw_image/f8ede745da4/2e6c3a22d04db1a6a25e3/med_1544759035_cartoons2.png","visible":true}],"communities":[{"id":14,"title":"Cartoons","permalink":"cartoons","subscriptions_count":10092974,"big_image_url":"https://coub-anubis-a.akamaized.net/coub_storage/category/cw_image/f8ede745da4/2e6c3a22d04db1a6a25e3/big_1544759035_cartoons2.png","small_image_url":"https://coub-anubis-a.akamaized.net/coub_storage/category/cw_image/f8ede745da4/2e6c3a22d04db1a6a25e3/small_1544759035_cartoons2.png","med_image_url":"https://coub-anubis-a.akamaized.net/coub_storage/category/cw_image/f8ede745da4/2e6c3a22d04db1a6a25e3/med_1544759035_cartoons2.png","i_subscribed":true,"community_notifications_enabled":null,"description":null}],"recoubs_count":178,"remixes_count":1,"likes_count":1116,"dislikes_count":0,"raw_video_id":3715925,"uploaded_by_ios_app":false,"uploaded_by_android_app":false,"media_blocks":{"uploaded_raw_videos":[],"external_raw_videos":[{"id":18466144,"title":"Batman, the Dark Knight Returns - Mutant Leader Fight","url":"http://www.youtube.com/watch?v=YwWbkUgigvI","image":"https://coub-anubis-a.akamaized.net/coub_storage/media_block/cw_image/742913d0294/29ef3924c2f3bdff0d220/1492675909_1475875999_o3dwms_att-url-download.jpg","image_retina":"https://coub-anubis-a.akamaized.net/coub_storage/media_block/cw_image/742913d0294/29ef3924c2f3bdff0d220/1492675909_1475875999_o3dwms_att-url-download.jpg","meta":{"service":"Youtube","duration":"244.833"},"duration":244.833,"raw_video_id":3715925,"has_embed":true}],"remixed_from_coubs":[],"external_video":{"id":18466144,"title":"Batman, the Dark Knight Returns - Mutant Leader Fight","url":"http://www.youtube.com/watch?v=YwWbkUgigvI","image":"https://coub-anubis-a.akamaized.net/coub_storage/media_block/cw_image/742913d0294/29ef3924c2f3bdff0d220/1492675909_1475875999_o3dwms_att-url-download.jpg","image_retina":"https://coub-anubis-a.akamaized.net/coub_storage/media_block/cw_image/742913d0294/29ef3924c2f3bdff0d220/1492675909_1475875999_o3dwms_att-url-download.jpg","meta":{"service":"Youtube","duration":"244.833"},"duration":244.833,"raw_video_id":3715925,"has_embed":true}},"raw_video_thumbnail_url":"/missing/missing.png","raw_video_title":"Batman, the Dark Knight Returns - Mutant Leader Fight","video_block_banned":false,"duration":10.12,"promo_winner":false,"promo_winner_recoubers":null,"editorial_info":{},"promo_hint":null,"beeline_best_2014":null,"from_web_editor":true,"normalize_sound":true,"normalize_change_allowed":true,"best2015_addable":false,"ahmad_promo":null,"promo_data":null,"audio_copyright_claim":null,"ads_disabled":null,"is_safe_for_ads":true,"megafon_contents":[],"position_on_page":7},{"flag":null,"abuses":null,"recoubs_by_users_channels":null,"favourite":false,"promoted_id":null,"recoub":null,"like":null,"dislike":null,"reaction":null,"in_my_best2015":false,"id":1691640,"type":"Coub::Simple","permalink":"k3vm","title":"Men in Black","visibility_type":"public","original_visibility_type":"public","channel_id":186801,"created_at":"2014-01-28T19:44:17Z","updated_at":"2022-03-09T17:59:19Z","is_done":true,"views_count":31676,"cotd":null,"cotd_at":null,"visible_on_explore_root":false,"visible_on_explore":false,"featured":false,"published":true,"published_at":"2014-01-28T19:44:17Z","reversed":false,"from_editor_v2":true,"is_editable":true,"original_sound":false,"has_sound":false,"recoub_to":null,"file_versions":{"html5":{"video":{"higher":{"url":"https://coub-anubis-a.akamaized.net/coub_storage/coub/simple/cw_file/3f1405ed94c/e378d0128bd613065db7e/muted_mp4_huge_size_1567692271_muted_huge.mp4","size":2341807},"high":{"url":"https://coub-anubis-a.akamaized.net/coub_storage/coub/simple/cw_file/3f1405ed94c/e378d0128bd613065db7e/muted_mp4_big_size_1567692271_muted_big.mp4","size":1631388},"med":{"url":"https://coub-anubis-a.akamaized.net/coub_storage/coub/simple/cw_file/3f1405ed94c/e378d0128bd613065db7e/muted_mp4_med_size_1567692271_muted_med.mp4","size":625714}},"audio":{"high":{"url":"https://coub-anubis-a.akamaized.net/coub_storage/coub/simple/cw_looped_audio_high/d557159149e/c31d555951d3e48cb134c/1605422495_high_1511218930_high.mp3","size":1350290},"med":{"url":"https://coub-anubis-a.akamaized.net/coub_storage/coub/simple/cw_looped_audio_med/e29722b618e/90aef6ed289b3fe1e49ad/1605422495_med_1511218930_med.mp3","size":946694}}},"mobile":{"video":"https://coub-anubis-a.akamaized.net/coub_storage/coub/simple/cw_file/3f1405ed94c/e378d0128bd613065db7e/muted_mp4_med_size_1567692271_muted_med.mp4","audio":["https://coub-anubis-a.akamaized.net/coub_storage/coub/simple/cw_looped_audio_med/e29722b618e/90aef6ed289b3fe1e49ad/1605422495_med_1511218930_med.mp3"]},"share":{"default":"https://coub-anubis-a.akamaized.net/coub_storage/coub/simple/cw_video_for_sharing/46767417247/12a4d785405750d44ae6b/1613487451_looped_1613487448.mp4"}},"audio_versions":{"template":"https://coub-anubis-a.akamaized.net/coub_storage/audio_track/cw_normalized_copy/0f8e697e24d/c0221caeec3be9d5b3732/mid_1511218926_w0uqfi_normalized_1414373979_1390938152_audio.mp3","versions":["mid","low"]},"image_versions":{"template":"https://coub-anubis-a.akamaized.net/coub_storage/coub/simple/cw_image/7b0a825f33f/a33d602702021567175b5/1511218940_00031.jpg","versions":["micro","tiny","age_restricted","ios_large","ios_mosaic","big","med","small","pinterest"]},"first_frame_versions":{"template":"https://coub-anubis-a.akamaized.net/coub_storage/coub/simple/cw_timeline_pic/199af758ae8/4402fe7dc50e0685fabdc/%{version}_1511218940_image.jpg","versions":["big","med","small","ios_large"]},"dimensions":{"big":[1280,720],"med":[640,360]},"site_w_h":[640,360],"page_w_h":[640,360],"site_w_h_small":[310,174],"size":[1280,720],"age_restricted":false,"age_restricted_by_admin":false,"not_safe_for_work":null,"allow_reuse":false,"dont_crop":false,"banned":false,"global_safe":true,"audio_file_url":"https://coub-anubis-a.akamaized.net/coub_storage/audio_track/cw_normalized_copy/0f8e697e24d/c0221caeec3be9d5b3732/low_1511218926_w0uqfi_normalized_1414373979_1390938152_audio.mp3","external_download":{"type":"Youtube","service_name":"YouTube","url":"http://www.youtube.com/watch?v=pXHeuRMc6ak","has_embed":true},"application":null,"channel":{"id":186801,"permalink":"--niks--","title":"Niks  ☮","description":"Bad","followers_count":24274,"following_count":1,"avatar_versions":{"template":"https://coub-anubis-a.akamaized.net/coub_storage/channel/cw_avatar/b36b46e6af7/003d17c1d3c2cf1fda97d/%{version}_1571262409_1241a727af9a40dc929e7ff051ffbc36-removebg-preview.png","versions":["medium","medium_2x","profile_pic","profile_pic_new","profile_pic_new_2x","tiny","tiny_2x","small","small_2x","ios_large","ios_small"]}},"file":null,"picture":"https://coub-anubis-a.akamaized.net/coub_storage/coub/simple/cw_image/7b0a825f33f/a33d602702021567175b5/1511218940_00031.jpg","timeline_picture":"https://coub-anubis-a.akamaized.net/coub_storage/coub/simple/cw_timeline_pic/199af758ae8/4402fe7dc50e0685fabdc/ios_large_1511218940_image.jpg","small_picture":"https://coub-anubis-a.akamaized.net/coub_storage/coub/simple/cw_image/7b0a825f33f/a33d602702021567175b5/1511218940_00031.jpg","sharing_picture":null,"percent_done":100,"tags":[{"id":7353,"title":"men","value":"men"},{"id":5909,"title":"in","value":"in"},{"id":1594,"title":"black","value":"black"},{"id":159,"title":"the","value":"the"},{"id":2691,"title":"series","value":"series"},{"id":208,"title":"cartoon","value":"cartoon"},{"id":3223,"title":"intro","value":"intro"},{"id":9847,"title":"opening","value":"opening"},{"id":13761,"title":"theme","value":"theme"},{"id":19462,"title":"mib series intro","value":"mib%20series%20intro"},{"id":19463,"title":"mib series opening","value":"mib%20series%20opening"},{"id":19464,"title":"mib the series","value":"mib%20the%20series"}],"categories":[{"id":14,"title":"Cartoons","permalink":"cartoons","subscriptions_count":10092974,"big_image_url":"https://coub-anubis-a.akamaized.net/coub_storage/category/cw_image/f8ede745da4/2e6c3a22d04db1a6a25e3/big_1544759035_cartoons2.png","small_image_url":"https://coub-anubis-a.akamaized.net/coub_storage/category/cw_image/f8ede745da4/2e6c3a22d04db1a6a25e3/small_1544759035_cartoons2.png","med_image_url":"https://coub-anubis-a.akamaized.net/coub_storage/category/cw_image/f8ede745da4/2e6c3a22d04db1a6a25e3/med_1544759035_cartoons2.png","visible":true}],"communities":[{"id":14,"title":"Cartoons","permalink":"cartoons","subscriptions_count":10092974,"big_image_url":"https://coub-anubis-a.akamaized.net/coub_storage/category/cw_image/f8ede745da4/2e6c3a22d04db1a6a25e3/big_1544759035_cartoons2.png","small_image_url":"https://coub-anubis-a.akamaized.net/coub_storage/category/cw_image/f8ede745da4/2e6c3a22d04db1a6a25e3/small_1544759035_cartoons2.png","med_image_url":"https://coub-anubis-a.akamaized.net/coub_storage/category/cw_image/f8ede745da4/2e6c3a22d04db1a6a25e3/med_1544759035_cartoons2.png","i_subscribed":true,"community_notifications_enabled":null,"description":null}],"recoubs_count":336,"remixes_count":0,"likes_count":1116,"dislikes_count":0,"raw_video_id":444127,"uploaded_by_ios_app":false,"uploaded_by_android_app":false,"media_blocks":{"uploaded_raw_videos":[],"external_raw_videos":[{"id":11181598,"title":"Men in Black The Series intro","url":"http://www.youtube.com/watch?v=pXHeuRMc6ak","image":"https://coub-anubis-a.akamaized.net/coub_storage/media_block/cw_image/c3cb03797a6/a76ddb34b549fd7f01249/1488415183_1407444250_1395313770_jerodp_att-url-download.jpg","image_retina":"https://coub-anubis-a.akamaized.net/coub_storage/media_block/cw_image/c3cb03797a6/a76ddb34b549fd7f01249/1488415183_1407444250_1395313770_jerodp_att-url-download.jpg","meta":{"service":"Youtube","duration":"64.88"},"duration":64.88,"raw_video_id":444127,"has_embed":true}],"remixed_from_coubs":[],"external_video":{"id":11181598,"title":"Men in Black The Series intro","url":"http://www.youtube.com/watch?v=pXHeuRMc6ak","image":"https://coub-anubis-a.akamaized.net/coub_storage/media_block/cw_image/c3cb03797a6/a76ddb34b549fd7f01249/1488415183_1407444250_1395313770_jerodp_att-url-download.jpg","image_retina":"https://coub-anubis-a.akamaized.net/coub_storage/media_block/cw_image/c3cb03797a6/a76ddb34b549fd7f01249/1488415183_1407444250_1395313770_jerodp_att-url-download.jpg","meta":{"service":"Youtube","duration":"64.88"},"duration":64.88,"raw_video_id":444127,"has_embed":true}},"raw_video_thumbnail_url":"/missing/missing.png","raw_video_title":"Men in Black The Series intro","video_block_banned":false,"duration":9.88,"promo_winner":false,"promo_winner_recoubers":null,"editorial_info":{},"promo_hint":null,"beeline_best_2014":null,"from_web_editor":true,"normalize_sound":true,"normalize_change_allowed":true,"best2015_addable":false,"ahmad_promo":null,"promo_data":null,"audio_copyright_claim":null,"ads_disabled":null,"is_safe_for_ads":true,"megafon_contents":[],"position_on_page":8},{"flag":null,"abuses":null,"recoubs_by_users_channels":null,"favourite":false,"promoted_id":null,"recoub":null,"like":null,"dislike":null,"reaction":null,"in_my_best2015":false,"id":116014971,"type":"Coub::Simple","permalink":"1wnz2s","title":"Family Guy: 9S 14E","visibility_type":"public","original_visibility_type":"public","channel_id":2086592,"created_at":"2019-06-23T22:31:03Z","updated_at":"2021-12-28T17:01:02Z","is_done":true,"views_count":73931,"cotd":null,"cotd_at":null,"visible_on_explore_root":false,"visible_on_explore":false,"featured":false,"published":true,"published_at":"2019-06-23T22:31:03Z","reversed":false,"from_editor_v2":true,"is_editable":true,"original_sound":true,"has_sound":true,"recoub_to":null,"file_versions":{"html5":{"video":{"higher":{"url":"https://coub-anubis-a.akamaized.net/coub_storage/coub/simple/cw_file/481ebbdb9f2/d1c50fbf8091a7cee4060/muted_mp4_huge_size_1571431557_muted_huge.mp4","size":1635468},"high":{"url":"https://coub-anubis-a.akamaized.net/coub_storage/coub/simple/cw_file/481ebbdb9f2/d1c50fbf8091a7cee4060/muted_mp4_big_size_1571431557_muted_big.mp4","size":1227990},"med":{"url":"https://coub-anubis-a.akamaized.net/coub_storage/coub/simple/cw_file/481ebbdb9f2/d1c50fbf8091a7cee4060/muted_mp4_med_size_1571431557_muted_med.mp4","size":556340}},"audio":{"high":{"url":"https://coub-anubis-a.akamaized.net/coub_storage/coub/simple/cw_looped_audio_high/061a59da3fb/0fefdc739c3690cca8593/1605653554_high_1561329068_high.mp3","size":1060614},"med":{"url":"https://coub-anubis-a.akamaized.net/coub_storage/coub/simple/cw_looped_audio_med/e834445a0de/b432dadb4e61d23ed91b3/1605653553_med_1561329068_med.mp3","size":948258},"sample_duration":9.891}},"mobile":{"video":"https://coub-anubis-a.akamaized.net/coub_storage/coub/simple/cw_file/481ebbdb9f2/d1c50fbf8091a7cee4060/muted_mp4_med_size_1571431557_muted_med.mp4","audio":["https://coub-anubis-a.akamaized.net/coub_storage/coub/simple/cw_looped_audio_med/e834445a0de/b432dadb4e61d23ed91b3/1605653553_med_1561329068_med.mp3"]},"share":{"default":"https://coub-anubis-a.akamaized.net/coub_storage/coub/simple/cw_video_for_sharing/bd4ef70932b/e14faaacdea23d039f54e/1618054223_looped_1618054223.mp4"}},"audio_versions":{},"image_versions":{"template":"https://coub-anubis-a.akamaized.net/coub_storage/coub/simple/cw_image/febb025497a/a26a9bc4b786ce4326f1a/1561329072_00032.jpg","versions":["micro","tiny","age_restricted","ios_large","ios_mosaic","big","med","small","pinterest"]},"first_frame_versions":{"template":"https://coub-anubis-a.akamaized.net/coub_storage/coub/simple/cw_timeline_pic/3c55160fe28/a72fdaeac8525bddd363c/1561329072_image.jpg","versions":["big","med","small","ios_large"]},"dimensions":{"big":[1280,722],"med":[640,360]},"site_w_h":[640,361],"page_w_h":[640,361],"site_w_h_small":[310,175],"size":[1280,722],"age_restricted":false,"age_restricted_by_admin":false,"not_safe_for_work":false,"allow_reuse":false,"dont_crop":false,"banned":false,"global_safe":true,"audio_file_url":null,"external_download":false,"application":null,"channel":{"id":2086592,"permalink":"nothingss","title":"nothings","description":null,"followers_count":78,"following_count":26,"avatar_versions":{"template":"https://coub-anubis-a.akamaized.net/coub_storage/channel/cw_avatar/6c676804c79/9f5acfa5d8dd81c5ba282/%{version}_1608818845_ddhhpx_1474711660_2495.jpg","versions":["medium","medium_2x","profile_pic","profile_pic_new","profile_pic_new_2x","tiny","tiny_2x","small","small_2x","ios_large","ios_small"]}},"file":null,"picture":"https://coub-anubis-a.akamaized.net/coub_storage/coub/simple/cw_image/febb025497a/a26a9bc4b786ce4326f1a/1561329072_00032.jpg","timeline_picture":"https://coub-anubis-a.akamaized.net/coub_storage/coub/simple/cw_timeline_pic/3c55160fe28/a72fdaeac8525bddd363c/1561329072_image.jpg","small_picture":"https://coub-anubis-a.akamaized.net/coub_storage/coub/simple/cw_image/febb025497a/a26a9bc4b786ce4326f1a/1561329072_00032.jpg","sharing_picture":null,"percent_done":100,"tags":[],"categories":[{"id":14,"title":"Cartoons","permalink":"cartoons","subscriptions_count":10092974,"big_image_url":"https://coub-anubis-a.akamaized.net/coub_storage/category/cw_image/f8ede745da4/2e6c3a22d04db1a6a25e3/big_1544759035_cartoons2.png","small_image_url":"https://coub-anubis-a.akamaized.net/coub_storage/category/cw_image/f8ede745da4/2e6c3a22d04db1a6a25e3/small_1544759035_cartoons2.png","med_image_url":"https://coub-anubis-a.akamaized.net/coub_storage/category/cw_image/f8ede745da4/2e6c3a22d04db1a6a25e3/med_1544759035_cartoons2.png","visible":true}],"communities":[{"id":14,"title":"Cartoons","permalink":"cartoons","subscriptions_count":10092974,"big_image_url":"https://coub-anubis-a.akamaized.net/coub_storage/category/cw_image/f8ede745da4/2e6c3a22d04db1a6a25e3/big_1544759035_cartoons2.png","small_image_url":"https://coub-anubis-a.akamaized.net/coub_storage/category/cw_image/f8ede745da4/2e6c3a22d04db1a6a25e3/small_1544759035_cartoons2.png","med_image_url":"https://coub-anubis-a.akamaized.net/coub_storage/category/cw_image/f8ede745da4/2e6c3a22d04db1a6a25e3/med_1544759035_cartoons2.png","i_subscribed":true,"community_notifications_enabled":null,"description":null}],"recoubs_count":215,"remixes_count":1,"likes_count":1115,"dislikes_count":0,"raw_video_id":13890537,"uploaded_by_ios_app":false,"uploaded_by_android_app":false,"media_blocks":{"uploaded_raw_videos":[],"external_raw_videos":[],"remixed_from_coubs":[]},"raw_video_thumbnail_url":"/missing/missing.png","raw_video_title":"FamilyGay9S14E.mp4","video_block_banned":false,"duration":10.0,"promo_winner":false,"promo_winner_recoubers":null,"editorial_info":{},"promo_hint":null,"beeline_best_2014":null,"from_web_editor":true,"normalize_sound":true,"normalize_change_allowed":true,"best2015_addable":false,"ahmad_promo":null,"promo_data":null,"audio_copyright_claim":null,"ads_disabled":false,"is_safe_for_ads":true,"megafon_contents":[],"position_on_page":9},{"flag":null,"abuses":null,"recoubs_by_users_channels":null,"favourite":false,"promoted_id":null,"recoub":null,"like":null,"dislike":null,"reaction":null,"in_my_best2015":false,"id":167183370,"type":"Coub::Simple","permalink":"2r6ud4","title":"love death robots 2 season","visibility_type":"public","original_visibility_type":"public","channel_id":2055505,"created_at":"2021-04-17T19:56:41Z","updated_at":"2022-03-06T16:08:56Z","is_done":true,"views_count":99823,"cotd":null,"cotd_at":null,"visible_on_explore_root":false,"visible_on_explore":false,"featured":false,"published":true,"published_at":"2021-04-17T19:56:41Z","reversed":false,"from_editor_v2":true,"is_editable":true,"original_sound":false,"has_sound":false,"recoub_to":null,"file_versions":{"html5":{"video":{"higher":{"url":"https://coub-anubis-a.akamaized.net/coub_storage/coub/simple/cw_file/ad7e0881cef/4d53d792148c6595c5fec/muted_mp4_huge_size_1618689413_muted_huge.mp4","size":2661085},"high":{"url":"https://coub-anubis-a.akamaized.net/coub_storage/coub/simple/cw_file/ad7e0881cef/4d53d792148c6595c5fec/muted_mp4_big_size_1618689413_muted_big.mp4","size":1734676},"med":{"url":"https://coub-anubis-a.akamaized.net/coub_storage/coub/simple/cw_file/ad7e0881cef/4d53d792148c6595c5fec/muted_mp4_med_size_1618689413_muted_med.mp4","size":626732}},"audio":{"high":{"url":"https://coub-anubis-a.akamaized.net/coub_storage/coub/simple/cw_looped_audio_high/f72c0b88c65/e2222c6fd394a27c6bcac/1618689468_mp3-high.mp3","size":6237391},"med":{"url":"https://coub-anubis-a.akamaized.net/coub_storage/coub/simple/cw_looped_audio_med/d71735e2140/7a088678f5e485b2d2da3/1618689464_mp3-med.mp3","size":4504268}}},"mobile":{"video":"https://coub-anubis-a.akamaized.net/coub_storage/coub/simple/cw_file/ad7e0881cef/4d53d792148c6595c5fec/muted_mp4_med_size_1618689413_muted_med.mp4","audio":["https://coub-anubis-a.akamaized.net/coub_storage/coub/simple/cw_looped_audio_med/d71735e2140/7a088678f5e485b2d2da3/1618689464_mp3-med.mp3"]},"share":{"default":"https://coub-anubis-a.akamaized.net/coub_storage/coub/simple/cw_video_for_sharing/c577a616d92/590c7185cd29afc8c1188/1618689508_looped_1618689506.mp4"}},"audio_versions":{"template":"https://coub-anubis-a.akamaized.net/coub_storage/audio_track/cw_normalized_copy/bdac73f9d44/ec14b490c16d5d667fcf8/mid_1618689446_normalized_1618689419_hq30rt_edited.mp3","versions":["mid","low"]},"image_versions":{"template":"https://coub-anubis-a.akamaized.net/coub_storage/coub/simple/cw_image/a6f157ecbc6/778de88adcc831ff8fe4a/%{version}_1618689474_00032.jpg","versions":["micro","tiny","age_restricted","ios_large","ios_mosaic","big","med","small","pinterest"]},"first_frame_versions":{"template":"https://coub-anubis-a.akamaized.net/coub_storage/coub/simple/cw_timeline_pic/6ac13d90a80/8bcec6e4a1a27351fddab/%{version}_1618689474_image.jpg","versions":["big","med","small","ios_large"]},"dimensions":{"big":[1280,606],"med":[640,302]},"site_w_h":[640,303],"page_w_h":[640,303],"site_w_h_small":[310,147],"size":[1280,606],"age_restricted":false,"age_restricted_by_admin":false,"not_safe_for_work":false,"allow_reuse":false,"dont_crop":true,"banned":false,"global_safe":true,"audio_file_url":"https://coub-anubis-a.akamaized.net/coub_storage/audio_track/cw_normalized_copy/bdac73f9d44/ec14b490c16d5d667fcf8/low_1618689446_normalized_1618689419_hq30rt_edited.mp3","external_download":false,"application":null,"channel":{"id":2055505,"permalink":"mr.vurdul","title":"Mr. Vurdul","description":null,"followers_count":87,"following_count":3,"avatar_versions":{"template":"https://coub-anubis-a.akamaized.net/coub_storage/channel/cw_avatar/331d4fd5c90/f18cb3ea1a2af91e601b9/%{version}_1608877777_p7k6wu_1474609078_1um9y31_463797313.jpg","versions":["medium","medium_2x","profile_pic","profile_pic_new","profile_pic_new_2x","tiny","tiny_2x","small","small_2x","ios_large","ios_small"]}},"file":null,"picture":"https://coub-anubis-a.akamaized.net/coub_storage/coub/simple/cw_image/a6f157ecbc6/778de88adcc831ff8fe4a/med_1618689474_00032.jpg","timeline_picture":"https://coub-anubis-a.akamaized.net/coub_storage/coub/simple/cw_timeline_pic/6ac13d90a80/8bcec6e4a1a27351fddab/ios_large_1618689474_image.jpg","small_picture":"https://coub-anubis-a.akamaized.net/coub_storage/coub/simple/cw_image/a6f157ecbc6/778de88adcc831ff8fe4a/ios_mosaic_1618689474_00032.jpg","sharing_picture":null,"percent_done":100,"tags":[{"id":257866,"title":"2 season","value":"2%20season"},{"id":52069,"title":"netflix","value":"netflix"},{"id":606065,"title":"netflix original series","value":"netflix%20original%20series"},{"id":274323,"title":"treiler","value":"treiler"},{"id":4689976,"title":"netflix animation","value":"netflix%20animation"},{"id":11929,"title":"television","value":"television"},{"id":2409,"title":"movies","value":"movies"},{"id":9673,"title":"online","value":"online"},{"id":4689975,"title":"love death robots","value":"love%20death%20robots"},{"id":6268611,"title":"love death robots seaon 2","value":"love%20death%20robots%20seaon%202"},{"id":5101491,"title":"don abandons alice john murphy","value":"don%20abandons%20alice%20john%20murphy"},{"id":1006428,"title":"нетфликс","value":"%D0%BD%D0%B5%D1%82%D1%84%D0%BB%D0%B8%D0%BA%D1%81"},{"id":4695900,"title":"любовь смерть и роботы","value":"%D0%BB%D1%8E%D0%B1%D0%BE%D0%B2%D1%8C%20%D1%81%D0%BC%D0%B5%D1%80%D1%82%D1%8C%20%D0%B8%20%D1%80%D0%BE%D0%B1%D0%BE%D1%82%D1%8B"},{"id":5364174,"title":"любовь смерть и роботы 2 сезон","value":"%D0%BB%D1%8E%D0%B1%D0%BE%D0%B2%D1%8C%20%D1%81%D0%BC%D0%B5%D1%80%D1%82%D1%8C%20%D0%B8%20%D1%80%D0%BE%D0%B1%D0%BE%D1%82%D1%8B%202%20%D1%81%D0%B5%D0%B7%D0%BE%D0%BD"},{"id":10843,"title":"трейлер","value":"%D1%82%D1%80%D0%B5%D0%B9%D0%BB%D0%B5%D1%80"},{"id":738830,"title":"стриминг","value":"%D1%81%D1%82%D1%80%D0%B8%D0%BC%D0%B8%D0%BD%D0%B3"},{"id":3461,"title":"сериал","value":"%D1%81%D0%B5%D1%80%D0%B8%D0%B0%D0%BB"},{"id":44202,"title":"мультсериал","value":"%D0%BC%D1%83%D0%BB%D1%8C%D1%82%D1%81%D0%B5%D1%80%D0%B8%D0%B0%D0%BB"},{"id":2058,"title":"мультфильм","value":"%D0%BC%D1%83%D0%BB%D1%8C%D1%82%D1%84%D0%B8%D0%BB%D1%8C%D0%BC"}],"categories":[{"id":14,"title":"Cartoons","permalink":"cartoons","subscriptions_count":10092974,"big_image_url":"https://coub-anubis-a.akamaized.net/coub_storage/category/cw_image/f8ede745da4/2e6c3a22d04db1a6a25e3/big_1544759035_cartoons2.png","small_image_url":"https://coub-anubis-a.akamaized.net/coub_storage/category/cw_image/f8ede745da4/2e6c3a22d04db1a6a25e3/small_1544759035_cartoons2.png","med_image_url":"https://coub-anubis-a.akamaized.net/coub_storage/category/cw_image/f8ede745da4/2e6c3a22d04db1a6a25e3/med_1544759035_cartoons2.png","visible":true}],"communities":[{"id":14,"title":"Cartoons","permalink":"cartoons","subscriptions_count":10092974,"big_image_url":"https://coub-anubis-a.akamaized.net/coub_storage/category/cw_image/f8ede745da4/2e6c3a22d04db1a6a25e3/big_1544759035_cartoons2.png","small_image_url":"https://coub-anubis-a.akamaized.net/coub_storage/category/cw_image/f8ede745da4/2e6c3a22d04db1a6a25e3/small_1544759035_cartoons2.png","med_image_url":"https://coub-anubis-a.akamaized.net/coub_storage/category/cw_image/f8ede745da4/2e6c3a22d04db1a6a25e3/med_1544759035_cartoons2.png","i_subscribed":true,"community_notifications_enabled":null,"description":null}],"recoubs_count":203,"remixes_count":0,"likes_count":1114,"dislikes_count":0,"raw_video_id":16361984,"uploaded_by_ios_app":false,"uploaded_by_android_app":false,"media_blocks":{"uploaded_raw_videos":[],"external_raw_videos":[],"remixed_from_coubs":[]},"raw_video_thumbnail_url":"https://coub-anubis-a.akamaized.net/coub_storage/raw_video/cw_image/caa540cf8e9/fcf5a8fe720ca76252c69/coub_media_1618688259_image.jpg","raw_video_title":"_dvachannel__1_.mp4","video_block_banned":false,"duration":10.0,"promo_winner":false,"promo_winner_recoubers":null,"editorial_info":{},"promo_hint":null,"beeline_best_2014":null,"from_web_editor":true,"normalize_sound":true,"normalize_change_allowed":true,"best2015_addable":false,"ahmad_promo":null,"promo_data":null,"audio_copyright_claim":null,"ads_disabled":false,"is_safe_for_ads":true,"megafon_contents":[],"position_on_page":10}]}