{"page":62,"per_page":10,"total_pages":500,"coubs":[{"flag":null,"abuses":null,"recoubs_by_users_channels":null,"favourite":false,"promoted_id":null,"recoub":null,"like":null,"dislike":null,"reaction":null,"in_my_best2015":false,"id":12232687,"type":"Coub::Simple","permalink":"6u1h3","title":"Donald duck","visibility_type":"public","original_visibility_type":"public","channel_id":1882830,"created_at":"2015-06-11T18:44:07Z","updated_at":"2022-03-18T06:28:11Z","is_done":true,"views_count":145912,"cotd":null,"cotd_at":null,"visible_on_explore_root":true,"visible_on_explore":true,"featured":true,"published":true,"published_at":"2015-06-11T18:44:07Z","reversed":false,"from_editor_v2":true,"is_editable":true,"original_sound":true,"has_sound":true,"recoub_to":null,"file_versions":{"html5":{"video":{"higher":{"url":"https://coub-anubis-a.akamaized.net/coub_storage/coub/simple/cw_file/2d53716039b/ab01f298f17f5d54dcd68/muted_mp4_huge_size_1567775728_muted_huge.mp4","size":1193387},"high":{"url":"https://coub-anubis-a.akamaized.net/coub_storage/coub/simple/cw_file/2d53716039b/ab01f298f17f5d54dcd68/muted_mp4_big_size_1567775728_muted_big.mp4","size":866406},"med":{"url":"https://coub-anubis-a.akamaized.net/coub_storage/coub/simple/cw_file/2d53716039b/ab01f298f17f5d54dcd68/muted_mp4_med_size_1567775728_muted_med.mp4","size":299001}},"audio":{"high":{"url":"https://coub-anubis-a.akamaized.net/coub_storage/coub/simple/cw_looped_audio_high/5b0222672c0/0b883d2101373ed14317f/1605453750_high_1445992599_high.mp3","size":1384279},"med":{"url":"https://coub-anubis-a.akamaized.net/coub_storage/coub/simple/cw_looped_audio_med/894ae3bd534/1b9ca3aaf0291f9f902d0/1605453750_med_1445992599_med.mp3","size":922852},"sample_duration":3.655}},"mobile":{"video":"https://coub-anubis-a.akamaized.net/coub_storage/coub/simple/cw_file/2d53716039b/ab01f298f17f5d54dcd68/muted_mp4_med_size_1567775728_muted_med.mp4","audio":["https://coub-anubis-a.akamaized.net/coub_storage/coub/simple/cw_looped_audio_med/894ae3bd534/1b9ca3aaf0291f9f902d0/1605453750_med_1445992599_med.mp3"]},"share":{"default":"https://coub-anubis-a.akamaized.net/coub_storage/coub/simple/cw_video_for_sharing/a089d6a19ef/eb52eecfe1894d737d0dc/1609634063_looped_1609634062.mp4"}},"audio_versions":{},"image_versions":{"template":"https://coub-anubis-a.akamaized.net/coub_storage/coub/simple/cw_image/dd24728ccc1/1b57ba288bebfff271e71/1434048519_00012.jpg","versions":["micro","tiny","age_restricted","ios_large","ios_mosaic","big","med","small","pinterest"]},"first_frame_versions":{"template":"https://coub-anubis-a.akamaized.net/coub_storage/coub/simple/cw_timeline_pic/dd24728ccc1/1b57ba288bebfff271e71/%{version}_1434048519_image.jpg","versions":["big","med","small","ios_large"]},"dimensions":{"big":[1280,954],"med":[640,476]},"site_w_h":[640,477],"page_w_h":[640,477],"site_w_h_small":[310,231],"size":[1280,954],"age_restricted":false,"age_restricted_by_admin":false,"not_safe_for_work":false,"allow_reuse":false,"dont_crop":false,"banned":false,"global_safe":true,"audio_file_url":null,"external_download":{"type":"Youtube","service_name":"YouTube","url":"http://www.youtube.com/watch?v=-DMTtgkOHWE","has_embed":true},"application":null,"channel":{"id":1882830,"permalink":"levan.kusiani","title":"Levan Kusiani","description":null,"followers_count":875,"following_count":55,"avatar_versions":{"template":"https://coub-anubis-a.akamaized.net/coub_storage/channel/cw_avatar/9debff04bfc/e24fca7ec7c87720daa46/%{version}_1607630791_yfelc_1480692159_kata.png","versions":["medium","medium_2x","profile_pic","profile_pic_new","profile_pic_new_2x","tiny","tiny_2x","small","small_2x","ios_large","ios_small"]}},"file":null,"picture":"https://coub-anubis-a.akamaized.net/coub_storage/coub/simple/cw_image/dd24728ccc1/1b57ba288bebfff271e71/1434048519_00012.jpg","timeline_picture":"https://coub-anubis-a.akamaized.net/coub_storage/coub/simple/cw_timeline_pic/dd24728ccc1/1b57ba288bebfff271e71/ios_large_1434048519_image.jpg","small_picture":"https://coub-anubis-a.akamaized.net/coub_storage/coub/simple/cw_image/dd24728ccc1/1b57ba288bebfff271e71/1434048519_00012.jpg","sharing_picture":null,"percent_done":100,"tags":[{"id":761128,"title":"donald duck early to bed","value":"donald%20duck%20early%20to%20bed"},{"id":761127,"title":"early to bed","value":"early%20to%20bed"},{"id":7572,"title":"bed","value":"bed"},{"id":31243,"title":"early","value":"early"},{"id":209,"title":"duck","value":"duck"},{"id":9306,"title":"donald","value":"donald"},{"id":869,"title":"mouse","value":"mouse"},{"id":2252,"title":"channel","value":"channel"},{"id":1249,"title":"mickey","value":"mickey"},{"id":3753,"title":"walt disney","value":"walt%20disney"},{"id":27758,"title":"disney channel","value":"disney%20channel"},{"id":9958,"title":"official","value":"official"},{"id":314,"title":"disney","value":"disney"},{"id":611365,"title":"have a laugh!","value":"have%20a%20laugh!"},{"id":12024,"title":"mickey mouse","value":"mickey%20mouse"},{"id":12025,"title":"donald duck","value":"donald%20duck"},{"id":243234,"title":"long version","value":"long%20version"},{"id":761126,"title":"have a laugh","value":"have%20a%20laugh"},{"id":18770,"title":"goofy","value":"goofy"}],"categories":[{"id":14,"title":"Cartoons","permalink":"cartoons","subscriptions_count":10092974,"big_image_url":"https://coub-anubis-a.akamaized.net/coub_storage/category/cw_image/f8ede745da4/2e6c3a22d04db1a6a25e3/big_1544759035_cartoons2.png","small_image_url":"https://coub-anubis-a.akamaized.net/coub_storage/category/cw_image/f8ede745da4/2e6c3a22d04db1a6a25e3/small_1544759035_cartoons2.png","med_image_url":"https://coub-anubis-a.akamaized.net/coub_storage/category/cw_image/f8ede745da4/2e6c3a22d04db1a6a25e3/med_1544759035_cartoons2.png","visible":true}],"communities":[{"id":14,"title":"Cartoons","permalink":"cartoons","subscriptions_count":10092974,"big_image_url":"https://coub-anubis-a.akamaized.net/coub_storage/category/cw_image/f8ede745da4/2e6c3a22d04db1a6a25e3/big_1544759035_cartoons2.png","small_image_url":"https://coub-anubis-a.akamaized.net/coub_storage/category/cw_image/f8ede745da4/2e6c3a22d04db1a6a25e3/small_1544759035_cartoons2.png","med_image_url":"https://coub-anubis-a.akamaized.net/coub_storage/category/cw_image/f8ede745da4/2e6c3a22d04db1a6a25e3/med_1544759035_cartoons2.png","i_subscribed":true,"community_notifications_enabled":null,"description":null}],"recoubs_count":795,"remixes_count":2,"likes_count":4352,"dislikes_count":0,"raw_video_id":1245817,"uploaded_by_ios_app":false,"uploaded_by_android_app":false,"media_blocks":{"uploaded_raw_videos":[],"external_raw_videos":[{"id":11739676,"title":"Early to Bed | A Donald Duck Cartoon | Have a Laugh!","url":"http://www.youtube.com/watch?v=-DMTtgkOHWE","image":"https://coub-anubis-a.akamaized.net/coub_storage/media_block/cw_image/d86ee3620c9/1375b9298e1dc30fa707a/1492498407_1427923130_1mlgysn_att-url-download.jpg","image_retina":"https://coub-anubis-a.akamaized.net/coub_storage/media_block/cw_image/d86ee3620c9/1375b9298e1dc30fa707a/1492498407_1427923130_1mlgysn_att-url-download.jpg","meta":{"service":"Youtube","duration":"446.52"},"duration":446.52,"raw_video_id":1245817,"has_embed":true}],"remixed_from_coubs":[],"external_video":{"id":11739676,"title":"Early to Bed | A Donald Duck Cartoon | Have a Laugh!","url":"http://www.youtube.com/watch?v=-DMTtgkOHWE","image":"https://coub-anubis-a.akamaized.net/coub_storage/media_block/cw_image/d86ee3620c9/1375b9298e1dc30fa707a/1492498407_1427923130_1mlgysn_att-url-download.jpg","image_retina":"https://coub-anubis-a.akamaized.net/coub_storage/media_block/cw_image/d86ee3620c9/1375b9298e1dc30fa707a/1492498407_1427923130_1mlgysn_att-url-download.jpg","meta":{"service":"Youtube","duration":"446.52"},"duration":446.52,"raw_video_id":1245817,"has_embed":true}},"raw_video_thumbnail_url":"/missing/missing.png","raw_video_title":"Early to Bed | A Donald Duck Cartoon | Have a Laugh!","video_block_banned":false,"duration":3.64,"promo_winner":false,"promo_winner_recoubers":null,"editorial_info":{},"promo_hint":null,"beeline_best_2014":null,"from_web_editor":true,"normalize_sound":true,"normalize_change_allowed":true,"best2015_addable":false,"ahmad_promo":null,"promo_data":null,"audio_copyright_claim":null,"ads_disabled":null,"is_safe_for_ads":true,"megafon_contents":[],"position_on_page":1},{"flag":null,"abuses":null,"recoubs_by_users_channels":null,"favourite":false,"promoted_id":null,"recoub":null,"like":null,"dislike":null,"reaction":null,"in_my_best2015":false,"id":10904131,"type":"Coub::Simple","permalink":"61kcd","title":"addiction","visibility_type":"public","original_visibility_type":"public","channel_id":13105,"created_at":"2015-04-20T23:53:29Z","updated_at":"2022-03-05T11:40:42Z","is_done":true,"views_count":228516,"cotd":null,"cotd_at":null,"visible_on_explore_root":true,"visible_on_explore":true,"featured":true,"published":true,"published_at":"2015-04-20T23:53:29Z","reversed":false,"from_editor_v2":true,"is_editable":true,"original_sound":false,"has_sound":false,"recoub_to":null,"file_versions":{"html5":{"video":{"higher":{"url":"https://coub-anubis-a.akamaized.net/coub_storage/coub/simple/cw_file/612c9f70455/10805daf4beab6f13071c/muted_mp4_huge_size_1567765576_muted_huge.mp4","size":414088},"high":{"url":"https://coub-anubis-a.akamaized.net/coub_storage/coub/simple/cw_file/612c9f70455/10805daf4beab6f13071c/muted_mp4_big_size_1567765576_muted_big.mp4","size":352547},"med":{"url":"https://coub-anubis-a.akamaized.net/coub_storage/coub/simple/cw_file/612c9f70455/10805daf4beab6f13071c/muted_mp4_med_size_1567765576_muted_med.mp4","size":145598}},"audio":{"high":{"url":"https://coub-anubis-a.akamaized.net/coub_storage/coub/simple/cw_looped_audio_high/3e4b1b30152/5c6a1ae3352fcfd1373f4/1605450224_high_1445956911_high.mp3","size":1443839},"med":{"url":"https://coub-anubis-a.akamaized.net/coub_storage/coub/simple/cw_looped_audio_med/e907374f9c4/0d2a2dbf5114302188209/1605450223_med_1445956911_med.mp3","size":962559}}},"mobile":{"video":"https://coub-anubis-a.akamaized.net/coub_storage/coub/simple/cw_file/612c9f70455/10805daf4beab6f13071c/muted_mp4_med_size_1567765576_muted_med.mp4","audio":["https://coub-anubis-a.akamaized.net/coub_storage/coub/simple/cw_looped_audio_med/e907374f9c4/0d2a2dbf5114302188209/1605450223_med_1445956911_med.mp3"]},"share":{"default":"https://coub-anubis-a.akamaized.net/coub_storage/coub/simple/cw_video_for_sharing/0c38d7e29e7/6e4cda6c8523d8c85ac9d/1615916148_looped_1615916148.mp4"}},"audio_versions":{"template":"https://coub-anubis-a.akamaized.net/coub_storage/audio_track/cw_normalized_copy/cca46a5b89c/d1ac0ecbf4cd981e398d5/mid_1471232599_flmiql_normalized_1430503327_audio.mp3","versions":["mid","low"]},"image_versions":{"template":"https://coub-anubis-a.akamaized.net/coub_storage/coub/simple/cw_image/b586d7097e6/9299f37f14842d85bbe31/1429574037_00011.jpg","versions":["micro","tiny","age_restricted","ios_large","ios_mosaic","big","med","small","pinterest"]},"first_frame_versions":{"template":"https://coub-anubis-a.akamaized.net/coub_storage/coub/simple/cw_timeline_pic/b586d7097e6/9299f37f14842d85bbe31/1429574037_image.jpg","versions":["big","med","small","ios_large"]},"dimensions":{"big":[1280,960],"med":[640,480]},"site_w_h":[640,480],"page_w_h":[640,480],"site_w_h_small":[310,233],"size":[1280,960],"age_restricted":false,"age_restricted_by_admin":false,"not_safe_for_work":false,"allow_reuse":true,"dont_crop":false,"banned":false,"global_safe":true,"audio_file_url":"https://coub-anubis-a.akamaized.net/coub_storage/audio_track/cw_normalized_copy/cca46a5b89c/d1ac0ecbf4cd981e398d5/low_1471232599_flmiql_normalized_1430503327_audio.mp3","external_download":false,"application":null,"channel":{"id":13105,"permalink":"fraghimself","title":"FragHimself","description":"I break apart a work of art","followers_count":1170,"following_count":237,"avatar_versions":{"template":"https://coub-anubis-a.akamaized.net/coub_storage/channel/cw_avatar/c35fe618c7a/288bebeb77de2d99a96bb/%{version}_1612037103_2021-01-31_03.45.46_www.xgamers.ru_b84847fa4c40.png","versions":["medium","medium_2x","profile_pic","profile_pic_new","profile_pic_new_2x","tiny","tiny_2x","small","small_2x","ios_large","ios_small"]}},"file":null,"picture":"https://coub-anubis-a.akamaized.net/coub_storage/coub/simple/cw_image/b586d7097e6/9299f37f14842d85bbe31/1429574037_00011.jpg","timeline_picture":"https://coub-anubis-a.akamaized.net/coub_storage/coub/simple/cw_timeline_pic/b586d7097e6/9299f37f14842d85bbe31/1429574037_image.jpg","small_picture":"https://coub-anubis-a.akamaized.net/coub_storage/coub/simple/cw_image/b586d7097e6/9299f37f14842d85bbe31/1429574037_00011.jpg","sharing_picture":null,"percent_done":100,"tags":[{"id":424,"title":"animation","value":"animation"},{"id":15777,"title":"trent reznor","value":"trent%20reznor"},{"id":8086,"title":"nine inch nails","value":"nine%20inch%20nails"}],"categories":[{"id":14,"title":"Cartoons","permalink":"cartoons","subscriptions_count":10092974,"big_image_url":"https://coub-anubis-a.akamaized.net/coub_storage/category/cw_image/f8ede745da4/2e6c3a22d04db1a6a25e3/big_1544759035_cartoons2.png","small_image_url":"https://coub-anubis-a.akamaized.net/coub_storage/category/cw_image/f8ede745da4/2e6c3a22d04db1a6a25e3/small_1544759035_cartoons2.png","med_image_url":"https://coub-anubis-a.akamaized.net/coub_storage/category/cw_image/f8ede745da4/2e6c3a22d04db1a6a25e3/med_1544759035_cartoons2.png","visible":true}],"communities":[{"id":14,"title":"Cartoons","permalink":"cartoons","subscriptions_count":10092974,"big_image_url":"https://coub-anubis-a.akamaized.net/coub_storage/category/cw_image/f8ede745da4/2e6c3a22d04db1a6a25e3/big_1544759035_cartoons2.png","small_image_url":"https://coub-anubis-a.akamaized.net/coub_storage/category/cw_image/f8ede745da4/2e6c3a22d04db1a6a25e3/small_1544759035_cartoons2.png","med_image_url":"https://coub-anubis-a.akamaized.net/coub_storage/category/cw_image/f8ede745da4/2e6c3a22d04db1a6a25e3/med_1544759035_cartoons2.png","i_subscribed":true,"community_notifications_enabled":null,"description":null}],"recoubs_count":826,"remixes_count":4,"likes_count":4352,"dislikes_count":0,"raw_video_id":1298776,"uploaded_by_ios_app":false,"uploaded_by_android_app":false,"media_blocks":{"uploaded_raw_videos":[{"id":11778311,"title":"13TVF.gif","url":"http://coub.com/sources/1298776","image":"https://coub-anubis-a.akamaized.net/coub_storage/media_block/cw_image/7fbc8c92477/139e663cc73f87d2298d5/1488713289_1429573586_image.jpg","image_retina":"https://coub-anubis-a.akamaized.net/coub_storage/media_block/cw_image/7fbc8c92477/139e663cc73f87d2298d5/1488713289_1429573586_image.jpg","meta":{"duration":"3.2"},"duration":3.2,"raw_video_id":1298776,"has_embed":false}],"external_raw_videos":[],"remixed_from_coubs":[],"raw_video":{"id":11778311,"title":"13TVF.gif","url":"http://coub.com/sources/1298776","image":"https://coub-anubis-a.akamaized.net/coub_storage/media_block/cw_image/7fbc8c92477/139e663cc73f87d2298d5/1488713289_1429573586_image.jpg","image_retina":"https://coub-anubis-a.akamaized.net/coub_storage/media_block/cw_image/7fbc8c92477/139e663cc73f87d2298d5/1488713289_1429573586_image.jpg","meta":{"duration":"3.2"},"duration":3.2,"raw_video_id":1298776,"has_embed":false},"audio_track":{"id":19577281,"title":"Deep","url":null,"image":null,"image_retina":null,"meta":{"year":null,"album":"Tomb Raider","title":"Deep","artist":"Soundtrack","echonest_id":null},"duration":null,"amazon_url":null,"google_play_url":null,"bandcamp_url":null,"soundcloud_url":null,"track_name":null,"track_artist":null,"track_album":null,"itunes_url":null}},"raw_video_thumbnail_url":"/missing/missing.png","raw_video_title":"13TVF.gif","video_block_banned":false,"duration":3.2,"promo_winner":false,"promo_winner_recoubers":null,"editorial_info":{},"promo_hint":null,"beeline_best_2014":null,"from_web_editor":true,"normalize_sound":true,"normalize_change_allowed":true,"best2015_addable":false,"ahmad_promo":null,"promo_data":null,"audio_copyright_claim":null,"ads_disabled":null,"is_safe_for_ads":true,"megafon_contents":[],"position_on_page":2},{"flag":null,"abuses":null,"recoubs_by_users_channels":null,"favourite":false,"promoted_id":null,"recoub":null,"like":null,"dislike":null,"reaction":null,"in_my_best2015":false,"id":103281835,"type":"Coub::Simple","permalink":"1p321v","title":"Kitbull | Pixar SparkShorts","visibility_type":"public","original_visibility_type":"public","channel_id":4251443,"created_at":"2019-02-25T00:46:15Z","updated_at":"2022-03-17T23:03:26Z","is_done":true,"views_count":201100,"cotd":null,"cotd_at":null,"visible_on_explore_root":false,"visible_on_explore":false,"featured":false,"published":true,"published_at":"2019-02-25T00:46:15Z","reversed":false,"from_editor_v2":true,"is_editable":true,"original_sound":true,"has_sound":true,"recoub_to":null,"file_versions":{"html5":{"video":{"higher":{"url":"https://coub-anubis-a.akamaized.net/coub_storage/coub/simple/cw_file/f381c91bb2a/f3ea147d945b74d98a9f2/muted_mp4_huge_size_1575161086_muted_huge.mp4","size":1227076},"high":{"url":"https://coub-anubis-a.akamaized.net/coub_storage/coub/simple/cw_file/f381c91bb2a/f3ea147d945b74d98a9f2/muted_mp4_big_size_1575161086_muted_big.mp4","size":970269},"med":{"url":"https://coub-anubis-a.akamaized.net/coub_storage/coub/simple/cw_file/f381c91bb2a/f3ea147d945b74d98a9f2/muted_mp4_med_size_1575161086_muted_med.mp4","size":278554}},"audio":{"high":{"url":"https://coub-anubis-a.akamaized.net/coub_storage/coub/simple/cw_looped_audio_high/3e7d2c54595/73a1acbcd04a879b273ae/1605674547_high_1551055659_high.mp3","size":1121104},"med":{"url":"https://coub-anubis-a.akamaized.net/coub_storage/coub/simple/cw_looped_audio_med/1915ef950d7/0fc8d4133463b36767d91/1605674546_med_1551055659_med.mp3","size":799076},"sample_duration":10.009}},"mobile":{"video":"https://coub-anubis-a.akamaized.net/coub_storage/coub/simple/cw_file/f381c91bb2a/f3ea147d945b74d98a9f2/muted_mp4_med_size_1575161086_muted_med.mp4","audio":["https://coub-anubis-a.akamaized.net/coub_storage/coub/simple/cw_looped_audio_med/1915ef950d7/0fc8d4133463b36767d91/1605674546_med_1551055659_med.mp3"]},"share":{"default":"https://coub-anubis-a.akamaized.net/coub_storage/coub/simple/cw_video_for_sharing/943e59a4193/17f6966ec996f933f679a/1611614339_looped_1611614338.mp4"}},"audio_versions":{},"image_versions":{"template":"https://coub-anubis-a.akamaized.net/coub_storage/coub/simple/cw_image/e560c09c921/2a8ebc84bd7ddc6adb8fb/1551055666_00032.jpg","versions":["micro","tiny","age_restricted","ios_large","ios_mosaic","big","med","small","pinterest"]},"first_frame_versions":{"template":"https://coub-anubis-a.akamaized.net/coub_storage/coub/simple/cw_timeline_pic/655b05b30e8/0c151fb00c685cd66ad6f/1551055665_image.jpg","versions":["big","med","small","ios_large"]},"dimensions":{"big":[1280,536],"med":[640,268]},"site_w_h":[640,268],"page_w_h":[640,268],"site_w_h_small":[310,130],"size":[1280,536],"age_restricted":false,"age_restricted_by_admin":false,"not_safe_for_work":false,"allow_reuse":false,"dont_crop":false,"banned":false,"global_safe":true,"audio_file_url":null,"external_download":{"type":"Youtube","service_name":"YouTube","url":"https://www.youtube.com/watch?v=AZS5cgybKcI","has_embed":true},"application":null,"channel":{"id":4251443,"permalink":"molestia-rain-space-99","title":"PalyonkaZelyonka","description":"Сосу гречневые писюны","followers_count":261,"following_count":53,"avatar_versions":{"template":"https://coub-anubis-a.akamaized.net/coub_storage/channel/cw_avatar/d533a1ad6c4/1f1a9a79c0f0c680946f4/%{version}_1609548263_1tes94q_1578426268_cropped.jpeg","versions":["medium","medium_2x","profile_pic","profile_pic_new","profile_pic_new_2x","tiny","tiny_2x","small","small_2x","ios_large","ios_small"]}},"file":null,"picture":"https://coub-anubis-a.akamaized.net/coub_storage/coub/simple/cw_image/e560c09c921/2a8ebc84bd7ddc6adb8fb/1551055666_00032.jpg","timeline_picture":"https://coub-anubis-a.akamaized.net/coub_storage/coub/simple/cw_timeline_pic/655b05b30e8/0c151fb00c685cd66ad6f/1551055665_image.jpg","small_picture":"https://coub-anubis-a.akamaized.net/coub_storage/coub/simple/cw_image/e560c09c921/2a8ebc84bd7ddc6adb8fb/1551055666_00032.jpg","sharing_picture":null,"percent_done":100,"tags":[{"id":304,"title":"pixar","value":"pixar"},{"id":314,"title":"disney","value":"disney"},{"id":453840,"title":"disney pixar","value":"disney%20pixar"},{"id":1638809,"title":"pixar movie","value":"pixar%20movie"},{"id":424,"title":"animation","value":"animation"},{"id":4701826,"title":"kitbull","value":"kitbull"},{"id":4701827,"title":"pixar sparkshorts","value":"pixar%20sparkshorts"},{"id":4701828,"title":"spark shorts","value":"spark%20shorts"},{"id":4707966,"title":"rosana sullivan","value":"rosana%20sullivan"},{"id":4707967,"title":"kathryn hendrickson","value":"kathryn%20hendrickson"}],"categories":[{"id":14,"title":"Cartoons","permalink":"cartoons","subscriptions_count":10092974,"big_image_url":"https://coub-anubis-a.akamaized.net/coub_storage/category/cw_image/f8ede745da4/2e6c3a22d04db1a6a25e3/big_1544759035_cartoons2.png","small_image_url":"https://coub-anubis-a.akamaized.net/coub_storage/category/cw_image/f8ede745da4/2e6c3a22d04db1a6a25e3/small_1544759035_cartoons2.png","med_image_url":"https://coub-anubis-a.akamaized.net/coub_storage/category/cw_image/f8ede745da4/2e6c3a22d04db1a6a25e3/med_1544759035_cartoons2.png","visible":true}],"communities":[{"id":14,"title":"Cartoons","permalink":"cartoons","subscriptions_count":10092974,"big_image_url":"https://coub-anubis-a.akamaized.net/coub_storage/category/cw_image/f8ede745da4/2e6c3a22d04db1a6a25e3/big_1544759035_cartoons2.png","small_image_url":"https://coub-anubis-a.akamaized.net/coub_storage/category/cw_image/f8ede745da4/2e6c3a22d04db1a6a25e3/small_1544759035_cartoons2.png","med_image_url":"https://coub-anubis-a.akamaized.net/coub_storage/category/cw_image/f8ede745da4/2e6c3a22d04db1a6a25e3/med_1544759035_cartoons2.png","i_subscribed":true,"community_notifications_enabled":null,"description":null}],"recoubs_count":754,"remixes_count":1,"likes_count":4348,"dislikes_count":0,"raw_video_id":13240953,"uploaded_by_ios_app":false,"uploaded_by_android_app":false,"media_blocks":{"uploaded_raw_videos":[],"external_raw_videos":[{"id":30553866,"title":"Kitbull | Pixar SparkShorts","url":"https://www.youtube.com/watch?v=AZS5cgybKcI","image":"https://coub-anubis-a.akamaized.net/coub_storage/media_block/cw_image/b1becc5f08d/6ca64be82ad661d4c4ffc/1550517066_ma5spo_1550516945_1515hh7_att-url-download.jpg","image_retina":"https://coub-anubis-a.akamaized.net/coub_storage/media_block/cw_image/b1becc5f08d/6ca64be82ad661d4c4ffc/1550517066_ma5spo_1550516945_1515hh7_att-url-download.jpg","meta":{"service":"Youtube","duration":"537.8"},"duration":537.8,"raw_video_id":13240953,"has_embed":true}],"remixed_from_coubs":[],"external_video":{"id":30553866,"title":"Kitbull | Pixar SparkShorts","url":"https://www.youtube.com/watch?v=AZS5cgybKcI","image":"https://coub-anubis-a.akamaized.net/coub_storage/media_block/cw_image/b1becc5f08d/6ca64be82ad661d4c4ffc/1550517066_ma5spo_1550516945_1515hh7_att-url-download.jpg","image_retina":"https://coub-anubis-a.akamaized.net/coub_storage/media_block/cw_image/b1becc5f08d/6ca64be82ad661d4c4ffc/1550517066_ma5spo_1550516945_1515hh7_att-url-download.jpg","meta":{"service":"Youtube","duration":"537.8"},"duration":537.8,"raw_video_id":13240953,"has_embed":true}},"raw_video_thumbnail_url":"/missing/missing.png","raw_video_title":"Kitbull | Pixar SparkShorts","video_block_banned":false,"duration":10.0,"promo_winner":false,"promo_winner_recoubers":null,"editorial_info":{},"promo_hint":null,"beeline_best_2014":null,"from_web_editor":true,"normalize_sound":true,"normalize_change_allowed":true,"best2015_addable":false,"ahmad_promo":null,"promo_data":null,"audio_copyright_claim":null,"ads_disabled":false,"is_safe_for_ads":true,"megafon_contents":[],"position_on_page":3},{"flag":null,"abuses":null,"recoubs_by_users_channels":null,"favourite":false,"promoted_id":null,"recoub":null,"like":null,"dislike":null,"reaction":null,"in_my_best2015":false,"id":129261725,"type":"Coub::Simple","permalink":"24kz00","title":"А так можешь? - Могу!","visibility_type":"public","original_visibility_type":"public","channel_id":7185230,"created_at":"2019-11-16T19:01:11Z","updated_at":"2022-03-17T16:06:06Z","is_done":true,"views_count":275342,"cotd":null,"cotd_at":null,"visible_on_explore_root":false,"visible_on_explore":false,"featured":false,"published":true,"published_at":"2019-11-16T19:01:11Z","reversed":false,"from_editor_v2":true,"is_editable":true,"original_sound":true,"has_sound":true,"recoub_to":null,"file_versions":{"html5":{"video":{"higher":{"url":"https://coub-anubis-a.akamaized.net/coub_storage/coub/simple/cw_file/8d400cd15af/91a8cdd6af2200553dd99/muted_mp4_huge_size_1573930939_muted_huge.mp4","size":3138021},"high":{"url":"https://coub-anubis-a.akamaized.net/coub_storage/coub/simple/cw_file/8d400cd15af/91a8cdd6af2200553dd99/muted_mp4_big_size_1573930939_muted_big.mp4","size":2214846},"med":{"url":"https://coub-anubis-a.akamaized.net/coub_storage/coub/simple/cw_file/8d400cd15af/91a8cdd6af2200553dd99/muted_mp4_med_size_1573930939_muted_med.mp4","size":753825}},"audio":{"high":{"url":"https://coub-anubis-a.akamaized.net/coub_storage/coub/simple/cw_looped_audio_high/08dffc51948/9a30a75cd47fb117cb3c5/1605697352_high_1573930939_high.mp3","size":788367},"med":{"url":"https://coub-anubis-a.akamaized.net/coub_storage/coub/simple/cw_looped_audio_med/02be864cd20/d495c3473e86057f4697f/1605697351_med_1573930939_med.mp3","size":785885},"sample_duration":5.457}},"mobile":{"video":"https://coub-anubis-a.akamaized.net/coub_storage/coub/simple/cw_file/8d400cd15af/91a8cdd6af2200553dd99/muted_mp4_med_size_1573930939_muted_med.mp4","audio":["https://coub-anubis-a.akamaized.net/coub_storage/coub/simple/cw_looped_audio_med/02be864cd20/d495c3473e86057f4697f/1605697351_med_1573930939_med.mp3"]},"share":{"default":"https://coub-anubis-a.akamaized.net/coub_storage/coub/simple/cw_video_for_sharing/b40a2a1f072/36ad2aa6dfd07ae3a887a/1609061194_looped_1609061193.mp4"}},"audio_versions":{},"image_versions":{"template":"https://coub-anubis-a.akamaized.net/coub_storage/coub/simple/cw_image/01963012e80/1699f6543c5794f4a41ab/1573930954_00018.jpg","versions":["micro","tiny","age_restricted","ios_large","ios_mosaic","big","med","small","pinterest"]},"first_frame_versions":{"template":"https://coub-anubis-a.akamaized.net/coub_storage/coub/simple/cw_timeline_pic/ed6e2c07f92/48aa5e3f28e41d2188723/1573930953_image.jpg","versions":["big","med","small","ios_large"]},"dimensions":{"big":[1280,880],"med":[640,440]},"site_w_h":[640,440],"page_w_h":[640,440],"site_w_h_small":[310,213],"size":[1280,880],"age_restricted":false,"age_restricted_by_admin":false,"not_safe_for_work":false,"allow_reuse":false,"dont_crop":false,"banned":false,"global_safe":false,"audio_file_url":null,"external_download":{"type":"Youtube","service_name":"YouTube","url":"https://www.youtube.com/watch?v=T5e2GfbxTcA","has_embed":true},"application":null,"channel":{"id":7185230,"permalink":"b13502e7bc979c9f08efa85a3db60859","title":"Timofey Smirnov","description":null,"followers_count":0,"following_count":11,"avatar_versions":{"template":"https://coub-anubis-a.akamaized.net/coub_storage/channel/cw_avatar/baef558af02/44baa10ee090bc7db2f95/%{version}_1607741808_1qc7236_1576854975_UGH.png","versions":["medium","medium_2x","profile_pic","profile_pic_new","profile_pic_new_2x","tiny","tiny_2x","small","small_2x","ios_large","ios_small"]}},"file":null,"picture":"https://coub-anubis-a.akamaized.net/coub_storage/coub/simple/cw_image/01963012e80/1699f6543c5794f4a41ab/1573930954_00018.jpg","timeline_picture":"https://coub-anubis-a.akamaized.net/coub_storage/coub/simple/cw_timeline_pic/ed6e2c07f92/48aa5e3f28e41d2188723/1573930953_image.jpg","small_picture":"https://coub-anubis-a.akamaized.net/coub_storage/coub/simple/cw_image/01963012e80/1699f6543c5794f4a41ab/1573930954_00018.jpg","sharing_picture":null,"percent_done":100,"tags":[],"categories":[{"id":14,"title":"Cartoons","permalink":"cartoons","subscriptions_count":10092974,"big_image_url":"https://coub-anubis-a.akamaized.net/coub_storage/category/cw_image/f8ede745da4/2e6c3a22d04db1a6a25e3/big_1544759035_cartoons2.png","small_image_url":"https://coub-anubis-a.akamaized.net/coub_storage/category/cw_image/f8ede745da4/2e6c3a22d04db1a6a25e3/small_1544759035_cartoons2.png","med_image_url":"https://coub-anubis-a.akamaized.net/coub_storage/category/cw_image/f8ede745da4/2e6c3a22d04db1a6a25e3/med_1544759035_cartoons2.png","visible":true}],"communities":[{"id":14,"title":"Cartoons","permalink":"cartoons","subscriptions_count":10092974,"big_image_url":"https://coub-anubis-a.akamaized.net/coub_storage/category/cw_image/f8ede745da4/2e6c3a22d04db1a6a25e3/big_1544759035_cartoons2.png","small_image_url":"https://coub-anubis-a.akamaized.net/coub_storage/category/cw_image/f8ede745da4/2e6c3a22d04db1a6a25e3/small_1544759035_cartoons2.png","med_image_url":"https://coub-anubis-a.akamaized.net/coub_storage/category/cw_image/f8ede745da4/2e6c3a22d04db1a6a25e3/med_1544759035_cartoons2.png","i_subscribed":true,"community_notifications_enabled":null,"description":null}],"recoubs_count":879,"remixes_count":0,"likes_count":4328,"dislikes_count":0,"raw_video_id":14278338,"uploaded_by_ios_app":false,"uploaded_by_android_app":false,"media_blocks":{"uploaded_raw_videos":[],"external_raw_videos":[{"id":33369355,"title":"Капитан Пронин 2  Капитан Пронин в Америке","url":"https://www.youtube.com/watch?v=T5e2GfbxTcA","image":"https://coub-anubis-a.akamaized.net/coub_storage/media_block/cw_image/0ea1a72e7a1/d3378462efb26b8bc87dc/1569598427_9kmvwv_1569598353_1smf156_att-url-download.jpg","image_retina":"https://coub-anubis-a.akamaized.net/coub_storage/media_block/cw_image/0ea1a72e7a1/d3378462efb26b8bc87dc/1569598427_9kmvwv_1569598353_1smf156_att-url-download.jpg","meta":{"service":"Youtube","duration":"384.68"},"duration":384.68,"raw_video_id":14278338,"has_embed":true}],"remixed_from_coubs":[],"external_video":{"id":33369355,"title":"Капитан Пронин 2  Капитан Пронин в Америке","url":"https://www.youtube.com/watch?v=T5e2GfbxTcA","image":"https://coub-anubis-a.akamaized.net/coub_storage/media_block/cw_image/0ea1a72e7a1/d3378462efb26b8bc87dc/1569598427_9kmvwv_1569598353_1smf156_att-url-download.jpg","image_retina":"https://coub-anubis-a.akamaized.net/coub_storage/media_block/cw_image/0ea1a72e7a1/d3378462efb26b8bc87dc/1569598427_9kmvwv_1569598353_1smf156_att-url-download.jpg","meta":{"service":"Youtube","duration":"384.68"},"duration":384.68,"raw_video_id":14278338,"has_embed":true}},"raw_video_thumbnail_url":"/missing/missing.png","raw_video_title":"Капитан Пронин 2  Капитан Пронин в Америке","video_block_banned":false,"duration":5.48,"promo_winner":false,"promo_winner_recoubers":null,"editorial_info":{},"promo_hint":null,"beeline_best_2014":null,"from_web_editor":true,"normalize_sound":true,"normalize_change_allowed":true,"best2015_addable":false,"ahmad_promo":null,"promo_data":null,"audio_copyright_claim":null,"ads_disabled":false,"is_safe_for_ads":true,"megafon_contents":[],"position_on_page":4},{"flag":null,"abuses":null,"recoubs_by_users_channels":null,"favourite":false,"promoted_id":null,"recoub":null,"like":null,"dislike":null,"reaction":null,"in_my_best2015":false,"id":145090920,"type":"Coub::Simple","permalink":"2e1bkm","title":"ГРИБ (mashroom)","visibility_type":"public","original_visibility_type":"public","channel_id":2764884,"created_at":"2020-05-16T20:37:47Z","updated_at":"2022-03-17T18:58:17Z","is_done":true,"views_count":274547,"cotd":null,"cotd_at":null,"visible_on_explore_root":false,"visible_on_explore":false,"featured":false,"published":true,"published_at":"2020-05-16T20:37:47Z","reversed":false,"from_editor_v2":true,"is_editable":true,"original_sound":true,"has_sound":true,"recoub_to":null,"file_versions":{"html5":{"video":{"higher":{"url":"https://coub-anubis-a.akamaized.net/coub_storage/coub/simple/cw_file/ee7e9a4b33f/83c1f6bad470b0da14c35/muted_mp4_huge_size_1589661486_muted_huge.mp4","size":808485},"high":{"url":"https://coub-anubis-a.akamaized.net/coub_storage/coub/simple/cw_file/ee7e9a4b33f/83c1f6bad470b0da14c35/muted_mp4_big_size_1589661486_muted_big.mp4","size":535725},"med":{"url":"https://coub-anubis-a.akamaized.net/coub_storage/coub/simple/cw_file/ee7e9a4b33f/83c1f6bad470b0da14c35/muted_mp4_med_size_1589661486_muted_med.mp4","size":184167}},"audio":{"high":{"url":"https://coub-anubis-a.akamaized.net/coub_storage/coub/simple/cw_looped_audio_high/44aea661da6/b3a4f5e626d3e89888a12/1605690764_high_1589661486_high.mp3","size":826427},"med":{"url":"https://coub-anubis-a.akamaized.net/coub_storage/coub/simple/cw_looped_audio_med/814a51a1322/3bfd81e05a4e8faeb1537/1605690763_med_1589661486_med.mp3","size":826428},"sample_duration":5.062}},"mobile":{"video":"https://coub-anubis-a.akamaized.net/coub_storage/coub/simple/cw_file/ee7e9a4b33f/83c1f6bad470b0da14c35/muted_mp4_med_size_1589661486_muted_med.mp4","audio":["https://coub-anubis-a.akamaized.net/coub_storage/coub/simple/cw_looped_audio_med/814a51a1322/3bfd81e05a4e8faeb1537/1605690763_med_1589661486_med.mp3"]},"share":{"default":"https://coub-anubis-a.akamaized.net/coub_storage/coub/simple/cw_video_for_sharing/edebc8ef4cc/77d53640792fe7c296210/1608487595_looped_1608487595.mp4"}},"audio_versions":{},"image_versions":{"template":"https://coub-anubis-a.akamaized.net/coub_storage/coub/simple/cw_image/5e57f2d9af0/3d9f2566b4585398637e4/1589661495_00016.jpg","versions":["micro","tiny","age_restricted","ios_large","ios_mosaic","big","med","small","pinterest"]},"first_frame_versions":{"template":"https://coub-anubis-a.akamaized.net/coub_storage/coub/simple/cw_timeline_pic/2ce92f1ca3c/fdc4ebd3a298d645bd013/%{version}_1589661494_image.jpg","versions":["big","med","small","ios_large"]},"dimensions":{"big":[1280,720],"med":[640,360]},"site_w_h":[640,360],"page_w_h":[640,360],"site_w_h_small":[310,174],"size":[1280,720],"age_restricted":false,"age_restricted_by_admin":false,"not_safe_for_work":false,"allow_reuse":false,"dont_crop":false,"banned":false,"global_safe":false,"audio_file_url":null,"external_download":{"type":"Youtube","service_name":"YouTube","url":"https://www.youtube.com/watch?v=40Bb8EccXkY","has_embed":true},"application":null,"channel":{"id":2764884,"permalink":"kepa-gaming","title":"KEPA Gaming","description":null,"followers_count":12,"following_count":5,"avatar_versions":{"template":"https://coub-anubis-a.akamaized.net/coub_storage/channel/cw_avatar/70eca3525ea/69fda4c0a730849aa1df1/%{version}_1609230787_skpn3q_1469816588_19ys8gl_246469797.jpg","versions":["medium","medium_2x","profile_pic","profile_pic_new","profile_pic_new_2x","tiny","tiny_2x","small","small_2x","ios_large","ios_small"]}},"file":null,"picture":"https://coub-anubis-a.akamaized.net/coub_storage/coub/simple/cw_image/5e57f2d9af0/3d9f2566b4585398637e4/1589661495_00016.jpg","timeline_picture":"https://coub-anubis-a.akamaized.net/coub_storage/coub/simple/cw_timeline_pic/2ce92f1ca3c/fdc4ebd3a298d645bd013/ios_large_1589661494_image.jpg","small_picture":"https://coub-anubis-a.akamaized.net/coub_storage/coub/simple/cw_image/5e57f2d9af0/3d9f2566b4585398637e4/1589661495_00016.jpg","sharing_picture":null,"percent_done":100,"tags":[{"id":36049,"title":"аватар","value":"%D0%B0%D0%B2%D0%B0%D1%82%D0%B0%D1%80"},{"id":498740,"title":"аватар легенда об аанге","value":"%D0%B0%D0%B2%D0%B0%D1%82%D0%B0%D1%80%20%D0%BB%D0%B5%D0%B3%D0%B5%D0%BD%D0%B4%D0%B0%20%D0%BE%D0%B1%20%D0%B0%D0%B0%D0%BD%D0%B3%D0%B5"},{"id":5667627,"title":"ааг","value":"%D0%B0%D0%B0%D0%B3"},{"id":904206,"title":"повелитель стихий","value":"%D0%BF%D0%BE%D0%B2%D0%B5%D0%BB%D0%B8%D1%82%D0%B5%D0%BB%D1%8C%20%D1%81%D1%82%D0%B8%D1%85%D0%B8%D0%B9"},{"id":115403,"title":"airbender","value":"airbender"},{"id":314437,"title":"добрый гриб","value":"%D0%B4%D0%BE%D0%B1%D1%80%D1%8B%D0%B9%20%D0%B3%D1%80%D0%B8%D0%B1"},{"id":3386727,"title":"сока","value":"%D1%81%D0%BE%D0%BA%D0%B0"},{"id":3843390,"title":"gothic rap","value":"gothic%20rap"},{"id":74,"title":"rap","value":"rap"},{"id":5667628,"title":"аватар рэп","value":"%D0%B0%D0%B2%D0%B0%D1%82%D0%B0%D1%80%20%D1%80%D1%8D%D0%BF"},{"id":5667629,"title":"мультрэп","value":"%D0%BC%D1%83%D0%BB%D1%8C%D1%82%D1%80%D1%8D%D0%BF"},{"id":1022924,"title":"корра","value":"%D0%BA%D0%BE%D1%80%D1%80%D0%B0"},{"id":26176,"title":"avatar","value":"avatar"}],"categories":[{"id":14,"title":"Cartoons","permalink":"cartoons","subscriptions_count":10092974,"big_image_url":"https://coub-anubis-a.akamaized.net/coub_storage/category/cw_image/f8ede745da4/2e6c3a22d04db1a6a25e3/big_1544759035_cartoons2.png","small_image_url":"https://coub-anubis-a.akamaized.net/coub_storage/category/cw_image/f8ede745da4/2e6c3a22d04db1a6a25e3/small_1544759035_cartoons2.png","med_image_url":"https://coub-anubis-a.akamaized.net/coub_storage/category/cw_image/f8ede745da4/2e6c3a22d04db1a6a25e3/med_1544759035_cartoons2.png","visible":true}],"communities":[{"id":14,"title":"Cartoons","permalink":"cartoons","subscriptions_count":10092974,"big_image_url":"https://coub-anubis-a.akamaized.net/coub_storage/category/cw_image/f8ede745da4/2e6c3a22d04db1a6a25e3/big_1544759035_cartoons2.png","small_image_url":"https://coub-anubis-a.akamaized.net/coub_storage/category/cw_image/f8ede745da4/2e6c3a22d04db1a6a25e3/small_1544759035_cartoons2.png","med_image_url":"https://coub-anubis-a.akamaized.net/coub_storage/category/cw_image/f8ede745da4/2e6c3a22d04db1a6a25e3/med_1544759035_cartoons2.png","i_subscribed":true,"community_notifications_enabled":null,"description":null}],"recoubs_count":858,"remixes_count":1,"likes_count":4324,"dislikes_count":0,"raw_video_id":15230854,"uploaded_by_ios_app":false,"uploaded_by_android_app":false,"media_blocks":{"uploaded_raw_videos":[],"external_raw_videos":[{"id":35830432,"title":"Легенда об аанге - Добрый Гриб [МультРэп] / [Cartoon Rap]","url":"https://www.youtube.com/watch?v=40Bb8EccXkY","image":"https://coub-anubis-a.akamaized.net/coub_storage/media_block/cw_image/862a3534d25/5b0833e9dc6584efbd547/1589660908_3za6ii_1589660888_w3skt_att-url-download.jpg","image_retina":"https://coub-anubis-a.akamaized.net/coub_storage/media_block/cw_image/862a3534d25/5b0833e9dc6584efbd547/1589660908_3za6ii_1589660888_w3skt_att-url-download.jpg","meta":{"service":"Youtube","duration":"87.601"},"duration":87.601,"raw_video_id":15230854,"has_embed":true}],"remixed_from_coubs":[],"external_video":{"id":35830432,"title":"Легенда об аанге - Добрый Гриб [МультРэп] / [Cartoon Rap]","url":"https://www.youtube.com/watch?v=40Bb8EccXkY","image":"https://coub-anubis-a.akamaized.net/coub_storage/media_block/cw_image/862a3534d25/5b0833e9dc6584efbd547/1589660908_3za6ii_1589660888_w3skt_att-url-download.jpg","image_retina":"https://coub-anubis-a.akamaized.net/coub_storage/media_block/cw_image/862a3534d25/5b0833e9dc6584efbd547/1589660908_3za6ii_1589660888_w3skt_att-url-download.jpg","meta":{"service":"Youtube","duration":"87.601"},"duration":87.601,"raw_video_id":15230854,"has_embed":true}},"raw_video_thumbnail_url":"/missing/missing.png","raw_video_title":"Легенда об аанге - Добрый Гриб [МультРэп] / [Cartoon Rap]","video_block_banned":false,"duration":5.04,"promo_winner":false,"promo_winner_recoubers":null,"editorial_info":{},"promo_hint":null,"beeline_best_2014":null,"from_web_editor":true,"normalize_sound":true,"normalize_change_allowed":true,"best2015_addable":false,"ahmad_promo":null,"promo_data":null,"audio_copyright_claim":null,"ads_disabled":false,"is_safe_for_ads":true,"megafon_contents":[],"position_on_page":5},{"flag":null,"abuses":null,"recoubs_by_users_channels":null,"favourite":false,"promoted_id":null,"recoub":null,"like":null,"dislike":null,"reaction":null,"in_my_best2015":false,"id":126951290,"type":"Coub::Simple","permalink":"2376rb","title":"authority","visibility_type":"public","original_visibility_type":"public","channel_id":194154,"created_at":"2019-10-21T03:38:43Z","updated_at":"2022-03-17T20:47:46Z","is_done":true,"views_count":245972,"cotd":null,"cotd_at":null,"visible_on_explore_root":true,"visible_on_explore":true,"featured":true,"published":true,"published_at":"2019-10-21T05:21:00Z","reversed":false,"from_editor_v2":true,"is_editable":true,"original_sound":false,"has_sound":false,"recoub_to":null,"file_versions":{"html5":{"video":{"higher":{"url":"https://coub-anubis-a.akamaized.net/coub_storage/coub/simple/cw_file/3e3025918b0/7ca75ff14cee9ea08c7ba/muted_mp4_huge_size_1571634579_muted_huge.mp4","size":4740242},"high":{"url":"https://coub-anubis-a.akamaized.net/coub_storage/coub/simple/cw_file/3e3025918b0/7ca75ff14cee9ea08c7ba/muted_mp4_big_size_1571634579_muted_big.mp4","size":3701100},"med":{"url":"https://coub-anubis-a.akamaized.net/coub_storage/coub/simple/cw_file/3e3025918b0/7ca75ff14cee9ea08c7ba/muted_mp4_med_size_1571634579_muted_med.mp4","size":1235696}},"audio":{"high":{"url":"https://coub-anubis-a.akamaized.net/coub_storage/coub/simple/cw_looped_audio_high/e7979ceac2a/1becef13c75351acbb184/1605694475_high_1571634583_high.mp3","size":1222241},"med":{"url":"https://coub-anubis-a.akamaized.net/coub_storage/coub/simple/cw_looped_audio_med/49811f44c69/f33325ec5cf907adaef1d/1605694475_med_1571634583_med.mp3","size":832540}}},"mobile":{"video":"https://coub-anubis-a.akamaized.net/coub_storage/coub/simple/cw_file/3e3025918b0/7ca75ff14cee9ea08c7ba/muted_mp4_med_size_1571634579_muted_med.mp4","audio":["https://coub-anubis-a.akamaized.net/coub_storage/coub/simple/cw_looped_audio_med/49811f44c69/f33325ec5cf907adaef1d/1605694475_med_1571634583_med.mp3"]},"share":{"default":"https://coub-anubis-a.akamaized.net/coub_storage/coub/simple/cw_video_for_sharing/ee547f0c6f8/acf37a87d90dafc817e3d/1610379118_looped_1610379117.mp4"}},"audio_versions":{"template":"https://coub-anubis-a.akamaized.net/coub_storage/audio_track/cw_file/d37f1c159f8/207d7e394b55d8cf76fde/mid_1571632038_audio.mp3","versions":["mid","low"]},"image_versions":{"template":"https://coub-anubis-a.akamaized.net/coub_storage/coub/simple/cw_image/4e9aad493e7/31b797bde6d4a5d45055a/1571634593_00029.jpg","versions":["micro","tiny","age_restricted","ios_large","ios_mosaic","big","med","small","pinterest"]},"first_frame_versions":{"template":"https://coub-anubis-a.akamaized.net/coub_storage/coub/simple/cw_timeline_pic/f43005e7add/c6a66c5e488c6b435a4ad/%{version}_1571634592_image.jpg","versions":["big","med","small","ios_large"]},"dimensions":{"big":[1280,720],"med":[640,360]},"site_w_h":[640,360],"page_w_h":[640,360],"site_w_h_small":[310,174],"size":[1280,720],"age_restricted":false,"age_restricted_by_admin":false,"not_safe_for_work":false,"allow_reuse":false,"dont_crop":false,"banned":false,"global_safe":true,"audio_file_url":"https://coub-anubis-a.akamaized.net/coub_storage/audio_track/cw_file/d37f1c159f8/207d7e394b55d8cf76fde/low_1571632038_audio.mp3","external_download":false,"application":null,"channel":{"id":194154,"permalink":"ex3m4xh8","title":"4x h8","description":null,"followers_count":31258,"following_count":0,"avatar_versions":{"template":"https://coub-anubis-a.akamaized.net/coub_storage/channel/cw_avatar/30c9a170620/4a3a7e0d84cccb142397e/%{version}_1619708201_v-drawing-for-vendetta-11.png","versions":["medium","medium_2x","profile_pic","profile_pic_new","profile_pic_new_2x","tiny","tiny_2x","small","small_2x","ios_large","ios_small"]}},"file":null,"picture":"https://coub-anubis-a.akamaized.net/coub_storage/coub/simple/cw_image/4e9aad493e7/31b797bde6d4a5d45055a/1571634593_00029.jpg","timeline_picture":"https://coub-anubis-a.akamaized.net/coub_storage/coub/simple/cw_timeline_pic/f43005e7add/c6a66c5e488c6b435a4ad/ios_large_1571634592_image.jpg","small_picture":"https://coub-anubis-a.akamaized.net/coub_storage/coub/simple/cw_image/4e9aad493e7/31b797bde6d4a5d45055a/1571634593_00029.jpg","sharing_picture":null,"percent_done":100,"tags":[{"id":4444,"title":"urbance","value":"urbance"},{"id":2923419,"title":"vondkreistan","value":"vondkreistan"}],"categories":[{"id":14,"title":"Cartoons","permalink":"cartoons","subscriptions_count":10092974,"big_image_url":"https://coub-anubis-a.akamaized.net/coub_storage/category/cw_image/f8ede745da4/2e6c3a22d04db1a6a25e3/big_1544759035_cartoons2.png","small_image_url":"https://coub-anubis-a.akamaized.net/coub_storage/category/cw_image/f8ede745da4/2e6c3a22d04db1a6a25e3/small_1544759035_cartoons2.png","med_image_url":"https://coub-anubis-a.akamaized.net/coub_storage/category/cw_image/f8ede745da4/2e6c3a22d04db1a6a25e3/med_1544759035_cartoons2.png","visible":true}],"communities":[{"id":14,"title":"Cartoons","permalink":"cartoons","subscriptions_count":10092974,"big_image_url":"https://coub-anubis-a.akamaized.net/coub_storage/category/cw_image/f8ede745da4/2e6c3a22d04db1a6a25e3/big_1544759035_cartoons2.png","small_image_url":"https://coub-anubis-a.akamaized.net/coub_storage/category/cw_image/f8ede745da4/2e6c3a22d04db1a6a25e3/small_1544759035_cartoons2.png","med_image_url":"https://coub-anubis-a.akamaized.net/coub_storage/category/cw_image/f8ede745da4/2e6c3a22d04db1a6a25e3/med_1544759035_cartoons2.png","i_subscribed":true,"community_notifications_enabled":null,"description":null}],"recoubs_count":789,"remixes_count":4,"likes_count":4319,"dislikes_count":0,"raw_video_id":14370917,"uploaded_by_ios_app":false,"uploaded_by_android_app":false,"media_blocks":{"uploaded_raw_videos":[],"external_raw_videos":[],"remixed_from_coubs":[]},"raw_video_thumbnail_url":"/missing/missing.png","raw_video_title":"URBANCE_Official_Trailer_-_YouTube.mkv","video_block_banned":false,"duration":9.04,"promo_winner":false,"promo_winner_recoubers":null,"editorial_info":{},"promo_hint":null,"beeline_best_2014":null,"from_web_editor":true,"normalize_sound":false,"normalize_change_allowed":true,"best2015_addable":false,"ahmad_promo":null,"promo_data":null,"audio_copyright_claim":null,"ads_disabled":false,"is_safe_for_ads":true,"megafon_contents":[],"position_on_page":6},{"flag":null,"abuses":null,"recoubs_by_users_channels":null,"favourite":false,"promoted_id":null,"recoub":null,"like":null,"dislike":null,"reaction":null,"in_my_best2015":false,"id":84928291,"type":"Coub::Simple","permalink":"1e5o99","title":"no no no","visibility_type":"public","original_visibility_type":"public","channel_id":1958507,"created_at":"2018-09-11T08:47:39Z","updated_at":"2022-03-16T21:52:04Z","is_done":true,"views_count":249961,"cotd":null,"cotd_at":null,"visible_on_explore_root":false,"visible_on_explore":false,"featured":false,"published":true,"published_at":"2018-09-11T08:47:39Z","reversed":false,"from_editor_v2":true,"is_editable":true,"original_sound":false,"has_sound":false,"recoub_to":null,"file_versions":{"html5":{"video":{"higher":{"url":"https://coub-anubis-a.akamaized.net/coub_storage/coub/simple/cw_file/9ad5ecf237d/9afdc58c2166d6575ef6b/muted_mp4_huge_size_1570458713_muted_huge.mp4","size":659778},"high":{"url":"https://coub-anubis-a.akamaized.net/coub_storage/coub/simple/cw_file/9ad5ecf237d/9afdc58c2166d6575ef6b/muted_mp4_big_size_1570458713_muted_big.mp4","size":430167},"med":{"url":"https://coub-anubis-a.akamaized.net/coub_storage/coub/simple/cw_file/9ad5ecf237d/9afdc58c2166d6575ef6b/muted_mp4_med_size_1570458713_muted_med.mp4","size":166756}},"audio":{"high":{"url":"https://coub-anubis-a.akamaized.net/coub_storage/coub/simple/cw_looped_audio_high/6e67748534b/ec6c005e80095360cf7cc/1605610346_high_1536655687_high.mp3","size":2786770},"med":{"url":"https://coub-anubis-a.akamaized.net/coub_storage/coub/simple/cw_looped_audio_med/b2dedc94b7b/86a2719f712fe5656579c/1605610345_med_1536655687_med.mp3","size":2332485}}},"mobile":{"video":"https://coub-anubis-a.akamaized.net/coub_storage/coub/simple/cw_file/9ad5ecf237d/9afdc58c2166d6575ef6b/muted_mp4_med_size_1570458713_muted_med.mp4","audio":["https://coub-anubis-a.akamaized.net/coub_storage/coub/simple/cw_looped_audio_med/b2dedc94b7b/86a2719f712fe5656579c/1605610345_med_1536655687_med.mp3"]},"share":{"default":"https://coub-anubis-a.akamaized.net/coub_storage/coub/simple/cw_video_for_sharing/bf58588f4da/cd6cb5481c1fd6f6378e7/1611867000_looped_1611866999.mp4"}},"audio_versions":{"template":"https://coub-anubis-a.akamaized.net/coub_storage/audio_track/cw_normalized_copy/5635795db65/af3bbc524adad27208ce2/mid_1536655678_2x3rrn_normalized_1536655667_1w2ep3i_edited.mp3","versions":["mid","low"]},"image_versions":{"template":"https://coub-anubis-a.akamaized.net/coub_storage/coub/simple/cw_image/ea2ed8a1837/ad2be52faa204ef2e489f/1536655696_00016.jpg","versions":["micro","tiny","age_restricted","ios_large","ios_mosaic","big","med","small","pinterest"]},"first_frame_versions":{"template":"https://coub-anubis-a.akamaized.net/coub_storage/coub/simple/cw_timeline_pic/a0a59de62b0/ffb8736b970a391293908/%{version}_1536655696_image.jpg","versions":["big","med","small","ios_large"]},"dimensions":{"big":[1280,960],"med":[640,480]},"site_w_h":[640,480],"page_w_h":[640,480],"site_w_h_small":[310,233],"size":[1280,960],"age_restricted":false,"age_restricted_by_admin":false,"not_safe_for_work":false,"allow_reuse":false,"dont_crop":false,"banned":false,"global_safe":true,"audio_file_url":"https://coub-anubis-a.akamaized.net/coub_storage/audio_track/cw_normalized_copy/5635795db65/af3bbc524adad27208ce2/low_1536655678_2x3rrn_normalized_1536655667_1w2ep3i_edited.mp3","external_download":{"type":"Youtube","service_name":"YouTube","url":"http://www.youtube.com/watch?v=b0xpqhWNA8A","has_embed":true},"application":null,"channel":{"id":1958507,"permalink":"kotelala","title":"KOteLALa","description":"I'm a god cat","followers_count":295,"following_count":7,"avatar_versions":{"template":"https://coub-anubis-a.akamaized.net/coub_storage/channel/cw_avatar/03ba2a35962/eb2a13350d0221cb2dcf4/%{version}_1609507684_9nky6f_1529571158_1UQrEgaqS7g.jpg","versions":["medium","medium_2x","profile_pic","profile_pic_new","profile_pic_new_2x","tiny","tiny_2x","small","small_2x","ios_large","ios_small"]}},"file":null,"picture":"https://coub-anubis-a.akamaized.net/coub_storage/coub/simple/cw_image/ea2ed8a1837/ad2be52faa204ef2e489f/1536655696_00016.jpg","timeline_picture":"https://coub-anubis-a.akamaized.net/coub_storage/coub/simple/cw_timeline_pic/a0a59de62b0/ffb8736b970a391293908/ios_large_1536655696_image.jpg","small_picture":"https://coub-anubis-a.akamaized.net/coub_storage/coub/simple/cw_image/ea2ed8a1837/ad2be52faa204ef2e489f/1536655696_00016.jpg","sharing_picture":null,"percent_done":100,"tags":[{"id":182469,"title":"貓","value":"%E8%B2%93"},{"id":1624534,"title":"咖波","value":"%E5%92%96%E6%B3%A2"},{"id":1617768,"title":"capoo","value":"capoo"},{"id":2804,"title":"bug","value":"bug"},{"id":39,"title":"cats","value":"cats"},{"id":419,"title":"dog","value":"dog"},{"id":1836083,"title":"貓貓蟲","value":"%E8%B2%93%E8%B2%93%E8%9F%B2"},{"id":191016,"title":"可愛","value":"%E5%8F%AF%E6%84%9B"},{"id":424,"title":"animation","value":"animation"},{"id":134,"title":"cat","value":"cat"}],"categories":[{"id":14,"title":"Cartoons","permalink":"cartoons","subscriptions_count":10092974,"big_image_url":"https://coub-anubis-a.akamaized.net/coub_storage/category/cw_image/f8ede745da4/2e6c3a22d04db1a6a25e3/big_1544759035_cartoons2.png","small_image_url":"https://coub-anubis-a.akamaized.net/coub_storage/category/cw_image/f8ede745da4/2e6c3a22d04db1a6a25e3/small_1544759035_cartoons2.png","med_image_url":"https://coub-anubis-a.akamaized.net/coub_storage/category/cw_image/f8ede745da4/2e6c3a22d04db1a6a25e3/med_1544759035_cartoons2.png","visible":true}],"communities":[{"id":14,"title":"Cartoons","permalink":"cartoons","subscriptions_count":10092974,"big_image_url":"https://coub-anubis-a.akamaized.net/coub_storage/category/cw_image/f8ede745da4/2e6c3a22d04db1a6a25e3/big_1544759035_cartoons2.png","small_image_url":"https://coub-anubis-a.akamaized.net/coub_storage/category/cw_image/f8ede745da4/2e6c3a22d04db1a6a25e3/small_1544759035_cartoons2.png","med_image_url":"https://coub-anubis-a.akamaized.net/coub_storage/category/cw_image/f8ede745da4/2e6c3a22d04db1a6a25e3/med_1544759035_cartoons2.png","i_subscribed":true,"community_notifications_enabled":null,"description":null}],"recoubs_count":923,"remixes_count":1,"likes_count":4310,"dislikes_count":0,"raw_video_id":12105796,"uploaded_by_ios_app":false,"uploaded_by_android_app":false,"media_blocks":{"uploaded_raw_videos":[],"external_raw_videos":[{"id":27469921,"title":"[貓貓蟲咖波] 咖波小短片合集","url":"https://www.youtube.com/watch?v=b0xpqhWNA8A","image":"https://coub-anubis-a.akamaized.net/coub_storage/media_block/cw_image/f54a9be2b48/9ff02ecd0f96f15e6dc28/1532695475_1532695461_cxxbf2_att-url-download.jpg","image_retina":"https://coub-anubis-a.akamaized.net/coub_storage/media_block/cw_image/f54a9be2b48/9ff02ecd0f96f15e6dc28/1532695475_1532695461_cxxbf2_att-url-download.jpg","meta":{"service":"Youtube","duration":"59.48"},"duration":59.48,"raw_video_id":12105796,"has_embed":true}],"remixed_from_coubs":[],"external_video":{"id":27469921,"title":"[貓貓蟲咖波] 咖波小短片合集","url":"https://www.youtube.com/watch?v=b0xpqhWNA8A","image":"https://coub-anubis-a.akamaized.net/coub_storage/media_block/cw_image/f54a9be2b48/9ff02ecd0f96f15e6dc28/1532695475_1532695461_cxxbf2_att-url-download.jpg","image_retina":"https://coub-anubis-a.akamaized.net/coub_storage/media_block/cw_image/f54a9be2b48/9ff02ecd0f96f15e6dc28/1532695475_1532695461_cxxbf2_att-url-download.jpg","meta":{"service":"Youtube","duration":"59.48"},"duration":59.48,"raw_video_id":12105796,"has_embed":true}},"raw_video_thumbnail_url":"/missing/missing.png","raw_video_title":"[貓貓蟲咖波] 咖波小短片合集","video_block_banned":false,"duration":5.08,"promo_winner":false,"promo_winner_recoubers":null,"editorial_info":{},"promo_hint":null,"beeline_best_2014":null,"from_web_editor":true,"normalize_sound":true,"normalize_change_allowed":true,"best2015_addable":false,"ahmad_promo":null,"promo_data":null,"audio_copyright_claim":null,"ads_disabled":false,"is_safe_for_ads":true,"megafon_contents":[],"position_on_page":7},{"flag":null,"abuses":null,"recoubs_by_users_channels":null,"favourite":false,"promoted_id":null,"recoub":null,"like":null,"dislike":null,"reaction":null,"in_my_best2015":false,"id":141152531,"type":"Coub::Simple","permalink":"2bowo1","title":"Rabbit Travel - Quarantine is... to pet your cat for hours","visibility_type":"public","original_visibility_type":"public","channel_id":1628735,"created_at":"2020-04-03T06:44:10Z","updated_at":"2022-03-18T01:44:24Z","is_done":true,"views_count":338475,"cotd":null,"cotd_at":null,"visible_on_explore_root":true,"visible_on_explore":true,"featured":true,"published":true,"published_at":"2020-04-03T06:44:10Z","reversed":false,"from_editor_v2":true,"is_editable":true,"original_sound":true,"has_sound":true,"recoub_to":null,"file_versions":{"html5":{"video":{"higher":{"url":"https://coub-anubis-a.akamaized.net/coub_storage/coub/simple/cw_file/8f163323911/023b90c0722dbe90790f4/muted_mp4_huge_size_1585896254_muted_huge.mp4","size":761996},"high":{"url":"https://coub-anubis-a.akamaized.net/coub_storage/coub/simple/cw_file/8f163323911/023b90c0722dbe90790f4/muted_mp4_big_size_1585896254_muted_big.mp4","size":551516},"med":{"url":"https://coub-anubis-a.akamaized.net/coub_storage/coub/simple/cw_file/8f163323911/023b90c0722dbe90790f4/muted_mp4_med_size_1585896254_muted_med.mp4","size":238161}},"audio":{"high":{"url":"https://coub-anubis-a.akamaized.net/coub_storage/coub/simple/cw_looped_audio_high/fe8b0b1afe4/079f015777668bd2662f4/1605699613_high_1585896254_high.mp3","size":907025},"med":{"url":"https://coub-anubis-a.akamaized.net/coub_storage/coub/simple/cw_looped_audio_med/9f0a0cd668b/8ebf273edb2e80aa9b9db/1605699613_med_1585896254_med.mp3","size":815068},"sample_duration":7.012}},"mobile":{"video":"https://coub-anubis-a.akamaized.net/coub_storage/coub/simple/cw_file/8f163323911/023b90c0722dbe90790f4/muted_mp4_med_size_1585896254_muted_med.mp4","audio":["https://coub-anubis-a.akamaized.net/coub_storage/coub/simple/cw_looped_audio_med/9f0a0cd668b/8ebf273edb2e80aa9b9db/1605699613_med_1585896254_med.mp3"]},"share":{"default":"https://coub-anubis-a.akamaized.net/coub_storage/coub/simple/cw_video_for_sharing/ec0416e7fbf/1ac3fc9d4bc3e25c537c0/1608171451_looped_1608171450.mp4"}},"audio_versions":{},"image_versions":{"template":"https://coub-anubis-a.akamaized.net/coub_storage/coub/simple/cw_image/f1aab893d2b/d96d252d303815f11d6ef/1585896259_00022.jpg","versions":["micro","tiny","age_restricted","ios_large","ios_mosaic","big","med","small","pinterest"]},"first_frame_versions":{"template":"https://coub-anubis-a.akamaized.net/coub_storage/coub/simple/cw_timeline_pic/a5932451f3c/208af679151a93ac9958c/%{version}_1585896259_image.jpg","versions":["big","med","small","ios_large"]},"dimensions":{"big":[960,960],"med":[480,480]},"site_w_h":[400,400],"page_w_h":[400,400],"site_w_h_small":[310,310],"size":[960,960],"age_restricted":false,"age_restricted_by_admin":false,"not_safe_for_work":false,"allow_reuse":false,"dont_crop":false,"banned":false,"global_safe":true,"audio_file_url":null,"external_download":{"type":"Youtube","service_name":"YouTube","url":"https://youtu.be/ejLdUFQ2wxo","has_embed":true},"application":null,"channel":{"id":1628735,"permalink":"volf.maple","title":"VolF Maple","description":"Живая 2D анимация!","followers_count":13480,"following_count":23,"avatar_versions":{"template":"https://coub-anubis-a.akamaized.net/coub_storage/channel/cw_avatar/9e2829d1fcd/8f0237b355373e9e0403c/%{version}_1607432111_1afe38_1474672472____-_____-1.jpg","versions":["medium","medium_2x","profile_pic","profile_pic_new","profile_pic_new_2x","tiny","tiny_2x","small","small_2x","ios_large","ios_small"]}},"file":null,"picture":"https://coub-anubis-a.akamaized.net/coub_storage/coub/simple/cw_image/f1aab893d2b/d96d252d303815f11d6ef/1585896259_00022.jpg","timeline_picture":"https://coub-anubis-a.akamaized.net/coub_storage/coub/simple/cw_timeline_pic/a5932451f3c/208af679151a93ac9958c/ios_large_1585896259_image.jpg","small_picture":"https://coub-anubis-a.akamaized.net/coub_storage/coub/simple/cw_image/f1aab893d2b/d96d252d303815f11d6ef/1585896259_00022.jpg","sharing_picture":null,"percent_done":100,"tags":[{"id":5477807,"title":"covid","value":"covid"},{"id":5477341,"title":"covid-19","value":"covid-19"},{"id":129610,"title":"карантин","value":"%D0%BA%D0%B0%D1%80%D0%B0%D0%BD%D1%82%D0%B8%D0%BD"},{"id":725144,"title":"оставайтесь дома","value":"%D0%BE%D1%81%D1%82%D0%B0%D0%B2%D0%B0%D0%B9%D1%82%D0%B5%D1%81%D1%8C%20%D0%B4%D0%BE%D0%BC%D0%B0"},{"id":5540996,"title":"домалучше","value":"%D0%B4%D0%BE%D0%BC%D0%B0%D0%BB%D1%83%D1%87%D1%88%D0%B5"},{"id":143,"title":"кот","value":"%D0%BA%D0%BE%D1%82"},{"id":13227,"title":"коты","value":"%D0%BA%D0%BE%D1%82%D1%8B"},{"id":1232,"title":"котик","value":"%D0%BA%D0%BE%D1%82%D0%B8%D0%BA"},{"id":9134,"title":"анимация","value":"%D0%B0%D0%BD%D0%B8%D0%BC%D0%B0%D1%86%D0%B8%D1%8F"},{"id":1437,"title":"юмор","value":"%D1%8E%D0%BC%D0%BE%D1%80"},{"id":134,"title":"cat","value":"cat"},{"id":424,"title":"animation","value":"animation"},{"id":715788,"title":"volf maple","value":"volf%20maple"},{"id":715787,"title":"volfmaple.com","value":"volfmaple.com"},{"id":4431548,"title":"volfmaple","value":"volfmaple"}],"categories":[{"id":14,"title":"Cartoons","permalink":"cartoons","subscriptions_count":10092974,"big_image_url":"https://coub-anubis-a.akamaized.net/coub_storage/category/cw_image/f8ede745da4/2e6c3a22d04db1a6a25e3/big_1544759035_cartoons2.png","small_image_url":"https://coub-anubis-a.akamaized.net/coub_storage/category/cw_image/f8ede745da4/2e6c3a22d04db1a6a25e3/small_1544759035_cartoons2.png","med_image_url":"https://coub-anubis-a.akamaized.net/coub_storage/category/cw_image/f8ede745da4/2e6c3a22d04db1a6a25e3/med_1544759035_cartoons2.png","visible":true}],"communities":[{"id":14,"title":"Cartoons","permalink":"cartoons","subscriptions_count":10092974,"big_image_url":"https://coub-anubis-a.akamaized.net/coub_storage/category/cw_image/f8ede745da4/2e6c3a22d04db1a6a25e3/big_1544759035_cartoons2.png","small_image_url":"https://coub-anubis-a.akamaized.net/coub_storage/category/cw_image/f8ede745da4/2e6c3a22d04db1a6a25e3/small_1544759035_cartoons2.png","med_image_url":"https://coub-anubis-a.akamaized.net/coub_storage/category/cw_image/f8ede745da4/2e6c3a22d04db1a6a25e3/med_1544759035_cartoons2.png","i_subscribed":true,"community_notifications_enabled":null,"description":null}],"recoubs_count":734,"remixes_count":0,"likes_count":4303,"dislikes_count":0,"raw_video_id":15019739,"uploaded_by_ios_app":false,"uploaded_by_android_app":false,"media_blocks":{"uploaded_raw_videos":[],"external_raw_videos":[{"id":35307700,"title":"Rabbit Travel - Quarantine is... to pet your cat for hours","url":"https://www.youtube.com/watch?v=ejLdUFQ2wxo","image":"https://coub-anubis-a.akamaized.net/coub_storage/media_block/cw_image/14edc107321/59d0edefdc3cc85006cb0/1585896148_b5ofx0_1585896143_i1uclb_att-url-download.jpg","image_retina":"https://coub-anubis-a.akamaized.net/coub_storage/media_block/cw_image/14edc107321/59d0edefdc3cc85006cb0/1585896148_b5ofx0_1585896143_i1uclb_att-url-download.jpg","meta":{"service":"Youtube","duration":"7.0"},"duration":7.0,"raw_video_id":15019739,"has_embed":true}],"remixed_from_coubs":[],"external_video":{"id":35307700,"title":"Rabbit Travel - Quarantine is... to pet your cat for hours","url":"https://www.youtube.com/watch?v=ejLdUFQ2wxo","image":"https://coub-anubis-a.akamaized.net/coub_storage/media_block/cw_image/14edc107321/59d0edefdc3cc85006cb0/1585896148_b5ofx0_1585896143_i1uclb_att-url-download.jpg","image_retina":"https://coub-anubis-a.akamaized.net/coub_storage/media_block/cw_image/14edc107321/59d0edefdc3cc85006cb0/1585896148_b5ofx0_1585896143_i1uclb_att-url-download.jpg","meta":{"service":"Youtube","duration":"7.0"},"duration":7.0,"raw_video_id":15019739,"has_embed":true}},"raw_video_thumbnail_url":"/missing/missing.png","raw_video_title":"Rabbit Travel - Quarantine is... to pet your cat for hours","video_block_banned":false,"duration":7.0,"promo_winner":false,"promo_winner_recoubers":null,"editorial_info":{},"promo_hint":null,"beeline_best_2014":null,"from_web_editor":true,"normalize_sound":true,"normalize_change_allowed":true,"best2015_addable":false,"ahmad_promo":null,"promo_data":null,"audio_copyright_claim":null,"ads_disabled":false,"is_safe_for_ads":true,"megafon_contents":[],"position_on_page":8},{"flag":null,"abuses":null,"recoubs_by_users_channels":null,"favourite":false,"promoted_id":null,"recoub":null,"like":null,"dislike":null,"reaction":null,"in_my_best2015":false,"id":11278834,"type":"Coub::Simple","permalink":"69lgx","title":"Mad Abe: Fury Road #MMmob","visibility_type":"public","original_visibility_type":"public","channel_id":291370,"created_at":"2015-05-05T09:35:47Z","updated_at":"2022-03-16T11:44:46Z","is_done":true,"views_count":405193,"cotd":null,"cotd_at":null,"visible_on_explore_root":true,"visible_on_explore":true,"featured":true,"published":true,"published_at":"2015-05-05T09:35:47Z","reversed":false,"from_editor_v2":true,"is_editable":true,"original_sound":true,"has_sound":true,"recoub_to":null,"file_versions":{"html5":{"video":{"higher":{"url":"https://coub-anubis-a.akamaized.net/coub_storage/coub/simple/cw_file/8dabe79b239/15c46e44f8175c4bc198f/muted_mp4_huge_size_1567768030_muted_huge.mp4","size":3017601},"high":{"url":"https://coub-anubis-a.akamaized.net/coub_storage/coub/simple/cw_file/8dabe79b239/15c46e44f8175c4bc198f/muted_mp4_big_size_1567768030_muted_big.mp4","size":2012607},"med":{"url":"https://coub-anubis-a.akamaized.net/coub_storage/coub/simple/cw_file/8dabe79b239/15c46e44f8175c4bc198f/muted_mp4_med_size_1567768030_muted_med.mp4","size":719612}},"audio":{"high":{"url":"https://coub-anubis-a.akamaized.net/coub_storage/coub/simple/cw_looped_audio_high/055076ea7ac/84c1baf3d222bd9e05f67/1605451195_high_1445953603_high.mp3","size":1376756},"med":{"url":"https://coub-anubis-a.akamaized.net/coub_storage/coub/simple/cw_looped_audio_med/2f1362a3584/a5108ad7beba806f6b5af/1605451195_med_1445953603_med.mp3","size":917837},"sample_duration":9.611}},"mobile":{"video":"https://coub-anubis-a.akamaized.net/coub_storage/coub/simple/cw_file/8dabe79b239/15c46e44f8175c4bc198f/muted_mp4_med_size_1567768030_muted_med.mp4","audio":["https://coub-anubis-a.akamaized.net/coub_storage/coub/simple/cw_looped_audio_med/2f1362a3584/a5108ad7beba806f6b5af/1605451195_med_1445953603_med.mp3"]},"share":{"default":"https://coub-anubis-a.akamaized.net/coub_storage/coub/simple/cw_video_for_sharing/3fa5b83b834/4a0c7072ab0f437ee5b52/1610044011_looped_1610044011.mp4"}},"audio_versions":{},"image_versions":{"template":"https://coub-anubis-a.akamaized.net/coub_storage/coub/simple/cw_image/ea15308170f/5d0ed8b22d983a61c6575/1430818668_00031.jpg","versions":["micro","tiny","age_restricted","ios_large","ios_mosaic","big","med","small","pinterest"]},"first_frame_versions":{"template":"https://coub-anubis-a.akamaized.net/coub_storage/coub/simple/cw_timeline_pic/335d72d1f21/f3c25e629c680321127d2/%{version}_1430818665_image.jpg","versions":["big","med","small","ios_large"]},"dimensions":{"big":[1280,720],"med":[640,360]},"site_w_h":[640,360],"page_w_h":[640,360],"site_w_h_small":[310,174],"size":[1280,720],"age_restricted":false,"age_restricted_by_admin":false,"not_safe_for_work":false,"allow_reuse":false,"dont_crop":false,"banned":false,"global_safe":true,"audio_file_url":null,"external_download":false,"application":null,"channel":{"id":291370,"permalink":"2x2tv.ru","title":"Telekanal 2X2","description":"мы сделали свой коуб-канал, с блэкджеком и мы сделали свой коуб-канал, с блэкджеком и мы сделали свой коуб-канал, с блэкджеком и","followers_count":63137,"following_count":96,"avatar_versions":{"template":"https://coub-anubis-a.akamaized.net/coub_storage/channel/cw_avatar/94ecbb54c9b/80804463f8c710394f8ba/%{version}_1629110701_new2x2_logo111.png","versions":["medium","medium_2x","profile_pic","profile_pic_new","profile_pic_new_2x","tiny","tiny_2x","small","small_2x","ios_large","ios_small"]}},"file":null,"picture":"https://coub-anubis-a.akamaized.net/coub_storage/coub/simple/cw_image/ea15308170f/5d0ed8b22d983a61c6575/1430818668_00031.jpg","timeline_picture":"https://coub-anubis-a.akamaized.net/coub_storage/coub/simple/cw_timeline_pic/335d72d1f21/f3c25e629c680321127d2/ios_large_1430818665_image.jpg","small_picture":"https://coub-anubis-a.akamaized.net/coub_storage/coub/simple/cw_image/ea15308170f/5d0ed8b22d983a61c6575/1430818668_00031.jpg","sharing_picture":null,"percent_done":100,"tags":[{"id":391059,"title":"mad max fury road","value":"mad%20max%20fury%20road"},{"id":69943,"title":"mad max","value":"mad%20max"},{"id":1727,"title":"the simpsons","value":"the%20simpsons"},{"id":484,"title":"simpsons","value":"simpsons"},{"id":8304,"title":"2x2","value":"2x2"},{"id":230060,"title":"2x2tv","value":"2x2tv"},{"id":945233,"title":"mmmob","value":"mmmob"}],"categories":[{"id":14,"title":"Cartoons","permalink":"cartoons","subscriptions_count":10092974,"big_image_url":"https://coub-anubis-a.akamaized.net/coub_storage/category/cw_image/f8ede745da4/2e6c3a22d04db1a6a25e3/big_1544759035_cartoons2.png","small_image_url":"https://coub-anubis-a.akamaized.net/coub_storage/category/cw_image/f8ede745da4/2e6c3a22d04db1a6a25e3/small_1544759035_cartoons2.png","med_image_url":"https://coub-anubis-a.akamaized.net/coub_storage/category/cw_image/f8ede745da4/2e6c3a22d04db1a6a25e3/med_1544759035_cartoons2.png","visible":true}],"communities":[{"id":14,"title":"Cartoons","permalink":"cartoons","subscriptions_count":10092974,"big_image_url":"https://coub-anubis-a.akamaized.net/coub_storage/category/cw_image/f8ede745da4/2e6c3a22d04db1a6a25e3/big_1544759035_cartoons2.png","small_image_url":"https://coub-anubis-a.akamaized.net/coub_storage/category/cw_image/f8ede745da4/2e6c3a22d04db1a6a25e3/small_1544759035_cartoons2.png","med_image_url":"https://coub-anubis-a.akamaized.net/coub_storage/category/cw_image/f8ede745da4/2e6c3a22d04db1a6a25e3/med_1544759035_cartoons2.png","i_subscribed":true,"community_notifications_enabled":null,"description":null}],"recoubs_count":1026,"remixes_count":6,"likes_count":4302,"dislikes_count":0,"raw_video_id":1334842,"uploaded_by_ios_app":false,"uploaded_by_android_app":false,"media_blocks":{"uploaded_raw_videos":[],"external_raw_videos":[],"remixed_from_coubs":[]},"raw_video_thumbnail_url":"/missing/missing.png","raw_video_title":"mad_abe.mov","video_block_banned":false,"duration":9.56,"promo_winner":false,"promo_winner_recoubers":null,"editorial_info":{},"promo_hint":null,"beeline_best_2014":null,"from_web_editor":true,"normalize_sound":true,"normalize_change_allowed":true,"best2015_addable":false,"ahmad_promo":null,"promo_data":null,"audio_copyright_claim":null,"ads_disabled":null,"is_safe_for_ads":true,"megafon_contents":[],"position_on_page":9},{"flag":null,"abuses":null,"recoubs_by_users_channels":null,"favourite":false,"promoted_id":null,"recoub":null,"like":null,"dislike":null,"reaction":null,"in_my_best2015":false,"id":140560592,"type":"Coub::Simple","permalink":"2bc7xa","title":"про карантин (авторская анимация А. Бубнов)","visibility_type":"public","original_visibility_type":"public","channel_id":1423501,"created_at":"2020-03-27T18:45:51Z","updated_at":"2022-03-17T22:33:51Z","is_done":true,"views_count":364540,"cotd":null,"cotd_at":null,"visible_on_explore_root":false,"visible_on_explore":false,"featured":false,"published":true,"published_at":"2020-03-27T18:45:51Z","reversed":false,"from_editor_v2":true,"is_editable":true,"original_sound":true,"has_sound":true,"recoub_to":null,"file_versions":{"html5":{"video":{"higher":{"url":"https://coub-anubis-a.akamaized.net/coub_storage/coub/simple/cw_file/ff9ccd5bdf6/82021c1e63a9cea757cbf/muted_mp4_huge_size_1585334757_muted_huge.mp4","size":616147},"high":{"url":"https://coub-anubis-a.akamaized.net/coub_storage/coub/simple/cw_file/ff9ccd5bdf6/82021c1e63a9cea757cbf/muted_mp4_big_size_1585334757_muted_big.mp4","size":528119},"med":{"url":"https://coub-anubis-a.akamaized.net/coub_storage/coub/simple/cw_file/ff9ccd5bdf6/82021c1e63a9cea757cbf/muted_mp4_med_size_1585334757_muted_med.mp4","size":194625}},"audio":{"high":{"url":"https://coub-anubis-a.akamaized.net/coub_storage/coub/simple/cw_looped_audio_high/760f636da97/74ebc5f2ee13ffda6257b/1605701521_high_1585334757_high.mp3","size":1225033},"med":{"url":"https://coub-anubis-a.akamaized.net/coub_storage/coub/simple/cw_looped_audio_med/c85de73fd1c/ee803ee26d8ed445f806f/1605701521_med_1585334757_med.mp3","size":883834},"sample_duration":6.943}},"mobile":{"video":"https://coub-anubis-a.akamaized.net/coub_storage/coub/simple/cw_file/ff9ccd5bdf6/82021c1e63a9cea757cbf/muted_mp4_med_size_1585334757_muted_med.mp4","audio":["https://coub-anubis-a.akamaized.net/coub_storage/coub/simple/cw_looped_audio_med/c85de73fd1c/ee803ee26d8ed445f806f/1605701521_med_1585334757_med.mp3"]},"share":{"default":"https://coub-anubis-a.akamaized.net/coub_storage/coub/simple/cw_video_for_sharing/10d93001371/81ab452139cfcc12edbbf/1608651353_looped_1608651352.mp4"}},"audio_versions":{},"image_versions":{"template":"https://coub-anubis-a.akamaized.net/coub_storage/coub/simple/cw_image/9057dc1750e/938138c5b356bf1f759aa/1585334762_00022.jpg","versions":["micro","tiny","age_restricted","ios_large","ios_mosaic","big","med","small","pinterest"]},"first_frame_versions":{"template":"https://coub-anubis-a.akamaized.net/coub_storage/coub/simple/cw_timeline_pic/ea06a02b285/d471c6e73dc4e6c7b7905/1585334761_image.jpg","versions":["big","med","small","ios_large"]},"dimensions":{"big":[1280,720],"med":[640,360]},"site_w_h":[640,360],"page_w_h":[640,360],"site_w_h_small":[310,174],"size":[1280,720],"age_restricted":false,"age_restricted_by_admin":false,"not_safe_for_work":false,"allow_reuse":false,"dont_crop":false,"banned":false,"global_safe":false,"audio_file_url":null,"external_download":false,"application":null,"channel":{"id":1423501,"permalink":"lsptoonz","title":"lsptoonz","description":null,"followers_count":10,"following_count":4,"avatar_versions":{"template":"https://coub-anubis-a.akamaized.net/coub_storage/channel/cw_avatar/cd979cb02b9/5eee906ef005783d577c4/%{version}_1609059702_vr1xyc_1474639669_pro_1.gif.jpg","versions":["medium","medium_2x","profile_pic","profile_pic_new","profile_pic_new_2x","tiny","tiny_2x","small","small_2x","ios_large","ios_small"]}},"file":null,"picture":"https://coub-anubis-a.akamaized.net/coub_storage/coub/simple/cw_image/9057dc1750e/938138c5b356bf1f759aa/1585334762_00022.jpg","timeline_picture":"https://coub-anubis-a.akamaized.net/coub_storage/coub/simple/cw_timeline_pic/ea06a02b285/d471c6e73dc4e6c7b7905/1585334761_image.jpg","small_picture":"https://coub-anubis-a.akamaized.net/coub_storage/coub/simple/cw_image/9057dc1750e/938138c5b356bf1f759aa/1585334762_00022.jpg","sharing_picture":null,"percent_done":100,"tags":[{"id":5434877,"title":"коронавирус","value":"%D0%BA%D0%BE%D1%80%D0%BE%D0%BD%D0%B0%D0%B2%D0%B8%D1%80%D1%83%D1%81"},{"id":9134,"title":"анимация","value":"%D0%B0%D0%BD%D0%B8%D0%BC%D0%B0%D1%86%D0%B8%D1%8F"},{"id":990,"title":"мультик","value":"%D0%BC%D1%83%D0%BB%D1%8C%D1%82%D0%B8%D0%BA"},{"id":129610,"title":"карантин","value":"%D0%BA%D0%B0%D1%80%D0%B0%D0%BD%D1%82%D0%B8%D0%BD"},{"id":8942,"title":"вирус","value":"%D0%B2%D0%B8%D1%80%D1%83%D1%81"},{"id":676847,"title":"самоизоляция","value":"%D1%81%D0%B0%D0%BC%D0%BE%D0%B8%D0%B7%D0%BE%D0%BB%D1%8F%D1%86%D0%B8%D1%8F"},{"id":5477340,"title":"covid19","value":"covid19"},{"id":5557115,"title":"злобадня","value":"%D0%B7%D0%BB%D0%BE%D0%B1%D0%B0%D0%B4%D0%BD%D1%8F"},{"id":2904345,"title":"пандемия","value":"%D0%BF%D0%B0%D0%BD%D0%B4%D0%B5%D0%BC%D0%B8%D1%8F"}],"categories":[{"id":14,"title":"Cartoons","permalink":"cartoons","subscriptions_count":10092974,"big_image_url":"https://coub-anubis-a.akamaized.net/coub_storage/category/cw_image/f8ede745da4/2e6c3a22d04db1a6a25e3/big_1544759035_cartoons2.png","small_image_url":"https://coub-anubis-a.akamaized.net/coub_storage/category/cw_image/f8ede745da4/2e6c3a22d04db1a6a25e3/small_1544759035_cartoons2.png","med_image_url":"https://coub-anubis-a.akamaized.net/coub_storage/category/cw_image/f8ede745da4/2e6c3a22d04db1a6a25e3/med_1544759035_cartoons2.png","visible":true}],"communities":[{"id":14,"title":"Cartoons","permalink":"cartoons","subscriptions_count":10092974,"big_image_url":"https://coub-anubis-a.akamaized.net/coub_storage/category/cw_image/f8ede745da4/2e6c3a22d04db1a6a25e3/big_1544759035_cartoons2.png","small_image_url":"https://coub-anubis-a.akamaized.net/coub_storage/category/cw_image/f8ede745da4/2e6c3a22d04db1a6a25e3/small_1544759035_cartoons2.png","med_image_url":"https://coub-anubis-a.akamaized.net/coub_storage/category/cw_image/f8ede745da4/2e6c3a22d04db1a6a25e3/med_1544759035_cartoons2.png","i_subscribed":true,"community_notifications_enabled":null,"description":null}],"recoubs_count":758,"remixes_count":2,"likes_count":4298,"dislikes_count":0,"raw_video_id":14989059,"uploaded_by_ios_app":false,"uploaded_by_android_app":false,"media_blocks":{"uploaded_raw_videos":[],"external_raw_videos":[],"remixed_from_coubs":[]},"raw_video_thumbnail_url":"/missing/missing.png","raw_video_title":"_1__Facebook_-__HD_.mp4","video_block_banned":false,"duration":6.92,"promo_winner":false,"promo_winner_recoubers":null,"editorial_info":{},"promo_hint":null,"beeline_best_2014":null,"from_web_editor":true,"normalize_sound":true,"normalize_change_allowed":true,"best2015_addable":false,"ahmad_promo":null,"promo_data":null,"audio_copyright_claim":null,"ads_disabled":false,"is_safe_for_ads":true,"megafon_contents":[],"position_on_page":10}]}