{"page":401,"per_page":10,"total_pages":500,"coubs":[{"flag":null,"abuses":null,"recoubs_by_users_channels":null,"favourite":false,"promoted_id":null,"recoub":null,"like":null,"dislike":null,"reaction":null,"in_my_best2015":false,"id":80030974,"type":"Coub::Simple","permalink":"1b8pfd","title":"коротко я и воспитание киндеров","visibility_type":"public","original_visibility_type":"public","channel_id":3654148,"created_at":"2018-07-18T10:26:51Z","updated_at":"2022-03-18T06:42:45Z","is_done":true,"views_count":96231,"cotd":null,"cotd_at":null,"visible_on_explore_root":false,"visible_on_explore":false,"featured":false,"published":true,"published_at":"2018-07-18T10:26:51Z","reversed":false,"from_editor_v2":true,"is_editable":true,"original_sound":true,"has_sound":true,"recoub_to":null,"file_versions":{"html5":{"video":{"higher":{"url":"https://coub-anubis-a.akamaized.net/coub_storage/coub/simple/cw_file/2abcc28a5d2/8b5938761e049dcb1cb11/muted_mp4_huge_size_1568259931_muted_huge.mp4","size":1424166},"high":{"url":"https://coub-anubis-a.akamaized.net/coub_storage/coub/simple/cw_file/2abcc28a5d2/8b5938761e049dcb1cb11/muted_mp4_big_size_1568259931_muted_big.mp4","size":1121415},"med":{"url":"https://coub-anubis-a.akamaized.net/coub_storage/coub/simple/cw_file/2abcc28a5d2/8b5938761e049dcb1cb11/muted_mp4_med_size_1568259931_muted_med.mp4","size":306782}},"audio":{"high":{"url":"https://coub-anubis-a.akamaized.net/coub_storage/coub/simple/cw_looped_audio_high/d3d3d2fa1dc/684f1fa6c7bffee5f39f0/1605616589_high_1531909622_high.mp3","size":1142249},"med":{"url":"https://coub-anubis-a.akamaized.net/coub_storage/coub/simple/cw_looped_audio_med/ba19ce4112a/9e64e53c3adc3bbecdb37/1605616589_med_1531909622_med.mp3","size":902388},"sample_duration":9.427}},"mobile":{"video":"https://coub-anubis-a.akamaized.net/coub_storage/coub/simple/cw_file/2abcc28a5d2/8b5938761e049dcb1cb11/muted_mp4_med_size_1568259931_muted_med.mp4","audio":["https://coub-anubis-a.akamaized.net/coub_storage/coub/simple/cw_looped_audio_med/ba19ce4112a/9e64e53c3adc3bbecdb37/1605616589_med_1531909622_med.mp3"]},"share":{"default":"https://coub-anubis-a.akamaized.net/coub_storage/coub/simple/cw_video_for_sharing/cb6bf62033e/afbfb098d927c2f3ac195/1612036744_looped_1612036743.mp4"}},"audio_versions":{},"image_versions":{"template":"https://coub-anubis-a.akamaized.net/coub_storage/coub/simple/cw_image/83791e0c4d1/a130f104c7b31a1b42f15/1531909629_00030.jpg","versions":["micro","tiny","age_restricted","ios_large","ios_mosaic","big","med","small","pinterest"]},"first_frame_versions":{"template":"https://coub-anubis-a.akamaized.net/coub_storage/coub/simple/cw_timeline_pic/fe0ed6c7fe9/dd31d659436450de1be6d/%{version}_1531909628_image.jpg","versions":["big","med","small","ios_large"]},"dimensions":{"big":[1280,692],"med":[640,346]},"site_w_h":[640,346],"page_w_h":[640,346],"site_w_h_small":[310,168],"size":[1280,692],"age_restricted":false,"age_restricted_by_admin":false,"not_safe_for_work":false,"allow_reuse":false,"dont_crop":false,"banned":false,"global_safe":false,"audio_file_url":null,"external_download":false,"application":null,"channel":{"id":3654148,"permalink":"herr-shmidt","title":"Herr Shmidt","description":null,"followers_count":59,"following_count":19,"avatar_versions":{"template":"https://coub-anubis-a.akamaized.net/coub_storage/channel/cw_avatar/c690162b4f7/b8d1cdda6f5f9f2febbc9/%{version}_1609532201_ylhut4_1499030761_7kzy0w_424301353.jpg","versions":["medium","medium_2x","profile_pic","profile_pic_new","profile_pic_new_2x","tiny","tiny_2x","small","small_2x","ios_large","ios_small"]}},"file":null,"picture":"https://coub-anubis-a.akamaized.net/coub_storage/coub/simple/cw_image/83791e0c4d1/a130f104c7b31a1b42f15/1531909629_00030.jpg","timeline_picture":"https://coub-anubis-a.akamaized.net/coub_storage/coub/simple/cw_timeline_pic/fe0ed6c7fe9/dd31d659436450de1be6d/ios_large_1531909628_image.jpg","small_picture":"https://coub-anubis-a.akamaized.net/coub_storage/coub/simple/cw_image/83791e0c4d1/a130f104c7b31a1b42f15/1531909629_00030.jpg","sharing_picture":null,"percent_done":100,"tags":[{"id":882,"title":"прикол","value":"%D0%BF%D1%80%D0%B8%D0%BA%D0%BE%D0%BB"},{"id":11559,"title":"птицы","value":"%D0%BF%D1%82%D0%B8%D1%86%D1%8B"},{"id":310,"title":"дети","value":"%D0%B4%D0%B5%D1%82%D0%B8"},{"id":41949,"title":"пинок","value":"%D0%BF%D0%B8%D0%BD%D0%BE%D0%BA"},{"id":1728,"title":"школота","value":"%D1%88%D0%BA%D0%BE%D0%BB%D0%BE%D1%82%D0%B0"}],"categories":[{"id":14,"title":"Cartoons","permalink":"cartoons","subscriptions_count":10092974,"big_image_url":"https://coub-anubis-a.akamaized.net/coub_storage/category/cw_image/f8ede745da4/2e6c3a22d04db1a6a25e3/big_1544759035_cartoons2.png","small_image_url":"https://coub-anubis-a.akamaized.net/coub_storage/category/cw_image/f8ede745da4/2e6c3a22d04db1a6a25e3/small_1544759035_cartoons2.png","med_image_url":"https://coub-anubis-a.akamaized.net/coub_storage/category/cw_image/f8ede745da4/2e6c3a22d04db1a6a25e3/med_1544759035_cartoons2.png","visible":true}],"communities":[{"id":14,"title":"Cartoons","permalink":"cartoons","subscriptions_count":10092974,"big_image_url":"https://coub-anubis-a.akamaized.net/coub_storage/category/cw_image/f8ede745da4/2e6c3a22d04db1a6a25e3/big_1544759035_cartoons2.png","small_image_url":"https://coub-anubis-a.akamaized.net/coub_storage/category/cw_image/f8ede745da4/2e6c3a22d04db1a6a25e3/small_1544759035_cartoons2.png","med_image_url":"https://coub-anubis-a.akamaized.net/coub_storage/category/cw_image/f8ede745da4/2e6c3a22d04db1a6a25e3/med_1544759035_cartoons2.png","i_subscribed":true,"community_notifications_enabled":null,"description":null}],"recoubs_count":227,"remixes_count":2,"likes_count":1250,"dislikes_count":0,"raw_video_id":"","uploaded_by_ios_app":false,"uploaded_by_android_app":false,"media_blocks":{"uploaded_raw_videos":[],"external_raw_videos":[],"remixed_from_coubs":[{"id":18880619,"title":"Когда кто то разбудил меня рано утром!","url":"http://coub.com/coubs/ckkxp/remix","image":"https://coub-anubis-a.akamaized.net/coub_storage/media_block/cw_image/69d763d469b/5b908d5e69d1fee3d9791/1492004393_1471395318_00030.jpg","image_retina":"https://coub-anubis-a.akamaized.net/coub_storage/media_block/cw_image/69d763d469b/5b908d5e69d1fee3d9791/1492004393_1471395318_00030.jpg","meta":{"duration":"9.56"},"duration":null,"coub_channel_title":"KycokCekca","coub_channel_permalink":"kycokcekca","coub_views_count":7935,"coub_permalink":"ckkxp"}]},"raw_video_thumbnail_url":"","raw_video_title":"","video_block_banned":false,"duration":9.44,"promo_winner":false,"promo_winner_recoubers":null,"editorial_info":{},"promo_hint":null,"beeline_best_2014":null,"from_web_editor":true,"normalize_sound":true,"normalize_change_allowed":true,"best2015_addable":false,"ahmad_promo":null,"promo_data":null,"audio_copyright_claim":null,"ads_disabled":false,"is_safe_for_ads":true,"megafon_contents":[],"position_on_page":1},{"flag":null,"abuses":null,"recoubs_by_users_channels":null,"favourite":false,"promoted_id":null,"recoub":null,"like":null,"dislike":null,"reaction":null,"in_my_best2015":false,"id":71324439,"type":"Coub::Simple","permalink":"161a1s","title":"ニャ","visibility_type":"public","original_visibility_type":"public","channel_id":3909298,"created_at":"2018-04-07T01:06:26Z","updated_at":"2022-03-16T09:48:10Z","is_done":true,"views_count":116760,"cotd":null,"cotd_at":null,"visible_on_explore_root":false,"visible_on_explore":false,"featured":false,"published":true,"published_at":"2018-04-07T01:06:25Z","reversed":false,"from_editor_v2":true,"is_editable":true,"original_sound":false,"has_sound":false,"recoub_to":null,"file_versions":{"html5":{"video":{"higher":{"url":"https://coub-anubis-a.akamaized.net/coub_storage/coub/simple/cw_file/eac3961b20a/6e5d86e68743dcfb3d68a/muted_mp4_huge_size_1567096532_muted_huge.mp4","size":2274319},"high":{"url":"https://coub-anubis-a.akamaized.net/coub_storage/coub/simple/cw_file/eac3961b20a/6e5d86e68743dcfb3d68a/muted_mp4_big_size_1567096532_muted_big.mp4","size":1735858},"med":{"url":"https://coub-anubis-a.akamaized.net/coub_storage/coub/simple/cw_file/eac3961b20a/6e5d86e68743dcfb3d68a/muted_mp4_med_size_1567096532_muted_med.mp4","size":535021}},"audio":{"high":{"url":"https://coub-anubis-a.akamaized.net/coub_storage/coub/simple/cw_looped_audio_high/8e2360b9f53/d374f158a592acca5e779/1605644960_high_1567096575_high.mp3","size":6003400},"med":{"url":"https://coub-anubis-a.akamaized.net/coub_storage/coub/simple/cw_looped_audio_med/c96e1dd1d90/906ff88922ca1f9083c49/1605644959_med_1567096575_med.mp3","size":4476078}}},"mobile":{"video":"https://coub-anubis-a.akamaized.net/coub_storage/coub/simple/cw_file/eac3961b20a/6e5d86e68743dcfb3d68a/muted_mp4_med_size_1567096532_muted_med.mp4","audio":["https://coub-anubis-a.akamaized.net/coub_storage/coub/simple/cw_looped_audio_med/c96e1dd1d90/906ff88922ca1f9083c49/1605644959_med_1567096575_med.mp3"]},"share":{"default":"https://coub-anubis-a.akamaized.net/coub_storage/coub/simple/cw_video_for_sharing/f2b428b1324/f3a6d3191cb80cd7b317d/1609219930_looped_1609219929.mp4"}},"audio_versions":{"template":"https://coub-anubis-a.akamaized.net/coub_storage/audio_track/cw_file/f4e598d18a8/59640f5766cf5a770e585/mid_1567096539_3omgq5_edited.mp3","versions":["mid","low"]},"image_versions":{"template":"https://coub-anubis-a.akamaized.net/coub_storage/coub/simple/cw_image/75871e67f9a/6e9855aa19511e010b4cb/1567096593_00032.jpg","versions":["micro","tiny","age_restricted","ios_large","ios_mosaic","big","med","small","pinterest"]},"first_frame_versions":{"template":"https://coub-anubis-a.akamaized.net/coub_storage/coub/simple/cw_timeline_pic/d1d5431de54/bede6cd75b78ad46d2c6f/%{version}_1567096592_image.jpg","versions":["big","med","small","ios_large"]},"dimensions":{"big":[1280,720],"med":[640,360]},"site_w_h":[640,360],"page_w_h":[640,360],"site_w_h_small":[310,174],"size":[1280,720],"age_restricted":false,"age_restricted_by_admin":false,"not_safe_for_work":false,"allow_reuse":false,"dont_crop":false,"banned":false,"global_safe":false,"audio_file_url":"https://coub-anubis-a.akamaized.net/coub_storage/audio_track/cw_file/f4e598d18a8/59640f5766cf5a770e585/low_1567096539_3omgq5_edited.mp3","external_download":false,"application":null,"channel":{"id":3909298,"permalink":"coub.chi","title":"ニャ","description":"V▲","followers_count":9192,"following_count":1406,"avatar_versions":{"template":"https://coub-anubis-a.akamaized.net/coub_storage/channel/cw_avatar/11cff3804e8/5aee40668a2d67fefc950/%{version}_1647366836_1__12_________.png","versions":["medium","medium_2x","profile_pic","profile_pic_new","profile_pic_new_2x","tiny","tiny_2x","small","small_2x","ios_large","ios_small"]}},"file":null,"picture":"https://coub-anubis-a.akamaized.net/coub_storage/coub/simple/cw_image/75871e67f9a/6e9855aa19511e010b4cb/1567096593_00032.jpg","timeline_picture":"https://coub-anubis-a.akamaized.net/coub_storage/coub/simple/cw_timeline_pic/d1d5431de54/bede6cd75b78ad46d2c6f/ios_large_1567096592_image.jpg","small_picture":"https://coub-anubis-a.akamaized.net/coub_storage/coub/simple/cw_image/75871e67f9a/6e9855aa19511e010b4cb/1567096593_00032.jpg","sharing_picture":null,"percent_done":100,"tags":[{"id":165,"title":"anime","value":"anime"},{"id":260659,"title":"ニ","value":"%E3%83%8B"}],"categories":[{"id":14,"title":"Cartoons","permalink":"cartoons","subscriptions_count":10092974,"big_image_url":"https://coub-anubis-a.akamaized.net/coub_storage/category/cw_image/f8ede745da4/2e6c3a22d04db1a6a25e3/big_1544759035_cartoons2.png","small_image_url":"https://coub-anubis-a.akamaized.net/coub_storage/category/cw_image/f8ede745da4/2e6c3a22d04db1a6a25e3/small_1544759035_cartoons2.png","med_image_url":"https://coub-anubis-a.akamaized.net/coub_storage/category/cw_image/f8ede745da4/2e6c3a22d04db1a6a25e3/med_1544759035_cartoons2.png","visible":true}],"communities":[{"id":14,"title":"Cartoons","permalink":"cartoons","subscriptions_count":10092974,"big_image_url":"https://coub-anubis-a.akamaized.net/coub_storage/category/cw_image/f8ede745da4/2e6c3a22d04db1a6a25e3/big_1544759035_cartoons2.png","small_image_url":"https://coub-anubis-a.akamaized.net/coub_storage/category/cw_image/f8ede745da4/2e6c3a22d04db1a6a25e3/small_1544759035_cartoons2.png","med_image_url":"https://coub-anubis-a.akamaized.net/coub_storage/category/cw_image/f8ede745da4/2e6c3a22d04db1a6a25e3/med_1544759035_cartoons2.png","i_subscribed":true,"community_notifications_enabled":null,"description":null}],"recoubs_count":255,"remixes_count":1,"likes_count":1250,"dislikes_count":0,"raw_video_id":11474220,"uploaded_by_ios_app":false,"uploaded_by_android_app":false,"media_blocks":{"uploaded_raw_videos":[],"external_raw_videos":[],"remixed_from_coubs":[]},"raw_video_thumbnail_url":"/missing/missing.png","raw_video_title":"XDs.MP4","video_block_banned":false,"duration":10.0,"promo_winner":false,"promo_winner_recoubers":null,"editorial_info":{},"promo_hint":null,"beeline_best_2014":null,"from_web_editor":true,"normalize_sound":false,"normalize_change_allowed":true,"best2015_addable":false,"ahmad_promo":null,"promo_data":null,"audio_copyright_claim":null,"ads_disabled":false,"is_safe_for_ads":true,"megafon_contents":[],"position_on_page":2},{"flag":null,"abuses":null,"recoubs_by_users_channels":null,"favourite":false,"promoted_id":null,"recoub":null,"like":null,"dislike":null,"reaction":null,"in_my_best2015":false,"id":71528078,"type":"Coub::Simple","permalink":"165q9j","title":"IDFC","visibility_type":"public","original_visibility_type":"public","channel_id":1214450,"created_at":"2018-04-09T12:24:38Z","updated_at":"2022-03-16T17:53:56Z","is_done":true,"views_count":92985,"cotd":null,"cotd_at":null,"visible_on_explore_root":true,"visible_on_explore":true,"featured":true,"published":true,"published_at":"2018-04-09T12:24:38Z","reversed":false,"from_editor_v2":true,"is_editable":true,"original_sound":false,"has_sound":false,"recoub_to":null,"file_versions":{"html5":{"video":{"higher":{"url":"https://coub-anubis-a.akamaized.net/coub_storage/coub/simple/cw_file/eae7a1ba520/6cb07d9ee0e48df344b6f/muted_mp4_huge_size_1568218260_muted_huge.mp4","size":2942043},"high":{"url":"https://coub-anubis-a.akamaized.net/coub_storage/coub/simple/cw_file/eae7a1ba520/6cb07d9ee0e48df344b6f/muted_mp4_big_size_1568218260_muted_big.mp4","size":2080775},"med":{"url":"https://coub-anubis-a.akamaized.net/coub_storage/coub/simple/cw_file/eae7a1ba520/6cb07d9ee0e48df344b6f/muted_mp4_med_size_1568218260_muted_med.mp4","size":745469}},"audio":{"high":{"url":"https://coub-anubis-a.akamaized.net/coub_storage/coub/simple/cw_looped_audio_high/78d434943f7/a9eaa379fb8ac840b4146/1605645443_high_1523276931_high.mp3","size":1473079},"med":{"url":"https://coub-anubis-a.akamaized.net/coub_storage/coub/simple/cw_looped_audio_med/e8f9d84031c/bd17ea3f779e99f4317ea/1605645443_med_1523276931_med.mp3","size":1081019}}},"mobile":{"video":"https://coub-anubis-a.akamaized.net/coub_storage/coub/simple/cw_file/eae7a1ba520/6cb07d9ee0e48df344b6f/muted_mp4_med_size_1568218260_muted_med.mp4","audio":["https://coub-anubis-a.akamaized.net/coub_storage/coub/simple/cw_looped_audio_med/e8f9d84031c/bd17ea3f779e99f4317ea/1605645443_med_1523276931_med.mp3"]},"share":{"default":"https://coub-anubis-a.akamaized.net/coub_storage/coub/simple/cw_video_for_sharing/dbcb36df0a6/4804229d155d5dc480819/1617304347_looped_1617304345.mp4"}},"audio_versions":{"template":"https://coub-anubis-a.akamaized.net/coub_storage/audio_track/cw_normalized_copy/3547e999672/a023917cee38cc3b5033e/mid_1523276926_1pgeil2_normalized_1523276532_audio.mp3","versions":["mid","low"]},"image_versions":{"template":"https://coub-anubis-a.akamaized.net/coub_storage/coub/simple/cw_image/4668f8f1828/40d547fab3660a9ce6241/1523276938_00032.jpg","versions":["micro","tiny","age_restricted","ios_large","ios_mosaic","big","med","small","pinterest"]},"first_frame_versions":{"template":"https://coub-anubis-a.akamaized.net/coub_storage/coub/simple/cw_timeline_pic/cc68c81752e/6ad1dad93c3575eb22bff/1523276937_image.jpg","versions":["big","med","small","ios_large"]},"dimensions":{"big":[1280,720],"med":[640,360]},"site_w_h":[640,360],"page_w_h":[640,360],"site_w_h_small":[310,174],"size":[1280,720],"age_restricted":false,"age_restricted_by_admin":false,"not_safe_for_work":false,"allow_reuse":false,"dont_crop":false,"banned":false,"global_safe":true,"audio_file_url":"https://coub-anubis-a.akamaized.net/coub_storage/audio_track/cw_normalized_copy/3547e999672/a023917cee38cc3b5033e/low_1523276926_1pgeil2_normalized_1523276532_audio.mp3","external_download":{"type":"Vimeo","service_name":"Vimeo","url":"http://vimeo.com/122104110","has_embed":true},"application":null,"channel":{"id":1214450,"permalink":"rodzher.partizanov","title":"Rodzher","description":"was here","followers_count":4746,"following_count":77,"avatar_versions":{"template":"https://coub-anubis-a.akamaized.net/coub_storage/channel/cw_avatar/a2d34b369e6/0fdafcb674daa905168c6/%{version}_1607420641_36dge3_1546811506_000.jpg","versions":["medium","medium_2x","profile_pic","profile_pic_new","profile_pic_new_2x","tiny","tiny_2x","small","small_2x","ios_large","ios_small"]}},"file":null,"picture":"https://coub-anubis-a.akamaized.net/coub_storage/coub/simple/cw_image/4668f8f1828/40d547fab3660a9ce6241/1523276938_00032.jpg","timeline_picture":"https://coub-anubis-a.akamaized.net/coub_storage/coub/simple/cw_timeline_pic/cc68c81752e/6ad1dad93c3575eb22bff/1523276937_image.jpg","small_picture":"https://coub-anubis-a.akamaized.net/coub_storage/coub/simple/cw_image/4668f8f1828/40d547fab3660a9ce6241/1523276938_00032.jpg","sharing_picture":null,"percent_done":100,"tags":[],"categories":[{"id":14,"title":"Cartoons","permalink":"cartoons","subscriptions_count":10092974,"big_image_url":"https://coub-anubis-a.akamaized.net/coub_storage/category/cw_image/f8ede745da4/2e6c3a22d04db1a6a25e3/big_1544759035_cartoons2.png","small_image_url":"https://coub-anubis-a.akamaized.net/coub_storage/category/cw_image/f8ede745da4/2e6c3a22d04db1a6a25e3/small_1544759035_cartoons2.png","med_image_url":"https://coub-anubis-a.akamaized.net/coub_storage/category/cw_image/f8ede745da4/2e6c3a22d04db1a6a25e3/med_1544759035_cartoons2.png","visible":true}],"communities":[{"id":14,"title":"Cartoons","permalink":"cartoons","subscriptions_count":10092974,"big_image_url":"https://coub-anubis-a.akamaized.net/coub_storage/category/cw_image/f8ede745da4/2e6c3a22d04db1a6a25e3/big_1544759035_cartoons2.png","small_image_url":"https://coub-anubis-a.akamaized.net/coub_storage/category/cw_image/f8ede745da4/2e6c3a22d04db1a6a25e3/small_1544759035_cartoons2.png","med_image_url":"https://coub-anubis-a.akamaized.net/coub_storage/category/cw_image/f8ede745da4/2e6c3a22d04db1a6a25e3/med_1544759035_cartoons2.png","i_subscribed":true,"community_notifications_enabled":null,"description":null}],"recoubs_count":236,"remixes_count":1,"likes_count":1249,"dislikes_count":0,"raw_video_id":11488899,"uploaded_by_ios_app":false,"uploaded_by_android_app":false,"media_blocks":{"uploaded_raw_videos":[],"external_raw_videos":[{"id":25798065,"title":"Pinched","url":"http://vimeo.com/122104110","image":"https://coub-anubis-a.akamaized.net/coub_storage/media_block/cw_image/706654976a1/be60501aa1734802be576/1523275272_1523275162_16pyfdu_att-url-download.jpg","image_retina":"https://coub-anubis-a.akamaized.net/coub_storage/media_block/cw_image/706654976a1/be60501aa1734802be576/1523275272_1523275162_16pyfdu_att-url-download.jpg","meta":{"service":"Vimeo","duration":"674.72"},"duration":674.72,"raw_video_id":11488899,"has_embed":true}],"remixed_from_coubs":[],"external_video":{"id":25798065,"title":"Pinched","url":"http://vimeo.com/122104110","image":"https://coub-anubis-a.akamaized.net/coub_storage/media_block/cw_image/706654976a1/be60501aa1734802be576/1523275272_1523275162_16pyfdu_att-url-download.jpg","image_retina":"https://coub-anubis-a.akamaized.net/coub_storage/media_block/cw_image/706654976a1/be60501aa1734802be576/1523275272_1523275162_16pyfdu_att-url-download.jpg","meta":{"service":"Vimeo","duration":"674.72"},"duration":674.72,"raw_video_id":11488899,"has_embed":true}},"raw_video_thumbnail_url":"/missing/missing.png","raw_video_title":"Pinched","video_block_banned":false,"duration":10.04,"promo_winner":false,"promo_winner_recoubers":null,"editorial_info":{},"promo_hint":null,"beeline_best_2014":null,"from_web_editor":true,"normalize_sound":true,"normalize_change_allowed":true,"best2015_addable":false,"ahmad_promo":null,"promo_data":null,"audio_copyright_claim":null,"ads_disabled":false,"is_safe_for_ads":true,"megafon_contents":[],"position_on_page":3},{"flag":null,"abuses":null,"recoubs_by_users_channels":null,"favourite":false,"promoted_id":null,"recoub":null,"like":null,"dislike":null,"reaction":null,"in_my_best2015":false,"id":54061102,"type":"Coub::Simple","permalink":"vqkrd","title":"Night creatures ☮","visibility_type":"public","original_visibility_type":"public","channel_id":1090257,"created_at":"2017-07-08T18:37:55Z","updated_at":"2022-03-13T13:07:56Z","is_done":true,"views_count":110097,"cotd":null,"cotd_at":null,"visible_on_explore_root":true,"visible_on_explore":true,"featured":true,"published":true,"published_at":"2017-07-08T18:37:55Z","reversed":false,"from_editor_v2":true,"is_editable":true,"original_sound":false,"has_sound":false,"recoub_to":null,"file_versions":{"html5":{"video":{"higher":{"url":"https://coub-anubis-a.akamaized.net/coub_storage/coub/simple/cw_file/12e58a78fb1/25b69c4cf9f8ec578f098/muted_mp4_huge_size_1568127180_muted_huge.mp4","size":3541064},"high":{"url":"https://coub-anubis-a.akamaized.net/coub_storage/coub/simple/cw_file/12e58a78fb1/25b69c4cf9f8ec578f098/muted_mp4_big_size_1568127180_muted_big.mp4","size":2577137},"med":{"url":"https://coub-anubis-a.akamaized.net/coub_storage/coub/simple/cw_file/12e58a78fb1/25b69c4cf9f8ec578f098/muted_mp4_med_size_1568127180_muted_med.mp4","size":798026}},"audio":{"high":{"url":"https://coub-anubis-a.akamaized.net/coub_storage/coub/simple/cw_looped_audio_high/22034f56ab0/7d52a3dee098bbed15ad8/1605609197_high_1499539137_high.mp3","size":2856483},"med":{"url":"https://coub-anubis-a.akamaized.net/coub_storage/coub/simple/cw_looped_audio_med/5c04eb15e37/28b548ed3e9c6d637de31/1605609196_med_1499539137_med.mp3","size":2191557}}},"mobile":{"video":"https://coub-anubis-a.akamaized.net/coub_storage/coub/simple/cw_file/12e58a78fb1/25b69c4cf9f8ec578f098/muted_mp4_med_size_1568127180_muted_med.mp4","audio":["https://coub-anubis-a.akamaized.net/coub_storage/coub/simple/cw_looped_audio_med/5c04eb15e37/28b548ed3e9c6d637de31/1605609196_med_1499539137_med.mp3"]},"share":{"default":"https://coub-anubis-a.akamaized.net/coub_storage/coub/simple/cw_video_for_sharing/5bd29f755a3/4faa418483aad1a48129b/1609216305_looped_1609216304.mp4"}},"audio_versions":{"template":"https://coub-anubis-a.akamaized.net/coub_storage/audio_track/cw_file/723fdfa1082/b529d8f933d557d151cbb/mid_1499539116_pi657m_edited.mp3","versions":["mid","low"]},"image_versions":{"template":"https://coub-anubis-a.akamaized.net/coub_storage/coub/simple/cw_image/1b4a9ae2cd7/14d5a73b9a647c27654c5/1499539149_00032.jpg","versions":["micro","tiny","age_restricted","ios_large","ios_mosaic","big","med","small","pinterest"]},"first_frame_versions":{"template":"https://coub-anubis-a.akamaized.net/coub_storage/coub/simple/cw_timeline_pic/97c98c9ede2/460842612a6d196fca5be/%{version}_1499539149_image.jpg","versions":["big","med","small","ios_large"]},"dimensions":{"big":[1280,720],"med":[640,360]},"site_w_h":[640,360],"page_w_h":[640,360],"site_w_h_small":[310,174],"size":[1280,720],"age_restricted":false,"age_restricted_by_admin":false,"not_safe_for_work":false,"allow_reuse":false,"dont_crop":false,"banned":false,"global_safe":true,"audio_file_url":"https://coub-anubis-a.akamaized.net/coub_storage/audio_track/cw_file/723fdfa1082/b529d8f933d557d151cbb/low_1499539116_pi657m_edited.mp3","external_download":false,"application":null,"channel":{"id":1090257,"permalink":"devillazy","title":"𝓓𝓮𝓿𝓲𝓵 ☮","description":"Sad","followers_count":43592,"following_count":8,"avatar_versions":{"template":"https://coub-anubis-a.akamaized.net/coub_storage/channel/cw_avatar/62e8adfc520/18403cac29de42e397710/%{version}_1622189830__________-1.png","versions":["medium","medium_2x","profile_pic","profile_pic_new","profile_pic_new_2x","tiny","tiny_2x","small","small_2x","ios_large","ios_small"]}},"file":null,"picture":"https://coub-anubis-a.akamaized.net/coub_storage/coub/simple/cw_image/1b4a9ae2cd7/14d5a73b9a647c27654c5/1499539149_00032.jpg","timeline_picture":"https://coub-anubis-a.akamaized.net/coub_storage/coub/simple/cw_timeline_pic/97c98c9ede2/460842612a6d196fca5be/ios_large_1499539149_image.jpg","small_picture":"https://coub-anubis-a.akamaized.net/coub_storage/coub/simple/cw_image/1b4a9ae2cd7/14d5a73b9a647c27654c5/1499539149_00032.jpg","sharing_picture":null,"percent_done":100,"tags":[{"id":424,"title":"animation","value":"animation"},{"id":18394,"title":"castlevania","value":"castlevania"}],"categories":[{"id":14,"title":"Cartoons","permalink":"cartoons","subscriptions_count":10092974,"big_image_url":"https://coub-anubis-a.akamaized.net/coub_storage/category/cw_image/f8ede745da4/2e6c3a22d04db1a6a25e3/big_1544759035_cartoons2.png","small_image_url":"https://coub-anubis-a.akamaized.net/coub_storage/category/cw_image/f8ede745da4/2e6c3a22d04db1a6a25e3/small_1544759035_cartoons2.png","med_image_url":"https://coub-anubis-a.akamaized.net/coub_storage/category/cw_image/f8ede745da4/2e6c3a22d04db1a6a25e3/med_1544759035_cartoons2.png","visible":true}],"communities":[{"id":14,"title":"Cartoons","permalink":"cartoons","subscriptions_count":10092974,"big_image_url":"https://coub-anubis-a.akamaized.net/coub_storage/category/cw_image/f8ede745da4/2e6c3a22d04db1a6a25e3/big_1544759035_cartoons2.png","small_image_url":"https://coub-anubis-a.akamaized.net/coub_storage/category/cw_image/f8ede745da4/2e6c3a22d04db1a6a25e3/small_1544759035_cartoons2.png","med_image_url":"https://coub-anubis-a.akamaized.net/coub_storage/category/cw_image/f8ede745da4/2e6c3a22d04db1a6a25e3/med_1544759035_cartoons2.png","i_subscribed":true,"community_notifications_enabled":null,"description":null}],"recoubs_count":241,"remixes_count":2,"likes_count":1249,"dislikes_count":0,"raw_video_id":9913615,"uploaded_by_ios_app":false,"uploaded_by_android_app":false,"media_blocks":{"uploaded_raw_videos":[],"external_raw_videos":[],"remixed_from_coubs":[]},"raw_video_thumbnail_url":"/missing/missing.png","raw_video_title":"Castlevania_Animated_Series_-_Night_Creature_Attack_Scene.mp4","video_block_banned":false,"duration":10.04,"promo_winner":false,"promo_winner_recoubers":null,"editorial_info":{},"promo_hint":null,"beeline_best_2014":null,"from_web_editor":true,"normalize_sound":false,"normalize_change_allowed":true,"best2015_addable":false,"ahmad_promo":null,"promo_data":null,"audio_copyright_claim":null,"ads_disabled":null,"is_safe_for_ads":true,"megafon_contents":[],"position_on_page":4},{"flag":null,"abuses":null,"recoubs_by_users_channels":null,"favourite":false,"promoted_id":null,"recoub":null,"like":null,"dislike":null,"reaction":null,"in_my_best2015":false,"id":137883808,"type":"Coub::Simple","permalink":"29quhh","title":"Мой проклятый скутер (Анимация) 3","visibility_type":"public","original_visibility_type":"public","channel_id":7418889,"created_at":"2020-02-24T16:55:58Z","updated_at":"2022-03-16T22:28:54Z","is_done":true,"views_count":107450,"cotd":null,"cotd_at":null,"visible_on_explore_root":false,"visible_on_explore":false,"featured":false,"published":true,"published_at":"2020-02-24T16:55:58Z","reversed":false,"from_editor_v2":true,"is_editable":true,"original_sound":true,"has_sound":true,"recoub_to":null,"file_versions":{"html5":{"video":{"higher":{"url":"https://coub-anubis-a.akamaized.net/coub_storage/coub/simple/cw_file/6eb87088d5a/e31cd6db93f0f5c162714/muted_mp4_huge_size_1582563450_muted_huge.mp4","size":832751},"high":{"url":"https://coub-anubis-a.akamaized.net/coub_storage/coub/simple/cw_file/6eb87088d5a/e31cd6db93f0f5c162714/muted_mp4_big_size_1582563450_muted_big.mp4","size":684358},"med":{"url":"https://coub-anubis-a.akamaized.net/coub_storage/coub/simple/cw_file/6eb87088d5a/e31cd6db93f0f5c162714/muted_mp4_med_size_1582563450_muted_med.mp4","size":242101}},"audio":{"high":{"url":"https://coub-anubis-a.akamaized.net/coub_storage/coub/simple/cw_looped_audio_high/e5c1594dbbe/428cf88d073cceee20b48/1605708575_high_1582563451_high.mp3","size":1032990},"med":{"url":"https://coub-anubis-a.akamaized.net/coub_storage/coub/simple/cw_looped_audio_med/0b8ed550ff2/4783b790ea2f11efc079b/1605708575_med_1582563451_med.mp3","size":947372},"sample_duration":8.475}},"mobile":{"video":"https://coub-anubis-a.akamaized.net/coub_storage/coub/simple/cw_file/6eb87088d5a/e31cd6db93f0f5c162714/muted_mp4_med_size_1582563450_muted_med.mp4","audio":["https://coub-anubis-a.akamaized.net/coub_storage/coub/simple/cw_looped_audio_med/0b8ed550ff2/4783b790ea2f11efc079b/1605708575_med_1582563451_med.mp3"]},"share":{"default":"https://coub-anubis-a.akamaized.net/coub_storage/coub/simple/cw_video_for_sharing/262d5bc5105/c30b575b945f40d2a2be9/1611753478_looped_1611753477.mp4"}},"audio_versions":{},"image_versions":{"template":"https://coub-anubis-a.akamaized.net/coub_storage/coub/simple/cw_image/9a481b20e59/4740cf504c6d4d62531a5/1582563458_00027.jpg","versions":["micro","tiny","age_restricted","ios_large","ios_mosaic","big","med","small","pinterest"]},"first_frame_versions":{"template":"https://coub-anubis-a.akamaized.net/coub_storage/coub/simple/cw_timeline_pic/82e42daf810/4a7356b9adfd11f2d508f/1582563457_image.jpg","versions":["big","med","small","ios_large"]},"dimensions":{"big":[1280,720],"med":[640,360]},"site_w_h":[640,360],"page_w_h":[640,360],"site_w_h_small":[310,174],"size":[1280,720],"age_restricted":false,"age_restricted_by_admin":false,"not_safe_for_work":false,"allow_reuse":false,"dont_crop":false,"banned":false,"global_safe":false,"audio_file_url":null,"external_download":{"type":"Youtube","service_name":"YouTube","url":"https://youtu.be/LM_JKhyTyaE","has_embed":true},"application":null,"channel":{"id":7418889,"permalink":"darkus999","title":"_Darkus_","description":"Если я репуснул это значит 2 вещи мне понравился коуб и возможно сделаю рекоуб спасибо за понимание,и да поддержи меня своим лайком.","followers_count":19,"following_count":11,"avatar_versions":{"template":"https://coub-anubis-a.akamaized.net/coub_storage/channel/cw_avatar/ab41259741c/303b59bbe16aa5b3134c3/%{version}_1607597301_flwvgc_1601565146_Screenshot_73.png","versions":["medium","medium_2x","profile_pic","profile_pic_new","profile_pic_new_2x","tiny","tiny_2x","small","small_2x","ios_large","ios_small"]}},"file":null,"picture":"https://coub-anubis-a.akamaized.net/coub_storage/coub/simple/cw_image/9a481b20e59/4740cf504c6d4d62531a5/1582563458_00027.jpg","timeline_picture":"https://coub-anubis-a.akamaized.net/coub_storage/coub/simple/cw_timeline_pic/82e42daf810/4a7356b9adfd11f2d508f/1582563457_image.jpg","small_picture":"https://coub-anubis-a.akamaized.net/coub_storage/coub/simple/cw_image/9a481b20e59/4740cf504c6d4d62531a5/1582563458_00027.jpg","sharing_picture":null,"percent_done":100,"tags":[{"id":15533,"title":"скутер","value":"%D1%81%D0%BA%D1%83%D1%82%D0%B5%D1%80"},{"id":323268,"title":"найс","value":"%D0%BD%D0%B0%D0%B9%D1%81"},{"id":4813456,"title":"нисик","value":"%D0%BD%D0%B8%D1%81%D0%B8%D0%BA"},{"id":3515,"title":"nice","value":"nice"},{"id":5452927,"title":"найсик","value":"%D0%BD%D0%B0%D0%B9%D1%81%D0%B8%D0%BA"},{"id":2841631,"title":"мирби","value":"%D0%BC%D0%B8%D1%80%D0%B1%D0%B8"},{"id":1101333,"title":"добряк","value":"%D0%B4%D0%BE%D0%B1%D1%80%D1%8F%D0%BA"},{"id":15229,"title":"истории","value":"%D0%B8%D1%81%D1%82%D0%BE%D1%80%D0%B8%D0%B8"},{"id":540879,"title":"истории из жизни","value":"%D0%B8%D1%81%D1%82%D0%BE%D1%80%D0%B8%D0%B8%20%D0%B8%D0%B7%20%D0%B6%D0%B8%D0%B7%D0%BD%D0%B8"},{"id":9134,"title":"анимация","value":"%D0%B0%D0%BD%D0%B8%D0%BC%D0%B0%D1%86%D0%B8%D1%8F"},{"id":1353503,"title":"нитки","value":"%D0%BD%D0%B8%D1%82%D0%BA%D0%B8"}],"categories":[{"id":14,"title":"Cartoons","permalink":"cartoons","subscriptions_count":10092974,"big_image_url":"https://coub-anubis-a.akamaized.net/coub_storage/category/cw_image/f8ede745da4/2e6c3a22d04db1a6a25e3/big_1544759035_cartoons2.png","small_image_url":"https://coub-anubis-a.akamaized.net/coub_storage/category/cw_image/f8ede745da4/2e6c3a22d04db1a6a25e3/small_1544759035_cartoons2.png","med_image_url":"https://coub-anubis-a.akamaized.net/coub_storage/category/cw_image/f8ede745da4/2e6c3a22d04db1a6a25e3/med_1544759035_cartoons2.png","visible":true}],"communities":[{"id":14,"title":"Cartoons","permalink":"cartoons","subscriptions_count":10092974,"big_image_url":"https://coub-anubis-a.akamaized.net/coub_storage/category/cw_image/f8ede745da4/2e6c3a22d04db1a6a25e3/big_1544759035_cartoons2.png","small_image_url":"https://coub-anubis-a.akamaized.net/coub_storage/category/cw_image/f8ede745da4/2e6c3a22d04db1a6a25e3/small_1544759035_cartoons2.png","med_image_url":"https://coub-anubis-a.akamaized.net/coub_storage/category/cw_image/f8ede745da4/2e6c3a22d04db1a6a25e3/med_1544759035_cartoons2.png","i_subscribed":true,"community_notifications_enabled":null,"description":null}],"recoubs_count":268,"remixes_count":0,"likes_count":1248,"dislikes_count":0,"raw_video_id":14859614,"uploaded_by_ios_app":false,"uploaded_by_android_app":false,"media_blocks":{"uploaded_raw_videos":[],"external_raw_videos":[{"id":34894924,"title":"Мой проклятый скутер (Анимация)","url":"https://www.youtube.com/watch?v=LM_JKhyTyaE","image":"https://coub-anubis-a.akamaized.net/coub_storage/media_block/cw_image/f5cf416824f/7c77a26fa156319df2134/1582562623_1u2lttp_1582562508_cqo19z_att-url-download.jpg","image_retina":"https://coub-anubis-a.akamaized.net/coub_storage/media_block/cw_image/f5cf416824f/7c77a26fa156319df2134/1582562623_1u2lttp_1582562508_cqo19z_att-url-download.jpg","meta":{"service":"Youtube","duration":"477.64"},"duration":477.64,"raw_video_id":14859614,"has_embed":true}],"remixed_from_coubs":[],"external_video":{"id":34894924,"title":"Мой проклятый скутер (Анимация)","url":"https://www.youtube.com/watch?v=LM_JKhyTyaE","image":"https://coub-anubis-a.akamaized.net/coub_storage/media_block/cw_image/f5cf416824f/7c77a26fa156319df2134/1582562623_1u2lttp_1582562508_cqo19z_att-url-download.jpg","image_retina":"https://coub-anubis-a.akamaized.net/coub_storage/media_block/cw_image/f5cf416824f/7c77a26fa156319df2134/1582562623_1u2lttp_1582562508_cqo19z_att-url-download.jpg","meta":{"service":"Youtube","duration":"477.64"},"duration":477.64,"raw_video_id":14859614,"has_embed":true}},"raw_video_thumbnail_url":"/missing/missing.png","raw_video_title":"Мой проклятый скутер (Анимация)","video_block_banned":false,"duration":8.48,"promo_winner":false,"promo_winner_recoubers":null,"editorial_info":{},"promo_hint":null,"beeline_best_2014":null,"from_web_editor":true,"normalize_sound":true,"normalize_change_allowed":true,"best2015_addable":false,"ahmad_promo":null,"promo_data":null,"audio_copyright_claim":null,"ads_disabled":false,"is_safe_for_ads":true,"megafon_contents":[{"id":11225,"content":{"title":"Пламя и Цитрон","year":2008,"kind":"film","season":null,"parental_rating":12,"url":"https://megafon.tv/movies/vods/Plamya_i_citron_2008?utm_source=coub&utm_medium=shazam&utm_campaign=ml-tv_megafon-tv_coub-shazam-special_nov-dec_2019","preview_url":"https://static-sesure.cdn.megafon.tv/images/Film/a4/28/bf5c0a98d93c301e0671c1a3132b7cc5dfd3/tile__external.jpeg"},"match_duration":0.8,"max_frame_diff":10,"is_correct":null},{"id":11224,"content":{"title":"В диких условиях","year":2007,"kind":"film","season":null,"parental_rating":16,"url":"https://megafon.tv/movies/vods/V_dikih_usloviyah_2007?utm_source=coub&utm_medium=shazam&utm_campaign=ml-tv_megafon-tv_coub-shazam-special_nov-dec_2019","preview_url":"https://static-sesure.cdn.megafon.tv/images/Film/24/bf/4cc759147fcda16dafd52b6e8a10e48e86ba/tile__external.jpeg"},"match_duration":0.73,"max_frame_diff":10,"is_correct":null},{"id":11223,"content":{"title":"Два дня, одна ночь","year":2014,"kind":"film","season":null,"parental_rating":16,"url":"https://megafon.tv/movies/vods/Dva_dnya_odna_noch_2014?utm_source=coub&utm_medium=shazam&utm_campaign=ml-tv_megafon-tv_coub-shazam-special_nov-dec_2019","preview_url":"https://static-sesure.cdn.megafon.tv/images/Film/af/87/f068163b425d69f79a216b4908c5ae9657f7/tile__external.jpeg"},"match_duration":0.8,"max_frame_diff":10,"is_correct":null},{"id":11222,"content":{"title":"Чудо-юдо","year":2017,"kind":"film","season":null,"parental_rating":6,"url":"https://megafon.tv/movies/vods/Chudo_judo_2017?utm_source=coub&utm_medium=shazam&utm_campaign=ml-tv_megafon-tv_coub-shazam-special_nov-dec_2019","preview_url":"https://static-sesure.cdn.megafon.tv/images/Film/b3/58/61a1c96741feefb0d806bcc7fdf39629daef/tile__external.jpeg"},"match_duration":0.67,"max_frame_diff":10,"is_correct":null}],"position_on_page":5},{"flag":null,"abuses":null,"recoubs_by_users_channels":null,"favourite":false,"promoted_id":null,"recoub":null,"like":null,"dislike":null,"reaction":null,"in_my_best2015":false,"id":129974574,"type":"Coub::Simple","permalink":"2509tc","title":" Тайна третьей планеты","visibility_type":"public","original_visibility_type":"public","channel_id":1490594,"created_at":"2019-11-24T18:50:07Z","updated_at":"2022-03-17T07:11:22Z","is_done":true,"views_count":103256,"cotd":null,"cotd_at":null,"visible_on_explore_root":false,"visible_on_explore":false,"featured":false,"published":true,"published_at":"2019-11-24T18:50:07Z","reversed":false,"from_editor_v2":true,"is_editable":true,"original_sound":true,"has_sound":true,"recoub_to":null,"file_versions":{"html5":{"video":{"higher":{"url":"https://coub-anubis-a.akamaized.net/coub_storage/coub/simple/cw_file/de2b8a3d3c0/4ad3131b296461a29c295/muted_mp4_huge_size_1574621415_muted_huge.mp4","size":2103438},"high":{"url":"https://coub-anubis-a.akamaized.net/coub_storage/coub/simple/cw_file/de2b8a3d3c0/4ad3131b296461a29c295/muted_mp4_big_size_1574621415_muted_big.mp4","size":1373096},"med":{"url":"https://coub-anubis-a.akamaized.net/coub_storage/coub/simple/cw_file/de2b8a3d3c0/4ad3131b296461a29c295/muted_mp4_med_size_1574621415_muted_med.mp4","size":529586}},"audio":{"high":{"url":"https://coub-anubis-a.akamaized.net/coub_storage/coub/simple/cw_looped_audio_high/7f0a3d83299/78ef6055b8e7bc1feae17/1605698474_high_1574621416_high.mp3","size":690201},"med":{"url":"https://coub-anubis-a.akamaized.net/coub_storage/coub/simple/cw_looped_audio_med/dd4e04011db/d4640dd499da9c608ecdd/1605698474_med_1574621416_med.mp3","size":689564},"sample_duration":10.008}},"mobile":{"video":"https://coub-anubis-a.akamaized.net/coub_storage/coub/simple/cw_file/de2b8a3d3c0/4ad3131b296461a29c295/muted_mp4_med_size_1574621415_muted_med.mp4","audio":["https://coub-anubis-a.akamaized.net/coub_storage/coub/simple/cw_looped_audio_med/dd4e04011db/d4640dd499da9c608ecdd/1605698474_med_1574621416_med.mp3"]},"share":{"default":"https://coub-anubis-a.akamaized.net/coub_storage/coub/simple/cw_video_for_sharing/351369f687a/e21b567f8b6a9a6e1922b/1631884602_looped_1631884602.mp4"}},"audio_versions":{},"image_versions":{"template":"https://coub-anubis-a.akamaized.net/coub_storage/coub/simple/cw_image/6a745d24556/d757a2dc3a7e8cdac0b58/1574621422_00032.jpg","versions":["micro","tiny","age_restricted","ios_large","ios_mosaic","big","med","small","pinterest"]},"first_frame_versions":{"template":"https://coub-anubis-a.akamaized.net/coub_storage/coub/simple/cw_timeline_pic/eeeaf0ca15f/9275fb667816df9569b11/%{version}_1574621422_image.jpg","versions":["big","med","small","ios_large"]},"dimensions":{"big":[1280,704],"med":[640,352]},"site_w_h":[640,352],"page_w_h":[640,352],"site_w_h_small":[310,171],"size":[1280,704],"age_restricted":false,"age_restricted_by_admin":false,"not_safe_for_work":false,"allow_reuse":false,"dont_crop":false,"banned":false,"global_safe":false,"audio_file_url":null,"external_download":false,"application":null,"channel":{"id":1490594,"permalink":"denis.lisovskii","title":"Denis Lisovskiy","description":null,"followers_count":193,"following_count":11,"avatar_versions":{"template":"https://coub-anubis-a.akamaized.net/coub_storage/channel/cw_avatar/880ce4b4d9a/1ba2903c3e126cf7e5c40/%{version}_1607428745_cq1faz_1474628940_212542896.jpg","versions":["medium","medium_2x","profile_pic","profile_pic_new","profile_pic_new_2x","tiny","tiny_2x","small","small_2x","ios_large","ios_small"]}},"file":null,"picture":"https://coub-anubis-a.akamaized.net/coub_storage/coub/simple/cw_image/6a745d24556/d757a2dc3a7e8cdac0b58/1574621422_00032.jpg","timeline_picture":"https://coub-anubis-a.akamaized.net/coub_storage/coub/simple/cw_timeline_pic/eeeaf0ca15f/9275fb667816df9569b11/ios_large_1574621422_image.jpg","small_picture":"https://coub-anubis-a.akamaized.net/coub_storage/coub/simple/cw_image/6a745d24556/d757a2dc3a7e8cdac0b58/1574621422_00032.jpg","sharing_picture":null,"percent_done":100,"tags":[],"categories":[{"id":14,"title":"Cartoons","permalink":"cartoons","subscriptions_count":10092974,"big_image_url":"https://coub-anubis-a.akamaized.net/coub_storage/category/cw_image/f8ede745da4/2e6c3a22d04db1a6a25e3/big_1544759035_cartoons2.png","small_image_url":"https://coub-anubis-a.akamaized.net/coub_storage/category/cw_image/f8ede745da4/2e6c3a22d04db1a6a25e3/small_1544759035_cartoons2.png","med_image_url":"https://coub-anubis-a.akamaized.net/coub_storage/category/cw_image/f8ede745da4/2e6c3a22d04db1a6a25e3/med_1544759035_cartoons2.png","visible":true}],"communities":[{"id":14,"title":"Cartoons","permalink":"cartoons","subscriptions_count":10092974,"big_image_url":"https://coub-anubis-a.akamaized.net/coub_storage/category/cw_image/f8ede745da4/2e6c3a22d04db1a6a25e3/big_1544759035_cartoons2.png","small_image_url":"https://coub-anubis-a.akamaized.net/coub_storage/category/cw_image/f8ede745da4/2e6c3a22d04db1a6a25e3/small_1544759035_cartoons2.png","med_image_url":"https://coub-anubis-a.akamaized.net/coub_storage/category/cw_image/f8ede745da4/2e6c3a22d04db1a6a25e3/med_1544759035_cartoons2.png","i_subscribed":true,"community_notifications_enabled":null,"description":null}],"recoubs_count":261,"remixes_count":0,"likes_count":1248,"dislikes_count":0,"raw_video_id":14504163,"uploaded_by_ios_app":false,"uploaded_by_android_app":false,"media_blocks":{"uploaded_raw_videos":[],"external_raw_videos":[],"remixed_from_coubs":[]},"raw_video_thumbnail_url":"/missing/missing.png","raw_video_title":"157459966721598632_640x352.webm","video_block_banned":false,"duration":10.0,"promo_winner":false,"promo_winner_recoubers":null,"editorial_info":{},"promo_hint":null,"beeline_best_2014":null,"from_web_editor":true,"normalize_sound":true,"normalize_change_allowed":true,"best2015_addable":false,"ahmad_promo":null,"promo_data":null,"audio_copyright_claim":null,"ads_disabled":false,"is_safe_for_ads":true,"megafon_contents":[],"position_on_page":6},{"flag":null,"abuses":null,"recoubs_by_users_channels":null,"favourite":false,"promoted_id":null,"recoub":null,"like":null,"dislike":null,"reaction":null,"in_my_best2015":false,"id":116521810,"type":"Coub::Simple","permalink":"1wyu5p","title":"Черепашки ниндзя троллят Эйприл (эпизод из мультсериала)","visibility_type":"public","original_visibility_type":"public","channel_id":5511496,"created_at":"2019-06-29T06:45:02Z","updated_at":"2022-02-19T12:22:30Z","is_done":true,"views_count":78452,"cotd":null,"cotd_at":null,"visible_on_explore_root":false,"visible_on_explore":false,"featured":false,"published":true,"published_at":"2019-06-29T06:45:01Z","reversed":false,"from_editor_v2":true,"is_editable":true,"original_sound":true,"has_sound":true,"recoub_to":null,"file_versions":{"html5":{"video":{"higher":{"url":"https://coub-anubis-a.akamaized.net/coub_storage/coub/simple/cw_file/139a31e0d31/c8386ae456e0471ccbe66/muted_mp4_huge_size_1569133692_muted_huge.mp4","size":2487318},"high":{"url":"https://coub-anubis-a.akamaized.net/coub_storage/coub/simple/cw_file/139a31e0d31/c8386ae456e0471ccbe66/muted_mp4_big_size_1569133692_muted_big.mp4","size":1699656},"med":{"url":"https://coub-anubis-a.akamaized.net/coub_storage/coub/simple/cw_file/139a31e0d31/c8386ae456e0471ccbe66/muted_mp4_med_size_1569133692_muted_med.mp4","size":545597}},"audio":{"high":{"url":"https://coub-anubis-a.akamaized.net/coub_storage/coub/simple/cw_looped_audio_high/d2be5fb607d/d78107d85501dd371a74d/1605654070_high_1561790717_high.mp3","size":1027624},"med":{"url":"https://coub-anubis-a.akamaized.net/coub_storage/coub/simple/cw_looped_audio_med/e9810891f66/20fb0133982e9dc4ba004/1605654069_med_1561790717_med.mp3","size":799076},"sample_duration":10.009}},"mobile":{"video":"https://coub-anubis-a.akamaized.net/coub_storage/coub/simple/cw_file/139a31e0d31/c8386ae456e0471ccbe66/muted_mp4_med_size_1569133692_muted_med.mp4","audio":["https://coub-anubis-a.akamaized.net/coub_storage/coub/simple/cw_looped_audio_med/e9810891f66/20fb0133982e9dc4ba004/1605654069_med_1561790717_med.mp3"]},"share":{"default":"https://coub-anubis-a.akamaized.net/coub_storage/coub/simple/cw_video_for_sharing/a1026928007/a530cf79e5764bdbe0128/1617654766_looped_1617654764.mp4"}},"audio_versions":{},"image_versions":{"template":"https://coub-anubis-a.akamaized.net/coub_storage/coub/simple/cw_image/3a1d32e30d6/b8893182bb57e16587172/1561790724_00032.jpg","versions":["micro","tiny","age_restricted","ios_large","ios_mosaic","big","med","small","pinterest"]},"first_frame_versions":{"template":"https://coub-anubis-a.akamaized.net/coub_storage/coub/simple/cw_timeline_pic/19a38f7ddbb/45dc9af40d5df089820f6/%{version}_1561790723_image.jpg","versions":["big","med","small","ios_large"]},"dimensions":{"big":[1280,770],"med":[640,384]},"site_w_h":[640,385],"page_w_h":[640,385],"site_w_h_small":[310,186],"size":[1280,770],"age_restricted":false,"age_restricted_by_admin":false,"not_safe_for_work":false,"allow_reuse":false,"dont_crop":false,"banned":false,"global_safe":false,"audio_file_url":null,"external_download":{"type":"Youtube","service_name":"YouTube","url":"https://www.youtube.com/watch?v=pDbsDvmW6qQ","has_embed":true},"application":null,"channel":{"id":5511496,"permalink":"johnnyunited","title":"Dzhonni Yunayted Yutub","description":null,"followers_count":19,"following_count":11,"avatar_versions":{"template":"https://coub-anubis-a.akamaized.net/coub_storage/channel/cw_avatar/abdaf6e6b05/a86271b1514a672261278/%{version}_1607705229_ong5wl_1555654622_Image7__2_.jpg","versions":["medium","medium_2x","profile_pic","profile_pic_new","profile_pic_new_2x","tiny","tiny_2x","small","small_2x","ios_large","ios_small"]}},"file":null,"picture":"https://coub-anubis-a.akamaized.net/coub_storage/coub/simple/cw_image/3a1d32e30d6/b8893182bb57e16587172/1561790724_00032.jpg","timeline_picture":"https://coub-anubis-a.akamaized.net/coub_storage/coub/simple/cw_timeline_pic/19a38f7ddbb/45dc9af40d5df089820f6/ios_large_1561790723_image.jpg","small_picture":"https://coub-anubis-a.akamaized.net/coub_storage/coub/simple/cw_image/3a1d32e30d6/b8893182bb57e16587172/1561790724_00032.jpg","sharing_picture":null,"percent_done":100,"tags":[{"id":82604,"title":"леонардо","value":"%D0%BB%D0%B5%D0%BE%D0%BD%D0%B0%D1%80%D0%B4%D0%BE"},{"id":106664,"title":"рафаэль","value":"%D1%80%D0%B0%D1%84%D0%B0%D1%8D%D0%BB%D1%8C"},{"id":922153,"title":"микелянджело","value":"%D0%BC%D0%B8%D0%BA%D0%B5%D0%BB%D1%8F%D0%BD%D0%B4%D0%B6%D0%B5%D0%BB%D0%BE"},{"id":106667,"title":"донателло","value":"%D0%B4%D0%BE%D0%BD%D0%B0%D1%82%D0%B5%D0%BB%D0%BB%D0%BE"},{"id":120421,"title":"эйприл","value":"%D1%8D%D0%B9%D0%BF%D1%80%D0%B8%D0%BB"},{"id":392371,"title":"сплинтер","value":"%D1%81%D0%BF%D0%BB%D0%B8%D0%BD%D1%82%D0%B5%D1%80"},{"id":7062,"title":"черепашки ниндзя","value":"%D1%87%D0%B5%D1%80%D0%B5%D0%BF%D0%B0%D1%88%D0%BA%D0%B8%20%D0%BD%D0%B8%D0%BD%D0%B4%D0%B7%D1%8F"},{"id":5045109,"title":"черепашки ниндзя троллят","value":"%D1%87%D0%B5%D1%80%D0%B5%D0%BF%D0%B0%D1%88%D0%BA%D0%B8%20%D0%BD%D0%B8%D0%BD%D0%B4%D0%B7%D1%8F%20%D1%82%D1%80%D0%BE%D0%BB%D0%BB%D1%8F%D1%82"},{"id":5045110,"title":"черепашки ниндзя троллят эйприл","value":"%D1%87%D0%B5%D1%80%D0%B5%D0%BF%D0%B0%D1%88%D0%BA%D0%B8%20%D0%BD%D0%B8%D0%BD%D0%B4%D0%B7%D1%8F%20%D1%82%D1%80%D0%BE%D0%BB%D0%BB%D1%8F%D1%82%20%D1%8D%D0%B9%D0%BF%D1%80%D0%B8%D0%BB"},{"id":5045111,"title":"эпизод из мультсериала","value":"%D1%8D%D0%BF%D0%B8%D0%B7%D0%BE%D0%B4%20%D0%B8%D0%B7%20%D0%BC%D1%83%D0%BB%D1%8C%D1%82%D1%81%D0%B5%D1%80%D0%B8%D0%B0%D0%BB%D0%B0"},{"id":5045112,"title":"черепашки ниндзя эйприл","value":"%D1%87%D0%B5%D1%80%D0%B5%D0%BF%D0%B0%D1%88%D0%BA%D0%B8%20%D0%BD%D0%B8%D0%BD%D0%B4%D0%B7%D1%8F%20%D1%8D%D0%B9%D0%BF%D1%80%D0%B8%D0%BB"},{"id":5045113,"title":"черепашки ниндзя шутки","value":"%D1%87%D0%B5%D1%80%D0%B5%D0%BF%D0%B0%D1%88%D0%BA%D0%B8%20%D0%BD%D0%B8%D0%BD%D0%B4%D0%B7%D1%8F%20%D1%88%D1%83%D1%82%D0%BA%D0%B8"},{"id":5045114,"title":"черепашки прикалываются над эйприл","value":"%D1%87%D0%B5%D1%80%D0%B5%D0%BF%D0%B0%D1%88%D0%BA%D0%B8%20%D0%BF%D1%80%D0%B8%D0%BA%D0%B0%D0%BB%D1%8B%D0%B2%D0%B0%D1%8E%D1%82%D1%81%D1%8F%20%D0%BD%D0%B0%D0%B4%20%D1%8D%D0%B9%D0%BF%D1%80%D0%B8%D0%BB"},{"id":5045115,"title":"черепашки шутят над эйприл о нил","value":"%D1%87%D0%B5%D1%80%D0%B5%D0%BF%D0%B0%D1%88%D0%BA%D0%B8%20%D1%88%D1%83%D1%82%D1%8F%D1%82%20%D0%BD%D0%B0%D0%B4%20%D1%8D%D0%B9%D0%BF%D1%80%D0%B8%D0%BB%20%D0%BE%20%D0%BD%D0%B8%D0%BB"},{"id":5041387,"title":"черепашки ниндзя юмор","value":"%D1%87%D0%B5%D1%80%D0%B5%D0%BF%D0%B0%D1%88%D0%BA%D0%B8%20%D0%BD%D0%B8%D0%BD%D0%B4%D0%B7%D1%8F%20%D1%8E%D0%BC%D0%BE%D1%80"},{"id":3579577,"title":"черепашки ниндзя 1987","value":"%D1%87%D0%B5%D1%80%D0%B5%D0%BF%D0%B0%D1%88%D0%BA%D0%B8%20%D0%BD%D0%B8%D0%BD%D0%B4%D0%B7%D1%8F%201987"},{"id":5045116,"title":"черепашки ниндзя шутка","value":"%D1%87%D0%B5%D1%80%D0%B5%D0%BF%D0%B0%D1%88%D0%BA%D0%B8%20%D0%BD%D0%B8%D0%BD%D0%B4%D0%B7%D1%8F%20%D1%88%D1%83%D1%82%D0%BA%D0%B0"},{"id":5045117,"title":"черепашки рофл","value":"%D1%87%D0%B5%D1%80%D0%B5%D0%BF%D0%B0%D1%88%D0%BA%D0%B8%20%D1%80%D0%BE%D1%84%D0%BB"},{"id":5045118,"title":"подростки мутанты ниндзя черепашки","value":"%D0%BF%D0%BE%D0%B4%D1%80%D0%BE%D1%81%D1%82%D0%BA%D0%B8%20%D0%BC%D1%83%D1%82%D0%B0%D0%BD%D1%82%D1%8B%20%D0%BD%D0%B8%D0%BD%D0%B4%D0%B7%D1%8F%20%D1%87%D0%B5%D1%80%D0%B5%D0%BF%D0%B0%D1%88%D0%BA%D0%B8"}],"categories":[{"id":14,"title":"Cartoons","permalink":"cartoons","subscriptions_count":10092974,"big_image_url":"https://coub-anubis-a.akamaized.net/coub_storage/category/cw_image/f8ede745da4/2e6c3a22d04db1a6a25e3/big_1544759035_cartoons2.png","small_image_url":"https://coub-anubis-a.akamaized.net/coub_storage/category/cw_image/f8ede745da4/2e6c3a22d04db1a6a25e3/small_1544759035_cartoons2.png","med_image_url":"https://coub-anubis-a.akamaized.net/coub_storage/category/cw_image/f8ede745da4/2e6c3a22d04db1a6a25e3/med_1544759035_cartoons2.png","visible":true}],"communities":[{"id":14,"title":"Cartoons","permalink":"cartoons","subscriptions_count":10092974,"big_image_url":"https://coub-anubis-a.akamaized.net/coub_storage/category/cw_image/f8ede745da4/2e6c3a22d04db1a6a25e3/big_1544759035_cartoons2.png","small_image_url":"https://coub-anubis-a.akamaized.net/coub_storage/category/cw_image/f8ede745da4/2e6c3a22d04db1a6a25e3/small_1544759035_cartoons2.png","med_image_url":"https://coub-anubis-a.akamaized.net/coub_storage/category/cw_image/f8ede745da4/2e6c3a22d04db1a6a25e3/med_1544759035_cartoons2.png","i_subscribed":true,"community_notifications_enabled":null,"description":null}],"recoubs_count":269,"remixes_count":0,"likes_count":1248,"dislikes_count":0,"raw_video_id":13911327,"uploaded_by_ios_app":false,"uploaded_by_android_app":false,"media_blocks":{"uploaded_raw_videos":[],"external_raw_videos":[{"id":32377027,"title":"Черепашки ниндзя троллят Эйприл (эпизод из мультсериала)","url":"https://www.youtube.com/watch?v=pDbsDvmW6qQ","image":"https://coub-anubis-a.akamaized.net/coub_storage/media_block/cw_image/f2caeb0d407/d0d8cd759ffc76297da8f/1561790559_168ahm9_1561790549_1vbn6py_att-url-download.jpg","image_retina":"https://coub-anubis-a.akamaized.net/coub_storage/media_block/cw_image/f2caeb0d407/d0d8cd759ffc76297da8f/1561790559_168ahm9_1561790549_1vbn6py_att-url-download.jpg","meta":{"service":"Youtube","duration":"15.92"},"duration":15.92,"raw_video_id":13911327,"has_embed":true}],"remixed_from_coubs":[],"external_video":{"id":32377027,"title":"Черепашки ниндзя троллят Эйприл (эпизод из мультсериала)","url":"https://www.youtube.com/watch?v=pDbsDvmW6qQ","image":"https://coub-anubis-a.akamaized.net/coub_storage/media_block/cw_image/f2caeb0d407/d0d8cd759ffc76297da8f/1561790559_168ahm9_1561790549_1vbn6py_att-url-download.jpg","image_retina":"https://coub-anubis-a.akamaized.net/coub_storage/media_block/cw_image/f2caeb0d407/d0d8cd759ffc76297da8f/1561790559_168ahm9_1561790549_1vbn6py_att-url-download.jpg","meta":{"service":"Youtube","duration":"15.92"},"duration":15.92,"raw_video_id":13911327,"has_embed":true}},"raw_video_thumbnail_url":"/missing/missing.png","raw_video_title":"Черепашки ниндзя троллят Эйприл (эпизод из мультсериала)","video_block_banned":false,"duration":10.0,"promo_winner":false,"promo_winner_recoubers":null,"editorial_info":{},"promo_hint":null,"beeline_best_2014":null,"from_web_editor":true,"normalize_sound":true,"normalize_change_allowed":true,"best2015_addable":false,"ahmad_promo":null,"promo_data":null,"audio_copyright_claim":null,"ads_disabled":false,"is_safe_for_ads":true,"megafon_contents":[],"position_on_page":7},{"flag":null,"abuses":null,"recoubs_by_users_channels":null,"favourite":false,"promoted_id":null,"recoub":null,"like":null,"dislike":null,"reaction":null,"in_my_best2015":false,"id":14078699,"type":"Coub::Simple","permalink":"7xlvh","title":"Эрик Картман повзрослел","visibility_type":"public","original_visibility_type":"public","channel_id":291370,"created_at":"2015-08-31T09:52:45Z","updated_at":"2022-03-05T23:54:12Z","is_done":true,"views_count":168923,"cotd":null,"cotd_at":null,"visible_on_explore_root":false,"visible_on_explore":false,"featured":false,"published":true,"published_at":"2015-08-31T09:52:45Z","reversed":false,"from_editor_v2":true,"is_editable":true,"original_sound":true,"has_sound":true,"recoub_to":null,"file_versions":{"html5":{"video":{"higher":{"url":"https://coub-anubis-a.akamaized.net/coub_storage/coub/simple/cw_file/5cfa7f38859/5f295425ecffcaaf429fa/muted_mp4_huge_size_1567799928_muted_huge.mp4","size":5796334},"high":{"url":"https://coub-anubis-a.akamaized.net/coub_storage/coub/simple/cw_file/5cfa7f38859/5f295425ecffcaaf429fa/muted_mp4_big_size_1567799928_muted_big.mp4","size":4371215},"med":{"url":"https://coub-anubis-a.akamaized.net/coub_storage/coub/simple/cw_file/5cfa7f38859/5f295425ecffcaaf429fa/muted_mp4_med_size_1567799928_muted_med.mp4","size":1306121}},"audio":{"high":{"url":"https://coub-anubis-a.akamaized.net/coub_storage/coub/simple/cw_looped_audio_high/c22717d2f7e/88c888cdb2084263780af/1605458923_high_1445962096_high.mp3","size":1346663},"med":{"url":"https://coub-anubis-a.akamaized.net/coub_storage/coub/simple/cw_looped_audio_med/babd51d0168/1137bc7aeb2213c4a1154/1605458923_med_1445962096_med.mp3","size":897775},"sample_duration":9.378}},"mobile":{"video":"https://coub-anubis-a.akamaized.net/coub_storage/coub/simple/cw_file/5cfa7f38859/5f295425ecffcaaf429fa/muted_mp4_med_size_1567799928_muted_med.mp4","audio":["https://coub-anubis-a.akamaized.net/coub_storage/coub/simple/cw_looped_audio_med/babd51d0168/1137bc7aeb2213c4a1154/1605458923_med_1445962096_med.mp3"]},"share":{"default":"https://coub-anubis-a.akamaized.net/coub_storage/coub/simple/cw_video_for_sharing/4e7930eba43/49b19c213a98fb1119f23/1612044226_looped_1612044225.mp4"}},"audio_versions":{},"image_versions":{"template":"https://coub-anubis-a.akamaized.net/coub_storage/coub/simple/cw_image/8a208317531/204e32406c0169bc87e6f/1441014841_00030.jpg","versions":["micro","tiny","age_restricted","ios_large","ios_mosaic","big","med","small","pinterest"]},"first_frame_versions":{"template":"https://coub-anubis-a.akamaized.net/coub_storage/coub/simple/cw_timeline_pic/cfcb0f2597c/51031837271ab97606ce6/%{version}_1441014840_image.jpg","versions":["big","med","small","ios_large"]},"dimensions":{"big":[1280,720],"med":[640,360]},"site_w_h":[640,360],"page_w_h":[640,360],"site_w_h_small":[310,174],"size":[1280,720],"age_restricted":false,"age_restricted_by_admin":false,"not_safe_for_work":false,"allow_reuse":false,"dont_crop":false,"banned":false,"global_safe":false,"audio_file_url":null,"external_download":false,"application":null,"channel":{"id":291370,"permalink":"2x2tv.ru","title":"Telekanal 2X2","description":"мы сделали свой коуб-канал, с блэкджеком и мы сделали свой коуб-канал, с блэкджеком и мы сделали свой коуб-канал, с блэкджеком и","followers_count":63137,"following_count":96,"avatar_versions":{"template":"https://coub-anubis-a.akamaized.net/coub_storage/channel/cw_avatar/94ecbb54c9b/80804463f8c710394f8ba/%{version}_1629110701_new2x2_logo111.png","versions":["medium","medium_2x","profile_pic","profile_pic_new","profile_pic_new_2x","tiny","tiny_2x","small","small_2x","ios_large","ios_small"]}},"file":null,"picture":"https://coub-anubis-a.akamaized.net/coub_storage/coub/simple/cw_image/8a208317531/204e32406c0169bc87e6f/1441014841_00030.jpg","timeline_picture":"https://coub-anubis-a.akamaized.net/coub_storage/coub/simple/cw_timeline_pic/cfcb0f2597c/51031837271ab97606ce6/ios_large_1441014840_image.jpg","small_picture":"https://coub-anubis-a.akamaized.net/coub_storage/coub/simple/cw_image/8a208317531/204e32406c0169bc87e6f/1441014841_00030.jpg","sharing_picture":null,"percent_done":100,"tags":[{"id":1073380,"title":"coubrus","value":"coubrus"},{"id":6349,"title":"ipad","value":"ipad"},{"id":10583,"title":"эппл","value":"%D1%8D%D0%BF%D0%BF%D0%BB"},{"id":2240,"title":"apple","value":"apple"},{"id":5834,"title":"жирдяй","value":"%D0%B6%D0%B8%D1%80%D0%B4%D1%8F%D0%B9"},{"id":84024,"title":"жиртрест","value":"%D0%B6%D0%B8%D1%80%D1%82%D1%80%D0%B5%D1%81%D1%82"},{"id":230060,"title":"2x2tv","value":"2x2tv"},{"id":8304,"title":"2x2","value":"2x2"},{"id":64821,"title":"барецкий","value":"%D0%B1%D0%B0%D1%80%D0%B5%D1%86%D0%BA%D0%B8%D0%B9"},{"id":29774,"title":"южный парк","value":"%D1%8E%D0%B6%D0%BD%D1%8B%D0%B9%20%D0%BF%D0%B0%D1%80%D0%BA"},{"id":1547,"title":"south park","value":"south%20park"}],"categories":[{"id":14,"title":"Cartoons","permalink":"cartoons","subscriptions_count":10092974,"big_image_url":"https://coub-anubis-a.akamaized.net/coub_storage/category/cw_image/f8ede745da4/2e6c3a22d04db1a6a25e3/big_1544759035_cartoons2.png","small_image_url":"https://coub-anubis-a.akamaized.net/coub_storage/category/cw_image/f8ede745da4/2e6c3a22d04db1a6a25e3/small_1544759035_cartoons2.png","med_image_url":"https://coub-anubis-a.akamaized.net/coub_storage/category/cw_image/f8ede745da4/2e6c3a22d04db1a6a25e3/med_1544759035_cartoons2.png","visible":true}],"communities":[{"id":14,"title":"Cartoons","permalink":"cartoons","subscriptions_count":10092974,"big_image_url":"https://coub-anubis-a.akamaized.net/coub_storage/category/cw_image/f8ede745da4/2e6c3a22d04db1a6a25e3/big_1544759035_cartoons2.png","small_image_url":"https://coub-anubis-a.akamaized.net/coub_storage/category/cw_image/f8ede745da4/2e6c3a22d04db1a6a25e3/small_1544759035_cartoons2.png","med_image_url":"https://coub-anubis-a.akamaized.net/coub_storage/category/cw_image/f8ede745da4/2e6c3a22d04db1a6a25e3/med_1544759035_cartoons2.png","i_subscribed":true,"community_notifications_enabled":null,"description":null}],"recoubs_count":440,"remixes_count":1,"likes_count":1248,"dislikes_count":0,"raw_video_id":1643023,"uploaded_by_ios_app":false,"uploaded_by_android_app":false,"media_blocks":{"uploaded_raw_videos":[],"external_raw_videos":[],"remixed_from_coubs":[]},"raw_video_thumbnail_url":"/missing/missing.png","raw_video_title":"baretsky11.mov","video_block_banned":false,"duration":9.36,"promo_winner":false,"promo_winner_recoubers":null,"editorial_info":{},"promo_hint":null,"beeline_best_2014":null,"from_web_editor":true,"normalize_sound":true,"normalize_change_allowed":true,"best2015_addable":false,"ahmad_promo":null,"promo_data":null,"audio_copyright_claim":null,"ads_disabled":null,"is_safe_for_ads":true,"megafon_contents":[],"position_on_page":8},{"flag":null,"abuses":null,"recoubs_by_users_channels":null,"favourite":false,"promoted_id":null,"recoub":null,"like":null,"dislike":null,"reaction":null,"in_my_best2015":false,"id":172983098,"type":"Coub::Simple","permalink":"2un5i1","title":"Такая жизнь","visibility_type":"public","original_visibility_type":"public","channel_id":7750797,"created_at":"2021-07-29T20:38:09Z","updated_at":"2022-03-18T00:14:33Z","is_done":true,"views_count":94657,"cotd":null,"cotd_at":null,"visible_on_explore_root":false,"visible_on_explore":false,"featured":false,"published":true,"published_at":"2021-07-29T20:38:09Z","reversed":false,"from_editor_v2":true,"is_editable":true,"original_sound":false,"has_sound":false,"recoub_to":null,"file_versions":{"html5":{"video":{"higher":{"url":"https://coub-anubis-a.akamaized.net/coub_storage/coub/simple/cw_file/044e0066752/5c13e86213170fd075edc/muted_mp4_huge_size_1627591090_muted_huge.mp4","size":167172},"high":{"url":"https://coub-anubis-a.akamaized.net/coub_storage/coub/simple/cw_file/044e0066752/5c13e86213170fd075edc/muted_mp4_big_size_1627591090_muted_big.mp4","size":97564},"med":{"url":"https://coub-anubis-a.akamaized.net/coub_storage/coub/simple/cw_file/044e0066752/5c13e86213170fd075edc/muted_mp4_med_size_1627591090_muted_med.mp4","size":26936}},"audio":{"high":{"url":"https://coub-anubis-a.akamaized.net/coub_storage/coub/simple/cw_looped_audio_high/6006c7f8dcb/b69cbd67ed979bbfac4ba/1627591094_mp3-high.mp3","size":1002657},"med":{"url":"https://coub-anubis-a.akamaized.net/coub_storage/coub/simple/cw_looped_audio_med/3c1799d4488/0b3acf15fe871a9413b0e/1627591093_mp3-med.mp3","size":801474}}},"mobile":{"video":"https://coub-anubis-a.akamaized.net/coub_storage/coub/simple/cw_file/044e0066752/5c13e86213170fd075edc/muted_mp4_med_size_1627591090_muted_med.mp4","audio":["https://coub-anubis-a.akamaized.net/coub_storage/coub/simple/cw_looped_audio_med/3c1799d4488/0b3acf15fe871a9413b0e/1627591093_mp3-med.mp3"]},"share":{"default":"https://coub-anubis-a.akamaized.net/coub_storage/coub/simple/cw_video_for_sharing/b3fe7ebf377/fef73e50bcbed0b2b8e20/1627591106_looped_1627591105.mp4"}},"audio_versions":{"template":"https://coub-anubis-a.akamaized.net/coub_storage/audio_track/cw_file/e1d776a3afb/138ed63f0056be0d25ef8/mid_1627591091_1pqyq4w_edited.mp3","versions":["mid","low"]},"image_versions":{"template":"https://coub-anubis-a.akamaized.net/coub_storage/coub/simple/cw_image/4bf37b1e2e9/3baf1ecbaba6b83523afc/%{version}_1627591095_00004.jpg","versions":["micro","tiny","age_restricted","ios_large","ios_mosaic","big","med","small","pinterest"]},"first_frame_versions":{"template":"https://coub-anubis-a.akamaized.net/coub_storage/coub/simple/cw_timeline_pic/c6d7300fe57/9e47d8a4a3559839a6f3a/%{version}_1627591095_image.jpg","versions":["big","med","small","ios_large"]},"dimensions":{"big":[1280,948],"med":[640,474]},"site_w_h":[640,474],"page_w_h":[640,474],"site_w_h_small":[310,230],"size":[1280,948],"age_restricted":false,"age_restricted_by_admin":false,"not_safe_for_work":null,"allow_reuse":false,"dont_crop":true,"banned":false,"global_safe":null,"audio_file_url":"https://coub-anubis-a.akamaized.net/coub_storage/audio_track/cw_file/e1d776a3afb/138ed63f0056be0d25ef8/low_1627591091_1pqyq4w_edited.mp3","external_download":false,"application":null,"channel":{"id":7750797,"permalink":"1b64c9fcb4552af76e054125b4afc7bc","title":"Ivan Ivanov","description":null,"followers_count":4,"following_count":14,"avatar_versions":{"template":"https://coub-anubis-a.akamaized.net/coub_storage/channel/cw_avatar/b0c8e539ac6/c07a37df267a20bcabef1/%{version}_1607868124_1n3pkdd_1582758356_d3156fab6f7c95faa58ddd4027d548ea.jpg","versions":["medium","medium_2x","profile_pic","profile_pic_new","profile_pic_new_2x","tiny","tiny_2x","small","small_2x","ios_large","ios_small"]}},"file":null,"picture":"https://coub-anubis-a.akamaized.net/coub_storage/coub/simple/cw_image/4bf37b1e2e9/3baf1ecbaba6b83523afc/med_1627591095_00004.jpg","timeline_picture":"https://coub-anubis-a.akamaized.net/coub_storage/coub/simple/cw_timeline_pic/c6d7300fe57/9e47d8a4a3559839a6f3a/ios_large_1627591095_image.jpg","small_picture":"https://coub-anubis-a.akamaized.net/coub_storage/coub/simple/cw_image/4bf37b1e2e9/3baf1ecbaba6b83523afc/ios_mosaic_1627591095_00004.jpg","sharing_picture":null,"percent_done":100,"tags":[{"id":249427,"title":"жиза","value":"%D0%B6%D0%B8%D0%B7%D0%B0"},{"id":3866,"title":"live","value":"live"},{"id":145069,"title":"nigth","value":"nigth"}],"categories":[{"id":14,"title":"Cartoons","permalink":"cartoons","subscriptions_count":10092974,"big_image_url":"https://coub-anubis-a.akamaized.net/coub_storage/category/cw_image/f8ede745da4/2e6c3a22d04db1a6a25e3/big_1544759035_cartoons2.png","small_image_url":"https://coub-anubis-a.akamaized.net/coub_storage/category/cw_image/f8ede745da4/2e6c3a22d04db1a6a25e3/small_1544759035_cartoons2.png","med_image_url":"https://coub-anubis-a.akamaized.net/coub_storage/category/cw_image/f8ede745da4/2e6c3a22d04db1a6a25e3/med_1544759035_cartoons2.png","visible":true}],"communities":[{"id":14,"title":"Cartoons","permalink":"cartoons","subscriptions_count":10092974,"big_image_url":"https://coub-anubis-a.akamaized.net/coub_storage/category/cw_image/f8ede745da4/2e6c3a22d04db1a6a25e3/big_1544759035_cartoons2.png","small_image_url":"https://coub-anubis-a.akamaized.net/coub_storage/category/cw_image/f8ede745da4/2e6c3a22d04db1a6a25e3/small_1544759035_cartoons2.png","med_image_url":"https://coub-anubis-a.akamaized.net/coub_storage/category/cw_image/f8ede745da4/2e6c3a22d04db1a6a25e3/med_1544759035_cartoons2.png","i_subscribed":true,"community_notifications_enabled":null,"description":null}],"recoubs_count":244,"remixes_count":1,"likes_count":1247,"dislikes_count":0,"raw_video_id":16647772,"uploaded_by_ios_app":false,"uploaded_by_android_app":false,"media_blocks":{"uploaded_raw_videos":[],"external_raw_videos":[],"remixed_from_coubs":[]},"raw_video_thumbnail_url":"https://coub-anubis-a.akamaized.net/coub_storage/raw_video/cw_image/60a6b934ede/7ec646c5c13a4d4768f21/coub_media_1627589989_image.jpg","raw_video_title":"323123.gif","video_block_banned":false,"duration":1.12,"promo_winner":false,"promo_winner_recoubers":null,"editorial_info":{},"promo_hint":null,"beeline_best_2014":null,"from_web_editor":true,"normalize_sound":false,"normalize_change_allowed":false,"best2015_addable":false,"ahmad_promo":null,"promo_data":null,"audio_copyright_claim":null,"ads_disabled":null,"is_safe_for_ads":true,"megafon_contents":[],"position_on_page":9},{"flag":null,"abuses":null,"recoubs_by_users_channels":null,"favourite":false,"promoted_id":null,"recoub":null,"like":null,"dislike":null,"reaction":null,"in_my_best2015":false,"id":87207503,"type":"Coub::Simple","permalink":"1fiix3","title":"SPIDER-MAN","visibility_type":"public","original_visibility_type":"public","channel_id":4084244,"created_at":"2018-10-05T03:33:26Z","updated_at":"2022-03-17T15:38:47Z","is_done":true,"views_count":109094,"cotd":null,"cotd_at":null,"visible_on_explore_root":false,"visible_on_explore":false,"featured":false,"published":true,"published_at":"2018-10-05T03:33:26Z","reversed":false,"from_editor_v2":true,"is_editable":true,"original_sound":false,"has_sound":false,"recoub_to":null,"file_versions":{"html5":{"video":{"higher":{"url":"https://coub-anubis-a.akamaized.net/coub_storage/coub/simple/cw_file/3182f1f6ef6/10ba0955631124b0812af/muted_mp4_huge_size_1569514846_muted_huge.mp4","size":4709203},"high":{"url":"https://coub-anubis-a.akamaized.net/coub_storage/coub/simple/cw_file/3182f1f6ef6/10ba0955631124b0812af/muted_mp4_big_size_1569514846_muted_big.mp4","size":3453407},"med":{"url":"https://coub-anubis-a.akamaized.net/coub_storage/coub/simple/cw_file/3182f1f6ef6/10ba0955631124b0812af/muted_mp4_med_size_1569514846_muted_med.mp4","size":1187061}},"audio":{"high":{"url":"https://coub-anubis-a.akamaized.net/coub_storage/coub/simple/cw_looped_audio_high/d232dbec522/169f27e2bd02342db7440/1605604181_high_1538710479_high.mp3","size":2708605},"med":{"url":"https://coub-anubis-a.akamaized.net/coub_storage/coub/simple/cw_looped_audio_med/ec6cbc15838/fbbbbb4d594fb3a471794/1605604178_med_1538710479_med.mp3","size":1966155}}},"mobile":{"video":"https://coub-anubis-a.akamaized.net/coub_storage/coub/simple/cw_file/3182f1f6ef6/10ba0955631124b0812af/muted_mp4_med_size_1569514846_muted_med.mp4","audio":["https://coub-anubis-a.akamaized.net/coub_storage/coub/simple/cw_looped_audio_med/ec6cbc15838/fbbbbb4d594fb3a471794/1605604178_med_1538710479_med.mp3"]},"share":{"default":"https://coub-anubis-a.akamaized.net/coub_storage/coub/simple/cw_video_for_sharing/64f1c817596/7ad536b1df2734bed8e4e/1608617562_looped_1608617561.mp4"}},"audio_versions":{"template":"https://coub-anubis-a.akamaized.net/coub_storage/audio_track/cw_normalized_copy/bbbe9336712/640bc4e59f5f5c04fea86/mid_1538710470_normalized_1538710454_1mz4hur_edited.mp3","versions":["mid","low"]},"image_versions":{"template":"https://coub-anubis-a.akamaized.net/coub_storage/coub/simple/cw_image/73df7e0fee8/482ac98e6f70af30836e3/1538710490_00031.jpg","versions":["micro","tiny","age_restricted","ios_large","ios_mosaic","big","med","small","pinterest"]},"first_frame_versions":{"template":"https://coub-anubis-a.akamaized.net/coub_storage/coub/simple/cw_timeline_pic/539dc71be9b/5c017e092b7dbfe369547/%{version}_1538710490_image.jpg","versions":["big","med","small","ios_large"]},"dimensions":{"big":[1280,536],"med":[640,268]},"site_w_h":[640,268],"page_w_h":[640,268],"site_w_h_small":[310,130],"size":[1280,536],"age_restricted":false,"age_restricted_by_admin":false,"not_safe_for_work":false,"allow_reuse":false,"dont_crop":false,"banned":false,"global_safe":true,"audio_file_url":"https://coub-anubis-a.akamaized.net/coub_storage/audio_track/cw_normalized_copy/bbbe9336712/640bc4e59f5f5c04fea86/low_1538710470_normalized_1538710454_1mz4hur_edited.mp3","external_download":{"type":"Youtube","service_name":"YouTube","url":"https://youtu.be/tg52up16eq0","has_embed":true},"application":null,"channel":{"id":4084244,"permalink":"satossff","title":"SATO","description":"🎌💜🀄📱🖊🎸🏵☔🌏🌗","followers_count":702,"following_count":16,"avatar_versions":{"template":"https://coub-anubis-a.akamaized.net/coub_storage/channel/cw_avatar/57565172b18/727cbd10956b4663f14dd/%{version}_1608023119_1yud3tb_1519491649_bLuyzQYVXXg.png","versions":["medium","medium_2x","profile_pic","profile_pic_new","profile_pic_new_2x","tiny","tiny_2x","small","small_2x","ios_large","ios_small"]}},"file":null,"picture":"https://coub-anubis-a.akamaized.net/coub_storage/coub/simple/cw_image/73df7e0fee8/482ac98e6f70af30836e3/1538710490_00031.jpg","timeline_picture":"https://coub-anubis-a.akamaized.net/coub_storage/coub/simple/cw_timeline_pic/539dc71be9b/5c017e092b7dbfe369547/ios_large_1538710490_image.jpg","small_picture":"https://coub-anubis-a.akamaized.net/coub_storage/coub/simple/cw_image/73df7e0fee8/482ac98e6f70af30836e3/1538710490_00031.jpg","sharing_picture":null,"percent_done":100,"tags":[{"id":1203942,"title":"shameik moore","value":"shameik%20moore"},{"id":242465,"title":"hailee steinfeld","value":"hailee%20steinfeld"},{"id":1267388,"title":"mahershala ali","value":"mahershala%20ali"},{"id":89718,"title":"jake johnson","value":"jake%20johnson"},{"id":86188,"title":"liev schreiber","value":"liev%20schreiber"},{"id":17045,"title":"sony pictures","value":"sony%20pictures"},{"id":11888,"title":"spider-man","value":"spider-man"},{"id":3535635,"title":"spider-man into the spider-verse","value":"spider-man%20into%20the%20spider-verse"},{"id":66013,"title":"phil lord","value":"phil%20lord"},{"id":66012,"title":"chris miller","value":"chris%20miller"},{"id":3105673,"title":"miles morales","value":"miles%20morales"},{"id":61851,"title":"peter parker","value":"peter%20parker"},{"id":1804417,"title":"spider-man homecoming","value":"spider-man%20homecoming"},{"id":2858455,"title":"spider-man animated","value":"spider-man%20animated"},{"id":795,"title":"spiderman","value":"spiderman"},{"id":3213,"title":"marvel","value":"marvel"},{"id":25816,"title":"marvel universe","value":"marvel%20universe"},{"id":133528,"title":"stan lee","value":"stan%20lee"},{"id":953844,"title":"spiderverse","value":"spiderverse"},{"id":3535605,"title":"spider-man sequel","value":"spider-man%20sequel"}],"categories":[{"id":14,"title":"Cartoons","permalink":"cartoons","subscriptions_count":10092974,"big_image_url":"https://coub-anubis-a.akamaized.net/coub_storage/category/cw_image/f8ede745da4/2e6c3a22d04db1a6a25e3/big_1544759035_cartoons2.png","small_image_url":"https://coub-anubis-a.akamaized.net/coub_storage/category/cw_image/f8ede745da4/2e6c3a22d04db1a6a25e3/small_1544759035_cartoons2.png","med_image_url":"https://coub-anubis-a.akamaized.net/coub_storage/category/cw_image/f8ede745da4/2e6c3a22d04db1a6a25e3/med_1544759035_cartoons2.png","visible":true}],"communities":[{"id":14,"title":"Cartoons","permalink":"cartoons","subscriptions_count":10092974,"big_image_url":"https://coub-anubis-a.akamaized.net/coub_storage/category/cw_image/f8ede745da4/2e6c3a22d04db1a6a25e3/big_1544759035_cartoons2.png","small_image_url":"https://coub-anubis-a.akamaized.net/coub_storage/category/cw_image/f8ede745da4/2e6c3a22d04db1a6a25e3/small_1544759035_cartoons2.png","med_image_url":"https://coub-anubis-a.akamaized.net/coub_storage/category/cw_image/f8ede745da4/2e6c3a22d04db1a6a25e3/med_1544759035_cartoons2.png","i_subscribed":true,"community_notifications_enabled":null,"description":null}],"recoubs_count":324,"remixes_count":1,"likes_count":1247,"dislikes_count":0,"raw_video_id":12462670,"uploaded_by_ios_app":false,"uploaded_by_android_app":false,"media_blocks":{"uploaded_raw_videos":[],"external_raw_videos":[{"id":28437761,"title":"SPIDER-MAN: INTO THE SPIDER-VERSE - Official Trailer #2 (HD)","url":"https://www.youtube.com/watch?v=tg52up16eq0","image":"https://coub-anubis-a.akamaized.net/coub_storage/media_block/cw_image/32f1f28f074/57e73877e49363d4989e6/1538486824_1538486797_iqjghw_att-url-download.jpg","image_retina":"https://coub-anubis-a.akamaized.net/coub_storage/media_block/cw_image/32f1f28f074/57e73877e49363d4989e6/1538486824_1538486797_iqjghw_att-url-download.jpg","meta":{"service":"Youtube","duration":"163.32"},"duration":163.32,"raw_video_id":12462670,"has_embed":true}],"remixed_from_coubs":[],"external_video":{"id":28437761,"title":"SPIDER-MAN: INTO THE SPIDER-VERSE - Official Trailer #2 (HD)","url":"https://www.youtube.com/watch?v=tg52up16eq0","image":"https://coub-anubis-a.akamaized.net/coub_storage/media_block/cw_image/32f1f28f074/57e73877e49363d4989e6/1538486824_1538486797_iqjghw_att-url-download.jpg","image_retina":"https://coub-anubis-a.akamaized.net/coub_storage/media_block/cw_image/32f1f28f074/57e73877e49363d4989e6/1538486824_1538486797_iqjghw_att-url-download.jpg","meta":{"service":"Youtube","duration":"163.32"},"duration":163.32,"raw_video_id":12462670,"has_embed":true}},"raw_video_thumbnail_url":"/missing/missing.png","raw_video_title":"SPIDER-MAN: INTO THE SPIDER-VERSE - Official Trailer #2 (HD)","video_block_banned":false,"duration":9.76,"promo_winner":false,"promo_winner_recoubers":null,"editorial_info":{},"promo_hint":null,"beeline_best_2014":null,"from_web_editor":true,"normalize_sound":true,"normalize_change_allowed":true,"best2015_addable":false,"ahmad_promo":null,"promo_data":null,"audio_copyright_claim":null,"ads_disabled":false,"is_safe_for_ads":true,"megafon_contents":[],"position_on_page":10}]}