{"page":118,"per_page":10,"total_pages":500,"coubs":[{"flag":null,"abuses":null,"recoubs_by_users_channels":null,"favourite":false,"promoted_id":null,"recoub":null,"like":null,"dislike":null,"reaction":null,"in_my_best2015":false,"id":21773799,"type":"Coub::Simple","permalink":"ciji9","title":" Starshine","visibility_type":"public","original_visibility_type":"public","channel_id":1948914,"created_at":"2016-05-20T14:39:32Z","updated_at":"2022-03-18T01:48:00Z","is_done":true,"views_count":141283,"cotd":null,"cotd_at":null,"visible_on_explore_root":true,"visible_on_explore":true,"featured":true,"published":true,"published_at":"2016-05-20T14:39:32Z","reversed":false,"from_editor_v2":true,"is_editable":true,"original_sound":false,"has_sound":false,"recoub_to":null,"file_versions":{"html5":{"video":{"higher":{"url":"https://coub-anubis-a.akamaized.net/coub_storage/coub/simple/cw_file/2f0fbcb2607/0b7130033fc7091699da4/muted_mp4_huge_size_1567885729_muted_huge.mp4","size":3746385},"high":{"url":"https://coub-anubis-a.akamaized.net/coub_storage/coub/simple/cw_file/2f0fbcb2607/0b7130033fc7091699da4/muted_mp4_big_size_1567885729_muted_big.mp4","size":2968519},"med":{"url":"https://coub-anubis-a.akamaized.net/coub_storage/coub/simple/cw_file/2f0fbcb2607/0b7130033fc7091699da4/muted_mp4_med_size_1567885729_muted_med.mp4","size":814870}},"audio":{"high":{"url":"https://coub-anubis-a.akamaized.net/coub_storage/coub/simple/cw_looped_audio_high/9bcfb9ac512/961868a1d1c58f763c7ef/1605490268_high_1470818416_high.mp3","size":15455989},"med":{"url":"https://coub-anubis-a.akamaized.net/coub_storage/coub/simple/cw_looped_audio_med/5d6c2637385/f2e2e0ab74bbef776a20a/1605490267_med_1470818416_med.mp3","size":12227925}}},"mobile":{"video":"https://coub-anubis-a.akamaized.net/coub_storage/coub/simple/cw_file/2f0fbcb2607/0b7130033fc7091699da4/muted_mp4_med_size_1567885729_muted_med.mp4","audio":["https://coub-anubis-a.akamaized.net/coub_storage/coub/simple/cw_looped_audio_med/5d6c2637385/f2e2e0ab74bbef776a20a/1605490267_med_1470818416_med.mp3"]},"share":{"default":"https://coub-anubis-a.akamaized.net/coub_storage/coub/simple/cw_video_for_sharing/97d2dc1de73/ca687517408f3df917d47/1609418089_looped_1609418088.mp4"}},"audio_versions":{"template":"https://coub-anubis-a.akamaized.net/coub_storage/audio_track/cw_normalized_copy/d556edf3503/0147e728e17ad93396f37/mid_1514709545_aecf79_normalized_1463754314_audio.mp3","versions":["mid","low"]},"image_versions":{"template":"https://coub-anubis-a.akamaized.net/coub_storage/coub/simple/cw_image/67bba76de22/fcf1fb6c04e84ce964b58/1470818369_00032.jpg","versions":["micro","tiny","age_restricted","ios_large","ios_mosaic","big","med","small","pinterest"]},"first_frame_versions":{"template":"https://coub-anubis-a.akamaized.net/coub_storage/coub/simple/cw_timeline_pic/043f2ec2689/e3c61f5d515b11648bf85/%{version}_1470818375_image.jpg","versions":["big","med","small","ios_large"]},"dimensions":{"big":[1280,536],"med":[640,268]},"site_w_h":[640,268],"page_w_h":[640,268],"site_w_h_small":[310,130],"size":[1280,536],"age_restricted":false,"age_restricted_by_admin":false,"not_safe_for_work":false,"allow_reuse":false,"dont_crop":false,"banned":false,"global_safe":true,"audio_file_url":"https://coub-anubis-a.akamaized.net/coub_storage/audio_track/cw_normalized_copy/d556edf3503/0147e728e17ad93396f37/low_1514709545_aecf79_normalized_1463754314_audio.mp3","external_download":false,"application":null,"channel":{"id":1948914,"permalink":"vladspaceman","title":"Vlad Spaceman ☮","description":"#Space #Radio-COUB #Mashup","followers_count":29216,"following_count":16,"avatar_versions":{"template":"https://coub-anubis-a.akamaized.net/coub_storage/channel/cw_avatar/1eb9c4f1cd6/71427beae99a72fabf147/%{version}_1607432436_16w07ey_1545258818____.jpg","versions":["medium","medium_2x","profile_pic","profile_pic_new","profile_pic_new_2x","tiny","tiny_2x","small","small_2x","ios_large","ios_small"]}},"file":null,"picture":"https://coub-anubis-a.akamaized.net/coub_storage/coub/simple/cw_image/67bba76de22/fcf1fb6c04e84ce964b58/1470818369_00032.jpg","timeline_picture":"https://coub-anubis-a.akamaized.net/coub_storage/coub/simple/cw_timeline_pic/043f2ec2689/e3c61f5d515b11648bf85/ios_large_1470818375_image.jpg","small_picture":"https://coub-anubis-a.akamaized.net/coub_storage/coub/simple/cw_image/67bba76de22/fcf1fb6c04e84ce964b58/1470818369_00032.jpg","sharing_picture":null,"percent_done":100,"tags":[{"id":616317,"title":"coub space","value":"coub%20space"},{"id":283,"title":"space","value":"space"},{"id":9538,"title":"cosmos","value":"cosmos"},{"id":389208,"title":"vlad spaceman","value":"vlad%20spaceman"},{"id":223117,"title":"starshine","value":"starshine"},{"id":11707,"title":"galaxy","value":"galaxy"},{"id":39013,"title":"universal","value":"universal"},{"id":39840,"title":"music coub","value":"music%20coub"},{"id":570872,"title":"big hero six","value":"big%20hero%20six"},{"id":328078,"title":"big hero 6","value":"big%20hero%206"},{"id":6354,"title":"spaceman","value":"spaceman"},{"id":1531503,"title":"movie space","value":"movie%20space"},{"id":3213,"title":"marvel","value":"marvel"}],"categories":[{"id":14,"title":"Cartoons","permalink":"cartoons","subscriptions_count":10092974,"big_image_url":"https://coub-anubis-a.akamaized.net/coub_storage/category/cw_image/f8ede745da4/2e6c3a22d04db1a6a25e3/big_1544759035_cartoons2.png","small_image_url":"https://coub-anubis-a.akamaized.net/coub_storage/category/cw_image/f8ede745da4/2e6c3a22d04db1a6a25e3/small_1544759035_cartoons2.png","med_image_url":"https://coub-anubis-a.akamaized.net/coub_storage/category/cw_image/f8ede745da4/2e6c3a22d04db1a6a25e3/med_1544759035_cartoons2.png","visible":true}],"communities":[{"id":14,"title":"Cartoons","permalink":"cartoons","subscriptions_count":10092974,"big_image_url":"https://coub-anubis-a.akamaized.net/coub_storage/category/cw_image/f8ede745da4/2e6c3a22d04db1a6a25e3/big_1544759035_cartoons2.png","small_image_url":"https://coub-anubis-a.akamaized.net/coub_storage/category/cw_image/f8ede745da4/2e6c3a22d04db1a6a25e3/small_1544759035_cartoons2.png","med_image_url":"https://coub-anubis-a.akamaized.net/coub_storage/category/cw_image/f8ede745da4/2e6c3a22d04db1a6a25e3/med_1544759035_cartoons2.png","i_subscribed":true,"community_notifications_enabled":null,"description":null}],"recoubs_count":725,"remixes_count":2,"likes_count":2975,"dislikes_count":0,"raw_video_id":2659069,"uploaded_by_ios_app":false,"uploaded_by_android_app":false,"media_blocks":{"uploaded_raw_videos":[],"external_raw_videos":[],"remixed_from_coubs":[]},"raw_video_thumbnail_url":"/missing/missing.png","raw_video_title":"Gorod_geroev_2014_BDRip_1080p_Rus_Eng_-_Segment1_01_24_56_812-01_29_30_008.mp4","video_block_banned":false,"duration":10.0,"promo_winner":false,"promo_winner_recoubers":null,"editorial_info":{},"promo_hint":null,"beeline_best_2014":null,"from_web_editor":true,"normalize_sound":true,"normalize_change_allowed":true,"best2015_addable":false,"ahmad_promo":null,"promo_data":null,"audio_copyright_claim":null,"ads_disabled":null,"is_safe_for_ads":true,"megafon_contents":[],"position_on_page":1},{"flag":null,"abuses":null,"recoubs_by_users_channels":null,"favourite":false,"promoted_id":null,"recoub":null,"like":null,"dislike":null,"reaction":null,"in_my_best2015":false,"id":10574660,"type":"Coub::Simple","permalink":"5ui49","title":"Making of Homer Simpson Trap Remix","visibility_type":"public","original_visibility_type":"public","channel_id":291370,"created_at":"2015-04-09T15:35:04Z","updated_at":"2022-03-09T00:33:58Z","is_done":true,"views_count":182639,"cotd":null,"cotd_at":null,"visible_on_explore_root":false,"visible_on_explore":false,"featured":false,"published":true,"published_at":"2015-04-09T15:35:04Z","reversed":false,"from_editor_v2":true,"is_editable":true,"original_sound":true,"has_sound":true,"recoub_to":null,"file_versions":{"html5":{"video":{"higher":{"url":"https://coub-anubis-a.akamaized.net/coub_storage/coub/simple/cw_file/15756826a19/f00d0813cc1434e1238a7/muted_mp4_huge_size_1567763430_muted_huge.mp4","size":4985545},"high":{"url":"https://coub-anubis-a.akamaized.net/coub_storage/coub/simple/cw_file/15756826a19/f00d0813cc1434e1238a7/muted_mp4_big_size_1567763430_muted_big.mp4","size":3558643},"med":{"url":"https://coub-anubis-a.akamaized.net/coub_storage/coub/simple/cw_file/15756826a19/f00d0813cc1434e1238a7/muted_mp4_med_size_1567763430_muted_med.mp4","size":1122342}},"audio":{"high":{"url":"https://coub-anubis-a.akamaized.net/coub_storage/coub/simple/cw_looped_audio_high/849d8e72602/477076059921192261601/1605449396_high_1445963248_high.mp3","size":1205602},"med":{"url":"https://coub-anubis-a.akamaized.net/coub_storage/coub/simple/cw_looped_audio_med/c56422161c3/b704e747e5425467fb09f/1605449395_med_1445963248_med.mp3","size":803734},"sample_duration":10.055}},"mobile":{"video":"https://coub-anubis-a.akamaized.net/coub_storage/coub/simple/cw_file/15756826a19/f00d0813cc1434e1238a7/muted_mp4_med_size_1567763430_muted_med.mp4","audio":["https://coub-anubis-a.akamaized.net/coub_storage/coub/simple/cw_looped_audio_med/c56422161c3/b704e747e5425467fb09f/1605449395_med_1445963248_med.mp3"]},"share":{"default":"https://coub-anubis-a.akamaized.net/coub_storage/coub/simple/cw_video_for_sharing/4393175a858/670a3f846fe1772bce367/1610257330_looped_1610257329.mp4"}},"audio_versions":{},"image_versions":{"template":"https://coub-anubis-a.akamaized.net/coub_storage/coub/simple/cw_image/e0148140085/d43cdd75b06c39571ede6/1428593754_00032.jpg","versions":["micro","tiny","age_restricted","ios_large","ios_mosaic","big","med","small","pinterest"]},"first_frame_versions":{"template":"https://coub-anubis-a.akamaized.net/coub_storage/coub/simple/cw_timeline_pic/e0148140085/d43cdd75b06c39571ede6/%{version}_1428593753_image.jpg","versions":["big","med","small","ios_large"]},"dimensions":{"big":[1280,720],"med":[640,360]},"site_w_h":[640,360],"page_w_h":[640,360],"site_w_h_small":[310,174],"size":[1280,720],"age_restricted":false,"age_restricted_by_admin":false,"not_safe_for_work":false,"allow_reuse":false,"dont_crop":false,"banned":false,"global_safe":true,"audio_file_url":null,"external_download":false,"application":null,"channel":{"id":291370,"permalink":"2x2tv.ru","title":"Telekanal 2X2","description":"мы сделали свой коуб-канал, с блэкджеком и мы сделали свой коуб-канал, с блэкджеком и мы сделали свой коуб-канал, с блэкджеком и","followers_count":63137,"following_count":96,"avatar_versions":{"template":"https://coub-anubis-a.akamaized.net/coub_storage/channel/cw_avatar/94ecbb54c9b/80804463f8c710394f8ba/%{version}_1629110701_new2x2_logo111.png","versions":["medium","medium_2x","profile_pic","profile_pic_new","profile_pic_new_2x","tiny","tiny_2x","small","small_2x","ios_large","ios_small"]}},"file":null,"picture":"https://coub-anubis-a.akamaized.net/coub_storage/coub/simple/cw_image/e0148140085/d43cdd75b06c39571ede6/1428593754_00032.jpg","timeline_picture":"https://coub-anubis-a.akamaized.net/coub_storage/coub/simple/cw_timeline_pic/e0148140085/d43cdd75b06c39571ede6/ios_large_1428593753_image.jpg","small_picture":"https://coub-anubis-a.akamaized.net/coub_storage/coub/simple/cw_image/e0148140085/d43cdd75b06c39571ede6/1428593754_00032.jpg","sharing_picture":null,"percent_done":100,"tags":[{"id":230060,"title":"2x2tv","value":"2x2tv"},{"id":8304,"title":"2x2","value":"2x2"},{"id":254810,"title":"trap remix","value":"trap%20remix"},{"id":331,"title":"trap","value":"trap"},{"id":3819,"title":"homer simpson","value":"homer%20simpson"},{"id":1727,"title":"the simpsons","value":"the%20simpsons"},{"id":484,"title":"simpsons","value":"simpsons"}],"categories":[{"id":14,"title":"Cartoons","permalink":"cartoons","subscriptions_count":10092974,"big_image_url":"https://coub-anubis-a.akamaized.net/coub_storage/category/cw_image/f8ede745da4/2e6c3a22d04db1a6a25e3/big_1544759035_cartoons2.png","small_image_url":"https://coub-anubis-a.akamaized.net/coub_storage/category/cw_image/f8ede745da4/2e6c3a22d04db1a6a25e3/small_1544759035_cartoons2.png","med_image_url":"https://coub-anubis-a.akamaized.net/coub_storage/category/cw_image/f8ede745da4/2e6c3a22d04db1a6a25e3/med_1544759035_cartoons2.png","visible":true}],"communities":[{"id":14,"title":"Cartoons","permalink":"cartoons","subscriptions_count":10092974,"big_image_url":"https://coub-anubis-a.akamaized.net/coub_storage/category/cw_image/f8ede745da4/2e6c3a22d04db1a6a25e3/big_1544759035_cartoons2.png","small_image_url":"https://coub-anubis-a.akamaized.net/coub_storage/category/cw_image/f8ede745da4/2e6c3a22d04db1a6a25e3/small_1544759035_cartoons2.png","med_image_url":"https://coub-anubis-a.akamaized.net/coub_storage/category/cw_image/f8ede745da4/2e6c3a22d04db1a6a25e3/med_1544759035_cartoons2.png","i_subscribed":true,"community_notifications_enabled":null,"description":null}],"recoubs_count":868,"remixes_count":2,"likes_count":2973,"dislikes_count":0,"raw_video_id":1397310,"uploaded_by_ios_app":false,"uploaded_by_android_app":false,"media_blocks":{"uploaded_raw_videos":[],"external_raw_videos":[],"remixed_from_coubs":[]},"raw_video_thumbnail_url":"/missing/missing.png","raw_video_title":"Making of Homer Simpson Trap Remix","video_block_banned":false,"duration":10.04,"promo_winner":false,"promo_winner_recoubers":null,"editorial_info":{},"promo_hint":null,"beeline_best_2014":null,"from_web_editor":true,"normalize_sound":true,"normalize_change_allowed":true,"best2015_addable":false,"ahmad_promo":null,"promo_data":null,"audio_copyright_claim":null,"ads_disabled":null,"is_safe_for_ads":true,"megafon_contents":[],"position_on_page":2},{"flag":null,"abuses":null,"recoubs_by_users_channels":null,"favourite":false,"promoted_id":null,"recoub":null,"like":null,"dislike":null,"reaction":null,"in_my_best2015":false,"id":70314647,"type":"Coub::Simple","permalink":"15flc8","title":"DRUNK HOMER DANCING","visibility_type":"public","original_visibility_type":"public","channel_id":1378402,"created_at":"2018-03-25T20:16:50Z","updated_at":"2022-03-18T05:22:42Z","is_done":true,"views_count":238338,"cotd":null,"cotd_at":null,"visible_on_explore_root":false,"visible_on_explore":false,"featured":false,"published":true,"published_at":"2018-03-25T20:16:50Z","reversed":false,"from_editor_v2":true,"is_editable":true,"original_sound":true,"has_sound":true,"recoub_to":null,"file_versions":{"html5":{"video":{"higher":{"url":"https://coub-anubis-a.akamaized.net/coub_storage/coub/simple/cw_file/8023239e68a/e9f7d9d2ac3466e62d113/muted_mp4_huge_size_1568212332_muted_huge.mp4","size":2827078},"high":{"url":"https://coub-anubis-a.akamaized.net/coub_storage/coub/simple/cw_file/8023239e68a/e9f7d9d2ac3466e62d113/muted_mp4_big_size_1568212332_muted_big.mp4","size":2071476},"med":{"url":"https://coub-anubis-a.akamaized.net/coub_storage/coub/simple/cw_file/8023239e68a/e9f7d9d2ac3466e62d113/muted_mp4_med_size_1568212332_muted_med.mp4","size":894579}},"audio":{"high":{"url":"https://coub-anubis-a.akamaized.net/coub_storage/coub/simple/cw_looped_audio_high/240580ec5a5/ee0db22a5fe40202a2a4f/1605642013_high_1522009033_high.mp3","size":1287312},"med":{"url":"https://coub-anubis-a.akamaized.net/coub_storage/coub/simple/cw_looped_audio_med/df1fa57b7e7/7fe9637bd328e0683065b/1605642013_med_1522009033_med.mp3","size":938250},"sample_duration":7.362}},"mobile":{"video":"https://coub-anubis-a.akamaized.net/coub_storage/coub/simple/cw_file/8023239e68a/e9f7d9d2ac3466e62d113/muted_mp4_med_size_1568212332_muted_med.mp4","audio":["https://coub-anubis-a.akamaized.net/coub_storage/coub/simple/cw_looped_audio_med/df1fa57b7e7/7fe9637bd328e0683065b/1605642013_med_1522009033_med.mp3"]},"share":{"default":"https://coub-anubis-a.akamaized.net/coub_storage/coub/simple/cw_video_for_sharing/2c0c934738a/6ed187941cbd72848e0f7/1608246556_looped_1608246554.mp4"}},"audio_versions":{},"image_versions":{"template":"https://coub-anubis-a.akamaized.net/coub_storage/coub/simple/cw_image/bccc8289ad6/b0ae3d2c212c5b89a6c01/1522009049_00023.jpg","versions":["micro","tiny","age_restricted","ios_large","ios_mosaic","big","med","small","pinterest"]},"first_frame_versions":{"template":"https://coub-anubis-a.akamaized.net/coub_storage/coub/simple/cw_timeline_pic/da664965798/8d322d6c2659f0dfc2e93/%{version}_1522009048_image.jpg","versions":["big","med","small","ios_large"]},"dimensions":{"big":[1280,720],"med":[640,360]},"site_w_h":[640,360],"page_w_h":[640,360],"site_w_h_small":[310,174],"size":[1280,720],"age_restricted":false,"age_restricted_by_admin":false,"not_safe_for_work":false,"allow_reuse":false,"dont_crop":false,"banned":false,"global_safe":true,"audio_file_url":null,"external_download":{"type":"Youtube","service_name":"YouTube","url":"http://www.youtube.com/watch?v=hgg6EjsDYFM&index=229&list=PLv3TTBr1W_9tppikBxAE_G6qjWdBljBHJ","has_embed":true},"application":null,"channel":{"id":1378402,"permalink":"lyoha.kuzmin","title":"Lyoha Kuzmin","description":null,"followers_count":69,"following_count":6,"avatar_versions":{"template":"https://coub-anubis-a.akamaized.net/coub_storage/channel/cw_avatar/8445ec442e2/059dc407e274cac7e8657/%{version}_1609572704_9hl688_1474644291_9-MttVc-Tc4.jpg","versions":["medium","medium_2x","profile_pic","profile_pic_new","profile_pic_new_2x","tiny","tiny_2x","small","small_2x","ios_large","ios_small"]}},"file":null,"picture":"https://coub-anubis-a.akamaized.net/coub_storage/coub/simple/cw_image/bccc8289ad6/b0ae3d2c212c5b89a6c01/1522009049_00023.jpg","timeline_picture":"https://coub-anubis-a.akamaized.net/coub_storage/coub/simple/cw_timeline_pic/da664965798/8d322d6c2659f0dfc2e93/ios_large_1522009048_image.jpg","small_picture":"https://coub-anubis-a.akamaized.net/coub_storage/coub/simple/cw_image/bccc8289ad6/b0ae3d2c212c5b89a6c01/1522009049_00023.jpg","sharing_picture":null,"percent_done":100,"tags":[{"id":1727,"title":"the simpsons","value":"the%20simpsons"},{"id":10597,"title":"edit","value":"edit"},{"id":2234,"title":"meme","value":"meme"},{"id":5345,"title":"dead","value":"dead"},{"id":1982,"title":"song","value":"song"},{"id":3719,"title":"parody","value":"parody"},{"id":174,"title":"funny","value":"funny"},{"id":1434831,"title":"simpson wave","value":"simpson%20wave"},{"id":8728,"title":"pumped up kicks","value":"pumped%20up%20kicks"},{"id":69974,"title":"aesthetic","value":"aesthetic"},{"id":20237,"title":"vaporwave","value":"vaporwave"},{"id":33394,"title":"mlg","value":"mlg"},{"id":16884,"title":"disease","value":"disease"},{"id":27878,"title":"dying","value":"dying"},{"id":2065528,"title":"slapasong","value":"slapasong"},{"id":2065530,"title":"experimenting","value":"experimenting"},{"id":604168,"title":"dank meme","value":"dank%20meme"},{"id":2249,"title":"homer","value":"homer"},{"id":8379,"title":"drunk dance","value":"drunk%20dance"},{"id":43826,"title":"colors","value":"colors"}],"categories":[{"id":14,"title":"Cartoons","permalink":"cartoons","subscriptions_count":10092974,"big_image_url":"https://coub-anubis-a.akamaized.net/coub_storage/category/cw_image/f8ede745da4/2e6c3a22d04db1a6a25e3/big_1544759035_cartoons2.png","small_image_url":"https://coub-anubis-a.akamaized.net/coub_storage/category/cw_image/f8ede745da4/2e6c3a22d04db1a6a25e3/small_1544759035_cartoons2.png","med_image_url":"https://coub-anubis-a.akamaized.net/coub_storage/category/cw_image/f8ede745da4/2e6c3a22d04db1a6a25e3/med_1544759035_cartoons2.png","visible":true}],"communities":[{"id":14,"title":"Cartoons","permalink":"cartoons","subscriptions_count":10092974,"big_image_url":"https://coub-anubis-a.akamaized.net/coub_storage/category/cw_image/f8ede745da4/2e6c3a22d04db1a6a25e3/big_1544759035_cartoons2.png","small_image_url":"https://coub-anubis-a.akamaized.net/coub_storage/category/cw_image/f8ede745da4/2e6c3a22d04db1a6a25e3/small_1544759035_cartoons2.png","med_image_url":"https://coub-anubis-a.akamaized.net/coub_storage/category/cw_image/f8ede745da4/2e6c3a22d04db1a6a25e3/med_1544759035_cartoons2.png","i_subscribed":true,"community_notifications_enabled":null,"description":null}],"recoubs_count":672,"remixes_count":12,"likes_count":2972,"dislikes_count":0,"raw_video_id":11396798,"uploaded_by_ios_app":false,"uploaded_by_android_app":false,"media_blocks":{"uploaded_raw_videos":[],"external_raw_videos":[{"id":25540123,"title":"DRUNK HOMER DANCING","url":"http://www.youtube.com/watch?v=hgg6EjsDYFM","image":"https://coub-anubis-a.akamaized.net/coub_storage/media_block/cw_image/990418fd5da/280236f74c4517978e70b/1522008913_1522008905_1bqb57k_att-url-download.jpg","image_retina":"https://coub-anubis-a.akamaized.net/coub_storage/media_block/cw_image/990418fd5da/280236f74c4517978e70b/1522008913_1522008905_1bqb57k_att-url-download.jpg","meta":{"service":"Youtube","duration":"23.88"},"duration":23.88,"raw_video_id":11396798,"has_embed":true}],"remixed_from_coubs":[],"external_video":{"id":25540123,"title":"DRUNK HOMER DANCING","url":"http://www.youtube.com/watch?v=hgg6EjsDYFM","image":"https://coub-anubis-a.akamaized.net/coub_storage/media_block/cw_image/990418fd5da/280236f74c4517978e70b/1522008913_1522008905_1bqb57k_att-url-download.jpg","image_retina":"https://coub-anubis-a.akamaized.net/coub_storage/media_block/cw_image/990418fd5da/280236f74c4517978e70b/1522008913_1522008905_1bqb57k_att-url-download.jpg","meta":{"service":"Youtube","duration":"23.88"},"duration":23.88,"raw_video_id":11396798,"has_embed":true}},"raw_video_thumbnail_url":"/missing/missing.png","raw_video_title":"DRUNK HOMER DANCING","video_block_banned":false,"duration":7.32,"promo_winner":false,"promo_winner_recoubers":null,"editorial_info":{},"promo_hint":null,"beeline_best_2014":null,"from_web_editor":true,"normalize_sound":true,"normalize_change_allowed":true,"best2015_addable":false,"ahmad_promo":null,"promo_data":null,"audio_copyright_claim":null,"ads_disabled":false,"is_safe_for_ads":true,"megafon_contents":[],"position_on_page":3},{"flag":null,"abuses":null,"recoubs_by_users_channels":null,"favourite":false,"promoted_id":null,"recoub":null,"like":null,"dislike":null,"reaction":null,"in_my_best2015":false,"id":20311105,"type":"Coub::Simple","permalink":"bn6ve","title":"SIMPSONWAVE","visibility_type":"public","original_visibility_type":"public","channel_id":2025071,"created_at":"2016-03-31T21:32:17Z","updated_at":"2022-03-17T19:13:19Z","is_done":true,"views_count":357789,"cotd":null,"cotd_at":null,"visible_on_explore_root":true,"visible_on_explore":true,"featured":true,"published":true,"published_at":"2016-03-31T21:32:17Z","reversed":false,"from_editor_v2":true,"is_editable":true,"original_sound":false,"has_sound":false,"recoub_to":null,"file_versions":{"html5":{"video":{"higher":{"url":"https://coub-anubis-a.akamaized.net/coub_storage/coub/simple/cw_file/32a323316b5/f1375752a74fefd2ebbc3/muted_mp4_huge_size_1567866289_muted_huge.mp4","size":6444049},"high":{"url":"https://coub-anubis-a.akamaized.net/coub_storage/coub/simple/cw_file/32a323316b5/f1375752a74fefd2ebbc3/muted_mp4_big_size_1567866289_muted_big.mp4","size":4493543},"med":{"url":"https://coub-anubis-a.akamaized.net/coub_storage/coub/simple/cw_file/32a323316b5/f1375752a74fefd2ebbc3/muted_mp4_med_size_1567866289_muted_med.mp4","size":1495976}},"audio":{"high":{"url":"https://coub-anubis-a.akamaized.net/coub_storage/coub/simple/cw_looped_audio_high/8abf9126726/0c04d39f60006812f0711/1605477579_high_1459460094_high.mp3","size":9002839},"med":{"url":"https://coub-anubis-a.akamaized.net/coub_storage/coub/simple/cw_looped_audio_med/416ba8f964e/8043a7273b0eb750d4e13/1605477578_med_1459460094_med.mp3","size":6001892}}},"mobile":{"video":"https://coub-anubis-a.akamaized.net/coub_storage/coub/simple/cw_file/32a323316b5/f1375752a74fefd2ebbc3/muted_mp4_med_size_1567866289_muted_med.mp4","audio":["https://coub-anubis-a.akamaized.net/coub_storage/coub/simple/cw_looped_audio_med/416ba8f964e/8043a7273b0eb750d4e13/1605477578_med_1459460094_med.mp3"]},"share":{"default":"https://coub-anubis-a.akamaized.net/coub_storage/coub/simple/cw_video_for_sharing/bc9869772d7/9bd809233b27740a9ddf3/1610845835_looped_1610845834.mp4"}},"audio_versions":{"template":"https://coub-anubis-a.akamaized.net/coub_storage/audio_track/cw_normalized_copy/fbd92854caa/2794991f842c53c9aa979/mid_1471158409_q8cy4w_normalized_1459459990_88yvip_edited.mp3","versions":["mid","low"]},"image_versions":{"template":"https://coub-anubis-a.akamaized.net/coub_storage/coub/simple/cw_image/f12ae364fa4/e9cfc028576150ac0e9f2/1459460172_00032.jpg","versions":["micro","tiny","age_restricted","ios_large","ios_mosaic","big","med","small","pinterest"]},"first_frame_versions":{"template":"https://coub-anubis-a.akamaized.net/coub_storage/coub/simple/cw_timeline_pic/f12ae364fa4/e9cfc028576150ac0e9f2/%{version}_1459460172_image.jpg","versions":["big","med","small","ios_large"]},"dimensions":{"big":[1280,960],"med":[640,480]},"site_w_h":[640,480],"page_w_h":[640,480],"site_w_h_small":[310,233],"size":[1280,960],"age_restricted":false,"age_restricted_by_admin":false,"not_safe_for_work":false,"allow_reuse":false,"dont_crop":false,"banned":false,"global_safe":true,"audio_file_url":"https://coub-anubis-a.akamaized.net/coub_storage/audio_track/cw_normalized_copy/fbd92854caa/2794991f842c53c9aa979/low_1471158409_q8cy4w_normalized_1459459990_88yvip_edited.mp3","external_download":false,"application":null,"channel":{"id":2025071,"permalink":"sitting.dog","title":"Sitting Dog","description":"You've got so many machines, Richard. \r\nI haven't got that many","followers_count":487,"following_count":0,"avatar_versions":{"template":"https://coub-anubis-a.akamaized.net/coub_storage/channel/cw_avatar/01f98945228/08efb5a02d185dfda5fb2/%{version}_1607912047_tiqqg6_1537164369_videoplayback__12_.mp4_snapshot_00.13.53__2018.05.27_10.34.07_.jpg","versions":["medium","medium_2x","profile_pic","profile_pic_new","profile_pic_new_2x","tiny","tiny_2x","small","small_2x","ios_large","ios_small"]}},"file":null,"picture":"https://coub-anubis-a.akamaized.net/coub_storage/coub/simple/cw_image/f12ae364fa4/e9cfc028576150ac0e9f2/1459460172_00032.jpg","timeline_picture":"https://coub-anubis-a.akamaized.net/coub_storage/coub/simple/cw_timeline_pic/f12ae364fa4/e9cfc028576150ac0e9f2/ios_large_1459460172_image.jpg","small_picture":"https://coub-anubis-a.akamaized.net/coub_storage/coub/simple/cw_image/f12ae364fa4/e9cfc028576150ac0e9f2/1459460172_00032.jpg","sharing_picture":null,"percent_done":100,"tags":[{"id":484,"title":"simpsons","value":"simpsons"},{"id":1999,"title":"bart","value":"bart"},{"id":211444,"title":"simson","value":"simson"},{"id":115482,"title":"macintosh","value":"macintosh"}],"categories":[{"id":14,"title":"Cartoons","permalink":"cartoons","subscriptions_count":10092974,"big_image_url":"https://coub-anubis-a.akamaized.net/coub_storage/category/cw_image/f8ede745da4/2e6c3a22d04db1a6a25e3/big_1544759035_cartoons2.png","small_image_url":"https://coub-anubis-a.akamaized.net/coub_storage/category/cw_image/f8ede745da4/2e6c3a22d04db1a6a25e3/small_1544759035_cartoons2.png","med_image_url":"https://coub-anubis-a.akamaized.net/coub_storage/category/cw_image/f8ede745da4/2e6c3a22d04db1a6a25e3/med_1544759035_cartoons2.png","visible":true}],"communities":[{"id":14,"title":"Cartoons","permalink":"cartoons","subscriptions_count":10092974,"big_image_url":"https://coub-anubis-a.akamaized.net/coub_storage/category/cw_image/f8ede745da4/2e6c3a22d04db1a6a25e3/big_1544759035_cartoons2.png","small_image_url":"https://coub-anubis-a.akamaized.net/coub_storage/category/cw_image/f8ede745da4/2e6c3a22d04db1a6a25e3/small_1544759035_cartoons2.png","med_image_url":"https://coub-anubis-a.akamaized.net/coub_storage/category/cw_image/f8ede745da4/2e6c3a22d04db1a6a25e3/med_1544759035_cartoons2.png","i_subscribed":true,"community_notifications_enabled":null,"description":null}],"recoubs_count":545,"remixes_count":30,"likes_count":2972,"dislikes_count":0,"raw_video_id":2344942,"uploaded_by_ios_app":false,"uploaded_by_android_app":false,"media_blocks":{"uploaded_raw_videos":[],"external_raw_videos":[],"remixed_from_coubs":[]},"raw_video_thumbnail_url":"/missing/missing.png","raw_video_title":"14594566996510.webm","video_block_banned":false,"duration":10.0,"promo_winner":false,"promo_winner_recoubers":null,"editorial_info":{},"promo_hint":null,"beeline_best_2014":null,"from_web_editor":true,"normalize_sound":true,"normalize_change_allowed":true,"best2015_addable":false,"ahmad_promo":null,"promo_data":null,"audio_copyright_claim":null,"ads_disabled":null,"is_safe_for_ads":true,"megafon_contents":[],"position_on_page":4},{"flag":null,"abuses":null,"recoubs_by_users_channels":null,"favourite":false,"promoted_id":null,"recoub":null,"like":null,"dislike":null,"reaction":null,"in_my_best2015":false,"id":52863074,"type":"Coub::Simple","permalink":"v0wci","title":"Secrets in forest","visibility_type":"public","original_visibility_type":"public","channel_id":1833904,"created_at":"2017-06-14T09:39:05Z","updated_at":"2022-03-16T17:47:53Z","is_done":true,"views_count":188363,"cotd":null,"cotd_at":null,"visible_on_explore_root":false,"visible_on_explore":false,"featured":false,"published":true,"published_at":"2017-06-14T09:39:05Z","reversed":false,"from_editor_v2":true,"is_editable":true,"original_sound":true,"has_sound":true,"recoub_to":null,"file_versions":{"html5":{"video":{"higher":{"url":"https://coub-anubis-a.akamaized.net/coub_storage/coub/simple/cw_file/96ef9c8e89b/0955818eff8199fe386ce/muted_mp4_huge_size_1568120126_muted_huge.mp4","size":3921926},"high":{"url":"https://coub-anubis-a.akamaized.net/coub_storage/coub/simple/cw_file/96ef9c8e89b/0955818eff8199fe386ce/muted_mp4_big_size_1568120126_muted_big.mp4","size":2628791},"med":{"url":"https://coub-anubis-a.akamaized.net/coub_storage/coub/simple/cw_file/96ef9c8e89b/0955818eff8199fe386ce/muted_mp4_med_size_1568120126_muted_med.mp4","size":948951}},"audio":{"high":{"url":"https://coub-anubis-a.akamaized.net/coub_storage/coub/simple/cw_looped_audio_high/5af6ccbdce1/77bea489ef42f8a0c6e29/1605603412_high_1497433151_high.mp3","size":875147},"med":{"url":"https://coub-anubis-a.akamaized.net/coub_storage/coub/simple/cw_looped_audio_med/a5d13570e7e/6a9ad37c6ae6698bb6a5d/1605603412_med_1497433151_med.mp3","size":773575},"sample_duration":10.009}},"mobile":{"video":"https://coub-anubis-a.akamaized.net/coub_storage/coub/simple/cw_file/96ef9c8e89b/0955818eff8199fe386ce/muted_mp4_med_size_1568120126_muted_med.mp4","audio":["https://coub-anubis-a.akamaized.net/coub_storage/coub/simple/cw_looped_audio_med/a5d13570e7e/6a9ad37c6ae6698bb6a5d/1605603412_med_1497433151_med.mp3"]},"share":{"default":"https://coub-anubis-a.akamaized.net/coub_storage/coub/simple/cw_video_for_sharing/490ed66d678/d2e236009d3ad5ec0fa54/1608820555_looped_1608820554.mp4"}},"audio_versions":{},"image_versions":{"template":"https://coub-anubis-a.akamaized.net/coub_storage/coub/simple/cw_image/2f0c1b13743/52552fcf7d3b8b972de16/1497433156_00032.jpg","versions":["micro","tiny","age_restricted","ios_large","ios_mosaic","big","med","small","pinterest"]},"first_frame_versions":{"template":"https://coub-anubis-a.akamaized.net/coub_storage/coub/simple/cw_timeline_pic/2f0c1b13743/52552fcf7d3b8b972de16/%{version}_1497433156_image.jpg","versions":["big","med","small","ios_large"]},"dimensions":{"big":[1280,960],"med":[640,480]},"site_w_h":[640,480],"page_w_h":[640,480],"site_w_h_small":[310,233],"size":[1280,960],"age_restricted":false,"age_restricted_by_admin":false,"not_safe_for_work":false,"allow_reuse":false,"dont_crop":false,"banned":false,"global_safe":true,"audio_file_url":null,"external_download":false,"application":null,"channel":{"id":1833904,"permalink":"volkov35","title":"volkov","description":null,"followers_count":393,"following_count":9,"avatar_versions":{"template":"https://coub-anubis-a.akamaized.net/coub_storage/channel/cw_avatar/51b6f6d3dbb/f9733336010164860b779/%{version}_1608618940_rlyqrd_1474686025________________.jpg","versions":["medium","medium_2x","profile_pic","profile_pic_new","profile_pic_new_2x","tiny","tiny_2x","small","small_2x","ios_large","ios_small"]}},"file":null,"picture":"https://coub-anubis-a.akamaized.net/coub_storage/coub/simple/cw_image/2f0c1b13743/52552fcf7d3b8b972de16/1497433156_00032.jpg","timeline_picture":"https://coub-anubis-a.akamaized.net/coub_storage/coub/simple/cw_timeline_pic/2f0c1b13743/52552fcf7d3b8b972de16/ios_large_1497433156_image.jpg","small_picture":"https://coub-anubis-a.akamaized.net/coub_storage/coub/simple/cw_image/2f0c1b13743/52552fcf7d3b8b972de16/1497433156_00032.jpg","sharing_picture":null,"percent_done":100,"tags":[],"categories":[{"id":14,"title":"Cartoons","permalink":"cartoons","subscriptions_count":10092974,"big_image_url":"https://coub-anubis-a.akamaized.net/coub_storage/category/cw_image/f8ede745da4/2e6c3a22d04db1a6a25e3/big_1544759035_cartoons2.png","small_image_url":"https://coub-anubis-a.akamaized.net/coub_storage/category/cw_image/f8ede745da4/2e6c3a22d04db1a6a25e3/small_1544759035_cartoons2.png","med_image_url":"https://coub-anubis-a.akamaized.net/coub_storage/category/cw_image/f8ede745da4/2e6c3a22d04db1a6a25e3/med_1544759035_cartoons2.png","visible":true}],"communities":[{"id":14,"title":"Cartoons","permalink":"cartoons","subscriptions_count":10092974,"big_image_url":"https://coub-anubis-a.akamaized.net/coub_storage/category/cw_image/f8ede745da4/2e6c3a22d04db1a6a25e3/big_1544759035_cartoons2.png","small_image_url":"https://coub-anubis-a.akamaized.net/coub_storage/category/cw_image/f8ede745da4/2e6c3a22d04db1a6a25e3/small_1544759035_cartoons2.png","med_image_url":"https://coub-anubis-a.akamaized.net/coub_storage/category/cw_image/f8ede745da4/2e6c3a22d04db1a6a25e3/med_1544759035_cartoons2.png","i_subscribed":true,"community_notifications_enabled":null,"description":null}],"recoubs_count":636,"remixes_count":4,"likes_count":2969,"dislikes_count":0,"raw_video_id":9788789,"uploaded_by_ios_app":false,"uploaded_by_android_app":false,"media_blocks":{"uploaded_raw_videos":[],"external_raw_videos":[],"remixed_from_coubs":[]},"raw_video_thumbnail_url":"/missing/missing.png","raw_video_title":"__________1.mp4","video_block_banned":false,"duration":10.0,"promo_winner":false,"promo_winner_recoubers":null,"editorial_info":{},"promo_hint":null,"beeline_best_2014":null,"from_web_editor":true,"normalize_sound":true,"normalize_change_allowed":true,"best2015_addable":false,"ahmad_promo":null,"promo_data":null,"audio_copyright_claim":null,"ads_disabled":false,"is_safe_for_ads":true,"megafon_contents":[],"position_on_page":5},{"flag":null,"abuses":null,"recoubs_by_users_channels":null,"favourite":false,"promoted_id":null,"recoub":null,"like":null,"dislike":null,"reaction":null,"in_my_best2015":false,"id":179039609,"type":"Coub::Simple","permalink":"2y8yrl","title":"Золушка 2.0 😂😂😂","visibility_type":"public","original_visibility_type":"public","channel_id":4713039,"created_at":"2021-11-23T19:59:11Z","updated_at":"2022-03-18T06:42:08Z","is_done":true,"views_count":164082,"cotd":null,"cotd_at":null,"visible_on_explore_root":false,"visible_on_explore":false,"featured":false,"published":true,"published_at":"2021-11-23T19:59:11Z","reversed":false,"from_editor_v2":true,"is_editable":true,"original_sound":true,"has_sound":true,"recoub_to":null,"file_versions":{"html5":{"video":{"higher":{"url":"https://coub-anubis-a.akamaized.net/coub_storage/coub/simple/cw_file/05098d45072/84fa9c22a0c9333f14494/muted_mp4_huge_size_1637697555_muted_huge.mp4","size":436290},"high":{"url":"https://coub-anubis-a.akamaized.net/coub_storage/coub/simple/cw_file/05098d45072/84fa9c22a0c9333f14494/muted_mp4_big_size_1637697555_muted_big.mp4","size":279875},"med":{"url":"https://coub-anubis-a.akamaized.net/coub_storage/coub/simple/cw_file/05098d45072/84fa9c22a0c9333f14494/muted_mp4_med_size_1637697555_muted_med.mp4","size":112835}},"audio":{"high":{"url":"https://coub-anubis-a.akamaized.net/coub_storage/coub/simple/cw_looped_audio_high/09cc69aa73b/a71c73d2bb84675feaefb/1637697557_mp3-high.mp3","size":1026432},"med":{"url":"https://coub-anubis-a.akamaized.net/coub_storage/coub/simple/cw_looped_audio_med/a25b27f585f/870e46682fb485124230a/1637697556_mp3-med.mp3","size":892750},"sample_duration":8.011}},"mobile":{"video":"https://coub-anubis-a.akamaized.net/coub_storage/coub/simple/cw_file/05098d45072/84fa9c22a0c9333f14494/muted_mp4_med_size_1637697555_muted_med.mp4","audio":["https://coub-anubis-a.akamaized.net/coub_storage/coub/simple/cw_looped_audio_med/a25b27f585f/870e46682fb485124230a/1637697556_mp3-med.mp3"]},"share":{"default":"https://coub-anubis-a.akamaized.net/coub_storage/coub/simple/cw_video_for_sharing/6f81a205770/a74f43531da9473448699/1637697571_looped_1637697571.mp4"}},"audio_versions":{},"image_versions":{"template":"https://coub-anubis-a.akamaized.net/coub_storage/coub/simple/cw_image/bd0dc726d1a/36484c3e71295802439f5/%{version}_1637697559_00026.jpg","versions":["micro","tiny","age_restricted","ios_large","ios_mosaic","big","med","small","pinterest"]},"first_frame_versions":{"template":"https://coub-anubis-a.akamaized.net/coub_storage/coub/simple/cw_timeline_pic/65bdc9a7d5a/fb7e0e715ccec5135fc24/%{version}_1637697559_image.jpg","versions":["big","med","small","ios_large"]},"dimensions":{"big":[538,960],"med":[268,480]},"site_w_h":[224,400],"page_w_h":[400,714],"site_w_h_small":[310,553],"size":[538,960],"age_restricted":false,"age_restricted_by_admin":false,"not_safe_for_work":false,"allow_reuse":false,"dont_crop":true,"banned":false,"global_safe":null,"audio_file_url":null,"external_download":false,"application":null,"channel":{"id":4713039,"permalink":"elmir-dragin","title":"Nick Wilde","description":null,"followers_count":41,"following_count":14,"avatar_versions":{"template":"https://coub-anubis-a.akamaized.net/coub_storage/channel/cw_avatar/2c864e05410/ca71c096684664ea674e3/%{version}_1607930366_p1l8o6_1535244247_cropped.jpeg","versions":["medium","medium_2x","profile_pic","profile_pic_new","profile_pic_new_2x","tiny","tiny_2x","small","small_2x","ios_large","ios_small"]}},"file":null,"picture":"https://coub-anubis-a.akamaized.net/coub_storage/coub/simple/cw_image/bd0dc726d1a/36484c3e71295802439f5/med_1637697559_00026.jpg","timeline_picture":"https://coub-anubis-a.akamaized.net/coub_storage/coub/simple/cw_timeline_pic/65bdc9a7d5a/fb7e0e715ccec5135fc24/ios_large_1637697559_image.jpg","small_picture":"https://coub-anubis-a.akamaized.net/coub_storage/coub/simple/cw_image/bd0dc726d1a/36484c3e71295802439f5/ios_mosaic_1637697559_00026.jpg","sharing_picture":null,"percent_done":100,"tags":[{"id":27847,"title":"золушка","value":"%D0%B7%D0%BE%D0%BB%D1%83%D1%88%D0%BA%D0%B0"},{"id":1264,"title":"смех","value":"%D1%81%D0%BC%D0%B5%D1%85"},{"id":174,"title":"funny","value":"funny"},{"id":169,"title":"fun","value":"fun"},{"id":6155793,"title":"top2021","value":"top2021"},{"id":314,"title":"disney","value":"disney"},{"id":208,"title":"cartoon","value":"cartoon"}],"categories":[{"id":14,"title":"Cartoons","permalink":"cartoons","subscriptions_count":10092974,"big_image_url":"https://coub-anubis-a.akamaized.net/coub_storage/category/cw_image/f8ede745da4/2e6c3a22d04db1a6a25e3/big_1544759035_cartoons2.png","small_image_url":"https://coub-anubis-a.akamaized.net/coub_storage/category/cw_image/f8ede745da4/2e6c3a22d04db1a6a25e3/small_1544759035_cartoons2.png","med_image_url":"https://coub-anubis-a.akamaized.net/coub_storage/category/cw_image/f8ede745da4/2e6c3a22d04db1a6a25e3/med_1544759035_cartoons2.png","visible":true}],"communities":[{"id":14,"title":"Cartoons","permalink":"cartoons","subscriptions_count":10092974,"big_image_url":"https://coub-anubis-a.akamaized.net/coub_storage/category/cw_image/f8ede745da4/2e6c3a22d04db1a6a25e3/big_1544759035_cartoons2.png","small_image_url":"https://coub-anubis-a.akamaized.net/coub_storage/category/cw_image/f8ede745da4/2e6c3a22d04db1a6a25e3/small_1544759035_cartoons2.png","med_image_url":"https://coub-anubis-a.akamaized.net/coub_storage/category/cw_image/f8ede745da4/2e6c3a22d04db1a6a25e3/med_1544759035_cartoons2.png","i_subscribed":true,"community_notifications_enabled":null,"description":null}],"recoubs_count":546,"remixes_count":0,"likes_count":2967,"dislikes_count":0,"raw_video_id":16943876,"uploaded_by_ios_app":false,"uploaded_by_android_app":true,"media_blocks":{"uploaded_raw_videos":[],"external_raw_videos":[],"remixed_from_coubs":[]},"raw_video_thumbnail_url":"/missing/missing.png","raw_video_title":null,"video_block_banned":false,"duration":8.04,"promo_winner":false,"promo_winner_recoubers":null,"editorial_info":{},"promo_hint":null,"beeline_best_2014":null,"from_web_editor":false,"normalize_sound":true,"normalize_change_allowed":true,"best2015_addable":false,"ahmad_promo":null,"promo_data":null,"audio_copyright_claim":null,"ads_disabled":false,"is_safe_for_ads":true,"megafon_contents":[],"position_on_page":6},{"flag":null,"abuses":null,"recoubs_by_users_channels":null,"favourite":false,"promoted_id":null,"recoub":null,"like":null,"dislike":null,"reaction":null,"in_my_best2015":false,"id":176269997,"type":"Coub::Simple","permalink":"2wllph","title":"Когда ломаешь свою лень или депреессию","visibility_type":"public","original_visibility_type":"public","channel_id":4000271,"created_at":"2021-09-29T11:42:44Z","updated_at":"2022-03-17T21:08:15Z","is_done":true,"views_count":186037,"cotd":null,"cotd_at":null,"visible_on_explore_root":false,"visible_on_explore":false,"featured":false,"published":true,"published_at":"2021-09-29T11:42:44Z","reversed":false,"from_editor_v2":true,"is_editable":true,"original_sound":false,"has_sound":false,"recoub_to":null,"file_versions":{"html5":{"video":{"higher":{"url":"https://coub-anubis-a.akamaized.net/coub_storage/coub/simple/cw_file/81bf124b91d/effbc2dd8c70ac8920fca/muted_mp4_huge_size_1632915767_muted_huge.mp4","size":384697},"high":{"url":"https://coub-anubis-a.akamaized.net/coub_storage/coub/simple/cw_file/81bf124b91d/effbc2dd8c70ac8920fca/muted_mp4_big_size_1632915767_muted_big.mp4","size":315529},"med":{"url":"https://coub-anubis-a.akamaized.net/coub_storage/coub/simple/cw_file/81bf124b91d/effbc2dd8c70ac8920fca/muted_mp4_med_size_1632915767_muted_med.mp4","size":136233}},"audio":{"high":{"url":"https://coub-anubis-a.akamaized.net/coub_storage/coub/simple/cw_looped_audio_high/c034122329b/d3948a244ea362a8691ac/1632915772_mp3-high.mp3","size":854134},"med":{"url":"https://coub-anubis-a.akamaized.net/coub_storage/coub/simple/cw_looped_audio_med/b195400e042/9c5958654f4e324feb82c/1632915772_mp3-med.mp3","size":652605}}},"mobile":{"video":"https://coub-anubis-a.akamaized.net/coub_storage/coub/simple/cw_file/81bf124b91d/effbc2dd8c70ac8920fca/muted_mp4_med_size_1632915767_muted_med.mp4","audio":["https://coub-anubis-a.akamaized.net/coub_storage/coub/simple/cw_looped_audio_med/b195400e042/9c5958654f4e324feb82c/1632915772_mp3-med.mp3"]},"share":{"default":"https://coub-anubis-a.akamaized.net/coub_storage/coub/simple/cw_video_for_sharing/a0c5370af48/2941515fb6845864956ea/1632915785_looped_1632915785.mp4"}},"audio_versions":{"template":"https://coub-anubis-a.akamaized.net/coub_storage/audio_track/cw_normalized_copy/e990a946289/e0667d7cadf8018860820/mid_1632915770_normalized_1632915767_mlf95c_edited.mp3","versions":["mid","low"]},"image_versions":{"template":"https://coub-anubis-a.akamaized.net/coub_storage/coub/simple/cw_image/85be583eed9/cd023e649473ee5055746/%{version}_1632915774_00010.jpg","versions":["micro","tiny","age_restricted","ios_large","ios_mosaic","big","med","small","pinterest"]},"first_frame_versions":{"template":"https://coub-anubis-a.akamaized.net/coub_storage/coub/simple/cw_timeline_pic/f193386e3d0/5768e0b397c7b5c7fae47/%{version}_1632915774_image.jpg","versions":["big","med","small","ios_large"]},"dimensions":{"big":[1280,720],"med":[640,360]},"site_w_h":[640,360],"page_w_h":[640,360],"site_w_h_small":[310,174],"size":[1280,720],"age_restricted":false,"age_restricted_by_admin":false,"not_safe_for_work":false,"allow_reuse":false,"dont_crop":true,"banned":false,"global_safe":null,"audio_file_url":"https://coub-anubis-a.akamaized.net/coub_storage/audio_track/cw_normalized_copy/e990a946289/e0667d7cadf8018860820/low_1632915770_normalized_1632915767_mlf95c_edited.mp3","external_download":false,"application":null,"channel":{"id":4000271,"permalink":"thundering","title":"Rios L","description":null,"followers_count":35,"following_count":18,"avatar_versions":{"template":"https://coub-anubis-a.akamaized.net/coub_storage/channel/cw_avatar/03fea286e4c/58ca991971cc4d6629e79/%{version}_1607421722_11gh5c7_1567513601_League-of-Legends-_______-Sion-1807958.jpeg","versions":["medium","medium_2x","profile_pic","profile_pic_new","profile_pic_new_2x","tiny","tiny_2x","small","small_2x","ios_large","ios_small"]}},"file":null,"picture":"https://coub-anubis-a.akamaized.net/coub_storage/coub/simple/cw_image/85be583eed9/cd023e649473ee5055746/med_1632915774_00010.jpg","timeline_picture":"https://coub-anubis-a.akamaized.net/coub_storage/coub/simple/cw_timeline_pic/f193386e3d0/5768e0b397c7b5c7fae47/ios_large_1632915774_image.jpg","small_picture":"https://coub-anubis-a.akamaized.net/coub_storage/coub/simple/cw_image/85be583eed9/cd023e649473ee5055746/ios_mosaic_1632915774_00010.jpg","sharing_picture":null,"percent_done":100,"tags":[{"id":8914,"title":"рефлексия","value":"%D1%80%D0%B5%D1%84%D0%BB%D0%B5%D0%BA%D1%81%D0%B8%D1%8F"},{"id":935563,"title":"рейзи","value":"%D1%80%D0%B5%D0%B9%D0%B7%D0%B8"},{"id":268966,"title":"аниматор","value":"%D0%B0%D0%BD%D0%B8%D0%BC%D0%B0%D1%82%D0%BE%D1%80"},{"id":2058,"title":"мультфильм","value":"%D0%BC%D1%83%D0%BB%D1%8C%D1%82%D1%84%D0%B8%D0%BB%D1%8C%D0%BC"},{"id":2027,"title":"мульт","value":"%D0%BC%D1%83%D0%BB%D1%8C%D1%82"},{"id":1164,"title":"рисование","value":"%D1%80%D0%B8%D1%81%D0%BE%D0%B2%D0%B0%D0%BD%D0%B8%D0%B5"},{"id":164,"title":"аниме","value":"%D0%B0%D0%BD%D0%B8%D0%BC%D0%B5"},{"id":9134,"title":"анимация","value":"%D0%B0%D0%BD%D0%B8%D0%BC%D0%B0%D1%86%D0%B8%D1%8F"},{"id":19804,"title":"депрессия","value":"%D0%B4%D0%B5%D0%BF%D1%80%D0%B5%D1%81%D1%81%D0%B8%D1%8F"},{"id":5782,"title":"лень","value":"%D0%BB%D0%B5%D0%BD%D1%8C"},{"id":16498,"title":"disturbed","value":"disturbed"},{"id":21399,"title":"радио","value":"%D1%80%D0%B0%D0%B4%D0%B8%D0%BE"},{"id":9099,"title":"тапок","value":"%D1%82%D0%B0%D0%BF%D0%BE%D0%BA"},{"id":3144184,"title":"радиотапок","value":"%D1%80%D0%B0%D0%B4%D0%B8%D0%BE%D1%82%D0%B0%D0%BF%D0%BE%D0%BA"},{"id":2678643,"title":"radiotapok","value":"radiotapok"}],"categories":[{"id":14,"title":"Cartoons","permalink":"cartoons","subscriptions_count":10092974,"big_image_url":"https://coub-anubis-a.akamaized.net/coub_storage/category/cw_image/f8ede745da4/2e6c3a22d04db1a6a25e3/big_1544759035_cartoons2.png","small_image_url":"https://coub-anubis-a.akamaized.net/coub_storage/category/cw_image/f8ede745da4/2e6c3a22d04db1a6a25e3/small_1544759035_cartoons2.png","med_image_url":"https://coub-anubis-a.akamaized.net/coub_storage/category/cw_image/f8ede745da4/2e6c3a22d04db1a6a25e3/med_1544759035_cartoons2.png","visible":true}],"communities":[{"id":14,"title":"Cartoons","permalink":"cartoons","subscriptions_count":10092974,"big_image_url":"https://coub-anubis-a.akamaized.net/coub_storage/category/cw_image/f8ede745da4/2e6c3a22d04db1a6a25e3/big_1544759035_cartoons2.png","small_image_url":"https://coub-anubis-a.akamaized.net/coub_storage/category/cw_image/f8ede745da4/2e6c3a22d04db1a6a25e3/small_1544759035_cartoons2.png","med_image_url":"https://coub-anubis-a.akamaized.net/coub_storage/category/cw_image/f8ede745da4/2e6c3a22d04db1a6a25e3/med_1544759035_cartoons2.png","i_subscribed":true,"community_notifications_enabled":null,"description":null}],"recoubs_count":602,"remixes_count":0,"likes_count":2967,"dislikes_count":0,"raw_video_id":"","uploaded_by_ios_app":false,"uploaded_by_android_app":false,"media_blocks":{"uploaded_raw_videos":[],"external_raw_videos":[],"remixed_from_coubs":[{"id":36322010,"title":"Ой в п*","url":"https://coub.com/coubs/2gbsc7/remix","image":"https://coub-anubis-a.akamaized.net/coub_storage/media_block/cw_image/f9a436274d3/58f80b3ece757aceae504/1593983286_14oadxf_1593983270_00022.jpg","image_retina":"https://coub-anubis-a.akamaized.net/coub_storage/media_block/cw_image/f9a436274d3/58f80b3ece757aceae504/1593983286_14oadxf_1593983270_00022.jpg","meta":{"duration":"6.96"},"duration":null,"coub_channel_title":"Raiga","coub_channel_permalink":"raiga000","coub_views_count":231369,"coub_permalink":"2gbsc7"}]},"raw_video_thumbnail_url":"","raw_video_title":"","video_block_banned":false,"duration":2.92,"promo_winner":false,"promo_winner_recoubers":null,"editorial_info":{},"promo_hint":null,"beeline_best_2014":null,"from_web_editor":true,"normalize_sound":true,"normalize_change_allowed":true,"best2015_addable":false,"ahmad_promo":null,"promo_data":null,"audio_copyright_claim":null,"ads_disabled":false,"is_safe_for_ads":true,"megafon_contents":[],"position_on_page":7},{"flag":null,"abuses":null,"recoubs_by_users_channels":null,"favourite":false,"promoted_id":null,"recoub":null,"like":null,"dislike":null,"reaction":null,"in_my_best2015":false,"id":88342828,"type":"Coub::Simple","permalink":"1g6uy9","title":"babyflex","visibility_type":"public","original_visibility_type":"public","channel_id":2379231,"created_at":"2018-10-16T11:22:21Z","updated_at":"2022-03-17T15:18:39Z","is_done":true,"views_count":177177,"cotd":null,"cotd_at":null,"visible_on_explore_root":false,"visible_on_explore":false,"featured":false,"published":true,"published_at":"2018-10-16T11:22:21Z","reversed":false,"from_editor_v2":true,"is_editable":true,"original_sound":false,"has_sound":false,"recoub_to":null,"file_versions":{"html5":{"video":{"higher":{"url":"https://coub-anubis-a.akamaized.net/coub_storage/coub/simple/cw_file/b9c3dd836fa/aadfe453e5e904685a9e4/muted_mp4_huge_size_1569927860_muted_huge.mp4","size":960709},"high":{"url":"https://coub-anubis-a.akamaized.net/coub_storage/coub/simple/cw_file/b9c3dd836fa/aadfe453e5e904685a9e4/muted_mp4_big_size_1569927860_muted_big.mp4","size":635257},"med":{"url":"https://coub-anubis-a.akamaized.net/coub_storage/coub/simple/cw_file/b9c3dd836fa/aadfe453e5e904685a9e4/muted_mp4_med_size_1569927860_muted_med.mp4","size":199075}},"audio":{"high":{"url":"https://coub-anubis-a.akamaized.net/coub_storage/coub/simple/cw_looped_audio_high/867c92df67f/938253db51c96d238744d/1605602031_high_1539688982_high.mp3","size":3961575},"med":{"url":"https://coub-anubis-a.akamaized.net/coub_storage/coub/simple/cw_looped_audio_med/ac44591f063/a2342af2afc16ea004f3b/1605602031_med_1539688982_med.mp3","size":2882383}}},"mobile":{"video":"https://coub-anubis-a.akamaized.net/coub_storage/coub/simple/cw_file/b9c3dd836fa/aadfe453e5e904685a9e4/muted_mp4_med_size_1569927860_muted_med.mp4","audio":["https://coub-anubis-a.akamaized.net/coub_storage/coub/simple/cw_looped_audio_med/ac44591f063/a2342af2afc16ea004f3b/1605602031_med_1539688982_med.mp3"]},"share":{"default":"https://coub-anubis-a.akamaized.net/coub_storage/coub/simple/cw_video_for_sharing/c51d5b7f8b2/e5dddc58c6a64b415bc3d/1608676181_looped_1608676181.mp4"}},"audio_versions":{"template":"https://coub-anubis-a.akamaized.net/coub_storage/audio_track/cw_normalized_copy/6b5467f7e86/7c1de45b9ee9ae7f5e33a/mid_1539688970_normalized_1539688947_9eioiw_edited.mp3","versions":["mid","low"]},"image_versions":{"template":"https://coub-anubis-a.akamaized.net/coub_storage/coub/simple/cw_image/1f623e18a41/8388553d6bae4a09bbb16/1539688993_00012.jpg","versions":["micro","tiny","age_restricted","ios_large","ios_mosaic","big","med","small","pinterest"]},"first_frame_versions":{"template":"https://coub-anubis-a.akamaized.net/coub_storage/coub/simple/cw_timeline_pic/43a1686e4b2/7c3d827d161e8f3266fd1/%{version}_1539688993_image.jpg","versions":["big","med","small","ios_large"]},"dimensions":{"big":[960,960],"med":[480,480]},"site_w_h":[400,400],"page_w_h":[400,400],"site_w_h_small":[310,310],"size":[960,960],"age_restricted":false,"age_restricted_by_admin":false,"not_safe_for_work":false,"allow_reuse":false,"dont_crop":false,"banned":false,"global_safe":true,"audio_file_url":"https://coub-anubis-a.akamaized.net/coub_storage/audio_track/cw_normalized_copy/6b5467f7e86/7c1de45b9ee9ae7f5e33a/low_1539688970_normalized_1539688947_9eioiw_edited.mp3","external_download":false,"application":null,"channel":{"id":2379231,"permalink":"wiseboyy","title":"Mefisto","description":null,"followers_count":158,"following_count":23,"avatar_versions":{"template":"https://coub-anubis-a.akamaized.net/coub_storage/channel/cw_avatar/5a863ef7150/f20ccc7752b7fa8bd8d42/%{version}_1609034271_dr5zp1_1497777143_123123123121.png","versions":["medium","medium_2x","profile_pic","profile_pic_new","profile_pic_new_2x","tiny","tiny_2x","small","small_2x","ios_large","ios_small"]}},"file":null,"picture":"https://coub-anubis-a.akamaized.net/coub_storage/coub/simple/cw_image/1f623e18a41/8388553d6bae4a09bbb16/1539688993_00012.jpg","timeline_picture":"https://coub-anubis-a.akamaized.net/coub_storage/coub/simple/cw_timeline_pic/43a1686e4b2/7c3d827d161e8f3266fd1/ios_large_1539688993_image.jpg","small_picture":"https://coub-anubis-a.akamaized.net/coub_storage/coub/simple/cw_image/1f623e18a41/8388553d6bae4a09bbb16/1539688993_00012.jpg","sharing_picture":null,"percent_done":100,"tags":[],"categories":[{"id":14,"title":"Cartoons","permalink":"cartoons","subscriptions_count":10092974,"big_image_url":"https://coub-anubis-a.akamaized.net/coub_storage/category/cw_image/f8ede745da4/2e6c3a22d04db1a6a25e3/big_1544759035_cartoons2.png","small_image_url":"https://coub-anubis-a.akamaized.net/coub_storage/category/cw_image/f8ede745da4/2e6c3a22d04db1a6a25e3/small_1544759035_cartoons2.png","med_image_url":"https://coub-anubis-a.akamaized.net/coub_storage/category/cw_image/f8ede745da4/2e6c3a22d04db1a6a25e3/med_1544759035_cartoons2.png","visible":true}],"communities":[{"id":14,"title":"Cartoons","permalink":"cartoons","subscriptions_count":10092974,"big_image_url":"https://coub-anubis-a.akamaized.net/coub_storage/category/cw_image/f8ede745da4/2e6c3a22d04db1a6a25e3/big_1544759035_cartoons2.png","small_image_url":"https://coub-anubis-a.akamaized.net/coub_storage/category/cw_image/f8ede745da4/2e6c3a22d04db1a6a25e3/small_1544759035_cartoons2.png","med_image_url":"https://coub-anubis-a.akamaized.net/coub_storage/category/cw_image/f8ede745da4/2e6c3a22d04db1a6a25e3/med_1544759035_cartoons2.png","i_subscribed":true,"community_notifications_enabled":null,"description":null}],"recoubs_count":516,"remixes_count":23,"likes_count":2963,"dislikes_count":0,"raw_video_id":12539162,"uploaded_by_ios_app":false,"uploaded_by_android_app":false,"media_blocks":{"uploaded_raw_videos":[],"external_raw_videos":[],"remixed_from_coubs":[]},"raw_video_thumbnail_url":"/missing/missing.png","raw_video_title":"video.mp4","video_block_banned":false,"duration":3.68,"promo_winner":false,"promo_winner_recoubers":null,"editorial_info":{},"promo_hint":null,"beeline_best_2014":null,"from_web_editor":true,"normalize_sound":true,"normalize_change_allowed":true,"best2015_addable":false,"ahmad_promo":null,"promo_data":null,"audio_copyright_claim":null,"ads_disabled":false,"is_safe_for_ads":true,"megafon_contents":[],"position_on_page":8},{"flag":null,"abuses":null,"recoubs_by_users_channels":null,"favourite":false,"promoted_id":null,"recoub":null,"like":null,"dislike":null,"reaction":null,"in_my_best2015":false,"id":6776357,"type":"Coub::Simple","permalink":"3l3b1","title":"Real mood swings","visibility_type":"public","original_visibility_type":"public","channel_id":802799,"created_at":"2014-10-06T08:04:19Z","updated_at":"2022-03-15T20:44:47Z","is_done":true,"views_count":245770,"cotd":true,"cotd_at":"2014-10-07","visible_on_explore_root":true,"visible_on_explore":true,"featured":true,"published":true,"published_at":"2014-10-06T08:04:19Z","reversed":false,"from_editor_v2":true,"is_editable":true,"original_sound":true,"has_sound":true,"recoub_to":null,"file_versions":{"html5":{"video":{"higher":{"url":"https://coub-anubis-a.akamaized.net/coub_storage/coub/simple/cw_file/89b3238488e/e569788c2ecb43812a912/muted_mp4_huge_size_1567733949_muted_huge.mp4","size":1565412},"high":{"url":"https://coub-anubis-a.akamaized.net/coub_storage/coub/simple/cw_file/89b3238488e/e569788c2ecb43812a912/muted_mp4_big_size_1567733949_muted_big.mp4","size":1036044},"med":{"url":"https://coub-anubis-a.akamaized.net/coub_storage/coub/simple/cw_file/89b3238488e/e569788c2ecb43812a912/muted_mp4_med_size_1567733949_muted_med.mp4","size":452253}},"audio":{"high":{"url":"https://coub-anubis-a.akamaized.net/coub_storage/coub/simple/cw_looped_audio_high/9ef8696a2b0/759ab3a99702fc3d4a8f6/1605436097_high_1445957033_high.mp3","size":1201840},"med":{"url":"https://coub-anubis-a.akamaized.net/coub_storage/coub/simple/cw_looped_audio_med/e72faebb9fe/43164cfbb8d210bc8fcee/1605436097_med_1445957033_med.mp3","size":801226},"sample_duration":10.031}},"mobile":{"video":"https://coub-anubis-a.akamaized.net/coub_storage/coub/simple/cw_file/89b3238488e/e569788c2ecb43812a912/muted_mp4_med_size_1567733949_muted_med.mp4","audio":["https://coub-anubis-a.akamaized.net/coub_storage/coub/simple/cw_looped_audio_med/e72faebb9fe/43164cfbb8d210bc8fcee/1605436097_med_1445957033_med.mp3"]},"share":{"default":"https://coub-anubis-a.akamaized.net/coub_storage/coub/simple/cw_video_for_sharing/60b70c7671c/bbb580c99c0c1cdfa305c/1612419631_looped_1612419631.mp4"}},"audio_versions":{},"image_versions":{"template":"https://coub-anubis-a.akamaized.net/coub_storage/coub/simple/cw_image/13b6bbb9339/776b2012082d008984431/1412582692_00032.jpg","versions":["micro","tiny","age_restricted","ios_large","ios_mosaic","big","med","small","pinterest"]},"first_frame_versions":{"template":"https://coub-anubis-a.akamaized.net/coub_storage/coub/simple/cw_timeline_pic/13b6bbb9339/776b2012082d008984431/%{version}_1412582691_image.jpg","versions":["big","med","small","ios_large"]},"dimensions":{"big":[1280,960],"med":[640,480]},"site_w_h":[640,480],"page_w_h":[640,480],"site_w_h_small":[310,233],"size":[1280,960],"age_restricted":false,"age_restricted_by_admin":false,"not_safe_for_work":null,"allow_reuse":false,"dont_crop":true,"banned":false,"global_safe":true,"audio_file_url":null,"external_download":false,"application":null,"channel":{"id":802799,"permalink":"ururuomnomnom","title":"Polina Svetlaya","description":null,"followers_count":626,"following_count":102,"avatar_versions":{"template":"https://coub-anubis-a.akamaized.net/coub_storage/channel/cw_avatar/a253c8e4739/8b16b04df3659f1b0d29f/%{version}_1474532365__________.jpg","versions":["medium","medium_2x","profile_pic","profile_pic_new","profile_pic_new_2x","tiny","tiny_2x","small","small_2x","ios_large","ios_small"]}},"file":null,"picture":"https://coub-anubis-a.akamaized.net/coub_storage/coub/simple/cw_image/13b6bbb9339/776b2012082d008984431/1412582692_00032.jpg","timeline_picture":"https://coub-anubis-a.akamaized.net/coub_storage/coub/simple/cw_timeline_pic/13b6bbb9339/776b2012082d008984431/ios_large_1412582691_image.jpg","small_picture":"https://coub-anubis-a.akamaized.net/coub_storage/coub/simple/cw_image/13b6bbb9339/776b2012082d008984431/1412582692_00032.jpg","sharing_picture":null,"percent_done":100,"tags":[{"id":565869,"title":"mood swings? mood swings!","value":"mood%20swings?%20mood%20swings!"},{"id":2249,"title":"homer","value":"homer"},{"id":484,"title":"simpsons","value":"simpsons"}],"categories":[{"id":14,"title":"Cartoons","permalink":"cartoons","subscriptions_count":10092974,"big_image_url":"https://coub-anubis-a.akamaized.net/coub_storage/category/cw_image/f8ede745da4/2e6c3a22d04db1a6a25e3/big_1544759035_cartoons2.png","small_image_url":"https://coub-anubis-a.akamaized.net/coub_storage/category/cw_image/f8ede745da4/2e6c3a22d04db1a6a25e3/small_1544759035_cartoons2.png","med_image_url":"https://coub-anubis-a.akamaized.net/coub_storage/category/cw_image/f8ede745da4/2e6c3a22d04db1a6a25e3/med_1544759035_cartoons2.png","visible":true}],"communities":[{"id":14,"title":"Cartoons","permalink":"cartoons","subscriptions_count":10092974,"big_image_url":"https://coub-anubis-a.akamaized.net/coub_storage/category/cw_image/f8ede745da4/2e6c3a22d04db1a6a25e3/big_1544759035_cartoons2.png","small_image_url":"https://coub-anubis-a.akamaized.net/coub_storage/category/cw_image/f8ede745da4/2e6c3a22d04db1a6a25e3/small_1544759035_cartoons2.png","med_image_url":"https://coub-anubis-a.akamaized.net/coub_storage/category/cw_image/f8ede745da4/2e6c3a22d04db1a6a25e3/med_1544759035_cartoons2.png","i_subscribed":true,"community_notifications_enabled":null,"description":null}],"recoubs_count":711,"remixes_count":0,"likes_count":2963,"dislikes_count":0,"raw_video_id":1391016,"uploaded_by_ios_app":false,"uploaded_by_android_app":false,"media_blocks":{"uploaded_raw_videos":[],"external_raw_videos":[],"remixed_from_coubs":[]},"raw_video_thumbnail_url":"/missing/missing.png","raw_video_title":"Real mood swings","video_block_banned":false,"duration":10.0,"promo_winner":false,"promo_winner_recoubers":null,"editorial_info":{},"promo_hint":null,"beeline_best_2014":null,"from_web_editor":true,"normalize_sound":true,"normalize_change_allowed":true,"best2015_addable":false,"ahmad_promo":null,"promo_data":null,"audio_copyright_claim":null,"ads_disabled":null,"is_safe_for_ads":true,"megafon_contents":[],"position_on_page":9},{"flag":null,"abuses":null,"recoubs_by_users_channels":null,"favourite":false,"promoted_id":null,"recoub":null,"like":null,"dislike":null,"reaction":null,"in_my_best2015":false,"id":86593440,"type":"Coub::Simple","permalink":"1f5d3o","title":"Всё идёт по плану","visibility_type":"public","original_visibility_type":"public","channel_id":4231495,"created_at":"2018-09-28T16:00:39Z","updated_at":"2022-03-17T04:33:02Z","is_done":true,"views_count":213144,"cotd":null,"cotd_at":null,"visible_on_explore_root":false,"visible_on_explore":false,"featured":false,"published":true,"published_at":"2018-09-28T16:00:38Z","reversed":false,"from_editor_v2":true,"is_editable":true,"original_sound":false,"has_sound":false,"recoub_to":null,"file_versions":{"html5":{"video":{"higher":{"url":"https://coub-anubis-a.akamaized.net/coub_storage/coub/simple/cw_file/c9c08ce7bf8/7e8271aa066a7dbb040a8/muted_mp4_huge_size_1569635141_muted_huge.mp4","size":369980},"high":{"url":"https://coub-anubis-a.akamaized.net/coub_storage/coub/simple/cw_file/c9c08ce7bf8/7e8271aa066a7dbb040a8/muted_mp4_big_size_1569635141_muted_big.mp4","size":290709},"med":{"url":"https://coub-anubis-a.akamaized.net/coub_storage/coub/simple/cw_file/c9c08ce7bf8/7e8271aa066a7dbb040a8/muted_mp4_med_size_1569635141_muted_med.mp4","size":94231}},"audio":{"high":{"url":"https://coub-anubis-a.akamaized.net/coub_storage/coub/simple/cw_looped_audio_high/9bba1222109/d7729fcbee44b910f7771/1605606480_high_1538150477_high.mp3","size":4044244},"med":{"url":"https://coub-anubis-a.akamaized.net/coub_storage/coub/simple/cw_looped_audio_med/770317c52ee/c0aa73e4ebadf1f96135d/1605606480_med_1538150477_med.mp3","size":2813802}}},"mobile":{"video":"https://coub-anubis-a.akamaized.net/coub_storage/coub/simple/cw_file/c9c08ce7bf8/7e8271aa066a7dbb040a8/muted_mp4_med_size_1569635141_muted_med.mp4","audio":["https://coub-anubis-a.akamaized.net/coub_storage/coub/simple/cw_looped_audio_med/770317c52ee/c0aa73e4ebadf1f96135d/1605606480_med_1538150477_med.mp3"]},"share":{"default":"https://coub-anubis-a.akamaized.net/coub_storage/coub/simple/cw_video_for_sharing/2609424adae/f970da3d8d090268c911c/1610730721_looped_1610730721.mp4"}},"audio_versions":{"template":"https://coub-anubis-a.akamaized.net/coub_storage/audio_track/cw_file/3b6ad8c5c62/387e24a1509636d3d5863/mid_1538150449_sgkad1_edited.mp3","versions":["mid","low"]},"image_versions":{"template":"https://coub-anubis-a.akamaized.net/coub_storage/coub/simple/cw_image/43907df7b48/55c3249076171891458d2/1538150492_00020.jpg","versions":["micro","tiny","age_restricted","ios_large","ios_mosaic","big","med","small","pinterest"]},"first_frame_versions":{"template":"https://coub-anubis-a.akamaized.net/coub_storage/coub/simple/cw_timeline_pic/b6162c1d3c0/7d0ca9af02c24b6413510/%{version}_1538150492_image.jpg","versions":["big","med","small","ios_large"]},"dimensions":{"big":[1280,720],"med":[640,360]},"site_w_h":[640,360],"page_w_h":[640,360],"site_w_h_small":[310,174],"size":[1280,720],"age_restricted":false,"age_restricted_by_admin":false,"not_safe_for_work":false,"allow_reuse":false,"dont_crop":false,"banned":false,"global_safe":false,"audio_file_url":"https://coub-anubis-a.akamaized.net/coub_storage/audio_track/cw_file/3b6ad8c5c62/387e24a1509636d3d5863/low_1538150449_sgkad1_edited.mp3","external_download":false,"application":null,"channel":{"id":4231495,"permalink":"rosan000","title":"Rosan","description":null,"followers_count":42,"following_count":4,"avatar_versions":{"template":"https://coub-anubis-a.akamaized.net/coub_storage/channel/cw_avatar/195aa389ec9/cf1fc3b446d9ac5070f99/%{version}_1607809374_1i6zjry_1568915719_5b5ae68153e51164db146940.png","versions":["medium","medium_2x","profile_pic","profile_pic_new","profile_pic_new_2x","tiny","tiny_2x","small","small_2x","ios_large","ios_small"]}},"file":null,"picture":"https://coub-anubis-a.akamaized.net/coub_storage/coub/simple/cw_image/43907df7b48/55c3249076171891458d2/1538150492_00020.jpg","timeline_picture":"https://coub-anubis-a.akamaized.net/coub_storage/coub/simple/cw_timeline_pic/b6162c1d3c0/7d0ca9af02c24b6413510/ios_large_1538150492_image.jpg","small_picture":"https://coub-anubis-a.akamaized.net/coub_storage/coub/simple/cw_image/43907df7b48/55c3249076171891458d2/1538150492_00020.jpg","sharing_picture":null,"percent_done":100,"tags":[{"id":1,"title":"adventure time","value":"adventure%20time"},{"id":323,"title":"cartoon network","value":"cartoon%20network"},{"id":1570624,"title":"cartoon network adventure time","value":"cartoon%20network%20adventure%20time"},{"id":1570625,"title":"adventure time cartoon network","value":"adventure%20time%20cartoon%20network"},{"id":1570627,"title":"fin and jack","value":"fin%20and%20jack"},{"id":34778,"title":"finn and jake","value":"finn%20and%20jake"},{"id":412481,"title":"adventure time cartoon","value":"adventure%20time%20cartoon"},{"id":21546,"title":"bmo","value":"bmo"},{"id":1585193,"title":"adventure time shows","value":"adventure%20time%20shows"},{"id":1187568,"title":"adventure time stakes","value":"adventure%20time%20stakes"},{"id":419477,"title":"stakes","value":"stakes"},{"id":1616224,"title":"adventure time special","value":"adventure%20time%20special"},{"id":4294980,"title":"mr. belvedere (tv program)","value":"mr.%20belvedere%20(tv%20program)"},{"id":4294981,"title":"mr. belvedere theme","value":"mr.%20belvedere%20theme"},{"id":4294982,"title":"marceline the vampire queen (film character)","value":"marceline%20the%20vampire%20queen%20(film%20character)"},{"id":15355,"title":"marceline","value":"marceline"},{"id":3243843,"title":"everything goes according to plan","value":"everything%20goes%20according%20to%20plan"},{"id":1167608,"title":"всё идёт по плану","value":"%D0%B2%D1%81%D1%91%20%D0%B8%D0%B4%D1%91%D1%82%20%D0%BF%D0%BE%20%D0%BF%D0%BB%D0%B0%D0%BD%D1%83"}],"categories":[{"id":14,"title":"Cartoons","permalink":"cartoons","subscriptions_count":10092974,"big_image_url":"https://coub-anubis-a.akamaized.net/coub_storage/category/cw_image/f8ede745da4/2e6c3a22d04db1a6a25e3/big_1544759035_cartoons2.png","small_image_url":"https://coub-anubis-a.akamaized.net/coub_storage/category/cw_image/f8ede745da4/2e6c3a22d04db1a6a25e3/small_1544759035_cartoons2.png","med_image_url":"https://coub-anubis-a.akamaized.net/coub_storage/category/cw_image/f8ede745da4/2e6c3a22d04db1a6a25e3/med_1544759035_cartoons2.png","visible":true}],"communities":[{"id":14,"title":"Cartoons","permalink":"cartoons","subscriptions_count":10092974,"big_image_url":"https://coub-anubis-a.akamaized.net/coub_storage/category/cw_image/f8ede745da4/2e6c3a22d04db1a6a25e3/big_1544759035_cartoons2.png","small_image_url":"https://coub-anubis-a.akamaized.net/coub_storage/category/cw_image/f8ede745da4/2e6c3a22d04db1a6a25e3/small_1544759035_cartoons2.png","med_image_url":"https://coub-anubis-a.akamaized.net/coub_storage/category/cw_image/f8ede745da4/2e6c3a22d04db1a6a25e3/med_1544759035_cartoons2.png","i_subscribed":true,"community_notifications_enabled":null,"description":null}],"recoubs_count":545,"remixes_count":9,"likes_count":2962,"dislikes_count":0,"raw_video_id":"","uploaded_by_ios_app":false,"uploaded_by_android_app":false,"media_blocks":{"uploaded_raw_videos":[],"external_raw_videos":[],"remixed_from_coubs":[{"id":28367578,"title":"О любви...","url":"https://coub.com/coubs/1f3tm7/remix","image":"https://coub-anubis-a.akamaized.net/coub_storage/media_block/cw_image/e904a414914/397de472dd7198b99bf1d/1538080360_1538080351_00020.jpg","image_retina":"https://coub-anubis-a.akamaized.net/coub_storage/media_block/cw_image/e904a414914/397de472dd7198b99bf1d/1538080360_1538080351_00020.jpg","meta":{"duration":"6.24"},"duration":null,"coub_channel_title":"Anatoly Pritchin","coub_channel_permalink":"anatoly-pritchin","coub_views_count":3210,"coub_permalink":"1f3tm7"}]},"raw_video_thumbnail_url":"","raw_video_title":"","video_block_banned":false,"duration":6.24,"promo_winner":false,"promo_winner_recoubers":null,"editorial_info":{},"promo_hint":null,"beeline_best_2014":null,"from_web_editor":true,"normalize_sound":false,"normalize_change_allowed":false,"best2015_addable":false,"ahmad_promo":null,"promo_data":null,"audio_copyright_claim":null,"ads_disabled":false,"is_safe_for_ads":true,"megafon_contents":[],"position_on_page":10}]}