{"page":64,"per_page":10,"total_pages":500,"coubs":[{"flag":null,"abuses":null,"recoubs_by_users_channels":null,"favourite":false,"promoted_id":null,"recoub":null,"like":null,"dislike":null,"reaction":null,"in_my_best2015":false,"id":107371595,"type":"Coub::Simple","permalink":"1ripr5","title":"FIRE!!! DISLIKE","visibility_type":"public","original_visibility_type":"public","channel_id":5162576,"created_at":"2019-04-01T09:54:51Z","updated_at":"2022-03-16T14:52:21Z","is_done":true,"views_count":677650,"cotd":true,"cotd_at":"2019-04-01","visible_on_explore_root":false,"visible_on_explore":false,"featured":false,"published":true,"published_at":"2019-04-01T09:54:51Z","reversed":false,"from_editor_v2":true,"is_editable":true,"original_sound":false,"has_sound":false,"recoub_to":null,"file_versions":{"html5":{"video":{"higher":{"url":"https://coub-anubis-a.akamaized.net/coub_storage/coub/simple/cw_file/06f960631eb/5e0bed699d7867d986252/muted_mp4_huge_size_1572561888_muted_huge.mp4","size":1120441},"high":{"url":"https://coub-anubis-a.akamaized.net/coub_storage/coub/simple/cw_file/06f960631eb/5e0bed699d7867d986252/muted_mp4_big_size_1572561888_muted_big.mp4","size":845921},"med":{"url":"https://coub-anubis-a.akamaized.net/coub_storage/coub/simple/cw_file/06f960631eb/5e0bed699d7867d986252/muted_mp4_med_size_1572561888_muted_med.mp4","size":350431}},"audio":{"high":{"url":"https://coub-anubis-a.akamaized.net/coub_storage/coub/simple/cw_looped_audio_high/14893325b76/6b763865253ca849d04a8/1605681244_high_1554112499_high.mp3","size":1166222},"med":{"url":"https://coub-anubis-a.akamaized.net/coub_storage/coub/simple/cw_looped_audio_med/a9c5102d5e2/96052364a737684b538e0/1605681244_med_1554112499_med.mp3","size":817320}}},"mobile":{"video":"https://coub-anubis-a.akamaized.net/coub_storage/coub/simple/cw_file/06f960631eb/5e0bed699d7867d986252/muted_mp4_med_size_1572561888_muted_med.mp4","audio":["https://coub-anubis-a.akamaized.net/coub_storage/coub/simple/cw_looped_audio_med/a9c5102d5e2/96052364a737684b538e0/1605681244_med_1554112499_med.mp3"]},"share":{"default":"https://coub-anubis-a.akamaized.net/coub_storage/coub/simple/cw_video_for_sharing/4c7398b8ddb/18cdb9f99427908a57c92/1612201856_looped_1612201852.mp4"}},"audio_versions":{"template":"https://coub-anubis-a.akamaized.net/coub_storage/audio_track/cw_normalized_copy/bbdb1b6b980/0ce2de60b7c657892b6b7/mid_1554112497_normalized_1554112495_pordcl_edited.mp3","versions":["mid","low"]},"image_versions":{"template":"https://coub-anubis-a.akamaized.net/coub_storage/coub/simple/cw_image/4db8dd8877d/f4d6e0a6a65b7771a31a5/1554112506_00005.jpg","versions":["micro","tiny","age_restricted","ios_large","ios_mosaic","big","med","small","pinterest"]},"first_frame_versions":{"template":"https://coub-anubis-a.akamaized.net/coub_storage/coub/simple/cw_timeline_pic/62dab7d5a57/64391cf1e33eb02d88af4/%{version}_1554112505_image.jpg","versions":["big","med","small","ios_large"]},"dimensions":{"big":[1280,960],"med":[640,480]},"site_w_h":[640,480],"page_w_h":[640,480],"site_w_h_small":[310,233],"size":[1280,960],"age_restricted":false,"age_restricted_by_admin":false,"not_safe_for_work":false,"allow_reuse":false,"dont_crop":false,"banned":false,"global_safe":true,"audio_file_url":"https://coub-anubis-a.akamaized.net/coub_storage/audio_track/cw_normalized_copy/bbdb1b6b980/0ce2de60b7c657892b6b7/low_1554112497_normalized_1554112495_pordcl_edited.mp3","external_download":false,"application":null,"channel":{"id":5162576,"permalink":"testi-petrov","title":"Testi Petrov","description":null,"followers_count":68,"following_count":57,"avatar_versions":{"template":"https://coub-anubis-a.akamaized.net/coub_storage/channel/cw_avatar/2ef5112bc77/5761dc3b718755a03703c/%{version}_1608389822_rjnqrc_1547080436_1x8x6uz_360542511442631.jpg","versions":["medium","medium_2x","profile_pic","profile_pic_new","profile_pic_new_2x","tiny","tiny_2x","small","small_2x","ios_large","ios_small"]}},"file":null,"picture":"https://coub-anubis-a.akamaized.net/coub_storage/coub/simple/cw_image/4db8dd8877d/f4d6e0a6a65b7771a31a5/1554112506_00005.jpg","timeline_picture":"https://coub-anubis-a.akamaized.net/coub_storage/coub/simple/cw_timeline_pic/62dab7d5a57/64391cf1e33eb02d88af4/ios_large_1554112505_image.jpg","small_picture":"https://coub-anubis-a.akamaized.net/coub_storage/coub/simple/cw_image/4db8dd8877d/f4d6e0a6a65b7771a31a5/1554112506_00005.jpg","sharing_picture":null,"percent_done":100,"tags":[{"id":148659,"title":"dislike","value":"dislike"},{"id":13923,"title":"cannon","value":"cannon"},{"id":115384,"title":"cannonball","value":"cannonball"}],"categories":[{"id":14,"title":"Cartoons","permalink":"cartoons","subscriptions_count":10092974,"big_image_url":"https://coub-anubis-a.akamaized.net/coub_storage/category/cw_image/f8ede745da4/2e6c3a22d04db1a6a25e3/big_1544759035_cartoons2.png","small_image_url":"https://coub-anubis-a.akamaized.net/coub_storage/category/cw_image/f8ede745da4/2e6c3a22d04db1a6a25e3/small_1544759035_cartoons2.png","med_image_url":"https://coub-anubis-a.akamaized.net/coub_storage/category/cw_image/f8ede745da4/2e6c3a22d04db1a6a25e3/med_1544759035_cartoons2.png","visible":true}],"communities":[{"id":14,"title":"Cartoons","permalink":"cartoons","subscriptions_count":10092974,"big_image_url":"https://coub-anubis-a.akamaized.net/coub_storage/category/cw_image/f8ede745da4/2e6c3a22d04db1a6a25e3/big_1544759035_cartoons2.png","small_image_url":"https://coub-anubis-a.akamaized.net/coub_storage/category/cw_image/f8ede745da4/2e6c3a22d04db1a6a25e3/small_1544759035_cartoons2.png","med_image_url":"https://coub-anubis-a.akamaized.net/coub_storage/category/cw_image/f8ede745da4/2e6c3a22d04db1a6a25e3/med_1544759035_cartoons2.png","i_subscribed":true,"community_notifications_enabled":null,"description":null}],"recoubs_count":671,"remixes_count":7,"likes_count":4265,"dislikes_count":0,"raw_video_id":13473539,"uploaded_by_ios_app":false,"uploaded_by_android_app":false,"media_blocks":{"uploaded_raw_videos":[],"external_raw_videos":[],"remixed_from_coubs":[]},"raw_video_thumbnail_url":"/missing/missing.png","raw_video_title":"dislike.mp4","video_block_banned":false,"duration":1.28,"promo_winner":false,"promo_winner_recoubers":null,"editorial_info":{},"promo_hint":null,"beeline_best_2014":null,"from_web_editor":true,"normalize_sound":true,"normalize_change_allowed":true,"best2015_addable":false,"ahmad_promo":null,"promo_data":null,"audio_copyright_claim":null,"ads_disabled":false,"is_safe_for_ads":true,"megafon_contents":[],"position_on_page":1},{"flag":null,"abuses":null,"recoubs_by_users_channels":null,"favourite":false,"promoted_id":null,"recoub":null,"like":null,"dislike":null,"reaction":null,"in_my_best2015":false,"id":7228096,"type":"Coub::Simple","permalink":"3urve","title":"Another Brick In The Wall","visibility_type":"public","original_visibility_type":"public","channel_id":1113230,"created_at":"2014-10-30T21:31:36Z","updated_at":"2022-03-17T18:54:43Z","is_done":true,"views_count":1001185,"cotd":null,"cotd_at":null,"visible_on_explore_root":true,"visible_on_explore":true,"featured":true,"published":true,"published_at":"2014-10-30T21:31:36Z","reversed":false,"from_editor_v2":true,"is_editable":true,"original_sound":false,"has_sound":false,"recoub_to":null,"file_versions":{"html5":{"video":{"higher":{"url":"https://coub-anubis-a.akamaized.net/coub_storage/coub/simple/cw_file/b68b836d156/afab0205365031cf0b27e/muted_mp4_huge_size_1567737103_muted_huge.mp4","size":1232643},"high":{"url":"https://coub-anubis-a.akamaized.net/coub_storage/coub/simple/cw_file/b68b836d156/afab0205365031cf0b27e/muted_mp4_big_size_1567737103_muted_big.mp4","size":814362},"med":{"url":"https://coub-anubis-a.akamaized.net/coub_storage/coub/simple/cw_file/b68b836d156/afab0205365031cf0b27e/muted_mp4_med_size_1567737103_muted_med.mp4","size":322862}},"audio":{"high":{"url":"https://coub-anubis-a.akamaized.net/coub_storage/coub/simple/cw_looped_audio_high/9f8d69b0b4d/ca825310680f25d345c14/1605437373_high_1445950099_high.mp3","size":5468159},"med":{"url":"https://coub-anubis-a.akamaized.net/coub_storage/coub/simple/cw_looped_audio_med/3e80500ff40/e33930592cb53de1b18f8/1605437372_med_1445950099_med.mp3","size":3645439}}},"mobile":{"video":"https://coub-anubis-a.akamaized.net/coub_storage/coub/simple/cw_file/b68b836d156/afab0205365031cf0b27e/muted_mp4_med_size_1567737103_muted_med.mp4","audio":["https://coub-anubis-a.akamaized.net/coub_storage/coub/simple/cw_looped_audio_med/3e80500ff40/e33930592cb53de1b18f8/1605437372_med_1445950099_med.mp3"]},"share":{"default":"https://coub-anubis-a.akamaized.net/coub_storage/coub/simple/cw_video_for_sharing/1d37592a926/a931a41e4256c4b4af23a/1608377253_looped_1608377252.mp4"}},"audio_versions":{"template":"https://coub-anubis-a.akamaized.net/coub_storage/audio_track/cw_normalized_copy/1dc6664d466/43e9afcd92f2d9182091a/mid_1548242147_1414704408_audio.mp3","versions":["mid","low"]},"image_versions":{"template":"https://coub-anubis-a.akamaized.net/coub_storage/coub/simple/cw_image/68afb9e7c7a/b766885bd15da9626af59/1414704839_00008.jpg","versions":["micro","tiny","age_restricted","ios_large","ios_mosaic","big","med","small","pinterest"]},"first_frame_versions":{"template":"https://coub-anubis-a.akamaized.net/coub_storage/coub/simple/cw_timeline_pic/68afb9e7c7a/b766885bd15da9626af59/%{version}_1414704838_image.jpg","versions":["big","med","small","ios_large"]},"dimensions":{"big":[1280,960],"med":[640,480]},"site_w_h":[640,480],"page_w_h":[640,480],"site_w_h_small":[310,233],"size":[1280,960],"age_restricted":false,"age_restricted_by_admin":false,"not_safe_for_work":null,"allow_reuse":false,"dont_crop":false,"banned":false,"global_safe":true,"audio_file_url":"https://coub-anubis-a.akamaized.net/coub_storage/audio_track/cw_normalized_copy/1dc6664d466/43e9afcd92f2d9182091a/low_1548242147_1414704408_audio.mp3","external_download":{"type":"Youtube","service_name":"YouTube","url":"http://www.youtube.com/watch?v=6KVNkvALkvY","has_embed":true},"application":null,"channel":{"id":1113230,"permalink":"xox-love","title":"地球外の-xox-love","description":"私は幸運だ - 運と神は私のそばには常に\r\ncoub.com/view/3nrl5 =====                                        on the cover: coub.com/view/o3w1","followers_count":4474,"following_count":77,"avatar_versions":{"template":"https://coub-anubis-a.akamaized.net/coub_storage/channel/cw_avatar/c6072ec1512/6e40446e970b347b01e74/%{version}_1607421195_vceewk_1543963315____.jpg","versions":["medium","medium_2x","profile_pic","profile_pic_new","profile_pic_new_2x","tiny","tiny_2x","small","small_2x","ios_large","ios_small"]}},"file":null,"picture":"https://coub-anubis-a.akamaized.net/coub_storage/coub/simple/cw_image/68afb9e7c7a/b766885bd15da9626af59/1414704839_00008.jpg","timeline_picture":"https://coub-anubis-a.akamaized.net/coub_storage/coub/simple/cw_timeline_pic/68afb9e7c7a/b766885bd15da9626af59/ios_large_1414704838_image.jpg","small_picture":"https://coub-anubis-a.akamaized.net/coub_storage/coub/simple/cw_image/68afb9e7c7a/b766885bd15da9626af59/1414704839_00008.jpg","sharing_picture":null,"percent_done":100,"tags":[{"id":287119,"title":"уолт дисней","value":"%D1%83%D0%BE%D0%BB%D1%82%20%D0%B4%D0%B8%D1%81%D0%BD%D0%B5%D0%B9"},{"id":108977,"title":"три поросенка","value":"%D1%82%D1%80%D0%B8%20%D0%BF%D0%BE%D1%80%D0%BE%D1%81%D0%B5%D0%BD%D0%BA%D0%B0"}],"categories":[{"id":14,"title":"Cartoons","permalink":"cartoons","subscriptions_count":10092974,"big_image_url":"https://coub-anubis-a.akamaized.net/coub_storage/category/cw_image/f8ede745da4/2e6c3a22d04db1a6a25e3/big_1544759035_cartoons2.png","small_image_url":"https://coub-anubis-a.akamaized.net/coub_storage/category/cw_image/f8ede745da4/2e6c3a22d04db1a6a25e3/small_1544759035_cartoons2.png","med_image_url":"https://coub-anubis-a.akamaized.net/coub_storage/category/cw_image/f8ede745da4/2e6c3a22d04db1a6a25e3/med_1544759035_cartoons2.png","visible":true}],"communities":[{"id":14,"title":"Cartoons","permalink":"cartoons","subscriptions_count":10092974,"big_image_url":"https://coub-anubis-a.akamaized.net/coub_storage/category/cw_image/f8ede745da4/2e6c3a22d04db1a6a25e3/big_1544759035_cartoons2.png","small_image_url":"https://coub-anubis-a.akamaized.net/coub_storage/category/cw_image/f8ede745da4/2e6c3a22d04db1a6a25e3/small_1544759035_cartoons2.png","med_image_url":"https://coub-anubis-a.akamaized.net/coub_storage/category/cw_image/f8ede745da4/2e6c3a22d04db1a6a25e3/med_1544759035_cartoons2.png","i_subscribed":true,"community_notifications_enabled":null,"description":null}],"recoubs_count":908,"remixes_count":6,"likes_count":4263,"dislikes_count":0,"raw_video_id":99676,"uploaded_by_ios_app":false,"uploaded_by_android_app":false,"media_blocks":{"uploaded_raw_videos":[],"external_raw_videos":[{"id":10977980,"title":"три поросенка","url":"http://www.youtube.com/watch?v=6KVNkvALkvY","image":"https://coub-anubis-a.akamaized.net/coub_storage/media_block/cw_image/8aaa112cc67/3474bbe9b891ea5a650f2/1492449208_1407439723_1395321937_foruzk_att-url-download.jpg","image_retina":"https://coub-anubis-a.akamaized.net/coub_storage/media_block/cw_image/8aaa112cc67/3474bbe9b891ea5a650f2/1492449208_1407439723_1395321937_foruzk_att-url-download.jpg","meta":{"service":"Youtube","duration":"523.0"},"duration":523.0,"raw_video_id":99676,"has_embed":true}],"remixed_from_coubs":[],"external_video":{"id":10977980,"title":"три поросенка","url":"http://www.youtube.com/watch?v=6KVNkvALkvY","image":"https://coub-anubis-a.akamaized.net/coub_storage/media_block/cw_image/8aaa112cc67/3474bbe9b891ea5a650f2/1492449208_1407439723_1395321937_foruzk_att-url-download.jpg","image_retina":"https://coub-anubis-a.akamaized.net/coub_storage/media_block/cw_image/8aaa112cc67/3474bbe9b891ea5a650f2/1492449208_1407439723_1395321937_foruzk_att-url-download.jpg","meta":{"service":"Youtube","duration":"523.0"},"duration":523.0,"raw_video_id":99676,"has_embed":true},"audio_track":{"id":19437405,"title":"Another Brick In The Wall, Pt. 2 (2011 - Remaster)","url":"https://geo.itunes.apple.com/us/album/another-brick-in-the-wall-pt.-2/id704273346?i=704273366&uo=4&at=10l5bB&app=music","image":"https://coub-anubis-a.akamaized.net/coub_storage/media_block/cw_image/11252c3ef42/c2980cd9b82d69f21fc30/1492082053_1414704409_69rngm_att-url-download.jpg","image_retina":"https://coub-anubis-a.akamaized.net/coub_storage/media_block/cw_image/11252c3ef42/c2980cd9b82d69f21fc30/1492082053_1414704409_69rngm_att-url-download.jpg","meta":{"year":null,"album":null,"title":"Another Brick In The Wall, Pt. 2 (2011 - Remaster)","artist":"Pink Floyd","echonest_id":"SOIVZWT12A6D4F3DA9"},"duration":null,"amazon_url":null,"google_play_url":null,"bandcamp_url":null,"soundcloud_url":null,"track_name":null,"track_artist":null,"track_album":null,"itunes_url":"https://geo.itunes.apple.com/us/album/another-brick-in-the-wall-pt.-2/id704273346?i=704273366&uo=4&at=10l5bB&app=music"}},"raw_video_thumbnail_url":"/missing/missing.png","raw_video_title":"\\321\\202\\321\\200\\320\\270 \\320\\277\\320\\276\\321\\200\\320\\276\\321\\201\\320\\265\\320\\275\\320\\272\\320\\260","video_block_banned":false,"duration":2.32,"promo_winner":false,"promo_winner_recoubers":null,"editorial_info":{},"promo_hint":null,"beeline_best_2014":null,"from_web_editor":true,"normalize_sound":true,"normalize_change_allowed":true,"best2015_addable":false,"ahmad_promo":null,"promo_data":null,"audio_copyright_claim":null,"ads_disabled":null,"is_safe_for_ads":true,"megafon_contents":[],"position_on_page":2},{"flag":null,"abuses":null,"recoubs_by_users_channels":null,"favourite":false,"promoted_id":null,"recoub":null,"like":null,"dislike":null,"reaction":null,"in_my_best2015":false,"id":78771218,"type":"Coub::Simple","permalink":"1ahpdy","title":"Határ","visibility_type":"public","original_visibility_type":"public","channel_id":4575970,"created_at":"2018-07-02T21:33:27Z","updated_at":"2022-03-18T04:36:48Z","is_done":true,"views_count":131446,"cotd":null,"cotd_at":null,"visible_on_explore_root":false,"visible_on_explore":false,"featured":false,"published":true,"published_at":"2018-07-02T21:33:27Z","reversed":false,"from_editor_v2":true,"is_editable":true,"original_sound":true,"has_sound":true,"recoub_to":null,"file_versions":{"html5":{"video":{"higher":{"url":"https://coub-anubis-a.akamaized.net/coub_storage/coub/simple/cw_file/4a8d93e9189/117f4db739012809548b3/muted_mp4_huge_size_1568254019_muted_huge.mp4","size":1180215},"high":{"url":"https://coub-anubis-a.akamaized.net/coub_storage/coub/simple/cw_file/4a8d93e9189/117f4db739012809548b3/muted_mp4_big_size_1568254019_muted_big.mp4","size":779529},"med":{"url":"https://coub-anubis-a.akamaized.net/coub_storage/coub/simple/cw_file/4a8d93e9189/117f4db739012809548b3/muted_mp4_med_size_1568254019_muted_med.mp4","size":314784}},"audio":{"high":{"url":"https://coub-anubis-a.akamaized.net/coub_storage/coub/simple/cw_looped_audio_high/44719c7ef5f/312ba9c1a56ae21a1deee/1605620983_high_1530567209_high.mp3","size":895495},"med":{"url":"https://coub-anubis-a.akamaized.net/coub_storage/coub/simple/cw_looped_audio_med/a07ce370791/474290fdb4a4c3607fd0e/1605620983_med_1530567209_med.mp3","size":844553},"sample_duration":6.851}},"mobile":{"video":"https://coub-anubis-a.akamaized.net/coub_storage/coub/simple/cw_file/4a8d93e9189/117f4db739012809548b3/muted_mp4_med_size_1568254019_muted_med.mp4","audio":["https://coub-anubis-a.akamaized.net/coub_storage/coub/simple/cw_looped_audio_med/a07ce370791/474290fdb4a4c3607fd0e/1605620983_med_1530567209_med.mp3"]},"share":{"default":"https://coub-anubis-a.akamaized.net/coub_storage/coub/simple/cw_video_for_sharing/a2b0f95a752/3e52637703501f05a22e7/1612016596_looped_1612016596.mp4"}},"audio_versions":{},"image_versions":{"template":"https://coub-anubis-a.akamaized.net/coub_storage/coub/simple/cw_image/4f1e6382bd6/7c613602b95d418ce3a21/1530567214_00022.jpg","versions":["micro","tiny","age_restricted","ios_large","ios_mosaic","big","med","small","pinterest"]},"first_frame_versions":{"template":"https://coub-anubis-a.akamaized.net/coub_storage/coub/simple/cw_timeline_pic/872ffd6feed/c3b3058a588e58aa1a31f/%{version}_1530567213_image.jpg","versions":["big","med","small","ios_large"]},"dimensions":{"big":[1280,720],"med":[640,360]},"site_w_h":[640,360],"page_w_h":[640,360],"site_w_h_small":[310,174],"size":[1280,720],"age_restricted":false,"age_restricted_by_admin":false,"not_safe_for_work":false,"allow_reuse":false,"dont_crop":false,"banned":false,"global_safe":false,"audio_file_url":null,"external_download":false,"application":null,"channel":{"id":4575970,"permalink":"nemistudom","title":"Nemistudom","description":null,"followers_count":197,"following_count":12,"avatar_versions":{"template":"https://coub-anubis-a.akamaized.net/coub_storage/channel/cw_avatar/2d746cf4b8e/ef692221e9fe02b293e86/%{version}_1608516144_1at5e76_1530567031_cropped.jpeg","versions":["medium","medium_2x","profile_pic","profile_pic_new","profile_pic_new_2x","tiny","tiny_2x","small","small_2x","ios_large","ios_small"]}},"file":null,"picture":"https://coub-anubis-a.akamaized.net/coub_storage/coub/simple/cw_image/4f1e6382bd6/7c613602b95d418ce3a21/1530567214_00022.jpg","timeline_picture":"https://coub-anubis-a.akamaized.net/coub_storage/coub/simple/cw_timeline_pic/872ffd6feed/c3b3058a588e58aa1a31f/ios_large_1530567213_image.jpg","small_picture":"https://coub-anubis-a.akamaized.net/coub_storage/coub/simple/cw_image/4f1e6382bd6/7c613602b95d418ce3a21/1530567214_00022.jpg","sharing_picture":null,"percent_done":100,"tags":[],"categories":[{"id":14,"title":"Cartoons","permalink":"cartoons","subscriptions_count":10092974,"big_image_url":"https://coub-anubis-a.akamaized.net/coub_storage/category/cw_image/f8ede745da4/2e6c3a22d04db1a6a25e3/big_1544759035_cartoons2.png","small_image_url":"https://coub-anubis-a.akamaized.net/coub_storage/category/cw_image/f8ede745da4/2e6c3a22d04db1a6a25e3/small_1544759035_cartoons2.png","med_image_url":"https://coub-anubis-a.akamaized.net/coub_storage/category/cw_image/f8ede745da4/2e6c3a22d04db1a6a25e3/med_1544759035_cartoons2.png","visible":true}],"communities":[{"id":14,"title":"Cartoons","permalink":"cartoons","subscriptions_count":10092974,"big_image_url":"https://coub-anubis-a.akamaized.net/coub_storage/category/cw_image/f8ede745da4/2e6c3a22d04db1a6a25e3/big_1544759035_cartoons2.png","small_image_url":"https://coub-anubis-a.akamaized.net/coub_storage/category/cw_image/f8ede745da4/2e6c3a22d04db1a6a25e3/small_1544759035_cartoons2.png","med_image_url":"https://coub-anubis-a.akamaized.net/coub_storage/category/cw_image/f8ede745da4/2e6c3a22d04db1a6a25e3/med_1544759035_cartoons2.png","i_subscribed":true,"community_notifications_enabled":null,"description":null}],"recoubs_count":467,"remixes_count":2,"likes_count":4262,"dislikes_count":0,"raw_video_id":11983709,"uploaded_by_ios_app":false,"uploaded_by_android_app":true,"media_blocks":{"uploaded_raw_videos":[],"external_raw_videos":[],"remixed_from_coubs":[]},"raw_video_thumbnail_url":"/missing/missing.png","raw_video_title":null,"video_block_banned":false,"duration":6.88,"promo_winner":false,"promo_winner_recoubers":null,"editorial_info":{},"promo_hint":null,"beeline_best_2014":null,"from_web_editor":false,"normalize_sound":true,"normalize_change_allowed":true,"best2015_addable":false,"ahmad_promo":null,"promo_data":null,"audio_copyright_claim":null,"ads_disabled":false,"is_safe_for_ads":true,"megafon_contents":[],"position_on_page":3},{"flag":null,"abuses":null,"recoubs_by_users_channels":null,"favourite":false,"promoted_id":null,"recoub":null,"like":null,"dislike":null,"reaction":null,"in_my_best2015":false,"id":18013121,"type":"Coub::Simple","permalink":"a9xpw","title":"Shaun the Sheep | House Sheep","visibility_type":"public","original_visibility_type":"public","channel_id":799493,"created_at":"2016-01-11T15:59:16Z","updated_at":"2022-03-17T22:10:37Z","is_done":true,"views_count":280862,"cotd":null,"cotd_at":null,"visible_on_explore_root":true,"visible_on_explore":true,"featured":true,"published":true,"published_at":"2016-01-11T15:59:16Z","reversed":true,"from_editor_v2":true,"is_editable":true,"original_sound":false,"has_sound":false,"recoub_to":null,"file_versions":{"html5":{"video":{"higher":{"url":"https://coub-anubis-a.akamaized.net/coub_storage/coub/simple/cw_file/592ef49dcf1/9df5eaa9e39838fe9f6e1/muted_mp4_huge_size_1567837831_muted_huge.mp4","size":663721},"high":{"url":"https://coub-anubis-a.akamaized.net/coub_storage/coub/simple/cw_file/592ef49dcf1/9df5eaa9e39838fe9f6e1/muted_mp4_big_size_1567837831_muted_big.mp4","size":509263},"med":{"url":"https://coub-anubis-a.akamaized.net/coub_storage/coub/simple/cw_file/592ef49dcf1/9df5eaa9e39838fe9f6e1/muted_mp4_med_size_1567837831_muted_med.mp4","size":180306}},"audio":{"high":{"url":"https://coub-anubis-a.akamaized.net/coub_storage/coub/simple/cw_looped_audio_high/c985abf331b/a7a44bed4855640adca36/1605469674_high_1452527999_high.mp3","size":1445092},"med":{"url":"https://coub-anubis-a.akamaized.net/coub_storage/coub/simple/cw_looped_audio_med/5c8a7ee4df8/1154996487abf06a5e9ce/1605469674_med_1452527999_med.mp3","size":963394}}},"mobile":{"video":"https://coub-anubis-a.akamaized.net/coub_storage/coub/simple/cw_file/592ef49dcf1/9df5eaa9e39838fe9f6e1/muted_mp4_med_size_1567837831_muted_med.mp4","audio":["https://coub-anubis-a.akamaized.net/coub_storage/coub/simple/cw_looped_audio_med/5c8a7ee4df8/1154996487abf06a5e9ce/1605469674_med_1452527999_med.mp3"]},"share":{"default":"https://coub-anubis-a.akamaized.net/coub_storage/coub/simple/cw_video_for_sharing/05d4995718d/48f376addf24c4294c68f/1610222069_looped_1610222068.mp4"}},"audio_versions":{"template":"https://coub-anubis-a.akamaized.net/coub_storage/audio_track/cw_normalized_copy/26565016dd7/47a4dd2be6dec7405348e/mid_1452707271_10w8ehk_normalized_1452527771_audio.mp3","versions":["mid","low"]},"image_versions":{"template":"https://coub-anubis-a.akamaized.net/coub_storage/coub/simple/cw_image/7416ac1bf63/ab8aa953673a2b3bd81e1/1452528017_00008.jpg","versions":["micro","tiny","age_restricted","ios_large","ios_mosaic","big","med","small","pinterest"]},"first_frame_versions":{"template":"https://coub-anubis-a.akamaized.net/coub_storage/coub/simple/cw_timeline_pic/7416ac1bf63/ab8aa953673a2b3bd81e1/1452528017_image.jpg","versions":["big","med","small","ios_large"]},"dimensions":{"big":[1280,720],"med":[640,360]},"site_w_h":[640,360],"page_w_h":[640,360],"site_w_h_small":[310,174],"size":[1280,720],"age_restricted":false,"age_restricted_by_admin":false,"not_safe_for_work":false,"allow_reuse":false,"dont_crop":false,"banned":false,"global_safe":true,"audio_file_url":"https://coub-anubis-a.akamaized.net/coub_storage/audio_track/cw_normalized_copy/26565016dd7/47a4dd2be6dec7405348e/low_1452707271_10w8ehk_normalized_1452527771_audio.mp3","external_download":{"type":"Youtube","service_name":"YouTube","url":"http://www.youtube.com/watch?v=0Vg09KFg_dM","has_embed":true},"application":null,"channel":{"id":799493,"permalink":"mike.kotov","title":"Mike Kotov","description":"My name is Michael)) I glad to see you!)","followers_count":681,"following_count":7,"avatar_versions":{"template":"https://coub-anubis-a.akamaized.net/coub_storage/channel/cw_avatar/9f31189b8c1/6b469b502b235d1e9dc6d/%{version}_1615300053_1.png","versions":["medium","medium_2x","profile_pic","profile_pic_new","profile_pic_new_2x","tiny","tiny_2x","small","small_2x","ios_large","ios_small"]}},"file":null,"picture":"https://coub-anubis-a.akamaized.net/coub_storage/coub/simple/cw_image/7416ac1bf63/ab8aa953673a2b3bd81e1/1452528017_00008.jpg","timeline_picture":"https://coub-anubis-a.akamaized.net/coub_storage/coub/simple/cw_timeline_pic/7416ac1bf63/ab8aa953673a2b3bd81e1/1452528017_image.jpg","small_picture":"https://coub-anubis-a.akamaized.net/coub_storage/coub/simple/cw_image/7416ac1bf63/ab8aa953673a2b3bd81e1/1452528017_00008.jpg","sharing_picture":null,"percent_done":100,"tags":[{"id":1141708,"title":"mister rigby","value":"mister%20rigby"},{"id":489645,"title":"uas","value":"uas"},{"id":171945,"title":"shaun the sheep","value":"shaun%20the%20sheep"},{"id":86,"title":"music","value":"music"},{"id":1607,"title":"cartoons","value":"cartoons"},{"id":88225,"title":"aardman","value":"aardman"},{"id":377213,"title":"aardman animations","value":"aardman%20animations"},{"id":1264443,"title":"mossy bottom farm shorts","value":"mossy%20bottom%20farm%20shorts"},{"id":3235,"title":"mario","value":"mario"},{"id":1264442,"title":"everyday feels like summer with you","value":"everyday%20feels%20like%20summer%20with%20you"},{"id":1264441,"title":"shaun the sheep song","value":"shaun%20the%20sheep%20song"},{"id":924791,"title":"feels like summer","value":"feels%20like%20summer"},{"id":1264440,"title":"shaun the sheep trailer","value":"shaun%20the%20sheep%20trailer"},{"id":1264439,"title":"shuan the sheep movie","value":"shuan%20the%20sheep%20movie"},{"id":6110,"title":"farm","value":"farm"},{"id":50466,"title":"bottom","value":"bottom"},{"id":160866,"title":"mossy","value":"mossy"},{"id":34613,"title":"3ds","value":"3ds"},{"id":730173,"title":"shuan","value":"shuan"},{"id":38512,"title":"shaun","value":"shaun"},{"id":1264438,"title":"shauns shorts","value":"shauns%20shorts"},{"id":1264437,"title":"mossy bottom farm","value":"mossy%20bottom%20farm"},{"id":1264436,"title":"nintendo shorts","value":"nintendo%20shorts"},{"id":5919,"title":"nintendo","value":"nintendo"},{"id":635980,"title":"faret shuan","value":"faret%20shuan"},{"id":635977,"title":"la oveja shaun","value":"la%20oveja%20shaun"},{"id":635976,"title":"bacek jon","value":"bacek%20jon"},{"id":658868,"title":"baranek shaun","value":"baranek%20shaun"},{"id":658867,"title":"shuan vita da pecora","value":"shuan%20vita%20da%20pecora"},{"id":635970,"title":"shuan het schaap","value":"shuan%20het%20schaap"},{"id":635969,"title":"shaun das schaf","value":"shaun%20das%20schaf"},{"id":635968,"title":"shaun mouton","value":"shaun%20mouton"},{"id":635966,"title":"lammac shaun","value":"lammac%20shaun"},{"id":635965,"title":"f for far","value":"f%20for%20far"},{"id":635964,"title":"ovecka shaun","value":"ovecka%20shaun"}],"categories":[{"id":8,"title":"Music","permalink":"music","subscriptions_count":10097486,"big_image_url":"https://coub-anubis-a.akamaized.net/coub_storage/category/cw_image/0327247c5ff/85914bdd8e1edc998c480/big_1544760089_Music3.png","small_image_url":"https://coub-anubis-a.akamaized.net/coub_storage/category/cw_image/0327247c5ff/85914bdd8e1edc998c480/small_1544760089_Music3.png","med_image_url":"https://coub-anubis-a.akamaized.net/coub_storage/category/cw_image/0327247c5ff/85914bdd8e1edc998c480/med_1544760089_Music3.png","visible":true},{"id":14,"title":"Cartoons","permalink":"cartoons","subscriptions_count":10092974,"big_image_url":"https://coub-anubis-a.akamaized.net/coub_storage/category/cw_image/f8ede745da4/2e6c3a22d04db1a6a25e3/big_1544759035_cartoons2.png","small_image_url":"https://coub-anubis-a.akamaized.net/coub_storage/category/cw_image/f8ede745da4/2e6c3a22d04db1a6a25e3/small_1544759035_cartoons2.png","med_image_url":"https://coub-anubis-a.akamaized.net/coub_storage/category/cw_image/f8ede745da4/2e6c3a22d04db1a6a25e3/med_1544759035_cartoons2.png","visible":true}],"communities":[{"id":8,"title":"Music","permalink":"music","subscriptions_count":10097486,"big_image_url":"https://coub-anubis-a.akamaized.net/coub_storage/category/cw_image/0327247c5ff/85914bdd8e1edc998c480/big_1544760089_Music3.png","small_image_url":"https://coub-anubis-a.akamaized.net/coub_storage/category/cw_image/0327247c5ff/85914bdd8e1edc998c480/small_1544760089_Music3.png","med_image_url":"https://coub-anubis-a.akamaized.net/coub_storage/category/cw_image/0327247c5ff/85914bdd8e1edc998c480/med_1544760089_Music3.png","i_subscribed":true,"community_notifications_enabled":null,"description":null},{"id":14,"title":"Cartoons","permalink":"cartoons","subscriptions_count":10092974,"big_image_url":"https://coub-anubis-a.akamaized.net/coub_storage/category/cw_image/f8ede745da4/2e6c3a22d04db1a6a25e3/big_1544759035_cartoons2.png","small_image_url":"https://coub-anubis-a.akamaized.net/coub_storage/category/cw_image/f8ede745da4/2e6c3a22d04db1a6a25e3/small_1544759035_cartoons2.png","med_image_url":"https://coub-anubis-a.akamaized.net/coub_storage/category/cw_image/f8ede745da4/2e6c3a22d04db1a6a25e3/med_1544759035_cartoons2.png","i_subscribed":true,"community_notifications_enabled":null,"description":null}],"recoubs_count":719,"remixes_count":12,"likes_count":4262,"dislikes_count":0,"raw_video_id":2054290,"uploaded_by_ios_app":false,"uploaded_by_android_app":false,"media_blocks":{"uploaded_raw_videos":[],"external_raw_videos":[{"id":12320187,"title":"Mossy Bottom Farm Shorts - Shaun the Sheep (Coming soon!)","url":"http://www.youtube.com/watch?v=0Vg09KFg_dM","image":"https://coub-anubis-a.akamaized.net/coub_storage/media_block/cw_image/0e5040ddce5/b3d379e3b049767564eeb/1492556442_1452526394_9lb44h_att-url-download.jpg","image_retina":"https://coub-anubis-a.akamaized.net/coub_storage/media_block/cw_image/0e5040ddce5/b3d379e3b049767564eeb/1492556442_1452526394_9lb44h_att-url-download.jpg","meta":{"service":"Youtube","duration":"39.24"},"duration":39.24,"raw_video_id":2054290,"has_embed":true}],"remixed_from_coubs":[],"external_video":{"id":12320187,"title":"Mossy Bottom Farm Shorts - Shaun the Sheep (Coming soon!)","url":"http://www.youtube.com/watch?v=0Vg09KFg_dM","image":"https://coub-anubis-a.akamaized.net/coub_storage/media_block/cw_image/0e5040ddce5/b3d379e3b049767564eeb/1492556442_1452526394_9lb44h_att-url-download.jpg","image_retina":"https://coub-anubis-a.akamaized.net/coub_storage/media_block/cw_image/0e5040ddce5/b3d379e3b049767564eeb/1492556442_1452526394_9lb44h_att-url-download.jpg","meta":{"service":"Youtube","duration":"39.24"},"duration":39.24,"raw_video_id":2054290,"has_embed":true}},"raw_video_thumbnail_url":"/missing/missing.png","raw_video_title":"Mossy Bottom Farm Shorts - Shaun the Sheep (Coming soon!)","video_block_banned":false,"duration":2.4,"promo_winner":false,"promo_winner_recoubers":null,"editorial_info":{},"promo_hint":null,"beeline_best_2014":null,"from_web_editor":true,"normalize_sound":true,"normalize_change_allowed":true,"best2015_addable":false,"ahmad_promo":null,"promo_data":null,"audio_copyright_claim":null,"ads_disabled":null,"is_safe_for_ads":true,"megafon_contents":[],"position_on_page":4},{"flag":null,"abuses":null,"recoubs_by_users_channels":null,"favourite":false,"promoted_id":null,"recoub":null,"like":null,"dislike":null,"reaction":null,"in_my_best2015":false,"id":15043355,"type":"Coub::Simple","permalink":"8ia7p","title":"Чебурашка, я знаю столько металла&","visibility_type":"public","original_visibility_type":"public","channel_id":1929535,"created_at":"2015-10-08T19:11:14Z","updated_at":"2022-03-16T14:26:07Z","is_done":true,"views_count":234386,"cotd":null,"cotd_at":null,"visible_on_explore_root":false,"visible_on_explore":false,"featured":false,"published":true,"published_at":"2015-10-08T19:11:14Z","reversed":false,"from_editor_v2":true,"is_editable":true,"original_sound":true,"has_sound":true,"recoub_to":null,"file_versions":{"html5":{"video":{"higher":{"url":"https://coub-anubis-a.akamaized.net/coub_storage/coub/simple/cw_file/c6ceeb4d999/e68eda0b33a1ca96314ab/muted_mp4_huge_size_1569743240_muted_huge.mp4","size":2194147},"high":{"url":"https://coub-anubis-a.akamaized.net/coub_storage/coub/simple/cw_file/c6ceeb4d999/e68eda0b33a1ca96314ab/muted_mp4_big_size_1569743240_muted_big.mp4","size":1672438},"med":{"url":"https://coub-anubis-a.akamaized.net/coub_storage/coub/simple/cw_file/c6ceeb4d999/e68eda0b33a1ca96314ab/muted_mp4_med_size_1569743240_muted_med.mp4","size":471445}},"audio":{"high":{"url":"https://coub-anubis-a.akamaized.net/coub_storage/coub/simple/cw_looped_audio_high/c108600b9f0/3a240629c4d13a33ae229/1605461590_high_1444927776_high.mp3","size":1329109},"med":{"url":"https://coub-anubis-a.akamaized.net/coub_storage/coub/simple/cw_looped_audio_med/f9962d34adf/5d1986caef0bffcc5c25a/1605461590_med_1444927776_med.mp3","size":886072},"sample_duration":9.241}},"mobile":{"video":"https://coub-anubis-a.akamaized.net/coub_storage/coub/simple/cw_file/c6ceeb4d999/e68eda0b33a1ca96314ab/muted_mp4_med_size_1569743240_muted_med.mp4","audio":["https://coub-anubis-a.akamaized.net/coub_storage/coub/simple/cw_looped_audio_med/f9962d34adf/5d1986caef0bffcc5c25a/1605461590_med_1444927776_med.mp3"]},"share":{"default":"https://coub-anubis-a.akamaized.net/coub_storage/coub/simple/cw_video_for_sharing/c1054fcb5ee/b895059245290505ddad9/1609544682_looped_1609544681.mp4"}},"audio_versions":{},"image_versions":{"template":"https://coub-anubis-a.akamaized.net/coub_storage/coub/simple/cw_image/8a616010dc8/8b77a75a543cfbd07c18f/1444331537_00029.jpg","versions":["micro","tiny","age_restricted","ios_large","ios_mosaic","big","med","small","pinterest"]},"first_frame_versions":{"template":"https://coub-anubis-a.akamaized.net/coub_storage/coub/simple/cw_timeline_pic/8a616010dc8/8b77a75a543cfbd07c18f/%{version}_1444331537_image.jpg","versions":["big","med","small","ios_large"]},"dimensions":{"big":[1280,720],"med":[640,360]},"site_w_h":[640,360],"page_w_h":[640,360],"site_w_h_small":[310,174],"size":[1280,720],"age_restricted":false,"age_restricted_by_admin":false,"not_safe_for_work":false,"allow_reuse":false,"dont_crop":false,"banned":false,"global_safe":null,"audio_file_url":null,"external_download":{"type":"Vk","service_name":"Vk","url":"http://vk.com/video47209608_171293094?list=4dd30c56fdd1d8f09b","has_embed":false},"application":null,"channel":{"id":1929535,"permalink":"hovhannisyan.misak","title":"Hovhannisyan Misak","description":null,"followers_count":21,"following_count":5,"avatar_versions":{"template":"https://coub-anubis-a.akamaized.net/coub_storage/channel/cw_avatar/277ccc89200/8987b3b8389f00798d676/%{version}_1609522619_o29061_1474641797_4gzb36_793907487396398.jpg","versions":["medium","medium_2x","profile_pic","profile_pic_new","profile_pic_new_2x","tiny","tiny_2x","small","small_2x","ios_large","ios_small"]}},"file":null,"picture":"https://coub-anubis-a.akamaized.net/coub_storage/coub/simple/cw_image/8a616010dc8/8b77a75a543cfbd07c18f/1444331537_00029.jpg","timeline_picture":"https://coub-anubis-a.akamaized.net/coub_storage/coub/simple/cw_timeline_pic/8a616010dc8/8b77a75a543cfbd07c18f/ios_large_1444331537_image.jpg","small_picture":"https://coub-anubis-a.akamaized.net/coub_storage/coub/simple/cw_image/8a616010dc8/8b77a75a543cfbd07c18f/1444331537_00029.jpg","sharing_picture":null,"percent_done":100,"tags":[],"categories":[{"id":14,"title":"Cartoons","permalink":"cartoons","subscriptions_count":10092974,"big_image_url":"https://coub-anubis-a.akamaized.net/coub_storage/category/cw_image/f8ede745da4/2e6c3a22d04db1a6a25e3/big_1544759035_cartoons2.png","small_image_url":"https://coub-anubis-a.akamaized.net/coub_storage/category/cw_image/f8ede745da4/2e6c3a22d04db1a6a25e3/small_1544759035_cartoons2.png","med_image_url":"https://coub-anubis-a.akamaized.net/coub_storage/category/cw_image/f8ede745da4/2e6c3a22d04db1a6a25e3/med_1544759035_cartoons2.png","visible":true}],"communities":[{"id":14,"title":"Cartoons","permalink":"cartoons","subscriptions_count":10092974,"big_image_url":"https://coub-anubis-a.akamaized.net/coub_storage/category/cw_image/f8ede745da4/2e6c3a22d04db1a6a25e3/big_1544759035_cartoons2.png","small_image_url":"https://coub-anubis-a.akamaized.net/coub_storage/category/cw_image/f8ede745da4/2e6c3a22d04db1a6a25e3/small_1544759035_cartoons2.png","med_image_url":"https://coub-anubis-a.akamaized.net/coub_storage/category/cw_image/f8ede745da4/2e6c3a22d04db1a6a25e3/med_1544759035_cartoons2.png","i_subscribed":true,"community_notifications_enabled":null,"description":null}],"recoubs_count":866,"remixes_count":3,"likes_count":4260,"dislikes_count":0,"raw_video_id":1744431,"uploaded_by_ios_app":false,"uploaded_by_android_app":false,"media_blocks":{"uploaded_raw_videos":[],"external_raw_videos":[{"id":12107074,"title":"Чебурашка, я знаю столько металла&#33;","url":"https://vk.com/video47209608_171293094","image":"https://coub-anubis-a.akamaized.net/coub_storage/media_block/cw_image/55950cec3e3/137536e5214dfdd8714bc/1488790036_1444330926_1r1xhg4_att-url-download.jpg","image_retina":"https://coub-anubis-a.akamaized.net/coub_storage/media_block/cw_image/55950cec3e3/137536e5214dfdd8714bc/1488790036_1444330926_1r1xhg4_att-url-download.jpg","meta":{"service":"Vk","duration":"7.56"},"duration":7.56,"raw_video_id":1744431,"has_embed":false}],"remixed_from_coubs":[],"external_video":{"id":12107074,"title":"Чебурашка, я знаю столько металла&#33;","url":"https://vk.com/video47209608_171293094","image":"https://coub-anubis-a.akamaized.net/coub_storage/media_block/cw_image/55950cec3e3/137536e5214dfdd8714bc/1488790036_1444330926_1r1xhg4_att-url-download.jpg","image_retina":"https://coub-anubis-a.akamaized.net/coub_storage/media_block/cw_image/55950cec3e3/137536e5214dfdd8714bc/1488790036_1444330926_1r1xhg4_att-url-download.jpg","meta":{"service":"Vk","duration":"7.56"},"duration":7.56,"raw_video_id":1744431,"has_embed":false}},"raw_video_thumbnail_url":"/missing/missing.png","raw_video_title":"Чебурашка, я знаю столько металла&#33;","video_block_banned":false,"duration":9.24,"promo_winner":false,"promo_winner_recoubers":null,"editorial_info":{},"promo_hint":null,"beeline_best_2014":null,"from_web_editor":true,"normalize_sound":true,"normalize_change_allowed":true,"best2015_addable":false,"ahmad_promo":null,"promo_data":null,"audio_copyright_claim":null,"ads_disabled":null,"is_safe_for_ads":true,"megafon_contents":[],"position_on_page":5},{"flag":null,"abuses":null,"recoubs_by_users_channels":null,"favourite":false,"promoted_id":null,"recoub":null,"like":null,"dislike":null,"reaction":null,"in_my_best2015":false,"id":88898173,"type":"Coub::Simple","permalink":"1girgk","title":"The secret of weight loss","visibility_type":"public","original_visibility_type":"public","channel_id":4717945,"created_at":"2018-10-21T20:46:53Z","updated_at":"2022-03-17T21:18:30Z","is_done":true,"views_count":270971,"cotd":null,"cotd_at":null,"visible_on_explore_root":false,"visible_on_explore":false,"featured":false,"published":true,"published_at":"2018-10-21T20:46:52Z","reversed":false,"from_editor_v2":true,"is_editable":true,"original_sound":false,"has_sound":false,"recoub_to":null,"file_versions":{"html5":{"video":{"higher":{"url":"https://coub-anubis-a.akamaized.net/coub_storage/coub/simple/cw_file/081e3b210a3/0def9e5e1d6b26fcae386/muted_mp4_huge_size_1569199776_muted_huge.mp4","size":852972},"high":{"url":"https://coub-anubis-a.akamaized.net/coub_storage/coub/simple/cw_file/081e3b210a3/0def9e5e1d6b26fcae386/muted_mp4_big_size_1569199776_muted_big.mp4","size":613629},"med":{"url":"https://coub-anubis-a.akamaized.net/coub_storage/coub/simple/cw_file/081e3b210a3/0def9e5e1d6b26fcae386/muted_mp4_med_size_1569199776_muted_med.mp4","size":230676}},"audio":{"high":{"url":"https://coub-anubis-a.akamaized.net/coub_storage/coub/simple/cw_looped_audio_high/c991b492151/b0897607098d30a7828b2/1605602683_high_1540154818_high.mp3","size":1216948},"med":{"url":"https://coub-anubis-a.akamaized.net/coub_storage/coub/simple/cw_looped_audio_med/fb64b541da5/302d78d9ab7be43d2ebde/1605602682_med_1540154818_med.mp3","size":953262}}},"mobile":{"video":"https://coub-anubis-a.akamaized.net/coub_storage/coub/simple/cw_file/081e3b210a3/0def9e5e1d6b26fcae386/muted_mp4_med_size_1569199776_muted_med.mp4","audio":["https://coub-anubis-a.akamaized.net/coub_storage/coub/simple/cw_looped_audio_med/fb64b541da5/302d78d9ab7be43d2ebde/1605602682_med_1540154818_med.mp3"]},"share":{"default":"https://coub-anubis-a.akamaized.net/coub_storage/coub/simple/cw_video_for_sharing/0f230c79c2d/3309a0eb511bf80784750/1608403778_looped_1608403778.mp4"}},"audio_versions":{"template":"https://coub-anubis-a.akamaized.net/coub_storage/audio_track/cw_normalized_copy/60a113175a2/81697c9674d75754c6324/mid_1540154817_normalized_1540154815_hohwqf_edited.mp3","versions":["mid","low"]},"image_versions":{"template":"https://coub-anubis-a.akamaized.net/coub_storage/coub/simple/cw_image/f8c77819834/ec7e102e4009b457c960f/1540154823_00032.jpg","versions":["micro","tiny","age_restricted","ios_large","ios_mosaic","big","med","small","pinterest"]},"first_frame_versions":{"template":"https://coub-anubis-a.akamaized.net/coub_storage/coub/simple/cw_timeline_pic/da830fa48a1/9b152226c2a1a7b359e71/1540154823_image.jpg","versions":["big","med","small","ios_large"]},"dimensions":{"big":[1200,960],"med":[600,480]},"site_w_h":[640,512],"page_w_h":[640,512],"site_w_h_small":[310,248],"size":[1200,960],"age_restricted":false,"age_restricted_by_admin":false,"not_safe_for_work":false,"allow_reuse":false,"dont_crop":false,"banned":false,"global_safe":true,"audio_file_url":"https://coub-anubis-a.akamaized.net/coub_storage/audio_track/cw_normalized_copy/60a113175a2/81697c9674d75754c6324/low_1540154817_normalized_1540154815_hohwqf_edited.mp3","external_download":{"type":"Youtube","service_name":"YouTube","url":"https://www.youtube.com/watch?v=Hqe0zWSPaY8","has_embed":true},"application":null,"channel":{"id":4717945,"permalink":"good.animations.inc","title":"Good Animations Inc","description":"Here you can watch coubs with animation and cartoons created by bloggers from YouTube. Don't skimp on the Like, and even better subscribe :)","followers_count":1392,"following_count":1,"avatar_versions":{"template":"https://coub-anubis-a.akamaized.net/coub_storage/channel/cw_avatar/d28857e2dc5/0ab45e4fede0b990d470d/%{version}_1607423490_1j1thxs_1546415816_mei-ow.jpg","versions":["medium","medium_2x","profile_pic","profile_pic_new","profile_pic_new_2x","tiny","tiny_2x","small","small_2x","ios_large","ios_small"]}},"file":null,"picture":"https://coub-anubis-a.akamaized.net/coub_storage/coub/simple/cw_image/f8c77819834/ec7e102e4009b457c960f/1540154823_00032.jpg","timeline_picture":"https://coub-anubis-a.akamaized.net/coub_storage/coub/simple/cw_timeline_pic/da830fa48a1/9b152226c2a1a7b359e71/1540154823_image.jpg","small_picture":"https://coub-anubis-a.akamaized.net/coub_storage/coub/simple/cw_image/f8c77819834/ec7e102e4009b457c960f/1540154823_00032.jpg","sharing_picture":null,"percent_done":100,"tags":[{"id":1617768,"title":"capoo","value":"capoo"},{"id":2804,"title":"bug","value":"bug"},{"id":134,"title":"cat","value":"cat"},{"id":455461,"title":"動畫","value":"%E5%8B%95%E7%95%AB"},{"id":1624534,"title":"咖波","value":"%E5%92%96%E6%B3%A2"},{"id":1836083,"title":"貓貓蟲","value":"%E8%B2%93%E8%B2%93%E8%9F%B2"},{"id":757,"title":"cute","value":"cute"},{"id":4374682,"title":"capoo bugcat","value":"capoo%20bugcat"},{"id":1793,"title":"kitty","value":"kitty"},{"id":756,"title":"kitten","value":"kitten"},{"id":1232,"title":"котик","value":"%D0%BA%D0%BE%D1%82%D0%B8%D0%BA"},{"id":25230,"title":"милый","value":"%D0%BC%D0%B8%D0%BB%D1%8B%D0%B9"},{"id":143,"title":"кот","value":"%D0%BA%D0%BE%D1%82"},{"id":4056379,"title":"бракованный","value":"%D0%B1%D1%80%D0%B0%D0%BA%D0%BE%D0%B2%D0%B0%D0%BD%D0%BD%D1%8B%D0%B9"},{"id":2047058,"title":"бракованный котик","value":"%D0%B1%D1%80%D0%B0%D0%BA%D0%BE%D0%B2%D0%B0%D0%BD%D0%BD%D1%8B%D0%B9%20%D0%BA%D0%BE%D1%82%D0%B8%D0%BA"},{"id":169,"title":"fun","value":"fun"},{"id":174,"title":"funny","value":"funny"},{"id":882,"title":"прикол","value":"%D0%BF%D1%80%D0%B8%D0%BA%D0%BE%D0%BB"},{"id":4480,"title":"приколы","value":"%D0%BF%D1%80%D0%B8%D0%BA%D0%BE%D0%BB%D1%8B"},{"id":1600,"title":"смешной","value":"%D1%81%D0%BC%D0%B5%D1%88%D0%BD%D0%BE%D0%B9"},{"id":1658,"title":"rolling","value":"rolling"},{"id":629,"title":"limp bizkit","value":"limp%20bizkit"},{"id":120480,"title":"keep rolling","value":"keep%20rolling"},{"id":1624535,"title":"bugcat","value":"bugcat"}],"categories":[{"id":14,"title":"Cartoons","permalink":"cartoons","subscriptions_count":10092974,"big_image_url":"https://coub-anubis-a.akamaized.net/coub_storage/category/cw_image/f8ede745da4/2e6c3a22d04db1a6a25e3/big_1544759035_cartoons2.png","small_image_url":"https://coub-anubis-a.akamaized.net/coub_storage/category/cw_image/f8ede745da4/2e6c3a22d04db1a6a25e3/small_1544759035_cartoons2.png","med_image_url":"https://coub-anubis-a.akamaized.net/coub_storage/category/cw_image/f8ede745da4/2e6c3a22d04db1a6a25e3/med_1544759035_cartoons2.png","visible":true}],"communities":[{"id":14,"title":"Cartoons","permalink":"cartoons","subscriptions_count":10092974,"big_image_url":"https://coub-anubis-a.akamaized.net/coub_storage/category/cw_image/f8ede745da4/2e6c3a22d04db1a6a25e3/big_1544759035_cartoons2.png","small_image_url":"https://coub-anubis-a.akamaized.net/coub_storage/category/cw_image/f8ede745da4/2e6c3a22d04db1a6a25e3/small_1544759035_cartoons2.png","med_image_url":"https://coub-anubis-a.akamaized.net/coub_storage/category/cw_image/f8ede745da4/2e6c3a22d04db1a6a25e3/med_1544759035_cartoons2.png","i_subscribed":true,"community_notifications_enabled":null,"description":null}],"recoubs_count":780,"remixes_count":1,"likes_count":4251,"dislikes_count":0,"raw_video_id":12569455,"uploaded_by_ios_app":false,"uploaded_by_android_app":false,"media_blocks":{"uploaded_raw_videos":[],"external_raw_videos":[{"id":28737756,"title":"貓貓蟲咖波-跑步機減肥法","url":"https://www.youtube.com/watch?v=Hqe0zWSPaY8","image":"https://coub-anubis-a.akamaized.net/coub_storage/media_block/cw_image/2be708bcae8/e78652871a2153ef62dee/1540154281_nqxi5g_1540154274_d2vtt1_att-url-download.jpg","image_retina":"https://coub-anubis-a.akamaized.net/coub_storage/media_block/cw_image/2be708bcae8/e78652871a2153ef62dee/1540154281_nqxi5g_1540154274_d2vtt1_att-url-download.jpg","meta":{"service":"Youtube","duration":"12.68"},"duration":12.68,"raw_video_id":12569455,"has_embed":true}],"remixed_from_coubs":[],"external_video":{"id":28737756,"title":"貓貓蟲咖波-跑步機減肥法","url":"https://www.youtube.com/watch?v=Hqe0zWSPaY8","image":"https://coub-anubis-a.akamaized.net/coub_storage/media_block/cw_image/2be708bcae8/e78652871a2153ef62dee/1540154281_nqxi5g_1540154274_d2vtt1_att-url-download.jpg","image_retina":"https://coub-anubis-a.akamaized.net/coub_storage/media_block/cw_image/2be708bcae8/e78652871a2153ef62dee/1540154281_nqxi5g_1540154274_d2vtt1_att-url-download.jpg","meta":{"service":"Youtube","duration":"12.68"},"duration":12.68,"raw_video_id":12569455,"has_embed":true}},"raw_video_thumbnail_url":"/missing/missing.png","raw_video_title":"貓貓蟲咖波-跑步機減肥法","video_block_banned":false,"duration":10.0,"promo_winner":false,"promo_winner_recoubers":null,"editorial_info":{},"promo_hint":null,"beeline_best_2014":null,"from_web_editor":true,"normalize_sound":true,"normalize_change_allowed":true,"best2015_addable":false,"ahmad_promo":null,"promo_data":null,"audio_copyright_claim":null,"ads_disabled":false,"is_safe_for_ads":true,"megafon_contents":[],"position_on_page":6},{"flag":null,"abuses":null,"recoubs_by_users_channels":null,"favourite":false,"promoted_id":null,"recoub":null,"like":null,"dislike":null,"reaction":null,"in_my_best2015":false,"id":147488258,"type":"Coub::Simple","permalink":"2fgpe0","title":"firefly by Eupholie","visibility_type":"public","original_visibility_type":"public","channel_id":2502457,"created_at":"2020-06-16T14:09:53Z","updated_at":"2022-03-17T18:51:36Z","is_done":true,"views_count":252133,"cotd":null,"cotd_at":null,"visible_on_explore_root":false,"visible_on_explore":false,"featured":false,"published":true,"published_at":"2020-06-16T14:09:53Z","reversed":false,"from_editor_v2":true,"is_editable":true,"original_sound":true,"has_sound":true,"recoub_to":null,"file_versions":{"html5":{"video":{"higher":{"url":"https://coub-anubis-a.akamaized.net/coub_storage/coub/simple/cw_file/a1614279e52/0420d768d7c62357c46d6/muted_mp4_huge_size_1592316599_muted_huge.mp4","size":467181},"high":{"url":"https://coub-anubis-a.akamaized.net/coub_storage/coub/simple/cw_file/a1614279e52/0420d768d7c62357c46d6/muted_mp4_big_size_1592316599_muted_big.mp4","size":328463},"med":{"url":"https://coub-anubis-a.akamaized.net/coub_storage/coub/simple/cw_file/a1614279e52/0420d768d7c62357c46d6/muted_mp4_med_size_1592316599_muted_med.mp4","size":103400}},"audio":{"high":{"url":"https://coub-anubis-a.akamaized.net/coub_storage/coub/simple/cw_looped_audio_high/a33728fbd38/a5bad44d7cdcdf8bd9a67/1605685492_high_1592316599_high.mp3","size":1059985},"med":{"url":"https://coub-anubis-a.akamaized.net/coub_storage/coub/simple/cw_looped_audio_med/e8cf7e16c1d/7cfa9abdbffd704042d07/1605685491_med_1592316599_med.mp3","size":904924},"sample_duration":9.613}},"mobile":{"video":"https://coub-anubis-a.akamaized.net/coub_storage/coub/simple/cw_file/a1614279e52/0420d768d7c62357c46d6/muted_mp4_med_size_1592316599_muted_med.mp4","audio":["https://coub-anubis-a.akamaized.net/coub_storage/coub/simple/cw_looped_audio_med/e8cf7e16c1d/7cfa9abdbffd704042d07/1605685491_med_1592316599_med.mp3"]},"share":{"default":"https://coub-anubis-a.akamaized.net/coub_storage/coub/simple/cw_video_for_sharing/8986d8ec0c9/71c2b643d67ad29b3a348/1608233969_looped_1608233968.mp4"}},"audio_versions":{},"image_versions":{"template":"https://coub-anubis-a.akamaized.net/coub_storage/coub/simple/cw_image/5215d6ea807/174face05f4a329cb65b7/1592316605_00031.jpg","versions":["micro","tiny","age_restricted","ios_large","ios_mosaic","big","med","small","pinterest"]},"first_frame_versions":{"template":"https://coub-anubis-a.akamaized.net/coub_storage/coub/simple/cw_timeline_pic/a911abc2093/54b436a8e5e3a67eaee6b/%{version}_1592316605_image.jpg","versions":["big","med","small","ios_large"]},"dimensions":{"big":[1280,720],"med":[640,360]},"site_w_h":[640,360],"page_w_h":[640,360],"site_w_h_small":[310,174],"size":[1280,720],"age_restricted":false,"age_restricted_by_admin":false,"not_safe_for_work":false,"allow_reuse":false,"dont_crop":false,"banned":false,"global_safe":true,"audio_file_url":null,"external_download":{"type":"Twitter","service_name":"Twitter","url":"https://twitter.com/i/status/1271844527876313088","has_embed":false},"application":null,"channel":{"id":2502457,"permalink":"krisevnyaka","title":"krisevnyaka","description":null,"followers_count":57,"following_count":5,"avatar_versions":{"template":"https://coub-anubis-a.akamaized.net/coub_storage/channel/cw_avatar/1fbb79d64fa/7d5679acad94844254fd5/%{version}_1607670058_eu5uaw_1474540192_5442ff1caf9b296eb88b8974f8c6aab3.png","versions":["medium","medium_2x","profile_pic","profile_pic_new","profile_pic_new_2x","tiny","tiny_2x","small","small_2x","ios_large","ios_small"]}},"file":null,"picture":"https://coub-anubis-a.akamaized.net/coub_storage/coub/simple/cw_image/5215d6ea807/174face05f4a329cb65b7/1592316605_00031.jpg","timeline_picture":"https://coub-anubis-a.akamaized.net/coub_storage/coub/simple/cw_timeline_pic/a911abc2093/54b436a8e5e3a67eaee6b/ios_large_1592316605_image.jpg","small_picture":"https://coub-anubis-a.akamaized.net/coub_storage/coub/simple/cw_image/5215d6ea807/174face05f4a329cb65b7/1592316605_00031.jpg","sharing_picture":null,"percent_done":100,"tags":[{"id":424,"title":"animation","value":"animation"},{"id":5730879,"title":"eupholie","value":"eupholie"},{"id":4215,"title":"firefly","value":"firefly"},{"id":4300,"title":"frog","value":"frog"},{"id":757,"title":"cute","value":"cute"},{"id":7170,"title":"light","value":"light"},{"id":2070,"title":"animals","value":"animals"},{"id":25340,"title":"animations","value":"animations"},{"id":3515,"title":"nice","value":"nice"},{"id":170,"title":"lol","value":"lol"},{"id":940073,"title":"antidepressant","value":"antidepressant"},{"id":4732,"title":"butt","value":"butt"},{"id":845,"title":"twerk","value":"twerk"},{"id":182,"title":"dance","value":"dance"},{"id":188475,"title":"twerk dance","value":"twerk%20dance"},{"id":4407,"title":"милота","value":"%D0%BC%D0%B8%D0%BB%D0%BE%D1%82%D0%B0"},{"id":108247,"title":"светлячок","value":"%D1%81%D0%B2%D0%B5%D1%82%D0%BB%D1%8F%D1%87%D0%BE%D0%BA"},{"id":124,"title":"жопа","value":"%D0%B6%D0%BE%D0%BF%D0%B0"},{"id":178725,"title":"жопка","value":"%D0%B6%D0%BE%D0%BF%D0%BA%D0%B0"},{"id":17005,"title":"жаба","value":"%D0%B6%D0%B0%D0%B1%D0%B0"},{"id":3072,"title":"art","value":"art"}],"categories":[{"id":14,"title":"Cartoons","permalink":"cartoons","subscriptions_count":10092974,"big_image_url":"https://coub-anubis-a.akamaized.net/coub_storage/category/cw_image/f8ede745da4/2e6c3a22d04db1a6a25e3/big_1544759035_cartoons2.png","small_image_url":"https://coub-anubis-a.akamaized.net/coub_storage/category/cw_image/f8ede745da4/2e6c3a22d04db1a6a25e3/small_1544759035_cartoons2.png","med_image_url":"https://coub-anubis-a.akamaized.net/coub_storage/category/cw_image/f8ede745da4/2e6c3a22d04db1a6a25e3/med_1544759035_cartoons2.png","visible":true}],"communities":[{"id":14,"title":"Cartoons","permalink":"cartoons","subscriptions_count":10092974,"big_image_url":"https://coub-anubis-a.akamaized.net/coub_storage/category/cw_image/f8ede745da4/2e6c3a22d04db1a6a25e3/big_1544759035_cartoons2.png","small_image_url":"https://coub-anubis-a.akamaized.net/coub_storage/category/cw_image/f8ede745da4/2e6c3a22d04db1a6a25e3/small_1544759035_cartoons2.png","med_image_url":"https://coub-anubis-a.akamaized.net/coub_storage/category/cw_image/f8ede745da4/2e6c3a22d04db1a6a25e3/med_1544759035_cartoons2.png","i_subscribed":true,"community_notifications_enabled":null,"description":null}],"recoubs_count":858,"remixes_count":5,"likes_count":4248,"dislikes_count":0,"raw_video_id":15354998,"uploaded_by_ios_app":false,"uploaded_by_android_app":false,"media_blocks":{"uploaded_raw_videos":[],"external_raw_videos":[{"id":36142192,"title":"","url":"https://twitter.com/i/status/1271844527876313088","image":"https://coub-anubis-a.akamaized.net/coub_storage/media_block/cw_image/135ced6a6dd/08c575b1fa1bdf67105d4/1592316401_1kwxlkh_1592316396_yzcbyu_att-url-download.jpg_name_orig","image_retina":"https://coub-anubis-a.akamaized.net/coub_storage/media_block/cw_image/135ced6a6dd/08c575b1fa1bdf67105d4/1592316401_1kwxlkh_1592316396_yzcbyu_att-url-download.jpg_name_orig","meta":{"service":"Twitter","duration":"15.616"},"duration":15.616,"raw_video_id":15354998,"has_embed":false}],"remixed_from_coubs":[],"external_video":{"id":36142192,"title":"","url":"https://twitter.com/i/status/1271844527876313088","image":"https://coub-anubis-a.akamaized.net/coub_storage/media_block/cw_image/135ced6a6dd/08c575b1fa1bdf67105d4/1592316401_1kwxlkh_1592316396_yzcbyu_att-url-download.jpg_name_orig","image_retina":"https://coub-anubis-a.akamaized.net/coub_storage/media_block/cw_image/135ced6a6dd/08c575b1fa1bdf67105d4/1592316401_1kwxlkh_1592316396_yzcbyu_att-url-download.jpg_name_orig","meta":{"service":"Twitter","duration":"15.616"},"duration":15.616,"raw_video_id":15354998,"has_embed":false}},"raw_video_thumbnail_url":"/missing/missing.png","raw_video_title":"","video_block_banned":false,"duration":9.6,"promo_winner":false,"promo_winner_recoubers":null,"editorial_info":{},"promo_hint":null,"beeline_best_2014":null,"from_web_editor":true,"normalize_sound":true,"normalize_change_allowed":true,"best2015_addable":false,"ahmad_promo":null,"promo_data":null,"audio_copyright_claim":null,"ads_disabled":false,"is_safe_for_ads":true,"megafon_contents":[],"position_on_page":7},{"flag":null,"abuses":null,"recoubs_by_users_channels":null,"favourite":false,"promoted_id":null,"recoub":null,"like":null,"dislike":null,"reaction":null,"in_my_best2015":false,"id":77861167,"type":"Coub::Simple","permalink":"19y76i","title":"Its good!","visibility_type":"public","original_visibility_type":"public","channel_id":1665041,"created_at":"2018-06-22T09:11:52Z","updated_at":"2022-03-18T04:27:40Z","is_done":true,"views_count":286636,"cotd":null,"cotd_at":null,"visible_on_explore_root":true,"visible_on_explore":true,"featured":true,"published":true,"published_at":"2018-06-22T09:11:51Z","reversed":false,"from_editor_v2":true,"is_editable":true,"original_sound":false,"has_sound":false,"recoub_to":null,"file_versions":{"html5":{"video":{"higher":{"url":"https://coub-anubis-a.akamaized.net/coub_storage/coub/simple/cw_file/7dbfcfa6720/11870cce5ed1b15f3b37e/muted_mp4_huge_size_1568249758_muted_huge.mp4","size":774514},"high":{"url":"https://coub-anubis-a.akamaized.net/coub_storage/coub/simple/cw_file/7dbfcfa6720/11870cce5ed1b15f3b37e/muted_mp4_big_size_1568249758_muted_big.mp4","size":533409},"med":{"url":"https://coub-anubis-a.akamaized.net/coub_storage/coub/simple/cw_file/7dbfcfa6720/11870cce5ed1b15f3b37e/muted_mp4_med_size_1568249758_muted_med.mp4","size":167131}},"audio":{"high":{"url":"https://coub-anubis-a.akamaized.net/coub_storage/coub/simple/cw_looped_audio_high/7df7f0d3eec/14c1da5192d1b2651041f/1605622956_high_1529658744_high.mp3","size":1284241},"med":{"url":"https://coub-anubis-a.akamaized.net/coub_storage/coub/simple/cw_looped_audio_med/a68f21aa91a/3003ad779174923a6a4a9/1605622956_med_1529658744_med.mp3","size":941169}}},"mobile":{"video":"https://coub-anubis-a.akamaized.net/coub_storage/coub/simple/cw_file/7dbfcfa6720/11870cce5ed1b15f3b37e/muted_mp4_med_size_1568249758_muted_med.mp4","audio":["https://coub-anubis-a.akamaized.net/coub_storage/coub/simple/cw_looped_audio_med/a68f21aa91a/3003ad779174923a6a4a9/1605622956_med_1529658744_med.mp3"]},"share":{"default":"https://coub-anubis-a.akamaized.net/coub_storage/coub/simple/cw_video_for_sharing/e5ad863f364/cd90b596d7cd4dfac8f50/1611161400_looped_1611161400.mp4"}},"audio_versions":{"template":"https://coub-anubis-a.akamaized.net/coub_storage/audio_track/cw_file/9ed0a4ff681/075c262b70dafc1dfba2a/mid_1529658741_iisrie_edited.mp3","versions":["mid","low"]},"image_versions":{"template":"https://coub-anubis-a.akamaized.net/coub_storage/coub/simple/cw_image/93ee393930f/2897da11c66cba8a633c3/1529658749_00012.jpg","versions":["micro","tiny","age_restricted","ios_large","ios_mosaic","big","med","small","pinterest"]},"first_frame_versions":{"template":"https://coub-anubis-a.akamaized.net/coub_storage/coub/simple/cw_timeline_pic/a0bcd0d53b5/13742e7ca2f6dff8ab999/%{version}_1529658749_image.jpg","versions":["big","med","small","ios_large"]},"dimensions":{"big":[1280,544],"med":[640,272]},"site_w_h":[640,272],"page_w_h":[640,272],"site_w_h_small":[310,132],"size":[1280,544],"age_restricted":false,"age_restricted_by_admin":false,"not_safe_for_work":false,"allow_reuse":false,"dont_crop":false,"banned":false,"global_safe":true,"audio_file_url":"https://coub-anubis-a.akamaized.net/coub_storage/audio_track/cw_file/9ed0a4ff681/075c262b70dafc1dfba2a/low_1529658741_iisrie_edited.mp3","external_download":{"type":"Youtube","service_name":"YouTube","url":"http://www.youtube.com/watch?v=FuSAWao5kUg","has_embed":true},"application":null,"channel":{"id":1665041,"permalink":"couboy17","title":"Couboy","description":null,"followers_count":9660,"following_count":13,"avatar_versions":{"template":"https://coub-anubis-a.akamaized.net/coub_storage/channel/cw_avatar/1ac4cca29db/9a2fd5f9d706f34c5cee3/%{version}_1607420386_1f5r0z8_1476444266_______________Majorno.Ru___3_1.jpg","versions":["medium","medium_2x","profile_pic","profile_pic_new","profile_pic_new_2x","tiny","tiny_2x","small","small_2x","ios_large","ios_small"]}},"file":null,"picture":"https://coub-anubis-a.akamaized.net/coub_storage/coub/simple/cw_image/93ee393930f/2897da11c66cba8a633c3/1529658749_00012.jpg","timeline_picture":"https://coub-anubis-a.akamaized.net/coub_storage/coub/simple/cw_timeline_pic/a0bcd0d53b5/13742e7ca2f6dff8ab999/ios_large_1529658749_image.jpg","small_picture":"https://coub-anubis-a.akamaized.net/coub_storage/coub/simple/cw_image/93ee393930f/2897da11c66cba8a633c3/1529658749_00012.jpg","sharing_picture":null,"percent_done":100,"tags":[{"id":229,"title":"cinema","value":"cinema"},{"id":5316,"title":"trailer","value":"trailer"},{"id":9958,"title":"official","value":"official"},{"id":154,"title":"movie","value":"movie"},{"id":1558,"title":"film","value":"film"},{"id":4008874,"title":"how to train your dragon 3","value":"how%20to%20train%20your%20dragon%203"},{"id":37912,"title":"how to train your dragon","value":"how%20to%20train%20your%20dragon"},{"id":8125,"title":"dragon","value":"dragon"},{"id":424,"title":"animation","value":"animation"},{"id":4032169,"title":"how to train your dragon the hidden world trailer","value":"how%20to%20train%20your%20dragon%20the%20hidden%20world%20trailer"},{"id":4032168,"title":"how to train your dragon the hidden world","value":"how%20to%20train%20your%20dragon%20the%20hidden%20world"},{"id":4072705,"title":"the hidden world","value":"the%20hidden%20world"},{"id":160293,"title":"2018","value":"2018"},{"id":4153,"title":"adventure","value":"adventure"}],"categories":[{"id":14,"title":"Cartoons","permalink":"cartoons","subscriptions_count":10092974,"big_image_url":"https://coub-anubis-a.akamaized.net/coub_storage/category/cw_image/f8ede745da4/2e6c3a22d04db1a6a25e3/big_1544759035_cartoons2.png","small_image_url":"https://coub-anubis-a.akamaized.net/coub_storage/category/cw_image/f8ede745da4/2e6c3a22d04db1a6a25e3/small_1544759035_cartoons2.png","med_image_url":"https://coub-anubis-a.akamaized.net/coub_storage/category/cw_image/f8ede745da4/2e6c3a22d04db1a6a25e3/med_1544759035_cartoons2.png","visible":true}],"communities":[{"id":14,"title":"Cartoons","permalink":"cartoons","subscriptions_count":10092974,"big_image_url":"https://coub-anubis-a.akamaized.net/coub_storage/category/cw_image/f8ede745da4/2e6c3a22d04db1a6a25e3/big_1544759035_cartoons2.png","small_image_url":"https://coub-anubis-a.akamaized.net/coub_storage/category/cw_image/f8ede745da4/2e6c3a22d04db1a6a25e3/small_1544759035_cartoons2.png","med_image_url":"https://coub-anubis-a.akamaized.net/coub_storage/category/cw_image/f8ede745da4/2e6c3a22d04db1a6a25e3/med_1544759035_cartoons2.png","i_subscribed":true,"community_notifications_enabled":null,"description":null}],"recoubs_count":827,"remixes_count":2,"likes_count":4247,"dislikes_count":0,"raw_video_id":11926700,"uploaded_by_ios_app":false,"uploaded_by_android_app":false,"media_blocks":{"uploaded_raw_videos":[],"external_raw_videos":[{"id":26986532,"title":"HOW TO TRAIN YOUR DRAGON 3 Official Trailer (2018) Animation, Adventure","url":"https://www.youtube.com/watch?v=FuSAWao5kUg","image":"https://coub-anubis-a.akamaized.net/coub_storage/media_block/cw_image/ee0378d47a3/28528bea1f7114a8d37e5/1529656491_1529656468_p657n6_att-url-download.jpg","image_retina":"https://coub-anubis-a.akamaized.net/coub_storage/media_block/cw_image/ee0378d47a3/28528bea1f7114a8d37e5/1529656491_1529656468_p657n6_att-url-download.jpg","meta":{"service":"Youtube","duration":"158.12"},"duration":158.12,"raw_video_id":11926700,"has_embed":true}],"remixed_from_coubs":[],"external_video":{"id":26986532,"title":"HOW TO TRAIN YOUR DRAGON 3 Official Trailer (2018) Animation, Adventure","url":"https://www.youtube.com/watch?v=FuSAWao5kUg","image":"https://coub-anubis-a.akamaized.net/coub_storage/media_block/cw_image/ee0378d47a3/28528bea1f7114a8d37e5/1529656491_1529656468_p657n6_att-url-download.jpg","image_retina":"https://coub-anubis-a.akamaized.net/coub_storage/media_block/cw_image/ee0378d47a3/28528bea1f7114a8d37e5/1529656491_1529656468_p657n6_att-url-download.jpg","meta":{"service":"Youtube","duration":"158.12"},"duration":158.12,"raw_video_id":11926700,"has_embed":true}},"raw_video_thumbnail_url":"/missing/missing.png","raw_video_title":"HOW TO TRAIN YOUR DRAGON 3 Official Trailer (2018) Animation, Adventure","video_block_banned":false,"duration":3.68,"promo_winner":false,"promo_winner_recoubers":null,"editorial_info":{},"promo_hint":null,"beeline_best_2014":null,"from_web_editor":true,"normalize_sound":false,"normalize_change_allowed":true,"best2015_addable":false,"ahmad_promo":null,"promo_data":null,"audio_copyright_claim":null,"ads_disabled":false,"is_safe_for_ads":true,"megafon_contents":[],"position_on_page":8},{"flag":null,"abuses":null,"recoubs_by_users_channels":null,"favourite":false,"promoted_id":null,"recoub":null,"like":null,"dislike":null,"reaction":null,"in_my_best2015":false,"id":22850980,"type":"Coub::Simple","permalink":"d5mod","title":"Griffin Dynamics","visibility_type":"public","original_visibility_type":"public","channel_id":1160472,"created_at":"2016-06-24T10:45:09Z","updated_at":"2022-03-16T20:00:03Z","is_done":true,"views_count":295561,"cotd":true,"cotd_at":"2016-06-25","visible_on_explore_root":true,"visible_on_explore":true,"featured":true,"published":true,"published_at":"2016-06-24T10:45:09Z","reversed":false,"from_editor_v2":true,"is_editable":true,"original_sound":false,"has_sound":false,"recoub_to":null,"file_versions":{"html5":{"video":{"higher":{"url":"https://coub-anubis-a.akamaized.net/coub_storage/coub/simple/cw_file/6cdb9c1f860/6cd0310ba4367c63ef6bf/muted_mp4_huge_size_1567899223_muted_huge.mp4","size":1622529},"high":{"url":"https://coub-anubis-a.akamaized.net/coub_storage/coub/simple/cw_file/6cdb9c1f860/6cd0310ba4367c63ef6bf/muted_mp4_big_size_1567899223_muted_big.mp4","size":1439207},"med":{"url":"https://coub-anubis-a.akamaized.net/coub_storage/coub/simple/cw_file/6cdb9c1f860/6cd0310ba4367c63ef6bf/muted_mp4_med_size_1567899223_muted_med.mp4","size":276918}},"audio":{"high":{"url":"https://coub-anubis-a.akamaized.net/coub_storage/coub/simple/cw_looped_audio_high/141d5b063d3/eca3b986c6ae81e92b3b9/1605499881_high_1470775296_high.mp3","size":4153424},"med":{"url":"https://coub-anubis-a.akamaized.net/coub_storage/coub/simple/cw_looped_audio_med/1409107d369/530eca46e404be3363eb8/1605499880_med_1470775296_med.mp3","size":3380122}}},"mobile":{"video":"https://coub-anubis-a.akamaized.net/coub_storage/coub/simple/cw_file/6cdb9c1f860/6cd0310ba4367c63ef6bf/muted_mp4_med_size_1567899223_muted_med.mp4","audio":["https://coub-anubis-a.akamaized.net/coub_storage/coub/simple/cw_looped_audio_med/1409107d369/530eca46e404be3363eb8/1605499880_med_1470775296_med.mp3"]},"share":{"default":"https://coub-anubis-a.akamaized.net/coub_storage/coub/simple/cw_video_for_sharing/283f001c89c/9b832a6ea0e1efc92257c/1611298524_looped_1611298524.mp4"}},"audio_versions":{"template":"https://coub-anubis-a.akamaized.net/coub_storage/audio_track/cw_normalized_copy/4147658827a/34bc0a56531475dc9ad64/mid_1466788702_8yxn0e_normalized_1466764942_audio.mp3","versions":["mid","low"]},"image_versions":{"template":"https://coub-anubis-a.akamaized.net/coub_storage/coub/simple/cw_image/8b2b6549c12/e1ff91a3a4e02eade00e7/1470775253_00031.jpg","versions":["micro","tiny","age_restricted","ios_large","ios_mosaic","big","med","small","pinterest"]},"first_frame_versions":{"template":"https://coub-anubis-a.akamaized.net/coub_storage/coub/simple/cw_timeline_pic/20409aa09be/e380a58561e19bb2c5011/%{version}_1470775262_image.jpg","versions":["big","med","small","ios_large"]},"dimensions":{"big":[1280,720],"med":[640,360]},"site_w_h":[640,360],"page_w_h":[640,360],"site_w_h_small":[310,174],"size":[1280,720],"age_restricted":false,"age_restricted_by_admin":false,"not_safe_for_work":false,"allow_reuse":false,"dont_crop":false,"banned":false,"global_safe":true,"audio_file_url":"https://coub-anubis-a.akamaized.net/coub_storage/audio_track/cw_normalized_copy/4147658827a/34bc0a56531475dc9ad64/low_1466788702_8yxn0e_normalized_1466764942_audio.mp3","external_download":false,"application":null,"channel":{"id":1160472,"permalink":"gloryfsm","title":"No Thanks","description":"Subscribe! For the glory of Satan, of course!","followers_count":16246,"following_count":370,"avatar_versions":{"template":"https://coub-anubis-a.akamaized.net/coub_storage/channel/cw_avatar/12d788553d5/7cfff6798dc49d0f07cb0/%{version}_1612293299_For-the-glory-of-Satan_-336484_-______.png","versions":["medium","medium_2x","profile_pic","profile_pic_new","profile_pic_new_2x","tiny","tiny_2x","small","small_2x","ios_large","ios_small"]}},"file":null,"picture":"https://coub-anubis-a.akamaized.net/coub_storage/coub/simple/cw_image/8b2b6549c12/e1ff91a3a4e02eade00e7/1470775253_00031.jpg","timeline_picture":"https://coub-anubis-a.akamaized.net/coub_storage/coub/simple/cw_timeline_pic/20409aa09be/e380a58561e19bb2c5011/ios_large_1470775262_image.jpg","small_picture":"https://coub-anubis-a.akamaized.net/coub_storage/coub/simple/cw_image/8b2b6549c12/e1ff91a3a4e02eade00e7/1470775253_00031.jpg","sharing_picture":null,"percent_done":100,"tags":[{"id":51891,"title":"progress","value":"progress"},{"id":1629924,"title":"shhhh aaaah","value":"shhhh%20aaaah"},{"id":2878,"title":"банан","value":"%D0%B1%D0%B0%D0%BD%D0%B0%D0%BD"},{"id":70,"title":"гриффины","value":"%D0%B3%D1%80%D0%B8%D1%84%D1%84%D0%B8%D0%BD%D1%8B"},{"id":122503,"title":"питер гриффин","value":"%D0%BF%D0%B8%D1%82%D0%B5%D1%80%20%D0%B3%D1%80%D0%B8%D1%84%D1%84%D0%B8%D0%BD"},{"id":246,"title":"робот","value":"%D1%80%D0%BE%D0%B1%D0%BE%D1%82"},{"id":1607,"title":"cartoons","value":"cartoons"},{"id":4312,"title":"banana","value":"banana"},{"id":569698,"title":"banana peel","value":"banana%20peel"},{"id":240,"title":"robots","value":"robots"},{"id":7866,"title":"peter griffin","value":"peter%20griffin"},{"id":69,"title":"family guy","value":"family%20guy"},{"id":25216,"title":"boston dynamics","value":"boston%20dynamics"}],"categories":[{"id":14,"title":"Cartoons","permalink":"cartoons","subscriptions_count":10092974,"big_image_url":"https://coub-anubis-a.akamaized.net/coub_storage/category/cw_image/f8ede745da4/2e6c3a22d04db1a6a25e3/big_1544759035_cartoons2.png","small_image_url":"https://coub-anubis-a.akamaized.net/coub_storage/category/cw_image/f8ede745da4/2e6c3a22d04db1a6a25e3/small_1544759035_cartoons2.png","med_image_url":"https://coub-anubis-a.akamaized.net/coub_storage/category/cw_image/f8ede745da4/2e6c3a22d04db1a6a25e3/med_1544759035_cartoons2.png","visible":true}],"communities":[{"id":14,"title":"Cartoons","permalink":"cartoons","subscriptions_count":10092974,"big_image_url":"https://coub-anubis-a.akamaized.net/coub_storage/category/cw_image/f8ede745da4/2e6c3a22d04db1a6a25e3/big_1544759035_cartoons2.png","small_image_url":"https://coub-anubis-a.akamaized.net/coub_storage/category/cw_image/f8ede745da4/2e6c3a22d04db1a6a25e3/small_1544759035_cartoons2.png","med_image_url":"https://coub-anubis-a.akamaized.net/coub_storage/category/cw_image/f8ede745da4/2e6c3a22d04db1a6a25e3/med_1544759035_cartoons2.png","i_subscribed":true,"community_notifications_enabled":null,"description":null}],"recoubs_count":902,"remixes_count":2,"likes_count":4243,"dislikes_count":0,"raw_video_id":2896968,"uploaded_by_ios_app":false,"uploaded_by_android_app":false,"media_blocks":{"uploaded_raw_videos":[],"external_raw_videos":[],"remixed_from_coubs":[]},"raw_video_thumbnail_url":"/missing/missing.png","raw_video_title":"GD.wmv","video_block_banned":false,"duration":9.64,"promo_winner":false,"promo_winner_recoubers":null,"editorial_info":{},"promo_hint":null,"beeline_best_2014":null,"from_web_editor":true,"normalize_sound":true,"normalize_change_allowed":true,"best2015_addable":false,"ahmad_promo":null,"promo_data":null,"audio_copyright_claim":null,"ads_disabled":null,"is_safe_for_ads":true,"megafon_contents":[],"position_on_page":9},{"flag":null,"abuses":null,"recoubs_by_users_channels":null,"favourite":false,"promoted_id":null,"recoub":null,"like":null,"dislike":null,"reaction":null,"in_my_best2015":false,"id":126186115,"type":"Coub::Simple","permalink":"22qmed","title":"На случай важных переговоров","visibility_type":"public","original_visibility_type":"public","channel_id":5092290,"created_at":"2019-10-12T16:12:05Z","updated_at":"2022-03-12T12:03:51Z","is_done":true,"views_count":254231,"cotd":null,"cotd_at":null,"visible_on_explore_root":false,"visible_on_explore":false,"featured":false,"published":true,"published_at":"2019-10-12T16:12:05Z","reversed":false,"from_editor_v2":true,"is_editable":true,"original_sound":true,"has_sound":true,"recoub_to":null,"file_versions":{"html5":{"video":{"higher":{"url":"https://coub-anubis-a.akamaized.net/coub_storage/coub/simple/cw_file/1c4cfb1f1fc/49b2956891ad03949e410/muted_mp4_huge_size_1570899168_muted_huge.mp4","size":600496},"high":{"url":"https://coub-anubis-a.akamaized.net/coub_storage/coub/simple/cw_file/1c4cfb1f1fc/49b2956891ad03949e410/muted_mp4_big_size_1570899168_muted_big.mp4","size":416157},"med":{"url":"https://coub-anubis-a.akamaized.net/coub_storage/coub/simple/cw_file/1c4cfb1f1fc/49b2956891ad03949e410/muted_mp4_med_size_1570899168_muted_med.mp4","size":145719}},"audio":{"high":{"url":"https://coub-anubis-a.akamaized.net/coub_storage/coub/simple/cw_looped_audio_high/71814396a7a/1d58569dcfccf8d295ffc/1605693385_high_1570899168_high.mp3","size":914796},"med":{"url":"https://coub-anubis-a.akamaized.net/coub_storage/coub/simple/cw_looped_audio_med/2faac03c364/60e97354ad3397f496e9c/1605693384_med_1570899168_med.mp3","size":894907},"sample_duration":4.133}},"mobile":{"video":"https://coub-anubis-a.akamaized.net/coub_storage/coub/simple/cw_file/1c4cfb1f1fc/49b2956891ad03949e410/muted_mp4_med_size_1570899168_muted_med.mp4","audio":["https://coub-anubis-a.akamaized.net/coub_storage/coub/simple/cw_looped_audio_med/2faac03c364/60e97354ad3397f496e9c/1605693384_med_1570899168_med.mp3"]},"share":{"default":"https://coub-anubis-a.akamaized.net/coub_storage/coub/simple/cw_video_for_sharing/8adbbf749a9/64409b84b5986b59eaab3/1608513058_looped_1608513057.mp4"}},"audio_versions":{},"image_versions":{"template":"https://coub-anubis-a.akamaized.net/coub_storage/coub/simple/cw_image/4531b53ef50/eff3142d1a9c8fc45583b/1570899176_00014.jpg","versions":["micro","tiny","age_restricted","ios_large","ios_mosaic","big","med","small","pinterest"]},"first_frame_versions":{"template":"https://coub-anubis-a.akamaized.net/coub_storage/coub/simple/cw_timeline_pic/6f4c9366c93/6da13a0823ca0cf874407/1570899175_image.jpg","versions":["big","med","small","ios_large"]},"dimensions":{"big":[1280,704],"med":[640,352]},"site_w_h":[640,352],"page_w_h":[640,352],"site_w_h_small":[310,171],"size":[1280,704],"age_restricted":false,"age_restricted_by_admin":false,"not_safe_for_work":false,"allow_reuse":false,"dont_crop":false,"banned":false,"global_safe":false,"audio_file_url":null,"external_download":{"type":"Youtube","service_name":"YouTube","url":"https://www.youtube.com/watch?time_continue=88&v=vnH1aGCWExw","has_embed":true},"application":null,"channel":{"id":5092290,"permalink":"dmitrij-goto-hoij--e","title":"Dmitriy Goto-Hoiy-Ee","description":null,"followers_count":42,"following_count":12,"avatar_versions":{"template":"https://coub-anubis-a.akamaized.net/coub_storage/channel/cw_avatar/9d563723b59/3f319f2ca2c5ddfb64a36/%{version}_1607421545_1cgfw02_1569169837_5j_70UEfBMU.jpg","versions":["medium","medium_2x","profile_pic","profile_pic_new","profile_pic_new_2x","tiny","tiny_2x","small","small_2x","ios_large","ios_small"]}},"file":null,"picture":"https://coub-anubis-a.akamaized.net/coub_storage/coub/simple/cw_image/4531b53ef50/eff3142d1a9c8fc45583b/1570899176_00014.jpg","timeline_picture":"https://coub-anubis-a.akamaized.net/coub_storage/coub/simple/cw_timeline_pic/6f4c9366c93/6da13a0823ca0cf874407/1570899175_image.jpg","small_picture":"https://coub-anubis-a.akamaized.net/coub_storage/coub/simple/cw_image/4531b53ef50/eff3142d1a9c8fc45583b/1570899176_00014.jpg","sharing_picture":null,"percent_done":100,"tags":[{"id":5264099,"title":"армянская озвучка","value":"%D0%B0%D1%80%D0%BC%D1%8F%D0%BD%D1%81%D0%BA%D0%B0%D1%8F%20%D0%BE%D0%B7%D0%B2%D1%83%D1%87%D0%BA%D0%B0"},{"id":281210,"title":"джавид","value":"%D0%B4%D0%B6%D0%B0%D0%B2%D0%B8%D0%B4"},{"id":5264100,"title":"от джавида","value":"%D0%BE%D1%82%20%D0%B4%D0%B6%D0%B0%D0%B2%D0%B8%D0%B4%D0%B0"},{"id":76752,"title":"мадагаскар","value":"%D0%BC%D0%B0%D0%B4%D0%B0%D0%B3%D0%B0%D1%81%D0%BA%D0%B0%D1%80"},{"id":9740,"title":"смешарики","value":"%D1%81%D0%BC%D0%B5%D1%88%D0%B0%D1%80%D0%B8%D0%BA%D0%B8"},{"id":152725,"title":"гоблинский перевод","value":"%D0%B3%D0%BE%D0%B1%D0%BB%D0%B8%D0%BD%D1%81%D0%BA%D0%B8%D0%B9%20%D0%BF%D0%B5%D1%80%D0%B5%D0%B2%D0%BE%D0%B4"},{"id":23169,"title":"озвучка","value":"%D0%BE%D0%B7%D0%B2%D1%83%D1%87%D0%BA%D0%B0"},{"id":13217,"title":"смешная","value":"%D1%81%D0%BC%D0%B5%D1%88%D0%BD%D0%B0%D1%8F"},{"id":340693,"title":"официальная","value":"%D0%BE%D1%84%D0%B8%D1%86%D0%B8%D0%B0%D0%BB%D1%8C%D0%BD%D0%B0%D1%8F"},{"id":361185,"title":"2020","value":"2020"},{"id":257922,"title":"2019","value":"2019"},{"id":9574,"title":"переозвучка","value":"%D0%BF%D0%B5%D1%80%D0%B5%D0%BE%D0%B7%D0%B2%D1%83%D1%87%D0%BA%D0%B0"},{"id":1020159,"title":"смеяка","value":"%D1%81%D0%BC%D0%B5%D1%8F%D0%BA%D0%B0"},{"id":497086,"title":"смеяться до слез","value":"%D1%81%D0%BC%D0%B5%D1%8F%D1%82%D1%8C%D1%81%D1%8F%20%D0%B4%D0%BE%20%D1%81%D0%BB%D0%B5%D0%B7"},{"id":4480,"title":"приколы","value":"%D0%BF%D1%80%D0%B8%D0%BA%D0%BE%D0%BB%D1%8B"}],"categories":[{"id":14,"title":"Cartoons","permalink":"cartoons","subscriptions_count":10092974,"big_image_url":"https://coub-anubis-a.akamaized.net/coub_storage/category/cw_image/f8ede745da4/2e6c3a22d04db1a6a25e3/big_1544759035_cartoons2.png","small_image_url":"https://coub-anubis-a.akamaized.net/coub_storage/category/cw_image/f8ede745da4/2e6c3a22d04db1a6a25e3/small_1544759035_cartoons2.png","med_image_url":"https://coub-anubis-a.akamaized.net/coub_storage/category/cw_image/f8ede745da4/2e6c3a22d04db1a6a25e3/med_1544759035_cartoons2.png","visible":true}],"communities":[{"id":14,"title":"Cartoons","permalink":"cartoons","subscriptions_count":10092974,"big_image_url":"https://coub-anubis-a.akamaized.net/coub_storage/category/cw_image/f8ede745da4/2e6c3a22d04db1a6a25e3/big_1544759035_cartoons2.png","small_image_url":"https://coub-anubis-a.akamaized.net/coub_storage/category/cw_image/f8ede745da4/2e6c3a22d04db1a6a25e3/small_1544759035_cartoons2.png","med_image_url":"https://coub-anubis-a.akamaized.net/coub_storage/category/cw_image/f8ede745da4/2e6c3a22d04db1a6a25e3/med_1544759035_cartoons2.png","i_subscribed":true,"community_notifications_enabled":null,"description":null}],"recoubs_count":858,"remixes_count":0,"likes_count":4238,"dislikes_count":0,"raw_video_id":14338575,"uploaded_by_ios_app":false,"uploaded_by_android_app":false,"media_blocks":{"uploaded_raw_videos":[],"external_raw_videos":[{"id":33534062,"title":"#АРМЯНСКАЯ ОЗВУЧКА #МАДАГАСКАР ПЕРЕОЗВУЧКА #ДЖАВИД Official video 2019","url":"https://www.youtube.com/watch?v=vnH1aGCWExw","image":"https://coub-anubis-a.akamaized.net/coub_storage/media_block/cw_image/cfd6e83601b/e8c5c259689e8700ae958/1570896491_1eqlv0m_1570896423_8juiue_att-url-download.jpg","image_retina":"https://coub-anubis-a.akamaized.net/coub_storage/media_block/cw_image/cfd6e83601b/e8c5c259689e8700ae958/1570896491_1eqlv0m_1570896423_8juiue_att-url-download.jpg","meta":{"service":"Youtube","duration":"485.72"},"duration":485.72,"raw_video_id":14338575,"has_embed":true}],"remixed_from_coubs":[],"external_video":{"id":33534062,"title":"#АРМЯНСКАЯ ОЗВУЧКА #МАДАГАСКАР ПЕРЕОЗВУЧКА #ДЖАВИД Official video 2019","url":"https://www.youtube.com/watch?v=vnH1aGCWExw","image":"https://coub-anubis-a.akamaized.net/coub_storage/media_block/cw_image/cfd6e83601b/e8c5c259689e8700ae958/1570896491_1eqlv0m_1570896423_8juiue_att-url-download.jpg","image_retina":"https://coub-anubis-a.akamaized.net/coub_storage/media_block/cw_image/cfd6e83601b/e8c5c259689e8700ae958/1570896491_1eqlv0m_1570896423_8juiue_att-url-download.jpg","meta":{"service":"Youtube","duration":"485.72"},"duration":485.72,"raw_video_id":14338575,"has_embed":true}},"raw_video_thumbnail_url":"/missing/missing.png","raw_video_title":"#АРМЯНСКАЯ ОЗВУЧКА #МАДАГАСКАР ПЕРЕОЗВУЧКА #ДЖАВИД Official video 2019","video_block_banned":false,"duration":4.16,"promo_winner":false,"promo_winner_recoubers":null,"editorial_info":{},"promo_hint":null,"beeline_best_2014":null,"from_web_editor":true,"normalize_sound":true,"normalize_change_allowed":true,"best2015_addable":false,"ahmad_promo":null,"promo_data":null,"audio_copyright_claim":null,"ads_disabled":false,"is_safe_for_ads":true,"megafon_contents":[],"position_on_page":10}]}