{"page":25,"per_page":10,"total_pages":500,"coubs":[{"flag":null,"abuses":null,"recoubs_by_users_channels":null,"favourite":false,"promoted_id":null,"recoub":null,"like":null,"dislike":null,"reaction":null,"in_my_best2015":false,"id":170287887,"type":"Coub::Simple","permalink":"2t1duf","title":"🖤🎶LIFE🖤🎶","visibility_type":"public","original_visibility_type":"public","channel_id":3467086,"created_at":"2021-06-10T12:55:33Z","updated_at":"2022-03-18T04:53:55Z","is_done":true,"views_count":709507,"cotd":true,"cotd_at":"2021-06-11","visible_on_explore_root":true,"visible_on_explore":true,"featured":true,"published":true,"published_at":"2021-06-10T12:55:33Z","reversed":false,"from_editor_v2":true,"is_editable":true,"original_sound":false,"has_sound":false,"recoub_to":null,"file_versions":{"html5":{"video":{"higher":{"url":"https://coub-anubis-a.akamaized.net/coub_storage/coub/simple/cw_file/8431c2ba4c8/522614c33a27a2dea036b/muted_mp4_huge_size_1623330137_muted_huge.mp4","size":1787241},"high":{"url":"https://coub-anubis-a.akamaized.net/coub_storage/coub/simple/cw_file/8431c2ba4c8/522614c33a27a2dea036b/muted_mp4_big_size_1623330137_muted_big.mp4","size":1159614},"med":{"url":"https://coub-anubis-a.akamaized.net/coub_storage/coub/simple/cw_file/8431c2ba4c8/522614c33a27a2dea036b/muted_mp4_med_size_1623330137_muted_med.mp4","size":364173}},"audio":{"high":{"url":"https://coub-anubis-a.akamaized.net/coub_storage/coub/simple/cw_looped_audio_high/07c6807ec68/ce281d803d2177ab4f3f9/1623330190_mp3-high.mp3","size":4353884},"med":{"url":"https://coub-anubis-a.akamaized.net/coub_storage/coub/simple/cw_looped_audio_med/bc145101519/921ebb0fd76130e9d3c00/1623330187_mp3-med.mp3","size":3587223}}},"mobile":{"video":"https://coub-anubis-a.akamaized.net/coub_storage/coub/simple/cw_file/8431c2ba4c8/522614c33a27a2dea036b/muted_mp4_med_size_1623330137_muted_med.mp4","audio":["https://coub-anubis-a.akamaized.net/coub_storage/coub/simple/cw_looped_audio_med/bc145101519/921ebb0fd76130e9d3c00/1623330187_mp3-med.mp3"]},"share":{"default":"https://coub-anubis-a.akamaized.net/coub_storage/coub/simple/cw_video_for_sharing/961198c89b0/6335b1dc7a203cd1d852d/1623330237_looped_1623330235.mp4"}},"audio_versions":{"template":"https://coub-anubis-a.akamaized.net/coub_storage/audio_track/cw_normalized_copy/4d80dd3b5b0/d239bbabc028a1c7cfb1e/mid_1623330169_normalized_1623330143_rfe14h_edited.mp3","versions":["mid","low"]},"image_versions":{"template":"https://coub-anubis-a.akamaized.net/coub_storage/coub/simple/cw_image/e1b57218143/7c3d10ee94156ff8c2206/%{version}_1623330200_00032.jpg","versions":["micro","tiny","age_restricted","ios_large","ios_mosaic","big","med","small","pinterest"]},"first_frame_versions":{"template":"https://coub-anubis-a.akamaized.net/coub_storage/coub/simple/cw_timeline_pic/c9d99e90e32/dd84b29a11c15b6adad5c/%{version}_1623330199_image.jpg","versions":["big","med","small","ios_large"]},"dimensions":{"big":[1280,536],"med":[640,268]},"site_w_h":[640,268],"page_w_h":[640,268],"site_w_h_small":[310,130],"size":[1280,536],"age_restricted":false,"age_restricted_by_admin":false,"not_safe_for_work":false,"allow_reuse":false,"dont_crop":true,"banned":false,"global_safe":true,"audio_file_url":"https://coub-anubis-a.akamaized.net/coub_storage/audio_track/cw_normalized_copy/4d80dd3b5b0/d239bbabc028a1c7cfb1e/low_1623330169_normalized_1623330143_rfe14h_edited.mp3","external_download":false,"application":null,"channel":{"id":3467086,"permalink":"tetriscoub","title":"TetRis","description":null,"followers_count":1716,"following_count":359,"avatar_versions":{"template":"https://coub-anubis-a.akamaized.net/coub_storage/channel/cw_avatar/4a6b8298423/1dd273aa4a4586013c488/%{version}_1609111565_te57me_1488725184_images.jpg","versions":["medium","medium_2x","profile_pic","profile_pic_new","profile_pic_new_2x","tiny","tiny_2x","small","small_2x","ios_large","ios_small"]}},"file":null,"picture":"https://coub-anubis-a.akamaized.net/coub_storage/coub/simple/cw_image/e1b57218143/7c3d10ee94156ff8c2206/med_1623330200_00032.jpg","timeline_picture":"https://coub-anubis-a.akamaized.net/coub_storage/coub/simple/cw_timeline_pic/c9d99e90e32/dd84b29a11c15b6adad5c/ios_large_1623330199_image.jpg","small_picture":"https://coub-anubis-a.akamaized.net/coub_storage/coub/simple/cw_image/e1b57218143/7c3d10ee94156ff8c2206/ios_mosaic_1623330200_00032.jpg","sharing_picture":null,"percent_done":100,"tags":[],"categories":[{"id":14,"title":"Cartoons","permalink":"cartoons","subscriptions_count":10092974,"big_image_url":"https://coub-anubis-a.akamaized.net/coub_storage/category/cw_image/f8ede745da4/2e6c3a22d04db1a6a25e3/big_1544759035_cartoons2.png","small_image_url":"https://coub-anubis-a.akamaized.net/coub_storage/category/cw_image/f8ede745da4/2e6c3a22d04db1a6a25e3/small_1544759035_cartoons2.png","med_image_url":"https://coub-anubis-a.akamaized.net/coub_storage/category/cw_image/f8ede745da4/2e6c3a22d04db1a6a25e3/med_1544759035_cartoons2.png","visible":true}],"communities":[{"id":14,"title":"Cartoons","permalink":"cartoons","subscriptions_count":10092974,"big_image_url":"https://coub-anubis-a.akamaized.net/coub_storage/category/cw_image/f8ede745da4/2e6c3a22d04db1a6a25e3/big_1544759035_cartoons2.png","small_image_url":"https://coub-anubis-a.akamaized.net/coub_storage/category/cw_image/f8ede745da4/2e6c3a22d04db1a6a25e3/small_1544759035_cartoons2.png","med_image_url":"https://coub-anubis-a.akamaized.net/coub_storage/category/cw_image/f8ede745da4/2e6c3a22d04db1a6a25e3/med_1544759035_cartoons2.png","i_subscribed":true,"community_notifications_enabled":null,"description":null}],"recoubs_count":1180,"remixes_count":4,"likes_count":7082,"dislikes_count":0,"raw_video_id":16517037,"uploaded_by_ios_app":false,"uploaded_by_android_app":false,"media_blocks":{"uploaded_raw_videos":[],"external_raw_videos":[],"remixed_from_coubs":[]},"raw_video_thumbnail_url":"https://coub-anubis-a.akamaized.net/coub_storage/raw_video/cw_image/c86b2050506/87147ed217d5b952a9f68/coub_media_1623328759_image.jpg","raw_video_title":"___-_______Tweet-tweet____CGF_Animation___Bazelevs.mp4","video_block_banned":false,"duration":10.0,"promo_winner":false,"promo_winner_recoubers":null,"editorial_info":{},"promo_hint":null,"beeline_best_2014":null,"from_web_editor":true,"normalize_sound":true,"normalize_change_allowed":true,"best2015_addable":false,"ahmad_promo":null,"promo_data":null,"audio_copyright_claim":null,"ads_disabled":false,"is_safe_for_ads":true,"megafon_contents":[],"position_on_page":1},{"flag":null,"abuses":null,"recoubs_by_users_channels":null,"favourite":false,"promoted_id":null,"recoub":null,"like":null,"dislike":null,"reaction":null,"in_my_best2015":false,"id":63602190,"type":"Coub::Simple","permalink":"11f2sg","title":"The Cat Concerto","visibility_type":"public","original_visibility_type":"public","channel_id":2797215,"created_at":"2018-01-01T23:32:48Z","updated_at":"2022-03-18T06:01:24Z","is_done":true,"views_count":550599,"cotd":true,"cotd_at":"2018-01-03","visible_on_explore_root":true,"visible_on_explore":true,"featured":true,"published":true,"published_at":"2018-01-01T23:32:48Z","reversed":false,"from_editor_v2":true,"is_editable":true,"original_sound":false,"has_sound":false,"recoub_to":null,"file_versions":{"html5":{"video":{"higher":{"url":"https://coub-anubis-a.akamaized.net/coub_storage/coub/simple/cw_file/7a02640926e/a1ba2f4d040ee811658ef/muted_mp4_huge_size_1568178468_muted_huge.mp4","size":2545023},"high":{"url":"https://coub-anubis-a.akamaized.net/coub_storage/coub/simple/cw_file/7a02640926e/a1ba2f4d040ee811658ef/muted_mp4_big_size_1568178468_muted_big.mp4","size":1791192},"med":{"url":"https://coub-anubis-a.akamaized.net/coub_storage/coub/simple/cw_file/7a02640926e/a1ba2f4d040ee811658ef/muted_mp4_med_size_1568178468_muted_med.mp4","size":613156}},"audio":{"high":{"url":"https://coub-anubis-a.akamaized.net/coub_storage/coub/simple/cw_looped_audio_high/d19e5a7c649/af29e489b7fbbeb09886a/1605624284_high_1514849588_high.mp3","size":1007496},"med":{"url":"https://coub-anubis-a.akamaized.net/coub_storage/coub/simple/cw_looped_audio_med/9472384d0a2/260dbf87a52588b8993f2/1605624284_med_1514849588_med.mp3","size":755291}}},"mobile":{"video":"https://coub-anubis-a.akamaized.net/coub_storage/coub/simple/cw_file/7a02640926e/a1ba2f4d040ee811658ef/muted_mp4_med_size_1568178468_muted_med.mp4","audio":["https://coub-anubis-a.akamaized.net/coub_storage/coub/simple/cw_looped_audio_med/9472384d0a2/260dbf87a52588b8993f2/1605624284_med_1514849588_med.mp3"]},"share":{"default":"https://coub-anubis-a.akamaized.net/coub_storage/coub/simple/cw_video_for_sharing/b0a461e48a3/aba72f900b5d2f6fa3766/1609789906_looped_1609789905.mp4"}},"audio_versions":{"template":"https://coub-anubis-a.akamaized.net/coub_storage/audio_track/cw_file/b0ad0aac66f/fbe5051b7e5c810b4af68/mid_1514849581_27fjvv_edited.mp3","versions":["mid","low"]},"image_versions":{"template":"https://coub-anubis-a.akamaized.net/coub_storage/coub/simple/cw_image/36d6af5c226/683e8dd143403f8d44d45/1514849596_00030.jpg","versions":["micro","tiny","age_restricted","ios_large","ios_mosaic","big","med","small","pinterest"]},"first_frame_versions":{"template":"https://coub-anubis-a.akamaized.net/coub_storage/coub/simple/cw_timeline_pic/f51c0a31310/0fb9db50147693ba239f9/%{version}_1514849595_image.jpg","versions":["big","med","small","ios_large"]},"dimensions":{"big":[1280,720],"med":[640,360]},"site_w_h":[640,360],"page_w_h":[640,360],"site_w_h_small":[310,174],"size":[1280,720],"age_restricted":false,"age_restricted_by_admin":false,"not_safe_for_work":false,"allow_reuse":false,"dont_crop":false,"banned":false,"global_safe":true,"audio_file_url":"https://coub-anubis-a.akamaized.net/coub_storage/audio_track/cw_file/b0ad0aac66f/fbe5051b7e5c810b4af68/low_1514849581_27fjvv_edited.mp3","external_download":false,"application":null,"channel":{"id":2797215,"permalink":"the.mechanist","title":"Mechanist","description":"Экзотика","followers_count":995,"following_count":8,"avatar_versions":{"template":"https://coub-anubis-a.akamaized.net/coub_storage/channel/cw_avatar/8adb662e611/fc064b8e71278353da17c/%{version}_1608011156_hr4c34_1485367700_mechanist1.jpg","versions":["medium","medium_2x","profile_pic","profile_pic_new","profile_pic_new_2x","tiny","tiny_2x","small","small_2x","ios_large","ios_small"]}},"file":null,"picture":"https://coub-anubis-a.akamaized.net/coub_storage/coub/simple/cw_image/36d6af5c226/683e8dd143403f8d44d45/1514849596_00030.jpg","timeline_picture":"https://coub-anubis-a.akamaized.net/coub_storage/coub/simple/cw_timeline_pic/f51c0a31310/0fb9db50147693ba239f9/ios_large_1514849595_image.jpg","small_picture":"https://coub-anubis-a.akamaized.net/coub_storage/coub/simple/cw_image/36d6af5c226/683e8dd143403f8d44d45/1514849596_00030.jpg","sharing_picture":null,"percent_done":100,"tags":[{"id":452,"title":"tom and jerry","value":"tom%20and%20jerry"}],"categories":[{"id":14,"title":"Cartoons","permalink":"cartoons","subscriptions_count":10092974,"big_image_url":"https://coub-anubis-a.akamaized.net/coub_storage/category/cw_image/f8ede745da4/2e6c3a22d04db1a6a25e3/big_1544759035_cartoons2.png","small_image_url":"https://coub-anubis-a.akamaized.net/coub_storage/category/cw_image/f8ede745da4/2e6c3a22d04db1a6a25e3/small_1544759035_cartoons2.png","med_image_url":"https://coub-anubis-a.akamaized.net/coub_storage/category/cw_image/f8ede745da4/2e6c3a22d04db1a6a25e3/med_1544759035_cartoons2.png","visible":true}],"communities":[{"id":14,"title":"Cartoons","permalink":"cartoons","subscriptions_count":10092974,"big_image_url":"https://coub-anubis-a.akamaized.net/coub_storage/category/cw_image/f8ede745da4/2e6c3a22d04db1a6a25e3/big_1544759035_cartoons2.png","small_image_url":"https://coub-anubis-a.akamaized.net/coub_storage/category/cw_image/f8ede745da4/2e6c3a22d04db1a6a25e3/small_1544759035_cartoons2.png","med_image_url":"https://coub-anubis-a.akamaized.net/coub_storage/category/cw_image/f8ede745da4/2e6c3a22d04db1a6a25e3/med_1544759035_cartoons2.png","i_subscribed":true,"community_notifications_enabled":null,"description":null}],"recoubs_count":1153,"remixes_count":18,"likes_count":7038,"dislikes_count":0,"raw_video_id":10852567,"uploaded_by_ios_app":false,"uploaded_by_android_app":false,"media_blocks":{"uploaded_raw_videos":[],"external_raw_videos":[],"remixed_from_coubs":[]},"raw_video_thumbnail_url":"/missing/missing.png","raw_video_title":"The_Cat_Concerto.mp4","video_block_banned":false,"duration":9.48,"promo_winner":false,"promo_winner_recoubers":null,"editorial_info":{},"promo_hint":null,"beeline_best_2014":null,"from_web_editor":true,"normalize_sound":false,"normalize_change_allowed":true,"best2015_addable":false,"ahmad_promo":null,"promo_data":null,"audio_copyright_claim":null,"ads_disabled":false,"is_safe_for_ads":true,"megafon_contents":[],"position_on_page":2},{"flag":null,"abuses":null,"recoubs_by_users_channels":null,"favourite":false,"promoted_id":null,"recoub":null,"like":null,"dislike":null,"reaction":null,"in_my_best2015":false,"id":15524568,"type":"Coub::Simple","permalink":"8slis","title":"Run","visibility_type":"public","original_visibility_type":"public","channel_id":1598114,"created_at":"2015-10-25T02:26:22Z","updated_at":"2022-03-18T06:10:29Z","is_done":true,"views_count":1211554,"cotd":null,"cotd_at":null,"visible_on_explore_root":true,"visible_on_explore":true,"featured":true,"published":true,"published_at":"2015-10-25T02:26:22Z","reversed":false,"from_editor_v2":true,"is_editable":true,"original_sound":false,"has_sound":false,"recoub_to":null,"file_versions":{"html5":{"video":{"higher":{"url":"https://coub-anubis-a.akamaized.net/coub_storage/coub/simple/cw_file/897af70a9ae/bd0f06990d81ec6fb7d44/muted_mp4_huge_size_1567816411_muted_huge.mp4","size":2016999},"high":{"url":"https://coub-anubis-a.akamaized.net/coub_storage/coub/simple/cw_file/897af70a9ae/bd0f06990d81ec6fb7d44/muted_mp4_big_size_1567816411_muted_big.mp4","size":1610174},"med":{"url":"https://coub-anubis-a.akamaized.net/coub_storage/coub/simple/cw_file/897af70a9ae/bd0f06990d81ec6fb7d44/muted_mp4_med_size_1567816411_muted_med.mp4","size":379574}},"audio":{"high":{"url":"https://coub-anubis-a.akamaized.net/coub_storage/coub/simple/cw_looped_audio_high/1effdb8f285/b4b3d0fd2f302918c5d31/1605462976_high_1445740504_high.mp3","size":934137},"med":{"url":"https://coub-anubis-a.akamaized.net/coub_storage/coub/simple/cw_looped_audio_med/861bd0e1bcb/84283eaeef092ba144ab9/1605462976_med_1445740504_med.mp3","size":622758}}},"mobile":{"video":"https://coub-anubis-a.akamaized.net/coub_storage/coub/simple/cw_file/897af70a9ae/bd0f06990d81ec6fb7d44/muted_mp4_med_size_1567816411_muted_med.mp4","audio":["https://coub-anubis-a.akamaized.net/coub_storage/coub/simple/cw_looped_audio_med/861bd0e1bcb/84283eaeef092ba144ab9/1605462976_med_1445740504_med.mp3"]},"share":{"default":"https://coub-anubis-a.akamaized.net/coub_storage/coub/simple/cw_video_for_sharing/db1a5e79891/9c96dd8a4fab26445a9cf/1609514474_looped_1609514474.mp4"}},"audio_versions":{"template":"https://coub-anubis-a.akamaized.net/coub_storage/audio_track/cw_file/e13d3cf007f/75beec24290099b5e1ca3/mid_1471193640_audio.mp3","versions":["mid","low"]},"image_versions":{"template":"https://coub-anubis-a.akamaized.net/coub_storage/coub/simple/cw_image/ac376e20ae5/d894167b00aaa32b997f4/1445740531_00032.jpg","versions":["micro","tiny","age_restricted","ios_large","ios_mosaic","big","med","small","pinterest"]},"first_frame_versions":{"template":"https://coub-anubis-a.akamaized.net/coub_storage/coub/simple/cw_timeline_pic/bb049112173/f38c252ea226f01af1fa7/%{version}_1445740530_image.jpg","versions":["big","med","small","ios_large"]},"dimensions":{"big":[1280,720],"med":[640,360]},"site_w_h":[640,360],"page_w_h":[640,360],"site_w_h_small":[310,174],"size":[1280,720],"age_restricted":false,"age_restricted_by_admin":false,"not_safe_for_work":false,"allow_reuse":false,"dont_crop":false,"banned":false,"global_safe":true,"audio_file_url":"https://coub-anubis-a.akamaized.net/coub_storage/audio_track/cw_file/e13d3cf007f/75beec24290099b5e1ca3/low_1471193640_audio.mp3","external_download":{"type":"Youtube","service_name":"YouTube","url":"http://www.youtube.com/watch?v=8bZJraUmN5s","has_embed":true},"application":null,"channel":{"id":1598114,"permalink":"moustachee","title":"Moustache","description":null,"followers_count":1031,"following_count":0,"avatar_versions":{"template":"https://coub-anubis-a.akamaized.net/coub_storage/channel/cw_avatar/d2b0b28b6f1/b7e2607967423ad681fa0/%{version}_1626262949_1e216ba609111d3ff2b0cc979acf1bb1.jpg","versions":["medium","medium_2x","profile_pic","profile_pic_new","profile_pic_new_2x","tiny","tiny_2x","small","small_2x","ios_large","ios_small"]}},"file":null,"picture":"https://coub-anubis-a.akamaized.net/coub_storage/coub/simple/cw_image/ac376e20ae5/d894167b00aaa32b997f4/1445740531_00032.jpg","timeline_picture":"https://coub-anubis-a.akamaized.net/coub_storage/coub/simple/cw_timeline_pic/bb049112173/f38c252ea226f01af1fa7/ios_large_1445740530_image.jpg","small_picture":"https://coub-anubis-a.akamaized.net/coub_storage/coub/simple/cw_image/ac376e20ae5/d894167b00aaa32b997f4/1445740531_00032.jpg","sharing_picture":null,"percent_done":100,"tags":[{"id":1032935,"title":"awolnation - run","value":"awolnation%20-%20run"},{"id":119047,"title":"monsters university","value":"monsters%20university"}],"categories":[{"id":14,"title":"Cartoons","permalink":"cartoons","subscriptions_count":10092974,"big_image_url":"https://coub-anubis-a.akamaized.net/coub_storage/category/cw_image/f8ede745da4/2e6c3a22d04db1a6a25e3/big_1544759035_cartoons2.png","small_image_url":"https://coub-anubis-a.akamaized.net/coub_storage/category/cw_image/f8ede745da4/2e6c3a22d04db1a6a25e3/small_1544759035_cartoons2.png","med_image_url":"https://coub-anubis-a.akamaized.net/coub_storage/category/cw_image/f8ede745da4/2e6c3a22d04db1a6a25e3/med_1544759035_cartoons2.png","visible":true}],"communities":[{"id":14,"title":"Cartoons","permalink":"cartoons","subscriptions_count":10092974,"big_image_url":"https://coub-anubis-a.akamaized.net/coub_storage/category/cw_image/f8ede745da4/2e6c3a22d04db1a6a25e3/big_1544759035_cartoons2.png","small_image_url":"https://coub-anubis-a.akamaized.net/coub_storage/category/cw_image/f8ede745da4/2e6c3a22d04db1a6a25e3/small_1544759035_cartoons2.png","med_image_url":"https://coub-anubis-a.akamaized.net/coub_storage/category/cw_image/f8ede745da4/2e6c3a22d04db1a6a25e3/med_1544759035_cartoons2.png","i_subscribed":true,"community_notifications_enabled":null,"description":null}],"recoubs_count":1470,"remixes_count":6,"likes_count":7011,"dislikes_count":0,"raw_video_id":1795064,"uploaded_by_ios_app":false,"uploaded_by_android_app":false,"media_blocks":{"uploaded_raw_videos":[],"external_raw_videos":[{"id":12143243,"title":"Szörny Egyetem : A csiga lekési az órát. / Monsters University : The slug late from the lesson","url":"http://www.youtube.com/watch?v=8bZJraUmN5s","image":"https://coub-anubis-a.akamaized.net/coub_storage/media_block/cw_image/ab470d36bfa/a59ae6dda6219d7c373bd/1492538805_1445738928_8uyx09_att-url-download.jpg","image_retina":"https://coub-anubis-a.akamaized.net/coub_storage/media_block/cw_image/ab470d36bfa/a59ae6dda6219d7c373bd/1492538805_1445738928_8uyx09_att-url-download.jpg","meta":{"service":"Youtube","duration":"15.4"},"duration":15.4,"raw_video_id":1795064,"has_embed":true}],"remixed_from_coubs":[],"external_video":{"id":12143243,"title":"Szörny Egyetem : A csiga lekési az órát. / Monsters University : The slug late from the lesson","url":"http://www.youtube.com/watch?v=8bZJraUmN5s","image":"https://coub-anubis-a.akamaized.net/coub_storage/media_block/cw_image/ab470d36bfa/a59ae6dda6219d7c373bd/1492538805_1445738928_8uyx09_att-url-download.jpg","image_retina":"https://coub-anubis-a.akamaized.net/coub_storage/media_block/cw_image/ab470d36bfa/a59ae6dda6219d7c373bd/1492538805_1445738928_8uyx09_att-url-download.jpg","meta":{"service":"Youtube","duration":"15.4"},"duration":15.4,"raw_video_id":1795064,"has_embed":true}},"raw_video_thumbnail_url":"/missing/missing.png","raw_video_title":"Szörny Egyetem : A csiga lekési az órát. / Monsters University : The slug late from the lesson","video_block_banned":false,"duration":10.0,"promo_winner":false,"promo_winner_recoubers":null,"editorial_info":{},"promo_hint":null,"beeline_best_2014":null,"from_web_editor":true,"normalize_sound":false,"normalize_change_allowed":true,"best2015_addable":false,"ahmad_promo":null,"promo_data":null,"audio_copyright_claim":null,"ads_disabled":null,"is_safe_for_ads":true,"megafon_contents":[],"position_on_page":3},{"flag":null,"abuses":null,"recoubs_by_users_channels":null,"favourite":false,"promoted_id":null,"recoub":null,"like":null,"dislike":null,"reaction":null,"in_my_best2015":false,"id":95014755,"type":"Coub::Simple","permalink":"1k5v33","title":"EPIC Drift","visibility_type":"public","original_visibility_type":"public","channel_id":4996391,"created_at":"2018-12-19T23:09:33Z","updated_at":"2022-03-17T07:20:21Z","is_done":true,"views_count":532422,"cotd":null,"cotd_at":null,"visible_on_explore_root":false,"visible_on_explore":false,"featured":false,"published":true,"published_at":"2018-12-19T23:09:33Z","reversed":false,"from_editor_v2":true,"is_editable":true,"original_sound":true,"has_sound":true,"recoub_to":null,"file_versions":{"html5":{"video":{"higher":{"url":"https://coub-anubis-a.akamaized.net/coub_storage/coub/simple/cw_file/d1b61535a4c/288c0ff8e909cf1670261/muted_mp4_huge_size_1570397675_muted_huge.mp4","size":3655153},"high":{"url":"https://coub-anubis-a.akamaized.net/coub_storage/coub/simple/cw_file/d1b61535a4c/288c0ff8e909cf1670261/muted_mp4_big_size_1570397675_muted_big.mp4","size":2643500},"med":{"url":"https://coub-anubis-a.akamaized.net/coub_storage/coub/simple/cw_file/d1b61535a4c/288c0ff8e909cf1670261/muted_mp4_med_size_1570397675_muted_med.mp4","size":857351}},"audio":{"high":{"url":"https://coub-anubis-a.akamaized.net/coub_storage/coub/simple/cw_looped_audio_high/e4f4596d60d/04c85359196d8f6d7e734/1605662279_high_1545260984_high.mp3","size":1073462},"med":{"url":"https://coub-anubis-a.akamaized.net/coub_storage/coub/simple/cw_looped_audio_med/12b6eb1c87c/9f359237c91240a87acef/1605662278_med_1545260984_med.mp3","size":799076},"sample_duration":10.009}},"mobile":{"video":"https://coub-anubis-a.akamaized.net/coub_storage/coub/simple/cw_file/d1b61535a4c/288c0ff8e909cf1670261/muted_mp4_med_size_1570397675_muted_med.mp4","audio":["https://coub-anubis-a.akamaized.net/coub_storage/coub/simple/cw_looped_audio_med/12b6eb1c87c/9f359237c91240a87acef/1605662278_med_1545260984_med.mp3"]},"share":{"default":"https://coub-anubis-a.akamaized.net/coub_storage/coub/simple/cw_video_for_sharing/562f548abbf/fa0db3d600d3acfe2a6fe/1609270044_looped_1609270043.mp4"}},"audio_versions":{},"image_versions":{"template":"https://coub-anubis-a.akamaized.net/coub_storage/coub/simple/cw_image/2d3810005d7/bdfac2d28db9eb2654372/1545260992_00032.jpg","versions":["micro","tiny","age_restricted","ios_large","ios_mosaic","big","med","small","pinterest"]},"first_frame_versions":{"template":"https://coub-anubis-a.akamaized.net/coub_storage/coub/simple/cw_timeline_pic/39acc20749c/63f1cb1b7ff0d96357ba3/%{version}_1545260991_image.jpg","versions":["big","med","small","ios_large"]},"dimensions":{"big":[1280,720],"med":[640,360]},"site_w_h":[640,360],"page_w_h":[640,360],"site_w_h_small":[310,174],"size":[1280,720],"age_restricted":false,"age_restricted_by_admin":false,"not_safe_for_work":false,"allow_reuse":false,"dont_crop":false,"banned":false,"global_safe":true,"audio_file_url":null,"external_download":{"type":"Youtube","service_name":"YouTube","url":"https://m.youtube.com/watch?v=e-oRie1FgiE","has_embed":true},"application":null,"channel":{"id":4996391,"permalink":"lttroll0","title":"Lttroll","description":null,"followers_count":101,"following_count":75,"avatar_versions":{"template":"https://coub-anubis-a.akamaized.net/coub_storage/channel/cw_avatar/641586f6451/990bf0f7e86ac602d4492/%{version}_1607422352_hg391m_1542902754_b0i1a5_111492192098682956543.jpg","versions":["medium","medium_2x","profile_pic","profile_pic_new","profile_pic_new_2x","tiny","tiny_2x","small","small_2x","ios_large","ios_small"]}},"file":null,"picture":"https://coub-anubis-a.akamaized.net/coub_storage/coub/simple/cw_image/2d3810005d7/bdfac2d28db9eb2654372/1545260992_00032.jpg","timeline_picture":"https://coub-anubis-a.akamaized.net/coub_storage/coub/simple/cw_timeline_pic/39acc20749c/63f1cb1b7ff0d96357ba3/ios_large_1545260991_image.jpg","small_picture":"https://coub-anubis-a.akamaized.net/coub_storage/coub/simple/cw_image/2d3810005d7/bdfac2d28db9eb2654372/1545260992_00032.jpg","sharing_picture":null,"percent_done":100,"tags":[{"id":636,"title":"drift","value":"drift"},{"id":173,"title":"epic","value":"epic"},{"id":82313,"title":"tokyodrift","value":"tokyodrift"},{"id":86,"title":"music","value":"music"}],"categories":[{"id":14,"title":"Cartoons","permalink":"cartoons","subscriptions_count":10092974,"big_image_url":"https://coub-anubis-a.akamaized.net/coub_storage/category/cw_image/f8ede745da4/2e6c3a22d04db1a6a25e3/big_1544759035_cartoons2.png","small_image_url":"https://coub-anubis-a.akamaized.net/coub_storage/category/cw_image/f8ede745da4/2e6c3a22d04db1a6a25e3/small_1544759035_cartoons2.png","med_image_url":"https://coub-anubis-a.akamaized.net/coub_storage/category/cw_image/f8ede745da4/2e6c3a22d04db1a6a25e3/med_1544759035_cartoons2.png","visible":true}],"communities":[{"id":14,"title":"Cartoons","permalink":"cartoons","subscriptions_count":10092974,"big_image_url":"https://coub-anubis-a.akamaized.net/coub_storage/category/cw_image/f8ede745da4/2e6c3a22d04db1a6a25e3/big_1544759035_cartoons2.png","small_image_url":"https://coub-anubis-a.akamaized.net/coub_storage/category/cw_image/f8ede745da4/2e6c3a22d04db1a6a25e3/small_1544759035_cartoons2.png","med_image_url":"https://coub-anubis-a.akamaized.net/coub_storage/category/cw_image/f8ede745da4/2e6c3a22d04db1a6a25e3/med_1544759035_cartoons2.png","i_subscribed":true,"community_notifications_enabled":null,"description":null}],"recoubs_count":1399,"remixes_count":27,"likes_count":6944,"dislikes_count":0,"raw_video_id":12893373,"uploaded_by_ios_app":false,"uploaded_by_android_app":true,"media_blocks":{"uploaded_raw_videos":[],"external_raw_videos":[{"id":29625974,"title":"Tokyo Drift Express but with sound effects","url":"https://www.youtube.com/watch?v=e-oRie1FgiE","image":"https://coub-anubis-a.akamaized.net/coub_storage/media_block/cw_image/fd24f062641/989f75571783075fb47f5/1545260536_jmz4z2_1545260523_1f59w20_att-url-download.jpg","image_retina":"https://coub-anubis-a.akamaized.net/coub_storage/media_block/cw_image/fd24f062641/989f75571783075fb47f5/1545260536_jmz4z2_1545260523_1f59w20_att-url-download.jpg","meta":{"service":"Youtube","duration":"32.96"},"duration":32.96,"raw_video_id":12893373,"has_embed":true}],"remixed_from_coubs":[],"external_video":{"id":29625974,"title":"Tokyo Drift Express but with sound effects","url":"https://www.youtube.com/watch?v=e-oRie1FgiE","image":"https://coub-anubis-a.akamaized.net/coub_storage/media_block/cw_image/fd24f062641/989f75571783075fb47f5/1545260536_jmz4z2_1545260523_1f59w20_att-url-download.jpg","image_retina":"https://coub-anubis-a.akamaized.net/coub_storage/media_block/cw_image/fd24f062641/989f75571783075fb47f5/1545260536_jmz4z2_1545260523_1f59w20_att-url-download.jpg","meta":{"service":"Youtube","duration":"32.96"},"duration":32.96,"raw_video_id":12893373,"has_embed":true}},"raw_video_thumbnail_url":"/missing/missing.png","raw_video_title":"Tokyo Drift Express but with sound effects","video_block_banned":false,"duration":10.0,"promo_winner":false,"promo_winner_recoubers":null,"editorial_info":{},"promo_hint":null,"beeline_best_2014":null,"from_web_editor":false,"normalize_sound":true,"normalize_change_allowed":true,"best2015_addable":false,"ahmad_promo":null,"promo_data":null,"audio_copyright_claim":null,"ads_disabled":false,"is_safe_for_ads":true,"megafon_contents":[],"position_on_page":4},{"flag":null,"abuses":null,"recoubs_by_users_channels":null,"favourite":false,"promoted_id":null,"recoub":null,"like":null,"dislike":null,"reaction":null,"in_my_best2015":false,"id":9946607,"type":"Coub::Simple","permalink":"5h1i7","title":"doh doh doh doh","visibility_type":"public","original_visibility_type":"public","channel_id":291370,"created_at":"2015-03-17T10:41:39Z","updated_at":"2022-03-16T19:52:05Z","is_done":true,"views_count":1284899,"cotd":null,"cotd_at":null,"visible_on_explore_root":true,"visible_on_explore":true,"featured":true,"published":true,"published_at":"2015-03-17T10:41:39Z","reversed":false,"from_editor_v2":true,"is_editable":true,"original_sound":false,"has_sound":false,"recoub_to":null,"file_versions":{"html5":{"video":{"higher":{"url":"https://coub-anubis-a.akamaized.net/coub_storage/coub/simple/cw_file/66148330d08/f8fb5d16fbd7d9d86d5fd/muted_mp4_huge_size_1567758934_muted_huge.mp4","size":1379836},"high":{"url":"https://coub-anubis-a.akamaized.net/coub_storage/coub/simple/cw_file/66148330d08/f8fb5d16fbd7d9d86d5fd/muted_mp4_big_size_1567758934_muted_big.mp4","size":1008215},"med":{"url":"https://coub-anubis-a.akamaized.net/coub_storage/coub/simple/cw_file/66148330d08/f8fb5d16fbd7d9d86d5fd/muted_mp4_med_size_1567758934_muted_med.mp4","size":421049}},"audio":{"high":{"url":"https://coub-anubis-a.akamaized.net/coub_storage/coub/simple/cw_looped_audio_high/d6a6acdf0a8/5a2adde590e6a0c3e60fc/1605445177_high_1445949568_high.mp3","size":2765426},"med":{"url":"https://coub-anubis-a.akamaized.net/coub_storage/coub/simple/cw_looped_audio_med/f66035357d3/c5dd9cda30bbda1aa6e28/1605445176_med_1445949568_med.mp3","size":1843617}}},"mobile":{"video":"https://coub-anubis-a.akamaized.net/coub_storage/coub/simple/cw_file/66148330d08/f8fb5d16fbd7d9d86d5fd/muted_mp4_med_size_1567758934_muted_med.mp4","audio":["https://coub-anubis-a.akamaized.net/coub_storage/coub/simple/cw_looped_audio_med/f66035357d3/c5dd9cda30bbda1aa6e28/1605445176_med_1445949568_med.mp3"]},"share":{"default":"https://coub-anubis-a.akamaized.net/coub_storage/coub/simple/cw_video_for_sharing/9ef75d79f9d/5dac65bc637ef97e7abd1/1609403259_looped_1609403258.mp4"}},"audio_versions":{"template":"https://coub-anubis-a.akamaized.net/coub_storage/audio_track/cw_normalized_copy/edcad17b288/511ed9280d6fcb90713b9/mid_1488947188_1yuys6o_normalized_1471117508_audio.mp3","versions":["mid","low"]},"image_versions":{"template":"https://coub-anubis-a.akamaized.net/coub_storage/coub/simple/cw_image/c8ef9632292/2e8d906094d55d1980bb5/1426588959_00013.jpg","versions":["micro","tiny","age_restricted","ios_large","ios_mosaic","big","med","small","pinterest"]},"first_frame_versions":{"template":"https://coub-anubis-a.akamaized.net/coub_storage/coub/simple/cw_timeline_pic/c8ef9632292/2e8d906094d55d1980bb5/1426588959_image.jpg","versions":["big","med","small","ios_large"]},"dimensions":{"big":[1280,960],"med":[640,480]},"site_w_h":[640,480],"page_w_h":[640,480],"site_w_h_small":[310,233],"size":[1280,960],"age_restricted":false,"age_restricted_by_admin":false,"not_safe_for_work":false,"allow_reuse":false,"dont_crop":false,"banned":false,"global_safe":true,"audio_file_url":"https://coub-anubis-a.akamaized.net/coub_storage/audio_track/cw_normalized_copy/edcad17b288/511ed9280d6fcb90713b9/low_1488947188_1yuys6o_normalized_1471117508_audio.mp3","external_download":{"type":"Youtube","service_name":"YouTube","url":"http://www.youtube.com/watch?v=0mwcKalkU6s","has_embed":true},"application":null,"channel":{"id":291370,"permalink":"2x2tv.ru","title":"Telekanal 2X2","description":"мы сделали свой коуб-канал, с блэкджеком и мы сделали свой коуб-канал, с блэкджеком и мы сделали свой коуб-канал, с блэкджеком и","followers_count":63137,"following_count":96,"avatar_versions":{"template":"https://coub-anubis-a.akamaized.net/coub_storage/channel/cw_avatar/94ecbb54c9b/80804463f8c710394f8ba/%{version}_1629110701_new2x2_logo111.png","versions":["medium","medium_2x","profile_pic","profile_pic_new","profile_pic_new_2x","tiny","tiny_2x","small","small_2x","ios_large","ios_small"]}},"file":null,"picture":"https://coub-anubis-a.akamaized.net/coub_storage/coub/simple/cw_image/c8ef9632292/2e8d906094d55d1980bb5/1426588959_00013.jpg","timeline_picture":"https://coub-anubis-a.akamaized.net/coub_storage/coub/simple/cw_timeline_pic/c8ef9632292/2e8d906094d55d1980bb5/1426588959_image.jpg","small_picture":"https://coub-anubis-a.akamaized.net/coub_storage/coub/simple/cw_image/c8ef9632292/2e8d906094d55d1980bb5/1426588959_00013.jpg","sharing_picture":null,"percent_done":100,"tags":[{"id":158054,"title":"whiplash","value":"whiplash"},{"id":3819,"title":"homer simpson","value":"homer%20simpson"},{"id":38296,"title":"doh","value":"doh"},{"id":230060,"title":"2x2tv","value":"2x2tv"},{"id":8304,"title":"2x2","value":"2x2"},{"id":484,"title":"simpsons","value":"simpsons"},{"id":1727,"title":"the simpsons","value":"the%20simpsons"}],"categories":[{"id":8,"title":"Music","permalink":"music","subscriptions_count":10097486,"big_image_url":"https://coub-anubis-a.akamaized.net/coub_storage/category/cw_image/0327247c5ff/85914bdd8e1edc998c480/big_1544760089_Music3.png","small_image_url":"https://coub-anubis-a.akamaized.net/coub_storage/category/cw_image/0327247c5ff/85914bdd8e1edc998c480/small_1544760089_Music3.png","med_image_url":"https://coub-anubis-a.akamaized.net/coub_storage/category/cw_image/0327247c5ff/85914bdd8e1edc998c480/med_1544760089_Music3.png","visible":true},{"id":14,"title":"Cartoons","permalink":"cartoons","subscriptions_count":10092974,"big_image_url":"https://coub-anubis-a.akamaized.net/coub_storage/category/cw_image/f8ede745da4/2e6c3a22d04db1a6a25e3/big_1544759035_cartoons2.png","small_image_url":"https://coub-anubis-a.akamaized.net/coub_storage/category/cw_image/f8ede745da4/2e6c3a22d04db1a6a25e3/small_1544759035_cartoons2.png","med_image_url":"https://coub-anubis-a.akamaized.net/coub_storage/category/cw_image/f8ede745da4/2e6c3a22d04db1a6a25e3/med_1544759035_cartoons2.png","visible":true}],"communities":[{"id":8,"title":"Music","permalink":"music","subscriptions_count":10097486,"big_image_url":"https://coub-anubis-a.akamaized.net/coub_storage/category/cw_image/0327247c5ff/85914bdd8e1edc998c480/big_1544760089_Music3.png","small_image_url":"https://coub-anubis-a.akamaized.net/coub_storage/category/cw_image/0327247c5ff/85914bdd8e1edc998c480/small_1544760089_Music3.png","med_image_url":"https://coub-anubis-a.akamaized.net/coub_storage/category/cw_image/0327247c5ff/85914bdd8e1edc998c480/med_1544760089_Music3.png","i_subscribed":true,"community_notifications_enabled":null,"description":null},{"id":14,"title":"Cartoons","permalink":"cartoons","subscriptions_count":10092974,"big_image_url":"https://coub-anubis-a.akamaized.net/coub_storage/category/cw_image/f8ede745da4/2e6c3a22d04db1a6a25e3/big_1544759035_cartoons2.png","small_image_url":"https://coub-anubis-a.akamaized.net/coub_storage/category/cw_image/f8ede745da4/2e6c3a22d04db1a6a25e3/small_1544759035_cartoons2.png","med_image_url":"https://coub-anubis-a.akamaized.net/coub_storage/category/cw_image/f8ede745da4/2e6c3a22d04db1a6a25e3/med_1544759035_cartoons2.png","i_subscribed":true,"community_notifications_enabled":null,"description":null}],"recoubs_count":1702,"remixes_count":1,"likes_count":6939,"dislikes_count":0,"raw_video_id":1198877,"uploaded_by_ios_app":false,"uploaded_by_android_app":false,"media_blocks":{"uploaded_raw_videos":[],"external_raw_videos":[],"remixed_from_coubs":[],"audio_track":{"id":19543102,"title":"Unknown","url":null,"image":null,"image_retina":null,"meta":{"year":"0","album":null,"title":"Unknown","artist":null,"echonest_id":null},"duration":null,"amazon_url":null,"google_play_url":null,"bandcamp_url":null,"soundcloud_url":null,"track_name":null,"track_artist":null,"track_album":null,"itunes_url":null}},"raw_video_thumbnail_url":"/missing/missing.png","raw_video_title":"doh_drums.mov","video_block_banned":false,"duration":3.84,"promo_winner":false,"promo_winner_recoubers":null,"editorial_info":{},"promo_hint":null,"beeline_best_2014":null,"from_web_editor":true,"normalize_sound":true,"normalize_change_allowed":true,"best2015_addable":false,"ahmad_promo":null,"promo_data":null,"audio_copyright_claim":null,"ads_disabled":null,"is_safe_for_ads":true,"megafon_contents":[],"position_on_page":5},{"flag":null,"abuses":null,"recoubs_by_users_channels":null,"favourite":false,"promoted_id":null,"recoub":null,"like":null,"dislike":null,"reaction":null,"in_my_best2015":false,"id":15030811,"type":"Coub::Simple","permalink":"8i0j9","title":"EVERYTHING HURTS!","visibility_type":"public","original_visibility_type":"public","channel_id":1162788,"created_at":"2015-10-08T10:02:28Z","updated_at":"2022-03-16T15:51:41Z","is_done":true,"views_count":277715,"cotd":true,"cotd_at":"2015-10-09","visible_on_explore_root":true,"visible_on_explore":true,"featured":true,"published":true,"published_at":"2015-10-08T10:02:28Z","reversed":false,"from_editor_v2":true,"is_editable":true,"original_sound":false,"has_sound":false,"recoub_to":null,"file_versions":{"html5":{"video":{"higher":{"url":"https://coub-anubis-a.akamaized.net/coub_storage/coub/simple/cw_file/86d3eaf894f/fa92c36aee8d460f86c74/muted_mp4_huge_size_1567811118_muted_huge.mp4","size":2131889},"high":{"url":"https://coub-anubis-a.akamaized.net/coub_storage/coub/simple/cw_file/86d3eaf894f/fa92c36aee8d460f86c74/muted_mp4_big_size_1567811118_muted_big.mp4","size":1468788},"med":{"url":"https://coub-anubis-a.akamaized.net/coub_storage/coub/simple/cw_file/86d3eaf894f/fa92c36aee8d460f86c74/muted_mp4_med_size_1567811118_muted_med.mp4","size":422199}},"audio":{"high":{"url":"https://coub-anubis-a.akamaized.net/coub_storage/coub/simple/cw_looped_audio_high/4b4bf01f4fc/bd73657547186113955eb/1605461550_high_1444914461_high.mp3","size":1203721},"med":{"url":"https://coub-anubis-a.akamaized.net/coub_storage/coub/simple/cw_looped_audio_med/c9faa1c9f69/fad837fb1636168b2d69d/1605461549_med_1444914461_med.mp3","size":802480}}},"mobile":{"video":"https://coub-anubis-a.akamaized.net/coub_storage/coub/simple/cw_file/86d3eaf894f/fa92c36aee8d460f86c74/muted_mp4_med_size_1567811118_muted_med.mp4","audio":["https://coub-anubis-a.akamaized.net/coub_storage/coub/simple/cw_looped_audio_med/c9faa1c9f69/fad837fb1636168b2d69d/1605461549_med_1444914461_med.mp3"]},"share":{"default":"https://coub-anubis-a.akamaized.net/coub_storage/coub/simple/cw_video_for_sharing/708b6db5e0e/3ab4c53b2c4232620189e/1608349537_looped_1608349536.mp4"}},"audio_versions":{"template":"https://coub-anubis-a.akamaized.net/coub_storage/audio_track/cw_normalized_copy/eae8b8d821d/573360da4b7261117d00f/mid_1471250981_60dy32_normalized_1444298915_audio.mp3","versions":["mid","low"]},"image_versions":{"template":"https://coub-anubis-a.akamaized.net/coub_storage/coub/simple/cw_image/52155bbef90/1d047624dc3cbee79435e/1444420223_00032.jpg","versions":["micro","tiny","age_restricted","ios_large","ios_mosaic","big","med","small","pinterest"]},"first_frame_versions":{"template":"https://coub-anubis-a.akamaized.net/coub_storage/coub/simple/cw_timeline_pic/fe04be04285/6a152b94e2d4f95d699f2/%{version}_1444420222_image.jpg","versions":["big","med","small","ios_large"]},"dimensions":{"big":[1280,720],"med":[640,360]},"site_w_h":[640,360],"page_w_h":[640,360],"site_w_h_small":[310,174],"size":[1280,720],"age_restricted":false,"age_restricted_by_admin":false,"not_safe_for_work":false,"allow_reuse":false,"dont_crop":false,"banned":false,"global_safe":true,"audio_file_url":"https://coub-anubis-a.akamaized.net/coub_storage/audio_track/cw_normalized_copy/eae8b8d821d/573360da4b7261117d00f/low_1471250981_60dy32_normalized_1444298915_audio.mp3","external_download":false,"application":null,"channel":{"id":1162788,"permalink":"cotcosmonavt","title":"𝗖𝗼𝘁 𝗖𝗼𝘀𝗺𝗼𝗻𝗮𝘂𝘁","description":"𝘐𝘯𝘤𝘰𝘯𝘴𝘪𝘴𝘵𝘦𝘯𝘵. 𝘖𝘥𝘥. 𝘉𝘢𝘳𝘦𝘭𝘺 𝘧𝘶𝘯𝘯𝘺.","followers_count":7920,"following_count":1,"avatar_versions":{"template":"https://coub-anubis-a.akamaized.net/coub_storage/channel/cw_avatar/33bd3fb4778/cf1f7cfc98a9a758401b0/%{version}_1607432505_17sdwca_1474645315_dssoj1_att-url-download.gif","versions":["medium","medium_2x","profile_pic","profile_pic_new","profile_pic_new_2x","tiny","tiny_2x","small","small_2x","ios_large","ios_small"]}},"file":null,"picture":"https://coub-anubis-a.akamaized.net/coub_storage/coub/simple/cw_image/52155bbef90/1d047624dc3cbee79435e/1444420223_00032.jpg","timeline_picture":"https://coub-anubis-a.akamaized.net/coub_storage/coub/simple/cw_timeline_pic/fe04be04285/6a152b94e2d4f95d699f2/ios_large_1444420222_image.jpg","small_picture":"https://coub-anubis-a.akamaized.net/coub_storage/coub/simple/cw_image/52155bbef90/1d047624dc3cbee79435e/1444420223_00032.jpg","sharing_picture":null,"percent_done":100,"tags":[{"id":685088,"title":"утро добрым не бывает","value":"%D1%83%D1%82%D1%80%D0%BE%20%D0%B4%D0%BE%D0%B1%D1%80%D1%8B%D0%BC%20%D0%BD%D0%B5%20%D0%B1%D1%8B%D0%B2%D0%B0%D0%B5%D1%82"},{"id":1125195,"title":"aaaaaaaaaaaaaaaaaaaaaaaaaaaa","value":"aaaaaaaaaaaaaaaaaaaaaaaaaaaa"},{"id":5285182,"title":"що такое","value":"%D1%89%D0%BE%20%D1%82%D0%B0%D0%BA%D0%BE%D0%B5"}],"categories":[{"id":14,"title":"Cartoons","permalink":"cartoons","subscriptions_count":10092974,"big_image_url":"https://coub-anubis-a.akamaized.net/coub_storage/category/cw_image/f8ede745da4/2e6c3a22d04db1a6a25e3/big_1544759035_cartoons2.png","small_image_url":"https://coub-anubis-a.akamaized.net/coub_storage/category/cw_image/f8ede745da4/2e6c3a22d04db1a6a25e3/small_1544759035_cartoons2.png","med_image_url":"https://coub-anubis-a.akamaized.net/coub_storage/category/cw_image/f8ede745da4/2e6c3a22d04db1a6a25e3/med_1544759035_cartoons2.png","visible":true}],"communities":[{"id":14,"title":"Cartoons","permalink":"cartoons","subscriptions_count":10092974,"big_image_url":"https://coub-anubis-a.akamaized.net/coub_storage/category/cw_image/f8ede745da4/2e6c3a22d04db1a6a25e3/big_1544759035_cartoons2.png","small_image_url":"https://coub-anubis-a.akamaized.net/coub_storage/category/cw_image/f8ede745da4/2e6c3a22d04db1a6a25e3/small_1544759035_cartoons2.png","med_image_url":"https://coub-anubis-a.akamaized.net/coub_storage/category/cw_image/f8ede745da4/2e6c3a22d04db1a6a25e3/med_1544759035_cartoons2.png","i_subscribed":true,"community_notifications_enabled":null,"description":null}],"recoubs_count":1920,"remixes_count":6,"likes_count":6918,"dislikes_count":0,"raw_video_id":1742966,"uploaded_by_ios_app":false,"uploaded_by_android_app":false,"media_blocks":{"uploaded_raw_videos":[],"external_raw_videos":[],"remixed_from_coubs":[]},"raw_video_thumbnail_url":"/missing/missing.png","raw_video_title":"The_Circle_of_Life.mp4","video_block_banned":false,"duration":10.0,"promo_winner":false,"promo_winner_recoubers":null,"editorial_info":{},"promo_hint":null,"beeline_best_2014":null,"from_web_editor":true,"normalize_sound":true,"normalize_change_allowed":true,"best2015_addable":false,"ahmad_promo":null,"promo_data":null,"audio_copyright_claim":null,"ads_disabled":null,"is_safe_for_ads":true,"megafon_contents":[],"position_on_page":6},{"flag":null,"abuses":null,"recoubs_by_users_channels":null,"favourite":false,"promoted_id":null,"recoub":null,"like":null,"dislike":null,"reaction":null,"in_my_best2015":false,"id":98427741,"type":"Coub::Simple","permalink":"1m70kz","title":"Le Royaume - Animation Short Film 2010 - GOBELINS","visibility_type":"public","original_visibility_type":"public","channel_id":2829500,"created_at":"2019-01-17T21:26:13Z","updated_at":"2022-03-18T05:11:52Z","is_done":true,"views_count":429778,"cotd":null,"cotd_at":null,"visible_on_explore_root":false,"visible_on_explore":false,"featured":false,"published":true,"published_at":"2019-01-17T21:26:13Z","reversed":false,"from_editor_v2":true,"is_editable":true,"original_sound":false,"has_sound":false,"recoub_to":null,"file_versions":{"html5":{"video":{"higher":{"url":"https://coub-anubis-a.akamaized.net/coub_storage/coub/simple/cw_file/3e836655cb8/4cfef3c0fe16ef7824b92/muted_mp4_huge_size_1569088055_muted_huge.mp4","size":1493247},"high":{"url":"https://coub-anubis-a.akamaized.net/coub_storage/coub/simple/cw_file/3e836655cb8/4cfef3c0fe16ef7824b92/muted_mp4_big_size_1569088055_muted_big.mp4","size":1102216},"med":{"url":"https://coub-anubis-a.akamaized.net/coub_storage/coub/simple/cw_file/3e836655cb8/4cfef3c0fe16ef7824b92/muted_mp4_med_size_1569088055_muted_med.mp4","size":439061}},"audio":{"high":{"url":"https://coub-anubis-a.akamaized.net/coub_storage/coub/simple/cw_looped_audio_high/ab9159b01a2/c6e387527474375bd0990/1605667432_high_1547760465_high.mp3","size":4308642},"med":{"url":"https://coub-anubis-a.akamaized.net/coub_storage/coub/simple/cw_looped_audio_med/5eb2cb0a0fe/0de6ad6ad71c6980a39b1/1605667431_med_1547760465_med.mp3","size":3209538}}},"mobile":{"video":"https://coub-anubis-a.akamaized.net/coub_storage/coub/simple/cw_file/3e836655cb8/4cfef3c0fe16ef7824b92/muted_mp4_med_size_1569088055_muted_med.mp4","audio":["https://coub-anubis-a.akamaized.net/coub_storage/coub/simple/cw_looped_audio_med/5eb2cb0a0fe/0de6ad6ad71c6980a39b1/1605667431_med_1547760465_med.mp3"]},"share":{"default":"https://coub-anubis-a.akamaized.net/coub_storage/coub/simple/cw_video_for_sharing/9ae3c51a3be/1e7af0113b588a2c059b5/1608409978_looped_1608409976.mp4"}},"audio_versions":{"template":"https://coub-anubis-a.akamaized.net/coub_storage/audio_track/cw_normalized_copy/5ff188c1ab0/efd2c16e6bc5a292b3472/mid_1547760451_normalized_1547760425_t3gbn9_edited.mp3","versions":["mid","low"]},"image_versions":{"template":"https://coub-anubis-a.akamaized.net/coub_storage/coub/simple/cw_image/1c5f03dc0cc/27b887cea3492ccd7c578/1547760480_00032.jpg","versions":["micro","tiny","age_restricted","ios_large","ios_mosaic","big","med","small","pinterest"]},"first_frame_versions":{"template":"https://coub-anubis-a.akamaized.net/coub_storage/coub/simple/cw_timeline_pic/926067c283c/b90803c6e2202d549c093/%{version}_1547760479_image.jpg","versions":["big","med","small","ios_large"]},"dimensions":{"big":[1280,720],"med":[640,360]},"site_w_h":[640,360],"page_w_h":[640,360],"site_w_h_small":[310,174],"size":[1280,720],"age_restricted":false,"age_restricted_by_admin":false,"not_safe_for_work":false,"allow_reuse":false,"dont_crop":false,"banned":false,"global_safe":true,"audio_file_url":"https://coub-anubis-a.akamaized.net/coub_storage/audio_track/cw_normalized_copy/5ff188c1ab0/efd2c16e6bc5a292b3472/low_1547760451_normalized_1547760425_t3gbn9_edited.mp3","external_download":{"type":"Youtube","service_name":"YouTube","url":"https://www.youtube.com/watch?v=y6ZmMjMdrqs","has_embed":true},"application":null,"channel":{"id":2829500,"permalink":"zebobr00","title":"Zebobr","description":null,"followers_count":99,"following_count":0,"avatar_versions":{"template":"https://coub-anubis-a.akamaized.net/coub_storage/channel/cw_avatar/69e6d514044/52d663dd081da7db32442/%{version}_1607428964_1h8npvp_1531773801_5973c726d2e6282.jpg","versions":["medium","medium_2x","profile_pic","profile_pic_new","profile_pic_new_2x","tiny","tiny_2x","small","small_2x","ios_large","ios_small"]}},"file":null,"picture":"https://coub-anubis-a.akamaized.net/coub_storage/coub/simple/cw_image/1c5f03dc0cc/27b887cea3492ccd7c578/1547760480_00032.jpg","timeline_picture":"https://coub-anubis-a.akamaized.net/coub_storage/coub/simple/cw_timeline_pic/926067c283c/b90803c6e2202d549c093/ios_large_1547760479_image.jpg","small_picture":"https://coub-anubis-a.akamaized.net/coub_storage/coub/simple/cw_image/1c5f03dc0cc/27b887cea3492ccd7c578/1547760480_00032.jpg","sharing_picture":null,"percent_done":100,"tags":[{"id":9118,"title":"short film","value":"short%20film"},{"id":184148,"title":"film d'animation","value":"film%20d'animation"},{"id":208,"title":"cartoon","value":"cartoon"},{"id":1101888,"title":"école des gobelins","value":"%C3%A9cole%20des%20gobelins"},{"id":1101890,"title":"école image","value":"%C3%A9cole%20image"},{"id":145665,"title":"short movie","value":"short%20movie"},{"id":15563,"title":"films","value":"films"},{"id":14619,"title":"gobelins","value":"gobelins"},{"id":154,"title":"movie","value":"movie"},{"id":1558,"title":"film","value":"film"},{"id":303836,"title":"court-métrage","value":"court-m%C3%A9trage"},{"id":424,"title":"animation","value":"animation"}],"categories":[{"id":14,"title":"Cartoons","permalink":"cartoons","subscriptions_count":10092974,"big_image_url":"https://coub-anubis-a.akamaized.net/coub_storage/category/cw_image/f8ede745da4/2e6c3a22d04db1a6a25e3/big_1544759035_cartoons2.png","small_image_url":"https://coub-anubis-a.akamaized.net/coub_storage/category/cw_image/f8ede745da4/2e6c3a22d04db1a6a25e3/small_1544759035_cartoons2.png","med_image_url":"https://coub-anubis-a.akamaized.net/coub_storage/category/cw_image/f8ede745da4/2e6c3a22d04db1a6a25e3/med_1544759035_cartoons2.png","visible":true}],"communities":[{"id":14,"title":"Cartoons","permalink":"cartoons","subscriptions_count":10092974,"big_image_url":"https://coub-anubis-a.akamaized.net/coub_storage/category/cw_image/f8ede745da4/2e6c3a22d04db1a6a25e3/big_1544759035_cartoons2.png","small_image_url":"https://coub-anubis-a.akamaized.net/coub_storage/category/cw_image/f8ede745da4/2e6c3a22d04db1a6a25e3/small_1544759035_cartoons2.png","med_image_url":"https://coub-anubis-a.akamaized.net/coub_storage/category/cw_image/f8ede745da4/2e6c3a22d04db1a6a25e3/med_1544759035_cartoons2.png","i_subscribed":true,"community_notifications_enabled":null,"description":null}],"recoubs_count":1360,"remixes_count":14,"likes_count":6907,"dislikes_count":0,"raw_video_id":13058118,"uploaded_by_ios_app":false,"uploaded_by_android_app":false,"media_blocks":{"uploaded_raw_videos":[],"external_raw_videos":[{"id":30069470,"title":"Le Royaume - Animation Short Film 2010 - GOBELINS","url":"https://www.youtube.com/watch?v=y6ZmMjMdrqs","image":"https://coub-anubis-a.akamaized.net/coub_storage/media_block/cw_image/90323c7f8c3/d75e7d161ac5cb5c7e237/1547760044_qn0m4g_1547759976_1adljuc_att-url-download.jpg","image_retina":"https://coub-anubis-a.akamaized.net/coub_storage/media_block/cw_image/90323c7f8c3/d75e7d161ac5cb5c7e237/1547760044_qn0m4g_1547759976_1adljuc_att-url-download.jpg","meta":{"service":"Youtube","duration":"248.08"},"duration":248.08,"raw_video_id":13058118,"has_embed":true}],"remixed_from_coubs":[],"external_video":{"id":30069470,"title":"Le Royaume - Animation Short Film 2010 - GOBELINS","url":"https://www.youtube.com/watch?v=y6ZmMjMdrqs","image":"https://coub-anubis-a.akamaized.net/coub_storage/media_block/cw_image/90323c7f8c3/d75e7d161ac5cb5c7e237/1547760044_qn0m4g_1547759976_1adljuc_att-url-download.jpg","image_retina":"https://coub-anubis-a.akamaized.net/coub_storage/media_block/cw_image/90323c7f8c3/d75e7d161ac5cb5c7e237/1547760044_qn0m4g_1547759976_1adljuc_att-url-download.jpg","meta":{"service":"Youtube","duration":"248.08"},"duration":248.08,"raw_video_id":13058118,"has_embed":true}},"raw_video_thumbnail_url":"/missing/missing.png","raw_video_title":"Le Royaume - Animation Short Film 2010 - GOBELINS","video_block_banned":false,"duration":10.0,"promo_winner":false,"promo_winner_recoubers":null,"editorial_info":{},"promo_hint":null,"beeline_best_2014":null,"from_web_editor":true,"normalize_sound":true,"normalize_change_allowed":true,"best2015_addable":false,"ahmad_promo":null,"promo_data":null,"audio_copyright_claim":null,"ads_disabled":false,"is_safe_for_ads":true,"megafon_contents":[],"position_on_page":7},{"flag":null,"abuses":null,"recoubs_by_users_channels":null,"favourite":false,"promoted_id":null,"recoub":null,"like":null,"dislike":null,"reaction":null,"in_my_best2015":false,"id":130620428,"type":"Coub::Simple","permalink":"25eb3u","title":"Just improvise :)","visibility_type":"public","original_visibility_type":"public","channel_id":2880356,"created_at":"2019-12-01T19:40:36Z","updated_at":"2022-03-18T06:06:50Z","is_done":true,"views_count":317445,"cotd":null,"cotd_at":null,"visible_on_explore_root":false,"visible_on_explore":false,"featured":false,"published":true,"published_at":"2019-12-01T19:40:35Z","reversed":false,"from_editor_v2":true,"is_editable":true,"original_sound":true,"has_sound":true,"recoub_to":null,"file_versions":{"html5":{"video":{"higher":{"url":"https://coub-anubis-a.akamaized.net/coub_storage/coub/simple/cw_file/94ac53db1f4/4d60efd91bd39a854ce78/muted_mp4_huge_size_1577124670_muted_huge.mp4","size":2940129},"high":{"url":"https://coub-anubis-a.akamaized.net/coub_storage/coub/simple/cw_file/94ac53db1f4/4d60efd91bd39a854ce78/muted_mp4_big_size_1577124670_muted_big.mp4","size":2074136},"med":{"url":"https://coub-anubis-a.akamaized.net/coub_storage/coub/simple/cw_file/94ac53db1f4/4d60efd91bd39a854ce78/muted_mp4_med_size_1577124670_muted_med.mp4","size":662573}},"audio":{"high":{"url":"https://coub-anubis-a.akamaized.net/coub_storage/coub/simple/cw_looped_audio_high/4ec2b67c8aa/ebfd5f1e573e4b2a5bbd7/1605699183_high_1577124670_high.mp3","size":1234794},"med":{"url":"https://coub-anubis-a.akamaized.net/coub_storage/coub/simple/cw_looped_audio_med/1e6c5284300/8e9d176a685916e0ff6a5/1605699183_med_1577124670_med.mp3","size":955454},"sample_duration":9.985}},"mobile":{"video":"https://coub-anubis-a.akamaized.net/coub_storage/coub/simple/cw_file/94ac53db1f4/4d60efd91bd39a854ce78/muted_mp4_med_size_1577124670_muted_med.mp4","audio":["https://coub-anubis-a.akamaized.net/coub_storage/coub/simple/cw_looped_audio_med/1e6c5284300/8e9d176a685916e0ff6a5/1605699183_med_1577124670_med.mp3"]},"share":{"default":"https://coub-anubis-a.akamaized.net/coub_storage/coub/simple/cw_video_for_sharing/51a60bf5623/2d31ddf1f8f404116a28f/1609679322_looped_1609679320.mp4"}},"audio_versions":{},"image_versions":{"template":"https://coub-anubis-a.akamaized.net/coub_storage/coub/simple/cw_image/3306af4a9a5/d063259b5a66f39a2d06f/1577124680_00032.jpg","versions":["micro","tiny","age_restricted","ios_large","ios_mosaic","big","med","small","pinterest"]},"first_frame_versions":{"template":"https://coub-anubis-a.akamaized.net/coub_storage/coub/simple/cw_timeline_pic/cca731fc3c2/c6e57234b3a78f0f6f738/%{version}_1577124680_image.jpg","versions":["big","med","small","ios_large"]},"dimensions":{"big":[1280,720],"med":[640,360]},"site_w_h":[640,360],"page_w_h":[640,360],"site_w_h_small":[310,174],"size":[1280,720],"age_restricted":false,"age_restricted_by_admin":false,"not_safe_for_work":false,"allow_reuse":false,"dont_crop":false,"banned":false,"global_safe":false,"audio_file_url":null,"external_download":false,"application":null,"channel":{"id":2880356,"permalink":"shigitari","title":"ShigiTari","description":"OtakuLive","followers_count":200,"following_count":38,"avatar_versions":{"template":"https://coub-anubis-a.akamaized.net/coub_storage/channel/cw_avatar/ec6d11f63ec/635120d80979fa71429e1/%{version}_1607601634_1ghmb46_1546495473_____________.png","versions":["medium","medium_2x","profile_pic","profile_pic_new","profile_pic_new_2x","tiny","tiny_2x","small","small_2x","ios_large","ios_small"]}},"file":null,"picture":"https://coub-anubis-a.akamaized.net/coub_storage/coub/simple/cw_image/3306af4a9a5/d063259b5a66f39a2d06f/1577124680_00032.jpg","timeline_picture":"https://coub-anubis-a.akamaized.net/coub_storage/coub/simple/cw_timeline_pic/cca731fc3c2/c6e57234b3a78f0f6f738/ios_large_1577124680_image.jpg","small_picture":"https://coub-anubis-a.akamaized.net/coub_storage/coub/simple/cw_image/3306af4a9a5/d063259b5a66f39a2d06f/1577124680_00032.jpg","sharing_picture":null,"percent_done":100,"tags":[{"id":624778,"title":"improvise","value":"improvise"},{"id":1773,"title":"seven nation army","value":"seven%20nation%20army"},{"id":2009,"title":"battlefield","value":"battlefield"},{"id":47212,"title":"mongrels","value":"mongrels"}],"categories":[{"id":14,"title":"Cartoons","permalink":"cartoons","subscriptions_count":10092974,"big_image_url":"https://coub-anubis-a.akamaized.net/coub_storage/category/cw_image/f8ede745da4/2e6c3a22d04db1a6a25e3/big_1544759035_cartoons2.png","small_image_url":"https://coub-anubis-a.akamaized.net/coub_storage/category/cw_image/f8ede745da4/2e6c3a22d04db1a6a25e3/small_1544759035_cartoons2.png","med_image_url":"https://coub-anubis-a.akamaized.net/coub_storage/category/cw_image/f8ede745da4/2e6c3a22d04db1a6a25e3/med_1544759035_cartoons2.png","visible":true}],"communities":[{"id":14,"title":"Cartoons","permalink":"cartoons","subscriptions_count":10092974,"big_image_url":"https://coub-anubis-a.akamaized.net/coub_storage/category/cw_image/f8ede745da4/2e6c3a22d04db1a6a25e3/big_1544759035_cartoons2.png","small_image_url":"https://coub-anubis-a.akamaized.net/coub_storage/category/cw_image/f8ede745da4/2e6c3a22d04db1a6a25e3/small_1544759035_cartoons2.png","med_image_url":"https://coub-anubis-a.akamaized.net/coub_storage/category/cw_image/f8ede745da4/2e6c3a22d04db1a6a25e3/med_1544759035_cartoons2.png","i_subscribed":true,"community_notifications_enabled":null,"description":null}],"recoubs_count":1504,"remixes_count":3,"likes_count":6906,"dislikes_count":0,"raw_video_id":14530559,"uploaded_by_ios_app":false,"uploaded_by_android_app":false,"media_blocks":{"uploaded_raw_videos":[],"external_raw_videos":[],"remixed_from_coubs":[]},"raw_video_thumbnail_url":"/missing/missing.png","raw_video_title":"____________.mp4","video_block_banned":false,"duration":9.96,"promo_winner":false,"promo_winner_recoubers":null,"editorial_info":{},"promo_hint":null,"beeline_best_2014":null,"from_web_editor":true,"normalize_sound":true,"normalize_change_allowed":true,"best2015_addable":false,"ahmad_promo":null,"promo_data":null,"audio_copyright_claim":null,"ads_disabled":false,"is_safe_for_ads":true,"megafon_contents":[],"position_on_page":8},{"flag":null,"abuses":null,"recoubs_by_users_channels":null,"favourite":false,"promoted_id":null,"recoub":null,"like":null,"dislike":null,"reaction":null,"in_my_best2015":false,"id":133357042,"type":"Coub::Simple","permalink":"2717ti","title":"Кто  там орет?","visibility_type":"public","original_visibility_type":"public","channel_id":55603,"created_at":"2020-01-02T01:49:09Z","updated_at":"2022-03-18T06:10:57Z","is_done":true,"views_count":345783,"cotd":null,"cotd_at":null,"visible_on_explore_root":false,"visible_on_explore":false,"featured":false,"published":true,"published_at":"2020-01-02T01:49:09Z","reversed":false,"from_editor_v2":true,"is_editable":true,"original_sound":true,"has_sound":true,"recoub_to":null,"file_versions":{"html5":{"video":{"higher":{"url":"https://coub-anubis-a.akamaized.net/coub_storage/coub/simple/cw_file/e4a19bc027b/16d2ad34e6c9646ef840b/muted_mp4_huge_size_1577929756_muted_huge.mp4","size":1279609},"high":{"url":"https://coub-anubis-a.akamaized.net/coub_storage/coub/simple/cw_file/e4a19bc027b/16d2ad34e6c9646ef840b/muted_mp4_big_size_1577929756_muted_big.mp4","size":1043082},"med":{"url":"https://coub-anubis-a.akamaized.net/coub_storage/coub/simple/cw_file/e4a19bc027b/16d2ad34e6c9646ef840b/muted_mp4_med_size_1577929756_muted_med.mp4","size":297819}},"audio":{"high":{"url":"https://coub-anubis-a.akamaized.net/coub_storage/coub/simple/cw_looped_audio_high/1e9fe058d76/1a0fdc77bb616f92c4935/1605702590_high_1577929756_high.mp3","size":1079342},"med":{"url":"https://coub-anubis-a.akamaized.net/coub_storage/coub/simple/cw_looped_audio_med/c3bed016f02/52c5ebcc8f56d053fae3f/1605702589_med_1577929756_med.mp3","size":799076},"sample_duration":10.008}},"mobile":{"video":"https://coub-anubis-a.akamaized.net/coub_storage/coub/simple/cw_file/e4a19bc027b/16d2ad34e6c9646ef840b/muted_mp4_med_size_1577929756_muted_med.mp4","audio":["https://coub-anubis-a.akamaized.net/coub_storage/coub/simple/cw_looped_audio_med/c3bed016f02/52c5ebcc8f56d053fae3f/1605702589_med_1577929756_med.mp3"]},"share":{"default":"https://coub-anubis-a.akamaized.net/coub_storage/coub/simple/cw_video_for_sharing/3abaa09b28d/502776544aad691806533/1608239036_looped_1608239036.mp4"}},"audio_versions":{},"image_versions":{"template":"https://coub-anubis-a.akamaized.net/coub_storage/coub/simple/cw_image/e12c7358c64/0c2a4206e09487f4eea8f/1577929763_00032.jpg","versions":["micro","tiny","age_restricted","ios_large","ios_mosaic","big","med","small","pinterest"]},"first_frame_versions":{"template":"https://coub-anubis-a.akamaized.net/coub_storage/coub/simple/cw_timeline_pic/7c23eb3b2b9/426b7a919e31925c4c604/1577929762_image.jpg","versions":["big","med","small","ios_large"]},"dimensions":{"big":[1280,720],"med":[640,360]},"site_w_h":[640,360],"page_w_h":[640,360],"site_w_h_small":[310,174],"size":[1280,720],"age_restricted":false,"age_restricted_by_admin":false,"not_safe_for_work":false,"allow_reuse":false,"dont_crop":false,"banned":false,"global_safe":false,"audio_file_url":null,"external_download":false,"application":null,"channel":{"id":55603,"permalink":"alex-belooshi","title":"Alex Belooshi","description":null,"followers_count":156,"following_count":5,"avatar_versions":{"template":"https://coubsecureassets-a.akamaihd.net/assets/default-avatars/328-c9709df907a2da1c107e63c2da5407626702a72c9c87734bf2014d64d60bf078.png"}},"file":null,"picture":"https://coub-anubis-a.akamaized.net/coub_storage/coub/simple/cw_image/e12c7358c64/0c2a4206e09487f4eea8f/1577929763_00032.jpg","timeline_picture":"https://coub-anubis-a.akamaized.net/coub_storage/coub/simple/cw_timeline_pic/7c23eb3b2b9/426b7a919e31925c4c604/1577929762_image.jpg","small_picture":"https://coub-anubis-a.akamaized.net/coub_storage/coub/simple/cw_image/e12c7358c64/0c2a4206e09487f4eea8f/1577929763_00032.jpg","sharing_picture":null,"percent_done":100,"tags":[{"id":21054,"title":"новый год","value":"%D0%BD%D0%BE%D0%B2%D1%8B%D0%B9%20%D0%B3%D0%BE%D0%B4"},{"id":5400367,"title":"еловые игрушки","value":"%D0%B5%D0%BB%D0%BE%D0%B2%D1%8B%D0%B5%20%D0%B8%D0%B3%D1%80%D1%83%D1%88%D0%BA%D0%B8"},{"id":74880,"title":"рождество","value":"%D1%80%D0%BE%D0%B6%D0%B4%D0%B5%D1%81%D1%82%D0%B2%D0%BE"},{"id":80371,"title":"елка","value":"%D0%B5%D0%BB%D0%BA%D0%B0"},{"id":21218,"title":"звезда","value":"%D0%B7%D0%B2%D0%B5%D0%B7%D0%B4%D0%B0"},{"id":111,"title":"крик","value":"%D0%BA%D1%80%D0%B8%D0%BA"}],"categories":[{"id":14,"title":"Cartoons","permalink":"cartoons","subscriptions_count":10092974,"big_image_url":"https://coub-anubis-a.akamaized.net/coub_storage/category/cw_image/f8ede745da4/2e6c3a22d04db1a6a25e3/big_1544759035_cartoons2.png","small_image_url":"https://coub-anubis-a.akamaized.net/coub_storage/category/cw_image/f8ede745da4/2e6c3a22d04db1a6a25e3/small_1544759035_cartoons2.png","med_image_url":"https://coub-anubis-a.akamaized.net/coub_storage/category/cw_image/f8ede745da4/2e6c3a22d04db1a6a25e3/med_1544759035_cartoons2.png","visible":true}],"communities":[{"id":14,"title":"Cartoons","permalink":"cartoons","subscriptions_count":10092974,"big_image_url":"https://coub-anubis-a.akamaized.net/coub_storage/category/cw_image/f8ede745da4/2e6c3a22d04db1a6a25e3/big_1544759035_cartoons2.png","small_image_url":"https://coub-anubis-a.akamaized.net/coub_storage/category/cw_image/f8ede745da4/2e6c3a22d04db1a6a25e3/small_1544759035_cartoons2.png","med_image_url":"https://coub-anubis-a.akamaized.net/coub_storage/category/cw_image/f8ede745da4/2e6c3a22d04db1a6a25e3/med_1544759035_cartoons2.png","i_subscribed":true,"community_notifications_enabled":null,"description":null}],"recoubs_count":1404,"remixes_count":2,"likes_count":6899,"dislikes_count":0,"raw_video_id":14654926,"uploaded_by_ios_app":false,"uploaded_by_android_app":false,"media_blocks":{"uploaded_raw_videos":[],"external_raw_videos":[],"remixed_from_coubs":[]},"raw_video_thumbnail_url":"/missing/missing.png","raw_video_title":"720.mp4","video_block_banned":false,"duration":10.0,"promo_winner":false,"promo_winner_recoubers":null,"editorial_info":{},"promo_hint":null,"beeline_best_2014":null,"from_web_editor":true,"normalize_sound":true,"normalize_change_allowed":true,"best2015_addable":false,"ahmad_promo":null,"promo_data":null,"audio_copyright_claim":null,"ads_disabled":false,"is_safe_for_ads":true,"megafon_contents":[],"position_on_page":9},{"flag":null,"abuses":null,"recoubs_by_users_channels":null,"favourite":false,"promoted_id":null,"recoub":null,"like":null,"dislike":null,"reaction":null,"in_my_best2015":false,"id":16848225,"type":"Coub::Simple","permalink":"9kyvg","title":"Like a Boss Tom","visibility_type":"public","original_visibility_type":"public","channel_id":34013,"created_at":"2015-12-06T02:52:47Z","updated_at":"2022-03-17T16:19:07Z","is_done":true,"views_count":610422,"cotd":true,"cotd_at":"2015-12-07","visible_on_explore_root":true,"visible_on_explore":true,"featured":true,"published":true,"published_at":"2015-12-06T02:52:47Z","reversed":false,"from_editor_v2":true,"is_editable":true,"original_sound":false,"has_sound":false,"recoub_to":null,"file_versions":{"html5":{"video":{"higher":{"url":"https://coub-anubis-a.akamaized.net/coub_storage/coub/simple/cw_file/57f6dd2d6f9/514ce4fdba586e86052a0/muted_mp4_huge_size_1567828271_muted_huge.mp4","size":4664294},"high":{"url":"https://coub-anubis-a.akamaized.net/coub_storage/coub/simple/cw_file/57f6dd2d6f9/514ce4fdba586e86052a0/muted_mp4_big_size_1567828271_muted_big.mp4","size":3263332},"med":{"url":"https://coub-anubis-a.akamaized.net/coub_storage/coub/simple/cw_file/57f6dd2d6f9/514ce4fdba586e86052a0/muted_mp4_med_size_1567828271_muted_med.mp4","size":1081215}},"audio":{"high":{"url":"https://coub-anubis-a.akamaized.net/coub_storage/coub/simple/cw_looped_audio_high/8844d613d60/f98097fa90e9b8373b9c4/1605466516_high_1449370446_high.mp3","size":5256880},"med":{"url":"https://coub-anubis-a.akamaized.net/coub_storage/coub/simple/cw_looped_audio_med/ec583fe5b4f/fcbc706c22e9a78c4cb19/1605466515_med_1449370446_med.mp3","size":3504586}}},"mobile":{"video":"https://coub-anubis-a.akamaized.net/coub_storage/coub/simple/cw_file/57f6dd2d6f9/514ce4fdba586e86052a0/muted_mp4_med_size_1567828271_muted_med.mp4","audio":["https://coub-anubis-a.akamaized.net/coub_storage/coub/simple/cw_looped_audio_med/ec583fe5b4f/fcbc706c22e9a78c4cb19/1605466515_med_1449370446_med.mp3"]},"share":{"default":"https://coub-anubis-a.akamaized.net/coub_storage/coub/simple/cw_video_for_sharing/71de1438298/33356d1eb37260d8d72dc/1608823082_looped_1608823077.mp4"}},"audio_versions":{"template":"https://coub-anubis-a.akamaized.net/coub_storage/audio_track/cw_normalized_copy/950cde50bd7/b78d2debe6662a3cb942d/mid_1548679966_normalized_1471301407_audio.mp3","versions":["mid","low"]},"image_versions":{"template":"https://coub-anubis-a.akamaized.net/coub_storage/coub/simple/cw_image/e28cdd9b1e4/3852e7d7bab7e0c94a9cf/1449370499_00031.jpg","versions":["micro","tiny","age_restricted","ios_large","ios_mosaic","big","med","small","pinterest"]},"first_frame_versions":{"template":"https://coub-anubis-a.akamaized.net/coub_storage/coub/simple/cw_timeline_pic/e28cdd9b1e4/3852e7d7bab7e0c94a9cf/%{version}_1449370499_image.jpg","versions":["big","med","small","ios_large"]},"dimensions":{"big":[1280,960],"med":[640,480]},"site_w_h":[640,480],"page_w_h":[640,480],"site_w_h_small":[310,233],"size":[1280,960],"age_restricted":false,"age_restricted_by_admin":false,"not_safe_for_work":false,"allow_reuse":false,"dont_crop":false,"banned":false,"global_safe":true,"audio_file_url":"https://coub-anubis-a.akamaized.net/coub_storage/audio_track/cw_normalized_copy/950cde50bd7/b78d2debe6662a3cb942d/low_1548679966_normalized_1471301407_audio.mp3","external_download":{"type":"Imgur","service_name":"Imgur","url":"http://i.imgur.com/Wmn1A0k.gifv","has_embed":false},"application":null,"channel":{"id":34013,"permalink":"eleprimer","title":"Light Tuesday ","description":"In Source We Trust #eleprimer","followers_count":47207,"following_count":309,"avatar_versions":{"template":"https://coub-anubis-a.akamaized.net/coub_storage/channel/cw_avatar/6935064c7dc/619c13567459f10bfe258/%{version}_1598751147_ghh.jpg","versions":["medium","medium_2x","profile_pic","profile_pic_new","profile_pic_new_2x","tiny","tiny_2x","small","small_2x","ios_large","ios_small"]}},"file":null,"picture":"https://coub-anubis-a.akamaized.net/coub_storage/coub/simple/cw_image/e28cdd9b1e4/3852e7d7bab7e0c94a9cf/1449370499_00031.jpg","timeline_picture":"https://coub-anubis-a.akamaized.net/coub_storage/coub/simple/cw_timeline_pic/e28cdd9b1e4/3852e7d7bab7e0c94a9cf/ios_large_1449370499_image.jpg","small_picture":"https://coub-anubis-a.akamaized.net/coub_storage/coub/simple/cw_image/e28cdd9b1e4/3852e7d7bab7e0c94a9cf/1449370499_00031.jpg","sharing_picture":null,"percent_done":100,"tags":[{"id":1133540,"title":"eleprimer","value":"eleprimer"},{"id":3222,"title":"blue","value":"blue"},{"id":208,"title":"cartoon","value":"cartoon"},{"id":424,"title":"animation","value":"animation"},{"id":24174,"title":"drug","value":"drug"},{"id":681682,"title":"stop smoke","value":"stop%20smoke"},{"id":11262,"title":"ganja","value":"ganja"},{"id":5740,"title":"dream","value":"dream"},{"id":168,"title":"loop","value":"loop"},{"id":20310,"title":"trio","value":"trio"},{"id":9501,"title":"it","value":"it"},{"id":8636,"title":"do","value":"do"},{"id":900,"title":"go","value":"go"},{"id":5196,"title":"blur","value":"blur"},{"id":955943,"title":"gifv","value":"gifv"},{"id":421,"title":"gif","value":"gif"},{"id":930,"title":"smoke","value":"smoke"},{"id":7050,"title":"bad boys","value":"bad%20boys"},{"id":453,"title":"jerry","value":"jerry"},{"id":454,"title":"tom","value":"tom"},{"id":452,"title":"tom and jerry","value":"tom%20and%20jerry"},{"id":951,"title":"top","value":"top"},{"id":1213115,"title":"noup","value":"noup"},{"id":77702,"title":"legal","value":"legal"}],"categories":[{"id":14,"title":"Cartoons","permalink":"cartoons","subscriptions_count":10092974,"big_image_url":"https://coub-anubis-a.akamaized.net/coub_storage/category/cw_image/f8ede745da4/2e6c3a22d04db1a6a25e3/big_1544759035_cartoons2.png","small_image_url":"https://coub-anubis-a.akamaized.net/coub_storage/category/cw_image/f8ede745da4/2e6c3a22d04db1a6a25e3/small_1544759035_cartoons2.png","med_image_url":"https://coub-anubis-a.akamaized.net/coub_storage/category/cw_image/f8ede745da4/2e6c3a22d04db1a6a25e3/med_1544759035_cartoons2.png","visible":true}],"communities":[{"id":14,"title":"Cartoons","permalink":"cartoons","subscriptions_count":10092974,"big_image_url":"https://coub-anubis-a.akamaized.net/coub_storage/category/cw_image/f8ede745da4/2e6c3a22d04db1a6a25e3/big_1544759035_cartoons2.png","small_image_url":"https://coub-anubis-a.akamaized.net/coub_storage/category/cw_image/f8ede745da4/2e6c3a22d04db1a6a25e3/small_1544759035_cartoons2.png","med_image_url":"https://coub-anubis-a.akamaized.net/coub_storage/category/cw_image/f8ede745da4/2e6c3a22d04db1a6a25e3/med_1544759035_cartoons2.png","i_subscribed":true,"community_notifications_enabled":null,"description":null}],"recoubs_count":1561,"remixes_count":1,"likes_count":6877,"dislikes_count":0,"raw_video_id":1934813,"uploaded_by_ios_app":false,"uploaded_by_android_app":false,"media_blocks":{"uploaded_raw_videos":[],"external_raw_videos":[{"id":12230690,"title":"MRW I hear several states are on the verge of legalization","url":"https://imgur.com/Wmn1A0k","image":"https://coub-anubis-a.akamaized.net/coub_storage/media_block/cw_image/3db5ceac9e9/86c51a574a7e3a858b441/1488816612_1449369051_1pcgirh_att-url-download.jpg_fb","image_retina":"https://coub-anubis-a.akamaized.net/coub_storage/media_block/cw_image/3db5ceac9e9/86c51a574a7e3a858b441/1488816612_1449369051_1pcgirh_att-url-download.jpg_fb","meta":{"service":"Imgur","duration":"14.48"},"duration":14.48,"raw_video_id":1934813,"has_embed":false}],"remixed_from_coubs":[],"external_video":{"id":12230690,"title":"MRW I hear several states are on the verge of legalization","url":"https://imgur.com/Wmn1A0k","image":"https://coub-anubis-a.akamaized.net/coub_storage/media_block/cw_image/3db5ceac9e9/86c51a574a7e3a858b441/1488816612_1449369051_1pcgirh_att-url-download.jpg_fb","image_retina":"https://coub-anubis-a.akamaized.net/coub_storage/media_block/cw_image/3db5ceac9e9/86c51a574a7e3a858b441/1488816612_1449369051_1pcgirh_att-url-download.jpg_fb","meta":{"service":"Imgur","duration":"14.48"},"duration":14.48,"raw_video_id":1934813,"has_embed":false}},"raw_video_thumbnail_url":"/missing/missing.png","raw_video_title":"MRW I hear several states are on the verge of legalization","video_block_banned":false,"duration":9.76,"promo_winner":false,"promo_winner_recoubers":null,"editorial_info":{},"promo_hint":null,"beeline_best_2014":null,"from_web_editor":true,"normalize_sound":true,"normalize_change_allowed":true,"best2015_addable":false,"ahmad_promo":null,"promo_data":null,"audio_copyright_claim":null,"ads_disabled":null,"is_safe_for_ads":true,"megafon_contents":[],"position_on_page":10}]}