{"page":428,"per_page":10,"total_pages":500,"coubs":[{"flag":null,"abuses":null,"recoubs_by_users_channels":null,"favourite":false,"promoted_id":null,"recoub":null,"like":null,"dislike":null,"reaction":null,"in_my_best2015":false,"id":107185027,"type":"Coub::Simple","permalink":"1repsp","title":"Through the Universe","visibility_type":"public","original_visibility_type":"public","channel_id":3996844,"created_at":"2019-03-30T15:30:10Z","updated_at":"2022-03-16T18:59:12Z","is_done":true,"views_count":129900,"cotd":null,"cotd_at":null,"visible_on_explore_root":true,"visible_on_explore":true,"featured":true,"published":true,"published_at":"2019-03-30T15:30:10Z","reversed":false,"from_editor_v2":true,"is_editable":true,"original_sound":false,"has_sound":false,"recoub_to":null,"file_versions":{"html5":{"video":{"higher":{"url":"https://coub-anubis-a.akamaized.net/coub_storage/coub/simple/cw_file/b6bd698dccd/dde5cd6ebd5374279a5c3/muted_mp4_huge_size_1571020499_muted_huge.mp4","size":4869088},"high":{"url":"https://coub-anubis-a.akamaized.net/coub_storage/coub/simple/cw_file/b6bd698dccd/dde5cd6ebd5374279a5c3/muted_mp4_big_size_1571020499_muted_big.mp4","size":3763907},"med":{"url":"https://coub-anubis-a.akamaized.net/coub_storage/coub/simple/cw_file/b6bd698dccd/dde5cd6ebd5374279a5c3/muted_mp4_med_size_1571020499_muted_med.mp4","size":1297119}},"audio":{"high":{"url":"https://coub-anubis-a.akamaized.net/coub_storage/coub/simple/cw_looped_audio_high/2a030f413a1/ec79d6c2bbf4df3cc6c28/1605680962_high_1553959831_high.mp3","size":1326435},"med":{"url":"https://coub-anubis-a.akamaized.net/coub_storage/coub/simple/cw_looped_audio_med/98907656010/f22778987bf002f8facc8/1605680961_med_1553959831_med.mp3","size":949509}}},"mobile":{"video":"https://coub-anubis-a.akamaized.net/coub_storage/coub/simple/cw_file/b6bd698dccd/dde5cd6ebd5374279a5c3/muted_mp4_med_size_1571020499_muted_med.mp4","audio":["https://coub-anubis-a.akamaized.net/coub_storage/coub/simple/cw_looped_audio_med/98907656010/f22778987bf002f8facc8/1605680961_med_1553959831_med.mp3"]},"share":{"default":"https://coub-anubis-a.akamaized.net/coub_storage/coub/simple/cw_video_for_sharing/b19605eada5/0507777657bec08abe14f/1633654256_looped_1633654254.mp4"}},"audio_versions":{"template":"https://coub-anubis-a.akamaized.net/coub_storage/audio_track/cw_file/69cee7d5329/41c8c24771a81ee6ce50c/mid_1553959825_1f5jpzi_edited.mp3","versions":["mid","low"]},"image_versions":{"template":"https://coub-anubis-a.akamaized.net/coub_storage/coub/simple/cw_image/dec8abb79c1/d374d94df5896a8fcb852/1553959840_00024.jpg","versions":["micro","tiny","age_restricted","ios_large","ios_mosaic","big","med","small","pinterest"]},"first_frame_versions":{"template":"https://coub-anubis-a.akamaized.net/coub_storage/coub/simple/cw_timeline_pic/887e21adffb/ac80152e68bce9938337d/%{version}_1553959839_image.jpg","versions":["big","med","small","ios_large"]},"dimensions":{"big":[1280,538],"med":[640,268]},"site_w_h":[640,269],"page_w_h":[640,269],"site_w_h_small":[310,130],"size":[1280,538],"age_restricted":false,"age_restricted_by_admin":false,"not_safe_for_work":false,"allow_reuse":false,"dont_crop":false,"banned":false,"global_safe":true,"audio_file_url":"https://coub-anubis-a.akamaized.net/coub_storage/audio_track/cw_file/69cee7d5329/41c8c24771a81ee6ce50c/low_1553959825_1f5jpzi_edited.mp3","external_download":false,"application":null,"channel":{"id":3996844,"permalink":"sirchosys","title":"SirChosy","description":"✘ | DL","followers_count":1932,"following_count":60,"avatar_versions":{"template":"https://coub-anubis-a.akamaized.net/coub_storage/channel/cw_avatar/60e3dfb0071/676079add0d88d1c95ff5/%{version}_1619672070_glintveyn5.png","versions":["medium","medium_2x","profile_pic","profile_pic_new","profile_pic_new_2x","tiny","tiny_2x","small","small_2x","ios_large","ios_small"]}},"file":null,"picture":"https://coub-anubis-a.akamaized.net/coub_storage/coub/simple/cw_image/dec8abb79c1/d374d94df5896a8fcb852/1553959840_00024.jpg","timeline_picture":"https://coub-anubis-a.akamaized.net/coub_storage/coub/simple/cw_timeline_pic/887e21adffb/ac80152e68bce9938337d/ios_large_1553959839_image.jpg","small_picture":"https://coub-anubis-a.akamaized.net/coub_storage/coub/simple/cw_image/dec8abb79c1/d374d94df5896a8fcb852/1553959840_00024.jpg","sharing_picture":null,"percent_done":100,"tags":[{"id":3213,"title":"marvel","value":"marvel"},{"id":48489,"title":"marvel comics","value":"marvel%20comics"},{"id":72316,"title":"marvel studios","value":"marvel%20studios"},{"id":11888,"title":"spider-man","value":"spider-man"},{"id":99934,"title":"gwen","value":"gwen"},{"id":3114096,"title":"spider gwen","value":"spider%20gwen"},{"id":795,"title":"spiderman","value":"spiderman"},{"id":208,"title":"cartoon","value":"cartoon"},{"id":424,"title":"animation","value":"animation"},{"id":50,"title":"coub","value":"coub"},{"id":11775,"title":"outer space","value":"outer%20space"},{"id":86,"title":"music","value":"music"},{"id":3537195,"title":"spider man into the spider verse","value":"spider%20man%20into%20the%20spider%20verse"},{"id":9538,"title":"cosmos","value":"cosmos"},{"id":6495,"title":"spider man","value":"spider%20man"}],"categories":[{"id":14,"title":"Cartoons","permalink":"cartoons","subscriptions_count":10092974,"big_image_url":"https://coub-anubis-a.akamaized.net/coub_storage/category/cw_image/f8ede745da4/2e6c3a22d04db1a6a25e3/big_1544759035_cartoons2.png","small_image_url":"https://coub-anubis-a.akamaized.net/coub_storage/category/cw_image/f8ede745da4/2e6c3a22d04db1a6a25e3/small_1544759035_cartoons2.png","med_image_url":"https://coub-anubis-a.akamaized.net/coub_storage/category/cw_image/f8ede745da4/2e6c3a22d04db1a6a25e3/med_1544759035_cartoons2.png","visible":true}],"communities":[{"id":14,"title":"Cartoons","permalink":"cartoons","subscriptions_count":10092974,"big_image_url":"https://coub-anubis-a.akamaized.net/coub_storage/category/cw_image/f8ede745da4/2e6c3a22d04db1a6a25e3/big_1544759035_cartoons2.png","small_image_url":"https://coub-anubis-a.akamaized.net/coub_storage/category/cw_image/f8ede745da4/2e6c3a22d04db1a6a25e3/small_1544759035_cartoons2.png","med_image_url":"https://coub-anubis-a.akamaized.net/coub_storage/category/cw_image/f8ede745da4/2e6c3a22d04db1a6a25e3/med_1544759035_cartoons2.png","i_subscribed":true,"community_notifications_enabled":null,"description":null}],"recoubs_count":253,"remixes_count":0,"likes_count":1167,"dislikes_count":0,"raw_video_id":13464048,"uploaded_by_ios_app":false,"uploaded_by_android_app":false,"media_blocks":{"uploaded_raw_videos":[],"external_raw_videos":[],"remixed_from_coubs":[]},"raw_video_thumbnail_url":"/missing/missing.png","raw_video_title":"Spidy_crash.mp4","video_block_banned":false,"duration":7.44,"promo_winner":false,"promo_winner_recoubers":null,"editorial_info":{},"promo_hint":null,"beeline_best_2014":null,"from_web_editor":true,"normalize_sound":false,"normalize_change_allowed":true,"best2015_addable":false,"ahmad_promo":null,"promo_data":null,"audio_copyright_claim":null,"ads_disabled":false,"is_safe_for_ads":true,"megafon_contents":[],"position_on_page":1},{"flag":null,"abuses":null,"recoubs_by_users_channels":null,"favourite":false,"promoted_id":null,"recoub":null,"like":null,"dislike":null,"reaction":null,"in_my_best2015":false,"id":65825785,"type":"Coub::Simple","permalink":"12qqjb","title":"Still T.O.M.","visibility_type":"public","original_visibility_type":"public","channel_id":193471,"created_at":"2018-01-31T12:49:47Z","updated_at":"2022-03-10T22:40:20Z","is_done":true,"views_count":70101,"cotd":null,"cotd_at":null,"visible_on_explore_root":false,"visible_on_explore":false,"featured":false,"published":true,"published_at":"2018-01-31T12:49:47Z","reversed":false,"from_editor_v2":true,"is_editable":true,"original_sound":false,"has_sound":false,"recoub_to":null,"file_versions":{"html5":{"video":{"higher":{"url":"https://coub-anubis-a.akamaized.net/coub_storage/coub/simple/cw_file/5e622b4ba88/cd64a1eb8d40860dfbb1c/muted_mp4_huge_size_1568189022_muted_huge.mp4","size":1942551},"high":{"url":"https://coub-anubis-a.akamaized.net/coub_storage/coub/simple/cw_file/5e622b4ba88/cd64a1eb8d40860dfbb1c/muted_mp4_big_size_1568189022_muted_big.mp4","size":1332968},"med":{"url":"https://coub-anubis-a.akamaized.net/coub_storage/coub/simple/cw_file/5e622b4ba88/cd64a1eb8d40860dfbb1c/muted_mp4_med_size_1568189022_muted_med.mp4","size":412754}},"audio":{"high":{"url":"https://coub-anubis-a.akamaized.net/coub_storage/coub/simple/cw_looped_audio_high/5ed29003aff/c2f12918e03de46123f12/1605629302_high_1517403177_high.mp3","size":5977235},"med":{"url":"https://coub-anubis-a.akamaized.net/coub_storage/coub/simple/cw_looped_audio_med/b2c552afb8d/65502b31462617ee21b24/1605629301_med_1517403177_med.mp3","size":4299578}}},"mobile":{"video":"https://coub-anubis-a.akamaized.net/coub_storage/coub/simple/cw_file/5e622b4ba88/cd64a1eb8d40860dfbb1c/muted_mp4_med_size_1568189022_muted_med.mp4","audio":["https://coub-anubis-a.akamaized.net/coub_storage/coub/simple/cw_looped_audio_med/b2c552afb8d/65502b31462617ee21b24/1605629301_med_1517403177_med.mp3"]},"share":{"default":"https://coub-anubis-a.akamaized.net/coub_storage/coub/simple/cw_video_for_sharing/d14a74f6bf6/7713da56535d2e82d4748/1610437122_looped_1610437121.mp4"}},"audio_versions":{"template":"https://coub-anubis-a.akamaized.net/coub_storage/audio_track/cw_normalized_copy/4e899723ae0/44f7a28dc6d3fe3b34490/mid_1517403153_i0vcov_normalized_1517403128_p4qevg_edited.mp3","versions":["mid","low"]},"image_versions":{"template":"https://coub-anubis-a.akamaized.net/coub_storage/coub/simple/cw_image/8eb4f2fb122/dba8a9881688e123f0b2f/1517403211_00029.jpg","versions":["micro","tiny","age_restricted","ios_large","ios_mosaic","big","med","small","pinterest"]},"first_frame_versions":{"template":"https://coub-anubis-a.akamaized.net/coub_storage/coub/simple/cw_timeline_pic/bf7fe118037/31cdcfef3f2b246dfd0ef/%{version}_1517403209_image.jpg","versions":["big","med","small","ios_large"]},"dimensions":{"big":[1280,934],"med":[640,466]},"site_w_h":[640,467],"page_w_h":[640,467],"site_w_h_small":[310,226],"size":[1280,934],"age_restricted":false,"age_restricted_by_admin":false,"not_safe_for_work":null,"allow_reuse":false,"dont_crop":false,"banned":false,"global_safe":true,"audio_file_url":"https://coub-anubis-a.akamaized.net/coub_storage/audio_track/cw_normalized_copy/4e899723ae0/44f7a28dc6d3fe3b34490/low_1517403153_i0vcov_normalized_1517403128_p4qevg_edited.mp3","external_download":{"type":"Youtube","service_name":"YouTube","url":"http://www.youtube.com/watch?v=Kjs1uM1AFrw","has_embed":true},"application":null,"channel":{"id":193471,"permalink":"sergey-victrov","title":"Sergey Victrov","description":"𝕊𝕖𝕣𝕘𝕖𝕪 𝕍𝕚𝕔𝕥𝕣𝕠𝕧","followers_count":6257,"following_count":33,"avatar_versions":{"template":"https://coub-anubis-a.akamaized.net/coub_storage/channel/cw_avatar/3b389a68d38/88f5cfbb6ee01bd011709/%{version}_1474491887_1397585888179.jpg","versions":["medium","medium_2x","profile_pic","profile_pic_new","profile_pic_new_2x","tiny","tiny_2x","small","small_2x","ios_large","ios_small"]}},"file":null,"picture":"https://coub-anubis-a.akamaized.net/coub_storage/coub/simple/cw_image/8eb4f2fb122/dba8a9881688e123f0b2f/1517403211_00029.jpg","timeline_picture":"https://coub-anubis-a.akamaized.net/coub_storage/coub/simple/cw_timeline_pic/bf7fe118037/31cdcfef3f2b246dfd0ef/ios_large_1517403209_image.jpg","small_picture":"https://coub-anubis-a.akamaized.net/coub_storage/coub/simple/cw_image/8eb4f2fb122/dba8a9881688e123f0b2f/1517403211_00029.jpg","sharing_picture":null,"percent_done":100,"tags":[{"id":3666082,"title":"george%20takei","value":"george%2520takei"},{"id":3666083,"title":"oh%20my","value":"oh%2520my"},{"id":3666084,"title":"oh%20my!","value":"oh%2520my!"},{"id":15819,"title":"reaction","value":"reaction"},{"id":3665893,"title":"reaction%20coub","value":"reaction%2520coub"},{"id":3666085,"title":"the%20office","value":"the%2520office"},{"id":1445,"title":"laugh","value":"laugh"},{"id":3666086,"title":"pinkie%20pie","value":"pinkie%2520pie"},{"id":3666087,"title":"my%20little%20pony","value":"my%2520little%2520pony"},{"id":86,"title":"music","value":"music"},{"id":74,"title":"rap","value":"rap"},{"id":7145,"title":"snoop dogg","value":"snoop%20dogg"},{"id":360,"title":"dr dre","value":"dr%20dre"},{"id":7146,"title":"hip hop","value":"hip%20hop"},{"id":16723,"title":"remastered","value":"remastered"},{"id":1160,"title":"музыка","value":"%D0%BC%D1%83%D0%B7%D1%8B%D0%BA%D0%B0"},{"id":75,"title":"рэп","value":"%D1%80%D1%8D%D0%BF"},{"id":20191,"title":"хип-хоп","value":"%D1%85%D0%B8%D0%BF-%D1%85%D0%BE%D0%BF"},{"id":14575,"title":"tom & jerry","value":"tom%20&%20jerry"},{"id":36102,"title":"том и джерри","value":"%D1%82%D0%BE%D0%BC%20%D0%B8%20%D0%B4%D0%B6%D0%B5%D1%80%D1%80%D0%B8"}],"categories":[{"id":14,"title":"Cartoons","permalink":"cartoons","subscriptions_count":10092974,"big_image_url":"https://coub-anubis-a.akamaized.net/coub_storage/category/cw_image/f8ede745da4/2e6c3a22d04db1a6a25e3/big_1544759035_cartoons2.png","small_image_url":"https://coub-anubis-a.akamaized.net/coub_storage/category/cw_image/f8ede745da4/2e6c3a22d04db1a6a25e3/small_1544759035_cartoons2.png","med_image_url":"https://coub-anubis-a.akamaized.net/coub_storage/category/cw_image/f8ede745da4/2e6c3a22d04db1a6a25e3/med_1544759035_cartoons2.png","visible":true}],"communities":[{"id":14,"title":"Cartoons","permalink":"cartoons","subscriptions_count":10092974,"big_image_url":"https://coub-anubis-a.akamaized.net/coub_storage/category/cw_image/f8ede745da4/2e6c3a22d04db1a6a25e3/big_1544759035_cartoons2.png","small_image_url":"https://coub-anubis-a.akamaized.net/coub_storage/category/cw_image/f8ede745da4/2e6c3a22d04db1a6a25e3/small_1544759035_cartoons2.png","med_image_url":"https://coub-anubis-a.akamaized.net/coub_storage/category/cw_image/f8ede745da4/2e6c3a22d04db1a6a25e3/med_1544759035_cartoons2.png","i_subscribed":true,"community_notifications_enabled":null,"description":null}],"recoubs_count":231,"remixes_count":6,"likes_count":1167,"dislikes_count":0,"raw_video_id":11016891,"uploaded_by_ios_app":false,"uploaded_by_android_app":false,"media_blocks":{"uploaded_raw_videos":[],"external_raw_videos":[{"id":24449180,"title":"Still T.O.M. (Tom & Jerry Still D.R.E. - Director's cut / Remastered version)","url":"http://www.youtube.com/watch?v=Kjs1uM1AFrw","image":"https://coub-anubis-a.akamaized.net/coub_storage/media_block/cw_image/e0a1af426eb/3ca5997a5eaa7175feed7/1517138066_1517138050_1g7kdz8_att-url-download.jpg","image_retina":"https://coub-anubis-a.akamaized.net/coub_storage/media_block/cw_image/e0a1af426eb/3ca5997a5eaa7175feed7/1517138066_1517138050_1g7kdz8_att-url-download.jpg","meta":{"service":"Youtube","duration":"101.72"},"duration":101.72,"raw_video_id":11016891,"has_embed":true}],"remixed_from_coubs":[],"external_video":{"id":24449180,"title":"Still T.O.M. (Tom & Jerry Still D.R.E. - Director's cut / Remastered version)","url":"http://www.youtube.com/watch?v=Kjs1uM1AFrw","image":"https://coub-anubis-a.akamaized.net/coub_storage/media_block/cw_image/e0a1af426eb/3ca5997a5eaa7175feed7/1517138066_1517138050_1g7kdz8_att-url-download.jpg","image_retina":"https://coub-anubis-a.akamaized.net/coub_storage/media_block/cw_image/e0a1af426eb/3ca5997a5eaa7175feed7/1517138066_1517138050_1g7kdz8_att-url-download.jpg","meta":{"service":"Youtube","duration":"101.72"},"duration":101.72,"raw_video_id":11016891,"has_embed":true}},"raw_video_thumbnail_url":"/missing/missing.png","raw_video_title":"Still T.O.M. (Tom & Jerry Still D.R.E. - Director's cut / Remastered version)","video_block_banned":false,"duration":9.0,"promo_winner":false,"promo_winner_recoubers":null,"editorial_info":{},"promo_hint":null,"beeline_best_2014":null,"from_web_editor":true,"normalize_sound":true,"normalize_change_allowed":true,"best2015_addable":false,"ahmad_promo":null,"promo_data":null,"audio_copyright_claim":null,"ads_disabled":null,"is_safe_for_ads":true,"megafon_contents":[],"position_on_page":2},{"flag":null,"abuses":null,"recoubs_by_users_channels":null,"favourite":false,"promoted_id":null,"recoub":null,"like":null,"dislike":null,"reaction":null,"in_my_best2015":false,"id":11548666,"type":"Coub::Simple","permalink":"6fdoa","title":"Rick pumps Duff beer","visibility_type":"public","original_visibility_type":"public","channel_id":291370,"created_at":"2015-05-15T13:12:05Z","updated_at":"2022-02-27T08:59:30Z","is_done":true,"views_count":112762,"cotd":null,"cotd_at":null,"visible_on_explore_root":true,"visible_on_explore":true,"featured":true,"published":true,"published_at":"2015-05-15T13:12:05Z","reversed":false,"from_editor_v2":true,"is_editable":true,"original_sound":true,"has_sound":true,"recoub_to":null,"file_versions":{"html5":{"video":{"higher":{"url":"https://coub-anubis-a.akamaized.net/coub_storage/coub/simple/cw_file/6d5b0c71619/5a1d2c76ae8a5c8cb1d58/muted_mp4_huge_size_1567769982_muted_huge.mp4","size":511522},"high":{"url":"https://coub-anubis-a.akamaized.net/coub_storage/coub/simple/cw_file/6d5b0c71619/5a1d2c76ae8a5c8cb1d58/muted_mp4_big_size_1567769982_muted_big.mp4","size":382012},"med":{"url":"https://coub-anubis-a.akamaized.net/coub_storage/coub/simple/cw_file/6d5b0c71619/5a1d2c76ae8a5c8cb1d58/muted_mp4_med_size_1567769982_muted_med.mp4","size":115544}},"audio":{"high":{"url":"https://coub-anubis-a.akamaized.net/coub_storage/coub/simple/cw_looped_audio_high/815a573c421/ba1fc1fd6946e5218e6fa/1605451874_high_1445968723_high.mp3","size":1399953},"med":{"url":"https://coub-anubis-a.akamaized.net/coub_storage/coub/simple/cw_looped_audio_med/3202da11c62/8ca58a96376eebed562e6/1605451874_med_1445968723_med.mp3","size":933301},"sample_duration":6.528}},"mobile":{"video":"https://coub-anubis-a.akamaized.net/coub_storage/coub/simple/cw_file/6d5b0c71619/5a1d2c76ae8a5c8cb1d58/muted_mp4_med_size_1567769982_muted_med.mp4","audio":["https://coub-anubis-a.akamaized.net/coub_storage/coub/simple/cw_looped_audio_med/3202da11c62/8ca58a96376eebed562e6/1605451874_med_1445968723_med.mp3"]},"share":{"default":"https://coub-anubis-a.akamaized.net/coub_storage/coub/simple/cw_video_for_sharing/9910f2bb131/d577fb39b05d674661bbc/1625773247_looped_1625773246.mp4"}},"audio_versions":{},"image_versions":{"template":"https://coub-anubis-a.akamaized.net/coub_storage/coub/simple/cw_image/75ce6ba7c10/f148a128c218676bb7c0d/1431695594_00021.jpg","versions":["micro","tiny","age_restricted","ios_large","ios_mosaic","big","med","small","pinterest"]},"first_frame_versions":{"template":"https://coub-anubis-a.akamaized.net/coub_storage/coub/simple/cw_timeline_pic/0f2ec6b6051/894dfef83d67086346333/1431695593_image.jpg","versions":["big","med","small","ios_large"]},"dimensions":{"big":[1280,720],"med":[640,360]},"site_w_h":[640,360],"page_w_h":[640,360],"site_w_h_small":[310,174],"size":[1280,720],"age_restricted":false,"age_restricted_by_admin":false,"not_safe_for_work":false,"allow_reuse":false,"dont_crop":false,"banned":false,"global_safe":true,"audio_file_url":null,"external_download":false,"application":null,"channel":{"id":291370,"permalink":"2x2tv.ru","title":"Telekanal 2X2","description":"мы сделали свой коуб-канал, с блэкджеком и мы сделали свой коуб-канал, с блэкджеком и мы сделали свой коуб-канал, с блэкджеком и","followers_count":63137,"following_count":96,"avatar_versions":{"template":"https://coub-anubis-a.akamaized.net/coub_storage/channel/cw_avatar/94ecbb54c9b/80804463f8c710394f8ba/%{version}_1629110701_new2x2_logo111.png","versions":["medium","medium_2x","profile_pic","profile_pic_new","profile_pic_new_2x","tiny","tiny_2x","small","small_2x","ios_large","ios_small"]}},"file":null,"picture":"https://coub-anubis-a.akamaized.net/coub_storage/coub/simple/cw_image/75ce6ba7c10/f148a128c218676bb7c0d/1431695594_00021.jpg","timeline_picture":"https://coub-anubis-a.akamaized.net/coub_storage/coub/simple/cw_timeline_pic/0f2ec6b6051/894dfef83d67086346333/1431695593_image.jpg","small_picture":"https://coub-anubis-a.akamaized.net/coub_storage/coub/simple/cw_image/75ce6ba7c10/f148a128c218676bb7c0d/1431695594_00021.jpg","sharing_picture":null,"percent_done":100,"tags":[{"id":740658,"title":"duff beer","value":"duff%20beer"},{"id":43691,"title":"duff","value":"duff"},{"id":18395,"title":"adult swim","value":"adult%20swim"},{"id":230060,"title":"2x2tv","value":"2x2tv"},{"id":8304,"title":"2x2","value":"2x2"},{"id":484,"title":"simpsons","value":"simpsons"},{"id":1727,"title":"the simpsons","value":"the%20simpsons"},{"id":159250,"title":"rick and morty","value":"rick%20and%20morty"}],"categories":[{"id":14,"title":"Cartoons","permalink":"cartoons","subscriptions_count":10092974,"big_image_url":"https://coub-anubis-a.akamaized.net/coub_storage/category/cw_image/f8ede745da4/2e6c3a22d04db1a6a25e3/big_1544759035_cartoons2.png","small_image_url":"https://coub-anubis-a.akamaized.net/coub_storage/category/cw_image/f8ede745da4/2e6c3a22d04db1a6a25e3/small_1544759035_cartoons2.png","med_image_url":"https://coub-anubis-a.akamaized.net/coub_storage/category/cw_image/f8ede745da4/2e6c3a22d04db1a6a25e3/med_1544759035_cartoons2.png","visible":true}],"communities":[{"id":14,"title":"Cartoons","permalink":"cartoons","subscriptions_count":10092974,"big_image_url":"https://coub-anubis-a.akamaized.net/coub_storage/category/cw_image/f8ede745da4/2e6c3a22d04db1a6a25e3/big_1544759035_cartoons2.png","small_image_url":"https://coub-anubis-a.akamaized.net/coub_storage/category/cw_image/f8ede745da4/2e6c3a22d04db1a6a25e3/small_1544759035_cartoons2.png","med_image_url":"https://coub-anubis-a.akamaized.net/coub_storage/category/cw_image/f8ede745da4/2e6c3a22d04db1a6a25e3/med_1544759035_cartoons2.png","i_subscribed":true,"community_notifications_enabled":null,"description":null}],"recoubs_count":274,"remixes_count":1,"likes_count":1167,"dislikes_count":0,"raw_video_id":1358873,"uploaded_by_ios_app":false,"uploaded_by_android_app":false,"media_blocks":{"uploaded_raw_videos":[],"external_raw_videos":[],"remixed_from_coubs":[]},"raw_video_thumbnail_url":"/missing/missing.png","raw_video_title":"rick_duff.mov","video_block_banned":false,"duration":6.48,"promo_winner":false,"promo_winner_recoubers":null,"editorial_info":{},"promo_hint":null,"beeline_best_2014":null,"from_web_editor":true,"normalize_sound":true,"normalize_change_allowed":true,"best2015_addable":false,"ahmad_promo":null,"promo_data":null,"audio_copyright_claim":null,"ads_disabled":null,"is_safe_for_ads":true,"megafon_contents":[],"position_on_page":3},{"flag":null,"abuses":null,"recoubs_by_users_channels":null,"favourite":false,"promoted_id":null,"recoub":null,"like":null,"dislike":null,"reaction":null,"in_my_best2015":false,"id":8033627,"type":"Coub::Simple","permalink":"4c1fj","title":"Chrstms somethng sng #NewYear_Coub","visibility_type":"public","original_visibility_type":"public","channel_id":291370,"created_at":"2014-12-16T08:46:28Z","updated_at":"2022-03-15T22:25:57Z","is_done":true,"views_count":64852,"cotd":null,"cotd_at":null,"visible_on_explore_root":true,"visible_on_explore":true,"featured":true,"published":true,"published_at":"2014-12-16T08:46:28Z","reversed":false,"from_editor_v2":true,"is_editable":true,"original_sound":true,"has_sound":true,"recoub_to":null,"file_versions":{"html5":{"video":{"higher":{"url":"https://coub-anubis-a.akamaized.net/coub_storage/coub/simple/cw_file/43430f27477/8d00020767436b7ed6e83/muted_mp4_huge_size_1567743108_muted_huge.mp4","size":772581},"high":{"url":"https://coub-anubis-a.akamaized.net/coub_storage/coub/simple/cw_file/43430f27477/8d00020767436b7ed6e83/muted_mp4_big_size_1567743108_muted_big.mp4","size":522973},"med":{"url":"https://coub-anubis-a.akamaized.net/coub_storage/coub/simple/cw_file/43430f27477/8d00020767436b7ed6e83/muted_mp4_med_size_1567743108_muted_med.mp4","size":152249}},"audio":{"high":{"url":"https://coub-anubis-a.akamaized.net/coub_storage/coub/simple/cw_looped_audio_high/2ff13c65cae/4b7a3867308c4d6f9254c/1605439616_high_1470848746_high.mp3","size":1444625},"med":{"url":"https://coub-anubis-a.akamaized.net/coub_storage/coub/simple/cw_looped_audio_med/58f8697e9a7/0bf8f750e378c58582dbc/1605439616_med_1470848746_med.mp3","size":1124197},"sample_duration":8.491}},"mobile":{"video":"https://coub-anubis-a.akamaized.net/coub_storage/coub/simple/cw_file/43430f27477/8d00020767436b7ed6e83/muted_mp4_med_size_1567743108_muted_med.mp4","audio":["https://coub-anubis-a.akamaized.net/coub_storage/coub/simple/cw_looped_audio_med/58f8697e9a7/0bf8f750e378c58582dbc/1605439616_med_1470848746_med.mp3"]},"share":{"default":"https://coub-anubis-a.akamaized.net/coub_storage/coub/simple/cw_video_for_sharing/4735d66a83f/c0bccdad089008954f829/1608913319_looped_1608913317.mp4"}},"audio_versions":{},"image_versions":{"template":"https://coub-anubis-a.akamaized.net/coub_storage/coub/simple/cw_image/bbb82554d27/658f3714b552801ddec17/1470848705_00027.jpg","versions":["micro","tiny","age_restricted","ios_large","ios_mosaic","big","med","small","pinterest"]},"first_frame_versions":{"template":"https://coub-anubis-a.akamaized.net/coub_storage/coub/simple/cw_timeline_pic/dc15459e210/a98df60940a81b82abdf8/%{version}_1470848719_image.jpg","versions":["big","med","small","ios_large"]},"dimensions":{"big":[1280,924],"med":[640,462]},"site_w_h":[640,462],"page_w_h":[640,462],"site_w_h_small":[310,224],"size":[1280,924],"age_restricted":false,"age_restricted_by_admin":false,"not_safe_for_work":null,"allow_reuse":false,"dont_crop":false,"banned":false,"global_safe":true,"audio_file_url":null,"external_download":false,"application":null,"channel":{"id":291370,"permalink":"2x2tv.ru","title":"Telekanal 2X2","description":"мы сделали свой коуб-канал, с блэкджеком и мы сделали свой коуб-канал, с блэкджеком и мы сделали свой коуб-канал, с блэкджеком и","followers_count":63137,"following_count":96,"avatar_versions":{"template":"https://coub-anubis-a.akamaized.net/coub_storage/channel/cw_avatar/94ecbb54c9b/80804463f8c710394f8ba/%{version}_1629110701_new2x2_logo111.png","versions":["medium","medium_2x","profile_pic","profile_pic_new","profile_pic_new_2x","tiny","tiny_2x","small","small_2x","ios_large","ios_small"]}},"file":null,"picture":"https://coub-anubis-a.akamaized.net/coub_storage/coub/simple/cw_image/bbb82554d27/658f3714b552801ddec17/1470848705_00027.jpg","timeline_picture":"https://coub-anubis-a.akamaized.net/coub_storage/coub/simple/cw_timeline_pic/dc15459e210/a98df60940a81b82abdf8/ios_large_1470848719_image.jpg","small_picture":"https://coub-anubis-a.akamaized.net/coub_storage/coub/simple/cw_image/bbb82554d27/658f3714b552801ddec17/1470848705_00027.jpg","sharing_picture":null,"percent_done":100,"tags":[{"id":69,"title":"family guy","value":"family%20guy"},{"id":8304,"title":"2x2","value":"2x2"},{"id":230060,"title":"2x2tv","value":"2x2tv"},{"id":13140,"title":"christmas","value":"christmas"},{"id":636396,"title":"newyear_coub","value":"newyear_coub"}],"categories":[{"id":14,"title":"Cartoons","permalink":"cartoons","subscriptions_count":10092974,"big_image_url":"https://coub-anubis-a.akamaized.net/coub_storage/category/cw_image/f8ede745da4/2e6c3a22d04db1a6a25e3/big_1544759035_cartoons2.png","small_image_url":"https://coub-anubis-a.akamaized.net/coub_storage/category/cw_image/f8ede745da4/2e6c3a22d04db1a6a25e3/small_1544759035_cartoons2.png","med_image_url":"https://coub-anubis-a.akamaized.net/coub_storage/category/cw_image/f8ede745da4/2e6c3a22d04db1a6a25e3/med_1544759035_cartoons2.png","visible":true}],"communities":[{"id":14,"title":"Cartoons","permalink":"cartoons","subscriptions_count":10092974,"big_image_url":"https://coub-anubis-a.akamaized.net/coub_storage/category/cw_image/f8ede745da4/2e6c3a22d04db1a6a25e3/big_1544759035_cartoons2.png","small_image_url":"https://coub-anubis-a.akamaized.net/coub_storage/category/cw_image/f8ede745da4/2e6c3a22d04db1a6a25e3/small_1544759035_cartoons2.png","med_image_url":"https://coub-anubis-a.akamaized.net/coub_storage/category/cw_image/f8ede745da4/2e6c3a22d04db1a6a25e3/med_1544759035_cartoons2.png","i_subscribed":true,"community_notifications_enabled":null,"description":null}],"recoubs_count":354,"remixes_count":1,"likes_count":1167,"dislikes_count":0,"raw_video_id":1392071,"uploaded_by_ios_app":false,"uploaded_by_android_app":false,"media_blocks":{"uploaded_raw_videos":[],"external_raw_videos":[],"remixed_from_coubs":[]},"raw_video_thumbnail_url":"/missing/missing.png","raw_video_title":"Chrstms somethng sng #NewYear_Coub","video_block_banned":false,"duration":8.44,"promo_winner":false,"promo_winner_recoubers":null,"editorial_info":{},"promo_hint":null,"beeline_best_2014":null,"from_web_editor":true,"normalize_sound":true,"normalize_change_allowed":true,"best2015_addable":false,"ahmad_promo":null,"promo_data":null,"audio_copyright_claim":null,"ads_disabled":null,"is_safe_for_ads":true,"megafon_contents":[],"position_on_page":4},{"flag":null,"abuses":null,"recoubs_by_users_channels":null,"favourite":false,"promoted_id":null,"recoub":null,"like":null,"dislike":null,"reaction":null,"in_my_best2015":false,"id":92160557,"type":"Coub::Simple","permalink":"1igor2","title":"сила в пиве, брат ","visibility_type":"public","original_visibility_type":"public","channel_id":1480741,"created_at":"2018-11-22T21:54:05Z","updated_at":"2022-03-08T12:08:46Z","is_done":true,"views_count":87584,"cotd":null,"cotd_at":null,"visible_on_explore_root":false,"visible_on_explore":false,"featured":false,"published":true,"published_at":"2018-11-22T21:54:05Z","reversed":false,"from_editor_v2":true,"is_editable":true,"original_sound":true,"has_sound":true,"recoub_to":null,"file_versions":{"html5":{"video":{"higher":{"url":"https://coub-anubis-a.akamaized.net/coub_storage/coub/simple/cw_file/b928ba06261/cb99085dead43bb29587f/muted_mp4_huge_size_1579079340_muted_huge.mp4","size":1537351},"high":{"url":"https://coub-anubis-a.akamaized.net/coub_storage/coub/simple/cw_file/b928ba06261/cb99085dead43bb29587f/muted_mp4_big_size_1579079340_muted_big.mp4","size":1264887},"med":{"url":"https://coub-anubis-a.akamaized.net/coub_storage/coub/simple/cw_file/b928ba06261/cb99085dead43bb29587f/muted_mp4_med_size_1579079340_muted_med.mp4","size":408551}},"audio":{"high":{"url":"https://coub-anubis-a.akamaized.net/coub_storage/coub/simple/cw_looped_audio_high/8ce5e4605fe/482cb5e8d3e464e5e944a/1605657495_high_1542923657_high.mp3","size":919975},"med":{"url":"https://coub-anubis-a.akamaized.net/coub_storage/coub/simple/cw_looped_audio_med/1fefd63c7d4/c6ad35a990d69d84bdac5/1605657494_med_1542923657_med.mp3","size":865084},"sample_duration":9.102}},"mobile":{"video":"https://coub-anubis-a.akamaized.net/coub_storage/coub/simple/cw_file/b928ba06261/cb99085dead43bb29587f/muted_mp4_med_size_1579079340_muted_med.mp4","audio":["https://coub-anubis-a.akamaized.net/coub_storage/coub/simple/cw_looped_audio_med/1fefd63c7d4/c6ad35a990d69d84bdac5/1605657494_med_1542923657_med.mp3"]},"share":{"default":"https://coub-anubis-a.akamaized.net/coub_storage/coub/simple/cw_video_for_sharing/5fb2880baa2/c0c08e79602b2e48df946/1610927191_looped_1610927190.mp4"}},"audio_versions":{},"image_versions":{"template":"https://coub-anubis-a.akamaized.net/coub_storage/coub/simple/cw_image/81bf15d70f7/4a2de4b70e8d40d26b082/1542923664_00029.jpg","versions":["micro","tiny","age_restricted","ios_large","ios_mosaic","big","med","small","pinterest"]},"first_frame_versions":{"template":"https://coub-anubis-a.akamaized.net/coub_storage/coub/simple/cw_timeline_pic/44d5f337ae0/800aba679ee6ba7ed624d/%{version}_1542923663_image.jpg","versions":["big","med","small","ios_large"]},"dimensions":{"big":[1280,660],"med":[640,330]},"site_w_h":[640,330],"page_w_h":[640,330],"site_w_h_small":[310,160],"size":[1280,660],"age_restricted":false,"age_restricted_by_admin":false,"not_safe_for_work":false,"allow_reuse":false,"dont_crop":false,"banned":false,"global_safe":false,"audio_file_url":null,"external_download":false,"application":null,"channel":{"id":1480741,"permalink":"mr.nobody7172","title":"mr.kudrashkin ","description":null,"followers_count":91,"following_count":6,"avatar_versions":{"template":"https://coub-anubis-a.akamaized.net/coub_storage/channel/cw_avatar/3d9cb5bf1ab/f08911443a0fedb23b841/%{version}_1609503370_1ipmreb_1474604333_TCz5wkLJykA.jpg","versions":["medium","medium_2x","profile_pic","profile_pic_new","profile_pic_new_2x","tiny","tiny_2x","small","small_2x","ios_large","ios_small"]}},"file":null,"picture":"https://coub-anubis-a.akamaized.net/coub_storage/coub/simple/cw_image/81bf15d70f7/4a2de4b70e8d40d26b082/1542923664_00029.jpg","timeline_picture":"https://coub-anubis-a.akamaized.net/coub_storage/coub/simple/cw_timeline_pic/44d5f337ae0/800aba679ee6ba7ed624d/ios_large_1542923663_image.jpg","small_picture":"https://coub-anubis-a.akamaized.net/coub_storage/coub/simple/cw_image/81bf15d70f7/4a2de4b70e8d40d26b082/1542923664_00029.jpg","sharing_picture":null,"percent_done":100,"tags":[],"categories":[{"id":14,"title":"Cartoons","permalink":"cartoons","subscriptions_count":10092974,"big_image_url":"https://coub-anubis-a.akamaized.net/coub_storage/category/cw_image/f8ede745da4/2e6c3a22d04db1a6a25e3/big_1544759035_cartoons2.png","small_image_url":"https://coub-anubis-a.akamaized.net/coub_storage/category/cw_image/f8ede745da4/2e6c3a22d04db1a6a25e3/small_1544759035_cartoons2.png","med_image_url":"https://coub-anubis-a.akamaized.net/coub_storage/category/cw_image/f8ede745da4/2e6c3a22d04db1a6a25e3/med_1544759035_cartoons2.png","visible":true}],"communities":[{"id":14,"title":"Cartoons","permalink":"cartoons","subscriptions_count":10092974,"big_image_url":"https://coub-anubis-a.akamaized.net/coub_storage/category/cw_image/f8ede745da4/2e6c3a22d04db1a6a25e3/big_1544759035_cartoons2.png","small_image_url":"https://coub-anubis-a.akamaized.net/coub_storage/category/cw_image/f8ede745da4/2e6c3a22d04db1a6a25e3/small_1544759035_cartoons2.png","med_image_url":"https://coub-anubis-a.akamaized.net/coub_storage/category/cw_image/f8ede745da4/2e6c3a22d04db1a6a25e3/med_1544759035_cartoons2.png","i_subscribed":true,"community_notifications_enabled":null,"description":null}],"recoubs_count":185,"remixes_count":0,"likes_count":1166,"dislikes_count":0,"raw_video_id":12744339,"uploaded_by_ios_app":false,"uploaded_by_android_app":false,"media_blocks":{"uploaded_raw_videos":[],"external_raw_videos":[],"remixed_from_coubs":[]},"raw_video_thumbnail_url":"/missing/missing.png","raw_video_title":"bandicam_2018-11-22_23-12-40-445.mp4","video_block_banned":false,"duration":9.12,"promo_winner":false,"promo_winner_recoubers":null,"editorial_info":{},"promo_hint":null,"beeline_best_2014":null,"from_web_editor":true,"normalize_sound":true,"normalize_change_allowed":true,"best2015_addable":false,"ahmad_promo":null,"promo_data":null,"audio_copyright_claim":null,"ads_disabled":false,"is_safe_for_ads":true,"megafon_contents":[],"position_on_page":5},{"flag":null,"abuses":null,"recoubs_by_users_channels":null,"favourite":false,"promoted_id":null,"recoub":null,"like":null,"dislike":null,"reaction":null,"in_my_best2015":false,"id":162209817,"type":"Coub::Simple","permalink":"2o88py","title":"Venti...","visibility_type":"public","original_visibility_type":"public","channel_id":4895342,"created_at":"2021-01-21T12:44:09Z","updated_at":"2022-03-18T06:40:19Z","is_done":true,"views_count":119875,"cotd":null,"cotd_at":null,"visible_on_explore_root":false,"visible_on_explore":false,"featured":false,"published":true,"published_at":"2021-01-21T12:44:09Z","reversed":false,"from_editor_v2":true,"is_editable":true,"original_sound":false,"has_sound":false,"recoub_to":null,"file_versions":{"html5":{"video":{"higher":{"url":"https://coub-anubis-a.akamaized.net/coub_storage/coub/simple/cw_file/74650d4af8d/b99e2fe00b128cce8aea8/muted_mp4_huge_size_1611233064_muted_huge.mp4","size":988721},"high":{"url":"https://coub-anubis-a.akamaized.net/coub_storage/coub/simple/cw_file/74650d4af8d/b99e2fe00b128cce8aea8/muted_mp4_big_size_1611233064_muted_big.mp4","size":703519},"med":{"url":"https://coub-anubis-a.akamaized.net/coub_storage/coub/simple/cw_file/74650d4af8d/b99e2fe00b128cce8aea8/muted_mp4_med_size_1611233064_muted_med.mp4","size":276769}},"audio":{"high":{"url":"https://coub-anubis-a.akamaized.net/coub_storage/coub/simple/cw_looped_audio_high/5107f087fa2/6a709f6586d5e26ed2337/1611233068_mp3-high.mp3","size":982103},"med":{"url":"https://coub-anubis-a.akamaized.net/coub_storage/coub/simple/cw_looped_audio_med/042ce123823/ba6f16bfae19c18e766ff/1611233068_mp3-med.mp3","size":940471}}},"mobile":{"video":"https://coub-anubis-a.akamaized.net/coub_storage/coub/simple/cw_file/74650d4af8d/b99e2fe00b128cce8aea8/muted_mp4_med_size_1611233064_muted_med.mp4","audio":["https://coub-anubis-a.akamaized.net/coub_storage/coub/simple/cw_looped_audio_med/042ce123823/ba6f16bfae19c18e766ff/1611233068_mp3-med.mp3"]},"share":{"default":"https://coub-anubis-a.akamaized.net/coub_storage/coub/simple/cw_video_for_sharing/01f1d402d3c/83586bc5cb28214cb3e2a/1611233094_looped_1611233093.mp4"}},"audio_versions":{"template":"https://coub-anubis-a.akamaized.net/coub_storage/audio_track/cw_file/3c1aec118e5/922ee9cc277549f45db02/mid_1611232987_audio.mp3","versions":["mid","low"]},"image_versions":{"template":"https://coub-anubis-a.akamaized.net/coub_storage/coub/simple/cw_image/dccaa06c4d6/59dbec823e6daeaa4cf7d/%{version}_1611233071_00023.jpg","versions":["micro","tiny","age_restricted","ios_large","ios_mosaic","big","med","small","pinterest"]},"first_frame_versions":{"template":"https://coub-anubis-a.akamaized.net/coub_storage/coub/simple/cw_timeline_pic/cd7b9e02620/5d0df796de91ec5a5d3cd/%{version}_1611233071_image.jpg","versions":["big","med","small","ios_large"]},"dimensions":{"big":[1280,720],"med":[640,360]},"site_w_h":[640,360],"page_w_h":[640,360],"site_w_h_small":[310,174],"size":[1280,720],"age_restricted":false,"age_restricted_by_admin":false,"not_safe_for_work":false,"allow_reuse":false,"dont_crop":true,"banned":false,"global_safe":true,"audio_file_url":"https://coub-anubis-a.akamaized.net/coub_storage/audio_track/cw_file/3c1aec118e5/922ee9cc277549f45db02/low_1611232987_audio.mp3","external_download":{"type":"Youtube","service_name":"YouTube","url":"https://www.youtube.com/watch?v=Wi_f3uW8mNE&ab_channel=NomRico","has_embed":true},"application":null,"channel":{"id":4895342,"permalink":"plop2556","title":"Plop","description":null,"followers_count":28,"following_count":6,"avatar_versions":{"template":"https://coub-anubis-a.akamaized.net/coub_storage/channel/cw_avatar/583ab6463e0/50087e2e6b10148479e80/%{version}_1607841077_1ensqjr_1539887602_3wbf4q_113087929000552523115.jpg","versions":["medium","medium_2x","profile_pic","profile_pic_new","profile_pic_new_2x","tiny","tiny_2x","small","small_2x","ios_large","ios_small"]}},"file":null,"picture":"https://coub-anubis-a.akamaized.net/coub_storage/coub/simple/cw_image/dccaa06c4d6/59dbec823e6daeaa4cf7d/med_1611233071_00023.jpg","timeline_picture":"https://coub-anubis-a.akamaized.net/coub_storage/coub/simple/cw_timeline_pic/cd7b9e02620/5d0df796de91ec5a5d3cd/ios_large_1611233071_image.jpg","small_picture":"https://coub-anubis-a.akamaized.net/coub_storage/coub/simple/cw_image/dccaa06c4d6/59dbec823e6daeaa4cf7d/ios_mosaic_1611233071_00023.jpg","sharing_picture":null,"percent_done":100,"tags":[{"id":5271850,"title":"genshin impact","value":"genshin%20impact"},{"id":1053373,"title":"genshin","value":"genshin"},{"id":5928866,"title":"diluc","value":"diluc"},{"id":469177,"title":"klee","value":"klee"},{"id":416769,"title":"venti","value":"venti"},{"id":424,"title":"animation","value":"animation"},{"id":2234,"title":"meme","value":"meme"}],"categories":[{"id":14,"title":"Cartoons","permalink":"cartoons","subscriptions_count":10092974,"big_image_url":"https://coub-anubis-a.akamaized.net/coub_storage/category/cw_image/f8ede745da4/2e6c3a22d04db1a6a25e3/big_1544759035_cartoons2.png","small_image_url":"https://coub-anubis-a.akamaized.net/coub_storage/category/cw_image/f8ede745da4/2e6c3a22d04db1a6a25e3/small_1544759035_cartoons2.png","med_image_url":"https://coub-anubis-a.akamaized.net/coub_storage/category/cw_image/f8ede745da4/2e6c3a22d04db1a6a25e3/med_1544759035_cartoons2.png","visible":true}],"communities":[{"id":14,"title":"Cartoons","permalink":"cartoons","subscriptions_count":10092974,"big_image_url":"https://coub-anubis-a.akamaized.net/coub_storage/category/cw_image/f8ede745da4/2e6c3a22d04db1a6a25e3/big_1544759035_cartoons2.png","small_image_url":"https://coub-anubis-a.akamaized.net/coub_storage/category/cw_image/f8ede745da4/2e6c3a22d04db1a6a25e3/small_1544759035_cartoons2.png","med_image_url":"https://coub-anubis-a.akamaized.net/coub_storage/category/cw_image/f8ede745da4/2e6c3a22d04db1a6a25e3/med_1544759035_cartoons2.png","i_subscribed":true,"community_notifications_enabled":null,"description":null}],"recoubs_count":192,"remixes_count":0,"likes_count":1165,"dislikes_count":0,"raw_video_id":16079690,"uploaded_by_ios_app":false,"uploaded_by_android_app":true,"media_blocks":{"uploaded_raw_videos":[],"external_raw_videos":[{"id":37960358,"title":"ГОСПОДЬ ГОСПОДЬ {meme}| Genshin Impact Venti","url":"https://www.youtube.com/watch?v=Wi_f3uW8mNE","image":null,"image_retina":null,"meta":{"service":"Youtube","duration":"65.4"},"duration":65.4,"raw_video_id":16079690,"has_embed":true}],"remixed_from_coubs":[],"external_video":{"id":37960358,"title":"ГОСПОДЬ ГОСПОДЬ {meme}| Genshin Impact Venti","url":"https://www.youtube.com/watch?v=Wi_f3uW8mNE","image":null,"image_retina":null,"meta":{"service":"Youtube","duration":"65.4"},"duration":65.4,"raw_video_id":16079690,"has_embed":true}},"raw_video_thumbnail_url":"/missing/missing.png","raw_video_title":"ГОСПОДЬ ГОСПОДЬ {meme}| Genshin Impact Venti","video_block_banned":false,"duration":7.08,"promo_winner":false,"promo_winner_recoubers":null,"editorial_info":{},"promo_hint":null,"beeline_best_2014":null,"from_web_editor":false,"normalize_sound":true,"normalize_change_allowed":true,"best2015_addable":false,"ahmad_promo":null,"promo_data":null,"audio_copyright_claim":null,"ads_disabled":false,"is_safe_for_ads":true,"megafon_contents":[],"position_on_page":6},{"flag":null,"abuses":null,"recoubs_by_users_channels":null,"favourite":false,"promoted_id":null,"recoub":null,"like":null,"dislike":null,"reaction":null,"in_my_best2015":false,"id":116995664,"type":"Coub::Simple","permalink":"1x8zsf","title":"Lilium","visibility_type":"public","original_visibility_type":"public","channel_id":2384439,"created_at":"2019-07-04T07:20:38Z","updated_at":"2022-03-18T05:50:31Z","is_done":true,"views_count":102082,"cotd":null,"cotd_at":null,"visible_on_explore_root":false,"visible_on_explore":false,"featured":false,"published":true,"published_at":"2019-07-04T07:20:38Z","reversed":false,"from_editor_v2":true,"is_editable":true,"original_sound":false,"has_sound":false,"recoub_to":null,"file_versions":{"html5":{"video":{"higher":{"url":"https://coub-anubis-a.akamaized.net/coub_storage/coub/simple/cw_file/b13c04dbc81/270967a9fdb35617d26fb/muted_mp4_huge_size_1569808077_muted_huge.mp4","size":1448276},"high":{"url":"https://coub-anubis-a.akamaized.net/coub_storage/coub/simple/cw_file/b13c04dbc81/270967a9fdb35617d26fb/muted_mp4_big_size_1569808077_muted_big.mp4","size":1015933},"med":{"url":"https://coub-anubis-a.akamaized.net/coub_storage/coub/simple/cw_file/b13c04dbc81/270967a9fdb35617d26fb/muted_mp4_med_size_1569808077_muted_med.mp4","size":294319}},"audio":{"high":{"url":"https://coub-anubis-a.akamaized.net/coub_storage/coub/simple/cw_looped_audio_high/cb6f0e90f55/d6d0ff657efa5b5b5e994/1605654553_high_1562224892_high.mp3","size":7023310},"med":{"url":"https://coub-anubis-a.akamaized.net/coub_storage/coub/simple/cw_looped_audio_med/ec9b2cd447b/304b0962e6cb88c5b13fe/1605654552_med_1562224892_med.mp3","size":5401158}}},"mobile":{"video":"https://coub-anubis-a.akamaized.net/coub_storage/coub/simple/cw_file/b13c04dbc81/270967a9fdb35617d26fb/muted_mp4_med_size_1569808077_muted_med.mp4","audio":["https://coub-anubis-a.akamaized.net/coub_storage/coub/simple/cw_looped_audio_med/ec9b2cd447b/304b0962e6cb88c5b13fe/1605654552_med_1562224892_med.mp3"]},"share":{"default":"https://coub-anubis-a.akamaized.net/coub_storage/coub/simple/cw_video_for_sharing/19029d6464e/e937572832ea2550bc661/1622317185_looped_1622317185.mp4"}},"audio_versions":{"template":"https://coub-anubis-a.akamaized.net/coub_storage/audio_track/cw_normalized_copy/6e4eb072648/686018d036d564dd32a8a/mid_1570032884_normalized_1558092306_audio.mp3","versions":["mid","low"]},"image_versions":{"template":"https://coub-anubis-a.akamaized.net/coub_storage/coub/simple/cw_image/63aa0474af9/77f9afa81f5caf5ef79a3/1562224916_00032.jpg","versions":["micro","tiny","age_restricted","ios_large","ios_mosaic","big","med","small","pinterest"]},"first_frame_versions":{"template":"https://coub-anubis-a.akamaized.net/coub_storage/coub/simple/cw_timeline_pic/dc7e1969a4f/3e73b80074bcf7954a563/%{version}_1562224916_image.jpg","versions":["big","med","small","ios_large"]},"dimensions":{"big":[1280,720],"med":[640,360]},"site_w_h":[640,360],"page_w_h":[640,360],"site_w_h_small":[310,174],"size":[1280,720],"age_restricted":false,"age_restricted_by_admin":false,"not_safe_for_work":false,"allow_reuse":false,"dont_crop":false,"banned":false,"global_safe":true,"audio_file_url":"https://coub-anubis-a.akamaized.net/coub_storage/audio_track/cw_normalized_copy/6e4eb072648/686018d036d564dd32a8a/low_1570032884_normalized_1558092306_audio.mp3","external_download":false,"application":null,"channel":{"id":2384439,"permalink":"peresmeshnik3","title":"Peresmeshnik","description":null,"followers_count":41,"following_count":118,"avatar_versions":{"template":"https://coubsecureassets-a.akamaihd.net/assets/default-avatars/244-12382e8ab7d2d243fa53f169e9801db40666b0ec020e1f361aa6fe1773b4982d.png"}},"file":null,"picture":"https://coub-anubis-a.akamaized.net/coub_storage/coub/simple/cw_image/63aa0474af9/77f9afa81f5caf5ef79a3/1562224916_00032.jpg","timeline_picture":"https://coub-anubis-a.akamaized.net/coub_storage/coub/simple/cw_timeline_pic/dc7e1969a4f/3e73b80074bcf7954a563/ios_large_1562224916_image.jpg","small_picture":"https://coub-anubis-a.akamaized.net/coub_storage/coub/simple/cw_image/63aa0474af9/77f9afa81f5caf5ef79a3/1562224916_00032.jpg","sharing_picture":null,"percent_done":100,"tags":[{"id":32900,"title":"ergo proxy","value":"ergo%20proxy"},{"id":1225281,"title":"эрго прокси","value":"%D1%8D%D1%80%D0%B3%D0%BE%20%D0%BF%D1%80%D0%BE%D0%BA%D1%81%D0%B8"},{"id":1044598,"title":"vincent law","value":"vincent%20law"},{"id":3711097,"title":"monad proxy","value":"monad%20proxy"},{"id":3671631,"title":"shukou murase","value":"shukou%20murase"},{"id":3724,"title":"amv","value":"amv"},{"id":298,"title":"love","value":"love"},{"id":50,"title":"coub","value":"coub"},{"id":165,"title":"anime","value":"anime"},{"id":164,"title":"аниме","value":"%D0%B0%D0%BD%D0%B8%D0%BC%D0%B5"},{"id":86,"title":"music","value":"music"},{"id":16783,"title":"драма","value":"%D0%B4%D1%80%D0%B0%D0%BC%D0%B0"},{"id":3166,"title":"drama","value":"drama"},{"id":3082,"title":"video","value":"video"},{"id":66881,"title":"anime amv","value":"anime%20amv"},{"id":367144,"title":"anime coub","value":"anime%20coub"},{"id":7618,"title":"musicvideo","value":"musicvideo"},{"id":518615,"title":"павел пламенев","value":"%D0%BF%D0%B0%D0%B2%D0%B5%D0%BB%20%D0%BF%D0%BB%D0%B0%D0%BC%D0%B5%D0%BD%D0%B5%D0%B2"},{"id":39840,"title":"music coub","value":"music%20coub"}],"categories":[{"id":14,"title":"Cartoons","permalink":"cartoons","subscriptions_count":10092974,"big_image_url":"https://coub-anubis-a.akamaized.net/coub_storage/category/cw_image/f8ede745da4/2e6c3a22d04db1a6a25e3/big_1544759035_cartoons2.png","small_image_url":"https://coub-anubis-a.akamaized.net/coub_storage/category/cw_image/f8ede745da4/2e6c3a22d04db1a6a25e3/small_1544759035_cartoons2.png","med_image_url":"https://coub-anubis-a.akamaized.net/coub_storage/category/cw_image/f8ede745da4/2e6c3a22d04db1a6a25e3/med_1544759035_cartoons2.png","visible":true}],"communities":[{"id":14,"title":"Cartoons","permalink":"cartoons","subscriptions_count":10092974,"big_image_url":"https://coub-anubis-a.akamaized.net/coub_storage/category/cw_image/f8ede745da4/2e6c3a22d04db1a6a25e3/big_1544759035_cartoons2.png","small_image_url":"https://coub-anubis-a.akamaized.net/coub_storage/category/cw_image/f8ede745da4/2e6c3a22d04db1a6a25e3/small_1544759035_cartoons2.png","med_image_url":"https://coub-anubis-a.akamaized.net/coub_storage/category/cw_image/f8ede745da4/2e6c3a22d04db1a6a25e3/med_1544759035_cartoons2.png","i_subscribed":true,"community_notifications_enabled":null,"description":null}],"recoubs_count":291,"remixes_count":3,"likes_count":1165,"dislikes_count":0,"raw_video_id":"","uploaded_by_ios_app":true,"uploaded_by_android_app":false,"media_blocks":{"uploaded_raw_videos":[],"external_raw_videos":[],"remixed_from_coubs":[{"id":24792519,"title":"Ergo proxy AMV","url":"http://coub.com/coubs/13h9lt/remix","image":"https://coub-anubis-a.akamaized.net/coub_storage/media_block/cw_image/96dafdf19e8/714a246d1dffefe5be4f0/1518776363_1518776325_00032.jpg","image_retina":"https://coub-anubis-a.akamaized.net/coub_storage/media_block/cw_image/96dafdf19e8/714a246d1dffefe5be4f0/1518776363_1518776325_00032.jpg","meta":{"duration":"10.0"},"duration":null,"coub_channel_title":"Sleepwalker1x1","coub_channel_permalink":"sleepwalker1x1","coub_views_count":3322,"coub_permalink":"13h9lt"}]},"raw_video_thumbnail_url":"","raw_video_title":"","video_block_banned":false,"duration":10.0,"promo_winner":false,"promo_winner_recoubers":null,"editorial_info":{},"promo_hint":null,"beeline_best_2014":null,"from_web_editor":false,"normalize_sound":true,"normalize_change_allowed":true,"best2015_addable":false,"ahmad_promo":null,"promo_data":null,"audio_copyright_claim":null,"ads_disabled":false,"is_safe_for_ads":true,"megafon_contents":[],"position_on_page":7},{"flag":null,"abuses":null,"recoubs_by_users_channels":null,"favourite":false,"promoted_id":null,"recoub":null,"like":null,"dislike":null,"reaction":null,"in_my_best2015":false,"id":71519348,"type":"Coub::Simple","permalink":"165jj1","title":"Homer","visibility_type":"public","original_visibility_type":"public","channel_id":2042856,"created_at":"2018-04-09T09:39:08Z","updated_at":"2022-03-09T11:04:28Z","is_done":true,"views_count":77014,"cotd":null,"cotd_at":null,"visible_on_explore_root":false,"visible_on_explore":false,"featured":false,"published":true,"published_at":"2018-04-09T09:39:08Z","reversed":false,"from_editor_v2":true,"is_editable":true,"original_sound":false,"has_sound":false,"recoub_to":null,"file_versions":{"html5":{"video":{"higher":{"url":"https://coub-anubis-a.akamaized.net/coub_storage/coub/simple/cw_file/1380eb28422/69f042317678f30892168/muted_mp4_huge_size_1568218199_muted_huge.mp4","size":6674925},"high":{"url":"https://coub-anubis-a.akamaized.net/coub_storage/coub/simple/cw_file/1380eb28422/69f042317678f30892168/muted_mp4_big_size_1568218199_muted_big.mp4","size":5076047},"med":{"url":"https://coub-anubis-a.akamaized.net/coub_storage/coub/simple/cw_file/1380eb28422/69f042317678f30892168/muted_mp4_med_size_1568218199_muted_med.mp4","size":1748841}},"audio":{"high":{"url":"https://coub-anubis-a.akamaized.net/coub_storage/coub/simple/cw_looped_audio_high/c07dcd870a6/98c06ab8db6a2741584f2/1605645416_high_1523266771_high.mp3","size":3413317},"med":{"url":"https://coub-anubis-a.akamaized.net/coub_storage/coub/simple/cw_looped_audio_med/96e22392f30/d97f32c886e59ec372b9e/1605645415_med_1523266771_med.mp3","size":2649900}}},"mobile":{"video":"https://coub-anubis-a.akamaized.net/coub_storage/coub/simple/cw_file/1380eb28422/69f042317678f30892168/muted_mp4_med_size_1568218199_muted_med.mp4","audio":["https://coub-anubis-a.akamaized.net/coub_storage/coub/simple/cw_looped_audio_med/96e22392f30/d97f32c886e59ec372b9e/1605645415_med_1523266771_med.mp3"]},"share":{"default":"https://coub-anubis-a.akamaized.net/coub_storage/coub/simple/cw_video_for_sharing/a959d21636d/77db2914ff3b6f478fdcc/1618633704_looped_1618633703.mp4"}},"audio_versions":{"template":"https://coub-anubis-a.akamaized.net/coub_storage/audio_track/cw_normalized_copy/da636ca5b2f/78836e8c798ec6eee1e76/mid_1525375156_y59la1_normalized_1523266171_audio.mp3","versions":["mid","low"]},"image_versions":{"template":"https://coub-anubis-a.akamaized.net/coub_storage/coub/simple/cw_image/9b171421ea9/8e74094a39f9fe6b50ac3/1523266784_00032.jpg","versions":["micro","tiny","age_restricted","ios_large","ios_mosaic","big","med","small","pinterest"]},"first_frame_versions":{"template":"https://coub-anubis-a.akamaized.net/coub_storage/coub/simple/cw_timeline_pic/faadbbab998/be2ee0b627197c433b61c/%{version}_1523266783_image.jpg","versions":["big","med","small","ios_large"]},"dimensions":{"big":[1280,720],"med":[640,360]},"site_w_h":[640,360],"page_w_h":[640,360],"site_w_h_small":[310,174],"size":[1280,720],"age_restricted":false,"age_restricted_by_admin":false,"not_safe_for_work":false,"allow_reuse":false,"dont_crop":false,"banned":false,"global_safe":true,"audio_file_url":"https://coub-anubis-a.akamaized.net/coub_storage/audio_track/cw_normalized_copy/da636ca5b2f/78836e8c798ec6eee1e76/low_1525375156_y59la1_normalized_1523266171_audio.mp3","external_download":false,"application":null,"channel":{"id":2042856,"permalink":"spoch-217","title":"Spoch","description":null,"followers_count":93,"following_count":13,"avatar_versions":{"template":"https://coub-anubis-a.akamaized.net/coub_storage/channel/cw_avatar/569a41dd544/c5e65618a8b82206d3c5d/%{version}_1607681099_izijdv_1520634361_Yellow_1.jpg","versions":["medium","medium_2x","profile_pic","profile_pic_new","profile_pic_new_2x","tiny","tiny_2x","small","small_2x","ios_large","ios_small"]}},"file":null,"picture":"https://coub-anubis-a.akamaized.net/coub_storage/coub/simple/cw_image/9b171421ea9/8e74094a39f9fe6b50ac3/1523266784_00032.jpg","timeline_picture":"https://coub-anubis-a.akamaized.net/coub_storage/coub/simple/cw_timeline_pic/faadbbab998/be2ee0b627197c433b61c/ios_large_1523266783_image.jpg","small_picture":"https://coub-anubis-a.akamaized.net/coub_storage/coub/simple/cw_image/9b171421ea9/8e74094a39f9fe6b50ac3/1523266784_00032.jpg","sharing_picture":null,"percent_done":100,"tags":[{"id":9567,"title":"simpson","value":"simpson"},{"id":173,"title":"epic","value":"epic"},{"id":51883,"title":"jetta","value":"jetta"},{"id":114683,"title":"change the world","value":"change%20the%20world"},{"id":3907629,"title":"https://www.youtube.com/watch?v=-nzrhlc_5qu","value":"https://www.youtube.com/watch?v=-nzrhlc_5qu"},{"id":1057559,"title":"hucci - roll it up","value":"hucci%20-%20roll%20it%20up"}],"categories":[{"id":14,"title":"Cartoons","permalink":"cartoons","subscriptions_count":10092974,"big_image_url":"https://coub-anubis-a.akamaized.net/coub_storage/category/cw_image/f8ede745da4/2e6c3a22d04db1a6a25e3/big_1544759035_cartoons2.png","small_image_url":"https://coub-anubis-a.akamaized.net/coub_storage/category/cw_image/f8ede745da4/2e6c3a22d04db1a6a25e3/small_1544759035_cartoons2.png","med_image_url":"https://coub-anubis-a.akamaized.net/coub_storage/category/cw_image/f8ede745da4/2e6c3a22d04db1a6a25e3/med_1544759035_cartoons2.png","visible":true}],"communities":[{"id":14,"title":"Cartoons","permalink":"cartoons","subscriptions_count":10092974,"big_image_url":"https://coub-anubis-a.akamaized.net/coub_storage/category/cw_image/f8ede745da4/2e6c3a22d04db1a6a25e3/big_1544759035_cartoons2.png","small_image_url":"https://coub-anubis-a.akamaized.net/coub_storage/category/cw_image/f8ede745da4/2e6c3a22d04db1a6a25e3/small_1544759035_cartoons2.png","med_image_url":"https://coub-anubis-a.akamaized.net/coub_storage/category/cw_image/f8ede745da4/2e6c3a22d04db1a6a25e3/med_1544759035_cartoons2.png","i_subscribed":true,"community_notifications_enabled":null,"description":null}],"recoubs_count":318,"remixes_count":7,"likes_count":1165,"dislikes_count":0,"raw_video_id":"","uploaded_by_ios_app":false,"uploaded_by_android_app":false,"media_blocks":{"uploaded_raw_videos":[],"external_raw_videos":[],"remixed_from_coubs":[{"id":25057223,"title":"Simpsons & Jetta - I Love to Change the World (Matstubs Remix)","url":"http://coub.com/coubs/1459a3/remix","image":"https://coub-anubis-a.akamaized.net/coub_storage/media_block/cw_image/e68bfa5ac22/5fd669999041fd78971d2/1519904414_1519904360_00032.jpg","image_retina":"https://coub-anubis-a.akamaized.net/coub_storage/media_block/cw_image/e68bfa5ac22/5fd669999041fd78971d2/1519904414_1519904360_00032.jpg","meta":{"duration":"10.0"},"duration":null,"coub_channel_title":"Юрий Шпак","coub_channel_permalink":"yr4ansky","coub_views_count":14920,"coub_permalink":"1459a3"}]},"raw_video_thumbnail_url":"","raw_video_title":"","video_block_banned":false,"duration":10.0,"promo_winner":false,"promo_winner_recoubers":null,"editorial_info":{},"promo_hint":null,"beeline_best_2014":null,"from_web_editor":true,"normalize_sound":true,"normalize_change_allowed":true,"best2015_addable":false,"ahmad_promo":null,"promo_data":null,"audio_copyright_claim":null,"ads_disabled":false,"is_safe_for_ads":true,"megafon_contents":[],"position_on_page":8},{"flag":null,"abuses":null,"recoubs_by_users_channels":null,"favourite":false,"promoted_id":null,"recoub":null,"like":null,"dislike":null,"reaction":null,"in_my_best2015":false,"id":2474890,"type":"Coub::Simple","permalink":"10w8s","title":" Duffy – Mercy","visibility_type":"public","original_visibility_type":"public","channel_id":130868,"created_at":"2014-03-24T14:45:11Z","updated_at":"2022-03-18T06:46:44Z","is_done":true,"views_count":155582,"cotd":null,"cotd_at":null,"visible_on_explore_root":true,"visible_on_explore":true,"featured":true,"published":true,"published_at":"2014-03-24T14:45:11Z","reversed":false,"from_editor_v2":true,"is_editable":true,"original_sound":false,"has_sound":false,"recoub_to":null,"file_versions":{"html5":{"video":{"higher":{"url":"https://coub-anubis-a.akamaized.net/coub_storage/coub/simple/cw_file/892c5651abc/a66f2c446d34e30fa3305/muted_mp4_huge_size_1567700831_muted_huge.mp4","size":234728},"high":{"url":"https://coub-anubis-a.akamaized.net/coub_storage/coub/simple/cw_file/892c5651abc/a66f2c446d34e30fa3305/muted_mp4_big_size_1567700831_muted_big.mp4","size":174318},"med":{"url":"https://coub-anubis-a.akamaized.net/coub_storage/coub/simple/cw_file/892c5651abc/a66f2c446d34e30fa3305/muted_mp4_med_size_1567700831_muted_med.mp4","size":73340}},"audio":{"high":{"url":"https://coub-anubis-a.akamaized.net/coub_storage/coub/simple/cw_looped_audio_high/d5ae7c1b1d7/5110b7a4c725f04ac9ac3/1605425564_high_1446008586_high.mp3","size":5356564},"med":{"url":"https://coub-anubis-a.akamaized.net/coub_storage/coub/simple/cw_looped_audio_med/d91f9be9ba0/8214adaa5263ef34777a4/1605425563_med_1446008586_med.mp3","size":3571042}}},"mobile":{"video":"https://coub-anubis-a.akamaized.net/coub_storage/coub/simple/cw_file/892c5651abc/a66f2c446d34e30fa3305/muted_mp4_med_size_1567700831_muted_med.mp4","audio":["https://coub-anubis-a.akamaized.net/coub_storage/coub/simple/cw_looped_audio_med/d91f9be9ba0/8214adaa5263ef34777a4/1605425563_med_1446008586_med.mp3"]},"share":{"default":"https://coub-anubis-a.akamaized.net/coub_storage/coub/simple/cw_video_for_sharing/00127e4294e/0b157128c26a35d10cf91/1618178566_looped_1618178565.mp4"}},"audio_versions":{"template":"https://coub-anubis-a.akamaized.net/coub_storage/coub/simple/cw_audio/8ff6dca0f50/5f3da858c65cfca45c389/mid_1406403609_1400872008_out.mp3","versions":["mid","low"]},"image_versions":{"template":"https://coub-anubis-a.akamaized.net/coub_storage/coub/simple/cw_image/8ff6dca0f50/5f3da858c65cfca45c389/1410994955_1395672344_00010.jpg","versions":["micro","tiny","age_restricted","ios_large","ios_mosaic","big","med","small","pinterest"]},"first_frame_versions":{"template":"https://coub-anubis-a.akamaized.net/coub_storage/coub/simple/cw_timeline_pic/8ff6dca0f50/5f3da858c65cfca45c389/%{version}_1411098996_1395672344_image.jpg","versions":["big","med","small","ios_large"]},"dimensions":{"big":[1280,414],"med":[640,206]},"site_w_h":[640,207],"page_w_h":[640,207],"site_w_h_small":[310,100],"size":[1280,414],"age_restricted":false,"age_restricted_by_admin":false,"not_safe_for_work":null,"allow_reuse":false,"dont_crop":false,"banned":false,"global_safe":true,"audio_file_url":"https://coub-anubis-a.akamaized.net/coub_storage/coub/simple/cw_audio/8ff6dca0f50/5f3da858c65cfca45c389/low_1406403609_1400872008_out.mp3","external_download":false,"application":null,"channel":{"id":130868,"permalink":"stranger-in-the-crowd","title":"stranger in the crowd","description":null,"followers_count":707,"following_count":32,"avatar_versions":{"template":"https://coub-anubis-a.akamaized.net/coub_storage/channel/cw_avatar/53fcde1be56/c6dea48912fb6c15005ce/%{version}_1551301960_LYbAKqF0Qjc.jpg","versions":["medium","medium_2x","profile_pic","profile_pic_new","profile_pic_new_2x","tiny","tiny_2x","small","small_2x","ios_large","ios_small"]}},"file":null,"picture":"https://coub-anubis-a.akamaized.net/coub_storage/coub/simple/cw_image/8ff6dca0f50/5f3da858c65cfca45c389/1410994955_1395672344_00010.jpg","timeline_picture":"https://coub-anubis-a.akamaized.net/coub_storage/coub/simple/cw_timeline_pic/8ff6dca0f50/5f3da858c65cfca45c389/ios_large_1411098996_1395672344_image.jpg","small_picture":"https://coub-anubis-a.akamaized.net/coub_storage/coub/simple/cw_image/8ff6dca0f50/5f3da858c65cfca45c389/1410994955_1395672344_00010.jpg","sharing_picture":null,"percent_done":100,"tags":[{"id":424,"title":"animation","value":"animation"},{"id":86,"title":"music","value":"music"}],"categories":[{"id":14,"title":"Cartoons","permalink":"cartoons","subscriptions_count":10092974,"big_image_url":"https://coub-anubis-a.akamaized.net/coub_storage/category/cw_image/f8ede745da4/2e6c3a22d04db1a6a25e3/big_1544759035_cartoons2.png","small_image_url":"https://coub-anubis-a.akamaized.net/coub_storage/category/cw_image/f8ede745da4/2e6c3a22d04db1a6a25e3/small_1544759035_cartoons2.png","med_image_url":"https://coub-anubis-a.akamaized.net/coub_storage/category/cw_image/f8ede745da4/2e6c3a22d04db1a6a25e3/med_1544759035_cartoons2.png","visible":true}],"communities":[{"id":14,"title":"Cartoons","permalink":"cartoons","subscriptions_count":10092974,"big_image_url":"https://coub-anubis-a.akamaized.net/coub_storage/category/cw_image/f8ede745da4/2e6c3a22d04db1a6a25e3/big_1544759035_cartoons2.png","small_image_url":"https://coub-anubis-a.akamaized.net/coub_storage/category/cw_image/f8ede745da4/2e6c3a22d04db1a6a25e3/small_1544759035_cartoons2.png","med_image_url":"https://coub-anubis-a.akamaized.net/coub_storage/category/cw_image/f8ede745da4/2e6c3a22d04db1a6a25e3/med_1544759035_cartoons2.png","i_subscribed":true,"community_notifications_enabled":null,"description":null}],"recoubs_count":257,"remixes_count":1,"likes_count":1165,"dislikes_count":0,"raw_video_id":550818,"uploaded_by_ios_app":false,"uploaded_by_android_app":false,"media_blocks":{"uploaded_raw_videos":[],"external_raw_videos":[],"remixed_from_coubs":[],"audio_track":{"id":19238091,"title":"Mercy","url":"https://geo.itunes.apple.com/us/album/mercy/id279016542?i=279016736&uo=4&at=10l5bB&app=music","image":"https://coub-anubis-a.akamaized.net/coub_storage/media_block/cw_image/7399a734b8f/28895c8fc8df67c110ebd/1492062194_1407426668_1395672263_10xc8l_att-url-download.jpg","image_retina":"https://coub-anubis-a.akamaized.net/coub_storage/media_block/cw_image/7399a734b8f/28895c8fc8df67c110ebd/1492062194_1407426668_1395672263_10xc8l_att-url-download.jpg","meta":{"year":null,"album":null,"title":"Mercy","artist":"Duffy","echonest_id":null},"duration":null,"amazon_url":null,"google_play_url":null,"bandcamp_url":null,"soundcloud_url":null,"track_name":null,"track_artist":null,"track_album":null,"itunes_url":"https://geo.itunes.apple.com/us/album/mercy/id279016542?i=279016736&uo=4&at=10l5bB&app=music"}},"raw_video_thumbnail_url":"/missing/missing.png","raw_video_title":"omygif (12).gif","video_block_banned":false,"duration":2.92,"promo_winner":false,"promo_winner_recoubers":null,"editorial_info":{},"promo_hint":null,"beeline_best_2014":null,"from_web_editor":true,"normalize_sound":true,"normalize_change_allowed":true,"best2015_addable":false,"ahmad_promo":null,"promo_data":null,"audio_copyright_claim":null,"ads_disabled":null,"is_safe_for_ads":true,"megafon_contents":[],"position_on_page":9},{"flag":null,"abuses":null,"recoubs_by_users_channels":null,"favourite":false,"promoted_id":null,"recoub":null,"like":null,"dislike":null,"reaction":null,"in_my_best2015":false,"id":176001455,"type":"Coub::Simple","permalink":"2wfuhy","title":"30 Year Old Boomer Playing Guitar","visibility_type":"public","original_visibility_type":"public","channel_id":11199435,"created_at":"2021-09-24T04:41:36Z","updated_at":"2022-03-17T08:35:18Z","is_done":true,"views_count":89560,"cotd":null,"cotd_at":null,"visible_on_explore_root":false,"visible_on_explore":false,"featured":false,"published":true,"published_at":"2021-09-24T04:41:35Z","reversed":false,"from_editor_v2":true,"is_editable":true,"original_sound":true,"has_sound":true,"recoub_to":null,"file_versions":{"html5":{"video":{"higher":{"url":"https://coub-anubis-a.akamaized.net/coub_storage/coub/simple/cw_file/f9de8c559aa/e6ef84c83dd4c5e5c3547/muted_mp4_huge_size_1632458524_muted_huge.mp4","size":2306693},"high":{"url":"https://coub-anubis-a.akamaized.net/coub_storage/coub/simple/cw_file/f9de8c559aa/e6ef84c83dd4c5e5c3547/muted_mp4_big_size_1632458524_muted_big.mp4","size":1554439},"med":{"url":"https://coub-anubis-a.akamaized.net/coub_storage/coub/simple/cw_file/f9de8c559aa/e6ef84c83dd4c5e5c3547/muted_mp4_med_size_1632458524_muted_med.mp4","size":492226}},"audio":{"high":{"url":"https://coub-anubis-a.akamaized.net/coub_storage/coub/simple/cw_looped_audio_high/ee752a4e4f6/41e3a6e8c2178e182cfde/1632458527_mp3-high.mp3","size":934067},"med":{"url":"https://coub-anubis-a.akamaized.net/coub_storage/coub/simple/cw_looped_audio_med/e7eb06576f8/535d8147413d1856ade83/1632458526_mp3-med.mp3","size":766696},"sample_duration":10.101}},"mobile":{"video":"https://coub-anubis-a.akamaized.net/coub_storage/coub/simple/cw_file/f9de8c559aa/e6ef84c83dd4c5e5c3547/muted_mp4_med_size_1632458524_muted_med.mp4","audio":["https://coub-anubis-a.akamaized.net/coub_storage/coub/simple/cw_looped_audio_med/e7eb06576f8/535d8147413d1856ade83/1632458526_mp3-med.mp3"]},"share":{"default":"https://coub-anubis-a.akamaized.net/coub_storage/coub/simple/cw_video_for_sharing/8ba9d6f4a40/3197225e78ecc11f93cf0/1632458560_looped_1632458559.mp4"}},"audio_versions":{},"image_versions":{"template":"https://coub-anubis-a.akamaized.net/coub_storage/coub/simple/cw_image/2deba005134/ed5c2938c301e2c0c832a/%{version}_1632458532_00032.jpg","versions":["micro","tiny","age_restricted","ios_large","ios_mosaic","big","med","small","pinterest"]},"first_frame_versions":{"template":"https://coub-anubis-a.akamaized.net/coub_storage/coub/simple/cw_timeline_pic/5d2f4d5bf0f/d27ac6d4c42d034d17376/%{version}_1632458531_image.jpg","versions":["big","med","small","ios_large"]},"dimensions":{"big":[1280,720],"med":[640,360]},"site_w_h":[640,360],"page_w_h":[640,360],"site_w_h_small":[310,174],"size":[1280,720],"age_restricted":false,"age_restricted_by_admin":false,"not_safe_for_work":false,"allow_reuse":false,"dont_crop":true,"banned":false,"global_safe":null,"audio_file_url":null,"external_download":{"type":"Youtube","service_name":"YouTube","url":"https://youtu.be/LzygkxPK6YA","has_embed":true},"application":null,"channel":{"id":11199435,"permalink":"alexander-sunclover","title":"Alexander Sunclover","description":null,"followers_count":41,"following_count":14,"avatar_versions":{"template":"https://coub-anubis-a.akamaized.net/coub_storage/channel/cw_avatar/c1535445e0f/49b569e5fee174bcd6faf/%{version}_1616641916_ava.jpg","versions":["medium","medium_2x","profile_pic","profile_pic_new","profile_pic_new_2x","tiny","tiny_2x","small","small_2x","ios_large","ios_small"]}},"file":null,"picture":"https://coub-anubis-a.akamaized.net/coub_storage/coub/simple/cw_image/2deba005134/ed5c2938c301e2c0c832a/med_1632458532_00032.jpg","timeline_picture":"https://coub-anubis-a.akamaized.net/coub_storage/coub/simple/cw_timeline_pic/5d2f4d5bf0f/d27ac6d4c42d034d17376/ios_large_1632458531_image.jpg","small_picture":"https://coub-anubis-a.akamaized.net/coub_storage/coub/simple/cw_image/2deba005134/ed5c2938c301e2c0c832a/ios_mosaic_1632458532_00032.jpg","sharing_picture":null,"percent_done":100,"tags":[{"id":35380,"title":"boomer","value":"boomer"},{"id":2234,"title":"meme","value":"meme"},{"id":2235,"title":"memes","value":"memes"},{"id":12399,"title":"guitar hero","value":"guitar%20hero"},{"id":1405,"title":"guitar","value":"guitar"},{"id":2543,"title":"hero","value":"hero"},{"id":1390931,"title":"dj hero","value":"dj%20hero"},{"id":1411958,"title":"doomer","value":"doomer"},{"id":286339,"title":"bloomer","value":"bloomer"},{"id":15956,"title":"4chan","value":"4chan"},{"id":14429,"title":"reddit","value":"reddit"},{"id":658636,"title":"zoomer","value":"zoomer"},{"id":4306,"title":"grandpa","value":"grandpa"},{"id":971079,"title":"wojak","value":"wojak"},{"id":50429,"title":"controller","value":"controller"},{"id":42011,"title":"ps2","value":"ps2"},{"id":10017,"title":"playstation","value":"playstation"},{"id":858578,"title":"fortnite","value":"fortnite"},{"id":10329,"title":"dragonforce","value":"dragonforce"},{"id":582583,"title":"guitar hero 3","value":"guitar%20hero%203"},{"id":3866,"title":"live","value":"live"},{"id":2602138,"title":"legends of rock","value":"legends%20of%20rock"},{"id":49193,"title":"encore","value":"encore"},{"id":1682230,"title":"warriors of rock","value":"warriors%20of%20rock"},{"id":451129,"title":"acai","value":"acai"},{"id":53363,"title":"rockband","value":"rockband"},{"id":4678,"title":"rage","value":"rage"},{"id":431,"title":"mad","value":"mad"},{"id":26590,"title":"crying","value":"crying"},{"id":4336,"title":"cry","value":"cry"},{"id":886,"title":"tv","value":"tv"},{"id":130,"title":"house","value":"house"},{"id":282813,"title":"lawn mower","value":"lawn%20mower"},{"id":10556,"title":"mustang","value":"mustang"},{"id":2827161,"title":"randyladyman","value":"randyladyman"},{"id":61623,"title":"monster energy","value":"monster%20energy"},{"id":575900,"title":"sip","value":"sip"},{"id":4826416,"title":"monster white zero","value":"monster%20white%20zero"},{"id":930902,"title":"sipping","value":"sipping"},{"id":37509,"title":"bbq","value":"bbq"},{"id":10728,"title":"jimmy","value":"jimmy"},{"id":12959,"title":"painting","value":"painting"},{"id":34473,"title":"speaker","value":"speaker"},{"id":377686,"title":"loud music","value":"loud%20music"},{"id":4826417,"title":"purple wojak","value":"purple%20wojak"},{"id":48955,"title":"rock and roll","value":"rock%20and%20roll"},{"id":106060,"title":"honk","value":"honk"},{"id":26135,"title":"xbox 360","value":"xbox%20360"},{"id":8537,"title":"ps3","value":"ps3"},{"id":34599,"title":"videogames","value":"videogames"},{"id":2848,"title":"games","value":"games"},{"id":2345,"title":"gaming","value":"gaming"},{"id":13611,"title":"shred","value":"shred"},{"id":76055,"title":"shredding","value":"shredding"},{"id":2053,"title":"metal","value":"metal"},{"id":1087,"title":"rock","value":"rock"},{"id":538724,"title":"vita coco","value":"vita%20coco"}],"categories":[{"id":14,"title":"Cartoons","permalink":"cartoons","subscriptions_count":10092974,"big_image_url":"https://coub-anubis-a.akamaized.net/coub_storage/category/cw_image/f8ede745da4/2e6c3a22d04db1a6a25e3/big_1544759035_cartoons2.png","small_image_url":"https://coub-anubis-a.akamaized.net/coub_storage/category/cw_image/f8ede745da4/2e6c3a22d04db1a6a25e3/small_1544759035_cartoons2.png","med_image_url":"https://coub-anubis-a.akamaized.net/coub_storage/category/cw_image/f8ede745da4/2e6c3a22d04db1a6a25e3/med_1544759035_cartoons2.png","visible":true}],"communities":[{"id":14,"title":"Cartoons","permalink":"cartoons","subscriptions_count":10092974,"big_image_url":"https://coub-anubis-a.akamaized.net/coub_storage/category/cw_image/f8ede745da4/2e6c3a22d04db1a6a25e3/big_1544759035_cartoons2.png","small_image_url":"https://coub-anubis-a.akamaized.net/coub_storage/category/cw_image/f8ede745da4/2e6c3a22d04db1a6a25e3/small_1544759035_cartoons2.png","med_image_url":"https://coub-anubis-a.akamaized.net/coub_storage/category/cw_image/f8ede745da4/2e6c3a22d04db1a6a25e3/med_1544759035_cartoons2.png","i_subscribed":true,"community_notifications_enabled":null,"description":null}],"recoubs_count":198,"remixes_count":0,"likes_count":1164,"dislikes_count":0,"raw_video_id":16791911,"uploaded_by_ios_app":false,"uploaded_by_android_app":false,"media_blocks":{"uploaded_raw_videos":[],"external_raw_videos":[{"id":39724812,"title":"30 Year Old Boomer Playing Guitar","url":"https://www.youtube.com/watch?v=LzygkxPK6YA","image":"https://coub-anubis-a.akamaized.net/coub_storage/media_block/cw_image/3932a73e149/d1a3714ac12de85fccac5/video_1632458260_1ne7gj8_1632458238_1632458237_ro567i_att-url-download.webp","image_retina":"https://coub-anubis-a.akamaized.net/coub_storage/media_block/cw_image/3932a73e149/d1a3714ac12de85fccac5/video_retina_1632458260_1ne7gj8_1632458238_1632458237_ro567i_att-url-download.webp","meta":{"service":"Youtube","duration":"50.32"},"duration":50.32,"raw_video_id":16791911,"has_embed":true}],"remixed_from_coubs":[],"external_video":{"id":39724812,"title":"30 Year Old Boomer Playing Guitar","url":"https://www.youtube.com/watch?v=LzygkxPK6YA","image":"https://coub-anubis-a.akamaized.net/coub_storage/media_block/cw_image/3932a73e149/d1a3714ac12de85fccac5/video_1632458260_1ne7gj8_1632458238_1632458237_ro567i_att-url-download.webp","image_retina":"https://coub-anubis-a.akamaized.net/coub_storage/media_block/cw_image/3932a73e149/d1a3714ac12de85fccac5/video_retina_1632458260_1ne7gj8_1632458238_1632458237_ro567i_att-url-download.webp","meta":{"service":"Youtube","duration":"50.32"},"duration":50.32,"raw_video_id":16791911,"has_embed":true}},"raw_video_thumbnail_url":"https://coub-anubis-a.akamaized.net/coub_storage/raw_video/cw_image/8f7033c5791/542ee123dd5ca9a90145d/coub_media_1632458238_1632458237_ro567i_att-url-download.webp","raw_video_title":"30 Year Old Boomer Playing Guitar","video_block_banned":false,"duration":10.0,"promo_winner":false,"promo_winner_recoubers":null,"editorial_info":{},"promo_hint":null,"beeline_best_2014":null,"from_web_editor":true,"normalize_sound":true,"normalize_change_allowed":true,"best2015_addable":false,"ahmad_promo":null,"promo_data":null,"audio_copyright_claim":null,"ads_disabled":false,"is_safe_for_ads":true,"megafon_contents":[],"position_on_page":10}]}