{"page":409,"per_page":10,"total_pages":500,"coubs":[{"flag":null,"abuses":null,"recoubs_by_users_channels":null,"favourite":false,"promoted_id":null,"recoub":null,"like":null,"dislike":null,"reaction":null,"in_my_best2015":false,"id":130671823,"type":"Coub::Simple","permalink":"25ferk","title":"Euron in Bikini Bottom","visibility_type":"public","original_visibility_type":"public","channel_id":4197488,"created_at":"2019-12-02T13:43:02Z","updated_at":"2022-03-16T01:23:26Z","is_done":true,"views_count":142959,"cotd":null,"cotd_at":null,"visible_on_explore_root":true,"visible_on_explore":true,"featured":true,"published":true,"published_at":"2019-12-02T13:43:02Z","reversed":false,"from_editor_v2":true,"is_editable":true,"original_sound":true,"has_sound":true,"recoub_to":null,"file_versions":{"html5":{"video":{"higher":{"url":"https://coub-anubis-a.akamaized.net/coub_storage/coub/simple/cw_file/1cad980ea3f/4d98d90ee98549767b38b/muted_mp4_huge_size_1588017213_muted_huge.mp4","size":4125009},"high":{"url":"https://coub-anubis-a.akamaized.net/coub_storage/coub/simple/cw_file/1cad980ea3f/4d98d90ee98549767b38b/muted_mp4_big_size_1588017213_muted_big.mp4","size":2819341},"med":{"url":"https://coub-anubis-a.akamaized.net/coub_storage/coub/simple/cw_file/1cad980ea3f/4d98d90ee98549767b38b/muted_mp4_med_size_1588017213_muted_med.mp4","size":920853}},"audio":{"high":{"url":"https://coub-anubis-a.akamaized.net/coub_storage/coub/simple/cw_looped_audio_high/db8b4c95a4e/efb7af4d1f2345940ee9e/1605699243_high_1588017213_high.mp3","size":950805},"med":{"url":"https://coub-anubis-a.akamaized.net/coub_storage/coub/simple/cw_looped_audio_med/31a833c7388/32a27e3129c6b354056d1/1605699242_med_1588017213_med.mp3","size":770372},"sample_duration":10.008}},"mobile":{"video":"https://coub-anubis-a.akamaized.net/coub_storage/coub/simple/cw_file/1cad980ea3f/4d98d90ee98549767b38b/muted_mp4_med_size_1588017213_muted_med.mp4","audio":["https://coub-anubis-a.akamaized.net/coub_storage/coub/simple/cw_looped_audio_med/31a833c7388/32a27e3129c6b354056d1/1605699242_med_1588017213_med.mp3"]},"share":{"default":"https://coub-anubis-a.akamaized.net/coub_storage/coub/simple/cw_video_for_sharing/3b3d141587f/4d5cfd8ceb681a65804c8/1609692586_looped_1609692585.mp4"}},"audio_versions":{},"image_versions":{"template":"https://coub-anubis-a.akamaized.net/coub_storage/coub/simple/cw_image/f1015f3537c/f472c4bdfe039cfd5c0c6/1588017223_00032.jpg","versions":["micro","tiny","age_restricted","ios_large","ios_mosaic","big","med","small","pinterest"]},"first_frame_versions":{"template":"https://coub-anubis-a.akamaized.net/coub_storage/coub/simple/cw_timeline_pic/a864af1335e/5e687a6f4d90cbc06d363/%{version}_1588017222_image.jpg","versions":["big","med","small","ios_large"]},"dimensions":{"big":[1280,720],"med":[640,360]},"site_w_h":[640,360],"page_w_h":[640,360],"site_w_h_small":[310,174],"size":[1280,720],"age_restricted":false,"age_restricted_by_admin":false,"not_safe_for_work":false,"allow_reuse":false,"dont_crop":false,"banned":false,"global_safe":true,"audio_file_url":null,"external_download":false,"application":null,"channel":{"id":4197488,"permalink":"andysnow","title":"AndySnow","description":"Welcome to my channel","followers_count":7534,"following_count":453,"avatar_versions":{"template":"https://coub-anubis-a.akamaized.net/coub_storage/channel/cw_avatar/169777944ea/3e41467a7281719ddeee6/%{version}_1607420358_1a5m3aq_1596804495_cropped.jpeg","versions":["medium","medium_2x","profile_pic","profile_pic_new","profile_pic_new_2x","tiny","tiny_2x","small","small_2x","ios_large","ios_small"]}},"file":null,"picture":"https://coub-anubis-a.akamaized.net/coub_storage/coub/simple/cw_image/f1015f3537c/f472c4bdfe039cfd5c0c6/1588017223_00032.jpg","timeline_picture":"https://coub-anubis-a.akamaized.net/coub_storage/coub/simple/cw_timeline_pic/a864af1335e/5e687a6f4d90cbc06d363/ios_large_1588017222_image.jpg","small_picture":"https://coub-anubis-a.akamaized.net/coub_storage/coub/simple/cw_image/f1015f3537c/f472c4bdfe039cfd5c0c6/1588017223_00032.jpg","sharing_picture":null,"percent_done":100,"tags":[{"id":774,"title":"game of thrones","value":"game%20of%20thrones"},{"id":409,"title":"spongebob","value":"spongebob"},{"id":1469219,"title":"euron greyjoy","value":"euron%20greyjoy"},{"id":60489,"title":"spongebob squarepants","value":"spongebob%20squarepants"},{"id":288361,"title":"hybrids","value":"hybrids"},{"id":192569,"title":"mashups","value":"mashups"}],"categories":[{"id":37,"title":"Mashup","permalink":"mashup","subscriptions_count":10075240,"big_image_url":"https://coub-anubis-a.akamaized.net/coub_storage/category/cw_image/93ae83fbc3f/4d90453882a0f2e50dbc0/big_1544622036_Mashup.png","small_image_url":"https://coub-anubis-a.akamaized.net/coub_storage/category/cw_image/93ae83fbc3f/4d90453882a0f2e50dbc0/small_1544622036_Mashup.png","med_image_url":"https://coub-anubis-a.akamaized.net/coub_storage/category/cw_image/93ae83fbc3f/4d90453882a0f2e50dbc0/med_1544622036_Mashup.png","visible":true}],"communities":[{"id":37,"title":"Mashup","permalink":"mashup","subscriptions_count":10075240,"big_image_url":"https://coub-anubis-a.akamaized.net/coub_storage/category/cw_image/93ae83fbc3f/4d90453882a0f2e50dbc0/big_1544622036_Mashup.png","small_image_url":"https://coub-anubis-a.akamaized.net/coub_storage/category/cw_image/93ae83fbc3f/4d90453882a0f2e50dbc0/small_1544622036_Mashup.png","med_image_url":"https://coub-anubis-a.akamaized.net/coub_storage/category/cw_image/93ae83fbc3f/4d90453882a0f2e50dbc0/med_1544622036_Mashup.png","i_subscribed":true,"community_notifications_enabled":null,"description":null}],"recoubs_count":265,"remixes_count":1,"likes_count":1877,"dislikes_count":0,"raw_video_id":14532887,"uploaded_by_ios_app":false,"uploaded_by_android_app":false,"media_blocks":{"uploaded_raw_videos":[],"external_raw_videos":[],"remixed_from_coubs":[]},"raw_video_thumbnail_url":"/missing/missing.png","raw_video_title":"Euron_in_Bikini_Bottom.mp4","video_block_banned":false,"duration":10.0,"promo_winner":false,"promo_winner_recoubers":null,"editorial_info":{},"promo_hint":null,"beeline_best_2014":null,"from_web_editor":true,"normalize_sound":true,"normalize_change_allowed":true,"best2015_addable":false,"ahmad_promo":null,"promo_data":null,"audio_copyright_claim":null,"ads_disabled":false,"is_safe_for_ads":true,"megafon_contents":[{"id":332266,"content":{"title":"Губка Боб – квадратные штаны","year":2004,"kind":"film","season":null,"parental_rating":0,"url":"https://megafon.tv/movies/vods/Gubka_bob_kvadratnye_shtany_2004?utm_source=coub&utm_medium=shazam&utm_campaign=ml-tv_megafon-tv_coub-shazam-special_nov-dec_2019","preview_url":"https://static-sesure.cdn.megafon.tv/images/Film/a7/09/bab24d3296b0527934138d9569951c9aa101/tile__external.jpeg"},"match_duration":1.33,"max_frame_diff":10,"is_correct":null}],"position_on_page":1},{"flag":null,"abuses":null,"recoubs_by_users_channels":null,"favourite":false,"promoted_id":null,"recoub":null,"like":null,"dislike":null,"reaction":null,"in_my_best2015":false,"id":110832568,"type":"Coub::Simple","permalink":"1tkw9v","title":"I am not afraid","visibility_type":"public","original_visibility_type":"public","channel_id":5550266,"created_at":"2019-05-04T07:43:51Z","updated_at":"2022-03-09T03:50:07Z","is_done":true,"views_count":167113,"cotd":null,"cotd_at":null,"visible_on_explore_root":true,"visible_on_explore":true,"featured":true,"published":true,"published_at":"2019-05-04T07:43:50Z","reversed":false,"from_editor_v2":true,"is_editable":true,"original_sound":true,"has_sound":true,"recoub_to":null,"file_versions":{"html5":{"video":{"higher":{"url":"https://coub-anubis-a.akamaized.net/coub_storage/coub/simple/cw_file/1335eba0b2f/39290794e936d376b6b17/muted_mp4_huge_size_1569271523_muted_huge.mp4","size":1896794},"high":{"url":"https://coub-anubis-a.akamaized.net/coub_storage/coub/simple/cw_file/1335eba0b2f/39290794e936d376b6b17/muted_mp4_big_size_1569271523_muted_big.mp4","size":1417133},"med":{"url":"https://coub-anubis-a.akamaized.net/coub_storage/coub/simple/cw_file/1335eba0b2f/39290794e936d376b6b17/muted_mp4_med_size_1569271523_muted_med.mp4","size":407770}},"audio":{"high":{"url":"https://coub-anubis-a.akamaized.net/coub_storage/coub/simple/cw_looped_audio_high/0d27022f3fe/73b38c5c47bd1cdf8231a/1605676272_high_1556955839_high.mp3","size":952761},"med":{"url":"https://coub-anubis-a.akamaized.net/coub_storage/coub/simple/cw_looped_audio_med/23a96e58ce6/6bf3d349afbd75c3bae75/1605676271_med_1556955839_med.mp3","size":799024},"sample_duration":10.009}},"mobile":{"video":"https://coub-anubis-a.akamaized.net/coub_storage/coub/simple/cw_file/1335eba0b2f/39290794e936d376b6b17/muted_mp4_med_size_1569271523_muted_med.mp4","audio":["https://coub-anubis-a.akamaized.net/coub_storage/coub/simple/cw_looped_audio_med/23a96e58ce6/6bf3d349afbd75c3bae75/1605676271_med_1556955839_med.mp3"]},"share":{"default":"https://coub-anubis-a.akamaized.net/coub_storage/coub/simple/cw_video_for_sharing/d7554a9dd13/45bab285becf145531c43/1617096618_looped_1617096618.mp4"}},"audio_versions":{},"image_versions":{"template":"https://coub-anubis-a.akamaized.net/coub_storage/coub/simple/cw_image/5575b0197e7/6a765d19335ed601169c4/1556955847_00032.jpg","versions":["micro","tiny","age_restricted","ios_large","ios_mosaic","big","med","small","pinterest"]},"first_frame_versions":{"template":"https://coub-anubis-a.akamaized.net/coub_storage/coub/simple/cw_timeline_pic/8147e62dc57/daa2709ac30b0f1bd8368/%{version}_1556955846_image.jpg","versions":["big","med","small","ios_large"]},"dimensions":{"big":[1280,720],"med":[640,360]},"site_w_h":[640,360],"page_w_h":[640,360],"site_w_h_small":[310,174],"size":[1280,720],"age_restricted":false,"age_restricted_by_admin":false,"not_safe_for_work":false,"allow_reuse":false,"dont_crop":false,"banned":false,"global_safe":true,"audio_file_url":null,"external_download":false,"application":null,"channel":{"id":5550266,"permalink":"smitty39","title":"Smitty","description":null,"followers_count":33,"following_count":14,"avatar_versions":{"template":"https://coubsecureassets-a.akamaihd.net/assets/default-avatars/321-38fedf6b2ed6fea90f264b97dfc5c529d6b653e0c1f108c9e110593ae8d94b9e.png"}},"file":null,"picture":"https://coub-anubis-a.akamaized.net/coub_storage/coub/simple/cw_image/5575b0197e7/6a765d19335ed601169c4/1556955847_00032.jpg","timeline_picture":"https://coub-anubis-a.akamaized.net/coub_storage/coub/simple/cw_timeline_pic/8147e62dc57/daa2709ac30b0f1bd8368/ios_large_1556955846_image.jpg","small_picture":"https://coub-anubis-a.akamaized.net/coub_storage/coub/simple/cw_image/5575b0197e7/6a765d19335ed601169c4/1556955847_00032.jpg","sharing_picture":null,"percent_done":100,"tags":[{"id":46296,"title":"home alone","value":"home%20alone"},{"id":775,"title":"got","value":"got"},{"id":3308158,"title":"got8","value":"got8"},{"id":4015440,"title":"culkin macaulay","value":"culkin%20macaulay"},{"id":5720,"title":"king","value":"king"},{"id":4864441,"title":"megafontv","value":"megafontv"},{"id":4857148,"title":"gotmegafontv","value":"gotmegafontv"},{"id":4857147,"title":"мегафонтв","value":"%D0%BC%D0%B5%D0%B3%D0%B0%D1%84%D0%BE%D0%BD%D1%82%D0%B2"},{"id":1307357,"title":"мегафон тв","value":"%D0%BC%D0%B5%D0%B3%D0%B0%D1%84%D0%BE%D0%BD%20%D1%82%D0%B2"},{"id":45511,"title":"игра престолов","value":"%D0%B8%D0%B3%D1%80%D0%B0%20%D0%BF%D1%80%D0%B5%D1%81%D1%82%D0%BE%D0%BB%D0%BE%D0%B2"},{"id":16851,"title":"gameofthrones","value":"gameofthrones"}],"categories":[{"id":37,"title":"Mashup","permalink":"mashup","subscriptions_count":10075240,"big_image_url":"https://coub-anubis-a.akamaized.net/coub_storage/category/cw_image/93ae83fbc3f/4d90453882a0f2e50dbc0/big_1544622036_Mashup.png","small_image_url":"https://coub-anubis-a.akamaized.net/coub_storage/category/cw_image/93ae83fbc3f/4d90453882a0f2e50dbc0/small_1544622036_Mashup.png","med_image_url":"https://coub-anubis-a.akamaized.net/coub_storage/category/cw_image/93ae83fbc3f/4d90453882a0f2e50dbc0/med_1544622036_Mashup.png","visible":true}],"communities":[{"id":37,"title":"Mashup","permalink":"mashup","subscriptions_count":10075240,"big_image_url":"https://coub-anubis-a.akamaized.net/coub_storage/category/cw_image/93ae83fbc3f/4d90453882a0f2e50dbc0/big_1544622036_Mashup.png","small_image_url":"https://coub-anubis-a.akamaized.net/coub_storage/category/cw_image/93ae83fbc3f/4d90453882a0f2e50dbc0/small_1544622036_Mashup.png","med_image_url":"https://coub-anubis-a.akamaized.net/coub_storage/category/cw_image/93ae83fbc3f/4d90453882a0f2e50dbc0/med_1544622036_Mashup.png","i_subscribed":true,"community_notifications_enabled":null,"description":null}],"recoubs_count":254,"remixes_count":1,"likes_count":1877,"dislikes_count":0,"raw_video_id":13647855,"uploaded_by_ios_app":false,"uploaded_by_android_app":false,"media_blocks":{"uploaded_raw_videos":[],"external_raw_videos":[],"remixed_from_coubs":[]},"raw_video_thumbnail_url":"/missing/missing.png","raw_video_title":"King.mp4","video_block_banned":false,"duration":10.0,"promo_winner":true,"promo_winner_recoubers":[[5481327,"megafontv"]],"editorial_info":{},"promo_hint":null,"beeline_best_2014":null,"from_web_editor":true,"normalize_sound":true,"normalize_change_allowed":true,"best2015_addable":false,"ahmad_promo":null,"promo_data":null,"audio_copyright_claim":null,"ads_disabled":false,"is_safe_for_ads":true,"megafon_contents":[],"position_on_page":2},{"flag":null,"abuses":null,"recoubs_by_users_channels":null,"favourite":false,"promoted_id":null,"recoub":null,"like":null,"dislike":null,"reaction":null,"in_my_best2015":false,"id":101459790,"type":"Coub::Simple","permalink":"1o005c","title":"Bonecrusher","visibility_type":"public","original_visibility_type":"public","channel_id":186801,"created_at":"2019-02-10T21:16:37Z","updated_at":"2022-03-07T16:15:42Z","is_done":true,"views_count":128816,"cotd":null,"cotd_at":null,"visible_on_explore_root":true,"visible_on_explore":true,"featured":true,"published":true,"published_at":"2019-02-10T21:16:37Z","reversed":false,"from_editor_v2":true,"is_editable":true,"original_sound":false,"has_sound":false,"recoub_to":null,"file_versions":{"html5":{"video":{"higher":{"url":"https://coub-anubis-a.akamaized.net/coub_storage/coub/simple/cw_file/3970c150781/9a58ec157f86ce8f414bc/muted_mp4_huge_size_1570196368_muted_huge.mp4","size":4837080},"high":{"url":"https://coub-anubis-a.akamaized.net/coub_storage/coub/simple/cw_file/3970c150781/9a58ec157f86ce8f414bc/muted_mp4_big_size_1570196368_muted_big.mp4","size":3389206},"med":{"url":"https://coub-anubis-a.akamaized.net/coub_storage/coub/simple/cw_file/3970c150781/9a58ec157f86ce8f414bc/muted_mp4_med_size_1570196368_muted_med.mp4","size":1344377}},"audio":{"high":{"url":"https://coub-anubis-a.akamaized.net/coub_storage/coub/simple/cw_looped_audio_high/b6a7db3c154/6edc1749b140ac54879a3/1605671853_high_1549833456_high.mp3","size":4974439},"med":{"url":"https://coub-anubis-a.akamaized.net/coub_storage/coub/simple/cw_looped_audio_med/303c5dd6142/9bedaeb527f35c345752b/1605671852_med_1549833456_med.mp3","size":3515414}}},"mobile":{"video":"https://coub-anubis-a.akamaized.net/coub_storage/coub/simple/cw_file/3970c150781/9a58ec157f86ce8f414bc/muted_mp4_med_size_1570196368_muted_med.mp4","audio":["https://coub-anubis-a.akamaized.net/coub_storage/coub/simple/cw_looped_audio_med/303c5dd6142/9bedaeb527f35c345752b/1605671852_med_1549833456_med.mp3"]},"share":{"default":"https://coub-anubis-a.akamaized.net/coub_storage/coub/simple/cw_video_for_sharing/7045b17f5ee/427f6077034f3780061c1/1610603840_looped_1610603840.mp4"}},"audio_versions":{"template":"https://coub-anubis-a.akamaized.net/coub_storage/audio_track/cw_normalized_copy/25c6f5c86ea/a93d96ca9f17099beb9f1/mid_1555065976_normalized_1473110194_audio.mp3","versions":["mid","low"]},"image_versions":{"template":"https://coub-anubis-a.akamaized.net/coub_storage/coub/simple/cw_image/c7cf09e0bf5/6e9697e60d9f78e138a18/1549833475_00032.jpg","versions":["micro","tiny","age_restricted","ios_large","ios_mosaic","big","med","small","pinterest"]},"first_frame_versions":{"template":"https://coub-anubis-a.akamaized.net/coub_storage/coub/simple/cw_timeline_pic/7f9c00b7401/ba69b4f645ae1741fdf34/%{version}_1549833474_image.jpg","versions":["big","med","small","ios_large"]},"dimensions":{"big":[1280,720],"med":[640,360]},"site_w_h":[640,360],"page_w_h":[640,360],"site_w_h_small":[310,174],"size":[1280,720],"age_restricted":false,"age_restricted_by_admin":false,"not_safe_for_work":false,"allow_reuse":false,"dont_crop":false,"banned":false,"global_safe":true,"audio_file_url":"https://coub-anubis-a.akamaized.net/coub_storage/audio_track/cw_normalized_copy/25c6f5c86ea/a93d96ca9f17099beb9f1/low_1555065976_normalized_1473110194_audio.mp3","external_download":{"type":"Youtube","service_name":"YouTube","url":"https://www.youtube.com/watch?v=yOIvOqt5yKw","has_embed":true},"application":null,"channel":{"id":186801,"permalink":"--niks--","title":"Niks  ☮","description":"Bad","followers_count":24275,"following_count":1,"avatar_versions":{"template":"https://coub-anubis-a.akamaized.net/coub_storage/channel/cw_avatar/b36b46e6af7/003d17c1d3c2cf1fda97d/%{version}_1571262409_1241a727af9a40dc929e7ff051ffbc36-removebg-preview.png","versions":["medium","medium_2x","profile_pic","profile_pic_new","profile_pic_new_2x","tiny","tiny_2x","small","small_2x","ios_large","ios_small"]}},"file":null,"picture":"https://coub-anubis-a.akamaized.net/coub_storage/coub/simple/cw_image/c7cf09e0bf5/6e9697e60d9f78e138a18/1549833475_00032.jpg","timeline_picture":"https://coub-anubis-a.akamaized.net/coub_storage/coub/simple/cw_timeline_pic/7f9c00b7401/ba69b4f645ae1741fdf34/ios_large_1549833474_image.jpg","small_picture":"https://coub-anubis-a.akamaized.net/coub_storage/coub/simple/cw_image/c7cf09e0bf5/6e9697e60d9f78e138a18/1549833475_00032.jpg","sharing_picture":null,"percent_done":100,"tags":[{"id":690,"title":"mortal kombat","value":"mortal%20kombat"},{"id":485,"title":"fight","value":"fight"},{"id":114239,"title":"x-ray","value":"x-ray"},{"id":1102006,"title":"mortal kombat 11","value":"mortal%20kombat%2011"},{"id":12754,"title":"shaggy","value":"shaggy"},{"id":26128,"title":"fatality","value":"fatality"},{"id":1140,"title":"game","value":"game"},{"id":208,"title":"cartoon","value":"cartoon"},{"id":5326,"title":"mashup","value":"mashup"},{"id":74766,"title":"scooby doo","value":"scooby%20doo"},{"id":538567,"title":"netherrealm studios","value":"netherrealm%20studios"},{"id":47811,"title":"ed boon","value":"ed%20boon"},{"id":18028,"title":"dlc","value":"dlc"},{"id":1642,"title":"master","value":"master"},{"id":67546,"title":"grandmaster","value":"grandmaster"}],"categories":[{"id":37,"title":"Mashup","permalink":"mashup","subscriptions_count":10075240,"big_image_url":"https://coub-anubis-a.akamaized.net/coub_storage/category/cw_image/93ae83fbc3f/4d90453882a0f2e50dbc0/big_1544622036_Mashup.png","small_image_url":"https://coub-anubis-a.akamaized.net/coub_storage/category/cw_image/93ae83fbc3f/4d90453882a0f2e50dbc0/small_1544622036_Mashup.png","med_image_url":"https://coub-anubis-a.akamaized.net/coub_storage/category/cw_image/93ae83fbc3f/4d90453882a0f2e50dbc0/med_1544622036_Mashup.png","visible":true}],"communities":[{"id":37,"title":"Mashup","permalink":"mashup","subscriptions_count":10075240,"big_image_url":"https://coub-anubis-a.akamaized.net/coub_storage/category/cw_image/93ae83fbc3f/4d90453882a0f2e50dbc0/big_1544622036_Mashup.png","small_image_url":"https://coub-anubis-a.akamaized.net/coub_storage/category/cw_image/93ae83fbc3f/4d90453882a0f2e50dbc0/small_1544622036_Mashup.png","med_image_url":"https://coub-anubis-a.akamaized.net/coub_storage/category/cw_image/93ae83fbc3f/4d90453882a0f2e50dbc0/med_1544622036_Mashup.png","i_subscribed":true,"community_notifications_enabled":null,"description":null}],"recoubs_count":334,"remixes_count":4,"likes_count":1877,"dislikes_count":0,"raw_video_id":13195771,"uploaded_by_ios_app":false,"uploaded_by_android_app":false,"media_blocks":{"uploaded_raw_videos":[],"external_raw_videos":[{"id":30433737,"title":"Master Shaggy","url":"https://www.youtube.com/watch?v=yOIvOqt5yKw","image":"https://coub-anubis-a.akamaized.net/coub_storage/media_block/cw_image/e4aa2c7f108/a9f4a5e1f8ce0edd6f236/1549828985_16y3zee_1549828968_1fszjca_att-url-download.jpg","image_retina":"https://coub-anubis-a.akamaized.net/coub_storage/media_block/cw_image/e4aa2c7f108/a9f4a5e1f8ce0edd6f236/1549828985_16y3zee_1549828968_1fszjca_att-url-download.jpg","meta":{"service":"Youtube","duration":"44.72"},"duration":44.72,"raw_video_id":13195771,"has_embed":true}],"remixed_from_coubs":[],"external_video":{"id":30433737,"title":"Master Shaggy","url":"https://www.youtube.com/watch?v=yOIvOqt5yKw","image":"https://coub-anubis-a.akamaized.net/coub_storage/media_block/cw_image/e4aa2c7f108/a9f4a5e1f8ce0edd6f236/1549828985_16y3zee_1549828968_1fszjca_att-url-download.jpg","image_retina":"https://coub-anubis-a.akamaized.net/coub_storage/media_block/cw_image/e4aa2c7f108/a9f4a5e1f8ce0edd6f236/1549828985_16y3zee_1549828968_1fszjca_att-url-download.jpg","meta":{"service":"Youtube","duration":"44.72"},"duration":44.72,"raw_video_id":13195771,"has_embed":true}},"raw_video_thumbnail_url":"/missing/missing.png","raw_video_title":"Master Shaggy","video_block_banned":false,"duration":9.96,"promo_winner":false,"promo_winner_recoubers":null,"editorial_info":{},"promo_hint":null,"beeline_best_2014":null,"from_web_editor":true,"normalize_sound":true,"normalize_change_allowed":true,"best2015_addable":false,"ahmad_promo":null,"promo_data":null,"audio_copyright_claim":null,"ads_disabled":false,"is_safe_for_ads":true,"megafon_contents":[],"position_on_page":3},{"flag":null,"abuses":null,"recoubs_by_users_channels":null,"favourite":false,"promoted_id":null,"recoub":null,"like":null,"dislike":null,"reaction":null,"in_my_best2015":false,"id":71005239,"type":"Coub::Simple","permalink":"15ue7h","title":"STOPXAM","visibility_type":"public","original_visibility_type":"public","channel_id":3562432,"created_at":"2018-04-03T04:24:00Z","updated_at":"2022-03-09T18:15:27Z","is_done":true,"views_count":97448,"cotd":null,"cotd_at":null,"visible_on_explore_root":false,"visible_on_explore":false,"featured":false,"published":true,"published_at":"2018-04-03T04:24:00Z","reversed":false,"from_editor_v2":true,"is_editable":true,"original_sound":false,"has_sound":false,"recoub_to":null,"file_versions":{"html5":{"video":{"higher":{"url":"https://coub-anubis-a.akamaized.net/coub_storage/coub/simple/cw_file/d337513fe79/a1b788e6bb1019738fbaf/muted_mp4_huge_size_1568215632_muted_huge.mp4","size":5032826},"high":{"url":"https://coub-anubis-a.akamaized.net/coub_storage/coub/simple/cw_file/d337513fe79/a1b788e6bb1019738fbaf/muted_mp4_big_size_1568215632_muted_big.mp4","size":3629845},"med":{"url":"https://coub-anubis-a.akamaized.net/coub_storage/coub/simple/cw_file/d337513fe79/a1b788e6bb1019738fbaf/muted_mp4_med_size_1568215632_muted_med.mp4","size":1206388}},"audio":{"high":{"url":"https://coub-anubis-a.akamaized.net/coub_storage/coub/simple/cw_looped_audio_high/5b936bc4b72/97d4b2d73bd4c44523a41/1605644193_high_1522729480_high.mp3","size":1252271},"med":{"url":"https://coub-anubis-a.akamaized.net/coub_storage/coub/simple/cw_looped_audio_med/280b558640d/0d35080298f16b1b3ed7e/1605644192_med_1522729480_med.mp3","size":881538}}},"mobile":{"video":"https://coub-anubis-a.akamaized.net/coub_storage/coub/simple/cw_file/d337513fe79/a1b788e6bb1019738fbaf/muted_mp4_med_size_1568215632_muted_med.mp4","audio":["https://coub-anubis-a.akamaized.net/coub_storage/coub/simple/cw_looped_audio_med/280b558640d/0d35080298f16b1b3ed7e/1605644192_med_1522729480_med.mp3"]},"share":{"default":"https://coub-anubis-a.akamaized.net/coub_storage/coub/simple/cw_video_for_sharing/9415b809355/b065b85d65ddf26b234a3/1614887462_looped_1614887461.mp4"}},"audio_versions":{"template":"https://coub-anubis-a.akamaized.net/coub_storage/audio_track/cw_normalized_copy/e9c28ce94ec/629ee52b449c044a38129/mid_1522729478_1fy7ldn_normalized_1522729475_13sw2r8_edited.mp3","versions":["mid","low"]},"image_versions":{"template":"https://coub-anubis-a.akamaized.net/coub_storage/coub/simple/cw_image/da62161f0bd/c68234ac3c4eba028bd93/1522729486_00029.jpg","versions":["micro","tiny","age_restricted","ios_large","ios_mosaic","big","med","small","pinterest"]},"first_frame_versions":{"template":"https://coub-anubis-a.akamaized.net/coub_storage/coub/simple/cw_timeline_pic/712986af89c/0013af86fd98be925f1fd/%{version}_1522729486_image.jpg","versions":["big","med","small","ios_large"]},"dimensions":{"big":[1280,800],"med":[640,400]},"site_w_h":[640,400],"page_w_h":[640,400],"site_w_h_small":[310,194],"size":[1280,800],"age_restricted":false,"age_restricted_by_admin":false,"not_safe_for_work":false,"allow_reuse":false,"dont_crop":false,"banned":false,"global_safe":false,"audio_file_url":"https://coub-anubis-a.akamaized.net/coub_storage/audio_track/cw_normalized_copy/e9c28ce94ec/629ee52b449c044a38129/low_1522729478_1fy7ldn_normalized_1522729475_13sw2r8_edited.mp3","external_download":{"type":"Youtube","service_name":"YouTube","url":"http://www.youtube.com/watch?v=dcGjH4lX9zs","has_embed":true},"application":null,"channel":{"id":3562432,"permalink":"nikoloz284","title":"Nikoloz","description":null,"followers_count":311,"following_count":58,"avatar_versions":{"template":"https://coub-anubis-a.akamaized.net/coub_storage/channel/cw_avatar/433ef370952/5a1c72db223001553a0ad/%{version}_1607896780_uaxwj4_1511670833_1.png","versions":["medium","medium_2x","profile_pic","profile_pic_new","profile_pic_new_2x","tiny","tiny_2x","small","small_2x","ios_large","ios_small"]}},"file":null,"picture":"https://coub-anubis-a.akamaized.net/coub_storage/coub/simple/cw_image/da62161f0bd/c68234ac3c4eba028bd93/1522729486_00029.jpg","timeline_picture":"https://coub-anubis-a.akamaized.net/coub_storage/coub/simple/cw_timeline_pic/712986af89c/0013af86fd98be925f1fd/ios_large_1522729486_image.jpg","small_picture":"https://coub-anubis-a.akamaized.net/coub_storage/coub/simple/cw_image/da62161f0bd/c68234ac3c4eba028bd93/1522729486_00029.jpg","sharing_picture":null,"percent_done":100,"tags":[{"id":15157,"title":"ну","value":"%D0%BD%D1%83"},{"id":14359,"title":"погоди","value":"%D0%BF%D0%BE%D0%B3%D0%BE%D0%B4%D0%B8"},{"id":8140,"title":"почему","value":"%D0%BF%D0%BE%D1%87%D0%B5%D0%BC%D1%83"},{"id":22516,"title":"nupogodi","value":"nupogodi"},{"id":10939,"title":"stopxam","value":"stopxam"},{"id":498344,"title":"stopхам","value":"stop%D1%85%D0%B0%D0%BC"},{"id":10938,"title":"stopham","value":"stopham"},{"id":174,"title":"funny","value":"funny"},{"id":182,"title":"dance","value":"dance"},{"id":4412,"title":"georgia","value":"georgia"},{"id":195,"title":"russia","value":"russia"}],"categories":[{"id":37,"title":"Mashup","permalink":"mashup","subscriptions_count":10075240,"big_image_url":"https://coub-anubis-a.akamaized.net/coub_storage/category/cw_image/93ae83fbc3f/4d90453882a0f2e50dbc0/big_1544622036_Mashup.png","small_image_url":"https://coub-anubis-a.akamaized.net/coub_storage/category/cw_image/93ae83fbc3f/4d90453882a0f2e50dbc0/small_1544622036_Mashup.png","med_image_url":"https://coub-anubis-a.akamaized.net/coub_storage/category/cw_image/93ae83fbc3f/4d90453882a0f2e50dbc0/med_1544622036_Mashup.png","visible":true}],"communities":[{"id":37,"title":"Mashup","permalink":"mashup","subscriptions_count":10075240,"big_image_url":"https://coub-anubis-a.akamaized.net/coub_storage/category/cw_image/93ae83fbc3f/4d90453882a0f2e50dbc0/big_1544622036_Mashup.png","small_image_url":"https://coub-anubis-a.akamaized.net/coub_storage/category/cw_image/93ae83fbc3f/4d90453882a0f2e50dbc0/small_1544622036_Mashup.png","med_image_url":"https://coub-anubis-a.akamaized.net/coub_storage/category/cw_image/93ae83fbc3f/4d90453882a0f2e50dbc0/med_1544622036_Mashup.png","i_subscribed":true,"community_notifications_enabled":null,"description":null}],"recoubs_count":87,"remixes_count":1,"likes_count":1877,"dislikes_count":0,"raw_video_id":11449709,"uploaded_by_ios_app":false,"uploaded_by_android_app":false,"media_blocks":{"uploaded_raw_videos":[],"external_raw_videos":[{"id":25688112,"title":"Ну, погоди! АХ почему был светофор зеленый?","url":"http://www.youtube.com/watch?v=dcGjH4lX9zs","image":"https://coub-anubis-a.akamaized.net/coub_storage/media_block/cw_image/c1819d251f4/8e5119e5ea1b8b8bdf662/1522728883_1522728869_16n78od_att-url-download.jpg","image_retina":"https://coub-anubis-a.akamaized.net/coub_storage/media_block/cw_image/c1819d251f4/8e5119e5ea1b8b8bdf662/1522728883_1522728869_16n78od_att-url-download.jpg","meta":{"service":"Youtube","duration":"82.0"},"duration":82.0,"raw_video_id":11449728,"has_embed":true},{"id":25688057,"title":"შავი გაგების ბებო vs სტოპ ხამი  Lasha","url":"https://www.facebook.com/IurisprudenciaGeorgia/videos/543747642657164","image":null,"image_retina":null,"meta":{"service":"Facebook","duration":"103.4"},"duration":103.4,"raw_video_id":11449709,"has_embed":false}],"remixed_from_coubs":[],"external_video":{"id":25688112,"title":"Ну, погоди! АХ почему был светофор зеленый?","url":"http://www.youtube.com/watch?v=dcGjH4lX9zs","image":"https://coub-anubis-a.akamaized.net/coub_storage/media_block/cw_image/c1819d251f4/8e5119e5ea1b8b8bdf662/1522728883_1522728869_16n78od_att-url-download.jpg","image_retina":"https://coub-anubis-a.akamaized.net/coub_storage/media_block/cw_image/c1819d251f4/8e5119e5ea1b8b8bdf662/1522728883_1522728869_16n78od_att-url-download.jpg","meta":{"service":"Youtube","duration":"82.0"},"duration":82.0,"raw_video_id":11449728,"has_embed":true}},"raw_video_thumbnail_url":"/missing/missing.png","raw_video_title":"შავი გაგების ბებო vs სტოპ ხამი  Lasha","video_block_banned":false,"duration":9.16,"promo_winner":false,"promo_winner_recoubers":null,"editorial_info":{},"promo_hint":null,"beeline_best_2014":null,"from_web_editor":true,"normalize_sound":true,"normalize_change_allowed":true,"best2015_addable":false,"ahmad_promo":null,"promo_data":null,"audio_copyright_claim":null,"ads_disabled":false,"is_safe_for_ads":true,"megafon_contents":[],"position_on_page":4},{"flag":null,"abuses":null,"recoubs_by_users_channels":null,"favourite":false,"promoted_id":null,"recoub":null,"like":null,"dislike":null,"reaction":null,"in_my_best2015":false,"id":61641169,"type":"Coub::Simple","permalink":"1091n4","title":"Афроамериканская версия Sword Oratoria, для четких пацанчиков из черных кварталов","visibility_type":"public","original_visibility_type":"public","channel_id":2340988,"created_at":"2017-12-03T14:16:49Z","updated_at":"2022-03-15T18:53:59Z","is_done":true,"views_count":165333,"cotd":null,"cotd_at":null,"visible_on_explore_root":false,"visible_on_explore":false,"featured":false,"published":true,"published_at":"2017-12-03T14:21:30Z","reversed":false,"from_editor_v2":true,"is_editable":true,"original_sound":false,"has_sound":false,"recoub_to":null,"file_versions":{"html5":{"video":{"higher":{"url":"https://coub-anubis-a.akamaized.net/coub_storage/coub/simple/cw_file/2a646b4ccf8/70dcb517bc20c95febf7a/muted_mp4_huge_size_1568169619_muted_huge.mp4","size":1992851},"high":{"url":"https://coub-anubis-a.akamaized.net/coub_storage/coub/simple/cw_file/2a646b4ccf8/70dcb517bc20c95febf7a/muted_mp4_big_size_1568169619_muted_big.mp4","size":1560755},"med":{"url":"https://coub-anubis-a.akamaized.net/coub_storage/coub/simple/cw_file/2a646b4ccf8/70dcb517bc20c95febf7a/muted_mp4_med_size_1568169619_muted_med.mp4","size":438717}},"audio":{"high":{"url":"https://coub-anubis-a.akamaized.net/coub_storage/coub/simple/cw_looped_audio_high/e73a9a6f256/63d2bf4596cd4a1d096e9/1605618817_high_1512310629_high.mp3","size":1223664},"med":{"url":"https://coub-anubis-a.akamaized.net/coub_storage/coub/simple/cw_looped_audio_med/d0159a7532c/7a6062cda1be2c08b3fe6/1605618817_med_1512310629_med.mp3","size":949092}}},"mobile":{"video":"https://coub-anubis-a.akamaized.net/coub_storage/coub/simple/cw_file/2a646b4ccf8/70dcb517bc20c95febf7a/muted_mp4_med_size_1568169619_muted_med.mp4","audio":["https://coub-anubis-a.akamaized.net/coub_storage/coub/simple/cw_looped_audio_med/d0159a7532c/7a6062cda1be2c08b3fe6/1605618817_med_1512310629_med.mp3"]},"share":{"default":"https://coub-anubis-a.akamaized.net/coub_storage/coub/simple/cw_video_for_sharing/4bbd27c44d8/9224b0ac738ac688e82d7/1610473691_looped_1610473690.mp4"}},"audio_versions":{"template":"https://coub-anubis-a.akamaized.net/coub_storage/audio_track/cw_file/633d9dec6fd/a61e2f79945a97f4e3e94/mid_1512310619_1qkvdmj_edited.mp3","versions":["mid","low"]},"image_versions":{"template":"https://coub-anubis-a.akamaized.net/coub_storage/coub/simple/cw_image/5032ded7028/4ca5ce7bf0ae424907f57/1512310639_00024.jpg","versions":["micro","tiny","age_restricted","ios_large","ios_mosaic","big","med","small","pinterest"]},"first_frame_versions":{"template":"https://coub-anubis-a.akamaized.net/coub_storage/coub/simple/cw_timeline_pic/24096efd71b/a2a15f8848b3d0e31aa4f/%{version}_1512310638_image.jpg","versions":["big","med","small","ios_large"]},"dimensions":{"big":[1280,720],"med":[640,360]},"site_w_h":[640,360],"page_w_h":[640,360],"site_w_h_small":[310,174],"size":[1280,720],"age_restricted":false,"age_restricted_by_admin":false,"not_safe_for_work":false,"allow_reuse":false,"dont_crop":false,"banned":false,"global_safe":false,"audio_file_url":"https://coub-anubis-a.akamaized.net/coub_storage/audio_track/cw_file/633d9dec6fd/a61e2f79945a97f4e3e94/low_1512310619_1qkvdmj_edited.mp3","external_download":false,"application":null,"channel":{"id":2340988,"permalink":"handmade","title":"hola","description":null,"followers_count":6905,"following_count":21,"avatar_versions":{"template":"https://coub-anubis-a.akamaized.net/coub_storage/channel/cw_avatar/51cbacbfca0/c18179037097ff91028ca/%{version}_1607422638_175554y_1578401889_vintage-1.png","versions":["medium","medium_2x","profile_pic","profile_pic_new","profile_pic_new_2x","tiny","tiny_2x","small","small_2x","ios_large","ios_small"]}},"file":null,"picture":"https://coub-anubis-a.akamaized.net/coub_storage/coub/simple/cw_image/5032ded7028/4ca5ce7bf0ae424907f57/1512310639_00024.jpg","timeline_picture":"https://coub-anubis-a.akamaized.net/coub_storage/coub/simple/cw_timeline_pic/24096efd71b/a2a15f8848b3d0e31aa4f/ios_large_1512310638_image.jpg","small_picture":"https://coub-anubis-a.akamaized.net/coub_storage/coub/simple/cw_image/5032ded7028/4ca5ce7bf0ae424907f57/1512310639_00024.jpg","sharing_picture":null,"percent_done":100,"tags":[{"id":165,"title":"anime","value":"anime"},{"id":164,"title":"аниме","value":"%D0%B0%D0%BD%D0%B8%D0%BC%D0%B5"},{"id":1434511,"title":"dr. dre - still d.r.e.","value":"dr.%20dre%20-%20still%20d.r.e."},{"id":41698,"title":"hybrid","value":"hybrid"},{"id":516468,"title":"не грози южному централу попивая сок у себя в квартале","value":"%D0%BD%D0%B5%20%D0%B3%D1%80%D0%BE%D0%B7%D0%B8%20%D1%8E%D0%B6%D0%BD%D0%BE%D0%BC%D1%83%20%D1%86%D0%B5%D0%BD%D1%82%D1%80%D0%B0%D0%BB%D1%83%20%D0%BF%D0%BE%D0%BF%D0%B8%D0%B2%D0%B0%D1%8F%20%D1%81%D0%BE%D0%BA%20%D1%83%20%D1%81%D0%B5%D0%B1%D1%8F%20%D0%B2%20%D0%BA%D0%B2%D0%B0%D1%80%D1%82%D0%B0%D0%BB%D0%B5"},{"id":2196,"title":"сиськи","value":"%D1%81%D0%B8%D1%81%D1%8C%D0%BA%D0%B8"},{"id":287,"title":"boobs","value":"boobs"},{"id":243160,"title":"small tits","value":"small%20tits"},{"id":71071,"title":"big tits","value":"big%20tits"},{"id":865777,"title":"маленькие сиськи","value":"%D0%BC%D0%B0%D0%BB%D0%B5%D0%BD%D1%8C%D0%BA%D0%B8%D0%B5%20%D1%81%D0%B8%D1%81%D1%8C%D0%BA%D0%B8"},{"id":118092,"title":"большие сиськи","value":"%D0%B1%D0%BE%D0%BB%D1%8C%D1%88%D0%B8%D0%B5%20%D1%81%D0%B8%D1%81%D1%8C%D0%BA%D0%B8"},{"id":627640,"title":"бидоны","value":"%D0%B1%D0%B8%D0%B4%D0%BE%D0%BD%D1%8B"},{"id":134290,"title":"доска","value":"%D0%B4%D0%BE%D1%81%D0%BA%D0%B0"},{"id":37781,"title":"нигеры","value":"%D0%BD%D0%B8%D0%B3%D0%B5%D1%80%D1%8B"},{"id":363,"title":"nigga","value":"nigga"},{"id":4639,"title":"пятница","value":"%D0%BF%D1%8F%D1%82%D0%BD%D0%B8%D1%86%D0%B0"},{"id":3656,"title":"cannabis","value":"cannabis"},{"id":655325,"title":"anime funny","value":"anime%20funny"},{"id":830988,"title":"anime top","value":"anime%20top"},{"id":684660,"title":"anime fun","value":"anime%20fun"}],"categories":[{"id":37,"title":"Mashup","permalink":"mashup","subscriptions_count":10075240,"big_image_url":"https://coub-anubis-a.akamaized.net/coub_storage/category/cw_image/93ae83fbc3f/4d90453882a0f2e50dbc0/big_1544622036_Mashup.png","small_image_url":"https://coub-anubis-a.akamaized.net/coub_storage/category/cw_image/93ae83fbc3f/4d90453882a0f2e50dbc0/small_1544622036_Mashup.png","med_image_url":"https://coub-anubis-a.akamaized.net/coub_storage/category/cw_image/93ae83fbc3f/4d90453882a0f2e50dbc0/med_1544622036_Mashup.png","visible":true}],"communities":[{"id":37,"title":"Mashup","permalink":"mashup","subscriptions_count":10075240,"big_image_url":"https://coub-anubis-a.akamaized.net/coub_storage/category/cw_image/93ae83fbc3f/4d90453882a0f2e50dbc0/big_1544622036_Mashup.png","small_image_url":"https://coub-anubis-a.akamaized.net/coub_storage/category/cw_image/93ae83fbc3f/4d90453882a0f2e50dbc0/small_1544622036_Mashup.png","med_image_url":"https://coub-anubis-a.akamaized.net/coub_storage/category/cw_image/93ae83fbc3f/4d90453882a0f2e50dbc0/med_1544622036_Mashup.png","i_subscribed":true,"community_notifications_enabled":null,"description":null}],"recoubs_count":461,"remixes_count":0,"likes_count":1877,"dislikes_count":0,"raw_video_id":10685170,"uploaded_by_ios_app":false,"uploaded_by_android_app":false,"media_blocks":{"uploaded_raw_videos":[],"external_raw_videos":[],"remixed_from_coubs":[]},"raw_video_thumbnail_url":"/missing/missing.png","raw_video_title":"nigga.mp4","video_block_banned":false,"duration":7.44,"promo_winner":false,"promo_winner_recoubers":null,"editorial_info":{},"promo_hint":null,"beeline_best_2014":null,"from_web_editor":true,"normalize_sound":false,"normalize_change_allowed":true,"best2015_addable":false,"ahmad_promo":null,"promo_data":null,"audio_copyright_claim":null,"ads_disabled":false,"is_safe_for_ads":true,"megafon_contents":[],"position_on_page":5},{"flag":null,"abuses":null,"recoubs_by_users_channels":null,"favourite":false,"promoted_id":null,"recoub":null,"like":null,"dislike":null,"reaction":null,"in_my_best2015":false,"id":89276951,"type":"Coub::Simple","permalink":"1gqvq9","title":"Where Are The Praetorians? feat. PM","visibility_type":"public","original_visibility_type":"public","channel_id":2343115,"created_at":"2018-10-25T17:30:25Z","updated_at":"2022-03-09T18:09:07Z","is_done":true,"views_count":204045,"cotd":true,"cotd_at":"2018-10-26","visible_on_explore_root":true,"visible_on_explore":true,"featured":true,"published":true,"published_at":"2018-10-25T17:30:25Z","reversed":false,"from_editor_v2":true,"is_editable":true,"original_sound":false,"has_sound":false,"recoub_to":null,"file_versions":{"html5":{"video":{"higher":{"url":"https://coub-anubis-a.akamaized.net/coub_storage/coub/simple/cw_file/5e587d39b59/d3df78f9550fd2693b6cf/muted_mp4_huge_size_1571460094_muted_huge.mp4","size":2743427},"high":{"url":"https://coub-anubis-a.akamaized.net/coub_storage/coub/simple/cw_file/5e587d39b59/d3df78f9550fd2693b6cf/muted_mp4_big_size_1571460094_muted_big.mp4","size":1957782},"med":{"url":"https://coub-anubis-a.akamaized.net/coub_storage/coub/simple/cw_file/5e587d39b59/d3df78f9550fd2693b6cf/muted_mp4_med_size_1571460094_muted_med.mp4","size":587133}},"audio":{"high":{"url":"https://coub-anubis-a.akamaized.net/coub_storage/coub/simple/cw_looped_audio_high/1d1e811448d/6185de3dadb485261ef56/1605598425_high_1540488663_high.mp3","size":2006260},"med":{"url":"https://coub-anubis-a.akamaized.net/coub_storage/coub/simple/cw_looped_audio_med/9968d3af657/ab9da06ace59a2e011c8a/1605598425_med_1540488663_med.mp3","size":1466172}}},"mobile":{"video":"https://coub-anubis-a.akamaized.net/coub_storage/coub/simple/cw_file/5e587d39b59/d3df78f9550fd2693b6cf/muted_mp4_med_size_1571460094_muted_med.mp4","audio":["https://coub-anubis-a.akamaized.net/coub_storage/coub/simple/cw_looped_audio_med/9968d3af657/ab9da06ace59a2e011c8a/1605598425_med_1540488663_med.mp3"]},"share":{"default":"https://coub-anubis-a.akamaized.net/coub_storage/coub/simple/cw_video_for_sharing/2007106be93/98ce7a967a9cbd36d881c/1609668935_looped_1609668934.mp4"}},"audio_versions":{"template":"https://coub-anubis-a.akamaized.net/coub_storage/audio_track/cw_normalized_copy/117715c61d5/bd5c535e6d35b8b55954d/mid_1540488652_normalized_1540488638_d8j5cf_edited.mp3","versions":["mid","low"]},"image_versions":{"template":"https://coub-anubis-a.akamaized.net/coub_storage/coub/simple/cw_image/a5c45fa211f/5f6e40a907c254f7a1c5f/1540488679_00027.jpg","versions":["micro","tiny","age_restricted","ios_large","ios_mosaic","big","med","small","pinterest"]},"first_frame_versions":{"template":"https://coub-anubis-a.akamaized.net/coub_storage/coub/simple/cw_timeline_pic/cd2b2491e06/635c353c8db20d202f5b5/%{version}_1540488678_image.jpg","versions":["big","med","small","ios_large"]},"dimensions":{"big":[1280,720],"med":[640,360]},"site_w_h":[640,360],"page_w_h":[640,360],"site_w_h_small":[310,174],"size":[1280,720],"age_restricted":false,"age_restricted_by_admin":false,"not_safe_for_work":false,"allow_reuse":false,"dont_crop":false,"banned":false,"global_safe":true,"audio_file_url":"https://coub-anubis-a.akamaized.net/coub_storage/audio_track/cw_normalized_copy/117715c61d5/bd5c535e6d35b8b55954d/low_1540488652_normalized_1540488638_d8j5cf_edited.mp3","external_download":false,"application":null,"channel":{"id":2343115,"permalink":"letswatch","title":"Lets Watch","description":"Mashups only for films","followers_count":783,"following_count":26,"avatar_versions":{"template":"https://coub-anubis-a.akamaized.net/coub_storage/channel/cw_avatar/99ceed3976d/bc178953c7c03d883b950/%{version}_1632237219____________2.jpg","versions":["medium","medium_2x","profile_pic","profile_pic_new","profile_pic_new_2x","tiny","tiny_2x","small","small_2x","ios_large","ios_small"]}},"file":null,"picture":"https://coub-anubis-a.akamaized.net/coub_storage/coub/simple/cw_image/a5c45fa211f/5f6e40a907c254f7a1c5f/1540488679_00027.jpg","timeline_picture":"https://coub-anubis-a.akamaized.net/coub_storage/coub/simple/cw_timeline_pic/cd2b2491e06/635c353c8db20d202f5b5/ios_large_1540488678_image.jpg","small_picture":"https://coub-anubis-a.akamaized.net/coub_storage/coub/simple/cw_image/a5c45fa211f/5f6e40a907c254f7a1c5f/1540488679_00027.jpg","sharing_picture":null,"percent_done":100,"tags":[{"id":192569,"title":"mashups","value":"mashups"},{"id":85536,"title":"features","value":"features"},{"id":50,"title":"coub","value":"coub"},{"id":944058,"title":"gybrid","value":"gybrid"},{"id":3358469,"title":"pmcoub","value":"pmcoub"},{"id":1300817,"title":"lets watch","value":"lets%20watch"}],"categories":[{"id":37,"title":"Mashup","permalink":"mashup","subscriptions_count":10075240,"big_image_url":"https://coub-anubis-a.akamaized.net/coub_storage/category/cw_image/93ae83fbc3f/4d90453882a0f2e50dbc0/big_1544622036_Mashup.png","small_image_url":"https://coub-anubis-a.akamaized.net/coub_storage/category/cw_image/93ae83fbc3f/4d90453882a0f2e50dbc0/small_1544622036_Mashup.png","med_image_url":"https://coub-anubis-a.akamaized.net/coub_storage/category/cw_image/93ae83fbc3f/4d90453882a0f2e50dbc0/med_1544622036_Mashup.png","visible":true}],"communities":[{"id":37,"title":"Mashup","permalink":"mashup","subscriptions_count":10075240,"big_image_url":"https://coub-anubis-a.akamaized.net/coub_storage/category/cw_image/93ae83fbc3f/4d90453882a0f2e50dbc0/big_1544622036_Mashup.png","small_image_url":"https://coub-anubis-a.akamaized.net/coub_storage/category/cw_image/93ae83fbc3f/4d90453882a0f2e50dbc0/small_1544622036_Mashup.png","med_image_url":"https://coub-anubis-a.akamaized.net/coub_storage/category/cw_image/93ae83fbc3f/4d90453882a0f2e50dbc0/med_1544622036_Mashup.png","i_subscribed":true,"community_notifications_enabled":null,"description":null}],"recoubs_count":384,"remixes_count":2,"likes_count":1876,"dislikes_count":0,"raw_video_id":12589598,"uploaded_by_ios_app":false,"uploaded_by_android_app":false,"media_blocks":{"uploaded_raw_videos":[],"external_raw_videos":[],"remixed_from_coubs":[]},"raw_video_thumbnail_url":"/missing/missing.png","raw_video_title":"Praetorians.mp4","video_block_banned":false,"duration":8.36,"promo_winner":false,"promo_winner_recoubers":null,"editorial_info":{},"promo_hint":null,"beeline_best_2014":null,"from_web_editor":true,"normalize_sound":true,"normalize_change_allowed":true,"best2015_addable":false,"ahmad_promo":null,"promo_data":null,"audio_copyright_claim":null,"ads_disabled":false,"is_safe_for_ads":true,"megafon_contents":[],"position_on_page":6},{"flag":null,"abuses":null,"recoubs_by_users_channels":null,"favourite":false,"promoted_id":null,"recoub":null,"like":null,"dislike":null,"reaction":null,"in_my_best2015":false,"id":66502111,"type":"Coub::Simple","permalink":"135d0x","title":"Battle Of The Sexes","visibility_type":"public","original_visibility_type":"public","channel_id":2051380,"created_at":"2018-02-09T13:04:14Z","updated_at":"2022-01-30T00:13:18Z","is_done":true,"views_count":224981,"cotd":null,"cotd_at":null,"visible_on_explore_root":true,"visible_on_explore":true,"featured":true,"published":true,"published_at":"2018-02-09T13:04:14Z","reversed":false,"from_editor_v2":true,"is_editable":true,"original_sound":false,"has_sound":false,"recoub_to":null,"file_versions":{"html5":{"video":{"higher":{"url":"https://coub-anubis-a.akamaized.net/coub_storage/coub/simple/cw_file/451fb8c41f7/4ed7a5f6c344be1ed49ce/muted_mp4_huge_size_1568192274_muted_huge.mp4","size":2386188},"high":{"url":"https://coub-anubis-a.akamaized.net/coub_storage/coub/simple/cw_file/451fb8c41f7/4ed7a5f6c344be1ed49ce/muted_mp4_big_size_1568192274_muted_big.mp4","size":1825272},"med":{"url":"https://coub-anubis-a.akamaized.net/coub_storage/coub/simple/cw_file/451fb8c41f7/4ed7a5f6c344be1ed49ce/muted_mp4_med_size_1568192274_muted_med.mp4","size":564281}}},"mobile":{"video":"https://coub-anubis-a.akamaized.net/coub_storage/coub/simple/cw_file/451fb8c41f7/4ed7a5f6c344be1ed49ce/muted_mp4_med_size_1568192274_muted_med.mp4"},"share":{"default":"https://coub-anubis-a.akamaized.net/coub_storage/coub/simple/cw_video_for_sharing/a441ef2060e/652c4199d02d37dcdfba7/1623915221_looped_1623915220.mp4"}},"audio_versions":{},"image_versions":{"template":"https://coub-anubis-a.akamaized.net/coub_storage/coub/simple/cw_image/fa429b8f9f9/b69c78c8ddecf4777b8f4/1518182564_00022.jpg","versions":["micro","tiny","age_restricted","ios_large","ios_mosaic","big","med","small","pinterest"]},"first_frame_versions":{"template":"https://coub-anubis-a.akamaized.net/coub_storage/coub/simple/cw_timeline_pic/a9d0f67ea61/c5ded81435521f8685b68/%{version}_1518182563_image.jpg","versions":["big","med","small","ios_large"]},"dimensions":{"big":[1280,578],"med":[640,288]},"site_w_h":[640,289],"page_w_h":[640,289],"site_w_h_small":[310,140],"size":[1280,578],"age_restricted":false,"age_restricted_by_admin":false,"not_safe_for_work":false,"allow_reuse":false,"dont_crop":false,"banned":false,"global_safe":true,"audio_file_url":null,"external_download":false,"application":null,"channel":{"id":2051380,"permalink":"alihan.draw","title":"Alihandraw","description":null,"followers_count":13460,"following_count":162,"avatar_versions":{"template":"https://coub-anubis-a.akamaized.net/coub_storage/channel/cw_avatar/470dffe04b6/4bb24bb2315d92cd306c3/%{version}_1607432581_ramn2m_1524067227_Base_channel_AV.png","versions":["medium","medium_2x","profile_pic","profile_pic_new","profile_pic_new_2x","tiny","tiny_2x","small","small_2x","ios_large","ios_small"]}},"file":null,"picture":"https://coub-anubis-a.akamaized.net/coub_storage/coub/simple/cw_image/fa429b8f9f9/b69c78c8ddecf4777b8f4/1518182564_00022.jpg","timeline_picture":"https://coub-anubis-a.akamaized.net/coub_storage/coub/simple/cw_timeline_pic/a9d0f67ea61/c5ded81435521f8685b68/ios_large_1518182563_image.jpg","small_picture":"https://coub-anubis-a.akamaized.net/coub_storage/coub/simple/cw_image/fa429b8f9f9/b69c78c8ddecf4777b8f4/1518182564_00022.jpg","sharing_picture":null,"percent_done":100,"tags":[{"id":759,"title":"star wars","value":"star%20wars"},{"id":111387,"title":"gal gadot","value":"gal%20gadot"},{"id":3474,"title":"brad pitt","value":"brad%20pitt"},{"id":192569,"title":"mashups","value":"mashups"},{"id":141593,"title":"wonder woman","value":"wonder%20woman"},{"id":73042,"title":"fury","value":"fury"}],"categories":[{"id":37,"title":"Mashup","permalink":"mashup","subscriptions_count":10075240,"big_image_url":"https://coub-anubis-a.akamaized.net/coub_storage/category/cw_image/93ae83fbc3f/4d90453882a0f2e50dbc0/big_1544622036_Mashup.png","small_image_url":"https://coub-anubis-a.akamaized.net/coub_storage/category/cw_image/93ae83fbc3f/4d90453882a0f2e50dbc0/small_1544622036_Mashup.png","med_image_url":"https://coub-anubis-a.akamaized.net/coub_storage/category/cw_image/93ae83fbc3f/4d90453882a0f2e50dbc0/med_1544622036_Mashup.png","visible":true}],"communities":[{"id":37,"title":"Mashup","permalink":"mashup","subscriptions_count":10075240,"big_image_url":"https://coub-anubis-a.akamaized.net/coub_storage/category/cw_image/93ae83fbc3f/4d90453882a0f2e50dbc0/big_1544622036_Mashup.png","small_image_url":"https://coub-anubis-a.akamaized.net/coub_storage/category/cw_image/93ae83fbc3f/4d90453882a0f2e50dbc0/small_1544622036_Mashup.png","med_image_url":"https://coub-anubis-a.akamaized.net/coub_storage/category/cw_image/93ae83fbc3f/4d90453882a0f2e50dbc0/med_1544622036_Mashup.png","i_subscribed":true,"community_notifications_enabled":null,"description":null}],"recoubs_count":314,"remixes_count":3,"likes_count":1876,"dislikes_count":0,"raw_video_id":11095216,"uploaded_by_ios_app":false,"uploaded_by_android_app":false,"media_blocks":{"uploaded_raw_videos":[],"external_raw_videos":[],"remixed_from_coubs":[]},"raw_video_thumbnail_url":"/missing/missing.png","raw_video_title":"BP.mp4","video_block_banned":false,"duration":6.8,"promo_winner":false,"promo_winner_recoubers":null,"editorial_info":{},"promo_hint":null,"beeline_best_2014":null,"from_web_editor":true,"normalize_sound":true,"normalize_change_allowed":true,"best2015_addable":false,"ahmad_promo":null,"promo_data":null,"audio_copyright_claim":"Sony Music Entertainment Russia","ads_disabled":false,"is_safe_for_ads":true,"megafon_contents":[],"position_on_page":7},{"flag":null,"abuses":null,"recoubs_by_users_channels":null,"favourite":false,"promoted_id":null,"recoub":null,"like":null,"dislike":null,"reaction":null,"in_my_best2015":false,"id":144053336,"type":"Coub::Simple","permalink":"2df2yq","title":"The last flight","visibility_type":"public","original_visibility_type":"public","channel_id":2834001,"created_at":"2020-05-04T15:53:53Z","updated_at":"2022-03-04T15:23:42Z","is_done":true,"views_count":176680,"cotd":null,"cotd_at":null,"visible_on_explore_root":true,"visible_on_explore":true,"featured":true,"published":true,"published_at":"2020-05-04T16:03:00Z","reversed":false,"from_editor_v2":true,"is_editable":true,"original_sound":false,"has_sound":false,"recoub_to":null,"file_versions":{"html5":{"video":{"higher":{"url":"https://coub-anubis-a.akamaized.net/coub_storage/coub/simple/cw_file/92b9fe483e0/08c1c5705aa716058382b/muted_mp4_huge_size_1588607641_muted_huge.mp4","size":3347160},"high":{"url":"https://coub-anubis-a.akamaized.net/coub_storage/coub/simple/cw_file/92b9fe483e0/08c1c5705aa716058382b/muted_mp4_big_size_1588607641_muted_big.mp4","size":2385517},"med":{"url":"https://coub-anubis-a.akamaized.net/coub_storage/coub/simple/cw_file/92b9fe483e0/08c1c5705aa716058382b/muted_mp4_med_size_1588607641_muted_med.mp4","size":587640}},"audio":{"high":{"url":"https://coub-anubis-a.akamaized.net/coub_storage/coub/simple/cw_looped_audio_high/3591869d689/5ba9ee2851b1f5100fac2/1605692344_high_1588607648_high.mp3","size":829466},"med":{"url":"https://coub-anubis-a.akamaized.net/coub_storage/coub/simple/cw_looped_audio_med/3434c6b120b/a953ae394dc1bfcb871e6/1605692343_med_1588607648_med.mp3","size":631664}}},"mobile":{"video":"https://coub-anubis-a.akamaized.net/coub_storage/coub/simple/cw_file/92b9fe483e0/08c1c5705aa716058382b/muted_mp4_med_size_1588607641_muted_med.mp4","audio":["https://coub-anubis-a.akamaized.net/coub_storage/coub/simple/cw_looped_audio_med/3434c6b120b/a953ae394dc1bfcb871e6/1605692343_med_1588607648_med.mp3"]},"share":{"default":"https://coub-anubis-a.akamaized.net/coub_storage/coub/simple/cw_video_for_sharing/8c2e227acd5/9c441480392211af73741/1609800508_looped_1609800507.mp4"}},"audio_versions":{"template":"https://coub-anubis-a.akamaized.net/coub_storage/audio_track/cw_file/7f7654cdb62/7d26bc15716baec7dcd9e/mid_1588607642_vt66gi_edited.mp3","versions":["mid","low"]},"image_versions":{"template":"https://coub-anubis-a.akamaized.net/coub_storage/coub/simple/cw_image/3ec96920f49/4e013adb0aa73f727afd4/1588607655_00032.jpg","versions":["micro","tiny","age_restricted","ios_large","ios_mosaic","big","med","small","pinterest"]},"first_frame_versions":{"template":"https://coub-anubis-a.akamaized.net/coub_storage/coub/simple/cw_timeline_pic/3ff007d1796/5dd7ae71cf566239a5dba/%{version}_1588607654_image.jpg","versions":["big","med","small","ios_large"]},"dimensions":{"big":[1280,640],"med":[640,320]},"site_w_h":[640,320],"page_w_h":[640,320],"site_w_h_small":[310,155],"size":[1280,640],"age_restricted":false,"age_restricted_by_admin":false,"not_safe_for_work":false,"allow_reuse":false,"dont_crop":false,"banned":false,"global_safe":true,"audio_file_url":"https://coub-anubis-a.akamaized.net/coub_storage/audio_track/cw_file/7f7654cdb62/7d26bc15716baec7dcd9e/low_1588607642_vt66gi_edited.mp3","external_download":false,"application":null,"channel":{"id":2834001,"permalink":"shkudi-coub","title":"Shkudi","description":null,"followers_count":26748,"following_count":151,"avatar_versions":{"template":"https://coub-anubis-a.akamaized.net/coub_storage/channel/cw_avatar/25c3af615cd/fa30bb2f46c86b1e4bcf5/%{version}_1607420514_18tvl4e_1604753569_Screenshot_123.png","versions":["medium","medium_2x","profile_pic","profile_pic_new","profile_pic_new_2x","tiny","tiny_2x","small","small_2x","ios_large","ios_small"]}},"file":null,"picture":"https://coub-anubis-a.akamaized.net/coub_storage/coub/simple/cw_image/3ec96920f49/4e013adb0aa73f727afd4/1588607655_00032.jpg","timeline_picture":"https://coub-anubis-a.akamaized.net/coub_storage/coub/simple/cw_timeline_pic/3ff007d1796/5dd7ae71cf566239a5dba/ios_large_1588607654_image.jpg","small_picture":"https://coub-anubis-a.akamaized.net/coub_storage/coub/simple/cw_image/3ec96920f49/4e013adb0aa73f727afd4/1588607655_00032.jpg","sharing_picture":null,"percent_done":100,"tags":[{"id":5326,"title":"mashup","value":"mashup"},{"id":192569,"title":"mashups","value":"mashups"},{"id":41698,"title":"hybrid","value":"hybrid"},{"id":288361,"title":"hybrids","value":"hybrids"},{"id":1140,"title":"game","value":"game"},{"id":2345,"title":"gaming","value":"gaming"},{"id":1191039,"title":"detroit: become human","value":"detroit:%20become%20human"},{"id":78041,"title":"connor","value":"connor"},{"id":1211396,"title":"the nice guys","value":"the%20nice%20guys"},{"id":2413,"title":"ryan gosling","value":"ryan%20gosling"},{"id":2747,"title":"russell crowe","value":"russell%20crowe"},{"id":2409,"title":"movies","value":"movies"},{"id":2588,"title":"sad","value":"sad"},{"id":3363,"title":"sadness","value":"sadness"},{"id":294293,"title":"mood swing","value":"mood%20swing"},{"id":2848,"title":"games","value":"games"}],"categories":[{"id":37,"title":"Mashup","permalink":"mashup","subscriptions_count":10075240,"big_image_url":"https://coub-anubis-a.akamaized.net/coub_storage/category/cw_image/93ae83fbc3f/4d90453882a0f2e50dbc0/big_1544622036_Mashup.png","small_image_url":"https://coub-anubis-a.akamaized.net/coub_storage/category/cw_image/93ae83fbc3f/4d90453882a0f2e50dbc0/small_1544622036_Mashup.png","med_image_url":"https://coub-anubis-a.akamaized.net/coub_storage/category/cw_image/93ae83fbc3f/4d90453882a0f2e50dbc0/med_1544622036_Mashup.png","visible":true}],"communities":[{"id":37,"title":"Mashup","permalink":"mashup","subscriptions_count":10075240,"big_image_url":"https://coub-anubis-a.akamaized.net/coub_storage/category/cw_image/93ae83fbc3f/4d90453882a0f2e50dbc0/big_1544622036_Mashup.png","small_image_url":"https://coub-anubis-a.akamaized.net/coub_storage/category/cw_image/93ae83fbc3f/4d90453882a0f2e50dbc0/small_1544622036_Mashup.png","med_image_url":"https://coub-anubis-a.akamaized.net/coub_storage/category/cw_image/93ae83fbc3f/4d90453882a0f2e50dbc0/med_1544622036_Mashup.png","i_subscribed":true,"community_notifications_enabled":null,"description":null}],"recoubs_count":278,"remixes_count":2,"likes_count":1875,"dislikes_count":0,"raw_video_id":15174992,"uploaded_by_ios_app":false,"uploaded_by_android_app":false,"media_blocks":{"uploaded_raw_videos":[],"external_raw_videos":[],"remixed_from_coubs":[]},"raw_video_thumbnail_url":"/missing/missing.png","raw_video_title":"Detroit_kill_SH_ff.mp4","video_block_banned":false,"duration":10.0,"promo_winner":false,"promo_winner_recoubers":null,"editorial_info":{},"promo_hint":null,"beeline_best_2014":null,"from_web_editor":true,"normalize_sound":false,"normalize_change_allowed":true,"best2015_addable":false,"ahmad_promo":null,"promo_data":null,"audio_copyright_claim":null,"ads_disabled":false,"is_safe_for_ads":true,"megafon_contents":[],"position_on_page":8},{"flag":null,"abuses":null,"recoubs_by_users_channels":null,"favourite":false,"promoted_id":null,"recoub":null,"like":null,"dislike":null,"reaction":null,"in_my_best2015":false,"id":24178941,"type":"Coub::Simple","permalink":"dy3ch","title":"Good, Bad, Ugly, Venera","visibility_type":"public","original_visibility_type":"public","channel_id":578744,"created_at":"2016-08-03T18:46:48Z","updated_at":"2022-03-05T22:25:08Z","is_done":true,"views_count":73409,"cotd":null,"cotd_at":null,"visible_on_explore_root":true,"visible_on_explore":true,"featured":true,"published":true,"published_at":"2016-08-03T18:46:48Z","reversed":false,"from_editor_v2":true,"is_editable":true,"original_sound":false,"has_sound":false,"recoub_to":null,"file_versions":{"html5":{"video":{"higher":{"url":"https://coub-anubis-a.akamaized.net/coub_storage/coub/simple/cw_file/e831786bcce/86eda77fe4d79d2cbc708/muted_mp4_huge_size_1567910053_muted_huge.mp4","size":1583473},"high":{"url":"https://coub-anubis-a.akamaized.net/coub_storage/coub/simple/cw_file/e831786bcce/86eda77fe4d79d2cbc708/muted_mp4_big_size_1567910053_muted_big.mp4","size":1086357},"med":{"url":"https://coub-anubis-a.akamaized.net/coub_storage/coub/simple/cw_file/e831786bcce/86eda77fe4d79d2cbc708/muted_mp4_med_size_1567910053_muted_med.mp4","size":334223}},"audio":{"high":{"url":"https://coub-anubis-a.akamaized.net/coub_storage/coub/simple/cw_looped_audio_high/8acbef4fde2/78eb41349c4e2d46bb702/1605510273_high_1489256704_high.mp3","size":3686859},"med":{"url":"https://coub-anubis-a.akamaized.net/coub_storage/coub/simple/cw_looped_audio_med/0b9f7857005/3205b40728cb78f443517/1605510272_med_1489256704_med.mp3","size":3530416}}},"mobile":{"video":"https://coub-anubis-a.akamaized.net/coub_storage/coub/simple/cw_file/e831786bcce/86eda77fe4d79d2cbc708/muted_mp4_med_size_1567910053_muted_med.mp4","audio":["https://coub-anubis-a.akamaized.net/coub_storage/coub/simple/cw_looped_audio_med/0b9f7857005/3205b40728cb78f443517/1605510272_med_1489256704_med.mp3"]},"share":{"default":"https://coub-anubis-a.akamaized.net/coub_storage/coub/simple/cw_video_for_sharing/3038a8876ee/31fccb366e3e503342c5b/1611856197_looped_1611856195.mp4"}},"audio_versions":{"template":"https://coub-anubis-a.akamaized.net/coub_storage/audio_track/cw_normalized_copy/e79ed164224/2d1912132efc84ab3af6b/mid_1489256688_mydbyb_normalized_1489256664_lmjqqo_edited.mp3","versions":["mid","low"]},"image_versions":{"template":"https://coub-anubis-a.akamaized.net/coub_storage/coub/simple/cw_image/e8db5ae2d93/35f0c63b606f7f0ee1f8e/1489256715_00032.jpg","versions":["micro","tiny","age_restricted","ios_large","ios_mosaic","big","med","small","pinterest"]},"first_frame_versions":{"template":"https://coub-anubis-a.akamaized.net/coub_storage/coub/simple/cw_timeline_pic/e8db5ae2d93/35f0c63b606f7f0ee1f8e/1489256715_image.jpg","versions":["big","med","small","ios_large"]},"dimensions":{"big":[1280,600],"med":[640,300]},"site_w_h":[640,300],"page_w_h":[640,300],"site_w_h_small":[310,145],"size":[1280,600],"age_restricted":false,"age_restricted_by_admin":false,"not_safe_for_work":false,"allow_reuse":false,"dont_crop":false,"banned":false,"global_safe":true,"audio_file_url":"https://coub-anubis-a.akamaized.net/coub_storage/audio_track/cw_normalized_copy/e79ed164224/2d1912132efc84ab3af6b/low_1489256688_mydbyb_normalized_1489256664_lmjqqo_edited.mp3","external_download":{"type":"Youtube","service_name":"YouTube","url":"http://www.youtube.com/watch?v=P3jgxe0Ad0Y","has_embed":true},"application":null,"channel":{"id":578744,"permalink":"babuskunti","title":"babusk'unti","description":null,"followers_count":732,"following_count":26,"avatar_versions":{"template":"https://coub-anubis-a.akamaized.net/coub_storage/channel/cw_avatar/6dd88c67d1e/2197ba283f86a93918dc7/%{version}_1487704187_photo-54170.jpg","versions":["medium","medium_2x","profile_pic","profile_pic_new","profile_pic_new_2x","tiny","tiny_2x","small","small_2x","ios_large","ios_small"]}},"file":null,"picture":"https://coub-anubis-a.akamaized.net/coub_storage/coub/simple/cw_image/e8db5ae2d93/35f0c63b606f7f0ee1f8e/1489256715_00032.jpg","timeline_picture":"https://coub-anubis-a.akamaized.net/coub_storage/coub/simple/cw_timeline_pic/e8db5ae2d93/35f0c63b606f7f0ee1f8e/1489256715_image.jpg","small_picture":"https://coub-anubis-a.akamaized.net/coub_storage/coub/simple/cw_image/e8db5ae2d93/35f0c63b606f7f0ee1f8e/1489256715_00032.jpg","sharing_picture":null,"percent_done":100,"tags":[{"id":333767,"title":"venera","value":"venera"},{"id":9669,"title":"ugly","value":"ugly"},{"id":6390,"title":"bad","value":"bad"},{"id":1176,"title":"good","value":"good"},{"id":455545,"title":"obolashvili","value":"obolashvili"},{"id":455543,"title":"nabozar","value":"nabozar"},{"id":1761351,"title":"good bad ugly venera","value":"good%20bad%20ugly%20venera"}],"categories":[{"id":37,"title":"Mashup","permalink":"mashup","subscriptions_count":10075240,"big_image_url":"https://coub-anubis-a.akamaized.net/coub_storage/category/cw_image/93ae83fbc3f/4d90453882a0f2e50dbc0/big_1544622036_Mashup.png","small_image_url":"https://coub-anubis-a.akamaized.net/coub_storage/category/cw_image/93ae83fbc3f/4d90453882a0f2e50dbc0/small_1544622036_Mashup.png","med_image_url":"https://coub-anubis-a.akamaized.net/coub_storage/category/cw_image/93ae83fbc3f/4d90453882a0f2e50dbc0/med_1544622036_Mashup.png","visible":true}],"communities":[{"id":37,"title":"Mashup","permalink":"mashup","subscriptions_count":10075240,"big_image_url":"https://coub-anubis-a.akamaized.net/coub_storage/category/cw_image/93ae83fbc3f/4d90453882a0f2e50dbc0/big_1544622036_Mashup.png","small_image_url":"https://coub-anubis-a.akamaized.net/coub_storage/category/cw_image/93ae83fbc3f/4d90453882a0f2e50dbc0/small_1544622036_Mashup.png","med_image_url":"https://coub-anubis-a.akamaized.net/coub_storage/category/cw_image/93ae83fbc3f/4d90453882a0f2e50dbc0/med_1544622036_Mashup.png","i_subscribed":true,"community_notifications_enabled":null,"description":null}],"recoubs_count":404,"remixes_count":4,"likes_count":1875,"dislikes_count":0,"raw_video_id":3203647,"uploaded_by_ios_app":false,"uploaded_by_android_app":false,"media_blocks":{"uploaded_raw_videos":[],"external_raw_videos":[{"id":19893805,"title":"ვენერას მზერა","url":"http://www.youtube.com/watch?v=P3jgxe0Ad0Y","image":"https://coub-anubis-a.akamaized.net/coub_storage/media_block/cw_image/c0ccd48a34f/3acb2ee1902674bb651ba/1492638490_1470247305_ycxlyb_att-url-download.jpg","image_retina":"https://coub-anubis-a.akamaized.net/coub_storage/media_block/cw_image/c0ccd48a34f/3acb2ee1902674bb651ba/1492638490_1470247305_ycxlyb_att-url-download.jpg","meta":{"service":"Youtube","duration":"6.04"},"duration":6.04,"raw_video_id":3203647,"has_embed":true}],"remixed_from_coubs":[{"id":18926603,"title":"The Good, the Bad, the Ugly and the Breaking bad","url":"http://coub.com/coubs/dou9x/remix","image":"https://coub-anubis-a.akamaized.net/coub_storage/media_block/cw_image/14b5ecaa9dd/b9bdea72c6a7936012915/1492017099_1474024152_00054.jpg","image_retina":"https://coub-anubis-a.akamaized.net/coub_storage/media_block/cw_image/14b5ecaa9dd/b9bdea72c6a7936012915/1492017099_1474024152_00054.jpg","meta":{"duration":"17.12"},"duration":null,"coub_channel_title":"Ваня Козаков","coub_channel_permalink":"vanja-kozakov","coub_views_count":1695,"coub_permalink":"dou9x"}],"external_video":{"id":19893805,"title":"ვენერას მზერა","url":"http://www.youtube.com/watch?v=P3jgxe0Ad0Y","image":"https://coub-anubis-a.akamaized.net/coub_storage/media_block/cw_image/c0ccd48a34f/3acb2ee1902674bb651ba/1492638490_1470247305_ycxlyb_att-url-download.jpg","image_retina":"https://coub-anubis-a.akamaized.net/coub_storage/media_block/cw_image/c0ccd48a34f/3acb2ee1902674bb651ba/1492638490_1470247305_ycxlyb_att-url-download.jpg","meta":{"service":"Youtube","duration":"6.04"},"duration":6.04,"raw_video_id":3203647,"has_embed":true}},"raw_video_thumbnail_url":"/missing/missing.png","raw_video_title":"ვენერას მზერა","video_block_banned":false,"duration":10.0,"promo_winner":false,"promo_winner_recoubers":null,"editorial_info":{},"promo_hint":null,"beeline_best_2014":null,"from_web_editor":true,"normalize_sound":true,"normalize_change_allowed":true,"best2015_addable":false,"ahmad_promo":null,"promo_data":null,"audio_copyright_claim":null,"ads_disabled":null,"is_safe_for_ads":true,"megafon_contents":[],"position_on_page":9},{"flag":null,"abuses":null,"recoubs_by_users_channels":null,"favourite":false,"promoted_id":null,"recoub":null,"like":null,"dislike":null,"reaction":null,"in_my_best2015":false,"id":14414479,"type":"Coub::Simple","permalink":"84syr","title":"t-800 trolls","visibility_type":"public","original_visibility_type":"public","channel_id":276841,"created_at":"2015-09-13T06:45:24Z","updated_at":"2022-03-13T12:52:25Z","is_done":true,"views_count":177264,"cotd":null,"cotd_at":null,"visible_on_explore_root":true,"visible_on_explore":true,"featured":true,"published":true,"published_at":"2015-09-13T06:45:24Z","reversed":false,"from_editor_v2":true,"is_editable":true,"original_sound":true,"has_sound":true,"recoub_to":null,"file_versions":{"html5":{"video":{"higher":{"url":"https://coub-anubis-a.akamaized.net/coub_storage/coub/simple/cw_file/97e7d6dba28/b1a6fce762ce70ead0bbd/muted_mp4_huge_size_1567804283_muted_huge.mp4","size":2405382},"high":{"url":"https://coub-anubis-a.akamaized.net/coub_storage/coub/simple/cw_file/97e7d6dba28/b1a6fce762ce70ead0bbd/muted_mp4_big_size_1567804283_muted_big.mp4","size":1660127},"med":{"url":"https://coub-anubis-a.akamaized.net/coub_storage/coub/simple/cw_file/97e7d6dba28/b1a6fce762ce70ead0bbd/muted_mp4_med_size_1567804283_muted_med.mp4","size":554237}},"audio":{"high":{"url":"https://coub-anubis-a.akamaized.net/coub_storage/coub/simple/cw_looped_audio_high/dfcb45301b2/d370837a93eb708c6012b/1605459750_high_1453431287_high.mp3","size":1426284},"med":{"url":"https://coub-anubis-a.akamaized.net/coub_storage/coub/simple/cw_looped_audio_med/604ff4b344b/56f6ff70136137833c4fb/1605459750_med_1453431287_med.mp3","size":950856},"sample_duration":8.646}},"mobile":{"video":"https://coub-anubis-a.akamaized.net/coub_storage/coub/simple/cw_file/97e7d6dba28/b1a6fce762ce70ead0bbd/muted_mp4_med_size_1567804283_muted_med.mp4","audio":["https://coub-anubis-a.akamaized.net/coub_storage/coub/simple/cw_looped_audio_med/604ff4b344b/56f6ff70136137833c4fb/1605459750_med_1453431287_med.mp3"]},"share":{"default":"https://coub-anubis-a.akamaized.net/coub_storage/coub/simple/cw_video_for_sharing/f022b56df73/c13f06034f45eb93ac2ac/1609870727_looped_1609870727.mp4"}},"audio_versions":{},"image_versions":{"template":"https://coub-anubis-a.akamaized.net/coub_storage/coub/simple/cw_image/962680fe3ac/5abf727518f9ca1c0598d/1442126901_00027.jpg","versions":["micro","tiny","age_restricted","ios_large","ios_mosaic","big","med","small","pinterest"]},"first_frame_versions":{"template":"https://coub-anubis-a.akamaized.net/coub_storage/coub/simple/cw_timeline_pic/637f3a36e16/6e106981a48a00d28f854/%{version}_1442126900_image.jpg","versions":["big","med","small","ios_large"]},"dimensions":{"big":[1280,544],"med":[640,272]},"site_w_h":[640,272],"page_w_h":[640,272],"site_w_h_small":[310,132],"size":[1280,544],"age_restricted":false,"age_restricted_by_admin":false,"not_safe_for_work":false,"allow_reuse":false,"dont_crop":false,"banned":false,"global_safe":true,"audio_file_url":null,"external_download":{"type":"Youtube","service_name":"YouTube","url":"http://www.youtube.com/watch?v=MT_u9Rurrqg","has_embed":true},"application":null,"channel":{"id":276841,"permalink":"s33s33s33","title":"S33","description":null,"followers_count":13605,"following_count":33,"avatar_versions":{"template":"https://coub-anubis-a.akamaized.net/coub_storage/channel/cw_avatar/f6e668a14ef/8d35e2a6744376ddd21d6/%{version}_1474496595_1d3ec5t_att-url-download.jpg","versions":["medium","medium_2x","profile_pic","profile_pic_new","profile_pic_new_2x","tiny","tiny_2x","small","small_2x","ios_large","ios_small"]}},"file":null,"picture":"https://coub-anubis-a.akamaized.net/coub_storage/coub/simple/cw_image/962680fe3ac/5abf727518f9ca1c0598d/1442126901_00027.jpg","timeline_picture":"https://coub-anubis-a.akamaized.net/coub_storage/coub/simple/cw_timeline_pic/637f3a36e16/6e106981a48a00d28f854/ios_large_1442126900_image.jpg","small_picture":"https://coub-anubis-a.akamaized.net/coub_storage/coub/simple/cw_image/962680fe3ac/5abf727518f9ca1c0598d/1442126901_00027.jpg","sharing_picture":null,"percent_done":100,"tags":[{"id":1090078,"title":"t-800calls","value":"t-800calls"},{"id":2672,"title":"terminator 2","value":"terminator%202"}],"categories":[{"id":37,"title":"Mashup","permalink":"mashup","subscriptions_count":10075240,"big_image_url":"https://coub-anubis-a.akamaized.net/coub_storage/category/cw_image/93ae83fbc3f/4d90453882a0f2e50dbc0/big_1544622036_Mashup.png","small_image_url":"https://coub-anubis-a.akamaized.net/coub_storage/category/cw_image/93ae83fbc3f/4d90453882a0f2e50dbc0/small_1544622036_Mashup.png","med_image_url":"https://coub-anubis-a.akamaized.net/coub_storage/category/cw_image/93ae83fbc3f/4d90453882a0f2e50dbc0/med_1544622036_Mashup.png","visible":true}],"communities":[{"id":37,"title":"Mashup","permalink":"mashup","subscriptions_count":10075240,"big_image_url":"https://coub-anubis-a.akamaized.net/coub_storage/category/cw_image/93ae83fbc3f/4d90453882a0f2e50dbc0/big_1544622036_Mashup.png","small_image_url":"https://coub-anubis-a.akamaized.net/coub_storage/category/cw_image/93ae83fbc3f/4d90453882a0f2e50dbc0/small_1544622036_Mashup.png","med_image_url":"https://coub-anubis-a.akamaized.net/coub_storage/category/cw_image/93ae83fbc3f/4d90453882a0f2e50dbc0/med_1544622036_Mashup.png","i_subscribed":true,"community_notifications_enabled":null,"description":null}],"recoubs_count":386,"remixes_count":26,"likes_count":1875,"dislikes_count":0,"raw_video_id":1613986,"uploaded_by_ios_app":false,"uploaded_by_android_app":false,"media_blocks":{"uploaded_raw_videos":[],"external_raw_videos":[{"id":12028287,"title":"Terminator 2 John Connor's Parents Scene","url":"http://www.youtube.com/watch?v=MT_u9Rurrqg","image":"https://coub-anubis-a.akamaized.net/coub_storage/media_block/cw_image/0b56e365913/27ce241e6768b1b6b696f/1492524462_1440045042_kk9j4t_att-url-download.jpg","image_retina":"https://coub-anubis-a.akamaized.net/coub_storage/media_block/cw_image/0b56e365913/27ce241e6768b1b6b696f/1492524462_1440045042_kk9j4t_att-url-download.jpg","meta":{"service":"Youtube","duration":"108.32"},"duration":108.32,"raw_video_id":1613986,"has_embed":true}],"remixed_from_coubs":[],"external_video":{"id":12028287,"title":"Terminator 2 John Connor's Parents Scene","url":"http://www.youtube.com/watch?v=MT_u9Rurrqg","image":"https://coub-anubis-a.akamaized.net/coub_storage/media_block/cw_image/0b56e365913/27ce241e6768b1b6b696f/1492524462_1440045042_kk9j4t_att-url-download.jpg","image_retina":"https://coub-anubis-a.akamaized.net/coub_storage/media_block/cw_image/0b56e365913/27ce241e6768b1b6b696f/1492524462_1440045042_kk9j4t_att-url-download.jpg","meta":{"service":"Youtube","duration":"108.32"},"duration":108.32,"raw_video_id":1613986,"has_embed":true}},"raw_video_thumbnail_url":"/missing/missing.png","raw_video_title":"Terminator 2 John Connor's Parents Scene","video_block_banned":false,"duration":8.48,"promo_winner":false,"promo_winner_recoubers":null,"editorial_info":{},"promo_hint":null,"beeline_best_2014":null,"from_web_editor":true,"normalize_sound":true,"normalize_change_allowed":true,"best2015_addable":false,"ahmad_promo":null,"promo_data":null,"audio_copyright_claim":null,"ads_disabled":null,"is_safe_for_ads":true,"megafon_contents":[],"position_on_page":10}]}