{"page":489,"per_page":10,"total_pages":500,"coubs":[{"flag":null,"abuses":null,"recoubs_by_users_channels":null,"favourite":false,"promoted_id":null,"recoub":null,"like":null,"dislike":null,"reaction":null,"in_my_best2015":false,"id":178487347,"type":"Coub::Simple","permalink":"2xx4mw","title":"Cruise control","visibility_type":"public","original_visibility_type":"public","channel_id":2522110,"created_at":"2021-11-12T11:16:57Z","updated_at":"2022-03-13T11:52:43Z","is_done":true,"views_count":128209,"cotd":null,"cotd_at":null,"visible_on_explore_root":true,"visible_on_explore":true,"featured":true,"published":true,"published_at":"2021-11-12T11:16:57Z","reversed":false,"from_editor_v2":true,"is_editable":true,"original_sound":false,"has_sound":false,"recoub_to":null,"file_versions":{"html5":{"video":{"higher":{"url":"https://coub-anubis-a.akamaized.net/coub_storage/coub/simple/cw_file/81f8e0730de/4c2d9bf343705e0744a3d/muted_mp4_huge_size_1636716010_muted_huge.mp4","size":2947910},"high":{"url":"https://coub-anubis-a.akamaized.net/coub_storage/coub/simple/cw_file/81f8e0730de/4c2d9bf343705e0744a3d/muted_mp4_big_size_1636716010_muted_big.mp4","size":1979166},"med":{"url":"https://coub-anubis-a.akamaized.net/coub_storage/coub/simple/cw_file/81f8e0730de/4c2d9bf343705e0744a3d/muted_mp4_med_size_1636716010_muted_med.mp4","size":647193}},"audio":{"high":{"url":"https://coub-anubis-a.akamaized.net/coub_storage/coub/simple/cw_looped_audio_high/9cab15cf2a8/a6577d3b0005e0f3cbe41/1636716045_mp3-high.mp3","size":4688662},"med":{"url":"https://coub-anubis-a.akamaized.net/coub_storage/coub/simple/cw_looped_audio_med/902c7b67639/21152b871e8f3a30b7c6f/1636716041_mp3-med.mp3","size":3333911}}},"mobile":{"video":"https://coub-anubis-a.akamaized.net/coub_storage/coub/simple/cw_file/81f8e0730de/4c2d9bf343705e0744a3d/muted_mp4_med_size_1636716010_muted_med.mp4","audio":["https://coub-anubis-a.akamaized.net/coub_storage/coub/simple/cw_looped_audio_med/902c7b67639/21152b871e8f3a30b7c6f/1636716041_mp3-med.mp3"]},"share":{"default":"https://coub-anubis-a.akamaized.net/coub_storage/coub/simple/cw_video_for_sharing/878da3069da/64cb57544f1c52879e88f/1636716092_looped_1636716091.mp4"}},"audio_versions":{"template":"https://coub-anubis-a.akamaized.net/coub_storage/audio_track/cw_file/eeb8f04e5b3/6cf428d34e38b61651bc1/mid_1636716015_17feu0w_edited.mp3","versions":["mid","low"]},"image_versions":{"template":"https://coub-anubis-a.akamaized.net/coub_storage/coub/simple/cw_image/508a598ff50/a354e28e267860c5baea5/%{version}_1636716052_00032.jpg","versions":["micro","tiny","age_restricted","ios_large","ios_mosaic","big","med","small","pinterest"]},"first_frame_versions":{"template":"https://coub-anubis-a.akamaized.net/coub_storage/coub/simple/cw_timeline_pic/0d834b699d5/a0e9bc77c9e4f87259b88/%{version}_1636716051_image.jpg","versions":["big","med","small","ios_large"]},"dimensions":{"big":[1280,720],"med":[640,360]},"site_w_h":[640,360],"page_w_h":[640,360],"site_w_h_small":[310,174],"size":[1280,720],"age_restricted":false,"age_restricted_by_admin":false,"not_safe_for_work":false,"allow_reuse":false,"dont_crop":true,"banned":false,"global_safe":true,"audio_file_url":"https://coub-anubis-a.akamaized.net/coub_storage/audio_track/cw_file/eeb8f04e5b3/6cf428d34e38b61651bc1/low_1636716015_17feu0w_edited.mp3","external_download":false,"application":null,"channel":{"id":2522110,"permalink":"--effv--","title":"EFFV","description":"🚫🚫🚫CLOSED🚫🚫🚫","followers_count":6951,"following_count":158,"avatar_versions":{"template":"https://coub-anubis-a.akamaized.net/coub_storage/channel/cw_avatar/2120ba9efe5/44cb3d216e0d524fc35bd/%{version}_1607420471_gww7vp_1544723788_cropped.jpeg","versions":["medium","medium_2x","profile_pic","profile_pic_new","profile_pic_new_2x","tiny","tiny_2x","small","small_2x","ios_large","ios_small"]}},"file":null,"picture":"https://coub-anubis-a.akamaized.net/coub_storage/coub/simple/cw_image/508a598ff50/a354e28e267860c5baea5/med_1636716052_00032.jpg","timeline_picture":"https://coub-anubis-a.akamaized.net/coub_storage/coub/simple/cw_timeline_pic/0d834b699d5/a0e9bc77c9e4f87259b88/ios_large_1636716051_image.jpg","small_picture":"https://coub-anubis-a.akamaized.net/coub_storage/coub/simple/cw_image/508a598ff50/a354e28e267860c5baea5/ios_mosaic_1636716052_00032.jpg","sharing_picture":null,"percent_done":100,"tags":[{"id":11316,"title":"finch","value":"finch"},{"id":192569,"title":"mashups","value":"mashups"},{"id":239,"title":"robot","value":"robot"},{"id":621409,"title":"a good day to die hard","value":"a%20good%20day%20to%20die%20hard"},{"id":288361,"title":"hybrids","value":"hybrids"},{"id":3738,"title":"tom hanks","value":"tom%20hanks"},{"id":1173,"title":"car","value":"car"}],"categories":[{"id":37,"title":"Mashup","permalink":"mashup","subscriptions_count":10075240,"big_image_url":"https://coub-anubis-a.akamaized.net/coub_storage/category/cw_image/93ae83fbc3f/4d90453882a0f2e50dbc0/big_1544622036_Mashup.png","small_image_url":"https://coub-anubis-a.akamaized.net/coub_storage/category/cw_image/93ae83fbc3f/4d90453882a0f2e50dbc0/small_1544622036_Mashup.png","med_image_url":"https://coub-anubis-a.akamaized.net/coub_storage/category/cw_image/93ae83fbc3f/4d90453882a0f2e50dbc0/med_1544622036_Mashup.png","visible":true}],"communities":[{"id":37,"title":"Mashup","permalink":"mashup","subscriptions_count":10075240,"big_image_url":"https://coub-anubis-a.akamaized.net/coub_storage/category/cw_image/93ae83fbc3f/4d90453882a0f2e50dbc0/big_1544622036_Mashup.png","small_image_url":"https://coub-anubis-a.akamaized.net/coub_storage/category/cw_image/93ae83fbc3f/4d90453882a0f2e50dbc0/small_1544622036_Mashup.png","med_image_url":"https://coub-anubis-a.akamaized.net/coub_storage/category/cw_image/93ae83fbc3f/4d90453882a0f2e50dbc0/med_1544622036_Mashup.png","i_subscribed":true,"community_notifications_enabled":null,"description":null}],"recoubs_count":225,"remixes_count":3,"likes_count":1606,"dislikes_count":0,"raw_video_id":16916153,"uploaded_by_ios_app":true,"uploaded_by_android_app":false,"media_blocks":{"uploaded_raw_videos":[],"external_raw_videos":[],"remixed_from_coubs":[]},"raw_video_thumbnail_url":"https://coub-anubis-a.akamaized.net/coub_storage/raw_video/cw_image/83316e73a83/28c63b805eb3637c0a547/coub_media_1636715811_image.jpg","raw_video_title":"filename.mp4","video_block_banned":false,"duration":9.96,"promo_winner":false,"promo_winner_recoubers":null,"editorial_info":{},"promo_hint":null,"beeline_best_2014":null,"from_web_editor":false,"normalize_sound":false,"normalize_change_allowed":true,"best2015_addable":false,"ahmad_promo":null,"promo_data":null,"audio_copyright_claim":null,"ads_disabled":false,"is_safe_for_ads":true,"megafon_contents":[],"position_on_page":1},{"flag":null,"abuses":null,"recoubs_by_users_channels":null,"favourite":false,"promoted_id":null,"recoub":null,"like":null,"dislike":null,"reaction":null,"in_my_best2015":false,"id":136944691,"type":"Coub::Simple","permalink":"296njb","title":"it seems she didn’t want it)))","visibility_type":"public","original_visibility_type":"public","channel_id":2464675,"created_at":"2020-02-13T10:21:13Z","updated_at":"2022-03-09T13:51:33Z","is_done":true,"views_count":205404,"cotd":null,"cotd_at":null,"visible_on_explore_root":true,"visible_on_explore":true,"featured":true,"published":true,"published_at":"2020-02-13T10:21:13Z","reversed":false,"from_editor_v2":true,"is_editable":true,"original_sound":false,"has_sound":false,"recoub_to":null,"file_versions":{"html5":{"video":{"higher":{"url":"https://coub-anubis-a.akamaized.net/coub_storage/coub/simple/cw_file/d1e2949a241/226cc0375f03ec5b27b03/muted_mp4_huge_size_1581590448_muted_huge.mp4","size":2644354},"high":{"url":"https://coub-anubis-a.akamaized.net/coub_storage/coub/simple/cw_file/d1e2949a241/226cc0375f03ec5b27b03/muted_mp4_big_size_1581590448_muted_big.mp4","size":1893065},"med":{"url":"https://coub-anubis-a.akamaized.net/coub_storage/coub/simple/cw_file/d1e2949a241/226cc0375f03ec5b27b03/muted_mp4_med_size_1581590448_muted_med.mp4","size":611616}}},"mobile":{"video":"https://coub-anubis-a.akamaized.net/coub_storage/coub/simple/cw_file/d1e2949a241/226cc0375f03ec5b27b03/muted_mp4_med_size_1581590448_muted_med.mp4"},"share":{"default":"https://coub-anubis-a.akamaized.net/coub_storage/coub/simple/cw_video_for_sharing/33d48d506ab/9a4e2b2b1dbf095254bf9/1608942595_looped_1608942594.mp4"}},"audio_versions":{},"image_versions":{"template":"https://coub-anubis-a.akamaized.net/coub_storage/coub/simple/cw_image/0c89fd25510/c1e2b420beb88358f321a/1581590460_00032.jpg","versions":["micro","tiny","age_restricted","ios_large","ios_mosaic","big","med","small","pinterest"]},"first_frame_versions":{"template":"https://coub-anubis-a.akamaized.net/coub_storage/coub/simple/cw_timeline_pic/0f1c287d7d6/585f5091a69899c39f826/%{version}_1581590460_image.jpg","versions":["big","med","small","ios_large"]},"dimensions":{"big":[1280,720],"med":[640,360]},"site_w_h":[640,360],"page_w_h":[640,360],"site_w_h_small":[310,174],"size":[1280,720],"age_restricted":false,"age_restricted_by_admin":false,"not_safe_for_work":false,"allow_reuse":false,"dont_crop":false,"banned":false,"global_safe":true,"audio_file_url":null,"external_download":false,"application":null,"channel":{"id":2464675,"permalink":"coub-x30","title":"COUB x3","description":"funny video","followers_count":3943,"following_count":203,"avatar_versions":{"template":"https://coub-anubis-a.akamaized.net/coub_storage/channel/cw_avatar/d4ab8082244/55a54eaf1a04936486a61/%{version}_1609431032_ringg5_1578034266__3.jpg","versions":["medium","medium_2x","profile_pic","profile_pic_new","profile_pic_new_2x","tiny","tiny_2x","small","small_2x","ios_large","ios_small"]}},"file":null,"picture":"https://coub-anubis-a.akamaized.net/coub_storage/coub/simple/cw_image/0c89fd25510/c1e2b420beb88358f321a/1581590460_00032.jpg","timeline_picture":"https://coub-anubis-a.akamaized.net/coub_storage/coub/simple/cw_timeline_pic/0f1c287d7d6/585f5091a69899c39f826/ios_large_1581590460_image.jpg","small_picture":"https://coub-anubis-a.akamaized.net/coub_storage/coub/simple/cw_image/0c89fd25510/c1e2b420beb88358f321a/1581590460_00032.jpg","sharing_picture":null,"percent_done":100,"tags":[{"id":174,"title":"funny","value":"funny"},{"id":2409,"title":"movies","value":"movies"},{"id":5326,"title":"mashup","value":"mashup"},{"id":159614,"title":"fool's gold","value":"fool's%20gold"},{"id":49396,"title":"pirates of the caribbean","value":"pirates%20of%20the%20caribbean"},{"id":5473217,"title":"it seems she didn’t want it","value":"it%20seems%20she%20didn%E2%80%99t%20want%20it"}],"categories":[{"id":37,"title":"Mashup","permalink":"mashup","subscriptions_count":10075240,"big_image_url":"https://coub-anubis-a.akamaized.net/coub_storage/category/cw_image/93ae83fbc3f/4d90453882a0f2e50dbc0/big_1544622036_Mashup.png","small_image_url":"https://coub-anubis-a.akamaized.net/coub_storage/category/cw_image/93ae83fbc3f/4d90453882a0f2e50dbc0/small_1544622036_Mashup.png","med_image_url":"https://coub-anubis-a.akamaized.net/coub_storage/category/cw_image/93ae83fbc3f/4d90453882a0f2e50dbc0/med_1544622036_Mashup.png","visible":true}],"communities":[{"id":37,"title":"Mashup","permalink":"mashup","subscriptions_count":10075240,"big_image_url":"https://coub-anubis-a.akamaized.net/coub_storage/category/cw_image/93ae83fbc3f/4d90453882a0f2e50dbc0/big_1544622036_Mashup.png","small_image_url":"https://coub-anubis-a.akamaized.net/coub_storage/category/cw_image/93ae83fbc3f/4d90453882a0f2e50dbc0/small_1544622036_Mashup.png","med_image_url":"https://coub-anubis-a.akamaized.net/coub_storage/category/cw_image/93ae83fbc3f/4d90453882a0f2e50dbc0/med_1544622036_Mashup.png","i_subscribed":true,"community_notifications_enabled":null,"description":null}],"recoubs_count":194,"remixes_count":0,"likes_count":1606,"dislikes_count":0,"raw_video_id":14814744,"uploaded_by_ios_app":false,"uploaded_by_android_app":false,"media_blocks":{"uploaded_raw_videos":[],"external_raw_videos":[],"remixed_from_coubs":[]},"raw_video_thumbnail_url":"/missing/missing.png","raw_video_title":"___________.mp4","video_block_banned":false,"duration":10.0,"promo_winner":false,"promo_winner_recoubers":null,"editorial_info":{},"promo_hint":null,"beeline_best_2014":null,"from_web_editor":true,"normalize_sound":true,"normalize_change_allowed":true,"best2015_addable":false,"ahmad_promo":null,"promo_data":null,"audio_copyright_claim":"Sony Music Entertainment Russia","ads_disabled":false,"is_safe_for_ads":true,"megafon_contents":[],"position_on_page":2},{"flag":null,"abuses":null,"recoubs_by_users_channels":null,"favourite":false,"promoted_id":null,"recoub":null,"like":null,"dislike":null,"reaction":null,"in_my_best2015":false,"id":89706970,"type":"Coub::Simple","permalink":"1h03jd","title":"Circus","visibility_type":"public","original_visibility_type":"public","channel_id":1096505,"created_at":"2018-10-29T19:16:20Z","updated_at":"2022-03-09T18:55:51Z","is_done":true,"views_count":148396,"cotd":null,"cotd_at":null,"visible_on_explore_root":false,"visible_on_explore":false,"featured":false,"published":true,"published_at":"2018-10-29T19:16:20Z","reversed":false,"from_editor_v2":true,"is_editable":true,"original_sound":false,"has_sound":false,"recoub_to":null,"file_versions":{"html5":{"video":{"higher":{"url":"https://coub-anubis-a.akamaized.net/coub_storage/coub/simple/cw_file/774b4725b67/783a4c8fbfd6721ac8cb5/muted_mp4_huge_size_1576090538_muted_huge.mp4","size":2440694},"high":{"url":"https://coub-anubis-a.akamaized.net/coub_storage/coub/simple/cw_file/774b4725b67/783a4c8fbfd6721ac8cb5/muted_mp4_big_size_1576090538_muted_big.mp4","size":1881669},"med":{"url":"https://coub-anubis-a.akamaized.net/coub_storage/coub/simple/cw_file/774b4725b67/783a4c8fbfd6721ac8cb5/muted_mp4_med_size_1576090538_muted_med.mp4","size":493122}},"audio":{"high":{"url":"https://coub-anubis-a.akamaized.net/coub_storage/coub/simple/cw_looped_audio_high/216c544e6cb/ec2bbbf1c5973313985c7/1605598911_high_1540840605_high.mp3","size":1374566},"med":{"url":"https://coub-anubis-a.akamaized.net/coub_storage/coub/simple/cw_looped_audio_med/595e1615f45/6d8e9fb723a353c2f2c99/1605598910_med_1540840605_med.mp3","size":957119}}},"mobile":{"video":"https://coub-anubis-a.akamaized.net/coub_storage/coub/simple/cw_file/774b4725b67/783a4c8fbfd6721ac8cb5/muted_mp4_med_size_1576090538_muted_med.mp4","audio":["https://coub-anubis-a.akamaized.net/coub_storage/coub/simple/cw_looped_audio_med/595e1615f45/6d8e9fb723a353c2f2c99/1605598910_med_1540840605_med.mp3"]},"share":{"default":"https://coub-anubis-a.akamaized.net/coub_storage/coub/simple/cw_video_for_sharing/0150494fe8a/ca2bff3b4ccd29d7d9b22/1608425509_looped_1608425508.mp4"}},"audio_versions":{"template":"https://coub-anubis-a.akamaized.net/coub_storage/audio_track/cw_file/ef0c598cfff/09ee2e095a48f72f8c909/mid_1540840598_1gjagxy_edited.mp3","versions":["mid","low"]},"image_versions":{"template":"https://coub-anubis-a.akamaized.net/coub_storage/coub/simple/cw_image/118e436c482/45fa2fa384716fbf4427a/1540840614_00032.jpg","versions":["micro","tiny","age_restricted","ios_large","ios_mosaic","big","med","small","pinterest"]},"first_frame_versions":{"template":"https://coub-anubis-a.akamaized.net/coub_storage/coub/simple/cw_timeline_pic/a41111a429f/bfe5ec8a866eefe51b8be/%{version}_1540840613_image.jpg","versions":["big","med","small","ios_large"]},"dimensions":{"big":[1280,534],"med":[640,266]},"site_w_h":[640,267],"page_w_h":[640,267],"site_w_h_small":[310,129],"size":[1280,534],"age_restricted":false,"age_restricted_by_admin":false,"not_safe_for_work":false,"allow_reuse":false,"dont_crop":false,"banned":false,"global_safe":true,"audio_file_url":"https://coub-anubis-a.akamaized.net/coub_storage/audio_track/cw_file/ef0c598cfff/09ee2e095a48f72f8c909/low_1540840598_1gjagxy_edited.mp3","external_download":false,"application":null,"channel":{"id":1096505,"permalink":"dropthemic","title":"Dima Alferev","description":"Hey, hi, hello, yo, what's up","followers_count":18739,"following_count":22,"avatar_versions":{"template":"https://coub-anubis-a.akamaized.net/coub_storage/channel/cw_avatar/e5e7da84ccb/cc176d4554a03f7fcc959/%{version}_1607432552_8x2zo9_1474540213_8hhcfd_att-url-download.png","versions":["medium","medium_2x","profile_pic","profile_pic_new","profile_pic_new_2x","tiny","tiny_2x","small","small_2x","ios_large","ios_small"]}},"file":null,"picture":"https://coub-anubis-a.akamaized.net/coub_storage/coub/simple/cw_image/118e436c482/45fa2fa384716fbf4427a/1540840614_00032.jpg","timeline_picture":"https://coub-anubis-a.akamaized.net/coub_storage/coub/simple/cw_timeline_pic/a41111a429f/bfe5ec8a866eefe51b8be/ios_large_1540840613_image.jpg","small_picture":"https://coub-anubis-a.akamaized.net/coub_storage/coub/simple/cw_image/118e436c482/45fa2fa384716fbf4427a/1540840614_00032.jpg","sharing_picture":null,"percent_done":100,"tags":[{"id":9501,"title":"it","value":"it"},{"id":57838,"title":"sherlock holmes","value":"sherlock%20holmes"},{"id":135191,"title":"game of shadows","value":"game%20of%20shadows"},{"id":612834,"title":"batman the dark knight","value":"batman%20the%20dark%20knight"},{"id":716,"title":"joker","value":"joker"},{"id":4429,"title":"watchmen","value":"watchmen"},{"id":10447,"title":"comedian","value":"comedian"},{"id":620048,"title":"suicide squad","value":"suicide%20squad"},{"id":747,"title":"harley quinn","value":"harley%20quinn"},{"id":35733,"title":"pennywise","value":"pennywise"},{"id":2406559,"title":"toby fox death by glamour","value":"toby%20fox%20death%20by%20glamour"}],"categories":[{"id":37,"title":"Mashup","permalink":"mashup","subscriptions_count":10075240,"big_image_url":"https://coub-anubis-a.akamaized.net/coub_storage/category/cw_image/93ae83fbc3f/4d90453882a0f2e50dbc0/big_1544622036_Mashup.png","small_image_url":"https://coub-anubis-a.akamaized.net/coub_storage/category/cw_image/93ae83fbc3f/4d90453882a0f2e50dbc0/small_1544622036_Mashup.png","med_image_url":"https://coub-anubis-a.akamaized.net/coub_storage/category/cw_image/93ae83fbc3f/4d90453882a0f2e50dbc0/med_1544622036_Mashup.png","visible":true}],"communities":[{"id":37,"title":"Mashup","permalink":"mashup","subscriptions_count":10075240,"big_image_url":"https://coub-anubis-a.akamaized.net/coub_storage/category/cw_image/93ae83fbc3f/4d90453882a0f2e50dbc0/big_1544622036_Mashup.png","small_image_url":"https://coub-anubis-a.akamaized.net/coub_storage/category/cw_image/93ae83fbc3f/4d90453882a0f2e50dbc0/small_1544622036_Mashup.png","med_image_url":"https://coub-anubis-a.akamaized.net/coub_storage/category/cw_image/93ae83fbc3f/4d90453882a0f2e50dbc0/med_1544622036_Mashup.png","i_subscribed":true,"community_notifications_enabled":null,"description":null}],"recoubs_count":181,"remixes_count":0,"likes_count":1606,"dislikes_count":0,"raw_video_id":12612333,"uploaded_by_ios_app":false,"uploaded_by_android_app":false,"media_blocks":{"uploaded_raw_videos":[],"external_raw_videos":[],"remixed_from_coubs":[]},"raw_video_thumbnail_url":"/missing/missing.png","raw_video_title":"11.mp4","video_block_banned":false,"duration":10.0,"promo_winner":false,"promo_winner_recoubers":null,"editorial_info":{},"promo_hint":null,"beeline_best_2014":null,"from_web_editor":true,"normalize_sound":false,"normalize_change_allowed":true,"best2015_addable":false,"ahmad_promo":null,"promo_data":null,"audio_copyright_claim":null,"ads_disabled":false,"is_safe_for_ads":true,"megafon_contents":[],"position_on_page":3},{"flag":null,"abuses":null,"recoubs_by_users_channels":null,"favourite":false,"promoted_id":null,"recoub":null,"like":null,"dislike":null,"reaction":null,"in_my_best2015":false,"id":17869485,"type":"Coub::Simple","permalink":"a6uvz","title":"Great acting","visibility_type":"public","original_visibility_type":"public","channel_id":749340,"created_at":"2016-01-06T21:14:42Z","updated_at":"2022-02-23T17:07:08Z","is_done":true,"views_count":114895,"cotd":null,"cotd_at":null,"visible_on_explore_root":true,"visible_on_explore":true,"featured":true,"published":true,"published_at":"2016-01-06T21:14:42Z","reversed":false,"from_editor_v2":true,"is_editable":true,"original_sound":false,"has_sound":false,"recoub_to":null,"file_versions":{"html5":{"video":{"higher":{"url":"https://coub-anubis-a.akamaized.net/coub_storage/coub/simple/cw_file/fd0a15e0924/bcb0f8dae65e0efc5befb/muted_mp4_huge_size_1567836460_muted_huge.mp4","size":3458065},"high":{"url":"https://coub-anubis-a.akamaized.net/coub_storage/coub/simple/cw_file/fd0a15e0924/bcb0f8dae65e0efc5befb/muted_mp4_big_size_1567836460_muted_big.mp4","size":2295961},"med":{"url":"https://coub-anubis-a.akamaized.net/coub_storage/coub/simple/cw_file/fd0a15e0924/bcb0f8dae65e0efc5befb/muted_mp4_med_size_1567836460_muted_med.mp4","size":611992}},"audio":{"high":{"url":"https://coub-anubis-a.akamaized.net/coub_storage/coub/simple/cw_looped_audio_high/c1725c6829c/7873fd489ec77f81c5ace/1605469252_high_1470827726_high.mp3","size":1200773},"med":{"url":"https://coub-anubis-a.akamaized.net/coub_storage/coub/simple/cw_looped_audio_med/d329485f816/5b6067c056e740324462c/1605469252_med_1470827726_med.mp3","size":830617}}},"mobile":{"video":"https://coub-anubis-a.akamaized.net/coub_storage/coub/simple/cw_file/fd0a15e0924/bcb0f8dae65e0efc5befb/muted_mp4_med_size_1567836460_muted_med.mp4","audio":["https://coub-anubis-a.akamaized.net/coub_storage/coub/simple/cw_looped_audio_med/d329485f816/5b6067c056e740324462c/1605469252_med_1470827726_med.mp3"]},"share":{"default":null}},"audio_versions":{"template":"https://coub-anubis-a.akamaized.net/coub_storage/audio_track/cw_normalized_copy/aa9d87fdfcf/9fe1c11b88ad4106f6556/mid_1471300015_1hrkg3u_normalized_1452114203_audio.mp3","versions":["mid","low"]},"image_versions":{"template":"https://coub-anubis-a.akamaized.net/coub_storage/coub/simple/cw_image/ab746bb8ec1/c98a974fc4b695dd63525/1470827697_00028.jpg","versions":["micro","tiny","age_restricted","ios_large","ios_mosaic","big","med","small","pinterest"]},"first_frame_versions":{"template":"https://coub-anubis-a.akamaized.net/coub_storage/coub/simple/cw_timeline_pic/ab746bb8ec1/c98a974fc4b695dd63525/%{version}_1470827705_image.jpg","versions":["big","med","small","ios_large"]},"dimensions":{"big":[1280,802],"med":[640,400]},"site_w_h":[640,401],"page_w_h":[640,401],"site_w_h_small":[310,194],"size":[1280,802],"age_restricted":false,"age_restricted_by_admin":false,"not_safe_for_work":false,"allow_reuse":false,"dont_crop":false,"banned":false,"global_safe":true,"audio_file_url":"https://coub-anubis-a.akamaized.net/coub_storage/audio_track/cw_normalized_copy/aa9d87fdfcf/9fe1c11b88ad4106f6556/low_1471300015_1hrkg3u_normalized_1452114203_audio.mp3","external_download":false,"application":null,"channel":{"id":749340,"permalink":"deftishe","title":"Dmitriy","description":null,"followers_count":26,"following_count":14,"avatar_versions":{"template":"https://coub-anubis-a.akamaized.net/coub_storage/channel/cw_avatar/9f78b1f98f9/cf304992f3b7b239e97d4/%{version}_1607823486_1x97413_1474528066_eN7DQUOeIL0_1_.jpg","versions":["medium","medium_2x","profile_pic","profile_pic_new","profile_pic_new_2x","tiny","tiny_2x","small","small_2x","ios_large","ios_small"]}},"file":null,"picture":"https://coub-anubis-a.akamaized.net/coub_storage/coub/simple/cw_image/ab746bb8ec1/c98a974fc4b695dd63525/1470827697_00028.jpg","timeline_picture":"https://coub-anubis-a.akamaized.net/coub_storage/coub/simple/cw_timeline_pic/ab746bb8ec1/c98a974fc4b695dd63525/ios_large_1470827705_image.jpg","small_picture":"https://coub-anubis-a.akamaized.net/coub_storage/coub/simple/cw_image/ab746bb8ec1/c98a974fc4b695dd63525/1470827697_00028.jpg","sharing_picture":null,"percent_done":100,"tags":[{"id":1257682,"title":"drugsorbear","value":"drugsorbear"},{"id":1677,"title":"bear","value":"bear"},{"id":140,"title":"drugs","value":"drugs"},{"id":7906,"title":"dicaprio","value":"dicaprio"},{"id":396,"title":"leonardo dicaprio","value":"leonardo%20dicaprio"},{"id":13862,"title":"the wolf of wall street","value":"the%20wolf%20of%20wall%20street"},{"id":1023809,"title":"the revenant","value":"the%20revenant"}],"categories":[{"id":37,"title":"Mashup","permalink":"mashup","subscriptions_count":10075240,"big_image_url":"https://coub-anubis-a.akamaized.net/coub_storage/category/cw_image/93ae83fbc3f/4d90453882a0f2e50dbc0/big_1544622036_Mashup.png","small_image_url":"https://coub-anubis-a.akamaized.net/coub_storage/category/cw_image/93ae83fbc3f/4d90453882a0f2e50dbc0/small_1544622036_Mashup.png","med_image_url":"https://coub-anubis-a.akamaized.net/coub_storage/category/cw_image/93ae83fbc3f/4d90453882a0f2e50dbc0/med_1544622036_Mashup.png","visible":true}],"communities":[{"id":37,"title":"Mashup","permalink":"mashup","subscriptions_count":10075240,"big_image_url":"https://coub-anubis-a.akamaized.net/coub_storage/category/cw_image/93ae83fbc3f/4d90453882a0f2e50dbc0/big_1544622036_Mashup.png","small_image_url":"https://coub-anubis-a.akamaized.net/coub_storage/category/cw_image/93ae83fbc3f/4d90453882a0f2e50dbc0/small_1544622036_Mashup.png","med_image_url":"https://coub-anubis-a.akamaized.net/coub_storage/category/cw_image/93ae83fbc3f/4d90453882a0f2e50dbc0/med_1544622036_Mashup.png","i_subscribed":true,"community_notifications_enabled":null,"description":null}],"recoubs_count":274,"remixes_count":2,"likes_count":1606,"dislikes_count":0,"raw_video_id":2038509,"uploaded_by_ios_app":false,"uploaded_by_android_app":false,"media_blocks":{"uploaded_raw_videos":[],"external_raw_videos":[],"remixed_from_coubs":[]},"raw_video_thumbnail_url":"/missing/missing.png","raw_video_title":"___________-_____.___________________________________360_.mp4","video_block_banned":false,"duration":8.72,"promo_winner":false,"promo_winner_recoubers":null,"editorial_info":{},"promo_hint":null,"beeline_best_2014":null,"from_web_editor":true,"normalize_sound":true,"normalize_change_allowed":true,"best2015_addable":false,"ahmad_promo":null,"promo_data":null,"audio_copyright_claim":null,"ads_disabled":null,"is_safe_for_ads":true,"megafon_contents":[],"position_on_page":4},{"flag":null,"abuses":null,"recoubs_by_users_channels":null,"favourite":false,"promoted_id":null,"recoub":null,"like":null,"dislike":null,"reaction":null,"in_my_best2015":false,"id":162225353,"type":"Coub::Simple","permalink":"2o8kpi","title":"Once upon a time in Marseille","visibility_type":"public","original_visibility_type":"public","channel_id":4000016,"created_at":"2021-01-21T17:18:31Z","updated_at":"2022-03-09T07:58:55Z","is_done":true,"views_count":135770,"cotd":null,"cotd_at":null,"visible_on_explore_root":true,"visible_on_explore":true,"featured":true,"published":true,"published_at":"2021-01-21T17:18:31Z","reversed":false,"from_editor_v2":true,"is_editable":true,"original_sound":false,"has_sound":false,"recoub_to":null,"file_versions":{"html5":{"video":{"higher":{"url":"https://coub-anubis-a.akamaized.net/coub_storage/coub/simple/cw_file/b6297be8031/746b80f28a0808ec56135/muted_mp4_huge_size_1611249528_muted_huge.mp4","size":3869846},"high":{"url":"https://coub-anubis-a.akamaized.net/coub_storage/coub/simple/cw_file/b6297be8031/746b80f28a0808ec56135/muted_mp4_big_size_1611249528_muted_big.mp4","size":2509950},"med":{"url":"https://coub-anubis-a.akamaized.net/coub_storage/coub/simple/cw_file/b6297be8031/746b80f28a0808ec56135/muted_mp4_med_size_1611249528_muted_med.mp4","size":919545}},"audio":{"high":{"url":"https://coub-anubis-a.akamaized.net/coub_storage/coub/simple/cw_looped_audio_high/55b2838a04f/2e90f0cb1792c325823d2/1611249545_mp3-high.mp3","size":2154081},"med":{"url":"https://coub-anubis-a.akamaized.net/coub_storage/coub/simple/cw_looped_audio_med/42266d4fb66/8e43c60853b47487dc6e5/1611249543_mp3-med.mp3","size":1994454}}},"mobile":{"video":"https://coub-anubis-a.akamaized.net/coub_storage/coub/simple/cw_file/b6297be8031/746b80f28a0808ec56135/muted_mp4_med_size_1611249528_muted_med.mp4","audio":["https://coub-anubis-a.akamaized.net/coub_storage/coub/simple/cw_looped_audio_med/42266d4fb66/8e43c60853b47487dc6e5/1611249543_mp3-med.mp3"]},"share":{"default":"https://coub-anubis-a.akamaized.net/coub_storage/coub/simple/cw_video_for_sharing/670486a3ca6/3db467025221d0327aed1/1611249621_looped_1611249619.mp4"}},"audio_versions":{"template":"https://coub-anubis-a.akamaized.net/coub_storage/audio_track/cw_file/3a40e15ab9c/daa2133f59acbb3e34d69/mid_1611249530_1mrj0yn_edited.mp3","versions":["mid","low"]},"image_versions":{"template":"https://coub-anubis-a.akamaized.net/coub_storage/coub/simple/cw_image/83f7d0a1a4e/fbc50d0846996b85f8660/%{version}_1611249558_00032.jpg","versions":["micro","tiny","age_restricted","ios_large","ios_mosaic","big","med","small","pinterest"]},"first_frame_versions":{"template":"https://coub-anubis-a.akamaized.net/coub_storage/coub/simple/cw_timeline_pic/f351e787cda/f8da4612242045d96758e/%{version}_1611249557_image.jpg","versions":["big","med","small","ios_large"]},"dimensions":{"big":[1280,554],"med":[640,276]},"site_w_h":[640,277],"page_w_h":[640,277],"site_w_h_small":[310,134],"size":[1280,554],"age_restricted":false,"age_restricted_by_admin":false,"not_safe_for_work":false,"allow_reuse":false,"dont_crop":true,"banned":false,"global_safe":true,"audio_file_url":"https://coub-anubis-a.akamaized.net/coub_storage/audio_track/cw_file/3a40e15ab9c/daa2133f59acbb3e34d69/low_1611249530_1mrj0yn_edited.mp3","external_download":false,"application":null,"channel":{"id":4000016,"permalink":"a.remake","title":"A remake","description":"🚫🚫🚫CLOSED🚫🚫🚫","followers_count":430,"following_count":6,"avatar_versions":{"template":"https://coub-anubis-a.akamaized.net/coub_storage/channel/cw_avatar/0cfba109bc5/a165b53d2c102b7105f3d/%{version}_1607422760_dmzehh_1514674009_Screenshot__13_.png","versions":["medium","medium_2x","profile_pic","profile_pic_new","profile_pic_new_2x","tiny","tiny_2x","small","small_2x","ios_large","ios_small"]}},"file":null,"picture":"https://coub-anubis-a.akamaized.net/coub_storage/coub/simple/cw_image/83f7d0a1a4e/fbc50d0846996b85f8660/med_1611249558_00032.jpg","timeline_picture":"https://coub-anubis-a.akamaized.net/coub_storage/coub/simple/cw_timeline_pic/f351e787cda/f8da4612242045d96758e/ios_large_1611249557_image.jpg","small_picture":"https://coub-anubis-a.akamaized.net/coub_storage/coub/simple/cw_image/83f7d0a1a4e/fbc50d0846996b85f8660/ios_mosaic_1611249558_00032.jpg","sharing_picture":null,"percent_done":100,"tags":[{"id":567,"title":"taxi","value":"taxi"},{"id":192569,"title":"mashups","value":"mashups"},{"id":4785218,"title":"once in hollywood","value":"once%20in%20hollywood"},{"id":288361,"title":"hybrids","value":"hybrids"},{"id":4088013,"title":"once upon a time in hollywood","value":"once%20upon%20a%20time%20in%20hollywood"},{"id":45340,"title":"bred pitt","value":"bred%20pitt"},{"id":1611,"title":"avto","value":"avto"},{"id":1173,"title":"car","value":"car"}],"categories":[{"id":37,"title":"Mashup","permalink":"mashup","subscriptions_count":10075240,"big_image_url":"https://coub-anubis-a.akamaized.net/coub_storage/category/cw_image/93ae83fbc3f/4d90453882a0f2e50dbc0/big_1544622036_Mashup.png","small_image_url":"https://coub-anubis-a.akamaized.net/coub_storage/category/cw_image/93ae83fbc3f/4d90453882a0f2e50dbc0/small_1544622036_Mashup.png","med_image_url":"https://coub-anubis-a.akamaized.net/coub_storage/category/cw_image/93ae83fbc3f/4d90453882a0f2e50dbc0/med_1544622036_Mashup.png","visible":true}],"communities":[{"id":37,"title":"Mashup","permalink":"mashup","subscriptions_count":10075240,"big_image_url":"https://coub-anubis-a.akamaized.net/coub_storage/category/cw_image/93ae83fbc3f/4d90453882a0f2e50dbc0/big_1544622036_Mashup.png","small_image_url":"https://coub-anubis-a.akamaized.net/coub_storage/category/cw_image/93ae83fbc3f/4d90453882a0f2e50dbc0/small_1544622036_Mashup.png","med_image_url":"https://coub-anubis-a.akamaized.net/coub_storage/category/cw_image/93ae83fbc3f/4d90453882a0f2e50dbc0/med_1544622036_Mashup.png","i_subscribed":true,"community_notifications_enabled":null,"description":null}],"recoubs_count":192,"remixes_count":2,"likes_count":1605,"dislikes_count":0,"raw_video_id":16091736,"uploaded_by_ios_app":true,"uploaded_by_android_app":false,"media_blocks":{"uploaded_raw_videos":[],"external_raw_videos":[],"remixed_from_coubs":[]},"raw_video_thumbnail_url":"/missing/missing.png","raw_video_title":"filename.mp4","video_block_banned":false,"duration":10.04,"promo_winner":false,"promo_winner_recoubers":null,"editorial_info":{},"promo_hint":null,"beeline_best_2014":null,"from_web_editor":false,"normalize_sound":false,"normalize_change_allowed":true,"best2015_addable":false,"ahmad_promo":null,"promo_data":null,"audio_copyright_claim":null,"ads_disabled":false,"is_safe_for_ads":true,"megafon_contents":[],"position_on_page":5},{"flag":null,"abuses":null,"recoubs_by_users_channels":null,"favourite":false,"promoted_id":null,"recoub":null,"like":null,"dislike":null,"reaction":null,"in_my_best2015":false,"id":152169132,"type":"Coub::Simple","permalink":"2i917a","title":"another chance","visibility_type":"public","original_visibility_type":"public","channel_id":3467086,"created_at":"2020-08-20T19:12:23Z","updated_at":"2022-03-06T00:59:05Z","is_done":true,"views_count":191485,"cotd":null,"cotd_at":null,"visible_on_explore_root":true,"visible_on_explore":true,"featured":true,"published":true,"published_at":"2020-08-20T19:12:23Z","reversed":false,"from_editor_v2":true,"is_editable":true,"original_sound":false,"has_sound":false,"recoub_to":null,"file_versions":{"html5":{"video":{"higher":{"url":"https://coub-anubis-a.akamaized.net/coub_storage/coub/simple/cw_file/e78494dd78e/2c8d0626cb8e840fde7e6/muted_mp4_huge_size_1597950766_muted_huge.mp4","size":1566210},"high":{"url":"https://coub-anubis-a.akamaized.net/coub_storage/coub/simple/cw_file/e78494dd78e/2c8d0626cb8e840fde7e6/muted_mp4_big_size_1597950766_muted_big.mp4","size":1026436},"med":{"url":"https://coub-anubis-a.akamaized.net/coub_storage/coub/simple/cw_file/e78494dd78e/2c8d0626cb8e840fde7e6/muted_mp4_med_size_1597950766_muted_med.mp4","size":283781}},"audio":{"high":{"url":"https://coub-anubis-a.akamaized.net/coub_storage/coub/simple/cw_looped_audio_high/63df75ff9c1/40fdf0aa670e95415a40c/1607308838_high_1597950788_high.mp3","size":1434231},"med":{"url":"https://coub-anubis-a.akamaized.net/coub_storage/coub/simple/cw_looped_audio_med/c71f04a364f/f734b5b68c09c65a4b77b/1607308837_med_1597950788_med.mp3","size":1115058}}},"mobile":{"video":"https://coub-anubis-a.akamaized.net/coub_storage/coub/simple/cw_file/e78494dd78e/2c8d0626cb8e840fde7e6/muted_mp4_med_size_1597950766_muted_med.mp4","audio":["https://coub-anubis-a.akamaized.net/coub_storage/coub/simple/cw_looped_audio_med/c71f04a364f/f734b5b68c09c65a4b77b/1607308837_med_1597950788_med.mp3"]},"share":{"default":"https://coub-anubis-a.akamaized.net/coub_storage/coub/simple/cw_video_for_sharing/246e610fe9a/53bae6fefba06e4cd6e68/1609263600_looped_1609263599.mp4"}},"audio_versions":{"template":"https://coub-anubis-a.akamaized.net/coub_storage/audio_track/cw_normalized_copy/e787a802c76/aba4e078bcdbf086f96a7/mid_1597950781_normalized_1597950768_14j4lo6_edited.mp3","versions":["mid","low"]},"image_versions":{"template":"https://coub-anubis-a.akamaized.net/coub_storage/coub/simple/cw_image/320a47da862/fb80ee97b583150e7043a/1597950819_00032.jpg","versions":["micro","tiny","age_restricted","ios_large","ios_mosaic","big","med","small","pinterest"]},"first_frame_versions":{"template":"https://coub-anubis-a.akamaized.net/coub_storage/coub/simple/cw_timeline_pic/9edaedcc41c/5c81ff3026c6adde903ae/%{version}_1597950818_image.jpg","versions":["big","med","small","ios_large"]},"dimensions":{"big":[1280,544],"med":[640,272]},"site_w_h":[640,272],"page_w_h":[640,272],"site_w_h_small":[310,132],"size":[1280,544],"age_restricted":false,"age_restricted_by_admin":false,"not_safe_for_work":false,"allow_reuse":false,"dont_crop":false,"banned":false,"global_safe":true,"audio_file_url":"https://coub-anubis-a.akamaized.net/coub_storage/audio_track/cw_normalized_copy/e787a802c76/aba4e078bcdbf086f96a7/low_1597950781_normalized_1597950768_14j4lo6_edited.mp3","external_download":false,"application":null,"channel":{"id":3467086,"permalink":"tetriscoub","title":"TetRis","description":null,"followers_count":1715,"following_count":359,"avatar_versions":{"template":"https://coub-anubis-a.akamaized.net/coub_storage/channel/cw_avatar/4a6b8298423/1dd273aa4a4586013c488/%{version}_1609111565_te57me_1488725184_images.jpg","versions":["medium","medium_2x","profile_pic","profile_pic_new","profile_pic_new_2x","tiny","tiny_2x","small","small_2x","ios_large","ios_small"]}},"file":null,"picture":"https://coub-anubis-a.akamaized.net/coub_storage/coub/simple/cw_image/320a47da862/fb80ee97b583150e7043a/1597950819_00032.jpg","timeline_picture":"https://coub-anubis-a.akamaized.net/coub_storage/coub/simple/cw_timeline_pic/9edaedcc41c/5c81ff3026c6adde903ae/ios_large_1597950818_image.jpg","small_picture":"https://coub-anubis-a.akamaized.net/coub_storage/coub/simple/cw_image/320a47da862/fb80ee97b583150e7043a/1597950819_00032.jpg","sharing_picture":null,"percent_done":100,"tags":[],"categories":[{"id":37,"title":"Mashup","permalink":"mashup","subscriptions_count":10075240,"big_image_url":"https://coub-anubis-a.akamaized.net/coub_storage/category/cw_image/93ae83fbc3f/4d90453882a0f2e50dbc0/big_1544622036_Mashup.png","small_image_url":"https://coub-anubis-a.akamaized.net/coub_storage/category/cw_image/93ae83fbc3f/4d90453882a0f2e50dbc0/small_1544622036_Mashup.png","med_image_url":"https://coub-anubis-a.akamaized.net/coub_storage/category/cw_image/93ae83fbc3f/4d90453882a0f2e50dbc0/med_1544622036_Mashup.png","visible":true}],"communities":[{"id":37,"title":"Mashup","permalink":"mashup","subscriptions_count":10075240,"big_image_url":"https://coub-anubis-a.akamaized.net/coub_storage/category/cw_image/93ae83fbc3f/4d90453882a0f2e50dbc0/big_1544622036_Mashup.png","small_image_url":"https://coub-anubis-a.akamaized.net/coub_storage/category/cw_image/93ae83fbc3f/4d90453882a0f2e50dbc0/small_1544622036_Mashup.png","med_image_url":"https://coub-anubis-a.akamaized.net/coub_storage/category/cw_image/93ae83fbc3f/4d90453882a0f2e50dbc0/med_1544622036_Mashup.png","i_subscribed":true,"community_notifications_enabled":null,"description":null}],"recoubs_count":255,"remixes_count":0,"likes_count":1605,"dislikes_count":0,"raw_video_id":15587453,"uploaded_by_ios_app":false,"uploaded_by_android_app":false,"media_blocks":{"uploaded_raw_videos":[],"external_raw_videos":[],"remixed_from_coubs":[]},"raw_video_thumbnail_url":"/missing/missing.png","raw_video_title":"___007.mp4","video_block_banned":false,"duration":10.0,"promo_winner":false,"promo_winner_recoubers":null,"editorial_info":{},"promo_hint":null,"beeline_best_2014":null,"from_web_editor":true,"normalize_sound":true,"normalize_change_allowed":true,"best2015_addable":false,"ahmad_promo":null,"promo_data":null,"audio_copyright_claim":null,"ads_disabled":false,"is_safe_for_ads":true,"megafon_contents":[],"position_on_page":6},{"flag":null,"abuses":null,"recoubs_by_users_channels":null,"favourite":false,"promoted_id":null,"recoub":null,"like":null,"dislike":null,"reaction":null,"in_my_best2015":false,"id":132862613,"type":"Coub::Simple","permalink":"26qkx6","title":"The Gentlemen of Fortune","visibility_type":"public","original_visibility_type":"public","channel_id":4290415,"created_at":"2019-12-27T09:32:02Z","updated_at":"2022-03-15T22:16:55Z","is_done":true,"views_count":210640,"cotd":null,"cotd_at":null,"visible_on_explore_root":true,"visible_on_explore":true,"featured":true,"published":true,"published_at":"2019-12-27T09:33:49Z","reversed":false,"from_editor_v2":true,"is_editable":true,"original_sound":false,"has_sound":false,"recoub_to":null,"file_versions":{"html5":{"video":{"higher":{"url":"https://coub-anubis-a.akamaized.net/coub_storage/coub/simple/cw_file/31bee6a5742/8506f7c55384813b8031a/muted_mp4_huge_size_1577451692_muted_huge.mp4","size":1357727},"high":{"url":"https://coub-anubis-a.akamaized.net/coub_storage/coub/simple/cw_file/31bee6a5742/8506f7c55384813b8031a/muted_mp4_big_size_1577451692_muted_big.mp4","size":1051406},"med":{"url":"https://coub-anubis-a.akamaized.net/coub_storage/coub/simple/cw_file/31bee6a5742/8506f7c55384813b8031a/muted_mp4_med_size_1577451692_muted_med.mp4","size":275603}},"audio":{"high":{"url":"https://coub-anubis-a.akamaized.net/coub_storage/coub/simple/cw_looped_audio_high/362920c0e64/3c3fc64bf405780e62b80/1605702027_high_1577451704_high.mp3","size":1437759},"med":{"url":"https://coub-anubis-a.akamaized.net/coub_storage/coub/simple/cw_looped_audio_med/70f9e0622d6/64f1b176902b4f36f0269/1605702027_med_1577451704_med.mp3","size":1303542}}},"mobile":{"video":"https://coub-anubis-a.akamaized.net/coub_storage/coub/simple/cw_file/31bee6a5742/8506f7c55384813b8031a/muted_mp4_med_size_1577451692_muted_med.mp4","audio":["https://coub-anubis-a.akamaized.net/coub_storage/coub/simple/cw_looped_audio_med/70f9e0622d6/64f1b176902b4f36f0269/1605702027_med_1577451704_med.mp3"]},"share":{"default":"https://coub-anubis-a.akamaized.net/coub_storage/coub/simple/cw_video_for_sharing/a2265992e87/0d5eee6317099ac14e224/1609672555_looped_1609672554.mp4"}},"audio_versions":{"template":"https://coub-anubis-a.akamaized.net/coub_storage/audio_track/cw_file/4c027f2d768/89d261bf327e3f64f81c9/mid_1577451693_rcymiu_edited.mp3","versions":["mid","low"]},"image_versions":{"template":"https://coub-anubis-a.akamaized.net/coub_storage/coub/simple/cw_image/312a1196c9a/75b2eb6fb2cc5c66710a1/1577451710_00020.jpg","versions":["micro","tiny","age_restricted","ios_large","ios_mosaic","big","med","small","pinterest"]},"first_frame_versions":{"template":"https://coub-anubis-a.akamaized.net/coub_storage/coub/simple/cw_timeline_pic/f24d1877e31/8ad48245a596339c6bf55/%{version}_1577451710_image.jpg","versions":["big","med","small","ios_large"]},"dimensions":{"big":[1280,532],"med":[640,266]},"site_w_h":[640,266],"page_w_h":[640,266],"site_w_h_small":[310,129],"size":[1280,532],"age_restricted":false,"age_restricted_by_admin":false,"not_safe_for_work":false,"allow_reuse":false,"dont_crop":false,"banned":false,"global_safe":true,"audio_file_url":"https://coub-anubis-a.akamaized.net/coub_storage/audio_track/cw_file/4c027f2d768/89d261bf327e3f64f81c9/low_1577451693_rcymiu_edited.mp3","external_download":false,"application":null,"channel":{"id":4290415,"permalink":"funnyfellow","title":"Funny Fellow","description":"Follow 4 Fun! :-)","followers_count":494,"following_count":24,"avatar_versions":{"template":"https://coub-anubis-a.akamaized.net/coub_storage/channel/cw_avatar/cb462778bde/669343827c6cc58ff7546/%{version}_1607424447_o0tvrp_1548098792_FFlogo.png","versions":["medium","medium_2x","profile_pic","profile_pic_new","profile_pic_new_2x","tiny","tiny_2x","small","small_2x","ios_large","ios_small"]}},"file":null,"picture":"https://coub-anubis-a.akamaized.net/coub_storage/coub/simple/cw_image/312a1196c9a/75b2eb6fb2cc5c66710a1/1577451710_00020.jpg","timeline_picture":"https://coub-anubis-a.akamaized.net/coub_storage/coub/simple/cw_timeline_pic/f24d1877e31/8ad48245a596339c6bf55/ios_large_1577451710_image.jpg","small_picture":"https://coub-anubis-a.akamaized.net/coub_storage/coub/simple/cw_image/312a1196c9a/75b2eb6fb2cc5c66710a1/1577451710_00020.jpg","sharing_picture":null,"percent_done":100,"tags":[{"id":2974632,"title":"gentlemen of fortune (film)","value":"gentlemen%20of%20fortune%20(film)"},{"id":73244,"title":"movie moments","value":"movie%20moments"},{"id":159473,"title":"upcoming movies","value":"upcoming%20movies"},{"id":1063376,"title":"crime comedy","value":"crime%20comedy"},{"id":3315,"title":"criminal","value":"criminal"},{"id":3424263,"title":"криминальная комедия","value":"%D0%BA%D1%80%D0%B8%D0%BC%D0%B8%D0%BD%D0%B0%D0%BB%D1%8C%D0%BD%D0%B0%D1%8F%20%D0%BA%D0%BE%D0%BC%D0%B5%D0%B4%D0%B8%D1%8F"},{"id":8839,"title":"советская комедия","value":"%D1%81%D0%BE%D0%B2%D0%B5%D1%82%D1%81%D0%BA%D0%B0%D1%8F%20%D0%BA%D0%BE%D0%BC%D0%B5%D0%B4%D0%B8%D1%8F"},{"id":8868,"title":"криминал","value":"%D0%BA%D1%80%D0%B8%D0%BC%D0%B8%D0%BD%D0%B0%D0%BB"},{"id":2086,"title":"комедия","value":"%D0%BA%D0%BE%D0%BC%D0%B5%D0%B4%D0%B8%D1%8F"},{"id":5391936,"title":"fateeva","value":"fateeva"},{"id":102686,"title":"muratov","value":"muratov"},{"id":3328146,"title":"radner muratov","value":"radner%20muratov"},{"id":1384479,"title":"natalya fateeva","value":"natalya%20fateeva"},{"id":215601,"title":"муратов","value":"%D0%BC%D1%83%D1%80%D0%B0%D1%82%D0%BE%D0%B2"},{"id":3328147,"title":"раднер муратов","value":"%D1%80%D0%B0%D0%B4%D0%BD%D0%B5%D1%80%20%D0%BC%D1%83%D1%80%D0%B0%D1%82%D0%BE%D0%B2"},{"id":739898,"title":"фатеева","value":"%D1%84%D0%B0%D1%82%D0%B5%D0%B5%D0%B2%D0%B0"},{"id":3294790,"title":"наталья фатеева","value":"%D0%BD%D0%B0%D1%82%D0%B0%D0%BB%D1%8C%D1%8F%20%D1%84%D0%B0%D1%82%D0%B5%D0%B5%D0%B2%D0%B0"},{"id":8922,"title":"георгий вицин","value":"%D0%B3%D0%B5%D0%BE%D1%80%D0%B3%D0%B8%D0%B9%20%D0%B2%D0%B8%D1%86%D0%B8%D0%BD"},{"id":127689,"title":"крамаров","value":"%D0%BA%D1%80%D0%B0%D0%BC%D0%B0%D1%80%D0%BE%D0%B2"},{"id":138359,"title":"савелий крамаров","value":"%D1%81%D0%B0%D0%B2%D0%B5%D0%BB%D0%B8%D0%B9%20%D0%BA%D1%80%D0%B0%D0%BC%D0%B0%D1%80%D0%BE%D0%B2"},{"id":49492,"title":"евгений леонов","value":"%D0%B5%D0%B2%D0%B3%D0%B5%D0%BD%D0%B8%D0%B9%20%D0%BB%D0%B5%D0%BE%D0%BD%D0%BE%D0%B2"},{"id":32235,"title":"леонов","value":"%D0%BB%D0%B5%D0%BE%D0%BD%D0%BE%D0%B2"},{"id":499213,"title":"александр серый","value":"%D0%B0%D0%BB%D0%B5%D0%BA%D1%81%D0%B0%D0%BD%D0%B4%D1%80%20%D1%81%D0%B5%D1%80%D1%8B%D0%B9"},{"id":110386,"title":"гай ричи","value":"%D0%B3%D0%B0%D0%B9%20%D1%80%D0%B8%D1%87%D0%B8"},{"id":90520,"title":"джентельмены","value":"%D0%B4%D0%B6%D0%B5%D0%BD%D1%82%D0%B5%D0%BB%D1%8C%D0%BC%D0%B5%D0%BD%D1%8B"},{"id":6204,"title":"джентельмены удачи","value":"%D0%B4%D0%B6%D0%B5%D0%BD%D1%82%D0%B5%D0%BB%D1%8C%D0%BC%D0%B5%D0%BD%D1%8B%20%D1%83%D0%B4%D0%B0%D1%87%D0%B8"},{"id":77996,"title":"мосфильм","value":"%D0%BC%D0%BE%D1%81%D1%84%D0%B8%D0%BB%D1%8C%D0%BC"},{"id":2964898,"title":"мосфильм ссср","value":"%D0%BC%D0%BE%D1%81%D1%84%D0%B8%D0%BB%D1%8C%D0%BC%20%D1%81%D1%81%D1%81%D1%80"},{"id":3574069,"title":"мосфильм против голливуда","value":"%D0%BC%D0%BE%D1%81%D1%84%D0%B8%D0%BB%D1%8C%D0%BC%20%D0%BF%D1%80%D0%BE%D1%82%D0%B8%D0%B2%20%D0%B3%D0%BE%D0%BB%D0%BB%D0%B8%D0%B2%D1%83%D0%B4%D0%B0"},{"id":3636914,"title":"мосфильм vs hollywood","value":"%D0%BC%D0%BE%D1%81%D1%84%D0%B8%D0%BB%D1%8C%D0%BC%20vs%20hollywood"},{"id":1384189,"title":"мэшапы","value":"%D0%BC%D1%8D%D1%88%D0%B0%D0%BF%D1%8B"},{"id":1231733,"title":"наши люди в голливуде","value":"%D0%BD%D0%B0%D1%88%D0%B8%20%D0%BB%D1%8E%D0%B4%D0%B8%20%D0%B2%20%D0%B3%D0%BE%D0%BB%D0%BB%D0%B8%D0%B2%D1%83%D0%B4%D0%B5"},{"id":349100,"title":"hollywood vs мосфильм","value":"hollywood%20vs%20%D0%BC%D0%BE%D1%81%D1%84%D0%B8%D0%BB%D1%8C%D0%BC"},{"id":4108449,"title":"hollywood vs. mosfilm","value":"hollywood%20vs.%20mosfilm"},{"id":1242844,"title":"russiameetshollywood","value":"russiameetshollywood"},{"id":929860,"title":"russia meets hollywood","value":"russia%20meets%20hollywood"},{"id":1483902,"title":"russian hollywood","value":"russian%20hollywood"},{"id":745419,"title":"russian hybrids","value":"russian%20hybrids"},{"id":704044,"title":"russianhollywood","value":"russianhollywood"},{"id":697206,"title":"russianhybrids","value":"russianhybrids"},{"id":242008,"title":"mosfilm","value":"mosfilm"},{"id":2508511,"title":"ussr movie","value":"ussr%20movie"},{"id":495020,"title":"ussr film","value":"ussr%20film"},{"id":5243048,"title":"the gentlemen trailer","value":"the%20gentlemen%20trailer"},{"id":228024,"title":"soviet film","value":"soviet%20film"},{"id":1485,"title":"comedy","value":"comedy"},{"id":676456,"title":"soviet comedy","value":"soviet%20comedy"},{"id":35717,"title":"soviet cinema","value":"soviet%20cinema"},{"id":3957733,"title":"mini trailer","value":"mini%20trailer"},{"id":10996,"title":"trailers","value":"trailers"},{"id":5316,"title":"trailer","value":"trailer"},{"id":13146,"title":"crossover","value":"crossover"},{"id":288361,"title":"hybrids","value":"hybrids"},{"id":192569,"title":"mashups","value":"mashups"},{"id":5326,"title":"mashup","value":"mashup"},{"id":155099,"title":"sery","value":"sery"},{"id":5391935,"title":"georgy vitsin","value":"georgy%20vitsin"},{"id":203823,"title":"vitsin","value":"vitsin"},{"id":46060,"title":"kramarov","value":"kramarov"},{"id":138360,"title":"savely kramarov","value":"savely%20kramarov"},{"id":3964273,"title":"evgeny leonov","value":"evgeny%20leonov"},{"id":412396,"title":"leonov","value":"leonov"},{"id":13650,"title":"guy ritchie","value":"guy%20ritchie"},{"id":106741,"title":"gentlemen of fortune","value":"gentlemen%20of%20fortune"},{"id":60861,"title":"the gentlemen","value":"the%20gentlemen"},{"id":72078,"title":"вицин","value":"%D0%B2%D0%B8%D1%86%D0%B8%D0%BD"},{"id":3990184,"title":"trailerbattle","value":"trailerbattle"},{"id":5215312,"title":"anatoli papanov","value":"anatoli%20papanov"},{"id":112166,"title":"papanov","value":"papanov"},{"id":499590,"title":"анатолий папанов","value":"%D0%B0%D0%BD%D0%B0%D1%82%D0%BE%D0%BB%D0%B8%D0%B9%20%D0%BF%D0%B0%D0%BF%D0%B0%D0%BD%D0%BE%D0%B2"},{"id":8924,"title":"папанов","value":"%D0%BF%D0%B0%D0%BF%D0%B0%D0%BD%D0%BE%D0%B2"},{"id":131862,"title":"титры","value":"%D1%82%D0%B8%D1%82%D1%80%D1%8B"},{"id":5017804,"title":"титры смешные","value":"%D1%82%D0%B8%D1%82%D1%80%D1%8B%20%D1%81%D0%BC%D0%B5%D1%88%D0%BD%D1%8B%D0%B5"},{"id":71849,"title":"titles","value":"titles"},{"id":13486,"title":"actors","value":"actors"},{"id":189,"title":"soviet","value":"soviet"},{"id":43047,"title":"captions","value":"captions"},{"id":2587870,"title":"funny captions","value":"funny%20captions"},{"id":94790,"title":"джентльмены удачи","value":"%D0%B4%D0%B6%D0%B5%D0%BD%D1%82%D0%BB%D1%8C%D0%BC%D0%B5%D0%BD%D1%8B%20%D1%83%D0%B4%D0%B0%D1%87%D0%B8"},{"id":401301,"title":"джентльменыудачи","value":"%D0%B4%D0%B6%D0%B5%D0%BD%D1%82%D0%BB%D1%8C%D0%BC%D0%B5%D0%BD%D1%8B%D1%83%D0%B4%D0%B0%D1%87%D0%B8"},{"id":9591,"title":"джентельменыудачи","value":"%D0%B4%D0%B6%D0%B5%D0%BD%D1%82%D0%B5%D0%BB%D1%8C%D0%BC%D0%B5%D0%BD%D1%8B%D1%83%D0%B4%D0%B0%D1%87%D0%B8"},{"id":89346,"title":"джентльмены","value":"%D0%B4%D0%B6%D0%B5%D0%BD%D1%82%D0%BB%D1%8C%D0%BC%D0%B5%D0%BD%D1%8B"}],"categories":[{"id":37,"title":"Mashup","permalink":"mashup","subscriptions_count":10075240,"big_image_url":"https://coub-anubis-a.akamaized.net/coub_storage/category/cw_image/93ae83fbc3f/4d90453882a0f2e50dbc0/big_1544622036_Mashup.png","small_image_url":"https://coub-anubis-a.akamaized.net/coub_storage/category/cw_image/93ae83fbc3f/4d90453882a0f2e50dbc0/small_1544622036_Mashup.png","med_image_url":"https://coub-anubis-a.akamaized.net/coub_storage/category/cw_image/93ae83fbc3f/4d90453882a0f2e50dbc0/med_1544622036_Mashup.png","visible":true}],"communities":[{"id":37,"title":"Mashup","permalink":"mashup","subscriptions_count":10075240,"big_image_url":"https://coub-anubis-a.akamaized.net/coub_storage/category/cw_image/93ae83fbc3f/4d90453882a0f2e50dbc0/big_1544622036_Mashup.png","small_image_url":"https://coub-anubis-a.akamaized.net/coub_storage/category/cw_image/93ae83fbc3f/4d90453882a0f2e50dbc0/small_1544622036_Mashup.png","med_image_url":"https://coub-anubis-a.akamaized.net/coub_storage/category/cw_image/93ae83fbc3f/4d90453882a0f2e50dbc0/med_1544622036_Mashup.png","i_subscribed":true,"community_notifications_enabled":null,"description":null}],"recoubs_count":295,"remixes_count":0,"likes_count":1605,"dislikes_count":0,"raw_video_id":14633088,"uploaded_by_ios_app":false,"uploaded_by_android_app":false,"media_blocks":{"uploaded_raw_videos":[],"external_raw_videos":[],"remixed_from_coubs":[]},"raw_video_thumbnail_url":"/missing/missing.png","raw_video_title":"The_Gentlemen.mp4","video_block_banned":false,"duration":6.28,"promo_winner":false,"promo_winner_recoubers":null,"editorial_info":{},"promo_hint":null,"beeline_best_2014":null,"from_web_editor":true,"normalize_sound":false,"normalize_change_allowed":true,"best2015_addable":false,"ahmad_promo":null,"promo_data":null,"audio_copyright_claim":null,"ads_disabled":false,"is_safe_for_ads":true,"megafon_contents":[],"position_on_page":7},{"flag":null,"abuses":null,"recoubs_by_users_channels":null,"favourite":false,"promoted_id":null,"recoub":null,"like":null,"dislike":null,"reaction":null,"in_my_best2015":false,"id":62751336,"type":"Coub::Simple","permalink":"10wu9i","title":"Slot Machine Math | by MoneyOnlineSlots","visibility_type":"public","original_visibility_type":"public","channel_id":3927946,"created_at":"2017-12-21T13:35:47Z","updated_at":"2022-03-09T06:10:41Z","is_done":true,"views_count":4394,"cotd":null,"cotd_at":null,"visible_on_explore_root":false,"visible_on_explore":false,"featured":false,"published":true,"published_at":"2017-12-21T13:35:47Z","reversed":false,"from_editor_v2":true,"is_editable":true,"original_sound":true,"has_sound":true,"recoub_to":null,"file_versions":{"html5":{"video":{"higher":{"url":"https://coub-anubis-a.akamaized.net/coub_storage/coub/simple/cw_file/514d82cb1b4/4633ce39148ae3bc5cbce/muted_mp4_huge_size_1586352568_muted_huge.mp4","size":2395181},"high":{"url":"https://coub-anubis-a.akamaized.net/coub_storage/coub/simple/cw_file/514d82cb1b4/4633ce39148ae3bc5cbce/muted_mp4_big_size_1586352568_muted_big.mp4","size":1590984},"med":{"url":"https://coub-anubis-a.akamaized.net/coub_storage/coub/simple/cw_file/514d82cb1b4/4633ce39148ae3bc5cbce/muted_mp4_med_size_1586352568_muted_med.mp4","size":532903}},"audio":{"high":{"url":"https://coub-anubis-a.akamaized.net/coub_storage/coub/simple/cw_looped_audio_high/2d12ec4197b/7041877c90e066f76451c/1605622285_high_1513863365_high.mp3","size":1292304},"med":{"url":"https://coub-anubis-a.akamaized.net/coub_storage/coub/simple/cw_looped_audio_med/4f8dc751b50/5a40d7a4b67f60dbe8282/1605622284_med_1513863365_med.mp3","size":931949},"sample_duration":9.822}},"mobile":{"video":"https://coub-anubis-a.akamaized.net/coub_storage/coub/simple/cw_file/514d82cb1b4/4633ce39148ae3bc5cbce/muted_mp4_med_size_1586352568_muted_med.mp4","audio":["https://coub-anubis-a.akamaized.net/coub_storage/coub/simple/cw_looped_audio_med/4f8dc751b50/5a40d7a4b67f60dbe8282/1605622284_med_1513863365_med.mp3"]},"share":{"default":"https://coub-anubis-a.akamaized.net/coub_storage/coub/simple/cw_video_for_sharing/b6666c0aa1d/ad27fa8f19d74f6cc0600/1613016101_looped_1613016101.mp4"}},"audio_versions":{},"image_versions":{"template":"https://coub-anubis-a.akamaized.net/coub_storage/coub/simple/cw_image/d2e30be0011/afebf6015218ad6eaf979/1513863376_00031.jpg","versions":["micro","tiny","age_restricted","ios_large","ios_mosaic","big","med","small","pinterest"]},"first_frame_versions":{"template":"https://coub-anubis-a.akamaized.net/coub_storage/coub/simple/cw_timeline_pic/d27b7377dce/f85defeb9a3be997b5652/%{version}_1513863375_image.jpg","versions":["big","med","small","ios_large"]},"dimensions":{"big":[1280,720],"med":[640,360]},"site_w_h":[640,360],"page_w_h":[640,360],"site_w_h_small":[310,174],"size":[1280,720],"age_restricted":false,"age_restricted_by_admin":false,"not_safe_for_work":null,"allow_reuse":false,"dont_crop":false,"banned":false,"global_safe":null,"audio_file_url":null,"external_download":false,"application":null,"channel":{"id":3927946,"permalink":"moneyonlineslots","title":"MoneyOnlineSlots","description":"MoneyOnlineSlots is one of the biggest game hub with huge amount of Online Slots and Casino Games!","followers_count":17,"following_count":16,"avatar_versions":{"template":"https://coub-anubis-a.akamaized.net/coub_storage/channel/cw_avatar/0128b2dba36/8390417193bda001f9185/%{version}_1608803415_9xfor3_1517402440_pirate.png","versions":["medium","medium_2x","profile_pic","profile_pic_new","profile_pic_new_2x","tiny","tiny_2x","small","small_2x","ios_large","ios_small"]}},"file":null,"picture":"https://coub-anubis-a.akamaized.net/coub_storage/coub/simple/cw_image/d2e30be0011/afebf6015218ad6eaf979/1513863376_00031.jpg","timeline_picture":"https://coub-anubis-a.akamaized.net/coub_storage/coub/simple/cw_timeline_pic/d27b7377dce/f85defeb9a3be997b5652/ios_large_1513863375_image.jpg","small_picture":"https://coub-anubis-a.akamaized.net/coub_storage/coub/simple/cw_image/d2e30be0011/afebf6015218ad6eaf979/1513863376_00031.jpg","sharing_picture":null,"percent_done":100,"tags":[{"id":5971,"title":"casino","value":"casino"},{"id":595735,"title":"online slots","value":"online%20slots"},{"id":3562310,"title":"moneyonlineslots.com","value":"moneyonlineslots.com"},{"id":169,"title":"fun","value":"fun"},{"id":735,"title":"music video","value":"music%20video"},{"id":86,"title":"music","value":"music"},{"id":1881057,"title":"gdfr k theory","value":"gdfr%20k%20theory"},{"id":536620,"title":"online casino","value":"online%20casino"}],"categories":[{"id":37,"title":"Mashup","permalink":"mashup","subscriptions_count":10075240,"big_image_url":"https://coub-anubis-a.akamaized.net/coub_storage/category/cw_image/93ae83fbc3f/4d90453882a0f2e50dbc0/big_1544622036_Mashup.png","small_image_url":"https://coub-anubis-a.akamaized.net/coub_storage/category/cw_image/93ae83fbc3f/4d90453882a0f2e50dbc0/small_1544622036_Mashup.png","med_image_url":"https://coub-anubis-a.akamaized.net/coub_storage/category/cw_image/93ae83fbc3f/4d90453882a0f2e50dbc0/med_1544622036_Mashup.png","visible":true}],"communities":[{"id":37,"title":"Mashup","permalink":"mashup","subscriptions_count":10075240,"big_image_url":"https://coub-anubis-a.akamaized.net/coub_storage/category/cw_image/93ae83fbc3f/4d90453882a0f2e50dbc0/big_1544622036_Mashup.png","small_image_url":"https://coub-anubis-a.akamaized.net/coub_storage/category/cw_image/93ae83fbc3f/4d90453882a0f2e50dbc0/small_1544622036_Mashup.png","med_image_url":"https://coub-anubis-a.akamaized.net/coub_storage/category/cw_image/93ae83fbc3f/4d90453882a0f2e50dbc0/med_1544622036_Mashup.png","i_subscribed":true,"community_notifications_enabled":null,"description":null}],"recoubs_count":131,"remixes_count":0,"likes_count":1605,"dislikes_count":0,"raw_video_id":10785137,"uploaded_by_ios_app":false,"uploaded_by_android_app":false,"media_blocks":{"uploaded_raw_videos":[],"external_raw_videos":[],"remixed_from_coubs":[]},"raw_video_thumbnail_url":"/missing/missing.png","raw_video_title":"Slots_for_fun.mov","video_block_banned":false,"duration":9.8,"promo_winner":false,"promo_winner_recoubers":null,"editorial_info":{},"promo_hint":null,"beeline_best_2014":null,"from_web_editor":true,"normalize_sound":true,"normalize_change_allowed":true,"best2015_addable":false,"ahmad_promo":null,"promo_data":null,"audio_copyright_claim":null,"ads_disabled":null,"is_safe_for_ads":true,"megafon_contents":[],"position_on_page":8},{"flag":null,"abuses":null,"recoubs_by_users_channels":null,"favourite":false,"promoted_id":null,"recoub":null,"like":null,"dislike":null,"reaction":null,"in_my_best2015":false,"id":165924249,"type":"Coub::Simple","permalink":"2qfuta","title":" Shocking the Tsar","visibility_type":"public","original_visibility_type":"public","channel_id":1665041,"created_at":"2021-03-25T15:16:57Z","updated_at":"2022-03-15T20:48:43Z","is_done":true,"views_count":132641,"cotd":null,"cotd_at":null,"visible_on_explore_root":true,"visible_on_explore":true,"featured":true,"published":true,"published_at":"2021-03-25T15:21:11Z","reversed":false,"from_editor_v2":true,"is_editable":true,"original_sound":false,"has_sound":false,"recoub_to":null,"file_versions":{"html5":{"video":{"higher":{"url":"https://coub-anubis-a.akamaized.net/coub_storage/coub/simple/cw_file/851a240e2c1/5754cdd5085f00884bd00/muted_mp4_huge_size_1616685426_muted_huge.mp4","size":1924504},"high":{"url":"https://coub-anubis-a.akamaized.net/coub_storage/coub/simple/cw_file/851a240e2c1/5754cdd5085f00884bd00/muted_mp4_big_size_1616685426_muted_big.mp4","size":1277450},"med":{"url":"https://coub-anubis-a.akamaized.net/coub_storage/coub/simple/cw_file/851a240e2c1/5754cdd5085f00884bd00/muted_mp4_med_size_1616685426_muted_med.mp4","size":391977}},"audio":{"high":{"url":"https://coub-anubis-a.akamaized.net/coub_storage/coub/simple/cw_looped_audio_high/afe94a5504a/f12c764dcdc4011084b36/1616685432_mp3-high.mp3","size":1299614},"med":{"url":"https://coub-anubis-a.akamaized.net/coub_storage/coub/simple/cw_looped_audio_med/fc63da7fc2d/c7c01f9000abcbf1092b1/1616685431_mp3-med.mp3","size":957119}}},"mobile":{"video":"https://coub-anubis-a.akamaized.net/coub_storage/coub/simple/cw_file/851a240e2c1/5754cdd5085f00884bd00/muted_mp4_med_size_1616685426_muted_med.mp4","audio":["https://coub-anubis-a.akamaized.net/coub_storage/coub/simple/cw_looped_audio_med/fc63da7fc2d/c7c01f9000abcbf1092b1/1616685431_mp3-med.mp3"]},"share":{"default":"https://coub-anubis-a.akamaized.net/coub_storage/coub/simple/cw_video_for_sharing/65775442a80/e3f2c07bfb9a541b3b4b4/1616685457_looped_1616685457.mp4"}},"audio_versions":{"template":"https://coub-anubis-a.akamaized.net/coub_storage/audio_track/cw_file/5b5db91cae4/e502bfa2e8c2eb58bb329/mid_1616685426_jufp07_edited.mp3","versions":["mid","low"]},"image_versions":{"template":"https://coub-anubis-a.akamaized.net/coub_storage/coub/simple/cw_image/d16c8b1aced/23c2f82e7067006946c4e/%{version}_1616685436_00032.jpg","versions":["micro","tiny","age_restricted","ios_large","ios_mosaic","big","med","small","pinterest"]},"first_frame_versions":{"template":"https://coub-anubis-a.akamaized.net/coub_storage/coub/simple/cw_timeline_pic/b3b9373d4cf/7797e0990a9b2a94a6134/%{version}_1616685435_image.jpg","versions":["big","med","small","ios_large"]},"dimensions":{"big":[1280,720],"med":[640,360]},"site_w_h":[640,360],"page_w_h":[640,360],"site_w_h_small":[310,174],"size":[1280,720],"age_restricted":false,"age_restricted_by_admin":false,"not_safe_for_work":false,"allow_reuse":false,"dont_crop":true,"banned":false,"global_safe":true,"audio_file_url":"https://coub-anubis-a.akamaized.net/coub_storage/audio_track/cw_file/5b5db91cae4/e502bfa2e8c2eb58bb329/low_1616685426_jufp07_edited.mp3","external_download":false,"application":null,"channel":{"id":1665041,"permalink":"couboy17","title":"Couboy","description":null,"followers_count":9661,"following_count":13,"avatar_versions":{"template":"https://coub-anubis-a.akamaized.net/coub_storage/channel/cw_avatar/1ac4cca29db/9a2fd5f9d706f34c5cee3/%{version}_1607420386_1f5r0z8_1476444266_______________Majorno.Ru___3_1.jpg","versions":["medium","medium_2x","profile_pic","profile_pic_new","profile_pic_new_2x","tiny","tiny_2x","small","small_2x","ios_large","ios_small"]}},"file":null,"picture":"https://coub-anubis-a.akamaized.net/coub_storage/coub/simple/cw_image/d16c8b1aced/23c2f82e7067006946c4e/med_1616685436_00032.jpg","timeline_picture":"https://coub-anubis-a.akamaized.net/coub_storage/coub/simple/cw_timeline_pic/b3b9373d4cf/7797e0990a9b2a94a6134/ios_large_1616685435_image.jpg","small_picture":"https://coub-anubis-a.akamaized.net/coub_storage/coub/simple/cw_image/d16c8b1aced/23c2f82e7067006946c4e/ios_mosaic_1616685436_00032.jpg","sharing_picture":null,"percent_done":100,"tags":[{"id":39322,"title":"shocking","value":"shocking"},{"id":27442,"title":"tsar","value":"tsar"},{"id":26100,"title":"царь","value":"%D1%86%D0%B0%D1%80%D1%8C"},{"id":29175,"title":"хищник","value":"%D1%85%D0%B8%D1%89%D0%BD%D0%B8%D0%BA"},{"id":1109,"title":"predator","value":"predator"},{"id":6229209,"title":"i knew you were trouble (spaarkey dubstep remix)","value":"i%20knew%20you%20were%20trouble%20(spaarkey%20dubstep%20remix)"},{"id":312749,"title":"появление","value":"%D0%BF%D0%BE%D1%8F%D0%B2%D0%BB%D0%B5%D0%BD%D0%B8%D0%B5"},{"id":7784,"title":"шок","value":"%D1%88%D0%BE%D0%BA"},{"id":6229211,"title":"the emergence","value":"the%20emergence"},{"id":42735,"title":"ааа","value":"%D0%B0%D0%B0%D0%B0"},{"id":29854,"title":"aaa","value":"aaa"},{"id":298938,"title":"aaaa","value":"aaaa"},{"id":18531,"title":"аааа","value":"%D0%B0%D0%B0%D0%B0%D0%B0"},{"id":44216,"title":"иван васильевич меняет профессию","value":"%D0%B8%D0%B2%D0%B0%D0%BD%20%D0%B2%D0%B0%D1%81%D0%B8%D0%BB%D1%8C%D0%B5%D0%B2%D0%B8%D1%87%20%D0%BC%D0%B5%D0%BD%D1%8F%D0%B5%D1%82%20%D0%BF%D1%80%D0%BE%D1%84%D0%B5%D1%81%D1%81%D0%B8%D1%8E"}],"categories":[{"id":37,"title":"Mashup","permalink":"mashup","subscriptions_count":10075240,"big_image_url":"https://coub-anubis-a.akamaized.net/coub_storage/category/cw_image/93ae83fbc3f/4d90453882a0f2e50dbc0/big_1544622036_Mashup.png","small_image_url":"https://coub-anubis-a.akamaized.net/coub_storage/category/cw_image/93ae83fbc3f/4d90453882a0f2e50dbc0/small_1544622036_Mashup.png","med_image_url":"https://coub-anubis-a.akamaized.net/coub_storage/category/cw_image/93ae83fbc3f/4d90453882a0f2e50dbc0/med_1544622036_Mashup.png","visible":true}],"communities":[{"id":37,"title":"Mashup","permalink":"mashup","subscriptions_count":10075240,"big_image_url":"https://coub-anubis-a.akamaized.net/coub_storage/category/cw_image/93ae83fbc3f/4d90453882a0f2e50dbc0/big_1544622036_Mashup.png","small_image_url":"https://coub-anubis-a.akamaized.net/coub_storage/category/cw_image/93ae83fbc3f/4d90453882a0f2e50dbc0/small_1544622036_Mashup.png","med_image_url":"https://coub-anubis-a.akamaized.net/coub_storage/category/cw_image/93ae83fbc3f/4d90453882a0f2e50dbc0/med_1544622036_Mashup.png","i_subscribed":true,"community_notifications_enabled":null,"description":null}],"recoubs_count":173,"remixes_count":0,"likes_count":1604,"dislikes_count":0,"raw_video_id":16292874,"uploaded_by_ios_app":false,"uploaded_by_android_app":false,"media_blocks":{"uploaded_raw_videos":[],"external_raw_videos":[],"remixed_from_coubs":[]},"raw_video_thumbnail_url":"https://coub-anubis-a.akamaized.net/coub_storage/raw_video/cw_image/ccecde0908f/d4120ebaf9a3c2815d7ea/coub_media_1616684890_image.jpg","raw_video_title":"_____.mp4","video_block_banned":false,"duration":10.0,"promo_winner":false,"promo_winner_recoubers":null,"editorial_info":{},"promo_hint":null,"beeline_best_2014":null,"from_web_editor":true,"normalize_sound":false,"normalize_change_allowed":true,"best2015_addable":false,"ahmad_promo":null,"promo_data":null,"audio_copyright_claim":null,"ads_disabled":false,"is_safe_for_ads":true,"megafon_contents":[],"position_on_page":9},{"flag":null,"abuses":null,"recoubs_by_users_channels":null,"favourite":false,"promoted_id":null,"recoub":null,"like":null,"dislike":null,"reaction":null,"in_my_best2015":false,"id":160364438,"type":"Coub::Simple","permalink":"2n4osw","title":"Wrong volcano","visibility_type":"public","original_visibility_type":"public","channel_id":4964948,"created_at":"2020-12-23T17:58:29Z","updated_at":"2022-03-15T06:27:10Z","is_done":true,"views_count":134258,"cotd":null,"cotd_at":null,"visible_on_explore_root":true,"visible_on_explore":true,"featured":true,"published":true,"published_at":"2020-12-23T19:12:00Z","reversed":false,"from_editor_v2":true,"is_editable":true,"original_sound":false,"has_sound":false,"recoub_to":null,"file_versions":{"html5":{"video":{"higher":{"url":"https://coub-anubis-a.akamaized.net/coub_storage/coub/simple/cw_file/cb46d3eedb4/977e8cd398c9d7cbd998a/muted_mp4_huge_size_1608798178_muted_huge.mp4","size":2935903},"high":{"url":"https://coub-anubis-a.akamaized.net/coub_storage/coub/simple/cw_file/cb46d3eedb4/977e8cd398c9d7cbd998a/muted_mp4_big_size_1608798178_muted_big.mp4","size":1926664},"med":{"url":"https://coub-anubis-a.akamaized.net/coub_storage/coub/simple/cw_file/cb46d3eedb4/977e8cd398c9d7cbd998a/muted_mp4_med_size_1608798178_muted_med.mp4","size":551640}},"audio":{"high":{"url":"https://coub-anubis-a.akamaized.net/coub_storage/coub/simple/cw_looped_audio_high/e3e6899ddc3/3375b9df53b62b6542859/1608798207_mp3-high.mp3","size":1917143},"med":{"url":"https://coub-anubis-a.akamaized.net/coub_storage/coub/simple/cw_looped_audio_med/a06329de0de/b0042413dbeb2def37fe4/1608798205_mp3-med.mp3","size":1869828}}},"mobile":{"video":"https://coub-anubis-a.akamaized.net/coub_storage/coub/simple/cw_file/cb46d3eedb4/977e8cd398c9d7cbd998a/muted_mp4_med_size_1608798178_muted_med.mp4","audio":["https://coub-anubis-a.akamaized.net/coub_storage/coub/simple/cw_looped_audio_med/a06329de0de/b0042413dbeb2def37fe4/1608798205_mp3-med.mp3"]},"share":{"default":"https://coub-anubis-a.akamaized.net/coub_storage/coub/simple/cw_video_for_sharing/7172a0dbdf5/d4b045a1ebfad17d12f88/1608798253_looped_1608798251.mp4"}},"audio_versions":{"template":"https://coub-anubis-a.akamaized.net/coub_storage/audio_track/cw_normalized_copy/bc69fdb6b7d/1117fc4259f80448aa703/mid_1608798196_normalized_1608798183_1yqyta2_edited.mp3","versions":["mid","low"]},"image_versions":{"template":"https://coub-anubis-a.akamaized.net/coub_storage/coub/simple/cw_image/1d82646ca57/e4656b8e50d4bd2e43ab0/%{version}_1608798215_00029.jpg","versions":["micro","tiny","age_restricted","ios_large","ios_mosaic","big","med","small","pinterest"]},"first_frame_versions":{"template":"https://coub-anubis-a.akamaized.net/coub_storage/coub/simple/cw_timeline_pic/5bc89790724/f070029dddeeea8378c6c/%{version}_1608798214_image.jpg","versions":["big","med","small","ios_large"]},"dimensions":{"big":[1280,720],"med":[640,360]},"site_w_h":[640,360],"page_w_h":[640,360],"site_w_h_small":[310,174],"size":[1280,720],"age_restricted":false,"age_restricted_by_admin":false,"not_safe_for_work":false,"allow_reuse":false,"dont_crop":true,"banned":false,"global_safe":true,"audio_file_url":"https://coub-anubis-a.akamaized.net/coub_storage/audio_track/cw_normalized_copy/bc69fdb6b7d/1117fc4259f80448aa703/low_1608798196_normalized_1608798183_1yqyta2_edited.mp3","external_download":false,"application":null,"channel":{"id":4964948,"permalink":"spongify","title":"Spongify","description":"Hello there. Привет.","followers_count":3074,"following_count":63,"avatar_versions":{"template":"https://coub-anubis-a.akamaized.net/coub_storage/channel/cw_avatar/3b37876f581/0188b8a58e7d42ec6aeb4/%{version}_1622044671_nagawesome.png","versions":["medium","medium_2x","profile_pic","profile_pic_new","profile_pic_new_2x","tiny","tiny_2x","small","small_2x","ios_large","ios_small"]}},"file":null,"picture":"https://coub-anubis-a.akamaized.net/coub_storage/coub/simple/cw_image/1d82646ca57/e4656b8e50d4bd2e43ab0/med_1608798215_00029.jpg","timeline_picture":"https://coub-anubis-a.akamaized.net/coub_storage/coub/simple/cw_timeline_pic/5bc89790724/f070029dddeeea8378c6c/ios_large_1608798214_image.jpg","small_picture":"https://coub-anubis-a.akamaized.net/coub_storage/coub/simple/cw_image/1d82646ca57/e4656b8e50d4bd2e43ab0/ios_mosaic_1608798215_00029.jpg","sharing_picture":null,"percent_done":100,"tags":[{"id":1074,"title":"звездные войны","value":"%D0%B7%D0%B2%D0%B5%D0%B7%D0%B4%D0%BD%D1%8B%D0%B5%20%D0%B2%D0%BE%D0%B9%D0%BD%D1%8B"},{"id":14364,"title":"шрек","value":"%D1%88%D1%80%D0%B5%D0%BA"},{"id":115027,"title":"anakin skywalker","value":"anakin%20skywalker"},{"id":41698,"title":"hybrid","value":"hybrid"},{"id":5326,"title":"mashup","value":"mashup"},{"id":288361,"title":"hybrids","value":"hybrids"},{"id":192569,"title":"mashups","value":"mashups"},{"id":223097,"title":"the castaways - liar liar","value":"the%20castaways%20-%20liar%20liar"},{"id":1404920,"title":"star wars revenge of the sith","value":"star%20wars%20revenge%20of%20the%20sith"},{"id":759,"title":"star wars","value":"star%20wars"},{"id":42683,"title":"shrek","value":"shrek"}],"categories":[{"id":37,"title":"Mashup","permalink":"mashup","subscriptions_count":10075240,"big_image_url":"https://coub-anubis-a.akamaized.net/coub_storage/category/cw_image/93ae83fbc3f/4d90453882a0f2e50dbc0/big_1544622036_Mashup.png","small_image_url":"https://coub-anubis-a.akamaized.net/coub_storage/category/cw_image/93ae83fbc3f/4d90453882a0f2e50dbc0/small_1544622036_Mashup.png","med_image_url":"https://coub-anubis-a.akamaized.net/coub_storage/category/cw_image/93ae83fbc3f/4d90453882a0f2e50dbc0/med_1544622036_Mashup.png","visible":true}],"communities":[{"id":37,"title":"Mashup","permalink":"mashup","subscriptions_count":10075240,"big_image_url":"https://coub-anubis-a.akamaized.net/coub_storage/category/cw_image/93ae83fbc3f/4d90453882a0f2e50dbc0/big_1544622036_Mashup.png","small_image_url":"https://coub-anubis-a.akamaized.net/coub_storage/category/cw_image/93ae83fbc3f/4d90453882a0f2e50dbc0/small_1544622036_Mashup.png","med_image_url":"https://coub-anubis-a.akamaized.net/coub_storage/category/cw_image/93ae83fbc3f/4d90453882a0f2e50dbc0/med_1544622036_Mashup.png","i_subscribed":true,"community_notifications_enabled":null,"description":null}],"recoubs_count":201,"remixes_count":1,"likes_count":1604,"dislikes_count":0,"raw_video_id":15999620,"uploaded_by_ios_app":false,"uploaded_by_android_app":false,"media_blocks":{"uploaded_raw_videos":[],"external_raw_videos":[],"remixed_from_coubs":[]},"raw_video_thumbnail_url":"/missing/missing.png","raw_video_title":"shrek_anakin.mp4","video_block_banned":false,"duration":9.04,"promo_winner":false,"promo_winner_recoubers":null,"editorial_info":{},"promo_hint":null,"beeline_best_2014":null,"from_web_editor":true,"normalize_sound":true,"normalize_change_allowed":true,"best2015_addable":false,"ahmad_promo":null,"promo_data":null,"audio_copyright_claim":null,"ads_disabled":false,"is_safe_for_ads":true,"megafon_contents":[],"position_on_page":10}]}