{"page":192,"per_page":10,"total_pages":500,"coubs":[{"flag":null,"abuses":null,"recoubs_by_users_channels":null,"favourite":false,"promoted_id":null,"recoub":null,"like":null,"dislike":null,"reaction":null,"in_my_best2015":false,"id":161540049,"type":"Coub::Simple","permalink":"2ntvx3","title":"Mr. Bean ft. 50 Cent","visibility_type":"public","original_visibility_type":"public","channel_id":1533430,"created_at":"2021-01-11T08:14:38Z","updated_at":"2022-03-16T08:46:36Z","is_done":true,"views_count":340410,"cotd":null,"cotd_at":null,"visible_on_explore_root":true,"visible_on_explore":true,"featured":true,"published":true,"published_at":"2021-01-11T08:14:38Z","reversed":false,"from_editor_v2":true,"is_editable":true,"original_sound":false,"has_sound":false,"recoub_to":null,"file_versions":{"html5":{"video":{"higher":{"url":"https://coub-anubis-a.akamaized.net/coub_storage/coub/simple/cw_file/8bd8f8e5360/e8977dfd6a9654ef21840/muted_mp4_huge_size_1610352887_muted_huge.mp4","size":2355007},"high":{"url":"https://coub-anubis-a.akamaized.net/coub_storage/coub/simple/cw_file/8bd8f8e5360/e8977dfd6a9654ef21840/muted_mp4_big_size_1610352887_muted_big.mp4","size":1741687},"med":{"url":"https://coub-anubis-a.akamaized.net/coub_storage/coub/simple/cw_file/8bd8f8e5360/e8977dfd6a9654ef21840/muted_mp4_med_size_1610352887_muted_med.mp4","size":416369}},"audio":{"high":{"url":"https://coub-anubis-a.akamaized.net/coub_storage/coub/simple/cw_looped_audio_high/521ae110073/714dbdbb00f47b2234958/1610352904_mp3-high.mp3","size":1544167},"med":{"url":"https://coub-anubis-a.akamaized.net/coub_storage/coub/simple/cw_looped_audio_med/39fb100ddd3/fffe9bcfd47237918cc5c/1610352902_mp3-med.mp3","size":1277271}}},"mobile":{"video":"https://coub-anubis-a.akamaized.net/coub_storage/coub/simple/cw_file/8bd8f8e5360/e8977dfd6a9654ef21840/muted_mp4_med_size_1610352887_muted_med.mp4","audio":["https://coub-anubis-a.akamaized.net/coub_storage/coub/simple/cw_looped_audio_med/39fb100ddd3/fffe9bcfd47237918cc5c/1610352902_mp3-med.mp3"]},"share":{"default":"https://coub-anubis-a.akamaized.net/coub_storage/coub/simple/cw_video_for_sharing/d784fdc1ad9/36b0dac1436ac27a730e4/1610352935_looped_1610352934.mp4"}},"audio_versions":{"template":"https://coub-anubis-a.akamaized.net/coub_storage/audio_track/cw_normalized_copy/30f45730078/cfa7e6261d33f445170b0/mid_1610352897_normalized_1610352890_b8f6ei_edited.mp3","versions":["mid","low"]},"image_versions":{"template":"https://coub-anubis-a.akamaized.net/coub_storage/coub/simple/cw_image/961b5f70282/2442a58e64c9d0852e2db/%{version}_1610352910_00032.jpg","versions":["micro","tiny","age_restricted","ios_large","ios_mosaic","big","med","small","pinterest"]},"first_frame_versions":{"template":"https://coub-anubis-a.akamaized.net/coub_storage/coub/simple/cw_timeline_pic/b0940649143/2379e46f716ba153cbe30/%{version}_1610352908_image.jpg","versions":["big","med","small","ios_large"]},"dimensions":{"big":[1280,692],"med":[640,346]},"site_w_h":[640,346],"page_w_h":[640,346],"site_w_h_small":[310,168],"size":[1280,692],"age_restricted":false,"age_restricted_by_admin":false,"not_safe_for_work":false,"allow_reuse":false,"dont_crop":true,"banned":false,"global_safe":true,"audio_file_url":"https://coub-anubis-a.akamaized.net/coub_storage/audio_track/cw_normalized_copy/30f45730078/cfa7e6261d33f445170b0/low_1610352897_normalized_1610352890_b8f6ei_edited.mp3","external_download":false,"application":null,"channel":{"id":1533430,"permalink":"av.coubs","title":"AV","description":"Imagination, life is your creation.","followers_count":6366,"following_count":344,"avatar_versions":{"template":"https://coub-anubis-a.akamaized.net/coub_storage/channel/cw_avatar/f17131f7537/ce9666e07c406493e9331/%{version}_1622303789_AV__5_.png","versions":["medium","medium_2x","profile_pic","profile_pic_new","profile_pic_new_2x","tiny","tiny_2x","small","small_2x","ios_large","ios_small"]}},"file":null,"picture":"https://coub-anubis-a.akamaized.net/coub_storage/coub/simple/cw_image/961b5f70282/2442a58e64c9d0852e2db/med_1610352910_00032.jpg","timeline_picture":"https://coub-anubis-a.akamaized.net/coub_storage/coub/simple/cw_timeline_pic/b0940649143/2379e46f716ba153cbe30/ios_large_1610352908_image.jpg","small_picture":"https://coub-anubis-a.akamaized.net/coub_storage/coub/simple/cw_image/961b5f70282/2442a58e64c9d0852e2db/ios_mosaic_1610352910_00032.jpg","sharing_picture":null,"percent_done":100,"tags":[{"id":6101344,"title":"mr. bean ft. 50 cent","value":"mr.%20bean%20ft.%2050%20cent"},{"id":516,"title":"mr bean","value":"mr%20bean"},{"id":6101345,"title":"bean vs the police","value":"bean%20vs%20the%20police"},{"id":6101346,"title":"мистер бин (bean)","value":"%D0%BC%D0%B8%D1%81%D1%82%D0%B5%D1%80%20%D0%B1%D0%B8%D0%BD%20(bean)"},{"id":5937,"title":"rowan atkinson","value":"rowan%20atkinson"},{"id":5762151,"title":"bean 1997","value":"bean%201997"},{"id":5326,"title":"mashup","value":"mashup"},{"id":288361,"title":"hybrids","value":"hybrids"},{"id":74,"title":"rap","value":"rap"},{"id":13146,"title":"crossover","value":"crossover"},{"id":162527,"title":"av","value":"av"},{"id":1450,"title":"best","value":"best"},{"id":50,"title":"coub","value":"coub"},{"id":191895,"title":"window scene","value":"window%20scene"},{"id":1749,"title":"50 cent","value":"50%20cent"},{"id":227249,"title":"50 cent - in da club","value":"50%20cent%20-%20in%20da%20club"}],"categories":[{"id":37,"title":"Mashup","permalink":"mashup","subscriptions_count":10075240,"big_image_url":"https://coub-anubis-a.akamaized.net/coub_storage/category/cw_image/93ae83fbc3f/4d90453882a0f2e50dbc0/big_1544622036_Mashup.png","small_image_url":"https://coub-anubis-a.akamaized.net/coub_storage/category/cw_image/93ae83fbc3f/4d90453882a0f2e50dbc0/small_1544622036_Mashup.png","med_image_url":"https://coub-anubis-a.akamaized.net/coub_storage/category/cw_image/93ae83fbc3f/4d90453882a0f2e50dbc0/med_1544622036_Mashup.png","visible":true}],"communities":[{"id":37,"title":"Mashup","permalink":"mashup","subscriptions_count":10075240,"big_image_url":"https://coub-anubis-a.akamaized.net/coub_storage/category/cw_image/93ae83fbc3f/4d90453882a0f2e50dbc0/big_1544622036_Mashup.png","small_image_url":"https://coub-anubis-a.akamaized.net/coub_storage/category/cw_image/93ae83fbc3f/4d90453882a0f2e50dbc0/small_1544622036_Mashup.png","med_image_url":"https://coub-anubis-a.akamaized.net/coub_storage/category/cw_image/93ae83fbc3f/4d90453882a0f2e50dbc0/med_1544622036_Mashup.png","i_subscribed":true,"community_notifications_enabled":null,"description":null}],"recoubs_count":493,"remixes_count":2,"likes_count":3331,"dislikes_count":0,"raw_video_id":16057098,"uploaded_by_ios_app":false,"uploaded_by_android_app":false,"media_blocks":{"uploaded_raw_videos":[],"external_raw_videos":[],"remixed_from_coubs":[]},"raw_video_thumbnail_url":"/missing/missing.png","raw_video_title":"50cent_ft._mr_bean1.webm","video_block_banned":false,"duration":10.0,"promo_winner":false,"promo_winner_recoubers":null,"editorial_info":{},"promo_hint":null,"beeline_best_2014":null,"from_web_editor":true,"normalize_sound":true,"normalize_change_allowed":true,"best2015_addable":false,"ahmad_promo":null,"promo_data":null,"audio_copyright_claim":null,"ads_disabled":false,"is_safe_for_ads":true,"megafon_contents":[],"position_on_page":1},{"flag":null,"abuses":null,"recoubs_by_users_channels":null,"favourite":false,"promoted_id":null,"recoub":null,"like":null,"dislike":null,"reaction":null,"in_my_best2015":false,"id":15407888,"type":"Coub::Simple","permalink":"8q3hn","title":"What's going on in your head now?","visibility_type":"public","original_visibility_type":"public","channel_id":1365819,"created_at":"2015-10-21T13:41:18Z","updated_at":"2022-02-24T12:59:28Z","is_done":true,"views_count":178505,"cotd":null,"cotd_at":null,"visible_on_explore_root":true,"visible_on_explore":true,"featured":true,"published":true,"published_at":"2015-10-21T13:41:18Z","reversed":false,"from_editor_v2":true,"is_editable":true,"original_sound":false,"has_sound":false,"recoub_to":null,"file_versions":{"html5":{"video":{"higher":{"url":"https://coub-anubis-a.akamaized.net/coub_storage/coub/simple/cw_file/3ca4a5652c4/b8ac3af69253e39798959/muted_mp4_huge_size_1567814840_muted_huge.mp4","size":5039167},"high":{"url":"https://coub-anubis-a.akamaized.net/coub_storage/coub/simple/cw_file/3ca4a5652c4/b8ac3af69253e39798959/muted_mp4_big_size_1567814840_muted_big.mp4","size":3768147},"med":{"url":"https://coub-anubis-a.akamaized.net/coub_storage/coub/simple/cw_file/3ca4a5652c4/b8ac3af69253e39798959/muted_mp4_med_size_1567814840_muted_med.mp4","size":1333802}},"audio":{"high":{"url":"https://coub-anubis-a.akamaized.net/coub_storage/coub/simple/cw_looped_audio_high/4f81112be3c/b6e998184d0cd02152a05/1605462667_high_1470793971_high.mp3","size":4144263},"med":{"url":"https://coub-anubis-a.akamaized.net/coub_storage/coub/simple/cw_looped_audio_med/be3fab7f9c7/67ab5494d50f5cd00bff1/1605462667_med_1470793971_med.mp3","size":3526791}}},"mobile":{"video":"https://coub-anubis-a.akamaized.net/coub_storage/coub/simple/cw_file/3ca4a5652c4/b8ac3af69253e39798959/muted_mp4_med_size_1567814840_muted_med.mp4","audio":["https://coub-anubis-a.akamaized.net/coub_storage/coub/simple/cw_looped_audio_med/be3fab7f9c7/67ab5494d50f5cd00bff1/1605462667_med_1470793971_med.mp3"]},"share":{"default":"https://coub-anubis-a.akamaized.net/coub_storage/coub/simple/cw_video_for_sharing/47f92cd4d3c/b5f5e8ab1196e26ed7fc9/1608406511_looped_1608406509.mp4"}},"audio_versions":{"template":"https://coub-anubis-a.akamaized.net/coub_storage/audio_track/cw_normalized_copy/ff823406f5b/17ae36f5a9739d4ceed69/mid_1454768132_1j1aji3_normalized_1444916097_audio.mp3","versions":["mid","low"]},"image_versions":{"template":"https://coub-anubis-a.akamaized.net/coub_storage/coub/simple/cw_image/5bb23a53a5e/c540e6a2e465ee41cc0dc/1470793829_00032.jpg","versions":["micro","tiny","age_restricted","ios_large","ios_mosaic","big","med","small","pinterest"]},"first_frame_versions":{"template":"https://coub-anubis-a.akamaized.net/coub_storage/coub/simple/cw_timeline_pic/5b2fa09d223/9f1c4f5474aa01a58ed4a/%{version}_1470793855_image.jpg","versions":["big","med","small","ios_large"]},"dimensions":{"big":[1280,720],"med":[640,360]},"site_w_h":[640,360],"page_w_h":[640,360],"site_w_h_small":[310,174],"size":[1280,720],"age_restricted":false,"age_restricted_by_admin":false,"not_safe_for_work":false,"allow_reuse":false,"dont_crop":false,"banned":false,"global_safe":true,"audio_file_url":"https://coub-anubis-a.akamaized.net/coub_storage/audio_track/cw_normalized_copy/ff823406f5b/17ae36f5a9739d4ceed69/low_1454768132_1j1aji3_normalized_1444916097_audio.mp3","external_download":false,"application":null,"channel":{"id":1365819,"permalink":"morganyoung","title":"Did you see what GOD just did to us","description":"Morgan Young","followers_count":10698,"following_count":65,"avatar_versions":{"template":"https://coub-anubis-a.akamaized.net/coub_storage/channel/cw_avatar/bb3bf746873/66869e51d34386666b343/%{version}_1607432066_1wmxv02_1474615784_CCI06052013_00000_copy_c2opy_copy.png","versions":["medium","medium_2x","profile_pic","profile_pic_new","profile_pic_new_2x","tiny","tiny_2x","small","small_2x","ios_large","ios_small"]}},"file":null,"picture":"https://coub-anubis-a.akamaized.net/coub_storage/coub/simple/cw_image/5bb23a53a5e/c540e6a2e465ee41cc0dc/1470793829_00032.jpg","timeline_picture":"https://coub-anubis-a.akamaized.net/coub_storage/coub/simple/cw_timeline_pic/5b2fa09d223/9f1c4f5474aa01a58ed4a/ios_large_1470793855_image.jpg","small_picture":"https://coub-anubis-a.akamaized.net/coub_storage/coub/simple/cw_image/5bb23a53a5e/c540e6a2e465ee41cc0dc/1470793829_00032.jpg","sharing_picture":null,"percent_done":100,"tags":[{"id":11585,"title":"fantasy","value":"fantasy"},{"id":1774,"title":"subway","value":"subway"},{"id":7859,"title":"dreams","value":"dreams"},{"id":424,"title":"animation","value":"animation"},{"id":41698,"title":"hybrid","value":"hybrid"},{"id":1130338,"title":"меняйправила","value":"%D0%BC%D0%B5%D0%BD%D1%8F%D0%B9%D0%BF%D1%80%D0%B0%D0%B2%D0%B8%D0%BB%D0%B0"},{"id":1130339,"title":"будькрутым","value":"%D0%B1%D1%83%D0%B4%D1%8C%D0%BA%D1%80%D1%83%D1%82%D1%8B%D0%BC"}],"categories":[{"id":37,"title":"Mashup","permalink":"mashup","subscriptions_count":10075240,"big_image_url":"https://coub-anubis-a.akamaized.net/coub_storage/category/cw_image/93ae83fbc3f/4d90453882a0f2e50dbc0/big_1544622036_Mashup.png","small_image_url":"https://coub-anubis-a.akamaized.net/coub_storage/category/cw_image/93ae83fbc3f/4d90453882a0f2e50dbc0/small_1544622036_Mashup.png","med_image_url":"https://coub-anubis-a.akamaized.net/coub_storage/category/cw_image/93ae83fbc3f/4d90453882a0f2e50dbc0/med_1544622036_Mashup.png","visible":true}],"communities":[{"id":37,"title":"Mashup","permalink":"mashup","subscriptions_count":10075240,"big_image_url":"https://coub-anubis-a.akamaized.net/coub_storage/category/cw_image/93ae83fbc3f/4d90453882a0f2e50dbc0/big_1544622036_Mashup.png","small_image_url":"https://coub-anubis-a.akamaized.net/coub_storage/category/cw_image/93ae83fbc3f/4d90453882a0f2e50dbc0/small_1544622036_Mashup.png","med_image_url":"https://coub-anubis-a.akamaized.net/coub_storage/category/cw_image/93ae83fbc3f/4d90453882a0f2e50dbc0/med_1544622036_Mashup.png","i_subscribed":true,"community_notifications_enabled":null,"description":null}],"recoubs_count":816,"remixes_count":0,"likes_count":3331,"dislikes_count":0,"raw_video_id":1764799,"uploaded_by_ios_app":false,"uploaded_by_android_app":false,"media_blocks":{"uploaded_raw_videos":[],"external_raw_videos":[],"remixed_from_coubs":[]},"raw_video_thumbnail_url":"/missing/missing.png","raw_video_title":"Untitled.mp4","video_block_banned":false,"duration":10.04,"promo_winner":true,"promo_winner_recoubers":[[2181621,"bendtherules"]],"editorial_info":{},"promo_hint":null,"beeline_best_2014":null,"from_web_editor":true,"normalize_sound":true,"normalize_change_allowed":true,"best2015_addable":false,"ahmad_promo":null,"promo_data":null,"audio_copyright_claim":null,"ads_disabled":null,"is_safe_for_ads":true,"megafon_contents":[],"position_on_page":2},{"flag":null,"abuses":null,"recoubs_by_users_channels":null,"favourite":false,"promoted_id":null,"recoub":null,"like":null,"dislike":null,"reaction":null,"in_my_best2015":false,"id":8973565,"type":"Coub::Simple","permalink":"4w6p3","title":"Put your hands up","visibility_type":"public","original_visibility_type":"public","channel_id":179652,"created_at":"2015-02-05T17:50:49Z","updated_at":"2022-02-24T07:55:37Z","is_done":true,"views_count":77448,"cotd":null,"cotd_at":null,"visible_on_explore_root":true,"visible_on_explore":true,"featured":true,"published":true,"published_at":"2015-02-05T17:50:49Z","reversed":false,"from_editor_v2":true,"is_editable":true,"original_sound":true,"has_sound":true,"recoub_to":null,"file_versions":{"html5":{"video":{"higher":{"url":"https://coub-anubis-a.akamaized.net/coub_storage/coub/simple/cw_file/1e9ff44f300/18ec42ec4030b1ef2e75f/muted_mp4_huge_size_1567751227_muted_huge.mp4","size":1900828},"high":{"url":"https://coub-anubis-a.akamaized.net/coub_storage/coub/simple/cw_file/1e9ff44f300/18ec42ec4030b1ef2e75f/muted_mp4_big_size_1567751227_muted_big.mp4","size":1513740},"med":{"url":"https://coub-anubis-a.akamaized.net/coub_storage/coub/simple/cw_file/1e9ff44f300/18ec42ec4030b1ef2e75f/muted_mp4_med_size_1567751227_muted_med.mp4","size":348073}},"audio":{"high":{"url":"https://coub-anubis-a.akamaized.net/coub_storage/coub/simple/cw_looped_audio_high/b983d6d8516/50a736eb0aa45a0920035/1605442368_high_1470847601_high.mp3","size":1284261},"med":{"url":"https://coub-anubis-a.akamaized.net/coub_storage/coub/simple/cw_looped_audio_med/d675acdfce3/9ee0ad8ab446c31566bce/1605442368_med_1470847601_med.mp3","size":992580},"sample_duration":7.629}},"mobile":{"video":"https://coub-anubis-a.akamaized.net/coub_storage/coub/simple/cw_file/1e9ff44f300/18ec42ec4030b1ef2e75f/muted_mp4_med_size_1567751227_muted_med.mp4","audio":["https://coub-anubis-a.akamaized.net/coub_storage/coub/simple/cw_looped_audio_med/d675acdfce3/9ee0ad8ab446c31566bce/1605442368_med_1470847601_med.mp3"]},"share":{"default":"https://coub-anubis-a.akamaized.net/coub_storage/coub/simple/cw_video_for_sharing/4c94a41c84f/8d3d0310201470e85c01c/1609410603_looped_1609410602.mp4"}},"audio_versions":{},"image_versions":{"template":"https://coub-anubis-a.akamaized.net/coub_storage/coub/simple/cw_image/ea34b8291ed/d282c9a5a16f5546f1141/1470847520_00025.jpg","versions":["micro","tiny","age_restricted","ios_large","ios_mosaic","big","med","small","pinterest"]},"first_frame_versions":{"template":"https://coub-anubis-a.akamaized.net/coub_storage/coub/simple/cw_timeline_pic/ea34b8291ed/d282c9a5a16f5546f1141/%{version}_1470847535_image.jpg","versions":["big","med","small","ios_large"]},"dimensions":{"big":[1280,534],"med":[640,266]},"site_w_h":[640,267],"page_w_h":[640,267],"site_w_h_small":[310,129],"size":[1280,534],"age_restricted":false,"age_restricted_by_admin":false,"not_safe_for_work":false,"allow_reuse":false,"dont_crop":false,"banned":false,"global_safe":true,"audio_file_url":null,"external_download":{"type":"Youtube","service_name":"YouTube","url":"http://www.youtube.com/watch?v=iLtY0ZBeqR8","has_embed":true},"application":null,"channel":{"id":179652,"permalink":"arekusei","title":"Alexey Meyngolm","description":"Kusei","followers_count":204,"following_count":30,"avatar_versions":{"template":"https://coub-anubis-a.akamaized.net/coub_storage/channel/cw_avatar/13700225f25/09fdcbdf463e747b45871/%{version}_1474491019_be10c10gjc1w-300x400.jpg","versions":["medium","medium_2x","profile_pic","profile_pic_new","profile_pic_new_2x","tiny","tiny_2x","small","small_2x","ios_large","ios_small"]}},"file":null,"picture":"https://coub-anubis-a.akamaized.net/coub_storage/coub/simple/cw_image/ea34b8291ed/d282c9a5a16f5546f1141/1470847520_00025.jpg","timeline_picture":"https://coub-anubis-a.akamaized.net/coub_storage/coub/simple/cw_timeline_pic/ea34b8291ed/d282c9a5a16f5546f1141/ios_large_1470847535_image.jpg","small_picture":"https://coub-anubis-a.akamaized.net/coub_storage/coub/simple/cw_image/ea34b8291ed/d282c9a5a16f5546f1141/1470847520_00025.jpg","sharing_picture":null,"percent_done":100,"tags":[{"id":134,"title":"cat","value":"cat"},{"id":143,"title":"кот","value":"%D0%BA%D0%BE%D1%82"},{"id":8131,"title":"руки вверх","value":"%D1%80%D1%83%D0%BA%D0%B8%20%D0%B2%D0%B2%D0%B5%D1%80%D1%85"},{"id":681879,"title":"подними руки вверх","value":"%D0%BF%D0%BE%D0%B4%D0%BD%D0%B8%D0%BC%D0%B8%20%D1%80%D1%83%D0%BA%D0%B8%20%D0%B2%D0%B2%D0%B5%D1%80%D1%85"},{"id":59603,"title":"hands up","value":"hands%20up"},{"id":437859,"title":"put your hands up","value":"put%20your%20hands%20up"},{"id":17334,"title":"кот в сапогах","value":"%D0%BA%D0%BE%D1%82%20%D0%B2%20%D1%81%D0%B0%D0%BF%D0%BE%D0%B3%D0%B0%D1%85"},{"id":137501,"title":"семь психопатов","value":"%D1%81%D0%B5%D0%BC%D1%8C%20%D0%BF%D1%81%D0%B8%D1%85%D0%BE%D0%BF%D0%B0%D1%82%D0%BE%D0%B2"},{"id":882,"title":"прикол","value":"%D0%BF%D1%80%D0%B8%D0%BA%D0%BE%D0%BB"},{"id":1115,"title":"joke","value":"joke"}],"categories":[{"id":37,"title":"Mashup","permalink":"mashup","subscriptions_count":10075240,"big_image_url":"https://coub-anubis-a.akamaized.net/coub_storage/category/cw_image/93ae83fbc3f/4d90453882a0f2e50dbc0/big_1544622036_Mashup.png","small_image_url":"https://coub-anubis-a.akamaized.net/coub_storage/category/cw_image/93ae83fbc3f/4d90453882a0f2e50dbc0/small_1544622036_Mashup.png","med_image_url":"https://coub-anubis-a.akamaized.net/coub_storage/category/cw_image/93ae83fbc3f/4d90453882a0f2e50dbc0/med_1544622036_Mashup.png","visible":true}],"communities":[{"id":37,"title":"Mashup","permalink":"mashup","subscriptions_count":10075240,"big_image_url":"https://coub-anubis-a.akamaized.net/coub_storage/category/cw_image/93ae83fbc3f/4d90453882a0f2e50dbc0/big_1544622036_Mashup.png","small_image_url":"https://coub-anubis-a.akamaized.net/coub_storage/category/cw_image/93ae83fbc3f/4d90453882a0f2e50dbc0/small_1544622036_Mashup.png","med_image_url":"https://coub-anubis-a.akamaized.net/coub_storage/category/cw_image/93ae83fbc3f/4d90453882a0f2e50dbc0/med_1544622036_Mashup.png","i_subscribed":true,"community_notifications_enabled":null,"description":null}],"recoubs_count":892,"remixes_count":1,"likes_count":3331,"dislikes_count":0,"raw_video_id":1393133,"uploaded_by_ios_app":false,"uploaded_by_android_app":false,"media_blocks":{"uploaded_raw_videos":[],"external_raw_videos":[],"remixed_from_coubs":[]},"raw_video_thumbnail_url":"/missing/missing.png","raw_video_title":"Put your hands up","video_block_banned":false,"duration":7.64,"promo_winner":false,"promo_winner_recoubers":null,"editorial_info":{},"promo_hint":null,"beeline_best_2014":null,"from_web_editor":true,"normalize_sound":true,"normalize_change_allowed":true,"best2015_addable":false,"ahmad_promo":null,"promo_data":null,"audio_copyright_claim":null,"ads_disabled":null,"is_safe_for_ads":true,"megafon_contents":[],"position_on_page":3},{"flag":null,"abuses":null,"recoubs_by_users_channels":null,"favourite":false,"promoted_id":null,"recoub":null,"like":null,"dislike":null,"reaction":null,"in_my_best2015":false,"id":156313376,"type":"Coub::Simple","permalink":"2kpuyg","title":"   ","visibility_type":"public","original_visibility_type":"public","channel_id":31279,"created_at":"2020-10-22T16:05:01Z","updated_at":"2022-03-15T23:17:07Z","is_done":true,"views_count":204423,"cotd":null,"cotd_at":null,"visible_on_explore_root":true,"visible_on_explore":true,"featured":true,"published":true,"published_at":"2020-10-22T16:05:01Z","reversed":false,"from_editor_v2":true,"is_editable":true,"original_sound":false,"has_sound":false,"recoub_to":null,"file_versions":{"html5":{"video":{"higher":{"url":"https://coub-anubis-a.akamaized.net/coub_storage/coub/simple/cw_file/427cb7c7d9f/567b443aecc0302616d48/muted_mp4_huge_size_1603382777_muted_huge.mp4","size":2584468},"high":{"url":"https://coub-anubis-a.akamaized.net/coub_storage/coub/simple/cw_file/427cb7c7d9f/567b443aecc0302616d48/muted_mp4_big_size_1603382777_muted_big.mp4","size":1781774},"med":{"url":"https://coub-anubis-a.akamaized.net/coub_storage/coub/simple/cw_file/427cb7c7d9f/567b443aecc0302616d48/muted_mp4_med_size_1603382777_muted_med.mp4","size":411370}},"audio":{"high":{"url":"https://coub-anubis-a.akamaized.net/coub_storage/coub/simple/cw_looped_audio_high/af89d6c9208/78a91d941240df4de4714/1603382817_mp3-high.mp3","size":2875128},"med":{"url":"https://coub-anubis-a.akamaized.net/coub_storage/coub/simple/cw_looped_audio_med/4c2d1effa3d/6a738d2e22736fff297d5/1603382813_mp3-med.mp3","size":1996414}}},"mobile":{"video":"https://coub-anubis-a.akamaized.net/coub_storage/coub/simple/cw_file/427cb7c7d9f/567b443aecc0302616d48/muted_mp4_med_size_1603382777_muted_med.mp4","audio":["https://coub-anubis-a.akamaized.net/coub_storage/coub/simple/cw_looped_audio_med/4c2d1effa3d/6a738d2e22736fff297d5/1603382813_mp3-med.mp3"]},"share":{"default":"https://coub-anubis-a.akamaized.net/coub_storage/coub/simple/cw_video_for_sharing/ca189ce5167/ef9c2c1774f9eeefc657d/1608233726_looped_1608233725.mp4"}},"audio_versions":{"template":"https://coub-anubis-a.akamaized.net/coub_storage/audio_track/cw_file/6fbd23f840f/3f7ef51cbf300da523407/mid_1603382782_n1l7cg_edited.mp3","versions":["mid","low"]},"image_versions":{"template":"https://coub-anubis-a.akamaized.net/coub_storage/coub/simple/cw_image/1d4f3fd0a4f/4633e67920200aa01c157/1603382828_00031.jpg","versions":["micro","tiny","age_restricted","ios_large","ios_mosaic","big","med","small","pinterest"]},"first_frame_versions":{"template":"https://coub-anubis-a.akamaized.net/coub_storage/coub/simple/cw_timeline_pic/938aa8909a2/26106d7d62856199ea115/1603382827_image.jpg","versions":["big","med","small","ios_large"]},"dimensions":{"big":[1280,720],"med":[640,360]},"site_w_h":[640,360],"page_w_h":[640,360],"site_w_h_small":[310,174],"size":[1280,720],"age_restricted":false,"age_restricted_by_admin":false,"not_safe_for_work":false,"allow_reuse":false,"dont_crop":true,"banned":false,"global_safe":true,"audio_file_url":"https://coub-anubis-a.akamaized.net/coub_storage/audio_track/cw_file/6fbd23f840f/3f7ef51cbf300da523407/low_1603382782_n1l7cg_edited.mp3","external_download":false,"application":null,"channel":{"id":31279,"permalink":"dream2013","title":" ̶D̶ ̶R̶ ̶E̶ ̶A̶ ̶M̶","description":null,"followers_count":8399,"following_count":359,"avatar_versions":{"template":"https://coub-anubis-a.akamaized.net/coub_storage/channel/cw_avatar/a383acb0804/bed737568d61f17b31fe3/%{version}_1620471307_profile_pic_big_1596669646_M86LLTulLAY__1__-________1_.jpg","versions":["medium","medium_2x","profile_pic","profile_pic_new","profile_pic_new_2x","tiny","tiny_2x","small","small_2x","ios_large","ios_small"]}},"file":null,"picture":"https://coub-anubis-a.akamaized.net/coub_storage/coub/simple/cw_image/1d4f3fd0a4f/4633e67920200aa01c157/1603382828_00031.jpg","timeline_picture":"https://coub-anubis-a.akamaized.net/coub_storage/coub/simple/cw_timeline_pic/938aa8909a2/26106d7d62856199ea115/1603382827_image.jpg","small_picture":"https://coub-anubis-a.akamaized.net/coub_storage/coub/simple/cw_image/1d4f3fd0a4f/4633e67920200aa01c157/1603382828_00031.jpg","sharing_picture":null,"percent_done":100,"tags":[],"categories":[{"id":37,"title":"Mashup","permalink":"mashup","subscriptions_count":10075240,"big_image_url":"https://coub-anubis-a.akamaized.net/coub_storage/category/cw_image/93ae83fbc3f/4d90453882a0f2e50dbc0/big_1544622036_Mashup.png","small_image_url":"https://coub-anubis-a.akamaized.net/coub_storage/category/cw_image/93ae83fbc3f/4d90453882a0f2e50dbc0/small_1544622036_Mashup.png","med_image_url":"https://coub-anubis-a.akamaized.net/coub_storage/category/cw_image/93ae83fbc3f/4d90453882a0f2e50dbc0/med_1544622036_Mashup.png","visible":true}],"communities":[{"id":37,"title":"Mashup","permalink":"mashup","subscriptions_count":10075240,"big_image_url":"https://coub-anubis-a.akamaized.net/coub_storage/category/cw_image/93ae83fbc3f/4d90453882a0f2e50dbc0/big_1544622036_Mashup.png","small_image_url":"https://coub-anubis-a.akamaized.net/coub_storage/category/cw_image/93ae83fbc3f/4d90453882a0f2e50dbc0/small_1544622036_Mashup.png","med_image_url":"https://coub-anubis-a.akamaized.net/coub_storage/category/cw_image/93ae83fbc3f/4d90453882a0f2e50dbc0/med_1544622036_Mashup.png","i_subscribed":true,"community_notifications_enabled":null,"description":null}],"recoubs_count":483,"remixes_count":2,"likes_count":3330,"dislikes_count":0,"raw_video_id":15794608,"uploaded_by_ios_app":false,"uploaded_by_android_app":false,"media_blocks":{"uploaded_raw_videos":[],"external_raw_videos":[],"remixed_from_coubs":[]},"raw_video_thumbnail_url":"/missing/missing.png","raw_video_title":"___________________________________________.________________.mp4","video_block_banned":false,"duration":9.84,"promo_winner":false,"promo_winner_recoubers":null,"editorial_info":{},"promo_hint":null,"beeline_best_2014":null,"from_web_editor":true,"normalize_sound":false,"normalize_change_allowed":true,"best2015_addable":false,"ahmad_promo":null,"promo_data":null,"audio_copyright_claim":null,"ads_disabled":false,"is_safe_for_ads":true,"megafon_contents":[],"position_on_page":4},{"flag":null,"abuses":null,"recoubs_by_users_channels":null,"favourite":false,"promoted_id":null,"recoub":null,"like":null,"dislike":null,"reaction":null,"in_my_best2015":false,"id":70789716,"type":"Coub::Simple","permalink":"15prwo","title":"Aaaahhaaaaa","visibility_type":"public","original_visibility_type":"public","channel_id":2228972,"created_at":"2018-03-31T14:36:20Z","updated_at":"2022-03-15T19:38:03Z","is_done":true,"views_count":312075,"cotd":true,"cotd_at":"2018-04-01","visible_on_explore_root":true,"visible_on_explore":true,"featured":true,"published":true,"published_at":"2018-03-31T14:36:19Z","reversed":false,"from_editor_v2":true,"is_editable":true,"original_sound":true,"has_sound":true,"recoub_to":null,"file_versions":{"html5":{"video":{"higher":{"url":"https://coub-anubis-a.akamaized.net/coub_storage/coub/simple/cw_file/4c85a4b5c88/894cf8d3e7bde9e36a42a/muted_mp4_huge_size_1568214649_muted_huge.mp4","size":2937642},"high":{"url":"https://coub-anubis-a.akamaized.net/coub_storage/coub/simple/cw_file/4c85a4b5c88/894cf8d3e7bde9e36a42a/muted_mp4_big_size_1568214649_muted_big.mp4","size":2008651},"med":{"url":"https://coub-anubis-a.akamaized.net/coub_storage/coub/simple/cw_file/4c85a4b5c88/894cf8d3e7bde9e36a42a/muted_mp4_med_size_1568214649_muted_med.mp4","size":803256}},"audio":{"high":{"url":"https://coub-anubis-a.akamaized.net/coub_storage/coub/simple/cw_looped_audio_high/9efc49efc2c/dfc3be0f937d1ea925761/1605643324_high_1522506986_high.mp3","size":1048662},"med":{"url":"https://coub-anubis-a.akamaized.net/coub_storage/coub/simple/cw_looped_audio_med/ac9de685213/16b55654f67200b7ab198/1605643323_med_1522506986_med.mp3","size":878202},"sample_duration":7.871}},"mobile":{"video":"https://coub-anubis-a.akamaized.net/coub_storage/coub/simple/cw_file/4c85a4b5c88/894cf8d3e7bde9e36a42a/muted_mp4_med_size_1568214649_muted_med.mp4","audio":["https://coub-anubis-a.akamaized.net/coub_storage/coub/simple/cw_looped_audio_med/ac9de685213/16b55654f67200b7ab198/1605643323_med_1522506986_med.mp3"]},"share":{"default":"https://coub-anubis-a.akamaized.net/coub_storage/coub/simple/cw_video_for_sharing/404daf03ff4/75d3142bafb9b06b85736/1611225453_looped_1611225452.mp4"}},"audio_versions":{},"image_versions":{"template":"https://coub-anubis-a.akamaized.net/coub_storage/coub/simple/cw_image/3a90fefeb43/50616d4134efc4be91b7e/1522506996_00025.jpg","versions":["micro","tiny","age_restricted","ios_large","ios_mosaic","big","med","small","pinterest"]},"first_frame_versions":{"template":"https://coub-anubis-a.akamaized.net/coub_storage/coub/simple/cw_timeline_pic/e5bf8d96d3d/f8341dc1472364041d653/%{version}_1522506995_image.jpg","versions":["big","med","small","ios_large"]},"dimensions":{"big":[1280,720],"med":[640,360]},"site_w_h":[640,360],"page_w_h":[640,360],"site_w_h_small":[310,174],"size":[1280,720],"age_restricted":false,"age_restricted_by_admin":false,"not_safe_for_work":false,"allow_reuse":false,"dont_crop":false,"banned":false,"global_safe":true,"audio_file_url":null,"external_download":false,"application":null,"channel":{"id":2228972,"permalink":"grigorii2000","title":"Grigorii","description":"I'm BACK???","followers_count":3141,"following_count":406,"avatar_versions":{"template":"https://coub-anubis-a.akamaized.net/coub_storage/channel/cw_avatar/5f5ca9e0b57/395435874534c6c21c784/%{version}_1607425002_99h1zt_1599942437_pgn.png","versions":["medium","medium_2x","profile_pic","profile_pic_new","profile_pic_new_2x","tiny","tiny_2x","small","small_2x","ios_large","ios_small"]}},"file":null,"picture":"https://coub-anubis-a.akamaized.net/coub_storage/coub/simple/cw_image/3a90fefeb43/50616d4134efc4be91b7e/1522506996_00025.jpg","timeline_picture":"https://coub-anubis-a.akamaized.net/coub_storage/coub/simple/cw_timeline_pic/e5bf8d96d3d/f8341dc1472364041d653/ios_large_1522506995_image.jpg","small_picture":"https://coub-anubis-a.akamaized.net/coub_storage/coub/simple/cw_image/3a90fefeb43/50616d4134efc4be91b7e/1522506996_00025.jpg","sharing_picture":null,"percent_done":100,"tags":[{"id":3748464,"title":"ralph breaks the internet","value":"ralph%20breaks%20the%20internet"},{"id":1995,"title":"eminem","value":"eminem"},{"id":1115293,"title":"eminem - just lose it","value":"eminem%20-%20just%20lose%20it"},{"id":86,"title":"music","value":"music"},{"id":50,"title":"coub","value":"coub"},{"id":107316,"title":"coubs","value":"coubs"},{"id":1073380,"title":"coubrus","value":"coubrus"},{"id":1253,"title":"wtf","value":"wtf"},{"id":1071,"title":"cool","value":"cool"},{"id":208,"title":"cartoon","value":"cartoon"}],"categories":[{"id":37,"title":"Mashup","permalink":"mashup","subscriptions_count":10075240,"big_image_url":"https://coub-anubis-a.akamaized.net/coub_storage/category/cw_image/93ae83fbc3f/4d90453882a0f2e50dbc0/big_1544622036_Mashup.png","small_image_url":"https://coub-anubis-a.akamaized.net/coub_storage/category/cw_image/93ae83fbc3f/4d90453882a0f2e50dbc0/small_1544622036_Mashup.png","med_image_url":"https://coub-anubis-a.akamaized.net/coub_storage/category/cw_image/93ae83fbc3f/4d90453882a0f2e50dbc0/med_1544622036_Mashup.png","visible":true}],"communities":[{"id":37,"title":"Mashup","permalink":"mashup","subscriptions_count":10075240,"big_image_url":"https://coub-anubis-a.akamaized.net/coub_storage/category/cw_image/93ae83fbc3f/4d90453882a0f2e50dbc0/big_1544622036_Mashup.png","small_image_url":"https://coub-anubis-a.akamaized.net/coub_storage/category/cw_image/93ae83fbc3f/4d90453882a0f2e50dbc0/small_1544622036_Mashup.png","med_image_url":"https://coub-anubis-a.akamaized.net/coub_storage/category/cw_image/93ae83fbc3f/4d90453882a0f2e50dbc0/med_1544622036_Mashup.png","i_subscribed":true,"community_notifications_enabled":null,"description":null}],"recoubs_count":521,"remixes_count":2,"likes_count":3330,"dislikes_count":0,"raw_video_id":11432894,"uploaded_by_ios_app":false,"uploaded_by_android_app":false,"media_blocks":{"uploaded_raw_videos":[],"external_raw_videos":[],"remixed_from_coubs":[]},"raw_video_thumbnail_url":"/missing/missing.png","raw_video_title":"Aaaahhaaaaaa.mp4","video_block_banned":false,"duration":7.92,"promo_winner":false,"promo_winner_recoubers":null,"editorial_info":{},"promo_hint":null,"beeline_best_2014":null,"from_web_editor":true,"normalize_sound":true,"normalize_change_allowed":true,"best2015_addable":false,"ahmad_promo":null,"promo_data":null,"audio_copyright_claim":null,"ads_disabled":false,"is_safe_for_ads":true,"megafon_contents":[],"position_on_page":5},{"flag":null,"abuses":null,"recoubs_by_users_channels":null,"favourite":false,"promoted_id":null,"recoub":null,"like":null,"dislike":null,"reaction":null,"in_my_best2015":false,"id":160013799,"type":"Coub::Simple","permalink":"2mx68v","title":"Avatar Cats","visibility_type":"public","original_visibility_type":"public","channel_id":9692651,"created_at":"2020-12-18T08:22:30Z","updated_at":"2022-03-16T04:29:04Z","is_done":true,"views_count":164240,"cotd":null,"cotd_at":null,"visible_on_explore_root":false,"visible_on_explore":false,"featured":false,"published":true,"published_at":"2020-12-18T08:22:30Z","reversed":false,"from_editor_v2":true,"is_editable":true,"original_sound":true,"has_sound":true,"recoub_to":null,"file_versions":{"html5":{"video":{"higher":{"url":"https://coub-anubis-a.akamaized.net/coub_storage/coub/simple/cw_file/4a7d31cf8bf/85c954f82f82195c97d27/muted_mp4_huge_size_1608279756_muted_huge.mp4","size":1300152},"high":{"url":"https://coub-anubis-a.akamaized.net/coub_storage/coub/simple/cw_file/4a7d31cf8bf/85c954f82f82195c97d27/muted_mp4_big_size_1608279756_muted_big.mp4","size":845022},"med":{"url":"https://coub-anubis-a.akamaized.net/coub_storage/coub/simple/cw_file/4a7d31cf8bf/85c954f82f82195c97d27/muted_mp4_med_size_1608279756_muted_med.mp4","size":273977}},"audio":{"high":{"url":"https://coub-anubis-a.akamaized.net/coub_storage/coub/simple/cw_looped_audio_high/bd1ec2e12bf/bed28d34cd0283e5ea39e/1608279758_mp3-high.mp3","size":1141483},"med":{"url":"https://coub-anubis-a.akamaized.net/coub_storage/coub/simple/cw_looped_audio_med/e10dae45bf2/02af3f585c09be61ebe6c/1608279757_mp3-med.mp3","size":944088},"sample_duration":8.452}},"mobile":{"video":"https://coub-anubis-a.akamaized.net/coub_storage/coub/simple/cw_file/4a7d31cf8bf/85c954f82f82195c97d27/muted_mp4_med_size_1608279756_muted_med.mp4","audio":["https://coub-anubis-a.akamaized.net/coub_storage/coub/simple/cw_looped_audio_med/e10dae45bf2/02af3f585c09be61ebe6c/1608279757_mp3-med.mp3"]},"share":{"default":"https://coub-anubis-a.akamaized.net/coub_storage/coub/simple/cw_video_for_sharing/127d24588c5/ebcbae4466eadc1c629a0/1608279782_looped_1608279781.mp4"}},"audio_versions":{},"image_versions":{"template":"https://coub-anubis-a.akamaized.net/coub_storage/coub/simple/cw_image/572a46c9692/7c3a8a8b63eb712efd062/%{version}_1608279762_00027.jpg","versions":["micro","tiny","age_restricted","ios_large","ios_mosaic","big","med","small","pinterest"]},"first_frame_versions":{"template":"https://coub-anubis-a.akamaized.net/coub_storage/coub/simple/cw_timeline_pic/8f81bec53c3/3cb519518863026949fff/%{version}_1608279762_image.jpg","versions":["big","med","small","ios_large"]},"dimensions":{"big":[1280,720],"med":[640,360]},"site_w_h":[640,360],"page_w_h":[640,360],"site_w_h_small":[310,174],"size":[1280,720],"age_restricted":false,"age_restricted_by_admin":false,"not_safe_for_work":false,"allow_reuse":false,"dont_crop":true,"banned":false,"global_safe":null,"audio_file_url":null,"external_download":false,"application":null,"channel":{"id":9692651,"permalink":"repost.2020","title":"ForeveRe","description":"Only Fresh Coubs","followers_count":639,"following_count":1708,"avatar_versions":{"template":"https://coub-anubis-a.akamaized.net/coub_storage/channel/cw_avatar/8f928bf26e0/32734ee83404b7d6dad90/%{version}_1625048693_wp7515996.jpg","versions":["medium","medium_2x","profile_pic","profile_pic_new","profile_pic_new_2x","tiny","tiny_2x","small","small_2x","ios_large","ios_small"]}},"file":null,"picture":"https://coub-anubis-a.akamaized.net/coub_storage/coub/simple/cw_image/572a46c9692/7c3a8a8b63eb712efd062/med_1608279762_00027.jpg","timeline_picture":"https://coub-anubis-a.akamaized.net/coub_storage/coub/simple/cw_timeline_pic/8f81bec53c3/3cb519518863026949fff/ios_large_1608279762_image.jpg","small_picture":"https://coub-anubis-a.akamaized.net/coub_storage/coub/simple/cw_image/572a46c9692/7c3a8a8b63eb712efd062/ios_mosaic_1608279762_00027.jpg","sharing_picture":null,"percent_done":100,"tags":[{"id":134,"title":"cat","value":"cat"},{"id":39,"title":"cats","value":"cats"},{"id":26176,"title":"avatar","value":"avatar"},{"id":36049,"title":"аватар","value":"%D0%B0%D0%B2%D0%B0%D1%82%D0%B0%D1%80"},{"id":143,"title":"кот","value":"%D0%BA%D0%BE%D1%82"},{"id":13227,"title":"коты","value":"%D0%BA%D0%BE%D1%82%D1%8B"},{"id":1224,"title":"котики","value":"%D0%BA%D0%BE%D1%82%D0%B8%D0%BA%D0%B8"},{"id":6249,"title":"мем","value":"%D0%BC%D0%B5%D0%BC"},{"id":22887,"title":"мемы","value":"%D0%BC%D0%B5%D0%BC%D1%8B"},{"id":288361,"title":"hybrids","value":"hybrids"}],"categories":[{"id":37,"title":"Mashup","permalink":"mashup","subscriptions_count":10075240,"big_image_url":"https://coub-anubis-a.akamaized.net/coub_storage/category/cw_image/93ae83fbc3f/4d90453882a0f2e50dbc0/big_1544622036_Mashup.png","small_image_url":"https://coub-anubis-a.akamaized.net/coub_storage/category/cw_image/93ae83fbc3f/4d90453882a0f2e50dbc0/small_1544622036_Mashup.png","med_image_url":"https://coub-anubis-a.akamaized.net/coub_storage/category/cw_image/93ae83fbc3f/4d90453882a0f2e50dbc0/med_1544622036_Mashup.png","visible":true}],"communities":[{"id":37,"title":"Mashup","permalink":"mashup","subscriptions_count":10075240,"big_image_url":"https://coub-anubis-a.akamaized.net/coub_storage/category/cw_image/93ae83fbc3f/4d90453882a0f2e50dbc0/big_1544622036_Mashup.png","small_image_url":"https://coub-anubis-a.akamaized.net/coub_storage/category/cw_image/93ae83fbc3f/4d90453882a0f2e50dbc0/small_1544622036_Mashup.png","med_image_url":"https://coub-anubis-a.akamaized.net/coub_storage/category/cw_image/93ae83fbc3f/4d90453882a0f2e50dbc0/med_1544622036_Mashup.png","i_subscribed":true,"community_notifications_enabled":null,"description":null}],"recoubs_count":640,"remixes_count":0,"likes_count":3329,"dislikes_count":0,"raw_video_id":15982235,"uploaded_by_ios_app":false,"uploaded_by_android_app":false,"media_blocks":{"uploaded_raw_videos":[],"external_raw_videos":[],"remixed_from_coubs":[]},"raw_video_thumbnail_url":"/missing/missing.png","raw_video_title":"fffd.mp4","video_block_banned":false,"duration":8.44,"promo_winner":false,"promo_winner_recoubers":null,"editorial_info":{},"promo_hint":null,"beeline_best_2014":null,"from_web_editor":true,"normalize_sound":true,"normalize_change_allowed":true,"best2015_addable":false,"ahmad_promo":null,"promo_data":null,"audio_copyright_claim":null,"ads_disabled":false,"is_safe_for_ads":true,"megafon_contents":[],"position_on_page":6},{"flag":null,"abuses":null,"recoubs_by_users_channels":null,"favourite":false,"promoted_id":null,"recoub":null,"like":null,"dislike":null,"reaction":null,"in_my_best2015":false,"id":84732732,"type":"Coub::Simple","permalink":"1e1hd0","title":"Good Morning","visibility_type":"public","original_visibility_type":"public","channel_id":1397904,"created_at":"2018-09-09T05:36:58Z","updated_at":"2022-03-09T10:25:21Z","is_done":true,"views_count":247560,"cotd":null,"cotd_at":null,"visible_on_explore_root":true,"visible_on_explore":true,"featured":true,"published":true,"published_at":"2018-09-09T05:41:28Z","reversed":false,"from_editor_v2":true,"is_editable":true,"original_sound":false,"has_sound":false,"recoub_to":null,"file_versions":{"html5":{"video":{"higher":{"url":"https://coub-anubis-a.akamaized.net/coub_storage/coub/simple/cw_file/5d34de1fa4d/defb003b2c9d94e0df794/muted_mp4_huge_size_1570005288_muted_huge.mp4","size":2752029},"high":{"url":"https://coub-anubis-a.akamaized.net/coub_storage/coub/simple/cw_file/5d34de1fa4d/defb003b2c9d94e0df794/muted_mp4_big_size_1570005288_muted_big.mp4","size":2000075},"med":{"url":"https://coub-anubis-a.akamaized.net/coub_storage/coub/simple/cw_file/5d34de1fa4d/defb003b2c9d94e0df794/muted_mp4_med_size_1570005288_muted_med.mp4","size":637104}},"audio":{"high":{"url":"https://coub-anubis-a.akamaized.net/coub_storage/coub/simple/cw_looped_audio_high/8bcd1e6751b/77a4dd4cf1ee358ae09bf/1605610165_high_1536471600_high.mp3","size":3843912},"med":{"url":"https://coub-anubis-a.akamaized.net/coub_storage/coub/simple/cw_looped_audio_med/c79c71d0870/097f8d9467f90dadcae4f/1605610164_med_1536471600_med.mp3","size":2827677}}},"mobile":{"video":"https://coub-anubis-a.akamaized.net/coub_storage/coub/simple/cw_file/5d34de1fa4d/defb003b2c9d94e0df794/muted_mp4_med_size_1570005288_muted_med.mp4","audio":["https://coub-anubis-a.akamaized.net/coub_storage/coub/simple/cw_looped_audio_med/c79c71d0870/097f8d9467f90dadcae4f/1605610164_med_1536471600_med.mp3"]},"share":{"default":"https://coub-anubis-a.akamaized.net/coub_storage/coub/simple/cw_video_for_sharing/405789bdb13/d99cf53ab460b42737e18/1608357293_looped_1608357292.mp4"}},"audio_versions":{"template":"https://coub-anubis-a.akamaized.net/coub_storage/audio_track/cw_file/2056895ad13/8c8dde317c2d63a6d3fc8/mid_1536471578_izt70z_edited.mp3","versions":["mid","low"]},"image_versions":{"template":"https://coub-anubis-a.akamaized.net/coub_storage/coub/simple/cw_image/35e39b0790a/bc4b4df6090973c66794d/1536471614_00031.jpg","versions":["micro","tiny","age_restricted","ios_large","ios_mosaic","big","med","small","pinterest"]},"first_frame_versions":{"template":"https://coub-anubis-a.akamaized.net/coub_storage/coub/simple/cw_timeline_pic/5ce057b995e/0a66c27e77902e0f4eeb4/%{version}_1536471613_image.jpg","versions":["big","med","small","ios_large"]},"dimensions":{"big":[1280,720],"med":[640,360]},"site_w_h":[640,360],"page_w_h":[640,360],"site_w_h_small":[310,174],"size":[1280,720],"age_restricted":false,"age_restricted_by_admin":false,"not_safe_for_work":false,"allow_reuse":false,"dont_crop":false,"banned":false,"global_safe":true,"audio_file_url":"https://coub-anubis-a.akamaized.net/coub_storage/audio_track/cw_file/2056895ad13/8c8dde317c2d63a6d3fc8/low_1536471578_izt70z_edited.mp3","external_download":false,"application":null,"channel":{"id":1397904,"permalink":"funnykaplan","title":"Funny Kaplan","description":"Funny Or Not Here I Come","followers_count":28236,"following_count":217,"avatar_versions":{"template":"https://coub-anubis-a.akamaized.net/coub_storage/channel/cw_avatar/3466001cc9f/7bef465ddaf551643cdfd/%{version}_1607422598_cwtblm_1486022923_pv_14222.jpg","versions":["medium","medium_2x","profile_pic","profile_pic_new","profile_pic_new_2x","tiny","tiny_2x","small","small_2x","ios_large","ios_small"]}},"file":null,"picture":"https://coub-anubis-a.akamaized.net/coub_storage/coub/simple/cw_image/35e39b0790a/bc4b4df6090973c66794d/1536471614_00031.jpg","timeline_picture":"https://coub-anubis-a.akamaized.net/coub_storage/coub/simple/cw_timeline_pic/5ce057b995e/0a66c27e77902e0f4eeb4/ios_large_1536471613_image.jpg","small_picture":"https://coub-anubis-a.akamaized.net/coub_storage/coub/simple/cw_image/35e39b0790a/bc4b4df6090973c66794d/1536471614_00031.jpg","sharing_picture":null,"percent_done":100,"tags":[{"id":86,"title":"music","value":"music"},{"id":1171042,"title":"b.j.thomas","value":"b.j.thomas"},{"id":581020,"title":"raindrops keep falling on my head","value":"raindrops%20keep%20falling%20on%20my%20head"},{"id":3411467,"title":"predator 2018","value":"predator%202018"},{"id":192569,"title":"mashups","value":"mashups"},{"id":5316,"title":"trailer","value":"trailer"},{"id":1109,"title":"predator","value":"predator"},{"id":933,"title":"morning","value":"morning"},{"id":141458,"title":"good mood","value":"good%20mood"},{"id":11065,"title":"tea","value":"tea"},{"id":4267308,"title":"хищник2018","value":"%D1%85%D0%B8%D1%89%D0%BD%D0%B8%D0%BA2018"}],"categories":[{"id":37,"title":"Mashup","permalink":"mashup","subscriptions_count":10075240,"big_image_url":"https://coub-anubis-a.akamaized.net/coub_storage/category/cw_image/93ae83fbc3f/4d90453882a0f2e50dbc0/big_1544622036_Mashup.png","small_image_url":"https://coub-anubis-a.akamaized.net/coub_storage/category/cw_image/93ae83fbc3f/4d90453882a0f2e50dbc0/small_1544622036_Mashup.png","med_image_url":"https://coub-anubis-a.akamaized.net/coub_storage/category/cw_image/93ae83fbc3f/4d90453882a0f2e50dbc0/med_1544622036_Mashup.png","visible":true}],"communities":[{"id":37,"title":"Mashup","permalink":"mashup","subscriptions_count":10075240,"big_image_url":"https://coub-anubis-a.akamaized.net/coub_storage/category/cw_image/93ae83fbc3f/4d90453882a0f2e50dbc0/big_1544622036_Mashup.png","small_image_url":"https://coub-anubis-a.akamaized.net/coub_storage/category/cw_image/93ae83fbc3f/4d90453882a0f2e50dbc0/small_1544622036_Mashup.png","med_image_url":"https://coub-anubis-a.akamaized.net/coub_storage/category/cw_image/93ae83fbc3f/4d90453882a0f2e50dbc0/med_1544622036_Mashup.png","i_subscribed":true,"community_notifications_enabled":null,"description":null}],"recoubs_count":562,"remixes_count":8,"likes_count":3329,"dislikes_count":0,"raw_video_id":12339042,"uploaded_by_ios_app":false,"uploaded_by_android_app":false,"media_blocks":{"uploaded_raw_videos":[],"external_raw_videos":[],"remixed_from_coubs":[]},"raw_video_thumbnail_url":"/missing/missing.png","raw_video_title":"rain.mov","video_block_banned":false,"duration":9.6,"promo_winner":false,"promo_winner_recoubers":null,"editorial_info":{},"promo_hint":null,"beeline_best_2014":null,"from_web_editor":true,"normalize_sound":false,"normalize_change_allowed":true,"best2015_addable":false,"ahmad_promo":null,"promo_data":null,"audio_copyright_claim":null,"ads_disabled":false,"is_safe_for_ads":true,"megafon_contents":[],"position_on_page":7},{"flag":null,"abuses":null,"recoubs_by_users_channels":null,"favourite":false,"promoted_id":null,"recoub":null,"like":null,"dislike":null,"reaction":null,"in_my_best2015":false,"id":134393142,"type":"Coub::Simple","permalink":"27nlm4","title":"Wrong Train","visibility_type":"public","original_visibility_type":"public","channel_id":4028889,"created_at":"2020-01-14T15:13:44Z","updated_at":"2022-03-15T20:23:37Z","is_done":true,"views_count":260501,"cotd":null,"cotd_at":null,"visible_on_explore_root":true,"visible_on_explore":true,"featured":true,"published":true,"published_at":"2020-01-14T15:13:43Z","reversed":false,"from_editor_v2":true,"is_editable":true,"original_sound":false,"has_sound":false,"recoub_to":null,"file_versions":{"html5":{"video":{"higher":{"url":"https://coub-anubis-a.akamaized.net/coub_storage/coub/simple/cw_file/3c3bf854dc4/5856db64ef4d1176ed4bf/muted_mp4_huge_size_1579015628_muted_huge.mp4","size":5526116},"high":{"url":"https://coub-anubis-a.akamaized.net/coub_storage/coub/simple/cw_file/3c3bf854dc4/5856db64ef4d1176ed4bf/muted_mp4_big_size_1579015628_muted_big.mp4","size":4538359},"med":{"url":"https://coub-anubis-a.akamaized.net/coub_storage/coub/simple/cw_file/3c3bf854dc4/5856db64ef4d1176ed4bf/muted_mp4_med_size_1579015628_muted_med.mp4","size":1329599}},"audio":{"high":{"url":"https://coub-anubis-a.akamaized.net/coub_storage/coub/simple/cw_looped_audio_high/87c8896bafe/37bb0a3a7cc2fe59407da/1605704166_high_1579015655_high.mp3","size":3388727},"med":{"url":"https://coub-anubis-a.akamaized.net/coub_storage/coub/simple/cw_looped_audio_med/387b4f276b3/26927d7e95b1b11b816bd/1605704166_med_1579015655_med.mp3","size":2873547}}},"mobile":{"video":"https://coub-anubis-a.akamaized.net/coub_storage/coub/simple/cw_file/3c3bf854dc4/5856db64ef4d1176ed4bf/muted_mp4_med_size_1579015628_muted_med.mp4","audio":["https://coub-anubis-a.akamaized.net/coub_storage/coub/simple/cw_looped_audio_med/387b4f276b3/26927d7e95b1b11b816bd/1605704166_med_1579015655_med.mp3"]},"share":{"default":"https://coub-anubis-a.akamaized.net/coub_storage/coub/simple/cw_video_for_sharing/10902868bd9/07e9c45003617948b564b/1608660385_looped_1608660382.mp4"}},"audio_versions":{"template":"https://coub-anubis-a.akamaized.net/coub_storage/audio_track/cw_file/5af44aead77/6a050fca4025a1da0af8c/mid_1579015633_xwohrf_edited.mp3","versions":["mid","low"]},"image_versions":{"template":"https://coub-anubis-a.akamaized.net/coub_storage/coub/simple/cw_image/9a023f41b22/bf6c7a1e894dce8325af0/1579015669_00032.jpg","versions":["micro","tiny","age_restricted","ios_large","ios_mosaic","big","med","small","pinterest"]},"first_frame_versions":{"template":"https://coub-anubis-a.akamaized.net/coub_storage/coub/simple/cw_timeline_pic/9da28a13120/55321d77cfcf15b910a70/%{version}_1579015668_image.jpg","versions":["big","med","small","ios_large"]},"dimensions":{"big":[1280,690],"med":[640,344]},"site_w_h":[640,345],"page_w_h":[640,345],"site_w_h_small":[310,167],"size":[1280,690],"age_restricted":false,"age_restricted_by_admin":false,"not_safe_for_work":false,"allow_reuse":false,"dont_crop":false,"banned":false,"global_safe":true,"audio_file_url":"https://coub-anubis-a.akamaized.net/coub_storage/audio_track/cw_file/5af44aead77/6a050fca4025a1da0af8c/low_1579015633_xwohrf_edited.mp3","external_download":false,"application":null,"channel":{"id":4028889,"permalink":"watcher.coub","title":" Watcher🌱","description":"just for kicks","followers_count":3499,"following_count":484,"avatar_versions":{"template":"https://coub-anubis-a.akamaized.net/coub_storage/channel/cw_avatar/cd8b1f7c341/d2b696c03deea7c3965a1/%{version}_1607429855_1dy37ux_1563622853_light.png","versions":["medium","medium_2x","profile_pic","profile_pic_new","profile_pic_new_2x","tiny","tiny_2x","small","small_2x","ios_large","ios_small"]}},"file":null,"picture":"https://coub-anubis-a.akamaized.net/coub_storage/coub/simple/cw_image/9a023f41b22/bf6c7a1e894dce8325af0/1579015669_00032.jpg","timeline_picture":"https://coub-anubis-a.akamaized.net/coub_storage/coub/simple/cw_timeline_pic/9da28a13120/55321d77cfcf15b910a70/ios_large_1579015668_image.jpg","small_picture":"https://coub-anubis-a.akamaized.net/coub_storage/coub/simple/cw_image/9a023f41b22/bf6c7a1e894dce8325af0/1579015669_00032.jpg","sharing_picture":null,"percent_done":100,"tags":[{"id":3006543,"title":"vengaboys - we like to party","value":"vengaboys%20-%20we%20like%20to%20party"},{"id":3638759,"title":"vengaboys - we like to party!","value":"vengaboys%20-%20we%20like%20to%20party!"},{"id":1261947,"title":"tildaswinton","value":"tildaswinton"},{"id":555333,"title":"bong joon-ho","value":"bong%20joon-ho"},{"id":1358768,"title":"chrisevans","value":"chrisevans"},{"id":256964,"title":"snowpiercer","value":"snowpiercer"},{"id":288361,"title":"hybrids","value":"hybrids"},{"id":192569,"title":"mashups","value":"mashups"},{"id":5326,"title":"mashup","value":"mashup"},{"id":624619,"title":"сквозь снег","value":"%D1%81%D0%BA%D0%B2%D0%BE%D0%B7%D1%8C%20%D1%81%D0%BD%D0%B5%D0%B3"},{"id":5421428,"title":"сквозьснег","value":"%D1%81%D0%BA%D0%B2%D0%BE%D0%B7%D1%8C%D1%81%D0%BD%D0%B5%D0%B3"},{"id":22249,"title":"mr. bean","value":"mr.%20bean"},{"id":516,"title":"mr bean","value":"mr%20bean"},{"id":31476,"title":"мистер бин","value":"%D0%BC%D0%B8%D1%81%D1%82%D0%B5%D1%80%20%D0%B1%D0%B8%D0%BD"}],"categories":[{"id":37,"title":"Mashup","permalink":"mashup","subscriptions_count":10075240,"big_image_url":"https://coub-anubis-a.akamaized.net/coub_storage/category/cw_image/93ae83fbc3f/4d90453882a0f2e50dbc0/big_1544622036_Mashup.png","small_image_url":"https://coub-anubis-a.akamaized.net/coub_storage/category/cw_image/93ae83fbc3f/4d90453882a0f2e50dbc0/small_1544622036_Mashup.png","med_image_url":"https://coub-anubis-a.akamaized.net/coub_storage/category/cw_image/93ae83fbc3f/4d90453882a0f2e50dbc0/med_1544622036_Mashup.png","visible":true}],"communities":[{"id":37,"title":"Mashup","permalink":"mashup","subscriptions_count":10075240,"big_image_url":"https://coub-anubis-a.akamaized.net/coub_storage/category/cw_image/93ae83fbc3f/4d90453882a0f2e50dbc0/big_1544622036_Mashup.png","small_image_url":"https://coub-anubis-a.akamaized.net/coub_storage/category/cw_image/93ae83fbc3f/4d90453882a0f2e50dbc0/small_1544622036_Mashup.png","med_image_url":"https://coub-anubis-a.akamaized.net/coub_storage/category/cw_image/93ae83fbc3f/4d90453882a0f2e50dbc0/med_1544622036_Mashup.png","i_subscribed":true,"community_notifications_enabled":null,"description":null}],"recoubs_count":551,"remixes_count":5,"likes_count":3328,"dislikes_count":0,"raw_video_id":14699735,"uploaded_by_ios_app":false,"uploaded_by_android_app":false,"media_blocks":{"uploaded_raw_videos":[],"external_raw_videos":[],"remixed_from_coubs":[]},"raw_video_thumbnail_url":"/missing/missing.png","raw_video_title":"mr_bean.mp4","video_block_banned":false,"duration":10.0,"promo_winner":false,"promo_winner_recoubers":null,"editorial_info":{},"promo_hint":null,"beeline_best_2014":null,"from_web_editor":true,"normalize_sound":false,"normalize_change_allowed":false,"best2015_addable":false,"ahmad_promo":null,"promo_data":null,"audio_copyright_claim":null,"ads_disabled":false,"is_safe_for_ads":true,"megafon_contents":[],"position_on_page":8},{"flag":null,"abuses":null,"recoubs_by_users_channels":null,"favourite":false,"promoted_id":null,"recoub":null,"like":null,"dislike":null,"reaction":null,"in_my_best2015":false,"id":138575948,"type":"Coub::Simple","permalink":"2a5ojs","title":"Wtf are you looking at, Gandalf?","visibility_type":"public","original_visibility_type":"public","channel_id":2834001,"created_at":"2020-03-04T01:34:06Z","updated_at":"2022-03-16T07:38:21Z","is_done":true,"views_count":264041,"cotd":null,"cotd_at":null,"visible_on_explore_root":true,"visible_on_explore":true,"featured":true,"published":true,"published_at":"2020-03-04T05:12:00Z","reversed":false,"from_editor_v2":true,"is_editable":true,"original_sound":false,"has_sound":false,"recoub_to":null,"file_versions":{"html5":{"video":{"higher":{"url":"https://coub-anubis-a.akamaized.net/coub_storage/coub/simple/cw_file/1f7357624a5/65d88adff7a8818e710f6/muted_mp4_huge_size_1583285660_muted_huge.mp4","size":3367442},"high":{"url":"https://coub-anubis-a.akamaized.net/coub_storage/coub/simple/cw_file/1f7357624a5/65d88adff7a8818e710f6/muted_mp4_big_size_1583285660_muted_big.mp4","size":2626291},"med":{"url":"https://coub-anubis-a.akamaized.net/coub_storage/coub/simple/cw_file/1f7357624a5/65d88adff7a8818e710f6/muted_mp4_med_size_1583285660_muted_med.mp4","size":596380}},"audio":{"high":{"url":"https://coub-anubis-a.akamaized.net/coub_storage/coub/simple/cw_looped_audio_high/01262594c2c/80b6244c01d1bc630df32/1605707154_high_1583285672_high.mp3","size":1442967},"med":{"url":"https://coub-anubis-a.akamaized.net/coub_storage/coub/simple/cw_looped_audio_med/9254d490783/b562c0ec3f4575bdce29e/1605707154_med_1583285672_med.mp3","size":1114224}}},"mobile":{"video":"https://coub-anubis-a.akamaized.net/coub_storage/coub/simple/cw_file/1f7357624a5/65d88adff7a8818e710f6/muted_mp4_med_size_1583285660_muted_med.mp4","audio":["https://coub-anubis-a.akamaized.net/coub_storage/coub/simple/cw_looped_audio_med/9254d490783/b562c0ec3f4575bdce29e/1605707154_med_1583285672_med.mp3"]},"share":{"default":"https://coub-anubis-a.akamaized.net/coub_storage/coub/simple/cw_video_for_sharing/4067b33fd4c/ed135b075da37cca9af12/1609057601_looped_1609057600.mp4"}},"audio_versions":{"template":"https://coub-anubis-a.akamaized.net/coub_storage/audio_track/cw_file/f94e77d4ff4/18fe769aaec102a3ad2b4/mid_1583285662_1dvihd6_edited.mp3","versions":["mid","low"]},"image_versions":{"template":"https://coub-anubis-a.akamaized.net/coub_storage/coub/simple/cw_image/fea51a98e4f/084df90c6d64f458baa29/1583285685_00032.jpg","versions":["micro","tiny","age_restricted","ios_large","ios_mosaic","big","med","small","pinterest"]},"first_frame_versions":{"template":"https://coub-anubis-a.akamaized.net/coub_storage/coub/simple/cw_timeline_pic/b937a0e1540/c942d5d1d04e5e36db908/%{version}_1583285683_image.jpg","versions":["big","med","small","ios_large"]},"dimensions":{"big":[1280,720],"med":[640,360]},"site_w_h":[640,360],"page_w_h":[640,360],"site_w_h_small":[310,174],"size":[1280,720],"age_restricted":false,"age_restricted_by_admin":false,"not_safe_for_work":false,"allow_reuse":false,"dont_crop":false,"banned":false,"global_safe":true,"audio_file_url":"https://coub-anubis-a.akamaized.net/coub_storage/audio_track/cw_file/f94e77d4ff4/18fe769aaec102a3ad2b4/low_1583285662_1dvihd6_edited.mp3","external_download":false,"application":null,"channel":{"id":2834001,"permalink":"shkudi-coub","title":"Shkudi","description":null,"followers_count":26748,"following_count":151,"avatar_versions":{"template":"https://coub-anubis-a.akamaized.net/coub_storage/channel/cw_avatar/25c3af615cd/fa30bb2f46c86b1e4bcf5/%{version}_1607420514_18tvl4e_1604753569_Screenshot_123.png","versions":["medium","medium_2x","profile_pic","profile_pic_new","profile_pic_new_2x","tiny","tiny_2x","small","small_2x","ios_large","ios_small"]}},"file":null,"picture":"https://coub-anubis-a.akamaized.net/coub_storage/coub/simple/cw_image/fea51a98e4f/084df90c6d64f458baa29/1583285685_00032.jpg","timeline_picture":"https://coub-anubis-a.akamaized.net/coub_storage/coub/simple/cw_timeline_pic/b937a0e1540/c942d5d1d04e5e36db908/ios_large_1583285683_image.jpg","small_picture":"https://coub-anubis-a.akamaized.net/coub_storage/coub/simple/cw_image/fea51a98e4f/084df90c6d64f458baa29/1583285685_00032.jpg","sharing_picture":null,"percent_done":100,"tags":[{"id":5326,"title":"mashup","value":"mashup"},{"id":192569,"title":"mashups","value":"mashups"},{"id":41698,"title":"hybrid","value":"hybrid"},{"id":288361,"title":"hybrids","value":"hybrids"},{"id":5185496,"title":"ft. margo","value":"ft.%20margo"},{"id":3441832,"title":"shkudi","value":"shkudi"},{"id":4234775,"title":"edit by shkudi","value":"edit%20by%20shkudi"},{"id":174,"title":"funny","value":"funny"},{"id":170,"title":"lol","value":"lol"},{"id":1100,"title":"gandalf","value":"gandalf"},{"id":701,"title":"kid","value":"kid"},{"id":6199,"title":"haha","value":"haha"},{"id":14668,"title":"mem","value":"mem"},{"id":2235,"title":"memes","value":"memes"},{"id":4065,"title":"romantic","value":"romantic"},{"id":735,"title":"music video","value":"music%20video"},{"id":2409,"title":"movies","value":"movies"},{"id":397497,"title":"good boys","value":"good%20boys"},{"id":84375,"title":"cruel intentions","value":"cruel%20intentions"},{"id":5511,"title":"kiss","value":"kiss"},{"id":265,"title":"girls","value":"girls"},{"id":39114,"title":"sexy girls","value":"sexy%20girls"},{"id":5510857,"title":"girlfriends kiss","value":"girlfriends%20kiss"}],"categories":[{"id":37,"title":"Mashup","permalink":"mashup","subscriptions_count":10075240,"big_image_url":"https://coub-anubis-a.akamaized.net/coub_storage/category/cw_image/93ae83fbc3f/4d90453882a0f2e50dbc0/big_1544622036_Mashup.png","small_image_url":"https://coub-anubis-a.akamaized.net/coub_storage/category/cw_image/93ae83fbc3f/4d90453882a0f2e50dbc0/small_1544622036_Mashup.png","med_image_url":"https://coub-anubis-a.akamaized.net/coub_storage/category/cw_image/93ae83fbc3f/4d90453882a0f2e50dbc0/med_1544622036_Mashup.png","visible":true}],"communities":[{"id":37,"title":"Mashup","permalink":"mashup","subscriptions_count":10075240,"big_image_url":"https://coub-anubis-a.akamaized.net/coub_storage/category/cw_image/93ae83fbc3f/4d90453882a0f2e50dbc0/big_1544622036_Mashup.png","small_image_url":"https://coub-anubis-a.akamaized.net/coub_storage/category/cw_image/93ae83fbc3f/4d90453882a0f2e50dbc0/small_1544622036_Mashup.png","med_image_url":"https://coub-anubis-a.akamaized.net/coub_storage/category/cw_image/93ae83fbc3f/4d90453882a0f2e50dbc0/med_1544622036_Mashup.png","i_subscribed":true,"community_notifications_enabled":null,"description":null}],"recoubs_count":496,"remixes_count":3,"likes_count":3325,"dislikes_count":0,"raw_video_id":14892438,"uploaded_by_ios_app":false,"uploaded_by_android_app":false,"media_blocks":{"uploaded_raw_videos":[],"external_raw_videos":[],"remixed_from_coubs":[]},"raw_video_thumbnail_url":"/missing/missing.png","raw_video_title":"WTF_Gandalf_SH.mp4","video_block_banned":false,"duration":10.0,"promo_winner":false,"promo_winner_recoubers":null,"editorial_info":{},"promo_hint":null,"beeline_best_2014":null,"from_web_editor":true,"normalize_sound":false,"normalize_change_allowed":true,"best2015_addable":false,"ahmad_promo":null,"promo_data":null,"audio_copyright_claim":null,"ads_disabled":false,"is_safe_for_ads":true,"megafon_contents":[],"position_on_page":9},{"flag":null,"abuses":null,"recoubs_by_users_channels":null,"favourite":false,"promoted_id":null,"recoub":null,"like":null,"dislike":null,"reaction":null,"in_my_best2015":false,"id":79786495,"type":"Coub::Simple","permalink":"1b3gs9","title":"World Cup 2018 final","visibility_type":"public","original_visibility_type":"public","channel_id":778966,"created_at":"2018-07-15T09:23:29Z","updated_at":"2022-03-08T19:05:09Z","is_done":true,"views_count":268595,"cotd":true,"cotd_at":"2018-07-16","visible_on_explore_root":true,"visible_on_explore":true,"featured":true,"published":true,"published_at":"2018-07-15T09:23:29Z","reversed":false,"from_editor_v2":true,"is_editable":true,"original_sound":false,"has_sound":false,"recoub_to":null,"file_versions":{"html5":{"video":{"higher":{"url":"https://coub-anubis-a.akamaized.net/coub_storage/coub/simple/cw_file/6ee9519e55d/b7385052660b2bb7453f2/muted_mp4_huge_size_1568258936_muted_huge.mp4","size":2674404},"high":{"url":"https://coub-anubis-a.akamaized.net/coub_storage/coub/simple/cw_file/6ee9519e55d/b7385052660b2bb7453f2/muted_mp4_big_size_1568258936_muted_big.mp4","size":2082286},"med":{"url":"https://coub-anubis-a.akamaized.net/coub_storage/coub/simple/cw_file/6ee9519e55d/b7385052660b2bb7453f2/muted_mp4_med_size_1568258936_muted_med.mp4","size":514473}}},"mobile":{"video":"https://coub-anubis-a.akamaized.net/coub_storage/coub/simple/cw_file/6ee9519e55d/b7385052660b2bb7453f2/muted_mp4_med_size_1568258936_muted_med.mp4"},"share":{"default":"https://coub-anubis-a.akamaized.net/coub_storage/coub/simple/cw_video_for_sharing/f24f246455f/5d20f4d33af6c35a8d987/1614144185_looped_1614144185.mp4"}},"audio_versions":{},"image_versions":{"template":"https://coub-anubis-a.akamaized.net/coub_storage/coub/simple/cw_image/7563a0206ab/e4bec5505b75777e1ca41/1531646632_00032.jpg","versions":["micro","tiny","age_restricted","ios_large","ios_mosaic","big","med","small","pinterest"]},"first_frame_versions":{"template":"https://coub-anubis-a.akamaized.net/coub_storage/coub/simple/cw_timeline_pic/39fd1cea3ac/fab638fc770719fc0c7da/%{version}_1531646631_image.jpg","versions":["big","med","small","ios_large"]},"dimensions":{"big":[1280,720],"med":[640,360]},"site_w_h":[640,360],"page_w_h":[640,360],"site_w_h_small":[310,174],"size":[1280,720],"age_restricted":false,"age_restricted_by_admin":false,"not_safe_for_work":false,"allow_reuse":false,"dont_crop":false,"banned":false,"global_safe":true,"audio_file_url":null,"external_download":false,"application":null,"channel":{"id":778966,"permalink":"troynick","title":"TroyNick","description":"проходите, присаживайтесь...","followers_count":11906,"following_count":328,"avatar_versions":{"template":"https://coub-anubis-a.akamaized.net/coub_storage/channel/cw_avatar/bbe5d2c6308/594607d87580eeab1fea6/%{version}_1499713606_road2.jpg","versions":["medium","medium_2x","profile_pic","profile_pic_new","profile_pic_new_2x","tiny","tiny_2x","small","small_2x","ios_large","ios_small"]}},"file":null,"picture":"https://coub-anubis-a.akamaized.net/coub_storage/coub/simple/cw_image/7563a0206ab/e4bec5505b75777e1ca41/1531646632_00032.jpg","timeline_picture":"https://coub-anubis-a.akamaized.net/coub_storage/coub/simple/cw_timeline_pic/39fd1cea3ac/fab638fc770719fc0c7da/ios_large_1531646631_image.jpg","small_picture":"https://coub-anubis-a.akamaized.net/coub_storage/coub/simple/cw_image/7563a0206ab/e4bec5505b75777e1ca41/1531646632_00032.jpg","sharing_picture":null,"percent_done":100,"tags":[{"id":2133,"title":"fifa","value":"fifa"},{"id":4129009,"title":"france vs croatia","value":"france%20vs%20croatia"},{"id":3857,"title":"france","value":"france"},{"id":77241,"title":"croatia","value":"croatia"},{"id":1511,"title":"football","value":"football"},{"id":4139,"title":"soccer","value":"soccer"},{"id":353454,"title":"world cup 2018","value":"world%20cup%202018"},{"id":2173,"title":"trainspotting","value":"trainspotting"}],"categories":[{"id":37,"title":"Mashup","permalink":"mashup","subscriptions_count":10075240,"big_image_url":"https://coub-anubis-a.akamaized.net/coub_storage/category/cw_image/93ae83fbc3f/4d90453882a0f2e50dbc0/big_1544622036_Mashup.png","small_image_url":"https://coub-anubis-a.akamaized.net/coub_storage/category/cw_image/93ae83fbc3f/4d90453882a0f2e50dbc0/small_1544622036_Mashup.png","med_image_url":"https://coub-anubis-a.akamaized.net/coub_storage/category/cw_image/93ae83fbc3f/4d90453882a0f2e50dbc0/med_1544622036_Mashup.png","visible":true}],"communities":[{"id":37,"title":"Mashup","permalink":"mashup","subscriptions_count":10075240,"big_image_url":"https://coub-anubis-a.akamaized.net/coub_storage/category/cw_image/93ae83fbc3f/4d90453882a0f2e50dbc0/big_1544622036_Mashup.png","small_image_url":"https://coub-anubis-a.akamaized.net/coub_storage/category/cw_image/93ae83fbc3f/4d90453882a0f2e50dbc0/small_1544622036_Mashup.png","med_image_url":"https://coub-anubis-a.akamaized.net/coub_storage/category/cw_image/93ae83fbc3f/4d90453882a0f2e50dbc0/med_1544622036_Mashup.png","i_subscribed":true,"community_notifications_enabled":null,"description":null}],"recoubs_count":533,"remixes_count":2,"likes_count":3324,"dislikes_count":0,"raw_video_id":12044647,"uploaded_by_ios_app":false,"uploaded_by_android_app":false,"media_blocks":{"uploaded_raw_videos":[],"external_raw_videos":[],"remixed_from_coubs":[]},"raw_video_thumbnail_url":"/missing/missing.png","raw_video_title":"Sequence_05.mp4","video_block_banned":false,"duration":10.0,"promo_winner":false,"promo_winner_recoubers":null,"editorial_info":{},"promo_hint":null,"beeline_best_2014":null,"from_web_editor":true,"normalize_sound":true,"normalize_change_allowed":true,"best2015_addable":false,"ahmad_promo":null,"promo_data":null,"audio_copyright_claim":"Sony Music Entertainment Russia","ads_disabled":false,"is_safe_for_ads":true,"megafon_contents":[],"position_on_page":10}]}