{"page":410,"per_page":10,"total_pages":500,"coubs":[{"flag":null,"abuses":null,"recoubs_by_users_channels":null,"favourite":false,"promoted_id":null,"recoub":null,"like":null,"dislike":null,"reaction":null,"in_my_best2015":false,"id":135696754,"type":"Coub::Simple","permalink":"28fr7k","title":"back in business","visibility_type":"public","original_visibility_type":"public","channel_id":2464675,"created_at":"2020-01-29T17:48:53Z","updated_at":"2022-03-10T00:23:27Z","is_done":true,"views_count":132351,"cotd":null,"cotd_at":null,"visible_on_explore_root":true,"visible_on_explore":true,"featured":true,"published":true,"published_at":"2020-01-29T17:48:53Z","reversed":false,"from_editor_v2":true,"is_editable":true,"original_sound":false,"has_sound":false,"recoub_to":null,"file_versions":{"html5":{"video":{"higher":{"url":"https://coub-anubis-a.akamaized.net/coub_storage/coub/simple/cw_file/95bae747473/7d32554348ab950ba485f/muted_mp4_huge_size_1580320160_muted_huge.mp4","size":4071883},"high":{"url":"https://coub-anubis-a.akamaized.net/coub_storage/coub/simple/cw_file/95bae747473/7d32554348ab950ba485f/muted_mp4_big_size_1580320160_muted_big.mp4","size":2952007},"med":{"url":"https://coub-anubis-a.akamaized.net/coub_storage/coub/simple/cw_file/95bae747473/7d32554348ab950ba485f/muted_mp4_med_size_1580320160_muted_med.mp4","size":930577}},"audio":{"high":{"url":"https://coub-anubis-a.akamaized.net/coub_storage/coub/simple/cw_looped_audio_high/2c68f69adff/4edb0c173ffbfd483d460/1605705839_high_1580320166_high.mp3","size":1338413},"med":{"url":"https://coub-anubis-a.akamaized.net/coub_storage/coub/simple/cw_looped_audio_med/454ad3667bc/3eae808d2a774fb570d7e/1605705839_med_1580320166_med.mp3","size":952374}}},"mobile":{"video":"https://coub-anubis-a.akamaized.net/coub_storage/coub/simple/cw_file/95bae747473/7d32554348ab950ba485f/muted_mp4_med_size_1580320160_muted_med.mp4","audio":["https://coub-anubis-a.akamaized.net/coub_storage/coub/simple/cw_looped_audio_med/454ad3667bc/3eae808d2a774fb570d7e/1605705839_med_1580320166_med.mp3"]},"share":{"default":"https://coub-anubis-a.akamaized.net/coub_storage/coub/simple/cw_video_for_sharing/b6c1a52e7e8/42d725be6fe593f956b49/1608490571_looped_1608490570.mp4"}},"audio_versions":{"template":"https://coub-anubis-a.akamaized.net/coub_storage/audio_track/cw_file/3cac4faf524/8a6090da766fa1a1376ab/mid_1580320161_1nij03k_edited.mp3","versions":["mid","low"]},"image_versions":{"template":"https://coub-anubis-a.akamaized.net/coub_storage/coub/simple/cw_image/a606b5abcc3/d982d8fed83f20aa9e2da/1580320178_00032.jpg","versions":["micro","tiny","age_restricted","ios_large","ios_mosaic","big","med","small","pinterest"]},"first_frame_versions":{"template":"https://coub-anubis-a.akamaized.net/coub_storage/coub/simple/cw_timeline_pic/78c1ec31dc9/e8a3f7e48ea4a5569252e/%{version}_1580320177_image.jpg","versions":["big","med","small","ios_large"]},"dimensions":{"big":[1280,720],"med":[640,360]},"site_w_h":[640,360],"page_w_h":[640,360],"site_w_h_small":[310,174],"size":[1280,720],"age_restricted":false,"age_restricted_by_admin":false,"not_safe_for_work":false,"allow_reuse":false,"dont_crop":false,"banned":false,"global_safe":true,"audio_file_url":"https://coub-anubis-a.akamaized.net/coub_storage/audio_track/cw_file/3cac4faf524/8a6090da766fa1a1376ab/low_1580320161_1nij03k_edited.mp3","external_download":false,"application":null,"channel":{"id":2464675,"permalink":"coub-x30","title":"COUB x3","description":"funny video","followers_count":3943,"following_count":203,"avatar_versions":{"template":"https://coub-anubis-a.akamaized.net/coub_storage/channel/cw_avatar/d4ab8082244/55a54eaf1a04936486a61/%{version}_1609431032_ringg5_1578034266__3.jpg","versions":["medium","medium_2x","profile_pic","profile_pic_new","profile_pic_new_2x","tiny","tiny_2x","small","small_2x","ios_large","ios_small"]}},"file":null,"picture":"https://coub-anubis-a.akamaized.net/coub_storage/coub/simple/cw_image/a606b5abcc3/d982d8fed83f20aa9e2da/1580320178_00032.jpg","timeline_picture":"https://coub-anubis-a.akamaized.net/coub_storage/coub/simple/cw_timeline_pic/78c1ec31dc9/e8a3f7e48ea4a5569252e/ios_large_1580320177_image.jpg","small_picture":"https://coub-anubis-a.akamaized.net/coub_storage/coub/simple/cw_image/a606b5abcc3/d982d8fed83f20aa9e2da/1580320178_00032.jpg","sharing_picture":null,"percent_done":100,"tags":[{"id":1292650,"title":"back in business","value":"back%20in%20business"},{"id":299599,"title":"fast and furious 9","value":"fast%20and%20furious%209"},{"id":1904,"title":"auto","value":"auto"},{"id":636,"title":"drift","value":"drift"},{"id":5326,"title":"mashup","value":"mashup"},{"id":2409,"title":"movies","value":"movies"}],"categories":[{"id":37,"title":"Mashup","permalink":"mashup","subscriptions_count":10075240,"big_image_url":"https://coub-anubis-a.akamaized.net/coub_storage/category/cw_image/93ae83fbc3f/4d90453882a0f2e50dbc0/big_1544622036_Mashup.png","small_image_url":"https://coub-anubis-a.akamaized.net/coub_storage/category/cw_image/93ae83fbc3f/4d90453882a0f2e50dbc0/small_1544622036_Mashup.png","med_image_url":"https://coub-anubis-a.akamaized.net/coub_storage/category/cw_image/93ae83fbc3f/4d90453882a0f2e50dbc0/med_1544622036_Mashup.png","visible":true}],"communities":[{"id":37,"title":"Mashup","permalink":"mashup","subscriptions_count":10075240,"big_image_url":"https://coub-anubis-a.akamaized.net/coub_storage/category/cw_image/93ae83fbc3f/4d90453882a0f2e50dbc0/big_1544622036_Mashup.png","small_image_url":"https://coub-anubis-a.akamaized.net/coub_storage/category/cw_image/93ae83fbc3f/4d90453882a0f2e50dbc0/small_1544622036_Mashup.png","med_image_url":"https://coub-anubis-a.akamaized.net/coub_storage/category/cw_image/93ae83fbc3f/4d90453882a0f2e50dbc0/med_1544622036_Mashup.png","i_subscribed":true,"community_notifications_enabled":null,"description":null}],"recoubs_count":324,"remixes_count":0,"likes_count":1874,"dislikes_count":0,"raw_video_id":14758657,"uploaded_by_ios_app":false,"uploaded_by_android_app":false,"media_blocks":{"uploaded_raw_videos":[],"external_raw_videos":[],"remixed_from_coubs":[]},"raw_video_thumbnail_url":"/missing/missing.png","raw_video_title":"______9.mp4","video_block_banned":false,"duration":10.0,"promo_winner":false,"promo_winner_recoubers":null,"editorial_info":{},"promo_hint":null,"beeline_best_2014":null,"from_web_editor":true,"normalize_sound":false,"normalize_change_allowed":true,"best2015_addable":false,"ahmad_promo":null,"promo_data":null,"audio_copyright_claim":null,"ads_disabled":false,"is_safe_for_ads":true,"megafon_contents":[],"position_on_page":1},{"flag":null,"abuses":null,"recoubs_by_users_channels":null,"favourite":false,"promoted_id":null,"recoub":null,"like":null,"dislike":null,"reaction":null,"in_my_best2015":false,"id":150556694,"type":"Coub::Simple","permalink":"2hah0x","title":"the value of miracles","visibility_type":"public","original_visibility_type":"public","channel_id":194154,"created_at":"2020-07-28T16:26:55Z","updated_at":"2022-03-09T16:57:03Z","is_done":true,"views_count":201888,"cotd":null,"cotd_at":null,"visible_on_explore_root":true,"visible_on_explore":true,"featured":true,"published":true,"published_at":"2020-07-28T16:26:55Z","reversed":false,"from_editor_v2":true,"is_editable":true,"original_sound":false,"has_sound":false,"recoub_to":null,"file_versions":{"html5":{"video":{"higher":{"url":"https://coub-anubis-a.akamaized.net/coub_storage/coub/simple/cw_file/627dcc48324/d1d1c6bed25d30d601802/muted_mp4_huge_size_1595953623_muted_huge.mp4","size":3287656},"high":{"url":"https://coub-anubis-a.akamaized.net/coub_storage/coub/simple/cw_file/627dcc48324/d1d1c6bed25d30d601802/muted_mp4_big_size_1595953623_muted_big.mp4","size":2371325},"med":{"url":"https://coub-anubis-a.akamaized.net/coub_storage/coub/simple/cw_file/627dcc48324/d1d1c6bed25d30d601802/muted_mp4_med_size_1595953623_muted_med.mp4","size":625538}},"audio":{"high":{"url":"https://coub-anubis-a.akamaized.net/coub_storage/coub/simple/cw_looped_audio_high/f308ffff852/b0dea0e3a0104b5403ac0/1607283414_high_1595953660_high.mp3","size":5497785},"med":{"url":"https://coub-anubis-a.akamaized.net/coub_storage/coub/simple/cw_looped_audio_med/c0146be5017/b4f333d97ea37625b1952/1607283413_med_1595953660_med.mp3","size":3831396}}},"mobile":{"video":"https://coub-anubis-a.akamaized.net/coub_storage/coub/simple/cw_file/627dcc48324/d1d1c6bed25d30d601802/muted_mp4_med_size_1595953623_muted_med.mp4","audio":["https://coub-anubis-a.akamaized.net/coub_storage/coub/simple/cw_looped_audio_med/c0146be5017/b4f333d97ea37625b1952/1607283413_med_1595953660_med.mp3"]},"share":{"default":"https://coub-anubis-a.akamaized.net/coub_storage/coub/simple/cw_video_for_sharing/eb9a4600444/815647a4785674695a0d7/1608663349_looped_1608663348.mp4"}},"audio_versions":{"template":"https://coub-anubis-a.akamaized.net/coub_storage/audio_track/cw_file/5bd53acb86d/e17dc25b5950fef3c662f/mid_1595953630_1rjprfa_edited.mp3","versions":["mid","low"]},"image_versions":{"template":"https://coub-anubis-a.akamaized.net/coub_storage/coub/simple/cw_image/c8d6217cf2e/3a37501ca6d7ae4476f67/1595953677_00032.jpg","versions":["micro","tiny","age_restricted","ios_large","ios_mosaic","big","med","small","pinterest"]},"first_frame_versions":{"template":"https://coub-anubis-a.akamaized.net/coub_storage/coub/simple/cw_timeline_pic/a0e893781d7/529466fe9816babeefdca/%{version}_1595953676_image.jpg","versions":["big","med","small","ios_large"]},"dimensions":{"big":[1280,540],"med":[640,270]},"site_w_h":[640,270],"page_w_h":[640,270],"site_w_h_small":[310,131],"size":[1280,540],"age_restricted":false,"age_restricted_by_admin":false,"not_safe_for_work":false,"allow_reuse":false,"dont_crop":false,"banned":false,"global_safe":true,"audio_file_url":"https://coub-anubis-a.akamaized.net/coub_storage/audio_track/cw_file/5bd53acb86d/e17dc25b5950fef3c662f/low_1595953630_1rjprfa_edited.mp3","external_download":false,"application":null,"channel":{"id":194154,"permalink":"ex3m4xh8","title":"4x h8","description":null,"followers_count":31262,"following_count":0,"avatar_versions":{"template":"https://coub-anubis-a.akamaized.net/coub_storage/channel/cw_avatar/30c9a170620/4a3a7e0d84cccb142397e/%{version}_1619708201_v-drawing-for-vendetta-11.png","versions":["medium","medium_2x","profile_pic","profile_pic_new","profile_pic_new_2x","tiny","tiny_2x","small","small_2x","ios_large","ios_small"]}},"file":null,"picture":"https://coub-anubis-a.akamaized.net/coub_storage/coub/simple/cw_image/c8d6217cf2e/3a37501ca6d7ae4476f67/1595953677_00032.jpg","timeline_picture":"https://coub-anubis-a.akamaized.net/coub_storage/coub/simple/cw_timeline_pic/a0e893781d7/529466fe9816babeefdca/ios_large_1595953676_image.jpg","small_picture":"https://coub-anubis-a.akamaized.net/coub_storage/coub/simple/cw_image/c8d6217cf2e/3a37501ca6d7ae4476f67/1595953677_00032.jpg","sharing_picture":null,"percent_done":100,"tags":[{"id":146,"title":"dark","value":"dark"},{"id":5015932,"title":"mhls","value":"mhls"},{"id":6012,"title":"stalker","value":"stalker"},{"id":194646,"title":"stalker 2","value":"stalker%202"}],"categories":[{"id":37,"title":"Mashup","permalink":"mashup","subscriptions_count":10075240,"big_image_url":"https://coub-anubis-a.akamaized.net/coub_storage/category/cw_image/93ae83fbc3f/4d90453882a0f2e50dbc0/big_1544622036_Mashup.png","small_image_url":"https://coub-anubis-a.akamaized.net/coub_storage/category/cw_image/93ae83fbc3f/4d90453882a0f2e50dbc0/small_1544622036_Mashup.png","med_image_url":"https://coub-anubis-a.akamaized.net/coub_storage/category/cw_image/93ae83fbc3f/4d90453882a0f2e50dbc0/med_1544622036_Mashup.png","visible":true}],"communities":[{"id":37,"title":"Mashup","permalink":"mashup","subscriptions_count":10075240,"big_image_url":"https://coub-anubis-a.akamaized.net/coub_storage/category/cw_image/93ae83fbc3f/4d90453882a0f2e50dbc0/big_1544622036_Mashup.png","small_image_url":"https://coub-anubis-a.akamaized.net/coub_storage/category/cw_image/93ae83fbc3f/4d90453882a0f2e50dbc0/small_1544622036_Mashup.png","med_image_url":"https://coub-anubis-a.akamaized.net/coub_storage/category/cw_image/93ae83fbc3f/4d90453882a0f2e50dbc0/med_1544622036_Mashup.png","i_subscribed":true,"community_notifications_enabled":null,"description":null}],"recoubs_count":276,"remixes_count":1,"likes_count":1873,"dislikes_count":0,"raw_video_id":15506426,"uploaded_by_ios_app":false,"uploaded_by_android_app":false,"media_blocks":{"uploaded_raw_videos":[],"external_raw_videos":[],"remixed_from_coubs":[]},"raw_video_thumbnail_url":"/missing/missing.png","raw_video_title":"stalker.mp4","video_block_banned":false,"duration":10.0,"promo_winner":false,"promo_winner_recoubers":null,"editorial_info":{},"promo_hint":null,"beeline_best_2014":null,"from_web_editor":true,"normalize_sound":false,"normalize_change_allowed":true,"best2015_addable":false,"ahmad_promo":null,"promo_data":null,"audio_copyright_claim":null,"ads_disabled":false,"is_safe_for_ads":true,"megafon_contents":[],"position_on_page":2},{"flag":null,"abuses":null,"recoubs_by_users_channels":null,"favourite":false,"promoted_id":null,"recoub":null,"like":null,"dislike":null,"reaction":null,"in_my_best2015":false,"id":133789539,"type":"Coub::Simple","permalink":"27anv7","title":"Don't kill me, baby","visibility_type":"public","original_visibility_type":"public","channel_id":2834001,"created_at":"2020-01-07T11:59:28Z","updated_at":"2022-03-15T13:12:24Z","is_done":true,"views_count":197099,"cotd":null,"cotd_at":null,"visible_on_explore_root":true,"visible_on_explore":true,"featured":true,"published":true,"published_at":"2020-01-07T13:03:33Z","reversed":false,"from_editor_v2":true,"is_editable":true,"original_sound":false,"has_sound":false,"recoub_to":null,"file_versions":{"html5":{"video":{"higher":{"url":"https://coub-anubis-a.akamaized.net/coub_storage/coub/simple/cw_file/c63e052b551/475325a48b96286c7b0c2/muted_mp4_huge_size_1578400246_muted_huge.mp4","size":6962064},"high":{"url":"https://coub-anubis-a.akamaized.net/coub_storage/coub/simple/cw_file/c63e052b551/475325a48b96286c7b0c2/muted_mp4_big_size_1578400246_muted_big.mp4","size":5708812},"med":{"url":"https://coub-anubis-a.akamaized.net/coub_storage/coub/simple/cw_file/c63e052b551/475325a48b96286c7b0c2/muted_mp4_med_size_1578400246_muted_med.mp4","size":1463073}},"audio":{"high":{"url":"https://coub-anubis-a.akamaized.net/coub_storage/coub/simple/cw_looped_audio_high/0c7397f5a79/8fb030d52c2d65e6879f1/1605703149_high_1578400270_high.mp3","size":3194641},"med":{"url":"https://coub-anubis-a.akamaized.net/coub_storage/coub/simple/cw_looped_audio_med/f3711ab0a03/0f9df778aeca3cd9f644d/1605703148_med_1578400270_med.mp3","size":2349482}}},"mobile":{"video":"https://coub-anubis-a.akamaized.net/coub_storage/coub/simple/cw_file/c63e052b551/475325a48b96286c7b0c2/muted_mp4_med_size_1578400246_muted_med.mp4","audio":["https://coub-anubis-a.akamaized.net/coub_storage/coub/simple/cw_looped_audio_med/f3711ab0a03/0f9df778aeca3cd9f644d/1605703148_med_1578400270_med.mp3"]},"share":{"default":"https://coub-anubis-a.akamaized.net/coub_storage/coub/simple/cw_video_for_sharing/4ebd894b0ba/339d4d14af6ca12980983/1617471109_looped_1617471108.mp4"}},"audio_versions":{"template":"https://coub-anubis-a.akamaized.net/coub_storage/audio_track/cw_file/0c47a871912/7b7b0ef5bc3a1924670e5/mid_1578400250_aqcnph_edited.mp3","versions":["mid","low"]},"image_versions":{"template":"https://coub-anubis-a.akamaized.net/coub_storage/coub/simple/cw_image/13d3caf50a6/f19692a63170334cada51/1578400284_00024.jpg","versions":["micro","tiny","age_restricted","ios_large","ios_mosaic","big","med","small","pinterest"]},"first_frame_versions":{"template":"https://coub-anubis-a.akamaized.net/coub_storage/coub/simple/cw_timeline_pic/ce29cb063f3/30ab5034ffc2f2b4daafd/%{version}_1578400283_image.jpg","versions":["big","med","small","ios_large"]},"dimensions":{"big":[1280,720],"med":[640,360]},"site_w_h":[640,360],"page_w_h":[640,360],"site_w_h_small":[310,174],"size":[1280,720],"age_restricted":false,"age_restricted_by_admin":false,"not_safe_for_work":false,"allow_reuse":false,"dont_crop":false,"banned":false,"global_safe":true,"audio_file_url":"https://coub-anubis-a.akamaized.net/coub_storage/audio_track/cw_file/0c47a871912/7b7b0ef5bc3a1924670e5/low_1578400250_aqcnph_edited.mp3","external_download":false,"application":null,"channel":{"id":2834001,"permalink":"shkudi-coub","title":"Shkudi","description":null,"followers_count":26748,"following_count":151,"avatar_versions":{"template":"https://coub-anubis-a.akamaized.net/coub_storage/channel/cw_avatar/25c3af615cd/fa30bb2f46c86b1e4bcf5/%{version}_1607420514_18tvl4e_1604753569_Screenshot_123.png","versions":["medium","medium_2x","profile_pic","profile_pic_new","profile_pic_new_2x","tiny","tiny_2x","small","small_2x","ios_large","ios_small"]}},"file":null,"picture":"https://coub-anubis-a.akamaized.net/coub_storage/coub/simple/cw_image/13d3caf50a6/f19692a63170334cada51/1578400284_00024.jpg","timeline_picture":"https://coub-anubis-a.akamaized.net/coub_storage/coub/simple/cw_timeline_pic/ce29cb063f3/30ab5034ffc2f2b4daafd/ios_large_1578400283_image.jpg","small_picture":"https://coub-anubis-a.akamaized.net/coub_storage/coub/simple/cw_image/13d3caf50a6/f19692a63170334cada51/1578400284_00024.jpg","sharing_picture":null,"percent_done":100,"tags":[{"id":83111,"title":"gemini","value":"gemini"},{"id":2932871,"title":"gemini man","value":"gemini%20man"},{"id":1468,"title":"terminator","value":"terminator"},{"id":513093,"title":"terminator genisys","value":"terminator%20genisys"},{"id":3441832,"title":"shkudi","value":"shkudi"},{"id":4234775,"title":"edit by shkudi","value":"edit%20by%20shkudi"},{"id":168722,"title":"awolnation – sail","value":"awolnation%20%E2%80%93%20sail"},{"id":8535,"title":"will smith","value":"will%20smith"},{"id":27018,"title":"emilia clarke","value":"emilia%20clarke"},{"id":178947,"title":"action scenes","value":"action%20scenes"},{"id":3900,"title":"action","value":"action"},{"id":1179,"title":"fire","value":"fire"},{"id":5326,"title":"mashup","value":"mashup"},{"id":192569,"title":"mashups","value":"mashups"},{"id":41698,"title":"hybrid","value":"hybrid"},{"id":288361,"title":"hybrids","value":"hybrids"},{"id":256302,"title":"good timing","value":"good%20timing"},{"id":3281,"title":"shotgun","value":"shotgun"},{"id":675,"title":"shooting","value":"shooting"}],"categories":[{"id":37,"title":"Mashup","permalink":"mashup","subscriptions_count":10075240,"big_image_url":"https://coub-anubis-a.akamaized.net/coub_storage/category/cw_image/93ae83fbc3f/4d90453882a0f2e50dbc0/big_1544622036_Mashup.png","small_image_url":"https://coub-anubis-a.akamaized.net/coub_storage/category/cw_image/93ae83fbc3f/4d90453882a0f2e50dbc0/small_1544622036_Mashup.png","med_image_url":"https://coub-anubis-a.akamaized.net/coub_storage/category/cw_image/93ae83fbc3f/4d90453882a0f2e50dbc0/med_1544622036_Mashup.png","visible":true}],"communities":[{"id":37,"title":"Mashup","permalink":"mashup","subscriptions_count":10075240,"big_image_url":"https://coub-anubis-a.akamaized.net/coub_storage/category/cw_image/93ae83fbc3f/4d90453882a0f2e50dbc0/big_1544622036_Mashup.png","small_image_url":"https://coub-anubis-a.akamaized.net/coub_storage/category/cw_image/93ae83fbc3f/4d90453882a0f2e50dbc0/small_1544622036_Mashup.png","med_image_url":"https://coub-anubis-a.akamaized.net/coub_storage/category/cw_image/93ae83fbc3f/4d90453882a0f2e50dbc0/med_1544622036_Mashup.png","i_subscribed":true,"community_notifications_enabled":null,"description":null}],"recoubs_count":315,"remixes_count":3,"likes_count":1873,"dislikes_count":0,"raw_video_id":14674764,"uploaded_by_ios_app":false,"uploaded_by_android_app":false,"media_blocks":{"uploaded_raw_videos":[],"external_raw_videos":[],"remixed_from_coubs":[]},"raw_video_thumbnail_url":"/missing/missing.png","raw_video_title":"Terminator_SAIL_SH.mp4","video_block_banned":false,"duration":7.36,"promo_winner":false,"promo_winner_recoubers":null,"editorial_info":{},"promo_hint":null,"beeline_best_2014":null,"from_web_editor":true,"normalize_sound":false,"normalize_change_allowed":true,"best2015_addable":false,"ahmad_promo":null,"promo_data":null,"audio_copyright_claim":null,"ads_disabled":false,"is_safe_for_ads":true,"megafon_contents":[],"position_on_page":3},{"flag":null,"abuses":null,"recoubs_by_users_channels":null,"favourite":false,"promoted_id":null,"recoub":null,"like":null,"dislike":null,"reaction":null,"in_my_best2015":false,"id":56381852,"type":"Coub::Simple","permalink":"x4bhd","title":"Northern lights! #GOTCoub","visibility_type":"public","original_visibility_type":"public","channel_id":2263643,"created_at":"2017-08-26T13:52:00Z","updated_at":"2022-03-08T13:47:17Z","is_done":true,"views_count":154041,"cotd":null,"cotd_at":null,"visible_on_explore_root":true,"visible_on_explore":true,"featured":true,"published":true,"published_at":"2017-08-26T13:54:16Z","reversed":false,"from_editor_v2":true,"is_editable":true,"original_sound":false,"has_sound":false,"recoub_to":null,"file_versions":{"html5":{"video":{"higher":{"url":"https://coub-anubis-a.akamaized.net/coub_storage/coub/simple/cw_file/0c51e8de4db/ba0943282a761a36193dd/muted_mp4_huge_size_1568140840_muted_huge.mp4","size":3339538},"high":{"url":"https://coub-anubis-a.akamaized.net/coub_storage/coub/simple/cw_file/0c51e8de4db/ba0943282a761a36193dd/muted_mp4_big_size_1568140840_muted_big.mp4","size":2360216},"med":{"url":"https://coub-anubis-a.akamaized.net/coub_storage/coub/simple/cw_file/0c51e8de4db/ba0943282a761a36193dd/muted_mp4_med_size_1568140840_muted_med.mp4","size":795414}},"audio":{"high":{"url":"https://coub-anubis-a.akamaized.net/coub_storage/coub/simple/cw_looped_audio_high/d0f66b30440/6806d47c16c9072015a38/1605564852_high_1503755550_high.mp3","size":2007839},"med":{"url":"https://coub-anubis-a.akamaized.net/coub_storage/coub/simple/cw_looped_audio_med/0dcaf198a4d/999fa044618bf17ff5b8c/1605564849_med_1503755550_med.mp3","size":1436982}}},"mobile":{"video":"https://coub-anubis-a.akamaized.net/coub_storage/coub/simple/cw_file/0c51e8de4db/ba0943282a761a36193dd/muted_mp4_med_size_1568140840_muted_med.mp4","audio":["https://coub-anubis-a.akamaized.net/coub_storage/coub/simple/cw_looped_audio_med/0dcaf198a4d/999fa044618bf17ff5b8c/1605564849_med_1503755550_med.mp3"]},"share":{"default":"https://coub-anubis-a.akamaized.net/coub_storage/coub/simple/cw_video_for_sharing/c94d532fa0d/1b9f6e6608994736cf79a/1609403231_looped_1609403229.mp4"}},"audio_versions":{"template":"https://coub-anubis-a.akamaized.net/coub_storage/audio_track/cw_file/bc41d1f2445/91e2adafab06d735fdd9e/mid_1503755535_1081r24_edited.mp3","versions":["mid","low"]},"image_versions":{"template":"https://coub-anubis-a.akamaized.net/coub_storage/coub/simple/cw_image/fcd53da81dd/38bb29ba54a1a6cf09f17/1503755561_00032.jpg","versions":["micro","tiny","age_restricted","ios_large","ios_mosaic","big","med","small","pinterest"]},"first_frame_versions":{"template":"https://coub-anubis-a.akamaized.net/coub_storage/coub/simple/cw_timeline_pic/7d60df259a2/99df43ec568ed50b17c34/%{version}_1503755560_image.jpg","versions":["big","med","small","ios_large"]},"dimensions":{"big":[1280,720],"med":[640,360]},"site_w_h":[640,360],"page_w_h":[640,360],"site_w_h_small":[310,174],"size":[1280,720],"age_restricted":false,"age_restricted_by_admin":false,"not_safe_for_work":false,"allow_reuse":false,"dont_crop":false,"banned":false,"global_safe":true,"audio_file_url":"https://coub-anubis-a.akamaized.net/coub_storage/audio_track/cw_file/bc41d1f2445/91e2adafab06d735fdd9e/low_1503755535_1081r24_edited.mp3","external_download":false,"application":null,"channel":{"id":2263643,"permalink":"pastmidnight","title":"PM","description":"🎵 TRACKS in TAGS 🎵  #pmcoub","followers_count":23824,"following_count":188,"avatar_versions":{"template":"https://coub-anubis-a.akamaized.net/coub_storage/channel/cw_avatar/6184e8f7646/6255a0a7a017c34b77b6e/%{version}_1635953570_PM_Ava_2021.10.png","versions":["medium","medium_2x","profile_pic","profile_pic_new","profile_pic_new_2x","tiny","tiny_2x","small","small_2x","ios_large","ios_small"]}},"file":null,"picture":"https://coub-anubis-a.akamaized.net/coub_storage/coub/simple/cw_image/fcd53da81dd/38bb29ba54a1a6cf09f17/1503755561_00032.jpg","timeline_picture":"https://coub-anubis-a.akamaized.net/coub_storage/coub/simple/cw_timeline_pic/7d60df259a2/99df43ec568ed50b17c34/ios_large_1503755560_image.jpg","small_picture":"https://coub-anubis-a.akamaized.net/coub_storage/coub/simple/cw_image/fcd53da81dd/38bb29ba54a1a6cf09f17/1503755561_00032.jpg","sharing_picture":null,"percent_done":100,"tags":[{"id":3188194,"title":"gotcoub","value":"gotcoub"},{"id":963476,"title":"night king","value":"night%20king"},{"id":4275,"title":"spear","value":"spear"},{"id":2035,"title":"fireworks","value":"fireworks"},{"id":76765,"title":"firework","value":"firework"},{"id":671035,"title":"katy perry - firework","value":"katy%20perry%20-%20firework"},{"id":69192,"title":"season 7","value":"season%207"},{"id":774,"title":"game of thrones","value":"game%20of%20thrones"},{"id":1702239,"title":"game of thrones season 7","value":"game%20of%20thrones%20season%207"},{"id":120878,"title":"s07e06","value":"s07e06"},{"id":3264206,"title":"season 7 episode 6","value":"season%207%20episode%206"},{"id":775,"title":"got","value":"got"},{"id":166135,"title":"white walkers","value":"white%20walkers"},{"id":4594,"title":"north","value":"north"},{"id":2734313,"title":"northen lights","value":"northen%20lights"},{"id":102323,"title":"фейерверк","value":"%D1%84%D0%B5%D0%B9%D0%B5%D1%80%D0%B2%D0%B5%D1%80%D0%BA"},{"id":81900,"title":"салют","value":"%D1%81%D0%B0%D0%BB%D1%8E%D1%82"},{"id":45511,"title":"игра престолов","value":"%D0%B8%D0%B3%D1%80%D0%B0%20%D0%BF%D1%80%D0%B5%D1%81%D1%82%D0%BE%D0%BB%D0%BE%D0%B2"},{"id":1820846,"title":"игра престолов 7 сезон","value":"%D0%B8%D0%B3%D1%80%D0%B0%20%D0%BF%D1%80%D0%B5%D1%81%D1%82%D0%BE%D0%BB%D0%BE%D0%B2%207%20%D1%81%D0%B5%D0%B7%D0%BE%D0%BD"},{"id":512568,"title":"кэти перри","value":"%D0%BA%D1%8D%D1%82%D0%B8%20%D0%BF%D0%B5%D1%80%D1%80%D0%B8"}],"categories":[{"id":37,"title":"Mashup","permalink":"mashup","subscriptions_count":10075240,"big_image_url":"https://coub-anubis-a.akamaized.net/coub_storage/category/cw_image/93ae83fbc3f/4d90453882a0f2e50dbc0/big_1544622036_Mashup.png","small_image_url":"https://coub-anubis-a.akamaized.net/coub_storage/category/cw_image/93ae83fbc3f/4d90453882a0f2e50dbc0/small_1544622036_Mashup.png","med_image_url":"https://coub-anubis-a.akamaized.net/coub_storage/category/cw_image/93ae83fbc3f/4d90453882a0f2e50dbc0/med_1544622036_Mashup.png","visible":true}],"communities":[{"id":37,"title":"Mashup","permalink":"mashup","subscriptions_count":10075240,"big_image_url":"https://coub-anubis-a.akamaized.net/coub_storage/category/cw_image/93ae83fbc3f/4d90453882a0f2e50dbc0/big_1544622036_Mashup.png","small_image_url":"https://coub-anubis-a.akamaized.net/coub_storage/category/cw_image/93ae83fbc3f/4d90453882a0f2e50dbc0/small_1544622036_Mashup.png","med_image_url":"https://coub-anubis-a.akamaized.net/coub_storage/category/cw_image/93ae83fbc3f/4d90453882a0f2e50dbc0/med_1544622036_Mashup.png","i_subscribed":true,"community_notifications_enabled":null,"description":null}],"recoubs_count":376,"remixes_count":5,"likes_count":1873,"dislikes_count":0,"raw_video_id":10155465,"uploaded_by_ios_app":false,"uploaded_by_android_app":false,"media_blocks":{"uploaded_raw_videos":[],"external_raw_videos":[],"remixed_from_coubs":[]},"raw_video_thumbnail_url":"/missing/missing.png","raw_video_title":"GOTCOUB_S07E06-Firework.mp4","video_block_banned":false,"duration":10.04,"promo_winner":false,"promo_winner_recoubers":null,"editorial_info":{},"promo_hint":null,"beeline_best_2014":null,"from_web_editor":true,"normalize_sound":false,"normalize_change_allowed":true,"best2015_addable":false,"ahmad_promo":null,"promo_data":null,"audio_copyright_claim":null,"ads_disabled":false,"is_safe_for_ads":true,"megafon_contents":[],"position_on_page":4},{"flag":null,"abuses":null,"recoubs_by_users_channels":null,"favourite":false,"promoted_id":null,"recoub":null,"like":null,"dislike":null,"reaction":null,"in_my_best2015":false,"id":46930991,"type":"Coub::Simple","permalink":"rhr32","title":"Joe and Sexy Nurses","visibility_type":"public","original_visibility_type":"public","channel_id":1584857,"created_at":"2017-01-28T21:31:27Z","updated_at":"2022-03-06T14:50:58Z","is_done":true,"views_count":269405,"cotd":null,"cotd_at":null,"visible_on_explore_root":true,"visible_on_explore":true,"featured":true,"published":true,"published_at":"2017-01-28T21:31:27Z","reversed":false,"from_editor_v2":true,"is_editable":true,"original_sound":false,"has_sound":false,"recoub_to":null,"file_versions":{"html5":{"video":{"higher":{"url":"https://coub-anubis-a.akamaized.net/coub_storage/coub/simple/cw_file/ff5f57026f4/23dd0ae744fe28fbaa14f/muted_mp4_huge_size_1568085983_muted_huge.mp4","size":1804320},"high":{"url":"https://coub-anubis-a.akamaized.net/coub_storage/coub/simple/cw_file/ff5f57026f4/23dd0ae744fe28fbaa14f/muted_mp4_big_size_1568085983_muted_big.mp4","size":1375985},"med":{"url":"https://coub-anubis-a.akamaized.net/coub_storage/coub/simple/cw_file/ff5f57026f4/23dd0ae744fe28fbaa14f/muted_mp4_med_size_1568085983_muted_med.mp4","size":341030}},"audio":{"high":{"url":"https://coub-anubis-a.akamaized.net/coub_storage/coub/simple/cw_looped_audio_high/f688c1423c4/63465e5d9063b685b2e3f/1605577589_high_1485639107_high.mp3","size":1610131},"med":{"url":"https://coub-anubis-a.akamaized.net/coub_storage/coub/simple/cw_looped_audio_med/244e6608dfa/a545ac8298b8f31965fd5/1605577588_med_1485639107_med.mp3","size":1511974}}},"mobile":{"video":"https://coub-anubis-a.akamaized.net/coub_storage/coub/simple/cw_file/ff5f57026f4/23dd0ae744fe28fbaa14f/muted_mp4_med_size_1568085983_muted_med.mp4","audio":["https://coub-anubis-a.akamaized.net/coub_storage/coub/simple/cw_looped_audio_med/244e6608dfa/a545ac8298b8f31965fd5/1605577588_med_1485639107_med.mp3"]},"share":{"default":"https://coub-anubis-a.akamaized.net/coub_storage/coub/simple/cw_video_for_sharing/20f6fc2d2a3/d2a56cb9e5606a8eeae65/1609373101_looped_1609373100.mp4"}},"audio_versions":{"template":"https://coub-anubis-a.akamaized.net/coub_storage/audio_track/cw_normalized_copy/ce82287bfb4/c966f43fb18597c894c2a/mid_1506816340_u50htt_normalized_1471248536_audio.mp3","versions":["mid","low"]},"image_versions":{"template":"https://coub-anubis-a.akamaized.net/coub_storage/coub/simple/cw_image/974685b7189/d760af467abba17b7298c/1485639115_00025.jpg","versions":["micro","tiny","age_restricted","ios_large","ios_mosaic","big","med","small","pinterest"]},"first_frame_versions":{"template":"https://coub-anubis-a.akamaized.net/coub_storage/coub/simple/cw_timeline_pic/11c4bf270a5/16a97db85fc1237ff54a9/1485639114_image.jpg","versions":["big","med","small","ios_large"]},"dimensions":{"big":[1280,720],"med":[640,360]},"site_w_h":[640,360],"page_w_h":[640,360],"site_w_h_small":[310,174],"size":[1280,720],"age_restricted":false,"age_restricted_by_admin":false,"not_safe_for_work":false,"allow_reuse":false,"dont_crop":false,"banned":false,"global_safe":true,"audio_file_url":"https://coub-anubis-a.akamaized.net/coub_storage/audio_track/cw_normalized_copy/ce82287bfb4/c966f43fb18597c894c2a/low_1506816340_u50htt_normalized_1471248536_audio.mp3","external_download":false,"application":null,"channel":{"id":1584857,"permalink":"chicago-tv","title":"Chicago TV","description":"Vive la Résistance!","followers_count":9360,"following_count":4957,"avatar_versions":{"template":"https://coub-anubis-a.akamaized.net/coub_storage/channel/cw_avatar/68f93df83ff/8fe0e475ecb0dc7951674/%{version}_1607423974_tjgaiu_1502733614_dr-evil_800.jpg","versions":["medium","medium_2x","profile_pic","profile_pic_new","profile_pic_new_2x","tiny","tiny_2x","small","small_2x","ios_large","ios_small"]}},"file":null,"picture":"https://coub-anubis-a.akamaized.net/coub_storage/coub/simple/cw_image/974685b7189/d760af467abba17b7298c/1485639115_00025.jpg","timeline_picture":"https://coub-anubis-a.akamaized.net/coub_storage/coub/simple/cw_timeline_pic/11c4bf270a5/16a97db85fc1237ff54a9/1485639114_image.jpg","small_picture":"https://coub-anubis-a.akamaized.net/coub_storage/coub/simple/cw_image/974685b7189/d760af467abba17b7298c/1485639115_00025.jpg","sharing_picture":null,"percent_done":100,"tags":[{"id":11136,"title":"medical","value":"medical"},{"id":845981,"title":"music amazing like","value":"music%20amazing%20like"},{"id":683999,"title":"girl girls beautiful sexy","value":"girl%20girls%20beautiful%20sexy"},{"id":8992,"title":"tv series","value":"tv%20series"},{"id":169,"title":"fun","value":"fun"},{"id":288361,"title":"hybrids","value":"hybrids"},{"id":192569,"title":"mashups","value":"mashups"}],"categories":[{"id":37,"title":"Mashup","permalink":"mashup","subscriptions_count":10075240,"big_image_url":"https://coub-anubis-a.akamaized.net/coub_storage/category/cw_image/93ae83fbc3f/4d90453882a0f2e50dbc0/big_1544622036_Mashup.png","small_image_url":"https://coub-anubis-a.akamaized.net/coub_storage/category/cw_image/93ae83fbc3f/4d90453882a0f2e50dbc0/small_1544622036_Mashup.png","med_image_url":"https://coub-anubis-a.akamaized.net/coub_storage/category/cw_image/93ae83fbc3f/4d90453882a0f2e50dbc0/med_1544622036_Mashup.png","visible":true}],"communities":[{"id":37,"title":"Mashup","permalink":"mashup","subscriptions_count":10075240,"big_image_url":"https://coub-anubis-a.akamaized.net/coub_storage/category/cw_image/93ae83fbc3f/4d90453882a0f2e50dbc0/big_1544622036_Mashup.png","small_image_url":"https://coub-anubis-a.akamaized.net/coub_storage/category/cw_image/93ae83fbc3f/4d90453882a0f2e50dbc0/small_1544622036_Mashup.png","med_image_url":"https://coub-anubis-a.akamaized.net/coub_storage/category/cw_image/93ae83fbc3f/4d90453882a0f2e50dbc0/med_1544622036_Mashup.png","i_subscribed":true,"community_notifications_enabled":null,"description":null}],"recoubs_count":407,"remixes_count":0,"likes_count":1873,"dislikes_count":0,"raw_video_id":"","uploaded_by_ios_app":false,"uploaded_by_android_app":false,"media_blocks":{"uploaded_raw_videos":[],"external_raw_videos":[],"remixed_from_coubs":[{"id":19713328,"title":"Joe and Sexy Nurses","url":"http://coub.com/coubs/rhr32/remix","image":"https://coub-anubis-a.akamaized.net/coub_storage/media_block/cw_image/8ea7f64f69c/a5694a8dc6285b3d610df/1492133975_1485639115_00025.jpg","image_retina":"https://coub-anubis-a.akamaized.net/coub_storage/media_block/cw_image/8ea7f64f69c/a5694a8dc6285b3d610df/1492133975_1485639115_00025.jpg","meta":{"duration":"7.84"},"duration":null,"coub_channel_title":"Chicago TV","coub_channel_permalink":"chicago-tv","coub_views_count":269405,"coub_permalink":"rhr32"}]},"raw_video_thumbnail_url":"","raw_video_title":"","video_block_banned":false,"duration":7.84,"promo_winner":false,"promo_winner_recoubers":null,"editorial_info":{},"promo_hint":null,"beeline_best_2014":null,"from_web_editor":true,"normalize_sound":true,"normalize_change_allowed":true,"best2015_addable":false,"ahmad_promo":null,"promo_data":null,"audio_copyright_claim":null,"ads_disabled":null,"is_safe_for_ads":true,"megafon_contents":[],"position_on_page":5},{"flag":null,"abuses":null,"recoubs_by_users_channels":null,"favourite":false,"promoted_id":null,"recoub":null,"like":null,"dislike":null,"reaction":null,"in_my_best2015":false,"id":164118908,"type":"Coub::Simple","permalink":"2pd5so","title":"Опять двойка...","visibility_type":"public","original_visibility_type":"public","channel_id":10909208,"created_at":"2021-02-21T16:18:09Z","updated_at":"2022-03-05T19:15:47Z","is_done":true,"views_count":121602,"cotd":null,"cotd_at":null,"visible_on_explore_root":false,"visible_on_explore":false,"featured":false,"published":true,"published_at":"2021-02-21T16:18:09Z","reversed":false,"from_editor_v2":true,"is_editable":true,"original_sound":false,"has_sound":false,"recoub_to":null,"file_versions":{"html5":{"video":{"higher":{"url":"https://coub-anubis-a.akamaized.net/coub_storage/coub/simple/cw_file/d2daaea1773/727865b97fa85c4953503/muted_mp4_huge_size_1613924294_muted_huge.mp4","size":2030076},"high":{"url":"https://coub-anubis-a.akamaized.net/coub_storage/coub/simple/cw_file/d2daaea1773/727865b97fa85c4953503/muted_mp4_big_size_1613924294_muted_big.mp4","size":1363574},"med":{"url":"https://coub-anubis-a.akamaized.net/coub_storage/coub/simple/cw_file/d2daaea1773/727865b97fa85c4953503/muted_mp4_med_size_1613924294_muted_med.mp4","size":530459}},"audio":{"high":{"url":"https://coub-anubis-a.akamaized.net/coub_storage/coub/simple/cw_looped_audio_high/97bf8f68b16/d1ad9bf6ebdf76921796d/1613924337_mp3-high.mp3","size":3314564},"med":{"url":"https://coub-anubis-a.akamaized.net/coub_storage/coub/simple/cw_looped_audio_med/16907e10e4d/6c0379f317a68c483c834/1613924334_mp3-med.mp3","size":2318103}}},"mobile":{"video":"https://coub-anubis-a.akamaized.net/coub_storage/coub/simple/cw_file/d2daaea1773/727865b97fa85c4953503/muted_mp4_med_size_1613924294_muted_med.mp4","audio":["https://coub-anubis-a.akamaized.net/coub_storage/coub/simple/cw_looped_audio_med/16907e10e4d/6c0379f317a68c483c834/1613924334_mp3-med.mp3"]},"share":{"default":"https://coub-anubis-a.akamaized.net/coub_storage/coub/simple/cw_video_for_sharing/fb8009a5066/5842817631da36fb2f1bc/1613924367_looped_1613924367.mp4"}},"audio_versions":{"template":"https://coub-anubis-a.akamaized.net/coub_storage/audio_track/cw_normalized_copy/42674566b3a/ac2f0c29f987a946c6d38/mid_1613924320_normalized_1613924300_1wmsca0_edited.mp3","versions":["mid","low"]},"image_versions":{"template":"https://coub-anubis-a.akamaized.net/coub_storage/coub/simple/cw_image/bb8f158ccef/367a825c8af1693f08011/%{version}_1613924342_00031.jpg","versions":["micro","tiny","age_restricted","ios_large","ios_mosaic","big","med","small","pinterest"]},"first_frame_versions":{"template":"https://coub-anubis-a.akamaized.net/coub_storage/coub/simple/cw_timeline_pic/77e6ddbb446/326e51fdc5eb35337a471/%{version}_1613924341_image.jpg","versions":["big","med","small","ios_large"]},"dimensions":{"big":[1280,716],"med":[640,358]},"site_w_h":[640,358],"page_w_h":[640,358],"site_w_h_small":[310,173],"size":[1280,716],"age_restricted":false,"age_restricted_by_admin":false,"not_safe_for_work":false,"allow_reuse":false,"dont_crop":true,"banned":false,"global_safe":null,"audio_file_url":"https://coub-anubis-a.akamaized.net/coub_storage/audio_track/cw_normalized_copy/42674566b3a/ac2f0c29f987a946c6d38/low_1613924320_normalized_1613924300_1wmsca0_edited.mp3","external_download":false,"application":null,"channel":{"id":10909208,"permalink":"joker1684","title":"Joker84","description":null,"followers_count":58,"following_count":99,"avatar_versions":{"template":"https://coub-anubis-a.akamaized.net/coub_storage/channel/cw_avatar/c55f8ac275b/b645a98fe3c245365e1bd/%{version}_1611472466_93181.jpg","versions":["medium","medium_2x","profile_pic","profile_pic_new","profile_pic_new_2x","tiny","tiny_2x","small","small_2x","ios_large","ios_small"]}},"file":null,"picture":"https://coub-anubis-a.akamaized.net/coub_storage/coub/simple/cw_image/bb8f158ccef/367a825c8af1693f08011/med_1613924342_00031.jpg","timeline_picture":"https://coub-anubis-a.akamaized.net/coub_storage/coub/simple/cw_timeline_pic/77e6ddbb446/326e51fdc5eb35337a471/ios_large_1613924341_image.jpg","small_picture":"https://coub-anubis-a.akamaized.net/coub_storage/coub/simple/cw_image/bb8f158ccef/367a825c8af1693f08011/ios_mosaic_1613924342_00031.jpg","sharing_picture":null,"percent_done":100,"tags":[],"categories":[{"id":37,"title":"Mashup","permalink":"mashup","subscriptions_count":10075240,"big_image_url":"https://coub-anubis-a.akamaized.net/coub_storage/category/cw_image/93ae83fbc3f/4d90453882a0f2e50dbc0/big_1544622036_Mashup.png","small_image_url":"https://coub-anubis-a.akamaized.net/coub_storage/category/cw_image/93ae83fbc3f/4d90453882a0f2e50dbc0/small_1544622036_Mashup.png","med_image_url":"https://coub-anubis-a.akamaized.net/coub_storage/category/cw_image/93ae83fbc3f/4d90453882a0f2e50dbc0/med_1544622036_Mashup.png","visible":true}],"communities":[{"id":37,"title":"Mashup","permalink":"mashup","subscriptions_count":10075240,"big_image_url":"https://coub-anubis-a.akamaized.net/coub_storage/category/cw_image/93ae83fbc3f/4d90453882a0f2e50dbc0/big_1544622036_Mashup.png","small_image_url":"https://coub-anubis-a.akamaized.net/coub_storage/category/cw_image/93ae83fbc3f/4d90453882a0f2e50dbc0/small_1544622036_Mashup.png","med_image_url":"https://coub-anubis-a.akamaized.net/coub_storage/category/cw_image/93ae83fbc3f/4d90453882a0f2e50dbc0/med_1544622036_Mashup.png","i_subscribed":true,"community_notifications_enabled":null,"description":null}],"recoubs_count":348,"remixes_count":0,"likes_count":1872,"dislikes_count":0,"raw_video_id":16194303,"uploaded_by_ios_app":false,"uploaded_by_android_app":false,"media_blocks":{"uploaded_raw_videos":[],"external_raw_videos":[],"remixed_from_coubs":[]},"raw_video_thumbnail_url":"https://coub-anubis-a.akamaized.net/coub_storage/raw_video/cw_image/69f95ba504c/4ad567749b25351fe45b8/coub_media_1613924154_image.jpg","raw_video_title":"1763-chto-zh-ty-neuch-to-takoj-karl.gif","video_block_banned":false,"duration":9.68,"promo_winner":false,"promo_winner_recoubers":null,"editorial_info":{},"promo_hint":null,"beeline_best_2014":null,"from_web_editor":true,"normalize_sound":true,"normalize_change_allowed":true,"best2015_addable":false,"ahmad_promo":null,"promo_data":null,"audio_copyright_claim":null,"ads_disabled":false,"is_safe_for_ads":true,"megafon_contents":[],"position_on_page":6},{"flag":null,"abuses":null,"recoubs_by_users_channels":null,"favourite":false,"promoted_id":null,"recoub":null,"like":null,"dislike":null,"reaction":null,"in_my_best2015":false,"id":127092187,"type":"Coub::Simple","permalink":"23a992","title":"BOOM","visibility_type":"public","original_visibility_type":"public","channel_id":1064514,"created_at":"2019-10-22T18:49:23Z","updated_at":"2022-03-15T22:21:30Z","is_done":true,"views_count":126658,"cotd":null,"cotd_at":null,"visible_on_explore_root":false,"visible_on_explore":false,"featured":false,"published":true,"published_at":"2019-10-22T18:49:23Z","reversed":false,"from_editor_v2":true,"is_editable":true,"original_sound":true,"has_sound":true,"recoub_to":null,"file_versions":{"html5":{"video":{"higher":{"url":"https://coub-anubis-a.akamaized.net/coub_storage/coub/simple/cw_file/457131d2e8f/d7fcf03416b3a32a48931/muted_mp4_huge_size_1571770168_muted_huge.mp4","size":2615885},"high":{"url":"https://coub-anubis-a.akamaized.net/coub_storage/coub/simple/cw_file/457131d2e8f/d7fcf03416b3a32a48931/muted_mp4_big_size_1571770168_muted_big.mp4","size":1826970},"med":{"url":"https://coub-anubis-a.akamaized.net/coub_storage/coub/simple/cw_file/457131d2e8f/d7fcf03416b3a32a48931/muted_mp4_med_size_1571770168_muted_med.mp4","size":599143}},"audio":{"high":{"url":"https://coub-anubis-a.akamaized.net/coub_storage/coub/simple/cw_looped_audio_high/3788239972e/7487af87de2540dc2df35/1605694684_high_1571770169_high.mp3","size":1096926},"med":{"url":"https://coub-anubis-a.akamaized.net/coub_storage/coub/simple/cw_looped_audio_med/24db74f8156/8cfdbbe5d659271297bae/1605694684_med_1571770169_med.mp3","size":833166},"sample_duration":8.707}},"mobile":{"video":"https://coub-anubis-a.akamaized.net/coub_storage/coub/simple/cw_file/457131d2e8f/d7fcf03416b3a32a48931/muted_mp4_med_size_1571770168_muted_med.mp4","audio":["https://coub-anubis-a.akamaized.net/coub_storage/coub/simple/cw_looped_audio_med/24db74f8156/8cfdbbe5d659271297bae/1605694684_med_1571770169_med.mp3"]},"share":{"default":"https://coub-anubis-a.akamaized.net/coub_storage/coub/simple/cw_video_for_sharing/29a6f65596a/86f3551ddf53e52be4790/1608417370_looped_1608417369.mp4"}},"audio_versions":{},"image_versions":{"template":"https://coub-anubis-a.akamaized.net/coub_storage/coub/simple/cw_image/8b33e03e67e/4bed3cceed4586ba8eb8e/1571770175_00028.jpg","versions":["micro","tiny","age_restricted","ios_large","ios_mosaic","big","med","small","pinterest"]},"first_frame_versions":{"template":"https://coub-anubis-a.akamaized.net/coub_storage/coub/simple/cw_timeline_pic/f3b4397324f/92648628acc424a89b81d/%{version}_1571770175_image.jpg","versions":["big","med","small","ios_large"]},"dimensions":{"big":[768,960],"med":[384,480]},"site_w_h":[320,400],"page_w_h":[400,500],"site_w_h_small":[310,388],"size":[768,960],"age_restricted":false,"age_restricted_by_admin":false,"not_safe_for_work":false,"allow_reuse":false,"dont_crop":false,"banned":false,"global_safe":true,"audio_file_url":null,"external_download":false,"application":null,"channel":{"id":1064514,"permalink":"polomuhely.hu","title":"polomuhely","description":null,"followers_count":28,"following_count":12,"avatar_versions":{"template":"https://coub-anubis-a.akamaized.net/coub_storage/channel/cw_avatar/7cbe30e4f36/e436c05ef8b22ecc73b43/%{version}_1608853189_1s1j2iz_1474657516_1miecz9_att-url-download.jpg","versions":["medium","medium_2x","profile_pic","profile_pic_new","profile_pic_new_2x","tiny","tiny_2x","small","small_2x","ios_large","ios_small"]}},"file":null,"picture":"https://coub-anubis-a.akamaized.net/coub_storage/coub/simple/cw_image/8b33e03e67e/4bed3cceed4586ba8eb8e/1571770175_00028.jpg","timeline_picture":"https://coub-anubis-a.akamaized.net/coub_storage/coub/simple/cw_timeline_pic/f3b4397324f/92648628acc424a89b81d/ios_large_1571770175_image.jpg","small_picture":"https://coub-anubis-a.akamaized.net/coub_storage/coub/simple/cw_image/8b33e03e67e/4bed3cceed4586ba8eb8e/1571770175_00028.jpg","sharing_picture":null,"percent_done":100,"tags":[{"id":3705959,"title":"pimposkefir","value":"pimposkefir"},{"id":2894,"title":"boom","value":"boom"},{"id":151037,"title":"michel jackson","value":"michel%20jackson"},{"id":43424,"title":"béla","value":"b%C3%A9la"}],"categories":[{"id":37,"title":"Mashup","permalink":"mashup","subscriptions_count":10075240,"big_image_url":"https://coub-anubis-a.akamaized.net/coub_storage/category/cw_image/93ae83fbc3f/4d90453882a0f2e50dbc0/big_1544622036_Mashup.png","small_image_url":"https://coub-anubis-a.akamaized.net/coub_storage/category/cw_image/93ae83fbc3f/4d90453882a0f2e50dbc0/small_1544622036_Mashup.png","med_image_url":"https://coub-anubis-a.akamaized.net/coub_storage/category/cw_image/93ae83fbc3f/4d90453882a0f2e50dbc0/med_1544622036_Mashup.png","visible":true}],"communities":[{"id":37,"title":"Mashup","permalink":"mashup","subscriptions_count":10075240,"big_image_url":"https://coub-anubis-a.akamaized.net/coub_storage/category/cw_image/93ae83fbc3f/4d90453882a0f2e50dbc0/big_1544622036_Mashup.png","small_image_url":"https://coub-anubis-a.akamaized.net/coub_storage/category/cw_image/93ae83fbc3f/4d90453882a0f2e50dbc0/small_1544622036_Mashup.png","med_image_url":"https://coub-anubis-a.akamaized.net/coub_storage/category/cw_image/93ae83fbc3f/4d90453882a0f2e50dbc0/med_1544622036_Mashup.png","i_subscribed":true,"community_notifications_enabled":null,"description":null}],"recoubs_count":356,"remixes_count":11,"likes_count":1872,"dislikes_count":0,"raw_video_id":14377217,"uploaded_by_ios_app":false,"uploaded_by_android_app":false,"media_blocks":{"uploaded_raw_videos":[],"external_raw_videos":[],"remixed_from_coubs":[]},"raw_video_thumbnail_url":"/missing/missing.png","raw_video_title":"Boom.mp4","video_block_banned":false,"duration":8.68,"promo_winner":false,"promo_winner_recoubers":null,"editorial_info":{},"promo_hint":null,"beeline_best_2014":null,"from_web_editor":true,"normalize_sound":true,"normalize_change_allowed":true,"best2015_addable":false,"ahmad_promo":null,"promo_data":null,"audio_copyright_claim":null,"ads_disabled":false,"is_safe_for_ads":true,"megafon_contents":[],"position_on_page":7},{"flag":null,"abuses":null,"recoubs_by_users_channels":null,"favourite":false,"promoted_id":null,"recoub":null,"like":null,"dislike":null,"reaction":null,"in_my_best2015":false,"id":92696907,"type":"Coub::Simple","permalink":"1is6lv","title":"No crime","visibility_type":"public","original_visibility_type":"public","channel_id":294438,"created_at":"2018-11-28T07:11:33Z","updated_at":"2022-03-16T05:41:44Z","is_done":true,"views_count":209972,"cotd":null,"cotd_at":null,"visible_on_explore_root":true,"visible_on_explore":true,"featured":true,"published":true,"published_at":"2018-11-28T07:13:42Z","reversed":false,"from_editor_v2":true,"is_editable":true,"original_sound":false,"has_sound":false,"recoub_to":null,"file_versions":{"html5":{"video":{"higher":{"url":"https://coub-anubis-a.akamaized.net/coub_storage/coub/simple/cw_file/200289c1af1/f6e3074409790785b4000/muted_mp4_huge_size_1573394744_muted_huge.mp4","size":3918335},"high":{"url":"https://coub-anubis-a.akamaized.net/coub_storage/coub/simple/cw_file/200289c1af1/f6e3074409790785b4000/muted_mp4_big_size_1573394744_muted_big.mp4","size":3351221},"med":{"url":"https://coub-anubis-a.akamaized.net/coub_storage/coub/simple/cw_file/200289c1af1/f6e3074409790785b4000/muted_mp4_med_size_1573394744_muted_med.mp4","size":602946}},"audio":{"high":{"url":"https://coub-anubis-a.akamaized.net/coub_storage/coub/simple/cw_looped_audio_high/5b2147a3c04/7bd173a1f86494fd4d418/1605658513_high_1543389185_high.mp3","size":4055407},"med":{"url":"https://coub-anubis-a.akamaized.net/coub_storage/coub/simple/cw_looped_audio_med/035a655ab40/5d9ef26b75b61fc0fb887/1605658513_med_1543389185_med.mp3","size":2873547}}},"mobile":{"video":"https://coub-anubis-a.akamaized.net/coub_storage/coub/simple/cw_file/200289c1af1/f6e3074409790785b4000/muted_mp4_med_size_1573394744_muted_med.mp4","audio":["https://coub-anubis-a.akamaized.net/coub_storage/coub/simple/cw_looped_audio_med/035a655ab40/5d9ef26b75b61fc0fb887/1605658513_med_1543389185_med.mp3"]},"share":{"default":"https://coub-anubis-a.akamaized.net/coub_storage/coub/simple/cw_video_for_sharing/16513a046e8/d00aeb274e641adf521c9/1615197684_looped_1615197683.mp4"}},"audio_versions":{"template":"https://coub-anubis-a.akamaized.net/coub_storage/audio_track/cw_file/294e47af72a/32ae9922fd259de218c55/mid_1543389162_eclhz2_edited.mp3","versions":["mid","low"]},"image_versions":{"template":"https://coub-anubis-a.akamaized.net/coub_storage/coub/simple/cw_image/304fe5783da/432657689f3feeccdbdd4/1543389198_00032.jpg","versions":["micro","tiny","age_restricted","ios_large","ios_mosaic","big","med","small","pinterest"]},"first_frame_versions":{"template":"https://coub-anubis-a.akamaized.net/coub_storage/coub/simple/cw_timeline_pic/1620f73b309/5e162c1503e6c813c30fb/%{version}_1543389198_image.jpg","versions":["big","med","small","ios_large"]},"dimensions":{"big":[1280,720],"med":[640,360]},"site_w_h":[640,360],"page_w_h":[640,360],"site_w_h_small":[310,174],"size":[1280,720],"age_restricted":false,"age_restricted_by_admin":false,"not_safe_for_work":false,"allow_reuse":false,"dont_crop":false,"banned":false,"global_safe":true,"audio_file_url":"https://coub-anubis-a.akamaized.net/coub_storage/audio_track/cw_file/294e47af72a/32ae9922fd259de218c55/low_1543389162_eclhz2_edited.mp3","external_download":false,"application":null,"channel":{"id":294438,"permalink":"evgentuz82","title":"ᴇᴠɢᴇɴᴛᴜᴢ 82","description":"телеграм t.me/Evgentuz82","followers_count":8400,"following_count":1982,"avatar_versions":{"template":"https://coub-anubis-a.akamaized.net/coub_storage/channel/cw_avatar/b17f57c0af4/6445724dcb831e6e1f74e/%{version}_1620624944_VfwMRHPVz1M.jpg","versions":["medium","medium_2x","profile_pic","profile_pic_new","profile_pic_new_2x","tiny","tiny_2x","small","small_2x","ios_large","ios_small"]}},"file":null,"picture":"https://coub-anubis-a.akamaized.net/coub_storage/coub/simple/cw_image/304fe5783da/432657689f3feeccdbdd4/1543389198_00032.jpg","timeline_picture":"https://coub-anubis-a.akamaized.net/coub_storage/coub/simple/cw_timeline_pic/1620f73b309/5e162c1503e6c813c30fb/ios_large_1543389198_image.jpg","small_picture":"https://coub-anubis-a.akamaized.net/coub_storage/coub/simple/cw_image/304fe5783da/432657689f3feeccdbdd4/1543389198_00032.jpg","sharing_picture":null,"percent_done":100,"tags":[{"id":5326,"title":"mashup","value":"mashup"},{"id":41698,"title":"hybrid","value":"hybrid"},{"id":61334,"title":"робокоп","value":"%D1%80%D0%BE%D0%B1%D0%BE%D0%BA%D0%BE%D0%BF"},{"id":483,"title":"robocop","value":"robocop"},{"id":73054,"title":"robocop 2","value":"robocop%202"},{"id":172217,"title":"робокоп 2","value":"%D1%80%D0%BE%D0%B1%D0%BE%D0%BA%D0%BE%D0%BF%202"},{"id":2662,"title":"pulp fiction","value":"pulp%20fiction"},{"id":4691,"title":"криминальное чтиво","value":"%D0%BA%D1%80%D0%B8%D0%BC%D0%B8%D0%BD%D0%B0%D0%BB%D1%8C%D0%BD%D0%BE%D0%B5%20%D1%87%D1%82%D0%B8%D0%B2%D0%BE"},{"id":41489,"title":"peter weller","value":"peter%20weller"},{"id":3460320,"title":"питер уэллер","value":"%D0%BF%D0%B8%D1%82%D0%B5%D1%80%20%D1%83%D1%8D%D0%BB%D0%BB%D0%B5%D1%80"},{"id":2683,"title":"bruce willis","value":"bruce%20willis"},{"id":16821,"title":"брюс уиллис","value":"%D0%B1%D1%80%D1%8E%D1%81%20%D1%83%D0%B8%D0%BB%D0%BB%D0%B8%D1%81"},{"id":246109,"title":"dance with the dead","value":"dance%20with%20the%20dead"},{"id":561812,"title":"blood moon","value":"blood%20moon"},{"id":4477529,"title":"никакое преступление","value":"%D0%BD%D0%B8%D0%BA%D0%B0%D0%BA%D0%BE%D0%B5%20%D0%BF%D1%80%D0%B5%D1%81%D1%82%D1%83%D0%BF%D0%BB%D0%B5%D0%BD%D0%B8%D0%B5"},{"id":6799,"title":"полиция","value":"%D0%BF%D0%BE%D0%BB%D0%B8%D1%86%D0%B8%D1%8F"},{"id":2236,"title":"police","value":"police"},{"id":4641,"title":"crime","value":"crime"}],"categories":[{"id":37,"title":"Mashup","permalink":"mashup","subscriptions_count":10075240,"big_image_url":"https://coub-anubis-a.akamaized.net/coub_storage/category/cw_image/93ae83fbc3f/4d90453882a0f2e50dbc0/big_1544622036_Mashup.png","small_image_url":"https://coub-anubis-a.akamaized.net/coub_storage/category/cw_image/93ae83fbc3f/4d90453882a0f2e50dbc0/small_1544622036_Mashup.png","med_image_url":"https://coub-anubis-a.akamaized.net/coub_storage/category/cw_image/93ae83fbc3f/4d90453882a0f2e50dbc0/med_1544622036_Mashup.png","visible":true}],"communities":[{"id":37,"title":"Mashup","permalink":"mashup","subscriptions_count":10075240,"big_image_url":"https://coub-anubis-a.akamaized.net/coub_storage/category/cw_image/93ae83fbc3f/4d90453882a0f2e50dbc0/big_1544622036_Mashup.png","small_image_url":"https://coub-anubis-a.akamaized.net/coub_storage/category/cw_image/93ae83fbc3f/4d90453882a0f2e50dbc0/small_1544622036_Mashup.png","med_image_url":"https://coub-anubis-a.akamaized.net/coub_storage/category/cw_image/93ae83fbc3f/4d90453882a0f2e50dbc0/med_1544622036_Mashup.png","i_subscribed":true,"community_notifications_enabled":null,"description":null}],"recoubs_count":281,"remixes_count":8,"likes_count":1872,"dislikes_count":0,"raw_video_id":12772937,"uploaded_by_ios_app":false,"uploaded_by_android_app":false,"media_blocks":{"uploaded_raw_videos":[],"external_raw_videos":[],"remixed_from_coubs":[]},"raw_video_thumbnail_url":"/missing/missing.png","raw_video_title":"8.mp4","video_block_banned":false,"duration":9.96,"promo_winner":false,"promo_winner_recoubers":null,"editorial_info":{},"promo_hint":null,"beeline_best_2014":null,"from_web_editor":true,"normalize_sound":false,"normalize_change_allowed":true,"best2015_addable":false,"ahmad_promo":null,"promo_data":null,"audio_copyright_claim":null,"ads_disabled":false,"is_safe_for_ads":true,"megafon_contents":[],"position_on_page":8},{"flag":null,"abuses":null,"recoubs_by_users_channels":null,"favourite":false,"promoted_id":null,"recoub":null,"like":null,"dislike":null,"reaction":null,"in_my_best2015":false,"id":90644686,"type":"Coub::Simple","permalink":"1hk734","title":"Бац!","visibility_type":"public","original_visibility_type":"public","channel_id":2362520,"created_at":"2018-11-08T08:22:34Z","updated_at":"2022-03-09T20:00:39Z","is_done":true,"views_count":106585,"cotd":null,"cotd_at":null,"visible_on_explore_root":false,"visible_on_explore":false,"featured":false,"published":true,"published_at":"2018-11-08T08:22:34Z","reversed":false,"from_editor_v2":true,"is_editable":true,"original_sound":true,"has_sound":true,"recoub_to":null,"file_versions":{"html5":{"video":{"higher":{"url":"https://coub-anubis-a.akamaized.net/coub_storage/coub/simple/cw_file/0bdad9801e2/f81d9eb6fafdd50553b40/muted_mp4_huge_size_1573299330_muted_huge.mp4","size":1797158},"high":{"url":"https://coub-anubis-a.akamaized.net/coub_storage/coub/simple/cw_file/0bdad9801e2/f81d9eb6fafdd50553b40/muted_mp4_big_size_1573299330_muted_big.mp4","size":1276968},"med":{"url":"https://coub-anubis-a.akamaized.net/coub_storage/coub/simple/cw_file/0bdad9801e2/f81d9eb6fafdd50553b40/muted_mp4_med_size_1573299330_muted_med.mp4","size":424314}},"audio":{"high":{"url":"https://coub-anubis-a.akamaized.net/coub_storage/coub/simple/cw_looped_audio_high/22c057c9bb6/ae8360861d8919af2c500/1605655095_high_1541665357_high.mp3","size":1069443},"med":{"url":"https://coub-anubis-a.akamaized.net/coub_storage/coub/simple/cw_looped_audio_med/96219b11b7d/ffb9320914a2c856c9525/1605655095_med_1541665357_med.mp3","size":911427},"sample_duration":9.613}},"mobile":{"video":"https://coub-anubis-a.akamaized.net/coub_storage/coub/simple/cw_file/0bdad9801e2/f81d9eb6fafdd50553b40/muted_mp4_med_size_1573299330_muted_med.mp4","audio":["https://coub-anubis-a.akamaized.net/coub_storage/coub/simple/cw_looped_audio_med/96219b11b7d/ffb9320914a2c856c9525/1605655095_med_1541665357_med.mp3"]},"share":{"default":"https://coub-anubis-a.akamaized.net/coub_storage/coub/simple/cw_video_for_sharing/d97efa6036d/2638d27a4063eee9ef1d7/1609340693_looped_1609340692.mp4"}},"audio_versions":{},"image_versions":{"template":"https://coub-anubis-a.akamaized.net/coub_storage/coub/simple/cw_image/b43f5a06a26/7a74be88a8c0191370c95/1541665362_00031.jpg","versions":["micro","tiny","age_restricted","ios_large","ios_mosaic","big","med","small","pinterest"]},"first_frame_versions":{"template":"https://coub-anubis-a.akamaized.net/coub_storage/coub/simple/cw_timeline_pic/0cc19d7eb04/976ed31618036b3b7696d/%{version}_1541665362_image.jpg","versions":["big","med","small","ios_large"]},"dimensions":{"big":[1280,722],"med":[640,360]},"site_w_h":[640,361],"page_w_h":[640,361],"site_w_h_small":[310,175],"size":[1280,722],"age_restricted":false,"age_restricted_by_admin":false,"not_safe_for_work":false,"allow_reuse":false,"dont_crop":false,"banned":false,"global_safe":false,"audio_file_url":null,"external_download":false,"application":null,"channel":{"id":2362520,"permalink":"vlad-dovlatov6","title":"Vlad Dovlatov","description":null,"followers_count":62,"following_count":23,"avatar_versions":{"template":"https://coub-anubis-a.akamaized.net/coub_storage/channel/cw_avatar/03266e594e6/b73fa7e2dd211836457d1/%{version}_1609540608_3wgtly_1474580557_1j1r5ox_1557686531220478.jpg","versions":["medium","medium_2x","profile_pic","profile_pic_new","profile_pic_new_2x","tiny","tiny_2x","small","small_2x","ios_large","ios_small"]}},"file":null,"picture":"https://coub-anubis-a.akamaized.net/coub_storage/coub/simple/cw_image/b43f5a06a26/7a74be88a8c0191370c95/1541665362_00031.jpg","timeline_picture":"https://coub-anubis-a.akamaized.net/coub_storage/coub/simple/cw_timeline_pic/0cc19d7eb04/976ed31618036b3b7696d/ios_large_1541665362_image.jpg","small_picture":"https://coub-anubis-a.akamaized.net/coub_storage/coub/simple/cw_image/b43f5a06a26/7a74be88a8c0191370c95/1541665362_00031.jpg","sharing_picture":null,"percent_done":100,"tags":[{"id":73,"title":"путин","value":"%D0%BF%D1%83%D1%82%D0%B8%D0%BD"},{"id":175165,"title":"бац","value":"%D0%B1%D0%B0%D1%86"},{"id":1068260,"title":"хуже уже не будет","value":"%D1%85%D1%83%D0%B6%D0%B5%20%D1%83%D0%B6%D0%B5%20%D0%BD%D0%B5%20%D0%B1%D1%83%D0%B4%D0%B5%D1%82"},{"id":640,"title":"putin","value":"putin"},{"id":5279,"title":"bang","value":"bang"},{"id":64674,"title":"promises","value":"promises"},{"id":195,"title":"russia","value":"russia"},{"id":1265,"title":"россия","value":"%D1%80%D0%BE%D1%81%D1%81%D0%B8%D1%8F"}],"categories":[{"id":37,"title":"Mashup","permalink":"mashup","subscriptions_count":10075240,"big_image_url":"https://coub-anubis-a.akamaized.net/coub_storage/category/cw_image/93ae83fbc3f/4d90453882a0f2e50dbc0/big_1544622036_Mashup.png","small_image_url":"https://coub-anubis-a.akamaized.net/coub_storage/category/cw_image/93ae83fbc3f/4d90453882a0f2e50dbc0/small_1544622036_Mashup.png","med_image_url":"https://coub-anubis-a.akamaized.net/coub_storage/category/cw_image/93ae83fbc3f/4d90453882a0f2e50dbc0/med_1544622036_Mashup.png","visible":true}],"communities":[{"id":37,"title":"Mashup","permalink":"mashup","subscriptions_count":10075240,"big_image_url":"https://coub-anubis-a.akamaized.net/coub_storage/category/cw_image/93ae83fbc3f/4d90453882a0f2e50dbc0/big_1544622036_Mashup.png","small_image_url":"https://coub-anubis-a.akamaized.net/coub_storage/category/cw_image/93ae83fbc3f/4d90453882a0f2e50dbc0/small_1544622036_Mashup.png","med_image_url":"https://coub-anubis-a.akamaized.net/coub_storage/category/cw_image/93ae83fbc3f/4d90453882a0f2e50dbc0/med_1544622036_Mashup.png","i_subscribed":true,"community_notifications_enabled":null,"description":null}],"recoubs_count":378,"remixes_count":2,"likes_count":1872,"dislikes_count":0,"raw_video_id":12664924,"uploaded_by_ios_app":false,"uploaded_by_android_app":false,"media_blocks":{"uploaded_raw_videos":[],"external_raw_videos":[],"remixed_from_coubs":[]},"raw_video_thumbnail_url":"/missing/missing.png","raw_video_title":"___.mp4","video_block_banned":false,"duration":9.6,"promo_winner":false,"promo_winner_recoubers":null,"editorial_info":{},"promo_hint":null,"beeline_best_2014":null,"from_web_editor":true,"normalize_sound":true,"normalize_change_allowed":true,"best2015_addable":false,"ahmad_promo":null,"promo_data":null,"audio_copyright_claim":null,"ads_disabled":false,"is_safe_for_ads":true,"megafon_contents":[],"position_on_page":9},{"flag":null,"abuses":null,"recoubs_by_users_channels":null,"favourite":false,"promoted_id":null,"recoub":null,"like":null,"dislike":null,"reaction":null,"in_my_best2015":false,"id":81199226,"type":"Coub::Simple","permalink":"1bxqv4","title":"Interference","visibility_type":"public","original_visibility_type":"public","channel_id":1665041,"created_at":"2018-08-01T19:35:15Z","updated_at":"2022-03-08T08:58:19Z","is_done":true,"views_count":204931,"cotd":null,"cotd_at":null,"visible_on_explore_root":true,"visible_on_explore":true,"featured":true,"published":true,"published_at":"2018-08-01T19:35:15Z","reversed":false,"from_editor_v2":true,"is_editable":true,"original_sound":true,"has_sound":true,"recoub_to":null,"file_versions":{"html5":{"video":{"higher":{"url":"https://coub-anubis-a.akamaized.net/coub_storage/coub/simple/cw_file/b7e21bc1d68/fdfa5aa5b00ee4b3795c5/muted_mp4_huge_size_1568264710_muted_huge.mp4","size":955929},"high":{"url":"https://coub-anubis-a.akamaized.net/coub_storage/coub/simple/cw_file/b7e21bc1d68/fdfa5aa5b00ee4b3795c5/muted_mp4_big_size_1568264710_muted_big.mp4","size":734538},"med":{"url":"https://coub-anubis-a.akamaized.net/coub_storage/coub/simple/cw_file/b7e21bc1d68/fdfa5aa5b00ee4b3795c5/muted_mp4_med_size_1568264710_muted_med.mp4","size":195471}},"audio":{"high":{"url":"https://coub-anubis-a.akamaized.net/coub_storage/coub/simple/cw_looped_audio_high/256389d6bce/04d073534fc381aa0a980/1605614984_high_1533230639_high.mp3","size":1063345},"med":{"url":"https://coub-anubis-a.akamaized.net/coub_storage/coub/simple/cw_looped_audio_med/85195e2a9ad/dc52417bcd24ff62e247d/1605614984_med_1533230639_med.mp3","size":931592},"sample_duration":5.874}},"mobile":{"video":"https://coub-anubis-a.akamaized.net/coub_storage/coub/simple/cw_file/b7e21bc1d68/fdfa5aa5b00ee4b3795c5/muted_mp4_med_size_1568264710_muted_med.mp4","audio":["https://coub-anubis-a.akamaized.net/coub_storage/coub/simple/cw_looped_audio_med/85195e2a9ad/dc52417bcd24ff62e247d/1605614984_med_1533230639_med.mp3"]},"share":{"default":"https://coub-anubis-a.akamaized.net/coub_storage/coub/simple/cw_video_for_sharing/5d19526cb18/e00ce8f2870b4910e34bc/1609263987_looped_1609263986.mp4"}},"audio_versions":{},"image_versions":{"template":"https://coub-anubis-a.akamaized.net/coub_storage/coub/simple/cw_image/7edf0814a56/e95548899cf9a78eb8153/1533230644_00019.jpg","versions":["micro","tiny","age_restricted","ios_large","ios_mosaic","big","med","small","pinterest"]},"first_frame_versions":{"template":"https://coub-anubis-a.akamaized.net/coub_storage/coub/simple/cw_timeline_pic/6a0a475620f/13354bf219d0237a924ec/%{version}_1533230644_image.jpg","versions":["big","med","small","ios_large"]},"dimensions":{"big":[1280,536],"med":[640,268]},"site_w_h":[640,268],"page_w_h":[640,268],"site_w_h_small":[310,130],"size":[1280,536],"age_restricted":false,"age_restricted_by_admin":false,"not_safe_for_work":false,"allow_reuse":false,"dont_crop":false,"banned":false,"global_safe":true,"audio_file_url":null,"external_download":false,"application":null,"channel":{"id":1665041,"permalink":"couboy17","title":"Couboy","description":null,"followers_count":9661,"following_count":13,"avatar_versions":{"template":"https://coub-anubis-a.akamaized.net/coub_storage/channel/cw_avatar/1ac4cca29db/9a2fd5f9d706f34c5cee3/%{version}_1607420386_1f5r0z8_1476444266_______________Majorno.Ru___3_1.jpg","versions":["medium","medium_2x","profile_pic","profile_pic_new","profile_pic_new_2x","tiny","tiny_2x","small","small_2x","ios_large","ios_small"]}},"file":null,"picture":"https://coub-anubis-a.akamaized.net/coub_storage/coub/simple/cw_image/7edf0814a56/e95548899cf9a78eb8153/1533230644_00019.jpg","timeline_picture":"https://coub-anubis-a.akamaized.net/coub_storage/coub/simple/cw_timeline_pic/6a0a475620f/13354bf219d0237a924ec/ios_large_1533230644_image.jpg","small_picture":"https://coub-anubis-a.akamaized.net/coub_storage/coub/simple/cw_image/7edf0814a56/e95548899cf9a78eb8153/1533230644_00019.jpg","sharing_picture":null,"percent_done":100,"tags":[{"id":3990184,"title":"trailerbattle","value":"trailerbattle"}],"categories":[{"id":37,"title":"Mashup","permalink":"mashup","subscriptions_count":10075240,"big_image_url":"https://coub-anubis-a.akamaized.net/coub_storage/category/cw_image/93ae83fbc3f/4d90453882a0f2e50dbc0/big_1544622036_Mashup.png","small_image_url":"https://coub-anubis-a.akamaized.net/coub_storage/category/cw_image/93ae83fbc3f/4d90453882a0f2e50dbc0/small_1544622036_Mashup.png","med_image_url":"https://coub-anubis-a.akamaized.net/coub_storage/category/cw_image/93ae83fbc3f/4d90453882a0f2e50dbc0/med_1544622036_Mashup.png","visible":true}],"communities":[{"id":37,"title":"Mashup","permalink":"mashup","subscriptions_count":10075240,"big_image_url":"https://coub-anubis-a.akamaized.net/coub_storage/category/cw_image/93ae83fbc3f/4d90453882a0f2e50dbc0/big_1544622036_Mashup.png","small_image_url":"https://coub-anubis-a.akamaized.net/coub_storage/category/cw_image/93ae83fbc3f/4d90453882a0f2e50dbc0/small_1544622036_Mashup.png","med_image_url":"https://coub-anubis-a.akamaized.net/coub_storage/category/cw_image/93ae83fbc3f/4d90453882a0f2e50dbc0/med_1544622036_Mashup.png","i_subscribed":true,"community_notifications_enabled":null,"description":null}],"recoubs_count":314,"remixes_count":1,"likes_count":1872,"dislikes_count":0,"raw_video_id":12132540,"uploaded_by_ios_app":false,"uploaded_by_android_app":false,"media_blocks":{"uploaded_raw_videos":[],"external_raw_videos":[],"remixed_from_coubs":[]},"raw_video_thumbnail_url":"/missing/missing.png","raw_video_title":"Untitled.mp4","video_block_banned":false,"duration":5.92,"promo_winner":false,"promo_winner_recoubers":null,"editorial_info":{},"promo_hint":null,"beeline_best_2014":null,"from_web_editor":true,"normalize_sound":false,"normalize_change_allowed":true,"best2015_addable":false,"ahmad_promo":null,"promo_data":null,"audio_copyright_claim":null,"ads_disabled":false,"is_safe_for_ads":true,"megafon_contents":[],"position_on_page":10}]}