{"page":420,"per_page":10,"total_pages":500,"coubs":[{"flag":null,"abuses":null,"recoubs_by_users_channels":null,"favourite":false,"promoted_id":null,"recoub":null,"like":null,"dislike":null,"reaction":null,"in_my_best2015":false,"id":122141071,"type":"Coub::Simple","permalink":"20bhra","title":"Star Shower!","visibility_type":"public","original_visibility_type":"public","channel_id":2263643,"created_at":"2019-08-28T16:02:20Z","updated_at":"2022-03-10T19:26:53Z","is_done":true,"views_count":199241,"cotd":null,"cotd_at":null,"visible_on_explore_root":true,"visible_on_explore":true,"featured":true,"published":true,"published_at":"2019-08-28T16:05:52Z","reversed":false,"from_editor_v2":true,"is_editable":true,"original_sound":false,"has_sound":false,"recoub_to":null,"file_versions":{"html5":{"video":{"higher":{"url":"https://coub-anubis-a.akamaized.net/coub_storage/coub/simple/cw_file/ca828dca340/f6f27519c880260dc2aa9/muted_mp4_huge_size_1567008147_muted_huge.mp4","size":2277433},"high":{"url":"https://coub-anubis-a.akamaized.net/coub_storage/coub/simple/cw_file/ca828dca340/f6f27519c880260dc2aa9/muted_mp4_big_size_1567008147_muted_big.mp4","size":1637203},"med":{"url":"https://coub-anubis-a.akamaized.net/coub_storage/coub/simple/cw_file/ca828dca340/f6f27519c880260dc2aa9/muted_mp4_med_size_1567008147_muted_med.mp4","size":526398}},"audio":{"high":{"url":"https://coub-anubis-a.akamaized.net/coub_storage/coub/simple/cw_looped_audio_high/374f4d55849/a4d166a65de0a8270def0/1605687875_high_1567008155_high.mp3","size":1149468},"med":{"url":"https://coub-anubis-a.akamaized.net/coub_storage/coub/simple/cw_looped_audio_med/13a6737330b/4552d88971fbfded7af39/1605687875_med_1567008155_med.mp3","size":884668}}},"mobile":{"video":"https://coub-anubis-a.akamaized.net/coub_storage/coub/simple/cw_file/ca828dca340/f6f27519c880260dc2aa9/muted_mp4_med_size_1567008147_muted_med.mp4","audio":["https://coub-anubis-a.akamaized.net/coub_storage/coub/simple/cw_looped_audio_med/13a6737330b/4552d88971fbfded7af39/1605687875_med_1567008155_med.mp3"]},"share":{"default":"https://coub-anubis-a.akamaized.net/coub_storage/coub/simple/cw_video_for_sharing/3a2a47ae240/26a700e23b2c47fc9b6e9/1620428396_looped_1620428395.mp4"}},"audio_versions":{"template":"https://coub-anubis-a.akamaized.net/coub_storage/audio_track/cw_file/6ed7e1de86e/c423457fe1087baad1b58/mid_1567008148_1iv8gvr_edited.mp3","versions":["mid","low"]},"image_versions":{"template":"https://coub-anubis-a.akamaized.net/coub_storage/coub/simple/cw_image/07399e044a6/cf1d3e4eafbb77a529270/1567008161_00022.jpg","versions":["micro","tiny","age_restricted","ios_large","ios_mosaic","big","med","small","pinterest"]},"first_frame_versions":{"template":"https://coub-anubis-a.akamaized.net/coub_storage/coub/simple/cw_timeline_pic/c4bd60b5adc/6848828c8be6fcb73a384/%{version}_1567008161_image.jpg","versions":["big","med","small","ios_large"]},"dimensions":{"big":[1280,720],"med":[640,360]},"site_w_h":[640,360],"page_w_h":[640,360],"site_w_h_small":[310,174],"size":[1280,720],"age_restricted":false,"age_restricted_by_admin":false,"not_safe_for_work":false,"allow_reuse":false,"dont_crop":false,"banned":false,"global_safe":true,"audio_file_url":"https://coub-anubis-a.akamaized.net/coub_storage/audio_track/cw_file/6ed7e1de86e/c423457fe1087baad1b58/low_1567008148_1iv8gvr_edited.mp3","external_download":false,"application":null,"channel":{"id":2263643,"permalink":"pastmidnight","title":"PM","description":"🎵 TRACKS in TAGS 🎵  #pmcoub","followers_count":23824,"following_count":188,"avatar_versions":{"template":"https://coub-anubis-a.akamaized.net/coub_storage/channel/cw_avatar/6184e8f7646/6255a0a7a017c34b77b6e/%{version}_1635953570_PM_Ava_2021.10.png","versions":["medium","medium_2x","profile_pic","profile_pic_new","profile_pic_new_2x","tiny","tiny_2x","small","small_2x","ios_large","ios_small"]}},"file":null,"picture":"https://coub-anubis-a.akamaized.net/coub_storage/coub/simple/cw_image/07399e044a6/cf1d3e4eafbb77a529270/1567008161_00022.jpg","timeline_picture":"https://coub-anubis-a.akamaized.net/coub_storage/coub/simple/cw_timeline_pic/c4bd60b5adc/6848828c8be6fcb73a384/ios_large_1567008161_image.jpg","small_picture":"https://coub-anubis-a.akamaized.net/coub_storage/coub/simple/cw_image/07399e044a6/cf1d3e4eafbb77a529270/1567008161_00022.jpg","sharing_picture":null,"percent_done":100,"tags":[{"id":5326,"title":"mashup","value":"mashup"},{"id":192569,"title":"mashups","value":"mashups"},{"id":288361,"title":"hybrids","value":"hybrids"},{"id":3358469,"title":"pmcoub","value":"pmcoub"},{"id":759,"title":"star wars","value":"star%20wars"},{"id":608,"title":"the shining","value":"the%20shining"},{"id":256302,"title":"good timing","value":"good%20timing"},{"id":39840,"title":"music coub","value":"music%20coub"},{"id":4850381,"title":"star wars: the rise of skywalker","value":"star%20wars:%20the%20rise%20of%20skywalker"},{"id":4852321,"title":"star wars the rise of skywalker","value":"star%20wars%20the%20rise%20of%20skywalker"},{"id":615544,"title":"daisy ridley","value":"daisy%20ridley"},{"id":8564,"title":"rey","value":"rey"},{"id":607,"title":"jack nicholson","value":"jack%20nicholson"},{"id":5999,"title":"shower","value":"shower"},{"id":5171382,"title":"disco shower","value":"disco%20shower"},{"id":174,"title":"funny","value":"funny"},{"id":15617,"title":"door","value":"door"},{"id":15320,"title":"bathroom","value":"bathroom"},{"id":9483,"title":"knock knock","value":"knock%20knock"},{"id":2246647,"title":"little pig let me in","value":"little%20pig%20let%20me%20in"},{"id":5171383,"title":"jonas brothers - sucker","value":"jonas%20brothers%20-%20sucker"}],"categories":[{"id":37,"title":"Mashup","permalink":"mashup","subscriptions_count":10075240,"big_image_url":"https://coub-anubis-a.akamaized.net/coub_storage/category/cw_image/93ae83fbc3f/4d90453882a0f2e50dbc0/big_1544622036_Mashup.png","small_image_url":"https://coub-anubis-a.akamaized.net/coub_storage/category/cw_image/93ae83fbc3f/4d90453882a0f2e50dbc0/small_1544622036_Mashup.png","med_image_url":"https://coub-anubis-a.akamaized.net/coub_storage/category/cw_image/93ae83fbc3f/4d90453882a0f2e50dbc0/med_1544622036_Mashup.png","visible":true}],"communities":[{"id":37,"title":"Mashup","permalink":"mashup","subscriptions_count":10075240,"big_image_url":"https://coub-anubis-a.akamaized.net/coub_storage/category/cw_image/93ae83fbc3f/4d90453882a0f2e50dbc0/big_1544622036_Mashup.png","small_image_url":"https://coub-anubis-a.akamaized.net/coub_storage/category/cw_image/93ae83fbc3f/4d90453882a0f2e50dbc0/small_1544622036_Mashup.png","med_image_url":"https://coub-anubis-a.akamaized.net/coub_storage/category/cw_image/93ae83fbc3f/4d90453882a0f2e50dbc0/med_1544622036_Mashup.png","i_subscribed":true,"community_notifications_enabled":null,"description":null}],"recoubs_count":293,"remixes_count":0,"likes_count":1834,"dislikes_count":0,"raw_video_id":14157310,"uploaded_by_ios_app":false,"uploaded_by_android_app":false,"media_blocks":{"uploaded_raw_videos":[],"external_raw_videos":[],"remixed_from_coubs":[]},"raw_video_thumbnail_url":"/missing/missing.png","raw_video_title":"Star_Shower.mp4","video_block_banned":false,"duration":6.96,"promo_winner":false,"promo_winner_recoubers":null,"editorial_info":{},"promo_hint":null,"beeline_best_2014":null,"from_web_editor":true,"normalize_sound":false,"normalize_change_allowed":false,"best2015_addable":false,"ahmad_promo":null,"promo_data":null,"audio_copyright_claim":null,"ads_disabled":false,"is_safe_for_ads":true,"megafon_contents":[],"position_on_page":1},{"flag":null,"abuses":null,"recoubs_by_users_channels":null,"favourite":false,"promoted_id":null,"recoub":null,"like":null,"dislike":null,"reaction":null,"in_my_best2015":false,"id":105204496,"type":"Coub::Simple","permalink":"1q89le","title":"7 reasons why","visibility_type":"public","original_visibility_type":"public","channel_id":75880,"created_at":"2019-03-13T11:21:40Z","updated_at":"2022-03-06T23:26:42Z","is_done":true,"views_count":224332,"cotd":null,"cotd_at":null,"visible_on_explore_root":true,"visible_on_explore":true,"featured":true,"published":true,"published_at":"2019-03-13T15:21:00Z","reversed":false,"from_editor_v2":true,"is_editable":true,"original_sound":false,"has_sound":false,"recoub_to":null,"file_versions":{"html5":{"video":{"higher":{"url":"https://coub-anubis-a.akamaized.net/coub_storage/coub/simple/cw_file/fe921a31fd6/4065c2f6da8f377f7ceb8/muted_mp4_huge_size_1569355894_muted_huge.mp4","size":2296381},"high":{"url":"https://coub-anubis-a.akamaized.net/coub_storage/coub/simple/cw_file/fe921a31fd6/4065c2f6da8f377f7ceb8/muted_mp4_big_size_1569355894_muted_big.mp4","size":1732626},"med":{"url":"https://coub-anubis-a.akamaized.net/coub_storage/coub/simple/cw_file/fe921a31fd6/4065c2f6da8f377f7ceb8/muted_mp4_med_size_1569355894_muted_med.mp4","size":465182}},"audio":{"high":{"url":"https://coub-anubis-a.akamaized.net/coub_storage/coub/simple/cw_looped_audio_high/c27ea323e08/cba6684223c2781fb35dc/1605677629_high_1552487856_high.mp3","size":1172960},"med":{"url":"https://coub-anubis-a.akamaized.net/coub_storage/coub/simple/cw_looped_audio_med/863e1b00498/f3fa402b898a4e66ca132/1605677629_med_1552487856_med.mp3","size":856518}}},"mobile":{"video":"https://coub-anubis-a.akamaized.net/coub_storage/coub/simple/cw_file/fe921a31fd6/4065c2f6da8f377f7ceb8/muted_mp4_med_size_1569355894_muted_med.mp4","audio":["https://coub-anubis-a.akamaized.net/coub_storage/coub/simple/cw_looped_audio_med/863e1b00498/f3fa402b898a4e66ca132/1605677629_med_1552487856_med.mp3"]},"share":{"default":"https://coub-anubis-a.akamaized.net/coub_storage/coub/simple/cw_video_for_sharing/5d748900164/a16271b3adb46db14a391/1612949623_looped_1612949623.mp4"}},"audio_versions":{"template":"https://coub-anubis-a.akamaized.net/coub_storage/audio_track/cw_file/5ae869e246d/70e4b4e8846404b42cd20/mid_1552486676_audio.mp3","versions":["mid","low"]},"image_versions":{"template":"https://coub-anubis-a.akamaized.net/coub_storage/coub/simple/cw_image/3a93d882ac0/71a08efd716c433bcefe1/1552487862_00029.jpg","versions":["micro","tiny","age_restricted","ios_large","ios_mosaic","big","med","small","pinterest"]},"first_frame_versions":{"template":"https://coub-anubis-a.akamaized.net/coub_storage/coub/simple/cw_timeline_pic/2e47d5ca475/b24769646413c6f7f41a2/%{version}_1552487862_image.jpg","versions":["big","med","small","ios_large"]},"dimensions":{"big":[1280,534],"med":[640,266]},"site_w_h":[640,267],"page_w_h":[640,267],"site_w_h_small":[310,129],"size":[1280,534],"age_restricted":false,"age_restricted_by_admin":false,"not_safe_for_work":false,"allow_reuse":false,"dont_crop":false,"banned":false,"global_safe":true,"audio_file_url":"https://coub-anubis-a.akamaized.net/coub_storage/audio_track/cw_file/5ae869e246d/70e4b4e8846404b42cd20/low_1552486676_audio.mp3","external_download":false,"application":null,"channel":{"id":75880,"permalink":"mosaic-del-master","title":"mozaichnyh del master","description":null,"followers_count":45506,"following_count":24,"avatar_versions":{"template":"https://coub-anubis-a.akamaized.net/coub_storage/channel/cw_avatar/df4183cb8fc/04af838202009a5dbfa5e/%{version}_1546860848_Daragon_7.jpg","versions":["medium","medium_2x","profile_pic","profile_pic_new","profile_pic_new_2x","tiny","tiny_2x","small","small_2x","ios_large","ios_small"]}},"file":null,"picture":"https://coub-anubis-a.akamaized.net/coub_storage/coub/simple/cw_image/3a93d882ac0/71a08efd716c433bcefe1/1552487862_00029.jpg","timeline_picture":"https://coub-anubis-a.akamaized.net/coub_storage/coub/simple/cw_timeline_pic/2e47d5ca475/b24769646413c6f7f41a2/ios_large_1552487862_image.jpg","small_picture":"https://coub-anubis-a.akamaized.net/coub_storage/coub/simple/cw_image/3a93d882ac0/71a08efd716c433bcefe1/1552487862_00029.jpg","sharing_picture":null,"percent_done":100,"tags":[],"categories":[{"id":37,"title":"Mashup","permalink":"mashup","subscriptions_count":10075240,"big_image_url":"https://coub-anubis-a.akamaized.net/coub_storage/category/cw_image/93ae83fbc3f/4d90453882a0f2e50dbc0/big_1544622036_Mashup.png","small_image_url":"https://coub-anubis-a.akamaized.net/coub_storage/category/cw_image/93ae83fbc3f/4d90453882a0f2e50dbc0/small_1544622036_Mashup.png","med_image_url":"https://coub-anubis-a.akamaized.net/coub_storage/category/cw_image/93ae83fbc3f/4d90453882a0f2e50dbc0/med_1544622036_Mashup.png","visible":true}],"communities":[{"id":37,"title":"Mashup","permalink":"mashup","subscriptions_count":10075240,"big_image_url":"https://coub-anubis-a.akamaized.net/coub_storage/category/cw_image/93ae83fbc3f/4d90453882a0f2e50dbc0/big_1544622036_Mashup.png","small_image_url":"https://coub-anubis-a.akamaized.net/coub_storage/category/cw_image/93ae83fbc3f/4d90453882a0f2e50dbc0/small_1544622036_Mashup.png","med_image_url":"https://coub-anubis-a.akamaized.net/coub_storage/category/cw_image/93ae83fbc3f/4d90453882a0f2e50dbc0/med_1544622036_Mashup.png","i_subscribed":true,"community_notifications_enabled":null,"description":null}],"recoubs_count":277,"remixes_count":0,"likes_count":1834,"dislikes_count":0,"raw_video_id":13367354,"uploaded_by_ios_app":false,"uploaded_by_android_app":false,"media_blocks":{"uploaded_raw_videos":[],"external_raw_videos":[],"remixed_from_coubs":[]},"raw_video_thumbnail_url":"/missing/missing.png","raw_video_title":"Clip_Se7en.1995.BD.Rip.720p.h264.Rus.Eng__157381_14-09-30_.AVI","video_block_banned":false,"duration":8.96,"promo_winner":false,"promo_winner_recoubers":null,"editorial_info":{},"promo_hint":null,"beeline_best_2014":null,"from_web_editor":true,"normalize_sound":false,"normalize_change_allowed":true,"best2015_addable":false,"ahmad_promo":null,"promo_data":null,"audio_copyright_claim":null,"ads_disabled":false,"is_safe_for_ads":true,"megafon_contents":[],"position_on_page":2},{"flag":null,"abuses":null,"recoubs_by_users_channels":null,"favourite":false,"promoted_id":null,"recoub":null,"like":null,"dislike":null,"reaction":null,"in_my_best2015":false,"id":21986036,"type":"Coub::Simple","permalink":"cn39u","title":"Snoop Dogg vs Bones","visibility_type":"public","original_visibility_type":"public","channel_id":314223,"created_at":"2016-05-27T15:22:03Z","updated_at":"2022-03-05T23:52:58Z","is_done":true,"views_count":81508,"cotd":null,"cotd_at":null,"visible_on_explore_root":true,"visible_on_explore":true,"featured":true,"published":true,"published_at":"2016-05-27T15:22:03Z","reversed":false,"from_editor_v2":true,"is_editable":true,"original_sound":true,"has_sound":true,"recoub_to":null,"file_versions":{"html5":{"video":{"higher":{"url":"https://coub-anubis-a.akamaized.net/coub_storage/coub/simple/cw_file/8406fb07418/2056bac81e1a2352732d8/muted_mp4_huge_size_1567889457_muted_huge.mp4","size":3363164},"high":{"url":"https://coub-anubis-a.akamaized.net/coub_storage/coub/simple/cw_file/8406fb07418/2056bac81e1a2352732d8/muted_mp4_big_size_1567889457_muted_big.mp4","size":2705416},"med":{"url":"https://coub-anubis-a.akamaized.net/coub_storage/coub/simple/cw_file/8406fb07418/2056bac81e1a2352732d8/muted_mp4_med_size_1567889457_muted_med.mp4","size":814967}},"audio":{"high":{"url":"https://coub-anubis-a.akamaized.net/coub_storage/coub/simple/cw_looped_audio_high/07c8882d4bd/f1e4c027df762c10075c2/1605492154_high_1470854786_high.mp3","size":4203560},"med":{"url":"https://coub-anubis-a.akamaized.net/coub_storage/coub/simple/cw_looped_audio_med/212d72faf91/aab0116a403f7ca859c16/1605492153_med_1470854786_med.mp3","size":3440809},"sample_duration":10.1}},"mobile":{"video":"https://coub-anubis-a.akamaized.net/coub_storage/coub/simple/cw_file/8406fb07418/2056bac81e1a2352732d8/muted_mp4_med_size_1567889457_muted_med.mp4","audio":["https://coub-anubis-a.akamaized.net/coub_storage/coub/simple/cw_looped_audio_med/212d72faf91/aab0116a403f7ca859c16/1605492153_med_1470854786_med.mp3"]},"share":{"default":"https://coub-anubis-a.akamaized.net/coub_storage/coub/simple/cw_video_for_sharing/58d3ef779ec/2a6a160da8c27b62f7358/1609027652_looped_1609027651.mp4"}},"audio_versions":{},"image_versions":{"template":"https://coub-anubis-a.akamaized.net/coub_storage/coub/simple/cw_image/1c95ee93dc3/43975bd98b476109a6f48/1470854702_00032.jpg","versions":["micro","tiny","age_restricted","ios_large","ios_mosaic","big","med","small","pinterest"]},"first_frame_versions":{"template":"https://coub-anubis-a.akamaized.net/coub_storage/coub/simple/cw_timeline_pic/707ed05fe58/f88129432ef020364e699/%{version}_1470854713_image.jpg","versions":["big","med","small","ios_large"]},"dimensions":{"big":[1280,720],"med":[640,360]},"site_w_h":[640,360],"page_w_h":[640,360],"site_w_h_small":[310,174],"size":[1280,720],"age_restricted":false,"age_restricted_by_admin":false,"not_safe_for_work":false,"allow_reuse":false,"dont_crop":false,"banned":false,"global_safe":true,"audio_file_url":null,"external_download":{"type":"Youtube","service_name":"YouTube","url":"http://www.youtube.com/watch?v=i5Jep3Qodlg","has_embed":true},"application":null,"channel":{"id":314223,"permalink":"yura-chamber-beats","title":"Yura Chamber Beats","description":null,"followers_count":37,"following_count":3,"avatar_versions":{"template":"https://coub-anubis-a.akamaized.net/coub_storage/channel/cw_avatar/b57cb9533a6/7e8c909d1fda97f559e8d/%{version}_1608434939_1ghb9i1_1474498560_kohgzz_att-url-download.jpg","versions":["medium","medium_2x","profile_pic","profile_pic_new","profile_pic_new_2x","tiny","tiny_2x","small","small_2x","ios_large","ios_small"]}},"file":null,"picture":"https://coub-anubis-a.akamaized.net/coub_storage/coub/simple/cw_image/1c95ee93dc3/43975bd98b476109a6f48/1470854702_00032.jpg","timeline_picture":"https://coub-anubis-a.akamaized.net/coub_storage/coub/simple/cw_timeline_pic/707ed05fe58/f88129432ef020364e699/ios_large_1470854713_image.jpg","small_picture":"https://coub-anubis-a.akamaized.net/coub_storage/coub/simple/cw_image/1c95ee93dc3/43975bd98b476109a6f48/1470854702_00032.jpg","sharing_picture":null,"percent_done":100,"tags":[{"id":74,"title":"rap","value":"rap"},{"id":821790,"title":"water boyz","value":"water%20boyz"},{"id":821789,"title":"hollow squad","value":"hollow%20squad"},{"id":377517,"title":"chris travis","value":"chris%20travis"},{"id":179633,"title":"xavier wulf","value":"xavier%20wulf"},{"id":73239,"title":"teamsesh","value":"teamsesh"},{"id":1749,"title":"50 cent","value":"50%20cent"},{"id":7145,"title":"snoop dogg","value":"snoop%20dogg"}],"categories":[{"id":37,"title":"Mashup","permalink":"mashup","subscriptions_count":10075240,"big_image_url":"https://coub-anubis-a.akamaized.net/coub_storage/category/cw_image/93ae83fbc3f/4d90453882a0f2e50dbc0/big_1544622036_Mashup.png","small_image_url":"https://coub-anubis-a.akamaized.net/coub_storage/category/cw_image/93ae83fbc3f/4d90453882a0f2e50dbc0/small_1544622036_Mashup.png","med_image_url":"https://coub-anubis-a.akamaized.net/coub_storage/category/cw_image/93ae83fbc3f/4d90453882a0f2e50dbc0/med_1544622036_Mashup.png","visible":true}],"communities":[{"id":37,"title":"Mashup","permalink":"mashup","subscriptions_count":10075240,"big_image_url":"https://coub-anubis-a.akamaized.net/coub_storage/category/cw_image/93ae83fbc3f/4d90453882a0f2e50dbc0/big_1544622036_Mashup.png","small_image_url":"https://coub-anubis-a.akamaized.net/coub_storage/category/cw_image/93ae83fbc3f/4d90453882a0f2e50dbc0/small_1544622036_Mashup.png","med_image_url":"https://coub-anubis-a.akamaized.net/coub_storage/category/cw_image/93ae83fbc3f/4d90453882a0f2e50dbc0/med_1544622036_Mashup.png","i_subscribed":true,"community_notifications_enabled":null,"description":null}],"recoubs_count":336,"remixes_count":0,"likes_count":1834,"dislikes_count":0,"raw_video_id":2428551,"uploaded_by_ios_app":false,"uploaded_by_android_app":false,"media_blocks":{"uploaded_raw_videos":[],"external_raw_videos":[{"id":12267164,"title":"Snoop Dog и 50 Cent о русском рэпе","url":"http://www.youtube.com/watch?v=i5Jep3Qodlg","image":"https://coub-anubis-a.akamaized.net/coub_storage/media_block/cw_image/d1160a7d790/ab626971ea46fb5d2e62d/1492551648_1450457579_iz3dsf_att-url-download.jpg","image_retina":"https://coub-anubis-a.akamaized.net/coub_storage/media_block/cw_image/d1160a7d790/ab626971ea46fb5d2e62d/1492551648_1450457579_iz3dsf_att-url-download.jpg","meta":{"service":"Youtube","duration":"23.4"},"duration":23.4,"raw_video_id":1977610,"has_embed":true},{"id":12581350,"title":"Bones, Xavier Wulf & Chris Travis - WeDontBelieveYou","url":"http://www.youtube.com/watch?v=D8AGKWyyrJ8","image":"https://coub-anubis-a.akamaized.net/coub_storage/media_block/cw_image/04cb4f96b4a/3c03be3df053af9750647/1492581285_1460489949_qsmxjv_att-url-download.jpg","image_retina":"https://coub-anubis-a.akamaized.net/coub_storage/media_block/cw_image/04cb4f96b4a/3c03be3df053af9750647/1492581285_1460489949_qsmxjv_att-url-download.jpg","meta":{"service":"Youtube","duration":"163.96"},"duration":163.96,"raw_video_id":2428551,"has_embed":true}],"remixed_from_coubs":[],"external_video":{"id":12267164,"title":"Snoop Dog и 50 Cent о русском рэпе","url":"http://www.youtube.com/watch?v=i5Jep3Qodlg","image":"https://coub-anubis-a.akamaized.net/coub_storage/media_block/cw_image/d1160a7d790/ab626971ea46fb5d2e62d/1492551648_1450457579_iz3dsf_att-url-download.jpg","image_retina":"https://coub-anubis-a.akamaized.net/coub_storage/media_block/cw_image/d1160a7d790/ab626971ea46fb5d2e62d/1492551648_1450457579_iz3dsf_att-url-download.jpg","meta":{"service":"Youtube","duration":"23.4"},"duration":23.4,"raw_video_id":1977610,"has_embed":true}},"raw_video_thumbnail_url":"/missing/missing.png","raw_video_title":"Bones, Xavier Wulf & Chris Travis - WeDontBelieveYou","video_block_banned":false,"duration":10.0,"promo_winner":false,"promo_winner_recoubers":null,"editorial_info":{},"promo_hint":null,"beeline_best_2014":null,"from_web_editor":true,"normalize_sound":true,"normalize_change_allowed":true,"best2015_addable":false,"ahmad_promo":null,"promo_data":null,"audio_copyright_claim":null,"ads_disabled":null,"is_safe_for_ads":true,"megafon_contents":[],"position_on_page":3},{"flag":null,"abuses":null,"recoubs_by_users_channels":null,"favourite":false,"promoted_id":null,"recoub":null,"like":null,"dislike":null,"reaction":null,"in_my_best2015":false,"id":17449938,"type":"Coub::Simple","permalink":"9xv5u","title":"Danny MacAskill and Shark ","visibility_type":"public","original_visibility_type":"public","channel_id":336159,"created_at":"2015-12-25T02:45:00Z","updated_at":"2022-03-06T05:43:48Z","is_done":true,"views_count":99786,"cotd":null,"cotd_at":null,"visible_on_explore_root":false,"visible_on_explore":false,"featured":false,"published":true,"published_at":"2015-12-25T02:45:00Z","reversed":false,"from_editor_v2":true,"is_editable":true,"original_sound":true,"has_sound":true,"recoub_to":null,"file_versions":{"html5":{"video":{"higher":{"url":"https://coub-anubis-a.akamaized.net/coub_storage/coub/simple/cw_file/eba8b048388/bf8ff2d3a54208778f4c2/muted_mp4_huge_size_1567833365_muted_huge.mp4","size":4944002},"high":{"url":"https://coub-anubis-a.akamaized.net/coub_storage/coub/simple/cw_file/eba8b048388/bf8ff2d3a54208778f4c2/muted_mp4_big_size_1567833365_muted_big.mp4","size":3725729},"med":{"url":"https://coub-anubis-a.akamaized.net/coub_storage/coub/simple/cw_file/eba8b048388/bf8ff2d3a54208778f4c2/muted_mp4_med_size_1567833365_muted_med.mp4","size":1166095}},"audio":{"high":{"url":"https://coub-anubis-a.akamaized.net/coub_storage/coub/simple/cw_looped_audio_high/fb295a9015a/85488ddc564d175b9102d/1605468122_high_1451011544_high.mp3","size":1214379},"med":{"url":"https://coub-anubis-a.akamaized.net/coub_storage/coub/simple/cw_looped_audio_med/1b877806b47/c4e08f0d99ff1e46d6d4a/1605468121_med_1451011544_med.mp3","size":809586},"sample_duration":10.125}},"mobile":{"video":"https://coub-anubis-a.akamaized.net/coub_storage/coub/simple/cw_file/eba8b048388/bf8ff2d3a54208778f4c2/muted_mp4_med_size_1567833365_muted_med.mp4","audio":["https://coub-anubis-a.akamaized.net/coub_storage/coub/simple/cw_looped_audio_med/1b877806b47/c4e08f0d99ff1e46d6d4a/1605468121_med_1451011544_med.mp3"]},"share":{"default":"https://coub-anubis-a.akamaized.net/coub_storage/coub/simple/cw_video_for_sharing/fa7b616d9b4/859f6b8fd116a5e88f778/1612644744_looped_1612644742.mp4"}},"audio_versions":{},"image_versions":{"template":"https://coub-anubis-a.akamaized.net/coub_storage/coub/simple/cw_image/7445f3abbe3/04793c60f1c84abcafaf1/1451011589_00032.jpg","versions":["micro","tiny","age_restricted","ios_large","ios_mosaic","big","med","small","pinterest"]},"first_frame_versions":{"template":"https://coub-anubis-a.akamaized.net/coub_storage/coub/simple/cw_timeline_pic/6dfed3699a9/9c5646e09ce642e6f8e31/%{version}_1451011588_image.jpg","versions":["big","med","small","ios_large"]},"dimensions":{"big":[1280,720],"med":[640,360]},"site_w_h":[640,360],"page_w_h":[640,360],"site_w_h_small":[310,174],"size":[1280,720],"age_restricted":false,"age_restricted_by_admin":false,"not_safe_for_work":false,"allow_reuse":false,"dont_crop":false,"banned":false,"global_safe":true,"audio_file_url":null,"external_download":{"type":"Youtube","service_name":"YouTube","url":"http://www.youtube.com/watch?v=PCtV57KvJEs","has_embed":true},"application":null,"channel":{"id":336159,"permalink":"sigelsan","title":"Sigelsan","description":"\"La vita è bella\"","followers_count":325,"following_count":58,"avatar_versions":{"template":"https://coub-anubis-a.akamaized.net/coub_storage/channel/cw_avatar/b5cac87927d/d602cbb0c25ed8c7d2189/%{version}_1474500042_y9ue78_att-url-download.jpg","versions":["medium","medium_2x","profile_pic","profile_pic_new","profile_pic_new_2x","tiny","tiny_2x","small","small_2x","ios_large","ios_small"]}},"file":null,"picture":"https://coub-anubis-a.akamaized.net/coub_storage/coub/simple/cw_image/7445f3abbe3/04793c60f1c84abcafaf1/1451011589_00032.jpg","timeline_picture":"https://coub-anubis-a.akamaized.net/coub_storage/coub/simple/cw_timeline_pic/6dfed3699a9/9c5646e09ce642e6f8e31/ios_large_1451011588_image.jpg","small_picture":"https://coub-anubis-a.akamaized.net/coub_storage/coub/simple/cw_image/7445f3abbe3/04793c60f1c84abcafaf1/1451011589_00032.jpg","sharing_picture":null,"percent_done":100,"tags":[{"id":20694,"title":"cycling","value":"cycling"},{"id":959007,"title":"cycle sport","value":"cycle%20sport"},{"id":66950,"title":"danny macaskill","value":"danny%20macaskill"},{"id":1666,"title":"bicycle","value":"bicycle"},{"id":339,"title":"bike","value":"bike"},{"id":58041,"title":"bmx bike","value":"bmx%20bike"},{"id":18547,"title":"bicycle motocross","value":"bicycle%20motocross"},{"id":48500,"title":"4k","value":"4k"},{"id":620862,"title":"gopro hero 4","value":"gopro%20hero%204"},{"id":3082,"title":"video","value":"video"},{"id":3577,"title":"rad","value":"rad"},{"id":277758,"title":"stoked","value":"stoked"},{"id":72924,"title":"hd camera","value":"hd%20camera"},{"id":277757,"title":"hero camera","value":"hero%20camera"},{"id":561956,"title":"hero4","value":"hero4"},{"id":29301,"title":"hero3plus","value":"hero3plus"},{"id":11988,"title":"hero3","value":"hero3"},{"id":14600,"title":"hero2","value":"hero2"},{"id":4881,"title":"gopro","value":"gopro"}],"categories":[{"id":37,"title":"Mashup","permalink":"mashup","subscriptions_count":10075240,"big_image_url":"https://coub-anubis-a.akamaized.net/coub_storage/category/cw_image/93ae83fbc3f/4d90453882a0f2e50dbc0/big_1544622036_Mashup.png","small_image_url":"https://coub-anubis-a.akamaized.net/coub_storage/category/cw_image/93ae83fbc3f/4d90453882a0f2e50dbc0/small_1544622036_Mashup.png","med_image_url":"https://coub-anubis-a.akamaized.net/coub_storage/category/cw_image/93ae83fbc3f/4d90453882a0f2e50dbc0/med_1544622036_Mashup.png","visible":true}],"communities":[{"id":37,"title":"Mashup","permalink":"mashup","subscriptions_count":10075240,"big_image_url":"https://coub-anubis-a.akamaized.net/coub_storage/category/cw_image/93ae83fbc3f/4d90453882a0f2e50dbc0/big_1544622036_Mashup.png","small_image_url":"https://coub-anubis-a.akamaized.net/coub_storage/category/cw_image/93ae83fbc3f/4d90453882a0f2e50dbc0/small_1544622036_Mashup.png","med_image_url":"https://coub-anubis-a.akamaized.net/coub_storage/category/cw_image/93ae83fbc3f/4d90453882a0f2e50dbc0/med_1544622036_Mashup.png","i_subscribed":true,"community_notifications_enabled":null,"description":null}],"recoubs_count":287,"remixes_count":1,"likes_count":1834,"dislikes_count":0,"raw_video_id":"","uploaded_by_ios_app":false,"uploaded_by_android_app":false,"media_blocks":{"uploaded_raw_videos":[],"external_raw_videos":[],"remixed_from_coubs":[{"id":18803331,"title":"Unreal Danny MacAskill - Cascadia Frontflip","url":"http://coub.com/coubs/9ox8z/remix","image":"https://coub-anubis-a.akamaized.net/coub_storage/media_block/cw_image/5356dcd48a6/4eb185f588d7348e5c993/1491985067_1449889437_00032.jpg","image_retina":"https://coub-anubis-a.akamaized.net/coub_storage/media_block/cw_image/5356dcd48a6/4eb185f588d7348e5c993/1491985067_1449889437_00032.jpg","meta":{"duration":"9.92"},"duration":null,"coub_channel_title":"Sigelsan","coub_channel_permalink":"sigelsan","coub_views_count":929,"coub_permalink":"9ox8z"},{"id":18745980,"title":"Summer fun","url":"http://coub.com/coubs/6x6m6/remix","image":"https://coub-anubis-a.akamaized.net/coub_storage/media_block/cw_image/f43eea8a128/6edd18aede1a8354c0a00/1491972482_1434643404_00032.jpg","image_retina":"https://coub-anubis-a.akamaized.net/coub_storage/media_block/cw_image/f43eea8a128/6edd18aede1a8354c0a00/1491972482_1434643404_00032.jpg","meta":{"duration":"10.0"},"duration":null,"coub_channel_title":"Grumpy Serg","coub_channel_permalink":"grumpyserg","coub_views_count":2119839,"coub_permalink":"6x6m6"}]},"raw_video_thumbnail_url":"","raw_video_title":"","video_block_banned":false,"duration":10.0,"promo_winner":false,"promo_winner_recoubers":null,"editorial_info":{},"promo_hint":null,"beeline_best_2014":null,"from_web_editor":true,"normalize_sound":true,"normalize_change_allowed":true,"best2015_addable":false,"ahmad_promo":null,"promo_data":null,"audio_copyright_claim":null,"ads_disabled":null,"is_safe_for_ads":true,"megafon_contents":[],"position_on_page":4},{"flag":null,"abuses":null,"recoubs_by_users_channels":null,"favourite":false,"promoted_id":null,"recoub":null,"like":null,"dislike":null,"reaction":null,"in_my_best2015":false,"id":176890587,"type":"Coub::Simple","permalink":"2wywk7","title":"Лучшая работа в мире","visibility_type":"public","original_visibility_type":"public","channel_id":2591111,"created_at":"2021-10-11T10:29:45Z","updated_at":"2022-03-16T05:23:31Z","is_done":true,"views_count":117787,"cotd":null,"cotd_at":null,"visible_on_explore_root":false,"visible_on_explore":false,"featured":false,"published":true,"published_at":"2021-10-11T10:29:45Z","reversed":false,"from_editor_v2":true,"is_editable":true,"original_sound":true,"has_sound":true,"recoub_to":null,"file_versions":{"html5":{"video":{"higher":{"url":"https://coub-anubis-a.akamaized.net/coub_storage/coub/simple/cw_file/b6df9433bc2/db0f2ce4f455d641515d9/muted_mp4_huge_size_1633948203_muted_huge.mp4","size":1387174},"high":{"url":"https://coub-anubis-a.akamaized.net/coub_storage/coub/simple/cw_file/b6df9433bc2/db0f2ce4f455d641515d9/muted_mp4_big_size_1633948203_muted_big.mp4","size":946914},"med":{"url":"https://coub-anubis-a.akamaized.net/coub_storage/coub/simple/cw_file/b6df9433bc2/db0f2ce4f455d641515d9/muted_mp4_med_size_1633948203_muted_med.mp4","size":305100}},"audio":{"high":{"url":"https://coub-anubis-a.akamaized.net/coub_storage/coub/simple/cw_looped_audio_high/1ad1ad3bc02/d061d7ab0692d32be8cff/1633948205_mp3-high.mp3","size":979195},"med":{"url":"https://coub-anubis-a.akamaized.net/coub_storage/coub/simple/cw_looped_audio_med/0894c8aeb57/a48b94244a9d05e2ad1e5/1633948204_mp3-med.mp3","size":928780},"sample_duration":9.776}},"mobile":{"video":"https://coub-anubis-a.akamaized.net/coub_storage/coub/simple/cw_file/b6df9433bc2/db0f2ce4f455d641515d9/muted_mp4_med_size_1633948203_muted_med.mp4","audio":["https://coub-anubis-a.akamaized.net/coub_storage/coub/simple/cw_looped_audio_med/0894c8aeb57/a48b94244a9d05e2ad1e5/1633948204_mp3-med.mp3"]},"share":{"default":"https://coub-anubis-a.akamaized.net/coub_storage/coub/simple/cw_video_for_sharing/a46257e523d/897ef731ad66900658f29/1633948234_looped_1633948234.mp4"}},"audio_versions":{},"image_versions":{"template":"https://coub-anubis-a.akamaized.net/coub_storage/coub/simple/cw_image/f3f1ee5337e/a15ca545ee8beb9d9df62/%{version}_1633948211_00031.jpg","versions":["micro","tiny","age_restricted","ios_large","ios_mosaic","big","med","small","pinterest"]},"first_frame_versions":{"template":"https://coub-anubis-a.akamaized.net/coub_storage/coub/simple/cw_timeline_pic/d0be9676306/4f2278ce05c37a4dd9fb5/%{version}_1633948210_image.jpg","versions":["big","med","small","ios_large"]},"dimensions":{"big":[1280,720],"med":[640,360]},"site_w_h":[640,360],"page_w_h":[640,360],"site_w_h_small":[310,174],"size":[1280,720],"age_restricted":false,"age_restricted_by_admin":false,"not_safe_for_work":false,"allow_reuse":false,"dont_crop":true,"banned":false,"global_safe":null,"audio_file_url":null,"external_download":false,"application":null,"channel":{"id":2591111,"permalink":"gocha-gviniashvili","title":"🅶.🅶","description":"G.G 》》》   COUB'S","followers_count":251,"following_count":3,"avatar_versions":{"template":"https://coub-anubis-a.akamaized.net/coub_storage/channel/cw_avatar/127e6ffbf2c/5f53697c33e198eb893b5/%{version}_1612439227_qqq111.jpg","versions":["medium","medium_2x","profile_pic","profile_pic_new","profile_pic_new_2x","tiny","tiny_2x","small","small_2x","ios_large","ios_small"]}},"file":null,"picture":"https://coub-anubis-a.akamaized.net/coub_storage/coub/simple/cw_image/f3f1ee5337e/a15ca545ee8beb9d9df62/med_1633948211_00031.jpg","timeline_picture":"https://coub-anubis-a.akamaized.net/coub_storage/coub/simple/cw_timeline_pic/d0be9676306/4f2278ce05c37a4dd9fb5/ios_large_1633948210_image.jpg","small_picture":"https://coub-anubis-a.akamaized.net/coub_storage/coub/simple/cw_image/f3f1ee5337e/a15ca545ee8beb9d9df62/ios_mosaic_1633948211_00031.jpg","sharing_picture":null,"percent_done":100,"tags":[],"categories":[{"id":37,"title":"Mashup","permalink":"mashup","subscriptions_count":10075240,"big_image_url":"https://coub-anubis-a.akamaized.net/coub_storage/category/cw_image/93ae83fbc3f/4d90453882a0f2e50dbc0/big_1544622036_Mashup.png","small_image_url":"https://coub-anubis-a.akamaized.net/coub_storage/category/cw_image/93ae83fbc3f/4d90453882a0f2e50dbc0/small_1544622036_Mashup.png","med_image_url":"https://coub-anubis-a.akamaized.net/coub_storage/category/cw_image/93ae83fbc3f/4d90453882a0f2e50dbc0/med_1544622036_Mashup.png","visible":true}],"communities":[{"id":37,"title":"Mashup","permalink":"mashup","subscriptions_count":10075240,"big_image_url":"https://coub-anubis-a.akamaized.net/coub_storage/category/cw_image/93ae83fbc3f/4d90453882a0f2e50dbc0/big_1544622036_Mashup.png","small_image_url":"https://coub-anubis-a.akamaized.net/coub_storage/category/cw_image/93ae83fbc3f/4d90453882a0f2e50dbc0/small_1544622036_Mashup.png","med_image_url":"https://coub-anubis-a.akamaized.net/coub_storage/category/cw_image/93ae83fbc3f/4d90453882a0f2e50dbc0/med_1544622036_Mashup.png","i_subscribed":true,"community_notifications_enabled":null,"description":null}],"recoubs_count":310,"remixes_count":0,"likes_count":1832,"dislikes_count":0,"raw_video_id":16836139,"uploaded_by_ios_app":false,"uploaded_by_android_app":false,"media_blocks":{"uploaded_raw_videos":[],"external_raw_videos":[],"remixed_from_coubs":[]},"raw_video_thumbnail_url":"https://coub-anubis-a.akamaized.net/coub_storage/raw_video/cw_image/f4da207e350/f20713bab5adbedbe6eff/coub_media_1633948123_image.jpg","raw_video_title":"Coub__289.mp4","video_block_banned":false,"duration":9.84,"promo_winner":false,"promo_winner_recoubers":null,"editorial_info":{},"promo_hint":null,"beeline_best_2014":null,"from_web_editor":true,"normalize_sound":true,"normalize_change_allowed":true,"best2015_addable":false,"ahmad_promo":null,"promo_data":null,"audio_copyright_claim":null,"ads_disabled":false,"is_safe_for_ads":true,"megafon_contents":[],"position_on_page":5},{"flag":null,"abuses":null,"recoubs_by_users_channels":null,"favourite":false,"promoted_id":null,"recoub":null,"like":null,"dislike":null,"reaction":null,"in_my_best2015":false,"id":95557969,"type":"Coub::Simple","permalink":"1khi8f","title":"Valkyrie Effect","visibility_type":"public","original_visibility_type":"public","channel_id":186801,"created_at":"2018-12-24T18:46:48Z","updated_at":"2022-03-08T00:23:57Z","is_done":true,"views_count":146128,"cotd":null,"cotd_at":null,"visible_on_explore_root":true,"visible_on_explore":true,"featured":true,"published":true,"published_at":"2018-12-24T18:46:48Z","reversed":false,"from_editor_v2":true,"is_editable":true,"original_sound":false,"has_sound":false,"recoub_to":null,"file_versions":{"html5":{"video":{"higher":{"url":"https://coub-anubis-a.akamaized.net/coub_storage/coub/simple/cw_file/2b61eb5462b/b62bafb9e94a9a450e666/muted_mp4_huge_size_1585489386_muted_huge.mp4","size":3165527},"high":{"url":"https://coub-anubis-a.akamaized.net/coub_storage/coub/simple/cw_file/2b61eb5462b/b62bafb9e94a9a450e666/muted_mp4_big_size_1585489386_muted_big.mp4","size":2410753},"med":{"url":"https://coub-anubis-a.akamaized.net/coub_storage/coub/simple/cw_file/2b61eb5462b/b62bafb9e94a9a450e666/muted_mp4_med_size_1585489386_muted_med.mp4","size":727103}},"audio":{"high":{"url":"https://coub-anubis-a.akamaized.net/coub_storage/coub/simple/cw_looped_audio_high/71af846aaa1/284c9902cd16f8fa7fbb1/1605663058_high_1545677242_high.mp3","size":1445329},"med":{"url":"https://coub-anubis-a.akamaized.net/coub_storage/coub/simple/cw_looped_audio_med/e31af385b89/003f3836d32a1f3e55a18/1605663058_med_1545677242_med.mp3","size":1108958}}},"mobile":{"video":"https://coub-anubis-a.akamaized.net/coub_storage/coub/simple/cw_file/2b61eb5462b/b62bafb9e94a9a450e666/muted_mp4_med_size_1585489386_muted_med.mp4","audio":["https://coub-anubis-a.akamaized.net/coub_storage/coub/simple/cw_looped_audio_med/e31af385b89/003f3836d32a1f3e55a18/1605663058_med_1545677242_med.mp3"]},"share":{"default":"https://coub-anubis-a.akamaized.net/coub_storage/coub/simple/cw_video_for_sharing/9d21ab8b638/3e6fb4680435a7e5e9742/1614827814_looped_1614827813.mp4"}},"audio_versions":{"template":"https://coub-anubis-a.akamaized.net/coub_storage/audio_track/cw_normalized_copy/9475d43c646/05e703db67e04fce2807b/mid_1545677235_normalized_1545676314_audio.mp3","versions":["mid","low"]},"image_versions":{"template":"https://coub-anubis-a.akamaized.net/coub_storage/coub/simple/cw_image/aba8439302d/af6f00fdfbe0b61d9da5a/1545677256_00032.jpg","versions":["micro","tiny","age_restricted","ios_large","ios_mosaic","big","med","small","pinterest"]},"first_frame_versions":{"template":"https://coub-anubis-a.akamaized.net/coub_storage/coub/simple/cw_timeline_pic/8aaaf720fd6/4e208ce50a52ec71cb657/%{version}_1545677255_image.jpg","versions":["big","med","small","ios_large"]},"dimensions":{"big":[1280,720],"med":[640,360]},"site_w_h":[640,360],"page_w_h":[640,360],"site_w_h_small":[310,174],"size":[1280,720],"age_restricted":false,"age_restricted_by_admin":false,"not_safe_for_work":false,"allow_reuse":false,"dont_crop":false,"banned":false,"global_safe":true,"audio_file_url":"https://coub-anubis-a.akamaized.net/coub_storage/audio_track/cw_normalized_copy/9475d43c646/05e703db67e04fce2807b/low_1545677235_normalized_1545676314_audio.mp3","external_download":false,"application":null,"channel":{"id":186801,"permalink":"--niks--","title":"Niks  ☮","description":"Bad","followers_count":24275,"following_count":1,"avatar_versions":{"template":"https://coub-anubis-a.akamaized.net/coub_storage/channel/cw_avatar/b36b46e6af7/003d17c1d3c2cf1fda97d/%{version}_1571262409_1241a727af9a40dc929e7ff051ffbc36-removebg-preview.png","versions":["medium","medium_2x","profile_pic","profile_pic_new","profile_pic_new_2x","tiny","tiny_2x","small","small_2x","ios_large","ios_small"]}},"file":null,"picture":"https://coub-anubis-a.akamaized.net/coub_storage/coub/simple/cw_image/aba8439302d/af6f00fdfbe0b61d9da5a/1545677256_00032.jpg","timeline_picture":"https://coub-anubis-a.akamaized.net/coub_storage/coub/simple/cw_timeline_pic/8aaaf720fd6/4e208ce50a52ec71cb657/ios_large_1545677255_image.jpg","small_picture":"https://coub-anubis-a.akamaized.net/coub_storage/coub/simple/cw_image/aba8439302d/af6f00fdfbe0b61d9da5a/1545677256_00032.jpg","sharing_picture":null,"percent_done":100,"tags":[{"id":1634081,"title":"thor ragnarok","value":"thor%20ragnarok"},{"id":9463,"title":"man in black","value":"man%20in%20black"},{"id":223711,"title":"cou","value":"cou"},{"id":5326,"title":"mashup","value":"mashup"},{"id":192569,"title":"mashups","value":"mashups"},{"id":25816,"title":"marvel universe","value":"marvel%20universe"},{"id":864737,"title":"magic sword","value":"magic%20sword"}],"categories":[{"id":37,"title":"Mashup","permalink":"mashup","subscriptions_count":10075240,"big_image_url":"https://coub-anubis-a.akamaized.net/coub_storage/category/cw_image/93ae83fbc3f/4d90453882a0f2e50dbc0/big_1544622036_Mashup.png","small_image_url":"https://coub-anubis-a.akamaized.net/coub_storage/category/cw_image/93ae83fbc3f/4d90453882a0f2e50dbc0/small_1544622036_Mashup.png","med_image_url":"https://coub-anubis-a.akamaized.net/coub_storage/category/cw_image/93ae83fbc3f/4d90453882a0f2e50dbc0/med_1544622036_Mashup.png","visible":true}],"communities":[{"id":37,"title":"Mashup","permalink":"mashup","subscriptions_count":10075240,"big_image_url":"https://coub-anubis-a.akamaized.net/coub_storage/category/cw_image/93ae83fbc3f/4d90453882a0f2e50dbc0/big_1544622036_Mashup.png","small_image_url":"https://coub-anubis-a.akamaized.net/coub_storage/category/cw_image/93ae83fbc3f/4d90453882a0f2e50dbc0/small_1544622036_Mashup.png","med_image_url":"https://coub-anubis-a.akamaized.net/coub_storage/category/cw_image/93ae83fbc3f/4d90453882a0f2e50dbc0/med_1544622036_Mashup.png","i_subscribed":true,"community_notifications_enabled":null,"description":null}],"recoubs_count":320,"remixes_count":0,"likes_count":1832,"dislikes_count":0,"raw_video_id":12920399,"uploaded_by_ios_app":false,"uploaded_by_android_app":false,"media_blocks":{"uploaded_raw_videos":[],"external_raw_videos":[],"remixed_from_coubs":[]},"raw_video_thumbnail_url":"/missing/missing.png","raw_video_title":"Valkyrie_Effect.mpg","video_block_banned":false,"duration":10.0,"promo_winner":false,"promo_winner_recoubers":null,"editorial_info":{},"promo_hint":null,"beeline_best_2014":null,"from_web_editor":true,"normalize_sound":true,"normalize_change_allowed":true,"best2015_addable":false,"ahmad_promo":null,"promo_data":null,"audio_copyright_claim":null,"ads_disabled":false,"is_safe_for_ads":true,"megafon_contents":[],"position_on_page":6},{"flag":null,"abuses":null,"recoubs_by_users_channels":null,"favourite":false,"promoted_id":null,"recoub":null,"like":null,"dislike":null,"reaction":null,"in_my_best2015":false,"id":79003155,"type":"Coub::Simple","permalink":"1amoco","title":"memes destruction","visibility_type":"public","original_visibility_type":"public","channel_id":4708755,"created_at":"2018-07-05T18:43:00Z","updated_at":"2022-03-07T02:16:49Z","is_done":true,"views_count":169082,"cotd":null,"cotd_at":null,"visible_on_explore_root":false,"visible_on_explore":false,"featured":false,"published":true,"published_at":"2018-07-05T18:48:39Z","reversed":false,"from_editor_v2":true,"is_editable":true,"original_sound":false,"has_sound":false,"recoub_to":null,"file_versions":{"html5":{"video":{"higher":{"url":"https://coub-anubis-a.akamaized.net/coub_storage/coub/simple/cw_file/6edd92b16b7/c90731f9f2e56575fe541/muted_mp4_huge_size_1568255201_muted_huge.mp4","size":3309988},"high":{"url":"https://coub-anubis-a.akamaized.net/coub_storage/coub/simple/cw_file/6edd92b16b7/c90731f9f2e56575fe541/muted_mp4_big_size_1568255201_muted_big.mp4","size":2362729},"med":{"url":"https://coub-anubis-a.akamaized.net/coub_storage/coub/simple/cw_file/6edd92b16b7/c90731f9f2e56575fe541/muted_mp4_med_size_1568255201_muted_med.mp4","size":778970}},"audio":{"high":{"url":"https://coub-anubis-a.akamaized.net/coub_storage/coub/simple/cw_looped_audio_high/ba76efc6bb4/3afe3d2023e3a20921a69/1605618363_high_1530816231_high.mp3","size":4469723},"med":{"url":"https://coub-anubis-a.akamaized.net/coub_storage/coub/simple/cw_looped_audio_med/0b5b96cf694/216ba33b5fc586450605a/1605618362_med_1530816231_med.mp3","size":3008237}}},"mobile":{"video":"https://coub-anubis-a.akamaized.net/coub_storage/coub/simple/cw_file/6edd92b16b7/c90731f9f2e56575fe541/muted_mp4_med_size_1568255201_muted_med.mp4","audio":["https://coub-anubis-a.akamaized.net/coub_storage/coub/simple/cw_looped_audio_med/0b5b96cf694/216ba33b5fc586450605a/1605618362_med_1530816231_med.mp3"]},"share":{"default":"https://coub-anubis-a.akamaized.net/coub_storage/coub/simple/cw_video_for_sharing/59a3bd0c16d/b2af6520563a1cd1a23fe/1612404682_looped_1612404682.mp4"}},"audio_versions":{"template":"https://coub-anubis-a.akamaized.net/coub_storage/audio_track/cw_normalized_copy/e46d7bc2018/21eea815f8d797bf30ff5/mid_1530816218_11hk1vj_normalized_1530816202_vda4sh_edited.mp3","versions":["mid","low"]},"image_versions":{"template":"https://coub-anubis-a.akamaized.net/coub_storage/coub/simple/cw_image/c37a2b292ff/cf984d32455cb6ad0b250/1530816244_00019.jpg","versions":["micro","tiny","age_restricted","ios_large","ios_mosaic","big","med","small","pinterest"]},"first_frame_versions":{"template":"https://coub-anubis-a.akamaized.net/coub_storage/coub/simple/cw_timeline_pic/03c0dd94e18/3c0584f321c157eefe430/%{version}_1530816243_image.jpg","versions":["big","med","small","ios_large"]},"dimensions":{"big":[1280,800],"med":[640,400]},"site_w_h":[640,400],"page_w_h":[640,400],"site_w_h_small":[310,194],"size":[1280,800],"age_restricted":false,"age_restricted_by_admin":false,"not_safe_for_work":null,"allow_reuse":false,"dont_crop":false,"banned":false,"global_safe":true,"audio_file_url":"https://coub-anubis-a.akamaized.net/coub_storage/audio_track/cw_normalized_copy/e46d7bc2018/21eea815f8d797bf30ff5/low_1530816218_11hk1vj_normalized_1530816202_vda4sh_edited.mp3","external_download":{"type":"Youtube","service_name":"YouTube","url":"http://www.youtube.com/watch?v=1zVtoAITqIU","has_embed":true},"application":null,"channel":{"id":4708755,"permalink":"grayword","title":"Gray Word","description":"Thanks for 10kk","followers_count":809,"following_count":278,"avatar_versions":{"template":"https://coub-anubis-a.akamaized.net/coub_storage/channel/cw_avatar/22825931669/39dd7d19167d1db2972ba/%{version}_1609339287_160mige_1535316305_12.png","versions":["medium","medium_2x","profile_pic","profile_pic_new","profile_pic_new_2x","tiny","tiny_2x","small","small_2x","ios_large","ios_small"]}},"file":null,"picture":"https://coub-anubis-a.akamaized.net/coub_storage/coub/simple/cw_image/c37a2b292ff/cf984d32455cb6ad0b250/1530816244_00019.jpg","timeline_picture":"https://coub-anubis-a.akamaized.net/coub_storage/coub/simple/cw_timeline_pic/03c0dd94e18/3c0584f321c157eefe430/ios_large_1530816243_image.jpg","small_picture":"https://coub-anubis-a.akamaized.net/coub_storage/coub/simple/cw_image/c37a2b292ff/cf984d32455cb6ad0b250/1530816244_00019.jpg","sharing_picture":null,"percent_done":100,"tags":[{"id":3474,"title":"brad pitt","value":"brad%20pitt"},{"id":7957,"title":"ethan coen","value":"ethan%20coen"},{"id":3833,"title":"killing","value":"killing"},{"id":1629,"title":"kill","value":"kill"},{"id":2544,"title":"shot","value":"shot"},{"id":16078,"title":"shoot","value":"shoot"},{"id":288361,"title":"hybrids","value":"hybrids"},{"id":192569,"title":"mashups","value":"mashups"},{"id":41698,"title":"hybrid","value":"hybrid"},{"id":5326,"title":"mashup","value":"mashup"},{"id":206964,"title":"tony scott","value":"tony%20scott"},{"id":2683,"title":"bruce willis","value":"bruce%20willis"},{"id":6837,"title":"the last boy scout","value":"the%20last%20boy%20scout"},{"id":2713665,"title":"извините я не слушал","value":"%D0%B8%D0%B7%D0%B2%D0%B8%D0%BD%D0%B8%D1%82%D0%B5%20%D1%8F%20%D0%BD%D0%B5%20%D1%81%D0%BB%D1%83%D1%88%D0%B0%D0%BB"},{"id":2713664,"title":"кружкой в лоб","value":"%D0%BA%D1%80%D1%83%D0%B6%D0%BA%D0%BE%D0%B9%20%D0%B2%20%D0%BB%D0%BE%D0%B1"},{"id":2713663,"title":"кружка лебовски","value":"%D0%BA%D1%80%D1%83%D0%B6%D0%BA%D0%B0%20%D0%BB%D0%B5%D0%B1%D0%BE%D0%B2%D1%81%D0%BA%D0%B8"},{"id":19308,"title":"чувак","value":"%D1%87%D1%83%D0%B2%D0%B0%D0%BA"},{"id":2713662,"title":"большой лебовски гоблин","value":"%D0%B1%D0%BE%D0%BB%D1%8C%D1%88%D0%BE%D0%B9%20%D0%BB%D0%B5%D0%B1%D0%BE%D0%B2%D1%81%D0%BA%D0%B8%20%D0%B3%D0%BE%D0%B1%D0%BB%D0%B8%D0%BD"},{"id":249176,"title":"большой лебовски","value":"%D0%B1%D0%BE%D0%BB%D1%8C%D1%88%D0%BE%D0%B9%20%D0%BB%D0%B5%D0%B1%D0%BE%D0%B2%D1%81%D0%BA%D0%B8"},{"id":15572,"title":"лебовски","value":"%D0%BB%D0%B5%D0%B1%D0%BE%D0%B2%D1%81%D0%BA%D0%B8"}],"categories":[{"id":37,"title":"Mashup","permalink":"mashup","subscriptions_count":10075240,"big_image_url":"https://coub-anubis-a.akamaized.net/coub_storage/category/cw_image/93ae83fbc3f/4d90453882a0f2e50dbc0/big_1544622036_Mashup.png","small_image_url":"https://coub-anubis-a.akamaized.net/coub_storage/category/cw_image/93ae83fbc3f/4d90453882a0f2e50dbc0/small_1544622036_Mashup.png","med_image_url":"https://coub-anubis-a.akamaized.net/coub_storage/category/cw_image/93ae83fbc3f/4d90453882a0f2e50dbc0/med_1544622036_Mashup.png","visible":true}],"communities":[{"id":37,"title":"Mashup","permalink":"mashup","subscriptions_count":10075240,"big_image_url":"https://coub-anubis-a.akamaized.net/coub_storage/category/cw_image/93ae83fbc3f/4d90453882a0f2e50dbc0/big_1544622036_Mashup.png","small_image_url":"https://coub-anubis-a.akamaized.net/coub_storage/category/cw_image/93ae83fbc3f/4d90453882a0f2e50dbc0/small_1544622036_Mashup.png","med_image_url":"https://coub-anubis-a.akamaized.net/coub_storage/category/cw_image/93ae83fbc3f/4d90453882a0f2e50dbc0/med_1544622036_Mashup.png","i_subscribed":true,"community_notifications_enabled":null,"description":null}],"recoubs_count":496,"remixes_count":15,"likes_count":1832,"dislikes_count":0,"raw_video_id":11185033,"uploaded_by_ios_app":false,"uploaded_by_android_app":false,"media_blocks":{"uploaded_raw_videos":[],"external_raw_videos":[{"id":24935791,"title":"Извините,  я не слушал.  Большой Лебовски.","url":"http://www.youtube.com/watch?v=1zVtoAITqIU","image":"https://coub-anubis-a.akamaized.net/coub_storage/media_block/cw_image/3a32f10710a/c7955aae379379526191c/1519377274_1519377268_1uwz3ek_att-url-download.jpg","image_retina":"https://coub-anubis-a.akamaized.net/coub_storage/media_block/cw_image/3a32f10710a/c7955aae379379526191c/1519377274_1519377268_1uwz3ek_att-url-download.jpg","meta":{"service":"Youtube","duration":"5.0"},"duration":5.0,"raw_video_id":11185033,"has_embed":true}],"remixed_from_coubs":[{"id":18688397,"title":"Penguin Chick face plant  - had a bad day","url":"http://coub.com/coubs/35y9k/remix","image":"https://coub-anubis-a.akamaized.net/coub_storage/media_block/cw_image/26d530ead9e/cf62a41a095c01f63671b/1491957810_1447436686_00015.jpg","image_retina":"https://coub-anubis-a.akamaized.net/coub_storage/media_block/cw_image/26d530ead9e/cf62a41a095c01f63671b/1491957810_1447436686_00015.jpg","meta":{"duration":"4.68"},"duration":null,"coub_channel_title":"dreamboffin","coub_channel_permalink":"dreamboffin2","coub_views_count":1484535,"coub_permalink":"35y9k"},{"id":24214960,"title":"Seryu has got problems","url":"http://coub.com/coubs/b7m63/remix","image":"https://coub-anubis-a.akamaized.net/coub_storage/media_block/cw_image/4c08ec8bf78/fda23478c98a6203560a3/1515965878_1471762290_00032.jpg","image_retina":"https://coub-anubis-a.akamaized.net/coub_storage/media_block/cw_image/4c08ec8bf78/fda23478c98a6203560a3/1515965878_1471762290_00032.jpg","meta":{"duration":"10.04"},"duration":null,"coub_channel_title":"AndreS l AniMemeS 「NcR」","coub_channel_permalink":"lenochka-one-love","coub_views_count":40853,"coub_permalink":"b7m63"},{"id":22621461,"title":"The 40mm Machine Gun!!!","url":"http://coub.com/coubs/szj3h/remix","image":"https://coub-anubis-a.akamaized.net/coub_storage/media_block/cw_image/4ddea548357/e1d2469de795b5adc0005/1509287028_1509286996_00019.jpg","image_retina":"https://coub-anubis-a.akamaized.net/coub_storage/media_block/cw_image/4ddea548357/e1d2469de795b5adc0005/1509287028_1509286996_00019.jpg","meta":{"duration":"5.76"},"duration":null,"coub_channel_title":"Prepix ☮","coub_channel_permalink":"prepixcoub","coub_views_count":60181,"coub_permalink":"szj3h"},{"id":24918127,"title":"It's perfect","url":"http://coub.com/coubs/13sak2/remix","image":"https://coub-anubis-a.akamaized.net/coub_storage/media_block/cw_image/f60c4da3581/e1042cd63ae5eaaf46f68/1519303389_1519303380_00032.jpg","image_retina":"https://coub-anubis-a.akamaized.net/coub_storage/media_block/cw_image/f60c4da3581/e1042cd63ae5eaaf46f68/1519303389_1519303380_00032.jpg","meta":{"duration":"10.0"},"duration":null,"coub_channel_title":"Ḅҿӵӈø ӎøӆøдøҋ ","coub_channel_permalink":"d3336645","coub_views_count":1323063,"coub_permalink":"13sak2"},{"id":18845411,"title":"Dr Pepper + Mentos + AWP","url":"http://coub.com/coubs/bp8x9/remix","image":"https://coub-anubis-a.akamaized.net/coub_storage/media_block/cw_image/ec092a83702/cac080acb2581b4fce5cf/1491995754_1470775435_00026.jpg","image_retina":"https://coub-anubis-a.akamaized.net/coub_storage/media_block/cw_image/ec092a83702/cac080acb2581b4fce5cf/1491995754_1470775435_00026.jpg","meta":{"duration":"8.2"},"duration":null,"coub_channel_title":"Light Tuesday ","coub_channel_permalink":"eleprimer","coub_views_count":261016,"coub_permalink":"bp8x9"},{"id":18975642,"title":"Collateral damage","url":"http://coub.com/coubs/fkyud/remix","image":"https://coub-anubis-a.akamaized.net/coub_storage/media_block/cw_image/3a0336f0170/1f81aa908231c5d5c75ed/1492028948_1476781611_00026.jpg","image_retina":"https://coub-anubis-a.akamaized.net/coub_storage/media_block/cw_image/3a0336f0170/1f81aa908231c5d5c75ed/1492028948_1476781611_00026.jpg","meta":{"duration":"8.04"},"duration":null,"coub_channel_title":"No Thanks","coub_channel_permalink":"gloryfsm","coub_views_count":490943,"coub_permalink":"fkyud"},{"id":27037018,"title":"The Last Brad Scout","url":"https://coub.com/coubs/1a4fci/remix","image":"https://coub-anubis-a.akamaized.net/coub_storage/media_block/cw_image/e9280c0bf5d/5febd9ed274a8f5e6c5e2/1529938367_1529938352_00032.jpg","image_retina":"https://coub-anubis-a.akamaized.net/coub_storage/media_block/cw_image/e9280c0bf5d/5febd9ed274a8f5e6c5e2/1529938367_1529938352_00032.jpg","meta":{"duration":"10.0"},"duration":null,"coub_channel_title":"Hooliguns","coub_channel_permalink":"shot.me.down","coub_views_count":8610,"coub_permalink":"1a4fci"},{"id":18637802,"title":"Морозная свежесть","url":"http://coub.com/coubs/7kglid30/remix","image":"https://coub-anubis-a.akamaized.net/coub_storage/media_block/cw_image/e398b3398a7/74a05f0e7621088af8677/1491945274_1470716847_00032.jpg","image_retina":"https://coub-anubis-a.akamaized.net/coub_storage/media_block/cw_image/e398b3398a7/74a05f0e7621088af8677/1491945274_1470716847_00032.jpg","meta":{"duration":"10.04"},"duration":null,"coub_channel_title":"Vasil Fellow=)","coub_channel_permalink":"vasil-fellow","coub_views_count":1915821,"coub_permalink":"7kglid30"}],"external_video":{"id":24935791,"title":"Извините,  я не слушал.  Большой Лебовски.","url":"http://www.youtube.com/watch?v=1zVtoAITqIU","image":"https://coub-anubis-a.akamaized.net/coub_storage/media_block/cw_image/3a32f10710a/c7955aae379379526191c/1519377274_1519377268_1uwz3ek_att-url-download.jpg","image_retina":"https://coub-anubis-a.akamaized.net/coub_storage/media_block/cw_image/3a32f10710a/c7955aae379379526191c/1519377274_1519377268_1uwz3ek_att-url-download.jpg","meta":{"service":"Youtube","duration":"5.0"},"duration":5.0,"raw_video_id":11185033,"has_embed":true}},"raw_video_thumbnail_url":"/missing/missing.png","raw_video_title":"Извините,  я не слушал.  Большой Лебовски.","video_block_banned":false,"duration":5.8,"promo_winner":false,"promo_winner_recoubers":null,"editorial_info":{},"promo_hint":null,"beeline_best_2014":null,"from_web_editor":true,"normalize_sound":true,"normalize_change_allowed":true,"best2015_addable":false,"ahmad_promo":null,"promo_data":null,"audio_copyright_claim":null,"ads_disabled":null,"is_safe_for_ads":true,"megafon_contents":[],"position_on_page":7},{"flag":null,"abuses":null,"recoubs_by_users_channels":null,"favourite":false,"promoted_id":null,"recoub":null,"like":null,"dislike":null,"reaction":null,"in_my_best2015":false,"id":66459729,"type":"Coub::Simple","permalink":"134fjv","title":"Now you believe?","visibility_type":"public","original_visibility_type":"public","channel_id":3714725,"created_at":"2018-02-08T20:49:44Z","updated_at":"2022-03-08T04:32:17Z","is_done":true,"views_count":134737,"cotd":null,"cotd_at":null,"visible_on_explore_root":true,"visible_on_explore":true,"featured":true,"published":true,"published_at":"2018-02-09T03:00:00Z","reversed":false,"from_editor_v2":true,"is_editable":true,"original_sound":false,"has_sound":false,"recoub_to":null,"file_versions":{"html5":{"video":{"higher":{"url":"https://coub-anubis-a.akamaized.net/coub_storage/coub/simple/cw_file/6a66c2c0eec/107bc089576ac0a1d319e/muted_mp4_huge_size_1568192095_muted_huge.mp4","size":3115326},"high":{"url":"https://coub-anubis-a.akamaized.net/coub_storage/coub/simple/cw_file/6a66c2c0eec/107bc089576ac0a1d319e/muted_mp4_big_size_1568192095_muted_big.mp4","size":2066485},"med":{"url":"https://coub-anubis-a.akamaized.net/coub_storage/coub/simple/cw_file/6a66c2c0eec/107bc089576ac0a1d319e/muted_mp4_med_size_1568192095_muted_med.mp4","size":616745}},"audio":{"high":{"url":"https://coub-anubis-a.akamaized.net/coub_storage/coub/simple/cw_looped_audio_high/37d7f1d908c/0ecc3765426468ca20eff/1605630644_high_1518130631_high.mp3","size":1256068},"med":{"url":"https://coub-anubis-a.akamaized.net/coub_storage/coub/simple/cw_looped_audio_med/d256a7663eb/4b5d7101b43eec6a6390e/1605630644_med_1518130631_med.mp3","size":954513}}},"mobile":{"video":"https://coub-anubis-a.akamaized.net/coub_storage/coub/simple/cw_file/6a66c2c0eec/107bc089576ac0a1d319e/muted_mp4_med_size_1568192095_muted_med.mp4","audio":["https://coub-anubis-a.akamaized.net/coub_storage/coub/simple/cw_looped_audio_med/d256a7663eb/4b5d7101b43eec6a6390e/1605630644_med_1518130631_med.mp3"]},"share":{"default":"https://coub-anubis-a.akamaized.net/coub_storage/coub/simple/cw_video_for_sharing/1f62d85358b/c7f081580e02da1884569/1615130618_looped_1615130617.mp4"}},"audio_versions":{"template":"https://coub-anubis-a.akamaized.net/coub_storage/audio_track/cw_normalized_copy/cec4316b0a7/84dd89d805b6ad3a040b4/mid_1518130628_hg0sm6_normalized_1518130625_z0r747_edited.mp3","versions":["mid","low"]},"image_versions":{"template":"https://coub-anubis-a.akamaized.net/coub_storage/coub/simple/cw_image/1f823ae5cb9/d5e8a0982006f45b31b8b/1518130645_00032.jpg","versions":["micro","tiny","age_restricted","ios_large","ios_mosaic","big","med","small","pinterest"]},"first_frame_versions":{"template":"https://coub-anubis-a.akamaized.net/coub_storage/coub/simple/cw_timeline_pic/93269301f0b/cc6f74a8c143148c9d0fd/%{version}_1518130644_image.jpg","versions":["big","med","small","ios_large"]},"dimensions":{"big":[1280,800],"med":[640,400]},"site_w_h":[640,400],"page_w_h":[640,400],"site_w_h_small":[310,194],"size":[1280,800],"age_restricted":false,"age_restricted_by_admin":false,"not_safe_for_work":false,"allow_reuse":false,"dont_crop":false,"banned":false,"global_safe":true,"audio_file_url":"https://coub-anubis-a.akamaized.net/coub_storage/audio_track/cw_normalized_copy/cec4316b0a7/84dd89d805b6ad3a040b4/low_1518130628_hg0sm6_normalized_1518130625_z0r747_edited.mp3","external_download":{"type":"Youtube","service_name":"YouTube","url":"http://youtu.be/QNzzJzdgUto","has_embed":true},"application":null,"channel":{"id":3714725,"permalink":"mazingcoub","title":"MazingCoub","description":"Everything you... I can imagine!\r\n\r\nI'll be back... probably","followers_count":1269,"following_count":39,"avatar_versions":{"template":"https://coub-anubis-a.akamaized.net/coub_storage/channel/cw_avatar/a843ab25d86/d638e2b5b5ebfa19c2253/%{version}_1607423811_77cx9z_1601646485_profile6.png","versions":["medium","medium_2x","profile_pic","profile_pic_new","profile_pic_new_2x","tiny","tiny_2x","small","small_2x","ios_large","ios_small"]}},"file":null,"picture":"https://coub-anubis-a.akamaized.net/coub_storage/coub/simple/cw_image/1f823ae5cb9/d5e8a0982006f45b31b8b/1518130645_00032.jpg","timeline_picture":"https://coub-anubis-a.akamaized.net/coub_storage/coub/simple/cw_timeline_pic/93269301f0b/cc6f74a8c143148c9d0fd/ios_large_1518130644_image.jpg","small_picture":"https://coub-anubis-a.akamaized.net/coub_storage/coub/simple/cw_image/1f823ae5cb9/d5e8a0982006f45b31b8b/1518130645_00032.jpg","sharing_picture":null,"percent_done":100,"tags":[{"id":7677,"title":"bruce almighty","value":"bruce%20almighty"},{"id":3791,"title":"morgan freeman","value":"morgan%20freeman"},{"id":4325,"title":"jim carrey","value":"jim%20carrey"},{"id":72053,"title":"super bowl","value":"super%20bowl"},{"id":1626,"title":"commercial","value":"commercial"},{"id":154,"title":"movie","value":"movie"},{"id":5326,"title":"mashup","value":"mashup"}],"categories":[{"id":37,"title":"Mashup","permalink":"mashup","subscriptions_count":10075240,"big_image_url":"https://coub-anubis-a.akamaized.net/coub_storage/category/cw_image/93ae83fbc3f/4d90453882a0f2e50dbc0/big_1544622036_Mashup.png","small_image_url":"https://coub-anubis-a.akamaized.net/coub_storage/category/cw_image/93ae83fbc3f/4d90453882a0f2e50dbc0/small_1544622036_Mashup.png","med_image_url":"https://coub-anubis-a.akamaized.net/coub_storage/category/cw_image/93ae83fbc3f/4d90453882a0f2e50dbc0/med_1544622036_Mashup.png","visible":true}],"communities":[{"id":37,"title":"Mashup","permalink":"mashup","subscriptions_count":10075240,"big_image_url":"https://coub-anubis-a.akamaized.net/coub_storage/category/cw_image/93ae83fbc3f/4d90453882a0f2e50dbc0/big_1544622036_Mashup.png","small_image_url":"https://coub-anubis-a.akamaized.net/coub_storage/category/cw_image/93ae83fbc3f/4d90453882a0f2e50dbc0/small_1544622036_Mashup.png","med_image_url":"https://coub-anubis-a.akamaized.net/coub_storage/category/cw_image/93ae83fbc3f/4d90453882a0f2e50dbc0/med_1544622036_Mashup.png","i_subscribed":true,"community_notifications_enabled":null,"description":null}],"recoubs_count":308,"remixes_count":3,"likes_count":1832,"dislikes_count":0,"raw_video_id":11035210,"uploaded_by_ios_app":false,"uploaded_by_android_app":false,"media_blocks":{"uploaded_raw_videos":[],"external_raw_videos":[{"id":24498462,"title":"DORITOS BLAZE vs. MTN DEW ICE | Super Bowl Commercial with Peter Dinklage and Morgan Freeman","url":"http://www.youtube.com/watch?v=QNzzJzdgUto","image":"https://coub-anubis-a.akamaized.net/coub_storage/media_block/cw_image/aa8d60b6c55/68356a9801584f6e9a77f/1517383164_1517383153_cpdm5a_att-url-download.jpg","image_retina":"https://coub-anubis-a.akamaized.net/coub_storage/media_block/cw_image/aa8d60b6c55/68356a9801584f6e9a77f/1517383164_1517383153_cpdm5a_att-url-download.jpg","meta":{"service":"Youtube","duration":"60.04"},"duration":60.04,"raw_video_id":11035210,"has_embed":true}],"remixed_from_coubs":[],"external_video":{"id":24498462,"title":"DORITOS BLAZE vs. MTN DEW ICE | Super Bowl Commercial with Peter Dinklage and Morgan Freeman","url":"http://www.youtube.com/watch?v=QNzzJzdgUto","image":"https://coub-anubis-a.akamaized.net/coub_storage/media_block/cw_image/aa8d60b6c55/68356a9801584f6e9a77f/1517383164_1517383153_cpdm5a_att-url-download.jpg","image_retina":"https://coub-anubis-a.akamaized.net/coub_storage/media_block/cw_image/aa8d60b6c55/68356a9801584f6e9a77f/1517383164_1517383153_cpdm5a_att-url-download.jpg","meta":{"service":"Youtube","duration":"60.04"},"duration":60.04,"raw_video_id":11035210,"has_embed":true}},"raw_video_thumbnail_url":"/missing/missing.png","raw_video_title":"DORITOS BLAZE vs. MTN DEW ICE | Super Bowl Commercial with Peter Dinklage and Morgan Freeman","video_block_banned":false,"duration":10.04,"promo_winner":false,"promo_winner_recoubers":null,"editorial_info":{},"promo_hint":null,"beeline_best_2014":null,"from_web_editor":true,"normalize_sound":true,"normalize_change_allowed":true,"best2015_addable":false,"ahmad_promo":null,"promo_data":null,"audio_copyright_claim":null,"ads_disabled":false,"is_safe_for_ads":true,"megafon_contents":[],"position_on_page":8},{"flag":null,"abuses":null,"recoubs_by_users_channels":null,"favourite":false,"promoted_id":null,"recoub":null,"like":null,"dislike":null,"reaction":null,"in_my_best2015":false,"id":60154349,"type":"Coub::Simple","permalink":"zd6e7","title":"Mary Poppins “Then And Now”","visibility_type":"public","original_visibility_type":"public","channel_id":3585406,"created_at":"2017-11-09T03:16:32Z","updated_at":"2022-03-09T04:53:07Z","is_done":true,"views_count":179498,"cotd":null,"cotd_at":null,"visible_on_explore_root":true,"visible_on_explore":true,"featured":true,"published":true,"published_at":"2017-11-09T03:16:32Z","reversed":false,"from_editor_v2":true,"is_editable":true,"original_sound":true,"has_sound":true,"recoub_to":null,"file_versions":{"html5":{"video":{"higher":{"url":"https://coub-anubis-a.akamaized.net/coub_storage/coub/simple/cw_file/427821a320b/962cfaefb968c5bedb998/muted_mp4_huge_size_1568161876_muted_huge.mp4","size":2941464},"high":{"url":"https://coub-anubis-a.akamaized.net/coub_storage/coub/simple/cw_file/427821a320b/962cfaefb968c5bedb998/muted_mp4_big_size_1568161876_muted_big.mp4","size":1988079},"med":{"url":"https://coub-anubis-a.akamaized.net/coub_storage/coub/simple/cw_file/427821a320b/962cfaefb968c5bedb998/muted_mp4_med_size_1568161876_muted_med.mp4","size":733237}},"audio":{"high":{"url":"https://coub-anubis-a.akamaized.net/coub_storage/coub/simple/cw_looped_audio_high/6604a239669/67a8c991da01337acf75d/1605614111_high_1510197407_high.mp3","size":1153286},"med":{"url":"https://coub-anubis-a.akamaized.net/coub_storage/coub/simple/cw_looped_audio_med/06a1fd68c82/04ef305abd290966cc59b/1605614110_med_1510197407_med.mp3","size":878202},"sample_duration":6.873}},"mobile":{"video":"https://coub-anubis-a.akamaized.net/coub_storage/coub/simple/cw_file/427821a320b/962cfaefb968c5bedb998/muted_mp4_med_size_1568161876_muted_med.mp4","audio":["https://coub-anubis-a.akamaized.net/coub_storage/coub/simple/cw_looped_audio_med/06a1fd68c82/04ef305abd290966cc59b/1605614110_med_1510197407_med.mp3"]},"share":{"default":"https://coub-anubis-a.akamaized.net/coub_storage/coub/simple/cw_video_for_sharing/35d4e0b147f/e82a10bdd302959eb482a/1637352905_looped_1637352904.mp4"}},"audio_versions":{},"image_versions":{"template":"https://coub-anubis-a.akamaized.net/coub_storage/coub/simple/cw_image/6127eace13a/94e52d06b77b1a1907f02/1510197413_00022.jpg","versions":["micro","tiny","age_restricted","ios_large","ios_mosaic","big","med","small","pinterest"]},"first_frame_versions":{"template":"https://coub-anubis-a.akamaized.net/coub_storage/coub/simple/cw_timeline_pic/f3894b5e001/3a328e8f89c237607db58/%{version}_1510197413_image.jpg","versions":["big","med","small","ios_large"]},"dimensions":{"big":[1280,720],"med":[640,360]},"site_w_h":[640,360],"page_w_h":[640,360],"site_w_h_small":[310,174],"size":[1280,720],"age_restricted":false,"age_restricted_by_admin":false,"not_safe_for_work":false,"allow_reuse":false,"dont_crop":false,"banned":false,"global_safe":true,"audio_file_url":null,"external_download":{"type":"Youtube","service_name":"YouTube","url":"http://www.youtube.com/watch?v=MXPsCd1woYQ","has_embed":true},"application":null,"channel":{"id":3585406,"permalink":"sso-t-un","title":"ßo§TēUN","description":"pretty much about everything ...","followers_count":173,"following_count":197,"avatar_versions":{"template":"https://coub-anubis-a.akamaized.net/coub_storage/channel/cw_avatar/1cde9f3f389/971c5b9b4589acb34e2df/%{version}_1608161430_mbj34m_1530610324_filename.jpeg","versions":["medium","medium_2x","profile_pic","profile_pic_new","profile_pic_new_2x","tiny","tiny_2x","small","small_2x","ios_large","ios_small"]}},"file":null,"picture":"https://coub-anubis-a.akamaized.net/coub_storage/coub/simple/cw_image/6127eace13a/94e52d06b77b1a1907f02/1510197413_00022.jpg","timeline_picture":"https://coub-anubis-a.akamaized.net/coub_storage/coub/simple/cw_timeline_pic/f3894b5e001/3a328e8f89c237607db58/ios_large_1510197413_image.jpg","small_picture":"https://coub-anubis-a.akamaized.net/coub_storage/coub/simple/cw_image/6127eace13a/94e52d06b77b1a1907f02/1510197413_00022.jpg","sharing_picture":null,"percent_done":100,"tags":[],"categories":[{"id":37,"title":"Mashup","permalink":"mashup","subscriptions_count":10075240,"big_image_url":"https://coub-anubis-a.akamaized.net/coub_storage/category/cw_image/93ae83fbc3f/4d90453882a0f2e50dbc0/big_1544622036_Mashup.png","small_image_url":"https://coub-anubis-a.akamaized.net/coub_storage/category/cw_image/93ae83fbc3f/4d90453882a0f2e50dbc0/small_1544622036_Mashup.png","med_image_url":"https://coub-anubis-a.akamaized.net/coub_storage/category/cw_image/93ae83fbc3f/4d90453882a0f2e50dbc0/med_1544622036_Mashup.png","visible":true}],"communities":[{"id":37,"title":"Mashup","permalink":"mashup","subscriptions_count":10075240,"big_image_url":"https://coub-anubis-a.akamaized.net/coub_storage/category/cw_image/93ae83fbc3f/4d90453882a0f2e50dbc0/big_1544622036_Mashup.png","small_image_url":"https://coub-anubis-a.akamaized.net/coub_storage/category/cw_image/93ae83fbc3f/4d90453882a0f2e50dbc0/small_1544622036_Mashup.png","med_image_url":"https://coub-anubis-a.akamaized.net/coub_storage/category/cw_image/93ae83fbc3f/4d90453882a0f2e50dbc0/med_1544622036_Mashup.png","i_subscribed":true,"community_notifications_enabled":null,"description":null}],"recoubs_count":314,"remixes_count":2,"likes_count":1832,"dislikes_count":0,"raw_video_id":10540287,"uploaded_by_ios_app":true,"uploaded_by_android_app":false,"media_blocks":{"uploaded_raw_videos":[],"external_raw_videos":[{"id":23170737,"title":"Guardians of the Galaxy Vol. 2 (2017) | Yondu: \"I'm Mary Poppins Y'all\"","url":"http://www.youtube.com/watch?v=MXPsCd1woYQ","image":"https://coub-anubis-a.akamaized.net/coub_storage/media_block/cw_image/668474918e5/06869dfaaa4efd912158c/1510196485_1510196473_1o0349f_att-url-download.jpg","image_retina":"https://coub-anubis-a.akamaized.net/coub_storage/media_block/cw_image/668474918e5/06869dfaaa4efd912158c/1510196485_1510196473_1o0349f_att-url-download.jpg","meta":{"service":"Youtube","duration":"63.68"},"duration":63.68,"raw_video_id":10540287,"has_embed":true},{"id":13212777,"title":"Mary Poppins Flying Nanny Scene","url":"http://www.youtube.com/watch?v=5BHoDW9f7vY","image":"https://coub-anubis-a.akamaized.net/coub_storage/media_block/cw_image/45dbe2972ab/73d404408596ddbdbbd91/1492750432_1487011421_15kww38_att-url-download.jpg","image_retina":"https://coub-anubis-a.akamaized.net/coub_storage/media_block/cw_image/45dbe2972ab/73d404408596ddbdbbd91/1492750432_1487011421_15kww38_att-url-download.jpg","meta":{"service":"Youtube","duration":"156.32"},"duration":156.32,"raw_video_id":9102052,"has_embed":true}],"remixed_from_coubs":[],"external_video":{"id":23170737,"title":"Guardians of the Galaxy Vol. 2 (2017) | Yondu: \"I'm Mary Poppins Y'all\"","url":"http://www.youtube.com/watch?v=MXPsCd1woYQ","image":"https://coub-anubis-a.akamaized.net/coub_storage/media_block/cw_image/668474918e5/06869dfaaa4efd912158c/1510196485_1510196473_1o0349f_att-url-download.jpg","image_retina":"https://coub-anubis-a.akamaized.net/coub_storage/media_block/cw_image/668474918e5/06869dfaaa4efd912158c/1510196485_1510196473_1o0349f_att-url-download.jpg","meta":{"service":"Youtube","duration":"63.68"},"duration":63.68,"raw_video_id":10540287,"has_embed":true}},"raw_video_thumbnail_url":"/missing/missing.png","raw_video_title":"Guardians of the Galaxy Vol. 2 (2017) | Yondu: \"I'm Mary Poppins Y'all\"","video_block_banned":false,"duration":6.8,"promo_winner":false,"promo_winner_recoubers":null,"editorial_info":{},"promo_hint":null,"beeline_best_2014":null,"from_web_editor":false,"normalize_sound":true,"normalize_change_allowed":true,"best2015_addable":false,"ahmad_promo":null,"promo_data":null,"audio_copyright_claim":null,"ads_disabled":false,"is_safe_for_ads":true,"megafon_contents":[],"position_on_page":9},{"flag":null,"abuses":null,"recoubs_by_users_channels":null,"favourite":false,"promoted_id":null,"recoub":null,"like":null,"dislike":null,"reaction":null,"in_my_best2015":false,"id":59166820,"type":"Coub::Simple","permalink":"ys0ek","title":"Hit 'n' Hide","visibility_type":"public","original_visibility_type":"public","channel_id":3511,"created_at":"2017-10-21T20:04:49Z","updated_at":"2022-03-04T06:35:47Z","is_done":true,"views_count":181477,"cotd":null,"cotd_at":null,"visible_on_explore_root":true,"visible_on_explore":true,"featured":true,"published":true,"published_at":"2017-10-21T20:04:49Z","reversed":false,"from_editor_v2":true,"is_editable":true,"original_sound":false,"has_sound":false,"recoub_to":null,"file_versions":{"html5":{"video":{"higher":{"url":"https://coub-anubis-a.akamaized.net/coub_storage/coub/simple/cw_file/23ec4292ead/45baed8a9c9528cc330a3/muted_mp4_huge_size_1568156689_muted_huge.mp4","size":3237476},"high":{"url":"https://coub-anubis-a.akamaized.net/coub_storage/coub/simple/cw_file/23ec4292ead/45baed8a9c9528cc330a3/muted_mp4_big_size_1568156689_muted_big.mp4","size":2352626},"med":{"url":"https://coub-anubis-a.akamaized.net/coub_storage/coub/simple/cw_file/23ec4292ead/45baed8a9c9528cc330a3/muted_mp4_med_size_1568156689_muted_med.mp4","size":660195}},"audio":{"high":{"url":"https://coub-anubis-a.akamaized.net/coub_storage/coub/simple/cw_looped_audio_high/01329ce2904/6326992f6d01e15c24453/1605575100_high_1508616331_high.mp3","size":1089794},"med":{"url":"https://coub-anubis-a.akamaized.net/coub_storage/coub/simple/cw_looped_audio_med/6ef0c899e07/21434d8edd93f731395e7/1605575099_med_1508616331_med.mp3","size":800327}}},"mobile":{"video":"https://coub-anubis-a.akamaized.net/coub_storage/coub/simple/cw_file/23ec4292ead/45baed8a9c9528cc330a3/muted_mp4_med_size_1568156689_muted_med.mp4","audio":["https://coub-anubis-a.akamaized.net/coub_storage/coub/simple/cw_looped_audio_med/6ef0c899e07/21434d8edd93f731395e7/1605575099_med_1508616331_med.mp3"]},"share":{"default":"https://coub-anubis-a.akamaized.net/coub_storage/coub/simple/cw_video_for_sharing/a88d2cfb313/122552453dba95629dcfc/1624901690_looped_1624901689.mp4"}},"audio_versions":{"template":"https://coub-anubis-a.akamaized.net/coub_storage/audio_track/cw_normalized_copy/1e3891c0c42/71d6c4db0dd702e174183/mid_1515007126_4zxmy1_normalized_1508615968_audio.mp3","versions":["mid","low"]},"image_versions":{"template":"https://coub-anubis-a.akamaized.net/coub_storage/coub/simple/cw_image/ec2d128036a/ef7526c48078ee9902b77/1508616345_00032.jpg","versions":["micro","tiny","age_restricted","ios_large","ios_mosaic","big","med","small","pinterest"]},"first_frame_versions":{"template":"https://coub-anubis-a.akamaized.net/coub_storage/coub/simple/cw_timeline_pic/4356d6f00dc/4ffa76994be5e4fb81bb4/%{version}_1508616345_image.jpg","versions":["big","med","small","ios_large"]},"dimensions":{"big":[1280,536],"med":[640,268]},"site_w_h":[640,268],"page_w_h":[640,268],"site_w_h_small":[310,130],"size":[1280,536],"age_restricted":false,"age_restricted_by_admin":false,"not_safe_for_work":false,"allow_reuse":false,"dont_crop":false,"banned":false,"global_safe":true,"audio_file_url":"https://coub-anubis-a.akamaized.net/coub_storage/audio_track/cw_normalized_copy/1e3891c0c42/71d6c4db0dd702e174183/low_1515007126_4zxmy1_normalized_1508615968_audio.mp3","external_download":false,"application":null,"channel":{"id":3511,"permalink":"irgum761","title":"Irgum Smith","description":"I'm Hungarian so \"me ne gavarit paruski\"\r\nI like movie mashups, loops and artistc coubs (I make always original contents sometimes I marked)","followers_count":26499,"following_count":1401,"avatar_versions":{"template":"https://coub-anubis-a.akamaized.net/coub_storage/channel/cw_avatar/6f1c0c67ce8/cce7de20bc8e37241e5f0/%{version}_1474480045_avatar_kocka.jpg","versions":["medium","medium_2x","profile_pic","profile_pic_new","profile_pic_new_2x","tiny","tiny_2x","small","small_2x","ios_large","ios_small"]}},"file":null,"picture":"https://coub-anubis-a.akamaized.net/coub_storage/coub/simple/cw_image/ec2d128036a/ef7526c48078ee9902b77/1508616345_00032.jpg","timeline_picture":"https://coub-anubis-a.akamaized.net/coub_storage/coub/simple/cw_timeline_pic/4356d6f00dc/4ffa76994be5e4fb81bb4/ios_large_1508616345_image.jpg","small_picture":"https://coub-anubis-a.akamaized.net/coub_storage/coub/simple/cw_image/ec2d128036a/ef7526c48078ee9902b77/1508616345_00032.jpg","sharing_picture":null,"percent_done":100,"tags":[{"id":92043,"title":"spitfire","value":"spitfire"},{"id":199,"title":"prodigy","value":"prodigy"},{"id":4375,"title":"the prodigy","value":"the%20prodigy"},{"id":625718,"title":"the prodigy - spitfire","value":"the%20prodigy%20-%20spitfire"},{"id":52523,"title":"gun fight","value":"gun%20fight"},{"id":5326,"title":"mashup","value":"mashup"},{"id":3784,"title":"neo","value":"neo"},{"id":766,"title":"matrix","value":"matrix"},{"id":764,"title":"the matrix","value":"the%20matrix"},{"id":21304,"title":"stephen king","value":"stephen%20king"},{"id":196973,"title":"dark tower","value":"dark%20tower"},{"id":901785,"title":"the dark tower","value":"the%20dark%20tower"}],"categories":[{"id":37,"title":"Mashup","permalink":"mashup","subscriptions_count":10075240,"big_image_url":"https://coub-anubis-a.akamaized.net/coub_storage/category/cw_image/93ae83fbc3f/4d90453882a0f2e50dbc0/big_1544622036_Mashup.png","small_image_url":"https://coub-anubis-a.akamaized.net/coub_storage/category/cw_image/93ae83fbc3f/4d90453882a0f2e50dbc0/small_1544622036_Mashup.png","med_image_url":"https://coub-anubis-a.akamaized.net/coub_storage/category/cw_image/93ae83fbc3f/4d90453882a0f2e50dbc0/med_1544622036_Mashup.png","visible":true}],"communities":[{"id":37,"title":"Mashup","permalink":"mashup","subscriptions_count":10075240,"big_image_url":"https://coub-anubis-a.akamaized.net/coub_storage/category/cw_image/93ae83fbc3f/4d90453882a0f2e50dbc0/big_1544622036_Mashup.png","small_image_url":"https://coub-anubis-a.akamaized.net/coub_storage/category/cw_image/93ae83fbc3f/4d90453882a0f2e50dbc0/small_1544622036_Mashup.png","med_image_url":"https://coub-anubis-a.akamaized.net/coub_storage/category/cw_image/93ae83fbc3f/4d90453882a0f2e50dbc0/med_1544622036_Mashup.png","i_subscribed":true,"community_notifications_enabled":null,"description":null}],"recoubs_count":364,"remixes_count":6,"likes_count":1832,"dislikes_count":0,"raw_video_id":10443332,"uploaded_by_ios_app":false,"uploaded_by_android_app":false,"media_blocks":{"uploaded_raw_videos":[],"external_raw_videos":[],"remixed_from_coubs":[]},"raw_video_thumbnail_url":"/missing/missing.png","raw_video_title":"matrix_vs_dark_tower.mp4","video_block_banned":false,"duration":10.04,"promo_winner":false,"promo_winner_recoubers":null,"editorial_info":{},"promo_hint":null,"beeline_best_2014":null,"from_web_editor":true,"normalize_sound":true,"normalize_change_allowed":true,"best2015_addable":false,"ahmad_promo":null,"promo_data":null,"audio_copyright_claim":null,"ads_disabled":false,"is_safe_for_ads":true,"megafon_contents":[],"position_on_page":10}]}