{"page":394,"per_page":10,"total_pages":500,"coubs":[{"flag":null,"abuses":null,"recoubs_by_users_channels":null,"favourite":false,"promoted_id":null,"recoub":null,"like":null,"dislike":null,"reaction":null,"in_my_best2015":false,"id":106912157,"type":"Coub::Simple","permalink":"1r8v8v","title":"Bad Trip of the Vampire","visibility_type":"public","original_visibility_type":"public","channel_id":2834001,"created_at":"2019-03-28T06:38:42Z","updated_at":"2022-03-08T13:19:41Z","is_done":true,"views_count":178649,"cotd":null,"cotd_at":null,"visible_on_explore_root":true,"visible_on_explore":true,"featured":true,"published":true,"published_at":"2019-03-28T06:59:10Z","reversed":false,"from_editor_v2":true,"is_editable":true,"original_sound":false,"has_sound":false,"recoub_to":null,"file_versions":{"html5":{"video":{"higher":{"url":"https://coub-anubis-a.akamaized.net/coub_storage/coub/simple/cw_file/e1b39b719e6/354bc864deaa30307c5e2/muted_mp4_huge_size_1569767611_muted_huge.mp4","size":2426965},"high":{"url":"https://coub-anubis-a.akamaized.net/coub_storage/coub/simple/cw_file/e1b39b719e6/354bc864deaa30307c5e2/muted_mp4_big_size_1569767611_muted_big.mp4","size":1778149},"med":{"url":"https://coub-anubis-a.akamaized.net/coub_storage/coub/simple/cw_file/e1b39b719e6/354bc864deaa30307c5e2/muted_mp4_med_size_1569767611_muted_med.mp4","size":442998}},"audio":{"high":{"url":"https://coub-anubis-a.akamaized.net/coub_storage/coub/simple/cw_looped_audio_high/0d3c31973d3/ee0f4713fe63c74d3a15c/1605680559_high_1553755139_high.mp3","size":1253802},"med":{"url":"https://coub-anubis-a.akamaized.net/coub_storage/coub/simple/cw_looped_audio_med/3642925b93f/5ee13c4758355a0177714/1605680559_med_1553755139_med.mp3","size":956598}}},"mobile":{"video":"https://coub-anubis-a.akamaized.net/coub_storage/coub/simple/cw_file/e1b39b719e6/354bc864deaa30307c5e2/muted_mp4_med_size_1569767611_muted_med.mp4","audio":["https://coub-anubis-a.akamaized.net/coub_storage/coub/simple/cw_looped_audio_med/3642925b93f/5ee13c4758355a0177714/1605680559_med_1553755139_med.mp3"]},"share":{"default":"https://coub-anubis-a.akamaized.net/coub_storage/coub/simple/cw_video_for_sharing/38ca4569a4b/d65d89f20335f3152971a/1611834129_looped_1611834128.mp4"}},"audio_versions":{"template":"https://coub-anubis-a.akamaized.net/coub_storage/audio_track/cw_file/f8be37de4bd/d6f575434964883d42eaa/mid_1553755131_1kk0ol5_edited.mp3","versions":["mid","low"]},"image_versions":{"template":"https://coub-anubis-a.akamaized.net/coub_storage/coub/simple/cw_image/c7099682bdd/b08e2a058338132229143/1553755146_00032.jpg","versions":["micro","tiny","age_restricted","ios_large","ios_mosaic","big","med","small","pinterest"]},"first_frame_versions":{"template":"https://coub-anubis-a.akamaized.net/coub_storage/coub/simple/cw_timeline_pic/3fcb2627ae2/03382bfbfde4991e2c890/1553755145_image.jpg","versions":["big","med","small","ios_large"]},"dimensions":{"big":[1280,720],"med":[640,360]},"site_w_h":[640,360],"page_w_h":[640,360],"site_w_h_small":[310,174],"size":[1280,720],"age_restricted":false,"age_restricted_by_admin":false,"not_safe_for_work":false,"allow_reuse":false,"dont_crop":false,"banned":false,"global_safe":true,"audio_file_url":"https://coub-anubis-a.akamaized.net/coub_storage/audio_track/cw_file/f8be37de4bd/d6f575434964883d42eaa/low_1553755131_1kk0ol5_edited.mp3","external_download":false,"application":null,"channel":{"id":2834001,"permalink":"shkudi-coub","title":"Shkudi","description":null,"followers_count":26748,"following_count":151,"avatar_versions":{"template":"https://coub-anubis-a.akamaized.net/coub_storage/channel/cw_avatar/25c3af615cd/fa30bb2f46c86b1e4bcf5/%{version}_1607420514_18tvl4e_1604753569_Screenshot_123.png","versions":["medium","medium_2x","profile_pic","profile_pic_new","profile_pic_new_2x","tiny","tiny_2x","small","small_2x","ios_large","ios_small"]}},"file":null,"picture":"https://coub-anubis-a.akamaized.net/coub_storage/coub/simple/cw_image/c7099682bdd/b08e2a058338132229143/1553755146_00032.jpg","timeline_picture":"https://coub-anubis-a.akamaized.net/coub_storage/coub/simple/cw_timeline_pic/3fcb2627ae2/03382bfbfde4991e2c890/1553755145_image.jpg","small_picture":"https://coub-anubis-a.akamaized.net/coub_storage/coub/simple/cw_image/c7099682bdd/b08e2a058338132229143/1553755146_00032.jpg","sharing_picture":null,"percent_done":100,"tags":[{"id":8833,"title":"silent hill","value":"silent%20hill"},{"id":4803070,"title":"vampire: the masquerade - bloodlines 2","value":"vampire:%20the%20masquerade%20-%20bloodlines%202"},{"id":84380,"title":"vampire: the masquerade","value":"vampire:%20the%20masquerade"},{"id":4790058,"title":"bloodlines 2","value":"bloodlines%202"},{"id":2848,"title":"games","value":"games"},{"id":1140,"title":"game","value":"game"},{"id":2345,"title":"gaming","value":"gaming"},{"id":2117,"title":"vampire","value":"vampire"},{"id":32315,"title":"vampires","value":"vampires"},{"id":2157,"title":"blood","value":"blood"},{"id":1804,"title":"trip","value":"trip"},{"id":1624956,"title":"look away","value":"look%20away"},{"id":388302,"title":"india eisley","value":"india%20eisley"},{"id":94956,"title":"bad trip","value":"bad%20trip"},{"id":3441832,"title":"shkudi","value":"shkudi"},{"id":4234775,"title":"edit by shkudi","value":"edit%20by%20shkudi"},{"id":86,"title":"music","value":"music"},{"id":735,"title":"music video","value":"music%20video"},{"id":5326,"title":"mashup","value":"mashup"},{"id":192569,"title":"mashups","value":"mashups"},{"id":41698,"title":"hybrid","value":"hybrid"},{"id":288361,"title":"hybrids","value":"hybrids"},{"id":21104,"title":"hunger","value":"hunger"},{"id":7163,"title":"unreal","value":"unreal"},{"id":1126,"title":"amazing","value":"amazing"},{"id":367,"title":"hot","value":"hot"},{"id":1367954,"title":"blood lust","value":"blood%20lust"}],"categories":[{"id":37,"title":"Mashup","permalink":"mashup","subscriptions_count":10075240,"big_image_url":"https://coub-anubis-a.akamaized.net/coub_storage/category/cw_image/93ae83fbc3f/4d90453882a0f2e50dbc0/big_1544622036_Mashup.png","small_image_url":"https://coub-anubis-a.akamaized.net/coub_storage/category/cw_image/93ae83fbc3f/4d90453882a0f2e50dbc0/small_1544622036_Mashup.png","med_image_url":"https://coub-anubis-a.akamaized.net/coub_storage/category/cw_image/93ae83fbc3f/4d90453882a0f2e50dbc0/med_1544622036_Mashup.png","visible":true}],"communities":[{"id":37,"title":"Mashup","permalink":"mashup","subscriptions_count":10075240,"big_image_url":"https://coub-anubis-a.akamaized.net/coub_storage/category/cw_image/93ae83fbc3f/4d90453882a0f2e50dbc0/big_1544622036_Mashup.png","small_image_url":"https://coub-anubis-a.akamaized.net/coub_storage/category/cw_image/93ae83fbc3f/4d90453882a0f2e50dbc0/small_1544622036_Mashup.png","med_image_url":"https://coub-anubis-a.akamaized.net/coub_storage/category/cw_image/93ae83fbc3f/4d90453882a0f2e50dbc0/med_1544622036_Mashup.png","i_subscribed":true,"community_notifications_enabled":null,"description":null}],"recoubs_count":360,"remixes_count":2,"likes_count":1943,"dislikes_count":0,"raw_video_id":13450945,"uploaded_by_ios_app":false,"uploaded_by_android_app":false,"media_blocks":{"uploaded_raw_videos":[],"external_raw_videos":[],"remixed_from_coubs":[]},"raw_video_thumbnail_url":"/missing/missing.png","raw_video_title":"Trip_of_the_vampire_50.mp4","video_block_banned":false,"duration":10.0,"promo_winner":false,"promo_winner_recoubers":null,"editorial_info":{},"promo_hint":null,"beeline_best_2014":null,"from_web_editor":true,"normalize_sound":false,"normalize_change_allowed":true,"best2015_addable":false,"ahmad_promo":null,"promo_data":null,"audio_copyright_claim":null,"ads_disabled":false,"is_safe_for_ads":true,"megafon_contents":[],"position_on_page":1},{"flag":null,"abuses":null,"recoubs_by_users_channels":null,"favourite":false,"promoted_id":null,"recoub":null,"like":null,"dislike":null,"reaction":null,"in_my_best2015":false,"id":88666258,"type":"Coub::Simple","permalink":"1gdsih","title":"Legendary","visibility_type":"public","original_visibility_type":"public","channel_id":4155328,"created_at":"2018-10-19T17:19:06Z","updated_at":"2022-03-03T09:19:51Z","is_done":true,"views_count":124654,"cotd":null,"cotd_at":null,"visible_on_explore_root":false,"visible_on_explore":false,"featured":false,"published":true,"published_at":"2018-10-19T17:19:06Z","reversed":false,"from_editor_v2":true,"is_editable":true,"original_sound":false,"has_sound":false,"recoub_to":null,"file_versions":{"html5":{"video":{"higher":{"url":"https://coub-anubis-a.akamaized.net/coub_storage/coub/simple/cw_file/2681be80412/8693e077af80297831cd2/muted_mp4_huge_size_1571350829_muted_huge.mp4","size":4454934},"high":{"url":"https://coub-anubis-a.akamaized.net/coub_storage/coub/simple/cw_file/2681be80412/8693e077af80297831cd2/muted_mp4_big_size_1571350829_muted_big.mp4","size":3057854},"med":{"url":"https://coub-anubis-a.akamaized.net/coub_storage/coub/simple/cw_file/2681be80412/8693e077af80297831cd2/muted_mp4_med_size_1571350829_muted_med.mp4","size":992675}},"audio":{"high":{"url":"https://coub-anubis-a.akamaized.net/coub_storage/coub/simple/cw_looped_audio_high/994e9f1658f/e71386c85c181babf192f/1605602373_high_1539969623_high.mp3","size":7266327},"med":{"url":"https://coub-anubis-a.akamaized.net/coub_storage/coub/simple/cw_looped_audio_med/d89d4a54175/60020a970eebd72aba81d/1605602372_med_1539969623_med.mp3","size":5362403}}},"mobile":{"video":"https://coub-anubis-a.akamaized.net/coub_storage/coub/simple/cw_file/2681be80412/8693e077af80297831cd2/muted_mp4_med_size_1571350829_muted_med.mp4","audio":["https://coub-anubis-a.akamaized.net/coub_storage/coub/simple/cw_looped_audio_med/d89d4a54175/60020a970eebd72aba81d/1605602372_med_1539969623_med.mp3"]},"share":{"default":"https://coub-anubis-a.akamaized.net/coub_storage/coub/simple/cw_video_for_sharing/f885046ee50/43a0a6d4a00312f9b3b5f/1613246747_looped_1613246745.mp4"}},"audio_versions":{"template":"https://coub-anubis-a.akamaized.net/coub_storage/audio_track/cw_normalized_copy/023f3c7a8af/5a52db465f85314e5746f/mid_1539969598_normalized_1539969560_1jvx1ew_edited.mp3","versions":["mid","low"]},"image_versions":{"template":"https://coub-anubis-a.akamaized.net/coub_storage/coub/simple/cw_image/376d66c8028/87d2db8c103226bcb884f/1539969649_00032.jpg","versions":["micro","tiny","age_restricted","ios_large","ios_mosaic","big","med","small","pinterest"]},"first_frame_versions":{"template":"https://coub-anubis-a.akamaized.net/coub_storage/coub/simple/cw_timeline_pic/abdcb13ef4c/e4e84db34923478c78e62/%{version}_1539969648_image.jpg","versions":["big","med","small","ios_large"]},"dimensions":{"big":[960,960],"med":[480,480]},"site_w_h":[400,400],"page_w_h":[400,400],"site_w_h_small":[310,310],"size":[960,960],"age_restricted":false,"age_restricted_by_admin":false,"not_safe_for_work":false,"allow_reuse":false,"dont_crop":false,"banned":false,"global_safe":true,"audio_file_url":"https://coub-anubis-a.akamaized.net/coub_storage/audio_track/cw_normalized_copy/023f3c7a8af/5a52db465f85314e5746f/low_1539969598_normalized_1539969560_1jvx1ew_edited.mp3","external_download":{"type":"Youtube","service_name":"YouTube","url":"https://www.youtube.com/watch?v=2lylhnLlMCE","has_embed":true},"application":null,"channel":{"id":4155328,"permalink":"gordon.geekko","title":"GOᖇᗪOᑎ GEEKKO","description":null,"followers_count":174,"following_count":1,"avatar_versions":{"template":"https://coub-anubis-a.akamaized.net/coub_storage/channel/cw_avatar/2e7bd87c6ed/9e3d6144e7b9c7c4c020f/%{version}_1607615649_dc3rkt_1520344727_michael-douglas-gordon-gekko-wall-street-poster-spiros-soutsos.jpg","versions":["medium","medium_2x","profile_pic","profile_pic_new","profile_pic_new_2x","tiny","tiny_2x","small","small_2x","ios_large","ios_small"]}},"file":null,"picture":"https://coub-anubis-a.akamaized.net/coub_storage/coub/simple/cw_image/376d66c8028/87d2db8c103226bcb884f/1539969649_00032.jpg","timeline_picture":"https://coub-anubis-a.akamaized.net/coub_storage/coub/simple/cw_timeline_pic/abdcb13ef4c/e4e84db34923478c78e62/ios_large_1539969648_image.jpg","small_picture":"https://coub-anubis-a.akamaized.net/coub_storage/coub/simple/cw_image/376d66c8028/87d2db8c103226bcb884f/1539969649_00032.jpg","sharing_picture":null,"percent_done":100,"tags":[{"id":4366412,"title":"perceval","value":"perceval"},{"id":173196,"title":"grail","value":"grail"},{"id":18384,"title":"coin","value":"coin"},{"id":4366413,"title":"numismatic","value":"numismatic"},{"id":142519,"title":"reklámfilm","value":"rekl%C3%A1mfilm"},{"id":2932180,"title":"food (tv genre)","value":"food%20(tv%20genre)"},{"id":2994906,"title":"advertising campaign (film subject)","value":"advertising%20campaign%20(film%20subject)"},{"id":3399913,"title":"zwack (business operation)","value":"zwack%20(business%20operation)"}],"categories":[{"id":37,"title":"Mashup","permalink":"mashup","subscriptions_count":10075240,"big_image_url":"https://coub-anubis-a.akamaized.net/coub_storage/category/cw_image/93ae83fbc3f/4d90453882a0f2e50dbc0/big_1544622036_Mashup.png","small_image_url":"https://coub-anubis-a.akamaized.net/coub_storage/category/cw_image/93ae83fbc3f/4d90453882a0f2e50dbc0/small_1544622036_Mashup.png","med_image_url":"https://coub-anubis-a.akamaized.net/coub_storage/category/cw_image/93ae83fbc3f/4d90453882a0f2e50dbc0/med_1544622036_Mashup.png","visible":true}],"communities":[{"id":37,"title":"Mashup","permalink":"mashup","subscriptions_count":10075240,"big_image_url":"https://coub-anubis-a.akamaized.net/coub_storage/category/cw_image/93ae83fbc3f/4d90453882a0f2e50dbc0/big_1544622036_Mashup.png","small_image_url":"https://coub-anubis-a.akamaized.net/coub_storage/category/cw_image/93ae83fbc3f/4d90453882a0f2e50dbc0/small_1544622036_Mashup.png","med_image_url":"https://coub-anubis-a.akamaized.net/coub_storage/category/cw_image/93ae83fbc3f/4d90453882a0f2e50dbc0/med_1544622036_Mashup.png","i_subscribed":true,"community_notifications_enabled":null,"description":null}],"recoubs_count":392,"remixes_count":0,"likes_count":1943,"dislikes_count":0,"raw_video_id":12556688,"uploaded_by_ios_app":false,"uploaded_by_android_app":false,"media_blocks":{"uploaded_raw_videos":[],"external_raw_videos":[{"id":28702286,"title":"St. Hubertus: The Hunter","url":"https://www.youtube.com/watch?v=2lylhnLlMCE","image":"https://coub-anubis-a.akamaized.net/coub_storage/media_block/cw_image/e6faf4dc5e9/723917d0c2791ee278110/1539969192_1a33s6k_1539969181_1x4evct_att-url-download.jpg","image_retina":"https://coub-anubis-a.akamaized.net/coub_storage/media_block/cw_image/e6faf4dc5e9/723917d0c2791ee278110/1539969192_1a33s6k_1539969181_1x4evct_att-url-download.jpg","meta":{"service":"Youtube","duration":"40.8"},"duration":40.8,"raw_video_id":12556688,"has_embed":true}],"remixed_from_coubs":[{"id":28664196,"title":"Perceval, the Story of the Grail ","url":"https://coub.com/coubs/1g889u/remix","image":"https://coub-anubis-a.akamaized.net/coub_storage/media_block/cw_image/59f73c4e584/640f71f62c38924c56b8b/1539731637_176fiw7_1539731625_00032.jpg","image_retina":"https://coub-anubis-a.akamaized.net/coub_storage/media_block/cw_image/59f73c4e584/640f71f62c38924c56b8b/1539731637_176fiw7_1539731625_00032.jpg","meta":{"duration":"10.0"},"duration":null,"coub_channel_title":"Troll Lajos","coub_channel_permalink":"troll.lajos","coub_views_count":1904176,"coub_permalink":"1g889u"}],"external_video":{"id":28702286,"title":"St. Hubertus: The Hunter","url":"https://www.youtube.com/watch?v=2lylhnLlMCE","image":"https://coub-anubis-a.akamaized.net/coub_storage/media_block/cw_image/e6faf4dc5e9/723917d0c2791ee278110/1539969192_1a33s6k_1539969181_1x4evct_att-url-download.jpg","image_retina":"https://coub-anubis-a.akamaized.net/coub_storage/media_block/cw_image/e6faf4dc5e9/723917d0c2791ee278110/1539969192_1a33s6k_1539969181_1x4evct_att-url-download.jpg","meta":{"service":"Youtube","duration":"40.8"},"duration":40.8,"raw_video_id":12556688,"has_embed":true}},"raw_video_thumbnail_url":"/missing/missing.png","raw_video_title":"St. Hubertus: The Hunter","video_block_banned":false,"duration":9.96,"promo_winner":false,"promo_winner_recoubers":null,"editorial_info":{},"promo_hint":null,"beeline_best_2014":null,"from_web_editor":true,"normalize_sound":true,"normalize_change_allowed":true,"best2015_addable":false,"ahmad_promo":null,"promo_data":null,"audio_copyright_claim":null,"ads_disabled":false,"is_safe_for_ads":true,"megafon_contents":[],"position_on_page":2},{"flag":null,"abuses":null,"recoubs_by_users_channels":null,"favourite":false,"promoted_id":null,"recoub":null,"like":null,"dislike":null,"reaction":null,"in_my_best2015":false,"id":24952761,"type":"Coub::Simple","permalink":"eeofq","title":"Big Le & the Secret Service","visibility_type":"public","original_visibility_type":"public","channel_id":1915594,"created_at":"2016-08-26T02:53:38Z","updated_at":"2022-03-16T06:23:30Z","is_done":true,"views_count":97859,"cotd":null,"cotd_at":null,"visible_on_explore_root":true,"visible_on_explore":true,"featured":true,"published":true,"published_at":"2016-08-26T02:53:38Z","reversed":false,"from_editor_v2":true,"is_editable":true,"original_sound":false,"has_sound":false,"recoub_to":null,"file_versions":{"html5":{"video":{"higher":{"url":"https://coub-anubis-a.akamaized.net/coub_storage/coub/simple/cw_file/c93d6e55591/8309c78e19dab582ec81d/muted_mp4_huge_size_1567915537_muted_huge.mp4","size":3287371},"high":{"url":"https://coub-anubis-a.akamaized.net/coub_storage/coub/simple/cw_file/c93d6e55591/8309c78e19dab582ec81d/muted_mp4_big_size_1567915537_muted_big.mp4","size":2221293},"med":{"url":"https://coub-anubis-a.akamaized.net/coub_storage/coub/simple/cw_file/c93d6e55591/8309c78e19dab582ec81d/muted_mp4_med_size_1567915537_muted_med.mp4","size":616031}},"audio":{"high":{"url":"https://coub-anubis-a.akamaized.net/coub_storage/coub/simple/cw_looped_audio_high/836b0b73948/5f5e17e53d9a20cbcb9cf/1605516497_high_1472180092_high.mp3","size":1453625},"med":{"url":"https://coub-anubis-a.akamaized.net/coub_storage/coub/simple/cw_looped_audio_med/e53e2a5e77e/f1ed1ae05ad50a7faa283/1605516497_med_1472180092_med.mp3","size":1223019}}},"mobile":{"video":"https://coub-anubis-a.akamaized.net/coub_storage/coub/simple/cw_file/c93d6e55591/8309c78e19dab582ec81d/muted_mp4_med_size_1567915537_muted_med.mp4","audio":["https://coub-anubis-a.akamaized.net/coub_storage/coub/simple/cw_looped_audio_med/e53e2a5e77e/f1ed1ae05ad50a7faa283/1605516497_med_1472180092_med.mp3"]},"share":{"default":"https://coub-anubis-a.akamaized.net/coub_storage/coub/simple/cw_video_for_sharing/bf00ba83dbb/7622267adcf99b63b9f72/1618577967_looped_1618577965.mp4"}},"audio_versions":{"template":"https://coub-anubis-a.akamaized.net/coub_storage/audio_track/cw_normalized_copy/6990bdc582e/d6c4b4f0aca5e8083a701/mid_1489222553_1mpgc4d_normalized_1472179729_audio.mp3","versions":["mid","low"]},"image_versions":{"template":"https://coub-anubis-a.akamaized.net/coub_storage/coub/simple/cw_image/0387e93a6b4/9213b23f6956537068f58/1472180110_00032.jpg","versions":["micro","tiny","age_restricted","ios_large","ios_mosaic","big","med","small","pinterest"]},"first_frame_versions":{"template":"https://coub-anubis-a.akamaized.net/coub_storage/coub/simple/cw_timeline_pic/344af41abe5/a1193cd74bcfe493eda23/%{version}_1472180109_image.jpg","versions":["big","med","small","ios_large"]},"dimensions":{"big":[1280,768],"med":[640,384]},"site_w_h":[640,384],"page_w_h":[640,384],"site_w_h_small":[310,186],"size":[1280,768],"age_restricted":false,"age_restricted_by_admin":false,"not_safe_for_work":false,"allow_reuse":false,"dont_crop":false,"banned":false,"global_safe":true,"audio_file_url":"https://coub-anubis-a.akamaized.net/coub_storage/audio_track/cw_normalized_copy/6990bdc582e/d6c4b4f0aca5e8083a701/low_1489222553_1mpgc4d_normalized_1472179729_audio.mp3","external_download":false,"application":null,"channel":{"id":1915594,"permalink":"1969one9","title":"CouBeast","description":null,"followers_count":5883,"following_count":40,"avatar_versions":{"template":"https://coub-anubis-a.akamaized.net/coub_storage/channel/cw_avatar/5edcf85cb5b/bf6a4c4f433359928f999/%{version}_1607422658_ftf8l_1590500368_dribbble_beast.jpg","versions":["medium","medium_2x","profile_pic","profile_pic_new","profile_pic_new_2x","tiny","tiny_2x","small","small_2x","ios_large","ios_small"]}},"file":null,"picture":"https://coub-anubis-a.akamaized.net/coub_storage/coub/simple/cw_image/0387e93a6b4/9213b23f6956537068f58/1472180110_00032.jpg","timeline_picture":"https://coub-anubis-a.akamaized.net/coub_storage/coub/simple/cw_timeline_pic/344af41abe5/a1193cd74bcfe493eda23/ios_large_1472180109_image.jpg","small_picture":"https://coub-anubis-a.akamaized.net/coub_storage/coub/simple/cw_image/0387e93a6b4/9213b23f6956537068f58/1472180110_00032.jpg","sharing_picture":null,"percent_done":100,"tags":[{"id":15281,"title":"cup","value":"cup"},{"id":2602,"title":"big","value":"big"},{"id":1831137,"title":"fert","value":"fert"},{"id":168,"title":"loop","value":"loop"},{"id":1485,"title":"comedy","value":"comedy"},{"id":41698,"title":"hybrid","value":"hybrid"},{"id":3553,"title":"uk","value":"uk"},{"id":175,"title":"usa","value":"usa"},{"id":2236,"title":"police","value":"police"},{"id":26118,"title":"pub","value":"pub"},{"id":7955,"title":"lebowski","value":"lebowski"},{"id":43739,"title":"colin","value":"colin"},{"id":554649,"title":"kingsman","value":"kingsman"}],"categories":[{"id":37,"title":"Mashup","permalink":"mashup","subscriptions_count":10075240,"big_image_url":"https://coub-anubis-a.akamaized.net/coub_storage/category/cw_image/93ae83fbc3f/4d90453882a0f2e50dbc0/big_1544622036_Mashup.png","small_image_url":"https://coub-anubis-a.akamaized.net/coub_storage/category/cw_image/93ae83fbc3f/4d90453882a0f2e50dbc0/small_1544622036_Mashup.png","med_image_url":"https://coub-anubis-a.akamaized.net/coub_storage/category/cw_image/93ae83fbc3f/4d90453882a0f2e50dbc0/med_1544622036_Mashup.png","visible":true}],"communities":[{"id":37,"title":"Mashup","permalink":"mashup","subscriptions_count":10075240,"big_image_url":"https://coub-anubis-a.akamaized.net/coub_storage/category/cw_image/93ae83fbc3f/4d90453882a0f2e50dbc0/big_1544622036_Mashup.png","small_image_url":"https://coub-anubis-a.akamaized.net/coub_storage/category/cw_image/93ae83fbc3f/4d90453882a0f2e50dbc0/small_1544622036_Mashup.png","med_image_url":"https://coub-anubis-a.akamaized.net/coub_storage/category/cw_image/93ae83fbc3f/4d90453882a0f2e50dbc0/med_1544622036_Mashup.png","i_subscribed":true,"community_notifications_enabled":null,"description":null}],"recoubs_count":388,"remixes_count":10,"likes_count":1943,"dislikes_count":0,"raw_video_id":3384498,"uploaded_by_ios_app":false,"uploaded_by_android_app":false,"media_blocks":{"uploaded_raw_videos":[],"external_raw_videos":[],"remixed_from_coubs":[],"audio_track":{"id":19404571,"title":"Unknown","url":null,"image":null,"image_retina":null,"meta":{"year":null,"album":"Unknown","title":"Unknown","artist":"Unknown","echonest_id":null},"duration":null,"amazon_url":null,"google_play_url":null,"bandcamp_url":null,"soundcloud_url":null,"track_name":null,"track_artist":null,"track_album":null,"itunes_url":null}},"raw_video_thumbnail_url":"/missing/missing.png","raw_video_title":"The.Big.Le.avi","video_block_banned":false,"duration":10.12,"promo_winner":false,"promo_winner_recoubers":null,"editorial_info":{},"promo_hint":null,"beeline_best_2014":null,"from_web_editor":true,"normalize_sound":true,"normalize_change_allowed":true,"best2015_addable":false,"ahmad_promo":null,"promo_data":null,"audio_copyright_claim":null,"ads_disabled":null,"is_safe_for_ads":true,"megafon_contents":[],"position_on_page":3},{"flag":null,"abuses":null,"recoubs_by_users_channels":null,"favourite":false,"promoted_id":null,"recoub":null,"like":null,"dislike":null,"reaction":null,"in_my_best2015":false,"id":65569859,"type":"Coub::Simple","permalink":"12l927","title":"The dog's thirst","visibility_type":"public","original_visibility_type":"public","channel_id":2522110,"created_at":"2018-01-27T22:06:16Z","updated_at":"2022-03-09T03:22:23Z","is_done":true,"views_count":188289,"cotd":null,"cotd_at":null,"visible_on_explore_root":false,"visible_on_explore":false,"featured":false,"published":true,"published_at":"2018-01-28T06:33:00Z","reversed":false,"from_editor_v2":true,"is_editable":true,"original_sound":false,"has_sound":false,"recoub_to":null,"file_versions":{"html5":{"video":{"higher":{"url":"https://coub-anubis-a.akamaized.net/coub_storage/coub/simple/cw_file/7750040793d/d9442387a0635396c4273/muted_mp4_huge_size_1568187731_muted_huge.mp4","size":1487814},"high":{"url":"https://coub-anubis-a.akamaized.net/coub_storage/coub/simple/cw_file/7750040793d/d9442387a0635396c4273/muted_mp4_big_size_1568187731_muted_big.mp4","size":1036311},"med":{"url":"https://coub-anubis-a.akamaized.net/coub_storage/coub/simple/cw_file/7750040793d/d9442387a0635396c4273/muted_mp4_med_size_1568187731_muted_med.mp4","size":359884}},"audio":{"high":{"url":"https://coub-anubis-a.akamaized.net/coub_storage/coub/simple/cw_looped_audio_high/9b1953a1f04/987725f1dc952ec08839c/1605628719_high_1517090809_high.mp3","size":1709504},"med":{"url":"https://coub-anubis-a.akamaized.net/coub_storage/coub/simple/cw_looped_audio_med/c64d30bfae8/ce98206af96e06c85ed10/1605628716_med_1517090809_med.mp3","size":1394812}}},"mobile":{"video":"https://coub-anubis-a.akamaized.net/coub_storage/coub/simple/cw_file/7750040793d/d9442387a0635396c4273/muted_mp4_med_size_1568187731_muted_med.mp4","audio":["https://coub-anubis-a.akamaized.net/coub_storage/coub/simple/cw_looped_audio_med/c64d30bfae8/ce98206af96e06c85ed10/1605628716_med_1517090809_med.mp3"]},"share":{"default":"https://coub-anubis-a.akamaized.net/coub_storage/coub/simple/cw_video_for_sharing/0c9b7211a51/61dced5d1f9caf7436d72/1611501261_looped_1611501260.mp4"}},"audio_versions":{"template":"https://coub-anubis-a.akamaized.net/coub_storage/audio_track/cw_normalized_copy/42fdfe60123/72341a224625712e48542/mid_1517090798_nll37k_normalized_1517090788_1jy74yj_edited.mp3","versions":["mid","low"]},"image_versions":{"template":"https://coub-anubis-a.akamaized.net/coub_storage/coub/simple/cw_image/191787ace30/f25ae2d21845d8e6b61f1/1517090821_00011.jpg","versions":["micro","tiny","age_restricted","ios_large","ios_mosaic","big","med","small","pinterest"]},"first_frame_versions":{"template":"https://coub-anubis-a.akamaized.net/coub_storage/coub/simple/cw_timeline_pic/21053dfad07/0c6e2cc1d30b656561d02/1517090821_image.jpg","versions":["big","med","small","ios_large"]},"dimensions":{"big":[1280,544],"med":[640,272]},"site_w_h":[640,272],"page_w_h":[640,272],"site_w_h_small":[310,132],"size":[1280,544],"age_restricted":false,"age_restricted_by_admin":false,"not_safe_for_work":false,"allow_reuse":false,"dont_crop":false,"banned":false,"global_safe":true,"audio_file_url":"https://coub-anubis-a.akamaized.net/coub_storage/audio_track/cw_normalized_copy/42fdfe60123/72341a224625712e48542/low_1517090798_nll37k_normalized_1517090788_1jy74yj_edited.mp3","external_download":false,"application":null,"channel":{"id":2522110,"permalink":"--effv--","title":"EFFV","description":"🚫🚫🚫CLOSED🚫🚫🚫","followers_count":6951,"following_count":158,"avatar_versions":{"template":"https://coub-anubis-a.akamaized.net/coub_storage/channel/cw_avatar/2120ba9efe5/44cb3d216e0d524fc35bd/%{version}_1607420471_gww7vp_1544723788_cropped.jpeg","versions":["medium","medium_2x","profile_pic","profile_pic_new","profile_pic_new_2x","tiny","tiny_2x","small","small_2x","ios_large","ios_small"]}},"file":null,"picture":"https://coub-anubis-a.akamaized.net/coub_storage/coub/simple/cw_image/191787ace30/f25ae2d21845d8e6b61f1/1517090821_00011.jpg","timeline_picture":"https://coub-anubis-a.akamaized.net/coub_storage/coub/simple/cw_timeline_pic/21053dfad07/0c6e2cc1d30b656561d02/1517090821_image.jpg","small_picture":"https://coub-anubis-a.akamaized.net/coub_storage/coub/simple/cw_image/191787ace30/f25ae2d21845d8e6b61f1/1517090821_00011.jpg","sharing_picture":null,"percent_done":100,"tags":[{"id":288361,"title":"hybrids","value":"hybrids"},{"id":2662,"title":"pulp fiction","value":"pulp%20fiction"},{"id":3775,"title":"quentin tarantino","value":"quentin%20tarantino"},{"id":192569,"title":"mashups","value":"mashups"},{"id":2409,"title":"movies","value":"movies"},{"id":2715327,"title":"effektnoe video","value":"effektnoe%20video"},{"id":419,"title":"dog","value":"dog"},{"id":2661,"title":"tarantino","value":"tarantino"}],"categories":[{"id":37,"title":"Mashup","permalink":"mashup","subscriptions_count":10075240,"big_image_url":"https://coub-anubis-a.akamaized.net/coub_storage/category/cw_image/93ae83fbc3f/4d90453882a0f2e50dbc0/big_1544622036_Mashup.png","small_image_url":"https://coub-anubis-a.akamaized.net/coub_storage/category/cw_image/93ae83fbc3f/4d90453882a0f2e50dbc0/small_1544622036_Mashup.png","med_image_url":"https://coub-anubis-a.akamaized.net/coub_storage/category/cw_image/93ae83fbc3f/4d90453882a0f2e50dbc0/med_1544622036_Mashup.png","visible":true}],"communities":[{"id":37,"title":"Mashup","permalink":"mashup","subscriptions_count":10075240,"big_image_url":"https://coub-anubis-a.akamaized.net/coub_storage/category/cw_image/93ae83fbc3f/4d90453882a0f2e50dbc0/big_1544622036_Mashup.png","small_image_url":"https://coub-anubis-a.akamaized.net/coub_storage/category/cw_image/93ae83fbc3f/4d90453882a0f2e50dbc0/small_1544622036_Mashup.png","med_image_url":"https://coub-anubis-a.akamaized.net/coub_storage/category/cw_image/93ae83fbc3f/4d90453882a0f2e50dbc0/med_1544622036_Mashup.png","i_subscribed":true,"community_notifications_enabled":null,"description":null}],"recoubs_count":323,"remixes_count":2,"likes_count":1942,"dislikes_count":0,"raw_video_id":11013924,"uploaded_by_ios_app":false,"uploaded_by_android_app":false,"media_blocks":{"uploaded_raw_videos":[],"external_raw_videos":[],"remixed_from_coubs":[]},"raw_video_thumbnail_url":"/missing/missing.png","raw_video_title":"_______________555.avi","video_block_banned":false,"duration":3.36,"promo_winner":false,"promo_winner_recoubers":null,"editorial_info":{},"promo_hint":null,"beeline_best_2014":null,"from_web_editor":true,"normalize_sound":true,"normalize_change_allowed":true,"best2015_addable":false,"ahmad_promo":null,"promo_data":null,"audio_copyright_claim":null,"ads_disabled":false,"is_safe_for_ads":true,"megafon_contents":[],"position_on_page":4},{"flag":null,"abuses":null,"recoubs_by_users_channels":null,"favourite":false,"promoted_id":null,"recoub":null,"like":null,"dislike":null,"reaction":null,"in_my_best2015":false,"id":57517603,"type":"Coub::Simple","permalink":"xsnui","title":"splIT","visibility_type":"public","original_visibility_type":"public","channel_id":1162436,"created_at":"2017-09-19T07:20:30Z","updated_at":"2022-03-02T21:06:14Z","is_done":true,"views_count":176808,"cotd":null,"cotd_at":null,"visible_on_explore_root":true,"visible_on_explore":true,"featured":true,"published":true,"published_at":"2017-09-19T07:20:30Z","reversed":false,"from_editor_v2":true,"is_editable":true,"original_sound":false,"has_sound":false,"recoub_to":null,"file_versions":{"html5":{"video":{"higher":{"url":"https://coub-anubis-a.akamaized.net/coub_storage/coub/simple/cw_file/02c05577e7e/b899177ed2952c3015b8e/muted_mp4_huge_size_1568148392_muted_huge.mp4","size":2385226},"high":{"url":"https://coub-anubis-a.akamaized.net/coub_storage/coub/simple/cw_file/02c05577e7e/b899177ed2952c3015b8e/muted_mp4_big_size_1568148392_muted_big.mp4","size":1654292},"med":{"url":"https://coub-anubis-a.akamaized.net/coub_storage/coub/simple/cw_file/02c05577e7e/b899177ed2952c3015b8e/muted_mp4_med_size_1568148392_muted_med.mp4","size":560192}},"audio":{"high":{"url":"https://coub-anubis-a.akamaized.net/coub_storage/coub/simple/cw_looped_audio_high/8748d94adf8/1f75368d01800ded5942e/1605569720_high_1505805642_high.mp3","size":1204965},"med":{"url":"https://coub-anubis-a.akamaized.net/coub_storage/coub/simple/cw_looped_audio_med/4e2291393ae/b28035c4ff795ccf7f96d/1605569719_med_1505805642_med.mp3","size":829934}}},"mobile":{"video":"https://coub-anubis-a.akamaized.net/coub_storage/coub/simple/cw_file/02c05577e7e/b899177ed2952c3015b8e/muted_mp4_med_size_1568148392_muted_med.mp4","audio":["https://coub-anubis-a.akamaized.net/coub_storage/coub/simple/cw_looped_audio_med/4e2291393ae/b28035c4ff795ccf7f96d/1605569719_med_1505805642_med.mp3"]},"share":{"default":"https://coub-anubis-a.akamaized.net/coub_storage/coub/simple/cw_video_for_sharing/6049e792698/1b46b1de131098bc2262d/1608413896_looped_1608413895.mp4"}},"audio_versions":{"template":"https://coub-anubis-a.akamaized.net/coub_storage/audio_track/cw_normalized_copy/c7a852e36e0/299a85328f59df908dff0/mid_1505805640_1ti43fj_normalized_1471224630_1402695805_audio.mp3","versions":["mid","low"]},"image_versions":{"template":"https://coub-anubis-a.akamaized.net/coub_storage/coub/simple/cw_image/9f72170033e/3750a7f9c2176fc168fff/1505805647_00020.jpg","versions":["micro","tiny","age_restricted","ios_large","ios_mosaic","big","med","small","pinterest"]},"first_frame_versions":{"template":"https://coub-anubis-a.akamaized.net/coub_storage/coub/simple/cw_timeline_pic/ae8294b79bb/2064192920a1daa9c739f/%{version}_1505805647_image.jpg","versions":["big","med","small","ios_large"]},"dimensions":{"big":[1280,720],"med":[640,360]},"site_w_h":[640,360],"page_w_h":[640,360],"site_w_h_small":[310,174],"size":[1280,720],"age_restricted":false,"age_restricted_by_admin":false,"not_safe_for_work":false,"allow_reuse":false,"dont_crop":false,"banned":false,"global_safe":true,"audio_file_url":"https://coub-anubis-a.akamaized.net/coub_storage/audio_track/cw_normalized_copy/c7a852e36e0/299a85328f59df908dff0/low_1505805640_1ti43fj_normalized_1471224630_1402695805_audio.mp3","external_download":{"type":"Youtube","service_name":"YouTube","url":"http://www.youtube.com/watch?v=rmouBi99EV4","has_embed":true},"application":null,"channel":{"id":1162436,"permalink":"kinomozg","title":"Nick -kinomozg- Mitropolsky","description":"Your imaginary friend","followers_count":15196,"following_count":199,"avatar_versions":{"template":"https://coub-anubis-a.akamaized.net/coub_storage/channel/cw_avatar/1e7e6d712d3/6ff651e1c0bdc507148cb/%{version}_1607424410_ivo5hw_1474681553_hzr93i_att-url-download.jpg","versions":["medium","medium_2x","profile_pic","profile_pic_new","profile_pic_new_2x","tiny","tiny_2x","small","small_2x","ios_large","ios_small"]}},"file":null,"picture":"https://coub-anubis-a.akamaized.net/coub_storage/coub/simple/cw_image/9f72170033e/3750a7f9c2176fc168fff/1505805647_00020.jpg","timeline_picture":"https://coub-anubis-a.akamaized.net/coub_storage/coub/simple/cw_timeline_pic/ae8294b79bb/2064192920a1daa9c739f/ios_large_1505805647_image.jpg","small_picture":"https://coub-anubis-a.akamaized.net/coub_storage/coub/simple/cw_image/9f72170033e/3750a7f9c2176fc168fff/1505805647_00020.jpg","sharing_picture":null,"percent_done":100,"tags":[{"id":3305589,"title":"pennywise dance","value":"pennywise%20dance"},{"id":35733,"title":"pennywise","value":"pennywise"},{"id":1185761,"title":"dancing clown","value":"dancing%20clown"},{"id":316709,"title":"killer clown","value":"killer%20clown"},{"id":13000,"title":"villain","value":"villain"},{"id":288361,"title":"hybrids","value":"hybrids"},{"id":125,"title":"dancing","value":"dancing"},{"id":182,"title":"dance","value":"dance"},{"id":254,"title":"dancers","value":"dancers"},{"id":5326,"title":"mashup","value":"mashup"},{"id":192569,"title":"mashups","value":"mashups"},{"id":52939,"title":"split","value":"split"},{"id":9501,"title":"it","value":"it"}],"categories":[{"id":37,"title":"Mashup","permalink":"mashup","subscriptions_count":10075240,"big_image_url":"https://coub-anubis-a.akamaized.net/coub_storage/category/cw_image/93ae83fbc3f/4d90453882a0f2e50dbc0/big_1544622036_Mashup.png","small_image_url":"https://coub-anubis-a.akamaized.net/coub_storage/category/cw_image/93ae83fbc3f/4d90453882a0f2e50dbc0/small_1544622036_Mashup.png","med_image_url":"https://coub-anubis-a.akamaized.net/coub_storage/category/cw_image/93ae83fbc3f/4d90453882a0f2e50dbc0/med_1544622036_Mashup.png","visible":true}],"communities":[{"id":37,"title":"Mashup","permalink":"mashup","subscriptions_count":10075240,"big_image_url":"https://coub-anubis-a.akamaized.net/coub_storage/category/cw_image/93ae83fbc3f/4d90453882a0f2e50dbc0/big_1544622036_Mashup.png","small_image_url":"https://coub-anubis-a.akamaized.net/coub_storage/category/cw_image/93ae83fbc3f/4d90453882a0f2e50dbc0/small_1544622036_Mashup.png","med_image_url":"https://coub-anubis-a.akamaized.net/coub_storage/category/cw_image/93ae83fbc3f/4d90453882a0f2e50dbc0/med_1544622036_Mashup.png","i_subscribed":true,"community_notifications_enabled":null,"description":null}],"recoubs_count":403,"remixes_count":3,"likes_count":1942,"dislikes_count":0,"raw_video_id":10230696,"uploaded_by_ios_app":true,"uploaded_by_android_app":false,"media_blocks":{"uploaded_raw_videos":[],"external_raw_videos":[{"id":17560832,"title":"Split (2017) - Hedwig's dance scene","url":"http://www.youtube.com/watch?v=rmouBi99EV4","image":"https://coub-anubis-a.akamaized.net/coub_storage/media_block/cw_image/24564e4d451/a0aac6e1b844ad1760660/1492779963_1491732508_17jbseg_att-url-download.jpg","image_retina":"https://coub-anubis-a.akamaized.net/coub_storage/media_block/cw_image/24564e4d451/a0aac6e1b844ad1760660/1492779963_1491732508_17jbseg_att-url-download.jpg","meta":{"service":"Youtube","duration":"58.04"},"duration":58.04,"raw_video_id":9429625,"has_embed":true},{"id":22334697,"title":"“— ВЫ В ТАНЦАХ! https://t.co/yRk61aF9Ia”","url":"https://twitter.com/cliqqque/status/907129899625750528","image":"https://coub-anubis-a.akamaized.net/coub_storage/media_block/cw_image/281739ab40c/f673b3053b0a00f254e8c/1505122119_1505122117_nwck4s_att-url-download.jpg","image_retina":"https://coub-anubis-a.akamaized.net/coub_storage/media_block/cw_image/281739ab40c/f673b3053b0a00f254e8c/1505122119_1505122117_nwck4s_att-url-download.jpg","meta":{"service":"Twitter","duration":"2.72"},"duration":2.72,"raw_video_id":10230696,"has_embed":false}],"remixed_from_coubs":[],"external_video":{"id":17560832,"title":"Split (2017) - Hedwig's dance scene","url":"http://www.youtube.com/watch?v=rmouBi99EV4","image":"https://coub-anubis-a.akamaized.net/coub_storage/media_block/cw_image/24564e4d451/a0aac6e1b844ad1760660/1492779963_1491732508_17jbseg_att-url-download.jpg","image_retina":"https://coub-anubis-a.akamaized.net/coub_storage/media_block/cw_image/24564e4d451/a0aac6e1b844ad1760660/1492779963_1491732508_17jbseg_att-url-download.jpg","meta":{"service":"Youtube","duration":"58.04"},"duration":58.04,"raw_video_id":9429625,"has_embed":true}},"raw_video_thumbnail_url":"/missing/missing.png","raw_video_title":"“— ВЫ В ТАНЦАХ! https://t.co/yRk61aF9Ia”","video_block_banned":false,"duration":6.12,"promo_winner":false,"promo_winner_recoubers":null,"editorial_info":{},"promo_hint":null,"beeline_best_2014":null,"from_web_editor":false,"normalize_sound":true,"normalize_change_allowed":true,"best2015_addable":false,"ahmad_promo":null,"promo_data":null,"audio_copyright_claim":null,"ads_disabled":false,"is_safe_for_ads":true,"megafon_contents":[],"position_on_page":5},{"flag":null,"abuses":null,"recoubs_by_users_channels":null,"favourite":false,"promoted_id":null,"recoub":null,"like":null,"dislike":null,"reaction":null,"in_my_best2015":false,"id":158870283,"type":"Coub::Simple","permalink":"2m8nw7","title":"Time Inversion","visibility_type":"public","original_visibility_type":"public","channel_id":2834001,"created_at":"2020-11-30T02:28:37Z","updated_at":"2022-03-15T20:33:40Z","is_done":true,"views_count":146504,"cotd":null,"cotd_at":null,"visible_on_explore_root":true,"visible_on_explore":true,"featured":true,"published":true,"published_at":"2020-11-30T11:18:49Z","reversed":false,"from_editor_v2":true,"is_editable":true,"original_sound":false,"has_sound":false,"recoub_to":null,"file_versions":{"html5":{"video":{"higher":{"url":"https://coub-anubis-a.akamaized.net/coub_storage/coub/simple/cw_file/ffaad736007/43bbcc38abada947c6a9a/muted_mp4_huge_size_1606734896_muted_huge.mp4","size":4885804},"high":{"url":"https://coub-anubis-a.akamaized.net/coub_storage/coub/simple/cw_file/ffaad736007/43bbcc38abada947c6a9a/muted_mp4_big_size_1606734896_muted_big.mp4","size":3506915},"med":{"url":"https://coub-anubis-a.akamaized.net/coub_storage/coub/simple/cw_file/ffaad736007/43bbcc38abada947c6a9a/muted_mp4_med_size_1606734896_muted_med.mp4","size":978407}},"audio":{"high":{"url":"https://coub-anubis-a.akamaized.net/coub_storage/coub/simple/cw_looped_audio_high/c6df2ab166f/f8a7bd772b669b6301413/1606734916_mp3-high.mp3","size":2520918},"med":{"url":"https://coub-anubis-a.akamaized.net/coub_storage/coub/simple/cw_looped_audio_med/537382d07bb/aadff9b4a4dc889bde33b/1606734915_mp3-med.mp3","size":1756091}}},"mobile":{"video":"https://coub-anubis-a.akamaized.net/coub_storage/coub/simple/cw_file/ffaad736007/43bbcc38abada947c6a9a/muted_mp4_med_size_1606734896_muted_med.mp4","audio":["https://coub-anubis-a.akamaized.net/coub_storage/coub/simple/cw_looped_audio_med/537382d07bb/aadff9b4a4dc889bde33b/1606734915_mp3-med.mp3"]},"share":{"default":"https://coub-anubis-a.akamaized.net/coub_storage/coub/simple/cw_video_for_sharing/fad34f07138/6ec88b2cb9e79ee6081a3/1606734971_looped_1606734970.mp4"}},"audio_versions":{"template":"https://coub-anubis-a.akamaized.net/coub_storage/audio_track/cw_file/9b45cdcdaf7/47ada320f84b4a67e20f4/mid_1606734899_1d096qh_edited.mp3","versions":["mid","low"]},"image_versions":{"template":"https://coub-anubis-a.akamaized.net/coub_storage/coub/simple/cw_image/348013ec362/d8d5c0eea8ee5f180facd/%{version}_1606734927_00032.jpg","versions":["micro","tiny","age_restricted","ios_large","ios_mosaic","big","med","small","pinterest"]},"first_frame_versions":{"template":"https://coub-anubis-a.akamaized.net/coub_storage/coub/simple/cw_timeline_pic/701117614af/ec7ef38cdbb352d1e13d2/%{version}_1606734926_image.jpg","versions":["big","med","small","ios_large"]},"dimensions":{"big":[1280,580],"med":[640,290]},"site_w_h":[640,290],"page_w_h":[640,290],"site_w_h_small":[310,140],"size":[1280,580],"age_restricted":false,"age_restricted_by_admin":false,"not_safe_for_work":false,"allow_reuse":false,"dont_crop":true,"banned":false,"global_safe":true,"audio_file_url":"https://coub-anubis-a.akamaized.net/coub_storage/audio_track/cw_file/9b45cdcdaf7/47ada320f84b4a67e20f4/low_1606734899_1d096qh_edited.mp3","external_download":false,"application":null,"channel":{"id":2834001,"permalink":"shkudi-coub","title":"Shkudi","description":null,"followers_count":26748,"following_count":151,"avatar_versions":{"template":"https://coub-anubis-a.akamaized.net/coub_storage/channel/cw_avatar/25c3af615cd/fa30bb2f46c86b1e4bcf5/%{version}_1607420514_18tvl4e_1604753569_Screenshot_123.png","versions":["medium","medium_2x","profile_pic","profile_pic_new","profile_pic_new_2x","tiny","tiny_2x","small","small_2x","ios_large","ios_small"]}},"file":null,"picture":"https://coub-anubis-a.akamaized.net/coub_storage/coub/simple/cw_image/348013ec362/d8d5c0eea8ee5f180facd/med_1606734927_00032.jpg","timeline_picture":"https://coub-anubis-a.akamaized.net/coub_storage/coub/simple/cw_timeline_pic/701117614af/ec7ef38cdbb352d1e13d2/ios_large_1606734926_image.jpg","small_picture":"https://coub-anubis-a.akamaized.net/coub_storage/coub/simple/cw_image/348013ec362/d8d5c0eea8ee5f180facd/ios_mosaic_1606734927_00032.jpg","sharing_picture":null,"percent_done":100,"tags":[{"id":6032056,"title":"time inversion","value":"time%20inversion"},{"id":2409,"title":"movies","value":"movies"},{"id":4081,"title":"time","value":"time"},{"id":3900,"title":"action","value":"action"},{"id":395,"title":"inception","value":"inception"},{"id":397,"title":"christopher nolan","value":"christopher%20nolan"},{"id":5381243,"title":"tenet 2020","value":"tenet%202020"},{"id":1359348,"title":"tenet","value":"tenet"},{"id":3441832,"title":"shkudi","value":"shkudi"},{"id":288361,"title":"hybrids","value":"hybrids"},{"id":41698,"title":"hybrid","value":"hybrid"},{"id":192569,"title":"mashups","value":"mashups"},{"id":5326,"title":"mashup","value":"mashup"}],"categories":[{"id":37,"title":"Mashup","permalink":"mashup","subscriptions_count":10075240,"big_image_url":"https://coub-anubis-a.akamaized.net/coub_storage/category/cw_image/93ae83fbc3f/4d90453882a0f2e50dbc0/big_1544622036_Mashup.png","small_image_url":"https://coub-anubis-a.akamaized.net/coub_storage/category/cw_image/93ae83fbc3f/4d90453882a0f2e50dbc0/small_1544622036_Mashup.png","med_image_url":"https://coub-anubis-a.akamaized.net/coub_storage/category/cw_image/93ae83fbc3f/4d90453882a0f2e50dbc0/med_1544622036_Mashup.png","visible":true}],"communities":[{"id":37,"title":"Mashup","permalink":"mashup","subscriptions_count":10075240,"big_image_url":"https://coub-anubis-a.akamaized.net/coub_storage/category/cw_image/93ae83fbc3f/4d90453882a0f2e50dbc0/big_1544622036_Mashup.png","small_image_url":"https://coub-anubis-a.akamaized.net/coub_storage/category/cw_image/93ae83fbc3f/4d90453882a0f2e50dbc0/small_1544622036_Mashup.png","med_image_url":"https://coub-anubis-a.akamaized.net/coub_storage/category/cw_image/93ae83fbc3f/4d90453882a0f2e50dbc0/med_1544622036_Mashup.png","i_subscribed":true,"community_notifications_enabled":null,"description":null}],"recoubs_count":301,"remixes_count":1,"likes_count":1941,"dislikes_count":0,"raw_video_id":15923779,"uploaded_by_ios_app":false,"uploaded_by_android_app":false,"media_blocks":{"uploaded_raw_videos":[],"external_raw_videos":[],"remixed_from_coubs":[]},"raw_video_thumbnail_url":"/missing/missing.png","raw_video_title":"Not_Reality.mp4","video_block_banned":false,"duration":10.0,"promo_winner":false,"promo_winner_recoubers":null,"editorial_info":{},"promo_hint":null,"beeline_best_2014":null,"from_web_editor":true,"normalize_sound":false,"normalize_change_allowed":true,"best2015_addable":false,"ahmad_promo":null,"promo_data":null,"audio_copyright_claim":null,"ads_disabled":false,"is_safe_for_ads":true,"megafon_contents":[],"position_on_page":6},{"flag":null,"abuses":null,"recoubs_by_users_channels":null,"favourite":false,"promoted_id":null,"recoub":null,"like":null,"dislike":null,"reaction":null,"in_my_best2015":false,"id":90414850,"type":"Coub::Simple","permalink":"1hf9qs","title":"McCree meets Stark","visibility_type":"public","original_visibility_type":"public","channel_id":4225078,"created_at":"2018-11-05T19:35:15Z","updated_at":"2022-03-09T08:48:07Z","is_done":true,"views_count":239018,"cotd":true,"cotd_at":"2018-11-06","visible_on_explore_root":true,"visible_on_explore":true,"featured":true,"published":true,"published_at":"2018-11-05T19:38:23Z","reversed":false,"from_editor_v2":true,"is_editable":true,"original_sound":false,"has_sound":false,"recoub_to":null,"file_versions":{"html5":{"video":{"higher":{"url":"https://coub-anubis-a.akamaized.net/coub_storage/coub/simple/cw_file/45a1a6ae27f/0943a5c8b584c52d41472/muted_mp4_huge_size_1574344992_muted_huge.mp4","size":4298241},"high":{"url":"https://coub-anubis-a.akamaized.net/coub_storage/coub/simple/cw_file/45a1a6ae27f/0943a5c8b584c52d41472/muted_mp4_big_size_1574344992_muted_big.mp4","size":3130202},"med":{"url":"https://coub-anubis-a.akamaized.net/coub_storage/coub/simple/cw_file/45a1a6ae27f/0943a5c8b584c52d41472/muted_mp4_med_size_1574344992_muted_med.mp4","size":997895}},"audio":{"high":{"url":"https://coub-anubis-a.akamaized.net/coub_storage/coub/simple/cw_looped_audio_high/849cd958084/b745c1b5fd54b5161228d/1605654731_high_1541451742_high.mp3","size":2413710},"med":{"url":"https://coub-anubis-a.akamaized.net/coub_storage/coub/simple/cw_looped_audio_med/157d5966d4b/6eee52a356f72b4229829/1605654731_med_1541451742_med.mp3","size":1754271}}},"mobile":{"video":"https://coub-anubis-a.akamaized.net/coub_storage/coub/simple/cw_file/45a1a6ae27f/0943a5c8b584c52d41472/muted_mp4_med_size_1574344992_muted_med.mp4","audio":["https://coub-anubis-a.akamaized.net/coub_storage/coub/simple/cw_looped_audio_med/157d5966d4b/6eee52a356f72b4229829/1605654731_med_1541451742_med.mp3"]},"share":{"default":"https://coub-anubis-a.akamaized.net/coub_storage/coub/simple/cw_video_for_sharing/6b778a485b9/90b7092d118c1828d70bc/1617797457_looped_1617797454.mp4"}},"audio_versions":{"template":"https://coub-anubis-a.akamaized.net/coub_storage/audio_track/cw_file/9785fc1eacc/6049b47b96841e5056417/mid_1541446358_audio.mp3","versions":["mid","low"]},"image_versions":{"template":"https://coub-anubis-a.akamaized.net/coub_storage/coub/simple/cw_image/0acf096376c/1ef1e3bb7fe53462ff29b/1541451765_00032.jpg","versions":["micro","tiny","age_restricted","ios_large","ios_mosaic","big","med","small","pinterest"]},"first_frame_versions":{"template":"https://coub-anubis-a.akamaized.net/coub_storage/coub/simple/cw_timeline_pic/a1c2f5964e9/aa960d95b85d1ce34465e/%{version}_1541451763_image.jpg","versions":["big","med","small","ios_large"]},"dimensions":{"big":[1280,720],"med":[640,360]},"site_w_h":[640,360],"page_w_h":[640,360],"site_w_h_small":[310,174],"size":[1280,720],"age_restricted":false,"age_restricted_by_admin":false,"not_safe_for_work":false,"allow_reuse":false,"dont_crop":true,"banned":false,"global_safe":true,"audio_file_url":"https://coub-anubis-a.akamaized.net/coub_storage/audio_track/cw_file/9785fc1eacc/6049b47b96841e5056417/low_1541446358_audio.mp3","external_download":false,"application":null,"channel":{"id":4225078,"permalink":"mr.maskman","title":"Mr. Maskman","description":null,"followers_count":884,"following_count":0,"avatar_versions":{"template":"https://coub-anubis-a.akamaized.net/coub_storage/channel/cw_avatar/cb5a3896d73/9a9fd765b278e4b61a680/%{version}_1607423353_ta8sj_1536400863_7dfad36d1308ea357c6fd0615ff303f5.jpg","versions":["medium","medium_2x","profile_pic","profile_pic_new","profile_pic_new_2x","tiny","tiny_2x","small","small_2x","ios_large","ios_small"]}},"file":null,"picture":"https://coub-anubis-a.akamaized.net/coub_storage/coub/simple/cw_image/0acf096376c/1ef1e3bb7fe53462ff29b/1541451765_00032.jpg","timeline_picture":"https://coub-anubis-a.akamaized.net/coub_storage/coub/simple/cw_timeline_pic/a1c2f5964e9/aa960d95b85d1ce34465e/ios_large_1541451763_image.jpg","small_picture":"https://coub-anubis-a.akamaized.net/coub_storage/coub/simple/cw_image/0acf096376c/1ef1e3bb7fe53462ff29b/1541451765_00032.jpg","sharing_picture":null,"percent_done":100,"tags":[{"id":4143960,"title":"colm dowling","value":"colm%20dowling"},{"id":3990184,"title":"trailerbattle","value":"trailerbattle"},{"id":192569,"title":"mashups","value":"mashups"},{"id":73244,"title":"movie moments","value":"movie%20moments"},{"id":2345,"title":"gaming","value":"gaming"},{"id":89392,"title":"marvel cinematic universe","value":"marvel%20cinematic%20universe"},{"id":2151,"title":"iron man","value":"iron%20man"},{"id":55773,"title":"tony stark","value":"tony%20stark"},{"id":1496332,"title":"mccree overwatch","value":"mccree%20overwatch"},{"id":4413944,"title":"overwatch reunion","value":"overwatch%20reunion"}],"categories":[{"id":37,"title":"Mashup","permalink":"mashup","subscriptions_count":10075240,"big_image_url":"https://coub-anubis-a.akamaized.net/coub_storage/category/cw_image/93ae83fbc3f/4d90453882a0f2e50dbc0/big_1544622036_Mashup.png","small_image_url":"https://coub-anubis-a.akamaized.net/coub_storage/category/cw_image/93ae83fbc3f/4d90453882a0f2e50dbc0/small_1544622036_Mashup.png","med_image_url":"https://coub-anubis-a.akamaized.net/coub_storage/category/cw_image/93ae83fbc3f/4d90453882a0f2e50dbc0/med_1544622036_Mashup.png","visible":true}],"communities":[{"id":37,"title":"Mashup","permalink":"mashup","subscriptions_count":10075240,"big_image_url":"https://coub-anubis-a.akamaized.net/coub_storage/category/cw_image/93ae83fbc3f/4d90453882a0f2e50dbc0/big_1544622036_Mashup.png","small_image_url":"https://coub-anubis-a.akamaized.net/coub_storage/category/cw_image/93ae83fbc3f/4d90453882a0f2e50dbc0/small_1544622036_Mashup.png","med_image_url":"https://coub-anubis-a.akamaized.net/coub_storage/category/cw_image/93ae83fbc3f/4d90453882a0f2e50dbc0/med_1544622036_Mashup.png","i_subscribed":true,"community_notifications_enabled":null,"description":null}],"recoubs_count":268,"remixes_count":0,"likes_count":1941,"dislikes_count":0,"raw_video_id":12652800,"uploaded_by_ios_app":false,"uploaded_by_android_app":false,"media_blocks":{"uploaded_raw_videos":[],"external_raw_videos":[],"remixed_from_coubs":[]},"raw_video_thumbnail_url":"/missing/missing.png","raw_video_title":"McCree_meets_Stark_New_4.mpg","video_block_banned":false,"duration":10.0,"promo_winner":false,"promo_winner_recoubers":null,"editorial_info":{},"promo_hint":null,"beeline_best_2014":null,"from_web_editor":true,"normalize_sound":false,"normalize_change_allowed":true,"best2015_addable":false,"ahmad_promo":null,"promo_data":null,"audio_copyright_claim":null,"ads_disabled":false,"is_safe_for_ads":true,"megafon_contents":[],"position_on_page":7},{"flag":null,"abuses":null,"recoubs_by_users_channels":null,"favourite":false,"promoted_id":null,"recoub":null,"like":null,"dislike":null,"reaction":null,"in_my_best2015":false,"id":86496766,"type":"Coub::Simple","permalink":"1f3aia","title":"Rababegi, Mua-Mua Walking","visibility_type":"public","original_visibility_type":"public","channel_id":1533430,"created_at":"2018-09-27T16:59:41Z","updated_at":"2022-03-09T13:03:54Z","is_done":true,"views_count":163184,"cotd":null,"cotd_at":null,"visible_on_explore_root":true,"visible_on_explore":true,"featured":true,"published":true,"published_at":"2018-09-27T16:59:41Z","reversed":false,"from_editor_v2":true,"is_editable":true,"original_sound":false,"has_sound":false,"recoub_to":null,"file_versions":{"html5":{"video":{"higher":{"url":"https://coub-anubis-a.akamaized.net/coub_storage/coub/simple/cw_file/b23646632d5/50d32048f9f5a2f119703/muted_mp4_huge_size_1574770082_muted_huge.mp4","size":3948686},"high":{"url":"https://coub-anubis-a.akamaized.net/coub_storage/coub/simple/cw_file/b23646632d5/50d32048f9f5a2f119703/muted_mp4_big_size_1574770082_muted_big.mp4","size":3452031},"med":{"url":"https://coub-anubis-a.akamaized.net/coub_storage/coub/simple/cw_file/b23646632d5/50d32048f9f5a2f119703/muted_mp4_med_size_1574770082_muted_med.mp4","size":593337}},"audio":{"high":{"url":"https://coub-anubis-a.akamaized.net/coub_storage/coub/simple/cw_looped_audio_high/0abc247c958/ce8d9a2d65417751cacd0/1605606352_high_1538067598_high.mp3","size":1589831},"med":{"url":"https://coub-anubis-a.akamaized.net/coub_storage/coub/simple/cw_looped_audio_med/08d0646ceee/bbcafe5d8c60448097622/1605606351_med_1538067598_med.mp3","size":1059597}}},"mobile":{"video":"https://coub-anubis-a.akamaized.net/coub_storage/coub/simple/cw_file/b23646632d5/50d32048f9f5a2f119703/muted_mp4_med_size_1574770082_muted_med.mp4","audio":["https://coub-anubis-a.akamaized.net/coub_storage/coub/simple/cw_looped_audio_med/08d0646ceee/bbcafe5d8c60448097622/1605606351_med_1538067598_med.mp3"]},"share":{"default":"https://coub-anubis-a.akamaized.net/coub_storage/coub/simple/cw_video_for_sharing/e3858bf384b/63dbe921844b9fc0550ee/1624044972_looped_1624044972.mp4"}},"audio_versions":{"template":"https://coub-anubis-a.akamaized.net/coub_storage/audio_track/cw_file/d7f48f86a45/abec4a30e2e3900571e95/mid_1538067221_audio.mp3","versions":["mid","low"]},"image_versions":{"template":"https://coub-anubis-a.akamaized.net/coub_storage/coub/simple/cw_image/fa6535ab139/b34a884a2c7c622dceee2/1538067609_00030.jpg","versions":["micro","tiny","age_restricted","ios_large","ios_mosaic","big","med","small","pinterest"]},"first_frame_versions":{"template":"https://coub-anubis-a.akamaized.net/coub_storage/coub/simple/cw_timeline_pic/59b2d24fb37/2cd534c1670bffbae0d7a/%{version}_1538067608_image.jpg","versions":["big","med","small","ios_large"]},"dimensions":{"big":[1280,720],"med":[640,360]},"site_w_h":[640,360],"page_w_h":[640,360],"site_w_h_small":[310,174],"size":[1280,720],"age_restricted":false,"age_restricted_by_admin":false,"not_safe_for_work":false,"allow_reuse":false,"dont_crop":false,"banned":false,"global_safe":true,"audio_file_url":"https://coub-anubis-a.akamaized.net/coub_storage/audio_track/cw_file/d7f48f86a45/abec4a30e2e3900571e95/low_1538067221_audio.mp3","external_download":false,"application":null,"channel":{"id":1533430,"permalink":"av.coubs","title":"AV","description":"Imagination, life is your creation.","followers_count":6366,"following_count":344,"avatar_versions":{"template":"https://coub-anubis-a.akamaized.net/coub_storage/channel/cw_avatar/f17131f7537/ce9666e07c406493e9331/%{version}_1622303789_AV__5_.png","versions":["medium","medium_2x","profile_pic","profile_pic_new","profile_pic_new_2x","tiny","tiny_2x","small","small_2x","ios_large","ios_small"]}},"file":null,"picture":"https://coub-anubis-a.akamaized.net/coub_storage/coub/simple/cw_image/fa6535ab139/b34a884a2c7c622dceee2/1538067609_00030.jpg","timeline_picture":"https://coub-anubis-a.akamaized.net/coub_storage/coub/simple/cw_timeline_pic/59b2d24fb37/2cd534c1670bffbae0d7a/ios_large_1538067608_image.jpg","small_picture":"https://coub-anubis-a.akamaized.net/coub_storage/coub/simple/cw_image/fa6535ab139/b34a884a2c7c622dceee2/1538067609_00030.jpg","sharing_picture":null,"percent_done":100,"tags":[{"id":4315787,"title":"stayin alive bee gees","value":"stayin%20alive%20bee%20gees"},{"id":4315788,"title":"tilt boogie","value":"tilt%20boogie"},{"id":48064,"title":"от заката до рассвета","value":"%D0%BE%D1%82%20%D0%B7%D0%B0%D0%BA%D0%B0%D1%82%D0%B0%20%D0%B4%D0%BE%20%D1%80%D0%B0%D1%81%D1%81%D0%B2%D0%B5%D1%82%D0%B0"},{"id":281,"title":"george clooney","value":"george%20clooney"},{"id":3775,"title":"quentin tarantino","value":"quentin%20tarantino"},{"id":3776,"title":"john travolta","value":"john%20travolta"},{"id":3777,"title":"samuel l. jackson","value":"samuel%20l.%20jackson"},{"id":192569,"title":"mashups","value":"mashups"},{"id":1866,"title":"walking","value":"walking"},{"id":656296,"title":"run walk run","value":"run%20walk%20run"},{"id":162527,"title":"av","value":"av"},{"id":1450,"title":"best","value":"best"},{"id":50,"title":"coub","value":"coub"},{"id":256302,"title":"good timing","value":"good%20timing"},{"id":3042031,"title":"wait for the mix","value":"wait%20for%20the%20mix"},{"id":288361,"title":"hybrids","value":"hybrids"},{"id":1384189,"title":"мэшапы","value":"%D0%BC%D1%8D%D1%88%D0%B0%D0%BF%D1%8B"},{"id":32304,"title":"from dusk till dawn","value":"from%20dusk%20till%20dawn"},{"id":118243,"title":"stayin alive","value":"stayin%20alive"}],"categories":[{"id":37,"title":"Mashup","permalink":"mashup","subscriptions_count":10075240,"big_image_url":"https://coub-anubis-a.akamaized.net/coub_storage/category/cw_image/93ae83fbc3f/4d90453882a0f2e50dbc0/big_1544622036_Mashup.png","small_image_url":"https://coub-anubis-a.akamaized.net/coub_storage/category/cw_image/93ae83fbc3f/4d90453882a0f2e50dbc0/small_1544622036_Mashup.png","med_image_url":"https://coub-anubis-a.akamaized.net/coub_storage/category/cw_image/93ae83fbc3f/4d90453882a0f2e50dbc0/med_1544622036_Mashup.png","visible":true}],"communities":[{"id":37,"title":"Mashup","permalink":"mashup","subscriptions_count":10075240,"big_image_url":"https://coub-anubis-a.akamaized.net/coub_storage/category/cw_image/93ae83fbc3f/4d90453882a0f2e50dbc0/big_1544622036_Mashup.png","small_image_url":"https://coub-anubis-a.akamaized.net/coub_storage/category/cw_image/93ae83fbc3f/4d90453882a0f2e50dbc0/small_1544622036_Mashup.png","med_image_url":"https://coub-anubis-a.akamaized.net/coub_storage/category/cw_image/93ae83fbc3f/4d90453882a0f2e50dbc0/med_1544622036_Mashup.png","i_subscribed":true,"community_notifications_enabled":null,"description":null}],"recoubs_count":374,"remixes_count":4,"likes_count":1941,"dislikes_count":0,"raw_video_id":12436830,"uploaded_by_ios_app":false,"uploaded_by_android_app":false,"media_blocks":{"uploaded_raw_videos":[],"external_raw_videos":[],"remixed_from_coubs":[]},"raw_video_thumbnail_url":"/missing/missing.png","raw_video_title":"babagegi_walking.webm","video_block_banned":false,"duration":9.48,"promo_winner":false,"promo_winner_recoubers":null,"editorial_info":{},"promo_hint":null,"beeline_best_2014":null,"from_web_editor":true,"normalize_sound":false,"normalize_change_allowed":true,"best2015_addable":false,"ahmad_promo":null,"promo_data":null,"audio_copyright_claim":null,"ads_disabled":false,"is_safe_for_ads":true,"megafon_contents":[],"position_on_page":8},{"flag":null,"abuses":null,"recoubs_by_users_channels":null,"favourite":false,"promoted_id":null,"recoub":null,"like":null,"dislike":null,"reaction":null,"in_my_best2015":false,"id":100673738,"type":"Coub::Simple","permalink":"1nj5ma","title":"Glutton / Прорва","visibility_type":"public","original_visibility_type":"public","channel_id":1991683,"created_at":"2019-02-05T00:29:55Z","updated_at":"2022-03-08T19:54:12Z","is_done":true,"views_count":156889,"cotd":null,"cotd_at":null,"visible_on_explore_root":false,"visible_on_explore":false,"featured":false,"published":true,"published_at":"2019-02-05T00:29:55Z","reversed":false,"from_editor_v2":true,"is_editable":true,"original_sound":false,"has_sound":false,"recoub_to":null,"file_versions":{"html5":{"video":{"higher":{"url":"https://coub-anubis-a.akamaized.net/coub_storage/coub/simple/cw_file/533e714563e/71893230f8d7b15201c02/muted_mp4_huge_size_1572039915_muted_huge.mp4","size":1603439},"high":{"url":"https://coub-anubis-a.akamaized.net/coub_storage/coub/simple/cw_file/533e714563e/71893230f8d7b15201c02/muted_mp4_big_size_1572039915_muted_big.mp4","size":1111601},"med":{"url":"https://coub-anubis-a.akamaized.net/coub_storage/coub/simple/cw_file/533e714563e/71893230f8d7b15201c02/muted_mp4_med_size_1572039915_muted_med.mp4","size":362974}},"audio":{"high":{"url":"https://coub-anubis-a.akamaized.net/coub_storage/coub/simple/cw_looped_audio_high/68f6864020f/27afae4a3a1382d5db794/1605670801_high_1549326602_high.mp3","size":1180262},"med":{"url":"https://coub-anubis-a.akamaized.net/coub_storage/coub/simple/cw_looped_audio_med/126fbac5155/a63ad86b558776fd6ce9d/1605670801_med_1549326602_med.mp3","size":954096}}},"mobile":{"video":"https://coub-anubis-a.akamaized.net/coub_storage/coub/simple/cw_file/533e714563e/71893230f8d7b15201c02/muted_mp4_med_size_1572039915_muted_med.mp4","audio":["https://coub-anubis-a.akamaized.net/coub_storage/coub/simple/cw_looped_audio_med/126fbac5155/a63ad86b558776fd6ce9d/1605670801_med_1549326602_med.mp3"]},"share":{"default":"https://coub-anubis-a.akamaized.net/coub_storage/coub/simple/cw_video_for_sharing/77fd8206953/92af25989ab326dca9da5/1608651299_looped_1608651297.mp4"}},"audio_versions":{"template":"https://coub-anubis-a.akamaized.net/coub_storage/audio_track/cw_normalized_copy/4fd884642aa/17fcf45e4320870a82924/mid_1549326601_normalized_1549326406_audio.mp3","versions":["mid","low"]},"image_versions":{"template":"https://coub-anubis-a.akamaized.net/coub_storage/coub/simple/cw_image/bf35626671b/876c86de659ad9a845278/1549326608_00016.jpg","versions":["micro","tiny","age_restricted","ios_large","ios_mosaic","big","med","small","pinterest"]},"first_frame_versions":{"template":"https://coub-anubis-a.akamaized.net/coub_storage/coub/simple/cw_timeline_pic/d0cb702f94e/9beb84b63b11fe40cbd0c/%{version}_1549326608_image.jpg","versions":["big","med","small","ios_large"]},"dimensions":{"big":[768,960],"med":[384,480]},"site_w_h":[320,400],"page_w_h":[400,500],"site_w_h_small":[310,388],"size":[768,960],"age_restricted":false,"age_restricted_by_admin":false,"not_safe_for_work":false,"allow_reuse":false,"dont_crop":false,"banned":false,"global_safe":false,"audio_file_url":"https://coub-anubis-a.akamaized.net/coub_storage/audio_track/cw_normalized_copy/4fd884642aa/17fcf45e4320870a82924/low_1549326601_normalized_1549326406_audio.mp3","external_download":false,"application":null,"channel":{"id":1991683,"permalink":"armen.dzhagaryan","title":"ArDzha","description":"Mix it all","followers_count":1436,"following_count":0,"avatar_versions":{"template":"https://coub-anubis-a.akamaized.net/coub_storage/channel/cw_avatar/b13febb02d8/e6fe859a40bdc60ba256f/%{version}_1608066859_1bvf65b_1524085030_big_13300cbf955fa0d14af0a0f83427c5c9_copy.jpg","versions":["medium","medium_2x","profile_pic","profile_pic_new","profile_pic_new_2x","tiny","tiny_2x","small","small_2x","ios_large","ios_small"]}},"file":null,"picture":"https://coub-anubis-a.akamaized.net/coub_storage/coub/simple/cw_image/bf35626671b/876c86de659ad9a845278/1549326608_00016.jpg","timeline_picture":"https://coub-anubis-a.akamaized.net/coub_storage/coub/simple/cw_timeline_pic/d0cb702f94e/9beb84b63b11fe40cbd0c/ios_large_1549326608_image.jpg","small_picture":"https://coub-anubis-a.akamaized.net/coub_storage/coub/simple/cw_image/bf35626671b/876c86de659ad9a845278/1549326608_00016.jpg","sharing_picture":null,"percent_done":100,"tags":[{"id":5903,"title":"sasha grey","value":"sasha%20grey"},{"id":15170,"title":"squirrel","value":"squirrel"},{"id":14326,"title":"nuts","value":"nuts"},{"id":52725,"title":"bad touch","value":"bad%20touch"},{"id":2371,"title":"bloodhound gang","value":"bloodhound%20gang"},{"id":98981,"title":"саша грей","value":"%D1%81%D0%B0%D1%88%D0%B0%20%D0%B3%D1%80%D0%B5%D0%B9"},{"id":2070,"title":"animals","value":"animals"},{"id":2110,"title":"животные","value":"%D0%B6%D0%B8%D0%B2%D0%BE%D1%82%D0%BD%D1%8B%D0%B5"},{"id":512435,"title":"куплинов","value":"%D0%BA%D1%83%D0%BF%D0%BB%D0%B8%D0%BD%D0%BE%D0%B2"},{"id":718334,"title":"kuplinov ► play","value":"kuplinov%20%E2%96%BA%20play"},{"id":327018,"title":"kuplinov","value":"kuplinov"},{"id":6732,"title":"kuplinov play","value":"kuplinov%20play"},{"id":1933829,"title":"ardzha","value":"ardzha"}],"categories":[{"id":37,"title":"Mashup","permalink":"mashup","subscriptions_count":10075240,"big_image_url":"https://coub-anubis-a.akamaized.net/coub_storage/category/cw_image/93ae83fbc3f/4d90453882a0f2e50dbc0/big_1544622036_Mashup.png","small_image_url":"https://coub-anubis-a.akamaized.net/coub_storage/category/cw_image/93ae83fbc3f/4d90453882a0f2e50dbc0/small_1544622036_Mashup.png","med_image_url":"https://coub-anubis-a.akamaized.net/coub_storage/category/cw_image/93ae83fbc3f/4d90453882a0f2e50dbc0/med_1544622036_Mashup.png","visible":true}],"communities":[{"id":37,"title":"Mashup","permalink":"mashup","subscriptions_count":10075240,"big_image_url":"https://coub-anubis-a.akamaized.net/coub_storage/category/cw_image/93ae83fbc3f/4d90453882a0f2e50dbc0/big_1544622036_Mashup.png","small_image_url":"https://coub-anubis-a.akamaized.net/coub_storage/category/cw_image/93ae83fbc3f/4d90453882a0f2e50dbc0/small_1544622036_Mashup.png","med_image_url":"https://coub-anubis-a.akamaized.net/coub_storage/category/cw_image/93ae83fbc3f/4d90453882a0f2e50dbc0/med_1544622036_Mashup.png","i_subscribed":true,"community_notifications_enabled":null,"description":null}],"recoubs_count":391,"remixes_count":8,"likes_count":1940,"dislikes_count":0,"raw_video_id":"","uploaded_by_ios_app":false,"uploaded_by_android_app":false,"media_blocks":{"uploaded_raw_videos":[],"external_raw_videos":[],"remixed_from_coubs":[{"id":30318928,"title":"👌 Seal of approval 👌","url":"https://coub.com/coubs/1nf3gs/remix","image":"https://coub-anubis-a.akamaized.net/coub_storage/media_block/cw_image/68cc491b8af/38e3b108c1ad221bcfc95/1549208361_yd9kqb_1549208349_00021.jpg","image_retina":"https://coub-anubis-a.akamaized.net/coub_storage/media_block/cw_image/68cc491b8af/38e3b108c1ad221bcfc95/1549208361_yd9kqb_1549208349_00021.jpg","meta":{"duration":"6.52"},"duration":null,"coub_channel_title":"No Thanks","coub_channel_permalink":"gloryfsm","coub_views_count":79167,"coub_permalink":"1nf3gs"}]},"raw_video_thumbnail_url":"","raw_video_title":"","video_block_banned":false,"duration":5.04,"promo_winner":false,"promo_winner_recoubers":null,"editorial_info":{},"promo_hint":null,"beeline_best_2014":null,"from_web_editor":true,"normalize_sound":true,"normalize_change_allowed":true,"best2015_addable":false,"ahmad_promo":null,"promo_data":null,"audio_copyright_claim":null,"ads_disabled":false,"is_safe_for_ads":true,"megafon_contents":[],"position_on_page":9},{"flag":null,"abuses":null,"recoubs_by_users_channels":null,"favourite":false,"promoted_id":null,"recoub":null,"like":null,"dislike":null,"reaction":null,"in_my_best2015":false,"id":181818395,"type":"Coub::Simple","permalink":"2zwiwo","title":"heart touching history","visibility_type":"public","original_visibility_type":"public","channel_id":7475453,"created_at":"2022-01-22T10:01:28Z","updated_at":"2022-03-16T01:08:05Z","is_done":true,"views_count":116221,"cotd":null,"cotd_at":null,"visible_on_explore_root":false,"visible_on_explore":false,"featured":false,"published":true,"published_at":"2022-01-22T10:01:28Z","reversed":false,"from_editor_v2":true,"is_editable":true,"original_sound":false,"has_sound":false,"recoub_to":null,"file_versions":{"html5":{"video":{"higher":{"url":"https://coub-anubis-a.akamaized.net/coub_storage/coub/simple/cw_file/a7d1d5450a0/67ea40c7edd127911a772/muted_mp4_huge_size_1642845694_muted_huge.mp4","size":2723507},"high":{"url":"https://coub-anubis-a.akamaized.net/coub_storage/coub/simple/cw_file/a7d1d5450a0/67ea40c7edd127911a772/muted_mp4_big_size_1642845694_muted_big.mp4","size":1648969},"med":{"url":"https://coub-anubis-a.akamaized.net/coub_storage/coub/simple/cw_file/a7d1d5450a0/67ea40c7edd127911a772/muted_mp4_med_size_1642845694_muted_med.mp4","size":538297}},"audio":{"high":{"url":"https://coub-anubis-a.akamaized.net/coub_storage/coub/simple/cw_looped_audio_high/fba63e86e06/efb335de38fc7e3d6a970/1642845723_mp3-high.mp3","size":3930820},"med":{"url":"https://coub-anubis-a.akamaized.net/coub_storage/coub/simple/cw_looped_audio_med/0abe7adbf99/23892063782cbe09f02d6/1642845719_mp3-med.mp3","size":3080115}}},"mobile":{"video":"https://coub-anubis-a.akamaized.net/coub_storage/coub/simple/cw_file/a7d1d5450a0/67ea40c7edd127911a772/muted_mp4_med_size_1642845694_muted_med.mp4","audio":["https://coub-anubis-a.akamaized.net/coub_storage/coub/simple/cw_looped_audio_med/0abe7adbf99/23892063782cbe09f02d6/1642845719_mp3-med.mp3"]},"share":{"default":"https://coub-anubis-a.akamaized.net/coub_storage/coub/simple/cw_video_for_sharing/26e33743a5b/80500249305035a8b0265/1642845758_looped_1642845757.mp4"}},"audio_versions":{"template":"https://coub-anubis-a.akamaized.net/coub_storage/audio_track/cw_normalized_copy/ad0c24b3a37/d787d979aa41cdc855d00/mid_1642845706_normalized_1642845464_audio.mp3","versions":["mid","low"]},"image_versions":{"template":"https://coub-anubis-a.akamaized.net/coub_storage/coub/simple/cw_image/36673f7c724/755c455ad153dbeca6cf8/%{version}_1642845729_00032.jpg","versions":["micro","tiny","age_restricted","ios_large","ios_mosaic","big","med","small","pinterest"]},"first_frame_versions":{"template":"https://coub-anubis-a.akamaized.net/coub_storage/coub/simple/cw_timeline_pic/1b1fd2675e7/7976c968c0344eca1eb14/%{version}_1642845729_image.jpg","versions":["big","med","small","ios_large"]},"dimensions":{"big":[1280,716],"med":[640,358]},"site_w_h":[640,358],"page_w_h":[640,358],"site_w_h_small":[310,173],"size":[1280,716],"age_restricted":false,"age_restricted_by_admin":false,"not_safe_for_work":false,"allow_reuse":false,"dont_crop":true,"banned":false,"global_safe":null,"audio_file_url":"https://coub-anubis-a.akamaized.net/coub_storage/audio_track/cw_normalized_copy/ad0c24b3a37/d787d979aa41cdc855d00/low_1642845706_normalized_1642845464_audio.mp3","external_download":false,"application":null,"channel":{"id":7475453,"permalink":"bill-kill","title":"Bill Kill","description":null,"followers_count":19,"following_count":22,"avatar_versions":{"template":"https://coub-anubis-a.akamaized.net/coub_storage/channel/cw_avatar/8a941747416/25ca21e376ce68bd255c1/%{version}_1637650633_Screenshot_11.png","versions":["medium","medium_2x","profile_pic","profile_pic_new","profile_pic_new_2x","tiny","tiny_2x","small","small_2x","ios_large","ios_small"]}},"file":null,"picture":"https://coub-anubis-a.akamaized.net/coub_storage/coub/simple/cw_image/36673f7c724/755c455ad153dbeca6cf8/med_1642845729_00032.jpg","timeline_picture":"https://coub-anubis-a.akamaized.net/coub_storage/coub/simple/cw_timeline_pic/1b1fd2675e7/7976c968c0344eca1eb14/ios_large_1642845729_image.jpg","small_picture":"https://coub-anubis-a.akamaized.net/coub_storage/coub/simple/cw_image/36673f7c724/755c455ad153dbeca6cf8/ios_mosaic_1642845729_00032.jpg","sharing_picture":null,"percent_done":100,"tags":[{"id":2309115,"title":"touching video","value":"touching%20video"},{"id":2309116,"title":"heart touching","value":"heart%20touching"}],"categories":[{"id":37,"title":"Mashup","permalink":"mashup","subscriptions_count":10075240,"big_image_url":"https://coub-anubis-a.akamaized.net/coub_storage/category/cw_image/93ae83fbc3f/4d90453882a0f2e50dbc0/big_1544622036_Mashup.png","small_image_url":"https://coub-anubis-a.akamaized.net/coub_storage/category/cw_image/93ae83fbc3f/4d90453882a0f2e50dbc0/small_1544622036_Mashup.png","med_image_url":"https://coub-anubis-a.akamaized.net/coub_storage/category/cw_image/93ae83fbc3f/4d90453882a0f2e50dbc0/med_1544622036_Mashup.png","visible":true}],"communities":[{"id":37,"title":"Mashup","permalink":"mashup","subscriptions_count":10075240,"big_image_url":"https://coub-anubis-a.akamaized.net/coub_storage/category/cw_image/93ae83fbc3f/4d90453882a0f2e50dbc0/big_1544622036_Mashup.png","small_image_url":"https://coub-anubis-a.akamaized.net/coub_storage/category/cw_image/93ae83fbc3f/4d90453882a0f2e50dbc0/small_1544622036_Mashup.png","med_image_url":"https://coub-anubis-a.akamaized.net/coub_storage/category/cw_image/93ae83fbc3f/4d90453882a0f2e50dbc0/med_1544622036_Mashup.png","i_subscribed":true,"community_notifications_enabled":null,"description":null}],"recoubs_count":345,"remixes_count":1,"likes_count":1939,"dislikes_count":0,"raw_video_id":17079275,"uploaded_by_ios_app":false,"uploaded_by_android_app":false,"media_blocks":{"uploaded_raw_videos":[],"external_raw_videos":[],"remixed_from_coubs":[]},"raw_video_thumbnail_url":"https://coub-anubis-a.akamaized.net/coub_storage/raw_video/cw_image/f71f77b1739/d8e5ac94c51fd29bef3b4/coub_media_1642845022_image.jpg","raw_video_title":"istoriya.mp4","video_block_banned":false,"duration":10.0,"promo_winner":false,"promo_winner_recoubers":null,"editorial_info":{},"promo_hint":null,"beeline_best_2014":null,"from_web_editor":true,"normalize_sound":true,"normalize_change_allowed":true,"best2015_addable":false,"ahmad_promo":null,"promo_data":null,"audio_copyright_claim":null,"ads_disabled":false,"is_safe_for_ads":true,"megafon_contents":[],"position_on_page":10}]}