{"page":171,"per_page":10,"total_pages":500,"coubs":[{"flag":null,"abuses":null,"recoubs_by_users_channels":null,"favourite":false,"promoted_id":null,"recoub":null,"like":null,"dislike":null,"reaction":null,"in_my_best2015":false,"id":56840399,"type":"Coub::Simple","permalink":"xe5b1","title":"I Will Always Love You","visibility_type":"public","original_visibility_type":"public","channel_id":33940,"created_at":"2017-09-04T22:18:28Z","updated_at":"2022-03-15T19:20:54Z","is_done":true,"views_count":256655,"cotd":null,"cotd_at":null,"visible_on_explore_root":true,"visible_on_explore":true,"featured":true,"published":true,"published_at":"2017-09-04T22:18:28Z","reversed":false,"from_editor_v2":true,"is_editable":true,"original_sound":true,"has_sound":true,"recoub_to":null,"file_versions":{"html5":{"video":{"higher":{"url":"https://coub-anubis-a.akamaized.net/coub_storage/coub/simple/cw_file/63de576ed6c/723f84a594b207907c38d/muted_mp4_huge_size_1568144045_muted_huge.mp4","size":2194387},"high":{"url":"https://coub-anubis-a.akamaized.net/coub_storage/coub/simple/cw_file/63de576ed6c/723f84a594b207907c38d/muted_mp4_big_size_1568144045_muted_big.mp4","size":1540254},"med":{"url":"https://coub-anubis-a.akamaized.net/coub_storage/coub/simple/cw_file/63de576ed6c/723f84a594b207907c38d/muted_mp4_med_size_1568144045_muted_med.mp4","size":402340}},"audio":{"high":{"url":"https://coub-anubis-a.akamaized.net/coub_storage/coub/simple/cw_looped_audio_high/5137a788d1b/f2308eecfbe1d4ea8e2dc/1605566800_high_1504563519_high.mp3","size":1046323},"med":{"url":"https://coub-anubis-a.akamaized.net/coub_storage/coub/simple/cw_looped_audio_med/51cddd9d693/28385f2b2fd4c9cde68ff/1605566799_med_1504563519_med.mp3","size":945976},"sample_duration":9.938}},"mobile":{"video":"https://coub-anubis-a.akamaized.net/coub_storage/coub/simple/cw_file/63de576ed6c/723f84a594b207907c38d/muted_mp4_med_size_1568144045_muted_med.mp4","audio":["https://coub-anubis-a.akamaized.net/coub_storage/coub/simple/cw_looped_audio_med/51cddd9d693/28385f2b2fd4c9cde68ff/1605566799_med_1504563519_med.mp3"]},"share":{"default":"https://coub-anubis-a.akamaized.net/coub_storage/coub/simple/cw_video_for_sharing/a92a23dc816/77d9a7d32df8827009c1a/1610045158_looped_1610045157.mp4"}},"audio_versions":{},"image_versions":{"template":"https://coub-anubis-a.akamaized.net/coub_storage/coub/simple/cw_image/04fa32cedcf/38bf3292af4938c441bb3/1504563526_00032.jpg","versions":["micro","tiny","age_restricted","ios_large","ios_mosaic","big","med","small","pinterest"]},"first_frame_versions":{"template":"https://coub-anubis-a.akamaized.net/coub_storage/coub/simple/cw_timeline_pic/c965bf83f5a/00d91e4e2e359d490a6c6/%{version}_1504563525_image.jpg","versions":["big","med","small","ios_large"]},"dimensions":{"big":[1280,720],"med":[640,360]},"site_w_h":[640,360],"page_w_h":[640,360],"site_w_h_small":[310,174],"size":[1280,720],"age_restricted":false,"age_restricted_by_admin":false,"not_safe_for_work":false,"allow_reuse":false,"dont_crop":false,"banned":false,"global_safe":true,"audio_file_url":null,"external_download":{"type":"Youtube","service_name":"YouTube","url":"http://youtu.be/yBBLUxMDM5w","has_embed":true},"application":null,"channel":{"id":33940,"permalink":"geekhead","title":"GEEK HEAD","description":"FOLLOW, JUST FOLLOW, MAKE MY DREAMS COME TRUE","followers_count":21146,"following_count":254,"avatar_versions":{"template":"https://coub-anubis-a.akamaized.net/coub_storage/channel/cw_avatar/d9f7e3ffc9e/a7d613674e7e4042fe154/%{version}_1483393877_GOLOVA_ava.png","versions":["medium","medium_2x","profile_pic","profile_pic_new","profile_pic_new_2x","tiny","tiny_2x","small","small_2x","ios_large","ios_small"]}},"file":null,"picture":"https://coub-anubis-a.akamaized.net/coub_storage/coub/simple/cw_image/04fa32cedcf/38bf3292af4938c441bb3/1504563526_00032.jpg","timeline_picture":"https://coub-anubis-a.akamaized.net/coub_storage/coub/simple/cw_timeline_pic/c965bf83f5a/00d91e4e2e359d490a6c6/ios_large_1504563525_image.jpg","small_picture":"https://coub-anubis-a.akamaized.net/coub_storage/coub/simple/cw_image/04fa32cedcf/38bf3292af4938c441bb3/1504563526_00032.jpg","sharing_picture":null,"percent_done":100,"tags":[{"id":5326,"title":"mashup","value":"mashup"},{"id":419,"title":"dog","value":"dog"},{"id":33421,"title":"whitney houston","value":"whitney%20houston"}],"categories":[{"id":37,"title":"Mashup","permalink":"mashup","subscriptions_count":10075240,"big_image_url":"https://coub-anubis-a.akamaized.net/coub_storage/category/cw_image/93ae83fbc3f/4d90453882a0f2e50dbc0/big_1544622036_Mashup.png","small_image_url":"https://coub-anubis-a.akamaized.net/coub_storage/category/cw_image/93ae83fbc3f/4d90453882a0f2e50dbc0/small_1544622036_Mashup.png","med_image_url":"https://coub-anubis-a.akamaized.net/coub_storage/category/cw_image/93ae83fbc3f/4d90453882a0f2e50dbc0/med_1544622036_Mashup.png","visible":true}],"communities":[{"id":37,"title":"Mashup","permalink":"mashup","subscriptions_count":10075240,"big_image_url":"https://coub-anubis-a.akamaized.net/coub_storage/category/cw_image/93ae83fbc3f/4d90453882a0f2e50dbc0/big_1544622036_Mashup.png","small_image_url":"https://coub-anubis-a.akamaized.net/coub_storage/category/cw_image/93ae83fbc3f/4d90453882a0f2e50dbc0/small_1544622036_Mashup.png","med_image_url":"https://coub-anubis-a.akamaized.net/coub_storage/category/cw_image/93ae83fbc3f/4d90453882a0f2e50dbc0/med_1544622036_Mashup.png","i_subscribed":true,"community_notifications_enabled":null,"description":null}],"recoubs_count":647,"remixes_count":3,"likes_count":3551,"dislikes_count":0,"raw_video_id":10201508,"uploaded_by_ios_app":false,"uploaded_by_android_app":false,"media_blocks":{"uploaded_raw_videos":[],"external_raw_videos":[{"id":22252318,"title":"I Will Always Love You","url":"http://www.youtube.com/watch?v=yBBLUxMDM5w","image":"https://coub-anubis-a.akamaized.net/coub_storage/media_block/cw_image/091bd09b925/6cd26dd24602209e2ebf7/1504563005_1504563002_1auz419_att-url-download.jpg","image_retina":"https://coub-anubis-a.akamaized.net/coub_storage/media_block/cw_image/091bd09b925/6cd26dd24602209e2ebf7/1504563005_1504563002_1auz419_att-url-download.jpg","meta":{"service":"Youtube","duration":"9.92"},"duration":9.92,"raw_video_id":10201508,"has_embed":true}],"remixed_from_coubs":[],"external_video":{"id":22252318,"title":"I Will Always Love You","url":"http://www.youtube.com/watch?v=yBBLUxMDM5w","image":"https://coub-anubis-a.akamaized.net/coub_storage/media_block/cw_image/091bd09b925/6cd26dd24602209e2ebf7/1504563005_1504563002_1auz419_att-url-download.jpg","image_retina":"https://coub-anubis-a.akamaized.net/coub_storage/media_block/cw_image/091bd09b925/6cd26dd24602209e2ebf7/1504563005_1504563002_1auz419_att-url-download.jpg","meta":{"service":"Youtube","duration":"9.92"},"duration":9.92,"raw_video_id":10201508,"has_embed":true}},"raw_video_thumbnail_url":"/missing/missing.png","raw_video_title":"I Will Always Love You","video_block_banned":false,"duration":9.92,"promo_winner":true,"promo_winner_recoubers":[],"editorial_info":{},"promo_hint":null,"beeline_best_2014":null,"from_web_editor":true,"normalize_sound":true,"normalize_change_allowed":true,"best2015_addable":false,"ahmad_promo":null,"promo_data":null,"audio_copyright_claim":null,"ads_disabled":false,"is_safe_for_ads":true,"megafon_contents":[],"position_on_page":1},{"flag":null,"abuses":null,"recoubs_by_users_channels":null,"favourite":false,"promoted_id":null,"recoub":null,"like":null,"dislike":null,"reaction":null,"in_my_best2015":false,"id":87972825,"type":"Coub::Simple","permalink":"1fyxg9","title":"Mad Max and Gorillaz","visibility_type":"public","original_visibility_type":"public","channel_id":657864,"created_at":"2018-10-12T17:45:18Z","updated_at":"2022-03-15T22:51:31Z","is_done":true,"views_count":233930,"cotd":null,"cotd_at":null,"visible_on_explore_root":true,"visible_on_explore":true,"featured":true,"published":true,"published_at":"2018-10-12T17:45:18Z","reversed":false,"from_editor_v2":true,"is_editable":true,"original_sound":false,"has_sound":false,"recoub_to":null,"file_versions":{"html5":{"video":{"higher":{"url":"https://coub-anubis-a.akamaized.net/coub_storage/coub/simple/cw_file/8eff542d051/4bc25c409d9bc90018646/muted_mp4_huge_size_1571432921_muted_huge.mp4","size":3281271},"high":{"url":"https://coub-anubis-a.akamaized.net/coub_storage/coub/simple/cw_file/8eff542d051/4bc25c409d9bc90018646/muted_mp4_big_size_1571432921_muted_big.mp4","size":2300371},"med":{"url":"https://coub-anubis-a.akamaized.net/coub_storage/coub/simple/cw_file/8eff542d051/4bc25c409d9bc90018646/muted_mp4_med_size_1571432921_muted_med.mp4","size":777601}},"audio":{"high":{"url":"https://coub-anubis-a.akamaized.net/coub_storage/coub/simple/cw_looped_audio_high/19a020c872c/b88aecabd2b58e19698dd/1605603940_high_1539366342_high.mp3","size":1451068},"med":{"url":"https://coub-anubis-a.akamaized.net/coub_storage/coub/simple/cw_looped_audio_med/0f867ee6040/7599714a57646b7bf3a31/1605603939_med_1539366342_med.mp3","size":1118809}}},"mobile":{"video":"https://coub-anubis-a.akamaized.net/coub_storage/coub/simple/cw_file/8eff542d051/4bc25c409d9bc90018646/muted_mp4_med_size_1571432921_muted_med.mp4","audio":["https://coub-anubis-a.akamaized.net/coub_storage/coub/simple/cw_looped_audio_med/0f867ee6040/7599714a57646b7bf3a31/1605603939_med_1539366342_med.mp3"]},"share":{"default":"https://coub-anubis-a.akamaized.net/coub_storage/coub/simple/cw_video_for_sharing/713990ee4c9/906163e3ffb0a0a511474/1608759557_looped_1608759556.mp4"}},"audio_versions":{"template":"https://coub-anubis-a.akamaized.net/coub_storage/audio_track/cw_normalized_copy/5349e71f63a/a8aafad9c3ca8ee585d6f/mid_1539366336_normalized_1539366328_1oq2jqv_edited.mp3","versions":["mid","low"]},"image_versions":{"template":"https://coub-anubis-a.akamaized.net/coub_storage/coub/simple/cw_image/6affacb5dec/2b00c715e14d0a060a0d9/1539366349_00032.jpg","versions":["micro","tiny","age_restricted","ios_large","ios_mosaic","big","med","small","pinterest"]},"first_frame_versions":{"template":"https://coub-anubis-a.akamaized.net/coub_storage/coub/simple/cw_timeline_pic/28cfb09ba55/ea4cc235a4b748992fa46/%{version}_1539366348_image.jpg","versions":["big","med","small","ios_large"]},"dimensions":{"big":[1280,720],"med":[640,360]},"site_w_h":[640,360],"page_w_h":[640,360],"site_w_h_small":[310,174],"size":[1280,720],"age_restricted":false,"age_restricted_by_admin":false,"not_safe_for_work":false,"allow_reuse":false,"dont_crop":false,"banned":false,"global_safe":true,"audio_file_url":"https://coub-anubis-a.akamaized.net/coub_storage/audio_track/cw_normalized_copy/5349e71f63a/a8aafad9c3ca8ee585d6f/low_1539366336_normalized_1539366328_1oq2jqv_edited.mp3","external_download":false,"application":null,"channel":{"id":657864,"permalink":"resonance","title":"Resonance Cup ☮","description":"Special Music Channel","followers_count":1005,"following_count":49,"avatar_versions":{"template":"https://coub-anubis-a.akamaized.net/coub_storage/channel/cw_avatar/a902b80808c/9f0b6849b78db636e9c96/%{version}_1535319242_Ey5H5kQXt2I.jpg","versions":["medium","medium_2x","profile_pic","profile_pic_new","profile_pic_new_2x","tiny","tiny_2x","small","small_2x","ios_large","ios_small"]}},"file":null,"picture":"https://coub-anubis-a.akamaized.net/coub_storage/coub/simple/cw_image/6affacb5dec/2b00c715e14d0a060a0d9/1539366349_00032.jpg","timeline_picture":"https://coub-anubis-a.akamaized.net/coub_storage/coub/simple/cw_timeline_pic/28cfb09ba55/ea4cc235a4b748992fa46/ios_large_1539366348_image.jpg","small_picture":"https://coub-anubis-a.akamaized.net/coub_storage/coub/simple/cw_image/6affacb5dec/2b00c715e14d0a060a0d9/1539366349_00032.jpg","sharing_picture":null,"percent_done":100,"tags":[{"id":5326,"title":"mashup","value":"mashup"},{"id":288361,"title":"hybrids","value":"hybrids"},{"id":41698,"title":"hybrid","value":"hybrid"},{"id":735,"title":"music video","value":"music%20video"},{"id":69943,"title":"mad max","value":"mad%20max"},{"id":19248,"title":"gorillaz","value":"gorillaz"},{"id":362153,"title":"gorillaz - dirty harry","value":"gorillaz%20-%20dirty%20harry"},{"id":1169,"title":"90s","value":"90s"}],"categories":[{"id":37,"title":"Mashup","permalink":"mashup","subscriptions_count":10075240,"big_image_url":"https://coub-anubis-a.akamaized.net/coub_storage/category/cw_image/93ae83fbc3f/4d90453882a0f2e50dbc0/big_1544622036_Mashup.png","small_image_url":"https://coub-anubis-a.akamaized.net/coub_storage/category/cw_image/93ae83fbc3f/4d90453882a0f2e50dbc0/small_1544622036_Mashup.png","med_image_url":"https://coub-anubis-a.akamaized.net/coub_storage/category/cw_image/93ae83fbc3f/4d90453882a0f2e50dbc0/med_1544622036_Mashup.png","visible":true}],"communities":[{"id":37,"title":"Mashup","permalink":"mashup","subscriptions_count":10075240,"big_image_url":"https://coub-anubis-a.akamaized.net/coub_storage/category/cw_image/93ae83fbc3f/4d90453882a0f2e50dbc0/big_1544622036_Mashup.png","small_image_url":"https://coub-anubis-a.akamaized.net/coub_storage/category/cw_image/93ae83fbc3f/4d90453882a0f2e50dbc0/small_1544622036_Mashup.png","med_image_url":"https://coub-anubis-a.akamaized.net/coub_storage/category/cw_image/93ae83fbc3f/4d90453882a0f2e50dbc0/med_1544622036_Mashup.png","i_subscribed":true,"community_notifications_enabled":null,"description":null}],"recoubs_count":661,"remixes_count":4,"likes_count":3548,"dislikes_count":0,"raw_video_id":12518551,"uploaded_by_ios_app":false,"uploaded_by_android_app":false,"media_blocks":{"uploaded_raw_videos":[],"external_raw_videos":[],"remixed_from_coubs":[]},"raw_video_thumbnail_url":"/missing/missing.png","raw_video_title":"Timeline_1.mp4","video_block_banned":false,"duration":10.0,"promo_winner":false,"promo_winner_recoubers":null,"editorial_info":{},"promo_hint":null,"beeline_best_2014":null,"from_web_editor":true,"normalize_sound":true,"normalize_change_allowed":true,"best2015_addable":false,"ahmad_promo":null,"promo_data":null,"audio_copyright_claim":null,"ads_disabled":false,"is_safe_for_ads":true,"megafon_contents":[],"position_on_page":2},{"flag":null,"abuses":null,"recoubs_by_users_channels":null,"favourite":false,"promoted_id":null,"recoub":null,"like":null,"dislike":null,"reaction":null,"in_my_best2015":false,"id":178715984,"type":"Coub::Simple","permalink":"2y211z","title":"Чего они тогда хотят? 🤷‍♂️","visibility_type":"public","original_visibility_type":"public","channel_id":4606490,"created_at":"2021-11-17T05:51:56Z","updated_at":"2022-03-15T19:25:35Z","is_done":true,"views_count":177024,"cotd":null,"cotd_at":null,"visible_on_explore_root":false,"visible_on_explore":false,"featured":false,"published":true,"published_at":"2021-11-17T05:51:55Z","reversed":false,"from_editor_v2":true,"is_editable":true,"original_sound":true,"has_sound":true,"recoub_to":null,"file_versions":{"html5":{"video":{"higher":{"url":"https://coub-anubis-a.akamaized.net/coub_storage/coub/simple/cw_file/4239e6953ed/6339978553bcd5583d665/muted_mp4_huge_size_1637128327_muted_huge.mp4","size":1423640},"high":{"url":"https://coub-anubis-a.akamaized.net/coub_storage/coub/simple/cw_file/4239e6953ed/6339978553bcd5583d665/muted_mp4_big_size_1637128327_muted_big.mp4","size":877109},"med":{"url":"https://coub-anubis-a.akamaized.net/coub_storage/coub/simple/cw_file/4239e6953ed/6339978553bcd5583d665/muted_mp4_med_size_1637128327_muted_med.mp4","size":274678}},"audio":{"high":{"url":"https://coub-anubis-a.akamaized.net/coub_storage/coub/simple/cw_looped_audio_high/2391683618b/27649dcd4bb9f039f10b8/1637128330_mp3-high.mp3","size":936688},"med":{"url":"https://coub-anubis-a.akamaized.net/coub_storage/coub/simple/cw_looped_audio_med/00c122f8ff7/a4f9c4a711a3ae55899dd/1637128329_mp3-med.mp3","size":846959},"sample_duration":9.242}},"mobile":{"video":"https://coub-anubis-a.akamaized.net/coub_storage/coub/simple/cw_file/4239e6953ed/6339978553bcd5583d665/muted_mp4_med_size_1637128327_muted_med.mp4","audio":["https://coub-anubis-a.akamaized.net/coub_storage/coub/simple/cw_looped_audio_med/00c122f8ff7/a4f9c4a711a3ae55899dd/1637128329_mp3-med.mp3"]},"share":{"default":"https://coub-anubis-a.akamaized.net/coub_storage/coub/simple/cw_video_for_sharing/d9df82513cd/5626dff0f4942166ae540/1637128383_looped_1637128381.mp4"}},"audio_versions":{},"image_versions":{"template":"https://coub-anubis-a.akamaized.net/coub_storage/coub/simple/cw_image/b1a4e0defd2/ec54789234d84811beb28/%{version}_1637128340_00029.jpg","versions":["micro","tiny","age_restricted","ios_large","ios_mosaic","big","med","small","pinterest"]},"first_frame_versions":{"template":"https://coub-anubis-a.akamaized.net/coub_storage/coub/simple/cw_timeline_pic/cada425ac24/94f10c36183190f7219d2/%{version}_1637128339_image.jpg","versions":["big","med","small","ios_large"]},"dimensions":{"big":[538,960],"med":[268,480]},"site_w_h":[224,400],"page_w_h":[400,714],"site_w_h_small":[310,553],"size":[538,960],"age_restricted":false,"age_restricted_by_admin":false,"not_safe_for_work":false,"allow_reuse":false,"dont_crop":true,"banned":false,"global_safe":null,"audio_file_url":null,"external_download":{"type":"Vk","service_name":"Vk","url":"https://vk.com/video-12353330_456264393","has_embed":false},"application":null,"channel":{"id":4606490,"permalink":"darknaru","title":"DarkNaRu","description":"Разогнать кто сможет тучи? \nПовернуть обратно реки?\nТолько те, чьи яйца круче —\nЭто... БЭТМЭН И УЗБЕКИ!?","followers_count":265,"following_count":344,"avatar_versions":{"template":"https://coub-anubis-a.akamaized.net/coub_storage/channel/cw_avatar/2ff711f0b00/5347b840b0c0375f1353c/%{version}_1607750475_5n2003_1540069366_cropped.jpeg","versions":["medium","medium_2x","profile_pic","profile_pic_new","profile_pic_new_2x","tiny","tiny_2x","small","small_2x","ios_large","ios_small"]}},"file":null,"picture":"https://coub-anubis-a.akamaized.net/coub_storage/coub/simple/cw_image/b1a4e0defd2/ec54789234d84811beb28/med_1637128340_00029.jpg","timeline_picture":"https://coub-anubis-a.akamaized.net/coub_storage/coub/simple/cw_timeline_pic/cada425ac24/94f10c36183190f7219d2/ios_large_1637128339_image.jpg","small_picture":"https://coub-anubis-a.akamaized.net/coub_storage/coub/simple/cw_image/b1a4e0defd2/ec54789234d84811beb28/ios_mosaic_1637128340_00029.jpg","sharing_picture":null,"percent_done":100,"tags":[{"id":980302,"title":"девушкам","value":"%D0%B4%D0%B5%D0%B2%D1%83%D1%88%D0%BA%D0%B0%D0%BC"},{"id":45624,"title":"только","value":"%D1%82%D0%BE%D0%BB%D1%8C%D0%BA%D0%BE"},{"id":327250,"title":"одно","value":"%D0%BE%D0%B4%D0%BD%D0%BE"},{"id":19172,"title":"от","value":"%D0%BE%D1%82"},{"id":54678,"title":"нас","value":"%D0%BD%D0%B0%D1%81"},{"id":509929,"title":"кавалеров","value":"%D0%BA%D0%B0%D0%B2%D0%B0%D0%BB%D0%B5%D1%80%D0%BE%D0%B2"},{"id":38120,"title":"нужно","value":"%D0%BD%D1%83%D0%B6%D0%BD%D0%BE"},{"id":6821,"title":"и","value":"%D0%B8"},{"id":5645,"title":"это","value":"%D1%8D%D1%82%D0%BE"},{"id":196665,"title":"отвратительно","value":"%D0%BE%D1%82%D0%B2%D1%80%D0%B0%D1%82%D0%B8%D1%82%D0%B5%D0%BB%D1%8C%D0%BD%D0%BE"},{"id":20324,"title":"мужики","value":"%D0%BC%D1%83%D0%B6%D0%B8%D0%BA%D0%B8"},{"id":5232802,"title":"держимся","value":"%D0%B4%D0%B5%D1%80%D0%B6%D0%B8%D0%BC%D1%81%D1%8F"},{"id":218198,"title":"до конца","value":"%D0%B4%D0%BE%20%D0%BA%D0%BE%D0%BD%D1%86%D0%B0"},{"id":408525,"title":"ноября","value":"%D0%BD%D0%BE%D1%8F%D0%B1%D1%80%D1%8F"},{"id":1205434,"title":"чуть-чуть","value":"%D1%87%D1%83%D1%82%D1%8C-%D1%87%D1%83%D1%82%D1%8C"},{"id":169,"title":"fun","value":"fun"},{"id":183,"title":"girl","value":"girl"},{"id":952,"title":"pretty","value":"pretty"},{"id":171,"title":"wow","value":"wow"},{"id":3828,"title":"uwu","value":"uwu"}],"categories":[{"id":37,"title":"Mashup","permalink":"mashup","subscriptions_count":10075240,"big_image_url":"https://coub-anubis-a.akamaized.net/coub_storage/category/cw_image/93ae83fbc3f/4d90453882a0f2e50dbc0/big_1544622036_Mashup.png","small_image_url":"https://coub-anubis-a.akamaized.net/coub_storage/category/cw_image/93ae83fbc3f/4d90453882a0f2e50dbc0/small_1544622036_Mashup.png","med_image_url":"https://coub-anubis-a.akamaized.net/coub_storage/category/cw_image/93ae83fbc3f/4d90453882a0f2e50dbc0/med_1544622036_Mashup.png","visible":true}],"communities":[{"id":37,"title":"Mashup","permalink":"mashup","subscriptions_count":10075240,"big_image_url":"https://coub-anubis-a.akamaized.net/coub_storage/category/cw_image/93ae83fbc3f/4d90453882a0f2e50dbc0/big_1544622036_Mashup.png","small_image_url":"https://coub-anubis-a.akamaized.net/coub_storage/category/cw_image/93ae83fbc3f/4d90453882a0f2e50dbc0/small_1544622036_Mashup.png","med_image_url":"https://coub-anubis-a.akamaized.net/coub_storage/category/cw_image/93ae83fbc3f/4d90453882a0f2e50dbc0/med_1544622036_Mashup.png","i_subscribed":true,"community_notifications_enabled":null,"description":null}],"recoubs_count":639,"remixes_count":1,"likes_count":3547,"dislikes_count":0,"raw_video_id":16927550,"uploaded_by_ios_app":false,"uploaded_by_android_app":true,"media_blocks":{"uploaded_raw_videos":[],"external_raw_videos":[{"id":40261717,"title":"Когда сестренки не хотят убираться","url":"https://vk.com/video-12353330_456264393","image":"https://coub-anubis-a.akamaized.net/coub_storage/media_block/cw_image/02dd2217021/68452537bac7371d82776/video_1637127752_1s9escz_1637127743_1fj2huf_att-url-download","image_retina":"https://coub-anubis-a.akamaized.net/coub_storage/media_block/cw_image/02dd2217021/68452537bac7371d82776/video_retina_1637127752_1s9escz_1637127743_1fj2huf_att-url-download","meta":{"service":"Vk","duration":"9.24"},"duration":9.24,"raw_video_id":16927550,"has_embed":false}],"remixed_from_coubs":[],"external_video":{"id":40261717,"title":"Когда сестренки не хотят убираться","url":"https://vk.com/video-12353330_456264393","image":"https://coub-anubis-a.akamaized.net/coub_storage/media_block/cw_image/02dd2217021/68452537bac7371d82776/video_1637127752_1s9escz_1637127743_1fj2huf_att-url-download","image_retina":"https://coub-anubis-a.akamaized.net/coub_storage/media_block/cw_image/02dd2217021/68452537bac7371d82776/video_retina_1637127752_1s9escz_1637127743_1fj2huf_att-url-download","meta":{"service":"Vk","duration":"9.24"},"duration":9.24,"raw_video_id":16927550,"has_embed":false}},"raw_video_thumbnail_url":"https://coub-anubis-a.akamaized.net/coub_storage/raw_video/cw_image/5610ca4bd2c/2b6228329c90db4213b2a/coub_media_1637127744_1637127743_1fj2huf_att-url-download","raw_video_title":"Когда сестренки не хотят убираться","video_block_banned":false,"duration":9.24,"promo_winner":false,"promo_winner_recoubers":null,"editorial_info":{},"promo_hint":null,"beeline_best_2014":null,"from_web_editor":false,"normalize_sound":true,"normalize_change_allowed":true,"best2015_addable":false,"ahmad_promo":null,"promo_data":null,"audio_copyright_claim":null,"ads_disabled":false,"is_safe_for_ads":true,"megafon_contents":[],"position_on_page":3},{"flag":null,"abuses":null,"recoubs_by_users_channels":null,"favourite":false,"promoted_id":null,"recoub":null,"like":null,"dislike":null,"reaction":null,"in_my_best2015":false,"id":138549855,"type":"Coub::Simple","permalink":"2a54ez","title":"X Force +","visibility_type":"public","original_visibility_type":"public","channel_id":2464675,"created_at":"2020-03-03T18:34:45Z","updated_at":"2022-03-08T09:54:21Z","is_done":true,"views_count":372050,"cotd":null,"cotd_at":null,"visible_on_explore_root":true,"visible_on_explore":true,"featured":true,"published":true,"published_at":"2020-03-03T18:34:45Z","reversed":false,"from_editor_v2":true,"is_editable":true,"original_sound":false,"has_sound":false,"recoub_to":null,"file_versions":{"html5":{"video":{"higher":{"url":"https://coub-anubis-a.akamaized.net/coub_storage/coub/simple/cw_file/e87328eae1b/eca978542565bc5639da7/muted_mp4_huge_size_1583260509_muted_huge.mp4","size":4709141},"high":{"url":"https://coub-anubis-a.akamaized.net/coub_storage/coub/simple/cw_file/e87328eae1b/eca978542565bc5639da7/muted_mp4_big_size_1583260509_muted_big.mp4","size":3574045},"med":{"url":"https://coub-anubis-a.akamaized.net/coub_storage/coub/simple/cw_file/e87328eae1b/eca978542565bc5639da7/muted_mp4_med_size_1583260509_muted_med.mp4","size":1247798}}},"mobile":{"video":"https://coub-anubis-a.akamaized.net/coub_storage/coub/simple/cw_file/e87328eae1b/eca978542565bc5639da7/muted_mp4_med_size_1583260509_muted_med.mp4"},"share":{"default":"https://coub-anubis-a.akamaized.net/coub_storage/coub/simple/cw_video_for_sharing/cc6de767e1d/a6808f0f579bea9888612/1608414456_looped_1608414453.mp4"}},"audio_versions":{},"image_versions":{"template":"https://coub-anubis-a.akamaized.net/coub_storage/coub/simple/cw_image/96b98df4633/a1c16f6e97fe100c35b08/1583260526_00032.jpg","versions":["micro","tiny","age_restricted","ios_large","ios_mosaic","big","med","small","pinterest"]},"first_frame_versions":{"template":"https://coub-anubis-a.akamaized.net/coub_storage/coub/simple/cw_timeline_pic/47c886dac1c/4ec5c26864d92d0600966/%{version}_1583260526_image.jpg","versions":["big","med","small","ios_large"]},"dimensions":{"big":[1280,720],"med":[640,360]},"site_w_h":[640,360],"page_w_h":[640,360],"site_w_h_small":[310,174],"size":[1280,720],"age_restricted":false,"age_restricted_by_admin":false,"not_safe_for_work":false,"allow_reuse":false,"dont_crop":false,"banned":false,"global_safe":true,"audio_file_url":null,"external_download":false,"application":null,"channel":{"id":2464675,"permalink":"coub-x30","title":"COUB x3","description":"funny video","followers_count":3943,"following_count":203,"avatar_versions":{"template":"https://coub-anubis-a.akamaized.net/coub_storage/channel/cw_avatar/d4ab8082244/55a54eaf1a04936486a61/%{version}_1609431032_ringg5_1578034266__3.jpg","versions":["medium","medium_2x","profile_pic","profile_pic_new","profile_pic_new_2x","tiny","tiny_2x","small","small_2x","ios_large","ios_small"]}},"file":null,"picture":"https://coub-anubis-a.akamaized.net/coub_storage/coub/simple/cw_image/96b98df4633/a1c16f6e97fe100c35b08/1583260526_00032.jpg","timeline_picture":"https://coub-anubis-a.akamaized.net/coub_storage/coub/simple/cw_timeline_pic/47c886dac1c/4ec5c26864d92d0600966/ios_large_1583260526_image.jpg","small_picture":"https://coub-anubis-a.akamaized.net/coub_storage/coub/simple/cw_image/96b98df4633/a1c16f6e97fe100c35b08/1583260526_00032.jpg","sharing_picture":null,"percent_done":100,"tags":[{"id":5510269,"title":"x force +","value":"x%20force%20+"},{"id":4175,"title":"deadpool","value":"deadpool"},{"id":1351637,"title":"deadpool 2","value":"deadpool%202"},{"id":4488738,"title":"happy death day 2u","value":"happy%20death%20day%202u"},{"id":5326,"title":"mashup","value":"mashup"},{"id":2409,"title":"movies","value":"movies"},{"id":174,"title":"funny","value":"funny"}],"categories":[{"id":37,"title":"Mashup","permalink":"mashup","subscriptions_count":10075240,"big_image_url":"https://coub-anubis-a.akamaized.net/coub_storage/category/cw_image/93ae83fbc3f/4d90453882a0f2e50dbc0/big_1544622036_Mashup.png","small_image_url":"https://coub-anubis-a.akamaized.net/coub_storage/category/cw_image/93ae83fbc3f/4d90453882a0f2e50dbc0/small_1544622036_Mashup.png","med_image_url":"https://coub-anubis-a.akamaized.net/coub_storage/category/cw_image/93ae83fbc3f/4d90453882a0f2e50dbc0/med_1544622036_Mashup.png","visible":true}],"communities":[{"id":37,"title":"Mashup","permalink":"mashup","subscriptions_count":10075240,"big_image_url":"https://coub-anubis-a.akamaized.net/coub_storage/category/cw_image/93ae83fbc3f/4d90453882a0f2e50dbc0/big_1544622036_Mashup.png","small_image_url":"https://coub-anubis-a.akamaized.net/coub_storage/category/cw_image/93ae83fbc3f/4d90453882a0f2e50dbc0/small_1544622036_Mashup.png","med_image_url":"https://coub-anubis-a.akamaized.net/coub_storage/category/cw_image/93ae83fbc3f/4d90453882a0f2e50dbc0/med_1544622036_Mashup.png","i_subscribed":true,"community_notifications_enabled":null,"description":null}],"recoubs_count":555,"remixes_count":0,"likes_count":3547,"dislikes_count":0,"raw_video_id":14891386,"uploaded_by_ios_app":false,"uploaded_by_android_app":false,"media_blocks":{"uploaded_raw_videos":[],"external_raw_videos":[],"remixed_from_coubs":[]},"raw_video_thumbnail_url":"/missing/missing.png","raw_video_title":"______.mp4","video_block_banned":false,"duration":10.0,"promo_winner":false,"promo_winner_recoubers":null,"editorial_info":{},"promo_hint":null,"beeline_best_2014":null,"from_web_editor":true,"normalize_sound":false,"normalize_change_allowed":true,"best2015_addable":false,"ahmad_promo":null,"promo_data":null,"audio_copyright_claim":"Sony Music Entertainment Russia","ads_disabled":false,"is_safe_for_ads":true,"megafon_contents":[],"position_on_page":4},{"flag":null,"abuses":null,"recoubs_by_users_channels":null,"favourite":false,"promoted_id":null,"recoub":null,"like":null,"dislike":null,"reaction":null,"in_my_best2015":false,"id":125513775,"type":"Coub::Simple","permalink":"22c7m1","title":"Everybody plays the fool","visibility_type":"public","original_visibility_type":"public","channel_id":1066128,"created_at":"2019-10-05T11:47:34Z","updated_at":"2022-03-14T01:59:31Z","is_done":true,"views_count":782852,"cotd":true,"cotd_at":"2019-10-06","visible_on_explore_root":true,"visible_on_explore":true,"featured":true,"published":true,"published_at":"2019-10-05T11:47:34Z","reversed":false,"from_editor_v2":true,"is_editable":true,"original_sound":false,"has_sound":false,"recoub_to":null,"file_versions":{"html5":{"video":{"higher":{"url":"https://coub-anubis-a.akamaized.net/coub_storage/coub/simple/cw_file/213044634e5/0f56b81a3848df4f50be0/muted_mp4_huge_size_1570276064_muted_huge.mp4","size":2439917},"high":{"url":"https://coub-anubis-a.akamaized.net/coub_storage/coub/simple/cw_file/213044634e5/0f56b81a3848df4f50be0/muted_mp4_big_size_1570276064_muted_big.mp4","size":1763267},"med":{"url":"https://coub-anubis-a.akamaized.net/coub_storage/coub/simple/cw_file/213044634e5/0f56b81a3848df4f50be0/muted_mp4_med_size_1570276064_muted_med.mp4","size":508773}},"audio":{"high":{"url":"https://coub-anubis-a.akamaized.net/coub_storage/coub/simple/cw_looped_audio_high/447cc36a2ce/8cb15a9eb9c958bfb3bf5/1605692521_high_1570276095_high.mp3","size":3052498},"med":{"url":"https://coub-anubis-a.akamaized.net/coub_storage/coub/simple/cw_looped_audio_med/9395f05072d/daafa1dd9383c73344bfe/1605692520_med_1570276095_med.mp3","size":2401503}}},"mobile":{"video":"https://coub-anubis-a.akamaized.net/coub_storage/coub/simple/cw_file/213044634e5/0f56b81a3848df4f50be0/muted_mp4_med_size_1570276064_muted_med.mp4","audio":["https://coub-anubis-a.akamaized.net/coub_storage/coub/simple/cw_looped_audio_med/9395f05072d/daafa1dd9383c73344bfe/1605692520_med_1570276095_med.mp3"]},"share":{"default":"https://coub-anubis-a.akamaized.net/coub_storage/coub/simple/cw_video_for_sharing/43bfe1ba5b6/64637007bec5aa5a59a39/1608428295_looped_1608428294.mp4"}},"audio_versions":{"template":"https://coub-anubis-a.akamaized.net/coub_storage/audio_track/cw_normalized_copy/68f467db0d9/eba7b1ebcde3869e7cad0/mid_1570276084_normalized_1570276067_1bm5if7_edited.mp3","versions":["mid","low"]},"image_versions":{"template":"https://coub-anubis-a.akamaized.net/coub_storage/coub/simple/cw_image/8898bd86358/3a7a22da3ffc5c0fb5d78/1570276108_00030.jpg","versions":["micro","tiny","age_restricted","ios_large","ios_mosaic","big","med","small","pinterest"]},"first_frame_versions":{"template":"https://coub-anubis-a.akamaized.net/coub_storage/coub/simple/cw_timeline_pic/c43d1e8becb/ac6e184e876f8ea78c196/1570276107_image.jpg","versions":["big","med","small","ios_large"]},"dimensions":{"big":[1280,692],"med":[640,346]},"site_w_h":[640,346],"page_w_h":[640,346],"site_w_h_small":[310,168],"size":[1280,692],"age_restricted":false,"age_restricted_by_admin":false,"not_safe_for_work":false,"allow_reuse":false,"dont_crop":false,"banned":false,"global_safe":true,"audio_file_url":"https://coub-anubis-a.akamaized.net/coub_storage/audio_track/cw_normalized_copy/68f467db0d9/eba7b1ebcde3869e7cad0/low_1570276084_normalized_1570276067_1bm5if7_edited.mp3","external_download":false,"application":null,"channel":{"id":1066128,"permalink":"realhumanbeing","title":"RealHumanBeing ","description":"Truth 24 Times a Second","followers_count":6240,"following_count":48,"avatar_versions":{"template":"https://coub-anubis-a.akamaized.net/coub_storage/channel/cw_avatar/2ae5519fc40/f387989badb220aba1f1c/%{version}_1607422599_he816c_1551629626_DSC_1174_2_.jpg","versions":["medium","medium_2x","profile_pic","profile_pic_new","profile_pic_new_2x","tiny","tiny_2x","small","small_2x","ios_large","ios_small"]}},"file":null,"picture":"https://coub-anubis-a.akamaized.net/coub_storage/coub/simple/cw_image/8898bd86358/3a7a22da3ffc5c0fb5d78/1570276108_00030.jpg","timeline_picture":"https://coub-anubis-a.akamaized.net/coub_storage/coub/simple/cw_timeline_pic/c43d1e8becb/ac6e184e876f8ea78c196/1570276107_image.jpg","small_picture":"https://coub-anubis-a.akamaized.net/coub_storage/coub/simple/cw_image/8898bd86358/3a7a22da3ffc5c0fb5d78/1570276108_00030.jpg","sharing_picture":null,"percent_done":100,"tags":[{"id":5248859,"title":"the main ingredient - everybody plays the fool","value":"the%20main%20ingredient%20-%20everybody%20plays%20the%20fool"},{"id":5326,"title":"mashup","value":"mashup"},{"id":13852,"title":"martin scorsese","value":"martin%20scorsese"},{"id":8544,"title":"robert de niro","value":"robert%20de%20niro"},{"id":47470,"title":"taxi driver","value":"taxi%20driver"},{"id":378836,"title":"todd phillips","value":"todd%20phillips"},{"id":4885,"title":"gotham","value":"gotham"},{"id":27721,"title":"joaquin phoenix","value":"joaquin%20phoenix"},{"id":716,"title":"joker","value":"joker"},{"id":1558,"title":"film","value":"film"},{"id":229,"title":"cinema","value":"cinema"}],"categories":[{"id":37,"title":"Mashup","permalink":"mashup","subscriptions_count":10075240,"big_image_url":"https://coub-anubis-a.akamaized.net/coub_storage/category/cw_image/93ae83fbc3f/4d90453882a0f2e50dbc0/big_1544622036_Mashup.png","small_image_url":"https://coub-anubis-a.akamaized.net/coub_storage/category/cw_image/93ae83fbc3f/4d90453882a0f2e50dbc0/small_1544622036_Mashup.png","med_image_url":"https://coub-anubis-a.akamaized.net/coub_storage/category/cw_image/93ae83fbc3f/4d90453882a0f2e50dbc0/med_1544622036_Mashup.png","visible":true}],"communities":[{"id":37,"title":"Mashup","permalink":"mashup","subscriptions_count":10075240,"big_image_url":"https://coub-anubis-a.akamaized.net/coub_storage/category/cw_image/93ae83fbc3f/4d90453882a0f2e50dbc0/big_1544622036_Mashup.png","small_image_url":"https://coub-anubis-a.akamaized.net/coub_storage/category/cw_image/93ae83fbc3f/4d90453882a0f2e50dbc0/small_1544622036_Mashup.png","med_image_url":"https://coub-anubis-a.akamaized.net/coub_storage/category/cw_image/93ae83fbc3f/4d90453882a0f2e50dbc0/med_1544622036_Mashup.png","i_subscribed":true,"community_notifications_enabled":null,"description":null}],"recoubs_count":538,"remixes_count":8,"likes_count":3547,"dislikes_count":0,"raw_video_id":"","uploaded_by_ios_app":false,"uploaded_by_android_app":false,"media_blocks":{"uploaded_raw_videos":[],"external_raw_videos":[],"remixed_from_coubs":[]},"raw_video_thumbnail_url":"","raw_video_title":"","video_block_banned":false,"duration":9.52,"promo_winner":false,"promo_winner_recoubers":null,"editorial_info":{},"promo_hint":null,"beeline_best_2014":null,"from_web_editor":true,"normalize_sound":true,"normalize_change_allowed":true,"best2015_addable":false,"ahmad_promo":null,"promo_data":null,"audio_copyright_claim":null,"ads_disabled":false,"is_safe_for_ads":true,"megafon_contents":[],"position_on_page":5},{"flag":null,"abuses":null,"recoubs_by_users_channels":null,"favourite":false,"promoted_id":null,"recoub":null,"like":null,"dislike":null,"reaction":null,"in_my_best2015":false,"id":118207661,"type":"Coub::Simple","permalink":"1xyyz9","title":"crazy train","visibility_type":"public","original_visibility_type":"public","channel_id":3618210,"created_at":"2019-07-17T00:34:27Z","updated_at":"2022-03-09T17:50:40Z","is_done":true,"views_count":146332,"cotd":null,"cotd_at":null,"visible_on_explore_root":false,"visible_on_explore":false,"featured":false,"published":true,"published_at":"2019-07-17T00:34:27Z","reversed":false,"from_editor_v2":true,"is_editable":true,"original_sound":false,"has_sound":false,"recoub_to":null,"file_versions":{"html5":{"video":{"higher":{"url":"https://coub-anubis-a.akamaized.net/coub_storage/coub/simple/cw_file/43d6772daa4/cd95fd72f1804c13f7ea7/muted_mp4_huge_size_1569236337_muted_huge.mp4","size":2716811},"high":{"url":"https://coub-anubis-a.akamaized.net/coub_storage/coub/simple/cw_file/43d6772daa4/cd95fd72f1804c13f7ea7/muted_mp4_big_size_1569236337_muted_big.mp4","size":1908681},"med":{"url":"https://coub-anubis-a.akamaized.net/coub_storage/coub/simple/cw_file/43d6772daa4/cd95fd72f1804c13f7ea7/muted_mp4_med_size_1569236337_muted_med.mp4","size":541671}},"audio":{"high":{"url":"https://coub-anubis-a.akamaized.net/coub_storage/coub/simple/cw_looped_audio_high/61c8c77fa23/d19594159c81775e2e26e/1605646595_high_1563323683_high.mp3","size":692636},"med":{"url":"https://coub-anubis-a.akamaized.net/coub_storage/coub/simple/cw_looped_audio_med/a3271cd8d37/3007a84f731c2b0dae0cc/1605646594_med_1563323683_med.mp3","size":493832}}},"mobile":{"video":"https://coub-anubis-a.akamaized.net/coub_storage/coub/simple/cw_file/43d6772daa4/cd95fd72f1804c13f7ea7/muted_mp4_med_size_1569236337_muted_med.mp4","audio":["https://coub-anubis-a.akamaized.net/coub_storage/coub/simple/cw_looped_audio_med/a3271cd8d37/3007a84f731c2b0dae0cc/1605646594_med_1563323683_med.mp3"]},"share":{"default":"https://coub-anubis-a.akamaized.net/coub_storage/coub/simple/cw_video_for_sharing/80bbcf9cd7d/a7c3a9c76c783c3ad2614/1608585501_looped_1608585499.mp4"}},"audio_versions":{"template":"https://coub-anubis-a.akamaized.net/coub_storage/audio_track/cw_normalized_copy/fc2c813eb9a/f912a98a2cf46c383852c/mid_1571717140_normalized_1563322565_audio.mp3","versions":["mid","low"]},"image_versions":{"template":"https://coub-anubis-a.akamaized.net/coub_storage/coub/simple/cw_image/67f51d23a91/8cf1316cd778db6db49cf/1563323690_00032.jpg","versions":["micro","tiny","age_restricted","ios_large","ios_mosaic","big","med","small","pinterest"]},"first_frame_versions":{"template":"https://coub-anubis-a.akamaized.net/coub_storage/coub/simple/cw_timeline_pic/930c0a03f26/c89964baed942b263a375/1563323689_image.jpg","versions":["big","med","small","ios_large"]},"dimensions":{"big":[1280,720],"med":[640,360]},"site_w_h":[640,360],"page_w_h":[640,360],"site_w_h_small":[310,174],"size":[1280,720],"age_restricted":false,"age_restricted_by_admin":false,"not_safe_for_work":false,"allow_reuse":false,"dont_crop":false,"banned":false,"global_safe":true,"audio_file_url":"https://coub-anubis-a.akamaized.net/coub_storage/audio_track/cw_normalized_copy/fc2c813eb9a/f912a98a2cf46c383852c/low_1571717140_normalized_1563322565_audio.mp3","external_download":false,"application":null,"channel":{"id":3618210,"permalink":"fpcouber","title":"FPCouber","description":"The channel has coubs for absolutely different topics.If you like my coubs, like, repost please.","followers_count":2741,"following_count":49,"avatar_versions":{"template":"https://coub-anubis-a.akamaized.net/coub_storage/channel/cw_avatar/c8bc99f57f8/b30c4d5343364a5953c4b/%{version}_1607420956_1385b3b_1578660480_1COUBAV.png","versions":["medium","medium_2x","profile_pic","profile_pic_new","profile_pic_new_2x","tiny","tiny_2x","small","small_2x","ios_large","ios_small"]}},"file":null,"picture":"https://coub-anubis-a.akamaized.net/coub_storage/coub/simple/cw_image/67f51d23a91/8cf1316cd778db6db49cf/1563323690_00032.jpg","timeline_picture":"https://coub-anubis-a.akamaized.net/coub_storage/coub/simple/cw_timeline_pic/930c0a03f26/c89964baed942b263a375/1563323689_image.jpg","small_picture":"https://coub-anubis-a.akamaized.net/coub_storage/coub/simple/cw_image/67f51d23a91/8cf1316cd778db6db49cf/1563323690_00032.jpg","sharing_picture":null,"percent_done":100,"tags":[{"id":234,"title":"crazy","value":"crazy"},{"id":1124,"title":"train","value":"train"},{"id":154,"title":"movie","value":"movie"},{"id":5326,"title":"mashup","value":"mashup"}],"categories":[{"id":37,"title":"Mashup","permalink":"mashup","subscriptions_count":10075240,"big_image_url":"https://coub-anubis-a.akamaized.net/coub_storage/category/cw_image/93ae83fbc3f/4d90453882a0f2e50dbc0/big_1544622036_Mashup.png","small_image_url":"https://coub-anubis-a.akamaized.net/coub_storage/category/cw_image/93ae83fbc3f/4d90453882a0f2e50dbc0/small_1544622036_Mashup.png","med_image_url":"https://coub-anubis-a.akamaized.net/coub_storage/category/cw_image/93ae83fbc3f/4d90453882a0f2e50dbc0/med_1544622036_Mashup.png","visible":true}],"communities":[{"id":37,"title":"Mashup","permalink":"mashup","subscriptions_count":10075240,"big_image_url":"https://coub-anubis-a.akamaized.net/coub_storage/category/cw_image/93ae83fbc3f/4d90453882a0f2e50dbc0/big_1544622036_Mashup.png","small_image_url":"https://coub-anubis-a.akamaized.net/coub_storage/category/cw_image/93ae83fbc3f/4d90453882a0f2e50dbc0/small_1544622036_Mashup.png","med_image_url":"https://coub-anubis-a.akamaized.net/coub_storage/category/cw_image/93ae83fbc3f/4d90453882a0f2e50dbc0/med_1544622036_Mashup.png","i_subscribed":true,"community_notifications_enabled":null,"description":null}],"recoubs_count":704,"remixes_count":1,"likes_count":3547,"dislikes_count":0,"raw_video_id":13984829,"uploaded_by_ios_app":false,"uploaded_by_android_app":false,"media_blocks":{"uploaded_raw_videos":[],"external_raw_videos":[],"remixed_from_coubs":[]},"raw_video_thumbnail_url":"/missing/missing.png","raw_video_title":"train.mp4","video_block_banned":false,"duration":10.0,"promo_winner":false,"promo_winner_recoubers":null,"editorial_info":{},"promo_hint":null,"beeline_best_2014":null,"from_web_editor":true,"normalize_sound":true,"normalize_change_allowed":true,"best2015_addable":false,"ahmad_promo":null,"promo_data":null,"audio_copyright_claim":null,"ads_disabled":false,"is_safe_for_ads":true,"megafon_contents":[],"position_on_page":6},{"flag":null,"abuses":null,"recoubs_by_users_channels":null,"favourite":false,"promoted_id":null,"recoub":null,"like":null,"dislike":null,"reaction":null,"in_my_best2015":false,"id":109061677,"type":"Coub::Simple","permalink":"1sixu5","title":" Game of Thrones... Notre-Dame de Paris... true story...","visibility_type":"public","original_visibility_type":"public","channel_id":3535388,"created_at":"2019-04-17T00:45:58Z","updated_at":"2022-03-16T05:27:17Z","is_done":true,"views_count":159888,"cotd":null,"cotd_at":null,"visible_on_explore_root":false,"visible_on_explore":false,"featured":false,"published":true,"published_at":"2019-04-17T00:45:58Z","reversed":false,"from_editor_v2":true,"is_editable":true,"original_sound":true,"has_sound":true,"recoub_to":null,"file_versions":{"html5":{"video":{"higher":{"url":"https://coub-anubis-a.akamaized.net/coub_storage/coub/simple/cw_file/8f71615c1c3/10fc43f0d4f7583a3e07a/muted_mp4_huge_size_1570675582_muted_huge.mp4","size":1901940},"high":{"url":"https://coub-anubis-a.akamaized.net/coub_storage/coub/simple/cw_file/8f71615c1c3/10fc43f0d4f7583a3e07a/muted_mp4_big_size_1570675582_muted_big.mp4","size":1411783},"med":{"url":"https://coub-anubis-a.akamaized.net/coub_storage/coub/simple/cw_file/8f71615c1c3/10fc43f0d4f7583a3e07a/muted_mp4_med_size_1570675582_muted_med.mp4","size":353351}},"audio":{"high":{"url":"https://coub-anubis-a.akamaized.net/coub_storage/coub/simple/cw_looped_audio_high/49e53bda0be/563f2c75a1318b40ab3ec/1605678832_high_1555461973_high.mp3","size":1070722},"med":{"url":"https://coub-anubis-a.akamaized.net/coub_storage/coub/simple/cw_looped_audio_med/b1700bdeecd/74441d9a6d74fa8264616/1605678832_med_1555461973_med.mp3","size":888310},"sample_duration":9.938}},"mobile":{"video":"https://coub-anubis-a.akamaized.net/coub_storage/coub/simple/cw_file/8f71615c1c3/10fc43f0d4f7583a3e07a/muted_mp4_med_size_1570675582_muted_med.mp4","audio":["https://coub-anubis-a.akamaized.net/coub_storage/coub/simple/cw_looped_audio_med/b1700bdeecd/74441d9a6d74fa8264616/1605678832_med_1555461973_med.mp3"]},"share":{"default":"https://coub-anubis-a.akamaized.net/coub_storage/coub/simple/cw_video_for_sharing/c657d287a10/5f369df8f205d8491bf1a/1609284349_looped_1609284348.mp4"}},"audio_versions":{},"image_versions":{"template":"https://coub-anubis-a.akamaized.net/coub_storage/coub/simple/cw_image/320c37deaa7/adee4bf3407a2391eca57/1555461980_00031.jpg","versions":["micro","tiny","age_restricted","ios_large","ios_mosaic","big","med","small","pinterest"]},"first_frame_versions":{"template":"https://coub-anubis-a.akamaized.net/coub_storage/coub/simple/cw_timeline_pic/eb91ce439af/d3ab2a6bde3a3b206176a/%{version}_1555461980_image.jpg","versions":["big","med","small","ios_large"]},"dimensions":{"big":[1280,720],"med":[640,360]},"site_w_h":[640,360],"page_w_h":[640,360],"site_w_h_small":[310,174],"size":[1280,720],"age_restricted":false,"age_restricted_by_admin":false,"not_safe_for_work":false,"allow_reuse":false,"dont_crop":false,"banned":false,"global_safe":false,"audio_file_url":null,"external_download":{"type":"Youtube","service_name":"YouTube","url":"https://www.youtube.com/watch?v=aEk_zRXZxsU","has_embed":true},"application":null,"channel":{"id":3535388,"permalink":"mr.-trickster","title":"Mr. Trickster","description":null,"followers_count":39,"following_count":0,"avatar_versions":{"template":"https://coub-anubis-a.akamaized.net/coub_storage/channel/cw_avatar/71ff0823ddf/af7f4973b17f183d71106/%{version}_1608075566_1qel9nl_1492364351_bYIRXuJqydY.jpg","versions":["medium","medium_2x","profile_pic","profile_pic_new","profile_pic_new_2x","tiny","tiny_2x","small","small_2x","ios_large","ios_small"]}},"file":null,"picture":"https://coub-anubis-a.akamaized.net/coub_storage/coub/simple/cw_image/320c37deaa7/adee4bf3407a2391eca57/1555461980_00031.jpg","timeline_picture":"https://coub-anubis-a.akamaized.net/coub_storage/coub/simple/cw_timeline_pic/eb91ce439af/d3ab2a6bde3a3b206176a/ios_large_1555461980_image.jpg","small_picture":"https://coub-anubis-a.akamaized.net/coub_storage/coub/simple/cw_image/320c37deaa7/adee4bf3407a2391eca57/1555461980_00031.jpg","sharing_picture":null,"percent_done":100,"tags":[{"id":1093580,"title":"notre-dame de paris","value":"notre-dame%20de%20paris"},{"id":979833,"title":"матьдраконов","value":"%D0%BC%D0%B0%D1%82%D1%8C%D0%B4%D1%80%D0%B0%D0%BA%D0%BE%D0%BD%D0%BE%D0%B2"},{"id":3232808,"title":"тыжедевочка","value":"%D1%82%D1%8B%D0%B6%D0%B5%D0%B4%D0%B5%D0%B2%D0%BE%D1%87%D0%BA%D0%B0"},{"id":145233,"title":"true story","value":"true%20story"},{"id":774,"title":"game of thrones","value":"game%20of%20thrones"},{"id":27018,"title":"emilia clarke","value":"emilia%20clarke"},{"id":45511,"title":"игра престолов","value":"%D0%B8%D0%B3%D1%80%D0%B0%20%D0%BF%D1%80%D0%B5%D1%81%D1%82%D0%BE%D0%BB%D0%BE%D0%B2"},{"id":8125,"title":"dragon","value":"dragon"},{"id":1179,"title":"fire","value":"fire"},{"id":5326,"title":"mashup","value":"mashup"},{"id":174571,"title":"mother of dragons","value":"mother%20of%20dragons"},{"id":791707,"title":"dragonfire","value":"dragonfire"},{"id":377749,"title":"дейенерис таргариен","value":"%D0%B4%D0%B5%D0%B9%D0%B5%D0%BD%D0%B5%D1%80%D0%B8%D1%81%20%D1%82%D0%B0%D1%80%D0%B3%D0%B0%D1%80%D0%B8%D0%B5%D0%BD"},{"id":51035,"title":"daenerys targaryen","value":"daenerys%20targaryen"},{"id":26495,"title":"daenerys","value":"daenerys"},{"id":4858782,"title":"пожар в соборе","value":"%D0%BF%D0%BE%D0%B6%D0%B0%D1%80%20%D0%B2%20%D1%81%D0%BE%D0%B1%D0%BE%D1%80%D0%B5"},{"id":226846,"title":"a dance with dragons","value":"a%20dance%20with%20dragons"},{"id":82042,"title":"notre dame","value":"notre%20dame"},{"id":4864045,"title":"notre dame in fire","value":"notre%20dame%20in%20fire"},{"id":4858664,"title":"notre dame fire","value":"notre%20dame%20fire"},{"id":4370756,"title":"кто бы мог подумать","value":"%D0%BA%D1%82%D0%BE%20%D0%B1%D1%8B%20%D0%BC%D0%BE%D0%B3%20%D0%BF%D0%BE%D0%B4%D1%83%D0%BC%D0%B0%D1%82%D1%8C"},{"id":4859998,"title":"пожар в соборе парижской богоматери","value":"%D0%BF%D0%BE%D0%B6%D0%B0%D1%80%20%D0%B2%20%D1%81%D0%BE%D0%B1%D0%BE%D1%80%D0%B5%20%D0%BF%D0%B0%D1%80%D0%B8%D0%B6%D1%81%D0%BA%D0%BE%D0%B9%20%D0%B1%D0%BE%D0%B3%D0%BE%D0%BC%D0%B0%D1%82%D0%B5%D1%80%D0%B8"},{"id":16851,"title":"gameofthrones","value":"gameofthrones"},{"id":69817,"title":"tyrion lannister","value":"tyrion%20lannister"},{"id":361352,"title":"tyrionlannister","value":"tyrionlannister"},{"id":108919,"title":"беседа","value":"%D0%B1%D0%B5%D1%81%D0%B5%D0%B4%D0%B0"},{"id":296316,"title":"тирион ланнистер","value":"%D1%82%D0%B8%D1%80%D0%B8%D0%BE%D0%BD%20%D0%BB%D0%B0%D0%BD%D0%BD%D0%B8%D1%81%D1%82%D0%B5%D1%80"},{"id":4858781,"title":"горит собор","value":"%D0%B3%D0%BE%D1%80%D0%B8%D1%82%20%D1%81%D0%BE%D0%B1%D0%BE%D1%80"},{"id":4864369,"title":"true story notre dame","value":"true%20story%20notre%20dame"},{"id":564064,"title":"take me to church","value":"take%20me%20to%20church"},{"id":1108450,"title":"notre-dame cathedral","value":"notre-dame%20cathedral"},{"id":4858709,"title":"notre-dame cathedral fire","value":"notre-dame%20cathedral%20fire"},{"id":1463048,"title":"дейенеристаргариен","value":"%D0%B4%D0%B5%D0%B9%D0%B5%D0%BD%D0%B5%D1%80%D0%B8%D1%81%D1%82%D0%B0%D1%80%D0%B3%D0%B0%D1%80%D0%B8%D0%B5%D0%BD"},{"id":26496,"title":"targaryen","value":"targaryen"},{"id":157529,"title":"играпрестолов","value":"%D0%B8%D0%B3%D1%80%D0%B0%D0%BF%D1%80%D0%B5%D1%81%D1%82%D0%BE%D0%BB%D0%BE%D0%B2"},{"id":2118017,"title":"gameofhormones","value":"gameofhormones"},{"id":3104239,"title":"queenofdragons","value":"queenofdragons"},{"id":296320,"title":"таргариен","value":"%D1%82%D0%B0%D1%80%D0%B3%D0%B0%D1%80%D0%B8%D0%B5%D0%BD"},{"id":780,"title":"tyrion","value":"tyrion"},{"id":4864435,"title":"churchfire","value":"churchfire"},{"id":3266275,"title":"хуевочка","value":"%D1%85%D1%83%D0%B5%D0%B2%D0%BE%D1%87%D0%BA%D0%B0"},{"id":173,"title":"epic","value":"epic"},{"id":288361,"title":"hybrids","value":"hybrids"},{"id":296321,"title":"эмилия кларк","value":"%D1%8D%D0%BC%D0%B8%D0%BB%D0%B8%D1%8F%20%D0%BA%D0%BB%D0%B0%D1%80%D0%BA"},{"id":15819,"title":"reaction","value":"reaction"},{"id":4858749,"title":"нотр дам горит","value":"%D0%BD%D0%BE%D1%82%D1%80%20%D0%B4%D0%B0%D0%BC%20%D0%B3%D0%BE%D1%80%D0%B8%D1%82"},{"id":74946,"title":"париж","value":"%D0%BF%D0%B0%D1%80%D0%B8%D0%B6"},{"id":7858,"title":"paris","value":"paris"},{"id":4864739,"title":"notre dame in the fire","value":"notre%20dame%20in%20the%20fire"},{"id":179525,"title":"notre dame de paris","value":"notre%20dame%20de%20paris"},{"id":4859073,"title":"notre dame de paris en feu","value":"notre%20dame%20de%20paris%20en%20feu"},{"id":4859078,"title":"исторический пожар в париже","value":"%D0%B8%D1%81%D1%82%D0%BE%D1%80%D0%B8%D1%87%D0%B5%D1%81%D0%BA%D0%B8%D0%B9%20%D0%BF%D0%BE%D0%B6%D0%B0%D1%80%20%D0%B2%20%D0%BF%D0%B0%D1%80%D0%B8%D0%B6%D0%B5"},{"id":4858668,"title":"cathedral fire","value":"cathedral%20fire"},{"id":4859085,"title":"historic fire in paris","value":"historic%20fire%20in%20paris"},{"id":4858857,"title":"нотр-дам-де-пари","value":"%D0%BD%D0%BE%D1%82%D1%80-%D0%B4%D0%B0%D0%BC-%D0%B4%D0%B5-%D0%BF%D0%B0%D1%80%D0%B8"},{"id":4859083,"title":"горить собор","value":"%D0%B3%D0%BE%D1%80%D0%B8%D1%82%D1%8C%20%D1%81%D0%BE%D0%B1%D0%BE%D1%80"},{"id":4859084,"title":"історичний пожежа в парижі","value":"%D1%96%D1%81%D1%82%D0%BE%D1%80%D0%B8%D1%87%D0%BD%D0%B8%D0%B9%20%D0%BF%D0%BE%D0%B6%D0%B5%D0%B6%D0%B0%20%D0%B2%20%D0%BF%D0%B0%D1%80%D0%B8%D0%B6%D1%96"},{"id":3348934,"title":"нотр дам де пари","value":"%D0%BD%D0%BE%D1%82%D1%80%20%D0%B4%D0%B0%D0%BC%20%D0%B4%D0%B5%20%D0%BF%D0%B0%D1%80%D0%B8"},{"id":4859076,"title":"пожар в париже","value":"%D0%BF%D0%BE%D0%B6%D0%B0%D1%80%20%D0%B2%20%D0%BF%D0%B0%D1%80%D0%B8%D0%B6%D0%B5"},{"id":4859079,"title":"пожежа в парижі","value":"%D0%BF%D0%BE%D0%B6%D0%B5%D0%B6%D0%B0%20%D0%B2%20%D0%BF%D0%B0%D1%80%D0%B8%D0%B6%D1%96"},{"id":4859080,"title":"собор паризької богоматері","value":"%D1%81%D0%BE%D0%B1%D0%BE%D1%80%20%D0%BF%D0%B0%D1%80%D0%B8%D0%B7%D1%8C%D0%BA%D0%BE%D1%97%20%D0%B1%D0%BE%D0%B3%D0%BE%D0%BC%D0%B0%D1%82%D0%B5%D1%80%D1%96"},{"id":1717984,"title":"эмилиякларк","value":"%D1%8D%D0%BC%D0%B8%D0%BB%D0%B8%D1%8F%D0%BA%D0%BB%D0%B0%D1%80%D0%BA"},{"id":4861656,"title":"париж в огне","value":"%D0%BF%D0%B0%D1%80%D0%B8%D0%B6%20%D0%B2%20%D0%BE%D0%B3%D0%BD%D0%B5"},{"id":26184,"title":"dragons","value":"dragons"},{"id":4859350,"title":"пожар собора","value":"%D0%BF%D0%BE%D0%B6%D0%B0%D1%80%20%D1%81%D0%BE%D0%B1%D0%BE%D1%80%D0%B0"},{"id":179530,"title":"нотр-дам","value":"%D0%BD%D0%BE%D1%82%D1%80-%D0%B4%D0%B0%D0%BC"},{"id":4865319,"title":"cathedral on fire","value":"cathedral%20on%20fire"},{"id":4865320,"title":"сathedralonfire","value":"%D1%81athedralonfire"},{"id":2105940,"title":"notredame","value":"notredame"},{"id":308941,"title":"mother of god","value":"mother%20of%20god"},{"id":4858822,"title":"нотрдам","value":"%D0%BD%D0%BE%D1%82%D1%80%D0%B4%D0%B0%D0%BC"},{"id":1013088,"title":"france news","value":"france%20news"},{"id":1988,"title":"горит","value":"%D0%B3%D0%BE%D1%80%D0%B8%D1%82"},{"id":26929,"title":"тактика","value":"%D1%82%D0%B0%D0%BA%D1%82%D0%B8%D0%BA%D0%B0"},{"id":21975,"title":"breaking news","value":"breaking%20news"},{"id":4858666,"title":"notre dame france","value":"notre%20dame%20france"},{"id":3250069,"title":"emilia clarke game of thrones","value":"emilia%20clarke%20game%20of%20thrones"},{"id":4865388,"title":"the fire of notre dame","value":"the%20fire%20of%20notre%20dame"},{"id":1015143,"title":"takemetochurch","value":"takemetochurch"},{"id":2178,"title":"church","value":"church"},{"id":4865432,"title":"epicfire","value":"epicfire"},{"id":3232809,"title":"ты же девочка","value":"%D1%82%D1%8B%20%D0%B6%D0%B5%20%D0%B4%D0%B5%D0%B2%D0%BE%D1%87%D0%BA%D0%B0"},{"id":4859008,"title":"notre_dame_de_paris","value":"notre_dame_de_paris"},{"id":4865440,"title":"notre dame story","value":"notre%20dame%20story"},{"id":66324,"title":"notre","value":"notre"},{"id":3161302,"title":"нотр","value":"%D0%BD%D0%BE%D1%82%D1%80"},{"id":4866062,"title":"нотрдамдепари","value":"%D0%BD%D0%BE%D1%82%D1%80%D0%B4%D0%B0%D0%BC%D0%B4%D0%B5%D0%BF%D0%B0%D1%80%D0%B8"},{"id":4858957,"title":"нотр дам де пари пожар","value":"%D0%BD%D0%BE%D1%82%D1%80%20%D0%B4%D0%B0%D0%BC%20%D0%B4%D0%B5%20%D0%BF%D0%B0%D1%80%D0%B8%20%D0%BF%D0%BE%D0%B6%D0%B0%D1%80"},{"id":4866129,"title":"fire in notre dame","value":"fire%20in%20notre%20dame"},{"id":4866205,"title":"dragons daenerys","value":"dragons%20daenerys"},{"id":775,"title":"got","value":"got"},{"id":96170,"title":"fire show","value":"fire%20show"},{"id":158036,"title":"fireshow","value":"fireshow"},{"id":4866261,"title":"fire show daenerys","value":"fire%20show%20daenerys"},{"id":14629,"title":"castle","value":"castle"},{"id":4858667,"title":"notre dame paris","value":"notre%20dame%20paris"},{"id":802914,"title":"le temps des cathédrales","value":"le%20temps%20des%20cath%C3%A9drales"},{"id":2744672,"title":"notre dame cathedral","value":"notre%20dame%20cathedral"},{"id":3807588,"title":"собор парижской богоматери","value":"%D1%81%D0%BE%D0%B1%D0%BE%D1%80%20%D0%BF%D0%B0%D1%80%D0%B8%D0%B6%D1%81%D0%BA%D0%BE%D0%B9%20%D0%B1%D0%BE%D0%B3%D0%BE%D0%BC%D0%B0%D1%82%D0%B5%D1%80%D0%B8"}],"categories":[{"id":37,"title":"Mashup","permalink":"mashup","subscriptions_count":10075240,"big_image_url":"https://coub-anubis-a.akamaized.net/coub_storage/category/cw_image/93ae83fbc3f/4d90453882a0f2e50dbc0/big_1544622036_Mashup.png","small_image_url":"https://coub-anubis-a.akamaized.net/coub_storage/category/cw_image/93ae83fbc3f/4d90453882a0f2e50dbc0/small_1544622036_Mashup.png","med_image_url":"https://coub-anubis-a.akamaized.net/coub_storage/category/cw_image/93ae83fbc3f/4d90453882a0f2e50dbc0/med_1544622036_Mashup.png","visible":true}],"communities":[{"id":37,"title":"Mashup","permalink":"mashup","subscriptions_count":10075240,"big_image_url":"https://coub-anubis-a.akamaized.net/coub_storage/category/cw_image/93ae83fbc3f/4d90453882a0f2e50dbc0/big_1544622036_Mashup.png","small_image_url":"https://coub-anubis-a.akamaized.net/coub_storage/category/cw_image/93ae83fbc3f/4d90453882a0f2e50dbc0/small_1544622036_Mashup.png","med_image_url":"https://coub-anubis-a.akamaized.net/coub_storage/category/cw_image/93ae83fbc3f/4d90453882a0f2e50dbc0/med_1544622036_Mashup.png","i_subscribed":true,"community_notifications_enabled":null,"description":null}],"recoubs_count":685,"remixes_count":3,"likes_count":3547,"dislikes_count":0,"raw_video_id":13559452,"uploaded_by_ios_app":false,"uploaded_by_android_app":false,"media_blocks":{"uploaded_raw_videos":[],"external_raw_videos":[{"id":31411760,"title":"В Париже горит Собор Парижской Богоматери","url":"https://www.youtube.com/watch?v=aEk_zRXZxsU","image":"https://coub-anubis-a.akamaized.net/coub_storage/media_block/cw_image/5db07a81cf0/ce9700e1e76e45a1c2f95/1555461342_j6typv_1555461336_82vx8n_att-url-download.jpg","image_retina":"https://coub-anubis-a.akamaized.net/coub_storage/media_block/cw_image/5db07a81cf0/ce9700e1e76e45a1c2f95/1555461342_j6typv_1555461336_82vx8n_att-url-download.jpg","meta":{"service":"Youtube","duration":"17.56"},"duration":17.56,"raw_video_id":13559452,"has_embed":true},{"id":31411738,"title":"Ты же девочка!!!! (Игра престолов) переозвучка 7 сезон","url":"https://www.youtube.com/watch?v=9qzVg0ecsJ4","image":"https://coub-anubis-a.akamaized.net/coub_storage/media_block/cw_image/93ea6a21382/573020d5b86af2bb9d8e9/1555461083_vziod1_1555461072_16s0aub_att-url-download.jpg","image_retina":"https://coub-anubis-a.akamaized.net/coub_storage/media_block/cw_image/93ea6a21382/573020d5b86af2bb9d8e9/1555461083_vziod1_1555461072_16s0aub_att-url-download.jpg","meta":{"service":"Youtube","duration":"33.48"},"duration":33.48,"raw_video_id":13559444,"has_embed":true}],"remixed_from_coubs":[],"external_video":{"id":31411760,"title":"В Париже горит Собор Парижской Богоматери","url":"https://www.youtube.com/watch?v=aEk_zRXZxsU","image":"https://coub-anubis-a.akamaized.net/coub_storage/media_block/cw_image/5db07a81cf0/ce9700e1e76e45a1c2f95/1555461342_j6typv_1555461336_82vx8n_att-url-download.jpg","image_retina":"https://coub-anubis-a.akamaized.net/coub_storage/media_block/cw_image/5db07a81cf0/ce9700e1e76e45a1c2f95/1555461342_j6typv_1555461336_82vx8n_att-url-download.jpg","meta":{"service":"Youtube","duration":"17.56"},"duration":17.56,"raw_video_id":13559452,"has_embed":true}},"raw_video_thumbnail_url":"/missing/missing.png","raw_video_title":"В Париже горит Собор Парижской Богоматери","video_block_banned":false,"duration":9.84,"promo_winner":false,"promo_winner_recoubers":null,"editorial_info":{},"promo_hint":null,"beeline_best_2014":null,"from_web_editor":true,"normalize_sound":true,"normalize_change_allowed":true,"best2015_addable":false,"ahmad_promo":null,"promo_data":null,"audio_copyright_claim":null,"ads_disabled":false,"is_safe_for_ads":true,"megafon_contents":[],"position_on_page":7},{"flag":null,"abuses":null,"recoubs_by_users_channels":null,"favourite":false,"promoted_id":null,"recoub":null,"like":null,"dislike":null,"reaction":null,"in_my_best2015":false,"id":161610630,"type":"Coub::Simple","permalink":"2nvedo","title":"Smells like Electric fence","visibility_type":"public","original_visibility_type":"public","channel_id":169727,"created_at":"2021-01-12T11:25:01Z","updated_at":"2022-03-08T21:58:30Z","is_done":true,"views_count":180422,"cotd":null,"cotd_at":null,"visible_on_explore_root":false,"visible_on_explore":false,"featured":false,"published":true,"published_at":"2021-01-12T11:25:01Z","reversed":false,"from_editor_v2":true,"is_editable":true,"original_sound":true,"has_sound":true,"recoub_to":null,"file_versions":{"html5":{"video":{"higher":{"url":"https://coub-anubis-a.akamaized.net/coub_storage/coub/simple/cw_file/6fa03dceb21/a9d7d22ce15f1e58e5481/muted_mp4_huge_size_1610450714_muted_huge.mp4","size":4687011},"high":{"url":"https://coub-anubis-a.akamaized.net/coub_storage/coub/simple/cw_file/6fa03dceb21/a9d7d22ce15f1e58e5481/muted_mp4_big_size_1610450714_muted_big.mp4","size":3282806},"med":{"url":"https://coub-anubis-a.akamaized.net/coub_storage/coub/simple/cw_file/6fa03dceb21/a9d7d22ce15f1e58e5481/muted_mp4_med_size_1610450714_muted_med.mp4","size":804511}},"audio":{"high":{"url":"https://coub-anubis-a.akamaized.net/coub_storage/coub/simple/cw_looped_audio_high/fc0e7605187/19243ba9c1f8e3685a63f/1610450715_mp3-high.mp3","size":957968},"med":{"url":"https://coub-anubis-a.akamaized.net/coub_storage/coub/simple/cw_looped_audio_med/1307945f748/3b8cb65ca4bb8a54639bb/1610450715_mp3-med.mp3","size":814716},"sample_duration":10.217}},"mobile":{"video":"https://coub-anubis-a.akamaized.net/coub_storage/coub/simple/cw_file/6fa03dceb21/a9d7d22ce15f1e58e5481/muted_mp4_med_size_1610450714_muted_med.mp4","audio":["https://coub-anubis-a.akamaized.net/coub_storage/coub/simple/cw_looped_audio_med/1307945f748/3b8cb65ca4bb8a54639bb/1610450715_mp3-med.mp3"]},"share":{"default":"https://coub-anubis-a.akamaized.net/coub_storage/coub/simple/cw_video_for_sharing/eff62838c55/cf98911e7dcf469b47c1f/1610450752_looped_1610450751.mp4"}},"audio_versions":{},"image_versions":{"template":"https://coub-anubis-a.akamaized.net/coub_storage/coub/simple/cw_image/c3e51b92438/3842489c630c5403da53c/%{version}_1610450722_00032.jpg","versions":["micro","tiny","age_restricted","ios_large","ios_mosaic","big","med","small","pinterest"]},"first_frame_versions":{"template":"https://coub-anubis-a.akamaized.net/coub_storage/coub/simple/cw_timeline_pic/57d00ca7cc1/506d7316e971ad486b0c9/%{version}_1610450721_image.jpg","versions":["big","med","small","ios_large"]},"dimensions":{"big":[1280,720],"med":[640,360]},"site_w_h":[640,360],"page_w_h":[640,360],"site_w_h_small":[310,174],"size":[1280,720],"age_restricted":false,"age_restricted_by_admin":false,"not_safe_for_work":false,"allow_reuse":false,"dont_crop":true,"banned":false,"global_safe":null,"audio_file_url":null,"external_download":{"type":"Youtube","service_name":"YouTube","url":"https://www.youtube.com/watch?v=oeb5LdAyLC8","has_embed":true},"application":null,"channel":{"id":169727,"permalink":"eland000","title":"Eland","description":null,"followers_count":7,"following_count":4,"avatar_versions":{"template":"https://coub-anubis-a.akamaized.net/coub_storage/channel/cw_avatar/370492a3c62/7768e8a6ba72c188c3bd0/%{version}_1474490387_znpgjc_att-url-download.jpg","versions":["medium","medium_2x","profile_pic","profile_pic_new","profile_pic_new_2x","tiny","tiny_2x","small","small_2x","ios_large","ios_small"]}},"file":null,"picture":"https://coub-anubis-a.akamaized.net/coub_storage/coub/simple/cw_image/c3e51b92438/3842489c630c5403da53c/med_1610450722_00032.jpg","timeline_picture":"https://coub-anubis-a.akamaized.net/coub_storage/coub/simple/cw_timeline_pic/57d00ca7cc1/506d7316e971ad486b0c9/ios_large_1610450721_image.jpg","small_picture":"https://coub-anubis-a.akamaized.net/coub_storage/coub/simple/cw_image/c3e51b92438/3842489c630c5403da53c/ios_mosaic_1610450722_00032.jpg","sharing_picture":null,"percent_done":100,"tags":[{"id":12031,"title":"fence","value":"fence"},{"id":6926,"title":"goat","value":"goat"},{"id":37003,"title":"electricity","value":"electricity"},{"id":50,"title":"coub","value":"coub"},{"id":955,"title":"like","value":"like"},{"id":18250,"title":"teen","value":"teen"},{"id":15284,"title":"spirit","value":"spirit"},{"id":5000,"title":"nirvana","value":"nirvana"},{"id":146574,"title":"smells","value":"smells"},{"id":5326,"title":"mashup","value":"mashup"}],"categories":[{"id":37,"title":"Mashup","permalink":"mashup","subscriptions_count":10075240,"big_image_url":"https://coub-anubis-a.akamaized.net/coub_storage/category/cw_image/93ae83fbc3f/4d90453882a0f2e50dbc0/big_1544622036_Mashup.png","small_image_url":"https://coub-anubis-a.akamaized.net/coub_storage/category/cw_image/93ae83fbc3f/4d90453882a0f2e50dbc0/small_1544622036_Mashup.png","med_image_url":"https://coub-anubis-a.akamaized.net/coub_storage/category/cw_image/93ae83fbc3f/4d90453882a0f2e50dbc0/med_1544622036_Mashup.png","visible":true}],"communities":[{"id":37,"title":"Mashup","permalink":"mashup","subscriptions_count":10075240,"big_image_url":"https://coub-anubis-a.akamaized.net/coub_storage/category/cw_image/93ae83fbc3f/4d90453882a0f2e50dbc0/big_1544622036_Mashup.png","small_image_url":"https://coub-anubis-a.akamaized.net/coub_storage/category/cw_image/93ae83fbc3f/4d90453882a0f2e50dbc0/small_1544622036_Mashup.png","med_image_url":"https://coub-anubis-a.akamaized.net/coub_storage/category/cw_image/93ae83fbc3f/4d90453882a0f2e50dbc0/med_1544622036_Mashup.png","i_subscribed":true,"community_notifications_enabled":null,"description":null}],"recoubs_count":589,"remixes_count":2,"likes_count":3546,"dislikes_count":0,"raw_video_id":16060613,"uploaded_by_ios_app":false,"uploaded_by_android_app":false,"media_blocks":{"uploaded_raw_videos":[],"external_raw_videos":[{"id":37913116,"title":"Smells Like Teen Shovel Coub","url":"https://www.youtube.com/watch?v=oeb5LdAyLC8","image":null,"image_retina":null,"meta":{"service":"Youtube","duration":"9.92"},"duration":9.92,"raw_video_id":16060613,"has_embed":true}],"remixed_from_coubs":[{"id":37912998,"title":"Electric fence vs goat","url":"https://coub.com/coubs/2nvd6i/remix","image":"https://coub-anubis-a.akamaized.net/coub_storage/media_block/cw_image/cb68824e17f/17de7dedd7b2c07d7b1fe/video_1610448556_186fj6e_1610448537_00017.jpg","image_retina":"https://coub-anubis-a.akamaized.net/coub_storage/media_block/cw_image/cb68824e17f/17de7dedd7b2c07d7b1fe/video_retina_1610448556_186fj6e_1610448537_00017.jpg","meta":{"duration":"5.2"},"duration":null,"coub_channel_title":"Notimer","coub_channel_permalink":"notimer1998","coub_views_count":86428,"coub_permalink":"2nvd6i"}],"external_video":{"id":37913116,"title":"Smells Like Teen Shovel Coub","url":"https://www.youtube.com/watch?v=oeb5LdAyLC8","image":null,"image_retina":null,"meta":{"service":"Youtube","duration":"9.92"},"duration":9.92,"raw_video_id":16060613,"has_embed":true}},"raw_video_thumbnail_url":"/missing/missing.png","raw_video_title":"Smells Like Teen Shovel Coub","video_block_banned":false,"duration":10.04,"promo_winner":false,"promo_winner_recoubers":null,"editorial_info":{},"promo_hint":null,"beeline_best_2014":null,"from_web_editor":true,"normalize_sound":true,"normalize_change_allowed":true,"best2015_addable":false,"ahmad_promo":null,"promo_data":null,"audio_copyright_claim":null,"ads_disabled":false,"is_safe_for_ads":true,"megafon_contents":[],"position_on_page":8},{"flag":null,"abuses":null,"recoubs_by_users_channels":null,"favourite":false,"promoted_id":null,"recoub":null,"like":null,"dislike":null,"reaction":null,"in_my_best2015":false,"id":138465970,"type":"Coub::Simple","permalink":"2a3bot","title":"By destiny","visibility_type":"public","original_visibility_type":"public","channel_id":2522110,"created_at":"2020-03-02T17:03:34Z","updated_at":"2022-03-15T23:57:13Z","is_done":true,"views_count":884564,"cotd":true,"cotd_at":"2020-03-04","visible_on_explore_root":true,"visible_on_explore":true,"featured":true,"published":true,"published_at":"2020-03-03T10:43:43Z","reversed":false,"from_editor_v2":true,"is_editable":true,"original_sound":false,"has_sound":false,"recoub_to":null,"file_versions":{"html5":{"video":{"higher":{"url":"https://coub-anubis-a.akamaized.net/coub_storage/coub/simple/cw_file/1e65d4776f4/a1c7d9ae23407607a7ec5/muted_mp4_huge_size_1583168629_muted_huge.mp4","size":4346582},"high":{"url":"https://coub-anubis-a.akamaized.net/coub_storage/coub/simple/cw_file/1e65d4776f4/a1c7d9ae23407607a7ec5/muted_mp4_big_size_1583168629_muted_big.mp4","size":3345583},"med":{"url":"https://coub-anubis-a.akamaized.net/coub_storage/coub/simple/cw_file/1e65d4776f4/a1c7d9ae23407607a7ec5/muted_mp4_med_size_1583168629_muted_med.mp4","size":877097}},"audio":{"high":{"url":"https://coub-anubis-a.akamaized.net/coub_storage/coub/simple/cw_looped_audio_high/1d9e0ef5e52/ca3dce8391ef3020f6865/1605707085_high_1583168676_high.mp3","size":6939085},"med":{"url":"https://coub-anubis-a.akamaized.net/coub_storage/coub/simple/cw_looped_audio_med/0b23d842bf6/1ab9595d0f47bb6b45d1b/1605707084_med_1583168676_med.mp3","size":4948643}}},"mobile":{"video":"https://coub-anubis-a.akamaized.net/coub_storage/coub/simple/cw_file/1e65d4776f4/a1c7d9ae23407607a7ec5/muted_mp4_med_size_1583168629_muted_med.mp4","audio":["https://coub-anubis-a.akamaized.net/coub_storage/coub/simple/cw_looped_audio_med/0b23d842bf6/1ab9595d0f47bb6b45d1b/1605707084_med_1583168676_med.mp3"]},"share":{"default":"https://coub-anubis-a.akamaized.net/coub_storage/coub/simple/cw_video_for_sharing/30cae6fa2bf/f3a0a180a4a822551aa1b/1608397144_looped_1608397143.mp4"}},"audio_versions":{"template":"https://coub-anubis-a.akamaized.net/coub_storage/audio_track/cw_file/d9fe7ed6814/8029555c364e58b88f6be/mid_1583168637_1hv778g_edited.mp3","versions":["mid","low"]},"image_versions":{"template":"https://coub-anubis-a.akamaized.net/coub_storage/coub/simple/cw_image/902e4da4c47/ff8749802852f327bd222/1583168704_00032.jpg","versions":["micro","tiny","age_restricted","ios_large","ios_mosaic","big","med","small","pinterest"]},"first_frame_versions":{"template":"https://coub-anubis-a.akamaized.net/coub_storage/coub/simple/cw_timeline_pic/7a84bf1c3cd/7befa5512393d9ed8a9ce/%{version}_1583168702_image.jpg","versions":["big","med","small","ios_large"]},"dimensions":{"big":[1280,720],"med":[640,360]},"site_w_h":[640,360],"page_w_h":[640,360],"site_w_h_small":[310,174],"size":[1280,720],"age_restricted":false,"age_restricted_by_admin":false,"not_safe_for_work":false,"allow_reuse":false,"dont_crop":false,"banned":false,"global_safe":true,"audio_file_url":"https://coub-anubis-a.akamaized.net/coub_storage/audio_track/cw_file/d9fe7ed6814/8029555c364e58b88f6be/low_1583168637_1hv778g_edited.mp3","external_download":false,"application":null,"channel":{"id":2522110,"permalink":"--effv--","title":"EFFV","description":"🚫🚫🚫CLOSED🚫🚫🚫","followers_count":6951,"following_count":158,"avatar_versions":{"template":"https://coub-anubis-a.akamaized.net/coub_storage/channel/cw_avatar/2120ba9efe5/44cb3d216e0d524fc35bd/%{version}_1607420471_gww7vp_1544723788_cropped.jpeg","versions":["medium","medium_2x","profile_pic","profile_pic_new","profile_pic_new_2x","tiny","tiny_2x","small","small_2x","ios_large","ios_small"]}},"file":null,"picture":"https://coub-anubis-a.akamaized.net/coub_storage/coub/simple/cw_image/902e4da4c47/ff8749802852f327bd222/1583168704_00032.jpg","timeline_picture":"https://coub-anubis-a.akamaized.net/coub_storage/coub/simple/cw_timeline_pic/7a84bf1c3cd/7befa5512393d9ed8a9ce/ios_large_1583168702_image.jpg","small_picture":"https://coub-anubis-a.akamaized.net/coub_storage/coub/simple/cw_image/902e4da4c47/ff8749802852f327bd222/1583168704_00032.jpg","sharing_picture":null,"percent_done":100,"tags":[{"id":192569,"title":"mashups","value":"mashups"},{"id":288361,"title":"hybrids","value":"hybrids"},{"id":2320,"title":"the walking dead","value":"the%20walking%20dead"},{"id":112537,"title":"jeffrey dean morgan","value":"jeffrey%20dean%20morgan"},{"id":1358834,"title":"nigan","value":"nigan"},{"id":94593,"title":"the witcher","value":"the%20witcher"},{"id":52069,"title":"netflix","value":"netflix"},{"id":26802,"title":"walkers","value":"walkers"},{"id":8992,"title":"tv series","value":"tv%20series"},{"id":5090201,"title":"freya allan","value":"freya%20allan"}],"categories":[{"id":37,"title":"Mashup","permalink":"mashup","subscriptions_count":10075240,"big_image_url":"https://coub-anubis-a.akamaized.net/coub_storage/category/cw_image/93ae83fbc3f/4d90453882a0f2e50dbc0/big_1544622036_Mashup.png","small_image_url":"https://coub-anubis-a.akamaized.net/coub_storage/category/cw_image/93ae83fbc3f/4d90453882a0f2e50dbc0/small_1544622036_Mashup.png","med_image_url":"https://coub-anubis-a.akamaized.net/coub_storage/category/cw_image/93ae83fbc3f/4d90453882a0f2e50dbc0/med_1544622036_Mashup.png","visible":true}],"communities":[{"id":37,"title":"Mashup","permalink":"mashup","subscriptions_count":10075240,"big_image_url":"https://coub-anubis-a.akamaized.net/coub_storage/category/cw_image/93ae83fbc3f/4d90453882a0f2e50dbc0/big_1544622036_Mashup.png","small_image_url":"https://coub-anubis-a.akamaized.net/coub_storage/category/cw_image/93ae83fbc3f/4d90453882a0f2e50dbc0/small_1544622036_Mashup.png","med_image_url":"https://coub-anubis-a.akamaized.net/coub_storage/category/cw_image/93ae83fbc3f/4d90453882a0f2e50dbc0/med_1544622036_Mashup.png","i_subscribed":true,"community_notifications_enabled":null,"description":null}],"recoubs_count":537,"remixes_count":4,"likes_count":3544,"dislikes_count":0,"raw_video_id":14887207,"uploaded_by_ios_app":false,"uploaded_by_android_app":false,"media_blocks":{"uploaded_raw_videos":[],"external_raw_videos":[],"remixed_from_coubs":[]},"raw_video_thumbnail_url":"/missing/missing.png","raw_video_title":"nigan1.mp4","video_block_banned":false,"duration":10.0,"promo_winner":false,"promo_winner_recoubers":null,"editorial_info":{},"promo_hint":null,"beeline_best_2014":null,"from_web_editor":true,"normalize_sound":false,"normalize_change_allowed":true,"best2015_addable":false,"ahmad_promo":null,"promo_data":null,"audio_copyright_claim":null,"ads_disabled":false,"is_safe_for_ads":true,"megafon_contents":[],"position_on_page":9},{"flag":null,"abuses":null,"recoubs_by_users_channels":null,"favourite":false,"promoted_id":null,"recoub":null,"like":null,"dislike":null,"reaction":null,"in_my_best2015":false,"id":95569823,"type":"Coub::Simple","permalink":"1khrdp","title":"English motherfucker do you speak it ?","visibility_type":"public","original_visibility_type":"public","channel_id":2706713,"created_at":"2018-12-24T20:15:58Z","updated_at":"2022-03-09T04:44:32Z","is_done":true,"views_count":192507,"cotd":null,"cotd_at":null,"visible_on_explore_root":false,"visible_on_explore":false,"featured":false,"published":true,"published_at":"2018-12-24T20:15:57Z","reversed":false,"from_editor_v2":true,"is_editable":true,"original_sound":true,"has_sound":true,"recoub_to":null,"file_versions":{"html5":{"video":{"higher":{"url":"https://coub-anubis-a.akamaized.net/coub_storage/coub/simple/cw_file/f37054336be/8bf7a51312e9590b724fc/muted_mp4_huge_size_1569403953_muted_huge.mp4","size":2696111},"high":{"url":"https://coub-anubis-a.akamaized.net/coub_storage/coub/simple/cw_file/f37054336be/8bf7a51312e9590b724fc/muted_mp4_big_size_1569403953_muted_big.mp4","size":1885381},"med":{"url":"https://coub-anubis-a.akamaized.net/coub_storage/coub/simple/cw_file/f37054336be/8bf7a51312e9590b724fc/muted_mp4_med_size_1569403953_muted_med.mp4","size":647764}},"audio":{"high":{"url":"https://coub-anubis-a.akamaized.net/coub_storage/coub/simple/cw_looped_audio_high/491ef7dcd9e/92401c5fb6abe3886dd89/1605663072_high_1545682568_high.mp3","size":1008891},"med":{"url":"https://coub-anubis-a.akamaized.net/coub_storage/coub/simple/cw_looped_audio_med/fa19bfe4e88/5e18bfa7338a5c0e5f805/1605663072_med_1545682568_med.mp3","size":937576},"sample_duration":9.8}},"mobile":{"video":"https://coub-anubis-a.akamaized.net/coub_storage/coub/simple/cw_file/f37054336be/8bf7a51312e9590b724fc/muted_mp4_med_size_1569403953_muted_med.mp4","audio":["https://coub-anubis-a.akamaized.net/coub_storage/coub/simple/cw_looped_audio_med/fa19bfe4e88/5e18bfa7338a5c0e5f805/1605663072_med_1545682568_med.mp3"]},"share":{"default":"https://coub-anubis-a.akamaized.net/coub_storage/coub/simple/cw_video_for_sharing/9ae2a9e7484/b14c26a43328cbbaf5535/1609334286_looped_1609334284.mp4"}},"audio_versions":{},"image_versions":{"template":"https://coub-anubis-a.akamaized.net/coub_storage/coub/simple/cw_image/ddc5d8d7d9c/c82a45efabd573ca2c898/1545682579_00032.jpg","versions":["micro","tiny","age_restricted","ios_large","ios_mosaic","big","med","small","pinterest"]},"first_frame_versions":{"template":"https://coub-anubis-a.akamaized.net/coub_storage/coub/simple/cw_timeline_pic/50e128b68bd/4d94abf2112929934681a/%{version}_1545682578_image.jpg","versions":["big","med","small","ios_large"]},"dimensions":{"big":[1052,960],"med":[526,480]},"site_w_h":[640,584],"page_w_h":[400,365],"site_w_h_small":[310,283],"size":[1052,960],"age_restricted":false,"age_restricted_by_admin":false,"not_safe_for_work":false,"allow_reuse":false,"dont_crop":false,"banned":false,"global_safe":true,"audio_file_url":null,"external_download":false,"application":null,"channel":{"id":2706713,"permalink":"zaza-vadaqaria","title":"zaza vadakaria","description":"ბუნება მბრძანებელიაო....ჩემი ვაჟა","followers_count":2418,"following_count":4967,"avatar_versions":{"template":"https://coub-anubis-a.akamaized.net/coub_storage/channel/cw_avatar/694b96c03a5/10017d5f994cbe7518231/%{version}_1607423096_1vfgazx_1560851729_547910_363861613662039_1166968958_n.jpg","versions":["medium","medium_2x","profile_pic","profile_pic_new","profile_pic_new_2x","tiny","tiny_2x","small","small_2x","ios_large","ios_small"]}},"file":null,"picture":"https://coub-anubis-a.akamaized.net/coub_storage/coub/simple/cw_image/ddc5d8d7d9c/c82a45efabd573ca2c898/1545682579_00032.jpg","timeline_picture":"https://coub-anubis-a.akamaized.net/coub_storage/coub/simple/cw_timeline_pic/50e128b68bd/4d94abf2112929934681a/ios_large_1545682578_image.jpg","small_picture":"https://coub-anubis-a.akamaized.net/coub_storage/coub/simple/cw_image/ddc5d8d7d9c/c82a45efabd573ca2c898/1545682579_00032.jpg","sharing_picture":null,"percent_done":100,"tags":[{"id":2662,"title":"pulp fiction","value":"pulp%20fiction"},{"id":11154,"title":"samuel l jackson","value":"samuel%20l%20jackson"},{"id":10257,"title":"english","value":"english"},{"id":4548774,"title":"say one again","value":"say%20one%20again"},{"id":22170,"title":"samuel","value":"samuel"},{"id":126673,"title":"french bulldog","value":"french%20bulldog"},{"id":2849,"title":"bulldog","value":"bulldog"},{"id":419,"title":"dog","value":"dog"},{"id":3776,"title":"john travolta","value":"john%20travolta"},{"id":1594,"title":"black","value":"black"},{"id":24729,"title":"marsellus wallace","value":"marsellus%20wallace"},{"id":2661,"title":"tarantino","value":"tarantino"},{"id":27541,"title":"talking dog","value":"talking%20dog"}],"categories":[{"id":37,"title":"Mashup","permalink":"mashup","subscriptions_count":10075240,"big_image_url":"https://coub-anubis-a.akamaized.net/coub_storage/category/cw_image/93ae83fbc3f/4d90453882a0f2e50dbc0/big_1544622036_Mashup.png","small_image_url":"https://coub-anubis-a.akamaized.net/coub_storage/category/cw_image/93ae83fbc3f/4d90453882a0f2e50dbc0/small_1544622036_Mashup.png","med_image_url":"https://coub-anubis-a.akamaized.net/coub_storage/category/cw_image/93ae83fbc3f/4d90453882a0f2e50dbc0/med_1544622036_Mashup.png","visible":true}],"communities":[{"id":37,"title":"Mashup","permalink":"mashup","subscriptions_count":10075240,"big_image_url":"https://coub-anubis-a.akamaized.net/coub_storage/category/cw_image/93ae83fbc3f/4d90453882a0f2e50dbc0/big_1544622036_Mashup.png","small_image_url":"https://coub-anubis-a.akamaized.net/coub_storage/category/cw_image/93ae83fbc3f/4d90453882a0f2e50dbc0/small_1544622036_Mashup.png","med_image_url":"https://coub-anubis-a.akamaized.net/coub_storage/category/cw_image/93ae83fbc3f/4d90453882a0f2e50dbc0/med_1544622036_Mashup.png","i_subscribed":true,"community_notifications_enabled":null,"description":null}],"recoubs_count":632,"remixes_count":0,"likes_count":3542,"dislikes_count":0,"raw_video_id":12921032,"uploaded_by_ios_app":false,"uploaded_by_android_app":false,"media_blocks":{"uploaded_raw_videos":[],"external_raw_videos":[],"remixed_from_coubs":[]},"raw_video_thumbnail_url":"/missing/missing.png","raw_video_title":"do_u_speak_it.mp4","video_block_banned":false,"duration":9.96,"promo_winner":false,"promo_winner_recoubers":null,"editorial_info":{},"promo_hint":null,"beeline_best_2014":null,"from_web_editor":true,"normalize_sound":true,"normalize_change_allowed":true,"best2015_addable":false,"ahmad_promo":null,"promo_data":null,"audio_copyright_claim":null,"ads_disabled":false,"is_safe_for_ads":true,"megafon_contents":[],"position_on_page":10}]}