{"page":156,"per_page":10,"total_pages":500,"coubs":[{"flag":null,"abuses":null,"recoubs_by_users_channels":null,"favourite":false,"promoted_id":null,"recoub":null,"like":null,"dislike":null,"reaction":null,"in_my_best2015":false,"id":86167467,"type":"Coub::Simple","permalink":"1ew8f1","title":"Beauty and the Beast","visibility_type":"public","original_visibility_type":"public","channel_id":1771452,"created_at":"2018-09-23T23:40:59Z","updated_at":"2022-03-09T14:52:55Z","is_done":true,"views_count":261288,"cotd":null,"cotd_at":null,"visible_on_explore_root":true,"visible_on_explore":true,"featured":true,"published":true,"published_at":"2018-09-23T23:45:00Z","reversed":false,"from_editor_v2":true,"is_editable":true,"original_sound":true,"has_sound":true,"recoub_to":null,"file_versions":{"html5":{"video":{"higher":{"url":"https://coub-anubis-a.akamaized.net/coub_storage/coub/simple/cw_file/52fb81e8f05/9d570e47baccc91d1a3d9/muted_mp4_huge_size_1571270880_muted_huge.mp4","size":3275148},"high":{"url":"https://coub-anubis-a.akamaized.net/coub_storage/coub/simple/cw_file/52fb81e8f05/9d570e47baccc91d1a3d9/muted_mp4_big_size_1571270880_muted_big.mp4","size":2401329},"med":{"url":"https://coub-anubis-a.akamaized.net/coub_storage/coub/simple/cw_file/52fb81e8f05/9d570e47baccc91d1a3d9/muted_mp4_med_size_1571270880_muted_med.mp4","size":633738}},"audio":{"high":{"url":"https://coub-anubis-a.akamaized.net/coub_storage/coub/simple/cw_looped_audio_high/0feb8cfe34d/6896e85a752c6eb6b4244/1605605964_high_1537748842_high.mp3","size":943550},"med":{"url":"https://coub-anubis-a.akamaized.net/coub_storage/coub/simple/cw_looped_audio_med/07fd8b89b02/065d073ec00caaa1bdb2d/1605605963_med_1537748842_med.mp3","size":799076},"sample_duration":10.009}},"mobile":{"video":"https://coub-anubis-a.akamaized.net/coub_storage/coub/simple/cw_file/52fb81e8f05/9d570e47baccc91d1a3d9/muted_mp4_med_size_1571270880_muted_med.mp4","audio":["https://coub-anubis-a.akamaized.net/coub_storage/coub/simple/cw_looped_audio_med/07fd8b89b02/065d073ec00caaa1bdb2d/1605605963_med_1537748842_med.mp3"]},"share":{"default":"https://coub-anubis-a.akamaized.net/coub_storage/coub/simple/cw_video_for_sharing/4b41a3066a8/2db11970a03fae544a546/1616032077_looped_1616032076.mp4"}},"audio_versions":{},"image_versions":{"template":"https://coub-anubis-a.akamaized.net/coub_storage/coub/simple/cw_image/e4e0b2c16e4/eebd9c7e6a1536207dcf8/1537748848_00032.jpg","versions":["micro","tiny","age_restricted","ios_large","ios_mosaic","big","med","small","pinterest"]},"first_frame_versions":{"template":"https://coub-anubis-a.akamaized.net/coub_storage/coub/simple/cw_timeline_pic/f8bfee11ced/dc6c298c4b872efa7e6e0/%{version}_1537748847_image.jpg","versions":["big","med","small","ios_large"]},"dimensions":{"big":[1280,720],"med":[640,360]},"site_w_h":[640,360],"page_w_h":[640,360],"site_w_h_small":[310,174],"size":[1280,720],"age_restricted":false,"age_restricted_by_admin":false,"not_safe_for_work":false,"allow_reuse":false,"dont_crop":true,"banned":false,"global_safe":true,"audio_file_url":null,"external_download":false,"application":null,"channel":{"id":1771452,"permalink":"hermione","title":"Emma Watson","description":"Thirty Meter Telescope on Mauna Kea will be for the benefit of mankind","followers_count":3073,"following_count":2872,"avatar_versions":{"template":"https://coub-anubis-a.akamaized.net/coub_storage/channel/cw_avatar/d6344a4e291/003ae6406292e2f62398c/%{version}_1607421186_1aomqzb_1524196264_2018.04.20_avatar.jpg","versions":["medium","medium_2x","profile_pic","profile_pic_new","profile_pic_new_2x","tiny","tiny_2x","small","small_2x","ios_large","ios_small"]}},"file":null,"picture":"https://coub-anubis-a.akamaized.net/coub_storage/coub/simple/cw_image/e4e0b2c16e4/eebd9c7e6a1536207dcf8/1537748848_00032.jpg","timeline_picture":"https://coub-anubis-a.akamaized.net/coub_storage/coub/simple/cw_timeline_pic/f8bfee11ced/dc6c298c4b872efa7e6e0/ios_large_1537748847_image.jpg","small_picture":"https://coub-anubis-a.akamaized.net/coub_storage/coub/simple/cw_image/e4e0b2c16e4/eebd9c7e6a1536207dcf8/1537748848_00032.jpg","sharing_picture":null,"percent_done":100,"tags":[{"id":40058,"title":"белль","value":"%D0%B1%D0%B5%D0%BB%D0%BB%D1%8C"},{"id":42367,"title":"belle","value":"belle"},{"id":12631,"title":"эммауотсон","value":"%D1%8D%D0%BC%D0%BC%D0%B0%D1%83%D0%BE%D1%82%D1%81%D0%BE%D0%BD"},{"id":12630,"title":"emmawatson","value":"emmawatson"},{"id":12340,"title":"поттер","value":"%D0%BF%D0%BE%D1%82%D1%82%D0%B5%D1%80"},{"id":5171,"title":"potter","value":"potter"},{"id":1321,"title":"гарри поттер","value":"%D0%B3%D0%B0%D1%80%D1%80%D0%B8%20%D0%BF%D0%BE%D1%82%D1%82%D0%B5%D1%80"},{"id":279,"title":"harry potter","value":"harry%20potter"},{"id":567322,"title":"гермиона грейнджер","value":"%D0%B3%D0%B5%D1%80%D0%BC%D0%B8%D0%BE%D0%BD%D0%B0%20%D0%B3%D1%80%D0%B5%D0%B9%D0%BD%D0%B4%D0%B6%D0%B5%D1%80"},{"id":111314,"title":"hermione granger","value":"hermione%20granger"},{"id":22662,"title":"гермиона","value":"%D0%B3%D0%B5%D1%80%D0%BC%D0%B8%D0%BE%D0%BD%D0%B0"},{"id":11930,"title":"hermione","value":"hermione"},{"id":150411,"title":"красавица и чудовище","value":"%D0%BA%D1%80%D0%B0%D1%81%D0%B0%D0%B2%D0%B8%D1%86%D0%B0%20%D0%B8%20%D1%87%D1%83%D0%B4%D0%BE%D0%B2%D0%B8%D1%89%D0%B5"},{"id":22663,"title":"эмма уотсон","value":"%D1%8D%D0%BC%D0%BC%D0%B0%20%D1%83%D0%BE%D1%82%D1%81%D0%BE%D0%BD"},{"id":8532,"title":"emma watson","value":"emma%20watson"},{"id":4499,"title":"i love it","value":"i%20love%20it"},{"id":1616238,"title":"lil pump","value":"lil%20pump"},{"id":718,"title":"kanye west","value":"kanye%20west"},{"id":4306802,"title":"kanye west & lil pump ft. adele givens — i love it","value":"kanye%20west%20&%20lil%20pump%20ft.%20adele%20givens%20%E2%80%94%20i%20love%20it"},{"id":44994,"title":"beauty and the beast","value":"beauty%20and%20the%20beast"}],"categories":[{"id":37,"title":"Mashup","permalink":"mashup","subscriptions_count":10075240,"big_image_url":"https://coub-anubis-a.akamaized.net/coub_storage/category/cw_image/93ae83fbc3f/4d90453882a0f2e50dbc0/big_1544622036_Mashup.png","small_image_url":"https://coub-anubis-a.akamaized.net/coub_storage/category/cw_image/93ae83fbc3f/4d90453882a0f2e50dbc0/small_1544622036_Mashup.png","med_image_url":"https://coub-anubis-a.akamaized.net/coub_storage/category/cw_image/93ae83fbc3f/4d90453882a0f2e50dbc0/med_1544622036_Mashup.png","visible":true}],"communities":[{"id":37,"title":"Mashup","permalink":"mashup","subscriptions_count":10075240,"big_image_url":"https://coub-anubis-a.akamaized.net/coub_storage/category/cw_image/93ae83fbc3f/4d90453882a0f2e50dbc0/big_1544622036_Mashup.png","small_image_url":"https://coub-anubis-a.akamaized.net/coub_storage/category/cw_image/93ae83fbc3f/4d90453882a0f2e50dbc0/small_1544622036_Mashup.png","med_image_url":"https://coub-anubis-a.akamaized.net/coub_storage/category/cw_image/93ae83fbc3f/4d90453882a0f2e50dbc0/med_1544622036_Mashup.png","i_subscribed":true,"community_notifications_enabled":null,"description":null}],"recoubs_count":602,"remixes_count":10,"likes_count":3731,"dislikes_count":0,"raw_video_id":12417634,"uploaded_by_ios_app":false,"uploaded_by_android_app":false,"media_blocks":{"uploaded_raw_videos":[],"external_raw_videos":[],"remixed_from_coubs":[]},"raw_video_thumbnail_url":"/missing/missing.png","raw_video_title":"2018.08.09.2.mp4","video_block_banned":false,"duration":10.0,"promo_winner":false,"promo_winner_recoubers":null,"editorial_info":{},"promo_hint":null,"beeline_best_2014":null,"from_web_editor":true,"normalize_sound":false,"normalize_change_allowed":true,"best2015_addable":false,"ahmad_promo":null,"promo_data":null,"audio_copyright_claim":null,"ads_disabled":false,"is_safe_for_ads":true,"megafon_contents":[],"position_on_page":1},{"flag":null,"abuses":null,"recoubs_by_users_channels":null,"favourite":false,"promoted_id":null,"recoub":null,"like":null,"dislike":null,"reaction":null,"in_my_best2015":false,"id":100838837,"type":"Coub::Simple","permalink":"1nmp0d","title":"Abyss","visibility_type":"public","original_visibility_type":"public","channel_id":672531,"created_at":"2019-02-06T12:43:03Z","updated_at":"2022-03-09T10:34:58Z","is_done":true,"views_count":224281,"cotd":null,"cotd_at":null,"visible_on_explore_root":true,"visible_on_explore":true,"featured":true,"published":true,"published_at":"2019-02-06T12:43:03Z","reversed":false,"from_editor_v2":true,"is_editable":true,"original_sound":true,"has_sound":true,"recoub_to":null,"file_versions":{"html5":{"video":{"higher":{"url":"https://coub-anubis-a.akamaized.net/coub_storage/coub/simple/cw_file/adf25acb9c7/56481cd9d25d13a274438/muted_mp4_huge_size_1569312679_muted_huge.mp4","size":1188382},"high":{"url":"https://coub-anubis-a.akamaized.net/coub_storage/coub/simple/cw_file/adf25acb9c7/56481cd9d25d13a274438/muted_mp4_big_size_1569312679_muted_big.mp4","size":800911},"med":{"url":"https://coub-anubis-a.akamaized.net/coub_storage/coub/simple/cw_file/adf25acb9c7/56481cd9d25d13a274438/muted_mp4_med_size_1569312679_muted_med.mp4","size":228286}},"audio":{"high":{"url":"https://coub-anubis-a.akamaized.net/coub_storage/coub/simple/cw_looped_audio_high/b53fcb4d092/f1a46cdea4f684a291961/1605671005_high_1549456990_high.mp3","size":997605},"med":{"url":"https://coub-anubis-a.akamaized.net/coub_storage/coub/simple/cw_looped_audio_med/925fa058d25/69910fc0123df6f0cdd9c/1605671005_med_1549456990_med.mp3","size":871228},"sample_duration":6.13}},"mobile":{"video":"https://coub-anubis-a.akamaized.net/coub_storage/coub/simple/cw_file/adf25acb9c7/56481cd9d25d13a274438/muted_mp4_med_size_1569312679_muted_med.mp4","audio":["https://coub-anubis-a.akamaized.net/coub_storage/coub/simple/cw_looped_audio_med/925fa058d25/69910fc0123df6f0cdd9c/1605671005_med_1549456990_med.mp3"]},"share":{"default":"https://coub-anubis-a.akamaized.net/coub_storage/coub/simple/cw_video_for_sharing/c0b5bb79cb8/aff10d7c34c123ec9855f/1608656577_looped_1608656577.mp4"}},"audio_versions":{},"image_versions":{"template":"https://coub-anubis-a.akamaized.net/coub_storage/coub/simple/cw_image/cf18f7c2900/9de9c23b4fc0948e89e0c/1549456996_00019.jpg","versions":["micro","tiny","age_restricted","ios_large","ios_mosaic","big","med","small","pinterest"]},"first_frame_versions":{"template":"https://coub-anubis-a.akamaized.net/coub_storage/coub/simple/cw_timeline_pic/1637c9f7012/be21297584b71b4469b42/%{version}_1549456995_image.jpg","versions":["big","med","small","ios_large"]},"dimensions":{"big":[1280,726],"med":[640,362]},"site_w_h":[640,363],"page_w_h":[640,363],"site_w_h_small":[310,176],"size":[1280,726],"age_restricted":false,"age_restricted_by_admin":false,"not_safe_for_work":false,"allow_reuse":false,"dont_crop":false,"banned":false,"global_safe":true,"audio_file_url":null,"external_download":false,"application":null,"channel":{"id":672531,"permalink":"dmitriy.buslovich.9","title":"Dmitry Buslovich","description":"You, me, everyone - we are made of star stuff","followers_count":1774,"following_count":993,"avatar_versions":{"template":"https://coub-anubis-a.akamaized.net/coub_storage/channel/cw_avatar/157fdb55010/c469efcf60cb8d92b8e12/%{version}_1504071173_CYX3HKhdOKo1.jpg","versions":["medium","medium_2x","profile_pic","profile_pic_new","profile_pic_new_2x","tiny","tiny_2x","small","small_2x","ios_large","ios_small"]}},"file":null,"picture":"https://coub-anubis-a.akamaized.net/coub_storage/coub/simple/cw_image/cf18f7c2900/9de9c23b4fc0948e89e0c/1549456996_00019.jpg","timeline_picture":"https://coub-anubis-a.akamaized.net/coub_storage/coub/simple/cw_timeline_pic/1637c9f7012/be21297584b71b4469b42/ios_large_1549456995_image.jpg","small_picture":"https://coub-anubis-a.akamaized.net/coub_storage/coub/simple/cw_image/cf18f7c2900/9de9c23b4fc0948e89e0c/1549456996_00019.jpg","sharing_picture":null,"percent_done":100,"tags":[{"id":1178182,"title":"purpan","value":"purpan"},{"id":1642249,"title":"mashup coub","value":"mashup%20coub"},{"id":2948375,"title":"mashups video","value":"mashups%20video"},{"id":192569,"title":"mashups","value":"mashups"},{"id":938589,"title":"hybrid coub","value":"hybrid%20coub"},{"id":288361,"title":"hybrids","value":"hybrids"},{"id":41698,"title":"hybrid","value":"hybrid"},{"id":5326,"title":"mashup","value":"mashup"},{"id":879717,"title":"rogue one","value":"rogue%20one"},{"id":6103,"title":"darth vader","value":"darth%20vader"},{"id":213898,"title":"blackroom","value":"blackroom"},{"id":283,"title":"space","value":"space"},{"id":9538,"title":"cosmos","value":"cosmos"},{"id":242545,"title":"in the dark","value":"in%20the%20dark"},{"id":3442146,"title":"http://coub.com/view/z3241","value":"http://coub.com/view/z3241"},{"id":3442145,"title":"pol marchuk","value":"pol%20marchuk"},{"id":17565,"title":"funny moments","value":"funny%20moments"},{"id":1594,"title":"black","value":"black"},{"id":11773,"title":"universe","value":"universe"},{"id":4081,"title":"time","value":"time"},{"id":14337,"title":"beginning","value":"beginning"},{"id":914419,"title":"tzarka","value":"tzarka"},{"id":1023991,"title":"unexpected_journey","value":"unexpected_journey"},{"id":1438103,"title":"hybirds","value":"hybirds"},{"id":68468,"title":"abyss","value":"abyss"}],"categories":[{"id":37,"title":"Mashup","permalink":"mashup","subscriptions_count":10075240,"big_image_url":"https://coub-anubis-a.akamaized.net/coub_storage/category/cw_image/93ae83fbc3f/4d90453882a0f2e50dbc0/big_1544622036_Mashup.png","small_image_url":"https://coub-anubis-a.akamaized.net/coub_storage/category/cw_image/93ae83fbc3f/4d90453882a0f2e50dbc0/small_1544622036_Mashup.png","med_image_url":"https://coub-anubis-a.akamaized.net/coub_storage/category/cw_image/93ae83fbc3f/4d90453882a0f2e50dbc0/med_1544622036_Mashup.png","visible":true}],"communities":[{"id":37,"title":"Mashup","permalink":"mashup","subscriptions_count":10075240,"big_image_url":"https://coub-anubis-a.akamaized.net/coub_storage/category/cw_image/93ae83fbc3f/4d90453882a0f2e50dbc0/big_1544622036_Mashup.png","small_image_url":"https://coub-anubis-a.akamaized.net/coub_storage/category/cw_image/93ae83fbc3f/4d90453882a0f2e50dbc0/small_1544622036_Mashup.png","med_image_url":"https://coub-anubis-a.akamaized.net/coub_storage/category/cw_image/93ae83fbc3f/4d90453882a0f2e50dbc0/med_1544622036_Mashup.png","i_subscribed":true,"community_notifications_enabled":null,"description":null}],"recoubs_count":568,"remixes_count":6,"likes_count":3730,"dislikes_count":0,"raw_video_id":"","uploaded_by_ios_app":false,"uploaded_by_android_app":false,"media_blocks":{"uploaded_raw_videos":[],"external_raw_videos":[],"remixed_from_coubs":[{"id":30190404,"title":"Unexpected journey ","url":"https://coub.com/coubs/1msocq/remix","image":"https://coub-anubis-a.akamaized.net/coub_storage/media_block/cw_image/5b2ec8d78fe/6b99b3529a1e92286ec14/1548482226_1qb26fb_1548482216_00028.jpg","image_retina":"https://coub-anubis-a.akamaized.net/coub_storage/media_block/cw_image/5b2ec8d78fe/6b99b3529a1e92286ec14/1548482226_1qb26fb_1548482216_00028.jpg","meta":{"duration":"8.64"},"duration":null,"coub_channel_title":"Dmitry Buslovich","coub_channel_permalink":"dmitriy.buslovich.9","coub_views_count":70678,"coub_permalink":"1msocq"},{"id":23091661,"title":"The beginning of time was Black","url":"http://coub.com/coubs/z6ru1/remix","image":"https://coub-anubis-a.akamaized.net/coub_storage/media_block/cw_image/72bc71c636d/195c392aa87605b8faae3/1509731480_1509731471_00020.jpg","image_retina":"https://coub-anubis-a.akamaized.net/coub_storage/media_block/cw_image/72bc71c636d/195c392aa87605b8faae3/1509731480_1509731471_00020.jpg","meta":{"duration":"6.16"},"duration":null,"coub_channel_title":"Dmitry Buslovich","coub_channel_permalink":"dmitriy.buslovich.9","coub_views_count":15522,"coub_permalink":"z6ru1"}]},"raw_video_thumbnail_url":"","raw_video_title":"","video_block_banned":false,"duration":6.0,"promo_winner":false,"promo_winner_recoubers":null,"editorial_info":{},"promo_hint":null,"beeline_best_2014":null,"from_web_editor":true,"normalize_sound":true,"normalize_change_allowed":true,"best2015_addable":false,"ahmad_promo":null,"promo_data":null,"audio_copyright_claim":null,"ads_disabled":false,"is_safe_for_ads":true,"megafon_contents":[],"position_on_page":2},{"flag":null,"abuses":null,"recoubs_by_users_channels":null,"favourite":false,"promoted_id":null,"recoub":null,"like":null,"dislike":null,"reaction":null,"in_my_best2015":false,"id":78680577,"type":"Coub::Simple","permalink":"1afrg2","title":"If Germans would have created the Battlefield 1 trailer","visibility_type":"public","original_visibility_type":"public","channel_id":4574762,"created_at":"2018-07-01T19:56:34Z","updated_at":"2022-03-07T04:30:55Z","is_done":true,"views_count":261119,"cotd":null,"cotd_at":null,"visible_on_explore_root":false,"visible_on_explore":false,"featured":false,"published":true,"published_at":"2018-07-01T19:56:34Z","reversed":false,"from_editor_v2":true,"is_editable":true,"original_sound":true,"has_sound":true,"recoub_to":null,"file_versions":{"html5":{"video":{"higher":{"url":"https://coub-anubis-a.akamaized.net/coub_storage/coub/simple/cw_file/078e147f5d2/713227c41538140e4d625/muted_mp4_huge_size_1568253533_muted_huge.mp4","size":4401328},"high":{"url":"https://coub-anubis-a.akamaized.net/coub_storage/coub/simple/cw_file/078e147f5d2/713227c41538140e4d625/muted_mp4_big_size_1568253533_muted_big.mp4","size":3158847},"med":{"url":"https://coub-anubis-a.akamaized.net/coub_storage/coub/simple/cw_file/078e147f5d2/713227c41538140e4d625/muted_mp4_med_size_1568253533_muted_med.mp4","size":1128315}},"audio":{"high":{"url":"https://coub-anubis-a.akamaized.net/coub_storage/coub/simple/cw_looped_audio_high/780a337c5aa/4637f3a126f8d701dd4aa/1605620897_high_1530475011_high.mp3","size":1018788},"med":{"url":"https://coub-anubis-a.akamaized.net/coub_storage/coub/simple/cw_looped_audio_med/6554228ff70/c2352a7a7a4407b6122ba/1605620896_med_1530475011_med.mp3","size":799076},"sample_duration":10.009}},"mobile":{"video":"https://coub-anubis-a.akamaized.net/coub_storage/coub/simple/cw_file/078e147f5d2/713227c41538140e4d625/muted_mp4_med_size_1568253533_muted_med.mp4","audio":["https://coub-anubis-a.akamaized.net/coub_storage/coub/simple/cw_looped_audio_med/6554228ff70/c2352a7a7a4407b6122ba/1605620896_med_1530475011_med.mp3"]},"share":{"default":"https://coub-anubis-a.akamaized.net/coub_storage/coub/simple/cw_video_for_sharing/2838c2265dc/50bfef97c024dde5fd9a6/1609249488_looped_1609249487.mp4"}},"audio_versions":{},"image_versions":{"template":"https://coub-anubis-a.akamaized.net/coub_storage/coub/simple/cw_image/f73943797e4/285a483a4415cea4a92df/1530475019_00032.jpg","versions":["micro","tiny","age_restricted","ios_large","ios_mosaic","big","med","small","pinterest"]},"first_frame_versions":{"template":"https://coub-anubis-a.akamaized.net/coub_storage/coub/simple/cw_timeline_pic/df967173e88/45972f62eb93b744b96b0/%{version}_1530475018_image.jpg","versions":["big","med","small","ios_large"]},"dimensions":{"big":[1280,720],"med":[640,360]},"site_w_h":[640,360],"page_w_h":[640,360],"site_w_h_small":[310,174],"size":[1280,720],"age_restricted":false,"age_restricted_by_admin":false,"not_safe_for_work":false,"allow_reuse":false,"dont_crop":false,"banned":false,"global_safe":true,"audio_file_url":null,"external_download":{"type":"Youtube","service_name":"YouTube","url":"http://youtu.be/LktYtcK4cQQ","has_embed":true},"application":null,"channel":{"id":4574762,"permalink":"daniel-vincze82","title":"Dániel Vincze","description":null,"followers_count":43,"following_count":14,"avatar_versions":{"template":"https://coub-anubis-a.akamaized.net/coub_storage/channel/cw_avatar/684577f1309/cf36dc8f47bcad2c14676/%{version}_1608726004_wr838g_1530474740_dtxkwb_1732477390198767.jpg","versions":["medium","medium_2x","profile_pic","profile_pic_new","profile_pic_new_2x","tiny","tiny_2x","small","small_2x","ios_large","ios_small"]}},"file":null,"picture":"https://coub-anubis-a.akamaized.net/coub_storage/coub/simple/cw_image/f73943797e4/285a483a4415cea4a92df/1530475019_00032.jpg","timeline_picture":"https://coub-anubis-a.akamaized.net/coub_storage/coub/simple/cw_timeline_pic/df967173e88/45972f62eb93b744b96b0/ios_large_1530475018_image.jpg","small_picture":"https://coub-anubis-a.akamaized.net/coub_storage/coub/simple/cw_image/f73943797e4/285a483a4415cea4a92df/1530475019_00032.jpg","sharing_picture":null,"percent_done":100,"tags":[{"id":3979063,"title":"if germans would have created the battlefield 1 trailer","value":"if%20germans%20would%20have%20created%20the%20battlefield%201%20trailer"},{"id":616975,"title":"bf1","value":"bf1"},{"id":1493333,"title":"battlefield 1","value":"battlefield%201"},{"id":1493331,"title":"battlefield 1 trailer","value":"battlefield%201%20trailer"},{"id":1618,"title":"germans","value":"germans"},{"id":4041070,"title":"youtube jesko","value":"youtube%20jesko"},{"id":716208,"title":"jesko","value":"jesko"},{"id":2234,"title":"meme","value":"meme"},{"id":3979064,"title":"yodeling meme","value":"yodeling%20meme"},{"id":23473,"title":"yodeling","value":"yodeling"},{"id":3979065,"title":"oeschs die dritten","value":"oeschs%20die%20dritten"},{"id":3785518,"title":"instant regret playlist","value":"instant%20regret%20playlist"},{"id":3049692,"title":"meme playlist","value":"meme%20playlist"},{"id":2981224,"title":"instant regret clicking this playlist","value":"instant%20regret%20clicking%20this%20playlist"},{"id":1015715,"title":"instant regret","value":"instant%20regret"},{"id":4041071,"title":"memes playlist","value":"memes%20playlist"},{"id":2235,"title":"memes","value":"memes"},{"id":1490260,"title":"battlefield1","value":"battlefield1"}],"categories":[{"id":37,"title":"Mashup","permalink":"mashup","subscriptions_count":10075240,"big_image_url":"https://coub-anubis-a.akamaized.net/coub_storage/category/cw_image/93ae83fbc3f/4d90453882a0f2e50dbc0/big_1544622036_Mashup.png","small_image_url":"https://coub-anubis-a.akamaized.net/coub_storage/category/cw_image/93ae83fbc3f/4d90453882a0f2e50dbc0/small_1544622036_Mashup.png","med_image_url":"https://coub-anubis-a.akamaized.net/coub_storage/category/cw_image/93ae83fbc3f/4d90453882a0f2e50dbc0/med_1544622036_Mashup.png","visible":true}],"communities":[{"id":37,"title":"Mashup","permalink":"mashup","subscriptions_count":10075240,"big_image_url":"https://coub-anubis-a.akamaized.net/coub_storage/category/cw_image/93ae83fbc3f/4d90453882a0f2e50dbc0/big_1544622036_Mashup.png","small_image_url":"https://coub-anubis-a.akamaized.net/coub_storage/category/cw_image/93ae83fbc3f/4d90453882a0f2e50dbc0/small_1544622036_Mashup.png","med_image_url":"https://coub-anubis-a.akamaized.net/coub_storage/category/cw_image/93ae83fbc3f/4d90453882a0f2e50dbc0/med_1544622036_Mashup.png","i_subscribed":true,"community_notifications_enabled":null,"description":null}],"recoubs_count":720,"remixes_count":5,"likes_count":3729,"dislikes_count":0,"raw_video_id":11366723,"uploaded_by_ios_app":false,"uploaded_by_android_app":false,"media_blocks":{"uploaded_raw_videos":[],"external_raw_videos":[{"id":25451076,"title":"If Germans would have created the Battlefield 1 trailer","url":"http://www.youtube.com/watch?v=LktYtcK4cQQ","image":"https://coub-anubis-a.akamaized.net/coub_storage/media_block/cw_image/c0f14bf73d9/2cc6228a693c5589b3365/1521620321_1521620314_ip8uwd_att-url-download.jpg","image_retina":"https://coub-anubis-a.akamaized.net/coub_storage/media_block/cw_image/c0f14bf73d9/2cc6228a693c5589b3365/1521620321_1521620314_ip8uwd_att-url-download.jpg","meta":{"service":"Youtube","duration":"13.52"},"duration":13.52,"raw_video_id":11366723,"has_embed":true}],"remixed_from_coubs":[],"external_video":{"id":25451076,"title":"If Germans would have created the Battlefield 1 trailer","url":"http://www.youtube.com/watch?v=LktYtcK4cQQ","image":"https://coub-anubis-a.akamaized.net/coub_storage/media_block/cw_image/c0f14bf73d9/2cc6228a693c5589b3365/1521620321_1521620314_ip8uwd_att-url-download.jpg","image_retina":"https://coub-anubis-a.akamaized.net/coub_storage/media_block/cw_image/c0f14bf73d9/2cc6228a693c5589b3365/1521620321_1521620314_ip8uwd_att-url-download.jpg","meta":{"service":"Youtube","duration":"13.52"},"duration":13.52,"raw_video_id":11366723,"has_embed":true}},"raw_video_thumbnail_url":"/missing/missing.png","raw_video_title":"If Germans would have created the Battlefield 1 trailer","video_block_banned":false,"duration":10.0,"promo_winner":false,"promo_winner_recoubers":null,"editorial_info":{},"promo_hint":null,"beeline_best_2014":null,"from_web_editor":true,"normalize_sound":true,"normalize_change_allowed":true,"best2015_addable":false,"ahmad_promo":null,"promo_data":null,"audio_copyright_claim":null,"ads_disabled":false,"is_safe_for_ads":true,"megafon_contents":[],"position_on_page":3},{"flag":null,"abuses":null,"recoubs_by_users_channels":null,"favourite":false,"promoted_id":null,"recoub":null,"like":null,"dislike":null,"reaction":null,"in_my_best2015":false,"id":140790985,"type":"Coub::Simple","permalink":"2bh5p3","title":"No Time for Caution ","visibility_type":"public","original_visibility_type":"public","channel_id":4101705,"created_at":"2020-03-30T09:18:25Z","updated_at":"2022-03-15T19:28:08Z","is_done":true,"views_count":939656,"cotd":true,"cotd_at":"2020-03-31","visible_on_explore_root":true,"visible_on_explore":true,"featured":true,"published":true,"published_at":"2020-03-30T09:18:24Z","reversed":false,"from_editor_v2":true,"is_editable":true,"original_sound":false,"has_sound":false,"recoub_to":null,"file_versions":{"html5":{"video":{"higher":{"url":"https://coub-anubis-a.akamaized.net/coub_storage/coub/simple/cw_file/f9f2e017333/c97b4c9f8d4f4c3bbf4da/muted_mp4_huge_size_1585559913_muted_huge.mp4","size":3584661},"high":{"url":"https://coub-anubis-a.akamaized.net/coub_storage/coub/simple/cw_file/f9f2e017333/c97b4c9f8d4f4c3bbf4da/muted_mp4_big_size_1585559913_muted_big.mp4","size":2769051},"med":{"url":"https://coub-anubis-a.akamaized.net/coub_storage/coub/simple/cw_file/f9f2e017333/c97b4c9f8d4f4c3bbf4da/muted_mp4_med_size_1585559913_muted_med.mp4","size":733560}},"audio":{"high":{"url":"https://coub-anubis-a.akamaized.net/coub_storage/coub/simple/cw_looped_audio_high/01798080d90/4977db290dcbe1398a664/1605701667_high_1585559919_high.mp3","size":2098432},"med":{"url":"https://coub-anubis-a.akamaized.net/coub_storage/coub/simple/cw_looped_audio_med/3b9b10b99f3/f01a2692f1cc7caeda302/1605701666_med_1585559919_med.mp3","size":1438650}}},"mobile":{"video":"https://coub-anubis-a.akamaized.net/coub_storage/coub/simple/cw_file/f9f2e017333/c97b4c9f8d4f4c3bbf4da/muted_mp4_med_size_1585559913_muted_med.mp4","audio":["https://coub-anubis-a.akamaized.net/coub_storage/coub/simple/cw_looped_audio_med/3b9b10b99f3/f01a2692f1cc7caeda302/1605701666_med_1585559919_med.mp3"]},"share":{"default":"https://coub-anubis-a.akamaized.net/coub_storage/coub/simple/cw_video_for_sharing/f657b3462dd/ec785af587e4288b0a060/1608374198_looped_1608374197.mp4"}},"audio_versions":{"template":"https://coub-anubis-a.akamaized.net/coub_storage/audio_track/cw_file/a60620c8684/df07f4c308ff379133151/mid_1585559839_audio.mp3","versions":["mid","low"]},"image_versions":{"template":"https://coub-anubis-a.akamaized.net/coub_storage/coub/simple/cw_image/75e78bb53f1/acdb4c569c13b930f9c69/1585559927_00032.jpg","versions":["micro","tiny","age_restricted","ios_large","ios_mosaic","big","med","small","pinterest"]},"first_frame_versions":{"template":"https://coub-anubis-a.akamaized.net/coub_storage/coub/simple/cw_timeline_pic/ea6b169d523/97f55741333ac500b19e3/%{version}_1585559927_image.jpg","versions":["big","med","small","ios_large"]},"dimensions":{"big":[1280,532],"med":[640,266]},"site_w_h":[640,266],"page_w_h":[640,266],"site_w_h_small":[310,129],"size":[1280,532],"age_restricted":false,"age_restricted_by_admin":false,"not_safe_for_work":false,"allow_reuse":false,"dont_crop":false,"banned":false,"global_safe":true,"audio_file_url":"https://coub-anubis-a.akamaized.net/coub_storage/audio_track/cw_file/a60620c8684/df07f4c308ff379133151/low_1585559839_audio.mp3","external_download":false,"application":null,"channel":{"id":4101705,"permalink":"polyanskycoub","title":"Stanislav Polyansky","description":"All those moments, will be lost in time like tears in rain...","followers_count":4178,"following_count":83,"avatar_versions":{"template":"https://coub-anubis-a.akamaized.net/coub_storage/channel/cw_avatar/3dd9f020e4a/318c112ece2841f09e5f8/%{version}_1610828882_heath-ledger-the-dark-knight-artcollector-viola.jpg","versions":["medium","medium_2x","profile_pic","profile_pic_new","profile_pic_new_2x","tiny","tiny_2x","small","small_2x","ios_large","ios_small"]}},"file":null,"picture":"https://coub-anubis-a.akamaized.net/coub_storage/coub/simple/cw_image/75e78bb53f1/acdb4c569c13b930f9c69/1585559927_00032.jpg","timeline_picture":"https://coub-anubis-a.akamaized.net/coub_storage/coub/simple/cw_timeline_pic/ea6b169d523/97f55741333ac500b19e3/ios_large_1585559927_image.jpg","small_picture":"https://coub-anubis-a.akamaized.net/coub_storage/coub/simple/cw_image/75e78bb53f1/acdb4c569c13b930f9c69/1585559927_00032.jpg","sharing_picture":null,"percent_done":100,"tags":[{"id":963983,"title":"hans zimmer - no time for caution","value":"hans%20zimmer%20-%20no%20time%20for%20caution"}],"categories":[{"id":37,"title":"Mashup","permalink":"mashup","subscriptions_count":10075240,"big_image_url":"https://coub-anubis-a.akamaized.net/coub_storage/category/cw_image/93ae83fbc3f/4d90453882a0f2e50dbc0/big_1544622036_Mashup.png","small_image_url":"https://coub-anubis-a.akamaized.net/coub_storage/category/cw_image/93ae83fbc3f/4d90453882a0f2e50dbc0/small_1544622036_Mashup.png","med_image_url":"https://coub-anubis-a.akamaized.net/coub_storage/category/cw_image/93ae83fbc3f/4d90453882a0f2e50dbc0/med_1544622036_Mashup.png","visible":true}],"communities":[{"id":37,"title":"Mashup","permalink":"mashup","subscriptions_count":10075240,"big_image_url":"https://coub-anubis-a.akamaized.net/coub_storage/category/cw_image/93ae83fbc3f/4d90453882a0f2e50dbc0/big_1544622036_Mashup.png","small_image_url":"https://coub-anubis-a.akamaized.net/coub_storage/category/cw_image/93ae83fbc3f/4d90453882a0f2e50dbc0/small_1544622036_Mashup.png","med_image_url":"https://coub-anubis-a.akamaized.net/coub_storage/category/cw_image/93ae83fbc3f/4d90453882a0f2e50dbc0/med_1544622036_Mashup.png","i_subscribed":true,"community_notifications_enabled":null,"description":null}],"recoubs_count":31,"remixes_count":2,"likes_count":3727,"dislikes_count":0,"raw_video_id":15000479,"uploaded_by_ios_app":false,"uploaded_by_android_app":false,"media_blocks":{"uploaded_raw_videos":[],"external_raw_videos":[],"remixed_from_coubs":[]},"raw_video_thumbnail_url":"/missing/missing.png","raw_video_title":"video.mp4","video_block_banned":false,"duration":10.0,"promo_winner":false,"promo_winner_recoubers":null,"editorial_info":{},"promo_hint":null,"beeline_best_2014":null,"from_web_editor":true,"normalize_sound":false,"normalize_change_allowed":true,"best2015_addable":false,"ahmad_promo":null,"promo_data":null,"audio_copyright_claim":null,"ads_disabled":false,"is_safe_for_ads":true,"megafon_contents":[],"position_on_page":4},{"flag":null,"abuses":null,"recoubs_by_users_channels":null,"favourite":false,"promoted_id":null,"recoub":null,"like":null,"dislike":null,"reaction":null,"in_my_best2015":false,"id":73636724,"type":"Coub::Simple","permalink":"17f84c","title":"Can't Accept the OASIS","visibility_type":"public","original_visibility_type":"public","channel_id":3485048,"created_at":"2018-05-05T01:26:48Z","updated_at":"2022-03-13T16:44:58Z","is_done":true,"views_count":307242,"cotd":null,"cotd_at":null,"visible_on_explore_root":true,"visible_on_explore":true,"featured":true,"published":true,"published_at":"2018-05-05T13:45:00Z","reversed":false,"from_editor_v2":true,"is_editable":true,"original_sound":false,"has_sound":false,"recoub_to":null,"file_versions":{"html5":{"video":{"higher":{"url":"https://coub-anubis-a.akamaized.net/coub_storage/coub/simple/cw_file/50bcf06a164/5e015c478982072e0d9ce/muted_mp4_huge_size_1580245996_muted_huge.mp4","size":3340648},"high":{"url":"https://coub-anubis-a.akamaized.net/coub_storage/coub/simple/cw_file/50bcf06a164/5e015c478982072e0d9ce/muted_mp4_big_size_1580245996_muted_big.mp4","size":2559997},"med":{"url":"https://coub-anubis-a.akamaized.net/coub_storage/coub/simple/cw_file/50bcf06a164/5e015c478982072e0d9ce/muted_mp4_med_size_1580245996_muted_med.mp4","size":811455}},"audio":{"high":{"url":"https://coub-anubis-a.akamaized.net/coub_storage/coub/simple/cw_looped_audio_high/b352c430ba8/48e8f63990708c5fb8a10/1605650797_high_1580246001_high.mp3","size":1182800},"med":{"url":"https://coub-anubis-a.akamaized.net/coub_storage/coub/simple/cw_looped_audio_med/2a179966154/abfbbba5a9de60619abcf/1605650796_med_1580246001_med.mp3","size":947699}}},"mobile":{"video":"https://coub-anubis-a.akamaized.net/coub_storage/coub/simple/cw_file/50bcf06a164/5e015c478982072e0d9ce/muted_mp4_med_size_1580245996_muted_med.mp4","audio":["https://coub-anubis-a.akamaized.net/coub_storage/coub/simple/cw_looped_audio_med/2a179966154/abfbbba5a9de60619abcf/1605650796_med_1580246001_med.mp3"]},"share":{"default":"https://coub-anubis-a.akamaized.net/coub_storage/coub/simple/cw_video_for_sharing/9e562932d0b/8d092328a5dfd911a78c0/1608644559_looped_1608644558.mp4"}},"audio_versions":{"template":"https://coub-anubis-a.akamaized.net/coub_storage/audio_track/cw_file/5eb32780f00/48504a6c99c099d8ddc12/mid_1580245997_16kslje_edited.mp3","versions":["mid","low"]},"image_versions":{"template":"https://coub-anubis-a.akamaized.net/coub_storage/coub/simple/cw_image/4bc44e961a0/06fe7c93a934763235cba/1580246014_00032.jpg","versions":["micro","tiny","age_restricted","ios_large","ios_mosaic","big","med","small","pinterest"]},"first_frame_versions":{"template":"https://coub-anubis-a.akamaized.net/coub_storage/coub/simple/cw_timeline_pic/e08fd842362/8e225a41f847e295a787d/%{version}_1580246013_image.jpg","versions":["big","med","small","ios_large"]},"dimensions":{"big":[1280,532],"med":[640,266]},"site_w_h":[640,266],"page_w_h":[640,266],"site_w_h_small":[310,129],"size":[1280,532],"age_restricted":false,"age_restricted_by_admin":false,"not_safe_for_work":false,"allow_reuse":false,"dont_crop":false,"banned":false,"global_safe":true,"audio_file_url":"https://coub-anubis-a.akamaized.net/coub_storage/audio_track/cw_file/5eb32780f00/48504a6c99c099d8ddc12/low_1580245997_16kslje_edited.mp3","external_download":false,"application":null,"channel":{"id":3485048,"permalink":"irakli.kvinikadze","title":"irakli Kvinikadze","description":null,"followers_count":23340,"following_count":72,"avatar_versions":{"template":"https://coub-anubis-a.akamaized.net/coub_storage/channel/cw_avatar/8b60a6d051a/df98acf64bafde8b9f28d/%{version}_1607419530_17xb2c2_1568925983_Saoirse_Ronan.png","versions":["medium","medium_2x","profile_pic","profile_pic_new","profile_pic_new_2x","tiny","tiny_2x","small","small_2x","ios_large","ios_small"]}},"file":null,"picture":"https://coub-anubis-a.akamaized.net/coub_storage/coub/simple/cw_image/4bc44e961a0/06fe7c93a934763235cba/1580246014_00032.jpg","timeline_picture":"https://coub-anubis-a.akamaized.net/coub_storage/coub/simple/cw_timeline_pic/e08fd842362/8e225a41f847e295a787d/ios_large_1580246013_image.jpg","small_picture":"https://coub-anubis-a.akamaized.net/coub_storage/coub/simple/cw_image/4bc44e961a0/06fe7c93a934763235cba/1580246014_00032.jpg","sharing_picture":null,"percent_done":100,"tags":[{"id":2383,"title":"thor","value":"thor"},{"id":1669590,"title":"ready player one","value":"ready%20player%20one"},{"id":192569,"title":"mashups","value":"mashups"},{"id":288361,"title":"hybrids","value":"hybrids"},{"id":25816,"title":"marvel universe","value":"marvel%20universe"},{"id":2752146,"title":"thor: ragnarok","value":"thor:%20ragnarok"}],"categories":[{"id":37,"title":"Mashup","permalink":"mashup","subscriptions_count":10075240,"big_image_url":"https://coub-anubis-a.akamaized.net/coub_storage/category/cw_image/93ae83fbc3f/4d90453882a0f2e50dbc0/big_1544622036_Mashup.png","small_image_url":"https://coub-anubis-a.akamaized.net/coub_storage/category/cw_image/93ae83fbc3f/4d90453882a0f2e50dbc0/small_1544622036_Mashup.png","med_image_url":"https://coub-anubis-a.akamaized.net/coub_storage/category/cw_image/93ae83fbc3f/4d90453882a0f2e50dbc0/med_1544622036_Mashup.png","visible":true}],"communities":[{"id":37,"title":"Mashup","permalink":"mashup","subscriptions_count":10075240,"big_image_url":"https://coub-anubis-a.akamaized.net/coub_storage/category/cw_image/93ae83fbc3f/4d90453882a0f2e50dbc0/big_1544622036_Mashup.png","small_image_url":"https://coub-anubis-a.akamaized.net/coub_storage/category/cw_image/93ae83fbc3f/4d90453882a0f2e50dbc0/small_1544622036_Mashup.png","med_image_url":"https://coub-anubis-a.akamaized.net/coub_storage/category/cw_image/93ae83fbc3f/4d90453882a0f2e50dbc0/med_1544622036_Mashup.png","i_subscribed":true,"community_notifications_enabled":null,"description":null}],"recoubs_count":683,"remixes_count":11,"likes_count":3727,"dislikes_count":0,"raw_video_id":"","uploaded_by_ios_app":false,"uploaded_by_android_app":false,"media_blocks":{"uploaded_raw_videos":[],"external_raw_videos":[],"remixed_from_coubs":[]},"raw_video_thumbnail_url":"","raw_video_title":"","video_block_banned":false,"duration":10.04,"promo_winner":true,"promo_winner_recoubers":[[3955030,"imediahubcoub"]],"editorial_info":{},"promo_hint":null,"beeline_best_2014":null,"from_web_editor":true,"normalize_sound":false,"normalize_change_allowed":true,"best2015_addable":false,"ahmad_promo":null,"promo_data":null,"audio_copyright_claim":null,"ads_disabled":false,"is_safe_for_ads":true,"megafon_contents":[],"position_on_page":5},{"flag":null,"abuses":null,"recoubs_by_users_channels":null,"favourite":false,"promoted_id":null,"recoub":null,"like":null,"dislike":null,"reaction":null,"in_my_best2015":false,"id":84596428,"type":"Coub::Simple","permalink":"1dyk6o","title":"Barney the Predator Friday Night","visibility_type":"public","original_visibility_type":"public","channel_id":1584857,"created_at":"2018-09-07T18:17:02Z","updated_at":"2022-03-11T05:11:01Z","is_done":true,"views_count":287079,"cotd":null,"cotd_at":null,"visible_on_explore_root":true,"visible_on_explore":true,"featured":true,"published":true,"published_at":"2018-09-07T18:27:09Z","reversed":false,"from_editor_v2":true,"is_editable":true,"original_sound":false,"has_sound":false,"recoub_to":null,"file_versions":{"html5":{"video":{"higher":{"url":"https://coub-anubis-a.akamaized.net/coub_storage/coub/simple/cw_file/0b230abd2b1/8af57163c9a94c757e45a/muted_mp4_huge_size_1573761475_muted_huge.mp4","size":3292044},"high":{"url":"https://coub-anubis-a.akamaized.net/coub_storage/coub/simple/cw_file/0b230abd2b1/8af57163c9a94c757e45a/muted_mp4_big_size_1573761475_muted_big.mp4","size":2185388},"med":{"url":"https://coub-anubis-a.akamaized.net/coub_storage/coub/simple/cw_file/0b230abd2b1/8af57163c9a94c757e45a/muted_mp4_med_size_1573761475_muted_med.mp4","size":592050}},"audio":{"high":{"url":"https://coub-anubis-a.akamaized.net/coub_storage/coub/simple/cw_looped_audio_high/6c10560e173/a669f03a7c0a517f0c179/1605609994_high_1536344562_high.mp3","size":1183084},"med":{"url":"https://coub-anubis-a.akamaized.net/coub_storage/coub/simple/cw_looped_audio_med/d30ff1f5438/ff70e8b8eadb93b1cd112/1605609992_med_1536344562_med.mp3","size":947007}}},"mobile":{"video":"https://coub-anubis-a.akamaized.net/coub_storage/coub/simple/cw_file/0b230abd2b1/8af57163c9a94c757e45a/muted_mp4_med_size_1573761475_muted_med.mp4","audio":["https://coub-anubis-a.akamaized.net/coub_storage/coub/simple/cw_looped_audio_med/d30ff1f5438/ff70e8b8eadb93b1cd112/1605609992_med_1536344562_med.mp3"]},"share":{"default":"https://coub-anubis-a.akamaized.net/coub_storage/coub/simple/cw_video_for_sharing/f2d993b1559/605a7e300613e1e4077c3/1614158172_looped_1614158171.mp4"}},"audio_versions":{"template":"https://coub-anubis-a.akamaized.net/coub_storage/audio_track/cw_normalized_copy/e5a0505d885/4d014953a0a6b3a156ed3/mid_1536344560_1dgs8jl_normalized_1534188103_audio.mp3","versions":["mid","low"]},"image_versions":{"template":"https://coub-anubis-a.akamaized.net/coub_storage/coub/simple/cw_image/42bdfb1d989/2e86c737415e9c9683e59/1536344569_00032.jpg","versions":["micro","tiny","age_restricted","ios_large","ios_mosaic","big","med","small","pinterest"]},"first_frame_versions":{"template":"https://coub-anubis-a.akamaized.net/coub_storage/coub/simple/cw_timeline_pic/abb35fb6592/e06c1ad40cd03496014c2/%{version}_1536344568_image.jpg","versions":["big","med","small","ios_large"]},"dimensions":{"big":[1280,802],"med":[640,400]},"site_w_h":[640,401],"page_w_h":[640,401],"site_w_h_small":[310,194],"size":[1280,802],"age_restricted":false,"age_restricted_by_admin":false,"not_safe_for_work":false,"allow_reuse":false,"dont_crop":false,"banned":false,"global_safe":true,"audio_file_url":"https://coub-anubis-a.akamaized.net/coub_storage/audio_track/cw_normalized_copy/e5a0505d885/4d014953a0a6b3a156ed3/low_1536344560_1dgs8jl_normalized_1534188103_audio.mp3","external_download":{"type":"Youtube","service_name":"YouTube","url":"http://www.youtube.com/watch?v=WaG1KZqrLvM","has_embed":true},"application":null,"channel":{"id":1584857,"permalink":"chicago-tv","title":"Chicago TV","description":"Vive la Résistance!","followers_count":9360,"following_count":4957,"avatar_versions":{"template":"https://coub-anubis-a.akamaized.net/coub_storage/channel/cw_avatar/68f93df83ff/8fe0e475ecb0dc7951674/%{version}_1607423974_tjgaiu_1502733614_dr-evil_800.jpg","versions":["medium","medium_2x","profile_pic","profile_pic_new","profile_pic_new_2x","tiny","tiny_2x","small","small_2x","ios_large","ios_small"]}},"file":null,"picture":"https://coub-anubis-a.akamaized.net/coub_storage/coub/simple/cw_image/42bdfb1d989/2e86c737415e9c9683e59/1536344569_00032.jpg","timeline_picture":"https://coub-anubis-a.akamaized.net/coub_storage/coub/simple/cw_timeline_pic/abb35fb6592/e06c1ad40cd03496014c2/ios_large_1536344568_image.jpg","small_picture":"https://coub-anubis-a.akamaized.net/coub_storage/coub/simple/cw_image/42bdfb1d989/2e86c737415e9c9683e59/1536344569_00032.jpg","sharing_picture":null,"percent_done":100,"tags":[{"id":5316,"title":"trailer","value":"trailer"},{"id":349525,"title":"the predator","value":"the%20predator"},{"id":731531,"title":"boyd holbrook","value":"boyd%20holbrook"},{"id":1298904,"title":"jacob tremblay","value":"jacob%20tremblay"},{"id":98663,"title":"olivia munn","value":"olivia%20munn"},{"id":3716079,"title":"sterling k. brown","value":"sterling%20k.%20brown"},{"id":60789,"title":"alfie allen","value":"alfie%20allen"},{"id":97962,"title":"thomas jane","value":"thomas%20jane"},{"id":1142905,"title":"jake busey","value":"jake%20busey"},{"id":209372,"title":"shane black","value":"shane%20black"},{"id":1109,"title":"predator","value":"predator"},{"id":3958704,"title":"the predator movie","value":"the%20predator%20movie"},{"id":133280,"title":"predators","value":"predators"},{"id":3958706,"title":"the predator trailer","value":"the%20predator%20trailer"},{"id":3958707,"title":"new predator movie","value":"new%20predator%20movie"},{"id":3958709,"title":"the predator 2018","value":"the%20predator%202018"},{"id":3411467,"title":"predator 2018","value":"predator%202018"},{"id":13863,"title":"new trailer","value":"new%20trailer"},{"id":3958708,"title":"new predator trailer","value":"new%20predator%20trailer"},{"id":4267308,"title":"хищник2018","value":"%D1%85%D0%B8%D1%89%D0%BD%D0%B8%D0%BA2018"}],"categories":[{"id":37,"title":"Mashup","permalink":"mashup","subscriptions_count":10075240,"big_image_url":"https://coub-anubis-a.akamaized.net/coub_storage/category/cw_image/93ae83fbc3f/4d90453882a0f2e50dbc0/big_1544622036_Mashup.png","small_image_url":"https://coub-anubis-a.akamaized.net/coub_storage/category/cw_image/93ae83fbc3f/4d90453882a0f2e50dbc0/small_1544622036_Mashup.png","med_image_url":"https://coub-anubis-a.akamaized.net/coub_storage/category/cw_image/93ae83fbc3f/4d90453882a0f2e50dbc0/med_1544622036_Mashup.png","visible":true}],"communities":[{"id":37,"title":"Mashup","permalink":"mashup","subscriptions_count":10075240,"big_image_url":"https://coub-anubis-a.akamaized.net/coub_storage/category/cw_image/93ae83fbc3f/4d90453882a0f2e50dbc0/big_1544622036_Mashup.png","small_image_url":"https://coub-anubis-a.akamaized.net/coub_storage/category/cw_image/93ae83fbc3f/4d90453882a0f2e50dbc0/small_1544622036_Mashup.png","med_image_url":"https://coub-anubis-a.akamaized.net/coub_storage/category/cw_image/93ae83fbc3f/4d90453882a0f2e50dbc0/med_1544622036_Mashup.png","i_subscribed":true,"community_notifications_enabled":null,"description":null}],"recoubs_count":583,"remixes_count":0,"likes_count":3724,"dislikes_count":0,"raw_video_id":11950436,"uploaded_by_ios_app":false,"uploaded_by_android_app":false,"media_blocks":{"uploaded_raw_videos":[],"external_raw_videos":[{"id":27052086,"title":"The Predator | Official Trailer [HD] | 20th Century FOX","url":"https://www.youtube.com/watch?v=WaG1KZqrLvM","image":"https://coub-anubis-a.akamaized.net/coub_storage/media_block/cw_image/8b8792287cf/b76464f59fabeb507475a/1530024715_1530024697_i66gui_att-url-download.jpg","image_retina":"https://coub-anubis-a.akamaized.net/coub_storage/media_block/cw_image/8b8792287cf/b76464f59fabeb507475a/1530024715_1530024697_i66gui_att-url-download.jpg","meta":{"service":"Youtube","duration":"149.28"},"duration":149.28,"raw_video_id":11950436,"has_embed":true}],"remixed_from_coubs":[],"external_video":{"id":27052086,"title":"The Predator | Official Trailer [HD] | 20th Century FOX","url":"https://www.youtube.com/watch?v=WaG1KZqrLvM","image":"https://coub-anubis-a.akamaized.net/coub_storage/media_block/cw_image/8b8792287cf/b76464f59fabeb507475a/1530024715_1530024697_i66gui_att-url-download.jpg","image_retina":"https://coub-anubis-a.akamaized.net/coub_storage/media_block/cw_image/8b8792287cf/b76464f59fabeb507475a/1530024715_1530024697_i66gui_att-url-download.jpg","meta":{"service":"Youtube","duration":"149.28"},"duration":149.28,"raw_video_id":11950436,"has_embed":true}},"raw_video_thumbnail_url":"/missing/missing.png","raw_video_title":"The Predator | Official Trailer [HD] | 20th Century FOX","video_block_banned":false,"duration":9.96,"promo_winner":false,"promo_winner_recoubers":null,"editorial_info":{},"promo_hint":null,"beeline_best_2014":null,"from_web_editor":true,"normalize_sound":true,"normalize_change_allowed":true,"best2015_addable":false,"ahmad_promo":null,"promo_data":null,"audio_copyright_claim":null,"ads_disabled":false,"is_safe_for_ads":true,"megafon_contents":[],"position_on_page":6},{"flag":null,"abuses":null,"recoubs_by_users_channels":null,"favourite":false,"promoted_id":null,"recoub":null,"like":null,"dislike":null,"reaction":null,"in_my_best2015":false,"id":47277988,"type":"Coub::Simple","permalink":"rp6ty","title":"It`s Free Real Estate","visibility_type":"public","original_visibility_type":"public","channel_id":34013,"created_at":"2017-02-06T03:40:20Z","updated_at":"2022-03-10T19:06:57Z","is_done":true,"views_count":336664,"cotd":null,"cotd_at":null,"visible_on_explore_root":true,"visible_on_explore":true,"featured":true,"published":true,"published_at":"2017-02-06T03:40:20Z","reversed":false,"from_editor_v2":true,"is_editable":true,"original_sound":true,"has_sound":true,"recoub_to":null,"file_versions":{"html5":{"video":{"higher":{"url":"https://coub-anubis-a.akamaized.net/coub_storage/coub/simple/cw_file/c6ee4c0afc1/bed516ed78ebada2d9913/muted_mp4_huge_size_1568087640_muted_huge.mp4","size":1422195},"high":{"url":"https://coub-anubis-a.akamaized.net/coub_storage/coub/simple/cw_file/c6ee4c0afc1/bed516ed78ebada2d9913/muted_mp4_big_size_1568087640_muted_big.mp4","size":1009329},"med":{"url":"https://coub-anubis-a.akamaized.net/coub_storage/coub/simple/cw_file/c6ee4c0afc1/bed516ed78ebada2d9913/muted_mp4_med_size_1568087640_muted_med.mp4","size":279634}},"audio":{"high":{"url":"https://coub-anubis-a.akamaized.net/coub_storage/coub/simple/cw_looped_audio_high/b7dcf50d834/99e57ad8825941ade773a/1605580204_high_1486352428_high.mp3","size":1408842},"med":{"url":"https://coub-anubis-a.akamaized.net/coub_storage/coub/simple/cw_looped_audio_med/06897a8eaca/b4ae764898c483d10836c/1605580204_med_1486352428_med.mp3","size":1221234},"sample_duration":6.269}},"mobile":{"video":"https://coub-anubis-a.akamaized.net/coub_storage/coub/simple/cw_file/c6ee4c0afc1/bed516ed78ebada2d9913/muted_mp4_med_size_1568087640_muted_med.mp4","audio":["https://coub-anubis-a.akamaized.net/coub_storage/coub/simple/cw_looped_audio_med/06897a8eaca/b4ae764898c483d10836c/1605580204_med_1486352428_med.mp3"]},"share":{"default":"https://coub-anubis-a.akamaized.net/coub_storage/coub/simple/cw_video_for_sharing/0af15008a77/b8b690098c4bf13e7c4b4/1609692712_looped_1609692712.mp4"}},"audio_versions":{},"image_versions":{"template":"https://coub-anubis-a.akamaized.net/coub_storage/coub/simple/cw_image/b338351cb9f/a053c0243ea74ceacd54f/1486352433_00020.jpg","versions":["micro","tiny","age_restricted","ios_large","ios_mosaic","big","med","small","pinterest"]},"first_frame_versions":{"template":"https://coub-anubis-a.akamaized.net/coub_storage/coub/simple/cw_timeline_pic/2ebbd8db9f6/dd98ebf23453bc745b6f8/%{version}_1486352432_image.jpg","versions":["big","med","small","ios_large"]},"dimensions":{"big":[1280,720],"med":[640,360]},"site_w_h":[640,360],"page_w_h":[640,360],"site_w_h_small":[310,174],"size":[1280,720],"age_restricted":false,"age_restricted_by_admin":false,"not_safe_for_work":false,"allow_reuse":false,"dont_crop":false,"banned":false,"global_safe":true,"audio_file_url":null,"external_download":{"type":"Tumblr","service_name":"Tumblr","url":"http://kisama-san.tumblr.com/post/156136497504","has_embed":false},"application":null,"channel":{"id":34013,"permalink":"eleprimer","title":"Light Tuesday ","description":"In Source We Trust #eleprimer","followers_count":47143,"following_count":309,"avatar_versions":{"template":"https://coub-anubis-a.akamaized.net/coub_storage/channel/cw_avatar/6935064c7dc/619c13567459f10bfe258/%{version}_1598751147_ghh.jpg","versions":["medium","medium_2x","profile_pic","profile_pic_new","profile_pic_new_2x","tiny","tiny_2x","small","small_2x","ios_large","ios_small"]}},"file":null,"picture":"https://coub-anubis-a.akamaized.net/coub_storage/coub/simple/cw_image/b338351cb9f/a053c0243ea74ceacd54f/1486352433_00020.jpg","timeline_picture":"https://coub-anubis-a.akamaized.net/coub_storage/coub/simple/cw_timeline_pic/2ebbd8db9f6/dd98ebf23453bc745b6f8/ios_large_1486352432_image.jpg","small_picture":"https://coub-anubis-a.akamaized.net/coub_storage/coub/simple/cw_image/b338351cb9f/a053c0243ea74ceacd54f/1486352433_00020.jpg","sharing_picture":null,"percent_done":100,"tags":[{"id":3081,"title":"free","value":"free"},{"id":8946,"title":"slow","value":"slow"},{"id":3515,"title":"nice","value":"nice"},{"id":2069,"title":"microphone","value":"microphone"},{"id":79095,"title":"shape","value":"shape"},{"id":5740,"title":"dream","value":"dream"},{"id":1071,"title":"cool","value":"cool"},{"id":50,"title":"coub","value":"coub"},{"id":3874,"title":"hey","value":"hey"},{"id":1133540,"title":"eleprimer","value":"eleprimer"},{"id":421,"title":"gif","value":"gif"},{"id":170,"title":"lol","value":"lol"},{"id":192569,"title":"mashups","value":"mashups"},{"id":1253,"title":"wtf","value":"wtf"},{"id":64635,"title":"estate","value":"estate"},{"id":11329,"title":"real","value":"real"}],"categories":[{"id":37,"title":"Mashup","permalink":"mashup","subscriptions_count":10075240,"big_image_url":"https://coub-anubis-a.akamaized.net/coub_storage/category/cw_image/93ae83fbc3f/4d90453882a0f2e50dbc0/big_1544622036_Mashup.png","small_image_url":"https://coub-anubis-a.akamaized.net/coub_storage/category/cw_image/93ae83fbc3f/4d90453882a0f2e50dbc0/small_1544622036_Mashup.png","med_image_url":"https://coub-anubis-a.akamaized.net/coub_storage/category/cw_image/93ae83fbc3f/4d90453882a0f2e50dbc0/med_1544622036_Mashup.png","visible":true}],"communities":[{"id":37,"title":"Mashup","permalink":"mashup","subscriptions_count":10075240,"big_image_url":"https://coub-anubis-a.akamaized.net/coub_storage/category/cw_image/93ae83fbc3f/4d90453882a0f2e50dbc0/big_1544622036_Mashup.png","small_image_url":"https://coub-anubis-a.akamaized.net/coub_storage/category/cw_image/93ae83fbc3f/4d90453882a0f2e50dbc0/small_1544622036_Mashup.png","med_image_url":"https://coub-anubis-a.akamaized.net/coub_storage/category/cw_image/93ae83fbc3f/4d90453882a0f2e50dbc0/med_1544622036_Mashup.png","i_subscribed":true,"community_notifications_enabled":null,"description":null}],"recoubs_count":712,"remixes_count":9,"likes_count":3723,"dislikes_count":0,"raw_video_id":9054557,"uploaded_by_ios_app":false,"uploaded_by_android_app":false,"media_blocks":{"uploaded_raw_videos":[],"external_raw_videos":[{"id":13164634,"title":"","url":"http://kisama-san.tumblr.com/post/156136497504","image":"https://coub-anubis-a.akamaized.net/coub_storage/media_block/cw_image/67c6b6d856f/c794a091ec56d47307fd0/1489455591_1486352121_image.jpg","image_retina":"https://coub-anubis-a.akamaized.net/coub_storage/media_block/cw_image/67c6b6d856f/c794a091ec56d47307fd0/1489455591_1486352121_image.jpg","meta":{"service":"Tumblr","duration":"8.125"},"duration":8.125,"raw_video_id":9054557,"has_embed":false}],"remixed_from_coubs":[],"external_video":{"id":13164634,"title":"","url":"http://kisama-san.tumblr.com/post/156136497504","image":"https://coub-anubis-a.akamaized.net/coub_storage/media_block/cw_image/67c6b6d856f/c794a091ec56d47307fd0/1489455591_1486352121_image.jpg","image_retina":"https://coub-anubis-a.akamaized.net/coub_storage/media_block/cw_image/67c6b6d856f/c794a091ec56d47307fd0/1489455591_1486352121_image.jpg","meta":{"service":"Tumblr","duration":"8.125"},"duration":8.125,"raw_video_id":9054557,"has_embed":false}},"raw_video_thumbnail_url":"/missing/missing.png","raw_video_title":"","video_block_banned":false,"duration":6.24,"promo_winner":false,"promo_winner_recoubers":null,"editorial_info":{},"promo_hint":null,"beeline_best_2014":null,"from_web_editor":true,"normalize_sound":true,"normalize_change_allowed":true,"best2015_addable":false,"ahmad_promo":null,"promo_data":null,"audio_copyright_claim":null,"ads_disabled":null,"is_safe_for_ads":true,"megafon_contents":[],"position_on_page":7},{"flag":null,"abuses":null,"recoubs_by_users_channels":null,"favourite":false,"promoted_id":null,"recoub":null,"like":null,"dislike":null,"reaction":null,"in_my_best2015":false,"id":180517889,"type":"Coub::Simple","permalink":"2z4nf6","title":"Future 2022","visibility_type":"public","original_visibility_type":"public","channel_id":294438,"created_at":"2021-12-24T15:39:40Z","updated_at":"2022-03-16T09:40:58Z","is_done":true,"views_count":662508,"cotd":true,"cotd_at":"2021-12-25","visible_on_explore_root":true,"visible_on_explore":true,"featured":true,"published":true,"published_at":"2021-12-24T15:39:40Z","reversed":false,"from_editor_v2":true,"is_editable":true,"original_sound":false,"has_sound":false,"recoub_to":null,"file_versions":{"html5":{"video":{"higher":{"url":"https://coub-anubis-a.akamaized.net/coub_storage/coub/simple/cw_file/4957ed10600/f94930e5dda60d9e7c53e/muted_mp4_huge_size_1640360403_muted_huge.mp4","size":7444385},"high":{"url":"https://coub-anubis-a.akamaized.net/coub_storage/coub/simple/cw_file/4957ed10600/f94930e5dda60d9e7c53e/muted_mp4_big_size_1640360403_muted_big.mp4","size":5231976},"med":{"url":"https://coub-anubis-a.akamaized.net/coub_storage/coub/simple/cw_file/4957ed10600/f94930e5dda60d9e7c53e/muted_mp4_med_size_1640360403_muted_med.mp4","size":1589415}},"audio":{"high":{"url":"https://coub-anubis-a.akamaized.net/coub_storage/coub/simple/cw_looped_audio_high/d8a4e7cd83f/b1e9bce258dd01df4d6e9/1640360445_mp3-high.mp3","size":4650446},"med":{"url":"https://coub-anubis-a.akamaized.net/coub_storage/coub/simple/cw_looped_audio_med/e9954ee2d44/09e5a9382922618ec4609/1640360442_mp3-med.mp3","size":3192969}}},"mobile":{"video":"https://coub-anubis-a.akamaized.net/coub_storage/coub/simple/cw_file/4957ed10600/f94930e5dda60d9e7c53e/muted_mp4_med_size_1640360403_muted_med.mp4","audio":["https://coub-anubis-a.akamaized.net/coub_storage/coub/simple/cw_looped_audio_med/e9954ee2d44/09e5a9382922618ec4609/1640360442_mp3-med.mp3"]},"share":{"default":"https://coub-anubis-a.akamaized.net/coub_storage/coub/simple/cw_video_for_sharing/f3120322999/bb5c738b88a67906a8d3d/1640360483_looped_1640360482.mp4"}},"audio_versions":{"template":"https://coub-anubis-a.akamaized.net/coub_storage/audio_track/cw_normalized_copy/d324d038d0c/91673264b72cfb61bd7d6/mid_1640360428_normalized_1640360409_1g47cfe_edited.mp3","versions":["mid","low"]},"image_versions":{"template":"https://coub-anubis-a.akamaized.net/coub_storage/coub/simple/cw_image/dadb5d0aefb/d1a2ddd226d9e8403b2e6/%{version}_1640360453_00032.jpg","versions":["micro","tiny","age_restricted","ios_large","ios_mosaic","big","med","small","pinterest"]},"first_frame_versions":{"template":"https://coub-anubis-a.akamaized.net/coub_storage/coub/simple/cw_timeline_pic/ef6b0baaa59/982267ae31aaf13e05943/%{version}_1640360452_image.jpg","versions":["big","med","small","ios_large"]},"dimensions":{"big":[1280,720],"med":[640,360]},"site_w_h":[640,360],"page_w_h":[640,360],"site_w_h_small":[310,174],"size":[1280,720],"age_restricted":false,"age_restricted_by_admin":false,"not_safe_for_work":false,"allow_reuse":false,"dont_crop":true,"banned":false,"global_safe":true,"audio_file_url":"https://coub-anubis-a.akamaized.net/coub_storage/audio_track/cw_normalized_copy/d324d038d0c/91673264b72cfb61bd7d6/low_1640360428_normalized_1640360409_1g47cfe_edited.mp3","external_download":false,"application":null,"channel":{"id":294438,"permalink":"evgentuz82","title":"ᴇᴠɢᴇɴᴛᴜᴢ 82","description":"телеграм t.me/Evgentuz82","followers_count":8400,"following_count":1982,"avatar_versions":{"template":"https://coub-anubis-a.akamaized.net/coub_storage/channel/cw_avatar/b17f57c0af4/6445724dcb831e6e1f74e/%{version}_1620624944_VfwMRHPVz1M.jpg","versions":["medium","medium_2x","profile_pic","profile_pic_new","profile_pic_new_2x","tiny","tiny_2x","small","small_2x","ios_large","ios_small"]}},"file":null,"picture":"https://coub-anubis-a.akamaized.net/coub_storage/coub/simple/cw_image/dadb5d0aefb/d1a2ddd226d9e8403b2e6/med_1640360453_00032.jpg","timeline_picture":"https://coub-anubis-a.akamaized.net/coub_storage/coub/simple/cw_timeline_pic/ef6b0baaa59/982267ae31aaf13e05943/ios_large_1640360452_image.jpg","small_picture":"https://coub-anubis-a.akamaized.net/coub_storage/coub/simple/cw_image/dadb5d0aefb/d1a2ddd226d9e8403b2e6/ios_mosaic_1640360453_00032.jpg","sharing_picture":null,"percent_done":100,"tags":[{"id":2672,"title":"terminator 2","value":"terminator%202"},{"id":1468,"title":"terminator","value":"terminator"},{"id":243574,"title":"терминатор 2","value":"%D1%82%D0%B5%D1%80%D0%BC%D0%B8%D0%BD%D0%B0%D1%82%D0%BE%D1%80%202"},{"id":3793,"title":"терминатор","value":"%D1%82%D0%B5%D1%80%D0%BC%D0%B8%D0%BD%D0%B0%D1%82%D0%BE%D1%80"},{"id":1728427,"title":"terminator 2 judgment day","value":"terminator%202%20judgment%20day"},{"id":1055241,"title":"терминатор 2 судный день","value":"%D1%82%D0%B5%D1%80%D0%BC%D0%B8%D0%BD%D0%B0%D1%82%D0%BE%D1%80%202%20%D1%81%D1%83%D0%B4%D0%BD%D1%8B%D0%B9%20%D0%B4%D0%B5%D0%BD%D1%8C"},{"id":3759,"title":"arnold schwarzenegger","value":"arnold%20schwarzenegger"},{"id":8886,"title":"арнольд шварценеггер","value":"%D0%B0%D1%80%D0%BD%D0%BE%D0%BB%D1%8C%D0%B4%20%D1%88%D0%B2%D0%B0%D1%80%D1%86%D0%B5%D0%BD%D0%B5%D0%B3%D0%B3%D0%B5%D1%80"},{"id":91342,"title":"kindergarten cop","value":"kindergarten%20cop"},{"id":886274,"title":"детсадовский полицейский","value":"%D0%B4%D0%B5%D1%82%D1%81%D0%B0%D0%B4%D0%BE%D0%B2%D1%81%D0%BA%D0%B8%D0%B9%20%D0%BF%D0%BE%D0%BB%D0%B8%D1%86%D0%B5%D0%B9%D1%81%D0%BA%D0%B8%D0%B9"},{"id":19782,"title":"linda hamilton","value":"linda%20hamilton"},{"id":513063,"title":"линда хэмилтон","value":"%D0%BB%D0%B8%D0%BD%D0%B4%D0%B0%20%D1%85%D1%8D%D0%BC%D0%B8%D0%BB%D1%82%D0%BE%D0%BD"},{"id":679,"title":"pink floyd","value":"pink%20floyd"}],"categories":[{"id":37,"title":"Mashup","permalink":"mashup","subscriptions_count":10075240,"big_image_url":"https://coub-anubis-a.akamaized.net/coub_storage/category/cw_image/93ae83fbc3f/4d90453882a0f2e50dbc0/big_1544622036_Mashup.png","small_image_url":"https://coub-anubis-a.akamaized.net/coub_storage/category/cw_image/93ae83fbc3f/4d90453882a0f2e50dbc0/small_1544622036_Mashup.png","med_image_url":"https://coub-anubis-a.akamaized.net/coub_storage/category/cw_image/93ae83fbc3f/4d90453882a0f2e50dbc0/med_1544622036_Mashup.png","visible":true}],"communities":[{"id":37,"title":"Mashup","permalink":"mashup","subscriptions_count":10075240,"big_image_url":"https://coub-anubis-a.akamaized.net/coub_storage/category/cw_image/93ae83fbc3f/4d90453882a0f2e50dbc0/big_1544622036_Mashup.png","small_image_url":"https://coub-anubis-a.akamaized.net/coub_storage/category/cw_image/93ae83fbc3f/4d90453882a0f2e50dbc0/small_1544622036_Mashup.png","med_image_url":"https://coub-anubis-a.akamaized.net/coub_storage/category/cw_image/93ae83fbc3f/4d90453882a0f2e50dbc0/med_1544622036_Mashup.png","i_subscribed":true,"community_notifications_enabled":null,"description":null}],"recoubs_count":566,"remixes_count":0,"likes_count":3722,"dislikes_count":0,"raw_video_id":17014840,"uploaded_by_ios_app":false,"uploaded_by_android_app":false,"media_blocks":{"uploaded_raw_videos":[],"external_raw_videos":[],"remixed_from_coubs":[]},"raw_video_thumbnail_url":"https://coub-anubis-a.akamaized.net/coub_storage/raw_video/cw_image/1a5f81e54de/05adf4a24f198adb9cc17/coub_media_1640359317_image.jpg","raw_video_title":"7772_.mp4","video_block_banned":false,"duration":10.0,"promo_winner":false,"promo_winner_recoubers":null,"editorial_info":{},"promo_hint":null,"beeline_best_2014":null,"from_web_editor":true,"normalize_sound":true,"normalize_change_allowed":true,"best2015_addable":false,"ahmad_promo":null,"promo_data":null,"audio_copyright_claim":null,"ads_disabled":false,"is_safe_for_ads":true,"megafon_contents":[],"position_on_page":8},{"flag":null,"abuses":null,"recoubs_by_users_channels":null,"favourite":false,"promoted_id":null,"recoub":null,"like":null,"dislike":null,"reaction":null,"in_my_best2015":false,"id":101423138,"type":"Coub::Simple","permalink":"1nz7v8","title":"sector clear","visibility_type":"public","original_visibility_type":"public","channel_id":194154,"created_at":"2019-02-10T16:56:59Z","updated_at":"2022-03-16T00:52:01Z","is_done":true,"views_count":233919,"cotd":null,"cotd_at":null,"visible_on_explore_root":true,"visible_on_explore":true,"featured":true,"published":true,"published_at":"2019-02-10T17:42:00Z","reversed":false,"from_editor_v2":true,"is_editable":true,"original_sound":false,"has_sound":false,"recoub_to":null,"file_versions":{"html5":{"video":{"higher":{"url":"https://coub-anubis-a.akamaized.net/coub_storage/coub/simple/cw_file/a50b6fe52d6/ab7ede8684732a3a6654c/muted_mp4_huge_size_1569179109_muted_huge.mp4","size":3938949},"high":{"url":"https://coub-anubis-a.akamaized.net/coub_storage/coub/simple/cw_file/a50b6fe52d6/ab7ede8684732a3a6654c/muted_mp4_big_size_1569179109_muted_big.mp4","size":2909428},"med":{"url":"https://coub-anubis-a.akamaized.net/coub_storage/coub/simple/cw_file/a50b6fe52d6/ab7ede8684732a3a6654c/muted_mp4_med_size_1569179109_muted_med.mp4","size":901345}},"audio":{"high":{"url":"https://coub-anubis-a.akamaized.net/coub_storage/coub/simple/cw_looped_audio_high/5fe950094d9/8f2b50b55eff804e6aacd/1605671789_high_1549819170_high.mp3","size":4194206},"med":{"url":"https://coub-anubis-a.akamaized.net/coub_storage/coub/simple/cw_looped_audio_med/2aefd2c8c6d/a8485e67931d6cd9f8eba/1605671789_med_1549819170_med.mp3","size":2859995}}},"mobile":{"video":"https://coub-anubis-a.akamaized.net/coub_storage/coub/simple/cw_file/a50b6fe52d6/ab7ede8684732a3a6654c/muted_mp4_med_size_1569179109_muted_med.mp4","audio":["https://coub-anubis-a.akamaized.net/coub_storage/coub/simple/cw_looped_audio_med/2aefd2c8c6d/a8485e67931d6cd9f8eba/1605671789_med_1549819170_med.mp3"]},"share":{"default":"https://coub-anubis-a.akamaized.net/coub_storage/coub/simple/cw_video_for_sharing/3df76297a09/7695a02e3696526ef2c44/1609192017_looped_1609192017.mp4"}},"audio_versions":{"template":"https://coub-anubis-a.akamaized.net/coub_storage/audio_track/cw_file/f37867f61f9/20239ce9258192d81ca4f/mid_1549819137_1x6ma15_edited.mp3","versions":["mid","low"]},"image_versions":{"template":"https://coub-anubis-a.akamaized.net/coub_storage/coub/simple/cw_image/8793f17accf/c65371c7f8664a576c172/1549819190_00028.jpg","versions":["micro","tiny","age_restricted","ios_large","ios_mosaic","big","med","small","pinterest"]},"first_frame_versions":{"template":"https://coub-anubis-a.akamaized.net/coub_storage/coub/simple/cw_timeline_pic/45d0393ac17/2cd9e28b143af7ce64c8c/%{version}_1549819189_image.jpg","versions":["big","med","small","ios_large"]},"dimensions":{"big":[1280,540],"med":[640,270]},"site_w_h":[640,270],"page_w_h":[640,270],"site_w_h_small":[310,131],"size":[1280,540],"age_restricted":false,"age_restricted_by_admin":false,"not_safe_for_work":false,"allow_reuse":false,"dont_crop":false,"banned":false,"global_safe":true,"audio_file_url":"https://coub-anubis-a.akamaized.net/coub_storage/audio_track/cw_file/f37867f61f9/20239ce9258192d81ca4f/low_1549819137_1x6ma15_edited.mp3","external_download":false,"application":null,"channel":{"id":194154,"permalink":"ex3m4xh8","title":"4x h8","description":null,"followers_count":31262,"following_count":0,"avatar_versions":{"template":"https://coub-anubis-a.akamaized.net/coub_storage/channel/cw_avatar/30c9a170620/4a3a7e0d84cccb142397e/%{version}_1619708201_v-drawing-for-vendetta-11.png","versions":["medium","medium_2x","profile_pic","profile_pic_new","profile_pic_new_2x","tiny","tiny_2x","small","small_2x","ios_large","ios_small"]}},"file":null,"picture":"https://coub-anubis-a.akamaized.net/coub_storage/coub/simple/cw_image/8793f17accf/c65371c7f8664a576c172/1549819190_00028.jpg","timeline_picture":"https://coub-anubis-a.akamaized.net/coub_storage/coub/simple/cw_timeline_pic/45d0393ac17/2cd9e28b143af7ce64c8c/ios_large_1549819189_image.jpg","small_picture":"https://coub-anubis-a.akamaized.net/coub_storage/coub/simple/cw_image/8793f17accf/c65371c7f8664a576c172/1549819190_00028.jpg","sharing_picture":null,"percent_done":100,"tags":[{"id":1456181,"title":"neo fresco","value":"neo%20fresco"},{"id":7168,"title":"polar","value":"polar"},{"id":25918,"title":"transporter","value":"transporter"}],"categories":[{"id":37,"title":"Mashup","permalink":"mashup","subscriptions_count":10075240,"big_image_url":"https://coub-anubis-a.akamaized.net/coub_storage/category/cw_image/93ae83fbc3f/4d90453882a0f2e50dbc0/big_1544622036_Mashup.png","small_image_url":"https://coub-anubis-a.akamaized.net/coub_storage/category/cw_image/93ae83fbc3f/4d90453882a0f2e50dbc0/small_1544622036_Mashup.png","med_image_url":"https://coub-anubis-a.akamaized.net/coub_storage/category/cw_image/93ae83fbc3f/4d90453882a0f2e50dbc0/med_1544622036_Mashup.png","visible":true}],"communities":[{"id":37,"title":"Mashup","permalink":"mashup","subscriptions_count":10075240,"big_image_url":"https://coub-anubis-a.akamaized.net/coub_storage/category/cw_image/93ae83fbc3f/4d90453882a0f2e50dbc0/big_1544622036_Mashup.png","small_image_url":"https://coub-anubis-a.akamaized.net/coub_storage/category/cw_image/93ae83fbc3f/4d90453882a0f2e50dbc0/small_1544622036_Mashup.png","med_image_url":"https://coub-anubis-a.akamaized.net/coub_storage/category/cw_image/93ae83fbc3f/4d90453882a0f2e50dbc0/med_1544622036_Mashup.png","i_subscribed":true,"community_notifications_enabled":null,"description":null}],"recoubs_count":711,"remixes_count":2,"likes_count":3722,"dislikes_count":0,"raw_video_id":13194263,"uploaded_by_ios_app":false,"uploaded_by_android_app":false,"media_blocks":{"uploaded_raw_videos":[],"external_raw_videos":[],"remixed_from_coubs":[]},"raw_video_thumbnail_url":"/missing/missing.png","raw_video_title":"polar2.mp4","video_block_banned":false,"duration":8.76,"promo_winner":false,"promo_winner_recoubers":null,"editorial_info":{},"promo_hint":null,"beeline_best_2014":null,"from_web_editor":true,"normalize_sound":false,"normalize_change_allowed":true,"best2015_addable":false,"ahmad_promo":null,"promo_data":null,"audio_copyright_claim":null,"ads_disabled":false,"is_safe_for_ads":true,"megafon_contents":[],"position_on_page":9},{"flag":null,"abuses":null,"recoubs_by_users_channels":null,"favourite":false,"promoted_id":null,"recoub":null,"like":null,"dislike":null,"reaction":null,"in_my_best2015":false,"id":165854621,"type":"Coub::Simple","permalink":"2qed36","title":"To kill John Connor","visibility_type":"public","original_visibility_type":"public","channel_id":4000016,"created_at":"2021-03-24T11:01:35Z","updated_at":"2022-03-15T21:12:35Z","is_done":true,"views_count":208607,"cotd":null,"cotd_at":null,"visible_on_explore_root":true,"visible_on_explore":true,"featured":true,"published":true,"published_at":"2021-03-24T11:01:35Z","reversed":false,"from_editor_v2":true,"is_editable":true,"original_sound":false,"has_sound":false,"recoub_to":null,"file_versions":{"html5":{"video":{"higher":{"url":"https://coub-anubis-a.akamaized.net/coub_storage/coub/simple/cw_file/45c9f83b5f1/a8a456f382b5340af6caa/muted_mp4_huge_size_1616583705_muted_huge.mp4","size":2625422},"high":{"url":"https://coub-anubis-a.akamaized.net/coub_storage/coub/simple/cw_file/45c9f83b5f1/a8a456f382b5340af6caa/muted_mp4_big_size_1616583705_muted_big.mp4","size":1734987},"med":{"url":"https://coub-anubis-a.akamaized.net/coub_storage/coub/simple/cw_file/45c9f83b5f1/a8a456f382b5340af6caa/muted_mp4_med_size_1616583705_muted_med.mp4","size":513697}},"audio":{"high":{"url":"https://coub-anubis-a.akamaized.net/coub_storage/coub/simple/cw_looped_audio_high/c2e8821c217/1ef3e6f11f80b509bbd34/1616583711_mp3-high.mp3","size":898970},"med":{"url":"https://coub-anubis-a.akamaized.net/coub_storage/coub/simple/cw_looped_audio_med/1f88a84c341/a2fce533d8643694336b9/1616583710_mp3-med.mp3","size":638688}}},"mobile":{"video":"https://coub-anubis-a.akamaized.net/coub_storage/coub/simple/cw_file/45c9f83b5f1/a8a456f382b5340af6caa/muted_mp4_med_size_1616583705_muted_med.mp4","audio":["https://coub-anubis-a.akamaized.net/coub_storage/coub/simple/cw_looped_audio_med/1f88a84c341/a2fce533d8643694336b9/1616583710_mp3-med.mp3"]},"share":{"default":"https://coub-anubis-a.akamaized.net/coub_storage/coub/simple/cw_video_for_sharing/1d1c213bf7c/9acd253663e7fd02c8cc8/1616583744_looped_1616583743.mp4"}},"audio_versions":{"template":"https://coub-anubis-a.akamaized.net/coub_storage/audio_track/cw_file/eb7f4b2d395/fd3825dc4f6d749d3dcae/mid_1616583705_8cqri_edited.mp3","versions":["mid","low"]},"image_versions":{"template":"https://coub-anubis-a.akamaized.net/coub_storage/coub/simple/cw_image/61185ad1107/a492d2e70ccc1f4add8c5/%{version}_1616583716_00029.jpg","versions":["micro","tiny","age_restricted","ios_large","ios_mosaic","big","med","small","pinterest"]},"first_frame_versions":{"template":"https://coub-anubis-a.akamaized.net/coub_storage/coub/simple/cw_timeline_pic/0e48587a1a5/1293193d0bef4d769c479/%{version}_1616583715_image.jpg","versions":["big","med","small","ios_large"]},"dimensions":{"big":[1280,720],"med":[640,360]},"site_w_h":[640,360],"page_w_h":[640,360],"site_w_h_small":[310,174],"size":[1280,720],"age_restricted":false,"age_restricted_by_admin":false,"not_safe_for_work":false,"allow_reuse":false,"dont_crop":true,"banned":false,"global_safe":true,"audio_file_url":"https://coub-anubis-a.akamaized.net/coub_storage/audio_track/cw_file/eb7f4b2d395/fd3825dc4f6d749d3dcae/low_1616583705_8cqri_edited.mp3","external_download":false,"application":null,"channel":{"id":4000016,"permalink":"a.remake","title":"A remake","description":"🚫🚫🚫CLOSED🚫🚫🚫","followers_count":430,"following_count":6,"avatar_versions":{"template":"https://coub-anubis-a.akamaized.net/coub_storage/channel/cw_avatar/0cfba109bc5/a165b53d2c102b7105f3d/%{version}_1607422760_dmzehh_1514674009_Screenshot__13_.png","versions":["medium","medium_2x","profile_pic","profile_pic_new","profile_pic_new_2x","tiny","tiny_2x","small","small_2x","ios_large","ios_small"]}},"file":null,"picture":"https://coub-anubis-a.akamaized.net/coub_storage/coub/simple/cw_image/61185ad1107/a492d2e70ccc1f4add8c5/med_1616583716_00029.jpg","timeline_picture":"https://coub-anubis-a.akamaized.net/coub_storage/coub/simple/cw_timeline_pic/0e48587a1a5/1293193d0bef4d769c479/ios_large_1616583715_image.jpg","small_picture":"https://coub-anubis-a.akamaized.net/coub_storage/coub/simple/cw_image/61185ad1107/a492d2e70ccc1f4add8c5/ios_mosaic_1616583716_00029.jpg","sharing_picture":null,"percent_done":100,"tags":[{"id":192569,"title":"mashups","value":"mashups"},{"id":13897,"title":"killbill","value":"killbill"},{"id":2281348,"title":"wistle","value":"wistle"},{"id":152,"title":"run","value":"run"},{"id":4575,"title":"hospital","value":"hospital"},{"id":288361,"title":"hybrids","value":"hybrids"},{"id":2672,"title":"terminator 2","value":"terminator%202"},{"id":1468,"title":"terminator","value":"terminator"},{"id":87724,"title":"elle driver","value":"elle%20driver"},{"id":1312806,"title":"edvard ferlong","value":"edvard%20ferlong"}],"categories":[{"id":37,"title":"Mashup","permalink":"mashup","subscriptions_count":10075240,"big_image_url":"https://coub-anubis-a.akamaized.net/coub_storage/category/cw_image/93ae83fbc3f/4d90453882a0f2e50dbc0/big_1544622036_Mashup.png","small_image_url":"https://coub-anubis-a.akamaized.net/coub_storage/category/cw_image/93ae83fbc3f/4d90453882a0f2e50dbc0/small_1544622036_Mashup.png","med_image_url":"https://coub-anubis-a.akamaized.net/coub_storage/category/cw_image/93ae83fbc3f/4d90453882a0f2e50dbc0/med_1544622036_Mashup.png","visible":true}],"communities":[{"id":37,"title":"Mashup","permalink":"mashup","subscriptions_count":10075240,"big_image_url":"https://coub-anubis-a.akamaized.net/coub_storage/category/cw_image/93ae83fbc3f/4d90453882a0f2e50dbc0/big_1544622036_Mashup.png","small_image_url":"https://coub-anubis-a.akamaized.net/coub_storage/category/cw_image/93ae83fbc3f/4d90453882a0f2e50dbc0/small_1544622036_Mashup.png","med_image_url":"https://coub-anubis-a.akamaized.net/coub_storage/category/cw_image/93ae83fbc3f/4d90453882a0f2e50dbc0/med_1544622036_Mashup.png","i_subscribed":true,"community_notifications_enabled":null,"description":null}],"recoubs_count":529,"remixes_count":2,"likes_count":3720,"dislikes_count":0,"raw_video_id":"","uploaded_by_ios_app":true,"uploaded_by_android_app":false,"media_blocks":{"uploaded_raw_videos":[],"external_raw_videos":[],"remixed_from_coubs":[{"id":38456907,"title":"alternative reality","url":"https://coub.com/coubs/2qag0b/remix","image":"https://coub-anubis-a.akamaized.net/coub_storage/media_block/cw_image/d83decc5b72/231d347279b3cd6c0e742/video_1616292223_uuk7pf_1616292198_00032.jpg","image_retina":"https://coub-anubis-a.akamaized.net/coub_storage/media_block/cw_image/d83decc5b72/231d347279b3cd6c0e742/video_retina_1616292223_uuk7pf_1616292198_00032.jpg","meta":{"duration":"10.0"},"duration":null,"coub_channel_title":"Gutsy","coub_channel_permalink":"i.m.gutsy","coub_views_count":202034,"coub_permalink":"2qag0b"},{"id":25348754,"title":"Red Alert","url":"http://coub.com/coubs/14x0xe/remix","image":"https://coub-anubis-a.akamaized.net/coub_storage/media_block/cw_image/588635ca6fa/90332df3b97e804aa133a/1521159116_1521159098_00030.jpg","image_retina":"https://coub-anubis-a.akamaized.net/coub_storage/media_block/cw_image/588635ca6fa/90332df3b97e804aa133a/1521159116_1521159098_00030.jpg","meta":{"duration":"9.32"},"duration":null,"coub_channel_title":"EFFV","coub_channel_permalink":"--effv--","coub_views_count":541265,"coub_permalink":"14x0xe"}]},"raw_video_thumbnail_url":"","raw_video_title":"","video_block_banned":false,"duration":9.04,"promo_winner":false,"promo_winner_recoubers":null,"editorial_info":{},"promo_hint":null,"beeline_best_2014":null,"from_web_editor":false,"normalize_sound":false,"normalize_change_allowed":true,"best2015_addable":false,"ahmad_promo":null,"promo_data":null,"audio_copyright_claim":null,"ads_disabled":false,"is_safe_for_ads":true,"megafon_contents":[],"position_on_page":10}]}