{"page":314,"per_page":10,"total_pages":500,"coubs":[{"flag":null,"abuses":null,"recoubs_by_users_channels":null,"favourite":false,"promoted_id":null,"recoub":null,"like":null,"dislike":null,"reaction":null,"in_my_best2015":false,"id":20031320,"type":"Coub::Simple","permalink":"bh6zf","title":"Ясно, понятно","visibility_type":"public","original_visibility_type":"public","channel_id":450882,"created_at":"2016-03-21T05:34:45Z","updated_at":"2022-03-08T01:02:42Z","is_done":true,"views_count":159004,"cotd":null,"cotd_at":null,"visible_on_explore_root":false,"visible_on_explore":false,"featured":false,"published":true,"published_at":"2016-03-21T05:34:45Z","reversed":false,"from_editor_v2":true,"is_editable":true,"original_sound":true,"has_sound":true,"recoub_to":null,"file_versions":{"html5":{"video":{"higher":{"url":"https://coub-anubis-a.akamaized.net/coub_storage/coub/simple/cw_file/0d84b54d53d/61eef6726f97fe42e53c2/muted_mp4_huge_size_1567862149_muted_huge.mp4","size":2507174},"high":{"url":"https://coub-anubis-a.akamaized.net/coub_storage/coub/simple/cw_file/0d84b54d53d/61eef6726f97fe42e53c2/muted_mp4_big_size_1567862149_muted_big.mp4","size":1706464},"med":{"url":"https://coub-anubis-a.akamaized.net/coub_storage/coub/simple/cw_file/0d84b54d53d/61eef6726f97fe42e53c2/muted_mp4_med_size_1567862149_muted_med.mp4","size":581785}},"audio":{"high":{"url":"https://coub-anubis-a.akamaized.net/coub_storage/coub/simple/cw_looped_audio_high/f6de6cd6b6b/e1e9c63d1244c04158a51/1605476294_high_1458538512_high.mp3","size":4147199},"med":{"url":"https://coub-anubis-a.akamaized.net/coub_storage/coub/simple/cw_looped_audio_med/cece1c9f4e1/210fa72d5e94d390a6e61/1605476294_med_1458538512_med.mp3","size":2764799},"sample_duration":7.569}},"mobile":{"video":"https://coub-anubis-a.akamaized.net/coub_storage/coub/simple/cw_file/0d84b54d53d/61eef6726f97fe42e53c2/muted_mp4_med_size_1567862149_muted_med.mp4","audio":["https://coub-anubis-a.akamaized.net/coub_storage/coub/simple/cw_looped_audio_med/cece1c9f4e1/210fa72d5e94d390a6e61/1605476294_med_1458538512_med.mp3"]},"share":{"default":"https://coub-anubis-a.akamaized.net/coub_storage/coub/simple/cw_video_for_sharing/d64fe4dece5/5b8143b533880a0b8b659/1612445768_looped_1612445767.mp4"}},"audio_versions":{},"image_versions":{"template":"https://coub-anubis-a.akamaized.net/coub_storage/coub/simple/cw_image/ba698057cf1/f9ff021156154163b6cb3/1458538554_00024.jpg","versions":["micro","tiny","age_restricted","ios_large","ios_mosaic","big","med","small","pinterest"]},"first_frame_versions":{"template":"https://coub-anubis-a.akamaized.net/coub_storage/coub/simple/cw_timeline_pic/a4b27574835/ca55ee41ed5fdb8949e1c/%{version}_1458538553_image.jpg","versions":["big","med","small","ios_large"]},"dimensions":{"big":[1280,932],"med":[640,466]},"site_w_h":[640,466],"page_w_h":[640,466],"site_w_h_small":[310,226],"size":[1280,932],"age_restricted":false,"age_restricted_by_admin":false,"not_safe_for_work":false,"allow_reuse":false,"dont_crop":false,"banned":false,"global_safe":false,"audio_file_url":null,"external_download":false,"application":null,"channel":{"id":450882,"permalink":"rotor000","title":"Rotor","description":null,"followers_count":59,"following_count":20,"avatar_versions":{"template":"https://coub-anubis-a.akamaized.net/coub_storage/channel/cw_avatar/8509c8bdb94/6b1fdd0564e2d6371ff11/%{version}_1607952706_1alisgr_1474507735__________.jpg","versions":["medium","medium_2x","profile_pic","profile_pic_new","profile_pic_new_2x","tiny","tiny_2x","small","small_2x","ios_large","ios_small"]}},"file":null,"picture":"https://coub-anubis-a.akamaized.net/coub_storage/coub/simple/cw_image/ba698057cf1/f9ff021156154163b6cb3/1458538554_00024.jpg","timeline_picture":"https://coub-anubis-a.akamaized.net/coub_storage/coub/simple/cw_timeline_pic/a4b27574835/ca55ee41ed5fdb8949e1c/ios_large_1458538553_image.jpg","small_picture":"https://coub-anubis-a.akamaized.net/coub_storage/coub/simple/cw_image/ba698057cf1/f9ff021156154163b6cb3/1458538554_00024.jpg","sharing_picture":null,"percent_done":100,"tags":[{"id":1350014,"title":"немая сцена","value":"%D0%BD%D0%B5%D0%BC%D0%B0%D1%8F%20%D1%81%D1%86%D0%B5%D0%BD%D0%B0"},{"id":1212436,"title":"la vita e bella","value":"la%20vita%20e%20bella"},{"id":1374856,"title":"италия 1939","value":"%D0%B8%D1%82%D0%B0%D0%BB%D0%B8%D1%8F%201939"}],"categories":[{"id":19,"title":"Movies & TV","permalink":"movies","subscriptions_count":10078577,"big_image_url":"https://coub-anubis-a.akamaized.net/coub_storage/category/cw_image/dda6b36d2fb/9ae8ba82060e5659de192/big_1544758441_movies2.png","small_image_url":"https://coub-anubis-a.akamaized.net/coub_storage/category/cw_image/dda6b36d2fb/9ae8ba82060e5659de192/small_1544758441_movies2.png","med_image_url":"https://coub-anubis-a.akamaized.net/coub_storage/category/cw_image/dda6b36d2fb/9ae8ba82060e5659de192/med_1544758441_movies2.png","visible":true}],"communities":[{"id":19,"title":"Movies & TV","permalink":"movies","subscriptions_count":10078577,"big_image_url":"https://coub-anubis-a.akamaized.net/coub_storage/category/cw_image/dda6b36d2fb/9ae8ba82060e5659de192/big_1544758441_movies2.png","small_image_url":"https://coub-anubis-a.akamaized.net/coub_storage/category/cw_image/dda6b36d2fb/9ae8ba82060e5659de192/small_1544758441_movies2.png","med_image_url":"https://coub-anubis-a.akamaized.net/coub_storage/category/cw_image/dda6b36d2fb/9ae8ba82060e5659de192/med_1544758441_movies2.png","i_subscribed":true,"community_notifications_enabled":null,"description":null}],"recoubs_count":606,"remixes_count":0,"likes_count":2347,"dislikes_count":0,"raw_video_id":2307489,"uploaded_by_ios_app":false,"uploaded_by_android_app":false,"media_blocks":{"uploaded_raw_videos":[],"external_raw_videos":[],"remixed_from_coubs":[]},"raw_video_thumbnail_url":"/missing/missing.png","raw_video_title":"_______________.mp4","video_block_banned":false,"duration":7.56,"promo_winner":false,"promo_winner_recoubers":null,"editorial_info":{},"promo_hint":null,"beeline_best_2014":null,"from_web_editor":true,"normalize_sound":true,"normalize_change_allowed":true,"best2015_addable":false,"ahmad_promo":null,"promo_data":null,"audio_copyright_claim":null,"ads_disabled":null,"is_safe_for_ads":true,"megafon_contents":[],"position_on_page":1},{"flag":null,"abuses":null,"recoubs_by_users_channels":null,"favourite":false,"promoted_id":null,"recoub":null,"like":null,"dislike":null,"reaction":null,"in_my_best2015":false,"id":113135595,"type":"Coub::Simple","permalink":"1uy9bg","title":"Nikolaj and Gwendoline ","visibility_type":"public","original_visibility_type":"public","channel_id":202119,"created_at":"2019-05-26T17:01:17Z","updated_at":"2022-02-22T09:55:13Z","is_done":true,"views_count":114050,"cotd":null,"cotd_at":null,"visible_on_explore_root":false,"visible_on_explore":false,"featured":false,"published":true,"published_at":"2019-05-26T17:01:17Z","reversed":false,"from_editor_v2":true,"is_editable":true,"original_sound":true,"has_sound":true,"recoub_to":null,"file_versions":{"html5":{"video":{"higher":{"url":"https://coub-anubis-a.akamaized.net/coub_storage/coub/simple/cw_file/acd9e1eb3fb/49886ac3dfe3f937f2d91/muted_mp4_huge_size_1569017141_muted_huge.mp4","size":875494},"high":{"url":"https://coub-anubis-a.akamaized.net/coub_storage/coub/simple/cw_file/acd9e1eb3fb/49886ac3dfe3f937f2d91/muted_mp4_big_size_1569017141_muted_big.mp4","size":653002},"med":{"url":"https://coub-anubis-a.akamaized.net/coub_storage/coub/simple/cw_file/acd9e1eb3fb/49886ac3dfe3f937f2d91/muted_mp4_med_size_1569017141_muted_med.mp4","size":198537}},"audio":{"high":{"url":"https://coub-anubis-a.akamaized.net/coub_storage/coub/simple/cw_looped_audio_high/19fe2cfe58a/56a175733b35d29d3350d/1605664574_high_1558890145_high.mp3","size":1055119},"med":{"url":"https://coub-anubis-a.akamaized.net/coub_storage/coub/simple/cw_looped_audio_med/4b680312b5e/c003e64451ba66846f2f0/1605664573_med_1558890145_med.mp3","size":843591},"sample_duration":7.546}},"mobile":{"video":"https://coub-anubis-a.akamaized.net/coub_storage/coub/simple/cw_file/acd9e1eb3fb/49886ac3dfe3f937f2d91/muted_mp4_med_size_1569017141_muted_med.mp4","audio":["https://coub-anubis-a.akamaized.net/coub_storage/coub/simple/cw_looped_audio_med/4b680312b5e/c003e64451ba66846f2f0/1605664573_med_1558890145_med.mp3"]},"share":{"default":"https://coub-anubis-a.akamaized.net/coub_storage/coub/simple/cw_video_for_sharing/88f9c8226e1/799c015b590915f4a577e/1612373223_looped_1612373223.mp4"}},"audio_versions":{},"image_versions":{"template":"https://coub-anubis-a.akamaized.net/coub_storage/coub/simple/cw_image/1094c6cf7d1/047fc0f30b7760f0db71f/1558890151_00024.jpg","versions":["micro","tiny","age_restricted","ios_large","ios_mosaic","big","med","small","pinterest"]},"first_frame_versions":{"template":"https://coub-anubis-a.akamaized.net/coub_storage/coub/simple/cw_timeline_pic/c3ab68db4d5/1fdca53a1fcb88dc8de10/%{version}_1558890150_image.jpg","versions":["big","med","small","ios_large"]},"dimensions":{"big":[1280,720],"med":[640,360]},"site_w_h":[640,360],"page_w_h":[640,360],"site_w_h_small":[310,174],"size":[1280,720],"age_restricted":false,"age_restricted_by_admin":false,"not_safe_for_work":false,"allow_reuse":false,"dont_crop":false,"banned":false,"global_safe":false,"audio_file_url":null,"external_download":{"type":"Youtube","service_name":"YouTube","url":"https://www.youtube.com/watch?v=DkuGlKw94YY","has_embed":true},"application":null,"channel":{"id":202119,"permalink":"silenz00","title":"SilenZ","description":null,"followers_count":100,"following_count":15,"avatar_versions":{"template":"https://coub-anubis-a.akamaized.net/coub_storage/channel/cw_avatar/e7dc28dfd9d/2a888372c761f31f61e88/%{version}_1520802176_2316.jpg","versions":["medium","medium_2x","profile_pic","profile_pic_new","profile_pic_new_2x","tiny","tiny_2x","small","small_2x","ios_large","ios_small"]}},"file":null,"picture":"https://coub-anubis-a.akamaized.net/coub_storage/coub/simple/cw_image/1094c6cf7d1/047fc0f30b7760f0db71f/1558890151_00024.jpg","timeline_picture":"https://coub-anubis-a.akamaized.net/coub_storage/coub/simple/cw_timeline_pic/c3ab68db4d5/1fdca53a1fcb88dc8de10/ios_large_1558890150_image.jpg","small_picture":"https://coub-anubis-a.akamaized.net/coub_storage/coub/simple/cw_image/1094c6cf7d1/047fc0f30b7760f0db71f/1558890151_00024.jpg","sharing_picture":null,"percent_done":100,"tags":[{"id":45511,"title":"игра престолов","value":"%D0%B8%D0%B3%D1%80%D0%B0%20%D0%BF%D1%80%D0%B5%D1%81%D1%82%D0%BE%D0%BB%D0%BE%D0%B2"},{"id":19192,"title":"лучшие моменты","value":"%D0%BB%D1%83%D1%87%D1%88%D0%B8%D0%B5%20%D0%BC%D0%BE%D0%BC%D0%B5%D0%BD%D1%82%D1%8B"},{"id":4969174,"title":"обзор 6 серии","value":"%D0%BE%D0%B1%D0%B7%D0%BE%D1%80%206%20%D1%81%D0%B5%D1%80%D0%B8%D0%B8"},{"id":13844,"title":"финал","value":"%D1%84%D0%B8%D0%BD%D0%B0%D0%BB"},{"id":299492,"title":"дейнерис","value":"%D0%B4%D0%B5%D0%B9%D0%BD%D0%B5%D1%80%D0%B8%D1%81"},{"id":318315,"title":"ланнистер","value":"%D0%BB%D0%B0%D0%BD%D0%BD%D0%B8%D1%81%D1%82%D0%B5%D1%80"},{"id":718051,"title":"серсея","value":"%D1%81%D0%B5%D1%80%D1%81%D0%B5%D1%8F"},{"id":355676,"title":"бриенна","value":"%D0%B1%D1%80%D0%B8%D0%B5%D0%BD%D0%BD%D0%B0"},{"id":345696,"title":"джейме","value":"%D0%B4%D0%B6%D0%B5%D0%B9%D0%BC%D0%B5"},{"id":3368767,"title":"харингтон","value":"%D1%85%D0%B0%D1%80%D0%B8%D0%BD%D0%B3%D1%82%D0%BE%D0%BD"},{"id":187677,"title":"эмилия","value":"%D1%8D%D0%BC%D0%B8%D0%BB%D0%B8%D1%8F"},{"id":1815534,"title":"мэйси","value":"%D0%BC%D1%8D%D0%B9%D1%81%D0%B8"},{"id":7537,"title":"интервью","value":"%D0%B8%D0%BD%D1%82%D0%B5%D1%80%D0%B2%D1%8C%D1%8E"},{"id":18472,"title":"мнение","value":"%D0%BC%D0%BD%D0%B5%D0%BD%D0%B8%D0%B5"},{"id":769856,"title":"8 сезон","value":"8%20%D1%81%D0%B5%D0%B7%D0%BE%D0%BD"},{"id":774,"title":"game of thrones","value":"game%20of%20thrones"}],"categories":[{"id":19,"title":"Movies & TV","permalink":"movies","subscriptions_count":10078577,"big_image_url":"https://coub-anubis-a.akamaized.net/coub_storage/category/cw_image/dda6b36d2fb/9ae8ba82060e5659de192/big_1544758441_movies2.png","small_image_url":"https://coub-anubis-a.akamaized.net/coub_storage/category/cw_image/dda6b36d2fb/9ae8ba82060e5659de192/small_1544758441_movies2.png","med_image_url":"https://coub-anubis-a.akamaized.net/coub_storage/category/cw_image/dda6b36d2fb/9ae8ba82060e5659de192/med_1544758441_movies2.png","visible":true}],"communities":[{"id":19,"title":"Movies & TV","permalink":"movies","subscriptions_count":10078577,"big_image_url":"https://coub-anubis-a.akamaized.net/coub_storage/category/cw_image/dda6b36d2fb/9ae8ba82060e5659de192/big_1544758441_movies2.png","small_image_url":"https://coub-anubis-a.akamaized.net/coub_storage/category/cw_image/dda6b36d2fb/9ae8ba82060e5659de192/small_1544758441_movies2.png","med_image_url":"https://coub-anubis-a.akamaized.net/coub_storage/category/cw_image/dda6b36d2fb/9ae8ba82060e5659de192/med_1544758441_movies2.png","i_subscribed":true,"community_notifications_enabled":null,"description":null}],"recoubs_count":518,"remixes_count":0,"likes_count":2346,"dislikes_count":0,"raw_video_id":13761232,"uploaded_by_ios_app":false,"uploaded_by_android_app":false,"media_blocks":{"uploaded_raw_videos":[],"external_raw_videos":[{"id":31964628,"title":"Николай и Гвендолин Лучшие моменты (RUS VO)","url":"https://www.youtube.com/watch?v=DkuGlKw94YY","image":"https://coub-anubis-a.akamaized.net/coub_storage/media_block/cw_image/50f31ac31a1/b43b778e5d9364843331e/1558875922_gwgwsr_1558875836_kjm3ol_att-url-download.jpg","image_retina":"https://coub-anubis-a.akamaized.net/coub_storage/media_block/cw_image/50f31ac31a1/b43b778e5d9364843331e/1558875922_gwgwsr_1558875836_kjm3ol_att-url-download.jpg","meta":{"service":"Youtube","duration":"685.4"},"duration":685.4,"raw_video_id":13761232,"has_embed":true}],"remixed_from_coubs":[],"external_video":{"id":31964628,"title":"Николай и Гвендолин Лучшие моменты (RUS VO)","url":"https://www.youtube.com/watch?v=DkuGlKw94YY","image":"https://coub-anubis-a.akamaized.net/coub_storage/media_block/cw_image/50f31ac31a1/b43b778e5d9364843331e/1558875922_gwgwsr_1558875836_kjm3ol_att-url-download.jpg","image_retina":"https://coub-anubis-a.akamaized.net/coub_storage/media_block/cw_image/50f31ac31a1/b43b778e5d9364843331e/1558875922_gwgwsr_1558875836_kjm3ol_att-url-download.jpg","meta":{"service":"Youtube","duration":"685.4"},"duration":685.4,"raw_video_id":13761232,"has_embed":true}},"raw_video_thumbnail_url":"/missing/missing.png","raw_video_title":"Николай и Гвендолин Лучшие моменты (RUS VO)","video_block_banned":false,"duration":7.56,"promo_winner":false,"promo_winner_recoubers":null,"editorial_info":{},"promo_hint":null,"beeline_best_2014":null,"from_web_editor":true,"normalize_sound":true,"normalize_change_allowed":true,"best2015_addable":false,"ahmad_promo":null,"promo_data":null,"audio_copyright_claim":null,"ads_disabled":false,"is_safe_for_ads":true,"megafon_contents":[],"position_on_page":2},{"flag":null,"abuses":null,"recoubs_by_users_channels":null,"favourite":false,"promoted_id":null,"recoub":null,"like":null,"dislike":null,"reaction":null,"in_my_best2015":false,"id":80216156,"type":"Coub::Simple","permalink":"1bcobe","title":"мой палец","visibility_type":"public","original_visibility_type":"public","channel_id":1365904,"created_at":"2018-07-20T16:18:49Z","updated_at":"2022-03-08T08:17:03Z","is_done":true,"views_count":117467,"cotd":null,"cotd_at":null,"visible_on_explore_root":false,"visible_on_explore":false,"featured":false,"published":true,"published_at":"2018-07-20T16:18:49Z","reversed":false,"from_editor_v2":true,"is_editable":true,"original_sound":true,"has_sound":true,"recoub_to":null,"file_versions":{"html5":{"video":{"higher":{"url":"https://coub-anubis-a.akamaized.net/coub_storage/coub/simple/cw_file/9cfe09684a3/f7b222e2d01714e793cfd/muted_mp4_huge_size_1568260706_muted_huge.mp4","size":1845241},"high":{"url":"https://coub-anubis-a.akamaized.net/coub_storage/coub/simple/cw_file/9cfe09684a3/f7b222e2d01714e793cfd/muted_mp4_big_size_1568260706_muted_big.mp4","size":1255417},"med":{"url":"https://coub-anubis-a.akamaized.net/coub_storage/coub/simple/cw_file/9cfe09684a3/f7b222e2d01714e793cfd/muted_mp4_med_size_1568260706_muted_med.mp4","size":409769}},"audio":{"high":{"url":"https://coub-anubis-a.akamaized.net/coub_storage/coub/simple/cw_looped_audio_high/ff8bb77dc47/ced824b3764f1563f9b54/1605616799_high_1532103535_high.mp3","size":1093753},"med":{"url":"https://coub-anubis-a.akamaized.net/coub_storage/coub/simple/cw_looped_audio_med/1b6b83744de/c093a6f78192e21539123/1605616796_med_1532103535_med.mp3","size":864128},"sample_duration":6.78}},"mobile":{"video":"https://coub-anubis-a.akamaized.net/coub_storage/coub/simple/cw_file/9cfe09684a3/f7b222e2d01714e793cfd/muted_mp4_med_size_1568260706_muted_med.mp4","audio":["https://coub-anubis-a.akamaized.net/coub_storage/coub/simple/cw_looped_audio_med/1b6b83744de/c093a6f78192e21539123/1605616796_med_1532103535_med.mp3"]},"share":{"default":"https://coub-anubis-a.akamaized.net/coub_storage/coub/simple/cw_video_for_sharing/6a29e8fa6b0/3178c603a240a85e6e830/1621374344_looped_1621374343.mp4"}},"audio_versions":{},"image_versions":{"template":"https://coub-anubis-a.akamaized.net/coub_storage/coub/simple/cw_image/b606a93eb7a/fdcd79422962fc47d6155/1532103540_00022.jpg","versions":["micro","tiny","age_restricted","ios_large","ios_mosaic","big","med","small","pinterest"]},"first_frame_versions":{"template":"https://coub-anubis-a.akamaized.net/coub_storage/coub/simple/cw_timeline_pic/67e4973fe53/c7b4266dd968227663477/%{version}_1532103540_image.jpg","versions":["big","med","small","ios_large"]},"dimensions":{"big":[1280,960],"med":[640,480]},"site_w_h":[640,480],"page_w_h":[640,480],"site_w_h_small":[310,233],"size":[1280,960],"age_restricted":false,"age_restricted_by_admin":false,"not_safe_for_work":false,"allow_reuse":false,"dont_crop":false,"banned":false,"global_safe":false,"audio_file_url":null,"external_download":{"type":"Youtube","service_name":"YouTube","url":"http://www.youtube.com/watch?v=mafqlxR1Smk&t=79s","has_embed":true},"application":null,"channel":{"id":1365904,"permalink":"4556688577575","title":"SHURUP","description":null,"followers_count":365,"following_count":1005,"avatar_versions":{"template":"https://coub-anubis-a.akamaized.net/coub_storage/channel/cw_avatar/c0c0d20cf0b/6b78c716b027e41e6a68f/%{version}_1608510322_1rrow88_1474705506_32141153.jpg","versions":["medium","medium_2x","profile_pic","profile_pic_new","profile_pic_new_2x","tiny","tiny_2x","small","small_2x","ios_large","ios_small"]}},"file":null,"picture":"https://coub-anubis-a.akamaized.net/coub_storage/coub/simple/cw_image/b606a93eb7a/fdcd79422962fc47d6155/1532103540_00022.jpg","timeline_picture":"https://coub-anubis-a.akamaized.net/coub_storage/coub/simple/cw_timeline_pic/67e4973fe53/c7b4266dd968227663477/ios_large_1532103540_image.jpg","small_picture":"https://coub-anubis-a.akamaized.net/coub_storage/coub/simple/cw_image/b606a93eb7a/fdcd79422962fc47d6155/1532103540_00022.jpg","sharing_picture":null,"percent_done":100,"tags":[{"id":2600,"title":"все","value":"%D0%B2%D1%81%D0%B5"},{"id":89560,"title":"ненавидят","value":"%D0%BD%D0%B5%D0%BD%D0%B0%D0%B2%D0%B8%D0%B4%D1%8F%D1%82"}],"categories":[{"id":19,"title":"Movies & TV","permalink":"movies","subscriptions_count":10078577,"big_image_url":"https://coub-anubis-a.akamaized.net/coub_storage/category/cw_image/dda6b36d2fb/9ae8ba82060e5659de192/big_1544758441_movies2.png","small_image_url":"https://coub-anubis-a.akamaized.net/coub_storage/category/cw_image/dda6b36d2fb/9ae8ba82060e5659de192/small_1544758441_movies2.png","med_image_url":"https://coub-anubis-a.akamaized.net/coub_storage/category/cw_image/dda6b36d2fb/9ae8ba82060e5659de192/med_1544758441_movies2.png","visible":true}],"communities":[{"id":19,"title":"Movies & TV","permalink":"movies","subscriptions_count":10078577,"big_image_url":"https://coub-anubis-a.akamaized.net/coub_storage/category/cw_image/dda6b36d2fb/9ae8ba82060e5659de192/big_1544758441_movies2.png","small_image_url":"https://coub-anubis-a.akamaized.net/coub_storage/category/cw_image/dda6b36d2fb/9ae8ba82060e5659de192/small_1544758441_movies2.png","med_image_url":"https://coub-anubis-a.akamaized.net/coub_storage/category/cw_image/dda6b36d2fb/9ae8ba82060e5659de192/med_1544758441_movies2.png","i_subscribed":true,"community_notifications_enabled":null,"description":null}],"recoubs_count":586,"remixes_count":0,"likes_count":2346,"dislikes_count":0,"raw_video_id":11018725,"uploaded_by_ios_app":false,"uploaded_by_android_app":false,"media_blocks":{"uploaded_raw_videos":[],"external_raw_videos":[{"id":24453864,"title":"все ненавидят криса (нарезка часть 3)","url":"http://www.youtube.com/watch?v=mafqlxR1Smk","image":"https://coub-anubis-a.akamaized.net/coub_storage/media_block/cw_image/8b6896f0585/4f288eee0957389736d19/1517154795_1517154776_mum8ah_att-url-download.jpg","image_retina":"https://coub-anubis-a.akamaized.net/coub_storage/media_block/cw_image/8b6896f0585/4f288eee0957389736d19/1517154795_1517154776_mum8ah_att-url-download.jpg","meta":{"service":"Youtube","duration":"206.16"},"duration":206.16,"raw_video_id":11018725,"has_embed":true}],"remixed_from_coubs":[],"external_video":{"id":24453864,"title":"все ненавидят криса (нарезка часть 3)","url":"http://www.youtube.com/watch?v=mafqlxR1Smk","image":"https://coub-anubis-a.akamaized.net/coub_storage/media_block/cw_image/8b6896f0585/4f288eee0957389736d19/1517154795_1517154776_mum8ah_att-url-download.jpg","image_retina":"https://coub-anubis-a.akamaized.net/coub_storage/media_block/cw_image/8b6896f0585/4f288eee0957389736d19/1517154795_1517154776_mum8ah_att-url-download.jpg","meta":{"service":"Youtube","duration":"206.16"},"duration":206.16,"raw_video_id":11018725,"has_embed":true}},"raw_video_thumbnail_url":"/missing/missing.png","raw_video_title":"все ненавидят криса (нарезка часть 3)","video_block_banned":false,"duration":6.76,"promo_winner":false,"promo_winner_recoubers":null,"editorial_info":{},"promo_hint":null,"beeline_best_2014":null,"from_web_editor":true,"normalize_sound":true,"normalize_change_allowed":true,"best2015_addable":false,"ahmad_promo":null,"promo_data":null,"audio_copyright_claim":null,"ads_disabled":false,"is_safe_for_ads":true,"megafon_contents":[],"position_on_page":3},{"flag":null,"abuses":null,"recoubs_by_users_channels":null,"favourite":false,"promoted_id":null,"recoub":null,"like":null,"dislike":null,"reaction":null,"in_my_best2015":false,"id":80164590,"type":"Coub::Simple","permalink":"1bbkiy","title":"North Korea's Iron Lotus","visibility_type":"public","original_visibility_type":"public","channel_id":1644307,"created_at":"2018-07-19T23:16:52Z","updated_at":"2022-03-09T00:27:47Z","is_done":true,"views_count":174013,"cotd":null,"cotd_at":null,"visible_on_explore_root":false,"visible_on_explore":false,"featured":false,"published":true,"published_at":"2018-07-23T09:31:36Z","reversed":false,"from_editor_v2":true,"is_editable":true,"original_sound":true,"has_sound":true,"recoub_to":null,"file_versions":{"html5":{"video":{"higher":{"url":"https://coub-anubis-a.akamaized.net/coub_storage/coub/simple/cw_file/b3179e9e212/acf162a485c10dd5dafef/muted_mp4_huge_size_1568260454_muted_huge.mp4","size":4162188},"high":{"url":"https://coub-anubis-a.akamaized.net/coub_storage/coub/simple/cw_file/b3179e9e212/acf162a485c10dd5dafef/muted_mp4_big_size_1568260454_muted_big.mp4","size":2833651},"med":{"url":"https://coub-anubis-a.akamaized.net/coub_storage/coub/simple/cw_file/b3179e9e212/acf162a485c10dd5dafef/muted_mp4_med_size_1568260454_muted_med.mp4","size":1072255}},"audio":{"high":{"url":"https://coub-anubis-a.akamaized.net/coub_storage/coub/simple/cw_looped_audio_high/ecf636ec81b/0ae92be15b2c451656e41/1605616725_high_1532043172_high.mp3","size":789977},"med":{"url":"https://coub-anubis-a.akamaized.net/coub_storage/coub/simple/cw_looped_audio_med/239728c4b92/24541d1afbde2dc704f11/1605616724_med_1532043172_med.mp3","size":787480},"sample_duration":10.009}},"mobile":{"video":"https://coub-anubis-a.akamaized.net/coub_storage/coub/simple/cw_file/b3179e9e212/acf162a485c10dd5dafef/muted_mp4_med_size_1568260454_muted_med.mp4","audio":["https://coub-anubis-a.akamaized.net/coub_storage/coub/simple/cw_looped_audio_med/239728c4b92/24541d1afbde2dc704f11/1605616724_med_1532043172_med.mp3"]},"share":{"default":"https://coub-anubis-a.akamaized.net/coub_storage/coub/simple/cw_video_for_sharing/5ae75b301ac/081e8996472296ec22cbb/1612122560_looped_1612122557.mp4"}},"audio_versions":{},"image_versions":{"template":"https://coub-anubis-a.akamaized.net/coub_storage/coub/simple/cw_image/abe913ca926/a76dca2b75bb343ae6e33/1532043179_00032.jpg","versions":["micro","tiny","age_restricted","ios_large","ios_mosaic","big","med","small","pinterest"]},"first_frame_versions":{"template":"https://coub-anubis-a.akamaized.net/coub_storage/coub/simple/cw_timeline_pic/f922b6217ac/1f932ae8ab006dc0e194b/%{version}_1532043179_image.jpg","versions":["big","med","small","ios_large"]},"dimensions":{"big":[1280,712],"med":[640,356]},"site_w_h":[640,356],"page_w_h":[640,356],"site_w_h_small":[310,172],"size":[1280,712],"age_restricted":false,"age_restricted_by_admin":false,"not_safe_for_work":false,"allow_reuse":false,"dont_crop":false,"banned":false,"global_safe":true,"audio_file_url":null,"external_download":{"type":"Youtube","service_name":"YouTube","url":"http://www.youtube.com/watch?v=1weVp4S8IFc","has_embed":true},"application":null,"channel":{"id":1644307,"permalink":"bogdatis","title":"Bogdatis","description":null,"followers_count":2056,"following_count":92,"avatar_versions":{"template":"https://coub-anubis-a.akamaized.net/coub_storage/channel/cw_avatar/27c0576356b/e5cb3e483f4c86ee71e91/%{version}_1607420692_58o32d_1563698829_______.png","versions":["medium","medium_2x","profile_pic","profile_pic_new","profile_pic_new_2x","tiny","tiny_2x","small","small_2x","ios_large","ios_small"]}},"file":null,"picture":"https://coub-anubis-a.akamaized.net/coub_storage/coub/simple/cw_image/abe913ca926/a76dca2b75bb343ae6e33/1532043179_00032.jpg","timeline_picture":"https://coub-anubis-a.akamaized.net/coub_storage/coub/simple/cw_timeline_pic/f922b6217ac/1f932ae8ab006dc0e194b/ios_large_1532043179_image.jpg","small_picture":"https://coub-anubis-a.akamaized.net/coub_storage/coub/simple/cw_image/abe913ca926/a76dca2b75bb343ae6e33/1532043179_00032.jpg","sharing_picture":null,"percent_done":100,"tags":[{"id":154,"title":"movie","value":"movie"},{"id":4594,"title":"north","value":"north"},{"id":20552,"title":"korea","value":"korea"},{"id":1485,"title":"comedy","value":"comedy"},{"id":73244,"title":"movie moments","value":"movie%20moments"},{"id":192569,"title":"mashups","value":"mashups"},{"id":3396271,"title":"bogdatis","value":"bogdatis"}],"categories":[{"id":19,"title":"Movies & TV","permalink":"movies","subscriptions_count":10078577,"big_image_url":"https://coub-anubis-a.akamaized.net/coub_storage/category/cw_image/dda6b36d2fb/9ae8ba82060e5659de192/big_1544758441_movies2.png","small_image_url":"https://coub-anubis-a.akamaized.net/coub_storage/category/cw_image/dda6b36d2fb/9ae8ba82060e5659de192/small_1544758441_movies2.png","med_image_url":"https://coub-anubis-a.akamaized.net/coub_storage/category/cw_image/dda6b36d2fb/9ae8ba82060e5659de192/med_1544758441_movies2.png","visible":true}],"communities":[{"id":19,"title":"Movies & TV","permalink":"movies","subscriptions_count":10078577,"big_image_url":"https://coub-anubis-a.akamaized.net/coub_storage/category/cw_image/dda6b36d2fb/9ae8ba82060e5659de192/big_1544758441_movies2.png","small_image_url":"https://coub-anubis-a.akamaized.net/coub_storage/category/cw_image/dda6b36d2fb/9ae8ba82060e5659de192/small_1544758441_movies2.png","med_image_url":"https://coub-anubis-a.akamaized.net/coub_storage/category/cw_image/dda6b36d2fb/9ae8ba82060e5659de192/med_1544758441_movies2.png","i_subscribed":true,"community_notifications_enabled":null,"description":null}],"recoubs_count":434,"remixes_count":0,"likes_count":2346,"dislikes_count":0,"raw_video_id":12068470,"uploaded_by_ios_app":false,"uploaded_by_android_app":false,"media_blocks":{"uploaded_raw_videos":[],"external_raw_videos":[{"id":27369991,"title":"North Korea's Iron Lotus","url":"https://www.youtube.com/watch?v=1weVp4S8IFc","image":"https://coub-anubis-a.akamaized.net/coub_storage/media_block/cw_image/cf1b20c0d59/73f029e7ccd63e58aad97/1532041915_1532041908_3hwzkx_att-url-download.jpg","image_retina":"https://coub-anubis-a.akamaized.net/coub_storage/media_block/cw_image/cf1b20c0d59/73f029e7ccd63e58aad97/1532041915_1532041908_3hwzkx_att-url-download.jpg","meta":{"service":"Youtube","duration":"13.96"},"duration":13.96,"raw_video_id":12068470,"has_embed":true}],"remixed_from_coubs":[],"external_video":{"id":27369991,"title":"North Korea's Iron Lotus","url":"https://www.youtube.com/watch?v=1weVp4S8IFc","image":"https://coub-anubis-a.akamaized.net/coub_storage/media_block/cw_image/cf1b20c0d59/73f029e7ccd63e58aad97/1532041915_1532041908_3hwzkx_att-url-download.jpg","image_retina":"https://coub-anubis-a.akamaized.net/coub_storage/media_block/cw_image/cf1b20c0d59/73f029e7ccd63e58aad97/1532041915_1532041908_3hwzkx_att-url-download.jpg","meta":{"service":"Youtube","duration":"13.96"},"duration":13.96,"raw_video_id":12068470,"has_embed":true}},"raw_video_thumbnail_url":"/missing/missing.png","raw_video_title":"North Korea's Iron Lotus","video_block_banned":false,"duration":10.0,"promo_winner":false,"promo_winner_recoubers":null,"editorial_info":{},"promo_hint":null,"beeline_best_2014":null,"from_web_editor":true,"normalize_sound":false,"normalize_change_allowed":true,"best2015_addable":false,"ahmad_promo":null,"promo_data":null,"audio_copyright_claim":null,"ads_disabled":false,"is_safe_for_ads":true,"megafon_contents":[],"position_on_page":4},{"flag":null,"abuses":null,"recoubs_by_users_channels":null,"favourite":false,"promoted_id":null,"recoub":null,"like":null,"dislike":null,"reaction":null,"in_my_best2015":false,"id":138023076,"type":"Coub::Simple","permalink":"29tty3","title":"Gangsta paradise","visibility_type":"public","original_visibility_type":"public","channel_id":4175853,"created_at":"2020-02-26T12:33:38Z","updated_at":"2022-03-16T07:53:21Z","is_done":true,"views_count":162243,"cotd":null,"cotd_at":null,"visible_on_explore_root":false,"visible_on_explore":false,"featured":false,"published":true,"published_at":"2020-02-26T12:33:38Z","reversed":false,"from_editor_v2":true,"is_editable":true,"original_sound":false,"has_sound":false,"recoub_to":null,"file_versions":{"html5":{"video":{"higher":{"url":"https://coub-anubis-a.akamaized.net/coub_storage/coub/simple/cw_file/b8f87aec800/9fbe815fdacc99816db3f/muted_mp4_huge_size_1582720428_muted_huge.mp4","size":4515646},"high":{"url":"https://coub-anubis-a.akamaized.net/coub_storage/coub/simple/cw_file/b8f87aec800/9fbe815fdacc99816db3f/muted_mp4_big_size_1582720428_muted_big.mp4","size":3116431},"med":{"url":"https://coub-anubis-a.akamaized.net/coub_storage/coub/simple/cw_file/b8f87aec800/9fbe815fdacc99816db3f/muted_mp4_med_size_1582720428_muted_med.mp4","size":1046281}},"audio":{"high":{"url":"https://coub-anubis-a.akamaized.net/coub_storage/coub/simple/cw_looped_audio_high/c838335554e/75b8dabac6729844cc7c1/1605706733_high_1582720434_high.mp3","size":1022868},"med":{"url":"https://coub-anubis-a.akamaized.net/coub_storage/coub/simple/cw_looped_audio_med/6686584b066/a274662b9a0fd8ea1f482/1605706733_med_1582720434_med.mp3","size":760191}}},"mobile":{"video":"https://coub-anubis-a.akamaized.net/coub_storage/coub/simple/cw_file/b8f87aec800/9fbe815fdacc99816db3f/muted_mp4_med_size_1582720428_muted_med.mp4","audio":["https://coub-anubis-a.akamaized.net/coub_storage/coub/simple/cw_looped_audio_med/6686584b066/a274662b9a0fd8ea1f482/1605706733_med_1582720434_med.mp3"]},"share":{"default":"https://coub-anubis-a.akamaized.net/coub_storage/coub/simple/cw_video_for_sharing/249087db99c/3a373b76eab39e90249f7/1609058067_looped_1609058065.mp4"}},"audio_versions":{"template":"https://coub-anubis-a.akamaized.net/coub_storage/audio_track/cw_normalized_copy/1dac72a2327/32578b22fe8fd8bca5a9b/mid_1582720432_normalized_1582720429_uqzvdh_edited.mp3","versions":["mid","low"]},"image_versions":{"template":"https://coub-anubis-a.akamaized.net/coub_storage/coub/simple/cw_image/5baf552d203/79a3aeaecce57689a592a/1582720441_00032.jpg","versions":["micro","tiny","age_restricted","ios_large","ios_mosaic","big","med","small","pinterest"]},"first_frame_versions":{"template":"https://coub-anubis-a.akamaized.net/coub_storage/coub/simple/cw_timeline_pic/1aa2f17ee71/c20e8801f6beab1eeabcb/1582720440_image.jpg","versions":["big","med","small","ios_large"]},"dimensions":{"big":[1280,960],"med":[640,480]},"site_w_h":[640,480],"page_w_h":[640,480],"site_w_h_small":[310,233],"size":[1280,960],"age_restricted":false,"age_restricted_by_admin":false,"not_safe_for_work":false,"allow_reuse":false,"dont_crop":false,"banned":false,"global_safe":true,"audio_file_url":"https://coub-anubis-a.akamaized.net/coub_storage/audio_track/cw_normalized_copy/1dac72a2327/32578b22fe8fd8bca5a9b/low_1582720432_normalized_1582720429_uqzvdh_edited.mp3","external_download":{"type":"Youtube","service_name":"YouTube","url":"https://www.youtube.com/watch?v=OnsztGYUub0","has_embed":true},"application":null,"channel":{"id":4175853,"permalink":"stanley-ipkiss5","title":"Stanley Ipkiss","description":"Stanley_ipkiss13   instagram","followers_count":70,"following_count":11,"avatar_versions":{"template":"https://coub-anubis-a.akamaized.net/coub_storage/channel/cw_avatar/9d2dc5cb97d/0b5c52282a4cc5dbe5405/%{version}_1607702542_10kktx2_1521038204_filename.jpeg","versions":["medium","medium_2x","profile_pic","profile_pic_new","profile_pic_new_2x","tiny","tiny_2x","small","small_2x","ios_large","ios_small"]}},"file":null,"picture":"https://coub-anubis-a.akamaized.net/coub_storage/coub/simple/cw_image/5baf552d203/79a3aeaecce57689a592a/1582720441_00032.jpg","timeline_picture":"https://coub-anubis-a.akamaized.net/coub_storage/coub/simple/cw_timeline_pic/1aa2f17ee71/c20e8801f6beab1eeabcb/1582720440_image.jpg","small_picture":"https://coub-anubis-a.akamaized.net/coub_storage/coub/simple/cw_image/5baf552d203/79a3aeaecce57689a592a/1582720441_00032.jpg","sharing_picture":null,"percent_done":100,"tags":[{"id":5498083,"title":"опг железные рукава estetic edit pumped up kicks","value":"%D0%BE%D0%BF%D0%B3%20%D0%B6%D0%B5%D0%BB%D0%B5%D0%B7%D0%BD%D1%8B%D0%B5%20%D1%80%D1%83%D0%BA%D0%B0%D0%B2%D0%B0%20estetic%20edit%20pumped%20up%20kicks"},{"id":5046760,"title":"антон лапенко","value":"%D0%B0%D0%BD%D1%82%D0%BE%D0%BD%20%D0%BB%D0%B0%D0%BF%D0%B5%D0%BD%D0%BA%D0%BE"}],"categories":[{"id":19,"title":"Movies & TV","permalink":"movies","subscriptions_count":10078577,"big_image_url":"https://coub-anubis-a.akamaized.net/coub_storage/category/cw_image/dda6b36d2fb/9ae8ba82060e5659de192/big_1544758441_movies2.png","small_image_url":"https://coub-anubis-a.akamaized.net/coub_storage/category/cw_image/dda6b36d2fb/9ae8ba82060e5659de192/small_1544758441_movies2.png","med_image_url":"https://coub-anubis-a.akamaized.net/coub_storage/category/cw_image/dda6b36d2fb/9ae8ba82060e5659de192/med_1544758441_movies2.png","visible":true}],"communities":[{"id":19,"title":"Movies & TV","permalink":"movies","subscriptions_count":10078577,"big_image_url":"https://coub-anubis-a.akamaized.net/coub_storage/category/cw_image/dda6b36d2fb/9ae8ba82060e5659de192/big_1544758441_movies2.png","small_image_url":"https://coub-anubis-a.akamaized.net/coub_storage/category/cw_image/dda6b36d2fb/9ae8ba82060e5659de192/small_1544758441_movies2.png","med_image_url":"https://coub-anubis-a.akamaized.net/coub_storage/category/cw_image/dda6b36d2fb/9ae8ba82060e5659de192/med_1544758441_movies2.png","i_subscribed":true,"community_notifications_enabled":null,"description":null}],"recoubs_count":433,"remixes_count":3,"likes_count":2343,"dislikes_count":0,"raw_video_id":14662706,"uploaded_by_ios_app":true,"uploaded_by_android_app":false,"media_blocks":{"uploaded_raw_videos":[],"external_raw_videos":[{"id":34380274,"title":"Опг железные рукава estetic edit Pumped Up Kicks Антон Лапенко","url":"https://www.youtube.com/watch?v=OnsztGYUub0","image":"https://coub-anubis-a.akamaized.net/coub_storage/media_block/cw_image/e3fcf5521e6/8472607db528d90b5fa32/1578131333_cs8npm_1578131324_a6bysd_att-url-download.jpg","image_retina":"https://coub-anubis-a.akamaized.net/coub_storage/media_block/cw_image/e3fcf5521e6/8472607db528d90b5fa32/1578131333_cs8npm_1578131324_a6bysd_att-url-download.jpg","meta":{"service":"Youtube","duration":"22.4"},"duration":22.4,"raw_video_id":14662706,"has_embed":true}],"remixed_from_coubs":[],"external_video":{"id":34380274,"title":"Опг железные рукава estetic edit Pumped Up Kicks Антон Лапенко","url":"https://www.youtube.com/watch?v=OnsztGYUub0","image":"https://coub-anubis-a.akamaized.net/coub_storage/media_block/cw_image/e3fcf5521e6/8472607db528d90b5fa32/1578131333_cs8npm_1578131324_a6bysd_att-url-download.jpg","image_retina":"https://coub-anubis-a.akamaized.net/coub_storage/media_block/cw_image/e3fcf5521e6/8472607db528d90b5fa32/1578131333_cs8npm_1578131324_a6bysd_att-url-download.jpg","meta":{"service":"Youtube","duration":"22.4"},"duration":22.4,"raw_video_id":14662706,"has_embed":true}},"raw_video_thumbnail_url":"/missing/missing.png","raw_video_title":"Опг железные рукава estetic edit Pumped Up Kicks Антон Лапенко","video_block_banned":false,"duration":10.0,"promo_winner":false,"promo_winner_recoubers":null,"editorial_info":{},"promo_hint":null,"beeline_best_2014":null,"from_web_editor":false,"normalize_sound":true,"normalize_change_allowed":true,"best2015_addable":false,"ahmad_promo":null,"promo_data":null,"audio_copyright_claim":null,"ads_disabled":false,"is_safe_for_ads":true,"megafon_contents":[],"position_on_page":5},{"flag":null,"abuses":null,"recoubs_by_users_channels":null,"favourite":false,"promoted_id":null,"recoub":null,"like":null,"dislike":null,"reaction":null,"in_my_best2015":false,"id":133532423,"type":"Coub::Simple","permalink":"2751rn","title":"Ой ты гой еси, земля Славянская!","visibility_type":"public","original_visibility_type":"public","channel_id":416410,"created_at":"2020-01-04T09:17:36Z","updated_at":"2022-03-09T01:42:41Z","is_done":true,"views_count":139900,"cotd":null,"cotd_at":null,"visible_on_explore_root":false,"visible_on_explore":false,"featured":false,"published":true,"published_at":"2020-01-04T09:17:36Z","reversed":false,"from_editor_v2":true,"is_editable":true,"original_sound":true,"has_sound":true,"recoub_to":null,"file_versions":{"html5":{"video":{"higher":{"url":"https://coub-anubis-a.akamaized.net/coub_storage/coub/simple/cw_file/b2ea51b6e95/b6c31c01fc7b56b60f550/muted_mp4_huge_size_1578129464_muted_huge.mp4","size":2736270},"high":{"url":"https://coub-anubis-a.akamaized.net/coub_storage/coub/simple/cw_file/b2ea51b6e95/b6c31c01fc7b56b60f550/muted_mp4_big_size_1578129464_muted_big.mp4","size":2090694},"med":{"url":"https://coub-anubis-a.akamaized.net/coub_storage/coub/simple/cw_file/b2ea51b6e95/b6c31c01fc7b56b60f550/muted_mp4_med_size_1578129464_muted_med.mp4","size":572269}},"audio":{"high":{"url":"https://coub-anubis-a.akamaized.net/coub_storage/coub/simple/cw_looped_audio_high/3e0b5004f91/13c3ca3183a8330654677/1605702801_high_1578129464_high.mp3","size":1018578},"med":{"url":"https://coub-anubis-a.akamaized.net/coub_storage/coub/simple/cw_looped_audio_med/0b923618b60/ada68e613ec9c94df9459/1605702801_med_1578129464_med.mp3","size":799076},"sample_duration":10.008}},"mobile":{"video":"https://coub-anubis-a.akamaized.net/coub_storage/coub/simple/cw_file/b2ea51b6e95/b6c31c01fc7b56b60f550/muted_mp4_med_size_1578129464_muted_med.mp4","audio":["https://coub-anubis-a.akamaized.net/coub_storage/coub/simple/cw_looped_audio_med/0b923618b60/ada68e613ec9c94df9459/1605702801_med_1578129464_med.mp3"]},"share":{"default":"https://coub-anubis-a.akamaized.net/coub_storage/coub/simple/cw_video_for_sharing/868ae492b8a/4f09bb3026a0e2cea9e39/1609434493_looped_1609434491.mp4"}},"audio_versions":{},"image_versions":{"template":"https://coub-anubis-a.akamaized.net/coub_storage/coub/simple/cw_image/0a1d968a9a5/9be22089659a4c2452345/1578129470_00032.jpg","versions":["micro","tiny","age_restricted","ios_large","ios_mosaic","big","med","small","pinterest"]},"first_frame_versions":{"template":"https://coub-anubis-a.akamaized.net/coub_storage/coub/simple/cw_timeline_pic/1350a63fbfe/58757ee74b5a691b69c36/%{version}_1578129470_image.jpg","versions":["big","med","small","ios_large"]},"dimensions":{"big":[1280,720],"med":[640,360]},"site_w_h":[640,360],"page_w_h":[640,360],"site_w_h_small":[310,174],"size":[1280,720],"age_restricted":false,"age_restricted_by_admin":false,"not_safe_for_work":false,"allow_reuse":false,"dont_crop":false,"banned":false,"global_safe":false,"audio_file_url":null,"external_download":false,"application":null,"channel":{"id":416410,"permalink":"luciolla","title":"Luciolla","description":"Просто от души :3","followers_count":212,"following_count":16,"avatar_versions":{"template":"https://coub-anubis-a.akamaized.net/coub_storage/channel/cw_avatar/7a28766613a/f75ee2069f116a5150f02/%{version}_1538945705_e5n9wnL6kXs.jpg","versions":["medium","medium_2x","profile_pic","profile_pic_new","profile_pic_new_2x","tiny","tiny_2x","small","small_2x","ios_large","ios_small"]}},"file":null,"picture":"https://coub-anubis-a.akamaized.net/coub_storage/coub/simple/cw_image/0a1d968a9a5/9be22089659a4c2452345/1578129470_00032.jpg","timeline_picture":"https://coub-anubis-a.akamaized.net/coub_storage/coub/simple/cw_timeline_pic/1350a63fbfe/58757ee74b5a691b69c36/ios_large_1578129470_image.jpg","small_picture":"https://coub-anubis-a.akamaized.net/coub_storage/coub/simple/cw_image/0a1d968a9a5/9be22089659a4c2452345/1578129470_00032.jpg","sharing_picture":null,"percent_done":100,"tags":[{"id":4892254,"title":"kel`","value":"kel%60"},{"id":3625394,"title":"кель","value":"%D0%BA%D0%B5%D0%BB%D1%8C"},{"id":4861,"title":"обзор","value":"%D0%BE%D0%B1%D0%B7%D0%BE%D1%80"},{"id":1907270,"title":"ведьмак сериал","value":"%D0%B2%D0%B5%D0%B4%D1%8C%D0%BC%D0%B0%D0%BA%20%D1%81%D0%B5%D1%80%D0%B8%D0%B0%D0%BB"},{"id":99694,"title":"ведьмак","value":"%D0%B2%D0%B5%D0%B4%D1%8C%D0%BC%D0%B0%D0%BA"},{"id":509876,"title":"йенифер","value":"%D0%B9%D0%B5%D0%BD%D0%B8%D1%84%D0%B5%D1%80"},{"id":125139,"title":"трисс","value":"%D1%82%D1%80%D0%B8%D1%81%D1%81"},{"id":529429,"title":"цири","value":"%D1%86%D0%B8%D1%80%D0%B8"},{"id":125140,"title":"геральт","value":"%D0%B3%D0%B5%D1%80%D0%B0%D0%BB%D1%8C%D1%82"},{"id":630815,"title":"геральт из ривии","value":"%D0%B3%D0%B5%D1%80%D0%B0%D0%BB%D1%8C%D1%82%20%D0%B8%D0%B7%20%D1%80%D0%B8%D0%B2%D0%B8%D0%B8"},{"id":1006428,"title":"нетфликс","value":"%D0%BD%D0%B5%D1%82%D1%84%D0%BB%D0%B8%D0%BA%D1%81"},{"id":1040406,"title":"нильфгард","value":"%D0%BD%D0%B8%D0%BB%D1%8C%D1%84%D0%B3%D0%B0%D1%80%D0%B4"},{"id":5403512,"title":"рыцари мошонки","value":"%D1%80%D1%8B%D1%86%D0%B0%D1%80%D0%B8%20%D0%BC%D0%BE%D1%88%D0%BE%D0%BD%D0%BA%D0%B8"},{"id":1143436,"title":"кино обзор","value":"%D0%BA%D0%B8%D0%BD%D0%BE%20%D0%BE%D0%B1%D0%B7%D0%BE%D1%80"},{"id":10953,"title":"обзор сериала","value":"%D0%BE%D0%B1%D0%B7%D0%BE%D1%80%20%D1%81%D0%B5%D1%80%D0%B8%D0%B0%D0%BB%D0%B0"},{"id":5089825,"title":"ведьмак 2019","value":"%D0%B2%D0%B5%D0%B4%D1%8C%D0%BC%D0%B0%D0%BA%202019"}],"categories":[{"id":19,"title":"Movies & TV","permalink":"movies","subscriptions_count":10078577,"big_image_url":"https://coub-anubis-a.akamaized.net/coub_storage/category/cw_image/dda6b36d2fb/9ae8ba82060e5659de192/big_1544758441_movies2.png","small_image_url":"https://coub-anubis-a.akamaized.net/coub_storage/category/cw_image/dda6b36d2fb/9ae8ba82060e5659de192/small_1544758441_movies2.png","med_image_url":"https://coub-anubis-a.akamaized.net/coub_storage/category/cw_image/dda6b36d2fb/9ae8ba82060e5659de192/med_1544758441_movies2.png","visible":true}],"communities":[{"id":19,"title":"Movies & TV","permalink":"movies","subscriptions_count":10078577,"big_image_url":"https://coub-anubis-a.akamaized.net/coub_storage/category/cw_image/dda6b36d2fb/9ae8ba82060e5659de192/big_1544758441_movies2.png","small_image_url":"https://coub-anubis-a.akamaized.net/coub_storage/category/cw_image/dda6b36d2fb/9ae8ba82060e5659de192/small_1544758441_movies2.png","med_image_url":"https://coub-anubis-a.akamaized.net/coub_storage/category/cw_image/dda6b36d2fb/9ae8ba82060e5659de192/med_1544758441_movies2.png","i_subscribed":true,"community_notifications_enabled":null,"description":null}],"recoubs_count":527,"remixes_count":0,"likes_count":2343,"dislikes_count":0,"raw_video_id":14662628,"uploaded_by_ios_app":false,"uploaded_by_android_app":false,"media_blocks":{"uploaded_raw_videos":[],"external_raw_videos":[],"remixed_from_coubs":[]},"raw_video_thumbnail_url":"/missing/missing.png","raw_video_title":"_________.mp4","video_block_banned":false,"duration":10.0,"promo_winner":false,"promo_winner_recoubers":null,"editorial_info":{},"promo_hint":null,"beeline_best_2014":null,"from_web_editor":true,"normalize_sound":false,"normalize_change_allowed":true,"best2015_addable":false,"ahmad_promo":null,"promo_data":null,"audio_copyright_claim":null,"ads_disabled":false,"is_safe_for_ads":true,"megafon_contents":[],"position_on_page":6},{"flag":null,"abuses":null,"recoubs_by_users_channels":null,"favourite":false,"promoted_id":null,"recoub":null,"like":null,"dislike":null,"reaction":null,"in_my_best2015":false,"id":116212912,"type":"Coub::Simple","permalink":"1ws7t5","title":"Знаешь ли ты?","visibility_type":"public","original_visibility_type":"public","channel_id":1598114,"created_at":"2019-06-25T22:52:23Z","updated_at":"2022-03-15T23:30:30Z","is_done":true,"views_count":110551,"cotd":null,"cotd_at":null,"visible_on_explore_root":false,"visible_on_explore":false,"featured":false,"published":true,"published_at":"2019-06-25T22:52:23Z","reversed":false,"from_editor_v2":true,"is_editable":true,"original_sound":false,"has_sound":false,"recoub_to":null,"file_versions":{"html5":{"video":{"higher":{"url":"https://coub-anubis-a.akamaized.net/coub_storage/coub/simple/cw_file/3f178d33bdf/a82577ca02bf23cd53f63/muted_mp4_huge_size_1569082180_muted_huge.mp4","size":2378899},"high":{"url":"https://coub-anubis-a.akamaized.net/coub_storage/coub/simple/cw_file/3f178d33bdf/a82577ca02bf23cd53f63/muted_mp4_big_size_1569082180_muted_big.mp4","size":1867493},"med":{"url":"https://coub-anubis-a.akamaized.net/coub_storage/coub/simple/cw_file/3f178d33bdf/a82577ca02bf23cd53f63/muted_mp4_med_size_1569082180_muted_med.mp4","size":513195}},"audio":{"high":{"url":"https://coub-anubis-a.akamaized.net/coub_storage/coub/simple/cw_looped_audio_high/8961f855d33/ee336a58e0e3c56c59669/1605653777_high_1561503165_high.mp3","size":1528466},"med":{"url":"https://coub-anubis-a.akamaized.net/coub_storage/coub/simple/cw_looped_audio_med/0f8f2483843/6450b854d780a2cfab72a/1605653776_med_1561503165_med.mp3","size":1513601}}},"mobile":{"video":"https://coub-anubis-a.akamaized.net/coub_storage/coub/simple/cw_file/3f178d33bdf/a82577ca02bf23cd53f63/muted_mp4_med_size_1569082180_muted_med.mp4","audio":["https://coub-anubis-a.akamaized.net/coub_storage/coub/simple/cw_looped_audio_med/0f8f2483843/6450b854d780a2cfab72a/1605653776_med_1561503165_med.mp3"]},"share":{"default":"https://coub-anubis-a.akamaized.net/coub_storage/coub/simple/cw_video_for_sharing/a0f44509026/71b2359a3bee1164d8aae/1608356178_looped_1608356177.mp4"}},"audio_versions":{"template":"https://coub-anubis-a.akamaized.net/coub_storage/audio_track/cw_file/c6fc02200fc/ad0d58c4a7c82390ea528/mid_1561503153_1mdsntc_edited.mp3","versions":["mid","low"]},"image_versions":{"template":"https://coub-anubis-a.akamaized.net/coub_storage/coub/simple/cw_image/8464bfd3e16/b01f5a42e055f5410c40a/1561503174_00030.jpg","versions":["micro","tiny","age_restricted","ios_large","ios_mosaic","big","med","small","pinterest"]},"first_frame_versions":{"template":"https://coub-anubis-a.akamaized.net/coub_storage/coub/simple/cw_timeline_pic/7c0a10c069f/3f0a83aba4b251aa54fac/%{version}_1561503173_image.jpg","versions":["big","med","small","ios_large"]},"dimensions":{"big":[1280,534],"med":[640,266]},"site_w_h":[640,267],"page_w_h":[640,267],"site_w_h_small":[310,129],"size":[1280,534],"age_restricted":false,"age_restricted_by_admin":false,"not_safe_for_work":false,"allow_reuse":false,"dont_crop":false,"banned":false,"global_safe":false,"audio_file_url":"https://coub-anubis-a.akamaized.net/coub_storage/audio_track/cw_file/c6fc02200fc/ad0d58c4a7c82390ea528/low_1561503153_1mdsntc_edited.mp3","external_download":false,"application":null,"channel":{"id":1598114,"permalink":"moustachee","title":"Moustache","description":null,"followers_count":1031,"following_count":0,"avatar_versions":{"template":"https://coub-anubis-a.akamaized.net/coub_storage/channel/cw_avatar/d2b0b28b6f1/b7e2607967423ad681fa0/%{version}_1626262949_1e216ba609111d3ff2b0cc979acf1bb1.jpg","versions":["medium","medium_2x","profile_pic","profile_pic_new","profile_pic_new_2x","tiny","tiny_2x","small","small_2x","ios_large","ios_small"]}},"file":null,"picture":"https://coub-anubis-a.akamaized.net/coub_storage/coub/simple/cw_image/8464bfd3e16/b01f5a42e055f5410c40a/1561503174_00030.jpg","timeline_picture":"https://coub-anubis-a.akamaized.net/coub_storage/coub/simple/cw_timeline_pic/7c0a10c069f/3f0a83aba4b251aa54fac/ios_large_1561503173_image.jpg","small_picture":"https://coub-anubis-a.akamaized.net/coub_storage/coub/simple/cw_image/8464bfd3e16/b01f5a42e055f5410c40a/1561503174_00030.jpg","sharing_picture":null,"percent_done":100,"tags":[{"id":1101,"title":"lord of the rings","value":"lord%20of%20the%20rings"},{"id":80604,"title":"saruman","value":"saruman"},{"id":57842,"title":"sauron","value":"sauron"},{"id":4523601,"title":"orks singing","value":"orks%20singing"},{"id":8394,"title":"lotr","value":"lotr"},{"id":5284,"title":"спартак","value":"%D1%81%D0%BF%D0%B0%D1%80%D1%82%D0%B0%D0%BA"},{"id":508938,"title":"знаешь ли ты","value":"%D0%B7%D0%BD%D0%B0%D0%B5%D1%88%D1%8C%20%D0%BB%D0%B8%20%D1%82%D1%8B"},{"id":4584,"title":"властелин колец","value":"%D0%B2%D0%BB%D0%B0%D1%81%D1%82%D0%B5%D0%BB%D0%B8%D0%BD%20%D0%BA%D0%BE%D0%BB%D0%B5%D1%86"},{"id":666,"title":"футбол","value":"%D1%84%D1%83%D1%82%D0%B1%D0%BE%D0%BB"},{"id":50,"title":"coub","value":"coub"},{"id":154,"title":"movie","value":"movie"},{"id":2409,"title":"movies","value":"movies"}],"categories":[{"id":19,"title":"Movies & TV","permalink":"movies","subscriptions_count":10078577,"big_image_url":"https://coub-anubis-a.akamaized.net/coub_storage/category/cw_image/dda6b36d2fb/9ae8ba82060e5659de192/big_1544758441_movies2.png","small_image_url":"https://coub-anubis-a.akamaized.net/coub_storage/category/cw_image/dda6b36d2fb/9ae8ba82060e5659de192/small_1544758441_movies2.png","med_image_url":"https://coub-anubis-a.akamaized.net/coub_storage/category/cw_image/dda6b36d2fb/9ae8ba82060e5659de192/med_1544758441_movies2.png","visible":true}],"communities":[{"id":19,"title":"Movies & TV","permalink":"movies","subscriptions_count":10078577,"big_image_url":"https://coub-anubis-a.akamaized.net/coub_storage/category/cw_image/dda6b36d2fb/9ae8ba82060e5659de192/big_1544758441_movies2.png","small_image_url":"https://coub-anubis-a.akamaized.net/coub_storage/category/cw_image/dda6b36d2fb/9ae8ba82060e5659de192/small_1544758441_movies2.png","med_image_url":"https://coub-anubis-a.akamaized.net/coub_storage/category/cw_image/dda6b36d2fb/9ae8ba82060e5659de192/med_1544758441_movies2.png","i_subscribed":true,"community_notifications_enabled":null,"description":null}],"recoubs_count":572,"remixes_count":3,"likes_count":2343,"dislikes_count":0,"raw_video_id":"","uploaded_by_ios_app":false,"uploaded_by_android_app":false,"media_blocks":{"uploaded_raw_videos":[],"external_raw_videos":[],"remixed_from_coubs":[{"id":29639348,"title":"Lord of the rings sing queen","url":"https://coub.com/coubs/1k7vcq/remix","image":"https://coub-anubis-a.akamaized.net/coub_storage/media_block/cw_image/ea609b25eac/22b664aa258af19a99a3c/1545338379_1kejm12_1545338367_00030.jpg","image_retina":"https://coub-anubis-a.akamaized.net/coub_storage/media_block/cw_image/ea609b25eac/22b664aa258af19a99a3c/1545338379_1kejm12_1545338367_00030.jpg","meta":{"duration":"9.32"},"duration":null,"coub_channel_title":"Weaver_Productions","coub_channel_permalink":"weaver-productions","coub_views_count":113820,"coub_permalink":"1k7vcq"}]},"raw_video_thumbnail_url":"","raw_video_title":"","video_block_banned":false,"duration":9.32,"promo_winner":false,"promo_winner_recoubers":null,"editorial_info":{},"promo_hint":null,"beeline_best_2014":null,"from_web_editor":true,"normalize_sound":false,"normalize_change_allowed":true,"best2015_addable":false,"ahmad_promo":null,"promo_data":null,"audio_copyright_claim":null,"ads_disabled":false,"is_safe_for_ads":true,"megafon_contents":[],"position_on_page":7},{"flag":null,"abuses":null,"recoubs_by_users_channels":null,"favourite":false,"promoted_id":null,"recoub":null,"like":null,"dislike":null,"reaction":null,"in_my_best2015":false,"id":86428453,"type":"Coub::Simple","permalink":"1f1tsp","title":"Beauty from 80's","visibility_type":"public","original_visibility_type":"public","channel_id":3462053,"created_at":"2018-09-26T20:29:28Z","updated_at":"2022-03-12T16:25:26Z","is_done":true,"views_count":190842,"cotd":null,"cotd_at":null,"visible_on_explore_root":false,"visible_on_explore":false,"featured":false,"published":true,"published_at":"2018-09-26T20:29:28Z","reversed":false,"from_editor_v2":true,"is_editable":true,"original_sound":false,"has_sound":false,"recoub_to":null,"file_versions":{"html5":{"video":{"higher":{"url":"https://coub-anubis-a.akamaized.net/coub_storage/coub/simple/cw_file/0b7fe453d93/4b03fabf4cdf220bf825f/muted_mp4_huge_size_1569771724_muted_huge.mp4","size":2480961},"high":{"url":"https://coub-anubis-a.akamaized.net/coub_storage/coub/simple/cw_file/0b7fe453d93/4b03fabf4cdf220bf825f/muted_mp4_big_size_1569771724_muted_big.mp4","size":1773417},"med":{"url":"https://coub-anubis-a.akamaized.net/coub_storage/coub/simple/cw_file/0b7fe453d93/4b03fabf4cdf220bf825f/muted_mp4_med_size_1569771724_muted_med.mp4","size":517154}},"audio":{"high":{"url":"https://coub-anubis-a.akamaized.net/coub_storage/coub/simple/cw_looped_audio_high/4a41bebf30e/4fe6ebf3894bc922692a7/1605606262_high_1537993830_high.mp3","size":1734799},"med":{"url":"https://coub-anubis-a.akamaized.net/coub_storage/coub/simple/cw_looped_audio_med/969e1f9b1af/374f422694acd433ad088/1605606262_med_1537993830_med.mp3","size":1286862}}},"mobile":{"video":"https://coub-anubis-a.akamaized.net/coub_storage/coub/simple/cw_file/0b7fe453d93/4b03fabf4cdf220bf825f/muted_mp4_med_size_1569771724_muted_med.mp4","audio":["https://coub-anubis-a.akamaized.net/coub_storage/coub/simple/cw_looped_audio_med/969e1f9b1af/374f422694acd433ad088/1605606262_med_1537993830_med.mp3"]},"share":{"default":"https://coub-anubis-a.akamaized.net/coub_storage/coub/simple/cw_video_for_sharing/3151d70c20c/323a410b9bc11fef8616b/1608248046_looped_1608248043.mp4"}},"audio_versions":{"template":"https://coub-anubis-a.akamaized.net/coub_storage/audio_track/cw_file/4b34d167c97/ccddcd98cbcfaeba1c07f/mid_1537993819_loujkr_edited.mp3","versions":["mid","low"]},"image_versions":{"template":"https://coub-anubis-a.akamaized.net/coub_storage/coub/simple/cw_image/b0bfb2db7e0/00c04b4b2837760804c3f/1537993838_00030.jpg","versions":["micro","tiny","age_restricted","ios_large","ios_mosaic","big","med","small","pinterest"]},"first_frame_versions":{"template":"https://coub-anubis-a.akamaized.net/coub_storage/coub/simple/cw_timeline_pic/177b58d79a6/1229804925aa952fe43cd/%{version}_1537993837_image.jpg","versions":["big","med","small","ios_large"]},"dimensions":{"big":[1280,542],"med":[640,270]},"site_w_h":[640,271],"page_w_h":[640,271],"site_w_h_small":[310,131],"size":[1280,542],"age_restricted":false,"age_restricted_by_admin":false,"not_safe_for_work":false,"allow_reuse":false,"dont_crop":false,"banned":false,"global_safe":true,"audio_file_url":"https://coub-anubis-a.akamaized.net/coub_storage/audio_track/cw_file/4b34d167c97/ccddcd98cbcfaeba1c07f/low_1537993819_loujkr_edited.mp3","external_download":false,"application":null,"channel":{"id":3462053,"permalink":"nigwardd","title":"nigward","description":null,"followers_count":423,"following_count":10,"avatar_versions":{"template":"https://coub-anubis-a.akamaized.net/coub_storage/channel/cw_avatar/b6197724666/b5a31efee241a2c78cf1f/%{version}_1608018634_13hff7l_1537576405_lil_uzzi.png","versions":["medium","medium_2x","profile_pic","profile_pic_new","profile_pic_new_2x","tiny","tiny_2x","small","small_2x","ios_large","ios_small"]}},"file":null,"picture":"https://coub-anubis-a.akamaized.net/coub_storage/coub/simple/cw_image/b0bfb2db7e0/00c04b4b2837760804c3f/1537993838_00030.jpg","timeline_picture":"https://coub-anubis-a.akamaized.net/coub_storage/coub/simple/cw_timeline_pic/177b58d79a6/1229804925aa952fe43cd/ios_large_1537993837_image.jpg","small_picture":"https://coub-anubis-a.akamaized.net/coub_storage/coub/simple/cw_image/b0bfb2db7e0/00c04b4b2837760804c3f/1537993838_00030.jpg","sharing_picture":null,"percent_done":100,"tags":[{"id":3549740,"title":"career opportunities (film)","value":"career%20opportunities%20(film)"},{"id":5453,"title":"jennifer connelly","value":"jennifer%20connelly"},{"id":254238,"title":"80's movies","value":"80's%20movies"}],"categories":[{"id":19,"title":"Movies & TV","permalink":"movies","subscriptions_count":10078577,"big_image_url":"https://coub-anubis-a.akamaized.net/coub_storage/category/cw_image/dda6b36d2fb/9ae8ba82060e5659de192/big_1544758441_movies2.png","small_image_url":"https://coub-anubis-a.akamaized.net/coub_storage/category/cw_image/dda6b36d2fb/9ae8ba82060e5659de192/small_1544758441_movies2.png","med_image_url":"https://coub-anubis-a.akamaized.net/coub_storage/category/cw_image/dda6b36d2fb/9ae8ba82060e5659de192/med_1544758441_movies2.png","visible":true}],"communities":[{"id":19,"title":"Movies & TV","permalink":"movies","subscriptions_count":10078577,"big_image_url":"https://coub-anubis-a.akamaized.net/coub_storage/category/cw_image/dda6b36d2fb/9ae8ba82060e5659de192/big_1544758441_movies2.png","small_image_url":"https://coub-anubis-a.akamaized.net/coub_storage/category/cw_image/dda6b36d2fb/9ae8ba82060e5659de192/small_1544758441_movies2.png","med_image_url":"https://coub-anubis-a.akamaized.net/coub_storage/category/cw_image/dda6b36d2fb/9ae8ba82060e5659de192/med_1544758441_movies2.png","i_subscribed":true,"community_notifications_enabled":null,"description":null}],"recoubs_count":531,"remixes_count":5,"likes_count":2343,"dislikes_count":0,"raw_video_id":12432865,"uploaded_by_ios_app":false,"uploaded_by_android_app":false,"media_blocks":{"uploaded_raw_videos":[],"external_raw_videos":[],"remixed_from_coubs":[]},"raw_video_thumbnail_url":"/missing/missing.png","raw_video_title":"Roller_Skating_Scene.mp4","video_block_banned":false,"duration":9.36,"promo_winner":false,"promo_winner_recoubers":null,"editorial_info":{},"promo_hint":null,"beeline_best_2014":null,"from_web_editor":true,"normalize_sound":false,"normalize_change_allowed":true,"best2015_addable":false,"ahmad_promo":null,"promo_data":null,"audio_copyright_claim":null,"ads_disabled":false,"is_safe_for_ads":true,"megafon_contents":[],"position_on_page":8},{"flag":null,"abuses":null,"recoubs_by_users_channels":null,"favourite":false,"promoted_id":null,"recoub":null,"like":null,"dislike":null,"reaction":null,"in_my_best2015":false,"id":11265362,"type":"Coub::Simple","permalink":"69b2o","title":"Quidditch in space ","visibility_type":"public","original_visibility_type":"public","channel_id":149747,"created_at":"2015-05-04T18:28:05Z","updated_at":"2022-03-13T13:19:01Z","is_done":true,"views_count":152387,"cotd":null,"cotd_at":null,"visible_on_explore_root":true,"visible_on_explore":true,"featured":true,"published":true,"published_at":"2015-05-04T18:28:05Z","reversed":false,"from_editor_v2":true,"is_editable":true,"original_sound":false,"has_sound":false,"recoub_to":null,"file_versions":{"html5":{"video":{"higher":{"url":"https://coub-anubis-a.akamaized.net/coub_storage/coub/simple/cw_file/7b5aed6dec1/55ef10060a0a79777d816/muted_mp4_huge_size_1567767894_muted_huge.mp4","size":1553082},"high":{"url":"https://coub-anubis-a.akamaized.net/coub_storage/coub/simple/cw_file/7b5aed6dec1/55ef10060a0a79777d816/muted_mp4_big_size_1567767894_muted_big.mp4","size":1129518},"med":{"url":"https://coub-anubis-a.akamaized.net/coub_storage/coub/simple/cw_file/7b5aed6dec1/55ef10060a0a79777d816/muted_mp4_med_size_1567767894_muted_med.mp4","size":407919}},"audio":{"high":{"url":"https://coub-anubis-a.akamaized.net/coub_storage/coub/simple/cw_looped_audio_high/075f4f68854/9ebc875e43c863df09f0d/1605451158_high_1445961124_high.mp3","size":4659408},"med":{"url":"https://coub-anubis-a.akamaized.net/coub_storage/coub/simple/cw_looped_audio_med/fee7122794c/b35596db40c0943c3d89f/1605451157_med_1445961124_med.mp3","size":3106271}}},"mobile":{"video":"https://coub-anubis-a.akamaized.net/coub_storage/coub/simple/cw_file/7b5aed6dec1/55ef10060a0a79777d816/muted_mp4_med_size_1567767894_muted_med.mp4","audio":["https://coub-anubis-a.akamaized.net/coub_storage/coub/simple/cw_looped_audio_med/fee7122794c/b35596db40c0943c3d89f/1605451157_med_1445961124_med.mp3"]},"share":{"default":"https://coub-anubis-a.akamaized.net/coub_storage/coub/simple/cw_video_for_sharing/7b1c31fc78b/214810c19dfe32be98a69/1613903347_looped_1613903346.mp4"}},"audio_versions":{"template":"https://coub-anubis-a.akamaized.net/coub_storage/audio_track/cw_normalized_copy/ad695b790b8/baa3a5b9a74014c51f36e/mid_1508236688_1owqysi_normalized_1471189303_audio.mp3","versions":["mid","low"]},"image_versions":{"template":"https://coub-anubis-a.akamaized.net/coub_storage/coub/simple/cw_image/dda187a4ea8/bb01d25224b22c064957f/1430824265_00016.jpg","versions":["micro","tiny","age_restricted","ios_large","ios_mosaic","big","med","small","pinterest"]},"first_frame_versions":{"template":"https://coub-anubis-a.akamaized.net/coub_storage/coub/simple/cw_timeline_pic/dda187a4ea8/bb01d25224b22c064957f/%{version}_1430824264_image.jpg","versions":["big","med","small","ios_large"]},"dimensions":{"big":[1280,800],"med":[640,400]},"site_w_h":[640,400],"page_w_h":[640,400],"site_w_h_small":[310,194],"size":[1280,800],"age_restricted":false,"age_restricted_by_admin":false,"not_safe_for_work":false,"allow_reuse":false,"dont_crop":false,"banned":false,"global_safe":true,"audio_file_url":"https://coub-anubis-a.akamaized.net/coub_storage/audio_track/cw_normalized_copy/ad695b790b8/baa3a5b9a74014c51f36e/low_1508236688_1owqysi_normalized_1471189303_audio.mp3","external_download":false,"application":null,"channel":{"id":149747,"permalink":"valery18","title":"Valery","description":null,"followers_count":60,"following_count":10,"avatar_versions":{"template":"https://coub-anubis-a.akamaized.net/coub_storage/channel/cw_avatar/3e2045272e5/d881ca4a28f9eac9ec3fd/%{version}_1474489004__9kY2P8bhrk.jpg","versions":["medium","medium_2x","profile_pic","profile_pic_new","profile_pic_new_2x","tiny","tiny_2x","small","small_2x","ios_large","ios_small"]}},"file":null,"picture":"https://coub-anubis-a.akamaized.net/coub_storage/coub/simple/cw_image/dda187a4ea8/bb01d25224b22c064957f/1430824265_00016.jpg","timeline_picture":"https://coub-anubis-a.akamaized.net/coub_storage/coub/simple/cw_timeline_pic/dda187a4ea8/bb01d25224b22c064957f/ios_large_1430824264_image.jpg","small_picture":"https://coub-anubis-a.akamaized.net/coub_storage/coub/simple/cw_image/dda187a4ea8/bb01d25224b22c064957f/1430824265_00016.jpg","sharing_picture":null,"percent_done":100,"tags":[{"id":279,"title":"harry potter","value":"harry%20potter"},{"id":123599,"title":"interstellar","value":"interstellar"},{"id":20797,"title":"quidditch","value":"quidditch"}],"categories":[{"id":19,"title":"Movies & TV","permalink":"movies","subscriptions_count":10078577,"big_image_url":"https://coub-anubis-a.akamaized.net/coub_storage/category/cw_image/dda6b36d2fb/9ae8ba82060e5659de192/big_1544758441_movies2.png","small_image_url":"https://coub-anubis-a.akamaized.net/coub_storage/category/cw_image/dda6b36d2fb/9ae8ba82060e5659de192/small_1544758441_movies2.png","med_image_url":"https://coub-anubis-a.akamaized.net/coub_storage/category/cw_image/dda6b36d2fb/9ae8ba82060e5659de192/med_1544758441_movies2.png","visible":true}],"communities":[{"id":19,"title":"Movies & TV","permalink":"movies","subscriptions_count":10078577,"big_image_url":"https://coub-anubis-a.akamaized.net/coub_storage/category/cw_image/dda6b36d2fb/9ae8ba82060e5659de192/big_1544758441_movies2.png","small_image_url":"https://coub-anubis-a.akamaized.net/coub_storage/category/cw_image/dda6b36d2fb/9ae8ba82060e5659de192/small_1544758441_movies2.png","med_image_url":"https://coub-anubis-a.akamaized.net/coub_storage/category/cw_image/dda6b36d2fb/9ae8ba82060e5659de192/med_1544758441_movies2.png","i_subscribed":true,"community_notifications_enabled":null,"description":null}],"recoubs_count":503,"remixes_count":0,"likes_count":2343,"dislikes_count":0,"raw_video_id":"","uploaded_by_ios_app":false,"uploaded_by_android_app":false,"media_blocks":{"uploaded_raw_videos":[],"external_raw_videos":[],"remixed_from_coubs":[{"id":18724376,"title":"Сквозь пространство и время","url":"http://coub.com/coubs/5pocs/remix","image":"https://coub-anubis-a.akamaized.net/coub_storage/media_block/cw_image/6e34ca185b6/212a85a7badd900c9349d/1491967810_1427876037_00026.jpg","image_retina":"https://coub-anubis-a.akamaized.net/coub_storage/media_block/cw_image/6e34ca185b6/212a85a7badd900c9349d/1491967810_1427876037_00026.jpg","meta":{"duration":"8.0"},"duration":null,"coub_channel_title":"POPIIIAX","coub_channel_permalink":"popiiiax","coub_views_count":1314,"coub_permalink":"5pocs"},{"id":18724383,"title":"Quidditch","url":"http://coub.com/coubs/5pous/remix","image":"https://coub-anubis-a.akamaized.net/coub_storage/media_block/cw_image/778d4c2bcf3/c6a3a6f220b8abd757474/1491967812_1427878959_00032.jpg","image_retina":"https://coub-anubis-a.akamaized.net/coub_storage/media_block/cw_image/778d4c2bcf3/c6a3a6f220b8abd757474/1491967812_1427878959_00032.jpg","meta":{"duration":"10.04"},"duration":null,"coub_channel_title":"POPIIIAX","coub_channel_permalink":"popiiiax","coub_views_count":589,"coub_permalink":"5pous"}],"audio_track":{"id":19589123,"title":"Unknown","url":null,"image":null,"image_retina":null,"meta":{"year":"0","album":null,"title":"Unknown","artist":null,"echonest_id":null},"duration":null,"amazon_url":null,"google_play_url":null,"bandcamp_url":null,"soundcloud_url":null,"track_name":null,"track_artist":null,"track_album":null,"itunes_url":null}},"raw_video_thumbnail_url":"","raw_video_title":"","video_block_banned":false,"duration":4.88,"promo_winner":false,"promo_winner_recoubers":null,"editorial_info":{},"promo_hint":null,"beeline_best_2014":null,"from_web_editor":true,"normalize_sound":true,"normalize_change_allowed":true,"best2015_addable":false,"ahmad_promo":null,"promo_data":null,"audio_copyright_claim":null,"ads_disabled":null,"is_safe_for_ads":true,"megafon_contents":[],"position_on_page":9},{"flag":null,"abuses":null,"recoubs_by_users_channels":null,"favourite":false,"promoted_id":null,"recoub":null,"like":null,"dislike":null,"reaction":null,"in_my_best2015":false,"id":78385544,"type":"Coub::Simple","permalink":"1a9fsp","title":"Sabotage","visibility_type":"public","original_visibility_type":"public","channel_id":1167619,"created_at":"2018-06-28T09:52:00Z","updated_at":"2022-03-13T09:45:52Z","is_done":true,"views_count":178614,"cotd":null,"cotd_at":null,"visible_on_explore_root":true,"visible_on_explore":true,"featured":true,"published":true,"published_at":"2018-06-28T09:52:00Z","reversed":false,"from_editor_v2":true,"is_editable":true,"original_sound":false,"has_sound":false,"recoub_to":null,"file_versions":{"html5":{"video":{"higher":{"url":"https://coub-anubis-a.akamaized.net/coub_storage/coub/simple/cw_file/077414f3abf/9d227c61240f6e1efdbce/muted_mp4_huge_size_1568252199_muted_huge.mp4","size":2382467},"high":{"url":"https://coub-anubis-a.akamaized.net/coub_storage/coub/simple/cw_file/077414f3abf/9d227c61240f6e1efdbce/muted_mp4_big_size_1568252199_muted_big.mp4","size":1829364},"med":{"url":"https://coub-anubis-a.akamaized.net/coub_storage/coub/simple/cw_file/077414f3abf/9d227c61240f6e1efdbce/muted_mp4_med_size_1568252199_muted_med.mp4","size":562826}},"audio":{"high":{"url":"https://coub-anubis-a.akamaized.net/coub_storage/coub/simple/cw_looped_audio_high/f18b88163a7/490c0a564488e413d7231/1605620616_high_1530179747_high.mp3","size":1470511},"med":{"url":"https://coub-anubis-a.akamaized.net/coub_storage/coub/simple/cw_looped_audio_med/798e9cfaded/0bbaff2c4d52b17b1b28a/1605620616_med_1530179747_med.mp3","size":1131738}}},"mobile":{"video":"https://coub-anubis-a.akamaized.net/coub_storage/coub/simple/cw_file/077414f3abf/9d227c61240f6e1efdbce/muted_mp4_med_size_1568252199_muted_med.mp4","audio":["https://coub-anubis-a.akamaized.net/coub_storage/coub/simple/cw_looped_audio_med/798e9cfaded/0bbaff2c4d52b17b1b28a/1605620616_med_1530179747_med.mp3"]},"share":{"default":"https://coub-anubis-a.akamaized.net/coub_storage/coub/simple/cw_video_for_sharing/74f1ad65b75/b42c0380d67172d9ebdfd/1613768343_looped_1613768342.mp4"}},"audio_versions":{"template":"https://coub-anubis-a.akamaized.net/coub_storage/audio_track/cw_normalized_copy/a0b26b7422c/0e8263062230c6b0251fe/mid_1530179742_1b0snkh_normalized_1530179736_2i1n7k_edited.mp3","versions":["mid","low"]},"image_versions":{"template":"https://coub-anubis-a.akamaized.net/coub_storage/coub/simple/cw_image/dddc22d00b0/d69241cf2441c047e836e/1530179754_00028.jpg","versions":["micro","tiny","age_restricted","ios_large","ios_mosaic","big","med","small","pinterest"]},"first_frame_versions":{"template":"https://coub-anubis-a.akamaized.net/coub_storage/coub/simple/cw_timeline_pic/a9959dfe129/5dcda322cd6caa8779ad9/%{version}_1530179753_image.jpg","versions":["big","med","small","ios_large"]},"dimensions":{"big":[1280,532],"med":[640,266]},"site_w_h":[640,266],"page_w_h":[640,266],"site_w_h_small":[310,129],"size":[1280,532],"age_restricted":false,"age_restricted_by_admin":false,"not_safe_for_work":false,"allow_reuse":false,"dont_crop":false,"banned":false,"global_safe":true,"audio_file_url":"https://coub-anubis-a.akamaized.net/coub_storage/audio_track/cw_normalized_copy/a0b26b7422c/0e8263062230c6b0251fe/low_1530179742_1b0snkh_normalized_1530179736_2i1n7k_edited.mp3","external_download":false,"application":null,"channel":{"id":1167619,"permalink":"sashanilov","title":"Sasha Nilov","description":"Make coubs not war!","followers_count":14325,"following_count":166,"avatar_versions":{"template":"https://coub-anubis-a.akamaized.net/coub_storage/channel/cw_avatar/b5e4219e998/2fa6c4c2f522523f8ec17/%{version}_1623145599_logo_sashanilov_coub-alpha.png","versions":["medium","medium_2x","profile_pic","profile_pic_new","profile_pic_new_2x","tiny","tiny_2x","small","small_2x","ios_large","ios_small"]}},"file":null,"picture":"https://coub-anubis-a.akamaized.net/coub_storage/coub/simple/cw_image/dddc22d00b0/d69241cf2441c047e836e/1530179754_00028.jpg","timeline_picture":"https://coub-anubis-a.akamaized.net/coub_storage/coub/simple/cw_timeline_pic/a9959dfe129/5dcda322cd6caa8779ad9/ios_large_1530179753_image.jpg","small_picture":"https://coub-anubis-a.akamaized.net/coub_storage/coub/simple/cw_image/dddc22d00b0/d69241cf2441c047e836e/1530179754_00028.jpg","sharing_picture":null,"percent_done":100,"tags":[{"id":62671,"title":"sabotage","value":"sabotage"},{"id":6371,"title":"rampage","value":"rampage"},{"id":1087,"title":"rock","value":"rock"}],"categories":[{"id":19,"title":"Movies & TV","permalink":"movies","subscriptions_count":10078577,"big_image_url":"https://coub-anubis-a.akamaized.net/coub_storage/category/cw_image/dda6b36d2fb/9ae8ba82060e5659de192/big_1544758441_movies2.png","small_image_url":"https://coub-anubis-a.akamaized.net/coub_storage/category/cw_image/dda6b36d2fb/9ae8ba82060e5659de192/small_1544758441_movies2.png","med_image_url":"https://coub-anubis-a.akamaized.net/coub_storage/category/cw_image/dda6b36d2fb/9ae8ba82060e5659de192/med_1544758441_movies2.png","visible":true}],"communities":[{"id":19,"title":"Movies & TV","permalink":"movies","subscriptions_count":10078577,"big_image_url":"https://coub-anubis-a.akamaized.net/coub_storage/category/cw_image/dda6b36d2fb/9ae8ba82060e5659de192/big_1544758441_movies2.png","small_image_url":"https://coub-anubis-a.akamaized.net/coub_storage/category/cw_image/dda6b36d2fb/9ae8ba82060e5659de192/small_1544758441_movies2.png","med_image_url":"https://coub-anubis-a.akamaized.net/coub_storage/category/cw_image/dda6b36d2fb/9ae8ba82060e5659de192/med_1544758441_movies2.png","i_subscribed":true,"community_notifications_enabled":null,"description":null}],"recoubs_count":513,"remixes_count":4,"likes_count":2342,"dislikes_count":0,"raw_video_id":11959736,"uploaded_by_ios_app":false,"uploaded_by_android_app":false,"media_blocks":{"uploaded_raw_videos":[],"external_raw_videos":[],"remixed_from_coubs":[]},"raw_video_thumbnail_url":"/missing/missing.png","raw_video_title":"Rampage_sabotage.mp4","video_block_banned":false,"duration":8.8,"promo_winner":false,"promo_winner_recoubers":null,"editorial_info":{},"promo_hint":null,"beeline_best_2014":null,"from_web_editor":true,"normalize_sound":true,"normalize_change_allowed":true,"best2015_addable":false,"ahmad_promo":null,"promo_data":null,"audio_copyright_claim":null,"ads_disabled":false,"is_safe_for_ads":true,"megafon_contents":[],"position_on_page":10}]}