{"page":378,"per_page":10,"total_pages":500,"coubs":[{"flag":null,"abuses":null,"recoubs_by_users_channels":null,"favourite":false,"promoted_id":null,"recoub":null,"like":null,"dislike":null,"reaction":null,"in_my_best2015":false,"id":115872741,"type":"Coub::Simple","permalink":"1wkxby","title":"Wake up","visibility_type":"public","original_visibility_type":"public","channel_id":1397904,"created_at":"2019-06-22T15:43:27Z","updated_at":"2022-03-08T17:07:45Z","is_done":true,"views_count":123758,"cotd":null,"cotd_at":null,"visible_on_explore_root":false,"visible_on_explore":false,"featured":false,"published":true,"published_at":"2019-06-22T15:44:58Z","reversed":false,"from_editor_v2":true,"is_editable":true,"original_sound":true,"has_sound":true,"recoub_to":null,"file_versions":{"html5":{"video":{"higher":{"url":"https://coub-anubis-a.akamaized.net/coub_storage/coub/simple/cw_file/2491768a153/0d4b36331e9a1802bdb76/muted_mp4_huge_size_1570777290_muted_huge.mp4","size":2201923},"high":{"url":"https://coub-anubis-a.akamaized.net/coub_storage/coub/simple/cw_file/2491768a153/0d4b36331e9a1802bdb76/muted_mp4_big_size_1570777290_muted_big.mp4","size":1640540},"med":{"url":"https://coub-anubis-a.akamaized.net/coub_storage/coub/simple/cw_file/2491768a153/0d4b36331e9a1802bdb76/muted_mp4_med_size_1570777290_muted_med.mp4","size":489129}},"audio":{"high":{"url":"https://coub-anubis-a.akamaized.net/coub_storage/coub/simple/cw_looped_audio_high/e3616e9fa73/d1e00c186ee1a9f0c4df0/1605658151_high_1561218218_high.mp3","size":1087328},"med":{"url":"https://coub-anubis-a.akamaized.net/coub_storage/coub/simple/cw_looped_audio_med/744cdbd2a45/457036f6904393a511ad4/1605658151_med_1561218218_med.mp3","size":891546},"sample_duration":7.987}},"mobile":{"video":"https://coub-anubis-a.akamaized.net/coub_storage/coub/simple/cw_file/2491768a153/0d4b36331e9a1802bdb76/muted_mp4_med_size_1570777290_muted_med.mp4","audio":["https://coub-anubis-a.akamaized.net/coub_storage/coub/simple/cw_looped_audio_med/744cdbd2a45/457036f6904393a511ad4/1605658151_med_1561218218_med.mp3"]},"share":{"default":"https://coub-anubis-a.akamaized.net/coub_storage/coub/simple/cw_video_for_sharing/ef85085d3dd/7f20d6d09161d6514a303/1616794443_looped_1616794443.mp4"}},"audio_versions":{},"image_versions":{"template":"https://coub-anubis-a.akamaized.net/coub_storage/coub/simple/cw_image/8fb4202f497/0e4f9a44a9e2ee7cf95ab/1561218225_00026.jpg","versions":["micro","tiny","age_restricted","ios_large","ios_mosaic","big","med","small","pinterest"]},"first_frame_versions":{"template":"https://coub-anubis-a.akamaized.net/coub_storage/coub/simple/cw_timeline_pic/c9f6defd560/060588c2ac92bf33b33b4/%{version}_1561218224_image.jpg","versions":["big","med","small","ios_large"]},"dimensions":{"big":[1280,720],"med":[640,360]},"site_w_h":[640,360],"page_w_h":[640,360],"site_w_h_small":[310,174],"size":[1280,720],"age_restricted":false,"age_restricted_by_admin":false,"not_safe_for_work":false,"allow_reuse":false,"dont_crop":false,"banned":false,"global_safe":true,"audio_file_url":null,"external_download":false,"application":null,"channel":{"id":1397904,"permalink":"funnykaplan","title":"Funny Kaplan","description":"Funny Or Not Here I Come","followers_count":28236,"following_count":217,"avatar_versions":{"template":"https://coub-anubis-a.akamaized.net/coub_storage/channel/cw_avatar/3466001cc9f/7bef465ddaf551643cdfd/%{version}_1607422598_cwtblm_1486022923_pv_14222.jpg","versions":["medium","medium_2x","profile_pic","profile_pic_new","profile_pic_new_2x","tiny","tiny_2x","small","small_2x","ios_large","ios_small"]}},"file":null,"picture":"https://coub-anubis-a.akamaized.net/coub_storage/coub/simple/cw_image/8fb4202f497/0e4f9a44a9e2ee7cf95ab/1561218225_00026.jpg","timeline_picture":"https://coub-anubis-a.akamaized.net/coub_storage/coub/simple/cw_timeline_pic/c9f6defd560/060588c2ac92bf33b33b4/ios_large_1561218224_image.jpg","small_picture":"https://coub-anubis-a.akamaized.net/coub_storage/coub/simple/cw_image/8fb4202f497/0e4f9a44a9e2ee7cf95ab/1561218225_00026.jpg","sharing_picture":null,"percent_done":100,"tags":[{"id":5979,"title":"бриллиантовая рука","value":"%D0%B1%D1%80%D0%B8%D0%BB%D0%BB%D0%B8%D0%B0%D0%BD%D1%82%D0%BE%D0%B2%D0%B0%D1%8F%20%D1%80%D1%83%D0%BA%D0%B0"},{"id":137012,"title":"советские фильмы","value":"%D1%81%D0%BE%D0%B2%D0%B5%D1%82%D1%81%D0%BA%D0%B8%D0%B5%20%D1%84%D0%B8%D0%BB%D1%8C%D0%BC%D1%8B"},{"id":9574,"title":"переозвучка","value":"%D0%BF%D0%B5%D1%80%D0%B5%D0%BE%D0%B7%D0%B2%D1%83%D1%87%D0%BA%D0%B0"},{"id":11338,"title":"андрей миронов","value":"%D0%B0%D0%BD%D0%B4%D1%80%D0%B5%D0%B9%20%D0%BC%D0%B8%D1%80%D0%BE%D0%BD%D0%BE%D0%B2"},{"id":499590,"title":"анатолий папанов","value":"%D0%B0%D0%BD%D0%B0%D1%82%D0%BE%D0%BB%D0%B8%D0%B9%20%D0%BF%D0%B0%D0%BF%D0%B0%D0%BD%D0%BE%D0%B2"},{"id":5021413,"title":"wake the fuck up samurai","value":"wake%20the%20fuck%20up%20samurai"},{"id":3782,"title":"keanu reeves","value":"keanu%20reeves"}],"categories":[{"id":19,"title":"Movies & TV","permalink":"movies","subscriptions_count":10078577,"big_image_url":"https://coub-anubis-a.akamaized.net/coub_storage/category/cw_image/dda6b36d2fb/9ae8ba82060e5659de192/big_1544758441_movies2.png","small_image_url":"https://coub-anubis-a.akamaized.net/coub_storage/category/cw_image/dda6b36d2fb/9ae8ba82060e5659de192/small_1544758441_movies2.png","med_image_url":"https://coub-anubis-a.akamaized.net/coub_storage/category/cw_image/dda6b36d2fb/9ae8ba82060e5659de192/med_1544758441_movies2.png","visible":true}],"communities":[{"id":19,"title":"Movies & TV","permalink":"movies","subscriptions_count":10078577,"big_image_url":"https://coub-anubis-a.akamaized.net/coub_storage/category/cw_image/dda6b36d2fb/9ae8ba82060e5659de192/big_1544758441_movies2.png","small_image_url":"https://coub-anubis-a.akamaized.net/coub_storage/category/cw_image/dda6b36d2fb/9ae8ba82060e5659de192/small_1544758441_movies2.png","med_image_url":"https://coub-anubis-a.akamaized.net/coub_storage/category/cw_image/dda6b36d2fb/9ae8ba82060e5659de192/med_1544758441_movies2.png","i_subscribed":true,"community_notifications_enabled":null,"description":null}],"recoubs_count":414,"remixes_count":0,"likes_count":2061,"dislikes_count":0,"raw_video_id":13884820,"uploaded_by_ios_app":false,"uploaded_by_android_app":false,"media_blocks":{"uploaded_raw_videos":[],"external_raw_videos":[],"remixed_from_coubs":[]},"raw_video_thumbnail_url":"/missing/missing.png","raw_video_title":"wake.mov","video_block_banned":false,"duration":8.0,"promo_winner":false,"promo_winner_recoubers":null,"editorial_info":{},"promo_hint":null,"beeline_best_2014":null,"from_web_editor":true,"normalize_sound":false,"normalize_change_allowed":true,"best2015_addable":false,"ahmad_promo":null,"promo_data":null,"audio_copyright_claim":null,"ads_disabled":false,"is_safe_for_ads":true,"megafon_contents":[],"position_on_page":1},{"flag":null,"abuses":null,"recoubs_by_users_channels":null,"favourite":false,"promoted_id":null,"recoub":null,"like":null,"dislike":null,"reaction":null,"in_my_best2015":false,"id":79601964,"type":"Coub::Simple","permalink":"1aziec","title":"Wrong «Lobby»","visibility_type":"public","original_visibility_type":"public","channel_id":1993274,"created_at":"2018-07-12T23:57:26Z","updated_at":"2022-03-14T09:02:37Z","is_done":true,"views_count":195681,"cotd":null,"cotd_at":null,"visible_on_explore_root":true,"visible_on_explore":true,"featured":true,"published":true,"published_at":"2018-07-12T23:57:26Z","reversed":false,"from_editor_v2":true,"is_editable":true,"original_sound":false,"has_sound":false,"recoub_to":null,"file_versions":{"html5":{"video":{"higher":{"url":"https://coub-anubis-a.akamaized.net/coub_storage/coub/simple/cw_file/8cdd8da7084/6358c38acdcf67db69c1c/muted_mp4_huge_size_1568258069_muted_huge.mp4","size":4018089},"high":{"url":"https://coub-anubis-a.akamaized.net/coub_storage/coub/simple/cw_file/8cdd8da7084/6358c38acdcf67db69c1c/muted_mp4_big_size_1568258069_muted_big.mp4","size":3129983},"med":{"url":"https://coub-anubis-a.akamaized.net/coub_storage/coub/simple/cw_file/8cdd8da7084/6358c38acdcf67db69c1c/muted_mp4_med_size_1568258069_muted_med.mp4","size":747917}},"audio":{"high":{"url":"https://coub-anubis-a.akamaized.net/coub_storage/coub/simple/cw_looped_audio_high/c6feb6daa90/4f49cc7bed52f29ed5fb8/1605618942_high_1531443102_high.mp3","size":1424473},"med":{"url":"https://coub-anubis-a.akamaized.net/coub_storage/coub/simple/cw_looped_audio_med/34d544e9a18/6041e2de4b0bb8e41a86a/1605618942_med_1531443102_med.mp3","size":1116413}}},"mobile":{"video":"https://coub-anubis-a.akamaized.net/coub_storage/coub/simple/cw_file/8cdd8da7084/6358c38acdcf67db69c1c/muted_mp4_med_size_1568258069_muted_med.mp4","audio":["https://coub-anubis-a.akamaized.net/coub_storage/coub/simple/cw_looped_audio_med/34d544e9a18/6041e2de4b0bb8e41a86a/1605618942_med_1531443102_med.mp3"]},"share":{"default":"https://coub-anubis-a.akamaized.net/coub_storage/coub/simple/cw_video_for_sharing/f30db3eb6d3/c4edd49560ba18aecf5ba/1609018425_looped_1609018422.mp4"}},"audio_versions":{"template":"https://coub-anubis-a.akamaized.net/coub_storage/audio_track/cw_normalized_copy/b1f0e0ed735/3a220da63ecb3bb0d1038/mid_1531443097_g7c4ch_normalized_1531443090_uqz99p_edited.mp3","versions":["mid","low"]},"image_versions":{"template":"https://coub-anubis-a.akamaized.net/coub_storage/coub/simple/cw_image/e51d878ceb0/b1b481a0dba257f3613a8/1531443111_00032.jpg","versions":["micro","tiny","age_restricted","ios_large","ios_mosaic","big","med","small","pinterest"]},"first_frame_versions":{"template":"https://coub-anubis-a.akamaized.net/coub_storage/coub/simple/cw_timeline_pic/2ded9a43784/fcd83fbc37d877f6ee324/%{version}_1531443110_image.jpg","versions":["big","med","small","ios_large"]},"dimensions":{"big":[1280,720],"med":[640,360]},"site_w_h":[640,360],"page_w_h":[640,360],"site_w_h_small":[310,174],"size":[1280,720],"age_restricted":false,"age_restricted_by_admin":false,"not_safe_for_work":false,"allow_reuse":false,"dont_crop":false,"banned":false,"global_safe":true,"audio_file_url":"https://coub-anubis-a.akamaized.net/coub_storage/audio_track/cw_normalized_copy/b1f0e0ed735/3a220da63ecb3bb0d1038/low_1531443097_g7c4ch_normalized_1531443090_uqz99p_edited.mp3","external_download":false,"application":null,"channel":{"id":1993274,"permalink":"jesvideos","title":"Jes Paralles","description":"If you like my work, press follow \r\n- this is a great way to say thank you.","followers_count":6064,"following_count":83,"avatar_versions":{"template":"https://coub-anubis-a.akamaized.net/coub_storage/channel/cw_avatar/e4077ac00a8/abf5c78653e167d8f893d/%{version}_1607427103_w2iqxi_1522785454_Screenshot_2.png","versions":["medium","medium_2x","profile_pic","profile_pic_new","profile_pic_new_2x","tiny","tiny_2x","small","small_2x","ios_large","ios_small"]}},"file":null,"picture":"https://coub-anubis-a.akamaized.net/coub_storage/coub/simple/cw_image/e51d878ceb0/b1b481a0dba257f3613a8/1531443111_00032.jpg","timeline_picture":"https://coub-anubis-a.akamaized.net/coub_storage/coub/simple/cw_timeline_pic/2ded9a43784/fcd83fbc37d877f6ee324/ios_large_1531443110_image.jpg","small_picture":"https://coub-anubis-a.akamaized.net/coub_storage/coub/simple/cw_image/e51d878ceb0/b1b481a0dba257f3613a8/1531443111_00032.jpg","sharing_picture":null,"percent_done":100,"tags":[{"id":5070,"title":"stanley kubrick","value":"stanley%20kubrick"},{"id":610,"title":"horror","value":"horror"},{"id":1060,"title":"scream","value":"scream"},{"id":1253,"title":"wtf","value":"wtf"},{"id":54713,"title":"tramp","value":"tramp"},{"id":211627,"title":"lobby","value":"lobby"},{"id":192569,"title":"mashups","value":"mashups"},{"id":288361,"title":"hybrids","value":"hybrids"},{"id":5326,"title":"mashup","value":"mashup"},{"id":93297,"title":"eyes wide shut","value":"eyes%20wide%20shut"},{"id":107046,"title":"home alone 2","value":"home%20alone%202"}],"categories":[{"id":19,"title":"Movies & TV","permalink":"movies","subscriptions_count":10078577,"big_image_url":"https://coub-anubis-a.akamaized.net/coub_storage/category/cw_image/dda6b36d2fb/9ae8ba82060e5659de192/big_1544758441_movies2.png","small_image_url":"https://coub-anubis-a.akamaized.net/coub_storage/category/cw_image/dda6b36d2fb/9ae8ba82060e5659de192/small_1544758441_movies2.png","med_image_url":"https://coub-anubis-a.akamaized.net/coub_storage/category/cw_image/dda6b36d2fb/9ae8ba82060e5659de192/med_1544758441_movies2.png","visible":true}],"communities":[{"id":19,"title":"Movies & TV","permalink":"movies","subscriptions_count":10078577,"big_image_url":"https://coub-anubis-a.akamaized.net/coub_storage/category/cw_image/dda6b36d2fb/9ae8ba82060e5659de192/big_1544758441_movies2.png","small_image_url":"https://coub-anubis-a.akamaized.net/coub_storage/category/cw_image/dda6b36d2fb/9ae8ba82060e5659de192/small_1544758441_movies2.png","med_image_url":"https://coub-anubis-a.akamaized.net/coub_storage/category/cw_image/dda6b36d2fb/9ae8ba82060e5659de192/med_1544758441_movies2.png","i_subscribed":true,"community_notifications_enabled":null,"description":null}],"recoubs_count":350,"remixes_count":0,"likes_count":2061,"dislikes_count":0,"raw_video_id":12033483,"uploaded_by_ios_app":false,"uploaded_by_android_app":false,"media_blocks":{"uploaded_raw_videos":[],"external_raw_videos":[],"remixed_from_coubs":[]},"raw_video_thumbnail_url":"/missing/missing.png","raw_video_title":"9.MP4","video_block_banned":false,"duration":10.0,"promo_winner":false,"promo_winner_recoubers":null,"editorial_info":{},"promo_hint":null,"beeline_best_2014":null,"from_web_editor":true,"normalize_sound":true,"normalize_change_allowed":true,"best2015_addable":false,"ahmad_promo":null,"promo_data":null,"audio_copyright_claim":null,"ads_disabled":false,"is_safe_for_ads":true,"megafon_contents":[],"position_on_page":2},{"flag":null,"abuses":null,"recoubs_by_users_channels":null,"favourite":false,"promoted_id":null,"recoub":null,"like":null,"dislike":null,"reaction":null,"in_my_best2015":false,"id":51316887,"type":"Coub::Simple","permalink":"u3ral","title":"Blade Runner vs Blade Runner 2049","visibility_type":"public","original_visibility_type":"public","channel_id":3425131,"created_at":"2017-05-11T11:34:33Z","updated_at":"2022-03-15T22:58:22Z","is_done":true,"views_count":177602,"cotd":null,"cotd_at":null,"visible_on_explore_root":true,"visible_on_explore":true,"featured":true,"published":true,"published_at":"2017-05-11T11:34:33Z","reversed":false,"from_editor_v2":true,"is_editable":true,"original_sound":false,"has_sound":false,"recoub_to":null,"file_versions":{"html5":{"video":{"higher":{"url":"https://coub-anubis-a.akamaized.net/coub_storage/coub/simple/cw_file/98cef842caa/d2f40e733aca30852fb77/muted_mp4_huge_size_1568110880_muted_huge.mp4","size":2675502},"high":{"url":"https://coub-anubis-a.akamaized.net/coub_storage/coub/simple/cw_file/98cef842caa/d2f40e733aca30852fb77/muted_mp4_big_size_1568110880_muted_big.mp4","size":1797259},"med":{"url":"https://coub-anubis-a.akamaized.net/coub_storage/coub/simple/cw_file/98cef842caa/d2f40e733aca30852fb77/muted_mp4_med_size_1568110880_muted_med.mp4","size":521692}},"audio":{"high":{"url":"https://coub-anubis-a.akamaized.net/coub_storage/coub/simple/cw_looped_audio_high/5787b40d39a/0fcce7fc859ccde955d67/1605597121_high_1494502532_high.mp3","size":3818678},"med":{"url":"https://coub-anubis-a.akamaized.net/coub_storage/coub/simple/cw_looped_audio_med/a68cf9c107e/72dacb9b5c233a9878027/1605597121_med_1494502532_med.mp3","size":3452128}}},"mobile":{"video":"https://coub-anubis-a.akamaized.net/coub_storage/coub/simple/cw_file/98cef842caa/d2f40e733aca30852fb77/muted_mp4_med_size_1568110880_muted_med.mp4","audio":["https://coub-anubis-a.akamaized.net/coub_storage/coub/simple/cw_looped_audio_med/a68cf9c107e/72dacb9b5c233a9878027/1605597121_med_1494502532_med.mp3"]},"share":{"default":"https://coub-anubis-a.akamaized.net/coub_storage/coub/simple/cw_video_for_sharing/eb4cf348a4e/0a332526a462318dec884/1610186313_looped_1610186312.mp4"}},"audio_versions":{"template":"https://coub-anubis-a.akamaized.net/coub_storage/audio_track/cw_normalized_copy/0456bf5f0ab/b3ceba3a44dd041e70356/mid_1494502522_1ac72m8_normalized_1494502508_hsd0xx_edited.mp3","versions":["mid","low"]},"image_versions":{"template":"https://coub-anubis-a.akamaized.net/coub_storage/coub/simple/cw_image/04eb461173e/ec7ca101dad42503397fa/1494502542_00032.jpg","versions":["micro","tiny","age_restricted","ios_large","ios_mosaic","big","med","small","pinterest"]},"first_frame_versions":{"template":"https://coub-anubis-a.akamaized.net/coub_storage/coub/simple/cw_timeline_pic/66cf43f4bbc/a069fe688c561dbb66404/1494502541_image.jpg","versions":["big","med","small","ios_large"]},"dimensions":{"big":[1154,960],"med":[576,480]},"site_w_h":[640,532],"page_w_h":[640,532],"site_w_h_small":[310,258],"size":[1154,960],"age_restricted":false,"age_restricted_by_admin":false,"not_safe_for_work":false,"allow_reuse":false,"dont_crop":false,"banned":false,"global_safe":true,"audio_file_url":"https://coub-anubis-a.akamaized.net/coub_storage/audio_track/cw_normalized_copy/0456bf5f0ab/b3ceba3a44dd041e70356/low_1494502522_1ac72m8_normalized_1494502508_hsd0xx_edited.mp3","external_download":{"type":"Facebook","service_name":"Facebook","url":"http://www.facebook.com/imdb/videos/10155469189298949/","has_embed":false},"application":null,"channel":{"id":3425131,"permalink":"thebladerunner","title":"Blade runner","description":null,"followers_count":5872,"following_count":3,"avatar_versions":{"template":"https://coub-anubis-a.akamaized.net/coub_storage/channel/cw_avatar/ab85fb87f14/09d47cc5cf5de02c4cd4c/%{version}_1607432169_uvii2e_1486341345_bladreunner2.jpg","versions":["medium","medium_2x","profile_pic","profile_pic_new","profile_pic_new_2x","tiny","tiny_2x","small","small_2x","ios_large","ios_small"]}},"file":null,"picture":"https://coub-anubis-a.akamaized.net/coub_storage/coub/simple/cw_image/04eb461173e/ec7ca101dad42503397fa/1494502542_00032.jpg","timeline_picture":"https://coub-anubis-a.akamaized.net/coub_storage/coub/simple/cw_timeline_pic/66cf43f4bbc/a069fe688c561dbb66404/1494502541_image.jpg","small_picture":"https://coub-anubis-a.akamaized.net/coub_storage/coub/simple/cw_image/04eb461173e/ec7ca101dad42503397fa/1494502542_00032.jpg","sharing_picture":null,"percent_done":100,"tags":[{"id":2413,"title":"ryan gosling","value":"ryan%20gosling"},{"id":572,"title":"gosling","value":"gosling"},{"id":7764,"title":"harrison ford","value":"harrison%20ford"},{"id":2435561,"title":"blade runner 2049","value":"blade%20runner%202049"},{"id":1033,"title":"blade runner","value":"blade%20runner"}],"categories":[{"id":19,"title":"Movies & TV","permalink":"movies","subscriptions_count":10078577,"big_image_url":"https://coub-anubis-a.akamaized.net/coub_storage/category/cw_image/dda6b36d2fb/9ae8ba82060e5659de192/big_1544758441_movies2.png","small_image_url":"https://coub-anubis-a.akamaized.net/coub_storage/category/cw_image/dda6b36d2fb/9ae8ba82060e5659de192/small_1544758441_movies2.png","med_image_url":"https://coub-anubis-a.akamaized.net/coub_storage/category/cw_image/dda6b36d2fb/9ae8ba82060e5659de192/med_1544758441_movies2.png","visible":true}],"communities":[{"id":19,"title":"Movies & TV","permalink":"movies","subscriptions_count":10078577,"big_image_url":"https://coub-anubis-a.akamaized.net/coub_storage/category/cw_image/dda6b36d2fb/9ae8ba82060e5659de192/big_1544758441_movies2.png","small_image_url":"https://coub-anubis-a.akamaized.net/coub_storage/category/cw_image/dda6b36d2fb/9ae8ba82060e5659de192/small_1544758441_movies2.png","med_image_url":"https://coub-anubis-a.akamaized.net/coub_storage/category/cw_image/dda6b36d2fb/9ae8ba82060e5659de192/med_1544758441_movies2.png","i_subscribed":true,"community_notifications_enabled":null,"description":null}],"recoubs_count":393,"remixes_count":1,"likes_count":2061,"dislikes_count":0,"raw_video_id":9605808,"uploaded_by_ios_app":true,"uploaded_by_android_app":false,"media_blocks":{"uploaded_raw_videos":[],"external_raw_videos":[{"id":20417250,"title":"Blade Runner vs Blade Runner 2049.","url":"https://www.facebook.com/imdb/videos/10155469189298949","image":"https://coub-anubis-a.akamaized.net/coub_storage/media_block/cw_image/020207a3888/f2c617fad15586eb0754d/1494483544_1494483543_image.jpg","image_retina":"https://coub-anubis-a.akamaized.net/coub_storage/media_block/cw_image/020207a3888/f2c617fad15586eb0754d/1494483544_1494483543_image.jpg","meta":{"service":"Facebook","duration":"136.762"},"duration":136.762,"raw_video_id":9605808,"has_embed":false}],"remixed_from_coubs":[],"external_video":{"id":20417250,"title":"Blade Runner vs Blade Runner 2049.","url":"https://www.facebook.com/imdb/videos/10155469189298949","image":"https://coub-anubis-a.akamaized.net/coub_storage/media_block/cw_image/020207a3888/f2c617fad15586eb0754d/1494483544_1494483543_image.jpg","image_retina":"https://coub-anubis-a.akamaized.net/coub_storage/media_block/cw_image/020207a3888/f2c617fad15586eb0754d/1494483544_1494483543_image.jpg","meta":{"service":"Facebook","duration":"136.762"},"duration":136.762,"raw_video_id":9605808,"has_embed":false}},"raw_video_thumbnail_url":"/missing/missing.png","raw_video_title":"Blade Runner vs Blade Runner 2049.","video_block_banned":false,"duration":9.96,"promo_winner":false,"promo_winner_recoubers":null,"editorial_info":{},"promo_hint":null,"beeline_best_2014":null,"from_web_editor":false,"normalize_sound":true,"normalize_change_allowed":true,"best2015_addable":false,"ahmad_promo":null,"promo_data":null,"audio_copyright_claim":null,"ads_disabled":null,"is_safe_for_ads":true,"megafon_contents":[],"position_on_page":3},{"flag":null,"abuses":null,"recoubs_by_users_channels":null,"favourite":false,"promoted_id":null,"recoub":null,"like":null,"dislike":null,"reaction":null,"in_my_best2015":false,"id":50062137,"type":"Coub::Simple","permalink":"tcv43","title":"crossed the line","visibility_type":"public","original_visibility_type":"public","channel_id":1901818,"created_at":"2017-04-11T12:30:47Z","updated_at":"2022-03-09T04:59:03Z","is_done":true,"views_count":110533,"cotd":null,"cotd_at":null,"visible_on_explore_root":true,"visible_on_explore":true,"featured":true,"published":true,"published_at":"2017-04-11T12:30:47Z","reversed":false,"from_editor_v2":true,"is_editable":true,"original_sound":false,"has_sound":false,"recoub_to":null,"file_versions":{"html5":{"video":{"higher":{"url":"https://coub-anubis-a.akamaized.net/coub_storage/coub/simple/cw_file/05c59b4f91d/4cb3d7b08bbd3a431a6bb/muted_mp4_huge_size_1568103337_muted_huge.mp4","size":4781458},"high":{"url":"https://coub-anubis-a.akamaized.net/coub_storage/coub/simple/cw_file/05c59b4f91d/4cb3d7b08bbd3a431a6bb/muted_mp4_big_size_1568103337_muted_big.mp4","size":3509214},"med":{"url":"https://coub-anubis-a.akamaized.net/coub_storage/coub/simple/cw_file/05c59b4f91d/4cb3d7b08bbd3a431a6bb/muted_mp4_med_size_1568103337_muted_med.mp4","size":1163708}},"audio":{"high":{"url":"https://coub-anubis-a.akamaized.net/coub_storage/coub/simple/cw_looped_audio_high/c372abfce5c/fdeeb886b1c5c12e37cbd/1605592172_high_1491913947_high.mp3","size":4402193},"med":{"url":"https://coub-anubis-a.akamaized.net/coub_storage/coub/simple/cw_looped_audio_med/4bec89d2beb/80e30bb6b507be2ef34d8/1605592171_med_1491913947_med.mp3","size":3985335}}},"mobile":{"video":"https://coub-anubis-a.akamaized.net/coub_storage/coub/simple/cw_file/05c59b4f91d/4cb3d7b08bbd3a431a6bb/muted_mp4_med_size_1568103337_muted_med.mp4","audio":["https://coub-anubis-a.akamaized.net/coub_storage/coub/simple/cw_looped_audio_med/4bec89d2beb/80e30bb6b507be2ef34d8/1605592171_med_1491913947_med.mp3"]},"share":{"default":"https://coub-anubis-a.akamaized.net/coub_storage/coub/simple/cw_video_for_sharing/d2414323422/f712e5572a591b9d4a27b/1618096046_looped_1618096045.mp4"}},"audio_versions":{"template":"https://coub-anubis-a.akamaized.net/coub_storage/audio_track/cw_normalized_copy/02b8962cea6/07ae3a5d65c399348544f/mid_1491913930_89yg7x_normalized_1491913911_1pjqaad_edited.mp3","versions":["mid","low"]},"image_versions":{"template":"https://coub-anubis-a.akamaized.net/coub_storage/coub/simple/cw_image/433f3df158f/5656014368ef341f817d9/1491913964_00032.jpg","versions":["micro","tiny","age_restricted","ios_large","ios_mosaic","big","med","small","pinterest"]},"first_frame_versions":{"template":"https://coub-anubis-a.akamaized.net/coub_storage/coub/simple/cw_timeline_pic/1cafc4cfba7/dfbddb8c9e86073c8b367/%{version}_1491913963_image.jpg","versions":["big","med","small","ios_large"]},"dimensions":{"big":[1280,720],"med":[640,360]},"site_w_h":[640,360],"page_w_h":[640,360],"site_w_h_small":[310,174],"size":[1280,720],"age_restricted":false,"age_restricted_by_admin":false,"not_safe_for_work":false,"allow_reuse":false,"dont_crop":false,"banned":false,"global_safe":true,"audio_file_url":"https://coub-anubis-a.akamaized.net/coub_storage/audio_track/cw_normalized_copy/02b8962cea6/07ae3a5d65c399348544f/low_1491913930_89yg7x_normalized_1491913911_1pjqaad_edited.mp3","external_download":{"type":"Youtube","service_name":"YouTube","url":"http://www.youtube.com/watch?v=8IxtKdzPNxE","has_embed":true},"application":null,"channel":{"id":1901818,"permalink":"lmntvzhd","title":"zheoda","description":"sıɥʇ ɥɔʇɐʍ ʇou ɹǝʇʇǝq ˙sʞɔns ʇıɥs sıɥʇ","followers_count":1254,"following_count":95,"avatar_versions":{"template":"https://coub-anubis-a.akamaized.net/coub_storage/channel/cw_avatar/154695770e0/88ade19b2557a74198ef9/%{version}_1645791775_babac6e8b320914ec64bfb8c5a1554686.jpg","versions":["medium","medium_2x","profile_pic","profile_pic_new","profile_pic_new_2x","tiny","tiny_2x","small","small_2x","ios_large","ios_small"]}},"file":null,"picture":"https://coub-anubis-a.akamaized.net/coub_storage/coub/simple/cw_image/433f3df158f/5656014368ef341f817d9/1491913964_00032.jpg","timeline_picture":"https://coub-anubis-a.akamaized.net/coub_storage/coub/simple/cw_timeline_pic/1cafc4cfba7/dfbddb8c9e86073c8b367/ios_large_1491913963_image.jpg","small_picture":"https://coub-anubis-a.akamaized.net/coub_storage/coub/simple/cw_image/433f3df158f/5656014368ef341f817d9/1491913964_00032.jpg","sharing_picture":null,"percent_done":100,"tags":[{"id":25567,"title":"narcos","value":"narcos"},{"id":20073,"title":"supernatural","value":"supernatural"},{"id":5021,"title":"lucifer","value":"lucifer"},{"id":127260,"title":"once upon a time","value":"once%20upon%20a%20time"},{"id":279,"title":"harry potter","value":"harry%20potter"},{"id":5265,"title":"naruto","value":"naruto"},{"id":2151,"title":"iron man","value":"iron%20man"},{"id":26727,"title":"the avengers","value":"the%20avengers"},{"id":156654,"title":"x men","value":"x%20men"},{"id":795,"title":"spiderman","value":"spiderman"},{"id":1013063,"title":"furious 8","value":"furious%208"},{"id":427,"title":"man of steel","value":"man%20of%20steel"},{"id":32768,"title":"assassin's creed","value":"assassin's%20creed"},{"id":715,"title":"dark knight","value":"dark%20knight"},{"id":295,"title":"batman","value":"batman"},{"id":2699,"title":"the lord of the rings","value":"the%20lord%20of%20the%20rings"},{"id":12883,"title":"fan video","value":"fan%20video"},{"id":1595038,"title":"stranger things","value":"stranger%20things"},{"id":2290699,"title":"the most epic music","value":"the%20most%20epic%20music"},{"id":46219,"title":"heroes","value":"heroes"},{"id":774,"title":"game of thrones","value":"game%20of%20thrones"},{"id":2913768,"title":"epic cinematic video","value":"epic%20cinematic%20video"},{"id":242311,"title":"multifandom","value":"multifandom"}],"categories":[{"id":19,"title":"Movies & TV","permalink":"movies","subscriptions_count":10078577,"big_image_url":"https://coub-anubis-a.akamaized.net/coub_storage/category/cw_image/dda6b36d2fb/9ae8ba82060e5659de192/big_1544758441_movies2.png","small_image_url":"https://coub-anubis-a.akamaized.net/coub_storage/category/cw_image/dda6b36d2fb/9ae8ba82060e5659de192/small_1544758441_movies2.png","med_image_url":"https://coub-anubis-a.akamaized.net/coub_storage/category/cw_image/dda6b36d2fb/9ae8ba82060e5659de192/med_1544758441_movies2.png","visible":true}],"communities":[{"id":19,"title":"Movies & TV","permalink":"movies","subscriptions_count":10078577,"big_image_url":"https://coub-anubis-a.akamaized.net/coub_storage/category/cw_image/dda6b36d2fb/9ae8ba82060e5659de192/big_1544758441_movies2.png","small_image_url":"https://coub-anubis-a.akamaized.net/coub_storage/category/cw_image/dda6b36d2fb/9ae8ba82060e5659de192/small_1544758441_movies2.png","med_image_url":"https://coub-anubis-a.akamaized.net/coub_storage/category/cw_image/dda6b36d2fb/9ae8ba82060e5659de192/med_1544758441_movies2.png","i_subscribed":true,"community_notifications_enabled":null,"description":null}],"recoubs_count":418,"remixes_count":1,"likes_count":2061,"dislikes_count":0,"raw_video_id":9441311,"uploaded_by_ios_app":false,"uploaded_by_android_app":false,"media_blocks":{"uploaded_raw_videos":[],"external_raw_videos":[{"id":18483060,"title":"Multifandom || I Believe I Can Fly(TYS)","url":"http://www.youtube.com/watch?v=8IxtKdzPNxE","image":"https://coub-anubis-a.akamaized.net/coub_storage/media_block/cw_image/89bd9c1a832/da63b9a2a0d8bd561e8fa/1492781191_1491912425_unws6u_att-url-download.jpg","image_retina":"https://coub-anubis-a.akamaized.net/coub_storage/media_block/cw_image/89bd9c1a832/da63b9a2a0d8bd561e8fa/1492781191_1491912425_unws6u_att-url-download.jpg","meta":{"service":"Youtube","duration":"249.16"},"duration":249.16,"raw_video_id":9441311,"has_embed":true}],"remixed_from_coubs":[],"external_video":{"id":18483060,"title":"Multifandom || I Believe I Can Fly(TYS)","url":"http://www.youtube.com/watch?v=8IxtKdzPNxE","image":"https://coub-anubis-a.akamaized.net/coub_storage/media_block/cw_image/89bd9c1a832/da63b9a2a0d8bd561e8fa/1492781191_1491912425_unws6u_att-url-download.jpg","image_retina":"https://coub-anubis-a.akamaized.net/coub_storage/media_block/cw_image/89bd9c1a832/da63b9a2a0d8bd561e8fa/1492781191_1491912425_unws6u_att-url-download.jpg","meta":{"service":"Youtube","duration":"249.16"},"duration":249.16,"raw_video_id":9441311,"has_embed":true}},"raw_video_thumbnail_url":"/missing/missing.png","raw_video_title":"Multifandom || I Believe I Can Fly(TYS)","video_block_banned":false,"duration":10.0,"promo_winner":false,"promo_winner_recoubers":null,"editorial_info":{},"promo_hint":null,"beeline_best_2014":null,"from_web_editor":true,"normalize_sound":true,"normalize_change_allowed":true,"best2015_addable":false,"ahmad_promo":null,"promo_data":null,"audio_copyright_claim":null,"ads_disabled":null,"is_safe_for_ads":true,"megafon_contents":[],"position_on_page":4},{"flag":null,"abuses":null,"recoubs_by_users_channels":null,"favourite":false,"promoted_id":null,"recoub":null,"like":null,"dislike":null,"reaction":null,"in_my_best2015":false,"id":78555212,"type":"Coub::Simple","permalink":"1ad2pp","title":"-Это феррари?  - Нет, это бентли ","visibility_type":"public","original_visibility_type":"public","channel_id":2565291,"created_at":"2018-06-30T10:34:48Z","updated_at":"2022-03-07T16:26:57Z","is_done":true,"views_count":154417,"cotd":null,"cotd_at":null,"visible_on_explore_root":false,"visible_on_explore":false,"featured":false,"published":true,"published_at":"2018-06-30T10:34:48Z","reversed":false,"from_editor_v2":true,"is_editable":true,"original_sound":false,"has_sound":false,"recoub_to":null,"file_versions":{"html5":{"video":{"higher":{"url":"https://coub-anubis-a.akamaized.net/coub_storage/coub/simple/cw_file/a53df00a82c/f663ed4d733375e4fd49a/muted_mp4_huge_size_1568252926_muted_huge.mp4","size":3650262},"high":{"url":"https://coub-anubis-a.akamaized.net/coub_storage/coub/simple/cw_file/a53df00a82c/f663ed4d733375e4fd49a/muted_mp4_big_size_1568252926_muted_big.mp4","size":2559634},"med":{"url":"https://coub-anubis-a.akamaized.net/coub_storage/coub/simple/cw_file/a53df00a82c/f663ed4d733375e4fd49a/muted_mp4_med_size_1568252926_muted_med.mp4","size":854579}},"audio":{"high":{"url":"https://coub-anubis-a.akamaized.net/coub_storage/coub/simple/cw_looped_audio_high/a6bb4010746/f3d0ce7a505b1951e6a65/1605620780_high_1530354945_high.mp3","size":5826998},"med":{"url":"https://coub-anubis-a.akamaized.net/coub_storage/coub/simple/cw_looped_audio_med/2b9ed731b61/756188e3d4c87ed8738af/1605620780_med_1530354945_med.mp3","size":4147613}}},"mobile":{"video":"https://coub-anubis-a.akamaized.net/coub_storage/coub/simple/cw_file/a53df00a82c/f663ed4d733375e4fd49a/muted_mp4_med_size_1568252926_muted_med.mp4","audio":["https://coub-anubis-a.akamaized.net/coub_storage/coub/simple/cw_looped_audio_med/2b9ed731b61/756188e3d4c87ed8738af/1605620780_med_1530354945_med.mp3"]},"share":{"default":"https://coub-anubis-a.akamaized.net/coub_storage/coub/simple/cw_video_for_sharing/067b91de4b8/40792dd74dc9bed108ae2/1620132745_looped_1620132743.mp4"}},"audio_versions":{"template":"https://coub-anubis-a.akamaized.net/coub_storage/audio_track/cw_normalized_copy/358a142e2c8/43ef036041ae63a880887/mid_1530354927_hv2rav_normalized_1530354906_1387bpz_edited.mp3","versions":["mid","low"]},"image_versions":{"template":"https://coub-anubis-a.akamaized.net/coub_storage/coub/simple/cw_image/6e767e24abf/a564367ea78b6f0378bc7/1530354965_00032.jpg","versions":["micro","tiny","age_restricted","ios_large","ios_mosaic","big","med","small","pinterest"]},"first_frame_versions":{"template":"https://coub-anubis-a.akamaized.net/coub_storage/coub/simple/cw_timeline_pic/767082d9920/ec071de593d8c17d5f411/%{version}_1530354964_image.jpg","versions":["big","med","small","ios_large"]},"dimensions":{"big":[1280,800],"med":[640,400]},"site_w_h":[640,400],"page_w_h":[640,400],"site_w_h_small":[310,194],"size":[1280,800],"age_restricted":false,"age_restricted_by_admin":false,"not_safe_for_work":false,"allow_reuse":false,"dont_crop":false,"banned":false,"global_safe":false,"audio_file_url":"https://coub-anubis-a.akamaized.net/coub_storage/audio_track/cw_normalized_copy/358a142e2c8/43ef036041ae63a880887/low_1530354927_hv2rav_normalized_1530354906_1387bpz_edited.mp3","external_download":{"type":"Youtube","service_name":"YouTube","url":"http://www.youtube.com/watch?v=trYxbaHIhyE","has_embed":true},"application":null,"channel":{"id":2565291,"permalink":"x-x10612","title":"Birdman","description":null,"followers_count":68,"following_count":23,"avatar_versions":{"template":"https://coub-anubis-a.akamaized.net/coub_storage/channel/cw_avatar/f77de820f8d/7b76bc78d14db3e403f26/%{version}_1609416671_16uuudm_1568420705_cropped.jpeg","versions":["medium","medium_2x","profile_pic","profile_pic_new","profile_pic_new_2x","tiny","tiny_2x","small","small_2x","ios_large","ios_small"]}},"file":null,"picture":"https://coub-anubis-a.akamaized.net/coub_storage/coub/simple/cw_image/6e767e24abf/a564367ea78b6f0378bc7/1530354965_00032.jpg","timeline_picture":"https://coub-anubis-a.akamaized.net/coub_storage/coub/simple/cw_timeline_pic/767082d9920/ec071de593d8c17d5f411/ios_large_1530354964_image.jpg","small_picture":"https://coub-anubis-a.akamaized.net/coub_storage/coub/simple/cw_image/6e767e24abf/a564367ea78b6f0378bc7/1530354965_00032.jpg","sharing_picture":null,"percent_done":100,"tags":[{"id":50064,"title":"ქართული","value":"%E1%83%A5%E1%83%90%E1%83%A0%E1%83%97%E1%83%A3%E1%83%9A%E1%83%98"},{"id":2796596,"title":"მხატვრული","value":"%E1%83%9B%E1%83%AE%E1%83%90%E1%83%A2%E1%83%95%E1%83%A0%E1%83%A3%E1%83%9A%E1%83%98"},{"id":140287,"title":"ფილმი","value":"%E1%83%A4%E1%83%98%E1%83%9A%E1%83%9B%E1%83%98"},{"id":362287,"title":"კახეთი","value":"%E1%83%99%E1%83%90%E1%83%AE%E1%83%94%E1%83%97%E1%83%98"},{"id":1033835,"title":"რთველი","value":"%E1%83%A0%E1%83%97%E1%83%95%E1%83%94%E1%83%9A%E1%83%98"},{"id":1893894,"title":"ყურძენი","value":"%E1%83%A7%E1%83%A3%E1%83%A0%E1%83%AB%E1%83%94%E1%83%9C%E1%83%98"},{"id":2838429,"title":"ბადაგი","value":"%E1%83%91%E1%83%90%E1%83%93%E1%83%90%E1%83%92%E1%83%98"},{"id":1361620,"title":"მაჭარი","value":"%E1%83%9B%E1%83%90%E1%83%AD%E1%83%90%E1%83%A0%E1%83%98"},{"id":347026,"title":"ღვინო","value":"%E1%83%A6%E1%83%95%E1%83%98%E1%83%9C%E1%83%9D"},{"id":333989,"title":"გივი","value":"%E1%83%92%E1%83%98%E1%83%95%E1%83%98"},{"id":1194808,"title":"ბერიკაშვილი","value":"%E1%83%91%E1%83%94%E1%83%A0%E1%83%98%E1%83%99%E1%83%90%E1%83%A8%E1%83%95%E1%83%98%E1%83%9A%E1%83%98"},{"id":326154,"title":"კახი","value":"%E1%83%99%E1%83%90%E1%83%AE%E1%83%98"},{"id":326153,"title":"კავსაძე","value":"%E1%83%99%E1%83%90%E1%83%95%E1%83%A1%E1%83%90%E1%83%AB%E1%83%94"},{"id":39632,"title":"კინო","value":"%E1%83%99%E1%83%98%E1%83%9C%E1%83%9D"},{"id":617507,"title":"ციტატა","value":"%E1%83%AA%E1%83%98%E1%83%A2%E1%83%90%E1%83%A2%E1%83%90"},{"id":1699675,"title":"ფრაზა","value":"%E1%83%A4%E1%83%A0%E1%83%90%E1%83%96%E1%83%90"},{"id":2855072,"title":"ზვერი","value":"%E1%83%96%E1%83%95%E1%83%94%E1%83%A0%E1%83%98"},{"id":1301209,"title":"ბურნუთა","value":"%E1%83%91%E1%83%A3%E1%83%A0%E1%83%9C%E1%83%A3%E1%83%97%E1%83%90"},{"id":1301210,"title":"მაყვალა","value":"%E1%83%9B%E1%83%90%E1%83%A7%E1%83%95%E1%83%90%E1%83%9A%E1%83%90"},{"id":4093899,"title":"doskoreivstrechi","value":"doskoreivstrechi"}],"categories":[{"id":19,"title":"Movies & TV","permalink":"movies","subscriptions_count":10078577,"big_image_url":"https://coub-anubis-a.akamaized.net/coub_storage/category/cw_image/dda6b36d2fb/9ae8ba82060e5659de192/big_1544758441_movies2.png","small_image_url":"https://coub-anubis-a.akamaized.net/coub_storage/category/cw_image/dda6b36d2fb/9ae8ba82060e5659de192/small_1544758441_movies2.png","med_image_url":"https://coub-anubis-a.akamaized.net/coub_storage/category/cw_image/dda6b36d2fb/9ae8ba82060e5659de192/med_1544758441_movies2.png","visible":true}],"communities":[{"id":19,"title":"Movies & TV","permalink":"movies","subscriptions_count":10078577,"big_image_url":"https://coub-anubis-a.akamaized.net/coub_storage/category/cw_image/dda6b36d2fb/9ae8ba82060e5659de192/big_1544758441_movies2.png","small_image_url":"https://coub-anubis-a.akamaized.net/coub_storage/category/cw_image/dda6b36d2fb/9ae8ba82060e5659de192/small_1544758441_movies2.png","med_image_url":"https://coub-anubis-a.akamaized.net/coub_storage/category/cw_image/dda6b36d2fb/9ae8ba82060e5659de192/med_1544758441_movies2.png","i_subscribed":true,"community_notifications_enabled":null,"description":null}],"recoubs_count":251,"remixes_count":0,"likes_count":2060,"dislikes_count":0,"raw_video_id":11969985,"uploaded_by_ios_app":false,"uploaded_by_android_app":false,"media_blocks":{"uploaded_raw_videos":[],"external_raw_videos":[{"id":24440352,"title":"სიყვარული ყველას უნდა - თოვლი - 111","url":"http://www.youtube.com/watch?v=trYxbaHIhyE","image":"https://coub-anubis-a.akamaized.net/coub_storage/media_block/cw_image/8774c41d11a/7ceb9925d07da4d4a8ea1/1517086426_1517086417_11uu92q_att-url-download.jpg","image_retina":"https://coub-anubis-a.akamaized.net/coub_storage/media_block/cw_image/8774c41d11a/7ceb9925d07da4d4a8ea1/1517086426_1517086417_11uu92q_att-url-download.jpg","meta":{"service":"Youtube","duration":"5.36"},"duration":5.36,"raw_video_id":11013517,"has_embed":true},{"id":25305293,"title":"გავიცნოთ ერთმანეთი","url":"http://www.youtube.com/watch?v=NG1zXTdjamY","image":"https://coub-anubis-a.akamaized.net/coub_storage/media_block/cw_image/5963496c4e9/7ab1df7c6b3c7960ded54/1520959838_1520959828_11p0z8p_att-url-download.jpg","image_retina":"https://coub-anubis-a.akamaized.net/coub_storage/media_block/cw_image/5963496c4e9/7ab1df7c6b3c7960ded54/1520959838_1520959828_11p0z8p_att-url-download.jpg","meta":{"service":"Youtube","duration":"48.4"},"duration":48.4,"raw_video_id":11315319,"has_embed":true},{"id":27104956,"title":"kino v tixari siyvaruli yvelas unda mp4","url":"https://www.youtube.com/watch?v=N9WuZX1wD0o","image":"https://coub-anubis-a.akamaized.net/coub_storage/media_block/cw_image/5b8ca5101a7/9e4f9e33b389bc3ac70b6/1530354502_1530354495_hc2fni_att-url-download.jpg","image_retina":"https://coub-anubis-a.akamaized.net/coub_storage/media_block/cw_image/5b8ca5101a7/9e4f9e33b389bc3ac70b6/1530354502_1530354495_hc2fni_att-url-download.jpg","meta":{"service":"Youtube","duration":"19.48"},"duration":19.48,"raw_video_id":11969985,"has_embed":true}],"remixed_from_coubs":[],"external_video":{"id":24440352,"title":"სიყვარული ყველას უნდა - თოვლი - 111","url":"http://www.youtube.com/watch?v=trYxbaHIhyE","image":"https://coub-anubis-a.akamaized.net/coub_storage/media_block/cw_image/8774c41d11a/7ceb9925d07da4d4a8ea1/1517086426_1517086417_11uu92q_att-url-download.jpg","image_retina":"https://coub-anubis-a.akamaized.net/coub_storage/media_block/cw_image/8774c41d11a/7ceb9925d07da4d4a8ea1/1517086426_1517086417_11uu92q_att-url-download.jpg","meta":{"service":"Youtube","duration":"5.36"},"duration":5.36,"raw_video_id":11013517,"has_embed":true}},"raw_video_thumbnail_url":"/missing/missing.png","raw_video_title":"kino v tixari siyvaruli yvelas unda mp4","video_block_banned":false,"duration":10.0,"promo_winner":false,"promo_winner_recoubers":null,"editorial_info":{},"promo_hint":null,"beeline_best_2014":null,"from_web_editor":true,"normalize_sound":true,"normalize_change_allowed":true,"best2015_addable":false,"ahmad_promo":null,"promo_data":null,"audio_copyright_claim":null,"ads_disabled":false,"is_safe_for_ads":true,"megafon_contents":[],"position_on_page":5},{"flag":null,"abuses":null,"recoubs_by_users_channels":null,"favourite":false,"promoted_id":null,"recoub":null,"like":null,"dislike":null,"reaction":null,"in_my_best2015":false,"id":30256495,"type":"Coub::Simple","permalink":"hkcuq","title":"Freedom","visibility_type":"public","original_visibility_type":"public","channel_id":1447802,"created_at":"2016-11-27T00:23:07Z","updated_at":"2022-03-08T04:10:47Z","is_done":true,"views_count":125818,"cotd":null,"cotd_at":null,"visible_on_explore_root":false,"visible_on_explore":false,"featured":false,"published":true,"published_at":"2016-11-27T00:23:07Z","reversed":false,"from_editor_v2":true,"is_editable":true,"original_sound":false,"has_sound":false,"recoub_to":null,"file_versions":{"html5":{"video":{"higher":{"url":"https://coub-anubis-a.akamaized.net/coub_storage/coub/simple/cw_file/6b386343e83/195752d8b78504c4e8442/muted_mp4_huge_size_1568037927_muted_huge.mp4","size":3723673},"high":{"url":"https://coub-anubis-a.akamaized.net/coub_storage/coub/simple/cw_file/6b386343e83/195752d8b78504c4e8442/muted_mp4_big_size_1568037927_muted_big.mp4","size":2384278},"med":{"url":"https://coub-anubis-a.akamaized.net/coub_storage/coub/simple/cw_file/6b386343e83/195752d8b78504c4e8442/muted_mp4_med_size_1568037927_muted_med.mp4","size":665725}},"audio":{"high":{"url":"https://coub-anubis-a.akamaized.net/coub_storage/coub/simple/cw_looped_audio_high/f7c469b6f6e/6240444524b2a3b093d3c/1605558288_high_1480206215_high.mp3","size":4314351},"med":{"url":"https://coub-anubis-a.akamaized.net/coub_storage/coub/simple/cw_looped_audio_med/423aebc9849/87bac7db3365389643edc/1605558287_med_1480206215_med.mp3","size":3644555}}},"mobile":{"video":"https://coub-anubis-a.akamaized.net/coub_storage/coub/simple/cw_file/6b386343e83/195752d8b78504c4e8442/muted_mp4_med_size_1568037927_muted_med.mp4","audio":["https://coub-anubis-a.akamaized.net/coub_storage/coub/simple/cw_looped_audio_med/423aebc9849/87bac7db3365389643edc/1605558287_med_1480206215_med.mp3"]},"share":{"default":"https://coub-anubis-a.akamaized.net/coub_storage/coub/simple/cw_video_for_sharing/5d65ca612fa/516b5056f202c2f8f9c4c/1610368871_looped_1610368865.mp4"}},"audio_versions":{"template":"https://coub-anubis-a.akamaized.net/coub_storage/audio_track/cw_normalized_copy/c8fa024fc7a/85a40a45698dac1fefa16/mid_1545243628_normalized_1480204758_audio.mp3","versions":["mid","low"]},"image_versions":{"template":"https://coub-anubis-a.akamaized.net/coub_storage/coub/simple/cw_image/66311691bab/f2a78df7bfab722b7da90/1480206228_00032.jpg","versions":["micro","tiny","age_restricted","ios_large","ios_mosaic","big","med","small","pinterest"]},"first_frame_versions":{"template":"https://coub-anubis-a.akamaized.net/coub_storage/coub/simple/cw_timeline_pic/66311691bab/f2a78df7bfab722b7da90/1480206228_image.jpg","versions":["big","med","small","ios_large"]},"dimensions":{"big":[1280,722],"med":[640,360]},"site_w_h":[640,361],"page_w_h":[640,361],"site_w_h_small":[310,175],"size":[1280,722],"age_restricted":false,"age_restricted_by_admin":false,"not_safe_for_work":false,"allow_reuse":false,"dont_crop":false,"banned":false,"global_safe":true,"audio_file_url":"https://coub-anubis-a.akamaized.net/coub_storage/audio_track/cw_normalized_copy/c8fa024fc7a/85a40a45698dac1fefa16/low_1545243628_normalized_1480204758_audio.mp3","external_download":false,"application":null,"channel":{"id":1447802,"permalink":"neonmurder","title":"Neon Murder","description":null,"followers_count":3703,"following_count":86,"avatar_versions":{"template":"https://coub-anubis-a.akamaized.net/coub_storage/channel/cw_avatar/4d5a75500bd/e4162660e3511a8480a69/%{version}_1608016043_1l5uszr_1474714346_zzzzzzzzzzzzzzzzzz.jpg","versions":["medium","medium_2x","profile_pic","profile_pic_new","profile_pic_new_2x","tiny","tiny_2x","small","small_2x","ios_large","ios_small"]}},"file":null,"picture":"https://coub-anubis-a.akamaized.net/coub_storage/coub/simple/cw_image/66311691bab/f2a78df7bfab722b7da90/1480206228_00032.jpg","timeline_picture":"https://coub-anubis-a.akamaized.net/coub_storage/coub/simple/cw_timeline_pic/66311691bab/f2a78df7bfab722b7da90/1480206228_image.jpg","small_picture":"https://coub-anubis-a.akamaized.net/coub_storage/coub/simple/cw_image/66311691bab/f2a78df7bfab722b7da90/1480206228_00032.jpg","sharing_picture":null,"percent_done":100,"tags":[{"id":298748,"title":"academeg","value":"academeg"},{"id":7134,"title":"xfiles","value":"xfiles"},{"id":5740,"title":"dream","value":"dream"},{"id":2941,"title":"california","value":"california"},{"id":14257,"title":"way","value":"way"},{"id":2112,"title":"sunset","value":"sunset"},{"id":142247,"title":"блудливая калифорния","value":"%D0%B1%D0%BB%D1%83%D0%B4%D0%BB%D0%B8%D0%B2%D0%B0%D1%8F%20%D0%BA%D0%B0%D0%BB%D0%B8%D1%84%D0%BE%D1%80%D0%BD%D0%B8%D1%8F"},{"id":3419,"title":"motherfucker","value":"motherfucker"},{"id":30367,"title":"hank moody","value":"hank%20moody"},{"id":384235,"title":"malder","value":"malder"},{"id":15230,"title":"serial","value":"serial"},{"id":229,"title":"cinema","value":"cinema"},{"id":886,"title":"tv","value":"tv"},{"id":4111,"title":"chill","value":"chill"},{"id":14786,"title":"porshe","value":"porshe"},{"id":98899,"title":"david duchovny","value":"david%20duchovny"},{"id":669,"title":"road","value":"road"},{"id":1804,"title":"trip","value":"trip"},{"id":4699,"title":"freedom","value":"freedom"},{"id":6064,"title":"californication","value":"californication"},{"id":1064606,"title":"the eden project","value":"the%20eden%20project"},{"id":2307758,"title":"the eden project - circles (mng remix)","value":"the%20eden%20project%20-%20circles%20(mng%20remix)"}],"categories":[{"id":19,"title":"Movies & TV","permalink":"movies","subscriptions_count":10078577,"big_image_url":"https://coub-anubis-a.akamaized.net/coub_storage/category/cw_image/dda6b36d2fb/9ae8ba82060e5659de192/big_1544758441_movies2.png","small_image_url":"https://coub-anubis-a.akamaized.net/coub_storage/category/cw_image/dda6b36d2fb/9ae8ba82060e5659de192/small_1544758441_movies2.png","med_image_url":"https://coub-anubis-a.akamaized.net/coub_storage/category/cw_image/dda6b36d2fb/9ae8ba82060e5659de192/med_1544758441_movies2.png","visible":true}],"communities":[{"id":19,"title":"Movies & TV","permalink":"movies","subscriptions_count":10078577,"big_image_url":"https://coub-anubis-a.akamaized.net/coub_storage/category/cw_image/dda6b36d2fb/9ae8ba82060e5659de192/big_1544758441_movies2.png","small_image_url":"https://coub-anubis-a.akamaized.net/coub_storage/category/cw_image/dda6b36d2fb/9ae8ba82060e5659de192/small_1544758441_movies2.png","med_image_url":"https://coub-anubis-a.akamaized.net/coub_storage/category/cw_image/dda6b36d2fb/9ae8ba82060e5659de192/med_1544758441_movies2.png","i_subscribed":true,"community_notifications_enabled":null,"description":null}],"recoubs_count":559,"remixes_count":9,"likes_count":2060,"dislikes_count":0,"raw_video_id":5608604,"uploaded_by_ios_app":false,"uploaded_by_android_app":false,"media_blocks":{"uploaded_raw_videos":[],"external_raw_videos":[],"remixed_from_coubs":[]},"raw_video_thumbnail_url":"/missing/missing.png","raw_video_title":"california.mp4","video_block_banned":false,"duration":9.92,"promo_winner":false,"promo_winner_recoubers":null,"editorial_info":{},"promo_hint":null,"beeline_best_2014":null,"from_web_editor":true,"normalize_sound":true,"normalize_change_allowed":true,"best2015_addable":false,"ahmad_promo":null,"promo_data":null,"audio_copyright_claim":null,"ads_disabled":null,"is_safe_for_ads":true,"megafon_contents":[],"position_on_page":6},{"flag":null,"abuses":null,"recoubs_by_users_channels":null,"favourite":false,"promoted_id":null,"recoub":null,"like":null,"dislike":null,"reaction":null,"in_my_best2015":false,"id":64078420,"type":"Coub::Simple","permalink":"11pa93","title":"Valinor","visibility_type":"public","original_visibility_type":"public","channel_id":75880,"created_at":"2018-01-08T15:34:25Z","updated_at":"2022-03-16T02:48:36Z","is_done":true,"views_count":201769,"cotd":null,"cotd_at":null,"visible_on_explore_root":true,"visible_on_explore":true,"featured":true,"published":true,"published_at":"2018-01-08T16:00:12Z","reversed":false,"from_editor_v2":true,"is_editable":true,"original_sound":false,"has_sound":false,"recoub_to":null,"file_versions":{"html5":{"video":{"higher":{"url":"https://coub-anubis-a.akamaized.net/coub_storage/coub/simple/cw_file/01b97537aea/3ea7f855e56b8be8b4101/muted_mp4_huge_size_1568180733_muted_huge.mp4","size":2135796},"high":{"url":"https://coub-anubis-a.akamaized.net/coub_storage/coub/simple/cw_file/01b97537aea/3ea7f855e56b8be8b4101/muted_mp4_big_size_1568180733_muted_big.mp4","size":1538111},"med":{"url":"https://coub-anubis-a.akamaized.net/coub_storage/coub/simple/cw_file/01b97537aea/3ea7f855e56b8be8b4101/muted_mp4_med_size_1568180733_muted_med.mp4","size":383004}},"audio":{"high":{"url":"https://coub-anubis-a.akamaized.net/coub_storage/coub/simple/cw_looped_audio_high/8c2b15f262c/414de283f5139d15e416d/1605625384_high_1515425686_high.mp3","size":1309181},"med":{"url":"https://coub-anubis-a.akamaized.net/coub_storage/coub/simple/cw_looped_audio_med/05aaf27d1f9/34f76cdceb596b2e3ae89/1605625384_med_1515425686_med.mp3","size":917504}}},"mobile":{"video":"https://coub-anubis-a.akamaized.net/coub_storage/coub/simple/cw_file/01b97537aea/3ea7f855e56b8be8b4101/muted_mp4_med_size_1568180733_muted_med.mp4","audio":["https://coub-anubis-a.akamaized.net/coub_storage/coub/simple/cw_looped_audio_med/05aaf27d1f9/34f76cdceb596b2e3ae89/1605625384_med_1515425686_med.mp3"]},"share":{"default":"https://coub-anubis-a.akamaized.net/coub_storage/coub/simple/cw_video_for_sharing/3f3b5aa2ef1/00f1b01e1ea3e7c281a27/1609848837_looped_1609848836.mp4"}},"audio_versions":{"template":"https://coub-anubis-a.akamaized.net/coub_storage/audio_track/cw_file/737d9dd8a98/37662b6c00cb1c48ed7f6/mid_1515425162_audio.mp3","versions":["mid","low"]},"image_versions":{"template":"https://coub-anubis-a.akamaized.net/coub_storage/coub/simple/cw_image/3afac853a11/105e2128f00809feb09fb/1515425693_00032.jpg","versions":["micro","tiny","age_restricted","ios_large","ios_mosaic","big","med","small","pinterest"]},"first_frame_versions":{"template":"https://coub-anubis-a.akamaized.net/coub_storage/coub/simple/cw_timeline_pic/9c32c6e1c10/00caa3dbcb543efc21c19/%{version}_1515425693_image.jpg","versions":["big","med","small","ios_large"]},"dimensions":{"big":[1280,538],"med":[640,268]},"site_w_h":[640,269],"page_w_h":[640,269],"site_w_h_small":[310,130],"size":[1280,538],"age_restricted":false,"age_restricted_by_admin":false,"not_safe_for_work":false,"allow_reuse":false,"dont_crop":false,"banned":false,"global_safe":true,"audio_file_url":"https://coub-anubis-a.akamaized.net/coub_storage/audio_track/cw_file/737d9dd8a98/37662b6c00cb1c48ed7f6/low_1515425162_audio.mp3","external_download":false,"application":null,"channel":{"id":75880,"permalink":"mosaic-del-master","title":"mozaichnyh del master","description":null,"followers_count":45506,"following_count":24,"avatar_versions":{"template":"https://coub-anubis-a.akamaized.net/coub_storage/channel/cw_avatar/df4183cb8fc/04af838202009a5dbfa5e/%{version}_1546860848_Daragon_7.jpg","versions":["medium","medium_2x","profile_pic","profile_pic_new","profile_pic_new_2x","tiny","tiny_2x","small","small_2x","ios_large","ios_small"]}},"file":null,"picture":"https://coub-anubis-a.akamaized.net/coub_storage/coub/simple/cw_image/3afac853a11/105e2128f00809feb09fb/1515425693_00032.jpg","timeline_picture":"https://coub-anubis-a.akamaized.net/coub_storage/coub/simple/cw_timeline_pic/9c32c6e1c10/00caa3dbcb543efc21c19/ios_large_1515425693_image.jpg","small_picture":"https://coub-anubis-a.akamaized.net/coub_storage/coub/simple/cw_image/3afac853a11/105e2128f00809feb09fb/1515425693_00032.jpg","sharing_picture":null,"percent_done":100,"tags":[{"id":3605529,"title":"whitewildbear – broken","value":"whitewildbear%20%E2%80%93%20broken"}],"categories":[{"id":19,"title":"Movies & TV","permalink":"movies","subscriptions_count":10078577,"big_image_url":"https://coub-anubis-a.akamaized.net/coub_storage/category/cw_image/dda6b36d2fb/9ae8ba82060e5659de192/big_1544758441_movies2.png","small_image_url":"https://coub-anubis-a.akamaized.net/coub_storage/category/cw_image/dda6b36d2fb/9ae8ba82060e5659de192/small_1544758441_movies2.png","med_image_url":"https://coub-anubis-a.akamaized.net/coub_storage/category/cw_image/dda6b36d2fb/9ae8ba82060e5659de192/med_1544758441_movies2.png","visible":true}],"communities":[{"id":19,"title":"Movies & TV","permalink":"movies","subscriptions_count":10078577,"big_image_url":"https://coub-anubis-a.akamaized.net/coub_storage/category/cw_image/dda6b36d2fb/9ae8ba82060e5659de192/big_1544758441_movies2.png","small_image_url":"https://coub-anubis-a.akamaized.net/coub_storage/category/cw_image/dda6b36d2fb/9ae8ba82060e5659de192/small_1544758441_movies2.png","med_image_url":"https://coub-anubis-a.akamaized.net/coub_storage/category/cw_image/dda6b36d2fb/9ae8ba82060e5659de192/med_1544758441_movies2.png","i_subscribed":true,"community_notifications_enabled":null,"description":null}],"recoubs_count":428,"remixes_count":4,"likes_count":2059,"dislikes_count":0,"raw_video_id":10891373,"uploaded_by_ios_app":false,"uploaded_by_android_app":false,"media_blocks":{"uploaded_raw_videos":[],"external_raw_videos":[],"remixed_from_coubs":[]},"raw_video_thumbnail_url":"/missing/missing.png","raw_video_title":"Clip_The.Lord.of.the.Rings-The.Two.Towers.2002.Blu-ray.Extended.1080p.x264-NiP.Rus.Eng__189486_02-16-26_.AVI","video_block_banned":false,"duration":10.04,"promo_winner":false,"promo_winner_recoubers":null,"editorial_info":{},"promo_hint":null,"beeline_best_2014":null,"from_web_editor":true,"normalize_sound":false,"normalize_change_allowed":true,"best2015_addable":false,"ahmad_promo":null,"promo_data":null,"audio_copyright_claim":null,"ads_disabled":false,"is_safe_for_ads":true,"megafon_contents":[],"position_on_page":7},{"flag":null,"abuses":null,"recoubs_by_users_channels":null,"favourite":false,"promoted_id":null,"recoub":null,"like":null,"dislike":null,"reaction":null,"in_my_best2015":false,"id":6519209,"type":"Coub::Simple","permalink":"3fkw0","title":"an epic age","visibility_type":"public","original_visibility_type":"public","channel_id":1322287,"created_at":"2014-09-23T17:02:58Z","updated_at":"2022-03-08T03:13:42Z","is_done":true,"views_count":73333,"cotd":null,"cotd_at":null,"visible_on_explore_root":true,"visible_on_explore":true,"featured":true,"published":true,"published_at":"2014-09-23T17:02:58Z","reversed":false,"from_editor_v2":true,"is_editable":true,"original_sound":false,"has_sound":false,"recoub_to":null,"file_versions":{"html5":{"video":{"higher":{"url":"https://coub-anubis-a.akamaized.net/coub_storage/coub/simple/cw_file/1f3e9221c7f/09add3b9f8766ddfde0d2/muted_mp4_huge_size_1567732317_muted_huge.mp4","size":2743754},"high":{"url":"https://coub-anubis-a.akamaized.net/coub_storage/coub/simple/cw_file/1f3e9221c7f/09add3b9f8766ddfde0d2/muted_mp4_big_size_1567732317_muted_big.mp4","size":2029340},"med":{"url":"https://coub-anubis-a.akamaized.net/coub_storage/coub/simple/cw_file/1f3e9221c7f/09add3b9f8766ddfde0d2/muted_mp4_med_size_1567732317_muted_med.mp4","size":655691}},"audio":{"high":{"url":"https://coub-anubis-a.akamaized.net/coub_storage/coub/simple/cw_looped_audio_high/b3a5f16f796/3ee0905bb89da12930900/1605435468_high_1446003282_high.mp3","size":1455124},"med":{"url":"https://coub-anubis-a.akamaized.net/coub_storage/coub/simple/cw_looped_audio_med/d66d532f852/691464f9d85ceaa5a03ea/1605435467_med_1446003282_med.mp3","size":970082}}},"mobile":{"video":"https://coub-anubis-a.akamaized.net/coub_storage/coub/simple/cw_file/1f3e9221c7f/09add3b9f8766ddfde0d2/muted_mp4_med_size_1567732317_muted_med.mp4","audio":["https://coub-anubis-a.akamaized.net/coub_storage/coub/simple/cw_looped_audio_med/d66d532f852/691464f9d85ceaa5a03ea/1605435467_med_1446003282_med.mp3"]},"share":{"default":"https://coub-anubis-a.akamaized.net/coub_storage/coub/simple/cw_video_for_sharing/d8dba237200/84ce2998cb054e4dbb401/1611684797_looped_1611684792.mp4"}},"audio_versions":{"template":"https://coub-anubis-a.akamaized.net/coub_storage/coub/simple/cw_audio/2c9a2bfe8e0/50771c471ff6214dbec79/mid_1411491852_out.mp3","versions":["mid","low"]},"image_versions":{"template":"https://coub-anubis-a.akamaized.net/coub_storage/coub/simple/cw_image/2c9a2bfe8e0/50771c471ff6214dbec79/1411491854_00029.jpg","versions":["micro","tiny","age_restricted","ios_large","ios_mosaic","big","med","small","pinterest"]},"first_frame_versions":{"template":"https://coub-anubis-a.akamaized.net/coub_storage/coub/simple/cw_timeline_pic/2c9a2bfe8e0/50771c471ff6214dbec79/%{version}_1411491852_image.jpg","versions":["big","med","small","ios_large"]},"dimensions":{"big":[1280,544],"med":[640,272]},"site_w_h":[640,272],"page_w_h":[640,272],"site_w_h_small":[310,132],"size":[1280,544],"age_restricted":false,"age_restricted_by_admin":false,"not_safe_for_work":null,"allow_reuse":false,"dont_crop":false,"banned":false,"global_safe":true,"audio_file_url":"https://coub-anubis-a.akamaized.net/coub_storage/coub/simple/cw_audio/2c9a2bfe8e0/50771c471ff6214dbec79/low_1411491852_out.mp3","external_download":false,"application":null,"channel":{"id":1322287,"permalink":"baba-paraska","title":"Baba Paraska","description":null,"followers_count":93,"following_count":14,"avatar_versions":{"template":"https://coub-anubis-a.akamaized.net/coub_storage/channel/cw_avatar/c6d8959cb52/7a273fb8391fefd06e411/%{version}_1608745288_1f7au7_1474621506_WolfNewOrder_x64_2014-05-31_19-02-10-404.avi_snapshot_00.01__2014.05.31_23.09.23_.jpg","versions":["medium","medium_2x","profile_pic","profile_pic_new","profile_pic_new_2x","tiny","tiny_2x","small","small_2x","ios_large","ios_small"]}},"file":null,"picture":"https://coub-anubis-a.akamaized.net/coub_storage/coub/simple/cw_image/2c9a2bfe8e0/50771c471ff6214dbec79/1411491854_00029.jpg","timeline_picture":"https://coub-anubis-a.akamaized.net/coub_storage/coub/simple/cw_timeline_pic/2c9a2bfe8e0/50771c471ff6214dbec79/ios_large_1411491852_image.jpg","small_picture":"https://coub-anubis-a.akamaized.net/coub_storage/coub/simple/cw_image/2c9a2bfe8e0/50771c471ff6214dbec79/1411491854_00029.jpg","sharing_picture":null,"percent_done":100,"tags":[],"categories":[{"id":19,"title":"Movies & TV","permalink":"movies","subscriptions_count":10078577,"big_image_url":"https://coub-anubis-a.akamaized.net/coub_storage/category/cw_image/dda6b36d2fb/9ae8ba82060e5659de192/big_1544758441_movies2.png","small_image_url":"https://coub-anubis-a.akamaized.net/coub_storage/category/cw_image/dda6b36d2fb/9ae8ba82060e5659de192/small_1544758441_movies2.png","med_image_url":"https://coub-anubis-a.akamaized.net/coub_storage/category/cw_image/dda6b36d2fb/9ae8ba82060e5659de192/med_1544758441_movies2.png","visible":true}],"communities":[{"id":19,"title":"Movies & TV","permalink":"movies","subscriptions_count":10078577,"big_image_url":"https://coub-anubis-a.akamaized.net/coub_storage/category/cw_image/dda6b36d2fb/9ae8ba82060e5659de192/big_1544758441_movies2.png","small_image_url":"https://coub-anubis-a.akamaized.net/coub_storage/category/cw_image/dda6b36d2fb/9ae8ba82060e5659de192/small_1544758441_movies2.png","med_image_url":"https://coub-anubis-a.akamaized.net/coub_storage/category/cw_image/dda6b36d2fb/9ae8ba82060e5659de192/med_1544758441_movies2.png","i_subscribed":true,"community_notifications_enabled":null,"description":null}],"recoubs_count":352,"remixes_count":0,"likes_count":2059,"dislikes_count":0,"raw_video_id":856455,"uploaded_by_ios_app":false,"uploaded_by_android_app":false,"media_blocks":{"uploaded_raw_videos":[],"external_raw_videos":[],"remixed_from_coubs":[],"audio_track":{"id":19378740,"title":"Unknown","url":null,"image":null,"image_retina":null,"meta":{"year":null,"album":null,"title":"Unknown","artist":null,"echonest_id":null},"duration":null,"amazon_url":null,"google_play_url":null,"bandcamp_url":null,"soundcloud_url":null,"track_name":null,"track_artist":null,"track_album":null,"itunes_url":null}},"raw_video_thumbnail_url":"/missing/missing.png","raw_video_title":"Warriors - 2014 World Championship Anthem by Imagine Dragons.mp4","video_block_banned":false,"duration":9.16,"promo_winner":false,"promo_winner_recoubers":null,"editorial_info":{},"promo_hint":null,"beeline_best_2014":null,"from_web_editor":true,"normalize_sound":true,"normalize_change_allowed":true,"best2015_addable":false,"ahmad_promo":null,"promo_data":null,"audio_copyright_claim":null,"ads_disabled":null,"is_safe_for_ads":true,"megafon_contents":[],"position_on_page":8},{"flag":null,"abuses":null,"recoubs_by_users_channels":null,"favourite":false,"promoted_id":null,"recoub":null,"like":null,"dislike":null,"reaction":null,"in_my_best2015":false,"id":124759294,"type":"Coub::Simple","permalink":"21vtqd","title":"Firefly S01E07 1","visibility_type":"public","original_visibility_type":"public","channel_id":1060601,"created_at":"2019-09-27T08:03:04Z","updated_at":"2022-03-15T20:25:41Z","is_done":true,"views_count":143116,"cotd":null,"cotd_at":null,"visible_on_explore_root":false,"visible_on_explore":false,"featured":false,"published":true,"published_at":"2019-09-27T08:03:04Z","reversed":false,"from_editor_v2":true,"is_editable":true,"original_sound":false,"has_sound":false,"recoub_to":null,"file_versions":{"html5":{"video":{"higher":{"url":"https://coub-anubis-a.akamaized.net/coub_storage/coub/simple/cw_file/e9dae2ce1d8/5bd46f1809ad07d1afc10/muted_mp4_huge_size_1569571393_muted_huge.mp4","size":2396459},"high":{"url":"https://coub-anubis-a.akamaized.net/coub_storage/coub/simple/cw_file/e9dae2ce1d8/5bd46f1809ad07d1afc10/muted_mp4_big_size_1569571393_muted_big.mp4","size":1717475},"med":{"url":"https://coub-anubis-a.akamaized.net/coub_storage/coub/simple/cw_file/e9dae2ce1d8/5bd46f1809ad07d1afc10/muted_mp4_med_size_1569571393_muted_med.mp4","size":459886}},"audio":{"high":{"url":"https://coub-anubis-a.akamaized.net/coub_storage/coub/simple/cw_looped_audio_high/bb1e0131da4/ca8f9e2d58645fd469e10/1605691557_high_1569571396_high.mp3","size":1038780},"med":{"url":"https://coub-anubis-a.akamaized.net/coub_storage/coub/simple/cw_looped_audio_med/e5626bae9a7/109bdd104db243fead9ad/1605691557_med_1569571396_med.mp3","size":914168}}},"mobile":{"video":"https://coub-anubis-a.akamaized.net/coub_storage/coub/simple/cw_file/e9dae2ce1d8/5bd46f1809ad07d1afc10/muted_mp4_med_size_1569571393_muted_med.mp4","audio":["https://coub-anubis-a.akamaized.net/coub_storage/coub/simple/cw_looped_audio_med/e5626bae9a7/109bdd104db243fead9ad/1605691557_med_1569571396_med.mp3"]},"share":{"default":null}},"audio_versions":{"template":"https://coub-anubis-a.akamaized.net/coub_storage/audio_track/cw_normalized_copy/7ec9c9f07bd/bf829f03eca5f60fb349f/mid_1569571395_normalized_1569571393_1fvqbxw_edited.mp3","versions":["mid","low"]},"image_versions":{"template":"https://coub-anubis-a.akamaized.net/coub_storage/coub/simple/cw_image/082988b5911/f7d66cdb8c58c390b4ac3/1569571402_00023.jpg","versions":["micro","tiny","age_restricted","ios_large","ios_mosaic","big","med","small","pinterest"]},"first_frame_versions":{"template":"https://coub-anubis-a.akamaized.net/coub_storage/coub/simple/cw_timeline_pic/91978191abe/de331ed226da3d447310d/%{version}_1569571401_image.jpg","versions":["big","med","small","ios_large"]},"dimensions":{"big":[1280,720],"med":[640,360]},"site_w_h":[640,360],"page_w_h":[640,360],"site_w_h_small":[310,174],"size":[1280,720],"age_restricted":false,"age_restricted_by_admin":false,"not_safe_for_work":false,"allow_reuse":false,"dont_crop":false,"banned":false,"global_safe":false,"audio_file_url":"https://coub-anubis-a.akamaized.net/coub_storage/audio_track/cw_normalized_copy/7ec9c9f07bd/bf829f03eca5f60fb349f/low_1569571395_normalized_1569571393_1fvqbxw_edited.mp3","external_download":false,"application":null,"channel":{"id":1060601,"permalink":"kamkam66","title":"kam","description":null,"followers_count":7416,"following_count":505,"avatar_versions":{"template":"https://coub-anubis-a.akamaized.net/coub_storage/channel/cw_avatar/780de8febd6/785c618f01d9f23b43c01/%{version}_1609339009_1f4p6je_1474710214_ui4m9q_att-url-download.jpg","versions":["medium","medium_2x","profile_pic","profile_pic_new","profile_pic_new_2x","tiny","tiny_2x","small","small_2x","ios_large","ios_small"]}},"file":null,"picture":"https://coub-anubis-a.akamaized.net/coub_storage/coub/simple/cw_image/082988b5911/f7d66cdb8c58c390b4ac3/1569571402_00023.jpg","timeline_picture":"https://coub-anubis-a.akamaized.net/coub_storage/coub/simple/cw_timeline_pic/91978191abe/de331ed226da3d447310d/ios_large_1569571401_image.jpg","small_picture":"https://coub-anubis-a.akamaized.net/coub_storage/coub/simple/cw_image/082988b5911/f7d66cdb8c58c390b4ac3/1569571402_00023.jpg","sharing_picture":null,"percent_done":100,"tags":[{"id":4215,"title":"firefly","value":"firefly"}],"categories":[{"id":19,"title":"Movies & TV","permalink":"movies","subscriptions_count":10078577,"big_image_url":"https://coub-anubis-a.akamaized.net/coub_storage/category/cw_image/dda6b36d2fb/9ae8ba82060e5659de192/big_1544758441_movies2.png","small_image_url":"https://coub-anubis-a.akamaized.net/coub_storage/category/cw_image/dda6b36d2fb/9ae8ba82060e5659de192/small_1544758441_movies2.png","med_image_url":"https://coub-anubis-a.akamaized.net/coub_storage/category/cw_image/dda6b36d2fb/9ae8ba82060e5659de192/med_1544758441_movies2.png","visible":true}],"communities":[{"id":19,"title":"Movies & TV","permalink":"movies","subscriptions_count":10078577,"big_image_url":"https://coub-anubis-a.akamaized.net/coub_storage/category/cw_image/dda6b36d2fb/9ae8ba82060e5659de192/big_1544758441_movies2.png","small_image_url":"https://coub-anubis-a.akamaized.net/coub_storage/category/cw_image/dda6b36d2fb/9ae8ba82060e5659de192/small_1544758441_movies2.png","med_image_url":"https://coub-anubis-a.akamaized.net/coub_storage/category/cw_image/dda6b36d2fb/9ae8ba82060e5659de192/med_1544758441_movies2.png","i_subscribed":true,"community_notifications_enabled":null,"description":null}],"recoubs_count":370,"remixes_count":1,"likes_count":2058,"dislikes_count":0,"raw_video_id":14276771,"uploaded_by_ios_app":false,"uploaded_by_android_app":false,"media_blocks":{"uploaded_raw_videos":[],"external_raw_videos":[],"remixed_from_coubs":[]},"raw_video_thumbnail_url":"/missing/missing.png","raw_video_title":"Firefly_S01E07_1.mp4","video_block_banned":false,"duration":7.2,"promo_winner":false,"promo_winner_recoubers":null,"editorial_info":{},"promo_hint":null,"beeline_best_2014":null,"from_web_editor":true,"normalize_sound":true,"normalize_change_allowed":true,"best2015_addable":false,"ahmad_promo":null,"promo_data":null,"audio_copyright_claim":null,"ads_disabled":false,"is_safe_for_ads":true,"megafon_contents":[],"position_on_page":9},{"flag":null,"abuses":null,"recoubs_by_users_channels":null,"favourite":false,"promoted_id":null,"recoub":null,"like":null,"dislike":null,"reaction":null,"in_my_best2015":false,"id":158160015,"type":"Coub::Simple","permalink":"2ltfuc","title":"Dad needs a break..","visibility_type":"public","original_visibility_type":"public","channel_id":7467979,"created_at":"2020-11-19T08:35:02Z","updated_at":"2021-12-30T13:13:45Z","is_done":true,"views_count":157890,"cotd":null,"cotd_at":null,"visible_on_explore_root":true,"visible_on_explore":true,"featured":true,"published":true,"published_at":"2020-11-19T08:35:02Z","reversed":false,"from_editor_v2":true,"is_editable":true,"original_sound":true,"has_sound":true,"recoub_to":null,"file_versions":{"html5":{"video":{"higher":{"url":"https://coub-anubis-a.akamaized.net/coub_storage/coub/simple/cw_file/f3f82597cb6/059343f723d2bdb7890f9/muted_mp4_huge_size_1605774915_muted_huge.mp4","size":4172602},"high":{"url":"https://coub-anubis-a.akamaized.net/coub_storage/coub/simple/cw_file/f3f82597cb6/059343f723d2bdb7890f9/muted_mp4_big_size_1605774915_muted_big.mp4","size":2857725},"med":{"url":"https://coub-anubis-a.akamaized.net/coub_storage/coub/simple/cw_file/f3f82597cb6/059343f723d2bdb7890f9/muted_mp4_med_size_1605774915_muted_med.mp4","size":828527}},"audio":{"high":{"url":"https://coub-anubis-a.akamaized.net/coub_storage/coub/simple/cw_looped_audio_high/873519e3556/8f5dab536a084f666f31f/1605774918_mp3-high.mp3","size":1197129},"med":{"url":"https://coub-anubis-a.akamaized.net/coub_storage/coub/simple/cw_looped_audio_med/a79dc34db2f/b605f7b1d654fa16586f9/1605774917_mp3-med.mp3","size":954930},"sample_duration":9.961}},"mobile":{"video":"https://coub-anubis-a.akamaized.net/coub_storage/coub/simple/cw_file/f3f82597cb6/059343f723d2bdb7890f9/muted_mp4_med_size_1605774915_muted_med.mp4","audio":["https://coub-anubis-a.akamaized.net/coub_storage/coub/simple/cw_looped_audio_med/a79dc34db2f/b605f7b1d654fa16586f9/1605774917_mp3-med.mp3"]},"share":{"default":"https://coub-anubis-a.akamaized.net/coub_storage/coub/simple/cw_video_for_sharing/c6f73c570b2/a0973cb509b92f6c9a04c/1608201132_looped_1608201131.mp4"}},"audio_versions":{},"image_versions":{"template":"https://coub-anubis-a.akamaized.net/coub_storage/coub/simple/cw_image/62d32bd3f3b/bbfbbb29e726f0377c0ba/1605774928_00032.jpg","versions":["micro","tiny","age_restricted","ios_large","ios_mosaic","big","med","small","pinterest"]},"first_frame_versions":{"template":"https://coub-anubis-a.akamaized.net/coub_storage/coub/simple/cw_timeline_pic/aef52bce13e/23c10f6376d4f305150f9/%{version}_1605774927_image.jpg","versions":["big","med","small","ios_large"]},"dimensions":{"big":[1280,720],"med":[640,360]},"site_w_h":[640,360],"page_w_h":[640,360],"site_w_h_small":[310,174],"size":[1280,720],"age_restricted":false,"age_restricted_by_admin":false,"not_safe_for_work":false,"allow_reuse":false,"dont_crop":true,"banned":false,"global_safe":true,"audio_file_url":null,"external_download":false,"application":null,"channel":{"id":7467979,"permalink":"couberfox","title":"CouberFox","description":"Omnivore.. if it moves, I coub it..","followers_count":9822,"following_count":505,"avatar_versions":{"template":"https://coub-anubis-a.akamaized.net/coub_storage/channel/cw_avatar/124bacdcd2a/59a608ac4c16bd98f9f06/%{version}_1610735014_rebanejoob.jpg","versions":["medium","medium_2x","profile_pic","profile_pic_new","profile_pic_new_2x","tiny","tiny_2x","small","small_2x","ios_large","ios_small"]}},"file":null,"picture":"https://coub-anubis-a.akamaized.net/coub_storage/coub/simple/cw_image/62d32bd3f3b/bbfbbb29e726f0377c0ba/1605774928_00032.jpg","timeline_picture":"https://coub-anubis-a.akamaized.net/coub_storage/coub/simple/cw_timeline_pic/aef52bce13e/23c10f6376d4f305150f9/ios_large_1605774927_image.jpg","small_picture":"https://coub-anubis-a.akamaized.net/coub_storage/coub/simple/cw_image/62d32bd3f3b/bbfbbb29e726f0377c0ba/1605774928_00032.jpg","sharing_picture":null,"percent_done":100,"tags":[{"id":170,"title":"lol","value":"lol"},{"id":1485,"title":"comedy","value":"comedy"},{"id":3283,"title":"family","value":"family"}],"categories":[{"id":19,"title":"Movies & TV","permalink":"movies","subscriptions_count":10078577,"big_image_url":"https://coub-anubis-a.akamaized.net/coub_storage/category/cw_image/dda6b36d2fb/9ae8ba82060e5659de192/big_1544758441_movies2.png","small_image_url":"https://coub-anubis-a.akamaized.net/coub_storage/category/cw_image/dda6b36d2fb/9ae8ba82060e5659de192/small_1544758441_movies2.png","med_image_url":"https://coub-anubis-a.akamaized.net/coub_storage/category/cw_image/dda6b36d2fb/9ae8ba82060e5659de192/med_1544758441_movies2.png","visible":true}],"communities":[{"id":19,"title":"Movies & TV","permalink":"movies","subscriptions_count":10078577,"big_image_url":"https://coub-anubis-a.akamaized.net/coub_storage/category/cw_image/dda6b36d2fb/9ae8ba82060e5659de192/big_1544758441_movies2.png","small_image_url":"https://coub-anubis-a.akamaized.net/coub_storage/category/cw_image/dda6b36d2fb/9ae8ba82060e5659de192/small_1544758441_movies2.png","med_image_url":"https://coub-anubis-a.akamaized.net/coub_storage/category/cw_image/dda6b36d2fb/9ae8ba82060e5659de192/med_1544758441_movies2.png","i_subscribed":true,"community_notifications_enabled":null,"description":null}],"recoubs_count":1,"remixes_count":0,"likes_count":2057,"dislikes_count":0,"raw_video_id":15886663,"uploaded_by_ios_app":false,"uploaded_by_android_app":false,"media_blocks":{"uploaded_raw_videos":[],"external_raw_videos":[],"remixed_from_coubs":[]},"raw_video_thumbnail_url":"/missing/missing.png","raw_video_title":"dadneedsabreak.mp4","video_block_banned":false,"duration":9.96,"promo_winner":false,"promo_winner_recoubers":null,"editorial_info":{},"promo_hint":null,"beeline_best_2014":null,"from_web_editor":true,"normalize_sound":true,"normalize_change_allowed":true,"best2015_addable":false,"ahmad_promo":null,"promo_data":null,"audio_copyright_claim":null,"ads_disabled":false,"is_safe_for_ads":true,"megafon_contents":[],"position_on_page":10}]}