{"page":266,"per_page":10,"total_pages":500,"coubs":[{"flag":null,"abuses":null,"recoubs_by_users_channels":null,"favourite":false,"promoted_id":null,"recoub":null,"like":null,"dislike":null,"reaction":null,"in_my_best2015":false,"id":47418481,"type":"Coub::Simple","permalink":"rs78j","title":"Pulp Fiction 300","visibility_type":"public","original_visibility_type":"public","channel_id":955067,"created_at":"2017-02-09T18:26:30Z","updated_at":"2022-03-15T22:21:00Z","is_done":true,"views_count":354228,"cotd":null,"cotd_at":null,"visible_on_explore_root":true,"visible_on_explore":true,"featured":true,"published":true,"published_at":"2017-02-09T18:26:30Z","reversed":false,"from_editor_v2":true,"is_editable":true,"original_sound":false,"has_sound":false,"recoub_to":null,"file_versions":{"html5":{"video":{"higher":{"url":"https://coub-anubis-a.akamaized.net/coub_storage/coub/simple/cw_file/9c96d79e7b2/643cfecec2c2cde2822a8/muted_mp4_huge_size_1568088417_muted_huge.mp4","size":3090252},"high":{"url":"https://coub-anubis-a.akamaized.net/coub_storage/coub/simple/cw_file/9c96d79e7b2/643cfecec2c2cde2822a8/muted_mp4_big_size_1568088417_muted_big.mp4","size":2202619},"med":{"url":"https://coub-anubis-a.akamaized.net/coub_storage/coub/simple/cw_file/9c96d79e7b2/643cfecec2c2cde2822a8/muted_mp4_med_size_1568088417_muted_med.mp4","size":796053}},"audio":{"high":{"url":"https://coub-anubis-a.akamaized.net/coub_storage/coub/simple/cw_looped_audio_high/02e8b64cd9b/26318cb34633b9d6baad6/1605580833_high_1489287530_high.mp3","size":4182926},"med":{"url":"https://coub-anubis-a.akamaized.net/coub_storage/coub/simple/cw_looped_audio_med/2f98c618d6e/8b3a1f88a5207d3e74bb2/1605580832_med_1489287530_med.mp3","size":3889079}}},"mobile":{"video":"https://coub-anubis-a.akamaized.net/coub_storage/coub/simple/cw_file/9c96d79e7b2/643cfecec2c2cde2822a8/muted_mp4_med_size_1568088417_muted_med.mp4","audio":["https://coub-anubis-a.akamaized.net/coub_storage/coub/simple/cw_looped_audio_med/2f98c618d6e/8b3a1f88a5207d3e74bb2/1605580832_med_1489287530_med.mp3"]},"share":{"default":"https://coub-anubis-a.akamaized.net/coub_storage/coub/simple/cw_video_for_sharing/00c3cc8bbab/e931d056387d0519ef8fb/1613505235_looped_1613505234.mp4"}},"audio_versions":{"template":"https://coub-anubis-a.akamaized.net/coub_storage/audio_track/cw_normalized_copy/e52e1df1a09/9e87cb09600d1900ac8d0/mid_1489287514_7gtmv4_normalized_1489287494_1c67247_edited.mp3","versions":["mid","low"]},"image_versions":{"template":"https://coub-anubis-a.akamaized.net/coub_storage/coub/simple/cw_image/138426af104/ce49abf5727893058a1ee/1489287543_00020.jpg","versions":["micro","tiny","age_restricted","ios_large","ios_mosaic","big","med","small","pinterest"]},"first_frame_versions":{"template":"https://coub-anubis-a.akamaized.net/coub_storage/coub/simple/cw_timeline_pic/138426af104/ce49abf5727893058a1ee/%{version}_1489287543_image.jpg","versions":["big","med","small","ios_large"]},"dimensions":{"big":[1280,800],"med":[640,400]},"site_w_h":[640,400],"page_w_h":[640,400],"site_w_h_small":[310,194],"size":[1280,800],"age_restricted":false,"age_restricted_by_admin":false,"not_safe_for_work":false,"allow_reuse":false,"dont_crop":false,"banned":false,"global_safe":true,"audio_file_url":"https://coub-anubis-a.akamaized.net/coub_storage/audio_track/cw_normalized_copy/e52e1df1a09/9e87cb09600d1900ac8d0/low_1489287514_7gtmv4_normalized_1489287494_1c67247_edited.mp3","external_download":false,"application":null,"channel":{"id":955067,"permalink":"roman-permyakov","title":"Roman Permyakov","description":null,"followers_count":137,"following_count":21,"avatar_versions":{"template":"https://coub-anubis-a.akamaized.net/coub_storage/channel/cw_avatar/9e25b68a403/66f681197a5e5c2ed69a6/%{version}_1551556727_userpic-male.png","versions":["medium","medium_2x","profile_pic","profile_pic_new","profile_pic_new_2x","tiny","tiny_2x","small","small_2x","ios_large","ios_small"]}},"file":null,"picture":"https://coub-anubis-a.akamaized.net/coub_storage/coub/simple/cw_image/138426af104/ce49abf5727893058a1ee/1489287543_00020.jpg","timeline_picture":"https://coub-anubis-a.akamaized.net/coub_storage/coub/simple/cw_timeline_pic/138426af104/ce49abf5727893058a1ee/ios_large_1489287543_image.jpg","small_picture":"https://coub-anubis-a.akamaized.net/coub_storage/coub/simple/cw_image/138426af104/ce49abf5727893058a1ee/1489287543_00020.jpg","sharing_picture":null,"percent_done":100,"tags":[{"id":73244,"title":"movie moments","value":"movie%20moments"},{"id":2733531,"title":"thanks to neo","value":"thanks%20to%20neo"},{"id":2172,"title":"rammstein","value":"rammstein"},{"id":2662,"title":"pulp fiction","value":"pulp%20fiction"},{"id":4691,"title":"криминальное чтиво","value":"%D0%BA%D1%80%D0%B8%D0%BC%D0%B8%D0%BD%D0%B0%D0%BB%D1%8C%D0%BD%D0%BE%D0%B5%20%D1%87%D1%82%D0%B8%D0%B2%D0%BE"},{"id":5727,"title":"300 спартанцев","value":"300%20%D1%81%D0%BF%D0%B0%D1%80%D1%82%D0%B0%D0%BD%D1%86%D0%B5%D0%B2"},{"id":41698,"title":"hybrid","value":"hybrid"},{"id":192569,"title":"mashups","value":"mashups"},{"id":288361,"title":"hybrids","value":"hybrids"},{"id":5326,"title":"mashup","value":"mashup"},{"id":5721,"title":"300","value":"300"}],"categories":[{"id":19,"title":"Movies & TV","permalink":"movies","subscriptions_count":10078577,"big_image_url":"https://coub-anubis-a.akamaized.net/coub_storage/category/cw_image/dda6b36d2fb/9ae8ba82060e5659de192/big_1544758441_movies2.png","small_image_url":"https://coub-anubis-a.akamaized.net/coub_storage/category/cw_image/dda6b36d2fb/9ae8ba82060e5659de192/small_1544758441_movies2.png","med_image_url":"https://coub-anubis-a.akamaized.net/coub_storage/category/cw_image/dda6b36d2fb/9ae8ba82060e5659de192/med_1544758441_movies2.png","visible":true}],"communities":[{"id":19,"title":"Movies & TV","permalink":"movies","subscriptions_count":10078577,"big_image_url":"https://coub-anubis-a.akamaized.net/coub_storage/category/cw_image/dda6b36d2fb/9ae8ba82060e5659de192/big_1544758441_movies2.png","small_image_url":"https://coub-anubis-a.akamaized.net/coub_storage/category/cw_image/dda6b36d2fb/9ae8ba82060e5659de192/small_1544758441_movies2.png","med_image_url":"https://coub-anubis-a.akamaized.net/coub_storage/category/cw_image/dda6b36d2fb/9ae8ba82060e5659de192/med_1544758441_movies2.png","i_subscribed":true,"community_notifications_enabled":null,"description":null}],"recoubs_count":6,"remixes_count":2,"likes_count":2614,"dislikes_count":0,"raw_video_id":9076158,"uploaded_by_ios_app":false,"uploaded_by_android_app":false,"media_blocks":{"uploaded_raw_videos":[],"external_raw_videos":[],"remixed_from_coubs":[{"id":18918635,"title":"\"300\" - don't turn away","url":"http://coub.com/coubs/q5aet/remix","image":"https://coub-anubis-a.akamaized.net/coub_storage/media_block/cw_image/6b8c0cbc18d/f7ef056352148981a6387/1492014754_1485168813_00029.jpg","image_retina":"https://coub-anubis-a.akamaized.net/coub_storage/media_block/cw_image/6b8c0cbc18d/f7ef056352148981a6387/1492014754_1485168813_00029.jpg","meta":{"duration":"8.96"},"duration":null,"coub_channel_title":"Neo","coub_channel_permalink":"neo.the.one","coub_views_count":272354,"coub_permalink":"q5aet"}]},"raw_video_thumbnail_url":"/missing/missing.png","raw_video_title":"pulp.avi","video_block_banned":false,"duration":6.08,"promo_winner":false,"promo_winner_recoubers":null,"editorial_info":{},"promo_hint":null,"beeline_best_2014":null,"from_web_editor":true,"normalize_sound":true,"normalize_change_allowed":true,"best2015_addable":false,"ahmad_promo":null,"promo_data":null,"audio_copyright_claim":null,"ads_disabled":null,"is_safe_for_ads":true,"megafon_contents":[],"position_on_page":1},{"flag":null,"abuses":null,"recoubs_by_users_channels":null,"favourite":false,"promoted_id":null,"recoub":null,"like":null,"dislike":null,"reaction":null,"in_my_best2015":false,"id":5029809,"type":"Coub::Simple","permalink":"2jnne","title":"Scream Queen","visibility_type":"public","original_visibility_type":"public","channel_id":22644,"created_at":"2014-07-19T20:51:36Z","updated_at":"2022-02-24T09:42:11Z","is_done":true,"views_count":423000,"cotd":null,"cotd_at":null,"visible_on_explore_root":false,"visible_on_explore":false,"featured":false,"published":true,"published_at":"2014-07-19T20:51:36Z","reversed":false,"from_editor_v2":true,"is_editable":true,"original_sound":true,"has_sound":true,"recoub_to":null,"file_versions":{"html5":{"video":{"higher":{"url":"https://coub-anubis-a.akamaized.net/coub_storage/coub/simple/cw_file/ce126ae1b5e/96a5d4ef2ab5f0bf91dc3/muted_mp4_huge_size_1567723010_muted_huge.mp4","size":2304326},"high":{"url":"https://coub-anubis-a.akamaized.net/coub_storage/coub/simple/cw_file/ce126ae1b5e/96a5d4ef2ab5f0bf91dc3/muted_mp4_big_size_1567723010_muted_big.mp4","size":1649459},"med":{"url":"https://coub-anubis-a.akamaized.net/coub_storage/coub/simple/cw_file/ce126ae1b5e/96a5d4ef2ab5f0bf91dc3/muted_mp4_med_size_1567723010_muted_med.mp4","size":493809}},"audio":{"high":{"url":"https://coub-anubis-a.akamaized.net/coub_storage/coub/simple/cw_looped_audio_high/b677eb4b65b/24b39bf6eb7a3fe9acff1/1605432297_high_1445953553_high.mp3","size":1292119},"med":{"url":"https://coub-anubis-a.akamaized.net/coub_storage/coub/simple/cw_looped_audio_med/d212e6187ed/6163520bfb074f04dd842/1605432296_med_1445953553_med.mp3","size":861412},"sample_duration":8.986}},"mobile":{"video":"https://coub-anubis-a.akamaized.net/coub_storage/coub/simple/cw_file/ce126ae1b5e/96a5d4ef2ab5f0bf91dc3/muted_mp4_med_size_1567723010_muted_med.mp4","audio":["https://coub-anubis-a.akamaized.net/coub_storage/coub/simple/cw_looped_audio_med/d212e6187ed/6163520bfb074f04dd842/1605432296_med_1445953553_med.mp3"]},"share":{"default":"https://coub-anubis-a.akamaized.net/coub_storage/coub/simple/cw_video_for_sharing/6ba3ade547b/88c3d5c72d31db2fb2776/1613596006_looped_1613596004.mp4"}},"audio_versions":{},"image_versions":{"template":"https://coub-anubis-a.akamaized.net/coub_storage/coub/simple/cw_image/c28d3e4fda0/57b84d9c2d32342aefdae/1405803794_00029.jpg","versions":["micro","tiny","age_restricted","ios_large","ios_mosaic","big","med","small","pinterest"]},"first_frame_versions":{"template":"https://coub-anubis-a.akamaized.net/coub_storage/coub/simple/cw_timeline_pic/c28d3e4fda0/57b84d9c2d32342aefdae/%{version}_1405803793_image.jpg","versions":["big","med","small","ios_large"]},"dimensions":{"big":[1280,720],"med":[640,360]},"site_w_h":[640,360],"page_w_h":[640,360],"site_w_h_small":[310,174],"size":[1280,720],"age_restricted":false,"age_restricted_by_admin":false,"not_safe_for_work":false,"allow_reuse":false,"dont_crop":false,"banned":false,"global_safe":true,"audio_file_url":null,"external_download":{"type":"Youtube","service_name":"YouTube","url":"http://www.youtube.com/watch?v=Gz_UR61wQes","has_embed":true},"application":null,"channel":{"id":22644,"permalink":"emil-hamzin","title":"Emil Hamzin","description":null,"followers_count":66,"following_count":9,"avatar_versions":{"template":"https://coub-anubis-a.akamaized.net/coub_storage/channel/cw_avatar/b965d20d9b8/3dc330687c01da5e9a66c/%{version}_1474480903_xhgm8f_att-url-download.png","versions":["medium","medium_2x","profile_pic","profile_pic_new","profile_pic_new_2x","tiny","tiny_2x","small","small_2x","ios_large","ios_small"]}},"file":null,"picture":"https://coub-anubis-a.akamaized.net/coub_storage/coub/simple/cw_image/c28d3e4fda0/57b84d9c2d32342aefdae/1405803794_00029.jpg","timeline_picture":"https://coub-anubis-a.akamaized.net/coub_storage/coub/simple/cw_timeline_pic/c28d3e4fda0/57b84d9c2d32342aefdae/ios_large_1405803793_image.jpg","small_picture":"https://coub-anubis-a.akamaized.net/coub_storage/coub/simple/cw_image/c28d3e4fda0/57b84d9c2d32342aefdae/1405803794_00029.jpg","sharing_picture":null,"percent_done":100,"tags":[{"id":300634,"title":"queen – another one bites the dust","value":"queen%20%E2%80%93%20another%20one%20bites%20the%20dust"},{"id":384635,"title":"scream queen","value":"scream%20queen"},{"id":1060,"title":"scream","value":"scream"},{"id":309,"title":"queen","value":"queen"},{"id":610,"title":"horror","value":"horror"}],"categories":[{"id":19,"title":"Movies & TV","permalink":"movies","subscriptions_count":10078577,"big_image_url":"https://coub-anubis-a.akamaized.net/coub_storage/category/cw_image/dda6b36d2fb/9ae8ba82060e5659de192/big_1544758441_movies2.png","small_image_url":"https://coub-anubis-a.akamaized.net/coub_storage/category/cw_image/dda6b36d2fb/9ae8ba82060e5659de192/small_1544758441_movies2.png","med_image_url":"https://coub-anubis-a.akamaized.net/coub_storage/category/cw_image/dda6b36d2fb/9ae8ba82060e5659de192/med_1544758441_movies2.png","visible":true}],"communities":[{"id":19,"title":"Movies & TV","permalink":"movies","subscriptions_count":10078577,"big_image_url":"https://coub-anubis-a.akamaized.net/coub_storage/category/cw_image/dda6b36d2fb/9ae8ba82060e5659de192/big_1544758441_movies2.png","small_image_url":"https://coub-anubis-a.akamaized.net/coub_storage/category/cw_image/dda6b36d2fb/9ae8ba82060e5659de192/small_1544758441_movies2.png","med_image_url":"https://coub-anubis-a.akamaized.net/coub_storage/category/cw_image/dda6b36d2fb/9ae8ba82060e5659de192/med_1544758441_movies2.png","i_subscribed":true,"community_notifications_enabled":null,"description":null}],"recoubs_count":693,"remixes_count":2,"likes_count":2614,"dislikes_count":0,"raw_video_id":755574,"uploaded_by_ios_app":false,"uploaded_by_android_app":false,"media_blocks":{"uploaded_raw_videos":[],"external_raw_videos":[{"id":11441261,"title":"Scream Queen","url":"http://www.youtube.com/watch?v=Gz_UR61wQes","image":"https://coub-anubis-a.akamaized.net/coub_storage/media_block/cw_image/930a5d20bd9/660c91de5f3c7dd31b497/1492476549_1405802721_tr4ntn_att-url-download.jpg","image_retina":"https://coub-anubis-a.akamaized.net/coub_storage/media_block/cw_image/930a5d20bd9/660c91de5f3c7dd31b497/1492476549_1405802721_tr4ntn_att-url-download.jpg","meta":{"service":"Youtube","duration":"44.0"},"duration":44.0,"raw_video_id":755574,"has_embed":true}],"remixed_from_coubs":[],"external_video":{"id":11441261,"title":"Scream Queen","url":"http://www.youtube.com/watch?v=Gz_UR61wQes","image":"https://coub-anubis-a.akamaized.net/coub_storage/media_block/cw_image/930a5d20bd9/660c91de5f3c7dd31b497/1492476549_1405802721_tr4ntn_att-url-download.jpg","image_retina":"https://coub-anubis-a.akamaized.net/coub_storage/media_block/cw_image/930a5d20bd9/660c91de5f3c7dd31b497/1492476549_1405802721_tr4ntn_att-url-download.jpg","meta":{"service":"Youtube","duration":"44.0"},"duration":44.0,"raw_video_id":755574,"has_embed":true}},"raw_video_thumbnail_url":"/missing/missing.png","raw_video_title":"Scream Queen","video_block_banned":false,"duration":8.96,"promo_winner":false,"promo_winner_recoubers":null,"editorial_info":{},"promo_hint":null,"beeline_best_2014":null,"from_web_editor":true,"normalize_sound":true,"normalize_change_allowed":true,"best2015_addable":false,"ahmad_promo":null,"promo_data":null,"audio_copyright_claim":null,"ads_disabled":null,"is_safe_for_ads":true,"megafon_contents":[],"position_on_page":2},{"flag":null,"abuses":null,"recoubs_by_users_channels":null,"favourite":false,"promoted_id":null,"recoub":null,"like":null,"dislike":null,"reaction":null,"in_my_best2015":false,"id":139727490,"type":"Coub::Simple","permalink":"2aud3c","title":"This prank though... Credit: Daily Dose Of Internet","visibility_type":"public","original_visibility_type":"public","channel_id":4077290,"created_at":"2020-03-18T05:51:04Z","updated_at":"2022-03-14T21:59:44Z","is_done":true,"views_count":196504,"cotd":null,"cotd_at":null,"visible_on_explore_root":false,"visible_on_explore":false,"featured":false,"published":true,"published_at":"2020-03-18T05:51:04Z","reversed":false,"from_editor_v2":true,"is_editable":true,"original_sound":true,"has_sound":true,"recoub_to":null,"file_versions":{"html5":{"video":{"higher":{"url":"https://coub-anubis-a.akamaized.net/coub_storage/coub/simple/cw_file/e30b0b1cf8a/f3f69faf663906058dc41/muted_mp4_huge_size_1584510666_muted_huge.mp4","size":2369361},"high":{"url":"https://coub-anubis-a.akamaized.net/coub_storage/coub/simple/cw_file/e30b0b1cf8a/f3f69faf663906058dc41/muted_mp4_big_size_1584510666_muted_big.mp4","size":1585252},"med":{"url":"https://coub-anubis-a.akamaized.net/coub_storage/coub/simple/cw_file/e30b0b1cf8a/f3f69faf663906058dc41/muted_mp4_med_size_1584510666_muted_med.mp4","size":517935}},"audio":{"high":{"url":"https://coub-anubis-a.akamaized.net/coub_storage/coub/simple/cw_looped_audio_high/14a6126282d/ff8a4203f8f2f4ce8066b/1605703282_high_1584510667_high.mp3","size":798996},"med":{"url":"https://coub-anubis-a.akamaized.net/coub_storage/coub/simple/cw_looped_audio_med/703f55929ca/ee224a4f23e8617bfd3eb/1605703281_med_1584510667_med.mp3","size":797568},"sample_duration":10.008}},"mobile":{"video":"https://coub-anubis-a.akamaized.net/coub_storage/coub/simple/cw_file/e30b0b1cf8a/f3f69faf663906058dc41/muted_mp4_med_size_1584510666_muted_med.mp4","audio":["https://coub-anubis-a.akamaized.net/coub_storage/coub/simple/cw_looped_audio_med/703f55929ca/ee224a4f23e8617bfd3eb/1605703281_med_1584510667_med.mp3"]},"share":{"default":"https://coub-anubis-a.akamaized.net/coub_storage/coub/simple/cw_video_for_sharing/2bc81917274/8bb40d4a54f3b571f1de7/1611613278_looped_1611613277.mp4"}},"audio_versions":{},"image_versions":{"template":"https://coub-anubis-a.akamaized.net/coub_storage/coub/simple/cw_image/4c2147bda10/2e2d7d44ae542ef4f6b33/1584510672_00032.jpg","versions":["micro","tiny","age_restricted","ios_large","ios_mosaic","big","med","small","pinterest"]},"first_frame_versions":{"template":"https://coub-anubis-a.akamaized.net/coub_storage/coub/simple/cw_timeline_pic/7b01955cf67/ad3e7e63d24a73ab764f4/%{version}_1584510671_image.jpg","versions":["big","med","small","ios_large"]},"dimensions":{"big":[1280,716],"med":[640,358]},"site_w_h":[640,358],"page_w_h":[640,358],"site_w_h_small":[310,173],"size":[1280,716],"age_restricted":false,"age_restricted_by_admin":false,"not_safe_for_work":false,"allow_reuse":false,"dont_crop":false,"banned":false,"global_safe":true,"audio_file_url":null,"external_download":false,"application":null,"channel":{"id":4077290,"permalink":"maksat-kasybekov","title":"Maksat Kasybekov","description":null,"followers_count":119,"following_count":18,"avatar_versions":{"template":"https://coub-anubis-a.akamaized.net/coub_storage/channel/cw_avatar/6bbfacdbd49/ea1c0f1cf888a0dd35381/%{version}_1607420589_tlxzye_1517757929_ohf01y_100002093322100.jpg","versions":["medium","medium_2x","profile_pic","profile_pic_new","profile_pic_new_2x","tiny","tiny_2x","small","small_2x","ios_large","ios_small"]}},"file":null,"picture":"https://coub-anubis-a.akamaized.net/coub_storage/coub/simple/cw_image/4c2147bda10/2e2d7d44ae542ef4f6b33/1584510672_00032.jpg","timeline_picture":"https://coub-anubis-a.akamaized.net/coub_storage/coub/simple/cw_timeline_pic/7b01955cf67/ad3e7e63d24a73ab764f4/ios_large_1584510671_image.jpg","small_picture":"https://coub-anubis-a.akamaized.net/coub_storage/coub/simple/cw_image/4c2147bda10/2e2d7d44ae542ef4f6b33/1584510672_00032.jpg","sharing_picture":null,"percent_done":100,"tags":[{"id":4634,"title":"prank","value":"prank"},{"id":292,"title":"humor","value":"humor"},{"id":144330,"title":"korean girls","value":"korean%20girls"},{"id":18510,"title":"south korea","value":"south%20korea"}],"categories":[{"id":19,"title":"Movies & TV","permalink":"movies","subscriptions_count":10078577,"big_image_url":"https://coub-anubis-a.akamaized.net/coub_storage/category/cw_image/dda6b36d2fb/9ae8ba82060e5659de192/big_1544758441_movies2.png","small_image_url":"https://coub-anubis-a.akamaized.net/coub_storage/category/cw_image/dda6b36d2fb/9ae8ba82060e5659de192/small_1544758441_movies2.png","med_image_url":"https://coub-anubis-a.akamaized.net/coub_storage/category/cw_image/dda6b36d2fb/9ae8ba82060e5659de192/med_1544758441_movies2.png","visible":true}],"communities":[{"id":19,"title":"Movies & TV","permalink":"movies","subscriptions_count":10078577,"big_image_url":"https://coub-anubis-a.akamaized.net/coub_storage/category/cw_image/dda6b36d2fb/9ae8ba82060e5659de192/big_1544758441_movies2.png","small_image_url":"https://coub-anubis-a.akamaized.net/coub_storage/category/cw_image/dda6b36d2fb/9ae8ba82060e5659de192/small_1544758441_movies2.png","med_image_url":"https://coub-anubis-a.akamaized.net/coub_storage/category/cw_image/dda6b36d2fb/9ae8ba82060e5659de192/med_1544758441_movies2.png","i_subscribed":true,"community_notifications_enabled":null,"description":null}],"recoubs_count":525,"remixes_count":4,"likes_count":2613,"dislikes_count":0,"raw_video_id":14948085,"uploaded_by_ios_app":false,"uploaded_by_android_app":false,"media_blocks":{"uploaded_raw_videos":[],"external_raw_videos":[],"remixed_from_coubs":[]},"raw_video_thumbnail_url":"/missing/missing.png","raw_video_title":"az1wRxN_460sv.mp4","video_block_banned":false,"duration":10.0,"promo_winner":false,"promo_winner_recoubers":null,"editorial_info":{},"promo_hint":null,"beeline_best_2014":null,"from_web_editor":true,"normalize_sound":true,"normalize_change_allowed":true,"best2015_addable":false,"ahmad_promo":null,"promo_data":null,"audio_copyright_claim":null,"ads_disabled":false,"is_safe_for_ads":true,"megafon_contents":[{"id":301383,"content":{"title":"Мария Магдалина","year":2018,"kind":"film","season":null,"parental_rating":16,"url":"https://megafon.tv/movies/vods/Maria_Magdalina_2018?utm_source=coub&utm_medium=shazam&utm_campaign=ml-tv_megafon-tv_coub-shazam-special_nov-dec_2019","preview_url":"https://static-sesure.cdn.megafon.tv/images/Film/b0/85/984ebcf8ef40913a46bdcc3c0108733f4e7a/tile__external.jpeg"},"match_duration":0.73,"max_frame_diff":10,"is_correct":null}],"position_on_page":3},{"flag":null,"abuses":null,"recoubs_by_users_channels":null,"favourite":false,"promoted_id":null,"recoub":null,"like":null,"dislike":null,"reaction":null,"in_my_best2015":false,"id":9899518,"type":"Coub::Simple","permalink":"5g166","title":"alone","visibility_type":"public","original_visibility_type":"public","channel_id":193471,"created_at":"2015-03-15T15:42:19Z","updated_at":"2022-03-15T18:59:13Z","is_done":true,"views_count":160973,"cotd":null,"cotd_at":null,"visible_on_explore_root":true,"visible_on_explore":true,"featured":true,"published":true,"published_at":"2015-03-15T15:42:19Z","reversed":false,"from_editor_v2":true,"is_editable":true,"original_sound":false,"has_sound":false,"recoub_to":null,"file_versions":{"html5":{"video":{"higher":{"url":"https://coub-anubis-a.akamaized.net/coub_storage/coub/simple/cw_file/d3db8a554a2/46f82cf9c1e27270e0bcf/muted_mp4_huge_size_1567758581_muted_huge.mp4","size":2960866},"high":{"url":"https://coub-anubis-a.akamaized.net/coub_storage/coub/simple/cw_file/d3db8a554a2/46f82cf9c1e27270e0bcf/muted_mp4_big_size_1567758581_muted_big.mp4","size":1976163},"med":{"url":"https://coub-anubis-a.akamaized.net/coub_storage/coub/simple/cw_file/d3db8a554a2/46f82cf9c1e27270e0bcf/muted_mp4_med_size_1567758581_muted_med.mp4","size":548679}},"audio":{"high":{"url":"https://coub-anubis-a.akamaized.net/coub_storage/coub/simple/cw_looped_audio_high/0b0858cc437/26c6cc5ea9d694f9120c6/1605445045_high_1470855906_high.mp3","size":4060555},"med":{"url":"https://coub-anubis-a.akamaized.net/coub_storage/coub/simple/cw_looped_audio_med/86f63e4c6e3/ee5effe45f25da2f9a7a4/1605445042_med_1470855906_med.mp3","size":3138435}}},"mobile":{"video":"https://coub-anubis-a.akamaized.net/coub_storage/coub/simple/cw_file/d3db8a554a2/46f82cf9c1e27270e0bcf/muted_mp4_med_size_1567758581_muted_med.mp4","audio":["https://coub-anubis-a.akamaized.net/coub_storage/coub/simple/cw_looped_audio_med/86f63e4c6e3/ee5effe45f25da2f9a7a4/1605445042_med_1470855906_med.mp3"]},"share":{"default":"https://coub-anubis-a.akamaized.net/coub_storage/coub/simple/cw_video_for_sharing/796dbb38944/a59a45506594f2bfabb2e/1611243097_looped_1611243096.mp4"}},"audio_versions":{"template":"https://coub-anubis-a.akamaized.net/coub_storage/audio_track/cw_normalized_copy/6f23b587a1c/64913c975d866514a4962/mid_1623538080_1471092548_audio.mp3","versions":["mid","low"]},"image_versions":{"template":"https://coub-anubis-a.akamaized.net/coub_storage/coub/simple/cw_image/2f7fb215cd7/a0ccab8e286f0f873ede5/1470855811_00032.jpg","versions":["micro","tiny","age_restricted","ios_large","ios_mosaic","big","med","small","pinterest"]},"first_frame_versions":{"template":"https://coub-anubis-a.akamaized.net/coub_storage/coub/simple/cw_timeline_pic/1ede9eb14dd/2cbee0d011ad39305ab11/%{version}_1470855826_image.jpg","versions":["big","med","small","ios_large"]},"dimensions":{"big":[1280,692],"med":[640,346]},"site_w_h":[640,346],"page_w_h":[640,346],"site_w_h_small":[310,168],"size":[1280,692],"age_restricted":false,"age_restricted_by_admin":false,"not_safe_for_work":false,"allow_reuse":false,"dont_crop":false,"banned":false,"global_safe":true,"audio_file_url":"https://coub-anubis-a.akamaized.net/coub_storage/audio_track/cw_normalized_copy/6f23b587a1c/64913c975d866514a4962/low_1623538080_1471092548_audio.mp3","external_download":false,"application":null,"channel":{"id":193471,"permalink":"sergey-victrov","title":"Sergey Victrov","description":"𝕊𝕖𝕣𝕘𝕖𝕪 𝕍𝕚𝕔𝕥𝕣𝕠𝕧","followers_count":6256,"following_count":33,"avatar_versions":{"template":"https://coub-anubis-a.akamaized.net/coub_storage/channel/cw_avatar/3b389a68d38/88f5cfbb6ee01bd011709/%{version}_1474491887_1397585888179.jpg","versions":["medium","medium_2x","profile_pic","profile_pic_new","profile_pic_new_2x","tiny","tiny_2x","small","small_2x","ios_large","ios_small"]}},"file":null,"picture":"https://coub-anubis-a.akamaized.net/coub_storage/coub/simple/cw_image/2f7fb215cd7/a0ccab8e286f0f873ede5/1470855811_00032.jpg","timeline_picture":"https://coub-anubis-a.akamaized.net/coub_storage/coub/simple/cw_timeline_pic/1ede9eb14dd/2cbee0d011ad39305ab11/ios_large_1470855826_image.jpg","small_picture":"https://coub-anubis-a.akamaized.net/coub_storage/coub/simple/cw_image/2f7fb215cd7/a0ccab8e286f0f873ede5/1470855811_00032.jpg","sharing_picture":null,"percent_done":100,"tags":[{"id":2332,"title":"alone","value":"alone"},{"id":15314,"title":"moonrise kingdom","value":"moonrise%20kingdom"},{"id":262370,"title":"system of a down – lonely day","value":"system%20of%20a%20down%20%E2%80%93%20lonely%20day"}],"categories":[{"id":19,"title":"Movies & TV","permalink":"movies","subscriptions_count":10078577,"big_image_url":"https://coub-anubis-a.akamaized.net/coub_storage/category/cw_image/dda6b36d2fb/9ae8ba82060e5659de192/big_1544758441_movies2.png","small_image_url":"https://coub-anubis-a.akamaized.net/coub_storage/category/cw_image/dda6b36d2fb/9ae8ba82060e5659de192/small_1544758441_movies2.png","med_image_url":"https://coub-anubis-a.akamaized.net/coub_storage/category/cw_image/dda6b36d2fb/9ae8ba82060e5659de192/med_1544758441_movies2.png","visible":true}],"communities":[{"id":19,"title":"Movies & TV","permalink":"movies","subscriptions_count":10078577,"big_image_url":"https://coub-anubis-a.akamaized.net/coub_storage/category/cw_image/dda6b36d2fb/9ae8ba82060e5659de192/big_1544758441_movies2.png","small_image_url":"https://coub-anubis-a.akamaized.net/coub_storage/category/cw_image/dda6b36d2fb/9ae8ba82060e5659de192/small_1544758441_movies2.png","med_image_url":"https://coub-anubis-a.akamaized.net/coub_storage/category/cw_image/dda6b36d2fb/9ae8ba82060e5659de192/med_1544758441_movies2.png","i_subscribed":true,"community_notifications_enabled":null,"description":null}],"recoubs_count":567,"remixes_count":1,"likes_count":2613,"dislikes_count":0,"raw_video_id":1193737,"uploaded_by_ios_app":false,"uploaded_by_android_app":false,"media_blocks":{"uploaded_raw_videos":[],"external_raw_videos":[],"remixed_from_coubs":[],"audio_track":{"id":19541483,"title":"Lonely Day","url":"https://geo.itunes.apple.com/us/album/lonely-day/id159457194?i=159457722&uo=4&at=10l5bB&app=music","image":"https://coub-anubis-a.akamaized.net/coub_storage/media_block/cw_image/a5643bf3f0f/001da95156280524948df/1492088526_1471092695_3d50u5_att-url-download.jpg","image_retina":"https://coub-anubis-a.akamaized.net/coub_storage/media_block/cw_image/a5643bf3f0f/001da95156280524948df/1492088526_1471092695_3d50u5_att-url-download.jpg","meta":{"year":null,"album":"Hypnotize","title":"Lonely Day","artist":"System of a Down","echonest_id":null},"duration":null,"amazon_url":null,"google_play_url":null,"bandcamp_url":null,"soundcloud_url":null,"track_name":null,"track_artist":null,"track_album":null,"itunes_url":"https://geo.itunes.apple.com/us/album/lonely-day/id159457194?i=159457722&uo=4&at=10l5bB&app=music"}},"raw_video_thumbnail_url":"/missing/missing.png","raw_video_title":"wmplayer_2015-03-15_18-22-06-66.mp4","video_block_banned":false,"duration":10.12,"promo_winner":false,"promo_winner_recoubers":null,"editorial_info":{},"promo_hint":null,"beeline_best_2014":null,"from_web_editor":true,"normalize_sound":true,"normalize_change_allowed":true,"best2015_addable":false,"ahmad_promo":null,"promo_data":null,"audio_copyright_claim":null,"ads_disabled":null,"is_safe_for_ads":true,"megafon_contents":[],"position_on_page":4},{"flag":null,"abuses":null,"recoubs_by_users_channels":null,"favourite":false,"promoted_id":null,"recoub":null,"like":null,"dislike":null,"reaction":null,"in_my_best2015":false,"id":178662441,"type":"Coub::Simple","permalink":"2y0vqm","title":"(не)очевидный выбор","visibility_type":"public","original_visibility_type":"public","channel_id":2380307,"created_at":"2021-11-15T21:28:47Z","updated_at":"2022-03-15T21:06:13Z","is_done":true,"views_count":168045,"cotd":null,"cotd_at":null,"visible_on_explore_root":false,"visible_on_explore":false,"featured":false,"published":true,"published_at":"2021-11-15T21:28:47Z","reversed":false,"from_editor_v2":true,"is_editable":true,"original_sound":true,"has_sound":true,"recoub_to":null,"file_versions":{"html5":{"video":{"higher":{"url":"https://coub-anubis-a.akamaized.net/coub_storage/coub/simple/cw_file/00dd4142eb1/d135a53430bf04edb3852/muted_mp4_huge_size_1637011742_muted_huge.mp4","size":2287749},"high":{"url":"https://coub-anubis-a.akamaized.net/coub_storage/coub/simple/cw_file/00dd4142eb1/d135a53430bf04edb3852/muted_mp4_big_size_1637011742_muted_big.mp4","size":1447984},"med":{"url":"https://coub-anubis-a.akamaized.net/coub_storage/coub/simple/cw_file/00dd4142eb1/d135a53430bf04edb3852/muted_mp4_med_size_1637011742_muted_med.mp4","size":273522}},"audio":{"high":{"url":"https://coub-anubis-a.akamaized.net/coub_storage/coub/simple/cw_looped_audio_high/0a1c4afe9a1/86082d6213f2115d44678/1637011744_mp3-high.mp3","size":894798},"med":{"url":"https://coub-anubis-a.akamaized.net/coub_storage/coub/simple/cw_looped_audio_med/b872e24dec3/e0ba857bf45d56e96676c/1637011743_mp3-med.mp3","size":799076},"sample_duration":10.008}},"mobile":{"video":"https://coub-anubis-a.akamaized.net/coub_storage/coub/simple/cw_file/00dd4142eb1/d135a53430bf04edb3852/muted_mp4_med_size_1637011742_muted_med.mp4","audio":["https://coub-anubis-a.akamaized.net/coub_storage/coub/simple/cw_looped_audio_med/b872e24dec3/e0ba857bf45d56e96676c/1637011743_mp3-med.mp3"]},"share":{"default":"https://coub-anubis-a.akamaized.net/coub_storage/coub/simple/cw_video_for_sharing/a9ea47c8df7/f69e66ef49d2a3bd5782b/1637011775_looped_1637011775.mp4"}},"audio_versions":{},"image_versions":{"template":"https://coub-anubis-a.akamaized.net/coub_storage/coub/simple/cw_image/74c6e0f70fc/9e539d6a4ef5f061f2e5f/%{version}_1637011750_00032.jpg","versions":["micro","tiny","age_restricted","ios_large","ios_mosaic","big","med","small","pinterest"]},"first_frame_versions":{"template":"https://coub-anubis-a.akamaized.net/coub_storage/coub/simple/cw_timeline_pic/48d9bf83cae/8c55077fe8914f64005f7/%{version}_1637011749_image.jpg","versions":["big","med","small","ios_large"]},"dimensions":{"big":[1280,720],"med":[640,360]},"site_w_h":[640,360],"page_w_h":[640,360],"site_w_h_small":[310,174],"size":[1280,720],"age_restricted":false,"age_restricted_by_admin":false,"not_safe_for_work":null,"allow_reuse":false,"dont_crop":true,"banned":false,"global_safe":null,"audio_file_url":null,"external_download":false,"application":null,"channel":{"id":2380307,"permalink":"kel...12","title":"Kel","description":null,"followers_count":83,"following_count":0,"avatar_versions":{"template":"https://coub-anubis-a.akamaized.net/coub_storage/channel/cw_avatar/b7193dc4ad2/52107a84390c96176a889/%{version}_1607421329_184h8vp_1474545817_33333333333333_____33333333333.jpg","versions":["medium","medium_2x","profile_pic","profile_pic_new","profile_pic_new_2x","tiny","tiny_2x","small","small_2x","ios_large","ios_small"]}},"file":null,"picture":"https://coub-anubis-a.akamaized.net/coub_storage/coub/simple/cw_image/74c6e0f70fc/9e539d6a4ef5f061f2e5f/med_1637011750_00032.jpg","timeline_picture":"https://coub-anubis-a.akamaized.net/coub_storage/coub/simple/cw_timeline_pic/48d9bf83cae/8c55077fe8914f64005f7/ios_large_1637011749_image.jpg","small_picture":"https://coub-anubis-a.akamaized.net/coub_storage/coub/simple/cw_image/74c6e0f70fc/9e539d6a4ef5f061f2e5f/ios_mosaic_1637011750_00032.jpg","sharing_picture":null,"percent_done":100,"tags":[{"id":6589615,"title":"surrender 1987","value":"surrender%201987"},{"id":16792,"title":"michael caine","value":"michael%20caine"}],"categories":[{"id":19,"title":"Movies & TV","permalink":"movies","subscriptions_count":10078577,"big_image_url":"https://coub-anubis-a.akamaized.net/coub_storage/category/cw_image/dda6b36d2fb/9ae8ba82060e5659de192/big_1544758441_movies2.png","small_image_url":"https://coub-anubis-a.akamaized.net/coub_storage/category/cw_image/dda6b36d2fb/9ae8ba82060e5659de192/small_1544758441_movies2.png","med_image_url":"https://coub-anubis-a.akamaized.net/coub_storage/category/cw_image/dda6b36d2fb/9ae8ba82060e5659de192/med_1544758441_movies2.png","visible":true}],"communities":[{"id":19,"title":"Movies & TV","permalink":"movies","subscriptions_count":10078577,"big_image_url":"https://coub-anubis-a.akamaized.net/coub_storage/category/cw_image/dda6b36d2fb/9ae8ba82060e5659de192/big_1544758441_movies2.png","small_image_url":"https://coub-anubis-a.akamaized.net/coub_storage/category/cw_image/dda6b36d2fb/9ae8ba82060e5659de192/small_1544758441_movies2.png","med_image_url":"https://coub-anubis-a.akamaized.net/coub_storage/category/cw_image/dda6b36d2fb/9ae8ba82060e5659de192/med_1544758441_movies2.png","i_subscribed":true,"community_notifications_enabled":null,"description":null}],"recoubs_count":460,"remixes_count":0,"likes_count":2611,"dislikes_count":0,"raw_video_id":16924758,"uploaded_by_ios_app":false,"uploaded_by_android_app":false,"media_blocks":{"uploaded_raw_videos":[],"external_raw_videos":[],"remixed_from_coubs":[]},"raw_video_thumbnail_url":"https://coub-anubis-a.akamaized.net/coub_storage/raw_video/cw_image/9a917e971f8/9ea21abf80de0d21f1b0c/coub_media_1637011593_image.jpg","raw_video_title":"Surrender__Eng__1987__001_.mkv","video_block_banned":false,"duration":10.0,"promo_winner":false,"promo_winner_recoubers":null,"editorial_info":{},"promo_hint":null,"beeline_best_2014":null,"from_web_editor":true,"normalize_sound":true,"normalize_change_allowed":true,"best2015_addable":false,"ahmad_promo":null,"promo_data":null,"audio_copyright_claim":null,"ads_disabled":null,"is_safe_for_ads":true,"megafon_contents":[],"position_on_page":5},{"flag":null,"abuses":null,"recoubs_by_users_channels":null,"favourite":false,"promoted_id":null,"recoub":null,"like":null,"dislike":null,"reaction":null,"in_my_best2015":false,"id":60905710,"type":"Coub::Simple","permalink":"zta5i","title":"Reunion","visibility_type":"public","original_visibility_type":"public","channel_id":3907421,"created_at":"2017-11-21T10:14:02Z","updated_at":"2022-03-09T13:33:12Z","is_done":true,"views_count":154517,"cotd":null,"cotd_at":null,"visible_on_explore_root":true,"visible_on_explore":true,"featured":true,"published":true,"published_at":"2017-11-21T10:14:01Z","reversed":false,"from_editor_v2":true,"is_editable":true,"original_sound":false,"has_sound":false,"recoub_to":null,"file_versions":{"html5":{"video":{"higher":{"url":"https://coub-anubis-a.akamaized.net/coub_storage/coub/simple/cw_file/2e82685d1d1/44c1d9f1855eab251de79/muted_mp4_huge_size_1568166028_muted_huge.mp4","size":2936604},"high":{"url":"https://coub-anubis-a.akamaized.net/coub_storage/coub/simple/cw_file/2e82685d1d1/44c1d9f1855eab251de79/muted_mp4_big_size_1568166028_muted_big.mp4","size":2140437},"med":{"url":"https://coub-anubis-a.akamaized.net/coub_storage/coub/simple/cw_file/2e82685d1d1/44c1d9f1855eab251de79/muted_mp4_med_size_1568166028_muted_med.mp4","size":658906}},"audio":{"high":{"url":"https://coub-anubis-a.akamaized.net/coub_storage/coub/simple/cw_looped_audio_high/f5e8e013baf/a96b610921a058e8287c8/1605616533_high_1512412826_high.mp3","size":3427561},"med":{"url":"https://coub-anubis-a.akamaized.net/coub_storage/coub/simple/cw_looped_audio_med/d23afaeead5/3f6a11df330987ea76765/1605616533_med_1512412826_med.mp3","size":2521703}}},"mobile":{"video":"https://coub-anubis-a.akamaized.net/coub_storage/coub/simple/cw_file/2e82685d1d1/44c1d9f1855eab251de79/muted_mp4_med_size_1568166028_muted_med.mp4","audio":["https://coub-anubis-a.akamaized.net/coub_storage/coub/simple/cw_looped_audio_med/d23afaeead5/3f6a11df330987ea76765/1605616533_med_1512412826_med.mp3"]},"share":{"default":"https://coub-anubis-a.akamaized.net/coub_storage/coub/simple/cw_video_for_sharing/ae0344a60d9/45ad2a15e3d5037d24e59/1611332684_looped_1611332682.mp4"}},"audio_versions":{"template":"https://coub-anubis-a.akamaized.net/coub_storage/audio_track/cw_normalized_copy/66709c09c3a/e598e8ff66ea5061adf1e/mid_1512412815_1a6by9v_normalized_1512412801_m9ivya_edited.mp3","versions":["mid","low"]},"image_versions":{"template":"https://coub-anubis-a.akamaized.net/coub_storage/coub/simple/cw_image/4692016e579/f6a4977629b3834ebbd1d/1512412839_00025.jpg","versions":["micro","tiny","age_restricted","ios_large","ios_mosaic","big","med","small","pinterest"]},"first_frame_versions":{"template":"https://coub-anubis-a.akamaized.net/coub_storage/coub/simple/cw_timeline_pic/12360cdaebb/af740bab1c1a1773f24a7/%{version}_1512412838_image.jpg","versions":["big","med","small","ios_large"]},"dimensions":{"big":[1280,720],"med":[640,360]},"site_w_h":[640,360],"page_w_h":[640,360],"site_w_h_small":[310,174],"size":[1280,720],"age_restricted":false,"age_restricted_by_admin":false,"not_safe_for_work":false,"allow_reuse":false,"dont_crop":false,"banned":false,"global_safe":true,"audio_file_url":"https://coub-anubis-a.akamaized.net/coub_storage/audio_track/cw_normalized_copy/66709c09c3a/e598e8ff66ea5061adf1e/low_1512412815_1a6by9v_normalized_1512412801_m9ivya_edited.mp3","external_download":{"type":"Youtube","service_name":"YouTube","url":"http://www.youtube.com/watch?v=QK-Z1K67uaA","has_embed":true},"application":null,"channel":{"id":3907421,"permalink":"aleksandregaganidzee","title":"Aleksandre Gaganidze","description":"️","followers_count":1182,"following_count":23,"avatar_versions":{"template":"https://coub-anubis-a.akamaized.net/coub_storage/channel/cw_avatar/09a489489ff/86f5a675ec2aa9892f61d/%{version}_1609085243_m0nqc7_1586825660_83bf515fc1c4610b78e985ad50b30b8f.jpg","versions":["medium","medium_2x","profile_pic","profile_pic_new","profile_pic_new_2x","tiny","tiny_2x","small","small_2x","ios_large","ios_small"]}},"file":null,"picture":"https://coub-anubis-a.akamaized.net/coub_storage/coub/simple/cw_image/4692016e579/f6a4977629b3834ebbd1d/1512412839_00025.jpg","timeline_picture":"https://coub-anubis-a.akamaized.net/coub_storage/coub/simple/cw_timeline_pic/12360cdaebb/af740bab1c1a1773f24a7/ios_large_1512412838_image.jpg","small_picture":"https://coub-anubis-a.akamaized.net/coub_storage/coub/simple/cw_image/4692016e579/f6a4977629b3834ebbd1d/1512412839_00025.jpg","sharing_picture":null,"percent_done":100,"tags":[{"id":2873853,"title":"leon professional","value":"leon%20professional"},{"id":2213,"title":"closer","value":"closer"},{"id":192569,"title":"mashups","value":"mashups"}],"categories":[{"id":19,"title":"Movies & TV","permalink":"movies","subscriptions_count":10078577,"big_image_url":"https://coub-anubis-a.akamaized.net/coub_storage/category/cw_image/dda6b36d2fb/9ae8ba82060e5659de192/big_1544758441_movies2.png","small_image_url":"https://coub-anubis-a.akamaized.net/coub_storage/category/cw_image/dda6b36d2fb/9ae8ba82060e5659de192/small_1544758441_movies2.png","med_image_url":"https://coub-anubis-a.akamaized.net/coub_storage/category/cw_image/dda6b36d2fb/9ae8ba82060e5659de192/med_1544758441_movies2.png","visible":true}],"communities":[{"id":19,"title":"Movies & TV","permalink":"movies","subscriptions_count":10078577,"big_image_url":"https://coub-anubis-a.akamaized.net/coub_storage/category/cw_image/dda6b36d2fb/9ae8ba82060e5659de192/big_1544758441_movies2.png","small_image_url":"https://coub-anubis-a.akamaized.net/coub_storage/category/cw_image/dda6b36d2fb/9ae8ba82060e5659de192/small_1544758441_movies2.png","med_image_url":"https://coub-anubis-a.akamaized.net/coub_storage/category/cw_image/dda6b36d2fb/9ae8ba82060e5659de192/med_1544758441_movies2.png","i_subscribed":true,"community_notifications_enabled":null,"description":null}],"recoubs_count":332,"remixes_count":3,"likes_count":2611,"dislikes_count":0,"raw_video_id":10520506,"uploaded_by_ios_app":false,"uploaded_by_android_app":false,"media_blocks":{"uploaded_raw_videos":[],"external_raw_videos":[{"id":23117771,"title":"Sting - Shape of My Heart (Leon)","url":"http://www.youtube.com/watch?v=QK-Z1K67uaA","image":"https://coub-anubis-a.akamaized.net/coub_storage/media_block/cw_image/c48b6c9f087/8e9445aca8b0df628932d/1509888159_1509888112_17lpwa3_att-url-download.jpg","image_retina":"https://coub-anubis-a.akamaized.net/coub_storage/media_block/cw_image/c48b6c9f087/8e9445aca8b0df628932d/1509888159_1509888112_17lpwa3_att-url-download.jpg","meta":{"service":"Youtube","duration":"278.2"},"duration":278.2,"raw_video_id":10520506,"has_embed":true},{"id":23368459,"title":"closer (2004) - natalie portman + jude law","url":"http://www.youtube.com/watch?v=4xMBMFHifTw","image":"https://coub-anubis-a.akamaized.net/coub_storage/media_block/cw_image/46acf4d86f3/37585eef90e21a74dad19/1511257648_1511257594_lpqm54_att-url-download.jpg","image_retina":"https://coub-anubis-a.akamaized.net/coub_storage/media_block/cw_image/46acf4d86f3/37585eef90e21a74dad19/1511257648_1511257594_lpqm54_att-url-download.jpg","meta":{"service":"Youtube","duration":"122.44"},"duration":122.44,"raw_video_id":10617084,"has_embed":true}],"remixed_from_coubs":[],"external_video":{"id":23117771,"title":"Sting - Shape of My Heart (Leon)","url":"http://www.youtube.com/watch?v=QK-Z1K67uaA","image":"https://coub-anubis-a.akamaized.net/coub_storage/media_block/cw_image/c48b6c9f087/8e9445aca8b0df628932d/1509888159_1509888112_17lpwa3_att-url-download.jpg","image_retina":"https://coub-anubis-a.akamaized.net/coub_storage/media_block/cw_image/c48b6c9f087/8e9445aca8b0df628932d/1509888159_1509888112_17lpwa3_att-url-download.jpg","meta":{"service":"Youtube","duration":"278.2"},"duration":278.2,"raw_video_id":10520506,"has_embed":true}},"raw_video_thumbnail_url":"/missing/missing.png","raw_video_title":"Sting - Shape of My Heart (Leon)","video_block_banned":false,"duration":7.76,"promo_winner":false,"promo_winner_recoubers":null,"editorial_info":{},"promo_hint":null,"beeline_best_2014":null,"from_web_editor":true,"normalize_sound":true,"normalize_change_allowed":true,"best2015_addable":false,"ahmad_promo":null,"promo_data":null,"audio_copyright_claim":null,"ads_disabled":false,"is_safe_for_ads":true,"megafon_contents":[],"position_on_page":6},{"flag":null,"abuses":null,"recoubs_by_users_channels":null,"favourite":false,"promoted_id":null,"recoub":null,"like":null,"dislike":null,"reaction":null,"in_my_best2015":false,"id":16282670,"type":"Coub::Simple","permalink":"98uhf","title":"Everyone's in love","visibility_type":"public","original_visibility_type":"public","channel_id":1167619,"created_at":"2015-11-17T14:33:16Z","updated_at":"2022-03-05T20:11:31Z","is_done":true,"views_count":114874,"cotd":null,"cotd_at":null,"visible_on_explore_root":true,"visible_on_explore":true,"featured":true,"published":true,"published_at":"2015-11-17T14:33:16Z","reversed":false,"from_editor_v2":true,"is_editable":true,"original_sound":true,"has_sound":true,"recoub_to":null,"file_versions":{"html5":{"video":{"higher":{"url":"https://coub-anubis-a.akamaized.net/coub_storage/coub/simple/cw_file/f850bced619/bcfa516446b80ff67ab2b/muted_mp4_huge_size_1567823229_muted_huge.mp4","size":3593600},"high":{"url":"https://coub-anubis-a.akamaized.net/coub_storage/coub/simple/cw_file/f850bced619/bcfa516446b80ff67ab2b/muted_mp4_big_size_1567823229_muted_big.mp4","size":2397350},"med":{"url":"https://coub-anubis-a.akamaized.net/coub_storage/coub/simple/cw_file/f850bced619/bcfa516446b80ff67ab2b/muted_mp4_med_size_1567823229_muted_med.mp4","size":677139}},"audio":{"high":{"url":"https://coub-anubis-a.akamaized.net/coub_storage/coub/simple/cw_looped_audio_high/9a65b5fdb43/78f1e488952e226913f1a/1605465032_high_1470860544_high.mp3","size":1368551},"med":{"url":"https://coub-anubis-a.akamaized.net/coub_storage/coub/simple/cw_looped_audio_med/423f86d631e/d8e47fc715bd5f4a18b88/1605465032_med_1470860544_med.mp3","size":1163826},"sample_duration":7.128}},"mobile":{"video":"https://coub-anubis-a.akamaized.net/coub_storage/coub/simple/cw_file/f850bced619/bcfa516446b80ff67ab2b/muted_mp4_med_size_1567823229_muted_med.mp4","audio":["https://coub-anubis-a.akamaized.net/coub_storage/coub/simple/cw_looped_audio_med/423f86d631e/d8e47fc715bd5f4a18b88/1605465032_med_1470860544_med.mp3"]},"share":{"default":"https://coub-anubis-a.akamaized.net/coub_storage/coub/simple/cw_video_for_sharing/3309114891f/d019bdc83ff0f23d5d079/1617500918_looped_1617500918.mp4"}},"audio_versions":{},"image_versions":{"template":"https://coub-anubis-a.akamaized.net/coub_storage/coub/simple/cw_image/4043b8a0325/540205baac97876800df5/1473901173_00023.jpg","versions":["micro","tiny","age_restricted","ios_large","ios_mosaic","big","med","small","pinterest"]},"first_frame_versions":{"template":"https://coub-anubis-a.akamaized.net/coub_storage/coub/simple/cw_timeline_pic/9b05712545b/cce8bcc0db10077ae1b8e/1473901185_image.jpg","versions":["big","med","small","ios_large"]},"dimensions":{"big":[1280,960],"med":[640,480]},"site_w_h":[640,480],"page_w_h":[640,480],"site_w_h_small":[310,233],"size":[1280,960],"age_restricted":false,"age_restricted_by_admin":false,"not_safe_for_work":false,"allow_reuse":false,"dont_crop":false,"banned":false,"global_safe":true,"audio_file_url":null,"external_download":false,"application":null,"channel":{"id":1167619,"permalink":"sashanilov","title":"Sasha Nilov","description":"Make coubs not war!","followers_count":14325,"following_count":166,"avatar_versions":{"template":"https://coub-anubis-a.akamaized.net/coub_storage/channel/cw_avatar/b5e4219e998/2fa6c4c2f522523f8ec17/%{version}_1623145599_logo_sashanilov_coub-alpha.png","versions":["medium","medium_2x","profile_pic","profile_pic_new","profile_pic_new_2x","tiny","tiny_2x","small","small_2x","ios_large","ios_small"]}},"file":null,"picture":"https://coub-anubis-a.akamaized.net/coub_storage/coub/simple/cw_image/4043b8a0325/540205baac97876800df5/1473901173_00023.jpg","timeline_picture":"https://coub-anubis-a.akamaized.net/coub_storage/coub/simple/cw_timeline_pic/9b05712545b/cce8bcc0db10077ae1b8e/1473901185_image.jpg","small_picture":"https://coub-anubis-a.akamaized.net/coub_storage/coub/simple/cw_image/4043b8a0325/540205baac97876800df5/1473901173_00023.jpg","sharing_picture":null,"percent_done":100,"tags":[{"id":3655,"title":"black and white","value":"black%20and%20white"},{"id":22696,"title":"daughter","value":"daughter"},{"id":51046,"title":"jean seberg","value":"jean%20seberg"},{"id":473273,"title":"jean luc godard","value":"jean%20luc%20godard"},{"id":7581,"title":"jean paul belmondo","value":"jean%20paul%20belmondo"},{"id":194424,"title":"a bout de souffle","value":"a%20bout%20de%20souffle"}],"categories":[{"id":19,"title":"Movies & TV","permalink":"movies","subscriptions_count":10078577,"big_image_url":"https://coub-anubis-a.akamaized.net/coub_storage/category/cw_image/dda6b36d2fb/9ae8ba82060e5659de192/big_1544758441_movies2.png","small_image_url":"https://coub-anubis-a.akamaized.net/coub_storage/category/cw_image/dda6b36d2fb/9ae8ba82060e5659de192/small_1544758441_movies2.png","med_image_url":"https://coub-anubis-a.akamaized.net/coub_storage/category/cw_image/dda6b36d2fb/9ae8ba82060e5659de192/med_1544758441_movies2.png","visible":true}],"communities":[{"id":19,"title":"Movies & TV","permalink":"movies","subscriptions_count":10078577,"big_image_url":"https://coub-anubis-a.akamaized.net/coub_storage/category/cw_image/dda6b36d2fb/9ae8ba82060e5659de192/big_1544758441_movies2.png","small_image_url":"https://coub-anubis-a.akamaized.net/coub_storage/category/cw_image/dda6b36d2fb/9ae8ba82060e5659de192/small_1544758441_movies2.png","med_image_url":"https://coub-anubis-a.akamaized.net/coub_storage/category/cw_image/dda6b36d2fb/9ae8ba82060e5659de192/med_1544758441_movies2.png","i_subscribed":true,"community_notifications_enabled":null,"description":null}],"recoubs_count":566,"remixes_count":1,"likes_count":2611,"dislikes_count":0,"raw_video_id":1872210,"uploaded_by_ios_app":false,"uploaded_by_android_app":false,"media_blocks":{"uploaded_raw_videos":[],"external_raw_videos":[],"remixed_from_coubs":[]},"raw_video_thumbnail_url":"/missing/missing.png","raw_video_title":"Everyone_s_in_love2.mov","video_block_banned":false,"duration":7.12,"promo_winner":false,"promo_winner_recoubers":null,"editorial_info":{},"promo_hint":null,"beeline_best_2014":null,"from_web_editor":true,"normalize_sound":true,"normalize_change_allowed":true,"best2015_addable":false,"ahmad_promo":null,"promo_data":null,"audio_copyright_claim":null,"ads_disabled":null,"is_safe_for_ads":true,"megafon_contents":[],"position_on_page":7},{"flag":null,"abuses":null,"recoubs_by_users_channels":null,"favourite":false,"promoted_id":null,"recoub":null,"like":null,"dislike":null,"reaction":null,"in_my_best2015":false,"id":88735008,"type":"Coub::Simple","permalink":"1gf9k7","title":"Петельки...","visibility_type":"public","original_visibility_type":"public","channel_id":4871635,"created_at":"2018-10-20T10:54:42Z","updated_at":"2022-03-09T04:14:12Z","is_done":true,"views_count":127407,"cotd":null,"cotd_at":null,"visible_on_explore_root":false,"visible_on_explore":false,"featured":false,"published":true,"published_at":"2018-10-20T10:56:58Z","reversed":false,"from_editor_v2":true,"is_editable":true,"original_sound":true,"has_sound":true,"recoub_to":null,"file_versions":{"html5":{"video":{"higher":{"url":"https://coub-anubis-a.akamaized.net/coub_storage/coub/simple/cw_file/f4390076650/cc4b74fa9b234c9e1e2af/muted_mp4_huge_size_1571339629_muted_huge.mp4","size":1967609},"high":{"url":"https://coub-anubis-a.akamaized.net/coub_storage/coub/simple/cw_file/f4390076650/cc4b74fa9b234c9e1e2af/muted_mp4_big_size_1571339629_muted_big.mp4","size":1364072},"med":{"url":"https://coub-anubis-a.akamaized.net/coub_storage/coub/simple/cw_file/f4390076650/cc4b74fa9b234c9e1e2af/muted_mp4_med_size_1571339629_muted_med.mp4","size":439439}},"audio":{"high":{"url":"https://coub-anubis-a.akamaized.net/coub_storage/coub/simple/cw_looped_audio_high/950a9b20cda/3344915ec314e9c7e7def/1605602472_high_1540032895_high.mp3","size":1138418},"med":{"url":"https://coub-anubis-a.akamaized.net/coub_storage/coub/simple/cw_looped_audio_med/0f6547457b1/4ee3229ac636fe00dbc06/1605602471_med_1540032895_med.mp3","size":944088},"sample_duration":8.452}},"mobile":{"video":"https://coub-anubis-a.akamaized.net/coub_storage/coub/simple/cw_file/f4390076650/cc4b74fa9b234c9e1e2af/muted_mp4_med_size_1571339629_muted_med.mp4","audio":["https://coub-anubis-a.akamaized.net/coub_storage/coub/simple/cw_looped_audio_med/0f6547457b1/4ee3229ac636fe00dbc06/1605602471_med_1540032895_med.mp3"]},"share":{"default":"https://coub-anubis-a.akamaized.net/coub_storage/coub/simple/cw_video_for_sharing/f260d3fa310/448f9142aeb5c5b07e41d/1610819815_looped_1610819814.mp4"}},"audio_versions":{},"image_versions":{"template":"https://coub-anubis-a.akamaized.net/coub_storage/coub/simple/cw_image/5e7dd279022/8c927cfce601f6f5b52f4/1540032900_00027.jpg","versions":["micro","tiny","age_restricted","ios_large","ios_mosaic","big","med","small","pinterest"]},"first_frame_versions":{"template":"https://coub-anubis-a.akamaized.net/coub_storage/coub/simple/cw_timeline_pic/2de3a012a30/5bcbde068028c8adacdfb/%{version}_1540032900_image.jpg","versions":["big","med","small","ios_large"]},"dimensions":{"big":[1280,720],"med":[640,360]},"site_w_h":[640,360],"page_w_h":[640,360],"site_w_h_small":[310,174],"size":[1280,720],"age_restricted":false,"age_restricted_by_admin":false,"not_safe_for_work":false,"allow_reuse":false,"dont_crop":false,"banned":false,"global_safe":false,"audio_file_url":null,"external_download":{"type":"Youtube","service_name":"YouTube","url":"http://www.youtube.com/watch?v=mGfvKZZDCBc","has_embed":true},"application":null,"channel":{"id":4871635,"permalink":"thorkilorki","title":"𝐓horki𝐋orki","description":null,"followers_count":347,"following_count":14,"avatar_versions":{"template":"https://coub-anubis-a.akamaized.net/coub_storage/channel/cw_avatar/8a00a5a1ec4/c91f3c3ab4d25471ed099/%{version}_1607425172_oujb93_1542576683_________1.png","versions":["medium","medium_2x","profile_pic","profile_pic_new","profile_pic_new_2x","tiny","tiny_2x","small","small_2x","ios_large","ios_small"]}},"file":null,"picture":"https://coub-anubis-a.akamaized.net/coub_storage/coub/simple/cw_image/5e7dd279022/8c927cfce601f6f5b52f4/1540032900_00027.jpg","timeline_picture":"https://coub-anubis-a.akamaized.net/coub_storage/coub/simple/cw_timeline_pic/2de3a012a30/5bcbde068028c8adacdfb/ios_large_1540032900_image.jpg","small_picture":"https://coub-anubis-a.akamaized.net/coub_storage/coub/simple/cw_image/5e7dd279022/8c927cfce601f6f5b52f4/1540032900_00027.jpg","sharing_picture":null,"percent_done":100,"tags":[{"id":3054,"title":"misfits","value":"misfits"},{"id":4599,"title":"rudy","value":"rudy"},{"id":40937,"title":"rudy wade","value":"rudy%20wade"},{"id":7373,"title":"отбросы","value":"%D0%BE%D1%82%D0%B1%D1%80%D0%BE%D1%81%D1%8B"},{"id":61336,"title":"руди","value":"%D1%80%D1%83%D0%B4%D0%B8"},{"id":15230,"title":"serial","value":"serial"},{"id":17565,"title":"funny moments","value":"funny%20moments"},{"id":607492,"title":"кубик в кубе","value":"%D0%BA%D1%83%D0%B1%D0%B8%D0%BA%20%D0%B2%20%D0%BA%D1%83%D0%B1%D0%B5"},{"id":29402,"title":"joseph gilgun","value":"joseph%20gilgun"},{"id":40944,"title":"джозеф гилган","value":"%D0%B4%D0%B6%D0%BE%D0%B7%D0%B5%D1%84%20%D0%B3%D0%B8%D0%BB%D0%B3%D0%B0%D0%BD"}],"categories":[{"id":19,"title":"Movies & TV","permalink":"movies","subscriptions_count":10078577,"big_image_url":"https://coub-anubis-a.akamaized.net/coub_storage/category/cw_image/dda6b36d2fb/9ae8ba82060e5659de192/big_1544758441_movies2.png","small_image_url":"https://coub-anubis-a.akamaized.net/coub_storage/category/cw_image/dda6b36d2fb/9ae8ba82060e5659de192/small_1544758441_movies2.png","med_image_url":"https://coub-anubis-a.akamaized.net/coub_storage/category/cw_image/dda6b36d2fb/9ae8ba82060e5659de192/med_1544758441_movies2.png","visible":true}],"communities":[{"id":19,"title":"Movies & TV","permalink":"movies","subscriptions_count":10078577,"big_image_url":"https://coub-anubis-a.akamaized.net/coub_storage/category/cw_image/dda6b36d2fb/9ae8ba82060e5659de192/big_1544758441_movies2.png","small_image_url":"https://coub-anubis-a.akamaized.net/coub_storage/category/cw_image/dda6b36d2fb/9ae8ba82060e5659de192/small_1544758441_movies2.png","med_image_url":"https://coub-anubis-a.akamaized.net/coub_storage/category/cw_image/dda6b36d2fb/9ae8ba82060e5659de192/med_1544758441_movies2.png","i_subscribed":true,"community_notifications_enabled":null,"description":null}],"recoubs_count":513,"remixes_count":2,"likes_count":2610,"dislikes_count":0,"raw_video_id":12027435,"uploaded_by_ios_app":false,"uploaded_by_android_app":false,"media_blocks":{"uploaded_raw_videos":[],"external_raw_videos":[{"id":27260522,"title":"Лучшее из... Отбросы / The BEST of... MisFits #17","url":"https://www.youtube.com/watch?v=mGfvKZZDCBc","image":"https://coub-anubis-a.akamaized.net/coub_storage/media_block/cw_image/40555110abc/abc85c195c01c5753ff2b/1531335737_1531335691_1v3xeub_att-url-download.jpg","image_retina":"https://coub-anubis-a.akamaized.net/coub_storage/media_block/cw_image/40555110abc/abc85c195c01c5753ff2b/1531335737_1531335691_1v3xeub_att-url-download.jpg","meta":{"service":"Youtube","duration":"500.24"},"duration":500.24,"raw_video_id":12027435,"has_embed":true}],"remixed_from_coubs":[],"external_video":{"id":27260522,"title":"Лучшее из... Отбросы / The BEST of... MisFits #17","url":"https://www.youtube.com/watch?v=mGfvKZZDCBc","image":"https://coub-anubis-a.akamaized.net/coub_storage/media_block/cw_image/40555110abc/abc85c195c01c5753ff2b/1531335737_1531335691_1v3xeub_att-url-download.jpg","image_retina":"https://coub-anubis-a.akamaized.net/coub_storage/media_block/cw_image/40555110abc/abc85c195c01c5753ff2b/1531335737_1531335691_1v3xeub_att-url-download.jpg","meta":{"service":"Youtube","duration":"500.24"},"duration":500.24,"raw_video_id":12027435,"has_embed":true}},"raw_video_thumbnail_url":"/missing/missing.png","raw_video_title":"Лучшее из... Отбросы / The BEST of... MisFits #17","video_block_banned":false,"duration":8.44,"promo_winner":false,"promo_winner_recoubers":null,"editorial_info":{},"promo_hint":null,"beeline_best_2014":null,"from_web_editor":true,"normalize_sound":true,"normalize_change_allowed":true,"best2015_addable":false,"ahmad_promo":null,"promo_data":null,"audio_copyright_claim":null,"ads_disabled":false,"is_safe_for_ads":true,"megafon_contents":[],"position_on_page":8},{"flag":null,"abuses":null,"recoubs_by_users_channels":null,"favourite":false,"promoted_id":null,"recoub":null,"like":null,"dislike":null,"reaction":null,"in_my_best2015":false,"id":82185442,"type":"Coub::Simple","permalink":"1civu9","title":"90s","visibility_type":"public","original_visibility_type":"public","channel_id":44448,"created_at":"2018-08-13T02:10:12Z","updated_at":"2022-03-12T21:06:18Z","is_done":true,"views_count":179024,"cotd":null,"cotd_at":null,"visible_on_explore_root":false,"visible_on_explore":false,"featured":false,"published":true,"published_at":"2018-08-13T02:10:12Z","reversed":false,"from_editor_v2":true,"is_editable":true,"original_sound":false,"has_sound":false,"recoub_to":null,"file_versions":{"html5":{"video":{"higher":{"url":"https://coub-anubis-a.akamaized.net/coub_storage/coub/simple/cw_file/5c09e8771f3/073f5ef15b3c2b4e5cbe9/muted_mp4_huge_size_1568268942_muted_huge.mp4","size":3457427},"high":{"url":"https://coub-anubis-a.akamaized.net/coub_storage/coub/simple/cw_file/5c09e8771f3/073f5ef15b3c2b4e5cbe9/muted_mp4_big_size_1568268942_muted_big.mp4","size":2377887},"med":{"url":"https://coub-anubis-a.akamaized.net/coub_storage/coub/simple/cw_file/5c09e8771f3/073f5ef15b3c2b4e5cbe9/muted_mp4_med_size_1568268942_muted_med.mp4","size":828805}},"audio":{"high":{"url":"https://coub-anubis-a.akamaized.net/coub_storage/coub/simple/cw_looped_audio_high/f86f153447b/70c1a921ea2264b23133b/1605613149_high_1534126265_high.mp3","size":4959147},"med":{"url":"https://coub-anubis-a.akamaized.net/coub_storage/coub/simple/cw_looped_audio_med/8110104dd9b/ba3b33dec55cd5ba70d6d/1605613148_med_1534126265_med.mp3","size":3703898}}},"mobile":{"video":"https://coub-anubis-a.akamaized.net/coub_storage/coub/simple/cw_file/5c09e8771f3/073f5ef15b3c2b4e5cbe9/muted_mp4_med_size_1568268942_muted_med.mp4","audio":["https://coub-anubis-a.akamaized.net/coub_storage/coub/simple/cw_looped_audio_med/8110104dd9b/ba3b33dec55cd5ba70d6d/1605613148_med_1534126265_med.mp3"]},"share":{"default":"https://coub-anubis-a.akamaized.net/coub_storage/coub/simple/cw_video_for_sharing/0a02a1be55b/e955cc1b5e38ffe7f7cf1/1609531825_looped_1609531821.mp4"}},"audio_versions":{"template":"https://coub-anubis-a.akamaized.net/coub_storage/audio_track/cw_normalized_copy/7c7a1967547/ced786f06b58f576c1217/mid_1534126248_1nc0x8o_normalized_1534126226_1gwggvz_edited.mp3","versions":["mid","low"]},"image_versions":{"template":"https://coub-anubis-a.akamaized.net/coub_storage/coub/simple/cw_image/c1ae24a12a3/fd8ccf658c7006a9a4a3e/1534126283_00032.jpg","versions":["micro","tiny","age_restricted","ios_large","ios_mosaic","big","med","small","pinterest"]},"first_frame_versions":{"template":"https://coub-anubis-a.akamaized.net/coub_storage/coub/simple/cw_timeline_pic/4ecd0bb3a25/a75d340f9fef2fa7b5a18/%{version}_1534126283_image.jpg","versions":["big","med","small","ios_large"]},"dimensions":{"big":[960,960],"med":[480,480]},"site_w_h":[400,400],"page_w_h":[400,400],"site_w_h_small":[310,310],"size":[960,960],"age_restricted":false,"age_restricted_by_admin":false,"not_safe_for_work":false,"allow_reuse":false,"dont_crop":false,"banned":false,"global_safe":true,"audio_file_url":"https://coub-anubis-a.akamaized.net/coub_storage/audio_track/cw_normalized_copy/7c7a1967547/ced786f06b58f576c1217/low_1534126248_1nc0x8o_normalized_1534126226_1gwggvz_edited.mp3","external_download":{"type":"Imgur","service_name":"Imgur","url":"https://i.imgur.com/Yi9WZeL.mp4","has_embed":false},"application":null,"channel":{"id":44448,"permalink":"dreamboffin2","title":"dreamboffin","description":"Everything can be fun","followers_count":3533,"following_count":14,"avatar_versions":{"template":"https://coub-anubis-a.akamaized.net/coub_storage/channel/cw_avatar/9fd8a22ac2e/ebda9f37e3f37173a7e86/%{version}_1474482167_ulirr8_att-url-download.jpg","versions":["medium","medium_2x","profile_pic","profile_pic_new","profile_pic_new_2x","tiny","tiny_2x","small","small_2x","ios_large","ios_small"]}},"file":null,"picture":"https://coub-anubis-a.akamaized.net/coub_storage/coub/simple/cw_image/c1ae24a12a3/fd8ccf658c7006a9a4a3e/1534126283_00032.jpg","timeline_picture":"https://coub-anubis-a.akamaized.net/coub_storage/coub/simple/cw_timeline_pic/4ecd0bb3a25/a75d340f9fef2fa7b5a18/ios_large_1534126283_image.jpg","small_picture":"https://coub-anubis-a.akamaized.net/coub_storage/coub/simple/cw_image/c1ae24a12a3/fd8ccf658c7006a9a4a3e/1534126283_00032.jpg","sharing_picture":null,"percent_done":100,"tags":[],"categories":[{"id":19,"title":"Movies & TV","permalink":"movies","subscriptions_count":10078577,"big_image_url":"https://coub-anubis-a.akamaized.net/coub_storage/category/cw_image/dda6b36d2fb/9ae8ba82060e5659de192/big_1544758441_movies2.png","small_image_url":"https://coub-anubis-a.akamaized.net/coub_storage/category/cw_image/dda6b36d2fb/9ae8ba82060e5659de192/small_1544758441_movies2.png","med_image_url":"https://coub-anubis-a.akamaized.net/coub_storage/category/cw_image/dda6b36d2fb/9ae8ba82060e5659de192/med_1544758441_movies2.png","visible":true}],"communities":[{"id":19,"title":"Movies & TV","permalink":"movies","subscriptions_count":10078577,"big_image_url":"https://coub-anubis-a.akamaized.net/coub_storage/category/cw_image/dda6b36d2fb/9ae8ba82060e5659de192/big_1544758441_movies2.png","small_image_url":"https://coub-anubis-a.akamaized.net/coub_storage/category/cw_image/dda6b36d2fb/9ae8ba82060e5659de192/small_1544758441_movies2.png","med_image_url":"https://coub-anubis-a.akamaized.net/coub_storage/category/cw_image/dda6b36d2fb/9ae8ba82060e5659de192/med_1544758441_movies2.png","i_subscribed":true,"community_notifications_enabled":null,"description":null}],"recoubs_count":474,"remixes_count":2,"likes_count":2610,"dislikes_count":0,"raw_video_id":12191472,"uploaded_by_ios_app":false,"uploaded_by_android_app":false,"media_blocks":{"uploaded_raw_videos":[],"external_raw_videos":[{"id":27701426,"title":"Career Opportunities","url":"https://imgur.com/Yi9WZeL","image":"https://coub-anubis-a.akamaized.net/coub_storage/media_block/cw_image/05ec201162b/d9ca7effae722fd88276e/1534125813_1534125808_1dtr4e3_att-url-download.jpg","image_retina":"https://coub-anubis-a.akamaized.net/coub_storage/media_block/cw_image/05ec201162b/d9ca7effae722fd88276e/1534125813_1534125808_1dtr4e3_att-url-download.jpg","meta":{"service":"Imgur","duration":"12.04"},"duration":12.04,"raw_video_id":12191472,"has_embed":false}],"remixed_from_coubs":[],"external_video":{"id":27701426,"title":"Career Opportunities","url":"https://imgur.com/Yi9WZeL","image":"https://coub-anubis-a.akamaized.net/coub_storage/media_block/cw_image/05ec201162b/d9ca7effae722fd88276e/1534125813_1534125808_1dtr4e3_att-url-download.jpg","image_retina":"https://coub-anubis-a.akamaized.net/coub_storage/media_block/cw_image/05ec201162b/d9ca7effae722fd88276e/1534125813_1534125808_1dtr4e3_att-url-download.jpg","meta":{"service":"Imgur","duration":"12.04"},"duration":12.04,"raw_video_id":12191472,"has_embed":false}},"raw_video_thumbnail_url":"/missing/missing.png","raw_video_title":"Career Opportunities","video_block_banned":false,"duration":10.0,"promo_winner":false,"promo_winner_recoubers":null,"editorial_info":{},"promo_hint":null,"beeline_best_2014":null,"from_web_editor":true,"normalize_sound":true,"normalize_change_allowed":true,"best2015_addable":false,"ahmad_promo":null,"promo_data":null,"audio_copyright_claim":null,"ads_disabled":false,"is_safe_for_ads":true,"megafon_contents":[],"position_on_page":9},{"flag":null,"abuses":null,"recoubs_by_users_channels":null,"favourite":false,"promoted_id":null,"recoub":null,"like":null,"dislike":null,"reaction":null,"in_my_best2015":false,"id":101049181,"type":"Coub::Simple","permalink":"1nr7bc","title":"King of Mountain | Король горы","visibility_type":"public","original_visibility_type":"public","channel_id":4225513,"created_at":"2019-02-07T23:19:02Z","updated_at":"2022-03-16T04:40:44Z","is_done":true,"views_count":161739,"cotd":null,"cotd_at":null,"visible_on_explore_root":false,"visible_on_explore":false,"featured":false,"published":true,"published_at":"2019-02-07T23:19:02Z","reversed":false,"from_editor_v2":true,"is_editable":true,"original_sound":false,"has_sound":false,"recoub_to":null,"file_versions":{"html5":{"video":{"higher":{"url":"https://coub-anubis-a.akamaized.net/coub_storage/coub/simple/cw_file/75bbded83c1/948145aa3a626dc242528/muted_mp4_huge_size_1576199461_muted_huge.mp4","size":3826806},"high":{"url":"https://coub-anubis-a.akamaized.net/coub_storage/coub/simple/cw_file/75bbded83c1/948145aa3a626dc242528/muted_mp4_big_size_1576199461_muted_big.mp4","size":2856703},"med":{"url":"https://coub-anubis-a.akamaized.net/coub_storage/coub/simple/cw_file/75bbded83c1/948145aa3a626dc242528/muted_mp4_med_size_1576199461_muted_med.mp4","size":941388}},"audio":{"high":{"url":"https://coub-anubis-a.akamaized.net/coub_storage/coub/simple/cw_looped_audio_high/2c77b07a52b/4fb2f29285d96ac1257ba/1605671269_high_1549581711_high.mp3","size":2608886},"med":{"url":"https://coub-anubis-a.akamaized.net/coub_storage/coub/simple/cw_looped_audio_med/731737241ab/78e29e51b1b662e05551c/1605671269_med_1549581711_med.mp3","size":2016336}}},"mobile":{"video":"https://coub-anubis-a.akamaized.net/coub_storage/coub/simple/cw_file/75bbded83c1/948145aa3a626dc242528/muted_mp4_med_size_1576199461_muted_med.mp4","audio":["https://coub-anubis-a.akamaized.net/coub_storage/coub/simple/cw_looped_audio_med/731737241ab/78e29e51b1b662e05551c/1605671269_med_1549581711_med.mp3"]},"share":{"default":"https://coub-anubis-a.akamaized.net/coub_storage/coub/simple/cw_video_for_sharing/e0b48e5f4f6/382f367181d91bd25da0e/1610878414_looped_1610878413.mp4"}},"audio_versions":{"template":"https://coub-anubis-a.akamaized.net/coub_storage/audio_track/cw_file/941f64ea695/d80f9527285991103d0a7/mid_1549581694_1bdoqpo_edited.mp3","versions":["mid","low"]},"image_versions":{"template":"https://coub-anubis-a.akamaized.net/coub_storage/coub/simple/cw_image/794b4b48b23/92972f852e1b7a9c64885/1549581729_00032.jpg","versions":["micro","tiny","age_restricted","ios_large","ios_mosaic","big","med","small","pinterest"]},"first_frame_versions":{"template":"https://coub-anubis-a.akamaized.net/coub_storage/coub/simple/cw_timeline_pic/c5ca1624b03/883f81e4468f49d96a482/%{version}_1549581728_image.jpg","versions":["big","med","small","ios_large"]},"dimensions":{"big":[1280,662],"med":[640,330]},"site_w_h":[640,331],"page_w_h":[640,331],"site_w_h_small":[310,160],"size":[1280,662],"age_restricted":false,"age_restricted_by_admin":false,"not_safe_for_work":false,"allow_reuse":false,"dont_crop":false,"banned":false,"global_safe":false,"audio_file_url":"https://coub-anubis-a.akamaized.net/coub_storage/audio_track/cw_file/941f64ea695/d80f9527285991103d0a7/low_1549581694_1bdoqpo_edited.mp3","external_download":{"type":"Youtube","service_name":"YouTube","url":"https://www.youtube.com/watch?v=DhsgESwBsMs","has_embed":true},"application":null,"channel":{"id":4225513,"permalink":"dertiger","title":"derTiger","description":null,"followers_count":106,"following_count":2,"avatar_versions":{"template":"https://coub-anubis-a.akamaized.net/coub_storage/channel/cw_avatar/7170ca93bac/61c12cefd951e9f1ad037/%{version}_1607984763_93knwh_1584010068_987f4e713f00372f5aae7e71139ee6df--fractal-tigers.jpg","versions":["medium","medium_2x","profile_pic","profile_pic_new","profile_pic_new_2x","tiny","tiny_2x","small","small_2x","ios_large","ios_small"]}},"file":null,"picture":"https://coub-anubis-a.akamaized.net/coub_storage/coub/simple/cw_image/794b4b48b23/92972f852e1b7a9c64885/1549581729_00032.jpg","timeline_picture":"https://coub-anubis-a.akamaized.net/coub_storage/coub/simple/cw_timeline_pic/c5ca1624b03/883f81e4468f49d96a482/ios_large_1549581728_image.jpg","small_picture":"https://coub-anubis-a.akamaized.net/coub_storage/coub/simple/cw_image/794b4b48b23/92972f852e1b7a9c64885/1549581729_00032.jpg","sharing_picture":null,"percent_done":100,"tags":[{"id":4666395,"title":"tiger an old hunter's tale","value":"tiger%20an%20old%20hunter's%20tale"},{"id":4670298,"title":"gank - ressurection","value":"gank%20-%20ressurection"}],"categories":[{"id":19,"title":"Movies & TV","permalink":"movies","subscriptions_count":10078577,"big_image_url":"https://coub-anubis-a.akamaized.net/coub_storage/category/cw_image/dda6b36d2fb/9ae8ba82060e5659de192/big_1544758441_movies2.png","small_image_url":"https://coub-anubis-a.akamaized.net/coub_storage/category/cw_image/dda6b36d2fb/9ae8ba82060e5659de192/small_1544758441_movies2.png","med_image_url":"https://coub-anubis-a.akamaized.net/coub_storage/category/cw_image/dda6b36d2fb/9ae8ba82060e5659de192/med_1544758441_movies2.png","visible":true}],"communities":[{"id":19,"title":"Movies & TV","permalink":"movies","subscriptions_count":10078577,"big_image_url":"https://coub-anubis-a.akamaized.net/coub_storage/category/cw_image/dda6b36d2fb/9ae8ba82060e5659de192/big_1544758441_movies2.png","small_image_url":"https://coub-anubis-a.akamaized.net/coub_storage/category/cw_image/dda6b36d2fb/9ae8ba82060e5659de192/small_1544758441_movies2.png","med_image_url":"https://coub-anubis-a.akamaized.net/coub_storage/category/cw_image/dda6b36d2fb/9ae8ba82060e5659de192/med_1544758441_movies2.png","i_subscribed":true,"community_notifications_enabled":null,"description":null}],"recoubs_count":586,"remixes_count":3,"likes_count":2609,"dislikes_count":0,"raw_video_id":13178085,"uploaded_by_ios_app":false,"uploaded_by_android_app":false,"media_blocks":{"uploaded_raw_videos":[],"external_raw_videos":[{"id":30386938,"title":"The Tiger: An Old Hunter's Tale","url":"https://www.youtube.com/watch?v=DhsgESwBsMs","image":"https://coub-anubis-a.akamaized.net/coub_storage/media_block/cw_image/ba7ae80cf76/c7fdd8708c7328addda02/1549580597_163jl2m_1549580554_1kdpqce_att-url-download.jpg","image_retina":"https://coub-anubis-a.akamaized.net/coub_storage/media_block/cw_image/ba7ae80cf76/c7fdd8708c7328addda02/1549580597_163jl2m_1549580554_1kdpqce_att-url-download.jpg","meta":{"service":"Youtube","duration":"297.92"},"duration":297.92,"raw_video_id":13178085,"has_embed":true}],"remixed_from_coubs":[],"external_video":{"id":30386938,"title":"The Tiger: An Old Hunter's Tale","url":"https://www.youtube.com/watch?v=DhsgESwBsMs","image":"https://coub-anubis-a.akamaized.net/coub_storage/media_block/cw_image/ba7ae80cf76/c7fdd8708c7328addda02/1549580597_163jl2m_1549580554_1kdpqce_att-url-download.jpg","image_retina":"https://coub-anubis-a.akamaized.net/coub_storage/media_block/cw_image/ba7ae80cf76/c7fdd8708c7328addda02/1549580597_163jl2m_1549580554_1kdpqce_att-url-download.jpg","meta":{"service":"Youtube","duration":"297.92"},"duration":297.92,"raw_video_id":13178085,"has_embed":true}},"raw_video_thumbnail_url":"/missing/missing.png","raw_video_title":"The Tiger: An Old Hunter's Tale","video_block_banned":false,"duration":10.04,"promo_winner":false,"promo_winner_recoubers":null,"editorial_info":{},"promo_hint":null,"beeline_best_2014":null,"from_web_editor":true,"normalize_sound":false,"normalize_change_allowed":false,"best2015_addable":false,"ahmad_promo":null,"promo_data":null,"audio_copyright_claim":null,"ads_disabled":false,"is_safe_for_ads":true,"megafon_contents":[],"position_on_page":10}]}