{"page":13,"per_page":10,"total_pages":500,"coubs":[{"flag":null,"abuses":null,"recoubs_by_users_channels":null,"favourite":false,"promoted_id":null,"recoub":null,"like":null,"dislike":null,"reaction":null,"in_my_best2015":false,"id":138021715,"type":"Coub::Simple","permalink":"29tswa","title":"Forever young","visibility_type":"public","original_visibility_type":"public","channel_id":4175853,"created_at":"2020-02-26T12:09:59Z","updated_at":"2022-03-15T21:20:43Z","is_done":true,"views_count":508645,"cotd":null,"cotd_at":null,"visible_on_explore_root":true,"visible_on_explore":true,"featured":true,"published":true,"published_at":"2020-02-26T12:09:59Z","reversed":false,"from_editor_v2":true,"is_editable":true,"original_sound":false,"has_sound":false,"recoub_to":null,"file_versions":{"html5":{"video":{"higher":{"url":"https://coub-anubis-a.akamaized.net/coub_storage/coub/simple/cw_file/0e7a520e473/9bcd97db9df34885f3ebc/muted_mp4_huge_size_1582719115_muted_huge.mp4","size":3783159},"high":{"url":"https://coub-anubis-a.akamaized.net/coub_storage/coub/simple/cw_file/0e7a520e473/9bcd97db9df34885f3ebc/muted_mp4_big_size_1582719115_muted_big.mp4","size":2529116},"med":{"url":"https://coub-anubis-a.akamaized.net/coub_storage/coub/simple/cw_file/0e7a520e473/9bcd97db9df34885f3ebc/muted_mp4_med_size_1582719115_muted_med.mp4","size":842999}},"audio":{"high":{"url":"https://coub-anubis-a.akamaized.net/coub_storage/coub/simple/cw_looped_audio_high/270e5f6fd4a/2e6c95029565ffaa67f78/1605706733_high_1582719122_high.mp3","size":428174},"med":{"url":"https://coub-anubis-a.akamaized.net/coub_storage/coub/simple/cw_looped_audio_med/7efa0b225bb/84eea8ee844dd9d5fdacd/1605706733_med_1582719122_med.mp3","size":427794}}},"mobile":{"video":"https://coub-anubis-a.akamaized.net/coub_storage/coub/simple/cw_file/0e7a520e473/9bcd97db9df34885f3ebc/muted_mp4_med_size_1582719115_muted_med.mp4","audio":["https://coub-anubis-a.akamaized.net/coub_storage/coub/simple/cw_looped_audio_med/7efa0b225bb/84eea8ee844dd9d5fdacd/1605706733_med_1582719122_med.mp3"]},"share":{"default":"https://coub-anubis-a.akamaized.net/coub_storage/coub/simple/cw_video_for_sharing/3b1a0c2510b/07c95535840eb0fa82c42/1608397769_looped_1608397768.mp4"}},"audio_versions":{"template":"https://coub-anubis-a.akamaized.net/coub_storage/audio_track/cw_normalized_copy/cda77a58919/9f87626d562aa1a342f70/mid_1582719119_normalized_1582719115_1lkqey2_edited.mp3","versions":["mid","low"]},"image_versions":{"template":"https://coub-anubis-a.akamaized.net/coub_storage/coub/simple/cw_image/65b0ff92602/70a82ae47e7ec6e43a915/1582719129_00032.jpg","versions":["micro","tiny","age_restricted","ios_large","ios_mosaic","big","med","small","pinterest"]},"first_frame_versions":{"template":"https://coub-anubis-a.akamaized.net/coub_storage/coub/simple/cw_timeline_pic/f5dac7a1555/798b6a128efa93c629edb/%{version}_1582719129_image.jpg","versions":["big","med","small","ios_large"]},"dimensions":{"big":[1272,960],"med":[636,480]},"site_w_h":[640,483],"page_w_h":[640,483],"site_w_h_small":[310,234],"size":[1272,960],"age_restricted":false,"age_restricted_by_admin":false,"not_safe_for_work":false,"allow_reuse":false,"dont_crop":false,"banned":false,"global_safe":true,"audio_file_url":"https://coub-anubis-a.akamaized.net/coub_storage/audio_track/cw_normalized_copy/cda77a58919/9f87626d562aa1a342f70/low_1582719119_normalized_1582719115_1lkqey2_edited.mp3","external_download":{"type":"Youtube","service_name":"YouTube","url":"https://www.youtube.com/watch?v=-k6JZDWTHhI","has_embed":true},"application":null,"channel":{"id":4175853,"permalink":"stanley-ipkiss5","title":"Stanley Ipkiss","description":"Stanley_ipkiss13   instagram","followers_count":70,"following_count":11,"avatar_versions":{"template":"https://coub-anubis-a.akamaized.net/coub_storage/channel/cw_avatar/9d2dc5cb97d/0b5c52282a4cc5dbe5405/%{version}_1607702542_10kktx2_1521038204_filename.jpeg","versions":["medium","medium_2x","profile_pic","profile_pic_new","profile_pic_new_2x","tiny","tiny_2x","small","small_2x","ios_large","ios_small"]}},"file":null,"picture":"https://coub-anubis-a.akamaized.net/coub_storage/coub/simple/cw_image/65b0ff92602/70a82ae47e7ec6e43a915/1582719129_00032.jpg","timeline_picture":"https://coub-anubis-a.akamaized.net/coub_storage/coub/simple/cw_timeline_pic/f5dac7a1555/798b6a128efa93c629edb/ios_large_1582719129_image.jpg","small_picture":"https://coub-anubis-a.akamaized.net/coub_storage/coub/simple/cw_image/65b0ff92602/70a82ae47e7ec6e43a915/1582719129_00032.jpg","sharing_picture":null,"percent_done":100,"tags":[{"id":13497,"title":"jean","value":"jean"},{"id":13498,"title":"claude","value":"claude"},{"id":3124,"title":"van","value":"van"},{"id":13499,"title":"damme","value":"damme"},{"id":156140,"title":"arsenio","value":"arsenio"},{"id":49247,"title":"hall","value":"hall"},{"id":39013,"title":"universal","value":"universal"},{"id":15834,"title":"soldier","value":"soldier"}],"categories":[{"id":19,"title":"Movies & TV","permalink":"movies","subscriptions_count":10078577,"big_image_url":"https://coub-anubis-a.akamaized.net/coub_storage/category/cw_image/dda6b36d2fb/9ae8ba82060e5659de192/big_1544758441_movies2.png","small_image_url":"https://coub-anubis-a.akamaized.net/coub_storage/category/cw_image/dda6b36d2fb/9ae8ba82060e5659de192/small_1544758441_movies2.png","med_image_url":"https://coub-anubis-a.akamaized.net/coub_storage/category/cw_image/dda6b36d2fb/9ae8ba82060e5659de192/med_1544758441_movies2.png","visible":true}],"communities":[{"id":19,"title":"Movies & TV","permalink":"movies","subscriptions_count":10078577,"big_image_url":"https://coub-anubis-a.akamaized.net/coub_storage/category/cw_image/dda6b36d2fb/9ae8ba82060e5659de192/big_1544758441_movies2.png","small_image_url":"https://coub-anubis-a.akamaized.net/coub_storage/category/cw_image/dda6b36d2fb/9ae8ba82060e5659de192/small_1544758441_movies2.png","med_image_url":"https://coub-anubis-a.akamaized.net/coub_storage/category/cw_image/dda6b36d2fb/9ae8ba82060e5659de192/med_1544758441_movies2.png","i_subscribed":true,"community_notifications_enabled":null,"description":null}],"recoubs_count":2377,"remixes_count":8,"likes_count":13210,"dislikes_count":0,"raw_video_id":13509792,"uploaded_by_ios_app":true,"uploaded_by_android_app":false,"media_blocks":{"uploaded_raw_videos":[],"external_raw_videos":[{"id":31277634,"title":"Sylvester Stallone Interview  RARE 1985  Rambo 2","url":"https://www.youtube.com/watch?v=-k6JZDWTHhI","image":"https://coub-anubis-a.akamaized.net/coub_storage/media_block/cw_image/4d75ffa818d/c601e0b69b2353555d2ce/1554673690_1apo2f4_1554673563_1vc6ksg_att-url-download.jpg","image_retina":"https://coub-anubis-a.akamaized.net/coub_storage/media_block/cw_image/4d75ffa818d/c601e0b69b2353555d2ce/1554673690_1apo2f4_1554673563_1vc6ksg_att-url-download.jpg","meta":{"service":"Youtube","duration":"708.16"},"duration":708.16,"raw_video_id":13509792,"has_embed":true},{"id":34912511,"title":"American Bandstand 1976- Interview John Travolta","url":"https://www.youtube.com/watch?v=uIntO6OAjgg","image":"https://coub-anubis-a.akamaized.net/coub_storage/media_block/cw_image/112f15a3351/37d65ee86475ebd701dc7/1582717906_parb2a_1582717884_1qqo1pu_att-url-download.jpg","image_retina":"https://coub-anubis-a.akamaized.net/coub_storage/media_block/cw_image/112f15a3351/37d65ee86475ebd701dc7/1582717906_parb2a_1582717884_1qqo1pu_att-url-download.jpg","meta":{"service":"Youtube","duration":"194.24"},"duration":194.24,"raw_video_id":14866211,"has_embed":true},{"id":34912472,"title":"The Reporters   Jackie Chan","url":"https://www.youtube.com/watch?v=l5uV1IQi9qw","image":"https://coub-anubis-a.akamaized.net/coub_storage/media_block/cw_image/366e4658492/f06addc66ed942988e136/1582717649_kzgwgy_1582717596_13ugwod_att-url-download.jpg","image_retina":"https://coub-anubis-a.akamaized.net/coub_storage/media_block/cw_image/366e4658492/f06addc66ed942988e136/1582717649_kzgwgy_1582717596_13ugwod_att-url-download.jpg","meta":{"service":"Youtube","duration":"608.64"},"duration":608.64,"raw_video_id":14866193,"has_embed":true},{"id":34912437,"title":"Arnold Schwarzenegger [Predator / interview]","url":"https://www.youtube.com/watch?v=BkX2CMCXhM8","image":"https://coub-anubis-a.akamaized.net/coub_storage/media_block/cw_image/1bad3d83e5b/dafec23f2c0bec593b789/1582717317_189ljp4_1582717257_e71i72_att-url-download.jpg","image_retina":"https://coub-anubis-a.akamaized.net/coub_storage/media_block/cw_image/1bad3d83e5b/dafec23f2c0bec593b789/1582717317_189ljp4_1582717257_e71i72_att-url-download.jpg","meta":{"service":"Youtube","duration":"737.96"},"duration":737.96,"raw_video_id":14866181,"has_embed":true},{"id":34912407,"title":"A young Dolph Lundgren  interviewed (In swedish)","url":"https://www.youtube.com/watch?v=IQf9bTVSPrY","image":"https://coub-anubis-a.akamaized.net/coub_storage/media_block/cw_image/9e096146205/b203c9f46e338ec631176/1582717082_523q05_1582717051_1mk2607_att-url-download.jpg","image_retina":"https://coub-anubis-a.akamaized.net/coub_storage/media_block/cw_image/9e096146205/b203c9f46e338ec631176/1582717082_523q05_1582717051_1mk2607_att-url-download.jpg","meta":{"service":"Youtube","duration":"382.92"},"duration":382.92,"raw_video_id":14866170,"has_embed":true},{"id":34912394,"title":"Bruce Willis on not liking Cybill Shepherd! - 1990 Interview","url":"https://www.youtube.com/watch?v=bt4EQ3XrOFQ","image":"https://coub-anubis-a.akamaized.net/coub_storage/media_block/cw_image/5c35a0aba2c/b06c5c3584bc7257052f6/1582716928_1oynz9m_1582716913_1tcht92_att-url-download.jpg","image_retina":"https://coub-anubis-a.akamaized.net/coub_storage/media_block/cw_image/5c35a0aba2c/b06c5c3584bc7257052f6/1582716928_1oynz9m_1582716913_1tcht92_att-url-download.jpg","meta":{"service":"Youtube","duration":"130.16"},"duration":130.16,"raw_video_id":14866166,"has_embed":true},{"id":34912367,"title":"Van Damme on Arsenio Hall (Universal Soldier) Part 1","url":"https://www.youtube.com/watch?v=Y78x93bkI48","image":"https://coub-anubis-a.akamaized.net/coub_storage/media_block/cw_image/9e57e2bf08b/1ad4108fb42c9214d339c/1582716681_1wm44k7_1582716643_l0vtdn_att-url-download.jpg","image_retina":"https://coub-anubis-a.akamaized.net/coub_storage/media_block/cw_image/9e57e2bf08b/1ad4108fb42c9214d339c/1582716681_1wm44k7_1582716643_l0vtdn_att-url-download.jpg","meta":{"service":"Youtube","duration":"395.68"},"duration":395.68,"raw_video_id":14866161,"has_embed":true}],"remixed_from_coubs":[],"external_video":{"id":31277634,"title":"Sylvester Stallone Interview  RARE 1985  Rambo 2","url":"https://www.youtube.com/watch?v=-k6JZDWTHhI","image":"https://coub-anubis-a.akamaized.net/coub_storage/media_block/cw_image/4d75ffa818d/c601e0b69b2353555d2ce/1554673690_1apo2f4_1554673563_1vc6ksg_att-url-download.jpg","image_retina":"https://coub-anubis-a.akamaized.net/coub_storage/media_block/cw_image/4d75ffa818d/c601e0b69b2353555d2ce/1554673690_1apo2f4_1554673563_1vc6ksg_att-url-download.jpg","meta":{"service":"Youtube","duration":"708.16"},"duration":708.16,"raw_video_id":13509792,"has_embed":true}},"raw_video_thumbnail_url":"/missing/missing.png","raw_video_title":"Sylvester Stallone Interview  RARE 1985  Rambo 2","video_block_banned":false,"duration":10.0,"promo_winner":false,"promo_winner_recoubers":null,"editorial_info":{},"promo_hint":null,"beeline_best_2014":null,"from_web_editor":false,"normalize_sound":true,"normalize_change_allowed":true,"best2015_addable":false,"ahmad_promo":null,"promo_data":null,"audio_copyright_claim":null,"ads_disabled":false,"is_safe_for_ads":true,"megafon_contents":[{"id":16686,"content":{"title":"Гол!","year":2005,"kind":"film","season":null,"parental_rating":12,"url":"https://megafon.tv/movies/vods/Gol?utm_source=coub&utm_medium=shazam&utm_campaign=ml-tv_megafon-tv_coub-shazam-special_nov-dec_2019","preview_url":"https://static-sesure.cdn.megafon.tv/images/Film/4d/8c/260b84c61f7bb9d66d6c405b0d151bd40757/tile__external.jpeg"},"match_duration":0.73,"max_frame_diff":10,"is_correct":null}],"position_on_page":1},{"flag":null,"abuses":null,"recoubs_by_users_channels":null,"favourite":false,"promoted_id":null,"recoub":null,"like":null,"dislike":null,"reaction":null,"in_my_best2015":false,"id":59657018,"type":"Coub::Simple","permalink":"z2inb","title":"; Р","visibility_type":"public","original_visibility_type":"public","channel_id":1394578,"created_at":"2017-10-30T21:57:31Z","updated_at":"2022-03-16T06:47:33Z","is_done":true,"views_count":1134953,"cotd":null,"cotd_at":null,"visible_on_explore_root":true,"visible_on_explore":true,"featured":true,"published":true,"published_at":"2017-10-30T21:57:31Z","reversed":false,"from_editor_v2":true,"is_editable":true,"original_sound":false,"has_sound":false,"recoub_to":null,"file_versions":{"html5":{"video":{"higher":{"url":"https://coub-anubis-a.akamaized.net/coub_storage/coub/simple/cw_file/6fb8c6c5545/00fe99a941d38efb89c5d/muted_mp4_huge_size_1568159289_muted_huge.mp4","size":1591333},"high":{"url":"https://coub-anubis-a.akamaized.net/coub_storage/coub/simple/cw_file/6fb8c6c5545/00fe99a941d38efb89c5d/muted_mp4_big_size_1568159289_muted_big.mp4","size":1123893},"med":{"url":"https://coub-anubis-a.akamaized.net/coub_storage/coub/simple/cw_file/6fb8c6c5545/00fe99a941d38efb89c5d/muted_mp4_med_size_1568159289_muted_med.mp4","size":357353}},"audio":{"high":{"url":"https://coub-anubis-a.akamaized.net/coub_storage/coub/simple/cw_looped_audio_high/b4f7fa810c8/9d5831cf59e88e9be569e/1605576561_high_1509400721_high.mp3","size":1395433},"med":{"url":"https://coub-anubis-a.akamaized.net/coub_storage/coub/simple/cw_looped_audio_med/6086b0449f5/b1131906970b629d1a762/1605576558_med_1509400721_med.mp3","size":973382}}},"mobile":{"video":"https://coub-anubis-a.akamaized.net/coub_storage/coub/simple/cw_file/6fb8c6c5545/00fe99a941d38efb89c5d/muted_mp4_med_size_1568159289_muted_med.mp4","audio":["https://coub-anubis-a.akamaized.net/coub_storage/coub/simple/cw_looped_audio_med/6086b0449f5/b1131906970b629d1a762/1605576558_med_1509400721_med.mp3"]},"share":{"default":"https://coub-anubis-a.akamaized.net/coub_storage/coub/simple/cw_video_for_sharing/e8178f6cd74/60892265ad65f0874c13e/1608152095_looped_1608152093.mp4"}},"audio_versions":{"template":"https://coub-anubis-a.akamaized.net/coub_storage/audio_track/cw_file/3dfbc8954f6/756a815fc7ae2c0b2c001/mid_1509400706_9nllb1_edited.mp3","versions":["mid","low"]},"image_versions":{"template":"https://coub-anubis-a.akamaized.net/coub_storage/coub/simple/cw_image/54c220eff2c/0bc7c8a507e44294a4923/1509400734_00015.jpg","versions":["micro","tiny","age_restricted","ios_large","ios_mosaic","big","med","small","pinterest"]},"first_frame_versions":{"template":"https://coub-anubis-a.akamaized.net/coub_storage/coub/simple/cw_timeline_pic/abffb0905a0/7613fe62df4085eeef19a/%{version}_1509400734_image.jpg","versions":["big","med","small","ios_large"]},"dimensions":{"big":[1280,544],"med":[640,272]},"site_w_h":[640,272],"page_w_h":[640,272],"site_w_h_small":[310,132],"size":[1280,544],"age_restricted":false,"age_restricted_by_admin":false,"not_safe_for_work":false,"allow_reuse":false,"dont_crop":false,"banned":false,"global_safe":true,"audio_file_url":"https://coub-anubis-a.akamaized.net/coub_storage/audio_track/cw_file/3dfbc8954f6/756a815fc7ae2c0b2c001/low_1509400706_9nllb1_edited.mp3","external_download":{"type":"Youtube","service_name":"YouTube","url":"http://www.youtube.com/watch?v=k_s-QfzlELA","has_embed":true},"application":null,"channel":{"id":1394578,"permalink":"ryuivdivuihc","title":"razberemsja","description":"36,6","followers_count":5013,"following_count":91,"avatar_versions":{"template":"https://coub-anubis-a.akamaized.net/coub_storage/channel/cw_avatar/62011ef35bf/695385d2cb91edafd87b2/%{version}_1632693209_Yf580WZUCFM.jpg","versions":["medium","medium_2x","profile_pic","profile_pic_new","profile_pic_new_2x","tiny","tiny_2x","small","small_2x","ios_large","ios_small"]}},"file":null,"picture":"https://coub-anubis-a.akamaized.net/coub_storage/coub/simple/cw_image/54c220eff2c/0bc7c8a507e44294a4923/1509400734_00015.jpg","timeline_picture":"https://coub-anubis-a.akamaized.net/coub_storage/coub/simple/cw_timeline_pic/abffb0905a0/7613fe62df4085eeef19a/ios_large_1509400734_image.jpg","small_picture":"https://coub-anubis-a.akamaized.net/coub_storage/coub/simple/cw_image/54c220eff2c/0bc7c8a507e44294a4923/1509400734_00015.jpg","sharing_picture":null,"percent_done":100,"tags":[{"id":3432258,"title":"; р","value":";%20%D1%80"}],"categories":[{"id":19,"title":"Movies & TV","permalink":"movies","subscriptions_count":10078577,"big_image_url":"https://coub-anubis-a.akamaized.net/coub_storage/category/cw_image/dda6b36d2fb/9ae8ba82060e5659de192/big_1544758441_movies2.png","small_image_url":"https://coub-anubis-a.akamaized.net/coub_storage/category/cw_image/dda6b36d2fb/9ae8ba82060e5659de192/small_1544758441_movies2.png","med_image_url":"https://coub-anubis-a.akamaized.net/coub_storage/category/cw_image/dda6b36d2fb/9ae8ba82060e5659de192/med_1544758441_movies2.png","visible":true}],"communities":[{"id":19,"title":"Movies & TV","permalink":"movies","subscriptions_count":10078577,"big_image_url":"https://coub-anubis-a.akamaized.net/coub_storage/category/cw_image/dda6b36d2fb/9ae8ba82060e5659de192/big_1544758441_movies2.png","small_image_url":"https://coub-anubis-a.akamaized.net/coub_storage/category/cw_image/dda6b36d2fb/9ae8ba82060e5659de192/small_1544758441_movies2.png","med_image_url":"https://coub-anubis-a.akamaized.net/coub_storage/category/cw_image/dda6b36d2fb/9ae8ba82060e5659de192/med_1544758441_movies2.png","i_subscribed":true,"community_notifications_enabled":null,"description":null}],"recoubs_count":2469,"remixes_count":26,"likes_count":13144,"dislikes_count":0,"raw_video_id":9952240,"uploaded_by_ios_app":false,"uploaded_by_android_app":false,"media_blocks":{"uploaded_raw_videos":[],"external_raw_videos":[{"id":21490643,"title":"Scarface 1983 - Dance Scene (HD)","url":"http://www.youtube.com/watch?v=k_s-QfzlELA","image":"https://coub-anubis-a.akamaized.net/coub_storage/media_block/cw_image/cfb1cd88d5f/7b4626557e866cca88dfb/1500188697_1500188642_12hlma7_att-url-download.jpg","image_retina":"https://coub-anubis-a.akamaized.net/coub_storage/media_block/cw_image/cfb1cd88d5f/7b4626557e866cca88dfb/1500188697_1500188642_12hlma7_att-url-download.jpg","meta":{"service":"Youtube","duration":"404.24"},"duration":404.24,"raw_video_id":9952240,"has_embed":true}],"remixed_from_coubs":[],"external_video":{"id":21490643,"title":"Scarface 1983 - Dance Scene (HD)","url":"http://www.youtube.com/watch?v=k_s-QfzlELA","image":"https://coub-anubis-a.akamaized.net/coub_storage/media_block/cw_image/cfb1cd88d5f/7b4626557e866cca88dfb/1500188697_1500188642_12hlma7_att-url-download.jpg","image_retina":"https://coub-anubis-a.akamaized.net/coub_storage/media_block/cw_image/cfb1cd88d5f/7b4626557e866cca88dfb/1500188697_1500188642_12hlma7_att-url-download.jpg","meta":{"service":"Youtube","duration":"404.24"},"duration":404.24,"raw_video_id":9952240,"has_embed":true}},"raw_video_thumbnail_url":"/missing/missing.png","raw_video_title":"Scarface 1983 - Dance Scene (HD)","video_block_banned":false,"duration":4.68,"promo_winner":false,"promo_winner_recoubers":null,"editorial_info":{},"promo_hint":null,"beeline_best_2014":null,"from_web_editor":true,"normalize_sound":false,"normalize_change_allowed":true,"best2015_addable":false,"ahmad_promo":null,"promo_data":null,"audio_copyright_claim":null,"ads_disabled":false,"is_safe_for_ads":true,"megafon_contents":[],"position_on_page":2},{"flag":null,"abuses":null,"recoubs_by_users_channels":null,"favourite":false,"promoted_id":null,"recoub":null,"like":null,"dislike":null,"reaction":null,"in_my_best2015":false,"id":132771909,"type":"Coub::Simple","permalink":"26omxm","title":"Witcher x15 languages","visibility_type":"public","original_visibility_type":"public","channel_id":50632,"created_at":"2019-12-26T10:43:22Z","updated_at":"2022-03-16T08:12:20Z","is_done":true,"views_count":936270,"cotd":true,"cotd_at":"2019-12-26","visible_on_explore_root":true,"visible_on_explore":true,"featured":true,"published":true,"published_at":"2019-12-26T10:43:22Z","reversed":false,"from_editor_v2":true,"is_editable":true,"original_sound":false,"has_sound":false,"recoub_to":null,"file_versions":{"html5":{"video":{"higher":{"url":"https://coub-anubis-a.akamaized.net/coub_storage/coub/simple/cw_file/9ff060595c5/88c90f083ea3c161bd332/muted_mp4_huge_size_1577357643_muted_huge.mp4","size":1792166},"high":{"url":"https://coub-anubis-a.akamaized.net/coub_storage/coub/simple/cw_file/9ff060595c5/88c90f083ea3c161bd332/muted_mp4_big_size_1577357643_muted_big.mp4","size":1184197},"med":{"url":"https://coub-anubis-a.akamaized.net/coub_storage/coub/simple/cw_file/9ff060595c5/88c90f083ea3c161bd332/muted_mp4_med_size_1577357643_muted_med.mp4","size":310960}},"audio":{"high":{"url":"https://coub-anubis-a.akamaized.net/coub_storage/coub/simple/cw_looped_audio_high/3a43597dd30/54f49646408576bdd3591/1605701926_high_1577357678_high.mp3","size":5941441},"med":{"url":"https://coub-anubis-a.akamaized.net/coub_storage/coub/simple/cw_looped_audio_med/a27349bad79/f56bb883c60111b75da5b/1605701925_med_1577357678_med.mp3","size":4903802}}},"mobile":{"video":"https://coub-anubis-a.akamaized.net/coub_storage/coub/simple/cw_file/9ff060595c5/88c90f083ea3c161bd332/muted_mp4_med_size_1577357643_muted_med.mp4","audio":["https://coub-anubis-a.akamaized.net/coub_storage/coub/simple/cw_looped_audio_med/a27349bad79/f56bb883c60111b75da5b/1605701925_med_1577357678_med.mp3"]},"share":{"default":"https://coub-anubis-a.akamaized.net/coub_storage/coub/simple/cw_video_for_sharing/8e79bb2e076/588f54eaf9fefb9bd3761/1608314136_looped_1608314135.mp4"}},"audio_versions":{"template":"https://coub-anubis-a.akamaized.net/coub_storage/audio_track/cw_normalized_copy/1ae6f55338d/8b0b866c59f7a3efbf576/mid_1577368602_normalized_1577357575_audio.mp3","versions":["mid","low"]},"image_versions":{"template":"https://coub-anubis-a.akamaized.net/coub_storage/coub/simple/cw_image/47219ec4019/768e430c0baf985acf094/1577357698_00028.jpg","versions":["micro","tiny","age_restricted","ios_large","ios_mosaic","big","med","small","pinterest"]},"first_frame_versions":{"template":"https://coub-anubis-a.akamaized.net/coub_storage/coub/simple/cw_timeline_pic/deb7f370e25/c69e6e55965317fb9ee20/%{version}_1577357697_image.jpg","versions":["big","med","small","ios_large"]},"dimensions":{"big":[1280,800],"med":[640,400]},"site_w_h":[640,400],"page_w_h":[640,400],"site_w_h_small":[310,194],"size":[1280,800],"age_restricted":false,"age_restricted_by_admin":false,"not_safe_for_work":false,"allow_reuse":false,"dont_crop":false,"banned":false,"global_safe":true,"audio_file_url":"https://coub-anubis-a.akamaized.net/coub_storage/audio_track/cw_normalized_copy/1ae6f55338d/8b0b866c59f7a3efbf576/low_1577368602_normalized_1577357575_audio.mp3","external_download":false,"application":null,"channel":{"id":50632,"permalink":"zzervlad","title":"zervlad","description":null,"followers_count":98,"following_count":50,"avatar_versions":{"template":"https://coub-anubis-a.akamaized.net/coub_storage/channel/cw_avatar/ee553e8b898/dd738ba13b14000593a60/%{version}_1494272810_vlad-sky-1280.jpg","versions":["medium","medium_2x","profile_pic","profile_pic_new","profile_pic_new_2x","tiny","tiny_2x","small","small_2x","ios_large","ios_small"]}},"file":null,"picture":"https://coub-anubis-a.akamaized.net/coub_storage/coub/simple/cw_image/47219ec4019/768e430c0baf985acf094/1577357698_00028.jpg","timeline_picture":"https://coub-anubis-a.akamaized.net/coub_storage/coub/simple/cw_timeline_pic/deb7f370e25/c69e6e55965317fb9ee20/ios_large_1577357697_image.jpg","small_picture":"https://coub-anubis-a.akamaized.net/coub_storage/coub/simple/cw_image/47219ec4019/768e430c0baf985acf094/1577357698_00028.jpg","sharing_picture":null,"percent_done":100,"tags":[{"id":47457,"title":"languages","value":"languages"},{"id":52069,"title":"netflix","value":"netflix"},{"id":1982,"title":"song","value":"song"},{"id":5390344,"title":"tossacoin","value":"tossacoin"},{"id":18384,"title":"coin","value":"coin"},{"id":103744,"title":"witcher","value":"witcher"},{"id":3861259,"title":"witcher series","value":"witcher%20series"}],"categories":[{"id":19,"title":"Movies & TV","permalink":"movies","subscriptions_count":10078577,"big_image_url":"https://coub-anubis-a.akamaized.net/coub_storage/category/cw_image/dda6b36d2fb/9ae8ba82060e5659de192/big_1544758441_movies2.png","small_image_url":"https://coub-anubis-a.akamaized.net/coub_storage/category/cw_image/dda6b36d2fb/9ae8ba82060e5659de192/small_1544758441_movies2.png","med_image_url":"https://coub-anubis-a.akamaized.net/coub_storage/category/cw_image/dda6b36d2fb/9ae8ba82060e5659de192/med_1544758441_movies2.png","visible":true}],"communities":[{"id":19,"title":"Movies & TV","permalink":"movies","subscriptions_count":10078577,"big_image_url":"https://coub-anubis-a.akamaized.net/coub_storage/category/cw_image/dda6b36d2fb/9ae8ba82060e5659de192/big_1544758441_movies2.png","small_image_url":"https://coub-anubis-a.akamaized.net/coub_storage/category/cw_image/dda6b36d2fb/9ae8ba82060e5659de192/small_1544758441_movies2.png","med_image_url":"https://coub-anubis-a.akamaized.net/coub_storage/category/cw_image/dda6b36d2fb/9ae8ba82060e5659de192/med_1544758441_movies2.png","i_subscribed":true,"community_notifications_enabled":null,"description":null}],"recoubs_count":2312,"remixes_count":3,"likes_count":13081,"dislikes_count":0,"raw_video_id":"","uploaded_by_ios_app":false,"uploaded_by_android_app":false,"media_blocks":{"uploaded_raw_videos":[],"external_raw_videos":[],"remixed_from_coubs":[{"id":34287201,"title":"Ведьмаку заплатите чеканной монетой (Песня Лютика)","url":"https://coub.com/coubs/26n4oo/remix","image":"https://coub-anubis-a.akamaized.net/coub_storage/media_block/cw_image/12633d7c054/89b8084643e69aadb6677/1577286357_116njum_1577286340_00032.jpg","image_retina":"https://coub-anubis-a.akamaized.net/coub_storage/media_block/cw_image/12633d7c054/89b8084643e69aadb6677/1577286357_116njum_1577286340_00032.jpg","meta":{"duration":"10.04"},"duration":null,"coub_channel_title":"zervlad","coub_channel_permalink":"zzervlad","coub_views_count":17168,"coub_permalink":"26n4oo"}]},"raw_video_thumbnail_url":"","raw_video_title":"","video_block_banned":false,"duration":8.92,"promo_winner":false,"promo_winner_recoubers":null,"editorial_info":{},"promo_hint":null,"beeline_best_2014":null,"from_web_editor":true,"normalize_sound":true,"normalize_change_allowed":true,"best2015_addable":false,"ahmad_promo":null,"promo_data":null,"audio_copyright_claim":null,"ads_disabled":false,"is_safe_for_ads":true,"megafon_contents":[],"position_on_page":3},{"flag":null,"abuses":null,"recoubs_by_users_channels":null,"favourite":false,"promoted_id":null,"recoub":null,"like":null,"dislike":null,"reaction":null,"in_my_best2015":false,"id":49592455,"type":"Coub::Simple","permalink":"t2sp8","title":"Past detective ","visibility_type":"public","original_visibility_type":"public","channel_id":294438,"created_at":"2017-04-01T04:50:52Z","updated_at":"2022-03-13T21:20:21Z","is_done":true,"views_count":887703,"cotd":true,"cotd_at":"2017-04-02","visible_on_explore_root":true,"visible_on_explore":true,"featured":true,"published":true,"published_at":"2017-04-01T04:50:52Z","reversed":false,"from_editor_v2":true,"is_editable":true,"original_sound":false,"has_sound":false,"recoub_to":null,"file_versions":{"html5":{"video":{"higher":{"url":"https://coub-anubis-a.akamaized.net/coub_storage/coub/simple/cw_file/946d35d55f0/855db3644a04cd7b4ef76/muted_mp4_huge_size_1568100842_muted_huge.mp4","size":2592308},"high":{"url":"https://coub-anubis-a.akamaized.net/coub_storage/coub/simple/cw_file/946d35d55f0/855db3644a04cd7b4ef76/muted_mp4_big_size_1568100842_muted_big.mp4","size":1732026},"med":{"url":"https://coub-anubis-a.akamaized.net/coub_storage/coub/simple/cw_file/946d35d55f0/855db3644a04cd7b4ef76/muted_mp4_med_size_1568100842_muted_med.mp4","size":534158}},"audio":{"high":{"url":"https://coub-anubis-a.akamaized.net/coub_storage/coub/simple/cw_looped_audio_high/f161d909da4/81a54d19ca04ee31788a3/1605590425_high_1491022294_high.mp3","size":3912486},"med":{"url":"https://coub-anubis-a.akamaized.net/coub_storage/coub/simple/cw_looped_audio_med/2b8b51a028b/1ee9edd137745b0352b79/1605590424_med_1491022294_med.mp3","size":3727058}}},"mobile":{"video":"https://coub-anubis-a.akamaized.net/coub_storage/coub/simple/cw_file/946d35d55f0/855db3644a04cd7b4ef76/muted_mp4_med_size_1568100842_muted_med.mp4","audio":["https://coub-anubis-a.akamaized.net/coub_storage/coub/simple/cw_looped_audio_med/2b8b51a028b/1ee9edd137745b0352b79/1605590424_med_1491022294_med.mp3"]},"share":{"default":"https://coub-anubis-a.akamaized.net/coub_storage/coub/simple/cw_video_for_sharing/f9dc9a0125e/761a5e5864fdb9ea3854a/1609381738_looped_1609381737.mp4"}},"audio_versions":{"template":"https://coub-anubis-a.akamaized.net/coub_storage/audio_track/cw_normalized_copy/b58549b662a/964e8cbe79a1a7d975a6f/mid_1491022282_xg0rzw_normalized_1491022267_14iundt_edited.mp3","versions":["mid","low"]},"image_versions":{"template":"https://coub-anubis-a.akamaized.net/coub_storage/coub/simple/cw_image/533b5bb93ba/ff643cb90383d2c461c86/1491022304_00032.jpg","versions":["micro","tiny","age_restricted","ios_large","ios_mosaic","big","med","small","pinterest"]},"first_frame_versions":{"template":"https://coub-anubis-a.akamaized.net/coub_storage/coub/simple/cw_timeline_pic/533b5bb93ba/ff643cb90383d2c461c86/%{version}_1491022304_image.jpg","versions":["big","med","small","ios_large"]},"dimensions":{"big":[1280,540],"med":[640,270]},"site_w_h":[640,270],"page_w_h":[640,270],"site_w_h_small":[310,131],"size":[1280,540],"age_restricted":false,"age_restricted_by_admin":false,"not_safe_for_work":false,"allow_reuse":false,"dont_crop":false,"banned":false,"global_safe":true,"audio_file_url":"https://coub-anubis-a.akamaized.net/coub_storage/audio_track/cw_normalized_copy/b58549b662a/964e8cbe79a1a7d975a6f/low_1491022282_xg0rzw_normalized_1491022267_14iundt_edited.mp3","external_download":false,"application":null,"channel":{"id":294438,"permalink":"evgentuz82","title":"ᴇᴠɢᴇɴᴛᴜᴢ 82","description":"телеграм t.me/Evgentuz82","followers_count":8400,"following_count":1982,"avatar_versions":{"template":"https://coub-anubis-a.akamaized.net/coub_storage/channel/cw_avatar/b17f57c0af4/6445724dcb831e6e1f74e/%{version}_1620624944_VfwMRHPVz1M.jpg","versions":["medium","medium_2x","profile_pic","profile_pic_new","profile_pic_new_2x","tiny","tiny_2x","small","small_2x","ios_large","ios_small"]}},"file":null,"picture":"https://coub-anubis-a.akamaized.net/coub_storage/coub/simple/cw_image/533b5bb93ba/ff643cb90383d2c461c86/1491022304_00032.jpg","timeline_picture":"https://coub-anubis-a.akamaized.net/coub_storage/coub/simple/cw_timeline_pic/533b5bb93ba/ff643cb90383d2c461c86/ios_large_1491022304_image.jpg","small_picture":"https://coub-anubis-a.akamaized.net/coub_storage/coub/simple/cw_image/533b5bb93ba/ff643cb90383d2c461c86/1491022304_00032.jpg","sharing_picture":null,"percent_done":100,"tags":[{"id":13854,"title":"matthew mcconaughey","value":"matthew%20mcconaughey"},{"id":2885839,"title":"a real detective","value":"a%20real%20detective"},{"id":41713,"title":"woody harrelson","value":"woody%20harrelson"},{"id":203316,"title":"настоящий детектив","value":"%D0%BD%D0%B0%D1%81%D1%82%D0%BE%D1%8F%D1%89%D0%B8%D0%B9%20%D0%B4%D0%B5%D1%82%D0%B5%D0%BA%D1%82%D0%B8%D0%B2"},{"id":203317,"title":"мэттью макконахи","value":"%D0%BC%D1%8D%D1%82%D1%82%D1%8C%D1%8E%20%D0%BC%D0%B0%D0%BA%D0%BA%D0%BE%D0%BD%D0%B0%D1%85%D0%B8"},{"id":168513,"title":"вуди харрельсон","value":"%D0%B2%D1%83%D0%B4%D0%B8%20%D1%85%D0%B0%D1%80%D1%80%D0%B5%D0%BB%D1%8C%D1%81%D0%BE%D0%BD"},{"id":245506,"title":"far from any road","value":"far%20from%20any%20road"},{"id":245504,"title":"the handsome family","value":"the%20handsome%20family"},{"id":22770,"title":"золото","value":"%D0%B7%D0%BE%D0%BB%D0%BE%D1%82%D0%BE"},{"id":7128,"title":"gold","value":"gold"},{"id":29537,"title":"led","value":"led"},{"id":508416,"title":"заводила","value":"%D0%B7%D0%B0%D0%B2%D0%BE%D0%B4%D0%B8%D0%BB%D0%B0"}],"categories":[{"id":19,"title":"Movies & TV","permalink":"movies","subscriptions_count":10078577,"big_image_url":"https://coub-anubis-a.akamaized.net/coub_storage/category/cw_image/dda6b36d2fb/9ae8ba82060e5659de192/big_1544758441_movies2.png","small_image_url":"https://coub-anubis-a.akamaized.net/coub_storage/category/cw_image/dda6b36d2fb/9ae8ba82060e5659de192/small_1544758441_movies2.png","med_image_url":"https://coub-anubis-a.akamaized.net/coub_storage/category/cw_image/dda6b36d2fb/9ae8ba82060e5659de192/med_1544758441_movies2.png","visible":true}],"communities":[{"id":19,"title":"Movies & TV","permalink":"movies","subscriptions_count":10078577,"big_image_url":"https://coub-anubis-a.akamaized.net/coub_storage/category/cw_image/dda6b36d2fb/9ae8ba82060e5659de192/big_1544758441_movies2.png","small_image_url":"https://coub-anubis-a.akamaized.net/coub_storage/category/cw_image/dda6b36d2fb/9ae8ba82060e5659de192/small_1544758441_movies2.png","med_image_url":"https://coub-anubis-a.akamaized.net/coub_storage/category/cw_image/dda6b36d2fb/9ae8ba82060e5659de192/med_1544758441_movies2.png","i_subscribed":true,"community_notifications_enabled":null,"description":null}],"recoubs_count":2607,"remixes_count":12,"likes_count":13050,"dislikes_count":0,"raw_video_id":9382344,"uploaded_by_ios_app":false,"uploaded_by_android_app":false,"media_blocks":{"uploaded_raw_videos":[],"external_raw_videos":[],"remixed_from_coubs":[]},"raw_video_thumbnail_url":"/missing/missing.png","raw_video_title":"vlc-record-2017-04-01-09h10m20s-________.avi-.mp4","video_block_banned":false,"duration":10.08,"promo_winner":false,"promo_winner_recoubers":null,"editorial_info":{},"promo_hint":null,"beeline_best_2014":null,"from_web_editor":true,"normalize_sound":true,"normalize_change_allowed":true,"best2015_addable":false,"ahmad_promo":null,"promo_data":null,"audio_copyright_claim":null,"ads_disabled":null,"is_safe_for_ads":true,"megafon_contents":[],"position_on_page":4},{"flag":null,"abuses":null,"recoubs_by_users_channels":null,"favourite":false,"promoted_id":null,"recoub":null,"like":null,"dislike":null,"reaction":null,"in_my_best2015":false,"id":94209951,"type":"Coub::Simple","permalink":"1jom34","title":"one moment ","visibility_type":"public","original_visibility_type":"public","channel_id":3667066,"created_at":"2018-12-12T20:00:56Z","updated_at":"2022-03-14T19:46:08Z","is_done":true,"views_count":681003,"cotd":null,"cotd_at":null,"visible_on_explore_root":false,"visible_on_explore":false,"featured":false,"published":true,"published_at":"2018-12-12T20:00:56Z","reversed":false,"from_editor_v2":true,"is_editable":true,"original_sound":false,"has_sound":false,"recoub_to":null,"file_versions":{"html5":{"video":{"higher":{"url":"https://coub-anubis-a.akamaized.net/coub_storage/coub/simple/cw_file/38a7e794c98/e845769334a84005dada1/muted_mp4_huge_size_1570068911_muted_huge.mp4","size":1392612},"high":{"url":"https://coub-anubis-a.akamaized.net/coub_storage/coub/simple/cw_file/38a7e794c98/e845769334a84005dada1/muted_mp4_big_size_1570068911_muted_big.mp4","size":1072665},"med":{"url":"https://coub-anubis-a.akamaized.net/coub_storage/coub/simple/cw_file/38a7e794c98/e845769334a84005dada1/muted_mp4_med_size_1570068911_muted_med.mp4","size":292900}},"audio":{"high":{"url":"https://coub-anubis-a.akamaized.net/coub_storage/coub/simple/cw_looped_audio_high/73748d78dcf/afe703b3181c95e4e92f1/1605660951_high_1544644903_high.mp3","size":2596792},"med":{"url":"https://coub-anubis-a.akamaized.net/coub_storage/coub/simple/cw_looped_audio_med/84ffc75131c/40d66b09445290ca9c820/1605660951_med_1544644903_med.mp3","size":2152970}}},"mobile":{"video":"https://coub-anubis-a.akamaized.net/coub_storage/coub/simple/cw_file/38a7e794c98/e845769334a84005dada1/muted_mp4_med_size_1570068911_muted_med.mp4","audio":["https://coub-anubis-a.akamaized.net/coub_storage/coub/simple/cw_looped_audio_med/84ffc75131c/40d66b09445290ca9c820/1605660951_med_1544644903_med.mp3"]},"share":{"default":"https://coub-anubis-a.akamaized.net/coub_storage/coub/simple/cw_video_for_sharing/74be3fd061b/9af0e840ec8244fcd3da7/1609099138_looped_1609099137.mp4"}},"audio_versions":{"template":"https://coub-anubis-a.akamaized.net/coub_storage/audio_track/cw_normalized_copy/329681af343/c445575096fb092f75ce3/mid_1544644893_normalized_1544644879_1dtokg1_edited.mp3","versions":["mid","low"]},"image_versions":{"template":"https://coub-anubis-a.akamaized.net/coub_storage/coub/simple/cw_image/fddb34fb15e/2ef9c712115440a30e56b/1544644913_00032.jpg","versions":["micro","tiny","age_restricted","ios_large","ios_mosaic","big","med","small","pinterest"]},"first_frame_versions":{"template":"https://coub-anubis-a.akamaized.net/coub_storage/coub/simple/cw_timeline_pic/569940f1669/5eea4f8182919e2808b0e/%{version}_1544644912_image.jpg","versions":["big","med","small","ios_large"]},"dimensions":{"big":[1280,532],"med":[640,266]},"site_w_h":[640,266],"page_w_h":[640,266],"site_w_h_small":[310,129],"size":[1280,532],"age_restricted":false,"age_restricted_by_admin":false,"not_safe_for_work":false,"allow_reuse":false,"dont_crop":false,"banned":false,"global_safe":true,"audio_file_url":"https://coub-anubis-a.akamaized.net/coub_storage/audio_track/cw_normalized_copy/329681af343/c445575096fb092f75ce3/low_1544644893_normalized_1544644879_1dtokg1_edited.mp3","external_download":{"type":"Youtube","service_name":"YouTube","url":"https://www.youtube.com/watch?v=cdny0gdbGSY","has_embed":true},"application":null,"channel":{"id":3667066,"permalink":"akhmetbek","title":"Zhanibek","description":null,"followers_count":277,"following_count":41,"avatar_versions":{"template":"https://coub-anubis-a.akamaized.net/coub_storage/channel/cw_avatar/23f4d89e11b/60e35d9ba06e9d6f80849/%{version}_1607677001_17c39b0_1525701044_loki_png_by_blutmondlicht-da8l4dk.png","versions":["medium","medium_2x","profile_pic","profile_pic_new","profile_pic_new_2x","tiny","tiny_2x","small","small_2x","ios_large","ios_small"]}},"file":null,"picture":"https://coub-anubis-a.akamaized.net/coub_storage/coub/simple/cw_image/fddb34fb15e/2ef9c712115440a30e56b/1544644913_00032.jpg","timeline_picture":"https://coub-anubis-a.akamaized.net/coub_storage/coub/simple/cw_timeline_pic/569940f1669/5eea4f8182919e2808b0e/ios_large_1544644912_image.jpg","small_picture":"https://coub-anubis-a.akamaized.net/coub_storage/coub/simple/cw_image/fddb34fb15e/2ef9c712115440a30e56b/1544644913_00032.jpg","sharing_picture":null,"percent_done":100,"tags":[],"categories":[{"id":19,"title":"Movies & TV","permalink":"movies","subscriptions_count":10078577,"big_image_url":"https://coub-anubis-a.akamaized.net/coub_storage/category/cw_image/dda6b36d2fb/9ae8ba82060e5659de192/big_1544758441_movies2.png","small_image_url":"https://coub-anubis-a.akamaized.net/coub_storage/category/cw_image/dda6b36d2fb/9ae8ba82060e5659de192/small_1544758441_movies2.png","med_image_url":"https://coub-anubis-a.akamaized.net/coub_storage/category/cw_image/dda6b36d2fb/9ae8ba82060e5659de192/med_1544758441_movies2.png","visible":true}],"communities":[{"id":19,"title":"Movies & TV","permalink":"movies","subscriptions_count":10078577,"big_image_url":"https://coub-anubis-a.akamaized.net/coub_storage/category/cw_image/dda6b36d2fb/9ae8ba82060e5659de192/big_1544758441_movies2.png","small_image_url":"https://coub-anubis-a.akamaized.net/coub_storage/category/cw_image/dda6b36d2fb/9ae8ba82060e5659de192/small_1544758441_movies2.png","med_image_url":"https://coub-anubis-a.akamaized.net/coub_storage/category/cw_image/dda6b36d2fb/9ae8ba82060e5659de192/med_1544758441_movies2.png","i_subscribed":true,"community_notifications_enabled":null,"description":null}],"recoubs_count":2703,"remixes_count":10,"likes_count":13033,"dislikes_count":0,"raw_video_id":12852524,"uploaded_by_ios_app":false,"uploaded_by_android_app":false,"media_blocks":{"uploaded_raw_videos":[],"external_raw_videos":[{"id":29513873,"title":"Эту песню ищут все (Снайпер 2015)","url":"https://www.youtube.com/watch?v=cdny0gdbGSY","image":"https://coub-anubis-a.akamaized.net/coub_storage/media_block/cw_image/3475d3edb95/f53a99c8a10eb31e4e2ea/1544644330_q93jmi_1544644301_18xvbye_att-url-download.jpg","image_retina":"https://coub-anubis-a.akamaized.net/coub_storage/media_block/cw_image/3475d3edb95/f53a99c8a10eb31e4e2ea/1544644330_q93jmi_1544644301_18xvbye_att-url-download.jpg","meta":{"service":"Youtube","duration":"138.52"},"duration":138.52,"raw_video_id":12852524,"has_embed":true}],"remixed_from_coubs":[],"external_video":{"id":29513873,"title":"Эту песню ищут все (Снайпер 2015)","url":"https://www.youtube.com/watch?v=cdny0gdbGSY","image":"https://coub-anubis-a.akamaized.net/coub_storage/media_block/cw_image/3475d3edb95/f53a99c8a10eb31e4e2ea/1544644330_q93jmi_1544644301_18xvbye_att-url-download.jpg","image_retina":"https://coub-anubis-a.akamaized.net/coub_storage/media_block/cw_image/3475d3edb95/f53a99c8a10eb31e4e2ea/1544644330_q93jmi_1544644301_18xvbye_att-url-download.jpg","meta":{"service":"Youtube","duration":"138.52"},"duration":138.52,"raw_video_id":12852524,"has_embed":true}},"raw_video_thumbnail_url":"/missing/missing.png","raw_video_title":"Эту песню ищут все (Снайпер 2015)","video_block_banned":false,"duration":10.0,"promo_winner":false,"promo_winner_recoubers":null,"editorial_info":{},"promo_hint":null,"beeline_best_2014":null,"from_web_editor":true,"normalize_sound":true,"normalize_change_allowed":true,"best2015_addable":false,"ahmad_promo":null,"promo_data":null,"audio_copyright_claim":null,"ads_disabled":false,"is_safe_for_ads":true,"megafon_contents":[],"position_on_page":5},{"flag":null,"abuses":null,"recoubs_by_users_channels":null,"favourite":false,"promoted_id":null,"recoub":null,"like":null,"dislike":null,"reaction":null,"in_my_best2015":false,"id":46602444,"type":"Coub::Simple","permalink":"rapkp","title":"trolling Brad Pitt","visibility_type":"public","original_visibility_type":"public","channel_id":1840723,"created_at":"2017-01-26T13:58:36Z","updated_at":"2022-03-16T08:12:26Z","is_done":true,"views_count":957924,"cotd":true,"cotd_at":"2017-01-27","visible_on_explore_root":true,"visible_on_explore":true,"featured":true,"published":true,"published_at":"2017-01-26T13:58:36Z","reversed":false,"from_editor_v2":true,"is_editable":true,"original_sound":false,"has_sound":false,"recoub_to":null,"file_versions":{"html5":{"video":{"higher":{"url":"https://coub-anubis-a.akamaized.net/coub_storage/coub/simple/cw_file/165ef3a9b81/20a12d50a204a379cb7e3/muted_mp4_huge_size_1568085467_muted_huge.mp4","size":2348123},"high":{"url":"https://coub-anubis-a.akamaized.net/coub_storage/coub/simple/cw_file/165ef3a9b81/20a12d50a204a379cb7e3/muted_mp4_big_size_1568085467_muted_big.mp4","size":1563295},"med":{"url":"https://coub-anubis-a.akamaized.net/coub_storage/coub/simple/cw_file/165ef3a9b81/20a12d50a204a379cb7e3/muted_mp4_med_size_1568085467_muted_med.mp4","size":451627}},"audio":{"high":{"url":"https://coub-anubis-a.akamaized.net/coub_storage/coub/simple/cw_looped_audio_high/26aa9a996e8/613a174c8d3dbf0ae88e8/1605577003_high_1485439143_high.mp3","size":2250056},"med":{"url":"https://coub-anubis-a.akamaized.net/coub_storage/coub/simple/cw_looped_audio_med/6269e101657/959ada7ae11eafb9c5af0/1605577002_med_1485439143_med.mp3","size":2103017}}},"mobile":{"video":"https://coub-anubis-a.akamaized.net/coub_storage/coub/simple/cw_file/165ef3a9b81/20a12d50a204a379cb7e3/muted_mp4_med_size_1568085467_muted_med.mp4","audio":["https://coub-anubis-a.akamaized.net/coub_storage/coub/simple/cw_looped_audio_med/6269e101657/959ada7ae11eafb9c5af0/1605577002_med_1485439143_med.mp3"]},"share":{"default":"https://coub-anubis-a.akamaized.net/coub_storage/coub/simple/cw_video_for_sharing/a2da73f1a73/34bb4d8064150295444de/1608240963_looped_1608240963.mp4"}},"audio_versions":{"template":"https://coub-anubis-a.akamaized.net/coub_storage/audio_track/cw_file/b8b5dc07e80/7f7766c4b910c198f9f8d/mid_1485439127_khna5a_edited.mp3","versions":["mid","low"]},"image_versions":{"template":"https://coub-anubis-a.akamaized.net/coub_storage/coub/simple/cw_image/2459e9d915a/5bc3c7803214fbffd3f1d/1485439155_00030.jpg","versions":["micro","tiny","age_restricted","ios_large","ios_mosaic","big","med","small","pinterest"]},"first_frame_versions":{"template":"https://coub-anubis-a.akamaized.net/coub_storage/coub/simple/cw_timeline_pic/e3222f0f0d4/659fb15702bf113d8dfd2/%{version}_1485439154_image.jpg","versions":["big","med","small","ios_large"]},"dimensions":{"big":[1280,594],"med":[640,296]},"site_w_h":[640,297],"page_w_h":[640,297],"site_w_h_small":[310,144],"size":[1280,594],"age_restricted":false,"age_restricted_by_admin":false,"not_safe_for_work":false,"allow_reuse":false,"dont_crop":false,"banned":false,"global_safe":true,"audio_file_url":"https://coub-anubis-a.akamaized.net/coub_storage/audio_track/cw_file/b8b5dc07e80/7f7766c4b910c198f9f8d/low_1485439127_khna5a_edited.mp3","external_download":false,"application":null,"channel":{"id":1840723,"permalink":"neo.the.one","title":"Neo","description":null,"followers_count":2001,"following_count":99,"avatar_versions":{"template":"https://coub-anubis-a.akamaized.net/coub_storage/channel/cw_avatar/648ad34e3c5/3bfbf36ec2d0a1a57d1ed/%{version}_1607423997_19ihiqn_1502441896_neo_new.jpeg","versions":["medium","medium_2x","profile_pic","profile_pic_new","profile_pic_new_2x","tiny","tiny_2x","small","small_2x","ios_large","ios_small"]}},"file":null,"picture":"https://coub-anubis-a.akamaized.net/coub_storage/coub/simple/cw_image/2459e9d915a/5bc3c7803214fbffd3f1d/1485439155_00030.jpg","timeline_picture":"https://coub-anubis-a.akamaized.net/coub_storage/coub/simple/cw_timeline_pic/e3222f0f0d4/659fb15702bf113d8dfd2/ios_large_1485439154_image.jpg","small_picture":"https://coub-anubis-a.akamaized.net/coub_storage/coub/simple/cw_image/2459e9d915a/5bc3c7803214fbffd3f1d/1485439155_00030.jpg","sharing_picture":null,"percent_done":100,"tags":[{"id":105373,"title":"coub of the day","value":"coub%20of%20the%20day"},{"id":5326,"title":"mashup","value":"mashup"},{"id":15562,"title":"seven","value":"seven"},{"id":8593,"title":"seal","value":"seal"},{"id":3474,"title":"brad pitt","value":"brad%20pitt"},{"id":35758,"title":"se7en","value":"se7en"}],"categories":[{"id":19,"title":"Movies & TV","permalink":"movies","subscriptions_count":10078577,"big_image_url":"https://coub-anubis-a.akamaized.net/coub_storage/category/cw_image/dda6b36d2fb/9ae8ba82060e5659de192/big_1544758441_movies2.png","small_image_url":"https://coub-anubis-a.akamaized.net/coub_storage/category/cw_image/dda6b36d2fb/9ae8ba82060e5659de192/small_1544758441_movies2.png","med_image_url":"https://coub-anubis-a.akamaized.net/coub_storage/category/cw_image/dda6b36d2fb/9ae8ba82060e5659de192/med_1544758441_movies2.png","visible":true}],"communities":[{"id":19,"title":"Movies & TV","permalink":"movies","subscriptions_count":10078577,"big_image_url":"https://coub-anubis-a.akamaized.net/coub_storage/category/cw_image/dda6b36d2fb/9ae8ba82060e5659de192/big_1544758441_movies2.png","small_image_url":"https://coub-anubis-a.akamaized.net/coub_storage/category/cw_image/dda6b36d2fb/9ae8ba82060e5659de192/small_1544758441_movies2.png","med_image_url":"https://coub-anubis-a.akamaized.net/coub_storage/category/cw_image/dda6b36d2fb/9ae8ba82060e5659de192/med_1544758441_movies2.png","i_subscribed":true,"community_notifications_enabled":null,"description":null}],"recoubs_count":1963,"remixes_count":15,"likes_count":13012,"dislikes_count":0,"raw_video_id":"","uploaded_by_ios_app":false,"uploaded_by_android_app":false,"media_blocks":{"uploaded_raw_videos":[],"external_raw_videos":[],"remixed_from_coubs":[{"id":18748613,"title":"Phoca vitulina !","url":"http://coub.com/coubs/724u9/remix","image":"https://coub-anubis-a.akamaized.net/coub_storage/media_block/cw_image/f12d277abef/da4a7f79573f7025ec944/1491973080_1435502451_00025.jpg","image_retina":"https://coub-anubis-a.akamaized.net/coub_storage/media_block/cw_image/f12d277abef/da4a7f79573f7025ec944/1491973080_1435502451_00025.jpg","meta":{"duration":"7.8"},"duration":null,"coub_channel_title":"THESEASEAL","coub_channel_permalink":"theseaseal","coub_views_count":26598,"coub_permalink":"724u9"},{"id":18778984,"title":"Mr. Bean #Se7en","url":"http://coub.com/coubs/8h9ia/remix","image":"https://coub-anubis-a.akamaized.net/coub_storage/media_block/cw_image/c267f943e74/438ba6d5b0f664853b82a/1491979644_1444164852_00032.jpg","image_retina":"https://coub-anubis-a.akamaized.net/coub_storage/media_block/cw_image/c267f943e74/438ba6d5b0f664853b82a/1491979644_1444164852_00032.jpg","meta":{"duration":"10.0"},"duration":null,"coub_channel_title":"Eugene Rashku","coub_channel_permalink":"eugene.rashku","coub_views_count":31357,"coub_permalink":"8h9ia"}]},"raw_video_thumbnail_url":"","raw_video_title":"","video_block_banned":false,"duration":9.44,"promo_winner":false,"promo_winner_recoubers":null,"editorial_info":{},"promo_hint":null,"beeline_best_2014":null,"from_web_editor":true,"normalize_sound":false,"normalize_change_allowed":true,"best2015_addable":false,"ahmad_promo":null,"promo_data":null,"audio_copyright_claim":null,"ads_disabled":null,"is_safe_for_ads":true,"megafon_contents":[],"position_on_page":6},{"flag":null,"abuses":null,"recoubs_by_users_channels":null,"favourite":false,"promoted_id":null,"recoub":null,"like":null,"dislike":null,"reaction":null,"in_my_best2015":false,"id":87352916,"type":"Coub::Simple","permalink":"1fln4e","title":"Captain Mother Fucker","visibility_type":"public","original_visibility_type":"public","channel_id":4842769,"created_at":"2018-10-06T12:48:45Z","updated_at":"2022-03-15T22:13:21Z","is_done":true,"views_count":923840,"cotd":null,"cotd_at":null,"visible_on_explore_root":false,"visible_on_explore":false,"featured":false,"published":true,"published_at":"2018-10-06T12:48:45Z","reversed":false,"from_editor_v2":true,"is_editable":true,"original_sound":true,"has_sound":true,"recoub_to":null,"file_versions":{"html5":{"video":{"higher":{"url":"https://coub-anubis-a.akamaized.net/coub_storage/coub/simple/cw_file/e25d505ecc9/59fd9c990a42aaa51f06b/muted_mp4_huge_size_1569163425_muted_huge.mp4","size":2336259},"high":{"url":"https://coub-anubis-a.akamaized.net/coub_storage/coub/simple/cw_file/e25d505ecc9/59fd9c990a42aaa51f06b/muted_mp4_big_size_1569163425_muted_big.mp4","size":1511616},"med":{"url":"https://coub-anubis-a.akamaized.net/coub_storage/coub/simple/cw_file/e25d505ecc9/59fd9c990a42aaa51f06b/muted_mp4_med_size_1569163425_muted_med.mp4","size":498119}},"audio":{"high":{"url":"https://coub-anubis-a.akamaized.net/coub_storage/coub/simple/cw_looped_audio_high/11ad22e3cd5/35192dff9461f6527e3a7/1605604414_high_1538830132_high.mp3","size":1048535},"med":{"url":"https://coub-anubis-a.akamaized.net/coub_storage/coub/simple/cw_looped_audio_med/51f5b30c4a2/12aeeefa802beb73ef635/1605604413_med_1538830132_med.mp3","size":799076},"sample_duration":10.009}},"mobile":{"video":"https://coub-anubis-a.akamaized.net/coub_storage/coub/simple/cw_file/e25d505ecc9/59fd9c990a42aaa51f06b/muted_mp4_med_size_1569163425_muted_med.mp4","audio":["https://coub-anubis-a.akamaized.net/coub_storage/coub/simple/cw_looped_audio_med/51f5b30c4a2/12aeeefa802beb73ef635/1605604413_med_1538830132_med.mp3"]},"share":{"default":"https://coub-anubis-a.akamaized.net/coub_storage/coub/simple/cw_video_for_sharing/02e58dc0a74/9631c26d9479e614a4021/1608229260_looped_1608229259.mp4"}},"audio_versions":{},"image_versions":{"template":"https://coub-anubis-a.akamaized.net/coub_storage/coub/simple/cw_image/4ce0389dd12/a1743c062e4f0627298d9/1538830138_00032.jpg","versions":["micro","tiny","age_restricted","ios_large","ios_mosaic","big","med","small","pinterest"]},"first_frame_versions":{"template":"https://coub-anubis-a.akamaized.net/coub_storage/coub/simple/cw_timeline_pic/2b2f725887f/b9a55a4cf3d731645f53e/%{version}_1538830138_image.jpg","versions":["big","med","small","ios_large"]},"dimensions":{"big":[1280,720],"med":[640,360]},"site_w_h":[640,360],"page_w_h":[640,360],"site_w_h_small":[310,174],"size":[1280,720],"age_restricted":false,"age_restricted_by_admin":false,"not_safe_for_work":false,"allow_reuse":false,"dont_crop":false,"banned":false,"global_safe":true,"audio_file_url":null,"external_download":false,"application":null,"channel":{"id":4842769,"permalink":"happy-pablo","title":"Happy Pablo ","description":null,"followers_count":129,"following_count":31,"avatar_versions":{"template":"https://coub-anubis-a.akamaized.net/coub_storage/channel/cw_avatar/2ec52dae67e/1a522f484f1a745737a88/%{version}_1607869726_uvmkog_1555890654_adaaaa.png","versions":["medium","medium_2x","profile_pic","profile_pic_new","profile_pic_new_2x","tiny","tiny_2x","small","small_2x","ios_large","ios_small"]}},"file":null,"picture":"https://coub-anubis-a.akamaized.net/coub_storage/coub/simple/cw_image/4ce0389dd12/a1743c062e4f0627298d9/1538830138_00032.jpg","timeline_picture":"https://coub-anubis-a.akamaized.net/coub_storage/coub/simple/cw_timeline_pic/2b2f725887f/b9a55a4cf3d731645f53e/ios_large_1538830138_image.jpg","small_picture":"https://coub-anubis-a.akamaized.net/coub_storage/coub/simple/cw_image/4ce0389dd12/a1743c062e4f0627298d9/1538830138_00032.jpg","sharing_picture":null,"percent_done":100,"tags":[{"id":395222,"title":"bestmovieever","value":"bestmovieever"},{"id":14963,"title":"avengers","value":"avengers"},{"id":1976618,"title":"johnnysins","value":"johnnysins"},{"id":4338586,"title":"brazzersuniversal","value":"brazzersuniversal"},{"id":4338587,"title":"marveluniversal","value":"marveluniversal"},{"id":4338588,"title":"realcaptainmarvel","value":"realcaptainmarvel"}],"categories":[{"id":19,"title":"Movies & TV","permalink":"movies","subscriptions_count":10078577,"big_image_url":"https://coub-anubis-a.akamaized.net/coub_storage/category/cw_image/dda6b36d2fb/9ae8ba82060e5659de192/big_1544758441_movies2.png","small_image_url":"https://coub-anubis-a.akamaized.net/coub_storage/category/cw_image/dda6b36d2fb/9ae8ba82060e5659de192/small_1544758441_movies2.png","med_image_url":"https://coub-anubis-a.akamaized.net/coub_storage/category/cw_image/dda6b36d2fb/9ae8ba82060e5659de192/med_1544758441_movies2.png","visible":true}],"communities":[{"id":19,"title":"Movies & TV","permalink":"movies","subscriptions_count":10078577,"big_image_url":"https://coub-anubis-a.akamaized.net/coub_storage/category/cw_image/dda6b36d2fb/9ae8ba82060e5659de192/big_1544758441_movies2.png","small_image_url":"https://coub-anubis-a.akamaized.net/coub_storage/category/cw_image/dda6b36d2fb/9ae8ba82060e5659de192/small_1544758441_movies2.png","med_image_url":"https://coub-anubis-a.akamaized.net/coub_storage/category/cw_image/dda6b36d2fb/9ae8ba82060e5659de192/med_1544758441_movies2.png","i_subscribed":true,"community_notifications_enabled":null,"description":null}],"recoubs_count":2374,"remixes_count":8,"likes_count":12915,"dislikes_count":0,"raw_video_id":12484300,"uploaded_by_ios_app":false,"uploaded_by_android_app":false,"media_blocks":{"uploaded_raw_videos":[],"external_raw_videos":[],"remixed_from_coubs":[]},"raw_video_thumbnail_url":"/missing/missing.png","raw_video_title":"cumvengers.mp4","video_block_banned":false,"duration":10.0,"promo_winner":false,"promo_winner_recoubers":null,"editorial_info":{},"promo_hint":null,"beeline_best_2014":null,"from_web_editor":true,"normalize_sound":true,"normalize_change_allowed":true,"best2015_addable":false,"ahmad_promo":null,"promo_data":null,"audio_copyright_claim":null,"ads_disabled":false,"is_safe_for_ads":true,"megafon_contents":[],"position_on_page":7},{"flag":null,"abuses":null,"recoubs_by_users_channels":null,"favourite":false,"promoted_id":null,"recoub":null,"like":null,"dislike":null,"reaction":null,"in_my_best2015":false,"id":103458588,"type":"Coub::Simple","permalink":"1p6ufo","title":"Шотландский клеймор","visibility_type":"public","original_visibility_type":"public","channel_id":5225564,"created_at":"2019-02-26T15:49:17Z","updated_at":"2022-03-16T08:14:58Z","is_done":true,"views_count":803125,"cotd":null,"cotd_at":null,"visible_on_explore_root":false,"visible_on_explore":false,"featured":false,"published":true,"published_at":"2019-02-26T15:49:17Z","reversed":false,"from_editor_v2":true,"is_editable":true,"original_sound":true,"has_sound":true,"recoub_to":null,"file_versions":{"html5":{"video":{"higher":{"url":"https://coub-anubis-a.akamaized.net/coub_storage/coub/simple/cw_file/fd1a427f1dc/fc759d993c0d46e950ccd/muted_mp4_huge_size_1569613603_muted_huge.mp4","size":1848477},"high":{"url":"https://coub-anubis-a.akamaized.net/coub_storage/coub/simple/cw_file/fd1a427f1dc/fc759d993c0d46e950ccd/muted_mp4_big_size_1569613603_muted_big.mp4","size":1403276},"med":{"url":"https://coub-anubis-a.akamaized.net/coub_storage/coub/simple/cw_file/fd1a427f1dc/fc759d993c0d46e950ccd/muted_mp4_med_size_1569613603_muted_med.mp4","size":343881}},"audio":{"high":{"url":"https://coub-anubis-a.akamaized.net/coub_storage/coub/simple/cw_looped_audio_high/6c53969f7d4/3ffe4bfa6f8716881d8cb/1605674791_high_1551196175_high.mp3","size":1111199},"med":{"url":"https://coub-anubis-a.akamaized.net/coub_storage/coub/simple/cw_looped_audio_med/b744604ccec/e6b0f287c37d4a53e634c/1605674790_med_1551196175_med.mp3","size":935814},"sample_duration":9.822}},"mobile":{"video":"https://coub-anubis-a.akamaized.net/coub_storage/coub/simple/cw_file/fd1a427f1dc/fc759d993c0d46e950ccd/muted_mp4_med_size_1569613603_muted_med.mp4","audio":["https://coub-anubis-a.akamaized.net/coub_storage/coub/simple/cw_looped_audio_med/b744604ccec/e6b0f287c37d4a53e634c/1605674790_med_1551196175_med.mp3"]},"share":{"default":"https://coub-anubis-a.akamaized.net/coub_storage/coub/simple/cw_video_for_sharing/a098ea6d2fa/ff50c72584c9a70be1282/1608229163_looped_1608229163.mp4"}},"audio_versions":{},"image_versions":{"template":"https://coub-anubis-a.akamaized.net/coub_storage/coub/simple/cw_image/9ee1bd477b8/8f71d4248f502f4a767fa/1551196181_00031.jpg","versions":["micro","tiny","age_restricted","ios_large","ios_mosaic","big","med","small","pinterest"]},"first_frame_versions":{"template":"https://coub-anubis-a.akamaized.net/coub_storage/coub/simple/cw_timeline_pic/b0ca805b5e3/93be50b714d95222bb6e5/1551196181_image.jpg","versions":["big","med","small","ios_large"]},"dimensions":{"big":[1280,720],"med":[640,360]},"site_w_h":[640,360],"page_w_h":[640,360],"site_w_h_small":[310,174],"size":[1280,720],"age_restricted":false,"age_restricted_by_admin":false,"not_safe_for_work":false,"allow_reuse":false,"dont_crop":false,"banned":false,"global_safe":true,"audio_file_url":null,"external_download":{"type":"Youtube","service_name":"YouTube","url":"https://www.youtube.com/watch?v=zBkuNpgACH0","has_embed":true},"application":null,"channel":{"id":5225564,"permalink":"bloodrazor","title":"BloodRazor","description":null,"followers_count":53,"following_count":12,"avatar_versions":{"template":"https://coub-anubis-a.akamaized.net/coub_storage/channel/cw_avatar/43ed970d45c/00e9ff444727f435606d3/%{version}_1607725948_185h76d_1548537894_Main_Icon.png","versions":["medium","medium_2x","profile_pic","profile_pic_new","profile_pic_new_2x","tiny","tiny_2x","small","small_2x","ios_large","ios_small"]}},"file":null,"picture":"https://coub-anubis-a.akamaized.net/coub_storage/coub/simple/cw_image/9ee1bd477b8/8f71d4248f502f4a767fa/1551196181_00031.jpg","timeline_picture":"https://coub-anubis-a.akamaized.net/coub_storage/coub/simple/cw_timeline_pic/b0ca805b5e3/93be50b714d95222bb6e5/1551196181_image.jpg","small_picture":"https://coub-anubis-a.akamaized.net/coub_storage/coub/simple/cw_image/9ee1bd477b8/8f71d4248f502f4a767fa/1551196181_00031.jpg","sharing_picture":null,"percent_done":100,"tags":[{"id":9312,"title":"sword","value":"sword"},{"id":232985,"title":"claymore","value":"claymore"},{"id":11096,"title":"меч","value":"%D0%BC%D0%B5%D1%87"},{"id":443,"title":"fail","value":"fail"},{"id":16425,"title":"zach","value":"zach"},{"id":1445,"title":"laugh","value":"laugh"},{"id":19546,"title":"свинья","value":"%D1%81%D0%B2%D0%B8%D0%BD%D1%8C%D1%8F"},{"id":188392,"title":"рубить","value":"%D1%80%D1%83%D0%B1%D0%B8%D1%82%D1%8C"},{"id":514473,"title":"между молотом и наковальней","value":"%D0%BC%D0%B5%D0%B6%D0%B4%D1%83%20%D0%BC%D0%BE%D0%BB%D0%BE%D1%82%D0%BE%D0%BC%20%D0%B8%20%D0%BD%D0%B0%D0%BA%D0%BE%D0%B2%D0%B0%D0%BB%D1%8C%D0%BD%D0%B5%D0%B9"},{"id":5206,"title":"неудача","value":"%D0%BD%D0%B5%D1%83%D0%B4%D0%B0%D1%87%D0%B0"}],"categories":[{"id":19,"title":"Movies & TV","permalink":"movies","subscriptions_count":10078577,"big_image_url":"https://coub-anubis-a.akamaized.net/coub_storage/category/cw_image/dda6b36d2fb/9ae8ba82060e5659de192/big_1544758441_movies2.png","small_image_url":"https://coub-anubis-a.akamaized.net/coub_storage/category/cw_image/dda6b36d2fb/9ae8ba82060e5659de192/small_1544758441_movies2.png","med_image_url":"https://coub-anubis-a.akamaized.net/coub_storage/category/cw_image/dda6b36d2fb/9ae8ba82060e5659de192/med_1544758441_movies2.png","visible":true}],"communities":[{"id":19,"title":"Movies & TV","permalink":"movies","subscriptions_count":10078577,"big_image_url":"https://coub-anubis-a.akamaized.net/coub_storage/category/cw_image/dda6b36d2fb/9ae8ba82060e5659de192/big_1544758441_movies2.png","small_image_url":"https://coub-anubis-a.akamaized.net/coub_storage/category/cw_image/dda6b36d2fb/9ae8ba82060e5659de192/small_1544758441_movies2.png","med_image_url":"https://coub-anubis-a.akamaized.net/coub_storage/category/cw_image/dda6b36d2fb/9ae8ba82060e5659de192/med_1544758441_movies2.png","i_subscribed":true,"community_notifications_enabled":null,"description":null}],"recoubs_count":2433,"remixes_count":11,"likes_count":12882,"dislikes_count":0,"raw_video_id":13235704,"uploaded_by_ios_app":false,"uploaded_by_android_app":false,"media_blocks":{"uploaded_raw_videos":[],"external_raw_videos":[{"id":30540291,"title":"Zach Galifianakis Laugh","url":"https://www.youtube.com/watch?v=zBkuNpgACH0","image":"https://coub-anubis-a.akamaized.net/coub_storage/media_block/cw_image/7ac85edc179/9234f3292a26a8fea0c08/1550435482_x5qpds_1550435475_1msbb47_att-url-download.jpg","image_retina":"https://coub-anubis-a.akamaized.net/coub_storage/media_block/cw_image/7ac85edc179/9234f3292a26a8fea0c08/1550435482_x5qpds_1550435475_1msbb47_att-url-download.jpg","meta":{"service":"Youtube","duration":"21.96"},"duration":21.96,"raw_video_id":13235704,"has_embed":true}],"remixed_from_coubs":[],"external_video":{"id":30540291,"title":"Zach Galifianakis Laugh","url":"https://www.youtube.com/watch?v=zBkuNpgACH0","image":"https://coub-anubis-a.akamaized.net/coub_storage/media_block/cw_image/7ac85edc179/9234f3292a26a8fea0c08/1550435482_x5qpds_1550435475_1msbb47_att-url-download.jpg","image_retina":"https://coub-anubis-a.akamaized.net/coub_storage/media_block/cw_image/7ac85edc179/9234f3292a26a8fea0c08/1550435482_x5qpds_1550435475_1msbb47_att-url-download.jpg","meta":{"service":"Youtube","duration":"21.96"},"duration":21.96,"raw_video_id":13235704,"has_embed":true}},"raw_video_thumbnail_url":"/missing/missing.png","raw_video_title":"Zach Galifianakis Laugh","video_block_banned":false,"duration":9.72,"promo_winner":false,"promo_winner_recoubers":null,"editorial_info":{},"promo_hint":null,"beeline_best_2014":null,"from_web_editor":true,"normalize_sound":true,"normalize_change_allowed":true,"best2015_addable":false,"ahmad_promo":null,"promo_data":null,"audio_copyright_claim":null,"ads_disabled":false,"is_safe_for_ads":true,"megafon_contents":[],"position_on_page":8},{"flag":null,"abuses":null,"recoubs_by_users_channels":null,"favourite":false,"promoted_id":null,"recoub":null,"like":null,"dislike":null,"reaction":null,"in_my_best2015":false,"id":94249085,"type":"Coub::Simple","permalink":"1jpga6","title":"wasted","visibility_type":"public","original_visibility_type":"public","channel_id":3878017,"created_at":"2018-12-13T08:21:18Z","updated_at":"2022-03-16T00:26:40Z","is_done":true,"views_count":732177,"cotd":null,"cotd_at":null,"visible_on_explore_root":false,"visible_on_explore":false,"featured":false,"published":true,"published_at":"2018-12-13T08:21:18Z","reversed":false,"from_editor_v2":true,"is_editable":true,"original_sound":false,"has_sound":false,"recoub_to":null,"file_versions":{"html5":{"video":{"higher":{"url":"https://coub-anubis-a.akamaized.net/coub_storage/coub/simple/cw_file/cdb34285e40/77a1dfb65072f678acae1/muted_mp4_huge_size_1568918848_muted_huge.mp4","size":2789514},"high":{"url":"https://coub-anubis-a.akamaized.net/coub_storage/coub/simple/cw_file/cdb34285e40/77a1dfb65072f678acae1/muted_mp4_big_size_1568918848_muted_big.mp4","size":1925640},"med":{"url":"https://coub-anubis-a.akamaized.net/coub_storage/coub/simple/cw_file/cdb34285e40/77a1dfb65072f678acae1/muted_mp4_med_size_1568918848_muted_med.mp4","size":608462}},"audio":{"high":{"url":"https://coub-anubis-a.akamaized.net/coub_storage/coub/simple/cw_looped_audio_high/3b135c6e537/8deaaf5443ee92fe5a52a/1605661010_high_1544689288_high.mp3","size":1086323},"med":{"url":"https://coub-anubis-a.akamaized.net/coub_storage/coub/simple/cw_looped_audio_med/d47af031845/52c17d1c2ea712fcf7c6a/1605661010_med_1544689288_med.mp3","size":954513}}},"mobile":{"video":"https://coub-anubis-a.akamaized.net/coub_storage/coub/simple/cw_file/cdb34285e40/77a1dfb65072f678acae1/muted_mp4_med_size_1568918848_muted_med.mp4","audio":["https://coub-anubis-a.akamaized.net/coub_storage/coub/simple/cw_looped_audio_med/d47af031845/52c17d1c2ea712fcf7c6a/1605661010_med_1544689288_med.mp3"]},"share":{"default":"https://coub-anubis-a.akamaized.net/coub_storage/coub/simple/cw_video_for_sharing/89633b778eb/1a3f3d4426c811773e353/1608313742_looped_1608313742.mp4"}},"audio_versions":{"template":"https://coub-anubis-a.akamaized.net/coub_storage/audio_track/cw_file/25f22924342/1e7e3c34523c0f2130024/mid_1544689286_3xlyu2_edited.mp3","versions":["mid","low"]},"image_versions":{"template":"https://coub-anubis-a.akamaized.net/coub_storage/coub/simple/cw_image/6a7665530d7/cbb506a2405245581442b/1544689295_00032.jpg","versions":["micro","tiny","age_restricted","ios_large","ios_mosaic","big","med","small","pinterest"]},"first_frame_versions":{"template":"https://coub-anubis-a.akamaized.net/coub_storage/coub/simple/cw_timeline_pic/eb0cab1a62a/d316662d7b634907d8358/1544689295_image.jpg","versions":["big","med","small","ios_large"]},"dimensions":{"big":[1280,718],"med":[640,358]},"site_w_h":[640,359],"page_w_h":[640,359],"site_w_h_small":[310,174],"size":[1280,718],"age_restricted":false,"age_restricted_by_admin":false,"not_safe_for_work":false,"allow_reuse":false,"dont_crop":false,"banned":false,"global_safe":true,"audio_file_url":"https://coub-anubis-a.akamaized.net/coub_storage/audio_track/cw_file/25f22924342/1e7e3c34523c0f2130024/low_1544689286_3xlyu2_edited.mp3","external_download":{"type":"Youtube","service_name":"YouTube","url":"https://youtu.be/68THmzSxJqI","has_embed":true},"application":null,"channel":{"id":3878017,"permalink":"nigger-quberi","title":"nigger kuberi","description":null,"followers_count":208,"following_count":151,"avatar_versions":{"template":"https://coub-anubis-a.akamaized.net/coub_storage/channel/cw_avatar/86554399815/d1739414391abc4ec1a39/%{version}_1607422314_1i6wyw4_1558454081_cropped.jpeg","versions":["medium","medium_2x","profile_pic","profile_pic_new","profile_pic_new_2x","tiny","tiny_2x","small","small_2x","ios_large","ios_small"]}},"file":null,"picture":"https://coub-anubis-a.akamaized.net/coub_storage/coub/simple/cw_image/6a7665530d7/cbb506a2405245581442b/1544689295_00032.jpg","timeline_picture":"https://coub-anubis-a.akamaized.net/coub_storage/coub/simple/cw_timeline_pic/eb0cab1a62a/d316662d7b634907d8358/1544689295_image.jpg","small_picture":"https://coub-anubis-a.akamaized.net/coub_storage/coub/simple/cw_image/6a7665530d7/cbb506a2405245581442b/1544689295_00032.jpg","sharing_picture":null,"percent_done":100,"tags":[{"id":4516915,"title":"bawling ball","value":"bawling%20ball"},{"id":4516916,"title":"to head","value":"to%20head"},{"id":22383,"title":"blind","value":"blind"},{"id":174,"title":"funny","value":"funny"}],"categories":[{"id":19,"title":"Movies & TV","permalink":"movies","subscriptions_count":10078577,"big_image_url":"https://coub-anubis-a.akamaized.net/coub_storage/category/cw_image/dda6b36d2fb/9ae8ba82060e5659de192/big_1544758441_movies2.png","small_image_url":"https://coub-anubis-a.akamaized.net/coub_storage/category/cw_image/dda6b36d2fb/9ae8ba82060e5659de192/small_1544758441_movies2.png","med_image_url":"https://coub-anubis-a.akamaized.net/coub_storage/category/cw_image/dda6b36d2fb/9ae8ba82060e5659de192/med_1544758441_movies2.png","visible":true}],"communities":[{"id":19,"title":"Movies & TV","permalink":"movies","subscriptions_count":10078577,"big_image_url":"https://coub-anubis-a.akamaized.net/coub_storage/category/cw_image/dda6b36d2fb/9ae8ba82060e5659de192/big_1544758441_movies2.png","small_image_url":"https://coub-anubis-a.akamaized.net/coub_storage/category/cw_image/dda6b36d2fb/9ae8ba82060e5659de192/small_1544758441_movies2.png","med_image_url":"https://coub-anubis-a.akamaized.net/coub_storage/category/cw_image/dda6b36d2fb/9ae8ba82060e5659de192/med_1544758441_movies2.png","i_subscribed":true,"community_notifications_enabled":null,"description":null}],"recoubs_count":2356,"remixes_count":6,"likes_count":12878,"dislikes_count":0,"raw_video_id":12854409,"uploaded_by_ios_app":false,"uploaded_by_android_app":true,"media_blocks":{"uploaded_raw_videos":[],"external_raw_videos":[{"id":29518814,"title":"bowling ball to the head","url":"https://www.youtube.com/watch?v=68THmzSxJqI","image":"https://coub-anubis-a.akamaized.net/coub_storage/media_block/cw_image/a788fb9ff31/0feb3c90c871d2a677886/1544686730_5jzv1y_1544686719_pv10da_att-url-download.jpg","image_retina":"https://coub-anubis-a.akamaized.net/coub_storage/media_block/cw_image/a788fb9ff31/0feb3c90c871d2a677886/1544686730_5jzv1y_1544686719_pv10da_att-url-download.jpg","meta":{"service":"Youtube","duration":"39.92"},"duration":39.92,"raw_video_id":12854409,"has_embed":true}],"remixed_from_coubs":[],"external_video":{"id":29518814,"title":"bowling ball to the head","url":"https://www.youtube.com/watch?v=68THmzSxJqI","image":"https://coub-anubis-a.akamaized.net/coub_storage/media_block/cw_image/a788fb9ff31/0feb3c90c871d2a677886/1544686730_5jzv1y_1544686719_pv10da_att-url-download.jpg","image_retina":"https://coub-anubis-a.akamaized.net/coub_storage/media_block/cw_image/a788fb9ff31/0feb3c90c871d2a677886/1544686730_5jzv1y_1544686719_pv10da_att-url-download.jpg","meta":{"service":"Youtube","duration":"39.92"},"duration":39.92,"raw_video_id":12854409,"has_embed":true}},"raw_video_thumbnail_url":"/missing/missing.png","raw_video_title":"bowling ball to the head","video_block_banned":false,"duration":9.96,"promo_winner":false,"promo_winner_recoubers":null,"editorial_info":{},"promo_hint":null,"beeline_best_2014":null,"from_web_editor":false,"normalize_sound":true,"normalize_change_allowed":true,"best2015_addable":false,"ahmad_promo":null,"promo_data":null,"audio_copyright_claim":null,"ads_disabled":false,"is_safe_for_ads":true,"megafon_contents":[],"position_on_page":9},{"flag":null,"abuses":null,"recoubs_by_users_channels":null,"favourite":false,"promoted_id":null,"recoub":null,"like":null,"dislike":null,"reaction":null,"in_my_best2015":false,"id":88443554,"type":"Coub::Simple","permalink":"1g90o9","title":"КЛАСТИЛИН ВОЛЕЦ","visibility_type":"public","original_visibility_type":"public","channel_id":2786065,"created_at":"2018-10-17T12:58:20Z","updated_at":"2022-03-15T20:34:40Z","is_done":true,"views_count":771568,"cotd":null,"cotd_at":null,"visible_on_explore_root":false,"visible_on_explore":false,"featured":false,"published":true,"published_at":"2018-10-17T12:58:20Z","reversed":false,"from_editor_v2":true,"is_editable":true,"original_sound":true,"has_sound":true,"recoub_to":null,"file_versions":{"html5":{"video":{"higher":{"url":"https://coub-anubis-a.akamaized.net/coub_storage/coub/simple/cw_file/d9a42ca67a4/d2d824c86abb3e7296d9b/muted_mp4_huge_size_1568959648_muted_huge.mp4","size":517993},"high":{"url":"https://coub-anubis-a.akamaized.net/coub_storage/coub/simple/cw_file/d9a42ca67a4/d2d824c86abb3e7296d9b/muted_mp4_big_size_1568959648_muted_big.mp4","size":379582},"med":{"url":"https://coub-anubis-a.akamaized.net/coub_storage/coub/simple/cw_file/d9a42ca67a4/d2d824c86abb3e7296d9b/muted_mp4_med_size_1568959648_muted_med.mp4","size":126886}},"audio":{"high":{"url":"https://coub-anubis-a.akamaized.net/coub_storage/coub/simple/cw_looped_audio_high/b89fd04b10e/381df9c7c3d443e9f2895/1605602134_high_1539781166_high.mp3","size":963371},"med":{"url":"https://coub-anubis-a.akamaized.net/coub_storage/coub/simple/cw_looped_audio_med/f1d5f7ccba4/95e3bd86dd97912dc037f/1605602133_med_1539781166_med.mp3","size":799076},"sample_duration":10.009}},"mobile":{"video":"https://coub-anubis-a.akamaized.net/coub_storage/coub/simple/cw_file/d9a42ca67a4/d2d824c86abb3e7296d9b/muted_mp4_med_size_1568959648_muted_med.mp4","audio":["https://coub-anubis-a.akamaized.net/coub_storage/coub/simple/cw_looped_audio_med/f1d5f7ccba4/95e3bd86dd97912dc037f/1605602133_med_1539781166_med.mp3"]},"share":{"default":"https://coub-anubis-a.akamaized.net/coub_storage/coub/simple/cw_video_for_sharing/660bb31ee70/8bd16ac709c1578d3cc32/1608321033_looped_1608321033.mp4"}},"audio_versions":{},"image_versions":{"template":"https://coub-anubis-a.akamaized.net/coub_storage/coub/simple/cw_image/80765c6ebe6/7b6e7c0ff9bb506857e1f/1539781171_00032.jpg","versions":["micro","tiny","age_restricted","ios_large","ios_mosaic","big","med","small","pinterest"]},"first_frame_versions":{"template":"https://coub-anubis-a.akamaized.net/coub_storage/coub/simple/cw_timeline_pic/4dd11a88b93/f4fabf894fec26b77b740/%{version}_1539781171_image.jpg","versions":["big","med","small","ios_large"]},"dimensions":{"big":[1280,524],"med":[640,262]},"site_w_h":[640,262],"page_w_h":[640,262],"site_w_h_small":[310,127],"size":[1280,524],"age_restricted":false,"age_restricted_by_admin":false,"not_safe_for_work":false,"allow_reuse":false,"dont_crop":false,"banned":false,"global_safe":false,"audio_file_url":null,"external_download":{"type":"Youtube","service_name":"YouTube","url":"https://youtu.be/updBVH0oWGQ","has_embed":true},"application":null,"channel":{"id":2786065,"permalink":"shamil-gataullin","title":"Shamil Gataullin","description":null,"followers_count":111,"following_count":7,"avatar_versions":{"template":"https://coub-anubis-a.akamaized.net/coub_storage/channel/cw_avatar/820e71eb213/46ced71047e45b9b9fd45/%{version}_1608802195_y7c9t_1474604902_v2uhh0_235908570.jpg","versions":["medium","medium_2x","profile_pic","profile_pic_new","profile_pic_new_2x","tiny","tiny_2x","small","small_2x","ios_large","ios_small"]}},"file":null,"picture":"https://coub-anubis-a.akamaized.net/coub_storage/coub/simple/cw_image/80765c6ebe6/7b6e7c0ff9bb506857e1f/1539781171_00032.jpg","timeline_picture":"https://coub-anubis-a.akamaized.net/coub_storage/coub/simple/cw_timeline_pic/4dd11a88b93/f4fabf894fec26b77b740/ios_large_1539781171_image.jpg","small_picture":"https://coub-anubis-a.akamaized.net/coub_storage/coub/simple/cw_image/80765c6ebe6/7b6e7c0ff9bb506857e1f/1539781171_00032.jpg","sharing_picture":null,"percent_done":100,"tags":[{"id":4367342,"title":"кластилин волец","value":"%D0%BA%D0%BB%D0%B0%D1%81%D1%82%D0%B8%D0%BB%D0%B8%D0%BD%20%D0%B2%D0%BE%D0%BB%D0%B5%D1%86"},{"id":4584,"title":"властелин колец","value":"%D0%B2%D0%BB%D0%B0%D1%81%D1%82%D0%B5%D0%BB%D0%B8%D0%BD%20%D0%BA%D0%BE%D0%BB%D0%B5%D1%86"},{"id":21968,"title":"морган","value":"%D0%BC%D0%BE%D1%80%D0%B3%D0%B0%D0%BD"},{"id":61336,"title":"руди","value":"%D1%80%D1%83%D0%B4%D0%B8"},{"id":234587,"title":"msbigsausage","value":"msbigsausage"},{"id":8559,"title":"пародия","value":"%D0%BF%D0%B0%D1%80%D0%BE%D0%B4%D0%B8%D1%8F"},{"id":8394,"title":"lotr","value":"lotr"}],"categories":[{"id":19,"title":"Movies & TV","permalink":"movies","subscriptions_count":10078577,"big_image_url":"https://coub-anubis-a.akamaized.net/coub_storage/category/cw_image/dda6b36d2fb/9ae8ba82060e5659de192/big_1544758441_movies2.png","small_image_url":"https://coub-anubis-a.akamaized.net/coub_storage/category/cw_image/dda6b36d2fb/9ae8ba82060e5659de192/small_1544758441_movies2.png","med_image_url":"https://coub-anubis-a.akamaized.net/coub_storage/category/cw_image/dda6b36d2fb/9ae8ba82060e5659de192/med_1544758441_movies2.png","visible":true}],"communities":[{"id":19,"title":"Movies & TV","permalink":"movies","subscriptions_count":10078577,"big_image_url":"https://coub-anubis-a.akamaized.net/coub_storage/category/cw_image/dda6b36d2fb/9ae8ba82060e5659de192/big_1544758441_movies2.png","small_image_url":"https://coub-anubis-a.akamaized.net/coub_storage/category/cw_image/dda6b36d2fb/9ae8ba82060e5659de192/small_1544758441_movies2.png","med_image_url":"https://coub-anubis-a.akamaized.net/coub_storage/category/cw_image/dda6b36d2fb/9ae8ba82060e5659de192/med_1544758441_movies2.png","i_subscribed":true,"community_notifications_enabled":null,"description":null}],"recoubs_count":2905,"remixes_count":4,"likes_count":12864,"dislikes_count":0,"raw_video_id":12541072,"uploaded_by_ios_app":false,"uploaded_by_android_app":false,"media_blocks":{"uploaded_raw_videos":[],"external_raw_videos":[{"id":28658973,"title":"КЛАСТИЛИН ВОЛЕЦ","url":"https://www.youtube.com/watch?v=updBVH0oWGQ","image":"https://coub-anubis-a.akamaized.net/coub_storage/media_block/cw_image/6f028ea40f6/7c8ab61a1f4bd4bc9d04e/1539709873_wcijt0_1539709774_179ntv8_att-url-download.jpg","image_retina":"https://coub-anubis-a.akamaized.net/coub_storage/media_block/cw_image/6f028ea40f6/7c8ab61a1f4bd4bc9d04e/1539709873_wcijt0_1539709774_179ntv8_att-url-download.jpg","meta":{"service":"Youtube","duration":"782.88"},"duration":782.88,"raw_video_id":12541072,"has_embed":true}],"remixed_from_coubs":[],"external_video":{"id":28658973,"title":"КЛАСТИЛИН ВОЛЕЦ","url":"https://www.youtube.com/watch?v=updBVH0oWGQ","image":"https://coub-anubis-a.akamaized.net/coub_storage/media_block/cw_image/6f028ea40f6/7c8ab61a1f4bd4bc9d04e/1539709873_wcijt0_1539709774_179ntv8_att-url-download.jpg","image_retina":"https://coub-anubis-a.akamaized.net/coub_storage/media_block/cw_image/6f028ea40f6/7c8ab61a1f4bd4bc9d04e/1539709873_wcijt0_1539709774_179ntv8_att-url-download.jpg","meta":{"service":"Youtube","duration":"782.88"},"duration":782.88,"raw_video_id":12541072,"has_embed":true}},"raw_video_thumbnail_url":"/missing/missing.png","raw_video_title":"КЛАСТИЛИН ВОЛЕЦ","video_block_banned":false,"duration":10.0,"promo_winner":false,"promo_winner_recoubers":null,"editorial_info":{},"promo_hint":null,"beeline_best_2014":null,"from_web_editor":true,"normalize_sound":true,"normalize_change_allowed":true,"best2015_addable":false,"ahmad_promo":null,"promo_data":null,"audio_copyright_claim":null,"ads_disabled":false,"is_safe_for_ads":true,"megafon_contents":[],"position_on_page":10}]}