{"page":38,"per_page":10,"total_pages":500,"coubs":[{"flag":null,"abuses":null,"recoubs_by_users_channels":null,"favourite":false,"promoted_id":null,"recoub":null,"like":null,"dislike":null,"reaction":null,"in_my_best2015":false,"id":107270,"type":"Coub::Simple","permalink":"8rd694g","title":"внезапная ярость","visibility_type":"public","original_visibility_type":"public","channel_id":25185,"created_at":"2013-05-12T12:54:38Z","updated_at":"2022-03-08T23:43:31Z","is_done":true,"views_count":1172857,"cotd":null,"cotd_at":null,"visible_on_explore_root":false,"visible_on_explore":false,"featured":false,"published":true,"published_at":"2013-05-12T12:54:38Z","reversed":false,"from_editor_v2":true,"is_editable":true,"original_sound":true,"has_sound":true,"recoub_to":null,"file_versions":{"html5":{"video":{"higher":{"url":"https://coub-anubis-a.akamaized.net/coub_storage/coub/simple/cw_file/a54154e7651/d20b01c412400b7e4241c/muted_mp4_huge_size_1567673025_muted_huge.mp4","size":1952535},"high":{"url":"https://coub-anubis-a.akamaized.net/coub_storage/coub/simple/cw_file/a54154e7651/d20b01c412400b7e4241c/muted_mp4_big_size_1567673025_muted_big.mp4","size":1316595},"med":{"url":"https://coub-anubis-a.akamaized.net/coub_storage/coub/simple/cw_file/a54154e7651/d20b01c412400b7e4241c/muted_mp4_med_size_1567673025_muted_med.mp4","size":431925}},"audio":{"high":{"url":"https://coub-anubis-a.akamaized.net/coub_storage/coub/simple/cw_looped_audio_high/4be68cf15d8/0ac73c08acc8f489d6076/1605390720_high_1445949698_high.mp3","size":1201840},"med":{"url":"https://coub-anubis-a.akamaized.net/coub_storage/coub/simple/cw_looped_audio_med/3e461617bde/03880f197367d6db889cd/1605390719_med_1445949698_med.mp3","size":801226},"sample_duration":10.031}},"mobile":{"video":"https://coub-anubis-a.akamaized.net/coub_storage/coub/simple/cw_file/a54154e7651/d20b01c412400b7e4241c/muted_mp4_med_size_1567673025_muted_med.mp4","audio":["https://coub-anubis-a.akamaized.net/coub_storage/coub/simple/cw_looped_audio_med/3e461617bde/03880f197367d6db889cd/1605390719_med_1445949698_med.mp3"]},"share":{"default":"https://coub-anubis-a.akamaized.net/coub_storage/coub/simple/cw_video_for_sharing/61b553d9e43/c3f3a86bab877e4f6e569/1608533355_looped_1608533354.mp4"}},"audio_versions":{},"image_versions":{"template":"https://coub-anubis-a.akamaized.net/coub_storage/coub/simple/cw_image/b81a7a20241/98660541f64b3bedf5da9/1409223761_1381627873_00032.jpg","versions":["micro","tiny","age_restricted","ios_large","ios_mosaic","big","med","small","pinterest"]},"first_frame_versions":{"template":"https://coub-anubis-a.akamaized.net/coub_storage/coub/simple/cw_timeline_pic/b81a7a20241/98660541f64b3bedf5da9/%{version}_1409271592_1382471160_image.jpg","versions":["big","med","small","ios_large"]},"dimensions":{"big":[1280,720],"med":[640,360]},"site_w_h":[640,360],"page_w_h":[640,360],"site_w_h_small":[310,174],"size":[1280,720],"age_restricted":false,"age_restricted_by_admin":false,"not_safe_for_work":null,"allow_reuse":false,"dont_crop":false,"banned":false,"global_safe":false,"audio_file_url":null,"external_download":false,"application":null,"channel":{"id":25185,"permalink":"coubcreator","title":"Igor","description":null,"followers_count":593,"following_count":2,"avatar_versions":{"template":"https://coub-anubis-a.akamaized.net/coub_storage/channel/cw_avatar/f8caee9f677/2547069f0c95fece0e0dc/%{version}_1544819091_filename.jpeg","versions":["medium","medium_2x","profile_pic","profile_pic_new","profile_pic_new_2x","tiny","tiny_2x","small","small_2x","ios_large","ios_small"]}},"file":null,"picture":"https://coub-anubis-a.akamaized.net/coub_storage/coub/simple/cw_image/b81a7a20241/98660541f64b3bedf5da9/1409223761_1381627873_00032.jpg","timeline_picture":"https://coub-anubis-a.akamaized.net/coub_storage/coub/simple/cw_timeline_pic/b81a7a20241/98660541f64b3bedf5da9/ios_large_1409271592_1382471160_image.jpg","small_picture":"https://coub-anubis-a.akamaized.net/coub_storage/coub/simple/cw_image/b81a7a20241/98660541f64b3bedf5da9/1409223761_1381627873_00032.jpg","sharing_picture":null,"percent_done":100,"tags":[],"categories":[{"id":19,"title":"Movies & TV","permalink":"movies","subscriptions_count":10078577,"big_image_url":"https://coub-anubis-a.akamaized.net/coub_storage/category/cw_image/dda6b36d2fb/9ae8ba82060e5659de192/big_1544758441_movies2.png","small_image_url":"https://coub-anubis-a.akamaized.net/coub_storage/category/cw_image/dda6b36d2fb/9ae8ba82060e5659de192/small_1544758441_movies2.png","med_image_url":"https://coub-anubis-a.akamaized.net/coub_storage/category/cw_image/dda6b36d2fb/9ae8ba82060e5659de192/med_1544758441_movies2.png","visible":true}],"communities":[{"id":19,"title":"Movies & TV","permalink":"movies","subscriptions_count":10078577,"big_image_url":"https://coub-anubis-a.akamaized.net/coub_storage/category/cw_image/dda6b36d2fb/9ae8ba82060e5659de192/big_1544758441_movies2.png","small_image_url":"https://coub-anubis-a.akamaized.net/coub_storage/category/cw_image/dda6b36d2fb/9ae8ba82060e5659de192/small_1544758441_movies2.png","med_image_url":"https://coub-anubis-a.akamaized.net/coub_storage/category/cw_image/dda6b36d2fb/9ae8ba82060e5659de192/med_1544758441_movies2.png","i_subscribed":true,"community_notifications_enabled":null,"description":null}],"recoubs_count":2228,"remixes_count":2,"likes_count":7762,"dislikes_count":0,"raw_video_id":1386020,"uploaded_by_ios_app":false,"uploaded_by_android_app":false,"media_blocks":{"uploaded_raw_videos":[],"external_raw_videos":[],"remixed_from_coubs":[]},"raw_video_thumbnail_url":"/missing/missing.png","raw_video_title":"внезапная ярость","video_block_banned":false,"duration":10.0,"promo_winner":false,"promo_winner_recoubers":null,"editorial_info":{},"promo_hint":null,"beeline_best_2014":null,"from_web_editor":true,"normalize_sound":true,"normalize_change_allowed":true,"best2015_addable":false,"ahmad_promo":null,"promo_data":null,"audio_copyright_claim":null,"ads_disabled":null,"is_safe_for_ads":true,"megafon_contents":[],"position_on_page":1},{"flag":null,"abuses":null,"recoubs_by_users_channels":null,"favourite":false,"promoted_id":null,"recoub":null,"like":null,"dislike":null,"reaction":null,"in_my_best2015":false,"id":13271436,"type":"Coub::Simple","permalink":"7gazc","title":"Queen Harry","visibility_type":"public","original_visibility_type":"public","channel_id":1646650,"created_at":"2015-07-28T05:10:53Z","updated_at":"2022-03-16T05:58:07Z","is_done":true,"views_count":615795,"cotd":true,"cotd_at":"2015-07-29","visible_on_explore_root":true,"visible_on_explore":true,"featured":true,"published":true,"published_at":"2015-07-28T05:10:53Z","reversed":false,"from_editor_v2":true,"is_editable":true,"original_sound":false,"has_sound":false,"recoub_to":null,"file_versions":{"html5":{"video":{"higher":{"url":"https://coub-anubis-a.akamaized.net/coub_storage/coub/simple/cw_file/e1f5bb73d56/939938ba1d9d19a06f3b5/muted_mp4_huge_size_1567786490_muted_huge.mp4","size":1443834},"high":{"url":"https://coub-anubis-a.akamaized.net/coub_storage/coub/simple/cw_file/e1f5bb73d56/939938ba1d9d19a06f3b5/muted_mp4_big_size_1567786490_muted_big.mp4","size":994467},"med":{"url":"https://coub-anubis-a.akamaized.net/coub_storage/coub/simple/cw_file/e1f5bb73d56/939938ba1d9d19a06f3b5/muted_mp4_med_size_1567786490_muted_med.mp4","size":398727}},"audio":{"high":{"url":"https://coub-anubis-a.akamaized.net/coub_storage/coub/simple/cw_looped_audio_high/90c6eab6d2d/d5c37191dbca39a25f812/1605456787_high_1499671380_high.mp3","size":2781449},"med":{"url":"https://coub-anubis-a.akamaized.net/coub_storage/coub/simple/cw_looped_audio_med/b9aceb784b6/2bf4f9e214dd19744c97f/1605456786_med_1499671380_med.mp3","size":1923412}}},"mobile":{"video":"https://coub-anubis-a.akamaized.net/coub_storage/coub/simple/cw_file/e1f5bb73d56/939938ba1d9d19a06f3b5/muted_mp4_med_size_1567786490_muted_med.mp4","audio":["https://coub-anubis-a.akamaized.net/coub_storage/coub/simple/cw_looped_audio_med/b9aceb784b6/2bf4f9e214dd19744c97f/1605456786_med_1499671380_med.mp3"]},"share":{"default":"https://coub-anubis-a.akamaized.net/coub_storage/coub/simple/cw_video_for_sharing/69278bccb8e/50c12ba54ed6aff4b9aa3/1612365517_looped_1612365516.mp4"}},"audio_versions":{"template":"https://coub-anubis-a.akamaized.net/coub_storage/audio_track/cw_file/6228a3eefde/4c62e0313bee3f0680332/mid_1438057567_audio.mp3","versions":["mid","low"]},"image_versions":{"template":"https://coub-anubis-a.akamaized.net/coub_storage/coub/simple/cw_image/7e7c4c1b982/c0cdfe533cff37773f9bb/1499671390_00014.jpg","versions":["micro","tiny","age_restricted","ios_large","ios_mosaic","big","med","small","pinterest"]},"first_frame_versions":{"template":"https://coub-anubis-a.akamaized.net/coub_storage/coub/simple/cw_timeline_pic/d512247f80e/a1482d69404751e33015e/%{version}_1499671390_image.jpg","versions":["big","med","small","ios_large"]},"dimensions":{"big":[1280,548],"med":[640,274]},"site_w_h":[640,274],"page_w_h":[640,274],"site_w_h_small":[310,133],"size":[1280,548],"age_restricted":false,"age_restricted_by_admin":false,"not_safe_for_work":false,"allow_reuse":false,"dont_crop":false,"banned":false,"global_safe":true,"audio_file_url":"https://coub-anubis-a.akamaized.net/coub_storage/audio_track/cw_file/6228a3eefde/4c62e0313bee3f0680332/low_1438057567_audio.mp3","external_download":false,"application":null,"channel":{"id":1646650,"permalink":"justfame","title":"Fame","description":"you can join my twich chanel www.twitch.tv/justfamett","followers_count":819,"following_count":4,"avatar_versions":{"template":"https://coub-anubis-a.akamaized.net/coub_storage/channel/cw_avatar/921e3888370/edaa9eab81cd5d4c4ed65/%{version}_1608146697_pfugbg_1474624619_NVhpc_zql0o.jpg","versions":["medium","medium_2x","profile_pic","profile_pic_new","profile_pic_new_2x","tiny","tiny_2x","small","small_2x","ios_large","ios_small"]}},"file":null,"picture":"https://coub-anubis-a.akamaized.net/coub_storage/coub/simple/cw_image/7e7c4c1b982/c0cdfe533cff37773f9bb/1499671390_00014.jpg","timeline_picture":"https://coub-anubis-a.akamaized.net/coub_storage/coub/simple/cw_timeline_pic/d512247f80e/a1482d69404751e33015e/ios_large_1499671390_image.jpg","small_picture":"https://coub-anubis-a.akamaized.net/coub_storage/coub/simple/cw_image/7e7c4c1b982/c0cdfe533cff37773f9bb/1499671390_00014.jpg","sharing_picture":null,"percent_done":100,"tags":[{"id":229,"title":"cinema","value":"cinema"}],"categories":[{"id":19,"title":"Movies & TV","permalink":"movies","subscriptions_count":10078577,"big_image_url":"https://coub-anubis-a.akamaized.net/coub_storage/category/cw_image/dda6b36d2fb/9ae8ba82060e5659de192/big_1544758441_movies2.png","small_image_url":"https://coub-anubis-a.akamaized.net/coub_storage/category/cw_image/dda6b36d2fb/9ae8ba82060e5659de192/small_1544758441_movies2.png","med_image_url":"https://coub-anubis-a.akamaized.net/coub_storage/category/cw_image/dda6b36d2fb/9ae8ba82060e5659de192/med_1544758441_movies2.png","visible":true}],"communities":[{"id":19,"title":"Movies & TV","permalink":"movies","subscriptions_count":10078577,"big_image_url":"https://coub-anubis-a.akamaized.net/coub_storage/category/cw_image/dda6b36d2fb/9ae8ba82060e5659de192/big_1544758441_movies2.png","small_image_url":"https://coub-anubis-a.akamaized.net/coub_storage/category/cw_image/dda6b36d2fb/9ae8ba82060e5659de192/small_1544758441_movies2.png","med_image_url":"https://coub-anubis-a.akamaized.net/coub_storage/category/cw_image/dda6b36d2fb/9ae8ba82060e5659de192/med_1544758441_movies2.png","i_subscribed":true,"community_notifications_enabled":null,"description":null}],"recoubs_count":1908,"remixes_count":1,"likes_count":7733,"dislikes_count":0,"raw_video_id":1556303,"uploaded_by_ios_app":false,"uploaded_by_android_app":false,"media_blocks":{"uploaded_raw_videos":[],"external_raw_videos":[],"remixed_from_coubs":[{"id":19429348,"title":"we will potter","url":"http://coub.com/coubs/7ihyz/remix","image":"https://coub-anubis-a.akamaized.net/coub_storage/media_block/cw_image/005c6e57339/9b8c66ba7f04723085f2c/1492081469_1438419624_00031.jpg","image_retina":"https://coub-anubis-a.akamaized.net/coub_storage/media_block/cw_image/005c6e57339/9b8c66ba7f04723085f2c/1492081469_1438419624_00031.jpg","meta":{"duration":"9.6"},"duration":null,"coub_channel_title":"Ziga Man","coub_channel_permalink":"ziga.man","coub_views_count":293,"coub_permalink":"7ihyz"}]},"raw_video_thumbnail_url":"/missing/missing.png","raw_video_title":"______x1.5.avi","video_block_banned":false,"duration":4.44,"promo_winner":false,"promo_winner_recoubers":null,"editorial_info":{},"promo_hint":null,"beeline_best_2014":null,"from_web_editor":true,"normalize_sound":false,"normalize_change_allowed":true,"best2015_addable":false,"ahmad_promo":null,"promo_data":null,"audio_copyright_claim":null,"ads_disabled":null,"is_safe_for_ads":true,"megafon_contents":[],"position_on_page":2},{"flag":null,"abuses":null,"recoubs_by_users_channels":null,"favourite":false,"promoted_id":null,"recoub":null,"like":null,"dislike":null,"reaction":null,"in_my_best2015":false,"id":605907,"type":"Coub::Simple","permalink":"2chknk5i","title":"Can't stop!","visibility_type":"public","original_visibility_type":"public","channel_id":1155198,"created_at":"2013-11-01T10:00:50Z","updated_at":"2022-03-09T11:31:05Z","is_done":true,"views_count":654764,"cotd":true,"cotd_at":"2013-11-02","visible_on_explore_root":true,"visible_on_explore":true,"featured":true,"published":true,"published_at":"2013-11-01T10:00:50Z","reversed":false,"from_editor_v2":true,"is_editable":true,"original_sound":false,"has_sound":false,"recoub_to":null,"file_versions":{"html5":{"video":{"higher":{"url":"https://coub-anubis-a.akamaized.net/coub_storage/coub/simple/cw_file/718d3849093/22d82935b25f12652efff/muted_mp4_huge_size_1567681324_muted_huge.mp4","size":1565841},"high":{"url":"https://coub-anubis-a.akamaized.net/coub_storage/coub/simple/cw_file/718d3849093/22d82935b25f12652efff/muted_mp4_big_size_1567681324_muted_big.mp4","size":1073908},"med":{"url":"https://coub-anubis-a.akamaized.net/coub_storage/coub/simple/cw_file/718d3849093/22d82935b25f12652efff/muted_mp4_med_size_1567681324_muted_med.mp4","size":374106}},"audio":{"high":{"url":"https://coub-anubis-a.akamaized.net/coub_storage/coub/simple/cw_looped_audio_high/6cf51843519/8674e4f8e3583a9674be1/1605395411_high_1445497273_high.mp3","size":5962813},"med":{"url":"https://coub-anubis-a.akamaized.net/coub_storage/coub/simple/cw_looped_audio_med/4f595803a5e/54cc6af4266c15a5f6d63/1605395410_med_1445497273_med.mp3","size":3975208}}},"mobile":{"video":"https://coub-anubis-a.akamaized.net/coub_storage/coub/simple/cw_file/718d3849093/22d82935b25f12652efff/muted_mp4_med_size_1567681324_muted_med.mp4","audio":["https://coub-anubis-a.akamaized.net/coub_storage/coub/simple/cw_looped_audio_med/4f595803a5e/54cc6af4266c15a5f6d63/1605395410_med_1445497273_med.mp3"]},"share":{"default":"https://coub-anubis-a.akamaized.net/coub_storage/coub/simple/cw_video_for_sharing/221dfdf410b/26895ed0671990f170971/1640003319_looped_1640003317.mp4"}},"audio_versions":{"template":"https://coub-anubis-a.akamaized.net/coub_storage/audio_track/cw_normalized_copy/02cf12f8d29/4d1a81466a1844b8eca3b/mid_1634314677_1426826205_1383299897_audio.mp3","versions":["mid","low"]},"image_versions":{"template":"https://coub-anubis-a.akamaized.net/coub_storage/coub/simple/cw_image/1b4df47df0b/c8a24afff453d250f1fcd/1438775009_00015.jpg","versions":["micro","tiny","age_restricted","ios_large","ios_mosaic","big","med","small","pinterest"]},"first_frame_versions":{"template":"https://coub-anubis-a.akamaized.net/coub_storage/coub/simple/cw_timeline_pic/08a3b64f59e/5af0ecb26e35b3d51c5d6/%{version}_1438775008_image.jpg","versions":["big","med","small","ios_large"]},"dimensions":{"big":[1280,720],"med":[640,360]},"site_w_h":[640,360],"page_w_h":[640,360],"site_w_h_small":[310,174],"size":[1280,720],"age_restricted":false,"age_restricted_by_admin":false,"not_safe_for_work":null,"allow_reuse":false,"dont_crop":false,"banned":false,"global_safe":true,"audio_file_url":"https://coub-anubis-a.akamaized.net/coub_storage/audio_track/cw_normalized_copy/02cf12f8d29/4d1a81466a1844b8eca3b/low_1634314677_1426826205_1383299897_audio.mp3","external_download":false,"application":null,"channel":{"id":1155198,"permalink":"anna.liberman.5","title":"Anna Liberman","description":null,"followers_count":9567,"following_count":1577,"avatar_versions":{"template":"https://coub-anubis-a.akamaized.net/coub_storage/channel/cw_avatar/7f4affce6f6/41a9175d1e2f18318f8e0/%{version}_1607432514_1povjme_1474615210_vlzkm9_avatar-upload.jpg","versions":["medium","medium_2x","profile_pic","profile_pic_new","profile_pic_new_2x","tiny","tiny_2x","small","small_2x","ios_large","ios_small"]}},"file":null,"picture":"https://coub-anubis-a.akamaized.net/coub_storage/coub/simple/cw_image/1b4df47df0b/c8a24afff453d250f1fcd/1438775009_00015.jpg","timeline_picture":"https://coub-anubis-a.akamaized.net/coub_storage/coub/simple/cw_timeline_pic/08a3b64f59e/5af0ecb26e35b3d51c5d6/ios_large_1438775008_image.jpg","small_picture":"https://coub-anubis-a.akamaized.net/coub_storage/coub/simple/cw_image/1b4df47df0b/c8a24afff453d250f1fcd/1438775009_00015.jpg","sharing_picture":null,"percent_done":100,"tags":[{"id":63369,"title":"i can't stop","value":"i%20can't%20stop"},{"id":7677,"title":"bruce almighty","value":"bruce%20almighty"},{"id":1346,"title":"flux pavilion","value":"flux%20pavilion"}],"categories":[{"id":19,"title":"Movies & TV","permalink":"movies","subscriptions_count":10078577,"big_image_url":"https://coub-anubis-a.akamaized.net/coub_storage/category/cw_image/dda6b36d2fb/9ae8ba82060e5659de192/big_1544758441_movies2.png","small_image_url":"https://coub-anubis-a.akamaized.net/coub_storage/category/cw_image/dda6b36d2fb/9ae8ba82060e5659de192/small_1544758441_movies2.png","med_image_url":"https://coub-anubis-a.akamaized.net/coub_storage/category/cw_image/dda6b36d2fb/9ae8ba82060e5659de192/med_1544758441_movies2.png","visible":true}],"communities":[{"id":19,"title":"Movies & TV","permalink":"movies","subscriptions_count":10078577,"big_image_url":"https://coub-anubis-a.akamaized.net/coub_storage/category/cw_image/dda6b36d2fb/9ae8ba82060e5659de192/big_1544758441_movies2.png","small_image_url":"https://coub-anubis-a.akamaized.net/coub_storage/category/cw_image/dda6b36d2fb/9ae8ba82060e5659de192/small_1544758441_movies2.png","med_image_url":"https://coub-anubis-a.akamaized.net/coub_storage/category/cw_image/dda6b36d2fb/9ae8ba82060e5659de192/med_1544758441_movies2.png","i_subscribed":true,"community_notifications_enabled":null,"description":null}],"recoubs_count":1949,"remixes_count":1,"likes_count":7721,"dislikes_count":0,"raw_video_id":1386808,"uploaded_by_ios_app":false,"uploaded_by_android_app":false,"media_blocks":{"uploaded_raw_videos":[],"external_raw_videos":[],"remixed_from_coubs":[],"audio_track":{"id":19107021,"title":"I Can't Stop","url":"https://geo.itunes.apple.com/us/album/i-cant-stop/id597888266?i=597888412&uo=4&at=10l5bB&app=music","image":"https://coub-anubis-a.akamaized.net/coub_storage/media_block/cw_image/46d948cd96e/18cd06274c2718b1290b1/1492046766_1407423948_1383299899_att-url-download20131101-28585-18gu803.jpg","image_retina":"https://coub-anubis-a.akamaized.net/coub_storage/media_block/cw_image/46d948cd96e/18cd06274c2718b1290b1/1492046766_1407423948_1383299899_att-url-download20131101-28585-18gu803.jpg","meta":{"year":null,"album":null,"title":"I Can't Stop","artist":"Flux Pavilion","echonest_id":null},"duration":null,"amazon_url":null,"google_play_url":null,"bandcamp_url":null,"soundcloud_url":null,"track_name":null,"track_artist":null,"track_album":null,"itunes_url":"https://geo.itunes.apple.com/us/album/i-cant-stop/id597888266?i=597888412&uo=4&at=10l5bB&app=music"}},"raw_video_thumbnail_url":"/missing/missing.png","raw_video_title":"Can't stop!","video_block_banned":false,"duration":4.6,"promo_winner":false,"promo_winner_recoubers":null,"editorial_info":{},"promo_hint":null,"beeline_best_2014":null,"from_web_editor":true,"normalize_sound":true,"normalize_change_allowed":true,"best2015_addable":false,"ahmad_promo":null,"promo_data":null,"audio_copyright_claim":null,"ads_disabled":null,"is_safe_for_ads":true,"megafon_contents":[],"position_on_page":3},{"flag":null,"abuses":null,"recoubs_by_users_channels":null,"favourite":false,"promoted_id":null,"recoub":null,"like":null,"dislike":null,"reaction":null,"in_my_best2015":false,"id":105686966,"type":"Coub::Simple","permalink":"1qilvg","title":"Виноваты оба","visibility_type":"public","original_visibility_type":"public","channel_id":3246264,"created_at":"2019-03-17T11:02:49Z","updated_at":"2022-03-13T15:30:47Z","is_done":true,"views_count":459100,"cotd":null,"cotd_at":null,"visible_on_explore_root":false,"visible_on_explore":false,"featured":false,"published":true,"published_at":"2019-03-17T11:02:49Z","reversed":false,"from_editor_v2":true,"is_editable":true,"original_sound":true,"has_sound":true,"recoub_to":null,"file_versions":{"html5":{"video":{"higher":{"url":"https://coub-anubis-a.akamaized.net/coub_storage/coub/simple/cw_file/0ec769bab03/8418a858428dfc6a6e8ec/muted_mp4_huge_size_1569250026_muted_huge.mp4","size":1400100},"high":{"url":"https://coub-anubis-a.akamaized.net/coub_storage/coub/simple/cw_file/0ec769bab03/8418a858428dfc6a6e8ec/muted_mp4_big_size_1569250026_muted_big.mp4","size":934974},"med":{"url":"https://coub-anubis-a.akamaized.net/coub_storage/coub/simple/cw_file/0ec769bab03/8418a858428dfc6a6e8ec/muted_mp4_med_size_1569250026_muted_med.mp4","size":267938}},"audio":{"high":{"url":"https://coub-anubis-a.akamaized.net/coub_storage/coub/simple/cw_looped_audio_high/0e542b82dfe/f41dfa1da9d03b88dd138/1605678293_high_1552820583_high.mp3","size":748191},"med":{"url":"https://coub-anubis-a.akamaized.net/coub_storage/coub/simple/cw_looped_audio_med/e3fe86e2083/75fbeb84450bb84c173c3/1605678292_med_1552820583_med.mp3","size":748180},"sample_duration":9.543}},"mobile":{"video":"https://coub-anubis-a.akamaized.net/coub_storage/coub/simple/cw_file/0ec769bab03/8418a858428dfc6a6e8ec/muted_mp4_med_size_1569250026_muted_med.mp4","audio":["https://coub-anubis-a.akamaized.net/coub_storage/coub/simple/cw_looped_audio_med/e3fe86e2083/75fbeb84450bb84c173c3/1605678292_med_1552820583_med.mp3"]},"share":{"default":"https://coub-anubis-a.akamaized.net/coub_storage/coub/simple/cw_video_for_sharing/c6ea22050fc/b09b96a93c1c18e490c1c/1608464930_looped_1608464930.mp4"}},"audio_versions":{},"image_versions":{"template":"https://coub-anubis-a.akamaized.net/coub_storage/coub/simple/cw_image/2c07f0cdc18/4c3d6b4d33fbf8d74353a/1552820590_00030.jpg","versions":["micro","tiny","age_restricted","ios_large","ios_mosaic","big","med","small","pinterest"]},"first_frame_versions":{"template":"https://coub-anubis-a.akamaized.net/coub_storage/coub/simple/cw_timeline_pic/bac0d765e9a/cffbc3fb44cddc9484552/%{version}_1552820589_image.jpg","versions":["big","med","small","ios_large"]},"dimensions":{"big":[1280,800],"med":[640,400]},"site_w_h":[640,400],"page_w_h":[640,400],"site_w_h_small":[310,194],"size":[1280,800],"age_restricted":false,"age_restricted_by_admin":false,"not_safe_for_work":false,"allow_reuse":false,"dont_crop":false,"banned":false,"global_safe":false,"audio_file_url":null,"external_download":false,"application":null,"channel":{"id":3246264,"permalink":"orleansky","title":"Orleansky","description":null,"followers_count":116,"following_count":8,"avatar_versions":{"template":"https://coub-anubis-a.akamaized.net/coub_storage/channel/cw_avatar/29a8c460f14/7593e1234e378d50775f1/%{version}_1607421575_1x9xxj6_1583424132_DleyTfMW4AAM8xA.jpg","versions":["medium","medium_2x","profile_pic","profile_pic_new","profile_pic_new_2x","tiny","tiny_2x","small","small_2x","ios_large","ios_small"]}},"file":null,"picture":"https://coub-anubis-a.akamaized.net/coub_storage/coub/simple/cw_image/2c07f0cdc18/4c3d6b4d33fbf8d74353a/1552820590_00030.jpg","timeline_picture":"https://coub-anubis-a.akamaized.net/coub_storage/coub/simple/cw_timeline_pic/bac0d765e9a/cffbc3fb44cddc9484552/ios_large_1552820589_image.jpg","small_picture":"https://coub-anubis-a.akamaized.net/coub_storage/coub/simple/cw_image/2c07f0cdc18/4c3d6b4d33fbf8d74353a/1552820590_00030.jpg","sharing_picture":null,"percent_done":100,"tags":[{"id":7548,"title":"жена","value":"%D0%B6%D0%B5%D0%BD%D0%B0"},{"id":110364,"title":"теща","value":"%D1%82%D0%B5%D1%89%D0%B0"}],"categories":[{"id":19,"title":"Movies & TV","permalink":"movies","subscriptions_count":10078577,"big_image_url":"https://coub-anubis-a.akamaized.net/coub_storage/category/cw_image/dda6b36d2fb/9ae8ba82060e5659de192/big_1544758441_movies2.png","small_image_url":"https://coub-anubis-a.akamaized.net/coub_storage/category/cw_image/dda6b36d2fb/9ae8ba82060e5659de192/small_1544758441_movies2.png","med_image_url":"https://coub-anubis-a.akamaized.net/coub_storage/category/cw_image/dda6b36d2fb/9ae8ba82060e5659de192/med_1544758441_movies2.png","visible":true}],"communities":[{"id":19,"title":"Movies & TV","permalink":"movies","subscriptions_count":10078577,"big_image_url":"https://coub-anubis-a.akamaized.net/coub_storage/category/cw_image/dda6b36d2fb/9ae8ba82060e5659de192/big_1544758441_movies2.png","small_image_url":"https://coub-anubis-a.akamaized.net/coub_storage/category/cw_image/dda6b36d2fb/9ae8ba82060e5659de192/small_1544758441_movies2.png","med_image_url":"https://coub-anubis-a.akamaized.net/coub_storage/category/cw_image/dda6b36d2fb/9ae8ba82060e5659de192/med_1544758441_movies2.png","i_subscribed":true,"community_notifications_enabled":null,"description":null}],"recoubs_count":1606,"remixes_count":0,"likes_count":7716,"dislikes_count":0,"raw_video_id":13389671,"uploaded_by_ios_app":false,"uploaded_by_android_app":false,"media_blocks":{"uploaded_raw_videos":[],"external_raw_videos":[],"remixed_from_coubs":[]},"raw_video_thumbnail_url":"/missing/missing.png","raw_video_title":"11.mp4","video_block_banned":false,"duration":9.48,"promo_winner":false,"promo_winner_recoubers":null,"editorial_info":{},"promo_hint":null,"beeline_best_2014":null,"from_web_editor":true,"normalize_sound":true,"normalize_change_allowed":true,"best2015_addable":false,"ahmad_promo":null,"promo_data":null,"audio_copyright_claim":null,"ads_disabled":false,"is_safe_for_ads":true,"megafon_contents":[],"position_on_page":4},{"flag":null,"abuses":null,"recoubs_by_users_channels":null,"favourite":false,"promoted_id":null,"recoub":null,"like":null,"dislike":null,"reaction":null,"in_my_best2015":false,"id":77649946,"type":"Coub::Simple","permalink":"19to79","title":"Правильная жизненная позиция № 2","visibility_type":"public","original_visibility_type":"public","channel_id":4245554,"created_at":"2018-06-19T21:00:35Z","updated_at":"2022-03-15T23:13:21Z","is_done":true,"views_count":659745,"cotd":null,"cotd_at":null,"visible_on_explore_root":false,"visible_on_explore":false,"featured":false,"published":true,"published_at":"2018-06-19T21:00:35Z","reversed":false,"from_editor_v2":true,"is_editable":true,"original_sound":true,"has_sound":true,"recoub_to":null,"file_versions":{"html5":{"video":{"higher":{"url":"https://coub-anubis-a.akamaized.net/coub_storage/coub/simple/cw_file/af2d9b65c88/bc5c52aad07b9cde13f02/muted_mp4_huge_size_1568248896_muted_huge.mp4","size":1530941},"high":{"url":"https://coub-anubis-a.akamaized.net/coub_storage/coub/simple/cw_file/af2d9b65c88/bc5c52aad07b9cde13f02/muted_mp4_big_size_1568248896_muted_big.mp4","size":1040140},"med":{"url":"https://coub-anubis-a.akamaized.net/coub_storage/coub/simple/cw_file/af2d9b65c88/bc5c52aad07b9cde13f02/muted_mp4_med_size_1568248896_muted_med.mp4","size":322546}},"audio":{"high":{"url":"https://coub-anubis-a.akamaized.net/coub_storage/coub/simple/cw_looped_audio_high/afdf22ae962/c15008c837327726249e0/1605622713_high_1529442046_high.mp3","size":1121861},"med":{"url":"https://coub-anubis-a.akamaized.net/coub_storage/coub/simple/cw_looped_audio_med/9ccfb6be583/8a5974b38912ab3072eb4/1605622711_med_1529442046_med.mp3","size":931265},"sample_duration":5.828}},"mobile":{"video":"https://coub-anubis-a.akamaized.net/coub_storage/coub/simple/cw_file/af2d9b65c88/bc5c52aad07b9cde13f02/muted_mp4_med_size_1568248896_muted_med.mp4","audio":["https://coub-anubis-a.akamaized.net/coub_storage/coub/simple/cw_looped_audio_med/9ccfb6be583/8a5974b38912ab3072eb4/1605622711_med_1529442046_med.mp3"]},"share":{"default":"https://coub-anubis-a.akamaized.net/coub_storage/coub/simple/cw_video_for_sharing/bc8240c86b0/4215644b7f4f8b4a35d17/1608233293_looped_1608233292.mp4"}},"audio_versions":{},"image_versions":{"template":"https://coub-anubis-a.akamaized.net/coub_storage/coub/simple/cw_image/7664aae73d9/b27960bb5c68c78288bfc/1529442053_00019.jpg","versions":["micro","tiny","age_restricted","ios_large","ios_mosaic","big","med","small","pinterest"]},"first_frame_versions":{"template":"https://coub-anubis-a.akamaized.net/coub_storage/coub/simple/cw_timeline_pic/98339ab787c/c47d8ac512954f5669b96/%{version}_1529442052_image.jpg","versions":["big","med","small","ios_large"]},"dimensions":{"big":[1280,722],"med":[640,360]},"site_w_h":[640,361],"page_w_h":[640,361],"site_w_h_small":[310,175],"size":[1280,722],"age_restricted":false,"age_restricted_by_admin":false,"not_safe_for_work":false,"allow_reuse":false,"dont_crop":false,"banned":false,"global_safe":false,"audio_file_url":null,"external_download":{"type":"Vk","service_name":"Vk","url":"http://vk.com/videos146240498?z=video146240498_166809910%2Fpl_146240498_-2","has_embed":false},"application":null,"channel":{"id":4245554,"permalink":"foxman24","title":"Foxman","description":null,"followers_count":184,"following_count":3,"avatar_versions":{"template":"https://coub-anubis-a.akamaized.net/coub_storage/channel/cw_avatar/a9743bf21de/7dab2c56b23196d697358/%{version}_1607738180_kkr2wb_1570814488_Imouto-sae-Ireba-Ii.-11_03.37_2018.01.03_16.56.35.jpg","versions":["medium","medium_2x","profile_pic","profile_pic_new","profile_pic_new_2x","tiny","tiny_2x","small","small_2x","ios_large","ios_small"]}},"file":null,"picture":"https://coub-anubis-a.akamaized.net/coub_storage/coub/simple/cw_image/7664aae73d9/b27960bb5c68c78288bfc/1529442053_00019.jpg","timeline_picture":"https://coub-anubis-a.akamaized.net/coub_storage/coub/simple/cw_timeline_pic/98339ab787c/c47d8ac512954f5669b96/ios_large_1529442052_image.jpg","small_picture":"https://coub-anubis-a.akamaized.net/coub_storage/coub/simple/cw_image/7664aae73d9/b27960bb5c68c78288bfc/1529442053_00019.jpg","sharing_picture":null,"percent_done":100,"tags":[{"id":27465,"title":"сериалы","value":"%D1%81%D0%B5%D1%80%D0%B8%D0%B0%D0%BB%D1%8B"},{"id":281984,"title":"тбв","value":"%D1%82%D0%B1%D0%B2"},{"id":63279,"title":"теория большого взрыва","value":"%D1%82%D0%B5%D0%BE%D1%80%D0%B8%D1%8F%20%D0%B1%D0%BE%D0%BB%D1%8C%D1%88%D0%BE%D0%B3%D0%BE%20%D0%B2%D0%B7%D1%80%D1%8B%D0%B2%D0%B0"},{"id":144575,"title":"кураж бомбей","value":"%D0%BA%D1%83%D1%80%D0%B0%D0%B6%20%D0%B1%D0%BE%D0%BC%D0%B1%D0%B5%D0%B9"},{"id":882,"title":"прикол","value":"%D0%BF%D1%80%D0%B8%D0%BA%D0%BE%D0%BB"},{"id":1264,"title":"смех","value":"%D1%81%D0%BC%D0%B5%D1%85"},{"id":249427,"title":"жиза","value":"%D0%B6%D0%B8%D0%B7%D0%B0"},{"id":1195,"title":"угар","value":"%D1%83%D0%B3%D0%B0%D1%80"},{"id":4065952,"title":"так и есть","value":"%D1%82%D0%B0%D0%BA%20%D0%B8%20%D0%B5%D1%81%D1%82%D1%8C"},{"id":39678,"title":"актеры","value":"%D0%B0%D0%BA%D1%82%D0%B5%D1%80%D1%8B"},{"id":1212,"title":"смешно","value":"%D1%81%D0%BC%D0%B5%D1%88%D0%BD%D0%BE"}],"categories":[{"id":19,"title":"Movies & TV","permalink":"movies","subscriptions_count":10078577,"big_image_url":"https://coub-anubis-a.akamaized.net/coub_storage/category/cw_image/dda6b36d2fb/9ae8ba82060e5659de192/big_1544758441_movies2.png","small_image_url":"https://coub-anubis-a.akamaized.net/coub_storage/category/cw_image/dda6b36d2fb/9ae8ba82060e5659de192/small_1544758441_movies2.png","med_image_url":"https://coub-anubis-a.akamaized.net/coub_storage/category/cw_image/dda6b36d2fb/9ae8ba82060e5659de192/med_1544758441_movies2.png","visible":true}],"communities":[{"id":19,"title":"Movies & TV","permalink":"movies","subscriptions_count":10078577,"big_image_url":"https://coub-anubis-a.akamaized.net/coub_storage/category/cw_image/dda6b36d2fb/9ae8ba82060e5659de192/big_1544758441_movies2.png","small_image_url":"https://coub-anubis-a.akamaized.net/coub_storage/category/cw_image/dda6b36d2fb/9ae8ba82060e5659de192/small_1544758441_movies2.png","med_image_url":"https://coub-anubis-a.akamaized.net/coub_storage/category/cw_image/dda6b36d2fb/9ae8ba82060e5659de192/med_1544758441_movies2.png","i_subscribed":true,"community_notifications_enabled":null,"description":null}],"recoubs_count":1821,"remixes_count":1,"likes_count":7716,"dislikes_count":0,"raw_video_id":11913358,"uploaded_by_ios_app":false,"uploaded_by_android_app":false,"media_blocks":{"uploaded_raw_videos":[],"external_raw_videos":[{"id":26950100,"title":"Правильная жизненная позиция № 2","url":"https://vk.com/video146240498_166809910","image":"https://coub-anubis-a.akamaized.net/coub_storage/media_block/cw_image/efd969190d0/ab2333cdac3492dc91172/1529441886_1529441876_1jvd2up_att-url-download.jpg","image_retina":"https://coub-anubis-a.akamaized.net/coub_storage/media_block/cw_image/efd969190d0/ab2333cdac3492dc91172/1529441886_1529441876_1jvd2up_att-url-download.jpg","meta":{"service":"Vk","duration":"6.04"},"duration":6.04,"raw_video_id":11913358,"has_embed":false}],"remixed_from_coubs":[],"external_video":{"id":26950100,"title":"Правильная жизненная позиция № 2","url":"https://vk.com/video146240498_166809910","image":"https://coub-anubis-a.akamaized.net/coub_storage/media_block/cw_image/efd969190d0/ab2333cdac3492dc91172/1529441886_1529441876_1jvd2up_att-url-download.jpg","image_retina":"https://coub-anubis-a.akamaized.net/coub_storage/media_block/cw_image/efd969190d0/ab2333cdac3492dc91172/1529441886_1529441876_1jvd2up_att-url-download.jpg","meta":{"service":"Vk","duration":"6.04"},"duration":6.04,"raw_video_id":11913358,"has_embed":false}},"raw_video_thumbnail_url":"/missing/missing.png","raw_video_title":"Правильная жизненная позиция № 2","video_block_banned":false,"duration":6.04,"promo_winner":false,"promo_winner_recoubers":null,"editorial_info":{},"promo_hint":null,"beeline_best_2014":null,"from_web_editor":true,"normalize_sound":true,"normalize_change_allowed":true,"best2015_addable":false,"ahmad_promo":null,"promo_data":null,"audio_copyright_claim":null,"ads_disabled":false,"is_safe_for_ads":true,"megafon_contents":[],"position_on_page":5},{"flag":null,"abuses":null,"recoubs_by_users_channels":null,"favourite":false,"promoted_id":null,"recoub":null,"like":null,"dislike":null,"reaction":null,"in_my_best2015":false,"id":87297502,"type":"Coub::Simple","permalink":"1fkgd3","title":"Lock, stock and two smoking ears","visibility_type":"public","original_visibility_type":"public","channel_id":2602957,"created_at":"2018-10-05T21:20:32Z","updated_at":"2022-03-15T18:57:07Z","is_done":true,"views_count":489762,"cotd":null,"cotd_at":null,"visible_on_explore_root":true,"visible_on_explore":true,"featured":true,"published":true,"published_at":"2018-10-05T21:20:32Z","reversed":false,"from_editor_v2":true,"is_editable":true,"original_sound":false,"has_sound":false,"recoub_to":null,"file_versions":{"html5":{"video":{"higher":{"url":"https://coub-anubis-a.akamaized.net/coub_storage/coub/simple/cw_file/17380a45e19/90b6b553e125d361e12c8/muted_mp4_huge_size_1571427980_muted_huge.mp4","size":5471384},"high":{"url":"https://coub-anubis-a.akamaized.net/coub_storage/coub/simple/cw_file/17380a45e19/90b6b553e125d361e12c8/muted_mp4_big_size_1571427980_muted_big.mp4","size":4094236},"med":{"url":"https://coub-anubis-a.akamaized.net/coub_storage/coub/simple/cw_file/17380a45e19/90b6b553e125d361e12c8/muted_mp4_med_size_1571427980_muted_med.mp4","size":1398097}},"audio":{"high":{"url":"https://coub-anubis-a.akamaized.net/coub_storage/coub/simple/cw_looped_audio_high/3b9c9ea68a1/3ca43c0a39187bb07e2ae/1605604338_high_1538811589_high.mp3","size":1046581},"med":{"url":"https://coub-anubis-a.akamaized.net/coub_storage/coub/simple/cw_looped_audio_med/0949a634ab2/df90c4d39fb8677b61851/1605604338_med_1538811589_med.mp3","size":943723}}},"mobile":{"video":"https://coub-anubis-a.akamaized.net/coub_storage/coub/simple/cw_file/17380a45e19/90b6b553e125d361e12c8/muted_mp4_med_size_1571427980_muted_med.mp4","audio":["https://coub-anubis-a.akamaized.net/coub_storage/coub/simple/cw_looped_audio_med/0949a634ab2/df90c4d39fb8677b61851/1605604338_med_1538811589_med.mp3"]},"share":{"default":"https://coub-anubis-a.akamaized.net/coub_storage/coub/simple/cw_video_for_sharing/f03a75c71b3/05b4fe660ec3892d33806/1608728616_looped_1608728615.mp4"}},"audio_versions":{"template":"https://coub-anubis-a.akamaized.net/coub_storage/audio_track/cw_file/6431918f017/6b23d7f7123719bf16823/mid_1538773883_audio.mp3","versions":["mid","low"]},"image_versions":{"template":"https://coub-anubis-a.akamaized.net/coub_storage/coub/simple/cw_image/8453d9756cc/d1cda8eae0c7caf2ea594/1538811597_00032.jpg","versions":["micro","tiny","age_restricted","ios_large","ios_mosaic","big","med","small","pinterest"]},"first_frame_versions":{"template":"https://coub-anubis-a.akamaized.net/coub_storage/coub/simple/cw_timeline_pic/fb0a81a0314/bf02a5b0c43433c14a4ae/%{version}_1538811596_image.jpg","versions":["big","med","small","ios_large"]},"dimensions":{"big":[1280,720],"med":[640,360]},"site_w_h":[640,360],"page_w_h":[640,360],"site_w_h_small":[310,174],"size":[1280,720],"age_restricted":false,"age_restricted_by_admin":false,"not_safe_for_work":false,"allow_reuse":false,"dont_crop":false,"banned":false,"global_safe":true,"audio_file_url":"https://coub-anubis-a.akamaized.net/coub_storage/audio_track/cw_file/6431918f017/6b23d7f7123719bf16823/low_1538773883_audio.mp3","external_download":false,"application":null,"channel":{"id":2602957,"permalink":"redcoubhead","title":"Redcoubhead ","description":"Monkey business","followers_count":15070,"following_count":90,"avatar_versions":{"template":"https://coub-anubis-a.akamaized.net/coub_storage/channel/cw_avatar/9a7848bd00b/017cf50fbb1de0f61c27e/%{version}_1607427674_x1zbvd_1554141812_SA_graph.jpg","versions":["medium","medium_2x","profile_pic","profile_pic_new","profile_pic_new_2x","tiny","tiny_2x","small","small_2x","ios_large","ios_small"]}},"file":null,"picture":"https://coub-anubis-a.akamaized.net/coub_storage/coub/simple/cw_image/8453d9756cc/d1cda8eae0c7caf2ea594/1538811597_00032.jpg","timeline_picture":"https://coub-anubis-a.akamaized.net/coub_storage/coub/simple/cw_timeline_pic/fb0a81a0314/bf02a5b0c43433c14a4ae/ios_large_1538811596_image.jpg","small_picture":"https://coub-anubis-a.akamaized.net/coub_storage/coub/simple/cw_image/8453d9756cc/d1cda8eae0c7caf2ea594/1538811597_00032.jpg","sharing_picture":null,"percent_done":100,"tags":[{"id":288361,"title":"hybrids","value":"hybrids"},{"id":1136158,"title":"harry potter parody","value":"harry%20potter%20parody"},{"id":3719,"title":"parody","value":"parody"},{"id":169,"title":"fun","value":"fun"},{"id":11970,"title":"funny video","value":"funny%20video"},{"id":3044281,"title":"e-z rollers - walk this land","value":"e-z%20rollers%20-%20walk%20this%20land"},{"id":4317394,"title":"redcoubhead","value":"redcoubhead"},{"id":5326,"title":"mashup","value":"mashup"},{"id":321922,"title":"prisoner of azkaban","value":"prisoner%20of%20azkaban"},{"id":163828,"title":"chamber of secrets","value":"chamber%20of%20secrets"},{"id":228981,"title":"ron weasley","value":"ron%20weasley"},{"id":11930,"title":"hermione","value":"hermione"},{"id":279,"title":"harry potter","value":"harry%20potter"},{"id":5405,"title":"lock stock and two smoking barrels","value":"lock%20stock%20and%20two%20smoking%20barrels"}],"categories":[{"id":19,"title":"Movies & TV","permalink":"movies","subscriptions_count":10078577,"big_image_url":"https://coub-anubis-a.akamaized.net/coub_storage/category/cw_image/dda6b36d2fb/9ae8ba82060e5659de192/big_1544758441_movies2.png","small_image_url":"https://coub-anubis-a.akamaized.net/coub_storage/category/cw_image/dda6b36d2fb/9ae8ba82060e5659de192/small_1544758441_movies2.png","med_image_url":"https://coub-anubis-a.akamaized.net/coub_storage/category/cw_image/dda6b36d2fb/9ae8ba82060e5659de192/med_1544758441_movies2.png","visible":true}],"communities":[{"id":19,"title":"Movies & TV","permalink":"movies","subscriptions_count":10078577,"big_image_url":"https://coub-anubis-a.akamaized.net/coub_storage/category/cw_image/dda6b36d2fb/9ae8ba82060e5659de192/big_1544758441_movies2.png","small_image_url":"https://coub-anubis-a.akamaized.net/coub_storage/category/cw_image/dda6b36d2fb/9ae8ba82060e5659de192/small_1544758441_movies2.png","med_image_url":"https://coub-anubis-a.akamaized.net/coub_storage/category/cw_image/dda6b36d2fb/9ae8ba82060e5659de192/med_1544758441_movies2.png","i_subscribed":true,"community_notifications_enabled":null,"description":null}],"recoubs_count":1624,"remixes_count":19,"likes_count":7706,"dislikes_count":0,"raw_video_id":12482986,"uploaded_by_ios_app":false,"uploaded_by_android_app":false,"media_blocks":{"uploaded_raw_videos":[],"external_raw_videos":[],"remixed_from_coubs":[]},"raw_video_thumbnail_url":"/missing/missing.png","raw_video_title":"locstock.mp4","video_block_banned":false,"duration":10.0,"promo_winner":false,"promo_winner_recoubers":null,"editorial_info":{},"promo_hint":null,"beeline_best_2014":null,"from_web_editor":true,"normalize_sound":false,"normalize_change_allowed":true,"best2015_addable":false,"ahmad_promo":null,"promo_data":null,"audio_copyright_claim":null,"ads_disabled":false,"is_safe_for_ads":true,"megafon_contents":[],"position_on_page":6},{"flag":null,"abuses":null,"recoubs_by_users_channels":null,"favourite":false,"promoted_id":null,"recoub":null,"like":null,"dislike":null,"reaction":null,"in_my_best2015":false,"id":83533178,"type":"Coub::Simple","permalink":"1dbrrm","title":"Predatroll!","visibility_type":"public","original_visibility_type":"public","channel_id":2263643,"created_at":"2018-08-27T13:12:57Z","updated_at":"2022-03-15T21:39:06Z","is_done":true,"views_count":386355,"cotd":null,"cotd_at":null,"visible_on_explore_root":true,"visible_on_explore":true,"featured":true,"published":true,"published_at":"2018-08-27T13:16:10Z","reversed":false,"from_editor_v2":true,"is_editable":true,"original_sound":false,"has_sound":false,"recoub_to":null,"file_versions":{"html5":{"video":{"higher":{"url":"https://coub-anubis-a.akamaized.net/coub_storage/coub/simple/cw_file/421ee2c7018/7e5d05e8b769037fa3c37/muted_mp4_huge_size_1568274413_muted_huge.mp4","size":1542582},"high":{"url":"https://coub-anubis-a.akamaized.net/coub_storage/coub/simple/cw_file/421ee2c7018/7e5d05e8b769037fa3c37/muted_mp4_big_size_1568274413_muted_big.mp4","size":1145483},"med":{"url":"https://coub-anubis-a.akamaized.net/coub_storage/coub/simple/cw_file/421ee2c7018/7e5d05e8b769037fa3c37/muted_mp4_med_size_1568274413_muted_med.mp4","size":338341}},"audio":{"high":{"url":"https://coub-anubis-a.akamaized.net/coub_storage/coub/simple/cw_looped_audio_high/a3f230e049e/024bd42078aa7d8b3b83d/1605611710_high_1535375600_high.mp3","size":1389749},"med":{"url":"https://coub-anubis-a.akamaized.net/coub_storage/coub/simple/cw_looped_audio_med/150bd6ed49f/a6531c0684912596b16fe/1605611709_med_1535375600_med.mp3","size":1060431}}},"mobile":{"video":"https://coub-anubis-a.akamaized.net/coub_storage/coub/simple/cw_file/421ee2c7018/7e5d05e8b769037fa3c37/muted_mp4_med_size_1568274413_muted_med.mp4","audio":["https://coub-anubis-a.akamaized.net/coub_storage/coub/simple/cw_looped_audio_med/150bd6ed49f/a6531c0684912596b16fe/1605611709_med_1535375600_med.mp3"]},"share":{"default":"https://coub-anubis-a.akamaized.net/coub_storage/coub/simple/cw_video_for_sharing/cc9bd1e0fe8/3f4808551703c841a73e3/1610543456_looped_1610543456.mp4"}},"audio_versions":{"template":"https://coub-anubis-a.akamaized.net/coub_storage/audio_track/cw_file/fbcb4999c9e/d0e95df9abd67f2e2665c/mid_1535375589_1dxtf02_edited.mp3","versions":["mid","low"]},"image_versions":{"template":"https://coub-anubis-a.akamaized.net/coub_storage/coub/simple/cw_image/510717d0906/39c17f57900aca0ce7f97/1535375607_00024.jpg","versions":["micro","tiny","age_restricted","ios_large","ios_mosaic","big","med","small","pinterest"]},"first_frame_versions":{"template":"https://coub-anubis-a.akamaized.net/coub_storage/coub/simple/cw_timeline_pic/daf7deaf4fa/8abab917e95aafc242edf/1535375607_image.jpg","versions":["big","med","small","ios_large"]},"dimensions":{"big":[1280,534],"med":[640,266]},"site_w_h":[640,267],"page_w_h":[640,267],"site_w_h_small":[310,129],"size":[1280,534],"age_restricted":false,"age_restricted_by_admin":false,"not_safe_for_work":false,"allow_reuse":false,"dont_crop":false,"banned":false,"global_safe":true,"audio_file_url":"https://coub-anubis-a.akamaized.net/coub_storage/audio_track/cw_file/fbcb4999c9e/d0e95df9abd67f2e2665c/low_1535375589_1dxtf02_edited.mp3","external_download":false,"application":null,"channel":{"id":2263643,"permalink":"pastmidnight","title":"PM","description":"🎵 TRACKS in TAGS 🎵  #pmcoub","followers_count":23824,"following_count":188,"avatar_versions":{"template":"https://coub-anubis-a.akamaized.net/coub_storage/channel/cw_avatar/6184e8f7646/6255a0a7a017c34b77b6e/%{version}_1635953570_PM_Ava_2021.10.png","versions":["medium","medium_2x","profile_pic","profile_pic_new","profile_pic_new_2x","tiny","tiny_2x","small","small_2x","ios_large","ios_small"]}},"file":null,"picture":"https://coub-anubis-a.akamaized.net/coub_storage/coub/simple/cw_image/510717d0906/39c17f57900aca0ce7f97/1535375607_00024.jpg","timeline_picture":"https://coub-anubis-a.akamaized.net/coub_storage/coub/simple/cw_timeline_pic/daf7deaf4fa/8abab917e95aafc242edf/1535375607_image.jpg","small_picture":"https://coub-anubis-a.akamaized.net/coub_storage/coub/simple/cw_image/510717d0906/39c17f57900aca0ce7f97/1535375607_00024.jpg","sharing_picture":null,"percent_done":100,"tags":[{"id":3042031,"title":"wait for the mix","value":"wait%20for%20the%20mix"},{"id":3042032,"title":"waitforthemix","value":"waitforthemix"},{"id":256302,"title":"good timing","value":"good%20timing"},{"id":5326,"title":"mashup","value":"mashup"},{"id":288361,"title":"hybrids","value":"hybrids"},{"id":3358469,"title":"pmcoub","value":"pmcoub"},{"id":2699,"title":"the lord of the rings","value":"the%20lord%20of%20the%20rings"},{"id":51617,"title":"lotr the two towers","value":"lotr%20the%20two%20towers"},{"id":20812,"title":"orlando bloom","value":"orlando%20bloom"},{"id":42864,"title":"viggo mortensen","value":"viggo%20mortensen"},{"id":439355,"title":"john rhys-davies","value":"john%20rhys-davies"},{"id":1109,"title":"predator","value":"predator"},{"id":3411467,"title":"predator 2018","value":"predator%202018"},{"id":1259,"title":"forest","value":"forest"},{"id":664547,"title":"night forest","value":"night%20forest"},{"id":1271855,"title":"die antwoord – baby's on fire","value":"die%20antwoord%20%E2%80%93%20baby's%20on%20fire"},{"id":1115293,"title":"eminem - just lose it","value":"eminem%20-%20just%20lose%20it"},{"id":1995,"title":"eminem","value":"eminem"},{"id":3094,"title":"die antwoord","value":"die%20antwoord"},{"id":4267308,"title":"хищник2018","value":"%D1%85%D0%B8%D1%89%D0%BD%D0%B8%D0%BA2018"}],"categories":[{"id":19,"title":"Movies & TV","permalink":"movies","subscriptions_count":10078577,"big_image_url":"https://coub-anubis-a.akamaized.net/coub_storage/category/cw_image/dda6b36d2fb/9ae8ba82060e5659de192/big_1544758441_movies2.png","small_image_url":"https://coub-anubis-a.akamaized.net/coub_storage/category/cw_image/dda6b36d2fb/9ae8ba82060e5659de192/small_1544758441_movies2.png","med_image_url":"https://coub-anubis-a.akamaized.net/coub_storage/category/cw_image/dda6b36d2fb/9ae8ba82060e5659de192/med_1544758441_movies2.png","visible":true}],"communities":[{"id":19,"title":"Movies & TV","permalink":"movies","subscriptions_count":10078577,"big_image_url":"https://coub-anubis-a.akamaized.net/coub_storage/category/cw_image/dda6b36d2fb/9ae8ba82060e5659de192/big_1544758441_movies2.png","small_image_url":"https://coub-anubis-a.akamaized.net/coub_storage/category/cw_image/dda6b36d2fb/9ae8ba82060e5659de192/small_1544758441_movies2.png","med_image_url":"https://coub-anubis-a.akamaized.net/coub_storage/category/cw_image/dda6b36d2fb/9ae8ba82060e5659de192/med_1544758441_movies2.png","i_subscribed":true,"community_notifications_enabled":null,"description":null}],"recoubs_count":1224,"remixes_count":9,"likes_count":7703,"dislikes_count":0,"raw_video_id":12271144,"uploaded_by_ios_app":false,"uploaded_by_android_app":false,"media_blocks":{"uploaded_raw_videos":[],"external_raw_videos":[],"remixed_from_coubs":[]},"raw_video_thumbnail_url":"/missing/missing.png","raw_video_title":"Predator.mp4","video_block_banned":false,"duration":7.4,"promo_winner":false,"promo_winner_recoubers":null,"editorial_info":{},"promo_hint":null,"beeline_best_2014":null,"from_web_editor":true,"normalize_sound":false,"normalize_change_allowed":true,"best2015_addable":false,"ahmad_promo":null,"promo_data":null,"audio_copyright_claim":null,"ads_disabled":false,"is_safe_for_ads":true,"megafon_contents":[],"position_on_page":7},{"flag":null,"abuses":null,"recoubs_by_users_channels":null,"favourite":false,"promoted_id":null,"recoub":null,"like":null,"dislike":null,"reaction":null,"in_my_best2015":false,"id":127656553,"type":"Coub::Simple","permalink":"23mcq0","title":"The Mandalorian","visibility_type":"public","original_visibility_type":"public","channel_id":3847616,"created_at":"2019-10-29T02:42:33Z","updated_at":"2022-03-16T06:19:26Z","is_done":true,"views_count":859545,"cotd":true,"cotd_at":"2019-10-30","visible_on_explore_root":false,"visible_on_explore":false,"featured":false,"published":true,"published_at":"2019-10-29T02:42:33Z","reversed":false,"from_editor_v2":true,"is_editable":true,"original_sound":false,"has_sound":false,"recoub_to":null,"file_versions":{"html5":{"video":{"higher":{"url":"https://coub-anubis-a.akamaized.net/coub_storage/coub/simple/cw_file/e1745fc8c21/08e2ba195cd0477df2122/muted_mp4_huge_size_1572316973_muted_huge.mp4","size":2623956},"high":{"url":"https://coub-anubis-a.akamaized.net/coub_storage/coub/simple/cw_file/e1745fc8c21/08e2ba195cd0477df2122/muted_mp4_big_size_1572316973_muted_big.mp4","size":1889940},"med":{"url":"https://coub-anubis-a.akamaized.net/coub_storage/coub/simple/cw_file/e1745fc8c21/08e2ba195cd0477df2122/muted_mp4_med_size_1572316973_muted_med.mp4","size":619962}},"audio":{"high":{"url":"https://coub-anubis-a.akamaized.net/coub_storage/coub/simple/cw_looped_audio_high/c588707bca7/67643f88f010c3f539692/1605695299_high_1572317000_high.mp3","size":3789214},"med":{"url":"https://coub-anubis-a.akamaized.net/coub_storage/coub/simple/cw_looped_audio_med/d2c3638a452/f3f0b6fa764dd166ffc5d/1605695299_med_1572317000_med.mp3","size":2741358}}},"mobile":{"video":"https://coub-anubis-a.akamaized.net/coub_storage/coub/simple/cw_file/e1745fc8c21/08e2ba195cd0477df2122/muted_mp4_med_size_1572316973_muted_med.mp4","audio":["https://coub-anubis-a.akamaized.net/coub_storage/coub/simple/cw_looped_audio_med/d2c3638a452/f3f0b6fa764dd166ffc5d/1605695299_med_1572317000_med.mp3"]},"share":{"default":"https://coub-anubis-a.akamaized.net/coub_storage/coub/simple/cw_video_for_sharing/415e4a7cc90/7e406d8eb36135467c0f8/1608322003_looped_1608322002.mp4"}},"audio_versions":{"template":"https://coub-anubis-a.akamaized.net/coub_storage/audio_track/cw_file/0ffafa39e10/78e5486c07c2f932eb738/mid_1572316978_1lbdtuu_edited.mp3","versions":["mid","low"]},"image_versions":{"template":"https://coub-anubis-a.akamaized.net/coub_storage/coub/simple/cw_image/c04735e6766/37dcf8dc6b40420f7dedb/1572317013_00030.jpg","versions":["micro","tiny","age_restricted","ios_large","ios_mosaic","big","med","small","pinterest"]},"first_frame_versions":{"template":"https://coub-anubis-a.akamaized.net/coub_storage/coub/simple/cw_timeline_pic/cd4ec0b1b63/d06b2b93dece6210a322c/%{version}_1572317013_image.jpg","versions":["big","med","small","ios_large"]},"dimensions":{"big":[1280,532],"med":[640,266]},"site_w_h":[640,266],"page_w_h":[640,266],"site_w_h_small":[310,129],"size":[1280,532],"age_restricted":false,"age_restricted_by_admin":false,"not_safe_for_work":false,"allow_reuse":false,"dont_crop":false,"banned":false,"global_safe":true,"audio_file_url":"https://coub-anubis-a.akamaized.net/coub_storage/audio_track/cw_file/0ffafa39e10/78e5486c07c2f932eb738/low_1572316978_1lbdtuu_edited.mp3","external_download":false,"application":null,"channel":{"id":3847616,"permalink":"dmitr777","title":"DerMeister","description":null,"followers_count":32,"following_count":6,"avatar_versions":{"template":"https://coub-anubis-a.akamaized.net/coub_storage/channel/cw_avatar/b6494546b54/1e452be7a440c5f44370c/%{version}_1644541055_Screenshot_1.jpg","versions":["medium","medium_2x","profile_pic","profile_pic_new","profile_pic_new_2x","tiny","tiny_2x","small","small_2x","ios_large","ios_small"]}},"file":null,"picture":"https://coub-anubis-a.akamaized.net/coub_storage/coub/simple/cw_image/c04735e6766/37dcf8dc6b40420f7dedb/1572317013_00030.jpg","timeline_picture":"https://coub-anubis-a.akamaized.net/coub_storage/coub/simple/cw_timeline_pic/cd4ec0b1b63/d06b2b93dece6210a322c/ios_large_1572317013_image.jpg","small_picture":"https://coub-anubis-a.akamaized.net/coub_storage/coub/simple/cw_image/c04735e6766/37dcf8dc6b40420f7dedb/1572317013_00030.jpg","sharing_picture":null,"percent_done":100,"tags":[{"id":759,"title":"star wars","value":"star%20wars"},{"id":24286,"title":"stormtrooper","value":"stormtrooper"},{"id":57879,"title":"stormtroopers","value":"stormtroopers"},{"id":627465,"title":"bountyhunter","value":"bountyhunter"},{"id":16558,"title":"darkside","value":"darkside"},{"id":12269,"title":"empire","value":"empire"},{"id":314,"title":"disney","value":"disney"},{"id":67873,"title":"lucasfilm","value":"lucasfilm"},{"id":67872,"title":"lucasarts","value":"lucasarts"}],"categories":[{"id":19,"title":"Movies & TV","permalink":"movies","subscriptions_count":10078577,"big_image_url":"https://coub-anubis-a.akamaized.net/coub_storage/category/cw_image/dda6b36d2fb/9ae8ba82060e5659de192/big_1544758441_movies2.png","small_image_url":"https://coub-anubis-a.akamaized.net/coub_storage/category/cw_image/dda6b36d2fb/9ae8ba82060e5659de192/small_1544758441_movies2.png","med_image_url":"https://coub-anubis-a.akamaized.net/coub_storage/category/cw_image/dda6b36d2fb/9ae8ba82060e5659de192/med_1544758441_movies2.png","visible":true}],"communities":[{"id":19,"title":"Movies & TV","permalink":"movies","subscriptions_count":10078577,"big_image_url":"https://coub-anubis-a.akamaized.net/coub_storage/category/cw_image/dda6b36d2fb/9ae8ba82060e5659de192/big_1544758441_movies2.png","small_image_url":"https://coub-anubis-a.akamaized.net/coub_storage/category/cw_image/dda6b36d2fb/9ae8ba82060e5659de192/small_1544758441_movies2.png","med_image_url":"https://coub-anubis-a.akamaized.net/coub_storage/category/cw_image/dda6b36d2fb/9ae8ba82060e5659de192/med_1544758441_movies2.png","i_subscribed":true,"community_notifications_enabled":null,"description":null}],"recoubs_count":52,"remixes_count":10,"likes_count":7691,"dislikes_count":0,"raw_video_id":14400402,"uploaded_by_ios_app":false,"uploaded_by_android_app":false,"media_blocks":{"uploaded_raw_videos":[],"external_raw_videos":[],"remixed_from_coubs":[]},"raw_video_thumbnail_url":"/missing/missing.png","raw_video_title":"The_Mandalorian___Official_Trailer_2___Disney___Streaming_Nov._12.mp4","video_block_banned":false,"duration":9.56,"promo_winner":false,"promo_winner_recoubers":null,"editorial_info":{},"promo_hint":null,"beeline_best_2014":null,"from_web_editor":true,"normalize_sound":false,"normalize_change_allowed":false,"best2015_addable":false,"ahmad_promo":null,"promo_data":null,"audio_copyright_claim":null,"ads_disabled":false,"is_safe_for_ads":true,"megafon_contents":[],"position_on_page":8},{"flag":null,"abuses":null,"recoubs_by_users_channels":null,"favourite":false,"promoted_id":null,"recoub":null,"like":null,"dislike":null,"reaction":null,"in_my_best2015":false,"id":79982641,"type":"Coub::Simple","permalink":"1b7o4s","title":"Bad Harry","visibility_type":"public","original_visibility_type":"public","channel_id":3368174,"created_at":"2018-07-17T18:45:32Z","updated_at":"2022-03-16T02:24:18Z","is_done":true,"views_count":416204,"cotd":null,"cotd_at":null,"visible_on_explore_root":true,"visible_on_explore":true,"featured":true,"published":true,"published_at":"2018-07-17T18:45:32Z","reversed":false,"from_editor_v2":true,"is_editable":true,"original_sound":false,"has_sound":false,"recoub_to":null,"file_versions":{"html5":{"video":{"higher":{"url":"https://coub-anubis-a.akamaized.net/coub_storage/coub/simple/cw_file/ef3d4072d18/7b13cdc69362b13f2ca40/muted_mp4_huge_size_1568259758_muted_huge.mp4","size":1202896},"high":{"url":"https://coub-anubis-a.akamaized.net/coub_storage/coub/simple/cw_file/ef3d4072d18/7b13cdc69362b13f2ca40/muted_mp4_big_size_1568259758_muted_big.mp4","size":916105},"med":{"url":"https://coub-anubis-a.akamaized.net/coub_storage/coub/simple/cw_file/ef3d4072d18/7b13cdc69362b13f2ca40/muted_mp4_med_size_1568259758_muted_med.mp4","size":230734}},"audio":{"high":{"url":"https://coub-anubis-a.akamaized.net/coub_storage/coub/simple/cw_looped_audio_high/0662377095e/62295ff1435d97774fb9b/1605619285_high_1531853166_high.mp3","size":4554939},"med":{"url":"https://coub-anubis-a.akamaized.net/coub_storage/coub/simple/cw_looped_audio_med/0baeb0a1fd3/c30ec526ad638d8ef0ae7/1605619285_med_1531853166_med.mp3","size":3129865}}},"mobile":{"video":"https://coub-anubis-a.akamaized.net/coub_storage/coub/simple/cw_file/ef3d4072d18/7b13cdc69362b13f2ca40/muted_mp4_med_size_1568259758_muted_med.mp4","audio":["https://coub-anubis-a.akamaized.net/coub_storage/coub/simple/cw_looped_audio_med/0baeb0a1fd3/c30ec526ad638d8ef0ae7/1605619285_med_1531853166_med.mp3"]},"share":{"default":"https://coub-anubis-a.akamaized.net/coub_storage/coub/simple/cw_video_for_sharing/827b4514b13/921badd399c0828015258/1610271448_looped_1610271447.mp4"}},"audio_versions":{"template":"https://coub-anubis-a.akamaized.net/coub_storage/audio_track/cw_file/82708cbdb35/17af303de4337c4e7ea9a/mid_1531853141_idd6gs_edited.mp3","versions":["mid","low"]},"image_versions":{"template":"https://coub-anubis-a.akamaized.net/coub_storage/coub/simple/cw_image/1311bd85d0f/877303188e154bfbe70d6/1531853179_00019.jpg","versions":["micro","tiny","age_restricted","ios_large","ios_mosaic","big","med","small","pinterest"]},"first_frame_versions":{"template":"https://coub-anubis-a.akamaized.net/coub_storage/coub/simple/cw_timeline_pic/bc178cd3417/24808e665b264aac53f83/%{version}_1531853178_image.jpg","versions":["big","med","small","ios_large"]},"dimensions":{"big":[1280,720],"med":[640,360]},"site_w_h":[640,360],"page_w_h":[640,360],"site_w_h_small":[310,174],"size":[1280,720],"age_restricted":false,"age_restricted_by_admin":false,"not_safe_for_work":false,"allow_reuse":false,"dont_crop":false,"banned":false,"global_safe":true,"audio_file_url":"https://coub-anubis-a.akamaized.net/coub_storage/audio_track/cw_file/82708cbdb35/17af303de4337c4e7ea9a/low_1531853141_idd6gs_edited.mp3","external_download":false,"application":null,"channel":{"id":3368174,"permalink":"arstonee","title":"arstone","description":"just for lulz.","followers_count":1283,"following_count":742,"avatar_versions":{"template":"https://coub-anubis-a.akamaized.net/coub_storage/channel/cw_avatar/d7c8ad775a5/b3826b799c177e79dba10/%{version}_1607734238_e4uytx_1541237751_cropped.jpeg","versions":["medium","medium_2x","profile_pic","profile_pic_new","profile_pic_new_2x","tiny","tiny_2x","small","small_2x","ios_large","ios_small"]}},"file":null,"picture":"https://coub-anubis-a.akamaized.net/coub_storage/coub/simple/cw_image/1311bd85d0f/877303188e154bfbe70d6/1531853179_00019.jpg","timeline_picture":"https://coub-anubis-a.akamaized.net/coub_storage/coub/simple/cw_timeline_pic/bc178cd3417/24808e665b264aac53f83/ios_large_1531853178_image.jpg","small_picture":"https://coub-anubis-a.akamaized.net/coub_storage/coub/simple/cw_image/1311bd85d0f/877303188e154bfbe70d6/1531853179_00019.jpg","sharing_picture":null,"percent_done":100,"tags":[{"id":16396,"title":"extras","value":"extras"},{"id":8992,"title":"tv series","value":"tv%20series"},{"id":3251,"title":"daniel radcliffe","value":"daniel%20radcliffe"},{"id":279,"title":"harry potter","value":"harry%20potter"},{"id":169,"title":"fun","value":"fun"},{"id":111314,"title":"hermione granger","value":"hermione%20granger"},{"id":228981,"title":"ron weasley","value":"ron%20weasley"},{"id":154,"title":"movie","value":"movie"},{"id":2181,"title":"scene","value":"scene"},{"id":5326,"title":"mashup","value":"mashup"},{"id":41698,"title":"hybrid","value":"hybrid"},{"id":292,"title":"humor","value":"humor"},{"id":574261,"title":"jk rowling","value":"jk%20rowling"},{"id":14621,"title":"2006","value":"2006"},{"id":951,"title":"top","value":"top"},{"id":8532,"title":"emma watson","value":"emma%20watson"},{"id":32194,"title":"rupert grint","value":"rupert%20grint"},{"id":4224844,"title":"extras (s2ep3)","value":"extras%20(s2ep3)"},{"id":1289695,"title":"big data - dangerous (oliver remix)","value":"big%20data%20-%20dangerous%20(oliver%20remix)"}],"categories":[{"id":19,"title":"Movies & TV","permalink":"movies","subscriptions_count":10078577,"big_image_url":"https://coub-anubis-a.akamaized.net/coub_storage/category/cw_image/dda6b36d2fb/9ae8ba82060e5659de192/big_1544758441_movies2.png","small_image_url":"https://coub-anubis-a.akamaized.net/coub_storage/category/cw_image/dda6b36d2fb/9ae8ba82060e5659de192/small_1544758441_movies2.png","med_image_url":"https://coub-anubis-a.akamaized.net/coub_storage/category/cw_image/dda6b36d2fb/9ae8ba82060e5659de192/med_1544758441_movies2.png","visible":true}],"communities":[{"id":19,"title":"Movies & TV","permalink":"movies","subscriptions_count":10078577,"big_image_url":"https://coub-anubis-a.akamaized.net/coub_storage/category/cw_image/dda6b36d2fb/9ae8ba82060e5659de192/big_1544758441_movies2.png","small_image_url":"https://coub-anubis-a.akamaized.net/coub_storage/category/cw_image/dda6b36d2fb/9ae8ba82060e5659de192/small_1544758441_movies2.png","med_image_url":"https://coub-anubis-a.akamaized.net/coub_storage/category/cw_image/dda6b36d2fb/9ae8ba82060e5659de192/med_1544758441_movies2.png","i_subscribed":true,"community_notifications_enabled":null,"description":null}],"recoubs_count":1519,"remixes_count":8,"likes_count":7682,"dislikes_count":0,"raw_video_id":12057021,"uploaded_by_ios_app":false,"uploaded_by_android_app":true,"media_blocks":{"uploaded_raw_videos":[],"external_raw_videos":[],"remixed_from_coubs":[]},"raw_video_thumbnail_url":"/missing/missing.png","raw_video_title":null,"video_block_banned":false,"duration":5.8,"promo_winner":false,"promo_winner_recoubers":null,"editorial_info":{},"promo_hint":null,"beeline_best_2014":null,"from_web_editor":false,"normalize_sound":true,"normalize_change_allowed":true,"best2015_addable":false,"ahmad_promo":null,"promo_data":null,"audio_copyright_claim":null,"ads_disabled":false,"is_safe_for_ads":true,"megafon_contents":[],"position_on_page":9},{"flag":null,"abuses":null,"recoubs_by_users_channels":null,"favourite":false,"promoted_id":null,"recoub":null,"like":null,"dislike":null,"reaction":null,"in_my_best2015":false,"id":5917969,"type":"Coub::Simple","permalink":"32oyn","title":"Don't Touch That!","visibility_type":"public","original_visibility_type":"public","channel_id":204561,"created_at":"2014-08-27T14:16:31Z","updated_at":"2022-03-15T16:20:19Z","is_done":true,"views_count":900066,"cotd":null,"cotd_at":null,"visible_on_explore_root":true,"visible_on_explore":true,"featured":true,"published":true,"published_at":"2014-08-27T14:16:31Z","reversed":false,"from_editor_v2":true,"is_editable":true,"original_sound":true,"has_sound":true,"recoub_to":null,"file_versions":{"html5":{"video":{"higher":{"url":"https://coub-anubis-a.akamaized.net/coub_storage/coub/simple/cw_file/32d039cbafc/072b7f406fa89d6e40021/muted_mp4_huge_size_1567728978_muted_huge.mp4","size":1222306},"high":{"url":"https://coub-anubis-a.akamaized.net/coub_storage/coub/simple/cw_file/32d039cbafc/072b7f406fa89d6e40021/muted_mp4_big_size_1567728978_muted_big.mp4","size":835934},"med":{"url":"https://coub-anubis-a.akamaized.net/coub_storage/coub/simple/cw_file/32d039cbafc/072b7f406fa89d6e40021/muted_mp4_med_size_1567728978_muted_med.mp4","size":276168}},"audio":{"high":{"url":"https://coub-anubis-a.akamaized.net/coub_storage/coub/simple/cw_looped_audio_high/fd476beb571/3bfc974bc52efc13041e5/1605434176_high_1445950783_high.mp3","size":1384279},"med":{"url":"https://coub-anubis-a.akamaized.net/coub_storage/coub/simple/cw_looped_audio_med/4640f6bb35f/0c794ca8ce5e77e33122c/1605434176_med_1445950783_med.mp3","size":922852},"sample_duration":3.631}},"mobile":{"video":"https://coub-anubis-a.akamaized.net/coub_storage/coub/simple/cw_file/32d039cbafc/072b7f406fa89d6e40021/muted_mp4_med_size_1567728978_muted_med.mp4","audio":["https://coub-anubis-a.akamaized.net/coub_storage/coub/simple/cw_looped_audio_med/4640f6bb35f/0c794ca8ce5e77e33122c/1605434176_med_1445950783_med.mp3"]},"share":{"default":"https://coub-anubis-a.akamaized.net/coub_storage/coub/simple/cw_video_for_sharing/6d31589b8c3/a1386d31ee12b85c23cec/1611128795_looped_1611128795.mp4"}},"audio_versions":{},"image_versions":{"template":"https://coub-anubis-a.akamaized.net/coub_storage/coub/simple/cw_image/8253d4fee7a/cdaf6d74c1b44758b8794/1409149014_00012.jpg","versions":["micro","tiny","age_restricted","ios_large","ios_mosaic","big","med","small","pinterest"]},"first_frame_versions":{"template":"https://coub-anubis-a.akamaized.net/coub_storage/coub/simple/cw_timeline_pic/8253d4fee7a/cdaf6d74c1b44758b8794/1409149014_image.jpg","versions":["big","med","small","ios_large"]},"dimensions":{"big":[1280,720],"med":[640,360]},"site_w_h":[640,360],"page_w_h":[640,360],"site_w_h_small":[310,174],"size":[1280,720],"age_restricted":false,"age_restricted_by_admin":false,"not_safe_for_work":null,"allow_reuse":false,"dont_crop":false,"banned":false,"global_safe":true,"audio_file_url":null,"external_download":false,"application":null,"channel":{"id":204561,"permalink":"astronomydomine","title":"Daniel Fortesque","description":null,"followers_count":14254,"following_count":0,"avatar_versions":{"template":"https://coub-anubis-a.akamaized.net/coub_storage/channel/cw_avatar/6ad29a08786/6c325c342c04a1fe3a26f/%{version}_1474492761_ehqji9_att-url-download.jpg","versions":["medium","medium_2x","profile_pic","profile_pic_new","profile_pic_new_2x","tiny","tiny_2x","small","small_2x","ios_large","ios_small"]}},"file":null,"picture":"https://coub-anubis-a.akamaized.net/coub_storage/coub/simple/cw_image/8253d4fee7a/cdaf6d74c1b44758b8794/1409149014_00012.jpg","timeline_picture":"https://coub-anubis-a.akamaized.net/coub_storage/coub/simple/cw_timeline_pic/8253d4fee7a/cdaf6d74c1b44758b8794/1409149014_image.jpg","small_picture":"https://coub-anubis-a.akamaized.net/coub_storage/coub/simple/cw_image/8253d4fee7a/cdaf6d74c1b44758b8794/1409149014_00012.jpg","sharing_picture":null,"percent_done":100,"tags":[{"id":7106,"title":"mc hammer","value":"mc%20hammer"},{"id":331912,"title":"u can't touch this","value":"u%20can't%20touch%20this"}],"categories":[{"id":19,"title":"Movies & TV","permalink":"movies","subscriptions_count":10078577,"big_image_url":"https://coub-anubis-a.akamaized.net/coub_storage/category/cw_image/dda6b36d2fb/9ae8ba82060e5659de192/big_1544758441_movies2.png","small_image_url":"https://coub-anubis-a.akamaized.net/coub_storage/category/cw_image/dda6b36d2fb/9ae8ba82060e5659de192/small_1544758441_movies2.png","med_image_url":"https://coub-anubis-a.akamaized.net/coub_storage/category/cw_image/dda6b36d2fb/9ae8ba82060e5659de192/med_1544758441_movies2.png","visible":true}],"communities":[{"id":19,"title":"Movies & TV","permalink":"movies","subscriptions_count":10078577,"big_image_url":"https://coub-anubis-a.akamaized.net/coub_storage/category/cw_image/dda6b36d2fb/9ae8ba82060e5659de192/big_1544758441_movies2.png","small_image_url":"https://coub-anubis-a.akamaized.net/coub_storage/category/cw_image/dda6b36d2fb/9ae8ba82060e5659de192/small_1544758441_movies2.png","med_image_url":"https://coub-anubis-a.akamaized.net/coub_storage/category/cw_image/dda6b36d2fb/9ae8ba82060e5659de192/med_1544758441_movies2.png","i_subscribed":true,"community_notifications_enabled":null,"description":null}],"recoubs_count":2228,"remixes_count":2,"likes_count":7670,"dislikes_count":0,"raw_video_id":812512,"uploaded_by_ios_app":false,"uploaded_by_android_app":false,"media_blocks":{"uploaded_raw_videos":[],"external_raw_videos":[],"remixed_from_coubs":[]},"raw_video_thumbnail_url":"/missing/missing.png","raw_video_title":"New Project 1.m4v","video_block_banned":false,"duration":3.6,"promo_winner":false,"promo_winner_recoubers":null,"editorial_info":{},"promo_hint":null,"beeline_best_2014":null,"from_web_editor":true,"normalize_sound":true,"normalize_change_allowed":true,"best2015_addable":false,"ahmad_promo":null,"promo_data":null,"audio_copyright_claim":null,"ads_disabled":null,"is_safe_for_ads":true,"megafon_contents":[],"position_on_page":10}]}