{"page":20,"per_page":10,"total_pages":500,"coubs":[{"flag":null,"abuses":null,"recoubs_by_users_channels":null,"favourite":false,"promoted_id":null,"recoub":null,"like":null,"dislike":null,"reaction":null,"in_my_best2015":false,"id":1922914,"type":"Coub::Simple","permalink":"p2bz","title":"real gansta shit ","visibility_type":"public","original_visibility_type":"public","channel_id":186801,"created_at":"2014-02-12T23:59:25Z","updated_at":"2022-03-16T06:13:45Z","is_done":true,"views_count":3595242,"cotd":null,"cotd_at":null,"visible_on_explore_root":false,"visible_on_explore":false,"featured":false,"published":true,"published_at":"2014-02-12T23:59:25Z","reversed":true,"from_editor_v2":true,"is_editable":true,"original_sound":false,"has_sound":false,"recoub_to":null,"file_versions":{"html5":{"video":{"higher":{"url":"https://coub-anubis-a.akamaized.net/coub_storage/coub/simple/cw_file/47024b22cbc/7029e3c157d5d183e7478/muted_mp4_huge_size_1567694506_muted_huge.mp4","size":10414583},"high":{"url":"https://coub-anubis-a.akamaized.net/coub_storage/coub/simple/cw_file/47024b22cbc/7029e3c157d5d183e7478/muted_mp4_big_size_1567694506_muted_big.mp4","size":7187664},"med":{"url":"https://coub-anubis-a.akamaized.net/coub_storage/coub/simple/cw_file/47024b22cbc/7029e3c157d5d183e7478/muted_mp4_med_size_1567694506_muted_med.mp4","size":2508964}},"audio":{"high":{"url":"https://coub-anubis-a.akamaized.net/coub_storage/coub/simple/cw_looped_audio_high/0f0e562d9ad/838b1b1de0ac8520a58d4/1605423372_high_1445497558_high.mp3","size":1751039},"med":{"url":"https://coub-anubis-a.akamaized.net/coub_storage/coub/simple/cw_looped_audio_med/2dc9e069e0d/7bd7c00303211f9be0b09/1605423371_med_1445497558_med.mp3","size":1167359}}},"mobile":{"video":"https://coub-anubis-a.akamaized.net/coub_storage/coub/simple/cw_file/47024b22cbc/7029e3c157d5d183e7478/muted_mp4_med_size_1567694506_muted_med.mp4","audio":["https://coub-anubis-a.akamaized.net/coub_storage/coub/simple/cw_looped_audio_med/2dc9e069e0d/7bd7c00303211f9be0b09/1605423371_med_1445497558_med.mp3"]},"share":{"default":"https://coub-anubis-a.akamaized.net/coub_storage/coub/simple/cw_video_for_sharing/84a2806075e/bd5379ce87969f04b454a/1608714995_looped_1608714991.mp4"}},"audio_versions":{"template":"https://coub-anubis-a.akamaized.net/coub_storage/coub/simple/cw_audio/b6cd7b77cde/bfbc7d695504fb3cd7970/mid_1406370867_1400989713_out.mp3","versions":["mid","low"]},"image_versions":{"template":"https://coub-anubis-a.akamaized.net/coub_storage/coub/simple/cw_image/b6cd7b77cde/bfbc7d695504fb3cd7970/1410958860_1392249607_00063.jpg","versions":["micro","tiny","age_restricted","ios_large","ios_mosaic","big","med","small","pinterest"]},"first_frame_versions":{"template":"https://coub-anubis-a.akamaized.net/coub_storage/coub/simple/cw_timeline_pic/b6cd7b77cde/bfbc7d695504fb3cd7970/%{version}_1411091367_1392249607_image.jpg","versions":["big","med","small","ios_large"]},"dimensions":{"big":[1280,960],"med":[640,480]},"site_w_h":[640,480],"page_w_h":[640,480],"site_w_h_small":[310,233],"size":[1280,960],"age_restricted":false,"age_restricted_by_admin":false,"not_safe_for_work":null,"allow_reuse":false,"dont_crop":false,"banned":false,"global_safe":false,"audio_file_url":"https://coub-anubis-a.akamaized.net/coub_storage/coub/simple/cw_audio/b6cd7b77cde/bfbc7d695504fb3cd7970/low_1406370867_1400989713_out.mp3","external_download":{"type":"Youtube","service_name":"YouTube","url":"http://www.youtube.com/watch?v=7JGsNz51VTM","has_embed":true},"application":null,"channel":{"id":186801,"permalink":"--niks--","title":"Niks  ☮","description":"Bad","followers_count":24275,"following_count":1,"avatar_versions":{"template":"https://coub-anubis-a.akamaized.net/coub_storage/channel/cw_avatar/b36b46e6af7/003d17c1d3c2cf1fda97d/%{version}_1571262409_1241a727af9a40dc929e7ff051ffbc36-removebg-preview.png","versions":["medium","medium_2x","profile_pic","profile_pic_new","profile_pic_new_2x","tiny","tiny_2x","small","small_2x","ios_large","ios_small"]}},"file":null,"picture":"https://coub-anubis-a.akamaized.net/coub_storage/coub/simple/cw_image/b6cd7b77cde/bfbc7d695504fb3cd7970/1410958860_1392249607_00063.jpg","timeline_picture":"https://coub-anubis-a.akamaized.net/coub_storage/coub/simple/cw_timeline_pic/b6cd7b77cde/bfbc7d695504fb3cd7970/ios_large_1411091367_1392249607_image.jpg","small_picture":"https://coub-anubis-a.akamaized.net/coub_storage/coub/simple/cw_image/b6cd7b77cde/bfbc7d695504fb3cd7970/1410958860_1392249607_00063.jpg","sharing_picture":null,"percent_done":100,"tags":[{"id":130336,"title":"поселок","value":"%D0%BF%D0%BE%D1%81%D0%B5%D0%BB%D0%BE%D0%BA"},{"id":10237,"title":"деревня","value":"%D0%B4%D0%B5%D1%80%D0%B5%D0%B2%D0%BD%D1%8F"},{"id":10694,"title":"дураков","value":"%D0%B4%D1%83%D1%80%D0%B0%D0%BA%D0%BE%D0%B2"},{"id":121754,"title":"праздники","value":"%D0%BF%D1%80%D0%B0%D0%B7%D0%B4%D0%BD%D0%B8%D0%BA%D0%B8"},{"id":4814,"title":"идиот","value":"%D0%B8%D0%B4%D0%B8%D0%BE%D1%82"},{"id":13309,"title":"дурак","value":"%D0%B4%D1%83%D1%80%D0%B0%D0%BA"},{"id":11599,"title":"новый","value":"%D0%BD%D0%BE%D0%B2%D1%8B%D0%B9"},{"id":60519,"title":"дураки","value":"%D0%B4%D1%83%D1%80%D0%B0%D0%BA%D0%B8"},{"id":10236,"title":"село","value":"%D1%81%D0%B5%D0%BB%D0%BE"},{"id":10882,"title":"выпуск","value":"%D0%B2%D1%8B%D0%BF%D1%83%D1%81%D0%BA"},{"id":4812,"title":"каламбур","value":"%D0%BA%D0%B0%D0%BB%D0%B0%D0%BC%D0%B1%D1%83%D1%80"},{"id":8580,"title":"hd","value":"hd"},{"id":49214,"title":"деревня дураков","value":"%D0%B4%D0%B5%D1%80%D0%B5%D0%B2%D0%BD%D1%8F%20%D0%B4%D1%83%D1%80%D0%B0%D0%BA%D0%BE%D0%B2"}],"categories":[{"id":19,"title":"Movies & TV","permalink":"movies","subscriptions_count":10078577,"big_image_url":"https://coub-anubis-a.akamaized.net/coub_storage/category/cw_image/dda6b36d2fb/9ae8ba82060e5659de192/big_1544758441_movies2.png","small_image_url":"https://coub-anubis-a.akamaized.net/coub_storage/category/cw_image/dda6b36d2fb/9ae8ba82060e5659de192/small_1544758441_movies2.png","med_image_url":"https://coub-anubis-a.akamaized.net/coub_storage/category/cw_image/dda6b36d2fb/9ae8ba82060e5659de192/med_1544758441_movies2.png","visible":true}],"communities":[{"id":19,"title":"Movies & TV","permalink":"movies","subscriptions_count":10078577,"big_image_url":"https://coub-anubis-a.akamaized.net/coub_storage/category/cw_image/dda6b36d2fb/9ae8ba82060e5659de192/big_1544758441_movies2.png","small_image_url":"https://coub-anubis-a.akamaized.net/coub_storage/category/cw_image/dda6b36d2fb/9ae8ba82060e5659de192/small_1544758441_movies2.png","med_image_url":"https://coub-anubis-a.akamaized.net/coub_storage/category/cw_image/dda6b36d2fb/9ae8ba82060e5659de192/med_1544758441_movies2.png","i_subscribed":true,"community_notifications_enabled":null,"description":null}],"recoubs_count":2799,"remixes_count":11,"likes_count":10839,"dislikes_count":0,"raw_video_id":479682,"uploaded_by_ios_app":false,"uploaded_by_android_app":false,"media_blocks":{"uploaded_raw_videos":[],"external_raw_videos":[{"id":11202956,"title":"Каламбур ДЕРЕВНЯ ДУРАКОВ 2/40 - Новые русские","url":"http://www.youtube.com/watch?v=7JGsNz51VTM","image":"https://coub-anubis-a.akamaized.net/coub_storage/media_block/cw_image/cc5f25267e2/b64e08c1c1b13f341a0a6/1492465693_1407440683_1395313302_5v43ch_att-url-download.jpg","image_retina":"https://coub-anubis-a.akamaized.net/coub_storage/media_block/cw_image/cc5f25267e2/b64e08c1c1b13f341a0a6/1492465693_1407440683_1395313302_5v43ch_att-url-download.jpg","meta":{"service":"Youtube","duration":"121.2"},"duration":121.2,"raw_video_id":479682,"has_embed":true}],"remixed_from_coubs":[],"external_video":{"id":11202956,"title":"Каламбур ДЕРЕВНЯ ДУРАКОВ 2/40 - Новые русские","url":"http://www.youtube.com/watch?v=7JGsNz51VTM","image":"https://coub-anubis-a.akamaized.net/coub_storage/media_block/cw_image/cc5f25267e2/b64e08c1c1b13f341a0a6/1492465693_1407440683_1395313302_5v43ch_att-url-download.jpg","image_retina":"https://coub-anubis-a.akamaized.net/coub_storage/media_block/cw_image/cc5f25267e2/b64e08c1c1b13f341a0a6/1492465693_1407440683_1395313302_5v43ch_att-url-download.jpg","meta":{"service":"Youtube","duration":"121.2"},"duration":121.2,"raw_video_id":479682,"has_embed":true},"audio_track":{"id":19202939,"title":"Deep Cover","url":null,"image":null,"image_retina":null,"meta":{"year":null,"album":null,"title":"Deep Cover","artist":"Snoop Dogg","echonest_id":null},"duration":null,"amazon_url":null,"google_play_url":null,"bandcamp_url":null,"soundcloud_url":null,"track_name":null,"track_artist":null,"track_album":null,"itunes_url":null}},"raw_video_thumbnail_url":"/missing/missing.png","raw_video_title":"Каламбур ДЕРЕВНЯ ДУРАКОВ 2/40 - Новые русские","video_block_banned":false,"duration":20.0,"promo_winner":false,"promo_winner_recoubers":null,"editorial_info":{},"promo_hint":null,"beeline_best_2014":null,"from_web_editor":true,"normalize_sound":true,"normalize_change_allowed":true,"best2015_addable":false,"ahmad_promo":null,"promo_data":null,"audio_copyright_claim":null,"ads_disabled":null,"is_safe_for_ads":true,"megafon_contents":[],"position_on_page":1},{"flag":null,"abuses":null,"recoubs_by_users_channels":null,"favourite":false,"promoted_id":null,"recoub":null,"like":null,"dislike":null,"reaction":null,"in_my_best2015":false,"id":129554307,"type":"Coub::Simple","permalink":"24r8rc","title":"My inglish is perfect","visibility_type":"public","original_visibility_type":"public","channel_id":2834001,"created_at":"2019-11-20T08:49:25Z","updated_at":"2022-03-16T08:48:05Z","is_done":true,"views_count":1057869,"cotd":true,"cotd_at":"2019-11-21","visible_on_explore_root":true,"visible_on_explore":true,"featured":true,"published":true,"published_at":"2019-11-20T09:25:44Z","reversed":false,"from_editor_v2":true,"is_editable":true,"original_sound":false,"has_sound":false,"recoub_to":null,"file_versions":{"html5":{"video":{"higher":{"url":"https://coub-anubis-a.akamaized.net/coub_storage/coub/simple/cw_file/2be40d2b08e/0c7d7356a13bef2332b38/muted_mp4_huge_size_1574243466_muted_huge.mp4","size":2889760},"high":{"url":"https://coub-anubis-a.akamaized.net/coub_storage/coub/simple/cw_file/2be40d2b08e/0c7d7356a13bef2332b38/muted_mp4_big_size_1574243466_muted_big.mp4","size":2387762},"med":{"url":"https://coub-anubis-a.akamaized.net/coub_storage/coub/simple/cw_file/2be40d2b08e/0c7d7356a13bef2332b38/muted_mp4_med_size_1574243466_muted_med.mp4","size":428586}},"audio":{"high":{"url":"https://coub-anubis-a.akamaized.net/coub_storage/coub/simple/cw_looped_audio_high/8b30b77cba1/4fecc8892ac741ba99282/1605697699_high_1574243476_high.mp3","size":1260616},"med":{"url":"https://coub-anubis-a.akamaized.net/coub_storage/coub/simple/cw_looped_audio_med/d33fc5d4d7b/fa536975d6df029c60e44/1605697699_med_1574243476_med.mp3","size":957849}}},"mobile":{"video":"https://coub-anubis-a.akamaized.net/coub_storage/coub/simple/cw_file/2be40d2b08e/0c7d7356a13bef2332b38/muted_mp4_med_size_1574243466_muted_med.mp4","audio":["https://coub-anubis-a.akamaized.net/coub_storage/coub/simple/cw_looped_audio_med/d33fc5d4d7b/fa536975d6df029c60e44/1605697699_med_1574243476_med.mp3"]},"share":{"default":"https://coub-anubis-a.akamaized.net/coub_storage/coub/simple/cw_video_for_sharing/b46f7a033ec/1829f9f0f709e65bab07c/1608400734_looped_1608400733.mp4"}},"audio_versions":{"template":"https://coub-anubis-a.akamaized.net/coub_storage/audio_track/cw_file/70880aa446f/ae4542d99940dcfe65b79/mid_1574243468_ukjkq4_edited.mp3","versions":["mid","low"]},"image_versions":{"template":"https://coub-anubis-a.akamaized.net/coub_storage/coub/simple/cw_image/80b99f5c15a/0480a9e7a8b248ac06eb0/1574243483_00032.jpg","versions":["micro","tiny","age_restricted","ios_large","ios_mosaic","big","med","small","pinterest"]},"first_frame_versions":{"template":"https://coub-anubis-a.akamaized.net/coub_storage/coub/simple/cw_timeline_pic/6f2b1419f6f/b931e80b6d09ce9606c98/%{version}_1574243483_image.jpg","versions":["big","med","small","ios_large"]},"dimensions":{"big":[1280,588],"med":[640,294]},"site_w_h":[640,294],"page_w_h":[640,294],"site_w_h_small":[310,142],"size":[1280,588],"age_restricted":false,"age_restricted_by_admin":false,"not_safe_for_work":false,"allow_reuse":false,"dont_crop":false,"banned":false,"global_safe":true,"audio_file_url":"https://coub-anubis-a.akamaized.net/coub_storage/audio_track/cw_file/70880aa446f/ae4542d99940dcfe65b79/low_1574243468_ukjkq4_edited.mp3","external_download":false,"application":null,"channel":{"id":2834001,"permalink":"shkudi-coub","title":"Shkudi","description":null,"followers_count":26748,"following_count":151,"avatar_versions":{"template":"https://coub-anubis-a.akamaized.net/coub_storage/channel/cw_avatar/25c3af615cd/fa30bb2f46c86b1e4bcf5/%{version}_1607420514_18tvl4e_1604753569_Screenshot_123.png","versions":["medium","medium_2x","profile_pic","profile_pic_new","profile_pic_new_2x","tiny","tiny_2x","small","small_2x","ios_large","ios_small"]}},"file":null,"picture":"https://coub-anubis-a.akamaized.net/coub_storage/coub/simple/cw_image/80b99f5c15a/0480a9e7a8b248ac06eb0/1574243483_00032.jpg","timeline_picture":"https://coub-anubis-a.akamaized.net/coub_storage/coub/simple/cw_timeline_pic/6f2b1419f6f/b931e80b6d09ce9606c98/ios_large_1574243483_image.jpg","small_picture":"https://coub-anubis-a.akamaized.net/coub_storage/coub/simple/cw_image/80b99f5c15a/0480a9e7a8b248ac06eb0/1574243483_00032.jpg","sharing_picture":null,"percent_done":100,"tags":[{"id":263099,"title":"english language","value":"english%20language"},{"id":10257,"title":"english","value":"english"},{"id":712,"title":"a$ap rocky","value":"a$ap%20rocky"},{"id":4144323,"title":"a$ap rocky - praise the lord","value":"a$ap%20rocky%20-%20praise%20the%20lord"},{"id":132215,"title":"best scenes","value":"best%20scenes"},{"id":2409,"title":"movies","value":"movies"},{"id":17565,"title":"funny moments","value":"funny%20moments"},{"id":3555,"title":"england","value":"england"},{"id":170,"title":"lol","value":"lol"},{"id":3441832,"title":"shkudi","value":"shkudi"},{"id":5185496,"title":"ft. margo","value":"ft.%20margo"},{"id":4234775,"title":"edit by shkudi","value":"edit%20by%20shkudi"},{"id":174,"title":"funny","value":"funny"},{"id":13240,"title":"robert pattinson","value":"robert%20pattinson"},{"id":1427675,"title":"timothée chalamet","value":"timoth%C3%A9e%20chalamet"},{"id":52069,"title":"netflix","value":"netflix"},{"id":5168857,"title":"the king 2019","value":"the%20king%202019"},{"id":166137,"title":"the king","value":"the%20king"}],"categories":[{"id":19,"title":"Movies & TV","permalink":"movies","subscriptions_count":10078577,"big_image_url":"https://coub-anubis-a.akamaized.net/coub_storage/category/cw_image/dda6b36d2fb/9ae8ba82060e5659de192/big_1544758441_movies2.png","small_image_url":"https://coub-anubis-a.akamaized.net/coub_storage/category/cw_image/dda6b36d2fb/9ae8ba82060e5659de192/small_1544758441_movies2.png","med_image_url":"https://coub-anubis-a.akamaized.net/coub_storage/category/cw_image/dda6b36d2fb/9ae8ba82060e5659de192/med_1544758441_movies2.png","visible":true}],"communities":[{"id":19,"title":"Movies & TV","permalink":"movies","subscriptions_count":10078577,"big_image_url":"https://coub-anubis-a.akamaized.net/coub_storage/category/cw_image/dda6b36d2fb/9ae8ba82060e5659de192/big_1544758441_movies2.png","small_image_url":"https://coub-anubis-a.akamaized.net/coub_storage/category/cw_image/dda6b36d2fb/9ae8ba82060e5659de192/small_1544758441_movies2.png","med_image_url":"https://coub-anubis-a.akamaized.net/coub_storage/category/cw_image/dda6b36d2fb/9ae8ba82060e5659de192/med_1544758441_movies2.png","i_subscribed":true,"community_notifications_enabled":null,"description":null}],"recoubs_count":2096,"remixes_count":1,"likes_count":10824,"dislikes_count":0,"raw_video_id":14486705,"uploaded_by_ios_app":false,"uploaded_by_android_app":false,"media_blocks":{"uploaded_raw_videos":[],"external_raw_videos":[],"remixed_from_coubs":[]},"raw_video_thumbnail_url":"/missing/missing.png","raw_video_title":"Speak_english_.mp4","video_block_banned":false,"duration":10.0,"promo_winner":false,"promo_winner_recoubers":null,"editorial_info":{},"promo_hint":null,"beeline_best_2014":null,"from_web_editor":true,"normalize_sound":false,"normalize_change_allowed":true,"best2015_addable":false,"ahmad_promo":null,"promo_data":null,"audio_copyright_claim":null,"ads_disabled":false,"is_safe_for_ads":true,"megafon_contents":[],"position_on_page":2},{"flag":null,"abuses":null,"recoubs_by_users_channels":null,"favourite":false,"promoted_id":null,"recoub":null,"like":null,"dislike":null,"reaction":null,"in_my_best2015":false,"id":96492774,"type":"Coub::Simple","permalink":"1l1jjb","title":"Анекдот","visibility_type":"public","original_visibility_type":"public","channel_id":3273683,"created_at":"2019-01-01T16:58:46Z","updated_at":"2022-03-15T20:41:11Z","is_done":true,"views_count":614114,"cotd":null,"cotd_at":null,"visible_on_explore_root":false,"visible_on_explore":false,"featured":false,"published":true,"published_at":"2019-01-01T16:59:51Z","reversed":false,"from_editor_v2":true,"is_editable":true,"original_sound":true,"has_sound":true,"recoub_to":null,"file_versions":{"html5":{"video":{"higher":{"url":"https://coub-anubis-a.akamaized.net/coub_storage/coub/simple/cw_file/54c5563b076/8f61cf07f12bfe07a340c/muted_mp4_huge_size_1569269730_muted_huge.mp4","size":1578314},"high":{"url":"https://coub-anubis-a.akamaized.net/coub_storage/coub/simple/cw_file/54c5563b076/8f61cf07f12bfe07a340c/muted_mp4_big_size_1569269730_muted_big.mp4","size":1035028},"med":{"url":"https://coub-anubis-a.akamaized.net/coub_storage/coub/simple/cw_file/54c5563b076/8f61cf07f12bfe07a340c/muted_mp4_med_size_1569269730_muted_med.mp4","size":378914}},"audio":{"high":{"url":"https://coub-anubis-a.akamaized.net/coub_storage/coub/simple/cw_looped_audio_high/e496f7881dd/9fe1a40ea434cdd17ef61/1605664345_high_1546361932_high.mp3","size":895512},"med":{"url":"https://coub-anubis-a.akamaized.net/coub_storage/coub/simple/cw_looped_audio_med/598ecc55572/2b719ac15bc21d4dfb96e/1605664345_med_1546361932_med.mp3","size":807729},"sample_duration":10.125}},"mobile":{"video":"https://coub-anubis-a.akamaized.net/coub_storage/coub/simple/cw_file/54c5563b076/8f61cf07f12bfe07a340c/muted_mp4_med_size_1569269730_muted_med.mp4","audio":["https://coub-anubis-a.akamaized.net/coub_storage/coub/simple/cw_looped_audio_med/598ecc55572/2b719ac15bc21d4dfb96e/1605664345_med_1546361932_med.mp3"]},"share":{"default":"https://coub-anubis-a.akamaized.net/coub_storage/coub/simple/cw_video_for_sharing/bffb32e6d41/c6e1c69b832e5156a33ae/1608414844_looped_1608414843.mp4"}},"audio_versions":{},"image_versions":{"template":"https://coub-anubis-a.akamaized.net/coub_storage/coub/simple/cw_image/ecc25d1a7c0/e877e89f5564119f0af7f/1546361937_00032.jpg","versions":["micro","tiny","age_restricted","ios_large","ios_mosaic","big","med","small","pinterest"]},"first_frame_versions":{"template":"https://coub-anubis-a.akamaized.net/coub_storage/coub/simple/cw_timeline_pic/623179604bd/ef06af029ff711eff4cee/%{version}_1546361937_image.jpg","versions":["big","med","small","ios_large"]},"dimensions":{"big":[960,960],"med":[480,480]},"site_w_h":[400,400],"page_w_h":[400,400],"site_w_h_small":[310,310],"size":[960,960],"age_restricted":false,"age_restricted_by_admin":false,"not_safe_for_work":false,"allow_reuse":false,"dont_crop":false,"banned":false,"global_safe":false,"audio_file_url":null,"external_download":false,"application":null,"channel":{"id":3273683,"permalink":"florid38","title":"Florid","description":null,"followers_count":289,"following_count":338,"avatar_versions":{"template":"https://coub-anubis-a.akamaized.net/coub_storage/channel/cw_avatar/a49d4c163d1/45da93491cbd3faaabc88/%{version}_1609238050_1n6bel4_1483904422_99px_ru_avatar_190823_volk_na_fone_osennih_listev.jpg","versions":["medium","medium_2x","profile_pic","profile_pic_new","profile_pic_new_2x","tiny","tiny_2x","small","small_2x","ios_large","ios_small"]}},"file":null,"picture":"https://coub-anubis-a.akamaized.net/coub_storage/coub/simple/cw_image/ecc25d1a7c0/e877e89f5564119f0af7f/1546361937_00032.jpg","timeline_picture":"https://coub-anubis-a.akamaized.net/coub_storage/coub/simple/cw_timeline_pic/623179604bd/ef06af029ff711eff4cee/ios_large_1546361937_image.jpg","small_picture":"https://coub-anubis-a.akamaized.net/coub_storage/coub/simple/cw_image/ecc25d1a7c0/e877e89f5564119f0af7f/1546361937_00032.jpg","sharing_picture":null,"percent_done":100,"tags":[{"id":5019,"title":"анекдот","value":"%D0%B0%D0%BD%D0%B5%D0%BA%D0%B4%D0%BE%D1%82"}],"categories":[{"id":19,"title":"Movies & TV","permalink":"movies","subscriptions_count":10078577,"big_image_url":"https://coub-anubis-a.akamaized.net/coub_storage/category/cw_image/dda6b36d2fb/9ae8ba82060e5659de192/big_1544758441_movies2.png","small_image_url":"https://coub-anubis-a.akamaized.net/coub_storage/category/cw_image/dda6b36d2fb/9ae8ba82060e5659de192/small_1544758441_movies2.png","med_image_url":"https://coub-anubis-a.akamaized.net/coub_storage/category/cw_image/dda6b36d2fb/9ae8ba82060e5659de192/med_1544758441_movies2.png","visible":true}],"communities":[{"id":19,"title":"Movies & TV","permalink":"movies","subscriptions_count":10078577,"big_image_url":"https://coub-anubis-a.akamaized.net/coub_storage/category/cw_image/dda6b36d2fb/9ae8ba82060e5659de192/big_1544758441_movies2.png","small_image_url":"https://coub-anubis-a.akamaized.net/coub_storage/category/cw_image/dda6b36d2fb/9ae8ba82060e5659de192/small_1544758441_movies2.png","med_image_url":"https://coub-anubis-a.akamaized.net/coub_storage/category/cw_image/dda6b36d2fb/9ae8ba82060e5659de192/med_1544758441_movies2.png","i_subscribed":true,"community_notifications_enabled":null,"description":null}],"recoubs_count":2023,"remixes_count":2,"likes_count":10728,"dislikes_count":0,"raw_video_id":12963524,"uploaded_by_ios_app":false,"uploaded_by_android_app":false,"media_blocks":{"uploaded_raw_videos":[],"external_raw_videos":[],"remixed_from_coubs":[]},"raw_video_thumbnail_url":"/missing/missing.png","raw_video_title":"VID-20180816-WA0006.mp4","video_block_banned":false,"duration":10.0,"promo_winner":false,"promo_winner_recoubers":null,"editorial_info":{},"promo_hint":null,"beeline_best_2014":null,"from_web_editor":true,"normalize_sound":true,"normalize_change_allowed":true,"best2015_addable":false,"ahmad_promo":null,"promo_data":null,"audio_copyright_claim":null,"ads_disabled":false,"is_safe_for_ads":true,"megafon_contents":[],"position_on_page":3},{"flag":null,"abuses":null,"recoubs_by_users_channels":null,"favourite":false,"promoted_id":null,"recoub":null,"like":null,"dislike":null,"reaction":null,"in_my_best2015":false,"id":125063029,"type":"Coub::Simple","permalink":"222eev","title":"Ante Up","visibility_type":"public","original_visibility_type":"public","channel_id":361351,"created_at":"2019-09-30T12:00:55Z","updated_at":"2022-03-16T08:27:47Z","is_done":true,"views_count":1079652,"cotd":true,"cotd_at":"2019-09-30","visible_on_explore_root":true,"visible_on_explore":true,"featured":true,"published":true,"published_at":"2019-09-30T12:00:55Z","reversed":false,"from_editor_v2":true,"is_editable":true,"original_sound":false,"has_sound":false,"recoub_to":null,"file_versions":{"html5":{"video":{"higher":{"url":"https://coub-anubis-a.akamaized.net/coub_storage/coub/simple/cw_file/ca2358b2fbd/ab2faf0400c687ee4625c/muted_mp4_huge_size_1596236005_muted_huge.mp4","size":2783281},"high":{"url":"https://coub-anubis-a.akamaized.net/coub_storage/coub/simple/cw_file/ca2358b2fbd/ab2faf0400c687ee4625c/muted_mp4_big_size_1596236005_muted_big.mp4","size":1864175},"med":{"url":"https://coub-anubis-a.akamaized.net/coub_storage/coub/simple/cw_file/ca2358b2fbd/ab2faf0400c687ee4625c/muted_mp4_med_size_1596236005_muted_med.mp4","size":558387}},"audio":{"high":{"url":"https://coub-anubis-a.akamaized.net/coub_storage/coub/simple/cw_looped_audio_high/65249547f72/43b14af905084365c7772/1605691914_high_1596236047_high.mp3","size":4104845},"med":{"url":"https://coub-anubis-a.akamaized.net/coub_storage/coub/simple/cw_looped_audio_med/b4bf1d82792/50b3a5b0c09bc041c0052/1605691914_med_1596236047_med.mp3","size":3266361}}},"mobile":{"video":"https://coub-anubis-a.akamaized.net/coub_storage/coub/simple/cw_file/ca2358b2fbd/ab2faf0400c687ee4625c/muted_mp4_med_size_1596236005_muted_med.mp4","audio":["https://coub-anubis-a.akamaized.net/coub_storage/coub/simple/cw_looped_audio_med/b4bf1d82792/50b3a5b0c09bc041c0052/1605691914_med_1596236047_med.mp3"]},"share":{"default":"https://coub-anubis-a.akamaized.net/coub_storage/coub/simple/cw_video_for_sharing/cc496fef9a0/d313b7c99cdd4f14a2cd9/1608406992_looped_1608406990.mp4"}},"audio_versions":{"template":"https://coub-anubis-a.akamaized.net/coub_storage/audio_track/cw_normalized_copy/5bd053b040d/21fb5fa959e3c282ae895/mid_1596236034_normalized_1596236010_wsv21_edited.mp3","versions":["mid","low"]},"image_versions":{"template":"https://coub-anubis-a.akamaized.net/coub_storage/coub/simple/cw_image/c1c01ad32cd/3e13ffa737a9fec9b3034/1596236066_00030.jpg","versions":["micro","tiny","age_restricted","ios_large","ios_mosaic","big","med","small","pinterest"]},"first_frame_versions":{"template":"https://coub-anubis-a.akamaized.net/coub_storage/coub/simple/cw_timeline_pic/e62c75b5adf/c991ef87a7c062b9f9115/%{version}_1596236065_image.jpg","versions":["big","med","small","ios_large"]},"dimensions":{"big":[1280,720],"med":[640,360]},"site_w_h":[640,360],"page_w_h":[640,360],"site_w_h_small":[310,174],"size":[1280,720],"age_restricted":false,"age_restricted_by_admin":false,"not_safe_for_work":false,"allow_reuse":false,"dont_crop":false,"banned":false,"global_safe":true,"audio_file_url":"https://coub-anubis-a.akamaized.net/coub_storage/audio_track/cw_normalized_copy/5bd053b040d/21fb5fa959e3c282ae895/low_1596236034_normalized_1596236010_wsv21_edited.mp3","external_download":false,"application":null,"channel":{"id":361351,"permalink":"idesignking","title":"Eugene👑Korolev","description":"www.instagram.com/braZZtop","followers_count":6479,"following_count":435,"avatar_versions":{"template":"https://coub-anubis-a.akamaized.net/coub_storage/channel/cw_avatar/e9ef06d1d4c/b2f4818e652d1bf3ef917/%{version}_1624889091_11081102_785561681564341_1716339375554276424_n.jpg","versions":["medium","medium_2x","profile_pic","profile_pic_new","profile_pic_new_2x","tiny","tiny_2x","small","small_2x","ios_large","ios_small"]}},"file":null,"picture":"https://coub-anubis-a.akamaized.net/coub_storage/coub/simple/cw_image/c1c01ad32cd/3e13ffa737a9fec9b3034/1596236066_00030.jpg","timeline_picture":"https://coub-anubis-a.akamaized.net/coub_storage/coub/simple/cw_timeline_pic/e62c75b5adf/c991ef87a7c062b9f9115/ios_large_1596236065_image.jpg","small_picture":"https://coub-anubis-a.akamaized.net/coub_storage/coub/simple/cw_image/c1c01ad32cd/3e13ffa737a9fec9b3034/1596236066_00030.jpg","sharing_picture":null,"percent_done":100,"tags":[{"id":917973,"title":"ante up","value":"ante%20up"},{"id":55617,"title":"unplugged","value":"unplugged"},{"id":1349581,"title":"sing in the car","value":"sing%20in%20the%20car"},{"id":4078294,"title":"a simple favor","value":"a%20simple%20favor"},{"id":74,"title":"rap","value":"rap"},{"id":7146,"title":"hip hop","value":"hip%20hop"},{"id":4673,"title":"anna kendrick","value":"anna%20kendrick"},{"id":3042031,"title":"wait for the mix","value":"wait%20for%20the%20mix"},{"id":3328292,"title":"wftm","value":"wftm"}],"categories":[{"id":19,"title":"Movies & TV","permalink":"movies","subscriptions_count":10078577,"big_image_url":"https://coub-anubis-a.akamaized.net/coub_storage/category/cw_image/dda6b36d2fb/9ae8ba82060e5659de192/big_1544758441_movies2.png","small_image_url":"https://coub-anubis-a.akamaized.net/coub_storage/category/cw_image/dda6b36d2fb/9ae8ba82060e5659de192/small_1544758441_movies2.png","med_image_url":"https://coub-anubis-a.akamaized.net/coub_storage/category/cw_image/dda6b36d2fb/9ae8ba82060e5659de192/med_1544758441_movies2.png","visible":true}],"communities":[{"id":19,"title":"Movies & TV","permalink":"movies","subscriptions_count":10078577,"big_image_url":"https://coub-anubis-a.akamaized.net/coub_storage/category/cw_image/dda6b36d2fb/9ae8ba82060e5659de192/big_1544758441_movies2.png","small_image_url":"https://coub-anubis-a.akamaized.net/coub_storage/category/cw_image/dda6b36d2fb/9ae8ba82060e5659de192/small_1544758441_movies2.png","med_image_url":"https://coub-anubis-a.akamaized.net/coub_storage/category/cw_image/dda6b36d2fb/9ae8ba82060e5659de192/med_1544758441_movies2.png","i_subscribed":true,"community_notifications_enabled":null,"description":null}],"recoubs_count":1899,"remixes_count":4,"likes_count":10700,"dislikes_count":0,"raw_video_id":14290072,"uploaded_by_ios_app":false,"uploaded_by_android_app":false,"media_blocks":{"uploaded_raw_videos":[],"external_raw_videos":[],"remixed_from_coubs":[]},"raw_video_thumbnail_url":"/missing/missing.png","raw_video_title":"ezgif.com-gif-maker__2_.mkv","video_block_banned":false,"duration":9.32,"promo_winner":false,"promo_winner_recoubers":null,"editorial_info":{},"promo_hint":null,"beeline_best_2014":null,"from_web_editor":true,"normalize_sound":true,"normalize_change_allowed":true,"best2015_addable":false,"ahmad_promo":null,"promo_data":null,"audio_copyright_claim":null,"ads_disabled":false,"is_safe_for_ads":true,"megafon_contents":[],"position_on_page":4},{"flag":null,"abuses":null,"recoubs_by_users_channels":null,"favourite":false,"promoted_id":null,"recoub":null,"like":null,"dislike":null,"reaction":null,"in_my_best2015":false,"id":63133330,"type":"Coub::Simple","permalink":"11510h","title":"Fury of dance","visibility_type":"public","original_visibility_type":"public","channel_id":1923843,"created_at":"2017-12-26T07:57:58Z","updated_at":"2022-03-16T05:29:48Z","is_done":true,"views_count":584613,"cotd":true,"cotd_at":"2017-12-26","visible_on_explore_root":true,"visible_on_explore":true,"featured":true,"published":true,"published_at":"2017-12-26T07:57:58Z","reversed":false,"from_editor_v2":true,"is_editable":true,"original_sound":false,"has_sound":false,"recoub_to":null,"file_versions":{"html5":{"video":{"higher":{"url":"https://coub-anubis-a.akamaized.net/coub_storage/coub/simple/cw_file/cba7c1f6d39/0a8314e1b16000559d3d8/muted_mp4_huge_size_1569318101_muted_huge.mp4","size":2177100},"high":{"url":"https://coub-anubis-a.akamaized.net/coub_storage/coub/simple/cw_file/cba7c1f6d39/0a8314e1b16000559d3d8/muted_mp4_big_size_1569318101_muted_big.mp4","size":1740633},"med":{"url":"https://coub-anubis-a.akamaized.net/coub_storage/coub/simple/cw_file/cba7c1f6d39/0a8314e1b16000559d3d8/muted_mp4_med_size_1569318101_muted_med.mp4","size":406170}},"audio":{"high":{"url":"https://coub-anubis-a.akamaized.net/coub_storage/coub/simple/cw_looped_audio_high/dcc6e9e0a0d/894415007b923681a77b2/1605623146_high_1539705457_high.mp3","size":5563302},"med":{"url":"https://coub-anubis-a.akamaized.net/coub_storage/coub/simple/cw_looped_audio_med/220cd0d4140/ecef4268c6b8fa49996df/1605623146_med_1539705457_med.mp3","size":3984852}}},"mobile":{"video":"https://coub-anubis-a.akamaized.net/coub_storage/coub/simple/cw_file/cba7c1f6d39/0a8314e1b16000559d3d8/muted_mp4_med_size_1569318101_muted_med.mp4","audio":["https://coub-anubis-a.akamaized.net/coub_storage/coub/simple/cw_looped_audio_med/220cd0d4140/ecef4268c6b8fa49996df/1605623146_med_1539705457_med.mp3"]},"share":{"default":"https://coub-anubis-a.akamaized.net/coub_storage/coub/simple/cw_video_for_sharing/79926006307/aced063b67fa4b5e76581/1608488043_looped_1608488042.mp4"}},"audio_versions":{"template":"https://coub-anubis-a.akamaized.net/coub_storage/audio_track/cw_file/bf7bda5b1b6/99a3617dbc2a5674844e5/mid_1539705422_2rps2j_edited.mp3","versions":["mid","low"]},"image_versions":{"template":"https://coub-anubis-a.akamaized.net/coub_storage/coub/simple/cw_image/ef853f8d111/48c7ad608a4c62cd33cc4/1539705473_00031.jpg","versions":["micro","tiny","age_restricted","ios_large","ios_mosaic","big","med","small","pinterest"]},"first_frame_versions":{"template":"https://coub-anubis-a.akamaized.net/coub_storage/coub/simple/cw_timeline_pic/164fbc8423c/f474c5f702700a0b499b8/1539705472_image.jpg","versions":["big","med","small","ios_large"]},"dimensions":{"big":[1280,588],"med":[640,294]},"site_w_h":[640,294],"page_w_h":[640,294],"site_w_h_small":[310,142],"size":[1280,588],"age_restricted":false,"age_restricted_by_admin":false,"not_safe_for_work":false,"allow_reuse":false,"dont_crop":false,"banned":false,"global_safe":true,"audio_file_url":"https://coub-anubis-a.akamaized.net/coub_storage/audio_track/cw_file/bf7bda5b1b6/99a3617dbc2a5674844e5/low_1539705422_2rps2j_edited.mp3","external_download":false,"application":null,"channel":{"id":1923843,"permalink":"oilkeyscoub","title":"oilkeys","description":null,"followers_count":14873,"following_count":64,"avatar_versions":{"template":"https://coub-anubis-a.akamaized.net/coub_storage/channel/cw_avatar/3157d45371d/312dcef5dc6dc4655a6cd/%{version}_1607432441_157wfq1_1568828805_3.png","versions":["medium","medium_2x","profile_pic","profile_pic_new","profile_pic_new_2x","tiny","tiny_2x","small","small_2x","ios_large","ios_small"]}},"file":null,"picture":"https://coub-anubis-a.akamaized.net/coub_storage/coub/simple/cw_image/ef853f8d111/48c7ad608a4c62cd33cc4/1539705473_00031.jpg","timeline_picture":"https://coub-anubis-a.akamaized.net/coub_storage/coub/simple/cw_timeline_pic/164fbc8423c/f474c5f702700a0b499b8/1539705472_image.jpg","small_picture":"https://coub-anubis-a.akamaized.net/coub_storage/coub/simple/cw_image/ef853f8d111/48c7ad608a4c62cd33cc4/1539705473_00031.jpg","sharing_picture":null,"percent_done":100,"tags":[{"id":44528,"title":"tecktonik","value":"tecktonik"},{"id":73244,"title":"movie moments","value":"movie%20moments"},{"id":1558,"title":"film","value":"film"},{"id":174,"title":"funny","value":"funny"},{"id":169,"title":"fun","value":"fun"},{"id":182,"title":"dance","value":"dance"},{"id":180442,"title":"david ayer","value":"david%20ayer"},{"id":58853,"title":"jon bernthal","value":"jon%20bernthal"},{"id":219985,"title":"michael peña","value":"michael%20pe%C3%B1a"},{"id":48544,"title":"shia labeouf","value":"shia%20labeouf"},{"id":3474,"title":"brad pitt","value":"brad%20pitt"},{"id":1927677,"title":"oilkeys","value":"oilkeys"},{"id":154,"title":"movie","value":"movie"},{"id":73042,"title":"fury","value":"fury"}],"categories":[{"id":19,"title":"Movies & TV","permalink":"movies","subscriptions_count":10078577,"big_image_url":"https://coub-anubis-a.akamaized.net/coub_storage/category/cw_image/dda6b36d2fb/9ae8ba82060e5659de192/big_1544758441_movies2.png","small_image_url":"https://coub-anubis-a.akamaized.net/coub_storage/category/cw_image/dda6b36d2fb/9ae8ba82060e5659de192/small_1544758441_movies2.png","med_image_url":"https://coub-anubis-a.akamaized.net/coub_storage/category/cw_image/dda6b36d2fb/9ae8ba82060e5659de192/med_1544758441_movies2.png","visible":true}],"communities":[{"id":19,"title":"Movies & TV","permalink":"movies","subscriptions_count":10078577,"big_image_url":"https://coub-anubis-a.akamaized.net/coub_storage/category/cw_image/dda6b36d2fb/9ae8ba82060e5659de192/big_1544758441_movies2.png","small_image_url":"https://coub-anubis-a.akamaized.net/coub_storage/category/cw_image/dda6b36d2fb/9ae8ba82060e5659de192/small_1544758441_movies2.png","med_image_url":"https://coub-anubis-a.akamaized.net/coub_storage/category/cw_image/dda6b36d2fb/9ae8ba82060e5659de192/med_1544758441_movies2.png","i_subscribed":true,"community_notifications_enabled":null,"description":null}],"recoubs_count":2126,"remixes_count":19,"likes_count":10699,"dislikes_count":0,"raw_video_id":10813511,"uploaded_by_ios_app":false,"uploaded_by_android_app":false,"media_blocks":{"uploaded_raw_videos":[],"external_raw_videos":[],"remixed_from_coubs":[]},"raw_video_thumbnail_url":"/missing/missing.png","raw_video_title":"bpd01b.mp4","video_block_banned":false,"duration":9.6,"promo_winner":false,"promo_winner_recoubers":null,"editorial_info":{},"promo_hint":null,"beeline_best_2014":null,"from_web_editor":true,"normalize_sound":false,"normalize_change_allowed":true,"best2015_addable":false,"ahmad_promo":null,"promo_data":null,"audio_copyright_claim":null,"ads_disabled":false,"is_safe_for_ads":true,"megafon_contents":[],"position_on_page":5},{"flag":null,"abuses":null,"recoubs_by_users_channels":null,"favourite":false,"promoted_id":null,"recoub":null,"like":null,"dislike":null,"reaction":null,"in_my_best2015":false,"id":38175807,"type":"Coub::Simple","permalink":"ma3h9","title":"sad girl","visibility_type":"public","original_visibility_type":"public","channel_id":193471,"created_at":"2017-01-05T00:12:07Z","updated_at":"2022-03-16T07:48:42Z","is_done":true,"views_count":537278,"cotd":true,"cotd_at":"2017-01-05","visible_on_explore_root":true,"visible_on_explore":true,"featured":true,"published":true,"published_at":"2017-01-05T00:12:07Z","reversed":false,"from_editor_v2":true,"is_editable":true,"original_sound":false,"has_sound":false,"recoub_to":null,"file_versions":{"html5":{"video":{"higher":{"url":"https://coub-anubis-a.akamaized.net/coub_storage/coub/simple/cw_file/55e9836156e/30212ad8ccc5dd72fec52/muted_mp4_huge_size_1568081083_muted_huge.mp4","size":1793179},"high":{"url":"https://coub-anubis-a.akamaized.net/coub_storage/coub/simple/cw_file/55e9836156e/30212ad8ccc5dd72fec52/muted_mp4_big_size_1568081083_muted_big.mp4","size":1179611},"med":{"url":"https://coub-anubis-a.akamaized.net/coub_storage/coub/simple/cw_file/55e9836156e/30212ad8ccc5dd72fec52/muted_mp4_med_size_1568081083_muted_med.mp4","size":376797}},"audio":{"high":{"url":"https://coub-anubis-a.akamaized.net/coub_storage/coub/simple/cw_looped_audio_high/9d8683c9b5b/da318f6c35a478349d86e/1605570435_high_1483575205_high.mp3","size":9041107},"med":{"url":"https://coub-anubis-a.akamaized.net/coub_storage/coub/simple/cw_looped_audio_med/c6e64fe67ad/f5351278724ae78530e3c/1605570433_med_1483575205_med.mp3","size":7059838}}},"mobile":{"video":"https://coub-anubis-a.akamaized.net/coub_storage/coub/simple/cw_file/55e9836156e/30212ad8ccc5dd72fec52/muted_mp4_med_size_1568081083_muted_med.mp4","audio":["https://coub-anubis-a.akamaized.net/coub_storage/coub/simple/cw_looped_audio_med/c6e64fe67ad/f5351278724ae78530e3c/1605570433_med_1483575205_med.mp3"]},"share":{"default":"https://coub-anubis-a.akamaized.net/coub_storage/coub/simple/cw_video_for_sharing/5b2ecbc638b/3746016c74a899902b55a/1608518042_looped_1608518041.mp4"}},"audio_versions":{"template":"https://coub-anubis-a.akamaized.net/coub_storage/audio_track/cw_normalized_copy/2ebe86b1882/290d50477bdff5dadfabe/mid_1483575178_w1rfqp_normalized_1483575143_2drjji_edited.mp3","versions":["mid","low"]},"image_versions":{"template":"https://coub-anubis-a.akamaized.net/coub_storage/coub/simple/cw_image/4e3bf12e84d/593be43fca70666b168b3/1483575227_00016.jpg","versions":["micro","tiny","age_restricted","ios_large","ios_mosaic","big","med","small","pinterest"]},"first_frame_versions":{"template":"https://coub-anubis-a.akamaized.net/coub_storage/coub/simple/cw_timeline_pic/4fafb756d39/746af380a05e5b9c539d1/%{version}_1483575226_image.jpg","versions":["big","med","small","ios_large"]},"dimensions":{"big":[1170,960],"med":[584,480]},"site_w_h":[640,525],"page_w_h":[640,525],"site_w_h_small":[310,254],"size":[1170,960],"age_restricted":false,"age_restricted_by_admin":false,"not_safe_for_work":false,"allow_reuse":false,"dont_crop":false,"banned":false,"global_safe":true,"audio_file_url":"https://coub-anubis-a.akamaized.net/coub_storage/audio_track/cw_normalized_copy/2ebe86b1882/290d50477bdff5dadfabe/low_1483575178_w1rfqp_normalized_1483575143_2drjji_edited.mp3","external_download":{"type":"Gfycat","service_name":"Gfycat","url":"http://gfycat.com/NastyExcitableBunny?tagname=Trending&tvmode=1","has_embed":true},"application":null,"channel":{"id":193471,"permalink":"sergey-victrov","title":"Sergey Victrov","description":"𝕊𝕖𝕣𝕘𝕖𝕪 𝕍𝕚𝕔𝕥𝕣𝕠𝕧","followers_count":6256,"following_count":33,"avatar_versions":{"template":"https://coub-anubis-a.akamaized.net/coub_storage/channel/cw_avatar/3b389a68d38/88f5cfbb6ee01bd011709/%{version}_1474491887_1397585888179.jpg","versions":["medium","medium_2x","profile_pic","profile_pic_new","profile_pic_new_2x","tiny","tiny_2x","small","small_2x","ios_large","ios_small"]}},"file":null,"picture":"https://coub-anubis-a.akamaized.net/coub_storage/coub/simple/cw_image/4e3bf12e84d/593be43fca70666b168b3/1483575227_00016.jpg","timeline_picture":"https://coub-anubis-a.akamaized.net/coub_storage/coub/simple/cw_timeline_pic/4fafb756d39/746af380a05e5b9c539d1/ios_large_1483575226_image.jpg","small_picture":"https://coub-anubis-a.akamaized.net/coub_storage/coub/simple/cw_image/4e3bf12e84d/593be43fca70666b168b3/1483575227_00016.jpg","sharing_picture":null,"percent_done":100,"tags":[{"id":2107,"title":"ride","value":"ride"},{"id":86,"title":"music","value":"music"},{"id":1982,"title":"song","value":"song"},{"id":3223,"title":"intro","value":"intro"},{"id":9841,"title":"the xx","value":"the%20xx"},{"id":183,"title":"girl","value":"girl"},{"id":3171,"title":"horse","value":"horse"},{"id":2588,"title":"sad","value":"sad"}],"categories":[{"id":19,"title":"Movies & TV","permalink":"movies","subscriptions_count":10078577,"big_image_url":"https://coub-anubis-a.akamaized.net/coub_storage/category/cw_image/dda6b36d2fb/9ae8ba82060e5659de192/big_1544758441_movies2.png","small_image_url":"https://coub-anubis-a.akamaized.net/coub_storage/category/cw_image/dda6b36d2fb/9ae8ba82060e5659de192/small_1544758441_movies2.png","med_image_url":"https://coub-anubis-a.akamaized.net/coub_storage/category/cw_image/dda6b36d2fb/9ae8ba82060e5659de192/med_1544758441_movies2.png","visible":true}],"communities":[{"id":19,"title":"Movies & TV","permalink":"movies","subscriptions_count":10078577,"big_image_url":"https://coub-anubis-a.akamaized.net/coub_storage/category/cw_image/dda6b36d2fb/9ae8ba82060e5659de192/big_1544758441_movies2.png","small_image_url":"https://coub-anubis-a.akamaized.net/coub_storage/category/cw_image/dda6b36d2fb/9ae8ba82060e5659de192/small_1544758441_movies2.png","med_image_url":"https://coub-anubis-a.akamaized.net/coub_storage/category/cw_image/dda6b36d2fb/9ae8ba82060e5659de192/med_1544758441_movies2.png","i_subscribed":true,"community_notifications_enabled":null,"description":null}],"recoubs_count":2142,"remixes_count":32,"likes_count":10687,"dislikes_count":0,"raw_video_id":7630442,"uploaded_by_ios_app":false,"uploaded_by_android_app":false,"media_blocks":{"uploaded_raw_videos":[],"external_raw_videos":[{"id":14712551,"title":"Nasty Excitable Bunny","url":"https://gfycat.com/NastyExcitableBunny","image":"https://coub-anubis-a.akamaized.net/coub_storage/media_block/cw_image/ff973b0ed61/dee45383bdfca1e8da621/1490807543_1483572356_1t0xqsz_att-url-download.jpg","image_retina":"https://coub-anubis-a.akamaized.net/coub_storage/media_block/cw_image/ff973b0ed61/dee45383bdfca1e8da621/1490807543_1483572356_1t0xqsz_att-url-download.jpg","meta":{"service":"Gfycat","duration":"8.642"},"duration":8.642,"raw_video_id":7630442,"has_embed":true}],"remixed_from_coubs":[],"external_video":{"id":14712551,"title":"Nasty Excitable Bunny","url":"https://gfycat.com/NastyExcitableBunny","image":"https://coub-anubis-a.akamaized.net/coub_storage/media_block/cw_image/ff973b0ed61/dee45383bdfca1e8da621/1490807543_1483572356_1t0xqsz_att-url-download.jpg","image_retina":"https://coub-anubis-a.akamaized.net/coub_storage/media_block/cw_image/ff973b0ed61/dee45383bdfca1e8da621/1490807543_1483572356_1t0xqsz_att-url-download.jpg","meta":{"service":"Gfycat","duration":"8.642"},"duration":8.642,"raw_video_id":7630442,"has_embed":true}},"raw_video_thumbnail_url":"/missing/missing.png","raw_video_title":"Nasty Excitable Bunny","video_block_banned":false,"duration":4.8,"promo_winner":false,"promo_winner_recoubers":null,"editorial_info":{},"promo_hint":null,"beeline_best_2014":null,"from_web_editor":true,"normalize_sound":true,"normalize_change_allowed":true,"best2015_addable":false,"ahmad_promo":null,"promo_data":null,"audio_copyright_claim":null,"ads_disabled":null,"is_safe_for_ads":true,"megafon_contents":[],"position_on_page":6},{"flag":null,"abuses":null,"recoubs_by_users_channels":null,"favourite":false,"promoted_id":null,"recoub":null,"like":null,"dislike":null,"reaction":null,"in_my_best2015":false,"id":52645393,"type":"Coub::Simple","permalink":"uw8dt","title":"Ultimate Logan","visibility_type":"public","original_visibility_type":"public","channel_id":247349,"created_at":"2017-06-09T19:43:02Z","updated_at":"2022-03-16T05:18:36Z","is_done":true,"views_count":804184,"cotd":null,"cotd_at":null,"visible_on_explore_root":true,"visible_on_explore":true,"featured":true,"published":true,"published_at":"2017-06-09T19:43:02Z","reversed":false,"from_editor_v2":true,"is_editable":true,"original_sound":true,"has_sound":true,"recoub_to":null,"file_versions":{"html5":{"video":{"higher":{"url":"https://coub-anubis-a.akamaized.net/coub_storage/coub/simple/cw_file/45e181a439d/cb7a8c20959e9a69df548/muted_mp4_huge_size_1568118982_muted_huge.mp4","size":2701108},"high":{"url":"https://coub-anubis-a.akamaized.net/coub_storage/coub/simple/cw_file/45e181a439d/cb7a8c20959e9a69df548/muted_mp4_big_size_1568118982_muted_big.mp4","size":1994477},"med":{"url":"https://coub-anubis-a.akamaized.net/coub_storage/coub/simple/cw_file/45e181a439d/cb7a8c20959e9a69df548/muted_mp4_med_size_1568118982_muted_med.mp4","size":640642}},"audio":{"high":{"url":"https://coub-anubis-a.akamaized.net/coub_storage/coub/simple/cw_looped_audio_high/a2630c0ceff/ce1871fc3dc5a5cd2e585/1605602598_high_1497037954_high.mp3","size":1353645},"med":{"url":"https://coub-anubis-a.akamaized.net/coub_storage/coub/simple/cw_looped_audio_med/8f5d29bef09/783c5c299342b8555c41b/1605602597_med_1497037954_med.mp3","size":956598},"sample_duration":9.984}},"mobile":{"video":"https://coub-anubis-a.akamaized.net/coub_storage/coub/simple/cw_file/45e181a439d/cb7a8c20959e9a69df548/muted_mp4_med_size_1568118982_muted_med.mp4","audio":["https://coub-anubis-a.akamaized.net/coub_storage/coub/simple/cw_looped_audio_med/8f5d29bef09/783c5c299342b8555c41b/1605602597_med_1497037954_med.mp3"]},"share":{"default":"https://coub-anubis-a.akamaized.net/coub_storage/coub/simple/cw_video_for_sharing/237cd3b17ca/bd517a2190cf1b1000444/1615655977_looped_1615655976.mp4"}},"audio_versions":{},"image_versions":{"template":"https://coub-anubis-a.akamaized.net/coub_storage/coub/simple/cw_image/c55fe7a0a50/5d8073d8a4d85ca34b33f/1497037977_00032.jpg","versions":["micro","tiny","age_restricted","ios_large","ios_mosaic","big","med","small","pinterest"]},"first_frame_versions":{"template":"https://coub-anubis-a.akamaized.net/coub_storage/coub/simple/cw_timeline_pic/27e9b58de0d/8590576895aacb3f0a15d/%{version}_1497037975_image.jpg","versions":["big","med","small","ios_large"]},"dimensions":{"big":[1280,532],"med":[640,266]},"site_w_h":[640,266],"page_w_h":[640,266],"site_w_h_small":[310,129],"size":[1280,532],"age_restricted":false,"age_restricted_by_admin":false,"not_safe_for_work":false,"allow_reuse":false,"dont_crop":false,"banned":false,"global_safe":true,"audio_file_url":null,"external_download":false,"application":null,"channel":{"id":247349,"permalink":"k.g.original.coub","title":"Konstantin Gertner","description":"i make it","followers_count":3375,"following_count":241,"avatar_versions":{"template":"https://coub-anubis-a.akamaized.net/coub_storage/channel/cw_avatar/96e552b62b1/8068309c4e0580788ced2/%{version}_1474494845_logoKosm1.png","versions":["medium","medium_2x","profile_pic","profile_pic_new","profile_pic_new_2x","tiny","tiny_2x","small","small_2x","ios_large","ios_small"]}},"file":null,"picture":"https://coub-anubis-a.akamaized.net/coub_storage/coub/simple/cw_image/c55fe7a0a50/5d8073d8a4d85ca34b33f/1497037977_00032.jpg","timeline_picture":"https://coub-anubis-a.akamaized.net/coub_storage/coub/simple/cw_timeline_pic/27e9b58de0d/8590576895aacb3f0a15d/ios_large_1497037975_image.jpg","small_picture":"https://coub-anubis-a.akamaized.net/coub_storage/coub/simple/cw_image/c55fe7a0a50/5d8073d8a4d85ca34b33f/1497037977_00032.jpg","sharing_picture":null,"percent_done":100,"tags":[{"id":18729,"title":"logan","value":"logan"},{"id":1493448,"title":"denzel curry ultimate","value":"denzel%20curry%20ultimate"},{"id":343960,"title":"denzel curry","value":"denzel%20curry"},{"id":13162,"title":"ultimate","value":"ultimate"}],"categories":[{"id":19,"title":"Movies & TV","permalink":"movies","subscriptions_count":10078577,"big_image_url":"https://coub-anubis-a.akamaized.net/coub_storage/category/cw_image/dda6b36d2fb/9ae8ba82060e5659de192/big_1544758441_movies2.png","small_image_url":"https://coub-anubis-a.akamaized.net/coub_storage/category/cw_image/dda6b36d2fb/9ae8ba82060e5659de192/small_1544758441_movies2.png","med_image_url":"https://coub-anubis-a.akamaized.net/coub_storage/category/cw_image/dda6b36d2fb/9ae8ba82060e5659de192/med_1544758441_movies2.png","visible":true}],"communities":[{"id":19,"title":"Movies & TV","permalink":"movies","subscriptions_count":10078577,"big_image_url":"https://coub-anubis-a.akamaized.net/coub_storage/category/cw_image/dda6b36d2fb/9ae8ba82060e5659de192/big_1544758441_movies2.png","small_image_url":"https://coub-anubis-a.akamaized.net/coub_storage/category/cw_image/dda6b36d2fb/9ae8ba82060e5659de192/small_1544758441_movies2.png","med_image_url":"https://coub-anubis-a.akamaized.net/coub_storage/category/cw_image/dda6b36d2fb/9ae8ba82060e5659de192/med_1544758441_movies2.png","i_subscribed":true,"community_notifications_enabled":null,"description":null}],"recoubs_count":2135,"remixes_count":16,"likes_count":10684,"dislikes_count":0,"raw_video_id":9765526,"uploaded_by_ios_app":false,"uploaded_by_android_app":false,"media_blocks":{"uploaded_raw_videos":[],"external_raw_videos":[],"remixed_from_coubs":[]},"raw_video_thumbnail_url":"/missing/missing.png","raw_video_title":"_____.mp4","video_block_banned":false,"duration":10.0,"promo_winner":false,"promo_winner_recoubers":null,"editorial_info":{},"promo_hint":null,"beeline_best_2014":null,"from_web_editor":true,"normalize_sound":false,"normalize_change_allowed":true,"best2015_addable":false,"ahmad_promo":null,"promo_data":null,"audio_copyright_claim":null,"ads_disabled":null,"is_safe_for_ads":true,"megafon_contents":[],"position_on_page":7},{"flag":null,"abuses":null,"recoubs_by_users_channels":null,"favourite":false,"promoted_id":null,"recoub":null,"like":null,"dislike":null,"reaction":null,"in_my_best2015":false,"id":66490928,"type":"Coub::Simple","permalink":"1353xm","title":"Joker Got Talent","visibility_type":"public","original_visibility_type":"public","channel_id":2051380,"created_at":"2018-02-09T10:01:56Z","updated_at":"2022-03-14T19:58:52Z","is_done":true,"views_count":694388,"cotd":null,"cotd_at":null,"visible_on_explore_root":true,"visible_on_explore":true,"featured":true,"published":true,"published_at":"2018-02-09T10:01:56Z","reversed":false,"from_editor_v2":true,"is_editable":true,"original_sound":false,"has_sound":false,"recoub_to":null,"file_versions":{"html5":{"video":{"higher":{"url":"https://coub-anubis-a.akamaized.net/coub_storage/coub/simple/cw_file/438f4163023/3c6caddc0481d8558d863/muted_mp4_huge_size_1568192227_muted_huge.mp4","size":1994866},"high":{"url":"https://coub-anubis-a.akamaized.net/coub_storage/coub/simple/cw_file/438f4163023/3c6caddc0481d8558d863/muted_mp4_big_size_1568192227_muted_big.mp4","size":1502861},"med":{"url":"https://coub-anubis-a.akamaized.net/coub_storage/coub/simple/cw_file/438f4163023/3c6caddc0481d8558d863/muted_mp4_med_size_1568192227_muted_med.mp4","size":475565}},"audio":{"high":{"url":"https://coub-anubis-a.akamaized.net/coub_storage/coub/simple/cw_looped_audio_high/74e8a8f2f97/080adddef33fb03553021/1605630707_high_1518171853_high.mp3","size":679060},"med":{"url":"https://coub-anubis-a.akamaized.net/coub_storage/coub/simple/cw_looped_audio_med/4feee551b67/0f3b75119affeb68d0ab4/1605630706_med_1518171853_med.mp3","size":480071}}},"mobile":{"video":"https://coub-anubis-a.akamaized.net/coub_storage/coub/simple/cw_file/438f4163023/3c6caddc0481d8558d863/muted_mp4_med_size_1568192227_muted_med.mp4","audio":["https://coub-anubis-a.akamaized.net/coub_storage/coub/simple/cw_looped_audio_med/4feee551b67/0f3b75119affeb68d0ab4/1605630706_med_1518171853_med.mp3"]},"share":{"default":"https://coub-anubis-a.akamaized.net/coub_storage/coub/simple/cw_video_for_sharing/2963bff7100/4a107c8c5bcc5ae0a12fd/1608564945_looped_1608564944.mp4"}},"audio_versions":{"template":"https://coub-anubis-a.akamaized.net/coub_storage/audio_track/cw_file/f1af25f9319/7617f9e268f07a68ad225/mid_1518171598_audio.mp3","versions":["mid","low"]},"image_versions":{"template":"https://coub-anubis-a.akamaized.net/coub_storage/coub/simple/cw_image/e59eb407de6/975dd83635f9c4b554295/1518171861_00032.jpg","versions":["micro","tiny","age_restricted","ios_large","ios_mosaic","big","med","small","pinterest"]},"first_frame_versions":{"template":"https://coub-anubis-a.akamaized.net/coub_storage/coub/simple/cw_timeline_pic/362a96cce37/a4c6eb1df232f2208f3e5/%{version}_1518171861_image.jpg","versions":["big","med","small","ios_large"]},"dimensions":{"big":[1280,530],"med":[640,264]},"site_w_h":[640,265],"page_w_h":[640,265],"site_w_h_small":[310,128],"size":[1280,530],"age_restricted":false,"age_restricted_by_admin":false,"not_safe_for_work":false,"allow_reuse":false,"dont_crop":false,"banned":false,"global_safe":true,"audio_file_url":"https://coub-anubis-a.akamaized.net/coub_storage/audio_track/cw_file/f1af25f9319/7617f9e268f07a68ad225/low_1518171598_audio.mp3","external_download":false,"application":null,"channel":{"id":2051380,"permalink":"alihan.draw","title":"Alihandraw","description":null,"followers_count":13460,"following_count":162,"avatar_versions":{"template":"https://coub-anubis-a.akamaized.net/coub_storage/channel/cw_avatar/470dffe04b6/4bb24bb2315d92cd306c3/%{version}_1607432581_ramn2m_1524067227_Base_channel_AV.png","versions":["medium","medium_2x","profile_pic","profile_pic_new","profile_pic_new_2x","tiny","tiny_2x","small","small_2x","ios_large","ios_small"]}},"file":null,"picture":"https://coub-anubis-a.akamaized.net/coub_storage/coub/simple/cw_image/e59eb407de6/975dd83635f9c4b554295/1518171861_00032.jpg","timeline_picture":"https://coub-anubis-a.akamaized.net/coub_storage/coub/simple/cw_timeline_pic/362a96cce37/a4c6eb1df232f2208f3e5/ios_large_1518171861_image.jpg","small_picture":"https://coub-anubis-a.akamaized.net/coub_storage/coub/simple/cw_image/e59eb407de6/975dd83635f9c4b554295/1518171861_00032.jpg","sharing_picture":null,"percent_done":100,"tags":[{"id":715,"title":"dark knight","value":"dark%20knight"},{"id":716,"title":"joker","value":"joker"},{"id":48984,"title":"pencil","value":"pencil"},{"id":2694,"title":"magic","value":"magic"},{"id":309,"title":"queen","value":"queen"},{"id":132303,"title":"it's a kind of magic","value":"it's%20a%20kind%20of%20magic"},{"id":353463,"title":"britain got talent","value":"britain%20got%20talent"},{"id":86821,"title":"movie scene","value":"movie%20scene"},{"id":192569,"title":"mashups","value":"mashups"}],"categories":[{"id":19,"title":"Movies & TV","permalink":"movies","subscriptions_count":10078577,"big_image_url":"https://coub-anubis-a.akamaized.net/coub_storage/category/cw_image/dda6b36d2fb/9ae8ba82060e5659de192/big_1544758441_movies2.png","small_image_url":"https://coub-anubis-a.akamaized.net/coub_storage/category/cw_image/dda6b36d2fb/9ae8ba82060e5659de192/small_1544758441_movies2.png","med_image_url":"https://coub-anubis-a.akamaized.net/coub_storage/category/cw_image/dda6b36d2fb/9ae8ba82060e5659de192/med_1544758441_movies2.png","visible":true}],"communities":[{"id":19,"title":"Movies & TV","permalink":"movies","subscriptions_count":10078577,"big_image_url":"https://coub-anubis-a.akamaized.net/coub_storage/category/cw_image/dda6b36d2fb/9ae8ba82060e5659de192/big_1544758441_movies2.png","small_image_url":"https://coub-anubis-a.akamaized.net/coub_storage/category/cw_image/dda6b36d2fb/9ae8ba82060e5659de192/small_1544758441_movies2.png","med_image_url":"https://coub-anubis-a.akamaized.net/coub_storage/category/cw_image/dda6b36d2fb/9ae8ba82060e5659de192/med_1544758441_movies2.png","i_subscribed":true,"community_notifications_enabled":null,"description":null}],"recoubs_count":2247,"remixes_count":5,"likes_count":10682,"dislikes_count":0,"raw_video_id":11094390,"uploaded_by_ios_app":false,"uploaded_by_android_app":false,"media_blocks":{"uploaded_raw_videos":[],"external_raw_videos":[],"remixed_from_coubs":[]},"raw_video_thumbnail_url":"/missing/missing.png","raw_video_title":"Magic_Pencil.mp4","video_block_banned":false,"duration":10.0,"promo_winner":false,"promo_winner_recoubers":null,"editorial_info":{},"promo_hint":null,"beeline_best_2014":null,"from_web_editor":true,"normalize_sound":false,"normalize_change_allowed":true,"best2015_addable":false,"ahmad_promo":null,"promo_data":null,"audio_copyright_claim":null,"ads_disabled":false,"is_safe_for_ads":true,"megafon_contents":[],"position_on_page":8},{"flag":null,"abuses":null,"recoubs_by_users_channels":null,"favourite":false,"promoted_id":null,"recoub":null,"like":null,"dislike":null,"reaction":null,"in_my_best2015":false,"id":136718070,"type":"Coub::Simple","permalink":"291otc","title":"1 9 1 7","visibility_type":"public","original_visibility_type":"public","channel_id":3485048,"created_at":"2020-02-10T14:49:27Z","updated_at":"2022-03-16T05:57:35Z","is_done":true,"views_count":991901,"cotd":true,"cotd_at":"2020-02-11","visible_on_explore_root":true,"visible_on_explore":true,"featured":true,"published":true,"published_at":"2020-02-10T14:49:27Z","reversed":false,"from_editor_v2":true,"is_editable":true,"original_sound":false,"has_sound":false,"recoub_to":null,"file_versions":{"html5":{"video":{"higher":{"url":"https://coub-anubis-a.akamaized.net/coub_storage/coub/simple/cw_file/2e8050ed65b/3363f34c4c783b8435714/muted_mp4_huge_size_1612698767_muted_huge.mp4","size":3961157},"high":{"url":"https://coub-anubis-a.akamaized.net/coub_storage/coub/simple/cw_file/2e8050ed65b/3363f34c4c783b8435714/muted_mp4_big_size_1612698767_muted_big.mp4","size":2996586},"med":{"url":"https://coub-anubis-a.akamaized.net/coub_storage/coub/simple/cw_file/2e8050ed65b/3363f34c4c783b8435714/muted_mp4_med_size_1612698767_muted_med.mp4","size":685420}},"audio":{"high":{"url":"https://coub-anubis-a.akamaized.net/coub_storage/coub/simple/cw_looped_audio_high/4394ac6590c/a77c272144321ff0b19cc/1612698797_mp3-high.mp3","size":2756398},"med":{"url":"https://coub-anubis-a.akamaized.net/coub_storage/coub/simple/cw_looped_audio_med/e9f48842cc4/6ab85ce6f689a7917ea34/1612698794_mp3-med.mp3","size":2129306}}},"mobile":{"video":"https://coub-anubis-a.akamaized.net/coub_storage/coub/simple/cw_file/2e8050ed65b/3363f34c4c783b8435714/muted_mp4_med_size_1612698767_muted_med.mp4","audio":["https://coub-anubis-a.akamaized.net/coub_storage/coub/simple/cw_looped_audio_med/e9f48842cc4/6ab85ce6f689a7917ea34/1612698794_mp3-med.mp3"]},"share":{"default":"https://coub-anubis-a.akamaized.net/coub_storage/coub/simple/cw_video_for_sharing/395eab402e1/b7ae4db274b6303fa804a/1612698821_looped_1612698820.mp4"}},"audio_versions":{"template":"https://coub-anubis-a.akamaized.net/coub_storage/audio_track/cw_normalized_copy/e62889084f8/ec111315f6fb89e5803c2/mid_1612698785_normalized_1612698771_g11ljx_edited.mp3","versions":["mid","low"]},"image_versions":{"template":"https://coub-anubis-a.akamaized.net/coub_storage/coub/simple/cw_image/86ab260d980/4e135b6cd3d123fb48ac5/%{version}_1612698801_00022.jpg","versions":["micro","tiny","age_restricted","ios_large","ios_mosaic","big","med","small","pinterest"]},"first_frame_versions":{"template":"https://coub-anubis-a.akamaized.net/coub_storage/coub/simple/cw_timeline_pic/5e4eee66b13/421cf51e1afc43706751c/%{version}_1612698801_image.jpg","versions":["big","med","small","ios_large"]},"dimensions":{"big":[1280,536],"med":[640,268]},"site_w_h":[640,268],"page_w_h":[640,268],"site_w_h_small":[310,130],"size":[1280,536],"age_restricted":false,"age_restricted_by_admin":false,"not_safe_for_work":false,"allow_reuse":false,"dont_crop":false,"banned":false,"global_safe":true,"audio_file_url":"https://coub-anubis-a.akamaized.net/coub_storage/audio_track/cw_normalized_copy/e62889084f8/ec111315f6fb89e5803c2/low_1612698785_normalized_1612698771_g11ljx_edited.mp3","external_download":false,"application":null,"channel":{"id":3485048,"permalink":"irakli.kvinikadze","title":"irakli Kvinikadze","description":null,"followers_count":23340,"following_count":72,"avatar_versions":{"template":"https://coub-anubis-a.akamaized.net/coub_storage/channel/cw_avatar/8b60a6d051a/df98acf64bafde8b9f28d/%{version}_1607419530_17xb2c2_1568925983_Saoirse_Ronan.png","versions":["medium","medium_2x","profile_pic","profile_pic_new","profile_pic_new_2x","tiny","tiny_2x","small","small_2x","ios_large","ios_small"]}},"file":null,"picture":"https://coub-anubis-a.akamaized.net/coub_storage/coub/simple/cw_image/86ab260d980/4e135b6cd3d123fb48ac5/med_1612698801_00022.jpg","timeline_picture":"https://coub-anubis-a.akamaized.net/coub_storage/coub/simple/cw_timeline_pic/5e4eee66b13/421cf51e1afc43706751c/ios_large_1612698801_image.jpg","small_picture":"https://coub-anubis-a.akamaized.net/coub_storage/coub/simple/cw_image/86ab260d980/4e135b6cd3d123fb48ac5/ios_mosaic_1612698801_00022.jpg","sharing_picture":null,"percent_done":100,"tags":[{"id":1374623,"title":"george mackay","value":"george%20mackay"},{"id":38181,"title":"sam mendes","value":"sam%20mendes"},{"id":93137,"title":"1917","value":"1917"},{"id":73244,"title":"movie moments","value":"movie%20moments"},{"id":1304071,"title":"perfect loops","value":"perfect%20loops"},{"id":808295,"title":"world war 1","value":"world%20war%201"},{"id":178947,"title":"action scenes","value":"action%20scenes"}],"categories":[{"id":19,"title":"Movies & TV","permalink":"movies","subscriptions_count":10078577,"big_image_url":"https://coub-anubis-a.akamaized.net/coub_storage/category/cw_image/dda6b36d2fb/9ae8ba82060e5659de192/big_1544758441_movies2.png","small_image_url":"https://coub-anubis-a.akamaized.net/coub_storage/category/cw_image/dda6b36d2fb/9ae8ba82060e5659de192/small_1544758441_movies2.png","med_image_url":"https://coub-anubis-a.akamaized.net/coub_storage/category/cw_image/dda6b36d2fb/9ae8ba82060e5659de192/med_1544758441_movies2.png","visible":true}],"communities":[{"id":19,"title":"Movies & TV","permalink":"movies","subscriptions_count":10078577,"big_image_url":"https://coub-anubis-a.akamaized.net/coub_storage/category/cw_image/dda6b36d2fb/9ae8ba82060e5659de192/big_1544758441_movies2.png","small_image_url":"https://coub-anubis-a.akamaized.net/coub_storage/category/cw_image/dda6b36d2fb/9ae8ba82060e5659de192/small_1544758441_movies2.png","med_image_url":"https://coub-anubis-a.akamaized.net/coub_storage/category/cw_image/dda6b36d2fb/9ae8ba82060e5659de192/med_1544758441_movies2.png","i_subscribed":true,"community_notifications_enabled":null,"description":null}],"recoubs_count":1926,"remixes_count":2,"likes_count":10681,"dislikes_count":0,"raw_video_id":14803731,"uploaded_by_ios_app":false,"uploaded_by_android_app":false,"media_blocks":{"uploaded_raw_videos":[],"external_raw_videos":[],"remixed_from_coubs":[]},"raw_video_thumbnail_url":"/missing/missing.png","raw_video_title":"1.mp4","video_block_banned":false,"duration":7.0,"promo_winner":false,"promo_winner_recoubers":null,"editorial_info":{},"promo_hint":null,"beeline_best_2014":null,"from_web_editor":true,"normalize_sound":true,"normalize_change_allowed":true,"best2015_addable":false,"ahmad_promo":null,"promo_data":null,"audio_copyright_claim":null,"ads_disabled":false,"is_safe_for_ads":true,"megafon_contents":[],"position_on_page":9},{"flag":null,"abuses":null,"recoubs_by_users_channels":null,"favourite":false,"promoted_id":null,"recoub":null,"like":null,"dislike":null,"reaction":null,"in_my_best2015":false,"id":70503516,"type":"Coub::Simple","permalink":"15jn2l","title":"Happy day","visibility_type":"public","original_visibility_type":"public","channel_id":1282720,"created_at":"2018-03-28T10:01:08Z","updated_at":"2022-03-15T23:35:29Z","is_done":true,"views_count":608626,"cotd":null,"cotd_at":null,"visible_on_explore_root":true,"visible_on_explore":true,"featured":true,"published":true,"published_at":"2018-03-28T10:01:07Z","reversed":false,"from_editor_v2":true,"is_editable":true,"original_sound":true,"has_sound":true,"recoub_to":null,"file_versions":{"html5":{"video":{"higher":{"url":"https://coub-anubis-a.akamaized.net/coub_storage/coub/simple/cw_file/71a5de29004/4bbd47933a3429aa3ef66/muted_mp4_huge_size_1568213318_muted_huge.mp4","size":3192380},"high":{"url":"https://coub-anubis-a.akamaized.net/coub_storage/coub/simple/cw_file/71a5de29004/4bbd47933a3429aa3ef66/muted_mp4_big_size_1568213318_muted_big.mp4","size":2046266},"med":{"url":"https://coub-anubis-a.akamaized.net/coub_storage/coub/simple/cw_file/71a5de29004/4bbd47933a3429aa3ef66/muted_mp4_med_size_1568213318_muted_med.mp4","size":675057}},"audio":{"high":{"url":"https://coub-anubis-a.akamaized.net/coub_storage/coub/simple/cw_looped_audio_high/af6b2b35727/5eb85e525e81348c3cf5f/1605642474_high_1522231273_high.mp3","size":803422},"med":{"url":"https://coub-anubis-a.akamaized.net/coub_storage/coub/simple/cw_looped_audio_med/892b06e3b38/14894544cd72341077bd0/1605642474_med_1522231273_med.mp3","size":784516},"sample_duration":10.009}},"mobile":{"video":"https://coub-anubis-a.akamaized.net/coub_storage/coub/simple/cw_file/71a5de29004/4bbd47933a3429aa3ef66/muted_mp4_med_size_1568213318_muted_med.mp4","audio":["https://coub-anubis-a.akamaized.net/coub_storage/coub/simple/cw_looped_audio_med/892b06e3b38/14894544cd72341077bd0/1605642474_med_1522231273_med.mp3"]},"share":{"default":"https://coub-anubis-a.akamaized.net/coub_storage/coub/simple/cw_video_for_sharing/938b165b5b5/5a950b9d45f9fe2af4a94/1608321003_looped_1608321002.mp4"}},"audio_versions":{},"image_versions":{"template":"https://coub-anubis-a.akamaized.net/coub_storage/coub/simple/cw_image/69acffe3365/704515501fc136b850a5d/1522231278_00032.jpg","versions":["micro","tiny","age_restricted","ios_large","ios_mosaic","big","med","small","pinterest"]},"first_frame_versions":{"template":"https://coub-anubis-a.akamaized.net/coub_storage/coub/simple/cw_timeline_pic/da5153c3db6/4faa3eea1c2be5d505be9/%{version}_1522231278_image.jpg","versions":["big","med","small","ios_large"]},"dimensions":{"big":[1280,720],"med":[640,360]},"site_w_h":[640,360],"page_w_h":[640,360],"site_w_h_small":[310,174],"size":[1280,720],"age_restricted":false,"age_restricted_by_admin":false,"not_safe_for_work":false,"allow_reuse":false,"dont_crop":false,"banned":false,"global_safe":true,"audio_file_url":null,"external_download":{"type":"Facebook","service_name":"Facebook","url":"http://www.facebook.com/thebestgifsofficial/videos/1660468987406598/","has_embed":false},"application":null,"channel":{"id":1282720,"permalink":"dreamervl","title":"Vladislav Cigolea","description":null,"followers_count":180,"following_count":58,"avatar_versions":{"template":"https://coub-anubis-a.akamaized.net/coub_storage/channel/cw_avatar/05fc503ecf2/6f7478e5d9ceafb33dcc6/%{version}_1607594060_6ku9wn_1512509404_filename.jpeg","versions":["medium","medium_2x","profile_pic","profile_pic_new","profile_pic_new_2x","tiny","tiny_2x","small","small_2x","ios_large","ios_small"]}},"file":null,"picture":"https://coub-anubis-a.akamaized.net/coub_storage/coub/simple/cw_image/69acffe3365/704515501fc136b850a5d/1522231278_00032.jpg","timeline_picture":"https://coub-anubis-a.akamaized.net/coub_storage/coub/simple/cw_timeline_pic/da5153c3db6/4faa3eea1c2be5d505be9/ios_large_1522231278_image.jpg","small_picture":"https://coub-anubis-a.akamaized.net/coub_storage/coub/simple/cw_image/69acffe3365/704515501fc136b850a5d/1522231278_00032.jpg","sharing_picture":null,"percent_done":100,"tags":[{"id":2837,"title":"bane","value":"bane"},{"id":169,"title":"fun","value":"fun"},{"id":174,"title":"funny","value":"funny"},{"id":4480,"title":"приколы","value":"%D0%BF%D1%80%D0%B8%D0%BA%D0%BE%D0%BB%D1%8B"},{"id":1982,"title":"song","value":"song"},{"id":105373,"title":"coub of the day","value":"coub%20of%20the%20day"}],"categories":[{"id":19,"title":"Movies & TV","permalink":"movies","subscriptions_count":10078577,"big_image_url":"https://coub-anubis-a.akamaized.net/coub_storage/category/cw_image/dda6b36d2fb/9ae8ba82060e5659de192/big_1544758441_movies2.png","small_image_url":"https://coub-anubis-a.akamaized.net/coub_storage/category/cw_image/dda6b36d2fb/9ae8ba82060e5659de192/small_1544758441_movies2.png","med_image_url":"https://coub-anubis-a.akamaized.net/coub_storage/category/cw_image/dda6b36d2fb/9ae8ba82060e5659de192/med_1544758441_movies2.png","visible":true}],"communities":[{"id":19,"title":"Movies & TV","permalink":"movies","subscriptions_count":10078577,"big_image_url":"https://coub-anubis-a.akamaized.net/coub_storage/category/cw_image/dda6b36d2fb/9ae8ba82060e5659de192/big_1544758441_movies2.png","small_image_url":"https://coub-anubis-a.akamaized.net/coub_storage/category/cw_image/dda6b36d2fb/9ae8ba82060e5659de192/small_1544758441_movies2.png","med_image_url":"https://coub-anubis-a.akamaized.net/coub_storage/category/cw_image/dda6b36d2fb/9ae8ba82060e5659de192/med_1544758441_movies2.png","i_subscribed":true,"community_notifications_enabled":null,"description":null}],"recoubs_count":2230,"remixes_count":44,"likes_count":10645,"dislikes_count":0,"raw_video_id":11411884,"uploaded_by_ios_app":true,"uploaded_by_android_app":false,"media_blocks":{"uploaded_raw_videos":[],"external_raw_videos":[{"id":25583905,"title":"turn the volume on holy shit this is one of the best videos i have seen in a ...","url":"https://www.facebook.com/thebestgifsofficial/videos/1660468987406598","image":null,"image_retina":null,"meta":{"service":"Facebook","duration":"60.28"},"duration":60.28,"raw_video_id":11411884,"has_embed":false}],"remixed_from_coubs":[],"external_video":{"id":25583905,"title":"turn the volume on holy shit this is one of the best videos i have seen in a ...","url":"https://www.facebook.com/thebestgifsofficial/videos/1660468987406598","image":null,"image_retina":null,"meta":{"service":"Facebook","duration":"60.28"},"duration":60.28,"raw_video_id":11411884,"has_embed":false}},"raw_video_thumbnail_url":"/missing/missing.png","raw_video_title":"turn the volume on holy shit this is one of the best videos i have seen in a ...","video_block_banned":false,"duration":10.0,"promo_winner":false,"promo_winner_recoubers":null,"editorial_info":{},"promo_hint":null,"beeline_best_2014":null,"from_web_editor":false,"normalize_sound":true,"normalize_change_allowed":true,"best2015_addable":false,"ahmad_promo":null,"promo_data":null,"audio_copyright_claim":null,"ads_disabled":false,"is_safe_for_ads":true,"megafon_contents":[],"position_on_page":10}]}