{"page":271,"per_page":10,"total_pages":500,"coubs":[{"flag":null,"abuses":null,"recoubs_by_users_channels":null,"favourite":false,"promoted_id":null,"recoub":null,"like":null,"dislike":null,"reaction":null,"in_my_best2015":false,"id":153621953,"type":"Coub::Simple","permalink":"2j467w","title":"Нет нет нет нет нет","visibility_type":"public","original_visibility_type":"public","channel_id":296319,"created_at":"2020-09-11T15:15:13Z","updated_at":"2022-03-09T02:58:40Z","is_done":true,"views_count":132512,"cotd":null,"cotd_at":null,"visible_on_explore_root":false,"visible_on_explore":false,"featured":false,"published":true,"published_at":"2020-09-11T15:15:13Z","reversed":false,"from_editor_v2":true,"is_editable":true,"original_sound":false,"has_sound":false,"recoub_to":null,"file_versions":{"html5":{"video":{"higher":{"url":"https://coub-anubis-a.akamaized.net/coub_storage/coub/simple/cw_file/8dcdd102fb2/6a154182eaa9df72326a7/muted_mp4_huge_size_1599837461_muted_huge.mp4","size":2432329},"high":{"url":"https://coub-anubis-a.akamaized.net/coub_storage/coub/simple/cw_file/8dcdd102fb2/6a154182eaa9df72326a7/muted_mp4_big_size_1599837461_muted_big.mp4","size":1716165},"med":{"url":"https://coub-anubis-a.akamaized.net/coub_storage/coub/simple/cw_file/8dcdd102fb2/6a154182eaa9df72326a7/muted_mp4_med_size_1599837461_muted_med.mp4","size":425826}},"audio":{"high":{"url":"https://coub-anubis-a.akamaized.net/coub_storage/coub/simple/cw_looped_audio_high/b23b84d5613/9766b223aa6e030181f51/1607277103_high_1599837478_high.mp3","size":2498502},"med":{"url":"https://coub-anubis-a.akamaized.net/coub_storage/coub/simple/cw_looped_audio_med/8649e41c0e7/5973aea3146c0fb611e8e/1607277101_med_1599837478_med.mp3","size":2125449}}},"mobile":{"video":"https://coub-anubis-a.akamaized.net/coub_storage/coub/simple/cw_file/8dcdd102fb2/6a154182eaa9df72326a7/muted_mp4_med_size_1599837461_muted_med.mp4","audio":["https://coub-anubis-a.akamaized.net/coub_storage/coub/simple/cw_looped_audio_med/8649e41c0e7/5973aea3146c0fb611e8e/1607277101_med_1599837478_med.mp3"]},"share":{"default":"https://coub-anubis-a.akamaized.net/coub_storage/coub/simple/cw_video_for_sharing/2a11cdb03e6/7e2b43518e957a44b540d/1608673868_looped_1608673867.mp4"}},"audio_versions":{"template":"https://coub-anubis-a.akamaized.net/coub_storage/audio_track/cw_normalized_copy/f64e9d2e118/045dde0508480fbc7c099/mid_1599837469_normalized_1599836866_audio.mp3","versions":["mid","low"]},"image_versions":{"template":"https://coub-anubis-a.akamaized.net/coub_storage/coub/simple/cw_image/ebc709dc750/235fe0645b266bff28fc8/1599837492_00031.jpg","versions":["micro","tiny","age_restricted","ios_large","ios_mosaic","big","med","small","pinterest"]},"first_frame_versions":{"template":"https://coub-anubis-a.akamaized.net/coub_storage/coub/simple/cw_timeline_pic/669511246a1/70889eb09aba4aef8443d/%{version}_1599837491_image.jpg","versions":["big","med","small","ios_large"]},"dimensions":{"big":[1280,720],"med":[640,360]},"site_w_h":[640,360],"page_w_h":[640,360],"site_w_h_small":[310,174],"size":[1280,720],"age_restricted":false,"age_restricted_by_admin":false,"not_safe_for_work":false,"allow_reuse":false,"dont_crop":false,"banned":false,"global_safe":null,"audio_file_url":"https://coub-anubis-a.akamaized.net/coub_storage/audio_track/cw_normalized_copy/f64e9d2e118/045dde0508480fbc7c099/low_1599837469_normalized_1599836866_audio.mp3","external_download":{"type":"Youtube","service_name":"YouTube","url":"https://youtu.be/aITZIL2Kea0","has_embed":true},"application":null,"channel":{"id":296319,"permalink":"hom1eboy","title":"hom1e","description":null,"followers_count":6,"following_count":4,"avatar_versions":{"template":"https://coub-anubis-a.akamaized.net/coub_storage/channel/cw_avatar/7b14050b1f3/ba8da93e6275c91189f9b/%{version}_1474497540_1p5tf4o_att-url-download.jpg","versions":["medium","medium_2x","profile_pic","profile_pic_new","profile_pic_new_2x","tiny","tiny_2x","small","small_2x","ios_large","ios_small"]}},"file":null,"picture":"https://coub-anubis-a.akamaized.net/coub_storage/coub/simple/cw_image/ebc709dc750/235fe0645b266bff28fc8/1599837492_00031.jpg","timeline_picture":"https://coub-anubis-a.akamaized.net/coub_storage/coub/simple/cw_timeline_pic/669511246a1/70889eb09aba4aef8443d/ios_large_1599837491_image.jpg","small_picture":"https://coub-anubis-a.akamaized.net/coub_storage/coub/simple/cw_image/ebc709dc750/235fe0645b266bff28fc8/1599837492_00031.jpg","sharing_picture":null,"percent_done":100,"tags":[{"id":5113,"title":"камеди клаб","value":"%D0%BA%D0%B0%D0%BC%D0%B5%D0%B4%D0%B8%20%D0%BA%D0%BB%D0%B0%D0%B1"},{"id":11784,"title":"камеди","value":"%D0%BA%D0%B0%D0%BC%D0%B5%D0%B4%D0%B8"},{"id":17583,"title":"тнт","value":"%D1%82%D0%BD%D1%82"},{"id":943764,"title":"тнт онлайн","value":"%D1%82%D0%BD%D1%82%20%D0%BE%D0%BD%D0%BB%D0%B0%D0%B9%D0%BD"},{"id":1485,"title":"comedy","value":"comedy"},{"id":38674,"title":"комеди клаб","value":"%D0%BA%D0%BE%D0%BC%D0%B5%D0%B4%D0%B8%20%D0%BA%D0%BB%D0%B0%D0%B1"},{"id":5631395,"title":"камеди 2020","value":"%D0%BA%D0%B0%D0%BC%D0%B5%D0%B4%D0%B8%202020"},{"id":5529573,"title":"камеди клаб 2020","value":"%D0%BA%D0%B0%D0%BC%D0%B5%D0%B4%D0%B8%20%D0%BA%D0%BB%D0%B0%D0%B1%202020"},{"id":563650,"title":"смотреть comedy club","value":"%D1%81%D0%BC%D0%BE%D1%82%D1%80%D0%B5%D1%82%D1%8C%20comedy%20club"},{"id":174493,"title":"смотреть камеди клаб","value":"%D1%81%D0%BC%D0%BE%D1%82%D1%80%D0%B5%D1%82%D1%8C%20%D0%BA%D0%B0%D0%BC%D0%B5%D0%B4%D0%B8%20%D0%BA%D0%BB%D0%B0%D0%B1"},{"id":746300,"title":"comedy club онлайн","value":"comedy%20club%20%D0%BE%D0%BD%D0%BB%D0%B0%D0%B9%D0%BD"},{"id":5854720,"title":"камеди клаб ютуб","value":"%D0%BA%D0%B0%D0%BC%D0%B5%D0%B4%D0%B8%20%D0%BA%D0%BB%D0%B0%D0%B1%20%D1%8E%D1%82%D1%83%D0%B1"},{"id":93898,"title":"comedyclub","value":"comedyclub"},{"id":563655,"title":"камеди клаб смотреть онлайн","value":"%D0%BA%D0%B0%D0%BC%D0%B5%D0%B4%D0%B8%20%D0%BA%D0%BB%D0%B0%D0%B1%20%D1%81%D0%BC%D0%BE%D1%82%D1%80%D0%B5%D1%82%D1%8C%20%D0%BE%D0%BD%D0%BB%D0%B0%D0%B9%D0%BD"},{"id":2663,"title":"comedy club","value":"comedy%20club"},{"id":242836,"title":"эдуард суровый","value":"%D1%8D%D0%B4%D1%83%D0%B0%D1%80%D0%B4%20%D1%81%D1%83%D1%80%D0%BE%D0%B2%D1%8B%D0%B9"},{"id":5889197,"title":"камеди эдуард суровый","value":"%D0%BA%D0%B0%D0%BC%D0%B5%D0%B4%D0%B8%20%D1%8D%D0%B4%D1%83%D0%B0%D1%80%D0%B4%20%D1%81%D1%83%D1%80%D0%BE%D0%B2%D1%8B%D0%B9"},{"id":5889198,"title":"харламов эдуард суровый","value":"%D1%85%D0%B0%D1%80%D0%BB%D0%B0%D0%BC%D0%BE%D0%B2%20%D1%8D%D0%B4%D1%83%D0%B0%D1%80%D0%B4%20%D1%81%D1%83%D1%80%D0%BE%D0%B2%D1%8B%D0%B9"},{"id":4008097,"title":"харламов батрутдинов","value":"%D1%85%D0%B0%D1%80%D0%BB%D0%B0%D0%BC%D0%BE%D0%B2%20%D0%B1%D0%B0%D1%82%D1%80%D1%83%D1%82%D0%B4%D0%B8%D0%BD%D0%BE%D0%B2"},{"id":4591935,"title":"эдуард суровый камеди клаб","value":"%D1%8D%D0%B4%D1%83%D0%B0%D1%80%D0%B4%20%D1%81%D1%83%D1%80%D0%BE%D0%B2%D1%8B%D0%B9%20%D0%BA%D0%B0%D0%BC%D0%B5%D0%B4%D0%B8%20%D0%BA%D0%BB%D0%B0%D0%B1"},{"id":4591933,"title":"эдуард суровый лучшее","value":"%D1%8D%D0%B4%D1%83%D0%B0%D1%80%D0%B4%20%D1%81%D1%83%D1%80%D0%BE%D0%B2%D1%8B%D0%B9%20%D0%BB%D1%83%D1%87%D1%88%D0%B5%D0%B5"},{"id":325815,"title":"батрутдинов","value":"%D0%B1%D0%B0%D1%82%D1%80%D1%83%D1%82%D0%B4%D0%B8%D0%BD%D0%BE%D0%B2"},{"id":1209126,"title":"батрутдинов и харламов","value":"%D0%B1%D0%B0%D1%82%D1%80%D1%83%D1%82%D0%B4%D0%B8%D0%BD%D0%BE%D0%B2%20%D0%B8%20%D1%85%D0%B0%D1%80%D0%BB%D0%B0%D0%BC%D0%BE%D0%B2"},{"id":42831,"title":"гарик харламов","value":"%D0%B3%D0%B0%D1%80%D0%B8%D0%BA%20%D1%85%D0%B0%D1%80%D0%BB%D0%B0%D0%BC%D0%BE%D0%B2"},{"id":5889199,"title":"ютуб канал эдуарда сурового","value":"%D1%8E%D1%82%D1%83%D0%B1%20%D0%BA%D0%B0%D0%BD%D0%B0%D0%BB%20%D1%8D%D0%B4%D1%83%D0%B0%D1%80%D0%B4%D0%B0%20%D1%81%D1%83%D1%80%D0%BE%D0%B2%D0%BE%D0%B3%D0%BE"},{"id":5889200,"title":"эдуард суровый 2020","value":"%D1%8D%D0%B4%D1%83%D0%B0%D1%80%D0%B4%20%D1%81%D1%83%D1%80%D0%BE%D0%B2%D1%8B%D0%B9%202020"},{"id":108419,"title":"эдуард","value":"%D1%8D%D0%B4%D1%83%D0%B0%D1%80%D0%B4"},{"id":61997,"title":"суровый","value":"%D1%81%D1%83%D1%80%D0%BE%D0%B2%D1%8B%D0%B9"}],"categories":[{"id":19,"title":"Movies & TV","permalink":"movies","subscriptions_count":10078577,"big_image_url":"https://coub-anubis-a.akamaized.net/coub_storage/category/cw_image/dda6b36d2fb/9ae8ba82060e5659de192/big_1544758441_movies2.png","small_image_url":"https://coub-anubis-a.akamaized.net/coub_storage/category/cw_image/dda6b36d2fb/9ae8ba82060e5659de192/small_1544758441_movies2.png","med_image_url":"https://coub-anubis-a.akamaized.net/coub_storage/category/cw_image/dda6b36d2fb/9ae8ba82060e5659de192/med_1544758441_movies2.png","visible":true}],"communities":[{"id":19,"title":"Movies & TV","permalink":"movies","subscriptions_count":10078577,"big_image_url":"https://coub-anubis-a.akamaized.net/coub_storage/category/cw_image/dda6b36d2fb/9ae8ba82060e5659de192/big_1544758441_movies2.png","small_image_url":"https://coub-anubis-a.akamaized.net/coub_storage/category/cw_image/dda6b36d2fb/9ae8ba82060e5659de192/small_1544758441_movies2.png","med_image_url":"https://coub-anubis-a.akamaized.net/coub_storage/category/cw_image/dda6b36d2fb/9ae8ba82060e5659de192/med_1544758441_movies2.png","i_subscribed":true,"community_notifications_enabled":null,"description":null}],"recoubs_count":430,"remixes_count":0,"likes_count":2584,"dislikes_count":0,"raw_video_id":15652500,"uploaded_by_ios_app":false,"uploaded_by_android_app":false,"media_blocks":{"uploaded_raw_videos":[],"external_raw_videos":[{"id":36895634,"title":"Камеди Клаб «Эдуард Суровый канал YouTube» Харламов Батрутдинов","url":"https://www.youtube.com/watch?v=aITZIL2Kea0","image":"https://coub-anubis-a.akamaized.net/coub_storage/media_block/cw_image/7de5ae30dee/ed1ab86674782377ca0c2/1599645690_7k73v9_1599645546_1ghmnwy_att-url-download.jpg","image_retina":"https://coub-anubis-a.akamaized.net/coub_storage/media_block/cw_image/7de5ae30dee/ed1ab86674782377ca0c2/1599645690_7k73v9_1599645546_1ghmnwy_att-url-download.jpg","meta":{"service":"Youtube","duration":"802.8"},"duration":802.8,"raw_video_id":15652500,"has_embed":true}],"remixed_from_coubs":[],"external_video":{"id":36895634,"title":"Камеди Клаб «Эдуард Суровый канал YouTube» Харламов Батрутдинов","url":"https://www.youtube.com/watch?v=aITZIL2Kea0","image":"https://coub-anubis-a.akamaized.net/coub_storage/media_block/cw_image/7de5ae30dee/ed1ab86674782377ca0c2/1599645690_7k73v9_1599645546_1ghmnwy_att-url-download.jpg","image_retina":"https://coub-anubis-a.akamaized.net/coub_storage/media_block/cw_image/7de5ae30dee/ed1ab86674782377ca0c2/1599645690_7k73v9_1599645546_1ghmnwy_att-url-download.jpg","meta":{"service":"Youtube","duration":"802.8"},"duration":802.8,"raw_video_id":15652500,"has_embed":true}},"raw_video_thumbnail_url":"/missing/missing.png","raw_video_title":"Камеди Клаб «Эдуард Суровый канал YouTube» Харламов Батрутдинов","video_block_banned":false,"duration":9.6,"promo_winner":false,"promo_winner_recoubers":null,"editorial_info":{},"promo_hint":null,"beeline_best_2014":null,"from_web_editor":true,"normalize_sound":true,"normalize_change_allowed":true,"best2015_addable":false,"ahmad_promo":null,"promo_data":null,"audio_copyright_claim":null,"ads_disabled":false,"is_safe_for_ads":true,"megafon_contents":[],"position_on_page":1},{"flag":null,"abuses":null,"recoubs_by_users_channels":null,"favourite":false,"promoted_id":null,"recoub":null,"like":null,"dislike":null,"reaction":null,"in_my_best2015":false,"id":77169928,"type":"Coub::Simple","permalink":"19jdtb","title":"Star wars Disco X5","visibility_type":"public","original_visibility_type":"public","channel_id":1945256,"created_at":"2018-06-14T17:56:02Z","updated_at":"2022-03-09T17:08:23Z","is_done":true,"views_count":170242,"cotd":null,"cotd_at":null,"visible_on_explore_root":true,"visible_on_explore":true,"featured":true,"published":true,"published_at":"2018-06-14T17:56:02Z","reversed":false,"from_editor_v2":true,"is_editable":true,"original_sound":false,"has_sound":false,"recoub_to":null,"file_versions":{"html5":{"video":{"higher":{"url":"https://coub-anubis-a.akamaized.net/coub_storage/coub/simple/cw_file/af6d0fa9952/b239afdcf5bf35a48b17c/muted_mp4_huge_size_1568246763_muted_huge.mp4","size":2632408},"high":{"url":"https://coub-anubis-a.akamaized.net/coub_storage/coub/simple/cw_file/af6d0fa9952/b239afdcf5bf35a48b17c/muted_mp4_big_size_1568246763_muted_big.mp4","size":1909534},"med":{"url":"https://coub-anubis-a.akamaized.net/coub_storage/coub/simple/cw_file/af6d0fa9952/b239afdcf5bf35a48b17c/muted_mp4_med_size_1568246763_muted_med.mp4","size":580146}},"audio":{"high":{"url":"https://coub-anubis-a.akamaized.net/coub_storage/coub/simple/cw_looped_audio_high/326c4734213/45e9ed7aae25478836a84/1605622164_high_1528998974_high.mp3","size":1119904},"med":{"url":"https://coub-anubis-a.akamaized.net/coub_storage/coub/simple/cw_looped_audio_med/20f7b2c80b2/cacc71c1756e953ca4da1/1605622164_med_1528998974_med.mp3","size":799180}}},"mobile":{"video":"https://coub-anubis-a.akamaized.net/coub_storage/coub/simple/cw_file/af6d0fa9952/b239afdcf5bf35a48b17c/muted_mp4_med_size_1568246763_muted_med.mp4","audio":["https://coub-anubis-a.akamaized.net/coub_storage/coub/simple/cw_looped_audio_med/20f7b2c80b2/cacc71c1756e953ca4da1/1605622164_med_1528998974_med.mp3"]},"share":{"default":"https://coub-anubis-a.akamaized.net/coub_storage/coub/simple/cw_video_for_sharing/b7bfb68d4f0/2d0d0a47d1f7242217365/1615621554_looped_1615621553.mp4"}},"audio_versions":{"template":"https://coub-anubis-a.akamaized.net/coub_storage/audio_track/cw_file/82de8115efc/fbc48a01950f2d1dad12c/mid_1528998757_audio.mp3","versions":["mid","low"]},"image_versions":{"template":"https://coub-anubis-a.akamaized.net/coub_storage/coub/simple/cw_image/ceff31461b6/03ba9669284ae86e53f32/1528998981_00032.jpg","versions":["micro","tiny","age_restricted","ios_large","ios_mosaic","big","med","small","pinterest"]},"first_frame_versions":{"template":"https://coub-anubis-a.akamaized.net/coub_storage/coub/simple/cw_timeline_pic/363de190455/8efa104873763f8eb08f2/%{version}_1528998980_image.jpg","versions":["big","med","small","ios_large"]},"dimensions":{"big":[1280,720],"med":[640,360]},"site_w_h":[640,360],"page_w_h":[640,360],"site_w_h_small":[310,174],"size":[1280,720],"age_restricted":false,"age_restricted_by_admin":false,"not_safe_for_work":false,"allow_reuse":false,"dont_crop":false,"banned":false,"global_safe":true,"audio_file_url":"https://coub-anubis-a.akamaized.net/coub_storage/audio_track/cw_file/82de8115efc/fbc48a01950f2d1dad12c/low_1528998757_audio.mp3","external_download":false,"application":null,"channel":{"id":1945256,"permalink":"serion999","title":"COUB","description":"COUB and COUB Animation","followers_count":3405,"following_count":3865,"avatar_versions":{"template":"https://coub-anubis-a.akamaized.net/coub_storage/channel/cw_avatar/f590e66b450/6f28ad8f61c4d7175e1b5/%{version}_1608717702_1wf79md_1512073849_profile_pic_new_1481860722_final_ava.png","versions":["medium","medium_2x","profile_pic","profile_pic_new","profile_pic_new_2x","tiny","tiny_2x","small","small_2x","ios_large","ios_small"]}},"file":null,"picture":"https://coub-anubis-a.akamaized.net/coub_storage/coub/simple/cw_image/ceff31461b6/03ba9669284ae86e53f32/1528998981_00032.jpg","timeline_picture":"https://coub-anubis-a.akamaized.net/coub_storage/coub/simple/cw_timeline_pic/363de190455/8efa104873763f8eb08f2/ios_large_1528998980_image.jpg","small_picture":"https://coub-anubis-a.akamaized.net/coub_storage/coub/simple/cw_image/ceff31461b6/03ba9669284ae86e53f32/1528998981_00032.jpg","sharing_picture":null,"percent_done":100,"tags":[{"id":45250,"title":"x5","value":"x5"},{"id":174,"title":"funny","value":"funny"},{"id":86,"title":"music","value":"music"},{"id":3719,"title":"parody","value":"parody"},{"id":61817,"title":"radiocoub","value":"radiocoub"},{"id":1374800,"title":"radcoub","value":"radcoub"},{"id":759,"title":"star wars","value":"star%20wars"},{"id":1558,"title":"film","value":"film"},{"id":229,"title":"cinema","value":"cinema"},{"id":50,"title":"coub","value":"coub"},{"id":4051784,"title":"star wars disco","value":"star%20wars%20disco"}],"categories":[{"id":19,"title":"Movies & TV","permalink":"movies","subscriptions_count":10078577,"big_image_url":"https://coub-anubis-a.akamaized.net/coub_storage/category/cw_image/dda6b36d2fb/9ae8ba82060e5659de192/big_1544758441_movies2.png","small_image_url":"https://coub-anubis-a.akamaized.net/coub_storage/category/cw_image/dda6b36d2fb/9ae8ba82060e5659de192/small_1544758441_movies2.png","med_image_url":"https://coub-anubis-a.akamaized.net/coub_storage/category/cw_image/dda6b36d2fb/9ae8ba82060e5659de192/med_1544758441_movies2.png","visible":true}],"communities":[{"id":19,"title":"Movies & TV","permalink":"movies","subscriptions_count":10078577,"big_image_url":"https://coub-anubis-a.akamaized.net/coub_storage/category/cw_image/dda6b36d2fb/9ae8ba82060e5659de192/big_1544758441_movies2.png","small_image_url":"https://coub-anubis-a.akamaized.net/coub_storage/category/cw_image/dda6b36d2fb/9ae8ba82060e5659de192/small_1544758441_movies2.png","med_image_url":"https://coub-anubis-a.akamaized.net/coub_storage/category/cw_image/dda6b36d2fb/9ae8ba82060e5659de192/med_1544758441_movies2.png","i_subscribed":true,"community_notifications_enabled":null,"description":null}],"recoubs_count":507,"remixes_count":3,"likes_count":2584,"dislikes_count":0,"raw_video_id":11884306,"uploaded_by_ios_app":false,"uploaded_by_android_app":false,"media_blocks":{"uploaded_raw_videos":[],"external_raw_videos":[],"remixed_from_coubs":[]},"raw_video_thumbnail_url":"/missing/missing.png","raw_video_title":"Untitleasd.mp4","video_block_banned":false,"duration":10.0,"promo_winner":false,"promo_winner_recoubers":null,"editorial_info":{},"promo_hint":null,"beeline_best_2014":null,"from_web_editor":true,"normalize_sound":false,"normalize_change_allowed":true,"best2015_addable":false,"ahmad_promo":null,"promo_data":null,"audio_copyright_claim":null,"ads_disabled":false,"is_safe_for_ads":true,"megafon_contents":[],"position_on_page":2},{"flag":null,"abuses":null,"recoubs_by_users_channels":null,"favourite":false,"promoted_id":null,"recoub":null,"like":null,"dislike":null,"reaction":null,"in_my_best2015":false,"id":62063187,"type":"Coub::Simple","permalink":"10i3a0","title":"That Vase","visibility_type":"public","original_visibility_type":"public","channel_id":3475096,"created_at":"2017-12-10T09:38:46Z","updated_at":"2022-03-09T02:41:18Z","is_done":true,"views_count":184385,"cotd":null,"cotd_at":null,"visible_on_explore_root":true,"visible_on_explore":true,"featured":true,"published":true,"published_at":"2017-12-10T09:38:45Z","reversed":false,"from_editor_v2":true,"is_editable":true,"original_sound":true,"has_sound":true,"recoub_to":null,"file_versions":{"html5":{"video":{"higher":{"url":"https://coub-anubis-a.akamaized.net/coub_storage/coub/simple/cw_file/78f2b6fe8b6/c83350836cb260914007c/muted_mp4_huge_size_1568171849_muted_huge.mp4","size":2159477},"high":{"url":"https://coub-anubis-a.akamaized.net/coub_storage/coub/simple/cw_file/78f2b6fe8b6/c83350836cb260914007c/muted_mp4_big_size_1568171849_muted_big.mp4","size":1474486},"med":{"url":"https://coub-anubis-a.akamaized.net/coub_storage/coub/simple/cw_file/78f2b6fe8b6/c83350836cb260914007c/muted_mp4_med_size_1568171849_muted_med.mp4","size":489341}},"audio":{"high":{"url":"https://coub-anubis-a.akamaized.net/coub_storage/coub/simple/cw_looped_audio_high/9765cd31ba9/cd9f55d12bb9bef299a2b/1605620211_high_1512898742_high.mp3","size":1003278},"med":{"url":"https://coub-anubis-a.akamaized.net/coub_storage/coub/simple/cw_looped_audio_med/a59a98cefb8/82e34a4a61983b6ff94df/1605620210_med_1512898742_med.mp3","size":929610},"sample_duration":8.359}},"mobile":{"video":"https://coub-anubis-a.akamaized.net/coub_storage/coub/simple/cw_file/78f2b6fe8b6/c83350836cb260914007c/muted_mp4_med_size_1568171849_muted_med.mp4","audio":["https://coub-anubis-a.akamaized.net/coub_storage/coub/simple/cw_looped_audio_med/a59a98cefb8/82e34a4a61983b6ff94df/1605620210_med_1512898742_med.mp3"]},"share":{"default":"https://coub-anubis-a.akamaized.net/coub_storage/coub/simple/cw_video_for_sharing/e7dcd39b38f/fb354894472ae3f9ee6a6/1610355779_looped_1610355778.mp4"}},"audio_versions":{},"image_versions":{"template":"https://coub-anubis-a.akamaized.net/coub_storage/coub/simple/cw_image/81201638393/51e1c87312ccf4320a40b/1512898749_00026.jpg","versions":["micro","tiny","age_restricted","ios_large","ios_mosaic","big","med","small","pinterest"]},"first_frame_versions":{"template":"https://coub-anubis-a.akamaized.net/coub_storage/coub/simple/cw_timeline_pic/adcd6ac86c7/f545567ae6283047819e0/%{version}_1512898748_image.jpg","versions":["big","med","small","ios_large"]},"dimensions":{"big":[1280,592],"med":[640,296]},"site_w_h":[640,296],"page_w_h":[640,296],"site_w_h_small":[310,143],"size":[1280,592],"age_restricted":false,"age_restricted_by_admin":false,"not_safe_for_work":false,"allow_reuse":false,"dont_crop":false,"banned":false,"global_safe":true,"audio_file_url":null,"external_download":{"type":"Youtube","service_name":"YouTube","url":"http://www.youtube.com/watch?v=BHGIGwiMK6c","has_embed":true},"application":null,"channel":{"id":3475096,"permalink":"scoubidoo","title":"scoubidoo","description":null,"followers_count":670,"following_count":22,"avatar_versions":{"template":"https://coub-anubis-a.akamaized.net/coub_storage/channel/cw_avatar/87591418aeb/c42f3441b35c7b54e3f85/%{version}_1608039748_1btjawh_1497959594_123.jpg","versions":["medium","medium_2x","profile_pic","profile_pic_new","profile_pic_new_2x","tiny","tiny_2x","small","small_2x","ios_large","ios_small"]}},"file":null,"picture":"https://coub-anubis-a.akamaized.net/coub_storage/coub/simple/cw_image/81201638393/51e1c87312ccf4320a40b/1512898749_00026.jpg","timeline_picture":"https://coub-anubis-a.akamaized.net/coub_storage/coub/simple/cw_timeline_pic/adcd6ac86c7/f545567ae6283047819e0/ios_large_1512898748_image.jpg","small_picture":"https://coub-anubis-a.akamaized.net/coub_storage/coub/simple/cw_image/81201638393/51e1c87312ccf4320a40b/1512898749_00026.jpg","sharing_picture":null,"percent_done":100,"tags":[{"id":2283,"title":"scary","value":"scary"},{"id":154,"title":"movie","value":"movie"},{"id":77460,"title":"oracle","value":"oracle"},{"id":555960,"title":"the matrix oracle scene","value":"the%20matrix%20oracle%20scene"},{"id":2181,"title":"scene","value":"scene"},{"id":41698,"title":"hybrid","value":"hybrid"},{"id":288361,"title":"hybrids","value":"hybrids"},{"id":107100,"title":"vase","value":"vase"},{"id":766,"title":"matrix","value":"matrix"},{"id":6847,"title":"матрица","value":"%D0%BC%D0%B0%D1%82%D1%80%D0%B8%D1%86%D0%B0"},{"id":237398,"title":"ваза","value":"%D0%B2%D0%B0%D0%B7%D0%B0"}],"categories":[{"id":19,"title":"Movies & TV","permalink":"movies","subscriptions_count":10078577,"big_image_url":"https://coub-anubis-a.akamaized.net/coub_storage/category/cw_image/dda6b36d2fb/9ae8ba82060e5659de192/big_1544758441_movies2.png","small_image_url":"https://coub-anubis-a.akamaized.net/coub_storage/category/cw_image/dda6b36d2fb/9ae8ba82060e5659de192/small_1544758441_movies2.png","med_image_url":"https://coub-anubis-a.akamaized.net/coub_storage/category/cw_image/dda6b36d2fb/9ae8ba82060e5659de192/med_1544758441_movies2.png","visible":true}],"communities":[{"id":19,"title":"Movies & TV","permalink":"movies","subscriptions_count":10078577,"big_image_url":"https://coub-anubis-a.akamaized.net/coub_storage/category/cw_image/dda6b36d2fb/9ae8ba82060e5659de192/big_1544758441_movies2.png","small_image_url":"https://coub-anubis-a.akamaized.net/coub_storage/category/cw_image/dda6b36d2fb/9ae8ba82060e5659de192/small_1544758441_movies2.png","med_image_url":"https://coub-anubis-a.akamaized.net/coub_storage/category/cw_image/dda6b36d2fb/9ae8ba82060e5659de192/med_1544758441_movies2.png","i_subscribed":true,"community_notifications_enabled":null,"description":null}],"recoubs_count":440,"remixes_count":2,"likes_count":2584,"dislikes_count":0,"raw_video_id":10723745,"uploaded_by_ios_app":false,"uploaded_by_android_app":false,"media_blocks":{"uploaded_raw_videos":[],"external_raw_videos":[{"id":23655260,"title":"The Matrix Oracle Scene","url":"http://www.youtube.com/watch?v=BHGIGwiMK6c","image":"https://coub-anubis-a.akamaized.net/coub_storage/media_block/cw_image/7a103d6adf4/3ad341569f56c5a161c7c/1512898306_1512898264_d9jfkl_att-url-download.jpg","image_retina":"https://coub-anubis-a.akamaized.net/coub_storage/media_block/cw_image/7a103d6adf4/3ad341569f56c5a161c7c/1512898306_1512898264_d9jfkl_att-url-download.jpg","meta":{"service":"Youtube","duration":"298.52"},"duration":298.52,"raw_video_id":10723749,"has_embed":true},{"id":23655250,"title":"Scary Movie 3 - The Oracle","url":"http://www.youtube.com/watch?v=RMQfrXC6XEM","image":"https://coub-anubis-a.akamaized.net/coub_storage/media_block/cw_image/3975513a135/5e9e5e0a05c3f36ea164f/1512898232_1512898209_1sy9x1y_att-url-download.jpg","image_retina":"https://coub-anubis-a.akamaized.net/coub_storage/media_block/cw_image/3975513a135/5e9e5e0a05c3f36ea164f/1512898232_1512898209_1sy9x1y_att-url-download.jpg","meta":{"service":"Youtube","duration":"197.12"},"duration":197.12,"raw_video_id":10723745,"has_embed":true}],"remixed_from_coubs":[],"external_video":{"id":23655260,"title":"The Matrix Oracle Scene","url":"http://www.youtube.com/watch?v=BHGIGwiMK6c","image":"https://coub-anubis-a.akamaized.net/coub_storage/media_block/cw_image/7a103d6adf4/3ad341569f56c5a161c7c/1512898306_1512898264_d9jfkl_att-url-download.jpg","image_retina":"https://coub-anubis-a.akamaized.net/coub_storage/media_block/cw_image/7a103d6adf4/3ad341569f56c5a161c7c/1512898306_1512898264_d9jfkl_att-url-download.jpg","meta":{"service":"Youtube","duration":"298.52"},"duration":298.52,"raw_video_id":10723749,"has_embed":true}},"raw_video_thumbnail_url":"/missing/missing.png","raw_video_title":"Scary Movie 3 - The Oracle","video_block_banned":false,"duration":8.28,"promo_winner":false,"promo_winner_recoubers":null,"editorial_info":{},"promo_hint":null,"beeline_best_2014":null,"from_web_editor":true,"normalize_sound":false,"normalize_change_allowed":true,"best2015_addable":false,"ahmad_promo":null,"promo_data":null,"audio_copyright_claim":null,"ads_disabled":false,"is_safe_for_ads":true,"megafon_contents":[],"position_on_page":3},{"flag":null,"abuses":null,"recoubs_by_users_channels":null,"favourite":false,"promoted_id":null,"recoub":null,"like":null,"dislike":null,"reaction":null,"in_my_best2015":false,"id":58172175,"type":"Coub::Simple","permalink":"y6ox8","title":"Mouse Hunter","visibility_type":"public","original_visibility_type":"public","channel_id":1665041,"created_at":"2017-10-02T20:17:09Z","updated_at":"2022-03-09T20:53:58Z","is_done":true,"views_count":169619,"cotd":null,"cotd_at":null,"visible_on_explore_root":true,"visible_on_explore":true,"featured":true,"published":true,"published_at":"2017-10-02T20:17:09Z","reversed":false,"from_editor_v2":true,"is_editable":true,"original_sound":false,"has_sound":false,"recoub_to":null,"file_versions":{"html5":{"video":{"higher":{"url":"https://coub-anubis-a.akamaized.net/coub_storage/coub/simple/cw_file/91c21e3ba37/828e1640d28ee79fbb240/muted_mp4_huge_size_1568152012_muted_huge.mp4","size":3047737},"high":{"url":"https://coub-anubis-a.akamaized.net/coub_storage/coub/simple/cw_file/91c21e3ba37/828e1640d28ee79fbb240/muted_mp4_big_size_1568152012_muted_big.mp4","size":2095607},"med":{"url":"https://coub-anubis-a.akamaized.net/coub_storage/coub/simple/cw_file/91c21e3ba37/828e1640d28ee79fbb240/muted_mp4_med_size_1568152012_muted_med.mp4","size":653647}},"audio":{"high":{"url":"https://coub-anubis-a.akamaized.net/coub_storage/coub/simple/cw_looped_audio_high/6d43a34391b/b9b0919b62327ceadae94/1605571738_high_1506975512_high.mp3","size":1136774},"med":{"url":"https://coub-anubis-a.akamaized.net/coub_storage/coub/simple/cw_looped_audio_med/6c66e27b109/096b3f7f7c322e3fb21f6/1605571736_med_1506975512_med.mp3","size":818675}}},"mobile":{"video":"https://coub-anubis-a.akamaized.net/coub_storage/coub/simple/cw_file/91c21e3ba37/828e1640d28ee79fbb240/muted_mp4_med_size_1568152012_muted_med.mp4","audio":["https://coub-anubis-a.akamaized.net/coub_storage/coub/simple/cw_looped_audio_med/6c66e27b109/096b3f7f7c322e3fb21f6/1605571736_med_1506975512_med.mp3"]},"share":{"default":"https://coub-anubis-a.akamaized.net/coub_storage/coub/simple/cw_video_for_sharing/c4f0a6b11ec/99ebb039fe3d495384407/1610354277_looped_1610354276.mp4"}},"audio_versions":{"template":"https://coub-anubis-a.akamaized.net/coub_storage/audio_track/cw_file/d806cb29d6c/ed3bff874acec3d70d540/mid_1506975498_1dhk9f4_edited.mp3","versions":["mid","low"]},"image_versions":{"template":"https://coub-anubis-a.akamaized.net/coub_storage/coub/simple/cw_image/de0879c1ea1/8f9f8bd536a50da3c8cf6/1506975530_00028.jpg","versions":["micro","tiny","age_restricted","ios_large","ios_mosaic","big","med","small","pinterest"]},"first_frame_versions":{"template":"https://coub-anubis-a.akamaized.net/coub_storage/coub/simple/cw_timeline_pic/99176397beb/34d7fc8b603910b5869d4/%{version}_1506975528_image.jpg","versions":["big","med","small","ios_large"]},"dimensions":{"big":[1280,768],"med":[640,384]},"site_w_h":[640,384],"page_w_h":[640,384],"site_w_h_small":[310,186],"size":[1280,768],"age_restricted":false,"age_restricted_by_admin":false,"not_safe_for_work":false,"allow_reuse":false,"dont_crop":false,"banned":false,"global_safe":true,"audio_file_url":"https://coub-anubis-a.akamaized.net/coub_storage/audio_track/cw_file/d806cb29d6c/ed3bff874acec3d70d540/low_1506975498_1dhk9f4_edited.mp3","external_download":{"type":"Youtube","service_name":"YouTube","url":"http://www.youtube.com/watch?v=1HeY9dwHv3o","has_embed":true},"application":null,"channel":{"id":1665041,"permalink":"couboy17","title":"Couboy","description":null,"followers_count":9661,"following_count":13,"avatar_versions":{"template":"https://coub-anubis-a.akamaized.net/coub_storage/channel/cw_avatar/1ac4cca29db/9a2fd5f9d706f34c5cee3/%{version}_1607420386_1f5r0z8_1476444266_______________Majorno.Ru___3_1.jpg","versions":["medium","medium_2x","profile_pic","profile_pic_new","profile_pic_new_2x","tiny","tiny_2x","small","small_2x","ios_large","ios_small"]}},"file":null,"picture":"https://coub-anubis-a.akamaized.net/coub_storage/coub/simple/cw_image/de0879c1ea1/8f9f8bd536a50da3c8cf6/1506975530_00028.jpg","timeline_picture":"https://coub-anubis-a.akamaized.net/coub_storage/coub/simple/cw_timeline_pic/99176397beb/34d7fc8b603910b5869d4/ios_large_1506975528_image.jpg","small_picture":"https://coub-anubis-a.akamaized.net/coub_storage/coub/simple/cw_image/de0879c1ea1/8f9f8bd536a50da3c8cf6/1506975530_00028.jpg","sharing_picture":null,"percent_done":100,"tags":[{"id":5326,"title":"mashup","value":"mashup"},{"id":882,"title":"прикол","value":"%D0%BF%D1%80%D0%B8%D0%BA%D0%BE%D0%BB"},{"id":990,"title":"мультик","value":"%D0%BC%D1%83%D0%BB%D1%8C%D1%82%D0%B8%D0%BA"},{"id":524535,"title":"смесь","value":"%D1%81%D0%BC%D0%B5%D1%81%D1%8C"},{"id":2057,"title":"кино","value":"%D0%BA%D0%B8%D0%BD%D0%BE"},{"id":1446,"title":"dumb","value":"dumb"},{"id":157242,"title":"hafanana","value":"hafanana"},{"id":157695,"title":"afric simone","value":"afric%20simone"},{"id":36103,"title":"том и джери","value":"%D1%82%D0%BE%D0%BC%20%D0%B8%20%D0%B4%D0%B6%D0%B5%D1%80%D0%B8"},{"id":208,"title":"cartoon","value":"cartoon"},{"id":452,"title":"tom and jerry","value":"tom%20and%20jerry"},{"id":527281,"title":"тупой и еще тупее 2","value":"%D1%82%D1%83%D0%BF%D0%BE%D0%B9%20%D0%B8%20%D0%B5%D1%89%D0%B5%20%D1%82%D1%83%D0%BF%D0%B5%D0%B5%202"},{"id":17207,"title":"hunter","value":"hunter"},{"id":869,"title":"mouse","value":"mouse"},{"id":3362436,"title":"mouse hunter","value":"mouse%20hunter"},{"id":3119206,"title":"tom and jerry (film series)","value":"tom%20and%20jerry%20(film%20series)"}],"categories":[{"id":19,"title":"Movies & TV","permalink":"movies","subscriptions_count":10078577,"big_image_url":"https://coub-anubis-a.akamaized.net/coub_storage/category/cw_image/dda6b36d2fb/9ae8ba82060e5659de192/big_1544758441_movies2.png","small_image_url":"https://coub-anubis-a.akamaized.net/coub_storage/category/cw_image/dda6b36d2fb/9ae8ba82060e5659de192/small_1544758441_movies2.png","med_image_url":"https://coub-anubis-a.akamaized.net/coub_storage/category/cw_image/dda6b36d2fb/9ae8ba82060e5659de192/med_1544758441_movies2.png","visible":true}],"communities":[{"id":19,"title":"Movies & TV","permalink":"movies","subscriptions_count":10078577,"big_image_url":"https://coub-anubis-a.akamaized.net/coub_storage/category/cw_image/dda6b36d2fb/9ae8ba82060e5659de192/big_1544758441_movies2.png","small_image_url":"https://coub-anubis-a.akamaized.net/coub_storage/category/cw_image/dda6b36d2fb/9ae8ba82060e5659de192/small_1544758441_movies2.png","med_image_url":"https://coub-anubis-a.akamaized.net/coub_storage/category/cw_image/dda6b36d2fb/9ae8ba82060e5659de192/med_1544758441_movies2.png","i_subscribed":true,"community_notifications_enabled":null,"description":null}],"recoubs_count":499,"remixes_count":5,"likes_count":2582,"dislikes_count":0,"raw_video_id":10339317,"uploaded_by_ios_app":false,"uploaded_by_android_app":false,"media_blocks":{"uploaded_raw_videos":[],"external_raw_videos":[{"id":22632417,"title":"Тупой и еще тупее 2. Образцовый отец","url":"http://www.youtube.com/watch?v=1HeY9dwHv3o","image":"https://coub-anubis-a.akamaized.net/coub_storage/media_block/cw_image/e3d366a1ee4/66d225c67c66a1a63fd19/1506973982_1506973959_1tkqpne_att-url-download.jpg","image_retina":"https://coub-anubis-a.akamaized.net/coub_storage/media_block/cw_image/e3d366a1ee4/66d225c67c66a1a63fd19/1506973982_1506973959_1tkqpne_att-url-download.jpg","meta":{"service":"Youtube","duration":"110.68"},"duration":110.68,"raw_video_id":10339308,"has_embed":true},{"id":22632435,"title":"Tom And Jerry - The Milky Waif","url":"http://www.youtube.com/watch?v=Tx7qHGm6zuM","image":"https://coub-anubis-a.akamaized.net/coub_storage/media_block/cw_image/22c391d0c9d/4fa0190e14736f001e790/1506974045_1506974032_qm129p_att-url-download.jpg","image_retina":"https://coub-anubis-a.akamaized.net/coub_storage/media_block/cw_image/22c391d0c9d/4fa0190e14736f001e790/1506974045_1506974032_qm129p_att-url-download.jpg","meta":{"service":"Youtube","duration":"164.6"},"duration":164.6,"raw_video_id":10339317,"has_embed":true}],"remixed_from_coubs":[],"external_video":{"id":22632417,"title":"Тупой и еще тупее 2. Образцовый отец","url":"http://www.youtube.com/watch?v=1HeY9dwHv3o","image":"https://coub-anubis-a.akamaized.net/coub_storage/media_block/cw_image/e3d366a1ee4/66d225c67c66a1a63fd19/1506973982_1506973959_1tkqpne_att-url-download.jpg","image_retina":"https://coub-anubis-a.akamaized.net/coub_storage/media_block/cw_image/e3d366a1ee4/66d225c67c66a1a63fd19/1506973982_1506973959_1tkqpne_att-url-download.jpg","meta":{"service":"Youtube","duration":"110.68"},"duration":110.68,"raw_video_id":10339308,"has_embed":true}},"raw_video_thumbnail_url":"/missing/missing.png","raw_video_title":"Tom And Jerry - The Milky Waif","video_block_banned":false,"duration":8.64,"promo_winner":false,"promo_winner_recoubers":null,"editorial_info":{},"promo_hint":null,"beeline_best_2014":null,"from_web_editor":true,"normalize_sound":false,"normalize_change_allowed":true,"best2015_addable":false,"ahmad_promo":null,"promo_data":null,"audio_copyright_claim":null,"ads_disabled":false,"is_safe_for_ads":true,"megafon_contents":[],"position_on_page":4},{"flag":null,"abuses":null,"recoubs_by_users_channels":null,"favourite":false,"promoted_id":null,"recoub":null,"like":null,"dislike":null,"reaction":null,"in_my_best2015":false,"id":144376951,"type":"Coub::Simple","permalink":"2dm0o3","title":"R E C O G N I T I O N ","visibility_type":"public","original_visibility_type":"public","channel_id":4845604,"created_at":"2020-05-08T09:31:13Z","updated_at":"2022-03-09T15:21:52Z","is_done":true,"views_count":183669,"cotd":null,"cotd_at":null,"visible_on_explore_root":true,"visible_on_explore":true,"featured":true,"published":true,"published_at":"2020-05-08T09:31:13Z","reversed":false,"from_editor_v2":true,"is_editable":true,"original_sound":false,"has_sound":false,"recoub_to":null,"file_versions":{"html5":{"video":{"higher":{"url":"https://coub-anubis-a.akamaized.net/coub_storage/coub/simple/cw_file/e099c284c20/6ec2bddf5bce3d0f592b1/muted_mp4_huge_size_1588930550_muted_huge.mp4","size":2087356},"high":{"url":"https://coub-anubis-a.akamaized.net/coub_storage/coub/simple/cw_file/e099c284c20/6ec2bddf5bce3d0f592b1/muted_mp4_big_size_1588930550_muted_big.mp4","size":1397433},"med":{"url":"https://coub-anubis-a.akamaized.net/coub_storage/coub/simple/cw_file/e099c284c20/6ec2bddf5bce3d0f592b1/muted_mp4_med_size_1588930550_muted_med.mp4","size":427534}},"audio":{"high":{"url":"https://coub-anubis-a.akamaized.net/coub_storage/coub/simple/cw_looped_audio_high/1b2b36c7f61/83d46adf48eac05eada71/1605692569_high_1588930571_high.mp3","size":2001677},"med":{"url":"https://coub-anubis-a.akamaized.net/coub_storage/coub/simple/cw_looped_audio_med/ba59dc7025a/ebe3ba6f8dadeb650f054/1605692568_med_1588930571_med.mp3","size":1596380}}},"mobile":{"video":"https://coub-anubis-a.akamaized.net/coub_storage/coub/simple/cw_file/e099c284c20/6ec2bddf5bce3d0f592b1/muted_mp4_med_size_1588930550_muted_med.mp4","audio":["https://coub-anubis-a.akamaized.net/coub_storage/coub/simple/cw_looped_audio_med/ba59dc7025a/ebe3ba6f8dadeb650f054/1605692568_med_1588930571_med.mp3"]},"share":{"default":"https://coub-anubis-a.akamaized.net/coub_storage/coub/simple/cw_video_for_sharing/60ddc4ed2b3/138137443fe8cb79be279/1608799196_looped_1608799195.mp4"}},"audio_versions":{"template":"https://coub-anubis-a.akamaized.net/coub_storage/audio_track/cw_normalized_copy/0d8ef8be1d5/561342c069b1a026011bd/mid_1588930564_normalized_1588930553_1ufqtey_edited.mp3","versions":["mid","low"]},"image_versions":{"template":"https://coub-anubis-a.akamaized.net/coub_storage/coub/simple/cw_image/5152a5a60c5/cc7ece97c40db5637d593/1588930582_00032.jpg","versions":["micro","tiny","age_restricted","ios_large","ios_mosaic","big","med","small","pinterest"]},"first_frame_versions":{"template":"https://coub-anubis-a.akamaized.net/coub_storage/coub/simple/cw_timeline_pic/faba3dfac61/6b04bdfe8fca4a00ff07b/%{version}_1588930581_image.jpg","versions":["big","med","small","ios_large"]},"dimensions":{"big":[1280,548],"med":[640,274]},"site_w_h":[640,274],"page_w_h":[640,274],"site_w_h_small":[310,133],"size":[1280,548],"age_restricted":false,"age_restricted_by_admin":false,"not_safe_for_work":false,"allow_reuse":false,"dont_crop":false,"banned":false,"global_safe":true,"audio_file_url":"https://coub-anubis-a.akamaized.net/coub_storage/audio_track/cw_normalized_copy/0d8ef8be1d5/561342c069b1a026011bd/low_1588930564_normalized_1588930553_1ufqtey_edited.mp3","external_download":false,"application":null,"channel":{"id":4845604,"permalink":"00-13-pm","title":"00:13 pm","description":"inhale this","followers_count":3462,"following_count":0,"avatar_versions":{"template":"https://coub-anubis-a.akamaized.net/coub_storage/channel/cw_avatar/1b98aaedacd/b93e8e253c08715e5db16/%{version}_1641235325_LyBjVJh0cHo.jpg","versions":["medium","medium_2x","profile_pic","profile_pic_new","profile_pic_new_2x","tiny","tiny_2x","small","small_2x","ios_large","ios_small"]}},"file":null,"picture":"https://coub-anubis-a.akamaized.net/coub_storage/coub/simple/cw_image/5152a5a60c5/cc7ece97c40db5637d593/1588930582_00032.jpg","timeline_picture":"https://coub-anubis-a.akamaized.net/coub_storage/coub/simple/cw_timeline_pic/faba3dfac61/6b04bdfe8fca4a00ff07b/ios_large_1588930581_image.jpg","small_picture":"https://coub-anubis-a.akamaized.net/coub_storage/coub/simple/cw_image/5152a5a60c5/cc7ece97c40db5637d593/1588930582_00032.jpg","sharing_picture":null,"percent_done":100,"tags":[{"id":22522,"title":"doctor who","value":"doctor%20who"}],"categories":[{"id":19,"title":"Movies & TV","permalink":"movies","subscriptions_count":10078577,"big_image_url":"https://coub-anubis-a.akamaized.net/coub_storage/category/cw_image/dda6b36d2fb/9ae8ba82060e5659de192/big_1544758441_movies2.png","small_image_url":"https://coub-anubis-a.akamaized.net/coub_storage/category/cw_image/dda6b36d2fb/9ae8ba82060e5659de192/small_1544758441_movies2.png","med_image_url":"https://coub-anubis-a.akamaized.net/coub_storage/category/cw_image/dda6b36d2fb/9ae8ba82060e5659de192/med_1544758441_movies2.png","visible":true}],"communities":[{"id":19,"title":"Movies & TV","permalink":"movies","subscriptions_count":10078577,"big_image_url":"https://coub-anubis-a.akamaized.net/coub_storage/category/cw_image/dda6b36d2fb/9ae8ba82060e5659de192/big_1544758441_movies2.png","small_image_url":"https://coub-anubis-a.akamaized.net/coub_storage/category/cw_image/dda6b36d2fb/9ae8ba82060e5659de192/small_1544758441_movies2.png","med_image_url":"https://coub-anubis-a.akamaized.net/coub_storage/category/cw_image/dda6b36d2fb/9ae8ba82060e5659de192/med_1544758441_movies2.png","i_subscribed":true,"community_notifications_enabled":null,"description":null}],"recoubs_count":414,"remixes_count":1,"likes_count":2581,"dislikes_count":0,"raw_video_id":15191850,"uploaded_by_ios_app":false,"uploaded_by_android_app":false,"media_blocks":{"uploaded_raw_videos":[],"external_raw_videos":[],"remixed_from_coubs":[]},"raw_video_thumbnail_url":"/missing/missing.png","raw_video_title":"Vincent_Van_Gogh_Visits_the_Gallery___Vincent_And_The_Doctor___Doctor_Who__online-video-cutter.com_.mp4","video_block_banned":false,"duration":10.0,"promo_winner":false,"promo_winner_recoubers":null,"editorial_info":{},"promo_hint":null,"beeline_best_2014":null,"from_web_editor":true,"normalize_sound":true,"normalize_change_allowed":true,"best2015_addable":false,"ahmad_promo":null,"promo_data":null,"audio_copyright_claim":null,"ads_disabled":false,"is_safe_for_ads":true,"megafon_contents":[],"position_on_page":5},{"flag":null,"abuses":null,"recoubs_by_users_channels":null,"favourite":false,"promoted_id":null,"recoub":null,"like":null,"dislike":null,"reaction":null,"in_my_best2015":false,"id":57802068,"type":"Coub::Simple","permalink":"xyrcd","title":"In space no one can hear you scream","visibility_type":"public","original_visibility_type":"public","channel_id":11186,"created_at":"2017-09-25T07:27:04Z","updated_at":"2022-03-08T15:44:52Z","is_done":true,"views_count":173280,"cotd":null,"cotd_at":null,"visible_on_explore_root":true,"visible_on_explore":true,"featured":true,"published":true,"published_at":"2017-09-25T07:27:04Z","reversed":false,"from_editor_v2":true,"is_editable":true,"original_sound":false,"has_sound":false,"recoub_to":null,"file_versions":{"html5":{"video":{"higher":{"url":"https://coub-anubis-a.akamaized.net/coub_storage/coub/simple/cw_file/eb76521b898/ecfe91f23a090888530c2/muted_mp4_huge_size_1568149892_muted_huge.mp4","size":2538969},"high":{"url":"https://coub-anubis-a.akamaized.net/coub_storage/coub/simple/cw_file/eb76521b898/ecfe91f23a090888530c2/muted_mp4_big_size_1568149892_muted_big.mp4","size":1771507},"med":{"url":"https://coub-anubis-a.akamaized.net/coub_storage/coub/simple/cw_file/eb76521b898/ecfe91f23a090888530c2/muted_mp4_med_size_1568149892_muted_med.mp4","size":562362}},"audio":{"high":{"url":"https://coub-anubis-a.akamaized.net/coub_storage/coub/simple/cw_looped_audio_high/cc0c81fcbf0/cc5d60fceb78335fcf679/1605570772_high_1506324464_high.mp3","size":4659718},"med":{"url":"https://coub-anubis-a.akamaized.net/coub_storage/coub/simple/cw_looped_audio_med/ec83fe471ee/e93bf93cbfc7a165f53ec/1605570763_med_1506324464_med.mp3","size":3338606}}},"mobile":{"video":"https://coub-anubis-a.akamaized.net/coub_storage/coub/simple/cw_file/eb76521b898/ecfe91f23a090888530c2/muted_mp4_med_size_1568149892_muted_med.mp4","audio":["https://coub-anubis-a.akamaized.net/coub_storage/coub/simple/cw_looped_audio_med/ec83fe471ee/e93bf93cbfc7a165f53ec/1605570763_med_1506324464_med.mp3"]},"share":{"default":"https://coub-anubis-a.akamaized.net/coub_storage/coub/simple/cw_video_for_sharing/29b31bfd00e/277f4d01215e63ab5b245/1609797187_looped_1609797186.mp4"}},"audio_versions":{"template":"https://coub-anubis-a.akamaized.net/coub_storage/audio_track/cw_normalized_copy/6aa9d9afb06/69fdcbc10410dd3678d11/mid_1552383922_normalized_1506323743_audio.mp3","versions":["mid","low"]},"image_versions":{"template":"https://coub-anubis-a.akamaized.net/coub_storage/coub/simple/cw_image/75df847c8cf/f6a6b5642191d371aa3b7/1506324482_00032.jpg","versions":["micro","tiny","age_restricted","ios_large","ios_mosaic","big","med","small","pinterest"]},"first_frame_versions":{"template":"https://coub-anubis-a.akamaized.net/coub_storage/coub/simple/cw_timeline_pic/5e622620796/db81df434278c1f2b9591/%{version}_1506324481_image.jpg","versions":["big","med","small","ios_large"]},"dimensions":{"big":[1280,800],"med":[640,400]},"site_w_h":[640,400],"page_w_h":[640,400],"site_w_h_small":[310,194],"size":[1280,800],"age_restricted":false,"age_restricted_by_admin":false,"not_safe_for_work":false,"allow_reuse":false,"dont_crop":false,"banned":false,"global_safe":true,"audio_file_url":"https://coub-anubis-a.akamaized.net/coub_storage/audio_track/cw_normalized_copy/6aa9d9afb06/69fdcbc10410dd3678d11/low_1552383922_normalized_1506323743_audio.mp3","external_download":{"type":"Youtube","service_name":"YouTube","url":"http://www.youtube.com/watch?v=ahlm-91krew","has_embed":true},"application":null,"channel":{"id":11186,"permalink":"krum.krumov.904","title":"Krum Krumov","description":null,"followers_count":7671,"following_count":641,"avatar_versions":{"template":"https://coub-anubis-a.akamaized.net/coub_storage/channel/cw_avatar/c9998d578b6/0fb81d79f091bccc59980/%{version}_1525067093_550954_395157893861045_2103499066_n.jpg","versions":["medium","medium_2x","profile_pic","profile_pic_new","profile_pic_new_2x","tiny","tiny_2x","small","small_2x","ios_large","ios_small"]}},"file":null,"picture":"https://coub-anubis-a.akamaized.net/coub_storage/coub/simple/cw_image/75df847c8cf/f6a6b5642191d371aa3b7/1506324482_00032.jpg","timeline_picture":"https://coub-anubis-a.akamaized.net/coub_storage/coub/simple/cw_timeline_pic/5e622620796/db81df434278c1f2b9591/ios_large_1506324481_image.jpg","small_picture":"https://coub-anubis-a.akamaized.net/coub_storage/coub/simple/cw_image/75df847c8cf/f6a6b5642191d371aa3b7/1506324482_00032.jpg","sharing_picture":null,"percent_done":100,"tags":[{"id":3343624,"title":"pennywise is a shooting star","value":"pennywise%20is%20a%20shooting%20star"},{"id":24059,"title":"sequel","value":"sequel"},{"id":409576,"title":"chapter 2","value":"chapter%202"},{"id":2235,"title":"memes","value":"memes"},{"id":3340080,"title":"dances to music","value":"dances%20to%20music"},{"id":76683,"title":"dancing scene","value":"dancing%20scene"},{"id":291098,"title":"lair","value":"lair"},{"id":108975,"title":"cave","value":"cave"},{"id":2181,"title":"scene","value":"scene"},{"id":125,"title":"dancing","value":"dancing"},{"id":1586796,"title":"ayyyy lmao","value":"ayyyy%20lmao"},{"id":2234,"title":"meme","value":"meme"},{"id":217579,"title":"shooting star","value":"shooting%20star"},{"id":5096,"title":"star","value":"star"},{"id":675,"title":"shooting","value":"shooting"},{"id":6024,"title":"clown","value":"clown"},{"id":35733,"title":"pennywise","value":"pennywise"},{"id":9501,"title":"it","value":"it"},{"id":1145199,"title":"yaers of masegs","value":"yaers%20of%20masegs"},{"id":1124080,"title":"years of messages scene","value":"years%20of%20messages%20scene"},{"id":2940901,"title":"film (film)","value":"film%20(film)"},{"id":12791,"title":"tommy","value":"tommy"},{"id":14580,"title":"tribute","value":"tribute"},{"id":12789,"title":"mini","value":"mini"},{"id":1202608,"title":"music (tv genre)","value":"music%20(tv%20genre)"},{"id":3166,"title":"drama","value":"drama"},{"id":2933843,"title":"nasa (spacecraft manufacturer)","value":"nasa%20(spacecraft%20manufacturer)"},{"id":397,"title":"christopher nolan","value":"christopher%20nolan"},{"id":1407,"title":"anne hathaway","value":"anne%20hathaway"},{"id":3002792,"title":"movies (composition)","value":"movies%20(composition)"},{"id":10824,"title":"him","value":"him"},{"id":10592,"title":"eric","value":"eric"},{"id":251423,"title":"ellen burstyn","value":"ellen%20burstyn"},{"id":3112150,"title":"crying (symptom)","value":"crying%20(symptom)"},{"id":2588,"title":"sad","value":"sad"},{"id":4336,"title":"cry","value":"cry"},{"id":574630,"title":"mackenzie foy","value":"mackenzie%20foy"},{"id":12790,"title":"cooper","value":"cooper"},{"id":154,"title":"movie","value":"movie"},{"id":2409,"title":"movies","value":"movies"},{"id":13854,"title":"matthew mcconaughey","value":"matthew%20mcconaughey"},{"id":533288,"title":"science fiction movies","value":"science%20fiction%20movies"},{"id":2956348,"title":"interstellar (film)","value":"interstellar%20(film)"}],"categories":[{"id":19,"title":"Movies & TV","permalink":"movies","subscriptions_count":10078577,"big_image_url":"https://coub-anubis-a.akamaized.net/coub_storage/category/cw_image/dda6b36d2fb/9ae8ba82060e5659de192/big_1544758441_movies2.png","small_image_url":"https://coub-anubis-a.akamaized.net/coub_storage/category/cw_image/dda6b36d2fb/9ae8ba82060e5659de192/small_1544758441_movies2.png","med_image_url":"https://coub-anubis-a.akamaized.net/coub_storage/category/cw_image/dda6b36d2fb/9ae8ba82060e5659de192/med_1544758441_movies2.png","visible":true}],"communities":[{"id":19,"title":"Movies & TV","permalink":"movies","subscriptions_count":10078577,"big_image_url":"https://coub-anubis-a.akamaized.net/coub_storage/category/cw_image/dda6b36d2fb/9ae8ba82060e5659de192/big_1544758441_movies2.png","small_image_url":"https://coub-anubis-a.akamaized.net/coub_storage/category/cw_image/dda6b36d2fb/9ae8ba82060e5659de192/small_1544758441_movies2.png","med_image_url":"https://coub-anubis-a.akamaized.net/coub_storage/category/cw_image/dda6b36d2fb/9ae8ba82060e5659de192/med_1544758441_movies2.png","i_subscribed":true,"community_notifications_enabled":null,"description":null}],"recoubs_count":385,"remixes_count":2,"likes_count":2581,"dislikes_count":0,"raw_video_id":10301003,"uploaded_by_ios_app":false,"uploaded_by_android_app":false,"media_blocks":{"uploaded_raw_videos":[],"external_raw_videos":[{"id":21076282,"title":"interstellar - years of messages scene","url":"http://www.youtube.com/watch?v=ahlm-91krew","image":"https://coub-anubis-a.akamaized.net/coub_storage/media_block/cw_image/07661143717/b5de0170a2a9ae9a47255/1497913123_1497913098_15tgizj_att-url-download.jpg","image_retina":"https://coub-anubis-a.akamaized.net/coub_storage/media_block/cw_image/07661143717/b5de0170a2a9ae9a47255/1497913123_1497913098_15tgizj_att-url-download.jpg","meta":{"service":"Youtube","duration":"244.144"},"duration":244.144,"raw_video_id":9818263,"has_embed":true},{"id":22527779,"title":"Pennywise is a Shooting Star: Chapter 2","url":"http://www.youtube.com/watch?v=G2q2OWlde0w","image":"https://coub-anubis-a.akamaized.net/coub_storage/media_block/cw_image/a1ae00d6724/e398bf6b348d3ee488cee/1506323327_1506323315_n3t65v_att-url-download.jpg","image_retina":"https://coub-anubis-a.akamaized.net/coub_storage/media_block/cw_image/a1ae00d6724/e398bf6b348d3ee488cee/1506323327_1506323315_n3t65v_att-url-download.jpg","meta":{"service":"Youtube","duration":"68.76"},"duration":68.76,"raw_video_id":10301003,"has_embed":true}],"remixed_from_coubs":[],"external_video":{"id":21076282,"title":"interstellar - years of messages scene","url":"http://www.youtube.com/watch?v=ahlm-91krew","image":"https://coub-anubis-a.akamaized.net/coub_storage/media_block/cw_image/07661143717/b5de0170a2a9ae9a47255/1497913123_1497913098_15tgizj_att-url-download.jpg","image_retina":"https://coub-anubis-a.akamaized.net/coub_storage/media_block/cw_image/07661143717/b5de0170a2a9ae9a47255/1497913123_1497913098_15tgizj_att-url-download.jpg","meta":{"service":"Youtube","duration":"244.144"},"duration":244.144,"raw_video_id":9818263,"has_embed":true}},"raw_video_thumbnail_url":"/missing/missing.png","raw_video_title":"Pennywise is a Shooting Star: Chapter 2","video_block_banned":false,"duration":10.08,"promo_winner":false,"promo_winner_recoubers":null,"editorial_info":{},"promo_hint":null,"beeline_best_2014":null,"from_web_editor":true,"normalize_sound":true,"normalize_change_allowed":true,"best2015_addable":false,"ahmad_promo":null,"promo_data":null,"audio_copyright_claim":null,"ads_disabled":false,"is_safe_for_ads":true,"megafon_contents":[],"position_on_page":6},{"flag":null,"abuses":null,"recoubs_by_users_channels":null,"favourite":false,"promoted_id":null,"recoub":null,"like":null,"dislike":null,"reaction":null,"in_my_best2015":false,"id":24094155,"type":"Coub::Simple","permalink":"dw9xb","title":"Secret Weapon","visibility_type":"public","original_visibility_type":"public","channel_id":847629,"created_at":"2016-08-01T16:16:51Z","updated_at":"2022-03-14T20:50:53Z","is_done":true,"views_count":150314,"cotd":true,"cotd_at":"2016-08-02","visible_on_explore_root":true,"visible_on_explore":true,"featured":true,"published":true,"published_at":"2016-08-01T16:16:51Z","reversed":false,"from_editor_v2":true,"is_editable":true,"original_sound":true,"has_sound":true,"recoub_to":null,"file_versions":{"html5":{"video":{"higher":{"url":"https://coub-anubis-a.akamaized.net/coub_storage/coub/simple/cw_file/8079259a27e/af3f09e42b53568c22799/muted_mp4_huge_size_1567909440_muted_huge.mp4","size":3067353},"high":{"url":"https://coub-anubis-a.akamaized.net/coub_storage/coub/simple/cw_file/8079259a27e/af3f09e42b53568c22799/muted_mp4_big_size_1567909440_muted_big.mp4","size":2199103},"med":{"url":"https://coub-anubis-a.akamaized.net/coub_storage/coub/simple/cw_file/8079259a27e/af3f09e42b53568c22799/muted_mp4_med_size_1567909440_muted_med.mp4","size":581154}},"audio":{"high":{"url":"https://coub-anubis-a.akamaized.net/coub_storage/coub/simple/cw_looped_audio_high/826cc53cedb/7a121a65beb65a4c6da8f/1605509708_high_1470080298_high.mp3","size":1248728},"med":{"url":"https://coub-anubis-a.akamaized.net/coub_storage/coub/simple/cw_looped_audio_med/9a7a316002d/144a74c1c99216409eb97/1605509707_med_1470080298_med.mp3","size":1005710},"sample_duration":8.591}},"mobile":{"video":"https://coub-anubis-a.akamaized.net/coub_storage/coub/simple/cw_file/8079259a27e/af3f09e42b53568c22799/muted_mp4_med_size_1567909440_muted_med.mp4","audio":["https://coub-anubis-a.akamaized.net/coub_storage/coub/simple/cw_looped_audio_med/9a7a316002d/144a74c1c99216409eb97/1605509707_med_1470080298_med.mp3"]},"share":{"default":"https://coub-anubis-a.akamaized.net/coub_storage/coub/simple/cw_video_for_sharing/02851aa5d73/5447852f2b4ba032f83ea/1610377356_looped_1610377355.mp4"}},"audio_versions":{},"image_versions":{"template":"https://coub-anubis-a.akamaized.net/coub_storage/coub/simple/cw_image/392d507fe93/144516c9497c96b0b6493/1470080337_00027.jpg","versions":["micro","tiny","age_restricted","ios_large","ios_mosaic","big","med","small","pinterest"]},"first_frame_versions":{"template":"https://coub-anubis-a.akamaized.net/coub_storage/coub/simple/cw_timeline_pic/2e2cdff1af4/600b320acdf95ec94a089/%{version}_1470080335_image.jpg","versions":["big","med","small","ios_large"]},"dimensions":{"big":[1280,720],"med":[640,360]},"site_w_h":[640,360],"page_w_h":[640,360],"site_w_h_small":[310,174],"size":[1280,720],"age_restricted":false,"age_restricted_by_admin":false,"not_safe_for_work":false,"allow_reuse":false,"dont_crop":false,"banned":false,"global_safe":true,"audio_file_url":null,"external_download":false,"application":null,"channel":{"id":847629,"permalink":"sobako.barabako","title":"Sobako Barabako","description":"Welcome to Coub. Follow me. I will be your guide!","followers_count":11824,"following_count":240,"avatar_versions":{"template":"https://coub-anubis-a.akamaized.net/coub_storage/channel/cw_avatar/21e0e746494/17d2443282804e3b9dd24/%{version}_1525794614_monochrome.jpg","versions":["medium","medium_2x","profile_pic","profile_pic_new","profile_pic_new_2x","tiny","tiny_2x","small","small_2x","ios_large","ios_small"]}},"file":null,"picture":"https://coub-anubis-a.akamaized.net/coub_storage/coub/simple/cw_image/392d507fe93/144516c9497c96b0b6493/1470080337_00027.jpg","timeline_picture":"https://coub-anubis-a.akamaized.net/coub_storage/coub/simple/cw_timeline_pic/2e2cdff1af4/600b320acdf95ec94a089/ios_large_1470080335_image.jpg","small_picture":"https://coub-anubis-a.akamaized.net/coub_storage/coub/simple/cw_image/392d507fe93/144516c9497c96b0b6493/1470080337_00027.jpg","sharing_picture":null,"percent_done":100,"tags":[{"id":20754,"title":"also sprach zarathustra","value":"also%20sprach%20zarathustra"},{"id":2151,"title":"iron man","value":"iron%20man"},{"id":1111844,"title":"space odyssey 2001","value":"space%20odyssey%202001"}],"categories":[{"id":19,"title":"Movies & TV","permalink":"movies","subscriptions_count":10078577,"big_image_url":"https://coub-anubis-a.akamaized.net/coub_storage/category/cw_image/dda6b36d2fb/9ae8ba82060e5659de192/big_1544758441_movies2.png","small_image_url":"https://coub-anubis-a.akamaized.net/coub_storage/category/cw_image/dda6b36d2fb/9ae8ba82060e5659de192/small_1544758441_movies2.png","med_image_url":"https://coub-anubis-a.akamaized.net/coub_storage/category/cw_image/dda6b36d2fb/9ae8ba82060e5659de192/med_1544758441_movies2.png","visible":true}],"communities":[{"id":19,"title":"Movies & TV","permalink":"movies","subscriptions_count":10078577,"big_image_url":"https://coub-anubis-a.akamaized.net/coub_storage/category/cw_image/dda6b36d2fb/9ae8ba82060e5659de192/big_1544758441_movies2.png","small_image_url":"https://coub-anubis-a.akamaized.net/coub_storage/category/cw_image/dda6b36d2fb/9ae8ba82060e5659de192/small_1544758441_movies2.png","med_image_url":"https://coub-anubis-a.akamaized.net/coub_storage/category/cw_image/dda6b36d2fb/9ae8ba82060e5659de192/med_1544758441_movies2.png","i_subscribed":true,"community_notifications_enabled":null,"description":null}],"recoubs_count":518,"remixes_count":8,"likes_count":2581,"dislikes_count":0,"raw_video_id":3187033,"uploaded_by_ios_app":false,"uploaded_by_android_app":false,"media_blocks":{"uploaded_raw_videos":[],"external_raw_videos":[],"remixed_from_coubs":[]},"raw_video_thumbnail_url":"/missing/missing.png","raw_video_title":"Untitled.wmv","video_block_banned":false,"duration":8.6,"promo_winner":false,"promo_winner_recoubers":null,"editorial_info":{},"promo_hint":null,"beeline_best_2014":null,"from_web_editor":true,"normalize_sound":true,"normalize_change_allowed":true,"best2015_addable":false,"ahmad_promo":null,"promo_data":null,"audio_copyright_claim":null,"ads_disabled":null,"is_safe_for_ads":true,"megafon_contents":[],"position_on_page":7},{"flag":null,"abuses":null,"recoubs_by_users_channels":null,"favourite":false,"promoted_id":null,"recoub":null,"like":null,"dislike":null,"reaction":null,"in_my_best2015":false,"id":66506130,"type":"Coub::Simple","permalink":"135g4k","title":"Обнял и сказал...","visibility_type":"public","original_visibility_type":"public","channel_id":3467086,"created_at":"2018-02-09T14:03:31Z","updated_at":"2022-03-09T00:35:04Z","is_done":true,"views_count":196685,"cotd":null,"cotd_at":null,"visible_on_explore_root":false,"visible_on_explore":false,"featured":false,"published":true,"published_at":"2018-02-09T14:03:31Z","reversed":false,"from_editor_v2":true,"is_editable":true,"original_sound":true,"has_sound":true,"recoub_to":null,"file_versions":{"html5":{"video":{"higher":{"url":"https://coub-anubis-a.akamaized.net/coub_storage/coub/simple/cw_file/c5993ceacf7/365cf28dc77878f223b53/muted_mp4_huge_size_1568192289_muted_huge.mp4","size":1868360},"high":{"url":"https://coub-anubis-a.akamaized.net/coub_storage/coub/simple/cw_file/c5993ceacf7/365cf28dc77878f223b53/muted_mp4_big_size_1568192289_muted_big.mp4","size":1356893},"med":{"url":"https://coub-anubis-a.akamaized.net/coub_storage/coub/simple/cw_file/c5993ceacf7/365cf28dc77878f223b53/muted_mp4_med_size_1568192289_muted_med.mp4","size":406928}},"audio":{"high":{"url":"https://coub-anubis-a.akamaized.net/coub_storage/coub/simple/cw_looped_audio_high/0c5ca68a879/6f3d569714ba2c9f2c3b0/1605630738_high_1518185032_high.mp3","size":1065969},"med":{"url":"https://coub-anubis-a.akamaized.net/coub_storage/coub/simple/cw_looped_audio_med/db2dafa8f5c/7aac9343343966a6721a4/1605630737_med_1518185032_med.mp3","size":954673},"sample_duration":9.984}},"mobile":{"video":"https://coub-anubis-a.akamaized.net/coub_storage/coub/simple/cw_file/c5993ceacf7/365cf28dc77878f223b53/muted_mp4_med_size_1568192289_muted_med.mp4","audio":["https://coub-anubis-a.akamaized.net/coub_storage/coub/simple/cw_looped_audio_med/db2dafa8f5c/7aac9343343966a6721a4/1605630737_med_1518185032_med.mp3"]},"share":{"default":"https://coub-anubis-a.akamaized.net/coub_storage/coub/simple/cw_video_for_sharing/35b174da7b3/7f96ee13347bc9a393270/1609010932_looped_1609010931.mp4"}},"audio_versions":{},"image_versions":{"template":"https://coub-anubis-a.akamaized.net/coub_storage/coub/simple/cw_image/77262613046/5c04b27628e5c2fb59ec5/1518185042_00032.jpg","versions":["micro","tiny","age_restricted","ios_large","ios_mosaic","big","med","small","pinterest"]},"first_frame_versions":{"template":"https://coub-anubis-a.akamaized.net/coub_storage/coub/simple/cw_timeline_pic/c97f84004d4/4569d3a038e34c081258c/%{version}_1518185040_image.jpg","versions":["big","med","small","ios_large"]},"dimensions":{"big":[1280,720],"med":[640,360]},"site_w_h":[640,360],"page_w_h":[640,360],"site_w_h_small":[310,174],"size":[1280,720],"age_restricted":false,"age_restricted_by_admin":false,"not_safe_for_work":false,"allow_reuse":false,"dont_crop":false,"banned":false,"global_safe":false,"audio_file_url":null,"external_download":false,"application":null,"channel":{"id":3467086,"permalink":"tetriscoub","title":"TetRis","description":null,"followers_count":1715,"following_count":359,"avatar_versions":{"template":"https://coub-anubis-a.akamaized.net/coub_storage/channel/cw_avatar/4a6b8298423/1dd273aa4a4586013c488/%{version}_1609111565_te57me_1488725184_images.jpg","versions":["medium","medium_2x","profile_pic","profile_pic_new","profile_pic_new_2x","tiny","tiny_2x","small","small_2x","ios_large","ios_small"]}},"file":null,"picture":"https://coub-anubis-a.akamaized.net/coub_storage/coub/simple/cw_image/77262613046/5c04b27628e5c2fb59ec5/1518185042_00032.jpg","timeline_picture":"https://coub-anubis-a.akamaized.net/coub_storage/coub/simple/cw_timeline_pic/c97f84004d4/4569d3a038e34c081258c/ios_large_1518185040_image.jpg","small_picture":"https://coub-anubis-a.akamaized.net/coub_storage/coub/simple/cw_image/77262613046/5c04b27628e5c2fb59ec5/1518185042_00032.jpg","sharing_picture":null,"percent_done":100,"tags":[],"categories":[{"id":19,"title":"Movies & TV","permalink":"movies","subscriptions_count":10078577,"big_image_url":"https://coub-anubis-a.akamaized.net/coub_storage/category/cw_image/dda6b36d2fb/9ae8ba82060e5659de192/big_1544758441_movies2.png","small_image_url":"https://coub-anubis-a.akamaized.net/coub_storage/category/cw_image/dda6b36d2fb/9ae8ba82060e5659de192/small_1544758441_movies2.png","med_image_url":"https://coub-anubis-a.akamaized.net/coub_storage/category/cw_image/dda6b36d2fb/9ae8ba82060e5659de192/med_1544758441_movies2.png","visible":true}],"communities":[{"id":19,"title":"Movies & TV","permalink":"movies","subscriptions_count":10078577,"big_image_url":"https://coub-anubis-a.akamaized.net/coub_storage/category/cw_image/dda6b36d2fb/9ae8ba82060e5659de192/big_1544758441_movies2.png","small_image_url":"https://coub-anubis-a.akamaized.net/coub_storage/category/cw_image/dda6b36d2fb/9ae8ba82060e5659de192/small_1544758441_movies2.png","med_image_url":"https://coub-anubis-a.akamaized.net/coub_storage/category/cw_image/dda6b36d2fb/9ae8ba82060e5659de192/med_1544758441_movies2.png","i_subscribed":true,"community_notifications_enabled":null,"description":null}],"recoubs_count":563,"remixes_count":7,"likes_count":2580,"dislikes_count":0,"raw_video_id":11095563,"uploaded_by_ios_app":false,"uploaded_by_android_app":false,"media_blocks":{"uploaded_raw_videos":[],"external_raw_videos":[],"remixed_from_coubs":[]},"raw_video_thumbnail_url":"/missing/missing.png","raw_video_title":"_____2.avi","video_block_banned":false,"duration":9.96,"promo_winner":false,"promo_winner_recoubers":null,"editorial_info":{},"promo_hint":null,"beeline_best_2014":null,"from_web_editor":true,"normalize_sound":true,"normalize_change_allowed":true,"best2015_addable":false,"ahmad_promo":null,"promo_data":null,"audio_copyright_claim":null,"ads_disabled":false,"is_safe_for_ads":true,"megafon_contents":[],"position_on_page":8},{"flag":null,"abuses":null,"recoubs_by_users_channels":null,"favourite":false,"promoted_id":null,"recoub":null,"like":null,"dislike":null,"reaction":null,"in_my_best2015":false,"id":21659837,"type":"Coub::Simple","permalink":"cg3kl","title":"What Are You Waiting For?","visibility_type":"public","original_visibility_type":"public","channel_id":15450,"created_at":"2016-05-16T15:51:49Z","updated_at":"2022-03-07T06:42:38Z","is_done":true,"views_count":270718,"cotd":null,"cotd_at":null,"visible_on_explore_root":true,"visible_on_explore":true,"featured":true,"published":true,"published_at":"2016-05-16T15:51:49Z","reversed":false,"from_editor_v2":true,"is_editable":true,"original_sound":true,"has_sound":true,"recoub_to":null,"file_versions":{"html5":{"video":{"higher":{"url":"https://coub-anubis-a.akamaized.net/coub_storage/coub/simple/cw_file/56f4ba7db9f/432f1d9fbf69c877eef1d/muted_mp4_huge_size_1567884295_muted_huge.mp4","size":3912407},"high":{"url":"https://coub-anubis-a.akamaized.net/coub_storage/coub/simple/cw_file/56f4ba7db9f/432f1d9fbf69c877eef1d/muted_mp4_big_size_1567884295_muted_big.mp4","size":3003517},"med":{"url":"https://coub-anubis-a.akamaized.net/coub_storage/coub/simple/cw_file/56f4ba7db9f/432f1d9fbf69c877eef1d/muted_mp4_med_size_1567884295_muted_med.mp4","size":801795}},"audio":{"high":{"url":"https://coub-anubis-a.akamaized.net/coub_storage/coub/simple/cw_looped_audio_high/65977c34d88/13e52717f19885232f0a1/1605489168_high_1470791979_high.mp3","size":4079773},"med":{"url":"https://coub-anubis-a.akamaized.net/coub_storage/coub/simple/cw_looped_audio_med/7e97e83a72f/20189d823df08513c0e50/1605489168_med_1470791979_med.mp3","size":3053952},"sample_duration":10.009}},"mobile":{"video":"https://coub-anubis-a.akamaized.net/coub_storage/coub/simple/cw_file/56f4ba7db9f/432f1d9fbf69c877eef1d/muted_mp4_med_size_1567884295_muted_med.mp4","audio":["https://coub-anubis-a.akamaized.net/coub_storage/coub/simple/cw_looped_audio_med/7e97e83a72f/20189d823df08513c0e50/1605489168_med_1470791979_med.mp3"]},"share":{"default":"https://coub-anubis-a.akamaized.net/coub_storage/coub/simple/cw_video_for_sharing/b278cc61df1/93d9c50572b42c66882fa/1622564818_looped_1622564816.mp4"}},"audio_versions":{},"image_versions":{"template":"https://coub-anubis-a.akamaized.net/coub_storage/coub/simple/cw_image/f5f7764b888/e4955da5475914f734828/1470791883_00032.jpg","versions":["micro","tiny","age_restricted","ios_large","ios_mosaic","big","med","small","pinterest"]},"first_frame_versions":{"template":"https://coub-anubis-a.akamaized.net/coub_storage/coub/simple/cw_timeline_pic/961526355d0/8ded83b421d665b6ac658/%{version}_1470791898_image.jpg","versions":["big","med","small","ios_large"]},"dimensions":{"big":[1280,540],"med":[640,270]},"site_w_h":[640,270],"page_w_h":[640,270],"site_w_h_small":[310,131],"size":[1280,540],"age_restricted":false,"age_restricted_by_admin":false,"not_safe_for_work":false,"allow_reuse":false,"dont_crop":false,"banned":false,"global_safe":true,"audio_file_url":null,"external_download":false,"application":null,"channel":{"id":15450,"permalink":"dmitry.udarov","title":"Dmitry Udarov","description":null,"followers_count":15646,"following_count":80,"avatar_versions":{"template":"https://coub-anubis-a.akamaized.net/coub_storage/channel/cw_avatar/aea5d5d3281/ebcae4dc2145438ee77a2/%{version}_1544715486_234758__1_.jpg","versions":["medium","medium_2x","profile_pic","profile_pic_new","profile_pic_new_2x","tiny","tiny_2x","small","small_2x","ios_large","ios_small"]}},"file":null,"picture":"https://coub-anubis-a.akamaized.net/coub_storage/coub/simple/cw_image/f5f7764b888/e4955da5475914f734828/1470791883_00032.jpg","timeline_picture":"https://coub-anubis-a.akamaized.net/coub_storage/coub/simple/cw_timeline_pic/961526355d0/8ded83b421d665b6ac658/ios_large_1470791898_image.jpg","small_picture":"https://coub-anubis-a.akamaized.net/coub_storage/coub/simple/cw_image/f5f7764b888/e4955da5475914f734828/1470791883_00032.jpg","sharing_picture":null,"percent_done":100,"tags":[],"categories":[{"id":19,"title":"Movies & TV","permalink":"movies","subscriptions_count":10078577,"big_image_url":"https://coub-anubis-a.akamaized.net/coub_storage/category/cw_image/dda6b36d2fb/9ae8ba82060e5659de192/big_1544758441_movies2.png","small_image_url":"https://coub-anubis-a.akamaized.net/coub_storage/category/cw_image/dda6b36d2fb/9ae8ba82060e5659de192/small_1544758441_movies2.png","med_image_url":"https://coub-anubis-a.akamaized.net/coub_storage/category/cw_image/dda6b36d2fb/9ae8ba82060e5659de192/med_1544758441_movies2.png","visible":true}],"communities":[{"id":19,"title":"Movies & TV","permalink":"movies","subscriptions_count":10078577,"big_image_url":"https://coub-anubis-a.akamaized.net/coub_storage/category/cw_image/dda6b36d2fb/9ae8ba82060e5659de192/big_1544758441_movies2.png","small_image_url":"https://coub-anubis-a.akamaized.net/coub_storage/category/cw_image/dda6b36d2fb/9ae8ba82060e5659de192/small_1544758441_movies2.png","med_image_url":"https://coub-anubis-a.akamaized.net/coub_storage/category/cw_image/dda6b36d2fb/9ae8ba82060e5659de192/med_1544758441_movies2.png","i_subscribed":true,"community_notifications_enabled":null,"description":null}],"recoubs_count":411,"remixes_count":11,"likes_count":2579,"dislikes_count":0,"raw_video_id":2633813,"uploaded_by_ios_app":false,"uploaded_by_android_app":false,"media_blocks":{"uploaded_raw_videos":[],"external_raw_videos":[],"remixed_from_coubs":[]},"raw_video_thumbnail_url":"/missing/missing.png","raw_video_title":"What_Are_You_Waiting_For.mp4","video_block_banned":false,"duration":10.0,"promo_winner":false,"promo_winner_recoubers":null,"editorial_info":{},"promo_hint":null,"beeline_best_2014":null,"from_web_editor":true,"normalize_sound":true,"normalize_change_allowed":true,"best2015_addable":false,"ahmad_promo":null,"promo_data":null,"audio_copyright_claim":null,"ads_disabled":null,"is_safe_for_ads":true,"megafon_contents":[],"position_on_page":9},{"flag":null,"abuses":null,"recoubs_by_users_channels":null,"favourite":false,"promoted_id":null,"recoub":null,"like":null,"dislike":null,"reaction":null,"in_my_best2015":false,"id":167724219,"type":"Coub::Simple","permalink":"2rifov","title":"Jonah Hill","visibility_type":"public","original_visibility_type":"public","channel_id":5124179,"created_at":"2021-04-27T19:35:14Z","updated_at":"2022-03-15T18:20:34Z","is_done":true,"views_count":175475,"cotd":null,"cotd_at":null,"visible_on_explore_root":true,"visible_on_explore":true,"featured":true,"published":true,"published_at":"2021-04-27T19:35:14Z","reversed":false,"from_editor_v2":true,"is_editable":true,"original_sound":true,"has_sound":true,"recoub_to":null,"file_versions":{"html5":{"video":{"higher":{"url":"https://coub-anubis-a.akamaized.net/coub_storage/coub/simple/cw_file/71517abaf2b/eb1686bdf4638de2e5c4a/muted_mp4_huge_size_1619552237_muted_huge.mp4","size":2112910},"high":{"url":"https://coub-anubis-a.akamaized.net/coub_storage/coub/simple/cw_file/71517abaf2b/eb1686bdf4638de2e5c4a/muted_mp4_big_size_1619552237_muted_big.mp4","size":1412422},"med":{"url":"https://coub-anubis-a.akamaized.net/coub_storage/coub/simple/cw_file/71517abaf2b/eb1686bdf4638de2e5c4a/muted_mp4_med_size_1619552237_muted_med.mp4","size":472581}},"audio":{"high":{"url":"https://coub-anubis-a.akamaized.net/coub_storage/coub/simple/cw_looped_audio_high/9fe9e40fdae/c365c782f706b40c5b899/1619552240_mp3-high.mp3","size":911853},"med":{"url":"https://coub-anubis-a.akamaized.net/coub_storage/coub/simple/cw_looped_audio_med/8e73a86ea7b/c905ca76a4386009debdc/1619552239_mp3-med.mp3","size":806637},"sample_duration":10.124}},"mobile":{"video":"https://coub-anubis-a.akamaized.net/coub_storage/coub/simple/cw_file/71517abaf2b/eb1686bdf4638de2e5c4a/muted_mp4_med_size_1619552237_muted_med.mp4","audio":["https://coub-anubis-a.akamaized.net/coub_storage/coub/simple/cw_looped_audio_med/8e73a86ea7b/c905ca76a4386009debdc/1619552239_mp3-med.mp3"]},"share":{"default":"https://coub-anubis-a.akamaized.net/coub_storage/coub/simple/cw_video_for_sharing/fcd5073d078/6ff6d07cd65fcc86f2f1b/1619552290_looped_1619552288.mp4"}},"audio_versions":{},"image_versions":{"template":"https://coub-anubis-a.akamaized.net/coub_storage/coub/simple/cw_image/a05990b1041/a961c3ba94d00e3429486/%{version}_1619552248_00031.jpg","versions":["micro","tiny","age_restricted","ios_large","ios_mosaic","big","med","small","pinterest"]},"first_frame_versions":{"template":"https://coub-anubis-a.akamaized.net/coub_storage/coub/simple/cw_timeline_pic/e308c518b68/08dd49681c0cedf5d670d/%{version}_1619552247_image.jpg","versions":["big","med","small","ios_large"]},"dimensions":{"big":[1280,720],"med":[640,360]},"site_w_h":[640,360],"page_w_h":[640,360],"site_w_h_small":[310,174],"size":[1280,720],"age_restricted":false,"age_restricted_by_admin":false,"not_safe_for_work":false,"allow_reuse":false,"dont_crop":true,"banned":false,"global_safe":true,"audio_file_url":null,"external_download":{"type":"Youtube","service_name":"YouTube","url":"https://www.youtube.com/watch?v=OOr9FerD5JQ","has_embed":true},"application":null,"channel":{"id":5124179,"permalink":"bella-kemp","title":"kmpi","description":null,"followers_count":6524,"following_count":16,"avatar_versions":{"template":"https://coub-anubis-a.akamaized.net/coub_storage/channel/cw_avatar/de8c2366f3d/26c8bcdbc4f8728e2d7cd/%{version}_1607413883_d30sf7_1546201116_1esqmmk_771062709894163.jpg","versions":["medium","medium_2x","profile_pic","profile_pic_new","profile_pic_new_2x","tiny","tiny_2x","small","small_2x","ios_large","ios_small"]}},"file":null,"picture":"https://coub-anubis-a.akamaized.net/coub_storage/coub/simple/cw_image/a05990b1041/a961c3ba94d00e3429486/med_1619552248_00031.jpg","timeline_picture":"https://coub-anubis-a.akamaized.net/coub_storage/coub/simple/cw_timeline_pic/e308c518b68/08dd49681c0cedf5d670d/ios_large_1619552247_image.jpg","small_picture":"https://coub-anubis-a.akamaized.net/coub_storage/coub/simple/cw_image/a05990b1041/a961c3ba94d00e3429486/ios_mosaic_1619552248_00031.jpg","sharing_picture":null,"percent_done":100,"tags":[{"id":1422424,"title":"war dogs","value":"war%20dogs"},{"id":4852,"title":"jonah hill","value":"jonah%20hill"},{"id":154,"title":"movie","value":"movie"},{"id":2409,"title":"movies","value":"movies"}],"categories":[{"id":19,"title":"Movies & TV","permalink":"movies","subscriptions_count":10078577,"big_image_url":"https://coub-anubis-a.akamaized.net/coub_storage/category/cw_image/dda6b36d2fb/9ae8ba82060e5659de192/big_1544758441_movies2.png","small_image_url":"https://coub-anubis-a.akamaized.net/coub_storage/category/cw_image/dda6b36d2fb/9ae8ba82060e5659de192/small_1544758441_movies2.png","med_image_url":"https://coub-anubis-a.akamaized.net/coub_storage/category/cw_image/dda6b36d2fb/9ae8ba82060e5659de192/med_1544758441_movies2.png","visible":true}],"communities":[{"id":19,"title":"Movies & TV","permalink":"movies","subscriptions_count":10078577,"big_image_url":"https://coub-anubis-a.akamaized.net/coub_storage/category/cw_image/dda6b36d2fb/9ae8ba82060e5659de192/big_1544758441_movies2.png","small_image_url":"https://coub-anubis-a.akamaized.net/coub_storage/category/cw_image/dda6b36d2fb/9ae8ba82060e5659de192/small_1544758441_movies2.png","med_image_url":"https://coub-anubis-a.akamaized.net/coub_storage/category/cw_image/dda6b36d2fb/9ae8ba82060e5659de192/med_1544758441_movies2.png","i_subscribed":true,"community_notifications_enabled":null,"description":null}],"recoubs_count":459,"remixes_count":0,"likes_count":2578,"dislikes_count":0,"raw_video_id":15354489,"uploaded_by_ios_app":true,"uploaded_by_android_app":false,"media_blocks":{"uploaded_raw_videos":[],"external_raw_videos":[{"id":36140857,"title":"War Dogs Buying Weed Scene (Complete Scene)","url":"https://www.youtube.com/watch?v=OOr9FerD5JQ","image":"https://coub-anubis-a.akamaized.net/coub_storage/media_block/cw_image/28f015b5d65/1c376204069834ccb557d/1592306522_14z0060_1592306493_1hgo7jg_att-url-download.jpg","image_retina":"https://coub-anubis-a.akamaized.net/coub_storage/media_block/cw_image/28f015b5d65/1c376204069834ccb557d/1592306522_14z0060_1592306493_1hgo7jg_att-url-download.jpg","meta":{"service":"Youtube","duration":"202.141"},"duration":202.141,"raw_video_id":15354489,"has_embed":true}],"remixed_from_coubs":[],"external_video":{"id":36140857,"title":"War Dogs Buying Weed Scene (Complete Scene)","url":"https://www.youtube.com/watch?v=OOr9FerD5JQ","image":"https://coub-anubis-a.akamaized.net/coub_storage/media_block/cw_image/28f015b5d65/1c376204069834ccb557d/1592306522_14z0060_1592306493_1hgo7jg_att-url-download.jpg","image_retina":"https://coub-anubis-a.akamaized.net/coub_storage/media_block/cw_image/28f015b5d65/1c376204069834ccb557d/1592306522_14z0060_1592306493_1hgo7jg_att-url-download.jpg","meta":{"service":"Youtube","duration":"202.141"},"duration":202.141,"raw_video_id":15354489,"has_embed":true}},"raw_video_thumbnail_url":"/missing/missing.png","raw_video_title":"War Dogs Buying Weed Scene (Complete Scene)","video_block_banned":false,"duration":9.8,"promo_winner":false,"promo_winner_recoubers":null,"editorial_info":{},"promo_hint":null,"beeline_best_2014":null,"from_web_editor":false,"normalize_sound":true,"normalize_change_allowed":true,"best2015_addable":false,"ahmad_promo":null,"promo_data":null,"audio_copyright_claim":null,"ads_disabled":false,"is_safe_for_ads":true,"megafon_contents":[],"position_on_page":10}]}