{"page":120,"total_pages":259,"per_page":10,"stories":[{"id":10010,"title":"The Best Anime Coubs Of November","permalink":"10010-the-best-anime-coubs-of-november","description":"","bottom_text":"","channel":{"id":411851,"permalink":"onbehalfofthemoon","title":"Anime","description":"（⌒▽⌒）","followers_count":179852,"following_count":1,"avatar_versions":{"template":"https://coub-anubis-a.akamaized.net/coub_storage/channel/cw_avatar/4bc5eae4755/09630c449429a38439cbd/%{version}_1607432185_b5jire_1474504989_1metgwo_att-url-download.png","versions":["medium","medium_2x","profile_pic","profile_pic_new","profile_pic_new_2x","tiny","tiny_2x","small","small_2x","ios_large","ios_small"]}},"tags":[{"id":165,"title":"anime","value":"anime"},{"id":3133446,"title":"anime monthly","value":"anime%20monthly"}],"published":true,"published_at":"2018-12-10T00:25:33Z","age_restricted":false,"not_safe_for_work":false,"suggested_to_feature":true,"views_count":1804,"likes_count":132,"reposts_count":10,"thumbnail":{"template":"https://coub-anubis-a.akamaized.net/coub_storage/coub/simple/cw_timeline_pic/5e56640c309/50738acadbb847b50a601/%{version}_1543136695_image.jpg","versions":["big","med","small","ios_large"]},"coubs_count":44,"thumbnail_coub":{"flag":null,"abuses":null,"recoubs_by_users_channels":null,"favourite":false,"promoted_id":null,"recoub":null,"like":null,"dislike":null,"reaction":null,"in_my_best2015":false,"id":92401756,"type":"Coub::Simple","permalink":"1iluv4","title":"JoJo reference in goblin slayer","visibility_type":"public","original_visibility_type":"public","channel_id":1903142,"created_at":"2018-11-25T09:04:34Z","updated_at":"2022-03-03T18:13:19Z","is_done":true,"views_count":290552,"cotd":null,"cotd_at":null,"visible_on_explore_root":false,"visible_on_explore":false,"featured":false,"published":true,"published_at":"2018-11-25T09:04:34Z","reversed":false,"from_editor_v2":true,"is_editable":true,"original_sound":true,"has_sound":true,"recoub_to":null,"file_versions":{"html5":{"video":{"higher":{"url":"https://coub-anubis-a.akamaized.net/coub_storage/coub/simple/cw_file/314dc5c125a/08d1f67159c353a20c2e3/muted_mp4_huge_size_1568959379_muted_huge.mp4","size":1353838},"high":{"url":"https://coub-anubis-a.akamaized.net/coub_storage/coub/simple/cw_file/314dc5c125a/08d1f67159c353a20c2e3/muted_mp4_big_size_1568959379_muted_big.mp4","size":1049145},"med":{"url":"https://coub-anubis-a.akamaized.net/coub_storage/coub/simple/cw_file/314dc5c125a/08d1f67159c353a20c2e3/muted_mp4_med_size_1568959379_muted_med.mp4","size":273396}},"audio":{"high":{"url":"https://coub-anubis-a.akamaized.net/coub_storage/coub/simple/cw_looped_audio_high/80961f2110d/7dd13be6e368f500f3f65/1605658004_high_1543136687_high.mp3","size":1101199},"med":{"url":"https://coub-anubis-a.akamaized.net/coub_storage/coub/simple/cw_looped_audio_med/cee7b96c5aa/d9e2590f11635df869c7e/1605658004_med_1543136687_med.mp3","size":953262},"sample_duration":9.961}},"mobile":{"video":"https://coub-anubis-a.akamaized.net/coub_storage/coub/simple/cw_file/314dc5c125a/08d1f67159c353a20c2e3/muted_mp4_med_size_1568959379_muted_med.mp4","audio":["https://coub-anubis-a.akamaized.net/coub_storage/coub/simple/cw_looped_audio_med/cee7b96c5aa/d9e2590f11635df869c7e/1605658004_med_1543136687_med.mp3"]},"share":{"default":"https://coub-anubis-a.akamaized.net/coub_storage/coub/simple/cw_video_for_sharing/020bab6ef0a/55e08dc09f8078ef0a542/1610726253_looped_1610726252.mp4"}},"audio_versions":{},"image_versions":{"template":"https://coub-anubis-a.akamaized.net/coub_storage/coub/simple/cw_image/701a56968d1/ffa5f00a32f59aa2a62ad/1543136696_00032.jpg","versions":["micro","tiny","age_restricted","ios_large","ios_mosaic","big","med","small","pinterest"]},"first_frame_versions":{"template":"https://coub-anubis-a.akamaized.net/coub_storage/coub/simple/cw_timeline_pic/5e56640c309/50738acadbb847b50a601/%{version}_1543136695_image.jpg","versions":["big","med","small","ios_large"]},"dimensions":{"big":[1280,720],"med":[640,360]},"site_w_h":[640,360],"page_w_h":[640,360],"site_w_h_small":[310,174],"size":[1280,720],"age_restricted":false,"age_restricted_by_admin":false,"not_safe_for_work":false,"allow_reuse":false,"dont_crop":false,"banned":false,"global_safe":true,"audio_file_url":null,"external_download":false,"application":null,"channel":{"id":1903142,"permalink":"vandarkholme","title":"Kiborg","description":null,"followers_count":1475,"following_count":395,"avatar_versions":{"template":"https://coub-anubis-a.akamaized.net/coub_storage/channel/cw_avatar/f416265cd47/6392ce62b5438677cbed6/%{version}_1646999969_1465979802178522408.jpg","versions":["medium","medium_2x","profile_pic","profile_pic_new","profile_pic_new_2x","tiny","tiny_2x","small","small_2x","ios_large","ios_small"]}},"file":null,"picture":"https://coub-anubis-a.akamaized.net/coub_storage/coub/simple/cw_image/701a56968d1/ffa5f00a32f59aa2a62ad/1543136696_00032.jpg","timeline_picture":"https://coub-anubis-a.akamaized.net/coub_storage/coub/simple/cw_timeline_pic/5e56640c309/50738acadbb847b50a601/ios_large_1543136695_image.jpg","small_picture":"https://coub-anubis-a.akamaized.net/coub_storage/coub/simple/cw_image/701a56968d1/ffa5f00a32f59aa2a62ad/1543136696_00032.jpg","sharing_picture":null,"percent_done":100,"tags":[{"id":104993,"title":"jojo","value":"jojo"},{"id":362670,"title":"jjba","value":"jjba"},{"id":579053,"title":"jojo no kimyou na bouken","value":"jojo%20no%20kimyou%20na%20bouken"},{"id":200779,"title":"jojo bizarre adventure","value":"jojo%20bizarre%20adventure"},{"id":380926,"title":"jojo stardust crusaders","value":"jojo%20stardust%20crusaders"},{"id":334043,"title":"stardust crusaders","value":"stardust%20crusaders"},{"id":380461,"title":"kakyoin","value":"kakyoin"},{"id":1408167,"title":"kakyoin noriaki","value":"kakyoin%20noriaki"},{"id":165,"title":"anime","value":"anime"},{"id":4470012,"title":"goblin salyer","value":"goblin%20salyer"},{"id":3841164,"title":"убийца гоблинов","value":"%D1%83%D0%B1%D0%B8%D0%B9%D1%86%D0%B0%20%D0%B3%D0%BE%D0%B1%D0%BB%D0%B8%D0%BD%D0%BE%D0%B2"},{"id":56297,"title":"jotaro kujo","value":"jotaro%20kujo"},{"id":1048285,"title":"priestess","value":"priestess"}],"categories":[{"id":36,"title":"Anime","permalink":"anime","subscriptions_count":10059375,"big_image_url":"https://coub-anubis-a.akamaized.net/coub_storage/category/cw_image/79d6e4a3e73/c0b7416c30391c998a2ac/big_1544750217_Anime2.png","small_image_url":"https://coub-anubis-a.akamaized.net/coub_storage/category/cw_image/79d6e4a3e73/c0b7416c30391c998a2ac/small_1544750217_Anime2.png","med_image_url":"https://coub-anubis-a.akamaized.net/coub_storage/category/cw_image/79d6e4a3e73/c0b7416c30391c998a2ac/med_1544750217_Anime2.png","visible":true}],"communities":[{"id":36,"title":"Anime","permalink":"anime","subscriptions_count":10059375,"big_image_url":"https://coub-anubis-a.akamaized.net/coub_storage/category/cw_image/79d6e4a3e73/c0b7416c30391c998a2ac/big_1544750217_Anime2.png","small_image_url":"https://coub-anubis-a.akamaized.net/coub_storage/category/cw_image/79d6e4a3e73/c0b7416c30391c998a2ac/small_1544750217_Anime2.png","med_image_url":"https://coub-anubis-a.akamaized.net/coub_storage/category/cw_image/79d6e4a3e73/c0b7416c30391c998a2ac/med_1544750217_Anime2.png","i_subscribed":true,"community_notifications_enabled":null,"description":null}],"recoubs_count":40,"remixes_count":0,"likes_count":4338,"dislikes_count":0,"raw_video_id":12756882,"uploaded_by_ios_app":false,"uploaded_by_android_app":false,"media_blocks":{"uploaded_raw_videos":[],"external_raw_videos":[],"remixed_from_coubs":[]},"raw_video_thumbnail_url":"/missing/missing.png","raw_video_title":"____________.MP4","video_block_banned":false,"duration":10.0,"promo_winner":false,"promo_winner_recoubers":null,"editorial_info":{},"promo_hint":null,"beeline_best_2014":null,"from_web_editor":true,"normalize_sound":true,"normalize_change_allowed":true,"best2015_addable":false,"ahmad_promo":null,"promo_data":null,"audio_copyright_claim":null,"ads_disabled":false,"is_safe_for_ads":true,"megafon_contents":[]},"featured_at":"2018-12-10T15:00:00Z"},{"id":9999,"title":"Best Coubs Of The Month. November 2018","permalink":"9999-best-coubs-of-the-month-november-2018","description":"Мы неминуемо двигаемся к концу года, поэтому вот вам предпоследняя подборка лучших коубов месяца в 2018.","bottom_text":"","channel":{"id":3639247,"permalink":"trend.of.the.week","title":"Trend of the Week","description":"Theme of this week","followers_count":400,"following_count":11,"avatar_versions":{"template":"https://coub-anubis-a.akamaized.net/coub_storage/channel/cw_avatar/a35c3523070/1c1a6c8bb7c10f8a26da9/%{version}_1608516770_jgc9fd_1498217885_trend.png","versions":["medium","medium_2x","profile_pic","profile_pic_new","profile_pic_new_2x","tiny","tiny_2x","small","small_2x","ios_large","ios_small"]}},"tags":[{"id":1450,"title":"best","value":"best"},{"id":16613,"title":"november","value":"november"},{"id":273137,"title":"coub best","value":"coub%20best"},{"id":3222387,"title":"best coubs of the month","value":"best%20coubs%20of%20the%20month"}],"published":true,"published_at":"2018-12-09T13:27:17Z","age_restricted":false,"not_safe_for_work":false,"suggested_to_feature":true,"views_count":2128,"likes_count":74,"reposts_count":7,"thumbnail":{"template":"https://coub-anubis-a.akamaized.net/coub_storage/coub/simple/cw_timeline_pic/2d7781b3784/53fedaf053744a5578191/%{version}_1542584542_image.jpg","versions":["big","med","small","ios_large"]},"coubs_count":43,"thumbnail_coub":{"flag":null,"abuses":null,"recoubs_by_users_channels":null,"favourite":false,"promoted_id":null,"recoub":null,"like":null,"dislike":null,"reaction":null,"in_my_best2015":false,"id":91773511,"type":"Coub::Simple","permalink":"1i8e3r","title":"AAaaaaaoo ","visibility_type":"public","original_visibility_type":"public","channel_id":3927908,"created_at":"2018-11-18T23:42:06Z","updated_at":"2022-03-15T20:44:21Z","is_done":true,"views_count":1671651,"cotd":true,"cotd_at":"2018-11-19","visible_on_explore_root":true,"visible_on_explore":true,"featured":true,"published":true,"published_at":"2018-11-18T23:42:06Z","reversed":false,"from_editor_v2":true,"is_editable":true,"original_sound":true,"has_sound":true,"recoub_to":null,"file_versions":{"html5":{"video":{"higher":{"url":"https://coub-anubis-a.akamaized.net/coub_storage/coub/simple/cw_file/f0ee126b209/5be059dfbbd8adf51f8c1/muted_mp4_huge_size_1569151773_muted_huge.mp4","size":1534826},"high":{"url":"https://coub-anubis-a.akamaized.net/coub_storage/coub/simple/cw_file/f0ee126b209/5be059dfbbd8adf51f8c1/muted_mp4_big_size_1569151773_muted_big.mp4","size":1070541},"med":{"url":"https://coub-anubis-a.akamaized.net/coub_storage/coub/simple/cw_file/f0ee126b209/5be059dfbbd8adf51f8c1/muted_mp4_med_size_1569151773_muted_med.mp4","size":278512}},"audio":{"high":{"url":"https://coub-anubis-a.akamaized.net/coub_storage/coub/simple/cw_looped_audio_high/8af5e2b4d80/656fdbb5441235d64ca0a/1605656787_high_1542584537_high.mp3","size":1031487},"med":{"url":"https://coub-anubis-a.akamaized.net/coub_storage/coub/simple/cw_looped_audio_med/70315abe2c6/31403370b3f6df42748fb/1605656786_med_1542584537_med.mp3","size":799076},"sample_duration":10.009}},"mobile":{"video":"https://coub-anubis-a.akamaized.net/coub_storage/coub/simple/cw_file/f0ee126b209/5be059dfbbd8adf51f8c1/muted_mp4_med_size_1569151773_muted_med.mp4","audio":["https://coub-anubis-a.akamaized.net/coub_storage/coub/simple/cw_looped_audio_med/70315abe2c6/31403370b3f6df42748fb/1605656786_med_1542584537_med.mp3"]},"share":{"default":"https://coub-anubis-a.akamaized.net/coub_storage/coub/simple/cw_video_for_sharing/6a81e883d5d/09eef72c5ca5e91fed34a/1608210063_looped_1608210063.mp4"}},"audio_versions":{},"image_versions":{"template":"https://coub-anubis-a.akamaized.net/coub_storage/coub/simple/cw_image/e63a0394eb0/8f4f52d12cbc0734d36ab/1542584542_00032.jpg","versions":["micro","tiny","age_restricted","ios_large","ios_mosaic","big","med","small","pinterest"]},"first_frame_versions":{"template":"https://coub-anubis-a.akamaized.net/coub_storage/coub/simple/cw_timeline_pic/2d7781b3784/53fedaf053744a5578191/%{version}_1542584542_image.jpg","versions":["big","med","small","ios_large"]},"dimensions":{"big":[1280,720],"med":[640,360]},"site_w_h":[640,360],"page_w_h":[640,360],"site_w_h_small":[310,174],"size":[1280,720],"age_restricted":false,"age_restricted_by_admin":false,"not_safe_for_work":false,"allow_reuse":false,"dont_crop":false,"banned":false,"global_safe":true,"audio_file_url":null,"external_download":{"type":"Youtube","service_name":"YouTube","url":"https://www.youtube.com/watch?v=sl_4I7vLLc4","has_embed":true},"application":null,"channel":{"id":3927908,"permalink":"romans31","title":"Romans","description":null,"followers_count":275,"following_count":277,"avatar_versions":{"template":"https://coub-anubis-a.akamaized.net/coub_storage/channel/cw_avatar/6b0d622704d/a7472d02b1e506db68e23/%{version}_1607603232_o8vhf4_1544196887_gaaga.png","versions":["medium","medium_2x","profile_pic","profile_pic_new","profile_pic_new_2x","tiny","tiny_2x","small","small_2x","ios_large","ios_small"]}},"file":null,"picture":"https://coub-anubis-a.akamaized.net/coub_storage/coub/simple/cw_image/e63a0394eb0/8f4f52d12cbc0734d36ab/1542584542_00032.jpg","timeline_picture":"https://coub-anubis-a.akamaized.net/coub_storage/coub/simple/cw_timeline_pic/2d7781b3784/53fedaf053744a5578191/ios_large_1542584542_image.jpg","small_picture":"https://coub-anubis-a.akamaized.net/coub_storage/coub/simple/cw_image/e63a0394eb0/8f4f52d12cbc0734d36ab/1542584542_00032.jpg","sharing_picture":null,"percent_done":100,"tags":[{"id":563,"title":"freddie","value":"freddie"},{"id":16162,"title":"mercury","value":"mercury"},{"id":465726,"title":"rami malek","value":"rami%20malek"},{"id":109223,"title":"bohemian","value":"bohemian"},{"id":23780,"title":"rhapsody","value":"rhapsody"},{"id":13843,"title":"pika","value":"pika"},{"id":174,"title":"funny","value":"funny"},{"id":9115,"title":"pikachu","value":"pikachu"},{"id":16367,"title":"detective","value":"detective"},{"id":757,"title":"cute","value":"cute"},{"id":12030,"title":"spoof","value":"spoof"},{"id":3719,"title":"parody","value":"parody"},{"id":8881,"title":"voice","value":"voice"},{"id":2851,"title":"animal","value":"animal"},{"id":2070,"title":"animals","value":"animals"},{"id":1695,"title":"singing","value":"singing"},{"id":1982,"title":"song","value":"song"},{"id":3859,"title":"dub","value":"dub"},{"id":309,"title":"queen","value":"queen"},{"id":869,"title":"mouse","value":"mouse"},{"id":2234,"title":"meme","value":"meme"}],"categories":[{"id":32,"title":"Animals & Pets","permalink":"animals-pets","subscriptions_count":10063949,"big_image_url":"https://coub-anubis-a.akamaized.net/coub_storage/category/cw_image/60432c0f1f4/5d35698dc76c52d5f9e63/big_1544749976_animals2.png","small_image_url":"https://coub-anubis-a.akamaized.net/coub_storage/category/cw_image/60432c0f1f4/5d35698dc76c52d5f9e63/small_1544749976_animals2.png","med_image_url":"https://coub-anubis-a.akamaized.net/coub_storage/category/cw_image/60432c0f1f4/5d35698dc76c52d5f9e63/med_1544749976_animals2.png","visible":true}],"communities":[{"id":32,"title":"Animals & Pets","permalink":"animals-pets","subscriptions_count":10063949,"big_image_url":"https://coub-anubis-a.akamaized.net/coub_storage/category/cw_image/60432c0f1f4/5d35698dc76c52d5f9e63/big_1544749976_animals2.png","small_image_url":"https://coub-anubis-a.akamaized.net/coub_storage/category/cw_image/60432c0f1f4/5d35698dc76c52d5f9e63/small_1544749976_animals2.png","med_image_url":"https://coub-anubis-a.akamaized.net/coub_storage/category/cw_image/60432c0f1f4/5d35698dc76c52d5f9e63/med_1544749976_animals2.png","i_subscribed":true,"community_notifications_enabled":null,"description":null}],"recoubs_count":5828,"remixes_count":9,"likes_count":33650,"dislikes_count":0,"raw_video_id":12723449,"uploaded_by_ios_app":false,"uploaded_by_android_app":false,"media_blocks":{"uploaded_raw_videos":[],"external_raw_videos":[{"id":29159217,"title":"pikamercury.mp4","url":"https://www.youtube.com/watch?v=sl_4I7vLLc4","image":"https://coub-anubis-a.akamaized.net/coub_storage/media_block/cw_image/8c9315373e5/6672dca92ab01561caf9a/1542584357_k805ip_1542584343_1vusep_att-url-download.jpg","image_retina":"https://coub-anubis-a.akamaized.net/coub_storage/media_block/cw_image/8c9315373e5/6672dca92ab01561caf9a/1542584357_k805ip_1542584343_1vusep_att-url-download.jpg","meta":{"service":"Youtube","duration":"45.44"},"duration":45.44,"raw_video_id":12723449,"has_embed":true}],"remixed_from_coubs":[],"external_video":{"id":29159217,"title":"pikamercury.mp4","url":"https://www.youtube.com/watch?v=sl_4I7vLLc4","image":"https://coub-anubis-a.akamaized.net/coub_storage/media_block/cw_image/8c9315373e5/6672dca92ab01561caf9a/1542584357_k805ip_1542584343_1vusep_att-url-download.jpg","image_retina":"https://coub-anubis-a.akamaized.net/coub_storage/media_block/cw_image/8c9315373e5/6672dca92ab01561caf9a/1542584357_k805ip_1542584343_1vusep_att-url-download.jpg","meta":{"service":"Youtube","duration":"45.44"},"duration":45.44,"raw_video_id":12723449,"has_embed":true}},"raw_video_thumbnail_url":"/missing/missing.png","raw_video_title":"pikamercury.mp4","video_block_banned":false,"duration":10.0,"promo_winner":false,"promo_winner_recoubers":null,"editorial_info":{},"promo_hint":null,"beeline_best_2014":null,"from_web_editor":true,"normalize_sound":true,"normalize_change_allowed":true,"best2015_addable":false,"ahmad_promo":null,"promo_data":null,"audio_copyright_claim":null,"ads_disabled":false,"is_safe_for_ads":true,"megafon_contents":[]},"featured_at":"2018-12-09T15:00:00Z"},{"id":10001,"title":"Channel Of The Week: Redcoubhead","permalink":"10001-channel-of-the-week-redcoubhead","description":"<a href=\"//coub.com/redcoubhead\">Redcoubhead</a> uses all sorts of editing techniques to make some of the most genuinely creative and original content on Coub right now. ","bottom_text":"","channel":{"id":3639246,"permalink":"channel.of.the.week","title":"Channel of the Week","description":"Editorial selection of the best coubers","followers_count":437,"following_count":14,"avatar_versions":{"template":"https://coub-anubis-a.akamaized.net/coub_storage/channel/cw_avatar/400b0648b51/0deda2cfe7a972330996b/%{version}_1608867682_1npaoni_1498163671_Channelofthe_week.png","versions":["medium","medium_2x","profile_pic","profile_pic_new","profile_pic_new_2x","tiny","tiny_2x","small","small_2x","ios_large","ios_small"]}},"tags":[{"id":117369,"title":"cotw","value":"cotw"},{"id":3137747,"title":"channel of the week","value":"channel%20of%20the%20week"},{"id":4317394,"title":"redcoubhead","value":"redcoubhead"}],"published":true,"published_at":"2018-12-09T13:31:19Z","age_restricted":false,"not_safe_for_work":false,"suggested_to_feature":true,"views_count":748,"likes_count":22,"reposts_count":3,"thumbnail":{"template":"https://coub-anubis-a.akamaized.net/coub_storage/coub/simple/cw_timeline_pic/e4fe33329b6/9af80d37b1ae767c956a9/1541859545_image.jpg","versions":["big","med","small","ios_large"]},"coubs_count":20,"thumbnail_coub":{"flag":null,"abuses":null,"recoubs_by_users_channels":null,"favourite":false,"promoted_id":null,"recoub":null,"like":null,"dislike":null,"reaction":null,"in_my_best2015":false,"id":90886907,"type":"Coub::Simple","permalink":"1hpdzj","title":"Air Guitar Test Room  [x9]","visibility_type":"public","original_visibility_type":"public","channel_id":2602957,"created_at":"2018-11-10T14:18:36Z","updated_at":"2022-03-09T15:31:01Z","is_done":true,"views_count":576171,"cotd":null,"cotd_at":null,"visible_on_explore_root":true,"visible_on_explore":true,"featured":true,"published":true,"published_at":"2018-11-10T17:01:41Z","reversed":false,"from_editor_v2":true,"is_editable":true,"original_sound":false,"has_sound":false,"recoub_to":null,"file_versions":{"html5":{"video":{"higher":{"url":"https://coub-anubis-a.akamaized.net/coub_storage/coub/simple/cw_file/a7681a7d82a/c2f670b0cb1d962f7a15d/muted_mp4_huge_size_1569190112_muted_huge.mp4","size":2341028},"high":{"url":"https://coub-anubis-a.akamaized.net/coub_storage/coub/simple/cw_file/a7681a7d82a/c2f670b0cb1d962f7a15d/muted_mp4_big_size_1569190112_muted_big.mp4","size":1673735},"med":{"url":"https://coub-anubis-a.akamaized.net/coub_storage/coub/simple/cw_file/a7681a7d82a/c2f670b0cb1d962f7a15d/muted_mp4_med_size_1569190112_muted_med.mp4","size":521314}},"audio":{"high":{"url":"https://coub-anubis-a.akamaized.net/coub_storage/coub/simple/cw_looped_audio_high/5537342522f/dff0bb80ed8825a7ba7a3/1605655474_high_1541859538_high.mp3","size":1952055},"med":{"url":"https://coub-anubis-a.akamaized.net/coub_storage/coub/simple/cw_looped_audio_med/615ef2e6ade/4eaf1050500cfc4bc9ca3/1605655474_med_1541859538_med.mp3","size":1436982}}},"mobile":{"video":"https://coub-anubis-a.akamaized.net/coub_storage/coub/simple/cw_file/a7681a7d82a/c2f670b0cb1d962f7a15d/muted_mp4_med_size_1569190112_muted_med.mp4","audio":["https://coub-anubis-a.akamaized.net/coub_storage/coub/simple/cw_looped_audio_med/615ef2e6ade/4eaf1050500cfc4bc9ca3/1605655474_med_1541859538_med.mp3"]},"share":{"default":"https://coub-anubis-a.akamaized.net/coub_storage/coub/simple/cw_video_for_sharing/dae11b939cb/45b8f3d47bb1193ff5c89/1608558043_looped_1608558042.mp4"}},"audio_versions":{"template":"https://coub-anubis-a.akamaized.net/coub_storage/audio_track/cw_file/39f136dc7d6/0553ce612fa2e97d15413/mid_1541859525_1iz420z_edited.mp3","versions":["mid","low"]},"image_versions":{"template":"https://coub-anubis-a.akamaized.net/coub_storage/coub/simple/cw_image/801f630842d/4eef556440b7f8d6ae3fc/1541859546_00032.jpg","versions":["micro","tiny","age_restricted","ios_large","ios_mosaic","big","med","small","pinterest"]},"first_frame_versions":{"template":"https://coub-anubis-a.akamaized.net/coub_storage/coub/simple/cw_timeline_pic/e4fe33329b6/9af80d37b1ae767c956a9/1541859545_image.jpg","versions":["big","med","small","ios_large"]},"dimensions":{"big":[1280,532],"med":[640,266]},"site_w_h":[640,266],"page_w_h":[640,266],"site_w_h_small":[310,129],"size":[1280,532],"age_restricted":false,"age_restricted_by_admin":false,"not_safe_for_work":false,"allow_reuse":false,"dont_crop":false,"banned":false,"global_safe":true,"audio_file_url":"https://coub-anubis-a.akamaized.net/coub_storage/audio_track/cw_file/39f136dc7d6/0553ce612fa2e97d15413/low_1541859525_1iz420z_edited.mp3","external_download":false,"application":null,"channel":{"id":2602957,"permalink":"redcoubhead","title":"Redcoubhead ","description":"Monkey business","followers_count":15071,"following_count":90,"avatar_versions":{"template":"https://coub-anubis-a.akamaized.net/coub_storage/channel/cw_avatar/9a7848bd00b/017cf50fbb1de0f61c27e/%{version}_1607427674_x1zbvd_1554141812_SA_graph.jpg","versions":["medium","medium_2x","profile_pic","profile_pic_new","profile_pic_new_2x","tiny","tiny_2x","small","small_2x","ios_large","ios_small"]}},"file":null,"picture":"https://coub-anubis-a.akamaized.net/coub_storage/coub/simple/cw_image/801f630842d/4eef556440b7f8d6ae3fc/1541859546_00032.jpg","timeline_picture":"https://coub-anubis-a.akamaized.net/coub_storage/coub/simple/cw_timeline_pic/e4fe33329b6/9af80d37b1ae767c956a9/1541859545_image.jpg","small_picture":"https://coub-anubis-a.akamaized.net/coub_storage/coub/simple/cw_image/801f630842d/4eef556440b7f8d6ae3fc/1541859546_00032.jpg","sharing_picture":null,"percent_done":100,"tags":[{"id":4317394,"title":"redcoubhead","value":"redcoubhead"},{"id":516,"title":"mr bean","value":"mr%20bean"},{"id":513093,"title":"terminator genisys","value":"terminator%20genisys"},{"id":4432181,"title":"t300","value":"t300"},{"id":137824,"title":"radio coub","value":"radio%20coub"},{"id":5326,"title":"mashup","value":"mashup"},{"id":41698,"title":"hybrid","value":"hybrid"},{"id":282229,"title":"movie coub","value":"movie%20coub"},{"id":1525064,"title":"rock riffs","value":"rock%20riffs"}],"categories":[{"id":37,"title":"Mashup","permalink":"mashup","subscriptions_count":10067550,"big_image_url":"https://coub-anubis-a.akamaized.net/coub_storage/category/cw_image/93ae83fbc3f/4d90453882a0f2e50dbc0/big_1544622036_Mashup.png","small_image_url":"https://coub-anubis-a.akamaized.net/coub_storage/category/cw_image/93ae83fbc3f/4d90453882a0f2e50dbc0/small_1544622036_Mashup.png","med_image_url":"https://coub-anubis-a.akamaized.net/coub_storage/category/cw_image/93ae83fbc3f/4d90453882a0f2e50dbc0/med_1544622036_Mashup.png","visible":true}],"communities":[{"id":37,"title":"Mashup","permalink":"mashup","subscriptions_count":10067550,"big_image_url":"https://coub-anubis-a.akamaized.net/coub_storage/category/cw_image/93ae83fbc3f/4d90453882a0f2e50dbc0/big_1544622036_Mashup.png","small_image_url":"https://coub-anubis-a.akamaized.net/coub_storage/category/cw_image/93ae83fbc3f/4d90453882a0f2e50dbc0/small_1544622036_Mashup.png","med_image_url":"https://coub-anubis-a.akamaized.net/coub_storage/category/cw_image/93ae83fbc3f/4d90453882a0f2e50dbc0/med_1544622036_Mashup.png","i_subscribed":true,"community_notifications_enabled":null,"description":null}],"recoubs_count":1189,"remixes_count":4,"likes_count":6548,"dislikes_count":0,"raw_video_id":12677067,"uploaded_by_ios_app":false,"uploaded_by_android_app":false,"media_blocks":{"uploaded_raw_videos":[],"external_raw_videos":[],"remixed_from_coubs":[]},"raw_video_thumbnail_url":"/missing/missing.png","raw_video_title":"airguitar.mp4","video_block_banned":false,"duration":10.0,"promo_winner":false,"promo_winner_recoubers":null,"editorial_info":{},"promo_hint":null,"beeline_best_2014":null,"from_web_editor":true,"normalize_sound":false,"normalize_change_allowed":true,"best2015_addable":false,"ahmad_promo":null,"promo_data":null,"audio_copyright_claim":null,"ads_disabled":false,"is_safe_for_ads":true,"megafon_contents":[]},"featured_at":"2018-12-09T15:00:00Z"},{"id":8851,"title":"Theresa May: 14 Funny Coubs","permalink":"8851-theresa-may-14-funny-coubs","description":"","bottom_text":"","channel":{"id":411883,"permalink":"celebrities","title":"Celebs","description":"It's an obsession, basically","followers_count":122283,"following_count":1,"avatar_versions":{"template":"https://coub-anubis-a.akamaized.net/coub_storage/channel/cw_avatar/a46dbdfa7da/5582bbacd457ad8aed719/%{version}_1474505135_26z835_att-url-download.jpg","versions":["medium","medium_2x","profile_pic","profile_pic_new","profile_pic_new_2x","tiny","tiny_2x","small","small_2x","ios_large","ios_small"]}},"tags":[{"id":4413,"title":"politics","value":"politics"},{"id":17974,"title":"united kingdom","value":"united%20kingdom"},{"id":484921,"title":"theresa may","value":"theresa%20may"}],"published":true,"published_at":"2018-11-21T19:38:06Z","age_restricted":false,"not_safe_for_work":false,"suggested_to_feature":true,"views_count":772,"likes_count":11,"reposts_count":2,"thumbnail":{"template":"https://coub-anubis-a.akamaized.net/coub_storage/coub/simple/cw_timeline_pic/62d0fed5d97/e63542f926f9c537d31ed/%{version}_1538630351_image.jpg","versions":["big","med","small","ios_large"]},"coubs_count":14,"thumbnail_coub":{"flag":null,"abuses":null,"recoubs_by_users_channels":null,"favourite":false,"promoted_id":null,"recoub":null,"like":null,"dislike":null,"reaction":null,"in_my_best2015":false,"id":87116375,"type":"Coub::Simple","permalink":"1fgklq","title":"Theresa May has talent (Not!!!) ","visibility_type":"public","original_visibility_type":"public","channel_id":1512475,"created_at":"2018-10-04T05:16:59Z","updated_at":"2022-03-09T09:39:54Z","is_done":true,"views_count":311200,"cotd":true,"cotd_at":"2018-10-05","visible_on_explore_root":true,"visible_on_explore":true,"featured":true,"published":true,"published_at":"2018-10-04T05:16:59Z","reversed":false,"from_editor_v2":true,"is_editable":true,"original_sound":false,"has_sound":false,"recoub_to":null,"file_versions":{"html5":{"video":{"higher":{"url":"https://coub-anubis-a.akamaized.net/coub_storage/coub/simple/cw_file/54fa55665ac/c74e3f3421755c4765468/muted_mp4_huge_size_1573592807_muted_huge.mp4","size":1903332},"high":{"url":"https://coub-anubis-a.akamaized.net/coub_storage/coub/simple/cw_file/54fa55665ac/c74e3f3421755c4765468/muted_mp4_big_size_1573592807_muted_big.mp4","size":1438671},"med":{"url":"https://coub-anubis-a.akamaized.net/coub_storage/coub/simple/cw_file/54fa55665ac/c74e3f3421755c4765468/muted_mp4_med_size_1573592807_muted_med.mp4","size":451172}},"audio":{"high":{"url":"https://coub-anubis-a.akamaized.net/coub_storage/coub/simple/cw_looped_audio_high/b80cd0addbb/0fcf22a36e0969963ea5e/1605604096_high_1538630326_high.mp3","size":9140368},"med":{"url":"https://coub-anubis-a.akamaized.net/coub_storage/coub/simple/cw_looped_audio_med/c7af7dfbf46/51cc935b00f012cc9ac7d/1605604090_med_1538630326_med.mp3","size":6689692}}},"mobile":{"video":"https://coub-anubis-a.akamaized.net/coub_storage/coub/simple/cw_file/54fa55665ac/c74e3f3421755c4765468/muted_mp4_med_size_1573592807_muted_med.mp4","audio":["https://coub-anubis-a.akamaized.net/coub_storage/coub/simple/cw_looped_audio_med/c7af7dfbf46/51cc935b00f012cc9ac7d/1605604090_med_1538630326_med.mp3"]},"share":{"default":"https://coub-anubis-a.akamaized.net/coub_storage/coub/simple/cw_video_for_sharing/25ef02c17f8/8565fcbc98f85b25e7da2/1630172807_looped_1630172807.mp4"}},"audio_versions":{"template":"https://coub-anubis-a.akamaized.net/coub_storage/audio_track/cw_normalized_copy/df84cd5b8fa/bbae7625af8774a009596/mid_1538630298_normalized_1538630246_ldaao_edited.mp3","versions":["mid","low"]},"image_versions":{"template":"https://coub-anubis-a.akamaized.net/coub_storage/coub/simple/cw_image/367c6db4fce/0e4b65da0b1b61460e8c3/1538630352_00028.jpg","versions":["micro","tiny","age_restricted","ios_large","ios_mosaic","big","med","small","pinterest"]},"first_frame_versions":{"template":"https://coub-anubis-a.akamaized.net/coub_storage/coub/simple/cw_timeline_pic/62d0fed5d97/e63542f926f9c537d31ed/%{version}_1538630351_image.jpg","versions":["big","med","small","ios_large"]},"dimensions":{"big":[1280,556],"med":[640,278]},"site_w_h":[640,278],"page_w_h":[640,278],"site_w_h_small":[310,135],"size":[1280,556],"age_restricted":false,"age_restricted_by_admin":false,"not_safe_for_work":false,"allow_reuse":false,"dont_crop":false,"banned":false,"global_safe":true,"audio_file_url":"https://coub-anubis-a.akamaized.net/coub_storage/audio_track/cw_normalized_copy/df84cd5b8fa/bbae7625af8774a009596/low_1538630298_normalized_1538630246_ldaao_edited.mp3","external_download":false,"application":null,"channel":{"id":1512475,"permalink":"eric.linger","title":"Eric  Linger","description":null,"followers_count":75,"following_count":8,"avatar_versions":{"template":"https://coub-anubis-a.akamaized.net/coub_storage/channel/cw_avatar/1d9d4602d2a/8b9de5eccad38bf4bc620/%{version}_1608380267_12m8vla_1474667230_100005639083881.jpg","versions":["medium","medium_2x","profile_pic","profile_pic_new","profile_pic_new_2x","tiny","tiny_2x","small","small_2x","ios_large","ios_small"]}},"file":null,"picture":"https://coub-anubis-a.akamaized.net/coub_storage/coub/simple/cw_image/367c6db4fce/0e4b65da0b1b61460e8c3/1538630352_00028.jpg","timeline_picture":"https://coub-anubis-a.akamaized.net/coub_storage/coub/simple/cw_timeline_pic/62d0fed5d97/e63542f926f9c537d31ed/ios_large_1538630351_image.jpg","small_picture":"https://coub-anubis-a.akamaized.net/coub_storage/coub/simple/cw_image/367c6db4fce/0e4b65da0b1b61460e8c3/1538630352_00028.jpg","sharing_picture":null,"percent_done":100,"tags":[{"id":484921,"title":"theresa may","value":"theresa%20may"},{"id":182,"title":"dance","value":"dance"},{"id":56069,"title":"got talent","value":"got%20talent"},{"id":5575,"title":"british","value":"british"},{"id":4413,"title":"politics","value":"politics"},{"id":86,"title":"music","value":"music"},{"id":174,"title":"funny","value":"funny"}],"categories":[{"id":37,"title":"Mashup","permalink":"mashup","subscriptions_count":10067550,"big_image_url":"https://coub-anubis-a.akamaized.net/coub_storage/category/cw_image/93ae83fbc3f/4d90453882a0f2e50dbc0/big_1544622036_Mashup.png","small_image_url":"https://coub-anubis-a.akamaized.net/coub_storage/category/cw_image/93ae83fbc3f/4d90453882a0f2e50dbc0/small_1544622036_Mashup.png","med_image_url":"https://coub-anubis-a.akamaized.net/coub_storage/category/cw_image/93ae83fbc3f/4d90453882a0f2e50dbc0/med_1544622036_Mashup.png","visible":true}],"communities":[{"id":37,"title":"Mashup","permalink":"mashup","subscriptions_count":10067550,"big_image_url":"https://coub-anubis-a.akamaized.net/coub_storage/category/cw_image/93ae83fbc3f/4d90453882a0f2e50dbc0/big_1544622036_Mashup.png","small_image_url":"https://coub-anubis-a.akamaized.net/coub_storage/category/cw_image/93ae83fbc3f/4d90453882a0f2e50dbc0/small_1544622036_Mashup.png","med_image_url":"https://coub-anubis-a.akamaized.net/coub_storage/category/cw_image/93ae83fbc3f/4d90453882a0f2e50dbc0/med_1544622036_Mashup.png","i_subscribed":true,"community_notifications_enabled":null,"description":null}],"recoubs_count":539,"remixes_count":7,"likes_count":2982,"dislikes_count":0,"raw_video_id":12471493,"uploaded_by_ios_app":false,"uploaded_by_android_app":false,"media_blocks":{"uploaded_raw_videos":[],"external_raw_videos":[],"remixed_from_coubs":[]},"raw_video_thumbnail_url":"/missing/missing.png","raw_video_title":"Theresa_may_dancing.mp4","video_block_banned":false,"duration":8.72,"promo_winner":false,"promo_winner_recoubers":null,"editorial_info":{},"promo_hint":null,"beeline_best_2014":null,"from_web_editor":true,"normalize_sound":true,"normalize_change_allowed":true,"best2015_addable":false,"ahmad_promo":null,"promo_data":null,"audio_copyright_claim":null,"ads_disabled":false,"is_safe_for_ads":true,"megafon_contents":[]},"featured_at":"2018-12-09T15:00:00Z"},{"id":9995,"title":"Disney Princesses: Top-10","permalink":"9995-disney-princesses-top-10","description":"","bottom_text":"","channel":{"id":2647877,"permalink":"walt.disney","title":"Walt Disney","description":null,"followers_count":14341,"following_count":16,"avatar_versions":{"template":"https://coub-anubis-a.akamaized.net/coub_storage/channel/cw_avatar/a8384714efa/aad276ec42152ba924490/%{version}_1607432496_1w9fzeb_1474676448_30abb4f2-ca0d-4bcb-9a81-e6d23c35b211.jpg","versions":["medium","medium_2x","profile_pic","profile_pic_new","profile_pic_new_2x","tiny","tiny_2x","small","small_2x","ios_large","ios_small"]}},"tags":[{"id":314,"title":"disney","value":"disney"},{"id":649237,"title":"princesses","value":"princesses"}],"published":true,"published_at":"2018-12-09T10:37:58Z","age_restricted":false,"not_safe_for_work":false,"suggested_to_feature":true,"views_count":2433,"likes_count":79,"reposts_count":0,"thumbnail":{"template":"https://coub-anubis-a.akamaized.net/coub_storage/coub/simple/cw_timeline_pic/460b1583868/851a94fdc9206425b4b99/%{version}_1528704798_image.jpg","versions":["big","med","small","ios_large"]},"coubs_count":10,"thumbnail_coub":{"flag":null,"abuses":null,"recoubs_by_users_channels":null,"favourite":false,"promoted_id":null,"recoub":null,"like":null,"dislike":null,"reaction":null,"in_my_best2015":false,"id":76870591,"type":"Coub::Simple","permalink":"19cyub","title":"Test For The Princess!","visibility_type":"public","original_visibility_type":"public","channel_id":2263643,"created_at":"2018-06-11T08:12:56Z","updated_at":"2022-03-15T21:12:57Z","is_done":true,"views_count":4357651,"cotd":true,"cotd_at":"2018-06-12","visible_on_explore_root":true,"visible_on_explore":true,"featured":true,"published":true,"published_at":"2018-06-11T08:19:03Z","reversed":false,"from_editor_v2":true,"is_editable":true,"original_sound":false,"has_sound":false,"recoub_to":null,"file_versions":{"html5":{"video":{"higher":{"url":"https://coub-anubis-a.akamaized.net/coub_storage/coub/simple/cw_file/a3e542ec61c/e24777f8f7f21270f3a84/muted_mp4_huge_size_1568245371_muted_huge.mp4","size":2014961},"high":{"url":"https://coub-anubis-a.akamaized.net/coub_storage/coub/simple/cw_file/a3e542ec61c/e24777f8f7f21270f3a84/muted_mp4_big_size_1568245371_muted_big.mp4","size":1471169},"med":{"url":"https://coub-anubis-a.akamaized.net/coub_storage/coub/simple/cw_file/a3e542ec61c/e24777f8f7f21270f3a84/muted_mp4_med_size_1568245371_muted_med.mp4","size":491143}},"audio":{"high":{"url":"https://coub-anubis-a.akamaized.net/coub_storage/coub/simple/cw_looped_audio_high/49945a615a1/117da007df75b83c808ac/1605624861_high_1528704792_high.mp3","size":1266954},"med":{"url":"https://coub-anubis-a.akamaized.net/coub_storage/coub/simple/cw_looped_audio_med/4fc053c62cf/eeadd6a6ee889cb96ad8c/1605624861_med_1528704792_med.mp3","size":1021754}}},"mobile":{"video":"https://coub-anubis-a.akamaized.net/coub_storage/coub/simple/cw_file/a3e542ec61c/e24777f8f7f21270f3a84/muted_mp4_med_size_1568245371_muted_med.mp4","audio":["https://coub-anubis-a.akamaized.net/coub_storage/coub/simple/cw_looped_audio_med/4fc053c62cf/eeadd6a6ee889cb96ad8c/1605624861_med_1528704792_med.mp3"]},"share":{"default":"https://coub-anubis-a.akamaized.net/coub_storage/coub/simple/cw_video_for_sharing/9754415c7e4/68a192978b7b69b428e31/1608151267_looped_1608151266.mp4"}},"audio_versions":{"template":"https://coub-anubis-a.akamaized.net/coub_storage/audio_track/cw_file/9a5bf733025/86853e325ba859caf317c/mid_1528704783_3iz82_edited.mp3","versions":["mid","low"]},"image_versions":{"template":"https://coub-anubis-a.akamaized.net/coub_storage/coub/simple/cw_image/26b6ad7b368/0bd6e86de373f338acea3/1528704798_00026.jpg","versions":["micro","tiny","age_restricted","ios_large","ios_mosaic","big","med","small","pinterest"]},"first_frame_versions":{"template":"https://coub-anubis-a.akamaized.net/coub_storage/coub/simple/cw_timeline_pic/460b1583868/851a94fdc9206425b4b99/%{version}_1528704798_image.jpg","versions":["big","med","small","ios_large"]},"dimensions":{"big":[1280,528],"med":[640,264]},"site_w_h":[640,264],"page_w_h":[640,264],"site_w_h_small":[310,128],"size":[1280,528],"age_restricted":false,"age_restricted_by_admin":false,"not_safe_for_work":false,"allow_reuse":false,"dont_crop":false,"banned":false,"global_safe":true,"audio_file_url":"https://coub-anubis-a.akamaized.net/coub_storage/audio_track/cw_file/9a5bf733025/86853e325ba859caf317c/low_1528704783_3iz82_edited.mp3","external_download":false,"application":null,"channel":{"id":2263643,"permalink":"pastmidnight","title":"PM","description":"🎵 TRACKS in TAGS 🎵  #pmcoub","followers_count":23824,"following_count":188,"avatar_versions":{"template":"https://coub-anubis-a.akamaized.net/coub_storage/channel/cw_avatar/6184e8f7646/6255a0a7a017c34b77b6e/%{version}_1635953570_PM_Ava_2021.10.png","versions":["medium","medium_2x","profile_pic","profile_pic_new","profile_pic_new_2x","tiny","tiny_2x","small","small_2x","ios_large","ios_small"]}},"file":null,"picture":"https://coub-anubis-a.akamaized.net/coub_storage/coub/simple/cw_image/26b6ad7b368/0bd6e86de373f338acea3/1528704798_00026.jpg","timeline_picture":"https://coub-anubis-a.akamaized.net/coub_storage/coub/simple/cw_timeline_pic/460b1583868/851a94fdc9206425b4b99/ios_large_1528704798_image.jpg","small_picture":"https://coub-anubis-a.akamaized.net/coub_storage/coub/simple/cw_image/26b6ad7b368/0bd6e86de373f338acea3/1528704798_00026.jpg","sharing_picture":null,"percent_done":100,"tags":[{"id":3042031,"title":"wait for the mix","value":"wait%20for%20the%20mix"},{"id":3042032,"title":"waitforthemix","value":"waitforthemix"},{"id":5326,"title":"mashup","value":"mashup"},{"id":192569,"title":"mashups","value":"mashups"},{"id":288361,"title":"hybrids","value":"hybrids"},{"id":3748464,"title":"ralph breaks the internet","value":"ralph%20breaks%20the%20internet"},{"id":3749452,"title":"ralph 2","value":"ralph%202"},{"id":17223,"title":"princess","value":"princess"},{"id":2662,"title":"pulp fiction","value":"pulp%20fiction"},{"id":432363,"title":"does he look like a bitch","value":"does%20he%20look%20like%20a%20bitch"},{"id":32547,"title":"say what again","value":"say%20what%20again"},{"id":3777,"title":"samuel l. jackson","value":"samuel%20l.%20jackson"},{"id":3358469,"title":"pmcoub","value":"pmcoub"},{"id":174,"title":"funny","value":"funny"},{"id":1002,"title":"bitch","value":"bitch"},{"id":314,"title":"disney","value":"disney"},{"id":208,"title":"cartoon","value":"cartoon"},{"id":614583,"title":"3d cartoon","value":"3d%20cartoon"},{"id":353773,"title":"jules winnfield","value":"jules%20winnfield"},{"id":908787,"title":"clean bandit rather be","value":"clean%20bandit%20rather%20be"}],"categories":[{"id":14,"title":"Cartoons","permalink":"cartoons","subscriptions_count":10074341,"big_image_url":"https://coub-anubis-a.akamaized.net/coub_storage/category/cw_image/f8ede745da4/2e6c3a22d04db1a6a25e3/big_1544759035_cartoons2.png","small_image_url":"https://coub-anubis-a.akamaized.net/coub_storage/category/cw_image/f8ede745da4/2e6c3a22d04db1a6a25e3/small_1544759035_cartoons2.png","med_image_url":"https://coub-anubis-a.akamaized.net/coub_storage/category/cw_image/f8ede745da4/2e6c3a22d04db1a6a25e3/med_1544759035_cartoons2.png","visible":true}],"communities":[{"id":14,"title":"Cartoons","permalink":"cartoons","subscriptions_count":10074341,"big_image_url":"https://coub-anubis-a.akamaized.net/coub_storage/category/cw_image/f8ede745da4/2e6c3a22d04db1a6a25e3/big_1544759035_cartoons2.png","small_image_url":"https://coub-anubis-a.akamaized.net/coub_storage/category/cw_image/f8ede745da4/2e6c3a22d04db1a6a25e3/small_1544759035_cartoons2.png","med_image_url":"https://coub-anubis-a.akamaized.net/coub_storage/category/cw_image/f8ede745da4/2e6c3a22d04db1a6a25e3/med_1544759035_cartoons2.png","i_subscribed":true,"community_notifications_enabled":null,"description":null}],"recoubs_count":9958,"remixes_count":44,"likes_count":49802,"dislikes_count":0,"raw_video_id":11864277,"uploaded_by_ios_app":false,"uploaded_by_android_app":false,"media_blocks":{"uploaded_raw_videos":[],"external_raw_videos":[],"remixed_from_coubs":[]},"raw_video_thumbnail_url":"/missing/missing.png","raw_video_title":"Princess.mp4","video_block_banned":false,"duration":8.04,"promo_winner":false,"promo_winner_recoubers":null,"editorial_info":{},"promo_hint":null,"beeline_best_2014":null,"from_web_editor":true,"normalize_sound":false,"normalize_change_allowed":false,"best2015_addable":false,"ahmad_promo":null,"promo_data":null,"audio_copyright_claim":null,"ads_disabled":false,"is_safe_for_ads":true,"megafon_contents":[]},"featured_at":"2018-12-09T15:00:00Z"},{"id":9981,"title":"Top-10 Mashups of the Week (December 2 – December 8)","permalink":"9981-top-10-mashups-of-the-week-december-2-december-8","description":"","bottom_text":"","channel":{"id":411573,"permalink":"hybridsss","title":"Mashups","description":"Mashups and crossovers (Hybrids). Where various clips get thrown in a blender. #hybrids","followers_count":12685117,"following_count":7,"avatar_versions":{"template":"https://coub-anubis-a.akamaized.net/coub_storage/channel/cw_avatar/00668f210c8/29675d303ec3724963696/%{version}_1474504889_1sioi5v_att-url-download.jpg","versions":["medium","medium_2x","profile_pic","profile_pic_new","profile_pic_new_2x","tiny","tiny_2x","small","small_2x","ios_large","ios_small"]}},"tags":[],"published":true,"published_at":"2018-12-08T10:16:23Z","age_restricted":false,"not_safe_for_work":false,"suggested_to_feature":true,"views_count":2658,"likes_count":39,"reposts_count":5,"thumbnail":{"template":"https://coub-anubis-a.akamaized.net/coub_storage/coub/simple/cw_timeline_pic/11a176d5286/7ba01c9f03c704d044488/%{version}_1593022080_image.jpg","versions":["big","med","small","ios_large"]},"coubs_count":10,"thumbnail_coub":{"flag":null,"abuses":null,"recoubs_by_users_channels":null,"favourite":false,"promoted_id":null,"recoub":null,"like":null,"dislike":null,"reaction":null,"in_my_best2015":false,"id":93298922,"type":"Coub::Simple","permalink":"1j534l","title":"Before Death","visibility_type":"public","original_visibility_type":"public","channel_id":3485048,"created_at":"2018-12-03T21:45:23Z","updated_at":"2022-03-03T07:56:56Z","is_done":true,"views_count":204089,"cotd":null,"cotd_at":null,"visible_on_explore_root":true,"visible_on_explore":true,"featured":true,"published":true,"published_at":"2018-12-04T09:45:00Z","reversed":false,"from_editor_v2":true,"is_editable":true,"original_sound":false,"has_sound":false,"recoub_to":null,"file_versions":{"html5":{"video":{"higher":{"url":"https://coub-anubis-a.akamaized.net/coub_storage/coub/simple/cw_file/f084de1c751/60a7ead0574cd95667887/muted_mp4_huge_size_1593022056_muted_huge.mp4","size":2709989},"high":{"url":"https://coub-anubis-a.akamaized.net/coub_storage/coub/simple/cw_file/f084de1c751/60a7ead0574cd95667887/muted_mp4_big_size_1593022056_muted_big.mp4","size":1871541},"med":{"url":"https://coub-anubis-a.akamaized.net/coub_storage/coub/simple/cw_file/f084de1c751/60a7ead0574cd95667887/muted_mp4_med_size_1593022056_muted_med.mp4","size":366934}},"audio":{"high":{"url":"https://coub-anubis-a.akamaized.net/coub_storage/coub/simple/cw_looped_audio_high/24419a01f38/aa40dc1d472d7c00e68c8/1605659468_high_1593022064_high.mp3","size":1323728},"med":{"url":"https://coub-anubis-a.akamaized.net/coub_storage/coub/simple/cw_looped_audio_med/0ec9e16bdb2/3c162c022071ea51a430a/1605659468_med_1593022064_med.mp3","size":956181}}},"mobile":{"video":"https://coub-anubis-a.akamaized.net/coub_storage/coub/simple/cw_file/f084de1c751/60a7ead0574cd95667887/muted_mp4_med_size_1593022056_muted_med.mp4","audio":["https://coub-anubis-a.akamaized.net/coub_storage/coub/simple/cw_looped_audio_med/0ec9e16bdb2/3c162c022071ea51a430a/1605659468_med_1593022064_med.mp3"]},"share":{"default":null}},"audio_versions":{"template":"https://coub-anubis-a.akamaized.net/coub_storage/audio_track/cw_file/4ce7a2cbffe/9260f3c2b55e28d153ce5/mid_1593022058_1ckm8al_edited.mp3","versions":["mid","low"]},"image_versions":{"template":"https://coub-anubis-a.akamaized.net/coub_storage/coub/simple/cw_image/effcb0a0bf6/1d05f0e60b8aa7104fff3/1593022082_00032.jpg","versions":["micro","tiny","age_restricted","ios_large","ios_mosaic","big","med","small","pinterest"]},"first_frame_versions":{"template":"https://coub-anubis-a.akamaized.net/coub_storage/coub/simple/cw_timeline_pic/11a176d5286/7ba01c9f03c704d044488/%{version}_1593022080_image.jpg","versions":["big","med","small","ios_large"]},"dimensions":{"big":[1280,608],"med":[640,304]},"site_w_h":[640,304],"page_w_h":[640,304],"site_w_h_small":[310,147],"size":[1280,608],"age_restricted":false,"age_restricted_by_admin":false,"not_safe_for_work":false,"allow_reuse":false,"dont_crop":false,"banned":false,"global_safe":true,"audio_file_url":"https://coub-anubis-a.akamaized.net/coub_storage/audio_track/cw_file/4ce7a2cbffe/9260f3c2b55e28d153ce5/low_1593022058_1ckm8al_edited.mp3","external_download":false,"application":null,"channel":{"id":3485048,"permalink":"irakli.kvinikadze","title":"irakli Kvinikadze","description":null,"followers_count":23339,"following_count":72,"avatar_versions":{"template":"https://coub-anubis-a.akamaized.net/coub_storage/channel/cw_avatar/8b60a6d051a/df98acf64bafde8b9f28d/%{version}_1607419530_17xb2c2_1568925983_Saoirse_Ronan.png","versions":["medium","medium_2x","profile_pic","profile_pic_new","profile_pic_new_2x","tiny","tiny_2x","small","small_2x","ios_large","ios_small"]}},"file":null,"picture":"https://coub-anubis-a.akamaized.net/coub_storage/coub/simple/cw_image/effcb0a0bf6/1d05f0e60b8aa7104fff3/1593022082_00032.jpg","timeline_picture":"https://coub-anubis-a.akamaized.net/coub_storage/coub/simple/cw_timeline_pic/11a176d5286/7ba01c9f03c704d044488/ios_large_1593022080_image.jpg","small_picture":"https://coub-anubis-a.akamaized.net/coub_storage/coub/simple/cw_image/effcb0a0bf6/1d05f0e60b8aa7104fff3/1593022082_00032.jpg","sharing_picture":null,"percent_done":100,"tags":[{"id":157849,"title":"the grey","value":"the%20grey"},{"id":65004,"title":"liam neeson","value":"liam%20neeson"},{"id":192569,"title":"mashups","value":"mashups"},{"id":288361,"title":"hybrids","value":"hybrids"},{"id":4280146,"title":"the ballad of buster scruggs","value":"the%20ballad%20of%20buster%20scruggs"}],"categories":[{"id":37,"title":"Mashup","permalink":"mashup","subscriptions_count":10067550,"big_image_url":"https://coub-anubis-a.akamaized.net/coub_storage/category/cw_image/93ae83fbc3f/4d90453882a0f2e50dbc0/big_1544622036_Mashup.png","small_image_url":"https://coub-anubis-a.akamaized.net/coub_storage/category/cw_image/93ae83fbc3f/4d90453882a0f2e50dbc0/small_1544622036_Mashup.png","med_image_url":"https://coub-anubis-a.akamaized.net/coub_storage/category/cw_image/93ae83fbc3f/4d90453882a0f2e50dbc0/med_1544622036_Mashup.png","visible":true}],"communities":[{"id":37,"title":"Mashup","permalink":"mashup","subscriptions_count":10067550,"big_image_url":"https://coub-anubis-a.akamaized.net/coub_storage/category/cw_image/93ae83fbc3f/4d90453882a0f2e50dbc0/big_1544622036_Mashup.png","small_image_url":"https://coub-anubis-a.akamaized.net/coub_storage/category/cw_image/93ae83fbc3f/4d90453882a0f2e50dbc0/small_1544622036_Mashup.png","med_image_url":"https://coub-anubis-a.akamaized.net/coub_storage/category/cw_image/93ae83fbc3f/4d90453882a0f2e50dbc0/med_1544622036_Mashup.png","i_subscribed":true,"community_notifications_enabled":null,"description":null}],"recoubs_count":160,"remixes_count":1,"likes_count":1147,"dislikes_count":0,"raw_video_id":15385657,"uploaded_by_ios_app":false,"uploaded_by_android_app":false,"media_blocks":{"uploaded_raw_videos":[],"external_raw_videos":[],"remixed_from_coubs":[]},"raw_video_thumbnail_url":"/missing/missing.png","raw_video_title":"1.mp4","video_block_banned":false,"duration":9.96,"promo_winner":false,"promo_winner_recoubers":null,"editorial_info":{},"promo_hint":null,"beeline_best_2014":null,"from_web_editor":true,"normalize_sound":false,"normalize_change_allowed":true,"best2015_addable":false,"ahmad_promo":null,"promo_data":null,"audio_copyright_claim":null,"ads_disabled":false,"is_safe_for_ads":true,"megafon_contents":[]},"featured_at":"2018-12-08T15:00:00Z"},{"id":9934,"title":"Anime Montage Weekly, Vol. 26","permalink":"9934-anime-montage-weekly-vol-26","description":"26.11—02.12","bottom_text":"","channel":{"id":3701339,"permalink":"animemontage","title":"Anime Montage","description":null,"followers_count":7943,"following_count":0,"avatar_versions":{"template":"https://coub-anubis-a.akamaized.net/coub_storage/channel/cw_avatar/4e804f2ca35/324fa10515e2cf6188d68/%{version}_1607432311_1at9nr0_1515268787_maxresdefault.jpg","versions":["medium","medium_2x","profile_pic","profile_pic_new","profile_pic_new_2x","tiny","tiny_2x","small","small_2x","ios_large","ios_small"]}},"tags":[{"id":165,"title":"anime","value":"anime"},{"id":1071162,"title":"anime montage","value":"anime%20montage"}],"published":true,"published_at":"2018-12-05T17:18:19Z","age_restricted":false,"not_safe_for_work":false,"suggested_to_feature":true,"views_count":4654,"likes_count":292,"reposts_count":17,"thumbnail":{"template":"https://coub-anubis-a.akamaized.net/coub_storage/coub/simple/cw_timeline_pic/ad4c3f1e794/8f5727810a27f6bd43ff3/%{version}_1543611015_image.jpg","versions":["big","med","small","ios_large"]},"coubs_count":23,"thumbnail_coub":{"flag":null,"abuses":null,"recoubs_by_users_channels":null,"favourite":false,"promoted_id":null,"recoub":null,"like":null,"dislike":null,"reaction":null,"in_my_best2015":false,"id":92978053,"type":"Coub::Simple","permalink":"1iy7jh","title":"weщь","visibility_type":"public","original_visibility_type":"public","channel_id":2025601,"created_at":"2018-11-30T20:49:53Z","updated_at":"2022-01-22T14:36:00Z","is_done":true,"views_count":44655,"cotd":null,"cotd_at":null,"visible_on_explore_root":false,"visible_on_explore":false,"featured":false,"published":true,"published_at":"2018-11-30T20:49:53Z","reversed":false,"from_editor_v2":true,"is_editable":true,"original_sound":true,"has_sound":true,"recoub_to":null,"file_versions":{"html5":{"video":{"higher":{"url":"https://coub-anubis-a.akamaized.net/coub_storage/coub/simple/cw_file/bb78e49c337/c4cfba605a9bf247c7653/muted_mp4_huge_size_1573473650_muted_huge.mp4","size":3982322},"high":{"url":"https://coub-anubis-a.akamaized.net/coub_storage/coub/simple/cw_file/bb78e49c337/c4cfba605a9bf247c7653/muted_mp4_big_size_1573473650_muted_big.mp4","size":2992246},"med":{"url":"https://coub-anubis-a.akamaized.net/coub_storage/coub/simple/cw_file/bb78e49c337/c4cfba605a9bf247c7653/muted_mp4_med_size_1573473650_muted_med.mp4","size":1105119}},"audio":{"high":{"url":"https://coub-anubis-a.akamaized.net/coub_storage/coub/simple/cw_looped_audio_high/ffb17189c51/7d03627e373ac46a8da6f/1605658963_high_1543611008_high.mp3","size":1100947},"med":{"url":"https://coub-anubis-a.akamaized.net/coub_storage/coub/simple/cw_looped_audio_med/6d0e8d5b1f3/1cb32fd86eae96a78339c/1605658962_med_1543611008_med.mp3","size":799076},"sample_duration":10.009}},"mobile":{"video":"https://coub-anubis-a.akamaized.net/coub_storage/coub/simple/cw_file/bb78e49c337/c4cfba605a9bf247c7653/muted_mp4_med_size_1573473650_muted_med.mp4","audio":["https://coub-anubis-a.akamaized.net/coub_storage/coub/simple/cw_looped_audio_med/6d0e8d5b1f3/1cb32fd86eae96a78339c/1605658962_med_1543611008_med.mp3"]},"share":{"default":"https://coub-anubis-a.akamaized.net/coub_storage/coub/simple/cw_video_for_sharing/dcc757b610e/7023fc86dfaa3be77f21c/1628953222_looped_1628953220.mp4"}},"audio_versions":{},"image_versions":{"template":"https://coub-anubis-a.akamaized.net/coub_storage/coub/simple/cw_image/13d9dd1cd03/cbb724d17908090874fed/1543611016_00032.jpg","versions":["micro","tiny","age_restricted","ios_large","ios_mosaic","big","med","small","pinterest"]},"first_frame_versions":{"template":"https://coub-anubis-a.akamaized.net/coub_storage/coub/simple/cw_timeline_pic/ad4c3f1e794/8f5727810a27f6bd43ff3/%{version}_1543611015_image.jpg","versions":["big","med","small","ios_large"]},"dimensions":{"big":[1280,720],"med":[640,360]},"site_w_h":[640,360],"page_w_h":[640,360],"site_w_h_small":[310,174],"size":[1280,720],"age_restricted":false,"age_restricted_by_admin":false,"not_safe_for_work":false,"allow_reuse":false,"dont_crop":false,"banned":false,"global_safe":true,"audio_file_url":null,"external_download":{"type":"Youtube","service_name":"YouTube","url":"https://www.youtube.com/watch?v=Rl15iqk12NQ","has_embed":true},"application":null,"channel":{"id":2025601,"permalink":"visagecoubs","title":"VISAGE|ᴬᶜᵉᵈᶤᵃ","description":"I hate love","followers_count":2676,"following_count":39,"avatar_versions":{"template":"https://coub-anubis-a.akamaized.net/coub_storage/channel/cw_avatar/17285917224/25ea3c07decb9de33e7e7/%{version}_1607596335_1kdk1a4_1576344843_cropped.jpeg","versions":["medium","medium_2x","profile_pic","profile_pic_new","profile_pic_new_2x","tiny","tiny_2x","small","small_2x","ios_large","ios_small"]}},"file":null,"picture":"https://coub-anubis-a.akamaized.net/coub_storage/coub/simple/cw_image/13d9dd1cd03/cbb724d17908090874fed/1543611016_00032.jpg","timeline_picture":"https://coub-anubis-a.akamaized.net/coub_storage/coub/simple/cw_timeline_pic/ad4c3f1e794/8f5727810a27f6bd43ff3/ios_large_1543611015_image.jpg","small_picture":"https://coub-anubis-a.akamaized.net/coub_storage/coub/simple/cw_image/13d9dd1cd03/cbb724d17908090874fed/1543611016_00032.jpg","sharing_picture":null,"percent_done":100,"tags":[{"id":165,"title":"anime","value":"anime"}],"categories":[{"id":36,"title":"Anime","permalink":"anime","subscriptions_count":10059375,"big_image_url":"https://coub-anubis-a.akamaized.net/coub_storage/category/cw_image/79d6e4a3e73/c0b7416c30391c998a2ac/big_1544750217_Anime2.png","small_image_url":"https://coub-anubis-a.akamaized.net/coub_storage/category/cw_image/79d6e4a3e73/c0b7416c30391c998a2ac/small_1544750217_Anime2.png","med_image_url":"https://coub-anubis-a.akamaized.net/coub_storage/category/cw_image/79d6e4a3e73/c0b7416c30391c998a2ac/med_1544750217_Anime2.png","visible":true}],"communities":[{"id":36,"title":"Anime","permalink":"anime","subscriptions_count":10059375,"big_image_url":"https://coub-anubis-a.akamaized.net/coub_storage/category/cw_image/79d6e4a3e73/c0b7416c30391c998a2ac/big_1544750217_Anime2.png","small_image_url":"https://coub-anubis-a.akamaized.net/coub_storage/category/cw_image/79d6e4a3e73/c0b7416c30391c998a2ac/small_1544750217_Anime2.png","med_image_url":"https://coub-anubis-a.akamaized.net/coub_storage/category/cw_image/79d6e4a3e73/c0b7416c30391c998a2ac/med_1544750217_Anime2.png","i_subscribed":true,"community_notifications_enabled":null,"description":null}],"recoubs_count":220,"remixes_count":3,"likes_count":714,"dislikes_count":0,"raw_video_id":12787717,"uploaded_by_ios_app":false,"uploaded_by_android_app":false,"media_blocks":{"uploaded_raw_videos":[],"external_raw_videos":[{"id":29334646,"title":"Huinya","url":"https://www.youtube.com/watch?v=Rl15iqk12NQ","image":"https://coub-anubis-a.akamaized.net/coub_storage/media_block/cw_image/1da0a0aab4a/16c9ea4c47926187464f4/1543610687_7z2pnv_1543610667_1i11njc_att-url-download.jpg","image_retina":"https://coub-anubis-a.akamaized.net/coub_storage/media_block/cw_image/1da0a0aab4a/16c9ea4c47926187464f4/1543610687_7z2pnv_1543610667_1i11njc_att-url-download.jpg","meta":{"service":"Youtube","duration":"42.68"},"duration":42.68,"raw_video_id":12787717,"has_embed":true}],"remixed_from_coubs":[],"external_video":{"id":29334646,"title":"Huinya","url":"https://www.youtube.com/watch?v=Rl15iqk12NQ","image":"https://coub-anubis-a.akamaized.net/coub_storage/media_block/cw_image/1da0a0aab4a/16c9ea4c47926187464f4/1543610687_7z2pnv_1543610667_1i11njc_att-url-download.jpg","image_retina":"https://coub-anubis-a.akamaized.net/coub_storage/media_block/cw_image/1da0a0aab4a/16c9ea4c47926187464f4/1543610687_7z2pnv_1543610667_1i11njc_att-url-download.jpg","meta":{"service":"Youtube","duration":"42.68"},"duration":42.68,"raw_video_id":12787717,"has_embed":true}},"raw_video_thumbnail_url":"/missing/missing.png","raw_video_title":"Huinya","video_block_banned":false,"duration":10.0,"promo_winner":false,"promo_winner_recoubers":null,"editorial_info":{},"promo_hint":null,"beeline_best_2014":null,"from_web_editor":true,"normalize_sound":false,"normalize_change_allowed":true,"best2015_addable":false,"ahmad_promo":null,"promo_data":null,"audio_copyright_claim":null,"ads_disabled":false,"is_safe_for_ads":true,"megafon_contents":[]},"featured_at":"2018-12-08T15:00:00Z"},{"id":9965,"title":"Best of #TrailerBattle Vol.12","permalink":"9965-best-of-trailerbattle-vol-12","description":"","bottom_text":"","channel":{"id":3609401,"permalink":"upcoming.movies","title":"Upcoming Movies","description":"Coubs from hottest new trailers and featurettes","followers_count":3882,"following_count":11,"avatar_versions":{"template":"https://coub-anubis-a.akamaized.net/coub_storage/channel/cw_avatar/c75f1a83225/9212c7496b93cf4d40016/%{version}_1607432515_1l9rrdy_1496393965_ycog8r7ce.jpg","versions":["medium","medium_2x","profile_pic","profile_pic_new","profile_pic_new_2x","tiny","tiny_2x","small","small_2x","ios_large","ios_small"]}},"tags":[],"published":true,"published_at":"2018-12-07T14:41:58Z","age_restricted":false,"not_safe_for_work":false,"suggested_to_feature":true,"views_count":1955,"likes_count":21,"reposts_count":5,"thumbnail":{"template":"https://coub-anubis-a.akamaized.net/coub_storage/coub/simple/cw_timeline_pic/8cc7b75d201/98a8ee897fbf6c0c3c33a/1543575422_image.jpg","versions":["big","med","small","ios_large"]},"coubs_count":15,"thumbnail_coub":{"flag":null,"abuses":null,"recoubs_by_users_channels":null,"favourite":false,"promoted_id":null,"recoub":null,"like":null,"dislike":null,"reaction":null,"in_my_best2015":false,"id":92915685,"type":"Coub::Simple","permalink":"1iwvf1","title":"They are coming","visibility_type":"public","original_visibility_type":"public","channel_id":11186,"created_at":"2018-11-30T10:55:22Z","updated_at":"2022-03-07T15:55:13Z","is_done":true,"views_count":88504,"cotd":null,"cotd_at":null,"visible_on_explore_root":true,"visible_on_explore":true,"featured":true,"published":true,"published_at":"2018-11-30T10:55:22Z","reversed":false,"from_editor_v2":true,"is_editable":true,"original_sound":false,"has_sound":false,"recoub_to":null,"file_versions":{"html5":{"video":{"higher":{"url":"https://coub-anubis-a.akamaized.net/coub_storage/coub/simple/cw_file/3422ac4a41f/d546c278ad839e18969d6/muted_mp4_huge_size_1570210946_muted_huge.mp4","size":2950775},"high":{"url":"https://coub-anubis-a.akamaized.net/coub_storage/coub/simple/cw_file/3422ac4a41f/d546c278ad839e18969d6/muted_mp4_big_size_1570210946_muted_big.mp4","size":1931490},"med":{"url":"https://coub-anubis-a.akamaized.net/coub_storage/coub/simple/cw_file/3422ac4a41f/d546c278ad839e18969d6/muted_mp4_med_size_1570210946_muted_med.mp4","size":566243}},"audio":{"high":{"url":"https://coub-anubis-a.akamaized.net/coub_storage/coub/simple/cw_looped_audio_high/673591339d2/9f95487593c6821e8a0fc/1605658861_high_1543575401_high.mp3","size":4594934},"med":{"url":"https://coub-anubis-a.akamaized.net/coub_storage/coub/simple/cw_looped_audio_med/b5d321be57f/7f0ac0c3b38862ca1a832/1605658860_med_1543575401_med.mp3","size":3217626}}},"mobile":{"video":"https://coub-anubis-a.akamaized.net/coub_storage/coub/simple/cw_file/3422ac4a41f/d546c278ad839e18969d6/muted_mp4_med_size_1570210946_muted_med.mp4","audio":["https://coub-anubis-a.akamaized.net/coub_storage/coub/simple/cw_looped_audio_med/b5d321be57f/7f0ac0c3b38862ca1a832/1605658860_med_1543575401_med.mp3"]},"share":{"default":"https://coub-anubis-a.akamaized.net/coub_storage/coub/simple/cw_video_for_sharing/6b42a2723a6/997186e83e7db8fbd58b3/1646668513_looped_1646668512.mp4"}},"audio_versions":{"template":"https://coub-anubis-a.akamaized.net/coub_storage/audio_track/cw_normalized_copy/ca88026d61a/e829b4c2c584e3ed7122b/mid_1543575384_normalized_1543575142_audio.mp3","versions":["mid","low"]},"image_versions":{"template":"https://coub-anubis-a.akamaized.net/coub_storage/coub/simple/cw_image/af99bee6517/be76d25c916e10acda34e/1543575423_00032.jpg","versions":["micro","tiny","age_restricted","ios_large","ios_mosaic","big","med","small","pinterest"]},"first_frame_versions":{"template":"https://coub-anubis-a.akamaized.net/coub_storage/coub/simple/cw_timeline_pic/8cc7b75d201/98a8ee897fbf6c0c3c33a/1543575422_image.jpg","versions":["big","med","small","ios_large"]},"dimensions":{"big":[1280,640],"med":[640,320]},"site_w_h":[640,320],"page_w_h":[640,320],"site_w_h_small":[310,155],"size":[1280,640],"age_restricted":false,"age_restricted_by_admin":false,"not_safe_for_work":false,"allow_reuse":false,"dont_crop":false,"banned":false,"global_safe":true,"audio_file_url":"https://coub-anubis-a.akamaized.net/coub_storage/audio_track/cw_normalized_copy/ca88026d61a/e829b4c2c584e3ed7122b/low_1543575384_normalized_1543575142_audio.mp3","external_download":{"type":"Youtube","service_name":"YouTube","url":"https://www.youtube.com/watch?v=zltvWcctE6g","has_embed":true},"application":null,"channel":{"id":11186,"permalink":"krum.krumov.904","title":"Krum Krumov","description":null,"followers_count":7671,"following_count":641,"avatar_versions":{"template":"https://coub-anubis-a.akamaized.net/coub_storage/channel/cw_avatar/c9998d578b6/0fb81d79f091bccc59980/%{version}_1525067093_550954_395157893861045_2103499066_n.jpg","versions":["medium","medium_2x","profile_pic","profile_pic_new","profile_pic_new_2x","tiny","tiny_2x","small","small_2x","ios_large","ios_small"]}},"file":null,"picture":"https://coub-anubis-a.akamaized.net/coub_storage/coub/simple/cw_image/af99bee6517/be76d25c916e10acda34e/1543575423_00032.jpg","timeline_picture":"https://coub-anubis-a.akamaized.net/coub_storage/coub/simple/cw_timeline_pic/8cc7b75d201/98a8ee897fbf6c0c3c33a/1543575422_image.jpg","small_picture":"https://coub-anubis-a.akamaized.net/coub_storage/coub/simple/cw_image/af99bee6517/be76d25c916e10acda34e/1543575423_00032.jpg","sharing_picture":null,"percent_done":100,"tags":[{"id":902450,"title":"bbc iplayer","value":"bbc%20iplayer"},{"id":15755,"title":"bbc one","value":"bbc%20one"},{"id":15757,"title":"bbc 1","value":"bbc%201"},{"id":15756,"title":"bbc1","value":"bbc1"},{"id":11483,"title":"official trailer","value":"official%20trailer"},{"id":254563,"title":"youtube exclusive","value":"youtube%20exclusive"},{"id":2535,"title":"luther","value":"luther"},{"id":4641,"title":"crime","value":"crime"},{"id":3166,"title":"drama","value":"drama"},{"id":63481,"title":"idris elba","value":"idris%20elba"},{"id":16367,"title":"detective","value":"detective"},{"id":3282,"title":"violence","value":"violence"},{"id":293712,"title":"john luther","value":"john%20luther"},{"id":4104990,"title":"bbc drama","value":"bbc%20drama"},{"id":4482879,"title":"bbc crime","value":"bbc%20crime"},{"id":4482880,"title":"george cornelius","value":"george%20cornelius"},{"id":5967,"title":"gangster","value":"gangster"},{"id":4482881,"title":"dci john luther","value":"dci%20john%20luther"},{"id":158403,"title":"sociopath","value":"sociopath"},{"id":3315,"title":"criminal","value":"criminal"},{"id":4482882,"title":"bbc iplayer box sets","value":"bbc%20iplayer%20box%20sets"},{"id":4482883,"title":"bbc luther trailer","value":"bbc%20luther%20trailer"},{"id":4482884,"title":"bbc luther alice","value":"bbc%20luther%20alice"},{"id":4482885,"title":"bbc luther","value":"bbc%20luther"},{"id":4482886,"title":"idris elba luther","value":"idris%20elba%20luther"},{"id":4482887,"title":"luther bruised","value":"luther%20bruised"},{"id":4482888,"title":"this will hurt","value":"this%20will%20hurt"},{"id":2838832,"title":"toxic britney spears","value":"toxic%20britney%20spears"},{"id":4482889,"title":"luther new series","value":"luther%20new%20series"},{"id":4482890,"title":"luther series 5","value":"luther%20series%205"},{"id":26753,"title":"ring","value":"ring"},{"id":9445,"title":"final","value":"final"}],"categories":[{"id":37,"title":"Mashup","permalink":"mashup","subscriptions_count":10067550,"big_image_url":"https://coub-anubis-a.akamaized.net/coub_storage/category/cw_image/93ae83fbc3f/4d90453882a0f2e50dbc0/big_1544622036_Mashup.png","small_image_url":"https://coub-anubis-a.akamaized.net/coub_storage/category/cw_image/93ae83fbc3f/4d90453882a0f2e50dbc0/small_1544622036_Mashup.png","med_image_url":"https://coub-anubis-a.akamaized.net/coub_storage/category/cw_image/93ae83fbc3f/4d90453882a0f2e50dbc0/med_1544622036_Mashup.png","visible":true}],"communities":[{"id":37,"title":"Mashup","permalink":"mashup","subscriptions_count":10067550,"big_image_url":"https://coub-anubis-a.akamaized.net/coub_storage/category/cw_image/93ae83fbc3f/4d90453882a0f2e50dbc0/big_1544622036_Mashup.png","small_image_url":"https://coub-anubis-a.akamaized.net/coub_storage/category/cw_image/93ae83fbc3f/4d90453882a0f2e50dbc0/small_1544622036_Mashup.png","med_image_url":"https://coub-anubis-a.akamaized.net/coub_storage/category/cw_image/93ae83fbc3f/4d90453882a0f2e50dbc0/med_1544622036_Mashup.png","i_subscribed":true,"community_notifications_enabled":null,"description":null}],"recoubs_count":40,"remixes_count":2,"likes_count":341,"dislikes_count":0,"raw_video_id":12784259,"uploaded_by_ios_app":false,"uploaded_by_android_app":false,"media_blocks":{"uploaded_raw_videos":[],"external_raw_videos":[{"id":29324926,"title":"LUTHER Series 5 | EXCLUSIVE TRAILER - BBC","url":"https://www.youtube.com/watch?v=zltvWcctE6g","image":"https://coub-anubis-a.akamaized.net/coub_storage/media_block/cw_image/45631452689/5f57a334d56fb845746ae/1543573004_3dh756_1543572972_197apa0_att-url-download.jpg","image_retina":"https://coub-anubis-a.akamaized.net/coub_storage/media_block/cw_image/45631452689/5f57a334d56fb845746ae/1543573004_3dh756_1543572972_197apa0_att-url-download.jpg","meta":{"service":"Youtube","duration":"100.0"},"duration":100.0,"raw_video_id":12784248,"has_embed":true},{"id":29324955,"title":"The Ring- final scene!","url":"https://www.youtube.com/watch?v=lbO9LhD9PsI","image":"https://coub-anubis-a.akamaized.net/coub_storage/media_block/cw_image/dda55fa3fcd/87477e73cd70781c5fd00/1543573198_lnpld5_1543573188_wsjbyb_att-url-download.jpg","image_retina":"https://coub-anubis-a.akamaized.net/coub_storage/media_block/cw_image/dda55fa3fcd/87477e73cd70781c5fd00/1543573198_lnpld5_1543573188_wsjbyb_att-url-download.jpg","meta":{"service":"Youtube","duration":"74.28"},"duration":74.28,"raw_video_id":12784259,"has_embed":true}],"remixed_from_coubs":[],"external_video":{"id":29324926,"title":"LUTHER Series 5 | EXCLUSIVE TRAILER - BBC","url":"https://www.youtube.com/watch?v=zltvWcctE6g","image":"https://coub-anubis-a.akamaized.net/coub_storage/media_block/cw_image/45631452689/5f57a334d56fb845746ae/1543573004_3dh756_1543572972_197apa0_att-url-download.jpg","image_retina":"https://coub-anubis-a.akamaized.net/coub_storage/media_block/cw_image/45631452689/5f57a334d56fb845746ae/1543573004_3dh756_1543572972_197apa0_att-url-download.jpg","meta":{"service":"Youtube","duration":"100.0"},"duration":100.0,"raw_video_id":12784248,"has_embed":true}},"raw_video_thumbnail_url":"/missing/missing.png","raw_video_title":"The Ring- final scene!","video_block_banned":false,"duration":10.0,"promo_winner":false,"promo_winner_recoubers":null,"editorial_info":{},"promo_hint":null,"beeline_best_2014":null,"from_web_editor":true,"normalize_sound":true,"normalize_change_allowed":true,"best2015_addable":false,"ahmad_promo":null,"promo_data":null,"audio_copyright_claim":null,"ads_disabled":false,"is_safe_for_ads":true,"megafon_contents":[]},"featured_at":"2018-12-07T15:00:00Z"},{"id":9933,"title":"Anime Weekly, Vol. 75","permalink":"9933-anime-weekly-vol-75","description":"Every week we gather all the best anime of the week in one post.\nEnjoy!\n\n26.11—02.12","bottom_text":"","channel":{"id":411851,"permalink":"onbehalfofthemoon","title":"Anime","description":"（⌒▽⌒）","followers_count":179852,"following_count":1,"avatar_versions":{"template":"https://coub-anubis-a.akamaized.net/coub_storage/channel/cw_avatar/4bc5eae4755/09630c449429a38439cbd/%{version}_1607432185_b5jire_1474504989_1metgwo_att-url-download.png","versions":["medium","medium_2x","profile_pic","profile_pic_new","profile_pic_new_2x","tiny","tiny_2x","small","small_2x","ios_large","ios_small"]}},"tags":[{"id":165,"title":"anime","value":"anime"},{"id":2275334,"title":"anime weekly","value":"anime%20weekly"}],"published":true,"published_at":"2018-12-05T16:33:56Z","age_restricted":false,"not_safe_for_work":false,"suggested_to_feature":true,"views_count":1977,"likes_count":184,"reposts_count":14,"thumbnail":{"template":"https://coub-anubis-a.akamaized.net/coub_storage/coub/simple/cw_timeline_pic/92430bcb910/c7f55a7dcb79fcfebe870/%{version}_1543437532_image.jpg","versions":["big","med","small","ios_large"]},"coubs_count":44,"thumbnail_coub":{"flag":null,"abuses":null,"recoubs_by_users_channels":null,"favourite":false,"promoted_id":null,"recoub":null,"like":null,"dislike":null,"reaction":null,"in_my_best2015":false,"id":92767296,"type":"Coub::Simple","permalink":"1itox4","title":"Night City「Suzumiya Haruhi no Shoushitsu」","visibility_type":"public","original_visibility_type":"public","channel_id":4005734,"created_at":"2018-11-28T20:37:52Z","updated_at":"2022-03-13T14:32:43Z","is_done":true,"views_count":94902,"cotd":null,"cotd_at":null,"visible_on_explore_root":false,"visible_on_explore":false,"featured":false,"published":true,"published_at":"2018-11-28T20:37:52Z","reversed":false,"from_editor_v2":true,"is_editable":true,"original_sound":false,"has_sound":false,"recoub_to":null,"file_versions":{"html5":{"video":{"higher":{"url":"https://coub-anubis-a.akamaized.net/coub_storage/coub/simple/cw_file/0788550a500/d09db465d6812a01c93d9/muted_mp4_huge_size_1569954092_muted_huge.mp4","size":2449266},"high":{"url":"https://coub-anubis-a.akamaized.net/coub_storage/coub/simple/cw_file/0788550a500/d09db465d6812a01c93d9/muted_mp4_big_size_1569954092_muted_big.mp4","size":2075658},"med":{"url":"https://coub-anubis-a.akamaized.net/coub_storage/coub/simple/cw_file/0788550a500/d09db465d6812a01c93d9/muted_mp4_med_size_1569954092_muted_med.mp4","size":540641}},"audio":{"high":{"url":"https://coub-anubis-a.akamaized.net/coub_storage/coub/simple/cw_looped_audio_high/9a73d42949e/f9491e9379af773c19250/1605658631_high_1543437518_high.mp3","size":4305990},"med":{"url":"https://coub-anubis-a.akamaized.net/coub_storage/coub/simple/cw_looped_audio_med/3eaf78bdfae/598b7195607a0058e4f9b/1605658630_med_1543437518_med.mp3","size":3032945}}},"mobile":{"video":"https://coub-anubis-a.akamaized.net/coub_storage/coub/simple/cw_file/0788550a500/d09db465d6812a01c93d9/muted_mp4_med_size_1569954092_muted_med.mp4","audio":["https://coub-anubis-a.akamaized.net/coub_storage/coub/simple/cw_looped_audio_med/3eaf78bdfae/598b7195607a0058e4f9b/1605658630_med_1543437518_med.mp3"]},"share":{"default":"https://coub-anubis-a.akamaized.net/coub_storage/coub/simple/cw_video_for_sharing/a28824fb367/db76709a4ca4a55a52a2e/1608382589_looped_1608382588.mp4"}},"audio_versions":{"template":"https://coub-anubis-a.akamaized.net/coub_storage/audio_track/cw_file/628878fc1a7/fb5428df43262fa557f37/mid_1543437492_3qq80g_edited.mp3","versions":["mid","low"]},"image_versions":{"template":"https://coub-anubis-a.akamaized.net/coub_storage/coub/simple/cw_image/6bc5d8674b5/aa4655c09e9e5a8ebd148/1543437533_00032.jpg","versions":["micro","tiny","age_restricted","ios_large","ios_mosaic","big","med","small","pinterest"]},"first_frame_versions":{"template":"https://coub-anubis-a.akamaized.net/coub_storage/coub/simple/cw_timeline_pic/92430bcb910/c7f55a7dcb79fcfebe870/%{version}_1543437532_image.jpg","versions":["big","med","small","ios_large"]},"dimensions":{"big":[1280,720],"med":[640,360]},"site_w_h":[640,360],"page_w_h":[640,360],"site_w_h_small":[310,174],"size":[1280,720],"age_restricted":false,"age_restricted_by_admin":false,"not_safe_for_work":false,"allow_reuse":false,"dont_crop":false,"banned":false,"global_safe":true,"audio_file_url":"https://coub-anubis-a.akamaized.net/coub_storage/audio_track/cw_file/628878fc1a7/fb5428df43262fa557f37/low_1543437492_3qq80g_edited.mp3","external_download":false,"application":null,"channel":{"id":4005734,"permalink":"chudyreal","title":"Chudy","description":"Бывший коубер","followers_count":2645,"following_count":170,"avatar_versions":{"template":"https://coub-anubis-a.akamaized.net/coub_storage/channel/cw_avatar/ad20e0df49d/62a8e6ae2d2a8858bfd4f/%{version}_1621205982_this_is_the_end_PFP_mirrored.png","versions":["medium","medium_2x","profile_pic","profile_pic_new","profile_pic_new_2x","tiny","tiny_2x","small","small_2x","ios_large","ios_small"]}},"file":null,"picture":"https://coub-anubis-a.akamaized.net/coub_storage/coub/simple/cw_image/6bc5d8674b5/aa4655c09e9e5a8ebd148/1543437533_00032.jpg","timeline_picture":"https://coub-anubis-a.akamaized.net/coub_storage/coub/simple/cw_timeline_pic/92430bcb910/c7f55a7dcb79fcfebe870/ios_large_1543437532_image.jpg","small_picture":"https://coub-anubis-a.akamaized.net/coub_storage/coub/simple/cw_image/6bc5d8674b5/aa4655c09e9e5a8ebd148/1543437533_00032.jpg","sharing_picture":null,"percent_done":100,"tags":[{"id":4296376,"title":"треки в группе: https://vk.com/chudyreal","value":"%D1%82%D1%80%D0%B5%D0%BA%D0%B8%20%D0%B2%20%D0%B3%D1%80%D1%83%D0%BF%D0%BF%D0%B5:%20https://vk.com/chudyreal"},{"id":165,"title":"anime","value":"anime"},{"id":589777,"title":"suzumiya haruhi no shoushitsu","value":"suzumiya%20haruhi%20no%20shoushitsu"}],"categories":[{"id":36,"title":"Anime","permalink":"anime","subscriptions_count":10059375,"big_image_url":"https://coub-anubis-a.akamaized.net/coub_storage/category/cw_image/79d6e4a3e73/c0b7416c30391c998a2ac/big_1544750217_Anime2.png","small_image_url":"https://coub-anubis-a.akamaized.net/coub_storage/category/cw_image/79d6e4a3e73/c0b7416c30391c998a2ac/small_1544750217_Anime2.png","med_image_url":"https://coub-anubis-a.akamaized.net/coub_storage/category/cw_image/79d6e4a3e73/c0b7416c30391c998a2ac/med_1544750217_Anime2.png","visible":true}],"communities":[{"id":36,"title":"Anime","permalink":"anime","subscriptions_count":10059375,"big_image_url":"https://coub-anubis-a.akamaized.net/coub_storage/category/cw_image/79d6e4a3e73/c0b7416c30391c998a2ac/big_1544750217_Anime2.png","small_image_url":"https://coub-anubis-a.akamaized.net/coub_storage/category/cw_image/79d6e4a3e73/c0b7416c30391c998a2ac/small_1544750217_Anime2.png","med_image_url":"https://coub-anubis-a.akamaized.net/coub_storage/category/cw_image/79d6e4a3e73/c0b7416c30391c998a2ac/med_1544750217_Anime2.png","i_subscribed":true,"community_notifications_enabled":null,"description":null}],"recoubs_count":506,"remixes_count":34,"likes_count":2247,"dislikes_count":0,"raw_video_id":12776866,"uploaded_by_ios_app":false,"uploaded_by_android_app":false,"media_blocks":{"uploaded_raw_videos":[],"external_raw_videos":[],"remixed_from_coubs":[]},"raw_video_thumbnail_url":"/missing/missing.png","raw_video_title":"kyon_city_2.mp4","video_block_banned":false,"duration":10.04,"promo_winner":false,"promo_winner_recoubers":null,"editorial_info":{},"promo_hint":null,"beeline_best_2014":null,"from_web_editor":true,"normalize_sound":false,"normalize_change_allowed":true,"best2015_addable":false,"ahmad_promo":null,"promo_data":null,"audio_copyright_claim":null,"ads_disabled":false,"is_safe_for_ads":true,"megafon_contents":[]},"featured_at":"2018-12-07T15:00:00Z"},{"id":9952,"title":"Ozzy Osbourne: Top-20","permalink":"9952-ozzy-osbourne-top-20","description":"","bottom_text":"","channel":{"id":3639254,"permalink":"music.brew","title":"Music Brew","description":null,"followers_count":369,"following_count":12,"avatar_versions":{"template":"https://coub-anubis-a.akamaized.net/coub_storage/channel/cw_avatar/2b43cb32ed7/5b36e2f6bbf8575570edc/%{version}_1608714177_obrfdg_1498218662_music.png","versions":["medium","medium_2x","profile_pic","profile_pic_new","profile_pic_new_2x","tiny","tiny_2x","small","small_2x","ios_large","ios_small"]}},"tags":[{"id":86,"title":"music","value":"music"},{"id":21666,"title":"black sabbath","value":"black%20sabbath"},{"id":72073,"title":"ozzy osbourne","value":"ozzy%20osbourne"},{"id":150241,"title":"celebs","value":"celebs"}],"published":true,"published_at":"2018-12-06T11:24:38Z","age_restricted":false,"not_safe_for_work":false,"suggested_to_feature":true,"views_count":1634,"likes_count":47,"reposts_count":4,"thumbnail":{"template":"https://coub-anubis-a.akamaized.net/coub_storage/coub/simple/cw_timeline_pic/42ed5e76bef/743657e002d086c8310ec/%{version}_1471736596_image.jpg","versions":["big","med","small","ios_large"]},"coubs_count":20,"thumbnail_coub":{"flag":null,"abuses":null,"recoubs_by_users_channels":null,"favourite":false,"promoted_id":null,"recoub":null,"like":null,"dislike":null,"reaction":null,"in_my_best2015":false,"id":10247783,"type":"Coub::Simple","permalink":"5nhwa","title":"hell raiser #fullmetal","visibility_type":"public","original_visibility_type":"public","channel_id":1276168,"created_at":"2015-03-28T12:16:51Z","updated_at":"2021-09-13T22:57:53Z","is_done":true,"views_count":11037,"cotd":null,"cotd_at":null,"visible_on_explore_root":false,"visible_on_explore":false,"featured":false,"published":true,"published_at":"2015-03-28T12:16:51Z","reversed":false,"from_editor_v2":true,"is_editable":true,"original_sound":false,"has_sound":false,"recoub_to":null,"file_versions":{"html5":{"video":{"higher":{"url":"https://coub-anubis-a.akamaized.net/coub_storage/coub/simple/cw_file/fb7d092c6dc/2216fc559cea8b379341b/muted_mp4_huge_size_1590710696_muted_huge.mp4","size":2853047},"high":{"url":"https://coub-anubis-a.akamaized.net/coub_storage/coub/simple/cw_file/fb7d092c6dc/2216fc559cea8b379341b/muted_mp4_big_size_1590710696_muted_big.mp4","size":1799959},"med":{"url":"https://coub-anubis-a.akamaized.net/coub_storage/coub/simple/cw_file/fb7d092c6dc/2216fc559cea8b379341b/muted_mp4_med_size_1590710696_muted_med.mp4","size":615195}},"audio":{"high":{"url":"https://coub-anubis-a.akamaized.net/coub_storage/coub/simple/cw_looped_audio_high/ce4f0bbeb5e/c270d95a3077636eb425b/1605448508_high_1471736667_high.mp3","size":4069148},"med":{"url":"https://coub-anubis-a.akamaized.net/coub_storage/coub/simple/cw_looped_audio_med/c07571fe8da/42917c0d3fd1a7ea79f3a/1605448508_med_1471736667_med.mp3","size":3424641}}},"mobile":{"video":"https://coub-anubis-a.akamaized.net/coub_storage/coub/simple/cw_file/fb7d092c6dc/2216fc559cea8b379341b/muted_mp4_med_size_1590710696_muted_med.mp4","audio":["https://coub-anubis-a.akamaized.net/coub_storage/coub/simple/cw_looped_audio_med/c07571fe8da/42917c0d3fd1a7ea79f3a/1605448508_med_1471736667_med.mp3"]},"share":{"default":null}},"audio_versions":{"template":"https://coub-anubis-a.akamaized.net/coub_storage/audio_track/cw_file/efb9dbf6c73/91e6784ad3efbdbd7fdd5/mid_1471121668_audio.mp3","versions":["mid","low"]},"image_versions":{"template":"https://coub-anubis-a.akamaized.net/coub_storage/coub/simple/cw_image/0f9f0886d24/1c9beb426bb3dd0a12c8c/1471736573_00031.jpg","versions":["micro","tiny","age_restricted","ios_large","ios_mosaic","big","med","small","pinterest"]},"first_frame_versions":{"template":"https://coub-anubis-a.akamaized.net/coub_storage/coub/simple/cw_timeline_pic/42ed5e76bef/743657e002d086c8310ec/%{version}_1471736596_image.jpg","versions":["big","med","small","ios_large"]},"dimensions":{"big":[1280,678],"med":[640,338]},"site_w_h":[640,339],"page_w_h":[640,339],"site_w_h_small":[310,164],"size":[1280,678],"age_restricted":false,"age_restricted_by_admin":false,"not_safe_for_work":false,"allow_reuse":false,"dont_crop":false,"banned":false,"global_safe":true,"audio_file_url":"https://coub-anubis-a.akamaized.net/coub_storage/audio_track/cw_file/efb9dbf6c73/91e6784ad3efbdbd7fdd5/low_1471121668_audio.mp3","external_download":false,"application":null,"channel":{"id":1276168,"permalink":"mr.jouke","title":"jouke","description":null,"followers_count":298,"following_count":536,"avatar_versions":{"template":"https://coub-anubis-a.akamaized.net/coub_storage/channel/cw_avatar/f1ddfe83931/55dcad087e7b5b759657c/%{version}_1609170116_z2zq3o_1474475005_The-killing-joke-joker.jpg","versions":["medium","medium_2x","profile_pic","profile_pic_new","profile_pic_new_2x","tiny","tiny_2x","small","small_2x","ios_large","ios_small"]}},"file":null,"picture":"https://coub-anubis-a.akamaized.net/coub_storage/coub/simple/cw_image/0f9f0886d24/1c9beb426bb3dd0a12c8c/1471736573_00031.jpg","timeline_picture":"https://coub-anubis-a.akamaized.net/coub_storage/coub/simple/cw_timeline_pic/42ed5e76bef/743657e002d086c8310ec/ios_large_1471736596_image.jpg","small_picture":"https://coub-anubis-a.akamaized.net/coub_storage/coub/simple/cw_image/0f9f0886d24/1c9beb426bb3dd0a12c8c/1471736573_00031.jpg","sharing_picture":null,"percent_done":100,"tags":[{"id":154,"title":"movie","value":"movie"},{"id":230,"title":"hell","value":"hell"},{"id":72073,"title":"ozzy osbourne","value":"ozzy%20osbourne"},{"id":751018,"title":"никки дьявол младший","value":"%D0%BD%D0%B8%D0%BA%D0%BA%D0%B8%20%D0%B4%D1%8C%D1%8F%D0%B2%D0%BE%D0%BB%20%D0%BC%D0%BB%D0%B0%D0%B4%D1%88%D0%B8%D0%B9"},{"id":2053,"title":"metal","value":"metal"},{"id":86,"title":"music","value":"music"},{"id":143876,"title":"cameo","value":"cameo"},{"id":2086,"title":"комедия","value":"%D0%BA%D0%BE%D0%BC%D0%B5%D0%B4%D0%B8%D1%8F"},{"id":1851,"title":"bat","value":"bat"},{"id":498849,"title":"адам сэндлер","value":"%D0%B0%D0%B4%D0%B0%D0%BC%20%D1%81%D1%8D%D0%BD%D0%B4%D0%BB%D0%B5%D1%80"},{"id":145825,"title":"action scene","value":"action%20scene"},{"id":6612,"title":"samsung","value":"samsung"},{"id":733584,"title":"galaxya","value":"galaxya"},{"id":734763,"title":"galaxya fullmetal","value":"galaxya%20fullmetal"},{"id":1485,"title":"comedy","value":"comedy"},{"id":733547,"title":"fullmetal","value":"fullmetal"}],"categories":[],"communities":[],"recoubs_count":29,"remixes_count":0,"likes_count":65,"dislikes_count":0,"raw_video_id":1232132,"uploaded_by_ios_app":false,"uploaded_by_android_app":false,"media_blocks":{"uploaded_raw_videos":[],"external_raw_videos":[],"remixed_from_coubs":[],"audio_track":{"id":19554103,"title":"Unknown","url":null,"image":null,"image_retina":null,"meta":{"year":"0","album":null,"title":"Unknown","artist":null,"echonest_id":null},"duration":null,"amazon_url":null,"google_play_url":null,"bandcamp_url":null,"soundcloud_url":null,"track_name":null,"track_artist":null,"track_album":null,"itunes_url":null}},"raw_video_thumbnail_url":"/missing/missing.png","raw_video_title":"Ни.mp4","video_block_banned":false,"duration":9.84,"promo_winner":false,"promo_winner_recoubers":null,"editorial_info":{},"promo_hint":null,"beeline_best_2014":null,"from_web_editor":true,"normalize_sound":true,"normalize_change_allowed":true,"best2015_addable":false,"ahmad_promo":null,"promo_data":null,"audio_copyright_claim":null,"ads_disabled":null,"is_safe_for_ads":true,"megafon_contents":[]},"featured_at":"2018-12-07T15:00:00Z"}]}