{"page":106,"per_page":10,"total_pages":200,"coubs":[{"flag":null,"abuses":null,"recoubs_by_users_channels":null,"favourite":false,"promoted_id":null,"recoub":null,"like":null,"dislike":null,"reaction":null,"in_my_best2015":false,"id":173977945,"type":"Coub::Simple","permalink":"2v8h4w","title":"When you're finally alone with a girlfriend","visibility_type":"public","original_visibility_type":"public","channel_id":32046,"created_at":"2021-08-17T11:57:15Z","updated_at":"2021-10-22T19:40:55Z","is_done":true,"views_count":1889,"cotd":null,"cotd_at":null,"visible_on_explore_root":false,"visible_on_explore":false,"featured":false,"published":true,"published_at":"2021-08-17T11:57:15Z","reversed":false,"from_editor_v2":true,"is_editable":true,"original_sound":true,"has_sound":true,"recoub_to":null,"file_versions":{"html5":{"video":{"higher":{"url":"https://coub-anubis-a.akamaized.net/coub_storage/coub/simple/cw_file/7636fd7743f/9e517f1296f35ae24f74a/muted_mp4_huge_size_1629201450_muted_huge.mp4","size":2799462},"high":{"url":"https://coub-anubis-a.akamaized.net/coub_storage/coub/simple/cw_file/7636fd7743f/9e517f1296f35ae24f74a/muted_mp4_big_size_1629201450_muted_big.mp4","size":1675776},"med":{"url":"https://coub-anubis-a.akamaized.net/coub_storage/coub/simple/cw_file/7636fd7743f/9e517f1296f35ae24f74a/muted_mp4_med_size_1629201450_muted_med.mp4","size":503617}},"audio":{"high":{"url":"https://coub-anubis-a.akamaized.net/coub_storage/coub/simple/cw_looped_audio_high/77409d28b9d/829767458b2288c5e0074/1629201452_mp3-high.mp3","size":1281164},"med":{"url":"https://coub-anubis-a.akamaized.net/coub_storage/coub/simple/cw_looped_audio_med/54016276a9b/2136524b23db885d9cc36/1629201451_mp3-med.mp3","size":924176},"sample_duration":7.245}},"mobile":{"video":"https://coub-anubis-a.akamaized.net/coub_storage/coub/simple/cw_file/7636fd7743f/9e517f1296f35ae24f74a/muted_mp4_med_size_1629201450_muted_med.mp4","audio":["https://coub-anubis-a.akamaized.net/coub_storage/coub/simple/cw_looped_audio_med/54016276a9b/2136524b23db885d9cc36/1629201451_mp3-med.mp3"]},"share":{"default":"https://coub-anubis-a.akamaized.net/coub_storage/coub/simple/cw_video_for_sharing/a38052d9b11/217449a90d4cb00920c03/1629201485_looped_1629201484.mp4"}},"audio_versions":{},"image_versions":{"template":"https://coub-anubis-a.akamaized.net/coub_storage/coub/simple/cw_image/7cd1ebe9b28/791bd27cf03b1a07bc25b/%{version}_1629201456_00023.jpg","versions":["micro","tiny","age_restricted","ios_large","ios_mosaic","big","med","small","pinterest"]},"first_frame_versions":{"template":"https://coub-anubis-a.akamaized.net/coub_storage/coub/simple/cw_timeline_pic/d31a415fb90/3499ba25442ad128c9a72/%{version}_1629201456_image.jpg","versions":["big","med","small","ios_large"]},"dimensions":{"big":[1280,852],"med":[640,426]},"site_w_h":[640,426],"page_w_h":[640,426],"site_w_h_small":[310,206],"size":[1280,852],"age_restricted":false,"age_restricted_by_admin":false,"not_safe_for_work":null,"allow_reuse":false,"dont_crop":true,"banned":false,"global_safe":null,"audio_file_url":null,"external_download":{"type":"Youtube","service_name":"YouTube","url":"https://youtu.be/JiGegAwSQcg","has_embed":true},"application":null,"channel":{"id":32046,"permalink":"vgambitx","title":"vGamBIT","description":null,"followers_count":22,"following_count":11,"avatar_versions":{"template":"https://coub-anubis-a.akamaized.net/coub_storage/channel/cw_avatar/b31078a689a/913fc066f427da790de00/%{version}_1483053394_vAxHbxK2lzU.jpg","versions":["medium","medium_2x","profile_pic","profile_pic_new","profile_pic_new_2x","tiny","tiny_2x","small","small_2x","ios_large","ios_small"]}},"file":null,"picture":"https://coub-anubis-a.akamaized.net/coub_storage/coub/simple/cw_image/7cd1ebe9b28/791bd27cf03b1a07bc25b/med_1629201456_00023.jpg","timeline_picture":"https://coub-anubis-a.akamaized.net/coub_storage/coub/simple/cw_timeline_pic/d31a415fb90/3499ba25442ad128c9a72/ios_large_1629201456_image.jpg","small_picture":"https://coub-anubis-a.akamaized.net/coub_storage/coub/simple/cw_image/7cd1ebe9b28/791bd27cf03b1a07bc25b/ios_mosaic_1629201456_00023.jpg","sharing_picture":null,"percent_done":100,"tags":[{"id":1850381,"title":"quincyjones","value":"quincyjones"},{"id":3301872,"title":"soulbossanova","value":"soulbossanova"},{"id":6450682,"title":"cbstv","value":"cbstv"},{"id":2232968,"title":"davidletterman","value":"davidletterman"},{"id":453568,"title":"lateshow","value":"lateshow"},{"id":1781,"title":"new","value":"new"},{"id":6450683,"title":"hammonddtv7","value":"hammonddtv7"},{"id":6450684,"title":"misarch","value":"misarch"},{"id":68437,"title":"girlfriends","value":"girlfriends"}],"categories":[{"id":8,"title":"Music","permalink":"music","subscriptions_count":10078856,"big_image_url":"https://coub-anubis-a.akamaized.net/coub_storage/category/cw_image/0327247c5ff/85914bdd8e1edc998c480/big_1544760089_Music3.png","small_image_url":"https://coub-anubis-a.akamaized.net/coub_storage/category/cw_image/0327247c5ff/85914bdd8e1edc998c480/small_1544760089_Music3.png","med_image_url":"https://coub-anubis-a.akamaized.net/coub_storage/category/cw_image/0327247c5ff/85914bdd8e1edc998c480/med_1544760089_Music3.png","visible":true}],"communities":[{"id":8,"title":"Music","permalink":"music","subscriptions_count":10078856,"big_image_url":"https://coub-anubis-a.akamaized.net/coub_storage/category/cw_image/0327247c5ff/85914bdd8e1edc998c480/big_1544760089_Music3.png","small_image_url":"https://coub-anubis-a.akamaized.net/coub_storage/category/cw_image/0327247c5ff/85914bdd8e1edc998c480/small_1544760089_Music3.png","med_image_url":"https://coub-anubis-a.akamaized.net/coub_storage/category/cw_image/0327247c5ff/85914bdd8e1edc998c480/med_1544760089_Music3.png","i_subscribed":true,"community_notifications_enabled":null,"description":null}],"recoubs_count":0,"remixes_count":0,"likes_count":24,"dislikes_count":0,"raw_video_id":16696681,"uploaded_by_ios_app":false,"uploaded_by_android_app":false,"media_blocks":{"uploaded_raw_videos":[],"external_raw_videos":[{"id":39491350,"title":"Quincy Jones - Soul Bossa Nova","url":"https://www.youtube.com/watch?v=JiGegAwSQcg","image":"https://coub-anubis-a.akamaized.net/coub_storage/media_block/cw_image/aa297ee5fc0/1f220e15c9870471f4e83/video_1629200894_1pwjq90_1629200861_1629200859_1k0n3ss_att-url-download.jpg_sqp_-oaymwEcCNACELwBSFXyq4qpAw4IARUAAIhCGAFwAcABBg___rs_AOn4CLB_o3wRNZGUQTK7-zYkQK31AATMWA","image_retina":"https://coub-anubis-a.akamaized.net/coub_storage/media_block/cw_image/aa297ee5fc0/1f220e15c9870471f4e83/video_retina_1629200894_1pwjq90_1629200861_1629200859_1k0n3ss_att-url-download.jpg_sqp_-oaymwEcCNACELwBSFXyq4qpAw4IARUAAIhCGAFwAcABBg___rs_AOn4CLB_o3wRNZGUQTK7-zYkQK31AATMWA","meta":{"service":"Youtube","duration":"287.36"},"duration":287.36,"raw_video_id":16696681,"has_embed":true}],"remixed_from_coubs":[],"external_video":{"id":39491350,"title":"Quincy Jones - Soul Bossa Nova","url":"https://www.youtube.com/watch?v=JiGegAwSQcg","image":"https://coub-anubis-a.akamaized.net/coub_storage/media_block/cw_image/aa297ee5fc0/1f220e15c9870471f4e83/video_1629200894_1pwjq90_1629200861_1629200859_1k0n3ss_att-url-download.jpg_sqp_-oaymwEcCNACELwBSFXyq4qpAw4IARUAAIhCGAFwAcABBg___rs_AOn4CLB_o3wRNZGUQTK7-zYkQK31AATMWA","image_retina":"https://coub-anubis-a.akamaized.net/coub_storage/media_block/cw_image/aa297ee5fc0/1f220e15c9870471f4e83/video_retina_1629200894_1pwjq90_1629200861_1629200859_1k0n3ss_att-url-download.jpg_sqp_-oaymwEcCNACELwBSFXyq4qpAw4IARUAAIhCGAFwAcABBg___rs_AOn4CLB_o3wRNZGUQTK7-zYkQK31AATMWA","meta":{"service":"Youtube","duration":"287.36"},"duration":287.36,"raw_video_id":16696681,"has_embed":true}},"raw_video_thumbnail_url":"https://coub-anubis-a.akamaized.net/coub_storage/raw_video/cw_image/c2c9dfae631/ff799bb5fecee17a36ec7/coub_media_1629200861_1629200859_1k0n3ss_att-url-download.jpg_sqp_-oaymwEcCNACELwBSFXyq4qpAw4IARUAAIhCGAFwAcABBg___rs_AOn4CLB_o3wRNZGUQTK7-zYkQK31AATMWA","raw_video_title":"Quincy Jones - Soul Bossa Nova","video_block_banned":false,"duration":7.24,"promo_winner":false,"promo_winner_recoubers":null,"editorial_info":{},"promo_hint":null,"beeline_best_2014":null,"from_web_editor":true,"normalize_sound":true,"normalize_change_allowed":true,"best2015_addable":false,"ahmad_promo":null,"promo_data":null,"audio_copyright_claim":null,"ads_disabled":null,"is_safe_for_ads":true,"feed_source":"community","megafon_contents":[],"position_on_page":1},{"flag":null,"abuses":null,"recoubs_by_users_channels":null,"favourite":false,"promoted_id":null,"recoub":null,"like":null,"dislike":null,"reaction":null,"in_my_best2015":false,"id":179393939,"type":"Coub::Simple","permalink":"2ygk66","title":"First day of winter /card 1","visibility_type":"public","original_visibility_type":"public","channel_id":7690927,"created_at":"2021-12-01T06:20:38Z","updated_at":"2022-03-15T20:57:38Z","is_done":true,"views_count":175880,"cotd":null,"cotd_at":null,"visible_on_explore_root":true,"visible_on_explore":true,"featured":true,"published":true,"published_at":"2021-12-01T06:20:38Z","reversed":true,"from_editor_v2":true,"is_editable":true,"original_sound":false,"has_sound":false,"recoub_to":null,"file_versions":{"html5":{"video":{"higher":{"url":"https://coub-anubis-a.akamaized.net/coub_storage/coub/simple/cw_file/c9553303acf/8a1551e7c2e951861ea06/muted_mp4_huge_size_1638340609_muted_huge.mp4","size":4420067},"high":{"url":"https://coub-anubis-a.akamaized.net/coub_storage/coub/simple/cw_file/c9553303acf/8a1551e7c2e951861ea06/muted_mp4_big_size_1638340609_muted_big.mp4","size":3171243},"med":{"url":"https://coub-anubis-a.akamaized.net/coub_storage/coub/simple/cw_file/c9553303acf/8a1551e7c2e951861ea06/muted_mp4_med_size_1638340609_muted_med.mp4","size":464725}},"audio":{"high":{"url":"https://coub-anubis-a.akamaized.net/coub_storage/coub/simple/cw_looped_audio_high/ac132ea3c22/2577884736067d17448f0/1638340624_mp3-high.mp3","size":2051353},"med":{"url":"https://coub-anubis-a.akamaized.net/coub_storage/coub/simple/cw_looped_audio_med/291c1370ba7/59ac6f1eede98201d6f57/1638340622_mp3-med.mp3","size":1596380}}},"mobile":{"video":"https://coub-anubis-a.akamaized.net/coub_storage/coub/simple/cw_file/c9553303acf/8a1551e7c2e951861ea06/muted_mp4_med_size_1638340609_muted_med.mp4","audio":["https://coub-anubis-a.akamaized.net/coub_storage/coub/simple/cw_looped_audio_med/291c1370ba7/59ac6f1eede98201d6f57/1638340622_mp3-med.mp3"]},"share":{"default":"https://coub-anubis-a.akamaized.net/coub_storage/coub/simple/cw_video_for_sharing/86c9b1309fe/b4bc4ca818d1fddfff559/1638340666_looped_1638340665.mp4"}},"audio_versions":{"template":"https://coub-anubis-a.akamaized.net/coub_storage/audio_track/cw_file/8e12f8019da/25f97f3b67d9c963dfd9d/mid_1638340611_1wvixay_edited.mp3","versions":["mid","low"]},"image_versions":{"template":"https://coub-anubis-a.akamaized.net/coub_storage/coub/simple/cw_image/9cb42497b18/509d5fbefb9dc36635db9/%{version}_1638340631_00063.jpg","versions":["micro","tiny","age_restricted","ios_large","ios_mosaic","big","med","small","pinterest"]},"first_frame_versions":{"template":"https://coub-anubis-a.akamaized.net/coub_storage/coub/simple/cw_timeline_pic/21040711f2a/98628da3553963fff6517/%{version}_1638340630_image.jpg","versions":["big","med","small","ios_large"]},"dimensions":{"big":[1280,720],"med":[640,360]},"site_w_h":[640,360],"page_w_h":[640,360],"site_w_h_small":[310,174],"size":[1280,720],"age_restricted":false,"age_restricted_by_admin":false,"not_safe_for_work":false,"allow_reuse":false,"dont_crop":true,"banned":false,"global_safe":true,"audio_file_url":"https://coub-anubis-a.akamaized.net/coub_storage/audio_track/cw_file/8e12f8019da/25f97f3b67d9c963dfd9d/low_1638340611_1wvixay_edited.mp3","external_download":false,"application":null,"channel":{"id":7690927,"permalink":"dreamsts","title":"DreamST","description":"coub archiver-download coub","followers_count":162,"following_count":6,"avatar_versions":{"template":"https://coub-anubis-a.akamaized.net/coub_storage/channel/cw_avatar/7e1256e479d/0965bf44b016e82ea7b06/%{version}_1644848944_Screenshot_16.jpg","versions":["medium","medium_2x","profile_pic","profile_pic_new","profile_pic_new_2x","tiny","tiny_2x","small","small_2x","ios_large","ios_small"]}},"file":null,"picture":"https://coub-anubis-a.akamaized.net/coub_storage/coub/simple/cw_image/9cb42497b18/509d5fbefb9dc36635db9/med_1638340631_00063.jpg","timeline_picture":"https://coub-anubis-a.akamaized.net/coub_storage/coub/simple/cw_timeline_pic/21040711f2a/98628da3553963fff6517/ios_large_1638340630_image.jpg","small_picture":"https://coub-anubis-a.akamaized.net/coub_storage/coub/simple/cw_image/9cb42497b18/509d5fbefb9dc36635db9/ios_mosaic_1638340631_00063.jpg","sharing_picture":null,"percent_done":100,"tags":[{"id":132313,"title":"holyday","value":"holyday"},{"id":5318,"title":"snow","value":"snow"},{"id":1038,"title":"winter","value":"winter"},{"id":301337,"title":"2022","value":"2022"}],"categories":[{"id":9,"title":"Nature & Travel","permalink":"nature-travel","subscriptions_count":10067204,"big_image_url":"https://coub-anubis-a.akamaized.net/coub_storage/category/cw_image/a4b57370b28/3c9d9a8cf4246d5a30610/big_1545567929_Nature.png","small_image_url":"https://coub-anubis-a.akamaized.net/coub_storage/category/cw_image/a4b57370b28/3c9d9a8cf4246d5a30610/small_1545567929_Nature.png","med_image_url":"https://coub-anubis-a.akamaized.net/coub_storage/category/cw_image/a4b57370b28/3c9d9a8cf4246d5a30610/med_1545567929_Nature.png","visible":true}],"communities":[{"id":9,"title":"Nature & Travel","permalink":"nature-travel","subscriptions_count":10067204,"big_image_url":"https://coub-anubis-a.akamaized.net/coub_storage/category/cw_image/a4b57370b28/3c9d9a8cf4246d5a30610/big_1545567929_Nature.png","small_image_url":"https://coub-anubis-a.akamaized.net/coub_storage/category/cw_image/a4b57370b28/3c9d9a8cf4246d5a30610/small_1545567929_Nature.png","med_image_url":"https://coub-anubis-a.akamaized.net/coub_storage/category/cw_image/a4b57370b28/3c9d9a8cf4246d5a30610/med_1545567929_Nature.png","i_subscribed":true,"community_notifications_enabled":null,"description":null}],"recoubs_count":443,"remixes_count":2,"likes_count":2228,"dislikes_count":0,"raw_video_id":16960853,"uploaded_by_ios_app":false,"uploaded_by_android_app":false,"media_blocks":{"uploaded_raw_videos":[],"external_raw_videos":[],"remixed_from_coubs":[]},"raw_video_thumbnail_url":"https://coub-anubis-a.akamaized.net/coub_storage/raw_video/cw_image/068ddc44758/3ca5fe3dca9df0f4765ee/coub_media_1638339093_image.jpg","raw_video_title":"2021-11-21_17-44-09.mp4","video_block_banned":false,"duration":20.0,"promo_winner":false,"promo_winner_recoubers":null,"editorial_info":{},"promo_hint":null,"beeline_best_2014":null,"from_web_editor":true,"normalize_sound":false,"normalize_change_allowed":false,"best2015_addable":false,"ahmad_promo":null,"promo_data":null,"audio_copyright_claim":null,"ads_disabled":false,"is_safe_for_ads":true,"feed_source":"community","megafon_contents":[],"position_on_page":2},{"flag":null,"abuses":null,"recoubs_by_users_channels":null,"favourite":false,"promoted_id":null,"recoub":null,"like":null,"dislike":null,"reaction":null,"in_my_best2015":false,"id":167457628,"type":"Coub::Simple","permalink":"2rcpzj","title":"yt-96 | he just accepted his fate","visibility_type":"public","original_visibility_type":"public","channel_id":11191358,"created_at":"2021-04-23T05:46:47Z","updated_at":"2022-03-06T17:16:04Z","is_done":true,"views_count":106537,"cotd":null,"cotd_at":null,"visible_on_explore_root":false,"visible_on_explore":false,"featured":false,"published":true,"published_at":"2021-04-23T05:46:47Z","reversed":false,"from_editor_v2":true,"is_editable":true,"original_sound":true,"has_sound":true,"recoub_to":null,"file_versions":{"html5":{"video":{"higher":{"url":"https://coub-anubis-a.akamaized.net/coub_storage/coub/simple/cw_file/ff11d32878c/dab71e80d8c3a00bf1348/muted_mp4_huge_size_1619156813_muted_huge.mp4","size":1593701},"high":{"url":"https://coub-anubis-a.akamaized.net/coub_storage/coub/simple/cw_file/ff11d32878c/dab71e80d8c3a00bf1348/muted_mp4_big_size_1619156813_muted_big.mp4","size":1069673},"med":{"url":"https://coub-anubis-a.akamaized.net/coub_storage/coub/simple/cw_file/ff11d32878c/dab71e80d8c3a00bf1348/muted_mp4_med_size_1619156813_muted_med.mp4","size":349550}},"audio":{"high":{"url":"https://coub-anubis-a.akamaized.net/coub_storage/coub/simple/cw_looped_audio_high/43937e0d6d9/8b136c6fe761d9080c4be/1619156815_mp3-high.mp3","size":1056651},"med":{"url":"https://coub-anubis-a.akamaized.net/coub_storage/coub/simple/cw_looped_audio_med/30efecf0473/f9ff0b6aa26bcc82b4b7f/1619156814_mp3-med.mp3","size":916464},"sample_duration":6.409}},"mobile":{"video":"https://coub-anubis-a.akamaized.net/coub_storage/coub/simple/cw_file/ff11d32878c/dab71e80d8c3a00bf1348/muted_mp4_med_size_1619156813_muted_med.mp4","audio":["https://coub-anubis-a.akamaized.net/coub_storage/coub/simple/cw_looped_audio_med/30efecf0473/f9ff0b6aa26bcc82b4b7f/1619156814_mp3-med.mp3"]},"share":{"default":"https://coub-anubis-a.akamaized.net/coub_storage/coub/simple/cw_video_for_sharing/d6f295e1099/03930aae259cd69ac9021/1619156836_looped_1619156835.mp4"}},"audio_versions":{},"image_versions":{"template":"https://coub-anubis-a.akamaized.net/coub_storage/coub/simple/cw_image/36e235b412e/045109902be2d3d1b5b4a/%{version}_1619156819_00021.jpg","versions":["micro","tiny","age_restricted","ios_large","ios_mosaic","big","med","small","pinterest"]},"first_frame_versions":{"template":"https://coub-anubis-a.akamaized.net/coub_storage/coub/simple/cw_timeline_pic/84790c0577d/906cc3163545aa8be1742/%{version}_1619156818_image.jpg","versions":["big","med","small","ios_large"]},"dimensions":{"big":[1280,720],"med":[640,360]},"site_w_h":[640,360],"page_w_h":[640,360],"site_w_h_small":[310,174],"size":[1280,720],"age_restricted":false,"age_restricted_by_admin":false,"not_safe_for_work":false,"allow_reuse":false,"dont_crop":true,"banned":false,"global_safe":true,"audio_file_url":null,"external_download":{"type":"Youtube","service_name":"YouTube","url":"https://www.youtube.com/watch?v=xFWNdcUOGX8","has_embed":true},"application":null,"channel":{"id":11191358,"permalink":"undefined-isotope","title":"isotope","description":"𝖌𝕝𝒾,c̶̳͚̈́͌̿͋̔ͅ𝖍 ρ𝖗𝕚n̶͓͉̣͉͚̂̏͐ƈᵉ𝖘ร | #coub_vault | reddit.com/r/coubvault","followers_count":287,"following_count":3,"avatar_versions":{"template":"https://coub-anubis-a.akamaized.net/coub_storage/channel/cw_avatar/014c81f1d2e/184f203c8feb7fa94f95a/%{version}_1643197467_22.png","versions":["medium","medium_2x","profile_pic","profile_pic_new","profile_pic_new_2x","tiny","tiny_2x","small","small_2x","ios_large","ios_small"]}},"file":null,"picture":"https://coub-anubis-a.akamaized.net/coub_storage/coub/simple/cw_image/36e235b412e/045109902be2d3d1b5b4a/med_1619156819_00021.jpg","timeline_picture":"https://coub-anubis-a.akamaized.net/coub_storage/coub/simple/cw_timeline_pic/84790c0577d/906cc3163545aa8be1742/ios_large_1619156818_image.jpg","small_picture":"https://coub-anubis-a.akamaized.net/coub_storage/coub/simple/cw_image/36e235b412e/045109902be2d3d1b5b4a/ios_mosaic_1619156819_00021.jpg","sharing_picture":null,"percent_done":100,"tags":[{"id":6303097,"title":"iso: youtube","value":"iso:%20youtube"},{"id":174,"title":"funny","value":"funny"},{"id":394425,"title":"you raise me up","value":"you%20raise%20me%20up"}],"categories":[{"id":12,"title":"Sports","permalink":"sports","subscriptions_count":10053925,"big_image_url":"https://coub-anubis-a.akamaized.net/coub_storage/category/cw_image/f582005153c/999b059f60e79e58836fc/big_1544760276_sport2.png","small_image_url":"https://coub-anubis-a.akamaized.net/coub_storage/category/cw_image/f582005153c/999b059f60e79e58836fc/small_1544760276_sport2.png","med_image_url":"https://coub-anubis-a.akamaized.net/coub_storage/category/cw_image/f582005153c/999b059f60e79e58836fc/med_1544760276_sport2.png","visible":true}],"communities":[{"id":12,"title":"Sports","permalink":"sports","subscriptions_count":10053925,"big_image_url":"https://coub-anubis-a.akamaized.net/coub_storage/category/cw_image/f582005153c/999b059f60e79e58836fc/big_1544760276_sport2.png","small_image_url":"https://coub-anubis-a.akamaized.net/coub_storage/category/cw_image/f582005153c/999b059f60e79e58836fc/small_1544760276_sport2.png","med_image_url":"https://coub-anubis-a.akamaized.net/coub_storage/category/cw_image/f582005153c/999b059f60e79e58836fc/med_1544760276_sport2.png","i_subscribed":true,"community_notifications_enabled":null,"description":null}],"recoubs_count":246,"remixes_count":0,"likes_count":1473,"dislikes_count":0,"raw_video_id":16378052,"uploaded_by_ios_app":false,"uploaded_by_android_app":false,"media_blocks":{"uploaded_raw_videos":[],"external_raw_videos":[{"id":38706553,"title":"You Raise Meme Up","url":"https://www.youtube.com/watch?v=xFWNdcUOGX8","image":"https://coub-anubis-a.akamaized.net/coub_storage/media_block/cw_image/ae9104d6297/a9d7ecf2b8533eea4c0f9/video_1619156611_1yzk5qc_1619156601_1619156600_1mi717t_att-url-download.webp","image_retina":"https://coub-anubis-a.akamaized.net/coub_storage/media_block/cw_image/ae9104d6297/a9d7ecf2b8533eea4c0f9/video_retina_1619156611_1yzk5qc_1619156601_1619156600_1mi717t_att-url-download.webp","meta":{"service":"Youtube","duration":"6.52"},"duration":6.52,"raw_video_id":16378052,"has_embed":true}],"remixed_from_coubs":[],"external_video":{"id":38706553,"title":"You Raise Meme Up","url":"https://www.youtube.com/watch?v=xFWNdcUOGX8","image":"https://coub-anubis-a.akamaized.net/coub_storage/media_block/cw_image/ae9104d6297/a9d7ecf2b8533eea4c0f9/video_1619156611_1yzk5qc_1619156601_1619156600_1mi717t_att-url-download.webp","image_retina":"https://coub-anubis-a.akamaized.net/coub_storage/media_block/cw_image/ae9104d6297/a9d7ecf2b8533eea4c0f9/video_retina_1619156611_1yzk5qc_1619156601_1619156600_1mi717t_att-url-download.webp","meta":{"service":"Youtube","duration":"6.52"},"duration":6.52,"raw_video_id":16378052,"has_embed":true}},"raw_video_thumbnail_url":"https://coub-anubis-a.akamaized.net/coub_storage/raw_video/cw_image/6b57310abdb/bc8274e578763d39fc24b/coub_media_1619156601_1619156600_1mi717t_att-url-download.webp","raw_video_title":"You Raise Meme Up","video_block_banned":false,"duration":6.4,"promo_winner":false,"promo_winner_recoubers":null,"editorial_info":{},"promo_hint":null,"beeline_best_2014":null,"from_web_editor":true,"normalize_sound":true,"normalize_change_allowed":true,"best2015_addable":false,"ahmad_promo":null,"promo_data":null,"audio_copyright_claim":null,"ads_disabled":false,"is_safe_for_ads":true,"feed_source":"community","megafon_contents":[],"position_on_page":3},{"flag":null,"abuses":null,"recoubs_by_users_channels":null,"favourite":false,"promoted_id":null,"recoub":null,"like":null,"dislike":null,"reaction":null,"in_my_best2015":false,"id":179529035,"type":"Coub::Simple","permalink":"2yjgew","title":"Cola Potato chips ","visibility_type":"public","original_visibility_type":"public","channel_id":65124,"created_at":"2021-12-03T21:26:39Z","updated_at":"2022-03-14T18:19:38Z","is_done":true,"views_count":204071,"cotd":null,"cotd_at":null,"visible_on_explore_root":false,"visible_on_explore":false,"featured":false,"published":true,"published_at":"2021-12-03T21:26:39Z","reversed":false,"from_editor_v2":true,"is_editable":true,"original_sound":true,"has_sound":true,"recoub_to":null,"file_versions":{"html5":{"video":{"higher":{"url":"https://coub-anubis-a.akamaized.net/coub_storage/coub/simple/cw_file/266c22ca9ef/30932d5cc40ec8e6e5697/muted_mp4_huge_size_1638567274_muted_huge.mp4","size":291619},"high":{"url":"https://coub-anubis-a.akamaized.net/coub_storage/coub/simple/cw_file/266c22ca9ef/30932d5cc40ec8e6e5697/muted_mp4_big_size_1638567274_muted_big.mp4","size":189580},"med":{"url":"https://coub-anubis-a.akamaized.net/coub_storage/coub/simple/cw_file/266c22ca9ef/30932d5cc40ec8e6e5697/muted_mp4_med_size_1638567274_muted_med.mp4","size":82947}},"audio":{"high":{"url":"https://coub-anubis-a.akamaized.net/coub_storage/coub/simple/cw_looped_audio_high/20c6485d9d9/5832aebceef4421a8a34e/1638567276_mp3-high.mp3","size":828732},"med":{"url":"https://coub-anubis-a.akamaized.net/coub_storage/coub/simple/cw_looped_audio_med/81cbd811cc7/76bfaef98491b142fa5ee/1638567275_mp3-med.mp3","size":803351},"sample_duration":10.077}},"mobile":{"video":"https://coub-anubis-a.akamaized.net/coub_storage/coub/simple/cw_file/266c22ca9ef/30932d5cc40ec8e6e5697/muted_mp4_med_size_1638567274_muted_med.mp4","audio":["https://coub-anubis-a.akamaized.net/coub_storage/coub/simple/cw_looped_audio_med/81cbd811cc7/76bfaef98491b142fa5ee/1638567275_mp3-med.mp3"]},"share":{"default":"https://coub-anubis-a.akamaized.net/coub_storage/coub/simple/cw_video_for_sharing/4eb84dd6de3/310492f9f149fb0a0a4fe/1638567295_looped_1638567295.mp4"}},"audio_versions":{},"image_versions":{"template":"https://coub-anubis-a.akamaized.net/coub_storage/coub/simple/cw_image/92e08b119f8/356da4101639f4a1f7885/%{version}_1638567279_00032.jpg","versions":["micro","tiny","age_restricted","ios_large","ios_mosaic","big","med","small","pinterest"]},"first_frame_versions":{"template":"https://coub-anubis-a.akamaized.net/coub_storage/coub/simple/cw_timeline_pic/6344d6ad80e/7cd41c0d5cd7735d1b659/%{version}_1638567279_image.jpg","versions":["big","med","small","ios_large"]},"dimensions":{"big":[538,960],"med":[268,480]},"site_w_h":[224,400],"page_w_h":[400,714],"site_w_h_small":[310,553],"size":[538,960],"age_restricted":false,"age_restricted_by_admin":false,"not_safe_for_work":false,"allow_reuse":false,"dont_crop":true,"banned":false,"global_safe":null,"audio_file_url":null,"external_download":false,"application":null,"channel":{"id":65124,"permalink":"spex0000","title":"spex","description":null,"followers_count":16,"following_count":8,"avatar_versions":{"template":"https://coub-anubis-a.akamaized.net/coub_storage/channel/cw_avatar/c9829e9d899/f3caa57b813a01067f66f/%{version}_1474483646_pdi5ab_att-url-download.jpg","versions":["medium","medium_2x","profile_pic","profile_pic_new","profile_pic_new_2x","tiny","tiny_2x","small","small_2x","ios_large","ios_small"]}},"file":null,"picture":"https://coub-anubis-a.akamaized.net/coub_storage/coub/simple/cw_image/92e08b119f8/356da4101639f4a1f7885/med_1638567279_00032.jpg","timeline_picture":"https://coub-anubis-a.akamaized.net/coub_storage/coub/simple/cw_timeline_pic/6344d6ad80e/7cd41c0d5cd7735d1b659/ios_large_1638567279_image.jpg","small_picture":"https://coub-anubis-a.akamaized.net/coub_storage/coub/simple/cw_image/92e08b119f8/356da4101639f4a1f7885/ios_mosaic_1638567279_00032.jpg","sharing_picture":null,"percent_done":100,"tags":[{"id":837285,"title":"puding","value":"puding"},{"id":1046,"title":"nyan","value":"nyan"},{"id":29887,"title":"няшка","value":"%D0%BD%D1%8F%D1%88%D0%BA%D0%B0"},{"id":74627,"title":"chips","value":"chips"},{"id":1598861,"title":"tiktok","value":"tiktok"},{"id":424,"title":"animation","value":"animation"},{"id":57816,"title":"cola","value":"cola"}],"categories":[{"id":14,"title":"Cartoons","permalink":"cartoons","subscriptions_count":10074341,"big_image_url":"https://coub-anubis-a.akamaized.net/coub_storage/category/cw_image/f8ede745da4/2e6c3a22d04db1a6a25e3/big_1544759035_cartoons2.png","small_image_url":"https://coub-anubis-a.akamaized.net/coub_storage/category/cw_image/f8ede745da4/2e6c3a22d04db1a6a25e3/small_1544759035_cartoons2.png","med_image_url":"https://coub-anubis-a.akamaized.net/coub_storage/category/cw_image/f8ede745da4/2e6c3a22d04db1a6a25e3/med_1544759035_cartoons2.png","visible":true}],"communities":[{"id":14,"title":"Cartoons","permalink":"cartoons","subscriptions_count":10074341,"big_image_url":"https://coub-anubis-a.akamaized.net/coub_storage/category/cw_image/f8ede745da4/2e6c3a22d04db1a6a25e3/big_1544759035_cartoons2.png","small_image_url":"https://coub-anubis-a.akamaized.net/coub_storage/category/cw_image/f8ede745da4/2e6c3a22d04db1a6a25e3/small_1544759035_cartoons2.png","med_image_url":"https://coub-anubis-a.akamaized.net/coub_storage/category/cw_image/f8ede745da4/2e6c3a22d04db1a6a25e3/med_1544759035_cartoons2.png","i_subscribed":true,"community_notifications_enabled":null,"description":null}],"recoubs_count":892,"remixes_count":1,"likes_count":4911,"dislikes_count":0,"raw_video_id":16967327,"uploaded_by_ios_app":false,"uploaded_by_android_app":false,"media_blocks":{"uploaded_raw_videos":[],"external_raw_videos":[],"remixed_from_coubs":[]},"raw_video_thumbnail_url":"https://coub-anubis-a.akamaized.net/coub_storage/raw_video/cw_image/0da74c83b6c/bfa41b5cdf54bd680f8ec/coub_media_1638565708_image.jpg","raw_video_title":"2021-11-24_02-37-02.MP4","video_block_banned":false,"duration":10.0,"promo_winner":false,"promo_winner_recoubers":null,"editorial_info":{},"promo_hint":null,"beeline_best_2014":null,"from_web_editor":true,"normalize_sound":true,"normalize_change_allowed":true,"best2015_addable":false,"ahmad_promo":null,"promo_data":null,"audio_copyright_claim":null,"ads_disabled":false,"is_safe_for_ads":true,"feed_source":"community","megafon_contents":[],"position_on_page":4},{"flag":null,"abuses":null,"recoubs_by_users_channels":null,"favourite":false,"promoted_id":null,"recoub":null,"like":null,"dislike":null,"reaction":null,"in_my_best2015":false,"id":177077843,"type":"Coub::Simple","permalink":"2x2x1r","title":"Shot by seeuxiaoroou","visibility_type":"public","original_visibility_type":"public","channel_id":5018666,"created_at":"2021-10-14T22:55:05Z","updated_at":"2022-03-15T12:41:25Z","is_done":true,"views_count":29876,"cotd":null,"cotd_at":null,"visible_on_explore_root":false,"visible_on_explore":false,"featured":false,"published":true,"published_at":"2021-10-14T22:55:05Z","reversed":false,"from_editor_v2":true,"is_editable":true,"original_sound":true,"has_sound":true,"recoub_to":null,"file_versions":{"html5":{"video":{"higher":{"url":"https://coub-anubis-a.akamaized.net/coub_storage/coub/simple/cw_file/546b8534efe/9766e778e9ff25d158000/muted_mp4_huge_size_1634252109_muted_huge.mp4","size":2124992},"high":{"url":"https://coub-anubis-a.akamaized.net/coub_storage/coub/simple/cw_file/546b8534efe/9766e778e9ff25d158000/muted_mp4_big_size_1634252109_muted_big.mp4","size":1335395},"med":{"url":"https://coub-anubis-a.akamaized.net/coub_storage/coub/simple/cw_file/546b8534efe/9766e778e9ff25d158000/muted_mp4_med_size_1634252109_muted_med.mp4","size":450595}},"audio":{"high":{"url":"https://coub-anubis-a.akamaized.net/coub_storage/coub/simple/cw_looped_audio_high/3b6093dacd9/1c937780b4ab638f0543a/1634252112_mp3-high.mp3","size":1305800},"med":{"url":"https://coub-anubis-a.akamaized.net/coub_storage/coub/simple/cw_looped_audio_med/7157083064c/2e727e29a2597a6cde604/1634252111_mp3-med.mp3","size":938520},"sample_duration":6.618}},"mobile":{"video":"https://coub-anubis-a.akamaized.net/coub_storage/coub/simple/cw_file/546b8534efe/9766e778e9ff25d158000/muted_mp4_med_size_1634252109_muted_med.mp4","audio":["https://coub-anubis-a.akamaized.net/coub_storage/coub/simple/cw_looped_audio_med/7157083064c/2e727e29a2597a6cde604/1634252111_mp3-med.mp3"]},"share":{"default":"https://coub-anubis-a.akamaized.net/coub_storage/coub/simple/cw_video_for_sharing/7e0ba729acf/22262cc884d20348f178b/1634252132_looped_1634252132.mp4"}},"audio_versions":{},"image_versions":{"template":"https://coub-anubis-a.akamaized.net/coub_storage/coub/simple/cw_image/dcaf78548f6/2f30b2dd679038f10db72/%{version}_1634252115_00021.jpg","versions":["micro","tiny","age_restricted","ios_large","ios_mosaic","big","med","small","pinterest"]},"first_frame_versions":{"template":"https://coub-anubis-a.akamaized.net/coub_storage/coub/simple/cw_timeline_pic/c31dd978a6c/1ddfb318b4c7d42a23868/%{version}_1634252115_image.jpg","versions":["big","med","small","ios_large"]},"dimensions":{"big":[768,960],"med":[384,480]},"site_w_h":[320,400],"page_w_h":[400,500],"site_w_h_small":[310,388],"size":[768,960],"age_restricted":false,"age_restricted_by_admin":false,"not_safe_for_work":false,"allow_reuse":false,"dont_crop":true,"banned":false,"global_safe":null,"audio_file_url":null,"external_download":{"type":"Instagram","service_name":"Instagram","url":"https://www.instagram.com/p/CVAZHm2hXaG/?utm_medium=copy_link","has_embed":false},"application":null,"channel":{"id":5018666,"permalink":"kpallltect","title":"KpalllTecT","description":null,"followers_count":122,"following_count":11,"avatar_versions":{"template":"https://coub-anubis-a.akamaized.net/coub_storage/channel/cw_avatar/90810fac1cf/586390c96745e3e62174c/%{version}_1607420735_1j1t8jb_1543595568_v1wnbf_102910567322934594332.jpg","versions":["medium","medium_2x","profile_pic","profile_pic_new","profile_pic_new_2x","tiny","tiny_2x","small","small_2x","ios_large","ios_small"]}},"file":null,"picture":"https://coub-anubis-a.akamaized.net/coub_storage/coub/simple/cw_image/dcaf78548f6/2f30b2dd679038f10db72/med_1634252115_00021.jpg","timeline_picture":"https://coub-anubis-a.akamaized.net/coub_storage/coub/simple/cw_timeline_pic/c31dd978a6c/1ddfb318b4c7d42a23868/ios_large_1634252115_image.jpg","small_picture":"https://coub-anubis-a.akamaized.net/coub_storage/coub/simple/cw_image/dcaf78548f6/2f30b2dd679038f10db72/ios_mosaic_1634252115_00021.jpg","sharing_picture":null,"percent_done":100,"tags":[{"id":6529969,"title":"seeuxiaoroou","value":"seeuxiaoroou"}],"categories":[{"id":16,"title":"Fashion & Beauty","permalink":"fashion","subscriptions_count":10051816,"big_image_url":"https://coub-anubis-a.akamaized.net/coub_storage/category/cw_image/503df3602c0/3bb25ae4face4a7c9a6f8/big_1544654169_Fashion.png","small_image_url":"https://coub-anubis-a.akamaized.net/coub_storage/category/cw_image/503df3602c0/3bb25ae4face4a7c9a6f8/small_1544654169_Fashion.png","med_image_url":"https://coub-anubis-a.akamaized.net/coub_storage/category/cw_image/503df3602c0/3bb25ae4face4a7c9a6f8/med_1544654169_Fashion.png","visible":true}],"communities":[{"id":16,"title":"Fashion & Beauty","permalink":"fashion","subscriptions_count":10051816,"big_image_url":"https://coub-anubis-a.akamaized.net/coub_storage/category/cw_image/503df3602c0/3bb25ae4face4a7c9a6f8/big_1544654169_Fashion.png","small_image_url":"https://coub-anubis-a.akamaized.net/coub_storage/category/cw_image/503df3602c0/3bb25ae4face4a7c9a6f8/small_1544654169_Fashion.png","med_image_url":"https://coub-anubis-a.akamaized.net/coub_storage/category/cw_image/503df3602c0/3bb25ae4face4a7c9a6f8/med_1544654169_Fashion.png","i_subscribed":true,"community_notifications_enabled":null,"description":null}],"recoubs_count":52,"remixes_count":0,"likes_count":273,"dislikes_count":0,"raw_video_id":16845631,"uploaded_by_ios_app":true,"uploaded_by_android_app":false,"media_blocks":{"uploaded_raw_videos":[],"external_raw_videos":[{"id":39850904,"title":"Shot by seeuxiaoroou","url":"http://instagram.com/p/CVAZHm2hXaG/","image":"https://coub-anubis-a.akamaized.net/coub_storage/media_block/cw_image/42948ff8190/2d7753a01ce0e1b9c567d/video_1634252034_9fzce3_1634252028_image.jpg","image_retina":"https://coub-anubis-a.akamaized.net/coub_storage/media_block/cw_image/42948ff8190/2d7753a01ce0e1b9c567d/video_retina_1634252034_9fzce3_1634252028_image.jpg","meta":{"service":"Instagram","duration":"6.6"},"duration":6.6,"raw_video_id":16845631,"has_embed":false}],"remixed_from_coubs":[],"external_video":{"id":39850904,"title":"Shot by seeuxiaoroou","url":"http://instagram.com/p/CVAZHm2hXaG/","image":"https://coub-anubis-a.akamaized.net/coub_storage/media_block/cw_image/42948ff8190/2d7753a01ce0e1b9c567d/video_1634252034_9fzce3_1634252028_image.jpg","image_retina":"https://coub-anubis-a.akamaized.net/coub_storage/media_block/cw_image/42948ff8190/2d7753a01ce0e1b9c567d/video_retina_1634252034_9fzce3_1634252028_image.jpg","meta":{"service":"Instagram","duration":"6.6"},"duration":6.6,"raw_video_id":16845631,"has_embed":false}},"raw_video_thumbnail_url":"https://coub-anubis-a.akamaized.net/coub_storage/raw_video/cw_image/1a1b45c9c78/f29713518b8d462d90ccd/coub_media_1634252028_1634252028_image.jpg","raw_video_title":"Shot by seeuxiaoroou","video_block_banned":false,"duration":6.6,"promo_winner":false,"promo_winner_recoubers":null,"editorial_info":{},"promo_hint":null,"beeline_best_2014":null,"from_web_editor":false,"normalize_sound":true,"normalize_change_allowed":true,"best2015_addable":false,"ahmad_promo":null,"promo_data":null,"audio_copyright_claim":null,"ads_disabled":false,"is_safe_for_ads":true,"feed_source":"community","megafon_contents":[],"position_on_page":5},{"flag":null,"abuses":null,"recoubs_by_users_channels":null,"favourite":false,"promoted_id":null,"recoub":null,"like":null,"dislike":null,"reaction":null,"in_my_best2015":false,"id":175237082,"type":"Coub::Simple","permalink":"2vzgp7","title":"Kujou Sara ","visibility_type":"public","original_visibility_type":"public","channel_id":2917015,"created_at":"2021-09-09T20:29:50Z","updated_at":"2022-03-15T10:42:26Z","is_done":true,"views_count":77490,"cotd":null,"cotd_at":null,"visible_on_explore_root":false,"visible_on_explore":false,"featured":false,"published":true,"published_at":"2021-09-09T20:29:50Z","reversed":false,"from_editor_v2":true,"is_editable":true,"original_sound":true,"has_sound":true,"recoub_to":null,"file_versions":{"html5":{"video":{"higher":{"url":"https://coub-anubis-a.akamaized.net/coub_storage/coub/simple/cw_file/fd7b82a0b20/c09a2c72be64e2064d783/muted_mp4_huge_size_1631219409_muted_huge.mp4","size":2389139},"high":{"url":"https://coub-anubis-a.akamaized.net/coub_storage/coub/simple/cw_file/fd7b82a0b20/c09a2c72be64e2064d783/muted_mp4_big_size_1631219409_muted_big.mp4","size":1821156},"med":{"url":"https://coub-anubis-a.akamaized.net/coub_storage/coub/simple/cw_file/fd7b82a0b20/c09a2c72be64e2064d783/muted_mp4_med_size_1631219409_muted_med.mp4","size":558222}},"audio":{"high":{"url":"https://coub-anubis-a.akamaized.net/coub_storage/coub/simple/cw_looped_audio_high/2d160f63bd5/b46613dbbe24bae1aef45/1631219411_mp3-high.mp3","size":1058959},"med":{"url":"https://coub-anubis-a.akamaized.net/coub_storage/coub/simple/cw_looped_audio_med/4ab43c98fe3/18139d50996667a3bcff8/1631219410_mp3-med.mp3","size":799076},"sample_duration":10.008}},"mobile":{"video":"https://coub-anubis-a.akamaized.net/coub_storage/coub/simple/cw_file/fd7b82a0b20/c09a2c72be64e2064d783/muted_mp4_med_size_1631219409_muted_med.mp4","audio":["https://coub-anubis-a.akamaized.net/coub_storage/coub/simple/cw_looped_audio_med/4ab43c98fe3/18139d50996667a3bcff8/1631219410_mp3-med.mp3"]},"share":{"default":"https://coub-anubis-a.akamaized.net/coub_storage/coub/simple/cw_video_for_sharing/33f8f2bff10/d4d5ad62c98b15eb60f4f/1631219445_looped_1631219444.mp4"}},"audio_versions":{},"image_versions":{"template":"https://coub-anubis-a.akamaized.net/coub_storage/coub/simple/cw_image/6ead4c6f858/df632debc8f11f67e583d/%{version}_1631219418_00032.jpg","versions":["micro","tiny","age_restricted","ios_large","ios_mosaic","big","med","small","pinterest"]},"first_frame_versions":{"template":"https://coub-anubis-a.akamaized.net/coub_storage/coub/simple/cw_timeline_pic/1229d9570e8/1709b1138381a168de031/%{version}_1631219417_image.jpg","versions":["big","med","small","ios_large"]},"dimensions":{"big":[1280,720],"med":[640,360]},"site_w_h":[640,360],"page_w_h":[640,360],"site_w_h_small":[310,174],"size":[1280,720],"age_restricted":false,"age_restricted_by_admin":false,"not_safe_for_work":null,"allow_reuse":false,"dont_crop":true,"banned":false,"global_safe":null,"audio_file_url":null,"external_download":{"type":"Youtube","service_name":"YouTube","url":"https://www.youtube.com/watch?v=dV738iDskms","has_embed":true},"application":null,"channel":{"id":2917015,"permalink":"executor9","title":"Executor","description":null,"followers_count":13,"following_count":7,"avatar_versions":{"template":"https://coub-anubis-a.akamaized.net/coub_storage/channel/cw_avatar/bdff55c77d3/f9c0195e055fefefbce6c/%{version}_1607429877_zec3cc_1550956224_art-raku-aohane-paren.jpg","versions":["medium","medium_2x","profile_pic","profile_pic_new","profile_pic_new_2x","tiny","tiny_2x","small","small_2x","ios_large","ios_small"]}},"file":null,"picture":"https://coub-anubis-a.akamaized.net/coub_storage/coub/simple/cw_image/6ead4c6f858/df632debc8f11f67e583d/med_1631219418_00032.jpg","timeline_picture":"https://coub-anubis-a.akamaized.net/coub_storage/coub/simple/cw_timeline_pic/1229d9570e8/1709b1138381a168de031/ios_large_1631219417_image.jpg","small_picture":"https://coub-anubis-a.akamaized.net/coub_storage/coub/simple/cw_image/6ead4c6f858/df632debc8f11f67e583d/ios_mosaic_1631219418_00032.jpg","sharing_picture":null,"percent_done":100,"tags":[{"id":5271850,"title":"genshin impact","value":"genshin%20impact"},{"id":155611,"title":"sara","value":"sara"}],"categories":[{"id":17,"title":"Gaming","permalink":"gaming","subscriptions_count":10081770,"big_image_url":"https://coub-anubis-a.akamaized.net/coub_storage/category/cw_image/49fb773a80c/efee899b14f85527ed209/big_1544749693_gaming2.png","small_image_url":"https://coub-anubis-a.akamaized.net/coub_storage/category/cw_image/49fb773a80c/efee899b14f85527ed209/small_1544749693_gaming2.png","med_image_url":"https://coub-anubis-a.akamaized.net/coub_storage/category/cw_image/49fb773a80c/efee899b14f85527ed209/med_1544749693_gaming2.png","visible":true}],"communities":[{"id":17,"title":"Gaming","permalink":"gaming","subscriptions_count":10081770,"big_image_url":"https://coub-anubis-a.akamaized.net/coub_storage/category/cw_image/49fb773a80c/efee899b14f85527ed209/big_1544749693_gaming2.png","small_image_url":"https://coub-anubis-a.akamaized.net/coub_storage/category/cw_image/49fb773a80c/efee899b14f85527ed209/small_1544749693_gaming2.png","med_image_url":"https://coub-anubis-a.akamaized.net/coub_storage/category/cw_image/49fb773a80c/efee899b14f85527ed209/med_1544749693_gaming2.png","i_subscribed":true,"community_notifications_enabled":null,"description":null}],"recoubs_count":227,"remixes_count":0,"likes_count":1093,"dislikes_count":0,"raw_video_id":16756008,"uploaded_by_ios_app":false,"uploaded_by_android_app":false,"media_blocks":{"uploaded_raw_videos":[],"external_raw_videos":[{"id":39635564,"title":"Kujou Sara Leaked Only Fans?! (Animation)","url":"https://www.youtube.com/watch?v=dV738iDskms","image":"https://coub-anubis-a.akamaized.net/coub_storage/media_block/cw_image/0fa9d4ecaae/474c25d71eac735c2af51/video_1631219120_1l19oy8_1631219099_1631219098_1r8lj46_att-url-download.jpg_sqp_-oaymwEcCNACELwBSFXyq4qpAw4IARUAAIhCGAFwAcABBg___rs_AOn4CLCiUuNwvnawKvn2nI1HbySIeGUJDQ","image_retina":"https://coub-anubis-a.akamaized.net/coub_storage/media_block/cw_image/0fa9d4ecaae/474c25d71eac735c2af51/video_retina_1631219120_1l19oy8_1631219099_1631219098_1r8lj46_att-url-download.jpg_sqp_-oaymwEcCNACELwBSFXyq4qpAw4IARUAAIhCGAFwAcABBg___rs_AOn4CLCiUuNwvnawKvn2nI1HbySIeGUJDQ","meta":{"service":"Youtube","duration":"33.64"},"duration":33.64,"raw_video_id":16756008,"has_embed":true}],"remixed_from_coubs":[],"external_video":{"id":39635564,"title":"Kujou Sara Leaked Only Fans?! (Animation)","url":"https://www.youtube.com/watch?v=dV738iDskms","image":"https://coub-anubis-a.akamaized.net/coub_storage/media_block/cw_image/0fa9d4ecaae/474c25d71eac735c2af51/video_1631219120_1l19oy8_1631219099_1631219098_1r8lj46_att-url-download.jpg_sqp_-oaymwEcCNACELwBSFXyq4qpAw4IARUAAIhCGAFwAcABBg___rs_AOn4CLCiUuNwvnawKvn2nI1HbySIeGUJDQ","image_retina":"https://coub-anubis-a.akamaized.net/coub_storage/media_block/cw_image/0fa9d4ecaae/474c25d71eac735c2af51/video_retina_1631219120_1l19oy8_1631219099_1631219098_1r8lj46_att-url-download.jpg_sqp_-oaymwEcCNACELwBSFXyq4qpAw4IARUAAIhCGAFwAcABBg___rs_AOn4CLCiUuNwvnawKvn2nI1HbySIeGUJDQ","meta":{"service":"Youtube","duration":"33.64"},"duration":33.64,"raw_video_id":16756008,"has_embed":true}},"raw_video_thumbnail_url":"https://coub-anubis-a.akamaized.net/coub_storage/raw_video/cw_image/784bde2db8a/c6a6fadb1fbd8f3960ae5/coub_media_1631219099_1631219098_1r8lj46_att-url-download.jpg_sqp_-oaymwEcCNACELwBSFXyq4qpAw4IARUAAIhCGAFwAcABBg___rs_AOn4CLCiUuNwvnawKvn2nI1HbySIeGUJDQ","raw_video_title":"Kujou Sara Leaked Only Fans?! (Animation)","video_block_banned":false,"duration":10.0,"promo_winner":false,"promo_winner_recoubers":null,"editorial_info":{},"promo_hint":null,"beeline_best_2014":null,"from_web_editor":true,"normalize_sound":true,"normalize_change_allowed":true,"best2015_addable":false,"ahmad_promo":null,"promo_data":null,"audio_copyright_claim":null,"ads_disabled":null,"is_safe_for_ads":true,"feed_source":"community","megafon_contents":[],"position_on_page":6},{"flag":null,"abuses":null,"recoubs_by_users_channels":null,"favourite":false,"promoted_id":null,"recoub":null,"like":null,"dislike":null,"reaction":null,"in_my_best2015":false,"id":179386169,"type":"Coub::Simple","permalink":"2yge6c","title":"Глубокомысленно ","visibility_type":"public","original_visibility_type":"public","channel_id":4701023,"created_at":"2021-11-30T23:22:33Z","updated_at":"2022-03-15T19:30:09Z","is_done":true,"views_count":92220,"cotd":null,"cotd_at":null,"visible_on_explore_root":false,"visible_on_explore":false,"featured":false,"published":true,"published_at":"2021-11-30T23:22:33Z","reversed":false,"from_editor_v2":true,"is_editable":true,"original_sound":true,"has_sound":true,"recoub_to":null,"file_versions":{"html5":{"video":{"higher":{"url":"https://coub-anubis-a.akamaized.net/coub_storage/coub/simple/cw_file/03f228244c2/0a6828aac886d62f01bb5/muted_mp4_huge_size_1638314649_muted_huge.mp4","size":750667},"high":{"url":"https://coub-anubis-a.akamaized.net/coub_storage/coub/simple/cw_file/03f228244c2/0a6828aac886d62f01bb5/muted_mp4_big_size_1638314649_muted_big.mp4","size":488344},"med":{"url":"https://coub-anubis-a.akamaized.net/coub_storage/coub/simple/cw_file/03f228244c2/0a6828aac886d62f01bb5/muted_mp4_med_size_1638314649_muted_med.mp4","size":153652}},"audio":{"high":{"url":"https://coub-anubis-a.akamaized.net/coub_storage/coub/simple/cw_looped_audio_high/784fad73d81/31b8041b84809da21167c/1638314650_mp3-high.mp3","size":768436},"med":{"url":"https://coub-anubis-a.akamaized.net/coub_storage/coub/simple/cw_looped_audio_med/7785b5d958c/97ec5074858070621b629/1638314650_mp3-med.mp3","size":768426},"sample_duration":6.711}},"mobile":{"video":"https://coub-anubis-a.akamaized.net/coub_storage/coub/simple/cw_file/03f228244c2/0a6828aac886d62f01bb5/muted_mp4_med_size_1638314649_muted_med.mp4","audio":["https://coub-anubis-a.akamaized.net/coub_storage/coub/simple/cw_looped_audio_med/7785b5d958c/97ec5074858070621b629/1638314650_mp3-med.mp3"]},"share":{"default":"https://coub-anubis-a.akamaized.net/coub_storage/coub/simple/cw_video_for_sharing/de4ae76bd00/c88e2698cd610a08661bc/1638314668_looped_1638314668.mp4"}},"audio_versions":{},"image_versions":{"template":"https://coub-anubis-a.akamaized.net/coub_storage/coub/simple/cw_image/4880e5f86f9/722cf698f57b617846745/%{version}_1638314653_00021.jpg","versions":["micro","tiny","age_restricted","ios_large","ios_mosaic","big","med","small","pinterest"]},"first_frame_versions":{"template":"https://coub-anubis-a.akamaized.net/coub_storage/coub/simple/cw_timeline_pic/7ff31c69908/48f2639ed6381bdaa2fe5/%{version}_1638314653_image.jpg","versions":["big","med","small","ios_large"]},"dimensions":{"big":[1280,720],"med":[640,360]},"site_w_h":[640,360],"page_w_h":[640,360],"site_w_h_small":[310,174],"size":[1280,720],"age_restricted":false,"age_restricted_by_admin":false,"not_safe_for_work":false,"allow_reuse":false,"dont_crop":true,"banned":false,"global_safe":null,"audio_file_url":null,"external_download":{"type":"Youtube","service_name":"YouTube","url":"https://www.youtube.com/watch?v=3OgGi3IHkHY","has_embed":true},"application":null,"channel":{"id":4701023,"permalink":"prikolis5","title":"PrikoLis","description":"PrikoLisYouTobe","followers_count":181,"following_count":0,"avatar_versions":{"template":"https://coub-anubis-a.akamaized.net/coub_storage/channel/cw_avatar/610804dc3be/e22720ebb3181945311f7/%{version}_1607809943_6sz0sw_1605161018_untitled______.png","versions":["medium","medium_2x","profile_pic","profile_pic_new","profile_pic_new_2x","tiny","tiny_2x","small","small_2x","ios_large","ios_small"]}},"file":null,"picture":"https://coub-anubis-a.akamaized.net/coub_storage/coub/simple/cw_image/4880e5f86f9/722cf698f57b617846745/med_1638314653_00021.jpg","timeline_picture":"https://coub-anubis-a.akamaized.net/coub_storage/coub/simple/cw_timeline_pic/7ff31c69908/48f2639ed6381bdaa2fe5/ios_large_1638314653_image.jpg","small_picture":"https://coub-anubis-a.akamaized.net/coub_storage/coub/simple/cw_image/4880e5f86f9/722cf698f57b617846745/ios_mosaic_1638314653_00021.jpg","sharing_picture":null,"percent_done":100,"tags":[{"id":4480,"title":"приколы","value":"%D0%BF%D1%80%D0%B8%D0%BA%D0%BE%D0%BB%D1%8B"},{"id":12008,"title":"лучшие приколы","value":"%D0%BB%D1%83%D1%87%D1%88%D0%B8%D0%B5%20%D0%BF%D1%80%D0%B8%D0%BA%D0%BE%D0%BB%D1%8B"},{"id":6417351,"title":"приколы от приколиса","value":"%D0%BF%D1%80%D0%B8%D0%BA%D0%BE%D0%BB%D1%8B%20%D0%BE%D1%82%20%D0%BF%D1%80%D0%B8%D0%BA%D0%BE%D0%BB%D0%B8%D1%81%D0%B0"},{"id":1872860,"title":"топовые приколы","value":"%D1%82%D0%BE%D0%BF%D0%BE%D0%B2%D1%8B%D0%B5%20%D0%BF%D1%80%D0%B8%D0%BA%D0%BE%D0%BB%D1%8B"},{"id":1056462,"title":"dank memes","value":"dank%20memes"},{"id":24041,"title":"фейлы","value":"%D1%84%D0%B5%D0%B9%D0%BB%D1%8B"},{"id":15104,"title":"видео приколы","value":"%D0%B2%D0%B8%D0%B4%D0%B5%D0%BE%20%D0%BF%D1%80%D0%B8%D0%BA%D0%BE%D0%BB%D1%8B"},{"id":12002,"title":"новые приколы","value":"%D0%BD%D0%BE%D0%B2%D1%8B%D0%B5%20%D0%BF%D1%80%D0%B8%D0%BA%D0%BE%D0%BB%D1%8B"},{"id":4793758,"title":"приколы 2020","value":"%D0%BF%D1%80%D0%B8%D0%BA%D0%BE%D0%BB%D1%8B%202020"},{"id":146032,"title":"тест на психику","value":"%D1%82%D0%B5%D1%81%D1%82%20%D0%BD%D0%B0%20%D0%BF%D1%81%D0%B8%D1%85%D0%B8%D0%BA%D1%83"},{"id":212120,"title":"прикольчики","value":"%D0%BF%D1%80%D0%B8%D0%BA%D0%BE%D0%BB%D1%8C%D1%87%D0%B8%D0%BA%D0%B8"},{"id":5993798,"title":"prikolis","value":"prikolis"},{"id":6417352,"title":"приколис","value":"%D0%BF%D1%80%D0%B8%D0%BA%D0%BE%D0%BB%D0%B8%D1%81"},{"id":22887,"title":"мемы","value":"%D0%BC%D0%B5%D0%BC%D1%8B"},{"id":6249,"title":"мем","value":"%D0%BC%D0%B5%D0%BC"},{"id":2234,"title":"meme","value":"meme"},{"id":2235,"title":"memes","value":"memes"},{"id":169,"title":"fun","value":"fun"},{"id":174,"title":"funny","value":"funny"},{"id":4765725,"title":"unusualvideos","value":"unusualvideos"},{"id":4880472,"title":"unusual memes","value":"unusual%20memes"},{"id":15696,"title":"топ","value":"%D1%82%D0%BE%D0%BF"},{"id":143911,"title":"лучшее за неделю","value":"%D0%BB%D1%83%D1%87%D1%88%D0%B5%D0%B5%20%D0%B7%D0%B0%20%D0%BD%D0%B5%D0%B4%D0%B5%D0%BB%D1%8E"},{"id":1398468,"title":"russian memes","value":"russian%20memes"},{"id":1132969,"title":"просто приколы","value":"%D0%BF%D1%80%D0%BE%D1%81%D1%82%D0%BE%20%D0%BF%D1%80%D0%B8%D0%BA%D0%BE%D0%BB%D1%8B"}],"categories":[{"id":19,"title":"Movies & TV","permalink":"movies","subscriptions_count":10074971,"big_image_url":"https://coub-anubis-a.akamaized.net/coub_storage/category/cw_image/dda6b36d2fb/9ae8ba82060e5659de192/big_1544758441_movies2.png","small_image_url":"https://coub-anubis-a.akamaized.net/coub_storage/category/cw_image/dda6b36d2fb/9ae8ba82060e5659de192/small_1544758441_movies2.png","med_image_url":"https://coub-anubis-a.akamaized.net/coub_storage/category/cw_image/dda6b36d2fb/9ae8ba82060e5659de192/med_1544758441_movies2.png","visible":true}],"communities":[{"id":19,"title":"Movies & TV","permalink":"movies","subscriptions_count":10074971,"big_image_url":"https://coub-anubis-a.akamaized.net/coub_storage/category/cw_image/dda6b36d2fb/9ae8ba82060e5659de192/big_1544758441_movies2.png","small_image_url":"https://coub-anubis-a.akamaized.net/coub_storage/category/cw_image/dda6b36d2fb/9ae8ba82060e5659de192/small_1544758441_movies2.png","med_image_url":"https://coub-anubis-a.akamaized.net/coub_storage/category/cw_image/dda6b36d2fb/9ae8ba82060e5659de192/med_1544758441_movies2.png","i_subscribed":true,"community_notifications_enabled":null,"description":null}],"recoubs_count":343,"remixes_count":0,"likes_count":1786,"dislikes_count":0,"raw_video_id":16960519,"uploaded_by_ios_app":false,"uploaded_by_android_app":false,"media_blocks":{"uploaded_raw_videos":[],"external_raw_videos":[{"id":40478415,"title":"ПРОСТО ПРИКОЛЫ №20","url":"https://www.youtube.com/watch?v=3OgGi3IHkHY","image":"https://coub-anubis-a.akamaized.net/coub_storage/media_block/cw_image/79708243b3f/8fa421ed9cb7dd6a11cd6/video_1638311824_19l66rj_1638311693_1638311687_159n073_att-url-download.webp","image_retina":"https://coub-anubis-a.akamaized.net/coub_storage/media_block/cw_image/79708243b3f/8fa421ed9cb7dd6a11cd6/video_retina_1638311824_19l66rj_1638311693_1638311687_159n073_att-url-download.webp","meta":{"service":"Youtube","duration":"447.0"},"duration":447.0,"raw_video_id":16960519,"has_embed":true}],"remixed_from_coubs":[],"external_video":{"id":40478415,"title":"ПРОСТО ПРИКОЛЫ №20","url":"https://www.youtube.com/watch?v=3OgGi3IHkHY","image":"https://coub-anubis-a.akamaized.net/coub_storage/media_block/cw_image/79708243b3f/8fa421ed9cb7dd6a11cd6/video_1638311824_19l66rj_1638311693_1638311687_159n073_att-url-download.webp","image_retina":"https://coub-anubis-a.akamaized.net/coub_storage/media_block/cw_image/79708243b3f/8fa421ed9cb7dd6a11cd6/video_retina_1638311824_19l66rj_1638311693_1638311687_159n073_att-url-download.webp","meta":{"service":"Youtube","duration":"447.0"},"duration":447.0,"raw_video_id":16960519,"has_embed":true}},"raw_video_thumbnail_url":"https://coub-anubis-a.akamaized.net/coub_storage/raw_video/cw_image/a1fe43c2fbc/cc1a939f4792dbbdaeda8/coub_media_1638311693_1638311687_159n073_att-url-download.webp","raw_video_title":"ПРОСТО ПРИКОЛЫ №20","video_block_banned":false,"duration":6.68,"promo_winner":false,"promo_winner_recoubers":null,"editorial_info":{},"promo_hint":null,"beeline_best_2014":null,"from_web_editor":true,"normalize_sound":true,"normalize_change_allowed":true,"best2015_addable":false,"ahmad_promo":null,"promo_data":null,"audio_copyright_claim":null,"ads_disabled":false,"is_safe_for_ads":true,"feed_source":"community","megafon_contents":[],"position_on_page":7},{"flag":null,"abuses":null,"recoubs_by_users_channels":null,"favourite":false,"promoted_id":null,"recoub":null,"like":null,"dislike":null,"reaction":null,"in_my_best2015":false,"id":178800986,"type":"Coub::Simple","permalink":"2y3un5","title":"Spin ears ^ᵔᴥᵔ^","visibility_type":"public","original_visibility_type":"public","channel_id":85339,"created_at":"2021-11-18T20:43:53Z","updated_at":"2022-03-03T02:36:21Z","is_done":true,"views_count":45159,"cotd":null,"cotd_at":null,"visible_on_explore_root":false,"visible_on_explore":false,"featured":false,"published":true,"published_at":"2021-11-18T20:43:53Z","reversed":false,"from_editor_v2":true,"is_editable":true,"original_sound":false,"has_sound":false,"recoub_to":null,"file_versions":{"html5":{"video":{"higher":{"url":"https://coub-anubis-a.akamaized.net/coub_storage/coub/simple/cw_file/947aefbe204/824bb825ff873206f1613/muted_mp4_huge_size_1637268241_muted_huge.mp4","size":670987},"high":{"url":"https://coub-anubis-a.akamaized.net/coub_storage/coub/simple/cw_file/947aefbe204/824bb825ff873206f1613/muted_mp4_big_size_1637268241_muted_big.mp4","size":429239},"med":{"url":"https://coub-anubis-a.akamaized.net/coub_storage/coub/simple/cw_file/947aefbe204/824bb825ff873206f1613/muted_mp4_med_size_1637268241_muted_med.mp4","size":133977}},"audio":{"high":{"url":"https://coub-anubis-a.akamaized.net/coub_storage/coub/simple/cw_looped_audio_high/4bbc4054d9b/acfd12f14134faf44985b/1637268248_mp3-high.mp3","size":1265681},"med":{"url":"https://coub-anubis-a.akamaized.net/coub_storage/coub/simple/cw_looped_audio_med/7c2ea8ff4ba/4e0b3383231f2fb4de422/1637268247_mp3-med.mp3","size":933350}}},"mobile":{"video":"https://coub-anubis-a.akamaized.net/coub_storage/coub/simple/cw_file/947aefbe204/824bb825ff873206f1613/muted_mp4_med_size_1637268241_muted_med.mp4","audio":["https://coub-anubis-a.akamaized.net/coub_storage/coub/simple/cw_looped_audio_med/7c2ea8ff4ba/4e0b3383231f2fb4de422/1637268247_mp3-med.mp3"]},"share":{"default":"https://coub-anubis-a.akamaized.net/coub_storage/coub/simple/cw_video_for_sharing/f7f5b4af103/990cbe7e8df10e2c74112/1637268279_looped_1637268278.mp4"}},"audio_versions":{"template":"https://coub-anubis-a.akamaized.net/coub_storage/audio_track/cw_normalized_copy/d5905618c9d/9ccad73bb706dec65b3e5/mid_1637268242_normalized_1505153103_audio.mp3","versions":["mid","low"]},"image_versions":{"template":"https://coub-anubis-a.akamaized.net/coub_storage/coub/simple/cw_image/0ccd0701c12/ff159bfa5381f89b8d189/%{version}_1637268254_00016.jpg","versions":["micro","tiny","age_restricted","ios_large","ios_mosaic","big","med","small","pinterest"]},"first_frame_versions":{"template":"https://coub-anubis-a.akamaized.net/coub_storage/coub/simple/cw_timeline_pic/f97fb74acd7/571a15822a1e9199433e4/%{version}_1637268254_image.jpg","versions":["big","med","small","ios_large"]},"dimensions":{"big":[538,960],"med":[268,480]},"site_w_h":[224,400],"page_w_h":[400,714],"site_w_h_small":[310,553],"size":[538,960],"age_restricted":false,"age_restricted_by_admin":false,"not_safe_for_work":null,"allow_reuse":false,"dont_crop":true,"banned":false,"global_safe":null,"audio_file_url":"https://coub-anubis-a.akamaized.net/coub_storage/audio_track/cw_normalized_copy/d5905618c9d/9ccad73bb706dec65b3e5/low_1637268242_normalized_1505153103_audio.mp3","external_download":false,"application":null,"channel":{"id":85339,"permalink":"mr.somebody","title":"MarkII","description":null,"followers_count":1532,"following_count":182,"avatar_versions":{"template":"https://coub-anubis-a.akamaized.net/coub_storage/channel/cw_avatar/25e02887898/04554dc24d61a896beee4/%{version}_1634838666_3bca01bc-ece9-4943-80f8-23c87ce0ef63.jpg","versions":["medium","medium_2x","profile_pic","profile_pic_new","profile_pic_new_2x","tiny","tiny_2x","small","small_2x","ios_large","ios_small"]}},"file":null,"picture":"https://coub-anubis-a.akamaized.net/coub_storage/coub/simple/cw_image/0ccd0701c12/ff159bfa5381f89b8d189/med_1637268254_00016.jpg","timeline_picture":"https://coub-anubis-a.akamaized.net/coub_storage/coub/simple/cw_timeline_pic/f97fb74acd7/571a15822a1e9199433e4/ios_large_1637268254_image.jpg","small_picture":"https://coub-anubis-a.akamaized.net/coub_storage/coub/simple/cw_image/0ccd0701c12/ff159bfa5381f89b8d189/ios_mosaic_1637268254_00016.jpg","sharing_picture":null,"percent_done":100,"tags":[],"categories":[{"id":32,"title":"Animals & Pets","permalink":"animals-pets","subscriptions_count":10063949,"big_image_url":"https://coub-anubis-a.akamaized.net/coub_storage/category/cw_image/60432c0f1f4/5d35698dc76c52d5f9e63/big_1544749976_animals2.png","small_image_url":"https://coub-anubis-a.akamaized.net/coub_storage/category/cw_image/60432c0f1f4/5d35698dc76c52d5f9e63/small_1544749976_animals2.png","med_image_url":"https://coub-anubis-a.akamaized.net/coub_storage/category/cw_image/60432c0f1f4/5d35698dc76c52d5f9e63/med_1544749976_animals2.png","visible":true}],"communities":[{"id":32,"title":"Animals & Pets","permalink":"animals-pets","subscriptions_count":10063949,"big_image_url":"https://coub-anubis-a.akamaized.net/coub_storage/category/cw_image/60432c0f1f4/5d35698dc76c52d5f9e63/big_1544749976_animals2.png","small_image_url":"https://coub-anubis-a.akamaized.net/coub_storage/category/cw_image/60432c0f1f4/5d35698dc76c52d5f9e63/small_1544749976_animals2.png","med_image_url":"https://coub-anubis-a.akamaized.net/coub_storage/category/cw_image/60432c0f1f4/5d35698dc76c52d5f9e63/med_1544749976_animals2.png","i_subscribed":true,"community_notifications_enabled":null,"description":null}],"recoubs_count":83,"remixes_count":0,"likes_count":474,"dislikes_count":0,"raw_video_id":16931754,"uploaded_by_ios_app":false,"uploaded_by_android_app":false,"media_blocks":{"uploaded_raw_videos":[],"external_raw_videos":[],"remixed_from_coubs":[]},"raw_video_thumbnail_url":"https://coub-anubis-a.akamaized.net/coub_storage/raw_video/cw_image/2c84a08db41/63bc7185e72b28d31cc42/coub_media_1637267765_image.jpg","raw_video_title":"19_00_18_11______-___________________.mp4","video_block_banned":false,"duration":4.8,"promo_winner":false,"promo_winner_recoubers":null,"editorial_info":{},"promo_hint":null,"beeline_best_2014":null,"from_web_editor":true,"normalize_sound":true,"normalize_change_allowed":true,"best2015_addable":false,"ahmad_promo":null,"promo_data":null,"audio_copyright_claim":null,"ads_disabled":null,"is_safe_for_ads":true,"feed_source":"community","megafon_contents":[],"position_on_page":8},{"flag":null,"abuses":null,"recoubs_by_users_channels":null,"favourite":false,"promoted_id":null,"recoub":null,"like":null,"dislike":null,"reaction":null,"in_my_best2015":false,"id":179187657,"type":"Coub::Simple","permalink":"2yc503","title":"Universal Mind","visibility_type":"public","original_visibility_type":"public","channel_id":2864558,"created_at":"2021-11-26T20:41:07Z","updated_at":"2022-03-14T15:20:40Z","is_done":true,"views_count":121305,"cotd":null,"cotd_at":null,"visible_on_explore_root":false,"visible_on_explore":false,"featured":false,"published":true,"published_at":"2021-11-26T20:41:07Z","reversed":false,"from_editor_v2":true,"is_editable":true,"original_sound":false,"has_sound":false,"recoub_to":null,"file_versions":{"html5":{"video":{"higher":{"url":"https://coub-anubis-a.akamaized.net/coub_storage/coub/simple/cw_file/0e284a3faf8/e7523497e65210e08ce83/muted_mp4_huge_size_1637959270_muted_huge.mp4","size":645632},"high":{"url":"https://coub-anubis-a.akamaized.net/coub_storage/coub/simple/cw_file/0e284a3faf8/e7523497e65210e08ce83/muted_mp4_big_size_1637959270_muted_big.mp4","size":386823},"med":{"url":"https://coub-anubis-a.akamaized.net/coub_storage/coub/simple/cw_file/0e284a3faf8/e7523497e65210e08ce83/muted_mp4_med_size_1637959270_muted_med.mp4","size":164540}},"audio":{"high":{"url":"https://coub-anubis-a.akamaized.net/coub_storage/coub/simple/cw_looped_audio_high/a7a94fbdff7/e8b1a7bd4bba09df67066/1637959274_mp3-high.mp3","size":1281655},"med":{"url":"https://coub-anubis-a.akamaized.net/coub_storage/coub/simple/cw_looped_audio_med/ad161e70dcb/cd1607eb4b103d6457c86/1637959273_mp3-med.mp3","size":950760}}},"mobile":{"video":"https://coub-anubis-a.akamaized.net/coub_storage/coub/simple/cw_file/0e284a3faf8/e7523497e65210e08ce83/muted_mp4_med_size_1637959270_muted_med.mp4","audio":["https://coub-anubis-a.akamaized.net/coub_storage/coub/simple/cw_looped_audio_med/ad161e70dcb/cd1607eb4b103d6457c86/1637959273_mp3-med.mp3"]},"share":{"default":"https://coub-anubis-a.akamaized.net/coub_storage/coub/simple/cw_video_for_sharing/d7f981cfacf/903608bbc7c6ce087a8fc/1637959289_looped_1637959289.mp4"}},"audio_versions":{"template":"https://coub-anubis-a.akamaized.net/coub_storage/audio_track/cw_normalized_copy/fbf365ca93c/2f3fa8190d58de0350d1b/mid_1637959271_normalized_1637959270_1rgqbms_edited.mp3","versions":["mid","low"]},"image_versions":{"template":"https://coub-anubis-a.akamaized.net/coub_storage/coub/simple/cw_image/8d6b2b54f82/ffc5b60899be23e7c9313/%{version}_1637959276_00021.jpg","versions":["micro","tiny","age_restricted","ios_large","ios_mosaic","big","med","small","pinterest"]},"first_frame_versions":{"template":"https://coub-anubis-a.akamaized.net/coub_storage/coub/simple/cw_timeline_pic/91c6b514b9c/d859febdde258065b1706/%{version}_1637959276_image.jpg","versions":["big","med","small","ios_large"]},"dimensions":{"big":[1280,736],"med":[640,368]},"site_w_h":[640,368],"page_w_h":[640,368],"site_w_h_small":[310,178],"size":[1280,736],"age_restricted":false,"age_restricted_by_admin":false,"not_safe_for_work":null,"allow_reuse":false,"dont_crop":true,"banned":false,"global_safe":null,"audio_file_url":"https://coub-anubis-a.akamaized.net/coub_storage/audio_track/cw_normalized_copy/fbf365ca93c/2f3fa8190d58de0350d1b/low_1637959271_normalized_1637959270_1rgqbms_edited.mp3","external_download":false,"application":null,"channel":{"id":2864558,"permalink":"rendszerhib4","title":"Rendszerhib4","description":null,"followers_count":69,"following_count":28,"avatar_versions":{"template":"https://coub-anubis-a.akamaized.net/coub_storage/channel/cw_avatar/0405b35944f/06979506b7fae6565ecf9/%{version}_1609208018_cuxqgh_1550351642_Rendszerhib4_k_p.jpg","versions":["medium","medium_2x","profile_pic","profile_pic_new","profile_pic_new_2x","tiny","tiny_2x","small","small_2x","ios_large","ios_small"]}},"file":null,"picture":"https://coub-anubis-a.akamaized.net/coub_storage/coub/simple/cw_image/8d6b2b54f82/ffc5b60899be23e7c9313/med_1637959276_00021.jpg","timeline_picture":"https://coub-anubis-a.akamaized.net/coub_storage/coub/simple/cw_timeline_pic/91c6b514b9c/d859febdde258065b1706/ios_large_1637959276_image.jpg","small_picture":"https://coub-anubis-a.akamaized.net/coub_storage/coub/simple/cw_image/8d6b2b54f82/ffc5b60899be23e7c9313/ios_mosaic_1637959276_00021.jpg","sharing_picture":null,"percent_done":100,"tags":[{"id":443,"title":"fail","value":"fail"},{"id":3007,"title":"news","value":"news"},{"id":17601,"title":"comment","value":"comment"},{"id":69410,"title":"collapse","value":"collapse"},{"id":4893106,"title":"liquid tension experiment","value":"liquid%20tension%20experiment"},{"id":78403,"title":"sign language interpreter","value":"sign%20language%20interpreter"},{"id":2562724,"title":"universal mind","value":"universal%20mind"},{"id":15900,"title":"circus","value":"circus"},{"id":2069,"title":"microphone","value":"microphone"},{"id":113099,"title":"podium","value":"podium"},{"id":244276,"title":"orator","value":"orator"}],"categories":[{"id":35,"title":"News & Politics","permalink":"news","subscriptions_count":10051032,"big_image_url":"https://coub-anubis-a.akamaized.net/coub_storage/category/cw_image/6589193546b/5ea69fd70b7b36dec144f/big_1544622133_news.png","small_image_url":"https://coub-anubis-a.akamaized.net/coub_storage/category/cw_image/6589193546b/5ea69fd70b7b36dec144f/small_1544622133_news.png","med_image_url":"https://coub-anubis-a.akamaized.net/coub_storage/category/cw_image/6589193546b/5ea69fd70b7b36dec144f/med_1544622133_news.png","visible":true}],"communities":[{"id":35,"title":"News & Politics","permalink":"news","subscriptions_count":10051032,"big_image_url":"https://coub-anubis-a.akamaized.net/coub_storage/category/cw_image/6589193546b/5ea69fd70b7b36dec144f/big_1544622133_news.png","small_image_url":"https://coub-anubis-a.akamaized.net/coub_storage/category/cw_image/6589193546b/5ea69fd70b7b36dec144f/small_1544622133_news.png","med_image_url":"https://coub-anubis-a.akamaized.net/coub_storage/category/cw_image/6589193546b/5ea69fd70b7b36dec144f/med_1544622133_news.png","i_subscribed":true,"community_notifications_enabled":null,"description":null}],"recoubs_count":316,"remixes_count":0,"likes_count":1921,"dislikes_count":0,"raw_video_id":16950817,"uploaded_by_ios_app":false,"uploaded_by_android_app":false,"media_blocks":{"uploaded_raw_videos":[],"external_raw_videos":[],"remixed_from_coubs":[]},"raw_video_thumbnail_url":"https://coub-anubis-a.akamaized.net/coub_storage/raw_video/cw_image/d16f73c113f/eb19e882c1d0ba7595210/coub_media_1637957301_image.jpg","raw_video_title":"univ1637956973.mp4","video_block_banned":false,"duration":6.68,"promo_winner":false,"promo_winner_recoubers":null,"editorial_info":{},"promo_hint":null,"beeline_best_2014":null,"from_web_editor":true,"normalize_sound":true,"normalize_change_allowed":true,"best2015_addable":false,"ahmad_promo":null,"promo_data":null,"audio_copyright_claim":null,"ads_disabled":null,"is_safe_for_ads":true,"feed_source":"community","megafon_contents":[],"position_on_page":9},{"flag":null,"abuses":null,"recoubs_by_users_channels":null,"favourite":false,"promoted_id":null,"recoub":null,"like":null,"dislike":null,"reaction":null,"in_my_best2015":false,"id":175082616,"type":"Coub::Simple","permalink":"2vw5if","title":"О нет это же злой Paimon","visibility_type":"public","original_visibility_type":"public","channel_id":4489366,"created_at":"2021-09-06T21:47:02Z","updated_at":"2022-03-12T21:59:55Z","is_done":true,"views_count":79139,"cotd":null,"cotd_at":null,"visible_on_explore_root":false,"visible_on_explore":false,"featured":false,"published":true,"published_at":"2021-09-06T21:47:02Z","reversed":false,"from_editor_v2":true,"is_editable":true,"original_sound":true,"has_sound":true,"recoub_to":null,"file_versions":{"html5":{"video":{"higher":{"url":"https://coub-anubis-a.akamaized.net/coub_storage/coub/simple/cw_file/e0eb5594a61/8486904199d9f264fad3f/muted_mp4_huge_size_1630964829_muted_huge.mp4","size":1053089},"high":{"url":"https://coub-anubis-a.akamaized.net/coub_storage/coub/simple/cw_file/e0eb5594a61/8486904199d9f264fad3f/muted_mp4_big_size_1630964829_muted_big.mp4","size":701685},"med":{"url":"https://coub-anubis-a.akamaized.net/coub_storage/coub/simple/cw_file/e0eb5594a61/8486904199d9f264fad3f/muted_mp4_med_size_1630964829_muted_med.mp4","size":222818}},"audio":{"high":{"url":"https://coub-anubis-a.akamaized.net/coub_storage/coub/simple/cw_looped_audio_high/ae1d85e8b25/65e2dd105a8eed4a9b8a3/1630964831_mp3-high.mp3","size":1060201},"med":{"url":"https://coub-anubis-a.akamaized.net/coub_storage/coub/simple/cw_looped_audio_med/96ac62f9eed/7104d6dbe829a84afaa0c/1630964830_mp3-med.mp3","size":929441},"sample_duration":6.478}},"mobile":{"video":"https://coub-anubis-a.akamaized.net/coub_storage/coub/simple/cw_file/e0eb5594a61/8486904199d9f264fad3f/muted_mp4_med_size_1630964829_muted_med.mp4","audio":["https://coub-anubis-a.akamaized.net/coub_storage/coub/simple/cw_looped_audio_med/96ac62f9eed/7104d6dbe829a84afaa0c/1630964830_mp3-med.mp3"]},"share":{"default":"https://coub-anubis-a.akamaized.net/coub_storage/coub/simple/cw_video_for_sharing/821a56adea5/e725ced254eb4192b1a0b/1630964857_looped_1630964856.mp4"}},"audio_versions":{},"image_versions":{"template":"https://coub-anubis-a.akamaized.net/coub_storage/coub/simple/cw_image/7ba7cefdd62/78185c63184d38805fdcb/%{version}_1630964836_00021.jpg","versions":["micro","tiny","age_restricted","ios_large","ios_mosaic","big","med","small","pinterest"]},"first_frame_versions":{"template":"https://coub-anubis-a.akamaized.net/coub_storage/coub/simple/cw_timeline_pic/c444be0c5ea/670fc04774e840f553617/%{version}_1630964835_image.jpg","versions":["big","med","small","ios_large"]},"dimensions":{"big":[1280,720],"med":[640,360]},"site_w_h":[640,360],"page_w_h":[640,360],"site_w_h_small":[310,174],"size":[1280,720],"age_restricted":false,"age_restricted_by_admin":false,"not_safe_for_work":false,"allow_reuse":false,"dont_crop":true,"banned":false,"global_safe":null,"audio_file_url":null,"external_download":false,"application":null,"channel":{"id":4489366,"permalink":"bossing-quinn","title":"AnimeLords","description":"Подпишись братик и жди приколы","followers_count":85,"following_count":300,"avatar_versions":{"template":"https://coub-anubis-a.akamaized.net/coub_storage/channel/cw_avatar/a9a569f1267/4ee29dab7a17ed2b16577/%{version}_1607743806_1sahfep_1564526551_cropped.jpeg","versions":["medium","medium_2x","profile_pic","profile_pic_new","profile_pic_new_2x","tiny","tiny_2x","small","small_2x","ios_large","ios_small"]}},"file":null,"picture":"https://coub-anubis-a.akamaized.net/coub_storage/coub/simple/cw_image/7ba7cefdd62/78185c63184d38805fdcb/med_1630964836_00021.jpg","timeline_picture":"https://coub-anubis-a.akamaized.net/coub_storage/coub/simple/cw_timeline_pic/c444be0c5ea/670fc04774e840f553617/ios_large_1630964835_image.jpg","small_picture":"https://coub-anubis-a.akamaized.net/coub_storage/coub/simple/cw_image/7ba7cefdd62/78185c63184d38805fdcb/ios_mosaic_1630964836_00021.jpg","sharing_picture":null,"percent_done":100,"tags":[{"id":83246,"title":"резня","value":"%D1%80%D0%B5%D0%B7%D0%BD%D1%8F"},{"id":14668,"title":"mem","value":"mem"},{"id":165,"title":"anime","value":"anime"},{"id":2204662,"title":"paimon","value":"paimon"},{"id":5931274,"title":"геншин импакт","value":"%D0%B3%D0%B5%D0%BD%D1%88%D0%B8%D0%BD%20%D0%B8%D0%BC%D0%BF%D0%B0%D0%BA%D1%82"},{"id":9416,"title":"loli","value":"loli"},{"id":99457,"title":"флеш","value":"%D1%84%D0%BB%D0%B5%D1%88"},{"id":1645,"title":"back","value":"back"}],"categories":[{"id":36,"title":"Anime","permalink":"anime","subscriptions_count":10059375,"big_image_url":"https://coub-anubis-a.akamaized.net/coub_storage/category/cw_image/79d6e4a3e73/c0b7416c30391c998a2ac/big_1544750217_Anime2.png","small_image_url":"https://coub-anubis-a.akamaized.net/coub_storage/category/cw_image/79d6e4a3e73/c0b7416c30391c998a2ac/small_1544750217_Anime2.png","med_image_url":"https://coub-anubis-a.akamaized.net/coub_storage/category/cw_image/79d6e4a3e73/c0b7416c30391c998a2ac/med_1544750217_Anime2.png","visible":true}],"communities":[{"id":36,"title":"Anime","permalink":"anime","subscriptions_count":10059375,"big_image_url":"https://coub-anubis-a.akamaized.net/coub_storage/category/cw_image/79d6e4a3e73/c0b7416c30391c998a2ac/big_1544750217_Anime2.png","small_image_url":"https://coub-anubis-a.akamaized.net/coub_storage/category/cw_image/79d6e4a3e73/c0b7416c30391c998a2ac/small_1544750217_Anime2.png","med_image_url":"https://coub-anubis-a.akamaized.net/coub_storage/category/cw_image/79d6e4a3e73/c0b7416c30391c998a2ac/med_1544750217_Anime2.png","i_subscribed":true,"community_notifications_enabled":null,"description":null}],"recoubs_count":239,"remixes_count":0,"likes_count":1350,"dislikes_count":0,"raw_video_id":16749100,"uploaded_by_ios_app":false,"uploaded_by_android_app":false,"media_blocks":{"uploaded_raw_videos":[],"external_raw_videos":[],"remixed_from_coubs":[]},"raw_video_thumbnail_url":"https://coub-anubis-a.akamaized.net/coub_storage/raw_video/cw_image/8df571e67b1/8f5e131e1dfcf99d66d85/coub_media_1630964591_image.jpg","raw_video_title":"____________.mp4","video_block_banned":false,"duration":6.52,"promo_winner":false,"promo_winner_recoubers":null,"editorial_info":{},"promo_hint":null,"beeline_best_2014":null,"from_web_editor":true,"normalize_sound":true,"normalize_change_allowed":true,"best2015_addable":false,"ahmad_promo":null,"promo_data":null,"audio_copyright_claim":null,"ads_disabled":false,"is_safe_for_ads":true,"feed_source":"community","megafon_contents":[],"position_on_page":10}]}