{"page":223,"per_page":10,"total_pages":500,"coubs":[{"flag":null,"abuses":null,"recoubs_by_users_channels":null,"favourite":false,"promoted_id":null,"recoub":null,"like":null,"dislike":null,"reaction":null,"in_my_best2015":false,"id":161228238,"type":"Coub::Simple","permalink":"2nn7bk","title":"Д.Пучков - О зарплате, сникерсе и воспитании детей. (01:37)","visibility_type":"public","original_visibility_type":"public","channel_id":9957828,"created_at":"2021-01-06T13:13:35Z","updated_at":"2022-03-05T04:36:38Z","is_done":true,"views_count":117152,"cotd":null,"cotd_at":null,"visible_on_explore_root":false,"visible_on_explore":false,"featured":false,"published":true,"published_at":"2021-01-06T13:13:35Z","reversed":false,"from_editor_v2":true,"is_editable":true,"original_sound":false,"has_sound":false,"recoub_to":null,"file_versions":{"html5":{"video":{"higher":{"url":"https://coub-anubis-a.akamaized.net/coub_storage/coub/simple/cw_file/f9a91aeafd7/d571d4c70339801365671/muted_mp4_huge_size_1609938822_muted_huge.mp4","size":1389496},"high":{"url":"https://coub-anubis-a.akamaized.net/coub_storage/coub/simple/cw_file/f9a91aeafd7/d571d4c70339801365671/muted_mp4_big_size_1609938822_muted_big.mp4","size":949432},"med":{"url":"https://coub-anubis-a.akamaized.net/coub_storage/coub/simple/cw_file/f9a91aeafd7/d571d4c70339801365671/muted_mp4_med_size_1609938822_muted_med.mp4","size":226636}},"audio":{"high":{"url":"https://coub-anubis-a.akamaized.net/coub_storage/coub/simple/cw_looped_audio_high/461050aa1fa/fffcc6d0ad3538351467b/1609938837_mp3-high.mp3","size":1413024},"med":{"url":"https://coub-anubis-a.akamaized.net/coub_storage/coub/simple/cw_looped_audio_med/c74e7a2ae71/8f48badeffc3bfd06f1fd/1609938836_mp3-med.mp3","size":1382558}}},"mobile":{"video":"https://coub-anubis-a.akamaized.net/coub_storage/coub/simple/cw_file/f9a91aeafd7/d571d4c70339801365671/muted_mp4_med_size_1609938822_muted_med.mp4","audio":["https://coub-anubis-a.akamaized.net/coub_storage/coub/simple/cw_looped_audio_med/c74e7a2ae71/8f48badeffc3bfd06f1fd/1609938836_mp3-med.mp3"]},"share":{"default":"https://coub-anubis-a.akamaized.net/coub_storage/coub/simple/cw_video_for_sharing/4fde7bb2901/1f2cb2819b96ad76895e0/1609938859_looped_1609938858.mp4"}},"audio_versions":{"template":"https://coub-anubis-a.akamaized.net/coub_storage/audio_track/cw_normalized_copy/a09624da2f0/f9239486c7bb502f37d87/mid_1609938831_normalized_1609938824_ajb08b_edited.mp3","versions":["mid","low"]},"image_versions":{"template":"https://coub-anubis-a.akamaized.net/coub_storage/coub/simple/cw_image/0d04490889c/f5963c4cf5bdf0a9cf096/%{version}_1609938841_00032.jpg","versions":["micro","tiny","age_restricted","ios_large","ios_mosaic","big","med","small","pinterest"]},"first_frame_versions":{"template":"https://coub-anubis-a.akamaized.net/coub_storage/coub/simple/cw_timeline_pic/8cb99a1e359/0bcfa4345b125c9c1a971/%{version}_1609938840_image.jpg","versions":["big","med","small","ios_large"]},"dimensions":{"big":[1280,720],"med":[640,360]},"site_w_h":[640,360],"page_w_h":[640,360],"site_w_h_small":[310,174],"size":[1280,720],"age_restricted":false,"age_restricted_by_admin":false,"not_safe_for_work":false,"allow_reuse":false,"dont_crop":true,"banned":false,"global_safe":false,"audio_file_url":"https://coub-anubis-a.akamaized.net/coub_storage/audio_track/cw_normalized_copy/a09624da2f0/f9239486c7bb502f37d87/low_1609938831_normalized_1609938824_ajb08b_edited.mp3","external_download":false,"application":null,"channel":{"id":9957828,"permalink":"funny-petrovich","title":"Funny Petrovich","description":"Вот только давай вот без этих...","followers_count":104,"following_count":20,"avatar_versions":{"template":"https://coub-anubis-a.akamaized.net/coub_storage/channel/cw_avatar/bda2f85788a/e9d7a23452c2faef7c15e/%{version}_1607421049_ta2h3g_1594664602_cropped.jpeg","versions":["medium","medium_2x","profile_pic","profile_pic_new","profile_pic_new_2x","tiny","tiny_2x","small","small_2x","ios_large","ios_small"]}},"file":null,"picture":"https://coub-anubis-a.akamaized.net/coub_storage/coub/simple/cw_image/0d04490889c/f5963c4cf5bdf0a9cf096/med_1609938841_00032.jpg","timeline_picture":"https://coub-anubis-a.akamaized.net/coub_storage/coub/simple/cw_timeline_pic/8cb99a1e359/0bcfa4345b125c9c1a971/ios_large_1609938840_image.jpg","small_picture":"https://coub-anubis-a.akamaized.net/coub_storage/coub/simple/cw_image/0d04490889c/f5963c4cf5bdf0a9cf096/ios_mosaic_1609938841_00032.jpg","sharing_picture":null,"percent_done":100,"tags":[{"id":1473,"title":"гоблин","value":"%D0%B3%D0%BE%D0%B1%D0%BB%D0%B8%D0%BD"},{"id":97638,"title":"пучков","value":"%D0%BF%D1%83%D1%87%D0%BA%D0%BE%D0%B2"},{"id":102425,"title":"дмитрий пучков","value":"%D0%B4%D0%BC%D0%B8%D1%82%D1%80%D0%B8%D0%B9%20%D0%BF%D1%83%D1%87%D0%BA%D0%BE%D0%B2"},{"id":100129,"title":"зарплата","value":"%D0%B7%D0%B0%D1%80%D0%BF%D0%BB%D0%B0%D1%82%D0%B0"},{"id":6092598,"title":"зарплата в ссср","value":"%D0%B7%D0%B0%D1%80%D0%BF%D0%BB%D0%B0%D1%82%D0%B0%20%D0%B2%20%D1%81%D1%81%D1%81%D1%80"},{"id":45405,"title":"сникерс","value":"%D1%81%D0%BD%D0%B8%D0%BA%D0%B5%D1%80%D1%81"},{"id":6092599,"title":"кормить надо меня","value":"%D0%BA%D0%BE%D1%80%D0%BC%D0%B8%D1%82%D1%8C%20%D0%BD%D0%B0%D0%B4%D0%BE%20%D0%BC%D0%B5%D0%BD%D1%8F"},{"id":42201,"title":"воспитание","value":"%D0%B2%D0%BE%D1%81%D0%BF%D0%B8%D1%82%D0%B0%D0%BD%D0%B8%D0%B5"},{"id":6092600,"title":"здравые мысли","value":"%D0%B7%D0%B4%D1%80%D0%B0%D0%B2%D1%8B%D0%B5%20%D0%BC%D1%8B%D1%81%D0%BB%D0%B8"},{"id":6092601,"title":"адекватное мнение","value":"%D0%B0%D0%B4%D0%B5%D0%BA%D0%B2%D0%B0%D1%82%D0%BD%D0%BE%D0%B5%20%D0%BC%D0%BD%D0%B5%D0%BD%D0%B8%D0%B5"},{"id":142151,"title":"воспитание детей","value":"%D0%B2%D0%BE%D1%81%D0%BF%D0%B8%D1%82%D0%B0%D0%BD%D0%B8%D0%B5%20%D0%B4%D0%B5%D1%82%D0%B5%D0%B9"},{"id":96499,"title":"иерархия","value":"%D0%B8%D0%B5%D1%80%D0%B0%D1%80%D1%85%D0%B8%D1%8F"}],"categories":[{"id":35,"title":"News & Politics","permalink":"news","subscriptions_count":10054614,"big_image_url":"https://coub-anubis-a.akamaized.net/coub_storage/category/cw_image/6589193546b/5ea69fd70b7b36dec144f/big_1544622133_news.png","small_image_url":"https://coub-anubis-a.akamaized.net/coub_storage/category/cw_image/6589193546b/5ea69fd70b7b36dec144f/small_1544622133_news.png","med_image_url":"https://coub-anubis-a.akamaized.net/coub_storage/category/cw_image/6589193546b/5ea69fd70b7b36dec144f/med_1544622133_news.png","visible":true}],"communities":[{"id":35,"title":"News & Politics","permalink":"news","subscriptions_count":10054614,"big_image_url":"https://coub-anubis-a.akamaized.net/coub_storage/category/cw_image/6589193546b/5ea69fd70b7b36dec144f/big_1544622133_news.png","small_image_url":"https://coub-anubis-a.akamaized.net/coub_storage/category/cw_image/6589193546b/5ea69fd70b7b36dec144f/small_1544622133_news.png","med_image_url":"https://coub-anubis-a.akamaized.net/coub_storage/category/cw_image/6589193546b/5ea69fd70b7b36dec144f/med_1544622133_news.png","i_subscribed":true,"community_notifications_enabled":null,"description":null}],"recoubs_count":224,"remixes_count":0,"likes_count":1379,"dislikes_count":0,"raw_video_id":"","uploaded_by_ios_app":false,"uploaded_by_android_app":false,"media_blocks":{"uploaded_raw_videos":[],"external_raw_videos":[],"remixed_from_coubs":[]},"raw_video_thumbnail_url":"","raw_video_title":"","video_block_banned":false,"duration":10.0,"promo_winner":false,"promo_winner_recoubers":null,"editorial_info":{},"promo_hint":null,"beeline_best_2014":null,"from_web_editor":true,"normalize_sound":true,"normalize_change_allowed":true,"best2015_addable":false,"ahmad_promo":null,"promo_data":null,"audio_copyright_claim":null,"ads_disabled":false,"is_safe_for_ads":true,"megafon_contents":[],"position_on_page":1},{"flag":null,"abuses":null,"recoubs_by_users_channels":null,"favourite":false,"promoted_id":null,"recoub":null,"like":null,"dislike":null,"reaction":null,"in_my_best2015":false,"id":152347103,"type":"Coub::Simple","permalink":"2icuj0","title":"40 лет здесь живу  ","visibility_type":"public","original_visibility_type":"public","channel_id":1097546,"created_at":"2020-08-23T09:41:23Z","updated_at":"2022-03-08T12:43:30Z","is_done":true,"views_count":96708,"cotd":null,"cotd_at":null,"visible_on_explore_root":false,"visible_on_explore":false,"featured":false,"published":true,"published_at":"2020-08-23T09:41:23Z","reversed":false,"from_editor_v2":true,"is_editable":true,"original_sound":true,"has_sound":true,"recoub_to":null,"file_versions":{"html5":{"video":{"higher":{"url":"https://coub-anubis-a.akamaized.net/coub_storage/coub/simple/cw_file/6a80d5db917/351a4be2804811b382ade/muted_mp4_huge_size_1598175826_muted_huge.mp4","size":2112589},"high":{"url":"https://coub-anubis-a.akamaized.net/coub_storage/coub/simple/cw_file/6a80d5db917/351a4be2804811b382ade/muted_mp4_big_size_1598175826_muted_big.mp4","size":1400583},"med":{"url":"https://coub-anubis-a.akamaized.net/coub_storage/coub/simple/cw_file/6a80d5db917/351a4be2804811b382ade/muted_mp4_med_size_1598175826_muted_med.mp4","size":384298}},"audio":{"high":{"url":"https://coub-anubis-a.akamaized.net/coub_storage/coub/simple/cw_looped_audio_high/df571099b97/25715b039130e41af4d95/1607277259_high_1598175826_high.mp3","size":978798},"med":{"url":"https://coub-anubis-a.akamaized.net/coub_storage/coub/simple/cw_looped_audio_med/e394e7d041b/c6802cf8365d24c9f1879/1607277258_med_1598175826_med.mp3","size":798972},"sample_duration":10.008}},"mobile":{"video":"https://coub-anubis-a.akamaized.net/coub_storage/coub/simple/cw_file/6a80d5db917/351a4be2804811b382ade/muted_mp4_med_size_1598175826_muted_med.mp4","audio":["https://coub-anubis-a.akamaized.net/coub_storage/coub/simple/cw_looped_audio_med/e394e7d041b/c6802cf8365d24c9f1879/1607277258_med_1598175826_med.mp3"]},"share":{"default":"https://coub-anubis-a.akamaized.net/coub_storage/coub/simple/cw_video_for_sharing/976e59e41f4/8fcead0baa7cd0d6ecfb1/1617645888_looped_1617645886.mp4"}},"audio_versions":{},"image_versions":{"template":"https://coub-anubis-a.akamaized.net/coub_storage/coub/simple/cw_image/1faf2797491/3a189c2d7f47108e809d1/1598175835_00032.jpg","versions":["micro","tiny","age_restricted","ios_large","ios_mosaic","big","med","small","pinterest"]},"first_frame_versions":{"template":"https://coub-anubis-a.akamaized.net/coub_storage/coub/simple/cw_timeline_pic/d239b504ac5/e56df2ccdfa57bd247d98/%{version}_1598175834_image.jpg","versions":["big","med","small","ios_large"]},"dimensions":{"big":[1280,720],"med":[640,360]},"site_w_h":[640,360],"page_w_h":[640,360],"site_w_h_small":[310,174],"size":[1280,720],"age_restricted":false,"age_restricted_by_admin":false,"not_safe_for_work":false,"allow_reuse":false,"dont_crop":false,"banned":false,"global_safe":false,"audio_file_url":null,"external_download":{"type":"Youtube","service_name":"YouTube","url":"https://www.youtube.com/watch?time_continue=305&v=IjrsGdTFI3o&feature=emb_logo","has_embed":true},"application":null,"channel":{"id":1097546,"permalink":"kotusvelikij","title":"KotusVelikiy","description":"Основной канал Котуса","followers_count":695,"following_count":75,"avatar_versions":{"template":"https://coub-anubis-a.akamaized.net/coub_storage/channel/cw_avatar/e226df1c2f5/dd6e2ec6e86425be2deac/%{version}_1607422151_1i057wu_1520331227_338769-sepik.jpg","versions":["medium","medium_2x","profile_pic","profile_pic_new","profile_pic_new_2x","tiny","tiny_2x","small","small_2x","ios_large","ios_small"]}},"file":null,"picture":"https://coub-anubis-a.akamaized.net/coub_storage/coub/simple/cw_image/1faf2797491/3a189c2d7f47108e809d1/1598175835_00032.jpg","timeline_picture":"https://coub-anubis-a.akamaized.net/coub_storage/coub/simple/cw_timeline_pic/d239b504ac5/e56df2ccdfa57bd247d98/ios_large_1598175834_image.jpg","small_picture":"https://coub-anubis-a.akamaized.net/coub_storage/coub/simple/cw_image/1faf2797491/3a189c2d7f47108e809d1/1598175835_00032.jpg","sharing_picture":null,"percent_done":100,"tags":[{"id":5819154,"title":"фурггал","value":"%D1%84%D1%83%D1%80%D0%B3%D0%B3%D0%B0%D0%BB"},{"id":16305,"title":"протест","value":"%D0%BF%D1%80%D0%BE%D1%82%D0%B5%D1%81%D1%82"},{"id":26104,"title":"митинг","value":"%D0%BC%D0%B8%D1%82%D0%B8%D0%BD%D0%B3"},{"id":349,"title":"навальный","value":"%D0%BD%D0%B0%D0%B2%D0%B0%D0%BB%D1%8C%D0%BD%D1%8B%D0%B9"},{"id":17128,"title":"опрос","value":"%D0%BE%D0%BF%D1%80%D0%BE%D1%81"},{"id":22630,"title":"хабаровск","value":"%D1%85%D0%B0%D0%B1%D0%B0%D1%80%D0%BE%D0%B2%D1%81%D0%BA"}],"categories":[{"id":35,"title":"News & Politics","permalink":"news","subscriptions_count":10054614,"big_image_url":"https://coub-anubis-a.akamaized.net/coub_storage/category/cw_image/6589193546b/5ea69fd70b7b36dec144f/big_1544622133_news.png","small_image_url":"https://coub-anubis-a.akamaized.net/coub_storage/category/cw_image/6589193546b/5ea69fd70b7b36dec144f/small_1544622133_news.png","med_image_url":"https://coub-anubis-a.akamaized.net/coub_storage/category/cw_image/6589193546b/5ea69fd70b7b36dec144f/med_1544622133_news.png","visible":true}],"communities":[{"id":35,"title":"News & Politics","permalink":"news","subscriptions_count":10054614,"big_image_url":"https://coub-anubis-a.akamaized.net/coub_storage/category/cw_image/6589193546b/5ea69fd70b7b36dec144f/big_1544622133_news.png","small_image_url":"https://coub-anubis-a.akamaized.net/coub_storage/category/cw_image/6589193546b/5ea69fd70b7b36dec144f/small_1544622133_news.png","med_image_url":"https://coub-anubis-a.akamaized.net/coub_storage/category/cw_image/6589193546b/5ea69fd70b7b36dec144f/med_1544622133_news.png","i_subscribed":true,"community_notifications_enabled":null,"description":null}],"recoubs_count":235,"remixes_count":0,"likes_count":1379,"dislikes_count":0,"raw_video_id":15521398,"uploaded_by_ios_app":false,"uploaded_by_android_app":false,"media_blocks":{"uploaded_raw_videos":[],"external_raw_videos":[{"id":36565119,"title":"🟥 МИТИНГ ЗА ПУТИНА,ВЫ БЫ ПОШЛИ? СОЦ-ОПРОС 2020","url":"https://www.youtube.com/watch?v=IjrsGdTFI3o","image":null,"image_retina":null,"meta":{"service":"Youtube","duration":"721.221"},"duration":721.221,"raw_video_id":15521398,"has_embed":true}],"remixed_from_coubs":[],"external_video":{"id":36565119,"title":"🟥 МИТИНГ ЗА ПУТИНА,ВЫ БЫ ПОШЛИ? СОЦ-ОПРОС 2020","url":"https://www.youtube.com/watch?v=IjrsGdTFI3o","image":null,"image_retina":null,"meta":{"service":"Youtube","duration":"721.221"},"duration":721.221,"raw_video_id":15521398,"has_embed":true}},"raw_video_thumbnail_url":"/missing/missing.png","raw_video_title":"🟥 МИТИНГ ЗА ПУТИНА,ВЫ БЫ ПОШЛИ? СОЦ-ОПРОС 2020","video_block_banned":false,"duration":10.0,"promo_winner":false,"promo_winner_recoubers":null,"editorial_info":{},"promo_hint":null,"beeline_best_2014":null,"from_web_editor":true,"normalize_sound":true,"normalize_change_allowed":true,"best2015_addable":false,"ahmad_promo":null,"promo_data":null,"audio_copyright_claim":null,"ads_disabled":false,"is_safe_for_ads":true,"megafon_contents":[],"position_on_page":2},{"flag":null,"abuses":null,"recoubs_by_users_channels":null,"favourite":false,"promoted_id":null,"recoub":null,"like":null,"dislike":null,"reaction":null,"in_my_best2015":false,"id":107034083,"type":"Coub::Simple","permalink":"1rbhbs","title":"‌‌‍‍","visibility_type":"public","original_visibility_type":"public","channel_id":4491588,"created_at":"2019-03-29T09:18:21Z","updated_at":"2022-03-08T13:56:53Z","is_done":true,"views_count":101811,"cotd":null,"cotd_at":null,"visible_on_explore_root":false,"visible_on_explore":false,"featured":false,"published":true,"published_at":"2019-03-29T09:18:21Z","reversed":false,"from_editor_v2":true,"is_editable":true,"original_sound":true,"has_sound":true,"recoub_to":null,"file_versions":{"html5":{"video":{"higher":{"url":"https://coub-anubis-a.akamaized.net/coub_storage/coub/simple/cw_file/f7bfa14242b/e2ee6367a6abda8ca8315/muted_mp4_huge_size_1571912598_muted_huge.mp4","size":1867917},"high":{"url":"https://coub-anubis-a.akamaized.net/coub_storage/coub/simple/cw_file/f7bfa14242b/e2ee6367a6abda8ca8315/muted_mp4_big_size_1571912598_muted_big.mp4","size":1391345},"med":{"url":"https://coub-anubis-a.akamaized.net/coub_storage/coub/simple/cw_file/f7bfa14242b/e2ee6367a6abda8ca8315/muted_mp4_med_size_1571912598_muted_med.mp4","size":369560}},"audio":{"high":{"url":"https://coub-anubis-a.akamaized.net/coub_storage/coub/simple/cw_looped_audio_high/60b87271a9a/d9d71f2d3b4039b2c611d/1605680749_high_1553851135_high.mp3","size":850558},"med":{"url":"https://coub-anubis-a.akamaized.net/coub_storage/coub/simple/cw_looped_audio_med/d9cdfaeb6e3/73fb81926cd72cb0f7c9f/1605680749_med_1553851135_med.mp3","size":786804},"sample_duration":10.009}},"mobile":{"video":"https://coub-anubis-a.akamaized.net/coub_storage/coub/simple/cw_file/f7bfa14242b/e2ee6367a6abda8ca8315/muted_mp4_med_size_1571912598_muted_med.mp4","audio":["https://coub-anubis-a.akamaized.net/coub_storage/coub/simple/cw_looped_audio_med/d9cdfaeb6e3/73fb81926cd72cb0f7c9f/1605680749_med_1553851135_med.mp3"]},"share":{"default":"https://coub-anubis-a.akamaized.net/coub_storage/coub/simple/cw_video_for_sharing/0f7a74f48da/81e3d4896433089d04368/1612020080_looped_1612020079.mp4"}},"audio_versions":{},"image_versions":{"template":"https://coub-anubis-a.akamaized.net/coub_storage/coub/simple/cw_image/c89021506d9/64c05652dc6e35e1f1a6d/1553851143_00032.jpg","versions":["micro","tiny","age_restricted","ios_large","ios_mosaic","big","med","small","pinterest"]},"first_frame_versions":{"template":"https://coub-anubis-a.akamaized.net/coub_storage/coub/simple/cw_timeline_pic/c311abb0970/93e408039a633bcc26e03/%{version}_1553851142_image.jpg","versions":["big","med","small","ios_large"]},"dimensions":{"big":[1280,720],"med":[640,360]},"site_w_h":[640,360],"page_w_h":[640,360],"site_w_h_small":[310,174],"size":[1280,720],"age_restricted":false,"age_restricted_by_admin":false,"not_safe_for_work":false,"allow_reuse":false,"dont_crop":false,"banned":false,"global_safe":false,"audio_file_url":null,"external_download":{"type":"Youtube","service_name":"YouTube","url":"https://www.youtube.com/watch?v=pK_FYqaVSng","has_embed":true},"application":null,"channel":{"id":4491588,"permalink":"cloudyaw","title":"Cloudy","description":null,"followers_count":60,"following_count":0,"avatar_versions":{"template":"https://coub-anubis-a.akamaized.net/coub_storage/channel/cw_avatar/fcc5b044f4c/e14bec8c2aae6e5c8e97d/%{version}_1607425487_tw8ltc_1600690901_EWFEfWOUEAk6MJG.jpg","versions":["medium","medium_2x","profile_pic","profile_pic_new","profile_pic_new_2x","tiny","tiny_2x","small","small_2x","ios_large","ios_small"]}},"file":null,"picture":"https://coub-anubis-a.akamaized.net/coub_storage/coub/simple/cw_image/c89021506d9/64c05652dc6e35e1f1a6d/1553851143_00032.jpg","timeline_picture":"https://coub-anubis-a.akamaized.net/coub_storage/coub/simple/cw_timeline_pic/c311abb0970/93e408039a633bcc26e03/ios_large_1553851142_image.jpg","small_picture":"https://coub-anubis-a.akamaized.net/coub_storage/coub/simple/cw_image/c89021506d9/64c05652dc6e35e1f1a6d/1553851143_00032.jpg","sharing_picture":null,"percent_done":100,"tags":[{"id":1880,"title":"спорт","value":"%D1%81%D0%BF%D0%BE%D1%80%D1%82"},{"id":743,"title":"чечня","value":"%D1%87%D0%B5%D1%87%D0%BD%D1%8F"},{"id":96560,"title":"ингушетия","value":"%D0%B8%D0%BD%D0%B3%D1%83%D1%88%D0%B5%D1%82%D0%B8%D1%8F"},{"id":1171895,"title":"дональд трамп","value":"%D0%B4%D0%BE%D0%BD%D0%B0%D0%BB%D1%8C%D0%B4%20%D1%82%D1%80%D0%B0%D0%BC%D0%BF"},{"id":527001,"title":"трамп","value":"%D1%82%D1%80%D0%B0%D0%BC%D0%BF"},{"id":1265,"title":"россия","value":"%D1%80%D0%BE%D1%81%D1%81%D0%B8%D1%8F"},{"id":4753,"title":"сша","value":"%D1%81%D1%88%D0%B0"},{"id":3143,"title":"америка","value":"%D0%B0%D0%BC%D0%B5%D1%80%D0%B8%D0%BA%D0%B0"},{"id":3738449,"title":"hack news","value":"hack%20news"},{"id":167031,"title":"hn","value":"hn"},{"id":4589487,"title":"боб джонстон","value":"%D0%B1%D0%BE%D0%B1%20%D0%B4%D0%B6%D0%BE%D0%BD%D1%81%D1%82%D0%BE%D0%BD"}],"categories":[{"id":35,"title":"News & Politics","permalink":"news","subscriptions_count":10054614,"big_image_url":"https://coub-anubis-a.akamaized.net/coub_storage/category/cw_image/6589193546b/5ea69fd70b7b36dec144f/big_1544622133_news.png","small_image_url":"https://coub-anubis-a.akamaized.net/coub_storage/category/cw_image/6589193546b/5ea69fd70b7b36dec144f/small_1544622133_news.png","med_image_url":"https://coub-anubis-a.akamaized.net/coub_storage/category/cw_image/6589193546b/5ea69fd70b7b36dec144f/med_1544622133_news.png","visible":true}],"communities":[{"id":35,"title":"News & Politics","permalink":"news","subscriptions_count":10054614,"big_image_url":"https://coub-anubis-a.akamaized.net/coub_storage/category/cw_image/6589193546b/5ea69fd70b7b36dec144f/big_1544622133_news.png","small_image_url":"https://coub-anubis-a.akamaized.net/coub_storage/category/cw_image/6589193546b/5ea69fd70b7b36dec144f/small_1544622133_news.png","med_image_url":"https://coub-anubis-a.akamaized.net/coub_storage/category/cw_image/6589193546b/5ea69fd70b7b36dec144f/med_1544622133_news.png","i_subscribed":true,"community_notifications_enabled":null,"description":null}],"recoubs_count":343,"remixes_count":0,"likes_count":1379,"dislikes_count":0,"raw_video_id":13456770,"uploaded_by_ios_app":false,"uploaded_by_android_app":false,"media_blocks":{"uploaded_raw_videos":[],"external_raw_videos":[{"id":31133679,"title":"Hack News - Американские новости (Выпуск 155)","url":"https://www.youtube.com/watch?v=pK_FYqaVSng","image":"https://coub-anubis-a.akamaized.net/coub_storage/media_block/cw_image/5d699a212cb/8d0b1276255756064d2d6/1553846267_1smp71i_1553846243_1scxxal_att-url-download.jpg","image_retina":"https://coub-anubis-a.akamaized.net/coub_storage/media_block/cw_image/5d699a212cb/8d0b1276255756064d2d6/1553846267_1smp71i_1553846243_1scxxal_att-url-download.jpg","meta":{"service":"Youtube","duration":"133.28"},"duration":133.28,"raw_video_id":13456770,"has_embed":true}],"remixed_from_coubs":[],"external_video":{"id":31133679,"title":"Hack News - Американские новости (Выпуск 155)","url":"https://www.youtube.com/watch?v=pK_FYqaVSng","image":"https://coub-anubis-a.akamaized.net/coub_storage/media_block/cw_image/5d699a212cb/8d0b1276255756064d2d6/1553846267_1smp71i_1553846243_1scxxal_att-url-download.jpg","image_retina":"https://coub-anubis-a.akamaized.net/coub_storage/media_block/cw_image/5d699a212cb/8d0b1276255756064d2d6/1553846267_1smp71i_1553846243_1scxxal_att-url-download.jpg","meta":{"service":"Youtube","duration":"133.28"},"duration":133.28,"raw_video_id":13456770,"has_embed":true}},"raw_video_thumbnail_url":"/missing/missing.png","raw_video_title":"Hack News - Американские новости (Выпуск 155)","video_block_banned":false,"duration":10.0,"promo_winner":false,"promo_winner_recoubers":null,"editorial_info":{},"promo_hint":null,"beeline_best_2014":null,"from_web_editor":true,"normalize_sound":true,"normalize_change_allowed":true,"best2015_addable":false,"ahmad_promo":null,"promo_data":null,"audio_copyright_claim":null,"ads_disabled":false,"is_safe_for_ads":true,"megafon_contents":[],"position_on_page":3},{"flag":null,"abuses":null,"recoubs_by_users_channels":null,"favourite":false,"promoted_id":null,"recoub":null,"like":null,"dislike":null,"reaction":null,"in_my_best2015":false,"id":105845950,"type":"Coub::Simple","permalink":"1qm0js","title":"Sherlock Holmes and notebook.","visibility_type":"public","original_visibility_type":"public","channel_id":3228798,"created_at":"2019-03-18T18:17:25Z","updated_at":"2022-02-28T22:29:20Z","is_done":true,"views_count":90815,"cotd":null,"cotd_at":null,"visible_on_explore_root":false,"visible_on_explore":false,"featured":false,"published":true,"published_at":"2019-03-18T18:17:25Z","reversed":false,"from_editor_v2":true,"is_editable":true,"original_sound":false,"has_sound":false,"recoub_to":null,"file_versions":{"html5":{"video":{"higher":{"url":"https://coub-anubis-a.akamaized.net/coub_storage/coub/simple/cw_file/804112f4864/c8704c7332fe6d4b2e5a9/muted_mp4_huge_size_1580408717_muted_huge.mp4","size":1780445},"high":{"url":"https://coub-anubis-a.akamaized.net/coub_storage/coub/simple/cw_file/804112f4864/c8704c7332fe6d4b2e5a9/muted_mp4_big_size_1580408717_muted_big.mp4","size":1384632},"med":{"url":"https://coub-anubis-a.akamaized.net/coub_storage/coub/simple/cw_file/804112f4864/c8704c7332fe6d4b2e5a9/muted_mp4_med_size_1580408717_muted_med.mp4","size":336235}},"audio":{"high":{"url":"https://coub-anubis-a.akamaized.net/coub_storage/coub/simple/cw_looped_audio_high/995cd861be4/6151a5be706eeed4ea620/1605678523_high_1552933058_high.mp3","size":982874},"med":{"url":"https://coub-anubis-a.akamaized.net/coub_storage/coub/simple/cw_looped_audio_med/01f6531ffcf/42fd5fe98b49f263ca77d/1605678523_med_1552933058_med.mp3","size":788964}}},"mobile":{"video":"https://coub-anubis-a.akamaized.net/coub_storage/coub/simple/cw_file/804112f4864/c8704c7332fe6d4b2e5a9/muted_mp4_med_size_1580408717_muted_med.mp4","audio":["https://coub-anubis-a.akamaized.net/coub_storage/coub/simple/cw_looped_audio_med/01f6531ffcf/42fd5fe98b49f263ca77d/1605678523_med_1552933058_med.mp3"]},"share":{"default":"https://coub-anubis-a.akamaized.net/coub_storage/coub/simple/cw_video_for_sharing/d6ff163f59a/abd5242448ffc75cb6fcb/1612185391_looped_1612185391.mp4"}},"audio_versions":{"template":"https://coub-anubis-a.akamaized.net/coub_storage/audio_track/cw_normalized_copy/962519c7f27/7890be83a7d3bbfa7815d/mid_1552933056_normalized_1552933053_1j2piuz_edited.mp3","versions":["mid","low"]},"image_versions":{"template":"https://coub-anubis-a.akamaized.net/coub_storage/coub/simple/cw_image/c68388a1218/090215c827ed77e6f5464/1552933064_00032.jpg","versions":["micro","tiny","age_restricted","ios_large","ios_mosaic","big","med","small","pinterest"]},"first_frame_versions":{"template":"https://coub-anubis-a.akamaized.net/coub_storage/coub/simple/cw_timeline_pic/6a2334fb2d7/7b66c1dc84b9bb2724b88/%{version}_1552933063_image.jpg","versions":["big","med","small","ios_large"]},"dimensions":{"big":[1280,720],"med":[640,360]},"site_w_h":[640,360],"page_w_h":[640,360],"site_w_h_small":[310,174],"size":[1280,720],"age_restricted":false,"age_restricted_by_admin":false,"not_safe_for_work":false,"allow_reuse":false,"dont_crop":false,"banned":false,"global_safe":true,"audio_file_url":"https://coub-anubis-a.akamaized.net/coub_storage/audio_track/cw_normalized_copy/962519c7f27/7890be83a7d3bbfa7815d/low_1552933056_normalized_1552933053_1j2piuz_edited.mp3","external_download":{"type":"Twitter","service_name":"Twitter","url":"https://twitter.com/joker_poxer/status/1107703322952302592","has_embed":false},"application":null,"channel":{"id":3228798,"permalink":"joker386","title":"Joker","description":null,"followers_count":177,"following_count":117,"avatar_versions":{"template":"https://coub-anubis-a.akamaized.net/coub_storage/channel/cw_avatar/4dee0eda5f3/e637a95af75e27cf5365e/%{version}_1607422339_ar602x_1584451030_YINbjdap_400x400.jpg","versions":["medium","medium_2x","profile_pic","profile_pic_new","profile_pic_new_2x","tiny","tiny_2x","small","small_2x","ios_large","ios_small"]}},"file":null,"picture":"https://coub-anubis-a.akamaized.net/coub_storage/coub/simple/cw_image/c68388a1218/090215c827ed77e6f5464/1552933064_00032.jpg","timeline_picture":"https://coub-anubis-a.akamaized.net/coub_storage/coub/simple/cw_timeline_pic/6a2334fb2d7/7b66c1dc84b9bb2724b88/ios_large_1552933063_image.jpg","small_picture":"https://coub-anubis-a.akamaized.net/coub_storage/coub/simple/cw_image/c68388a1218/090215c827ed77e6f5464/1552933064_00032.jpg","sharing_picture":null,"percent_done":100,"tags":[],"categories":[{"id":35,"title":"News & Politics","permalink":"news","subscriptions_count":10054614,"big_image_url":"https://coub-anubis-a.akamaized.net/coub_storage/category/cw_image/6589193546b/5ea69fd70b7b36dec144f/big_1544622133_news.png","small_image_url":"https://coub-anubis-a.akamaized.net/coub_storage/category/cw_image/6589193546b/5ea69fd70b7b36dec144f/small_1544622133_news.png","med_image_url":"https://coub-anubis-a.akamaized.net/coub_storage/category/cw_image/6589193546b/5ea69fd70b7b36dec144f/med_1544622133_news.png","visible":true}],"communities":[{"id":35,"title":"News & Politics","permalink":"news","subscriptions_count":10054614,"big_image_url":"https://coub-anubis-a.akamaized.net/coub_storage/category/cw_image/6589193546b/5ea69fd70b7b36dec144f/big_1544622133_news.png","small_image_url":"https://coub-anubis-a.akamaized.net/coub_storage/category/cw_image/6589193546b/5ea69fd70b7b36dec144f/small_1544622133_news.png","med_image_url":"https://coub-anubis-a.akamaized.net/coub_storage/category/cw_image/6589193546b/5ea69fd70b7b36dec144f/med_1544622133_news.png","i_subscribed":true,"community_notifications_enabled":null,"description":null}],"recoubs_count":281,"remixes_count":8,"likes_count":1379,"dislikes_count":0,"raw_video_id":13397880,"uploaded_by_ios_app":false,"uploaded_by_android_app":false,"media_blocks":{"uploaded_raw_videos":[],"external_raw_videos":[{"id":30974684,"title":"“https://t.co/i6XElF4FvQ”","url":"https://twitter.com/joker_poxer/status/1107703322952302592","image":"https://coub-anubis-a.akamaized.net/coub_storage/media_block/cw_image/e80e1608b86/3d800fd453235a180d727/1552932389_ve1gyn_1552932381_1p5jj2h_att-url-download.jpg","image_retina":"https://coub-anubis-a.akamaized.net/coub_storage/media_block/cw_image/e80e1608b86/3d800fd453235a180d727/1552932389_ve1gyn_1552932381_1p5jj2h_att-url-download.jpg","meta":{"service":"Twitter","duration":"6.68"},"duration":6.68,"raw_video_id":13397880,"has_embed":false}],"remixed_from_coubs":[],"external_video":{"id":30974684,"title":"“https://t.co/i6XElF4FvQ”","url":"https://twitter.com/joker_poxer/status/1107703322952302592","image":"https://coub-anubis-a.akamaized.net/coub_storage/media_block/cw_image/e80e1608b86/3d800fd453235a180d727/1552932389_ve1gyn_1552932381_1p5jj2h_att-url-download.jpg","image_retina":"https://coub-anubis-a.akamaized.net/coub_storage/media_block/cw_image/e80e1608b86/3d800fd453235a180d727/1552932389_ve1gyn_1552932381_1p5jj2h_att-url-download.jpg","meta":{"service":"Twitter","duration":"6.68"},"duration":6.68,"raw_video_id":13397880,"has_embed":false}},"raw_video_thumbnail_url":"/missing/missing.png","raw_video_title":"“https://t.co/i6XElF4FvQ”","video_block_banned":false,"duration":10.0,"promo_winner":false,"promo_winner_recoubers":null,"editorial_info":{},"promo_hint":null,"beeline_best_2014":null,"from_web_editor":true,"normalize_sound":true,"normalize_change_allowed":true,"best2015_addable":false,"ahmad_promo":null,"promo_data":null,"audio_copyright_claim":null,"ads_disabled":false,"is_safe_for_ads":true,"megafon_contents":[],"position_on_page":4},{"flag":null,"abuses":null,"recoubs_by_users_channels":null,"favourite":false,"promoted_id":null,"recoub":null,"like":null,"dislike":null,"reaction":null,"in_my_best2015":false,"id":72185328,"type":"Coub::Simple","permalink":"16jwhp","title":"двухдневный ор","visibility_type":"public","original_visibility_type":"public","channel_id":3343813,"created_at":"2018-04-17T14:08:11Z","updated_at":"2022-02-16T11:58:22Z","is_done":true,"views_count":115859,"cotd":null,"cotd_at":null,"visible_on_explore_root":false,"visible_on_explore":false,"featured":false,"published":true,"published_at":"2018-04-17T14:08:11Z","reversed":false,"from_editor_v2":true,"is_editable":true,"original_sound":false,"has_sound":false,"recoub_to":null,"file_versions":{"html5":{"video":{"higher":{"url":"https://coub-anubis-a.akamaized.net/coub_storage/coub/simple/cw_file/e90b3b1c0dc/64da81e15caccace82384/muted_mp4_huge_size_1568221573_muted_huge.mp4","size":5047978},"high":{"url":"https://coub-anubis-a.akamaized.net/coub_storage/coub/simple/cw_file/e90b3b1c0dc/64da81e15caccace82384/muted_mp4_big_size_1568221573_muted_big.mp4","size":3781339},"med":{"url":"https://coub-anubis-a.akamaized.net/coub_storage/coub/simple/cw_file/e90b3b1c0dc/64da81e15caccace82384/muted_mp4_med_size_1568221573_muted_med.mp4","size":1175216}},"audio":{"high":{"url":"https://coub-anubis-a.akamaized.net/coub_storage/coub/simple/cw_looped_audio_high/ac6a7a5eb7e/51ddbc1bd3f6244296ba4/1605647332_high_1523974127_high.mp3","size":3884543},"med":{"url":"https://coub-anubis-a.akamaized.net/coub_storage/coub/simple/cw_looped_audio_med/ce25b2d0c3e/3312a83112581a632fea2/1605647331_med_1523974127_med.mp3","size":2642929}}},"mobile":{"video":"https://coub-anubis-a.akamaized.net/coub_storage/coub/simple/cw_file/e90b3b1c0dc/64da81e15caccace82384/muted_mp4_med_size_1568221573_muted_med.mp4","audio":["https://coub-anubis-a.akamaized.net/coub_storage/coub/simple/cw_looped_audio_med/ce25b2d0c3e/3312a83112581a632fea2/1605647331_med_1523974127_med.mp3"]},"share":{"default":"https://coub-anubis-a.akamaized.net/coub_storage/coub/simple/cw_video_for_sharing/e9a07128837/92b543f3d87a3d6426727/1611605034_looped_1611605033.mp4"}},"audio_versions":{"template":"https://coub-anubis-a.akamaized.net/coub_storage/audio_track/cw_normalized_copy/5cd274dd751/105d34465efa18b5a2478/mid_1523974116_rl7yl4_normalized_1523974100_qirwgg_edited.mp3","versions":["mid","low"]},"image_versions":{"template":"https://coub-anubis-a.akamaized.net/coub_storage/coub/simple/cw_image/7c5b65935cc/372392c90fde11cd2e10f/1523974142_00031.jpg","versions":["micro","tiny","age_restricted","ios_large","ios_mosaic","big","med","small","pinterest"]},"first_frame_versions":{"template":"https://coub-anubis-a.akamaized.net/coub_storage/coub/simple/cw_timeline_pic/b9137e497c9/ba40843aee619918d6827/1523974141_image.jpg","versions":["big","med","small","ios_large"]},"dimensions":{"big":[1280,512],"med":[640,256]},"site_w_h":[640,256],"page_w_h":[640,256],"site_w_h_small":[310,124],"size":[1280,512],"age_restricted":false,"age_restricted_by_admin":false,"not_safe_for_work":false,"allow_reuse":false,"dont_crop":false,"banned":false,"global_safe":false,"audio_file_url":"https://coub-anubis-a.akamaized.net/coub_storage/audio_track/cw_normalized_copy/5cd274dd751/105d34465efa18b5a2478/low_1523974116_rl7yl4_normalized_1523974100_qirwgg_edited.mp3","external_download":false,"application":null,"channel":{"id":3343813,"permalink":"shizo151","title":"shizo","description":null,"followers_count":46,"following_count":16,"avatar_versions":{"template":"https://coub-anubis-a.akamaized.net/coub_storage/channel/cw_avatar/3ea0c01c93e/1f7cdc5554ecae6339694/%{version}_1607935133_1lnu95m_1520762924_cropped.jpeg","versions":["medium","medium_2x","profile_pic","profile_pic_new","profile_pic_new_2x","tiny","tiny_2x","small","small_2x","ios_large","ios_small"]}},"file":null,"picture":"https://coub-anubis-a.akamaized.net/coub_storage/coub/simple/cw_image/7c5b65935cc/372392c90fde11cd2e10f/1523974142_00031.jpg","timeline_picture":"https://coub-anubis-a.akamaized.net/coub_storage/coub/simple/cw_timeline_pic/b9137e497c9/ba40843aee619918d6827/1523974141_image.jpg","small_picture":"https://coub-anubis-a.akamaized.net/coub_storage/coub/simple/cw_image/7c5b65935cc/372392c90fde11cd2e10f/1523974142_00031.jpg","sharing_picture":null,"percent_done":100,"tags":[{"id":173016,"title":"telegram","value":"telegram"},{"id":20982,"title":"durov","value":"durov"},{"id":200504,"title":"social network","value":"social%20network"}],"categories":[{"id":35,"title":"News & Politics","permalink":"news","subscriptions_count":10054614,"big_image_url":"https://coub-anubis-a.akamaized.net/coub_storage/category/cw_image/6589193546b/5ea69fd70b7b36dec144f/big_1544622133_news.png","small_image_url":"https://coub-anubis-a.akamaized.net/coub_storage/category/cw_image/6589193546b/5ea69fd70b7b36dec144f/small_1544622133_news.png","med_image_url":"https://coub-anubis-a.akamaized.net/coub_storage/category/cw_image/6589193546b/5ea69fd70b7b36dec144f/med_1544622133_news.png","visible":true}],"communities":[{"id":35,"title":"News & Politics","permalink":"news","subscriptions_count":10054614,"big_image_url":"https://coub-anubis-a.akamaized.net/coub_storage/category/cw_image/6589193546b/5ea69fd70b7b36dec144f/big_1544622133_news.png","small_image_url":"https://coub-anubis-a.akamaized.net/coub_storage/category/cw_image/6589193546b/5ea69fd70b7b36dec144f/small_1544622133_news.png","med_image_url":"https://coub-anubis-a.akamaized.net/coub_storage/category/cw_image/6589193546b/5ea69fd70b7b36dec144f/med_1544622133_news.png","i_subscribed":true,"community_notifications_enabled":null,"description":null}],"recoubs_count":311,"remixes_count":1,"likes_count":1379,"dislikes_count":0,"raw_video_id":11536320,"uploaded_by_ios_app":false,"uploaded_by_android_app":false,"media_blocks":{"uploaded_raw_videos":[],"external_raw_videos":[],"remixed_from_coubs":[]},"raw_video_thumbnail_url":"/missing/missing.png","raw_video_title":"file.gif","video_block_banned":false,"duration":9.8,"promo_winner":false,"promo_winner_recoubers":null,"editorial_info":{},"promo_hint":null,"beeline_best_2014":null,"from_web_editor":true,"normalize_sound":true,"normalize_change_allowed":true,"best2015_addable":false,"ahmad_promo":null,"promo_data":null,"audio_copyright_claim":null,"ads_disabled":false,"is_safe_for_ads":true,"megafon_contents":[],"position_on_page":5},{"flag":null,"abuses":null,"recoubs_by_users_channels":null,"favourite":false,"promoted_id":null,"recoub":null,"like":null,"dislike":null,"reaction":null,"in_my_best2015":false,"id":66836559,"type":"Coub::Simple","permalink":"13cm6c","title":"coub #9","visibility_type":"public","original_visibility_type":"public","channel_id":4093110,"created_at":"2018-02-13T13:43:28Z","updated_at":"2022-03-09T12:38:40Z","is_done":true,"views_count":157285,"cotd":null,"cotd_at":null,"visible_on_explore_root":false,"visible_on_explore":false,"featured":false,"published":true,"published_at":"2018-02-13T13:43:28Z","reversed":false,"from_editor_v2":true,"is_editable":true,"original_sound":true,"has_sound":true,"recoub_to":null,"file_versions":{"html5":{"video":{"higher":{"url":"https://coub-anubis-a.akamaized.net/coub_storage/coub/simple/cw_file/1d7c0bb1422/65ba235cb56de27fe05e5/muted_mp4_huge_size_1568193883_muted_huge.mp4","size":2977670},"high":{"url":"https://coub-anubis-a.akamaized.net/coub_storage/coub/simple/cw_file/1d7c0bb1422/65ba235cb56de27fe05e5/muted_mp4_big_size_1568193883_muted_big.mp4","size":2006085},"med":{"url":"https://coub-anubis-a.akamaized.net/coub_storage/coub/simple/cw_file/1d7c0bb1422/65ba235cb56de27fe05e5/muted_mp4_med_size_1568193883_muted_med.mp4","size":619698}},"audio":{"high":{"url":"https://coub-anubis-a.akamaized.net/coub_storage/coub/simple/cw_looped_audio_high/3cb433f24be/067927dba0a2714a4212a/1605631403_high_1518529411_high.mp3","size":810859},"med":{"url":"https://coub-anubis-a.akamaized.net/coub_storage/coub/simple/cw_looped_audio_med/86d56a66826/4e2252cb47844b3438ec9/1605631402_med_1518529411_med.mp3","size":765172},"sample_duration":10.009}},"mobile":{"video":"https://coub-anubis-a.akamaized.net/coub_storage/coub/simple/cw_file/1d7c0bb1422/65ba235cb56de27fe05e5/muted_mp4_med_size_1568193883_muted_med.mp4","audio":["https://coub-anubis-a.akamaized.net/coub_storage/coub/simple/cw_looped_audio_med/86d56a66826/4e2252cb47844b3438ec9/1605631402_med_1518529411_med.mp3"]},"share":{"default":"https://coub-anubis-a.akamaized.net/coub_storage/coub/simple/cw_video_for_sharing/79bdc0e66d1/344a16c0dbd6978a99449/1609402628_looped_1609402626.mp4"}},"audio_versions":{},"image_versions":{"template":"https://coub-anubis-a.akamaized.net/coub_storage/coub/simple/cw_image/4aa5677f368/13634fa99780374eff34e/1518529415_00032.jpg","versions":["micro","tiny","age_restricted","ios_large","ios_mosaic","big","med","small","pinterest"]},"first_frame_versions":{"template":"https://coub-anubis-a.akamaized.net/coub_storage/coub/simple/cw_timeline_pic/e4a0b684039/940bfb6aee73a9bcc8c11/1518529415_image.jpg","versions":["big","med","small","ios_large"]},"dimensions":{"big":[1280,716],"med":[640,358]},"site_w_h":[640,358],"page_w_h":[640,358],"site_w_h_small":[310,173],"size":[1280,716],"age_restricted":false,"age_restricted_by_admin":false,"not_safe_for_work":false,"allow_reuse":false,"dont_crop":false,"banned":false,"global_safe":false,"audio_file_url":null,"external_download":{"type":"Vk","service_name":"Vk","url":"http://vk.com/video249687433_171110248","has_embed":false},"application":null,"channel":{"id":4093110,"permalink":"reidzi30","title":"✵۩۞۩ReiDZi۩۞۩✵","description":null,"followers_count":69,"following_count":14,"avatar_versions":{"template":"https://coub-anubis-a.akamaized.net/coub_storage/channel/cw_avatar/ff90253631e/7446a22f9d40ae1929369/%{version}_1608020613_16uxhwd_1526316096_cropped.jpeg","versions":["medium","medium_2x","profile_pic","profile_pic_new","profile_pic_new_2x","tiny","tiny_2x","small","small_2x","ios_large","ios_small"]}},"file":null,"picture":"https://coub-anubis-a.akamaized.net/coub_storage/coub/simple/cw_image/4aa5677f368/13634fa99780374eff34e/1518529415_00032.jpg","timeline_picture":"https://coub-anubis-a.akamaized.net/coub_storage/coub/simple/cw_timeline_pic/e4a0b684039/940bfb6aee73a9bcc8c11/1518529415_image.jpg","small_picture":"https://coub-anubis-a.akamaized.net/coub_storage/coub/simple/cw_image/4aa5677f368/13634fa99780374eff34e/1518529415_00032.jpg","sharing_picture":null,"percent_done":100,"tags":[{"id":11539,"title":"9","value":"9"}],"categories":[{"id":35,"title":"News & Politics","permalink":"news","subscriptions_count":10054614,"big_image_url":"https://coub-anubis-a.akamaized.net/coub_storage/category/cw_image/6589193546b/5ea69fd70b7b36dec144f/big_1544622133_news.png","small_image_url":"https://coub-anubis-a.akamaized.net/coub_storage/category/cw_image/6589193546b/5ea69fd70b7b36dec144f/small_1544622133_news.png","med_image_url":"https://coub-anubis-a.akamaized.net/coub_storage/category/cw_image/6589193546b/5ea69fd70b7b36dec144f/med_1544622133_news.png","visible":true}],"communities":[{"id":35,"title":"News & Politics","permalink":"news","subscriptions_count":10054614,"big_image_url":"https://coub-anubis-a.akamaized.net/coub_storage/category/cw_image/6589193546b/5ea69fd70b7b36dec144f/big_1544622133_news.png","small_image_url":"https://coub-anubis-a.akamaized.net/coub_storage/category/cw_image/6589193546b/5ea69fd70b7b36dec144f/small_1544622133_news.png","med_image_url":"https://coub-anubis-a.akamaized.net/coub_storage/category/cw_image/6589193546b/5ea69fd70b7b36dec144f/med_1544622133_news.png","i_subscribed":true,"community_notifications_enabled":null,"description":null}],"recoubs_count":293,"remixes_count":0,"likes_count":1379,"dislikes_count":0,"raw_video_id":11121697,"uploaded_by_ios_app":false,"uploaded_by_android_app":true,"media_blocks":{"uploaded_raw_videos":[],"external_raw_videos":[{"id":24742885,"title":"Я пью водку))","url":"https://vk.com/video249687433_171110248","image":"https://coub-anubis-a.akamaized.net/coub_storage/media_block/cw_image/e5a27f50def/55e292cb62446b5c17b75/1518529291_1518529284_17cfal2_att-url-download.jpg","image_retina":"https://coub-anubis-a.akamaized.net/coub_storage/media_block/cw_image/e5a27f50def/55e292cb62446b5c17b75/1518529291_1518529284_17cfal2_att-url-download.jpg","meta":{"service":"Vk","duration":"56.88"},"duration":56.88,"raw_video_id":11121697,"has_embed":false}],"remixed_from_coubs":[],"external_video":{"id":24742885,"title":"Я пью водку))","url":"https://vk.com/video249687433_171110248","image":"https://coub-anubis-a.akamaized.net/coub_storage/media_block/cw_image/e5a27f50def/55e292cb62446b5c17b75/1518529291_1518529284_17cfal2_att-url-download.jpg","image_retina":"https://coub-anubis-a.akamaized.net/coub_storage/media_block/cw_image/e5a27f50def/55e292cb62446b5c17b75/1518529291_1518529284_17cfal2_att-url-download.jpg","meta":{"service":"Vk","duration":"56.88"},"duration":56.88,"raw_video_id":11121697,"has_embed":false}},"raw_video_thumbnail_url":"/missing/missing.png","raw_video_title":"Я пью водку))","video_block_banned":false,"duration":10.0,"promo_winner":false,"promo_winner_recoubers":null,"editorial_info":{},"promo_hint":null,"beeline_best_2014":null,"from_web_editor":false,"normalize_sound":true,"normalize_change_allowed":true,"best2015_addable":false,"ahmad_promo":null,"promo_data":null,"audio_copyright_claim":null,"ads_disabled":false,"is_safe_for_ads":true,"megafon_contents":[],"position_on_page":6},{"flag":null,"abuses":null,"recoubs_by_users_channels":null,"favourite":false,"promoted_id":null,"recoub":null,"like":null,"dislike":null,"reaction":null,"in_my_best2015":false,"id":111366518,"type":"Coub::Simple","permalink":"1twc9y","title":"Russian ration","visibility_type":"public","original_visibility_type":"public","channel_id":3520913,"created_at":"2019-05-09T15:24:31Z","updated_at":"2022-02-25T10:31:40Z","is_done":true,"views_count":99514,"cotd":null,"cotd_at":null,"visible_on_explore_root":false,"visible_on_explore":false,"featured":false,"published":true,"published_at":"2019-05-09T15:24:31Z","reversed":false,"from_editor_v2":true,"is_editable":true,"original_sound":true,"has_sound":true,"recoub_to":null,"file_versions":{"html5":{"video":{"higher":{"url":"https://coub-anubis-a.akamaized.net/coub_storage/coub/simple/cw_file/fadf02b5f9d/0e7f70d50078dd2d45517/muted_mp4_huge_size_1569875829_muted_huge.mp4","size":2005045},"high":{"url":"https://coub-anubis-a.akamaized.net/coub_storage/coub/simple/cw_file/fadf02b5f9d/0e7f70d50078dd2d45517/muted_mp4_big_size_1569875829_muted_big.mp4","size":1314867},"med":{"url":"https://coub-anubis-a.akamaized.net/coub_storage/coub/simple/cw_file/fadf02b5f9d/0e7f70d50078dd2d45517/muted_mp4_med_size_1569875829_muted_med.mp4","size":521714}},"audio":{"high":{"url":"https://coub-anubis-a.akamaized.net/coub_storage/coub/simple/cw_looped_audio_high/999b6f024e1/9c3692d31f08f8b1d3634/1605671984_high_1557415475_high.mp3","size":908258},"med":{"url":"https://coub-anubis-a.akamaized.net/coub_storage/coub/simple/cw_looped_audio_med/07bd7008d08/ed07ab999c327d6a7c05a/1605671984_med_1557415475_med.mp3","size":797204},"sample_duration":10.009}},"mobile":{"video":"https://coub-anubis-a.akamaized.net/coub_storage/coub/simple/cw_file/fadf02b5f9d/0e7f70d50078dd2d45517/muted_mp4_med_size_1569875829_muted_med.mp4","audio":["https://coub-anubis-a.akamaized.net/coub_storage/coub/simple/cw_looped_audio_med/07bd7008d08/ed07ab999c327d6a7c05a/1605671984_med_1557415475_med.mp3"]},"share":{"default":"https://coub-anubis-a.akamaized.net/coub_storage/coub/simple/cw_video_for_sharing/4009217bff2/4d27fa3c57de4b495eaee/1609177923_looped_1609177923.mp4"}},"audio_versions":{},"image_versions":{"template":"https://coub-anubis-a.akamaized.net/coub_storage/coub/simple/cw_image/c094a979a21/ff0dbc60521d50bdeb67d/1557415481_00032.jpg","versions":["micro","tiny","age_restricted","ios_large","ios_mosaic","big","med","small","pinterest"]},"first_frame_versions":{"template":"https://coub-anubis-a.akamaized.net/coub_storage/coub/simple/cw_timeline_pic/adb2eecda4c/4c7b5130667bdd30c41f8/%{version}_1557415480_image.jpg","versions":["big","med","small","ios_large"]},"dimensions":{"big":[1280,720],"med":[640,360]},"site_w_h":[640,360],"page_w_h":[640,360],"site_w_h_small":[310,174],"size":[1280,720],"age_restricted":false,"age_restricted_by_admin":false,"not_safe_for_work":false,"allow_reuse":false,"dont_crop":false,"banned":false,"global_safe":false,"audio_file_url":null,"external_download":{"type":"Vk","service_name":"Vk","url":"https://vk.com/im?sel=c54&z=video-99872432_456240613","has_embed":false},"application":null,"channel":{"id":3520913,"permalink":"desuchan5","title":"Desuchan","description":null,"followers_count":45,"following_count":7,"avatar_versions":{"template":"https://coub-anubis-a.akamaized.net/coub_storage/channel/cw_avatar/97177c1bbd0/10a2905faeb29607c9a11/%{version}_1608010835_g5k5b5_1491589119_Screenshot_4.png","versions":["medium","medium_2x","profile_pic","profile_pic_new","profile_pic_new_2x","tiny","tiny_2x","small","small_2x","ios_large","ios_small"]}},"file":null,"picture":"https://coub-anubis-a.akamaized.net/coub_storage/coub/simple/cw_image/c094a979a21/ff0dbc60521d50bdeb67d/1557415481_00032.jpg","timeline_picture":"https://coub-anubis-a.akamaized.net/coub_storage/coub/simple/cw_timeline_pic/adb2eecda4c/4c7b5130667bdd30c41f8/ios_large_1557415480_image.jpg","small_picture":"https://coub-anubis-a.akamaized.net/coub_storage/coub/simple/cw_image/c094a979a21/ff0dbc60521d50bdeb67d/1557415481_00032.jpg","sharing_picture":null,"percent_done":100,"tags":[],"categories":[{"id":35,"title":"News & Politics","permalink":"news","subscriptions_count":10054614,"big_image_url":"https://coub-anubis-a.akamaized.net/coub_storage/category/cw_image/6589193546b/5ea69fd70b7b36dec144f/big_1544622133_news.png","small_image_url":"https://coub-anubis-a.akamaized.net/coub_storage/category/cw_image/6589193546b/5ea69fd70b7b36dec144f/small_1544622133_news.png","med_image_url":"https://coub-anubis-a.akamaized.net/coub_storage/category/cw_image/6589193546b/5ea69fd70b7b36dec144f/med_1544622133_news.png","visible":true}],"communities":[{"id":35,"title":"News & Politics","permalink":"news","subscriptions_count":10054614,"big_image_url":"https://coub-anubis-a.akamaized.net/coub_storage/category/cw_image/6589193546b/5ea69fd70b7b36dec144f/big_1544622133_news.png","small_image_url":"https://coub-anubis-a.akamaized.net/coub_storage/category/cw_image/6589193546b/5ea69fd70b7b36dec144f/small_1544622133_news.png","med_image_url":"https://coub-anubis-a.akamaized.net/coub_storage/category/cw_image/6589193546b/5ea69fd70b7b36dec144f/med_1544622133_news.png","i_subscribed":true,"community_notifications_enabled":null,"description":null}],"recoubs_count":286,"remixes_count":1,"likes_count":1378,"dislikes_count":0,"raw_video_id":13675648,"uploaded_by_ios_app":false,"uploaded_by_android_app":false,"media_blocks":{"uploaded_raw_videos":[],"external_raw_videos":[{"id":31728665,"title":"Видео Долбаёба","url":"https://vk.com/video-99872432_456240613","image":"https://coub-anubis-a.akamaized.net/coub_storage/media_block/cw_image/021737d918c/ebaf37411065392d19113/1557415321_r0ux26_1557415314_w8bhj7_att-url-download.jpg","image_retina":"https://coub-anubis-a.akamaized.net/coub_storage/media_block/cw_image/021737d918c/ebaf37411065392d19113/1557415321_r0ux26_1557415314_w8bhj7_att-url-download.jpg","meta":{"service":"Vk","duration":"23.88"},"duration":23.88,"raw_video_id":13675648,"has_embed":false}],"remixed_from_coubs":[],"external_video":{"id":31728665,"title":"Видео Долбаёба","url":"https://vk.com/video-99872432_456240613","image":"https://coub-anubis-a.akamaized.net/coub_storage/media_block/cw_image/021737d918c/ebaf37411065392d19113/1557415321_r0ux26_1557415314_w8bhj7_att-url-download.jpg","image_retina":"https://coub-anubis-a.akamaized.net/coub_storage/media_block/cw_image/021737d918c/ebaf37411065392d19113/1557415321_r0ux26_1557415314_w8bhj7_att-url-download.jpg","meta":{"service":"Vk","duration":"23.88"},"duration":23.88,"raw_video_id":13675648,"has_embed":false}},"raw_video_thumbnail_url":"/missing/missing.png","raw_video_title":"Видео Долбаёба","video_block_banned":false,"duration":10.0,"promo_winner":false,"promo_winner_recoubers":null,"editorial_info":{},"promo_hint":null,"beeline_best_2014":null,"from_web_editor":true,"normalize_sound":true,"normalize_change_allowed":true,"best2015_addable":false,"ahmad_promo":null,"promo_data":null,"audio_copyright_claim":null,"ads_disabled":false,"is_safe_for_ads":true,"megafon_contents":[],"position_on_page":7},{"flag":null,"abuses":null,"recoubs_by_users_channels":null,"favourite":false,"promoted_id":null,"recoub":null,"like":null,"dislike":null,"reaction":null,"in_my_best2015":false,"id":97484469,"type":"Coub::Simple","permalink":"1lmsqn","title":"Intel Core i7","visibility_type":"public","original_visibility_type":"public","channel_id":1409365,"created_at":"2019-01-10T09:18:58Z","updated_at":"2022-03-16T00:31:26Z","is_done":true,"views_count":83562,"cotd":null,"cotd_at":null,"visible_on_explore_root":false,"visible_on_explore":false,"featured":false,"published":true,"published_at":"2019-01-10T09:18:58Z","reversed":false,"from_editor_v2":true,"is_editable":true,"original_sound":false,"has_sound":false,"recoub_to":null,"file_versions":{"html5":{"video":{"higher":{"url":"https://coub-anubis-a.akamaized.net/coub_storage/coub/simple/cw_file/9051f5f5b79/96ba1b0c243348f9c8a44/muted_mp4_huge_size_1569753250_muted_huge.mp4","size":1812080},"high":{"url":"https://coub-anubis-a.akamaized.net/coub_storage/coub/simple/cw_file/9051f5f5b79/96ba1b0c243348f9c8a44/muted_mp4_big_size_1569753250_muted_big.mp4","size":1306733},"med":{"url":"https://coub-anubis-a.akamaized.net/coub_storage/coub/simple/cw_file/9051f5f5b79/96ba1b0c243348f9c8a44/muted_mp4_med_size_1569753250_muted_med.mp4","size":381214}},"audio":{"high":{"url":"https://coub-anubis-a.akamaized.net/coub_storage/coub/simple/cw_looped_audio_high/d57f2ac6699/0fe34c00e77f22c7f0d71/1605666050_high_1547112173_high.mp3","size":1057947},"med":{"url":"https://coub-anubis-a.akamaized.net/coub_storage/coub/simple/cw_looped_audio_med/3ea5b3f1021/2d7ae923c6319556653bb/1605666049_med_1547112173_med.mp3","size":862773}}},"mobile":{"video":"https://coub-anubis-a.akamaized.net/coub_storage/coub/simple/cw_file/9051f5f5b79/96ba1b0c243348f9c8a44/muted_mp4_med_size_1569753250_muted_med.mp4","audio":["https://coub-anubis-a.akamaized.net/coub_storage/coub/simple/cw_looped_audio_med/3ea5b3f1021/2d7ae923c6319556653bb/1605666049_med_1547112173_med.mp3"]},"share":{"default":"https://coub-anubis-a.akamaized.net/coub_storage/coub/simple/cw_video_for_sharing/df2ff2d2eeb/2294b7b8d1bbe6143097d/1609165530_looped_1609165527.mp4"}},"audio_versions":{"template":"https://coub-anubis-a.akamaized.net/coub_storage/audio_track/cw_normalized_copy/29f1276f0d2/217edc79f23fd12009fa3/mid_1547112170_normalized_1547112167_19qlvi0_edited.mp3","versions":["mid","low"]},"image_versions":{"template":"https://coub-anubis-a.akamaized.net/coub_storage/coub/simple/cw_image/826f1f05ae6/46ee5337e061a9d997142/1547112183_00032.jpg","versions":["micro","tiny","age_restricted","ios_large","ios_mosaic","big","med","small","pinterest"]},"first_frame_versions":{"template":"https://coub-anubis-a.akamaized.net/coub_storage/coub/simple/cw_timeline_pic/eaf1479b30a/4ca23e83256edcb33a47b/%{version}_1547112182_image.jpg","versions":["big","med","small","ios_large"]},"dimensions":{"big":[1280,720],"med":[640,360]},"site_w_h":[640,360],"page_w_h":[640,360],"site_w_h_small":[310,174],"size":[1280,720],"age_restricted":false,"age_restricted_by_admin":false,"not_safe_for_work":false,"allow_reuse":false,"dont_crop":false,"banned":false,"global_safe":false,"audio_file_url":"https://coub-anubis-a.akamaized.net/coub_storage/audio_track/cw_normalized_copy/29f1276f0d2/217edc79f23fd12009fa3/low_1547112170_normalized_1547112167_19qlvi0_edited.mp3","external_download":{"type":"Youtube","service_name":"YouTube","url":"https://www.youtube.com/watch?v=JsL-fVgKpYk","has_embed":true},"application":null,"channel":{"id":1409365,"permalink":"vppvppvpp","title":"VPP","description":null,"followers_count":149,"following_count":3,"avatar_versions":{"template":"https://coub-anubis-a.akamaized.net/coub_storage/channel/cw_avatar/31ebbab082b/935988b30ba2e2a1acf02/%{version}_1607422031_98jdq4_1474701481_14514524.jpg","versions":["medium","medium_2x","profile_pic","profile_pic_new","profile_pic_new_2x","tiny","tiny_2x","small","small_2x","ios_large","ios_small"]}},"file":null,"picture":"https://coub-anubis-a.akamaized.net/coub_storage/coub/simple/cw_image/826f1f05ae6/46ee5337e061a9d997142/1547112183_00032.jpg","timeline_picture":"https://coub-anubis-a.akamaized.net/coub_storage/coub/simple/cw_timeline_pic/eaf1479b30a/4ca23e83256edcb33a47b/ios_large_1547112182_image.jpg","small_picture":"https://coub-anubis-a.akamaized.net/coub_storage/coub/simple/cw_image/826f1f05ae6/46ee5337e061a9d997142/1547112183_00032.jpg","sharing_picture":null,"percent_done":100,"tags":[{"id":2240,"title":"apple","value":"apple"},{"id":2552520,"title":"ай как просто","value":"%D0%B0%D0%B9%20%D0%BA%D0%B0%D0%BA%20%D0%BF%D1%80%D0%BE%D1%81%D1%82%D0%BE"},{"id":339251,"title":"apple event","value":"apple%20event"},{"id":9783,"title":"китай","value":"%D0%BA%D0%B8%D1%82%D0%B0%D0%B9"},{"id":3424914,"title":"торговая война","value":"%D1%82%D0%BE%D1%80%D0%B3%D0%BE%D0%B2%D0%B0%D1%8F%20%D0%B2%D0%BE%D0%B9%D0%BD%D0%B0"},{"id":4592277,"title":"торговая война между китаем и сша","value":"%D1%82%D0%BE%D1%80%D0%B3%D0%BE%D0%B2%D0%B0%D1%8F%20%D0%B2%D0%BE%D0%B9%D0%BD%D0%B0%20%D0%BC%D0%B5%D0%B6%D0%B4%D1%83%20%D0%BA%D0%B8%D1%82%D0%B0%D0%B5%D0%BC%20%D0%B8%20%D1%81%D1%88%D0%B0"},{"id":204686,"title":"huawei","value":"huawei"},{"id":28231,"title":"германия","value":"%D0%B3%D0%B5%D1%80%D0%BC%D0%B0%D0%BD%D0%B8%D1%8F"},{"id":3579,"title":"iphone","value":"iphone"},{"id":4592278,"title":"запрет продажи айфонов в китае","value":"%D0%B7%D0%B0%D0%BF%D1%80%D0%B5%D1%82%20%D0%BF%D1%80%D0%BE%D0%B4%D0%B0%D0%B6%D0%B8%20%D0%B0%D0%B9%D1%84%D0%BE%D0%BD%D0%BE%D0%B2%20%D0%B2%20%D0%BA%D0%B8%D1%82%D0%B0%D0%B5"},{"id":4592279,"title":"запрет продажи iphone в китае","value":"%D0%B7%D0%B0%D0%BF%D1%80%D0%B5%D1%82%20%D0%BF%D1%80%D0%BE%D0%B4%D0%B0%D0%B6%D0%B8%20iphone%20%D0%B2%20%D0%BA%D0%B8%D1%82%D0%B0%D0%B5"},{"id":628726,"title":"iphone 6s","value":"iphone%206s"},{"id":716436,"title":"iphone 7","value":"iphone%207"},{"id":1930877,"title":"iphone 8","value":"iphone%208"},{"id":2710073,"title":"iphone x","value":"iphone%20x"},{"id":4222441,"title":"iphone xs","value":"iphone%20xs"},{"id":46652,"title":"qualcomm","value":"qualcomm"},{"id":3935537,"title":"стас ай как просто","value":"%D1%81%D1%82%D0%B0%D1%81%20%D0%B0%D0%B9%20%D0%BA%D0%B0%D0%BA%20%D0%BF%D1%80%D0%BE%D1%81%D1%82%D0%BE"},{"id":4281290,"title":"2018 iphone","value":"2018%20iphone"},{"id":3022782,"title":"iphone 8 plus","value":"iphone%208%20plus"},{"id":141996,"title":"apple iphone","value":"apple%20iphone"},{"id":4279381,"title":"iphone xs max","value":"iphone%20xs%20max"},{"id":160293,"title":"2018","value":"2018"},{"id":34713,"title":"unboxing","value":"unboxing"},{"id":4272974,"title":"iphone xs plus","value":"iphone%20xs%20plus"},{"id":3385276,"title":"iphone x plus","value":"iphone%20x%20plus"},{"id":556734,"title":"unbox therapy","value":"unbox%20therapy"},{"id":4281292,"title":"iphone xs unboxing","value":"iphone%20xs%20unboxing"},{"id":4277622,"title":"iphone xr","value":"iphone%20xr"},{"id":4281289,"title":"iphone xs review","value":"iphone%20xs%20review"},{"id":4270044,"title":"xs max","value":"xs%20max"},{"id":21195,"title":"review","value":"review"},{"id":3658134,"title":"galaxy s9","value":"galaxy%20s9"},{"id":543923,"title":"apple watch","value":"apple%20watch"}],"categories":[{"id":35,"title":"News & Politics","permalink":"news","subscriptions_count":10054614,"big_image_url":"https://coub-anubis-a.akamaized.net/coub_storage/category/cw_image/6589193546b/5ea69fd70b7b36dec144f/big_1544622133_news.png","small_image_url":"https://coub-anubis-a.akamaized.net/coub_storage/category/cw_image/6589193546b/5ea69fd70b7b36dec144f/small_1544622133_news.png","med_image_url":"https://coub-anubis-a.akamaized.net/coub_storage/category/cw_image/6589193546b/5ea69fd70b7b36dec144f/med_1544622133_news.png","visible":true}],"communities":[{"id":35,"title":"News & Politics","permalink":"news","subscriptions_count":10054614,"big_image_url":"https://coub-anubis-a.akamaized.net/coub_storage/category/cw_image/6589193546b/5ea69fd70b7b36dec144f/big_1544622133_news.png","small_image_url":"https://coub-anubis-a.akamaized.net/coub_storage/category/cw_image/6589193546b/5ea69fd70b7b36dec144f/small_1544622133_news.png","med_image_url":"https://coub-anubis-a.akamaized.net/coub_storage/category/cw_image/6589193546b/5ea69fd70b7b36dec144f/med_1544622133_news.png","i_subscribed":true,"community_notifications_enabled":null,"description":null}],"recoubs_count":235,"remixes_count":0,"likes_count":1378,"dislikes_count":0,"raw_video_id":12997567,"uploaded_by_ios_app":false,"uploaded_by_android_app":false,"media_blocks":{"uploaded_raw_videos":[],"external_raw_videos":[{"id":29908246,"title":" ПАДЕНИЕ APPLE!","url":"https://www.youtube.com/watch?v=JsL-fVgKpYk","image":"https://coub-anubis-a.akamaized.net/coub_storage/media_block/cw_image/bb76f3007d2/d32bf244baf93a6adeec0/1546885588_1fy9rra_1546885360_ltndbi_att-url-download.jpg","image_retina":"https://coub-anubis-a.akamaized.net/coub_storage/media_block/cw_image/bb76f3007d2/d32bf244baf93a6adeec0/1546885588_1fy9rra_1546885360_ltndbi_att-url-download.jpg","meta":{"service":"Youtube","duration":"1025.92"},"duration":1025.92,"raw_video_id":12997567,"has_embed":true}],"remixed_from_coubs":[],"external_video":{"id":29908246,"title":" ПАДЕНИЕ APPLE!","url":"https://www.youtube.com/watch?v=JsL-fVgKpYk","image":"https://coub-anubis-a.akamaized.net/coub_storage/media_block/cw_image/bb76f3007d2/d32bf244baf93a6adeec0/1546885588_1fy9rra_1546885360_ltndbi_att-url-download.jpg","image_retina":"https://coub-anubis-a.akamaized.net/coub_storage/media_block/cw_image/bb76f3007d2/d32bf244baf93a6adeec0/1546885588_1fy9rra_1546885360_ltndbi_att-url-download.jpg","meta":{"service":"Youtube","duration":"1025.92"},"duration":1025.92,"raw_video_id":12997567,"has_embed":true}},"raw_video_thumbnail_url":"/missing/missing.png","raw_video_title":" ПАДЕНИЕ APPLE!","video_block_banned":false,"duration":10.0,"promo_winner":false,"promo_winner_recoubers":null,"editorial_info":{},"promo_hint":null,"beeline_best_2014":null,"from_web_editor":true,"normalize_sound":true,"normalize_change_allowed":true,"best2015_addable":false,"ahmad_promo":null,"promo_data":null,"audio_copyright_claim":null,"ads_disabled":false,"is_safe_for_ads":true,"megafon_contents":[],"position_on_page":8},{"flag":null,"abuses":null,"recoubs_by_users_channels":null,"favourite":false,"promoted_id":null,"recoub":null,"like":null,"dislike":null,"reaction":null,"in_my_best2015":false,"id":10201503,"type":"Coub::Simple","permalink":"5mi6q","title":"Oooops....!","visibility_type":"public","original_visibility_type":"public","channel_id":192807,"created_at":"2015-03-26T19:09:15Z","updated_at":"2022-03-09T16:44:44Z","is_done":true,"views_count":30024,"cotd":null,"cotd_at":null,"visible_on_explore_root":false,"visible_on_explore":false,"featured":false,"published":true,"published_at":"2015-03-26T19:09:15Z","reversed":false,"from_editor_v2":true,"is_editable":true,"original_sound":false,"has_sound":false,"recoub_to":null,"file_versions":{"html5":{"video":{"higher":{"url":"https://coub-anubis-a.akamaized.net/coub_storage/coub/simple/cw_file/362d8e705e8/bedc2d32ccf501736455d/muted_mp4_huge_size_1567760687_muted_huge.mp4","size":1404109},"high":{"url":"https://coub-anubis-a.akamaized.net/coub_storage/coub/simple/cw_file/362d8e705e8/bedc2d32ccf501736455d/muted_mp4_big_size_1567760687_muted_big.mp4","size":927727},"med":{"url":"https://coub-anubis-a.akamaized.net/coub_storage/coub/simple/cw_file/362d8e705e8/bedc2d32ccf501736455d/muted_mp4_med_size_1567760687_muted_med.mp4","size":277400}},"audio":{"high":{"url":"https://coub-anubis-a.akamaized.net/coub_storage/coub/simple/cw_looped_audio_high/7e2b8fa917d/eebc429534e37f67585fe/1605448385_high_1471765787_high.mp3","size":3292575},"med":{"url":"https://coub-anubis-a.akamaized.net/coub_storage/coub/simple/cw_looped_audio_med/240ceb503e0/8bc1f932d8ba78800237d/1605448385_med_1471765787_med.mp3","size":2863981}}},"mobile":{"video":"https://coub-anubis-a.akamaized.net/coub_storage/coub/simple/cw_file/362d8e705e8/bedc2d32ccf501736455d/muted_mp4_med_size_1567760687_muted_med.mp4","audio":["https://coub-anubis-a.akamaized.net/coub_storage/coub/simple/cw_looped_audio_med/240ceb503e0/8bc1f932d8ba78800237d/1605448385_med_1471765787_med.mp3"]},"share":{"default":"https://coub-anubis-a.akamaized.net/coub_storage/coub/simple/cw_video_for_sharing/6dc8cd337dd/0bb4be9e3464279595675/1609619389_looped_1609619388.mp4"}},"audio_versions":{"template":"https://coub-anubis-a.akamaized.net/coub_storage/audio_track/cw_normalized_copy/beeddc5f190/6b5b4340cdeb197cf8127/mid_1541280936_1471121245_audio.mp3","versions":["mid","low"]},"image_versions":{"template":"https://coub-anubis-a.akamaized.net/coub_storage/coub/simple/cw_image/3fee573c69c/c1af535c52845b6c2c8cb/1471765637_00021.jpg","versions":["micro","tiny","age_restricted","ios_large","ios_mosaic","big","med","small","pinterest"]},"first_frame_versions":{"template":"https://coub-anubis-a.akamaized.net/coub_storage/coub/simple/cw_timeline_pic/3928f8f9c94/bb319acd28536a6b97e72/%{version}_1471765664_image.jpg","versions":["big","med","small","ios_large"]},"dimensions":{"big":[1280,720],"med":[640,360]},"site_w_h":[640,360],"page_w_h":[640,360],"site_w_h_small":[310,174],"size":[1280,720],"age_restricted":false,"age_restricted_by_admin":false,"not_safe_for_work":false,"allow_reuse":false,"dont_crop":false,"banned":false,"global_safe":true,"audio_file_url":"https://coub-anubis-a.akamaized.net/coub_storage/audio_track/cw_normalized_copy/beeddc5f190/6b5b4340cdeb197cf8127/low_1541280936_1471121245_audio.mp3","external_download":false,"application":null,"channel":{"id":192807,"permalink":"undregor","title":"undregor","description":null,"followers_count":49,"following_count":8,"avatar_versions":{"template":"https://coub-anubis-a.akamaized.net/coub_storage/channel/cw_avatar/003992eedb8/274ad515923342703bff4/%{version}_1474491829_1xehot1_att-url-download.jpg","versions":["medium","medium_2x","profile_pic","profile_pic_new","profile_pic_new_2x","tiny","tiny_2x","small","small_2x","ios_large","ios_small"]}},"file":null,"picture":"https://coub-anubis-a.akamaized.net/coub_storage/coub/simple/cw_image/3fee573c69c/c1af535c52845b6c2c8cb/1471765637_00021.jpg","timeline_picture":"https://coub-anubis-a.akamaized.net/coub_storage/coub/simple/cw_timeline_pic/3928f8f9c94/bb319acd28536a6b97e72/ios_large_1471765664_image.jpg","small_picture":"https://coub-anubis-a.akamaized.net/coub_storage/coub/simple/cw_image/3fee573c69c/c1af535c52845b6c2c8cb/1471765637_00021.jpg","sharing_picture":null,"percent_done":100,"tags":[],"categories":[{"id":35,"title":"News & Politics","permalink":"news","subscriptions_count":10054614,"big_image_url":"https://coub-anubis-a.akamaized.net/coub_storage/category/cw_image/6589193546b/5ea69fd70b7b36dec144f/big_1544622133_news.png","small_image_url":"https://coub-anubis-a.akamaized.net/coub_storage/category/cw_image/6589193546b/5ea69fd70b7b36dec144f/small_1544622133_news.png","med_image_url":"https://coub-anubis-a.akamaized.net/coub_storage/category/cw_image/6589193546b/5ea69fd70b7b36dec144f/med_1544622133_news.png","visible":true}],"communities":[{"id":35,"title":"News & Politics","permalink":"news","subscriptions_count":10054614,"big_image_url":"https://coub-anubis-a.akamaized.net/coub_storage/category/cw_image/6589193546b/5ea69fd70b7b36dec144f/big_1544622133_news.png","small_image_url":"https://coub-anubis-a.akamaized.net/coub_storage/category/cw_image/6589193546b/5ea69fd70b7b36dec144f/small_1544622133_news.png","med_image_url":"https://coub-anubis-a.akamaized.net/coub_storage/category/cw_image/6589193546b/5ea69fd70b7b36dec144f/med_1544622133_news.png","i_subscribed":true,"community_notifications_enabled":null,"description":null}],"recoubs_count":418,"remixes_count":2,"likes_count":1378,"dislikes_count":0,"raw_video_id":1395240,"uploaded_by_ios_app":false,"uploaded_by_android_app":false,"media_blocks":{"uploaded_raw_videos":[],"external_raw_videos":[],"remixed_from_coubs":[],"audio_track":{"id":19552477,"title":"Oooops....! I Did It Again!","url":null,"image":null,"image_retina":null,"meta":{"year":"0","album":"The Best Hits","title":"Oooops....! I Did It Again!","artist":"Palast Orchester","echonest_id":null},"duration":null,"amazon_url":null,"google_play_url":null,"bandcamp_url":null,"soundcloud_url":null,"track_name":null,"track_artist":null,"track_album":null,"itunes_url":null}},"raw_video_thumbnail_url":"/missing/missing.png","raw_video_title":"Oooops....!","video_block_banned":false,"duration":6.68,"promo_winner":false,"promo_winner_recoubers":null,"editorial_info":{},"promo_hint":null,"beeline_best_2014":null,"from_web_editor":true,"normalize_sound":true,"normalize_change_allowed":true,"best2015_addable":false,"ahmad_promo":null,"promo_data":null,"audio_copyright_claim":null,"ads_disabled":null,"is_safe_for_ads":true,"megafon_contents":[],"position_on_page":9},{"flag":null,"abuses":null,"recoubs_by_users_channels":null,"favourite":false,"promoted_id":null,"recoub":null,"like":null,"dislike":null,"reaction":null,"in_my_best2015":false,"id":136304745,"type":"Coub::Simple","permalink":"28sscf","title":"беспилотный Воронеж","visibility_type":"public","original_visibility_type":"public","channel_id":2838779,"created_at":"2020-02-05T19:01:55Z","updated_at":"2022-03-07T02:22:11Z","is_done":true,"views_count":134259,"cotd":null,"cotd_at":null,"visible_on_explore_root":false,"visible_on_explore":false,"featured":false,"published":true,"published_at":"2020-02-05T19:01:55Z","reversed":false,"from_editor_v2":true,"is_editable":true,"original_sound":true,"has_sound":true,"recoub_to":null,"file_versions":{"html5":{"video":{"higher":{"url":"https://coub-anubis-a.akamaized.net/coub_storage/coub/simple/cw_file/676efd6068b/4892c508458ed6cd7552e/muted_mp4_huge_size_1580929522_muted_huge.mp4","size":4924989},"high":{"url":"https://coub-anubis-a.akamaized.net/coub_storage/coub/simple/cw_file/676efd6068b/4892c508458ed6cd7552e/muted_mp4_big_size_1580929522_muted_big.mp4","size":3753485},"med":{"url":"https://coub-anubis-a.akamaized.net/coub_storage/coub/simple/cw_file/676efd6068b/4892c508458ed6cd7552e/muted_mp4_med_size_1580929522_muted_med.mp4","size":1232383}},"audio":{"high":{"url":"https://coub-anubis-a.akamaized.net/coub_storage/coub/simple/cw_looped_audio_high/09a25eb4435/b094559ebb8dd696cd09a/1605706523_high_1580929522_high.mp3","size":1127798},"med":{"url":"https://coub-anubis-a.akamaized.net/coub_storage/coub/simple/cw_looped_audio_med/3a4c28b26ac/d511daa129f3326b8c19f/1605706523_med_1580929522_med.mp3","size":873615},"sample_duration":9.125}},"mobile":{"video":"https://coub-anubis-a.akamaized.net/coub_storage/coub/simple/cw_file/676efd6068b/4892c508458ed6cd7552e/muted_mp4_med_size_1580929522_muted_med.mp4","audio":["https://coub-anubis-a.akamaized.net/coub_storage/coub/simple/cw_looped_audio_med/3a4c28b26ac/d511daa129f3326b8c19f/1605706523_med_1580929522_med.mp3"]},"share":{"default":"https://coub-anubis-a.akamaized.net/coub_storage/coub/simple/cw_video_for_sharing/a527f1f1290/ff08de7f3372e6c13f4dc/1608442981_looped_1608442980.mp4"}},"audio_versions":{},"image_versions":{"template":"https://coub-anubis-a.akamaized.net/coub_storage/coub/simple/cw_image/ef5cdd8353b/cab88146947f0e8a31f2a/1580929530_00029.jpg","versions":["micro","tiny","age_restricted","ios_large","ios_mosaic","big","med","small","pinterest"]},"first_frame_versions":{"template":"https://coub-anubis-a.akamaized.net/coub_storage/coub/simple/cw_timeline_pic/f5c9e64ad98/64aac3d73c6027622b22e/%{version}_1580929529_image.jpg","versions":["big","med","small","ios_large"]},"dimensions":{"big":[1280,720],"med":[640,360]},"site_w_h":[640,360],"page_w_h":[640,360],"site_w_h_small":[310,174],"size":[1280,720],"age_restricted":false,"age_restricted_by_admin":false,"not_safe_for_work":false,"allow_reuse":false,"dont_crop":false,"banned":false,"global_safe":false,"audio_file_url":null,"external_download":{"type":"Youtube","service_name":"YouTube","url":"https://www.youtube.com/watch?v=u-D3NJ7V4kM","has_embed":true},"application":null,"channel":{"id":2838779,"permalink":"jenjensen","title":"jenjensen","description":"Audire disce, si nescis loqui","followers_count":458,"following_count":29,"avatar_versions":{"template":"https://coub-anubis-a.akamaized.net/coub_storage/channel/cw_avatar/2e1ccaaa669/09c0ca1d66eb9f508311f/%{version}_1607422030_8oso6g_1477670126_1470723421_1382492592_image.jpg","versions":["medium","medium_2x","profile_pic","profile_pic_new","profile_pic_new_2x","tiny","tiny_2x","small","small_2x","ios_large","ios_small"]}},"file":null,"picture":"https://coub-anubis-a.akamaized.net/coub_storage/coub/simple/cw_image/ef5cdd8353b/cab88146947f0e8a31f2a/1580929530_00029.jpg","timeline_picture":"https://coub-anubis-a.akamaized.net/coub_storage/coub/simple/cw_timeline_pic/f5c9e64ad98/64aac3d73c6027622b22e/ios_large_1580929529_image.jpg","small_picture":"https://coub-anubis-a.akamaized.net/coub_storage/coub/simple/cw_image/ef5cdd8353b/cab88146947f0e8a31f2a/1580929530_00029.jpg","sharing_picture":null,"percent_done":100,"tags":[{"id":3797,"title":"лукашенко","value":"%D0%BB%D1%83%D0%BA%D0%B0%D1%88%D0%B5%D0%BD%D0%BA%D0%BE"},{"id":19982,"title":"беларусь","value":"%D0%B1%D0%B5%D0%BB%D0%B0%D1%80%D1%83%D1%81%D1%8C"},{"id":5459050,"title":"лукашенко и помпео","value":"%D0%BB%D1%83%D0%BA%D0%B0%D1%88%D0%B5%D0%BD%D0%BA%D0%BE%20%D0%B8%20%D0%BF%D0%BE%D0%BC%D0%BF%D0%B5%D0%BE"},{"id":2799,"title":"нефть","value":"%D0%BD%D0%B5%D1%84%D1%82%D1%8C"},{"id":4753,"title":"сша","value":"%D1%81%D1%88%D0%B0"},{"id":3143,"title":"америка","value":"%D0%B0%D0%BC%D0%B5%D1%80%D0%B8%D0%BA%D0%B0"},{"id":266301,"title":"сша против россии","value":"%D1%81%D1%88%D0%B0%20%D0%BF%D1%80%D0%BE%D1%82%D0%B8%D0%B2%20%D1%80%D0%BE%D1%81%D1%81%D0%B8%D0%B8"},{"id":1265,"title":"россия","value":"%D1%80%D0%BE%D1%81%D1%81%D0%B8%D1%8F"},{"id":73,"title":"путин","value":"%D0%BF%D1%83%D1%82%D0%B8%D0%BD"},{"id":5459051,"title":"эрдоган слава украине","value":"%D1%8D%D1%80%D0%B4%D0%BE%D0%B3%D0%B0%D0%BD%20%D1%81%D0%BB%D0%B0%D0%B2%D0%B0%20%D1%83%D0%BA%D1%80%D0%B0%D0%B8%D0%BD%D0%B5"},{"id":627463,"title":"эрдоган","value":"%D1%8D%D1%80%D0%B4%D0%BE%D0%B3%D0%B0%D0%BD"},{"id":5455089,"title":"эрдоган в киеве","value":"%D1%8D%D1%80%D0%B4%D0%BE%D0%B3%D0%B0%D0%BD%20%D0%B2%20%D0%BA%D0%B8%D0%B5%D0%B2%D0%B5"},{"id":5459052,"title":"эрдоган в украине","value":"%D1%8D%D1%80%D0%B4%D0%BE%D0%B3%D0%B0%D0%BD%20%D0%B2%20%D1%83%D0%BA%D1%80%D0%B0%D0%B8%D0%BD%D0%B5"},{"id":40509,"title":"крым","value":"%D0%BA%D1%80%D1%8B%D0%BC"},{"id":1024679,"title":"удар в спину","value":"%D1%83%D0%B4%D0%B0%D1%80%20%D0%B2%20%D1%81%D0%BF%D0%B8%D0%BD%D1%83"},{"id":3002,"title":"новости","value":"%D0%BD%D0%BE%D0%B2%D0%BE%D1%81%D1%82%D0%B8"},{"id":29216,"title":"новости сегодня","value":"%D0%BD%D0%BE%D0%B2%D0%BE%D1%81%D1%82%D0%B8%20%D1%81%D0%B5%D0%B3%D0%BE%D0%B4%D0%BD%D1%8F"},{"id":23074,"title":"новости россии","value":"%D0%BD%D0%BE%D0%B2%D0%BE%D1%81%D1%82%D0%B8%20%D1%80%D0%BE%D1%81%D1%81%D0%B8%D0%B8"},{"id":4014438,"title":"новости сверхдержавы","value":"%D0%BD%D0%BE%D0%B2%D0%BE%D1%81%D1%82%D0%B8%20%D1%81%D0%B2%D0%B5%D1%80%D1%85%D0%B4%D0%B5%D1%80%D0%B6%D0%B0%D0%B2%D1%8B"},{"id":66,"title":"политика","value":"%D0%BF%D0%BE%D0%BB%D0%B8%D1%82%D0%B8%D0%BA%D0%B0"},{"id":231713,"title":"политика россии","value":"%D0%BF%D0%BE%D0%BB%D0%B8%D1%82%D0%B8%D0%BA%D0%B0%20%D1%80%D0%BE%D1%81%D1%81%D0%B8%D0%B8"},{"id":171787,"title":"политика путина","value":"%D0%BF%D0%BE%D0%BB%D0%B8%D1%82%D0%B8%D0%BA%D0%B0%20%D0%BF%D1%83%D1%82%D0%B8%D0%BD%D0%B0"},{"id":5459053,"title":"политика путина привела россию в тупик","value":"%D0%BF%D0%BE%D0%BB%D0%B8%D1%82%D0%B8%D0%BA%D0%B0%20%D0%BF%D1%83%D1%82%D0%B8%D0%BD%D0%B0%20%D0%BF%D1%80%D0%B8%D0%B2%D0%B5%D0%BB%D0%B0%20%D1%80%D0%BE%D1%81%D1%81%D0%B8%D1%8E%20%D0%B2%20%D1%82%D1%83%D0%BF%D0%B8%D0%BA"},{"id":94355,"title":"внешняя политика","value":"%D0%B2%D0%BD%D0%B5%D1%88%D0%BD%D1%8F%D1%8F%20%D0%BF%D0%BE%D0%BB%D0%B8%D1%82%D0%B8%D0%BA%D0%B0"}],"categories":[{"id":35,"title":"News & Politics","permalink":"news","subscriptions_count":10054614,"big_image_url":"https://coub-anubis-a.akamaized.net/coub_storage/category/cw_image/6589193546b/5ea69fd70b7b36dec144f/big_1544622133_news.png","small_image_url":"https://coub-anubis-a.akamaized.net/coub_storage/category/cw_image/6589193546b/5ea69fd70b7b36dec144f/small_1544622133_news.png","med_image_url":"https://coub-anubis-a.akamaized.net/coub_storage/category/cw_image/6589193546b/5ea69fd70b7b36dec144f/med_1544622133_news.png","visible":true}],"communities":[{"id":35,"title":"News & Politics","permalink":"news","subscriptions_count":10054614,"big_image_url":"https://coub-anubis-a.akamaized.net/coub_storage/category/cw_image/6589193546b/5ea69fd70b7b36dec144f/big_1544622133_news.png","small_image_url":"https://coub-anubis-a.akamaized.net/coub_storage/category/cw_image/6589193546b/5ea69fd70b7b36dec144f/small_1544622133_news.png","med_image_url":"https://coub-anubis-a.akamaized.net/coub_storage/category/cw_image/6589193546b/5ea69fd70b7b36dec144f/med_1544622133_news.png","i_subscribed":true,"community_notifications_enabled":null,"description":null}],"recoubs_count":264,"remixes_count":0,"likes_count":1377,"dislikes_count":0,"raw_video_id":14785211,"uploaded_by_ios_app":false,"uploaded_by_android_app":false,"media_blocks":{"uploaded_raw_videos":[],"external_raw_videos":[{"id":34702193,"title":"Лукашенко и Эрдоган нанесли удар в спину Путина","url":"https://www.youtube.com/watch?v=u-D3NJ7V4kM","image":"https://coub-anubis-a.akamaized.net/coub_storage/media_block/cw_image/d662ff8e0cc/426c26eb65a4a9d222700/1580929141_a03ulk_1580928904_1ke7hco_att-url-download.jpg","image_retina":"https://coub-anubis-a.akamaized.net/coub_storage/media_block/cw_image/d662ff8e0cc/426c26eb65a4a9d222700/1580929141_a03ulk_1580928904_1ke7hco_att-url-download.jpg","meta":{"service":"Youtube","duration":"800.08"},"duration":800.08,"raw_video_id":14785211,"has_embed":true}],"remixed_from_coubs":[],"external_video":{"id":34702193,"title":"Лукашенко и Эрдоган нанесли удар в спину Путина","url":"https://www.youtube.com/watch?v=u-D3NJ7V4kM","image":"https://coub-anubis-a.akamaized.net/coub_storage/media_block/cw_image/d662ff8e0cc/426c26eb65a4a9d222700/1580929141_a03ulk_1580928904_1ke7hco_att-url-download.jpg","image_retina":"https://coub-anubis-a.akamaized.net/coub_storage/media_block/cw_image/d662ff8e0cc/426c26eb65a4a9d222700/1580929141_a03ulk_1580928904_1ke7hco_att-url-download.jpg","meta":{"service":"Youtube","duration":"800.08"},"duration":800.08,"raw_video_id":14785211,"has_embed":true}},"raw_video_thumbnail_url":"/missing/missing.png","raw_video_title":"Лукашенко и Эрдоган нанесли удар в спину Путина","video_block_banned":false,"duration":9.08,"promo_winner":false,"promo_winner_recoubers":null,"editorial_info":{},"promo_hint":null,"beeline_best_2014":null,"from_web_editor":true,"normalize_sound":true,"normalize_change_allowed":true,"best2015_addable":false,"ahmad_promo":null,"promo_data":null,"audio_copyright_claim":null,"ads_disabled":false,"is_safe_for_ads":true,"megafon_contents":[],"position_on_page":10}]}