{"page":392,"per_page":10,"total_pages":500,"coubs":[{"flag":null,"abuses":null,"recoubs_by_users_channels":null,"favourite":false,"promoted_id":null,"recoub":null,"like":null,"dislike":null,"reaction":null,"in_my_best2015":false,"id":151425324,"type":"Coub::Simple","permalink":"2ht39s","title":"Атака на титана","visibility_type":"public","original_visibility_type":"public","channel_id":3997789,"created_at":"2020-08-09T23:46:10Z","updated_at":"2021-12-24T18:19:55Z","is_done":true,"views_count":79412,"cotd":null,"cotd_at":null,"visible_on_explore_root":false,"visible_on_explore":false,"featured":false,"published":true,"published_at":"2020-08-09T23:46:10Z","reversed":false,"from_editor_v2":true,"is_editable":true,"original_sound":false,"has_sound":false,"recoub_to":null,"file_versions":{"html5":{"video":{"higher":{"url":"https://coub-anubis-a.akamaized.net/coub_storage/coub/simple/cw_file/6f296724726/5f303b3d3c1d43bb2be38/muted_mp4_huge_size_1597016800_muted_huge.mp4","size":2487811},"high":{"url":"https://coub-anubis-a.akamaized.net/coub_storage/coub/simple/cw_file/6f296724726/5f303b3d3c1d43bb2be38/muted_mp4_big_size_1597016800_muted_big.mp4","size":1671925},"med":{"url":"https://coub-anubis-a.akamaized.net/coub_storage/coub/simple/cw_file/6f296724726/5f303b3d3c1d43bb2be38/muted_mp4_med_size_1597016800_muted_med.mp4","size":441203}},"audio":{"high":{"url":"https://coub-anubis-a.akamaized.net/coub_storage/coub/simple/cw_looped_audio_high/0338cba7ba9/c39923099020833e2eb2e/1607305811_high_1597016864_high.mp3","size":7235022},"med":{"url":"https://coub-anubis-a.akamaized.net/coub_storage/coub/simple/cw_looped_audio_med/8c3c3fc9bfd/17cfbe3454e108c83f262/1607305810_med_1597016864_med.mp3","size":5587383}}},"mobile":{"video":"https://coub-anubis-a.akamaized.net/coub_storage/coub/simple/cw_file/6f296724726/5f303b3d3c1d43bb2be38/muted_mp4_med_size_1597016800_muted_med.mp4","audio":["https://coub-anubis-a.akamaized.net/coub_storage/coub/simple/cw_looped_audio_med/8c3c3fc9bfd/17cfbe3454e108c83f262/1607305810_med_1597016864_med.mp3"]},"share":{"default":null}},"audio_versions":{"template":"https://coub-anubis-a.akamaized.net/coub_storage/audio_track/cw_file/cb85fd4047f/36da675ccd2a95693c2bb/mid_1597016812_qgedre_edited.mp3","versions":["mid","low"]},"image_versions":{"template":"https://coub-anubis-a.akamaized.net/coub_storage/coub/simple/cw_image/984d2f2bdb4/057745056c5530e05e685/1597016892_00032.jpg","versions":["micro","tiny","age_restricted","ios_large","ios_mosaic","big","med","small","pinterest"]},"first_frame_versions":{"template":"https://coub-anubis-a.akamaized.net/coub_storage/coub/simple/cw_timeline_pic/bcb649fab54/1f3748734268d26b29c03/%{version}_1597016890_image.jpg","versions":["big","med","small","ios_large"]},"dimensions":{"big":[1280,704],"med":[640,352]},"site_w_h":[640,352],"page_w_h":[640,352],"site_w_h_small":[310,171],"size":[1280,704],"age_restricted":false,"age_restricted_by_admin":false,"not_safe_for_work":false,"allow_reuse":false,"dont_crop":false,"banned":false,"global_safe":false,"audio_file_url":"https://coub-anubis-a.akamaized.net/coub_storage/audio_track/cw_file/cb85fd4047f/36da675ccd2a95693c2bb/low_1597016812_qgedre_edited.mp3","external_download":{"type":"Vk","service_name":"Vk","url":"https://vk.com/video-82476651_456241197","has_embed":false},"application":null,"channel":{"id":3997789,"permalink":"evgenij-kojljak","title":"Evgeniy Koylyak","description":null,"followers_count":28,"following_count":15,"avatar_versions":{"template":"https://coub-anubis-a.akamaized.net/coub_storage/channel/cw_avatar/2e3e326402d/1e4296e4f99521c400403/%{version}_1607429198_1x2vu5_1514575637_1h41dbt_125667595.jpg","versions":["medium","medium_2x","profile_pic","profile_pic_new","profile_pic_new_2x","tiny","tiny_2x","small","small_2x","ios_large","ios_small"]}},"file":null,"picture":"https://coub-anubis-a.akamaized.net/coub_storage/coub/simple/cw_image/984d2f2bdb4/057745056c5530e05e685/1597016892_00032.jpg","timeline_picture":"https://coub-anubis-a.akamaized.net/coub_storage/coub/simple/cw_timeline_pic/bcb649fab54/1f3748734268d26b29c03/ios_large_1597016890_image.jpg","small_picture":"https://coub-anubis-a.akamaized.net/coub_storage/coub/simple/cw_image/984d2f2bdb4/057745056c5530e05e685/1597016892_00032.jpg","sharing_picture":null,"percent_done":100,"tags":[{"id":19982,"title":"беларусь","value":"%D0%B1%D0%B5%D0%BB%D0%B0%D1%80%D1%83%D1%81%D1%8C"},{"id":48458,"title":"минск","value":"%D0%BC%D0%B8%D0%BD%D1%81%D0%BA"},{"id":114564,"title":"протесты","value":"%D0%BF%D1%80%D0%BE%D1%82%D0%B5%D1%81%D1%82%D1%8B"},{"id":212,"title":"выборы","value":"%D0%B2%D1%8B%D0%B1%D0%BE%D1%80%D1%8B"},{"id":6032,"title":"attack on titan","value":"attack%20on%20titan"},{"id":6034,"title":"titan","value":"titan"},{"id":6035,"title":"attack","value":"attack"},{"id":496188,"title":"жыве беларусь","value":"%D0%B6%D1%8B%D0%B2%D0%B5%20%D0%B1%D0%B5%D0%BB%D0%B0%D1%80%D1%83%D1%81%D1%8C"},{"id":1131444,"title":"жыве","value":"%D0%B6%D1%8B%D0%B2%D0%B5"},{"id":27810,"title":"белоруссия","value":"%D0%B1%D0%B5%D0%BB%D0%BE%D1%80%D1%83%D1%81%D1%81%D0%B8%D1%8F"}],"categories":[{"id":35,"title":"News & Politics","permalink":"news","subscriptions_count":10054614,"big_image_url":"https://coub-anubis-a.akamaized.net/coub_storage/category/cw_image/6589193546b/5ea69fd70b7b36dec144f/big_1544622133_news.png","small_image_url":"https://coub-anubis-a.akamaized.net/coub_storage/category/cw_image/6589193546b/5ea69fd70b7b36dec144f/small_1544622133_news.png","med_image_url":"https://coub-anubis-a.akamaized.net/coub_storage/category/cw_image/6589193546b/5ea69fd70b7b36dec144f/med_1544622133_news.png","visible":true}],"communities":[{"id":35,"title":"News & Politics","permalink":"news","subscriptions_count":10054614,"big_image_url":"https://coub-anubis-a.akamaized.net/coub_storage/category/cw_image/6589193546b/5ea69fd70b7b36dec144f/big_1544622133_news.png","small_image_url":"https://coub-anubis-a.akamaized.net/coub_storage/category/cw_image/6589193546b/5ea69fd70b7b36dec144f/small_1544622133_news.png","med_image_url":"https://coub-anubis-a.akamaized.net/coub_storage/category/cw_image/6589193546b/5ea69fd70b7b36dec144f/med_1544622133_news.png","i_subscribed":true,"community_notifications_enabled":null,"description":null}],"recoubs_count":93,"remixes_count":10,"likes_count":740,"dislikes_count":0,"raw_video_id":15550373,"uploaded_by_ios_app":false,"uploaded_by_android_app":false,"media_blocks":{"uploaded_raw_videos":[],"external_raw_videos":[{"id":36637836,"title":"Минск","url":"https://vk.com/video-82476651_456241197","image":"https://coub-anubis-a.akamaized.net/coub_storage/media_block/cw_image/15943de9c5f/e96b005ed1b57da769c1a/1597015608_g4rs9b_1597015597_1spw1rk_att-url-download.jpg","image_retina":"https://coub-anubis-a.akamaized.net/coub_storage/media_block/cw_image/15943de9c5f/e96b005ed1b57da769c1a/1597015608_g4rs9b_1597015597_1spw1rk_att-url-download.jpg","meta":{"service":"Vk","duration":"10.867"},"duration":10.867,"raw_video_id":15550373,"has_embed":false}],"remixed_from_coubs":[],"external_video":{"id":36637836,"title":"Минск","url":"https://vk.com/video-82476651_456241197","image":"https://coub-anubis-a.akamaized.net/coub_storage/media_block/cw_image/15943de9c5f/e96b005ed1b57da769c1a/1597015608_g4rs9b_1597015597_1spw1rk_att-url-download.jpg","image_retina":"https://coub-anubis-a.akamaized.net/coub_storage/media_block/cw_image/15943de9c5f/e96b005ed1b57da769c1a/1597015608_g4rs9b_1597015597_1spw1rk_att-url-download.jpg","meta":{"service":"Vk","duration":"10.867"},"duration":10.867,"raw_video_id":15550373,"has_embed":false}},"raw_video_thumbnail_url":"/missing/missing.png","raw_video_title":"Минск","video_block_banned":false,"duration":10.0,"promo_winner":false,"promo_winner_recoubers":null,"editorial_info":{},"promo_hint":null,"beeline_best_2014":null,"from_web_editor":true,"normalize_sound":false,"normalize_change_allowed":false,"best2015_addable":false,"ahmad_promo":null,"promo_data":null,"audio_copyright_claim":null,"ads_disabled":false,"is_safe_for_ads":true,"megafon_contents":[],"position_on_page":1},{"flag":null,"abuses":null,"recoubs_by_users_channels":null,"favourite":false,"promoted_id":null,"recoub":null,"like":null,"dislike":null,"reaction":null,"in_my_best2015":false,"id":85021098,"type":"Coub::Simple","permalink":"1e7nva","title":"mi sohasem vetemednénk arra","visibility_type":"public","original_visibility_type":"public","channel_id":3956978,"created_at":"2018-09-12T09:09:10Z","updated_at":"2022-03-08T08:42:38Z","is_done":true,"views_count":26545,"cotd":null,"cotd_at":null,"visible_on_explore_root":false,"visible_on_explore":false,"featured":false,"published":true,"published_at":"2018-09-12T09:10:11Z","reversed":false,"from_editor_v2":true,"is_editable":true,"original_sound":true,"has_sound":true,"recoub_to":null,"file_versions":{"html5":{"video":{"higher":{"url":"https://coub-anubis-a.akamaized.net/coub_storage/coub/simple/cw_file/908b0db7853/57a516196b079aaed7e72/muted_mp4_huge_size_1569181415_muted_huge.mp4","size":2015527},"high":{"url":"https://coub-anubis-a.akamaized.net/coub_storage/coub/simple/cw_file/908b0db7853/57a516196b079aaed7e72/muted_mp4_big_size_1569181415_muted_big.mp4","size":1498300},"med":{"url":"https://coub-anubis-a.akamaized.net/coub_storage/coub/simple/cw_file/908b0db7853/57a516196b079aaed7e72/muted_mp4_med_size_1569181415_muted_med.mp4","size":400060}},"audio":{"high":{"url":"https://coub-anubis-a.akamaized.net/coub_storage/coub/simple/cw_looped_audio_high/5bac39bcad9/c4faf911c03e7a7fca1ed/1605607579_high_1536743363_high.mp3","size":823822},"med":{"url":"https://coub-anubis-a.akamaized.net/coub_storage/coub/simple/cw_looped_audio_med/89cd4dc8922/88507c51938fa2353d43c/1605607579_med_1536743363_med.mp3","size":819359},"sample_duration":8.916}},"mobile":{"video":"https://coub-anubis-a.akamaized.net/coub_storage/coub/simple/cw_file/908b0db7853/57a516196b079aaed7e72/muted_mp4_med_size_1569181415_muted_med.mp4","audio":["https://coub-anubis-a.akamaized.net/coub_storage/coub/simple/cw_looped_audio_med/89cd4dc8922/88507c51938fa2353d43c/1605607579_med_1536743363_med.mp3"]},"share":{"default":"https://coub-anubis-a.akamaized.net/coub_storage/coub/simple/cw_video_for_sharing/283b4bdab9f/92c52f00d19b60147e076/1619683473_looped_1619683473.mp4"}},"audio_versions":{},"image_versions":{"template":"https://coub-anubis-a.akamaized.net/coub_storage/coub/simple/cw_image/5bdb99994f6/b6d366b4683f6ab3038e9/1536743374_00028.jpg","versions":["micro","tiny","age_restricted","ios_large","ios_mosaic","big","med","small","pinterest"]},"first_frame_versions":{"template":"https://coub-anubis-a.akamaized.net/coub_storage/coub/simple/cw_timeline_pic/a444078340b/db78b7fada3d50af09144/%{version}_1536743373_image.jpg","versions":["big","med","small","ios_large"]},"dimensions":{"big":[1280,720],"med":[640,360]},"site_w_h":[640,360],"page_w_h":[640,360],"site_w_h_small":[310,174],"size":[1280,720],"age_restricted":false,"age_restricted_by_admin":false,"not_safe_for_work":false,"allow_reuse":false,"dont_crop":false,"banned":false,"global_safe":false,"audio_file_url":null,"external_download":false,"application":null,"channel":{"id":3956978,"permalink":"mz.per.w","title":"mz\\w","description":null,"followers_count":520,"following_count":105,"avatar_versions":{"template":"https://coub-anubis-a.akamaized.net/coub_storage/channel/cw_avatar/4f20738c8e9/ad2910f0598215cb0694c/%{version}_1633973460_f75a7a68551ea6959a54ec36d2927f1e.jpg","versions":["medium","medium_2x","profile_pic","profile_pic_new","profile_pic_new_2x","tiny","tiny_2x","small","small_2x","ios_large","ios_small"]}},"file":null,"picture":"https://coub-anubis-a.akamaized.net/coub_storage/coub/simple/cw_image/5bdb99994f6/b6d366b4683f6ab3038e9/1536743374_00028.jpg","timeline_picture":"https://coub-anubis-a.akamaized.net/coub_storage/coub/simple/cw_timeline_pic/a444078340b/db78b7fada3d50af09144/ios_large_1536743373_image.jpg","small_picture":"https://coub-anubis-a.akamaized.net/coub_storage/coub/simple/cw_image/5bdb99994f6/b6d366b4683f6ab3038e9/1536743374_00028.jpg","sharing_picture":null,"percent_done":100,"tags":[{"id":3834227,"title":"gajdics","value":"gajdics"},{"id":94374,"title":"orbán","value":"orb%C3%A1n"},{"id":4277989,"title":"sargentini report","value":"sargentini%20report"}],"categories":[{"id":35,"title":"News & Politics","permalink":"news","subscriptions_count":10054614,"big_image_url":"https://coub-anubis-a.akamaized.net/coub_storage/category/cw_image/6589193546b/5ea69fd70b7b36dec144f/big_1544622133_news.png","small_image_url":"https://coub-anubis-a.akamaized.net/coub_storage/category/cw_image/6589193546b/5ea69fd70b7b36dec144f/small_1544622133_news.png","med_image_url":"https://coub-anubis-a.akamaized.net/coub_storage/category/cw_image/6589193546b/5ea69fd70b7b36dec144f/med_1544622133_news.png","visible":true}],"communities":[{"id":35,"title":"News & Politics","permalink":"news","subscriptions_count":10054614,"big_image_url":"https://coub-anubis-a.akamaized.net/coub_storage/category/cw_image/6589193546b/5ea69fd70b7b36dec144f/big_1544622133_news.png","small_image_url":"https://coub-anubis-a.akamaized.net/coub_storage/category/cw_image/6589193546b/5ea69fd70b7b36dec144f/small_1544622133_news.png","med_image_url":"https://coub-anubis-a.akamaized.net/coub_storage/category/cw_image/6589193546b/5ea69fd70b7b36dec144f/med_1544622133_news.png","i_subscribed":true,"community_notifications_enabled":null,"description":null}],"recoubs_count":117,"remixes_count":7,"likes_count":740,"dislikes_count":0,"raw_video_id":"","uploaded_by_ios_app":false,"uploaded_by_android_app":false,"media_blocks":{"uploaded_raw_videos":[],"external_raw_videos":[],"remixed_from_coubs":[{"id":25273131,"title":"Ottó elemzi az ellenzéki pártok koordinált indulásának taktikáját","url":"http://coub.com/coubs/14pu82/remix","image":"https://coub-anubis-a.akamaized.net/coub_storage/media_block/cw_image/f0979ab1ce1/8c70f5d878a37225a91a2/1520804134_1520804121_00031.jpg","image_retina":"https://coub-anubis-a.akamaized.net/coub_storage/media_block/cw_image/f0979ab1ce1/8c70f5d878a37225a91a2/1520804134_1520804121_00031.jpg","meta":{"duration":"9.64"},"duration":null,"coub_channel_title":"Csehszlovák Kém","coub_channel_permalink":"csehszlovk.km","coub_views_count":3077,"coub_permalink":"14pu82"},{"id":27553636,"title":"Gajdicsnak megérte ...","url":"https://coub.com/coubs/1bz9vl/remix","image":"https://coub-anubis-a.akamaized.net/coub_storage/media_block/cw_image/a95112fc16d/a5d740d4d833a3033b045/1533230890_1533230876_00032.jpg","image_retina":"https://coub-anubis-a.akamaized.net/coub_storage/media_block/cw_image/a95112fc16d/a5d740d4d833a3033b045/1533230890_1533230876_00032.jpg","meta":{"duration":"9.96"},"duration":null,"coub_channel_title":"StróMan","coub_channel_permalink":"felcsuti.stroman","coub_views_count":13602,"coub_permalink":"1bz9vl"},{"id":28130248,"title":"Orbán: Mi sohasem","url":"https://coub.com/coubs/1e64mw/remix","image":"https://coub-anubis-a.akamaized.net/coub_storage/media_block/cw_image/41d902d13b0/a5f5e968d854901905adf/1536674477_1536674468_00021.jpg","image_retina":"https://coub-anubis-a.akamaized.net/coub_storage/media_block/cw_image/41d902d13b0/a5f5e968d854901905adf/1536674477_1536674468_00021.jpg","meta":{"duration":"6.44"},"duration":null,"coub_channel_title":"Tamás Botos","coub_channel_permalink":"tamas-botos","coub_views_count":6034,"coub_permalink":"1e64mw"}]},"raw_video_thumbnail_url":"","raw_video_title":"","video_block_banned":false,"duration":8.8,"promo_winner":false,"promo_winner_recoubers":null,"editorial_info":{},"promo_hint":null,"beeline_best_2014":null,"from_web_editor":true,"normalize_sound":true,"normalize_change_allowed":true,"best2015_addable":false,"ahmad_promo":null,"promo_data":null,"audio_copyright_claim":null,"ads_disabled":false,"is_safe_for_ads":true,"megafon_contents":[],"position_on_page":2},{"flag":null,"abuses":null,"recoubs_by_users_channels":null,"favourite":false,"promoted_id":null,"recoub":null,"like":null,"dislike":null,"reaction":null,"in_my_best2015":false,"id":169931754,"type":"Coub::Simple","permalink":"2str1s","title":"RUSSIA TOMORROW NEWS //  Как тебе такое Марвел?","visibility_type":"public","original_visibility_type":"public","channel_id":9644341,"created_at":"2021-06-04T09:30:41Z","updated_at":"2022-02-06T19:27:28Z","is_done":true,"views_count":61953,"cotd":null,"cotd_at":null,"visible_on_explore_root":false,"visible_on_explore":false,"featured":false,"published":true,"published_at":"2021-06-04T09:30:41Z","reversed":false,"from_editor_v2":true,"is_editable":true,"original_sound":true,"has_sound":true,"recoub_to":null,"file_versions":{"html5":{"video":{"higher":{"url":"https://coub-anubis-a.akamaized.net/coub_storage/coub/simple/cw_file/bda4e363a42/757ae0b13b874eebf5d52/muted_mp4_huge_size_1622799119_muted_huge.mp4","size":2673665},"high":{"url":"https://coub-anubis-a.akamaized.net/coub_storage/coub/simple/cw_file/bda4e363a42/757ae0b13b874eebf5d52/muted_mp4_big_size_1622799119_muted_big.mp4","size":1874801},"med":{"url":"https://coub-anubis-a.akamaized.net/coub_storage/coub/simple/cw_file/bda4e363a42/757ae0b13b874eebf5d52/muted_mp4_med_size_1622799119_muted_med.mp4","size":459960}},"audio":{"high":{"url":"https://coub-anubis-a.akamaized.net/coub_storage/coub/simple/cw_looped_audio_high/a698fafb986/ce1e73ec66eba491b56a4/1622799121_mp3-high.mp3","size":1108177},"med":{"url":"https://coub-anubis-a.akamaized.net/coub_storage/coub/simple/cw_looped_audio_med/323297f9a39/223829a7ee858126c4d91/1622799121_mp3-med.mp3","size":935176},"sample_duration":9.776}},"mobile":{"video":"https://coub-anubis-a.akamaized.net/coub_storage/coub/simple/cw_file/bda4e363a42/757ae0b13b874eebf5d52/muted_mp4_med_size_1622799119_muted_med.mp4","audio":["https://coub-anubis-a.akamaized.net/coub_storage/coub/simple/cw_looped_audio_med/323297f9a39/223829a7ee858126c4d91/1622799121_mp3-med.mp3"]},"share":{"default":"https://coub-anubis-a.akamaized.net/coub_storage/coub/simple/cw_video_for_sharing/04fdbe16f3e/9c0bb7d0b9b59937c8748/1622799166_looped_1622799165.mp4"}},"audio_versions":{},"image_versions":{"template":"https://coub-anubis-a.akamaized.net/coub_storage/coub/simple/cw_image/9e8140296fd/47db6d03823247076e3c3/%{version}_1622799130_00031.jpg","versions":["micro","tiny","age_restricted","ios_large","ios_mosaic","big","med","small","pinterest"]},"first_frame_versions":{"template":"https://coub-anubis-a.akamaized.net/coub_storage/coub/simple/cw_timeline_pic/b2abc05a644/58946601c1655f716fe61/%{version}_1622799128_image.jpg","versions":["big","med","small","ios_large"]},"dimensions":{"big":[1280,720],"med":[640,360]},"site_w_h":[640,360],"page_w_h":[640,360],"site_w_h_small":[310,174],"size":[1280,720],"age_restricted":false,"age_restricted_by_admin":false,"not_safe_for_work":false,"allow_reuse":false,"dont_crop":true,"banned":false,"global_safe":null,"audio_file_url":null,"external_download":{"type":"Youtube","service_name":"YouTube","url":"https://www.youtube.com/watch?v=4gyKDCOwdC0","has_embed":true},"application":null,"channel":{"id":9644341,"permalink":"green.mef","title":"Mef","description":null,"followers_count":4,"following_count":14,"avatar_versions":{"template":"https://coub-anubis-a.akamaized.net/coub_storage/channel/cw_avatar/9fe9f5d69c9/2beac90cf7ef9449a4bb8/%{version}_1607666301_1bjy8om_1591520941_sebastian-aburto-nanco-mona-armadura.jpg","versions":["medium","medium_2x","profile_pic","profile_pic_new","profile_pic_new_2x","tiny","tiny_2x","small","small_2x","ios_large","ios_small"]}},"file":null,"picture":"https://coub-anubis-a.akamaized.net/coub_storage/coub/simple/cw_image/9e8140296fd/47db6d03823247076e3c3/med_1622799130_00031.jpg","timeline_picture":"https://coub-anubis-a.akamaized.net/coub_storage/coub/simple/cw_timeline_pic/b2abc05a644/58946601c1655f716fe61/ios_large_1622799128_image.jpg","small_picture":"https://coub-anubis-a.akamaized.net/coub_storage/coub/simple/cw_image/9e8140296fd/47db6d03823247076e3c3/ios_mosaic_1622799130_00031.jpg","sharing_picture":null,"percent_done":100,"tags":[{"id":98247,"title":"киберпанк","value":"%D0%BA%D0%B8%D0%B1%D0%B5%D1%80%D0%BF%D0%B0%D0%BD%D0%BA"},{"id":1265,"title":"россия","value":"%D1%80%D0%BE%D1%81%D1%81%D0%B8%D1%8F"},{"id":6849,"title":"будущее","value":"%D0%B1%D1%83%D0%B4%D1%83%D1%89%D0%B5%D0%B5"},{"id":247,"title":"роботы","value":"%D1%80%D0%BE%D0%B1%D0%BE%D1%82%D1%8B"},{"id":33595,"title":"cyberpunk","value":"cyberpunk"},{"id":33597,"title":"2077","value":"2077"},{"id":414,"title":"future","value":"future"},{"id":83610,"title":"cyber","value":"cyber"},{"id":195,"title":"russia","value":"russia"},{"id":359981,"title":"roskosmos","value":"roskosmos"},{"id":25216,"title":"boston dynamics","value":"boston%20dynamics"},{"id":25083,"title":"фантастика","value":"%D1%84%D0%B0%D0%BD%D1%82%D0%B0%D1%81%D1%82%D0%B8%D0%BA%D0%B0"},{"id":6602,"title":"mars","value":"mars"},{"id":6013259,"title":"birchpunk","value":"birchpunk"},{"id":283,"title":"space","value":"space"},{"id":86189,"title":"марс","value":"%D0%BC%D0%B0%D1%80%D1%81"},{"id":3493393,"title":"russian cyberpunk","value":"russian%20cyberpunk"},{"id":6265739,"title":"russian spaceship","value":"russian%20spaceship"},{"id":66714,"title":"spaceship","value":"spaceship"},{"id":3357482,"title":"russian train","value":"russian%20train"},{"id":4325283,"title":"spacetrain","value":"spacetrain"},{"id":6265740,"title":"русский космопоезд","value":"%D1%80%D1%83%D1%81%D1%81%D0%BA%D0%B8%D0%B9%20%D0%BA%D0%BE%D1%81%D0%BC%D0%BE%D0%BF%D0%BE%D0%B5%D0%B7%D0%B4"},{"id":6265741,"title":"космопоезд","value":"%D0%BA%D0%BE%D1%81%D0%BC%D0%BE%D0%BF%D0%BE%D0%B5%D0%B7%D0%B4"},{"id":6265742,"title":"космический поезд","value":"%D0%BA%D0%BE%D1%81%D0%BC%D0%B8%D1%87%D0%B5%D1%81%D0%BA%D0%B8%D0%B9%20%D0%BF%D0%BE%D0%B5%D0%B7%D0%B4"},{"id":6017249,"title":"русский киберпанк","value":"%D1%80%D1%83%D1%81%D1%81%D0%BA%D0%B8%D0%B9%20%D0%BA%D0%B8%D0%B1%D0%B5%D1%80%D0%BF%D0%B0%D0%BD%D0%BA"},{"id":6265743,"title":"russian cyberpunk train","value":"russian%20cyberpunk%20train"},{"id":6265744,"title":"space train","value":"space%20train"},{"id":6265745,"title":"russian space train","value":"russian%20space%20train"},{"id":6013746,"title":"russian cyberpunk farm","value":"russian%20cyberpunk%20farm"},{"id":10237,"title":"деревня","value":"%D0%B4%D0%B5%D1%80%D0%B5%D0%B2%D0%BD%D1%8F"},{"id":6013747,"title":"русская кибердеревня","value":"%D1%80%D1%83%D1%81%D1%81%D0%BA%D0%B0%D1%8F%20%D0%BA%D0%B8%D0%B1%D0%B5%D1%80%D0%B4%D0%B5%D1%80%D0%B5%D0%B2%D0%BD%D1%8F"},{"id":6015222,"title":"cyberpunk farm","value":"cyberpunk%20farm"},{"id":6013260,"title":"кибердеревня","value":"%D0%BA%D0%B8%D0%B1%D0%B5%D1%80%D0%B4%D0%B5%D1%80%D0%B5%D0%B2%D0%BD%D1%8F"},{"id":6265746,"title":"кибер ферма","value":"%D0%BA%D0%B8%D0%B1%D0%B5%D1%80%20%D1%84%D0%B5%D1%80%D0%BC%D0%B0"},{"id":2954,"title":"badcomedian","value":"badcomedian"},{"id":6265747,"title":"бёрчпанк","value":"%D0%B1%D1%91%D1%80%D1%87%D0%BF%D0%B0%D0%BD%D0%BA"},{"id":486004,"title":"бэдкомедиан","value":"%D0%B1%D1%8D%D0%B4%D0%BA%D0%BE%D0%BC%D0%B5%D0%B4%D0%B8%D0%B0%D0%BD"},{"id":6265748,"title":"бирчпанк","value":"%D0%B1%D0%B8%D1%80%D1%87%D0%BF%D0%B0%D0%BD%D0%BA"},{"id":4949625,"title":"наливкин","value":"%D0%BD%D0%B0%D0%BB%D0%B8%D0%B2%D0%BA%D0%B8%D0%BD"},{"id":2362,"title":"alien","value":"alien"}],"categories":[{"id":35,"title":"News & Politics","permalink":"news","subscriptions_count":10054614,"big_image_url":"https://coub-anubis-a.akamaized.net/coub_storage/category/cw_image/6589193546b/5ea69fd70b7b36dec144f/big_1544622133_news.png","small_image_url":"https://coub-anubis-a.akamaized.net/coub_storage/category/cw_image/6589193546b/5ea69fd70b7b36dec144f/small_1544622133_news.png","med_image_url":"https://coub-anubis-a.akamaized.net/coub_storage/category/cw_image/6589193546b/5ea69fd70b7b36dec144f/med_1544622133_news.png","visible":true}],"communities":[{"id":35,"title":"News & Politics","permalink":"news","subscriptions_count":10054614,"big_image_url":"https://coub-anubis-a.akamaized.net/coub_storage/category/cw_image/6589193546b/5ea69fd70b7b36dec144f/big_1544622133_news.png","small_image_url":"https://coub-anubis-a.akamaized.net/coub_storage/category/cw_image/6589193546b/5ea69fd70b7b36dec144f/small_1544622133_news.png","med_image_url":"https://coub-anubis-a.akamaized.net/coub_storage/category/cw_image/6589193546b/5ea69fd70b7b36dec144f/med_1544622133_news.png","i_subscribed":true,"community_notifications_enabled":null,"description":null}],"recoubs_count":119,"remixes_count":0,"likes_count":739,"dislikes_count":0,"raw_video_id":16499265,"uploaded_by_ios_app":false,"uploaded_by_android_app":false,"media_blocks":{"uploaded_raw_videos":[],"external_raw_videos":[{"id":39005214,"title":"RUSSIA TOMORROW NEWS // РОССИЯ ЗАВТРА: НОВОСТИ","url":"https://www.youtube.com/watch?v=4gyKDCOwdC0","image":"https://coub-anubis-a.akamaized.net/coub_storage/media_block/cw_image/0d6ba71d2b6/b32bd9f21b8f18c780c6f/video_1622795252_l5uci6_1622795163_1622795159_1od4ozh_att-url-download.webp","image_retina":"https://coub-anubis-a.akamaized.net/coub_storage/media_block/cw_image/0d6ba71d2b6/b32bd9f21b8f18c780c6f/video_retina_1622795252_l5uci6_1622795163_1622795159_1od4ozh_att-url-download.webp","meta":{"service":"Youtube","duration":"385.64"},"duration":385.64,"raw_video_id":16499265,"has_embed":true}],"remixed_from_coubs":[],"external_video":{"id":39005214,"title":"RUSSIA TOMORROW NEWS // РОССИЯ ЗАВТРА: НОВОСТИ","url":"https://www.youtube.com/watch?v=4gyKDCOwdC0","image":"https://coub-anubis-a.akamaized.net/coub_storage/media_block/cw_image/0d6ba71d2b6/b32bd9f21b8f18c780c6f/video_1622795252_l5uci6_1622795163_1622795159_1od4ozh_att-url-download.webp","image_retina":"https://coub-anubis-a.akamaized.net/coub_storage/media_block/cw_image/0d6ba71d2b6/b32bd9f21b8f18c780c6f/video_retina_1622795252_l5uci6_1622795163_1622795159_1od4ozh_att-url-download.webp","meta":{"service":"Youtube","duration":"385.64"},"duration":385.64,"raw_video_id":16499265,"has_embed":true}},"raw_video_thumbnail_url":"https://coub-anubis-a.akamaized.net/coub_storage/raw_video/cw_image/7edd7d551ee/8ac26724d30db0b786f0d/coub_media_1622795163_1622795159_1od4ozh_att-url-download.webp","raw_video_title":"RUSSIA TOMORROW NEWS // РОССИЯ ЗАВТРА: НОВОСТИ","video_block_banned":false,"duration":9.76,"promo_winner":false,"promo_winner_recoubers":null,"editorial_info":{},"promo_hint":null,"beeline_best_2014":null,"from_web_editor":true,"normalize_sound":true,"normalize_change_allowed":true,"best2015_addable":false,"ahmad_promo":null,"promo_data":null,"audio_copyright_claim":null,"ads_disabled":false,"is_safe_for_ads":true,"megafon_contents":[],"position_on_page":3},{"flag":null,"abuses":null,"recoubs_by_users_channels":null,"favourite":false,"promoted_id":null,"recoub":null,"like":null,"dislike":null,"reaction":null,"in_my_best2015":false,"id":164175160,"type":"Coub::Simple","permalink":"2ped78","title":"Новая нефть и стабильная индексация налогов :)","visibility_type":"public","original_visibility_type":"public","channel_id":2377826,"created_at":"2021-02-22T15:02:09Z","updated_at":"2022-03-06T16:00:36Z","is_done":true,"views_count":68309,"cotd":null,"cotd_at":null,"visible_on_explore_root":false,"visible_on_explore":false,"featured":false,"published":true,"published_at":"2021-02-22T15:02:09Z","reversed":false,"from_editor_v2":true,"is_editable":true,"original_sound":false,"has_sound":false,"recoub_to":null,"file_versions":{"html5":{"video":{"higher":{"url":"https://coub-anubis-a.akamaized.net/coub_storage/coub/simple/cw_file/00de5d8d14a/e0adc1519788d1b5e379f/muted_mp4_huge_size_1614006226_muted_huge.mp4","size":415202},"high":{"url":"https://coub-anubis-a.akamaized.net/coub_storage/coub/simple/cw_file/00de5d8d14a/e0adc1519788d1b5e379f/muted_mp4_big_size_1614006226_muted_big.mp4","size":303978},"med":{"url":"https://coub-anubis-a.akamaized.net/coub_storage/coub/simple/cw_file/00de5d8d14a/e0adc1519788d1b5e379f/muted_mp4_med_size_1614006226_muted_med.mp4","size":88338}},"audio":{"high":{"url":"https://coub-anubis-a.akamaized.net/coub_storage/coub/simple/cw_looped_audio_high/8b4f3c8fe4f/2a45d87a39e25a3826505/1614006236_mp3-high.mp3","size":918382},"med":{"url":"https://coub-anubis-a.akamaized.net/coub_storage/coub/simple/cw_looped_audio_med/47d454d91b0/c1704ec43697f7c28c093/1614006235_mp3-med.mp3","size":894877}}},"mobile":{"video":"https://coub-anubis-a.akamaized.net/coub_storage/coub/simple/cw_file/00de5d8d14a/e0adc1519788d1b5e379f/muted_mp4_med_size_1614006226_muted_med.mp4","audio":["https://coub-anubis-a.akamaized.net/coub_storage/coub/simple/cw_looped_audio_med/47d454d91b0/c1704ec43697f7c28c093/1614006235_mp3-med.mp3"]},"share":{"default":"https://coub-anubis-a.akamaized.net/coub_storage/coub/simple/cw_video_for_sharing/4b550d8db76/3336fd79ba5f09f822b41/1614006254_looped_1614006254.mp4"}},"audio_versions":{"template":"https://coub-anubis-a.akamaized.net/coub_storage/audio_track/cw_normalized_copy/9ef08250113/571808381b3cbe4d963d5/mid_1614006232_normalized_1614006228_ybiamt_edited.mp3","versions":["mid","low"]},"image_versions":{"template":"https://coub-anubis-a.akamaized.net/coub_storage/coub/simple/cw_image/8e71ffd2981/d5d798c34e4c267c3bd0e/%{version}_1614006239_00032.jpg","versions":["micro","tiny","age_restricted","ios_large","ios_mosaic","big","med","small","pinterest"]},"first_frame_versions":{"template":"https://coub-anubis-a.akamaized.net/coub_storage/coub/simple/cw_timeline_pic/ec3d91de329/c4fe555867c5601d1b08c/%{version}_1614006238_image.jpg","versions":["big","med","small","ios_large"]},"dimensions":{"big":[1280,720],"med":[640,360]},"site_w_h":[640,360],"page_w_h":[640,360],"site_w_h_small":[310,174],"size":[1280,720],"age_restricted":false,"age_restricted_by_admin":false,"not_safe_for_work":false,"allow_reuse":false,"dont_crop":true,"banned":false,"global_safe":false,"audio_file_url":"https://coub-anubis-a.akamaized.net/coub_storage/audio_track/cw_normalized_copy/9ef08250113/571808381b3cbe4d963d5/low_1614006232_normalized_1614006228_ybiamt_edited.mp3","external_download":{"type":"Youtube","service_name":"YouTube","url":"https://youtu.be/YUahEKCs5e4","has_embed":true},"application":null,"channel":{"id":2377826,"permalink":"jedimik-rus","title":"Nikolay Pomeschenko","description":"инженер, автор \"Мир в экономике\"","followers_count":101,"following_count":55,"avatar_versions":{"template":"https://coub-anubis-a.akamaized.net/coub_storage/channel/cw_avatar/0a4dd1de5d8/4fe31ce91b60442c363c0/%{version}_1629555629_cropped.jpeg","versions":["medium","medium_2x","profile_pic","profile_pic_new","profile_pic_new_2x","tiny","tiny_2x","small","small_2x","ios_large","ios_small"]}},"file":null,"picture":"https://coub-anubis-a.akamaized.net/coub_storage/coub/simple/cw_image/8e71ffd2981/d5d798c34e4c267c3bd0e/med_1614006239_00032.jpg","timeline_picture":"https://coub-anubis-a.akamaized.net/coub_storage/coub/simple/cw_timeline_pic/ec3d91de329/c4fe555867c5601d1b08c/ios_large_1614006238_image.jpg","small_picture":"https://coub-anubis-a.akamaized.net/coub_storage/coub/simple/cw_image/8e71ffd2981/d5d798c34e4c267c3bd0e/ios_mosaic_1614006239_00032.jpg","sharing_picture":null,"percent_done":100,"tags":[{"id":19689,"title":"экономика","value":"%D1%8D%D0%BA%D0%BE%D0%BD%D0%BE%D0%BC%D0%B8%D0%BA%D0%B0"},{"id":341422,"title":"статистика","value":"%D1%81%D1%82%D0%B0%D1%82%D0%B8%D1%81%D1%82%D0%B8%D0%BA%D0%B0"},{"id":40890,"title":"бюджет","value":"%D0%B1%D1%8E%D0%B4%D0%B6%D0%B5%D1%82"},{"id":1265,"title":"россия","value":"%D1%80%D0%BE%D1%81%D1%81%D0%B8%D1%8F"},{"id":207306,"title":"ндс","value":"%D0%BD%D0%B4%D1%81"},{"id":3084965,"title":"акцизы","value":"%D0%B0%D0%BA%D1%86%D0%B8%D0%B7%D1%8B"},{"id":4455333,"title":"новая нефть","value":"%D0%BD%D0%BE%D0%B2%D0%B0%D1%8F%20%D0%BD%D0%B5%D1%84%D1%82%D1%8C"},{"id":5300218,"title":"мир в экономике","value":"%D0%BC%D0%B8%D1%80%20%D0%B2%20%D1%8D%D0%BA%D0%BE%D0%BD%D0%BE%D0%BC%D0%B8%D0%BA%D0%B5"}],"categories":[{"id":35,"title":"News & Politics","permalink":"news","subscriptions_count":10054614,"big_image_url":"https://coub-anubis-a.akamaized.net/coub_storage/category/cw_image/6589193546b/5ea69fd70b7b36dec144f/big_1544622133_news.png","small_image_url":"https://coub-anubis-a.akamaized.net/coub_storage/category/cw_image/6589193546b/5ea69fd70b7b36dec144f/small_1544622133_news.png","med_image_url":"https://coub-anubis-a.akamaized.net/coub_storage/category/cw_image/6589193546b/5ea69fd70b7b36dec144f/med_1544622133_news.png","visible":true}],"communities":[{"id":35,"title":"News & Politics","permalink":"news","subscriptions_count":10054614,"big_image_url":"https://coub-anubis-a.akamaized.net/coub_storage/category/cw_image/6589193546b/5ea69fd70b7b36dec144f/big_1544622133_news.png","small_image_url":"https://coub-anubis-a.akamaized.net/coub_storage/category/cw_image/6589193546b/5ea69fd70b7b36dec144f/small_1544622133_news.png","med_image_url":"https://coub-anubis-a.akamaized.net/coub_storage/category/cw_image/6589193546b/5ea69fd70b7b36dec144f/med_1544622133_news.png","i_subscribed":true,"community_notifications_enabled":null,"description":null}],"recoubs_count":118,"remixes_count":0,"likes_count":739,"dislikes_count":0,"raw_video_id":16197369,"uploaded_by_ios_app":false,"uploaded_by_android_app":false,"media_blocks":{"uploaded_raw_videos":[],"external_raw_videos":[{"id":38253419,"title":"Государство Россия. Бюджет, налоги и новая нефть","url":"https://www.youtube.com/watch?v=YUahEKCs5e4","image":"https://coub-anubis-a.akamaized.net/coub_storage/media_block/cw_image/133e19a7a79/ad7255ce81ed1e17dc051/video_1614005258_1vshyoa_1614005174_1614005172_pwp2rm_att-url-download.webp","image_retina":"https://coub-anubis-a.akamaized.net/coub_storage/media_block/cw_image/133e19a7a79/ad7255ce81ed1e17dc051/video_retina_1614005258_1vshyoa_1614005174_1614005172_pwp2rm_att-url-download.webp","meta":{"service":"Youtube","duration":"557.52"},"duration":557.52,"raw_video_id":16197369,"has_embed":true}],"remixed_from_coubs":[],"external_video":{"id":38253419,"title":"Государство Россия. Бюджет, налоги и новая нефть","url":"https://www.youtube.com/watch?v=YUahEKCs5e4","image":"https://coub-anubis-a.akamaized.net/coub_storage/media_block/cw_image/133e19a7a79/ad7255ce81ed1e17dc051/video_1614005258_1vshyoa_1614005174_1614005172_pwp2rm_att-url-download.webp","image_retina":"https://coub-anubis-a.akamaized.net/coub_storage/media_block/cw_image/133e19a7a79/ad7255ce81ed1e17dc051/video_retina_1614005258_1vshyoa_1614005174_1614005172_pwp2rm_att-url-download.webp","meta":{"service":"Youtube","duration":"557.52"},"duration":557.52,"raw_video_id":16197369,"has_embed":true}},"raw_video_thumbnail_url":"https://coub-anubis-a.akamaized.net/coub_storage/raw_video/cw_image/ed6b5806163/510472240607729717c3d/coub_media_1614005174_1614005172_pwp2rm_att-url-download.webp","raw_video_title":"Государство Россия. Бюджет, налоги и новая нефть","video_block_banned":false,"duration":10.0,"promo_winner":false,"promo_winner_recoubers":null,"editorial_info":{},"promo_hint":null,"beeline_best_2014":null,"from_web_editor":true,"normalize_sound":true,"normalize_change_allowed":true,"best2015_addable":false,"ahmad_promo":null,"promo_data":null,"audio_copyright_claim":null,"ads_disabled":false,"is_safe_for_ads":true,"megafon_contents":[],"position_on_page":4},{"flag":null,"abuses":null,"recoubs_by_users_channels":null,"favourite":false,"promoted_id":null,"recoub":null,"like":null,"dislike":null,"reaction":null,"in_my_best2015":false,"id":118809444,"type":"Coub::Simple","permalink":"1ybvbj","title":"Is there any question?","visibility_type":"public","original_visibility_type":"public","channel_id":2556805,"created_at":"2019-07-23T12:41:45Z","updated_at":"2022-03-12T19:22:03Z","is_done":true,"views_count":39349,"cotd":null,"cotd_at":null,"visible_on_explore_root":false,"visible_on_explore":false,"featured":false,"published":true,"published_at":"2019-07-23T12:41:45Z","reversed":false,"from_editor_v2":true,"is_editable":true,"original_sound":true,"has_sound":true,"recoub_to":null,"file_versions":{"html5":{"video":{"higher":{"url":"https://coub-anubis-a.akamaized.net/coub_storage/coub/simple/cw_file/f144aa926c3/a477b9866097a8197b376/muted_mp4_huge_size_1568862335_muted_huge.mp4","size":3099275},"high":{"url":"https://coub-anubis-a.akamaized.net/coub_storage/coub/simple/cw_file/f144aa926c3/a477b9866097a8197b376/muted_mp4_big_size_1568862335_muted_big.mp4","size":2026926},"med":{"url":"https://coub-anubis-a.akamaized.net/coub_storage/coub/simple/cw_file/f144aa926c3/a477b9866097a8197b376/muted_mp4_med_size_1568862335_muted_med.mp4","size":603590}},"audio":{"high":{"url":"https://coub-anubis-a.akamaized.net/coub_storage/coub/simple/cw_looped_audio_high/036594eedc0/8151283268a37d03e3f1f/1605647352_high_1563885710_high.mp3","size":924783},"med":{"url":"https://coub-anubis-a.akamaized.net/coub_storage/coub/simple/cw_looped_audio_med/d0fe51f3a93/82434c9007243d229ddd0/1605647352_med_1563885710_med.mp3","size":879100},"sample_duration":9.241}},"mobile":{"video":"https://coub-anubis-a.akamaized.net/coub_storage/coub/simple/cw_file/f144aa926c3/a477b9866097a8197b376/muted_mp4_med_size_1568862335_muted_med.mp4","audio":["https://coub-anubis-a.akamaized.net/coub_storage/coub/simple/cw_looped_audio_med/d0fe51f3a93/82434c9007243d229ddd0/1605647352_med_1563885710_med.mp3"]},"share":{"default":"https://coub-anubis-a.akamaized.net/coub_storage/coub/simple/cw_video_for_sharing/8cb95397fbe/e8f344775f75dda01bd7c/1608401427_looped_1608401423.mp4"}},"audio_versions":{},"image_versions":{"template":"https://coub-anubis-a.akamaized.net/coub_storage/coub/simple/cw_image/eda1018f57c/6998d9b20737d5b626017/1563885715_00029.jpg","versions":["micro","tiny","age_restricted","ios_large","ios_mosaic","big","med","small","pinterest"]},"first_frame_versions":{"template":"https://coub-anubis-a.akamaized.net/coub_storage/coub/simple/cw_timeline_pic/ede92e2f51a/bb53fda0bf4b1f74b7d2d/%{version}_1563885715_image.jpg","versions":["big","med","small","ios_large"]},"dimensions":{"big":[1280,800],"med":[640,400]},"site_w_h":[640,400],"page_w_h":[640,400],"site_w_h_small":[310,194],"size":[1280,800],"age_restricted":false,"age_restricted_by_admin":false,"not_safe_for_work":false,"allow_reuse":false,"dont_crop":false,"banned":false,"global_safe":false,"audio_file_url":null,"external_download":{"type":"Youtube","service_name":"YouTube","url":"https://www.youtube.com/watch?v=KYUs6sF6QEE","has_embed":true},"application":null,"channel":{"id":2556805,"permalink":"janos-gyarmati","title":"jox","description":null,"followers_count":138,"following_count":103,"avatar_versions":{"template":"https://coub-anubis-a.akamaized.net/coub_storage/channel/cw_avatar/a4d4d1d544e/3e5e8cb85bfa19a3be8dc/%{version}_1607678741_178v8jb_1552465810_IMG_20190302_190949.jpg","versions":["medium","medium_2x","profile_pic","profile_pic_new","profile_pic_new_2x","tiny","tiny_2x","small","small_2x","ios_large","ios_small"]}},"file":null,"picture":"https://coub-anubis-a.akamaized.net/coub_storage/coub/simple/cw_image/eda1018f57c/6998d9b20737d5b626017/1563885715_00029.jpg","timeline_picture":"https://coub-anubis-a.akamaized.net/coub_storage/coub/simple/cw_timeline_pic/ede92e2f51a/bb53fda0bf4b1f74b7d2d/ios_large_1563885715_image.jpg","small_picture":"https://coub-anubis-a.akamaized.net/coub_storage/coub/simple/cw_image/eda1018f57c/6998d9b20737d5b626017/1563885715_00029.jpg","sharing_picture":null,"percent_done":100,"tags":[{"id":290232,"title":"szesz","value":"szesz"},{"id":61556,"title":"alkohol","value":"alkohol"},{"id":235985,"title":"alkesz","value":"alkesz"},{"id":275729,"title":"piás","value":"pi%C3%A1s"},{"id":129071,"title":"kocsma","value":"kocsma"},{"id":122330,"title":"részeg","value":"r%C3%A9szeg"},{"id":134717,"title":"hun","value":"hun"},{"id":43421,"title":"magyarország","value":"magyarorsz%C3%A1g"},{"id":17816,"title":"magyar","value":"magyar"},{"id":144258,"title":"brüsszel","value":"br%C3%BCsszel"},{"id":103330,"title":"paródia","value":"par%C3%B3dia"},{"id":292,"title":"humor","value":"humor"},{"id":122326,"title":"vicc","value":"vicc"},{"id":103625,"title":"angol","value":"angol"},{"id":3822075,"title":"angol nyelv","value":"angol%20nyelv"},{"id":598392,"title":"angol tudás","value":"angol%20tud%C3%A1s"},{"id":3798,"title":"orbán viktor","value":"orb%C3%A1n%20viktor"},{"id":94374,"title":"orbán","value":"orb%C3%A1n"},{"id":134669,"title":"poén","value":"po%C3%A9n"},{"id":134450,"title":"vicces","value":"vicces"},{"id":145533,"title":"mónika show","value":"m%C3%B3nika%20show"},{"id":109099,"title":"mónika","value":"m%C3%B3nika"},{"id":1288524,"title":"kirohanás","value":"kirohan%C3%A1s"},{"id":2854154,"title":"is there any question","value":"is%20there%20any%20question"}],"categories":[{"id":35,"title":"News & Politics","permalink":"news","subscriptions_count":10054614,"big_image_url":"https://coub-anubis-a.akamaized.net/coub_storage/category/cw_image/6589193546b/5ea69fd70b7b36dec144f/big_1544622133_news.png","small_image_url":"https://coub-anubis-a.akamaized.net/coub_storage/category/cw_image/6589193546b/5ea69fd70b7b36dec144f/small_1544622133_news.png","med_image_url":"https://coub-anubis-a.akamaized.net/coub_storage/category/cw_image/6589193546b/5ea69fd70b7b36dec144f/med_1544622133_news.png","visible":true}],"communities":[{"id":35,"title":"News & Politics","permalink":"news","subscriptions_count":10054614,"big_image_url":"https://coub-anubis-a.akamaized.net/coub_storage/category/cw_image/6589193546b/5ea69fd70b7b36dec144f/big_1544622133_news.png","small_image_url":"https://coub-anubis-a.akamaized.net/coub_storage/category/cw_image/6589193546b/5ea69fd70b7b36dec144f/small_1544622133_news.png","med_image_url":"https://coub-anubis-a.akamaized.net/coub_storage/category/cw_image/6589193546b/5ea69fd70b7b36dec144f/med_1544622133_news.png","i_subscribed":true,"community_notifications_enabled":null,"description":null}],"recoubs_count":56,"remixes_count":1,"likes_count":739,"dislikes_count":0,"raw_video_id":13452267,"uploaded_by_ios_app":false,"uploaded_by_android_app":false,"media_blocks":{"uploaded_raw_videos":[],"external_raw_videos":[{"id":31120980,"title":"Mónika show - Kirohanás","url":"https://www.youtube.com/watch?v=KYUs6sF6QEE","image":"https://coub-anubis-a.akamaized.net/coub_storage/media_block/cw_image/254e3bd353e/21d0fe43586c4b132d53c/1553776960_18kdwda_1553776951_1bwlk4w_att-url-download.jpg","image_retina":"https://coub-anubis-a.akamaized.net/coub_storage/media_block/cw_image/254e3bd353e/21d0fe43586c4b132d53c/1553776960_18kdwda_1553776951_1bwlk4w_att-url-download.jpg","meta":{"service":"Youtube","duration":"62.44"},"duration":62.44,"raw_video_id":13452267,"has_embed":true}],"remixed_from_coubs":[{"id":28885043,"title":"Orbán vs Vágási - Nincs több kérdés","url":"https://coub.com/coubs/1h3wy8/remix","image":"https://coub-anubis-a.akamaized.net/coub_storage/media_block/cw_image/fb64392af7b/e65c3665eed255e001872/1541023308_12yegdl_1541023285_00018.jpg","image_retina":"https://coub-anubis-a.akamaized.net/coub_storage/media_block/cw_image/fb64392af7b/e65c3665eed255e001872/1541023308_12yegdl_1541023285_00018.jpg","meta":{"duration":"5.56"},"duration":null,"coub_channel_title":"cubo","coub_channel_permalink":"cubocoub","coub_views_count":12053,"coub_permalink":"1h3wy8"}],"external_video":{"id":31120980,"title":"Mónika show - Kirohanás","url":"https://www.youtube.com/watch?v=KYUs6sF6QEE","image":"https://coub-anubis-a.akamaized.net/coub_storage/media_block/cw_image/254e3bd353e/21d0fe43586c4b132d53c/1553776960_18kdwda_1553776951_1bwlk4w_att-url-download.jpg","image_retina":"https://coub-anubis-a.akamaized.net/coub_storage/media_block/cw_image/254e3bd353e/21d0fe43586c4b132d53c/1553776960_18kdwda_1553776951_1bwlk4w_att-url-download.jpg","meta":{"service":"Youtube","duration":"62.44"},"duration":62.44,"raw_video_id":13452267,"has_embed":true}},"raw_video_thumbnail_url":"/missing/missing.png","raw_video_title":"Mónika show - Kirohanás","video_block_banned":false,"duration":9.16,"promo_winner":false,"promo_winner_recoubers":null,"editorial_info":{},"promo_hint":null,"beeline_best_2014":null,"from_web_editor":true,"normalize_sound":true,"normalize_change_allowed":true,"best2015_addable":false,"ahmad_promo":null,"promo_data":null,"audio_copyright_claim":null,"ads_disabled":false,"is_safe_for_ads":true,"megafon_contents":[],"position_on_page":5},{"flag":null,"abuses":null,"recoubs_by_users_channels":null,"favourite":false,"promoted_id":null,"recoub":null,"like":null,"dislike":null,"reaction":null,"in_my_best2015":false,"id":86873754,"type":"Coub::Simple","permalink":"1fbde7","title":"Érvelés","visibility_type":"public","original_visibility_type":"public","channel_id":4287211,"created_at":"2018-10-01T14:50:44Z","updated_at":"2022-03-07T23:13:56Z","is_done":true,"views_count":26085,"cotd":null,"cotd_at":null,"visible_on_explore_root":false,"visible_on_explore":false,"featured":false,"published":true,"published_at":"2018-10-01T14:50:44Z","reversed":false,"from_editor_v2":true,"is_editable":true,"original_sound":true,"has_sound":true,"recoub_to":null,"file_versions":{"html5":{"video":{"higher":{"url":"https://coub-anubis-a.akamaized.net/coub_storage/coub/simple/cw_file/0567c23e2ce/e9903d57ccdfbe7b7736a/muted_mp4_huge_size_1574070551_muted_huge.mp4","size":2643498},"high":{"url":"https://coub-anubis-a.akamaized.net/coub_storage/coub/simple/cw_file/0567c23e2ce/e9903d57ccdfbe7b7736a/muted_mp4_big_size_1574070551_muted_big.mp4","size":1899448},"med":{"url":"https://coub-anubis-a.akamaized.net/coub_storage/coub/simple/cw_file/0567c23e2ce/e9903d57ccdfbe7b7736a/muted_mp4_med_size_1574070551_muted_med.mp4","size":434382}},"audio":{"high":{"url":"https://coub-anubis-a.akamaized.net/coub_storage/coub/simple/cw_looped_audio_high/51cbf2fef33/630082b747cfab50ff232/1605606809_high_1538405499_high.mp3","size":1034346},"med":{"url":"https://coub-anubis-a.akamaized.net/coub_storage/coub/simple/cw_looped_audio_med/5bd365c115a/44213e980c5ae90d4b063/1605606809_med_1538405499_med.mp3","size":942632},"sample_duration":9.891}},"mobile":{"video":"https://coub-anubis-a.akamaized.net/coub_storage/coub/simple/cw_file/0567c23e2ce/e9903d57ccdfbe7b7736a/muted_mp4_med_size_1574070551_muted_med.mp4","audio":["https://coub-anubis-a.akamaized.net/coub_storage/coub/simple/cw_looped_audio_med/5bd365c115a/44213e980c5ae90d4b063/1605606809_med_1538405499_med.mp3"]},"share":{"default":"https://coub-anubis-a.akamaized.net/coub_storage/coub/simple/cw_video_for_sharing/aaa998f7ac4/7ffcfea22344b916837f8/1609335050_looped_1609335050.mp4"}},"audio_versions":{},"image_versions":{"template":"https://coub-anubis-a.akamaized.net/coub_storage/coub/simple/cw_image/0e8977fc361/04adc671f335fd6e9388e/1538405512_00031.jpg","versions":["micro","tiny","age_restricted","ios_large","ios_mosaic","big","med","small","pinterest"]},"first_frame_versions":{"template":"https://coub-anubis-a.akamaized.net/coub_storage/coub/simple/cw_timeline_pic/63412d42322/74d028cf0a7a0cb7b7822/%{version}_1538405511_image.jpg","versions":["big","med","small","ios_large"]},"dimensions":{"big":[1280,720],"med":[640,360]},"site_w_h":[640,360],"page_w_h":[640,360],"site_w_h_small":[310,174],"size":[1280,720],"age_restricted":false,"age_restricted_by_admin":false,"not_safe_for_work":null,"allow_reuse":false,"dont_crop":false,"banned":false,"global_safe":null,"audio_file_url":null,"external_download":{"type":"Youtube","service_name":"YouTube","url":"https://www.youtube.com/watch?v=2WAfSNsrMKY","has_embed":true},"application":null,"channel":{"id":4287211,"permalink":"haveeer0","title":"haveeer","description":null,"followers_count":75,"following_count":20,"avatar_versions":{"template":"https://coub-anubis-a.akamaized.net/coub_storage/channel/cw_avatar/24a6aa668d5/081b839bf6c4ec2a61025/%{version}_1607964807_gmb58w_1534061685_sz_k.jpg","versions":["medium","medium_2x","profile_pic","profile_pic_new","profile_pic_new_2x","tiny","tiny_2x","small","small_2x","ios_large","ios_small"]}},"file":null,"picture":"https://coub-anubis-a.akamaized.net/coub_storage/coub/simple/cw_image/0e8977fc361/04adc671f335fd6e9388e/1538405512_00031.jpg","timeline_picture":"https://coub-anubis-a.akamaized.net/coub_storage/coub/simple/cw_timeline_pic/63412d42322/74d028cf0a7a0cb7b7822/ios_large_1538405511_image.jpg","small_picture":"https://coub-anubis-a.akamaized.net/coub_storage/coub/simple/cw_image/0e8977fc361/04adc671f335fd6e9388e/1538405512_00031.jpg","sharing_picture":null,"percent_done":100,"tags":[{"id":131167,"title":"kósa lajos","value":"k%C3%B3sa%20lajos"},{"id":68790,"title":"rogán antal","value":"rog%C3%A1n%20antal"},{"id":296610,"title":"helikopter","value":"helikopter"},{"id":11332,"title":"atv.hu","value":"atv.hu"},{"id":11333,"title":"atv","value":"atv"},{"id":170304,"title":"egyenes beszéd","value":"egyenes%20besz%C3%A9d"},{"id":40496,"title":"schmidt","value":"schmidt"},{"id":3799,"title":"fidesz","value":"fidesz"}],"categories":[{"id":35,"title":"News & Politics","permalink":"news","subscriptions_count":10054614,"big_image_url":"https://coub-anubis-a.akamaized.net/coub_storage/category/cw_image/6589193546b/5ea69fd70b7b36dec144f/big_1544622133_news.png","small_image_url":"https://coub-anubis-a.akamaized.net/coub_storage/category/cw_image/6589193546b/5ea69fd70b7b36dec144f/small_1544622133_news.png","med_image_url":"https://coub-anubis-a.akamaized.net/coub_storage/category/cw_image/6589193546b/5ea69fd70b7b36dec144f/med_1544622133_news.png","visible":true}],"communities":[{"id":35,"title":"News & Politics","permalink":"news","subscriptions_count":10054614,"big_image_url":"https://coub-anubis-a.akamaized.net/coub_storage/category/cw_image/6589193546b/5ea69fd70b7b36dec144f/big_1544622133_news.png","small_image_url":"https://coub-anubis-a.akamaized.net/coub_storage/category/cw_image/6589193546b/5ea69fd70b7b36dec144f/small_1544622133_news.png","med_image_url":"https://coub-anubis-a.akamaized.net/coub_storage/category/cw_image/6589193546b/5ea69fd70b7b36dec144f/med_1544622133_news.png","i_subscribed":true,"community_notifications_enabled":null,"description":null}],"recoubs_count":92,"remixes_count":0,"likes_count":739,"dislikes_count":0,"raw_video_id":12186596,"uploaded_by_ios_app":false,"uploaded_by_android_app":false,"media_blocks":{"uploaded_raw_videos":[],"external_raw_videos":[{"id":27688141,"title":"Schmidt szerint erről szól a náci megszállási emlékmű","url":"https://www.youtube.com/watch?v=2WAfSNsrMKY","image":"https://coub-anubis-a.akamaized.net/coub_storage/media_block/cw_image/f4b00909bdb/0e00c37a4b847a2bd0842/1534051541_1534051459_1i9u7dz_att-url-download.jpg","image_retina":"https://coub-anubis-a.akamaized.net/coub_storage/media_block/cw_image/f4b00909bdb/0e00c37a4b847a2bd0842/1534051541_1534051459_1i9u7dz_att-url-download.jpg","meta":{"service":"Youtube","duration":"797.04"},"duration":797.04,"raw_video_id":12186596,"has_embed":true}],"remixed_from_coubs":[{"id":25850696,"title":"Kósa Lajos elmagyarázza, mitől magánszféra a magánszféra","url":"https://coub.com/coubs/fep6u/remix","image":"https://coub-anubis-a.akamaized.net/coub_storage/media_block/cw_image/71c727b18d7/687f237afe6562908a15c/1523547591_1476097699_00016.jpg","image_retina":"https://coub-anubis-a.akamaized.net/coub_storage/media_block/cw_image/71c727b18d7/687f237afe6562908a15c/1523547591_1476097699_00016.jpg","meta":{"duration":"4.96"},"duration":null,"coub_channel_title":"indexvideo","coub_channel_permalink":"indexvideo","coub_views_count":119568,"coub_permalink":"fep6u"}],"external_video":{"id":27688141,"title":"Schmidt szerint erről szól a náci megszállási emlékmű","url":"https://www.youtube.com/watch?v=2WAfSNsrMKY","image":"https://coub-anubis-a.akamaized.net/coub_storage/media_block/cw_image/f4b00909bdb/0e00c37a4b847a2bd0842/1534051541_1534051459_1i9u7dz_att-url-download.jpg","image_retina":"https://coub-anubis-a.akamaized.net/coub_storage/media_block/cw_image/f4b00909bdb/0e00c37a4b847a2bd0842/1534051541_1534051459_1i9u7dz_att-url-download.jpg","meta":{"service":"Youtube","duration":"797.04"},"duration":797.04,"raw_video_id":12186596,"has_embed":true}},"raw_video_thumbnail_url":"/missing/missing.png","raw_video_title":"Schmidt szerint erről szól a náci megszállási emlékmű","video_block_banned":false,"duration":9.84,"promo_winner":false,"promo_winner_recoubers":null,"editorial_info":{},"promo_hint":null,"beeline_best_2014":null,"from_web_editor":true,"normalize_sound":true,"normalize_change_allowed":true,"best2015_addable":false,"ahmad_promo":null,"promo_data":null,"audio_copyright_claim":null,"ads_disabled":null,"is_safe_for_ads":true,"megafon_contents":[],"position_on_page":6},{"flag":null,"abuses":null,"recoubs_by_users_channels":null,"favourite":false,"promoted_id":null,"recoub":null,"like":null,"dislike":null,"reaction":null,"in_my_best2015":false,"id":85701195,"type":"Coub::Simple","permalink":"1em8mx","title":"Tavarish (Orbán/HUN) > Tavarish (Putin/RUS) - 2018 // Moscow","visibility_type":"public","original_visibility_type":"public","channel_id":1172790,"created_at":"2018-09-19T11:25:06Z","updated_at":"2022-03-06T13:57:01Z","is_done":true,"views_count":34993,"cotd":null,"cotd_at":null,"visible_on_explore_root":false,"visible_on_explore":false,"featured":false,"published":true,"published_at":"2018-09-19T11:25:06Z","reversed":false,"from_editor_v2":true,"is_editable":true,"original_sound":false,"has_sound":false,"recoub_to":null,"file_versions":{"html5":{"video":{"higher":{"url":"https://coub-anubis-a.akamaized.net/coub_storage/coub/simple/cw_file/1f5c3d5a6b0/60daaeff75e5153f03c06/muted_mp4_huge_size_1569405629_muted_huge.mp4","size":2713467},"high":{"url":"https://coub-anubis-a.akamaized.net/coub_storage/coub/simple/cw_file/1f5c3d5a6b0/60daaeff75e5153f03c06/muted_mp4_big_size_1569405629_muted_big.mp4","size":2030673},"med":{"url":"https://coub-anubis-a.akamaized.net/coub_storage/coub/simple/cw_file/1f5c3d5a6b0/60daaeff75e5153f03c06/muted_mp4_med_size_1569405629_muted_med.mp4","size":590021}},"audio":{"high":{"url":"https://coub-anubis-a.akamaized.net/coub_storage/coub/simple/cw_looped_audio_high/4592fe5daa3/31162b0b49ca8e6ec88e3/1605608331_high_1537356328_high.mp3","size":1006565},"med":{"url":"https://coub-anubis-a.akamaized.net/coub_storage/coub/simple/cw_looped_audio_med/89c01391739/6b58eff89dd85259a21c1/1605608329_med_1537356328_med.mp3","size":876534}}},"mobile":{"video":"https://coub-anubis-a.akamaized.net/coub_storage/coub/simple/cw_file/1f5c3d5a6b0/60daaeff75e5153f03c06/muted_mp4_med_size_1569405629_muted_med.mp4","audio":["https://coub-anubis-a.akamaized.net/coub_storage/coub/simple/cw_looped_audio_med/89c01391739/6b58eff89dd85259a21c1/1605608329_med_1537356328_med.mp3"]},"share":{"default":"https://coub-anubis-a.akamaized.net/coub_storage/coub/simple/cw_video_for_sharing/8dfe0fe240b/c3732910f2741f974d6f2/1609955900_looped_1609955898.mp4"}},"audio_versions":{"template":"https://coub-anubis-a.akamaized.net/coub_storage/audio_track/cw_normalized_copy/7cc40ef8693/6be9701c6ac06b5e8153b/mid_1537356326_u4qv6f_normalized_1537356325_1cf7pv5_edited.mp3","versions":["mid","low"]},"image_versions":{"template":"https://coub-anubis-a.akamaized.net/coub_storage/coub/simple/cw_image/6137669a4ef/04e4256601b842caad000/1537356336_00029.jpg","versions":["micro","tiny","age_restricted","ios_large","ios_mosaic","big","med","small","pinterest"]},"first_frame_versions":{"template":"https://coub-anubis-a.akamaized.net/coub_storage/coub/simple/cw_timeline_pic/71cebac4d5d/07cf6f81d7015da7b4b9d/%{version}_1537356335_image.jpg","versions":["big","med","small","ios_large"]},"dimensions":{"big":[1280,720],"med":[640,360]},"site_w_h":[640,360],"page_w_h":[640,360],"site_w_h_small":[310,174],"size":[1280,720],"age_restricted":false,"age_restricted_by_admin":false,"not_safe_for_work":false,"allow_reuse":false,"dont_crop":false,"banned":false,"global_safe":false,"audio_file_url":"https://coub-anubis-a.akamaized.net/coub_storage/audio_track/cw_normalized_copy/7cc40ef8693/6be9701c6ac06b5e8153b/low_1537356326_u4qv6f_normalized_1537356325_1cf7pv5_edited.mp3","external_download":{"type":"Facebook","service_name":"Facebook","url":"https://www.facebook.com/orbanviktor/videos/306855169898850/","has_embed":false},"application":null,"channel":{"id":1172790,"permalink":"felcsuti.stroman","title":"StróMan","description":"#StandWithUkraine // ⚠️ Ápr. 3.: VityaSTOP! ⚠️ // \"Русский военный корабль, иди нахуй!\"","followers_count":3797,"following_count":585,"avatar_versions":{"template":"https://coub-anubis-a.akamaized.net/coub_storage/channel/cw_avatar/b4933ad4d32/f4cec780c88f39131f97f/%{version}_1643800047_Str_Man.jpg","versions":["medium","medium_2x","profile_pic","profile_pic_new","profile_pic_new_2x","tiny","tiny_2x","small","small_2x","ios_large","ios_small"]}},"file":null,"picture":"https://coub-anubis-a.akamaized.net/coub_storage/coub/simple/cw_image/6137669a4ef/04e4256601b842caad000/1537356336_00029.jpg","timeline_picture":"https://coub-anubis-a.akamaized.net/coub_storage/coub/simple/cw_timeline_pic/71cebac4d5d/07cf6f81d7015da7b4b9d/ios_large_1537356335_image.jpg","small_picture":"https://coub-anubis-a.akamaized.net/coub_storage/coub/simple/cw_image/6137669a4ef/04e4256601b842caad000/1537356336_00029.jpg","sharing_picture":null,"percent_done":100,"tags":[{"id":2048889,"title":"tavaris","value":"tavaris"},{"id":3880176,"title":"tavarish","value":"tavarish"},{"id":450581,"title":"tovarish","value":"tovarish"},{"id":167800,"title":"elvtárs","value":"elvt%C3%A1rs"},{"id":2963205,"title":"elvtársak","value":"elvt%C3%A1rsak"},{"id":5326,"title":"mashup","value":"mashup"},{"id":110716,"title":"győzike","value":"gy%C5%91zike"},{"id":320692,"title":"győzi","value":"gy%C5%91zi"},{"id":221095,"title":"ovi","value":"ovi"},{"id":94374,"title":"orbán","value":"orb%C3%A1n"},{"id":3798,"title":"orbán viktor","value":"orb%C3%A1n%20viktor"},{"id":3799,"title":"fidesz","value":"fidesz"},{"id":678874,"title":"illiberal","value":"illiberal"},{"id":390355,"title":"illiberális","value":"illiber%C3%A1lis"},{"id":109098,"title":"orosz","value":"orosz"},{"id":192522,"title":"oroszország","value":"oroszorsz%C3%A1g"},{"id":640,"title":"putin","value":"putin"},{"id":1184,"title":"moscow","value":"moscow"},{"id":203760,"title":"moszkva","value":"moszkva"},{"id":15018,"title":"vladimir putin","value":"vladimir%20putin"}],"categories":[{"id":35,"title":"News & Politics","permalink":"news","subscriptions_count":10054614,"big_image_url":"https://coub-anubis-a.akamaized.net/coub_storage/category/cw_image/6589193546b/5ea69fd70b7b36dec144f/big_1544622133_news.png","small_image_url":"https://coub-anubis-a.akamaized.net/coub_storage/category/cw_image/6589193546b/5ea69fd70b7b36dec144f/small_1544622133_news.png","med_image_url":"https://coub-anubis-a.akamaized.net/coub_storage/category/cw_image/6589193546b/5ea69fd70b7b36dec144f/med_1544622133_news.png","visible":true}],"communities":[{"id":35,"title":"News & Politics","permalink":"news","subscriptions_count":10054614,"big_image_url":"https://coub-anubis-a.akamaized.net/coub_storage/category/cw_image/6589193546b/5ea69fd70b7b36dec144f/big_1544622133_news.png","small_image_url":"https://coub-anubis-a.akamaized.net/coub_storage/category/cw_image/6589193546b/5ea69fd70b7b36dec144f/small_1544622133_news.png","med_image_url":"https://coub-anubis-a.akamaized.net/coub_storage/category/cw_image/6589193546b/5ea69fd70b7b36dec144f/med_1544622133_news.png","i_subscribed":true,"community_notifications_enabled":null,"description":null}],"recoubs_count":110,"remixes_count":1,"likes_count":739,"dislikes_count":0,"raw_video_id":12392186,"uploaded_by_ios_app":false,"uploaded_by_android_app":false,"media_blocks":{"uploaded_raw_videos":[],"external_raw_videos":[{"id":28241385,"title":"Moszkva 2018 // Moscow 2018","url":"https://www.facebook.com/orbanviktor/videos/306855169898850","image":null,"image_retina":null,"meta":{"service":"Facebook","duration":"44.12"},"duration":44.12,"raw_video_id":12392186,"has_embed":false}],"remixed_from_coubs":[],"external_video":{"id":28241385,"title":"Moszkva 2018 // Moscow 2018","url":"https://www.facebook.com/orbanviktor/videos/306855169898850","image":null,"image_retina":null,"meta":{"service":"Facebook","duration":"44.12"},"duration":44.12,"raw_video_id":12392186,"has_embed":false}},"raw_video_thumbnail_url":"/missing/missing.png","raw_video_title":"Moszkva 2018 // Moscow 2018","video_block_banned":false,"duration":9.2,"promo_winner":false,"promo_winner_recoubers":null,"editorial_info":{},"promo_hint":null,"beeline_best_2014":null,"from_web_editor":true,"normalize_sound":true,"normalize_change_allowed":true,"best2015_addable":false,"ahmad_promo":null,"promo_data":null,"audio_copyright_claim":null,"ads_disabled":false,"is_safe_for_ads":true,"megafon_contents":[],"position_on_page":7},{"flag":null,"abuses":null,"recoubs_by_users_channels":null,"favourite":false,"promoted_id":null,"recoub":null,"like":null,"dislike":null,"reaction":null,"in_my_best2015":false,"id":165964737,"type":"Coub::Simple","permalink":"2qgq1y","title":"Что происходит?","visibility_type":"public","original_visibility_type":"public","channel_id":1919954,"created_at":"2021-03-26T08:50:18Z","updated_at":"2022-02-17T13:29:31Z","is_done":true,"views_count":66917,"cotd":null,"cotd_at":null,"visible_on_explore_root":false,"visible_on_explore":false,"featured":false,"published":true,"published_at":"2021-03-26T08:50:18Z","reversed":false,"from_editor_v2":true,"is_editable":true,"original_sound":true,"has_sound":true,"recoub_to":null,"file_versions":{"html5":{"video":{"higher":{"url":"https://coub-anubis-a.akamaized.net/coub_storage/coub/simple/cw_file/7b71c39c549/206f875585342a430dc06/muted_mp4_huge_size_1616748632_muted_huge.mp4","size":2186936},"high":{"url":"https://coub-anubis-a.akamaized.net/coub_storage/coub/simple/cw_file/7b71c39c549/206f875585342a430dc06/muted_mp4_big_size_1616748632_muted_big.mp4","size":1318811},"med":{"url":"https://coub-anubis-a.akamaized.net/coub_storage/coub/simple/cw_file/7b71c39c549/206f875585342a430dc06/muted_mp4_med_size_1616748632_muted_med.mp4","size":417531}},"audio":{"high":{"url":"https://coub-anubis-a.akamaized.net/coub_storage/coub/simple/cw_looped_audio_high/bb857d69aba/aee8201bd90f7f48b9975/1616748634_mp3-high.mp3","size":762034},"med":{"url":"https://coub-anubis-a.akamaized.net/coub_storage/coub/simple/cw_looped_audio_med/1cb3264aa24/a5365efc8006234b1b226/1616748633_mp3-med.mp3","size":752224},"sample_duration":10.101}},"mobile":{"video":"https://coub-anubis-a.akamaized.net/coub_storage/coub/simple/cw_file/7b71c39c549/206f875585342a430dc06/muted_mp4_med_size_1616748632_muted_med.mp4","audio":["https://coub-anubis-a.akamaized.net/coub_storage/coub/simple/cw_looped_audio_med/1cb3264aa24/a5365efc8006234b1b226/1616748633_mp3-med.mp3"]},"share":{"default":"https://coub-anubis-a.akamaized.net/coub_storage/coub/simple/cw_video_for_sharing/0554d2ff396/c782188151493b98e6fec/1616748659_looped_1616748658.mp4"}},"audio_versions":{},"image_versions":{"template":"https://coub-anubis-a.akamaized.net/coub_storage/coub/simple/cw_image/f94e7cd5543/7541f3406a9ee2dedb929/%{version}_1616748638_00032.jpg","versions":["micro","tiny","age_restricted","ios_large","ios_mosaic","big","med","small","pinterest"]},"first_frame_versions":{"template":"https://coub-anubis-a.akamaized.net/coub_storage/coub/simple/cw_timeline_pic/bb61171f4e9/3ff5613766aeb395d281a/%{version}_1616748638_image.jpg","versions":["big","med","small","ios_large"]},"dimensions":{"big":[788,960],"med":[394,480]},"site_w_h":[328,400],"page_w_h":[400,487],"site_w_h_small":[310,378],"size":[788,960],"age_restricted":false,"age_restricted_by_admin":false,"not_safe_for_work":false,"allow_reuse":false,"dont_crop":true,"banned":false,"global_safe":false,"audio_file_url":null,"external_download":{"type":"Youtube","service_name":"YouTube","url":"https://youtu.be/u8-E2LswmGk","has_embed":true},"application":null,"channel":{"id":1919954,"permalink":"bratinkoff","title":"Lavrentiy Zhuravlev","description":null,"followers_count":37,"following_count":0,"avatar_versions":{"template":"https://coub-anubis-a.akamaized.net/coub_storage/channel/cw_avatar/88c2b2c5624/8e229497c21848d0ce438/%{version}_1608847011_11tr1gs_1474603794_do1c92_3904737.jpg","versions":["medium","medium_2x","profile_pic","profile_pic_new","profile_pic_new_2x","tiny","tiny_2x","small","small_2x","ios_large","ios_small"]}},"file":null,"picture":"https://coub-anubis-a.akamaized.net/coub_storage/coub/simple/cw_image/f94e7cd5543/7541f3406a9ee2dedb929/med_1616748638_00032.jpg","timeline_picture":"https://coub-anubis-a.akamaized.net/coub_storage/coub/simple/cw_timeline_pic/bb61171f4e9/3ff5613766aeb395d281a/ios_large_1616748638_image.jpg","small_picture":"https://coub-anubis-a.akamaized.net/coub_storage/coub/simple/cw_image/f94e7cd5543/7541f3406a9ee2dedb929/ios_mosaic_1616748638_00032.jpg","sharing_picture":null,"percent_done":100,"tags":[{"id":73,"title":"путин","value":"%D0%BF%D1%83%D1%82%D0%B8%D0%BD"},{"id":24933,"title":"цены","value":"%D1%86%D0%B5%D0%BD%D1%8B"},{"id":30843,"title":"магазины","value":"%D0%BC%D0%B0%D0%B3%D0%B0%D0%B7%D0%B8%D0%BD%D1%8B"},{"id":637419,"title":"что происходит","value":"%D1%87%D1%82%D0%BE%20%D0%BF%D1%80%D0%BE%D0%B8%D1%81%D1%85%D0%BE%D0%B4%D0%B8%D1%82"}],"categories":[{"id":35,"title":"News & Politics","permalink":"news","subscriptions_count":10054614,"big_image_url":"https://coub-anubis-a.akamaized.net/coub_storage/category/cw_image/6589193546b/5ea69fd70b7b36dec144f/big_1544622133_news.png","small_image_url":"https://coub-anubis-a.akamaized.net/coub_storage/category/cw_image/6589193546b/5ea69fd70b7b36dec144f/small_1544622133_news.png","med_image_url":"https://coub-anubis-a.akamaized.net/coub_storage/category/cw_image/6589193546b/5ea69fd70b7b36dec144f/med_1544622133_news.png","visible":true}],"communities":[{"id":35,"title":"News & Politics","permalink":"news","subscriptions_count":10054614,"big_image_url":"https://coub-anubis-a.akamaized.net/coub_storage/category/cw_image/6589193546b/5ea69fd70b7b36dec144f/big_1544622133_news.png","small_image_url":"https://coub-anubis-a.akamaized.net/coub_storage/category/cw_image/6589193546b/5ea69fd70b7b36dec144f/small_1544622133_news.png","med_image_url":"https://coub-anubis-a.akamaized.net/coub_storage/category/cw_image/6589193546b/5ea69fd70b7b36dec144f/med_1544622133_news.png","i_subscribed":true,"community_notifications_enabled":null,"description":null}],"recoubs_count":112,"remixes_count":0,"likes_count":738,"dislikes_count":0,"raw_video_id":16048370,"uploaded_by_ios_app":true,"uploaded_by_android_app":false,"media_blocks":{"uploaded_raw_videos":[],"external_raw_videos":[{"id":37882484,"title":"\"Владимир Путин - молодец!\" (полная версия без купюр)","url":"https://www.youtube.com/watch?v=u8-E2LswmGk","image":null,"image_retina":null,"meta":{"service":"Youtube","duration":"195.36"},"duration":195.36,"raw_video_id":16048370,"has_embed":true},{"id":38496843,"title":"Наталья - Люди, подскажите даме, что происходит????","url":"https://twitter.com/dahytka1987/status/1375348850588852224","image":"https://coub-anubis-a.akamaized.net/coub_storage/media_block/cw_image/dea779baa4a/04bb5231f1edb965b53ce/video_1616748108_1l2h0m8_1616748097_199q57d_att-url-download.jpg_name_orig","image_retina":"https://coub-anubis-a.akamaized.net/coub_storage/media_block/cw_image/dea779baa4a/04bb5231f1edb965b53ce/video_retina_1616748108_1l2h0m8_1616748097_199q57d_att-url-download.jpg_name_orig","meta":{"service":"Twitter","duration":"49.08"},"duration":49.08,"raw_video_id":16294877,"has_embed":false}],"remixed_from_coubs":[],"external_video":{"id":37882484,"title":"\"Владимир Путин - молодец!\" (полная версия без купюр)","url":"https://www.youtube.com/watch?v=u8-E2LswmGk","image":null,"image_retina":null,"meta":{"service":"Youtube","duration":"195.36"},"duration":195.36,"raw_video_id":16048370,"has_embed":true}},"raw_video_thumbnail_url":"/missing/missing.png","raw_video_title":"\"Владимир Путин - молодец!\" (полная версия без купюр)","video_block_banned":false,"duration":10.0,"promo_winner":false,"promo_winner_recoubers":null,"editorial_info":{},"promo_hint":null,"beeline_best_2014":null,"from_web_editor":false,"normalize_sound":true,"normalize_change_allowed":true,"best2015_addable":false,"ahmad_promo":null,"promo_data":null,"audio_copyright_claim":null,"ads_disabled":false,"is_safe_for_ads":true,"megafon_contents":[],"position_on_page":8},{"flag":null,"abuses":null,"recoubs_by_users_channels":null,"favourite":false,"promoted_id":null,"recoub":null,"like":null,"dislike":null,"reaction":null,"in_my_best2015":false,"id":149179360,"type":"Coub::Simple","permalink":"2ggy9b","title":"Кто был ничем тот станет всем!","visibility_type":"public","original_visibility_type":"public","channel_id":7563776,"created_at":"2020-07-09T07:00:12Z","updated_at":"2022-03-14T09:30:07Z","is_done":true,"views_count":63884,"cotd":null,"cotd_at":null,"visible_on_explore_root":false,"visible_on_explore":false,"featured":false,"published":true,"published_at":"2020-07-09T07:00:12Z","reversed":false,"from_editor_v2":true,"is_editable":true,"original_sound":false,"has_sound":false,"recoub_to":null,"file_versions":{"html5":{"video":{"higher":{"url":"https://coub-anubis-a.akamaized.net/coub_storage/coub/simple/cw_file/9d67a1f44ea/bc885d04d4c56cd1058ee/muted_mp4_huge_size_1594278038_muted_huge.mp4","size":3648522},"high":{"url":"https://coub-anubis-a.akamaized.net/coub_storage/coub/simple/cw_file/9d67a1f44ea/bc885d04d4c56cd1058ee/muted_mp4_big_size_1594278038_muted_big.mp4","size":2409730},"med":{"url":"https://coub-anubis-a.akamaized.net/coub_storage/coub/simple/cw_file/9d67a1f44ea/bc885d04d4c56cd1058ee/muted_mp4_med_size_1594278038_muted_med.mp4","size":824250}},"audio":{"high":{"url":"https://coub-anubis-a.akamaized.net/coub_storage/coub/simple/cw_looped_audio_high/4cb41f54d59/4ea1c0398d5a318f10887/1605681992_high_1594278086_high.mp3","size":3475826},"med":{"url":"https://coub-anubis-a.akamaized.net/coub_storage/coub/simple/cw_looped_audio_med/4918620405f/2fe34a70f8325fd581326/1605681991_med_1594278086_med.mp3","size":2934564}}},"mobile":{"video":"https://coub-anubis-a.akamaized.net/coub_storage/coub/simple/cw_file/9d67a1f44ea/bc885d04d4c56cd1058ee/muted_mp4_med_size_1594278038_muted_med.mp4","audio":["https://coub-anubis-a.akamaized.net/coub_storage/coub/simple/cw_looped_audio_med/4918620405f/2fe34a70f8325fd581326/1605681991_med_1594278086_med.mp3"]},"share":{"default":"https://coub-anubis-a.akamaized.net/coub_storage/coub/simple/cw_video_for_sharing/9eceba7fedb/dab1e93e02d62cf8934f0/1609337002_looped_1609337001.mp4"}},"audio_versions":{"template":"https://coub-anubis-a.akamaized.net/coub_storage/audio_track/cw_file/9e61076a846/6e9a9461c211944b2ca30/mid_1594278044_x8xeyi_edited.mp3","versions":["mid","low"]},"image_versions":{"template":"https://coub-anubis-a.akamaized.net/coub_storage/coub/simple/cw_image/1450697fc5e/873f5201b897cee737da1/1594278128_00030.jpg","versions":["micro","tiny","age_restricted","ios_large","ios_mosaic","big","med","small","pinterest"]},"first_frame_versions":{"template":"https://coub-anubis-a.akamaized.net/coub_storage/coub/simple/cw_timeline_pic/95f581d0a41/ef0c3c0192ab1803e5d1a/%{version}_1594278126_image.jpg","versions":["big","med","small","ios_large"]},"dimensions":{"big":[1280,720],"med":[640,360]},"site_w_h":[640,360],"page_w_h":[640,360],"site_w_h_small":[310,174],"size":[1280,720],"age_restricted":false,"age_restricted_by_admin":false,"not_safe_for_work":false,"allow_reuse":false,"dont_crop":false,"banned":false,"global_safe":false,"audio_file_url":"https://coub-anubis-a.akamaized.net/coub_storage/audio_track/cw_file/9e61076a846/6e9a9461c211944b2ca30/low_1594278044_x8xeyi_edited.mp3","external_download":false,"application":null,"channel":{"id":7563776,"permalink":"arthur2000","title":"Arthur2000 ","description":"Администрация СOUB особо одареные умом люди, с минусовым IQ.","followers_count":88,"following_count":23,"avatar_versions":{"template":"https://coub-anubis-a.akamaized.net/coub_storage/channel/cw_avatar/8a9e305a760/701ef4a2ff0489ea7f076/%{version}_1607422041_crlyvd_1602921025_photo_2020-10-17_12-49-29.jpg","versions":["medium","medium_2x","profile_pic","profile_pic_new","profile_pic_new_2x","tiny","tiny_2x","small","small_2x","ios_large","ios_small"]}},"file":null,"picture":"https://coub-anubis-a.akamaized.net/coub_storage/coub/simple/cw_image/1450697fc5e/873f5201b897cee737da1/1594278128_00030.jpg","timeline_picture":"https://coub-anubis-a.akamaized.net/coub_storage/coub/simple/cw_timeline_pic/95f581d0a41/ef0c3c0192ab1803e5d1a/ios_large_1594278126_image.jpg","small_picture":"https://coub-anubis-a.akamaized.net/coub_storage/coub/simple/cw_image/1450697fc5e/873f5201b897cee737da1/1594278128_00030.jpg","sharing_picture":null,"percent_done":100,"tags":[{"id":2980046,"title":"кв-1 серийный","value":"%D0%BA%D0%B2-1%20%D1%81%D0%B5%D1%80%D0%B8%D0%B9%D0%BD%D1%8B%D0%B9"},{"id":25768,"title":"танк","value":"%D1%82%D0%B0%D0%BD%D0%BA"},{"id":2980045,"title":"кв-2 серийный - танк","value":"%D0%BA%D0%B2-2%20%D1%81%D0%B5%D1%80%D0%B8%D0%B9%D0%BD%D1%8B%D0%B9%20-%20%D1%82%D0%B0%D0%BD%D0%BA"},{"id":2980044,"title":"milttracks","value":"milttracks"},{"id":81,"title":"war","value":"war"},{"id":79635,"title":"bulge","value":"bulge"},{"id":663,"title":"battle","value":"battle"},{"id":29730,"title":"tanks","value":"tanks"},{"id":1797997,"title":"blindes","value":"blindes"},{"id":310013,"title":"char","value":"char"},{"id":16053,"title":"tank","value":"tank"},{"id":268074,"title":"panzer","value":"panzer"},{"id":688746,"title":"kv2","value":"kv2"},{"id":204181,"title":"kv-2","value":"kv-2"},{"id":134772,"title":"kv","value":"kv"},{"id":319049,"title":"kv-1","value":"kv-1"}],"categories":[{"id":35,"title":"News & Politics","permalink":"news","subscriptions_count":10054614,"big_image_url":"https://coub-anubis-a.akamaized.net/coub_storage/category/cw_image/6589193546b/5ea69fd70b7b36dec144f/big_1544622133_news.png","small_image_url":"https://coub-anubis-a.akamaized.net/coub_storage/category/cw_image/6589193546b/5ea69fd70b7b36dec144f/small_1544622133_news.png","med_image_url":"https://coub-anubis-a.akamaized.net/coub_storage/category/cw_image/6589193546b/5ea69fd70b7b36dec144f/med_1544622133_news.png","visible":true}],"communities":[{"id":35,"title":"News & Politics","permalink":"news","subscriptions_count":10054614,"big_image_url":"https://coub-anubis-a.akamaized.net/coub_storage/category/cw_image/6589193546b/5ea69fd70b7b36dec144f/big_1544622133_news.png","small_image_url":"https://coub-anubis-a.akamaized.net/coub_storage/category/cw_image/6589193546b/5ea69fd70b7b36dec144f/small_1544622133_news.png","med_image_url":"https://coub-anubis-a.akamaized.net/coub_storage/category/cw_image/6589193546b/5ea69fd70b7b36dec144f/med_1544622133_news.png","i_subscribed":true,"community_notifications_enabled":null,"description":null}],"recoubs_count":156,"remixes_count":5,"likes_count":738,"dislikes_count":0,"raw_video_id":15437042,"uploaded_by_ios_app":false,"uploaded_by_android_app":false,"media_blocks":{"uploaded_raw_videos":[],"external_raw_videos":[],"remixed_from_coubs":[{"id":35462652,"title":"Работаем в полную силу","url":"https://coub.com/coubs/2cegkb/remix","image":"https://coub-anubis-a.akamaized.net/coub_storage/media_block/cw_image/14d63311712/fba6fe5209cf26a654408/1586978224_eh0g7f_1586978197_00027.jpg","image_retina":"https://coub-anubis-a.akamaized.net/coub_storage/media_block/cw_image/14d63311712/fba6fe5209cf26a654408/1586978224_eh0g7f_1586978197_00027.jpg","meta":{"duration":"8.52"},"duration":null,"coub_channel_title":"Arthur2000 ","coub_channel_permalink":"arthur2000","coub_views_count":2171,"coub_permalink":"2cegkb"}]},"raw_video_thumbnail_url":"/missing/missing.png","raw_video_title":"____________.mp4","video_block_banned":false,"duration":9.52,"promo_winner":false,"promo_winner_recoubers":null,"editorial_info":{},"promo_hint":null,"beeline_best_2014":null,"from_web_editor":true,"normalize_sound":false,"normalize_change_allowed":true,"best2015_addable":false,"ahmad_promo":null,"promo_data":null,"audio_copyright_claim":null,"ads_disabled":false,"is_safe_for_ads":true,"megafon_contents":[],"position_on_page":9},{"flag":null,"abuses":null,"recoubs_by_users_channels":null,"favourite":false,"promoted_id":null,"recoub":null,"like":null,"dislike":null,"reaction":null,"in_my_best2015":false,"id":94703509,"type":"Coub::Simple","permalink":"1jz6xa","title":"\"Én még sosem...\"","visibility_type":"public","original_visibility_type":"public","channel_id":2508275,"created_at":"2018-12-17T08:21:29Z","updated_at":"2022-03-09T13:06:51Z","is_done":true,"views_count":68590,"cotd":null,"cotd_at":null,"visible_on_explore_root":false,"visible_on_explore":false,"featured":false,"published":true,"published_at":"2018-12-17T08:21:29Z","reversed":false,"from_editor_v2":true,"is_editable":true,"original_sound":true,"has_sound":true,"recoub_to":null,"file_versions":{"html5":{"video":{"higher":{"url":"https://coub-anubis-a.akamaized.net/coub_storage/coub/simple/cw_file/4d00deb4702/2d1b9c99688d293d3f296/muted_mp4_huge_size_1572453678_muted_huge.mp4","size":3269545},"high":{"url":"https://coub-anubis-a.akamaized.net/coub_storage/coub/simple/cw_file/4d00deb4702/2d1b9c99688d293d3f296/muted_mp4_big_size_1572453678_muted_big.mp4","size":2341584},"med":{"url":"https://coub-anubis-a.akamaized.net/coub_storage/coub/simple/cw_file/4d00deb4702/2d1b9c99688d293d3f296/muted_mp4_med_size_1572453678_muted_med.mp4","size":684341}},"audio":{"high":{"url":"https://coub-anubis-a.akamaized.net/coub_storage/coub/simple/cw_looped_audio_high/458d4a824b9/7709470f26221119169fe/1605661812_high_1545034951_high.mp3","size":800942},"med":{"url":"https://coub-anubis-a.akamaized.net/coub_storage/coub/simple/cw_looped_audio_med/7deadca46a2/876c1fa172a2897957aa2/1605661812_med_1545034951_med.mp3","size":783492},"sample_duration":10.1}},"mobile":{"video":"https://coub-anubis-a.akamaized.net/coub_storage/coub/simple/cw_file/4d00deb4702/2d1b9c99688d293d3f296/muted_mp4_med_size_1572453678_muted_med.mp4","audio":["https://coub-anubis-a.akamaized.net/coub_storage/coub/simple/cw_looped_audio_med/7deadca46a2/876c1fa172a2897957aa2/1605661812_med_1545034951_med.mp3"]},"share":{"default":null}},"audio_versions":{},"image_versions":{"template":"https://coub-anubis-a.akamaized.net/coub_storage/coub/simple/cw_image/bbefa2038f4/b388520a0408d88182dda/1545034957_00032.jpg","versions":["micro","tiny","age_restricted","ios_large","ios_mosaic","big","med","small","pinterest"]},"first_frame_versions":{"template":"https://coub-anubis-a.akamaized.net/coub_storage/coub/simple/cw_timeline_pic/001f70ae94e/e72c0979c80e06f8cac7c/%{version}_1545034956_image.jpg","versions":["big","med","small","ios_large"]},"dimensions":{"big":[1280,720],"med":[640,360]},"site_w_h":[640,360],"page_w_h":[640,360],"site_w_h_small":[310,174],"size":[1280,720],"age_restricted":false,"age_restricted_by_admin":false,"not_safe_for_work":false,"allow_reuse":false,"dont_crop":false,"banned":false,"global_safe":false,"audio_file_url":null,"external_download":{"type":"Youtube","service_name":"YouTube","url":"https://www.youtube.com/watch?v=X7FzFa8_0Bc","has_embed":true},"application":null,"channel":{"id":2508275,"permalink":"massiv00","title":"Massiv","description":null,"followers_count":39,"following_count":15,"avatar_versions":{"template":"https://coub-anubis-a.akamaized.net/coub_storage/channel/cw_avatar/31f5d0e2349/bdf43490b6f58938725b7/%{version}_1608818056_1yh9pqi_1545042117_c8146eaff6ca4722bb27c43b02b78608.png","versions":["medium","medium_2x","profile_pic","profile_pic_new","profile_pic_new_2x","tiny","tiny_2x","small","small_2x","ios_large","ios_small"]}},"file":null,"picture":"https://coub-anubis-a.akamaized.net/coub_storage/coub/simple/cw_image/bbefa2038f4/b388520a0408d88182dda/1545034957_00032.jpg","timeline_picture":"https://coub-anubis-a.akamaized.net/coub_storage/coub/simple/cw_timeline_pic/001f70ae94e/e72c0979c80e06f8cac7c/ios_large_1545034956_image.jpg","small_picture":"https://coub-anubis-a.akamaized.net/coub_storage/coub/simple/cw_image/bbefa2038f4/b388520a0408d88182dda/1545034957_00032.jpg","sharing_picture":null,"percent_done":100,"tags":[{"id":548344,"title":"hír","value":"h%C3%ADr"},{"id":95600,"title":"politika","value":"politika"},{"id":43421,"title":"magyarország","value":"magyarorsz%C3%A1g"},{"id":3798,"title":"orbán viktor","value":"orb%C3%A1n%20viktor"},{"id":4083943,"title":"sargentini","value":"sargentini"},{"id":4276666,"title":"sargentini report hungary","value":"sargentini%20report%20hungary"},{"id":344815,"title":"strasbourg","value":"strasbourg"},{"id":5648,"title":"europe","value":"europe"},{"id":102151,"title":"európa","value":"eur%C3%B3pa"},{"id":34769,"title":"eu","value":"eu"},{"id":3799,"title":"fidesz","value":"fidesz"}],"categories":[{"id":35,"title":"News & Politics","permalink":"news","subscriptions_count":10054614,"big_image_url":"https://coub-anubis-a.akamaized.net/coub_storage/category/cw_image/6589193546b/5ea69fd70b7b36dec144f/big_1544622133_news.png","small_image_url":"https://coub-anubis-a.akamaized.net/coub_storage/category/cw_image/6589193546b/5ea69fd70b7b36dec144f/small_1544622133_news.png","med_image_url":"https://coub-anubis-a.akamaized.net/coub_storage/category/cw_image/6589193546b/5ea69fd70b7b36dec144f/med_1544622133_news.png","visible":true}],"communities":[{"id":35,"title":"News & Politics","permalink":"news","subscriptions_count":10054614,"big_image_url":"https://coub-anubis-a.akamaized.net/coub_storage/category/cw_image/6589193546b/5ea69fd70b7b36dec144f/big_1544622133_news.png","small_image_url":"https://coub-anubis-a.akamaized.net/coub_storage/category/cw_image/6589193546b/5ea69fd70b7b36dec144f/small_1544622133_news.png","med_image_url":"https://coub-anubis-a.akamaized.net/coub_storage/category/cw_image/6589193546b/5ea69fd70b7b36dec144f/med_1544622133_news.png","i_subscribed":true,"community_notifications_enabled":null,"description":null}],"recoubs_count":48,"remixes_count":3,"likes_count":738,"dislikes_count":0,"raw_video_id":12877751,"uploaded_by_ios_app":false,"uploaded_by_android_app":false,"media_blocks":{"uploaded_raw_videos":[],"external_raw_videos":[{"id":28132618,"title":"Így védekezett Orbán az Európai Parlamentben | 24.hu","url":"https://www.youtube.com/watch?v=X7FzFa8_0Bc","image":"https://coub-anubis-a.akamaized.net/coub_storage/media_block/cw_image/5d630e92345/8fddf2ddee7051b7625d5/1536684931_1536684845_14ceici_att-url-download.jpg","image_retina":"https://coub-anubis-a.akamaized.net/coub_storage/media_block/cw_image/5d630e92345/8fddf2ddee7051b7625d5/1536684931_1536684845_14ceici_att-url-download.jpg","meta":{"service":"Youtube","duration":"477.84"},"duration":477.84,"raw_video_id":12351957,"has_embed":true}],"remixed_from_coubs":[],"external_video":{"id":28132618,"title":"Így védekezett Orbán az Európai Parlamentben | 24.hu","url":"https://www.youtube.com/watch?v=X7FzFa8_0Bc","image":"https://coub-anubis-a.akamaized.net/coub_storage/media_block/cw_image/5d630e92345/8fddf2ddee7051b7625d5/1536684931_1536684845_14ceici_att-url-download.jpg","image_retina":"https://coub-anubis-a.akamaized.net/coub_storage/media_block/cw_image/5d630e92345/8fddf2ddee7051b7625d5/1536684931_1536684845_14ceici_att-url-download.jpg","meta":{"service":"Youtube","duration":"477.84"},"duration":477.84,"raw_video_id":12351957,"has_embed":true}},"raw_video_thumbnail_url":"/missing/missing.png","raw_video_title":"10000000_1065696216937789_366789830757097403_n.mp4","video_block_banned":false,"duration":10.04,"promo_winner":false,"promo_winner_recoubers":null,"editorial_info":{},"promo_hint":null,"beeline_best_2014":null,"from_web_editor":true,"normalize_sound":true,"normalize_change_allowed":true,"best2015_addable":false,"ahmad_promo":null,"promo_data":null,"audio_copyright_claim":null,"ads_disabled":false,"is_safe_for_ads":true,"megafon_contents":[],"position_on_page":10}]}