{"page":14,"per_page":10,"total_pages":500,"coubs":[{"flag":null,"abuses":null,"recoubs_by_users_channels":null,"favourite":false,"promoted_id":null,"recoub":null,"like":null,"dislike":null,"reaction":null,"in_my_best2015":false,"id":103795388,"type":"Coub::Simple","permalink":"1pe2b8","title":"One shot one hit","visibility_type":"public","original_visibility_type":"public","channel_id":3629172,"created_at":"2019-03-01T11:43:24Z","updated_at":"2022-03-15T19:14:24Z","is_done":true,"views_count":447082,"cotd":null,"cotd_at":null,"visible_on_explore_root":false,"visible_on_explore":false,"featured":false,"published":true,"published_at":"2019-03-01T11:43:24Z","reversed":false,"from_editor_v2":true,"is_editable":true,"original_sound":false,"has_sound":false,"recoub_to":null,"file_versions":{"html5":{"video":{"higher":{"url":"https://coub-anubis-a.akamaized.net/coub_storage/coub/simple/cw_file/69de06ddf18/e282551bf791d35409391/muted_mp4_huge_size_1569005122_muted_huge.mp4","size":2039783},"high":{"url":"https://coub-anubis-a.akamaized.net/coub_storage/coub/simple/cw_file/69de06ddf18/e282551bf791d35409391/muted_mp4_big_size_1569005122_muted_big.mp4","size":1435594},"med":{"url":"https://coub-anubis-a.akamaized.net/coub_storage/coub/simple/cw_file/69de06ddf18/e282551bf791d35409391/muted_mp4_med_size_1569005122_muted_med.mp4","size":484915}},"audio":{"high":{"url":"https://coub-anubis-a.akamaized.net/coub_storage/coub/simple/cw_looped_audio_high/a47aa63f976/ac6c116b485c417094e62/1605675290_high_1551440623_high.mp3","size":902339},"med":{"url":"https://coub-anubis-a.akamaized.net/coub_storage/coub/simple/cw_looped_audio_med/c9e75c682d8/36e0b50f64775a6f0a138/1605675290_med_1551440623_med.mp3","size":639365}}},"mobile":{"video":"https://coub-anubis-a.akamaized.net/coub_storage/coub/simple/cw_file/69de06ddf18/e282551bf791d35409391/muted_mp4_med_size_1569005122_muted_med.mp4","audio":["https://coub-anubis-a.akamaized.net/coub_storage/coub/simple/cw_looped_audio_med/c9e75c682d8/36e0b50f64775a6f0a138/1605675290_med_1551440623_med.mp3"]},"share":{"default":"https://coub-anubis-a.akamaized.net/coub_storage/coub/simple/cw_video_for_sharing/707f3353b90/4f03d4b32f1d82d7a5727/1608567726_looped_1608567725.mp4"}},"audio_versions":{"template":"https://coub-anubis-a.akamaized.net/coub_storage/audio_track/cw_normalized_copy/7a8c2b24708/f9cb440b96cb7711d73ca/mid_1567836446_normalized_1513922303_audio.mp3","versions":["mid","low"]},"image_versions":{"template":"https://coub-anubis-a.akamaized.net/coub_storage/coub/simple/cw_image/b3c322e3f8e/3aa2eb6058d717ed96e57/1551440632_00031.jpg","versions":["micro","tiny","age_restricted","ios_large","ios_mosaic","big","med","small","pinterest"]},"first_frame_versions":{"template":"https://coub-anubis-a.akamaized.net/coub_storage/coub/simple/cw_timeline_pic/ecdd22128e3/40c72177ace48a0375694/%{version}_1551440631_image.jpg","versions":["big","med","small","ios_large"]},"dimensions":{"big":[1172,960],"med":[586,480]},"site_w_h":[640,524],"page_w_h":[640,524],"site_w_h_small":[310,254],"size":[1172,960],"age_restricted":false,"age_restricted_by_admin":false,"not_safe_for_work":false,"allow_reuse":false,"dont_crop":false,"banned":false,"global_safe":true,"audio_file_url":"https://coub-anubis-a.akamaized.net/coub_storage/audio_track/cw_normalized_copy/7a8c2b24708/f9cb440b96cb7711d73ca/low_1567836446_normalized_1513922303_audio.mp3","external_download":{"type":"Facebook","service_name":"Facebook","url":"https://www.facebook.com/Official.Made.In.Russia/videos/309015793091777/","has_embed":false},"application":null,"channel":{"id":3629172,"permalink":"vladik29","title":"Vladik","description":null,"followers_count":830,"following_count":256,"avatar_versions":{"template":"https://coub-anubis-a.akamaized.net/coub_storage/channel/cw_avatar/03577d7d353/e35a228ae3b4f106966f1/%{version}_1607421874_5jbm41_1536064947_______.jpg","versions":["medium","medium_2x","profile_pic","profile_pic_new","profile_pic_new_2x","tiny","tiny_2x","small","small_2x","ios_large","ios_small"]}},"file":null,"picture":"https://coub-anubis-a.akamaized.net/coub_storage/coub/simple/cw_image/b3c322e3f8e/3aa2eb6058d717ed96e57/1551440632_00031.jpg","timeline_picture":"https://coub-anubis-a.akamaized.net/coub_storage/coub/simple/cw_timeline_pic/ecdd22128e3/40c72177ace48a0375694/ios_large_1551440631_image.jpg","small_picture":"https://coub-anubis-a.akamaized.net/coub_storage/coub/simple/cw_image/b3c322e3f8e/3aa2eb6058d717ed96e57/1551440632_00031.jpg","sharing_picture":null,"percent_done":100,"tags":[{"id":3664096,"title":"rusian girl","value":"rusian%20girl"},{"id":485,"title":"fight","value":"fight"},{"id":182757,"title":"girl fight","value":"girl%20fight"},{"id":2395321,"title":"welcome to the party","value":"welcome%20to%20the%20party"},{"id":2505,"title":"smile","value":"smile"},{"id":2852,"title":"fanny","value":"fanny"},{"id":6946,"title":"kick","value":"kick"},{"id":4730717,"title":"one kick down","value":"one%20kick%20down"},{"id":1275025,"title":"nockout","value":"nockout"}],"categories":[{"id":35,"title":"News & Politics","permalink":"news","subscriptions_count":10054614,"big_image_url":"https://coub-anubis-a.akamaized.net/coub_storage/category/cw_image/6589193546b/5ea69fd70b7b36dec144f/big_1544622133_news.png","small_image_url":"https://coub-anubis-a.akamaized.net/coub_storage/category/cw_image/6589193546b/5ea69fd70b7b36dec144f/small_1544622133_news.png","med_image_url":"https://coub-anubis-a.akamaized.net/coub_storage/category/cw_image/6589193546b/5ea69fd70b7b36dec144f/med_1544622133_news.png","visible":true}],"communities":[{"id":35,"title":"News & Politics","permalink":"news","subscriptions_count":10054614,"big_image_url":"https://coub-anubis-a.akamaized.net/coub_storage/category/cw_image/6589193546b/5ea69fd70b7b36dec144f/big_1544622133_news.png","small_image_url":"https://coub-anubis-a.akamaized.net/coub_storage/category/cw_image/6589193546b/5ea69fd70b7b36dec144f/small_1544622133_news.png","med_image_url":"https://coub-anubis-a.akamaized.net/coub_storage/category/cw_image/6589193546b/5ea69fd70b7b36dec144f/med_1544622133_news.png","i_subscribed":true,"community_notifications_enabled":null,"description":null}],"recoubs_count":1570,"remixes_count":9,"likes_count":7729,"dislikes_count":0,"raw_video_id":13299280,"uploaded_by_ios_app":false,"uploaded_by_android_app":false,"media_blocks":{"uploaded_raw_videos":[],"external_raw_videos":[{"id":30709839,"title":"Russian Girl  💪🏻  Welcome to Russia","url":"https://www.facebook.com/Official.Made.In.Russia/videos/309015793091777","image":null,"image_retina":null,"meta":{"service":"Facebook","duration":"38.0"},"duration":38.0,"raw_video_id":13299280,"has_embed":false}],"remixed_from_coubs":[],"external_video":{"id":30709839,"title":"Russian Girl  💪🏻  Welcome to Russia","url":"https://www.facebook.com/Official.Made.In.Russia/videos/309015793091777","image":null,"image_retina":null,"meta":{"service":"Facebook","duration":"38.0"},"duration":38.0,"raw_video_id":13299280,"has_embed":false}},"raw_video_thumbnail_url":"/missing/missing.png","raw_video_title":"Russian Girl  💪🏻  Welcome to Russia","video_block_banned":false,"duration":9.8,"promo_winner":false,"promo_winner_recoubers":null,"editorial_info":{},"promo_hint":null,"beeline_best_2014":null,"from_web_editor":true,"normalize_sound":true,"normalize_change_allowed":true,"best2015_addable":false,"ahmad_promo":null,"promo_data":null,"audio_copyright_claim":null,"ads_disabled":false,"is_safe_for_ads":true,"megafon_contents":[],"position_on_page":1},{"flag":null,"abuses":null,"recoubs_by_users_channels":null,"favourite":false,"promoted_id":null,"recoub":null,"like":null,"dislike":null,"reaction":null,"in_my_best2015":false,"id":136046683,"type":"Coub::Simple","permalink":"28n97w","title":"Spread","visibility_type":"public","original_visibility_type":"public","channel_id":4021718,"created_at":"2020-02-02T17:41:26Z","updated_at":"2022-03-12T14:06:06Z","is_done":true,"views_count":337168,"cotd":null,"cotd_at":null,"visible_on_explore_root":true,"visible_on_explore":true,"featured":true,"published":true,"published_at":"2020-02-02T17:41:26Z","reversed":false,"from_editor_v2":true,"is_editable":true,"original_sound":false,"has_sound":false,"recoub_to":null,"file_versions":{"html5":{"video":{"higher":{"url":"https://coub-anubis-a.akamaized.net/coub_storage/coub/simple/cw_file/018b863bf2e/346495943cede1e8d33f0/muted_mp4_huge_size_1615598519_muted_huge.mp4","size":3399737},"high":{"url":"https://coub-anubis-a.akamaized.net/coub_storage/coub/simple/cw_file/018b863bf2e/346495943cede1e8d33f0/muted_mp4_big_size_1615598519_muted_big.mp4","size":2290407},"med":{"url":"https://coub-anubis-a.akamaized.net/coub_storage/coub/simple/cw_file/018b863bf2e/346495943cede1e8d33f0/muted_mp4_med_size_1615598519_muted_med.mp4","size":714575}},"audio":{"high":{"url":"https://coub-anubis-a.akamaized.net/coub_storage/coub/simple/cw_looped_audio_high/17d11f43fa9/c211ee541fba5c107e059/1615598560_mp3-high.mp3","size":4416790},"med":{"url":"https://coub-anubis-a.akamaized.net/coub_storage/coub/simple/cw_looped_audio_med/db5ab992826/7aa23aa747e444e57054c/1615598557_mp3-med.mp3","size":3205598}}},"mobile":{"video":"https://coub-anubis-a.akamaized.net/coub_storage/coub/simple/cw_file/018b863bf2e/346495943cede1e8d33f0/muted_mp4_med_size_1615598519_muted_med.mp4","audio":["https://coub-anubis-a.akamaized.net/coub_storage/coub/simple/cw_looped_audio_med/db5ab992826/7aa23aa747e444e57054c/1615598557_mp3-med.mp3"]},"share":{"default":"https://coub-anubis-a.akamaized.net/coub_storage/coub/simple/cw_video_for_sharing/f282dd49306/fa4cb138e577eff08c12f/1615598589_looped_1615598588.mp4"}},"audio_versions":{"template":"https://coub-anubis-a.akamaized.net/coub_storage/audio_track/cw_normalized_copy/d6f4b3000bc/18ac7ea56af5d7787fc5d/mid_1615598543_normalized_1615598524_16jscrf_edited.mp3","versions":["mid","low"]},"image_versions":{"template":"https://coub-anubis-a.akamaized.net/coub_storage/coub/simple/cw_image/88d1bb692f4/21496c5171c32fe4ff016/%{version}_1615598565_00032.jpg","versions":["micro","tiny","age_restricted","ios_large","ios_mosaic","big","med","small","pinterest"]},"first_frame_versions":{"template":"https://coub-anubis-a.akamaized.net/coub_storage/coub/simple/cw_timeline_pic/ebd27be0c8c/2abd51472b6d8e2e7cb67/%{version}_1615598564_image.jpg","versions":["big","med","small","ios_large"]},"dimensions":{"big":[1280,720],"med":[640,360]},"site_w_h":[640,360],"page_w_h":[640,360],"site_w_h_small":[310,174],"size":[1280,720],"age_restricted":false,"age_restricted_by_admin":false,"not_safe_for_work":false,"allow_reuse":false,"dont_crop":false,"banned":false,"global_safe":true,"audio_file_url":"https://coub-anubis-a.akamaized.net/coub_storage/audio_track/cw_normalized_copy/d6f4b3000bc/18ac7ea56af5d7787fc5d/low_1615598543_normalized_1615598524_16jscrf_edited.mp3","external_download":false,"application":null,"channel":{"id":4021718,"permalink":"diagonist","title":"DiAgonist","description":null,"followers_count":144,"following_count":1,"avatar_versions":{"template":"https://coub-anubis-a.akamaized.net/coub_storage/channel/cw_avatar/aca57ba548a/b44d8fbf907558008b892/%{version}_1607424846_q44my1_1533033955_Warhammer_Saphery.png","versions":["medium","medium_2x","profile_pic","profile_pic_new","profile_pic_new_2x","tiny","tiny_2x","small","small_2x","ios_large","ios_small"]}},"file":null,"picture":"https://coub-anubis-a.akamaized.net/coub_storage/coub/simple/cw_image/88d1bb692f4/21496c5171c32fe4ff016/med_1615598565_00032.jpg","timeline_picture":"https://coub-anubis-a.akamaized.net/coub_storage/coub/simple/cw_timeline_pic/ebd27be0c8c/2abd51472b6d8e2e7cb67/ios_large_1615598564_image.jpg","small_picture":"https://coub-anubis-a.akamaized.net/coub_storage/coub/simple/cw_image/88d1bb692f4/21496c5171c32fe4ff016/ios_mosaic_1615598565_00032.jpg","sharing_picture":null,"percent_done":100,"tags":[{"id":4238227,"title":"coronavirus","value":"coronavirus"},{"id":5453976,"title":"lil jon dj snake turn down for what","value":"lil%20jon%20dj%20snake%20turn%20down%20for%20what"},{"id":64513,"title":"pope francis","value":"pope%20francis"},{"id":7750,"title":"pope","value":"pope"},{"id":330645,"title":"xi jinping","value":"xi%20jinping"},{"id":1596073,"title":"joachim löw","value":"joachim%20l%C3%B6w"},{"id":2937,"title":"china","value":"china"},{"id":130465,"title":"kim jong-un","value":"kim%20jong-un"},{"id":640,"title":"putin","value":"putin"},{"id":14987,"title":"trump","value":"trump"}],"categories":[{"id":35,"title":"News & Politics","permalink":"news","subscriptions_count":10054614,"big_image_url":"https://coub-anubis-a.akamaized.net/coub_storage/category/cw_image/6589193546b/5ea69fd70b7b36dec144f/big_1544622133_news.png","small_image_url":"https://coub-anubis-a.akamaized.net/coub_storage/category/cw_image/6589193546b/5ea69fd70b7b36dec144f/small_1544622133_news.png","med_image_url":"https://coub-anubis-a.akamaized.net/coub_storage/category/cw_image/6589193546b/5ea69fd70b7b36dec144f/med_1544622133_news.png","visible":true}],"communities":[{"id":35,"title":"News & Politics","permalink":"news","subscriptions_count":10054614,"big_image_url":"https://coub-anubis-a.akamaized.net/coub_storage/category/cw_image/6589193546b/5ea69fd70b7b36dec144f/big_1544622133_news.png","small_image_url":"https://coub-anubis-a.akamaized.net/coub_storage/category/cw_image/6589193546b/5ea69fd70b7b36dec144f/small_1544622133_news.png","med_image_url":"https://coub-anubis-a.akamaized.net/coub_storage/category/cw_image/6589193546b/5ea69fd70b7b36dec144f/med_1544622133_news.png","i_subscribed":true,"community_notifications_enabled":null,"description":null}],"recoubs_count":1244,"remixes_count":7,"likes_count":7728,"dislikes_count":0,"raw_video_id":14773737,"uploaded_by_ios_app":false,"uploaded_by_android_app":false,"media_blocks":{"uploaded_raw_videos":[],"external_raw_videos":[],"remixed_from_coubs":[]},"raw_video_thumbnail_url":"/missing/missing.png","raw_video_title":"Virus.mp4","video_block_banned":false,"duration":10.0,"promo_winner":false,"promo_winner_recoubers":null,"editorial_info":{},"promo_hint":null,"beeline_best_2014":null,"from_web_editor":true,"normalize_sound":true,"normalize_change_allowed":true,"best2015_addable":false,"ahmad_promo":null,"promo_data":null,"audio_copyright_claim":null,"ads_disabled":false,"is_safe_for_ads":true,"megafon_contents":[],"position_on_page":2},{"flag":null,"abuses":null,"recoubs_by_users_channels":null,"favourite":false,"promoted_id":null,"recoub":null,"like":null,"dislike":null,"reaction":null,"in_my_best2015":false,"id":74252232,"type":"Coub::Simple","permalink":"17sf1u","title":"#105","visibility_type":"public","original_visibility_type":"public","channel_id":4185298,"created_at":"2018-05-12T13:06:39Z","updated_at":"2022-03-15T20:37:38Z","is_done":true,"views_count":518662,"cotd":null,"cotd_at":null,"visible_on_explore_root":false,"visible_on_explore":false,"featured":false,"published":true,"published_at":"2018-05-12T13:06:37Z","reversed":false,"from_editor_v2":true,"is_editable":true,"original_sound":true,"has_sound":true,"recoub_to":null,"file_versions":{"html5":{"video":{"higher":{"url":"https://coub-anubis-a.akamaized.net/coub_storage/coub/simple/cw_file/374e0f0b3d2/6baa6c1c88a830059baf4/muted_mp4_huge_size_1568232579_muted_huge.mp4","size":3445325},"high":{"url":"https://coub-anubis-a.akamaized.net/coub_storage/coub/simple/cw_file/374e0f0b3d2/6baa6c1c88a830059baf4/muted_mp4_big_size_1568232579_muted_big.mp4","size":2305605},"med":{"url":"https://coub-anubis-a.akamaized.net/coub_storage/coub/simple/cw_file/374e0f0b3d2/6baa6c1c88a830059baf4/muted_mp4_med_size_1568232579_muted_med.mp4","size":694380}},"audio":{"high":{"url":"https://coub-anubis-a.akamaized.net/coub_storage/coub/simple/cw_looped_audio_high/31693a201c6/e486ce28c066dcf520508/1605652302_high_1526130418_high.mp3","size":915713},"med":{"url":"https://coub-anubis-a.akamaized.net/coub_storage/coub/simple/cw_looped_audio_med/47dfd336741/514948aab3151ebe25ee4/1605652302_med_1526130418_med.mp3","size":823534},"sample_duration":9.102}},"mobile":{"video":"https://coub-anubis-a.akamaized.net/coub_storage/coub/simple/cw_file/374e0f0b3d2/6baa6c1c88a830059baf4/muted_mp4_med_size_1568232579_muted_med.mp4","audio":["https://coub-anubis-a.akamaized.net/coub_storage/coub/simple/cw_looped_audio_med/47dfd336741/514948aab3151ebe25ee4/1605652302_med_1526130418_med.mp3"]},"share":{"default":"https://coub-anubis-a.akamaized.net/coub_storage/coub/simple/cw_video_for_sharing/b26cf9d5b14/3532e59da4384b0db7271/1609865173_looped_1609865172.mp4"}},"audio_versions":{},"image_versions":{"template":"https://coub-anubis-a.akamaized.net/coub_storage/coub/simple/cw_image/6570afdce10/ad8eae721bc68d56febdc/1526130423_00029.jpg","versions":["micro","tiny","age_restricted","ios_large","ios_mosaic","big","med","small","pinterest"]},"first_frame_versions":{"template":"https://coub-anubis-a.akamaized.net/coub_storage/coub/simple/cw_timeline_pic/e5b4f3cd083/6e99b9ce1e0ce03611fb8/%{version}_1526130423_image.jpg","versions":["big","med","small","ios_large"]},"dimensions":{"big":[1280,936],"med":[640,468]},"site_w_h":[640,468],"page_w_h":[640,468],"site_w_h_small":[310,227],"size":[1280,936],"age_restricted":false,"age_restricted_by_admin":false,"not_safe_for_work":false,"allow_reuse":false,"dont_crop":false,"banned":false,"global_safe":false,"audio_file_url":null,"external_download":{"type":"Youtube","service_name":"YouTube","url":"http://www.youtube.com/watch?v=7I0fwedAKjs","has_embed":true},"application":null,"channel":{"id":4185298,"permalink":"assetommivan","title":"assetommivan","description":null,"followers_count":261,"following_count":41,"avatar_versions":{"template":"https://coub-anubis-a.akamaized.net/coub_storage/channel/cw_avatar/bc8a3a25b12/13d18ab471f35b9c695b1/%{version}_1608562034_puphvp_1526050130_fc4.jpg","versions":["medium","medium_2x","profile_pic","profile_pic_new","profile_pic_new_2x","tiny","tiny_2x","small","small_2x","ios_large","ios_small"]}},"file":null,"picture":"https://coub-anubis-a.akamaized.net/coub_storage/coub/simple/cw_image/6570afdce10/ad8eae721bc68d56febdc/1526130423_00029.jpg","timeline_picture":"https://coub-anubis-a.akamaized.net/coub_storage/coub/simple/cw_timeline_pic/e5b4f3cd083/6e99b9ce1e0ce03611fb8/ios_large_1526130423_image.jpg","small_picture":"https://coub-anubis-a.akamaized.net/coub_storage/coub/simple/cw_image/6570afdce10/ad8eae721bc68d56febdc/1526130423_00029.jpg","sharing_picture":null,"percent_done":100,"tags":[{"id":37875,"title":"105","value":"105"},{"id":17810,"title":"mszp","value":"mszp"},{"id":266835,"title":"oltás","value":"olt%C3%A1s"},{"id":130922,"title":"paraszt","value":"paraszt"},{"id":95600,"title":"politika","value":"politika"},{"id":93600,"title":"parlament","value":"parlament"},{"id":283077,"title":"tűzoltó","value":"t%C5%B1zolt%C3%B3"},{"id":13524,"title":"firefighter","value":"firefighter"},{"id":247849,"title":"magyar szocialista párt","value":"magyar%20szocialista%20p%C3%A1rt"},{"id":43421,"title":"magyarország","value":"magyarorsz%C3%A1g"},{"id":103621,"title":"miniszter","value":"miniszter"}],"categories":[{"id":35,"title":"News & Politics","permalink":"news","subscriptions_count":10054614,"big_image_url":"https://coub-anubis-a.akamaized.net/coub_storage/category/cw_image/6589193546b/5ea69fd70b7b36dec144f/big_1544622133_news.png","small_image_url":"https://coub-anubis-a.akamaized.net/coub_storage/category/cw_image/6589193546b/5ea69fd70b7b36dec144f/small_1544622133_news.png","med_image_url":"https://coub-anubis-a.akamaized.net/coub_storage/category/cw_image/6589193546b/5ea69fd70b7b36dec144f/med_1544622133_news.png","visible":true}],"communities":[{"id":35,"title":"News & Politics","permalink":"news","subscriptions_count":10054614,"big_image_url":"https://coub-anubis-a.akamaized.net/coub_storage/category/cw_image/6589193546b/5ea69fd70b7b36dec144f/big_1544622133_news.png","small_image_url":"https://coub-anubis-a.akamaized.net/coub_storage/category/cw_image/6589193546b/5ea69fd70b7b36dec144f/small_1544622133_news.png","med_image_url":"https://coub-anubis-a.akamaized.net/coub_storage/category/cw_image/6589193546b/5ea69fd70b7b36dec144f/med_1544622133_news.png","i_subscribed":true,"community_notifications_enabled":null,"description":null}],"recoubs_count":903,"remixes_count":9,"likes_count":7694,"dislikes_count":0,"raw_video_id":11682113,"uploaded_by_ios_app":false,"uploaded_by_android_app":false,"media_blocks":{"uploaded_raw_videos":[],"external_raw_videos":[{"id":26335368,"title":"Dachshund Fire Drill Vine - Puppy Firefighters!","url":"http://www.youtube.com/watch?v=7I0fwedAKjs","image":"https://coub-anubis-a.akamaized.net/coub_storage/media_block/cw_image/cb6557bd148/9a164241058d99b136e13/1526130306_1526130302_f1y412_att-url-download.jpg","image_retina":"https://coub-anubis-a.akamaized.net/coub_storage/media_block/cw_image/cb6557bd148/9a164241058d99b136e13/1526130306_1526130302_f1y412_att-url-download.jpg","meta":{"service":"Youtube","duration":"6.52"},"duration":6.52,"raw_video_id":11682113,"has_embed":true},{"id":23494524,"title":"Majd, ha nékem sok pénzem lesz...","url":"http://www.youtube.com/watch?v=-52LH-b6TvA","image":"https://coub-anubis-a.akamaized.net/coub_storage/media_block/cw_image/5a2dac8ee72/67feb6d3b463903ce3e4e/1511986732_1511986699_17grqbf_att-url-download.jpg","image_retina":"https://coub-anubis-a.akamaized.net/coub_storage/media_block/cw_image/5a2dac8ee72/67feb6d3b463903ce3e4e/1511986732_1511986699_17grqbf_att-url-download.jpg","meta":{"service":"Youtube","duration":"352.36"},"duration":352.36,"raw_video_id":10664220,"has_embed":true}],"remixed_from_coubs":[],"external_video":{"id":26335368,"title":"Dachshund Fire Drill Vine - Puppy Firefighters!","url":"http://www.youtube.com/watch?v=7I0fwedAKjs","image":"https://coub-anubis-a.akamaized.net/coub_storage/media_block/cw_image/cb6557bd148/9a164241058d99b136e13/1526130306_1526130302_f1y412_att-url-download.jpg","image_retina":"https://coub-anubis-a.akamaized.net/coub_storage/media_block/cw_image/cb6557bd148/9a164241058d99b136e13/1526130306_1526130302_f1y412_att-url-download.jpg","meta":{"service":"Youtube","duration":"6.52"},"duration":6.52,"raw_video_id":11682113,"has_embed":true}},"raw_video_thumbnail_url":"/missing/missing.png","raw_video_title":"Dachshund Fire Drill Vine - Puppy Firefighters!","video_block_banned":false,"duration":9.0,"promo_winner":false,"promo_winner_recoubers":null,"editorial_info":{},"promo_hint":null,"beeline_best_2014":null,"from_web_editor":true,"normalize_sound":true,"normalize_change_allowed":true,"best2015_addable":false,"ahmad_promo":null,"promo_data":null,"audio_copyright_claim":null,"ads_disabled":false,"is_safe_for_ads":true,"megafon_contents":[],"position_on_page":3},{"flag":null,"abuses":null,"recoubs_by_users_channels":null,"favourite":false,"promoted_id":null,"recoub":null,"like":null,"dislike":null,"reaction":null,"in_my_best2015":false,"id":99174906,"type":"Coub::Simple","permalink":"1mn13t","title":" Virtual Future ","visibility_type":"public","original_visibility_type":"public","channel_id":31279,"created_at":"2019-01-23T23:10:26Z","updated_at":"2022-03-15T12:33:36Z","is_done":true,"views_count":569094,"cotd":null,"cotd_at":null,"visible_on_explore_root":true,"visible_on_explore":true,"featured":true,"published":true,"published_at":"2019-01-23T23:10:26Z","reversed":false,"from_editor_v2":true,"is_editable":true,"original_sound":true,"has_sound":true,"recoub_to":null,"file_versions":{"html5":{"video":{"higher":{"url":"https://coub-anubis-a.akamaized.net/coub_storage/coub/simple/cw_file/9793de14abe/107457e7ba0b08852f2e9/muted_mp4_huge_size_1569107980_muted_huge.mp4","size":3844405},"high":{"url":"https://coub-anubis-a.akamaized.net/coub_storage/coub/simple/cw_file/9793de14abe/107457e7ba0b08852f2e9/muted_mp4_big_size_1569107980_muted_big.mp4","size":2730886},"med":{"url":"https://coub-anubis-a.akamaized.net/coub_storage/coub/simple/cw_file/9793de14abe/107457e7ba0b08852f2e9/muted_mp4_med_size_1569107980_muted_med.mp4","size":921397}},"audio":{"high":{"url":"https://coub-anubis-a.akamaized.net/coub_storage/coub/simple/cw_looped_audio_high/6bfc93fd58a/12d01ca34e65b4cef8c12/1605668578_high_1548285058_high.mp3","size":1178338},"med":{"url":"https://coub-anubis-a.akamaized.net/coub_storage/coub/simple/cw_looped_audio_med/05e82de4ebc/352b7c8e8ba240c7f7028/1605668577_med_1548285058_med.mp3","size":908374},"sample_duration":9.684}},"mobile":{"video":"https://coub-anubis-a.akamaized.net/coub_storage/coub/simple/cw_file/9793de14abe/107457e7ba0b08852f2e9/muted_mp4_med_size_1569107980_muted_med.mp4","audio":["https://coub-anubis-a.akamaized.net/coub_storage/coub/simple/cw_looped_audio_med/05e82de4ebc/352b7c8e8ba240c7f7028/1605668577_med_1548285058_med.mp3"]},"share":{"default":"https://coub-anubis-a.akamaized.net/coub_storage/coub/simple/cw_video_for_sharing/0d860497a0d/9753f596f7019b6e85cb3/1608200786_looped_1608200785.mp4"}},"audio_versions":{},"image_versions":{"template":"https://coub-anubis-a.akamaized.net/coub_storage/coub/simple/cw_image/4571eecaa65/405bfd7775fed0315b2b5/1548285065_00030.jpg","versions":["micro","tiny","age_restricted","ios_large","ios_mosaic","big","med","small","pinterest"]},"first_frame_versions":{"template":"https://coub-anubis-a.akamaized.net/coub_storage/coub/simple/cw_timeline_pic/d63525eeaa9/ec883e1d33f7c947bca8e/1548285064_image.jpg","versions":["big","med","small","ios_large"]},"dimensions":{"big":[1280,720],"med":[640,360]},"site_w_h":[640,360],"page_w_h":[640,360],"site_w_h_small":[310,174],"size":[1280,720],"age_restricted":false,"age_restricted_by_admin":false,"not_safe_for_work":false,"allow_reuse":false,"dont_crop":false,"banned":false,"global_safe":true,"audio_file_url":null,"external_download":false,"application":null,"channel":{"id":31279,"permalink":"dream2013","title":" ̶D̶ ̶R̶ ̶E̶ ̶A̶ ̶M̶","description":null,"followers_count":8399,"following_count":359,"avatar_versions":{"template":"https://coub-anubis-a.akamaized.net/coub_storage/channel/cw_avatar/a383acb0804/bed737568d61f17b31fe3/%{version}_1620471307_profile_pic_big_1596669646_M86LLTulLAY__1__-________1_.jpg","versions":["medium","medium_2x","profile_pic","profile_pic_new","profile_pic_new_2x","tiny","tiny_2x","small","small_2x","ios_large","ios_small"]}},"file":null,"picture":"https://coub-anubis-a.akamaized.net/coub_storage/coub/simple/cw_image/4571eecaa65/405bfd7775fed0315b2b5/1548285065_00030.jpg","timeline_picture":"https://coub-anubis-a.akamaized.net/coub_storage/coub/simple/cw_timeline_pic/d63525eeaa9/ec883e1d33f7c947bca8e/1548285064_image.jpg","small_picture":"https://coub-anubis-a.akamaized.net/coub_storage/coub/simple/cw_image/4571eecaa65/405bfd7775fed0315b2b5/1548285065_00030.jpg","sharing_picture":null,"percent_done":100,"tags":[{"id":73,"title":"путин","value":"%D0%BF%D1%83%D1%82%D0%B8%D0%BD"},{"id":1265,"title":"россия","value":"%D1%80%D0%BE%D1%81%D1%81%D0%B8%D1%8F"},{"id":195,"title":"russia","value":"russia"},{"id":640,"title":"putin","value":"putin"},{"id":293478,"title":"виртуальная реальность","value":"%D0%B2%D0%B8%D1%80%D1%82%D1%83%D0%B0%D0%BB%D1%8C%D0%BD%D0%B0%D1%8F%20%D1%80%D0%B5%D0%B0%D0%BB%D1%8C%D0%BD%D0%BE%D1%81%D1%82%D1%8C"},{"id":4630328,"title":"the_virtual_reality","value":"the_virtual_reality"},{"id":98246,"title":"dystopia","value":"dystopia"},{"id":33595,"title":"cyberpunk","value":"cyberpunk"},{"id":4069533,"title":"cyberussia","value":"cyberussia"},{"id":3007,"title":"news","value":"news"},{"id":4413,"title":"politics","value":"politics"},{"id":86,"title":"music","value":"music"},{"id":4630329,"title":"cloudkid - stranger things","value":"cloudkid%20-%20stranger%20things"}],"categories":[{"id":35,"title":"News & Politics","permalink":"news","subscriptions_count":10054614,"big_image_url":"https://coub-anubis-a.akamaized.net/coub_storage/category/cw_image/6589193546b/5ea69fd70b7b36dec144f/big_1544622133_news.png","small_image_url":"https://coub-anubis-a.akamaized.net/coub_storage/category/cw_image/6589193546b/5ea69fd70b7b36dec144f/small_1544622133_news.png","med_image_url":"https://coub-anubis-a.akamaized.net/coub_storage/category/cw_image/6589193546b/5ea69fd70b7b36dec144f/med_1544622133_news.png","visible":true}],"communities":[{"id":35,"title":"News & Politics","permalink":"news","subscriptions_count":10054614,"big_image_url":"https://coub-anubis-a.akamaized.net/coub_storage/category/cw_image/6589193546b/5ea69fd70b7b36dec144f/big_1544622133_news.png","small_image_url":"https://coub-anubis-a.akamaized.net/coub_storage/category/cw_image/6589193546b/5ea69fd70b7b36dec144f/small_1544622133_news.png","med_image_url":"https://coub-anubis-a.akamaized.net/coub_storage/category/cw_image/6589193546b/5ea69fd70b7b36dec144f/med_1544622133_news.png","i_subscribed":true,"community_notifications_enabled":null,"description":null}],"recoubs_count":1443,"remixes_count":12,"likes_count":7685,"dislikes_count":0,"raw_video_id":13092324,"uploaded_by_ios_app":false,"uploaded_by_android_app":false,"media_blocks":{"uploaded_raw_videos":[],"external_raw_videos":[],"remixed_from_coubs":[]},"raw_video_thumbnail_url":"/missing/missing.png","raw_video_title":"thfg.mp4","video_block_banned":false,"duration":9.52,"promo_winner":false,"promo_winner_recoubers":null,"editorial_info":{},"promo_hint":null,"beeline_best_2014":null,"from_web_editor":true,"normalize_sound":false,"normalize_change_allowed":true,"best2015_addable":false,"ahmad_promo":null,"promo_data":null,"audio_copyright_claim":null,"ads_disabled":false,"is_safe_for_ads":true,"megafon_contents":[],"position_on_page":4},{"flag":null,"abuses":null,"recoubs_by_users_channels":null,"favourite":false,"promoted_id":null,"recoub":null,"like":null,"dislike":null,"reaction":null,"in_my_best2015":false,"id":68978649,"type":"Coub::Simple","permalink":"14mqr0","title":"Пурга Пескова","visibility_type":"public","original_visibility_type":"public","channel_id":1167619,"created_at":"2018-03-10T11:48:32Z","updated_at":"2022-03-16T01:02:08Z","is_done":true,"views_count":627782,"cotd":null,"cotd_at":null,"visible_on_explore_root":false,"visible_on_explore":false,"featured":false,"published":true,"published_at":"2018-03-10T11:48:32Z","reversed":false,"from_editor_v2":true,"is_editable":true,"original_sound":true,"has_sound":true,"recoub_to":null,"file_versions":{"html5":{"video":{"higher":{"url":"https://coub-anubis-a.akamaized.net/coub_storage/coub/simple/cw_file/f1af4792d1b/8e982c046283eb3965723/muted_mp4_huge_size_1568205608_muted_huge.mp4","size":2366157},"high":{"url":"https://coub-anubis-a.akamaized.net/coub_storage/coub/simple/cw_file/f1af4792d1b/8e982c046283eb3965723/muted_mp4_big_size_1568205608_muted_big.mp4","size":1764115},"med":{"url":"https://coub-anubis-a.akamaized.net/coub_storage/coub/simple/cw_file/f1af4792d1b/8e982c046283eb3965723/muted_mp4_med_size_1568205608_muted_med.mp4","size":553952}},"audio":{"high":{"url":"https://coub-anubis-a.akamaized.net/coub_storage/coub/simple/cw_looped_audio_high/2eca92c3bb1/7182be6a2bb17b561f9c9/1605638099_high_1520690067_high.mp3","size":893198},"med":{"url":"https://coub-anubis-a.akamaized.net/coub_storage/coub/simple/cw_looped_audio_med/48841f77b3a/c113682284c853d31a866/1605638098_med_1520690067_med.mp3","size":831552},"sample_duration":8.684}},"mobile":{"video":"https://coub-anubis-a.akamaized.net/coub_storage/coub/simple/cw_file/f1af4792d1b/8e982c046283eb3965723/muted_mp4_med_size_1568205608_muted_med.mp4","audio":["https://coub-anubis-a.akamaized.net/coub_storage/coub/simple/cw_looped_audio_med/48841f77b3a/c113682284c853d31a866/1605638098_med_1520690067_med.mp3"]},"share":{"default":"https://coub-anubis-a.akamaized.net/coub_storage/coub/simple/cw_video_for_sharing/ff125d7fe4c/f480d33afbb2502aa6863/1608148891_looped_1608148891.mp4"}},"audio_versions":{},"image_versions":{"template":"https://coub-anubis-a.akamaized.net/coub_storage/coub/simple/cw_image/16ee4fed10e/276f3aa02a14746bad18d/1520690075_00028.jpg","versions":["micro","tiny","age_restricted","ios_large","ios_mosaic","big","med","small","pinterest"]},"first_frame_versions":{"template":"https://coub-anubis-a.akamaized.net/coub_storage/coub/simple/cw_timeline_pic/7758f7f66c5/ef5e3331ee3202c1a4bcb/%{version}_1520690074_image.jpg","versions":["big","med","small","ios_large"]},"dimensions":{"big":[1280,720],"med":[640,360]},"site_w_h":[640,360],"page_w_h":[640,360],"site_w_h_small":[310,174],"size":[1280,720],"age_restricted":false,"age_restricted_by_admin":false,"not_safe_for_work":false,"allow_reuse":false,"dont_crop":false,"banned":false,"global_safe":false,"audio_file_url":null,"external_download":false,"application":null,"channel":{"id":1167619,"permalink":"sashanilov","title":"Sasha Nilov","description":"Make coubs not war!","followers_count":14325,"following_count":166,"avatar_versions":{"template":"https://coub-anubis-a.akamaized.net/coub_storage/channel/cw_avatar/b5e4219e998/2fa6c4c2f522523f8ec17/%{version}_1623145599_logo_sashanilov_coub-alpha.png","versions":["medium","medium_2x","profile_pic","profile_pic_new","profile_pic_new_2x","tiny","tiny_2x","small","small_2x","ios_large","ios_small"]}},"file":null,"picture":"https://coub-anubis-a.akamaized.net/coub_storage/coub/simple/cw_image/16ee4fed10e/276f3aa02a14746bad18d/1520690075_00028.jpg","timeline_picture":"https://coub-anubis-a.akamaized.net/coub_storage/coub/simple/cw_timeline_pic/7758f7f66c5/ef5e3331ee3202c1a4bcb/ios_large_1520690074_image.jpg","small_picture":"https://coub-anubis-a.akamaized.net/coub_storage/coub/simple/cw_image/16ee4fed10e/276f3aa02a14746bad18d/1520690075_00028.jpg","sharing_picture":null,"percent_done":100,"tags":[{"id":73,"title":"путин","value":"%D0%BF%D1%83%D1%82%D0%B8%D0%BD"},{"id":519148,"title":"песков","value":"%D0%BF%D0%B5%D1%81%D0%BA%D0%BE%D0%B2"},{"id":2884154,"title":"читайте по губам","value":"%D1%87%D0%B8%D1%82%D0%B0%D0%B9%D1%82%D0%B5%20%D0%BF%D0%BE%20%D0%B3%D1%83%D0%B1%D0%B0%D0%BC"}],"categories":[{"id":35,"title":"News & Politics","permalink":"news","subscriptions_count":10054614,"big_image_url":"https://coub-anubis-a.akamaized.net/coub_storage/category/cw_image/6589193546b/5ea69fd70b7b36dec144f/big_1544622133_news.png","small_image_url":"https://coub-anubis-a.akamaized.net/coub_storage/category/cw_image/6589193546b/5ea69fd70b7b36dec144f/small_1544622133_news.png","med_image_url":"https://coub-anubis-a.akamaized.net/coub_storage/category/cw_image/6589193546b/5ea69fd70b7b36dec144f/med_1544622133_news.png","visible":true}],"communities":[{"id":35,"title":"News & Politics","permalink":"news","subscriptions_count":10054614,"big_image_url":"https://coub-anubis-a.akamaized.net/coub_storage/category/cw_image/6589193546b/5ea69fd70b7b36dec144f/big_1544622133_news.png","small_image_url":"https://coub-anubis-a.akamaized.net/coub_storage/category/cw_image/6589193546b/5ea69fd70b7b36dec144f/small_1544622133_news.png","med_image_url":"https://coub-anubis-a.akamaized.net/coub_storage/category/cw_image/6589193546b/5ea69fd70b7b36dec144f/med_1544622133_news.png","i_subscribed":true,"community_notifications_enabled":null,"description":null}],"recoubs_count":1680,"remixes_count":5,"likes_count":7678,"dislikes_count":0,"raw_video_id":11293614,"uploaded_by_ios_app":false,"uploaded_by_android_app":false,"media_blocks":{"uploaded_raw_videos":[],"external_raw_videos":[],"remixed_from_coubs":[]},"raw_video_thumbnail_url":"/missing/missing.png","raw_video_title":"______2.mp4","video_block_banned":false,"duration":8.72,"promo_winner":false,"promo_winner_recoubers":null,"editorial_info":{},"promo_hint":null,"beeline_best_2014":null,"from_web_editor":true,"normalize_sound":true,"normalize_change_allowed":true,"best2015_addable":false,"ahmad_promo":null,"promo_data":null,"audio_copyright_claim":null,"ads_disabled":false,"is_safe_for_ads":true,"megafon_contents":[],"position_on_page":5},{"flag":null,"abuses":null,"recoubs_by_users_channels":null,"favourite":false,"promoted_id":null,"recoub":null,"like":null,"dislike":null,"reaction":null,"in_my_best2015":false,"id":81646113,"type":"Coub::Simple","permalink":"1c7bor","title":"Szexualitás... ","visibility_type":"public","original_visibility_type":"public","channel_id":4646119,"created_at":"2018-08-07T01:15:15Z","updated_at":"2022-03-12T14:06:46Z","is_done":true,"views_count":525941,"cotd":null,"cotd_at":null,"visible_on_explore_root":false,"visible_on_explore":false,"featured":false,"published":true,"published_at":"2018-08-07T01:15:15Z","reversed":false,"from_editor_v2":true,"is_editable":true,"original_sound":true,"has_sound":true,"recoub_to":null,"file_versions":{"html5":{"video":{"higher":{"url":"https://coub-anubis-a.akamaized.net/coub_storage/coub/simple/cw_file/bd35969f4d5/9783f18b95a4f92ed6070/muted_mp4_huge_size_1568266623_muted_huge.mp4","size":3970850},"high":{"url":"https://coub-anubis-a.akamaized.net/coub_storage/coub/simple/cw_file/bd35969f4d5/9783f18b95a4f92ed6070/muted_mp4_big_size_1568266623_muted_big.mp4","size":2654370},"med":{"url":"https://coub-anubis-a.akamaized.net/coub_storage/coub/simple/cw_file/bd35969f4d5/9783f18b95a4f92ed6070/muted_mp4_med_size_1568266623_muted_med.mp4","size":1034141}},"audio":{"high":{"url":"https://coub-anubis-a.akamaized.net/coub_storage/coub/simple/cw_looped_audio_high/3bbdcfb6ff0/c62b6ecabfd7d54ff0612/1605615497_high_1533604520_high.mp3","size":777873},"med":{"url":"https://coub-anubis-a.akamaized.net/coub_storage/coub/simple/cw_looped_audio_med/c7fe67c275a/53e9c1a982de368d394d2/1605615496_med_1533604520_med.mp3","size":739325},"sample_duration":10.009}},"mobile":{"video":"https://coub-anubis-a.akamaized.net/coub_storage/coub/simple/cw_file/bd35969f4d5/9783f18b95a4f92ed6070/muted_mp4_med_size_1568266623_muted_med.mp4","audio":["https://coub-anubis-a.akamaized.net/coub_storage/coub/simple/cw_looped_audio_med/c7fe67c275a/53e9c1a982de368d394d2/1605615496_med_1533604520_med.mp3"]},"share":{"default":"https://coub-anubis-a.akamaized.net/coub_storage/coub/simple/cw_video_for_sharing/fd80640a632/f522ab9e478f0e0ddf371/1608313446_looped_1608313445.mp4"}},"audio_versions":{},"image_versions":{"template":"https://coub-anubis-a.akamaized.net/coub_storage/coub/simple/cw_image/5dce3dfe947/db87c54293b0544784f92/1533604525_00032.jpg","versions":["micro","tiny","age_restricted","ios_large","ios_mosaic","big","med","small","pinterest"]},"first_frame_versions":{"template":"https://coub-anubis-a.akamaized.net/coub_storage/coub/simple/cw_timeline_pic/21418209695/dd17f31a98f9c97a667f0/1533604525_image.jpg","versions":["big","med","small","ios_large"]},"dimensions":{"big":[1280,720],"med":[640,360]},"site_w_h":[640,360],"page_w_h":[640,360],"site_w_h_small":[310,174],"size":[1280,720],"age_restricted":false,"age_restricted_by_admin":false,"not_safe_for_work":false,"allow_reuse":false,"dont_crop":false,"banned":false,"global_safe":false,"audio_file_url":null,"external_download":false,"application":null,"channel":{"id":4646119,"permalink":"szaszi-endre-ferenc","title":"Szászi Endre Ferenc","description":null,"followers_count":320,"following_count":4,"avatar_versions":{"template":"https://coub-anubis-a.akamaized.net/coub_storage/channel/cw_avatar/dd48cd63484/f253ea4ec5994725581a0/%{version}_1609593760_14tvqvv_1532463633_1fvu1k6_807873479310893.jpg","versions":["medium","medium_2x","profile_pic","profile_pic_new","profile_pic_new_2x","tiny","tiny_2x","small","small_2x","ios_large","ios_small"]}},"file":null,"picture":"https://coub-anubis-a.akamaized.net/coub_storage/coub/simple/cw_image/5dce3dfe947/db87c54293b0544784f92/1533604525_00032.jpg","timeline_picture":"https://coub-anubis-a.akamaized.net/coub_storage/coub/simple/cw_timeline_pic/21418209695/dd17f31a98f9c97a667f0/1533604525_image.jpg","small_picture":"https://coub-anubis-a.akamaized.net/coub_storage/coub/simple/cw_image/5dce3dfe947/db87c54293b0544784f92/1533604525_00032.jpg","sharing_picture":null,"percent_done":100,"tags":[{"id":17816,"title":"magyar","value":"magyar"},{"id":17815,"title":"hungary","value":"hungary"},{"id":4185653,"title":"szexualitas","value":"szexualitas"},{"id":184372,"title":"saját","value":"saj%C3%A1t"}],"categories":[{"id":35,"title":"News & Politics","permalink":"news","subscriptions_count":10054614,"big_image_url":"https://coub-anubis-a.akamaized.net/coub_storage/category/cw_image/6589193546b/5ea69fd70b7b36dec144f/big_1544622133_news.png","small_image_url":"https://coub-anubis-a.akamaized.net/coub_storage/category/cw_image/6589193546b/5ea69fd70b7b36dec144f/small_1544622133_news.png","med_image_url":"https://coub-anubis-a.akamaized.net/coub_storage/category/cw_image/6589193546b/5ea69fd70b7b36dec144f/med_1544622133_news.png","visible":true}],"communities":[{"id":35,"title":"News & Politics","permalink":"news","subscriptions_count":10054614,"big_image_url":"https://coub-anubis-a.akamaized.net/coub_storage/category/cw_image/6589193546b/5ea69fd70b7b36dec144f/big_1544622133_news.png","small_image_url":"https://coub-anubis-a.akamaized.net/coub_storage/category/cw_image/6589193546b/5ea69fd70b7b36dec144f/small_1544622133_news.png","med_image_url":"https://coub-anubis-a.akamaized.net/coub_storage/category/cw_image/6589193546b/5ea69fd70b7b36dec144f/med_1544622133_news.png","i_subscribed":true,"community_notifications_enabled":null,"description":null}],"recoubs_count":856,"remixes_count":1,"likes_count":7655,"dislikes_count":0,"raw_video_id":12158978,"uploaded_by_ios_app":false,"uploaded_by_android_app":false,"media_blocks":{"uploaded_raw_videos":[],"external_raw_videos":[],"remixed_from_coubs":[]},"raw_video_thumbnail_url":"/missing/missing.png","raw_video_title":"lol.mp4","video_block_banned":false,"duration":10.0,"promo_winner":false,"promo_winner_recoubers":null,"editorial_info":{},"promo_hint":null,"beeline_best_2014":null,"from_web_editor":true,"normalize_sound":true,"normalize_change_allowed":true,"best2015_addable":false,"ahmad_promo":null,"promo_data":null,"audio_copyright_claim":null,"ads_disabled":false,"is_safe_for_ads":true,"megafon_contents":[],"position_on_page":6},{"flag":null,"abuses":null,"recoubs_by_users_channels":null,"favourite":false,"promoted_id":null,"recoub":null,"like":null,"dislike":null,"reaction":null,"in_my_best2015":false,"id":156280821,"type":"Coub::Simple","permalink":"2kp5u5","title":"Hi 5 🙌","visibility_type":"public","original_visibility_type":"public","channel_id":3523284,"created_at":"2020-10-22T05:39:42Z","updated_at":"2022-03-16T04:32:53Z","is_done":true,"views_count":294823,"cotd":null,"cotd_at":null,"visible_on_explore_root":false,"visible_on_explore":false,"featured":false,"published":true,"published_at":"2020-10-22T05:39:42Z","reversed":false,"from_editor_v2":true,"is_editable":true,"original_sound":true,"has_sound":true,"recoub_to":null,"file_versions":{"html5":{"video":{"higher":{"url":"https://coub-anubis-a.akamaized.net/coub_storage/coub/simple/cw_file/d9e58d7e339/a9dd27bd32e1ee53ee43f/muted_mp4_huge_size_1603345184_muted_huge.mp4","size":2818123},"high":{"url":"https://coub-anubis-a.akamaized.net/coub_storage/coub/simple/cw_file/d9e58d7e339/a9dd27bd32e1ee53ee43f/muted_mp4_big_size_1603345184_muted_big.mp4","size":1665885},"med":{"url":"https://coub-anubis-a.akamaized.net/coub_storage/coub/simple/cw_file/d9e58d7e339/a9dd27bd32e1ee53ee43f/muted_mp4_med_size_1603345184_muted_med.mp4","size":517706}},"audio":{"high":{"url":"https://coub-anubis-a.akamaized.net/coub_storage/coub/simple/cw_looped_audio_high/ee615ae00c0/be50e5c61c9f248ce80af/1603345186_mp3-high.mp3","size":791784},"med":{"url":"https://coub-anubis-a.akamaized.net/coub_storage/coub/simple/cw_looped_audio_med/53bf2cf6c5e/f3f77267e28a703f29b1c/1603345185_mp3-med.mp3","size":791758},"sample_duration":8.011}},"mobile":{"video":"https://coub-anubis-a.akamaized.net/coub_storage/coub/simple/cw_file/d9e58d7e339/a9dd27bd32e1ee53ee43f/muted_mp4_med_size_1603345184_muted_med.mp4","audio":["https://coub-anubis-a.akamaized.net/coub_storage/coub/simple/cw_looped_audio_med/53bf2cf6c5e/f3f77267e28a703f29b1c/1603345185_mp3-med.mp3"]},"share":{"default":"https://coub-anubis-a.akamaized.net/coub_storage/coub/simple/cw_video_for_sharing/2672602afbe/db5e2a9ff4b78408e8701/1608216244_looped_1608216243.mp4"}},"audio_versions":{},"image_versions":{"template":"https://coub-anubis-a.akamaized.net/coub_storage/coub/simple/cw_image/c86d7ccaba8/b4a1b14b089784396f942/1603345190_00026.jpg","versions":["micro","tiny","age_restricted","ios_large","ios_mosaic","big","med","small","pinterest"]},"first_frame_versions":{"template":"https://coub-anubis-a.akamaized.net/coub_storage/coub/simple/cw_timeline_pic/17c87ac686a/80717de5fbfbd7b7c2cac/1603345190_image.jpg","versions":["big","med","small","ios_large"]},"dimensions":{"big":[960,960],"med":[480,480]},"site_w_h":[400,400],"page_w_h":[400,400],"site_w_h_small":[310,310],"size":[960,960],"age_restricted":false,"age_restricted_by_admin":false,"not_safe_for_work":false,"allow_reuse":false,"dont_crop":true,"banned":false,"global_safe":true,"audio_file_url":null,"external_download":false,"application":null,"channel":{"id":3523284,"permalink":"aaaa5565","title":"aaaa","description":"aaaa","followers_count":29,"following_count":11,"avatar_versions":{"template":"https://coub-anubis-a.akamaized.net/coub_storage/channel/cw_avatar/0b0120d3495/8f646ba60b1eff46ba0eb/%{version}_1608417050_1whuwsi_1491717588_1ooecd5_199499417220002.jpg","versions":["medium","medium_2x","profile_pic","profile_pic_new","profile_pic_new_2x","tiny","tiny_2x","small","small_2x","ios_large","ios_small"]}},"file":null,"picture":"https://coub-anubis-a.akamaized.net/coub_storage/coub/simple/cw_image/c86d7ccaba8/b4a1b14b089784396f942/1603345190_00026.jpg","timeline_picture":"https://coub-anubis-a.akamaized.net/coub_storage/coub/simple/cw_timeline_pic/17c87ac686a/80717de5fbfbd7b7c2cac/1603345190_image.jpg","small_picture":"https://coub-anubis-a.akamaized.net/coub_storage/coub/simple/cw_image/c86d7ccaba8/b4a1b14b089784396f942/1603345190_00026.jpg","sharing_picture":null,"percent_done":100,"tags":[{"id":382830,"title":"hi5","value":"hi5"},{"id":4137,"title":"religion","value":"religion"},{"id":5963084,"title":"spiritussanctus","value":"spiritussanctus"},{"id":757,"title":"cute","value":"cute"},{"id":758,"title":"adorable","value":"adorable"}],"categories":[{"id":35,"title":"News & Politics","permalink":"news","subscriptions_count":10054614,"big_image_url":"https://coub-anubis-a.akamaized.net/coub_storage/category/cw_image/6589193546b/5ea69fd70b7b36dec144f/big_1544622133_news.png","small_image_url":"https://coub-anubis-a.akamaized.net/coub_storage/category/cw_image/6589193546b/5ea69fd70b7b36dec144f/small_1544622133_news.png","med_image_url":"https://coub-anubis-a.akamaized.net/coub_storage/category/cw_image/6589193546b/5ea69fd70b7b36dec144f/med_1544622133_news.png","visible":true}],"communities":[{"id":35,"title":"News & Politics","permalink":"news","subscriptions_count":10054614,"big_image_url":"https://coub-anubis-a.akamaized.net/coub_storage/category/cw_image/6589193546b/5ea69fd70b7b36dec144f/big_1544622133_news.png","small_image_url":"https://coub-anubis-a.akamaized.net/coub_storage/category/cw_image/6589193546b/5ea69fd70b7b36dec144f/small_1544622133_news.png","med_image_url":"https://coub-anubis-a.akamaized.net/coub_storage/category/cw_image/6589193546b/5ea69fd70b7b36dec144f/med_1544622133_news.png","i_subscribed":true,"community_notifications_enabled":null,"description":null}],"recoubs_count":1339,"remixes_count":0,"likes_count":7643,"dislikes_count":0,"raw_video_id":15793035,"uploaded_by_ios_app":false,"uploaded_by_android_app":true,"media_blocks":{"uploaded_raw_videos":[],"external_raw_videos":[],"remixed_from_coubs":[]},"raw_video_thumbnail_url":"/missing/missing.png","raw_video_title":null,"video_block_banned":false,"duration":8.04,"promo_winner":false,"promo_winner_recoubers":null,"editorial_info":{},"promo_hint":null,"beeline_best_2014":null,"from_web_editor":false,"normalize_sound":true,"normalize_change_allowed":true,"best2015_addable":false,"ahmad_promo":null,"promo_data":null,"audio_copyright_claim":null,"ads_disabled":false,"is_safe_for_ads":true,"megafon_contents":[],"position_on_page":7},{"flag":null,"abuses":null,"recoubs_by_users_channels":null,"favourite":false,"promoted_id":null,"recoub":null,"like":null,"dislike":null,"reaction":null,"in_my_best2015":false,"id":7802774,"type":"Coub::Simple","permalink":"473au","title":"Plans for tonight","visibility_type":"public","original_visibility_type":"public","channel_id":1111808,"created_at":"2014-12-01T18:50:51Z","updated_at":"2022-03-15T21:22:22Z","is_done":true,"views_count":414091,"cotd":true,"cotd_at":"2014-12-02","visible_on_explore_root":false,"visible_on_explore":false,"featured":false,"published":true,"published_at":"2014-12-01T18:50:51Z","reversed":false,"from_editor_v2":true,"is_editable":true,"original_sound":true,"has_sound":true,"recoub_to":null,"file_versions":{"html5":{"video":{"higher":{"url":"https://coub-anubis-a.akamaized.net/coub_storage/coub/simple/cw_file/21158b0166a/1934b983899898bb94594/muted_mp4_huge_size_1567741078_muted_huge.mp4","size":1511209},"high":{"url":"https://coub-anubis-a.akamaized.net/coub_storage/coub/simple/cw_file/21158b0166a/1934b983899898bb94594/muted_mp4_big_size_1567741078_muted_big.mp4","size":1159324},"med":{"url":"https://coub-anubis-a.akamaized.net/coub_storage/coub/simple/cw_file/21158b0166a/1934b983899898bb94594/muted_mp4_med_size_1567741078_muted_med.mp4","size":226815}},"audio":{"high":{"url":"https://coub-anubis-a.akamaized.net/coub_storage/coub/simple/cw_looped_audio_high/883b5ea8126/008d10bf2e2c9ca26de1f/1605438922_high_1445955408_high.mp3","size":1337886},"med":{"url":"https://coub-anubis-a.akamaized.net/coub_storage/coub/simple/cw_looped_audio_med/e43d0211df8/f81dd135a559a5a0e4b7a/1605438922_med_1445955408_med.mp3","size":891923},"sample_duration":9.327}},"mobile":{"video":"https://coub-anubis-a.akamaized.net/coub_storage/coub/simple/cw_file/21158b0166a/1934b983899898bb94594/muted_mp4_med_size_1567741078_muted_med.mp4","audio":["https://coub-anubis-a.akamaized.net/coub_storage/coub/simple/cw_looped_audio_med/e43d0211df8/f81dd135a559a5a0e4b7a/1605438922_med_1445955408_med.mp3"]},"share":{"default":"https://coub-anubis-a.akamaized.net/coub_storage/coub/simple/cw_video_for_sharing/3e7ce4dac4b/db00a057e5ce7de24a74a/1609409921_looped_1609409920.mp4"}},"audio_versions":{},"image_versions":{"template":"https://coub-anubis-a.akamaized.net/coub_storage/coub/simple/cw_image/42744a3a6fd/aa3ca2cb8866819c32bde/1417459885_00030.jpg","versions":["micro","tiny","age_restricted","ios_large","ios_mosaic","big","med","small","pinterest"]},"first_frame_versions":{"template":"https://coub-anubis-a.akamaized.net/coub_storage/coub/simple/cw_timeline_pic/42744a3a6fd/aa3ca2cb8866819c32bde/%{version}_1417459884_image.jpg","versions":["big","med","small","ios_large"]},"dimensions":{"big":[1280,720],"med":[640,360]},"site_w_h":[640,360],"page_w_h":[640,360],"site_w_h_small":[310,174],"size":[1280,720],"age_restricted":false,"age_restricted_by_admin":false,"not_safe_for_work":null,"allow_reuse":false,"dont_crop":false,"banned":false,"global_safe":true,"audio_file_url":null,"external_download":false,"application":null,"channel":{"id":1111808,"permalink":"exar-coub","title":"eXaR","description":null,"followers_count":791,"following_count":1,"avatar_versions":{"template":"https://coub-anubis-a.akamaized.net/coub_storage/channel/cw_avatar/fc8ca5fe331/c5623d4c4e1760297f647/%{version}_1609084795_1wgfaul_1474610262_2014-08-30_15-38-07.jpg","versions":["medium","medium_2x","profile_pic","profile_pic_new","profile_pic_new_2x","tiny","tiny_2x","small","small_2x","ios_large","ios_small"]}},"file":null,"picture":"https://coub-anubis-a.akamaized.net/coub_storage/coub/simple/cw_image/42744a3a6fd/aa3ca2cb8866819c32bde/1417459885_00030.jpg","timeline_picture":"https://coub-anubis-a.akamaized.net/coub_storage/coub/simple/cw_timeline_pic/42744a3a6fd/aa3ca2cb8866819c32bde/ios_large_1417459884_image.jpg","small_picture":"https://coub-anubis-a.akamaized.net/coub_storage/coub/simple/cw_image/42744a3a6fd/aa3ca2cb8866819c32bde/1417459885_00030.jpg","sharing_picture":null,"percent_done":100,"tags":[{"id":39845,"title":"the office","value":"the%20office"}],"categories":[{"id":35,"title":"News & Politics","permalink":"news","subscriptions_count":10054614,"big_image_url":"https://coub-anubis-a.akamaized.net/coub_storage/category/cw_image/6589193546b/5ea69fd70b7b36dec144f/big_1544622133_news.png","small_image_url":"https://coub-anubis-a.akamaized.net/coub_storage/category/cw_image/6589193546b/5ea69fd70b7b36dec144f/small_1544622133_news.png","med_image_url":"https://coub-anubis-a.akamaized.net/coub_storage/category/cw_image/6589193546b/5ea69fd70b7b36dec144f/med_1544622133_news.png","visible":true}],"communities":[{"id":35,"title":"News & Politics","permalink":"news","subscriptions_count":10054614,"big_image_url":"https://coub-anubis-a.akamaized.net/coub_storage/category/cw_image/6589193546b/5ea69fd70b7b36dec144f/big_1544622133_news.png","small_image_url":"https://coub-anubis-a.akamaized.net/coub_storage/category/cw_image/6589193546b/5ea69fd70b7b36dec144f/small_1544622133_news.png","med_image_url":"https://coub-anubis-a.akamaized.net/coub_storage/category/cw_image/6589193546b/5ea69fd70b7b36dec144f/med_1544622133_news.png","i_subscribed":true,"community_notifications_enabled":null,"description":null}],"recoubs_count":1993,"remixes_count":9,"likes_count":7641,"dislikes_count":0,"raw_video_id":1391844,"uploaded_by_ios_app":false,"uploaded_by_android_app":false,"media_blocks":{"uploaded_raw_videos":[],"external_raw_videos":[],"remixed_from_coubs":[]},"raw_video_thumbnail_url":"/missing/missing.png","raw_video_title":"Plans for tonight","video_block_banned":false,"duration":9.28,"promo_winner":false,"promo_winner_recoubers":null,"editorial_info":{},"promo_hint":null,"beeline_best_2014":null,"from_web_editor":true,"normalize_sound":true,"normalize_change_allowed":true,"best2015_addable":false,"ahmad_promo":null,"promo_data":null,"audio_copyright_claim":null,"ads_disabled":null,"is_safe_for_ads":true,"megafon_contents":[],"position_on_page":8},{"flag":null,"abuses":null,"recoubs_by_users_channels":null,"favourite":false,"promoted_id":null,"recoub":null,"like":null,"dislike":null,"reaction":null,"in_my_best2015":false,"id":71211747,"type":"Coub::Simple","permalink":"15ytjv","title":"Trump is gonna get you Kids!😩🎥","visibility_type":"public","original_visibility_type":"public","channel_id":3441016,"created_at":"2018-04-05T18:21:55Z","updated_at":"2022-03-14T08:21:17Z","is_done":true,"views_count":289870,"cotd":null,"cotd_at":null,"visible_on_explore_root":false,"visible_on_explore":false,"featured":false,"published":true,"published_at":"2018-04-05T18:21:55Z","reversed":false,"from_editor_v2":true,"is_editable":true,"original_sound":true,"has_sound":true,"recoub_to":null,"file_versions":{"html5":{"video":{"higher":{"url":"https://coub-anubis-a.akamaized.net/coub_storage/coub/simple/cw_file/11921521376/2dc80710f5f596892a8e9/muted_mp4_huge_size_1568216709_muted_huge.mp4","size":3206933},"high":{"url":"https://coub-anubis-a.akamaized.net/coub_storage/coub/simple/cw_file/11921521376/2dc80710f5f596892a8e9/muted_mp4_big_size_1568216709_muted_big.mp4","size":2384445},"med":{"url":"https://coub-anubis-a.akamaized.net/coub_storage/coub/simple/cw_file/11921521376/2dc80710f5f596892a8e9/muted_mp4_med_size_1568216709_muted_med.mp4","size":825484}},"audio":{"high":{"url":"https://coub-anubis-a.akamaized.net/coub_storage/coub/simple/cw_looped_audio_high/44fb7d06831/4a692b5c7a8ad9670849c/1605644717_high_1522952518_high.mp3","size":851106},"med":{"url":"https://coub-anubis-a.akamaized.net/coub_storage/coub/simple/cw_looped_audio_med/93b7da63821/e3cc9a948daa053f80a98/1605644717_med_1522952518_med.mp3","size":785239},"sample_duration":10.009}},"mobile":{"video":"https://coub-anubis-a.akamaized.net/coub_storage/coub/simple/cw_file/11921521376/2dc80710f5f596892a8e9/muted_mp4_med_size_1568216709_muted_med.mp4","audio":["https://coub-anubis-a.akamaized.net/coub_storage/coub/simple/cw_looped_audio_med/93b7da63821/e3cc9a948daa053f80a98/1605644717_med_1522952518_med.mp3"]},"share":{"default":"https://coub-anubis-a.akamaized.net/coub_storage/coub/simple/cw_video_for_sharing/72ef517d472/959812ef753e70d1bb99d/1608637202_looped_1608637200.mp4"}},"audio_versions":{},"image_versions":{"template":"https://coub-anubis-a.akamaized.net/coub_storage/coub/simple/cw_image/f811ff87e86/a41b86212b743485e4f6a/1522952526_00032.jpg","versions":["micro","tiny","age_restricted","ios_large","ios_mosaic","big","med","small","pinterest"]},"first_frame_versions":{"template":"https://coub-anubis-a.akamaized.net/coub_storage/coub/simple/cw_timeline_pic/8f824c62e27/24ccee5602452bc72f874/1522952525_image.jpg","versions":["big","med","small","ios_large"]},"dimensions":{"big":[960,960],"med":[480,480]},"site_w_h":[400,400],"page_w_h":[400,400],"site_w_h_small":[310,310],"size":[960,960],"age_restricted":false,"age_restricted_by_admin":false,"not_safe_for_work":false,"allow_reuse":false,"dont_crop":false,"banned":false,"global_safe":true,"audio_file_url":null,"external_download":{"type":"Facebook","service_name":"Facebook","url":"http://www.facebook.com/HipHopDX/videos/10155458585202006/","has_embed":false},"application":null,"channel":{"id":3441016,"permalink":"nigel007","title":"Nigel007","description":null,"followers_count":225,"following_count":223,"avatar_versions":{"template":"https://coub-anubis-a.akamaized.net/coub_storage/channel/cw_avatar/ee754a60c3e/70a85782b2e1be3c5d491/%{version}_1609635088_1sr9g5k_1487265970_12oslkx_1346349152091977.jpg","versions":["medium","medium_2x","profile_pic","profile_pic_new","profile_pic_new_2x","tiny","tiny_2x","small","small_2x","ios_large","ios_small"]}},"file":null,"picture":"https://coub-anubis-a.akamaized.net/coub_storage/coub/simple/cw_image/f811ff87e86/a41b86212b743485e4f6a/1522952526_00032.jpg","timeline_picture":"https://coub-anubis-a.akamaized.net/coub_storage/coub/simple/cw_timeline_pic/8f824c62e27/24ccee5602452bc72f874/1522952525_image.jpg","small_picture":"https://coub-anubis-a.akamaized.net/coub_storage/coub/simple/cw_image/f811ff87e86/a41b86212b743485e4f6a/1522952526_00032.jpg","sharing_picture":null,"percent_done":100,"tags":[{"id":5094,"title":"kids","value":"kids"},{"id":14987,"title":"trump","value":"trump"},{"id":1060,"title":"scream","value":"scream"},{"id":2561,"title":"angry","value":"angry"},{"id":1664,"title":"scared","value":"scared"},{"id":152,"title":"run","value":"run"}],"categories":[{"id":35,"title":"News & Politics","permalink":"news","subscriptions_count":10054614,"big_image_url":"https://coub-anubis-a.akamaized.net/coub_storage/category/cw_image/6589193546b/5ea69fd70b7b36dec144f/big_1544622133_news.png","small_image_url":"https://coub-anubis-a.akamaized.net/coub_storage/category/cw_image/6589193546b/5ea69fd70b7b36dec144f/small_1544622133_news.png","med_image_url":"https://coub-anubis-a.akamaized.net/coub_storage/category/cw_image/6589193546b/5ea69fd70b7b36dec144f/med_1544622133_news.png","visible":true}],"communities":[{"id":35,"title":"News & Politics","permalink":"news","subscriptions_count":10054614,"big_image_url":"https://coub-anubis-a.akamaized.net/coub_storage/category/cw_image/6589193546b/5ea69fd70b7b36dec144f/big_1544622133_news.png","small_image_url":"https://coub-anubis-a.akamaized.net/coub_storage/category/cw_image/6589193546b/5ea69fd70b7b36dec144f/small_1544622133_news.png","med_image_url":"https://coub-anubis-a.akamaized.net/coub_storage/category/cw_image/6589193546b/5ea69fd70b7b36dec144f/med_1544622133_news.png","i_subscribed":true,"community_notifications_enabled":null,"description":null}],"recoubs_count":1230,"remixes_count":5,"likes_count":7615,"dislikes_count":0,"raw_video_id":11465891,"uploaded_by_ios_app":false,"uploaded_by_android_app":false,"media_blocks":{"uploaded_raw_videos":[],"external_raw_videos":[{"id":25731807,"title":"The Internet is Undefeated 😩.  🎥: Jimmy.Veg","url":"https://www.facebook.com/HipHopDX/videos/10155458585202006","image":null,"image_retina":null,"meta":{"service":"Facebook","duration":"13.36"},"duration":13.36,"raw_video_id":11465891,"has_embed":false}],"remixed_from_coubs":[],"external_video":{"id":25731807,"title":"The Internet is Undefeated 😩.  🎥: Jimmy.Veg","url":"https://www.facebook.com/HipHopDX/videos/10155458585202006","image":null,"image_retina":null,"meta":{"service":"Facebook","duration":"13.36"},"duration":13.36,"raw_video_id":11465891,"has_embed":false}},"raw_video_thumbnail_url":"/missing/missing.png","raw_video_title":"The Internet is Undefeated 😩.  🎥: Jimmy.Veg","video_block_banned":false,"duration":10.0,"promo_winner":false,"promo_winner_recoubers":null,"editorial_info":{},"promo_hint":null,"beeline_best_2014":null,"from_web_editor":true,"normalize_sound":true,"normalize_change_allowed":true,"best2015_addable":false,"ahmad_promo":null,"promo_data":null,"audio_copyright_claim":null,"ads_disabled":false,"is_safe_for_ads":true,"megafon_contents":[],"position_on_page":9},{"flag":null,"abuses":null,"recoubs_by_users_channels":null,"favourite":false,"promoted_id":null,"recoub":null,"like":null,"dislike":null,"reaction":null,"in_my_best2015":false,"id":120423740,"type":"Coub::Simple","permalink":"1zagxh","title":"Мы вас невыпустим а мы вам дверь не откроем )","visibility_type":"public","original_visibility_type":"public","channel_id":4556768,"created_at":"2019-08-09T16:47:53Z","updated_at":"2022-03-13T17:21:30Z","is_done":true,"views_count":457009,"cotd":null,"cotd_at":null,"visible_on_explore_root":false,"visible_on_explore":false,"featured":false,"published":true,"published_at":"2019-08-09T16:47:53Z","reversed":false,"from_editor_v2":true,"is_editable":true,"original_sound":false,"has_sound":false,"recoub_to":null,"file_versions":{"html5":{"video":{"higher":{"url":"https://coub-anubis-a.akamaized.net/coub_storage/coub/simple/cw_file/24162a505f9/7fc86df6497f2ccb6a464/muted_mp4_huge_size_1569143087_muted_huge.mp4","size":1365839},"high":{"url":"https://coub-anubis-a.akamaized.net/coub_storage/coub/simple/cw_file/24162a505f9/7fc86df6497f2ccb6a464/muted_mp4_big_size_1569143087_muted_big.mp4","size":1113416},"med":{"url":"https://coub-anubis-a.akamaized.net/coub_storage/coub/simple/cw_file/24162a505f9/7fc86df6497f2ccb6a464/muted_mp4_med_size_1569143087_muted_med.mp4","size":273567}},"audio":{"high":{"url":"https://coub-anubis-a.akamaized.net/coub_storage/coub/simple/cw_looped_audio_high/0df05880217/ca7f823ae4cdd73dbe194/1605685185_high_1565369288_high.mp3","size":657816},"med":{"url":"https://coub-anubis-a.akamaized.net/coub_storage/coub/simple/cw_looped_audio_med/c7fd13c9d70/35531ea738b99343e3666/1605685184_med_1565369288_med.mp3","size":657688}}},"mobile":{"video":"https://coub-anubis-a.akamaized.net/coub_storage/coub/simple/cw_file/24162a505f9/7fc86df6497f2ccb6a464/muted_mp4_med_size_1569143087_muted_med.mp4","audio":["https://coub-anubis-a.akamaized.net/coub_storage/coub/simple/cw_looped_audio_med/c7fd13c9d70/35531ea738b99343e3666/1605685184_med_1565369288_med.mp3"]},"share":{"default":"https://coub-anubis-a.akamaized.net/coub_storage/coub/simple/cw_video_for_sharing/3becec4e130/38aa7baa3beed0ced0626/1608605168_looped_1608605167.mp4"}},"audio_versions":{"template":"https://coub-anubis-a.akamaized.net/coub_storage/audio_track/cw_normalized_copy/3f1ab37e84e/b350ff2ccba0bd7734ab2/mid_1565371192_normalized_1565369164_audio.mp3","versions":["mid","low"]},"image_versions":{"template":"https://coub-anubis-a.akamaized.net/coub_storage/coub/simple/cw_image/1d893353c86/ac55d39b4f29e4d77271b/1565369293_00026.jpg","versions":["micro","tiny","age_restricted","ios_large","ios_mosaic","big","med","small","pinterest"]},"first_frame_versions":{"template":"https://coub-anubis-a.akamaized.net/coub_storage/coub/simple/cw_timeline_pic/680c4741bf9/5891e86f5eaeedccaf05b/%{version}_1565369292_image.jpg","versions":["big","med","small","ios_large"]},"dimensions":{"big":[1280,720],"med":[640,360]},"site_w_h":[640,360],"page_w_h":[640,360],"site_w_h_small":[310,174],"size":[1280,720],"age_restricted":false,"age_restricted_by_admin":false,"not_safe_for_work":false,"allow_reuse":false,"dont_crop":false,"banned":false,"global_safe":false,"audio_file_url":"https://coub-anubis-a.akamaized.net/coub_storage/audio_track/cw_normalized_copy/3f1ab37e84e/b350ff2ccba0bd7734ab2/low_1565371192_normalized_1565369164_audio.mp3","external_download":{"type":"Youtube","service_name":"YouTube","url":"https://www.youtube.com/watch?v=qw_h8miP4QQ","has_embed":true},"application":null,"channel":{"id":4556768,"permalink":"stark291","title":"STARK","description":null,"followers_count":111,"following_count":11,"avatar_versions":{"template":"https://coubsecureassets-a.akamaihd.net/assets/default-avatars/98-56a03b653fdb588298ff0999df7a456b478e98d968485ca4991b48263a0872ca.png"}},"file":null,"picture":"https://coub-anubis-a.akamaized.net/coub_storage/coub/simple/cw_image/1d893353c86/ac55d39b4f29e4d77271b/1565369293_00026.jpg","timeline_picture":"https://coub-anubis-a.akamaized.net/coub_storage/coub/simple/cw_timeline_pic/680c4741bf9/5891e86f5eaeedccaf05b/ios_large_1565369292_image.jpg","small_picture":"https://coub-anubis-a.akamaized.net/coub_storage/coub/simple/cw_image/1d893353c86/ac55d39b4f29e4d77271b/1565369293_00026.jpg","sharing_picture":null,"percent_done":100,"tags":[{"id":2155,"title":"москва","value":"%D0%BC%D0%BE%D1%81%D0%BA%D0%B2%D0%B0"},{"id":325509,"title":"шереметьево","value":"%D1%88%D0%B5%D1%80%D0%B5%D0%BC%D0%B5%D1%82%D1%8C%D0%B5%D0%B2%D0%BE"},{"id":134623,"title":"аэропорт","value":"%D0%B0%D1%8D%D1%80%D0%BE%D0%BF%D0%BE%D1%80%D1%82"},{"id":1265,"title":"россия","value":"%D1%80%D0%BE%D1%81%D1%81%D0%B8%D1%8F"}],"categories":[{"id":35,"title":"News & Politics","permalink":"news","subscriptions_count":10054614,"big_image_url":"https://coub-anubis-a.akamaized.net/coub_storage/category/cw_image/6589193546b/5ea69fd70b7b36dec144f/big_1544622133_news.png","small_image_url":"https://coub-anubis-a.akamaized.net/coub_storage/category/cw_image/6589193546b/5ea69fd70b7b36dec144f/small_1544622133_news.png","med_image_url":"https://coub-anubis-a.akamaized.net/coub_storage/category/cw_image/6589193546b/5ea69fd70b7b36dec144f/med_1544622133_news.png","visible":true}],"communities":[{"id":35,"title":"News & Politics","permalink":"news","subscriptions_count":10054614,"big_image_url":"https://coub-anubis-a.akamaized.net/coub_storage/category/cw_image/6589193546b/5ea69fd70b7b36dec144f/big_1544622133_news.png","small_image_url":"https://coub-anubis-a.akamaized.net/coub_storage/category/cw_image/6589193546b/5ea69fd70b7b36dec144f/small_1544622133_news.png","med_image_url":"https://coub-anubis-a.akamaized.net/coub_storage/category/cw_image/6589193546b/5ea69fd70b7b36dec144f/med_1544622133_news.png","i_subscribed":true,"community_notifications_enabled":null,"description":null}],"recoubs_count":1451,"remixes_count":1,"likes_count":7599,"dislikes_count":0,"raw_video_id":14081631,"uploaded_by_ios_app":false,"uploaded_by_android_app":false,"media_blocks":{"uploaded_raw_videos":[],"external_raw_videos":[{"id":32840178,"title":"Аэропорт Шереметьево в Москве. Вид на стоянку самолетов.","url":"https://www.youtube.com/watch?v=qw_h8miP4QQ","image":"https://coub-anubis-a.akamaized.net/coub_storage/media_block/cw_image/630982d40ce/afef36a1bea2af7fe3c28/1565369133_fxtgyn_1565369124_h0qvxq_att-url-download.jpg","image_retina":"https://coub-anubis-a.akamaized.net/coub_storage/media_block/cw_image/630982d40ce/afef36a1bea2af7fe3c28/1565369133_fxtgyn_1565369124_h0qvxq_att-url-download.jpg","meta":{"service":"Youtube","duration":"33.72"},"duration":33.72,"raw_video_id":14081631,"has_embed":true}],"remixed_from_coubs":[],"external_video":{"id":32840178,"title":"Аэропорт Шереметьево в Москве. Вид на стоянку самолетов.","url":"https://www.youtube.com/watch?v=qw_h8miP4QQ","image":"https://coub-anubis-a.akamaized.net/coub_storage/media_block/cw_image/630982d40ce/afef36a1bea2af7fe3c28/1565369133_fxtgyn_1565369124_h0qvxq_att-url-download.jpg","image_retina":"https://coub-anubis-a.akamaized.net/coub_storage/media_block/cw_image/630982d40ce/afef36a1bea2af7fe3c28/1565369133_fxtgyn_1565369124_h0qvxq_att-url-download.jpg","meta":{"service":"Youtube","duration":"33.72"},"duration":33.72,"raw_video_id":14081631,"has_embed":true}},"raw_video_thumbnail_url":"/missing/missing.png","raw_video_title":"Аэропорт Шереметьево в Москве. Вид на стоянку самолетов.","video_block_banned":false,"duration":8.04,"promo_winner":false,"promo_winner_recoubers":null,"editorial_info":{},"promo_hint":null,"beeline_best_2014":null,"from_web_editor":true,"normalize_sound":true,"normalize_change_allowed":true,"best2015_addable":false,"ahmad_promo":null,"promo_data":null,"audio_copyright_claim":null,"ads_disabled":false,"is_safe_for_ads":true,"megafon_contents":[],"position_on_page":10}]}