{"page":218,"per_page":10,"total_pages":500,"coubs":[{"flag":null,"abuses":null,"recoubs_by_users_channels":null,"favourite":false,"promoted_id":null,"recoub":null,"like":null,"dislike":null,"reaction":null,"in_my_best2015":false,"id":169211803,"type":"Coub::Simple","permalink":"2sebiy","title":"Будущее уже не то, что прежде","visibility_type":"public","original_visibility_type":"public","channel_id":7191246,"created_at":"2021-05-22T21:24:44Z","updated_at":"2022-03-08T21:28:36Z","is_done":true,"views_count":88674,"cotd":null,"cotd_at":null,"visible_on_explore_root":false,"visible_on_explore":false,"featured":false,"published":true,"published_at":"2021-05-22T21:24:44Z","reversed":false,"from_editor_v2":true,"is_editable":true,"original_sound":true,"has_sound":true,"recoub_to":null,"file_versions":{"html5":{"video":{"higher":{"url":"https://coub-anubis-a.akamaized.net/coub_storage/coub/simple/cw_file/4c27db4df30/af81a7b8697c1885be2ec/muted_mp4_huge_size_1621718691_muted_huge.mp4","size":1359466},"high":{"url":"https://coub-anubis-a.akamaized.net/coub_storage/coub/simple/cw_file/4c27db4df30/af81a7b8697c1885be2ec/muted_mp4_big_size_1621718691_muted_big.mp4","size":851667},"med":{"url":"https://coub-anubis-a.akamaized.net/coub_storage/coub/simple/cw_file/4c27db4df30/af81a7b8697c1885be2ec/muted_mp4_med_size_1621718691_muted_med.mp4","size":298084}},"audio":{"high":{"url":"https://coub-anubis-a.akamaized.net/coub_storage/coub/simple/cw_looped_audio_high/9930ff4acbe/fd14a18e4c0f364f0c876/1621718694_mp3-high.mp3","size":964821},"med":{"url":"https://coub-anubis-a.akamaized.net/coub_storage/coub/simple/cw_looped_audio_med/907366c6918/571bfbf35f2c86af96a83/1621718693_mp3-med.mp3","size":798816},"sample_duration":10.008}},"mobile":{"video":"https://coub-anubis-a.akamaized.net/coub_storage/coub/simple/cw_file/4c27db4df30/af81a7b8697c1885be2ec/muted_mp4_med_size_1621718691_muted_med.mp4","audio":["https://coub-anubis-a.akamaized.net/coub_storage/coub/simple/cw_looped_audio_med/907366c6918/571bfbf35f2c86af96a83/1621718693_mp3-med.mp3"]},"share":{"default":"https://coub-anubis-a.akamaized.net/coub_storage/coub/simple/cw_video_for_sharing/fa7b9eba6cd/020d2aac954ffa593032e/1621718731_looped_1621718730.mp4"}},"audio_versions":{},"image_versions":{"template":"https://coub-anubis-a.akamaized.net/coub_storage/coub/simple/cw_image/8162d7dccd8/ea71b3092523896963b5a/%{version}_1621718701_00032.jpg","versions":["micro","tiny","age_restricted","ios_large","ios_mosaic","big","med","small","pinterest"]},"first_frame_versions":{"template":"https://coub-anubis-a.akamaized.net/coub_storage/coub/simple/cw_timeline_pic/b1dda5cf617/b6883a676b0e4f77d478c/%{version}_1621718700_image.jpg","versions":["big","med","small","ios_large"]},"dimensions":{"big":[960,960],"med":[480,480]},"site_w_h":[400,400],"page_w_h":[400,400],"site_w_h_small":[310,310],"size":[960,960],"age_restricted":false,"age_restricted_by_admin":false,"not_safe_for_work":false,"allow_reuse":false,"dont_crop":true,"banned":false,"global_safe":null,"audio_file_url":null,"external_download":false,"application":null,"channel":{"id":7191246,"permalink":"gleb-kalinchuk","title":"Kiris_delta(ಠ_ಠ)━☆ﾟ.*･｡ﾟ","description":null,"followers_count":24,"following_count":23,"avatar_versions":{"template":"https://coub-anubis-a.akamaized.net/coub_storage/channel/cw_avatar/20972eb3a14/56222fcb8f06578d719c4/%{version}_1607413985_v0nncb_1586515195_cropped.jpeg","versions":["medium","medium_2x","profile_pic","profile_pic_new","profile_pic_new_2x","tiny","tiny_2x","small","small_2x","ios_large","ios_small"]}},"file":null,"picture":"https://coub-anubis-a.akamaized.net/coub_storage/coub/simple/cw_image/8162d7dccd8/ea71b3092523896963b5a/med_1621718701_00032.jpg","timeline_picture":"https://coub-anubis-a.akamaized.net/coub_storage/coub/simple/cw_timeline_pic/b1dda5cf617/b6883a676b0e4f77d478c/ios_large_1621718700_image.jpg","small_picture":"https://coub-anubis-a.akamaized.net/coub_storage/coub/simple/cw_image/8162d7dccd8/ea71b3092523896963b5a/ios_mosaic_1621718701_00032.jpg","sharing_picture":null,"percent_done":100,"tags":[{"id":318997,"title":"genders","value":"genders"},{"id":86,"title":"music","value":"music"}],"categories":[{"id":35,"title":"News & Politics","permalink":"news","subscriptions_count":10054614,"big_image_url":"https://coub-anubis-a.akamaized.net/coub_storage/category/cw_image/6589193546b/5ea69fd70b7b36dec144f/big_1544622133_news.png","small_image_url":"https://coub-anubis-a.akamaized.net/coub_storage/category/cw_image/6589193546b/5ea69fd70b7b36dec144f/small_1544622133_news.png","med_image_url":"https://coub-anubis-a.akamaized.net/coub_storage/category/cw_image/6589193546b/5ea69fd70b7b36dec144f/med_1544622133_news.png","visible":true}],"communities":[{"id":35,"title":"News & Politics","permalink":"news","subscriptions_count":10054614,"big_image_url":"https://coub-anubis-a.akamaized.net/coub_storage/category/cw_image/6589193546b/5ea69fd70b7b36dec144f/big_1544622133_news.png","small_image_url":"https://coub-anubis-a.akamaized.net/coub_storage/category/cw_image/6589193546b/5ea69fd70b7b36dec144f/small_1544622133_news.png","med_image_url":"https://coub-anubis-a.akamaized.net/coub_storage/category/cw_image/6589193546b/5ea69fd70b7b36dec144f/med_1544622133_news.png","i_subscribed":true,"community_notifications_enabled":null,"description":null}],"recoubs_count":275,"remixes_count":0,"likes_count":1407,"dislikes_count":0,"raw_video_id":16464124,"uploaded_by_ios_app":false,"uploaded_by_android_app":true,"media_blocks":{"uploaded_raw_videos":[],"external_raw_videos":[],"remixed_from_coubs":[]},"raw_video_thumbnail_url":"/missing/missing.png","raw_video_title":null,"video_block_banned":false,"duration":9.96,"promo_winner":false,"promo_winner_recoubers":null,"editorial_info":{},"promo_hint":null,"beeline_best_2014":null,"from_web_editor":false,"normalize_sound":true,"normalize_change_allowed":true,"best2015_addable":false,"ahmad_promo":null,"promo_data":null,"audio_copyright_claim":null,"ads_disabled":false,"is_safe_for_ads":true,"megafon_contents":[],"position_on_page":1},{"flag":null,"abuses":null,"recoubs_by_users_channels":null,"favourite":false,"promoted_id":null,"recoub":null,"like":null,"dislike":null,"reaction":null,"in_my_best2015":false,"id":145232144,"type":"Coub::Simple","permalink":"2e4cjj","title":"Опасно....опасно....сидеть сложа руки","visibility_type":"public","original_visibility_type":"public","channel_id":1440188,"created_at":"2020-05-18T15:53:14Z","updated_at":"2022-03-13T19:44:30Z","is_done":true,"views_count":99958,"cotd":null,"cotd_at":null,"visible_on_explore_root":false,"visible_on_explore":false,"featured":false,"published":true,"published_at":"2020-05-18T15:53:14Z","reversed":false,"from_editor_v2":true,"is_editable":true,"original_sound":true,"has_sound":true,"recoub_to":null,"file_versions":{"html5":{"video":{"higher":{"url":"https://coub-anubis-a.akamaized.net/coub_storage/coub/simple/cw_file/12ccb6316db/e30538847eee6703124e1/muted_mp4_huge_size_1589817210_muted_huge.mp4","size":732154},"high":{"url":"https://coub-anubis-a.akamaized.net/coub_storage/coub/simple/cw_file/12ccb6316db/e30538847eee6703124e1/muted_mp4_big_size_1589817210_muted_big.mp4","size":471250},"med":{"url":"https://coub-anubis-a.akamaized.net/coub_storage/coub/simple/cw_file/12ccb6316db/e30538847eee6703124e1/muted_mp4_med_size_1589817210_muted_med.mp4","size":132397}},"audio":{"high":{"url":"https://coub-anubis-a.akamaized.net/coub_storage/coub/simple/cw_looped_audio_high/c4b50f2ce7d/94f2c3a47412bba071609/1605690867_high_1589817210_high.mp3","size":1012880},"med":{"url":"https://coub-anubis-a.akamaized.net/coub_storage/coub/simple/cw_looped_audio_med/3829134af0f/acaa163a0887c2d0daa7a/1605690867_med_1589817210_med.mp3","size":799076},"sample_duration":10.008}},"mobile":{"video":"https://coub-anubis-a.akamaized.net/coub_storage/coub/simple/cw_file/12ccb6316db/e30538847eee6703124e1/muted_mp4_med_size_1589817210_muted_med.mp4","audio":["https://coub-anubis-a.akamaized.net/coub_storage/coub/simple/cw_looped_audio_med/3829134af0f/acaa163a0887c2d0daa7a/1605690867_med_1589817210_med.mp3"]},"share":{"default":"https://coub-anubis-a.akamaized.net/coub_storage/coub/simple/cw_video_for_sharing/63390a1b047/511ff5c6668c65db871b4/1618385305_looped_1618385304.mp4"}},"audio_versions":{},"image_versions":{"template":"https://coub-anubis-a.akamaized.net/coub_storage/coub/simple/cw_image/0a3982ba51e/1592e1cb41c5df6518555/1589817223_00032.jpg","versions":["micro","tiny","age_restricted","ios_large","ios_mosaic","big","med","small","pinterest"]},"first_frame_versions":{"template":"https://coub-anubis-a.akamaized.net/coub_storage/coub/simple/cw_timeline_pic/37b73db919e/1ec67941f4f3fbe778cf5/%{version}_1589817222_image.jpg","versions":["big","med","small","ios_large"]},"dimensions":{"big":[1280,720],"med":[640,360]},"site_w_h":[640,360],"page_w_h":[640,360],"site_w_h_small":[310,174],"size":[1280,720],"age_restricted":false,"age_restricted_by_admin":false,"not_safe_for_work":false,"allow_reuse":false,"dont_crop":false,"banned":false,"global_safe":false,"audio_file_url":null,"external_download":false,"application":null,"channel":{"id":1440188,"permalink":"joker1509","title":"joker","description":null,"followers_count":41,"following_count":30,"avatar_versions":{"template":"https://coub-anubis-a.akamaized.net/coub_storage/channel/cw_avatar/d2d7a5d9cd8/28e9ce485834d74affcd4/%{version}_1607851799_1t6v4tj_1589817836_4IAAAgPSKuA-960.jpg","versions":["medium","medium_2x","profile_pic","profile_pic_new","profile_pic_new_2x","tiny","tiny_2x","small","small_2x","ios_large","ios_small"]}},"file":null,"picture":"https://coub-anubis-a.akamaized.net/coub_storage/coub/simple/cw_image/0a3982ba51e/1592e1cb41c5df6518555/1589817223_00032.jpg","timeline_picture":"https://coub-anubis-a.akamaized.net/coub_storage/coub/simple/cw_timeline_pic/37b73db919e/1ec67941f4f3fbe778cf5/ios_large_1589817222_image.jpg","small_picture":"https://coub-anubis-a.akamaized.net/coub_storage/coub/simple/cw_image/0a3982ba51e/1592e1cb41c5df6518555/1589817223_00032.jpg","sharing_picture":null,"percent_done":100,"tags":[{"id":5434,"title":"опасно","value":"%D0%BE%D0%BF%D0%B0%D1%81%D0%BD%D0%BE"},{"id":5671464,"title":"сложа руки","value":"%D1%81%D0%BB%D0%BE%D0%B6%D0%B0%20%D1%80%D1%83%D0%BA%D0%B8"},{"id":73,"title":"путин","value":"%D0%BF%D1%83%D1%82%D0%B8%D0%BD"},{"id":1265,"title":"россия","value":"%D1%80%D0%BE%D1%81%D1%81%D0%B8%D1%8F"},{"id":232733,"title":"россия 24","value":"%D1%80%D0%BE%D1%81%D1%81%D0%B8%D1%8F%2024"},{"id":108755,"title":"россия 1","value":"%D1%80%D0%BE%D1%81%D1%81%D0%B8%D1%8F%201"},{"id":5434877,"title":"коронавирус","value":"%D0%BA%D0%BE%D1%80%D0%BE%D0%BD%D0%B0%D0%B2%D0%B8%D1%80%D1%83%D1%81"},{"id":389350,"title":"корона","value":"%D0%BA%D0%BE%D1%80%D0%BE%D0%BD%D0%B0"},{"id":123712,"title":"ответственность","value":"%D0%BE%D1%82%D0%B2%D0%B5%D1%82%D1%81%D1%82%D0%B2%D0%B5%D0%BD%D0%BD%D0%BE%D1%81%D1%82%D1%8C"},{"id":3891842,"title":"сидеть по русски","value":"%D1%81%D0%B8%D0%B4%D0%B5%D1%82%D1%8C%20%D0%BF%D0%BE%20%D1%80%D1%83%D1%81%D1%81%D0%BA%D0%B8"}],"categories":[{"id":35,"title":"News & Politics","permalink":"news","subscriptions_count":10054614,"big_image_url":"https://coub-anubis-a.akamaized.net/coub_storage/category/cw_image/6589193546b/5ea69fd70b7b36dec144f/big_1544622133_news.png","small_image_url":"https://coub-anubis-a.akamaized.net/coub_storage/category/cw_image/6589193546b/5ea69fd70b7b36dec144f/small_1544622133_news.png","med_image_url":"https://coub-anubis-a.akamaized.net/coub_storage/category/cw_image/6589193546b/5ea69fd70b7b36dec144f/med_1544622133_news.png","visible":true}],"communities":[{"id":35,"title":"News & Politics","permalink":"news","subscriptions_count":10054614,"big_image_url":"https://coub-anubis-a.akamaized.net/coub_storage/category/cw_image/6589193546b/5ea69fd70b7b36dec144f/big_1544622133_news.png","small_image_url":"https://coub-anubis-a.akamaized.net/coub_storage/category/cw_image/6589193546b/5ea69fd70b7b36dec144f/small_1544622133_news.png","med_image_url":"https://coub-anubis-a.akamaized.net/coub_storage/category/cw_image/6589193546b/5ea69fd70b7b36dec144f/med_1544622133_news.png","i_subscribed":true,"community_notifications_enabled":null,"description":null}],"recoubs_count":231,"remixes_count":0,"likes_count":1407,"dislikes_count":0,"raw_video_id":15238608,"uploaded_by_ios_app":false,"uploaded_by_android_app":false,"media_blocks":{"uploaded_raw_videos":[],"external_raw_videos":[],"remixed_from_coubs":[]},"raw_video_thumbnail_url":"/missing/missing.png","raw_video_title":"________.mp4","video_block_banned":false,"duration":10.0,"promo_winner":false,"promo_winner_recoubers":null,"editorial_info":{},"promo_hint":null,"beeline_best_2014":null,"from_web_editor":true,"normalize_sound":true,"normalize_change_allowed":true,"best2015_addable":false,"ahmad_promo":null,"promo_data":null,"audio_copyright_claim":null,"ads_disabled":false,"is_safe_for_ads":true,"megafon_contents":[],"position_on_page":2},{"flag":null,"abuses":null,"recoubs_by_users_channels":null,"favourite":false,"promoted_id":null,"recoub":null,"like":null,"dislike":null,"reaction":null,"in_my_best2015":false,"id":132933875,"type":"Coub::Simple","permalink":"26s3wq","title":"Hong Kong","visibility_type":"public","original_visibility_type":"public","channel_id":4019518,"created_at":"2019-12-28T00:38:09Z","updated_at":"2022-03-13T11:50:38Z","is_done":true,"views_count":123027,"cotd":null,"cotd_at":null,"visible_on_explore_root":false,"visible_on_explore":false,"featured":false,"published":true,"published_at":"2019-12-28T00:38:09Z","reversed":false,"from_editor_v2":true,"is_editable":true,"original_sound":false,"has_sound":false,"recoub_to":null,"file_versions":{"html5":{"video":{"higher":{"url":"https://coub-anubis-a.akamaized.net/coub_storage/coub/simple/cw_file/66a9406dc91/287bce21606cc3f546b8c/muted_mp4_huge_size_1577493620_muted_huge.mp4","size":5801992},"high":{"url":"https://coub-anubis-a.akamaized.net/coub_storage/coub/simple/cw_file/66a9406dc91/287bce21606cc3f546b8c/muted_mp4_big_size_1577493620_muted_big.mp4","size":4128931},"med":{"url":"https://coub-anubis-a.akamaized.net/coub_storage/coub/simple/cw_file/66a9406dc91/287bce21606cc3f546b8c/muted_mp4_med_size_1577493620_muted_med.mp4","size":1427996}},"audio":{"high":{"url":"https://coub-anubis-a.akamaized.net/coub_storage/coub/simple/cw_looped_audio_high/1e205766cef/4ee64197c83a304bce4d5/1605702111_high_1577493625_high.mp3","size":1182754},"med":{"url":"https://coub-anubis-a.akamaized.net/coub_storage/coub/simple/cw_looped_audio_med/f9c91ac2959/a28528c0e98972446a033/1605702111_med_1577493625_med.mp3","size":936999}}},"mobile":{"video":"https://coub-anubis-a.akamaized.net/coub_storage/coub/simple/cw_file/66a9406dc91/287bce21606cc3f546b8c/muted_mp4_med_size_1577493620_muted_med.mp4","audio":["https://coub-anubis-a.akamaized.net/coub_storage/coub/simple/cw_looped_audio_med/f9c91ac2959/a28528c0e98972446a033/1605702111_med_1577493625_med.mp3"]},"share":{"default":"https://coub-anubis-a.akamaized.net/coub_storage/coub/simple/cw_video_for_sharing/713659dfa82/ad2978a1e6a04808d8f32/1611826085_looped_1611826081.mp4"}},"audio_versions":{"template":"https://coub-anubis-a.akamaized.net/coub_storage/audio_track/cw_normalized_copy/2f5bd8fb132/280402228bdaeede42c72/mid_1577493623_normalized_1577493620_yo6cni_edited.mp3","versions":["mid","low"]},"image_versions":{"template":"https://coub-anubis-a.akamaized.net/coub_storage/coub/simple/cw_image/8013507221d/90c2be376506f29d7e4d5/1577493637_00032.jpg","versions":["micro","tiny","age_restricted","ios_large","ios_mosaic","big","med","small","pinterest"]},"first_frame_versions":{"template":"https://coub-anubis-a.akamaized.net/coub_storage/coub/simple/cw_timeline_pic/1e1ac1fc8dc/a8fab846cf3f0912ac274/1577493636_image.jpg","versions":["big","med","small","ios_large"]},"dimensions":{"big":[1280,720],"med":[640,360]},"site_w_h":[640,360],"page_w_h":[640,360],"site_w_h_small":[310,174],"size":[1280,720],"age_restricted":false,"age_restricted_by_admin":false,"not_safe_for_work":false,"allow_reuse":false,"dont_crop":false,"banned":false,"global_safe":false,"audio_file_url":"https://coub-anubis-a.akamaized.net/coub_storage/audio_track/cw_normalized_copy/2f5bd8fb132/280402228bdaeede42c72/low_1577493623_normalized_1577493620_yo6cni_edited.mp3","external_download":false,"application":null,"channel":{"id":4019518,"permalink":"kaidox34","title":"KaidoX","description":null,"followers_count":229,"following_count":22,"avatar_versions":{"template":"https://coub-anubis-a.akamaized.net/coub_storage/channel/cw_avatar/d1a4d39f982/b8fad694970cf1f6884e0/%{version}_1607893636_c43d5v_1519243504_KaidoXbESt.jpg","versions":["medium","medium_2x","profile_pic","profile_pic_new","profile_pic_new_2x","tiny","tiny_2x","small","small_2x","ios_large","ios_small"]}},"file":null,"picture":"https://coub-anubis-a.akamaized.net/coub_storage/coub/simple/cw_image/8013507221d/90c2be376506f29d7e4d5/1577493637_00032.jpg","timeline_picture":"https://coub-anubis-a.akamaized.net/coub_storage/coub/simple/cw_timeline_pic/1e1ac1fc8dc/a8fab846cf3f0912ac274/1577493636_image.jpg","small_picture":"https://coub-anubis-a.akamaized.net/coub_storage/coub/simple/cw_image/8013507221d/90c2be376506f29d7e4d5/1577493637_00032.jpg","sharing_picture":null,"percent_done":100,"tags":[{"id":718,"title":"kanye west","value":"kanye%20west"},{"id":189949,"title":"no church in the wild","value":"no%20church%20in%20the%20wild"},{"id":25430,"title":"беспорядки","value":"%D0%B1%D0%B5%D1%81%D0%BF%D0%BE%D1%80%D1%8F%D0%B4%D0%BA%D0%B8"},{"id":4780318,"title":"гонгконг","value":"%D0%B3%D0%BE%D0%BD%D0%B3%D0%BA%D0%BE%D0%BD%D0%B3"},{"id":16305,"title":"протест","value":"%D0%BF%D1%80%D0%BE%D1%82%D0%B5%D1%81%D1%82"},{"id":5242822,"title":"香港特别行政区","value":"%E9%A6%99%E6%B8%AF%E7%89%B9%E5%88%AB%E8%A1%8C%E6%94%BF%E5%8C%BA"},{"id":5242823,"title":"香港特別行政區","value":"%E9%A6%99%E6%B8%AF%E7%89%B9%E5%88%A5%E8%A1%8C%E6%94%BF%E5%8D%80"},{"id":152,"title":"run","value":"run"},{"id":1174,"title":"running","value":"running"},{"id":48298,"title":"бег","value":"%D0%B1%D0%B5%D0%B3"},{"id":23601,"title":"бегут","value":"%D0%B1%D0%B5%D0%B3%D1%83%D1%82"},{"id":6799,"title":"полиция","value":"%D0%BF%D0%BE%D0%BB%D0%B8%D1%86%D0%B8%D1%8F"},{"id":9783,"title":"китай","value":"%D0%BA%D0%B8%D1%82%D0%B0%D0%B9"},{"id":5242824,"title":"中華人民共和國","value":"%E4%B8%AD%E8%8F%AF%E4%BA%BA%E6%B0%91%E5%85%B1%E5%92%8C%E5%9C%8B"},{"id":201953,"title":"кнр","value":"%D0%BA%D0%BD%D1%80"},{"id":4005,"title":"жесть","value":"%D0%B6%D0%B5%D1%81%D1%82%D1%8C"},{"id":5069,"title":"vietnam","value":"vietnam"},{"id":81,"title":"war","value":"war"},{"id":175,"title":"usa","value":"usa"},{"id":832,"title":"army","value":"army"},{"id":5277727,"title":"some body to love","value":"some%20body%20to%20love"},{"id":2009,"title":"battlefield","value":"battlefield"},{"id":1140,"title":"game","value":"game"},{"id":3190,"title":"history","value":"history"},{"id":13923,"title":"cannon","value":"cannon"},{"id":657851,"title":"artilery","value":"artilery"},{"id":16053,"title":"tank","value":"tank"},{"id":15834,"title":"soldier","value":"soldier"},{"id":33549,"title":"card","value":"card"},{"id":78226,"title":"uniform","value":"uniform"},{"id":51439,"title":"helmet","value":"helmet"},{"id":1179,"title":"fire","value":"fire"},{"id":2544,"title":"shot","value":"shot"},{"id":4941,"title":"fear","value":"fear"},{"id":2326,"title":"america","value":"america"},{"id":2139,"title":"ussr","value":"ussr"},{"id":18553,"title":"reality","value":"reality"},{"id":504891,"title":"гонконг","value":"%D0%B3%D0%BE%D0%BD%D0%BA%D0%BE%D0%BD%D0%B3"},{"id":5326348,"title":"missio sing to me","value":"missio%20sing%20to%20me"},{"id":402172,"title":"amino","value":"amino"},{"id":67489,"title":"ameno","value":"ameno"},{"id":1061083,"title":"xijinping","value":"xijinping"},{"id":14987,"title":"trump","value":"trump"},{"id":3007,"title":"news","value":"news"},{"id":20998,"title":"riot","value":"riot"},{"id":121406,"title":"patriotism","value":"patriotism"},{"id":4699,"title":"freedom","value":"freedom"},{"id":98481,"title":"democracy","value":"democracy"},{"id":4413,"title":"politics","value":"politics"},{"id":7211,"title":"sonne","value":"sonne"},{"id":2172,"title":"rammstein","value":"rammstein"},{"id":34851,"title":"police brutality","value":"police%20brutality"},{"id":2236,"title":"police","value":"police"},{"id":16634,"title":"protest","value":"protest"},{"id":2937,"title":"china","value":"china"},{"id":149345,"title":"hong kong","value":"hong%20kong"}],"categories":[{"id":35,"title":"News & Politics","permalink":"news","subscriptions_count":10054614,"big_image_url":"https://coub-anubis-a.akamaized.net/coub_storage/category/cw_image/6589193546b/5ea69fd70b7b36dec144f/big_1544622133_news.png","small_image_url":"https://coub-anubis-a.akamaized.net/coub_storage/category/cw_image/6589193546b/5ea69fd70b7b36dec144f/small_1544622133_news.png","med_image_url":"https://coub-anubis-a.akamaized.net/coub_storage/category/cw_image/6589193546b/5ea69fd70b7b36dec144f/med_1544622133_news.png","visible":true}],"communities":[{"id":35,"title":"News & Politics","permalink":"news","subscriptions_count":10054614,"big_image_url":"https://coub-anubis-a.akamaized.net/coub_storage/category/cw_image/6589193546b/5ea69fd70b7b36dec144f/big_1544622133_news.png","small_image_url":"https://coub-anubis-a.akamaized.net/coub_storage/category/cw_image/6589193546b/5ea69fd70b7b36dec144f/small_1544622133_news.png","med_image_url":"https://coub-anubis-a.akamaized.net/coub_storage/category/cw_image/6589193546b/5ea69fd70b7b36dec144f/med_1544622133_news.png","i_subscribed":true,"community_notifications_enabled":null,"description":null}],"recoubs_count":293,"remixes_count":3,"likes_count":1407,"dislikes_count":0,"raw_video_id":"","uploaded_by_ios_app":false,"uploaded_by_android_app":false,"media_blocks":{"uploaded_raw_videos":[],"external_raw_videos":[],"remixed_from_coubs":[{"id":34293159,"title":"Hong Kong","url":"https://coub.com/coubs/26oatx/remix","image":"https://coub-anubis-a.akamaized.net/coub_storage/media_block/cw_image/1847aa5685d/0658e6e759919c95341d0/1577337948_1q49wgr_1577337930_00032.jpg","image_retina":"https://coub-anubis-a.akamaized.net/coub_storage/media_block/cw_image/1847aa5685d/0658e6e759919c95341d0/1577337948_1q49wgr_1577337930_00032.jpg","meta":{"duration":"10.0"},"duration":null,"coub_channel_title":"Mathematics","coub_channel_permalink":"mathematics","coub_views_count":177913,"coub_permalink":"26oatx"},{"id":33930273,"title":"","url":"https://coub.com/coubs/24qa65/remix","image":"https://coub-anubis-a.akamaized.net/coub_storage/media_block/cw_image/1835d9722e3/48403b75aee9079e94ee7/1574187268_1gal7sg_1574187211_00020.jpg","image_retina":"https://coub-anubis-a.akamaized.net/coub_storage/media_block/cw_image/1835d9722e3/48403b75aee9079e94ee7/1574187268_1gal7sg_1574187211_00020.jpg","meta":{"duration":"6.32"},"duration":null,"coub_channel_title":"SANYA","coub_channel_permalink":"sanja40000","coub_views_count":49401,"coub_permalink":"24qa65"},{"id":33685202,"title":"human beings in a mob","url":"https://coub.com/coubs/23jcdw/remix","image":"https://coub-anubis-a.akamaized.net/coub_storage/media_block/cw_image/3cd79dd1593/d41b4ffe1a7b761e64094/1572181893_1ri2fwc_1572181873_00031.jpg","image_retina":"https://coub-anubis-a.akamaized.net/coub_storage/media_block/cw_image/3cd79dd1593/d41b4ffe1a7b761e64094/1572181893_1ri2fwc_1572181873_00031.jpg","meta":{"duration":"9.84"},"duration":null,"coub_channel_title":"PrawaNatury","coub_channel_permalink":"prawanarury","coub_views_count":37744,"coub_permalink":"23jcdw"}]},"raw_video_thumbnail_url":"","raw_video_title":"","video_block_banned":false,"duration":10.0,"promo_winner":false,"promo_winner_recoubers":null,"editorial_info":{},"promo_hint":null,"beeline_best_2014":null,"from_web_editor":true,"normalize_sound":true,"normalize_change_allowed":true,"best2015_addable":false,"ahmad_promo":null,"promo_data":null,"audio_copyright_claim":null,"ads_disabled":false,"is_safe_for_ads":true,"megafon_contents":[],"position_on_page":3},{"flag":null,"abuses":null,"recoubs_by_users_channels":null,"favourite":false,"promoted_id":null,"recoub":null,"like":null,"dislike":null,"reaction":null,"in_my_best2015":false,"id":97238151,"type":"Coub::Simple","permalink":"1lhioh","title":"Как жители Иркутска переправляются через реку","visibility_type":"public","original_visibility_type":"public","channel_id":5155681,"created_at":"2019-01-08T06:53:05Z","updated_at":"2022-03-01T10:12:09Z","is_done":true,"views_count":79391,"cotd":null,"cotd_at":null,"visible_on_explore_root":false,"visible_on_explore":false,"featured":false,"published":true,"published_at":"2019-01-08T06:53:05Z","reversed":false,"from_editor_v2":true,"is_editable":true,"original_sound":false,"has_sound":false,"recoub_to":null,"file_versions":{"html5":{"video":{"higher":{"url":"https://coub-anubis-a.akamaized.net/coub_storage/coub/simple/cw_file/0af56819073/705cb065d38803de14633/muted_mp4_huge_size_1573154187_muted_huge.mp4","size":2661309},"high":{"url":"https://coub-anubis-a.akamaized.net/coub_storage/coub/simple/cw_file/0af56819073/705cb065d38803de14633/muted_mp4_big_size_1573154187_muted_big.mp4","size":1768428},"med":{"url":"https://coub-anubis-a.akamaized.net/coub_storage/coub/simple/cw_file/0af56819073/705cb065d38803de14633/muted_mp4_med_size_1573154187_muted_med.mp4","size":655120}},"audio":{"high":{"url":"https://coub-anubis-a.akamaized.net/coub_storage/coub/simple/cw_looped_audio_high/0d163baada9/91285dbc6ad9147af63d1/1605665702_high_1546930421_high.mp3","size":4235437},"med":{"url":"https://coub-anubis-a.akamaized.net/coub_storage/coub/simple/cw_looped_audio_med/15ed8e2eaa8/5b9ea26179c5c1481d2f7/1605665702_med_1546930421_med.mp3","size":3363204}}},"mobile":{"video":"https://coub-anubis-a.akamaized.net/coub_storage/coub/simple/cw_file/0af56819073/705cb065d38803de14633/muted_mp4_med_size_1573154187_muted_med.mp4","audio":["https://coub-anubis-a.akamaized.net/coub_storage/coub/simple/cw_looped_audio_med/15ed8e2eaa8/5b9ea26179c5c1481d2f7/1605665702_med_1546930421_med.mp3"]},"share":{"default":"https://coub-anubis-a.akamaized.net/coub_storage/coub/simple/cw_video_for_sharing/1b1f91bcbe1/a627c0fef18220f53beef/1609416795_looped_1609416794.mp4"}},"audio_versions":{"template":"https://coub-anubis-a.akamaized.net/coub_storage/audio_track/cw_normalized_copy/915f28c26e4/15efbd869fdb614ceaa37/mid_1546930406_normalized_1546929999_audio.mp3","versions":["mid","low"]},"image_versions":{"template":"https://coub-anubis-a.akamaized.net/coub_storage/coub/simple/cw_image/3b454a88df7/12fcfa0c95951ad91c007/1546930437_00032.jpg","versions":["micro","tiny","age_restricted","ios_large","ios_mosaic","big","med","small","pinterest"]},"first_frame_versions":{"template":"https://coub-anubis-a.akamaized.net/coub_storage/coub/simple/cw_timeline_pic/6c4671b96c0/3e6bad3b0a7d3763b4f53/%{version}_1546930436_image.jpg","versions":["big","med","small","ios_large"]},"dimensions":{"big":[1280,720],"med":[640,360]},"site_w_h":[640,360],"page_w_h":[640,360],"site_w_h_small":[310,174],"size":[1280,720],"age_restricted":false,"age_restricted_by_admin":false,"not_safe_for_work":false,"allow_reuse":false,"dont_crop":false,"banned":false,"global_safe":false,"audio_file_url":"https://coub-anubis-a.akamaized.net/coub_storage/audio_track/cw_normalized_copy/915f28c26e4/15efbd869fdb614ceaa37/low_1546930406_normalized_1546929999_audio.mp3","external_download":{"type":"Youtube","service_name":"YouTube","url":"https://www.youtube.com/watch?v=-9iz_GrPmNM","has_embed":true},"application":null,"channel":{"id":5155681,"permalink":"ruslan-jabb","title":"Ruslan Jabb","description":null,"followers_count":16,"following_count":11,"avatar_versions":{"template":"https://coub-anubis-a.akamaized.net/coub_storage/channel/cw_avatar/9e9d5c944eb/ea9ff7a5e4377666eb1bf/%{version}_1609511940_mz3are_1546929350_qdtbkl_723768258006503.jpg","versions":["medium","medium_2x","profile_pic","profile_pic_new","profile_pic_new_2x","tiny","tiny_2x","small","small_2x","ios_large","ios_small"]}},"file":null,"picture":"https://coub-anubis-a.akamaized.net/coub_storage/coub/simple/cw_image/3b454a88df7/12fcfa0c95951ad91c007/1546930437_00032.jpg","timeline_picture":"https://coub-anubis-a.akamaized.net/coub_storage/coub/simple/cw_timeline_pic/6c4671b96c0/3e6bad3b0a7d3763b4f53/ios_large_1546930436_image.jpg","small_picture":"https://coub-anubis-a.akamaized.net/coub_storage/coub/simple/cw_image/3b454a88df7/12fcfa0c95951ad91c007/1546930437_00032.jpg","sharing_picture":null,"percent_done":100,"tags":[{"id":195,"title":"russia","value":"russia"},{"id":668,"title":"russian","value":"russian"}],"categories":[{"id":35,"title":"News & Politics","permalink":"news","subscriptions_count":10054614,"big_image_url":"https://coub-anubis-a.akamaized.net/coub_storage/category/cw_image/6589193546b/5ea69fd70b7b36dec144f/big_1544622133_news.png","small_image_url":"https://coub-anubis-a.akamaized.net/coub_storage/category/cw_image/6589193546b/5ea69fd70b7b36dec144f/small_1544622133_news.png","med_image_url":"https://coub-anubis-a.akamaized.net/coub_storage/category/cw_image/6589193546b/5ea69fd70b7b36dec144f/med_1544622133_news.png","visible":true}],"communities":[{"id":35,"title":"News & Politics","permalink":"news","subscriptions_count":10054614,"big_image_url":"https://coub-anubis-a.akamaized.net/coub_storage/category/cw_image/6589193546b/5ea69fd70b7b36dec144f/big_1544622133_news.png","small_image_url":"https://coub-anubis-a.akamaized.net/coub_storage/category/cw_image/6589193546b/5ea69fd70b7b36dec144f/small_1544622133_news.png","med_image_url":"https://coub-anubis-a.akamaized.net/coub_storage/category/cw_image/6589193546b/5ea69fd70b7b36dec144f/med_1544622133_news.png","i_subscribed":true,"community_notifications_enabled":null,"description":null}],"recoubs_count":273,"remixes_count":1,"likes_count":1406,"dislikes_count":0,"raw_video_id":13000317,"uploaded_by_ios_app":false,"uploaded_by_android_app":false,"media_blocks":{"uploaded_raw_videos":[],"external_raw_videos":[{"id":29915283,"title":"Как жители Иркутска переправляются через реку","url":"https://www.youtube.com/watch?v=-9iz_GrPmNM","image":"https://coub-anubis-a.akamaized.net/coub_storage/media_block/cw_image/3d9f9421d27/6de8498a9fb5867feac0a/1546929403_5y82dq_1546929386_kcq8sn_att-url-download.jpg","image_retina":"https://coub-anubis-a.akamaized.net/coub_storage/media_block/cw_image/3d9f9421d27/6de8498a9fb5867feac0a/1546929403_5y82dq_1546929386_kcq8sn_att-url-download.jpg","meta":{"service":"Youtube","duration":"154.04"},"duration":154.04,"raw_video_id":13000317,"has_embed":true}],"remixed_from_coubs":[],"external_video":{"id":29915283,"title":"Как жители Иркутска переправляются через реку","url":"https://www.youtube.com/watch?v=-9iz_GrPmNM","image":"https://coub-anubis-a.akamaized.net/coub_storage/media_block/cw_image/3d9f9421d27/6de8498a9fb5867feac0a/1546929403_5y82dq_1546929386_kcq8sn_att-url-download.jpg","image_retina":"https://coub-anubis-a.akamaized.net/coub_storage/media_block/cw_image/3d9f9421d27/6de8498a9fb5867feac0a/1546929403_5y82dq_1546929386_kcq8sn_att-url-download.jpg","meta":{"service":"Youtube","duration":"154.04"},"duration":154.04,"raw_video_id":13000317,"has_embed":true}},"raw_video_thumbnail_url":"/missing/missing.png","raw_video_title":"Как жители Иркутска переправляются через реку","video_block_banned":false,"duration":10.0,"promo_winner":false,"promo_winner_recoubers":null,"editorial_info":{},"promo_hint":null,"beeline_best_2014":null,"from_web_editor":true,"normalize_sound":true,"normalize_change_allowed":true,"best2015_addable":false,"ahmad_promo":null,"promo_data":null,"audio_copyright_claim":null,"ads_disabled":false,"is_safe_for_ads":true,"megafon_contents":[],"position_on_page":4},{"flag":null,"abuses":null,"recoubs_by_users_channels":null,"favourite":false,"promoted_id":null,"recoub":null,"like":null,"dislike":null,"reaction":null,"in_my_best2015":false,"id":68981294,"type":"Coub::Simple","permalink":"14mssh","title":"spangbob","visibility_type":"public","original_visibility_type":"public","channel_id":3847961,"created_at":"2018-03-10T12:25:38Z","updated_at":"2022-03-09T00:52:12Z","is_done":true,"views_count":70324,"cotd":null,"cotd_at":null,"visible_on_explore_root":false,"visible_on_explore":false,"featured":false,"published":true,"published_at":"2018-03-10T12:25:38Z","reversed":false,"from_editor_v2":true,"is_editable":true,"original_sound":true,"has_sound":true,"recoub_to":null,"file_versions":{"html5":{"video":{"higher":{"url":"https://coub-anubis-a.akamaized.net/coub_storage/coub/simple/cw_file/61f16aea3bc/912cc95abfa65698a5f4a/muted_mp4_huge_size_1568205615_muted_huge.mp4","size":4116365},"high":{"url":"https://coub-anubis-a.akamaized.net/coub_storage/coub/simple/cw_file/61f16aea3bc/912cc95abfa65698a5f4a/muted_mp4_big_size_1568205615_muted_big.mp4","size":2829238},"med":{"url":"https://coub-anubis-a.akamaized.net/coub_storage/coub/simple/cw_file/61f16aea3bc/912cc95abfa65698a5f4a/muted_mp4_med_size_1568205615_muted_med.mp4","size":709896}},"audio":{"high":{"url":"https://coub-anubis-a.akamaized.net/coub_storage/coub/simple/cw_looped_audio_high/839595a7067/598fdc45543e07419503f/1605638109_high_1520684751_high.mp3","size":991148},"med":{"url":"https://coub-anubis-a.akamaized.net/coub_storage/coub/simple/cw_looped_audio_med/f91a3e21aab/c0145eb14809f144404ba/1605638108_med_1520684751_med.mp3","size":934914},"sample_duration":9.752}},"mobile":{"video":"https://coub-anubis-a.akamaized.net/coub_storage/coub/simple/cw_file/61f16aea3bc/912cc95abfa65698a5f4a/muted_mp4_med_size_1568205615_muted_med.mp4","audio":["https://coub-anubis-a.akamaized.net/coub_storage/coub/simple/cw_looped_audio_med/f91a3e21aab/c0145eb14809f144404ba/1605638108_med_1520684751_med.mp3"]},"share":{"default":"https://coub-anubis-a.akamaized.net/coub_storage/coub/simple/cw_video_for_sharing/d8066ab7c1f/d43d78e2ac361131112f0/1615796843_looped_1615796842.mp4"}},"audio_versions":{},"image_versions":{"template":"https://coub-anubis-a.akamaized.net/coub_storage/coub/simple/cw_image/8699ef18af5/f5924df8a9a25bf0e790e/1520684758_00031.jpg","versions":["micro","tiny","age_restricted","ios_large","ios_mosaic","big","med","small","pinterest"]},"first_frame_versions":{"template":"https://coub-anubis-a.akamaized.net/coub_storage/coub/simple/cw_timeline_pic/f9aa6e7c52d/8e184f7253f092efb5c7f/%{version}_1520684757_image.jpg","versions":["big","med","small","ios_large"]},"dimensions":{"big":[1280,720],"med":[640,360]},"site_w_h":[640,360],"page_w_h":[640,360],"site_w_h_small":[310,174],"size":[1280,720],"age_restricted":false,"age_restricted_by_admin":false,"not_safe_for_work":false,"allow_reuse":false,"dont_crop":true,"banned":false,"global_safe":false,"audio_file_url":null,"external_download":false,"application":null,"channel":{"id":3847961,"permalink":"davit-nukraze","title":"Davit Nukraze","description":null,"followers_count":29,"following_count":97,"avatar_versions":{"template":"https://coub-anubis-a.akamaized.net/coub_storage/channel/cw_avatar/68d31a4863e/3be8a9e197ecd50cdf49d/%{version}_1607903510_vxaoon_1518596516_0-02-04-00ceb3ae4c372d52892eb2c79594066a9291f5f27bd43a835fbbba8cf495231c_full.jpg","versions":["medium","medium_2x","profile_pic","profile_pic_new","profile_pic_new_2x","tiny","tiny_2x","small","small_2x","ios_large","ios_small"]}},"file":null,"picture":"https://coub-anubis-a.akamaized.net/coub_storage/coub/simple/cw_image/8699ef18af5/f5924df8a9a25bf0e790e/1520684758_00031.jpg","timeline_picture":"https://coub-anubis-a.akamaized.net/coub_storage/coub/simple/cw_timeline_pic/f9aa6e7c52d/8e184f7253f092efb5c7f/ios_large_1520684757_image.jpg","small_picture":"https://coub-anubis-a.akamaized.net/coub_storage/coub/simple/cw_image/8699ef18af5/f5924df8a9a25bf0e790e/1520684758_00031.jpg","sharing_picture":null,"percent_done":100,"tags":[],"categories":[{"id":35,"title":"News & Politics","permalink":"news","subscriptions_count":10054614,"big_image_url":"https://coub-anubis-a.akamaized.net/coub_storage/category/cw_image/6589193546b/5ea69fd70b7b36dec144f/big_1544622133_news.png","small_image_url":"https://coub-anubis-a.akamaized.net/coub_storage/category/cw_image/6589193546b/5ea69fd70b7b36dec144f/small_1544622133_news.png","med_image_url":"https://coub-anubis-a.akamaized.net/coub_storage/category/cw_image/6589193546b/5ea69fd70b7b36dec144f/med_1544622133_news.png","visible":true}],"communities":[{"id":35,"title":"News & Politics","permalink":"news","subscriptions_count":10054614,"big_image_url":"https://coub-anubis-a.akamaized.net/coub_storage/category/cw_image/6589193546b/5ea69fd70b7b36dec144f/big_1544622133_news.png","small_image_url":"https://coub-anubis-a.akamaized.net/coub_storage/category/cw_image/6589193546b/5ea69fd70b7b36dec144f/small_1544622133_news.png","med_image_url":"https://coub-anubis-a.akamaized.net/coub_storage/category/cw_image/6589193546b/5ea69fd70b7b36dec144f/med_1544622133_news.png","i_subscribed":true,"community_notifications_enabled":null,"description":null}],"recoubs_count":270,"remixes_count":5,"likes_count":1406,"dislikes_count":0,"raw_video_id":"","uploaded_by_ios_app":false,"uploaded_by_android_app":false,"media_blocks":{"uploaded_raw_videos":[],"external_raw_videos":[],"remixed_from_coubs":[{"id":25242318,"title":"Суровый Челябинский Дисней. специально для Deathcoreanstvo","url":"http://coub.com/coubs/35ss8/remix","image":"https://coub-anubis-a.akamaized.net/coub_storage/media_block/cw_image/88bb1897953/a63845e201da1eefbfc5a/1520684775_1428622729_00032.jpg","image_retina":"https://coub-anubis-a.akamaized.net/coub_storage/media_block/cw_image/88bb1897953/a63845e201da1eefbfc5a/1520684775_1428622729_00032.jpg","meta":{"duration":"10.0"},"duration":null,"coub_channel_title":"Вячеслав Никулаичев","coub_channel_permalink":"deathcore","coub_views_count":1617,"coub_permalink":"35ss8"}]},"raw_video_thumbnail_url":"","raw_video_title":"","video_block_banned":false,"duration":9.76,"promo_winner":false,"promo_winner_recoubers":null,"editorial_info":{},"promo_hint":null,"beeline_best_2014":null,"from_web_editor":true,"normalize_sound":true,"normalize_change_allowed":true,"best2015_addable":false,"ahmad_promo":null,"promo_data":null,"audio_copyright_claim":null,"ads_disabled":false,"is_safe_for_ads":true,"megafon_contents":[],"position_on_page":5},{"flag":null,"abuses":null,"recoubs_by_users_channels":null,"favourite":false,"promoted_id":null,"recoub":null,"like":null,"dislike":null,"reaction":null,"in_my_best2015":false,"id":123732339,"type":"Coub::Simple","permalink":"219tbi","title":"Tarlós Brendon","visibility_type":"public","original_visibility_type":"public","channel_id":5269569,"created_at":"2019-09-15T19:11:38Z","updated_at":"2022-03-09T18:31:29Z","is_done":true,"views_count":118264,"cotd":null,"cotd_at":null,"visible_on_explore_root":true,"visible_on_explore":true,"featured":true,"published":true,"published_at":"2019-09-15T19:11:38Z","reversed":false,"from_editor_v2":true,"is_editable":true,"original_sound":true,"has_sound":true,"recoub_to":null,"file_versions":{"html5":{"video":{"higher":{"url":"https://coub-anubis-a.akamaized.net/coub_storage/coub/simple/cw_file/903a07cd49b/d42cca2f71a9d245aa362/muted_mp4_huge_size_1568574705_muted_huge.mp4","size":3326998},"high":{"url":"https://coub-anubis-a.akamaized.net/coub_storage/coub/simple/cw_file/903a07cd49b/d42cca2f71a9d245aa362/muted_mp4_big_size_1568574705_muted_big.mp4","size":2456161},"med":{"url":"https://coub-anubis-a.akamaized.net/coub_storage/coub/simple/cw_file/903a07cd49b/d42cca2f71a9d245aa362/muted_mp4_med_size_1568574705_muted_med.mp4","size":811126}},"audio":{"high":{"url":"https://coub-anubis-a.akamaized.net/coub_storage/coub/simple/cw_looped_audio_high/96d5cdc238d/82596bbc5dfd3a0ee352f/1605690080_high_1568574705_high.mp3","size":933127},"med":{"url":"https://coub-anubis-a.akamaized.net/coub_storage/coub/simple/cw_looped_audio_med/9e00eeef8b2/239701c862ff33ddf195a/1605690080_med_1568574705_med.mp3","size":881225},"sample_duration":5.015}},"mobile":{"video":"https://coub-anubis-a.akamaized.net/coub_storage/coub/simple/cw_file/903a07cd49b/d42cca2f71a9d245aa362/muted_mp4_med_size_1568574705_muted_med.mp4","audio":["https://coub-anubis-a.akamaized.net/coub_storage/coub/simple/cw_looped_audio_med/9e00eeef8b2/239701c862ff33ddf195a/1605690080_med_1568574705_med.mp3"]},"share":{"default":"https://coub-anubis-a.akamaized.net/coub_storage/coub/simple/cw_video_for_sharing/520ae06690d/68fc26ed01cc2ea7106c9/1609761913_looped_1609761912.mp4"}},"audio_versions":{},"image_versions":{"template":"https://coub-anubis-a.akamaized.net/coub_storage/coub/simple/cw_image/550fb738361/392247dd4dbc4691f7cc6/1568574742_00016.jpg","versions":["micro","tiny","age_restricted","ios_large","ios_mosaic","big","med","small","pinterest"]},"first_frame_versions":{"template":"https://coub-anubis-a.akamaized.net/coub_storage/coub/simple/cw_timeline_pic/1acfded6b05/946424052c8ceb0be1df8/1568574741_image.jpg","versions":["big","med","small","ios_large"]},"dimensions":{"big":[1280,720],"med":[640,360]},"site_w_h":[640,360],"page_w_h":[640,360],"site_w_h_small":[310,174],"size":[1280,720],"age_restricted":false,"age_restricted_by_admin":false,"not_safe_for_work":false,"allow_reuse":false,"dont_crop":false,"banned":false,"global_safe":true,"audio_file_url":null,"external_download":false,"application":null,"channel":{"id":5269569,"permalink":"narancsos-csokika","title":"narancsos csokika","description":null,"followers_count":101,"following_count":21,"avatar_versions":{"template":"https://coub-anubis-a.akamaized.net/coub_storage/channel/cw_avatar/7e4b3ce669a/b03d2a48ef55d59f57220/%{version}_1607868234_qlcn5o_1556570391_58444704_291200911802815_6995073747342327808_n.jpg","versions":["medium","medium_2x","profile_pic","profile_pic_new","profile_pic_new_2x","tiny","tiny_2x","small","small_2x","ios_large","ios_small"]}},"file":null,"picture":"https://coub-anubis-a.akamaized.net/coub_storage/coub/simple/cw_image/550fb738361/392247dd4dbc4691f7cc6/1568574742_00016.jpg","timeline_picture":"https://coub-anubis-a.akamaized.net/coub_storage/coub/simple/cw_timeline_pic/1acfded6b05/946424052c8ceb0be1df8/1568574741_image.jpg","small_picture":"https://coub-anubis-a.akamaized.net/coub_storage/coub/simple/cw_image/550fb738361/392247dd4dbc4691f7cc6/1568574742_00016.jpg","sharing_picture":null,"percent_done":100,"tags":[{"id":261176,"title":"tarlós istván","value":"tarl%C3%B3s%20istv%C3%A1n"},{"id":3799,"title":"fidesz","value":"fidesz"},{"id":208315,"title":"fidesz maffia","value":"fidesz%20maffia"},{"id":3667146,"title":"o1g","value":"o1g"},{"id":683308,"title":"orbán egy geci","value":"orb%C3%A1n%20egy%20geci"},{"id":94374,"title":"orbán","value":"orb%C3%A1n"},{"id":2982308,"title":"lakatos brendon","value":"lakatos%20brendon"},{"id":3705959,"title":"pimposkefir","value":"pimposkefir"},{"id":5125703,"title":"pimposkefir brendon aaa","value":"pimposkefir%20brendon%20aaa"}],"categories":[{"id":35,"title":"News & Politics","permalink":"news","subscriptions_count":10054614,"big_image_url":"https://coub-anubis-a.akamaized.net/coub_storage/category/cw_image/6589193546b/5ea69fd70b7b36dec144f/big_1544622133_news.png","small_image_url":"https://coub-anubis-a.akamaized.net/coub_storage/category/cw_image/6589193546b/5ea69fd70b7b36dec144f/small_1544622133_news.png","med_image_url":"https://coub-anubis-a.akamaized.net/coub_storage/category/cw_image/6589193546b/5ea69fd70b7b36dec144f/med_1544622133_news.png","visible":true}],"communities":[{"id":35,"title":"News & Politics","permalink":"news","subscriptions_count":10054614,"big_image_url":"https://coub-anubis-a.akamaized.net/coub_storage/category/cw_image/6589193546b/5ea69fd70b7b36dec144f/big_1544622133_news.png","small_image_url":"https://coub-anubis-a.akamaized.net/coub_storage/category/cw_image/6589193546b/5ea69fd70b7b36dec144f/small_1544622133_news.png","med_image_url":"https://coub-anubis-a.akamaized.net/coub_storage/category/cw_image/6589193546b/5ea69fd70b7b36dec144f/med_1544622133_news.png","i_subscribed":true,"community_notifications_enabled":null,"description":null}],"recoubs_count":173,"remixes_count":1,"likes_count":1405,"dislikes_count":0,"raw_video_id":14227381,"uploaded_by_ios_app":false,"uploaded_by_android_app":false,"media_blocks":{"uploaded_raw_videos":[],"external_raw_videos":[],"remixed_from_coubs":[]},"raw_video_thumbnail_url":"/missing/missing.png","raw_video_title":"Tarl_s_Brendon.mp4","video_block_banned":false,"duration":5.08,"promo_winner":false,"promo_winner_recoubers":null,"editorial_info":{},"promo_hint":null,"beeline_best_2014":null,"from_web_editor":true,"normalize_sound":true,"normalize_change_allowed":true,"best2015_addable":false,"ahmad_promo":null,"promo_data":null,"audio_copyright_claim":null,"ads_disabled":false,"is_safe_for_ads":true,"megafon_contents":[],"position_on_page":6},{"flag":null,"abuses":null,"recoubs_by_users_channels":null,"favourite":false,"promoted_id":null,"recoub":null,"like":null,"dislike":null,"reaction":null,"in_my_best2015":false,"id":120968618,"type":"Coub::Simple","permalink":"1zm5d4","title":"Репка","visibility_type":"public","original_visibility_type":"public","channel_id":3575986,"created_at":"2019-08-15T18:46:21Z","updated_at":"2022-03-09T09:03:03Z","is_done":true,"views_count":124090,"cotd":null,"cotd_at":null,"visible_on_explore_root":false,"visible_on_explore":false,"featured":false,"published":true,"published_at":"2019-08-15T18:46:21Z","reversed":false,"from_editor_v2":true,"is_editable":true,"original_sound":true,"has_sound":true,"recoub_to":null,"file_versions":{"html5":{"video":{"higher":{"url":"https://coub-anubis-a.akamaized.net/coub_storage/coub/simple/cw_file/574aeb53d94/69ad685a8d537e9d3a742/muted_mp4_huge_size_1568941646_muted_huge.mp4","size":2873536},"high":{"url":"https://coub-anubis-a.akamaized.net/coub_storage/coub/simple/cw_file/574aeb53d94/69ad685a8d537e9d3a742/muted_mp4_big_size_1568941646_muted_big.mp4","size":2106853},"med":{"url":"https://coub-anubis-a.akamaized.net/coub_storage/coub/simple/cw_file/574aeb53d94/69ad685a8d537e9d3a742/muted_mp4_med_size_1568941646_muted_med.mp4","size":668511}},"audio":{"high":{"url":"https://coub-anubis-a.akamaized.net/coub_storage/coub/simple/cw_looped_audio_high/9e5ba89fb36/7db8d0f7e947228189ab3/1605686118_high_1565894806_high.mp3","size":974473},"med":{"url":"https://coub-anubis-a.akamaized.net/coub_storage/coub/simple/cw_looped_audio_med/852d6598c73/880d852657befd5dfc5eb/1605686118_med_1565894806_med.mp3","size":799076},"sample_duration":10.009}},"mobile":{"video":"https://coub-anubis-a.akamaized.net/coub_storage/coub/simple/cw_file/574aeb53d94/69ad685a8d537e9d3a742/muted_mp4_med_size_1568941646_muted_med.mp4","audio":["https://coub-anubis-a.akamaized.net/coub_storage/coub/simple/cw_looped_audio_med/852d6598c73/880d852657befd5dfc5eb/1605686118_med_1565894806_med.mp3"]},"share":{"default":"https://coub-anubis-a.akamaized.net/coub_storage/coub/simple/cw_video_for_sharing/bc90838b57c/0db653599eab3a870ddeb/1610468792_looped_1610468791.mp4"}},"audio_versions":{},"image_versions":{"template":"https://coub-anubis-a.akamaized.net/coub_storage/coub/simple/cw_image/8e1e5071062/44cee7629e34d056b36db/1565894813_00032.jpg","versions":["micro","tiny","age_restricted","ios_large","ios_mosaic","big","med","small","pinterest"]},"first_frame_versions":{"template":"https://coub-anubis-a.akamaized.net/coub_storage/coub/simple/cw_timeline_pic/810911a8ff2/ba80560750f45201da1a0/1565894812_image.jpg","versions":["big","med","small","ios_large"]},"dimensions":{"big":[1280,720],"med":[640,360]},"site_w_h":[640,360],"page_w_h":[640,360],"site_w_h_small":[310,174],"size":[1280,720],"age_restricted":false,"age_restricted_by_admin":false,"not_safe_for_work":false,"allow_reuse":false,"dont_crop":false,"banned":false,"global_safe":false,"audio_file_url":null,"external_download":false,"application":null,"channel":{"id":3575986,"permalink":"roman...011","title":"Roman_011","description":null,"followers_count":545,"following_count":80,"avatar_versions":{"template":"https://coub-anubis-a.akamaized.net/coub_storage/channel/cw_avatar/d9ec68af936/c5dc829aac9bb78728c5c/%{version}_1607639891_1cyqzbz_1506957697_h-15.jpg","versions":["medium","medium_2x","profile_pic","profile_pic_new","profile_pic_new_2x","tiny","tiny_2x","small","small_2x","ios_large","ios_small"]}},"file":null,"picture":"https://coub-anubis-a.akamaized.net/coub_storage/coub/simple/cw_image/8e1e5071062/44cee7629e34d056b36db/1565894813_00032.jpg","timeline_picture":"https://coub-anubis-a.akamaized.net/coub_storage/coub/simple/cw_timeline_pic/810911a8ff2/ba80560750f45201da1a0/1565894812_image.jpg","small_picture":"https://coub-anubis-a.akamaized.net/coub_storage/coub/simple/cw_image/8e1e5071062/44cee7629e34d056b36db/1565894813_00032.jpg","sharing_picture":null,"percent_done":100,"tags":[{"id":24561,"title":"сказка","value":"%D1%81%D0%BA%D0%B0%D0%B7%D0%BA%D0%B0"},{"id":45318,"title":"репка","value":"%D1%80%D0%B5%D0%BF%D0%BA%D0%B0"}],"categories":[{"id":35,"title":"News & Politics","permalink":"news","subscriptions_count":10054614,"big_image_url":"https://coub-anubis-a.akamaized.net/coub_storage/category/cw_image/6589193546b/5ea69fd70b7b36dec144f/big_1544622133_news.png","small_image_url":"https://coub-anubis-a.akamaized.net/coub_storage/category/cw_image/6589193546b/5ea69fd70b7b36dec144f/small_1544622133_news.png","med_image_url":"https://coub-anubis-a.akamaized.net/coub_storage/category/cw_image/6589193546b/5ea69fd70b7b36dec144f/med_1544622133_news.png","visible":true}],"communities":[{"id":35,"title":"News & Politics","permalink":"news","subscriptions_count":10054614,"big_image_url":"https://coub-anubis-a.akamaized.net/coub_storage/category/cw_image/6589193546b/5ea69fd70b7b36dec144f/big_1544622133_news.png","small_image_url":"https://coub-anubis-a.akamaized.net/coub_storage/category/cw_image/6589193546b/5ea69fd70b7b36dec144f/small_1544622133_news.png","med_image_url":"https://coub-anubis-a.akamaized.net/coub_storage/category/cw_image/6589193546b/5ea69fd70b7b36dec144f/med_1544622133_news.png","i_subscribed":true,"community_notifications_enabled":null,"description":null}],"recoubs_count":241,"remixes_count":0,"likes_count":1405,"dislikes_count":0,"raw_video_id":14106177,"uploaded_by_ios_app":false,"uploaded_by_android_app":false,"media_blocks":{"uploaded_raw_videos":[],"external_raw_videos":[],"remixed_from_coubs":[]},"raw_video_thumbnail_url":"/missing/missing.png","raw_video_title":"Video.mp4","video_block_banned":false,"duration":10.0,"promo_winner":false,"promo_winner_recoubers":null,"editorial_info":{},"promo_hint":null,"beeline_best_2014":null,"from_web_editor":true,"normalize_sound":true,"normalize_change_allowed":true,"best2015_addable":false,"ahmad_promo":null,"promo_data":null,"audio_copyright_claim":null,"ads_disabled":false,"is_safe_for_ads":true,"megafon_contents":[],"position_on_page":7},{"flag":null,"abuses":null,"recoubs_by_users_channels":null,"favourite":false,"promoted_id":null,"recoub":null,"like":null,"dislike":null,"reaction":null,"in_my_best2015":false,"id":104508090,"type":"Coub::Simple","permalink":"1ptc8n","title":"Зефир!","visibility_type":"public","original_visibility_type":"public","channel_id":3717596,"created_at":"2019-03-07T12:06:11Z","updated_at":"2022-03-06T00:51:30Z","is_done":true,"views_count":85792,"cotd":null,"cotd_at":null,"visible_on_explore_root":false,"visible_on_explore":false,"featured":false,"published":true,"published_at":"2019-03-07T12:06:11Z","reversed":false,"from_editor_v2":true,"is_editable":true,"original_sound":true,"has_sound":true,"recoub_to":null,"file_versions":{"html5":{"video":{"higher":{"url":"https://coub-anubis-a.akamaized.net/coub_storage/coub/simple/cw_file/cfe82d9f3cf/373146f557a47902e9540/muted_mp4_huge_size_1570625552_muted_huge.mp4","size":1632314},"high":{"url":"https://coub-anubis-a.akamaized.net/coub_storage/coub/simple/cw_file/cfe82d9f3cf/373146f557a47902e9540/muted_mp4_big_size_1570625552_muted_big.mp4","size":1130749},"med":{"url":"https://coub-anubis-a.akamaized.net/coub_storage/coub/simple/cw_file/cfe82d9f3cf/373146f557a47902e9540/muted_mp4_med_size_1570625552_muted_med.mp4","size":353277}},"audio":{"high":{"url":"https://coub-anubis-a.akamaized.net/coub_storage/coub/simple/cw_looped_audio_high/77deed69024/40e009fc9a99f2a97e83d/1605676628_high_1551960422_high.mp3","size":1014663},"med":{"url":"https://coub-anubis-a.akamaized.net/coub_storage/coub/simple/cw_looped_audio_med/3151971167d/3f430aee5154e40282d1c/1605676628_med_1551960422_med.mp3","size":896916},"sample_duration":9.45}},"mobile":{"video":"https://coub-anubis-a.akamaized.net/coub_storage/coub/simple/cw_file/cfe82d9f3cf/373146f557a47902e9540/muted_mp4_med_size_1570625552_muted_med.mp4","audio":["https://coub-anubis-a.akamaized.net/coub_storage/coub/simple/cw_looped_audio_med/3151971167d/3f430aee5154e40282d1c/1605676628_med_1551960422_med.mp3"]},"share":{"default":"https://coub-anubis-a.akamaized.net/coub_storage/coub/simple/cw_video_for_sharing/241e50db0ac/9754d4c3733e5689cdbee/1611050944_looped_1611050943.mp4"}},"audio_versions":{},"image_versions":{"template":"https://coub-anubis-a.akamaized.net/coub_storage/coub/simple/cw_image/52b0b5b7800/07f1f034eb59547b80216/1551960428_00030.jpg","versions":["micro","tiny","age_restricted","ios_large","ios_mosaic","big","med","small","pinterest"]},"first_frame_versions":{"template":"https://coub-anubis-a.akamaized.net/coub_storage/coub/simple/cw_timeline_pic/603dcedc818/7712fdc92379a85a192db/%{version}_1551960428_image.jpg","versions":["big","med","small","ios_large"]},"dimensions":{"big":[1280,800],"med":[640,400]},"site_w_h":[640,400],"page_w_h":[640,400],"site_w_h_small":[310,194],"size":[1280,800],"age_restricted":false,"age_restricted_by_admin":false,"not_safe_for_work":false,"allow_reuse":false,"dont_crop":false,"banned":false,"global_safe":false,"audio_file_url":null,"external_download":{"type":"Youtube","service_name":"YouTube","url":"https://www.youtube.com/watch?v=by__IqhMENI","has_embed":true},"application":null,"channel":{"id":3717596,"permalink":"ristav00","title":"Ristav","description":null,"followers_count":206,"following_count":31,"avatar_versions":{"template":"https://coub-anubis-a.akamaized.net/coub_storage/channel/cw_avatar/db5f36a3de7/ba8d984ca5c01dd24508a/%{version}_1607427355_1e3l2ag_1546633907_____.png","versions":["medium","medium_2x","profile_pic","profile_pic_new","profile_pic_new_2x","tiny","tiny_2x","small","small_2x","ios_large","ios_small"]}},"file":null,"picture":"https://coub-anubis-a.akamaized.net/coub_storage/coub/simple/cw_image/52b0b5b7800/07f1f034eb59547b80216/1551960428_00030.jpg","timeline_picture":"https://coub-anubis-a.akamaized.net/coub_storage/coub/simple/cw_timeline_pic/603dcedc818/7712fdc92379a85a192db/ios_large_1551960428_image.jpg","small_picture":"https://coub-anubis-a.akamaized.net/coub_storage/coub/simple/cw_image/52b0b5b7800/07f1f034eb59547b80216/1551960428_00030.jpg","sharing_picture":null,"percent_done":100,"tags":[{"id":73,"title":"путин","value":"%D0%BF%D1%83%D1%82%D0%B8%D0%BD"},{"id":19802,"title":"владимир путин","value":"%D0%B2%D0%BB%D0%B0%D0%B4%D0%B8%D0%BC%D0%B8%D1%80%20%D0%BF%D1%83%D1%82%D0%B8%D0%BD"},{"id":4457249,"title":"путин 2019","value":"%D0%BF%D1%83%D1%82%D0%B8%D0%BD%202019"},{"id":4747892,"title":"посление путина","value":"%D0%BF%D0%BE%D1%81%D0%BB%D0%B5%D0%BD%D0%B8%D0%B5%20%D0%BF%D1%83%D1%82%D0%B8%D0%BD%D0%B0"},{"id":684310,"title":"путин пресс конференция","value":"%D0%BF%D1%83%D1%82%D0%B8%D0%BD%20%D0%BF%D1%80%D0%B5%D1%81%D1%81%20%D0%BA%D0%BE%D0%BD%D1%84%D0%B5%D1%80%D0%B5%D0%BD%D1%86%D0%B8%D1%8F"},{"id":965741,"title":"путин фильм","value":"%D0%BF%D1%83%D1%82%D0%B8%D0%BD%20%D1%84%D0%B8%D0%BB%D1%8C%D0%BC"},{"id":279604,"title":"путин новости","value":"%D0%BF%D1%83%D1%82%D0%B8%D0%BD%20%D0%BD%D0%BE%D0%B2%D0%BE%D1%81%D1%82%D0%B8"},{"id":521324,"title":"путин сегодня","value":"%D0%BF%D1%83%D1%82%D0%B8%D0%BD%20%D1%81%D0%B5%D0%B3%D0%BE%D0%B4%D0%BD%D1%8F"},{"id":24366,"title":"путин и медведев","value":"%D0%BF%D1%83%D1%82%D0%B8%D0%BD%20%D0%B8%20%D0%BC%D0%B5%D0%B4%D0%B2%D0%B5%D0%B4%D0%B5%D0%B2"},{"id":3166128,"title":"самозанятые","value":"%D1%81%D0%B0%D0%BC%D0%BE%D0%B7%D0%B0%D0%BD%D1%8F%D1%82%D1%8B%D0%B5"},{"id":4420119,"title":"налог на самозанятых","value":"%D0%BD%D0%B0%D0%BB%D0%BE%D0%B3%20%D0%BD%D0%B0%20%D1%81%D0%B0%D0%BC%D0%BE%D0%B7%D0%B0%D0%BD%D1%8F%D1%82%D1%8B%D1%85"},{"id":708632,"title":"прогрессивный налог","value":"%D0%BF%D1%80%D0%BE%D0%B3%D1%80%D0%B5%D1%81%D1%81%D0%B8%D0%B2%D0%BD%D1%8B%D0%B9%20%D0%BD%D0%B0%D0%BB%D0%BE%D0%B3"},{"id":438942,"title":"налоговая","value":"%D0%BD%D0%B0%D0%BB%D0%BE%D0%B3%D0%BE%D0%B2%D0%B0%D1%8F"},{"id":528552,"title":"фнс","value":"%D1%84%D0%BD%D1%81"},{"id":84394,"title":"налог на воздух","value":"%D0%BD%D0%B0%D0%BB%D0%BE%D0%B3%20%D0%BD%D0%B0%20%D0%B2%D0%BE%D0%B7%D0%B4%D1%83%D1%85"},{"id":42979,"title":"чипполино","value":"%D1%87%D0%B8%D0%BF%D0%BF%D0%BE%D0%BB%D0%B8%D0%BD%D0%BE"},{"id":250187,"title":"чиполино","value":"%D1%87%D0%B8%D0%BF%D0%BE%D0%BB%D0%B8%D0%BD%D0%BE"},{"id":1985552,"title":"налог на безработных","value":"%D0%BD%D0%B0%D0%BB%D0%BE%D0%B3%20%D0%BD%D0%B0%20%D0%B1%D0%B5%D0%B7%D1%80%D0%B0%D0%B1%D0%BE%D1%82%D0%BD%D1%8B%D1%85"},{"id":1545291,"title":"денег нет но вы держитесь","value":"%D0%B4%D0%B5%D0%BD%D0%B5%D0%B3%20%D0%BD%D0%B5%D1%82%20%D0%BD%D0%BE%20%D0%B2%D1%8B%20%D0%B4%D0%B5%D1%80%D0%B6%D0%B8%D1%82%D0%B5%D1%81%D1%8C"},{"id":1545015,"title":"медведев денег нет","value":"%D0%BC%D0%B5%D0%B4%D0%B2%D0%B5%D0%B4%D0%B5%D0%B2%20%D0%B4%D0%B5%D0%BD%D0%B5%D0%B3%20%D0%BD%D0%B5%D1%82"},{"id":112798,"title":"дмитрий медведев","value":"%D0%B4%D0%BC%D0%B8%D1%82%D1%80%D0%B8%D0%B9%20%D0%BC%D0%B5%D0%B4%D0%B2%D0%B5%D0%B4%D0%B5%D0%B2"},{"id":4747893,"title":"ежегодное послание путина","value":"%D0%B5%D0%B6%D0%B5%D0%B3%D0%BE%D0%B4%D0%BD%D0%BE%D0%B5%20%D0%BF%D0%BE%D1%81%D0%BB%D0%B0%D0%BD%D0%B8%D0%B5%20%D0%BF%D1%83%D1%82%D0%B8%D0%BD%D0%B0"},{"id":4714392,"title":"послание путина 2019","value":"%D0%BF%D0%BE%D1%81%D0%BB%D0%B0%D0%BD%D0%B8%D0%B5%20%D0%BF%D1%83%D1%82%D0%B8%D0%BD%D0%B0%202019"},{"id":496674,"title":"транспортный налог","value":"%D1%82%D1%80%D0%B0%D0%BD%D1%81%D0%BF%D0%BE%D1%80%D1%82%D0%BD%D1%8B%D0%B9%20%D0%BD%D0%B0%D0%BB%D0%BE%D0%B3"},{"id":3892088,"title":"прогрессивная шкала налогов","value":"%D0%BF%D1%80%D0%BE%D0%B3%D1%80%D0%B5%D1%81%D1%81%D0%B8%D0%B2%D0%BD%D0%B0%D1%8F%20%D1%88%D0%BA%D0%B0%D0%BB%D0%B0%20%D0%BD%D0%B0%D0%BB%D0%BE%D0%B3%D0%BE%D0%B2"},{"id":4747894,"title":"прогрессивная система налогов","value":"%D0%BF%D1%80%D0%BE%D0%B3%D1%80%D0%B5%D1%81%D1%81%D0%B8%D0%B2%D0%BD%D0%B0%D1%8F%20%D1%81%D0%B8%D1%81%D1%82%D0%B5%D0%BC%D0%B0%20%D0%BD%D0%B0%D0%BB%D0%BE%D0%B3%D0%BE%D0%B2"},{"id":94692,"title":"сергей брилев","value":"%D1%81%D0%B5%D1%80%D0%B3%D0%B5%D0%B9%20%D0%B1%D1%80%D0%B8%D0%BB%D0%B5%D0%B2"}],"categories":[{"id":35,"title":"News & Politics","permalink":"news","subscriptions_count":10054614,"big_image_url":"https://coub-anubis-a.akamaized.net/coub_storage/category/cw_image/6589193546b/5ea69fd70b7b36dec144f/big_1544622133_news.png","small_image_url":"https://coub-anubis-a.akamaized.net/coub_storage/category/cw_image/6589193546b/5ea69fd70b7b36dec144f/small_1544622133_news.png","med_image_url":"https://coub-anubis-a.akamaized.net/coub_storage/category/cw_image/6589193546b/5ea69fd70b7b36dec144f/med_1544622133_news.png","visible":true}],"communities":[{"id":35,"title":"News & Politics","permalink":"news","subscriptions_count":10054614,"big_image_url":"https://coub-anubis-a.akamaized.net/coub_storage/category/cw_image/6589193546b/5ea69fd70b7b36dec144f/big_1544622133_news.png","small_image_url":"https://coub-anubis-a.akamaized.net/coub_storage/category/cw_image/6589193546b/5ea69fd70b7b36dec144f/small_1544622133_news.png","med_image_url":"https://coub-anubis-a.akamaized.net/coub_storage/category/cw_image/6589193546b/5ea69fd70b7b36dec144f/med_1544622133_news.png","i_subscribed":true,"community_notifications_enabled":null,"description":null}],"recoubs_count":294,"remixes_count":3,"likes_count":1404,"dislikes_count":0,"raw_video_id":13333986,"uploaded_by_ios_app":false,"uploaded_by_android_app":false,"media_blocks":{"uploaded_raw_videos":[],"external_raw_videos":[{"id":30802851,"title":"Прогрессивный налог для друзей Путина","url":"https://www.youtube.com/watch?v=by__IqhMENI","image":"https://coub-anubis-a.akamaized.net/coub_storage/media_block/cw_image/04c8cd82872/082be79d42e6dfa19cfd5/1551958939_1kavz2f_1551958873_1nktml_att-url-download.jpg","image_retina":"https://coub-anubis-a.akamaized.net/coub_storage/media_block/cw_image/04c8cd82872/082be79d42e6dfa19cfd5/1551958939_1kavz2f_1551958873_1nktml_att-url-download.jpg","meta":{"service":"Youtube","duration":"464.56"},"duration":464.56,"raw_video_id":13333986,"has_embed":true}],"remixed_from_coubs":[{"id":29315528,"title":"Откровение Сергея Брилева","url":"https://coub.com/coubs/1iv5l3/remix","image":"https://coub-anubis-a.akamaized.net/coub_storage/media_block/cw_image/2b47b5539b6/b793f9ce32a363139ef50/1543509112_1522gqo_1543509101_00022.jpg","image_retina":"https://coub-anubis-a.akamaized.net/coub_storage/media_block/cw_image/2b47b5539b6/b793f9ce32a363139ef50/1543509112_1522gqo_1543509101_00022.jpg","meta":{"duration":"6.76"},"duration":null,"coub_channel_title":"Russia Calls","coub_channel_permalink":"russia-calls","coub_views_count":3543,"coub_permalink":"1iv5l3"}],"external_video":{"id":30802851,"title":"Прогрессивный налог для друзей Путина","url":"https://www.youtube.com/watch?v=by__IqhMENI","image":"https://coub-anubis-a.akamaized.net/coub_storage/media_block/cw_image/04c8cd82872/082be79d42e6dfa19cfd5/1551958939_1kavz2f_1551958873_1nktml_att-url-download.jpg","image_retina":"https://coub-anubis-a.akamaized.net/coub_storage/media_block/cw_image/04c8cd82872/082be79d42e6dfa19cfd5/1551958939_1kavz2f_1551958873_1nktml_att-url-download.jpg","meta":{"service":"Youtube","duration":"464.56"},"duration":464.56,"raw_video_id":13333986,"has_embed":true}},"raw_video_thumbnail_url":"/missing/missing.png","raw_video_title":"Прогрессивный налог для друзей Путина","video_block_banned":false,"duration":9.36,"promo_winner":false,"promo_winner_recoubers":null,"editorial_info":{},"promo_hint":null,"beeline_best_2014":null,"from_web_editor":true,"normalize_sound":true,"normalize_change_allowed":true,"best2015_addable":false,"ahmad_promo":null,"promo_data":null,"audio_copyright_claim":null,"ads_disabled":false,"is_safe_for_ads":true,"megafon_contents":[],"position_on_page":8},{"flag":null,"abuses":null,"recoubs_by_users_channels":null,"favourite":false,"promoted_id":null,"recoub":null,"like":null,"dislike":null,"reaction":null,"in_my_best2015":false,"id":147606133,"type":"Coub::Simple","permalink":"2fj8cb","title":"айдахо","visibility_type":"public","original_visibility_type":"public","channel_id":1394210,"created_at":"2020-06-18T02:58:11Z","updated_at":"2022-03-08T15:24:31Z","is_done":true,"views_count":121227,"cotd":null,"cotd_at":null,"visible_on_explore_root":false,"visible_on_explore":false,"featured":false,"published":true,"published_at":"2020-06-18T02:58:11Z","reversed":false,"from_editor_v2":true,"is_editable":true,"original_sound":false,"has_sound":false,"recoub_to":null,"file_versions":{"html5":{"video":{"higher":{"url":"https://coub-anubis-a.akamaized.net/coub_storage/coub/simple/cw_file/22ca3ea91c6/d588ca3ea7632535ce628/muted_mp4_huge_size_1592449144_muted_huge.mp4","size":1533766},"high":{"url":"https://coub-anubis-a.akamaized.net/coub_storage/coub/simple/cw_file/22ca3ea91c6/d588ca3ea7632535ce628/muted_mp4_big_size_1592449144_muted_big.mp4","size":1083054},"med":{"url":"https://coub-anubis-a.akamaized.net/coub_storage/coub/simple/cw_file/22ca3ea91c6/d588ca3ea7632535ce628/muted_mp4_med_size_1592449144_muted_med.mp4","size":247873}},"audio":{"high":{"url":"https://coub-anubis-a.akamaized.net/coub_storage/coub/simple/cw_looped_audio_high/ae3b82eda8f/e3c9b6e02abc5c326c56d/1605685569_high_1592449158_high.mp3","size":1760167},"med":{"url":"https://coub-anubis-a.akamaized.net/coub_storage/coub/simple/cw_looped_audio_med/030040e52fb/f4bdd7f8ef9ace9f447ad/1605685569_med_1592449158_med.mp3","size":1671085}}},"mobile":{"video":"https://coub-anubis-a.akamaized.net/coub_storage/coub/simple/cw_file/22ca3ea91c6/d588ca3ea7632535ce628/muted_mp4_med_size_1592449144_muted_med.mp4","audio":["https://coub-anubis-a.akamaized.net/coub_storage/coub/simple/cw_looped_audio_med/030040e52fb/f4bdd7f8ef9ace9f447ad/1605685569_med_1592449158_med.mp3"]},"share":{"default":"https://coub-anubis-a.akamaized.net/coub_storage/coub/simple/cw_video_for_sharing/dd4ed3d755d/270d64d9d0b4286f8ba02/1608888913_looped_1608888912.mp4"}},"audio_versions":{"template":"https://coub-anubis-a.akamaized.net/coub_storage/audio_track/cw_file/76bc40d6e0a/348103d4084c3b6690993/mid_1592449147_3evbcm_edited.mp3","versions":["mid","low"]},"image_versions":{"template":"https://coub-anubis-a.akamaized.net/coub_storage/coub/simple/cw_image/49114b10437/9a8114cfed0d4e52b27b3/1592449167_00032.jpg","versions":["micro","tiny","age_restricted","ios_large","ios_mosaic","big","med","small","pinterest"]},"first_frame_versions":{"template":"https://coub-anubis-a.akamaized.net/coub_storage/coub/simple/cw_timeline_pic/58f30c605e7/29ffa7d1229f0d8886975/1592449166_image.jpg","versions":["big","med","small","ios_large"]},"dimensions":{"big":[1280,720],"med":[640,360]},"site_w_h":[640,360],"page_w_h":[640,360],"site_w_h_small":[310,174],"size":[1280,720],"age_restricted":false,"age_restricted_by_admin":false,"not_safe_for_work":false,"allow_reuse":false,"dont_crop":false,"banned":false,"global_safe":false,"audio_file_url":"https://coub-anubis-a.akamaized.net/coub_storage/audio_track/cw_file/76bc40d6e0a/348103d4084c3b6690993/low_1592449147_3evbcm_edited.mp3","external_download":{"type":"Vk","service_name":"Vk","url":"https://vk.com/video473321945_456239627","has_embed":false},"application":null,"channel":{"id":1394210,"permalink":"ient0000","title":"Ient","description":null,"followers_count":71,"following_count":91,"avatar_versions":{"template":"https://coub-anubis-a.akamaized.net/coub_storage/channel/cw_avatar/3a92faa6de3/6d0e60c9a269c327a087f/%{version}_1608150834_dt7uwv_1474552025_imagename.jpeg","versions":["medium","medium_2x","profile_pic","profile_pic_new","profile_pic_new_2x","tiny","tiny_2x","small","small_2x","ios_large","ios_small"]}},"file":null,"picture":"https://coub-anubis-a.akamaized.net/coub_storage/coub/simple/cw_image/49114b10437/9a8114cfed0d4e52b27b3/1592449167_00032.jpg","timeline_picture":"https://coub-anubis-a.akamaized.net/coub_storage/coub/simple/cw_timeline_pic/58f30c605e7/29ffa7d1229f0d8886975/1592449166_image.jpg","small_picture":"https://coub-anubis-a.akamaized.net/coub_storage/coub/simple/cw_image/49114b10437/9a8114cfed0d4e52b27b3/1592449167_00032.jpg","sharing_picture":null,"percent_done":100,"tags":[],"categories":[{"id":35,"title":"News & Politics","permalink":"news","subscriptions_count":10054614,"big_image_url":"https://coub-anubis-a.akamaized.net/coub_storage/category/cw_image/6589193546b/5ea69fd70b7b36dec144f/big_1544622133_news.png","small_image_url":"https://coub-anubis-a.akamaized.net/coub_storage/category/cw_image/6589193546b/5ea69fd70b7b36dec144f/small_1544622133_news.png","med_image_url":"https://coub-anubis-a.akamaized.net/coub_storage/category/cw_image/6589193546b/5ea69fd70b7b36dec144f/med_1544622133_news.png","visible":true}],"communities":[{"id":35,"title":"News & Politics","permalink":"news","subscriptions_count":10054614,"big_image_url":"https://coub-anubis-a.akamaized.net/coub_storage/category/cw_image/6589193546b/5ea69fd70b7b36dec144f/big_1544622133_news.png","small_image_url":"https://coub-anubis-a.akamaized.net/coub_storage/category/cw_image/6589193546b/5ea69fd70b7b36dec144f/small_1544622133_news.png","med_image_url":"https://coub-anubis-a.akamaized.net/coub_storage/category/cw_image/6589193546b/5ea69fd70b7b36dec144f/med_1544622133_news.png","i_subscribed":true,"community_notifications_enabled":null,"description":null}],"recoubs_count":243,"remixes_count":0,"likes_count":1403,"dislikes_count":0,"raw_video_id":15360974,"uploaded_by_ios_app":false,"uploaded_by_android_app":true,"media_blocks":{"uploaded_raw_videos":[],"external_raw_videos":[{"id":36157644,"title":"Невзоров о расизме и свободном обращении оружия","url":"https://vk.com/video473321945_456239627","image":"https://coub-anubis-a.akamaized.net/coub_storage/media_block/cw_image/3c1147392f3/28083dba0f3e05274bc6e/1592448521_x9adh3_1592448467_1hnaav0_att-url-download.jpg","image_retina":"https://coub-anubis-a.akamaized.net/coub_storage/media_block/cw_image/3c1147392f3/28083dba0f3e05274bc6e/1592448521_x9adh3_1592448467_1hnaav0_att-url-download.jpg","meta":{"service":"Vk","duration":"372.427"},"duration":372.427,"raw_video_id":15360974,"has_embed":false}],"remixed_from_coubs":[],"external_video":{"id":36157644,"title":"Невзоров о расизме и свободном обращении оружия","url":"https://vk.com/video473321945_456239627","image":"https://coub-anubis-a.akamaized.net/coub_storage/media_block/cw_image/3c1147392f3/28083dba0f3e05274bc6e/1592448521_x9adh3_1592448467_1hnaav0_att-url-download.jpg","image_retina":"https://coub-anubis-a.akamaized.net/coub_storage/media_block/cw_image/3c1147392f3/28083dba0f3e05274bc6e/1592448521_x9adh3_1592448467_1hnaav0_att-url-download.jpg","meta":{"service":"Vk","duration":"372.427"},"duration":372.427,"raw_video_id":15360974,"has_embed":false}},"raw_video_thumbnail_url":"/missing/missing.png","raw_video_title":"Невзоров о расизме и свободном обращении оружия","video_block_banned":false,"duration":10.0,"promo_winner":false,"promo_winner_recoubers":null,"editorial_info":{},"promo_hint":null,"beeline_best_2014":null,"from_web_editor":false,"normalize_sound":true,"normalize_change_allowed":true,"best2015_addable":false,"ahmad_promo":null,"promo_data":null,"audio_copyright_claim":null,"ads_disabled":false,"is_safe_for_ads":true,"megafon_contents":[],"position_on_page":9},{"flag":null,"abuses":null,"recoubs_by_users_channels":null,"favourite":false,"promoted_id":null,"recoub":null,"like":null,"dislike":null,"reaction":null,"in_my_best2015":false,"id":142651874,"type":"Coub::Simple","permalink":"2cl1kz","title":"Лукашенко - А нам всё равно","visibility_type":"public","original_visibility_type":"public","channel_id":1646846,"created_at":"2020-04-19T00:02:20Z","updated_at":"2022-03-09T16:37:49Z","is_done":true,"views_count":122951,"cotd":null,"cotd_at":null,"visible_on_explore_root":false,"visible_on_explore":false,"featured":false,"published":true,"published_at":"2020-04-19T00:02:20Z","reversed":false,"from_editor_v2":true,"is_editable":true,"original_sound":true,"has_sound":true,"recoub_to":null,"file_versions":{"html5":{"video":{"higher":{"url":"https://coub-anubis-a.akamaized.net/coub_storage/coub/simple/cw_file/c55c18f699b/6726579ff4a914787c60b/muted_mp4_huge_size_1587254588_muted_huge.mp4","size":1176468},"high":{"url":"https://coub-anubis-a.akamaized.net/coub_storage/coub/simple/cw_file/c55c18f699b/6726579ff4a914787c60b/muted_mp4_big_size_1587254588_muted_big.mp4","size":778345},"med":{"url":"https://coub-anubis-a.akamaized.net/coub_storage/coub/simple/cw_file/c55c18f699b/6726579ff4a914787c60b/muted_mp4_med_size_1587254588_muted_med.mp4","size":275488}},"audio":{"high":{"url":"https://coub-anubis-a.akamaized.net/coub_storage/coub/simple/cw_looped_audio_high/ce328643dd4/a60d79272c1d260709a06/1605696011_high_1587254589_high.mp3","size":1135891},"med":{"url":"https://coub-anubis-a.akamaized.net/coub_storage/coub/simple/cw_looped_audio_med/06a271d7ea5/8083c6f5cfb07d36a33d1/1605696010_med_1587254589_med.mp3","size":835251},"sample_duration":8.731}},"mobile":{"video":"https://coub-anubis-a.akamaized.net/coub_storage/coub/simple/cw_file/c55c18f699b/6726579ff4a914787c60b/muted_mp4_med_size_1587254588_muted_med.mp4","audio":["https://coub-anubis-a.akamaized.net/coub_storage/coub/simple/cw_looped_audio_med/06a271d7ea5/8083c6f5cfb07d36a33d1/1605696010_med_1587254589_med.mp3"]},"share":{"default":"https://coub-anubis-a.akamaized.net/coub_storage/coub/simple/cw_video_for_sharing/a65139a68d6/3b1ea6f2bc5eff50e8a80/1617126118_looped_1617126117.mp4"}},"audio_versions":{},"image_versions":{"template":"https://coub-anubis-a.akamaized.net/coub_storage/coub/simple/cw_image/8d9839fefdf/7494351fcf55672cb1a42/1587254596_00028.jpg","versions":["micro","tiny","age_restricted","ios_large","ios_mosaic","big","med","small","pinterest"]},"first_frame_versions":{"template":"https://coub-anubis-a.akamaized.net/coub_storage/coub/simple/cw_timeline_pic/4c686c92a3d/27c2a5c9c3906a29b6807/1587254595_image.jpg","versions":["big","med","small","ios_large"]},"dimensions":{"big":[1280,720],"med":[640,360]},"site_w_h":[640,360],"page_w_h":[640,360],"site_w_h_small":[310,174],"size":[1280,720],"age_restricted":false,"age_restricted_by_admin":false,"not_safe_for_work":false,"allow_reuse":false,"dont_crop":false,"banned":false,"global_safe":false,"audio_file_url":null,"external_download":{"type":"Youtube","service_name":"YouTube","url":"https://www.youtube.com/watch?v=8G3K92gDbew&t=0s","has_embed":true},"application":null,"channel":{"id":1646846,"permalink":"august.wayne","title":"August Wayne","description":null,"followers_count":25,"following_count":8,"avatar_versions":{"template":"https://coub-anubis-a.akamaized.net/coub_storage/channel/cw_avatar/3d11e56eca1/6249a398a19422fe31ba7/%{version}_1607619748_1b3s5w1_1521982505_f2337149532299.58b7611d91faf.jpg","versions":["medium","medium_2x","profile_pic","profile_pic_new","profile_pic_new_2x","tiny","tiny_2x","small","small_2x","ios_large","ios_small"]}},"file":null,"picture":"https://coub-anubis-a.akamaized.net/coub_storage/coub/simple/cw_image/8d9839fefdf/7494351fcf55672cb1a42/1587254596_00028.jpg","timeline_picture":"https://coub-anubis-a.akamaized.net/coub_storage/coub/simple/cw_timeline_pic/4c686c92a3d/27c2a5c9c3906a29b6807/1587254595_image.jpg","small_picture":"https://coub-anubis-a.akamaized.net/coub_storage/coub/simple/cw_image/8d9839fefdf/7494351fcf55672cb1a42/1587254596_00028.jpg","sharing_picture":null,"percent_done":100,"tags":[{"id":3797,"title":"лукашенко","value":"%D0%BB%D1%83%D0%BA%D0%B0%D1%88%D0%B5%D0%BD%D0%BA%D0%BE"},{"id":3876710,"title":"лукашенко поет","value":"%D0%BB%D1%83%D0%BA%D0%B0%D1%88%D0%B5%D0%BD%D0%BA%D0%BE%20%D0%BF%D0%BE%D0%B5%D1%82"},{"id":5251870,"title":"лукашенко спел","value":"%D0%BB%D1%83%D0%BA%D0%B0%D1%88%D0%B5%D0%BD%D0%BA%D0%BE%20%D1%81%D0%BF%D0%B5%D0%BB"},{"id":5573808,"title":"лукашенко прикол","value":"%D0%BB%D1%83%D0%BA%D0%B0%D1%88%D0%B5%D0%BD%D0%BA%D0%BE%20%D0%BF%D1%80%D0%B8%D0%BA%D0%BE%D0%BB"},{"id":295649,"title":"лукашенко приколы","value":"%D0%BB%D1%83%D0%BA%D0%B0%D1%88%D0%B5%D0%BD%D0%BA%D0%BE%20%D0%BF%D1%80%D0%B8%D0%BA%D0%BE%D0%BB%D1%8B"},{"id":499556,"title":"а нам всё равно","value":"%D0%B0%20%D0%BD%D0%B0%D0%BC%20%D0%B2%D1%81%D1%91%20%D1%80%D0%B0%D0%B2%D0%BD%D0%BE"},{"id":279635,"title":"песня про зайцев","value":"%D0%BF%D0%B5%D1%81%D0%BD%D1%8F%20%D0%BF%D1%80%D0%BE%20%D0%B7%D0%B0%D0%B9%D1%86%D0%B5%D0%B2"},{"id":5979,"title":"бриллиантовая рука","value":"%D0%B1%D1%80%D0%B8%D0%BB%D0%BB%D0%B8%D0%B0%D0%BD%D1%82%D0%BE%D0%B2%D0%B0%D1%8F%20%D1%80%D1%83%D0%BA%D0%B0"},{"id":2498929,"title":"sansan","value":"sansan"},{"id":5491984,"title":"сансан","value":"%D1%81%D0%B0%D0%BD%D1%81%D0%B0%D0%BD"},{"id":5606065,"title":"лукашенко песня","value":"%D0%BB%D1%83%D0%BA%D0%B0%D1%88%D0%B5%D0%BD%D0%BA%D0%BE%20%D0%BF%D0%B5%D1%81%D0%BD%D1%8F"},{"id":5606067,"title":"лукашенко а нам все равно","value":"%D0%BB%D1%83%D0%BA%D0%B0%D1%88%D0%B5%D0%BD%D0%BA%D0%BE%20%D0%B0%20%D0%BD%D0%B0%D0%BC%20%D0%B2%D1%81%D0%B5%20%D1%80%D0%B0%D0%B2%D0%BD%D0%BE"}],"categories":[{"id":35,"title":"News & Politics","permalink":"news","subscriptions_count":10054614,"big_image_url":"https://coub-anubis-a.akamaized.net/coub_storage/category/cw_image/6589193546b/5ea69fd70b7b36dec144f/big_1544622133_news.png","small_image_url":"https://coub-anubis-a.akamaized.net/coub_storage/category/cw_image/6589193546b/5ea69fd70b7b36dec144f/small_1544622133_news.png","med_image_url":"https://coub-anubis-a.akamaized.net/coub_storage/category/cw_image/6589193546b/5ea69fd70b7b36dec144f/med_1544622133_news.png","visible":true}],"communities":[{"id":35,"title":"News & Politics","permalink":"news","subscriptions_count":10054614,"big_image_url":"https://coub-anubis-a.akamaized.net/coub_storage/category/cw_image/6589193546b/5ea69fd70b7b36dec144f/big_1544622133_news.png","small_image_url":"https://coub-anubis-a.akamaized.net/coub_storage/category/cw_image/6589193546b/5ea69fd70b7b36dec144f/small_1544622133_news.png","med_image_url":"https://coub-anubis-a.akamaized.net/coub_storage/category/cw_image/6589193546b/5ea69fd70b7b36dec144f/med_1544622133_news.png","i_subscribed":true,"community_notifications_enabled":null,"description":null}],"recoubs_count":225,"remixes_count":0,"likes_count":1403,"dislikes_count":0,"raw_video_id":15098305,"uploaded_by_ios_app":false,"uploaded_by_android_app":false,"media_blocks":{"uploaded_raw_videos":[],"external_raw_videos":[{"id":35501339,"title":"Лукашенко спел - А нам всё равно ( Песня про зайцев ) | SanSan","url":"https://www.youtube.com/watch?v=8G3K92gDbew","image":"https://coub-anubis-a.akamaized.net/coub_storage/media_block/cw_image/3b98292f5a7/6fcbafd970a4486381bd6/1587241422_tya79x_1587241304_j83o0g_att-url-download.jpg","image_retina":"https://coub-anubis-a.akamaized.net/coub_storage/media_block/cw_image/3b98292f5a7/6fcbafd970a4486381bd6/1587241422_tya79x_1587241304_j83o0g_att-url-download.jpg","meta":{"service":"Youtube","duration":"173.481"},"duration":173.481,"raw_video_id":15098305,"has_embed":true}],"remixed_from_coubs":[],"external_video":{"id":35501339,"title":"Лукашенко спел - А нам всё равно ( Песня про зайцев ) | SanSan","url":"https://www.youtube.com/watch?v=8G3K92gDbew","image":"https://coub-anubis-a.akamaized.net/coub_storage/media_block/cw_image/3b98292f5a7/6fcbafd970a4486381bd6/1587241422_tya79x_1587241304_j83o0g_att-url-download.jpg","image_retina":"https://coub-anubis-a.akamaized.net/coub_storage/media_block/cw_image/3b98292f5a7/6fcbafd970a4486381bd6/1587241422_tya79x_1587241304_j83o0g_att-url-download.jpg","meta":{"service":"Youtube","duration":"173.481"},"duration":173.481,"raw_video_id":15098305,"has_embed":true}},"raw_video_thumbnail_url":"/missing/missing.png","raw_video_title":"Лукашенко спел - А нам всё равно ( Песня про зайцев ) | SanSan","video_block_banned":false,"duration":8.72,"promo_winner":false,"promo_winner_recoubers":null,"editorial_info":{},"promo_hint":null,"beeline_best_2014":null,"from_web_editor":true,"normalize_sound":true,"normalize_change_allowed":true,"best2015_addable":false,"ahmad_promo":null,"promo_data":null,"audio_copyright_claim":null,"ads_disabled":false,"is_safe_for_ads":true,"megafon_contents":[],"position_on_page":10}]}