{"page":101,"per_page":10,"total_pages":500,"coubs":[{"flag":null,"abuses":null,"recoubs_by_users_channels":null,"favourite":false,"promoted_id":null,"recoub":null,"like":null,"dislike":null,"reaction":null,"in_my_best2015":false,"id":88288725,"type":"Coub::Simple","permalink":"1g5p7e","title":"Solo (NER Remix)","visibility_type":"public","original_visibility_type":"public","channel_id":4005052,"created_at":"2018-10-15T18:21:03Z","updated_at":"2022-03-09T08:44:55Z","is_done":true,"views_count":136286,"cotd":null,"cotd_at":null,"visible_on_explore_root":false,"visible_on_explore":false,"featured":false,"published":true,"published_at":"2018-10-15T18:21:03Z","reversed":false,"from_editor_v2":true,"is_editable":true,"original_sound":true,"has_sound":true,"recoub_to":null,"file_versions":{"html5":{"video":{"higher":{"url":"https://coub-anubis-a.akamaized.net/coub_storage/coub/simple/cw_file/091291ebaa9/9998a5ba286a1a3454ad4/muted_mp4_huge_size_1570880974_muted_huge.mp4","size":2466681},"high":{"url":"https://coub-anubis-a.akamaized.net/coub_storage/coub/simple/cw_file/091291ebaa9/9998a5ba286a1a3454ad4/muted_mp4_big_size_1570880974_muted_big.mp4","size":1883842},"med":{"url":"https://coub-anubis-a.akamaized.net/coub_storage/coub/simple/cw_file/091291ebaa9/9998a5ba286a1a3454ad4/muted_mp4_med_size_1570880974_muted_med.mp4","size":579722}},"audio":{"high":{"url":"https://coub-anubis-a.akamaized.net/coub_storage/coub/simple/cw_looped_audio_high/9ea74eac835/af0c0306d0608d84fb7de/1605601980_high_1539627673_high.mp3","size":1198941},"med":{"url":"https://coub-anubis-a.akamaized.net/coub_storage/coub/simple/cw_looped_audio_med/d9ae354465d/9da22689afc1929b3c8d7/1605601980_med_1539627673_med.mp3","size":874032},"sample_duration":9.125}},"mobile":{"video":"https://coub-anubis-a.akamaized.net/coub_storage/coub/simple/cw_file/091291ebaa9/9998a5ba286a1a3454ad4/muted_mp4_med_size_1570880974_muted_med.mp4","audio":["https://coub-anubis-a.akamaized.net/coub_storage/coub/simple/cw_looped_audio_med/d9ae354465d/9da22689afc1929b3c8d7/1605601980_med_1539627673_med.mp3"]},"share":{"default":"https://coub-anubis-a.akamaized.net/coub_storage/coub/simple/cw_video_for_sharing/3fc1a31b044/d83ba424ba699efe99715/1609869545_looped_1609869544.mp4"}},"audio_versions":{},"image_versions":{"template":"https://coub-anubis-a.akamaized.net/coub_storage/coub/simple/cw_image/8d74dbecfca/2fcdfb92b046f41369c70/1539627679_00029.jpg","versions":["micro","tiny","age_restricted","ios_large","ios_mosaic","big","med","small","pinterest"]},"first_frame_versions":{"template":"https://coub-anubis-a.akamaized.net/coub_storage/coub/simple/cw_timeline_pic/05011d11ee9/8c133cb9fcb19eab1c1e6/%{version}_1539627678_image.jpg","versions":["big","med","small","ios_large"]},"dimensions":{"big":[1280,720],"med":[640,360]},"site_w_h":[640,360],"page_w_h":[640,360],"site_w_h_small":[310,174],"size":[1280,720],"age_restricted":false,"age_restricted_by_admin":false,"not_safe_for_work":false,"allow_reuse":false,"dont_crop":false,"banned":false,"global_safe":true,"audio_file_url":null,"external_download":false,"application":null,"channel":{"id":4005052,"permalink":"ragogumiii","title":"Methpincér","description":null,"followers_count":964,"following_count":146,"avatar_versions":{"template":"https://coub-anubis-a.akamaized.net/coub_storage/channel/cw_avatar/cd94c2b0e52/f5092cdddc78e02a3266b/%{version}_1607419531_o1trgn_1587073186_i5ZXfFdE_400x400.jpg","versions":["medium","medium_2x","profile_pic","profile_pic_new","profile_pic_new_2x","tiny","tiny_2x","small","small_2x","ios_large","ios_small"]}},"file":null,"picture":"https://coub-anubis-a.akamaized.net/coub_storage/coub/simple/cw_image/8d74dbecfca/2fcdfb92b046f41369c70/1539627679_00029.jpg","timeline_picture":"https://coub-anubis-a.akamaized.net/coub_storage/coub/simple/cw_timeline_pic/05011d11ee9/8c133cb9fcb19eab1c1e6/ios_large_1539627678_image.jpg","small_picture":"https://coub-anubis-a.akamaized.net/coub_storage/coub/simple/cw_image/8d74dbecfca/2fcdfb92b046f41369c70/1539627679_00029.jpg","sharing_picture":null,"percent_done":100,"tags":[{"id":168,"title":"loop","value":"loop"},{"id":71130,"title":"demi lovato","value":"demi%20lovato"},{"id":94375,"title":"kormány","value":"korm%C3%A1ny"},{"id":110593,"title":"gyurcsány ferenc","value":"gyurcs%C3%A1ny%20ferenc"},{"id":3798,"title":"orbán viktor","value":"orb%C3%A1n%20viktor"},{"id":347381,"title":"ner","value":"ner"},{"id":127559,"title":"kdnp","value":"kdnp"},{"id":3799,"title":"fidesz","value":"fidesz"},{"id":224685,"title":"németh szilárd","value":"n%C3%A9meth%20szil%C3%A1rd"},{"id":218009,"title":"semjén zsolt","value":"semj%C3%A9n%20zsolt"},{"id":261176,"title":"tarlós istván","value":"tarl%C3%B3s%20istv%C3%A1n"},{"id":244180,"title":"clean bandit","value":"clean%20bandit"},{"id":7739,"title":"solo","value":"solo"}],"categories":[{"id":35,"title":"News & Politics","permalink":"news","subscriptions_count":10054614,"big_image_url":"https://coub-anubis-a.akamaized.net/coub_storage/category/cw_image/6589193546b/5ea69fd70b7b36dec144f/big_1544622133_news.png","small_image_url":"https://coub-anubis-a.akamaized.net/coub_storage/category/cw_image/6589193546b/5ea69fd70b7b36dec144f/small_1544622133_news.png","med_image_url":"https://coub-anubis-a.akamaized.net/coub_storage/category/cw_image/6589193546b/5ea69fd70b7b36dec144f/med_1544622133_news.png","visible":true}],"communities":[{"id":35,"title":"News & Politics","permalink":"news","subscriptions_count":10054614,"big_image_url":"https://coub-anubis-a.akamaized.net/coub_storage/category/cw_image/6589193546b/5ea69fd70b7b36dec144f/big_1544622133_news.png","small_image_url":"https://coub-anubis-a.akamaized.net/coub_storage/category/cw_image/6589193546b/5ea69fd70b7b36dec144f/small_1544622133_news.png","med_image_url":"https://coub-anubis-a.akamaized.net/coub_storage/category/cw_image/6589193546b/5ea69fd70b7b36dec144f/med_1544622133_news.png","i_subscribed":true,"community_notifications_enabled":null,"description":null}],"recoubs_count":309,"remixes_count":3,"likes_count":2596,"dislikes_count":0,"raw_video_id":12536120,"uploaded_by_ios_app":false,"uploaded_by_android_app":false,"media_blocks":{"uploaded_raw_videos":[],"external_raw_videos":[],"remixed_from_coubs":[]},"raw_video_thumbnail_url":"/missing/missing.png","raw_video_title":"rogan_1.mp4","video_block_banned":false,"duration":9.16,"promo_winner":false,"promo_winner_recoubers":null,"editorial_info":{},"promo_hint":null,"beeline_best_2014":null,"from_web_editor":true,"normalize_sound":true,"normalize_change_allowed":true,"best2015_addable":false,"ahmad_promo":null,"promo_data":null,"audio_copyright_claim":null,"ads_disabled":false,"is_safe_for_ads":true,"megafon_contents":[],"position_on_page":1},{"flag":null,"abuses":null,"recoubs_by_users_channels":null,"favourite":false,"promoted_id":null,"recoub":null,"like":null,"dislike":null,"reaction":null,"in_my_best2015":false,"id":80769028,"type":"Coub::Simple","permalink":"1boix3","title":"MÁV","visibility_type":"public","original_visibility_type":"public","channel_id":2616367,"created_at":"2018-07-27T14:40:29Z","updated_at":"2022-03-09T10:37:50Z","is_done":true,"views_count":95209,"cotd":null,"cotd_at":null,"visible_on_explore_root":false,"visible_on_explore":false,"featured":false,"published":true,"published_at":"2018-07-27T14:40:29Z","reversed":false,"from_editor_v2":true,"is_editable":true,"original_sound":true,"has_sound":true,"recoub_to":null,"file_versions":{"html5":{"video":{"higher":{"url":"https://coub-anubis-a.akamaized.net/coub_storage/coub/simple/cw_file/79ad9ec34c7/839b0a18bee6ff34d7a88/muted_mp4_huge_size_1568263024_muted_huge.mp4","size":4628847},"high":{"url":"https://coub-anubis-a.akamaized.net/coub_storage/coub/simple/cw_file/79ad9ec34c7/839b0a18bee6ff34d7a88/muted_mp4_big_size_1568263024_muted_big.mp4","size":3564641},"med":{"url":"https://coub-anubis-a.akamaized.net/coub_storage/coub/simple/cw_file/79ad9ec34c7/839b0a18bee6ff34d7a88/muted_mp4_med_size_1568263024_muted_med.mp4","size":1130764}},"audio":{"high":{"url":"https://coub-anubis-a.akamaized.net/coub_storage/coub/simple/cw_looped_audio_high/53e5be6dadf/55fcc4b4b55069ed547ac/1605617339_high_1532702442_high.mp3","size":1122011},"med":{"url":"https://coub-anubis-a.akamaized.net/coub_storage/coub/simple/cw_looped_audio_med/e957a562964/6024f0aeeafb84301cec3/1605617339_med_1532702442_med.mp3","size":835251},"sample_duration":8.73}},"mobile":{"video":"https://coub-anubis-a.akamaized.net/coub_storage/coub/simple/cw_file/79ad9ec34c7/839b0a18bee6ff34d7a88/muted_mp4_med_size_1568263024_muted_med.mp4","audio":["https://coub-anubis-a.akamaized.net/coub_storage/coub/simple/cw_looped_audio_med/e957a562964/6024f0aeeafb84301cec3/1605617339_med_1532702442_med.mp3"]},"share":{"default":"https://coub-anubis-a.akamaized.net/coub_storage/coub/simple/cw_video_for_sharing/bdd00692f34/6b8e015da87d0578320ac/1609868795_looped_1609868794.mp4"}},"audio_versions":{},"image_versions":{"template":"https://coub-anubis-a.akamaized.net/coub_storage/coub/simple/cw_image/5d459580842/c5ba26a2ddb2b2b1acbf2/1532702449_00028.jpg","versions":["micro","tiny","age_restricted","ios_large","ios_mosaic","big","med","small","pinterest"]},"first_frame_versions":{"template":"https://coub-anubis-a.akamaized.net/coub_storage/coub/simple/cw_timeline_pic/db2c9d2f570/000a0ccdc1aa3b8827386/%{version}_1532702448_image.jpg","versions":["big","med","small","ios_large"]},"dimensions":{"big":[1280,720],"med":[640,360]},"site_w_h":[640,360],"page_w_h":[640,360],"site_w_h_small":[310,174],"size":[1280,720],"age_restricted":false,"age_restricted_by_admin":false,"not_safe_for_work":false,"allow_reuse":false,"dont_crop":false,"banned":false,"global_safe":false,"audio_file_url":null,"external_download":false,"application":null,"channel":{"id":2616367,"permalink":"tuz-csucsu","title":"Tűz Csucsu!!!","description":"Na ezzel se szeretnék egy sötét sikátorban találkozni!","followers_count":605,"following_count":84,"avatar_versions":{"template":"https://coub-anubis-a.akamaized.net/coub_storage/channel/cw_avatar/c97661e1209/919c4ae3f4ee240d7c2df/%{version}_1609207657_1uzhy6f_1474678629_avatar_628eba34e271_128.png","versions":["medium","medium_2x","profile_pic","profile_pic_new","profile_pic_new_2x","tiny","tiny_2x","small","small_2x","ios_large","ios_small"]}},"file":null,"picture":"https://coub-anubis-a.akamaized.net/coub_storage/coub/simple/cw_image/5d459580842/c5ba26a2ddb2b2b1acbf2/1532702449_00028.jpg","timeline_picture":"https://coub-anubis-a.akamaized.net/coub_storage/coub/simple/cw_timeline_pic/db2c9d2f570/000a0ccdc1aa3b8827386/ios_large_1532702448_image.jpg","small_picture":"https://coub-anubis-a.akamaized.net/coub_storage/coub/simple/cw_image/5d459580842/c5ba26a2ddb2b2b1acbf2/1532702449_00028.jpg","sharing_picture":null,"percent_done":100,"tags":[{"id":143808,"title":"rtl klub","value":"rtl%20klub"},{"id":143807,"title":"fókusz","value":"f%C3%B3kusz"}],"categories":[{"id":35,"title":"News & Politics","permalink":"news","subscriptions_count":10054614,"big_image_url":"https://coub-anubis-a.akamaized.net/coub_storage/category/cw_image/6589193546b/5ea69fd70b7b36dec144f/big_1544622133_news.png","small_image_url":"https://coub-anubis-a.akamaized.net/coub_storage/category/cw_image/6589193546b/5ea69fd70b7b36dec144f/small_1544622133_news.png","med_image_url":"https://coub-anubis-a.akamaized.net/coub_storage/category/cw_image/6589193546b/5ea69fd70b7b36dec144f/med_1544622133_news.png","visible":true}],"communities":[{"id":35,"title":"News & Politics","permalink":"news","subscriptions_count":10054614,"big_image_url":"https://coub-anubis-a.akamaized.net/coub_storage/category/cw_image/6589193546b/5ea69fd70b7b36dec144f/big_1544622133_news.png","small_image_url":"https://coub-anubis-a.akamaized.net/coub_storage/category/cw_image/6589193546b/5ea69fd70b7b36dec144f/small_1544622133_news.png","med_image_url":"https://coub-anubis-a.akamaized.net/coub_storage/category/cw_image/6589193546b/5ea69fd70b7b36dec144f/med_1544622133_news.png","i_subscribed":true,"community_notifications_enabled":null,"description":null}],"recoubs_count":350,"remixes_count":3,"likes_count":2596,"dislikes_count":0,"raw_video_id":12106303,"uploaded_by_ios_app":false,"uploaded_by_android_app":false,"media_blocks":{"uploaded_raw_videos":[],"external_raw_videos":[],"remixed_from_coubs":[]},"raw_video_thumbnail_url":"/missing/missing.png","raw_video_title":"20180727_163712.mp4","video_block_banned":false,"duration":8.72,"promo_winner":false,"promo_winner_recoubers":null,"editorial_info":{},"promo_hint":null,"beeline_best_2014":null,"from_web_editor":true,"normalize_sound":true,"normalize_change_allowed":true,"best2015_addable":false,"ahmad_promo":null,"promo_data":null,"audio_copyright_claim":null,"ads_disabled":false,"is_safe_for_ads":true,"megafon_contents":[],"position_on_page":2},{"flag":null,"abuses":null,"recoubs_by_users_channels":null,"favourite":false,"promoted_id":null,"recoub":null,"like":null,"dislike":null,"reaction":null,"in_my_best2015":false,"id":149744811,"type":"Coub::Simple","permalink":"2gt2kg","title":"Хабаровск которого неть","visibility_type":"public","original_visibility_type":"public","channel_id":519794,"created_at":"2020-07-16T23:01:07Z","updated_at":"2022-03-09T10:18:40Z","is_done":true,"views_count":163817,"cotd":null,"cotd_at":null,"visible_on_explore_root":false,"visible_on_explore":false,"featured":false,"published":true,"published_at":"2020-07-16T23:01:06Z","reversed":false,"from_editor_v2":true,"is_editable":true,"original_sound":false,"has_sound":false,"recoub_to":null,"file_versions":{"html5":{"video":{"higher":{"url":"https://coub-anubis-a.akamaized.net/coub_storage/coub/simple/cw_file/a43c2e00065/7ecedfdf80c96ceb6d6f7/muted_mp4_huge_size_1594940483_muted_huge.mp4","size":5418768},"high":{"url":"https://coub-anubis-a.akamaized.net/coub_storage/coub/simple/cw_file/a43c2e00065/7ecedfdf80c96ceb6d6f7/muted_mp4_big_size_1594940483_muted_big.mp4","size":3439636},"med":{"url":"https://coub-anubis-a.akamaized.net/coub_storage/coub/simple/cw_file/a43c2e00065/7ecedfdf80c96ceb6d6f7/muted_mp4_med_size_1594940483_muted_med.mp4","size":1193956}},"audio":{"high":{"url":"https://coub-anubis-a.akamaized.net/coub_storage/coub/simple/cw_looped_audio_high/3364fcfd1f9/7104da448a2800c8e504d/1605680116_high_1594940510_high.mp3","size":2428301},"med":{"url":"https://coub-anubis-a.akamaized.net/coub_storage/coub/simple/cw_looped_audio_med/658dbe70afa/4f5296913ece7e2964e67/1605680116_med_1594940510_med.mp3","size":2105263}}},"mobile":{"video":"https://coub-anubis-a.akamaized.net/coub_storage/coub/simple/cw_file/a43c2e00065/7ecedfdf80c96ceb6d6f7/muted_mp4_med_size_1594940483_muted_med.mp4","audio":["https://coub-anubis-a.akamaized.net/coub_storage/coub/simple/cw_looped_audio_med/658dbe70afa/4f5296913ece7e2964e67/1605680116_med_1594940510_med.mp3"]},"share":{"default":"https://coub-anubis-a.akamaized.net/coub_storage/coub/simple/cw_video_for_sharing/dc3c1e58f8b/b351ac17e5fddde756fa1/1610134686_looped_1610134685.mp4"}},"audio_versions":{"template":"https://coub-anubis-a.akamaized.net/coub_storage/audio_track/cw_normalized_copy/09de329a907/f9846d70fd441661e1d98/mid_1594940500_normalized_1594940486_1x33ywo_edited.mp3","versions":["mid","low"]},"image_versions":{"template":"https://coub-anubis-a.akamaized.net/coub_storage/coub/simple/cw_image/d663a99311c/a407909dae6e436722a2a/1594940526_00032.jpg","versions":["micro","tiny","age_restricted","ios_large","ios_mosaic","big","med","small","pinterest"]},"first_frame_versions":{"template":"https://coub-anubis-a.akamaized.net/coub_storage/coub/simple/cw_timeline_pic/7fcc26b119e/55f877e72ef845c231b18/%{version}_1594940525_image.jpg","versions":["big","med","small","ios_large"]},"dimensions":{"big":[1280,720],"med":[640,360]},"site_w_h":[640,360],"page_w_h":[640,360],"site_w_h_small":[310,174],"size":[1280,720],"age_restricted":false,"age_restricted_by_admin":false,"not_safe_for_work":false,"allow_reuse":false,"dont_crop":false,"banned":false,"global_safe":false,"audio_file_url":"https://coub-anubis-a.akamaized.net/coub_storage/audio_track/cw_normalized_copy/09de329a907/f9846d70fd441661e1d98/low_1594940500_normalized_1594940486_1x33ywo_edited.mp3","external_download":false,"application":null,"channel":{"id":519794,"permalink":"roberbrike","title":"Chto esli by.....","description":"Что если бы лжецы говорили правду, а правдолюбы нагло лгали","followers_count":52,"following_count":26,"avatar_versions":{"template":"https://coub-anubis-a.akamaized.net/coub_storage/channel/cw_avatar/d6130d42746/d96e7e022886cc867d02c/%{version}_1560962812_i__1_.jpg","versions":["medium","medium_2x","profile_pic","profile_pic_new","profile_pic_new_2x","tiny","tiny_2x","small","small_2x","ios_large","ios_small"]}},"file":null,"picture":"https://coub-anubis-a.akamaized.net/coub_storage/coub/simple/cw_image/d663a99311c/a407909dae6e436722a2a/1594940526_00032.jpg","timeline_picture":"https://coub-anubis-a.akamaized.net/coub_storage/coub/simple/cw_timeline_pic/7fcc26b119e/55f877e72ef845c231b18/ios_large_1594940525_image.jpg","small_picture":"https://coub-anubis-a.akamaized.net/coub_storage/coub/simple/cw_image/d663a99311c/a407909dae6e436722a2a/1594940526_00032.jpg","sharing_picture":null,"percent_done":100,"tags":[{"id":5778417,"title":"митинги в хабаровске","value":"%D0%BC%D0%B8%D1%82%D0%B8%D0%BD%D0%B3%D0%B8%20%D0%B2%20%D1%85%D0%B0%D0%B1%D0%B0%D1%80%D0%BE%D0%B2%D1%81%D0%BA%D0%B5"},{"id":3002,"title":"новости","value":"%D0%BD%D0%BE%D0%B2%D0%BE%D1%81%D1%82%D0%B8"},{"id":4311201,"title":"фургал","value":"%D1%84%D1%83%D1%80%D0%B3%D0%B0%D0%BB"},{"id":26104,"title":"митинг","value":"%D0%BC%D0%B8%D1%82%D0%B8%D0%BD%D0%B3"},{"id":22630,"title":"хабаровск","value":"%D1%85%D0%B0%D0%B1%D0%B0%D1%80%D0%BE%D0%B2%D1%81%D0%BA"},{"id":5783752,"title":"фургал митинг","value":"%D1%84%D1%83%D1%80%D0%B3%D0%B0%D0%BB%20%D0%BC%D0%B8%D1%82%D0%B8%D0%BD%D0%B3"},{"id":5778419,"title":"митинг в поддержку фургала","value":"%D0%BC%D0%B8%D1%82%D0%B8%D0%BD%D0%B3%20%D0%B2%20%D0%BF%D0%BE%D0%B4%D0%B4%D0%B5%D1%80%D0%B6%D0%BA%D1%83%20%D1%84%D1%83%D1%80%D0%B3%D0%B0%D0%BB%D0%B0"},{"id":4886532,"title":"сергей фургал","value":"%D1%81%D0%B5%D1%80%D0%B3%D0%B5%D0%B9%20%D1%84%D1%83%D1%80%D0%B3%D0%B0%D0%BB"},{"id":5783753,"title":"митинг хабаровск фургал","value":"%D0%BC%D0%B8%D1%82%D0%B8%D0%BD%D0%B3%20%D1%85%D0%B0%D0%B1%D0%B0%D1%80%D0%BE%D0%B2%D1%81%D0%BA%20%D1%84%D1%83%D1%80%D0%B3%D0%B0%D0%BB"},{"id":5781243,"title":"митинг хабаровск","value":"%D0%BC%D0%B8%D1%82%D0%B8%D0%BD%D0%B3%20%D1%85%D0%B0%D0%B1%D0%B0%D1%80%D0%BE%D0%B2%D1%81%D0%BA"},{"id":5780918,"title":"фургал арест","value":"%D1%84%D1%83%D1%80%D0%B3%D0%B0%D0%BB%20%D0%B0%D1%80%D0%B5%D1%81%D1%82"},{"id":906814,"title":"новости рбк","value":"%D0%BD%D0%BE%D0%B2%D0%BE%D1%81%D1%82%D0%B8%20%D1%80%D0%B1%D0%BA"},{"id":42951,"title":"последние новости","value":"%D0%BF%D0%BE%D1%81%D0%BB%D0%B5%D0%B4%D0%BD%D0%B8%D0%B5%20%D0%BD%D0%BE%D0%B2%D0%BE%D1%81%D1%82%D0%B8"},{"id":23074,"title":"новости россии","value":"%D0%BD%D0%BE%D0%B2%D0%BE%D1%81%D1%82%D0%B8%20%D1%80%D0%BE%D1%81%D1%81%D0%B8%D0%B8"},{"id":29216,"title":"новости сегодня","value":"%D0%BD%D0%BE%D0%B2%D0%BE%D1%81%D1%82%D0%B8%20%D1%81%D0%B5%D0%B3%D0%BE%D0%B4%D0%BD%D1%8F"},{"id":23075,"title":"новости мира","value":"%D0%BD%D0%BE%D0%B2%D0%BE%D1%81%D1%82%D0%B8%20%D0%BC%D0%B8%D1%80%D0%B0"},{"id":690522,"title":"новости в россии","value":"%D0%BD%D0%BE%D0%B2%D0%BE%D1%81%D1%82%D0%B8%20%D0%B2%20%D1%80%D0%BE%D1%81%D1%81%D0%B8%D0%B8"},{"id":43045,"title":"новости в мире","value":"%D0%BD%D0%BE%D0%B2%D0%BE%D1%81%D1%82%D0%B8%20%D0%B2%20%D0%BC%D0%B8%D1%80%D0%B5"},{"id":5770806,"title":"рбк про","value":"%D1%80%D0%B1%D0%BA%20%D0%BF%D1%80%D0%BE"},{"id":5770807,"title":"рбк тв","value":"%D1%80%D0%B1%D0%BA%20%D1%82%D0%B2"},{"id":5770808,"title":"рбк ру","value":"%D1%80%D0%B1%D0%BA%20%D1%80%D1%83"},{"id":5770809,"title":"рбк актуальное на сегодня","value":"%D1%80%D0%B1%D0%BA%20%D0%B0%D0%BA%D1%82%D1%83%D0%B0%D0%BB%D1%8C%D0%BD%D0%BE%D0%B5%20%D0%BD%D0%B0%20%D1%81%D0%B5%D0%B3%D0%BE%D0%B4%D0%BD%D1%8F"},{"id":5770805,"title":"рбк главное","value":"%D1%80%D0%B1%D0%BA%20%D0%B3%D0%BB%D0%B0%D0%B2%D0%BD%D0%BE%D0%B5"},{"id":5770810,"title":"рбк главные новости","value":"%D1%80%D0%B1%D0%BA%20%D0%B3%D0%BB%D0%B0%D0%B2%D0%BD%D1%8B%D0%B5%20%D0%BD%D0%BE%D0%B2%D0%BE%D1%81%D1%82%D0%B8"},{"id":5783754,"title":"рбк дейли","value":"%D1%80%D0%B1%D0%BA%20%D0%B4%D0%B5%D0%B9%D0%BB%D0%B8"},{"id":5770804,"title":"рбк новости","value":"%D1%80%D0%B1%D0%BA%20%D0%BD%D0%BE%D0%B2%D0%BE%D1%81%D1%82%D0%B8"},{"id":5770812,"title":"рбк новости онлайн","value":"%D1%80%D0%B1%D0%BA%20%D0%BD%D0%BE%D0%B2%D0%BE%D1%81%D1%82%D0%B8%20%D0%BE%D0%BD%D0%BB%D0%B0%D0%B9%D0%BD"},{"id":5770803,"title":"рбк онлайн","value":"%D1%80%D0%B1%D0%BA%20%D0%BE%D0%BD%D0%BB%D0%B0%D0%B9%D0%BD"},{"id":5770811,"title":"рбк что случилось за день","value":"%D1%80%D0%B1%D0%BA%20%D1%87%D1%82%D0%BE%20%D1%81%D0%BB%D1%83%D1%87%D0%B8%D0%BB%D0%BE%D1%81%D1%8C%20%D0%B7%D0%B0%20%D0%B4%D0%B5%D0%BD%D1%8C"},{"id":5770801,"title":"рбк ютуб","value":"%D1%80%D0%B1%D0%BA%20%D1%8E%D1%82%D1%83%D0%B1"},{"id":287264,"title":"рбк","value":"%D1%80%D0%B1%D0%BA"},{"id":507298,"title":"дудь","value":"%D0%B4%D1%83%D0%B4%D1%8C"},{"id":70649,"title":"соловьёв","value":"%D1%81%D0%BE%D0%BB%D0%BE%D0%B2%D1%8C%D1%91%D0%B2"},{"id":2729630,"title":"юрий дудь","value":"%D1%8E%D1%80%D0%B8%D0%B9%20%D0%B4%D1%83%D0%B4%D1%8C"},{"id":503245,"title":"владимир соловьёв","value":"%D0%B2%D0%BB%D0%B0%D0%B4%D0%B8%D0%BC%D0%B8%D1%80%20%D1%81%D0%BE%D0%BB%D0%BE%D0%B2%D1%8C%D1%91%D0%B2"},{"id":10278,"title":"ксения собчак","value":"%D0%BA%D1%81%D0%B5%D0%BD%D0%B8%D1%8F%20%D1%81%D0%BE%D0%B1%D1%87%D0%B0%D0%BA"},{"id":5229,"title":"собчак","value":"%D1%81%D0%BE%D0%B1%D1%87%D0%B0%D0%BA"},{"id":3403564,"title":"собчак выборы","value":"%D1%81%D0%BE%D0%B1%D1%87%D0%B0%D0%BA%20%D0%B2%D1%8B%D0%B1%D0%BE%D1%80%D1%8B"},{"id":150145,"title":"выборы президента","value":"%D0%B2%D1%8B%D0%B1%D0%BE%D1%80%D1%8B%20%D0%BF%D1%80%D0%B5%D0%B7%D0%B8%D0%B4%D0%B5%D0%BD%D1%82%D0%B0"},{"id":330942,"title":"кандидаты","value":"%D0%BA%D0%B0%D0%BD%D0%B4%D0%B8%D0%B4%D0%B0%D1%82%D1%8B"},{"id":3088783,"title":"навальный собчак","value":"%D0%BD%D0%B0%D0%B2%D0%B0%D0%BB%D1%8C%D0%BD%D1%8B%D0%B9%20%D1%81%D0%BE%D0%B1%D1%87%D0%B0%D0%BA"},{"id":519148,"title":"песков","value":"%D0%BF%D0%B5%D1%81%D0%BA%D0%BE%D0%B2"},{"id":3403565,"title":"песков прокомментировал","value":"%D0%BF%D0%B5%D1%81%D0%BA%D0%BE%D0%B2%20%D0%BF%D1%80%D0%BE%D0%BA%D0%BE%D0%BC%D0%BC%D0%B5%D0%BD%D1%82%D0%B8%D1%80%D0%BE%D0%B2%D0%B0%D0%BB"},{"id":73,"title":"путин","value":"%D0%BF%D1%83%D1%82%D0%B8%D0%BD"},{"id":511432,"title":"конкурент","value":"%D0%BA%D0%BE%D0%BD%D0%BA%D1%83%D1%80%D0%B5%D0%BD%D1%82"},{"id":131764,"title":"преемник","value":"%D0%BF%D1%80%D0%B5%D0%B5%D0%BC%D0%BD%D0%B8%D0%BA"},{"id":66,"title":"политика","value":"%D0%BF%D0%BE%D0%BB%D0%B8%D1%82%D0%B8%D0%BA%D0%B0"},{"id":2873,"title":"дождь","value":"%D0%B4%D0%BE%D0%B6%D0%B4%D1%8C"},{"id":1527466,"title":"выборы2016","value":"%D0%B2%D1%8B%D0%B1%D0%BE%D1%80%D1%8B2016"},{"id":1998710,"title":"выборы2018","value":"%D0%B2%D1%8B%D0%B1%D0%BE%D1%80%D1%8B2018"},{"id":3403566,"title":"ра русь","value":"%D1%80%D0%B0%20%D1%80%D1%83%D1%81%D1%8C"},{"id":218248,"title":"alternativ","value":"alternativ"},{"id":2451258,"title":"för","value":"f%C3%B6r"},{"id":14415,"title":"sverige","value":"sverige"},{"id":1830850,"title":"sverigedemokraterna","value":"sverigedemokraterna"},{"id":89538,"title":"democrats","value":"democrats"},{"id":2864752,"title":"invandrare","value":"invandrare"},{"id":1874943,"title":"invandring","value":"invandring"},{"id":40667,"title":"immigrants","value":"immigrants"},{"id":52810,"title":"immigration","value":"immigration"},{"id":165091,"title":"jimmie","value":"jimmie"},{"id":1445042,"title":"åkesson","value":"%C3%A5kesson"},{"id":10257,"title":"english","value":"english"},{"id":37419,"title":"subtitles","value":"subtitles"},{"id":53078,"title":"subs","value":"subs"},{"id":485,"title":"fight","value":"fight"},{"id":7926,"title":"fighting","value":"fighting"},{"id":1141374,"title":"bråk","value":"br%C3%A5k"},{"id":3857,"title":"france","value":"france"},{"id":4521813,"title":"french riots","value":"french%20riots"},{"id":160293,"title":"2018","value":"2018"},{"id":7858,"title":"paris","value":"paris"},{"id":988451,"title":"macron","value":"macron"},{"id":161047,"title":"top moments","value":"top%20moments"},{"id":40665,"title":"unrest","value":"unrest"},{"id":4496033,"title":"giletsjaunes","value":"giletsjaunes"},{"id":4520003,"title":"yellowvests","value":"yellowvests"},{"id":2236,"title":"police","value":"police"},{"id":1591579,"title":"burnings","value":"burnings"},{"id":314520,"title":"farage","value":"farage"},{"id":5525,"title":"revolution","value":"revolution"},{"id":34769,"title":"eu","value":"eu"},{"id":19802,"title":"владимир путин","value":"%D0%B2%D0%BB%D0%B0%D0%B4%D0%B8%D0%BC%D0%B8%D1%80%20%D0%BF%D1%83%D1%82%D0%B8%D0%BD"},{"id":251971,"title":"владимир владимирович путин","value":"%D0%B2%D0%BB%D0%B0%D0%B4%D0%B8%D0%BC%D0%B8%D1%80%20%D0%B2%D0%BB%D0%B0%D0%B4%D0%B8%D0%BC%D0%B8%D1%80%D0%BE%D0%B2%D0%B8%D1%87%20%D0%BF%D1%83%D1%82%D0%B8%D0%BD"},{"id":338700,"title":"политка","value":"%D0%BF%D0%BE%D0%BB%D0%B8%D1%82%D0%BA%D0%B0"},{"id":231713,"title":"политика россии","value":"%D0%BF%D0%BE%D0%BB%D0%B8%D1%82%D0%B8%D0%BA%D0%B0%20%D1%80%D0%BE%D1%81%D1%81%D0%B8%D0%B8"},{"id":349,"title":"навальный","value":"%D0%BD%D0%B0%D0%B2%D0%B0%D0%BB%D1%8C%D0%BD%D1%8B%D0%B9"},{"id":73529,"title":"алексей навальный","value":"%D0%B0%D0%BB%D0%B5%D0%BA%D1%81%D0%B5%D0%B9%20%D0%BD%D0%B0%D0%B2%D0%B0%D0%BB%D1%8C%D0%BD%D1%8B%D0%B9"},{"id":3180028,"title":"алексей анатольевич навальный","value":"%D0%B0%D0%BB%D0%B5%D0%BA%D1%81%D0%B5%D0%B9%20%D0%B0%D0%BD%D0%B0%D1%82%D0%BE%D0%BB%D1%8C%D0%B5%D0%B2%D0%B8%D1%87%20%D0%BD%D0%B0%D0%B2%D0%B0%D0%BB%D1%8C%D0%BD%D1%8B%D0%B9"},{"id":41822,"title":"революция","value":"%D1%80%D0%B5%D0%B2%D0%BE%D0%BB%D1%8E%D1%86%D0%B8%D1%8F"},{"id":1265,"title":"россия","value":"%D1%80%D0%BE%D1%81%D1%81%D0%B8%D1%8F"},{"id":2975620,"title":"новости франции","value":"%D0%BD%D0%BE%D0%B2%D0%BE%D1%81%D1%82%D0%B8%20%D1%84%D1%80%D0%B0%D0%BD%D1%86%D0%B8%D0%B8"},{"id":91717,"title":"франция","value":"%D1%84%D1%80%D0%B0%D0%BD%D1%86%D0%B8%D1%8F"},{"id":830311,"title":"макрон","value":"%D0%BC%D0%B0%D0%BA%D1%80%D0%BE%D0%BD"},{"id":114564,"title":"протесты","value":"%D0%BF%D1%80%D0%BE%D1%82%D0%B5%D1%81%D1%82%D1%8B"},{"id":4473048,"title":"протесты во франции","value":"%D0%BF%D1%80%D0%BE%D1%82%D0%B5%D1%81%D1%82%D1%8B%20%D0%B2%D0%BE%20%D1%84%D1%80%D0%B0%D0%BD%D1%86%D0%B8%D0%B8"},{"id":4521814,"title":"вы что хотите как в париже?","value":"%D0%B2%D1%8B%20%D1%87%D1%82%D0%BE%20%D1%85%D0%BE%D1%82%D0%B8%D1%82%D0%B5%20%D0%BA%D0%B0%D0%BA%20%D0%B2%20%D0%BF%D0%B0%D1%80%D0%B8%D0%B6%D0%B5?"},{"id":74946,"title":"париж","value":"%D0%BF%D0%B0%D1%80%D0%B8%D0%B6"},{"id":232733,"title":"россия 24","value":"%D1%80%D0%BE%D1%81%D1%81%D0%B8%D1%8F%2024"},{"id":390498,"title":"ломовой","value":"%D0%BB%D0%BE%D0%BC%D0%BE%D0%B2%D0%BE%D0%B9"}],"categories":[{"id":35,"title":"News & Politics","permalink":"news","subscriptions_count":10054614,"big_image_url":"https://coub-anubis-a.akamaized.net/coub_storage/category/cw_image/6589193546b/5ea69fd70b7b36dec144f/big_1544622133_news.png","small_image_url":"https://coub-anubis-a.akamaized.net/coub_storage/category/cw_image/6589193546b/5ea69fd70b7b36dec144f/small_1544622133_news.png","med_image_url":"https://coub-anubis-a.akamaized.net/coub_storage/category/cw_image/6589193546b/5ea69fd70b7b36dec144f/med_1544622133_news.png","visible":true}],"communities":[{"id":35,"title":"News & Politics","permalink":"news","subscriptions_count":10054614,"big_image_url":"https://coub-anubis-a.akamaized.net/coub_storage/category/cw_image/6589193546b/5ea69fd70b7b36dec144f/big_1544622133_news.png","small_image_url":"https://coub-anubis-a.akamaized.net/coub_storage/category/cw_image/6589193546b/5ea69fd70b7b36dec144f/small_1544622133_news.png","med_image_url":"https://coub-anubis-a.akamaized.net/coub_storage/category/cw_image/6589193546b/5ea69fd70b7b36dec144f/med_1544622133_news.png","i_subscribed":true,"community_notifications_enabled":null,"description":null}],"recoubs_count":399,"remixes_count":0,"likes_count":2592,"dislikes_count":0,"raw_video_id":"","uploaded_by_ios_app":false,"uploaded_by_android_app":false,"media_blocks":{"uploaded_raw_videos":[],"external_raw_videos":[],"remixed_from_coubs":[{"id":36396758,"title":"Митинги в поддержку Сергея Фургала в Хабаровском крае продолжаются. Протесты в Хабаровске","url":"https://coub.com/coubs/2goo2e/remix","image":"https://coub-anubis-a.akamaized.net/coub_storage/media_block/cw_image/315e4a2e4d6/a6ad0fb0c88ad8d0ec92f/1594707018_jkciwq_1594706989_00032.jpg","image_retina":"https://coub-anubis-a.akamaized.net/coub_storage/media_block/cw_image/315e4a2e4d6/a6ad0fb0c88ad8d0ec92f/1594707018_jkciwq_1594706989_00032.jpg","meta":{"duration":"9.96"},"duration":null,"coub_channel_title":"TK","coub_channel_permalink":"tk461894","coub_views_count":19891,"coub_permalink":"2goo2e"}]},"raw_video_thumbnail_url":"","raw_video_title":"","video_block_banned":false,"duration":9.96,"promo_winner":false,"promo_winner_recoubers":null,"editorial_info":{},"promo_hint":null,"beeline_best_2014":null,"from_web_editor":true,"normalize_sound":true,"normalize_change_allowed":true,"best2015_addable":false,"ahmad_promo":null,"promo_data":null,"audio_copyright_claim":null,"ads_disabled":false,"is_safe_for_ads":true,"megafon_contents":[],"position_on_page":3},{"flag":null,"abuses":null,"recoubs_by_users_channels":null,"favourite":false,"promoted_id":null,"recoub":null,"like":null,"dislike":null,"reaction":null,"in_my_best2015":false,"id":132773713,"type":"Coub::Simple","permalink":"26oobq","title":"На дворе 2020","visibility_type":"public","original_visibility_type":"public","channel_id":450643,"created_at":"2019-12-26T11:15:01Z","updated_at":"2022-03-15T17:05:02Z","is_done":true,"views_count":138863,"cotd":null,"cotd_at":null,"visible_on_explore_root":false,"visible_on_explore":false,"featured":false,"published":true,"published_at":"2019-12-26T11:15:01Z","reversed":false,"from_editor_v2":true,"is_editable":true,"original_sound":true,"has_sound":true,"recoub_to":null,"file_versions":{"html5":{"video":{"higher":{"url":"https://coub-anubis-a.akamaized.net/coub_storage/coub/simple/cw_file/0339021733f/fa8bcfe2e1e22c761b63c/muted_mp4_huge_size_1577358934_muted_huge.mp4","size":2728970},"high":{"url":"https://coub-anubis-a.akamaized.net/coub_storage/coub/simple/cw_file/0339021733f/fa8bcfe2e1e22c761b63c/muted_mp4_big_size_1577358934_muted_big.mp4","size":1938559},"med":{"url":"https://coub-anubis-a.akamaized.net/coub_storage/coub/simple/cw_file/0339021733f/fa8bcfe2e1e22c761b63c/muted_mp4_med_size_1577358934_muted_med.mp4","size":699214}},"audio":{"high":{"url":"https://coub-anubis-a.akamaized.net/coub_storage/coub/simple/cw_looped_audio_high/36f06200beb/ffe15d06866ef84b94195/1605701927_high_1577358934_high.mp3","size":905596},"med":{"url":"https://coub-anubis-a.akamaized.net/coub_storage/coub/simple/cw_looped_audio_med/0301f3bc24e/cb0fcb1a859f0991377c2/1605701927_med_1577358934_med.mp3","size":805644},"sample_duration":10.101}},"mobile":{"video":"https://coub-anubis-a.akamaized.net/coub_storage/coub/simple/cw_file/0339021733f/fa8bcfe2e1e22c761b63c/muted_mp4_med_size_1577358934_muted_med.mp4","audio":["https://coub-anubis-a.akamaized.net/coub_storage/coub/simple/cw_looped_audio_med/0301f3bc24e/cb0fcb1a859f0991377c2/1605701927_med_1577358934_med.mp3"]},"share":{"default":"https://coub-anubis-a.akamaized.net/coub_storage/coub/simple/cw_video_for_sharing/6b0b83c8e53/2bdd651d3d20c5285eecb/1614699729_looped_1614699728.mp4"}},"audio_versions":{},"image_versions":{"template":"https://coub-anubis-a.akamaized.net/coub_storage/coub/simple/cw_image/3f5f64765fc/31d57ff28ecb1e1b3734a/1577358940_00032.jpg","versions":["micro","tiny","age_restricted","ios_large","ios_mosaic","big","med","small","pinterest"]},"first_frame_versions":{"template":"https://coub-anubis-a.akamaized.net/coub_storage/coub/simple/cw_timeline_pic/50bfb58ea7a/2297230f0e2dcee7e1f75/%{version}_1577358940_image.jpg","versions":["big","med","small","ios_large"]},"dimensions":{"big":[1280,720],"med":[640,360]},"site_w_h":[640,360],"page_w_h":[640,360],"site_w_h_small":[310,174],"size":[1280,720],"age_restricted":false,"age_restricted_by_admin":false,"not_safe_for_work":false,"allow_reuse":false,"dont_crop":false,"banned":false,"global_safe":false,"audio_file_url":null,"external_download":false,"application":null,"channel":{"id":450643,"permalink":"vova-startsev","title":"Vova Startsev","description":null,"followers_count":20,"following_count":6,"avatar_versions":{"template":"https://coub-anubis-a.akamaized.net/coub_storage/channel/cw_avatar/ea73e54c1df/751b2955646848b77723e/%{version}_1474507583_1iv4rmy_att-url-download.jpg","versions":["medium","medium_2x","profile_pic","profile_pic_new","profile_pic_new_2x","tiny","tiny_2x","small","small_2x","ios_large","ios_small"]}},"file":null,"picture":"https://coub-anubis-a.akamaized.net/coub_storage/coub/simple/cw_image/3f5f64765fc/31d57ff28ecb1e1b3734a/1577358940_00032.jpg","timeline_picture":"https://coub-anubis-a.akamaized.net/coub_storage/coub/simple/cw_timeline_pic/50bfb58ea7a/2297230f0e2dcee7e1f75/ios_large_1577358940_image.jpg","small_picture":"https://coub-anubis-a.akamaized.net/coub_storage/coub/simple/cw_image/3f5f64765fc/31d57ff28ecb1e1b3734a/1577358940_00032.jpg","sharing_picture":null,"percent_done":100,"tags":[],"categories":[{"id":35,"title":"News & Politics","permalink":"news","subscriptions_count":10054614,"big_image_url":"https://coub-anubis-a.akamaized.net/coub_storage/category/cw_image/6589193546b/5ea69fd70b7b36dec144f/big_1544622133_news.png","small_image_url":"https://coub-anubis-a.akamaized.net/coub_storage/category/cw_image/6589193546b/5ea69fd70b7b36dec144f/small_1544622133_news.png","med_image_url":"https://coub-anubis-a.akamaized.net/coub_storage/category/cw_image/6589193546b/5ea69fd70b7b36dec144f/med_1544622133_news.png","visible":true}],"communities":[{"id":35,"title":"News & Politics","permalink":"news","subscriptions_count":10054614,"big_image_url":"https://coub-anubis-a.akamaized.net/coub_storage/category/cw_image/6589193546b/5ea69fd70b7b36dec144f/big_1544622133_news.png","small_image_url":"https://coub-anubis-a.akamaized.net/coub_storage/category/cw_image/6589193546b/5ea69fd70b7b36dec144f/small_1544622133_news.png","med_image_url":"https://coub-anubis-a.akamaized.net/coub_storage/category/cw_image/6589193546b/5ea69fd70b7b36dec144f/med_1544622133_news.png","i_subscribed":true,"community_notifications_enabled":null,"description":null}],"recoubs_count":419,"remixes_count":1,"likes_count":2592,"dislikes_count":0,"raw_video_id":14628744,"uploaded_by_ios_app":false,"uploaded_by_android_app":false,"media_blocks":{"uploaded_raw_videos":[],"external_raw_videos":[],"remixed_from_coubs":[]},"raw_video_thumbnail_url":"/missing/missing.png","raw_video_title":"________________-________3________41._____________online-video-cutter.com_.mp4","video_block_banned":false,"duration":10.0,"promo_winner":false,"promo_winner_recoubers":null,"editorial_info":{},"promo_hint":null,"beeline_best_2014":null,"from_web_editor":true,"normalize_sound":true,"normalize_change_allowed":true,"best2015_addable":false,"ahmad_promo":null,"promo_data":null,"audio_copyright_claim":null,"ads_disabled":false,"is_safe_for_ads":true,"megafon_contents":[],"position_on_page":4},{"flag":null,"abuses":null,"recoubs_by_users_channels":null,"favourite":false,"promoted_id":null,"recoub":null,"like":null,"dislike":null,"reaction":null,"in_my_best2015":false,"id":138903385,"type":"Coub::Simple","permalink":"2acp7b","title":"Indian astronaut","visibility_type":"public","original_visibility_type":"public","channel_id":2473606,"created_at":"2020-03-07T23:08:28Z","updated_at":"2022-03-16T05:17:38Z","is_done":true,"views_count":183879,"cotd":null,"cotd_at":null,"visible_on_explore_root":false,"visible_on_explore":false,"featured":false,"published":true,"published_at":"2020-03-07T23:08:28Z","reversed":false,"from_editor_v2":true,"is_editable":true,"original_sound":false,"has_sound":false,"recoub_to":null,"file_versions":{"html5":{"video":{"higher":{"url":"https://coub-anubis-a.akamaized.net/coub_storage/coub/simple/cw_file/f9bee98a0e2/e33e2f70c9b1cb6134a75/muted_mp4_huge_size_1583923667_muted_huge.mp4","size":3551532},"high":{"url":"https://coub-anubis-a.akamaized.net/coub_storage/coub/simple/cw_file/f9bee98a0e2/e33e2f70c9b1cb6134a75/muted_mp4_big_size_1583923667_muted_big.mp4","size":2401715},"med":{"url":"https://coub-anubis-a.akamaized.net/coub_storage/coub/simple/cw_file/f9bee98a0e2/e33e2f70c9b1cb6134a75/muted_mp4_med_size_1583923667_muted_med.mp4","size":743757}},"audio":{"high":{"url":"https://coub-anubis-a.akamaized.net/coub_storage/coub/simple/cw_looped_audio_high/232356aba77/b4cf4807a0b9b9796933c/1605705010_high_1583923682_high.mp3","size":1014116},"med":{"url":"https://coub-anubis-a.akamaized.net/coub_storage/coub/simple/cw_looped_audio_med/b06bcec5cdb/8496248966665ab855d1c/1605705009_med_1583923682_med.mp3","size":957849},"sample_duration":9.288}},"mobile":{"video":"https://coub-anubis-a.akamaized.net/coub_storage/coub/simple/cw_file/f9bee98a0e2/e33e2f70c9b1cb6134a75/muted_mp4_med_size_1583923667_muted_med.mp4","audio":["https://coub-anubis-a.akamaized.net/coub_storage/coub/simple/cw_looped_audio_med/b06bcec5cdb/8496248966665ab855d1c/1605705009_med_1583923682_med.mp3"]},"share":{"default":"https://coub-anubis-a.akamaized.net/coub_storage/coub/simple/cw_video_for_sharing/b3d51ba0f7b/64ebdf1448dc8a1baa0d7/1608998648_looped_1608998647.mp4"}},"audio_versions":{"template":"https://coub-anubis-a.akamaized.net/coub_storage/audio_track/cw_normalized_copy/2c2230d47ca/22cec4e077bd16c29b682/mid_1583923677_normalized_1583923669_1hrqh92_edited.mp3","versions":["mid","low"]},"image_versions":{"template":"https://coub-anubis-a.akamaized.net/coub_storage/coub/simple/cw_image/34537bc9756/b973171f438bb41fc0ca0/1583923689_00029.jpg","versions":["micro","tiny","age_restricted","ios_large","ios_mosaic","big","med","small","pinterest"]},"first_frame_versions":{"template":"https://coub-anubis-a.akamaized.net/coub_storage/coub/simple/cw_timeline_pic/14dcebd89b9/b193741d109ba50f0d601/%{version}_1583923689_image.jpg","versions":["big","med","small","ios_large"]},"dimensions":{"big":[1280,736],"med":[640,368]},"site_w_h":[640,368],"page_w_h":[640,368],"site_w_h_small":[310,178],"size":[1280,736],"age_restricted":false,"age_restricted_by_admin":false,"not_safe_for_work":false,"allow_reuse":false,"dont_crop":false,"banned":false,"global_safe":true,"audio_file_url":"https://coub-anubis-a.akamaized.net/coub_storage/audio_track/cw_normalized_copy/2c2230d47ca/22cec4e077bd16c29b682/low_1583923677_normalized_1583923669_1hrqh92_edited.mp3","external_download":false,"application":null,"channel":{"id":2473606,"permalink":"ilhomparisi","title":"Setebe","description":"lol","followers_count":48,"following_count":91,"avatar_versions":{"template":"https://coub-anubis-a.akamaized.net/coub_storage/channel/cw_avatar/39961bc5324/ec2a420f0fc7fd481af0b/%{version}_1609146354_14ntz0r_1474628491_lgys0c_702316086994276352.jpg","versions":["medium","medium_2x","profile_pic","profile_pic_new","profile_pic_new_2x","tiny","tiny_2x","small","small_2x","ios_large","ios_small"]}},"file":null,"picture":"https://coub-anubis-a.akamaized.net/coub_storage/coub/simple/cw_image/34537bc9756/b973171f438bb41fc0ca0/1583923689_00029.jpg","timeline_picture":"https://coub-anubis-a.akamaized.net/coub_storage/coub/simple/cw_timeline_pic/14dcebd89b9/b193741d109ba50f0d601/ios_large_1583923689_image.jpg","small_picture":"https://coub-anubis-a.akamaized.net/coub_storage/coub/simple/cw_image/34537bc9756/b973171f438bb41fc0ca0/1583923689_00029.jpg","sharing_picture":null,"percent_done":100,"tags":[],"categories":[{"id":35,"title":"News & Politics","permalink":"news","subscriptions_count":10054614,"big_image_url":"https://coub-anubis-a.akamaized.net/coub_storage/category/cw_image/6589193546b/5ea69fd70b7b36dec144f/big_1544622133_news.png","small_image_url":"https://coub-anubis-a.akamaized.net/coub_storage/category/cw_image/6589193546b/5ea69fd70b7b36dec144f/small_1544622133_news.png","med_image_url":"https://coub-anubis-a.akamaized.net/coub_storage/category/cw_image/6589193546b/5ea69fd70b7b36dec144f/med_1544622133_news.png","visible":true}],"communities":[{"id":35,"title":"News & Politics","permalink":"news","subscriptions_count":10054614,"big_image_url":"https://coub-anubis-a.akamaized.net/coub_storage/category/cw_image/6589193546b/5ea69fd70b7b36dec144f/big_1544622133_news.png","small_image_url":"https://coub-anubis-a.akamaized.net/coub_storage/category/cw_image/6589193546b/5ea69fd70b7b36dec144f/small_1544622133_news.png","med_image_url":"https://coub-anubis-a.akamaized.net/coub_storage/category/cw_image/6589193546b/5ea69fd70b7b36dec144f/med_1544622133_news.png","i_subscribed":true,"community_notifications_enabled":null,"description":null}],"recoubs_count":487,"remixes_count":2,"likes_count":2588,"dislikes_count":0,"raw_video_id":14907509,"uploaded_by_ios_app":false,"uploaded_by_android_app":false,"media_blocks":{"uploaded_raw_videos":[],"external_raw_videos":[],"remixed_from_coubs":[]},"raw_video_thumbnail_url":"/missing/missing.png","raw_video_title":"coub.mp4","video_block_banned":false,"duration":9.16,"promo_winner":false,"promo_winner_recoubers":null,"editorial_info":{},"promo_hint":null,"beeline_best_2014":null,"from_web_editor":true,"normalize_sound":true,"normalize_change_allowed":true,"best2015_addable":false,"ahmad_promo":null,"promo_data":null,"audio_copyright_claim":null,"ads_disabled":false,"is_safe_for_ads":true,"megafon_contents":[{"id":169038,"content":{"title":"Дурацкое дело нехитрое","year":2014,"kind":"film","season":null,"parental_rating":18,"url":"https://megafon.tv/movies/vods/Duratskoe_delo_nehitroe_2014?utm_source=coub&utm_medium=shazam&utm_campaign=ml-tv_megafon-tv_coub-shazam-special_nov-dec_2019","preview_url":"https://static-sesure.cdn.megafon.tv/images/Film/eb/2f/e60d20c378b732504b668ea0fa0bae891602/tile__external.jpeg"},"match_duration":0.73,"max_frame_diff":15,"is_correct":null},{"id":169037,"content":{"title":"Оно 2","year":2019,"kind":"film","season":null,"parental_rating":18,"url":"https://megafon.tv/movies/vods/Ono_2_2019?utm_source=coub&utm_medium=shazam&utm_campaign=ml-tv_megafon-tv_coub-shazam-special_nov-dec_2019","preview_url":"https://static-sesure.cdn.megafon.tv/images/Film/84/34/a8e3aefcff04ead8cc87be1f67d88e5d8828/tile__external.jpeg"},"match_duration":0.93,"max_frame_diff":15,"is_correct":null},{"id":169036,"content":{"title":"Дэдвуд","year":2019,"kind":"film","season":null,"parental_rating":18,"url":"https://megafon.tv/movies/vods/Dedvud_film_2019?utm_source=coub&utm_medium=shazam&utm_campaign=ml-tv_megafon-tv_coub-shazam-special_nov-dec_2019","preview_url":"https://static-sesure.cdn.megafon.tv/images/Film/19/3c/d4b747f6e17bddd3199867269f875b1bfbb3/tile__external.jpeg"},"match_duration":0.67,"max_frame_diff":15,"is_correct":null},{"id":169035,"content":{"title":"Королевство","year":2007,"kind":"film","season":null,"parental_rating":16,"url":"https://megafon.tv/movies/vods/Korolevstvo_2007?utm_source=coub&utm_medium=shazam&utm_campaign=ml-tv_megafon-tv_coub-shazam-special_nov-dec_2019","preview_url":"https://static-sesure.cdn.megafon.tv/images/Film/1e/9d/395f6135136cd74a8c2911f55ca4bd37c26e/tile__external.jpeg"},"match_duration":0.73,"max_frame_diff":15,"is_correct":null},{"id":169034,"content":{"title":"Фокстрот","year":2017,"kind":"film","season":null,"parental_rating":18,"url":"https://megafon.tv/movies/vods/Fokstrot_2017?utm_source=coub&utm_medium=shazam&utm_campaign=ml-tv_megafon-tv_coub-shazam-special_nov-dec_2019","preview_url":"https://static-sesure.cdn.megafon.tv/images/Film/ad/0f/5524397c242d1022e431bf5bd05488ace90b/tile__external.jpeg"},"match_duration":1.0,"max_frame_diff":15,"is_correct":null},{"id":168965,"content":{"title":"Оно 2","year":2019,"kind":"film","season":null,"parental_rating":18,"url":"https://megafon.tv/movies/vods/Ono_2_2019?utm_source=coub&utm_medium=shazam&utm_campaign=ml-tv_megafon-tv_coub-shazam-special_nov-dec_2019","preview_url":"https://static-sesure.cdn.megafon.tv/images/Film/84/34/a8e3aefcff04ead8cc87be1f67d88e5d8828/tile__external.jpeg"},"match_duration":0.73,"max_frame_diff":10,"is_correct":null}],"position_on_page":5},{"flag":null,"abuses":null,"recoubs_by_users_channels":null,"favourite":false,"promoted_id":null,"recoub":null,"like":null,"dislike":null,"reaction":null,"in_my_best2015":false,"id":144305436,"type":"Coub::Simple","permalink":"2dkhhk","title":"Run covid run","visibility_type":"public","original_visibility_type":"public","channel_id":2266524,"created_at":"2020-05-07T14:00:41Z","updated_at":"2022-03-11T20:42:53Z","is_done":true,"views_count":162954,"cotd":null,"cotd_at":null,"visible_on_explore_root":false,"visible_on_explore":false,"featured":false,"published":true,"published_at":"2020-05-07T14:00:41Z","reversed":false,"from_editor_v2":true,"is_editable":true,"original_sound":false,"has_sound":false,"recoub_to":null,"file_versions":{"html5":{"video":{"higher":{"url":"https://coub-anubis-a.akamaized.net/coub_storage/coub/simple/cw_file/a4c7090ca22/3c1e67232d88a043f8497/muted_mp4_huge_size_1588860051_muted_huge.mp4","size":2003873},"high":{"url":"https://coub-anubis-a.akamaized.net/coub_storage/coub/simple/cw_file/a4c7090ca22/3c1e67232d88a043f8497/muted_mp4_big_size_1588860051_muted_big.mp4","size":1317677},"med":{"url":"https://coub-anubis-a.akamaized.net/coub_storage/coub/simple/cw_file/a4c7090ca22/3c1e67232d88a043f8497/muted_mp4_med_size_1588860051_muted_med.mp4","size":417375}},"audio":{"high":{"url":"https://coub-anubis-a.akamaized.net/coub_storage/coub/simple/cw_looped_audio_high/b7592c246b8/abb9b88292a1add5d5988/1605692519_high_1588860058_high.mp3","size":1022855},"med":{"url":"https://coub-anubis-a.akamaized.net/coub_storage/coub/simple/cw_looped_audio_med/c720b63a2f5/5650ea24a0b910cba4658/1605692519_med_1588860058_med.mp3","size":761495}}},"mobile":{"video":"https://coub-anubis-a.akamaized.net/coub_storage/coub/simple/cw_file/a4c7090ca22/3c1e67232d88a043f8497/muted_mp4_med_size_1588860051_muted_med.mp4","audio":["https://coub-anubis-a.akamaized.net/coub_storage/coub/simple/cw_looped_audio_med/c720b63a2f5/5650ea24a0b910cba4658/1605692519_med_1588860058_med.mp3"]},"share":{"default":"https://coub-anubis-a.akamaized.net/coub_storage/coub/simple/cw_video_for_sharing/c6d58074298/92304b70a6881ea5d91a8/1610692518_looped_1610692513.mp4"}},"audio_versions":{"template":"https://coub-anubis-a.akamaized.net/coub_storage/audio_track/cw_normalized_copy/2438de2487f/63936a7f9c84231d8240b/mid_1588860056_normalized_1588860052_1hurzta_edited.mp3","versions":["mid","low"]},"image_versions":{"template":"https://coub-anubis-a.akamaized.net/coub_storage/coub/simple/cw_image/7963413d428/9493af9f3a9410c328151/1588860068_00026.jpg","versions":["micro","tiny","age_restricted","ios_large","ios_mosaic","big","med","small","pinterest"]},"first_frame_versions":{"template":"https://coub-anubis-a.akamaized.net/coub_storage/coub/simple/cw_timeline_pic/64ba7e4076b/4e9a598fcc230937c6fd2/%{version}_1588860067_image.jpg","versions":["big","med","small","ios_large"]},"dimensions":{"big":[1280,720],"med":[640,360]},"site_w_h":[640,360],"page_w_h":[640,360],"site_w_h_small":[310,174],"size":[1280,720],"age_restricted":false,"age_restricted_by_admin":false,"not_safe_for_work":false,"allow_reuse":false,"dont_crop":false,"banned":false,"global_safe":false,"audio_file_url":"https://coub-anubis-a.akamaized.net/coub_storage/audio_track/cw_normalized_copy/2438de2487f/63936a7f9c84231d8240b/low_1588860056_normalized_1588860052_1hurzta_edited.mp3","external_download":false,"application":null,"channel":{"id":2266524,"permalink":"john-galt38","title":"John Galt","description":null,"followers_count":7,"following_count":4,"avatar_versions":{"template":"https://coub-anubis-a.akamaized.net/coub_storage/channel/cw_avatar/607ecfe5bce/06ab6b217a9e10c91c154/%{version}_1608801868_37pba8_1474617619_1nqvsom_282131829.jpg","versions":["medium","medium_2x","profile_pic","profile_pic_new","profile_pic_new_2x","tiny","tiny_2x","small","small_2x","ios_large","ios_small"]}},"file":null,"picture":"https://coub-anubis-a.akamaized.net/coub_storage/coub/simple/cw_image/7963413d428/9493af9f3a9410c328151/1588860068_00026.jpg","timeline_picture":"https://coub-anubis-a.akamaized.net/coub_storage/coub/simple/cw_timeline_pic/64ba7e4076b/4e9a598fcc230937c6fd2/ios_large_1588860067_image.jpg","small_picture":"https://coub-anubis-a.akamaized.net/coub_storage/coub/simple/cw_image/7963413d428/9493af9f3a9410c328151/1588860068_00026.jpg","sharing_picture":null,"percent_done":100,"tags":[{"id":5477340,"title":"covid19","value":"covid19"},{"id":676847,"title":"самоизоляция","value":"%D1%81%D0%B0%D0%BC%D0%BE%D0%B8%D0%B7%D0%BE%D0%BB%D1%8F%D1%86%D0%B8%D1%8F"},{"id":6799,"title":"полиция","value":"%D0%BF%D0%BE%D0%BB%D0%B8%D1%86%D0%B8%D1%8F"},{"id":2236,"title":"police","value":"police"},{"id":2155,"title":"москва","value":"%D0%BC%D0%BE%D1%81%D0%BA%D0%B2%D0%B0"},{"id":1184,"title":"moscow","value":"moscow"},{"id":3821267,"title":"runвася","value":"run%D0%B2%D0%B0%D1%81%D1%8F"}],"categories":[{"id":35,"title":"News & Politics","permalink":"news","subscriptions_count":10054614,"big_image_url":"https://coub-anubis-a.akamaized.net/coub_storage/category/cw_image/6589193546b/5ea69fd70b7b36dec144f/big_1544622133_news.png","small_image_url":"https://coub-anubis-a.akamaized.net/coub_storage/category/cw_image/6589193546b/5ea69fd70b7b36dec144f/small_1544622133_news.png","med_image_url":"https://coub-anubis-a.akamaized.net/coub_storage/category/cw_image/6589193546b/5ea69fd70b7b36dec144f/med_1544622133_news.png","visible":true}],"communities":[{"id":35,"title":"News & Politics","permalink":"news","subscriptions_count":10054614,"big_image_url":"https://coub-anubis-a.akamaized.net/coub_storage/category/cw_image/6589193546b/5ea69fd70b7b36dec144f/big_1544622133_news.png","small_image_url":"https://coub-anubis-a.akamaized.net/coub_storage/category/cw_image/6589193546b/5ea69fd70b7b36dec144f/small_1544622133_news.png","med_image_url":"https://coub-anubis-a.akamaized.net/coub_storage/category/cw_image/6589193546b/5ea69fd70b7b36dec144f/med_1544622133_news.png","i_subscribed":true,"community_notifications_enabled":null,"description":null}],"recoubs_count":424,"remixes_count":1,"likes_count":2584,"dislikes_count":0,"raw_video_id":"","uploaded_by_ios_app":false,"uploaded_by_android_app":false,"media_blocks":{"uploaded_raw_videos":[],"external_raw_videos":[],"remixed_from_coubs":[{"id":35723389,"title":"Здрасьте!!","url":"https://coub.com/coubs/2dkds5/remix","image":"https://coub-anubis-a.akamaized.net/coub_storage/media_block/cw_image/23b78d2f5e3/bb76cf67fbeb6aa072ada/1588855880_111dkm1_1588855862_00026.jpg","image_retina":"https://coub-anubis-a.akamaized.net/coub_storage/media_block/cw_image/23b78d2f5e3/bb76cf67fbeb6aa072ada/1588855880_111dkm1_1588855862_00026.jpg","meta":{"duration":"8.04"},"duration":null,"coub_channel_title":"Boss","coub_channel_permalink":"boss1980","coub_views_count":15818,"coub_permalink":"2dkds5"}]},"raw_video_thumbnail_url":"","raw_video_title":"","video_block_banned":false,"duration":8.0,"promo_winner":false,"promo_winner_recoubers":null,"editorial_info":{},"promo_hint":null,"beeline_best_2014":null,"from_web_editor":true,"normalize_sound":true,"normalize_change_allowed":true,"best2015_addable":false,"ahmad_promo":null,"promo_data":null,"audio_copyright_claim":null,"ads_disabled":false,"is_safe_for_ads":true,"megafon_contents":[],"position_on_page":6},{"flag":null,"abuses":null,"recoubs_by_users_channels":null,"favourite":false,"promoted_id":null,"recoub":null,"like":null,"dislike":null,"reaction":null,"in_my_best2015":false,"id":105253407,"type":"Coub::Simple","permalink":"1q9bc3","title":"Revolution","visibility_type":"public","original_visibility_type":"public","channel_id":4208131,"created_at":"2019-03-13T18:55:35Z","updated_at":"2022-03-11T19:22:04Z","is_done":true,"views_count":169325,"cotd":null,"cotd_at":null,"visible_on_explore_root":false,"visible_on_explore":false,"featured":false,"published":true,"published_at":"2019-03-13T18:55:34Z","reversed":false,"from_editor_v2":true,"is_editable":true,"original_sound":false,"has_sound":false,"recoub_to":null,"file_versions":{"html5":{"video":{"higher":{"url":"https://coub-anubis-a.akamaized.net/coub_storage/coub/simple/cw_file/4dc171c2584/7626fe624f805e5ee8285/muted_mp4_huge_size_1570093327_muted_huge.mp4","size":2770853},"high":{"url":"https://coub-anubis-a.akamaized.net/coub_storage/coub/simple/cw_file/4dc171c2584/7626fe624f805e5ee8285/muted_mp4_big_size_1570093327_muted_big.mp4","size":2043363},"med":{"url":"https://coub-anubis-a.akamaized.net/coub_storage/coub/simple/cw_file/4dc171c2584/7626fe624f805e5ee8285/muted_mp4_med_size_1570093327_muted_med.mp4","size":664963}},"audio":{"high":{"url":"https://coub-anubis-a.akamaized.net/coub_storage/coub/simple/cw_looped_audio_high/635e9e2d670/fb759724f96cb33edec55/1605677695_high_1552503394_high.mp3","size":6459654},"med":{"url":"https://coub-anubis-a.akamaized.net/coub_storage/coub/simple/cw_looped_audio_med/d93f9981bf7/4f768b8c5391b0483ea37/1605677694_med_1552503394_med.mp3","size":4973321}}},"mobile":{"video":"https://coub-anubis-a.akamaized.net/coub_storage/coub/simple/cw_file/4dc171c2584/7626fe624f805e5ee8285/muted_mp4_med_size_1570093327_muted_med.mp4","audio":["https://coub-anubis-a.akamaized.net/coub_storage/coub/simple/cw_looped_audio_med/d93f9981bf7/4f768b8c5391b0483ea37/1605677694_med_1552503394_med.mp3"]},"share":{"default":"https://coub-anubis-a.akamaized.net/coub_storage/coub/simple/cw_video_for_sharing/3c5e94bc1cd/45e7073cd4ad30ed7935f/1612026884_looped_1612026884.mp4"}},"audio_versions":{"template":"https://coub-anubis-a.akamaized.net/coub_storage/audio_track/cw_normalized_copy/514b9a24468/eb49ac084405982201db9/mid_1552503371_normalized_1552503132_audio.mp3","versions":["mid","low"]},"image_versions":{"template":"https://coub-anubis-a.akamaized.net/coub_storage/coub/simple/cw_image/c532c75ed30/6f6ce16d60d2f8dcc9b43/1552503418_00024.jpg","versions":["micro","tiny","age_restricted","ios_large","ios_mosaic","big","med","small","pinterest"]},"first_frame_versions":{"template":"https://coub-anubis-a.akamaized.net/coub_storage/coub/simple/cw_timeline_pic/c1b807030b1/56d2b1eb0c8b4932e23c8/%{version}_1552503417_image.jpg","versions":["big","med","small","ios_large"]},"dimensions":{"big":[1280,720],"med":[640,360]},"site_w_h":[640,360],"page_w_h":[640,360],"site_w_h_small":[310,174],"size":[1280,720],"age_restricted":false,"age_restricted_by_admin":false,"not_safe_for_work":false,"allow_reuse":false,"dont_crop":false,"banned":false,"global_safe":true,"audio_file_url":"https://coub-anubis-a.akamaized.net/coub_storage/audio_track/cw_normalized_copy/514b9a24468/eb49ac084405982201db9/low_1552503371_normalized_1552503132_audio.mp3","external_download":false,"application":null,"channel":{"id":4208131,"permalink":"mr-slifox","title":"Mr SliFoX","description":"Just best coub in the World!","followers_count":135,"following_count":9,"avatar_versions":{"template":"https://coub-anubis-a.akamaized.net/coub_storage/channel/cw_avatar/423b1a71ea4/a8399f8ee05c2e00271be/%{version}_1607419982_zc2487_1545566955_Mr_SliFoX_Ava.jpg","versions":["medium","medium_2x","profile_pic","profile_pic_new","profile_pic_new_2x","tiny","tiny_2x","small","small_2x","ios_large","ios_small"]}},"file":null,"picture":"https://coub-anubis-a.akamaized.net/coub_storage/coub/simple/cw_image/c532c75ed30/6f6ce16d60d2f8dcc9b43/1552503418_00024.jpg","timeline_picture":"https://coub-anubis-a.akamaized.net/coub_storage/coub/simple/cw_timeline_pic/c1b807030b1/56d2b1eb0c8b4932e23c8/ios_large_1552503417_image.jpg","small_picture":"https://coub-anubis-a.akamaized.net/coub_storage/coub/simple/cw_image/c532c75ed30/6f6ce16d60d2f8dcc9b43/1552503418_00024.jpg","sharing_picture":null,"percent_done":100,"tags":[{"id":3007,"title":"news","value":"news"},{"id":3857,"title":"france","value":"france"},{"id":4502198,"title":"macron government","value":"macron%20government"},{"id":4502199,"title":"moratorim","value":"moratorim"},{"id":4502200,"title":"fuel price","value":"fuel%20price"},{"id":4502201,"title":"paris riot","value":"paris%20riot"},{"id":1500117,"title":"violent protests","value":"violent%20protests"},{"id":4181043,"title":"local media","value":"local%20media"},{"id":4502202,"title":"safety jackets","value":"safety%20jackets"},{"id":15773,"title":"dictator","value":"dictator"},{"id":66149,"title":"working class","value":"working%20class"},{"id":4502203,"title":"fuel taxes","value":"fuel%20taxes"},{"id":4502204,"title":"macron resign","value":"macron%20resign"},{"id":334360,"title":"leave me","value":"leave%20me"},{"id":4511129,"title":"deadmoon-leave me","value":"deadmoon-leave%20me"},{"id":7858,"title":"paris","value":"paris"},{"id":5525,"title":"revolution","value":"revolution"},{"id":4136,"title":"world","value":"world"},{"id":3082,"title":"video","value":"video"},{"id":45154,"title":"bestvideo","value":"bestvideo"},{"id":1450,"title":"best","value":"best"},{"id":2884,"title":"friends","value":"friends"},{"id":955,"title":"like","value":"like"},{"id":2236,"title":"police","value":"police"},{"id":4413,"title":"politics","value":"politics"},{"id":5626,"title":"december","value":"december"},{"id":3284,"title":"people","value":"people"},{"id":1851090,"title":"2pac remix","value":"2pac%20remix"},{"id":4766241,"title":"2pac legendary 2 (sabimixx)","value":"2pac%20legendary%202%20(sabimixx)"}],"categories":[{"id":35,"title":"News & Politics","permalink":"news","subscriptions_count":10054614,"big_image_url":"https://coub-anubis-a.akamaized.net/coub_storage/category/cw_image/6589193546b/5ea69fd70b7b36dec144f/big_1544622133_news.png","small_image_url":"https://coub-anubis-a.akamaized.net/coub_storage/category/cw_image/6589193546b/5ea69fd70b7b36dec144f/small_1544622133_news.png","med_image_url":"https://coub-anubis-a.akamaized.net/coub_storage/category/cw_image/6589193546b/5ea69fd70b7b36dec144f/med_1544622133_news.png","visible":true}],"communities":[{"id":35,"title":"News & Politics","permalink":"news","subscriptions_count":10054614,"big_image_url":"https://coub-anubis-a.akamaized.net/coub_storage/category/cw_image/6589193546b/5ea69fd70b7b36dec144f/big_1544622133_news.png","small_image_url":"https://coub-anubis-a.akamaized.net/coub_storage/category/cw_image/6589193546b/5ea69fd70b7b36dec144f/small_1544622133_news.png","med_image_url":"https://coub-anubis-a.akamaized.net/coub_storage/category/cw_image/6589193546b/5ea69fd70b7b36dec144f/med_1544622133_news.png","i_subscribed":true,"community_notifications_enabled":null,"description":null}],"recoubs_count":661,"remixes_count":11,"likes_count":2584,"dislikes_count":0,"raw_video_id":"","uploaded_by_ios_app":false,"uploaded_by_android_app":false,"media_blocks":{"uploaded_raw_videos":[],"external_raw_videos":[],"remixed_from_coubs":[{"id":30887984,"title":"Чужие улицы","url":"https://coub.com/coubs/1q7fx0/remix","image":"https://coub-anubis-a.akamaized.net/coub_storage/media_block/cw_image/38387b62df0/f069967d50896e6adb9f8/1552430328_129gnj4_1552430318_00024.jpg","image_retina":"https://coub-anubis-a.akamaized.net/coub_storage/media_block/cw_image/38387b62df0/f069967d50896e6adb9f8/1552430328_129gnj4_1552430318_00024.jpg","meta":{"duration":"7.4"},"duration":null,"coub_channel_title":"Антон Исаев","coub_channel_permalink":"anton-isaev49","coub_views_count":25467,"coub_permalink":"1q7fx0"}]},"raw_video_thumbnail_url":"","raw_video_title":"","video_block_banned":false,"duration":7.4,"promo_winner":false,"promo_winner_recoubers":null,"editorial_info":{},"promo_hint":null,"beeline_best_2014":null,"from_web_editor":true,"normalize_sound":true,"normalize_change_allowed":true,"best2015_addable":false,"ahmad_promo":null,"promo_data":null,"audio_copyright_claim":null,"ads_disabled":false,"is_safe_for_ads":true,"megafon_contents":[],"position_on_page":7},{"flag":null,"abuses":null,"recoubs_by_users_channels":null,"favourite":false,"promoted_id":null,"recoub":null,"like":null,"dislike":null,"reaction":null,"in_my_best2015":false,"id":163724895,"type":"Coub::Simple","permalink":"2p4prr","title":"о Демократии Борис Прокудин","visibility_type":"public","original_visibility_type":"public","channel_id":10904069,"created_at":"2021-02-14T21:24:43Z","updated_at":"2022-03-15T20:42:11Z","is_done":true,"views_count":138474,"cotd":null,"cotd_at":null,"visible_on_explore_root":false,"visible_on_explore":false,"featured":false,"published":true,"published_at":"2021-02-14T21:24:43Z","reversed":false,"from_editor_v2":true,"is_editable":true,"original_sound":false,"has_sound":false,"recoub_to":null,"file_versions":{"html5":{"video":{"higher":{"url":"https://coub-anubis-a.akamaized.net/coub_storage/coub/simple/cw_file/0082db5b389/e3a9b82a6aa59d6668376/muted_mp4_huge_size_1613337899_muted_huge.mp4","size":464934},"high":{"url":"https://coub-anubis-a.akamaized.net/coub_storage/coub/simple/cw_file/0082db5b389/e3a9b82a6aa59d6668376/muted_mp4_big_size_1613337899_muted_big.mp4","size":310743},"med":{"url":"https://coub-anubis-a.akamaized.net/coub_storage/coub/simple/cw_file/0082db5b389/e3a9b82a6aa59d6668376/muted_mp4_med_size_1613337899_muted_med.mp4","size":96644}},"audio":{"high":{"url":"https://coub-anubis-a.akamaized.net/coub_storage/coub/simple/cw_looped_audio_high/6555c8b907c/6b777c57407784ae6cbaf/1613337911_mp3-high.mp3","size":1052020},"med":{"url":"https://coub-anubis-a.akamaized.net/coub_storage/coub/simple/cw_looped_audio_med/0cefd78fbe8/a2e4395cc4ea92a5a9bb3/1613337910_mp3-med.mp3","size":1033518}}},"mobile":{"video":"https://coub-anubis-a.akamaized.net/coub_storage/coub/simple/cw_file/0082db5b389/e3a9b82a6aa59d6668376/muted_mp4_med_size_1613337899_muted_med.mp4","audio":["https://coub-anubis-a.akamaized.net/coub_storage/coub/simple/cw_looped_audio_med/0cefd78fbe8/a2e4395cc4ea92a5a9bb3/1613337910_mp3-med.mp3"]},"share":{"default":"https://coub-anubis-a.akamaized.net/coub_storage/coub/simple/cw_video_for_sharing/64128aad26b/c910a40fbc47471ab9034/1613337927_looped_1613337927.mp4"}},"audio_versions":{"template":"https://coub-anubis-a.akamaized.net/coub_storage/audio_track/cw_normalized_copy/297f975b877/69677754792374008341b/mid_1613337907_normalized_1613337901_gsgz3m_edited.mp3","versions":["mid","low"]},"image_versions":{"template":"https://coub-anubis-a.akamaized.net/coub_storage/coub/simple/cw_image/1dcd80c959d/f083020586f24c5d6bc11/%{version}_1613337914_00019.jpg","versions":["micro","tiny","age_restricted","ios_large","ios_mosaic","big","med","small","pinterest"]},"first_frame_versions":{"template":"https://coub-anubis-a.akamaized.net/coub_storage/coub/simple/cw_timeline_pic/738b95c223e/7c0a163b6eba591f8b316/%{version}_1613337913_image.jpg","versions":["big","med","small","ios_large"]},"dimensions":{"big":[1280,720],"med":[640,360]},"site_w_h":[640,360],"page_w_h":[640,360],"site_w_h_small":[310,174],"size":[1280,720],"age_restricted":false,"age_restricted_by_admin":false,"not_safe_for_work":false,"allow_reuse":false,"dont_crop":true,"banned":false,"global_safe":false,"audio_file_url":"https://coub-anubis-a.akamaized.net/coub_storage/audio_track/cw_normalized_copy/297f975b877/69677754792374008341b/low_1613337907_normalized_1613337901_gsgz3m_edited.mp3","external_download":false,"application":null,"channel":{"id":10904069,"permalink":"deestent","title":"Deestent","description":null,"followers_count":2,"following_count":14,"avatar_versions":{"template":"https://coub-anubis-a.akamaized.net/coub_storage/channel/cw_avatar/ca3aa60afca/df74bb794aa89540fbbd6/%{version}_1611348625___________.jpg","versions":["medium","medium_2x","profile_pic","profile_pic_new","profile_pic_new_2x","tiny","tiny_2x","small","small_2x","ios_large","ios_small"]}},"file":null,"picture":"https://coub-anubis-a.akamaized.net/coub_storage/coub/simple/cw_image/1dcd80c959d/f083020586f24c5d6bc11/med_1613337914_00019.jpg","timeline_picture":"https://coub-anubis-a.akamaized.net/coub_storage/coub/simple/cw_timeline_pic/738b95c223e/7c0a163b6eba591f8b316/ios_large_1613337913_image.jpg","small_picture":"https://coub-anubis-a.akamaized.net/coub_storage/coub/simple/cw_image/1dcd80c959d/f083020586f24c5d6bc11/ios_mosaic_1613337914_00019.jpg","sharing_picture":null,"percent_done":100,"tags":[{"id":115884,"title":"диалог","value":"%D0%B4%D0%B8%D0%B0%D0%BB%D0%BE%D0%B3"},{"id":66,"title":"политика","value":"%D0%BF%D0%BE%D0%BB%D0%B8%D1%82%D0%B8%D0%BA%D0%B0"},{"id":187553,"title":"анархия","value":"%D0%B0%D0%BD%D0%B0%D1%80%D1%85%D0%B8%D1%8F"},{"id":15748,"title":"демократия","value":"%D0%B4%D0%B5%D0%BC%D0%BE%D0%BA%D1%80%D0%B0%D1%82%D0%B8%D1%8F"},{"id":6163009,"title":"бориспрокудин","value":"%D0%B1%D0%BE%D1%80%D0%B8%D1%81%D0%BF%D1%80%D0%BE%D0%BA%D1%83%D0%B4%D0%B8%D0%BD"}],"categories":[{"id":35,"title":"News & Politics","permalink":"news","subscriptions_count":10054614,"big_image_url":"https://coub-anubis-a.akamaized.net/coub_storage/category/cw_image/6589193546b/5ea69fd70b7b36dec144f/big_1544622133_news.png","small_image_url":"https://coub-anubis-a.akamaized.net/coub_storage/category/cw_image/6589193546b/5ea69fd70b7b36dec144f/small_1544622133_news.png","med_image_url":"https://coub-anubis-a.akamaized.net/coub_storage/category/cw_image/6589193546b/5ea69fd70b7b36dec144f/med_1544622133_news.png","visible":true}],"communities":[{"id":35,"title":"News & Politics","permalink":"news","subscriptions_count":10054614,"big_image_url":"https://coub-anubis-a.akamaized.net/coub_storage/category/cw_image/6589193546b/5ea69fd70b7b36dec144f/big_1544622133_news.png","small_image_url":"https://coub-anubis-a.akamaized.net/coub_storage/category/cw_image/6589193546b/5ea69fd70b7b36dec144f/small_1544622133_news.png","med_image_url":"https://coub-anubis-a.akamaized.net/coub_storage/category/cw_image/6589193546b/5ea69fd70b7b36dec144f/med_1544622133_news.png","i_subscribed":true,"community_notifications_enabled":null,"description":null}],"recoubs_count":449,"remixes_count":0,"likes_count":2583,"dislikes_count":0,"raw_video_id":16172441,"uploaded_by_ios_app":false,"uploaded_by_android_app":false,"media_blocks":{"uploaded_raw_videos":[],"external_raw_videos":[],"remixed_from_coubs":[]},"raw_video_thumbnail_url":"/missing/missing.png","raw_video_title":"wwUntiwfgwwwwwwtled.mp4","video_block_banned":false,"duration":5.96,"promo_winner":false,"promo_winner_recoubers":null,"editorial_info":{},"promo_hint":null,"beeline_best_2014":null,"from_web_editor":true,"normalize_sound":true,"normalize_change_allowed":true,"best2015_addable":false,"ahmad_promo":null,"promo_data":null,"audio_copyright_claim":null,"ads_disabled":false,"is_safe_for_ads":true,"megafon_contents":[],"position_on_page":8},{"flag":null,"abuses":null,"recoubs_by_users_channels":null,"favourite":false,"promoted_id":null,"recoub":null,"like":null,"dislike":null,"reaction":null,"in_my_best2015":false,"id":95475653,"type":"Coub::Simple","permalink":"1kfqpu","title":"Lászt Kriszmösz - sponsored by \"MAHART\" & JÓnagy János","visibility_type":"public","original_visibility_type":"public","channel_id":1172790,"created_at":"2018-12-23T23:36:38Z","updated_at":"2022-03-09T00:52:14Z","is_done":true,"views_count":154767,"cotd":null,"cotd_at":null,"visible_on_explore_root":false,"visible_on_explore":false,"featured":false,"published":true,"published_at":"2018-12-23T23:36:38Z","reversed":false,"from_editor_v2":true,"is_editable":true,"original_sound":true,"has_sound":true,"recoub_to":null,"file_versions":{"html5":{"video":{"higher":{"url":"https://coub-anubis-a.akamaized.net/coub_storage/coub/simple/cw_file/7251c9b1653/48f4384f4ede5fcc8a019/muted_mp4_huge_size_1570555839_muted_huge.mp4","size":2868150},"high":{"url":"https://coub-anubis-a.akamaized.net/coub_storage/coub/simple/cw_file/7251c9b1653/48f4384f4ede5fcc8a019/muted_mp4_big_size_1570555839_muted_big.mp4","size":2126388},"med":{"url":"https://coub-anubis-a.akamaized.net/coub_storage/coub/simple/cw_file/7251c9b1653/48f4384f4ede5fcc8a019/muted_mp4_med_size_1570555839_muted_med.mp4","size":754187}},"audio":{"high":{"url":"https://coub-anubis-a.akamaized.net/coub_storage/coub/simple/cw_looped_audio_high/3fa36fc6837/418ec9960fe2238c19d24/1605662932_high_1545608300_high.mp3","size":1135851},"med":{"url":"https://coub-anubis-a.akamaized.net/coub_storage/coub/simple/cw_looped_audio_med/c635ade79e7/b842cd169d843b0977f5b/1605662932_med_1545608300_med.mp3","size":875962},"sample_duration":9.148}},"mobile":{"video":"https://coub-anubis-a.akamaized.net/coub_storage/coub/simple/cw_file/7251c9b1653/48f4384f4ede5fcc8a019/muted_mp4_med_size_1570555839_muted_med.mp4","audio":["https://coub-anubis-a.akamaized.net/coub_storage/coub/simple/cw_looped_audio_med/c635ade79e7/b842cd169d843b0977f5b/1605662932_med_1545608300_med.mp3"]},"share":{"default":"https://coub-anubis-a.akamaized.net/coub_storage/coub/simple/cw_video_for_sharing/7f8227a67da/2eca72579c7ee1f4ec2e3/1608843890_looped_1608843888.mp4"}},"audio_versions":{},"image_versions":{"template":"https://coub-anubis-a.akamaized.net/coub_storage/coub/simple/cw_image/35625f7eb01/7ee29477cafa7d775a949/1545608307_00029.jpg","versions":["micro","tiny","age_restricted","ios_large","ios_mosaic","big","med","small","pinterest"]},"first_frame_versions":{"template":"https://coub-anubis-a.akamaized.net/coub_storage/coub/simple/cw_timeline_pic/824e3cda105/4245b375be7cdeda3ce11/%{version}_1545608306_image.jpg","versions":["big","med","small","ios_large"]},"dimensions":{"big":[1280,720],"med":[640,360]},"site_w_h":[640,360],"page_w_h":[640,360],"site_w_h_small":[310,174],"size":[1280,720],"age_restricted":false,"age_restricted_by_admin":false,"not_safe_for_work":false,"allow_reuse":false,"dont_crop":false,"banned":false,"global_safe":true,"audio_file_url":null,"external_download":false,"application":null,"channel":{"id":1172790,"permalink":"felcsuti.stroman","title":"StróMan","description":"#StandWithUkraine // ⚠️ Ápr. 3.: VityaSTOP! ⚠️ // \"Русский военный корабль, иди нахуй!\"","followers_count":3797,"following_count":585,"avatar_versions":{"template":"https://coub-anubis-a.akamaized.net/coub_storage/channel/cw_avatar/b4933ad4d32/f4cec780c88f39131f97f/%{version}_1643800047_Str_Man.jpg","versions":["medium","medium_2x","profile_pic","profile_pic_new","profile_pic_new_2x","tiny","tiny_2x","small","small_2x","ios_large","ios_small"]}},"file":null,"picture":"https://coub-anubis-a.akamaized.net/coub_storage/coub/simple/cw_image/35625f7eb01/7ee29477cafa7d775a949/1545608307_00029.jpg","timeline_picture":"https://coub-anubis-a.akamaized.net/coub_storage/coub/simple/cw_timeline_pic/824e3cda105/4245b375be7cdeda3ce11/ios_large_1545608306_image.jpg","small_picture":"https://coub-anubis-a.akamaized.net/coub_storage/coub/simple/cw_image/35625f7eb01/7ee29477cafa7d775a949/1545608307_00029.jpg","sharing_picture":null,"percent_done":100,"tags":[{"id":3466273,"title":"taylor dayne tell it to my heart official","value":"taylor%20dayne%20tell%20it%20to%20my%20heart%20official"},{"id":3317717,"title":"i'll always love you","value":"i'll%20always%20love%20you"},{"id":3466274,"title":"hqtaylordaynevevo","value":"hqtaylordaynevevo"},{"id":3466275,"title":"taylor dayne tell it to my heart","value":"taylor%20dayne%20tell%20it%20to%20my%20heart"},{"id":12523,"title":"hq","value":"hq"},{"id":9958,"title":"official","value":"official"},{"id":300631,"title":"arista","value":"arista"},{"id":1665,"title":"cover","value":"cover"},{"id":10645,"title":"karaoke","value":"karaoke"},{"id":3466276,"title":"taylor dayne live","value":"taylor%20dayne%20live"},{"id":22327,"title":"download","value":"download"},{"id":3466277,"title":"love will lead you back","value":"love%20will%20lead%20you%20back"},{"id":2045684,"title":"tell it to my heart","value":"tell%20it%20to%20my%20heart"},{"id":5186,"title":"audio","value":"audio"},{"id":16994,"title":"lyrics","value":"lyrics"},{"id":3866,"title":"live","value":"live"},{"id":735,"title":"music video","value":"music%20video"},{"id":3466278,"title":"tell it to my heart live","value":"tell%20it%20to%20my%20heart%20live"},{"id":24143,"title":"vevo","value":"vevo"},{"id":10018,"title":"sony","value":"sony"},{"id":2442714,"title":"mahart","value":"mahart"},{"id":999441,"title":"fónagy","value":"f%C3%B3nagy"},{"id":170921,"title":"fónagy jános","value":"f%C3%B3nagy%20j%C3%A1nos"},{"id":5386702,"title":"jónagy jános","value":"j%C3%B3nagy%20j%C3%A1nos"},{"id":2247269,"title":"maestro ziikos","value":"maestro%20ziikos"},{"id":3190022,"title":"maestroziikos","value":"maestroziikos"}],"categories":[{"id":35,"title":"News & Politics","permalink":"news","subscriptions_count":10054614,"big_image_url":"https://coub-anubis-a.akamaized.net/coub_storage/category/cw_image/6589193546b/5ea69fd70b7b36dec144f/big_1544622133_news.png","small_image_url":"https://coub-anubis-a.akamaized.net/coub_storage/category/cw_image/6589193546b/5ea69fd70b7b36dec144f/small_1544622133_news.png","med_image_url":"https://coub-anubis-a.akamaized.net/coub_storage/category/cw_image/6589193546b/5ea69fd70b7b36dec144f/med_1544622133_news.png","visible":true}],"communities":[{"id":35,"title":"News & Politics","permalink":"news","subscriptions_count":10054614,"big_image_url":"https://coub-anubis-a.akamaized.net/coub_storage/category/cw_image/6589193546b/5ea69fd70b7b36dec144f/big_1544622133_news.png","small_image_url":"https://coub-anubis-a.akamaized.net/coub_storage/category/cw_image/6589193546b/5ea69fd70b7b36dec144f/small_1544622133_news.png","med_image_url":"https://coub-anubis-a.akamaized.net/coub_storage/category/cw_image/6589193546b/5ea69fd70b7b36dec144f/med_1544622133_news.png","i_subscribed":true,"community_notifications_enabled":null,"description":null}],"recoubs_count":442,"remixes_count":2,"likes_count":2583,"dislikes_count":0,"raw_video_id":"","uploaded_by_ios_app":false,"uploaded_by_android_app":false,"media_blocks":{"uploaded_raw_videos":[],"external_raw_videos":[],"remixed_from_coubs":[{"id":29418153,"title":"Donald Trump - Last Christmas  👌😎","url":"https://coub.com/coubs/1jaaqo/remix","image":"https://coub-anubis-a.akamaized.net/coub_storage/media_block/cw_image/4bbda96820f/07caabdb9ff158cd28cd6/1544105437_m25h6u_1544105420_00029.jpg","image_retina":"https://coub-anubis-a.akamaized.net/coub_storage/media_block/cw_image/4bbda96820f/07caabdb9ff158cd28cd6/1544105437_m25h6u_1544105420_00029.jpg","meta":{"duration":"9.24"},"duration":null,"coub_channel_title":"Hudson","coub_channel_permalink":"hudson94","coub_views_count":591488,"coub_permalink":"1jaaqo"},{"id":23234697,"title":":-) Taylor Dayne feat. Fónagy \"MAHART\" János","url":"http://coub.com/coubs/zih3r/remix","image":"https://coub-anubis-a.akamaized.net/coub_storage/media_block/cw_image/07c56a6a50c/148407983a9c122d0f29a/1510565043_1510565035_00024.jpg","image_retina":"https://coub-anubis-a.akamaized.net/coub_storage/media_block/cw_image/07c56a6a50c/148407983a9c122d0f29a/1510565043_1510565035_00024.jpg","meta":{"duration":"7.6"},"duration":null,"coub_channel_title":"StróMan","coub_channel_permalink":"felcsuti.stroman","coub_views_count":3385,"coub_permalink":"zih3r"}]},"raw_video_thumbnail_url":"","raw_video_title":"","video_block_banned":false,"duration":9.08,"promo_winner":false,"promo_winner_recoubers":null,"editorial_info":{},"promo_hint":null,"beeline_best_2014":null,"from_web_editor":true,"normalize_sound":true,"normalize_change_allowed":true,"best2015_addable":false,"ahmad_promo":null,"promo_data":null,"audio_copyright_claim":null,"ads_disabled":false,"is_safe_for_ads":true,"megafon_contents":[],"position_on_page":9},{"flag":null,"abuses":null,"recoubs_by_users_channels":null,"favourite":false,"promoted_id":null,"recoub":null,"like":null,"dislike":null,"reaction":null,"in_my_best2015":false,"id":164025317,"type":"Coub::Simple","permalink":"2pb5kv","title":"Donald Duck IRL","visibility_type":"public","original_visibility_type":"public","channel_id":1998195,"created_at":"2021-02-20T02:50:06Z","updated_at":"2022-03-15T21:02:26Z","is_done":true,"views_count":154525,"cotd":null,"cotd_at":null,"visible_on_explore_root":false,"visible_on_explore":false,"featured":false,"published":true,"published_at":"2021-02-20T02:50:06Z","reversed":true,"from_editor_v2":true,"is_editable":true,"original_sound":false,"has_sound":false,"recoub_to":null,"file_versions":{"html5":{"video":{"higher":{"url":"https://coub-anubis-a.akamaized.net/coub_storage/coub/simple/cw_file/7faf0cbc462/5e8977c56866e66066ffa/muted_mp4_huge_size_1613789413_muted_huge.mp4","size":4771443},"high":{"url":"https://coub-anubis-a.akamaized.net/coub_storage/coub/simple/cw_file/7faf0cbc462/5e8977c56866e66066ffa/muted_mp4_big_size_1613789413_muted_big.mp4","size":2917871},"med":{"url":"https://coub-anubis-a.akamaized.net/coub_storage/coub/simple/cw_file/7faf0cbc462/5e8977c56866e66066ffa/muted_mp4_med_size_1613789413_muted_med.mp4","size":922240}},"audio":{"high":{"url":"https://coub-anubis-a.akamaized.net/coub_storage/coub/simple/cw_looped_audio_high/df7a0d77bf3/46e39c2bf13328c6a8e41/1613789416_mp3-high.mp3","size":1184122},"med":{"url":"https://coub-anubis-a.akamaized.net/coub_storage/coub/simple/cw_looped_audio_med/d5f220e2832/12e03fa5ab79b1b157dc6/1613789416_mp3-med.mp3","size":845368}}},"mobile":{"video":"https://coub-anubis-a.akamaized.net/coub_storage/coub/simple/cw_file/7faf0cbc462/5e8977c56866e66066ffa/muted_mp4_med_size_1613789413_muted_med.mp4","audio":["https://coub-anubis-a.akamaized.net/coub_storage/coub/simple/cw_looped_audio_med/d5f220e2832/12e03fa5ab79b1b157dc6/1613789416_mp3-med.mp3"]},"share":{"default":"https://coub-anubis-a.akamaized.net/coub_storage/coub/simple/cw_video_for_sharing/d26e1987382/d6fdd7163c5b291c363ad/1613789461_looped_1613789459.mp4"}},"audio_versions":{"template":"https://coub-anubis-a.akamaized.net/coub_storage/audio_track/cw_file/5f5559482de/9417909d2849465a53927/mid_1613789414_1bypkqd_edited.mp3","versions":["mid","low"]},"image_versions":{"template":"https://coub-anubis-a.akamaized.net/coub_storage/coub/simple/cw_image/53a6246e6ab/c444a54e59517ae673f89/%{version}_1613789423_00063.jpg","versions":["micro","tiny","age_restricted","ios_large","ios_mosaic","big","med","small","pinterest"]},"first_frame_versions":{"template":"https://coub-anubis-a.akamaized.net/coub_storage/coub/simple/cw_timeline_pic/661be07a705/453c4df3079050690a7e2/%{version}_1613789422_image.jpg","versions":["big","med","small","ios_large"]},"dimensions":{"big":[544,960],"med":[272,480]},"site_w_h":[227,400],"page_w_h":[400,706],"site_w_h_small":[310,547],"size":[544,960],"age_restricted":false,"age_restricted_by_admin":false,"not_safe_for_work":false,"allow_reuse":false,"dont_crop":true,"banned":false,"global_safe":false,"audio_file_url":"https://coub-anubis-a.akamaized.net/coub_storage/audio_track/cw_file/5f5559482de/9417909d2849465a53927/low_1613789414_1bypkqd_edited.mp3","external_download":{"type":"Twitter","service_name":"Twitter","url":"https://twitter.com/HumansNoContext/status/1362887097829515268","has_embed":false},"application":null,"channel":{"id":1998195,"permalink":"immedozo","title":"Medozo","description":null,"followers_count":21,"following_count":5,"avatar_versions":{"template":"https://coub-anubis-a.akamaized.net/coub_storage/channel/cw_avatar/6483912c482/f0da00d3fd247e3281b0f/%{version}_1607895336_1rqnyqn_1493730405___________.png","versions":["medium","medium_2x","profile_pic","profile_pic_new","profile_pic_new_2x","tiny","tiny_2x","small","small_2x","ios_large","ios_small"]}},"file":null,"picture":"https://coub-anubis-a.akamaized.net/coub_storage/coub/simple/cw_image/53a6246e6ab/c444a54e59517ae673f89/med_1613789423_00063.jpg","timeline_picture":"https://coub-anubis-a.akamaized.net/coub_storage/coub/simple/cw_timeline_pic/661be07a705/453c4df3079050690a7e2/ios_large_1613789422_image.jpg","small_picture":"https://coub-anubis-a.akamaized.net/coub_storage/coub/simple/cw_image/53a6246e6ab/c444a54e59517ae673f89/ios_mosaic_1613789423_00063.jpg","sharing_picture":null,"percent_done":100,"tags":[{"id":12025,"title":"donald duck","value":"donald%20duck"},{"id":865214,"title":"face mask","value":"face%20mask"},{"id":5613013,"title":"medical mask","value":"medical%20mask"},{"id":1291,"title":"mask","value":"mask"}],"categories":[{"id":35,"title":"News & Politics","permalink":"news","subscriptions_count":10054614,"big_image_url":"https://coub-anubis-a.akamaized.net/coub_storage/category/cw_image/6589193546b/5ea69fd70b7b36dec144f/big_1544622133_news.png","small_image_url":"https://coub-anubis-a.akamaized.net/coub_storage/category/cw_image/6589193546b/5ea69fd70b7b36dec144f/small_1544622133_news.png","med_image_url":"https://coub-anubis-a.akamaized.net/coub_storage/category/cw_image/6589193546b/5ea69fd70b7b36dec144f/med_1544622133_news.png","visible":true}],"communities":[{"id":35,"title":"News & Politics","permalink":"news","subscriptions_count":10054614,"big_image_url":"https://coub-anubis-a.akamaized.net/coub_storage/category/cw_image/6589193546b/5ea69fd70b7b36dec144f/big_1544622133_news.png","small_image_url":"https://coub-anubis-a.akamaized.net/coub_storage/category/cw_image/6589193546b/5ea69fd70b7b36dec144f/small_1544622133_news.png","med_image_url":"https://coub-anubis-a.akamaized.net/coub_storage/category/cw_image/6589193546b/5ea69fd70b7b36dec144f/med_1544622133_news.png","i_subscribed":true,"community_notifications_enabled":null,"description":null}],"recoubs_count":408,"remixes_count":0,"likes_count":2579,"dislikes_count":0,"raw_video_id":16189226,"uploaded_by_ios_app":false,"uploaded_by_android_app":false,"media_blocks":{"uploaded_raw_videos":[],"external_raw_videos":[{"id":38233066,"title":"No Context Humans - https://t.co/wM6rOSG6ll","url":"https://twitter.com/HumansNoContext/status/1362887097829515268","image":"https://coub-anubis-a.akamaized.net/coub_storage/media_block/cw_image/ec9981bf465/6289f6bed9a0c89aeec52/video_1613789160_1elvoke_1613789154_1ihnbvf_att-url-download.jpg_name_orig","image_retina":"https://coub-anubis-a.akamaized.net/coub_storage/media_block/cw_image/ec9981bf465/6289f6bed9a0c89aeec52/video_retina_1613789160_1elvoke_1613789154_1ihnbvf_att-url-download.jpg_name_orig","meta":{"service":"Twitter","duration":"20.52"},"duration":20.52,"raw_video_id":16189226,"has_embed":false}],"remixed_from_coubs":[],"external_video":{"id":38233066,"title":"No Context Humans - https://t.co/wM6rOSG6ll","url":"https://twitter.com/HumansNoContext/status/1362887097829515268","image":"https://coub-anubis-a.akamaized.net/coub_storage/media_block/cw_image/ec9981bf465/6289f6bed9a0c89aeec52/video_1613789160_1elvoke_1613789154_1ihnbvf_att-url-download.jpg_name_orig","image_retina":"https://coub-anubis-a.akamaized.net/coub_storage/media_block/cw_image/ec9981bf465/6289f6bed9a0c89aeec52/video_retina_1613789160_1elvoke_1613789154_1ihnbvf_att-url-download.jpg_name_orig","meta":{"service":"Twitter","duration":"20.52"},"duration":20.52,"raw_video_id":16189226,"has_embed":false}},"raw_video_thumbnail_url":"/missing/missing.png","raw_video_title":"No Context Humans - https://t.co/wM6rOSG6ll","video_block_banned":false,"duration":20.0,"promo_winner":false,"promo_winner_recoubers":null,"editorial_info":{},"promo_hint":null,"beeline_best_2014":null,"from_web_editor":true,"normalize_sound":false,"normalize_change_allowed":true,"best2015_addable":false,"ahmad_promo":null,"promo_data":null,"audio_copyright_claim":null,"ads_disabled":false,"is_safe_for_ads":true,"megafon_contents":[],"position_on_page":10}]}