{"page":68,"per_page":10,"total_pages":500,"coubs":[{"flag":null,"abuses":null,"recoubs_by_users_channels":null,"favourite":false,"promoted_id":null,"recoub":null,"like":null,"dislike":null,"reaction":null,"in_my_best2015":false,"id":182877480,"type":"Coub::Simple","permalink":"30jftp","title":"waiting the ruSSian invasion","visibility_type":"public","original_visibility_type":"public","channel_id":751833,"created_at":"2022-02-16T11:10:03Z","updated_at":"2022-03-15T22:32:03Z","is_done":true,"views_count":134855,"cotd":null,"cotd_at":null,"visible_on_explore_root":false,"visible_on_explore":false,"featured":false,"published":true,"published_at":"2022-02-16T11:10:03Z","reversed":false,"from_editor_v2":true,"is_editable":true,"original_sound":true,"has_sound":true,"recoub_to":null,"file_versions":{"html5":{"video":{"higher":{"url":"https://coub-anubis-a.akamaized.net/coub_storage/coub/simple/cw_file/d9867273beb/ccaeee9199a04b3094f07/muted_mp4_huge_size_1645009811_muted_huge.mp4","size":1760371},"high":{"url":"https://coub-anubis-a.akamaized.net/coub_storage/coub/simple/cw_file/d9867273beb/ccaeee9199a04b3094f07/muted_mp4_big_size_1645009811_muted_big.mp4","size":1226611},"med":{"url":"https://coub-anubis-a.akamaized.net/coub_storage/coub/simple/cw_file/d9867273beb/ccaeee9199a04b3094f07/muted_mp4_med_size_1645009811_muted_med.mp4","size":305430}},"audio":{"high":{"url":"https://coub-anubis-a.akamaized.net/coub_storage/coub/simple/cw_looped_audio_high/1ab346a9e15/05eea2636442882088bdf/1645009813_mp3-high.mp3","size":982627},"med":{"url":"https://coub-anubis-a.akamaized.net/coub_storage/coub/simple/cw_looped_audio_med/b7dcb67f43e/6408d55a68e914bf5f5d1/1645009812_mp3-med.mp3","size":799076},"sample_duration":10.008}},"mobile":{"video":"https://coub-anubis-a.akamaized.net/coub_storage/coub/simple/cw_file/d9867273beb/ccaeee9199a04b3094f07/muted_mp4_med_size_1645009811_muted_med.mp4","audio":["https://coub-anubis-a.akamaized.net/coub_storage/coub/simple/cw_looped_audio_med/b7dcb67f43e/6408d55a68e914bf5f5d1/1645009812_mp3-med.mp3"]},"share":{"default":"https://coub-anubis-a.akamaized.net/coub_storage/coub/simple/cw_video_for_sharing/598c3fa85b1/a81494494db907cea4954/1645009846_looped_1645009845.mp4"}},"audio_versions":{},"image_versions":{"template":"https://coub-anubis-a.akamaized.net/coub_storage/coub/simple/cw_image/c89b9789b72/5e1532d04641aaa747880/%{version}_1645009820_00032.jpg","versions":["micro","tiny","age_restricted","ios_large","ios_mosaic","big","med","small","pinterest"]},"first_frame_versions":{"template":"https://coub-anubis-a.akamaized.net/coub_storage/coub/simple/cw_timeline_pic/30cbb74b91e/ddfd9772ebe4f7b5e4abd/%{version}_1645009819_image.jpg","versions":["big","med","small","ios_large"]},"dimensions":{"big":[1280,720],"med":[640,360]},"site_w_h":[640,360],"page_w_h":[640,360],"site_w_h_small":[310,174],"size":[1280,720],"age_restricted":false,"age_restricted_by_admin":false,"not_safe_for_work":false,"allow_reuse":false,"dont_crop":true,"banned":false,"global_safe":null,"audio_file_url":null,"external_download":false,"application":null,"channel":{"id":751833,"permalink":"morbon-video","title":"MorboN","description":"VIDEO","followers_count":3212,"following_count":526,"avatar_versions":{"template":"https://coub-anubis-a.akamaized.net/coub_storage/channel/cw_avatar/5d2de1b98e5/4aef5e5f2c7373f56e8d0/%{version}_1646042539_1111n.png","versions":["medium","medium_2x","profile_pic","profile_pic_new","profile_pic_new_2x","tiny","tiny_2x","small","small_2x","ios_large","ios_small"]}},"file":null,"picture":"https://coub-anubis-a.akamaized.net/coub_storage/coub/simple/cw_image/c89b9789b72/5e1532d04641aaa747880/med_1645009820_00032.jpg","timeline_picture":"https://coub-anubis-a.akamaized.net/coub_storage/coub/simple/cw_timeline_pic/30cbb74b91e/ddfd9772ebe4f7b5e4abd/ios_large_1645009819_image.jpg","small_picture":"https://coub-anubis-a.akamaized.net/coub_storage/coub/simple/cw_image/c89b9789b72/5e1532d04641aaa747880/ios_mosaic_1645009820_00032.jpg","sharing_picture":null,"percent_done":100,"tags":[],"categories":[{"id":35,"title":"News & Politics","permalink":"news","subscriptions_count":10054614,"big_image_url":"https://coub-anubis-a.akamaized.net/coub_storage/category/cw_image/6589193546b/5ea69fd70b7b36dec144f/big_1544622133_news.png","small_image_url":"https://coub-anubis-a.akamaized.net/coub_storage/category/cw_image/6589193546b/5ea69fd70b7b36dec144f/small_1544622133_news.png","med_image_url":"https://coub-anubis-a.akamaized.net/coub_storage/category/cw_image/6589193546b/5ea69fd70b7b36dec144f/med_1544622133_news.png","visible":true}],"communities":[{"id":35,"title":"News & Politics","permalink":"news","subscriptions_count":10054614,"big_image_url":"https://coub-anubis-a.akamaized.net/coub_storage/category/cw_image/6589193546b/5ea69fd70b7b36dec144f/big_1544622133_news.png","small_image_url":"https://coub-anubis-a.akamaized.net/coub_storage/category/cw_image/6589193546b/5ea69fd70b7b36dec144f/small_1544622133_news.png","med_image_url":"https://coub-anubis-a.akamaized.net/coub_storage/category/cw_image/6589193546b/5ea69fd70b7b36dec144f/med_1544622133_news.png","i_subscribed":true,"community_notifications_enabled":null,"description":null}],"recoubs_count":578,"remixes_count":0,"likes_count":3291,"dislikes_count":0,"raw_video_id":17136953,"uploaded_by_ios_app":false,"uploaded_by_android_app":false,"media_blocks":{"uploaded_raw_videos":[],"external_raw_videos":[],"remixed_from_coubs":[]},"raw_video_thumbnail_url":"https://coub-anubis-a.akamaized.net/coub_storage/raw_video/cw_image/9d7b5e72cc8/3009a37da218d0fa87bee/coub_media_1645009753_image.jpg","raw_video_title":"iiiii.mp4","video_block_banned":false,"duration":10.0,"promo_winner":false,"promo_winner_recoubers":null,"editorial_info":{},"promo_hint":null,"beeline_best_2014":null,"from_web_editor":true,"normalize_sound":true,"normalize_change_allowed":true,"best2015_addable":false,"ahmad_promo":null,"promo_data":null,"audio_copyright_claim":null,"ads_disabled":false,"is_safe_for_ads":true,"megafon_contents":[],"position_on_page":1},{"flag":null,"abuses":null,"recoubs_by_users_channels":null,"favourite":false,"promoted_id":null,"recoub":null,"like":null,"dislike":null,"reaction":null,"in_my_best2015":false,"id":143187447,"type":"Coub::Simple","permalink":"2cwiu4","title":"Online government","visibility_type":"public","original_visibility_type":"public","channel_id":294438,"created_at":"2020-04-24T17:03:53Z","updated_at":"2022-03-14T19:50:10Z","is_done":true,"views_count":190464,"cotd":null,"cotd_at":null,"visible_on_explore_root":true,"visible_on_explore":true,"featured":true,"published":true,"published_at":"2020-04-24T17:09:24Z","reversed":true,"from_editor_v2":true,"is_editable":true,"original_sound":false,"has_sound":false,"recoub_to":null,"file_versions":{"html5":{"video":{"higher":{"url":"https://coub-anubis-a.akamaized.net/coub_storage/coub/simple/cw_file/3126914a2a8/3e5a0a57019dcf8392829/muted_mp4_huge_size_1587747851_muted_huge.mp4","size":3481400},"high":{"url":"https://coub-anubis-a.akamaized.net/coub_storage/coub/simple/cw_file/3126914a2a8/3e5a0a57019dcf8392829/muted_mp4_big_size_1587747851_muted_big.mp4","size":2554271},"med":{"url":"https://coub-anubis-a.akamaized.net/coub_storage/coub/simple/cw_file/3126914a2a8/3e5a0a57019dcf8392829/muted_mp4_med_size_1587747851_muted_med.mp4","size":642681}},"audio":{"high":{"url":"https://coub-anubis-a.akamaized.net/coub_storage/coub/simple/cw_looped_audio_high/1dda5bb76b9/4d5c02707a67395347fea/1605696377_high_1587747879_high.mp3","size":3810017},"med":{"url":"https://coub-anubis-a.akamaized.net/coub_storage/coub/simple/cw_looped_audio_med/b79a3c76191/3bdde6ff823366e2a0979/1605696376_med_1587747879_med.mp3","size":2554229}}},"mobile":{"video":"https://coub-anubis-a.akamaized.net/coub_storage/coub/simple/cw_file/3126914a2a8/3e5a0a57019dcf8392829/muted_mp4_med_size_1587747851_muted_med.mp4","audio":["https://coub-anubis-a.akamaized.net/coub_storage/coub/simple/cw_looped_audio_med/b79a3c76191/3bdde6ff823366e2a0979/1605696376_med_1587747879_med.mp3"]},"share":{"default":"https://coub-anubis-a.akamaized.net/coub_storage/coub/simple/cw_video_for_sharing/2ffa4d6a47d/962dfc4280d3bd0433077/1608914918_looped_1608914917.mp4"}},"audio_versions":{"template":"https://coub-anubis-a.akamaized.net/coub_storage/audio_track/cw_file/1c966da1c0d/60155d378124e3034995b/mid_1587747856_jgt2km_edited.mp3","versions":["mid","low"]},"image_versions":{"template":"https://coub-anubis-a.akamaized.net/coub_storage/coub/simple/cw_image/19b57d429fa/826e249c775faed20a5db/1587747901_00063.jpg","versions":["micro","tiny","age_restricted","ios_large","ios_mosaic","big","med","small","pinterest"]},"first_frame_versions":{"template":"https://coub-anubis-a.akamaized.net/coub_storage/coub/simple/cw_timeline_pic/4f63ec4be31/4a92cc2df4c1be9d53e75/%{version}_1587747899_image.jpg","versions":["big","med","small","ios_large"]},"dimensions":{"big":[1280,720],"med":[640,360]},"site_w_h":[640,360],"page_w_h":[640,360],"site_w_h_small":[310,174],"size":[1280,720],"age_restricted":false,"age_restricted_by_admin":false,"not_safe_for_work":false,"allow_reuse":false,"dont_crop":false,"banned":false,"global_safe":true,"audio_file_url":"https://coub-anubis-a.akamaized.net/coub_storage/audio_track/cw_file/1c966da1c0d/60155d378124e3034995b/low_1587747856_jgt2km_edited.mp3","external_download":false,"application":null,"channel":{"id":294438,"permalink":"evgentuz82","title":"ᴇᴠɢᴇɴᴛᴜᴢ 82","description":"телеграм t.me/Evgentuz82","followers_count":8400,"following_count":1982,"avatar_versions":{"template":"https://coub-anubis-a.akamaized.net/coub_storage/channel/cw_avatar/b17f57c0af4/6445724dcb831e6e1f74e/%{version}_1620624944_VfwMRHPVz1M.jpg","versions":["medium","medium_2x","profile_pic","profile_pic_new","profile_pic_new_2x","tiny","tiny_2x","small","small_2x","ios_large","ios_small"]}},"file":null,"picture":"https://coub-anubis-a.akamaized.net/coub_storage/coub/simple/cw_image/19b57d429fa/826e249c775faed20a5db/1587747901_00063.jpg","timeline_picture":"https://coub-anubis-a.akamaized.net/coub_storage/coub/simple/cw_timeline_pic/4f63ec4be31/4a92cc2df4c1be9d53e75/ios_large_1587747899_image.jpg","small_picture":"https://coub-anubis-a.akamaized.net/coub_storage/coub/simple/cw_image/19b57d429fa/826e249c775faed20a5db/1587747901_00063.jpg","sharing_picture":null,"percent_done":100,"tags":[{"id":195,"title":"russia","value":"russia"},{"id":1265,"title":"россия","value":"%D1%80%D0%BE%D1%81%D1%81%D0%B8%D1%8F"},{"id":21549,"title":"government","value":"government"},{"id":2232,"title":"правительство","value":"%D0%BF%D1%80%D0%B0%D0%B2%D0%B8%D1%82%D0%B5%D0%BB%D1%8C%D1%81%D1%82%D0%B2%D0%BE"},{"id":1581,"title":"president","value":"president"},{"id":3546,"title":"президент","value":"%D0%BF%D1%80%D0%B5%D0%B7%D0%B8%D0%B4%D0%B5%D0%BD%D1%82"},{"id":640,"title":"putin","value":"putin"},{"id":73,"title":"путин","value":"%D0%BF%D1%83%D1%82%D0%B8%D0%BD"}],"categories":[{"id":35,"title":"News & Politics","permalink":"news","subscriptions_count":10054614,"big_image_url":"https://coub-anubis-a.akamaized.net/coub_storage/category/cw_image/6589193546b/5ea69fd70b7b36dec144f/big_1544622133_news.png","small_image_url":"https://coub-anubis-a.akamaized.net/coub_storage/category/cw_image/6589193546b/5ea69fd70b7b36dec144f/small_1544622133_news.png","med_image_url":"https://coub-anubis-a.akamaized.net/coub_storage/category/cw_image/6589193546b/5ea69fd70b7b36dec144f/med_1544622133_news.png","visible":true}],"communities":[{"id":35,"title":"News & Politics","permalink":"news","subscriptions_count":10054614,"big_image_url":"https://coub-anubis-a.akamaized.net/coub_storage/category/cw_image/6589193546b/5ea69fd70b7b36dec144f/big_1544622133_news.png","small_image_url":"https://coub-anubis-a.akamaized.net/coub_storage/category/cw_image/6589193546b/5ea69fd70b7b36dec144f/small_1544622133_news.png","med_image_url":"https://coub-anubis-a.akamaized.net/coub_storage/category/cw_image/6589193546b/5ea69fd70b7b36dec144f/med_1544622133_news.png","i_subscribed":true,"community_notifications_enabled":null,"description":null}],"recoubs_count":615,"remixes_count":1,"likes_count":3286,"dislikes_count":0,"raw_video_id":15127535,"uploaded_by_ios_app":false,"uploaded_by_android_app":false,"media_blocks":{"uploaded_raw_videos":[],"external_raw_videos":[],"remixed_from_coubs":[]},"raw_video_thumbnail_url":"/missing/missing.png","raw_video_title":"____________77___.mp4","video_block_banned":false,"duration":20.0,"promo_winner":false,"promo_winner_recoubers":null,"editorial_info":{},"promo_hint":null,"beeline_best_2014":null,"from_web_editor":true,"normalize_sound":false,"normalize_change_allowed":true,"best2015_addable":false,"ahmad_promo":null,"promo_data":null,"audio_copyright_claim":null,"ads_disabled":false,"is_safe_for_ads":true,"megafon_contents":[],"position_on_page":2},{"flag":null,"abuses":null,"recoubs_by_users_channels":null,"favourite":false,"promoted_id":null,"recoub":null,"like":null,"dislike":null,"reaction":null,"in_my_best2015":false,"id":162152113,"type":"Coub::Simple","permalink":"2o7071","title":"Borat in Putin's castle","visibility_type":"public","original_visibility_type":"public","channel_id":1833941,"created_at":"2021-01-20T14:15:27Z","updated_at":"2022-03-15T23:15:29Z","is_done":true,"views_count":319331,"cotd":null,"cotd_at":null,"visible_on_explore_root":true,"visible_on_explore":true,"featured":true,"published":true,"published_at":"2021-01-20T14:15:27Z","reversed":false,"from_editor_v2":true,"is_editable":true,"original_sound":true,"has_sound":true,"recoub_to":null,"file_versions":{"html5":{"video":{"higher":{"url":"https://coub-anubis-a.akamaized.net/coub_storage/coub/simple/cw_file/21e3421324b/9e1cd5fa0f02b82cee487/muted_mp4_huge_size_1611152136_muted_huge.mp4","size":2675191},"high":{"url":"https://coub-anubis-a.akamaized.net/coub_storage/coub/simple/cw_file/21e3421324b/9e1cd5fa0f02b82cee487/muted_mp4_big_size_1611152136_muted_big.mp4","size":1744470},"med":{"url":"https://coub-anubis-a.akamaized.net/coub_storage/coub/simple/cw_file/21e3421324b/9e1cd5fa0f02b82cee487/muted_mp4_med_size_1611152136_muted_med.mp4","size":525497}},"audio":{"high":{"url":"https://coub-anubis-a.akamaized.net/coub_storage/coub/simple/cw_looped_audio_high/3802c675dbb/53e88a0b1b07c1ae5810e/1611152138_mp3-high.mp3","size":762231},"med":{"url":"https://coub-anubis-a.akamaized.net/coub_storage/coub/simple/cw_looped_audio_med/070fc931aeb/620d1177b924974577d64/1611152137_mp3-med.mp3","size":760485},"sample_duration":10.008}},"mobile":{"video":"https://coub-anubis-a.akamaized.net/coub_storage/coub/simple/cw_file/21e3421324b/9e1cd5fa0f02b82cee487/muted_mp4_med_size_1611152136_muted_med.mp4","audio":["https://coub-anubis-a.akamaized.net/coub_storage/coub/simple/cw_looped_audio_med/070fc931aeb/620d1177b924974577d64/1611152137_mp3-med.mp3"]},"share":{"default":"https://coub-anubis-a.akamaized.net/coub_storage/coub/simple/cw_video_for_sharing/78cc51a4b78/2d21cc44457ba03eea4a9/1611152172_looped_1611152171.mp4"}},"audio_versions":{},"image_versions":{"template":"https://coub-anubis-a.akamaized.net/coub_storage/coub/simple/cw_image/57ace1755b6/fe650229c0c842773ca2a/%{version}_1611152143_00032.jpg","versions":["micro","tiny","age_restricted","ios_large","ios_mosaic","big","med","small","pinterest"]},"first_frame_versions":{"template":"https://coub-anubis-a.akamaized.net/coub_storage/coub/simple/cw_timeline_pic/82d9f105f66/2eb0eab1fd20ba201af78/%{version}_1611152142_image.jpg","versions":["big","med","small","ios_large"]},"dimensions":{"big":[1280,720],"med":[640,360]},"site_w_h":[640,360],"page_w_h":[640,360],"site_w_h_small":[310,174],"size":[1280,720],"age_restricted":false,"age_restricted_by_admin":false,"not_safe_for_work":false,"allow_reuse":false,"dont_crop":true,"banned":false,"global_safe":true,"audio_file_url":null,"external_download":false,"application":null,"channel":{"id":1833941,"permalink":"mynameispyc","title":"SayMyName","description":"Лучшее из недооценённого","followers_count":1601,"following_count":0,"avatar_versions":{"template":"https://coub-anubis-a.akamaized.net/coub_storage/channel/cw_avatar/83d3ac0ad91/38a864932ad2ae88f6195/%{version}_1614545165_____enhanced_colors_low.png","versions":["medium","medium_2x","profile_pic","profile_pic_new","profile_pic_new_2x","tiny","tiny_2x","small","small_2x","ios_large","ios_small"]}},"file":null,"picture":"https://coub-anubis-a.akamaized.net/coub_storage/coub/simple/cw_image/57ace1755b6/fe650229c0c842773ca2a/med_1611152143_00032.jpg","timeline_picture":"https://coub-anubis-a.akamaized.net/coub_storage/coub/simple/cw_timeline_pic/82d9f105f66/2eb0eab1fd20ba201af78/ios_large_1611152142_image.jpg","small_picture":"https://coub-anubis-a.akamaized.net/coub_storage/coub/simple/cw_image/57ace1755b6/fe650229c0c842773ca2a/ios_mosaic_1611152143_00032.jpg","sharing_picture":null,"percent_done":100,"tags":[{"id":641,"title":"borat","value":"borat"},{"id":80690,"title":"sasha baron cohen","value":"sasha%20baron%20cohen"},{"id":640,"title":"putin","value":"putin"},{"id":6118208,"title":"putin's castle","value":"putin's%20castle"},{"id":2275100,"title":"king in the castle","value":"king%20in%20the%20castle"}],"categories":[{"id":35,"title":"News & Politics","permalink":"news","subscriptions_count":10054614,"big_image_url":"https://coub-anubis-a.akamaized.net/coub_storage/category/cw_image/6589193546b/5ea69fd70b7b36dec144f/big_1544622133_news.png","small_image_url":"https://coub-anubis-a.akamaized.net/coub_storage/category/cw_image/6589193546b/5ea69fd70b7b36dec144f/small_1544622133_news.png","med_image_url":"https://coub-anubis-a.akamaized.net/coub_storage/category/cw_image/6589193546b/5ea69fd70b7b36dec144f/med_1544622133_news.png","visible":true}],"communities":[{"id":35,"title":"News & Politics","permalink":"news","subscriptions_count":10054614,"big_image_url":"https://coub-anubis-a.akamaized.net/coub_storage/category/cw_image/6589193546b/5ea69fd70b7b36dec144f/big_1544622133_news.png","small_image_url":"https://coub-anubis-a.akamaized.net/coub_storage/category/cw_image/6589193546b/5ea69fd70b7b36dec144f/small_1544622133_news.png","med_image_url":"https://coub-anubis-a.akamaized.net/coub_storage/category/cw_image/6589193546b/5ea69fd70b7b36dec144f/med_1544622133_news.png","i_subscribed":true,"community_notifications_enabled":null,"description":null}],"recoubs_count":501,"remixes_count":0,"likes_count":3285,"dislikes_count":0,"raw_video_id":16088012,"uploaded_by_ios_app":false,"uploaded_by_android_app":false,"media_blocks":{"uploaded_raw_videos":[],"external_raw_videos":[],"remixed_from_coubs":[]},"raw_video_thumbnail_url":"/missing/missing.png","raw_video_title":"Uym1jDfzOFyfxQUH.mp4","video_block_banned":false,"duration":10.0,"promo_winner":false,"promo_winner_recoubers":null,"editorial_info":{},"promo_hint":null,"beeline_best_2014":null,"from_web_editor":true,"normalize_sound":true,"normalize_change_allowed":true,"best2015_addable":false,"ahmad_promo":null,"promo_data":null,"audio_copyright_claim":null,"ads_disabled":false,"is_safe_for_ads":true,"megafon_contents":[],"position_on_page":3},{"flag":null,"abuses":null,"recoubs_by_users_channels":null,"favourite":false,"promoted_id":null,"recoub":null,"like":null,"dislike":null,"reaction":null,"in_my_best2015":false,"id":164277290,"type":"Coub::Simple","permalink":"2pgk07","title":"Что происходит во время анализа на ковид?","visibility_type":"public","original_visibility_type":"public","channel_id":10771521,"created_at":"2021-02-24T08:41:03Z","updated_at":"2022-03-09T11:20:08Z","is_done":true,"views_count":205949,"cotd":null,"cotd_at":null,"visible_on_explore_root":false,"visible_on_explore":false,"featured":false,"published":true,"published_at":"2021-02-24T08:41:03Z","reversed":false,"from_editor_v2":true,"is_editable":true,"original_sound":true,"has_sound":true,"recoub_to":null,"file_versions":{"html5":{"video":{"higher":{"url":"https://coub-anubis-a.akamaized.net/coub_storage/coub/simple/cw_file/07a276498e5/edb74a991f46d467a2298/muted_mp4_huge_size_1614156066_muted_huge.mp4","size":1693615},"high":{"url":"https://coub-anubis-a.akamaized.net/coub_storage/coub/simple/cw_file/07a276498e5/edb74a991f46d467a2298/muted_mp4_big_size_1614156066_muted_big.mp4","size":1047573},"med":{"url":"https://coub-anubis-a.akamaized.net/coub_storage/coub/simple/cw_file/07a276498e5/edb74a991f46d467a2298/muted_mp4_med_size_1614156066_muted_med.mp4","size":372913}},"audio":{"high":{"url":"https://coub-anubis-a.akamaized.net/coub_storage/coub/simple/cw_looped_audio_high/7ec69d9136e/bfbaed55f8b3538faeab0/1614156068_mp3-high.mp3","size":1142052},"med":{"url":"https://coub-anubis-a.akamaized.net/coub_storage/coub/simple/cw_looped_audio_med/96990ef68ba/655c619aa08c6564d5211/1614156067_mp3-med.mp3","size":941295},"sample_duration":9.938}},"mobile":{"video":"https://coub-anubis-a.akamaized.net/coub_storage/coub/simple/cw_file/07a276498e5/edb74a991f46d467a2298/muted_mp4_med_size_1614156066_muted_med.mp4","audio":["https://coub-anubis-a.akamaized.net/coub_storage/coub/simple/cw_looped_audio_med/96990ef68ba/655c619aa08c6564d5211/1614156067_mp3-med.mp3"]},"share":{"default":"https://coub-anubis-a.akamaized.net/coub_storage/coub/simple/cw_video_for_sharing/ad57bbcf451/505679fd4353867349185/1614156089_looped_1614156088.mp4"}},"audio_versions":{},"image_versions":{"template":"https://coub-anubis-a.akamaized.net/coub_storage/coub/simple/cw_image/d2a47ec9db6/ee98f534b92e8e1b3d73c/%{version}_1614156071_00032.jpg","versions":["micro","tiny","age_restricted","ios_large","ios_mosaic","big","med","small","pinterest"]},"first_frame_versions":{"template":"https://coub-anubis-a.akamaized.net/coub_storage/coub/simple/cw_timeline_pic/e313aa41524/49b5a8c67b6c2eb6cc171/%{version}_1614156071_image.jpg","versions":["big","med","small","ios_large"]},"dimensions":{"big":[550,960],"med":[274,480]},"site_w_h":[229,400],"page_w_h":[400,698],"site_w_h_small":[310,541],"size":[550,960],"age_restricted":false,"age_restricted_by_admin":false,"not_safe_for_work":false,"allow_reuse":false,"dont_crop":true,"banned":false,"global_safe":false,"audio_file_url":null,"external_download":false,"application":null,"channel":{"id":10771521,"permalink":"bender16857","title":"Bender","description":null,"followers_count":16,"following_count":22,"avatar_versions":{"template":"https://coub-anubis-a.akamaized.net/coub_storage/channel/cw_avatar/e58e294a3ba/4fd67d0f01bf286996fbe/%{version}_1608651662_tv-series-futurama-66392.jpg","versions":["medium","medium_2x","profile_pic","profile_pic_new","profile_pic_new_2x","tiny","tiny_2x","small","small_2x","ios_large","ios_small"]}},"file":null,"picture":"https://coub-anubis-a.akamaized.net/coub_storage/coub/simple/cw_image/d2a47ec9db6/ee98f534b92e8e1b3d73c/med_1614156071_00032.jpg","timeline_picture":"https://coub-anubis-a.akamaized.net/coub_storage/coub/simple/cw_timeline_pic/e313aa41524/49b5a8c67b6c2eb6cc171/ios_large_1614156071_image.jpg","small_picture":"https://coub-anubis-a.akamaized.net/coub_storage/coub/simple/cw_image/d2a47ec9db6/ee98f534b92e8e1b3d73c/ios_mosaic_1614156071_00032.jpg","sharing_picture":null,"percent_done":100,"tags":[{"id":5434877,"title":"коронавирус","value":"%D0%BA%D0%BE%D1%80%D0%BE%D0%BD%D0%B0%D0%B2%D0%B8%D1%80%D1%83%D1%81"},{"id":5526308,"title":"ковид 19","value":"%D0%BA%D0%BE%D0%B2%D0%B8%D0%B4%2019"},{"id":8942,"title":"вирус","value":"%D0%B2%D0%B8%D1%80%D1%83%D1%81"}],"categories":[{"id":35,"title":"News & Politics","permalink":"news","subscriptions_count":10054614,"big_image_url":"https://coub-anubis-a.akamaized.net/coub_storage/category/cw_image/6589193546b/5ea69fd70b7b36dec144f/big_1544622133_news.png","small_image_url":"https://coub-anubis-a.akamaized.net/coub_storage/category/cw_image/6589193546b/5ea69fd70b7b36dec144f/small_1544622133_news.png","med_image_url":"https://coub-anubis-a.akamaized.net/coub_storage/category/cw_image/6589193546b/5ea69fd70b7b36dec144f/med_1544622133_news.png","visible":true}],"communities":[{"id":35,"title":"News & Politics","permalink":"news","subscriptions_count":10054614,"big_image_url":"https://coub-anubis-a.akamaized.net/coub_storage/category/cw_image/6589193546b/5ea69fd70b7b36dec144f/big_1544622133_news.png","small_image_url":"https://coub-anubis-a.akamaized.net/coub_storage/category/cw_image/6589193546b/5ea69fd70b7b36dec144f/small_1544622133_news.png","med_image_url":"https://coub-anubis-a.akamaized.net/coub_storage/category/cw_image/6589193546b/5ea69fd70b7b36dec144f/med_1544622133_news.png","i_subscribed":true,"community_notifications_enabled":null,"description":null}],"recoubs_count":601,"remixes_count":0,"likes_count":3284,"dislikes_count":0,"raw_video_id":16202845,"uploaded_by_ios_app":false,"uploaded_by_android_app":false,"media_blocks":{"uploaded_raw_videos":[],"external_raw_videos":[],"remixed_from_coubs":[]},"raw_video_thumbnail_url":"https://coub-anubis-a.akamaized.net/coub_storage/raw_video/cw_image/6f00ec1f141/6c6f945b370250e4b9eeb/coub_media_1614155893_image.jpg","raw_video_title":"6511.mp4","video_block_banned":false,"duration":9.92,"promo_winner":false,"promo_winner_recoubers":null,"editorial_info":{},"promo_hint":null,"beeline_best_2014":null,"from_web_editor":true,"normalize_sound":true,"normalize_change_allowed":true,"best2015_addable":false,"ahmad_promo":null,"promo_data":null,"audio_copyright_claim":null,"ads_disabled":false,"is_safe_for_ads":true,"megafon_contents":[],"position_on_page":4},{"flag":null,"abuses":null,"recoubs_by_users_channels":null,"favourite":false,"promoted_id":null,"recoub":null,"like":null,"dislike":null,"reaction":null,"in_my_best2015":false,"id":102501097,"type":"Coub::Simple","permalink":"1ombml","title":"Когда Билли переехал жить в Россию","visibility_type":"public","original_visibility_type":"public","channel_id":5031716,"created_at":"2019-02-18T20:58:24Z","updated_at":"2022-03-13T18:31:22Z","is_done":true,"views_count":144638,"cotd":null,"cotd_at":null,"visible_on_explore_root":false,"visible_on_explore":false,"featured":false,"published":true,"published_at":"2019-02-18T20:58:24Z","reversed":false,"from_editor_v2":true,"is_editable":true,"original_sound":true,"has_sound":true,"recoub_to":null,"file_versions":{"html5":{"video":{"higher":{"url":"https://coub-anubis-a.akamaized.net/coub_storage/coub/simple/cw_file/027036fa5ca/718f53a6c90128f09669f/muted_mp4_huge_size_1570118449_muted_huge.mp4","size":2453751},"high":{"url":"https://coub-anubis-a.akamaized.net/coub_storage/coub/simple/cw_file/027036fa5ca/718f53a6c90128f09669f/muted_mp4_big_size_1570118449_muted_big.mp4","size":1856489},"med":{"url":"https://coub-anubis-a.akamaized.net/coub_storage/coub/simple/cw_file/027036fa5ca/718f53a6c90128f09669f/muted_mp4_med_size_1570118449_muted_med.mp4","size":618578}},"audio":{"high":{"url":"https://coub-anubis-a.akamaized.net/coub_storage/coub/simple/cw_looped_audio_high/b32818f755d/121273b63a30a53f27f09/1605673452_high_1550523516_high.mp3","size":1243525},"med":{"url":"https://coub-anubis-a.akamaized.net/coub_storage/coub/simple/cw_looped_audio_med/07501a4031f/acc1efd9ebfbf7b8fcd62/1605673452_med_1550523516_med.mp3","size":957119},"sample_duration":9.984}},"mobile":{"video":"https://coub-anubis-a.akamaized.net/coub_storage/coub/simple/cw_file/027036fa5ca/718f53a6c90128f09669f/muted_mp4_med_size_1570118449_muted_med.mp4","audio":["https://coub-anubis-a.akamaized.net/coub_storage/coub/simple/cw_looped_audio_med/07501a4031f/acc1efd9ebfbf7b8fcd62/1605673452_med_1550523516_med.mp3"]},"share":{"default":"https://coub-anubis-a.akamaized.net/coub_storage/coub/simple/cw_video_for_sharing/344f3531745/205d4e8f5275a8828561a/1611960666_looped_1611960666.mp4"}},"audio_versions":{},"image_versions":{"template":"https://coub-anubis-a.akamaized.net/coub_storage/coub/simple/cw_image/9759bdee448/4dd9d60aa5a9109c6a0c4/1550523526_00032.jpg","versions":["micro","tiny","age_restricted","ios_large","ios_mosaic","big","med","small","pinterest"]},"first_frame_versions":{"template":"https://coub-anubis-a.akamaized.net/coub_storage/coub/simple/cw_timeline_pic/8165d4fefc1/be014ef38212dcd200156/%{version}_1550523525_image.jpg","versions":["big","med","small","ios_large"]},"dimensions":{"big":[1280,720],"med":[640,360]},"site_w_h":[640,360],"page_w_h":[640,360],"site_w_h_small":[310,174],"size":[1280,720],"age_restricted":false,"age_restricted_by_admin":false,"not_safe_for_work":false,"allow_reuse":false,"dont_crop":false,"banned":false,"global_safe":false,"audio_file_url":null,"external_download":false,"application":null,"channel":{"id":5031716,"permalink":"fucking.shit","title":"FS","description":null,"followers_count":39,"following_count":12,"avatar_versions":{"template":"https://coubsecureassets-a.akamaihd.net/assets/default-avatars/16-876da8d37a49d3a4c9d824fdc4cf3009c23ae4d78d6623947268c2ce0ec89c83.png"}},"file":null,"picture":"https://coub-anubis-a.akamaized.net/coub_storage/coub/simple/cw_image/9759bdee448/4dd9d60aa5a9109c6a0c4/1550523526_00032.jpg","timeline_picture":"https://coub-anubis-a.akamaized.net/coub_storage/coub/simple/cw_timeline_pic/8165d4fefc1/be014ef38212dcd200156/ios_large_1550523525_image.jpg","small_picture":"https://coub-anubis-a.akamaized.net/coub_storage/coub/simple/cw_image/9759bdee448/4dd9d60aa5a9109c6a0c4/1550523526_00032.jpg","sharing_picture":null,"percent_done":100,"tags":[{"id":324462,"title":"скитлс","value":"%D1%81%D0%BA%D0%B8%D1%82%D0%BB%D1%81"},{"id":3785559,"title":"в россии отключат интернет","value":"%D0%B2%20%D1%80%D0%BE%D1%81%D1%81%D0%B8%D0%B8%20%D0%BE%D1%82%D0%BA%D0%BB%D1%8E%D1%87%D0%B0%D1%82%20%D0%B8%D0%BD%D1%82%D0%B5%D1%80%D0%BD%D0%B5%D1%82"},{"id":4702017,"title":"в россии растут цены","value":"%D0%B2%20%D1%80%D0%BE%D1%81%D1%81%D0%B8%D0%B8%20%D1%80%D0%B0%D1%81%D1%82%D1%83%D1%82%20%D1%86%D0%B5%D0%BD%D1%8B"},{"id":866916,"title":"чёт приуныл","value":"%D1%87%D1%91%D1%82%20%D0%BF%D1%80%D0%B8%D1%83%D0%BD%D1%8B%D0%BB"},{"id":3374640,"title":"evil morty theme song","value":"evil%20morty%20theme%20song"}],"categories":[{"id":35,"title":"News & Politics","permalink":"news","subscriptions_count":10054614,"big_image_url":"https://coub-anubis-a.akamaized.net/coub_storage/category/cw_image/6589193546b/5ea69fd70b7b36dec144f/big_1544622133_news.png","small_image_url":"https://coub-anubis-a.akamaized.net/coub_storage/category/cw_image/6589193546b/5ea69fd70b7b36dec144f/small_1544622133_news.png","med_image_url":"https://coub-anubis-a.akamaized.net/coub_storage/category/cw_image/6589193546b/5ea69fd70b7b36dec144f/med_1544622133_news.png","visible":true}],"communities":[{"id":35,"title":"News & Politics","permalink":"news","subscriptions_count":10054614,"big_image_url":"https://coub-anubis-a.akamaized.net/coub_storage/category/cw_image/6589193546b/5ea69fd70b7b36dec144f/big_1544622133_news.png","small_image_url":"https://coub-anubis-a.akamaized.net/coub_storage/category/cw_image/6589193546b/5ea69fd70b7b36dec144f/small_1544622133_news.png","med_image_url":"https://coub-anubis-a.akamaized.net/coub_storage/category/cw_image/6589193546b/5ea69fd70b7b36dec144f/med_1544622133_news.png","i_subscribed":true,"community_notifications_enabled":null,"description":null}],"recoubs_count":687,"remixes_count":0,"likes_count":3280,"dislikes_count":0,"raw_video_id":13241628,"uploaded_by_ios_app":false,"uploaded_by_android_app":false,"media_blocks":{"uploaded_raw_videos":[],"external_raw_videos":[],"remixed_from_coubs":[]},"raw_video_thumbnail_url":"/missing/missing.png","raw_video_title":"______________.mp4","video_block_banned":false,"duration":10.0,"promo_winner":false,"promo_winner_recoubers":null,"editorial_info":{},"promo_hint":null,"beeline_best_2014":null,"from_web_editor":true,"normalize_sound":false,"normalize_change_allowed":true,"best2015_addable":false,"ahmad_promo":null,"promo_data":null,"audio_copyright_claim":null,"ads_disabled":false,"is_safe_for_ads":true,"megafon_contents":[],"position_on_page":5},{"flag":null,"abuses":null,"recoubs_by_users_channels":null,"favourite":false,"promoted_id":null,"recoub":null,"like":null,"dislike":null,"reaction":null,"in_my_best2015":false,"id":169064748,"type":"Coub::Simple","permalink":"2sb622","title":"молния 🌩 ","visibility_type":"public","original_visibility_type":"public","channel_id":7888387,"created_at":"2021-05-20T15:27:00Z","updated_at":"2022-03-15T21:50:37Z","is_done":true,"views_count":288700,"cotd":null,"cotd_at":null,"visible_on_explore_root":false,"visible_on_explore":false,"featured":false,"published":true,"published_at":"2021-05-20T15:27:00Z","reversed":false,"from_editor_v2":true,"is_editable":true,"original_sound":true,"has_sound":true,"recoub_to":null,"file_versions":{"html5":{"video":{"higher":{"url":"https://coub-anubis-a.akamaized.net/coub_storage/coub/simple/cw_file/9c38fdf7889/41383f2c3f7393947141f/muted_mp4_huge_size_1621524433_muted_huge.mp4","size":2622178},"high":{"url":"https://coub-anubis-a.akamaized.net/coub_storage/coub/simple/cw_file/9c38fdf7889/41383f2c3f7393947141f/muted_mp4_big_size_1621524433_muted_big.mp4","size":1746117},"med":{"url":"https://coub-anubis-a.akamaized.net/coub_storage/coub/simple/cw_file/9c38fdf7889/41383f2c3f7393947141f/muted_mp4_med_size_1621524433_muted_med.mp4","size":570174}},"audio":{"high":{"url":"https://coub-anubis-a.akamaized.net/coub_storage/coub/simple/cw_looped_audio_high/0337c4149a4/cf479d3dc027d8c3c5cf9/1621524435_mp3-high.mp3","size":1068026},"med":{"url":"https://coub-anubis-a.akamaized.net/coub_storage/coub/simple/cw_looped_audio_med/a8de12f1b76/fb1780c2c085a3f988520/1621524434_mp3-med.mp3","size":894882},"sample_duration":8.011}},"mobile":{"video":"https://coub-anubis-a.akamaized.net/coub_storage/coub/simple/cw_file/9c38fdf7889/41383f2c3f7393947141f/muted_mp4_med_size_1621524433_muted_med.mp4","audio":["https://coub-anubis-a.akamaized.net/coub_storage/coub/simple/cw_looped_audio_med/a8de12f1b76/fb1780c2c085a3f988520/1621524434_mp3-med.mp3"]},"share":{"default":"https://coub-anubis-a.akamaized.net/coub_storage/coub/simple/cw_video_for_sharing/885af56bd25/c32a892e9eb7b4af61d07/1621524464_looped_1621524464.mp4"}},"audio_versions":{},"image_versions":{"template":"https://coub-anubis-a.akamaized.net/coub_storage/coub/simple/cw_image/88490afaf7a/088b953fb5952074a6fcb/%{version}_1621524440_00026.jpg","versions":["micro","tiny","age_restricted","ios_large","ios_mosaic","big","med","small","pinterest"]},"first_frame_versions":{"template":"https://coub-anubis-a.akamaized.net/coub_storage/coub/simple/cw_timeline_pic/d700f778c81/4abe6aa1efed451262a7c/%{version}_1621524439_image.jpg","versions":["big","med","small","ios_large"]},"dimensions":{"big":[1280,720],"med":[640,360]},"site_w_h":[640,360],"page_w_h":[640,360],"site_w_h_small":[310,174],"size":[1280,720],"age_restricted":false,"age_restricted_by_admin":false,"not_safe_for_work":false,"allow_reuse":false,"dont_crop":true,"banned":false,"global_safe":null,"audio_file_url":null,"external_download":false,"application":null,"channel":{"id":7888387,"permalink":"roman-romej","title":"roman romej","description":null,"followers_count":30,"following_count":9,"avatar_versions":{"template":"https://coub-anubis-a.akamaized.net/coub_storage/channel/cw_avatar/12b9ad9ca75/fe910bf614a39317dbc8c/%{version}_1607884764_ykcb0q_1586068688_icdoue_117105135867513571794.jpg","versions":["medium","medium_2x","profile_pic","profile_pic_new","profile_pic_new_2x","tiny","tiny_2x","small","small_2x","ios_large","ios_small"]}},"file":null,"picture":"https://coub-anubis-a.akamaized.net/coub_storage/coub/simple/cw_image/88490afaf7a/088b953fb5952074a6fcb/med_1621524440_00026.jpg","timeline_picture":"https://coub-anubis-a.akamaized.net/coub_storage/coub/simple/cw_timeline_pic/d700f778c81/4abe6aa1efed451262a7c/ios_large_1621524439_image.jpg","small_picture":"https://coub-anubis-a.akamaized.net/coub_storage/coub/simple/cw_image/88490afaf7a/088b953fb5952074a6fcb/ios_mosaic_1621524440_00026.jpg","sharing_picture":null,"percent_done":100,"tags":[],"categories":[{"id":35,"title":"News & Politics","permalink":"news","subscriptions_count":10054614,"big_image_url":"https://coub-anubis-a.akamaized.net/coub_storage/category/cw_image/6589193546b/5ea69fd70b7b36dec144f/big_1544622133_news.png","small_image_url":"https://coub-anubis-a.akamaized.net/coub_storage/category/cw_image/6589193546b/5ea69fd70b7b36dec144f/small_1544622133_news.png","med_image_url":"https://coub-anubis-a.akamaized.net/coub_storage/category/cw_image/6589193546b/5ea69fd70b7b36dec144f/med_1544622133_news.png","visible":true}],"communities":[{"id":35,"title":"News & Politics","permalink":"news","subscriptions_count":10054614,"big_image_url":"https://coub-anubis-a.akamaized.net/coub_storage/category/cw_image/6589193546b/5ea69fd70b7b36dec144f/big_1544622133_news.png","small_image_url":"https://coub-anubis-a.akamaized.net/coub_storage/category/cw_image/6589193546b/5ea69fd70b7b36dec144f/small_1544622133_news.png","med_image_url":"https://coub-anubis-a.akamaized.net/coub_storage/category/cw_image/6589193546b/5ea69fd70b7b36dec144f/med_1544622133_news.png","i_subscribed":true,"community_notifications_enabled":null,"description":null}],"recoubs_count":605,"remixes_count":3,"likes_count":3278,"dislikes_count":0,"raw_video_id":16457476,"uploaded_by_ios_app":false,"uploaded_by_android_app":true,"media_blocks":{"uploaded_raw_videos":[],"external_raw_videos":[],"remixed_from_coubs":[]},"raw_video_thumbnail_url":"/missing/missing.png","raw_video_title":null,"video_block_banned":false,"duration":8.0,"promo_winner":false,"promo_winner_recoubers":null,"editorial_info":{},"promo_hint":null,"beeline_best_2014":null,"from_web_editor":false,"normalize_sound":true,"normalize_change_allowed":true,"best2015_addable":false,"ahmad_promo":null,"promo_data":null,"audio_copyright_claim":null,"ads_disabled":false,"is_safe_for_ads":true,"megafon_contents":[],"position_on_page":6},{"flag":null,"abuses":null,"recoubs_by_users_channels":null,"favourite":false,"promoted_id":null,"recoub":null,"like":null,"dislike":null,"reaction":null,"in_my_best2015":false,"id":143690663,"type":"Coub::Simple","permalink":"2d7b4g","title":"30лет. Деградации. 30лет. Без \"Тоталитарного\" СССР. Реставрация Капитализма!","visibility_type":"public","original_visibility_type":"public","channel_id":8684862,"created_at":"2020-04-30T11:14:41Z","updated_at":"2022-03-15T18:37:46Z","is_done":true,"views_count":259696,"cotd":null,"cotd_at":null,"visible_on_explore_root":false,"visible_on_explore":false,"featured":false,"published":true,"published_at":"2020-04-30T11:14:40Z","reversed":false,"from_editor_v2":true,"is_editable":true,"original_sound":false,"has_sound":false,"recoub_to":null,"file_versions":{"html5":{"video":{"higher":{"url":"https://coub-anubis-a.akamaized.net/coub_storage/coub/simple/cw_file/dffc0b4dbd0/450726330ab3392466465/muted_mp4_huge_size_1588245398_muted_huge.mp4","size":3184200},"high":{"url":"https://coub-anubis-a.akamaized.net/coub_storage/coub/simple/cw_file/dffc0b4dbd0/450726330ab3392466465/muted_mp4_big_size_1588245398_muted_big.mp4","size":2130704},"med":{"url":"https://coub-anubis-a.akamaized.net/coub_storage/coub/simple/cw_file/dffc0b4dbd0/450726330ab3392466465/muted_mp4_med_size_1588245398_muted_med.mp4","size":650144}},"audio":{"high":{"url":"https://coub-anubis-a.akamaized.net/coub_storage/coub/simple/cw_looped_audio_high/f61e1b77694/86699f9a123af79341a42/1605694519_high_1588245422_high.mp3","size":3656912},"med":{"url":"https://coub-anubis-a.akamaized.net/coub_storage/coub/simple/cw_looped_audio_med/b9f0d212956/f3d8b1c4c00bc7cb573e1/1605694518_med_1588245422_med.mp3","size":2677974}}},"mobile":{"video":"https://coub-anubis-a.akamaized.net/coub_storage/coub/simple/cw_file/dffc0b4dbd0/450726330ab3392466465/muted_mp4_med_size_1588245398_muted_med.mp4","audio":["https://coub-anubis-a.akamaized.net/coub_storage/coub/simple/cw_looped_audio_med/b9f0d212956/f3d8b1c4c00bc7cb573e1/1605694518_med_1588245422_med.mp3"]},"share":{"default":"https://coub-anubis-a.akamaized.net/coub_storage/coub/simple/cw_video_for_sharing/3513a972b16/6161080dbca6b32fb75a9/1608420327_looped_1608420326.mp4"}},"audio_versions":{"template":"https://coub-anubis-a.akamaized.net/coub_storage/audio_track/cw_file/efcc352491e/0e592d08c4924a17a5b43/mid_1588245402_18zdpd5_edited.mp3","versions":["mid","low"]},"image_versions":{"template":"https://coub-anubis-a.akamaized.net/coub_storage/coub/simple/cw_image/4c5a03d993b/94b0819f57ed6a997ce67/1588245435_00031.jpg","versions":["micro","tiny","age_restricted","ios_large","ios_mosaic","big","med","small","pinterest"]},"first_frame_versions":{"template":"https://coub-anubis-a.akamaized.net/coub_storage/coub/simple/cw_timeline_pic/dd58e8f3f2f/9b2fce5d8d16224bf995f/%{version}_1588245434_image.jpg","versions":["big","med","small","ios_large"]},"dimensions":{"big":[1280,720],"med":[640,360]},"site_w_h":[640,360],"page_w_h":[640,360],"site_w_h_small":[310,174],"size":[1280,720],"age_restricted":false,"age_restricted_by_admin":false,"not_safe_for_work":false,"allow_reuse":false,"dont_crop":false,"banned":false,"global_safe":false,"audio_file_url":"https://coub-anubis-a.akamaized.net/coub_storage/audio_track/cw_file/efcc352491e/0e592d08c4924a17a5b43/low_1588245402_18zdpd5_edited.mp3","external_download":{"type":"Youtube","service_name":"YouTube","url":"https://www.youtube.com/watch?v=hbRni7nJ6PY","has_embed":true},"application":null,"channel":{"id":8684862,"permalink":"lbkdima1","title":"Gagarin.YU.A. [LBK]","description":"Заходи и смотри наш ютуб канал: Мир -- Рабочему Классу!","followers_count":497,"following_count":59,"avatar_versions":{"template":"https://coub-anubis-a.akamaized.net/coub_storage/channel/cw_avatar/77f8b244aa2/6fd9a0da3755b06e3329f/%{version}_1607421327_d2oyx2_1601655896_yuri_gagarin_cosmonaut_ussr_spacesuit_97869_720x1280.jpg","versions":["medium","medium_2x","profile_pic","profile_pic_new","profile_pic_new_2x","tiny","tiny_2x","small","small_2x","ios_large","ios_small"]}},"file":null,"picture":"https://coub-anubis-a.akamaized.net/coub_storage/coub/simple/cw_image/4c5a03d993b/94b0819f57ed6a997ce67/1588245435_00031.jpg","timeline_picture":"https://coub-anubis-a.akamaized.net/coub_storage/coub/simple/cw_timeline_pic/dd58e8f3f2f/9b2fce5d8d16224bf995f/ios_large_1588245434_image.jpg","small_picture":"https://coub-anubis-a.akamaized.net/coub_storage/coub/simple/cw_image/4c5a03d993b/94b0819f57ed6a997ce67/1588245435_00031.jpg","sharing_picture":null,"percent_done":100,"tags":[{"id":5588980,"title":"covid-19 new york","value":"covid-19%20new%20york"},{"id":5587608,"title":"hart island","value":"hart%20island"},{"id":5527335,"title":"coronavirus new york","value":"coronavirus%20new%20york"},{"id":5567563,"title":"new york coronavirus","value":"new%20york%20coronavirus"},{"id":5588981,"title":"covid-19 mass grave new york","value":"covid-19%20mass%20grave%20new%20york"},{"id":4238227,"title":"coronavirus","value":"coronavirus"},{"id":5477341,"title":"covid-19","value":"covid-19"},{"id":5436995,"title":"corona virus","value":"corona%20virus"},{"id":5522378,"title":"coronavirus update","value":"coronavirus%20update"},{"id":86,"title":"music","value":"music"},{"id":64455,"title":"witch house","value":"witch%20house"},{"id":16101,"title":"military","value":"military"},{"id":2236,"title":"police","value":"police"},{"id":20998,"title":"riot","value":"riot"},{"id":16634,"title":"protest","value":"protest"},{"id":149345,"title":"hong kong","value":"hong%20kong"},{"id":2937,"title":"china","value":"china"},{"id":4650007,"title":"vk.com/coub_cursed","value":"vk.com/coub_cursed"},{"id":1265,"title":"россия","value":"%D1%80%D0%BE%D1%81%D1%81%D0%B8%D1%8F"},{"id":3143,"title":"америка","value":"%D0%B0%D0%BC%D0%B5%D1%80%D0%B8%D0%BA%D0%B0"},{"id":4369,"title":"ельцин","value":"%D0%B5%D0%BB%D1%8C%D1%86%D0%B8%D0%BD"},{"id":326369,"title":"распад","value":"%D1%80%D0%B0%D1%81%D0%BF%D0%B0%D0%B4"},{"id":24544,"title":"либерал","value":"%D0%BB%D0%B8%D0%B1%D0%B5%D1%80%D0%B0%D0%BB"},{"id":39293,"title":"либерализм","value":"%D0%BB%D0%B8%D0%B1%D0%B5%D1%80%D0%B0%D0%BB%D0%B8%D0%B7%D0%BC"},{"id":572874,"title":"патология","value":"%D0%BF%D0%B0%D1%82%D0%BE%D0%BB%D0%BE%D0%B3%D0%B8%D1%8F"},{"id":39738,"title":"болезнь","value":"%D0%B1%D0%BE%D0%BB%D0%B5%D0%B7%D0%BD%D1%8C"},{"id":79284,"title":"перестройка","value":"%D0%BF%D0%B5%D1%80%D0%B5%D1%81%D1%82%D1%80%D0%BE%D0%B9%D0%BA%D0%B0"},{"id":55919,"title":"цитата","value":"%D1%86%D0%B8%D1%82%D0%B0%D1%82%D0%B0"},{"id":15748,"title":"демократия","value":"%D0%B4%D0%B5%D0%BC%D0%BE%D0%BA%D1%80%D0%B0%D1%82%D0%B8%D1%8F"},{"id":98208,"title":"капитализм","value":"%D0%BA%D0%B0%D0%BF%D0%B8%D1%82%D0%B0%D0%BB%D0%B8%D0%B7%D0%BC"},{"id":3940936,"title":"гигемон","value":"%D0%B3%D0%B8%D0%B3%D0%B5%D0%BC%D0%BE%D0%BD"},{"id":113387,"title":"империя","value":"%D0%B8%D0%BC%D0%BF%D0%B5%D1%80%D0%B8%D1%8F"},{"id":317039,"title":"империализм","value":"%D0%B8%D0%BC%D0%BF%D0%B5%D1%80%D0%B8%D0%B0%D0%BB%D0%B8%D0%B7%D0%BC"},{"id":6780,"title":"ленин","value":"%D0%BB%D0%B5%D0%BD%D0%B8%D0%BD"},{"id":41822,"title":"революция","value":"%D1%80%D0%B5%D0%B2%D0%BE%D0%BB%D1%8E%D1%86%D0%B8%D1%8F"},{"id":3472931,"title":"дядя вова мы с тобой","value":"%D0%B4%D1%8F%D0%B4%D1%8F%20%D0%B2%D0%BE%D0%B2%D0%B0%20%D0%BC%D1%8B%20%D1%81%20%D1%82%D0%BE%D0%B1%D0%BE%D0%B9"},{"id":3853,"title":"ссср","value":"%D1%81%D1%81%D1%81%D1%80"},{"id":43984,"title":"грот","value":"%D0%B3%D1%80%D0%BE%D1%82"},{"id":495845,"title":"апокалипсис сегодня","value":"%D0%B0%D0%BF%D0%BE%D0%BA%D0%B0%D0%BB%D0%B8%D0%BF%D1%81%D0%B8%D1%81%20%D1%81%D0%B5%D0%B3%D0%BE%D0%B4%D0%BD%D1%8F"},{"id":105741,"title":"постапокалипсис","value":"%D0%BF%D0%BE%D1%81%D1%82%D0%B0%D0%BF%D0%BE%D0%BA%D0%B0%D0%BB%D0%B8%D0%BF%D1%81%D0%B8%D1%81"},{"id":98245,"title":"антиутопия","value":"%D0%B0%D0%BD%D1%82%D0%B8%D1%83%D1%82%D0%BE%D0%BF%D0%B8%D1%8F"},{"id":193089,"title":"постъядерные миры","value":"%D0%BF%D0%BE%D1%81%D1%82%D1%8A%D1%8F%D0%B4%D0%B5%D1%80%D0%BD%D1%8B%D0%B5%20%D0%BC%D0%B8%D1%80%D1%8B"},{"id":21381,"title":"потоп","value":"%D0%BF%D0%BE%D1%82%D0%BE%D0%BF"},{"id":17784,"title":"зомби","value":"%D0%B7%D0%BE%D0%BC%D0%B1%D0%B8"},{"id":36227,"title":"инопланетяне","value":"%D0%B8%D0%BD%D0%BE%D0%BF%D0%BB%D0%B0%D0%BD%D0%B5%D1%82%D1%8F%D0%BD%D0%B5"},{"id":2247,"title":"fallout","value":"fallout"},{"id":145690,"title":"утопия","value":"%D1%83%D1%82%D0%BE%D0%BF%D0%B8%D1%8F"},{"id":13507,"title":"апокалипсис","value":"%D0%B0%D0%BF%D0%BE%D0%BA%D0%B0%D0%BB%D0%B8%D0%BF%D1%81%D0%B8%D1%81"},{"id":19109,"title":"apocalyptic","value":"apocalyptic"},{"id":6573,"title":"apocalypse","value":"apocalypse"},{"id":1785,"title":"nuclear","value":"nuclear"},{"id":97979,"title":"ядерное оружие","value":"%D1%8F%D0%B4%D0%B5%D1%80%D0%BD%D0%BE%D0%B5%20%D0%BE%D1%80%D1%83%D0%B6%D0%B8%D0%B5"},{"id":27449,"title":"ядерное","value":"%D1%8F%D0%B4%D0%B5%D1%80%D0%BD%D0%BE%D0%B5"},{"id":48748,"title":"nuclear weapon","value":"nuclear%20weapon"},{"id":6563,"title":"weapon","value":"weapon"},{"id":1114,"title":"man","value":"man"},{"id":63224,"title":"суть","value":"%D1%81%D1%83%D1%82%D1%8C"},{"id":8073,"title":"мир","value":"%D0%BC%D0%B8%D1%80"},{"id":19173,"title":"мира","value":"%D0%BC%D0%B8%D1%80%D0%B0"},{"id":193090,"title":"ойна","value":"%D0%BE%D0%B9%D0%BD%D0%B0"},{"id":81,"title":"war","value":"war"},{"id":82,"title":"война","value":"%D0%B2%D0%BE%D0%B9%D0%BD%D0%B0"},{"id":144175,"title":"nuclear war","value":"nuclear%20war"},{"id":19259,"title":"чернобыль","value":"%D1%87%D0%B5%D1%80%D0%BD%D0%BE%D0%B1%D1%8B%D0%BB%D1%8C"},{"id":59877,"title":"chernobyl","value":"chernobyl"},{"id":127791,"title":"дневник","value":"%D0%B4%D0%BD%D0%B5%D0%B2%D0%BD%D0%B8%D0%BA"},{"id":64823,"title":"дневники","value":"%D0%B4%D0%BD%D0%B5%D0%B2%D0%BD%D0%B8%D0%BA%D0%B8"},{"id":23097,"title":"diary","value":"diary"},{"id":114,"title":"смерть","value":"%D1%81%D0%BC%D0%B5%D1%80%D1%82%D1%8C"},{"id":155841,"title":"темнота","value":"%D1%82%D0%B5%D0%BC%D0%BD%D0%BE%D1%82%D0%B0"},{"id":107039,"title":"пустота","value":"%D0%BF%D1%83%D1%81%D1%82%D0%BE%D1%82%D0%B0"},{"id":528,"title":"death","value":"death"},{"id":5345,"title":"dead","value":"dead"},{"id":86147,"title":"мрак","value":"%D0%BC%D1%80%D0%B0%D0%BA"},{"id":3284,"title":"people","value":"people"},{"id":31635,"title":"humanity","value":"humanity"},{"id":193091,"title":"люда","value":"%D0%BB%D1%8E%D0%B4%D0%B0"},{"id":2222,"title":"люди","value":"%D0%BB%D1%8E%D0%B4%D0%B8"},{"id":140373,"title":"человечество","value":"%D1%87%D0%B5%D0%BB%D0%BE%D0%B2%D0%B5%D1%87%D0%B5%D1%81%D1%82%D0%B2%D0%BE"},{"id":1016,"title":"ambient","value":"ambient"},{"id":3012,"title":"dark ambient","value":"dark%20ambient"},{"id":86066,"title":"эмбиент","value":"%D1%8D%D0%BC%D0%B1%D0%B8%D0%B5%D0%BD%D1%82"},{"id":135208,"title":"разруха","value":"%D1%80%D0%B0%D0%B7%D1%80%D1%83%D1%85%D0%B0"},{"id":191377,"title":"разрушение","value":"%D1%80%D0%B0%D0%B7%D1%80%D1%83%D1%88%D0%B5%D0%BD%D0%B8%D0%B5"},{"id":231421,"title":"би-2","value":"%D0%B1%D0%B8-2"},{"id":573811,"title":"полковнику никто не пишет","value":"%D0%BF%D0%BE%D0%BB%D0%BA%D0%BE%D0%B2%D0%BD%D0%B8%D0%BA%D1%83%20%D0%BD%D0%B8%D0%BA%D1%82%D0%BE%20%D0%BD%D0%B5%20%D0%BF%D0%B8%D1%88%D0%B5%D1%82"},{"id":26810,"title":"самолет","value":"%D1%81%D0%B0%D0%BC%D0%BE%D0%BB%D0%B5%D1%82"},{"id":100634,"title":"кладбище","value":"%D0%BA%D0%BB%D0%B0%D0%B4%D0%B1%D0%B8%D1%89%D0%B5"},{"id":159489,"title":"разложение","value":"%D1%80%D0%B0%D0%B7%D0%BB%D0%BE%D0%B6%D0%B5%D0%BD%D0%B8%D0%B5"},{"id":9111,"title":"страх","value":"%D1%81%D1%82%D1%80%D0%B0%D1%85"},{"id":4006,"title":"боль","value":"%D0%B1%D0%BE%D0%BB%D1%8C"},{"id":44123,"title":"жуть","value":"%D0%B6%D1%83%D1%82%D1%8C"},{"id":5177,"title":"печаль","value":"%D0%BF%D0%B5%D1%87%D0%B0%D0%BB%D1%8C"},{"id":2122,"title":"стихи","value":"%D1%81%D1%82%D0%B8%D1%85%D0%B8"},{"id":4247339,"title":"шигин","value":"%D1%88%D0%B8%D0%B3%D0%B8%D0%BD"},{"id":4247338,"title":"хроники капитализма","value":"%D1%85%D1%80%D0%BE%D0%BD%D0%B8%D0%BA%D0%B8%20%D0%BA%D0%B0%D0%BF%D0%B8%D1%82%D0%B0%D0%BB%D0%B8%D0%B7%D0%BC%D0%B0"},{"id":28404,"title":"коммунизм","value":"%D0%BA%D0%BE%D0%BC%D0%BC%D1%83%D0%BD%D0%B8%D0%B7%D0%BC"},{"id":5851,"title":"пропаганда","value":"%D0%BF%D1%80%D0%BE%D0%BF%D0%B0%D0%B3%D0%B0%D0%BD%D0%B4%D0%B0"},{"id":36461,"title":"социализм","value":"%D1%81%D0%BE%D1%86%D0%B8%D0%B0%D0%BB%D0%B8%D0%B7%D0%BC"},{"id":58146,"title":"наши","value":"%D0%BD%D0%B0%D1%88%D0%B8"}],"categories":[{"id":35,"title":"News & Politics","permalink":"news","subscriptions_count":10054614,"big_image_url":"https://coub-anubis-a.akamaized.net/coub_storage/category/cw_image/6589193546b/5ea69fd70b7b36dec144f/big_1544622133_news.png","small_image_url":"https://coub-anubis-a.akamaized.net/coub_storage/category/cw_image/6589193546b/5ea69fd70b7b36dec144f/small_1544622133_news.png","med_image_url":"https://coub-anubis-a.akamaized.net/coub_storage/category/cw_image/6589193546b/5ea69fd70b7b36dec144f/med_1544622133_news.png","visible":true}],"communities":[{"id":35,"title":"News & Politics","permalink":"news","subscriptions_count":10054614,"big_image_url":"https://coub-anubis-a.akamaized.net/coub_storage/category/cw_image/6589193546b/5ea69fd70b7b36dec144f/big_1544622133_news.png","small_image_url":"https://coub-anubis-a.akamaized.net/coub_storage/category/cw_image/6589193546b/5ea69fd70b7b36dec144f/small_1544622133_news.png","med_image_url":"https://coub-anubis-a.akamaized.net/coub_storage/category/cw_image/6589193546b/5ea69fd70b7b36dec144f/med_1544622133_news.png","i_subscribed":true,"community_notifications_enabled":null,"description":null}],"recoubs_count":685,"remixes_count":11,"likes_count":3278,"dislikes_count":0,"raw_video_id":15155115,"uploaded_by_ios_app":false,"uploaded_by_android_app":false,"media_blocks":{"uploaded_raw_videos":[],"external_raw_videos":[{"id":35642098,"title":"Все наши — это мы","url":"https://www.youtube.com/watch?v=hbRni7nJ6PY","image":"https://coub-anubis-a.akamaized.net/coub_storage/media_block/cw_image/99006d61301/71be969f57b3d9bcb9e68/1588242565_36dv34_1588242509_1380kjw_att-url-download.jpg","image_retina":"https://coub-anubis-a.akamaized.net/coub_storage/media_block/cw_image/99006d61301/71be969f57b3d9bcb9e68/1588242565_36dv34_1588242509_1380kjw_att-url-download.jpg","meta":{"service":"Youtube","duration":"177.72"},"duration":177.72,"raw_video_id":15155115,"has_embed":true}],"remixed_from_coubs":[{"id":35378805,"title":"Обращение к выжившим","url":"https://coub.com/coubs/2c0hwm/remix","image":"https://coub-anubis-a.akamaized.net/coub_storage/media_block/cw_image/f6eeadd5191/73f53b028348bfbc5c564/1586384572_1p2m6yp_1586384549_00030.jpg","image_retina":"https://coub-anubis-a.akamaized.net/coub_storage/media_block/cw_image/f6eeadd5191/73f53b028348bfbc5c564/1586384572_1p2m6yp_1586384549_00030.jpg","meta":{"duration":"9.36"},"duration":null,"coub_channel_title":"FreeMan","coub_channel_permalink":"freeman54","coub_views_count":40932,"coub_permalink":"2c0hwm"}],"external_video":{"id":35642098,"title":"Все наши — это мы","url":"https://www.youtube.com/watch?v=hbRni7nJ6PY","image":"https://coub-anubis-a.akamaized.net/coub_storage/media_block/cw_image/99006d61301/71be969f57b3d9bcb9e68/1588242565_36dv34_1588242509_1380kjw_att-url-download.jpg","image_retina":"https://coub-anubis-a.akamaized.net/coub_storage/media_block/cw_image/99006d61301/71be969f57b3d9bcb9e68/1588242565_36dv34_1588242509_1380kjw_att-url-download.jpg","meta":{"service":"Youtube","duration":"177.72"},"duration":177.72,"raw_video_id":15155115,"has_embed":true}},"raw_video_thumbnail_url":"/missing/missing.png","raw_video_title":"Все наши — это мы","video_block_banned":false,"duration":9.76,"promo_winner":false,"promo_winner_recoubers":null,"editorial_info":{},"promo_hint":null,"beeline_best_2014":null,"from_web_editor":true,"normalize_sound":false,"normalize_change_allowed":true,"best2015_addable":false,"ahmad_promo":null,"promo_data":null,"audio_copyright_claim":null,"ads_disabled":false,"is_safe_for_ads":true,"megafon_contents":[],"position_on_page":7},{"flag":null,"abuses":null,"recoubs_by_users_channels":null,"favourite":false,"promoted_id":null,"recoub":null,"like":null,"dislike":null,"reaction":null,"in_my_best2015":false,"id":88604036,"type":"Coub::Simple","permalink":"1gcgi3","title":"КАКТАМ Новости","visibility_type":"public","original_visibility_type":"public","channel_id":113200,"created_at":"2018-10-19T02:07:24Z","updated_at":"2022-03-10T04:11:30Z","is_done":true,"views_count":193532,"cotd":null,"cotd_at":null,"visible_on_explore_root":false,"visible_on_explore":false,"featured":false,"published":true,"published_at":"2018-10-19T02:07:24Z","reversed":false,"from_editor_v2":true,"is_editable":true,"original_sound":true,"has_sound":true,"recoub_to":null,"file_versions":{"html5":{"video":{"higher":{"url":"https://coub-anubis-a.akamaized.net/coub_storage/coub/simple/cw_file/412f128c19b/dea27ca17b138e1190129/muted_mp4_huge_size_1568907289_muted_huge.mp4","size":972323},"high":{"url":"https://coub-anubis-a.akamaized.net/coub_storage/coub/simple/cw_file/412f128c19b/dea27ca17b138e1190129/muted_mp4_big_size_1568907289_muted_big.mp4","size":735221},"med":{"url":"https://coub-anubis-a.akamaized.net/coub_storage/coub/simple/cw_file/412f128c19b/dea27ca17b138e1190129/muted_mp4_med_size_1568907289_muted_med.mp4","size":188094}},"audio":{"high":{"url":"https://coub-anubis-a.akamaized.net/coub_storage/coub/simple/cw_looped_audio_high/92bb65b9890/9bb12912183917eadd05a/1605602303_high_1539914882_high.mp3","size":1242759},"med":{"url":"https://coub-anubis-a.akamaized.net/coub_storage/coub/simple/cw_looped_audio_med/4320d4a5946/75a4f837f1eb12ddbdb63/1605602303_med_1539914882_med.mp3","size":952428},"sample_duration":7.453}},"mobile":{"video":"https://coub-anubis-a.akamaized.net/coub_storage/coub/simple/cw_file/412f128c19b/dea27ca17b138e1190129/muted_mp4_med_size_1568907289_muted_med.mp4","audio":["https://coub-anubis-a.akamaized.net/coub_storage/coub/simple/cw_looped_audio_med/4320d4a5946/75a4f837f1eb12ddbdb63/1605602303_med_1539914882_med.mp3"]},"share":{"default":"https://coub-anubis-a.akamaized.net/coub_storage/coub/simple/cw_video_for_sharing/3f8c57937f5/2897f7ee842486d2e77cd/1608397327_looped_1608397326.mp4"}},"audio_versions":{},"image_versions":{"template":"https://coub-anubis-a.akamaized.net/coub_storage/coub/simple/cw_image/89fdc7da4ad/9d519d6ff284b730c8d3d/1539914888_00024.jpg","versions":["micro","tiny","age_restricted","ios_large","ios_mosaic","big","med","small","pinterest"]},"first_frame_versions":{"template":"https://coub-anubis-a.akamaized.net/coub_storage/coub/simple/cw_timeline_pic/b2e07d67ae8/34f4b4cc427f89ca6b6c7/%{version}_1539914888_image.jpg","versions":["big","med","small","ios_large"]},"dimensions":{"big":[1280,720],"med":[640,360]},"site_w_h":[640,360],"page_w_h":[640,360],"site_w_h_small":[310,174],"size":[1280,720],"age_restricted":false,"age_restricted_by_admin":false,"not_safe_for_work":false,"allow_reuse":false,"dont_crop":false,"banned":false,"global_safe":false,"audio_file_url":null,"external_download":{"type":"Youtube","service_name":"YouTube","url":"https://www.youtube.com/watch?v=yfZeqxquZZI","has_embed":true},"application":null,"channel":{"id":113200,"permalink":"sergey-veretennikov","title":"Sergey Veretennikov","description":null,"followers_count":110,"following_count":21,"avatar_versions":{"template":"https://coub-anubis-a.akamaized.net/coub_storage/channel/cw_avatar/c87eb1393c6/76412c27b318f683e8932/%{version}_1474486813_8dqmac_att-url-download.jpg","versions":["medium","medium_2x","profile_pic","profile_pic_new","profile_pic_new_2x","tiny","tiny_2x","small","small_2x","ios_large","ios_small"]}},"file":null,"picture":"https://coub-anubis-a.akamaized.net/coub_storage/coub/simple/cw_image/89fdc7da4ad/9d519d6ff284b730c8d3d/1539914888_00024.jpg","timeline_picture":"https://coub-anubis-a.akamaized.net/coub_storage/coub/simple/cw_timeline_pic/b2e07d67ae8/34f4b4cc427f89ca6b6c7/ios_large_1539914888_image.jpg","small_picture":"https://coub-anubis-a.akamaized.net/coub_storage/coub/simple/cw_image/89fdc7da4ad/9d519d6ff284b730c8d3d/1539914888_00024.jpg","sharing_picture":null,"percent_done":100,"tags":[{"id":3915183,"title":"кактам","value":"%D0%BA%D0%B0%D0%BA%D1%82%D0%B0%D0%BC"},{"id":3915604,"title":"как там","value":"%D0%BA%D0%B0%D0%BA%20%D1%82%D0%B0%D0%BC"},{"id":3915606,"title":"кактам?","value":"%D0%BA%D0%B0%D0%BA%D1%82%D0%B0%D0%BC?"},{"id":3915605,"title":"как там?","value":"%D0%BA%D0%B0%D0%BA%20%D1%82%D0%B0%D0%BC?"},{"id":3915608,"title":"kaktam","value":"kaktam"},{"id":3915607,"title":"kak tam","value":"kak%20tam"},{"id":3915610,"title":"kaktam?","value":"kaktam?"},{"id":3915609,"title":"kak tam?","value":"kak%20tam?"},{"id":1231,"title":"мат","value":"%D0%BC%D0%B0%D1%82"},{"id":917,"title":"18+","value":"18+"}],"categories":[{"id":35,"title":"News & Politics","permalink":"news","subscriptions_count":10054614,"big_image_url":"https://coub-anubis-a.akamaized.net/coub_storage/category/cw_image/6589193546b/5ea69fd70b7b36dec144f/big_1544622133_news.png","small_image_url":"https://coub-anubis-a.akamaized.net/coub_storage/category/cw_image/6589193546b/5ea69fd70b7b36dec144f/small_1544622133_news.png","med_image_url":"https://coub-anubis-a.akamaized.net/coub_storage/category/cw_image/6589193546b/5ea69fd70b7b36dec144f/med_1544622133_news.png","visible":true}],"communities":[{"id":35,"title":"News & Politics","permalink":"news","subscriptions_count":10054614,"big_image_url":"https://coub-anubis-a.akamaized.net/coub_storage/category/cw_image/6589193546b/5ea69fd70b7b36dec144f/big_1544622133_news.png","small_image_url":"https://coub-anubis-a.akamaized.net/coub_storage/category/cw_image/6589193546b/5ea69fd70b7b36dec144f/small_1544622133_news.png","med_image_url":"https://coub-anubis-a.akamaized.net/coub_storage/category/cw_image/6589193546b/5ea69fd70b7b36dec144f/med_1544622133_news.png","i_subscribed":true,"community_notifications_enabled":null,"description":null}],"recoubs_count":573,"remixes_count":0,"likes_count":3278,"dislikes_count":0,"raw_video_id":12553483,"uploaded_by_ios_app":false,"uploaded_by_android_app":false,"media_blocks":{"uploaded_raw_videos":[],"external_raw_videos":[{"id":28693316,"title":"КАКТАМ? Человеческий корм #24","url":"https://www.youtube.com/watch?v=yfZeqxquZZI","image":"https://coub-anubis-a.akamaized.net/coub_storage/media_block/cw_image/12a16ff3263/e48edd1ff1928289ffcaf/1539914202_ci65pz_1539914148_34fnal_att-url-download.jpg","image_retina":"https://coub-anubis-a.akamaized.net/coub_storage/media_block/cw_image/12a16ff3263/e48edd1ff1928289ffcaf/1539914202_ci65pz_1539914148_34fnal_att-url-download.jpg","meta":{"service":"Youtube","duration":"363.16"},"duration":363.16,"raw_video_id":12553483,"has_embed":true}],"remixed_from_coubs":[],"external_video":{"id":28693316,"title":"КАКТАМ? Человеческий корм #24","url":"https://www.youtube.com/watch?v=yfZeqxquZZI","image":"https://coub-anubis-a.akamaized.net/coub_storage/media_block/cw_image/12a16ff3263/e48edd1ff1928289ffcaf/1539914202_ci65pz_1539914148_34fnal_att-url-download.jpg","image_retina":"https://coub-anubis-a.akamaized.net/coub_storage/media_block/cw_image/12a16ff3263/e48edd1ff1928289ffcaf/1539914202_ci65pz_1539914148_34fnal_att-url-download.jpg","meta":{"service":"Youtube","duration":"363.16"},"duration":363.16,"raw_video_id":12553483,"has_embed":true}},"raw_video_thumbnail_url":"/missing/missing.png","raw_video_title":"КАКТАМ? Человеческий корм #24","video_block_banned":false,"duration":7.44,"promo_winner":false,"promo_winner_recoubers":null,"editorial_info":{},"promo_hint":null,"beeline_best_2014":null,"from_web_editor":true,"normalize_sound":true,"normalize_change_allowed":true,"best2015_addable":false,"ahmad_promo":null,"promo_data":null,"audio_copyright_claim":null,"ads_disabled":false,"is_safe_for_ads":true,"megafon_contents":[],"position_on_page":8},{"flag":null,"abuses":null,"recoubs_by_users_channels":null,"favourite":false,"promoted_id":null,"recoub":null,"like":null,"dislike":null,"reaction":null,"in_my_best2015":false,"id":173061996,"type":"Coub::Simple","permalink":"2uoudo","title":"Times Square","visibility_type":"public","original_visibility_type":"public","channel_id":1872742,"created_at":"2021-07-31T09:12:55Z","updated_at":"2022-03-15T20:40:49Z","is_done":true,"views_count":186521,"cotd":null,"cotd_at":null,"visible_on_explore_root":false,"visible_on_explore":false,"featured":false,"published":true,"published_at":"2021-07-31T09:12:55Z","reversed":false,"from_editor_v2":true,"is_editable":true,"original_sound":true,"has_sound":true,"recoub_to":null,"file_versions":{"html5":{"video":{"higher":{"url":"https://coub-anubis-a.akamaized.net/coub_storage/coub/simple/cw_file/10bd4a7679e/1bc65fa15e4c566d07932/muted_mp4_huge_size_1627722781_muted_huge.mp4","size":3154218},"high":{"url":"https://coub-anubis-a.akamaized.net/coub_storage/coub/simple/cw_file/10bd4a7679e/1bc65fa15e4c566d07932/muted_mp4_big_size_1627722781_muted_big.mp4","size":1924194},"med":{"url":"https://coub-anubis-a.akamaized.net/coub_storage/coub/simple/cw_file/10bd4a7679e/1bc65fa15e4c566d07932/muted_mp4_med_size_1627722781_muted_med.mp4","size":603219}},"audio":{"high":{"url":"https://coub-anubis-a.akamaized.net/coub_storage/coub/simple/cw_looped_audio_high/c03e4edcc05/4f62b9de6b2427235602a/1627722783_mp3-high.mp3","size":794145},"med":{"url":"https://coub-anubis-a.akamaized.net/coub_storage/coub/simple/cw_looped_audio_med/57f91bf6e77/3da885021df1cd8c9a235/1627722782_mp3-med.mp3","size":769641},"sample_duration":10.008}},"mobile":{"video":"https://coub-anubis-a.akamaized.net/coub_storage/coub/simple/cw_file/10bd4a7679e/1bc65fa15e4c566d07932/muted_mp4_med_size_1627722781_muted_med.mp4","audio":["https://coub-anubis-a.akamaized.net/coub_storage/coub/simple/cw_looped_audio_med/57f91bf6e77/3da885021df1cd8c9a235/1627722782_mp3-med.mp3"]},"share":{"default":"https://coub-anubis-a.akamaized.net/coub_storage/coub/simple/cw_video_for_sharing/6dde4b314d4/9ee77e20a52f67e1642fa/1627722809_looped_1627722808.mp4"}},"audio_versions":{},"image_versions":{"template":"https://coub-anubis-a.akamaized.net/coub_storage/coub/simple/cw_image/f56d108ef7f/4e816ee0459afa9ba5ba0/%{version}_1627722787_00032.jpg","versions":["micro","tiny","age_restricted","ios_large","ios_mosaic","big","med","small","pinterest"]},"first_frame_versions":{"template":"https://coub-anubis-a.akamaized.net/coub_storage/coub/simple/cw_timeline_pic/75333cc6ea8/2b86ff89ce0012cc53dec/%{version}_1627722787_image.jpg","versions":["big","med","small","ios_large"]},"dimensions":{"big":[538,960],"med":[268,480]},"site_w_h":[224,400],"page_w_h":[400,714],"site_w_h_small":[310,553],"size":[538,960],"age_restricted":false,"age_restricted_by_admin":false,"not_safe_for_work":false,"allow_reuse":false,"dont_crop":true,"banned":false,"global_safe":null,"audio_file_url":null,"external_download":false,"application":null,"channel":{"id":1872742,"permalink":"littlegangsta","title":"Ilya","description":null,"followers_count":22,"following_count":7,"avatar_versions":{"template":"https://coub-anubis-a.akamaized.net/coub_storage/channel/cw_avatar/7a09f0880d0/808efabdc3e49e54d3968/%{version}_1607592030_uybuhm_1474655538_maxresdefault.png","versions":["medium","medium_2x","profile_pic","profile_pic_new","profile_pic_new_2x","tiny","tiny_2x","small","small_2x","ios_large","ios_small"]}},"file":null,"picture":"https://coub-anubis-a.akamaized.net/coub_storage/coub/simple/cw_image/f56d108ef7f/4e816ee0459afa9ba5ba0/med_1627722787_00032.jpg","timeline_picture":"https://coub-anubis-a.akamaized.net/coub_storage/coub/simple/cw_timeline_pic/75333cc6ea8/2b86ff89ce0012cc53dec/ios_large_1627722787_image.jpg","small_picture":"https://coub-anubis-a.akamaized.net/coub_storage/coub/simple/cw_image/f56d108ef7f/4e816ee0459afa9ba5ba0/ios_mosaic_1627722787_00032.jpg","sharing_picture":null,"percent_done":100,"tags":[{"id":9785,"title":"украина","value":"%D1%83%D0%BA%D1%80%D0%B0%D0%B8%D0%BD%D0%B0"}],"categories":[{"id":35,"title":"News & Politics","permalink":"news","subscriptions_count":10054614,"big_image_url":"https://coub-anubis-a.akamaized.net/coub_storage/category/cw_image/6589193546b/5ea69fd70b7b36dec144f/big_1544622133_news.png","small_image_url":"https://coub-anubis-a.akamaized.net/coub_storage/category/cw_image/6589193546b/5ea69fd70b7b36dec144f/small_1544622133_news.png","med_image_url":"https://coub-anubis-a.akamaized.net/coub_storage/category/cw_image/6589193546b/5ea69fd70b7b36dec144f/med_1544622133_news.png","visible":true}],"communities":[{"id":35,"title":"News & Politics","permalink":"news","subscriptions_count":10054614,"big_image_url":"https://coub-anubis-a.akamaized.net/coub_storage/category/cw_image/6589193546b/5ea69fd70b7b36dec144f/big_1544622133_news.png","small_image_url":"https://coub-anubis-a.akamaized.net/coub_storage/category/cw_image/6589193546b/5ea69fd70b7b36dec144f/small_1544622133_news.png","med_image_url":"https://coub-anubis-a.akamaized.net/coub_storage/category/cw_image/6589193546b/5ea69fd70b7b36dec144f/med_1544622133_news.png","i_subscribed":true,"community_notifications_enabled":null,"description":null}],"recoubs_count":612,"remixes_count":0,"likes_count":3270,"dislikes_count":0,"raw_video_id":16651452,"uploaded_by_ios_app":false,"uploaded_by_android_app":false,"media_blocks":{"uploaded_raw_videos":[],"external_raw_videos":[],"remixed_from_coubs":[]},"raw_video_thumbnail_url":"https://coub-anubis-a.akamaized.net/coub_storage/raw_video/cw_image/3254ff450e3/2ef15d099199746315222/coub_media_1627722705_image.jpg","raw_video_title":"video_2021-07-31_12-11-08.mp4","video_block_banned":false,"duration":10.0,"promo_winner":false,"promo_winner_recoubers":null,"editorial_info":{},"promo_hint":null,"beeline_best_2014":null,"from_web_editor":true,"normalize_sound":true,"normalize_change_allowed":true,"best2015_addable":false,"ahmad_promo":null,"promo_data":null,"audio_copyright_claim":null,"ads_disabled":false,"is_safe_for_ads":true,"megafon_contents":[],"position_on_page":9},{"flag":null,"abuses":null,"recoubs_by_users_channels":null,"favourite":false,"promoted_id":null,"recoub":null,"like":null,"dislike":null,"reaction":null,"in_my_best2015":false,"id":151573966,"type":"Coub::Simple","permalink":"2hw9ys","title":"нам очень жаль, что у вас проблемы, до свидания","visibility_type":"public","original_visibility_type":"public","channel_id":752029,"created_at":"2020-08-12T06:56:45Z","updated_at":"2022-03-15T20:57:03Z","is_done":true,"views_count":176746,"cotd":null,"cotd_at":null,"visible_on_explore_root":false,"visible_on_explore":false,"featured":false,"published":true,"published_at":"2020-08-12T06:56:45Z","reversed":false,"from_editor_v2":true,"is_editable":true,"original_sound":true,"has_sound":true,"recoub_to":null,"file_versions":{"html5":{"video":{"higher":{"url":"https://coub-anubis-a.akamaized.net/coub_storage/coub/simple/cw_file/c13282ecfb6/825048d767cce7fc17413/muted_mp4_huge_size_1597215411_muted_huge.mp4","size":1371546},"high":{"url":"https://coub-anubis-a.akamaized.net/coub_storage/coub/simple/cw_file/c13282ecfb6/825048d767cce7fc17413/muted_mp4_big_size_1597215411_muted_big.mp4","size":765478},"med":{"url":"https://coub-anubis-a.akamaized.net/coub_storage/coub/simple/cw_file/c13282ecfb6/825048d767cce7fc17413/muted_mp4_med_size_1597215411_muted_med.mp4","size":211553}},"audio":{"high":{"url":"https://coub-anubis-a.akamaized.net/coub_storage/coub/simple/cw_looped_audio_high/82ac756c8d6/34e8a3f8178654112f33c/1607323160_high_1597215411_high.mp3","size":860624},"med":{"url":"https://coub-anubis-a.akamaized.net/coub_storage/coub/simple/cw_looped_audio_med/8a3898d7c4c/1beee28ddab77afd92165/1607323160_med_1597215411_med.mp3","size":799024},"sample_duration":10.008}},"mobile":{"video":"https://coub-anubis-a.akamaized.net/coub_storage/coub/simple/cw_file/c13282ecfb6/825048d767cce7fc17413/muted_mp4_med_size_1597215411_muted_med.mp4","audio":["https://coub-anubis-a.akamaized.net/coub_storage/coub/simple/cw_looped_audio_med/8a3898d7c4c/1beee28ddab77afd92165/1607323160_med_1597215411_med.mp3"]},"share":{"default":"https://coub-anubis-a.akamaized.net/coub_storage/coub/simple/cw_video_for_sharing/dec59e9a3ee/ac306e9af6bcd6d0ddde7/1608159540_looped_1608159540.mp4"}},"audio_versions":{},"image_versions":{"template":"https://coub-anubis-a.akamaized.net/coub_storage/coub/simple/cw_image/6ec895c62e8/e1e52b1f993ba352b5ab8/1597215420_00032.jpg","versions":["micro","tiny","age_restricted","ios_large","ios_mosaic","big","med","small","pinterest"]},"first_frame_versions":{"template":"https://coub-anubis-a.akamaized.net/coub_storage/coub/simple/cw_timeline_pic/66529f2fb4c/b22a8bbadb6acb60608b3/%{version}_1597215419_image.jpg","versions":["big","med","small","ios_large"]},"dimensions":{"big":[540,960],"med":[270,480]},"site_w_h":[225,400],"page_w_h":[400,711],"site_w_h_small":[310,551],"size":[540,960],"age_restricted":false,"age_restricted_by_admin":false,"not_safe_for_work":false,"allow_reuse":false,"dont_crop":false,"banned":false,"global_safe":false,"audio_file_url":null,"external_download":false,"application":null,"channel":{"id":752029,"permalink":"dkarabas","title":"Karabas","description":null,"followers_count":18,"following_count":7,"avatar_versions":{"template":"https://coub-anubis-a.akamaized.net/coub_storage/channel/cw_avatar/02d61bd192d/57ae5010034a03ae50f7d/%{version}_1564130879_66280892_2387051351580216_1520234649723338752_n.jpg","versions":["medium","medium_2x","profile_pic","profile_pic_new","profile_pic_new_2x","tiny","tiny_2x","small","small_2x","ios_large","ios_small"]}},"file":null,"picture":"https://coub-anubis-a.akamaized.net/coub_storage/coub/simple/cw_image/6ec895c62e8/e1e52b1f993ba352b5ab8/1597215420_00032.jpg","timeline_picture":"https://coub-anubis-a.akamaized.net/coub_storage/coub/simple/cw_timeline_pic/66529f2fb4c/b22a8bbadb6acb60608b3/ios_large_1597215419_image.jpg","small_picture":"https://coub-anubis-a.akamaized.net/coub_storage/coub/simple/cw_image/6ec895c62e8/e1e52b1f993ba352b5ab8/1597215420_00032.jpg","sharing_picture":null,"percent_done":100,"tags":[{"id":21716,"title":"телефон","value":"%D1%82%D0%B5%D0%BB%D0%B5%D1%84%D0%BE%D0%BD"},{"id":13891,"title":"нам","value":"%D0%BD%D0%B0%D0%BC"},{"id":27734,"title":"очень","value":"%D0%BE%D1%87%D0%B5%D0%BD%D1%8C"},{"id":235844,"title":"жаль","value":"%D0%B6%D0%B0%D0%BB%D1%8C"},{"id":1701696,"title":"у вас","value":"%D1%83%20%D0%B2%D0%B0%D1%81"},{"id":61987,"title":"проблемы","value":"%D0%BF%D1%80%D0%BE%D0%B1%D0%BB%D0%B5%D0%BC%D1%8B"},{"id":56159,"title":"номер","value":"%D0%BD%D0%BE%D0%BC%D0%B5%D1%80"},{"id":176182,"title":"абонента","value":"%D0%B0%D0%B1%D0%BE%D0%BD%D0%B5%D0%BD%D1%82%D0%B0"},{"id":1426,"title":"ржака","value":"%D1%80%D0%B6%D0%B0%D0%BA%D0%B0"}],"categories":[{"id":35,"title":"News & Politics","permalink":"news","subscriptions_count":10054614,"big_image_url":"https://coub-anubis-a.akamaized.net/coub_storage/category/cw_image/6589193546b/5ea69fd70b7b36dec144f/big_1544622133_news.png","small_image_url":"https://coub-anubis-a.akamaized.net/coub_storage/category/cw_image/6589193546b/5ea69fd70b7b36dec144f/small_1544622133_news.png","med_image_url":"https://coub-anubis-a.akamaized.net/coub_storage/category/cw_image/6589193546b/5ea69fd70b7b36dec144f/med_1544622133_news.png","visible":true}],"communities":[{"id":35,"title":"News & Politics","permalink":"news","subscriptions_count":10054614,"big_image_url":"https://coub-anubis-a.akamaized.net/coub_storage/category/cw_image/6589193546b/5ea69fd70b7b36dec144f/big_1544622133_news.png","small_image_url":"https://coub-anubis-a.akamaized.net/coub_storage/category/cw_image/6589193546b/5ea69fd70b7b36dec144f/small_1544622133_news.png","med_image_url":"https://coub-anubis-a.akamaized.net/coub_storage/category/cw_image/6589193546b/5ea69fd70b7b36dec144f/med_1544622133_news.png","i_subscribed":true,"community_notifications_enabled":null,"description":null}],"recoubs_count":638,"remixes_count":0,"likes_count":3269,"dislikes_count":0,"raw_video_id":15557925,"uploaded_by_ios_app":false,"uploaded_by_android_app":false,"media_blocks":{"uploaded_raw_videos":[],"external_raw_videos":[],"remixed_from_coubs":[]},"raw_video_thumbnail_url":"/missing/missing.png","raw_video_title":"_migracii_po_tyumenskoi_oblasti_yapfiles.ru.mp4","video_block_banned":false,"duration":10.0,"promo_winner":false,"promo_winner_recoubers":null,"editorial_info":{},"promo_hint":null,"beeline_best_2014":null,"from_web_editor":true,"normalize_sound":true,"normalize_change_allowed":true,"best2015_addable":false,"ahmad_promo":null,"promo_data":null,"audio_copyright_claim":null,"ads_disabled":false,"is_safe_for_ads":true,"megafon_contents":[],"position_on_page":10}]}