{"page":135,"per_page":10,"total_pages":500,"coubs":[{"flag":null,"abuses":null,"recoubs_by_users_channels":null,"favourite":false,"promoted_id":null,"recoub":null,"like":null,"dislike":null,"reaction":null,"in_my_best2015":false,"id":27209288,"type":"Coub::Simple","permalink":"fr1lk","title":"Smoke","visibility_type":"public","original_visibility_type":"public","channel_id":360846,"created_at":"2016-10-25T17:26:53Z","updated_at":"2022-03-16T09:24:54Z","is_done":true,"views_count":22913,"cotd":null,"cotd_at":null,"visible_on_explore_root":true,"visible_on_explore":true,"featured":true,"published":true,"published_at":"2016-10-25T17:26:53Z","reversed":false,"from_editor_v2":true,"is_editable":true,"original_sound":false,"has_sound":false,"recoub_to":null,"file_versions":{"html5":{"video":{"higher":{"url":"https://coub-anubis-a.akamaized.net/coub_storage/coub/simple/cw_file/9a9e3e23463/f3ead77f6fc6698709166/muted_mp4_huge_size_1567937115_muted_huge.mp4","size":212001},"high":{"url":"https://coub-anubis-a.akamaized.net/coub_storage/coub/simple/cw_file/9a9e3e23463/f3ead77f6fc6698709166/muted_mp4_big_size_1567937115_muted_big.mp4","size":164214},"med":{"url":"https://coub-anubis-a.akamaized.net/coub_storage/coub/simple/cw_file/9a9e3e23463/f3ead77f6fc6698709166/muted_mp4_med_size_1567937115_muted_med.mp4","size":46447}},"audio":{"high":{"url":"https://coub-anubis-a.akamaized.net/coub_storage/coub/simple/cw_looped_audio_high/b79fe761362/8416134dd57c28314640c/1605535512_high_1477416432_high.mp3","size":5725747},"med":{"url":"https://coub-anubis-a.akamaized.net/coub_storage/coub/simple/cw_looped_audio_med/62acd1e2586/6f84fcae6f0bb5cb6023e/1605535511_med_1477416432_med.mp3","size":5621135}}},"mobile":{"video":"https://coub-anubis-a.akamaized.net/coub_storage/coub/simple/cw_file/9a9e3e23463/f3ead77f6fc6698709166/muted_mp4_med_size_1567937115_muted_med.mp4","audio":["https://coub-anubis-a.akamaized.net/coub_storage/coub/simple/cw_looped_audio_med/62acd1e2586/6f84fcae6f0bb5cb6023e/1605535511_med_1477416432_med.mp3"]},"share":{"default":"https://coub-anubis-a.akamaized.net/coub_storage/coub/simple/cw_video_for_sharing/4dd2b75092e/10f6ff73494aec8e92f64/1647422694_looped_1647422693.mp4"}},"audio_versions":{"template":"https://coub-anubis-a.akamaized.net/coub_storage/audio_track/cw_file/5f7abb4a174/b52334db3792671a4ca0f/mid_1477416371_audio.mp3","versions":["mid","low"]},"image_versions":{"template":"https://coub-anubis-a.akamaized.net/coub_storage/coub/simple/cw_image/09793f20d9e/09162c13f247acf9d6f1f/1477416444_00004.jpg","versions":["micro","tiny","age_restricted","ios_large","ios_mosaic","big","med","small","pinterest"]},"first_frame_versions":{"template":"https://coub-anubis-a.akamaized.net/coub_storage/coub/simple/cw_timeline_pic/09793f20d9e/09162c13f247acf9d6f1f/%{version}_1477416444_image.jpg","versions":["big","med","small","ios_large"]},"dimensions":{"big":[1280,598],"med":[640,298]},"site_w_h":[640,299],"page_w_h":[640,299],"site_w_h_small":[310,145],"size":[1280,598],"age_restricted":false,"age_restricted_by_admin":false,"not_safe_for_work":false,"allow_reuse":false,"dont_crop":false,"banned":false,"global_safe":true,"audio_file_url":"https://coub-anubis-a.akamaized.net/coub_storage/audio_track/cw_file/5f7abb4a174/b52334db3792671a4ca0f/low_1477416371_audio.mp3","external_download":false,"application":null,"channel":{"id":360846,"permalink":"alex-svet","title":"Alex Svet","description":null,"followers_count":1149,"following_count":136,"avatar_versions":{"template":"https://coub-anubis-a.akamaized.net/coub_storage/channel/cw_avatar/77c10acd0fc/e591f981bfa4318e420b3/%{version}_1474501721_cropped.jpeg","versions":["medium","medium_2x","profile_pic","profile_pic_new","profile_pic_new_2x","tiny","tiny_2x","small","small_2x","ios_large","ios_small"]}},"file":null,"picture":"https://coub-anubis-a.akamaized.net/coub_storage/coub/simple/cw_image/09793f20d9e/09162c13f247acf9d6f1f/1477416444_00004.jpg","timeline_picture":"https://coub-anubis-a.akamaized.net/coub_storage/coub/simple/cw_timeline_pic/09793f20d9e/09162c13f247acf9d6f1f/ios_large_1477416444_image.jpg","small_picture":"https://coub-anubis-a.akamaized.net/coub_storage/coub/simple/cw_image/09793f20d9e/09162c13f247acf9d6f1f/1477416444_00004.jpg","sharing_picture":null,"percent_done":100,"tags":[],"categories":[{"id":114,"title":"Live Pictures","permalink":"live-pictures","subscriptions_count":2028289,"big_image_url":"https://coub-anubis-a.akamaized.net/coub_storage/category/cw_image/6a781fee541/43bd1211431771697290d/big_1622039067_Live_pictures.png","small_image_url":"https://coub-anubis-a.akamaized.net/coub_storage/category/cw_image/6a781fee541/43bd1211431771697290d/small_1622039067_Live_pictures.png","med_image_url":"https://coub-anubis-a.akamaized.net/coub_storage/category/cw_image/6a781fee541/43bd1211431771697290d/med_1622039067_Live_pictures.png","visible":true}],"communities":[{"id":114,"title":"Live Pictures","permalink":"live-pictures","subscriptions_count":2028289,"big_image_url":"https://coub-anubis-a.akamaized.net/coub_storage/category/cw_image/6a781fee541/43bd1211431771697290d/big_1622039067_Live_pictures.png","small_image_url":"https://coub-anubis-a.akamaized.net/coub_storage/category/cw_image/6a781fee541/43bd1211431771697290d/small_1622039067_Live_pictures.png","med_image_url":"https://coub-anubis-a.akamaized.net/coub_storage/category/cw_image/6a781fee541/43bd1211431771697290d/med_1622039067_Live_pictures.png","i_subscribed":true,"community_notifications_enabled":null,"description":null}],"recoubs_count":83,"remixes_count":0,"likes_count":238,"dislikes_count":0,"raw_video_id":3854629,"uploaded_by_ios_app":false,"uploaded_by_android_app":true,"media_blocks":{"uploaded_raw_videos":[],"external_raw_videos":[],"remixed_from_coubs":[]},"raw_video_thumbnail_url":"/missing/missing.png","raw_video_title":null,"video_block_banned":false,"duration":1.0,"promo_winner":false,"promo_winner_recoubers":null,"editorial_info":{},"promo_hint":null,"beeline_best_2014":null,"from_web_editor":false,"normalize_sound":true,"normalize_change_allowed":true,"best2015_addable":false,"ahmad_promo":null,"promo_data":null,"audio_copyright_claim":null,"ads_disabled":null,"is_safe_for_ads":true,"megafon_contents":[],"position_on_page":1},{"flag":null,"abuses":null,"recoubs_by_users_channels":null,"favourite":false,"promoted_id":null,"recoub":null,"like":null,"dislike":null,"reaction":null,"in_my_best2015":false,"id":26834231,"type":"Coub::Simple","permalink":"fj076","title":"Dark Well Vibes","visibility_type":"public","original_visibility_type":"public","channel_id":2795909,"created_at":"2016-10-16T00:06:49Z","updated_at":"2022-03-01T21:15:57Z","is_done":true,"views_count":18714,"cotd":null,"cotd_at":null,"visible_on_explore_root":true,"visible_on_explore":true,"featured":true,"published":true,"published_at":"2016-10-16T00:06:49Z","reversed":false,"from_editor_v2":true,"is_editable":true,"original_sound":false,"has_sound":false,"recoub_to":null,"file_versions":{"html5":{"video":{"higher":{"url":"https://coub-anubis-a.akamaized.net/coub_storage/coub/simple/cw_file/5c487f505af/417cfbc2c41c174ce43a3/muted_mp4_huge_size_1567932530_muted_huge.mp4","size":418155},"high":{"url":"https://coub-anubis-a.akamaized.net/coub_storage/coub/simple/cw_file/5c487f505af/417cfbc2c41c174ce43a3/muted_mp4_big_size_1567932530_muted_big.mp4","size":356837},"med":{"url":"https://coub-anubis-a.akamaized.net/coub_storage/coub/simple/cw_file/5c487f505af/417cfbc2c41c174ce43a3/muted_mp4_med_size_1567932530_muted_med.mp4","size":92209}},"audio":{"high":{"url":"https://coub-anubis-a.akamaized.net/coub_storage/coub/simple/cw_looped_audio_high/87906f79e00/abba1c1618a5154f12a3b/1605532116_high_1476576421_high.mp3","size":1651181},"med":{"url":"https://coub-anubis-a.akamaized.net/coub_storage/coub/simple/cw_looped_audio_med/f5d91f27d76/4e6c30f635558ecd1f31f/1605532115_med_1476576421_med.mp3","size":1491924}}},"mobile":{"video":"https://coub-anubis-a.akamaized.net/coub_storage/coub/simple/cw_file/5c487f505af/417cfbc2c41c174ce43a3/muted_mp4_med_size_1567932530_muted_med.mp4","audio":["https://coub-anubis-a.akamaized.net/coub_storage/coub/simple/cw_looped_audio_med/f5d91f27d76/4e6c30f635558ecd1f31f/1605532115_med_1476576421_med.mp3"]},"share":{"default":"https://coub-anubis-a.akamaized.net/coub_storage/coub/simple/cw_video_for_sharing/6ab346c230d/437b7ce0033e28e299972/1619638625_looped_1619638624.mp4"}},"audio_versions":{"template":"https://coub-anubis-a.akamaized.net/coub_storage/audio_track/cw_file/aa26c13a72a/44aab1b89fe0a9ffabeeb/mid_1476576306_audio.mp3","versions":["mid","low"]},"image_versions":{"template":"https://coub-anubis-a.akamaized.net/coub_storage/coub/simple/cw_image/e495dce4bec/77afaa71a634f95f58626/1476576426_00006.jpg","versions":["micro","tiny","age_restricted","ios_large","ios_mosaic","big","med","small","pinterest"]},"first_frame_versions":{"template":"https://coub-anubis-a.akamaized.net/coub_storage/coub/simple/cw_timeline_pic/e495dce4bec/77afaa71a634f95f58626/%{version}_1476576426_image.jpg","versions":["big","med","small","ios_large"]},"dimensions":{"big":[1280,532],"med":[640,266]},"site_w_h":[640,266],"page_w_h":[640,266],"site_w_h_small":[310,129],"size":[1280,532],"age_restricted":false,"age_restricted_by_admin":false,"not_safe_for_work":false,"allow_reuse":false,"dont_crop":false,"banned":false,"global_safe":true,"audio_file_url":"https://coub-anubis-a.akamaized.net/coub_storage/audio_track/cw_file/aa26c13a72a/44aab1b89fe0a9ffabeeb/low_1476576306_audio.mp3","external_download":false,"application":null,"channel":{"id":2795909,"permalink":"pixelatedvibes","title":"PixelatedVibes","description":"Pixels with vibes😳👌","followers_count":10421,"following_count":3,"avatar_versions":{"template":"https://coub-anubis-a.akamaized.net/coub_storage/channel/cw_avatar/fc25bb9b7cd/2881a8585131c5d8cea1c/%{version}_1607432497_1gjypx8_1472841401_cropped.jpeg","versions":["medium","medium_2x","profile_pic","profile_pic_new","profile_pic_new_2x","tiny","tiny_2x","small","small_2x","ios_large","ios_small"]}},"file":null,"picture":"https://coub-anubis-a.akamaized.net/coub_storage/coub/simple/cw_image/e495dce4bec/77afaa71a634f95f58626/1476576426_00006.jpg","timeline_picture":"https://coub-anubis-a.akamaized.net/coub_storage/coub/simple/cw_timeline_pic/e495dce4bec/77afaa71a634f95f58626/ios_large_1476576426_image.jpg","small_picture":"https://coub-anubis-a.akamaized.net/coub_storage/coub/simple/cw_image/e495dce4bec/77afaa71a634f95f58626/1476576426_00006.jpg","sharing_picture":null,"percent_done":100,"tags":[{"id":1929692,"title":"yoppa","value":"yoppa"}],"categories":[{"id":114,"title":"Live Pictures","permalink":"live-pictures","subscriptions_count":2028289,"big_image_url":"https://coub-anubis-a.akamaized.net/coub_storage/category/cw_image/6a781fee541/43bd1211431771697290d/big_1622039067_Live_pictures.png","small_image_url":"https://coub-anubis-a.akamaized.net/coub_storage/category/cw_image/6a781fee541/43bd1211431771697290d/small_1622039067_Live_pictures.png","med_image_url":"https://coub-anubis-a.akamaized.net/coub_storage/category/cw_image/6a781fee541/43bd1211431771697290d/med_1622039067_Live_pictures.png","visible":true}],"communities":[{"id":114,"title":"Live Pictures","permalink":"live-pictures","subscriptions_count":2028289,"big_image_url":"https://coub-anubis-a.akamaized.net/coub_storage/category/cw_image/6a781fee541/43bd1211431771697290d/big_1622039067_Live_pictures.png","small_image_url":"https://coub-anubis-a.akamaized.net/coub_storage/category/cw_image/6a781fee541/43bd1211431771697290d/small_1622039067_Live_pictures.png","med_image_url":"https://coub-anubis-a.akamaized.net/coub_storage/category/cw_image/6a781fee541/43bd1211431771697290d/med_1622039067_Live_pictures.png","i_subscribed":true,"community_notifications_enabled":null,"description":null}],"recoubs_count":46,"remixes_count":0,"likes_count":238,"dislikes_count":0,"raw_video_id":3777374,"uploaded_by_ios_app":false,"uploaded_by_android_app":true,"media_blocks":{"uploaded_raw_videos":[],"external_raw_videos":[],"remixed_from_coubs":[]},"raw_video_thumbnail_url":"/missing/missing.png","raw_video_title":null,"video_block_banned":false,"duration":1.88,"promo_winner":false,"promo_winner_recoubers":null,"editorial_info":{},"promo_hint":null,"beeline_best_2014":null,"from_web_editor":false,"normalize_sound":true,"normalize_change_allowed":true,"best2015_addable":false,"ahmad_promo":null,"promo_data":null,"audio_copyright_claim":null,"ads_disabled":null,"is_safe_for_ads":true,"megafon_contents":[],"position_on_page":2},{"flag":null,"abuses":null,"recoubs_by_users_channels":null,"favourite":false,"promoted_id":null,"recoub":null,"like":null,"dislike":null,"reaction":null,"in_my_best2015":false,"id":177983868,"type":"Coub::Simple","permalink":"2xmc59","title":"Пластинки","visibility_type":"public","original_visibility_type":"public","channel_id":10101353,"created_at":"2021-11-02T03:48:36Z","updated_at":"2022-03-13T22:50:48Z","is_done":true,"views_count":40966,"cotd":null,"cotd_at":null,"visible_on_explore_root":false,"visible_on_explore":false,"featured":false,"published":true,"published_at":"2021-11-02T03:48:36Z","reversed":false,"from_editor_v2":true,"is_editable":true,"original_sound":false,"has_sound":false,"recoub_to":null,"file_versions":{"html5":{"video":{"higher":{"url":"https://coub-anubis-a.akamaized.net/coub_storage/coub/simple/cw_file/5a086992652/69c1dc22eb9f73a219d15/muted_mp4_huge_size_1635824918_muted_huge.mp4","size":77289},"high":{"url":"https://coub-anubis-a.akamaized.net/coub_storage/coub/simple/cw_file/5a086992652/69c1dc22eb9f73a219d15/muted_mp4_big_size_1635824918_muted_big.mp4","size":54054},"med":{"url":"https://coub-anubis-a.akamaized.net/coub_storage/coub/simple/cw_file/5a086992652/69c1dc22eb9f73a219d15/muted_mp4_med_size_1635824918_muted_med.mp4","size":17366}},"audio":{"high":{"url":"https://coub-anubis-a.akamaized.net/coub_storage/coub/simple/cw_looped_audio_high/b70f477c7c9/bb59a319c3c91663e08d0/1635824937_mp3-high.mp3","size":2720196},"med":{"url":"https://coub-anubis-a.akamaized.net/coub_storage/coub/simple/cw_looped_audio_med/b4ce9671960/30f318d9c44ac7dc85367/1635824935_mp3-med.mp3","size":2128368}}},"mobile":{"video":"https://coub-anubis-a.akamaized.net/coub_storage/coub/simple/cw_file/5a086992652/69c1dc22eb9f73a219d15/muted_mp4_med_size_1635824918_muted_med.mp4","audio":["https://coub-anubis-a.akamaized.net/coub_storage/coub/simple/cw_looped_audio_med/b4ce9671960/30f318d9c44ac7dc85367/1635824935_mp3-med.mp3"]},"share":{"default":"https://coub-anubis-a.akamaized.net/coub_storage/coub/simple/cw_video_for_sharing/8051ed629d1/f9093181b4d20c98094a0/1635824948_looped_1635824948.mp4"}},"audio_versions":{"template":"https://coub-anubis-a.akamaized.net/coub_storage/audio_track/cw_file/5621a5010ec/e19d0e48611d3b51489de/mid_1635824922_19d1ia2_edited.mp3","versions":["mid","low"]},"image_versions":{"template":"https://coub-anubis-a.akamaized.net/coub_storage/coub/simple/cw_image/5cefdabf0df/fb2258f65686d687582ec/%{version}_1635824939_00002.jpg","versions":["micro","tiny","age_restricted","ios_large","ios_mosaic","big","med","small","pinterest"]},"first_frame_versions":{"template":"https://coub-anubis-a.akamaized.net/coub_storage/coub/simple/cw_timeline_pic/ddd8d61adb3/d5a44fcbcfee3968d3c53/%{version}_1635824938_image.jpg","versions":["big","med","small","ios_large"]},"dimensions":{"big":[1280,720],"med":[640,360]},"site_w_h":[640,360],"page_w_h":[640,360],"site_w_h_small":[310,174],"size":[1280,720],"age_restricted":false,"age_restricted_by_admin":false,"not_safe_for_work":null,"allow_reuse":false,"dont_crop":true,"banned":false,"global_safe":null,"audio_file_url":"https://coub-anubis-a.akamaized.net/coub_storage/audio_track/cw_file/5621a5010ec/e19d0e48611d3b51489de/low_1635824922_19d1ia2_edited.mp3","external_download":false,"application":null,"channel":{"id":10101353,"permalink":"shakko.vulpes","title":"shakko.vulpes","description":null,"followers_count":17,"following_count":19,"avatar_versions":{"template":"https://coub-anubis-a.akamaized.net/coub_storage/channel/cw_avatar/cdb4186aa9a/43fe421b6a142640327c7/%{version}_1607764539_mi2pc3_1596763524_1510787908143951658.jpg","versions":["medium","medium_2x","profile_pic","profile_pic_new","profile_pic_new_2x","tiny","tiny_2x","small","small_2x","ios_large","ios_small"]}},"file":null,"picture":"https://coub-anubis-a.akamaized.net/coub_storage/coub/simple/cw_image/5cefdabf0df/fb2258f65686d687582ec/med_1635824939_00002.jpg","timeline_picture":"https://coub-anubis-a.akamaized.net/coub_storage/coub/simple/cw_timeline_pic/ddd8d61adb3/d5a44fcbcfee3968d3c53/ios_large_1635824938_image.jpg","small_picture":"https://coub-anubis-a.akamaized.net/coub_storage/coub/simple/cw_image/5cefdabf0df/fb2258f65686d687582ec/ios_mosaic_1635824939_00002.jpg","sharing_picture":null,"percent_done":100,"tags":[{"id":5547351,"title":"дурной вкус - пластинки","value":"%D0%B4%D1%83%D1%80%D0%BD%D0%BE%D0%B9%20%D0%B2%D0%BA%D1%83%D1%81%20-%20%D0%BF%D0%BB%D0%B0%D1%81%D1%82%D0%B8%D0%BD%D0%BA%D0%B8"},{"id":223176,"title":"пластинки","value":"%D0%BF%D0%BB%D0%B0%D1%81%D1%82%D0%B8%D0%BD%D0%BA%D0%B8"},{"id":544773,"title":"8bit animation","value":"8bit%20animation"},{"id":5212,"title":"8bit","value":"8bit"},{"id":35822,"title":"pixel art","value":"pixel%20art"},{"id":1338859,"title":"pixel art animation","value":"pixel%20art%20animation"},{"id":194,"title":"retro","value":"retro"},{"id":24814,"title":"post punk","value":"post%20punk"},{"id":232793,"title":"постпанк","value":"%D0%BF%D0%BE%D1%81%D1%82%D0%BF%D0%B0%D0%BD%D0%BA"}],"categories":[{"id":114,"title":"Live Pictures","permalink":"live-pictures","subscriptions_count":2028289,"big_image_url":"https://coub-anubis-a.akamaized.net/coub_storage/category/cw_image/6a781fee541/43bd1211431771697290d/big_1622039067_Live_pictures.png","small_image_url":"https://coub-anubis-a.akamaized.net/coub_storage/category/cw_image/6a781fee541/43bd1211431771697290d/small_1622039067_Live_pictures.png","med_image_url":"https://coub-anubis-a.akamaized.net/coub_storage/category/cw_image/6a781fee541/43bd1211431771697290d/med_1622039067_Live_pictures.png","visible":true}],"communities":[{"id":114,"title":"Live Pictures","permalink":"live-pictures","subscriptions_count":2028289,"big_image_url":"https://coub-anubis-a.akamaized.net/coub_storage/category/cw_image/6a781fee541/43bd1211431771697290d/big_1622039067_Live_pictures.png","small_image_url":"https://coub-anubis-a.akamaized.net/coub_storage/category/cw_image/6a781fee541/43bd1211431771697290d/small_1622039067_Live_pictures.png","med_image_url":"https://coub-anubis-a.akamaized.net/coub_storage/category/cw_image/6a781fee541/43bd1211431771697290d/med_1622039067_Live_pictures.png","i_subscribed":true,"community_notifications_enabled":null,"description":null}],"recoubs_count":38,"remixes_count":0,"likes_count":237,"dislikes_count":0,"raw_video_id":16891278,"uploaded_by_ios_app":false,"uploaded_by_android_app":false,"media_blocks":{"uploaded_raw_videos":[],"external_raw_videos":[],"remixed_from_coubs":[]},"raw_video_thumbnail_url":"https://coub-anubis-a.akamaized.net/coub_storage/raw_video/cw_image/33165626959/3627d1d4c9a219cc9d36b/coub_media_1635824302_image.jpg","raw_video_title":"92099.gif","video_block_banned":false,"duration":0.44,"promo_winner":false,"promo_winner_recoubers":null,"editorial_info":{},"promo_hint":null,"beeline_best_2014":null,"from_web_editor":true,"normalize_sound":false,"normalize_change_allowed":false,"best2015_addable":false,"ahmad_promo":null,"promo_data":null,"audio_copyright_claim":null,"ads_disabled":null,"is_safe_for_ads":true,"megafon_contents":[],"position_on_page":3},{"flag":null,"abuses":null,"recoubs_by_users_channels":null,"favourite":false,"promoted_id":null,"recoub":null,"like":null,"dislike":null,"reaction":null,"in_my_best2015":false,"id":175309611,"type":"Coub::Simple","permalink":"2w10nw","title":"Abandoned city (Background)","visibility_type":"public","original_visibility_type":"public","channel_id":4303916,"created_at":"2021-09-11T08:35:32Z","updated_at":"2022-03-08T23:36:28Z","is_done":true,"views_count":38757,"cotd":null,"cotd_at":null,"visible_on_explore_root":false,"visible_on_explore":false,"featured":false,"published":true,"published_at":"2021-09-11T08:35:32Z","reversed":true,"from_editor_v2":true,"is_editable":true,"original_sound":false,"has_sound":false,"recoub_to":null,"file_versions":{"html5":{"video":{"higher":{"url":"https://coub-anubis-a.akamaized.net/coub_storage/coub/simple/cw_file/dd85f2dd6bd/cf940728ee2154b408229/muted_mp4_huge_size_1631349357_muted_huge.mp4","size":4785296},"high":{"url":"https://coub-anubis-a.akamaized.net/coub_storage/coub/simple/cw_file/dd85f2dd6bd/cf940728ee2154b408229/muted_mp4_big_size_1631349357_muted_big.mp4","size":3866127},"med":{"url":"https://coub-anubis-a.akamaized.net/coub_storage/coub/simple/cw_file/dd85f2dd6bd/cf940728ee2154b408229/muted_mp4_med_size_1631349357_muted_med.mp4","size":498198}},"audio":{"high":{"url":"https://coub-anubis-a.akamaized.net/coub_storage/coub/simple/cw_looped_audio_high/9d6949e9875/3ed1a2100ff1c600c729f/1631349389_mp3-high.mp3","size":3483529},"med":{"url":"https://coub-anubis-a.akamaized.net/coub_storage/coub/simple/cw_looped_audio_med/83fa378c709/c58328a1f990dc3e9dd0b/1631349387_mp3-med.mp3","size":2554229}}},"mobile":{"video":"https://coub-anubis-a.akamaized.net/coub_storage/coub/simple/cw_file/dd85f2dd6bd/cf940728ee2154b408229/muted_mp4_med_size_1631349357_muted_med.mp4","audio":["https://coub-anubis-a.akamaized.net/coub_storage/coub/simple/cw_looped_audio_med/83fa378c709/c58328a1f990dc3e9dd0b/1631349387_mp3-med.mp3"]},"share":{"default":"https://coub-anubis-a.akamaized.net/coub_storage/coub/simple/cw_video_for_sharing/29b8bef9e0e/3e99ad529b5dd63d6642c/1631349425_looped_1631349424.mp4"}},"audio_versions":{"template":"https://coub-anubis-a.akamaized.net/coub_storage/audio_track/cw_normalized_copy/0f935bc0720/c73f110907000b13099b5/mid_1631349377_normalized_1631349361_1rx2bgu_edited.mp3","versions":["mid","low"]},"image_versions":{"template":"https://coub-anubis-a.akamaized.net/coub_storage/coub/simple/cw_image/09561b78a68/284945099837434ccf3ba/%{version}_1631349396_00063.jpg","versions":["micro","tiny","age_restricted","ios_large","ios_mosaic","big","med","small","pinterest"]},"first_frame_versions":{"template":"https://coub-anubis-a.akamaized.net/coub_storage/coub/simple/cw_timeline_pic/112fa941330/fe5ba5df0313db9593638/%{version}_1631349394_image.jpg","versions":["big","med","small","ios_large"]},"dimensions":{"big":[1280,720],"med":[640,360]},"site_w_h":[640,360],"page_w_h":[640,360],"site_w_h_small":[310,174],"size":[1280,720],"age_restricted":false,"age_restricted_by_admin":false,"not_safe_for_work":null,"allow_reuse":false,"dont_crop":true,"banned":false,"global_safe":null,"audio_file_url":"https://coub-anubis-a.akamaized.net/coub_storage/audio_track/cw_normalized_copy/0f935bc0720/c73f110907000b13099b5/low_1631349377_normalized_1631349361_1rx2bgu_edited.mp3","external_download":{"type":"Youtube","service_name":"YouTube","url":"https://www.youtube.com/watch?v=f5DBrA_KdjA&list=PL5Sjj-dXfq_0cfW58tLVHUwHJdH0MCiTz&index=3","has_embed":true},"application":null,"channel":{"id":4303916,"permalink":"backgroundd","title":"Background","description":null,"followers_count":120,"following_count":13,"avatar_versions":{"template":"https://coub-anubis-a.akamaized.net/coub_storage/channel/cw_avatar/90844dbe837/9e3aa10119b36992a8087/%{version}_1607429707_ky1hzw_1526212208_59ce561ee37d915ece0068d4.jpg","versions":["medium","medium_2x","profile_pic","profile_pic_new","profile_pic_new_2x","tiny","tiny_2x","small","small_2x","ios_large","ios_small"]}},"file":null,"picture":"https://coub-anubis-a.akamaized.net/coub_storage/coub/simple/cw_image/09561b78a68/284945099837434ccf3ba/med_1631349396_00063.jpg","timeline_picture":"https://coub-anubis-a.akamaized.net/coub_storage/coub/simple/cw_timeline_pic/112fa941330/fe5ba5df0313db9593638/ios_large_1631349394_image.jpg","small_picture":"https://coub-anubis-a.akamaized.net/coub_storage/coub/simple/cw_image/09561b78a68/284945099837434ccf3ba/ios_mosaic_1631349396_00063.jpg","sharing_picture":null,"percent_done":100,"tags":[{"id":1762707,"title":"abandoned city","value":"abandoned%20city"},{"id":6485415,"title":"аbandoned","value":"%D0%B0bandoned"},{"id":1875436,"title":"yarshut","value":"yarshut"},{"id":2207406,"title":"yarshutv","value":"yarshutv"},{"id":8425,"title":"background","value":"background"},{"id":1800,"title":"grass","value":"grass"},{"id":209,"title":"duck","value":"duck"},{"id":10322,"title":"ducks","value":"ducks"},{"id":1124,"title":"train","value":"train"},{"id":191276,"title":"postapocalypse","value":"postapocalypse"},{"id":81735,"title":"postapocalyptic","value":"postapocalyptic"},{"id":189458,"title":"post-apocalyptic","value":"post-apocalyptic"},{"id":294367,"title":"postapokalipsis","value":"postapokalipsis"},{"id":6514,"title":"japan","value":"japan"},{"id":11588,"title":"river","value":"river"},{"id":946845,"title":"lost city","value":"lost%20city"},{"id":1170,"title":"city","value":"city"},{"id":218577,"title":"live pictures","value":"live%20pictures"},{"id":217480,"title":"live picture","value":"live%20picture"},{"id":66586,"title":"overgrown","value":"overgrown"},{"id":6485416,"title":"overgrown house","value":"overgrown%20house"}],"categories":[{"id":114,"title":"Live Pictures","permalink":"live-pictures","subscriptions_count":2028289,"big_image_url":"https://coub-anubis-a.akamaized.net/coub_storage/category/cw_image/6a781fee541/43bd1211431771697290d/big_1622039067_Live_pictures.png","small_image_url":"https://coub-anubis-a.akamaized.net/coub_storage/category/cw_image/6a781fee541/43bd1211431771697290d/small_1622039067_Live_pictures.png","med_image_url":"https://coub-anubis-a.akamaized.net/coub_storage/category/cw_image/6a781fee541/43bd1211431771697290d/med_1622039067_Live_pictures.png","visible":true}],"communities":[{"id":114,"title":"Live Pictures","permalink":"live-pictures","subscriptions_count":2028289,"big_image_url":"https://coub-anubis-a.akamaized.net/coub_storage/category/cw_image/6a781fee541/43bd1211431771697290d/big_1622039067_Live_pictures.png","small_image_url":"https://coub-anubis-a.akamaized.net/coub_storage/category/cw_image/6a781fee541/43bd1211431771697290d/small_1622039067_Live_pictures.png","med_image_url":"https://coub-anubis-a.akamaized.net/coub_storage/category/cw_image/6a781fee541/43bd1211431771697290d/med_1622039067_Live_pictures.png","i_subscribed":true,"community_notifications_enabled":null,"description":null}],"recoubs_count":52,"remixes_count":0,"likes_count":237,"dislikes_count":0,"raw_video_id":16759441,"uploaded_by_ios_app":false,"uploaded_by_android_app":false,"media_blocks":{"uploaded_raw_videos":[],"external_raw_videos":[{"id":39644263,"title":"⚒🚉 ABANDONED TRAIN STATION - видео обои для ПК","url":"https://www.youtube.com/watch?v=f5DBrA_KdjA","image":"https://coub-anubis-a.akamaized.net/coub_storage/media_block/cw_image/b26ff9a310d/dbf46f74add34b39aa527/video_1631348230_1rufme1_1631348210_1631348208_1ep303j_att-url-download.webp","image_retina":"https://coub-anubis-a.akamaized.net/coub_storage/media_block/cw_image/b26ff9a310d/dbf46f74add34b39aa527/video_retina_1631348230_1rufme1_1631348210_1631348208_1ep303j_att-url-download.webp","meta":{"service":"Youtube","duration":"28.56"},"duration":28.56,"raw_video_id":16759441,"has_embed":true}],"remixed_from_coubs":[],"external_video":{"id":39644263,"title":"⚒🚉 ABANDONED TRAIN STATION - видео обои для ПК","url":"https://www.youtube.com/watch?v=f5DBrA_KdjA","image":"https://coub-anubis-a.akamaized.net/coub_storage/media_block/cw_image/b26ff9a310d/dbf46f74add34b39aa527/video_1631348230_1rufme1_1631348210_1631348208_1ep303j_att-url-download.webp","image_retina":"https://coub-anubis-a.akamaized.net/coub_storage/media_block/cw_image/b26ff9a310d/dbf46f74add34b39aa527/video_retina_1631348230_1rufme1_1631348210_1631348208_1ep303j_att-url-download.webp","meta":{"service":"Youtube","duration":"28.56"},"duration":28.56,"raw_video_id":16759441,"has_embed":true}},"raw_video_thumbnail_url":"https://coub-anubis-a.akamaized.net/coub_storage/raw_video/cw_image/56026ad872a/22573abeaefd4e2c94525/coub_media_1631348210_1631348208_1ep303j_att-url-download.webp","raw_video_title":"⚒🚉 ABANDONED TRAIN STATION - видео обои для ПК","video_block_banned":false,"duration":20.0,"promo_winner":false,"promo_winner_recoubers":null,"editorial_info":{},"promo_hint":null,"beeline_best_2014":null,"from_web_editor":true,"normalize_sound":true,"normalize_change_allowed":true,"best2015_addable":false,"ahmad_promo":null,"promo_data":null,"audio_copyright_claim":null,"ads_disabled":null,"is_safe_for_ads":true,"megafon_contents":[],"position_on_page":4},{"flag":null,"abuses":null,"recoubs_by_users_channels":null,"favourite":false,"promoted_id":null,"recoub":null,"like":null,"dislike":null,"reaction":null,"in_my_best2015":false,"id":168610927,"type":"Coub::Simple","permalink":"2s1fvs","title":"Hard Science 🤘","visibility_type":"public","original_visibility_type":"public","channel_id":7353473,"created_at":"2021-05-13T00:40:56Z","updated_at":"2022-01-21T19:31:58Z","is_done":true,"views_count":65746,"cotd":null,"cotd_at":null,"visible_on_explore_root":true,"visible_on_explore":true,"featured":true,"published":true,"published_at":"2021-05-13T00:40:56Z","reversed":false,"from_editor_v2":true,"is_editable":true,"original_sound":false,"has_sound":false,"recoub_to":null,"file_versions":{"html5":{"video":{"higher":{"url":"https://coub-anubis-a.akamaized.net/coub_storage/coub/simple/cw_file/c598ddf9b29/630d1519f12e69e5e291f/muted_mp4_huge_size_1620866767_muted_huge.mp4","size":559271},"high":{"url":"https://coub-anubis-a.akamaized.net/coub_storage/coub/simple/cw_file/c598ddf9b29/630d1519f12e69e5e291f/muted_mp4_big_size_1620866767_muted_big.mp4","size":381687},"med":{"url":"https://coub-anubis-a.akamaized.net/coub_storage/coub/simple/cw_file/c598ddf9b29/630d1519f12e69e5e291f/muted_mp4_med_size_1620866767_muted_med.mp4","size":84587}},"audio":{"high":{"url":"https://coub-anubis-a.akamaized.net/coub_storage/coub/simple/cw_looped_audio_high/406f4af6c0f/dc7dcab34ac239034311c/1620866822_mp3-high.mp3","size":4059007},"med":{"url":"https://coub-anubis-a.akamaized.net/coub_storage/coub/simple/cw_looped_audio_med/cb95db22631/76fc3c0e362aafc98b12a/1620866818_mp3-med.mp3","size":2884597}}},"mobile":{"video":"https://coub-anubis-a.akamaized.net/coub_storage/coub/simple/cw_file/c598ddf9b29/630d1519f12e69e5e291f/muted_mp4_med_size_1620866767_muted_med.mp4","audio":["https://coub-anubis-a.akamaized.net/coub_storage/coub/simple/cw_looped_audio_med/cb95db22631/76fc3c0e362aafc98b12a/1620866818_mp3-med.mp3"]},"share":{"default":"https://coub-anubis-a.akamaized.net/coub_storage/coub/simple/cw_video_for_sharing/af63d338957/722f521385d317764eecc/1620866873_looped_1620866871.mp4"}},"audio_versions":{"template":"https://coub-anubis-a.akamaized.net/coub_storage/audio_track/cw_normalized_copy/809e8dad8c4/ce8a5afbbfeeb85817ba3/mid_1620866799_normalized_1620866772_pvbtm9_edited.mp3","versions":["mid","low"]},"image_versions":{"template":"https://coub-anubis-a.akamaized.net/coub_storage/coub/simple/cw_image/f8cf39a1be6/2f0c0841d72882f89c7fd/%{version}_1620866829_00031.jpg","versions":["micro","tiny","age_restricted","ios_large","ios_mosaic","big","med","small","pinterest"]},"first_frame_versions":{"template":"https://coub-anubis-a.akamaized.net/coub_storage/coub/simple/cw_timeline_pic/64dd6546c2f/0701ee3886b0cdd1c7544/%{version}_1620866828_image.jpg","versions":["big","med","small","ios_large"]},"dimensions":{"big":[1280,720],"med":[640,360]},"site_w_h":[640,360],"page_w_h":[640,360],"site_w_h_small":[310,174],"size":[1280,720],"age_restricted":false,"age_restricted_by_admin":false,"not_safe_for_work":false,"allow_reuse":false,"dont_crop":true,"banned":false,"global_safe":true,"audio_file_url":"https://coub-anubis-a.akamaized.net/coub_storage/audio_track/cw_normalized_copy/809e8dad8c4/ce8a5afbbfeeb85817ba3/low_1620866799_normalized_1620866772_pvbtm9_edited.mp3","external_download":false,"application":null,"channel":{"id":7353473,"permalink":"peter.scientist","title":"Peter Scientist","description":"Mendeleev University, Department of nanomaterials and nanotechnology","followers_count":64,"following_count":12,"avatar_versions":{"template":"https://coub-anubis-a.akamaized.net/coub_storage/channel/cw_avatar/d8c77b9be52/7a54e1f9dfd02c527bb38/%{version}_1607425218_u2hd7a_1572989528_________3_.png","versions":["medium","medium_2x","profile_pic","profile_pic_new","profile_pic_new_2x","tiny","tiny_2x","small","small_2x","ios_large","ios_small"]}},"file":null,"picture":"https://coub-anubis-a.akamaized.net/coub_storage/coub/simple/cw_image/f8cf39a1be6/2f0c0841d72882f89c7fd/med_1620866829_00031.jpg","timeline_picture":"https://coub-anubis-a.akamaized.net/coub_storage/coub/simple/cw_timeline_pic/64dd6546c2f/0701ee3886b0cdd1c7544/ios_large_1620866828_image.jpg","small_picture":"https://coub-anubis-a.akamaized.net/coub_storage/coub/simple/cw_image/f8cf39a1be6/2f0c0841d72882f89c7fd/ios_mosaic_1620866829_00031.jpg","sharing_picture":null,"percent_done":100,"tags":[{"id":1025947,"title":"livecoub","value":"livecoub"},{"id":6307345,"title":"fit for a king - bitter end (instrumental)","value":"fit%20for%20a%20king%20-%20bitter%20end%20(instrumental)"},{"id":2804991,"title":"sinemagraph","value":"sinemagraph"},{"id":75288,"title":"laboratory","value":"laboratory"},{"id":1179,"title":"fire","value":"fire"},{"id":15814,"title":"experiment","value":"experiment"},{"id":6307346,"title":"dangerous experiences","value":"dangerous%20experiences"}],"categories":[{"id":114,"title":"Live Pictures","permalink":"live-pictures","subscriptions_count":2028289,"big_image_url":"https://coub-anubis-a.akamaized.net/coub_storage/category/cw_image/6a781fee541/43bd1211431771697290d/big_1622039067_Live_pictures.png","small_image_url":"https://coub-anubis-a.akamaized.net/coub_storage/category/cw_image/6a781fee541/43bd1211431771697290d/small_1622039067_Live_pictures.png","med_image_url":"https://coub-anubis-a.akamaized.net/coub_storage/category/cw_image/6a781fee541/43bd1211431771697290d/med_1622039067_Live_pictures.png","visible":true}],"communities":[{"id":114,"title":"Live Pictures","permalink":"live-pictures","subscriptions_count":2028289,"big_image_url":"https://coub-anubis-a.akamaized.net/coub_storage/category/cw_image/6a781fee541/43bd1211431771697290d/big_1622039067_Live_pictures.png","small_image_url":"https://coub-anubis-a.akamaized.net/coub_storage/category/cw_image/6a781fee541/43bd1211431771697290d/small_1622039067_Live_pictures.png","med_image_url":"https://coub-anubis-a.akamaized.net/coub_storage/category/cw_image/6a781fee541/43bd1211431771697290d/med_1622039067_Live_pictures.png","i_subscribed":true,"community_notifications_enabled":null,"description":null}],"recoubs_count":43,"remixes_count":0,"likes_count":237,"dislikes_count":0,"raw_video_id":16435837,"uploaded_by_ios_app":false,"uploaded_by_android_app":false,"media_blocks":{"uploaded_raw_videos":[],"external_raw_videos":[],"remixed_from_coubs":[]},"raw_video_thumbnail_url":"https://coub-anubis-a.akamaized.net/coub_storage/raw_video/cw_image/35e4717fd00/9939a619bcd39d4ea3600/coub_media_1620857540_image.jpg","raw_video_title":"20210429_170912_1.mp4","video_block_banned":false,"duration":9.76,"promo_winner":false,"promo_winner_recoubers":null,"editorial_info":{},"promo_hint":null,"beeline_best_2014":null,"from_web_editor":true,"normalize_sound":true,"normalize_change_allowed":true,"best2015_addable":false,"ahmad_promo":null,"promo_data":null,"audio_copyright_claim":null,"ads_disabled":false,"is_safe_for_ads":true,"megafon_contents":[],"position_on_page":5},{"flag":null,"abuses":null,"recoubs_by_users_channels":null,"favourite":false,"promoted_id":null,"recoub":null,"like":null,"dislike":null,"reaction":null,"in_my_best2015":false,"id":156375804,"type":"Coub::Simple","permalink":"2kr74k","title":"Slow Wattaer #cinemagraphs ","visibility_type":"public","original_visibility_type":"public","channel_id":2227934,"created_at":"2020-10-23T13:08:28Z","updated_at":"2022-02-16T15:27:41Z","is_done":true,"views_count":57279,"cotd":null,"cotd_at":null,"visible_on_explore_root":true,"visible_on_explore":true,"featured":true,"published":true,"published_at":"2020-10-23T13:08:28Z","reversed":false,"from_editor_v2":true,"is_editable":true,"original_sound":false,"has_sound":false,"recoub_to":null,"file_versions":{"html5":{"video":{"higher":{"url":"https://coub-anubis-a.akamaized.net/coub_storage/coub/simple/cw_file/5d030f057c3/0701074008eedf09249bd/muted_mp4_huge_size_1603458510_muted_huge.mp4","size":215739},"high":{"url":"https://coub-anubis-a.akamaized.net/coub_storage/coub/simple/cw_file/5d030f057c3/0701074008eedf09249bd/muted_mp4_big_size_1603458510_muted_big.mp4","size":150459},"med":{"url":"https://coub-anubis-a.akamaized.net/coub_storage/coub/simple/cw_file/5d030f057c3/0701074008eedf09249bd/muted_mp4_med_size_1603458510_muted_med.mp4","size":46447}},"audio":{"high":{"url":"https://coub-anubis-a.akamaized.net/coub_storage/coub/simple/cw_looped_audio_high/7d258894702/4e8843ce2521871dcb57d/1603458536_mp3-high.mp3","size":2887203},"med":{"url":"https://coub-anubis-a.akamaized.net/coub_storage/coub/simple/cw_looped_audio_med/8e242a5d06e/ebd1b9ad5549639b0d6eb/1603458533_mp3-med.mp3","size":1986171}}},"mobile":{"video":"https://coub-anubis-a.akamaized.net/coub_storage/coub/simple/cw_file/5d030f057c3/0701074008eedf09249bd/muted_mp4_med_size_1603458510_muted_med.mp4","audio":["https://coub-anubis-a.akamaized.net/coub_storage/coub/simple/cw_looped_audio_med/8e242a5d06e/ebd1b9ad5549639b0d6eb/1603458533_mp3-med.mp3"]},"share":{"default":"https://coub-anubis-a.akamaized.net/coub_storage/coub/simple/cw_video_for_sharing/47c9772f7a3/7d8e3a4e497cd4d183bb9/1611585416_looped_1611585415.mp4"}},"audio_versions":{"template":"https://coub-anubis-a.akamaized.net/coub_storage/audio_track/cw_file/1cc4a5c3d30/549ba36b3ba880ca4b26e/mid_1603458514_1f18zql_edited.mp3","versions":["mid","low"]},"image_versions":{"template":"https://coub-anubis-a.akamaized.net/coub_storage/coub/simple/cw_image/7bbc6ea6a84/92e86c6aa985b5d9b674a/1603458537_00004.jpg","versions":["micro","tiny","age_restricted","ios_large","ios_mosaic","big","med","small","pinterest"]},"first_frame_versions":{"template":"https://coub-anubis-a.akamaized.net/coub_storage/coub/simple/cw_timeline_pic/8c6b2167207/f37b489dedc920204bcf2/%{version}_1603458537_image.jpg","versions":["big","med","small","ios_large"]},"dimensions":{"big":[1280,720],"med":[640,360]},"site_w_h":[640,360],"page_w_h":[640,360],"site_w_h_small":[310,174],"size":[1280,720],"age_restricted":false,"age_restricted_by_admin":false,"not_safe_for_work":false,"allow_reuse":false,"dont_crop":true,"banned":false,"global_safe":true,"audio_file_url":"https://coub-anubis-a.akamaized.net/coub_storage/audio_track/cw_file/1cc4a5c3d30/549ba36b3ba880ca4b26e/low_1603458514_1f18zql_edited.mp3","external_download":false,"application":null,"channel":{"id":2227934,"permalink":"cinemagraphs","title":"Cinemagraphs 🍒","description":"Pictures of the future 📸 #Cinemagraphs","followers_count":51485,"following_count":25,"avatar_versions":{"template":"https://coub-anubis-a.akamaized.net/coub_storage/channel/cw_avatar/b167cf416ae/e7e9bad8a41580de67e5e/%{version}_1607423119_5o3vhm_1474588843_fonstola.ru-57386.jpg","versions":["medium","medium_2x","profile_pic","profile_pic_new","profile_pic_new_2x","tiny","tiny_2x","small","small_2x","ios_large","ios_small"]}},"file":null,"picture":"https://coub-anubis-a.akamaized.net/coub_storage/coub/simple/cw_image/7bbc6ea6a84/92e86c6aa985b5d9b674a/1603458537_00004.jpg","timeline_picture":"https://coub-anubis-a.akamaized.net/coub_storage/coub/simple/cw_timeline_pic/8c6b2167207/f37b489dedc920204bcf2/ios_large_1603458537_image.jpg","small_picture":"https://coub-anubis-a.akamaized.net/coub_storage/coub/simple/cw_image/7bbc6ea6a84/92e86c6aa985b5d9b674a/1603458537_00004.jpg","sharing_picture":null,"percent_done":100,"tags":[{"id":135,"title":"water","value":"water"},{"id":1804,"title":"trip","value":"trip"},{"id":8946,"title":"slow","value":"slow"},{"id":266,"title":"deep","value":"deep"},{"id":49603,"title":"cinemagraph","value":"cinemagraph"},{"id":379284,"title":"cinemagraphs","value":"cinemagraphs"},{"id":1133540,"title":"eleprimer","value":"eleprimer"},{"id":2588,"title":"sad","value":"sad"}],"categories":[{"id":114,"title":"Live Pictures","permalink":"live-pictures","subscriptions_count":2028289,"big_image_url":"https://coub-anubis-a.akamaized.net/coub_storage/category/cw_image/6a781fee541/43bd1211431771697290d/big_1622039067_Live_pictures.png","small_image_url":"https://coub-anubis-a.akamaized.net/coub_storage/category/cw_image/6a781fee541/43bd1211431771697290d/small_1622039067_Live_pictures.png","med_image_url":"https://coub-anubis-a.akamaized.net/coub_storage/category/cw_image/6a781fee541/43bd1211431771697290d/med_1622039067_Live_pictures.png","visible":true}],"communities":[{"id":114,"title":"Live Pictures","permalink":"live-pictures","subscriptions_count":2028289,"big_image_url":"https://coub-anubis-a.akamaized.net/coub_storage/category/cw_image/6a781fee541/43bd1211431771697290d/big_1622039067_Live_pictures.png","small_image_url":"https://coub-anubis-a.akamaized.net/coub_storage/category/cw_image/6a781fee541/43bd1211431771697290d/small_1622039067_Live_pictures.png","med_image_url":"https://coub-anubis-a.akamaized.net/coub_storage/category/cw_image/6a781fee541/43bd1211431771697290d/med_1622039067_Live_pictures.png","i_subscribed":true,"community_notifications_enabled":null,"description":null}],"recoubs_count":48,"remixes_count":0,"likes_count":237,"dislikes_count":0,"raw_video_id":15797289,"uploaded_by_ios_app":false,"uploaded_by_android_app":false,"media_blocks":{"uploaded_raw_videos":[],"external_raw_videos":[],"remixed_from_coubs":[]},"raw_video_thumbnail_url":"/missing/missing.png","raw_video_title":"Slow_motion.mp4","video_block_banned":false,"duration":1.12,"promo_winner":false,"promo_winner_recoubers":null,"editorial_info":{},"promo_hint":null,"beeline_best_2014":null,"from_web_editor":true,"normalize_sound":false,"normalize_change_allowed":true,"best2015_addable":false,"ahmad_promo":null,"promo_data":null,"audio_copyright_claim":null,"ads_disabled":false,"is_safe_for_ads":true,"megafon_contents":[],"position_on_page":6},{"flag":null,"abuses":null,"recoubs_by_users_channels":null,"favourite":false,"promoted_id":null,"recoub":null,"like":null,"dislike":null,"reaction":null,"in_my_best2015":false,"id":118737231,"type":"Coub::Simple","permalink":"1yabll","title":"Pacification-умиротворениЕ","visibility_type":"public","original_visibility_type":"public","channel_id":3655535,"created_at":"2019-07-22T17:21:14Z","updated_at":"2022-02-17T16:31:18Z","is_done":true,"views_count":34987,"cotd":null,"cotd_at":null,"visible_on_explore_root":false,"visible_on_explore":false,"featured":false,"published":true,"published_at":"2019-07-22T17:21:14Z","reversed":false,"from_editor_v2":true,"is_editable":true,"original_sound":false,"has_sound":false,"recoub_to":null,"file_versions":{"html5":{"video":{"higher":{"url":"https://coub-anubis-a.akamaized.net/coub_storage/coub/simple/cw_file/ad1350fb037/42e77896b8fec140e0c85/muted_mp4_huge_size_1568901354_muted_huge.mp4","size":205997},"high":{"url":"https://coub-anubis-a.akamaized.net/coub_storage/coub/simple/cw_file/ad1350fb037/42e77896b8fec140e0c85/muted_mp4_big_size_1568901354_muted_big.mp4","size":153977},"med":{"url":"https://coub-anubis-a.akamaized.net/coub_storage/coub/simple/cw_file/ad1350fb037/42e77896b8fec140e0c85/muted_mp4_med_size_1568901354_muted_med.mp4","size":35794}},"audio":{"high":{"url":"https://coub-anubis-a.akamaized.net/coub_storage/coub/simple/cw_looped_audio_high/0d1ee335c49/5ff325a848997380d876e/1605647288_high_1563816095_high.mp3","size":2887405},"med":{"url":"https://coub-anubis-a.akamaized.net/coub_storage/coub/simple/cw_looped_audio_med/8cbeb630212/9be04599f6c0af454dbd6/1605647288_med_1563816095_med.mp3","size":2483923}}},"mobile":{"video":"https://coub-anubis-a.akamaized.net/coub_storage/coub/simple/cw_file/ad1350fb037/42e77896b8fec140e0c85/muted_mp4_med_size_1568901354_muted_med.mp4","audio":["https://coub-anubis-a.akamaized.net/coub_storage/coub/simple/cw_looped_audio_med/8cbeb630212/9be04599f6c0af454dbd6/1605647288_med_1563816095_med.mp3"]},"share":{"default":"https://coub-anubis-a.akamaized.net/coub_storage/coub/simple/cw_video_for_sharing/fed3d1746da/71bb449d6e1c89d5baa34/1623336480_looped_1623336478.mp4"}},"audio_versions":{"template":"https://coub-anubis-a.akamaized.net/coub_storage/audio_track/cw_normalized_copy/5dcf2c4d996/363721c39b21f7c97c429/mid_1563816086_normalized_1563815777_audio.mp3","versions":["mid","low"]},"image_versions":{"template":"https://coub-anubis-a.akamaized.net/coub_storage/coub/simple/cw_image/851b869c251/92ba7702142e567450945/1563816104_00006.jpg","versions":["micro","tiny","age_restricted","ios_large","ios_mosaic","big","med","small","pinterest"]},"first_frame_versions":{"template":"https://coub-anubis-a.akamaized.net/coub_storage/coub/simple/cw_timeline_pic/686d50139d6/ede2fbff0b3dc6bfb3b1f/%{version}_1563816104_image.jpg","versions":["big","med","small","ios_large"]},"dimensions":{"big":[1280,720],"med":[640,360]},"site_w_h":[640,360],"page_w_h":[640,360],"site_w_h_small":[310,174],"size":[1280,720],"age_restricted":false,"age_restricted_by_admin":false,"not_safe_for_work":false,"allow_reuse":false,"dont_crop":false,"banned":false,"global_safe":true,"audio_file_url":"https://coub-anubis-a.akamaized.net/coub_storage/audio_track/cw_normalized_copy/5dcf2c4d996/363721c39b21f7c97c429/low_1563816086_normalized_1563815777_audio.mp3","external_download":false,"application":null,"channel":{"id":3655535,"permalink":"iamcomrade","title":"IamComrade","description":null,"followers_count":39,"following_count":28,"avatar_versions":{"template":"https://coub-anubis-a.akamaized.net/coub_storage/channel/cw_avatar/14948f91221/fbac926d6f5025d03ff96/%{version}_1607698241_152fm0g_1499121999_IMG_1570.JPG","versions":["medium","medium_2x","profile_pic","profile_pic_new","profile_pic_new_2x","tiny","tiny_2x","small","small_2x","ios_large","ios_small"]}},"file":null,"picture":"https://coub-anubis-a.akamaized.net/coub_storage/coub/simple/cw_image/851b869c251/92ba7702142e567450945/1563816104_00006.jpg","timeline_picture":"https://coub-anubis-a.akamaized.net/coub_storage/coub/simple/cw_timeline_pic/686d50139d6/ede2fbff0b3dc6bfb3b1f/ios_large_1563816104_image.jpg","small_picture":"https://coub-anubis-a.akamaized.net/coub_storage/coub/simple/cw_image/851b869c251/92ba7702142e567450945/1563816104_00006.jpg","sharing_picture":null,"percent_done":100,"tags":[{"id":86,"title":"music","value":"music"},{"id":1852,"title":"old","value":"old"},{"id":1804,"title":"trip","value":"trip"},{"id":49603,"title":"cinemagraph","value":"cinemagraph"},{"id":379284,"title":"cinemagraphs","value":"cinemagraphs"},{"id":1133540,"title":"eleprimer","value":"eleprimer"}],"categories":[{"id":114,"title":"Live Pictures","permalink":"live-pictures","subscriptions_count":2028289,"big_image_url":"https://coub-anubis-a.akamaized.net/coub_storage/category/cw_image/6a781fee541/43bd1211431771697290d/big_1622039067_Live_pictures.png","small_image_url":"https://coub-anubis-a.akamaized.net/coub_storage/category/cw_image/6a781fee541/43bd1211431771697290d/small_1622039067_Live_pictures.png","med_image_url":"https://coub-anubis-a.akamaized.net/coub_storage/category/cw_image/6a781fee541/43bd1211431771697290d/med_1622039067_Live_pictures.png","visible":true}],"communities":[{"id":114,"title":"Live Pictures","permalink":"live-pictures","subscriptions_count":2028289,"big_image_url":"https://coub-anubis-a.akamaized.net/coub_storage/category/cw_image/6a781fee541/43bd1211431771697290d/big_1622039067_Live_pictures.png","small_image_url":"https://coub-anubis-a.akamaized.net/coub_storage/category/cw_image/6a781fee541/43bd1211431771697290d/small_1622039067_Live_pictures.png","med_image_url":"https://coub-anubis-a.akamaized.net/coub_storage/category/cw_image/6a781fee541/43bd1211431771697290d/med_1622039067_Live_pictures.png","i_subscribed":true,"community_notifications_enabled":null,"description":null}],"recoubs_count":37,"remixes_count":0,"likes_count":237,"dislikes_count":0,"raw_video_id":"","uploaded_by_ios_app":false,"uploaded_by_android_app":false,"media_blocks":{"uploaded_raw_videos":[],"external_raw_videos":[],"remixed_from_coubs":[{"id":31718456,"title":"Record spinning","url":"https://coub.com/coubs/1tuu0o/remix","image":"https://coub-anubis-a.akamaized.net/coub_storage/media_block/cw_image/6f1344d4908/9ae0140ae611b7f0da48b/1557345513_1fo0avt_1557345506_00006.jpg","image_retina":"https://coub-anubis-a.akamaized.net/coub_storage/media_block/cw_image/6f1344d4908/9ae0140ae611b7f0da48b/1557345513_1fo0avt_1557345506_00006.jpg","meta":{"duration":"1.88"},"duration":null,"coub_channel_title":"Cinemagraphs 🍒","coub_channel_permalink":"cinemagraphs","coub_views_count":30658,"coub_permalink":"1tuu0o"}]},"raw_video_thumbnail_url":"","raw_video_title":"","video_block_banned":false,"duration":1.88,"promo_winner":false,"promo_winner_recoubers":null,"editorial_info":{},"promo_hint":null,"beeline_best_2014":null,"from_web_editor":true,"normalize_sound":true,"normalize_change_allowed":true,"best2015_addable":false,"ahmad_promo":null,"promo_data":null,"audio_copyright_claim":null,"ads_disabled":false,"is_safe_for_ads":true,"megafon_contents":[],"position_on_page":7},{"flag":null,"abuses":null,"recoubs_by_users_channels":null,"favourite":false,"promoted_id":null,"recoub":null,"like":null,"dislike":null,"reaction":null,"in_my_best2015":false,"id":75553854,"type":"Coub::Simple","permalink":"18kj47","title":"Call of ancestors","visibility_type":"public","original_visibility_type":"public","channel_id":2754385,"created_at":"2018-05-27T15:32:44Z","updated_at":"2021-12-01T05:49:05Z","is_done":true,"views_count":49921,"cotd":null,"cotd_at":null,"visible_on_explore_root":true,"visible_on_explore":true,"featured":true,"published":true,"published_at":"2018-05-27T15:32:44Z","reversed":false,"from_editor_v2":true,"is_editable":true,"original_sound":false,"has_sound":false,"recoub_to":null,"file_versions":{"html5":{"video":{"higher":{"url":"https://coub-anubis-a.akamaized.net/coub_storage/coub/simple/cw_file/496407e85fa/8870462b1ea07f51e048b/muted_mp4_huge_size_1568239134_muted_huge.mp4","size":369493},"high":{"url":"https://coub-anubis-a.akamaized.net/coub_storage/coub/simple/cw_file/496407e85fa/8870462b1ea07f51e048b/muted_mp4_big_size_1568239134_muted_big.mp4","size":265797},"med":{"url":"https://coub-anubis-a.akamaized.net/coub_storage/coub/simple/cw_file/496407e85fa/8870462b1ea07f51e048b/muted_mp4_med_size_1568239134_muted_med.mp4","size":91743}},"audio":{"high":{"url":"https://coub-anubis-a.akamaized.net/coub_storage/coub/simple/cw_looped_audio_high/2ff3c705df7/75feb5dd51dca8f696174/1605626261_high_1527435659_high.mp3","size":3391921},"med":{"url":"https://coub-anubis-a.akamaized.net/coub_storage/coub/simple/cw_looped_audio_med/e9d51ccf3df/00d96b220a66a7e7f6f3f/1605626261_med_1527435659_med.mp3","size":2452481}}},"mobile":{"video":"https://coub-anubis-a.akamaized.net/coub_storage/coub/simple/cw_file/496407e85fa/8870462b1ea07f51e048b/muted_mp4_med_size_1568239134_muted_med.mp4","audio":["https://coub-anubis-a.akamaized.net/coub_storage/coub/simple/cw_looped_audio_med/e9d51ccf3df/00d96b220a66a7e7f6f3f/1605626261_med_1527435659_med.mp3"]},"share":{"default":null}},"audio_versions":{"template":"https://coub-anubis-a.akamaized.net/coub_storage/audio_track/cw_file/23a787a113d/3077801398fa0804ca960/mid_1527435637_gejljy_edited.mp3","versions":["mid","low"]},"image_versions":{"template":"https://coub-anubis-a.akamaized.net/coub_storage/coub/simple/cw_image/7c18dc335b4/578d080de8b97d3d5a613/1527435668_00007.jpg","versions":["micro","tiny","age_restricted","ios_large","ios_mosaic","big","med","small","pinterest"]},"first_frame_versions":{"template":"https://coub-anubis-a.akamaized.net/coub_storage/coub/simple/cw_timeline_pic/55292932edc/2aea90ce0d215c7915f2d/%{version}_1527435668_image.jpg","versions":["big","med","small","ios_large"]},"dimensions":{"big":[1280,532],"med":[640,266]},"site_w_h":[640,266],"page_w_h":[640,266],"site_w_h_small":[310,129],"size":[1280,532],"age_restricted":false,"age_restricted_by_admin":false,"not_safe_for_work":false,"allow_reuse":false,"dont_crop":true,"banned":false,"global_safe":true,"audio_file_url":"https://coub-anubis-a.akamaized.net/coub_storage/audio_track/cw_file/23a787a113d/3077801398fa0804ca960/low_1527435637_gejljy_edited.mp3","external_download":false,"application":null,"channel":{"id":2754385,"permalink":"darkpast","title":"Pắᵴⱦ ☮","description":"( ͡° ͜ʖ ͡°)","followers_count":2485,"following_count":14,"avatar_versions":{"template":"https://coub-anubis-a.akamaized.net/coub_storage/channel/cw_avatar/ec67c216da2/215190d50f75ffb8e9c51/%{version}_1607690973_17050ky_1546682038_hannibal10.png","versions":["medium","medium_2x","profile_pic","profile_pic_new","profile_pic_new_2x","tiny","tiny_2x","small","small_2x","ios_large","ios_small"]}},"file":null,"picture":"https://coub-anubis-a.akamaized.net/coub_storage/coub/simple/cw_image/7c18dc335b4/578d080de8b97d3d5a613/1527435668_00007.jpg","timeline_picture":"https://coub-anubis-a.akamaized.net/coub_storage/coub/simple/cw_timeline_pic/55292932edc/2aea90ce0d215c7915f2d/ios_large_1527435668_image.jpg","small_picture":"https://coub-anubis-a.akamaized.net/coub_storage/coub/simple/cw_image/7c18dc335b4/578d080de8b97d3d5a613/1527435668_00007.jpg","sharing_picture":null,"percent_done":100,"tags":[{"id":1558,"title":"film","value":"film"},{"id":379284,"title":"cinemagraphs","value":"cinemagraphs"},{"id":73244,"title":"movie moments","value":"movie%20moments"},{"id":2435561,"title":"blade runner 2049","value":"blade%20runner%202049"}],"categories":[{"id":114,"title":"Live Pictures","permalink":"live-pictures","subscriptions_count":2028289,"big_image_url":"https://coub-anubis-a.akamaized.net/coub_storage/category/cw_image/6a781fee541/43bd1211431771697290d/big_1622039067_Live_pictures.png","small_image_url":"https://coub-anubis-a.akamaized.net/coub_storage/category/cw_image/6a781fee541/43bd1211431771697290d/small_1622039067_Live_pictures.png","med_image_url":"https://coub-anubis-a.akamaized.net/coub_storage/category/cw_image/6a781fee541/43bd1211431771697290d/med_1622039067_Live_pictures.png","visible":true}],"communities":[{"id":114,"title":"Live Pictures","permalink":"live-pictures","subscriptions_count":2028289,"big_image_url":"https://coub-anubis-a.akamaized.net/coub_storage/category/cw_image/6a781fee541/43bd1211431771697290d/big_1622039067_Live_pictures.png","small_image_url":"https://coub-anubis-a.akamaized.net/coub_storage/category/cw_image/6a781fee541/43bd1211431771697290d/small_1622039067_Live_pictures.png","med_image_url":"https://coub-anubis-a.akamaized.net/coub_storage/category/cw_image/6a781fee541/43bd1211431771697290d/med_1622039067_Live_pictures.png","i_subscribed":true,"community_notifications_enabled":null,"description":null}],"recoubs_count":46,"remixes_count":0,"likes_count":237,"dislikes_count":0,"raw_video_id":11778888,"uploaded_by_ios_app":false,"uploaded_by_android_app":false,"media_blocks":{"uploaded_raw_videos":[],"external_raw_videos":[],"remixed_from_coubs":[]},"raw_video_thumbnail_url":"/missing/missing.png","raw_video_title":"_.wmv","video_block_banned":false,"duration":2.2,"promo_winner":false,"promo_winner_recoubers":null,"editorial_info":{},"promo_hint":null,"beeline_best_2014":null,"from_web_editor":true,"normalize_sound":false,"normalize_change_allowed":true,"best2015_addable":false,"ahmad_promo":null,"promo_data":null,"audio_copyright_claim":null,"ads_disabled":false,"is_safe_for_ads":true,"megafon_contents":[],"position_on_page":8},{"flag":null,"abuses":null,"recoubs_by_users_channels":null,"favourite":false,"promoted_id":null,"recoub":null,"like":null,"dislike":null,"reaction":null,"in_my_best2015":false,"id":21479648,"type":"Coub::Simple","permalink":"cc8jb","title":"Such pretty flowers! Can't believe It's all for me!","visibility_type":"public","original_visibility_type":"public","channel_id":36966,"created_at":"2016-05-10T02:55:16Z","updated_at":"2022-02-23T16:46:21Z","is_done":true,"views_count":23761,"cotd":null,"cotd_at":null,"visible_on_explore_root":true,"visible_on_explore":true,"featured":true,"published":true,"published_at":"2016-05-10T02:55:16Z","reversed":true,"from_editor_v2":true,"is_editable":true,"original_sound":false,"has_sound":false,"recoub_to":null,"file_versions":{"html5":{"video":{"higher":{"url":"https://coub-anubis-a.akamaized.net/coub_storage/coub/simple/cw_file/a2ab7e178a5/681830411156e9ce99028/muted_mp4_huge_size_1567881792_muted_huge.mp4","size":3715793},"high":{"url":"https://coub-anubis-a.akamaized.net/coub_storage/coub/simple/cw_file/a2ab7e178a5/681830411156e9ce99028/muted_mp4_big_size_1567881792_muted_big.mp4","size":3074073},"med":{"url":"https://coub-anubis-a.akamaized.net/coub_storage/coub/simple/cw_file/a2ab7e178a5/681830411156e9ce99028/muted_mp4_med_size_1567881792_muted_med.mp4","size":517250}},"audio":{"high":{"url":"https://coub-anubis-a.akamaized.net/coub_storage/coub/simple/cw_looped_audio_high/f7e61bf66c8/7b98961e843a9c2d85bf1/1605487509_high_1462849011_high.mp3","size":5486967},"med":{"url":"https://coub-anubis-a.akamaized.net/coub_storage/coub/simple/cw_looped_audio_med/49931e53b85/a3fa3b3d2f7598a06bdc6/1605487508_med_1462849011_med.mp3","size":3657977}}},"mobile":{"video":"https://coub-anubis-a.akamaized.net/coub_storage/coub/simple/cw_file/a2ab7e178a5/681830411156e9ce99028/muted_mp4_med_size_1567881792_muted_med.mp4","audio":["https://coub-anubis-a.akamaized.net/coub_storage/coub/simple/cw_looped_audio_med/49931e53b85/a3fa3b3d2f7598a06bdc6/1605487508_med_1462849011_med.mp3"]},"share":{"default":"https://coub-anubis-a.akamaized.net/coub_storage/coub/simple/cw_video_for_sharing/0d1b5b00788/f03528bab58e9b4244c0c/1630254219_looped_1630254218.mp4"}},"audio_versions":{"template":"https://coub-anubis-a.akamaized.net/coub_storage/audio_track/cw_normalized_copy/0a529cde1cb/3ac431774af4f2d65b90f/mid_1503870606_1aimra3_normalized_1462848820_audio.mp3","versions":["mid","low"]},"image_versions":{"template":"https://coub-anubis-a.akamaized.net/coub_storage/coub/simple/cw_image/d8963ceb880/bd61f14291ea0ea44cf51/1462849141_00063.jpg","versions":["micro","tiny","age_restricted","ios_large","ios_mosaic","big","med","small","pinterest"]},"first_frame_versions":{"template":"https://coub-anubis-a.akamaized.net/coub_storage/coub/simple/cw_timeline_pic/95c1546ed0c/c557078e8812165707961/1462849137_image.jpg","versions":["big","med","small","ios_large"]},"dimensions":{"big":[1280,720],"med":[640,360]},"site_w_h":[640,360],"page_w_h":[640,360],"site_w_h_small":[310,174],"size":[1280,720],"age_restricted":false,"age_restricted_by_admin":false,"not_safe_for_work":false,"allow_reuse":false,"dont_crop":false,"banned":false,"global_safe":true,"audio_file_url":"https://coub-anubis-a.akamaized.net/coub_storage/audio_track/cw_normalized_copy/0a529cde1cb/3ac431774af4f2d65b90f/low_1503870606_1aimra3_normalized_1462848820_audio.mp3","external_download":false,"application":null,"channel":{"id":36966,"permalink":"lenge4816","title":"Lenge","description":"🍃","followers_count":3678,"following_count":645,"avatar_versions":{"template":"https://coub-anubis-a.akamaized.net/coub_storage/channel/cw_avatar/cc078daed82/2ef5b436726d9e1af33a3/%{version}_1494915085____________1.jpg","versions":["medium","medium_2x","profile_pic","profile_pic_new","profile_pic_new_2x","tiny","tiny_2x","small","small_2x","ios_large","ios_small"]}},"file":null,"picture":"https://coub-anubis-a.akamaized.net/coub_storage/coub/simple/cw_image/d8963ceb880/bd61f14291ea0ea44cf51/1462849141_00063.jpg","timeline_picture":"https://coub-anubis-a.akamaized.net/coub_storage/coub/simple/cw_timeline_pic/95c1546ed0c/c557078e8812165707961/1462849137_image.jpg","small_picture":"https://coub-anubis-a.akamaized.net/coub_storage/coub/simple/cw_image/d8963ceb880/bd61f14291ea0ea44cf51/1462849141_00063.jpg","sharing_picture":null,"percent_done":100,"tags":[{"id":1502165,"title":"lengeday","value":"lengeday"},{"id":424,"title":"animation","value":"animation"}],"categories":[{"id":114,"title":"Live Pictures","permalink":"live-pictures","subscriptions_count":2028289,"big_image_url":"https://coub-anubis-a.akamaized.net/coub_storage/category/cw_image/6a781fee541/43bd1211431771697290d/big_1622039067_Live_pictures.png","small_image_url":"https://coub-anubis-a.akamaized.net/coub_storage/category/cw_image/6a781fee541/43bd1211431771697290d/small_1622039067_Live_pictures.png","med_image_url":"https://coub-anubis-a.akamaized.net/coub_storage/category/cw_image/6a781fee541/43bd1211431771697290d/med_1622039067_Live_pictures.png","visible":true}],"communities":[{"id":114,"title":"Live Pictures","permalink":"live-pictures","subscriptions_count":2028289,"big_image_url":"https://coub-anubis-a.akamaized.net/coub_storage/category/cw_image/6a781fee541/43bd1211431771697290d/big_1622039067_Live_pictures.png","small_image_url":"https://coub-anubis-a.akamaized.net/coub_storage/category/cw_image/6a781fee541/43bd1211431771697290d/small_1622039067_Live_pictures.png","med_image_url":"https://coub-anubis-a.akamaized.net/coub_storage/category/cw_image/6a781fee541/43bd1211431771697290d/med_1622039067_Live_pictures.png","i_subscribed":true,"community_notifications_enabled":null,"description":null}],"recoubs_count":50,"remixes_count":0,"likes_count":236,"dislikes_count":0,"raw_video_id":2592763,"uploaded_by_ios_app":false,"uploaded_by_android_app":false,"media_blocks":{"uploaded_raw_videos":[],"external_raw_videos":[],"remixed_from_coubs":[]},"raw_video_thumbnail_url":"/missing/missing.png","raw_video_title":"_________________.mp4","video_block_banned":false,"duration":20.0,"promo_winner":false,"promo_winner_recoubers":null,"editorial_info":{},"promo_hint":null,"beeline_best_2014":null,"from_web_editor":true,"normalize_sound":true,"normalize_change_allowed":true,"best2015_addable":false,"ahmad_promo":null,"promo_data":null,"audio_copyright_claim":null,"ads_disabled":null,"is_safe_for_ads":true,"megafon_contents":[],"position_on_page":9},{"flag":null,"abuses":null,"recoubs_by_users_channels":null,"favourite":false,"promoted_id":null,"recoub":null,"like":null,"dislike":null,"reaction":null,"in_my_best2015":false,"id":182176435,"type":"Coub::Simple","permalink":"304b15","title":"Repairing...","visibility_type":"public","original_visibility_type":"public","channel_id":1976415,"created_at":"2022-01-30T12:56:13Z","updated_at":"2022-03-16T10:24:08Z","is_done":true,"views_count":56481,"cotd":null,"cotd_at":null,"visible_on_explore_root":false,"visible_on_explore":false,"featured":false,"published":true,"published_at":"2022-01-30T12:56:13Z","reversed":false,"from_editor_v2":true,"is_editable":true,"original_sound":false,"has_sound":false,"recoub_to":null,"file_versions":{"html5":{"video":{"higher":{"url":"https://coub-anubis-a.akamaized.net/coub_storage/coub/simple/cw_file/0a94f85e1ed/2954b450cc80434a7647a/muted_mp4_huge_size_1643547375_muted_huge.mp4","size":183164},"high":{"url":"https://coub-anubis-a.akamaized.net/coub_storage/coub/simple/cw_file/0a94f85e1ed/2954b450cc80434a7647a/muted_mp4_big_size_1643547375_muted_big.mp4","size":116171},"med":{"url":"https://coub-anubis-a.akamaized.net/coub_storage/coub/simple/cw_file/0a94f85e1ed/2954b450cc80434a7647a/muted_mp4_med_size_1643547375_muted_med.mp4","size":48856}},"audio":{"high":{"url":"https://coub-anubis-a.akamaized.net/coub_storage/coub/simple/cw_looped_audio_high/806762ddbae/e0120b1efda7c86fd9502/1643547413_mp3-high.mp3","size":3533591},"med":{"url":"https://coub-anubis-a.akamaized.net/coub_storage/coub/simple/cw_looped_audio_med/a49ae2f069e/e8981afb0a8ccc4b1d2e2/1643547410_mp3-med.mp3","size":3448173}}},"mobile":{"video":"https://coub-anubis-a.akamaized.net/coub_storage/coub/simple/cw_file/0a94f85e1ed/2954b450cc80434a7647a/muted_mp4_med_size_1643547375_muted_med.mp4","audio":["https://coub-anubis-a.akamaized.net/coub_storage/coub/simple/cw_looped_audio_med/a49ae2f069e/e8981afb0a8ccc4b1d2e2/1643547410_mp3-med.mp3"]},"share":{"default":"https://coub-anubis-a.akamaized.net/coub_storage/coub/simple/cw_video_for_sharing/33bafb18e20/ae48f2412e6da25d04576/1643547428_looped_1643547427.mp4"}},"audio_versions":{"template":"https://coub-anubis-a.akamaized.net/coub_storage/audio_track/cw_normalized_copy/21d2d145e2e/f183523e04b04febada7f/mid_1643547397_normalized_1643547379_1r944tz_edited.mp3","versions":["mid","low"]},"image_versions":{"template":"https://coub-anubis-a.akamaized.net/coub_storage/coub/simple/cw_image/ed05c2278c9/f80546b6de2030e0f9e5e/%{version}_1643547415_00019.jpg","versions":["micro","tiny","age_restricted","ios_large","ios_mosaic","big","med","small","pinterest"]},"first_frame_versions":{"template":"https://coub-anubis-a.akamaized.net/coub_storage/coub/simple/cw_timeline_pic/5abf779096c/3ec1006df97bd13c1eaa9/%{version}_1643547415_image.jpg","versions":["big","med","small","ios_large"]},"dimensions":{"big":[1280,960],"med":[640,480]},"site_w_h":[640,480],"page_w_h":[640,480],"site_w_h_small":[310,233],"size":[1280,960],"age_restricted":false,"age_restricted_by_admin":false,"not_safe_for_work":null,"allow_reuse":false,"dont_crop":true,"banned":false,"global_safe":null,"audio_file_url":"https://coub-anubis-a.akamaized.net/coub_storage/audio_track/cw_normalized_copy/21d2d145e2e/f183523e04b04febada7f/low_1643547397_normalized_1643547379_1r944tz_edited.mp3","external_download":false,"application":null,"channel":{"id":1976415,"permalink":"vertibirdo","title":"Vertibirdo","description":"I make coubs, using my own animations  Thank you for your visit! Follow me if you like my coubs!","followers_count":17339,"following_count":20,"avatar_versions":{"template":"https://coub-anubis-a.akamaized.net/coub_storage/channel/cw_avatar/ef32fb1efeb/c27314b9a0cd1d9f3e528/%{version}_1607432583_pe16ja_1474575164_Image111.png","versions":["medium","medium_2x","profile_pic","profile_pic_new","profile_pic_new_2x","tiny","tiny_2x","small","small_2x","ios_large","ios_small"]}},"file":null,"picture":"https://coub-anubis-a.akamaized.net/coub_storage/coub/simple/cw_image/ed05c2278c9/f80546b6de2030e0f9e5e/med_1643547415_00019.jpg","timeline_picture":"https://coub-anubis-a.akamaized.net/coub_storage/coub/simple/cw_timeline_pic/5abf779096c/3ec1006df97bd13c1eaa9/ios_large_1643547415_image.jpg","small_picture":"https://coub-anubis-a.akamaized.net/coub_storage/coub/simple/cw_image/ed05c2278c9/f80546b6de2030e0f9e5e/ios_mosaic_1643547415_00019.jpg","sharing_picture":null,"percent_done":100,"tags":[{"id":258946,"title":"pixelart","value":"pixelart"},{"id":424,"title":"animation","value":"animation"},{"id":421,"title":"gif","value":"gif"},{"id":5512000,"title":"highfleet","value":"highfleet"},{"id":1473715,"title":"vertibirdo","value":"vertibirdo"},{"id":3134845,"title":"vertibirdo gif","value":"vertibirdo%20gif"}],"categories":[{"id":114,"title":"Live Pictures","permalink":"live-pictures","subscriptions_count":2028289,"big_image_url":"https://coub-anubis-a.akamaized.net/coub_storage/category/cw_image/6a781fee541/43bd1211431771697290d/big_1622039067_Live_pictures.png","small_image_url":"https://coub-anubis-a.akamaized.net/coub_storage/category/cw_image/6a781fee541/43bd1211431771697290d/small_1622039067_Live_pictures.png","med_image_url":"https://coub-anubis-a.akamaized.net/coub_storage/category/cw_image/6a781fee541/43bd1211431771697290d/med_1622039067_Live_pictures.png","visible":true}],"communities":[{"id":114,"title":"Live Pictures","permalink":"live-pictures","subscriptions_count":2028289,"big_image_url":"https://coub-anubis-a.akamaized.net/coub_storage/category/cw_image/6a781fee541/43bd1211431771697290d/big_1622039067_Live_pictures.png","small_image_url":"https://coub-anubis-a.akamaized.net/coub_storage/category/cw_image/6a781fee541/43bd1211431771697290d/small_1622039067_Live_pictures.png","med_image_url":"https://coub-anubis-a.akamaized.net/coub_storage/category/cw_image/6a781fee541/43bd1211431771697290d/med_1622039067_Live_pictures.png","i_subscribed":true,"community_notifications_enabled":null,"description":null}],"recoubs_count":49,"remixes_count":1,"likes_count":235,"dislikes_count":0,"raw_video_id":17098288,"uploaded_by_ios_app":false,"uploaded_by_android_app":false,"media_blocks":{"uploaded_raw_videos":[],"external_raw_videos":[],"remixed_from_coubs":[]},"raw_video_thumbnail_url":"https://coub-anubis-a.akamaized.net/coub_storage/raw_video/cw_image/e7ed292e99c/56b3bb8ef5d1dc32ffc80/coub_media_1643547136_image.jpg","raw_video_title":"highfleet_x2.gif","video_block_banned":false,"duration":6.0,"promo_winner":false,"promo_winner_recoubers":null,"editorial_info":{},"promo_hint":null,"beeline_best_2014":null,"from_web_editor":true,"normalize_sound":true,"normalize_change_allowed":true,"best2015_addable":false,"ahmad_promo":null,"promo_data":null,"audio_copyright_claim":null,"ads_disabled":null,"is_safe_for_ads":true,"megafon_contents":[],"position_on_page":10}]}