{"page":362,"per_page":10,"total_pages":500,"coubs":[{"flag":null,"abuses":null,"recoubs_by_users_channels":null,"favourite":false,"promoted_id":null,"recoub":null,"like":null,"dislike":null,"reaction":null,"in_my_best2015":false,"id":36434653,"type":"Coub::Simple","permalink":"l8rzf","title":"Havaii Meet Japan","visibility_type":"public","original_visibility_type":"public","channel_id":2468838,"created_at":"2016-12-27T23:31:17Z","updated_at":"2020-11-16T23:05:27Z","is_done":true,"views_count":4972,"cotd":null,"cotd_at":null,"visible_on_explore_root":false,"visible_on_explore":false,"featured":false,"published":true,"published_at":"2016-12-27T23:31:17Z","reversed":false,"from_editor_v2":true,"is_editable":true,"original_sound":false,"has_sound":false,"recoub_to":null,"file_versions":{"html5":{"video":{"high":{"url":"https://coub-anubis-a.akamaized.net/coub_storage/coub/simple/cw_file/d74200a5553/178b1131338ec93c83716/muted_mp4_big_size_1482881485_muted_big.mp4","size":173358},"med":{"url":"https://coub-anubis-a.akamaized.net/coub_storage/coub/simple/cw_file/d74200a5553/178b1131338ec93c83716/muted_mp4_med_size_1482881485_muted_med.mp4","size":62884}},"audio":{"high":{"url":"https://coub-anubis-a.akamaized.net/coub_storage/coub/simple/cw_looped_audio_high/77f4cbaa98f/87f9db70aeeac38235a8c/1605567927_high_1482881506_high.mp3","size":2633838},"med":{"url":"https://coub-anubis-a.akamaized.net/coub_storage/coub/simple/cw_looped_audio_med/3495843872f/8f8f08e88f729cc256c1d/1605567926_med_1482881506_med.mp3","size":2432713}}},"mobile":{"video":"https://coub-anubis-a.akamaized.net/coub_storage/coub/simple/cw_file/d74200a5553/178b1131338ec93c83716/muted_mp4_med_size_1482881485_muted_med.mp4","audio":["https://coub-anubis-a.akamaized.net/coub_storage/coub/simple/cw_looped_audio_med/3495843872f/8f8f08e88f729cc256c1d/1605567926_med_1482881506_med.mp3"]},"share":{"default":null}},"audio_versions":{"template":"https://coub-anubis-a.akamaized.net/coub_storage/audio_track/cw_file/61c7f31a546/2350c3ec4e2d029a39b4e/mid_1482881488_uxnfvg_edited.mp3","versions":["mid","low"]},"image_versions":{"template":"https://coub-anubis-a.akamaized.net/coub_storage/coub/simple/cw_image/68172236def/4d13857fe9ff70074bac8/1482881512_00004.jpg","versions":["micro","tiny","age_restricted","ios_large","ios_mosaic","big","med","small","pinterest"]},"first_frame_versions":{"template":"https://coub-anubis-a.akamaized.net/coub_storage/coub/simple/cw_timeline_pic/68172236def/4d13857fe9ff70074bac8/%{version}_1482881512_image.jpg","versions":["big","med","small","ios_large"]},"dimensions":{"big":[1280,638],"med":[640,318]},"site_w_h":[640,319],"page_w_h":[640,319],"site_w_h_small":[310,155],"size":[1280,638],"age_restricted":false,"age_restricted_by_admin":false,"not_safe_for_work":false,"allow_reuse":false,"dont_crop":false,"banned":false,"global_safe":true,"audio_file_url":"https://coub-anubis-a.akamaized.net/coub_storage/audio_track/cw_file/61c7f31a546/2350c3ec4e2d029a39b4e/low_1482881488_uxnfvg_edited.mp3","external_download":{"type":"Gfycat","service_name":"Gfycat","url":"http://zippy.gfycat.com/ComplexDiscreteCornsnake.webm","has_embed":true},"application":null,"channel":{"id":2468838,"permalink":"hateanimation","title":"Animation Hate","description":"Animation Hate® 🔸","followers_count":21471,"following_count":18,"avatar_versions":{"template":"https://coub-anubis-a.akamaized.net/coub_storage/channel/cw_avatar/a85b6bb837c/4005c6c2ca4170b89313d/%{version}_1607432453_1hqyn4v_1474706918_cinemagraphs-2-thumb290.jpg","versions":["medium","medium_2x","profile_pic","profile_pic_new","profile_pic_new_2x","tiny","tiny_2x","small","small_2x","ios_large","ios_small"]}},"file":null,"picture":"https://coub-anubis-a.akamaized.net/coub_storage/coub/simple/cw_image/68172236def/4d13857fe9ff70074bac8/1482881512_00004.jpg","timeline_picture":"https://coub-anubis-a.akamaized.net/coub_storage/coub/simple/cw_timeline_pic/68172236def/4d13857fe9ff70074bac8/ios_large_1482881512_image.jpg","small_picture":"https://coub-anubis-a.akamaized.net/coub_storage/coub/simple/cw_image/68172236def/4d13857fe9ff70074bac8/1482881512_00004.jpg","sharing_picture":null,"percent_done":100,"tags":[{"id":1365441,"title":"animation hate","value":"animation%20hate"},{"id":3082,"title":"video","value":"video"},{"id":50,"title":"coub","value":"coub"},{"id":2588,"title":"sad","value":"sad"},{"id":11537,"title":"trippy","value":"trippy"},{"id":1804,"title":"trip","value":"trip"},{"id":16630,"title":"meet","value":"meet"},{"id":8763,"title":"watch","value":"watch"},{"id":135,"title":"water","value":"water"},{"id":266,"title":"deep","value":"deep"},{"id":86,"title":"music","value":"music"},{"id":1133540,"title":"eleprimer","value":"eleprimer"},{"id":3515,"title":"nice","value":"nice"},{"id":35944,"title":"lookatme","value":"lookatme"},{"id":2980,"title":"look","value":"look"},{"id":165,"title":"anime","value":"anime"},{"id":6514,"title":"japan","value":"japan"},{"id":898353,"title":"havaii","value":"havaii"},{"id":625692,"title":"jing","value":"jing"},{"id":1345,"title":"bass","value":"bass"},{"id":5574,"title":"beat","value":"beat"},{"id":69264,"title":"groovy","value":"groovy"},{"id":12531,"title":"freeze","value":"freeze"},{"id":39050,"title":"steel","value":"steel"},{"id":1071,"title":"cool","value":"cool"},{"id":424,"title":"animation","value":"animation"},{"id":21500,"title":"animate","value":"animate"},{"id":421,"title":"gif","value":"gif"},{"id":168,"title":"loop","value":"loop"},{"id":955,"title":"like","value":"like"}],"categories":[{"id":114,"title":"Live Pictures","permalink":"live-pictures","subscriptions_count":2028289,"big_image_url":"https://coub-anubis-a.akamaized.net/coub_storage/category/cw_image/6a781fee541/43bd1211431771697290d/big_1622039067_Live_pictures.png","small_image_url":"https://coub-anubis-a.akamaized.net/coub_storage/category/cw_image/6a781fee541/43bd1211431771697290d/small_1622039067_Live_pictures.png","med_image_url":"https://coub-anubis-a.akamaized.net/coub_storage/category/cw_image/6a781fee541/43bd1211431771697290d/med_1622039067_Live_pictures.png","visible":true}],"communities":[{"id":114,"title":"Live Pictures","permalink":"live-pictures","subscriptions_count":2028289,"big_image_url":"https://coub-anubis-a.akamaized.net/coub_storage/category/cw_image/6a781fee541/43bd1211431771697290d/big_1622039067_Live_pictures.png","small_image_url":"https://coub-anubis-a.akamaized.net/coub_storage/category/cw_image/6a781fee541/43bd1211431771697290d/small_1622039067_Live_pictures.png","med_image_url":"https://coub-anubis-a.akamaized.net/coub_storage/category/cw_image/6a781fee541/43bd1211431771697290d/med_1622039067_Live_pictures.png","i_subscribed":true,"community_notifications_enabled":null,"description":null}],"recoubs_count":9,"remixes_count":0,"likes_count":48,"dislikes_count":0,"raw_video_id":7259356,"uploaded_by_ios_app":false,"uploaded_by_android_app":false,"media_blocks":{"uploaded_raw_videos":[],"external_raw_videos":[{"id":14894763,"title":"Complex Discrete Cornsnake","url":"https://gfycat.com/ComplexDiscreteCornsnake","image":"https://coub-anubis-a.akamaized.net/coub_storage/media_block/cw_image/4f258344c73/2d657f54becf2658fbeba/1490857521_1482880486_1td86ae_att-url-download.jpg","image_retina":"https://coub-anubis-a.akamaized.net/coub_storage/media_block/cw_image/4f258344c73/2d657f54becf2658fbeba/1490857521_1482880486_1td86ae_att-url-download.jpg","meta":{"service":"Gfycat","duration":"1.2"},"duration":1.2,"raw_video_id":7259356,"has_embed":true}],"remixed_from_coubs":[],"external_video":{"id":14894763,"title":"Complex Discrete Cornsnake","url":"https://gfycat.com/ComplexDiscreteCornsnake","image":"https://coub-anubis-a.akamaized.net/coub_storage/media_block/cw_image/4f258344c73/2d657f54becf2658fbeba/1490857521_1482880486_1td86ae_att-url-download.jpg","image_retina":"https://coub-anubis-a.akamaized.net/coub_storage/media_block/cw_image/4f258344c73/2d657f54becf2658fbeba/1490857521_1482880486_1td86ae_att-url-download.jpg","meta":{"service":"Gfycat","duration":"1.2"},"duration":1.2,"raw_video_id":7259356,"has_embed":true}},"raw_video_thumbnail_url":"/missing/missing.png","raw_video_title":"Complex Discrete Cornsnake","video_block_banned":false,"duration":1.24,"promo_winner":false,"promo_winner_recoubers":null,"editorial_info":{},"promo_hint":null,"beeline_best_2014":null,"from_web_editor":true,"normalize_sound":false,"normalize_change_allowed":true,"best2015_addable":false,"ahmad_promo":null,"promo_data":null,"audio_copyright_claim":null,"ads_disabled":null,"is_safe_for_ads":true,"megafon_contents":[],"position_on_page":1},{"flag":null,"abuses":null,"recoubs_by_users_channels":null,"favourite":false,"promoted_id":null,"recoub":null,"like":null,"dislike":null,"reaction":null,"in_my_best2015":false,"id":28957446,"type":"Coub::Simple","permalink":"gsihq","title":"Solo Dancing Mt.","visibility_type":"public","original_visibility_type":"public","channel_id":2227934,"created_at":"2016-11-15T20:46:09Z","updated_at":"2020-11-16T16:43:23Z","is_done":true,"views_count":1780,"cotd":null,"cotd_at":null,"visible_on_explore_root":false,"visible_on_explore":false,"featured":false,"published":true,"published_at":"2016-11-15T20:46:09Z","reversed":false,"from_editor_v2":true,"is_editable":true,"original_sound":false,"has_sound":false,"recoub_to":null,"file_versions":{"html5":{"video":{"higher":{"url":"https://coub-anubis-a.akamaized.net/coub_storage/coub/simple/cw_file/bffbd759d58/4254e62b45729da4e5d62/muted_mp4_huge_size_1587909282_muted_huge.mp4","size":491345},"high":{"url":"https://coub-anubis-a.akamaized.net/coub_storage/coub/simple/cw_file/bffbd759d58/4254e62b45729da4e5d62/muted_mp4_big_size_1587909282_muted_big.mp4","size":403154},"med":{"url":"https://coub-anubis-a.akamaized.net/coub_storage/coub/simple/cw_file/bffbd759d58/4254e62b45729da4e5d62/muted_mp4_med_size_1587909282_muted_med.mp4","size":66862}},"audio":{"high":{"url":"https://coub-anubis-a.akamaized.net/coub_storage/coub/simple/cw_looped_audio_high/bbb4384fe85/d6d2ec4942efa19dea398/1605545003_high_1479242783_high.mp3","size":2379969},"med":{"url":"https://coub-anubis-a.akamaized.net/coub_storage/coub/simple/cw_looped_audio_med/e868f0cd223/9436ad3f6fdcb3f369fe5/1605545002_med_1479242783_med.mp3","size":2122951}}},"mobile":{"video":"https://coub-anubis-a.akamaized.net/coub_storage/coub/simple/cw_file/bffbd759d58/4254e62b45729da4e5d62/muted_mp4_med_size_1587909282_muted_med.mp4","audio":["https://coub-anubis-a.akamaized.net/coub_storage/coub/simple/cw_looped_audio_med/e868f0cd223/9436ad3f6fdcb3f369fe5/1605545002_med_1479242783_med.mp3"]},"share":{"default":null}},"audio_versions":{"template":"https://coub-anubis-a.akamaized.net/coub_storage/audio_track/cw_file/047ad2eef2d/10d82e121590b7a230d4a/mid_1479242775_1vhmxkc_edited.mp3","versions":["mid","low"]},"image_versions":{"template":"https://coub-anubis-a.akamaized.net/coub_storage/coub/simple/cw_image/6e158ed7f79/526ffba74296c78ff13c5/1479242790_00007.jpg","versions":["micro","tiny","age_restricted","ios_large","ios_mosaic","big","med","small","pinterest"]},"first_frame_versions":{"template":"https://coub-anubis-a.akamaized.net/coub_storage/coub/simple/cw_timeline_pic/6e158ed7f79/526ffba74296c78ff13c5/%{version}_1479242790_image.jpg","versions":["big","med","small","ios_large"]},"dimensions":{"big":[1280,720],"med":[640,360]},"site_w_h":[640,360],"page_w_h":[640,360],"site_w_h_small":[310,174],"size":[1280,720],"age_restricted":false,"age_restricted_by_admin":false,"not_safe_for_work":false,"allow_reuse":false,"dont_crop":false,"banned":false,"global_safe":true,"audio_file_url":"https://coub-anubis-a.akamaized.net/coub_storage/audio_track/cw_file/047ad2eef2d/10d82e121590b7a230d4a/low_1479242775_1vhmxkc_edited.mp3","external_download":{"type":"Imgur","service_name":"Imgur","url":"http://i.imgur.com/5chMySU.gifv","has_embed":false},"application":null,"channel":{"id":2227934,"permalink":"cinemagraphs","title":"Cinemagraphs 🍒","description":"Pictures of the future 📸 #Cinemagraphs","followers_count":51485,"following_count":25,"avatar_versions":{"template":"https://coub-anubis-a.akamaized.net/coub_storage/channel/cw_avatar/b167cf416ae/e7e9bad8a41580de67e5e/%{version}_1607423119_5o3vhm_1474588843_fonstola.ru-57386.jpg","versions":["medium","medium_2x","profile_pic","profile_pic_new","profile_pic_new_2x","tiny","tiny_2x","small","small_2x","ios_large","ios_small"]}},"file":null,"picture":"https://coub-anubis-a.akamaized.net/coub_storage/coub/simple/cw_image/6e158ed7f79/526ffba74296c78ff13c5/1479242790_00007.jpg","timeline_picture":"https://coub-anubis-a.akamaized.net/coub_storage/coub/simple/cw_timeline_pic/6e158ed7f79/526ffba74296c78ff13c5/ios_large_1479242790_image.jpg","small_picture":"https://coub-anubis-a.akamaized.net/coub_storage/coub/simple/cw_image/6e158ed7f79/526ffba74296c78ff13c5/1479242790_00007.jpg","sharing_picture":null,"percent_done":100,"tags":[{"id":15558,"title":"qwerty","value":"qwerty"},{"id":3082,"title":"video","value":"video"},{"id":50,"title":"coub","value":"coub"},{"id":3802,"title":"norton","value":"norton"},{"id":2724,"title":"clip","value":"clip"},{"id":5740,"title":"dream","value":"dream"},{"id":9075,"title":"joint","value":"joint"},{"id":130,"title":"house","value":"house"},{"id":1094,"title":"nature","value":"nature"},{"id":2694,"title":"magic","value":"magic"},{"id":2707,"title":"omg","value":"omg"},{"id":1804,"title":"trip","value":"trip"},{"id":60709,"title":"mt","value":"mt"},{"id":1183323,"title":"mountine","value":"mountine"},{"id":73135,"title":"join","value":"join"},{"id":69264,"title":"groovy","value":"groovy"},{"id":86,"title":"music","value":"music"},{"id":1133540,"title":"eleprimer","value":"eleprimer"},{"id":379284,"title":"cinemagraphs","value":"cinemagraphs"},{"id":49603,"title":"cinemagraph","value":"cinemagraph"},{"id":3081,"title":"free","value":"free"},{"id":171,"title":"wow","value":"wow"},{"id":182,"title":"dance","value":"dance"},{"id":349560,"title":"orbo","value":"orbo"},{"id":421,"title":"gif","value":"gif"},{"id":168,"title":"loop","value":"loop"},{"id":125,"title":"dancing","value":"dancing"},{"id":7739,"title":"solo","value":"solo"}],"categories":[{"id":114,"title":"Live Pictures","permalink":"live-pictures","subscriptions_count":2028289,"big_image_url":"https://coub-anubis-a.akamaized.net/coub_storage/category/cw_image/6a781fee541/43bd1211431771697290d/big_1622039067_Live_pictures.png","small_image_url":"https://coub-anubis-a.akamaized.net/coub_storage/category/cw_image/6a781fee541/43bd1211431771697290d/small_1622039067_Live_pictures.png","med_image_url":"https://coub-anubis-a.akamaized.net/coub_storage/category/cw_image/6a781fee541/43bd1211431771697290d/med_1622039067_Live_pictures.png","visible":true}],"communities":[{"id":114,"title":"Live Pictures","permalink":"live-pictures","subscriptions_count":2028289,"big_image_url":"https://coub-anubis-a.akamaized.net/coub_storage/category/cw_image/6a781fee541/43bd1211431771697290d/big_1622039067_Live_pictures.png","small_image_url":"https://coub-anubis-a.akamaized.net/coub_storage/category/cw_image/6a781fee541/43bd1211431771697290d/small_1622039067_Live_pictures.png","med_image_url":"https://coub-anubis-a.akamaized.net/coub_storage/category/cw_image/6a781fee541/43bd1211431771697290d/med_1622039067_Live_pictures.png","i_subscribed":true,"community_notifications_enabled":null,"description":null}],"recoubs_count":16,"remixes_count":2,"likes_count":48,"dislikes_count":0,"raw_video_id":4930137,"uploaded_by_ios_app":false,"uploaded_by_android_app":false,"media_blocks":{"uploaded_raw_videos":[],"external_raw_videos":[{"id":17201311,"title":"Misty Rofan Mountains, Austria.","url":"https://imgur.com/5chMySU","image":"https://coub-anubis-a.akamaized.net/coub_storage/media_block/cw_image/84028be155c/c5fde6e1b03ce07310daa/1491644644_1479241778_13mykhj_att-url-download.jpg","image_retina":"https://coub-anubis-a.akamaized.net/coub_storage/media_block/cw_image/84028be155c/c5fde6e1b03ce07310daa/1491644644_1479241778_13mykhj_att-url-download.jpg","meta":{"service":"Imgur","duration":"2.0"},"duration":2.0,"raw_video_id":4930137,"has_embed":false}],"remixed_from_coubs":[],"external_video":{"id":17201311,"title":"Misty Rofan Mountains, Austria.","url":"https://imgur.com/5chMySU","image":"https://coub-anubis-a.akamaized.net/coub_storage/media_block/cw_image/84028be155c/c5fde6e1b03ce07310daa/1491644644_1479241778_13mykhj_att-url-download.jpg","image_retina":"https://coub-anubis-a.akamaized.net/coub_storage/media_block/cw_image/84028be155c/c5fde6e1b03ce07310daa/1491644644_1479241778_13mykhj_att-url-download.jpg","meta":{"service":"Imgur","duration":"2.0"},"duration":2.0,"raw_video_id":4930137,"has_embed":false}},"raw_video_thumbnail_url":"/missing/missing.png","raw_video_title":"Misty Rofan Mountains, Austria.","video_block_banned":false,"duration":2.0,"promo_winner":false,"promo_winner_recoubers":null,"editorial_info":{},"promo_hint":null,"beeline_best_2014":null,"from_web_editor":true,"normalize_sound":false,"normalize_change_allowed":true,"best2015_addable":false,"ahmad_promo":null,"promo_data":null,"audio_copyright_claim":null,"ads_disabled":null,"is_safe_for_ads":true,"megafon_contents":[],"position_on_page":2},{"flag":null,"abuses":null,"recoubs_by_users_channels":null,"favourite":false,"promoted_id":null,"recoub":null,"like":null,"dislike":null,"reaction":null,"in_my_best2015":false,"id":26861709,"type":"Coub::Simple","permalink":"fjleg","title":"Canyon Explosion Vibes","visibility_type":"public","original_visibility_type":"public","channel_id":2795909,"created_at":"2016-10-16T17:20:54Z","updated_at":"2022-02-12T17:05:57Z","is_done":true,"views_count":4254,"cotd":null,"cotd_at":null,"visible_on_explore_root":false,"visible_on_explore":false,"featured":false,"published":true,"published_at":"2016-10-16T17:20:54Z","reversed":false,"from_editor_v2":true,"is_editable":true,"original_sound":false,"has_sound":false,"recoub_to":null,"file_versions":{"html5":{"video":{"higher":{"url":"https://coub-anubis-a.akamaized.net/coub_storage/coub/simple/cw_file/971610e678c/4b0856d5dbb1f67c71180/muted_mp4_huge_size_1644685532_muted_huge.mp4","size":2907782},"high":{"url":"https://coub-anubis-a.akamaized.net/coub_storage/coub/simple/cw_file/971610e678c/4b0856d5dbb1f67c71180/muted_mp4_big_size_1644685532_muted_big.mp4","size":2133362},"med":{"url":"https://coub-anubis-a.akamaized.net/coub_storage/coub/simple/cw_file/971610e678c/4b0856d5dbb1f67c71180/muted_mp4_med_size_1644685532_muted_med.mp4","size":1001793}},"audio":{"high":{"url":"https://coub-anubis-a.akamaized.net/coub_storage/coub/simple/cw_looped_audio_high/53f3e37e406/55c23c26a83bf5f48b48a/1605532353_high_1476638483_high.mp3","size":2669319},"med":{"url":"https://coub-anubis-a.akamaized.net/coub_storage/coub/simple/cw_looped_audio_med/886ea212715/005dfdeb42344dceb6cdc/1605532352_med_1476638483_med.mp3","size":2341761}}},"mobile":{"video":"https://coub-anubis-a.akamaized.net/coub_storage/coub/simple/cw_file/971610e678c/4b0856d5dbb1f67c71180/muted_mp4_med_size_1644685532_muted_med.mp4","audio":["https://coub-anubis-a.akamaized.net/coub_storage/coub/simple/cw_looped_audio_med/886ea212715/005dfdeb42344dceb6cdc/1605532352_med_1476638483_med.mp3"]},"share":{"default":"https://coub-anubis-a.akamaized.net/coub_storage/coub/simple/cw_video_for_sharing/949f727e5db/d64bf20be26f6d5d17d87/1644685557_looped_1644685554.mp4"}},"audio_versions":{"template":"https://coub-anubis-a.akamaized.net/coub_storage/audio_track/cw_normalized_copy/8e7e0b06f04/b16eb81ec0f5a9e16f17e/mid_1476638467_1syr4i6_normalized_1476638465_198m8g0_edited.mp3","versions":["mid","low"]},"image_versions":{"template":"https://coub-anubis-a.akamaized.net/coub_storage/coub/simple/cw_image/a25dc77d81a/6cfc531460078b381babb/1476638493_00015.jpg","versions":["micro","tiny","age_restricted","ios_large","ios_mosaic","big","med","small","pinterest"]},"first_frame_versions":{"template":"https://coub-anubis-a.akamaized.net/coub_storage/coub/simple/cw_timeline_pic/a25dc77d81a/6cfc531460078b381babb/%{version}_1476638493_image.jpg","versions":["big","med","small","ios_large"]},"dimensions":{"big":[1280,716],"med":[640,358]},"site_w_h":[640,358],"page_w_h":[640,358],"site_w_h_small":[310,173],"size":[1280,716],"age_restricted":false,"age_restricted_by_admin":false,"not_safe_for_work":null,"allow_reuse":false,"dont_crop":false,"banned":false,"global_safe":true,"audio_file_url":"https://coub-anubis-a.akamaized.net/coub_storage/audio_track/cw_normalized_copy/8e7e0b06f04/b16eb81ec0f5a9e16f17e/low_1476638467_1syr4i6_normalized_1476638465_198m8g0_edited.mp3","external_download":{"type":"UrlDownload","service_name":"UrlDownload","url":"http://www.wired.com/wp-content/uploads/2014/12/Blood-Knowledge-GIF_11.gif","has_embed":false},"application":null,"channel":{"id":2795909,"permalink":"pixelatedvibes","title":"PixelatedVibes","description":"Pixels with vibes😳👌","followers_count":10421,"following_count":3,"avatar_versions":{"template":"https://coub-anubis-a.akamaized.net/coub_storage/channel/cw_avatar/fc25bb9b7cd/2881a8585131c5d8cea1c/%{version}_1607432497_1gjypx8_1472841401_cropped.jpeg","versions":["medium","medium_2x","profile_pic","profile_pic_new","profile_pic_new_2x","tiny","tiny_2x","small","small_2x","ios_large","ios_small"]}},"file":null,"picture":"https://coub-anubis-a.akamaized.net/coub_storage/coub/simple/cw_image/a25dc77d81a/6cfc531460078b381babb/1476638493_00015.jpg","timeline_picture":"https://coub-anubis-a.akamaized.net/coub_storage/coub/simple/cw_timeline_pic/a25dc77d81a/6cfc531460078b381babb/ios_large_1476638493_image.jpg","small_picture":"https://coub-anubis-a.akamaized.net/coub_storage/coub/simple/cw_image/a25dc77d81a/6cfc531460078b381babb/1476638493_00015.jpg","sharing_picture":null,"percent_done":100,"tags":[{"id":1929692,"title":"yoppa","value":"yoppa"}],"categories":[{"id":114,"title":"Live Pictures","permalink":"live-pictures","subscriptions_count":2028289,"big_image_url":"https://coub-anubis-a.akamaized.net/coub_storage/category/cw_image/6a781fee541/43bd1211431771697290d/big_1622039067_Live_pictures.png","small_image_url":"https://coub-anubis-a.akamaized.net/coub_storage/category/cw_image/6a781fee541/43bd1211431771697290d/small_1622039067_Live_pictures.png","med_image_url":"https://coub-anubis-a.akamaized.net/coub_storage/category/cw_image/6a781fee541/43bd1211431771697290d/med_1622039067_Live_pictures.png","visible":true}],"communities":[{"id":114,"title":"Live Pictures","permalink":"live-pictures","subscriptions_count":2028289,"big_image_url":"https://coub-anubis-a.akamaized.net/coub_storage/category/cw_image/6a781fee541/43bd1211431771697290d/big_1622039067_Live_pictures.png","small_image_url":"https://coub-anubis-a.akamaized.net/coub_storage/category/cw_image/6a781fee541/43bd1211431771697290d/small_1622039067_Live_pictures.png","med_image_url":"https://coub-anubis-a.akamaized.net/coub_storage/category/cw_image/6a781fee541/43bd1211431771697290d/med_1622039067_Live_pictures.png","i_subscribed":true,"community_notifications_enabled":null,"description":null}],"recoubs_count":15,"remixes_count":0,"likes_count":48,"dislikes_count":0,"raw_video_id":3783060,"uploaded_by_ios_app":false,"uploaded_by_android_app":false,"media_blocks":{"uploaded_raw_videos":[],"external_raw_videos":[{"id":18606895,"title":"Blood-Knowledge-GIF_11.gif","url":"http://www.wired.com/wp-content/uploads/2014/12/Blood-Knowledge-GIF_11.gif","image":"https://coub-anubis-a.akamaized.net/coub_storage/media_block/cw_image/859bab0def5/ec01c40265add532f0158/1491937127_1476638268_image.jpg","image_retina":"https://coub-anubis-a.akamaized.net/coub_storage/media_block/cw_image/859bab0def5/ec01c40265add532f0158/1491937127_1476638268_image.jpg","meta":{"service":"UrlDownload","duration":"4.72"},"duration":4.72,"raw_video_id":3783060,"has_embed":false}],"remixed_from_coubs":[],"external_video":{"id":18606895,"title":"Blood-Knowledge-GIF_11.gif","url":"http://www.wired.com/wp-content/uploads/2014/12/Blood-Knowledge-GIF_11.gif","image":"https://coub-anubis-a.akamaized.net/coub_storage/media_block/cw_image/859bab0def5/ec01c40265add532f0158/1491937127_1476638268_image.jpg","image_retina":"https://coub-anubis-a.akamaized.net/coub_storage/media_block/cw_image/859bab0def5/ec01c40265add532f0158/1491937127_1476638268_image.jpg","meta":{"service":"UrlDownload","duration":"4.72"},"duration":4.72,"raw_video_id":3783060,"has_embed":false}},"raw_video_thumbnail_url":"/missing/missing.png","raw_video_title":"Blood-Knowledge-GIF_11.gif","video_block_banned":false,"duration":4.72,"promo_winner":false,"promo_winner_recoubers":null,"editorial_info":{},"promo_hint":null,"beeline_best_2014":null,"from_web_editor":true,"normalize_sound":true,"normalize_change_allowed":true,"best2015_addable":false,"ahmad_promo":null,"promo_data":null,"audio_copyright_claim":null,"ads_disabled":null,"is_safe_for_ads":true,"megafon_contents":[],"position_on_page":3},{"flag":null,"abuses":null,"recoubs_by_users_channels":null,"favourite":false,"promoted_id":null,"recoub":null,"like":null,"dislike":null,"reaction":null,"in_my_best2015":false,"id":25084334,"type":"Coub::Simple","permalink":"ehhyj","title":"Crepuscular Rays over The Brindabellas","visibility_type":"public","original_visibility_type":"public","channel_id":2227934,"created_at":"2016-08-29T14:47:14Z","updated_at":"2021-11-08T22:59:20Z","is_done":true,"views_count":1427,"cotd":null,"cotd_at":null,"visible_on_explore_root":false,"visible_on_explore":false,"featured":false,"published":true,"published_at":"2016-08-29T14:47:14Z","reversed":false,"from_editor_v2":true,"is_editable":true,"original_sound":false,"has_sound":false,"recoub_to":null,"file_versions":{"html5":{"video":{"higher":{"url":"https://coub-anubis-a.akamaized.net/coub_storage/coub/simple/cw_file/61b1fd7324d/b2f52e5ac00db90503746/muted_mp4_huge_size_1636412341_muted_huge.mp4","size":445037},"high":{"url":"https://coub-anubis-a.akamaized.net/coub_storage/coub/simple/cw_file/61b1fd7324d/b2f52e5ac00db90503746/muted_mp4_big_size_1636412341_muted_big.mp4","size":330312},"med":{"url":"https://coub-anubis-a.akamaized.net/coub_storage/coub/simple/cw_file/61b1fd7324d/b2f52e5ac00db90503746/muted_mp4_med_size_1636412341_muted_med.mp4","size":66469}},"audio":{"high":{"url":"https://coub-anubis-a.akamaized.net/coub_storage/coub/simple/cw_looped_audio_high/15fe4cb547c/6e64759e51f5fffba5078/1605517508_high_1472482064_high.mp3","size":2467546},"med":{"url":"https://coub-anubis-a.akamaized.net/coub_storage/coub/simple/cw_looped_audio_med/be932e0f9a2/a48cec91656a96b618703/1605517507_med_1472482064_med.mp3","size":1902081}}},"mobile":{"video":"https://coub-anubis-a.akamaized.net/coub_storage/coub/simple/cw_file/61b1fd7324d/b2f52e5ac00db90503746/muted_mp4_med_size_1636412341_muted_med.mp4","audio":["https://coub-anubis-a.akamaized.net/coub_storage/coub/simple/cw_looped_audio_med/be932e0f9a2/a48cec91656a96b618703/1605517507_med_1472482064_med.mp3"]},"share":{"default":"https://coub-anubis-a.akamaized.net/coub_storage/coub/simple/cw_video_for_sharing/f2cc298b958/5c0ab09d0ec151b5f43e3/1636412360_looped_1636412356.mp4"}},"audio_versions":{"template":"https://coub-anubis-a.akamaized.net/coub_storage/audio_track/cw_file/1856b18f39a/42f040128961e5e8f09a4/mid_1472482048_3lc1j1_edited.mp3","versions":["mid","low"]},"image_versions":{"template":"https://coub-anubis-a.akamaized.net/coub_storage/coub/simple/cw_image/3c33153de1a/383dec1c340d281a21cc1/1472482078_00007.jpg","versions":["micro","tiny","age_restricted","ios_large","ios_mosaic","big","med","small","pinterest"]},"first_frame_versions":{"template":"https://coub-anubis-a.akamaized.net/coub_storage/coub/simple/cw_timeline_pic/3c33153de1a/383dec1c340d281a21cc1/%{version}_1472482078_image.jpg","versions":["big","med","small","ios_large"]},"dimensions":{"big":[1280,542],"med":[640,270]},"site_w_h":[640,271],"page_w_h":[640,271],"site_w_h_small":[310,131],"size":[1280,542],"age_restricted":false,"age_restricted_by_admin":false,"not_safe_for_work":null,"allow_reuse":false,"dont_crop":false,"banned":false,"global_safe":true,"audio_file_url":"https://coub-anubis-a.akamaized.net/coub_storage/audio_track/cw_file/1856b18f39a/42f040128961e5e8f09a4/low_1472482048_3lc1j1_edited.mp3","external_download":{"type":"Imgur","service_name":"Imgur","url":"http://i.imgur.com/QqLgetM.gifv","has_embed":false},"application":null,"channel":{"id":2227934,"permalink":"cinemagraphs","title":"Cinemagraphs 🍒","description":"Pictures of the future 📸 #Cinemagraphs","followers_count":51485,"following_count":25,"avatar_versions":{"template":"https://coub-anubis-a.akamaized.net/coub_storage/channel/cw_avatar/b167cf416ae/e7e9bad8a41580de67e5e/%{version}_1607423119_5o3vhm_1474588843_fonstola.ru-57386.jpg","versions":["medium","medium_2x","profile_pic","profile_pic_new","profile_pic_new_2x","tiny","tiny_2x","small","small_2x","ios_large","ios_small"]}},"file":null,"picture":"https://coub-anubis-a.akamaized.net/coub_storage/coub/simple/cw_image/3c33153de1a/383dec1c340d281a21cc1/1472482078_00007.jpg","timeline_picture":"https://coub-anubis-a.akamaized.net/coub_storage/coub/simple/cw_timeline_pic/3c33153de1a/383dec1c340d281a21cc1/ios_large_1472482078_image.jpg","small_picture":"https://coub-anubis-a.akamaized.net/coub_storage/coub/simple/cw_image/3c33153de1a/383dec1c340d281a21cc1/1472482078_00007.jpg","sharing_picture":null,"percent_done":100,"tags":[{"id":1804,"title":"trip","value":"trip"},{"id":32472,"title":"chill out","value":"chill%20out"},{"id":4111,"title":"chill","value":"chill"},{"id":955,"title":"like","value":"like"},{"id":379284,"title":"cinemagraphs","value":"cinemagraphs"},{"id":50,"title":"coub","value":"coub"},{"id":5740,"title":"dream","value":"dream"},{"id":3081,"title":"free","value":"free"},{"id":7170,"title":"light","value":"light"},{"id":266,"title":"deep","value":"deep"},{"id":86,"title":"music","value":"music"},{"id":349560,"title":"orbo","value":"orbo"},{"id":1133540,"title":"eleprimer","value":"eleprimer"},{"id":7552,"title":"bw","value":"bw"},{"id":421,"title":"gif","value":"gif"},{"id":168,"title":"loop","value":"loop"},{"id":49603,"title":"cinemagraph","value":"cinemagraph"}],"categories":[{"id":114,"title":"Live Pictures","permalink":"live-pictures","subscriptions_count":2028289,"big_image_url":"https://coub-anubis-a.akamaized.net/coub_storage/category/cw_image/6a781fee541/43bd1211431771697290d/big_1622039067_Live_pictures.png","small_image_url":"https://coub-anubis-a.akamaized.net/coub_storage/category/cw_image/6a781fee541/43bd1211431771697290d/small_1622039067_Live_pictures.png","med_image_url":"https://coub-anubis-a.akamaized.net/coub_storage/category/cw_image/6a781fee541/43bd1211431771697290d/med_1622039067_Live_pictures.png","visible":true}],"communities":[{"id":114,"title":"Live Pictures","permalink":"live-pictures","subscriptions_count":2028289,"big_image_url":"https://coub-anubis-a.akamaized.net/coub_storage/category/cw_image/6a781fee541/43bd1211431771697290d/big_1622039067_Live_pictures.png","small_image_url":"https://coub-anubis-a.akamaized.net/coub_storage/category/cw_image/6a781fee541/43bd1211431771697290d/small_1622039067_Live_pictures.png","med_image_url":"https://coub-anubis-a.akamaized.net/coub_storage/category/cw_image/6a781fee541/43bd1211431771697290d/med_1622039067_Live_pictures.png","i_subscribed":true,"community_notifications_enabled":null,"description":null}],"recoubs_count":13,"remixes_count":0,"likes_count":48,"dislikes_count":0,"raw_video_id":3386959,"uploaded_by_ios_app":false,"uploaded_by_android_app":false,"media_blocks":{"uploaded_raw_videos":[],"external_raw_videos":[{"id":18410736,"title":"Crepuscular Rays over  The Brindabellas, Australia.","url":"https://imgur.com/QqLgetM","image":"https://coub-anubis-a.akamaized.net/coub_storage/media_block/cw_image/c4072ec7129/6e745196c97330063245a/1491898516_1472210643_4celnh_att-url-download.jpg","image_retina":"https://coub-anubis-a.akamaized.net/coub_storage/media_block/cw_image/c4072ec7129/6e745196c97330063245a/1491898516_1472210643_4celnh_att-url-download.jpg","meta":{"service":"Imgur","duration":"2.0"},"duration":2.0,"raw_video_id":3386959,"has_embed":false}],"remixed_from_coubs":[],"audio_track":{"id":19416009,"title":"Illusory Body","url":null,"image":null,"image_retina":null,"meta":{"year":null,"album":"Bless the Self","title":"Illusory Body","artist":"Geotic","echonest_id":null},"duration":null,"amazon_url":null,"google_play_url":null,"bandcamp_url":null,"soundcloud_url":null,"track_name":null,"track_artist":null,"track_album":null,"itunes_url":null},"external_video":{"id":18410736,"title":"Crepuscular Rays over  The Brindabellas, Australia.","url":"https://imgur.com/QqLgetM","image":"https://coub-anubis-a.akamaized.net/coub_storage/media_block/cw_image/c4072ec7129/6e745196c97330063245a/1491898516_1472210643_4celnh_att-url-download.jpg","image_retina":"https://coub-anubis-a.akamaized.net/coub_storage/media_block/cw_image/c4072ec7129/6e745196c97330063245a/1491898516_1472210643_4celnh_att-url-download.jpg","meta":{"service":"Imgur","duration":"2.0"},"duration":2.0,"raw_video_id":3386959,"has_embed":false}},"raw_video_thumbnail_url":"/missing/missing.png","raw_video_title":"Crepuscular Rays over  The Brindabellas, Australia.","video_block_banned":false,"duration":2.0,"promo_winner":false,"promo_winner_recoubers":null,"editorial_info":{},"promo_hint":null,"beeline_best_2014":null,"from_web_editor":true,"normalize_sound":false,"normalize_change_allowed":true,"best2015_addable":false,"ahmad_promo":null,"promo_data":null,"audio_copyright_claim":null,"ads_disabled":null,"is_safe_for_ads":true,"megafon_contents":[],"position_on_page":4},{"flag":null,"abuses":null,"recoubs_by_users_channels":null,"favourite":false,"promoted_id":null,"recoub":null,"like":null,"dislike":null,"reaction":null,"in_my_best2015":false,"id":15556321,"type":"Coub::Simple","permalink":"8ta0t","title":"Ice climbing in Alaska Coub","visibility_type":"public","original_visibility_type":"public","channel_id":34013,"created_at":"2015-10-26T00:09:54Z","updated_at":"2020-11-15T17:57:49Z","is_done":true,"views_count":5258,"cotd":null,"cotd_at":null,"visible_on_explore_root":false,"visible_on_explore":false,"featured":false,"published":true,"published_at":"2015-10-26T00:09:54Z","reversed":false,"from_editor_v2":true,"is_editable":true,"original_sound":false,"has_sound":false,"recoub_to":null,"file_versions":{"html5":{"video":{"high":{"url":"https://coub-anubis-a.akamaized.net/coub_storage/coub/simple/cw_file/7daf87eca1f/9a93e89abed7fa7d28385/muted_mp4_big_size_1471861000_muted_big.mp4","size":268532},"med":{"url":"https://coub-anubis-a.akamaized.net/coub_storage/coub/simple/cw_file/7daf87eca1f/9a93e89abed7fa7d28385/muted_mp4_med_size_1471861000_muted_med.mp4","size":79546}},"audio":{"high":{"url":"https://coub-anubis-a.akamaized.net/coub_storage/coub/simple/cw_looped_audio_high/bf0e0396ab2/43a41eef77da7a0d9ab5a/1605463069_high_1471861013_high.mp3","size":7910326},"med":{"url":"https://coub-anubis-a.akamaized.net/coub_storage/coub/simple/cw_looped_audio_med/6b234a80f28/fe0587523fb7de6cf205d/1605463068_med_1471861013_med.mp3","size":6637258}}},"mobile":{"video":"https://coub-anubis-a.akamaized.net/coub_storage/coub/simple/cw_file/7daf87eca1f/9a93e89abed7fa7d28385/muted_mp4_med_size_1471861000_muted_med.mp4","audio":["https://coub-anubis-a.akamaized.net/coub_storage/coub/simple/cw_looped_audio_med/6b234a80f28/fe0587523fb7de6cf205d/1605463068_med_1471861013_med.mp3"]},"share":{"default":null}},"audio_versions":{"template":"https://coub-anubis-a.akamaized.net/coub_storage/audio_track/cw_normalized_copy/1dcc3a63485/9392eff2a1d5e6056f028/mid_1471256956_1cfp2wc_normalized_1445818093_audio.mp3","versions":["mid","low"]},"image_versions":{"template":"https://coub-anubis-a.akamaized.net/coub_storage/coub/simple/cw_image/1b4a52e86c3/993047d8728ecf8221009/1471860991_00004.jpg","versions":["micro","tiny","age_restricted","ios_large","ios_mosaic","big","med","small","pinterest"]},"first_frame_versions":{"template":"https://coub-anubis-a.akamaized.net/coub_storage/coub/simple/cw_timeline_pic/1b4a52e86c3/993047d8728ecf8221009/1471860999_image.jpg","versions":["big","med","small","ios_large"]},"dimensions":{"big":[1076,606],"med":[640,360]},"site_w_h":[640,360],"page_w_h":[640,360],"site_w_h_small":[310,175],"size":[1076,606],"age_restricted":false,"age_restricted_by_admin":false,"not_safe_for_work":null,"allow_reuse":false,"dont_crop":false,"banned":false,"global_safe":true,"audio_file_url":"https://coub-anubis-a.akamaized.net/coub_storage/audio_track/cw_normalized_copy/1dcc3a63485/9392eff2a1d5e6056f028/low_1471256956_1cfp2wc_normalized_1445818093_audio.mp3","external_download":{"type":"Imgur","service_name":"Imgur","url":"http://i.imgur.com/INLq0uo.gif","has_embed":false},"application":null,"channel":{"id":34013,"permalink":"eleprimer","title":"Light Tuesday ","description":"In Source We Trust #eleprimer","followers_count":47144,"following_count":309,"avatar_versions":{"template":"https://coub-anubis-a.akamaized.net/coub_storage/channel/cw_avatar/6935064c7dc/619c13567459f10bfe258/%{version}_1598751147_ghh.jpg","versions":["medium","medium_2x","profile_pic","profile_pic_new","profile_pic_new_2x","tiny","tiny_2x","small","small_2x","ios_large","ios_small"]}},"file":null,"picture":"https://coub-anubis-a.akamaized.net/coub_storage/coub/simple/cw_image/1b4a52e86c3/993047d8728ecf8221009/1471860991_00004.jpg","timeline_picture":"https://coub-anubis-a.akamaized.net/coub_storage/coub/simple/cw_timeline_pic/1b4a52e86c3/993047d8728ecf8221009/1471860999_image.jpg","small_picture":"https://coub-anubis-a.akamaized.net/coub_storage/coub/simple/cw_image/1b4a52e86c3/993047d8728ecf8221009/1471860991_00004.jpg","sharing_picture":null,"percent_done":100,"tags":[{"id":95629,"title":"sever","value":"sever"},{"id":4594,"title":"north","value":"north"},{"id":7168,"title":"polar","value":"polar"},{"id":2332,"title":"alone","value":"alone"},{"id":2651,"title":"sky","value":"sky"},{"id":8580,"title":"hd","value":"hd"},{"id":955943,"title":"gifv","value":"gifv"},{"id":421,"title":"gif","value":"gif"},{"id":49603,"title":"cinemagraph","value":"cinemagraph"},{"id":168,"title":"loop","value":"loop"},{"id":63163,"title":"trim","value":"trim"},{"id":1804,"title":"trip","value":"trip"},{"id":3222,"title":"blue","value":"blue"},{"id":6727,"title":"ice","value":"ice"},{"id":28220,"title":"alaska","value":"alaska"}],"categories":[{"id":114,"title":"Live Pictures","permalink":"live-pictures","subscriptions_count":2028289,"big_image_url":"https://coub-anubis-a.akamaized.net/coub_storage/category/cw_image/6a781fee541/43bd1211431771697290d/big_1622039067_Live_pictures.png","small_image_url":"https://coub-anubis-a.akamaized.net/coub_storage/category/cw_image/6a781fee541/43bd1211431771697290d/small_1622039067_Live_pictures.png","med_image_url":"https://coub-anubis-a.akamaized.net/coub_storage/category/cw_image/6a781fee541/43bd1211431771697290d/med_1622039067_Live_pictures.png","visible":true}],"communities":[{"id":114,"title":"Live Pictures","permalink":"live-pictures","subscriptions_count":2028289,"big_image_url":"https://coub-anubis-a.akamaized.net/coub_storage/category/cw_image/6a781fee541/43bd1211431771697290d/big_1622039067_Live_pictures.png","small_image_url":"https://coub-anubis-a.akamaized.net/coub_storage/category/cw_image/6a781fee541/43bd1211431771697290d/small_1622039067_Live_pictures.png","med_image_url":"https://coub-anubis-a.akamaized.net/coub_storage/category/cw_image/6a781fee541/43bd1211431771697290d/med_1622039067_Live_pictures.png","i_subscribed":true,"community_notifications_enabled":null,"description":null}],"recoubs_count":11,"remixes_count":0,"likes_count":48,"dislikes_count":0,"raw_video_id":1796313,"uploaded_by_ios_app":false,"uploaded_by_android_app":false,"media_blocks":{"uploaded_raw_videos":[],"external_raw_videos":[],"remixed_from_coubs":[]},"raw_video_thumbnail_url":"/missing/missing.png","raw_video_title":"Ice climbing in Alaska.","video_block_banned":false,"duration":1.0,"promo_winner":false,"promo_winner_recoubers":null,"editorial_info":{},"promo_hint":null,"beeline_best_2014":null,"from_web_editor":true,"normalize_sound":true,"normalize_change_allowed":true,"best2015_addable":false,"ahmad_promo":null,"promo_data":null,"audio_copyright_claim":null,"ads_disabled":null,"is_safe_for_ads":true,"megafon_contents":[],"position_on_page":5},{"flag":null,"abuses":null,"recoubs_by_users_channels":null,"favourite":false,"promoted_id":null,"recoub":null,"like":null,"dislike":null,"reaction":null,"in_my_best2015":false,"id":7870395,"type":"Coub::Simple","permalink":"48jh8","title":"L' Eclisse - Piero","visibility_type":"public","original_visibility_type":"public","channel_id":1161567,"created_at":"2014-12-05T21:56:12Z","updated_at":"2020-11-15T11:18:46Z","is_done":true,"views_count":1745,"cotd":null,"cotd_at":null,"visible_on_explore_root":false,"visible_on_explore":false,"featured":false,"published":true,"published_at":"2014-12-05T21:56:12Z","reversed":false,"from_editor_v2":true,"is_editable":true,"original_sound":false,"has_sound":false,"recoub_to":null,"file_versions":{"html5":{"video":{"high":{"url":"https://coub-anubis-a.akamaized.net/coub_storage/coub/simple/cw_file/96a4f1c989d/a1c12971f902bcc45d622/muted_mp4_big_size_1447851212_muted_big.mp4","size":57854},"med":{"url":"https://coub-anubis-a.akamaized.net/coub_storage/coub/simple/cw_file/96a4f1c989d/a1c12971f902bcc45d622/muted_mp4_med_size_1447851212_muted_med.mp4","size":57854}},"audio":{"high":{"url":"https://coub-anubis-a.akamaized.net/coub_storage/coub/simple/cw_looped_audio_high/dbff9ffba51/f18fba8c919674698b4b0/1605439126_high_1447851218_high.mp3","size":3986075},"med":{"url":"https://coub-anubis-a.akamaized.net/coub_storage/coub/simple/cw_looped_audio_med/ce82f2512b9/b3dab4863253d1a461bf7/1605439125_med_1447851218_med.mp3","size":2657383}}},"mobile":{"video":"https://coub-anubis-a.akamaized.net/coub_storage/coub/simple/cw_file/96a4f1c989d/a1c12971f902bcc45d622/muted_mp4_med_size_1447851212_muted_med.mp4","audio":["https://coub-anubis-a.akamaized.net/coub_storage/coub/simple/cw_looped_audio_med/ce82f2512b9/b3dab4863253d1a461bf7/1605439125_med_1447851218_med.mp3"]},"share":{"default":null}},"audio_versions":{"template":"https://coub-anubis-a.akamaized.net/coub_storage/audio_track/cw_file/24de4fab1c3/01dcacfe564c8899bc746/mid_1471129195_audio.mp3","versions":["mid","low"]},"image_versions":{"template":"https://coub-anubis-a.akamaized.net/coub_storage/coub/simple/cw_image/2a4b297ca99/cbafd990d728e3149f9a4/1417816626_00005.jpg","versions":["micro","tiny","age_restricted","ios_large","ios_mosaic","big","med","small","pinterest"]},"first_frame_versions":{"template":"https://coub-anubis-a.akamaized.net/coub_storage/coub/simple/cw_timeline_pic/2a4b297ca99/cbafd990d728e3149f9a4/%{version}_1417816625_image.jpg","versions":["big","med","small","ios_large"]},"dimensions":{"big":[500,298],"med":[500,298]},"site_w_h":[640,381],"page_w_h":[640,381],"site_w_h_small":[310,185],"size":[500,298],"age_restricted":false,"age_restricted_by_admin":false,"not_safe_for_work":null,"allow_reuse":false,"dont_crop":false,"banned":false,"global_safe":null,"audio_file_url":"https://coub-anubis-a.akamaized.net/coub_storage/audio_track/cw_file/24de4fab1c3/01dcacfe564c8899bc746/low_1471129195_audio.mp3","external_download":false,"application":null,"channel":{"id":1161567,"permalink":"ivanday1","title":"Andr Kor","description":null,"followers_count":62,"following_count":20,"avatar_versions":{"template":"https://coub-anubis-a.akamaized.net/coub_storage/channel/cw_avatar/d9283ae7e93/8084cf26431493c19078b/%{version}_1608774438_1e4z9vc_1474555174_k9j4i7_att-url-download.jpg","versions":["medium","medium_2x","profile_pic","profile_pic_new","profile_pic_new_2x","tiny","tiny_2x","small","small_2x","ios_large","ios_small"]}},"file":null,"picture":"https://coub-anubis-a.akamaized.net/coub_storage/coub/simple/cw_image/2a4b297ca99/cbafd990d728e3149f9a4/1417816626_00005.jpg","timeline_picture":"https://coub-anubis-a.akamaized.net/coub_storage/coub/simple/cw_timeline_pic/2a4b297ca99/cbafd990d728e3149f9a4/ios_large_1417816625_image.jpg","small_picture":"https://coub-anubis-a.akamaized.net/coub_storage/coub/simple/cw_image/2a4b297ca99/cbafd990d728e3149f9a4/1417816626_00005.jpg","sharing_picture":null,"percent_done":100,"tags":[{"id":50263,"title":"alain delon","value":"alain%20delon"}],"categories":[{"id":114,"title":"Live Pictures","permalink":"live-pictures","subscriptions_count":2028289,"big_image_url":"https://coub-anubis-a.akamaized.net/coub_storage/category/cw_image/6a781fee541/43bd1211431771697290d/big_1622039067_Live_pictures.png","small_image_url":"https://coub-anubis-a.akamaized.net/coub_storage/category/cw_image/6a781fee541/43bd1211431771697290d/small_1622039067_Live_pictures.png","med_image_url":"https://coub-anubis-a.akamaized.net/coub_storage/category/cw_image/6a781fee541/43bd1211431771697290d/med_1622039067_Live_pictures.png","visible":true}],"communities":[{"id":114,"title":"Live Pictures","permalink":"live-pictures","subscriptions_count":2028289,"big_image_url":"https://coub-anubis-a.akamaized.net/coub_storage/category/cw_image/6a781fee541/43bd1211431771697290d/big_1622039067_Live_pictures.png","small_image_url":"https://coub-anubis-a.akamaized.net/coub_storage/category/cw_image/6a781fee541/43bd1211431771697290d/small_1622039067_Live_pictures.png","med_image_url":"https://coub-anubis-a.akamaized.net/coub_storage/category/cw_image/6a781fee541/43bd1211431771697290d/med_1622039067_Live_pictures.png","i_subscribed":true,"community_notifications_enabled":null,"description":null}],"recoubs_count":16,"remixes_count":1,"likes_count":48,"dislikes_count":0,"raw_video_id":981966,"uploaded_by_ios_app":false,"uploaded_by_android_app":false,"media_blocks":{"uploaded_raw_videos":[],"external_raw_videos":[],"remixed_from_coubs":[],"audio_track":{"id":19462480,"title":"Eclisse slow","url":"https://geo.itunes.apple.com/us/album/eclisse-slow-from-leclisse/id686392196?i=686392571&uo=4&at=10l5bB&app=music","image":"https://coub-anubis-a.akamaized.net/coub_storage/media_block/cw_image/bb749be9e96/55114efc03a73ca83539b/1492084128_1471129216_17m0a7q_att-url-download.jpg","image_retina":"https://coub-anubis-a.akamaized.net/coub_storage/media_block/cw_image/bb749be9e96/55114efc03a73ca83539b/1492084128_1471129216_17m0a7q_att-url-download.jpg","meta":{"year":null,"album":null,"title":"Eclisse slow","artist":"Giovanni Fusco","echonest_id":"SOQHDTA1429CF1CF53"},"duration":null,"amazon_url":null,"google_play_url":null,"bandcamp_url":null,"soundcloud_url":null,"track_name":null,"track_artist":null,"track_album":null,"itunes_url":"https://geo.itunes.apple.com/us/album/eclisse-slow-from-leclisse/id686392196?i=686392571&uo=4&at=10l5bB&app=music"}},"raw_video_thumbnail_url":"/missing/missing.png","raw_video_title":"leclisse-thumb-510x303-39118.gif","video_block_banned":false,"duration":1.56,"promo_winner":false,"promo_winner_recoubers":null,"editorial_info":{},"promo_hint":null,"beeline_best_2014":null,"from_web_editor":true,"normalize_sound":true,"normalize_change_allowed":true,"best2015_addable":false,"ahmad_promo":null,"promo_data":null,"audio_copyright_claim":null,"ads_disabled":null,"is_safe_for_ads":true,"megafon_contents":[],"position_on_page":6},{"flag":null,"abuses":null,"recoubs_by_users_channels":null,"favourite":false,"promoted_id":null,"recoub":null,"like":null,"dislike":null,"reaction":null,"in_my_best2015":false,"id":183202667,"type":"Coub::Simple","permalink":"30qeqs","title":"All's Fine","visibility_type":"public","original_visibility_type":"public","channel_id":9506000,"created_at":"2022-02-24T17:23:26Z","updated_at":"2022-03-15T05:09:50Z","is_done":true,"views_count":19482,"cotd":null,"cotd_at":null,"visible_on_explore_root":false,"visible_on_explore":false,"featured":false,"published":true,"published_at":"2022-02-24T17:45:11Z","reversed":false,"from_editor_v2":true,"is_editable":true,"original_sound":false,"has_sound":false,"recoub_to":null,"file_versions":{"html5":{"video":{"higher":{"url":"https://coub-anubis-a.akamaized.net/coub_storage/coub/simple/cw_file/b460bf582d6/40fa10a3e5ef4aca1a909/muted_mp4_huge_size_1645733622_muted_huge.mp4","size":623098},"high":{"url":"https://coub-anubis-a.akamaized.net/coub_storage/coub/simple/cw_file/b460bf582d6/40fa10a3e5ef4aca1a909/muted_mp4_big_size_1645733622_muted_big.mp4","size":417037},"med":{"url":"https://coub-anubis-a.akamaized.net/coub_storage/coub/simple/cw_file/b460bf582d6/40fa10a3e5ef4aca1a909/muted_mp4_med_size_1645733622_muted_med.mp4","size":132961}},"audio":{"high":{"url":"https://coub-anubis-a.akamaized.net/coub_storage/coub/simple/cw_looped_audio_high/fd37b27f6b7/f7bb73fb3f522bc7dd235/1645733636_mp3-high.mp3","size":2072287},"med":{"url":"https://coub-anubis-a.akamaized.net/coub_storage/coub/simple/cw_looped_audio_med/51e55dcfee2/6dd0f9856f02e9ce1a34f/1645733634_mp3-med.mp3","size":1530911}}},"mobile":{"video":"https://coub-anubis-a.akamaized.net/coub_storage/coub/simple/cw_file/b460bf582d6/40fa10a3e5ef4aca1a909/muted_mp4_med_size_1645733622_muted_med.mp4","audio":["https://coub-anubis-a.akamaized.net/coub_storage/coub/simple/cw_looped_audio_med/51e55dcfee2/6dd0f9856f02e9ce1a34f/1645733634_mp3-med.mp3"]},"share":{"default":"https://coub-anubis-a.akamaized.net/coub_storage/coub/simple/cw_video_for_sharing/7556676fa43/2a8cc92ce2a16be795c74/1645733655_looped_1645733655.mp4"}},"audio_versions":{"template":"https://coub-anubis-a.akamaized.net/coub_storage/audio_track/cw_file/9d7534592c4/10312a6072eb531e6c178/mid_1645733624_1s6gxnu_edited.mp3","versions":["mid","low"]},"image_versions":{"template":"https://coub-anubis-a.akamaized.net/coub_storage/coub/simple/cw_image/0b0631fb33d/3aca8171d913bca8638f4/%{version}_1645733639_00031.jpg","versions":["micro","tiny","age_restricted","ios_large","ios_mosaic","big","med","small","pinterest"]},"first_frame_versions":{"template":"https://coub-anubis-a.akamaized.net/coub_storage/coub/simple/cw_timeline_pic/f284d643613/1cb6b601214641d2b4d78/%{version}_1645733638_image.jpg","versions":["big","med","small","ios_large"]},"dimensions":{"big":[1280,720],"med":[640,360]},"site_w_h":[640,360],"page_w_h":[640,360],"site_w_h_small":[310,174],"size":[1280,720],"age_restricted":false,"age_restricted_by_admin":false,"not_safe_for_work":null,"allow_reuse":false,"dont_crop":true,"banned":false,"global_safe":null,"audio_file_url":"https://coub-anubis-a.akamaized.net/coub_storage/audio_track/cw_file/9d7534592c4/10312a6072eb531e6c178/low_1645733624_1s6gxnu_edited.mp3","external_download":false,"application":null,"channel":{"id":9506000,"permalink":"a12377777a","title":"a12377777a","description":"Настоящему индейцу завсегда везде ништяк (oldschool coubs-коуб должен быть интересным).","followers_count":3937,"following_count":93,"avatar_versions":{"template":"https://coub-anubis-a.akamaized.net/coub_storage/channel/cw_avatar/1c9501413e5/4fce9415231eb5c79b1d0/%{version}_1616662048_96161_5ea4c68745f82c79952701e43012536e.png","versions":["medium","medium_2x","profile_pic","profile_pic_new","profile_pic_new_2x","tiny","tiny_2x","small","small_2x","ios_large","ios_small"]}},"file":null,"picture":"https://coub-anubis-a.akamaized.net/coub_storage/coub/simple/cw_image/0b0631fb33d/3aca8171d913bca8638f4/med_1645733639_00031.jpg","timeline_picture":"https://coub-anubis-a.akamaized.net/coub_storage/coub/simple/cw_timeline_pic/f284d643613/1cb6b601214641d2b4d78/ios_large_1645733638_image.jpg","small_picture":"https://coub-anubis-a.akamaized.net/coub_storage/coub/simple/cw_image/0b0631fb33d/3aca8171d913bca8638f4/ios_mosaic_1645733639_00031.jpg","sharing_picture":null,"percent_done":100,"tags":[{"id":6754274,"title":"miss jane - it's a fine day (agent-h remix)","value":"miss%20jane%20-%20it's%20a%20fine%20day%20(agent-h%20remix)"},{"id":49603,"title":"cinemagraph","value":"cinemagraph"},{"id":594746,"title":"москва кассиопея","value":"%D0%BC%D0%BE%D1%81%D0%BA%D0%B2%D0%B0%20%D0%BA%D0%B0%D1%81%D1%81%D0%B8%D0%BE%D0%BF%D0%B5%D1%8F"}],"categories":[{"id":114,"title":"Live Pictures","permalink":"live-pictures","subscriptions_count":2028289,"big_image_url":"https://coub-anubis-a.akamaized.net/coub_storage/category/cw_image/6a781fee541/43bd1211431771697290d/big_1622039067_Live_pictures.png","small_image_url":"https://coub-anubis-a.akamaized.net/coub_storage/category/cw_image/6a781fee541/43bd1211431771697290d/small_1622039067_Live_pictures.png","med_image_url":"https://coub-anubis-a.akamaized.net/coub_storage/category/cw_image/6a781fee541/43bd1211431771697290d/med_1622039067_Live_pictures.png","visible":true}],"communities":[{"id":114,"title":"Live Pictures","permalink":"live-pictures","subscriptions_count":2028289,"big_image_url":"https://coub-anubis-a.akamaized.net/coub_storage/category/cw_image/6a781fee541/43bd1211431771697290d/big_1622039067_Live_pictures.png","small_image_url":"https://coub-anubis-a.akamaized.net/coub_storage/category/cw_image/6a781fee541/43bd1211431771697290d/small_1622039067_Live_pictures.png","med_image_url":"https://coub-anubis-a.akamaized.net/coub_storage/category/cw_image/6a781fee541/43bd1211431771697290d/med_1622039067_Live_pictures.png","i_subscribed":true,"community_notifications_enabled":null,"description":null}],"recoubs_count":10,"remixes_count":0,"likes_count":47,"dislikes_count":0,"raw_video_id":17154922,"uploaded_by_ios_app":false,"uploaded_by_android_app":false,"media_blocks":{"uploaded_raw_videos":[],"external_raw_videos":[],"remixed_from_coubs":[]},"raw_video_thumbnail_url":"https://coub-anubis-a.akamaized.net/coub_storage/raw_video/cw_image/6914c431f9c/7b44630b92a0d90c5b492/coub_media_1645722995_image.jpg","raw_video_title":"7777.MP4","video_block_banned":false,"duration":9.6,"promo_winner":false,"promo_winner_recoubers":null,"editorial_info":{},"promo_hint":null,"beeline_best_2014":null,"from_web_editor":true,"normalize_sound":false,"normalize_change_allowed":false,"best2015_addable":false,"ahmad_promo":null,"promo_data":null,"audio_copyright_claim":null,"ads_disabled":null,"is_safe_for_ads":true,"megafon_contents":[],"position_on_page":7},{"flag":null,"abuses":null,"recoubs_by_users_channels":null,"favourite":false,"promoted_id":null,"recoub":null,"like":null,"dislike":null,"reaction":null,"in_my_best2015":false,"id":182965328,"type":"Coub::Simple","permalink":"30lbly","title":"Road in mind","visibility_type":"public","original_visibility_type":"public","channel_id":31502,"created_at":"2022-02-18T15:10:05Z","updated_at":"2022-03-16T06:12:32Z","is_done":true,"views_count":18360,"cotd":null,"cotd_at":null,"visible_on_explore_root":false,"visible_on_explore":false,"featured":false,"published":true,"published_at":"2022-02-18T15:10:05Z","reversed":false,"from_editor_v2":true,"is_editable":true,"original_sound":false,"has_sound":false,"recoub_to":null,"file_versions":{"html5":{"video":{"higher":{"url":"https://coub-anubis-a.akamaized.net/coub_storage/coub/simple/cw_file/a9fa2710c6f/68893f7bd384640ddbebe/muted_mp4_huge_size_1645197014_muted_huge.mp4","size":890037},"high":{"url":"https://coub-anubis-a.akamaized.net/coub_storage/coub/simple/cw_file/a9fa2710c6f/68893f7bd384640ddbebe/muted_mp4_big_size_1645197014_muted_big.mp4","size":675842},"med":{"url":"https://coub-anubis-a.akamaized.net/coub_storage/coub/simple/cw_file/a9fa2710c6f/68893f7bd384640ddbebe/muted_mp4_med_size_1645197014_muted_med.mp4","size":121458}},"audio":{"high":{"url":"https://coub-anubis-a.akamaized.net/coub_storage/coub/simple/cw_looped_audio_high/ea98d80614e/00d1c127057dfbd78499f/1645197067_mp3-high.mp3","size":5117904},"med":{"url":"https://coub-anubis-a.akamaized.net/coub_storage/coub/simple/cw_looped_audio_med/9fa71338d0a/aef542a65999947ef9f93/1645197063_mp3-med.mp3","size":3834836}}},"mobile":{"video":"https://coub-anubis-a.akamaized.net/coub_storage/coub/simple/cw_file/a9fa2710c6f/68893f7bd384640ddbebe/muted_mp4_med_size_1645197014_muted_med.mp4","audio":["https://coub-anubis-a.akamaized.net/coub_storage/coub/simple/cw_looped_audio_med/9fa71338d0a/aef542a65999947ef9f93/1645197063_mp3-med.mp3"]},"share":{"default":"https://coub-anubis-a.akamaized.net/coub_storage/coub/simple/cw_video_for_sharing/8e6001529a5/3e3c50b20e817b91e4c73/1645197086_looped_1645197086.mp4"}},"audio_versions":{"template":"https://coub-anubis-a.akamaized.net/coub_storage/audio_track/cw_normalized_copy/c8071b16150/26b963282b5610ddd79a7/mid_1645197046_normalized_1645197020_44lfhz_edited.mp3","versions":["mid","low"]},"image_versions":{"template":"https://coub-anubis-a.akamaized.net/coub_storage/coub/simple/cw_image/17646e9bd1b/c4cad7c2a72e57bcf8811/%{version}_1645197070_00020.jpg","versions":["micro","tiny","age_restricted","ios_large","ios_mosaic","big","med","small","pinterest"]},"first_frame_versions":{"template":"https://coub-anubis-a.akamaized.net/coub_storage/coub/simple/cw_timeline_pic/b18f184d86d/d8a258fefa24b9cd169fa/%{version}_1645197069_image.jpg","versions":["big","med","small","ios_large"]},"dimensions":{"big":[1280,720],"med":[640,360]},"site_w_h":[640,360],"page_w_h":[640,360],"site_w_h_small":[310,174],"size":[1280,720],"age_restricted":false,"age_restricted_by_admin":false,"not_safe_for_work":null,"allow_reuse":false,"dont_crop":true,"banned":false,"global_safe":null,"audio_file_url":"https://coub-anubis-a.akamaized.net/coub_storage/audio_track/cw_normalized_copy/c8071b16150/26b963282b5610ddd79a7/low_1645197046_normalized_1645197020_44lfhz_edited.mp3","external_download":false,"application":null,"channel":{"id":31502,"permalink":"valeria-dudorova","title":"Val","description":null,"followers_count":3340,"following_count":5,"avatar_versions":{"template":"https://coub-anubis-a.akamaized.net/coub_storage/channel/cw_avatar/422dd222f8f/3d1cdccba10debe439754/%{version}_1474481443_u3zlnm_att-url-download.jpg","versions":["medium","medium_2x","profile_pic","profile_pic_new","profile_pic_new_2x","tiny","tiny_2x","small","small_2x","ios_large","ios_small"]}},"file":null,"picture":"https://coub-anubis-a.akamaized.net/coub_storage/coub/simple/cw_image/17646e9bd1b/c4cad7c2a72e57bcf8811/med_1645197070_00020.jpg","timeline_picture":"https://coub-anubis-a.akamaized.net/coub_storage/coub/simple/cw_timeline_pic/b18f184d86d/d8a258fefa24b9cd169fa/ios_large_1645197069_image.jpg","small_picture":"https://coub-anubis-a.akamaized.net/coub_storage/coub/simple/cw_image/17646e9bd1b/c4cad7c2a72e57bcf8811/ios_mosaic_1645197070_00020.jpg","sharing_picture":null,"percent_done":100,"tags":[{"id":669,"title":"road","value":"road"},{"id":1804,"title":"trip","value":"trip"},{"id":11537,"title":"trippy","value":"trippy"},{"id":3866,"title":"live","value":"live"},{"id":1048100,"title":"live coub","value":"live%20coub"},{"id":49603,"title":"cinemagraph","value":"cinemagraph"},{"id":20723,"title":"cinematography","value":"cinematography"},{"id":1086306,"title":"autumn mood","value":"autumn%20mood"},{"id":2669,"title":"autumn","value":"autumn"},{"id":145444,"title":"ghostpoet","value":"ghostpoet"},{"id":1248354,"title":"x marks the spot","value":"x%20marks%20the%20spot"},{"id":39840,"title":"music coub","value":"music%20coub"}],"categories":[{"id":114,"title":"Live Pictures","permalink":"live-pictures","subscriptions_count":2028289,"big_image_url":"https://coub-anubis-a.akamaized.net/coub_storage/category/cw_image/6a781fee541/43bd1211431771697290d/big_1622039067_Live_pictures.png","small_image_url":"https://coub-anubis-a.akamaized.net/coub_storage/category/cw_image/6a781fee541/43bd1211431771697290d/small_1622039067_Live_pictures.png","med_image_url":"https://coub-anubis-a.akamaized.net/coub_storage/category/cw_image/6a781fee541/43bd1211431771697290d/med_1622039067_Live_pictures.png","visible":true}],"communities":[{"id":114,"title":"Live Pictures","permalink":"live-pictures","subscriptions_count":2028289,"big_image_url":"https://coub-anubis-a.akamaized.net/coub_storage/category/cw_image/6a781fee541/43bd1211431771697290d/big_1622039067_Live_pictures.png","small_image_url":"https://coub-anubis-a.akamaized.net/coub_storage/category/cw_image/6a781fee541/43bd1211431771697290d/small_1622039067_Live_pictures.png","med_image_url":"https://coub-anubis-a.akamaized.net/coub_storage/category/cw_image/6a781fee541/43bd1211431771697290d/med_1622039067_Live_pictures.png","i_subscribed":true,"community_notifications_enabled":null,"description":null}],"recoubs_count":10,"remixes_count":0,"likes_count":47,"dislikes_count":0,"raw_video_id":17141846,"uploaded_by_ios_app":false,"uploaded_by_android_app":false,"media_blocks":{"uploaded_raw_videos":[],"external_raw_videos":[],"remixed_from_coubs":[]},"raw_video_thumbnail_url":"https://coub-anubis-a.akamaized.net/coub_storage/raw_video/cw_image/260b5d55d18/9e528045c9803a0125fbc/coub_media_1645196348_image.jpg","raw_video_title":"________________________.mp4","video_block_banned":false,"duration":6.28,"promo_winner":false,"promo_winner_recoubers":null,"editorial_info":{},"promo_hint":null,"beeline_best_2014":null,"from_web_editor":true,"normalize_sound":true,"normalize_change_allowed":true,"best2015_addable":false,"ahmad_promo":null,"promo_data":null,"audio_copyright_claim":null,"ads_disabled":null,"is_safe_for_ads":true,"megafon_contents":[],"position_on_page":8},{"flag":null,"abuses":null,"recoubs_by_users_channels":null,"favourite":false,"promoted_id":null,"recoub":null,"like":null,"dislike":null,"reaction":null,"in_my_best2015":false,"id":182944739,"type":"Coub::Simple","permalink":"30kvq1","title":"I want those glasses⚠️","visibility_type":"public","original_visibility_type":"public","channel_id":209434,"created_at":"2022-02-17T23:15:49Z","updated_at":"2022-02-28T02:40:28Z","is_done":true,"views_count":16309,"cotd":null,"cotd_at":null,"visible_on_explore_root":false,"visible_on_explore":false,"featured":false,"published":true,"published_at":"2022-02-17T23:15:49Z","reversed":false,"from_editor_v2":true,"is_editable":true,"original_sound":false,"has_sound":false,"recoub_to":null,"file_versions":{"html5":{"video":{"higher":{"url":"https://coub-anubis-a.akamaized.net/coub_storage/coub/simple/cw_file/5fdcb59a485/20c2ecc391a98485b6bbd/muted_mp4_huge_size_1645139762_muted_huge.mp4","size":3563615},"high":{"url":"https://coub-anubis-a.akamaized.net/coub_storage/coub/simple/cw_file/5fdcb59a485/20c2ecc391a98485b6bbd/muted_mp4_big_size_1645139762_muted_big.mp4","size":2370074},"med":{"url":"https://coub-anubis-a.akamaized.net/coub_storage/coub/simple/cw_file/5fdcb59a485/20c2ecc391a98485b6bbd/muted_mp4_med_size_1645139762_muted_med.mp4","size":943648}},"audio":{"high":{"url":"https://coub-anubis-a.akamaized.net/coub_storage/coub/simple/cw_looped_audio_high/497dc1099d3/a483f00e9dd4dc4799b23/1645139850_mp3-high.mp3","size":7206250},"med":{"url":"https://coub-anubis-a.akamaized.net/coub_storage/coub/simple/cw_looped_audio_med/e1d2a65e4f3/2c82f5f261e7ec3244948/1645139843_mp3-med.mp3","size":5406876}}},"mobile":{"video":"https://coub-anubis-a.akamaized.net/coub_storage/coub/simple/cw_file/5fdcb59a485/20c2ecc391a98485b6bbd/muted_mp4_med_size_1645139762_muted_med.mp4","audio":["https://coub-anubis-a.akamaized.net/coub_storage/coub/simple/cw_looped_audio_med/e1d2a65e4f3/2c82f5f261e7ec3244948/1645139843_mp3-med.mp3"]},"share":{"default":"https://coub-anubis-a.akamaized.net/coub_storage/coub/simple/cw_video_for_sharing/d0cd13cd23b/2061ef172c9713518a3cf/1645139954_looped_1645139950.mp4"}},"audio_versions":{"template":"https://coub-anubis-a.akamaized.net/coub_storage/audio_track/cw_normalized_copy/1e777c3e90d/ed788be45f218244cba00/mid_1645139812_normalized_1645139773_1thxs5y_edited.mp3","versions":["mid","low"]},"image_versions":{"template":"https://coub-anubis-a.akamaized.net/coub_storage/coub/simple/cw_image/9921e05c6f5/89cae3a43a1f1fa720f81/%{version}_1645139867_00030.jpg","versions":["micro","tiny","age_restricted","ios_large","ios_mosaic","big","med","small","pinterest"]},"first_frame_versions":{"template":"https://coub-anubis-a.akamaized.net/coub_storage/coub/simple/cw_timeline_pic/339c232e330/b1a73c15cc58b40e94f57/%{version}_1645139866_image.jpg","versions":["big","med","small","ios_large"]},"dimensions":{"big":[960,960],"med":[480,480]},"site_w_h":[400,400],"page_w_h":[400,400],"site_w_h_small":[310,310],"size":[960,960],"age_restricted":false,"age_restricted_by_admin":false,"not_safe_for_work":null,"allow_reuse":false,"dont_crop":true,"banned":false,"global_safe":null,"audio_file_url":"https://coub-anubis-a.akamaized.net/coub_storage/audio_track/cw_normalized_copy/1e777c3e90d/ed788be45f218244cba00/low_1645139812_normalized_1645139773_1thxs5y_edited.mp3","external_download":false,"application":null,"channel":{"id":209434,"permalink":"vonnaucc","title":"Video_On_Nuts","description":"Coubs of questionable quality and content 😐\r\n       Subscribe and you will see!\r\n       Подпишись и узреешь!\n       P.s. listen/Слушай 🎧","followers_count":1772,"following_count":1117,"avatar_versions":{"template":"https://coub-anubis-a.akamaized.net/coub_storage/channel/cw_avatar/a35aa2b5573/46ffd9125ccef525b668c/%{version}_1616251508_filename.jpeg","versions":["medium","medium_2x","profile_pic","profile_pic_new","profile_pic_new_2x","tiny","tiny_2x","small","small_2x","ios_large","ios_small"]}},"file":null,"picture":"https://coub-anubis-a.akamaized.net/coub_storage/coub/simple/cw_image/9921e05c6f5/89cae3a43a1f1fa720f81/med_1645139867_00030.jpg","timeline_picture":"https://coub-anubis-a.akamaized.net/coub_storage/coub/simple/cw_timeline_pic/339c232e330/b1a73c15cc58b40e94f57/ios_large_1645139866_image.jpg","small_picture":"https://coub-anubis-a.akamaized.net/coub_storage/coub/simple/cw_image/9921e05c6f5/89cae3a43a1f1fa720f81/ios_mosaic_1645139867_00030.jpg","sharing_picture":null,"percent_done":100,"tags":[{"id":6745140,"title":"undefined. - you woke me with your acid kiss","value":"undefined.%20-%20you%20woke%20me%20with%20your%20acid%20kiss"},{"id":173464,"title":"acid techno","value":"acid%20techno"},{"id":120094,"title":"techno music","value":"techno%20music"},{"id":6300053,"title":"technical break","value":"technical%20break"},{"id":6300054,"title":"технический перерыв","value":"%D1%82%D0%B5%D1%85%D0%BD%D0%B8%D1%87%D0%B5%D1%81%D0%BA%D0%B8%D0%B9%20%D0%BF%D0%B5%D1%80%D0%B5%D1%80%D1%8B%D0%B2"},{"id":21068,"title":"рейв","value":"%D1%80%D0%B5%D0%B9%D0%B2"},{"id":243,"title":"rave","value":"rave"},{"id":127902,"title":"rave music","value":"rave%20music"},{"id":6745141,"title":"technomemes","value":"technomemes"},{"id":5814082,"title":"техномемы","value":"%D1%82%D0%B5%D1%85%D0%BD%D0%BE%D0%BC%D0%B5%D0%BC%D1%8B"}],"categories":[{"id":114,"title":"Live Pictures","permalink":"live-pictures","subscriptions_count":2028289,"big_image_url":"https://coub-anubis-a.akamaized.net/coub_storage/category/cw_image/6a781fee541/43bd1211431771697290d/big_1622039067_Live_pictures.png","small_image_url":"https://coub-anubis-a.akamaized.net/coub_storage/category/cw_image/6a781fee541/43bd1211431771697290d/small_1622039067_Live_pictures.png","med_image_url":"https://coub-anubis-a.akamaized.net/coub_storage/category/cw_image/6a781fee541/43bd1211431771697290d/med_1622039067_Live_pictures.png","visible":true}],"communities":[{"id":114,"title":"Live Pictures","permalink":"live-pictures","subscriptions_count":2028289,"big_image_url":"https://coub-anubis-a.akamaized.net/coub_storage/category/cw_image/6a781fee541/43bd1211431771697290d/big_1622039067_Live_pictures.png","small_image_url":"https://coub-anubis-a.akamaized.net/coub_storage/category/cw_image/6a781fee541/43bd1211431771697290d/small_1622039067_Live_pictures.png","med_image_url":"https://coub-anubis-a.akamaized.net/coub_storage/category/cw_image/6a781fee541/43bd1211431771697290d/med_1622039067_Live_pictures.png","i_subscribed":true,"community_notifications_enabled":null,"description":null}],"recoubs_count":8,"remixes_count":0,"likes_count":47,"dislikes_count":0,"raw_video_id":"","uploaded_by_ios_app":false,"uploaded_by_android_app":false,"media_blocks":{"uploaded_raw_videos":[],"external_raw_videos":[],"remixed_from_coubs":[{"id":40241509,"title":"Party Hard🎉","url":"https://coub.com/coubs/2y150f/remix","image":"https://coub-anubis-a.akamaized.net/coub_storage/media_block/cw_image/13e637d9cc9/6c2f24364ee7f8bb3c8ed/video_1637045957_1b6j33e_1637045927_00030.jpg","image_retina":"https://coub-anubis-a.akamaized.net/coub_storage/media_block/cw_image/13e637d9cc9/6c2f24364ee7f8bb3c8ed/video_retina_1637045957_1b6j33e_1637045927_00030.jpg","meta":{"duration":"9.52"},"duration":null,"coub_channel_title":"delta7🌈","coub_channel_permalink":"deltaseven","coub_views_count":11959,"coub_permalink":"2y150f"}]},"raw_video_thumbnail_url":"","raw_video_title":"","video_block_banned":false,"duration":9.52,"promo_winner":false,"promo_winner_recoubers":null,"editorial_info":{},"promo_hint":null,"beeline_best_2014":null,"from_web_editor":true,"normalize_sound":true,"normalize_change_allowed":true,"best2015_addable":false,"ahmad_promo":null,"promo_data":null,"audio_copyright_claim":null,"ads_disabled":null,"is_safe_for_ads":true,"megafon_contents":[],"position_on_page":9},{"flag":null,"abuses":null,"recoubs_by_users_channels":null,"favourite":false,"promoted_id":null,"recoub":null,"like":null,"dislike":null,"reaction":null,"in_my_best2015":false,"id":182131000,"type":"Coub::Simple","permalink":"303b7a","title":"𝓦𝓱𝓪𝓽'𝓼 𝓷𝓸𝓽 𝔀𝓸𝓷𝓭𝓮𝓻𝓯𝓾𝓵 ?","visibility_type":"public","original_visibility_type":"public","channel_id":2591111,"created_at":"2022-01-29T12:00:28Z","updated_at":"2022-03-16T05:48:40Z","is_done":true,"views_count":14101,"cotd":null,"cotd_at":null,"visible_on_explore_root":false,"visible_on_explore":false,"featured":false,"published":true,"published_at":"2022-01-29T12:00:28Z","reversed":true,"from_editor_v2":true,"is_editable":true,"original_sound":false,"has_sound":false,"recoub_to":null,"file_versions":{"html5":{"video":{"higher":{"url":"https://coub-anubis-a.akamaized.net/coub_storage/coub/simple/cw_file/f6d1bd0ed91/bac1c2af787fc286de89d/muted_mp4_huge_size_1643457751_muted_huge.mp4","size":2468911},"high":{"url":"https://coub-anubis-a.akamaized.net/coub_storage/coub/simple/cw_file/f6d1bd0ed91/bac1c2af787fc286de89d/muted_mp4_big_size_1643457751_muted_big.mp4","size":1747672},"med":{"url":"https://coub-anubis-a.akamaized.net/coub_storage/coub/simple/cw_file/f6d1bd0ed91/bac1c2af787fc286de89d/muted_mp4_med_size_1643457751_muted_med.mp4","size":441882}},"audio":{"high":{"url":"https://coub-anubis-a.akamaized.net/coub_storage/coub/simple/cw_looped_audio_high/e4cc43707b2/679f520dc4dce83371954/1643457754_mp3-high.mp3","size":938411},"med":{"url":"https://coub-anubis-a.akamaized.net/coub_storage/coub/simple/cw_looped_audio_med/270508e1f15/1b12ea6c74a0d3dff2ac7/1643457753_mp3-med.mp3","size":895995}}},"mobile":{"video":"https://coub-anubis-a.akamaized.net/coub_storage/coub/simple/cw_file/f6d1bd0ed91/bac1c2af787fc286de89d/muted_mp4_med_size_1643457751_muted_med.mp4","audio":["https://coub-anubis-a.akamaized.net/coub_storage/coub/simple/cw_looped_audio_med/270508e1f15/1b12ea6c74a0d3dff2ac7/1643457753_mp3-med.mp3"]},"share":{"default":"https://coub-anubis-a.akamaized.net/coub_storage/coub/simple/cw_video_for_sharing/f949b4bf7b4/d680fc07ee5762233504f/1643457783_looped_1643457782.mp4"}},"audio_versions":{"template":"https://coub-anubis-a.akamaized.net/coub_storage/audio_track/cw_normalized_copy/9de319a9cfa/9f8f5f8ebe55cbe818be5/mid_1643457752_normalized_1643457520_audio.mp3","versions":["mid","low"]},"image_versions":{"template":"https://coub-anubis-a.akamaized.net/coub_storage/coub/simple/cw_image/4e445e50483/cfddd017e9be43651c3f2/%{version}_1643457760_00059.jpg","versions":["micro","tiny","age_restricted","ios_large","ios_mosaic","big","med","small","pinterest"]},"first_frame_versions":{"template":"https://coub-anubis-a.akamaized.net/coub_storage/coub/simple/cw_timeline_pic/f1a90604014/611df6fa2b7d107893ae4/%{version}_1643457758_image.jpg","versions":["big","med","small","ios_large"]},"dimensions":{"big":[1280,720],"med":[640,360]},"site_w_h":[640,360],"page_w_h":[640,360],"site_w_h_small":[310,174],"size":[1280,720],"age_restricted":false,"age_restricted_by_admin":false,"not_safe_for_work":null,"allow_reuse":false,"dont_crop":true,"banned":false,"global_safe":null,"audio_file_url":"https://coub-anubis-a.akamaized.net/coub_storage/audio_track/cw_normalized_copy/9de319a9cfa/9f8f5f8ebe55cbe818be5/low_1643457752_normalized_1643457520_audio.mp3","external_download":false,"application":null,"channel":{"id":2591111,"permalink":"gocha-gviniashvili","title":"🅶.🅶","description":"G.G 》》》   COUB'S","followers_count":251,"following_count":3,"avatar_versions":{"template":"https://coub-anubis-a.akamaized.net/coub_storage/channel/cw_avatar/127e6ffbf2c/5f53697c33e198eb893b5/%{version}_1612439227_qqq111.jpg","versions":["medium","medium_2x","profile_pic","profile_pic_new","profile_pic_new_2x","tiny","tiny_2x","small","small_2x","ios_large","ios_small"]}},"file":null,"picture":"https://coub-anubis-a.akamaized.net/coub_storage/coub/simple/cw_image/4e445e50483/cfddd017e9be43651c3f2/med_1643457760_00059.jpg","timeline_picture":"https://coub-anubis-a.akamaized.net/coub_storage/coub/simple/cw_timeline_pic/f1a90604014/611df6fa2b7d107893ae4/ios_large_1643457758_image.jpg","small_picture":"https://coub-anubis-a.akamaized.net/coub_storage/coub/simple/cw_image/4e445e50483/cfddd017e9be43651c3f2/ios_mosaic_1643457760_00059.jpg","sharing_picture":null,"percent_done":100,"tags":[],"categories":[{"id":114,"title":"Live Pictures","permalink":"live-pictures","subscriptions_count":2028289,"big_image_url":"https://coub-anubis-a.akamaized.net/coub_storage/category/cw_image/6a781fee541/43bd1211431771697290d/big_1622039067_Live_pictures.png","small_image_url":"https://coub-anubis-a.akamaized.net/coub_storage/category/cw_image/6a781fee541/43bd1211431771697290d/small_1622039067_Live_pictures.png","med_image_url":"https://coub-anubis-a.akamaized.net/coub_storage/category/cw_image/6a781fee541/43bd1211431771697290d/med_1622039067_Live_pictures.png","visible":true}],"communities":[{"id":114,"title":"Live Pictures","permalink":"live-pictures","subscriptions_count":2028289,"big_image_url":"https://coub-anubis-a.akamaized.net/coub_storage/category/cw_image/6a781fee541/43bd1211431771697290d/big_1622039067_Live_pictures.png","small_image_url":"https://coub-anubis-a.akamaized.net/coub_storage/category/cw_image/6a781fee541/43bd1211431771697290d/small_1622039067_Live_pictures.png","med_image_url":"https://coub-anubis-a.akamaized.net/coub_storage/category/cw_image/6a781fee541/43bd1211431771697290d/med_1622039067_Live_pictures.png","i_subscribed":true,"community_notifications_enabled":null,"description":null}],"recoubs_count":6,"remixes_count":0,"likes_count":47,"dislikes_count":0,"raw_video_id":17095962,"uploaded_by_ios_app":false,"uploaded_by_android_app":false,"media_blocks":{"uploaded_raw_videos":[],"external_raw_videos":[],"remixed_from_coubs":[]},"raw_video_thumbnail_url":"https://coub-anubis-a.akamaized.net/coub_storage/raw_video/cw_image/3c58f3f8808/85b12d8f4ca92f7cdfe2f/coub_media_1643457491_image.jpg","raw_video_title":"Trees_-_98970.mp4","video_block_banned":false,"duration":18.72,"promo_winner":false,"promo_winner_recoubers":null,"editorial_info":{},"promo_hint":null,"beeline_best_2014":null,"from_web_editor":true,"normalize_sound":true,"normalize_change_allowed":true,"best2015_addable":false,"ahmad_promo":null,"promo_data":null,"audio_copyright_claim":null,"ads_disabled":null,"is_safe_for_ads":true,"megafon_contents":[],"position_on_page":10}]}