{"page":335,"per_page":10,"total_pages":500,"coubs":[{"flag":null,"abuses":null,"recoubs_by_users_channels":null,"favourite":false,"promoted_id":null,"recoub":null,"like":null,"dislike":null,"reaction":null,"in_my_best2015":false,"id":171378610,"type":"Coub::Simple","permalink":"2torgq","title":"Felix Cartal & Lights - Love Me | Anime Visualization 🖤","visibility_type":"public","original_visibility_type":"public","channel_id":11674701,"created_at":"2021-06-30T08:16:37Z","updated_at":"2021-12-14T03:27:57Z","is_done":true,"views_count":12862,"cotd":null,"cotd_at":null,"visible_on_explore_root":false,"visible_on_explore":false,"featured":false,"published":true,"published_at":"2021-06-30T08:16:37Z","reversed":false,"from_editor_v2":true,"is_editable":true,"original_sound":false,"has_sound":false,"recoub_to":null,"file_versions":{"html5":{"video":{"higher":{"url":"https://coub-anubis-a.akamaized.net/coub_storage/coub/simple/cw_file/c03ce91d084/96c2ed95d13886d06d04b/muted_mp4_huge_size_1625041030_muted_huge.mp4","size":641798},"high":{"url":"https://coub-anubis-a.akamaized.net/coub_storage/coub/simple/cw_file/c03ce91d084/96c2ed95d13886d06d04b/muted_mp4_big_size_1625041030_muted_big.mp4","size":411047},"med":{"url":"https://coub-anubis-a.akamaized.net/coub_storage/coub/simple/cw_file/c03ce91d084/96c2ed95d13886d06d04b/muted_mp4_med_size_1625041030_muted_med.mp4","size":111561}},"audio":{"high":{"url":"https://coub-anubis-a.akamaized.net/coub_storage/coub/simple/cw_looped_audio_high/ab25378ffd8/5d9a392f3c33174f7e053/1625041059_mp3-high.mp3","size":4172319},"med":{"url":"https://coub-anubis-a.akamaized.net/coub_storage/coub/simple/cw_looped_audio_med/bd0beabeea0/e20b35bda90852950bfb0/1625041056_mp3-med.mp3","size":3107378}}},"mobile":{"video":"https://coub-anubis-a.akamaized.net/coub_storage/coub/simple/cw_file/c03ce91d084/96c2ed95d13886d06d04b/muted_mp4_med_size_1625041030_muted_med.mp4","audio":["https://coub-anubis-a.akamaized.net/coub_storage/coub/simple/cw_looped_audio_med/bd0beabeea0/e20b35bda90852950bfb0/1625041056_mp3-med.mp3"]},"share":{"default":"https://coub-anubis-a.akamaized.net/coub_storage/coub/simple/cw_video_for_sharing/2f804a07dab/9b68353ff6b78549843f0/1625041078_looped_1625041078.mp4"}},"audio_versions":{"template":"https://coub-anubis-a.akamaized.net/coub_storage/audio_track/cw_normalized_copy/0ea652595b8/572a91f45b537fb54375c/mid_1625041042_normalized_1625040655_audio.mp3","versions":["mid","low"]},"image_versions":{"template":"https://coub-anubis-a.akamaized.net/coub_storage/coub/simple/cw_image/e6cbc5a90dd/cd1006a8558cbac75a964/%{version}_1625041062_00020.jpg","versions":["micro","tiny","age_restricted","ios_large","ios_mosaic","big","med","small","pinterest"]},"first_frame_versions":{"template":"https://coub-anubis-a.akamaized.net/coub_storage/coub/simple/cw_timeline_pic/5e7e6e26fd9/062785b39588c6128e549/%{version}_1625041062_image.jpg","versions":["big","med","small","ios_large"]},"dimensions":{"big":[1280,720],"med":[640,360]},"site_w_h":[640,360],"page_w_h":[640,360],"site_w_h_small":[310,174],"size":[1280,720],"age_restricted":false,"age_restricted_by_admin":false,"not_safe_for_work":null,"allow_reuse":false,"dont_crop":true,"banned":false,"global_safe":true,"audio_file_url":"https://coub-anubis-a.akamaized.net/coub_storage/audio_track/cw_normalized_copy/0ea652595b8/572a91f45b537fb54375c/low_1625041042_normalized_1625040655_audio.mp3","external_download":{"type":"Youtube","service_name":"YouTube","url":"https://www.youtube.com/watch?v=KoWT9-vwi7w","has_embed":true},"application":null,"channel":{"id":11674701,"permalink":"likalllabmusic","title":"likalllabmusic","description":"Music Anime Visualization 🖤","followers_count":147,"following_count":16,"avatar_versions":{"template":"https://coub-anubis-a.akamaized.net/coub_storage/channel/cw_avatar/c10a8639b6f/f34d86999025e053d5355/%{version}_1623329061_1111.png","versions":["medium","medium_2x","profile_pic","profile_pic_new","profile_pic_new_2x","tiny","tiny_2x","small","small_2x","ios_large","ios_small"]}},"file":null,"picture":"https://coub-anubis-a.akamaized.net/coub_storage/coub/simple/cw_image/e6cbc5a90dd/cd1006a8558cbac75a964/med_1625041062_00020.jpg","timeline_picture":"https://coub-anubis-a.akamaized.net/coub_storage/coub/simple/cw_timeline_pic/5e7e6e26fd9/062785b39588c6128e549/ios_large_1625041062_image.jpg","small_picture":"https://coub-anubis-a.akamaized.net/coub_storage/coub/simple/cw_image/e6cbc5a90dd/cd1006a8558cbac75a964/ios_mosaic_1625041062_00020.jpg","sharing_picture":null,"percent_done":100,"tags":[{"id":4139120,"title":"anime visualization","value":"anime%20visualization"},{"id":6351553,"title":"likall lab","value":"likall%20lab"},{"id":6351554,"title":"likall","value":"likall"},{"id":20300,"title":"lab","value":"lab"},{"id":86,"title":"music","value":"music"},{"id":6380544,"title":"felix cartal u0026 lights love me","value":"felix%20cartal%20u0026%20lights%20love%20me"},{"id":6380545,"title":"felix cartal love me","value":"felix%20cartal%20love%20me"},{"id":6380546,"title":"lights love me","value":"lights%20love%20me"},{"id":288305,"title":"felix cartal","value":"felix%20cartal"},{"id":1172,"title":"lights","value":"lights"},{"id":10793,"title":"pop","value":"pop"},{"id":823,"title":"edm","value":"edm"},{"id":182,"title":"dance","value":"dance"},{"id":763851,"title":"electronic pop","value":"electronic%20pop"},{"id":332236,"title":"dance pop","value":"dance%20pop"},{"id":351407,"title":"indie dance","value":"indie%20dance"},{"id":416930,"title":"indie electronica","value":"indie%20electronica"}],"categories":[{"id":114,"title":"Live Pictures","permalink":"live-pictures","subscriptions_count":2028289,"big_image_url":"https://coub-anubis-a.akamaized.net/coub_storage/category/cw_image/6a781fee541/43bd1211431771697290d/big_1622039067_Live_pictures.png","small_image_url":"https://coub-anubis-a.akamaized.net/coub_storage/category/cw_image/6a781fee541/43bd1211431771697290d/small_1622039067_Live_pictures.png","med_image_url":"https://coub-anubis-a.akamaized.net/coub_storage/category/cw_image/6a781fee541/43bd1211431771697290d/med_1622039067_Live_pictures.png","visible":true}],"communities":[{"id":114,"title":"Live Pictures","permalink":"live-pictures","subscriptions_count":2028289,"big_image_url":"https://coub-anubis-a.akamaized.net/coub_storage/category/cw_image/6a781fee541/43bd1211431771697290d/big_1622039067_Live_pictures.png","small_image_url":"https://coub-anubis-a.akamaized.net/coub_storage/category/cw_image/6a781fee541/43bd1211431771697290d/small_1622039067_Live_pictures.png","med_image_url":"https://coub-anubis-a.akamaized.net/coub_storage/category/cw_image/6a781fee541/43bd1211431771697290d/med_1622039067_Live_pictures.png","i_subscribed":true,"community_notifications_enabled":null,"description":null}],"recoubs_count":15,"remixes_count":0,"likes_count":57,"dislikes_count":0,"raw_video_id":16570045,"uploaded_by_ios_app":false,"uploaded_by_android_app":false,"media_blocks":{"uploaded_raw_videos":[],"external_raw_videos":[{"id":39182043,"title":"Felix Cartal & Lights - Love Me | Anime Visualization 🖤","url":"https://www.youtube.com/watch?v=KoWT9-vwi7w","image":null,"image_retina":null,"meta":{"service":"Youtube","duration":"195.021"},"duration":195.021,"raw_video_id":16570045,"has_embed":true}],"remixed_from_coubs":[],"external_video":{"id":39182043,"title":"Felix Cartal & Lights - Love Me | Anime Visualization 🖤","url":"https://www.youtube.com/watch?v=KoWT9-vwi7w","image":null,"image_retina":null,"meta":{"service":"Youtube","duration":"195.021"},"duration":195.021,"raw_video_id":16570045,"has_embed":true}},"raw_video_thumbnail_url":"/missing/missing.png","raw_video_title":"Felix Cartal & Lights - Love Me | Anime Visualization 🖤","video_block_banned":false,"duration":6.28,"promo_winner":false,"promo_winner_recoubers":null,"editorial_info":{},"promo_hint":null,"beeline_best_2014":null,"from_web_editor":true,"normalize_sound":true,"normalize_change_allowed":true,"best2015_addable":false,"ahmad_promo":null,"promo_data":null,"audio_copyright_claim":null,"ads_disabled":null,"is_safe_for_ads":true,"megafon_contents":[],"position_on_page":1},{"flag":null,"abuses":null,"recoubs_by_users_channels":null,"favourite":false,"promoted_id":null,"recoub":null,"like":null,"dislike":null,"reaction":null,"in_my_best2015":false,"id":170854167,"type":"Coub::Simple","permalink":"2tdisp","title":"Wild","visibility_type":"public","original_visibility_type":"public","channel_id":4289649,"created_at":"2021-06-20T17:12:56Z","updated_at":"2022-03-07T23:00:47Z","is_done":true,"views_count":9771,"cotd":null,"cotd_at":null,"visible_on_explore_root":false,"visible_on_explore":false,"featured":false,"published":true,"published_at":"2021-06-20T17:18:00Z","reversed":false,"from_editor_v2":true,"is_editable":true,"original_sound":false,"has_sound":false,"recoub_to":null,"file_versions":{"html5":{"video":{"higher":{"url":"https://coub-anubis-a.akamaized.net/coub_storage/coub/simple/cw_file/99e8e8ecefb/43243cabf749f419851e6/muted_mp4_huge_size_1624209215_muted_huge.mp4","size":4363369},"high":{"url":"https://coub-anubis-a.akamaized.net/coub_storage/coub/simple/cw_file/99e8e8ecefb/43243cabf749f419851e6/muted_mp4_big_size_1624209215_muted_big.mp4","size":2641425},"med":{"url":"https://coub-anubis-a.akamaized.net/coub_storage/coub/simple/cw_file/99e8e8ecefb/43243cabf749f419851e6/muted_mp4_med_size_1624209215_muted_med.mp4","size":904790}},"audio":{"high":{"url":"https://coub-anubis-a.akamaized.net/coub_storage/coub/simple/cw_looped_audio_high/855b9d78bd7/03a5741c15a6d3dcd822d/1624209237_mp3-high.mp3","size":1981101},"med":{"url":"https://coub-anubis-a.akamaized.net/coub_storage/coub/simple/cw_looped_audio_med/1d99b946043/9eb6a1ccba0249e87467d/1624209234_mp3-med.mp3","size":1436565}}},"mobile":{"video":"https://coub-anubis-a.akamaized.net/coub_storage/coub/simple/cw_file/99e8e8ecefb/43243cabf749f419851e6/muted_mp4_med_size_1624209215_muted_med.mp4","audio":["https://coub-anubis-a.akamaized.net/coub_storage/coub/simple/cw_looped_audio_med/1d99b946043/9eb6a1ccba0249e87467d/1624209234_mp3-med.mp3"]},"share":{"default":"https://coub-anubis-a.akamaized.net/coub_storage/coub/simple/cw_video_for_sharing/ee523569117/f08aaadfe06c5ac55231f/1624209326_looped_1624209323.mp4"}},"audio_versions":{"template":"https://coub-anubis-a.akamaized.net/coub_storage/audio_track/cw_file/dc726575a5d/84ae7564471b2d1d07c5e/mid_1624209218_9j4qpe_edited.mp3","versions":["mid","low"]},"image_versions":{"template":"https://coub-anubis-a.akamaized.net/coub_storage/coub/simple/cw_image/4c953445f50/6ab2a92a32af8a079f91a/%{version}_1624209252_00032.jpg","versions":["micro","tiny","age_restricted","ios_large","ios_mosaic","big","med","small","pinterest"]},"first_frame_versions":{"template":"https://coub-anubis-a.akamaized.net/coub_storage/coub/simple/cw_timeline_pic/aa7a3e57bee/29c6b7760834860a53f53/%{version}_1624209250_image.jpg","versions":["big","med","small","ios_large"]},"dimensions":{"big":[1280,720],"med":[640,360]},"site_w_h":[640,360],"page_w_h":[640,360],"site_w_h_small":[310,174],"size":[1280,720],"age_restricted":false,"age_restricted_by_admin":false,"not_safe_for_work":null,"allow_reuse":false,"dont_crop":true,"banned":false,"global_safe":null,"audio_file_url":"https://coub-anubis-a.akamaized.net/coub_storage/audio_track/cw_file/dc726575a5d/84ae7564471b2d1d07c5e/low_1624209218_9j4qpe_edited.mp3","external_download":{"type":"Youtube","service_name":"YouTube","url":"https://www.youtube.com/watch?v=kQqr8NpQczE","has_embed":true},"application":null,"channel":{"id":4289649,"permalink":"shazamchik","title":"Shazamchik☑","description":"Время летит всё быстрее и быстрее... (Тут Цветомузыка))) Visual Music Original","followers_count":256,"following_count":64,"avatar_versions":{"template":"https://coub-anubis-a.akamaized.net/coub_storage/channel/cw_avatar/d44b2c9dbf5/2f028c45ff4db9cb23ffb/%{version}_1609052988_iqqdrq_1545488729_ur6yNi4-Em0.jpg","versions":["medium","medium_2x","profile_pic","profile_pic_new","profile_pic_new_2x","tiny","tiny_2x","small","small_2x","ios_large","ios_small"]}},"file":null,"picture":"https://coub-anubis-a.akamaized.net/coub_storage/coub/simple/cw_image/4c953445f50/6ab2a92a32af8a079f91a/med_1624209252_00032.jpg","timeline_picture":"https://coub-anubis-a.akamaized.net/coub_storage/coub/simple/cw_timeline_pic/aa7a3e57bee/29c6b7760834860a53f53/ios_large_1624209250_image.jpg","small_picture":"https://coub-anubis-a.akamaized.net/coub_storage/coub/simple/cw_image/4c953445f50/6ab2a92a32af8a079f91a/ios_mosaic_1624209252_00032.jpg","sharing_picture":null,"percent_done":100,"tags":[{"id":13489,"title":"pictures","value":"pictures"},{"id":6337045,"title":"animation pictures","value":"animation%20pictures"},{"id":3515,"title":"nice","value":"nice"},{"id":459,"title":"rainbow","value":"rainbow"}],"categories":[{"id":114,"title":"Live Pictures","permalink":"live-pictures","subscriptions_count":2028289,"big_image_url":"https://coub-anubis-a.akamaized.net/coub_storage/category/cw_image/6a781fee541/43bd1211431771697290d/big_1622039067_Live_pictures.png","small_image_url":"https://coub-anubis-a.akamaized.net/coub_storage/category/cw_image/6a781fee541/43bd1211431771697290d/small_1622039067_Live_pictures.png","med_image_url":"https://coub-anubis-a.akamaized.net/coub_storage/category/cw_image/6a781fee541/43bd1211431771697290d/med_1622039067_Live_pictures.png","visible":true}],"communities":[{"id":114,"title":"Live Pictures","permalink":"live-pictures","subscriptions_count":2028289,"big_image_url":"https://coub-anubis-a.akamaized.net/coub_storage/category/cw_image/6a781fee541/43bd1211431771697290d/big_1622039067_Live_pictures.png","small_image_url":"https://coub-anubis-a.akamaized.net/coub_storage/category/cw_image/6a781fee541/43bd1211431771697290d/small_1622039067_Live_pictures.png","med_image_url":"https://coub-anubis-a.akamaized.net/coub_storage/category/cw_image/6a781fee541/43bd1211431771697290d/med_1622039067_Live_pictures.png","i_subscribed":true,"community_notifications_enabled":null,"description":null}],"recoubs_count":17,"remixes_count":0,"likes_count":57,"dislikes_count":0,"raw_video_id":16544588,"uploaded_by_ios_app":false,"uploaded_by_android_app":false,"media_blocks":{"uploaded_raw_videos":[],"external_raw_videos":[{"id":39118268,"title":"Türküm - Feel My Love | Visual Music","url":"https://www.youtube.com/watch?v=kQqr8NpQczE","image":"https://coub-anubis-a.akamaized.net/coub_storage/media_block/cw_image/cace304fa34/77b9e6e3470ca942150d9/video_1624207879_nng327_1624207853_1624207852_16kg11y_att-url-download.webp","image_retina":"https://coub-anubis-a.akamaized.net/coub_storage/media_block/cw_image/cace304fa34/77b9e6e3470ca942150d9/video_retina_1624207879_nng327_1624207853_1624207852_16kg11y_att-url-download.webp","meta":{"service":"Youtube","duration":"114.461"},"duration":114.461,"raw_video_id":16544588,"has_embed":true}],"remixed_from_coubs":[],"external_video":{"id":39118268,"title":"Türküm - Feel My Love | Visual Music","url":"https://www.youtube.com/watch?v=kQqr8NpQczE","image":"https://coub-anubis-a.akamaized.net/coub_storage/media_block/cw_image/cace304fa34/77b9e6e3470ca942150d9/video_1624207879_nng327_1624207853_1624207852_16kg11y_att-url-download.webp","image_retina":"https://coub-anubis-a.akamaized.net/coub_storage/media_block/cw_image/cace304fa34/77b9e6e3470ca942150d9/video_retina_1624207879_nng327_1624207853_1624207852_16kg11y_att-url-download.webp","meta":{"service":"Youtube","duration":"114.461"},"duration":114.461,"raw_video_id":16544588,"has_embed":true}},"raw_video_thumbnail_url":"https://coub-anubis-a.akamaized.net/coub_storage/raw_video/cw_image/eae579326ca/e40a43fbf4d8881296f5e/coub_media_1624207853_1624207852_16kg11y_att-url-download.webp","raw_video_title":"Türküm - Feel My Love | Visual Music","video_block_banned":false,"duration":9.96,"promo_winner":false,"promo_winner_recoubers":null,"editorial_info":{},"promo_hint":null,"beeline_best_2014":null,"from_web_editor":true,"normalize_sound":false,"normalize_change_allowed":true,"best2015_addable":false,"ahmad_promo":null,"promo_data":null,"audio_copyright_claim":null,"ads_disabled":null,"is_safe_for_ads":true,"megafon_contents":[],"position_on_page":2},{"flag":null,"abuses":null,"recoubs_by_users_channels":null,"favourite":false,"promoted_id":null,"recoub":null,"like":null,"dislike":null,"reaction":null,"in_my_best2015":false,"id":168821894,"type":"Coub::Simple","permalink":"2s5yo2","title":"Gibraltar Monkey Island","visibility_type":"public","original_visibility_type":"public","channel_id":2227934,"created_at":"2021-05-16T13:33:47Z","updated_at":"2022-02-10T12:23:17Z","is_done":true,"views_count":19432,"cotd":null,"cotd_at":null,"visible_on_explore_root":false,"visible_on_explore":false,"featured":false,"published":true,"published_at":"2021-05-16T13:33:47Z","reversed":false,"from_editor_v2":true,"is_editable":true,"original_sound":false,"has_sound":false,"recoub_to":null,"file_versions":{"html5":{"video":{"higher":{"url":"https://coub-anubis-a.akamaized.net/coub_storage/coub/simple/cw_file/1d61a00e83c/b934b0ab4524e38eed510/muted_mp4_huge_size_1621172038_muted_huge.mp4","size":421988},"high":{"url":"https://coub-anubis-a.akamaized.net/coub_storage/coub/simple/cw_file/1d61a00e83c/b934b0ab4524e38eed510/muted_mp4_big_size_1621172038_muted_big.mp4","size":308222},"med":{"url":"https://coub-anubis-a.akamaized.net/coub_storage/coub/simple/cw_file/1d61a00e83c/b934b0ab4524e38eed510/muted_mp4_med_size_1621172038_muted_med.mp4","size":80683}},"audio":{"high":{"url":"https://coub-anubis-a.akamaized.net/coub_storage/coub/simple/cw_looped_audio_high/a1fe384a9ca/ce5eeeb9d6411e1dc77f9/1621172080_mp3-high.mp3","size":4780066},"med":{"url":"https://coub-anubis-a.akamaized.net/coub_storage/coub/simple/cw_looped_audio_med/f3424b6a219/cafc1f902b5474b54824e/1621172076_mp3-med.mp3","size":3612888}}},"mobile":{"video":"https://coub-anubis-a.akamaized.net/coub_storage/coub/simple/cw_file/1d61a00e83c/b934b0ab4524e38eed510/muted_mp4_med_size_1621172038_muted_med.mp4","audio":["https://coub-anubis-a.akamaized.net/coub_storage/coub/simple/cw_looped_audio_med/f3424b6a219/cafc1f902b5474b54824e/1621172076_mp3-med.mp3"]},"share":{"default":"https://coub-anubis-a.akamaized.net/coub_storage/coub/simple/cw_video_for_sharing/fb676e41cb1/db9ef864f7911f48e39bb/1621172109_looped_1621172108.mp4"}},"audio_versions":{"template":"https://coub-anubis-a.akamaized.net/coub_storage/audio_track/cw_file/d378563464f/afd033289e6b57f1104d6/mid_1621172044_1f79l3b_edited.mp3","versions":["mid","low"]},"image_versions":{"template":"https://coub-anubis-a.akamaized.net/coub_storage/coub/simple/cw_image/44064d9c61b/5c4525c78b2ad9a7be2ea/%{version}_1621172086_00018.jpg","versions":["micro","tiny","age_restricted","ios_large","ios_mosaic","big","med","small","pinterest"]},"first_frame_versions":{"template":"https://coub-anubis-a.akamaized.net/coub_storage/coub/simple/cw_timeline_pic/1e00ed5e404/98853b83e29729ff3dc86/%{version}_1621172085_image.jpg","versions":["big","med","small","ios_large"]},"dimensions":{"big":[1280,720],"med":[640,360]},"site_w_h":[640,360],"page_w_h":[640,360],"site_w_h_small":[310,174],"size":[1280,720],"age_restricted":false,"age_restricted_by_admin":false,"not_safe_for_work":null,"allow_reuse":false,"dont_crop":true,"banned":false,"global_safe":null,"audio_file_url":"https://coub-anubis-a.akamaized.net/coub_storage/audio_track/cw_file/d378563464f/afd033289e6b57f1104d6/low_1621172044_1f79l3b_edited.mp3","external_download":false,"application":null,"channel":{"id":2227934,"permalink":"cinemagraphs","title":"Cinemagraphs 🍒","description":"Pictures of the future 📸 #Cinemagraphs","followers_count":51485,"following_count":25,"avatar_versions":{"template":"https://coub-anubis-a.akamaized.net/coub_storage/channel/cw_avatar/b167cf416ae/e7e9bad8a41580de67e5e/%{version}_1607423119_5o3vhm_1474588843_fonstola.ru-57386.jpg","versions":["medium","medium_2x","profile_pic","profile_pic_new","profile_pic_new_2x","tiny","tiny_2x","small","small_2x","ios_large","ios_small"]}},"file":null,"picture":"https://coub-anubis-a.akamaized.net/coub_storage/coub/simple/cw_image/44064d9c61b/5c4525c78b2ad9a7be2ea/med_1621172086_00018.jpg","timeline_picture":"https://coub-anubis-a.akamaized.net/coub_storage/coub/simple/cw_timeline_pic/1e00ed5e404/98853b83e29729ff3dc86/ios_large_1621172085_image.jpg","small_picture":"https://coub-anubis-a.akamaized.net/coub_storage/coub/simple/cw_image/44064d9c61b/5c4525c78b2ad9a7be2ea/ios_mosaic_1621172086_00018.jpg","sharing_picture":null,"percent_done":100,"tags":[{"id":1804,"title":"trip","value":"trip"},{"id":1170,"title":"city","value":"city"},{"id":3638,"title":"view","value":"view"},{"id":5161,"title":"up","value":"up"},{"id":2588,"title":"sad","value":"sad"},{"id":2724,"title":"clip","value":"clip"},{"id":86,"title":"music","value":"music"},{"id":49603,"title":"cinemagraph","value":"cinemagraph"},{"id":379284,"title":"cinemagraphs","value":"cinemagraphs"},{"id":1133540,"title":"eleprimer","value":"eleprimer"}],"categories":[{"id":114,"title":"Live Pictures","permalink":"live-pictures","subscriptions_count":2028289,"big_image_url":"https://coub-anubis-a.akamaized.net/coub_storage/category/cw_image/6a781fee541/43bd1211431771697290d/big_1622039067_Live_pictures.png","small_image_url":"https://coub-anubis-a.akamaized.net/coub_storage/category/cw_image/6a781fee541/43bd1211431771697290d/small_1622039067_Live_pictures.png","med_image_url":"https://coub-anubis-a.akamaized.net/coub_storage/category/cw_image/6a781fee541/43bd1211431771697290d/med_1622039067_Live_pictures.png","visible":true}],"communities":[{"id":114,"title":"Live Pictures","permalink":"live-pictures","subscriptions_count":2028289,"big_image_url":"https://coub-anubis-a.akamaized.net/coub_storage/category/cw_image/6a781fee541/43bd1211431771697290d/big_1622039067_Live_pictures.png","small_image_url":"https://coub-anubis-a.akamaized.net/coub_storage/category/cw_image/6a781fee541/43bd1211431771697290d/small_1622039067_Live_pictures.png","med_image_url":"https://coub-anubis-a.akamaized.net/coub_storage/category/cw_image/6a781fee541/43bd1211431771697290d/med_1622039067_Live_pictures.png","i_subscribed":true,"community_notifications_enabled":null,"description":null}],"recoubs_count":11,"remixes_count":0,"likes_count":57,"dislikes_count":0,"raw_video_id":16409555,"uploaded_by_ios_app":false,"uploaded_by_android_app":false,"media_blocks":{"uploaded_raw_videos":[],"external_raw_videos":[],"remixed_from_coubs":[]},"raw_video_thumbnail_url":"https://coub-anubis-a.akamaized.net/coub_storage/raw_video/cw_image/488c99c195a/17f7bd580eb39b6d056be/coub_media_1620066894_image.jpg","raw_video_title":"mount_bird.mp4","video_block_banned":false,"duration":5.52,"promo_winner":false,"promo_winner_recoubers":null,"editorial_info":{},"promo_hint":null,"beeline_best_2014":null,"from_web_editor":true,"normalize_sound":false,"normalize_change_allowed":true,"best2015_addable":false,"ahmad_promo":null,"promo_data":null,"audio_copyright_claim":null,"ads_disabled":null,"is_safe_for_ads":true,"megafon_contents":[],"position_on_page":3},{"flag":null,"abuses":null,"recoubs_by_users_channels":null,"favourite":false,"promoted_id":null,"recoub":null,"like":null,"dislike":null,"reaction":null,"in_my_best2015":false,"id":119618984,"type":"Coub::Simple","permalink":"1yt7z1","title":"Glow Try ahead","visibility_type":"public","original_visibility_type":"public","channel_id":5258630,"created_at":"2019-07-31T22:57:48Z","updated_at":"2022-01-04T09:58:36Z","is_done":true,"views_count":11828,"cotd":null,"cotd_at":null,"visible_on_explore_root":false,"visible_on_explore":false,"featured":false,"published":true,"published_at":"2019-07-31T22:57:48Z","reversed":false,"from_editor_v2":true,"is_editable":true,"original_sound":false,"has_sound":false,"recoub_to":null,"file_versions":{"html5":{"video":{"higher":{"url":"https://coub-anubis-a.akamaized.net/coub_storage/coub/simple/cw_file/f4a32a3b2fe/67451fa73bca6b7daf682/muted_mp4_huge_size_1569198898_muted_huge.mp4","size":417462},"high":{"url":"https://coub-anubis-a.akamaized.net/coub_storage/coub/simple/cw_file/f4a32a3b2fe/67451fa73bca6b7daf682/muted_mp4_big_size_1569198898_muted_big.mp4","size":302793},"med":{"url":"https://coub-anubis-a.akamaized.net/coub_storage/coub/simple/cw_file/f4a32a3b2fe/67451fa73bca6b7daf682/muted_mp4_med_size_1569198898_muted_med.mp4","size":88950}},"audio":{"high":{"url":"https://coub-anubis-a.akamaized.net/coub_storage/coub/simple/cw_looped_audio_high/86ef8dd0665/8cda511f9a5b8645608d0/1605643629_high_1564613877_high.mp3","size":1283441},"med":{"url":"https://coub-anubis-a.akamaized.net/coub_storage/coub/simple/cw_looped_audio_med/c8e6960e25a/c68c9daea6d3df12b466d/1605643628_med_1564613877_med.mp3","size":937937}}},"mobile":{"video":"https://coub-anubis-a.akamaized.net/coub_storage/coub/simple/cw_file/f4a32a3b2fe/67451fa73bca6b7daf682/muted_mp4_med_size_1569198898_muted_med.mp4","audio":["https://coub-anubis-a.akamaized.net/coub_storage/coub/simple/cw_looped_audio_med/c8e6960e25a/c68c9daea6d3df12b466d/1605643628_med_1564613877_med.mp3"]},"share":{"default":"https://coub-anubis-a.akamaized.net/coub_storage/coub/simple/cw_video_for_sharing/c3c3f611d3f/147e104fbc242df92d166/1608182593_looped_1608182592.mp4"}},"audio_versions":{"template":"https://coub-anubis-a.akamaized.net/coub_storage/audio_track/cw_file/33662175765/a0beff4350c57424b4542/mid_1564613871_1aept54_edited.mp3","versions":["mid","low"]},"image_versions":{"template":"https://coub-anubis-a.akamaized.net/coub_storage/coub/simple/cw_image/0d860f6e2af/50209b12742642ae7f11f/1564613883_00007.jpg","versions":["micro","tiny","age_restricted","ios_large","ios_mosaic","big","med","small","pinterest"]},"first_frame_versions":{"template":"https://coub-anubis-a.akamaized.net/coub_storage/coub/simple/cw_timeline_pic/220ea18e847/35b393839604334cac52e/%{version}_1564613883_image.jpg","versions":["big","med","small","ios_large"]},"dimensions":{"big":[1280,720],"med":[640,360]},"site_w_h":[640,360],"page_w_h":[640,360],"site_w_h_small":[310,174],"size":[1280,720],"age_restricted":false,"age_restricted_by_admin":false,"not_safe_for_work":false,"allow_reuse":false,"dont_crop":false,"banned":false,"global_safe":true,"audio_file_url":"https://coub-anubis-a.akamaized.net/coub_storage/audio_track/cw_file/33662175765/a0beff4350c57424b4542/low_1564613871_1aept54_edited.mp3","external_download":false,"application":null,"channel":{"id":5258630,"permalink":"ambientworld","title":"Ambient","description":"#ambient","followers_count":99,"following_count":12,"avatar_versions":{"template":"https://coub-anubis-a.akamaized.net/coub_storage/channel/cw_avatar/73263e00f1d/07ea0f5436804400c9c10/%{version}_1636121046_avatars-000583337283-1usned-t500x500.jpg","versions":["medium","medium_2x","profile_pic","profile_pic_new","profile_pic_new_2x","tiny","tiny_2x","small","small_2x","ios_large","ios_small"]}},"file":null,"picture":"https://coub-anubis-a.akamaized.net/coub_storage/coub/simple/cw_image/0d860f6e2af/50209b12742642ae7f11f/1564613883_00007.jpg","timeline_picture":"https://coub-anubis-a.akamaized.net/coub_storage/coub/simple/cw_timeline_pic/220ea18e847/35b393839604334cac52e/ios_large_1564613883_image.jpg","small_picture":"https://coub-anubis-a.akamaized.net/coub_storage/coub/simple/cw_image/0d860f6e2af/50209b12742642ae7f11f/1564613883_00007.jpg","sharing_picture":null,"percent_done":100,"tags":[{"id":17153,"title":"damn","value":"damn"},{"id":42020,"title":"try","value":"try"},{"id":10084,"title":"birds","value":"birds"},{"id":49603,"title":"cinemagraph","value":"cinemagraph"},{"id":379284,"title":"cinemagraphs","value":"cinemagraphs"},{"id":1133540,"title":"eleprimer","value":"eleprimer"},{"id":2070,"title":"animals","value":"animals"}],"categories":[{"id":114,"title":"Live Pictures","permalink":"live-pictures","subscriptions_count":2028289,"big_image_url":"https://coub-anubis-a.akamaized.net/coub_storage/category/cw_image/6a781fee541/43bd1211431771697290d/big_1622039067_Live_pictures.png","small_image_url":"https://coub-anubis-a.akamaized.net/coub_storage/category/cw_image/6a781fee541/43bd1211431771697290d/small_1622039067_Live_pictures.png","med_image_url":"https://coub-anubis-a.akamaized.net/coub_storage/category/cw_image/6a781fee541/43bd1211431771697290d/med_1622039067_Live_pictures.png","visible":true}],"communities":[{"id":114,"title":"Live Pictures","permalink":"live-pictures","subscriptions_count":2028289,"big_image_url":"https://coub-anubis-a.akamaized.net/coub_storage/category/cw_image/6a781fee541/43bd1211431771697290d/big_1622039067_Live_pictures.png","small_image_url":"https://coub-anubis-a.akamaized.net/coub_storage/category/cw_image/6a781fee541/43bd1211431771697290d/small_1622039067_Live_pictures.png","med_image_url":"https://coub-anubis-a.akamaized.net/coub_storage/category/cw_image/6a781fee541/43bd1211431771697290d/med_1622039067_Live_pictures.png","i_subscribed":true,"community_notifications_enabled":null,"description":null}],"recoubs_count":16,"remixes_count":0,"likes_count":57,"dislikes_count":0,"raw_video_id":14045808,"uploaded_by_ios_app":false,"uploaded_by_android_app":false,"media_blocks":{"uploaded_raw_videos":[],"external_raw_videos":[],"remixed_from_coubs":[]},"raw_video_thumbnail_url":"/missing/missing.png","raw_video_title":"caoryea2avb31.mp4","video_block_banned":false,"duration":1.96,"promo_winner":false,"promo_winner_recoubers":null,"editorial_info":{},"promo_hint":null,"beeline_best_2014":null,"from_web_editor":true,"normalize_sound":false,"normalize_change_allowed":true,"best2015_addable":false,"ahmad_promo":null,"promo_data":null,"audio_copyright_claim":null,"ads_disabled":false,"is_safe_for_ads":true,"megafon_contents":[],"position_on_page":4},{"flag":null,"abuses":null,"recoubs_by_users_channels":null,"favourite":false,"promoted_id":null,"recoub":null,"like":null,"dislike":null,"reaction":null,"in_my_best2015":false,"id":118577229,"type":"Coub::Simple","permalink":"1y6w52","title":"Gucci Garden","visibility_type":"public","original_visibility_type":"public","channel_id":4831251,"created_at":"2019-07-20T22:31:52Z","updated_at":"2022-01-28T13:32:36Z","is_done":true,"views_count":9787,"cotd":null,"cotd_at":null,"visible_on_explore_root":false,"visible_on_explore":false,"featured":false,"published":true,"published_at":"2019-07-21T16:12:17Z","reversed":false,"from_editor_v2":true,"is_editable":true,"original_sound":false,"has_sound":false,"recoub_to":null,"file_versions":{"html5":{"video":{"higher":{"url":"https://coub-anubis-a.akamaized.net/coub_storage/coub/simple/cw_file/c56b4bd4b51/9e8da69eddcb843520ee0/muted_mp4_huge_size_1569187824_muted_huge.mp4","size":4300685},"high":{"url":"https://coub-anubis-a.akamaized.net/coub_storage/coub/simple/cw_file/c56b4bd4b51/9e8da69eddcb843520ee0/muted_mp4_big_size_1569187824_muted_big.mp4","size":4359160},"med":{"url":"https://coub-anubis-a.akamaized.net/coub_storage/coub/simple/cw_file/c56b4bd4b51/9e8da69eddcb843520ee0/muted_mp4_med_size_1569187824_muted_med.mp4","size":566535}},"audio":{"high":{"url":"https://coub-anubis-a.akamaized.net/coub_storage/coub/simple/cw_looped_audio_high/1713eb0347e/22f393f547d1d864139ea/1605647098_high_1563723374_high.mp3","size":7019117},"med":{"url":"https://coub-anubis-a.akamaized.net/coub_storage/coub/simple/cw_looped_audio_med/eea3b86f9c5/2ea41a058db6178c0947c/1605647086_med_1563723374_med.mp3","size":5003157}}},"mobile":{"video":"https://coub-anubis-a.akamaized.net/coub_storage/coub/simple/cw_file/c56b4bd4b51/9e8da69eddcb843520ee0/muted_mp4_med_size_1569187824_muted_med.mp4","audio":["https://coub-anubis-a.akamaized.net/coub_storage/coub/simple/cw_looped_audio_med/eea3b86f9c5/2ea41a058db6178c0947c/1605647086_med_1563723374_med.mp3"]},"share":{"default":"https://coub-anubis-a.akamaized.net/coub_storage/coub/simple/cw_video_for_sharing/e7181f3d932/af57386fe6298710d64e9/1616427998_looped_1616427998.mp4"}},"audio_versions":{"template":"https://coub-anubis-a.akamaized.net/coub_storage/audio_track/cw_file/56d9f319876/8f051fc116f6b0ae7f05e/mid_1563723335_10opn8y_edited.mp3","versions":["mid","low"]},"image_versions":{"template":"https://coub-anubis-a.akamaized.net/coub_storage/coub/simple/cw_image/30cf08feb0e/3716942667c08e13934ce/1563723400_00023.jpg","versions":["micro","tiny","age_restricted","ios_large","ios_mosaic","big","med","small","pinterest"]},"first_frame_versions":{"template":"https://coub-anubis-a.akamaized.net/coub_storage/coub/simple/cw_timeline_pic/5cc3ce74f75/89087c30dce7f59fb4e08/%{version}_1563723399_image.jpg","versions":["big","med","small","ios_large"]},"dimensions":{"big":[1280,720],"med":[640,360]},"site_w_h":[640,360],"page_w_h":[640,360],"site_w_h_small":[310,174],"size":[1280,720],"age_restricted":false,"age_restricted_by_admin":false,"not_safe_for_work":false,"allow_reuse":false,"dont_crop":false,"banned":false,"global_safe":true,"audio_file_url":"https://coub-anubis-a.akamaized.net/coub_storage/audio_track/cw_file/56d9f319876/8f051fc116f6b0ae7f05e/low_1563723335_10opn8y_edited.mp3","external_download":false,"application":null,"channel":{"id":4831251,"permalink":"staticmovement","title":"Static Movement","description":"Art Animation \\ Cinemagraphy","followers_count":451,"following_count":20,"avatar_versions":{"template":"https://coub-anubis-a.akamaized.net/coub_storage/channel/cw_avatar/ac1ccbc4a85/d61e5749d09aa7fc3a9c5/%{version}_1607576750_g25tc5_1563567522_121212.jpg","versions":["medium","medium_2x","profile_pic","profile_pic_new","profile_pic_new_2x","tiny","tiny_2x","small","small_2x","ios_large","ios_small"]}},"file":null,"picture":"https://coub-anubis-a.akamaized.net/coub_storage/coub/simple/cw_image/30cf08feb0e/3716942667c08e13934ce/1563723400_00023.jpg","timeline_picture":"https://coub-anubis-a.akamaized.net/coub_storage/coub/simple/cw_timeline_pic/5cc3ce74f75/89087c30dce7f59fb4e08/ios_large_1563723399_image.jpg","small_picture":"https://coub-anubis-a.akamaized.net/coub_storage/coub/simple/cw_image/30cf08feb0e/3716942667c08e13934ce/1563723400_00023.jpg","sharing_picture":null,"percent_done":100,"tags":[{"id":1094,"title":"nature","value":"nature"},{"id":379284,"title":"cinemagraphs","value":"cinemagraphs"},{"id":49603,"title":"cinemagraph","value":"cinemagraph"},{"id":5089965,"title":"staticmovement","value":"staticmovement"},{"id":4545495,"title":"watcher.coub","value":"watcher.coub"},{"id":3686768,"title":"gucci garden","value":"gucci%20garden"},{"id":2822,"title":"gucci","value":"gucci"},{"id":5091099,"title":"matthew dear - her fantasy","value":"matthew%20dear%20-%20her%20fantasy"},{"id":290498,"title":"living photos","value":"living%20photos"},{"id":1149669,"title":"живые обои","value":"%D0%B6%D0%B8%D0%B2%D1%8B%D0%B5%20%D0%BE%D0%B1%D0%BE%D0%B8"}],"categories":[{"id":114,"title":"Live Pictures","permalink":"live-pictures","subscriptions_count":2028289,"big_image_url":"https://coub-anubis-a.akamaized.net/coub_storage/category/cw_image/6a781fee541/43bd1211431771697290d/big_1622039067_Live_pictures.png","small_image_url":"https://coub-anubis-a.akamaized.net/coub_storage/category/cw_image/6a781fee541/43bd1211431771697290d/small_1622039067_Live_pictures.png","med_image_url":"https://coub-anubis-a.akamaized.net/coub_storage/category/cw_image/6a781fee541/43bd1211431771697290d/med_1622039067_Live_pictures.png","visible":true}],"communities":[{"id":114,"title":"Live Pictures","permalink":"live-pictures","subscriptions_count":2028289,"big_image_url":"https://coub-anubis-a.akamaized.net/coub_storage/category/cw_image/6a781fee541/43bd1211431771697290d/big_1622039067_Live_pictures.png","small_image_url":"https://coub-anubis-a.akamaized.net/coub_storage/category/cw_image/6a781fee541/43bd1211431771697290d/small_1622039067_Live_pictures.png","med_image_url":"https://coub-anubis-a.akamaized.net/coub_storage/category/cw_image/6a781fee541/43bd1211431771697290d/med_1622039067_Live_pictures.png","i_subscribed":true,"community_notifications_enabled":null,"description":null}],"recoubs_count":18,"remixes_count":0,"likes_count":57,"dislikes_count":0,"raw_video_id":14003922,"uploaded_by_ios_app":false,"uploaded_by_android_app":false,"media_blocks":{"uploaded_raw_videos":[],"external_raw_videos":[],"remixed_from_coubs":[]},"raw_video_thumbnail_url":"/missing/missing.png","raw_video_title":"Gucci_Garden.mp4","video_block_banned":false,"duration":7.16,"promo_winner":false,"promo_winner_recoubers":null,"editorial_info":{},"promo_hint":null,"beeline_best_2014":null,"from_web_editor":true,"normalize_sound":false,"normalize_change_allowed":true,"best2015_addable":false,"ahmad_promo":null,"promo_data":null,"audio_copyright_claim":null,"ads_disabled":false,"is_safe_for_ads":true,"megafon_contents":[],"position_on_page":5},{"flag":null,"abuses":null,"recoubs_by_users_channels":null,"favourite":false,"promoted_id":null,"recoub":null,"like":null,"dislike":null,"reaction":null,"in_my_best2015":false,"id":96974923,"type":"Coub::Simple","permalink":"1lbvkf","title":"epilogue","visibility_type":"public","original_visibility_type":"public","channel_id":4233048,"created_at":"2019-01-05T21:12:30Z","updated_at":"2021-09-15T16:36:45Z","is_done":true,"views_count":6779,"cotd":null,"cotd_at":null,"visible_on_explore_root":true,"visible_on_explore":true,"featured":true,"published":true,"published_at":"2019-01-05T21:12:30Z","reversed":false,"from_editor_v2":true,"is_editable":true,"original_sound":false,"has_sound":false,"recoub_to":null,"file_versions":{"html5":{"video":{"high":{"url":"https://coub-anubis-a.akamaized.net/coub_storage/coub/simple/cw_file/a12b53a0e66/c74b6e811e54c1a6175e3/muted_mp4_big_size_1546722759_muted_big.mp4","size":567070},"med":{"url":"https://coub-anubis-a.akamaized.net/coub_storage/coub/simple/cw_file/a12b53a0e66/c74b6e811e54c1a6175e3/muted_mp4_med_size_1546722759_muted_med.mp4","size":105646}},"audio":{"high":{"url":"https://coub-anubis-a.akamaized.net/coub_storage/coub/simple/cw_looped_audio_high/1fb81095ac0/ed102171dc467dae87f50/1605665248_high_1546722765_high.mp3","size":997996},"med":{"url":"https://coub-anubis-a.akamaized.net/coub_storage/coub/simple/cw_looped_audio_med/c381fcdbd0d/637a860b72cc61bd2784d/1605665248_med_1546722765_med.mp3","size":752892}}},"mobile":{"video":"https://coub-anubis-a.akamaized.net/coub_storage/coub/simple/cw_file/a12b53a0e66/c74b6e811e54c1a6175e3/muted_mp4_med_size_1546722759_muted_med.mp4","audio":["https://coub-anubis-a.akamaized.net/coub_storage/coub/simple/cw_looped_audio_med/c381fcdbd0d/637a860b72cc61bd2784d/1605665248_med_1546722765_med.mp3"]},"share":{"default":null}},"audio_versions":{"template":"https://coub-anubis-a.akamaized.net/coub_storage/audio_track/cw_normalized_copy/16b92b5ffe5/535c185f16dc5ade855cd/mid_1546761640_normalized_1546722410_audio.mp3","versions":["mid","low"]},"image_versions":{"template":"https://coub-anubis-a.akamaized.net/coub_storage/coub/simple/cw_image/db2f107de33/ede47b02a1d9a993a0708/1546722770_00015.jpg","versions":["micro","tiny","age_restricted","ios_large","ios_mosaic","big","med","small","pinterest"]},"first_frame_versions":{"template":"https://coub-anubis-a.akamaized.net/coub_storage/coub/simple/cw_timeline_pic/daba5b405af/2c2c3392ebf41160cbd72/%{version}_1546722769_image.jpg","versions":["big","med","small","ios_large"]},"dimensions":{"big":[1280,532],"med":[640,266]},"site_w_h":[640,266],"page_w_h":[640,266],"site_w_h_small":[310,129],"size":[1280,532],"age_restricted":false,"age_restricted_by_admin":false,"not_safe_for_work":false,"allow_reuse":false,"dont_crop":false,"banned":false,"global_safe":true,"audio_file_url":"https://coub-anubis-a.akamaized.net/coub_storage/audio_track/cw_normalized_copy/16b92b5ffe5/535c185f16dc5ade855cd/low_1546761640_normalized_1546722410_audio.mp3","external_download":false,"application":null,"channel":{"id":4233048,"permalink":"saulgoodman","title":"The Lawyer ","description":null,"followers_count":254,"following_count":186,"avatar_versions":{"template":"https://coub-anubis-a.akamaized.net/coub_storage/channel/cw_avatar/faa4ae6b794/646426239c6a8e88f6aa9/%{version}_1607426193_1gp51et_1582863867_ddd.png","versions":["medium","medium_2x","profile_pic","profile_pic_new","profile_pic_new_2x","tiny","tiny_2x","small","small_2x","ios_large","ios_small"]}},"file":null,"picture":"https://coub-anubis-a.akamaized.net/coub_storage/coub/simple/cw_image/db2f107de33/ede47b02a1d9a993a0708/1546722770_00015.jpg","timeline_picture":"https://coub-anubis-a.akamaized.net/coub_storage/coub/simple/cw_timeline_pic/daba5b405af/2c2c3392ebf41160cbd72/ios_large_1546722769_image.jpg","small_picture":"https://coub-anubis-a.akamaized.net/coub_storage/coub/simple/cw_image/db2f107de33/ede47b02a1d9a993a0708/1546722770_00015.jpg","sharing_picture":null,"percent_done":100,"tags":[{"id":1215960,"title":"дом который построил джек","value":"%D0%B4%D0%BE%D0%BC%20%D0%BA%D0%BE%D1%82%D0%BE%D1%80%D1%8B%D0%B9%20%D0%BF%D0%BE%D1%81%D1%82%D1%80%D0%BE%D0%B8%D0%BB%20%D0%B4%D0%B6%D0%B5%D0%BA"},{"id":3897651,"title":"the house that jack built","value":"the%20house%20that%20jack%20built"},{"id":73244,"title":"movie moments","value":"movie%20moments"},{"id":379284,"title":"cinemagraphs","value":"cinemagraphs"},{"id":49603,"title":"cinemagraph","value":"cinemagraph"}],"categories":[{"id":114,"title":"Live Pictures","permalink":"live-pictures","subscriptions_count":2028289,"big_image_url":"https://coub-anubis-a.akamaized.net/coub_storage/category/cw_image/6a781fee541/43bd1211431771697290d/big_1622039067_Live_pictures.png","small_image_url":"https://coub-anubis-a.akamaized.net/coub_storage/category/cw_image/6a781fee541/43bd1211431771697290d/small_1622039067_Live_pictures.png","med_image_url":"https://coub-anubis-a.akamaized.net/coub_storage/category/cw_image/6a781fee541/43bd1211431771697290d/med_1622039067_Live_pictures.png","visible":true}],"communities":[{"id":114,"title":"Live Pictures","permalink":"live-pictures","subscriptions_count":2028289,"big_image_url":"https://coub-anubis-a.akamaized.net/coub_storage/category/cw_image/6a781fee541/43bd1211431771697290d/big_1622039067_Live_pictures.png","small_image_url":"https://coub-anubis-a.akamaized.net/coub_storage/category/cw_image/6a781fee541/43bd1211431771697290d/small_1622039067_Live_pictures.png","med_image_url":"https://coub-anubis-a.akamaized.net/coub_storage/category/cw_image/6a781fee541/43bd1211431771697290d/med_1622039067_Live_pictures.png","i_subscribed":true,"community_notifications_enabled":null,"description":null}],"recoubs_count":12,"remixes_count":1,"likes_count":57,"dislikes_count":0,"raw_video_id":12986231,"uploaded_by_ios_app":false,"uploaded_by_android_app":false,"media_blocks":{"uploaded_raw_videos":[],"external_raw_videos":[],"remixed_from_coubs":[]},"raw_video_thumbnail_url":"/missing/missing.png","raw_video_title":"0666666.mp4","video_block_banned":false,"duration":4.72,"promo_winner":false,"promo_winner_recoubers":null,"editorial_info":{},"promo_hint":null,"beeline_best_2014":null,"from_web_editor":true,"normalize_sound":true,"normalize_change_allowed":true,"best2015_addable":false,"ahmad_promo":null,"promo_data":null,"audio_copyright_claim":null,"ads_disabled":false,"is_safe_for_ads":true,"megafon_contents":[],"position_on_page":6},{"flag":null,"abuses":null,"recoubs_by_users_channels":null,"favourite":false,"promoted_id":null,"recoub":null,"like":null,"dislike":null,"reaction":null,"in_my_best2015":false,"id":75961989,"type":"Coub::Simple","permalink":"18ta1h","title":"'Vintage Vinyl'","visibility_type":"public","original_visibility_type":"public","channel_id":3967412,"created_at":"2018-06-01T09:16:36Z","updated_at":"2022-01-16T22:24:24Z","is_done":true,"views_count":8097,"cotd":null,"cotd_at":null,"visible_on_explore_root":false,"visible_on_explore":false,"featured":false,"published":true,"published_at":"2018-06-01T09:16:36Z","reversed":false,"from_editor_v2":true,"is_editable":true,"original_sound":false,"has_sound":false,"recoub_to":null,"file_versions":{"html5":{"video":{"higher":{"url":"https://coub-anubis-a.akamaized.net/coub_storage/coub/simple/cw_file/44f2d846d7e/ca942143ab1d4bd1ef33a/muted_mp4_huge_size_1642371859_muted_huge.mp4","size":361594},"high":{"url":"https://coub-anubis-a.akamaized.net/coub_storage/coub/simple/cw_file/44f2d846d7e/ca942143ab1d4bd1ef33a/muted_mp4_big_size_1642371859_muted_big.mp4","size":182391},"med":{"url":"https://coub-anubis-a.akamaized.net/coub_storage/coub/simple/cw_file/44f2d846d7e/ca942143ab1d4bd1ef33a/muted_mp4_med_size_1642371859_muted_med.mp4","size":42839}},"audio":{"high":{"url":"https://coub-anubis-a.akamaized.net/coub_storage/coub/simple/cw_looped_audio_high/b8561993706/0577907fd58555281d6dd/1607320722_high_1527844604_high.mp3","size":1156142},"med":{"url":"https://coub-anubis-a.akamaized.net/coub_storage/coub/simple/cw_looped_audio_med/352c442eb7d/556f561becda437cb8be0/1607320722_med_1527844604_med.mp3","size":901137}}},"mobile":{"video":"https://coub-anubis-a.akamaized.net/coub_storage/coub/simple/cw_file/44f2d846d7e/ca942143ab1d4bd1ef33a/muted_mp4_med_size_1642371859_muted_med.mp4","audio":["https://coub-anubis-a.akamaized.net/coub_storage/coub/simple/cw_looped_audio_med/352c442eb7d/556f561becda437cb8be0/1607320722_med_1527844604_med.mp3"]},"share":{"default":"https://coub-anubis-a.akamaized.net/coub_storage/coub/simple/cw_video_for_sharing/1f0f3591863/fc8230983272bdd01fe93/1642371863_looped_1642371863.mp4"}},"audio_versions":{"template":"https://coub-anubis-a.akamaized.net/coub_storage/audio_track/cw_normalized_copy/4e9af7477f2/a65f2d30d1037c5802989/mid_1527844601_1cvk9mu_normalized_1527844599_ayf50a_edited.mp3","versions":["mid","low"]},"image_versions":{"template":"https://coub-anubis-a.akamaized.net/coub_storage/coub/simple/cw_image/c08e12f3106/f6f3dee58ddcc69c9224b/1527844608_00005.jpg","versions":["micro","tiny","age_restricted","ios_large","ios_mosaic","big","med","small","pinterest"]},"first_frame_versions":{"template":"https://coub-anubis-a.akamaized.net/coub_storage/coub/simple/cw_timeline_pic/32e87032e4f/89b366c9909ae9bbab736/%{version}_1527844608_image.jpg","versions":["big","med","small","ios_large"]},"dimensions":{"big":[1280,542],"med":[640,270]},"site_w_h":[640,271],"page_w_h":[640,271],"site_w_h_small":[310,131],"size":[1280,542],"age_restricted":false,"age_restricted_by_admin":false,"not_safe_for_work":false,"allow_reuse":false,"dont_crop":false,"banned":false,"global_safe":true,"audio_file_url":"https://coub-anubis-a.akamaized.net/coub_storage/audio_track/cw_normalized_copy/4e9af7477f2/a65f2d30d1037c5802989/low_1527844601_1cvk9mu_normalized_1527844599_ayf50a_edited.mp3","external_download":false,"application":null,"channel":{"id":3967412,"permalink":"waxtown0","title":"WaxTown","description":"hi i am waxtown my vidioblog  ᴡᴡᴡⴰwaxtown.okobt.ru","followers_count":7501,"following_count":2165,"avatar_versions":{"template":"https://coub-anubis-a.akamaized.net/coub_storage/channel/cw_avatar/45c170ba165/331dd4d5a030f36af5f5a/%{version}_1607432472_c0rs7z_1513254562_Logo.png","versions":["medium","medium_2x","profile_pic","profile_pic_new","profile_pic_new_2x","tiny","tiny_2x","small","small_2x","ios_large","ios_small"]}},"file":null,"picture":"https://coub-anubis-a.akamaized.net/coub_storage/coub/simple/cw_image/c08e12f3106/f6f3dee58ddcc69c9224b/1527844608_00005.jpg","timeline_picture":"https://coub-anubis-a.akamaized.net/coub_storage/coub/simple/cw_timeline_pic/32e87032e4f/89b366c9909ae9bbab736/ios_large_1527844608_image.jpg","small_picture":"https://coub-anubis-a.akamaized.net/coub_storage/coub/simple/cw_image/c08e12f3106/f6f3dee58ddcc69c9224b/1527844608_00005.jpg","sharing_picture":null,"percent_done":100,"tags":[{"id":49603,"title":"cinemagraph","value":"cinemagraph"},{"id":40420,"title":"vinyl","value":"vinyl"},{"id":14236,"title":"records","value":"records"}],"categories":[{"id":114,"title":"Live Pictures","permalink":"live-pictures","subscriptions_count":2028289,"big_image_url":"https://coub-anubis-a.akamaized.net/coub_storage/category/cw_image/6a781fee541/43bd1211431771697290d/big_1622039067_Live_pictures.png","small_image_url":"https://coub-anubis-a.akamaized.net/coub_storage/category/cw_image/6a781fee541/43bd1211431771697290d/small_1622039067_Live_pictures.png","med_image_url":"https://coub-anubis-a.akamaized.net/coub_storage/category/cw_image/6a781fee541/43bd1211431771697290d/med_1622039067_Live_pictures.png","visible":true}],"communities":[{"id":114,"title":"Live Pictures","permalink":"live-pictures","subscriptions_count":2028289,"big_image_url":"https://coub-anubis-a.akamaized.net/coub_storage/category/cw_image/6a781fee541/43bd1211431771697290d/big_1622039067_Live_pictures.png","small_image_url":"https://coub-anubis-a.akamaized.net/coub_storage/category/cw_image/6a781fee541/43bd1211431771697290d/small_1622039067_Live_pictures.png","med_image_url":"https://coub-anubis-a.akamaized.net/coub_storage/category/cw_image/6a781fee541/43bd1211431771697290d/med_1622039067_Live_pictures.png","i_subscribed":true,"community_notifications_enabled":null,"description":null}],"recoubs_count":8,"remixes_count":4,"likes_count":57,"dislikes_count":0,"raw_video_id":11806991,"uploaded_by_ios_app":false,"uploaded_by_android_app":false,"media_blocks":{"uploaded_raw_videos":[],"external_raw_videos":[],"remixed_from_coubs":[]},"raw_video_thumbnail_url":"/missing/missing.png","raw_video_title":"old_record_player_WM.gif","video_block_banned":false,"duration":1.4,"promo_winner":false,"promo_winner_recoubers":null,"editorial_info":{},"promo_hint":null,"beeline_best_2014":null,"from_web_editor":true,"normalize_sound":true,"normalize_change_allowed":true,"best2015_addable":false,"ahmad_promo":null,"promo_data":null,"audio_copyright_claim":null,"ads_disabled":false,"is_safe_for_ads":true,"megafon_contents":[],"position_on_page":7},{"flag":null,"abuses":null,"recoubs_by_users_channels":null,"favourite":false,"promoted_id":null,"recoub":null,"like":null,"dislike":null,"reaction":null,"in_my_best2015":false,"id":71655444,"type":"Coub::Simple","permalink":"168iut","title":"Jesse Chill","visibility_type":"public","original_visibility_type":"public","channel_id":2227934,"created_at":"2018-04-11T01:07:12Z","updated_at":"2022-02-20T13:34:45Z","is_done":true,"views_count":2015,"cotd":null,"cotd_at":null,"visible_on_explore_root":false,"visible_on_explore":false,"featured":false,"published":true,"published_at":"2018-12-15T15:54:02Z","reversed":false,"from_editor_v2":true,"is_editable":true,"original_sound":false,"has_sound":false,"recoub_to":null,"file_versions":{"html5":{"video":{"high":{"url":"https://coub-anubis-a.akamaized.net/coub_storage/coub/simple/cw_file/064988361d2/bdb4af2660e46a4b3fec5/muted_mp4_big_size_1523408835_muted_big.mp4","size":285007},"med":{"url":"https://coub-anubis-a.akamaized.net/coub_storage/coub/simple/cw_file/064988361d2/bdb4af2660e46a4b3fec5/muted_mp4_med_size_1523408835_muted_med.mp4","size":69497}},"audio":{"high":{"url":"https://coub-anubis-a.akamaized.net/coub_storage/coub/simple/cw_looped_audio_high/cedb6ffe81e/3e95c6a0c9056f4694568/1605645742_high_1523408847_high.mp3","size":1716207},"med":{"url":"https://coub-anubis-a.akamaized.net/coub_storage/coub/simple/cw_looped_audio_med/3e328384008/09653efb8395a6af4e825/1605645742_med_1523408847_med.mp3","size":1149356}}},"mobile":{"video":"https://coub-anubis-a.akamaized.net/coub_storage/coub/simple/cw_file/064988361d2/bdb4af2660e46a4b3fec5/muted_mp4_med_size_1523408835_muted_med.mp4","audio":["https://coub-anubis-a.akamaized.net/coub_storage/coub/simple/cw_looped_audio_med/3e328384008/09653efb8395a6af4e825/1605645742_med_1523408847_med.mp3"]},"share":{"default":null}},"audio_versions":{"template":"https://coub-anubis-a.akamaized.net/coub_storage/audio_track/cw_file/4cd831eb270/c5aec80eca75fac53d944/mid_1523408837_g9fwco_edited.mp3","versions":["mid","low"]},"image_versions":{"template":"https://coub-anubis-a.akamaized.net/coub_storage/coub/simple/cw_image/ef0fbd8e29c/0310045bd1381ecdfe8b2/1523408853_00010.jpg","versions":["micro","tiny","age_restricted","ios_large","ios_mosaic","big","med","small","pinterest"]},"first_frame_versions":{"template":"https://coub-anubis-a.akamaized.net/coub_storage/coub/simple/cw_timeline_pic/b10e148990f/f488fd7a76c0585266634/%{version}_1523408853_image.jpg","versions":["big","med","small","ios_large"]},"dimensions":{"big":[1280,720],"med":[640,360]},"site_w_h":[640,360],"page_w_h":[640,360],"site_w_h_small":[310,174],"size":[1280,720],"age_restricted":false,"age_restricted_by_admin":false,"not_safe_for_work":null,"allow_reuse":false,"dont_crop":false,"banned":false,"global_safe":null,"audio_file_url":"https://coub-anubis-a.akamaized.net/coub_storage/audio_track/cw_file/4cd831eb270/c5aec80eca75fac53d944/low_1523408837_g9fwco_edited.mp3","external_download":{"type":"Gfycat","service_name":"Gfycat","url":"http://gfycat.com/DelayedWhichGazelle","has_embed":true},"application":null,"channel":{"id":2227934,"permalink":"cinemagraphs","title":"Cinemagraphs 🍒","description":"Pictures of the future 📸 #Cinemagraphs","followers_count":51485,"following_count":25,"avatar_versions":{"template":"https://coub-anubis-a.akamaized.net/coub_storage/channel/cw_avatar/b167cf416ae/e7e9bad8a41580de67e5e/%{version}_1607423119_5o3vhm_1474588843_fonstola.ru-57386.jpg","versions":["medium","medium_2x","profile_pic","profile_pic_new","profile_pic_new_2x","tiny","tiny_2x","small","small_2x","ios_large","ios_small"]}},"file":null,"picture":"https://coub-anubis-a.akamaized.net/coub_storage/coub/simple/cw_image/ef0fbd8e29c/0310045bd1381ecdfe8b2/1523408853_00010.jpg","timeline_picture":"https://coub-anubis-a.akamaized.net/coub_storage/coub/simple/cw_timeline_pic/b10e148990f/f488fd7a76c0585266634/ios_large_1523408853_image.jpg","small_picture":"https://coub-anubis-a.akamaized.net/coub_storage/coub/simple/cw_image/ef0fbd8e29c/0310045bd1381ecdfe8b2/1523408853_00010.jpg","sharing_picture":null,"percent_done":100,"tags":[{"id":1342,"title":"timelapse","value":"timelapse"},{"id":229,"title":"cinema","value":"cinema"},{"id":49603,"title":"cinemagraph","value":"cinemagraph"},{"id":379284,"title":"cinemagraphs","value":"cinemagraphs"},{"id":1804,"title":"trip","value":"trip"},{"id":4063,"title":"hop","value":"hop"},{"id":1133540,"title":"eleprimer","value":"eleprimer"}],"categories":[{"id":114,"title":"Live Pictures","permalink":"live-pictures","subscriptions_count":2028289,"big_image_url":"https://coub-anubis-a.akamaized.net/coub_storage/category/cw_image/6a781fee541/43bd1211431771697290d/big_1622039067_Live_pictures.png","small_image_url":"https://coub-anubis-a.akamaized.net/coub_storage/category/cw_image/6a781fee541/43bd1211431771697290d/small_1622039067_Live_pictures.png","med_image_url":"https://coub-anubis-a.akamaized.net/coub_storage/category/cw_image/6a781fee541/43bd1211431771697290d/med_1622039067_Live_pictures.png","visible":true}],"communities":[{"id":114,"title":"Live Pictures","permalink":"live-pictures","subscriptions_count":2028289,"big_image_url":"https://coub-anubis-a.akamaized.net/coub_storage/category/cw_image/6a781fee541/43bd1211431771697290d/big_1622039067_Live_pictures.png","small_image_url":"https://coub-anubis-a.akamaized.net/coub_storage/category/cw_image/6a781fee541/43bd1211431771697290d/small_1622039067_Live_pictures.png","med_image_url":"https://coub-anubis-a.akamaized.net/coub_storage/category/cw_image/6a781fee541/43bd1211431771697290d/med_1622039067_Live_pictures.png","i_subscribed":true,"community_notifications_enabled":null,"description":null}],"recoubs_count":12,"remixes_count":0,"likes_count":57,"dislikes_count":0,"raw_video_id":11498851,"uploaded_by_ios_app":false,"uploaded_by_android_app":false,"media_blocks":{"uploaded_raw_videos":[],"external_raw_videos":[{"id":25825666,"title":"Delayed Which Gazelle","url":"https://gfycat.com/DelayedWhichGazelle","image":"https://coub-anubis-a.akamaized.net/coub_storage/media_block/cw_image/827579a3ace/bd4402e59ffc6a7e138c6/1523407330_1523407325_1o3kbm9_att-url-download.jpg","image_retina":"https://coub-anubis-a.akamaized.net/coub_storage/media_block/cw_image/827579a3ace/bd4402e59ffc6a7e138c6/1523407330_1523407325_1o3kbm9_att-url-download.jpg","meta":{"service":"Gfycat","duration":"3.0"},"duration":3.0,"raw_video_id":11498851,"has_embed":true}],"remixed_from_coubs":[],"external_video":{"id":25825666,"title":"Delayed Which Gazelle","url":"https://gfycat.com/DelayedWhichGazelle","image":"https://coub-anubis-a.akamaized.net/coub_storage/media_block/cw_image/827579a3ace/bd4402e59ffc6a7e138c6/1523407330_1523407325_1o3kbm9_att-url-download.jpg","image_retina":"https://coub-anubis-a.akamaized.net/coub_storage/media_block/cw_image/827579a3ace/bd4402e59ffc6a7e138c6/1523407330_1523407325_1o3kbm9_att-url-download.jpg","meta":{"service":"Gfycat","duration":"3.0"},"duration":3.0,"raw_video_id":11498851,"has_embed":true}},"raw_video_thumbnail_url":"/missing/missing.png","raw_video_title":"Delayed Which Gazelle","video_block_banned":false,"duration":3.0,"promo_winner":false,"promo_winner_recoubers":null,"editorial_info":{},"promo_hint":null,"beeline_best_2014":null,"from_web_editor":true,"normalize_sound":false,"normalize_change_allowed":true,"best2015_addable":false,"ahmad_promo":null,"promo_data":null,"audio_copyright_claim":null,"ads_disabled":null,"is_safe_for_ads":true,"megafon_contents":[],"position_on_page":8},{"flag":null,"abuses":null,"recoubs_by_users_channels":null,"favourite":false,"promoted_id":null,"recoub":null,"like":null,"dislike":null,"reaction":null,"in_my_best2015":false,"id":62556554,"type":"Coub::Simple","permalink":"10snys","title":"Portrait","visibility_type":"public","original_visibility_type":"public","channel_id":3967412,"created_at":"2017-12-18T13:19:33Z","updated_at":"2021-09-10T16:04:48Z","is_done":true,"views_count":12161,"cotd":null,"cotd_at":null,"visible_on_explore_root":true,"visible_on_explore":true,"featured":true,"published":true,"published_at":"2017-12-18T13:19:33Z","reversed":false,"from_editor_v2":true,"is_editable":true,"original_sound":false,"has_sound":false,"recoub_to":null,"file_versions":{"html5":{"video":{"higher":{"url":"https://coub-anubis-a.akamaized.net/coub_storage/coub/simple/cw_file/a832afbde63/38ca7ab68e18680cd4fd4/muted_mp4_huge_size_1585083916_muted_huge.mp4","size":208365},"high":{"url":"https://coub-anubis-a.akamaized.net/coub_storage/coub/simple/cw_file/a832afbde63/38ca7ab68e18680cd4fd4/muted_mp4_big_size_1585083916_muted_big.mp4","size":211130},"med":{"url":"https://coub-anubis-a.akamaized.net/coub_storage/coub/simple/cw_file/a832afbde63/38ca7ab68e18680cd4fd4/muted_mp4_med_size_1585083916_muted_med.mp4","size":38966}},"audio":{"high":{"url":"https://coub-anubis-a.akamaized.net/coub_storage/coub/simple/cw_looped_audio_high/f656c56dd74/b4481e5647911dc18e3e4/1605621780_high_1513603210_high.mp3","size":6829988},"med":{"url":"https://coub-anubis-a.akamaized.net/coub_storage/coub/simple/cw_looped_audio_med/1d735bdc8c0/dfa62930b7cefe31c867e/1605621779_med_1513603210_med.mp3","size":5143437}}},"mobile":{"video":"https://coub-anubis-a.akamaized.net/coub_storage/coub/simple/cw_file/a832afbde63/38ca7ab68e18680cd4fd4/muted_mp4_med_size_1585083916_muted_med.mp4","audio":["https://coub-anubis-a.akamaized.net/coub_storage/coub/simple/cw_looped_audio_med/1d735bdc8c0/dfa62930b7cefe31c867e/1605621779_med_1513603210_med.mp3"]},"share":{"default":null}},"audio_versions":{"template":"https://coub-anubis-a.akamaized.net/coub_storage/audio_track/cw_normalized_copy/9e1b22e49cf/b9f5d16af0d988dbe14d9/mid_1513603183_zrnwux_normalized_1513603060_audio.mp3","versions":["mid","low"]},"image_versions":{"template":"https://coub-anubis-a.akamaized.net/coub_storage/coub/simple/cw_image/087784c90d4/d9f29676da49d84304914/1513603232_00003.jpg","versions":["micro","tiny","age_restricted","ios_large","ios_mosaic","big","med","small","pinterest"]},"first_frame_versions":{"template":"https://coub-anubis-a.akamaized.net/coub_storage/coub/simple/cw_timeline_pic/d1545fdee48/c06672c06c2ff3dc87ee4/%{version}_1513603232_image.jpg","versions":["big","med","small","ios_large"]},"dimensions":{"big":[1280,690],"med":[640,344]},"site_w_h":[640,345],"page_w_h":[640,345],"site_w_h_small":[310,167],"size":[1280,690],"age_restricted":false,"age_restricted_by_admin":false,"not_safe_for_work":false,"allow_reuse":false,"dont_crop":false,"banned":false,"global_safe":true,"audio_file_url":"https://coub-anubis-a.akamaized.net/coub_storage/audio_track/cw_normalized_copy/9e1b22e49cf/b9f5d16af0d988dbe14d9/low_1513603183_zrnwux_normalized_1513603060_audio.mp3","external_download":false,"application":null,"channel":{"id":3967412,"permalink":"waxtown0","title":"WaxTown","description":"hi i am waxtown my vidioblog  ᴡᴡᴡⴰwaxtown.okobt.ru","followers_count":7501,"following_count":2165,"avatar_versions":{"template":"https://coub-anubis-a.akamaized.net/coub_storage/channel/cw_avatar/45c170ba165/331dd4d5a030f36af5f5a/%{version}_1607432472_c0rs7z_1513254562_Logo.png","versions":["medium","medium_2x","profile_pic","profile_pic_new","profile_pic_new_2x","tiny","tiny_2x","small","small_2x","ios_large","ios_small"]}},"file":null,"picture":"https://coub-anubis-a.akamaized.net/coub_storage/coub/simple/cw_image/087784c90d4/d9f29676da49d84304914/1513603232_00003.jpg","timeline_picture":"https://coub-anubis-a.akamaized.net/coub_storage/coub/simple/cw_timeline_pic/d1545fdee48/c06672c06c2ff3dc87ee4/ios_large_1513603232_image.jpg","small_picture":"https://coub-anubis-a.akamaized.net/coub_storage/coub/simple/cw_image/087784c90d4/d9f29676da49d84304914/1513603232_00003.jpg","sharing_picture":null,"percent_done":100,"tags":[{"id":2843,"title":"the fall","value":"the%20fall"},{"id":2409,"title":"movies","value":"movies"},{"id":1558,"title":"film","value":"film"},{"id":229,"title":"cinema","value":"cinema"},{"id":379284,"title":"cinemagraphs","value":"cinemagraphs"},{"id":8624,"title":"underworld","value":"underworld"}],"categories":[{"id":114,"title":"Live Pictures","permalink":"live-pictures","subscriptions_count":2028289,"big_image_url":"https://coub-anubis-a.akamaized.net/coub_storage/category/cw_image/6a781fee541/43bd1211431771697290d/big_1622039067_Live_pictures.png","small_image_url":"https://coub-anubis-a.akamaized.net/coub_storage/category/cw_image/6a781fee541/43bd1211431771697290d/small_1622039067_Live_pictures.png","med_image_url":"https://coub-anubis-a.akamaized.net/coub_storage/category/cw_image/6a781fee541/43bd1211431771697290d/med_1622039067_Live_pictures.png","visible":true}],"communities":[{"id":114,"title":"Live Pictures","permalink":"live-pictures","subscriptions_count":2028289,"big_image_url":"https://coub-anubis-a.akamaized.net/coub_storage/category/cw_image/6a781fee541/43bd1211431771697290d/big_1622039067_Live_pictures.png","small_image_url":"https://coub-anubis-a.akamaized.net/coub_storage/category/cw_image/6a781fee541/43bd1211431771697290d/small_1622039067_Live_pictures.png","med_image_url":"https://coub-anubis-a.akamaized.net/coub_storage/category/cw_image/6a781fee541/43bd1211431771697290d/med_1622039067_Live_pictures.png","i_subscribed":true,"community_notifications_enabled":null,"description":null}],"recoubs_count":19,"remixes_count":0,"likes_count":57,"dislikes_count":0,"raw_video_id":10769263,"uploaded_by_ios_app":false,"uploaded_by_android_app":false,"media_blocks":{"uploaded_raw_videos":[],"external_raw_videos":[],"remixed_from_coubs":[]},"raw_video_thumbnail_url":"/missing/missing.png","raw_video_title":"TheFallwindowwaterIG.gif","video_block_banned":false,"duration":0.8,"promo_winner":false,"promo_winner_recoubers":null,"editorial_info":{},"promo_hint":null,"beeline_best_2014":null,"from_web_editor":true,"normalize_sound":true,"normalize_change_allowed":true,"best2015_addable":false,"ahmad_promo":null,"promo_data":null,"audio_copyright_claim":null,"ads_disabled":false,"is_safe_for_ads":true,"megafon_contents":[],"position_on_page":9},{"flag":null,"abuses":null,"recoubs_by_users_channels":null,"favourite":false,"promoted_id":null,"recoub":null,"like":null,"dislike":null,"reaction":null,"in_my_best2015":false,"id":40704116,"type":"Coub::Simple","permalink":"nsaco","title":"Absolute Loyalty Vibes","visibility_type":"public","original_visibility_type":"public","channel_id":2795909,"created_at":"2017-01-11T23:38:19Z","updated_at":"2022-02-04T00:08:23Z","is_done":true,"views_count":6496,"cotd":null,"cotd_at":null,"visible_on_explore_root":false,"visible_on_explore":false,"featured":false,"published":true,"published_at":"2017-01-11T23:38:19Z","reversed":false,"from_editor_v2":true,"is_editable":true,"original_sound":false,"has_sound":false,"recoub_to":null,"file_versions":{"html5":{"video":{"higher":{"url":"https://coub-anubis-a.akamaized.net/coub_storage/coub/simple/cw_file/84fe4224930/e51141ba19bf761779f98/muted_mp4_huge_size_1642331494_muted_huge.mp4","size":76777},"high":{"url":"https://coub-anubis-a.akamaized.net/coub_storage/coub/simple/cw_file/84fe4224930/e51141ba19bf761779f98/muted_mp4_big_size_1642331494_muted_big.mp4","size":51565},"med":{"url":"https://coub-anubis-a.akamaized.net/coub_storage/coub/simple/cw_file/84fe4224930/e51141ba19bf761779f98/muted_mp4_med_size_1642331494_muted_med.mp4","size":20288}},"audio":{"high":{"url":"https://coub-anubis-a.akamaized.net/coub_storage/coub/simple/cw_looped_audio_high/3468398a1d3/6e287ab18c63a0ecc238b/1605572549_high_1484177921_high.mp3","size":2754311},"med":{"url":"https://coub-anubis-a.akamaized.net/coub_storage/coub/simple/cw_looped_audio_med/37a14d38471/41f057763d0b39e0b6c46/1605572548_med_1484177921_med.mp3","size":2243130}}},"mobile":{"video":"https://coub-anubis-a.akamaized.net/coub_storage/coub/simple/cw_file/84fe4224930/e51141ba19bf761779f98/muted_mp4_med_size_1642331494_muted_med.mp4","audio":["https://coub-anubis-a.akamaized.net/coub_storage/coub/simple/cw_looped_audio_med/37a14d38471/41f057763d0b39e0b6c46/1605572548_med_1484177921_med.mp3"]},"share":{"default":"https://coub-anubis-a.akamaized.net/coub_storage/coub/simple/cw_video_for_sharing/269eb99c56f/4793766d4cd362340233b/1642331500_looped_1642331499.mp4"}},"audio_versions":{"template":"https://coub-anubis-a.akamaized.net/coub_storage/audio_track/cw_normalized_copy/6279aa0aa43/56b819d6afe4188788f27/mid_1484177913_olyfy7_normalized_1484177903_tsx0hf_edited.mp3","versions":["mid","low"]},"image_versions":{"template":"https://coub-anubis-a.akamaized.net/coub_storage/coub/simple/cw_image/2bf82b0a7a1/ef14d82993c4113b42c2b/1484177927_00007.jpg","versions":["micro","tiny","age_restricted","ios_large","ios_mosaic","big","med","small","pinterest"]},"first_frame_versions":{"template":"https://coub-anubis-a.akamaized.net/coub_storage/coub/simple/cw_timeline_pic/2bf82b0a7a1/ef14d82993c4113b42c2b/1484177927_image.jpg","versions":["big","med","small","ios_large"]},"dimensions":{"big":[616,960],"med":[308,480]},"site_w_h":[257,400],"page_w_h":[400,623],"site_w_h_small":[310,483],"size":[616,960],"age_restricted":false,"age_restricted_by_admin":false,"not_safe_for_work":null,"allow_reuse":false,"dont_crop":false,"banned":false,"global_safe":true,"audio_file_url":"https://coub-anubis-a.akamaized.net/coub_storage/audio_track/cw_normalized_copy/6279aa0aa43/56b819d6afe4188788f27/low_1484177913_olyfy7_normalized_1484177903_tsx0hf_edited.mp3","external_download":false,"application":null,"channel":{"id":2795909,"permalink":"pixelatedvibes","title":"PixelatedVibes","description":"Pixels with vibes😳👌","followers_count":10421,"following_count":3,"avatar_versions":{"template":"https://coub-anubis-a.akamaized.net/coub_storage/channel/cw_avatar/fc25bb9b7cd/2881a8585131c5d8cea1c/%{version}_1607432497_1gjypx8_1472841401_cropped.jpeg","versions":["medium","medium_2x","profile_pic","profile_pic_new","profile_pic_new_2x","tiny","tiny_2x","small","small_2x","ios_large","ios_small"]}},"file":null,"picture":"https://coub-anubis-a.akamaized.net/coub_storage/coub/simple/cw_image/2bf82b0a7a1/ef14d82993c4113b42c2b/1484177927_00007.jpg","timeline_picture":"https://coub-anubis-a.akamaized.net/coub_storage/coub/simple/cw_timeline_pic/2bf82b0a7a1/ef14d82993c4113b42c2b/1484177927_image.jpg","small_picture":"https://coub-anubis-a.akamaized.net/coub_storage/coub/simple/cw_image/2bf82b0a7a1/ef14d82993c4113b42c2b/1484177927_00007.jpg","sharing_picture":null,"percent_done":100,"tags":[],"categories":[{"id":114,"title":"Live Pictures","permalink":"live-pictures","subscriptions_count":2028289,"big_image_url":"https://coub-anubis-a.akamaized.net/coub_storage/category/cw_image/6a781fee541/43bd1211431771697290d/big_1622039067_Live_pictures.png","small_image_url":"https://coub-anubis-a.akamaized.net/coub_storage/category/cw_image/6a781fee541/43bd1211431771697290d/small_1622039067_Live_pictures.png","med_image_url":"https://coub-anubis-a.akamaized.net/coub_storage/category/cw_image/6a781fee541/43bd1211431771697290d/med_1622039067_Live_pictures.png","visible":true}],"communities":[{"id":114,"title":"Live Pictures","permalink":"live-pictures","subscriptions_count":2028289,"big_image_url":"https://coub-anubis-a.akamaized.net/coub_storage/category/cw_image/6a781fee541/43bd1211431771697290d/big_1622039067_Live_pictures.png","small_image_url":"https://coub-anubis-a.akamaized.net/coub_storage/category/cw_image/6a781fee541/43bd1211431771697290d/small_1622039067_Live_pictures.png","med_image_url":"https://coub-anubis-a.akamaized.net/coub_storage/category/cw_image/6a781fee541/43bd1211431771697290d/med_1622039067_Live_pictures.png","i_subscribed":true,"community_notifications_enabled":null,"description":null}],"recoubs_count":15,"remixes_count":2,"likes_count":57,"dislikes_count":0,"raw_video_id":8043836,"uploaded_by_ios_app":false,"uploaded_by_android_app":false,"media_blocks":{"uploaded_raw_videos":[],"external_raw_videos":[],"remixed_from_coubs":[]},"raw_video_thumbnail_url":"/missing/missing.png","raw_video_title":"tumblr_ojhympP2xC1vfw22ho1_500.gif","video_block_banned":false,"duration":2.04,"promo_winner":false,"promo_winner_recoubers":null,"editorial_info":{},"promo_hint":null,"beeline_best_2014":null,"from_web_editor":true,"normalize_sound":true,"normalize_change_allowed":true,"best2015_addable":false,"ahmad_promo":null,"promo_data":null,"audio_copyright_claim":null,"ads_disabled":null,"is_safe_for_ads":true,"megafon_contents":[],"position_on_page":10}]}