{"page":420,"per_page":10,"total_pages":500,"coubs":[{"flag":null,"abuses":null,"recoubs_by_users_channels":null,"favourite":false,"promoted_id":null,"recoub":null,"like":null,"dislike":null,"reaction":null,"in_my_best2015":false,"id":180412794,"type":"Coub::Simple","permalink":"2z2ebt","title":"space lights","visibility_type":"public","original_visibility_type":"public","channel_id":2270479,"created_at":"2021-12-22T09:40:49Z","updated_at":"2022-02-04T15:06:03Z","is_done":true,"views_count":11578,"cotd":null,"cotd_at":null,"visible_on_explore_root":false,"visible_on_explore":false,"featured":false,"published":true,"published_at":"2021-12-22T09:40:49Z","reversed":false,"from_editor_v2":true,"is_editable":true,"original_sound":false,"has_sound":false,"recoub_to":null,"file_versions":{"html5":{"video":{"higher":{"url":"https://coub-anubis-a.akamaized.net/coub_storage/coub/simple/cw_file/fdf1e6ca81c/45a5dbf4b7c8f290796aa/muted_mp4_huge_size_1640166051_muted_huge.mp4","size":290782},"high":{"url":"https://coub-anubis-a.akamaized.net/coub_storage/coub/simple/cw_file/fdf1e6ca81c/45a5dbf4b7c8f290796aa/muted_mp4_big_size_1640166051_muted_big.mp4","size":172935},"med":{"url":"https://coub-anubis-a.akamaized.net/coub_storage/coub/simple/cw_file/fdf1e6ca81c/45a5dbf4b7c8f290796aa/muted_mp4_med_size_1640166051_muted_med.mp4","size":51246}},"audio":{"high":{"url":"https://coub-anubis-a.akamaized.net/coub_storage/coub/simple/cw_looped_audio_high/a726f629abb/9a5ac0fd185453e24ee1f/1640166085_mp3-high.mp3","size":3924449},"med":{"url":"https://coub-anubis-a.akamaized.net/coub_storage/coub/simple/cw_looped_audio_med/f81f8c2e7d4/a7e305cf84596e567ddaf/1640166082_mp3-med.mp3","size":2639714}}},"mobile":{"video":"https://coub-anubis-a.akamaized.net/coub_storage/coub/simple/cw_file/fdf1e6ca81c/45a5dbf4b7c8f290796aa/muted_mp4_med_size_1640166051_muted_med.mp4","audio":["https://coub-anubis-a.akamaized.net/coub_storage/coub/simple/cw_looped_audio_med/f81f8c2e7d4/a7e305cf84596e567ddaf/1640166082_mp3-med.mp3"]},"share":{"default":"https://coub-anubis-a.akamaized.net/coub_storage/coub/simple/cw_video_for_sharing/335823398bf/0b91e258ef02c889ad56b/1640166096_looped_1640166096.mp4"}},"audio_versions":{"template":"https://coub-anubis-a.akamaized.net/coub_storage/audio_track/cw_normalized_copy/696c424f51c/e29273e398237d1f0f903/mid_1640166071_normalized_1640166055_583of_edited.mp3","versions":["mid","low"]},"image_versions":{"template":"https://coub-anubis-a.akamaized.net/coub_storage/coub/simple/cw_image/81c6f8ef512/4616677f498e01de08936/%{version}_1640166086_00004.jpg","versions":["micro","tiny","age_restricted","ios_large","ios_mosaic","big","med","small","pinterest"]},"first_frame_versions":{"template":"https://coub-anubis-a.akamaized.net/coub_storage/coub/simple/cw_timeline_pic/180697df542/0c109f326a7c6199b5167/%{version}_1640166086_image.jpg","versions":["big","med","small","ios_large"]},"dimensions":{"big":[732,960],"med":[366,480]},"site_w_h":[305,400],"page_w_h":[400,525],"site_w_h_small":[310,407],"size":[732,960],"age_restricted":false,"age_restricted_by_admin":false,"not_safe_for_work":null,"allow_reuse":false,"dont_crop":true,"banned":false,"global_safe":null,"audio_file_url":"https://coub-anubis-a.akamaized.net/coub_storage/audio_track/cw_normalized_copy/696c424f51c/e29273e398237d1f0f903/low_1640166071_normalized_1640166055_583of_edited.mp3","external_download":false,"application":null,"channel":{"id":2270479,"permalink":"riko2918","title":"Riko","description":null,"followers_count":344,"following_count":9,"avatar_versions":{"template":"https://coub-anubis-a.akamaized.net/coub_storage/channel/cw_avatar/794377a796f/16f25aea27573f534b7ad/%{version}_1607429826_1nliprh_1474668897_h.jpg","versions":["medium","medium_2x","profile_pic","profile_pic_new","profile_pic_new_2x","tiny","tiny_2x","small","small_2x","ios_large","ios_small"]}},"file":null,"picture":"https://coub-anubis-a.akamaized.net/coub_storage/coub/simple/cw_image/81c6f8ef512/4616677f498e01de08936/med_1640166086_00004.jpg","timeline_picture":"https://coub-anubis-a.akamaized.net/coub_storage/coub/simple/cw_timeline_pic/180697df542/0c109f326a7c6199b5167/ios_large_1640166086_image.jpg","small_picture":"https://coub-anubis-a.akamaized.net/coub_storage/coub/simple/cw_image/81c6f8ef512/4616677f498e01de08936/ios_mosaic_1640166086_00004.jpg","sharing_picture":null,"percent_done":100,"tags":[],"categories":[{"id":114,"title":"Live Pictures","permalink":"live-pictures","subscriptions_count":2028289,"big_image_url":"https://coub-anubis-a.akamaized.net/coub_storage/category/cw_image/6a781fee541/43bd1211431771697290d/big_1622039067_Live_pictures.png","small_image_url":"https://coub-anubis-a.akamaized.net/coub_storage/category/cw_image/6a781fee541/43bd1211431771697290d/small_1622039067_Live_pictures.png","med_image_url":"https://coub-anubis-a.akamaized.net/coub_storage/category/cw_image/6a781fee541/43bd1211431771697290d/med_1622039067_Live_pictures.png","visible":true}],"communities":[{"id":114,"title":"Live Pictures","permalink":"live-pictures","subscriptions_count":2028289,"big_image_url":"https://coub-anubis-a.akamaized.net/coub_storage/category/cw_image/6a781fee541/43bd1211431771697290d/big_1622039067_Live_pictures.png","small_image_url":"https://coub-anubis-a.akamaized.net/coub_storage/category/cw_image/6a781fee541/43bd1211431771697290d/small_1622039067_Live_pictures.png","med_image_url":"https://coub-anubis-a.akamaized.net/coub_storage/category/cw_image/6a781fee541/43bd1211431771697290d/med_1622039067_Live_pictures.png","i_subscribed":true,"community_notifications_enabled":null,"description":null}],"recoubs_count":6,"remixes_count":0,"likes_count":31,"dislikes_count":0,"raw_video_id":17009674,"uploaded_by_ios_app":false,"uploaded_by_android_app":false,"media_blocks":{"uploaded_raw_videos":[],"external_raw_videos":[],"remixed_from_coubs":[]},"raw_video_thumbnail_url":"https://coub-anubis-a.akamaized.net/coub_storage/raw_video/cw_image/875c5344bc9/b82070484edf62356807b/coub_media_1640165888_image.jpg","raw_video_title":"232013849028202.gif","video_block_banned":false,"duration":1.04,"promo_winner":false,"promo_winner_recoubers":null,"editorial_info":{},"promo_hint":null,"beeline_best_2014":null,"from_web_editor":true,"normalize_sound":true,"normalize_change_allowed":true,"best2015_addable":false,"ahmad_promo":null,"promo_data":null,"audio_copyright_claim":null,"ads_disabled":null,"is_safe_for_ads":true,"megafon_contents":[],"position_on_page":1},{"flag":null,"abuses":null,"recoubs_by_users_channels":null,"favourite":false,"promoted_id":null,"recoub":null,"like":null,"dislike":null,"reaction":null,"in_my_best2015":false,"id":180197116,"type":"Coub::Simple","permalink":"2yxrwr","title":" ᠌ ᠌ ᠌ ᠌","visibility_type":"public","original_visibility_type":"public","channel_id":7574824,"created_at":"2021-12-17T17:46:00Z","updated_at":"2022-01-28T21:18:00Z","is_done":true,"views_count":12571,"cotd":null,"cotd_at":null,"visible_on_explore_root":false,"visible_on_explore":false,"featured":false,"published":true,"published_at":"2021-12-17T17:46:00Z","reversed":false,"from_editor_v2":true,"is_editable":true,"original_sound":false,"has_sound":false,"recoub_to":null,"file_versions":{"html5":{"video":{"higher":{"url":"https://coub-anubis-a.akamaized.net/coub_storage/coub/simple/cw_file/48670259c49/0e3b3ac5e4cc0273a077b/muted_mp4_huge_size_1639763162_muted_huge.mp4","size":482233},"high":{"url":"https://coub-anubis-a.akamaized.net/coub_storage/coub/simple/cw_file/48670259c49/0e3b3ac5e4cc0273a077b/muted_mp4_big_size_1639763162_muted_big.mp4","size":283035},"med":{"url":"https://coub-anubis-a.akamaized.net/coub_storage/coub/simple/cw_file/48670259c49/0e3b3ac5e4cc0273a077b/muted_mp4_med_size_1639763162_muted_med.mp4","size":115678}},"audio":{"high":{"url":"https://coub-anubis-a.akamaized.net/coub_storage/coub/simple/cw_looped_audio_high/d0becf12454/6a0640ef1b64d2b3e4de3/1639763234_mp3-high.mp3","size":7804159},"med":{"url":"https://coub-anubis-a.akamaized.net/coub_storage/coub/simple/cw_looped_audio_med/c1142244768/f2d4d4ac8d058026d7a34/1639763229_mp3-med.mp3","size":5810895}}},"mobile":{"video":"https://coub-anubis-a.akamaized.net/coub_storage/coub/simple/cw_file/48670259c49/0e3b3ac5e4cc0273a077b/muted_mp4_med_size_1639763162_muted_med.mp4","audio":["https://coub-anubis-a.akamaized.net/coub_storage/coub/simple/cw_looped_audio_med/c1142244768/f2d4d4ac8d058026d7a34/1639763229_mp3-med.mp3"]},"share":{"default":"https://coub-anubis-a.akamaized.net/coub_storage/coub/simple/cw_video_for_sharing/e12fa26bf75/2c1c18b9b4958000eb58c/1639763260_looped_1639763259.mp4"}},"audio_versions":{"template":"https://coub-anubis-a.akamaized.net/coub_storage/audio_track/cw_normalized_copy/cd1a0b6c43f/bb1ed96d38cea525d75a9/mid_1639763206_normalized_1639763172_1y6a1qd_edited.mp3","versions":["mid","low"]},"image_versions":{"template":"https://coub-anubis-a.akamaized.net/coub_storage/coub/simple/cw_image/9b598680027/18f7840fff5bcfc97d1d6/%{version}_1639763240_00013.jpg","versions":["micro","tiny","age_restricted","ios_large","ios_mosaic","big","med","small","pinterest"]},"first_frame_versions":{"template":"https://coub-anubis-a.akamaized.net/coub_storage/coub/simple/cw_timeline_pic/5f3d0d09844/04f6403c2463f1f4d03f2/%{version}_1639763239_image.jpg","versions":["big","med","small","ios_large"]},"dimensions":{"big":[1280,800],"med":[640,400]},"site_w_h":[640,400],"page_w_h":[640,400],"site_w_h_small":[310,194],"size":[1280,800],"age_restricted":false,"age_restricted_by_admin":false,"not_safe_for_work":null,"allow_reuse":false,"dont_crop":true,"banned":false,"global_safe":null,"audio_file_url":"https://coub-anubis-a.akamaized.net/coub_storage/audio_track/cw_normalized_copy/cd1a0b6c43f/bb1ed96d38cea525d75a9/low_1639763206_normalized_1639763172_1y6a1qd_edited.mp3","external_download":false,"application":null,"channel":{"id":7574824,"permalink":"fa76b9cf6f8ec359db79eeabf6983e99","title":"ᅠᅠᅠ","description":null,"followers_count":3431,"following_count":7,"avatar_versions":{"template":"https://coub-anubis-a.akamaized.net/coub_storage/channel/cw_avatar/61d23489dce/6b294b7239086725c2877/%{version}_1644872200_5iNTjcZRn2o.jpg","versions":["medium","medium_2x","profile_pic","profile_pic_new","profile_pic_new_2x","tiny","tiny_2x","small","small_2x","ios_large","ios_small"]}},"file":null,"picture":"https://coub-anubis-a.akamaized.net/coub_storage/coub/simple/cw_image/9b598680027/18f7840fff5bcfc97d1d6/med_1639763240_00013.jpg","timeline_picture":"https://coub-anubis-a.akamaized.net/coub_storage/coub/simple/cw_timeline_pic/5f3d0d09844/04f6403c2463f1f4d03f2/ios_large_1639763239_image.jpg","small_picture":"https://coub-anubis-a.akamaized.net/coub_storage/coub/simple/cw_image/9b598680027/18f7840fff5bcfc97d1d6/ios_mosaic_1639763240_00013.jpg","sharing_picture":null,"percent_done":100,"tags":[],"categories":[{"id":114,"title":"Live Pictures","permalink":"live-pictures","subscriptions_count":2028289,"big_image_url":"https://coub-anubis-a.akamaized.net/coub_storage/category/cw_image/6a781fee541/43bd1211431771697290d/big_1622039067_Live_pictures.png","small_image_url":"https://coub-anubis-a.akamaized.net/coub_storage/category/cw_image/6a781fee541/43bd1211431771697290d/small_1622039067_Live_pictures.png","med_image_url":"https://coub-anubis-a.akamaized.net/coub_storage/category/cw_image/6a781fee541/43bd1211431771697290d/med_1622039067_Live_pictures.png","visible":true}],"communities":[{"id":114,"title":"Live Pictures","permalink":"live-pictures","subscriptions_count":2028289,"big_image_url":"https://coub-anubis-a.akamaized.net/coub_storage/category/cw_image/6a781fee541/43bd1211431771697290d/big_1622039067_Live_pictures.png","small_image_url":"https://coub-anubis-a.akamaized.net/coub_storage/category/cw_image/6a781fee541/43bd1211431771697290d/small_1622039067_Live_pictures.png","med_image_url":"https://coub-anubis-a.akamaized.net/coub_storage/category/cw_image/6a781fee541/43bd1211431771697290d/med_1622039067_Live_pictures.png","i_subscribed":true,"community_notifications_enabled":null,"description":null}],"recoubs_count":11,"remixes_count":0,"likes_count":31,"dislikes_count":0,"raw_video_id":16999339,"uploaded_by_ios_app":false,"uploaded_by_android_app":false,"media_blocks":{"uploaded_raw_videos":[],"external_raw_videos":[],"remixed_from_coubs":[]},"raw_video_thumbnail_url":"https://coub-anubis-a.akamaized.net/coub_storage/raw_video/cw_image/09ac6abc78e/f9e5391306e55e6e611e6/coub_media_1639763047_image.jpg","raw_video_title":"2cdd2b6c9faa5bef201dd2b6b3d9e861.gif","video_block_banned":false,"duration":4.0,"promo_winner":false,"promo_winner_recoubers":null,"editorial_info":{},"promo_hint":null,"beeline_best_2014":null,"from_web_editor":true,"normalize_sound":true,"normalize_change_allowed":true,"best2015_addable":false,"ahmad_promo":null,"promo_data":null,"audio_copyright_claim":null,"ads_disabled":null,"is_safe_for_ads":true,"megafon_contents":[],"position_on_page":2},{"flag":null,"abuses":null,"recoubs_by_users_channels":null,"favourite":false,"promoted_id":null,"recoub":null,"like":null,"dislike":null,"reaction":null,"in_my_best2015":false,"id":179609575,"type":"Coub::Simple","permalink":"2yl6k4","title":"Сote d'azur (Background)","visibility_type":"public","original_visibility_type":"public","channel_id":4303916,"created_at":"2021-12-05T13:23:47Z","updated_at":"2022-03-03T17:43:13Z","is_done":true,"views_count":14175,"cotd":null,"cotd_at":null,"visible_on_explore_root":false,"visible_on_explore":false,"featured":false,"published":true,"published_at":"2021-12-05T13:23:46Z","reversed":true,"from_editor_v2":true,"is_editable":true,"original_sound":false,"has_sound":false,"recoub_to":null,"file_versions":{"html5":{"video":{"higher":{"url":"https://coub-anubis-a.akamaized.net/coub_storage/coub/simple/cw_file/3e00116b514/034c7b6a7a9ce82678d24/muted_mp4_huge_size_1638710753_muted_huge.mp4","size":4731399},"high":{"url":"https://coub-anubis-a.akamaized.net/coub_storage/coub/simple/cw_file/3e00116b514/034c7b6a7a9ce82678d24/muted_mp4_big_size_1638710753_muted_big.mp4","size":3321097},"med":{"url":"https://coub-anubis-a.akamaized.net/coub_storage/coub/simple/cw_file/3e00116b514/034c7b6a7a9ce82678d24/muted_mp4_med_size_1638710753_muted_med.mp4","size":836392}},"audio":{"high":{"url":"https://coub-anubis-a.akamaized.net/coub_storage/coub/simple/cw_looped_audio_high/6c853ace6a4/10e0bc1df289fd094b8e6/1638710759_mp3-high.mp3","size":948742},"med":{"url":"https://coub-anubis-a.akamaized.net/coub_storage/coub/simple/cw_looped_audio_med/a3f3d6cf678/7bc2a775eb697d1266e5b/1638710758_mp3-med.mp3","size":782292}}},"mobile":{"video":"https://coub-anubis-a.akamaized.net/coub_storage/coub/simple/cw_file/3e00116b514/034c7b6a7a9ce82678d24/muted_mp4_med_size_1638710753_muted_med.mp4","audio":["https://coub-anubis-a.akamaized.net/coub_storage/coub/simple/cw_looped_audio_med/a3f3d6cf678/7bc2a775eb697d1266e5b/1638710758_mp3-med.mp3"]},"share":{"default":"https://coub-anubis-a.akamaized.net/coub_storage/coub/simple/cw_video_for_sharing/cff86ac3627/4c0d6f8b3b5d548a2d914/1638710815_looped_1638710814.mp4"}},"audio_versions":{"template":"https://coub-anubis-a.akamaized.net/coub_storage/audio_track/cw_normalized_copy/ede4e2fb04d/37c27b9b2999596ab51ee/mid_1638710756_normalized_1638710753_13ua74i_edited.mp3","versions":["mid","low"]},"image_versions":{"template":"https://coub-anubis-a.akamaized.net/coub_storage/coub/simple/cw_image/99a42a1ed21/f3d5e3f7c8430ed182219/%{version}_1638710770_00063.jpg","versions":["micro","tiny","age_restricted","ios_large","ios_mosaic","big","med","small","pinterest"]},"first_frame_versions":{"template":"https://coub-anubis-a.akamaized.net/coub_storage/coub/simple/cw_timeline_pic/b485d3074fa/2e562a182121a51c98e7e/%{version}_1638710768_image.jpg","versions":["big","med","small","ios_large"]},"dimensions":{"big":[1280,720],"med":[640,360]},"site_w_h":[640,360],"page_w_h":[640,360],"site_w_h_small":[310,174],"size":[1280,720],"age_restricted":false,"age_restricted_by_admin":false,"not_safe_for_work":null,"allow_reuse":false,"dont_crop":true,"banned":false,"global_safe":null,"audio_file_url":"https://coub-anubis-a.akamaized.net/coub_storage/audio_track/cw_normalized_copy/ede4e2fb04d/37c27b9b2999596ab51ee/low_1638710756_normalized_1638710753_13ua74i_edited.mp3","external_download":{"type":"Youtube","service_name":"YouTube","url":"https://www.youtube.com/watch?v=O6y1HrTp2Cc","has_embed":true},"application":null,"channel":{"id":4303916,"permalink":"backgroundd","title":"Background","description":null,"followers_count":120,"following_count":13,"avatar_versions":{"template":"https://coub-anubis-a.akamaized.net/coub_storage/channel/cw_avatar/90844dbe837/9e3aa10119b36992a8087/%{version}_1607429707_ky1hzw_1526212208_59ce561ee37d915ece0068d4.jpg","versions":["medium","medium_2x","profile_pic","profile_pic_new","profile_pic_new_2x","tiny","tiny_2x","small","small_2x","ios_large","ios_small"]}},"file":null,"picture":"https://coub-anubis-a.akamaized.net/coub_storage/coub/simple/cw_image/99a42a1ed21/f3d5e3f7c8430ed182219/med_1638710770_00063.jpg","timeline_picture":"https://coub-anubis-a.akamaized.net/coub_storage/coub/simple/cw_timeline_pic/b485d3074fa/2e562a182121a51c98e7e/ios_large_1638710768_image.jpg","small_picture":"https://coub-anubis-a.akamaized.net/coub_storage/coub/simple/cw_image/99a42a1ed21/f3d5e3f7c8430ed182219/ios_mosaic_1638710770_00063.jpg","sharing_picture":null,"percent_done":100,"tags":[{"id":6635969,"title":"ori and the blind forest definitive edition","value":"ori%20and%20the%20blind%20forest%20definitive%20edition"},{"id":4534380,"title":"beautiful music instrumental","value":"beautiful%20music%20instrumental"},{"id":6635970,"title":"ori and the will of the wisps soundtrack","value":"ori%20and%20the%20will%20of%20the%20wisps%20soundtrack"},{"id":6635971,"title":"ori and the will of the wisps music","value":"ori%20and%20the%20will%20of%20the%20wisps%20music"},{"id":4534382,"title":"wallpaper engine music","value":"wallpaper%20engine%20music"},{"id":163318,"title":"relaxing music","value":"relaxing%20music"},{"id":174831,"title":"ori","value":"ori"},{"id":551658,"title":"ori and the blind forest","value":"ori%20and%20the%20blind%20forest"},{"id":1875436,"title":"yarshut","value":"yarshut"},{"id":2207406,"title":"yarshutv","value":"yarshutv"},{"id":8425,"title":"background","value":"background"},{"id":135,"title":"water","value":"water"},{"id":10133,"title":"pink","value":"pink"},{"id":490528,"title":"d'azur","value":"d'azur"},{"id":621281,"title":"lazur","value":"lazur"},{"id":3222,"title":"blue","value":"blue"},{"id":582704,"title":"blue water","value":"blue%20water"},{"id":1094,"title":"nature","value":"nature"},{"id":477719,"title":"herbs","value":"herbs"},{"id":2587,"title":"wind","value":"wind"},{"id":662609,"title":"beayutiful","value":"beayutiful"}],"categories":[{"id":114,"title":"Live Pictures","permalink":"live-pictures","subscriptions_count":2028289,"big_image_url":"https://coub-anubis-a.akamaized.net/coub_storage/category/cw_image/6a781fee541/43bd1211431771697290d/big_1622039067_Live_pictures.png","small_image_url":"https://coub-anubis-a.akamaized.net/coub_storage/category/cw_image/6a781fee541/43bd1211431771697290d/small_1622039067_Live_pictures.png","med_image_url":"https://coub-anubis-a.akamaized.net/coub_storage/category/cw_image/6a781fee541/43bd1211431771697290d/med_1622039067_Live_pictures.png","visible":true}],"communities":[{"id":114,"title":"Live Pictures","permalink":"live-pictures","subscriptions_count":2028289,"big_image_url":"https://coub-anubis-a.akamaized.net/coub_storage/category/cw_image/6a781fee541/43bd1211431771697290d/big_1622039067_Live_pictures.png","small_image_url":"https://coub-anubis-a.akamaized.net/coub_storage/category/cw_image/6a781fee541/43bd1211431771697290d/small_1622039067_Live_pictures.png","med_image_url":"https://coub-anubis-a.akamaized.net/coub_storage/category/cw_image/6a781fee541/43bd1211431771697290d/med_1622039067_Live_pictures.png","i_subscribed":true,"community_notifications_enabled":null,"description":null}],"recoubs_count":5,"remixes_count":0,"likes_count":31,"dislikes_count":0,"raw_video_id":16971052,"uploaded_by_ios_app":false,"uploaded_by_android_app":false,"media_blocks":{"uploaded_raw_videos":[],"external_raw_videos":[{"id":40530642,"title":"Wallpaper Engine: ORI and the Will of the Wisps","url":"https://www.youtube.com/watch?v=O6y1HrTp2Cc","image":"https://coub-anubis-a.akamaized.net/coub_storage/media_block/cw_image/fe4787ed520/1e6030fe7518a0072d68d/video_1638707801_oy9g8r_1638707644_1638707638_18fkz5u_att-url-download.webp","image_retina":"https://coub-anubis-a.akamaized.net/coub_storage/media_block/cw_image/fe4787ed520/1e6030fe7518a0072d68d/video_retina_1638707801_oy9g8r_1638707644_1638707638_18fkz5u_att-url-download.webp","meta":{"service":"Youtube","duration":"432.821"},"duration":432.821,"raw_video_id":16971052,"has_embed":true}],"remixed_from_coubs":[],"external_video":{"id":40530642,"title":"Wallpaper Engine: ORI and the Will of the Wisps","url":"https://www.youtube.com/watch?v=O6y1HrTp2Cc","image":"https://coub-anubis-a.akamaized.net/coub_storage/media_block/cw_image/fe4787ed520/1e6030fe7518a0072d68d/video_1638707801_oy9g8r_1638707644_1638707638_18fkz5u_att-url-download.webp","image_retina":"https://coub-anubis-a.akamaized.net/coub_storage/media_block/cw_image/fe4787ed520/1e6030fe7518a0072d68d/video_retina_1638707801_oy9g8r_1638707644_1638707638_18fkz5u_att-url-download.webp","meta":{"service":"Youtube","duration":"432.821"},"duration":432.821,"raw_video_id":16971052,"has_embed":true}},"raw_video_thumbnail_url":"https://coub-anubis-a.akamaized.net/coub_storage/raw_video/cw_image/f56f87f9626/ef244b7c1cff6cbea1e79/coub_media_1638707644_1638707638_18fkz5u_att-url-download.webp","raw_video_title":"Wallpaper Engine: ORI and the Will of the Wisps","video_block_banned":false,"duration":20.0,"promo_winner":false,"promo_winner_recoubers":null,"editorial_info":{},"promo_hint":null,"beeline_best_2014":null,"from_web_editor":true,"normalize_sound":true,"normalize_change_allowed":true,"best2015_addable":false,"ahmad_promo":null,"promo_data":null,"audio_copyright_claim":null,"ads_disabled":null,"is_safe_for_ads":true,"megafon_contents":[],"position_on_page":3},{"flag":null,"abuses":null,"recoubs_by_users_channels":null,"favourite":false,"promoted_id":null,"recoub":null,"like":null,"dislike":null,"reaction":null,"in_my_best2015":false,"id":179373370,"type":"Coub::Simple","permalink":"2yg4at","title":"Snow harmony (Relax)","visibility_type":"public","original_visibility_type":"public","channel_id":9089744,"created_at":"2021-11-30T18:43:45Z","updated_at":"2022-01-22T13:10:47Z","is_done":true,"views_count":10810,"cotd":null,"cotd_at":null,"visible_on_explore_root":false,"visible_on_explore":false,"featured":false,"published":true,"published_at":"2021-11-30T18:43:45Z","reversed":true,"from_editor_v2":true,"is_editable":true,"original_sound":false,"has_sound":false,"recoub_to":null,"file_versions":{"html5":{"video":{"higher":{"url":"https://coub-anubis-a.akamaized.net/coub_storage/coub/simple/cw_file/c7f55e86b65/d5275800eac274f6ea74b/muted_mp4_huge_size_1638297977_muted_huge.mp4","size":1703522},"high":{"url":"https://coub-anubis-a.akamaized.net/coub_storage/coub/simple/cw_file/c7f55e86b65/d5275800eac274f6ea74b/muted_mp4_big_size_1638297977_muted_big.mp4","size":1195912},"med":{"url":"https://coub-anubis-a.akamaized.net/coub_storage/coub/simple/cw_file/c7f55e86b65/d5275800eac274f6ea74b/muted_mp4_med_size_1638297977_muted_med.mp4","size":273198}},"audio":{"high":{"url":"https://coub-anubis-a.akamaized.net/coub_storage/coub/simple/cw_looped_audio_high/c52d87a6a81/569c07c4c0b2143c1e563/1638298050_mp3-high.mp3","size":11740200},"med":{"url":"https://coub-anubis-a.akamaized.net/coub_storage/coub/simple/cw_looped_audio_med/b90c5e0ed8d/1d66f90f671e2422d4e62/1638298043_mp3-med.mp3","size":8556318}}},"mobile":{"video":"https://coub-anubis-a.akamaized.net/coub_storage/coub/simple/cw_file/c7f55e86b65/d5275800eac274f6ea74b/muted_mp4_med_size_1638297977_muted_med.mp4","audio":["https://coub-anubis-a.akamaized.net/coub_storage/coub/simple/cw_looped_audio_med/b90c5e0ed8d/1d66f90f671e2422d4e62/1638298043_mp3-med.mp3"]},"share":{"default":"https://coub-anubis-a.akamaized.net/coub_storage/coub/simple/cw_video_for_sharing/641e66fc224/1e216f80fc97135a8e23e/1638298080_looped_1638298079.mp4"}},"audio_versions":{"template":"https://coub-anubis-a.akamaized.net/coub_storage/audio_track/cw_normalized_copy/90989fe27e7/208b7f48708b9e9c252d2/mid_1638298007_normalized_1638297612_audio.mp3","versions":["mid","low"]},"image_versions":{"template":"https://coub-anubis-a.akamaized.net/coub_storage/coub/simple/cw_image/bf506b2669f/73613ed9fe36bbf886a6e/%{version}_1638298057_00063.jpg","versions":["micro","tiny","age_restricted","ios_large","ios_mosaic","big","med","small","pinterest"]},"first_frame_versions":{"template":"https://coub-anubis-a.akamaized.net/coub_storage/coub/simple/cw_timeline_pic/f6b06f487d4/447a814c4ff5a7ff9c1fd/%{version}_1638298055_image.jpg","versions":["big","med","small","ios_large"]},"dimensions":{"big":[1280,720],"med":[640,360]},"site_w_h":[640,360],"page_w_h":[640,360],"site_w_h_small":[310,174],"size":[1280,720],"age_restricted":false,"age_restricted_by_admin":false,"not_safe_for_work":null,"allow_reuse":false,"dont_crop":true,"banned":false,"global_safe":null,"audio_file_url":"https://coub-anubis-a.akamaized.net/coub_storage/audio_track/cw_normalized_copy/90989fe27e7/208b7f48708b9e9c252d2/low_1638298007_normalized_1638297612_audio.mp3","external_download":{"type":"Youtube","service_name":"YouTube","url":"https://youtu.be/2RGKCBPcIxM","has_embed":true},"application":null,"channel":{"id":9089744,"permalink":"vms-mandragorak","title":"VMS Effect","description":"LIVE animated WALLPAPER","followers_count":45,"following_count":1,"avatar_versions":{"template":"https://coub-anubis-a.akamaized.net/coub_storage/channel/cw_avatar/21530423ce1/e7788832d5c2bb6a286bd/%{version}_1607837132_1n91n20_1587565401_m.jpg","versions":["medium","medium_2x","profile_pic","profile_pic_new","profile_pic_new_2x","tiny","tiny_2x","small","small_2x","ios_large","ios_small"]}},"file":null,"picture":"https://coub-anubis-a.akamaized.net/coub_storage/coub/simple/cw_image/bf506b2669f/73613ed9fe36bbf886a6e/med_1638298057_00063.jpg","timeline_picture":"https://coub-anubis-a.akamaized.net/coub_storage/coub/simple/cw_timeline_pic/f6b06f487d4/447a814c4ff5a7ff9c1fd/ios_large_1638298055_image.jpg","small_picture":"https://coub-anubis-a.akamaized.net/coub_storage/coub/simple/cw_image/bf506b2669f/73613ed9fe36bbf886a6e/ios_mosaic_1638298057_00063.jpg","sharing_picture":null,"percent_done":100,"tags":[{"id":939,"title":"relax","value":"relax"},{"id":1149669,"title":"живые обои","value":"%D0%B6%D0%B8%D0%B2%D1%8B%D0%B5%20%D0%BE%D0%B1%D0%BE%D0%B8"},{"id":20593,"title":"релакс","value":"%D1%80%D0%B5%D0%BB%D0%B0%D0%BA%D1%81"},{"id":6597936,"title":"анимированные картинки","value":"%D0%B0%D0%BD%D0%B8%D0%BC%D0%B8%D1%80%D0%BE%D0%B2%D0%B0%D0%BD%D0%BD%D1%8B%D0%B5%20%D0%BA%D0%B0%D1%80%D1%82%D0%B8%D0%BD%D0%BA%D0%B8"},{"id":158595,"title":"animated wallpaper","value":"animated%20wallpaper"},{"id":13761,"title":"theme","value":"theme"},{"id":649,"title":"тема","value":"%D1%82%D0%B5%D0%BC%D0%B0"}],"categories":[{"id":114,"title":"Live Pictures","permalink":"live-pictures","subscriptions_count":2028289,"big_image_url":"https://coub-anubis-a.akamaized.net/coub_storage/category/cw_image/6a781fee541/43bd1211431771697290d/big_1622039067_Live_pictures.png","small_image_url":"https://coub-anubis-a.akamaized.net/coub_storage/category/cw_image/6a781fee541/43bd1211431771697290d/small_1622039067_Live_pictures.png","med_image_url":"https://coub-anubis-a.akamaized.net/coub_storage/category/cw_image/6a781fee541/43bd1211431771697290d/med_1622039067_Live_pictures.png","visible":true}],"communities":[{"id":114,"title":"Live Pictures","permalink":"live-pictures","subscriptions_count":2028289,"big_image_url":"https://coub-anubis-a.akamaized.net/coub_storage/category/cw_image/6a781fee541/43bd1211431771697290d/big_1622039067_Live_pictures.png","small_image_url":"https://coub-anubis-a.akamaized.net/coub_storage/category/cw_image/6a781fee541/43bd1211431771697290d/small_1622039067_Live_pictures.png","med_image_url":"https://coub-anubis-a.akamaized.net/coub_storage/category/cw_image/6a781fee541/43bd1211431771697290d/med_1622039067_Live_pictures.png","i_subscribed":true,"community_notifications_enabled":null,"description":null}],"recoubs_count":4,"remixes_count":0,"likes_count":31,"dislikes_count":0,"raw_video_id":16960029,"uploaded_by_ios_app":false,"uploaded_by_android_app":false,"media_blocks":{"uploaded_raw_videos":[],"external_raw_videos":[{"id":40477106,"title":"Snow harmony (Relax)","url":"https://www.youtube.com/watch?v=2RGKCBPcIxM","image":"https://coub-anubis-a.akamaized.net/coub_storage/media_block/cw_image/b5e4e86971e/311a9c35604b5221a355c/video_1638297458_inb7a1_1638297003_1638296998_1fq94th_att-url-download.webp","image_retina":"https://coub-anubis-a.akamaized.net/coub_storage/media_block/cw_image/b5e4e86971e/311a9c35604b5221a355c/video_retina_1638297458_inb7a1_1638297003_1638296998_1fq94th_att-url-download.webp","meta":{"service":"Youtube","duration":"536.0"},"duration":536.0,"raw_video_id":16960029,"has_embed":true}],"remixed_from_coubs":[],"external_video":{"id":40477106,"title":"Snow harmony (Relax)","url":"https://www.youtube.com/watch?v=2RGKCBPcIxM","image":"https://coub-anubis-a.akamaized.net/coub_storage/media_block/cw_image/b5e4e86971e/311a9c35604b5221a355c/video_1638297458_inb7a1_1638297003_1638296998_1fq94th_att-url-download.webp","image_retina":"https://coub-anubis-a.akamaized.net/coub_storage/media_block/cw_image/b5e4e86971e/311a9c35604b5221a355c/video_retina_1638297458_inb7a1_1638297003_1638296998_1fq94th_att-url-download.webp","meta":{"service":"Youtube","duration":"536.0"},"duration":536.0,"raw_video_id":16960029,"has_embed":true}},"raw_video_thumbnail_url":"https://coub-anubis-a.akamaized.net/coub_storage/raw_video/cw_image/b0703e5e5a2/9c2059d185febff17c50e/coub_media_1638297003_1638296998_1fq94th_att-url-download.webp","raw_video_title":"Snow harmony (Relax)","video_block_banned":false,"duration":20.0,"promo_winner":false,"promo_winner_recoubers":null,"editorial_info":{},"promo_hint":null,"beeline_best_2014":null,"from_web_editor":true,"normalize_sound":true,"normalize_change_allowed":true,"best2015_addable":false,"ahmad_promo":null,"promo_data":null,"audio_copyright_claim":null,"ads_disabled":null,"is_safe_for_ads":true,"megafon_contents":[],"position_on_page":4},{"flag":null,"abuses":null,"recoubs_by_users_channels":null,"favourite":false,"promoted_id":null,"recoub":null,"like":null,"dislike":null,"reaction":null,"in_my_best2015":false,"id":179062525,"type":"Coub::Simple","permalink":"2y9gg5","title":"НОЧНОЙ ЛАРЁК","visibility_type":"public","original_visibility_type":"public","channel_id":328870,"created_at":"2021-11-24T10:58:01Z","updated_at":"2022-01-22T13:18:18Z","is_done":true,"views_count":10844,"cotd":null,"cotd_at":null,"visible_on_explore_root":false,"visible_on_explore":false,"featured":false,"published":true,"published_at":"2021-11-24T10:58:00Z","reversed":false,"from_editor_v2":true,"is_editable":true,"original_sound":false,"has_sound":false,"recoub_to":null,"file_versions":{"html5":{"video":{"higher":{"url":"https://coub-anubis-a.akamaized.net/coub_storage/coub/simple/cw_file/9d0ddbb868d/35a0e134862469364f42e/muted_mp4_huge_size_1637751485_muted_huge.mp4","size":862177},"high":{"url":"https://coub-anubis-a.akamaized.net/coub_storage/coub/simple/cw_file/9d0ddbb868d/35a0e134862469364f42e/muted_mp4_big_size_1637751485_muted_big.mp4","size":527541},"med":{"url":"https://coub-anubis-a.akamaized.net/coub_storage/coub/simple/cw_file/9d0ddbb868d/35a0e134862469364f42e/muted_mp4_med_size_1637751485_muted_med.mp4","size":189215}},"audio":{"high":{"url":"https://coub-anubis-a.akamaized.net/coub_storage/coub/simple/cw_looped_audio_high/5eca9322df3/30cc55ab6a8317826c788/1637751524_mp3-high.mp3","size":3835121},"med":{"url":"https://coub-anubis-a.akamaized.net/coub_storage/coub/simple/cw_looped_audio_med/0a9ba328c81/4700284e0778806c9eb27/1637751521_mp3-med.mp3","size":2955797}}},"mobile":{"video":"https://coub-anubis-a.akamaized.net/coub_storage/coub/simple/cw_file/9d0ddbb868d/35a0e134862469364f42e/muted_mp4_med_size_1637751485_muted_med.mp4","audio":["https://coub-anubis-a.akamaized.net/coub_storage/coub/simple/cw_looped_audio_med/0a9ba328c81/4700284e0778806c9eb27/1637751521_mp3-med.mp3"]},"share":{"default":"https://coub-anubis-a.akamaized.net/coub_storage/coub/simple/cw_video_for_sharing/96626c71254/a3341dadb57dd22b45202/1637751546_looped_1637751545.mp4"}},"audio_versions":{"template":"https://coub-anubis-a.akamaized.net/coub_storage/audio_track/cw_normalized_copy/48cf76aa8a4/d334a8256ccac470df6c3/mid_1637751508_normalized_1637751489_1cp3a39_edited.mp3","versions":["mid","low"]},"image_versions":{"template":"https://coub-anubis-a.akamaized.net/coub_storage/coub/simple/cw_image/b35e70ba04f/c13d495b20b7655bd5d6b/%{version}_1637751527_00026.jpg","versions":["micro","tiny","age_restricted","ios_large","ios_mosaic","big","med","small","pinterest"]},"first_frame_versions":{"template":"https://coub-anubis-a.akamaized.net/coub_storage/coub/simple/cw_timeline_pic/e8994866349/8172777ac01ab425eab1b/%{version}_1637751527_image.jpg","versions":["big","med","small","ios_large"]},"dimensions":{"big":[960,960],"med":[480,480]},"site_w_h":[400,400],"page_w_h":[400,400],"site_w_h_small":[310,310],"size":[960,960],"age_restricted":false,"age_restricted_by_admin":false,"not_safe_for_work":null,"allow_reuse":false,"dont_crop":true,"banned":false,"global_safe":null,"audio_file_url":"https://coub-anubis-a.akamaized.net/coub_storage/audio_track/cw_normalized_copy/48cf76aa8a4/d334a8256ccac470df6c3/low_1637751508_normalized_1637751489_1cp3a39_edited.mp3","external_download":false,"application":null,"channel":{"id":328870,"permalink":"haalward","title":"Haalward","description":"В этом безобразии прошу винить мое бессознательное","followers_count":458,"following_count":6,"avatar_versions":{"template":"https://coub-anubis-a.akamaized.net/coub_storage/channel/cw_avatar/7abcd200052/4a6d4048217ef5b03bf00/%{version}_1569667449_2X54QkPxsPM.jpg","versions":["medium","medium_2x","profile_pic","profile_pic_new","profile_pic_new_2x","tiny","tiny_2x","small","small_2x","ios_large","ios_small"]}},"file":null,"picture":"https://coub-anubis-a.akamaized.net/coub_storage/coub/simple/cw_image/b35e70ba04f/c13d495b20b7655bd5d6b/med_1637751527_00026.jpg","timeline_picture":"https://coub-anubis-a.akamaized.net/coub_storage/coub/simple/cw_timeline_pic/e8994866349/8172777ac01ab425eab1b/ios_large_1637751527_image.jpg","small_picture":"https://coub-anubis-a.akamaized.net/coub_storage/coub/simple/cw_image/b35e70ba04f/c13d495b20b7655bd5d6b/ios_mosaic_1637751527_00026.jpg","sharing_picture":null,"percent_done":100,"tags":[{"id":1016,"title":"ambient","value":"ambient"},{"id":939,"title":"relax","value":"relax"},{"id":420,"title":"pixel","value":"pixel"},{"id":35822,"title":"pixel art","value":"pixel%20art"},{"id":3072,"title":"art","value":"art"},{"id":6567489,"title":"dmitry bogolyubov","value":"dmitry%20bogolyubov"}],"categories":[{"id":114,"title":"Live Pictures","permalink":"live-pictures","subscriptions_count":2028289,"big_image_url":"https://coub-anubis-a.akamaized.net/coub_storage/category/cw_image/6a781fee541/43bd1211431771697290d/big_1622039067_Live_pictures.png","small_image_url":"https://coub-anubis-a.akamaized.net/coub_storage/category/cw_image/6a781fee541/43bd1211431771697290d/small_1622039067_Live_pictures.png","med_image_url":"https://coub-anubis-a.akamaized.net/coub_storage/category/cw_image/6a781fee541/43bd1211431771697290d/med_1622039067_Live_pictures.png","visible":true}],"communities":[{"id":114,"title":"Live Pictures","permalink":"live-pictures","subscriptions_count":2028289,"big_image_url":"https://coub-anubis-a.akamaized.net/coub_storage/category/cw_image/6a781fee541/43bd1211431771697290d/big_1622039067_Live_pictures.png","small_image_url":"https://coub-anubis-a.akamaized.net/coub_storage/category/cw_image/6a781fee541/43bd1211431771697290d/small_1622039067_Live_pictures.png","med_image_url":"https://coub-anubis-a.akamaized.net/coub_storage/category/cw_image/6a781fee541/43bd1211431771697290d/med_1622039067_Live_pictures.png","i_subscribed":true,"community_notifications_enabled":null,"description":null}],"recoubs_count":5,"remixes_count":0,"likes_count":31,"dislikes_count":0,"raw_video_id":"","uploaded_by_ios_app":false,"uploaded_by_android_app":false,"media_blocks":{"uploaded_raw_videos":[],"external_raw_videos":[],"remixed_from_coubs":[{"id":40067258,"title":"KIOSK","url":"https://coub.com/coubs/2xuqa5/remix","image":"https://coub-anubis-a.akamaized.net/coub_storage/media_block/cw_image/7960f8c1f10/4ffc2444ded9f0c19d786/video_1636502659_15ffk38_1636502615_00026.jpg","image_retina":"https://coub-anubis-a.akamaized.net/coub_storage/media_block/cw_image/7960f8c1f10/4ffc2444ded9f0c19d786/video_retina_1636502659_15ffk38_1636502615_00026.jpg","meta":{"duration":"8.2"},"duration":null,"coub_channel_title":"Rebel Byte","coub_channel_permalink":"rebelbyte","coub_views_count":239571,"coub_permalink":"2xuqa5"}]},"raw_video_thumbnail_url":"","raw_video_title":"","video_block_banned":false,"duration":8.2,"promo_winner":false,"promo_winner_recoubers":null,"editorial_info":{},"promo_hint":null,"beeline_best_2014":null,"from_web_editor":true,"normalize_sound":true,"normalize_change_allowed":true,"best2015_addable":false,"ahmad_promo":null,"promo_data":null,"audio_copyright_claim":null,"ads_disabled":null,"is_safe_for_ads":true,"megafon_contents":[],"position_on_page":5},{"flag":null,"abuses":null,"recoubs_by_users_channels":null,"favourite":false,"promoted_id":null,"recoub":null,"like":null,"dislike":null,"reaction":null,"in_my_best2015":false,"id":178301273,"type":"Coub::Simple","permalink":"2xt524","title":"Fireplace (Background)","visibility_type":"public","original_visibility_type":"public","channel_id":4303916,"created_at":"2021-11-08T14:32:52Z","updated_at":"2022-02-06T02:46:07Z","is_done":true,"views_count":11913,"cotd":null,"cotd_at":null,"visible_on_explore_root":false,"visible_on_explore":false,"featured":false,"published":true,"published_at":"2021-11-08T14:32:52Z","reversed":false,"from_editor_v2":true,"is_editable":true,"original_sound":false,"has_sound":false,"recoub_to":null,"file_versions":{"html5":{"video":{"higher":{"url":"https://coub-anubis-a.akamaized.net/coub_storage/coub/simple/cw_file/0ac32ff426f/757215b4ff3b06a74f336/muted_mp4_huge_size_1636381988_muted_huge.mp4","size":3654894},"high":{"url":"https://coub-anubis-a.akamaized.net/coub_storage/coub/simple/cw_file/0ac32ff426f/757215b4ff3b06a74f336/muted_mp4_big_size_1636381988_muted_big.mp4","size":2515036},"med":{"url":"https://coub-anubis-a.akamaized.net/coub_storage/coub/simple/cw_file/0ac32ff426f/757215b4ff3b06a74f336/muted_mp4_med_size_1636381988_muted_med.mp4","size":865000}},"audio":{"high":{"url":"https://coub-anubis-a.akamaized.net/coub_storage/coub/simple/cw_looped_audio_high/04afe287e94/4e1d69d81732c211a1dd2/1636382179_mp3-high.mp3","size":21279013},"med":{"url":"https://coub-anubis-a.akamaized.net/coub_storage/coub/simple/cw_looped_audio_med/0eb85319661/31eb61ae2c0819d120c3e/1636382164_mp3-med.mp3","size":14526716}}},"mobile":{"video":"https://coub-anubis-a.akamaized.net/coub_storage/coub/simple/cw_file/0ac32ff426f/757215b4ff3b06a74f336/muted_mp4_med_size_1636381988_muted_med.mp4","audio":["https://coub-anubis-a.akamaized.net/coub_storage/coub/simple/cw_looped_audio_med/0eb85319661/31eb61ae2c0819d120c3e/1636382164_mp3-med.mp3"]},"share":{"default":"https://coub-anubis-a.akamaized.net/coub_storage/coub/simple/cw_video_for_sharing/22d2a1449ba/14875a082f7be469f8015/1636382212_looped_1636382211.mp4"}},"audio_versions":{"template":"https://coub-anubis-a.akamaized.net/coub_storage/audio_track/cw_normalized_copy/4b1e22b16dd/576aaea63ca0e35feb567/mid_1636382101_normalized_1636382010_ihqimz_edited.mp3","versions":["mid","low"]},"image_versions":{"template":"https://coub-anubis-a.akamaized.net/coub_storage/coub/simple/cw_image/059ec5d8506/1a82e04d1e9f13b3df7e6/%{version}_1636382186_00029.jpg","versions":["micro","tiny","age_restricted","ios_large","ios_mosaic","big","med","small","pinterest"]},"first_frame_versions":{"template":"https://coub-anubis-a.akamaized.net/coub_storage/coub/simple/cw_timeline_pic/119cb60a6d6/1d93557cf62d78aa330ba/%{version}_1636382186_image.jpg","versions":["big","med","small","ios_large"]},"dimensions":{"big":[1280,720],"med":[640,360]},"site_w_h":[640,360],"page_w_h":[640,360],"site_w_h_small":[310,174],"size":[1280,720],"age_restricted":false,"age_restricted_by_admin":false,"not_safe_for_work":null,"allow_reuse":false,"dont_crop":true,"banned":false,"global_safe":null,"audio_file_url":"https://coub-anubis-a.akamaized.net/coub_storage/audio_track/cw_normalized_copy/4b1e22b16dd/576aaea63ca0e35feb567/low_1636382101_normalized_1636382010_ihqimz_edited.mp3","external_download":{"type":"Youtube","service_name":"YouTube","url":"https://www.youtube.com/watch?v=ymIIdjxmU44&list=RDCMUC0vQW0xzUyKZGKFHzvDBd6g&index=41","has_embed":true},"application":null,"channel":{"id":4303916,"permalink":"backgroundd","title":"Background","description":null,"followers_count":120,"following_count":13,"avatar_versions":{"template":"https://coub-anubis-a.akamaized.net/coub_storage/channel/cw_avatar/90844dbe837/9e3aa10119b36992a8087/%{version}_1607429707_ky1hzw_1526212208_59ce561ee37d915ece0068d4.jpg","versions":["medium","medium_2x","profile_pic","profile_pic_new","profile_pic_new_2x","tiny","tiny_2x","small","small_2x","ios_large","ios_small"]}},"file":null,"picture":"https://coub-anubis-a.akamaized.net/coub_storage/coub/simple/cw_image/059ec5d8506/1a82e04d1e9f13b3df7e6/med_1636382186_00029.jpg","timeline_picture":"https://coub-anubis-a.akamaized.net/coub_storage/coub/simple/cw_timeline_pic/119cb60a6d6/1d93557cf62d78aa330ba/ios_large_1636382186_image.jpg","small_picture":"https://coub-anubis-a.akamaized.net/coub_storage/coub/simple/cw_image/059ec5d8506/1a82e04d1e9f13b3df7e6/ios_mosaic_1636382186_00029.jpg","sharing_picture":null,"percent_done":100,"tags":[{"id":1105734,"title":"after effects tutorial","value":"after%20effects%20tutorial"},{"id":6249939,"title":"vj loops 2020","value":"vj%20loops%202020"},{"id":6249940,"title":"free background loops","value":"free%20background%20loops"},{"id":19739,"title":"tutorial","value":"tutorial"},{"id":361185,"title":"2020","value":"2020"},{"id":1167010,"title":"no copyright","value":"no%20copyright"},{"id":35911,"title":"stockfootage","value":"stockfootage"},{"id":6249943,"title":"live wall paper","value":"live%20wall%20paper"},{"id":34964,"title":"slowmo","value":"slowmo"},{"id":6249944,"title":"free vj loops 2020","value":"free%20vj%20loops%202020"},{"id":213867,"title":"overlay","value":"overlay"},{"id":6249945,"title":"lenceflare","value":"lenceflare"},{"id":6249946,"title":"particle bokeh","value":"particle%20bokeh"},{"id":6249948,"title":"vj loop motiongraphics","value":"vj%20loop%20motiongraphics"},{"id":7737,"title":"neon","value":"neon"},{"id":156506,"title":"motion background","value":"motion%20background"},{"id":6565234,"title":"saber lighting","value":"saber%20lighting"},{"id":6565235,"title":"ytuberama","value":"ytuberama"},{"id":1303257,"title":"kinemaster","value":"kinemaster"},{"id":6565236,"title":"birthday banner","value":"birthday%20banner"},{"id":1026,"title":"dj","value":"dj"},{"id":105787,"title":"template","value":"template"},{"id":6565237,"title":"status_video","value":"status_video"},{"id":6565238,"title":"kinemaster editing","value":"kinemaster%20editing"},{"id":362165,"title":"cinematic intro","value":"cinematic%20intro"},{"id":19093,"title":"new year","value":"new%20year"},{"id":6565239,"title":"ytuberama creation","value":"ytuberama%20creation"},{"id":6565240,"title":"star video effects","value":"star%20video%20effects"},{"id":10176,"title":"effects","value":"effects"},{"id":6565241,"title":"fire particles","value":"fire%20particles"},{"id":4096719,"title":"red smoke","value":"red%20smoke"},{"id":1254468,"title":"blue smoke","value":"blue%20smoke"},{"id":6565242,"title":"smoke fire particles","value":"smoke%20fire%20particles"},{"id":67153,"title":"status","value":"status"},{"id":17562,"title":"fireplace","value":"fireplace"},{"id":1875436,"title":"yarshut","value":"yarshut"},{"id":2207406,"title":"yarshutv","value":"yarshutv"},{"id":8425,"title":"background","value":"background"},{"id":1179,"title":"fire","value":"fire"},{"id":163698,"title":"tavern","value":"tavern"}],"categories":[{"id":114,"title":"Live Pictures","permalink":"live-pictures","subscriptions_count":2028289,"big_image_url":"https://coub-anubis-a.akamaized.net/coub_storage/category/cw_image/6a781fee541/43bd1211431771697290d/big_1622039067_Live_pictures.png","small_image_url":"https://coub-anubis-a.akamaized.net/coub_storage/category/cw_image/6a781fee541/43bd1211431771697290d/small_1622039067_Live_pictures.png","med_image_url":"https://coub-anubis-a.akamaized.net/coub_storage/category/cw_image/6a781fee541/43bd1211431771697290d/med_1622039067_Live_pictures.png","visible":true}],"communities":[{"id":114,"title":"Live Pictures","permalink":"live-pictures","subscriptions_count":2028289,"big_image_url":"https://coub-anubis-a.akamaized.net/coub_storage/category/cw_image/6a781fee541/43bd1211431771697290d/big_1622039067_Live_pictures.png","small_image_url":"https://coub-anubis-a.akamaized.net/coub_storage/category/cw_image/6a781fee541/43bd1211431771697290d/small_1622039067_Live_pictures.png","med_image_url":"https://coub-anubis-a.akamaized.net/coub_storage/category/cw_image/6a781fee541/43bd1211431771697290d/med_1622039067_Live_pictures.png","i_subscribed":true,"community_notifications_enabled":null,"description":null}],"recoubs_count":2,"remixes_count":0,"likes_count":31,"dislikes_count":0,"raw_video_id":16907017,"uploaded_by_ios_app":false,"uploaded_by_android_app":false,"media_blocks":{"uploaded_raw_videos":[],"external_raw_videos":[{"id":40046506,"title":"Birthday Background Video Banner Template Effects,New Kinemaster Effects, Fire, Dark background","url":"https://www.youtube.com/watch?v=ymIIdjxmU44","image":"https://coub-anubis-a.akamaized.net/coub_storage/media_block/cw_image/a8ed7d7c624/322f3967eb137d71e5e6e/video_1636380681_1cqhqjb_1636380658_1636380656_l3fjj3_att-url-download.webp","image_retina":"https://coub-anubis-a.akamaized.net/coub_storage/media_block/cw_image/a8ed7d7c624/322f3967eb137d71e5e6e/video_retina_1636380681_1cqhqjb_1636380658_1636380656_l3fjj3_att-url-download.webp","meta":{"service":"Youtube","duration":"60.021"},"duration":60.021,"raw_video_id":16907017,"has_embed":true}],"remixed_from_coubs":[],"external_video":{"id":40046506,"title":"Birthday Background Video Banner Template Effects,New Kinemaster Effects, Fire, Dark background","url":"https://www.youtube.com/watch?v=ymIIdjxmU44","image":"https://coub-anubis-a.akamaized.net/coub_storage/media_block/cw_image/a8ed7d7c624/322f3967eb137d71e5e6e/video_1636380681_1cqhqjb_1636380658_1636380656_l3fjj3_att-url-download.webp","image_retina":"https://coub-anubis-a.akamaized.net/coub_storage/media_block/cw_image/a8ed7d7c624/322f3967eb137d71e5e6e/video_retina_1636380681_1cqhqjb_1636380658_1636380656_l3fjj3_att-url-download.webp","meta":{"service":"Youtube","duration":"60.021"},"duration":60.021,"raw_video_id":16907017,"has_embed":true}},"raw_video_thumbnail_url":"https://coub-anubis-a.akamaized.net/coub_storage/raw_video/cw_image/8d6f0f86a0d/1d78ee73e345f9d7f7747/coub_media_1636380658_1636380656_l3fjj3_att-url-download.webp","raw_video_title":"Birthday Background Video Banner Template Effects,New Kinemaster Effects, Fire, Dark background","video_block_banned":false,"duration":9.08,"promo_winner":false,"promo_winner_recoubers":null,"editorial_info":{},"promo_hint":null,"beeline_best_2014":null,"from_web_editor":true,"normalize_sound":true,"normalize_change_allowed":true,"best2015_addable":false,"ahmad_promo":null,"promo_data":null,"audio_copyright_claim":null,"ads_disabled":null,"is_safe_for_ads":true,"megafon_contents":[],"position_on_page":6},{"flag":null,"abuses":null,"recoubs_by_users_channels":null,"favourite":false,"promoted_id":null,"recoub":null,"like":null,"dislike":null,"reaction":null,"in_my_best2015":false,"id":177559414,"type":"Coub::Simple","permalink":"2xd8ms","title":"Reverse highway from wormhole","visibility_type":"public","original_visibility_type":"public","channel_id":12229222,"created_at":"2021-10-24T12:07:35Z","updated_at":"2021-11-16T06:30:11Z","is_done":true,"views_count":12331,"cotd":null,"cotd_at":null,"visible_on_explore_root":false,"visible_on_explore":false,"featured":false,"published":true,"published_at":"2021-10-24T12:07:35Z","reversed":false,"from_editor_v2":true,"is_editable":true,"original_sound":false,"has_sound":false,"recoub_to":null,"file_versions":{"html5":{"video":{"higher":{"url":"https://coub-anubis-a.akamaized.net/coub_storage/coub/simple/cw_file/8bd8575272a/3a416d5dcdafe007a0a7a/muted_mp4_huge_size_1635077259_muted_huge.mp4","size":2408128},"high":{"url":"https://coub-anubis-a.akamaized.net/coub_storage/coub/simple/cw_file/8bd8575272a/3a416d5dcdafe007a0a7a/muted_mp4_big_size_1635077259_muted_big.mp4","size":1433994},"med":{"url":"https://coub-anubis-a.akamaized.net/coub_storage/coub/simple/cw_file/8bd8575272a/3a416d5dcdafe007a0a7a/muted_mp4_med_size_1635077259_muted_med.mp4","size":448734}},"audio":{"high":{"url":"https://coub-anubis-a.akamaized.net/coub_storage/coub/simple/cw_looped_audio_high/3f1544743eb/633659c77e1cea7475725/1635077275_mp3-high.mp3","size":1753888},"med":{"url":"https://coub-anubis-a.akamaized.net/coub_storage/coub/simple/cw_looped_audio_med/5717a969772/8075da96ff55d16edbcd9/1635077274_mp3-med.mp3","size":1283212}}},"mobile":{"video":"https://coub-anubis-a.akamaized.net/coub_storage/coub/simple/cw_file/8bd8575272a/3a416d5dcdafe007a0a7a/muted_mp4_med_size_1635077259_muted_med.mp4","audio":["https://coub-anubis-a.akamaized.net/coub_storage/coub/simple/cw_looped_audio_med/5717a969772/8075da96ff55d16edbcd9/1635077274_mp3-med.mp3"]},"share":{"default":"https://coub-anubis-a.akamaized.net/coub_storage/coub/simple/cw_video_for_sharing/1426f75f1c3/3dc86c892697120500f7e/1635077298_looped_1635077297.mp4"}},"audio_versions":{"template":"https://coub-anubis-a.akamaized.net/coub_storage/audio_track/cw_normalized_copy/f310c625313/4317ba76649da629c175d/mid_1635077269_normalized_1635077261_6oam6q_edited.mp3","versions":["mid","low"]},"image_versions":{"template":"https://coub-anubis-a.akamaized.net/coub_storage/coub/simple/cw_image/316052bb015/3e90317cc42c8a9fd0b7e/%{version}_1635077279_00024.jpg","versions":["micro","tiny","age_restricted","ios_large","ios_mosaic","big","med","small","pinterest"]},"first_frame_versions":{"template":"https://coub-anubis-a.akamaized.net/coub_storage/coub/simple/cw_timeline_pic/62955e2fed4/d041819297a48ae557349/%{version}_1635077279_image.jpg","versions":["big","med","small","ios_large"]},"dimensions":{"big":[768,960],"med":[384,480]},"site_w_h":[320,400],"page_w_h":[400,500],"site_w_h_small":[310,388],"size":[768,960],"age_restricted":false,"age_restricted_by_admin":false,"not_safe_for_work":null,"allow_reuse":false,"dont_crop":true,"banned":false,"global_safe":null,"audio_file_url":"https://coub-anubis-a.akamaized.net/coub_storage/audio_track/cw_normalized_copy/f310c625313/4317ba76649da629c175d/low_1635077269_normalized_1635077261_6oam6q_edited.mp3","external_download":false,"application":null,"channel":{"id":12229222,"permalink":"josek31275","title":"josek31275","description":null,"followers_count":3,"following_count":11,"avatar_versions":{"template":"https://coubsecureassets-a.akamaihd.net/assets/default-avatars/47-936f8d73e215d5cb63f9e95aef76ec69189c61f9b04307ecf12fbbe5999877c3.png"}},"file":null,"picture":"https://coub-anubis-a.akamaized.net/coub_storage/coub/simple/cw_image/316052bb015/3e90317cc42c8a9fd0b7e/med_1635077279_00024.jpg","timeline_picture":"https://coub-anubis-a.akamaized.net/coub_storage/coub/simple/cw_timeline_pic/62955e2fed4/d041819297a48ae557349/ios_large_1635077279_image.jpg","small_picture":"https://coub-anubis-a.akamaized.net/coub_storage/coub/simple/cw_image/316052bb015/3e90317cc42c8a9fd0b7e/ios_mosaic_1635077279_00024.jpg","sharing_picture":null,"percent_done":100,"tags":[{"id":11773,"title":"universe","value":"universe"},{"id":1905,"title":"highway","value":"highway"},{"id":50234,"title":"wormhole","value":"wormhole"},{"id":123599,"title":"interstellar","value":"interstellar"},{"id":2956348,"title":"interstellar (film)","value":"interstellar%20(film)"},{"id":123598,"title":"interstellar movie","value":"interstellar%20movie"},{"id":685602,"title":"interstellar soundtrack","value":"interstellar%20soundtrack"},{"id":709553,"title":"interstellar ost","value":"interstellar%20ost"},{"id":8550,"title":"hans zimmer","value":"hans%20zimmer"}],"categories":[{"id":114,"title":"Live Pictures","permalink":"live-pictures","subscriptions_count":2028289,"big_image_url":"https://coub-anubis-a.akamaized.net/coub_storage/category/cw_image/6a781fee541/43bd1211431771697290d/big_1622039067_Live_pictures.png","small_image_url":"https://coub-anubis-a.akamaized.net/coub_storage/category/cw_image/6a781fee541/43bd1211431771697290d/small_1622039067_Live_pictures.png","med_image_url":"https://coub-anubis-a.akamaized.net/coub_storage/category/cw_image/6a781fee541/43bd1211431771697290d/med_1622039067_Live_pictures.png","visible":true}],"communities":[{"id":114,"title":"Live Pictures","permalink":"live-pictures","subscriptions_count":2028289,"big_image_url":"https://coub-anubis-a.akamaized.net/coub_storage/category/cw_image/6a781fee541/43bd1211431771697290d/big_1622039067_Live_pictures.png","small_image_url":"https://coub-anubis-a.akamaized.net/coub_storage/category/cw_image/6a781fee541/43bd1211431771697290d/small_1622039067_Live_pictures.png","med_image_url":"https://coub-anubis-a.akamaized.net/coub_storage/category/cw_image/6a781fee541/43bd1211431771697290d/med_1622039067_Live_pictures.png","i_subscribed":true,"community_notifications_enabled":null,"description":null}],"recoubs_count":11,"remixes_count":0,"likes_count":31,"dislikes_count":0,"raw_video_id":"","uploaded_by_ios_app":false,"uploaded_by_android_app":false,"media_blocks":{"uploaded_raw_videos":[],"external_raw_videos":[],"remixed_from_coubs":[{"id":39857452,"title":"Автострада к озеру Ньос","url":"https://coub.com/coubs/2x4718/remix","image":"https://coub-anubis-a.akamaized.net/coub_storage/media_block/cw_image/293d24381d4/fec35eba37cb93c36db7b/video_1634362522_o97ymx_1634362505_00024.jpg","image_retina":"https://coub-anubis-a.akamaized.net/coub_storage/media_block/cw_image/293d24381d4/fec35eba37cb93c36db7b/video_retina_1634362522_o97ymx_1634362505_00024.jpg","meta":{"duration":"7.56"},"duration":null,"coub_channel_title":"art-M ☘︎","coub_channel_permalink":"art-m.coub","coub_views_count":18369,"coub_permalink":"2x4718"}]},"raw_video_thumbnail_url":"","raw_video_title":"","video_block_banned":false,"duration":7.56,"promo_winner":false,"promo_winner_recoubers":null,"editorial_info":{},"promo_hint":null,"beeline_best_2014":null,"from_web_editor":true,"normalize_sound":true,"normalize_change_allowed":true,"best2015_addable":false,"ahmad_promo":null,"promo_data":null,"audio_copyright_claim":null,"ads_disabled":null,"is_safe_for_ads":true,"megafon_contents":[],"position_on_page":7},{"flag":null,"abuses":null,"recoubs_by_users_channels":null,"favourite":false,"promoted_id":null,"recoub":null,"like":null,"dislike":null,"reaction":null,"in_my_best2015":false,"id":177076587,"type":"Coub::Simple","permalink":"2x2w2v","title":"chillin'","visibility_type":"public","original_visibility_type":"public","channel_id":3612582,"created_at":"2021-10-14T22:18:42Z","updated_at":"2022-02-12T14:48:28Z","is_done":true,"views_count":11907,"cotd":null,"cotd_at":null,"visible_on_explore_root":false,"visible_on_explore":false,"featured":false,"published":true,"published_at":"2021-10-14T22:18:42Z","reversed":false,"from_editor_v2":true,"is_editable":true,"original_sound":false,"has_sound":false,"recoub_to":null,"file_versions":{"html5":{"video":{"higher":{"url":"https://coub-anubis-a.akamaized.net/coub_storage/coub/simple/cw_file/cfd8ce39c0b/487fa6da0271de23a8482/muted_mp4_huge_size_1634255990_muted_huge.mp4","size":238538},"high":{"url":"https://coub-anubis-a.akamaized.net/coub_storage/coub/simple/cw_file/cfd8ce39c0b/487fa6da0271de23a8482/muted_mp4_big_size_1634255990_muted_big.mp4","size":161018},"med":{"url":"https://coub-anubis-a.akamaized.net/coub_storage/coub/simple/cw_file/cfd8ce39c0b/487fa6da0271de23a8482/muted_mp4_med_size_1634255990_muted_med.mp4","size":54644}},"audio":{"high":{"url":"https://coub-anubis-a.akamaized.net/coub_storage/coub/simple/cw_looped_audio_high/8bac51d42d2/80a13781371325bc0642d/1634256034_mp3-high.mp3","size":3420332},"med":{"url":"https://coub-anubis-a.akamaized.net/coub_storage/coub/simple/cw_looped_audio_med/3dbdea37d27/a2dfd6fc070baac716d58/1634256031_mp3-med.mp3","size":2538674}}},"mobile":{"video":"https://coub-anubis-a.akamaized.net/coub_storage/coub/simple/cw_file/cfd8ce39c0b/487fa6da0271de23a8482/muted_mp4_med_size_1634255990_muted_med.mp4","audio":["https://coub-anubis-a.akamaized.net/coub_storage/coub/simple/cw_looped_audio_med/3dbdea37d27/a2dfd6fc070baac716d58/1634256031_mp3-med.mp3"]},"share":{"default":"https://coub-anubis-a.akamaized.net/coub_storage/coub/simple/cw_video_for_sharing/5db9c4dd6c7/d7a36ae544415b62e7c2f/1634256058_looped_1634256057.mp4"}},"audio_versions":{"template":"https://coub-anubis-a.akamaized.net/coub_storage/audio_track/cw_normalized_copy/9f2021145f2/44cac2a1d4a3e78df6afc/mid_1634256016_normalized_1634255994_f5lk9r_edited.mp3","versions":["mid","low"]},"image_versions":{"template":"https://coub-anubis-a.akamaized.net/coub_storage/coub/simple/cw_image/08d657c9cef/323b5af7259c83e87c435/%{version}_1634256038_00007.jpg","versions":["micro","tiny","age_restricted","ios_large","ios_mosaic","big","med","small","pinterest"]},"first_frame_versions":{"template":"https://coub-anubis-a.akamaized.net/coub_storage/coub/simple/cw_timeline_pic/74947c5c0b5/625ab5e8c7c278a9602bd/%{version}_1634256038_image.jpg","versions":["big","med","small","ios_large"]},"dimensions":{"big":[1280,720],"med":[640,360]},"site_w_h":[640,360],"page_w_h":[640,360],"site_w_h_small":[310,174],"size":[1280,720],"age_restricted":false,"age_restricted_by_admin":false,"not_safe_for_work":null,"allow_reuse":false,"dont_crop":true,"banned":false,"global_safe":null,"audio_file_url":"https://coub-anubis-a.akamaized.net/coub_storage/audio_track/cw_normalized_copy/9f2021145f2/44cac2a1d4a3e78df6afc/low_1634256016_normalized_1634255994_f5lk9r_edited.mp3","external_download":{"type":"Youtube","service_name":"YouTube","url":"https://www.youtube.com/watch?v=T83ZnnoBFhQ","has_embed":true},"application":null,"channel":{"id":3612582,"permalink":"ejcorwin","title":"ej corwin","description":"don't follow me...maybe I'm going the wrong way =)","followers_count":175,"following_count":16,"avatar_versions":{"template":"https://coub-anubis-a.akamaized.net/coub_storage/channel/cw_avatar/791fcdc34ea/628a59df01813a9d5dda3/%{version}_1607725658_14bbwxx_1496556693____.JPG","versions":["medium","medium_2x","profile_pic","profile_pic_new","profile_pic_new_2x","tiny","tiny_2x","small","small_2x","ios_large","ios_small"]}},"file":null,"picture":"https://coub-anubis-a.akamaized.net/coub_storage/coub/simple/cw_image/08d657c9cef/323b5af7259c83e87c435/med_1634256038_00007.jpg","timeline_picture":"https://coub-anubis-a.akamaized.net/coub_storage/coub/simple/cw_timeline_pic/74947c5c0b5/625ab5e8c7c278a9602bd/ios_large_1634256038_image.jpg","small_picture":"https://coub-anubis-a.akamaized.net/coub_storage/coub/simple/cw_image/08d657c9cef/323b5af7259c83e87c435/ios_mosaic_1634256038_00007.jpg","sharing_picture":null,"percent_done":100,"tags":[],"categories":[{"id":114,"title":"Live Pictures","permalink":"live-pictures","subscriptions_count":2028289,"big_image_url":"https://coub-anubis-a.akamaized.net/coub_storage/category/cw_image/6a781fee541/43bd1211431771697290d/big_1622039067_Live_pictures.png","small_image_url":"https://coub-anubis-a.akamaized.net/coub_storage/category/cw_image/6a781fee541/43bd1211431771697290d/small_1622039067_Live_pictures.png","med_image_url":"https://coub-anubis-a.akamaized.net/coub_storage/category/cw_image/6a781fee541/43bd1211431771697290d/med_1622039067_Live_pictures.png","visible":true}],"communities":[{"id":114,"title":"Live Pictures","permalink":"live-pictures","subscriptions_count":2028289,"big_image_url":"https://coub-anubis-a.akamaized.net/coub_storage/category/cw_image/6a781fee541/43bd1211431771697290d/big_1622039067_Live_pictures.png","small_image_url":"https://coub-anubis-a.akamaized.net/coub_storage/category/cw_image/6a781fee541/43bd1211431771697290d/small_1622039067_Live_pictures.png","med_image_url":"https://coub-anubis-a.akamaized.net/coub_storage/category/cw_image/6a781fee541/43bd1211431771697290d/med_1622039067_Live_pictures.png","i_subscribed":true,"community_notifications_enabled":null,"description":null}],"recoubs_count":5,"remixes_count":0,"likes_count":31,"dislikes_count":0,"raw_video_id":16823229,"uploaded_by_ios_app":false,"uploaded_by_android_app":true,"media_blocks":{"uploaded_raw_videos":[],"external_raw_videos":[{"id":39806912,"title":"Stunning Cinemagraphs by Flixel Artists","url":"https://www.youtube.com/watch?v=T83ZnnoBFhQ","image":"https://coub-anubis-a.akamaized.net/coub_storage/media_block/cw_image/6ad4761caee/ba896aefcc8c3fca22299/video_1633612350_1fflzlt_1633514482_1633514480_c4qqu9_att-url-download.webp","image_retina":"https://coub-anubis-a.akamaized.net/coub_storage/media_block/cw_image/6ad4761caee/ba896aefcc8c3fca22299/video_retina_1633612350_1fflzlt_1633514482_1633514480_c4qqu9_att-url-download.webp","meta":{"service":"Youtube","duration":"122.8"},"duration":122.8,"raw_video_id":16823229,"has_embed":true}],"remixed_from_coubs":[],"external_video":{"id":39806912,"title":"Stunning Cinemagraphs by Flixel Artists","url":"https://www.youtube.com/watch?v=T83ZnnoBFhQ","image":"https://coub-anubis-a.akamaized.net/coub_storage/media_block/cw_image/6ad4761caee/ba896aefcc8c3fca22299/video_1633612350_1fflzlt_1633514482_1633514480_c4qqu9_att-url-download.webp","image_retina":"https://coub-anubis-a.akamaized.net/coub_storage/media_block/cw_image/6ad4761caee/ba896aefcc8c3fca22299/video_retina_1633612350_1fflzlt_1633514482_1633514480_c4qqu9_att-url-download.webp","meta":{"service":"Youtube","duration":"122.8"},"duration":122.8,"raw_video_id":16823229,"has_embed":true}},"raw_video_thumbnail_url":"https://coub-anubis-a.akamaized.net/coub_storage/raw_video/cw_image/13ead0fc135/bf554f633447875157fbe/coub_media_1633514482_1633514480_c4qqu9_att-url-download.webp","raw_video_title":"Stunning Cinemagraphs by Flixel Artists","video_block_banned":false,"duration":2.12,"promo_winner":false,"promo_winner_recoubers":null,"editorial_info":{},"promo_hint":null,"beeline_best_2014":null,"from_web_editor":false,"normalize_sound":true,"normalize_change_allowed":true,"best2015_addable":false,"ahmad_promo":null,"promo_data":null,"audio_copyright_claim":null,"ads_disabled":null,"is_safe_for_ads":true,"megafon_contents":[],"position_on_page":8},{"flag":null,"abuses":null,"recoubs_by_users_channels":null,"favourite":false,"promoted_id":null,"recoub":null,"like":null,"dislike":null,"reaction":null,"in_my_best2015":false,"id":177041950,"type":"Coub::Simple","permalink":"2x25cq","title":"Waiting for the hour of death","visibility_type":"public","original_visibility_type":"public","channel_id":71804,"created_at":"2021-10-14T09:42:04Z","updated_at":"2022-01-27T21:10:04Z","is_done":true,"views_count":10103,"cotd":null,"cotd_at":null,"visible_on_explore_root":false,"visible_on_explore":false,"featured":false,"published":true,"published_at":"2021-10-14T09:42:04Z","reversed":true,"from_editor_v2":true,"is_editable":true,"original_sound":false,"has_sound":false,"recoub_to":null,"file_versions":{"html5":{"video":{"higher":{"url":"https://coub-anubis-a.akamaized.net/coub_storage/coub/simple/cw_file/b1c09ecaf23/fadcf33e3004b72baf948/muted_mp4_huge_size_1634204657_muted_huge.mp4","size":1468335},"high":{"url":"https://coub-anubis-a.akamaized.net/coub_storage/coub/simple/cw_file/b1c09ecaf23/fadcf33e3004b72baf948/muted_mp4_big_size_1634204657_muted_big.mp4","size":855879},"med":{"url":"https://coub-anubis-a.akamaized.net/coub_storage/coub/simple/cw_file/b1c09ecaf23/fadcf33e3004b72baf948/muted_mp4_med_size_1634204657_muted_med.mp4","size":262997}},"audio":{"high":{"url":"https://coub-anubis-a.akamaized.net/coub_storage/coub/simple/cw_looped_audio_high/3383e341d3b/274afec409f238d23942f/1634204689_mp3-high.mp3","size":3112899},"med":{"url":"https://coub-anubis-a.akamaized.net/coub_storage/coub/simple/cw_looped_audio_med/0031454e5bf/9ddba876938de98391c1b/1634204686_mp3-med.mp3","size":2265022}}},"mobile":{"video":"https://coub-anubis-a.akamaized.net/coub_storage/coub/simple/cw_file/b1c09ecaf23/fadcf33e3004b72baf948/muted_mp4_med_size_1634204657_muted_med.mp4","audio":["https://coub-anubis-a.akamaized.net/coub_storage/coub/simple/cw_looped_audio_med/0031454e5bf/9ddba876938de98391c1b/1634204686_mp3-med.mp3"]},"share":{"default":"https://coub-anubis-a.akamaized.net/coub_storage/coub/simple/cw_video_for_sharing/6ff94d8f325/796a9fc749ce703c7f015/1634204718_looped_1634204717.mp4"}},"audio_versions":{"template":"https://coub-anubis-a.akamaized.net/coub_storage/audio_track/cw_normalized_copy/e721036ba50/9a46c64f7659134ccb0f5/mid_1634204676_normalized_1634204660_1f942a5_edited.mp3","versions":["mid","low"]},"image_versions":{"template":"https://coub-anubis-a.akamaized.net/coub_storage/coub/simple/cw_image/6d2a16a8fdc/3dcdd80431b94d14927a7/%{version}_1634204693_00037.jpg","versions":["micro","tiny","age_restricted","ios_large","ios_mosaic","big","med","small","pinterest"]},"first_frame_versions":{"template":"https://coub-anubis-a.akamaized.net/coub_storage/coub/simple/cw_timeline_pic/0bdda1fe18d/30990fccbff477413a207/%{version}_1634204693_image.jpg","versions":["big","med","small","ios_large"]},"dimensions":{"big":[538,960],"med":[268,480]},"site_w_h":[224,400],"page_w_h":[400,714],"site_w_h_small":[310,553],"size":[538,960],"age_restricted":false,"age_restricted_by_admin":false,"not_safe_for_work":null,"allow_reuse":false,"dont_crop":true,"banned":false,"global_safe":null,"audio_file_url":"https://coub-anubis-a.akamaized.net/coub_storage/audio_track/cw_normalized_copy/e721036ba50/9a46c64f7659134ccb0f5/low_1634204676_normalized_1634204660_1f942a5_edited.mp3","external_download":false,"application":null,"channel":{"id":71804,"permalink":"impulse201","title":"UnDeaD","description":null,"followers_count":26,"following_count":6,"avatar_versions":{"template":"https://coub-anubis-a.akamaized.net/coub_storage/channel/cw_avatar/bf41cbf9652/c836c1c986bd3ce923a45/%{version}_1474484262_6577956.jpg","versions":["medium","medium_2x","profile_pic","profile_pic_new","profile_pic_new_2x","tiny","tiny_2x","small","small_2x","ios_large","ios_small"]}},"file":null,"picture":"https://coub-anubis-a.akamaized.net/coub_storage/coub/simple/cw_image/6d2a16a8fdc/3dcdd80431b94d14927a7/med_1634204693_00037.jpg","timeline_picture":"https://coub-anubis-a.akamaized.net/coub_storage/coub/simple/cw_timeline_pic/0bdda1fe18d/30990fccbff477413a207/ios_large_1634204693_image.jpg","small_picture":"https://coub-anubis-a.akamaized.net/coub_storage/coub/simple/cw_image/6d2a16a8fdc/3dcdd80431b94d14927a7/ios_mosaic_1634204693_00037.jpg","sharing_picture":null,"percent_done":100,"tags":[{"id":249566,"title":"mike myers","value":"mike%20myers"},{"id":5539,"title":"valera","value":"valera"}],"categories":[{"id":114,"title":"Live Pictures","permalink":"live-pictures","subscriptions_count":2028289,"big_image_url":"https://coub-anubis-a.akamaized.net/coub_storage/category/cw_image/6a781fee541/43bd1211431771697290d/big_1622039067_Live_pictures.png","small_image_url":"https://coub-anubis-a.akamaized.net/coub_storage/category/cw_image/6a781fee541/43bd1211431771697290d/small_1622039067_Live_pictures.png","med_image_url":"https://coub-anubis-a.akamaized.net/coub_storage/category/cw_image/6a781fee541/43bd1211431771697290d/med_1622039067_Live_pictures.png","visible":true}],"communities":[{"id":114,"title":"Live Pictures","permalink":"live-pictures","subscriptions_count":2028289,"big_image_url":"https://coub-anubis-a.akamaized.net/coub_storage/category/cw_image/6a781fee541/43bd1211431771697290d/big_1622039067_Live_pictures.png","small_image_url":"https://coub-anubis-a.akamaized.net/coub_storage/category/cw_image/6a781fee541/43bd1211431771697290d/small_1622039067_Live_pictures.png","med_image_url":"https://coub-anubis-a.akamaized.net/coub_storage/category/cw_image/6a781fee541/43bd1211431771697290d/med_1622039067_Live_pictures.png","i_subscribed":true,"community_notifications_enabled":null,"description":null}],"recoubs_count":3,"remixes_count":0,"likes_count":31,"dislikes_count":0,"raw_video_id":16843751,"uploaded_by_ios_app":false,"uploaded_by_android_app":false,"media_blocks":{"uploaded_raw_videos":[],"external_raw_videos":[],"remixed_from_coubs":[]},"raw_video_thumbnail_url":"https://coub-anubis-a.akamaized.net/coub_storage/raw_video/cw_image/f678d9a85a2/3456fc354d89bd73c8398/coub_media_1634204425_image.jpg","raw_video_title":"video-1634204329.mp4","video_block_banned":false,"duration":11.6,"promo_winner":false,"promo_winner_recoubers":null,"editorial_info":{},"promo_hint":null,"beeline_best_2014":null,"from_web_editor":true,"normalize_sound":true,"normalize_change_allowed":true,"best2015_addable":false,"ahmad_promo":null,"promo_data":null,"audio_copyright_claim":null,"ads_disabled":null,"is_safe_for_ads":true,"megafon_contents":[],"position_on_page":9},{"flag":null,"abuses":null,"recoubs_by_users_channels":null,"favourite":false,"promoted_id":null,"recoub":null,"like":null,"dislike":null,"reaction":null,"in_my_best2015":false,"id":176937834,"type":"Coub::Simple","permalink":"2wzx0m","title":"Фнаф","visibility_type":"public","original_visibility_type":"public","channel_id":12570419,"created_at":"2021-10-12T08:31:10Z","updated_at":"2022-03-06T19:17:22Z","is_done":true,"views_count":12709,"cotd":null,"cotd_at":null,"visible_on_explore_root":false,"visible_on_explore":false,"featured":false,"published":true,"published_at":"2021-10-12T08:31:10Z","reversed":false,"from_editor_v2":true,"is_editable":true,"original_sound":true,"has_sound":true,"recoub_to":null,"file_versions":{"html5":{"video":{"higher":{"url":"https://coub-anubis-a.akamaized.net/coub_storage/coub/simple/cw_file/788894e7120/b1c40184ec7a460907ed6/muted_mp4_huge_size_1634027486_muted_huge.mp4","size":1054679},"high":{"url":"https://coub-anubis-a.akamaized.net/coub_storage/coub/simple/cw_file/788894e7120/b1c40184ec7a460907ed6/muted_mp4_big_size_1634027486_muted_big.mp4","size":671105},"med":{"url":"https://coub-anubis-a.akamaized.net/coub_storage/coub/simple/cw_file/788894e7120/b1c40184ec7a460907ed6/muted_mp4_med_size_1634027486_muted_med.mp4","size":231570}},"audio":{"high":{"url":"https://coub-anubis-a.akamaized.net/coub_storage/coub/simple/cw_looped_audio_high/bcc1ccd8401/c8230925c410fcba56bed/1634027488_mp3-high.mp3","size":1077272},"med":{"url":"https://coub-anubis-a.akamaized.net/coub_storage/coub/simple/cw_looped_audio_med/376826bf28e/b87c539ba22bc53216206/1634027487_mp3-med.mp3","size":857163},"sample_duration":8.011}},"mobile":{"video":"https://coub-anubis-a.akamaized.net/coub_storage/coub/simple/cw_file/788894e7120/b1c40184ec7a460907ed6/muted_mp4_med_size_1634027486_muted_med.mp4","audio":["https://coub-anubis-a.akamaized.net/coub_storage/coub/simple/cw_looped_audio_med/376826bf28e/b87c539ba22bc53216206/1634027487_mp3-med.mp3"]},"share":{"default":"https://coub-anubis-a.akamaized.net/coub_storage/coub/simple/cw_video_for_sharing/f045985335f/59792afb17ae229f05041/1634027506_looped_1634027506.mp4"}},"audio_versions":{},"image_versions":{"template":"https://coub-anubis-a.akamaized.net/coub_storage/coub/simple/cw_image/b0bc506a7d2/e6626a78f0327d133dac5/%{version}_1634027491_00026.jpg","versions":["micro","tiny","age_restricted","ios_large","ios_mosaic","big","med","small","pinterest"]},"first_frame_versions":{"template":"https://coub-anubis-a.akamaized.net/coub_storage/coub/simple/cw_timeline_pic/9c374e62508/2db969d999c3ec6b7a06c/%{version}_1634027490_image.jpg","versions":["big","med","small","ios_large"]},"dimensions":{"big":[1280,720],"med":[640,360]},"site_w_h":[640,360],"page_w_h":[640,360],"site_w_h_small":[310,174],"size":[1280,720],"age_restricted":false,"age_restricted_by_admin":false,"not_safe_for_work":null,"allow_reuse":false,"dont_crop":true,"banned":false,"global_safe":null,"audio_file_url":null,"external_download":false,"application":null,"channel":{"id":12570419,"permalink":"218b7eb59a3a9923f935785f3f5b290c","title":"Varganov Egor","description":null,"followers_count":0,"following_count":11,"avatar_versions":{"template":"https://coub-anubis-a.akamaized.net/coub_storage/channel/cw_avatar/73c2f3bedf8/69046c28d37f06e0f1633/%{version}_1634025351_cropped.jpeg","versions":["medium","medium_2x","profile_pic","profile_pic_new","profile_pic_new_2x","tiny","tiny_2x","small","small_2x","ios_large","ios_small"]}},"file":null,"picture":"https://coub-anubis-a.akamaized.net/coub_storage/coub/simple/cw_image/b0bc506a7d2/e6626a78f0327d133dac5/med_1634027491_00026.jpg","timeline_picture":"https://coub-anubis-a.akamaized.net/coub_storage/coub/simple/cw_timeline_pic/9c374e62508/2db969d999c3ec6b7a06c/ios_large_1634027490_image.jpg","small_picture":"https://coub-anubis-a.akamaized.net/coub_storage/coub/simple/cw_image/b0bc506a7d2/e6626a78f0327d133dac5/ios_mosaic_1634027491_00026.jpg","sharing_picture":null,"percent_done":100,"tags":[],"categories":[{"id":114,"title":"Live Pictures","permalink":"live-pictures","subscriptions_count":2028289,"big_image_url":"https://coub-anubis-a.akamaized.net/coub_storage/category/cw_image/6a781fee541/43bd1211431771697290d/big_1622039067_Live_pictures.png","small_image_url":"https://coub-anubis-a.akamaized.net/coub_storage/category/cw_image/6a781fee541/43bd1211431771697290d/small_1622039067_Live_pictures.png","med_image_url":"https://coub-anubis-a.akamaized.net/coub_storage/category/cw_image/6a781fee541/43bd1211431771697290d/med_1622039067_Live_pictures.png","visible":true}],"communities":[{"id":114,"title":"Live Pictures","permalink":"live-pictures","subscriptions_count":2028289,"big_image_url":"https://coub-anubis-a.akamaized.net/coub_storage/category/cw_image/6a781fee541/43bd1211431771697290d/big_1622039067_Live_pictures.png","small_image_url":"https://coub-anubis-a.akamaized.net/coub_storage/category/cw_image/6a781fee541/43bd1211431771697290d/small_1622039067_Live_pictures.png","med_image_url":"https://coub-anubis-a.akamaized.net/coub_storage/category/cw_image/6a781fee541/43bd1211431771697290d/med_1622039067_Live_pictures.png","i_subscribed":true,"community_notifications_enabled":null,"description":null}],"recoubs_count":2,"remixes_count":0,"likes_count":31,"dislikes_count":0,"raw_video_id":16838527,"uploaded_by_ios_app":false,"uploaded_by_android_app":true,"media_blocks":{"uploaded_raw_videos":[],"external_raw_videos":[],"remixed_from_coubs":[]},"raw_video_thumbnail_url":"/missing/missing.png","raw_video_title":null,"video_block_banned":false,"duration":8.04,"promo_winner":false,"promo_winner_recoubers":null,"editorial_info":{},"promo_hint":null,"beeline_best_2014":null,"from_web_editor":false,"normalize_sound":true,"normalize_change_allowed":true,"best2015_addable":false,"ahmad_promo":null,"promo_data":null,"audio_copyright_claim":null,"ads_disabled":null,"is_safe_for_ads":true,"megafon_contents":[],"position_on_page":10}]}