{"page":49,"per_page":10,"total_pages":500,"coubs":[{"flag":null,"abuses":null,"recoubs_by_users_channels":null,"favourite":false,"promoted_id":null,"recoub":null,"like":null,"dislike":null,"reaction":null,"in_my_best2015":false,"id":71237060,"type":"Coub::Simple","permalink":"15zd30","title":"Breathless.","visibility_type":"public","original_visibility_type":"public","channel_id":2227934,"created_at":"2018-04-06T01:15:55Z","updated_at":"2022-02-20T13:46:55Z","is_done":true,"views_count":67837,"cotd":null,"cotd_at":null,"visible_on_explore_root":true,"visible_on_explore":true,"featured":true,"published":true,"published_at":"2018-04-06T01:15:55Z","reversed":false,"from_editor_v2":true,"is_editable":true,"original_sound":false,"has_sound":false,"recoub_to":null,"file_versions":{"html5":{"video":{"higher":{"url":"https://coub-anubis-a.akamaized.net/coub_storage/coub/simple/cw_file/8302a1d2fc9/aba8f8eb93c087bc6a5d8/muted_mp4_huge_size_1568216829_muted_huge.mp4","size":361538},"high":{"url":"https://coub-anubis-a.akamaized.net/coub_storage/coub/simple/cw_file/8302a1d2fc9/aba8f8eb93c087bc6a5d8/muted_mp4_big_size_1568216829_muted_big.mp4","size":296751},"med":{"url":"https://coub-anubis-a.akamaized.net/coub_storage/coub/simple/cw_file/8302a1d2fc9/aba8f8eb93c087bc6a5d8/muted_mp4_med_size_1568216829_muted_med.mp4","size":63568}},"audio":{"high":{"url":"https://coub-anubis-a.akamaized.net/coub_storage/coub/simple/cw_looped_audio_high/87a980a4937/f4bba97da4f6c30efa312/1605644773_high_1522977367_high.mp3","size":1262299},"med":{"url":"https://coub-anubis-a.akamaized.net/coub_storage/coub/simple/cw_looped_audio_med/6636eccee24/7f301b1577bf513526f4f/1605644773_med_1522977367_med.mp3","size":1032492}}},"mobile":{"video":"https://coub-anubis-a.akamaized.net/coub_storage/coub/simple/cw_file/8302a1d2fc9/aba8f8eb93c087bc6a5d8/muted_mp4_med_size_1568216829_muted_med.mp4","audio":["https://coub-anubis-a.akamaized.net/coub_storage/coub/simple/cw_looped_audio_med/6636eccee24/7f301b1577bf513526f4f/1605644773_med_1522977367_med.mp3"]},"share":{"default":"https://coub-anubis-a.akamaized.net/coub_storage/coub/simple/cw_video_for_sharing/7e39cb39dcb/ac00a9b629d4ca709947d/1617901186_looped_1617901186.mp4"}},"audio_versions":{"template":"https://coub-anubis-a.akamaized.net/coub_storage/audio_track/cw_file/160bcca00b5/52a9cc5be6c4b2fbfd3fb/mid_1522977359_193rjzu_edited.mp3","versions":["mid","low"]},"image_versions":{"template":"https://coub-anubis-a.akamaized.net/coub_storage/coub/simple/cw_image/3937d9f9b6a/b5b95e7ff1140ad318852/1522977372_00007.jpg","versions":["micro","tiny","age_restricted","ios_large","ios_mosaic","big","med","small","pinterest"]},"first_frame_versions":{"template":"https://coub-anubis-a.akamaized.net/coub_storage/coub/simple/cw_timeline_pic/9ed0fc30652/973c3dba784c63bfe22e1/1522977372_image.jpg","versions":["big","med","small","ios_large"]},"dimensions":{"big":[1280,700],"med":[640,350]},"site_w_h":[640,350],"page_w_h":[640,350],"site_w_h_small":[310,170],"size":[1280,700],"age_restricted":false,"age_restricted_by_admin":false,"not_safe_for_work":false,"allow_reuse":false,"dont_crop":false,"banned":false,"global_safe":true,"audio_file_url":"https://coub-anubis-a.akamaized.net/coub_storage/audio_track/cw_file/160bcca00b5/52a9cc5be6c4b2fbfd3fb/low_1522977359_193rjzu_edited.mp3","external_download":{"type":"Imgur","service_name":"Imgur","url":"http://i.imgur.com/ty1kgoj.gifv","has_embed":false},"application":null,"channel":{"id":2227934,"permalink":"cinemagraphs","title":"Cinemagraphs 🍒","description":"Pictures of the future 📸 #Cinemagraphs","followers_count":51485,"following_count":25,"avatar_versions":{"template":"https://coub-anubis-a.akamaized.net/coub_storage/channel/cw_avatar/b167cf416ae/e7e9bad8a41580de67e5e/%{version}_1607423119_5o3vhm_1474588843_fonstola.ru-57386.jpg","versions":["medium","medium_2x","profile_pic","profile_pic_new","profile_pic_new_2x","tiny","tiny_2x","small","small_2x","ios_large","ios_small"]}},"file":null,"picture":"https://coub-anubis-a.akamaized.net/coub_storage/coub/simple/cw_image/3937d9f9b6a/b5b95e7ff1140ad318852/1522977372_00007.jpg","timeline_picture":"https://coub-anubis-a.akamaized.net/coub_storage/coub/simple/cw_timeline_pic/9ed0fc30652/973c3dba784c63bfe22e1/1522977372_image.jpg","small_picture":"https://coub-anubis-a.akamaized.net/coub_storage/coub/simple/cw_image/3937d9f9b6a/b5b95e7ff1140ad318852/1522977372_00007.jpg","sharing_picture":null,"percent_done":100,"tags":[{"id":49603,"title":"cinemagraph","value":"cinemagraph"},{"id":379284,"title":"cinemagraphs","value":"cinemagraphs"},{"id":168,"title":"loop","value":"loop"},{"id":421,"title":"gif","value":"gif"},{"id":2306,"title":"underwater","value":"underwater"},{"id":712,"title":"a$ap rocky","value":"a$ap%20rocky"},{"id":1133540,"title":"eleprimer","value":"eleprimer"}],"categories":[{"id":114,"title":"Live Pictures","permalink":"live-pictures","subscriptions_count":2028289,"big_image_url":"https://coub-anubis-a.akamaized.net/coub_storage/category/cw_image/6a781fee541/43bd1211431771697290d/big_1622039067_Live_pictures.png","small_image_url":"https://coub-anubis-a.akamaized.net/coub_storage/category/cw_image/6a781fee541/43bd1211431771697290d/small_1622039067_Live_pictures.png","med_image_url":"https://coub-anubis-a.akamaized.net/coub_storage/category/cw_image/6a781fee541/43bd1211431771697290d/med_1622039067_Live_pictures.png","visible":true}],"communities":[{"id":114,"title":"Live Pictures","permalink":"live-pictures","subscriptions_count":2028289,"big_image_url":"https://coub-anubis-a.akamaized.net/coub_storage/category/cw_image/6a781fee541/43bd1211431771697290d/big_1622039067_Live_pictures.png","small_image_url":"https://coub-anubis-a.akamaized.net/coub_storage/category/cw_image/6a781fee541/43bd1211431771697290d/small_1622039067_Live_pictures.png","med_image_url":"https://coub-anubis-a.akamaized.net/coub_storage/category/cw_image/6a781fee541/43bd1211431771697290d/med_1622039067_Live_pictures.png","i_subscribed":true,"community_notifications_enabled":null,"description":null}],"recoubs_count":163,"remixes_count":2,"likes_count":656,"dislikes_count":0,"raw_video_id":11413308,"uploaded_by_ios_app":false,"uploaded_by_android_app":false,"media_blocks":{"uploaded_raw_videos":[],"external_raw_videos":[{"id":25587760,"title":"Breathless.","url":"https://imgur.com/ty1kgoj","image":"https://coub-anubis-a.akamaized.net/coub_storage/media_block/cw_image/430455e2ae1/e1754f35f6107c6dacc0c/1522246628_1522246623_11mrdto_att-url-download.jpg","image_retina":"https://coub-anubis-a.akamaized.net/coub_storage/media_block/cw_image/430455e2ae1/e1754f35f6107c6dacc0c/1522246628_1522246623_11mrdto_att-url-download.jpg","meta":{"service":"Imgur","duration":"1.96"},"duration":1.96,"raw_video_id":11413308,"has_embed":false}],"remixed_from_coubs":[],"external_video":{"id":25587760,"title":"Breathless.","url":"https://imgur.com/ty1kgoj","image":"https://coub-anubis-a.akamaized.net/coub_storage/media_block/cw_image/430455e2ae1/e1754f35f6107c6dacc0c/1522246628_1522246623_11mrdto_att-url-download.jpg","image_retina":"https://coub-anubis-a.akamaized.net/coub_storage/media_block/cw_image/430455e2ae1/e1754f35f6107c6dacc0c/1522246628_1522246623_11mrdto_att-url-download.jpg","meta":{"service":"Imgur","duration":"1.96"},"duration":1.96,"raw_video_id":11413308,"has_embed":false}},"raw_video_thumbnail_url":"/missing/missing.png","raw_video_title":"Breathless.","video_block_banned":false,"duration":1.96,"promo_winner":false,"promo_winner_recoubers":null,"editorial_info":{},"promo_hint":null,"beeline_best_2014":null,"from_web_editor":true,"normalize_sound":false,"normalize_change_allowed":true,"best2015_addable":false,"ahmad_promo":null,"promo_data":null,"audio_copyright_claim":null,"ads_disabled":false,"is_safe_for_ads":true,"megafon_contents":[],"position_on_page":1},{"flag":null,"abuses":null,"recoubs_by_users_channels":null,"favourite":false,"promoted_id":null,"recoub":null,"like":null,"dislike":null,"reaction":null,"in_my_best2015":false,"id":26981406,"type":"Coub::Simple","permalink":"fm5rf","title":" Forget about Freeman","visibility_type":"public","original_visibility_type":"public","channel_id":2534217,"created_at":"2016-10-19T21:52:19Z","updated_at":"2022-03-06T17:07:46Z","is_done":true,"views_count":55278,"cotd":null,"cotd_at":null,"visible_on_explore_root":true,"visible_on_explore":true,"featured":true,"published":true,"published_at":"2016-10-19T21:52:19Z","reversed":false,"from_editor_v2":true,"is_editable":true,"original_sound":false,"has_sound":false,"recoub_to":null,"file_versions":{"html5":{"video":{"higher":{"url":"https://coub-anubis-a.akamaized.net/coub_storage/coub/simple/cw_file/fe21039cf2b/155d4bcf094c0dad05c1f/muted_mp4_huge_size_1567934268_muted_huge.mp4","size":1448428},"high":{"url":"https://coub-anubis-a.akamaized.net/coub_storage/coub/simple/cw_file/fe21039cf2b/155d4bcf094c0dad05c1f/muted_mp4_big_size_1567934268_muted_big.mp4","size":1166976},"med":{"url":"https://coub-anubis-a.akamaized.net/coub_storage/coub/simple/cw_file/fe21039cf2b/155d4bcf094c0dad05c1f/muted_mp4_med_size_1567934268_muted_med.mp4","size":542838}},"audio":{"high":{"url":"https://coub-anubis-a.akamaized.net/coub_storage/coub/simple/cw_looped_audio_high/bfefce5937a/eab598cc6cb4b59cd377b/1605533560_high_1476913986_high.mp3","size":6742081},"med":{"url":"https://coub-anubis-a.akamaized.net/coub_storage/coub/simple/cw_looped_audio_med/decfec1f5f6/12639bcd0b5cd748b1563/1605533559_med_1476913986_med.mp3","size":6343132}}},"mobile":{"video":"https://coub-anubis-a.akamaized.net/coub_storage/coub/simple/cw_file/fe21039cf2b/155d4bcf094c0dad05c1f/muted_mp4_med_size_1567934268_muted_med.mp4","audio":["https://coub-anubis-a.akamaized.net/coub_storage/coub/simple/cw_looped_audio_med/decfec1f5f6/12639bcd0b5cd748b1563/1605533559_med_1476913986_med.mp3"]},"share":{"default":"https://coub-anubis-a.akamaized.net/coub_storage/coub/simple/cw_video_for_sharing/963995f5728/79229c89030e03ebbfe57/1608516196_looped_1608516195.mp4"}},"audio_versions":{"template":"https://coub-anubis-a.akamaized.net/coub_storage/audio_track/cw_normalized_copy/a76314a8a15/abd92192b68f137285b0b/mid_1476913961_1ak6ofw_normalized_1476913749_audio.mp3","versions":["mid","low"]},"image_versions":{"template":"https://coub-anubis-a.akamaized.net/coub_storage/coub/simple/cw_image/b579a5340eb/231722e7ed3958fb966e6/1476914007_00032.jpg","versions":["micro","tiny","age_restricted","ios_large","ios_mosaic","big","med","small","pinterest"]},"first_frame_versions":{"template":"https://coub-anubis-a.akamaized.net/coub_storage/coub/simple/cw_timeline_pic/b579a5340eb/231722e7ed3958fb966e6/%{version}_1476914007_image.jpg","versions":["big","med","small","ios_large"]},"dimensions":{"big":[960,960],"med":[480,480]},"site_w_h":[400,400],"page_w_h":[400,400],"site_w_h_small":[310,310],"size":[960,960],"age_restricted":false,"age_restricted_by_admin":false,"not_safe_for_work":false,"allow_reuse":false,"dont_crop":false,"banned":false,"global_safe":true,"audio_file_url":"https://coub-anubis-a.akamaized.net/coub_storage/audio_track/cw_normalized_copy/a76314a8a15/abd92192b68f137285b0b/low_1476913961_1ak6ofw_normalized_1476913749_audio.mp3","external_download":false,"application":null,"channel":{"id":2534217,"permalink":"softreality","title":"Soft Reality","description":"Morgan Young","followers_count":8281,"following_count":12,"avatar_versions":{"template":"https://coub-anubis-a.akamaized.net/coub_storage/channel/cw_avatar/b8db006b79f/c275c4c50c1e89cc58566/%{version}_1607432471_fis9ei_1474571636_ecxGZfZAEZg.png","versions":["medium","medium_2x","profile_pic","profile_pic_new","profile_pic_new_2x","tiny","tiny_2x","small","small_2x","ios_large","ios_small"]}},"file":null,"picture":"https://coub-anubis-a.akamaized.net/coub_storage/coub/simple/cw_image/b579a5340eb/231722e7ed3958fb966e6/1476914007_00032.jpg","timeline_picture":"https://coub-anubis-a.akamaized.net/coub_storage/coub/simple/cw_timeline_pic/b579a5340eb/231722e7ed3958fb966e6/ios_large_1476914007_image.jpg","small_picture":"https://coub-anubis-a.akamaized.net/coub_storage/coub/simple/cw_image/b579a5340eb/231722e7ed3958fb966e6/1476914007_00032.jpg","sharing_picture":null,"percent_done":100,"tags":[{"id":1806969,"title":"s u r v i v e","value":"s%20u%20r%20v%20i%20v%20e"},{"id":11961,"title":"half life","value":"half%20life"},{"id":2345,"title":"gaming","value":"gaming"},{"id":35822,"title":"pixel art","value":"pixel%20art"},{"id":1412883,"title":"soft reality","value":"soft%20reality"}],"categories":[{"id":114,"title":"Live Pictures","permalink":"live-pictures","subscriptions_count":2028289,"big_image_url":"https://coub-anubis-a.akamaized.net/coub_storage/category/cw_image/6a781fee541/43bd1211431771697290d/big_1622039067_Live_pictures.png","small_image_url":"https://coub-anubis-a.akamaized.net/coub_storage/category/cw_image/6a781fee541/43bd1211431771697290d/small_1622039067_Live_pictures.png","med_image_url":"https://coub-anubis-a.akamaized.net/coub_storage/category/cw_image/6a781fee541/43bd1211431771697290d/med_1622039067_Live_pictures.png","visible":true}],"communities":[{"id":114,"title":"Live Pictures","permalink":"live-pictures","subscriptions_count":2028289,"big_image_url":"https://coub-anubis-a.akamaized.net/coub_storage/category/cw_image/6a781fee541/43bd1211431771697290d/big_1622039067_Live_pictures.png","small_image_url":"https://coub-anubis-a.akamaized.net/coub_storage/category/cw_image/6a781fee541/43bd1211431771697290d/small_1622039067_Live_pictures.png","med_image_url":"https://coub-anubis-a.akamaized.net/coub_storage/category/cw_image/6a781fee541/43bd1211431771697290d/med_1622039067_Live_pictures.png","i_subscribed":true,"community_notifications_enabled":null,"description":null}],"recoubs_count":185,"remixes_count":3,"likes_count":654,"dislikes_count":0,"raw_video_id":3808961,"uploaded_by_ios_app":false,"uploaded_by_android_app":false,"media_blocks":{"uploaded_raw_videos":[],"external_raw_videos":[],"remixed_from_coubs":[]},"raw_video_thumbnail_url":"/missing/missing.png","raw_video_title":"faf.mp4","video_block_banned":false,"duration":10.04,"promo_winner":false,"promo_winner_recoubers":null,"editorial_info":{},"promo_hint":null,"beeline_best_2014":null,"from_web_editor":true,"normalize_sound":true,"normalize_change_allowed":true,"best2015_addable":false,"ahmad_promo":null,"promo_data":null,"audio_copyright_claim":null,"ads_disabled":null,"is_safe_for_ads":true,"megafon_contents":[],"position_on_page":2},{"flag":null,"abuses":null,"recoubs_by_users_channels":null,"favourite":false,"promoted_id":null,"recoub":null,"like":null,"dislike":null,"reaction":null,"in_my_best2015":false,"id":64079463,"type":"Coub::Simple","permalink":"11pb22","title":"Cloudscape","visibility_type":"public","original_visibility_type":"public","channel_id":3967412,"created_at":"2018-01-08T15:50:55Z","updated_at":"2022-01-09T19:26:06Z","is_done":true,"views_count":73572,"cotd":null,"cotd_at":null,"visible_on_explore_root":true,"visible_on_explore":true,"featured":true,"published":true,"published_at":"2018-01-08T15:50:55Z","reversed":false,"from_editor_v2":true,"is_editable":true,"original_sound":false,"has_sound":false,"recoub_to":null,"file_versions":{"html5":{"video":{"higher":{"url":"https://coub-anubis-a.akamaized.net/coub_storage/coub/simple/cw_file/cc5870e072c/6c59bd93adbef9dc0e0df/muted_mp4_huge_size_1568180748_muted_huge.mp4","size":304263},"high":{"url":"https://coub-anubis-a.akamaized.net/coub_storage/coub/simple/cw_file/cc5870e072c/6c59bd93adbef9dc0e0df/muted_mp4_big_size_1568180748_muted_big.mp4","size":558817},"med":{"url":"https://coub-anubis-a.akamaized.net/coub_storage/coub/simple/cw_file/cc5870e072c/6c59bd93adbef9dc0e0df/muted_mp4_med_size_1568180748_muted_med.mp4","size":29697}},"audio":{"high":{"url":"https://coub-anubis-a.akamaized.net/coub_storage/coub/simple/cw_looped_audio_high/29057e91a13/78ddae1a5c638cd7bbd46/1605625386_high_1515426686_high.mp3","size":3300793},"med":{"url":"https://coub-anubis-a.akamaized.net/coub_storage/coub/simple/cw_looped_audio_med/891cae612e2/7e0aa49bae47c2e3ff48f/1605625385_med_1515426686_med.mp3","size":2434654}}},"mobile":{"video":"https://coub-anubis-a.akamaized.net/coub_storage/coub/simple/cw_file/cc5870e072c/6c59bd93adbef9dc0e0df/muted_mp4_med_size_1568180748_muted_med.mp4","audio":["https://coub-anubis-a.akamaized.net/coub_storage/coub/simple/cw_looped_audio_med/891cae612e2/7e0aa49bae47c2e3ff48f/1605625385_med_1515426686_med.mp3"]},"share":{"default":"https://coub-anubis-a.akamaized.net/coub_storage/coub/simple/cw_video_for_sharing/3e5da952410/08311a681095ae54310d9/1641756366_looped_1641756365.mp4"}},"audio_versions":{"template":"https://coub-anubis-a.akamaized.net/coub_storage/audio_track/cw_normalized_copy/1037a990ecf/552a24632c5b408e61722/mid_1515426676_191gjra_normalized_1515426662_zdijs_edited.mp3","versions":["mid","low"]},"image_versions":{"template":"https://coub-anubis-a.akamaized.net/coub_storage/coub/simple/cw_image/2324f3a2d4d/d82f08b3564ee105b3f6a/1515426697_00006.jpg","versions":["micro","tiny","age_restricted","ios_large","ios_mosaic","big","med","small","pinterest"]},"first_frame_versions":{"template":"https://coub-anubis-a.akamaized.net/coub_storage/coub/simple/cw_timeline_pic/ae42bdf56ce/ef8ecaa7601e8d0da9020/%{version}_1515426697_image.jpg","versions":["big","med","small","ios_large"]},"dimensions":{"big":[1280,534],"med":[640,266]},"site_w_h":[640,267],"page_w_h":[640,267],"site_w_h_small":[310,129],"size":[1280,534],"age_restricted":false,"age_restricted_by_admin":false,"not_safe_for_work":false,"allow_reuse":false,"dont_crop":false,"banned":false,"global_safe":true,"audio_file_url":"https://coub-anubis-a.akamaized.net/coub_storage/audio_track/cw_normalized_copy/1037a990ecf/552a24632c5b408e61722/low_1515426676_191gjra_normalized_1515426662_zdijs_edited.mp3","external_download":false,"application":null,"channel":{"id":3967412,"permalink":"waxtown0","title":"WaxTown","description":"hi i am waxtown my vidioblog  ᴡᴡᴡⴰwaxtown.okobt.ru","followers_count":7501,"following_count":2165,"avatar_versions":{"template":"https://coub-anubis-a.akamaized.net/coub_storage/channel/cw_avatar/45c170ba165/331dd4d5a030f36af5f5a/%{version}_1607432472_c0rs7z_1513254562_Logo.png","versions":["medium","medium_2x","profile_pic","profile_pic_new","profile_pic_new_2x","tiny","tiny_2x","small","small_2x","ios_large","ios_small"]}},"file":null,"picture":"https://coub-anubis-a.akamaized.net/coub_storage/coub/simple/cw_image/2324f3a2d4d/d82f08b3564ee105b3f6a/1515426697_00006.jpg","timeline_picture":"https://coub-anubis-a.akamaized.net/coub_storage/coub/simple/cw_timeline_pic/ae42bdf56ce/ef8ecaa7601e8d0da9020/ios_large_1515426697_image.jpg","small_picture":"https://coub-anubis-a.akamaized.net/coub_storage/coub/simple/cw_image/2324f3a2d4d/d82f08b3564ee105b3f6a/1515426697_00006.jpg","sharing_picture":null,"percent_done":100,"tags":[{"id":26736,"title":"gifs","value":"gifs"},{"id":5508,"title":"clouds","value":"clouds"},{"id":6079,"title":"weather","value":"weather"},{"id":379284,"title":"cinemagraphs","value":"cinemagraphs"},{"id":8550,"title":"hans zimmer","value":"hans%20zimmer"}],"categories":[{"id":114,"title":"Live Pictures","permalink":"live-pictures","subscriptions_count":2028289,"big_image_url":"https://coub-anubis-a.akamaized.net/coub_storage/category/cw_image/6a781fee541/43bd1211431771697290d/big_1622039067_Live_pictures.png","small_image_url":"https://coub-anubis-a.akamaized.net/coub_storage/category/cw_image/6a781fee541/43bd1211431771697290d/small_1622039067_Live_pictures.png","med_image_url":"https://coub-anubis-a.akamaized.net/coub_storage/category/cw_image/6a781fee541/43bd1211431771697290d/med_1622039067_Live_pictures.png","visible":true}],"communities":[{"id":114,"title":"Live Pictures","permalink":"live-pictures","subscriptions_count":2028289,"big_image_url":"https://coub-anubis-a.akamaized.net/coub_storage/category/cw_image/6a781fee541/43bd1211431771697290d/big_1622039067_Live_pictures.png","small_image_url":"https://coub-anubis-a.akamaized.net/coub_storage/category/cw_image/6a781fee541/43bd1211431771697290d/small_1622039067_Live_pictures.png","med_image_url":"https://coub-anubis-a.akamaized.net/coub_storage/category/cw_image/6a781fee541/43bd1211431771697290d/med_1622039067_Live_pictures.png","i_subscribed":true,"community_notifications_enabled":null,"description":null}],"recoubs_count":191,"remixes_count":3,"likes_count":653,"dislikes_count":0,"raw_video_id":10891677,"uploaded_by_ios_app":false,"uploaded_by_android_app":false,"media_blocks":{"uploaded_raw_videos":[],"external_raw_videos":[],"remixed_from_coubs":[]},"raw_video_thumbnail_url":"/missing/missing.png","raw_video_title":"CloudscapeWM.gif","video_block_banned":false,"duration":1.8,"promo_winner":false,"promo_winner_recoubers":null,"editorial_info":{},"promo_hint":null,"beeline_best_2014":null,"from_web_editor":true,"normalize_sound":true,"normalize_change_allowed":true,"best2015_addable":false,"ahmad_promo":null,"promo_data":null,"audio_copyright_claim":null,"ads_disabled":false,"is_safe_for_ads":true,"megafon_contents":[],"position_on_page":3},{"flag":null,"abuses":null,"recoubs_by_users_channels":null,"favourite":false,"promoted_id":null,"recoub":null,"like":null,"dislike":null,"reaction":null,"in_my_best2015":false,"id":58268921,"type":"Coub::Simple","permalink":"y8rkn","title":"Mojave Wanderer","visibility_type":"public","original_visibility_type":"public","channel_id":2534217,"created_at":"2017-10-04T20:06:09Z","updated_at":"2022-03-07T07:48:48Z","is_done":true,"views_count":85332,"cotd":null,"cotd_at":null,"visible_on_explore_root":true,"visible_on_explore":true,"featured":true,"published":true,"published_at":"2017-10-04T20:06:09Z","reversed":false,"from_editor_v2":true,"is_editable":true,"original_sound":false,"has_sound":false,"recoub_to":null,"file_versions":{"html5":{"video":{"higher":{"url":"https://coub-anubis-a.akamaized.net/coub_storage/coub/simple/cw_file/f0f4b0bd67a/f33857d6ddb5cd46790e8/muted_mp4_huge_size_1568152455_muted_huge.mp4","size":555515},"high":{"url":"https://coub-anubis-a.akamaized.net/coub_storage/coub/simple/cw_file/f0f4b0bd67a/f33857d6ddb5cd46790e8/muted_mp4_big_size_1568152455_muted_big.mp4","size":420417},"med":{"url":"https://coub-anubis-a.akamaized.net/coub_storage/coub/simple/cw_file/f0f4b0bd67a/f33857d6ddb5cd46790e8/muted_mp4_med_size_1568152455_muted_med.mp4","size":194170}},"audio":{"high":{"url":"https://coub-anubis-a.akamaized.net/coub_storage/coub/simple/cw_looped_audio_high/0611f09a3ea/e5fcddc00058aeb6f55a6/1605571972_high_1507147614_high.mp3","size":3550521},"med":{"url":"https://coub-anubis-a.akamaized.net/coub_storage/coub/simple/cw_looped_audio_med/0b1946ee8e6/3fdd0ad3480c1ebd3e102/1605571970_med_1507147614_med.mp3","size":2657748}}},"mobile":{"video":"https://coub-anubis-a.akamaized.net/coub_storage/coub/simple/cw_file/f0f4b0bd67a/f33857d6ddb5cd46790e8/muted_mp4_med_size_1568152455_muted_med.mp4","audio":["https://coub-anubis-a.akamaized.net/coub_storage/coub/simple/cw_looped_audio_med/0b1946ee8e6/3fdd0ad3480c1ebd3e102/1605571970_med_1507147614_med.mp3"]},"share":{"default":"https://coub-anubis-a.akamaized.net/coub_storage/coub/simple/cw_video_for_sharing/8621416893d/c0c3b944f0c7771f49cb4/1613260688_looped_1613260687.mp4"}},"audio_versions":{"template":"https://coub-anubis-a.akamaized.net/coub_storage/audio_track/cw_normalized_copy/c3b131e1044/f43e18c367a78d1883f14/mid_1507147578_1kxgr0y_normalized_1507147418_audio.mp3","versions":["mid","low"]},"image_versions":{"template":"https://coub-anubis-a.akamaized.net/coub_storage/coub/simple/cw_image/1c2ce242d56/a771296d1e73f28b17d39/1507147663_00025.jpg","versions":["micro","tiny","age_restricted","ios_large","ios_mosaic","big","med","small","pinterest"]},"first_frame_versions":{"template":"https://coub-anubis-a.akamaized.net/coub_storage/coub/simple/cw_timeline_pic/a045cc937ab/e652175ab31e2cbd1967e/%{version}_1507147663_image.jpg","versions":["big","med","small","ios_large"]},"dimensions":{"big":[960,960],"med":[480,480]},"site_w_h":[400,400],"page_w_h":[400,400],"site_w_h_small":[310,310],"size":[960,960],"age_restricted":false,"age_restricted_by_admin":false,"not_safe_for_work":false,"allow_reuse":false,"dont_crop":false,"banned":false,"global_safe":true,"audio_file_url":"https://coub-anubis-a.akamaized.net/coub_storage/audio_track/cw_normalized_copy/c3b131e1044/f43e18c367a78d1883f14/low_1507147578_1kxgr0y_normalized_1507147418_audio.mp3","external_download":false,"application":null,"channel":{"id":2534217,"permalink":"softreality","title":"Soft Reality","description":"Morgan Young","followers_count":8281,"following_count":12,"avatar_versions":{"template":"https://coub-anubis-a.akamaized.net/coub_storage/channel/cw_avatar/b8db006b79f/c275c4c50c1e89cc58566/%{version}_1607432471_fis9ei_1474571636_ecxGZfZAEZg.png","versions":["medium","medium_2x","profile_pic","profile_pic_new","profile_pic_new_2x","tiny","tiny_2x","small","small_2x","ios_large","ios_small"]}},"file":null,"picture":"https://coub-anubis-a.akamaized.net/coub_storage/coub/simple/cw_image/1c2ce242d56/a771296d1e73f28b17d39/1507147663_00025.jpg","timeline_picture":"https://coub-anubis-a.akamaized.net/coub_storage/coub/simple/cw_timeline_pic/a045cc937ab/e652175ab31e2cbd1967e/ios_large_1507147663_image.jpg","small_picture":"https://coub-anubis-a.akamaized.net/coub_storage/coub/simple/cw_image/1c2ce242d56/a771296d1e73f28b17d39/1507147663_00025.jpg","sharing_picture":null,"percent_done":100,"tags":[{"id":194274,"title":"wanderer","value":"wanderer"},{"id":1880008,"title":"8 bit universe","value":"8%20bit%20universe"},{"id":896,"title":"dion","value":"dion"},{"id":1412883,"title":"soft reality","value":"soft%20reality"},{"id":151214,"title":"pixel animation","value":"pixel%20animation"},{"id":35822,"title":"pixel art","value":"pixel%20art"},{"id":2345,"title":"gaming","value":"gaming"},{"id":979599,"title":"vault boy","value":"vault%20boy"},{"id":20397,"title":"fallout new vegas","value":"fallout%20new%20vegas"},{"id":2247,"title":"fallout","value":"fallout"}],"categories":[{"id":114,"title":"Live Pictures","permalink":"live-pictures","subscriptions_count":2028289,"big_image_url":"https://coub-anubis-a.akamaized.net/coub_storage/category/cw_image/6a781fee541/43bd1211431771697290d/big_1622039067_Live_pictures.png","small_image_url":"https://coub-anubis-a.akamaized.net/coub_storage/category/cw_image/6a781fee541/43bd1211431771697290d/small_1622039067_Live_pictures.png","med_image_url":"https://coub-anubis-a.akamaized.net/coub_storage/category/cw_image/6a781fee541/43bd1211431771697290d/med_1622039067_Live_pictures.png","visible":true}],"communities":[{"id":114,"title":"Live Pictures","permalink":"live-pictures","subscriptions_count":2028289,"big_image_url":"https://coub-anubis-a.akamaized.net/coub_storage/category/cw_image/6a781fee541/43bd1211431771697290d/big_1622039067_Live_pictures.png","small_image_url":"https://coub-anubis-a.akamaized.net/coub_storage/category/cw_image/6a781fee541/43bd1211431771697290d/small_1622039067_Live_pictures.png","med_image_url":"https://coub-anubis-a.akamaized.net/coub_storage/category/cw_image/6a781fee541/43bd1211431771697290d/med_1622039067_Live_pictures.png","i_subscribed":true,"community_notifications_enabled":null,"description":null}],"recoubs_count":112,"remixes_count":2,"likes_count":653,"dislikes_count":0,"raw_video_id":10350258,"uploaded_by_ios_app":false,"uploaded_by_android_app":false,"media_blocks":{"uploaded_raw_videos":[],"external_raw_videos":[],"remixed_from_coubs":[]},"raw_video_thumbnail_url":"/missing/missing.png","raw_video_title":"VltbsoftrealFinal2.gif","video_block_banned":false,"duration":7.68,"promo_winner":false,"promo_winner_recoubers":null,"editorial_info":{},"promo_hint":null,"beeline_best_2014":null,"from_web_editor":true,"normalize_sound":true,"normalize_change_allowed":true,"best2015_addable":false,"ahmad_promo":null,"promo_data":null,"audio_copyright_claim":null,"ads_disabled":false,"is_safe_for_ads":true,"megafon_contents":[],"position_on_page":4},{"flag":null,"abuses":null,"recoubs_by_users_channels":null,"favourite":false,"promoted_id":null,"recoub":null,"like":null,"dislike":null,"reaction":null,"in_my_best2015":false,"id":74573586,"type":"Coub::Simple","permalink":"17zb0h","title":"Stress","visibility_type":"public","original_visibility_type":"public","channel_id":3907421,"created_at":"2018-05-16T08:46:07Z","updated_at":"2022-03-12T23:11:48Z","is_done":true,"views_count":86004,"cotd":null,"cotd_at":null,"visible_on_explore_root":true,"visible_on_explore":true,"featured":true,"published":true,"published_at":"2018-05-16T08:46:07Z","reversed":false,"from_editor_v2":true,"is_editable":true,"original_sound":false,"has_sound":false,"recoub_to":null,"file_versions":{"html5":{"video":{"higher":{"url":"https://coub-anubis-a.akamaized.net/coub_storage/coub/simple/cw_file/ca9b0b22605/80318b95eb4e4baf2e42d/muted_mp4_huge_size_1568234336_muted_huge.mp4","size":527310},"high":{"url":"https://coub-anubis-a.akamaized.net/coub_storage/coub/simple/cw_file/ca9b0b22605/80318b95eb4e4baf2e42d/muted_mp4_big_size_1568234336_muted_big.mp4","size":591836},"med":{"url":"https://coub-anubis-a.akamaized.net/coub_storage/coub/simple/cw_file/ca9b0b22605/80318b95eb4e4baf2e42d/muted_mp4_med_size_1568234336_muted_med.mp4","size":78710}},"audio":{"high":{"url":"https://coub-anubis-a.akamaized.net/coub_storage/coub/simple/cw_looped_audio_high/af513d85f1b/aad6361639d27a8cbff40/1605653000_high_1526460426_high.mp3","size":6647998},"med":{"url":"https://coub-anubis-a.akamaized.net/coub_storage/coub/simple/cw_looped_audio_med/dd04f6bf633/73000f99e2e2451276fe7/1605652999_med_1526460426_med.mp3","size":4855760}}},"mobile":{"video":"https://coub-anubis-a.akamaized.net/coub_storage/coub/simple/cw_file/ca9b0b22605/80318b95eb4e4baf2e42d/muted_mp4_med_size_1568234336_muted_med.mp4","audio":["https://coub-anubis-a.akamaized.net/coub_storage/coub/simple/cw_looped_audio_med/dd04f6bf633/73000f99e2e2451276fe7/1605652999_med_1526460426_med.mp3"]},"share":{"default":null}},"audio_versions":{"template":"https://coub-anubis-a.akamaized.net/coub_storage/audio_track/cw_normalized_copy/750afd8817c/da69a849fe2c052032bc9/mid_1526460404_1b1mkyy_normalized_1526460379_zsaxr9_edited.mp3","versions":["mid","low"]},"image_versions":{"template":"https://coub-anubis-a.akamaized.net/coub_storage/coub/simple/cw_image/f19ce7b404a/9bf61eee177b93d492bb5/1526460444_00011.jpg","versions":["micro","tiny","age_restricted","ios_large","ios_mosaic","big","med","small","pinterest"]},"first_frame_versions":{"template":"https://coub-anubis-a.akamaized.net/coub_storage/coub/simple/cw_timeline_pic/5dd11c674ac/9a907b23606e32aa23756/%{version}_1526460444_image.jpg","versions":["big","med","small","ios_large"]},"dimensions":{"big":[1280,654],"med":[640,326]},"site_w_h":[640,327],"page_w_h":[640,327],"site_w_h_small":[310,158],"size":[1280,654],"age_restricted":false,"age_restricted_by_admin":false,"not_safe_for_work":false,"allow_reuse":false,"dont_crop":false,"banned":false,"global_safe":true,"audio_file_url":"https://coub-anubis-a.akamaized.net/coub_storage/audio_track/cw_normalized_copy/750afd8817c/da69a849fe2c052032bc9/low_1526460404_1b1mkyy_normalized_1526460379_zsaxr9_edited.mp3","external_download":false,"application":null,"channel":{"id":3907421,"permalink":"aleksandregaganidzee","title":"Aleksandre Gaganidze","description":"️","followers_count":1182,"following_count":23,"avatar_versions":{"template":"https://coub-anubis-a.akamaized.net/coub_storage/channel/cw_avatar/09a489489ff/86f5a675ec2aa9892f61d/%{version}_1609085243_m0nqc7_1586825660_83bf515fc1c4610b78e985ad50b30b8f.jpg","versions":["medium","medium_2x","profile_pic","profile_pic_new","profile_pic_new_2x","tiny","tiny_2x","small","small_2x","ios_large","ios_small"]}},"file":null,"picture":"https://coub-anubis-a.akamaized.net/coub_storage/coub/simple/cw_image/f19ce7b404a/9bf61eee177b93d492bb5/1526460444_00011.jpg","timeline_picture":"https://coub-anubis-a.akamaized.net/coub_storage/coub/simple/cw_timeline_pic/5dd11c674ac/9a907b23606e32aa23756/ios_large_1526460444_image.jpg","small_picture":"https://coub-anubis-a.akamaized.net/coub_storage/coub/simple/cw_image/f19ce7b404a/9bf61eee177b93d492bb5/1526460444_00011.jpg","sharing_picture":null,"percent_done":100,"tags":[{"id":49603,"title":"cinemagraph","value":"cinemagraph"},{"id":290498,"title":"living photos","value":"living%20photos"},{"id":73244,"title":"movie moments","value":"movie%20moments"},{"id":261763,"title":"in the mood for love","value":"in%20the%20mood%20for%20love"},{"id":3181756,"title":"verdis quo","value":"verdis%20quo"}],"categories":[{"id":114,"title":"Live Pictures","permalink":"live-pictures","subscriptions_count":2028289,"big_image_url":"https://coub-anubis-a.akamaized.net/coub_storage/category/cw_image/6a781fee541/43bd1211431771697290d/big_1622039067_Live_pictures.png","small_image_url":"https://coub-anubis-a.akamaized.net/coub_storage/category/cw_image/6a781fee541/43bd1211431771697290d/small_1622039067_Live_pictures.png","med_image_url":"https://coub-anubis-a.akamaized.net/coub_storage/category/cw_image/6a781fee541/43bd1211431771697290d/med_1622039067_Live_pictures.png","visible":true}],"communities":[{"id":114,"title":"Live Pictures","permalink":"live-pictures","subscriptions_count":2028289,"big_image_url":"https://coub-anubis-a.akamaized.net/coub_storage/category/cw_image/6a781fee541/43bd1211431771697290d/big_1622039067_Live_pictures.png","small_image_url":"https://coub-anubis-a.akamaized.net/coub_storage/category/cw_image/6a781fee541/43bd1211431771697290d/small_1622039067_Live_pictures.png","med_image_url":"https://coub-anubis-a.akamaized.net/coub_storage/category/cw_image/6a781fee541/43bd1211431771697290d/med_1622039067_Live_pictures.png","i_subscribed":true,"community_notifications_enabled":null,"description":null}],"recoubs_count":169,"remixes_count":3,"likes_count":651,"dislikes_count":0,"raw_video_id":"","uploaded_by_ios_app":false,"uploaded_by_android_app":false,"media_blocks":{"uploaded_raw_videos":[],"external_raw_videos":[],"remixed_from_coubs":[]},"raw_video_thumbnail_url":"","raw_video_title":"","video_block_banned":false,"duration":3.2,"promo_winner":false,"promo_winner_recoubers":null,"editorial_info":{},"promo_hint":null,"beeline_best_2014":null,"from_web_editor":true,"normalize_sound":true,"normalize_change_allowed":true,"best2015_addable":false,"ahmad_promo":null,"promo_data":null,"audio_copyright_claim":null,"ads_disabled":false,"is_safe_for_ads":true,"megafon_contents":[],"position_on_page":5},{"flag":null,"abuses":null,"recoubs_by_users_channels":null,"favourite":false,"promoted_id":null,"recoub":null,"like":null,"dislike":null,"reaction":null,"in_my_best2015":false,"id":56845171,"type":"Coub::Simple","permalink":"xe8zl","title":"Blade Runner 2049 06","visibility_type":"public","original_visibility_type":"public","channel_id":3590746,"created_at":"2017-09-05T02:36:08Z","updated_at":"2022-03-01T04:19:33Z","is_done":true,"views_count":45552,"cotd":null,"cotd_at":null,"visible_on_explore_root":false,"visible_on_explore":false,"featured":false,"published":true,"published_at":"2017-09-05T02:36:08Z","reversed":false,"from_editor_v2":true,"is_editable":true,"original_sound":false,"has_sound":false,"recoub_to":null,"file_versions":{"html5":{"video":{"higher":{"url":"https://coub-anubis-a.akamaized.net/coub_storage/coub/simple/cw_file/56f9c4967e6/b2bfe729c2da3fef09e74/muted_mp4_huge_size_1568144064_muted_huge.mp4","size":1492211},"high":{"url":"https://coub-anubis-a.akamaized.net/coub_storage/coub/simple/cw_file/56f9c4967e6/b2bfe729c2da3fef09e74/muted_mp4_big_size_1568144064_muted_big.mp4","size":1236601},"med":{"url":"https://coub-anubis-a.akamaized.net/coub_storage/coub/simple/cw_file/56f9c4967e6/b2bfe729c2da3fef09e74/muted_mp4_med_size_1568144064_muted_med.mp4","size":243594}},"audio":{"high":{"url":"https://coub-anubis-a.akamaized.net/coub_storage/coub/simple/cw_looped_audio_high/eca6a6d0bdc/306f560d3ab3d1ca3e359/1605566809_high_1504579003_high.mp3","size":2911885},"med":{"url":"https://coub-anubis-a.akamaized.net/coub_storage/coub/simple/cw_looped_audio_med/40ff1221e5e/9a76df08ae4fa19a4f24b/1605566806_med_1504579003_med.mp3","size":2172153}}},"mobile":{"video":"https://coub-anubis-a.akamaized.net/coub_storage/coub/simple/cw_file/56f9c4967e6/b2bfe729c2da3fef09e74/muted_mp4_med_size_1568144064_muted_med.mp4","audio":["https://coub-anubis-a.akamaized.net/coub_storage/coub/simple/cw_looped_audio_med/40ff1221e5e/9a76df08ae4fa19a4f24b/1605566806_med_1504579003_med.mp3"]},"share":{"default":"https://coub-anubis-a.akamaized.net/coub_storage/coub/simple/cw_video_for_sharing/b6051dece48/0de02adf8ad93e471f41e/1613062843_looped_1613062843.mp4"}},"audio_versions":{"template":"https://coub-anubis-a.akamaized.net/coub_storage/audio_track/cw_file/9658ecf8d1b/8abc9039d461e5a9e8f8f/mid_1504578984_pnoemj_edited.mp3","versions":["mid","low"]},"image_versions":{"template":"https://coub-anubis-a.akamaized.net/coub_storage/coub/simple/cw_image/920591a439d/04e397b0ce2e672108a85/1504579014_00029.jpg","versions":["micro","tiny","age_restricted","ios_large","ios_mosaic","big","med","small","pinterest"]},"first_frame_versions":{"template":"https://coub-anubis-a.akamaized.net/coub_storage/coub/simple/cw_timeline_pic/8b70a65db8b/126726069786bc3e72d1d/%{version}_1504579013_image.jpg","versions":["big","med","small","ios_large"]},"dimensions":{"big":[1280,552],"med":[640,276]},"site_w_h":[640,276],"page_w_h":[640,276],"site_w_h_small":[310,134],"size":[1280,552],"age_restricted":false,"age_restricted_by_admin":false,"not_safe_for_work":null,"allow_reuse":false,"dont_crop":false,"banned":false,"global_safe":true,"audio_file_url":"https://coub-anubis-a.akamaized.net/coub_storage/audio_track/cw_file/9658ecf8d1b/8abc9039d461e5a9e8f8f/low_1504578984_pnoemj_edited.mp3","external_download":false,"application":null,"channel":{"id":3590746,"permalink":"freezeframe","title":"Freeze frame","description":"Freeze frame coubs channel","followers_count":8175,"following_count":0,"avatar_versions":{"template":"https://coub-anubis-a.akamaized.net/coub_storage/channel/cw_avatar/7276c60c74f/4115346aa1ad49e7bdf82/%{version}_1607432325_84dk5_1495362298_mpl01.jpg","versions":["medium","medium_2x","profile_pic","profile_pic_new","profile_pic_new_2x","tiny","tiny_2x","small","small_2x","ios_large","ios_small"]}},"file":null,"picture":"https://coub-anubis-a.akamaized.net/coub_storage/coub/simple/cw_image/920591a439d/04e397b0ce2e672108a85/1504579014_00029.jpg","timeline_picture":"https://coub-anubis-a.akamaized.net/coub_storage/coub/simple/cw_timeline_pic/8b70a65db8b/126726069786bc3e72d1d/ios_large_1504579013_image.jpg","small_picture":"https://coub-anubis-a.akamaized.net/coub_storage/coub/simple/cw_image/920591a439d/04e397b0ce2e672108a85/1504579014_00029.jpg","sharing_picture":null,"percent_done":100,"tags":[{"id":2435561,"title":"blade runner 2049","value":"blade%20runner%202049"},{"id":1033,"title":"blade runner","value":"blade%20runner"},{"id":6941,"title":"geek","value":"geek"},{"id":154,"title":"movie","value":"movie"},{"id":132058,"title":"freeze frame","value":"freeze%20frame"},{"id":49603,"title":"cinemagraph","value":"cinemagraph"},{"id":379284,"title":"cinemagraphs","value":"cinemagraphs"},{"id":33595,"title":"cyberpunk","value":"cyberpunk"},{"id":414,"title":"future","value":"future"},{"id":73244,"title":"movie moments","value":"movie%20moments"},{"id":3297770,"title":"solar fields – gabriel","value":"solar%20fields%20%E2%80%93%20gabriel"},{"id":2413,"title":"ryan gosling","value":"ryan%20gosling"},{"id":964355,"title":"ana de armas","value":"ana%20de%20armas"},{"id":203830,"title":"denis villeneuve","value":"denis%20villeneuve"}],"categories":[{"id":114,"title":"Live Pictures","permalink":"live-pictures","subscriptions_count":2028289,"big_image_url":"https://coub-anubis-a.akamaized.net/coub_storage/category/cw_image/6a781fee541/43bd1211431771697290d/big_1622039067_Live_pictures.png","small_image_url":"https://coub-anubis-a.akamaized.net/coub_storage/category/cw_image/6a781fee541/43bd1211431771697290d/small_1622039067_Live_pictures.png","med_image_url":"https://coub-anubis-a.akamaized.net/coub_storage/category/cw_image/6a781fee541/43bd1211431771697290d/med_1622039067_Live_pictures.png","visible":true}],"communities":[{"id":114,"title":"Live Pictures","permalink":"live-pictures","subscriptions_count":2028289,"big_image_url":"https://coub-anubis-a.akamaized.net/coub_storage/category/cw_image/6a781fee541/43bd1211431771697290d/big_1622039067_Live_pictures.png","small_image_url":"https://coub-anubis-a.akamaized.net/coub_storage/category/cw_image/6a781fee541/43bd1211431771697290d/small_1622039067_Live_pictures.png","med_image_url":"https://coub-anubis-a.akamaized.net/coub_storage/category/cw_image/6a781fee541/43bd1211431771697290d/med_1622039067_Live_pictures.png","i_subscribed":true,"community_notifications_enabled":null,"description":null}],"recoubs_count":147,"remixes_count":5,"likes_count":651,"dislikes_count":0,"raw_video_id":10201906,"uploaded_by_ios_app":false,"uploaded_by_android_app":false,"media_blocks":{"uploaded_raw_videos":[],"external_raw_videos":[],"remixed_from_coubs":[]},"raw_video_thumbnail_url":"/missing/missing.png","raw_video_title":"br03b.mp4","video_block_banned":false,"duration":9.04,"promo_winner":false,"promo_winner_recoubers":null,"editorial_info":{},"promo_hint":null,"beeline_best_2014":null,"from_web_editor":true,"normalize_sound":false,"normalize_change_allowed":true,"best2015_addable":false,"ahmad_promo":null,"promo_data":null,"audio_copyright_claim":null,"ads_disabled":null,"is_safe_for_ads":true,"megafon_contents":[],"position_on_page":6},{"flag":null,"abuses":null,"recoubs_by_users_channels":null,"favourite":false,"promoted_id":null,"recoub":null,"like":null,"dislike":null,"reaction":null,"in_my_best2015":false,"id":163864738,"type":"Coub::Simple","permalink":"2p7pob","title":"Emma","visibility_type":"public","original_visibility_type":"public","channel_id":4164153,"created_at":"2021-02-17T10:14:49Z","updated_at":"2022-03-16T10:19:40Z","is_done":true,"views_count":80573,"cotd":null,"cotd_at":null,"visible_on_explore_root":true,"visible_on_explore":true,"featured":true,"published":true,"published_at":"2021-02-17T10:17:09Z","reversed":false,"from_editor_v2":true,"is_editable":true,"original_sound":false,"has_sound":false,"recoub_to":null,"file_versions":{"html5":{"video":{"higher":{"url":"https://coub-anubis-a.akamaized.net/coub_storage/coub/simple/cw_file/c1ab64da21d/46c3a69b56c27c8dc93f3/muted_mp4_huge_size_1613556897_muted_huge.mp4","size":635489},"high":{"url":"https://coub-anubis-a.akamaized.net/coub_storage/coub/simple/cw_file/c1ab64da21d/46c3a69b56c27c8dc93f3/muted_mp4_big_size_1613556897_muted_big.mp4","size":477277},"med":{"url":"https://coub-anubis-a.akamaized.net/coub_storage/coub/simple/cw_file/c1ab64da21d/46c3a69b56c27c8dc93f3/muted_mp4_med_size_1613556897_muted_med.mp4","size":81906}},"audio":{"high":{"url":"https://coub-anubis-a.akamaized.net/coub_storage/coub/simple/cw_looped_audio_high/0b58134073f/b8924cd667bb1cf29f9e6/1613556903_mp3-high.mp3","size":1772928},"med":{"url":"https://coub-anubis-a.akamaized.net/coub_storage/coub/simple/cw_looped_audio_med/4a4243a197b/6558a7345ee757aa4b320/1613556902_mp3-med.mp3","size":1202315}}},"mobile":{"video":"https://coub-anubis-a.akamaized.net/coub_storage/coub/simple/cw_file/c1ab64da21d/46c3a69b56c27c8dc93f3/muted_mp4_med_size_1613556897_muted_med.mp4","audio":["https://coub-anubis-a.akamaized.net/coub_storage/coub/simple/cw_looped_audio_med/4a4243a197b/6558a7345ee757aa4b320/1613556902_mp3-med.mp3"]},"share":{"default":"https://coub-anubis-a.akamaized.net/coub_storage/coub/simple/cw_video_for_sharing/86d94fb46b0/3fa3da8a87b3c9d8843e9/1613556923_looped_1613556923.mp4"}},"audio_versions":{"template":"https://coub-anubis-a.akamaized.net/coub_storage/audio_track/cw_file/50791f10871/f8848b649012de1495c88/mid_1613556839_audio.mp3","versions":["mid","low"]},"image_versions":{"template":"https://coub-anubis-a.akamaized.net/coub_storage/coub/simple/cw_image/5060aa4060e/ebe27c8d27c5101ea3e6f/%{version}_1613556906_00019.jpg","versions":["micro","tiny","age_restricted","ios_large","ios_mosaic","big","med","small","pinterest"]},"first_frame_versions":{"template":"https://coub-anubis-a.akamaized.net/coub_storage/coub/simple/cw_timeline_pic/f393aed3668/3820b3264d0f62256e1b1/%{version}_1613556906_image.jpg","versions":["big","med","small","ios_large"]},"dimensions":{"big":[1280,720],"med":[640,360]},"site_w_h":[640,360],"page_w_h":[640,360],"site_w_h_small":[310,174],"size":[1280,720],"age_restricted":false,"age_restricted_by_admin":false,"not_safe_for_work":false,"allow_reuse":false,"dont_crop":true,"banned":false,"global_safe":true,"audio_file_url":"https://coub-anubis-a.akamaized.net/coub_storage/audio_track/cw_file/50791f10871/f8848b649012de1495c88/low_1613556839_audio.mp3","external_download":false,"application":null,"channel":{"id":4164153,"permalink":"marvellous","title":"Marvellous","description":"to be continued | inst | evgenyarsenev","followers_count":4707,"following_count":245,"avatar_versions":{"template":"https://coub-anubis-a.akamaized.net/coub_storage/channel/cw_avatar/29011479e7a/df7efaed0f59e34f0e7fe/%{version}_1613046345_tumblr_543745393924121cea52aee7c55aa1c7_cd6121cd_250.png","versions":["medium","medium_2x","profile_pic","profile_pic_new","profile_pic_new_2x","tiny","tiny_2x","small","small_2x","ios_large","ios_small"]}},"file":null,"picture":"https://coub-anubis-a.akamaized.net/coub_storage/coub/simple/cw_image/5060aa4060e/ebe27c8d27c5101ea3e6f/med_1613556906_00019.jpg","timeline_picture":"https://coub-anubis-a.akamaized.net/coub_storage/coub/simple/cw_timeline_pic/f393aed3668/3820b3264d0f62256e1b1/ios_large_1613556906_image.jpg","small_picture":"https://coub-anubis-a.akamaized.net/coub_storage/coub/simple/cw_image/5060aa4060e/ebe27c8d27c5101ea3e6f/ios_mosaic_1613556906_00019.jpg","sharing_picture":null,"percent_done":100,"tags":[{"id":2383110,"title":"anya taylor joy","value":"anya%20taylor%20joy"},{"id":12629,"title":"emma","value":"emma"},{"id":5809,"title":"эмма","value":"%D1%8D%D0%BC%D0%BC%D0%B0"},{"id":2800356,"title":"аня тейлор-джой","value":"%D0%B0%D0%BD%D1%8F%20%D1%82%D0%B5%D0%B9%D0%BB%D0%BE%D1%80-%D0%B4%D0%B6%D0%BE%D0%B9"},{"id":73244,"title":"movie moments","value":"movie%20moments"},{"id":1558,"title":"film","value":"film"},{"id":49603,"title":"cinemagraph","value":"cinemagraph"},{"id":379284,"title":"cinemagraphs","value":"cinemagraphs"},{"id":183,"title":"girl","value":"girl"}],"categories":[{"id":114,"title":"Live Pictures","permalink":"live-pictures","subscriptions_count":2028289,"big_image_url":"https://coub-anubis-a.akamaized.net/coub_storage/category/cw_image/6a781fee541/43bd1211431771697290d/big_1622039067_Live_pictures.png","small_image_url":"https://coub-anubis-a.akamaized.net/coub_storage/category/cw_image/6a781fee541/43bd1211431771697290d/small_1622039067_Live_pictures.png","med_image_url":"https://coub-anubis-a.akamaized.net/coub_storage/category/cw_image/6a781fee541/43bd1211431771697290d/med_1622039067_Live_pictures.png","visible":true}],"communities":[{"id":114,"title":"Live Pictures","permalink":"live-pictures","subscriptions_count":2028289,"big_image_url":"https://coub-anubis-a.akamaized.net/coub_storage/category/cw_image/6a781fee541/43bd1211431771697290d/big_1622039067_Live_pictures.png","small_image_url":"https://coub-anubis-a.akamaized.net/coub_storage/category/cw_image/6a781fee541/43bd1211431771697290d/small_1622039067_Live_pictures.png","med_image_url":"https://coub-anubis-a.akamaized.net/coub_storage/category/cw_image/6a781fee541/43bd1211431771697290d/med_1622039067_Live_pictures.png","i_subscribed":true,"community_notifications_enabled":null,"description":null}],"recoubs_count":131,"remixes_count":0,"likes_count":650,"dislikes_count":0,"raw_video_id":16180097,"uploaded_by_ios_app":false,"uploaded_by_android_app":false,"media_blocks":{"uploaded_raw_videos":[],"external_raw_videos":[],"remixed_from_coubs":[]},"raw_video_thumbnail_url":"/missing/missing.png","raw_video_title":"Emma.2020.BDRip.1080p_2.mp4","video_block_banned":false,"duration":5.96,"promo_winner":false,"promo_winner_recoubers":null,"editorial_info":{},"promo_hint":null,"beeline_best_2014":null,"from_web_editor":true,"normalize_sound":false,"normalize_change_allowed":true,"best2015_addable":false,"ahmad_promo":null,"promo_data":null,"audio_copyright_claim":null,"ads_disabled":false,"is_safe_for_ads":true,"megafon_contents":[],"position_on_page":7},{"flag":null,"abuses":null,"recoubs_by_users_channels":null,"favourite":false,"promoted_id":null,"recoub":null,"like":null,"dislike":null,"reaction":null,"in_my_best2015":false,"id":72433291,"type":"Coub::Simple","permalink":"16p7tl","title":"Sea of clouds","visibility_type":"public","original_visibility_type":"public","channel_id":1463722,"created_at":"2018-04-20T18:01:34Z","updated_at":"2022-02-28T06:30:11Z","is_done":true,"views_count":58021,"cotd":null,"cotd_at":null,"visible_on_explore_root":true,"visible_on_explore":true,"featured":true,"published":true,"published_at":"2018-04-20T18:01:34Z","reversed":false,"from_editor_v2":true,"is_editable":true,"original_sound":false,"has_sound":false,"recoub_to":null,"file_versions":{"html5":{"video":{"higher":{"url":"https://coub-anubis-a.akamaized.net/coub_storage/coub/simple/cw_file/3c5d31f6df3/e11cdd2e7dd09cfddbf5f/muted_mp4_huge_size_1568222894_muted_huge.mp4","size":349490},"high":{"url":"https://coub-anubis-a.akamaized.net/coub_storage/coub/simple/cw_file/3c5d31f6df3/e11cdd2e7dd09cfddbf5f/muted_mp4_big_size_1568222894_muted_big.mp4","size":276707},"med":{"url":"https://coub-anubis-a.akamaized.net/coub_storage/coub/simple/cw_file/3c5d31f6df3/e11cdd2e7dd09cfddbf5f/muted_mp4_med_size_1568222894_muted_med.mp4","size":64081}},"audio":{"high":{"url":"https://coub-anubis-a.akamaized.net/coub_storage/coub/simple/cw_looped_audio_high/6e476d9dc06/cfc559c68a1cba878b386/1605648020_high_1524247308_high.mp3","size":2844740},"med":{"url":"https://coub-anubis-a.akamaized.net/coub_storage/coub/simple/cw_looped_audio_med/d792ad7dd6c/2e5e64a443dd8cc6e3c37/1605648019_med_1524247308_med.mp3","size":2545994}}},"mobile":{"video":"https://coub-anubis-a.akamaized.net/coub_storage/coub/simple/cw_file/3c5d31f6df3/e11cdd2e7dd09cfddbf5f/muted_mp4_med_size_1568222894_muted_med.mp4","audio":["https://coub-anubis-a.akamaized.net/coub_storage/coub/simple/cw_looped_audio_med/d792ad7dd6c/2e5e64a443dd8cc6e3c37/1605648019_med_1524247308_med.mp3"]},"share":{"default":"https://coub-anubis-a.akamaized.net/coub_storage/coub/simple/cw_video_for_sharing/543b942cfa5/a25c49b1cda2b5b18aba6/1616888018_looped_1616888017.mp4"}},"audio_versions":{"template":"https://coub-anubis-a.akamaized.net/coub_storage/audio_track/cw_file/721dce2d344/6992b824524b907231d2e/mid_1524247118_audio.mp3","versions":["mid","low"]},"image_versions":{"template":"https://coub-anubis-a.akamaized.net/coub_storage/coub/simple/cw_image/08a0eef2b2d/fa77fa34e5706c1030756/1524247320_00004.jpg","versions":["micro","tiny","age_restricted","ios_large","ios_mosaic","big","med","small","pinterest"]},"first_frame_versions":{"template":"https://coub-anubis-a.akamaized.net/coub_storage/coub/simple/cw_timeline_pic/58512944e9a/581a488817665ece1d1fe/%{version}_1524247320_image.jpg","versions":["big","med","small","ios_large"]},"dimensions":{"big":[1280,720],"med":[640,360]},"site_w_h":[640,360],"page_w_h":[640,360],"site_w_h_small":[310,174],"size":[1280,720],"age_restricted":false,"age_restricted_by_admin":false,"not_safe_for_work":false,"allow_reuse":false,"dont_crop":false,"banned":false,"global_safe":true,"audio_file_url":"https://coub-anubis-a.akamaized.net/coub_storage/audio_track/cw_file/721dce2d344/6992b824524b907231d2e/low_1524247118_audio.mp3","external_download":false,"application":null,"channel":{"id":1463722,"permalink":"slavarobotam","title":"K","description":null,"followers_count":87,"following_count":53,"avatar_versions":{"template":"https://coub-anubis-a.akamaized.net/coub_storage/channel/cw_avatar/154fba44162/e1c80a838b527fa86c8a9/%{version}_1607828994_2nj587_1522329910_rodina.jpg","versions":["medium","medium_2x","profile_pic","profile_pic_new","profile_pic_new_2x","tiny","tiny_2x","small","small_2x","ios_large","ios_small"]}},"file":null,"picture":"https://coub-anubis-a.akamaized.net/coub_storage/coub/simple/cw_image/08a0eef2b2d/fa77fa34e5706c1030756/1524247320_00004.jpg","timeline_picture":"https://coub-anubis-a.akamaized.net/coub_storage/coub/simple/cw_timeline_pic/58512944e9a/581a488817665ece1d1fe/ios_large_1524247320_image.jpg","small_picture":"https://coub-anubis-a.akamaized.net/coub_storage/coub/simple/cw_image/08a0eef2b2d/fa77fa34e5706c1030756/1524247320_00004.jpg","sharing_picture":null,"percent_done":100,"tags":[{"id":3898231,"title":"mount rainer","value":"mount%20rainer"},{"id":1119904,"title":"sea of clouds","value":"sea%20of%20clouds"},{"id":3898232,"title":"i drive (soundtrack)","value":"i%20drive%20(soundtrack)"},{"id":13569,"title":"landscape","value":"landscape"},{"id":1736127,"title":"cloudscape","value":"cloudscape"},{"id":49603,"title":"cinemagraph","value":"cinemagraph"},{"id":379284,"title":"cinemagraphs","value":"cinemagraphs"},{"id":1094,"title":"nature","value":"nature"},{"id":905,"title":"mountain","value":"mountain"},{"id":6528,"title":"mountains","value":"mountains"},{"id":22217,"title":"calm","value":"calm"},{"id":102967,"title":"calming","value":"calming"},{"id":1087130,"title":"calming music","value":"calming%20music"},{"id":939,"title":"relax","value":"relax"}],"categories":[{"id":114,"title":"Live Pictures","permalink":"live-pictures","subscriptions_count":2028289,"big_image_url":"https://coub-anubis-a.akamaized.net/coub_storage/category/cw_image/6a781fee541/43bd1211431771697290d/big_1622039067_Live_pictures.png","small_image_url":"https://coub-anubis-a.akamaized.net/coub_storage/category/cw_image/6a781fee541/43bd1211431771697290d/small_1622039067_Live_pictures.png","med_image_url":"https://coub-anubis-a.akamaized.net/coub_storage/category/cw_image/6a781fee541/43bd1211431771697290d/med_1622039067_Live_pictures.png","visible":true}],"communities":[{"id":114,"title":"Live Pictures","permalink":"live-pictures","subscriptions_count":2028289,"big_image_url":"https://coub-anubis-a.akamaized.net/coub_storage/category/cw_image/6a781fee541/43bd1211431771697290d/big_1622039067_Live_pictures.png","small_image_url":"https://coub-anubis-a.akamaized.net/coub_storage/category/cw_image/6a781fee541/43bd1211431771697290d/small_1622039067_Live_pictures.png","med_image_url":"https://coub-anubis-a.akamaized.net/coub_storage/category/cw_image/6a781fee541/43bd1211431771697290d/med_1622039067_Live_pictures.png","i_subscribed":true,"community_notifications_enabled":null,"description":null}],"recoubs_count":144,"remixes_count":1,"likes_count":650,"dislikes_count":0,"raw_video_id":11554445,"uploaded_by_ios_app":false,"uploaded_by_android_app":false,"media_blocks":{"uploaded_raw_videos":[],"external_raw_videos":[],"remixed_from_coubs":[]},"raw_video_thumbnail_url":"/missing/missing.png","raw_video_title":"seaofclouds.mp4","video_block_banned":false,"duration":0.96,"promo_winner":false,"promo_winner_recoubers":null,"editorial_info":{},"promo_hint":null,"beeline_best_2014":null,"from_web_editor":true,"normalize_sound":false,"normalize_change_allowed":true,"best2015_addable":false,"ahmad_promo":null,"promo_data":null,"audio_copyright_claim":null,"ads_disabled":false,"is_safe_for_ads":true,"megafon_contents":[],"position_on_page":8},{"flag":null,"abuses":null,"recoubs_by_users_channels":null,"favourite":false,"promoted_id":null,"recoub":null,"like":null,"dislike":null,"reaction":null,"in_my_best2015":false,"id":68952821,"type":"Coub::Simple","permalink":"14m6tj","title":"Salt Lake City Skyline.","visibility_type":"public","original_visibility_type":"public","channel_id":2227934,"created_at":"2018-03-10T04:15:01Z","updated_at":"2022-03-11T23:36:54Z","is_done":true,"views_count":61049,"cotd":null,"cotd_at":null,"visible_on_explore_root":true,"visible_on_explore":true,"featured":true,"published":true,"published_at":"2018-03-10T04:15:01Z","reversed":false,"from_editor_v2":true,"is_editable":true,"original_sound":false,"has_sound":false,"recoub_to":null,"file_versions":{"html5":{"video":{"higher":{"url":"https://coub-anubis-a.akamaized.net/coub_storage/coub/simple/cw_file/e210c306f14/8f95e9d8e01a2910dbd43/muted_mp4_huge_size_1568205458_muted_huge.mp4","size":923286},"high":{"url":"https://coub-anubis-a.akamaized.net/coub_storage/coub/simple/cw_file/e210c306f14/8f95e9d8e01a2910dbd43/muted_mp4_big_size_1568205458_muted_big.mp4","size":942235},"med":{"url":"https://coub-anubis-a.akamaized.net/coub_storage/coub/simple/cw_file/e210c306f14/8f95e9d8e01a2910dbd43/muted_mp4_med_size_1568205458_muted_med.mp4","size":98265}},"audio":{"high":{"url":"https://coub-anubis-a.akamaized.net/coub_storage/coub/simple/cw_looped_audio_high/c1736f0206b/2cb5a52f0baa77bc2ef12/1605638003_high_1520655315_high.mp3","size":1138710},"med":{"url":"https://coub-anubis-a.akamaized.net/coub_storage/coub/simple/cw_looped_audio_med/00fbd6fd966/280b0cc17a984e7d2d1dd/1605638003_med_1520655315_med.mp3","size":830247}}},"mobile":{"video":"https://coub-anubis-a.akamaized.net/coub_storage/coub/simple/cw_file/e210c306f14/8f95e9d8e01a2910dbd43/muted_mp4_med_size_1568205458_muted_med.mp4","audio":["https://coub-anubis-a.akamaized.net/coub_storage/coub/simple/cw_looped_audio_med/00fbd6fd966/280b0cc17a984e7d2d1dd/1605638003_med_1520655315_med.mp3"]},"share":{"default":"https://coub-anubis-a.akamaized.net/coub_storage/coub/simple/cw_video_for_sharing/b28c22f439c/67ed18f82d1167108fc70/1634811725_looped_1634811724.mp4"}},"audio_versions":{"template":"https://coub-anubis-a.akamaized.net/coub_storage/audio_track/cw_file/adf8e9dc1a1/69b93219b6c2e30babba1/mid_1520655306_7cn2wc_edited.mp3","versions":["mid","low"]},"image_versions":{"template":"https://coub-anubis-a.akamaized.net/coub_storage/coub/simple/cw_image/e94c5417a9a/bf1dd2d0625addd2fb42c/1520655320_00007.jpg","versions":["micro","tiny","age_restricted","ios_large","ios_mosaic","big","med","small","pinterest"]},"first_frame_versions":{"template":"https://coub-anubis-a.akamaized.net/coub_storage/coub/simple/cw_timeline_pic/a205bc662fd/ddcb4047695adf9b54c66/%{version}_1520655320_image.jpg","versions":["big","med","small","ios_large"]},"dimensions":{"big":[1280,720],"med":[640,360]},"site_w_h":[640,360],"page_w_h":[640,360],"site_w_h_small":[310,174],"size":[1280,720],"age_restricted":false,"age_restricted_by_admin":false,"not_safe_for_work":false,"allow_reuse":false,"dont_crop":false,"banned":false,"global_safe":true,"audio_file_url":"https://coub-anubis-a.akamaized.net/coub_storage/audio_track/cw_file/adf8e9dc1a1/69b93219b6c2e30babba1/low_1520655306_7cn2wc_edited.mp3","external_download":{"type":"Imgur","service_name":"Imgur","url":"http://i.imgur.com/8n3SNpF.gifv","has_embed":false},"application":null,"channel":{"id":2227934,"permalink":"cinemagraphs","title":"Cinemagraphs 🍒","description":"Pictures of the future 📸 #Cinemagraphs","followers_count":51485,"following_count":25,"avatar_versions":{"template":"https://coub-anubis-a.akamaized.net/coub_storage/channel/cw_avatar/b167cf416ae/e7e9bad8a41580de67e5e/%{version}_1607423119_5o3vhm_1474588843_fonstola.ru-57386.jpg","versions":["medium","medium_2x","profile_pic","profile_pic_new","profile_pic_new_2x","tiny","tiny_2x","small","small_2x","ios_large","ios_small"]}},"file":null,"picture":"https://coub-anubis-a.akamaized.net/coub_storage/coub/simple/cw_image/e94c5417a9a/bf1dd2d0625addd2fb42c/1520655320_00007.jpg","timeline_picture":"https://coub-anubis-a.akamaized.net/coub_storage/coub/simple/cw_timeline_pic/a205bc662fd/ddcb4047695adf9b54c66/ios_large_1520655320_image.jpg","small_picture":"https://coub-anubis-a.akamaized.net/coub_storage/coub/simple/cw_image/e94c5417a9a/bf1dd2d0625addd2fb42c/1520655320_00007.jpg","sharing_picture":null,"percent_done":100,"tags":[{"id":175,"title":"usa","value":"usa"},{"id":86428,"title":"city night","value":"city%20night"},{"id":467,"title":"night","value":"night"},{"id":49603,"title":"cinemagraph","value":"cinemagraph"},{"id":379284,"title":"cinemagraphs","value":"cinemagraphs"},{"id":1133540,"title":"eleprimer","value":"eleprimer"}],"categories":[{"id":114,"title":"Live Pictures","permalink":"live-pictures","subscriptions_count":2028289,"big_image_url":"https://coub-anubis-a.akamaized.net/coub_storage/category/cw_image/6a781fee541/43bd1211431771697290d/big_1622039067_Live_pictures.png","small_image_url":"https://coub-anubis-a.akamaized.net/coub_storage/category/cw_image/6a781fee541/43bd1211431771697290d/small_1622039067_Live_pictures.png","med_image_url":"https://coub-anubis-a.akamaized.net/coub_storage/category/cw_image/6a781fee541/43bd1211431771697290d/med_1622039067_Live_pictures.png","visible":true}],"communities":[{"id":114,"title":"Live Pictures","permalink":"live-pictures","subscriptions_count":2028289,"big_image_url":"https://coub-anubis-a.akamaized.net/coub_storage/category/cw_image/6a781fee541/43bd1211431771697290d/big_1622039067_Live_pictures.png","small_image_url":"https://coub-anubis-a.akamaized.net/coub_storage/category/cw_image/6a781fee541/43bd1211431771697290d/small_1622039067_Live_pictures.png","med_image_url":"https://coub-anubis-a.akamaized.net/coub_storage/category/cw_image/6a781fee541/43bd1211431771697290d/med_1622039067_Live_pictures.png","i_subscribed":true,"community_notifications_enabled":null,"description":null}],"recoubs_count":146,"remixes_count":3,"likes_count":650,"dislikes_count":0,"raw_video_id":11283238,"uploaded_by_ios_app":false,"uploaded_by_android_app":false,"media_blocks":{"uploaded_raw_videos":[],"external_raw_videos":[{"id":25215560,"title":"Salt Lake City Skyline.","url":"https://imgur.com/8n3SNpF","image":"https://coub-anubis-a.akamaized.net/coub_storage/media_block/cw_image/60424c7ec0c/6925a71e860f42f5d7b83/1520567893_1520567890_1risnoy_att-url-download.jpg","image_retina":"https://coub-anubis-a.akamaized.net/coub_storage/media_block/cw_image/60424c7ec0c/6925a71e860f42f5d7b83/1520567893_1520567890_1risnoy_att-url-download.jpg","meta":{"service":"Imgur","duration":"2.0"},"duration":2.0,"raw_video_id":11283238,"has_embed":false}],"remixed_from_coubs":[],"external_video":{"id":25215560,"title":"Salt Lake City Skyline.","url":"https://imgur.com/8n3SNpF","image":"https://coub-anubis-a.akamaized.net/coub_storage/media_block/cw_image/60424c7ec0c/6925a71e860f42f5d7b83/1520567893_1520567890_1risnoy_att-url-download.jpg","image_retina":"https://coub-anubis-a.akamaized.net/coub_storage/media_block/cw_image/60424c7ec0c/6925a71e860f42f5d7b83/1520567893_1520567890_1risnoy_att-url-download.jpg","meta":{"service":"Imgur","duration":"2.0"},"duration":2.0,"raw_video_id":11283238,"has_embed":false}},"raw_video_thumbnail_url":"/missing/missing.png","raw_video_title":"Salt Lake City Skyline.","video_block_banned":false,"duration":2.0,"promo_winner":false,"promo_winner_recoubers":null,"editorial_info":{},"promo_hint":null,"beeline_best_2014":null,"from_web_editor":true,"normalize_sound":false,"normalize_change_allowed":true,"best2015_addable":false,"ahmad_promo":null,"promo_data":null,"audio_copyright_claim":null,"ads_disabled":false,"is_safe_for_ads":true,"megafon_contents":[],"position_on_page":9},{"flag":null,"abuses":null,"recoubs_by_users_channels":null,"favourite":false,"promoted_id":null,"recoub":null,"like":null,"dislike":null,"reaction":null,"in_my_best2015":false,"id":56887404,"type":"Coub::Simple","permalink":"xf5kq","title":"\"Rotten way to kill a man. But it's quiet... Hate yourself later\" (Sin City, 2005)","visibility_type":"public","original_visibility_type":"public","channel_id":2227934,"created_at":"2017-09-06T00:39:19Z","updated_at":"2022-01-11T13:00:04Z","is_done":true,"views_count":99709,"cotd":null,"cotd_at":null,"visible_on_explore_root":true,"visible_on_explore":true,"featured":true,"published":true,"published_at":"2017-11-14T21:28:39Z","reversed":false,"from_editor_v2":true,"is_editable":true,"original_sound":false,"has_sound":false,"recoub_to":null,"file_versions":{"html5":{"video":{"higher":{"url":"https://coub-anubis-a.akamaized.net/coub_storage/coub/simple/cw_file/8b6a5ca7693/2e7709b7737ae50c0d474/muted_mp4_huge_size_1568144338_muted_huge.mp4","size":255395},"high":{"url":"https://coub-anubis-a.akamaized.net/coub_storage/coub/simple/cw_file/8b6a5ca7693/2e7709b7737ae50c0d474/muted_mp4_big_size_1568144338_muted_big.mp4","size":210721},"med":{"url":"https://coub-anubis-a.akamaized.net/coub_storage/coub/simple/cw_file/8b6a5ca7693/2e7709b7737ae50c0d474/muted_mp4_med_size_1568144338_muted_med.mp4","size":51751}},"audio":{"high":{"url":"https://coub-anubis-a.akamaized.net/coub_storage/coub/simple/cw_looped_audio_high/ecd6c10b0bb/c0f632fe1b18d1e1dd02e/1605566959_high_1510694933_high.mp3","size":1274480},"med":{"url":"https://coub-anubis-a.akamaized.net/coub_storage/coub/simple/cw_looped_audio_med/cb92f0cd80f/cc7bdad34f7cdcb32a547/1605566959_med_1510694933_med.mp3","size":942003}}},"mobile":{"video":"https://coub-anubis-a.akamaized.net/coub_storage/coub/simple/cw_file/8b6a5ca7693/2e7709b7737ae50c0d474/muted_mp4_med_size_1568144338_muted_med.mp4","audio":["https://coub-anubis-a.akamaized.net/coub_storage/coub/simple/cw_looped_audio_med/cb92f0cd80f/cc7bdad34f7cdcb32a547/1605566959_med_1510694933_med.mp3"]},"share":{"default":"https://coub-anubis-a.akamaized.net/coub_storage/coub/simple/cw_video_for_sharing/90e3a89b023/36bd4c082c6b61ec03199/1613161542_looped_1613161542.mp4"}},"audio_versions":{"template":"https://coub-anubis-a.akamaized.net/coub_storage/audio_track/cw_file/795cdc4e619/18af08c223a0543b1373f/mid_1510694923_k7pw8i_edited.mp3","versions":["mid","low"]},"image_versions":{"template":"https://coub-anubis-a.akamaized.net/coub_storage/coub/simple/cw_image/43445e4e1e7/1a7fec2b7503e91471e8e/1510694940_00004.jpg","versions":["micro","tiny","age_restricted","ios_large","ios_mosaic","big","med","small","pinterest"]},"first_frame_versions":{"template":"https://coub-anubis-a.akamaized.net/coub_storage/coub/simple/cw_timeline_pic/a0ee9c627ff/13233bc758c2a34b76e88/1510694939_image.jpg","versions":["big","med","small","ios_large"]},"dimensions":{"big":[1280,692],"med":[640,346]},"site_w_h":[640,346],"page_w_h":[640,346],"site_w_h_small":[310,168],"size":[1280,692],"age_restricted":false,"age_restricted_by_admin":false,"not_safe_for_work":false,"allow_reuse":false,"dont_crop":false,"banned":false,"global_safe":true,"audio_file_url":"https://coub-anubis-a.akamaized.net/coub_storage/audio_track/cw_file/795cdc4e619/18af08c223a0543b1373f/low_1510694923_k7pw8i_edited.mp3","external_download":{"type":"Imgur","service_name":"Imgur","url":"http://i.imgur.com/RF2CdKG.gifv","has_embed":false},"application":null,"channel":{"id":2227934,"permalink":"cinemagraphs","title":"Cinemagraphs 🍒","description":"Pictures of the future 📸 #Cinemagraphs","followers_count":51485,"following_count":25,"avatar_versions":{"template":"https://coub-anubis-a.akamaized.net/coub_storage/channel/cw_avatar/b167cf416ae/e7e9bad8a41580de67e5e/%{version}_1607423119_5o3vhm_1474588843_fonstola.ru-57386.jpg","versions":["medium","medium_2x","profile_pic","profile_pic_new","profile_pic_new_2x","tiny","tiny_2x","small","small_2x","ios_large","ios_small"]}},"file":null,"picture":"https://coub-anubis-a.akamaized.net/coub_storage/coub/simple/cw_image/43445e4e1e7/1a7fec2b7503e91471e8e/1510694940_00004.jpg","timeline_picture":"https://coub-anubis-a.akamaized.net/coub_storage/coub/simple/cw_timeline_pic/a0ee9c627ff/13233bc758c2a34b76e88/1510694939_image.jpg","small_picture":"https://coub-anubis-a.akamaized.net/coub_storage/coub/simple/cw_image/43445e4e1e7/1a7fec2b7503e91471e8e/1510694940_00004.jpg","sharing_picture":null,"percent_done":100,"tags":[{"id":349560,"title":"orbo","value":"orbo"},{"id":1133540,"title":"eleprimer","value":"eleprimer"},{"id":7552,"title":"bw","value":"bw"},{"id":1594,"title":"black","value":"black"},{"id":379284,"title":"cinemagraphs","value":"cinemagraphs"},{"id":49603,"title":"cinemagraph","value":"cinemagraph"},{"id":154,"title":"movie","value":"movie"},{"id":13529,"title":"sin","value":"sin"}],"categories":[{"id":114,"title":"Live Pictures","permalink":"live-pictures","subscriptions_count":2028289,"big_image_url":"https://coub-anubis-a.akamaized.net/coub_storage/category/cw_image/6a781fee541/43bd1211431771697290d/big_1622039067_Live_pictures.png","small_image_url":"https://coub-anubis-a.akamaized.net/coub_storage/category/cw_image/6a781fee541/43bd1211431771697290d/small_1622039067_Live_pictures.png","med_image_url":"https://coub-anubis-a.akamaized.net/coub_storage/category/cw_image/6a781fee541/43bd1211431771697290d/med_1622039067_Live_pictures.png","visible":true}],"communities":[{"id":114,"title":"Live Pictures","permalink":"live-pictures","subscriptions_count":2028289,"big_image_url":"https://coub-anubis-a.akamaized.net/coub_storage/category/cw_image/6a781fee541/43bd1211431771697290d/big_1622039067_Live_pictures.png","small_image_url":"https://coub-anubis-a.akamaized.net/coub_storage/category/cw_image/6a781fee541/43bd1211431771697290d/small_1622039067_Live_pictures.png","med_image_url":"https://coub-anubis-a.akamaized.net/coub_storage/category/cw_image/6a781fee541/43bd1211431771697290d/med_1622039067_Live_pictures.png","i_subscribed":true,"community_notifications_enabled":null,"description":null}],"recoubs_count":137,"remixes_count":4,"likes_count":650,"dislikes_count":0,"raw_video_id":10205443,"uploaded_by_ios_app":false,"uploaded_by_android_app":false,"media_blocks":{"uploaded_raw_videos":[],"external_raw_videos":[{"id":22263513,"title":"\"Rotten way to kill a man. But it's quiet... Hate yourself later\" (Sin City, 2005)","url":"https://imgur.com/RF2CdKG","image":"https://coub-anubis-a.akamaized.net/coub_storage/media_block/cw_image/e11575701a0/a59e232d2bcc35fe4685e/1504642600_1504642596_1093984_att-url-download.jpg","image_retina":"https://coub-anubis-a.akamaized.net/coub_storage/media_block/cw_image/e11575701a0/a59e232d2bcc35fe4685e/1504642600_1504642596_1093984_att-url-download.jpg","meta":{"service":"Imgur","duration":"1.0"},"duration":1.0,"raw_video_id":10205443,"has_embed":false}],"remixed_from_coubs":[],"external_video":{"id":22263513,"title":"\"Rotten way to kill a man. But it's quiet... Hate yourself later\" (Sin City, 2005)","url":"https://imgur.com/RF2CdKG","image":"https://coub-anubis-a.akamaized.net/coub_storage/media_block/cw_image/e11575701a0/a59e232d2bcc35fe4685e/1504642600_1504642596_1093984_att-url-download.jpg","image_retina":"https://coub-anubis-a.akamaized.net/coub_storage/media_block/cw_image/e11575701a0/a59e232d2bcc35fe4685e/1504642600_1504642596_1093984_att-url-download.jpg","meta":{"service":"Imgur","duration":"1.0"},"duration":1.0,"raw_video_id":10205443,"has_embed":false}},"raw_video_thumbnail_url":"/missing/missing.png","raw_video_title":"\"Rotten way to kill a man. But it's quiet... Hate yourself later\" (Sin City, 2005)","video_block_banned":false,"duration":1.0,"promo_winner":false,"promo_winner_recoubers":null,"editorial_info":{},"promo_hint":null,"beeline_best_2014":null,"from_web_editor":true,"normalize_sound":false,"normalize_change_allowed":true,"best2015_addable":false,"ahmad_promo":null,"promo_data":null,"audio_copyright_claim":null,"ads_disabled":false,"is_safe_for_ads":true,"megafon_contents":[],"position_on_page":10}]}