{"page":456,"per_page":10,"total_pages":500,"coubs":[{"flag":null,"abuses":null,"recoubs_by_users_channels":null,"favourite":false,"promoted_id":null,"recoub":null,"like":null,"dislike":null,"reaction":null,"in_my_best2015":false,"id":171381042,"type":"Coub::Simple","permalink":"2totca","title":"Summer chill","visibility_type":"public","original_visibility_type":"public","channel_id":9071380,"created_at":"2021-06-30T09:20:53Z","updated_at":"2022-01-30T22:05:39Z","is_done":true,"views_count":8949,"cotd":null,"cotd_at":null,"visible_on_explore_root":false,"visible_on_explore":false,"featured":false,"published":true,"published_at":"2021-06-30T09:35:57Z","reversed":false,"from_editor_v2":true,"is_editable":true,"original_sound":false,"has_sound":false,"recoub_to":null,"file_versions":{"html5":{"video":{"higher":{"url":"https://coub-anubis-a.akamaized.net/coub_storage/coub/simple/cw_file/a413a3b4b35/9e9bc1d1f2e589130d243/muted_mp4_huge_size_1625045759_muted_huge.mp4","size":283069},"high":{"url":"https://coub-anubis-a.akamaized.net/coub_storage/coub/simple/cw_file/a413a3b4b35/9e9bc1d1f2e589130d243/muted_mp4_big_size_1625045759_muted_big.mp4","size":179913},"med":{"url":"https://coub-anubis-a.akamaized.net/coub_storage/coub/simple/cw_file/a413a3b4b35/9e9bc1d1f2e589130d243/muted_mp4_med_size_1625045759_muted_med.mp4","size":67640}},"audio":{"high":{"url":"https://coub-anubis-a.akamaized.net/coub_storage/coub/simple/cw_looped_audio_high/33308999e77/07a9f98aa79e571bde019/1625045766_mp3-high.mp3","size":865727},"med":{"url":"https://coub-anubis-a.akamaized.net/coub_storage/coub/simple/cw_looped_audio_med/3d9208f3ab7/39bbf27098d0d163bf8d2/1625045765_mp3-med.mp3","size":766446}}},"mobile":{"video":"https://coub-anubis-a.akamaized.net/coub_storage/coub/simple/cw_file/a413a3b4b35/9e9bc1d1f2e589130d243/muted_mp4_med_size_1625045759_muted_med.mp4","audio":["https://coub-anubis-a.akamaized.net/coub_storage/coub/simple/cw_looped_audio_med/3d9208f3ab7/39bbf27098d0d163bf8d2/1625045765_mp3-med.mp3"]},"share":{"default":"https://coub-anubis-a.akamaized.net/coub_storage/coub/simple/cw_video_for_sharing/256ad24dbdd/64b2dd5a9755f33f494a2/1625045786_looped_1625045785.mp4"}},"audio_versions":{"template":"https://coub-anubis-a.akamaized.net/coub_storage/audio_track/cw_file/1e5bb47db71/d3041fc91845288c98c2c/mid_1625045760_o7e87k_edited.mp3","versions":["mid","low"]},"image_versions":{"template":"https://coub-anubis-a.akamaized.net/coub_storage/coub/simple/cw_image/4fc0f562ceb/7ae308bfc1aa0300c0723/%{version}_1625045768_00019.jpg","versions":["micro","tiny","age_restricted","ios_large","ios_mosaic","big","med","small","pinterest"]},"first_frame_versions":{"template":"https://coub-anubis-a.akamaized.net/coub_storage/coub/simple/cw_timeline_pic/7f5cd4daf35/fc830700ea079f84ce0c5/%{version}_1625045768_image.jpg","versions":["big","med","small","ios_large"]},"dimensions":{"big":[1280,924],"med":[640,462]},"site_w_h":[640,462],"page_w_h":[640,462],"site_w_h_small":[310,224],"size":[1280,924],"age_restricted":false,"age_restricted_by_admin":false,"not_safe_for_work":null,"allow_reuse":false,"dont_crop":true,"banned":false,"global_safe":null,"audio_file_url":"https://coub-anubis-a.akamaized.net/coub_storage/audio_track/cw_file/1e5bb47db71/d3041fc91845288c98c2c/low_1625045760_o7e87k_edited.mp3","external_download":false,"application":null,"channel":{"id":9071380,"permalink":"juan-valeron","title":"Juan Valeron","description":null,"followers_count":2518,"following_count":36,"avatar_versions":{"template":"https://coub-anubis-a.akamaized.net/coub_storage/channel/cw_avatar/aec17945355/6c5e665e9e6027a10c5dc/%{version}_1607789871_108om4x_1587497726_s1200p.jpg","versions":["medium","medium_2x","profile_pic","profile_pic_new","profile_pic_new_2x","tiny","tiny_2x","small","small_2x","ios_large","ios_small"]}},"file":null,"picture":"https://coub-anubis-a.akamaized.net/coub_storage/coub/simple/cw_image/4fc0f562ceb/7ae308bfc1aa0300c0723/med_1625045768_00019.jpg","timeline_picture":"https://coub-anubis-a.akamaized.net/coub_storage/coub/simple/cw_timeline_pic/7f5cd4daf35/fc830700ea079f84ce0c5/ios_large_1625045768_image.jpg","small_picture":"https://coub-anubis-a.akamaized.net/coub_storage/coub/simple/cw_image/4fc0f562ceb/7ae308bfc1aa0300c0723/ios_mosaic_1625045768_00019.jpg","sharing_picture":null,"percent_done":100,"tags":[{"id":1123541,"title":"pixel gif","value":"pixel%20gif"},{"id":35822,"title":"pixel art","value":"pixel%20art"}],"categories":[{"id":114,"title":"Live Pictures","permalink":"live-pictures","subscriptions_count":2028289,"big_image_url":"https://coub-anubis-a.akamaized.net/coub_storage/category/cw_image/6a781fee541/43bd1211431771697290d/big_1622039067_Live_pictures.png","small_image_url":"https://coub-anubis-a.akamaized.net/coub_storage/category/cw_image/6a781fee541/43bd1211431771697290d/small_1622039067_Live_pictures.png","med_image_url":"https://coub-anubis-a.akamaized.net/coub_storage/category/cw_image/6a781fee541/43bd1211431771697290d/med_1622039067_Live_pictures.png","visible":true}],"communities":[{"id":114,"title":"Live Pictures","permalink":"live-pictures","subscriptions_count":2028289,"big_image_url":"https://coub-anubis-a.akamaized.net/coub_storage/category/cw_image/6a781fee541/43bd1211431771697290d/big_1622039067_Live_pictures.png","small_image_url":"https://coub-anubis-a.akamaized.net/coub_storage/category/cw_image/6a781fee541/43bd1211431771697290d/small_1622039067_Live_pictures.png","med_image_url":"https://coub-anubis-a.akamaized.net/coub_storage/category/cw_image/6a781fee541/43bd1211431771697290d/med_1622039067_Live_pictures.png","i_subscribed":true,"community_notifications_enabled":null,"description":null}],"recoubs_count":3,"remixes_count":0,"likes_count":23,"dislikes_count":0,"raw_video_id":16570123,"uploaded_by_ios_app":false,"uploaded_by_android_app":false,"media_blocks":{"uploaded_raw_videos":[],"external_raw_videos":[],"remixed_from_coubs":[]},"raw_video_thumbnail_url":"https://coub-anubis-a.akamaized.net/coub_storage/raw_video/cw_image/090a9333443/08631b0e4c8d1eb597e5b/coub_media_1625043206_image.jpg","raw_video_title":"Aduare-Pixel-Gif-Pixel-Art-_____-6117807.gif","video_block_banned":false,"duration":6.0,"promo_winner":false,"promo_winner_recoubers":null,"editorial_info":{},"promo_hint":null,"beeline_best_2014":null,"from_web_editor":true,"normalize_sound":false,"normalize_change_allowed":true,"best2015_addable":false,"ahmad_promo":null,"promo_data":null,"audio_copyright_claim":null,"ads_disabled":null,"is_safe_for_ads":true,"megafon_contents":[],"position_on_page":1},{"flag":null,"abuses":null,"recoubs_by_users_channels":null,"favourite":false,"promoted_id":null,"recoub":null,"like":null,"dislike":null,"reaction":null,"in_my_best2015":false,"id":170965317,"type":"Coub::Simple","permalink":"2tfwk7","title":"Akali Live Wallpaper. Follow for more!","visibility_type":"public","original_visibility_type":"public","channel_id":11650347,"created_at":"2021-06-22T17:29:01Z","updated_at":"2021-10-08T07:08:01Z","is_done":true,"views_count":4850,"cotd":null,"cotd_at":null,"visible_on_explore_root":false,"visible_on_explore":false,"featured":false,"published":true,"published_at":"2021-06-22T17:29:01Z","reversed":false,"from_editor_v2":true,"is_editable":true,"original_sound":true,"has_sound":true,"recoub_to":null,"file_versions":{"html5":{"video":{"higher":{"url":"https://coub-anubis-a.akamaized.net/coub_storage/coub/simple/cw_file/df87a171739/e94d96a3c255f2dfa74b8/muted_mp4_huge_size_1624382994_muted_huge.mp4","size":940561},"high":{"url":"https://coub-anubis-a.akamaized.net/coub_storage/coub/simple/cw_file/df87a171739/e94d96a3c255f2dfa74b8/muted_mp4_big_size_1624382994_muted_big.mp4","size":652403},"med":{"url":"https://coub-anubis-a.akamaized.net/coub_storage/coub/simple/cw_file/df87a171739/e94d96a3c255f2dfa74b8/muted_mp4_med_size_1624382994_muted_med.mp4","size":154215}},"audio":{"high":{"url":"https://coub-anubis-a.akamaized.net/coub_storage/coub/simple/cw_looped_audio_high/9b8eec62672/56f22b2c7ed6c78f25bf3/1624382996_mp3-high.mp3","size":1208160},"med":{"url":"https://coub-anubis-a.akamaized.net/coub_storage/coub/simple/cw_looped_audio_med/5b2625f3715/cafccae591b93de755e40/1624382995_mp3-med.mp3","size":894882},"sample_duration":8.011}},"mobile":{"video":"https://coub-anubis-a.akamaized.net/coub_storage/coub/simple/cw_file/df87a171739/e94d96a3c255f2dfa74b8/muted_mp4_med_size_1624382994_muted_med.mp4","audio":["https://coub-anubis-a.akamaized.net/coub_storage/coub/simple/cw_looped_audio_med/5b2625f3715/cafccae591b93de755e40/1624382995_mp3-med.mp3"]},"share":{"default":"https://coub-anubis-a.akamaized.net/coub_storage/coub/simple/cw_video_for_sharing/e0fcb5505d5/61d7de519b581b8c8ddde/1624383021_looped_1624383021.mp4"}},"audio_versions":{},"image_versions":{"template":"https://coub-anubis-a.akamaized.net/coub_storage/coub/simple/cw_image/db0a76e6640/3ab1cdf5f2f2463f54d6e/%{version}_1624383000_00026.jpg","versions":["micro","tiny","age_restricted","ios_large","ios_mosaic","big","med","small","pinterest"]},"first_frame_versions":{"template":"https://coub-anubis-a.akamaized.net/coub_storage/coub/simple/cw_timeline_pic/f4e23beaa58/0d138cd318c599c6ea166/%{version}_1624382999_image.jpg","versions":["big","med","small","ios_large"]},"dimensions":{"big":[1280,720],"med":[640,360]},"site_w_h":[640,360],"page_w_h":[640,360],"site_w_h_small":[310,174],"size":[1280,720],"age_restricted":false,"age_restricted_by_admin":false,"not_safe_for_work":null,"allow_reuse":false,"dont_crop":true,"banned":false,"global_safe":null,"audio_file_url":null,"external_download":{"type":"Youtube","service_name":"YouTube","url":"https://youtu.be/qFTM5C1k4jo","has_embed":true},"application":null,"channel":{"id":11650347,"permalink":"coub-animated-wallpaper","title":"Andy Live Wallpaper","description":"Hello, my name is Andy and I love to spent my time creating Animated Wallpaper.","followers_count":27,"following_count":11,"avatar_versions":{"template":"https://coub-anubis-a.akamaized.net/coub_storage/channel/cw_avatar/cec5c6aed44/b23ac7064c1a229c8fa74/%{version}_1623389655_cropped.jpeg","versions":["medium","medium_2x","profile_pic","profile_pic_new","profile_pic_new_2x","tiny","tiny_2x","small","small_2x","ios_large","ios_small"]}},"file":null,"picture":"https://coub-anubis-a.akamaized.net/coub_storage/coub/simple/cw_image/db0a76e6640/3ab1cdf5f2f2463f54d6e/med_1624383000_00026.jpg","timeline_picture":"https://coub-anubis-a.akamaized.net/coub_storage/coub/simple/cw_timeline_pic/f4e23beaa58/0d138cd318c599c6ea166/ios_large_1624382999_image.jpg","small_picture":"https://coub-anubis-a.akamaized.net/coub_storage/coub/simple/cw_image/db0a76e6640/3ab1cdf5f2f2463f54d6e/ios_mosaic_1624383000_00026.jpg","sharing_picture":null,"percent_done":100,"tags":[{"id":246671,"title":"akali","value":"akali"},{"id":1636,"title":"league of legends","value":"league%20of%20legends"},{"id":170,"title":"lol","value":"lol"},{"id":158566,"title":"live wallpaper","value":"live%20wallpaper"},{"id":6075,"title":"youtube","value":"youtube"},{"id":1167010,"title":"no copyright","value":"no%20copyright"}],"categories":[{"id":114,"title":"Live Pictures","permalink":"live-pictures","subscriptions_count":2028289,"big_image_url":"https://coub-anubis-a.akamaized.net/coub_storage/category/cw_image/6a781fee541/43bd1211431771697290d/big_1622039067_Live_pictures.png","small_image_url":"https://coub-anubis-a.akamaized.net/coub_storage/category/cw_image/6a781fee541/43bd1211431771697290d/small_1622039067_Live_pictures.png","med_image_url":"https://coub-anubis-a.akamaized.net/coub_storage/category/cw_image/6a781fee541/43bd1211431771697290d/med_1622039067_Live_pictures.png","visible":true}],"communities":[{"id":114,"title":"Live Pictures","permalink":"live-pictures","subscriptions_count":2028289,"big_image_url":"https://coub-anubis-a.akamaized.net/coub_storage/category/cw_image/6a781fee541/43bd1211431771697290d/big_1622039067_Live_pictures.png","small_image_url":"https://coub-anubis-a.akamaized.net/coub_storage/category/cw_image/6a781fee541/43bd1211431771697290d/small_1622039067_Live_pictures.png","med_image_url":"https://coub-anubis-a.akamaized.net/coub_storage/category/cw_image/6a781fee541/43bd1211431771697290d/med_1622039067_Live_pictures.png","i_subscribed":true,"community_notifications_enabled":null,"description":null}],"recoubs_count":6,"remixes_count":0,"likes_count":23,"dislikes_count":0,"raw_video_id":16549753,"uploaded_by_ios_app":false,"uploaded_by_android_app":true,"media_blocks":{"uploaded_raw_videos":[],"external_raw_videos":[{"id":39131580,"title":"Akali Live Wallpaper No Copyright | Bulwrd Margvelani Split","url":"https://www.youtube.com/watch?v=qFTM5C1k4jo","image":"https://coub-anubis-a.akamaized.net/coub_storage/media_block/cw_image/e1ee6195136/86abf2943da9254ffb486/video_1624381724_1bdbdnv_1624381609_1eo6f1c_att-url-download.jpg","image_retina":"https://coub-anubis-a.akamaized.net/coub_storage/media_block/cw_image/e1ee6195136/86abf2943da9254ffb486/video_retina_1624381724_1bdbdnv_1624381609_1eo6f1c_att-url-download.jpg","meta":{"service":"Youtube","duration":"195.04"},"duration":195.04,"raw_video_id":16549753,"has_embed":true}],"remixed_from_coubs":[],"external_video":{"id":39131580,"title":"Akali Live Wallpaper No Copyright | Bulwrd Margvelani Split","url":"https://www.youtube.com/watch?v=qFTM5C1k4jo","image":"https://coub-anubis-a.akamaized.net/coub_storage/media_block/cw_image/e1ee6195136/86abf2943da9254ffb486/video_1624381724_1bdbdnv_1624381609_1eo6f1c_att-url-download.jpg","image_retina":"https://coub-anubis-a.akamaized.net/coub_storage/media_block/cw_image/e1ee6195136/86abf2943da9254ffb486/video_retina_1624381724_1bdbdnv_1624381609_1eo6f1c_att-url-download.jpg","meta":{"service":"Youtube","duration":"195.04"},"duration":195.04,"raw_video_id":16549753,"has_embed":true}},"raw_video_thumbnail_url":"https://coub-anubis-a.akamaized.net/coub_storage/raw_video/cw_image/c68a8dcd0ca/bc94a5e6936766204663b/coub_media_1624381612_1624381609_1eo6f1c_att-url-download.jpg","raw_video_title":"Akali Live Wallpaper No Copyright | Bulwrd Margvelani Split","video_block_banned":false,"duration":8.0,"promo_winner":false,"promo_winner_recoubers":null,"editorial_info":{},"promo_hint":null,"beeline_best_2014":null,"from_web_editor":false,"normalize_sound":true,"normalize_change_allowed":true,"best2015_addable":false,"ahmad_promo":null,"promo_data":null,"audio_copyright_claim":null,"ads_disabled":null,"is_safe_for_ads":true,"megafon_contents":[],"position_on_page":2},{"flag":null,"abuses":null,"recoubs_by_users_channels":null,"favourite":false,"promoted_id":null,"recoub":null,"like":null,"dislike":null,"reaction":null,"in_my_best2015":false,"id":170591097,"type":"Coub::Simple","permalink":"2t7vt2","title":"Choose Your Fighter","visibility_type":"public","original_visibility_type":"public","channel_id":3149466,"created_at":"2021-06-15T22:37:49Z","updated_at":"2021-08-16T04:52:41Z","is_done":true,"views_count":7563,"cotd":null,"cotd_at":null,"visible_on_explore_root":false,"visible_on_explore":false,"featured":false,"published":true,"published_at":"2021-06-15T22:37:49Z","reversed":false,"from_editor_v2":true,"is_editable":true,"original_sound":false,"has_sound":false,"recoub_to":null,"file_versions":{"html5":{"video":{"higher":{"url":"https://coub-anubis-a.akamaized.net/coub_storage/coub/simple/cw_file/e3a4c268506/d58c4889070bbddda05a9/muted_mp4_huge_size_1623796681_muted_huge.mp4","size":1191797},"high":{"url":"https://coub-anubis-a.akamaized.net/coub_storage/coub/simple/cw_file/e3a4c268506/d58c4889070bbddda05a9/muted_mp4_big_size_1623796681_muted_big.mp4","size":746259},"med":{"url":"https://coub-anubis-a.akamaized.net/coub_storage/coub/simple/cw_file/e3a4c268506/d58c4889070bbddda05a9/muted_mp4_med_size_1623796681_muted_med.mp4","size":252182}},"audio":{"high":{"url":"https://coub-anubis-a.akamaized.net/coub_storage/coub/simple/cw_looped_audio_high/eeb3caf179e/7af0ea23e7ee7328e1d7a/1623796719_mp3-high.mp3","size":4284835},"med":{"url":"https://coub-anubis-a.akamaized.net/coub_storage/coub/simple/cw_looped_audio_med/5dd78caec88/4ccb9cb52cffe11f4ecd9/1623796716_mp3-med.mp3","size":3142929}}},"mobile":{"video":"https://coub-anubis-a.akamaized.net/coub_storage/coub/simple/cw_file/e3a4c268506/d58c4889070bbddda05a9/muted_mp4_med_size_1623796681_muted_med.mp4","audio":["https://coub-anubis-a.akamaized.net/coub_storage/coub/simple/cw_looped_audio_med/5dd78caec88/4ccb9cb52cffe11f4ecd9/1623796716_mp3-med.mp3"]},"share":{"default":"https://coub-anubis-a.akamaized.net/coub_storage/coub/simple/cw_video_for_sharing/ab06a866122/497258e41b63652201d43/1623796742_looped_1623796741.mp4"}},"audio_versions":{"template":"https://coub-anubis-a.akamaized.net/coub_storage/audio_track/cw_normalized_copy/04dc09ccf94/5d73cf39240e088863943/mid_1623796703_normalized_1623796685_196is1z_edited.mp3","versions":["mid","low"]},"image_versions":{"template":"https://coub-anubis-a.akamaized.net/coub_storage/coub/simple/cw_image/bda9a0e6deb/5c19753d8c97480c3cb19/%{version}_1623796723_00027.jpg","versions":["micro","tiny","age_restricted","ios_large","ios_mosaic","big","med","small","pinterest"]},"first_frame_versions":{"template":"https://coub-anubis-a.akamaized.net/coub_storage/coub/simple/cw_timeline_pic/6a9980dd2f9/74bbb5170b48a43bcacf4/%{version}_1623796722_image.jpg","versions":["big","med","small","ios_large"]},"dimensions":{"big":[768,960],"med":[384,480]},"site_w_h":[320,400],"page_w_h":[400,500],"site_w_h_small":[310,388],"size":[768,960],"age_restricted":false,"age_restricted_by_admin":false,"not_safe_for_work":null,"allow_reuse":false,"dont_crop":true,"banned":false,"global_safe":null,"audio_file_url":"https://coub-anubis-a.akamaized.net/coub_storage/audio_track/cw_normalized_copy/04dc09ccf94/5d73cf39240e088863943/low_1623796703_normalized_1623796685_196is1z_edited.mp3","external_download":{"type":"Imgur","service_name":"Imgur","url":"https://imgur.com/gallery/bQPnY4I","has_embed":false},"application":null,"channel":{"id":3149466,"permalink":"yourlife","title":"YOUR LIFE","description":"This is your life","followers_count":1122,"following_count":1,"avatar_versions":{"template":"https://coub-anubis-a.akamaized.net/coub_storage/channel/cw_avatar/2514ee51fe1/c50094f1dc12e04d1ec25/%{version}_1607419496_nx6s25_1546118736_EEEE.png","versions":["medium","medium_2x","profile_pic","profile_pic_new","profile_pic_new_2x","tiny","tiny_2x","small","small_2x","ios_large","ios_small"]}},"file":null,"picture":"https://coub-anubis-a.akamaized.net/coub_storage/coub/simple/cw_image/bda9a0e6deb/5c19753d8c97480c3cb19/med_1623796723_00027.jpg","timeline_picture":"https://coub-anubis-a.akamaized.net/coub_storage/coub/simple/cw_timeline_pic/6a9980dd2f9/74bbb5170b48a43bcacf4/ios_large_1623796722_image.jpg","small_picture":"https://coub-anubis-a.akamaized.net/coub_storage/coub/simple/cw_image/bda9a0e6deb/5c19753d8c97480c3cb19/ios_mosaic_1623796723_00027.jpg","sharing_picture":null,"percent_done":100,"tags":[{"id":76554,"title":"choose","value":"choose"},{"id":13366,"title":"fighter","value":"fighter"},{"id":25825,"title":"movement","value":"movement"},{"id":6563,"title":"weapon","value":"weapon"}],"categories":[{"id":114,"title":"Live Pictures","permalink":"live-pictures","subscriptions_count":2028289,"big_image_url":"https://coub-anubis-a.akamaized.net/coub_storage/category/cw_image/6a781fee541/43bd1211431771697290d/big_1622039067_Live_pictures.png","small_image_url":"https://coub-anubis-a.akamaized.net/coub_storage/category/cw_image/6a781fee541/43bd1211431771697290d/small_1622039067_Live_pictures.png","med_image_url":"https://coub-anubis-a.akamaized.net/coub_storage/category/cw_image/6a781fee541/43bd1211431771697290d/med_1622039067_Live_pictures.png","visible":true}],"communities":[{"id":114,"title":"Live Pictures","permalink":"live-pictures","subscriptions_count":2028289,"big_image_url":"https://coub-anubis-a.akamaized.net/coub_storage/category/cw_image/6a781fee541/43bd1211431771697290d/big_1622039067_Live_pictures.png","small_image_url":"https://coub-anubis-a.akamaized.net/coub_storage/category/cw_image/6a781fee541/43bd1211431771697290d/small_1622039067_Live_pictures.png","med_image_url":"https://coub-anubis-a.akamaized.net/coub_storage/category/cw_image/6a781fee541/43bd1211431771697290d/med_1622039067_Live_pictures.png","i_subscribed":true,"community_notifications_enabled":null,"description":null}],"recoubs_count":7,"remixes_count":0,"likes_count":23,"dislikes_count":0,"raw_video_id":16532194,"uploaded_by_ios_app":false,"uploaded_by_android_app":false,"media_blocks":{"uploaded_raw_videos":[],"external_raw_videos":[{"id":39087481,"title":"\"Choose your Fighter!\"","url":"https://imgur.com/gallery/bQPnY4I","image":"https://coub-anubis-a.akamaized.net/coub_storage/media_block/cw_image/27813b8f7aa/c8f666dc3ddace7ec647f/video_1623795676_kpy68c_1623795665_image.jpg","image_retina":"https://coub-anubis-a.akamaized.net/coub_storage/media_block/cw_image/27813b8f7aa/c8f666dc3ddace7ec647f/video_retina_1623795676_kpy68c_1623795665_image.jpg","meta":{"service":"Imgur","duration":"24.0"},"duration":24.0,"raw_video_id":16532194,"has_embed":false}],"remixed_from_coubs":[],"external_video":{"id":39087481,"title":"\"Choose your Fighter!\"","url":"https://imgur.com/gallery/bQPnY4I","image":"https://coub-anubis-a.akamaized.net/coub_storage/media_block/cw_image/27813b8f7aa/c8f666dc3ddace7ec647f/video_1623795676_kpy68c_1623795665_image.jpg","image_retina":"https://coub-anubis-a.akamaized.net/coub_storage/media_block/cw_image/27813b8f7aa/c8f666dc3ddace7ec647f/video_retina_1623795676_kpy68c_1623795665_image.jpg","meta":{"service":"Imgur","duration":"24.0"},"duration":24.0,"raw_video_id":16532194,"has_embed":false}},"raw_video_thumbnail_url":"https://coub-anubis-a.akamaized.net/coub_storage/raw_video/cw_image/39f139be41d/fe44107981aa60e474bfc/coub_media_1623795665_1623795665_image.jpg","raw_video_title":"\"Choose your Fighter!\"","video_block_banned":false,"duration":8.52,"promo_winner":false,"promo_winner_recoubers":null,"editorial_info":{},"promo_hint":null,"beeline_best_2014":null,"from_web_editor":true,"normalize_sound":true,"normalize_change_allowed":true,"best2015_addable":false,"ahmad_promo":null,"promo_data":null,"audio_copyright_claim":null,"ads_disabled":null,"is_safe_for_ads":true,"megafon_contents":[],"position_on_page":3},{"flag":null,"abuses":null,"recoubs_by_users_channels":null,"favourite":false,"promoted_id":null,"recoub":null,"like":null,"dislike":null,"reaction":null,"in_my_best2015":false,"id":170281375,"type":"Coub::Simple","permalink":"2t18tj","title":"2018 summer gif","visibility_type":"public","original_visibility_type":"public","channel_id":2786806,"created_at":"2021-06-10T10:20:17Z","updated_at":"2021-08-08T19:14:20Z","is_done":true,"views_count":6542,"cotd":null,"cotd_at":null,"visible_on_explore_root":false,"visible_on_explore":false,"featured":false,"published":true,"published_at":"2021-06-10T10:20:17Z","reversed":true,"from_editor_v2":true,"is_editable":true,"original_sound":false,"has_sound":false,"recoub_to":null,"file_versions":{"html5":{"video":{"higher":{"url":"https://coub-anubis-a.akamaized.net/coub_storage/coub/simple/cw_file/21c591e2d9b/f5adefa164b90b0137a94/muted_mp4_huge_size_1623320422_muted_huge.mp4","size":1922700},"high":{"url":"https://coub-anubis-a.akamaized.net/coub_storage/coub/simple/cw_file/21c591e2d9b/f5adefa164b90b0137a94/muted_mp4_big_size_1623320422_muted_big.mp4","size":1087927},"med":{"url":"https://coub-anubis-a.akamaized.net/coub_storage/coub/simple/cw_file/21c591e2d9b/f5adefa164b90b0137a94/muted_mp4_med_size_1623320422_muted_med.mp4","size":244806}},"audio":{"high":{"url":"https://coub-anubis-a.akamaized.net/coub_storage/coub/simple/cw_looped_audio_high/e0e07442222/1edccb6b84d7e94af5505/1623320426_mp3-high.mp3","size":1037780},"med":{"url":"https://coub-anubis-a.akamaized.net/coub_storage/coub/simple/cw_looped_audio_med/cd73b773609/dea9a67a9dfe229167830/1623320425_mp3-med.mp3","size":947841}}},"mobile":{"video":"https://coub-anubis-a.akamaized.net/coub_storage/coub/simple/cw_file/21c591e2d9b/f5adefa164b90b0137a94/muted_mp4_med_size_1623320422_muted_med.mp4","audio":["https://coub-anubis-a.akamaized.net/coub_storage/coub/simple/cw_looped_audio_med/cd73b773609/dea9a67a9dfe229167830/1623320425_mp3-med.mp3"]},"share":{"default":"https://coub-anubis-a.akamaized.net/coub_storage/coub/simple/cw_video_for_sharing/78bc013533d/3fcee2a30393572e4aa20/1623320448_looped_1623320448.mp4"}},"audio_versions":{"template":"https://coub-anubis-a.akamaized.net/coub_storage/audio_track/cw_normalized_copy/b1c5b80b4ef/c1a37df846fc7de795a25/mid_1623320423_normalized_1623320422_di40vi_edited.mp3","versions":["mid","low"]},"image_versions":{"template":"https://coub-anubis-a.akamaized.net/coub_storage/coub/simple/cw_image/d66a0cc5fbe/5933f0ef8b7eeb3483781/%{version}_1623320429_00019.jpg","versions":["micro","tiny","age_restricted","ios_large","ios_mosaic","big","med","small","pinterest"]},"first_frame_versions":{"template":"https://coub-anubis-a.akamaized.net/coub_storage/coub/simple/cw_timeline_pic/8d087f352f5/5f8d3dad1fd35477a98be/%{version}_1623320429_image.jpg","versions":["big","med","small","ios_large"]},"dimensions":{"big":[1280,842],"med":[640,420]},"site_w_h":[640,421],"page_w_h":[640,421],"site_w_h_small":[310,204],"size":[1280,842],"age_restricted":false,"age_restricted_by_admin":false,"not_safe_for_work":null,"allow_reuse":false,"dont_crop":true,"banned":false,"global_safe":null,"audio_file_url":"https://coub-anubis-a.akamaized.net/coub_storage/audio_track/cw_normalized_copy/b1c5b80b4ef/c1a37df846fc7de795a25/low_1623320423_normalized_1623320422_di40vi_edited.mp3","external_download":false,"application":null,"channel":{"id":2786806,"permalink":"bert.flood","title":"Bert","description":"#microcoubs  #scenewar","followers_count":1225,"following_count":311,"avatar_versions":{"template":"https://coub-anubis-a.akamaized.net/coub_storage/channel/cw_avatar/1b49278c5d4/bd036da3bf4e88120f933/%{version}_1607421045_sm9jz5_1549581120_sunshine_l_hue.jpg","versions":["medium","medium_2x","profile_pic","profile_pic_new","profile_pic_new_2x","tiny","tiny_2x","small","small_2x","ios_large","ios_small"]}},"file":null,"picture":"https://coub-anubis-a.akamaized.net/coub_storage/coub/simple/cw_image/d66a0cc5fbe/5933f0ef8b7eeb3483781/med_1623320429_00019.jpg","timeline_picture":"https://coub-anubis-a.akamaized.net/coub_storage/coub/simple/cw_timeline_pic/8d087f352f5/5f8d3dad1fd35477a98be/ios_large_1623320429_image.jpg","small_picture":"https://coub-anubis-a.akamaized.net/coub_storage/coub/simple/cw_image/d66a0cc5fbe/5933f0ef8b7eeb3483781/ios_mosaic_1623320429_00019.jpg","sharing_picture":null,"percent_done":100,"tags":[{"id":31394,"title":"rest","value":"rest"},{"id":1094,"title":"nature","value":"nature"},{"id":6351179,"title":"mini lake","value":"mini%20lake"},{"id":6351180,"title":"the calling (feat. laura brehm) thefatrat","value":"the%20calling%20(feat.%20laura%20brehm)%20thefatrat"},{"id":421,"title":"gif","value":"gif"},{"id":563083,"title":"microcoubs","value":"microcoubs"},{"id":552532,"title":"microcoub","value":"microcoub"},{"id":217480,"title":"live picture","value":"live%20picture"},{"id":1181,"title":"home","value":"home"},{"id":354594,"title":"my home","value":"my%20home"}],"categories":[{"id":114,"title":"Live Pictures","permalink":"live-pictures","subscriptions_count":2028289,"big_image_url":"https://coub-anubis-a.akamaized.net/coub_storage/category/cw_image/6a781fee541/43bd1211431771697290d/big_1622039067_Live_pictures.png","small_image_url":"https://coub-anubis-a.akamaized.net/coub_storage/category/cw_image/6a781fee541/43bd1211431771697290d/small_1622039067_Live_pictures.png","med_image_url":"https://coub-anubis-a.akamaized.net/coub_storage/category/cw_image/6a781fee541/43bd1211431771697290d/med_1622039067_Live_pictures.png","visible":true}],"communities":[{"id":114,"title":"Live Pictures","permalink":"live-pictures","subscriptions_count":2028289,"big_image_url":"https://coub-anubis-a.akamaized.net/coub_storage/category/cw_image/6a781fee541/43bd1211431771697290d/big_1622039067_Live_pictures.png","small_image_url":"https://coub-anubis-a.akamaized.net/coub_storage/category/cw_image/6a781fee541/43bd1211431771697290d/small_1622039067_Live_pictures.png","med_image_url":"https://coub-anubis-a.akamaized.net/coub_storage/category/cw_image/6a781fee541/43bd1211431771697290d/med_1622039067_Live_pictures.png","i_subscribed":true,"community_notifications_enabled":null,"description":null}],"recoubs_count":6,"remixes_count":0,"likes_count":23,"dislikes_count":0,"raw_video_id":"","uploaded_by_ios_app":false,"uploaded_by_android_app":false,"media_blocks":{"uploaded_raw_videos":[],"external_raw_videos":[],"remixed_from_coubs":[{"id":26223863,"title":"summer is coming","url":"https://coub.com/coubs/17g3c5/remix","image":"https://coub-anubis-a.akamaized.net/coub_storage/media_block/cw_image/da7093a77ef/bbea1792416470cb77c69/1525530088_1525530073_00032.jpg","image_retina":"https://coub-anubis-a.akamaized.net/coub_storage/media_block/cw_image/da7093a77ef/bbea1792416470cb77c69/1525530088_1525530073_00032.jpg","meta":{"duration":"10.0"},"duration":null,"coub_channel_title":"Bert","coub_channel_permalink":"bert.flood","coub_views_count":941,"coub_permalink":"17g3c5"}]},"raw_video_thumbnail_url":"","raw_video_title":"","video_block_banned":false,"duration":5.84,"promo_winner":false,"promo_winner_recoubers":null,"editorial_info":{},"promo_hint":null,"beeline_best_2014":null,"from_web_editor":true,"normalize_sound":true,"normalize_change_allowed":true,"best2015_addable":false,"ahmad_promo":null,"promo_data":null,"audio_copyright_claim":null,"ads_disabled":null,"is_safe_for_ads":true,"megafon_contents":[],"position_on_page":4},{"flag":null,"abuses":null,"recoubs_by_users_channels":null,"favourite":false,"promoted_id":null,"recoub":null,"like":null,"dislike":null,"reaction":null,"in_my_best2015":false,"id":169983691,"type":"Coub::Simple","permalink":"2suv4h","title":"Sam assistente da Samsung 1080p","visibility_type":"public","original_visibility_type":"public","channel_id":4189512,"created_at":"2021-06-05T06:50:59Z","updated_at":"2021-07-15T15:31:33Z","is_done":true,"views_count":6549,"cotd":null,"cotd_at":null,"visible_on_explore_root":false,"visible_on_explore":false,"featured":false,"published":true,"published_at":"2021-06-05T06:50:59Z","reversed":false,"from_editor_v2":true,"is_editable":true,"original_sound":true,"has_sound":true,"recoub_to":null,"file_versions":{"html5":{"video":{"higher":{"url":"https://coub-anubis-a.akamaized.net/coub_storage/coub/simple/cw_file/11b517369e9/86b11b9d58a160f6718b7/muted_mp4_huge_size_1622875869_muted_huge.mp4","size":2273124},"high":{"url":"https://coub-anubis-a.akamaized.net/coub_storage/coub/simple/cw_file/11b517369e9/86b11b9d58a160f6718b7/muted_mp4_big_size_1622875869_muted_big.mp4","size":1549368},"med":{"url":"https://coub-anubis-a.akamaized.net/coub_storage/coub/simple/cw_file/11b517369e9/86b11b9d58a160f6718b7/muted_mp4_med_size_1622875869_muted_med.mp4","size":468395}},"audio":{"high":{"url":"https://coub-anubis-a.akamaized.net/coub_storage/coub/simple/cw_looped_audio_high/1b5e82e9776/b5a787e28c5d023a6ebfe/1622875871_mp3-high.mp3","size":1012676},"med":{"url":"https://coub-anubis-a.akamaized.net/coub_storage/coub/simple/cw_looped_audio_med/a9ad159d453/086b73a7cb60276cd6048/1622875870_mp3-med.mp3","size":799076},"sample_duration":10.008}},"mobile":{"video":"https://coub-anubis-a.akamaized.net/coub_storage/coub/simple/cw_file/11b517369e9/86b11b9d58a160f6718b7/muted_mp4_med_size_1622875869_muted_med.mp4","audio":["https://coub-anubis-a.akamaized.net/coub_storage/coub/simple/cw_looped_audio_med/a9ad159d453/086b73a7cb60276cd6048/1622875870_mp3-med.mp3"]},"share":{"default":"https://coub-anubis-a.akamaized.net/coub_storage/coub/simple/cw_video_for_sharing/bb8e17bdc34/e44873a8d57ce34e6a018/1622875902_looped_1622875901.mp4"}},"audio_versions":{},"image_versions":{"template":"https://coub-anubis-a.akamaized.net/coub_storage/coub/simple/cw_image/ef71f83ff22/ffd46c9d64b216aed7123/%{version}_1622875876_00032.jpg","versions":["micro","tiny","age_restricted","ios_large","ios_mosaic","big","med","small","pinterest"]},"first_frame_versions":{"template":"https://coub-anubis-a.akamaized.net/coub_storage/coub/simple/cw_timeline_pic/51dabde5281/c1f07519e4c23c4bb3bee/%{version}_1622875875_image.jpg","versions":["big","med","small","ios_large"]},"dimensions":{"big":[1280,640],"med":[640,320]},"site_w_h":[640,320],"page_w_h":[640,320],"site_w_h_small":[310,155],"size":[1280,640],"age_restricted":false,"age_restricted_by_admin":false,"not_safe_for_work":null,"allow_reuse":false,"dont_crop":true,"banned":false,"global_safe":null,"audio_file_url":null,"external_download":{"type":"Vk","service_name":"Vk","url":"https://vk.com/video-159286243_456239047","has_embed":false},"application":null,"channel":{"id":4189512,"permalink":"dramanorthqueen","title":"DramaNorthQueen","description":null,"followers_count":93,"following_count":897,"avatar_versions":{"template":"https://coub-anubis-a.akamaized.net/coub_storage/channel/cw_avatar/a27024b60c0/b6ac9feea7ca12ed1d08e/%{version}_1607425993_1u3i2p8_1521542818_CLOpkoIUAAEk9ru.jpg","versions":["medium","medium_2x","profile_pic","profile_pic_new","profile_pic_new_2x","tiny","tiny_2x","small","small_2x","ios_large","ios_small"]}},"file":null,"picture":"https://coub-anubis-a.akamaized.net/coub_storage/coub/simple/cw_image/ef71f83ff22/ffd46c9d64b216aed7123/med_1622875876_00032.jpg","timeline_picture":"https://coub-anubis-a.akamaized.net/coub_storage/coub/simple/cw_timeline_pic/51dabde5281/c1f07519e4c23c4bb3bee/ios_large_1622875875_image.jpg","small_picture":"https://coub-anubis-a.akamaized.net/coub_storage/coub/simple/cw_image/ef71f83ff22/ffd46c9d64b216aed7123/ios_mosaic_1622875876_00032.jpg","sharing_picture":null,"percent_done":100,"tags":[{"id":11150,"title":"sam","value":"sam"},{"id":6612,"title":"samsung","value":"samsung"},{"id":194846,"title":"samsung galaxy","value":"samsung%20galaxy"},{"id":183,"title":"girl","value":"girl"},{"id":86,"title":"music","value":"music"},{"id":1781,"title":"new","value":"new"}],"categories":[{"id":114,"title":"Live Pictures","permalink":"live-pictures","subscriptions_count":2028289,"big_image_url":"https://coub-anubis-a.akamaized.net/coub_storage/category/cw_image/6a781fee541/43bd1211431771697290d/big_1622039067_Live_pictures.png","small_image_url":"https://coub-anubis-a.akamaized.net/coub_storage/category/cw_image/6a781fee541/43bd1211431771697290d/small_1622039067_Live_pictures.png","med_image_url":"https://coub-anubis-a.akamaized.net/coub_storage/category/cw_image/6a781fee541/43bd1211431771697290d/med_1622039067_Live_pictures.png","visible":true}],"communities":[{"id":114,"title":"Live Pictures","permalink":"live-pictures","subscriptions_count":2028289,"big_image_url":"https://coub-anubis-a.akamaized.net/coub_storage/category/cw_image/6a781fee541/43bd1211431771697290d/big_1622039067_Live_pictures.png","small_image_url":"https://coub-anubis-a.akamaized.net/coub_storage/category/cw_image/6a781fee541/43bd1211431771697290d/small_1622039067_Live_pictures.png","med_image_url":"https://coub-anubis-a.akamaized.net/coub_storage/category/cw_image/6a781fee541/43bd1211431771697290d/med_1622039067_Live_pictures.png","i_subscribed":true,"community_notifications_enabled":null,"description":null}],"recoubs_count":1,"remixes_count":0,"likes_count":23,"dislikes_count":0,"raw_video_id":16502034,"uploaded_by_ios_app":false,"uploaded_by_android_app":false,"media_blocks":{"uploaded_raw_videos":[],"external_raw_videos":[{"id":39011950,"title":"Sam assistente da Samsung 1080p","url":"https://vk.com/video-159286243_456239047","image":"https://coub-anubis-a.akamaized.net/coub_storage/media_block/cw_image/460e77d79a3/dd1fdce444a12a20ab479/video_1622875739_whvluf_1622875730_r6fu1n_att-url-download","image_retina":"https://coub-anubis-a.akamaized.net/coub_storage/media_block/cw_image/460e77d79a3/dd1fdce444a12a20ab479/video_retina_1622875739_whvluf_1622875730_r6fu1n_att-url-download","meta":{"service":"Vk","duration":"12.92"},"duration":12.92,"raw_video_id":16502034,"has_embed":false}],"remixed_from_coubs":[],"external_video":{"id":39011950,"title":"Sam assistente da Samsung 1080p","url":"https://vk.com/video-159286243_456239047","image":"https://coub-anubis-a.akamaized.net/coub_storage/media_block/cw_image/460e77d79a3/dd1fdce444a12a20ab479/video_1622875739_whvluf_1622875730_r6fu1n_att-url-download","image_retina":"https://coub-anubis-a.akamaized.net/coub_storage/media_block/cw_image/460e77d79a3/dd1fdce444a12a20ab479/video_retina_1622875739_whvluf_1622875730_r6fu1n_att-url-download","meta":{"service":"Vk","duration":"12.92"},"duration":12.92,"raw_video_id":16502034,"has_embed":false}},"raw_video_thumbnail_url":"https://coub-anubis-a.akamaized.net/coub_storage/raw_video/cw_image/e73c3e46713/534a138e02e78f0a41e16/coub_media_1622875731_1622875730_r6fu1n_att-url-download","raw_video_title":"Sam assistente da Samsung 1080p","video_block_banned":false,"duration":10.0,"promo_winner":false,"promo_winner_recoubers":null,"editorial_info":{},"promo_hint":null,"beeline_best_2014":null,"from_web_editor":true,"normalize_sound":true,"normalize_change_allowed":true,"best2015_addable":false,"ahmad_promo":null,"promo_data":null,"audio_copyright_claim":null,"ads_disabled":null,"is_safe_for_ads":true,"megafon_contents":[],"position_on_page":5},{"flag":null,"abuses":null,"recoubs_by_users_channels":null,"favourite":false,"promoted_id":null,"recoub":null,"like":null,"dislike":null,"reaction":null,"in_my_best2015":false,"id":169911311,"type":"Coub::Simple","permalink":"2stb9x","title":"Shot by techno.withus","visibility_type":"public","original_visibility_type":"public","channel_id":11199280,"created_at":"2021-06-03T21:23:46Z","updated_at":"2022-02-12T23:29:05Z","is_done":true,"views_count":12309,"cotd":null,"cotd_at":null,"visible_on_explore_root":false,"visible_on_explore":false,"featured":false,"published":true,"published_at":"2021-06-03T21:23:46Z","reversed":false,"from_editor_v2":true,"is_editable":true,"original_sound":true,"has_sound":true,"recoub_to":null,"file_versions":{"html5":{"video":{"higher":{"url":"https://coub-anubis-a.akamaized.net/coub_storage/coub/simple/cw_file/f9c71137fb1/a68d22b75640e22e8eeb1/muted_mp4_huge_size_1622755430_muted_huge.mp4","size":1912362},"high":{"url":"https://coub-anubis-a.akamaized.net/coub_storage/coub/simple/cw_file/f9c71137fb1/a68d22b75640e22e8eeb1/muted_mp4_big_size_1622755430_muted_big.mp4","size":1228573},"med":{"url":"https://coub-anubis-a.akamaized.net/coub_storage/coub/simple/cw_file/f9c71137fb1/a68d22b75640e22e8eeb1/muted_mp4_med_size_1622755430_muted_med.mp4","size":478774}},"audio":{"high":{"url":"https://coub-anubis-a.akamaized.net/coub_storage/coub/simple/cw_looped_audio_high/206596f5982/f94d6385b068e291df2c8/1622755432_mp3-high.mp3","size":1121615},"med":{"url":"https://coub-anubis-a.akamaized.net/coub_storage/coub/simple/cw_looped_audio_med/6755803dbe8/6130c76b0cf41c4986fd9/1622755432_mp3-med.mp3","size":858186},"sample_duration":8.963}},"mobile":{"video":"https://coub-anubis-a.akamaized.net/coub_storage/coub/simple/cw_file/f9c71137fb1/a68d22b75640e22e8eeb1/muted_mp4_med_size_1622755430_muted_med.mp4","audio":["https://coub-anubis-a.akamaized.net/coub_storage/coub/simple/cw_looped_audio_med/6755803dbe8/6130c76b0cf41c4986fd9/1622755432_mp3-med.mp3"]},"share":{"default":"https://coub-anubis-a.akamaized.net/coub_storage/coub/simple/cw_video_for_sharing/0048cc3e1fe/c2417e3d626dfd773245a/1622755458_looped_1622755457.mp4"}},"audio_versions":{},"image_versions":{"template":"https://coub-anubis-a.akamaized.net/coub_storage/coub/simple/cw_image/33551db2038/687e62bfff38b64248caf/%{version}_1622755436_00029.jpg","versions":["micro","tiny","age_restricted","ios_large","ios_mosaic","big","med","small","pinterest"]},"first_frame_versions":{"template":"https://coub-anubis-a.akamaized.net/coub_storage/coub/simple/cw_timeline_pic/080bae3767c/a31461e6de94994bfd238/%{version}_1622755436_image.jpg","versions":["big","med","small","ios_large"]},"dimensions":{"big":[768,960],"med":[384,480]},"site_w_h":[320,400],"page_w_h":[400,500],"site_w_h_small":[310,388],"size":[768,960],"age_restricted":false,"age_restricted_by_admin":false,"not_safe_for_work":false,"allow_reuse":false,"dont_crop":true,"banned":false,"global_safe":null,"audio_file_url":null,"external_download":{"type":"Instagram","service_name":"Instagram","url":"https://www.instagram.com/p/CPdbiH1B5Wj/?utm_medium=copy_link","has_embed":false},"application":null,"channel":{"id":11199280,"permalink":"music-rave-tehno","title":" Music Rave Tehno ","description":null,"followers_count":200,"following_count":114,"avatar_versions":{"template":"https://coub-anubis-a.akamaized.net/coub_storage/channel/cw_avatar/7fad125d724/8b563450e351990a38c64/%{version}_1616508832_filename.jpeg","versions":["medium","medium_2x","profile_pic","profile_pic_new","profile_pic_new_2x","tiny","tiny_2x","small","small_2x","ios_large","ios_small"]}},"file":null,"picture":"https://coub-anubis-a.akamaized.net/coub_storage/coub/simple/cw_image/33551db2038/687e62bfff38b64248caf/med_1622755436_00029.jpg","timeline_picture":"https://coub-anubis-a.akamaized.net/coub_storage/coub/simple/cw_timeline_pic/080bae3767c/a31461e6de94994bfd238/ios_large_1622755436_image.jpg","small_picture":"https://coub-anubis-a.akamaized.net/coub_storage/coub/simple/cw_image/33551db2038/687e62bfff38b64248caf/ios_mosaic_1622755436_00029.jpg","sharing_picture":null,"percent_done":100,"tags":[],"categories":[{"id":114,"title":"Live Pictures","permalink":"live-pictures","subscriptions_count":2028289,"big_image_url":"https://coub-anubis-a.akamaized.net/coub_storage/category/cw_image/6a781fee541/43bd1211431771697290d/big_1622039067_Live_pictures.png","small_image_url":"https://coub-anubis-a.akamaized.net/coub_storage/category/cw_image/6a781fee541/43bd1211431771697290d/small_1622039067_Live_pictures.png","med_image_url":"https://coub-anubis-a.akamaized.net/coub_storage/category/cw_image/6a781fee541/43bd1211431771697290d/med_1622039067_Live_pictures.png","visible":true}],"communities":[{"id":114,"title":"Live Pictures","permalink":"live-pictures","subscriptions_count":2028289,"big_image_url":"https://coub-anubis-a.akamaized.net/coub_storage/category/cw_image/6a781fee541/43bd1211431771697290d/big_1622039067_Live_pictures.png","small_image_url":"https://coub-anubis-a.akamaized.net/coub_storage/category/cw_image/6a781fee541/43bd1211431771697290d/small_1622039067_Live_pictures.png","med_image_url":"https://coub-anubis-a.akamaized.net/coub_storage/category/cw_image/6a781fee541/43bd1211431771697290d/med_1622039067_Live_pictures.png","i_subscribed":true,"community_notifications_enabled":null,"description":null}],"recoubs_count":6,"remixes_count":0,"likes_count":23,"dislikes_count":0,"raw_video_id":16498342,"uploaded_by_ios_app":true,"uploaded_by_android_app":false,"media_blocks":{"uploaded_raw_videos":[],"external_raw_videos":[{"id":39002985,"title":"Shot by techno.withus","url":"http://instagram.com/p/CPdbiH1B5Wj/","image":"https://coub-anubis-a.akamaized.net/coub_storage/media_block/cw_image/7c8ee0e1066/9f702e2d34d095cf79c48/video_1622755340_1iyjmcz_1622755332_image.jpg","image_retina":"https://coub-anubis-a.akamaized.net/coub_storage/media_block/cw_image/7c8ee0e1066/9f702e2d34d095cf79c48/video_retina_1622755340_1iyjmcz_1622755332_image.jpg","meta":{"service":"Instagram","duration":"13.56"},"duration":13.56,"raw_video_id":16498342,"has_embed":false}],"remixed_from_coubs":[],"external_video":{"id":39002985,"title":"Shot by techno.withus","url":"http://instagram.com/p/CPdbiH1B5Wj/","image":"https://coub-anubis-a.akamaized.net/coub_storage/media_block/cw_image/7c8ee0e1066/9f702e2d34d095cf79c48/video_1622755340_1iyjmcz_1622755332_image.jpg","image_retina":"https://coub-anubis-a.akamaized.net/coub_storage/media_block/cw_image/7c8ee0e1066/9f702e2d34d095cf79c48/video_retina_1622755340_1iyjmcz_1622755332_image.jpg","meta":{"service":"Instagram","duration":"13.56"},"duration":13.56,"raw_video_id":16498342,"has_embed":false}},"raw_video_thumbnail_url":"https://coub-anubis-a.akamaized.net/coub_storage/raw_video/cw_image/3c3e144dbea/16cd2ea3744490ea25f15/coub_media_1622755332_1622755332_image.jpg","raw_video_title":"Shot by techno.withus","video_block_banned":false,"duration":8.96,"promo_winner":false,"promo_winner_recoubers":null,"editorial_info":{},"promo_hint":null,"beeline_best_2014":null,"from_web_editor":false,"normalize_sound":true,"normalize_change_allowed":true,"best2015_addable":false,"ahmad_promo":null,"promo_data":null,"audio_copyright_claim":null,"ads_disabled":false,"is_safe_for_ads":true,"megafon_contents":[],"position_on_page":6},{"flag":null,"abuses":null,"recoubs_by_users_channels":null,"favourite":false,"promoted_id":null,"recoub":null,"like":null,"dislike":null,"reaction":null,"in_my_best2015":false,"id":169886096,"type":"Coub::Simple","permalink":"2ssrti","title":"ТАЙНАЯ ВОЙНА: ЧАСТЬ 2 «ПРОЛОГ»","visibility_type":"public","original_visibility_type":"public","channel_id":11432239,"created_at":"2021-06-03T14:33:15Z","updated_at":"2021-07-20T09:42:12Z","is_done":true,"views_count":5125,"cotd":null,"cotd_at":null,"visible_on_explore_root":false,"visible_on_explore":false,"featured":false,"published":true,"published_at":"2021-06-03T14:33:15Z","reversed":false,"from_editor_v2":true,"is_editable":true,"original_sound":false,"has_sound":false,"recoub_to":null,"file_versions":{"html5":{"video":{"higher":{"url":"https://coub-anubis-a.akamaized.net/coub_storage/coub/simple/cw_file/606b322c9c6/fe76cb5438169f99ba02f/muted_mp4_huge_size_1622730986_muted_huge.mp4","size":2693490},"high":{"url":"https://coub-anubis-a.akamaized.net/coub_storage/coub/simple/cw_file/606b322c9c6/fe76cb5438169f99ba02f/muted_mp4_big_size_1622730986_muted_big.mp4","size":1745595},"med":{"url":"https://coub-anubis-a.akamaized.net/coub_storage/coub/simple/cw_file/606b322c9c6/fe76cb5438169f99ba02f/muted_mp4_med_size_1622730986_muted_med.mp4","size":564473}},"audio":{"high":{"url":"https://coub-anubis-a.akamaized.net/coub_storage/coub/simple/cw_looped_audio_high/d1fd21b10d9/a7d45fdf0f3cb7ab4da0e/1622731010_mp3-high.mp3","size":2568626},"med":{"url":"https://coub-anubis-a.akamaized.net/coub_storage/coub/simple/cw_looped_audio_med/cc1aa9c8cb7/d80972cbb8d02a231279c/1622731008_mp3-med.mp3","size":2033051}}},"mobile":{"video":"https://coub-anubis-a.akamaized.net/coub_storage/coub/simple/cw_file/606b322c9c6/fe76cb5438169f99ba02f/muted_mp4_med_size_1622730986_muted_med.mp4","audio":["https://coub-anubis-a.akamaized.net/coub_storage/coub/simple/cw_looped_audio_med/cc1aa9c8cb7/d80972cbb8d02a231279c/1622731008_mp3-med.mp3"]},"share":{"default":"https://coub-anubis-a.akamaized.net/coub_storage/coub/simple/cw_video_for_sharing/ba58927ec29/eb050ecf75239f5013041/1622731038_looped_1622731038.mp4"}},"audio_versions":{"template":"https://coub-anubis-a.akamaized.net/coub_storage/audio_track/cw_normalized_copy/a51975721ca/1abfe3d9d7a76e754be46/mid_1622731001_normalized_1622730989_1mjnkne_edited.mp3","versions":["mid","low"]},"image_versions":{"template":"https://coub-anubis-a.akamaized.net/coub_storage/coub/simple/cw_image/05f79b9baeb/b0922bbbf13ea4864c38a/%{version}_1622731015_00032.jpg","versions":["micro","tiny","age_restricted","ios_large","ios_mosaic","big","med","small","pinterest"]},"first_frame_versions":{"template":"https://coub-anubis-a.akamaized.net/coub_storage/coub/simple/cw_timeline_pic/cf4a6ce22e2/6775675f44c928634b0fa/%{version}_1622731014_image.jpg","versions":["big","med","small","ios_large"]},"dimensions":{"big":[1280,720],"med":[640,360]},"site_w_h":[640,360],"page_w_h":[640,360],"site_w_h_small":[310,174],"size":[1280,720],"age_restricted":false,"age_restricted_by_admin":false,"not_safe_for_work":null,"allow_reuse":false,"dont_crop":true,"banned":false,"global_safe":null,"audio_file_url":"https://coub-anubis-a.akamaized.net/coub_storage/audio_track/cw_normalized_copy/a51975721ca/1abfe3d9d7a76e754be46/low_1622731001_normalized_1622730989_1mjnkne_edited.mp3","external_download":false,"application":null,"channel":{"id":11432239,"permalink":"f5ee688715a9b1d0b0607c905e3c1ff9","title":"B. J.","description":null,"followers_count":129,"following_count":1517,"avatar_versions":{"template":"https://coub-anubis-a.akamaized.net/coub_storage/channel/cw_avatar/3444874d51d/5034667a90b48de74f290/%{version}_1620642260_wolfenstein.0.jpg","versions":["medium","medium_2x","profile_pic","profile_pic_new","profile_pic_new_2x","tiny","tiny_2x","small","small_2x","ios_large","ios_small"]}},"file":null,"picture":"https://coub-anubis-a.akamaized.net/coub_storage/coub/simple/cw_image/05f79b9baeb/b0922bbbf13ea4864c38a/med_1622731015_00032.jpg","timeline_picture":"https://coub-anubis-a.akamaized.net/coub_storage/coub/simple/cw_timeline_pic/cf4a6ce22e2/6775675f44c928634b0fa/ios_large_1622731014_image.jpg","small_picture":"https://coub-anubis-a.akamaized.net/coub_storage/coub/simple/cw_image/05f79b9baeb/b0922bbbf13ea4864c38a/ios_mosaic_1622731015_00032.jpg","sharing_picture":null,"percent_done":100,"tags":[],"categories":[{"id":114,"title":"Live Pictures","permalink":"live-pictures","subscriptions_count":2028289,"big_image_url":"https://coub-anubis-a.akamaized.net/coub_storage/category/cw_image/6a781fee541/43bd1211431771697290d/big_1622039067_Live_pictures.png","small_image_url":"https://coub-anubis-a.akamaized.net/coub_storage/category/cw_image/6a781fee541/43bd1211431771697290d/small_1622039067_Live_pictures.png","med_image_url":"https://coub-anubis-a.akamaized.net/coub_storage/category/cw_image/6a781fee541/43bd1211431771697290d/med_1622039067_Live_pictures.png","visible":true}],"communities":[{"id":114,"title":"Live Pictures","permalink":"live-pictures","subscriptions_count":2028289,"big_image_url":"https://coub-anubis-a.akamaized.net/coub_storage/category/cw_image/6a781fee541/43bd1211431771697290d/big_1622039067_Live_pictures.png","small_image_url":"https://coub-anubis-a.akamaized.net/coub_storage/category/cw_image/6a781fee541/43bd1211431771697290d/small_1622039067_Live_pictures.png","med_image_url":"https://coub-anubis-a.akamaized.net/coub_storage/category/cw_image/6a781fee541/43bd1211431771697290d/med_1622039067_Live_pictures.png","i_subscribed":true,"community_notifications_enabled":null,"description":null}],"recoubs_count":1,"remixes_count":0,"likes_count":23,"dislikes_count":0,"raw_video_id":16497225,"uploaded_by_ios_app":false,"uploaded_by_android_app":false,"media_blocks":{"uploaded_raw_videos":[],"external_raw_videos":[],"remixed_from_coubs":[]},"raw_video_thumbnail_url":"https://coub-anubis-a.akamaized.net/coub_storage/raw_video/cw_image/b5165f2df6b/8422ac96410f1d3248445/coub_media_1622729363_image.jpg","raw_video_title":"_____________2.mp4","video_block_banned":false,"duration":10.04,"promo_winner":false,"promo_winner_recoubers":null,"editorial_info":{},"promo_hint":null,"beeline_best_2014":null,"from_web_editor":true,"normalize_sound":true,"normalize_change_allowed":true,"best2015_addable":false,"ahmad_promo":null,"promo_data":null,"audio_copyright_claim":null,"ads_disabled":null,"is_safe_for_ads":true,"megafon_contents":[],"position_on_page":7},{"flag":null,"abuses":null,"recoubs_by_users_channels":null,"favourite":false,"promoted_id":null,"recoub":null,"like":null,"dislike":null,"reaction":null,"in_my_best2015":false,"id":169866416,"type":"Coub::Simple","permalink":"2sscmu","title":"Cyber Punk","visibility_type":"public","original_visibility_type":"public","channel_id":4537418,"created_at":"2021-06-03T06:45:16Z","updated_at":"2021-06-26T16:18:19Z","is_done":true,"views_count":4358,"cotd":null,"cotd_at":null,"visible_on_explore_root":false,"visible_on_explore":false,"featured":false,"published":true,"published_at":"2021-06-03T06:45:16Z","reversed":false,"from_editor_v2":true,"is_editable":true,"original_sound":false,"has_sound":false,"recoub_to":null,"file_versions":{"html5":{"video":{"higher":{"url":"https://coub-anubis-a.akamaized.net/coub_storage/coub/simple/cw_file/141f2e023f0/9b515fe9e1e4a08e95601/muted_mp4_huge_size_1622702723_muted_huge.mp4","size":1292432},"high":{"url":"https://coub-anubis-a.akamaized.net/coub_storage/coub/simple/cw_file/141f2e023f0/9b515fe9e1e4a08e95601/muted_mp4_big_size_1622702723_muted_big.mp4","size":960380},"med":{"url":"https://coub-anubis-a.akamaized.net/coub_storage/coub/simple/cw_file/141f2e023f0/9b515fe9e1e4a08e95601/muted_mp4_med_size_1622702723_muted_med.mp4","size":152023}},"audio":{"high":{"url":"https://coub-anubis-a.akamaized.net/coub_storage/coub/simple/cw_looped_audio_high/cab1bd371ba/49f0b27cc62b27cf9778e/1622702823_mp3-high.mp3","size":10924116},"med":{"url":"https://coub-anubis-a.akamaized.net/coub_storage/coub/simple/cw_looped_audio_med/7a584791416/ce84bd40c2d34cb318e5d/1622702815_mp3-med.mp3","size":8124929}}},"mobile":{"video":"https://coub-anubis-a.akamaized.net/coub_storage/coub/simple/cw_file/141f2e023f0/9b515fe9e1e4a08e95601/muted_mp4_med_size_1622702723_muted_med.mp4","audio":["https://coub-anubis-a.akamaized.net/coub_storage/coub/simple/cw_looped_audio_med/7a584791416/ce84bd40c2d34cb318e5d/1622702815_mp3-med.mp3"]},"share":{"default":"https://coub-anubis-a.akamaized.net/coub_storage/coub/simple/cw_video_for_sharing/a1337883c63/eb307372f3f38efebeb28/1622702848_looped_1622702848.mp4"}},"audio_versions":{"template":"https://coub-anubis-a.akamaized.net/coub_storage/audio_track/cw_normalized_copy/9fd2a6a55b4/ab2b0519f72f207ed256c/mid_1622702782_normalized_1622702733_l8mudl_edited.mp3","versions":["mid","low"]},"image_versions":{"template":"https://coub-anubis-a.akamaized.net/coub_storage/coub/simple/cw_image/6c5d7a8e87f/d0f91ce97252ded011584/%{version}_1622702827_00022.jpg","versions":["micro","tiny","age_restricted","ios_large","ios_mosaic","big","med","small","pinterest"]},"first_frame_versions":{"template":"https://coub-anubis-a.akamaized.net/coub_storage/coub/simple/cw_timeline_pic/e865734d3ec/240e0ce5fb90b0099c0b3/%{version}_1622702826_image.jpg","versions":["big","med","small","ios_large"]},"dimensions":{"big":[1280,720],"med":[640,360]},"site_w_h":[640,360],"page_w_h":[640,360],"site_w_h_small":[310,174],"size":[1280,720],"age_restricted":false,"age_restricted_by_admin":false,"not_safe_for_work":false,"allow_reuse":false,"dont_crop":true,"banned":false,"global_safe":null,"audio_file_url":"https://coub-anubis-a.akamaized.net/coub_storage/audio_track/cw_normalized_copy/9fd2a6a55b4/ab2b0519f72f207ed256c/low_1622702782_normalized_1622702733_l8mudl_edited.mp3","external_download":false,"application":null,"channel":{"id":4537418,"permalink":"andrej-tarasov49","title":"Andrey Tarasov","description":null,"followers_count":20,"following_count":15,"avatar_versions":{"template":"https://coub-anubis-a.akamaized.net/coub_storage/channel/cw_avatar/8d4b0124c30/b1a1d7d7c28d5d2f25857/%{version}_1607646472_18coc22_1570147320_b540e2e645f08c192ecdc24f395503f1.jpg","versions":["medium","medium_2x","profile_pic","profile_pic_new","profile_pic_new_2x","tiny","tiny_2x","small","small_2x","ios_large","ios_small"]}},"file":null,"picture":"https://coub-anubis-a.akamaized.net/coub_storage/coub/simple/cw_image/6c5d7a8e87f/d0f91ce97252ded011584/med_1622702827_00022.jpg","timeline_picture":"https://coub-anubis-a.akamaized.net/coub_storage/coub/simple/cw_timeline_pic/e865734d3ec/240e0ce5fb90b0099c0b3/ios_large_1622702826_image.jpg","small_picture":"https://coub-anubis-a.akamaized.net/coub_storage/coub/simple/cw_image/6c5d7a8e87f/d0f91ce97252ded011584/ios_mosaic_1622702827_00022.jpg","sharing_picture":null,"percent_done":100,"tags":[],"categories":[{"id":114,"title":"Live Pictures","permalink":"live-pictures","subscriptions_count":2028289,"big_image_url":"https://coub-anubis-a.akamaized.net/coub_storage/category/cw_image/6a781fee541/43bd1211431771697290d/big_1622039067_Live_pictures.png","small_image_url":"https://coub-anubis-a.akamaized.net/coub_storage/category/cw_image/6a781fee541/43bd1211431771697290d/small_1622039067_Live_pictures.png","med_image_url":"https://coub-anubis-a.akamaized.net/coub_storage/category/cw_image/6a781fee541/43bd1211431771697290d/med_1622039067_Live_pictures.png","visible":true}],"communities":[{"id":114,"title":"Live Pictures","permalink":"live-pictures","subscriptions_count":2028289,"big_image_url":"https://coub-anubis-a.akamaized.net/coub_storage/category/cw_image/6a781fee541/43bd1211431771697290d/big_1622039067_Live_pictures.png","small_image_url":"https://coub-anubis-a.akamaized.net/coub_storage/category/cw_image/6a781fee541/43bd1211431771697290d/small_1622039067_Live_pictures.png","med_image_url":"https://coub-anubis-a.akamaized.net/coub_storage/category/cw_image/6a781fee541/43bd1211431771697290d/med_1622039067_Live_pictures.png","i_subscribed":true,"community_notifications_enabled":null,"description":null}],"recoubs_count":2,"remixes_count":0,"likes_count":23,"dislikes_count":0,"raw_video_id":16496235,"uploaded_by_ios_app":false,"uploaded_by_android_app":false,"media_blocks":{"uploaded_raw_videos":[],"external_raw_videos":[],"remixed_from_coubs":[]},"raw_video_thumbnail_url":"https://coub-anubis-a.akamaized.net/coub_storage/raw_video/cw_image/775ee9654fc/6ac87e11b981cf04268ae/coub_media_1622702254_image.jpg","raw_video_title":"Cyberpunk2077Girl.mp4","video_block_banned":false,"duration":6.8,"promo_winner":false,"promo_winner_recoubers":null,"editorial_info":{},"promo_hint":null,"beeline_best_2014":null,"from_web_editor":true,"normalize_sound":true,"normalize_change_allowed":true,"best2015_addable":false,"ahmad_promo":null,"promo_data":null,"audio_copyright_claim":null,"ads_disabled":false,"is_safe_for_ads":true,"megafon_contents":[],"position_on_page":8},{"flag":null,"abuses":null,"recoubs_by_users_channels":null,"favourite":false,"promoted_id":null,"recoub":null,"like":null,"dislike":null,"reaction":null,"in_my_best2015":false,"id":167568551,"type":"Coub::Simple","permalink":"2rf3kq","title":" What More Can I Do","visibility_type":"public","original_visibility_type":"public","channel_id":5162277,"created_at":"2021-04-25T03:53:56Z","updated_at":"2021-10-06T14:28:33Z","is_done":true,"views_count":12147,"cotd":null,"cotd_at":null,"visible_on_explore_root":false,"visible_on_explore":false,"featured":false,"published":true,"published_at":"2021-09-02T12:12:31Z","reversed":false,"from_editor_v2":true,"is_editable":true,"original_sound":false,"has_sound":false,"recoub_to":null,"file_versions":{"html5":{"video":{"higher":{"url":"https://coub-anubis-a.akamaized.net/coub_storage/coub/simple/cw_file/11e68303ce9/956651d60da74d3938c0f/muted_mp4_huge_size_1628993555_muted_huge.mp4","size":3016759},"high":{"url":"https://coub-anubis-a.akamaized.net/coub_storage/coub/simple/cw_file/11e68303ce9/956651d60da74d3938c0f/muted_mp4_big_size_1628993555_muted_big.mp4","size":2126092},"med":{"url":"https://coub-anubis-a.akamaized.net/coub_storage/coub/simple/cw_file/11e68303ce9/956651d60da74d3938c0f/muted_mp4_med_size_1628993555_muted_med.mp4","size":474590}},"audio":{"high":{"url":"https://coub-anubis-a.akamaized.net/coub_storage/coub/simple/cw_looped_audio_high/96610ffb68e/6e8e3d7449f73272dd954/1628993576_mp3-high.mp3","size":3304590},"med":{"url":"https://coub-anubis-a.akamaized.net/coub_storage/coub/simple/cw_looped_audio_med/0a0d0c7bdf1/a778be99b06124a4352c4/1628993574_mp3-med.mp3","size":2313516}}},"mobile":{"video":"https://coub-anubis-a.akamaized.net/coub_storage/coub/simple/cw_file/11e68303ce9/956651d60da74d3938c0f/muted_mp4_med_size_1628993555_muted_med.mp4","audio":["https://coub-anubis-a.akamaized.net/coub_storage/coub/simple/cw_looped_audio_med/0a0d0c7bdf1/a778be99b06124a4352c4/1628993574_mp3-med.mp3"]},"share":{"default":"https://coub-anubis-a.akamaized.net/coub_storage/coub/simple/cw_video_for_sharing/8d9a203df07/649e4971922a8cade7692/1628993607_looped_1628993607.mp4"}},"audio_versions":{"template":"https://coub-anubis-a.akamaized.net/coub_storage/audio_track/cw_file/38581e80148/853e69a3957f2fdcb9264/mid_1628993558_ligmau_edited.mp3","versions":["mid","low"]},"image_versions":{"template":"https://coub-anubis-a.akamaized.net/coub_storage/coub/simple/cw_image/f267af48cdd/04b693abf1eb48f520dbc/%{version}_1628993582_00032.jpg","versions":["micro","tiny","age_restricted","ios_large","ios_mosaic","big","med","small","pinterest"]},"first_frame_versions":{"template":"https://coub-anubis-a.akamaized.net/coub_storage/coub/simple/cw_timeline_pic/e2d8aca7e97/9a3df6a4b6cbe34e86b0b/%{version}_1628993581_image.jpg","versions":["big","med","small","ios_large"]},"dimensions":{"big":[1280,720],"med":[640,360]},"site_w_h":[640,360],"page_w_h":[640,360],"site_w_h_small":[310,174],"size":[1280,720],"age_restricted":false,"age_restricted_by_admin":false,"not_safe_for_work":null,"allow_reuse":false,"dont_crop":true,"banned":false,"global_safe":null,"audio_file_url":"https://coub-anubis-a.akamaized.net/coub_storage/audio_track/cw_file/38581e80148/853e69a3957f2fdcb9264/low_1628993558_ligmau_edited.mp3","external_download":{"type":"Youtube","service_name":"YouTube","url":"https://youtu.be/ynSM7AaZlFM","has_embed":true},"application":null,"channel":{"id":5162277,"permalink":"ingibitorcoub","title":"ingibitor","description":null,"followers_count":386,"following_count":177,"avatar_versions":{"template":"https://coub-anubis-a.akamaized.net/coub_storage/channel/cw_avatar/889768da15d/dbe4c51d63e0b70d9d217/%{version}_1607421658_18wd134_1547178064_ingibitor.jpg","versions":["medium","medium_2x","profile_pic","profile_pic_new","profile_pic_new_2x","tiny","tiny_2x","small","small_2x","ios_large","ios_small"]}},"file":null,"picture":"https://coub-anubis-a.akamaized.net/coub_storage/coub/simple/cw_image/f267af48cdd/04b693abf1eb48f520dbc/med_1628993582_00032.jpg","timeline_picture":"https://coub-anubis-a.akamaized.net/coub_storage/coub/simple/cw_timeline_pic/e2d8aca7e97/9a3df6a4b6cbe34e86b0b/ios_large_1628993581_image.jpg","small_picture":"https://coub-anubis-a.akamaized.net/coub_storage/coub/simple/cw_image/f267af48cdd/04b693abf1eb48f520dbc/ios_mosaic_1628993582_00032.jpg","sharing_picture":null,"percent_done":100,"tags":[],"categories":[{"id":114,"title":"Live Pictures","permalink":"live-pictures","subscriptions_count":2028289,"big_image_url":"https://coub-anubis-a.akamaized.net/coub_storage/category/cw_image/6a781fee541/43bd1211431771697290d/big_1622039067_Live_pictures.png","small_image_url":"https://coub-anubis-a.akamaized.net/coub_storage/category/cw_image/6a781fee541/43bd1211431771697290d/small_1622039067_Live_pictures.png","med_image_url":"https://coub-anubis-a.akamaized.net/coub_storage/category/cw_image/6a781fee541/43bd1211431771697290d/med_1622039067_Live_pictures.png","visible":true}],"communities":[{"id":114,"title":"Live Pictures","permalink":"live-pictures","subscriptions_count":2028289,"big_image_url":"https://coub-anubis-a.akamaized.net/coub_storage/category/cw_image/6a781fee541/43bd1211431771697290d/big_1622039067_Live_pictures.png","small_image_url":"https://coub-anubis-a.akamaized.net/coub_storage/category/cw_image/6a781fee541/43bd1211431771697290d/small_1622039067_Live_pictures.png","med_image_url":"https://coub-anubis-a.akamaized.net/coub_storage/category/cw_image/6a781fee541/43bd1211431771697290d/med_1622039067_Live_pictures.png","i_subscribed":true,"community_notifications_enabled":null,"description":null}],"recoubs_count":4,"remixes_count":0,"likes_count":23,"dislikes_count":0,"raw_video_id":16383919,"uploaded_by_ios_app":false,"uploaded_by_android_app":false,"media_blocks":{"uploaded_raw_videos":[],"external_raw_videos":[{"id":38721435,"title":"Genevieve. What More Can I Do?","url":"https://www.youtube.com/watch?v=ynSM7AaZlFM","image":"https://coub-anubis-a.akamaized.net/coub_storage/media_block/cw_image/88df21e94ae/06570ef6b664fc50348d3/video_1619321626_8j1zq0_1619321561_1619321559_1hw9qky_att-url-download.webp","image_retina":"https://coub-anubis-a.akamaized.net/coub_storage/media_block/cw_image/88df21e94ae/06570ef6b664fc50348d3/video_retina_1619321626_8j1zq0_1619321561_1619321559_1hw9qky_att-url-download.webp","meta":{"service":"Youtube","duration":"162.84"},"duration":162.84,"raw_video_id":16383919,"has_embed":true}],"remixed_from_coubs":[],"external_video":{"id":38721435,"title":"Genevieve. What More Can I Do?","url":"https://www.youtube.com/watch?v=ynSM7AaZlFM","image":"https://coub-anubis-a.akamaized.net/coub_storage/media_block/cw_image/88df21e94ae/06570ef6b664fc50348d3/video_1619321626_8j1zq0_1619321561_1619321559_1hw9qky_att-url-download.webp","image_retina":"https://coub-anubis-a.akamaized.net/coub_storage/media_block/cw_image/88df21e94ae/06570ef6b664fc50348d3/video_retina_1619321626_8j1zq0_1619321561_1619321559_1hw9qky_att-url-download.webp","meta":{"service":"Youtube","duration":"162.84"},"duration":162.84,"raw_video_id":16383919,"has_embed":true}},"raw_video_thumbnail_url":"https://coub-anubis-a.akamaized.net/coub_storage/raw_video/cw_image/938a63d6d49/59175ae349e4b80650550/coub_media_1619321561_1619321559_1hw9qky_att-url-download.webp","raw_video_title":"Genevieve. What More Can I Do?","video_block_banned":false,"duration":10.0,"promo_winner":false,"promo_winner_recoubers":null,"editorial_info":{},"promo_hint":null,"beeline_best_2014":null,"from_web_editor":true,"normalize_sound":false,"normalize_change_allowed":true,"best2015_addable":false,"ahmad_promo":null,"promo_data":null,"audio_copyright_claim":null,"ads_disabled":null,"is_safe_for_ads":true,"megafon_contents":[],"position_on_page":9},{"flag":null,"abuses":null,"recoubs_by_users_channels":null,"favourite":false,"promoted_id":null,"recoub":null,"like":null,"dislike":null,"reaction":null,"in_my_best2015":false,"id":154046447,"type":"Coub::Simple","permalink":"2jd9rj","title":"Jamtuna Neptuna Australlia","visibility_type":"public","original_visibility_type":"public","channel_id":2227934,"created_at":"2020-09-17T20:17:14Z","updated_at":"2021-04-19T12:02:05Z","is_done":true,"views_count":4083,"cotd":null,"cotd_at":null,"visible_on_explore_root":false,"visible_on_explore":false,"featured":false,"published":true,"published_at":"2020-09-17T20:17:14Z","reversed":false,"from_editor_v2":true,"is_editable":true,"original_sound":false,"has_sound":false,"recoub_to":null,"file_versions":{"html5":{"video":{"higher":{"url":"https://coub-anubis-a.akamaized.net/coub_storage/coub/simple/cw_file/f1a00fab9af/1cfe887eee23267f9be09/muted_mp4_huge_size_1600373839_muted_huge.mp4","size":574408},"high":{"url":"https://coub-anubis-a.akamaized.net/coub_storage/coub/simple/cw_file/f1a00fab9af/1cfe887eee23267f9be09/muted_mp4_big_size_1600373839_muted_big.mp4","size":326428},"med":{"url":"https://coub-anubis-a.akamaized.net/coub_storage/coub/simple/cw_file/f1a00fab9af/1cfe887eee23267f9be09/muted_mp4_med_size_1600373839_muted_med.mp4","size":82196}},"audio":{"high":{"url":"https://coub-anubis-a.akamaized.net/coub_storage/coub/simple/cw_looped_audio_high/8a70de55d89/ff4ba84fc6a8b478e91f6/1607312381_high_1600373854_high.mp3","size":1791130},"med":{"url":"https://coub-anubis-a.akamaized.net/coub_storage/coub/simple/cw_looped_audio_med/cbd34a6cfdb/f8d93d3c7510b952b549b/1607312381_med_1600373854_med.mp3","size":1436148}}},"mobile":{"video":"https://coub-anubis-a.akamaized.net/coub_storage/coub/simple/cw_file/f1a00fab9af/1cfe887eee23267f9be09/muted_mp4_med_size_1600373839_muted_med.mp4","audio":["https://coub-anubis-a.akamaized.net/coub_storage/coub/simple/cw_looped_audio_med/cbd34a6cfdb/f8d93d3c7510b952b549b/1607312381_med_1600373854_med.mp3"]},"share":{"default":null}},"audio_versions":{"template":"https://coub-anubis-a.akamaized.net/coub_storage/audio_track/cw_file/47e38ef6d24/d16104c5cc58d3192a5e6/mid_1600373841_kqa420_edited.mp3","versions":["mid","low"]},"image_versions":{"template":"https://coub-anubis-a.akamaized.net/coub_storage/coub/simple/cw_image/c2a03bf99f1/316c3940b0de07b8bc10e/1600373865_00022.jpg","versions":["micro","tiny","age_restricted","ios_large","ios_mosaic","big","med","small","pinterest"]},"first_frame_versions":{"template":"https://coub-anubis-a.akamaized.net/coub_storage/coub/simple/cw_timeline_pic/c6256bf7b7f/8ad35f8b0b2cb2e638b4f/1600373865_image.jpg","versions":["big","med","small","ios_large"]},"dimensions":{"big":[768,960],"med":[384,480]},"site_w_h":[320,400],"page_w_h":[400,500],"site_w_h_small":[310,388],"size":[768,960],"age_restricted":false,"age_restricted_by_admin":false,"not_safe_for_work":false,"allow_reuse":false,"dont_crop":false,"banned":false,"global_safe":null,"audio_file_url":"https://coub-anubis-a.akamaized.net/coub_storage/audio_track/cw_file/47e38ef6d24/d16104c5cc58d3192a5e6/low_1600373841_kqa420_edited.mp3","external_download":{"type":"Instagram","service_name":"Instagram","url":"https://www.instagram.com/p/CD1TMNiBj0L/","has_embed":false},"application":null,"channel":{"id":2227934,"permalink":"cinemagraphs","title":"Cinemagraphs 🍒","description":"Pictures of the future 📸 #Cinemagraphs","followers_count":51485,"following_count":25,"avatar_versions":{"template":"https://coub-anubis-a.akamaized.net/coub_storage/channel/cw_avatar/b167cf416ae/e7e9bad8a41580de67e5e/%{version}_1607423119_5o3vhm_1474588843_fonstola.ru-57386.jpg","versions":["medium","medium_2x","profile_pic","profile_pic_new","profile_pic_new_2x","tiny","tiny_2x","small","small_2x","ios_large","ios_small"]}},"file":null,"picture":"https://coub-anubis-a.akamaized.net/coub_storage/coub/simple/cw_image/c2a03bf99f1/316c3940b0de07b8bc10e/1600373865_00022.jpg","timeline_picture":"https://coub-anubis-a.akamaized.net/coub_storage/coub/simple/cw_timeline_pic/c6256bf7b7f/8ad35f8b0b2cb2e638b4f/1600373865_image.jpg","small_picture":"https://coub-anubis-a.akamaized.net/coub_storage/coub/simple/cw_image/c2a03bf99f1/316c3940b0de07b8bc10e/1600373865_00022.jpg","sharing_picture":null,"percent_done":100,"tags":[{"id":49603,"title":"cinemagraph","value":"cinemagraph"},{"id":379284,"title":"cinemagraphs","value":"cinemagraphs"},{"id":1133540,"title":"eleprimer","value":"eleprimer"},{"id":183,"title":"girl","value":"girl"},{"id":3072,"title":"art","value":"art"}],"categories":[{"id":114,"title":"Live Pictures","permalink":"live-pictures","subscriptions_count":2028289,"big_image_url":"https://coub-anubis-a.akamaized.net/coub_storage/category/cw_image/6a781fee541/43bd1211431771697290d/big_1622039067_Live_pictures.png","small_image_url":"https://coub-anubis-a.akamaized.net/coub_storage/category/cw_image/6a781fee541/43bd1211431771697290d/small_1622039067_Live_pictures.png","med_image_url":"https://coub-anubis-a.akamaized.net/coub_storage/category/cw_image/6a781fee541/43bd1211431771697290d/med_1622039067_Live_pictures.png","visible":true}],"communities":[{"id":114,"title":"Live Pictures","permalink":"live-pictures","subscriptions_count":2028289,"big_image_url":"https://coub-anubis-a.akamaized.net/coub_storage/category/cw_image/6a781fee541/43bd1211431771697290d/big_1622039067_Live_pictures.png","small_image_url":"https://coub-anubis-a.akamaized.net/coub_storage/category/cw_image/6a781fee541/43bd1211431771697290d/small_1622039067_Live_pictures.png","med_image_url":"https://coub-anubis-a.akamaized.net/coub_storage/category/cw_image/6a781fee541/43bd1211431771697290d/med_1622039067_Live_pictures.png","i_subscribed":true,"community_notifications_enabled":null,"description":null}],"recoubs_count":10,"remixes_count":0,"likes_count":23,"dislikes_count":0,"raw_video_id":15680818,"uploaded_by_ios_app":false,"uploaded_by_android_app":false,"media_blocks":{"uploaded_raw_videos":[],"external_raw_videos":[{"id":36967660,"title":"Shot by jamtuna","url":"http://instagram.com/p/CD1TMNiBj0L/","image":null,"image_retina":null,"meta":{"service":"Instagram","duration":"6.92"},"duration":6.92,"raw_video_id":15680818,"has_embed":false}],"remixed_from_coubs":[],"external_video":{"id":36967660,"title":"Shot by jamtuna","url":"http://instagram.com/p/CD1TMNiBj0L/","image":null,"image_retina":null,"meta":{"service":"Instagram","duration":"6.92"},"duration":6.92,"raw_video_id":15680818,"has_embed":false}},"raw_video_thumbnail_url":"/missing/missing.png","raw_video_title":"Shot by jamtuna","video_block_banned":false,"duration":6.92,"promo_winner":false,"promo_winner_recoubers":null,"editorial_info":{},"promo_hint":null,"beeline_best_2014":null,"from_web_editor":true,"normalize_sound":false,"normalize_change_allowed":true,"best2015_addable":false,"ahmad_promo":null,"promo_data":null,"audio_copyright_claim":null,"ads_disabled":false,"is_safe_for_ads":true,"megafon_contents":[],"position_on_page":10}]}