{"page":353,"per_page":10,"total_pages":500,"coubs":[{"flag":null,"abuses":null,"recoubs_by_users_channels":null,"favourite":false,"promoted_id":null,"recoub":null,"like":null,"dislike":null,"reaction":null,"in_my_best2015":false,"id":66646372,"type":"Coub::Simple","permalink":"138inj","title":"Rhode Island River","visibility_type":"public","original_visibility_type":"public","channel_id":2227934,"created_at":"2018-02-11T06:29:45Z","updated_at":"2022-02-22T15:01:18Z","is_done":true,"views_count":3143,"cotd":null,"cotd_at":null,"visible_on_explore_root":false,"visible_on_explore":false,"featured":false,"published":true,"published_at":"2018-02-11T06:29:45Z","reversed":false,"from_editor_v2":true,"is_editable":true,"original_sound":false,"has_sound":false,"recoub_to":null,"file_versions":{"html5":{"video":{"high":{"url":"https://coub-anubis-a.akamaized.net/coub_storage/coub/simple/cw_file/43649d40c5d/2600908c74c5c5269ee82/muted_mp4_big_size_1518330586_muted_big.mp4","size":76752},"med":{"url":"https://coub-anubis-a.akamaized.net/coub_storage/coub/simple/cw_file/43649d40c5d/2600908c74c5c5269ee82/muted_mp4_med_size_1518330586_muted_med.mp4","size":36247}},"audio":{"high":{"url":"https://coub-anubis-a.akamaized.net/coub_storage/coub/simple/cw_looped_audio_high/4f01ef62d5d/d6969a062cb544fa7b3eb/1605631005_high_1518330600_high.mp3","size":1966389},"med":{"url":"https://coub-anubis-a.akamaized.net/coub_storage/coub/simple/cw_looped_audio_med/1064916f986/e8d833fc9f8ea00134883/1605631005_med_1518330600_med.mp3","size":1354520}}},"mobile":{"video":"https://coub-anubis-a.akamaized.net/coub_storage/coub/simple/cw_file/43649d40c5d/2600908c74c5c5269ee82/muted_mp4_med_size_1518330586_muted_med.mp4","audio":["https://coub-anubis-a.akamaized.net/coub_storage/coub/simple/cw_looped_audio_med/1064916f986/e8d833fc9f8ea00134883/1605631005_med_1518330600_med.mp3"]},"share":{"default":null}},"audio_versions":{"template":"https://coub-anubis-a.akamaized.net/coub_storage/audio_track/cw_file/bee43a20063/dfc10e00a0a3869785099/mid_1518330588_1ggchwq_edited.mp3","versions":["mid","low"]},"image_versions":{"template":"https://coub-anubis-a.akamaized.net/coub_storage/coub/simple/cw_image/eea6b80a447/76922f1df7a0ed7cf0d49/1518330614_00003.jpg","versions":["micro","tiny","age_restricted","ios_large","ios_mosaic","big","med","small","pinterest"]},"first_frame_versions":{"template":"https://coub-anubis-a.akamaized.net/coub_storage/coub/simple/cw_timeline_pic/3987cb77471/ef157b5db9768061fbd07/%{version}_1518330614_image.jpg","versions":["big","med","small","ios_large"]},"dimensions":{"big":[892,460],"med":[640,330]},"site_w_h":[640,330],"page_w_h":[640,330],"site_w_h_small":[310,160],"size":[892,460],"age_restricted":false,"age_restricted_by_admin":false,"not_safe_for_work":null,"allow_reuse":false,"dont_crop":false,"banned":false,"global_safe":null,"audio_file_url":"https://coub-anubis-a.akamaized.net/coub_storage/audio_track/cw_file/bee43a20063/dfc10e00a0a3869785099/low_1518330588_1ggchwq_edited.mp3","external_download":{"type":"Imgur","service_name":"Imgur","url":"http://i.imgur.com/MEINkwh.gifv","has_embed":false},"application":null,"channel":{"id":2227934,"permalink":"cinemagraphs","title":"Cinemagraphs 🍒","description":"Pictures of the future 📸 #Cinemagraphs","followers_count":51485,"following_count":25,"avatar_versions":{"template":"https://coub-anubis-a.akamaized.net/coub_storage/channel/cw_avatar/b167cf416ae/e7e9bad8a41580de67e5e/%{version}_1607423119_5o3vhm_1474588843_fonstola.ru-57386.jpg","versions":["medium","medium_2x","profile_pic","profile_pic_new","profile_pic_new_2x","tiny","tiny_2x","small","small_2x","ios_large","ios_small"]}},"file":null,"picture":"https://coub-anubis-a.akamaized.net/coub_storage/coub/simple/cw_image/eea6b80a447/76922f1df7a0ed7cf0d49/1518330614_00003.jpg","timeline_picture":"https://coub-anubis-a.akamaized.net/coub_storage/coub/simple/cw_timeline_pic/3987cb77471/ef157b5db9768061fbd07/ios_large_1518330614_image.jpg","small_picture":"https://coub-anubis-a.akamaized.net/coub_storage/coub/simple/cw_image/eea6b80a447/76922f1df7a0ed7cf0d49/1518330614_00003.jpg","sharing_picture":null,"percent_done":100,"tags":[{"id":846,"title":"2","value":"2"},{"id":6727,"title":"ice","value":"ice"},{"id":11588,"title":"river","value":"river"},{"id":135,"title":"water","value":"water"},{"id":5318,"title":"snow","value":"snow"},{"id":1038,"title":"winter","value":"winter"},{"id":3566906,"title":"waxtown","value":"waxtown"},{"id":49603,"title":"cinemagraph","value":"cinemagraph"},{"id":379284,"title":"cinemagraphs","value":"cinemagraphs"},{"id":1133540,"title":"eleprimer","value":"eleprimer"}],"categories":[{"id":114,"title":"Live Pictures","permalink":"live-pictures","subscriptions_count":2028289,"big_image_url":"https://coub-anubis-a.akamaized.net/coub_storage/category/cw_image/6a781fee541/43bd1211431771697290d/big_1622039067_Live_pictures.png","small_image_url":"https://coub-anubis-a.akamaized.net/coub_storage/category/cw_image/6a781fee541/43bd1211431771697290d/small_1622039067_Live_pictures.png","med_image_url":"https://coub-anubis-a.akamaized.net/coub_storage/category/cw_image/6a781fee541/43bd1211431771697290d/med_1622039067_Live_pictures.png","visible":true}],"communities":[{"id":114,"title":"Live Pictures","permalink":"live-pictures","subscriptions_count":2028289,"big_image_url":"https://coub-anubis-a.akamaized.net/coub_storage/category/cw_image/6a781fee541/43bd1211431771697290d/big_1622039067_Live_pictures.png","small_image_url":"https://coub-anubis-a.akamaized.net/coub_storage/category/cw_image/6a781fee541/43bd1211431771697290d/small_1622039067_Live_pictures.png","med_image_url":"https://coub-anubis-a.akamaized.net/coub_storage/category/cw_image/6a781fee541/43bd1211431771697290d/med_1622039067_Live_pictures.png","i_subscribed":true,"community_notifications_enabled":null,"description":null}],"recoubs_count":13,"remixes_count":0,"likes_count":51,"dislikes_count":0,"raw_video_id":11106271,"uploaded_by_ios_app":false,"uploaded_by_android_app":false,"media_blocks":{"uploaded_raw_videos":[],"external_raw_videos":[{"id":24699599,"title":"Rhode Island River","url":"https://imgur.com/MEINkwh","image":null,"image_retina":null,"meta":{"service":"Imgur","duration":"0.84"},"duration":0.84,"raw_video_id":11106271,"has_embed":false}],"remixed_from_coubs":[],"external_video":{"id":24699599,"title":"Rhode Island River","url":"https://imgur.com/MEINkwh","image":null,"image_retina":null,"meta":{"service":"Imgur","duration":"0.84"},"duration":0.84,"raw_video_id":11106271,"has_embed":false}},"raw_video_thumbnail_url":"/missing/missing.png","raw_video_title":"Rhode Island River","video_block_banned":false,"duration":0.84,"promo_winner":false,"promo_winner_recoubers":null,"editorial_info":{},"promo_hint":null,"beeline_best_2014":null,"from_web_editor":true,"normalize_sound":false,"normalize_change_allowed":true,"best2015_addable":false,"ahmad_promo":null,"promo_data":null,"audio_copyright_claim":null,"ads_disabled":null,"is_safe_for_ads":true,"megafon_contents":[],"position_on_page":1},{"flag":null,"abuses":null,"recoubs_by_users_channels":null,"favourite":false,"promoted_id":null,"recoub":null,"like":null,"dislike":null,"reaction":null,"in_my_best2015":false,"id":63449398,"type":"Coub::Simple","permalink":"11bsw8","title":"Multitasking (Blade Runner 2049, 2017)","visibility_type":"public","original_visibility_type":"public","channel_id":2227934,"created_at":"2017-12-30T17:33:39Z","updated_at":"2020-11-17T14:37:54Z","is_done":true,"views_count":6543,"cotd":null,"cotd_at":null,"visible_on_explore_root":false,"visible_on_explore":false,"featured":false,"published":true,"published_at":"2017-12-30T17:33:39Z","reversed":false,"from_editor_v2":true,"is_editable":true,"original_sound":false,"has_sound":false,"recoub_to":null,"file_versions":{"html5":{"video":{"high":{"url":"https://coub-anubis-a.akamaized.net/coub_storage/coub/simple/cw_file/e1d74d6ac63/a58a172f80491c2229371/muted_mp4_big_size_1514655221_muted_big.mp4","size":257508},"med":{"url":"https://coub-anubis-a.akamaized.net/coub_storage/coub/simple/cw_file/e1d74d6ac63/a58a172f80491c2229371/muted_mp4_med_size_1514655221_muted_med.mp4","size":79737}},"audio":{"high":{"url":"https://coub-anubis-a.akamaized.net/coub_storage/coub/simple/cw_looped_audio_high/a015fd949fd/fb9be007d1a1dcc610446/1605623873_high_1514655232_high.mp3","size":1368932},"med":{"url":"https://coub-anubis-a.akamaized.net/coub_storage/coub/simple/cw_looped_audio_med/67d964645d9/ff3b6aad3bcb32081d142/1605623873_med_1514655232_med.mp3","size":950343}}},"mobile":{"video":"https://coub-anubis-a.akamaized.net/coub_storage/coub/simple/cw_file/e1d74d6ac63/a58a172f80491c2229371/muted_mp4_med_size_1514655221_muted_med.mp4","audio":["https://coub-anubis-a.akamaized.net/coub_storage/coub/simple/cw_looped_audio_med/67d964645d9/ff3b6aad3bcb32081d142/1605623873_med_1514655232_med.mp3"]},"share":{"default":null}},"audio_versions":{"template":"https://coub-anubis-a.akamaized.net/coub_storage/audio_track/cw_file/32fdb5f9457/c3aeecf4cdd4fed9c94d0/mid_1514655223_9app91_edited.mp3","versions":["mid","low"]},"image_versions":{"template":"https://coub-anubis-a.akamaized.net/coub_storage/coub/simple/cw_image/be4b5dc26f0/8d33c9f40f05362c9234b/1514655239_00004.jpg","versions":["micro","tiny","age_restricted","ios_large","ios_mosaic","big","med","small","pinterest"]},"first_frame_versions":{"template":"https://coub-anubis-a.akamaized.net/coub_storage/coub/simple/cw_timeline_pic/bc47a318dd4/5aa8e4a8f8469cce12cce/1514655239_image.jpg","versions":["big","med","small","ios_large"]},"dimensions":{"big":[1280,524],"med":[640,262]},"site_w_h":[640,262],"page_w_h":[640,262],"site_w_h_small":[310,127],"size":[1280,524],"age_restricted":false,"age_restricted_by_admin":false,"not_safe_for_work":null,"allow_reuse":false,"dont_crop":false,"banned":false,"global_safe":null,"audio_file_url":"https://coub-anubis-a.akamaized.net/coub_storage/audio_track/cw_file/32fdb5f9457/c3aeecf4cdd4fed9c94d0/low_1514655223_9app91_edited.mp3","external_download":{"type":"Imgur","service_name":"Imgur","url":"http://i.imgur.com/Cw6ZS4A.gifv","has_embed":false},"application":null,"channel":{"id":2227934,"permalink":"cinemagraphs","title":"Cinemagraphs 🍒","description":"Pictures of the future 📸 #Cinemagraphs","followers_count":51485,"following_count":25,"avatar_versions":{"template":"https://coub-anubis-a.akamaized.net/coub_storage/channel/cw_avatar/b167cf416ae/e7e9bad8a41580de67e5e/%{version}_1607423119_5o3vhm_1474588843_fonstola.ru-57386.jpg","versions":["medium","medium_2x","profile_pic","profile_pic_new","profile_pic_new_2x","tiny","tiny_2x","small","small_2x","ios_large","ios_small"]}},"file":null,"picture":"https://coub-anubis-a.akamaized.net/coub_storage/coub/simple/cw_image/be4b5dc26f0/8d33c9f40f05362c9234b/1514655239_00004.jpg","timeline_picture":"https://coub-anubis-a.akamaized.net/coub_storage/coub/simple/cw_timeline_pic/bc47a318dd4/5aa8e4a8f8469cce12cce/1514655239_image.jpg","small_picture":"https://coub-anubis-a.akamaized.net/coub_storage/coub/simple/cw_image/be4b5dc26f0/8d33c9f40f05362c9234b/1514655239_00004.jpg","sharing_picture":null,"percent_done":100,"tags":[{"id":349560,"title":"orbo","value":"orbo"},{"id":49603,"title":"cinemagraph","value":"cinemagraph"},{"id":379284,"title":"cinemagraphs","value":"cinemagraphs"},{"id":154,"title":"movie","value":"movie"},{"id":4111,"title":"chill","value":"chill"},{"id":1133540,"title":"eleprimer","value":"eleprimer"}],"categories":[{"id":114,"title":"Live Pictures","permalink":"live-pictures","subscriptions_count":2028289,"big_image_url":"https://coub-anubis-a.akamaized.net/coub_storage/category/cw_image/6a781fee541/43bd1211431771697290d/big_1622039067_Live_pictures.png","small_image_url":"https://coub-anubis-a.akamaized.net/coub_storage/category/cw_image/6a781fee541/43bd1211431771697290d/small_1622039067_Live_pictures.png","med_image_url":"https://coub-anubis-a.akamaized.net/coub_storage/category/cw_image/6a781fee541/43bd1211431771697290d/med_1622039067_Live_pictures.png","visible":true}],"communities":[{"id":114,"title":"Live Pictures","permalink":"live-pictures","subscriptions_count":2028289,"big_image_url":"https://coub-anubis-a.akamaized.net/coub_storage/category/cw_image/6a781fee541/43bd1211431771697290d/big_1622039067_Live_pictures.png","small_image_url":"https://coub-anubis-a.akamaized.net/coub_storage/category/cw_image/6a781fee541/43bd1211431771697290d/small_1622039067_Live_pictures.png","med_image_url":"https://coub-anubis-a.akamaized.net/coub_storage/category/cw_image/6a781fee541/43bd1211431771697290d/med_1622039067_Live_pictures.png","i_subscribed":true,"community_notifications_enabled":null,"description":null}],"recoubs_count":17,"remixes_count":1,"likes_count":51,"dislikes_count":0,"raw_video_id":10839441,"uploaded_by_ios_app":false,"uploaded_by_android_app":false,"media_blocks":{"uploaded_raw_videos":[],"external_raw_videos":[{"id":23966152,"title":"Multitasking (Blade Runner 2049, 2017)","url":"https://imgur.com/Cw6ZS4A","image":"https://coub-anubis-a.akamaized.net/coub_storage/media_block/cw_image/a1ec9d8463e/1768803f8a28718f693d3/1514654709_1514654706_l52tgv_att-url-download.jpg","image_retina":"https://coub-anubis-a.akamaized.net/coub_storage/media_block/cw_image/a1ec9d8463e/1768803f8a28718f693d3/1514654709_1514654706_l52tgv_att-url-download.jpg","meta":{"service":"Imgur","duration":"1.24"},"duration":1.24,"raw_video_id":10839441,"has_embed":false}],"remixed_from_coubs":[],"external_video":{"id":23966152,"title":"Multitasking (Blade Runner 2049, 2017)","url":"https://imgur.com/Cw6ZS4A","image":"https://coub-anubis-a.akamaized.net/coub_storage/media_block/cw_image/a1ec9d8463e/1768803f8a28718f693d3/1514654709_1514654706_l52tgv_att-url-download.jpg","image_retina":"https://coub-anubis-a.akamaized.net/coub_storage/media_block/cw_image/a1ec9d8463e/1768803f8a28718f693d3/1514654709_1514654706_l52tgv_att-url-download.jpg","meta":{"service":"Imgur","duration":"1.24"},"duration":1.24,"raw_video_id":10839441,"has_embed":false}},"raw_video_thumbnail_url":"/missing/missing.png","raw_video_title":"Multitasking (Blade Runner 2049, 2017)","video_block_banned":false,"duration":1.24,"promo_winner":false,"promo_winner_recoubers":null,"editorial_info":{},"promo_hint":null,"beeline_best_2014":null,"from_web_editor":true,"normalize_sound":false,"normalize_change_allowed":true,"best2015_addable":false,"ahmad_promo":null,"promo_data":null,"audio_copyright_claim":null,"ads_disabled":null,"is_safe_for_ads":true,"megafon_contents":[],"position_on_page":2},{"flag":null,"abuses":null,"recoubs_by_users_channels":null,"favourite":false,"promoted_id":null,"recoub":null,"like":null,"dislike":null,"reaction":null,"in_my_best2015":false,"id":57232247,"type":"Coub::Simple","permalink":"xmjnu","title":"Max Payne 18","visibility_type":"public","original_visibility_type":"public","channel_id":3597654,"created_at":"2017-09-13T10:53:51Z","updated_at":"2022-02-26T03:10:04Z","is_done":true,"views_count":4078,"cotd":null,"cotd_at":null,"visible_on_explore_root":false,"visible_on_explore":false,"featured":false,"published":true,"published_at":"2017-09-13T10:53:51Z","reversed":false,"from_editor_v2":true,"is_editable":true,"original_sound":false,"has_sound":false,"recoub_to":null,"file_versions":{"html5":{"video":{"higher":{"url":"https://coub-anubis-a.akamaized.net/coub_storage/coub/simple/cw_file/66e79c663ac/8c049c232278d8e79ea90/muted_mp4_huge_size_1591938935_muted_huge.mp4","size":2435214},"high":{"url":"https://coub-anubis-a.akamaized.net/coub_storage/coub/simple/cw_file/66e79c663ac/8c049c232278d8e79ea90/muted_mp4_big_size_1591938935_muted_big.mp4","size":1622940},"med":{"url":"https://coub-anubis-a.akamaized.net/coub_storage/coub/simple/cw_file/66e79c663ac/8c049c232278d8e79ea90/muted_mp4_med_size_1591938935_muted_med.mp4","size":227107}},"audio":{"high":{"url":"https://coub-anubis-a.akamaized.net/coub_storage/coub/simple/cw_looped_audio_high/9b1f369d6d0/47a5a0197f10330a54448/1605568424_high_1505300086_high.mp3","size":1550419},"med":{"url":"https://coub-anubis-a.akamaized.net/coub_storage/coub/simple/cw_looped_audio_med/d0fb7a4d012/c659e2863e56288fabf30/1605568422_med_1505300086_med.mp3","size":1081802}}},"mobile":{"video":"https://coub-anubis-a.akamaized.net/coub_storage/coub/simple/cw_file/66e79c663ac/8c049c232278d8e79ea90/muted_mp4_med_size_1591938935_muted_med.mp4","audio":["https://coub-anubis-a.akamaized.net/coub_storage/coub/simple/cw_looped_audio_med/d0fb7a4d012/c659e2863e56288fabf30/1605568422_med_1505300086_med.mp3"]},"share":{"default":null}},"audio_versions":{"template":"https://coub-anubis-a.akamaized.net/coub_storage/audio_track/cw_file/13d3d6f2c58/0fbde47789bd699a47a93/mid_1505300069_rdrfdb_edited.mp3","versions":["mid","low"]},"image_versions":{"template":"https://coub-anubis-a.akamaized.net/coub_storage/coub/simple/cw_image/202eece90b1/996547e9bb93791ed9509/1505300102_00028.jpg","versions":["micro","tiny","age_restricted","ios_large","ios_mosaic","big","med","small","pinterest"]},"first_frame_versions":{"template":"https://coub-anubis-a.akamaized.net/coub_storage/coub/simple/cw_timeline_pic/0a38d21c9ac/1706c828439a009831edb/%{version}_1505300101_image.jpg","versions":["big","med","small","ios_large"]},"dimensions":{"big":[1280,720],"med":[640,360]},"site_w_h":[640,360],"page_w_h":[640,360],"site_w_h_small":[310,174],"size":[1280,720],"age_restricted":false,"age_restricted_by_admin":false,"not_safe_for_work":null,"allow_reuse":false,"dont_crop":false,"banned":false,"global_safe":true,"audio_file_url":"https://coub-anubis-a.akamaized.net/coub_storage/audio_track/cw_file/13d3d6f2c58/0fbde47789bd699a47a93/low_1505300069_rdrfdb_edited.mp3","external_download":false,"application":null,"channel":{"id":3597654,"permalink":"fframestaff","title":"Freeze frame stuff","description":null,"followers_count":915,"following_count":0,"avatar_versions":{"template":"https://coub-anubis-a.akamaized.net/coub_storage/channel/cw_avatar/f43f966a9c7/20b8c92eec241cb3682d8/%{version}_1607709528_1058p27_1495734932_logo.jpg","versions":["medium","medium_2x","profile_pic","profile_pic_new","profile_pic_new_2x","tiny","tiny_2x","small","small_2x","ios_large","ios_small"]}},"file":null,"picture":"https://coub-anubis-a.akamaized.net/coub_storage/coub/simple/cw_image/202eece90b1/996547e9bb93791ed9509/1505300102_00028.jpg","timeline_picture":"https://coub-anubis-a.akamaized.net/coub_storage/coub/simple/cw_timeline_pic/0a38d21c9ac/1706c828439a009831edb/ios_large_1505300101_image.jpg","small_picture":"https://coub-anubis-a.akamaized.net/coub_storage/coub/simple/cw_image/202eece90b1/996547e9bb93791ed9509/1505300102_00028.jpg","sharing_picture":null,"percent_done":100,"tags":[],"categories":[{"id":114,"title":"Live Pictures","permalink":"live-pictures","subscriptions_count":2028289,"big_image_url":"https://coub-anubis-a.akamaized.net/coub_storage/category/cw_image/6a781fee541/43bd1211431771697290d/big_1622039067_Live_pictures.png","small_image_url":"https://coub-anubis-a.akamaized.net/coub_storage/category/cw_image/6a781fee541/43bd1211431771697290d/small_1622039067_Live_pictures.png","med_image_url":"https://coub-anubis-a.akamaized.net/coub_storage/category/cw_image/6a781fee541/43bd1211431771697290d/med_1622039067_Live_pictures.png","visible":true}],"communities":[{"id":114,"title":"Live Pictures","permalink":"live-pictures","subscriptions_count":2028289,"big_image_url":"https://coub-anubis-a.akamaized.net/coub_storage/category/cw_image/6a781fee541/43bd1211431771697290d/big_1622039067_Live_pictures.png","small_image_url":"https://coub-anubis-a.akamaized.net/coub_storage/category/cw_image/6a781fee541/43bd1211431771697290d/small_1622039067_Live_pictures.png","med_image_url":"https://coub-anubis-a.akamaized.net/coub_storage/category/cw_image/6a781fee541/43bd1211431771697290d/med_1622039067_Live_pictures.png","i_subscribed":true,"community_notifications_enabled":null,"description":null}],"recoubs_count":7,"remixes_count":0,"likes_count":51,"dislikes_count":0,"raw_video_id":10240033,"uploaded_by_ios_app":false,"uploaded_by_android_app":false,"media_blocks":{"uploaded_raw_videos":[],"external_raw_videos":[],"remixed_from_coubs":[]},"raw_video_thumbnail_url":"/missing/missing.png","raw_video_title":"mp18.mp4","video_block_banned":false,"duration":8.84,"promo_winner":false,"promo_winner_recoubers":null,"editorial_info":{},"promo_hint":null,"beeline_best_2014":null,"from_web_editor":true,"normalize_sound":false,"normalize_change_allowed":true,"best2015_addable":false,"ahmad_promo":null,"promo_data":null,"audio_copyright_claim":null,"ads_disabled":null,"is_safe_for_ads":true,"megafon_contents":[],"position_on_page":3},{"flag":null,"abuses":null,"recoubs_by_users_channels":null,"favourite":false,"promoted_id":null,"recoub":null,"like":null,"dislike":null,"reaction":null,"in_my_best2015":false,"id":54857940,"type":"Coub::Simple","permalink":"w7nm2","title":"Cloud Symphony.","visibility_type":"public","original_visibility_type":"public","channel_id":2231245,"created_at":"2017-07-25T00:09:11Z","updated_at":"2021-09-01T17:47:46Z","is_done":true,"views_count":3198,"cotd":null,"cotd_at":null,"visible_on_explore_root":false,"visible_on_explore":false,"featured":false,"published":true,"published_at":"2017-07-25T00:09:11Z","reversed":false,"from_editor_v2":true,"is_editable":true,"original_sound":false,"has_sound":false,"recoub_to":null,"file_versions":{"html5":{"video":{"higher":{"url":"https://coub-anubis-a.akamaized.net/coub_storage/coub/simple/cw_file/b17c70f376c/23b36c6586b6e6f375bac/muted_mp4_huge_size_1592947228_muted_huge.mp4","size":412678},"high":{"url":"https://coub-anubis-a.akamaized.net/coub_storage/coub/simple/cw_file/b17c70f376c/23b36c6586b6e6f375bac/muted_mp4_big_size_1592947228_muted_big.mp4","size":246078},"med":{"url":"https://coub-anubis-a.akamaized.net/coub_storage/coub/simple/cw_file/b17c70f376c/23b36c6586b6e6f375bac/muted_mp4_med_size_1592947228_muted_med.mp4","size":66450}},"audio":{"high":{"url":"https://coub-anubis-a.akamaized.net/coub_storage/coub/simple/cw_looped_audio_high/cb1b35f9de6/cde364381fb1d7c360e5c/1605612989_high_1500941362_high.mp3","size":721914},"med":{"url":"https://coub-anubis-a.akamaized.net/coub_storage/coub/simple/cw_looped_audio_med/68501d94b67/157a05647eed184e687a3/1605612989_med_1500941362_med.mp3","size":510929}}},"mobile":{"video":"https://coub-anubis-a.akamaized.net/coub_storage/coub/simple/cw_file/b17c70f376c/23b36c6586b6e6f375bac/muted_mp4_med_size_1592947228_muted_med.mp4","audio":["https://coub-anubis-a.akamaized.net/coub_storage/coub/simple/cw_looped_audio_med/68501d94b67/157a05647eed184e687a3/1605612989_med_1500941362_med.mp3"]},"share":{"default":"https://coub-anubis-a.akamaized.net/coub_storage/coub/simple/cw_video_for_sharing/50dea523113/2bd6db7e7a00cae1f5a82/1630518466_looped_1630518465.mp4"}},"audio_versions":{"template":"https://coub-anubis-a.akamaized.net/coub_storage/audio_track/cw_file/6ff244d789d/93a95e69cecbfc42727ee/mid_1500941356_1bkcyhq_edited.mp3","versions":["mid","low"]},"image_versions":{"template":"https://coub-anubis-a.akamaized.net/coub_storage/coub/simple/cw_image/307666aa3c6/38bb1fb55eb5127adc3dd/1500941366_00007.jpg","versions":["micro","tiny","age_restricted","ios_large","ios_mosaic","big","med","small","pinterest"]},"first_frame_versions":{"template":"https://coub-anubis-a.akamaized.net/coub_storage/coub/simple/cw_timeline_pic/0bae849e7ff/dffb430e2e1331ddba9c5/%{version}_1500941366_image.jpg","versions":["big","med","small","ios_large"]},"dimensions":{"big":[1280,726],"med":[640,362]},"site_w_h":[640,363],"page_w_h":[640,363],"site_w_h_small":[310,176],"size":[1280,726],"age_restricted":false,"age_restricted_by_admin":false,"not_safe_for_work":null,"allow_reuse":false,"dont_crop":false,"banned":false,"global_safe":true,"audio_file_url":"https://coub-anubis-a.akamaized.net/coub_storage/audio_track/cw_file/6ff244d789d/93a95e69cecbfc42727ee/low_1500941356_1bkcyhq_edited.mp3","external_download":{"type":"Imgur","service_name":"Imgur","url":"http://i.imgur.com/Jeas7Ys.gifv","has_embed":false},"application":null,"channel":{"id":2231245,"permalink":"weathertune","title":"Weather Tune","description":"Now you do not necessarily look out the window","followers_count":12670,"following_count":3,"avatar_versions":{"template":"https://coub-anubis-a.akamaized.net/coub_storage/channel/cw_avatar/b977c9ebe89/d397cc0b7ec0f90c0fe92/%{version}_1607423877_2g2nmg_1502174771_FocusArea__Weather-02.png","versions":["medium","medium_2x","profile_pic","profile_pic_new","profile_pic_new_2x","tiny","tiny_2x","small","small_2x","ios_large","ios_small"]}},"file":null,"picture":"https://coub-anubis-a.akamaized.net/coub_storage/coub/simple/cw_image/307666aa3c6/38bb1fb55eb5127adc3dd/1500941366_00007.jpg","timeline_picture":"https://coub-anubis-a.akamaized.net/coub_storage/coub/simple/cw_timeline_pic/0bae849e7ff/dffb430e2e1331ddba9c5/ios_large_1500941366_image.jpg","small_picture":"https://coub-anubis-a.akamaized.net/coub_storage/coub/simple/cw_image/307666aa3c6/38bb1fb55eb5127adc3dd/1500941366_00007.jpg","sharing_picture":null,"percent_done":100,"tags":[{"id":6079,"title":"weather","value":"weather"},{"id":1133540,"title":"eleprimer","value":"eleprimer"},{"id":86,"title":"music","value":"music"},{"id":1071,"title":"cool","value":"cool"},{"id":1094,"title":"nature","value":"nature"},{"id":5508,"title":"clouds","value":"clouds"},{"id":379284,"title":"cinemagraphs","value":"cinemagraphs"},{"id":49603,"title":"cinemagraph","value":"cinemagraph"},{"id":349560,"title":"orbo","value":"orbo"}],"categories":[{"id":114,"title":"Live Pictures","permalink":"live-pictures","subscriptions_count":2028289,"big_image_url":"https://coub-anubis-a.akamaized.net/coub_storage/category/cw_image/6a781fee541/43bd1211431771697290d/big_1622039067_Live_pictures.png","small_image_url":"https://coub-anubis-a.akamaized.net/coub_storage/category/cw_image/6a781fee541/43bd1211431771697290d/small_1622039067_Live_pictures.png","med_image_url":"https://coub-anubis-a.akamaized.net/coub_storage/category/cw_image/6a781fee541/43bd1211431771697290d/med_1622039067_Live_pictures.png","visible":true}],"communities":[{"id":114,"title":"Live Pictures","permalink":"live-pictures","subscriptions_count":2028289,"big_image_url":"https://coub-anubis-a.akamaized.net/coub_storage/category/cw_image/6a781fee541/43bd1211431771697290d/big_1622039067_Live_pictures.png","small_image_url":"https://coub-anubis-a.akamaized.net/coub_storage/category/cw_image/6a781fee541/43bd1211431771697290d/small_1622039067_Live_pictures.png","med_image_url":"https://coub-anubis-a.akamaized.net/coub_storage/category/cw_image/6a781fee541/43bd1211431771697290d/med_1622039067_Live_pictures.png","i_subscribed":true,"community_notifications_enabled":null,"description":null}],"recoubs_count":12,"remixes_count":0,"likes_count":51,"dislikes_count":0,"raw_video_id":9995234,"uploaded_by_ios_app":false,"uploaded_by_android_app":false,"media_blocks":{"uploaded_raw_videos":[],"external_raw_videos":[{"id":21625608,"title":"Cloud Symphony.","url":"https://imgur.com/Jeas7Ys","image":"https://coub-anubis-a.akamaized.net/coub_storage/media_block/cw_image/6766d76fb83/aa122aac17a7e5922d9a9/1500940345_1500940341_150cij0_att-url-download.jpg","image_retina":"https://coub-anubis-a.akamaized.net/coub_storage/media_block/cw_image/6766d76fb83/aa122aac17a7e5922d9a9/1500940345_1500940341_150cij0_att-url-download.jpg","meta":{"service":"Imgur","duration":"2.0"},"duration":2.0,"raw_video_id":9995234,"has_embed":false}],"remixed_from_coubs":[],"external_video":{"id":21625608,"title":"Cloud Symphony.","url":"https://imgur.com/Jeas7Ys","image":"https://coub-anubis-a.akamaized.net/coub_storage/media_block/cw_image/6766d76fb83/aa122aac17a7e5922d9a9/1500940345_1500940341_150cij0_att-url-download.jpg","image_retina":"https://coub-anubis-a.akamaized.net/coub_storage/media_block/cw_image/6766d76fb83/aa122aac17a7e5922d9a9/1500940345_1500940341_150cij0_att-url-download.jpg","meta":{"service":"Imgur","duration":"2.0"},"duration":2.0,"raw_video_id":9995234,"has_embed":false}},"raw_video_thumbnail_url":"/missing/missing.png","raw_video_title":"Cloud Symphony.","video_block_banned":false,"duration":2.0,"promo_winner":false,"promo_winner_recoubers":null,"editorial_info":{},"promo_hint":null,"beeline_best_2014":null,"from_web_editor":true,"normalize_sound":false,"normalize_change_allowed":true,"best2015_addable":false,"ahmad_promo":null,"promo_data":null,"audio_copyright_claim":null,"ads_disabled":null,"is_safe_for_ads":true,"megafon_contents":[],"position_on_page":4},{"flag":null,"abuses":null,"recoubs_by_users_channels":null,"favourite":false,"promoted_id":null,"recoub":null,"like":null,"dislike":null,"reaction":null,"in_my_best2015":false,"id":51899436,"type":"Coub::Simple","permalink":"ug8so","title":"Wonder...","visibility_type":"public","original_visibility_type":"public","channel_id":2227934,"created_at":"2017-05-24T22:47:24Z","updated_at":"2020-11-17T07:52:38Z","is_done":true,"views_count":5366,"cotd":null,"cotd_at":null,"visible_on_explore_root":true,"visible_on_explore":true,"featured":true,"published":true,"published_at":"2017-05-24T22:47:24Z","reversed":false,"from_editor_v2":true,"is_editable":true,"original_sound":false,"has_sound":false,"recoub_to":null,"file_versions":{"html5":{"video":{"high":{"url":"https://coub-anubis-a.akamaized.net/coub_storage/coub/simple/cw_file/3d54cfc1509/d9ba2ce5d3b3e1ad963af/muted_mp4_big_size_1495666047_muted_big.mp4","size":412893},"med":{"url":"https://coub-anubis-a.akamaized.net/coub_storage/coub/simple/cw_file/3d54cfc1509/d9ba2ce5d3b3e1ad963af/muted_mp4_med_size_1495666047_muted_med.mp4","size":81702}},"audio":{"high":{"url":"https://coub-anubis-a.akamaized.net/coub_storage/coub/simple/cw_looped_audio_high/7c3ce37fa65/e6f1341d5ad4ebd27901e/1605599558_high_1495666063_high.mp3","size":1665071},"med":{"url":"https://coub-anubis-a.akamaized.net/coub_storage/coub/simple/cw_looped_audio_med/360e07d91e6/74124f7af376247c590f7/1605599557_med_1495666063_med.mp3","size":1229316}}},"mobile":{"video":"https://coub-anubis-a.akamaized.net/coub_storage/coub/simple/cw_file/3d54cfc1509/d9ba2ce5d3b3e1ad963af/muted_mp4_med_size_1495666047_muted_med.mp4","audio":["https://coub-anubis-a.akamaized.net/coub_storage/coub/simple/cw_looped_audio_med/360e07d91e6/74124f7af376247c590f7/1605599557_med_1495666063_med.mp3"]},"share":{"default":null}},"audio_versions":{"template":"https://coub-anubis-a.akamaized.net/coub_storage/audio_track/cw_file/025189b2fdb/c985f14c197af6a65c66b/mid_1495666050_12t9qko_edited.mp3","versions":["mid","low"]},"image_versions":{"template":"https://coub-anubis-a.akamaized.net/coub_storage/coub/simple/cw_image/e13bc03d014/9d393aff608736916d85a/1495666069_00004.jpg","versions":["micro","tiny","age_restricted","ios_large","ios_mosaic","big","med","small","pinterest"]},"first_frame_versions":{"template":"https://coub-anubis-a.akamaized.net/coub_storage/coub/simple/cw_timeline_pic/e13bc03d014/9d393aff608736916d85a/1495666069_image.jpg","versions":["big","med","small","ios_large"]},"dimensions":{"big":[1280,540],"med":[640,270]},"site_w_h":[640,270],"page_w_h":[640,270],"site_w_h_small":[310,131],"size":[1280,540],"age_restricted":false,"age_restricted_by_admin":false,"not_safe_for_work":false,"allow_reuse":false,"dont_crop":false,"banned":false,"global_safe":true,"audio_file_url":"https://coub-anubis-a.akamaized.net/coub_storage/audio_track/cw_file/025189b2fdb/c985f14c197af6a65c66b/low_1495666050_12t9qko_edited.mp3","external_download":{"type":"Imgur","service_name":"Imgur","url":"http://i.imgur.com/UMltBtj.gifv","has_embed":false},"application":null,"channel":{"id":2227934,"permalink":"cinemagraphs","title":"Cinemagraphs 🍒","description":"Pictures of the future 📸 #Cinemagraphs","followers_count":51485,"following_count":25,"avatar_versions":{"template":"https://coub-anubis-a.akamaized.net/coub_storage/channel/cw_avatar/b167cf416ae/e7e9bad8a41580de67e5e/%{version}_1607423119_5o3vhm_1474588843_fonstola.ru-57386.jpg","versions":["medium","medium_2x","profile_pic","profile_pic_new","profile_pic_new_2x","tiny","tiny_2x","small","small_2x","ios_large","ios_small"]}},"file":null,"picture":"https://coub-anubis-a.akamaized.net/coub_storage/coub/simple/cw_image/e13bc03d014/9d393aff608736916d85a/1495666069_00004.jpg","timeline_picture":"https://coub-anubis-a.akamaized.net/coub_storage/coub/simple/cw_timeline_pic/e13bc03d014/9d393aff608736916d85a/1495666069_image.jpg","small_picture":"https://coub-anubis-a.akamaized.net/coub_storage/coub/simple/cw_image/e13bc03d014/9d393aff608736916d85a/1495666069_00004.jpg","sharing_picture":null,"percent_done":100,"tags":[{"id":1133540,"title":"eleprimer","value":"eleprimer"},{"id":86,"title":"music","value":"music"},{"id":1094,"title":"nature","value":"nature"},{"id":3038771,"title":"arbo","value":"arbo"},{"id":421,"title":"gif","value":"gif"},{"id":379284,"title":"cinemagraphs","value":"cinemagraphs"},{"id":49603,"title":"cinemagraph","value":"cinemagraph"},{"id":11992,"title":"vocal","value":"vocal"},{"id":183,"title":"girl","value":"girl"},{"id":1215286,"title":"waman","value":"waman"},{"id":2332,"title":"alone","value":"alone"},{"id":14277,"title":"waterfall","value":"waterfall"},{"id":135,"title":"water","value":"water"}],"categories":[{"id":114,"title":"Live Pictures","permalink":"live-pictures","subscriptions_count":2028289,"big_image_url":"https://coub-anubis-a.akamaized.net/coub_storage/category/cw_image/6a781fee541/43bd1211431771697290d/big_1622039067_Live_pictures.png","small_image_url":"https://coub-anubis-a.akamaized.net/coub_storage/category/cw_image/6a781fee541/43bd1211431771697290d/small_1622039067_Live_pictures.png","med_image_url":"https://coub-anubis-a.akamaized.net/coub_storage/category/cw_image/6a781fee541/43bd1211431771697290d/med_1622039067_Live_pictures.png","visible":true}],"communities":[{"id":114,"title":"Live Pictures","permalink":"live-pictures","subscriptions_count":2028289,"big_image_url":"https://coub-anubis-a.akamaized.net/coub_storage/category/cw_image/6a781fee541/43bd1211431771697290d/big_1622039067_Live_pictures.png","small_image_url":"https://coub-anubis-a.akamaized.net/coub_storage/category/cw_image/6a781fee541/43bd1211431771697290d/small_1622039067_Live_pictures.png","med_image_url":"https://coub-anubis-a.akamaized.net/coub_storage/category/cw_image/6a781fee541/43bd1211431771697290d/med_1622039067_Live_pictures.png","i_subscribed":true,"community_notifications_enabled":null,"description":null}],"recoubs_count":13,"remixes_count":0,"likes_count":51,"dislikes_count":0,"raw_video_id":9679848,"uploaded_by_ios_app":false,"uploaded_by_android_app":false,"media_blocks":{"uploaded_raw_videos":[],"external_raw_videos":[{"id":20650123,"title":"Wonder...","url":"https://imgur.com/UMltBtj","image":"https://coub-anubis-a.akamaized.net/coub_storage/media_block/cw_image/de175aafd31/548368a899001516bac9f/1495663241_1495663235_14ogjf9_att-url-download.jpg","image_retina":"https://coub-anubis-a.akamaized.net/coub_storage/media_block/cw_image/de175aafd31/548368a899001516bac9f/1495663241_1495663235_14ogjf9_att-url-download.jpg","meta":{"service":"Imgur","duration":"1.0"},"duration":1.0,"raw_video_id":9679848,"has_embed":false}],"remixed_from_coubs":[],"external_video":{"id":20650123,"title":"Wonder...","url":"https://imgur.com/UMltBtj","image":"https://coub-anubis-a.akamaized.net/coub_storage/media_block/cw_image/de175aafd31/548368a899001516bac9f/1495663241_1495663235_14ogjf9_att-url-download.jpg","image_retina":"https://coub-anubis-a.akamaized.net/coub_storage/media_block/cw_image/de175aafd31/548368a899001516bac9f/1495663241_1495663235_14ogjf9_att-url-download.jpg","meta":{"service":"Imgur","duration":"1.0"},"duration":1.0,"raw_video_id":9679848,"has_embed":false}},"raw_video_thumbnail_url":"/missing/missing.png","raw_video_title":"Wonder...","video_block_banned":false,"duration":1.0,"promo_winner":false,"promo_winner_recoubers":null,"editorial_info":{},"promo_hint":null,"beeline_best_2014":null,"from_web_editor":true,"normalize_sound":false,"normalize_change_allowed":true,"best2015_addable":false,"ahmad_promo":null,"promo_data":null,"audio_copyright_claim":null,"ads_disabled":null,"is_safe_for_ads":true,"megafon_contents":[],"position_on_page":5},{"flag":null,"abuses":null,"recoubs_by_users_channels":null,"favourite":false,"promoted_id":null,"recoub":null,"like":null,"dislike":null,"reaction":null,"in_my_best2015":false,"id":49286702,"type":"Coub::Simple","permalink":"sw8ry","title":"Spring is coming-my cinemagraph","visibility_type":"public","original_visibility_type":"public","channel_id":1365776,"created_at":"2017-03-25T07:28:19Z","updated_at":"2020-12-15T15:59:27Z","is_done":true,"views_count":5689,"cotd":null,"cotd_at":null,"visible_on_explore_root":true,"visible_on_explore":true,"featured":true,"published":true,"published_at":"2017-03-25T07:28:19Z","reversed":false,"from_editor_v2":true,"is_editable":true,"original_sound":false,"has_sound":false,"recoub_to":null,"file_versions":{"html5":{"video":{"higher":{"url":"https://coub-anubis-a.akamaized.net/coub_storage/coub/simple/cw_file/d6ade1d8710/12bfc424288c5d8cb83b4/muted_mp4_huge_size_1608047957_muted_huge.mp4","size":798915},"high":{"url":"https://coub-anubis-a.akamaized.net/coub_storage/coub/simple/cw_file/d6ade1d8710/12bfc424288c5d8cb83b4/muted_mp4_big_size_1608047957_muted_big.mp4","size":593888},"med":{"url":"https://coub-anubis-a.akamaized.net/coub_storage/coub/simple/cw_file/d6ade1d8710/12bfc424288c5d8cb83b4/muted_mp4_med_size_1608047957_muted_med.mp4","size":119530}},"audio":{"high":{"url":"https://coub-anubis-a.akamaized.net/coub_storage/coub/simple/cw_looped_audio_high/6c59352fdbb/5f3e024e01044d6b0bef0/1605589192_high_1490427023_high.mp3","size":14144894},"med":{"url":"https://coub-anubis-a.akamaized.net/coub_storage/coub/simple/cw_looped_audio_med/3832bddd0ce/6a2d032f8974d1806997d/1605589191_med_1490427023_med.mp3","size":12867318}}},"mobile":{"video":"https://coub-anubis-a.akamaized.net/coub_storage/coub/simple/cw_file/d6ade1d8710/12bfc424288c5d8cb83b4/muted_mp4_med_size_1608047957_muted_med.mp4","audio":["https://coub-anubis-a.akamaized.net/coub_storage/coub/simple/cw_looped_audio_med/3832bddd0ce/6a2d032f8974d1806997d/1605589191_med_1490427023_med.mp3"]},"share":{"default":"https://coub-anubis-a.akamaized.net/coub_storage/coub/simple/cw_video_for_sharing/a3d0012b488/b37f49c97b5c008702531/1608047967_looped_1608047967.mp4"}},"audio_versions":{"template":"https://coub-anubis-a.akamaized.net/coub_storage/audio_track/cw_normalized_copy/b835a4448d8/9af5aa50287cfc1d56223/mid_1490426981_xwcm4_normalized_1490426922_277xny_edited.mp3","versions":["mid","low"]},"image_versions":{"template":"https://coub-anubis-a.akamaized.net/coub_storage/coub/simple/cw_image/392baeaf768/33c8c3afd79d16479eeaa/1490427052_00009.jpg","versions":["micro","tiny","age_restricted","ios_large","ios_mosaic","big","med","small","pinterest"]},"first_frame_versions":{"template":"https://coub-anubis-a.akamaized.net/coub_storage/coub/simple/cw_timeline_pic/392baeaf768/33c8c3afd79d16479eeaa/%{version}_1490427052_image.jpg","versions":["big","med","small","ios_large"]},"dimensions":{"big":[1280,720],"med":[640,360]},"site_w_h":[640,360],"page_w_h":[640,360],"site_w_h_small":[310,174],"size":[1280,720],"age_restricted":false,"age_restricted_by_admin":false,"not_safe_for_work":false,"allow_reuse":false,"dont_crop":false,"banned":false,"global_safe":true,"audio_file_url":"https://coub-anubis-a.akamaized.net/coub_storage/audio_track/cw_normalized_copy/b835a4448d8/9af5aa50287cfc1d56223/low_1490426981_xwcm4_normalized_1490426922_277xny_edited.mp3","external_download":false,"application":null,"channel":{"id":1365776,"permalink":"tvmonitoring","title":"Tv Monitoring","description":null,"followers_count":2587,"following_count":3,"avatar_versions":{"template":"https://coub-anubis-a.akamaized.net/coub_storage/channel/cw_avatar/7e9ac7bea01/890e6579d6242c1e3a5f6/%{version}_1608806742_1pymv6f_1474592823_TVMonitoring_1.jpg","versions":["medium","medium_2x","profile_pic","profile_pic_new","profile_pic_new_2x","tiny","tiny_2x","small","small_2x","ios_large","ios_small"]}},"file":null,"picture":"https://coub-anubis-a.akamaized.net/coub_storage/coub/simple/cw_image/392baeaf768/33c8c3afd79d16479eeaa/1490427052_00009.jpg","timeline_picture":"https://coub-anubis-a.akamaized.net/coub_storage/coub/simple/cw_timeline_pic/392baeaf768/33c8c3afd79d16479eeaa/ios_large_1490427052_image.jpg","small_picture":"https://coub-anubis-a.akamaized.net/coub_storage/coub/simple/cw_image/392baeaf768/33c8c3afd79d16479eeaa/1490427052_00009.jpg","sharing_picture":null,"percent_done":100,"tags":[],"categories":[{"id":114,"title":"Live Pictures","permalink":"live-pictures","subscriptions_count":2028289,"big_image_url":"https://coub-anubis-a.akamaized.net/coub_storage/category/cw_image/6a781fee541/43bd1211431771697290d/big_1622039067_Live_pictures.png","small_image_url":"https://coub-anubis-a.akamaized.net/coub_storage/category/cw_image/6a781fee541/43bd1211431771697290d/small_1622039067_Live_pictures.png","med_image_url":"https://coub-anubis-a.akamaized.net/coub_storage/category/cw_image/6a781fee541/43bd1211431771697290d/med_1622039067_Live_pictures.png","visible":true}],"communities":[{"id":114,"title":"Live Pictures","permalink":"live-pictures","subscriptions_count":2028289,"big_image_url":"https://coub-anubis-a.akamaized.net/coub_storage/category/cw_image/6a781fee541/43bd1211431771697290d/big_1622039067_Live_pictures.png","small_image_url":"https://coub-anubis-a.akamaized.net/coub_storage/category/cw_image/6a781fee541/43bd1211431771697290d/small_1622039067_Live_pictures.png","med_image_url":"https://coub-anubis-a.akamaized.net/coub_storage/category/cw_image/6a781fee541/43bd1211431771697290d/med_1622039067_Live_pictures.png","i_subscribed":true,"community_notifications_enabled":null,"description":null}],"recoubs_count":11,"remixes_count":1,"likes_count":51,"dislikes_count":0,"raw_video_id":9341386,"uploaded_by_ios_app":false,"uploaded_by_android_app":false,"media_blocks":{"uploaded_raw_videos":[],"external_raw_videos":[],"remixed_from_coubs":[]},"raw_video_thumbnail_url":"/missing/missing.png","raw_video_title":"Spring_is_coming.mp4","video_block_banned":false,"duration":2.56,"promo_winner":false,"promo_winner_recoubers":null,"editorial_info":{},"promo_hint":null,"beeline_best_2014":null,"from_web_editor":true,"normalize_sound":true,"normalize_change_allowed":true,"best2015_addable":false,"ahmad_promo":null,"promo_data":null,"audio_copyright_claim":null,"ads_disabled":null,"is_safe_for_ads":true,"megafon_contents":[],"position_on_page":6},{"flag":null,"abuses":null,"recoubs_by_users_channels":null,"favourite":false,"promoted_id":null,"recoub":null,"like":null,"dislike":null,"reaction":null,"in_my_best2015":false,"id":36459096,"type":"Coub::Simple","permalink":"l9aue","title":"Find a Way","visibility_type":"public","original_visibility_type":"public","channel_id":2468838,"created_at":"2016-12-28T02:40:25Z","updated_at":"2021-08-18T18:06:23Z","is_done":true,"views_count":4748,"cotd":null,"cotd_at":null,"visible_on_explore_root":false,"visible_on_explore":false,"featured":false,"published":true,"published_at":"2016-12-28T02:40:25Z","reversed":false,"from_editor_v2":true,"is_editable":true,"original_sound":false,"has_sound":false,"recoub_to":null,"file_versions":{"html5":{"video":{"higher":{"url":"https://coub-anubis-a.akamaized.net/coub_storage/coub/simple/cw_file/31030d7c503/55ef766fdf185dac34042/muted_mp4_huge_size_1588535306_muted_huge.mp4","size":175682},"high":{"url":"https://coub-anubis-a.akamaized.net/coub_storage/coub/simple/cw_file/31030d7c503/55ef766fdf185dac34042/muted_mp4_big_size_1588535306_muted_big.mp4","size":101732},"med":{"url":"https://coub-anubis-a.akamaized.net/coub_storage/coub/simple/cw_file/31030d7c503/55ef766fdf185dac34042/muted_mp4_med_size_1588535306_muted_med.mp4","size":46377}},"audio":{"high":{"url":"https://coub-anubis-a.akamaized.net/coub_storage/coub/simple/cw_looped_audio_high/ee81f1e45b4/d2f8da3a87c31a10503bf/1605567955_high_1482892845_high.mp3","size":2057699},"med":{"url":"https://coub-anubis-a.akamaized.net/coub_storage/coub/simple/cw_looped_audio_med/8ca7e28a3a4/8270c96be55dc77081198/1605567954_med_1482892845_med.mp3","size":2009760}}},"mobile":{"video":"https://coub-anubis-a.akamaized.net/coub_storage/coub/simple/cw_file/31030d7c503/55ef766fdf185dac34042/muted_mp4_med_size_1588535306_muted_med.mp4","audio":["https://coub-anubis-a.akamaized.net/coub_storage/coub/simple/cw_looped_audio_med/8ca7e28a3a4/8270c96be55dc77081198/1605567954_med_1482892845_med.mp3"]},"share":{"default":"https://coub-anubis-a.akamaized.net/coub_storage/coub/simple/cw_video_for_sharing/eaa4d5c8a00/dd45d96e3fd86abf5e9ad/1616577875_looped_1616577874.mp4"}},"audio_versions":{"template":"https://coub-anubis-a.akamaized.net/coub_storage/audio_track/cw_file/41cbfbebf25/14c5f34bd3833ae7cef64/mid_1482892833_fur33f_edited.mp3","versions":["mid","low"]},"image_versions":{"template":"https://coub-anubis-a.akamaized.net/coub_storage/coub/simple/cw_image/6b2c6b4f5dd/d158f363f6485aaf5c309/1482892849_00007.jpg","versions":["micro","tiny","age_restricted","ios_large","ios_mosaic","big","med","small","pinterest"]},"first_frame_versions":{"template":"https://coub-anubis-a.akamaized.net/coub_storage/coub/simple/cw_timeline_pic/6b2c6b4f5dd/d158f363f6485aaf5c309/%{version}_1482892849_image.jpg","versions":["big","med","small","ios_large"]},"dimensions":{"big":[1280,720],"med":[640,360]},"site_w_h":[640,360],"page_w_h":[640,360],"site_w_h_small":[310,174],"size":[1280,720],"age_restricted":false,"age_restricted_by_admin":false,"not_safe_for_work":false,"allow_reuse":false,"dont_crop":false,"banned":false,"global_safe":true,"audio_file_url":"https://coub-anubis-a.akamaized.net/coub_storage/audio_track/cw_file/41cbfbebf25/14c5f34bd3833ae7cef64/low_1482892833_fur33f_edited.mp3","external_download":{"type":"Gfycat","service_name":"Gfycat","url":"http://zippy.gfycat.com/PeacefulSpottedCurassow.webm","has_embed":true},"application":null,"channel":{"id":2468838,"permalink":"hateanimation","title":"Animation Hate","description":"Animation Hate® 🔸","followers_count":21471,"following_count":18,"avatar_versions":{"template":"https://coub-anubis-a.akamaized.net/coub_storage/channel/cw_avatar/a85b6bb837c/4005c6c2ca4170b89313d/%{version}_1607432453_1hqyn4v_1474706918_cinemagraphs-2-thumb290.jpg","versions":["medium","medium_2x","profile_pic","profile_pic_new","profile_pic_new_2x","tiny","tiny_2x","small","small_2x","ios_large","ios_small"]}},"file":null,"picture":"https://coub-anubis-a.akamaized.net/coub_storage/coub/simple/cw_image/6b2c6b4f5dd/d158f363f6485aaf5c309/1482892849_00007.jpg","timeline_picture":"https://coub-anubis-a.akamaized.net/coub_storage/coub/simple/cw_timeline_pic/6b2c6b4f5dd/d158f363f6485aaf5c309/ios_large_1482892849_image.jpg","small_picture":"https://coub-anubis-a.akamaized.net/coub_storage/coub/simple/cw_image/6b2c6b4f5dd/d158f363f6485aaf5c309/1482892849_00007.jpg","sharing_picture":null,"percent_done":100,"tags":[{"id":17452,"title":"i","value":"i"},{"id":2492019,"title":"nicefunny","value":"nicefunny"},{"id":6061,"title":"color","value":"color"},{"id":20012,"title":"cloud","value":"cloud"},{"id":5508,"title":"clouds","value":"clouds"},{"id":165,"title":"anime","value":"anime"},{"id":955,"title":"like","value":"like"},{"id":379284,"title":"cinemagraphs","value":"cinemagraphs"},{"id":49603,"title":"cinemagraph","value":"cinemagraph"},{"id":1133540,"title":"eleprimer","value":"eleprimer"},{"id":424,"title":"animation","value":"animation"},{"id":1365441,"title":"animation hate","value":"animation%20hate"},{"id":190859,"title":"scale","value":"scale"},{"id":3515,"title":"nice","value":"nice"},{"id":3082,"title":"video","value":"video"},{"id":50,"title":"coub","value":"coub"},{"id":4136,"title":"world","value":"world"},{"id":7170,"title":"light","value":"light"},{"id":1789,"title":"trick","value":"trick"},{"id":5096,"title":"star","value":"star"},{"id":2492018,"title":"sosmos","value":"sosmos"},{"id":283,"title":"space","value":"space"},{"id":2651,"title":"sky","value":"sky"},{"id":4063,"title":"hop","value":"hop"},{"id":4111,"title":"chill","value":"chill"},{"id":2492017,"title":"dreammusic","value":"dreammusic"},{"id":467,"title":"night","value":"night"},{"id":2697,"title":"walk","value":"walk"},{"id":14257,"title":"way","value":"way"},{"id":5740,"title":"dream","value":"dream"},{"id":12531,"title":"freeze","value":"freeze"},{"id":208,"title":"cartoon","value":"cartoon"}],"categories":[{"id":114,"title":"Live Pictures","permalink":"live-pictures","subscriptions_count":2028289,"big_image_url":"https://coub-anubis-a.akamaized.net/coub_storage/category/cw_image/6a781fee541/43bd1211431771697290d/big_1622039067_Live_pictures.png","small_image_url":"https://coub-anubis-a.akamaized.net/coub_storage/category/cw_image/6a781fee541/43bd1211431771697290d/small_1622039067_Live_pictures.png","med_image_url":"https://coub-anubis-a.akamaized.net/coub_storage/category/cw_image/6a781fee541/43bd1211431771697290d/med_1622039067_Live_pictures.png","visible":true}],"communities":[{"id":114,"title":"Live Pictures","permalink":"live-pictures","subscriptions_count":2028289,"big_image_url":"https://coub-anubis-a.akamaized.net/coub_storage/category/cw_image/6a781fee541/43bd1211431771697290d/big_1622039067_Live_pictures.png","small_image_url":"https://coub-anubis-a.akamaized.net/coub_storage/category/cw_image/6a781fee541/43bd1211431771697290d/small_1622039067_Live_pictures.png","med_image_url":"https://coub-anubis-a.akamaized.net/coub_storage/category/cw_image/6a781fee541/43bd1211431771697290d/med_1622039067_Live_pictures.png","i_subscribed":true,"community_notifications_enabled":null,"description":null}],"recoubs_count":14,"remixes_count":0,"likes_count":51,"dislikes_count":0,"raw_video_id":7259266,"uploaded_by_ios_app":false,"uploaded_by_android_app":false,"media_blocks":{"uploaded_raw_videos":[],"external_raw_videos":[{"id":14894666,"title":"Peaceful Spotted Curassow","url":"https://gfycat.com/PeacefulSpottedCurassow","image":"https://coub-anubis-a.akamaized.net/coub_storage/media_block/cw_image/d29f4234572/6285b0df0ef94fad31d67/1490857497_1482880383_1uz6ltc_att-url-download.jpg","image_retina":"https://coub-anubis-a.akamaized.net/coub_storage/media_block/cw_image/d29f4234572/6285b0df0ef94fad31d67/1490857497_1482880383_1uz6ltc_att-url-download.jpg","meta":{"service":"Gfycat","duration":"2.04"},"duration":2.04,"raw_video_id":7259266,"has_embed":true}],"remixed_from_coubs":[],"external_video":{"id":14894666,"title":"Peaceful Spotted Curassow","url":"https://gfycat.com/PeacefulSpottedCurassow","image":"https://coub-anubis-a.akamaized.net/coub_storage/media_block/cw_image/d29f4234572/6285b0df0ef94fad31d67/1490857497_1482880383_1uz6ltc_att-url-download.jpg","image_retina":"https://coub-anubis-a.akamaized.net/coub_storage/media_block/cw_image/d29f4234572/6285b0df0ef94fad31d67/1490857497_1482880383_1uz6ltc_att-url-download.jpg","meta":{"service":"Gfycat","duration":"2.04"},"duration":2.04,"raw_video_id":7259266,"has_embed":true}},"raw_video_thumbnail_url":"/missing/missing.png","raw_video_title":"Peaceful Spotted Curassow","video_block_banned":false,"duration":2.08,"promo_winner":false,"promo_winner_recoubers":null,"editorial_info":{},"promo_hint":null,"beeline_best_2014":null,"from_web_editor":true,"normalize_sound":false,"normalize_change_allowed":true,"best2015_addable":false,"ahmad_promo":null,"promo_data":null,"audio_copyright_claim":null,"ads_disabled":null,"is_safe_for_ads":true,"megafon_contents":[],"position_on_page":7},{"flag":null,"abuses":null,"recoubs_by_users_channels":null,"favourite":false,"promoted_id":null,"recoub":null,"like":null,"dislike":null,"reaction":null,"in_my_best2015":false,"id":29438078,"type":"Coub::Simple","permalink":"h2tcp","title":"Obama 08-16","visibility_type":"public","original_visibility_type":"public","channel_id":2227934,"created_at":"2016-11-19T06:04:15Z","updated_at":"2020-11-16T17:02:01Z","is_done":true,"views_count":5877,"cotd":null,"cotd_at":null,"visible_on_explore_root":false,"visible_on_explore":false,"featured":false,"published":true,"published_at":"2016-11-19T06:04:15Z","reversed":false,"from_editor_v2":true,"is_editable":true,"original_sound":false,"has_sound":false,"recoub_to":null,"file_versions":{"html5":{"video":{"high":{"url":"https://coub-anubis-a.akamaized.net/coub_storage/coub/simple/cw_file/c7f806a9df4/3cc57d78e4a41f72b9b4f/muted_mp4_big_size_1479535460_muted_big.mp4","size":666903},"med":{"url":"https://coub-anubis-a.akamaized.net/coub_storage/coub/simple/cw_file/c7f806a9df4/3cc57d78e4a41f72b9b4f/muted_mp4_med_size_1479535460_muted_med.mp4","size":252801}},"audio":{"high":{"url":"https://coub-anubis-a.akamaized.net/coub_storage/coub/simple/cw_looped_audio_high/826e17ac1cf/8c41236b235502f6b1ba8/1605546121_high_1479535477_high.mp3","size":1743622},"med":{"url":"https://coub-anubis-a.akamaized.net/coub_storage/coub/simple/cw_looped_audio_med/474cb9ca6df/9d90d504d9541cea9ca08/1605546120_med_1479535477_med.mp3","size":1498531}}},"mobile":{"video":"https://coub-anubis-a.akamaized.net/coub_storage/coub/simple/cw_file/c7f806a9df4/3cc57d78e4a41f72b9b4f/muted_mp4_med_size_1479535460_muted_med.mp4","audio":["https://coub-anubis-a.akamaized.net/coub_storage/coub/simple/cw_looped_audio_med/474cb9ca6df/9d90d504d9541cea9ca08/1605546120_med_1479535477_med.mp3"]},"share":{"default":null}},"audio_versions":{"template":"https://coub-anubis-a.akamaized.net/coub_storage/audio_track/cw_file/95f7c0ccdf3/a54b4e4679a28f2d78267/mid_1479535462_n7kwfp_edited.mp3","versions":["mid","low"]},"image_versions":{"template":"https://coub-anubis-a.akamaized.net/coub_storage/coub/simple/cw_image/18fc7f563e0/360af8492d91b7532ada9/1479535483_00026.jpg","versions":["micro","tiny","age_restricted","ios_large","ios_mosaic","big","med","small","pinterest"]},"first_frame_versions":{"template":"https://coub-anubis-a.akamaized.net/coub_storage/coub/simple/cw_timeline_pic/18fc7f563e0/360af8492d91b7532ada9/1479535483_image.jpg","versions":["big","med","small","ios_large"]},"dimensions":{"big":[576,720],"med":[400,500]},"site_w_h":[320,400],"page_w_h":[400,500],"site_w_h_small":[310,388],"size":[576,720],"age_restricted":false,"age_restricted_by_admin":false,"not_safe_for_work":false,"allow_reuse":false,"dont_crop":false,"banned":false,"global_safe":true,"audio_file_url":"https://coub-anubis-a.akamaized.net/coub_storage/audio_track/cw_file/95f7c0ccdf3/a54b4e4679a28f2d78267/low_1479535462_n7kwfp_edited.mp3","external_download":{"type":"Imgur","service_name":"Imgur","url":"http://i.imgur.com/ZJ9i6eR.gifv","has_embed":false},"application":null,"channel":{"id":2227934,"permalink":"cinemagraphs","title":"Cinemagraphs 🍒","description":"Pictures of the future 📸 #Cinemagraphs","followers_count":51485,"following_count":25,"avatar_versions":{"template":"https://coub-anubis-a.akamaized.net/coub_storage/channel/cw_avatar/b167cf416ae/e7e9bad8a41580de67e5e/%{version}_1607423119_5o3vhm_1474588843_fonstola.ru-57386.jpg","versions":["medium","medium_2x","profile_pic","profile_pic_new","profile_pic_new_2x","tiny","tiny_2x","small","small_2x","ios_large","ios_small"]}},"file":null,"picture":"https://coub-anubis-a.akamaized.net/coub_storage/coub/simple/cw_image/18fc7f563e0/360af8492d91b7532ada9/1479535483_00026.jpg","timeline_picture":"https://coub-anubis-a.akamaized.net/coub_storage/coub/simple/cw_timeline_pic/18fc7f563e0/360af8492d91b7532ada9/1479535483_image.jpg","small_picture":"https://coub-anubis-a.akamaized.net/coub_storage/coub/simple/cw_image/18fc7f563e0/360af8492d91b7532ada9/1479535483_00026.jpg","sharing_picture":null,"percent_done":100,"tags":[{"id":4191,"title":"dirty","value":"dirty"},{"id":46821,"title":"politic","value":"politic"},{"id":545229,"title":"politota","value":"politota"},{"id":17561,"title":"living","value":"living"},{"id":387,"title":"photo","value":"photo"},{"id":1133540,"title":"eleprimer","value":"eleprimer"},{"id":1910,"title":"white","value":"white"},{"id":4081,"title":"time","value":"time"},{"id":2707,"title":"omg","value":"omg"},{"id":171,"title":"wow","value":"wow"},{"id":1342,"title":"timelapse","value":"timelapse"},{"id":1594,"title":"black","value":"black"},{"id":5740,"title":"dream","value":"dream"},{"id":175,"title":"usa","value":"usa"},{"id":79,"title":"obama","value":"obama"},{"id":168,"title":"loop","value":"loop"},{"id":379284,"title":"cinemagraphs","value":"cinemagraphs"},{"id":49603,"title":"cinemagraph","value":"cinemagraph"},{"id":2588,"title":"sad","value":"sad"}],"categories":[{"id":114,"title":"Live Pictures","permalink":"live-pictures","subscriptions_count":2028289,"big_image_url":"https://coub-anubis-a.akamaized.net/coub_storage/category/cw_image/6a781fee541/43bd1211431771697290d/big_1622039067_Live_pictures.png","small_image_url":"https://coub-anubis-a.akamaized.net/coub_storage/category/cw_image/6a781fee541/43bd1211431771697290d/small_1622039067_Live_pictures.png","med_image_url":"https://coub-anubis-a.akamaized.net/coub_storage/category/cw_image/6a781fee541/43bd1211431771697290d/med_1622039067_Live_pictures.png","visible":true}],"communities":[{"id":114,"title":"Live Pictures","permalink":"live-pictures","subscriptions_count":2028289,"big_image_url":"https://coub-anubis-a.akamaized.net/coub_storage/category/cw_image/6a781fee541/43bd1211431771697290d/big_1622039067_Live_pictures.png","small_image_url":"https://coub-anubis-a.akamaized.net/coub_storage/category/cw_image/6a781fee541/43bd1211431771697290d/small_1622039067_Live_pictures.png","med_image_url":"https://coub-anubis-a.akamaized.net/coub_storage/category/cw_image/6a781fee541/43bd1211431771697290d/med_1622039067_Live_pictures.png","i_subscribed":true,"community_notifications_enabled":null,"description":null}],"recoubs_count":12,"remixes_count":0,"likes_count":51,"dislikes_count":0,"raw_video_id":5123339,"uploaded_by_ios_app":false,"uploaded_by_android_app":false,"media_blocks":{"uploaded_raw_videos":[],"external_raw_videos":[{"id":16507159,"title":"Obama 08-16","url":"https://imgur.com/ZJ9i6eR","image":"https://coub-anubis-a.akamaized.net/coub_storage/media_block/cw_image/49c7ef2646c/19e6c18f4685b4f467517/1491457762_1479534188_1te6tcx_att-url-download.jpg","image_retina":"https://coub-anubis-a.akamaized.net/coub_storage/media_block/cw_image/49c7ef2646c/19e6c18f4685b4f467517/1491457762_1479534188_1te6tcx_att-url-download.jpg","meta":{"service":"Imgur","duration":"8.08"},"duration":8.08,"raw_video_id":5123339,"has_embed":false}],"remixed_from_coubs":[],"external_video":{"id":16507159,"title":"Obama 08-16","url":"https://imgur.com/ZJ9i6eR","image":"https://coub-anubis-a.akamaized.net/coub_storage/media_block/cw_image/49c7ef2646c/19e6c18f4685b4f467517/1491457762_1479534188_1te6tcx_att-url-download.jpg","image_retina":"https://coub-anubis-a.akamaized.net/coub_storage/media_block/cw_image/49c7ef2646c/19e6c18f4685b4f467517/1491457762_1479534188_1te6tcx_att-url-download.jpg","meta":{"service":"Imgur","duration":"8.08"},"duration":8.08,"raw_video_id":5123339,"has_embed":false}},"raw_video_thumbnail_url":"/missing/missing.png","raw_video_title":"Obama 08-16","video_block_banned":false,"duration":8.08,"promo_winner":false,"promo_winner_recoubers":null,"editorial_info":{},"promo_hint":null,"beeline_best_2014":null,"from_web_editor":true,"normalize_sound":false,"normalize_change_allowed":true,"best2015_addable":false,"ahmad_promo":null,"promo_data":null,"audio_copyright_claim":null,"ads_disabled":null,"is_safe_for_ads":true,"megafon_contents":[],"position_on_page":8},{"flag":null,"abuses":null,"recoubs_by_users_channels":null,"favourite":false,"promoted_id":null,"recoub":null,"like":null,"dislike":null,"reaction":null,"in_my_best2015":false,"id":25296009,"type":"Coub::Simple","permalink":"em1ag","title":"Burning Heads","visibility_type":"public","original_visibility_type":"public","channel_id":2227934,"created_at":"2016-09-04T15:02:35Z","updated_at":"2021-11-13T08:17:07Z","is_done":true,"views_count":1078,"cotd":null,"cotd_at":null,"visible_on_explore_root":false,"visible_on_explore":false,"featured":false,"published":true,"published_at":"2016-09-04T15:02:35Z","reversed":false,"from_editor_v2":true,"is_editable":true,"original_sound":false,"has_sound":false,"recoub_to":null,"file_versions":{"html5":{"video":{"high":{"url":"https://coub-anubis-a.akamaized.net/coub_storage/coub/simple/cw_file/907983b1530/9c17056a3fe0081e8fdd3/muted_mp4_big_size_1473014773_muted_big.mp4","size":287659},"med":{"url":"https://coub-anubis-a.akamaized.net/coub_storage/coub/simple/cw_file/907983b1530/9c17056a3fe0081e8fdd3/muted_mp4_med_size_1473014773_muted_med.mp4","size":84723}},"audio":{"high":{"url":"https://coub-anubis-a.akamaized.net/coub_storage/coub/simple/cw_looped_audio_high/7087c1fac68/e3a0d30906161a5cef209/1605519203_high_1473014797_high.mp3","size":4607274},"med":{"url":"https://coub-anubis-a.akamaized.net/coub_storage/coub/simple/cw_looped_audio_med/cb6e64fcf93/82b68a06ead5300bd36b9/1605519202_med_1473014797_med.mp3","size":4193166}}},"mobile":{"video":"https://coub-anubis-a.akamaized.net/coub_storage/coub/simple/cw_file/907983b1530/9c17056a3fe0081e8fdd3/muted_mp4_med_size_1473014773_muted_med.mp4","audio":["https://coub-anubis-a.akamaized.net/coub_storage/coub/simple/cw_looped_audio_med/cb6e64fcf93/82b68a06ead5300bd36b9/1605519202_med_1473014797_med.mp3"]},"share":{"default":null}},"audio_versions":{"template":"https://coub-anubis-a.akamaized.net/coub_storage/audio_track/cw_file/a3ce49f13b9/6bc2dd83f8848c5f4bd9d/mid_1473014779_43lls4_edited.mp3","versions":["mid","low"]},"image_versions":{"template":"https://coub-anubis-a.akamaized.net/coub_storage/coub/simple/cw_image/52016856a2b/4ec27e8ab5bd565a67415/1473014810_00007.jpg","versions":["micro","tiny","age_restricted","ios_large","ios_mosaic","big","med","small","pinterest"]},"first_frame_versions":{"template":"https://coub-anubis-a.akamaized.net/coub_storage/coub/simple/cw_timeline_pic/52016856a2b/4ec27e8ab5bd565a67415/%{version}_1473014809_image.jpg","versions":["big","med","small","ios_large"]},"dimensions":{"big":[900,620],"med":[640,440]},"site_w_h":[640,441],"page_w_h":[640,441],"site_w_h_small":[310,214],"size":[900,620],"age_restricted":false,"age_restricted_by_admin":false,"not_safe_for_work":null,"allow_reuse":false,"dont_crop":false,"banned":false,"global_safe":true,"audio_file_url":"https://coub-anubis-a.akamaized.net/coub_storage/audio_track/cw_file/a3ce49f13b9/6bc2dd83f8848c5f4bd9d/low_1473014779_43lls4_edited.mp3","external_download":{"type":"UrlDownload","service_name":"UrlDownload","url":"http://www.technostation.tv/file/2016/08/Burning-Heads-2-900px-25fps.gif","has_embed":false},"application":null,"channel":{"id":2227934,"permalink":"cinemagraphs","title":"Cinemagraphs 🍒","description":"Pictures of the future 📸 #Cinemagraphs","followers_count":51485,"following_count":25,"avatar_versions":{"template":"https://coub-anubis-a.akamaized.net/coub_storage/channel/cw_avatar/b167cf416ae/e7e9bad8a41580de67e5e/%{version}_1607423119_5o3vhm_1474588843_fonstola.ru-57386.jpg","versions":["medium","medium_2x","profile_pic","profile_pic_new","profile_pic_new_2x","tiny","tiny_2x","small","small_2x","ios_large","ios_small"]}},"file":null,"picture":"https://coub-anubis-a.akamaized.net/coub_storage/coub/simple/cw_image/52016856a2b/4ec27e8ab5bd565a67415/1473014810_00007.jpg","timeline_picture":"https://coub-anubis-a.akamaized.net/coub_storage/coub/simple/cw_timeline_pic/52016856a2b/4ec27e8ab5bd565a67415/ios_large_1473014809_image.jpg","small_picture":"https://coub-anubis-a.akamaized.net/coub_storage/coub/simple/cw_image/52016856a2b/4ec27e8ab5bd565a67415/1473014810_00007.jpg","sharing_picture":null,"percent_done":100,"tags":[{"id":3081,"title":"free","value":"free"},{"id":955,"title":"like","value":"like"},{"id":1253,"title":"wtf","value":"wtf"},{"id":1862940,"title":"slolb","value":"slolb"},{"id":1179,"title":"fire","value":"fire"},{"id":740,"title":"head","value":"head"},{"id":1133540,"title":"eleprimer","value":"eleprimer"},{"id":49603,"title":"cinemagraph","value":"cinemagraph"}],"categories":[{"id":114,"title":"Live Pictures","permalink":"live-pictures","subscriptions_count":2028289,"big_image_url":"https://coub-anubis-a.akamaized.net/coub_storage/category/cw_image/6a781fee541/43bd1211431771697290d/big_1622039067_Live_pictures.png","small_image_url":"https://coub-anubis-a.akamaized.net/coub_storage/category/cw_image/6a781fee541/43bd1211431771697290d/small_1622039067_Live_pictures.png","med_image_url":"https://coub-anubis-a.akamaized.net/coub_storage/category/cw_image/6a781fee541/43bd1211431771697290d/med_1622039067_Live_pictures.png","visible":true}],"communities":[{"id":114,"title":"Live Pictures","permalink":"live-pictures","subscriptions_count":2028289,"big_image_url":"https://coub-anubis-a.akamaized.net/coub_storage/category/cw_image/6a781fee541/43bd1211431771697290d/big_1622039067_Live_pictures.png","small_image_url":"https://coub-anubis-a.akamaized.net/coub_storage/category/cw_image/6a781fee541/43bd1211431771697290d/small_1622039067_Live_pictures.png","med_image_url":"https://coub-anubis-a.akamaized.net/coub_storage/category/cw_image/6a781fee541/43bd1211431771697290d/med_1622039067_Live_pictures.png","i_subscribed":true,"community_notifications_enabled":null,"description":null}],"recoubs_count":17,"remixes_count":0,"likes_count":51,"dislikes_count":0,"raw_video_id":3459404,"uploaded_by_ios_app":false,"uploaded_by_android_app":false,"media_blocks":{"uploaded_raw_videos":[],"external_raw_videos":[{"id":18560143,"title":"Burning-Heads-2-900px-25fps.gif","url":"http://www.technostation.tv/file/2016/08/Burning-Heads-2-900px-25fps.gif","image":"https://coub-anubis-a.akamaized.net/coub_storage/media_block/cw_image/033925daed4/3f37809f6fe6a28730dfc/1491927109_1473000924_image.jpg","image_retina":"https://coub-anubis-a.akamaized.net/coub_storage/media_block/cw_image/033925daed4/3f37809f6fe6a28730dfc/1491927109_1473000924_image.jpg","meta":{"service":"UrlDownload","duration":"2.2"},"duration":2.2,"raw_video_id":3459404,"has_embed":false}],"remixed_from_coubs":[],"external_video":{"id":18560143,"title":"Burning-Heads-2-900px-25fps.gif","url":"http://www.technostation.tv/file/2016/08/Burning-Heads-2-900px-25fps.gif","image":"https://coub-anubis-a.akamaized.net/coub_storage/media_block/cw_image/033925daed4/3f37809f6fe6a28730dfc/1491927109_1473000924_image.jpg","image_retina":"https://coub-anubis-a.akamaized.net/coub_storage/media_block/cw_image/033925daed4/3f37809f6fe6a28730dfc/1491927109_1473000924_image.jpg","meta":{"service":"UrlDownload","duration":"2.2"},"duration":2.2,"raw_video_id":3459404,"has_embed":false}},"raw_video_thumbnail_url":"/missing/missing.png","raw_video_title":"Burning-Heads-2-900px-25fps.gif","video_block_banned":false,"duration":2.2,"promo_winner":false,"promo_winner_recoubers":null,"editorial_info":{},"promo_hint":null,"beeline_best_2014":null,"from_web_editor":true,"normalize_sound":false,"normalize_change_allowed":true,"best2015_addable":false,"ahmad_promo":null,"promo_data":null,"audio_copyright_claim":null,"ads_disabled":null,"is_safe_for_ads":true,"megafon_contents":[],"position_on_page":9},{"flag":null,"abuses":null,"recoubs_by_users_channels":null,"favourite":false,"promoted_id":null,"recoub":null,"like":null,"dislike":null,"reaction":null,"in_my_best2015":false,"id":16547043,"type":"Coub::Simple","permalink":"9eih7","title":"Metro - The city lost of heaven","visibility_type":"public","original_visibility_type":"public","channel_id":2227934,"created_at":"2015-11-26T13:10:09Z","updated_at":"2021-11-13T21:39:49Z","is_done":true,"views_count":922,"cotd":null,"cotd_at":null,"visible_on_explore_root":false,"visible_on_explore":false,"featured":false,"published":true,"published_at":"2015-11-26T13:10:09Z","reversed":false,"from_editor_v2":true,"is_editable":true,"original_sound":false,"has_sound":false,"recoub_to":null,"file_versions":{"html5":{"video":{"high":{"url":"https://coub-anubis-a.akamaized.net/coub_storage/coub/simple/cw_file/339eb18e77e/4eb7a181cfc12318c0a62/muted_mp4_big_size_1448543425_muted_big.mp4","size":30834},"med":{"url":"https://coub-anubis-a.akamaized.net/coub_storage/coub/simple/cw_file/339eb18e77e/4eb7a181cfc12318c0a62/muted_mp4_med_size_1448543425_muted_med.mp4","size":30834}},"audio":{"high":{"url":"https://coub-anubis-a.akamaized.net/coub_storage/coub/simple/cw_looped_audio_high/bf01d5e1540/5f7aa995d404fb2c05a41/1605465748_high_1448543459_high.mp3","size":4292021},"med":{"url":"https://coub-anubis-a.akamaized.net/coub_storage/coub/simple/cw_looped_audio_med/8e7e53d277c/88b7a313492dcf9d71ca4/1605465747_med_1448543459_med.mp3","size":2861347}}},"mobile":{"video":"https://coub-anubis-a.akamaized.net/coub_storage/coub/simple/cw_file/339eb18e77e/4eb7a181cfc12318c0a62/muted_mp4_med_size_1448543425_muted_med.mp4","audio":["https://coub-anubis-a.akamaized.net/coub_storage/coub/simple/cw_looped_audio_med/8e7e53d277c/88b7a313492dcf9d71ca4/1605465747_med_1448543459_med.mp3"]},"share":{"default":null}},"audio_versions":{"template":"https://coub-anubis-a.akamaized.net/coub_storage/audio_track/cw_normalized_copy/136809c3b97/9b8645443c916a0c0ba44/mid_1471297560_1cj4xf2_normalized_1448500602_audio.mp3","versions":["mid","low"]},"image_versions":{"template":"https://coub-anubis-a.akamaized.net/coub_storage/coub/simple/cw_image/9de7d8979e1/4358e31e1a7c212b0999c/1448543480_00004.jpg","versions":["micro","tiny","age_restricted","ios_large","ios_mosaic","big","med","small","pinterest"]},"first_frame_versions":{"template":"https://coub-anubis-a.akamaized.net/coub_storage/coub/simple/cw_timeline_pic/9de7d8979e1/4358e31e1a7c212b0999c/%{version}_1448543480_image.jpg","versions":["big","med","small","ios_large"]},"dimensions":{"big":[600,338],"med":[600,338]},"site_w_h":[640,361],"page_w_h":[640,361],"site_w_h_small":[310,175],"size":[600,338],"age_restricted":false,"age_restricted_by_admin":false,"not_safe_for_work":null,"allow_reuse":false,"dont_crop":false,"banned":false,"global_safe":true,"audio_file_url":"https://coub-anubis-a.akamaized.net/coub_storage/audio_track/cw_normalized_copy/136809c3b97/9b8645443c916a0c0ba44/low_1471297560_1cj4xf2_normalized_1448500602_audio.mp3","external_download":{"type":"Imgur","service_name":"Imgur","url":"http://i.imgur.com/17FXq.gif","has_embed":false},"application":null,"channel":{"id":2227934,"permalink":"cinemagraphs","title":"Cinemagraphs 🍒","description":"Pictures of the future 📸 #Cinemagraphs","followers_count":51485,"following_count":25,"avatar_versions":{"template":"https://coub-anubis-a.akamaized.net/coub_storage/channel/cw_avatar/b167cf416ae/e7e9bad8a41580de67e5e/%{version}_1607423119_5o3vhm_1474588843_fonstola.ru-57386.jpg","versions":["medium","medium_2x","profile_pic","profile_pic_new","profile_pic_new_2x","tiny","tiny_2x","small","small_2x","ios_large","ios_small"]}},"file":null,"picture":"https://coub-anubis-a.akamaized.net/coub_storage/coub/simple/cw_image/9de7d8979e1/4358e31e1a7c212b0999c/1448543480_00004.jpg","timeline_picture":"https://coub-anubis-a.akamaized.net/coub_storage/coub/simple/cw_timeline_pic/9de7d8979e1/4358e31e1a7c212b0999c/ios_large_1448543480_image.jpg","small_picture":"https://coub-anubis-a.akamaized.net/coub_storage/coub/simple/cw_image/9de7d8979e1/4358e31e1a7c212b0999c/1448543480_00004.jpg","sharing_picture":null,"percent_done":100,"tags":[{"id":379284,"title":"cinemagraphs","value":"cinemagraphs"},{"id":49603,"title":"cinemagraph","value":"cinemagraph"},{"id":907651,"title":"bajan","value":"bajan"},{"id":7170,"title":"light","value":"light"},{"id":3273,"title":"work","value":"work"},{"id":1133540,"title":"eleprimer","value":"eleprimer"},{"id":955943,"title":"gifv","value":"gifv"},{"id":421,"title":"gif","value":"gif"},{"id":66847,"title":"perfect loop","value":"perfect%20loop"},{"id":168,"title":"loop","value":"loop"},{"id":1910,"title":"white","value":"white"},{"id":1594,"title":"black","value":"black"},{"id":125539,"title":"b/w","value":"b/w"},{"id":294,"title":"underground","value":"underground"},{"id":13470,"title":"under","value":"under"},{"id":1767,"title":"lost","value":"lost"},{"id":1170,"title":"city","value":"city"},{"id":3020,"title":"mafia","value":"mafia"}],"categories":[{"id":114,"title":"Live Pictures","permalink":"live-pictures","subscriptions_count":2028289,"big_image_url":"https://coub-anubis-a.akamaized.net/coub_storage/category/cw_image/6a781fee541/43bd1211431771697290d/big_1622039067_Live_pictures.png","small_image_url":"https://coub-anubis-a.akamaized.net/coub_storage/category/cw_image/6a781fee541/43bd1211431771697290d/small_1622039067_Live_pictures.png","med_image_url":"https://coub-anubis-a.akamaized.net/coub_storage/category/cw_image/6a781fee541/43bd1211431771697290d/med_1622039067_Live_pictures.png","visible":true}],"communities":[{"id":114,"title":"Live Pictures","permalink":"live-pictures","subscriptions_count":2028289,"big_image_url":"https://coub-anubis-a.akamaized.net/coub_storage/category/cw_image/6a781fee541/43bd1211431771697290d/big_1622039067_Live_pictures.png","small_image_url":"https://coub-anubis-a.akamaized.net/coub_storage/category/cw_image/6a781fee541/43bd1211431771697290d/small_1622039067_Live_pictures.png","med_image_url":"https://coub-anubis-a.akamaized.net/coub_storage/category/cw_image/6a781fee541/43bd1211431771697290d/med_1622039067_Live_pictures.png","i_subscribed":true,"community_notifications_enabled":null,"description":null}],"recoubs_count":5,"remixes_count":0,"likes_count":51,"dislikes_count":0,"raw_video_id":1900823,"uploaded_by_ios_app":false,"uploaded_by_android_app":false,"media_blocks":{"uploaded_raw_videos":[],"external_raw_videos":[{"id":12206781,"title":"Quiet ride home. {OC}","url":"https://imgur.com/17FXq","image":"https://coub-anubis-a.akamaized.net/coub_storage/media_block/cw_image/f54f143b108/1feddb652d0a33c1a3205/1488812146_1448489450_18f9lbh_att-url-download.gif_noredirect","image_retina":"https://coub-anubis-a.akamaized.net/coub_storage/media_block/cw_image/f54f143b108/1feddb652d0a33c1a3205/1488812146_1448489450_18f9lbh_att-url-download.gif_noredirect","meta":{"service":"Imgur","duration":"1.0"},"duration":1.0,"raw_video_id":1900823,"has_embed":false}],"remixed_from_coubs":[],"external_video":{"id":12206781,"title":"Quiet ride home. {OC}","url":"https://imgur.com/17FXq","image":"https://coub-anubis-a.akamaized.net/coub_storage/media_block/cw_image/f54f143b108/1feddb652d0a33c1a3205/1488812146_1448489450_18f9lbh_att-url-download.gif_noredirect","image_retina":"https://coub-anubis-a.akamaized.net/coub_storage/media_block/cw_image/f54f143b108/1feddb652d0a33c1a3205/1488812146_1448489450_18f9lbh_att-url-download.gif_noredirect","meta":{"service":"Imgur","duration":"1.0"},"duration":1.0,"raw_video_id":1900823,"has_embed":false}},"raw_video_thumbnail_url":"/missing/missing.png","raw_video_title":"Quiet ride home. {OC}","video_block_banned":false,"duration":1.0,"promo_winner":false,"promo_winner_recoubers":null,"editorial_info":{},"promo_hint":null,"beeline_best_2014":null,"from_web_editor":true,"normalize_sound":true,"normalize_change_allowed":true,"best2015_addable":false,"ahmad_promo":null,"promo_data":null,"audio_copyright_claim":null,"ads_disabled":null,"is_safe_for_ads":true,"megafon_contents":[],"position_on_page":10}]}