{"page":84,"per_page":10,"total_pages":500,"coubs":[{"flag":null,"abuses":null,"recoubs_by_users_channels":null,"favourite":false,"promoted_id":null,"recoub":null,"like":null,"dislike":null,"reaction":null,"in_my_best2015":false,"id":56154840,"type":"Coub::Simple","permalink":"wzgbd","title":"Fog rolls into Little Palm Beach, Hong Kong.","visibility_type":"public","original_visibility_type":"public","channel_id":2227934,"created_at":"2017-08-21T18:15:02Z","updated_at":"2022-03-09T21:31:10Z","is_done":true,"views_count":39592,"cotd":null,"cotd_at":null,"visible_on_explore_root":true,"visible_on_explore":true,"featured":true,"published":true,"published_at":"2017-09-11T04:38:00Z","reversed":false,"from_editor_v2":true,"is_editable":true,"original_sound":false,"has_sound":false,"recoub_to":null,"file_versions":{"html5":{"video":{"higher":{"url":"https://coub-anubis-a.akamaized.net/coub_storage/coub/simple/cw_file/5c995a9760e/aabc8182f195faa7b0174/muted_mp4_huge_size_1568139439_muted_huge.mp4","size":338473},"high":{"url":"https://coub-anubis-a.akamaized.net/coub_storage/coub/simple/cw_file/5c995a9760e/aabc8182f195faa7b0174/muted_mp4_big_size_1568139439_muted_big.mp4","size":277480},"med":{"url":"https://coub-anubis-a.akamaized.net/coub_storage/coub/simple/cw_file/5c995a9760e/aabc8182f195faa7b0174/muted_mp4_med_size_1568139439_muted_med.mp4","size":54164}},"audio":{"high":{"url":"https://coub-anubis-a.akamaized.net/coub_storage/coub/simple/cw_looped_audio_high/f6cfd99a0a8/b7a1f503a87769459cb39/1605563868_high_1505104692_high.mp3","size":834984},"med":{"url":"https://coub-anubis-a.akamaized.net/coub_storage/coub/simple/cw_looped_audio_med/8f1ccdc8aba/2163af3778aae1f734740/1605563868_med_1505104692_med.mp3","size":638844}}},"mobile":{"video":"https://coub-anubis-a.akamaized.net/coub_storage/coub/simple/cw_file/5c995a9760e/aabc8182f195faa7b0174/muted_mp4_med_size_1568139439_muted_med.mp4","audio":["https://coub-anubis-a.akamaized.net/coub_storage/coub/simple/cw_looped_audio_med/8f1ccdc8aba/2163af3778aae1f734740/1605563868_med_1505104692_med.mp3"]},"share":{"default":"https://coub-anubis-a.akamaized.net/coub_storage/coub/simple/cw_video_for_sharing/6e8309ff011/6e3febe2b4e0fd07f1241/1614015489_looped_1614015489.mp4"}},"audio_versions":{"template":"https://coub-anubis-a.akamaized.net/coub_storage/audio_track/cw_file/6a87f65ac4e/8f632fd936a825e737432/mid_1505104685_13bnet9_edited.mp3","versions":["mid","low"]},"image_versions":{"template":"https://coub-anubis-a.akamaized.net/coub_storage/coub/simple/cw_image/5375eced253/8781699033431937647d0/1505104697_00007.jpg","versions":["micro","tiny","age_restricted","ios_large","ios_mosaic","big","med","small","pinterest"]},"first_frame_versions":{"template":"https://coub-anubis-a.akamaized.net/coub_storage/coub/simple/cw_timeline_pic/8a737d807d5/c0bf8edf311972bdfb987/%{version}_1505104697_image.jpg","versions":["big","med","small","ios_large"]},"dimensions":{"big":[1280,720],"med":[640,360]},"site_w_h":[640,360],"page_w_h":[640,360],"site_w_h_small":[310,174],"size":[1280,720],"age_restricted":false,"age_restricted_by_admin":false,"not_safe_for_work":false,"allow_reuse":false,"dont_crop":false,"banned":false,"global_safe":true,"audio_file_url":"https://coub-anubis-a.akamaized.net/coub_storage/audio_track/cw_file/6a87f65ac4e/8f632fd936a825e737432/low_1505104685_13bnet9_edited.mp3","external_download":{"type":"Imgur","service_name":"Imgur","url":"http://i.imgur.com/A9skRlG.gifv","has_embed":false},"application":null,"channel":{"id":2227934,"permalink":"cinemagraphs","title":"Cinemagraphs 🍒","description":"Pictures of the future 📸 #Cinemagraphs","followers_count":51485,"following_count":25,"avatar_versions":{"template":"https://coub-anubis-a.akamaized.net/coub_storage/channel/cw_avatar/b167cf416ae/e7e9bad8a41580de67e5e/%{version}_1607423119_5o3vhm_1474588843_fonstola.ru-57386.jpg","versions":["medium","medium_2x","profile_pic","profile_pic_new","profile_pic_new_2x","tiny","tiny_2x","small","small_2x","ios_large","ios_small"]}},"file":null,"picture":"https://coub-anubis-a.akamaized.net/coub_storage/coub/simple/cw_image/5375eced253/8781699033431937647d0/1505104697_00007.jpg","timeline_picture":"https://coub-anubis-a.akamaized.net/coub_storage/coub/simple/cw_timeline_pic/8a737d807d5/c0bf8edf311972bdfb987/ios_large_1505104697_image.jpg","small_picture":"https://coub-anubis-a.akamaized.net/coub_storage/coub/simple/cw_image/5375eced253/8781699033431937647d0/1505104697_00007.jpg","sharing_picture":null,"percent_done":100,"tags":[{"id":1133540,"title":"eleprimer","value":"eleprimer"},{"id":2937,"title":"china","value":"china"},{"id":2942,"title":"fog","value":"fog"},{"id":349560,"title":"orbo","value":"orbo"},{"id":421,"title":"gif","value":"gif"},{"id":168,"title":"loop","value":"loop"},{"id":379284,"title":"cinemagraphs","value":"cinemagraphs"},{"id":49603,"title":"cinemagraph","value":"cinemagraph"}],"categories":[{"id":114,"title":"Live Pictures","permalink":"live-pictures","subscriptions_count":2028289,"big_image_url":"https://coub-anubis-a.akamaized.net/coub_storage/category/cw_image/6a781fee541/43bd1211431771697290d/big_1622039067_Live_pictures.png","small_image_url":"https://coub-anubis-a.akamaized.net/coub_storage/category/cw_image/6a781fee541/43bd1211431771697290d/small_1622039067_Live_pictures.png","med_image_url":"https://coub-anubis-a.akamaized.net/coub_storage/category/cw_image/6a781fee541/43bd1211431771697290d/med_1622039067_Live_pictures.png","visible":true}],"communities":[{"id":114,"title":"Live Pictures","permalink":"live-pictures","subscriptions_count":2028289,"big_image_url":"https://coub-anubis-a.akamaized.net/coub_storage/category/cw_image/6a781fee541/43bd1211431771697290d/big_1622039067_Live_pictures.png","small_image_url":"https://coub-anubis-a.akamaized.net/coub_storage/category/cw_image/6a781fee541/43bd1211431771697290d/small_1622039067_Live_pictures.png","med_image_url":"https://coub-anubis-a.akamaized.net/coub_storage/category/cw_image/6a781fee541/43bd1211431771697290d/med_1622039067_Live_pictures.png","i_subscribed":true,"community_notifications_enabled":null,"description":null}],"recoubs_count":119,"remixes_count":0,"likes_count":410,"dislikes_count":0,"raw_video_id":10114246,"uploaded_by_ios_app":false,"uploaded_by_android_app":false,"media_blocks":{"uploaded_raw_videos":[],"external_raw_videos":[{"id":22002054,"title":"Fog rolls into Little Palm Beach, Hong Kong.","url":"https://imgur.com/A9skRlG","image":"https://coub-anubis-a.akamaized.net/coub_storage/media_block/cw_image/272fe818d8f/0147e75ea7a3ac29ddcb9/1503028192_1503028190_5gj8ms_att-url-download.jpg","image_retina":"https://coub-anubis-a.akamaized.net/coub_storage/media_block/cw_image/272fe818d8f/0147e75ea7a3ac29ddcb9/1503028192_1503028190_5gj8ms_att-url-download.jpg","meta":{"service":"Imgur","duration":"2.0"},"duration":2.0,"raw_video_id":10114246,"has_embed":false}],"remixed_from_coubs":[],"external_video":{"id":22002054,"title":"Fog rolls into Little Palm Beach, Hong Kong.","url":"https://imgur.com/A9skRlG","image":"https://coub-anubis-a.akamaized.net/coub_storage/media_block/cw_image/272fe818d8f/0147e75ea7a3ac29ddcb9/1503028192_1503028190_5gj8ms_att-url-download.jpg","image_retina":"https://coub-anubis-a.akamaized.net/coub_storage/media_block/cw_image/272fe818d8f/0147e75ea7a3ac29ddcb9/1503028192_1503028190_5gj8ms_att-url-download.jpg","meta":{"service":"Imgur","duration":"2.0"},"duration":2.0,"raw_video_id":10114246,"has_embed":false}},"raw_video_thumbnail_url":"/missing/missing.png","raw_video_title":"Fog rolls into Little Palm Beach, Hong Kong.","video_block_banned":false,"duration":2.0,"promo_winner":false,"promo_winner_recoubers":null,"editorial_info":{},"promo_hint":null,"beeline_best_2014":null,"from_web_editor":true,"normalize_sound":false,"normalize_change_allowed":true,"best2015_addable":false,"ahmad_promo":null,"promo_data":null,"audio_copyright_claim":null,"ads_disabled":false,"is_safe_for_ads":true,"megafon_contents":[],"position_on_page":1},{"flag":null,"abuses":null,"recoubs_by_users_channels":null,"favourite":false,"promoted_id":null,"recoub":null,"like":null,"dislike":null,"reaction":null,"in_my_best2015":false,"id":150873993,"type":"Coub::Simple","permalink":"2hh9uw","title":"bw rain hart","visibility_type":"public","original_visibility_type":"public","channel_id":2231245,"created_at":"2020-08-02T05:11:18Z","updated_at":"2022-03-15T21:24:42Z","is_done":true,"views_count":70253,"cotd":null,"cotd_at":null,"visible_on_explore_root":true,"visible_on_explore":true,"featured":true,"published":true,"published_at":"2020-08-02T05:11:18Z","reversed":false,"from_editor_v2":true,"is_editable":true,"original_sound":false,"has_sound":false,"recoub_to":null,"file_versions":{"html5":{"video":{"higher":{"url":"https://coub-anubis-a.akamaized.net/coub_storage/coub/simple/cw_file/134e7ad599c/212f28ed45dd29dacb75c/muted_mp4_huge_size_1596345082_muted_huge.mp4","size":2050351},"high":{"url":"https://coub-anubis-a.akamaized.net/coub_storage/coub/simple/cw_file/134e7ad599c/212f28ed45dd29dacb75c/muted_mp4_big_size_1596345082_muted_big.mp4","size":1281610},"med":{"url":"https://coub-anubis-a.akamaized.net/coub_storage/coub/simple/cw_file/134e7ad599c/212f28ed45dd29dacb75c/muted_mp4_med_size_1596345082_muted_med.mp4","size":511894}},"audio":{"high":{"url":"https://coub-anubis-a.akamaized.net/coub_storage/coub/simple/cw_looped_audio_high/aeee1d00f7c/3271c1824fb5893faea05/1607353986_high_1596345105_high.mp3","size":3335352},"med":{"url":"https://coub-anubis-a.akamaized.net/coub_storage/coub/simple/cw_looped_audio_med/b328c98f454/d4eac69570db05db90e07/1607353985_med_1596345105_med.mp3","size":2594157}}},"mobile":{"video":"https://coub-anubis-a.akamaized.net/coub_storage/coub/simple/cw_file/134e7ad599c/212f28ed45dd29dacb75c/muted_mp4_med_size_1596345082_muted_med.mp4","audio":["https://coub-anubis-a.akamaized.net/coub_storage/coub/simple/cw_looped_audio_med/b328c98f454/d4eac69570db05db90e07/1607353985_med_1596345105_med.mp3"]},"share":{"default":"https://coub-anubis-a.akamaized.net/coub_storage/coub/simple/cw_video_for_sharing/093ed6885d0/94bdf5f5e05dd5df79308/1611775209_looped_1611775209.mp4"}},"audio_versions":{"template":"https://coub-anubis-a.akamaized.net/coub_storage/audio_track/cw_file/5007149e984/bbff8c401024245771f03/mid_1596345085_116428c_edited.mp3","versions":["mid","low"]},"image_versions":{"template":"https://coub-anubis-a.akamaized.net/coub_storage/coub/simple/cw_image/b65450a0fba/952c0df6d874075493df6/1596345115_00020.jpg","versions":["micro","tiny","age_restricted","ios_large","ios_mosaic","big","med","small","pinterest"]},"first_frame_versions":{"template":"https://coub-anubis-a.akamaized.net/coub_storage/coub/simple/cw_timeline_pic/823a62f27e8/24baf3dd758c2bac9c9ba/%{version}_1596345115_image.jpg","versions":["big","med","small","ios_large"]},"dimensions":{"big":[1280,720],"med":[640,360]},"site_w_h":[640,360],"page_w_h":[640,360],"site_w_h_small":[310,174],"size":[1280,720],"age_restricted":false,"age_restricted_by_admin":false,"not_safe_for_work":false,"allow_reuse":false,"dont_crop":false,"banned":false,"global_safe":true,"audio_file_url":"https://coub-anubis-a.akamaized.net/coub_storage/audio_track/cw_file/5007149e984/bbff8c401024245771f03/low_1596345085_116428c_edited.mp3","external_download":false,"application":null,"channel":{"id":2231245,"permalink":"weathertune","title":"Weather Tune","description":"Now you do not necessarily look out the window","followers_count":12670,"following_count":3,"avatar_versions":{"template":"https://coub-anubis-a.akamaized.net/coub_storage/channel/cw_avatar/b977c9ebe89/d397cc0b7ec0f90c0fe92/%{version}_1607423877_2g2nmg_1502174771_FocusArea__Weather-02.png","versions":["medium","medium_2x","profile_pic","profile_pic_new","profile_pic_new_2x","tiny","tiny_2x","small","small_2x","ios_large","ios_small"]}},"file":null,"picture":"https://coub-anubis-a.akamaized.net/coub_storage/coub/simple/cw_image/b65450a0fba/952c0df6d874075493df6/1596345115_00020.jpg","timeline_picture":"https://coub-anubis-a.akamaized.net/coub_storage/coub/simple/cw_timeline_pic/823a62f27e8/24baf3dd758c2bac9c9ba/ios_large_1596345115_image.jpg","small_picture":"https://coub-anubis-a.akamaized.net/coub_storage/coub/simple/cw_image/b65450a0fba/952c0df6d874075493df6/1596345115_00020.jpg","sharing_picture":null,"percent_done":100,"tags":[{"id":1789,"title":"trick","value":"trick"},{"id":1253,"title":"wtf","value":"wtf"},{"id":6079,"title":"weather","value":"weather"},{"id":7552,"title":"bw","value":"bw"},{"id":8946,"title":"slow","value":"slow"},{"id":1133540,"title":"eleprimer","value":"eleprimer"}],"categories":[{"id":114,"title":"Live Pictures","permalink":"live-pictures","subscriptions_count":2028289,"big_image_url":"https://coub-anubis-a.akamaized.net/coub_storage/category/cw_image/6a781fee541/43bd1211431771697290d/big_1622039067_Live_pictures.png","small_image_url":"https://coub-anubis-a.akamaized.net/coub_storage/category/cw_image/6a781fee541/43bd1211431771697290d/small_1622039067_Live_pictures.png","med_image_url":"https://coub-anubis-a.akamaized.net/coub_storage/category/cw_image/6a781fee541/43bd1211431771697290d/med_1622039067_Live_pictures.png","visible":true}],"communities":[{"id":114,"title":"Live Pictures","permalink":"live-pictures","subscriptions_count":2028289,"big_image_url":"https://coub-anubis-a.akamaized.net/coub_storage/category/cw_image/6a781fee541/43bd1211431771697290d/big_1622039067_Live_pictures.png","small_image_url":"https://coub-anubis-a.akamaized.net/coub_storage/category/cw_image/6a781fee541/43bd1211431771697290d/small_1622039067_Live_pictures.png","med_image_url":"https://coub-anubis-a.akamaized.net/coub_storage/category/cw_image/6a781fee541/43bd1211431771697290d/med_1622039067_Live_pictures.png","i_subscribed":true,"community_notifications_enabled":null,"description":null}],"recoubs_count":95,"remixes_count":0,"likes_count":409,"dislikes_count":0,"raw_video_id":15522219,"uploaded_by_ios_app":false,"uploaded_by_android_app":false,"media_blocks":{"uploaded_raw_videos":[],"external_raw_videos":[],"remixed_from_coubs":[]},"raw_video_thumbnail_url":"/missing/missing.png","raw_video_title":"413e34100270001.5f054c14e2ee9.gif","video_block_banned":false,"duration":6.28,"promo_winner":false,"promo_winner_recoubers":null,"editorial_info":{},"promo_hint":null,"beeline_best_2014":null,"from_web_editor":true,"normalize_sound":false,"normalize_change_allowed":true,"best2015_addable":false,"ahmad_promo":null,"promo_data":null,"audio_copyright_claim":null,"ads_disabled":false,"is_safe_for_ads":true,"megafon_contents":[],"position_on_page":2},{"flag":null,"abuses":null,"recoubs_by_users_channels":null,"favourite":false,"promoted_id":null,"recoub":null,"like":null,"dislike":null,"reaction":null,"in_my_best2015":false,"id":117928914,"type":"Coub::Simple","permalink":"1xszw4","title":"Serenity","visibility_type":"public","original_visibility_type":"public","channel_id":4831251,"created_at":"2019-07-13T22:37:37Z","updated_at":"2022-01-17T23:38:29Z","is_done":true,"views_count":50676,"cotd":null,"cotd_at":null,"visible_on_explore_root":false,"visible_on_explore":false,"featured":false,"published":true,"published_at":"2019-07-13T22:48:55Z","reversed":false,"from_editor_v2":true,"is_editable":true,"original_sound":false,"has_sound":false,"recoub_to":null,"file_versions":{"html5":{"video":{"higher":{"url":"https://coub-anubis-a.akamaized.net/coub_storage/coub/simple/cw_file/69f35a446f3/61e3065f36afac3130d68/muted_mp4_huge_size_1570199198_muted_huge.mp4","size":2154008},"high":{"url":"https://coub-anubis-a.akamaized.net/coub_storage/coub/simple/cw_file/69f35a446f3/61e3065f36afac3130d68/muted_mp4_big_size_1570199198_muted_big.mp4","size":1666587},"med":{"url":"https://coub-anubis-a.akamaized.net/coub_storage/coub/simple/cw_file/69f35a446f3/61e3065f36afac3130d68/muted_mp4_med_size_1570199198_muted_med.mp4","size":370018}},"audio":{"high":{"url":"https://coub-anubis-a.akamaized.net/coub_storage/coub/simple/cw_looped_audio_high/b170de2b094/3c3b130e3e9ca8887122e/1605651046_high_1563057525_high.mp3","size":7531425},"med":{"url":"https://coub-anubis-a.akamaized.net/coub_storage/coub/simple/cw_looped_audio_med/c25ffd2bf14/31b7243b114fedc03055e/1605651044_med_1563057525_med.mp3","size":6133549}}},"mobile":{"video":"https://coub-anubis-a.akamaized.net/coub_storage/coub/simple/cw_file/69f35a446f3/61e3065f36afac3130d68/muted_mp4_med_size_1570199198_muted_med.mp4","audio":["https://coub-anubis-a.akamaized.net/coub_storage/coub/simple/cw_looped_audio_med/c25ffd2bf14/31b7243b114fedc03055e/1605651044_med_1563057525_med.mp3"]},"share":{"default":"https://coub-anubis-a.akamaized.net/coub_storage/coub/simple/cw_video_for_sharing/dd9ed8c3219/9847914bd7d4d01af7089/1611345432_looped_1611345431.mp4"}},"audio_versions":{"template":"https://coub-anubis-a.akamaized.net/coub_storage/audio_track/cw_file/b0191d65058/9f7699a56e4d37c544d54/mid_1563057481_1o5xhmg_edited.mp3","versions":["mid","low"]},"image_versions":{"template":"https://coub-anubis-a.akamaized.net/coub_storage/coub/simple/cw_image/89074c5107b/b875ef8b53db87f2d686c/1563057548_00020.jpg","versions":["micro","tiny","age_restricted","ios_large","ios_mosaic","big","med","small","pinterest"]},"first_frame_versions":{"template":"https://coub-anubis-a.akamaized.net/coub_storage/coub/simple/cw_timeline_pic/d1f84a1c944/28c3765759da78c371063/%{version}_1563057547_image.jpg","versions":["big","med","small","ios_large"]},"dimensions":{"big":[1280,720],"med":[640,360]},"site_w_h":[640,360],"page_w_h":[640,360],"site_w_h_small":[310,174],"size":[1280,720],"age_restricted":false,"age_restricted_by_admin":false,"not_safe_for_work":false,"allow_reuse":false,"dont_crop":false,"banned":false,"global_safe":true,"audio_file_url":"https://coub-anubis-a.akamaized.net/coub_storage/audio_track/cw_file/b0191d65058/9f7699a56e4d37c544d54/low_1563057481_1o5xhmg_edited.mp3","external_download":false,"application":null,"channel":{"id":4831251,"permalink":"staticmovement","title":"Static Movement","description":"Art Animation \\ Cinemagraphy","followers_count":451,"following_count":20,"avatar_versions":{"template":"https://coub-anubis-a.akamaized.net/coub_storage/channel/cw_avatar/ac1ccbc4a85/d61e5749d09aa7fc3a9c5/%{version}_1607576750_g25tc5_1563567522_121212.jpg","versions":["medium","medium_2x","profile_pic","profile_pic_new","profile_pic_new_2x","tiny","tiny_2x","small","small_2x","ios_large","ios_small"]}},"file":null,"picture":"https://coub-anubis-a.akamaized.net/coub_storage/coub/simple/cw_image/89074c5107b/b875ef8b53db87f2d686c/1563057548_00020.jpg","timeline_picture":"https://coub-anubis-a.akamaized.net/coub_storage/coub/simple/cw_timeline_pic/d1f84a1c944/28c3765759da78c371063/ios_large_1563057547_image.jpg","small_picture":"https://coub-anubis-a.akamaized.net/coub_storage/coub/simple/cw_image/89074c5107b/b875ef8b53db87f2d686c/1563057548_00020.jpg","sharing_picture":null,"percent_done":100,"tags":[{"id":9036,"title":"triangle","value":"triangle"},{"id":5075757,"title":"nature of karelia","value":"nature%20of%20karelia"},{"id":2145,"title":"time lapse","value":"time%20lapse"},{"id":1342,"title":"timelapse","value":"timelapse"},{"id":283,"title":"space","value":"space"},{"id":11707,"title":"galaxy","value":"galaxy"},{"id":1339,"title":"stars","value":"stars"},{"id":5075758,"title":"mikhail proskalov","value":"mikhail%20proskalov"},{"id":5075759,"title":"tony anderson - oyarsa","value":"tony%20anderson%20-%20oyarsa"},{"id":1094,"title":"nature","value":"nature"},{"id":2759,"title":"karelia","value":"karelia"},{"id":174157,"title":"карелия","value":"%D0%BA%D0%B0%D1%80%D0%B5%D0%BB%D0%B8%D1%8F"},{"id":226606,"title":"треугольник","value":"%D1%82%D1%80%D0%B5%D1%83%D0%B3%D0%BE%D0%BB%D1%8C%D0%BD%D0%B8%D0%BA"},{"id":3072,"title":"art","value":"art"},{"id":192569,"title":"mashups","value":"mashups"},{"id":288361,"title":"hybrids","value":"hybrids"},{"id":168,"title":"loop","value":"loop"},{"id":4545495,"title":"watcher.coub","value":"watcher.coub"},{"id":1016,"title":"ambient","value":"ambient"},{"id":2651,"title":"sky","value":"sky"},{"id":13146,"title":"crossover","value":"crossover"},{"id":5089965,"title":"staticmovement","value":"staticmovement"},{"id":290498,"title":"living photos","value":"living%20photos"},{"id":1149669,"title":"живые обои","value":"%D0%B6%D0%B8%D0%B2%D1%8B%D0%B5%20%D0%BE%D0%B1%D0%BE%D0%B8"}],"categories":[{"id":114,"title":"Live Pictures","permalink":"live-pictures","subscriptions_count":2028289,"big_image_url":"https://coub-anubis-a.akamaized.net/coub_storage/category/cw_image/6a781fee541/43bd1211431771697290d/big_1622039067_Live_pictures.png","small_image_url":"https://coub-anubis-a.akamaized.net/coub_storage/category/cw_image/6a781fee541/43bd1211431771697290d/small_1622039067_Live_pictures.png","med_image_url":"https://coub-anubis-a.akamaized.net/coub_storage/category/cw_image/6a781fee541/43bd1211431771697290d/med_1622039067_Live_pictures.png","visible":true}],"communities":[{"id":114,"title":"Live Pictures","permalink":"live-pictures","subscriptions_count":2028289,"big_image_url":"https://coub-anubis-a.akamaized.net/coub_storage/category/cw_image/6a781fee541/43bd1211431771697290d/big_1622039067_Live_pictures.png","small_image_url":"https://coub-anubis-a.akamaized.net/coub_storage/category/cw_image/6a781fee541/43bd1211431771697290d/small_1622039067_Live_pictures.png","med_image_url":"https://coub-anubis-a.akamaized.net/coub_storage/category/cw_image/6a781fee541/43bd1211431771697290d/med_1622039067_Live_pictures.png","i_subscribed":true,"community_notifications_enabled":null,"description":null}],"recoubs_count":107,"remixes_count":2,"likes_count":409,"dislikes_count":0,"raw_video_id":13971747,"uploaded_by_ios_app":false,"uploaded_by_android_app":false,"media_blocks":{"uploaded_raw_videos":[],"external_raw_videos":[],"remixed_from_coubs":[]},"raw_video_thumbnail_url":"/missing/missing.png","raw_video_title":"triangle.mp4","video_block_banned":false,"duration":6.32,"promo_winner":false,"promo_winner_recoubers":null,"editorial_info":{},"promo_hint":null,"beeline_best_2014":null,"from_web_editor":true,"normalize_sound":false,"normalize_change_allowed":true,"best2015_addable":false,"ahmad_promo":null,"promo_data":null,"audio_copyright_claim":null,"ads_disabled":false,"is_safe_for_ads":true,"megafon_contents":[],"position_on_page":3},{"flag":null,"abuses":null,"recoubs_by_users_channels":null,"favourite":false,"promoted_id":null,"recoub":null,"like":null,"dislike":null,"reaction":null,"in_my_best2015":false,"id":53269163,"type":"Coub::Simple","permalink":"v9lou","title":"Tourist on the moon","visibility_type":"public","original_visibility_type":"public","channel_id":2039823,"created_at":"2017-06-22T13:55:02Z","updated_at":"2022-02-23T12:00:14Z","is_done":true,"views_count":51179,"cotd":null,"cotd_at":null,"visible_on_explore_root":true,"visible_on_explore":true,"featured":true,"published":true,"published_at":"2017-06-22T13:55:02Z","reversed":false,"from_editor_v2":true,"is_editable":true,"original_sound":false,"has_sound":false,"recoub_to":null,"file_versions":{"html5":{"video":{"higher":{"url":"https://coub-anubis-a.akamaized.net/coub_storage/coub/simple/cw_file/e09efc4dc3c/58c556319839b8774ce7c/muted_mp4_huge_size_1568122408_muted_huge.mp4","size":290510},"high":{"url":"https://coub-anubis-a.akamaized.net/coub_storage/coub/simple/cw_file/e09efc4dc3c/58c556319839b8774ce7c/muted_mp4_big_size_1568122408_muted_big.mp4","size":205852},"med":{"url":"https://coub-anubis-a.akamaized.net/coub_storage/coub/simple/cw_file/e09efc4dc3c/58c556319839b8774ce7c/muted_mp4_med_size_1568122408_muted_med.mp4","size":64570}},"audio":{"high":{"url":"https://coub-anubis-a.akamaized.net/coub_storage/coub/simple/cw_looped_audio_high/2d088c866c2/0235922d54a474fe2c7dd/1605605156_high_1498142195_high.mp3","size":1903699},"med":{"url":"https://coub-anubis-a.akamaized.net/coub_storage/coub/simple/cw_looped_audio_med/6642a1a4e82/2ae39ce985effb1679de3/1605605156_med_1498142195_med.mp3","size":1543838}}},"mobile":{"video":"https://coub-anubis-a.akamaized.net/coub_storage/coub/simple/cw_file/e09efc4dc3c/58c556319839b8774ce7c/muted_mp4_med_size_1568122408_muted_med.mp4","audio":["https://coub-anubis-a.akamaized.net/coub_storage/coub/simple/cw_looped_audio_med/6642a1a4e82/2ae39ce985effb1679de3/1605605156_med_1498142195_med.mp3"]},"share":{"default":"https://coub-anubis-a.akamaized.net/coub_storage/coub/simple/cw_video_for_sharing/b813dfcf5d2/3905df44febbf0fd8334e/1643316708_looped_1643316708.mp4"}},"audio_versions":{"template":"https://coub-anubis-a.akamaized.net/coub_storage/audio_track/cw_normalized_copy/44fbed47d49/d7431ee8b62134f9eda43/mid_1498142188_1if4gv_normalized_1498142179_1nmp0a5_edited.mp3","versions":["mid","low"]},"image_versions":{"template":"https://coub-anubis-a.akamaized.net/coub_storage/coub/simple/cw_image/0f37da7bd5f/85fc45305ca083a0f4e9f/1498142203_00032.jpg","versions":["micro","tiny","age_restricted","ios_large","ios_mosaic","big","med","small","pinterest"]},"first_frame_versions":{"template":"https://coub-anubis-a.akamaized.net/coub_storage/coub/simple/cw_timeline_pic/f179d5dca92/0ded74b83391cc5c93d73/%{version}_1498142202_image.jpg","versions":["big","med","small","ios_large"]},"dimensions":{"big":[1280,800],"med":[640,400]},"site_w_h":[640,400],"page_w_h":[640,400],"site_w_h_small":[310,194],"size":[1280,800],"age_restricted":false,"age_restricted_by_admin":false,"not_safe_for_work":false,"allow_reuse":false,"dont_crop":false,"banned":false,"global_safe":true,"audio_file_url":"https://coub-anubis-a.akamaized.net/coub_storage/audio_track/cw_normalized_copy/44fbed47d49/d7431ee8b62134f9eda43/low_1498142188_1if4gv_normalized_1498142179_1nmp0a5_edited.mp3","external_download":false,"application":null,"channel":{"id":2039823,"permalink":"ganarte.ganarte","title":"Ganarte ","description":null,"followers_count":270,"following_count":42,"avatar_versions":{"template":"https://coub-anubis-a.akamaized.net/coub_storage/channel/cw_avatar/8b28baf07ca/0c933466e69bde3210392/%{version}_1609304391_1nwu6s0_1474683420_GeZYrrO_copy22.png","versions":["medium","medium_2x","profile_pic","profile_pic_new","profile_pic_new_2x","tiny","tiny_2x","small","small_2x","ios_large","ios_small"]}},"file":null,"picture":"https://coub-anubis-a.akamaized.net/coub_storage/coub/simple/cw_image/0f37da7bd5f/85fc45305ca083a0f4e9f/1498142203_00032.jpg","timeline_picture":"https://coub-anubis-a.akamaized.net/coub_storage/coub/simple/cw_timeline_pic/f179d5dca92/0ded74b83391cc5c93d73/ios_large_1498142202_image.jpg","small_picture":"https://coub-anubis-a.akamaized.net/coub_storage/coub/simple/cw_image/0f37da7bd5f/85fc45305ca083a0f4e9f/1498142203_00032.jpg","sharing_picture":null,"percent_done":100,"tags":[{"id":283,"title":"space","value":"space"},{"id":253950,"title":"living photo","value":"living%20photo"},{"id":49603,"title":"cinemagraph","value":"cinemagraph"},{"id":3119375,"title":"regular life on moon","value":"regular%20life%20on%20moon"},{"id":15822,"title":"tourist","value":"tourist"},{"id":963,"title":"moon","value":"moon"}],"categories":[{"id":114,"title":"Live Pictures","permalink":"live-pictures","subscriptions_count":2028289,"big_image_url":"https://coub-anubis-a.akamaized.net/coub_storage/category/cw_image/6a781fee541/43bd1211431771697290d/big_1622039067_Live_pictures.png","small_image_url":"https://coub-anubis-a.akamaized.net/coub_storage/category/cw_image/6a781fee541/43bd1211431771697290d/small_1622039067_Live_pictures.png","med_image_url":"https://coub-anubis-a.akamaized.net/coub_storage/category/cw_image/6a781fee541/43bd1211431771697290d/med_1622039067_Live_pictures.png","visible":true}],"communities":[{"id":114,"title":"Live Pictures","permalink":"live-pictures","subscriptions_count":2028289,"big_image_url":"https://coub-anubis-a.akamaized.net/coub_storage/category/cw_image/6a781fee541/43bd1211431771697290d/big_1622039067_Live_pictures.png","small_image_url":"https://coub-anubis-a.akamaized.net/coub_storage/category/cw_image/6a781fee541/43bd1211431771697290d/small_1622039067_Live_pictures.png","med_image_url":"https://coub-anubis-a.akamaized.net/coub_storage/category/cw_image/6a781fee541/43bd1211431771697290d/med_1622039067_Live_pictures.png","i_subscribed":true,"community_notifications_enabled":null,"description":null}],"recoubs_count":102,"remixes_count":1,"likes_count":408,"dislikes_count":0,"raw_video_id":9831909,"uploaded_by_ios_app":false,"uploaded_by_android_app":false,"media_blocks":{"uploaded_raw_videos":[],"external_raw_videos":[],"remixed_from_coubs":[]},"raw_video_thumbnail_url":"/missing/missing.png","raw_video_title":"Earth-Space-space-8071922-1600-1200.mov.m4v","video_block_banned":false,"duration":10.0,"promo_winner":false,"promo_winner_recoubers":null,"editorial_info":{},"promo_hint":null,"beeline_best_2014":null,"from_web_editor":true,"normalize_sound":true,"normalize_change_allowed":true,"best2015_addable":false,"ahmad_promo":null,"promo_data":null,"audio_copyright_claim":null,"ads_disabled":null,"is_safe_for_ads":true,"megafon_contents":[],"position_on_page":4},{"flag":null,"abuses":null,"recoubs_by_users_channels":null,"favourite":false,"promoted_id":null,"recoub":null,"like":null,"dislike":null,"reaction":null,"in_my_best2015":false,"id":81326816,"type":"Coub::Simple","permalink":"1c0hbc","title":"Fog","visibility_type":"public","original_visibility_type":"public","channel_id":3967412,"created_at":"2018-08-03T09:51:38Z","updated_at":"2020-11-17T12:11:39Z","is_done":true,"views_count":70500,"cotd":null,"cotd_at":null,"visible_on_explore_root":true,"visible_on_explore":true,"featured":true,"published":true,"published_at":"2018-08-03T09:51:37Z","reversed":false,"from_editor_v2":true,"is_editable":true,"original_sound":false,"has_sound":false,"recoub_to":null,"file_versions":{"html5":{"video":{"higher":{"url":"https://coub-anubis-a.akamaized.net/coub_storage/coub/simple/cw_file/bd86481db76/2de3ae62f57b58f6db3a5/muted_mp4_huge_size_1568265191_muted_huge.mp4","size":940060},"high":{"url":"https://coub-anubis-a.akamaized.net/coub_storage/coub/simple/cw_file/bd86481db76/2de3ae62f57b58f6db3a5/muted_mp4_big_size_1568265191_muted_big.mp4","size":1114295},"med":{"url":"https://coub-anubis-a.akamaized.net/coub_storage/coub/simple/cw_file/bd86481db76/2de3ae62f57b58f6db3a5/muted_mp4_med_size_1568265191_muted_med.mp4","size":78396}},"audio":{"high":{"url":"https://coub-anubis-a.akamaized.net/coub_storage/coub/simple/cw_looped_audio_high/1e87ac31846/34774297ed3f1d2eb8156/1605615098_high_1533289948_high.mp3","size":5955390},"med":{"url":"https://coub-anubis-a.akamaized.net/coub_storage/coub/simple/cw_looped_audio_med/66b49a8f290/d2f42eb0b96ef1caa1256/1605615097_med_1533289948_med.mp3","size":4584791}}},"mobile":{"video":"https://coub-anubis-a.akamaized.net/coub_storage/coub/simple/cw_file/bd86481db76/2de3ae62f57b58f6db3a5/muted_mp4_med_size_1568265191_muted_med.mp4","audio":["https://coub-anubis-a.akamaized.net/coub_storage/coub/simple/cw_looped_audio_med/66b49a8f290/d2f42eb0b96ef1caa1256/1605615097_med_1533289948_med.mp3"]},"share":{"default":null}},"audio_versions":{"template":"https://coub-anubis-a.akamaized.net/coub_storage/audio_track/cw_normalized_copy/b94f686cc78/8c62ece80bbf6d62ccf52/mid_1533289930_1t0awpj_normalized_1533289907_1xrpxbb_edited.mp3","versions":["mid","low"]},"image_versions":{"template":"https://coub-anubis-a.akamaized.net/coub_storage/coub/simple/cw_image/c4db80d2243/82c858d28f676b9085ea8/1533289966_00007.jpg","versions":["micro","tiny","age_restricted","ios_large","ios_mosaic","big","med","small","pinterest"]},"first_frame_versions":{"template":"https://coub-anubis-a.akamaized.net/coub_storage/coub/simple/cw_timeline_pic/c7182a36cf6/76846a8f84ba714812d17/%{version}_1533289966_image.jpg","versions":["big","med","small","ios_large"]},"dimensions":{"big":[1280,714],"med":[640,356]},"site_w_h":[640,357],"page_w_h":[640,357],"site_w_h_small":[310,173],"size":[1280,714],"age_restricted":false,"age_restricted_by_admin":false,"not_safe_for_work":false,"allow_reuse":false,"dont_crop":false,"banned":false,"global_safe":true,"audio_file_url":"https://coub-anubis-a.akamaized.net/coub_storage/audio_track/cw_normalized_copy/b94f686cc78/8c62ece80bbf6d62ccf52/low_1533289930_1t0awpj_normalized_1533289907_1xrpxbb_edited.mp3","external_download":false,"application":null,"channel":{"id":3967412,"permalink":"waxtown0","title":"WaxTown","description":"hi i am waxtown my vidioblog  ᴡᴡᴡⴰwaxtown.okobt.ru","followers_count":7501,"following_count":2165,"avatar_versions":{"template":"https://coub-anubis-a.akamaized.net/coub_storage/channel/cw_avatar/45c170ba165/331dd4d5a030f36af5f5a/%{version}_1607432472_c0rs7z_1513254562_Logo.png","versions":["medium","medium_2x","profile_pic","profile_pic_new","profile_pic_new_2x","tiny","tiny_2x","small","small_2x","ios_large","ios_small"]}},"file":null,"picture":"https://coub-anubis-a.akamaized.net/coub_storage/coub/simple/cw_image/c4db80d2243/82c858d28f676b9085ea8/1533289966_00007.jpg","timeline_picture":"https://coub-anubis-a.akamaized.net/coub_storage/coub/simple/cw_timeline_pic/c7182a36cf6/76846a8f84ba714812d17/ios_large_1533289966_image.jpg","small_picture":"https://coub-anubis-a.akamaized.net/coub_storage/coub/simple/cw_image/c4db80d2243/82c858d28f676b9085ea8/1533289966_00007.jpg","sharing_picture":null,"percent_done":100,"tags":[{"id":281057,"title":"the fog","value":"the%20fog"},{"id":3043785,"title":"the isle","value":"the%20isle"},{"id":4061845,"title":"ki duk kim","value":"ki%20duk%20kim"},{"id":25097,"title":"john carpenter","value":"john%20carpenter"},{"id":379284,"title":"cinemagraphs","value":"cinemagraphs"},{"id":229,"title":"cinema","value":"cinema"},{"id":2409,"title":"movies","value":"movies"},{"id":86,"title":"music","value":"music"},{"id":49603,"title":"cinemagraph","value":"cinemagraph"}],"categories":[{"id":114,"title":"Live Pictures","permalink":"live-pictures","subscriptions_count":2028289,"big_image_url":"https://coub-anubis-a.akamaized.net/coub_storage/category/cw_image/6a781fee541/43bd1211431771697290d/big_1622039067_Live_pictures.png","small_image_url":"https://coub-anubis-a.akamaized.net/coub_storage/category/cw_image/6a781fee541/43bd1211431771697290d/small_1622039067_Live_pictures.png","med_image_url":"https://coub-anubis-a.akamaized.net/coub_storage/category/cw_image/6a781fee541/43bd1211431771697290d/med_1622039067_Live_pictures.png","visible":true}],"communities":[{"id":114,"title":"Live Pictures","permalink":"live-pictures","subscriptions_count":2028289,"big_image_url":"https://coub-anubis-a.akamaized.net/coub_storage/category/cw_image/6a781fee541/43bd1211431771697290d/big_1622039067_Live_pictures.png","small_image_url":"https://coub-anubis-a.akamaized.net/coub_storage/category/cw_image/6a781fee541/43bd1211431771697290d/small_1622039067_Live_pictures.png","med_image_url":"https://coub-anubis-a.akamaized.net/coub_storage/category/cw_image/6a781fee541/43bd1211431771697290d/med_1622039067_Live_pictures.png","i_subscribed":true,"community_notifications_enabled":null,"description":null}],"recoubs_count":87,"remixes_count":1,"likes_count":407,"dislikes_count":0,"raw_video_id":12139921,"uploaded_by_ios_app":false,"uploaded_by_android_app":false,"media_blocks":{"uploaded_raw_videos":[],"external_raw_videos":[],"remixed_from_coubs":[]},"raw_video_thumbnail_url":"/missing/missing.png","raw_video_title":"The_Isle_Fog.gif","video_block_banned":false,"duration":1.92,"promo_winner":false,"promo_winner_recoubers":null,"editorial_info":{},"promo_hint":null,"beeline_best_2014":null,"from_web_editor":true,"normalize_sound":true,"normalize_change_allowed":true,"best2015_addable":false,"ahmad_promo":null,"promo_data":null,"audio_copyright_claim":null,"ads_disabled":false,"is_safe_for_ads":true,"megafon_contents":[],"position_on_page":5},{"flag":null,"abuses":null,"recoubs_by_users_channels":null,"favourite":false,"promoted_id":null,"recoub":null,"like":null,"dislike":null,"reaction":null,"in_my_best2015":false,"id":69068012,"type":"Coub::Simple","permalink":"14onpd","title":"Altered Carbon","visibility_type":"public","original_visibility_type":"public","channel_id":3590746,"created_at":"2018-03-11T11:07:43Z","updated_at":"2022-03-06T15:48:23Z","is_done":true,"views_count":66038,"cotd":null,"cotd_at":null,"visible_on_explore_root":true,"visible_on_explore":true,"featured":true,"published":true,"published_at":"2018-03-11T11:07:43Z","reversed":false,"from_editor_v2":true,"is_editable":true,"original_sound":false,"has_sound":false,"recoub_to":null,"file_versions":{"html5":{"video":{"higher":{"url":"https://coub-anubis-a.akamaized.net/coub_storage/coub/simple/cw_file/f74f0dc482a/f623d998b05f2fedb25aa/muted_mp4_huge_size_1568206062_muted_huge.mp4","size":1513035},"high":{"url":"https://coub-anubis-a.akamaized.net/coub_storage/coub/simple/cw_file/f74f0dc482a/f623d998b05f2fedb25aa/muted_mp4_big_size_1568206062_muted_big.mp4","size":1150683},"med":{"url":"https://coub-anubis-a.akamaized.net/coub_storage/coub/simple/cw_file/f74f0dc482a/f623d998b05f2fedb25aa/muted_mp4_med_size_1568206062_muted_med.mp4","size":206453}},"audio":{"high":{"url":"https://coub-anubis-a.akamaized.net/coub_storage/coub/simple/cw_looped_audio_high/da0afeff3b8/9eb5407de48cdcad59459/1605638424_high_1520776020_high.mp3","size":2309937},"med":{"url":"https://coub-anubis-a.akamaized.net/coub_storage/coub/simple/cw_looped_audio_med/fef22e1ee14/676ba67cf27f3483b54a7/1605638423_med_1520776020_med.mp3","size":1751817}}},"mobile":{"video":"https://coub-anubis-a.akamaized.net/coub_storage/coub/simple/cw_file/f74f0dc482a/f623d998b05f2fedb25aa/muted_mp4_med_size_1568206062_muted_med.mp4","audio":["https://coub-anubis-a.akamaized.net/coub_storage/coub/simple/cw_looped_audio_med/fef22e1ee14/676ba67cf27f3483b54a7/1605638423_med_1520776020_med.mp3"]},"share":{"default":"https://coub-anubis-a.akamaized.net/coub_storage/coub/simple/cw_video_for_sharing/57c45e566ac/125a68bc4a359d7134b0d/1608668357_looped_1608668356.mp4"}},"audio_versions":{"template":"https://coub-anubis-a.akamaized.net/coub_storage/audio_track/cw_file/9470143415d/ef83e0d2c5fd1c47d1771/mid_1520776004_7ar6c5_edited.mp3","versions":["mid","low"]},"image_versions":{"template":"https://coub-anubis-a.akamaized.net/coub_storage/coub/simple/cw_image/a79b5026931/24cc5f15a5f0c204a1f96/1520776030_00027.jpg","versions":["micro","tiny","age_restricted","ios_large","ios_mosaic","big","med","small","pinterest"]},"first_frame_versions":{"template":"https://coub-anubis-a.akamaized.net/coub_storage/coub/simple/cw_timeline_pic/e6131f0518d/57169c4aca135e83b425a/%{version}_1520776029_image.jpg","versions":["big","med","small","ios_large"]},"dimensions":{"big":[1280,720],"med":[640,360]},"site_w_h":[640,360],"page_w_h":[640,360],"site_w_h_small":[310,174],"size":[1280,720],"age_restricted":false,"age_restricted_by_admin":false,"not_safe_for_work":false,"allow_reuse":false,"dont_crop":false,"banned":false,"global_safe":true,"audio_file_url":"https://coub-anubis-a.akamaized.net/coub_storage/audio_track/cw_file/9470143415d/ef83e0d2c5fd1c47d1771/low_1520776004_7ar6c5_edited.mp3","external_download":false,"application":null,"channel":{"id":3590746,"permalink":"freezeframe","title":"Freeze frame","description":"Freeze frame coubs channel","followers_count":8175,"following_count":0,"avatar_versions":{"template":"https://coub-anubis-a.akamaized.net/coub_storage/channel/cw_avatar/7276c60c74f/4115346aa1ad49e7bdf82/%{version}_1607432325_84dk5_1495362298_mpl01.jpg","versions":["medium","medium_2x","profile_pic","profile_pic_new","profile_pic_new_2x","tiny","tiny_2x","small","small_2x","ios_large","ios_small"]}},"file":null,"picture":"https://coub-anubis-a.akamaized.net/coub_storage/coub/simple/cw_image/a79b5026931/24cc5f15a5f0c204a1f96/1520776030_00027.jpg","timeline_picture":"https://coub-anubis-a.akamaized.net/coub_storage/coub/simple/cw_timeline_pic/e6131f0518d/57169c4aca135e83b425a/ios_large_1520776029_image.jpg","small_picture":"https://coub-anubis-a.akamaized.net/coub_storage/coub/simple/cw_image/a79b5026931/24cc5f15a5f0c204a1f96/1520776030_00027.jpg","sharing_picture":null,"percent_done":100,"tags":[{"id":3574741,"title":"alteredcarbon","value":"alteredcarbon"},{"id":3780339,"title":"altcarb","value":"altcarb"},{"id":52069,"title":"netflix","value":"netflix"},{"id":3541366,"title":"altered carbon","value":"altered%20carbon"},{"id":17049,"title":"joel kinnaman","value":"joel%20kinnaman"},{"id":377463,"title":"motion posters","value":"motion%20posters"},{"id":132058,"title":"freeze frame","value":"freeze%20frame"},{"id":379284,"title":"cinemagraphs","value":"cinemagraphs"},{"id":49603,"title":"cinemagraph","value":"cinemagraph"},{"id":154,"title":"movie","value":"movie"}],"categories":[{"id":114,"title":"Live Pictures","permalink":"live-pictures","subscriptions_count":2028289,"big_image_url":"https://coub-anubis-a.akamaized.net/coub_storage/category/cw_image/6a781fee541/43bd1211431771697290d/big_1622039067_Live_pictures.png","small_image_url":"https://coub-anubis-a.akamaized.net/coub_storage/category/cw_image/6a781fee541/43bd1211431771697290d/small_1622039067_Live_pictures.png","med_image_url":"https://coub-anubis-a.akamaized.net/coub_storage/category/cw_image/6a781fee541/43bd1211431771697290d/med_1622039067_Live_pictures.png","visible":true}],"communities":[{"id":114,"title":"Live Pictures","permalink":"live-pictures","subscriptions_count":2028289,"big_image_url":"https://coub-anubis-a.akamaized.net/coub_storage/category/cw_image/6a781fee541/43bd1211431771697290d/big_1622039067_Live_pictures.png","small_image_url":"https://coub-anubis-a.akamaized.net/coub_storage/category/cw_image/6a781fee541/43bd1211431771697290d/small_1622039067_Live_pictures.png","med_image_url":"https://coub-anubis-a.akamaized.net/coub_storage/category/cw_image/6a781fee541/43bd1211431771697290d/med_1622039067_Live_pictures.png","i_subscribed":true,"community_notifications_enabled":null,"description":null}],"recoubs_count":66,"remixes_count":0,"likes_count":407,"dislikes_count":0,"raw_video_id":11299612,"uploaded_by_ios_app":false,"uploaded_by_android_app":false,"media_blocks":{"uploaded_raw_videos":[],"external_raw_videos":[],"remixed_from_coubs":[]},"raw_video_thumbnail_url":"/missing/missing.png","raw_video_title":"ac11.mp4","video_block_banned":false,"duration":8.44,"promo_winner":false,"promo_winner_recoubers":null,"editorial_info":{},"promo_hint":null,"beeline_best_2014":null,"from_web_editor":true,"normalize_sound":false,"normalize_change_allowed":true,"best2015_addable":false,"ahmad_promo":null,"promo_data":null,"audio_copyright_claim":null,"ads_disabled":false,"is_safe_for_ads":true,"megafon_contents":[],"position_on_page":6},{"flag":null,"abuses":null,"recoubs_by_users_channels":null,"favourite":false,"promoted_id":null,"recoub":null,"like":null,"dislike":null,"reaction":null,"in_my_best2015":false,"id":15732722,"type":"Coub::Simple","permalink":"8x24y","title":"▩","visibility_type":"public","original_visibility_type":"public","channel_id":31364,"created_at":"2015-10-31T10:52:21Z","updated_at":"2022-02-18T01:59:21Z","is_done":true,"views_count":44239,"cotd":null,"cotd_at":null,"visible_on_explore_root":true,"visible_on_explore":true,"featured":true,"published":true,"published_at":"2015-10-31T10:52:21Z","reversed":false,"from_editor_v2":true,"is_editable":true,"original_sound":false,"has_sound":false,"recoub_to":null,"file_versions":{"html5":{"video":{"higher":{"url":"https://coub-anubis-a.akamaized.net/coub_storage/coub/simple/cw_file/a5ac155aa4c/1a44076be9399674a24ae/muted_mp4_huge_size_1567818381_muted_huge.mp4","size":637193},"high":{"url":"https://coub-anubis-a.akamaized.net/coub_storage/coub/simple/cw_file/a5ac155aa4c/1a44076be9399674a24ae/muted_mp4_big_size_1567818381_muted_big.mp4","size":423267},"med":{"url":"https://coub-anubis-a.akamaized.net/coub_storage/coub/simple/cw_file/a5ac155aa4c/1a44076be9399674a24ae/muted_mp4_med_size_1567818381_muted_med.mp4","size":113537}},"audio":{"high":{"url":"https://coub-anubis-a.akamaized.net/coub_storage/coub/simple/cw_looped_audio_high/d3f6be91fa8/67f8b2b4561ec4baa0b8c/1605463545_high_1471755004_high.mp3","size":5003852},"med":{"url":"https://coub-anubis-a.akamaized.net/coub_storage/coub/simple/cw_looped_audio_med/6993e78ac3e/f5df4aeff1580b8bea9d6/1605463545_med_1471755004_med.mp3","size":4037551}}},"mobile":{"video":"https://coub-anubis-a.akamaized.net/coub_storage/coub/simple/cw_file/a5ac155aa4c/1a44076be9399674a24ae/muted_mp4_med_size_1567818381_muted_med.mp4","audio":["https://coub-anubis-a.akamaized.net/coub_storage/coub/simple/cw_looped_audio_med/6993e78ac3e/f5df4aeff1580b8bea9d6/1605463545_med_1471755004_med.mp3"]},"share":{"default":"https://coub-anubis-a.akamaized.net/coub_storage/coub/simple/cw_video_for_sharing/2ef7c9e612e/85e49e171f25665573454/1612380168_looped_1612380167.mp4"}},"audio_versions":{"template":"https://coub-anubis-a.akamaized.net/coub_storage/audio_track/cw_normalized_copy/94a12d7b567/17578a3f4ebc710647429/mid_1446295800_14d18pt_normalized_1446295714_audio.mp3","versions":["mid","low"]},"image_versions":{"template":"https://coub-anubis-a.akamaized.net/coub_storage/coub/simple/cw_image/4e6ccd751e7/ebdd6503d6bc8b803f4df/1471754964_00007.jpg","versions":["micro","tiny","age_restricted","ios_large","ios_mosaic","big","med","small","pinterest"]},"first_frame_versions":{"template":"https://coub-anubis-a.akamaized.net/coub_storage/coub/simple/cw_timeline_pic/4e6ccd751e7/ebdd6503d6bc8b803f4df/1471754980_image.jpg","versions":["big","med","small","ios_large"]},"dimensions":{"big":[1280,952],"med":[640,476]},"site_w_h":[640,476],"page_w_h":[640,476],"site_w_h_small":[310,231],"size":[1280,952],"age_restricted":false,"age_restricted_by_admin":false,"not_safe_for_work":false,"allow_reuse":false,"dont_crop":false,"banned":false,"global_safe":true,"audio_file_url":"https://coub-anubis-a.akamaized.net/coub_storage/audio_track/cw_normalized_copy/94a12d7b567/17578a3f4ebc710647429/low_1446295800_14d18pt_normalized_1446295714_audio.mp3","external_download":false,"application":null,"channel":{"id":31364,"permalink":"maks.d2324","title":"▩","description":null,"followers_count":20932,"following_count":27,"avatar_versions":{"template":"https://coub-anubis-a.akamaized.net/coub_storage/channel/cw_avatar/a2e8821db51/d98039af340abfb9f8f49/%{version}_1520857981_IMG_20180102_170023.jpg","versions":["medium","medium_2x","profile_pic","profile_pic_new","profile_pic_new_2x","tiny","tiny_2x","small","small_2x","ios_large","ios_small"]}},"file":null,"picture":"https://coub-anubis-a.akamaized.net/coub_storage/coub/simple/cw_image/4e6ccd751e7/ebdd6503d6bc8b803f4df/1471754964_00007.jpg","timeline_picture":"https://coub-anubis-a.akamaized.net/coub_storage/coub/simple/cw_timeline_pic/4e6ccd751e7/ebdd6503d6bc8b803f4df/1471754980_image.jpg","small_picture":"https://coub-anubis-a.akamaized.net/coub_storage/coub/simple/cw_image/4e6ccd751e7/ebdd6503d6bc8b803f4df/1471754964_00007.jpg","sharing_picture":null,"percent_done":100,"tags":[],"categories":[{"id":114,"title":"Live Pictures","permalink":"live-pictures","subscriptions_count":2028289,"big_image_url":"https://coub-anubis-a.akamaized.net/coub_storage/category/cw_image/6a781fee541/43bd1211431771697290d/big_1622039067_Live_pictures.png","small_image_url":"https://coub-anubis-a.akamaized.net/coub_storage/category/cw_image/6a781fee541/43bd1211431771697290d/small_1622039067_Live_pictures.png","med_image_url":"https://coub-anubis-a.akamaized.net/coub_storage/category/cw_image/6a781fee541/43bd1211431771697290d/med_1622039067_Live_pictures.png","visible":true}],"communities":[{"id":114,"title":"Live Pictures","permalink":"live-pictures","subscriptions_count":2028289,"big_image_url":"https://coub-anubis-a.akamaized.net/coub_storage/category/cw_image/6a781fee541/43bd1211431771697290d/big_1622039067_Live_pictures.png","small_image_url":"https://coub-anubis-a.akamaized.net/coub_storage/category/cw_image/6a781fee541/43bd1211431771697290d/small_1622039067_Live_pictures.png","med_image_url":"https://coub-anubis-a.akamaized.net/coub_storage/category/cw_image/6a781fee541/43bd1211431771697290d/med_1622039067_Live_pictures.png","i_subscribed":true,"community_notifications_enabled":null,"description":null}],"recoubs_count":90,"remixes_count":2,"likes_count":407,"dislikes_count":0,"raw_video_id":1815209,"uploaded_by_ios_app":false,"uploaded_by_android_app":false,"media_blocks":{"uploaded_raw_videos":[],"external_raw_videos":[],"remixed_from_coubs":[]},"raw_video_thumbnail_url":"/missing/missing.png","raw_video_title":"Z.avi","video_block_banned":false,"duration":1.96,"promo_winner":false,"promo_winner_recoubers":null,"editorial_info":{},"promo_hint":null,"beeline_best_2014":null,"from_web_editor":true,"normalize_sound":true,"normalize_change_allowed":true,"best2015_addable":false,"ahmad_promo":null,"promo_data":null,"audio_copyright_claim":null,"ads_disabled":null,"is_safe_for_ads":true,"megafon_contents":[],"position_on_page":7},{"flag":null,"abuses":null,"recoubs_by_users_channels":null,"favourite":false,"promoted_id":null,"recoub":null,"like":null,"dislike":null,"reaction":null,"in_my_best2015":false,"id":76614184,"type":"Coub::Simple","permalink":"197fgb","title":"'Sleepy Hollow' (1999)","visibility_type":"public","original_visibility_type":"public","channel_id":3967412,"created_at":"2018-06-08T12:20:59Z","updated_at":"2022-03-08T06:05:43Z","is_done":true,"views_count":42090,"cotd":null,"cotd_at":null,"visible_on_explore_root":true,"visible_on_explore":true,"featured":true,"published":true,"published_at":"2018-06-08T12:20:59Z","reversed":false,"from_editor_v2":true,"is_editable":true,"original_sound":false,"has_sound":false,"recoub_to":null,"file_versions":{"html5":{"video":{"higher":{"url":"https://coub-anubis-a.akamaized.net/coub_storage/coub/simple/cw_file/b4327537bc6/1b90503d076f26dde8abb/muted_mp4_huge_size_1568244240_muted_huge.mp4","size":276721},"high":{"url":"https://coub-anubis-a.akamaized.net/coub_storage/coub/simple/cw_file/b4327537bc6/1b90503d076f26dde8abb/muted_mp4_big_size_1568244240_muted_big.mp4","size":187128},"med":{"url":"https://coub-anubis-a.akamaized.net/coub_storage/coub/simple/cw_file/b4327537bc6/1b90503d076f26dde8abb/muted_mp4_med_size_1568244240_muted_med.mp4","size":53409}},"audio":{"high":{"url":"https://coub-anubis-a.akamaized.net/coub_storage/coub/simple/cw_looped_audio_high/87844063ab8/33454eaa4d0065422138f/1605624603_high_1528460513_high.mp3","size":10460588},"med":{"url":"https://coub-anubis-a.akamaized.net/coub_storage/coub/simple/cw_looped_audio_med/bf1aa131ca7/7dc0534f2c37aa2aa2fef/1605624601_med_1528460513_med.mp3","size":8371626}}},"mobile":{"video":"https://coub-anubis-a.akamaized.net/coub_storage/coub/simple/cw_file/b4327537bc6/1b90503d076f26dde8abb/muted_mp4_med_size_1568244240_muted_med.mp4","audio":["https://coub-anubis-a.akamaized.net/coub_storage/coub/simple/cw_looped_audio_med/bf1aa131ca7/7dc0534f2c37aa2aa2fef/1605624601_med_1528460513_med.mp3"]},"share":{"default":"https://coub-anubis-a.akamaized.net/coub_storage/coub/simple/cw_video_for_sharing/8abfd506980/6ece6275505c75e384a44/1626357914_looped_1626357914.mp4"}},"audio_versions":{"template":"https://coub-anubis-a.akamaized.net/coub_storage/audio_track/cw_normalized_copy/370621c7ae5/8b404777976ab1c503a4b/mid_1528460474_1qikkm7_normalized_1528460219_audio.mp3","versions":["mid","low"]},"image_versions":{"template":"https://coub-anubis-a.akamaized.net/coub_storage/coub/simple/cw_image/d839e046ba8/a5e1656724a0d2bf4539f/1528460545_00005.jpg","versions":["micro","tiny","age_restricted","ios_large","ios_mosaic","big","med","small","pinterest"]},"first_frame_versions":{"template":"https://coub-anubis-a.akamaized.net/coub_storage/coub/simple/cw_timeline_pic/c54fac429fa/d31add52c812a702f7f9e/%{version}_1528460545_image.jpg","versions":["big","med","small","ios_large"]},"dimensions":{"big":[1280,908],"med":[640,454]},"site_w_h":[640,454],"page_w_h":[640,454],"site_w_h_small":[310,220],"size":[1280,908],"age_restricted":false,"age_restricted_by_admin":false,"not_safe_for_work":false,"allow_reuse":false,"dont_crop":false,"banned":false,"global_safe":true,"audio_file_url":"https://coub-anubis-a.akamaized.net/coub_storage/audio_track/cw_normalized_copy/370621c7ae5/8b404777976ab1c503a4b/low_1528460474_1qikkm7_normalized_1528460219_audio.mp3","external_download":false,"application":null,"channel":{"id":3967412,"permalink":"waxtown0","title":"WaxTown","description":"hi i am waxtown my vidioblog  ᴡᴡᴡⴰwaxtown.okobt.ru","followers_count":7501,"following_count":2165,"avatar_versions":{"template":"https://coub-anubis-a.akamaized.net/coub_storage/channel/cw_avatar/45c170ba165/331dd4d5a030f36af5f5a/%{version}_1607432472_c0rs7z_1513254562_Logo.png","versions":["medium","medium_2x","profile_pic","profile_pic_new","profile_pic_new_2x","tiny","tiny_2x","small","small_2x","ios_large","ios_small"]}},"file":null,"picture":"https://coub-anubis-a.akamaized.net/coub_storage/coub/simple/cw_image/d839e046ba8/a5e1656724a0d2bf4539f/1528460545_00005.jpg","timeline_picture":"https://coub-anubis-a.akamaized.net/coub_storage/coub/simple/cw_timeline_pic/c54fac429fa/d31add52c812a702f7f9e/ios_large_1528460545_image.jpg","small_picture":"https://coub-anubis-a.akamaized.net/coub_storage/coub/simple/cw_image/d839e046ba8/a5e1656724a0d2bf4539f/1528460545_00005.jpg","sharing_picture":null,"percent_done":100,"tags":[{"id":42486,"title":"sleepy hollow","value":"sleepy%20hollow"},{"id":2409,"title":"movies","value":"movies"},{"id":1558,"title":"film","value":"film"},{"id":379284,"title":"cinemagraphs","value":"cinemagraphs"},{"id":229,"title":"cinema","value":"cinema"},{"id":11517,"title":"mozart","value":"mozart"},{"id":3714,"title":"johnny depp","value":"johnny%20depp"}],"categories":[{"id":114,"title":"Live Pictures","permalink":"live-pictures","subscriptions_count":2028289,"big_image_url":"https://coub-anubis-a.akamaized.net/coub_storage/category/cw_image/6a781fee541/43bd1211431771697290d/big_1622039067_Live_pictures.png","small_image_url":"https://coub-anubis-a.akamaized.net/coub_storage/category/cw_image/6a781fee541/43bd1211431771697290d/small_1622039067_Live_pictures.png","med_image_url":"https://coub-anubis-a.akamaized.net/coub_storage/category/cw_image/6a781fee541/43bd1211431771697290d/med_1622039067_Live_pictures.png","visible":true}],"communities":[{"id":114,"title":"Live Pictures","permalink":"live-pictures","subscriptions_count":2028289,"big_image_url":"https://coub-anubis-a.akamaized.net/coub_storage/category/cw_image/6a781fee541/43bd1211431771697290d/big_1622039067_Live_pictures.png","small_image_url":"https://coub-anubis-a.akamaized.net/coub_storage/category/cw_image/6a781fee541/43bd1211431771697290d/small_1622039067_Live_pictures.png","med_image_url":"https://coub-anubis-a.akamaized.net/coub_storage/category/cw_image/6a781fee541/43bd1211431771697290d/med_1622039067_Live_pictures.png","i_subscribed":true,"community_notifications_enabled":null,"description":null}],"recoubs_count":48,"remixes_count":1,"likes_count":406,"dislikes_count":0,"raw_video_id":11848163,"uploaded_by_ios_app":false,"uploaded_by_android_app":false,"media_blocks":{"uploaded_raw_videos":[],"external_raw_videos":[],"remixed_from_coubs":[]},"raw_video_thumbnail_url":"/missing/missing.png","raw_video_title":"sleepy_hollow.gif","video_block_banned":false,"duration":1.48,"promo_winner":false,"promo_winner_recoubers":null,"editorial_info":{},"promo_hint":null,"beeline_best_2014":null,"from_web_editor":true,"normalize_sound":true,"normalize_change_allowed":true,"best2015_addable":false,"ahmad_promo":null,"promo_data":null,"audio_copyright_claim":null,"ads_disabled":false,"is_safe_for_ads":true,"megafon_contents":[],"position_on_page":8},{"flag":null,"abuses":null,"recoubs_by_users_channels":null,"favourite":false,"promoted_id":null,"recoub":null,"like":null,"dislike":null,"reaction":null,"in_my_best2015":false,"id":75791815,"type":"Coub::Simple","permalink":"18pmqb","title":"'Waiting'","visibility_type":"public","original_visibility_type":"public","channel_id":3967412,"created_at":"2018-05-30T11:29:13Z","updated_at":"2022-03-03T15:30:46Z","is_done":true,"views_count":74777,"cotd":null,"cotd_at":null,"visible_on_explore_root":true,"visible_on_explore":true,"featured":true,"published":true,"published_at":"2018-05-30T11:29:13Z","reversed":false,"from_editor_v2":true,"is_editable":true,"original_sound":false,"has_sound":false,"recoub_to":null,"file_versions":{"html5":{"video":{"higher":{"url":"https://coub-anubis-a.akamaized.net/coub_storage/coub/simple/cw_file/e81ceeda19c/fef21ab0fb2bee23aaa55/muted_mp4_huge_size_1568240384_muted_huge.mp4","size":896694},"high":{"url":"https://coub-anubis-a.akamaized.net/coub_storage/coub/simple/cw_file/e81ceeda19c/fef21ab0fb2bee23aaa55/muted_mp4_big_size_1568240384_muted_big.mp4","size":567945},"med":{"url":"https://coub-anubis-a.akamaized.net/coub_storage/coub/simple/cw_file/e81ceeda19c/fef21ab0fb2bee23aaa55/muted_mp4_med_size_1568240384_muted_med.mp4","size":71505}},"audio":{"high":{"url":"https://coub-anubis-a.akamaized.net/coub_storage/coub/simple/cw_looped_audio_high/09e2f2fb021/9e4401e6bcca7e06b8b32/1605626526_high_1527679762_high.mp3","size":651049},"med":{"url":"https://coub-anubis-a.akamaized.net/coub_storage/coub/simple/cw_looped_audio_med/0636c0e7641/28b70cc860036aa8ef9c0/1605626526_med_1527679762_med.mp3","size":480488}}},"mobile":{"video":"https://coub-anubis-a.akamaized.net/coub_storage/coub/simple/cw_file/e81ceeda19c/fef21ab0fb2bee23aaa55/muted_mp4_med_size_1568240384_muted_med.mp4","audio":["https://coub-anubis-a.akamaized.net/coub_storage/coub/simple/cw_looped_audio_med/0636c0e7641/28b70cc860036aa8ef9c0/1605626526_med_1527679762_med.mp3"]},"share":{"default":null}},"audio_versions":{"template":"https://coub-anubis-a.akamaized.net/coub_storage/audio_track/cw_normalized_copy/5e02ca6d8f4/d918e354aa715712d9bae/mid_1527679759_1q02j02_normalized_1527679692_audio.mp3","versions":["mid","low"]},"image_versions":{"template":"https://coub-anubis-a.akamaized.net/coub_storage/coub/simple/cw_image/3fcf79cfbe4/afa01db22c3cc6eaabc1f/1527679765_00023.jpg","versions":["micro","tiny","age_restricted","ios_large","ios_mosaic","big","med","small","pinterest"]},"first_frame_versions":{"template":"https://coub-anubis-a.akamaized.net/coub_storage/coub/simple/cw_timeline_pic/18e2515a1f1/d62fd58ce980ba647cb36/%{version}_1527679765_image.jpg","versions":["big","med","small","ios_large"]},"dimensions":{"big":[1280,534],"med":[640,266]},"site_w_h":[640,267],"page_w_h":[640,267],"site_w_h_small":[310,129],"size":[1280,534],"age_restricted":false,"age_restricted_by_admin":false,"not_safe_for_work":false,"allow_reuse":false,"dont_crop":false,"banned":false,"global_safe":true,"audio_file_url":"https://coub-anubis-a.akamaized.net/coub_storage/audio_track/cw_normalized_copy/5e02ca6d8f4/d918e354aa715712d9bae/low_1527679759_1q02j02_normalized_1527679692_audio.mp3","external_download":false,"application":null,"channel":{"id":3967412,"permalink":"waxtown0","title":"WaxTown","description":"hi i am waxtown my vidioblog  ᴡᴡᴡⴰwaxtown.okobt.ru","followers_count":7501,"following_count":2165,"avatar_versions":{"template":"https://coub-anubis-a.akamaized.net/coub_storage/channel/cw_avatar/45c170ba165/331dd4d5a030f36af5f5a/%{version}_1607432472_c0rs7z_1513254562_Logo.png","versions":["medium","medium_2x","profile_pic","profile_pic_new","profile_pic_new_2x","tiny","tiny_2x","small","small_2x","ios_large","ios_small"]}},"file":null,"picture":"https://coub-anubis-a.akamaized.net/coub_storage/coub/simple/cw_image/3fcf79cfbe4/afa01db22c3cc6eaabc1f/1527679765_00023.jpg","timeline_picture":"https://coub-anubis-a.akamaized.net/coub_storage/coub/simple/cw_timeline_pic/18e2515a1f1/d62fd58ce980ba647cb36/ios_large_1527679765_image.jpg","small_picture":"https://coub-anubis-a.akamaized.net/coub_storage/coub/simple/cw_image/3fcf79cfbe4/afa01db22c3cc6eaabc1f/1527679765_00023.jpg","sharing_picture":null,"percent_done":100,"tags":[{"id":2409,"title":"movies","value":"movies"},{"id":26736,"title":"gifs","value":"gifs"},{"id":1558,"title":"film","value":"film"},{"id":229,"title":"cinema","value":"cinema"},{"id":2931850,"title":"the devils candy","value":"the%20devils%20candy"},{"id":379284,"title":"cinemagraphs","value":"cinemagraphs"}],"categories":[{"id":114,"title":"Live Pictures","permalink":"live-pictures","subscriptions_count":2028289,"big_image_url":"https://coub-anubis-a.akamaized.net/coub_storage/category/cw_image/6a781fee541/43bd1211431771697290d/big_1622039067_Live_pictures.png","small_image_url":"https://coub-anubis-a.akamaized.net/coub_storage/category/cw_image/6a781fee541/43bd1211431771697290d/small_1622039067_Live_pictures.png","med_image_url":"https://coub-anubis-a.akamaized.net/coub_storage/category/cw_image/6a781fee541/43bd1211431771697290d/med_1622039067_Live_pictures.png","visible":true}],"communities":[{"id":114,"title":"Live Pictures","permalink":"live-pictures","subscriptions_count":2028289,"big_image_url":"https://coub-anubis-a.akamaized.net/coub_storage/category/cw_image/6a781fee541/43bd1211431771697290d/big_1622039067_Live_pictures.png","small_image_url":"https://coub-anubis-a.akamaized.net/coub_storage/category/cw_image/6a781fee541/43bd1211431771697290d/small_1622039067_Live_pictures.png","med_image_url":"https://coub-anubis-a.akamaized.net/coub_storage/category/cw_image/6a781fee541/43bd1211431771697290d/med_1622039067_Live_pictures.png","i_subscribed":true,"community_notifications_enabled":null,"description":null}],"recoubs_count":45,"remixes_count":1,"likes_count":406,"dislikes_count":0,"raw_video_id":11795683,"uploaded_by_ios_app":false,"uploaded_by_android_app":false,"media_blocks":{"uploaded_raw_videos":[],"external_raw_videos":[],"remixed_from_coubs":[]},"raw_video_thumbnail_url":"/missing/missing.png","raw_video_title":"tdc_wm.gif","video_block_banned":false,"duration":7.16,"promo_winner":false,"promo_winner_recoubers":null,"editorial_info":{},"promo_hint":null,"beeline_best_2014":null,"from_web_editor":true,"normalize_sound":true,"normalize_change_allowed":true,"best2015_addable":false,"ahmad_promo":null,"promo_data":null,"audio_copyright_claim":null,"ads_disabled":false,"is_safe_for_ads":true,"megafon_contents":[],"position_on_page":9},{"flag":null,"abuses":null,"recoubs_by_users_channels":null,"favourite":false,"promoted_id":null,"recoub":null,"like":null,"dislike":null,"reaction":null,"in_my_best2015":false,"id":177862999,"type":"Coub::Simple","permalink":"2xjqvr","title":"Bad Company","visibility_type":"public","original_visibility_type":"public","channel_id":4132362,"created_at":"2021-10-30T15:45:09Z","updated_at":"2022-03-16T10:12:32Z","is_done":true,"views_count":59719,"cotd":null,"cotd_at":null,"visible_on_explore_root":false,"visible_on_explore":false,"featured":false,"published":true,"published_at":"2021-10-30T15:45:09Z","reversed":true,"from_editor_v2":true,"is_editable":true,"original_sound":false,"has_sound":false,"recoub_to":null,"file_versions":{"html5":{"video":{"higher":{"url":"https://coub-anubis-a.akamaized.net/coub_storage/coub/simple/cw_file/63bd477fb89/8194e78d935ebb3dd87d9/muted_mp4_huge_size_1636130542_muted_huge.mp4","size":3966586},"high":{"url":"https://coub-anubis-a.akamaized.net/coub_storage/coub/simple/cw_file/63bd477fb89/8194e78d935ebb3dd87d9/muted_mp4_big_size_1636130542_muted_big.mp4","size":2395512},"med":{"url":"https://coub-anubis-a.akamaized.net/coub_storage/coub/simple/cw_file/63bd477fb89/8194e78d935ebb3dd87d9/muted_mp4_med_size_1636130542_muted_med.mp4","size":810825}},"audio":{"high":{"url":"https://coub-anubis-a.akamaized.net/coub_storage/coub/simple/cw_looped_audio_high/8fe10114e15/791e575428b6df7df2046/1636130563_mp3-high.mp3","size":2845229},"med":{"url":"https://coub-anubis-a.akamaized.net/coub_storage/coub/simple/cw_looped_audio_med/c991eacc9b6/eb98b464a395e373c633c/1636130560_mp3-med.mp3","size":2085724}}},"mobile":{"video":"https://coub-anubis-a.akamaized.net/coub_storage/coub/simple/cw_file/63bd477fb89/8194e78d935ebb3dd87d9/muted_mp4_med_size_1636130542_muted_med.mp4","audio":["https://coub-anubis-a.akamaized.net/coub_storage/coub/simple/cw_looped_audio_med/c991eacc9b6/eb98b464a395e373c633c/1636130560_mp3-med.mp3"]},"share":{"default":"https://coub-anubis-a.akamaized.net/coub_storage/coub/simple/cw_video_for_sharing/13afa9535ff/84a26dfef5577a66db864/1636130600_looped_1636130599.mp4"}},"audio_versions":{"template":"https://coub-anubis-a.akamaized.net/coub_storage/audio_track/cw_file/4d9ce6bd944/c127184f1303d0f575fc6/mid_1636130545_5mpjrh_edited.mp3","versions":["mid","low"]},"image_versions":{"template":"https://coub-anubis-a.akamaized.net/coub_storage/coub/simple/cw_image/35edcc6f259/4d626891b8ca64e8b769a/%{version}_1636130570_00063.jpg","versions":["micro","tiny","age_restricted","ios_large","ios_mosaic","big","med","small","pinterest"]},"first_frame_versions":{"template":"https://coub-anubis-a.akamaized.net/coub_storage/coub/simple/cw_timeline_pic/2e4634d3e7c/f03cd5dbbe7cb83452cc5/%{version}_1636130569_image.jpg","versions":["big","med","small","ios_large"]},"dimensions":{"big":[538,960],"med":[268,480]},"site_w_h":[224,400],"page_w_h":[400,714],"site_w_h_small":[310,553],"size":[538,960],"age_restricted":false,"age_restricted_by_admin":false,"not_safe_for_work":null,"allow_reuse":false,"dont_crop":true,"banned":false,"global_safe":null,"audio_file_url":"https://coub-anubis-a.akamaized.net/coub_storage/audio_track/cw_file/4d9ce6bd944/c127184f1303d0f575fc6/low_1636130545_5mpjrh_edited.mp3","external_download":false,"application":null,"channel":{"id":4132362,"permalink":"skip2719","title":"don't skip the life of music ☘","description":"КОУБ ЖИВИ. ЕСЛИ ТЫ НЕ ВИДИШЬ, ТО Я ВМЕСТО ТЕБЯ...","followers_count":158,"following_count":69,"avatar_versions":{"template":"https://coub-anubis-a.akamaized.net/coub_storage/channel/cw_avatar/9076eb0caf1/b156186b474b7d48aa725/%{version}_1644387235_EkxN9H-U0AAuQdo__2___29___6_.png","versions":["medium","medium_2x","profile_pic","profile_pic_new","profile_pic_new_2x","tiny","tiny_2x","small","small_2x","ios_large","ios_small"]}},"file":null,"picture":"https://coub-anubis-a.akamaized.net/coub_storage/coub/simple/cw_image/35edcc6f259/4d626891b8ca64e8b769a/med_1636130570_00063.jpg","timeline_picture":"https://coub-anubis-a.akamaized.net/coub_storage/coub/simple/cw_timeline_pic/2e4634d3e7c/f03cd5dbbe7cb83452cc5/ios_large_1636130569_image.jpg","small_picture":"https://coub-anubis-a.akamaized.net/coub_storage/coub/simple/cw_image/35edcc6f259/4d626891b8ca64e8b769a/ios_mosaic_1636130570_00063.jpg","sharing_picture":null,"percent_done":100,"tags":[{"id":6539528,"title":"halloween_times","value":"halloween_times"},{"id":6547165,"title":"one true god & le castle vania - bad company","value":"one%20true%20god%20&%20le%20castle%20vania%20-%20bad%20company"},{"id":2049827,"title":"one true god","value":"one%20true%20god"},{"id":313231,"title":"le castle vania","value":"le%20castle%20vania"},{"id":20845,"title":"bad company","value":"bad%20company"},{"id":3072,"title":"art","value":"art"},{"id":9570,"title":"арт","value":"%D0%B0%D1%80%D1%82"},{"id":86,"title":"music","value":"music"},{"id":1160,"title":"музыка","value":"%D0%BC%D1%83%D0%B7%D1%8B%D0%BA%D0%B0"},{"id":3364517,"title":"honkai impact","value":"honkai%20impact"},{"id":4017172,"title":"honkai impact 3rd","value":"honkai%20impact%203rd"},{"id":3518322,"title":"honkai impact 3","value":"honkai%20impact%203"},{"id":164,"title":"аниме","value":"%D0%B0%D0%BD%D0%B8%D0%BC%D0%B5"},{"id":165,"title":"anime","value":"anime"},{"id":1140,"title":"game","value":"game"},{"id":5118,"title":"игра","value":"%D0%B8%D0%B3%D1%80%D0%B0"},{"id":6026,"title":"halloween","value":"halloween"},{"id":59270,"title":"хэллоуин","value":"%D1%85%D1%8D%D0%BB%D0%BB%D0%BE%D1%83%D0%B8%D0%BD"},{"id":2484035,"title":"mihoyo","value":"mihoyo"},{"id":6547166,"title":"готовы к хэллоуину?","value":"%D0%B3%D0%BE%D1%82%D0%BE%D0%B2%D1%8B%20%D0%BA%20%D1%85%D1%8D%D0%BB%D0%BB%D0%BE%D1%83%D0%B8%D0%BD%D1%83?"},{"id":6547167,"title":"ready for halloween?","value":"ready%20for%20halloween?"},{"id":4123672,"title":"bronya","value":"bronya"},{"id":5227176,"title":"liliya","value":"liliya"},{"id":5227175,"title":"rozaliya","value":"rozaliya"},{"id":5233559,"title":"rozaliya olenyeva","value":"rozaliya%20olenyeva"},{"id":4964297,"title":"liliya olenyeva","value":"liliya%20olenyeva"},{"id":4549498,"title":"bronya zaychik","value":"bronya%20zaychik"},{"id":50,"title":"coub","value":"coub"},{"id":8755,"title":"коуб","value":"%D0%BA%D0%BE%D1%83%D0%B1"}],"categories":[{"id":114,"title":"Live Pictures","permalink":"live-pictures","subscriptions_count":2028289,"big_image_url":"https://coub-anubis-a.akamaized.net/coub_storage/category/cw_image/6a781fee541/43bd1211431771697290d/big_1622039067_Live_pictures.png","small_image_url":"https://coub-anubis-a.akamaized.net/coub_storage/category/cw_image/6a781fee541/43bd1211431771697290d/small_1622039067_Live_pictures.png","med_image_url":"https://coub-anubis-a.akamaized.net/coub_storage/category/cw_image/6a781fee541/43bd1211431771697290d/med_1622039067_Live_pictures.png","visible":true}],"communities":[{"id":114,"title":"Live Pictures","permalink":"live-pictures","subscriptions_count":2028289,"big_image_url":"https://coub-anubis-a.akamaized.net/coub_storage/category/cw_image/6a781fee541/43bd1211431771697290d/big_1622039067_Live_pictures.png","small_image_url":"https://coub-anubis-a.akamaized.net/coub_storage/category/cw_image/6a781fee541/43bd1211431771697290d/small_1622039067_Live_pictures.png","med_image_url":"https://coub-anubis-a.akamaized.net/coub_storage/category/cw_image/6a781fee541/43bd1211431771697290d/med_1622039067_Live_pictures.png","i_subscribed":true,"community_notifications_enabled":null,"description":null}],"recoubs_count":87,"remixes_count":0,"likes_count":405,"dislikes_count":0,"raw_video_id":16885211,"uploaded_by_ios_app":false,"uploaded_by_android_app":false,"media_blocks":{"uploaded_raw_videos":[],"external_raw_videos":[],"remixed_from_coubs":[]},"raw_video_thumbnail_url":"https://coub-anubis-a.akamaized.net/coub_storage/raw_video/cw_image/33bf537041d/83c46e2f1a3bfb8723300/coub_media_1635605365_image.jpg","raw_video_title":"15739e0b3fe222c50dc222565252c769.mp4","video_block_banned":false,"duration":19.84,"promo_winner":false,"promo_winner_recoubers":null,"editorial_info":{},"promo_hint":null,"beeline_best_2014":null,"from_web_editor":true,"normalize_sound":false,"normalize_change_allowed":true,"best2015_addable":false,"ahmad_promo":null,"promo_data":null,"audio_copyright_claim":null,"ads_disabled":null,"is_safe_for_ads":true,"megafon_contents":[],"position_on_page":10}]}