{"page":6,"per_page":10,"total_pages":500,"coubs":[{"flag":null,"abuses":null,"recoubs_by_users_channels":null,"favourite":false,"promoted_id":null,"recoub":null,"like":null,"dislike":null,"reaction":null,"in_my_best2015":false,"id":56845139,"type":"Coub::Simple","permalink":"xe8yp","title":"Blade Runner 2049 29","visibility_type":"public","original_visibility_type":"public","channel_id":3590746,"created_at":"2017-09-05T02:32:02Z","updated_at":"2022-03-16T08:47:53Z","is_done":true,"views_count":255410,"cotd":null,"cotd_at":null,"visible_on_explore_root":true,"visible_on_explore":true,"featured":true,"published":true,"published_at":"2017-09-05T02:32:01Z","reversed":false,"from_editor_v2":true,"is_editable":true,"original_sound":false,"has_sound":false,"recoub_to":null,"file_versions":{"html5":{"video":{"higher":{"url":"https://coub-anubis-a.akamaized.net/coub_storage/coub/simple/cw_file/d27d7539236/eea880c161c2667be0e7a/muted_mp4_huge_size_1568144063_muted_huge.mp4","size":1556727},"high":{"url":"https://coub-anubis-a.akamaized.net/coub_storage/coub/simple/cw_file/d27d7539236/eea880c161c2667be0e7a/muted_mp4_big_size_1568144063_muted_big.mp4","size":1318324},"med":{"url":"https://coub-anubis-a.akamaized.net/coub_storage/coub/simple/cw_file/d27d7539236/eea880c161c2667be0e7a/muted_mp4_med_size_1568144063_muted_med.mp4","size":233199}},"audio":{"high":{"url":"https://coub-anubis-a.akamaized.net/coub_storage/coub/simple/cw_looped_audio_high/29cc131cd76/162ffc24ba9e300e6abc6/1605566791_high_1504578761_high.mp3","size":3266876},"med":{"url":"https://coub-anubis-a.akamaized.net/coub_storage/coub/simple/cw_looped_audio_med/5c683ff173a/65649b3cd710b67d53cbe/1605566790_med_1504578761_med.mp3","size":2442056}}},"mobile":{"video":"https://coub-anubis-a.akamaized.net/coub_storage/coub/simple/cw_file/d27d7539236/eea880c161c2667be0e7a/muted_mp4_med_size_1568144063_muted_med.mp4","audio":["https://coub-anubis-a.akamaized.net/coub_storage/coub/simple/cw_looped_audio_med/5c683ff173a/65649b3cd710b67d53cbe/1605566790_med_1504578761_med.mp3"]},"share":{"default":"https://coub-anubis-a.akamaized.net/coub_storage/coub/simple/cw_video_for_sharing/44c501b2690/ce49d8744191efe9bfa45/1608154135_looped_1608154135.mp4"}},"audio_versions":{"template":"https://coub-anubis-a.akamaized.net/coub_storage/audio_track/cw_file/169f3f711b1/8a61911c76948bc781dc8/mid_1504578739_1wyy69e_edited.mp3","versions":["mid","low"]},"image_versions":{"template":"https://coub-anubis-a.akamaized.net/coub_storage/coub/simple/cw_image/59df9296837/1265ae0ce9ecd41b81b70/1504578775_00030.jpg","versions":["micro","tiny","age_restricted","ios_large","ios_mosaic","big","med","small","pinterest"]},"first_frame_versions":{"template":"https://coub-anubis-a.akamaized.net/coub_storage/coub/simple/cw_timeline_pic/89ab79acaab/056a9ec9ca6cf7c09f462/%{version}_1504578774_image.jpg","versions":["big","med","small","ios_large"]},"dimensions":{"big":[1280,500],"med":[640,250]},"site_w_h":[640,250],"page_w_h":[640,250],"site_w_h_small":[310,121],"size":[1280,500],"age_restricted":false,"age_restricted_by_admin":false,"not_safe_for_work":false,"allow_reuse":false,"dont_crop":false,"banned":false,"global_safe":true,"audio_file_url":"https://coub-anubis-a.akamaized.net/coub_storage/audio_track/cw_file/169f3f711b1/8a61911c76948bc781dc8/low_1504578739_1wyy69e_edited.mp3","external_download":false,"application":null,"channel":{"id":3590746,"permalink":"freezeframe","title":"Freeze frame","description":"Freeze frame coubs channel","followers_count":8175,"following_count":0,"avatar_versions":{"template":"https://coub-anubis-a.akamaized.net/coub_storage/channel/cw_avatar/7276c60c74f/4115346aa1ad49e7bdf82/%{version}_1607432325_84dk5_1495362298_mpl01.jpg","versions":["medium","medium_2x","profile_pic","profile_pic_new","profile_pic_new_2x","tiny","tiny_2x","small","small_2x","ios_large","ios_small"]}},"file":null,"picture":"https://coub-anubis-a.akamaized.net/coub_storage/coub/simple/cw_image/59df9296837/1265ae0ce9ecd41b81b70/1504578775_00030.jpg","timeline_picture":"https://coub-anubis-a.akamaized.net/coub_storage/coub/simple/cw_timeline_pic/89ab79acaab/056a9ec9ca6cf7c09f462/ios_large_1504578774_image.jpg","small_picture":"https://coub-anubis-a.akamaized.net/coub_storage/coub/simple/cw_image/59df9296837/1265ae0ce9ecd41b81b70/1504578775_00030.jpg","sharing_picture":null,"percent_done":100,"tags":[{"id":1033,"title":"blade runner","value":"blade%20runner"},{"id":2435561,"title":"blade runner 2049","value":"blade%20runner%202049"},{"id":73244,"title":"movie moments","value":"movie%20moments"},{"id":132058,"title":"freeze frame","value":"freeze%20frame"},{"id":49603,"title":"cinemagraph","value":"cinemagraph"},{"id":379284,"title":"cinemagraphs","value":"cinemagraphs"},{"id":203830,"title":"denis villeneuve","value":"denis%20villeneuve"},{"id":2413,"title":"ryan gosling","value":"ryan%20gosling"},{"id":154,"title":"movie","value":"movie"},{"id":33595,"title":"cyberpunk","value":"cyberpunk"},{"id":414,"title":"future","value":"future"},{"id":6941,"title":"geek","value":"geek"},{"id":25163,"title":"hologram","value":"hologram"},{"id":3297769,"title":"vitaliy zavadskyy - blade runner","value":"vitaliy%20zavadskyy%20-%20blade%20runner"}],"categories":[{"id":114,"title":"Live Pictures","permalink":"live-pictures","subscriptions_count":2028289,"big_image_url":"https://coub-anubis-a.akamaized.net/coub_storage/category/cw_image/6a781fee541/43bd1211431771697290d/big_1622039067_Live_pictures.png","small_image_url":"https://coub-anubis-a.akamaized.net/coub_storage/category/cw_image/6a781fee541/43bd1211431771697290d/small_1622039067_Live_pictures.png","med_image_url":"https://coub-anubis-a.akamaized.net/coub_storage/category/cw_image/6a781fee541/43bd1211431771697290d/med_1622039067_Live_pictures.png","visible":true}],"communities":[{"id":114,"title":"Live Pictures","permalink":"live-pictures","subscriptions_count":2028289,"big_image_url":"https://coub-anubis-a.akamaized.net/coub_storage/category/cw_image/6a781fee541/43bd1211431771697290d/big_1622039067_Live_pictures.png","small_image_url":"https://coub-anubis-a.akamaized.net/coub_storage/category/cw_image/6a781fee541/43bd1211431771697290d/small_1622039067_Live_pictures.png","med_image_url":"https://coub-anubis-a.akamaized.net/coub_storage/category/cw_image/6a781fee541/43bd1211431771697290d/med_1622039067_Live_pictures.png","i_subscribed":true,"community_notifications_enabled":null,"description":null}],"recoubs_count":900,"remixes_count":14,"likes_count":4419,"dislikes_count":0,"raw_video_id":10201903,"uploaded_by_ios_app":false,"uploaded_by_android_app":false,"media_blocks":{"uploaded_raw_videos":[],"external_raw_videos":[],"remixed_from_coubs":[]},"raw_video_thumbnail_url":"/missing/missing.png","raw_video_title":"br01a.mp4","video_block_banned":false,"duration":9.56,"promo_winner":false,"promo_winner_recoubers":null,"editorial_info":{},"promo_hint":null,"beeline_best_2014":null,"from_web_editor":true,"normalize_sound":false,"normalize_change_allowed":true,"best2015_addable":false,"ahmad_promo":null,"promo_data":null,"audio_copyright_claim":null,"ads_disabled":false,"is_safe_for_ads":true,"megafon_contents":[],"position_on_page":1},{"flag":null,"abuses":null,"recoubs_by_users_channels":null,"favourite":false,"promoted_id":null,"recoub":null,"like":null,"dislike":null,"reaction":null,"in_my_best2015":false,"id":172302590,"type":"Coub::Simple","permalink":"2u8kez","title":"Tranquil","visibility_type":"public","original_visibility_type":"public","channel_id":4164153,"created_at":"2021-07-17T07:23:00Z","updated_at":"2022-03-16T09:24:06Z","is_done":true,"views_count":678920,"cotd":true,"cotd_at":"2021-07-18","visible_on_explore_root":true,"visible_on_explore":true,"featured":true,"published":true,"published_at":"2021-07-17T07:27:24Z","reversed":false,"from_editor_v2":true,"is_editable":true,"original_sound":false,"has_sound":false,"recoub_to":null,"file_versions":{"html5":{"video":{"higher":{"url":"https://coub-anubis-a.akamaized.net/coub_storage/coub/simple/cw_file/ef1c1442a77/63b95381564009e59bfe4/muted_mp4_huge_size_1626506591_muted_huge.mp4","size":2469928},"high":{"url":"https://coub-anubis-a.akamaized.net/coub_storage/coub/simple/cw_file/ef1c1442a77/63b95381564009e59bfe4/muted_mp4_big_size_1626506591_muted_big.mp4","size":1880811},"med":{"url":"https://coub-anubis-a.akamaized.net/coub_storage/coub/simple/cw_file/ef1c1442a77/63b95381564009e59bfe4/muted_mp4_med_size_1626506591_muted_med.mp4","size":195652}},"audio":{"high":{"url":"https://coub-anubis-a.akamaized.net/coub_storage/coub/simple/cw_looped_audio_high/ecfe9975f5d/881c9e314299f28e10435/1626506598_mp3-high.mp3","size":1835122},"med":{"url":"https://coub-anubis-a.akamaized.net/coub_storage/coub/simple/cw_looped_audio_med/09cdaefff69/bae73081bb55f2e1044f9/1626506597_mp3-med.mp3","size":1246100}}},"mobile":{"video":"https://coub-anubis-a.akamaized.net/coub_storage/coub/simple/cw_file/ef1c1442a77/63b95381564009e59bfe4/muted_mp4_med_size_1626506591_muted_med.mp4","audio":["https://coub-anubis-a.akamaized.net/coub_storage/coub/simple/cw_looped_audio_med/09cdaefff69/bae73081bb55f2e1044f9/1626506597_mp3-med.mp3"]},"share":{"default":"https://coub-anubis-a.akamaized.net/coub_storage/coub/simple/cw_video_for_sharing/b74d6aca08e/e4ca2117356a9217c3b5a/1626506625_looped_1626506624.mp4"}},"audio_versions":{"template":"https://coub-anubis-a.akamaized.net/coub_storage/audio_track/cw_file/8a51853691d/c2bcf9dd855d78b896721/mid_1626506406_audio.mp3","versions":["mid","low"]},"image_versions":{"template":"https://coub-anubis-a.akamaized.net/coub_storage/coub/simple/cw_image/6a8d6787f54/77f8d5979076ce52b83df/%{version}_1626506603_00031.jpg","versions":["micro","tiny","age_restricted","ios_large","ios_mosaic","big","med","small","pinterest"]},"first_frame_versions":{"template":"https://coub-anubis-a.akamaized.net/coub_storage/coub/simple/cw_timeline_pic/061110b8744/7c330bd2297cb3df8ac9e/%{version}_1626506602_image.jpg","versions":["big","med","small","ios_large"]},"dimensions":{"big":[1280,692],"med":[640,346]},"site_w_h":[640,346],"page_w_h":[640,346],"site_w_h_small":[310,168],"size":[1280,692],"age_restricted":false,"age_restricted_by_admin":false,"not_safe_for_work":false,"allow_reuse":false,"dont_crop":true,"banned":false,"global_safe":true,"audio_file_url":"https://coub-anubis-a.akamaized.net/coub_storage/audio_track/cw_file/8a51853691d/c2bcf9dd855d78b896721/low_1626506406_audio.mp3","external_download":false,"application":null,"channel":{"id":4164153,"permalink":"marvellous","title":"Marvellous","description":"to be continued | inst | evgenyarsenev","followers_count":4707,"following_count":245,"avatar_versions":{"template":"https://coub-anubis-a.akamaized.net/coub_storage/channel/cw_avatar/29011479e7a/df7efaed0f59e34f0e7fe/%{version}_1613046345_tumblr_543745393924121cea52aee7c55aa1c7_cd6121cd_250.png","versions":["medium","medium_2x","profile_pic","profile_pic_new","profile_pic_new_2x","tiny","tiny_2x","small","small_2x","ios_large","ios_small"]}},"file":null,"picture":"https://coub-anubis-a.akamaized.net/coub_storage/coub/simple/cw_image/6a8d6787f54/77f8d5979076ce52b83df/med_1626506603_00031.jpg","timeline_picture":"https://coub-anubis-a.akamaized.net/coub_storage/coub/simple/cw_timeline_pic/061110b8744/7c330bd2297cb3df8ac9e/ios_large_1626506602_image.jpg","small_picture":"https://coub-anubis-a.akamaized.net/coub_storage/coub/simple/cw_image/6a8d6787f54/77f8d5979076ce52b83df/ios_mosaic_1626506603_00031.jpg","sharing_picture":null,"percent_done":100,"tags":[{"id":55132,"title":"columbus","value":"columbus"},{"id":73244,"title":"movie moments","value":"movie%20moments"},{"id":1558,"title":"film","value":"film"},{"id":154,"title":"movie","value":"movie"},{"id":5763234,"title":"колумбус","value":"%D0%BA%D0%BE%D0%BB%D1%83%D0%BC%D0%B1%D1%83%D1%81"},{"id":218577,"title":"live pictures","value":"live%20pictures"},{"id":290498,"title":"living photos","value":"living%20photos"}],"categories":[{"id":114,"title":"Live Pictures","permalink":"live-pictures","subscriptions_count":2028289,"big_image_url":"https://coub-anubis-a.akamaized.net/coub_storage/category/cw_image/6a781fee541/43bd1211431771697290d/big_1622039067_Live_pictures.png","small_image_url":"https://coub-anubis-a.akamaized.net/coub_storage/category/cw_image/6a781fee541/43bd1211431771697290d/small_1622039067_Live_pictures.png","med_image_url":"https://coub-anubis-a.akamaized.net/coub_storage/category/cw_image/6a781fee541/43bd1211431771697290d/med_1622039067_Live_pictures.png","visible":true}],"communities":[{"id":114,"title":"Live Pictures","permalink":"live-pictures","subscriptions_count":2028289,"big_image_url":"https://coub-anubis-a.akamaized.net/coub_storage/category/cw_image/6a781fee541/43bd1211431771697290d/big_1622039067_Live_pictures.png","small_image_url":"https://coub-anubis-a.akamaized.net/coub_storage/category/cw_image/6a781fee541/43bd1211431771697290d/small_1622039067_Live_pictures.png","med_image_url":"https://coub-anubis-a.akamaized.net/coub_storage/category/cw_image/6a781fee541/43bd1211431771697290d/med_1622039067_Live_pictures.png","i_subscribed":true,"community_notifications_enabled":null,"description":null}],"recoubs_count":712,"remixes_count":5,"likes_count":4414,"dislikes_count":0,"raw_video_id":16615102,"uploaded_by_ios_app":false,"uploaded_by_android_app":false,"media_blocks":{"uploaded_raw_videos":[],"external_raw_videos":[],"remixed_from_coubs":[]},"raw_video_thumbnail_url":"https://coub-anubis-a.akamaized.net/coub_storage/raw_video/cw_image/cfb1d9c9b4e/c6ed5723f8337a21e8cce/coub_media_1626506134_image.jpg","raw_video_title":"Columbus.2017.1080p.BluRay.Rus.Eng.TeamHD-DON.mp4","video_block_banned":false,"duration":9.72,"promo_winner":false,"promo_winner_recoubers":null,"editorial_info":{},"promo_hint":null,"beeline_best_2014":null,"from_web_editor":true,"normalize_sound":false,"normalize_change_allowed":true,"best2015_addable":false,"ahmad_promo":null,"promo_data":null,"audio_copyright_claim":null,"ads_disabled":false,"is_safe_for_ads":true,"megafon_contents":[],"position_on_page":2},{"flag":null,"abuses":null,"recoubs_by_users_channels":null,"favourite":false,"promoted_id":null,"recoub":null,"like":null,"dislike":null,"reaction":null,"in_my_best2015":false,"id":93202759,"type":"Coub::Simple","permalink":"1j30xe","title":"Simon Stalenhag - Bostadsmauer","visibility_type":"public","original_visibility_type":"public","channel_id":4936632,"created_at":"2018-12-02T22:23:56Z","updated_at":"2022-03-15T22:14:55Z","is_done":true,"views_count":299869,"cotd":null,"cotd_at":null,"visible_on_explore_root":true,"visible_on_explore":true,"featured":true,"published":true,"published_at":"2018-12-03T14:00:00Z","reversed":false,"from_editor_v2":true,"is_editable":true,"original_sound":false,"has_sound":false,"recoub_to":null,"file_versions":{"html5":{"video":{"higher":{"url":"https://coub-anubis-a.akamaized.net/coub_storage/coub/simple/cw_file/81c5ac062bb/b2eddb582ff63d9007574/muted_mp4_huge_size_1569525981_muted_huge.mp4","size":611600},"high":{"url":"https://coub-anubis-a.akamaized.net/coub_storage/coub/simple/cw_file/81c5ac062bb/b2eddb582ff63d9007574/muted_mp4_big_size_1569525981_muted_big.mp4","size":408279},"med":{"url":"https://coub-anubis-a.akamaized.net/coub_storage/coub/simple/cw_file/81c5ac062bb/b2eddb582ff63d9007574/muted_mp4_med_size_1569525981_muted_med.mp4","size":116526}},"audio":{"high":{"url":"https://coub-anubis-a.akamaized.net/coub_storage/coub/simple/cw_looped_audio_high/0d4266ccf0a/940bcb3990f3f631fb2c8/1605659312_high_1543789472_high.mp3","size":2792217},"med":{"url":"https://coub-anubis-a.akamaized.net/coub_storage/coub/simple/cw_looped_audio_med/a86cc68ba66/df053e94a74945311914f/1605659311_med_1543789472_med.mp3","size":1915072}}},"mobile":{"video":"https://coub-anubis-a.akamaized.net/coub_storage/coub/simple/cw_file/81c5ac062bb/b2eddb582ff63d9007574/muted_mp4_med_size_1569525981_muted_med.mp4","audio":["https://coub-anubis-a.akamaized.net/coub_storage/coub/simple/cw_looped_audio_med/a86cc68ba66/df053e94a74945311914f/1605659311_med_1543789472_med.mp3"]},"share":{"default":"https://coub-anubis-a.akamaized.net/coub_storage/coub/simple/cw_video_for_sharing/dd6e9ff526f/87cffb7a9f3840cf645d3/1608921179_looped_1608921179.mp4"}},"audio_versions":{"template":"https://coub-anubis-a.akamaized.net/coub_storage/audio_track/cw_file/571c6a4e84a/204b180954347d4266162/mid_1543789452_1ake3o0_edited.mp3","versions":["mid","low"]},"image_versions":{"template":"https://coub-anubis-a.akamaized.net/coub_storage/coub/simple/cw_image/d43408d8cb9/a6b7fcf0e77d661d7515e/1543789483_00032.jpg","versions":["micro","tiny","age_restricted","ios_large","ios_mosaic","big","med","small","pinterest"]},"first_frame_versions":{"template":"https://coub-anubis-a.akamaized.net/coub_storage/coub/simple/cw_timeline_pic/9a531ae9a50/08a7e3fe9985012b5a9e3/%{version}_1543789482_image.jpg","versions":["big","med","small","ios_large"]},"dimensions":{"big":[1002,960],"med":[500,480]},"site_w_h":[640,613],"page_w_h":[400,383],"site_w_h_small":[310,297],"size":[1002,960],"age_restricted":false,"age_restricted_by_admin":false,"not_safe_for_work":false,"allow_reuse":false,"dont_crop":false,"banned":false,"global_safe":true,"audio_file_url":"https://coub-anubis-a.akamaized.net/coub_storage/audio_track/cw_file/571c6a4e84a/204b180954347d4266162/low_1543789452_1ake3o0_edited.mp3","external_download":false,"application":null,"channel":{"id":4936632,"permalink":"stalenhag","title":"Simon Stålenhag","description":"Tales from the Loop","followers_count":4581,"following_count":0,"avatar_versions":{"template":"https://coub-anubis-a.akamaized.net/coub_storage/channel/cw_avatar/1d4946d3f15/b844a12860505d1e6aa23/%{version}_1607432510_13g57fp_1541106701_2.jpg","versions":["medium","medium_2x","profile_pic","profile_pic_new","profile_pic_new_2x","tiny","tiny_2x","small","small_2x","ios_large","ios_small"]}},"file":null,"picture":"https://coub-anubis-a.akamaized.net/coub_storage/coub/simple/cw_image/d43408d8cb9/a6b7fcf0e77d661d7515e/1543789483_00032.jpg","timeline_picture":"https://coub-anubis-a.akamaized.net/coub_storage/coub/simple/cw_timeline_pic/9a531ae9a50/08a7e3fe9985012b5a9e3/ios_large_1543789482_image.jpg","small_picture":"https://coub-anubis-a.akamaized.net/coub_storage/coub/simple/cw_image/d43408d8cb9/a6b7fcf0e77d661d7515e/1543789483_00032.jpg","sharing_picture":null,"percent_done":100,"tags":[{"id":3674759,"title":"mngs","value":"mngs"},{"id":3072,"title":"art","value":"art"},{"id":15545,"title":"sci-fi","value":"sci-fi"},{"id":414,"title":"future","value":"future"},{"id":424,"title":"animation","value":"animation"},{"id":5606,"title":"futuristic","value":"futuristic"},{"id":49603,"title":"cinemagraph","value":"cinemagraph"},{"id":379284,"title":"cinemagraphs","value":"cinemagraphs"},{"id":290498,"title":"living photos","value":"living%20photos"},{"id":2794262,"title":"simon stålenhag","value":"simon%20st%C3%A5lenhag"},{"id":1627754,"title":"simon stalenhag","value":"simon%20stalenhag"},{"id":448267,"title":"prepix","value":"prepix"},{"id":4490104,"title":"inside the courtyard of the berggården tower","value":"inside%20the%20courtyard%20of%20the%20bergg%C3%A5rden%20tower"},{"id":4167113,"title":"things from the flood","value":"things%20from%20the%20flood"},{"id":4490105,"title":"tales from the loop","value":"tales%20from%20the%20loop"},{"id":4160132,"title":"stålenhag","value":"st%C3%A5lenhag"},{"id":4512588,"title":"stalenhag","value":"stalenhag"},{"id":10170,"title":"after effects","value":"after%20effects"}],"categories":[{"id":114,"title":"Live Pictures","permalink":"live-pictures","subscriptions_count":2028289,"big_image_url":"https://coub-anubis-a.akamaized.net/coub_storage/category/cw_image/6a781fee541/43bd1211431771697290d/big_1622039067_Live_pictures.png","small_image_url":"https://coub-anubis-a.akamaized.net/coub_storage/category/cw_image/6a781fee541/43bd1211431771697290d/small_1622039067_Live_pictures.png","med_image_url":"https://coub-anubis-a.akamaized.net/coub_storage/category/cw_image/6a781fee541/43bd1211431771697290d/med_1622039067_Live_pictures.png","visible":true}],"communities":[{"id":114,"title":"Live Pictures","permalink":"live-pictures","subscriptions_count":2028289,"big_image_url":"https://coub-anubis-a.akamaized.net/coub_storage/category/cw_image/6a781fee541/43bd1211431771697290d/big_1622039067_Live_pictures.png","small_image_url":"https://coub-anubis-a.akamaized.net/coub_storage/category/cw_image/6a781fee541/43bd1211431771697290d/small_1622039067_Live_pictures.png","med_image_url":"https://coub-anubis-a.akamaized.net/coub_storage/category/cw_image/6a781fee541/43bd1211431771697290d/med_1622039067_Live_pictures.png","i_subscribed":true,"community_notifications_enabled":null,"description":null}],"recoubs_count":912,"remixes_count":51,"likes_count":4387,"dislikes_count":0,"raw_video_id":12799224,"uploaded_by_ios_app":false,"uploaded_by_android_app":false,"media_blocks":{"uploaded_raw_videos":[],"external_raw_videos":[],"remixed_from_coubs":[]},"raw_video_thumbnail_url":"/missing/missing.png","raw_video_title":"bostadsmauer_1920.mp4","video_block_banned":false,"duration":10.0,"promo_winner":false,"promo_winner_recoubers":null,"editorial_info":{},"promo_hint":null,"beeline_best_2014":null,"from_web_editor":true,"normalize_sound":false,"normalize_change_allowed":true,"best2015_addable":false,"ahmad_promo":null,"promo_data":null,"audio_copyright_claim":null,"ads_disabled":false,"is_safe_for_ads":true,"megafon_contents":[],"position_on_page":3},{"flag":null,"abuses":null,"recoubs_by_users_channels":null,"favourite":false,"promoted_id":null,"recoub":null,"like":null,"dislike":null,"reaction":null,"in_my_best2015":false,"id":102249102,"type":"Coub::Simple","permalink":"1ogx6p","title":"Painful memories","visibility_type":"public","original_visibility_type":"public","channel_id":1495117,"created_at":"2019-02-17T00:15:38Z","updated_at":"2022-03-16T03:49:36Z","is_done":true,"views_count":199967,"cotd":null,"cotd_at":null,"visible_on_explore_root":false,"visible_on_explore":false,"featured":false,"published":true,"published_at":"2019-02-17T03:11:53Z","reversed":false,"from_editor_v2":true,"is_editable":true,"original_sound":false,"has_sound":false,"recoub_to":null,"file_versions":{"html5":{"video":{"higher":{"url":"https://coub-anubis-a.akamaized.net/coub_storage/coub/simple/cw_file/d8fb1c79ea8/654d0835696532442371f/muted_mp4_huge_size_1569269798_muted_huge.mp4","size":487664},"high":{"url":"https://coub-anubis-a.akamaized.net/coub_storage/coub/simple/cw_file/d8fb1c79ea8/654d0835696532442371f/muted_mp4_big_size_1569269798_muted_big.mp4","size":452955},"med":{"url":"https://coub-anubis-a.akamaized.net/coub_storage/coub/simple/cw_file/d8fb1c79ea8/654d0835696532442371f/muted_mp4_med_size_1569269798_muted_med.mp4","size":91544}},"audio":{"high":{"url":"https://coub-anubis-a.akamaized.net/coub_storage/coub/simple/cw_looped_audio_high/12eb12ddc42/ea858798a0463399b6692/1605673132_high_1551566330_high.mp3","size":4989361},"med":{"url":"https://coub-anubis-a.akamaized.net/coub_storage/coub/simple/cw_looped_audio_med/083d3b54d0b/ef91442111f281db3963e/1605673131_med_1551566330_med.mp3","size":3520314}}},"mobile":{"video":"https://coub-anubis-a.akamaized.net/coub_storage/coub/simple/cw_file/d8fb1c79ea8/654d0835696532442371f/muted_mp4_med_size_1569269798_muted_med.mp4","audio":["https://coub-anubis-a.akamaized.net/coub_storage/coub/simple/cw_looped_audio_med/083d3b54d0b/ef91442111f281db3963e/1605673131_med_1551566330_med.mp3"]},"share":{"default":"https://coub-anubis-a.akamaized.net/coub_storage/coub/simple/cw_video_for_sharing/6bda67c5d9e/0286619414b17152dd224/1610895825_looped_1610895824.mp4"}},"audio_versions":{"template":"https://coub-anubis-a.akamaized.net/coub_storage/audio_track/cw_normalized_copy/360a29585c1/5b716dfc5155b93d34cac/mid_1551566313_normalized_1551566288_10awg7z_edited.mp3","versions":["mid","low"]},"image_versions":{"template":"https://coub-anubis-a.akamaized.net/coub_storage/coub/simple/cw_image/cb89de3c1b0/f9d00e854b61180d740bb/1551566346_00005.jpg","versions":["micro","tiny","age_restricted","ios_large","ios_mosaic","big","med","small","pinterest"]},"first_frame_versions":{"template":"https://coub-anubis-a.akamaized.net/coub_storage/coub/simple/cw_timeline_pic/00f696520c2/0996849cc572272b9475a/%{version}_1551566345_image.jpg","versions":["big","med","small","ios_large"]},"dimensions":{"big":[1280,720],"med":[640,360]},"site_w_h":[640,360],"page_w_h":[640,360],"site_w_h_small":[310,174],"size":[1280,720],"age_restricted":false,"age_restricted_by_admin":false,"not_safe_for_work":false,"allow_reuse":false,"dont_crop":false,"banned":false,"global_safe":true,"audio_file_url":"https://coub-anubis-a.akamaized.net/coub_storage/audio_track/cw_normalized_copy/360a29585c1/5b716dfc5155b93d34cac/low_1551566313_normalized_1551566288_10awg7z_edited.mp3","external_download":false,"application":null,"channel":{"id":1495117,"permalink":"maximuskeksimus","title":"Maximus Keksimus ☮","description":"...","followers_count":1633,"following_count":68,"avatar_versions":{"template":"https://coub-anubis-a.akamaized.net/coub_storage/channel/cw_avatar/e6e9468440e/edbbff1957fcc68b756c1/%{version}_1617363806_noir.png","versions":["medium","medium_2x","profile_pic","profile_pic_new","profile_pic_new_2x","tiny","tiny_2x","small","small_2x","ios_large","ios_small"]}},"file":null,"picture":"https://coub-anubis-a.akamaized.net/coub_storage/coub/simple/cw_image/cb89de3c1b0/f9d00e854b61180d740bb/1551566346_00005.jpg","timeline_picture":"https://coub-anubis-a.akamaized.net/coub_storage/coub/simple/cw_timeline_pic/00f696520c2/0996849cc572272b9475a/ios_large_1551566345_image.jpg","small_picture":"https://coub-anubis-a.akamaized.net/coub_storage/coub/simple/cw_image/cb89de3c1b0/f9d00e854b61180d740bb/1551566346_00005.jpg","sharing_picture":null,"percent_done":100,"tags":[{"id":251743,"title":"hillenburg","value":"hillenburg"},{"id":12098,"title":"squarepants","value":"squarepants"},{"id":1069,"title":"pain","value":"pain"},{"id":237924,"title":"johny cash","value":"johny%20cash"},{"id":409,"title":"spongebob","value":"spongebob"},{"id":3071,"title":"hurt","value":"hurt"},{"id":563083,"title":"microcoubs","value":"microcoubs"}],"categories":[{"id":114,"title":"Live Pictures","permalink":"live-pictures","subscriptions_count":2028289,"big_image_url":"https://coub-anubis-a.akamaized.net/coub_storage/category/cw_image/6a781fee541/43bd1211431771697290d/big_1622039067_Live_pictures.png","small_image_url":"https://coub-anubis-a.akamaized.net/coub_storage/category/cw_image/6a781fee541/43bd1211431771697290d/small_1622039067_Live_pictures.png","med_image_url":"https://coub-anubis-a.akamaized.net/coub_storage/category/cw_image/6a781fee541/43bd1211431771697290d/med_1622039067_Live_pictures.png","visible":true}],"communities":[{"id":114,"title":"Live Pictures","permalink":"live-pictures","subscriptions_count":2028289,"big_image_url":"https://coub-anubis-a.akamaized.net/coub_storage/category/cw_image/6a781fee541/43bd1211431771697290d/big_1622039067_Live_pictures.png","small_image_url":"https://coub-anubis-a.akamaized.net/coub_storage/category/cw_image/6a781fee541/43bd1211431771697290d/small_1622039067_Live_pictures.png","med_image_url":"https://coub-anubis-a.akamaized.net/coub_storage/category/cw_image/6a781fee541/43bd1211431771697290d/med_1622039067_Live_pictures.png","i_subscribed":true,"community_notifications_enabled":null,"description":null}],"recoubs_count":667,"remixes_count":3,"likes_count":4305,"dislikes_count":0,"raw_video_id":13230978,"uploaded_by_ios_app":false,"uploaded_by_android_app":false,"media_blocks":{"uploaded_raw_videos":[],"external_raw_videos":[],"remixed_from_coubs":[]},"raw_video_thumbnail_url":"/missing/missing.png","raw_video_title":"Bobik.mp4","video_block_banned":false,"duration":1.48,"promo_winner":false,"promo_winner_recoubers":null,"editorial_info":{},"promo_hint":null,"beeline_best_2014":null,"from_web_editor":true,"normalize_sound":true,"normalize_change_allowed":true,"best2015_addable":false,"ahmad_promo":null,"promo_data":null,"audio_copyright_claim":null,"ads_disabled":false,"is_safe_for_ads":true,"megafon_contents":[],"position_on_page":4},{"flag":null,"abuses":null,"recoubs_by_users_channels":null,"favourite":false,"promoted_id":null,"recoub":null,"like":null,"dislike":null,"reaction":null,"in_my_best2015":false,"id":34996220,"type":"Coub::Simple","permalink":"kdy2p","title":"Winter Coziness Sweet","visibility_type":"public","original_visibility_type":"public","channel_id":2227934,"created_at":"2016-12-22T02:20:44Z","updated_at":"2022-03-06T17:53:12Z","is_done":true,"views_count":181121,"cotd":true,"cotd_at":"2016-12-22","visible_on_explore_root":true,"visible_on_explore":true,"featured":true,"published":true,"published_at":"2016-12-22T02:20:44Z","reversed":false,"from_editor_v2":true,"is_editable":true,"original_sound":false,"has_sound":false,"recoub_to":null,"file_versions":{"html5":{"video":{"higher":{"url":"https://coub-anubis-a.akamaized.net/coub_storage/coub/simple/cw_file/df05a10f7e9/9ba5a0e09eb984c232b14/muted_mp4_huge_size_1568078100_muted_huge.mp4","size":331254},"high":{"url":"https://coub-anubis-a.akamaized.net/coub_storage/coub/simple/cw_file/df05a10f7e9/9ba5a0e09eb984c232b14/muted_mp4_big_size_1568078100_muted_big.mp4","size":233407},"med":{"url":"https://coub-anubis-a.akamaized.net/coub_storage/coub/simple/cw_file/df05a10f7e9/9ba5a0e09eb984c232b14/muted_mp4_med_size_1568078100_muted_med.mp4","size":65770}},"audio":{"high":{"url":"https://coub-anubis-a.akamaized.net/coub_storage/coub/simple/cw_looped_audio_high/9ce9cff10af/3bd56681a1fc60a6db233/1605566046_high_1482373264_high.mp3","size":2329073},"med":{"url":"https://coub-anubis-a.akamaized.net/coub_storage/coub/simple/cw_looped_audio_med/18d76b18155/3b09e98060897ff69c135/1605566046_med_1482373264_med.mp3","size":2222524}}},"mobile":{"video":"https://coub-anubis-a.akamaized.net/coub_storage/coub/simple/cw_file/df05a10f7e9/9ba5a0e09eb984c232b14/muted_mp4_med_size_1568078100_muted_med.mp4","audio":["https://coub-anubis-a.akamaized.net/coub_storage/coub/simple/cw_looped_audio_med/18d76b18155/3b09e98060897ff69c135/1605566046_med_1482373264_med.mp3"]},"share":{"default":"https://coub-anubis-a.akamaized.net/coub_storage/coub/simple/cw_video_for_sharing/ac3588bc2f6/13387f41c320bc2f3d949/1608187985_looped_1608187984.mp4"}},"audio_versions":{"template":"https://coub-anubis-a.akamaized.net/coub_storage/audio_track/cw_file/cbd3561b3cf/e61aa13ec2bbf10d84869/mid_1482373251_ratcyq_edited.mp3","versions":["mid","low"]},"image_versions":{"template":"https://coub-anubis-a.akamaized.net/coub_storage/coub/simple/cw_image/25dcad13e9f/5d7c6984e585cfc897575/1482373270_00008.jpg","versions":["micro","tiny","age_restricted","ios_large","ios_mosaic","big","med","small","pinterest"]},"first_frame_versions":{"template":"https://coub-anubis-a.akamaized.net/coub_storage/coub/simple/cw_timeline_pic/25dcad13e9f/5d7c6984e585cfc897575/%{version}_1482373270_image.jpg","versions":["big","med","small","ios_large"]},"dimensions":{"big":[1280,718],"med":[640,358]},"site_w_h":[640,359],"page_w_h":[640,359],"site_w_h_small":[310,174],"size":[1280,718],"age_restricted":false,"age_restricted_by_admin":false,"not_safe_for_work":false,"allow_reuse":false,"dont_crop":false,"banned":false,"global_safe":true,"audio_file_url":"https://coub-anubis-a.akamaized.net/coub_storage/audio_track/cw_file/cbd3561b3cf/e61aa13ec2bbf10d84869/low_1482373251_ratcyq_edited.mp3","external_download":{"type":"Imgur","service_name":"Imgur","url":"http://i.imgur.com/2xDfgWL.mp4","has_embed":false},"application":null,"channel":{"id":2227934,"permalink":"cinemagraphs","title":"Cinemagraphs 🍒","description":"Pictures of the future 📸 #Cinemagraphs","followers_count":51485,"following_count":25,"avatar_versions":{"template":"https://coub-anubis-a.akamaized.net/coub_storage/channel/cw_avatar/b167cf416ae/e7e9bad8a41580de67e5e/%{version}_1607423119_5o3vhm_1474588843_fonstola.ru-57386.jpg","versions":["medium","medium_2x","profile_pic","profile_pic_new","profile_pic_new_2x","tiny","tiny_2x","small","small_2x","ios_large","ios_small"]}},"file":null,"picture":"https://coub-anubis-a.akamaized.net/coub_storage/coub/simple/cw_image/25dcad13e9f/5d7c6984e585cfc897575/1482373270_00008.jpg","timeline_picture":"https://coub-anubis-a.akamaized.net/coub_storage/coub/simple/cw_timeline_pic/25dcad13e9f/5d7c6984e585cfc897575/ios_large_1482373270_image.jpg","small_picture":"https://coub-anubis-a.akamaized.net/coub_storage/coub/simple/cw_image/25dcad13e9f/5d7c6984e585cfc897575/1482373270_00008.jpg","sharing_picture":null,"percent_done":100,"tags":[{"id":1172,"title":"lights","value":"lights"},{"id":7170,"title":"light","value":"light"},{"id":73135,"title":"join","value":"join"},{"id":6727,"title":"ice","value":"ice"},{"id":5318,"title":"snow","value":"snow"},{"id":1038,"title":"winter","value":"winter"},{"id":955,"title":"like","value":"like"},{"id":12531,"title":"freeze","value":"freeze"},{"id":86,"title":"music","value":"music"},{"id":3515,"title":"nice","value":"nice"},{"id":171,"title":"wow","value":"wow"},{"id":2694,"title":"magic","value":"magic"},{"id":1071,"title":"cool","value":"cool"},{"id":266,"title":"deep","value":"deep"},{"id":4111,"title":"chill","value":"chill"},{"id":1133540,"title":"eleprimer","value":"eleprimer"},{"id":379284,"title":"cinemagraphs","value":"cinemagraphs"},{"id":49603,"title":"cinemagraph","value":"cinemagraph"},{"id":1804,"title":"trip","value":"trip"},{"id":124482,"title":"utro","value":"utro"},{"id":1181,"title":"home","value":"home"},{"id":3265,"title":"sweet","value":"sweet"}],"categories":[{"id":114,"title":"Live Pictures","permalink":"live-pictures","subscriptions_count":2028289,"big_image_url":"https://coub-anubis-a.akamaized.net/coub_storage/category/cw_image/6a781fee541/43bd1211431771697290d/big_1622039067_Live_pictures.png","small_image_url":"https://coub-anubis-a.akamaized.net/coub_storage/category/cw_image/6a781fee541/43bd1211431771697290d/small_1622039067_Live_pictures.png","med_image_url":"https://coub-anubis-a.akamaized.net/coub_storage/category/cw_image/6a781fee541/43bd1211431771697290d/med_1622039067_Live_pictures.png","visible":true}],"communities":[{"id":114,"title":"Live Pictures","permalink":"live-pictures","subscriptions_count":2028289,"big_image_url":"https://coub-anubis-a.akamaized.net/coub_storage/category/cw_image/6a781fee541/43bd1211431771697290d/big_1622039067_Live_pictures.png","small_image_url":"https://coub-anubis-a.akamaized.net/coub_storage/category/cw_image/6a781fee541/43bd1211431771697290d/small_1622039067_Live_pictures.png","med_image_url":"https://coub-anubis-a.akamaized.net/coub_storage/category/cw_image/6a781fee541/43bd1211431771697290d/med_1622039067_Live_pictures.png","i_subscribed":true,"community_notifications_enabled":null,"description":null}],"recoubs_count":1063,"remixes_count":7,"likes_count":4303,"dislikes_count":0,"raw_video_id":6846739,"uploaded_by_ios_app":false,"uploaded_by_android_app":false,"media_blocks":{"uploaded_raw_videos":[],"external_raw_videos":[{"id":19650493,"title":"Winter Coziness","url":"https://imgur.com/2xDfgWL","image":"https://coub-anubis-a.akamaized.net/coub_storage/media_block/cw_image/6a3952ce079/fa608f67ac2c268a75c92/1492116427_1482284068_1ns1mvp_att-url-download.jpg","image_retina":"https://coub-anubis-a.akamaized.net/coub_storage/media_block/cw_image/6a3952ce079/fa608f67ac2c268a75c92/1492116427_1482284068_1ns1mvp_att-url-download.jpg","meta":{"service":"Imgur","duration":"2.31"},"duration":2.31,"raw_video_id":6846739,"has_embed":false}],"remixed_from_coubs":[],"external_video":{"id":19650493,"title":"Winter Coziness","url":"https://imgur.com/2xDfgWL","image":"https://coub-anubis-a.akamaized.net/coub_storage/media_block/cw_image/6a3952ce079/fa608f67ac2c268a75c92/1492116427_1482284068_1ns1mvp_att-url-download.jpg","image_retina":"https://coub-anubis-a.akamaized.net/coub_storage/media_block/cw_image/6a3952ce079/fa608f67ac2c268a75c92/1492116427_1482284068_1ns1mvp_att-url-download.jpg","meta":{"service":"Imgur","duration":"2.31"},"duration":2.31,"raw_video_id":6846739,"has_embed":false}},"raw_video_thumbnail_url":"/missing/missing.png","raw_video_title":"Winter Coziness","video_block_banned":false,"duration":2.32,"promo_winner":false,"promo_winner_recoubers":null,"editorial_info":{},"promo_hint":null,"beeline_best_2014":null,"from_web_editor":true,"normalize_sound":false,"normalize_change_allowed":true,"best2015_addable":false,"ahmad_promo":null,"promo_data":null,"audio_copyright_claim":null,"ads_disabled":null,"is_safe_for_ads":true,"megafon_contents":[],"position_on_page":5},{"flag":null,"abuses":null,"recoubs_by_users_channels":null,"favourite":false,"promoted_id":null,"recoub":null,"like":null,"dislike":null,"reaction":null,"in_my_best2015":false,"id":21978213,"type":"Coub::Simple","permalink":"cmx8j","title":"Samorost 3 Trio","visibility_type":"public","original_visibility_type":"public","channel_id":53804,"created_at":"2016-05-27T10:21:11Z","updated_at":"2022-03-15T20:56:09Z","is_done":true,"views_count":244355,"cotd":true,"cotd_at":"2016-05-28","visible_on_explore_root":true,"visible_on_explore":true,"featured":true,"published":true,"published_at":"2016-05-27T10:21:11Z","reversed":false,"from_editor_v2":true,"is_editable":true,"original_sound":false,"has_sound":false,"recoub_to":null,"file_versions":{"html5":{"video":{"higher":{"url":"https://coub-anubis-a.akamaized.net/coub_storage/coub/simple/cw_file/3efaa96bbf2/43e6498d258aeef61d682/muted_mp4_huge_size_1567889257_muted_huge.mp4","size":802568},"high":{"url":"https://coub-anubis-a.akamaized.net/coub_storage/coub/simple/cw_file/3efaa96bbf2/43e6498d258aeef61d682/muted_mp4_big_size_1567889257_muted_big.mp4","size":684610},"med":{"url":"https://coub-anubis-a.akamaized.net/coub_storage/coub/simple/cw_file/3efaa96bbf2/43e6498d258aeef61d682/muted_mp4_med_size_1567889257_muted_med.mp4","size":161071}},"audio":{"high":{"url":"https://coub-anubis-a.akamaized.net/coub_storage/coub/simple/cw_looped_audio_high/872067ec017/f8e6ea69f2a003bf8267f/1605492101_high_1470778724_high.mp3","size":3087923},"med":{"url":"https://coub-anubis-a.akamaized.net/coub_storage/coub/simple/cw_looped_audio_med/e7f78193b0e/5b5b986e292a938f040eb/1605492101_med_1470778724_med.mp3","size":2890295}}},"mobile":{"video":"https://coub-anubis-a.akamaized.net/coub_storage/coub/simple/cw_file/3efaa96bbf2/43e6498d258aeef61d682/muted_mp4_med_size_1567889257_muted_med.mp4","audio":["https://coub-anubis-a.akamaized.net/coub_storage/coub/simple/cw_looped_audio_med/e7f78193b0e/5b5b986e292a938f040eb/1605492101_med_1470778724_med.mp3"]},"share":{"default":"https://coub-anubis-a.akamaized.net/coub_storage/coub/simple/cw_video_for_sharing/52e3f220780/917393b9d7d8b9d716942/1608729287_looped_1608729286.mp4"}},"audio_versions":{"template":"https://coub-anubis-a.akamaized.net/coub_storage/audio_track/cw_normalized_copy/ad959099541/c338cd379556dc42d8ee2/mid_1465558553_11te51e_normalized_1464344854_audio.mp3","versions":["mid","low"]},"image_versions":{"template":"https://coub-anubis-a.akamaized.net/coub_storage/coub/simple/cw_image/92ff6ea44ec/7ef4b24229066ff5e3383/1470778672_00025.jpg","versions":["micro","tiny","age_restricted","ios_large","ios_mosaic","big","med","small","pinterest"]},"first_frame_versions":{"template":"https://coub-anubis-a.akamaized.net/coub_storage/coub/simple/cw_timeline_pic/2abcbe89f2d/2562ef973e9daa9fde8c4/1470778684_image.jpg","versions":["big","med","small","ios_large"]},"dimensions":{"big":[1280,720],"med":[640,360]},"site_w_h":[640,360],"page_w_h":[640,360],"site_w_h_small":[310,174],"size":[1280,720],"age_restricted":false,"age_restricted_by_admin":false,"not_safe_for_work":false,"allow_reuse":false,"dont_crop":false,"banned":false,"global_safe":true,"audio_file_url":"https://coub-anubis-a.akamaized.net/coub_storage/audio_track/cw_normalized_copy/ad959099541/c338cd379556dc42d8ee2/low_1465558553_11te51e_normalized_1464344854_audio.mp3","external_download":false,"application":null,"channel":{"id":53804,"permalink":"ender.animal","title":"Ender Animal","description":null,"followers_count":455,"following_count":2,"avatar_versions":{"template":"https://coub-anubis-a.akamaized.net/coub_storage/channel/cw_avatar/abace1fdc20/9376f9964c76c712473c3/%{version}_1474482902_1juaxjy_att-url-download.jpg","versions":["medium","medium_2x","profile_pic","profile_pic_new","profile_pic_new_2x","tiny","tiny_2x","small","small_2x","ios_large","ios_small"]}},"file":null,"picture":"https://coub-anubis-a.akamaized.net/coub_storage/coub/simple/cw_image/92ff6ea44ec/7ef4b24229066ff5e3383/1470778672_00025.jpg","timeline_picture":"https://coub-anubis-a.akamaized.net/coub_storage/coub/simple/cw_timeline_pic/2abcbe89f2d/2562ef973e9daa9fde8c4/1470778684_image.jpg","small_picture":"https://coub-anubis-a.akamaized.net/coub_storage/coub/simple/cw_image/92ff6ea44ec/7ef4b24229066ff5e3383/1470778672_00025.jpg","sharing_picture":null,"percent_done":100,"tags":[{"id":190053,"title":"игровое видео","value":"%D0%B8%D0%B3%D1%80%D0%BE%D0%B2%D0%BE%D0%B5%20%D0%B2%D0%B8%D0%B4%D0%B5%D0%BE"},{"id":5118,"title":"игра","value":"%D0%B8%D0%B3%D1%80%D0%B0"},{"id":1185,"title":"game video","value":"game%20video"},{"id":1140,"title":"game","value":"game"},{"id":905270,"title":"samorost 3","value":"samorost%203"},{"id":1550359,"title":"somorost3","value":"somorost3"}],"categories":[{"id":114,"title":"Live Pictures","permalink":"live-pictures","subscriptions_count":2028289,"big_image_url":"https://coub-anubis-a.akamaized.net/coub_storage/category/cw_image/6a781fee541/43bd1211431771697290d/big_1622039067_Live_pictures.png","small_image_url":"https://coub-anubis-a.akamaized.net/coub_storage/category/cw_image/6a781fee541/43bd1211431771697290d/small_1622039067_Live_pictures.png","med_image_url":"https://coub-anubis-a.akamaized.net/coub_storage/category/cw_image/6a781fee541/43bd1211431771697290d/med_1622039067_Live_pictures.png","visible":true}],"communities":[{"id":114,"title":"Live Pictures","permalink":"live-pictures","subscriptions_count":2028289,"big_image_url":"https://coub-anubis-a.akamaized.net/coub_storage/category/cw_image/6a781fee541/43bd1211431771697290d/big_1622039067_Live_pictures.png","small_image_url":"https://coub-anubis-a.akamaized.net/coub_storage/category/cw_image/6a781fee541/43bd1211431771697290d/small_1622039067_Live_pictures.png","med_image_url":"https://coub-anubis-a.akamaized.net/coub_storage/category/cw_image/6a781fee541/43bd1211431771697290d/med_1622039067_Live_pictures.png","i_subscribed":true,"community_notifications_enabled":null,"description":null}],"recoubs_count":919,"remixes_count":2,"likes_count":4247,"dislikes_count":0,"raw_video_id":2705112,"uploaded_by_ios_app":false,"uploaded_by_android_app":false,"media_blocks":{"uploaded_raw_videos":[],"external_raw_videos":[],"remixed_from_coubs":[]},"raw_video_thumbnail_url":"/missing/missing.png","raw_video_title":"Samorost3.Loop.mp4","video_block_banned":false,"duration":7.68,"promo_winner":false,"promo_winner_recoubers":null,"editorial_info":{},"promo_hint":null,"beeline_best_2014":null,"from_web_editor":true,"normalize_sound":true,"normalize_change_allowed":true,"best2015_addable":false,"ahmad_promo":null,"promo_data":null,"audio_copyright_claim":null,"ads_disabled":null,"is_safe_for_ads":true,"megafon_contents":[],"position_on_page":6},{"flag":null,"abuses":null,"recoubs_by_users_channels":null,"favourite":false,"promoted_id":null,"recoub":null,"like":null,"dislike":null,"reaction":null,"in_my_best2015":false,"id":133158601,"type":"Coub::Simple","permalink":"26wxb6","title":"Happy New Year ","visibility_type":"public","original_visibility_type":"public","channel_id":5392970,"created_at":"2019-12-30T16:30:09Z","updated_at":"2022-03-16T06:35:15Z","is_done":true,"views_count":725252,"cotd":true,"cotd_at":"2020-01-01","visible_on_explore_root":true,"visible_on_explore":true,"featured":true,"published":true,"published_at":"2019-12-31T16:57:40Z","reversed":false,"from_editor_v2":true,"is_editable":true,"original_sound":false,"has_sound":false,"recoub_to":null,"file_versions":{"html5":{"video":{"higher":{"url":"https://coub-anubis-a.akamaized.net/coub_storage/coub/simple/cw_file/5c271f724f4/64fe30ccb94e87e8880b4/muted_mp4_huge_size_1577723418_muted_huge.mp4","size":2301548},"high":{"url":"https://coub-anubis-a.akamaized.net/coub_storage/coub/simple/cw_file/5c271f724f4/64fe30ccb94e87e8880b4/muted_mp4_big_size_1577723418_muted_big.mp4","size":2043289},"med":{"url":"https://coub-anubis-a.akamaized.net/coub_storage/coub/simple/cw_file/5c271f724f4/64fe30ccb94e87e8880b4/muted_mp4_med_size_1577723418_muted_med.mp4","size":500204}},"audio":{"high":{"url":"https://coub-anubis-a.akamaized.net/coub_storage/coub/simple/cw_looped_audio_high/82d3b5fa573/acc1eb2a06b80ff97a50e/1605702359_high_1577723452_high.mp3","size":3120183},"med":{"url":"https://coub-anubis-a.akamaized.net/coub_storage/coub/simple/cw_looped_audio_med/f9c5e5fd806/e67347f68fd53cf101f6e/1605702359_med_1577723452_med.mp3","size":2574662}}},"mobile":{"video":"https://coub-anubis-a.akamaized.net/coub_storage/coub/simple/cw_file/5c271f724f4/64fe30ccb94e87e8880b4/muted_mp4_med_size_1577723418_muted_med.mp4","audio":["https://coub-anubis-a.akamaized.net/coub_storage/coub/simple/cw_looped_audio_med/f9c5e5fd806/e67347f68fd53cf101f6e/1605702359_med_1577723452_med.mp3"]},"share":{"default":"https://coub-anubis-a.akamaized.net/coub_storage/coub/simple/cw_video_for_sharing/fbdf976f2bd/9c4943c156d8c0087a00f/1608258949_looped_1608258948.mp4"}},"audio_versions":{"template":"https://coub-anubis-a.akamaized.net/coub_storage/audio_track/cw_normalized_copy/322e8fabfbb/5a6fc3461211121211561/mid_1577723441_normalized_1577723422_17u9v28_edited.mp3","versions":["mid","low"]},"image_versions":{"template":"https://coub-anubis-a.akamaized.net/coub_storage/coub/simple/cw_image/ddb7c2bb6db/c025da02edb2cd8c11e9b/1577723472_00022.jpg","versions":["micro","tiny","age_restricted","ios_large","ios_mosaic","big","med","small","pinterest"]},"first_frame_versions":{"template":"https://coub-anubis-a.akamaized.net/coub_storage/coub/simple/cw_timeline_pic/131f562fce7/c06e272a577afdb13a018/%{version}_1577723472_image.jpg","versions":["big","med","small","ios_large"]},"dimensions":{"big":[1280,720],"med":[640,360]},"site_w_h":[640,360],"page_w_h":[640,360],"site_w_h_small":[310,174],"size":[1280,720],"age_restricted":false,"age_restricted_by_admin":false,"not_safe_for_work":false,"allow_reuse":false,"dont_crop":false,"banned":false,"global_safe":true,"audio_file_url":"https://coub-anubis-a.akamaized.net/coub_storage/audio_track/cw_normalized_copy/322e8fabfbb/5a6fc3461211121211561/low_1577723441_normalized_1577723422_17u9v28_edited.mp3","external_download":false,"application":null,"channel":{"id":5392970,"permalink":"elin1762","title":"Elin","description":null,"followers_count":3791,"following_count":9,"avatar_versions":{"template":"https://coub-anubis-a.akamaized.net/coub_storage/channel/cw_avatar/2ee77e25be3/0cbfb5b48496e6a219775/%{version}_1641133354_cropped.jpeg","versions":["medium","medium_2x","profile_pic","profile_pic_new","profile_pic_new_2x","tiny","tiny_2x","small","small_2x","ios_large","ios_small"]}},"file":null,"picture":"https://coub-anubis-a.akamaized.net/coub_storage/coub/simple/cw_image/ddb7c2bb6db/c025da02edb2cd8c11e9b/1577723472_00022.jpg","timeline_picture":"https://coub-anubis-a.akamaized.net/coub_storage/coub/simple/cw_timeline_pic/131f562fce7/c06e272a577afdb13a018/ios_large_1577723472_image.jpg","small_picture":"https://coub-anubis-a.akamaized.net/coub_storage/coub/simple/cw_image/ddb7c2bb6db/c025da02edb2cd8c11e9b/1577723472_00022.jpg","sharing_picture":null,"percent_done":100,"tags":[{"id":46716,"title":"happy new year","value":"happy%20new%20year"},{"id":361185,"title":"2020","value":"2020"},{"id":86,"title":"music","value":"music"},{"id":5318,"title":"snow","value":"snow"},{"id":1038,"title":"winter","value":"winter"}],"categories":[{"id":114,"title":"Live Pictures","permalink":"live-pictures","subscriptions_count":2028289,"big_image_url":"https://coub-anubis-a.akamaized.net/coub_storage/category/cw_image/6a781fee541/43bd1211431771697290d/big_1622039067_Live_pictures.png","small_image_url":"https://coub-anubis-a.akamaized.net/coub_storage/category/cw_image/6a781fee541/43bd1211431771697290d/small_1622039067_Live_pictures.png","med_image_url":"https://coub-anubis-a.akamaized.net/coub_storage/category/cw_image/6a781fee541/43bd1211431771697290d/med_1622039067_Live_pictures.png","visible":true}],"communities":[{"id":114,"title":"Live Pictures","permalink":"live-pictures","subscriptions_count":2028289,"big_image_url":"https://coub-anubis-a.akamaized.net/coub_storage/category/cw_image/6a781fee541/43bd1211431771697290d/big_1622039067_Live_pictures.png","small_image_url":"https://coub-anubis-a.akamaized.net/coub_storage/category/cw_image/6a781fee541/43bd1211431771697290d/small_1622039067_Live_pictures.png","med_image_url":"https://coub-anubis-a.akamaized.net/coub_storage/category/cw_image/6a781fee541/43bd1211431771697290d/med_1622039067_Live_pictures.png","i_subscribed":true,"community_notifications_enabled":null,"description":null}],"recoubs_count":668,"remixes_count":5,"likes_count":4222,"dislikes_count":0,"raw_video_id":14646125,"uploaded_by_ios_app":false,"uploaded_by_android_app":false,"media_blocks":{"uploaded_raw_videos":[],"external_raw_videos":[],"remixed_from_coubs":[]},"raw_video_thumbnail_url":"/missing/missing.png","raw_video_title":"Black_Video_63.mp4","video_block_banned":false,"duration":6.72,"promo_winner":false,"promo_winner_recoubers":null,"editorial_info":{},"promo_hint":null,"beeline_best_2014":null,"from_web_editor":true,"normalize_sound":true,"normalize_change_allowed":true,"best2015_addable":false,"ahmad_promo":null,"promo_data":null,"audio_copyright_claim":null,"ads_disabled":false,"is_safe_for_ads":true,"megafon_contents":[],"position_on_page":7},{"flag":null,"abuses":null,"recoubs_by_users_channels":null,"favourite":false,"promoted_id":null,"recoub":null,"like":null,"dislike":null,"reaction":null,"in_my_best2015":false,"id":133143895,"type":"Coub::Simple","permalink":"26wlyo","title":"Happy New Year","visibility_type":"public","original_visibility_type":"public","channel_id":1833941,"created_at":"2019-12-30T13:08:33Z","updated_at":"2022-03-14T21:29:28Z","is_done":true,"views_count":341584,"cotd":null,"cotd_at":null,"visible_on_explore_root":true,"visible_on_explore":true,"featured":true,"published":true,"published_at":"2019-12-30T13:10:33Z","reversed":false,"from_editor_v2":true,"is_editable":true,"original_sound":false,"has_sound":false,"recoub_to":null,"file_versions":{"html5":{"video":{"higher":{"url":"https://coub-anubis-a.akamaized.net/coub_storage/coub/simple/cw_file/442a1596b51/09c3d07f0ef9fe2632e88/muted_mp4_huge_size_1577712106_muted_huge.mp4","size":955418},"high":{"url":"https://coub-anubis-a.akamaized.net/coub_storage/coub/simple/cw_file/442a1596b51/09c3d07f0ef9fe2632e88/muted_mp4_big_size_1577712106_muted_big.mp4","size":653884},"med":{"url":"https://coub-anubis-a.akamaized.net/coub_storage/coub/simple/cw_file/442a1596b51/09c3d07f0ef9fe2632e88/muted_mp4_med_size_1577712106_muted_med.mp4","size":200319}},"audio":{"high":{"url":"https://coub-anubis-a.akamaized.net/coub_storage/coub/simple/cw_looped_audio_high/a5379f29507/418166ec0a512ab22b83a/1605702345_high_1577712134_high.mp3","size":2299819},"med":{"url":"https://coub-anubis-a.akamaized.net/coub_storage/coub/simple/cw_looped_audio_med/e607045b027/d75d19dcd3206cd2a580b/1605702344_med_1577712134_med.mp3","size":2214996}}},"mobile":{"video":"https://coub-anubis-a.akamaized.net/coub_storage/coub/simple/cw_file/442a1596b51/09c3d07f0ef9fe2632e88/muted_mp4_med_size_1577712106_muted_med.mp4","audio":["https://coub-anubis-a.akamaized.net/coub_storage/coub/simple/cw_looped_audio_med/e607045b027/d75d19dcd3206cd2a580b/1605702344_med_1577712134_med.mp3"]},"share":{"default":"https://coub-anubis-a.akamaized.net/coub_storage/coub/simple/cw_video_for_sharing/88b7ded8b46/dc07d0347aaee20e5d35d/1608220866_looped_1608220866.mp4"}},"audio_versions":{"template":"https://coub-anubis-a.akamaized.net/coub_storage/audio_track/cw_normalized_copy/5b4a587cede/a5d1d3dd506ca439267ff/mid_1577712125_normalized_1577712110_157tfo_edited.mp3","versions":["mid","low"]},"image_versions":{"template":"https://coub-anubis-a.akamaized.net/coub_storage/coub/simple/cw_image/78cf1a8cf54/041f0f97e182c65b7feb8/1577712143_00032.jpg","versions":["micro","tiny","age_restricted","ios_large","ios_mosaic","big","med","small","pinterest"]},"first_frame_versions":{"template":"https://coub-anubis-a.akamaized.net/coub_storage/coub/simple/cw_timeline_pic/4e4df21265a/97d43150dbf3965d6acca/%{version}_1577712142_image.jpg","versions":["big","med","small","ios_large"]},"dimensions":{"big":[1280,960],"med":[640,480]},"site_w_h":[640,480],"page_w_h":[640,480],"site_w_h_small":[310,233],"size":[1280,960],"age_restricted":false,"age_restricted_by_admin":false,"not_safe_for_work":false,"allow_reuse":false,"dont_crop":false,"banned":false,"global_safe":true,"audio_file_url":"https://coub-anubis-a.akamaized.net/coub_storage/audio_track/cw_normalized_copy/5b4a587cede/a5d1d3dd506ca439267ff/low_1577712125_normalized_1577712110_157tfo_edited.mp3","external_download":false,"application":null,"channel":{"id":1833941,"permalink":"mynameispyc","title":"SayMyName","description":"Лучшее из недооценённого","followers_count":1601,"following_count":0,"avatar_versions":{"template":"https://coub-anubis-a.akamaized.net/coub_storage/channel/cw_avatar/83d3ac0ad91/38a864932ad2ae88f6195/%{version}_1614545165_____enhanced_colors_low.png","versions":["medium","medium_2x","profile_pic","profile_pic_new","profile_pic_new_2x","tiny","tiny_2x","small","small_2x","ios_large","ios_small"]}},"file":null,"picture":"https://coub-anubis-a.akamaized.net/coub_storage/coub/simple/cw_image/78cf1a8cf54/041f0f97e182c65b7feb8/1577712143_00032.jpg","timeline_picture":"https://coub-anubis-a.akamaized.net/coub_storage/coub/simple/cw_timeline_pic/4e4df21265a/97d43150dbf3965d6acca/ios_large_1577712142_image.jpg","small_picture":"https://coub-anubis-a.akamaized.net/coub_storage/coub/simple/cw_image/78cf1a8cf54/041f0f97e182c65b7feb8/1577712143_00032.jpg","sharing_picture":null,"percent_done":100,"tags":[{"id":41698,"title":"hybrid","value":"hybrid"},{"id":5326,"title":"mashup","value":"mashup"},{"id":164048,"title":"ирония судьбы","value":"%D0%B8%D1%80%D0%BE%D0%BD%D0%B8%D1%8F%20%D1%81%D1%83%D0%B4%D1%8C%D0%B1%D1%8B"},{"id":14382,"title":"soviet union","value":"soviet%20union"},{"id":19093,"title":"new year","value":"new%20year"},{"id":49603,"title":"cinemagraph","value":"cinemagraph"}],"categories":[{"id":114,"title":"Live Pictures","permalink":"live-pictures","subscriptions_count":2028289,"big_image_url":"https://coub-anubis-a.akamaized.net/coub_storage/category/cw_image/6a781fee541/43bd1211431771697290d/big_1622039067_Live_pictures.png","small_image_url":"https://coub-anubis-a.akamaized.net/coub_storage/category/cw_image/6a781fee541/43bd1211431771697290d/small_1622039067_Live_pictures.png","med_image_url":"https://coub-anubis-a.akamaized.net/coub_storage/category/cw_image/6a781fee541/43bd1211431771697290d/med_1622039067_Live_pictures.png","visible":true}],"communities":[{"id":114,"title":"Live Pictures","permalink":"live-pictures","subscriptions_count":2028289,"big_image_url":"https://coub-anubis-a.akamaized.net/coub_storage/category/cw_image/6a781fee541/43bd1211431771697290d/big_1622039067_Live_pictures.png","small_image_url":"https://coub-anubis-a.akamaized.net/coub_storage/category/cw_image/6a781fee541/43bd1211431771697290d/small_1622039067_Live_pictures.png","med_image_url":"https://coub-anubis-a.akamaized.net/coub_storage/category/cw_image/6a781fee541/43bd1211431771697290d/med_1622039067_Live_pictures.png","i_subscribed":true,"community_notifications_enabled":null,"description":null}],"recoubs_count":683,"remixes_count":6,"likes_count":4130,"dislikes_count":0,"raw_video_id":14645389,"uploaded_by_ios_app":false,"uploaded_by_android_app":false,"media_blocks":{"uploaded_raw_videos":[],"external_raw_videos":[],"remixed_from_coubs":[]},"raw_video_thumbnail_url":"/missing/missing.png","raw_video_title":"___________1_3.avi","video_block_banned":false,"duration":10.0,"promo_winner":false,"promo_winner_recoubers":null,"editorial_info":{},"promo_hint":null,"beeline_best_2014":null,"from_web_editor":true,"normalize_sound":true,"normalize_change_allowed":true,"best2015_addable":false,"ahmad_promo":null,"promo_data":null,"audio_copyright_claim":null,"ads_disabled":false,"is_safe_for_ads":true,"megafon_contents":[],"position_on_page":8},{"flag":null,"abuses":null,"recoubs_by_users_channels":null,"favourite":false,"promoted_id":null,"recoub":null,"like":null,"dislike":null,"reaction":null,"in_my_best2015":false,"id":156277266,"type":"Coub::Simple","permalink":"2kp33e","title":"Peacefull","visibility_type":"public","original_visibility_type":"public","channel_id":4306674,"created_at":"2020-10-22T03:01:48Z","updated_at":"2022-03-16T09:29:16Z","is_done":true,"views_count":276766,"cotd":null,"cotd_at":null,"visible_on_explore_root":true,"visible_on_explore":true,"featured":true,"published":true,"published_at":"2020-10-22T03:01:48Z","reversed":true,"from_editor_v2":true,"is_editable":true,"original_sound":false,"has_sound":false,"recoub_to":null,"file_versions":{"html5":{"video":{"higher":{"url":"https://coub-anubis-a.akamaized.net/coub_storage/coub/simple/cw_file/df8e45f6118/57b829c3d4fdd5d77870e/muted_mp4_huge_size_1603335774_muted_huge.mp4","size":5466941},"high":{"url":"https://coub-anubis-a.akamaized.net/coub_storage/coub/simple/cw_file/df8e45f6118/57b829c3d4fdd5d77870e/muted_mp4_big_size_1603335774_muted_big.mp4","size":4848148},"med":{"url":"https://coub-anubis-a.akamaized.net/coub_storage/coub/simple/cw_file/df8e45f6118/57b829c3d4fdd5d77870e/muted_mp4_med_size_1603335774_muted_med.mp4","size":622451}},"audio":{"high":{"url":"https://coub-anubis-a.akamaized.net/coub_storage/coub/simple/cw_looped_audio_high/41ed1c63b45/959bef99de96c956bbc17/1603335813_mp3-high.mp3","size":4134680},"med":{"url":"https://coub-anubis-a.akamaized.net/coub_storage/coub/simple/cw_looped_audio_med/e0ad145308f/4779ff931413970c539ad/1603335810_mp3-med.mp3","size":3103314}}},"mobile":{"video":"https://coub-anubis-a.akamaized.net/coub_storage/coub/simple/cw_file/df8e45f6118/57b829c3d4fdd5d77870e/muted_mp4_med_size_1603335774_muted_med.mp4","audio":["https://coub-anubis-a.akamaized.net/coub_storage/coub/simple/cw_looped_audio_med/e0ad145308f/4779ff931413970c539ad/1603335810_mp3-med.mp3"]},"share":{"default":"https://coub-anubis-a.akamaized.net/coub_storage/coub/simple/cw_video_for_sharing/25df5bfeadd/04fb63b9ba6cefe23f06a/1608240957_looped_1608240956.mp4"}},"audio_versions":{"template":"https://coub-anubis-a.akamaized.net/coub_storage/audio_track/cw_file/755806361db/81a659b8b8d3a8555d4a9/mid_1603335781_av620l_edited.mp3","versions":["mid","low"]},"image_versions":{"template":"https://coub-anubis-a.akamaized.net/coub_storage/coub/simple/cw_image/ade2662285a/0881fa53ae4c7c82338d8/1603335820_00061.jpg","versions":["micro","tiny","age_restricted","ios_large","ios_mosaic","big","med","small","pinterest"]},"first_frame_versions":{"template":"https://coub-anubis-a.akamaized.net/coub_storage/coub/simple/cw_timeline_pic/36a6121cdd4/1634ecfb9ecb8f08b2f21/%{version}_1603335819_image.jpg","versions":["big","med","small","ios_large"]},"dimensions":{"big":[1280,720],"med":[640,360]},"site_w_h":[640,360],"page_w_h":[640,360],"site_w_h_small":[310,174],"size":[1280,720],"age_restricted":false,"age_restricted_by_admin":false,"not_safe_for_work":false,"allow_reuse":false,"dont_crop":true,"banned":false,"global_safe":true,"audio_file_url":"https://coub-anubis-a.akamaized.net/coub_storage/audio_track/cw_file/755806361db/81a659b8b8d3a8555d4a9/low_1603335781_av620l_edited.mp3","external_download":false,"application":null,"channel":{"id":4306674,"permalink":"jr948164","title":"Ermak","description":"сим победиши☦","followers_count":279,"following_count":32,"avatar_versions":{"template":"https://coub-anubis-a.akamaized.net/coub_storage/channel/cw_avatar/dbe6e3546f8/4f2fdd780f8942c621608/%{version}_1617374205_6-V__xjIp__b7w3.jpg","versions":["medium","medium_2x","profile_pic","profile_pic_new","profile_pic_new_2x","tiny","tiny_2x","small","small_2x","ios_large","ios_small"]}},"file":null,"picture":"https://coub-anubis-a.akamaized.net/coub_storage/coub/simple/cw_image/ade2662285a/0881fa53ae4c7c82338d8/1603335820_00061.jpg","timeline_picture":"https://coub-anubis-a.akamaized.net/coub_storage/coub/simple/cw_timeline_pic/36a6121cdd4/1634ecfb9ecb8f08b2f21/ios_large_1603335819_image.jpg","small_picture":"https://coub-anubis-a.akamaized.net/coub_storage/coub/simple/cw_image/ade2662285a/0881fa53ae4c7c82338d8/1603335820_00061.jpg","sharing_picture":null,"percent_done":100,"tags":[{"id":168,"title":"loop","value":"loop"},{"id":1016,"title":"ambient","value":"ambient"},{"id":939,"title":"relax","value":"relax"},{"id":74130,"title":"relax music","value":"relax%20music"},{"id":4111,"title":"chill","value":"chill"},{"id":1094,"title":"nature","value":"nature"},{"id":238286,"title":"nature sounds","value":"nature%20sounds"},{"id":422,"title":"rain","value":"rain"},{"id":38954,"title":"rain forest","value":"rain%20forest"},{"id":1259,"title":"forest","value":"forest"},{"id":49603,"title":"cinemagraph","value":"cinemagraph"},{"id":424,"title":"animation","value":"animation"},{"id":79628,"title":"looping","value":"looping"},{"id":421,"title":"gif","value":"gif"},{"id":3305625,"title":"hd gifs","value":"hd%20gifs"},{"id":295030,"title":"hd background","value":"hd%20background"},{"id":10793,"title":"pop","value":"pop"},{"id":951,"title":"top","value":"top"},{"id":50,"title":"coub","value":"coub"},{"id":536524,"title":"coub loop","value":"coub%20loop"},{"id":2588,"title":"sad","value":"sad"},{"id":10170,"title":"after effects","value":"after%20effects"},{"id":4983,"title":"лес","value":"%D0%BB%D0%B5%D1%81"},{"id":2873,"title":"дождь","value":"%D0%B4%D0%BE%D0%B6%D0%B4%D1%8C"},{"id":239717,"title":"звуки дождя","value":"%D0%B7%D0%B2%D1%83%D0%BA%D0%B8%20%D0%B4%D0%BE%D0%B6%D0%B4%D1%8F"},{"id":90210,"title":"slavic","value":"slavic"},{"id":603,"title":"skyrim","value":"skyrim"},{"id":3912841,"title":"вера сид","value":"%D0%B2%D0%B5%D1%80%D0%B0%20%D1%81%D0%B8%D0%B4"},{"id":57787,"title":"farcry","value":"farcry"},{"id":19512,"title":"far cry","value":"far%20cry"},{"id":4336,"title":"cry","value":"cry"},{"id":28130,"title":"far","value":"far"},{"id":1140,"title":"game","value":"game"},{"id":710380,"title":"успокаивающая музыка","value":"%D1%83%D1%81%D0%BF%D0%BE%D0%BA%D0%B0%D0%B8%D0%B2%D0%B0%D1%8E%D1%89%D0%B0%D1%8F%20%D0%BC%D1%83%D0%B7%D1%8B%D0%BA%D0%B0"},{"id":1150016,"title":"умиротворяющая музыка","value":"%D1%83%D0%BC%D0%B8%D1%80%D0%BE%D1%82%D0%B2%D0%BE%D1%80%D1%8F%D1%8E%D1%89%D0%B0%D1%8F%20%D0%BC%D1%83%D0%B7%D1%8B%D0%BA%D0%B0"},{"id":222529,"title":"умиротворение","value":"%D1%83%D0%BC%D0%B8%D1%80%D0%BE%D1%82%D0%B2%D0%BE%D1%80%D0%B5%D0%BD%D0%B8%D0%B5"},{"id":176289,"title":"красивая музыка","value":"%D0%BA%D1%80%D0%B0%D1%81%D0%B8%D0%B2%D0%B0%D1%8F%20%D0%BC%D1%83%D0%B7%D1%8B%D0%BA%D0%B0"},{"id":259955,"title":"спокойная музыка","value":"%D1%81%D0%BF%D0%BE%D0%BA%D0%BE%D0%B9%D0%BD%D0%B0%D1%8F%20%D0%BC%D1%83%D0%B7%D1%8B%D0%BA%D0%B0"},{"id":3775950,"title":"релаксация музыка","value":"%D1%80%D0%B5%D0%BB%D0%B0%D0%BA%D1%81%D0%B0%D1%86%D0%B8%D1%8F%20%D0%BC%D1%83%D0%B7%D1%8B%D0%BA%D0%B0"},{"id":933791,"title":"релакс музыка","value":"%D1%80%D0%B5%D0%BB%D0%B0%D0%BA%D1%81%20%D0%BC%D1%83%D0%B7%D1%8B%D0%BA%D0%B0"},{"id":20593,"title":"релакс","value":"%D1%80%D0%B5%D0%BB%D0%B0%D0%BA%D1%81"},{"id":9650,"title":"вера","value":"%D0%B2%D0%B5%D1%80%D0%B0"},{"id":3837711,"title":"faith seed","value":"faith%20seed"},{"id":3844395,"title":"far cry 5 faith seed","value":"far%20cry%205%20faith%20seed"},{"id":393260,"title":"far cry 5","value":"far%20cry%205"},{"id":51852,"title":"peaceful","value":"peaceful"},{"id":7814,"title":"god","value":"god"},{"id":1894,"title":"grace","value":"grace"},{"id":30955,"title":"hope","value":"hope"},{"id":165262,"title":"batterfly","value":"batterfly"}],"categories":[{"id":114,"title":"Live Pictures","permalink":"live-pictures","subscriptions_count":2028289,"big_image_url":"https://coub-anubis-a.akamaized.net/coub_storage/category/cw_image/6a781fee541/43bd1211431771697290d/big_1622039067_Live_pictures.png","small_image_url":"https://coub-anubis-a.akamaized.net/coub_storage/category/cw_image/6a781fee541/43bd1211431771697290d/small_1622039067_Live_pictures.png","med_image_url":"https://coub-anubis-a.akamaized.net/coub_storage/category/cw_image/6a781fee541/43bd1211431771697290d/med_1622039067_Live_pictures.png","visible":true}],"communities":[{"id":114,"title":"Live Pictures","permalink":"live-pictures","subscriptions_count":2028289,"big_image_url":"https://coub-anubis-a.akamaized.net/coub_storage/category/cw_image/6a781fee541/43bd1211431771697290d/big_1622039067_Live_pictures.png","small_image_url":"https://coub-anubis-a.akamaized.net/coub_storage/category/cw_image/6a781fee541/43bd1211431771697290d/small_1622039067_Live_pictures.png","med_image_url":"https://coub-anubis-a.akamaized.net/coub_storage/category/cw_image/6a781fee541/43bd1211431771697290d/med_1622039067_Live_pictures.png","i_subscribed":true,"community_notifications_enabled":null,"description":null}],"recoubs_count":732,"remixes_count":2,"likes_count":4104,"dislikes_count":0,"raw_video_id":15792861,"uploaded_by_ios_app":false,"uploaded_by_android_app":false,"media_blocks":{"uploaded_raw_videos":[],"external_raw_videos":[],"remixed_from_coubs":[]},"raw_video_thumbnail_url":"/missing/missing.png","raw_video_title":"Mount_Rainier_National_Park_Washington_State_7__1080p___via_Skyload_.mp4","video_block_banned":false,"duration":19.44,"promo_winner":false,"promo_winner_recoubers":null,"editorial_info":{},"promo_hint":null,"beeline_best_2014":null,"from_web_editor":true,"normalize_sound":false,"normalize_change_allowed":false,"best2015_addable":false,"ahmad_promo":null,"promo_data":null,"audio_copyright_claim":null,"ads_disabled":false,"is_safe_for_ads":true,"megafon_contents":[],"position_on_page":9},{"flag":null,"abuses":null,"recoubs_by_users_channels":null,"favourite":false,"promoted_id":null,"recoub":null,"like":null,"dislike":null,"reaction":null,"in_my_best2015":false,"id":16941298,"type":"Coub::Simple","permalink":"9myou","title":"ＬＳ４００　ＬＥＤ　Ｄｉｓｐｌａｙ","visibility_type":"public","original_visibility_type":"public","channel_id":1447802,"created_at":"2015-12-08T23:41:55Z","updated_at":"2022-03-09T08:19:11Z","is_done":true,"views_count":539558,"cotd":null,"cotd_at":null,"visible_on_explore_root":true,"visible_on_explore":true,"featured":true,"published":true,"published_at":"2015-12-08T23:41:55Z","reversed":false,"from_editor_v2":true,"is_editable":true,"original_sound":false,"has_sound":false,"recoub_to":null,"file_versions":{"html5":{"video":{"higher":{"url":"https://coub-anubis-a.akamaized.net/coub_storage/coub/simple/cw_file/7f4a126f0bc/db2ac27505a3f679d887a/muted_mp4_huge_size_1567829168_muted_huge.mp4","size":1135480},"high":{"url":"https://coub-anubis-a.akamaized.net/coub_storage/coub/simple/cw_file/7f4a126f0bc/db2ac27505a3f679d887a/muted_mp4_big_size_1567829168_muted_big.mp4","size":904903},"med":{"url":"https://coub-anubis-a.akamaized.net/coub_storage/coub/simple/cw_file/7f4a126f0bc/db2ac27505a3f679d887a/muted_mp4_med_size_1567829168_muted_med.mp4","size":189089}},"audio":{"high":{"url":"https://coub-anubis-a.akamaized.net/coub_storage/coub/simple/cw_looped_audio_high/16c11a8364d/10fc72da4a87408ae00f8/1605466750_high_1449618794_high.mp3","size":2981092},"med":{"url":"https://coub-anubis-a.akamaized.net/coub_storage/coub/simple/cw_looped_audio_med/3436663b2af/7e913611a57e00c617c53/1605466750_med_1449618794_med.mp3","size":1987394}}},"mobile":{"video":"https://coub-anubis-a.akamaized.net/coub_storage/coub/simple/cw_file/7f4a126f0bc/db2ac27505a3f679d887a/muted_mp4_med_size_1567829168_muted_med.mp4","audio":["https://coub-anubis-a.akamaized.net/coub_storage/coub/simple/cw_looped_audio_med/3436663b2af/7e913611a57e00c617c53/1605466750_med_1449618794_med.mp3"]},"share":{"default":"https://coub-anubis-a.akamaized.net/coub_storage/coub/simple/cw_video_for_sharing/d5f66c1d526/023aa9aeacb1f5de05e01/1611916833_looped_1611916832.mp4"}},"audio_versions":{"template":"https://coub-anubis-a.akamaized.net/coub_storage/audio_track/cw_normalized_copy/46acfa53696/32f73ed9bb4e2e4c310dd/mid_1507194185_1dolwnq_normalized_1471273387_audio.mp3","versions":["mid","low"]},"image_versions":{"template":"https://coub-anubis-a.akamaized.net/coub_storage/coub/simple/cw_image/c6a7a959611/5188852a978103b416f5e/1449618837_00032.jpg","versions":["micro","tiny","age_restricted","ios_large","ios_mosaic","big","med","small","pinterest"]},"first_frame_versions":{"template":"https://coub-anubis-a.akamaized.net/coub_storage/coub/simple/cw_timeline_pic/4baf0b380cf/3f8c4463438b1d22c98d9/1449618836_image.jpg","versions":["big","med","small","ios_large"]},"dimensions":{"big":[1280,636],"med":[640,318]},"site_w_h":[640,318],"page_w_h":[640,318],"site_w_h_small":[310,154],"size":[1280,636],"age_restricted":false,"age_restricted_by_admin":false,"not_safe_for_work":false,"allow_reuse":false,"dont_crop":false,"banned":false,"global_safe":true,"audio_file_url":"https://coub-anubis-a.akamaized.net/coub_storage/audio_track/cw_normalized_copy/46acfa53696/32f73ed9bb4e2e4c310dd/low_1507194185_1dolwnq_normalized_1471273387_audio.mp3","external_download":{"type":"Youtube","service_name":"YouTube","url":"http://www.youtube.com/watch?v=67bgq8dJf3E&list=LLtzH37QVP5xlQmF4NZdlR5w&index=10","has_embed":true},"application":null,"channel":{"id":1447802,"permalink":"neonmurder","title":"Neon Murder","description":null,"followers_count":3703,"following_count":86,"avatar_versions":{"template":"https://coub-anubis-a.akamaized.net/coub_storage/channel/cw_avatar/4d5a75500bd/e4162660e3511a8480a69/%{version}_1608016043_1l5uszr_1474714346_zzzzzzzzzzzzzzzzzz.jpg","versions":["medium","medium_2x","profile_pic","profile_pic_new","profile_pic_new_2x","tiny","tiny_2x","small","small_2x","ios_large","ios_small"]}},"file":null,"picture":"https://coub-anubis-a.akamaized.net/coub_storage/coub/simple/cw_image/c6a7a959611/5188852a978103b416f5e/1449618837_00032.jpg","timeline_picture":"https://coub-anubis-a.akamaized.net/coub_storage/coub/simple/cw_timeline_pic/4baf0b380cf/3f8c4463438b1d22c98d9/1449618836_image.jpg","small_picture":"https://coub-anubis-a.akamaized.net/coub_storage/coub/simple/cw_image/c6a7a959611/5188852a978103b416f5e/1449618837_00032.jpg","sharing_picture":null,"percent_done":100,"tags":[{"id":1173,"title":"car","value":"car"},{"id":190,"title":"low","value":"low"},{"id":312471,"title":"low car","value":"low%20car"},{"id":467,"title":"night","value":"night"},{"id":7737,"title":"neon","value":"neon"},{"id":8946,"title":"slow","value":"slow"},{"id":2556,"title":"bones","value":"bones"},{"id":6514,"title":"japan","value":"japan"},{"id":20294,"title":"toyota","value":"toyota"},{"id":17498,"title":"lexus","value":"lexus"},{"id":178044,"title":"ls400","value":"ls400"},{"id":29537,"title":"led","value":"led"},{"id":1219671,"title":"ls400 led display","value":"ls400%20led%20display"}],"categories":[{"id":114,"title":"Live Pictures","permalink":"live-pictures","subscriptions_count":2028289,"big_image_url":"https://coub-anubis-a.akamaized.net/coub_storage/category/cw_image/6a781fee541/43bd1211431771697290d/big_1622039067_Live_pictures.png","small_image_url":"https://coub-anubis-a.akamaized.net/coub_storage/category/cw_image/6a781fee541/43bd1211431771697290d/small_1622039067_Live_pictures.png","med_image_url":"https://coub-anubis-a.akamaized.net/coub_storage/category/cw_image/6a781fee541/43bd1211431771697290d/med_1622039067_Live_pictures.png","visible":true}],"communities":[{"id":114,"title":"Live Pictures","permalink":"live-pictures","subscriptions_count":2028289,"big_image_url":"https://coub-anubis-a.akamaized.net/coub_storage/category/cw_image/6a781fee541/43bd1211431771697290d/big_1622039067_Live_pictures.png","small_image_url":"https://coub-anubis-a.akamaized.net/coub_storage/category/cw_image/6a781fee541/43bd1211431771697290d/small_1622039067_Live_pictures.png","med_image_url":"https://coub-anubis-a.akamaized.net/coub_storage/category/cw_image/6a781fee541/43bd1211431771697290d/med_1622039067_Live_pictures.png","i_subscribed":true,"community_notifications_enabled":null,"description":null}],"recoubs_count":792,"remixes_count":3,"likes_count":4000,"dislikes_count":0,"raw_video_id":1944785,"uploaded_by_ios_app":false,"uploaded_by_android_app":false,"media_blocks":{"uploaded_raw_videos":[],"external_raw_videos":[{"id":12236127,"title":"ＬＳ４００　ＬＥＤ　Ｄｉｓｐｌａｙ","url":"http://www.youtube.com/watch?v=67bgq8dJf3E","image":"https://coub-anubis-a.akamaized.net/coub_storage/media_block/cw_image/9198c7d2f06/3fb54965462bfc16038e0/1492549574_1449615644_1ihkdwa_att-url-download.jpg","image_retina":"https://coub-anubis-a.akamaized.net/coub_storage/media_block/cw_image/9198c7d2f06/3fb54965462bfc16038e0/1492549574_1449615644_1ihkdwa_att-url-download.jpg","meta":{"service":"Youtube","duration":"154.2"},"duration":154.2,"raw_video_id":1944785,"has_embed":true}],"remixed_from_coubs":[],"external_video":{"id":12236127,"title":"ＬＳ４００　ＬＥＤ　Ｄｉｓｐｌａｙ","url":"http://www.youtube.com/watch?v=67bgq8dJf3E","image":"https://coub-anubis-a.akamaized.net/coub_storage/media_block/cw_image/9198c7d2f06/3fb54965462bfc16038e0/1492549574_1449615644_1ihkdwa_att-url-download.jpg","image_retina":"https://coub-anubis-a.akamaized.net/coub_storage/media_block/cw_image/9198c7d2f06/3fb54965462bfc16038e0/1492549574_1449615644_1ihkdwa_att-url-download.jpg","meta":{"service":"Youtube","duration":"154.2"},"duration":154.2,"raw_video_id":1944785,"has_embed":true}},"raw_video_thumbnail_url":"/missing/missing.png","raw_video_title":"ＬＳ４００　ＬＥＤ　Ｄｉｓｐｌａｙ","video_block_banned":false,"duration":10.0,"promo_winner":false,"promo_winner_recoubers":null,"editorial_info":{},"promo_hint":null,"beeline_best_2014":null,"from_web_editor":true,"normalize_sound":true,"normalize_change_allowed":true,"best2015_addable":false,"ahmad_promo":null,"promo_data":null,"audio_copyright_claim":null,"ads_disabled":null,"is_safe_for_ads":true,"megafon_contents":[],"position_on_page":10}]}