{"page":160,"per_page":10,"total_pages":500,"coubs":[{"flag":null,"abuses":null,"recoubs_by_users_channels":null,"favourite":false,"promoted_id":null,"recoub":null,"like":null,"dislike":null,"reaction":null,"in_my_best2015":false,"id":23490777,"type":"Coub::Simple","permalink":"djcco","title":"Goldfish Bowl","visibility_type":"public","original_visibility_type":"public","channel_id":2468838,"created_at":"2016-07-15T16:41:10Z","updated_at":"2021-09-15T22:36:56Z","is_done":true,"views_count":42015,"cotd":null,"cotd_at":null,"visible_on_explore_root":false,"visible_on_explore":false,"featured":false,"published":true,"published_at":"2016-07-15T16:41:10Z","reversed":false,"from_editor_v2":true,"is_editable":true,"original_sound":false,"has_sound":false,"recoub_to":null,"file_versions":{"html5":{"video":{"higher":{"url":"https://coub-anubis-a.akamaized.net/coub_storage/coub/simple/cw_file/68a72e21bdd/b7da0d729e76e8763acc1/muted_mp4_huge_size_1567904902_muted_huge.mp4","size":631422},"high":{"url":"https://coub-anubis-a.akamaized.net/coub_storage/coub/simple/cw_file/68a72e21bdd/b7da0d729e76e8763acc1/muted_mp4_big_size_1567904902_muted_big.mp4","size":456342},"med":{"url":"https://coub-anubis-a.akamaized.net/coub_storage/coub/simple/cw_file/68a72e21bdd/b7da0d729e76e8763acc1/muted_mp4_med_size_1567904902_muted_med.mp4","size":186092}},"audio":{"high":{"url":"https://coub-anubis-a.akamaized.net/coub_storage/coub/simple/cw_looped_audio_high/83d5901b823/0595f9b46df3d1f7e7bc1/1605505636_high_1470885279_high.mp3","size":4631009},"med":{"url":"https://coub-anubis-a.akamaized.net/coub_storage/coub/simple/cw_looped_audio_med/24773378f41/6c43f238716205410c9b6/1605505634_med_1470885279_med.mp3","size":4107150}}},"mobile":{"video":"https://coub-anubis-a.akamaized.net/coub_storage/coub/simple/cw_file/68a72e21bdd/b7da0d729e76e8763acc1/muted_mp4_med_size_1567904902_muted_med.mp4","audio":["https://coub-anubis-a.akamaized.net/coub_storage/coub/simple/cw_looped_audio_med/24773378f41/6c43f238716205410c9b6/1605505634_med_1470885279_med.mp3"]},"share":{"default":null}},"audio_versions":{"template":"https://coub-anubis-a.akamaized.net/coub_storage/audio_track/cw_file/4136faea4f6/096e27aab341c97285379/mid_1468600904_19r66lu_edited.mp3","versions":["mid","low"]},"image_versions":{"template":"https://coub-anubis-a.akamaized.net/coub_storage/coub/simple/cw_image/e3eb2314c6a/077119e61b1272a38c9eb/1473905275_00024.jpg","versions":["micro","tiny","age_restricted","ios_large","ios_mosaic","big","med","small","pinterest"]},"first_frame_versions":{"template":"https://coub-anubis-a.akamaized.net/coub_storage/coub/simple/cw_timeline_pic/e3eb2314c6a/077119e61b1272a38c9eb/1473905288_image.jpg","versions":["big","med","small","ios_large"]},"dimensions":{"big":[960,960],"med":[480,480]},"site_w_h":[400,400],"page_w_h":[400,400],"site_w_h_small":[310,310],"size":[960,960],"age_restricted":false,"age_restricted_by_admin":false,"not_safe_for_work":false,"allow_reuse":false,"dont_crop":false,"banned":false,"global_safe":true,"audio_file_url":"https://coub-anubis-a.akamaized.net/coub_storage/audio_track/cw_file/4136faea4f6/096e27aab341c97285379/low_1468600904_19r66lu_edited.mp3","external_download":{"type":"Tumblr","service_name":"Tumblr","url":"http://jimneilson.tumblr.com/post/139852270576/goldfish-bowl","has_embed":false},"application":null,"channel":{"id":2468838,"permalink":"hateanimation","title":"Animation Hate","description":"Animation Hate® 🔸","followers_count":21471,"following_count":18,"avatar_versions":{"template":"https://coub-anubis-a.akamaized.net/coub_storage/channel/cw_avatar/a85b6bb837c/4005c6c2ca4170b89313d/%{version}_1607432453_1hqyn4v_1474706918_cinemagraphs-2-thumb290.jpg","versions":["medium","medium_2x","profile_pic","profile_pic_new","profile_pic_new_2x","tiny","tiny_2x","small","small_2x","ios_large","ios_small"]}},"file":null,"picture":"https://coub-anubis-a.akamaized.net/coub_storage/coub/simple/cw_image/e3eb2314c6a/077119e61b1272a38c9eb/1473905275_00024.jpg","timeline_picture":"https://coub-anubis-a.akamaized.net/coub_storage/coub/simple/cw_timeline_pic/e3eb2314c6a/077119e61b1272a38c9eb/1473905288_image.jpg","small_picture":"https://coub-anubis-a.akamaized.net/coub_storage/coub/simple/cw_image/e3eb2314c6a/077119e61b1272a38c9eb/1473905275_00024.jpg","sharing_picture":null,"percent_done":100,"tags":[{"id":73847,"title":"aqua","value":"aqua"},{"id":7170,"title":"light","value":"light"},{"id":2588,"title":"sad","value":"sad"},{"id":64609,"title":"x","value":"x"},{"id":50,"title":"coub","value":"coub"},{"id":86,"title":"music","value":"music"},{"id":9503,"title":"indie","value":"indie"},{"id":69264,"title":"groovy","value":"groovy"},{"id":430,"title":"fish","value":"fish"},{"id":5740,"title":"dream","value":"dream"},{"id":3081,"title":"free","value":"free"},{"id":4136,"title":"world","value":"world"},{"id":1804,"title":"trip","value":"trip"},{"id":1365441,"title":"animation hate","value":"animation%20hate"},{"id":21500,"title":"animate","value":"animate"},{"id":168,"title":"loop","value":"loop"},{"id":1133540,"title":"eleprimer","value":"eleprimer"}],"categories":[{"id":114,"title":"Live Pictures","permalink":"live-pictures","subscriptions_count":2028289,"big_image_url":"https://coub-anubis-a.akamaized.net/coub_storage/category/cw_image/6a781fee541/43bd1211431771697290d/big_1622039067_Live_pictures.png","small_image_url":"https://coub-anubis-a.akamaized.net/coub_storage/category/cw_image/6a781fee541/43bd1211431771697290d/small_1622039067_Live_pictures.png","med_image_url":"https://coub-anubis-a.akamaized.net/coub_storage/category/cw_image/6a781fee541/43bd1211431771697290d/med_1622039067_Live_pictures.png","visible":true}],"communities":[{"id":114,"title":"Live Pictures","permalink":"live-pictures","subscriptions_count":2028289,"big_image_url":"https://coub-anubis-a.akamaized.net/coub_storage/category/cw_image/6a781fee541/43bd1211431771697290d/big_1622039067_Live_pictures.png","small_image_url":"https://coub-anubis-a.akamaized.net/coub_storage/category/cw_image/6a781fee541/43bd1211431771697290d/small_1622039067_Live_pictures.png","med_image_url":"https://coub-anubis-a.akamaized.net/coub_storage/category/cw_image/6a781fee541/43bd1211431771697290d/med_1622039067_Live_pictures.png","i_subscribed":true,"community_notifications_enabled":null,"description":null}],"recoubs_count":58,"remixes_count":1,"likes_count":192,"dislikes_count":0,"raw_video_id":2568082,"uploaded_by_ios_app":false,"uploaded_by_android_app":false,"media_blocks":{"uploaded_raw_videos":[],"external_raw_videos":[{"id":15256176,"title":"Goldfish Bowl","url":"http://jimneilson.tumblr.com/post/139852270576/goldfish-bowl","image":"https://coub-anubis-a.akamaized.net/coub_storage/media_block/cw_image/aa6961a620a/1192cadf94139bef12fc7/1490924037_1462492036_image.jpg","image_retina":"https://coub-anubis-a.akamaized.net/coub_storage/media_block/cw_image/aa6961a620a/1192cadf94139bef12fc7/1490924037_1462492036_image.jpg","meta":{"service":"Tumblr","duration":"7.64"},"duration":7.64,"raw_video_id":2568082,"has_embed":false}],"remixed_from_coubs":[],"external_video":{"id":15256176,"title":"Goldfish Bowl","url":"http://jimneilson.tumblr.com/post/139852270576/goldfish-bowl","image":"https://coub-anubis-a.akamaized.net/coub_storage/media_block/cw_image/aa6961a620a/1192cadf94139bef12fc7/1490924037_1462492036_image.jpg","image_retina":"https://coub-anubis-a.akamaized.net/coub_storage/media_block/cw_image/aa6961a620a/1192cadf94139bef12fc7/1490924037_1462492036_image.jpg","meta":{"service":"Tumblr","duration":"7.64"},"duration":7.64,"raw_video_id":2568082,"has_embed":false}},"raw_video_thumbnail_url":"/missing/missing.png","raw_video_title":"Goldfish Bowl","video_block_banned":false,"duration":7.64,"promo_winner":false,"promo_winner_recoubers":null,"editorial_info":{},"promo_hint":null,"beeline_best_2014":null,"from_web_editor":true,"normalize_sound":false,"normalize_change_allowed":true,"best2015_addable":false,"ahmad_promo":null,"promo_data":null,"audio_copyright_claim":null,"ads_disabled":false,"is_safe_for_ads":true,"megafon_contents":[],"position_on_page":1},{"flag":null,"abuses":null,"recoubs_by_users_channels":null,"favourite":false,"promoted_id":null,"recoub":null,"like":null,"dislike":null,"reaction":null,"in_my_best2015":false,"id":16369460,"type":"Coub::Simple","permalink":"9apga","title":"Milk on Mustache Flanders","visibility_type":"public","original_visibility_type":"public","channel_id":34013,"created_at":"2015-11-20T10:31:01Z","updated_at":"2022-03-12T11:25:12Z","is_done":true,"views_count":23283,"cotd":null,"cotd_at":null,"visible_on_explore_root":true,"visible_on_explore":true,"featured":true,"published":true,"published_at":"2015-11-20T10:31:01Z","reversed":false,"from_editor_v2":true,"is_editable":true,"original_sound":false,"has_sound":false,"recoub_to":null,"file_versions":{"html5":{"video":{"higher":{"url":"https://coub-anubis-a.akamaized.net/coub_storage/coub/simple/cw_file/760b3f7e3e3/d905f467f975a5f9dcf6d/muted_mp4_huge_size_1567824053_muted_huge.mp4","size":244765},"high":{"url":"https://coub-anubis-a.akamaized.net/coub_storage/coub/simple/cw_file/760b3f7e3e3/d905f467f975a5f9dcf6d/muted_mp4_big_size_1567824053_muted_big.mp4","size":176432},"med":{"url":"https://coub-anubis-a.akamaized.net/coub_storage/coub/simple/cw_file/760b3f7e3e3/d905f467f975a5f9dcf6d/muted_mp4_med_size_1567824053_muted_med.mp4","size":67066}},"audio":{"high":{"url":"https://coub-anubis-a.akamaized.net/coub_storage/coub/simple/cw_looped_audio_high/6326bfa7d67/88ef53e21e33b322212d9/1605465256_high_1448015580_high.mp3","size":7362768},"med":{"url":"https://coub-anubis-a.akamaized.net/coub_storage/coub/simple/cw_looped_audio_med/d79eff280cc/8ef5cb30aea1a99008cfe/1605465255_med_1448015580_med.mp3","size":4908511}}},"mobile":{"video":"https://coub-anubis-a.akamaized.net/coub_storage/coub/simple/cw_file/760b3f7e3e3/d905f467f975a5f9dcf6d/muted_mp4_med_size_1567824053_muted_med.mp4","audio":["https://coub-anubis-a.akamaized.net/coub_storage/coub/simple/cw_looped_audio_med/d79eff280cc/8ef5cb30aea1a99008cfe/1605465255_med_1448015580_med.mp3"]},"share":{"default":"https://coub-anubis-a.akamaized.net/coub_storage/coub/simple/cw_video_for_sharing/4c6dfb34c8c/fd56bb680041a37dd9f52/1645339398_looped_1645339397.mp4"}},"audio_versions":{"template":"https://coub-anubis-a.akamaized.net/coub_storage/audio_track/cw_normalized_copy/176d67c887c/87e8bd65c397e3a0ada5d/mid_1471324074_j7wkm8_normalized_1448015042_audio.mp3","versions":["mid","low"]},"image_versions":{"template":"https://coub-anubis-a.akamaized.net/coub_storage/coub/simple/cw_image/304f279aa96/938c65c222ded0509c751/1448015628_00005.jpg","versions":["micro","tiny","age_restricted","ios_large","ios_mosaic","big","med","small","pinterest"]},"first_frame_versions":{"template":"https://coub-anubis-a.akamaized.net/coub_storage/coub/simple/cw_timeline_pic/304f279aa96/938c65c222ded0509c751/%{version}_1448015628_image.jpg","versions":["big","med","small","ios_large"]},"dimensions":{"big":[1280,872],"med":[640,436]},"site_w_h":[640,436],"page_w_h":[640,436],"site_w_h_small":[310,211],"size":[1280,872],"age_restricted":false,"age_restricted_by_admin":false,"not_safe_for_work":false,"allow_reuse":false,"dont_crop":false,"banned":false,"global_safe":true,"audio_file_url":"https://coub-anubis-a.akamaized.net/coub_storage/audio_track/cw_normalized_copy/176d67c887c/87e8bd65c397e3a0ada5d/low_1471324074_j7wkm8_normalized_1448015042_audio.mp3","external_download":{"type":"Imgur","service_name":"Imgur","url":"http://i.imgur.com/7EPObgD.gifv","has_embed":false},"application":null,"channel":{"id":34013,"permalink":"eleprimer","title":"Light Tuesday ","description":"In Source We Trust #eleprimer","followers_count":47143,"following_count":309,"avatar_versions":{"template":"https://coub-anubis-a.akamaized.net/coub_storage/channel/cw_avatar/6935064c7dc/619c13567459f10bfe258/%{version}_1598751147_ghh.jpg","versions":["medium","medium_2x","profile_pic","profile_pic_new","profile_pic_new_2x","tiny","tiny_2x","small","small_2x","ios_large","ios_small"]}},"file":null,"picture":"https://coub-anubis-a.akamaized.net/coub_storage/coub/simple/cw_image/304f279aa96/938c65c222ded0509c751/1448015628_00005.jpg","timeline_picture":"https://coub-anubis-a.akamaized.net/coub_storage/coub/simple/cw_timeline_pic/304f279aa96/938c65c222ded0509c751/ios_large_1448015628_image.jpg","small_picture":"https://coub-anubis-a.akamaized.net/coub_storage/coub/simple/cw_image/304f279aa96/938c65c222ded0509c751/1448015628_00005.jpg","sharing_picture":null,"percent_done":100,"tags":[{"id":1166,"title":"yellow","value":"yellow"},{"id":10226,"title":"зеленый","value":"%D0%B7%D0%B5%D0%BB%D0%B5%D0%BD%D1%8B%D0%B9"},{"id":59233,"title":"желтый","value":"%D0%B6%D0%B5%D0%BB%D1%82%D1%8B%D0%B9"},{"id":955943,"title":"gifv","value":"gifv"},{"id":421,"title":"gif","value":"gif"},{"id":192,"title":"classic","value":"classic"},{"id":2588,"title":"sad","value":"sad"},{"id":7120,"title":"тлен","value":"%D1%82%D0%BB%D0%B5%D0%BD"},{"id":129478,"title":"уныние","value":"%D1%83%D0%BD%D1%8B%D0%BD%D0%B8%D0%B5"},{"id":5175,"title":"грусть","value":"%D0%B3%D1%80%D1%83%D1%81%D1%82%D1%8C"},{"id":176970,"title":"рев","value":"%D1%80%D0%B5%D0%B2"},{"id":44566,"title":"плачь","value":"%D0%BF%D0%BB%D0%B0%D1%87%D1%8C"},{"id":8304,"title":"2x2","value":"2x2"},{"id":1727,"title":"the simpsons","value":"the%20simpsons"},{"id":65905,"title":"mustache","value":"mustache"},{"id":10760,"title":"noob","value":"noob"},{"id":1253,"title":"wtf","value":"wtf"},{"id":102008,"title":"залип","value":"%D0%B7%D0%B0%D0%BB%D0%B8%D0%BF"},{"id":1607,"title":"cartoons","value":"cartoons"},{"id":424,"title":"animation","value":"animation"},{"id":168,"title":"loop","value":"loop"},{"id":1236,"title":"no","value":"no"},{"id":728387,"title":":/","value":":/"},{"id":9311,"title":"milk","value":"milk"}],"categories":[{"id":114,"title":"Live Pictures","permalink":"live-pictures","subscriptions_count":2028289,"big_image_url":"https://coub-anubis-a.akamaized.net/coub_storage/category/cw_image/6a781fee541/43bd1211431771697290d/big_1622039067_Live_pictures.png","small_image_url":"https://coub-anubis-a.akamaized.net/coub_storage/category/cw_image/6a781fee541/43bd1211431771697290d/small_1622039067_Live_pictures.png","med_image_url":"https://coub-anubis-a.akamaized.net/coub_storage/category/cw_image/6a781fee541/43bd1211431771697290d/med_1622039067_Live_pictures.png","visible":true}],"communities":[{"id":114,"title":"Live Pictures","permalink":"live-pictures","subscriptions_count":2028289,"big_image_url":"https://coub-anubis-a.akamaized.net/coub_storage/category/cw_image/6a781fee541/43bd1211431771697290d/big_1622039067_Live_pictures.png","small_image_url":"https://coub-anubis-a.akamaized.net/coub_storage/category/cw_image/6a781fee541/43bd1211431771697290d/small_1622039067_Live_pictures.png","med_image_url":"https://coub-anubis-a.akamaized.net/coub_storage/category/cw_image/6a781fee541/43bd1211431771697290d/med_1622039067_Live_pictures.png","i_subscribed":true,"community_notifications_enabled":null,"description":null}],"recoubs_count":50,"remixes_count":1,"likes_count":192,"dislikes_count":0,"raw_video_id":1881710,"uploaded_by_ios_app":false,"uploaded_by_android_app":false,"media_blocks":{"uploaded_raw_videos":[],"external_raw_videos":[],"remixed_from_coubs":[]},"raw_video_thumbnail_url":"/missing/missing.png","raw_video_title":"Sexy mustache Flanders.","video_block_banned":false,"duration":1.56,"promo_winner":false,"promo_winner_recoubers":null,"editorial_info":{},"promo_hint":null,"beeline_best_2014":null,"from_web_editor":true,"normalize_sound":true,"normalize_change_allowed":true,"best2015_addable":false,"ahmad_promo":null,"promo_data":null,"audio_copyright_claim":null,"ads_disabled":null,"is_safe_for_ads":true,"megafon_contents":[],"position_on_page":2},{"flag":null,"abuses":null,"recoubs_by_users_channels":null,"favourite":false,"promoted_id":null,"recoub":null,"like":null,"dislike":null,"reaction":null,"in_my_best2015":false,"id":176793154,"type":"Coub::Simple","permalink":"2wwtdq","title":"Star Wars: General Grievous Theme | EPIC RUSSIAN VERSION","visibility_type":"public","original_visibility_type":"public","channel_id":5752087,"created_at":"2021-10-09T13:36:34Z","updated_at":"2022-03-09T17:10:35Z","is_done":true,"views_count":36589,"cotd":null,"cotd_at":null,"visible_on_explore_root":false,"visible_on_explore":false,"featured":false,"published":true,"published_at":"2021-10-09T13:36:34Z","reversed":false,"from_editor_v2":true,"is_editable":true,"original_sound":false,"has_sound":false,"recoub_to":null,"file_versions":{"html5":{"video":{"higher":{"url":"https://coub-anubis-a.akamaized.net/coub_storage/coub/simple/cw_file/28e50875773/89f4b7349efc751375716/muted_mp4_huge_size_1633786706_muted_huge.mp4","size":447880},"high":{"url":"https://coub-anubis-a.akamaized.net/coub_storage/coub/simple/cw_file/28e50875773/89f4b7349efc751375716/muted_mp4_big_size_1633786706_muted_big.mp4","size":314278},"med":{"url":"https://coub-anubis-a.akamaized.net/coub_storage/coub/simple/cw_file/28e50875773/89f4b7349efc751375716/muted_mp4_med_size_1633786706_muted_med.mp4","size":78878}},"audio":{"high":{"url":"https://coub-anubis-a.akamaized.net/coub_storage/coub/simple/cw_looped_audio_high/2a767c8b815/1863e8fe60932657a2017/1633786747_mp3-high.mp3","size":4181573},"med":{"url":"https://coub-anubis-a.akamaized.net/coub_storage/coub/simple/cw_looped_audio_med/73b9130df51/7631ddfdf84eff40b8799/1633786744_mp3-med.mp3","size":2987805}}},"mobile":{"video":"https://coub-anubis-a.akamaized.net/coub_storage/coub/simple/cw_file/28e50875773/89f4b7349efc751375716/muted_mp4_med_size_1633786706_muted_med.mp4","audio":["https://coub-anubis-a.akamaized.net/coub_storage/coub/simple/cw_looped_audio_med/73b9130df51/7631ddfdf84eff40b8799/1633786744_mp3-med.mp3"]},"share":{"default":"https://coub-anubis-a.akamaized.net/coub_storage/coub/simple/cw_video_for_sharing/7b7a0e4d483/c35aab947b12e49717110/1633786776_looped_1633786775.mp4"}},"audio_versions":{"template":"https://coub-anubis-a.akamaized.net/coub_storage/audio_track/cw_normalized_copy/38780b39a53/a31c887046c565279d31a/mid_1633786729_normalized_1633786711_1g1f78b_edited.mp3","versions":["mid","low"]},"image_versions":{"template":"https://coub-anubis-a.akamaized.net/coub_storage/coub/simple/cw_image/59b0635074c/098133f45dc2645ab0475/%{version}_1633786753_00031.jpg","versions":["micro","tiny","age_restricted","ios_large","ios_mosaic","big","med","small","pinterest"]},"first_frame_versions":{"template":"https://coub-anubis-a.akamaized.net/coub_storage/coub/simple/cw_timeline_pic/0a59da0ec92/db336c120238844231fbe/%{version}_1633786752_image.jpg","versions":["big","med","small","ios_large"]},"dimensions":{"big":[1280,720],"med":[640,360]},"site_w_h":[640,360],"page_w_h":[640,360],"site_w_h_small":[310,174],"size":[1280,720],"age_restricted":false,"age_restricted_by_admin":false,"not_safe_for_work":false,"allow_reuse":false,"dont_crop":true,"banned":false,"global_safe":null,"audio_file_url":"https://coub-anubis-a.akamaized.net/coub_storage/audio_track/cw_normalized_copy/38780b39a53/a31c887046c565279d31a/low_1633786729_normalized_1633786711_1g1f78b_edited.mp3","external_download":{"type":"Youtube","service_name":"YouTube","url":"https://www.youtube.com/watch?v=ZTRPMRv2Heo&list=PLMafvB6r-ZA1QfBejgz8MYFyVRYDbSvlS&index=7&ab_channel=SamuelKimMusic","has_embed":true},"application":null,"channel":{"id":5752087,"permalink":"morckham","title":"morckham","description":null,"followers_count":32,"following_count":19,"avatar_versions":{"template":"https://coub-anubis-a.akamaized.net/coub_storage/channel/cw_avatar/bddc2eef1d6/2a59a8c84eef948440208/%{version}_1618315722_wallpaper.jpg","versions":["medium","medium_2x","profile_pic","profile_pic_new","profile_pic_new_2x","tiny","tiny_2x","small","small_2x","ios_large","ios_small"]}},"file":null,"picture":"https://coub-anubis-a.akamaized.net/coub_storage/coub/simple/cw_image/59b0635074c/098133f45dc2645ab0475/med_1633786753_00031.jpg","timeline_picture":"https://coub-anubis-a.akamaized.net/coub_storage/coub/simple/cw_timeline_pic/0a59da0ec92/db336c120238844231fbe/ios_large_1633786752_image.jpg","small_picture":"https://coub-anubis-a.akamaized.net/coub_storage/coub/simple/cw_image/59b0635074c/098133f45dc2645ab0475/ios_mosaic_1633786753_00031.jpg","sharing_picture":null,"percent_done":100,"tags":[{"id":759,"title":"star wars","value":"star%20wars"},{"id":1122109,"title":"star wars soundtrack","value":"star%20wars%20soundtrack"},{"id":553106,"title":"general grievous","value":"general%20grievous"},{"id":5464530,"title":"general grievous theme","value":"general%20grievous%20theme"},{"id":5843795,"title":"general grievous russian","value":"general%20grievous%20russian"},{"id":5843798,"title":"general grievous soviet russian","value":"general%20grievous%20soviet%20russian"},{"id":5843799,"title":"star wars russian","value":"star%20wars%20russian"},{"id":6524368,"title":"soviet grievous","value":"soviet%20grievous"}],"categories":[{"id":114,"title":"Live Pictures","permalink":"live-pictures","subscriptions_count":2028289,"big_image_url":"https://coub-anubis-a.akamaized.net/coub_storage/category/cw_image/6a781fee541/43bd1211431771697290d/big_1622039067_Live_pictures.png","small_image_url":"https://coub-anubis-a.akamaized.net/coub_storage/category/cw_image/6a781fee541/43bd1211431771697290d/small_1622039067_Live_pictures.png","med_image_url":"https://coub-anubis-a.akamaized.net/coub_storage/category/cw_image/6a781fee541/43bd1211431771697290d/med_1622039067_Live_pictures.png","visible":true}],"communities":[{"id":114,"title":"Live Pictures","permalink":"live-pictures","subscriptions_count":2028289,"big_image_url":"https://coub-anubis-a.akamaized.net/coub_storage/category/cw_image/6a781fee541/43bd1211431771697290d/big_1622039067_Live_pictures.png","small_image_url":"https://coub-anubis-a.akamaized.net/coub_storage/category/cw_image/6a781fee541/43bd1211431771697290d/small_1622039067_Live_pictures.png","med_image_url":"https://coub-anubis-a.akamaized.net/coub_storage/category/cw_image/6a781fee541/43bd1211431771697290d/med_1622039067_Live_pictures.png","i_subscribed":true,"community_notifications_enabled":null,"description":null}],"recoubs_count":33,"remixes_count":0,"likes_count":191,"dislikes_count":0,"raw_video_id":16525617,"uploaded_by_ios_app":false,"uploaded_by_android_app":false,"media_blocks":{"uploaded_raw_videos":[],"external_raw_videos":[{"id":39071091,"title":"Star Wars: General Grievous Theme | EPIC RUSSIAN VERSION","url":"https://www.youtube.com/watch?v=ZTRPMRv2Heo","image":"https://coub-anubis-a.akamaized.net/coub_storage/media_block/cw_image/f8e2c63a0bc/e88ee5201d6eb396d01d3/video_1623594033_13mtb8x_1623593860_b931rr_att-url-download.jpg_v_5f325ab9","image_retina":"https://coub-anubis-a.akamaized.net/coub_storage/media_block/cw_image/f8e2c63a0bc/e88ee5201d6eb396d01d3/video_retina_1623594033_13mtb8x_1623593860_b931rr_att-url-download.jpg_v_5f325ab9","meta":{"service":"Youtube","duration":"194.8"},"duration":194.8,"raw_video_id":16525617,"has_embed":true}],"remixed_from_coubs":[],"external_video":{"id":39071091,"title":"Star Wars: General Grievous Theme | EPIC RUSSIAN VERSION","url":"https://www.youtube.com/watch?v=ZTRPMRv2Heo","image":"https://coub-anubis-a.akamaized.net/coub_storage/media_block/cw_image/f8e2c63a0bc/e88ee5201d6eb396d01d3/video_1623594033_13mtb8x_1623593860_b931rr_att-url-download.jpg_v_5f325ab9","image_retina":"https://coub-anubis-a.akamaized.net/coub_storage/media_block/cw_image/f8e2c63a0bc/e88ee5201d6eb396d01d3/video_retina_1623594033_13mtb8x_1623593860_b931rr_att-url-download.jpg_v_5f325ab9","meta":{"service":"Youtube","duration":"194.8"},"duration":194.8,"raw_video_id":16525617,"has_embed":true}},"raw_video_thumbnail_url":"https://coub-anubis-a.akamaized.net/coub_storage/raw_video/cw_image/f1d3e9f0fc3/67032585a2be5f68ed83d/coub_media_1623593861_1623593860_b931rr_att-url-download.jpg_v_5f325ab9","raw_video_title":"Star Wars: General Grievous Theme | EPIC RUSSIAN VERSION","video_block_banned":false,"duration":9.84,"promo_winner":false,"promo_winner_recoubers":null,"editorial_info":{},"promo_hint":null,"beeline_best_2014":null,"from_web_editor":true,"normalize_sound":true,"normalize_change_allowed":true,"best2015_addable":false,"ahmad_promo":null,"promo_data":null,"audio_copyright_claim":null,"ads_disabled":false,"is_safe_for_ads":true,"megafon_contents":[],"position_on_page":3},{"flag":null,"abuses":null,"recoubs_by_users_channels":null,"favourite":false,"promoted_id":null,"recoub":null,"like":null,"dislike":null,"reaction":null,"in_my_best2015":false,"id":171051030,"type":"Coub::Simple","permalink":"2thqp6","title":"Ｆｉｎｌａｎｄ","visibility_type":"public","original_visibility_type":"public","channel_id":1641147,"created_at":"2021-06-24T08:52:26Z","updated_at":"2022-03-08T18:42:55Z","is_done":true,"views_count":11150,"cotd":null,"cotd_at":null,"visible_on_explore_root":false,"visible_on_explore":false,"featured":false,"published":true,"published_at":"2021-06-24T08:52:26Z","reversed":false,"from_editor_v2":true,"is_editable":true,"original_sound":false,"has_sound":false,"recoub_to":null,"file_versions":{"html5":{"video":{"higher":{"url":"https://coub-anubis-a.akamaized.net/coub_storage/coub/simple/cw_file/136ab42821d/c05b69b46a761f69c28d8/muted_mp4_huge_size_1624524748_muted_huge.mp4","size":752286},"high":{"url":"https://coub-anubis-a.akamaized.net/coub_storage/coub/simple/cw_file/136ab42821d/c05b69b46a761f69c28d8/muted_mp4_big_size_1624524748_muted_big.mp4","size":480215},"med":{"url":"https://coub-anubis-a.akamaized.net/coub_storage/coub/simple/cw_file/136ab42821d/c05b69b46a761f69c28d8/muted_mp4_med_size_1624524748_muted_med.mp4","size":172831}},"audio":{"high":{"url":"https://coub-anubis-a.akamaized.net/coub_storage/coub/simple/cw_looped_audio_high/6f4b5af501e/528f7ca7870366abd4b22/1624524771_mp3-high.mp3","size":2220722},"med":{"url":"https://coub-anubis-a.akamaized.net/coub_storage/coub/simple/cw_looped_audio_med/7186fbdc5cc/d3ca95a7e196d5ce1b514/1624524769_mp3-med.mp3","size":1821143}}},"mobile":{"video":"https://coub-anubis-a.akamaized.net/coub_storage/coub/simple/cw_file/136ab42821d/c05b69b46a761f69c28d8/muted_mp4_med_size_1624524748_muted_med.mp4","audio":["https://coub-anubis-a.akamaized.net/coub_storage/coub/simple/cw_looped_audio_med/7186fbdc5cc/d3ca95a7e196d5ce1b514/1624524769_mp3-med.mp3"]},"share":{"default":"https://coub-anubis-a.akamaized.net/coub_storage/coub/simple/cw_video_for_sharing/1cd4d743539/ad88035be30ef397ee737/1624524785_looped_1624524784.mp4"}},"audio_versions":{"template":"https://coub-anubis-a.akamaized.net/coub_storage/audio_track/cw_normalized_copy/cf44f40b258/d7d4c5564fc6c002befbd/mid_1624524761_normalized_1624524751_1dac6b9_edited.mp3","versions":["mid","low"]},"image_versions":{"template":"https://coub-anubis-a.akamaized.net/coub_storage/coub/simple/cw_image/e418ed58a67/2358f8ce55e0981368555/%{version}_1624524773_00008.jpg","versions":["micro","tiny","age_restricted","ios_large","ios_mosaic","big","med","small","pinterest"]},"first_frame_versions":{"template":"https://coub-anubis-a.akamaized.net/coub_storage/coub/simple/cw_timeline_pic/c6a0e8deacb/dd6c37bcb42c448b8c0dd/%{version}_1624524772_image.jpg","versions":["big","med","small","ios_large"]},"dimensions":{"big":[1280,800],"med":[640,400]},"site_w_h":[640,400],"page_w_h":[640,400],"site_w_h_small":[310,194],"size":[1280,800],"age_restricted":false,"age_restricted_by_admin":false,"not_safe_for_work":null,"allow_reuse":false,"dont_crop":true,"banned":false,"global_safe":null,"audio_file_url":"https://coub-anubis-a.akamaized.net/coub_storage/audio_track/cw_normalized_copy/cf44f40b258/d7d4c5564fc6c002befbd/low_1624524761_normalized_1624524751_1dac6b9_edited.mp3","external_download":false,"application":null,"channel":{"id":1641147,"permalink":"fallspellx","title":"ᵈᵉˢᵗᶦᶰʸＦａｌｌＳｐｅｌｌᴸᴺᴿ「Cursed」","description":"Сон твоих мёртвых друзей ᴾᵀᴺᴿ","followers_count":589,"following_count":187,"avatar_versions":{"template":"https://coub-anubis-a.akamaized.net/coub_storage/channel/cw_avatar/0757ed0f0f2/93fdc4b98c4c426919f82/%{version}_1637279362_228.png","versions":["medium","medium_2x","profile_pic","profile_pic_new","profile_pic_new_2x","tiny","tiny_2x","small","small_2x","ios_large","ios_small"]}},"file":null,"picture":"https://coub-anubis-a.akamaized.net/coub_storage/coub/simple/cw_image/e418ed58a67/2358f8ce55e0981368555/med_1624524773_00008.jpg","timeline_picture":"https://coub-anubis-a.akamaized.net/coub_storage/coub/simple/cw_timeline_pic/c6a0e8deacb/dd6c37bcb42c448b8c0dd/ios_large_1624524772_image.jpg","small_picture":"https://coub-anubis-a.akamaized.net/coub_storage/coub/simple/cw_image/e418ed58a67/2358f8ce55e0981368555/ios_mosaic_1624524773_00008.jpg","sharing_picture":null,"percent_done":100,"tags":[{"id":15666,"title":"destiny","value":"destiny"},{"id":4403866,"title":"anasabdin","value":"anasabdin"},{"id":4650007,"title":"vk.com/coub_cursed","value":"vk.com/coub_cursed"},{"id":5975295,"title":"wmd - ficus","value":"wmd%20-%20ficus"},{"id":4111,"title":"chill","value":"chill"},{"id":35822,"title":"pixel art","value":"pixel%20art"},{"id":353688,"title":"lnr","value":"lnr"},{"id":346526,"title":"akihabara","value":"akihabara"},{"id":4862418,"title":"the girl next door on top","value":"the%20girl%20next%20door%20on%20top"}],"categories":[{"id":114,"title":"Live Pictures","permalink":"live-pictures","subscriptions_count":2028289,"big_image_url":"https://coub-anubis-a.akamaized.net/coub_storage/category/cw_image/6a781fee541/43bd1211431771697290d/big_1622039067_Live_pictures.png","small_image_url":"https://coub-anubis-a.akamaized.net/coub_storage/category/cw_image/6a781fee541/43bd1211431771697290d/small_1622039067_Live_pictures.png","med_image_url":"https://coub-anubis-a.akamaized.net/coub_storage/category/cw_image/6a781fee541/43bd1211431771697290d/med_1622039067_Live_pictures.png","visible":true}],"communities":[{"id":114,"title":"Live Pictures","permalink":"live-pictures","subscriptions_count":2028289,"big_image_url":"https://coub-anubis-a.akamaized.net/coub_storage/category/cw_image/6a781fee541/43bd1211431771697290d/big_1622039067_Live_pictures.png","small_image_url":"https://coub-anubis-a.akamaized.net/coub_storage/category/cw_image/6a781fee541/43bd1211431771697290d/small_1622039067_Live_pictures.png","med_image_url":"https://coub-anubis-a.akamaized.net/coub_storage/category/cw_image/6a781fee541/43bd1211431771697290d/med_1622039067_Live_pictures.png","i_subscribed":true,"community_notifications_enabled":null,"description":null}],"recoubs_count":35,"remixes_count":0,"likes_count":191,"dislikes_count":0,"raw_video_id":16553989,"uploaded_by_ios_app":false,"uploaded_by_android_app":false,"media_blocks":{"uploaded_raw_videos":[],"external_raw_videos":[],"remixed_from_coubs":[]},"raw_video_thumbnail_url":"https://coub-anubis-a.akamaized.net/coub_storage/raw_video/cw_image/e9c52515cf5/269347a3a84392cc60c02/coub_media_1624524459_image.jpg","raw_video_title":"qqw21.gif","video_block_banned":false,"duration":2.48,"promo_winner":false,"promo_winner_recoubers":null,"editorial_info":{},"promo_hint":null,"beeline_best_2014":null,"from_web_editor":true,"normalize_sound":true,"normalize_change_allowed":true,"best2015_addable":false,"ahmad_promo":null,"promo_data":null,"audio_copyright_claim":null,"ads_disabled":null,"is_safe_for_ads":true,"megafon_contents":[],"position_on_page":4},{"flag":null,"abuses":null,"recoubs_by_users_channels":null,"favourite":false,"promoted_id":null,"recoub":null,"like":null,"dislike":null,"reaction":null,"in_my_best2015":false,"id":107753905,"type":"Coub::Simple","permalink":"1rqwqw","title":"Swing Cinemagraph","visibility_type":"public","original_visibility_type":"public","channel_id":2227934,"created_at":"2019-04-04T21:10:03Z","updated_at":"2022-03-07T23:07:02Z","is_done":true,"views_count":33480,"cotd":null,"cotd_at":null,"visible_on_explore_root":true,"visible_on_explore":true,"featured":true,"published":true,"published_at":"2019-04-04T21:10:03Z","reversed":false,"from_editor_v2":true,"is_editable":true,"original_sound":false,"has_sound":false,"recoub_to":null,"file_versions":{"html5":{"video":{"higher":{"url":"https://coub-anubis-a.akamaized.net/coub_storage/coub/simple/cw_file/2ff98f604da/c9658012d45420b936f16/muted_mp4_huge_size_1587821611_muted_huge.mp4","size":248684},"high":{"url":"https://coub-anubis-a.akamaized.net/coub_storage/coub/simple/cw_file/2ff98f604da/c9658012d45420b936f16/muted_mp4_big_size_1587821611_muted_big.mp4","size":150019},"med":{"url":"https://coub-anubis-a.akamaized.net/coub_storage/coub/simple/cw_file/2ff98f604da/c9658012d45420b936f16/muted_mp4_med_size_1587821611_muted_med.mp4","size":52693}},"audio":{"high":{"url":"https://coub-anubis-a.akamaized.net/coub_storage/coub/simple/cw_looped_audio_high/8f8f1c682de/201187faa28b1ab76274d/1605681984_high_1554412214_high.mp3","size":1178288},"med":{"url":"https://coub-anubis-a.akamaized.net/coub_storage/coub/simple/cw_looped_audio_med/e0cdd87b6ac/7419b49b6a99b902f4dc4/1605681983_med_1554412214_med.mp3","size":817841}}},"mobile":{"video":"https://coub-anubis-a.akamaized.net/coub_storage/coub/simple/cw_file/2ff98f604da/c9658012d45420b936f16/muted_mp4_med_size_1587821611_muted_med.mp4","audio":["https://coub-anubis-a.akamaized.net/coub_storage/coub/simple/cw_looped_audio_med/e0cdd87b6ac/7419b49b6a99b902f4dc4/1605681983_med_1554412214_med.mp3"]},"share":{"default":"https://coub-anubis-a.akamaized.net/coub_storage/coub/simple/cw_video_for_sharing/37e60424159/6dda08043872dd2d105bb/1613861549_looped_1613861549.mp4"}},"audio_versions":{"template":"https://coub-anubis-a.akamaized.net/coub_storage/audio_track/cw_file/0120231faf3/a899d27a88b0538e2364a/mid_1554412207_1w2r5ja_edited.mp3","versions":["mid","low"]},"image_versions":{"template":"https://coub-anubis-a.akamaized.net/coub_storage/coub/simple/cw_image/2f3ead7a509/57592671ed6178dd43222/1554412219_00008.jpg","versions":["micro","tiny","age_restricted","ios_large","ios_mosaic","big","med","small","pinterest"]},"first_frame_versions":{"template":"https://coub-anubis-a.akamaized.net/coub_storage/coub/simple/cw_timeline_pic/ac33d833696/b4ca7317adc8e1c6096b9/%{version}_1554412219_image.jpg","versions":["big","med","small","ios_large"]},"dimensions":{"big":[1280,720],"med":[640,360]},"site_w_h":[640,360],"page_w_h":[640,360],"site_w_h_small":[310,174],"size":[1280,720],"age_restricted":false,"age_restricted_by_admin":false,"not_safe_for_work":false,"allow_reuse":false,"dont_crop":false,"banned":false,"global_safe":true,"audio_file_url":"https://coub-anubis-a.akamaized.net/coub_storage/audio_track/cw_file/0120231faf3/a899d27a88b0538e2364a/low_1554412207_1w2r5ja_edited.mp3","external_download":{"type":"Imgur","service_name":"Imgur","url":"https://imgur.com/t/cinemagraphs/grfldrH","has_embed":false},"application":null,"channel":{"id":2227934,"permalink":"cinemagraphs","title":"Cinemagraphs 🍒","description":"Pictures of the future 📸 #Cinemagraphs","followers_count":51485,"following_count":25,"avatar_versions":{"template":"https://coub-anubis-a.akamaized.net/coub_storage/channel/cw_avatar/b167cf416ae/e7e9bad8a41580de67e5e/%{version}_1607423119_5o3vhm_1474588843_fonstola.ru-57386.jpg","versions":["medium","medium_2x","profile_pic","profile_pic_new","profile_pic_new_2x","tiny","tiny_2x","small","small_2x","ios_large","ios_small"]}},"file":null,"picture":"https://coub-anubis-a.akamaized.net/coub_storage/coub/simple/cw_image/2f3ead7a509/57592671ed6178dd43222/1554412219_00008.jpg","timeline_picture":"https://coub-anubis-a.akamaized.net/coub_storage/coub/simple/cw_timeline_pic/ac33d833696/b4ca7317adc8e1c6096b9/ios_large_1554412219_image.jpg","small_picture":"https://coub-anubis-a.akamaized.net/coub_storage/coub/simple/cw_image/2f3ead7a509/57592671ed6178dd43222/1554412219_00008.jpg","sharing_picture":null,"percent_done":100,"tags":[{"id":4075,"title":"street","value":"street"},{"id":49603,"title":"cinemagraph","value":"cinemagraph"},{"id":379284,"title":"cinemagraphs","value":"cinemagraphs"},{"id":168,"title":"loop","value":"loop"},{"id":3072,"title":"art","value":"art"},{"id":1133540,"title":"eleprimer","value":"eleprimer"}],"categories":[{"id":114,"title":"Live Pictures","permalink":"live-pictures","subscriptions_count":2028289,"big_image_url":"https://coub-anubis-a.akamaized.net/coub_storage/category/cw_image/6a781fee541/43bd1211431771697290d/big_1622039067_Live_pictures.png","small_image_url":"https://coub-anubis-a.akamaized.net/coub_storage/category/cw_image/6a781fee541/43bd1211431771697290d/small_1622039067_Live_pictures.png","med_image_url":"https://coub-anubis-a.akamaized.net/coub_storage/category/cw_image/6a781fee541/43bd1211431771697290d/med_1622039067_Live_pictures.png","visible":true}],"communities":[{"id":114,"title":"Live Pictures","permalink":"live-pictures","subscriptions_count":2028289,"big_image_url":"https://coub-anubis-a.akamaized.net/coub_storage/category/cw_image/6a781fee541/43bd1211431771697290d/big_1622039067_Live_pictures.png","small_image_url":"https://coub-anubis-a.akamaized.net/coub_storage/category/cw_image/6a781fee541/43bd1211431771697290d/small_1622039067_Live_pictures.png","med_image_url":"https://coub-anubis-a.akamaized.net/coub_storage/category/cw_image/6a781fee541/43bd1211431771697290d/med_1622039067_Live_pictures.png","i_subscribed":true,"community_notifications_enabled":null,"description":null}],"recoubs_count":19,"remixes_count":0,"likes_count":191,"dislikes_count":0,"raw_video_id":13444209,"uploaded_by_ios_app":false,"uploaded_by_android_app":false,"media_blocks":{"uploaded_raw_videos":[],"external_raw_videos":[{"id":31099264,"title":"Swing Cinemagraph","url":"https://imgur.com/gallery/grfldrH","image":null,"image_retina":null,"meta":{"service":"Imgur","duration":"2.44"},"duration":2.44,"raw_video_id":13444209,"has_embed":false}],"remixed_from_coubs":[],"external_video":{"id":31099264,"title":"Swing Cinemagraph","url":"https://imgur.com/gallery/grfldrH","image":null,"image_retina":null,"meta":{"service":"Imgur","duration":"2.44"},"duration":2.44,"raw_video_id":13444209,"has_embed":false}},"raw_video_thumbnail_url":"/missing/missing.png","raw_video_title":"Swing Cinemagraph","video_block_banned":false,"duration":2.44,"promo_winner":false,"promo_winner_recoubers":null,"editorial_info":{},"promo_hint":null,"beeline_best_2014":null,"from_web_editor":true,"normalize_sound":false,"normalize_change_allowed":true,"best2015_addable":false,"ahmad_promo":null,"promo_data":null,"audio_copyright_claim":null,"ads_disabled":false,"is_safe_for_ads":true,"megafon_contents":[],"position_on_page":5},{"flag":null,"abuses":null,"recoubs_by_users_channels":null,"favourite":false,"promoted_id":null,"recoub":null,"like":null,"dislike":null,"reaction":null,"in_my_best2015":false,"id":31383409,"type":"Coub::Simple","permalink":"i8ie8","title":"Petroleum","visibility_type":"public","original_visibility_type":"public","channel_id":3590746,"created_at":"2016-12-02T12:22:47Z","updated_at":"2022-03-06T02:44:19Z","is_done":true,"views_count":38412,"cotd":null,"cotd_at":null,"visible_on_explore_root":true,"visible_on_explore":true,"featured":true,"published":true,"published_at":"2016-12-02T12:22:47Z","reversed":false,"from_editor_v2":true,"is_editable":true,"original_sound":false,"has_sound":false,"recoub_to":null,"file_versions":{"html5":{"video":{"higher":{"url":"https://coub-anubis-a.akamaized.net/coub_storage/coub/simple/cw_file/3b1dc93d10f/c46fa5cdc6fe157981d0a/muted_mp4_huge_size_1568062748_muted_huge.mp4","size":7549144},"high":{"url":"https://coub-anubis-a.akamaized.net/coub_storage/coub/simple/cw_file/3b1dc93d10f/c46fa5cdc6fe157981d0a/muted_mp4_big_size_1568062748_muted_big.mp4","size":7896173},"med":{"url":"https://coub-anubis-a.akamaized.net/coub_storage/coub/simple/cw_file/3b1dc93d10f/c46fa5cdc6fe157981d0a/muted_mp4_med_size_1568062748_muted_med.mp4","size":1054737}},"audio":{"high":{"url":"https://coub-anubis-a.akamaized.net/coub_storage/coub/simple/cw_looped_audio_high/8f5648a4745/a36676ea67384d14a91de/1605560257_high_1480681430_high.mp3","size":6036550},"med":{"url":"https://coub-anubis-a.akamaized.net/coub_storage/coub/simple/cw_looped_audio_med/cf98a9f022d/319f80f2a9177f7f2f7c4/1605560256_med_1480681430_med.mp3","size":5815264}}},"mobile":{"video":"https://coub-anubis-a.akamaized.net/coub_storage/coub/simple/cw_file/3b1dc93d10f/c46fa5cdc6fe157981d0a/muted_mp4_med_size_1568062748_muted_med.mp4","audio":["https://coub-anubis-a.akamaized.net/coub_storage/coub/simple/cw_looped_audio_med/cf98a9f022d/319f80f2a9177f7f2f7c4/1605560256_med_1480681430_med.mp3"]},"share":{"default":"https://coub-anubis-a.akamaized.net/coub_storage/coub/simple/cw_video_for_sharing/efda523af06/ea6073b51fe959ca6d264/1624098913_looped_1624098912.mp4"}},"audio_versions":{"template":"https://coub-anubis-a.akamaized.net/coub_storage/audio_track/cw_normalized_copy/ddf7be4876d/db54a1ef4946f14777e10/mid_1480681414_1t56y3r_normalized_1480681393_1u4ct6z_edited.mp3","versions":["mid","low"]},"image_versions":{"template":"https://coub-anubis-a.akamaized.net/coub_storage/coub/simple/cw_image/52ff2e48ab6/9c83920fe8df0a5791c42/1480681447_00028.jpg","versions":["micro","tiny","age_restricted","ios_large","ios_mosaic","big","med","small","pinterest"]},"first_frame_versions":{"template":"https://coub-anubis-a.akamaized.net/coub_storage/coub/simple/cw_timeline_pic/af07f1c762a/cea4eb5162aa96dad6751/%{version}_1480681446_image.jpg","versions":["big","med","small","ios_large"]},"dimensions":{"big":[1280,720],"med":[640,360]},"site_w_h":[640,360],"page_w_h":[640,360],"site_w_h_small":[310,174],"size":[1280,720],"age_restricted":false,"age_restricted_by_admin":false,"not_safe_for_work":false,"allow_reuse":false,"dont_crop":false,"banned":false,"global_safe":true,"audio_file_url":"https://coub-anubis-a.akamaized.net/coub_storage/audio_track/cw_normalized_copy/ddf7be4876d/db54a1ef4946f14777e10/low_1480681414_1t56y3r_normalized_1480681393_1u4ct6z_edited.mp3","external_download":false,"application":null,"channel":{"id":3590746,"permalink":"freezeframe","title":"Freeze frame","description":"Freeze frame coubs channel","followers_count":8175,"following_count":0,"avatar_versions":{"template":"https://coub-anubis-a.akamaized.net/coub_storage/channel/cw_avatar/7276c60c74f/4115346aa1ad49e7bdf82/%{version}_1607432325_84dk5_1495362298_mpl01.jpg","versions":["medium","medium_2x","profile_pic","profile_pic_new","profile_pic_new_2x","tiny","tiny_2x","small","small_2x","ios_large","ios_small"]}},"file":null,"picture":"https://coub-anubis-a.akamaized.net/coub_storage/coub/simple/cw_image/52ff2e48ab6/9c83920fe8df0a5791c42/1480681447_00028.jpg","timeline_picture":"https://coub-anubis-a.akamaized.net/coub_storage/coub/simple/cw_timeline_pic/af07f1c762a/cea4eb5162aa96dad6751/ios_large_1480681446_image.jpg","small_picture":"https://coub-anubis-a.akamaized.net/coub_storage/coub/simple/cw_image/52ff2e48ab6/9c83920fe8df0a5791c42/1480681447_00028.jpg","sharing_picture":null,"percent_done":100,"tags":[{"id":197807,"title":"petroleum","value":"petroleum"},{"id":14191,"title":"oil","value":"oil"},{"id":1124,"title":"train","value":"train"},{"id":197,"title":"red","value":"red"},{"id":1594,"title":"black","value":"black"},{"id":32590,"title":"b&w","value":"b&w"},{"id":3655,"title":"black and white","value":"black%20and%20white"},{"id":106467,"title":"black & white","value":"black%20&%20white"},{"id":242,"title":"techno","value":"techno"},{"id":86,"title":"music","value":"music"},{"id":2352884,"title":"byetone - helix","value":"byetone%20-%20helix"},{"id":612898,"title":"byetone","value":"byetone"},{"id":274146,"title":"helix","value":"helix"},{"id":52783,"title":"infinity","value":"infinity"},{"id":7985,"title":"darkness","value":"darkness"},{"id":4136,"title":"world","value":"world"},{"id":354542,"title":"black gold","value":"black%20gold"},{"id":1567618,"title":"slidecelide","value":"slidecelide"},{"id":1927677,"title":"oilkeys","value":"oilkeys"},{"id":150354,"title":"gasoline","value":"gasoline"}],"categories":[{"id":114,"title":"Live Pictures","permalink":"live-pictures","subscriptions_count":2028289,"big_image_url":"https://coub-anubis-a.akamaized.net/coub_storage/category/cw_image/6a781fee541/43bd1211431771697290d/big_1622039067_Live_pictures.png","small_image_url":"https://coub-anubis-a.akamaized.net/coub_storage/category/cw_image/6a781fee541/43bd1211431771697290d/small_1622039067_Live_pictures.png","med_image_url":"https://coub-anubis-a.akamaized.net/coub_storage/category/cw_image/6a781fee541/43bd1211431771697290d/med_1622039067_Live_pictures.png","visible":true}],"communities":[{"id":114,"title":"Live Pictures","permalink":"live-pictures","subscriptions_count":2028289,"big_image_url":"https://coub-anubis-a.akamaized.net/coub_storage/category/cw_image/6a781fee541/43bd1211431771697290d/big_1622039067_Live_pictures.png","small_image_url":"https://coub-anubis-a.akamaized.net/coub_storage/category/cw_image/6a781fee541/43bd1211431771697290d/small_1622039067_Live_pictures.png","med_image_url":"https://coub-anubis-a.akamaized.net/coub_storage/category/cw_image/6a781fee541/43bd1211431771697290d/med_1622039067_Live_pictures.png","i_subscribed":true,"community_notifications_enabled":null,"description":null}],"recoubs_count":55,"remixes_count":1,"likes_count":191,"dislikes_count":0,"raw_video_id":6046307,"uploaded_by_ios_app":false,"uploaded_by_android_app":false,"media_blocks":{"uploaded_raw_videos":[],"external_raw_videos":[],"remixed_from_coubs":[]},"raw_video_thumbnail_url":"/missing/missing.png","raw_video_title":"train06.mp4","video_block_banned":false,"duration":8.8,"promo_winner":false,"promo_winner_recoubers":null,"editorial_info":{},"promo_hint":null,"beeline_best_2014":null,"from_web_editor":true,"normalize_sound":true,"normalize_change_allowed":true,"best2015_addable":false,"ahmad_promo":null,"promo_data":null,"audio_copyright_claim":null,"ads_disabled":null,"is_safe_for_ads":true,"megafon_contents":[],"position_on_page":6},{"flag":null,"abuses":null,"recoubs_by_users_channels":null,"favourite":false,"promoted_id":null,"recoub":null,"like":null,"dislike":null,"reaction":null,"in_my_best2015":false,"id":181776454,"type":"Coub::Simple","permalink":"2zvmjm","title":"Nier","visibility_type":"public","original_visibility_type":"public","channel_id":10533922,"created_at":"2022-01-21T12:44:21Z","updated_at":"2022-03-16T02:40:20Z","is_done":true,"views_count":44878,"cotd":null,"cotd_at":null,"visible_on_explore_root":false,"visible_on_explore":false,"featured":false,"published":true,"published_at":"2022-01-21T12:44:21Z","reversed":false,"from_editor_v2":true,"is_editable":true,"original_sound":false,"has_sound":false,"recoub_to":null,"file_versions":{"html5":{"video":{"higher":{"url":"https://coub-anubis-a.akamaized.net/coub_storage/coub/simple/cw_file/9f206476bc7/d9185d11e541ff57af49e/muted_mp4_huge_size_1642769077_muted_huge.mp4","size":856754},"high":{"url":"https://coub-anubis-a.akamaized.net/coub_storage/coub/simple/cw_file/9f206476bc7/d9185d11e541ff57af49e/muted_mp4_big_size_1642769077_muted_big.mp4","size":565099},"med":{"url":"https://coub-anubis-a.akamaized.net/coub_storage/coub/simple/cw_file/9f206476bc7/d9185d11e541ff57af49e/muted_mp4_med_size_1642769077_muted_med.mp4","size":170550}},"audio":{"high":{"url":"https://coub-anubis-a.akamaized.net/coub_storage/coub/simple/cw_looped_audio_high/ddf44c80d16/ee17e7b93effb71e8d363/1642769122_mp3-high.mp3","size":4193866},"med":{"url":"https://coub-anubis-a.akamaized.net/coub_storage/coub/simple/cw_looped_audio_med/d28793a77b8/45bf2d4473750590c4806/1642769119_mp3-med.mp3","size":3033258}}},"mobile":{"video":"https://coub-anubis-a.akamaized.net/coub_storage/coub/simple/cw_file/9f206476bc7/d9185d11e541ff57af49e/muted_mp4_med_size_1642769077_muted_med.mp4","audio":["https://coub-anubis-a.akamaized.net/coub_storage/coub/simple/cw_looped_audio_med/d28793a77b8/45bf2d4473750590c4806/1642769119_mp3-med.mp3"]},"share":{"default":"https://coub-anubis-a.akamaized.net/coub_storage/coub/simple/cw_video_for_sharing/c2e09eb9c9d/0a6f777c38023497fa5cc/1642769147_looped_1642769147.mp4"}},"audio_versions":{"template":"https://coub-anubis-a.akamaized.net/coub_storage/audio_track/cw_normalized_copy/5d128b6e1d2/82cc5cea1fa0613d1e31a/mid_1642769104_normalized_1642769083_1lx9nw7_edited.mp3","versions":["mid","low"]},"image_versions":{"template":"https://coub-anubis-a.akamaized.net/coub_storage/coub/simple/cw_image/472f73e554d/d1f0fa29032a86034b693/%{version}_1642769127_00032.jpg","versions":["micro","tiny","age_restricted","ios_large","ios_mosaic","big","med","small","pinterest"]},"first_frame_versions":{"template":"https://coub-anubis-a.akamaized.net/coub_storage/coub/simple/cw_timeline_pic/5cd73ca7619/86987f946e6309ab1ad7b/%{version}_1642769126_image.jpg","versions":["big","med","small","ios_large"]},"dimensions":{"big":[1280,720],"med":[640,360]},"site_w_h":[640,360],"page_w_h":[640,360],"site_w_h_small":[310,174],"size":[1280,720],"age_restricted":false,"age_restricted_by_admin":false,"not_safe_for_work":null,"allow_reuse":false,"dont_crop":true,"banned":false,"global_safe":null,"audio_file_url":"https://coub-anubis-a.akamaized.net/coub_storage/audio_track/cw_normalized_copy/5d128b6e1d2/82cc5cea1fa0613d1e31a/low_1642769104_normalized_1642769083_1lx9nw7_edited.mp3","external_download":false,"application":null,"channel":{"id":10533922,"permalink":"vulture.kim.coub","title":"Ctervyatnik.Kim","description":"Made in Dreams","followers_count":153,"following_count":9,"avatar_versions":{"template":"https://coub-anubis-a.akamaized.net/coub_storage/channel/cw_avatar/8d7d76e0654/eebe83447c811d1d98259/%{version}_1630385011_cropped.jpeg","versions":["medium","medium_2x","profile_pic","profile_pic_new","profile_pic_new_2x","tiny","tiny_2x","small","small_2x","ios_large","ios_small"]}},"file":null,"picture":"https://coub-anubis-a.akamaized.net/coub_storage/coub/simple/cw_image/472f73e554d/d1f0fa29032a86034b693/med_1642769127_00032.jpg","timeline_picture":"https://coub-anubis-a.akamaized.net/coub_storage/coub/simple/cw_timeline_pic/5cd73ca7619/86987f946e6309ab1ad7b/ios_large_1642769126_image.jpg","small_picture":"https://coub-anubis-a.akamaized.net/coub_storage/coub/simple/cw_image/472f73e554d/d1f0fa29032a86034b693/ios_mosaic_1642769127_00032.jpg","sharing_picture":null,"percent_done":100,"tags":[{"id":218577,"title":"live pictures","value":"live%20pictures"},{"id":50,"title":"coub","value":"coub"},{"id":5984474,"title":"стервятник.ким","value":"%D1%81%D1%82%D0%B5%D1%80%D0%B2%D1%8F%D1%82%D0%BD%D0%B8%D0%BA.%D0%BA%D0%B8%D0%BC"},{"id":86,"title":"music","value":"music"},{"id":5285640,"title":"ezio's family jesper kyd","value":"ezio's%20family%20jesper%20kyd"},{"id":565756,"title":"2b","value":"2b"},{"id":984674,"title":"nier","value":"nier"}],"categories":[{"id":114,"title":"Live Pictures","permalink":"live-pictures","subscriptions_count":2028289,"big_image_url":"https://coub-anubis-a.akamaized.net/coub_storage/category/cw_image/6a781fee541/43bd1211431771697290d/big_1622039067_Live_pictures.png","small_image_url":"https://coub-anubis-a.akamaized.net/coub_storage/category/cw_image/6a781fee541/43bd1211431771697290d/small_1622039067_Live_pictures.png","med_image_url":"https://coub-anubis-a.akamaized.net/coub_storage/category/cw_image/6a781fee541/43bd1211431771697290d/med_1622039067_Live_pictures.png","visible":true}],"communities":[{"id":114,"title":"Live Pictures","permalink":"live-pictures","subscriptions_count":2028289,"big_image_url":"https://coub-anubis-a.akamaized.net/coub_storage/category/cw_image/6a781fee541/43bd1211431771697290d/big_1622039067_Live_pictures.png","small_image_url":"https://coub-anubis-a.akamaized.net/coub_storage/category/cw_image/6a781fee541/43bd1211431771697290d/small_1622039067_Live_pictures.png","med_image_url":"https://coub-anubis-a.akamaized.net/coub_storage/category/cw_image/6a781fee541/43bd1211431771697290d/med_1622039067_Live_pictures.png","i_subscribed":true,"community_notifications_enabled":null,"description":null}],"recoubs_count":41,"remixes_count":0,"likes_count":190,"dislikes_count":0,"raw_video_id":17077289,"uploaded_by_ios_app":false,"uploaded_by_android_app":false,"media_blocks":{"uploaded_raw_videos":[],"external_raw_videos":[],"remixed_from_coubs":[]},"raw_video_thumbnail_url":"https://coub-anubis-a.akamaized.net/coub_storage/raw_video/cw_image/dcbf91c004c/9fac4289eb7c32b7c84d2/coub_media_1642768607_image.jpg","raw_video_title":"146.mp4","video_block_banned":false,"duration":10.0,"promo_winner":false,"promo_winner_recoubers":null,"editorial_info":{},"promo_hint":null,"beeline_best_2014":null,"from_web_editor":true,"normalize_sound":true,"normalize_change_allowed":true,"best2015_addable":false,"ahmad_promo":null,"promo_data":null,"audio_copyright_claim":null,"ads_disabled":null,"is_safe_for_ads":true,"megafon_contents":[],"position_on_page":7},{"flag":null,"abuses":null,"recoubs_by_users_channels":null,"favourite":false,"promoted_id":null,"recoub":null,"like":null,"dislike":null,"reaction":null,"in_my_best2015":false,"id":171869145,"type":"Coub::Simple","permalink":"2tz9ys","title":"Look up at the sky","visibility_type":"public","original_visibility_type":"public","channel_id":7761443,"created_at":"2021-07-09T08:03:25Z","updated_at":"2022-03-06T04:52:37Z","is_done":true,"views_count":20898,"cotd":null,"cotd_at":null,"visible_on_explore_root":false,"visible_on_explore":false,"featured":false,"published":true,"published_at":"2021-07-09T08:03:25Z","reversed":false,"from_editor_v2":true,"is_editable":true,"original_sound":false,"has_sound":false,"recoub_to":null,"file_versions":{"html5":{"video":{"higher":{"url":"https://coub-anubis-a.akamaized.net/coub_storage/coub/simple/cw_file/c53c27bab72/8fa71f5f2b3b0a66c8fb9/muted_mp4_huge_size_1625817808_muted_huge.mp4","size":315089},"high":{"url":"https://coub-anubis-a.akamaized.net/coub_storage/coub/simple/cw_file/c53c27bab72/8fa71f5f2b3b0a66c8fb9/muted_mp4_big_size_1625817808_muted_big.mp4","size":213648},"med":{"url":"https://coub-anubis-a.akamaized.net/coub_storage/coub/simple/cw_file/c53c27bab72/8fa71f5f2b3b0a66c8fb9/muted_mp4_med_size_1625817808_muted_med.mp4","size":67675}},"audio":{"high":{"url":"https://coub-anubis-a.akamaized.net/coub_storage/coub/simple/cw_looped_audio_high/6fb609d3bfb/450a972cecbbc468bea48/1625817826_mp3-high.mp3","size":1308424},"med":{"url":"https://coub-anubis-a.akamaized.net/coub_storage/coub/simple/cw_looped_audio_med/14cffcf4b7f/6a0f05c602cc71c7e0387/1625817825_mp3-med.mp3","size":1308317}}},"mobile":{"video":"https://coub-anubis-a.akamaized.net/coub_storage/coub/simple/cw_file/c53c27bab72/8fa71f5f2b3b0a66c8fb9/muted_mp4_med_size_1625817808_muted_med.mp4","audio":["https://coub-anubis-a.akamaized.net/coub_storage/coub/simple/cw_looped_audio_med/14cffcf4b7f/6a0f05c602cc71c7e0387/1625817825_mp3-med.mp3"]},"share":{"default":"https://coub-anubis-a.akamaized.net/coub_storage/coub/simple/cw_video_for_sharing/14a54c811c0/1ef26be19d53095b3b1a8/1625817838_looped_1625817838.mp4"}},"audio_versions":{"template":"https://coub-anubis-a.akamaized.net/coub_storage/audio_track/cw_normalized_copy/0fa62578cda/26e3be267ed72c507664d/mid_1625817819_normalized_1625817810_1g1z8xm_edited.mp3","versions":["mid","low"]},"image_versions":{"template":"https://coub-anubis-a.akamaized.net/coub_storage/coub/simple/cw_image/c707720393f/fe42736637700a0c8b60e/%{version}_1625817828_00009.jpg","versions":["micro","tiny","age_restricted","ios_large","ios_mosaic","big","med","small","pinterest"]},"first_frame_versions":{"template":"https://coub-anubis-a.akamaized.net/coub_storage/coub/simple/cw_timeline_pic/24c5a8139d8/1b2239a71dda5e4b52f42/%{version}_1625817828_image.jpg","versions":["big","med","small","ios_large"]},"dimensions":{"big":[632,960],"med":[316,480]},"site_w_h":[263,400],"page_w_h":[400,608],"site_w_h_small":[310,471],"size":[632,960],"age_restricted":false,"age_restricted_by_admin":false,"not_safe_for_work":null,"allow_reuse":false,"dont_crop":true,"banned":false,"global_safe":null,"audio_file_url":"https://coub-anubis-a.akamaized.net/coub_storage/audio_track/cw_normalized_copy/0fa62578cda/26e3be267ed72c507664d/low_1625817819_normalized_1625817810_1g1z8xm_edited.mp3","external_download":false,"application":null,"channel":{"id":7761443,"permalink":"sakura-oriko","title":"さくら おりこ","description":"Frisson COUB","followers_count":10622,"following_count":288,"avatar_versions":{"template":"https://coub-anubis-a.akamaized.net/coub_storage/channel/cw_avatar/5f01a14cc14/aedf226b30452fc07deb0/%{version}_1607414096_yv0xzm_1594673179_simvol.png","versions":["medium","medium_2x","profile_pic","profile_pic_new","profile_pic_new_2x","tiny","tiny_2x","small","small_2x","ios_large","ios_small"]}},"file":null,"picture":"https://coub-anubis-a.akamaized.net/coub_storage/coub/simple/cw_image/c707720393f/fe42736637700a0c8b60e/med_1625817828_00009.jpg","timeline_picture":"https://coub-anubis-a.akamaized.net/coub_storage/coub/simple/cw_timeline_pic/24c5a8139d8/1b2239a71dda5e4b52f42/ios_large_1625817828_image.jpg","small_picture":"https://coub-anubis-a.akamaized.net/coub_storage/coub/simple/cw_image/c707720393f/fe42736637700a0c8b60e/ios_mosaic_1625817828_00009.jpg","sharing_picture":null,"percent_done":100,"tags":[{"id":35822,"title":"pixel art","value":"pixel%20art"},{"id":3934,"title":"animated","value":"animated"},{"id":552532,"title":"microcoub","value":"microcoub"},{"id":563083,"title":"microcoubs","value":"microcoubs"},{"id":86,"title":"music","value":"music"},{"id":6394307,"title":"look up at the sky","value":"look%20up%20at%20the%20sky"},{"id":6394308,"title":"celarent author","value":"celarent%20author"}],"categories":[{"id":114,"title":"Live Pictures","permalink":"live-pictures","subscriptions_count":2028289,"big_image_url":"https://coub-anubis-a.akamaized.net/coub_storage/category/cw_image/6a781fee541/43bd1211431771697290d/big_1622039067_Live_pictures.png","small_image_url":"https://coub-anubis-a.akamaized.net/coub_storage/category/cw_image/6a781fee541/43bd1211431771697290d/small_1622039067_Live_pictures.png","med_image_url":"https://coub-anubis-a.akamaized.net/coub_storage/category/cw_image/6a781fee541/43bd1211431771697290d/med_1622039067_Live_pictures.png","visible":true}],"communities":[{"id":114,"title":"Live Pictures","permalink":"live-pictures","subscriptions_count":2028289,"big_image_url":"https://coub-anubis-a.akamaized.net/coub_storage/category/cw_image/6a781fee541/43bd1211431771697290d/big_1622039067_Live_pictures.png","small_image_url":"https://coub-anubis-a.akamaized.net/coub_storage/category/cw_image/6a781fee541/43bd1211431771697290d/small_1622039067_Live_pictures.png","med_image_url":"https://coub-anubis-a.akamaized.net/coub_storage/category/cw_image/6a781fee541/43bd1211431771697290d/med_1622039067_Live_pictures.png","i_subscribed":true,"community_notifications_enabled":null,"description":null}],"recoubs_count":42,"remixes_count":0,"likes_count":190,"dislikes_count":0,"raw_video_id":16593670,"uploaded_by_ios_app":false,"uploaded_by_android_app":false,"media_blocks":{"uploaded_raw_videos":[],"external_raw_videos":[],"remixed_from_coubs":[]},"raw_video_thumbnail_url":"https://coub-anubis-a.akamaized.net/coub_storage/raw_video/cw_image/0127e6276e5/9876e26522e168d7b3dc5/coub_media_1625816958_image.jpg","raw_video_title":"_____________pixel_0346897.mp4","video_block_banned":false,"duration":2.64,"promo_winner":false,"promo_winner_recoubers":null,"editorial_info":{},"promo_hint":null,"beeline_best_2014":null,"from_web_editor":true,"normalize_sound":true,"normalize_change_allowed":true,"best2015_addable":false,"ahmad_promo":null,"promo_data":null,"audio_copyright_claim":null,"ads_disabled":null,"is_safe_for_ads":true,"megafon_contents":[],"position_on_page":8},{"flag":null,"abuses":null,"recoubs_by_users_channels":null,"favourite":false,"promoted_id":null,"recoub":null,"like":null,"dislike":null,"reaction":null,"in_my_best2015":false,"id":131125601,"type":"Coub::Simple","permalink":"25p4wm","title":"Deep Sliping","visibility_type":"public","original_visibility_type":"public","channel_id":2468838,"created_at":"2019-12-07T17:43:41Z","updated_at":"2022-03-09T19:14:39Z","is_done":true,"views_count":46809,"cotd":null,"cotd_at":null,"visible_on_explore_root":false,"visible_on_explore":false,"featured":false,"published":true,"published_at":"2019-12-07T17:43:41Z","reversed":false,"from_editor_v2":true,"is_editable":true,"original_sound":false,"has_sound":false,"recoub_to":null,"file_versions":{"html5":{"video":{"higher":{"url":"https://coub-anubis-a.akamaized.net/coub_storage/coub/simple/cw_file/b595f1a273c/c107a4151dc2d1576b548/muted_mp4_huge_size_1575740624_muted_huge.mp4","size":210104},"high":{"url":"https://coub-anubis-a.akamaized.net/coub_storage/coub/simple/cw_file/b595f1a273c/c107a4151dc2d1576b548/muted_mp4_big_size_1575740624_muted_big.mp4","size":148864},"med":{"url":"https://coub-anubis-a.akamaized.net/coub_storage/coub/simple/cw_file/b595f1a273c/c107a4151dc2d1576b548/muted_mp4_med_size_1575740624_muted_med.mp4","size":55567}},"audio":{"high":{"url":"https://coub-anubis-a.akamaized.net/coub_storage/coub/simple/cw_looped_audio_high/e89e2dd486a/bbb543fda0229cc688c7c/1605699953_high_1575740640_high.mp3","size":1573568},"med":{"url":"https://coub-anubis-a.akamaized.net/coub_storage/coub/simple/cw_looped_audio_med/9e1ba1a270d/fab555dccfc5cf480e310/1605699953_med_1575740640_med.mp3","size":1051778}}},"mobile":{"video":"https://coub-anubis-a.akamaized.net/coub_storage/coub/simple/cw_file/b595f1a273c/c107a4151dc2d1576b548/muted_mp4_med_size_1575740624_muted_med.mp4","audio":["https://coub-anubis-a.akamaized.net/coub_storage/coub/simple/cw_looped_audio_med/9e1ba1a270d/fab555dccfc5cf480e310/1605699953_med_1575740640_med.mp3"]},"share":{"default":"https://coub-anubis-a.akamaized.net/coub_storage/coub/simple/cw_video_for_sharing/4aeba771e05/b2a6de11c8fa4c165fac5/1616787648_looped_1616787648.mp4"}},"audio_versions":{"template":"https://coub-anubis-a.akamaized.net/coub_storage/audio_track/cw_file/12a27251045/72cba6722cf658f97155e/mid_1575740628_1bv3xea_edited.mp3","versions":["mid","low"]},"image_versions":{"template":"https://coub-anubis-a.akamaized.net/coub_storage/coub/simple/cw_image/2b3f0b78793/a1b7f78253525f423814a/1575740648_00004.jpg","versions":["micro","tiny","age_restricted","ios_large","ios_mosaic","big","med","small","pinterest"]},"first_frame_versions":{"template":"https://coub-anubis-a.akamaized.net/coub_storage/coub/simple/cw_timeline_pic/2553075da3d/d1a43542b910501174c64/%{version}_1575740647_image.jpg","versions":["big","med","small","ios_large"]},"dimensions":{"big":[1280,720],"med":[640,360]},"site_w_h":[640,360],"page_w_h":[640,360],"site_w_h_small":[310,174],"size":[1280,720],"age_restricted":false,"age_restricted_by_admin":false,"not_safe_for_work":false,"allow_reuse":false,"dont_crop":false,"banned":false,"global_safe":true,"audio_file_url":"https://coub-anubis-a.akamaized.net/coub_storage/audio_track/cw_file/12a27251045/72cba6722cf658f97155e/low_1575740628_1bv3xea_edited.mp3","external_download":false,"application":null,"channel":{"id":2468838,"permalink":"hateanimation","title":"Animation Hate","description":"Animation Hate® 🔸","followers_count":21471,"following_count":18,"avatar_versions":{"template":"https://coub-anubis-a.akamaized.net/coub_storage/channel/cw_avatar/a85b6bb837c/4005c6c2ca4170b89313d/%{version}_1607432453_1hqyn4v_1474706918_cinemagraphs-2-thumb290.jpg","versions":["medium","medium_2x","profile_pic","profile_pic_new","profile_pic_new_2x","tiny","tiny_2x","small","small_2x","ios_large","ios_small"]}},"file":null,"picture":"https://coub-anubis-a.akamaized.net/coub_storage/coub/simple/cw_image/2b3f0b78793/a1b7f78253525f423814a/1575740648_00004.jpg","timeline_picture":"https://coub-anubis-a.akamaized.net/coub_storage/coub/simple/cw_timeline_pic/2553075da3d/d1a43542b910501174c64/ios_large_1575740647_image.jpg","small_picture":"https://coub-anubis-a.akamaized.net/coub_storage/coub/simple/cw_image/2b3f0b78793/a1b7f78253525f423814a/1575740648_00004.jpg","sharing_picture":null,"percent_done":100,"tags":[{"id":1804,"title":"trip","value":"trip"},{"id":241,"title":"tech","value":"tech"},{"id":266,"title":"deep","value":"deep"},{"id":18249,"title":"purple","value":"purple"},{"id":6061,"title":"color","value":"color"},{"id":21500,"title":"animate","value":"animate"},{"id":1133540,"title":"eleprimer","value":"eleprimer"},{"id":3072,"title":"art","value":"art"}],"categories":[{"id":114,"title":"Live Pictures","permalink":"live-pictures","subscriptions_count":2028289,"big_image_url":"https://coub-anubis-a.akamaized.net/coub_storage/category/cw_image/6a781fee541/43bd1211431771697290d/big_1622039067_Live_pictures.png","small_image_url":"https://coub-anubis-a.akamaized.net/coub_storage/category/cw_image/6a781fee541/43bd1211431771697290d/small_1622039067_Live_pictures.png","med_image_url":"https://coub-anubis-a.akamaized.net/coub_storage/category/cw_image/6a781fee541/43bd1211431771697290d/med_1622039067_Live_pictures.png","visible":true}],"communities":[{"id":114,"title":"Live Pictures","permalink":"live-pictures","subscriptions_count":2028289,"big_image_url":"https://coub-anubis-a.akamaized.net/coub_storage/category/cw_image/6a781fee541/43bd1211431771697290d/big_1622039067_Live_pictures.png","small_image_url":"https://coub-anubis-a.akamaized.net/coub_storage/category/cw_image/6a781fee541/43bd1211431771697290d/small_1622039067_Live_pictures.png","med_image_url":"https://coub-anubis-a.akamaized.net/coub_storage/category/cw_image/6a781fee541/43bd1211431771697290d/med_1622039067_Live_pictures.png","i_subscribed":true,"community_notifications_enabled":null,"description":null}],"recoubs_count":54,"remixes_count":0,"likes_count":190,"dislikes_count":0,"raw_video_id":14553597,"uploaded_by_ios_app":false,"uploaded_by_android_app":false,"media_blocks":{"uploaded_raw_videos":[],"external_raw_videos":[],"remixed_from_coubs":[]},"raw_video_thumbnail_url":"/missing/missing.png","raw_video_title":"wej9erc6b3w31.mp4","video_block_banned":false,"duration":1.08,"promo_winner":false,"promo_winner_recoubers":null,"editorial_info":{},"promo_hint":null,"beeline_best_2014":null,"from_web_editor":true,"normalize_sound":false,"normalize_change_allowed":true,"best2015_addable":false,"ahmad_promo":null,"promo_data":null,"audio_copyright_claim":null,"ads_disabled":false,"is_safe_for_ads":true,"megafon_contents":[],"position_on_page":9},{"flag":null,"abuses":null,"recoubs_by_users_channels":null,"favourite":false,"promoted_id":null,"recoub":null,"like":null,"dislike":null,"reaction":null,"in_my_best2015":false,"id":71805916,"type":"Coub::Simple","permalink":"16brqe","title":"NIGHT OWLS | Short Film / Adam Halogen – So","visibility_type":"public","original_visibility_type":"public","channel_id":260705,"created_at":"2018-04-12T21:00:38Z","updated_at":"2021-12-04T09:25:11Z","is_done":true,"views_count":50592,"cotd":null,"cotd_at":null,"visible_on_explore_root":true,"visible_on_explore":true,"featured":true,"published":true,"published_at":"2018-04-12T21:00:38Z","reversed":false,"from_editor_v2":true,"is_editable":true,"original_sound":false,"has_sound":false,"recoub_to":null,"file_versions":{"html5":{"video":{"higher":{"url":"https://coub-anubis-a.akamaized.net/coub_storage/coub/simple/cw_file/44c0a000bf1/c12d68f3caba69486daa3/muted_mp4_huge_size_1568219808_muted_huge.mp4","size":811694},"high":{"url":"https://coub-anubis-a.akamaized.net/coub_storage/coub/simple/cw_file/44c0a000bf1/c12d68f3caba69486daa3/muted_mp4_big_size_1568219808_muted_big.mp4","size":548726},"med":{"url":"https://coub-anubis-a.akamaized.net/coub_storage/coub/simple/cw_file/44c0a000bf1/c12d68f3caba69486daa3/muted_mp4_med_size_1568219808_muted_med.mp4","size":124525}},"audio":{"high":{"url":"https://coub-anubis-a.akamaized.net/coub_storage/coub/simple/cw_looped_audio_high/6e70955aab0/d3117166d3936960c407b/1605646134_high_1523566873_high.mp3","size":4894326},"med":{"url":"https://coub-anubis-a.akamaized.net/coub_storage/coub/simple/cw_looped_audio_med/e6d070a4531/80d999ef03cd109aeb6ac/1605646134_med_1523566873_med.mp3","size":3611986}}},"mobile":{"video":"https://coub-anubis-a.akamaized.net/coub_storage/coub/simple/cw_file/44c0a000bf1/c12d68f3caba69486daa3/muted_mp4_med_size_1568219808_muted_med.mp4","audio":["https://coub-anubis-a.akamaized.net/coub_storage/coub/simple/cw_looped_audio_med/e6d070a4531/80d999ef03cd109aeb6ac/1605646134_med_1523566873_med.mp3"]},"share":{"default":null}},"audio_versions":{"template":"https://coub-anubis-a.akamaized.net/coub_storage/audio_track/cw_normalized_copy/fd2b6160d1a/d2aaf5ff11d7a0ea334d0/mid_1523815748_140y34a_normalized_1523566651_audio.mp3","versions":["mid","low"]},"image_versions":{"template":"https://coub-anubis-a.akamaized.net/coub_storage/coub/simple/cw_image/0b3e24530e4/db0dfbac76fefaee7fdf2/1523566887_00017.jpg","versions":["micro","tiny","age_restricted","ios_large","ios_mosaic","big","med","small","pinterest"]},"first_frame_versions":{"template":"https://coub-anubis-a.akamaized.net/coub_storage/coub/simple/cw_timeline_pic/ecb53bb621a/5253ae873c3f5dc0aa386/1523566887_image.jpg","versions":["big","med","small","ios_large"]},"dimensions":{"big":[1280,960],"med":[640,480]},"site_w_h":[640,480],"page_w_h":[640,480],"site_w_h_small":[310,233],"size":[1280,960],"age_restricted":false,"age_restricted_by_admin":false,"not_safe_for_work":false,"allow_reuse":false,"dont_crop":false,"banned":false,"global_safe":true,"audio_file_url":"https://coub-anubis-a.akamaized.net/coub_storage/audio_track/cw_normalized_copy/fd2b6160d1a/d2aaf5ff11d7a0ea334d0/low_1523815748_140y34a_normalized_1523566651_audio.mp3","external_download":{"type":"Vimeo","service_name":"Vimeo","url":"http://vimeo.com/255395626","has_embed":true},"application":null,"channel":{"id":260705,"permalink":"rmngtn12","title":"Rmngtn12","description":null,"followers_count":1034,"following_count":63,"avatar_versions":{"template":"https://coub-anubis-a.akamaized.net/coub_storage/channel/cw_avatar/d3aab4eaf46/25f1cf994eaf53379c224/%{version}_1555316414_3b76abf8b5f71588b3754fad6a15a3ab.png","versions":["medium","medium_2x","profile_pic","profile_pic_new","profile_pic_new_2x","tiny","tiny_2x","small","small_2x","ios_large","ios_small"]}},"file":null,"picture":"https://coub-anubis-a.akamaized.net/coub_storage/coub/simple/cw_image/0b3e24530e4/db0dfbac76fefaee7fdf2/1523566887_00017.jpg","timeline_picture":"https://coub-anubis-a.akamaized.net/coub_storage/coub/simple/cw_timeline_pic/ecb53bb621a/5253ae873c3f5dc0aa386/1523566887_image.jpg","small_picture":"https://coub-anubis-a.akamaized.net/coub_storage/coub/simple/cw_image/0b3e24530e4/db0dfbac76fefaee7fdf2/1523566887_00017.jpg","sharing_picture":null,"percent_done":100,"tags":[{"id":1898667,"title":"night owls","value":"night%20owls"},{"id":45304,"title":"loneliness","value":"loneliness"},{"id":1585498,"title":"abductions","value":"abductions"},{"id":13141,"title":"aliens","value":"aliens"},{"id":240282,"title":"signals","value":"signals"},{"id":16984,"title":"festival","value":"festival"},{"id":13690,"title":"filmmaker","value":"filmmaker"},{"id":154,"title":"movie","value":"movie"},{"id":5570,"title":"short","value":"short"},{"id":93442,"title":"shortfilm","value":"shortfilm"},{"id":1558,"title":"film","value":"film"},{"id":3876771,"title":"canonc700","value":"canonc700"},{"id":1811,"title":"bukowski","value":"bukowski"},{"id":96817,"title":"crewdson","value":"crewdson"},{"id":13575,"title":"experimental","value":"experimental"},{"id":22783,"title":"scifi","value":"scifi"},{"id":9982,"title":"mysterious","value":"mysterious"},{"id":400826,"title":"strangeness","value":"strangeness"},{"id":9503,"title":"indie","value":"indie"},{"id":142361,"title":"independent film","value":"independent%20film"}],"categories":[{"id":114,"title":"Live Pictures","permalink":"live-pictures","subscriptions_count":2028289,"big_image_url":"https://coub-anubis-a.akamaized.net/coub_storage/category/cw_image/6a781fee541/43bd1211431771697290d/big_1622039067_Live_pictures.png","small_image_url":"https://coub-anubis-a.akamaized.net/coub_storage/category/cw_image/6a781fee541/43bd1211431771697290d/small_1622039067_Live_pictures.png","med_image_url":"https://coub-anubis-a.akamaized.net/coub_storage/category/cw_image/6a781fee541/43bd1211431771697290d/med_1622039067_Live_pictures.png","visible":true}],"communities":[{"id":114,"title":"Live Pictures","permalink":"live-pictures","subscriptions_count":2028289,"big_image_url":"https://coub-anubis-a.akamaized.net/coub_storage/category/cw_image/6a781fee541/43bd1211431771697290d/big_1622039067_Live_pictures.png","small_image_url":"https://coub-anubis-a.akamaized.net/coub_storage/category/cw_image/6a781fee541/43bd1211431771697290d/small_1622039067_Live_pictures.png","med_image_url":"https://coub-anubis-a.akamaized.net/coub_storage/category/cw_image/6a781fee541/43bd1211431771697290d/med_1622039067_Live_pictures.png","i_subscribed":true,"community_notifications_enabled":null,"description":null}],"recoubs_count":47,"remixes_count":3,"likes_count":190,"dislikes_count":0,"raw_video_id":11139142,"uploaded_by_ios_app":false,"uploaded_by_android_app":false,"media_blocks":{"uploaded_raw_videos":[],"external_raw_videos":[{"id":24792138,"title":"NIGHT OWLS | Short Film","url":"http://vimeo.com/255395626","image":"https://coub-anubis-a.akamaized.net/coub_storage/media_block/cw_image/e023f14b806/50ad0520a3715ba6905b5/1518774493_1518774461_19ko6vy_att-url-download.jpg","image_retina":"https://coub-anubis-a.akamaized.net/coub_storage/media_block/cw_image/e023f14b806/50ad0520a3715ba6905b5/1518774493_1518774461_19ko6vy_att-url-download.jpg","meta":{"service":"Vimeo","duration":"117.96"},"duration":117.96,"raw_video_id":11139142,"has_embed":true}],"remixed_from_coubs":[],"external_video":{"id":24792138,"title":"NIGHT OWLS | Short Film","url":"http://vimeo.com/255395626","image":"https://coub-anubis-a.akamaized.net/coub_storage/media_block/cw_image/e023f14b806/50ad0520a3715ba6905b5/1518774493_1518774461_19ko6vy_att-url-download.jpg","image_retina":"https://coub-anubis-a.akamaized.net/coub_storage/media_block/cw_image/e023f14b806/50ad0520a3715ba6905b5/1518774493_1518774461_19ko6vy_att-url-download.jpg","meta":{"service":"Vimeo","duration":"117.96"},"duration":117.96,"raw_video_id":11139142,"has_embed":true}},"raw_video_thumbnail_url":"/missing/missing.png","raw_video_title":"NIGHT OWLS | Short Film","video_block_banned":false,"duration":5.12,"promo_winner":false,"promo_winner_recoubers":null,"editorial_info":{},"promo_hint":null,"beeline_best_2014":null,"from_web_editor":true,"normalize_sound":true,"normalize_change_allowed":true,"best2015_addable":false,"ahmad_promo":null,"promo_data":null,"audio_copyright_claim":null,"ads_disabled":false,"is_safe_for_ads":true,"megafon_contents":[],"position_on_page":10}]}