{"page":415,"per_page":10,"total_pages":500,"coubs":[{"flag":null,"abuses":null,"recoubs_by_users_channels":null,"favourite":false,"promoted_id":null,"recoub":null,"like":null,"dislike":null,"reaction":null,"in_my_best2015":false,"id":5024998,"type":"Coub::Simple","permalink":"2jjxr","title":"9999 in 1","visibility_type":"public","original_visibility_type":"public","channel_id":34013,"created_at":"2014-07-19T16:59:31Z","updated_at":"2021-08-05T08:37:21Z","is_done":true,"views_count":2009,"cotd":null,"cotd_at":null,"visible_on_explore_root":false,"visible_on_explore":false,"featured":false,"published":true,"published_at":"2014-07-19T16:59:31Z","reversed":false,"from_editor_v2":true,"is_editable":true,"original_sound":false,"has_sound":false,"recoub_to":null,"file_versions":{"html5":{"video":{"high":{"url":"https://coub-anubis-a.akamaized.net/coub_storage/coub/simple/cw_file/d815ec89bad/07934f85187796b10e608/muted_mp4_big_size_1449340848_muted_big.mp4","size":108792},"med":{"url":"https://coub-anubis-a.akamaized.net/coub_storage/coub/simple/cw_file/d815ec89bad/07934f85187796b10e608/muted_mp4_med_size_1449340848_muted_med.mp4","size":48675}},"audio":{"high":{"url":"https://coub-anubis-a.akamaized.net/coub_storage/coub/simple/cw_looped_audio_high/9b996c37cf2/4c4692b5087fa6e372c71/1605432291_high_1449340857_high.mp3","size":4442487},"med":{"url":"https://coub-anubis-a.akamaized.net/coub_storage/coub/simple/cw_looped_audio_med/fab5df49454/5a2ece310540c5645192b/1605432291_med_1449340857_med.mp3","size":2961657}}},"mobile":{"video":"https://coub-anubis-a.akamaized.net/coub_storage/coub/simple/cw_file/d815ec89bad/07934f85187796b10e608/muted_mp4_med_size_1449340848_muted_med.mp4","audio":["https://coub-anubis-a.akamaized.net/coub_storage/coub/simple/cw_looped_audio_med/fab5df49454/5a2ece310540c5645192b/1605432291_med_1449340857_med.mp3"]},"share":{"default":null}},"audio_versions":{"template":"https://coub-anubis-a.akamaized.net/coub_storage/coub/simple/cw_audio/ff1b4c057c5/b8bc2127b6ae047e9a309/mid_1405789203_out.mp3","versions":["mid","low"]},"image_versions":{"template":"https://coub-anubis-a.akamaized.net/coub_storage/coub/simple/cw_image/ff1b4c057c5/b8bc2127b6ae047e9a309/1405789204_00004.jpg","versions":["micro","tiny","age_restricted","ios_large","ios_mosaic","big","med","small","pinterest"]},"first_frame_versions":{"template":"https://coub-anubis-a.akamaized.net/coub_storage/coub/simple/cw_timeline_pic/ff1b4c057c5/b8bc2127b6ae047e9a309/1405789203_image.jpg","versions":["big","med","small","ios_large"]},"dimensions":{"big":[500,700],"med":[356,500]},"site_w_h":[286,400],"page_w_h":[400,560],"site_w_h_small":[310,434],"size":[500,700],"age_restricted":false,"age_restricted_by_admin":false,"not_safe_for_work":null,"allow_reuse":false,"dont_crop":false,"banned":false,"global_safe":null,"audio_file_url":"https://coub-anubis-a.akamaized.net/coub_storage/coub/simple/cw_audio/ff1b4c057c5/b8bc2127b6ae047e9a309/low_1405789203_out.mp3","external_download":false,"application":null,"channel":{"id":34013,"permalink":"eleprimer","title":"Light Tuesday ","description":"In Source We Trust #eleprimer","followers_count":47144,"following_count":309,"avatar_versions":{"template":"https://coub-anubis-a.akamaized.net/coub_storage/channel/cw_avatar/6935064c7dc/619c13567459f10bfe258/%{version}_1598751147_ghh.jpg","versions":["medium","medium_2x","profile_pic","profile_pic_new","profile_pic_new_2x","tiny","tiny_2x","small","small_2x","ios_large","ios_small"]}},"file":null,"picture":"https://coub-anubis-a.akamaized.net/coub_storage/coub/simple/cw_image/ff1b4c057c5/b8bc2127b6ae047e9a309/1405789204_00004.jpg","timeline_picture":"https://coub-anubis-a.akamaized.net/coub_storage/coub/simple/cw_timeline_pic/ff1b4c057c5/b8bc2127b6ae047e9a309/1405789203_image.jpg","small_picture":"https://coub-anubis-a.akamaized.net/coub_storage/coub/simple/cw_image/ff1b4c057c5/b8bc2127b6ae047e9a309/1405789204_00004.jpg","sharing_picture":null,"percent_done":100,"tags":[{"id":384448,"title":"9999 in 1","value":"9999%20in%201"}],"categories":[{"id":114,"title":"Live Pictures","permalink":"live-pictures","subscriptions_count":2028289,"big_image_url":"https://coub-anubis-a.akamaized.net/coub_storage/category/cw_image/6a781fee541/43bd1211431771697290d/big_1622039067_Live_pictures.png","small_image_url":"https://coub-anubis-a.akamaized.net/coub_storage/category/cw_image/6a781fee541/43bd1211431771697290d/small_1622039067_Live_pictures.png","med_image_url":"https://coub-anubis-a.akamaized.net/coub_storage/category/cw_image/6a781fee541/43bd1211431771697290d/med_1622039067_Live_pictures.png","visible":true}],"communities":[{"id":114,"title":"Live Pictures","permalink":"live-pictures","subscriptions_count":2028289,"big_image_url":"https://coub-anubis-a.akamaized.net/coub_storage/category/cw_image/6a781fee541/43bd1211431771697290d/big_1622039067_Live_pictures.png","small_image_url":"https://coub-anubis-a.akamaized.net/coub_storage/category/cw_image/6a781fee541/43bd1211431771697290d/small_1622039067_Live_pictures.png","med_image_url":"https://coub-anubis-a.akamaized.net/coub_storage/category/cw_image/6a781fee541/43bd1211431771697290d/med_1622039067_Live_pictures.png","i_subscribed":true,"community_notifications_enabled":null,"description":null}],"recoubs_count":7,"remixes_count":0,"likes_count":33,"dislikes_count":0,"raw_video_id":755284,"uploaded_by_ios_app":false,"uploaded_by_android_app":false,"media_blocks":{"uploaded_raw_videos":[],"external_raw_videos":[],"remixed_from_coubs":[],"audio_track":{"id":19335007,"title":"Unknown","url":null,"image":null,"image_retina":null,"meta":{"year":null,"album":null,"title":"Unknown","artist":null,"echonest_id":null},"duration":null,"amazon_url":null,"google_play_url":null,"bandcamp_url":null,"soundcloud_url":null,"track_name":null,"track_artist":null,"track_album":null,"itunes_url":null}},"raw_video_thumbnail_url":"/missing/missing.png","raw_video_title":"1405787427-7dce460c41e5db71ba8461da4674252f.gif","video_block_banned":false,"duration":1.08,"promo_winner":false,"promo_winner_recoubers":null,"editorial_info":{},"promo_hint":null,"beeline_best_2014":null,"from_web_editor":true,"normalize_sound":true,"normalize_change_allowed":true,"best2015_addable":false,"ahmad_promo":null,"promo_data":null,"audio_copyright_claim":null,"ads_disabled":null,"is_safe_for_ads":true,"megafon_contents":[],"position_on_page":1},{"flag":null,"abuses":null,"recoubs_by_users_channels":null,"favourite":false,"promoted_id":null,"recoub":null,"like":null,"dislike":null,"reaction":null,"in_my_best2015":false,"id":4891115,"type":"Coub::Simple","permalink":"2goms","title":"Barber shop","visibility_type":"public","original_visibility_type":"public","channel_id":1181177,"created_at":"2014-07-13T18:33:46Z","updated_at":"2021-10-10T20:31:20Z","is_done":true,"views_count":2495,"cotd":null,"cotd_at":null,"visible_on_explore_root":false,"visible_on_explore":false,"featured":false,"published":true,"published_at":"2014-07-13T18:33:46Z","reversed":false,"from_editor_v2":true,"is_editable":true,"original_sound":false,"has_sound":false,"recoub_to":null,"file_versions":{"html5":{"video":{"higher":{"url":"https://coub-anubis-a.akamaized.net/coub_storage/coub/simple/cw_file/15740a77874/b6fcc5982823e12302839/muted_mp4_huge_size_1580560840_muted_huge.mp4","size":183147},"high":{"url":"https://coub-anubis-a.akamaized.net/coub_storage/coub/simple/cw_file/15740a77874/b6fcc5982823e12302839/muted_mp4_big_size_1580560840_muted_big.mp4","size":127229},"med":{"url":"https://coub-anubis-a.akamaized.net/coub_storage/coub/simple/cw_file/15740a77874/b6fcc5982823e12302839/muted_mp4_med_size_1580560840_muted_med.mp4","size":46824}},"audio":{"high":{"url":"https://coub-anubis-a.akamaized.net/coub_storage/coub/simple/cw_looped_audio_high/36b9e219cfb/8ceb23d23e664c44b441c/1605431964_high_1449454722_high.mp3","size":3902066},"med":{"url":"https://coub-anubis-a.akamaized.net/coub_storage/coub/simple/cw_looped_audio_med/0c01b170199/7e952ef7cff266e6d7c7f/1605431963_med_1449454722_med.mp3","size":2601377}}},"mobile":{"video":"https://coub-anubis-a.akamaized.net/coub_storage/coub/simple/cw_file/15740a77874/b6fcc5982823e12302839/muted_mp4_med_size_1580560840_muted_med.mp4","audio":["https://coub-anubis-a.akamaized.net/coub_storage/coub/simple/cw_looped_audio_med/0c01b170199/7e952ef7cff266e6d7c7f/1605431963_med_1449454722_med.mp3"]},"share":{"default":null}},"audio_versions":{"template":"https://coub-anubis-a.akamaized.net/coub_storage/coub/simple/cw_audio/50e78cc1a86/5412df09f7fa3ca97669b/mid_1405276474_out.mp3","versions":["mid","low"]},"image_versions":{"template":"https://coub-anubis-a.akamaized.net/coub_storage/coub/simple/cw_image/50e78cc1a86/5412df09f7fa3ca97669b/1405276474_00008.jpg","versions":["micro","tiny","age_restricted","ios_large","ios_mosaic","big","med","small","pinterest"]},"first_frame_versions":{"template":"https://coub-anubis-a.akamaized.net/coub_storage/coub/simple/cw_timeline_pic/50e78cc1a86/5412df09f7fa3ca97669b/%{version}_1405276474_image.jpg","versions":["big","med","small","ios_large"]},"dimensions":{"big":[688,960],"med":[344,480]},"site_w_h":[287,400],"page_w_h":[400,558],"site_w_h_small":[310,433],"size":[688,960],"age_restricted":false,"age_restricted_by_admin":false,"not_safe_for_work":null,"allow_reuse":false,"dont_crop":false,"banned":false,"global_safe":null,"audio_file_url":"https://coub-anubis-a.akamaized.net/coub_storage/coub/simple/cw_audio/50e78cc1a86/5412df09f7fa3ca97669b/low_1405276474_out.mp3","external_download":false,"application":null,"channel":{"id":1181177,"permalink":"cinemagraph","title":"Cinemagraph","description":"Cinemagraphs are living photographs, seamlessly put together","followers_count":8257,"following_count":9,"avatar_versions":{"template":"https://coub-anubis-a.akamaized.net/coub_storage/channel/cw_avatar/4179376fdf1/3e1df3be8323605268b2b/%{version}_1607432552_a119kr_1474693543_Screen_Shot_2014-07-13_at_22.56.43_13_Jul.png","versions":["medium","medium_2x","profile_pic","profile_pic_new","profile_pic_new_2x","tiny","tiny_2x","small","small_2x","ios_large","ios_small"]}},"file":null,"picture":"https://coub-anubis-a.akamaized.net/coub_storage/coub/simple/cw_image/50e78cc1a86/5412df09f7fa3ca97669b/1405276474_00008.jpg","timeline_picture":"https://coub-anubis-a.akamaized.net/coub_storage/coub/simple/cw_timeline_pic/50e78cc1a86/5412df09f7fa3ca97669b/ios_large_1405276474_image.jpg","small_picture":"https://coub-anubis-a.akamaized.net/coub_storage/coub/simple/cw_image/50e78cc1a86/5412df09f7fa3ca97669b/1405276474_00008.jpg","sharing_picture":null,"percent_done":100,"tags":[{"id":253950,"title":"living photo","value":"living%20photo"},{"id":379284,"title":"cinemagraphs","value":"cinemagraphs"},{"id":49603,"title":"cinemagraph","value":"cinemagraph"},{"id":68615,"title":"barber","value":"barber"},{"id":379288,"title":"barber shop","value":"barber%20shop"}],"categories":[{"id":114,"title":"Live Pictures","permalink":"live-pictures","subscriptions_count":2028289,"big_image_url":"https://coub-anubis-a.akamaized.net/coub_storage/category/cw_image/6a781fee541/43bd1211431771697290d/big_1622039067_Live_pictures.png","small_image_url":"https://coub-anubis-a.akamaized.net/coub_storage/category/cw_image/6a781fee541/43bd1211431771697290d/small_1622039067_Live_pictures.png","med_image_url":"https://coub-anubis-a.akamaized.net/coub_storage/category/cw_image/6a781fee541/43bd1211431771697290d/med_1622039067_Live_pictures.png","visible":true}],"communities":[{"id":114,"title":"Live Pictures","permalink":"live-pictures","subscriptions_count":2028289,"big_image_url":"https://coub-anubis-a.akamaized.net/coub_storage/category/cw_image/6a781fee541/43bd1211431771697290d/big_1622039067_Live_pictures.png","small_image_url":"https://coub-anubis-a.akamaized.net/coub_storage/category/cw_image/6a781fee541/43bd1211431771697290d/small_1622039067_Live_pictures.png","med_image_url":"https://coub-anubis-a.akamaized.net/coub_storage/category/cw_image/6a781fee541/43bd1211431771697290d/med_1622039067_Live_pictures.png","i_subscribed":true,"community_notifications_enabled":null,"description":null}],"recoubs_count":4,"remixes_count":0,"likes_count":33,"dislikes_count":0,"raw_video_id":745340,"uploaded_by_ios_app":false,"uploaded_by_android_app":false,"media_blocks":{"uploaded_raw_videos":[],"external_raw_videos":[],"remixed_from_coubs":[],"audio_track":{"id":19330283,"title":"Pirates of the Mediterranean","url":"https://geo.itunes.apple.com/us/album/pirates-mediterranean-feat./id273839793?i=273841035&uo=4&at=10l5bB&app=music","image":"https://coub-anubis-a.akamaized.net/coub_storage/media_block/cw_image/841386bc43a/ce2ecf9628c843b1aefcf/1492072959_1471188129_gqrxul_att-url-download.jpg","image_retina":"https://coub-anubis-a.akamaized.net/coub_storage/media_block/cw_image/841386bc43a/ce2ecf9628c843b1aefcf/1492072959_1471188129_gqrxul_att-url-download.jpg","meta":{"year":null,"album":null,"title":"Pirates of the Mediterranean","artist":"Connie Price & The Keystones","echonest_id":null},"duration":null,"amazon_url":null,"google_play_url":null,"bandcamp_url":null,"soundcloud_url":null,"track_name":null,"track_artist":null,"track_album":null,"itunes_url":"https://geo.itunes.apple.com/us/album/pirates-mediterranean-feat./id273839793?i=273841035&uo=4&at=10l5bB&app=music"}},"raw_video_thumbnail_url":"/missing/missing.png","raw_video_title":"cinemagraph-gifs-barber-shop.gif","video_block_banned":false,"duration":2.32,"promo_winner":false,"promo_winner_recoubers":null,"editorial_info":{},"promo_hint":null,"beeline_best_2014":null,"from_web_editor":true,"normalize_sound":true,"normalize_change_allowed":true,"best2015_addable":false,"ahmad_promo":null,"promo_data":null,"audio_copyright_claim":null,"ads_disabled":null,"is_safe_for_ads":true,"megafon_contents":[],"position_on_page":2},{"flag":null,"abuses":null,"recoubs_by_users_channels":null,"favourite":false,"promoted_id":null,"recoub":null,"like":null,"dislike":null,"reaction":null,"in_my_best2015":false,"id":183181823,"type":"Coub::Simple","permalink":"30pynr","title":"Кек","visibility_type":"public","original_visibility_type":"public","channel_id":11596568,"created_at":"2022-02-23T22:45:29Z","updated_at":"2022-03-08T18:14:14Z","is_done":true,"views_count":11742,"cotd":null,"cotd_at":null,"visible_on_explore_root":false,"visible_on_explore":false,"featured":false,"published":true,"published_at":"2022-02-23T22:45:29Z","reversed":false,"from_editor_v2":true,"is_editable":true,"original_sound":false,"has_sound":false,"recoub_to":null,"file_versions":{"html5":{"video":{"higher":{"url":"https://coub-anubis-a.akamaized.net/coub_storage/coub/simple/cw_file/4eb978d394a/d860a3e75c8acf9ecc44c/muted_mp4_huge_size_1645656331_muted_huge.mp4","size":98454},"high":{"url":"https://coub-anubis-a.akamaized.net/coub_storage/coub/simple/cw_file/4eb978d394a/d860a3e75c8acf9ecc44c/muted_mp4_big_size_1645656331_muted_big.mp4","size":65979},"med":{"url":"https://coub-anubis-a.akamaized.net/coub_storage/coub/simple/cw_file/4eb978d394a/d860a3e75c8acf9ecc44c/muted_mp4_med_size_1645656331_muted_med.mp4","size":15895}},"audio":{"high":{"url":"https://coub-anubis-a.akamaized.net/coub_storage/coub/simple/cw_looped_audio_high/581c2a35ec6/72aa1b9fe28f02be42719/1645656344_mp3-high.mp3","size":1343525},"med":{"url":"https://coub-anubis-a.akamaized.net/coub_storage/coub/simple/cw_looped_audio_med/39756c6ca9d/0d2299644e0f0a6d30e29/1645656343_mp3-med.mp3","size":1013998}}},"mobile":{"video":"https://coub-anubis-a.akamaized.net/coub_storage/coub/simple/cw_file/4eb978d394a/d860a3e75c8acf9ecc44c/muted_mp4_med_size_1645656331_muted_med.mp4","audio":["https://coub-anubis-a.akamaized.net/coub_storage/coub/simple/cw_looped_audio_med/39756c6ca9d/0d2299644e0f0a6d30e29/1645656343_mp3-med.mp3"]},"share":{"default":"https://coub-anubis-a.akamaized.net/coub_storage/coub/simple/cw_video_for_sharing/010455c712f/72456d728835de699aa35/1645656354_looped_1645656354.mp4"}},"audio_versions":{"template":"https://coub-anubis-a.akamaized.net/coub_storage/audio_track/cw_normalized_copy/e1e8017849c/cc4407859f4a657f2bc07/mid_1645656339_normalized_1645656332_1v5hs95_edited.mp3","versions":["mid","low"]},"image_versions":{"template":"https://coub-anubis-a.akamaized.net/coub_storage/coub/simple/cw_image/1efce2bde9e/9d060c61d7b645923fc8b/%{version}_1645656346_00003.jpg","versions":["micro","tiny","age_restricted","ios_large","ios_mosaic","big","med","small","pinterest"]},"first_frame_versions":{"template":"https://coub-anubis-a.akamaized.net/coub_storage/coub/simple/cw_timeline_pic/9846d0ebcf3/0434c615c01cbd92b2e6a/%{version}_1645656345_image.jpg","versions":["big","med","small","ios_large"]},"dimensions":{"big":[1280,720],"med":[640,360]},"site_w_h":[640,360],"page_w_h":[640,360],"site_w_h_small":[310,174],"size":[1280,720],"age_restricted":false,"age_restricted_by_admin":false,"not_safe_for_work":null,"allow_reuse":false,"dont_crop":true,"banned":false,"global_safe":null,"audio_file_url":"https://coub-anubis-a.akamaized.net/coub_storage/audio_track/cw_normalized_copy/e1e8017849c/cc4407859f4a657f2bc07/low_1645656339_normalized_1645656332_1v5hs95_edited.mp3","external_download":false,"application":null,"channel":{"id":11596568,"permalink":"song.my.soul","title":"Song my Soul","description":null,"followers_count":31,"following_count":13,"avatar_versions":{"template":"https://coub-anubis-a.akamaized.net/coub_storage/channel/cw_avatar/340018cefbf/e14be24b59fb7a61b31dd/%{version}_1622356288_qhupRqMi9rw__1_.jpg","versions":["medium","medium_2x","profile_pic","profile_pic_new","profile_pic_new_2x","tiny","tiny_2x","small","small_2x","ios_large","ios_small"]}},"file":null,"picture":"https://coub-anubis-a.akamaized.net/coub_storage/coub/simple/cw_image/1efce2bde9e/9d060c61d7b645923fc8b/med_1645656346_00003.jpg","timeline_picture":"https://coub-anubis-a.akamaized.net/coub_storage/coub/simple/cw_timeline_pic/9846d0ebcf3/0434c615c01cbd92b2e6a/ios_large_1645656345_image.jpg","small_picture":"https://coub-anubis-a.akamaized.net/coub_storage/coub/simple/cw_image/1efce2bde9e/9d060c61d7b645923fc8b/ios_mosaic_1645656346_00003.jpg","sharing_picture":null,"percent_done":100,"tags":[],"categories":[{"id":114,"title":"Live Pictures","permalink":"live-pictures","subscriptions_count":2028289,"big_image_url":"https://coub-anubis-a.akamaized.net/coub_storage/category/cw_image/6a781fee541/43bd1211431771697290d/big_1622039067_Live_pictures.png","small_image_url":"https://coub-anubis-a.akamaized.net/coub_storage/category/cw_image/6a781fee541/43bd1211431771697290d/small_1622039067_Live_pictures.png","med_image_url":"https://coub-anubis-a.akamaized.net/coub_storage/category/cw_image/6a781fee541/43bd1211431771697290d/med_1622039067_Live_pictures.png","visible":true}],"communities":[{"id":114,"title":"Live Pictures","permalink":"live-pictures","subscriptions_count":2028289,"big_image_url":"https://coub-anubis-a.akamaized.net/coub_storage/category/cw_image/6a781fee541/43bd1211431771697290d/big_1622039067_Live_pictures.png","small_image_url":"https://coub-anubis-a.akamaized.net/coub_storage/category/cw_image/6a781fee541/43bd1211431771697290d/small_1622039067_Live_pictures.png","med_image_url":"https://coub-anubis-a.akamaized.net/coub_storage/category/cw_image/6a781fee541/43bd1211431771697290d/med_1622039067_Live_pictures.png","i_subscribed":true,"community_notifications_enabled":null,"description":null}],"recoubs_count":2,"remixes_count":0,"likes_count":32,"dislikes_count":0,"raw_video_id":17153573,"uploaded_by_ios_app":false,"uploaded_by_android_app":false,"media_blocks":{"uploaded_raw_videos":[],"external_raw_videos":[],"remixed_from_coubs":[]},"raw_video_thumbnail_url":"https://coub-anubis-a.akamaized.net/coub_storage/raw_video/cw_image/c4212c47964/409cb63d95489818dd95e/coub_media_1645656133_image.jpg","raw_video_title":"___.mov","video_block_banned":false,"duration":0.68,"promo_winner":false,"promo_winner_recoubers":null,"editorial_info":{},"promo_hint":null,"beeline_best_2014":null,"from_web_editor":true,"normalize_sound":true,"normalize_change_allowed":true,"best2015_addable":false,"ahmad_promo":null,"promo_data":null,"audio_copyright_claim":null,"ads_disabled":null,"is_safe_for_ads":true,"megafon_contents":[],"position_on_page":3},{"flag":null,"abuses":null,"recoubs_by_users_channels":null,"favourite":false,"promoted_id":null,"recoub":null,"like":null,"dislike":null,"reaction":null,"in_my_best2015":false,"id":183180803,"type":"Coub::Simple","permalink":"30pxvf","title":"Закат By 6everage","visibility_type":"public","original_visibility_type":"public","channel_id":2745677,"created_at":"2022-02-23T22:06:25Z","updated_at":"2022-03-15T19:58:46Z","is_done":true,"views_count":11769,"cotd":null,"cotd_at":null,"visible_on_explore_root":false,"visible_on_explore":false,"featured":false,"published":true,"published_at":"2022-02-23T22:06:25Z","reversed":false,"from_editor_v2":true,"is_editable":true,"original_sound":false,"has_sound":false,"recoub_to":null,"file_versions":{"html5":{"video":{"higher":{"url":"https://coub-anubis-a.akamaized.net/coub_storage/coub/simple/cw_file/4646963d705/2431a032186e93fbb3d3f/muted_mp4_huge_size_1645653988_muted_huge.mp4","size":257831},"high":{"url":"https://coub-anubis-a.akamaized.net/coub_storage/coub/simple/cw_file/4646963d705/2431a032186e93fbb3d3f/muted_mp4_big_size_1645653988_muted_big.mp4","size":186979},"med":{"url":"https://coub-anubis-a.akamaized.net/coub_storage/coub/simple/cw_file/4646963d705/2431a032186e93fbb3d3f/muted_mp4_med_size_1645653988_muted_med.mp4","size":50440}},"audio":{"high":{"url":"https://coub-anubis-a.akamaized.net/coub_storage/coub/simple/cw_looped_audio_high/5e44e5fa88b/6e3e7b4a43a5302b38760/1645654016_mp3-high.mp3","size":3930248},"med":{"url":"https://coub-anubis-a.akamaized.net/coub_storage/coub/simple/cw_looped_audio_med/746f964218a/2f4252b2e76d184db754b/1645654014_mp3-med.mp3","size":3201884}}},"mobile":{"video":"https://coub-anubis-a.akamaized.net/coub_storage/coub/simple/cw_file/4646963d705/2431a032186e93fbb3d3f/muted_mp4_med_size_1645653988_muted_med.mp4","audio":["https://coub-anubis-a.akamaized.net/coub_storage/coub/simple/cw_looped_audio_med/746f964218a/2f4252b2e76d184db754b/1645654014_mp3-med.mp3"]},"share":{"default":"https://coub-anubis-a.akamaized.net/coub_storage/coub/simple/cw_video_for_sharing/5e4bf2f94cc/fe81adcb96d374d2c0127/1645654031_looped_1645654030.mp4"}},"audio_versions":{"template":"https://coub-anubis-a.akamaized.net/coub_storage/audio_track/cw_file/7d8fcb54a57/294a1c406ab45229867c4/mid_1645653993_17dv4ws_edited.mp3","versions":["mid","low"]},"image_versions":{"template":"https://coub-anubis-a.akamaized.net/coub_storage/coub/simple/cw_image/539a897a9ed/19b652d7de464fb552d84/%{version}_1645654019_00010.jpg","versions":["micro","tiny","age_restricted","ios_large","ios_mosaic","big","med","small","pinterest"]},"first_frame_versions":{"template":"https://coub-anubis-a.akamaized.net/coub_storage/coub/simple/cw_timeline_pic/33b1c675696/d9ae4b8ca8fd3f34224f7/%{version}_1645654019_image.jpg","versions":["big","med","small","ios_large"]},"dimensions":{"big":[1280,648],"med":[640,324]},"site_w_h":[640,324],"page_w_h":[640,324],"site_w_h_small":[310,157],"size":[1280,648],"age_restricted":false,"age_restricted_by_admin":false,"not_safe_for_work":null,"allow_reuse":false,"dont_crop":true,"banned":false,"global_safe":null,"audio_file_url":"https://coub-anubis-a.akamaized.net/coub_storage/audio_track/cw_file/7d8fcb54a57/294a1c406ab45229867c4/low_1645653993_17dv4ws_edited.mp3","external_download":{"type":"UrlDownload","service_name":"UrlDownload","url":"https://d.furaffinity.net/art/6everage/1645366756/1645366756.6everage_deadlines1280.gif","has_embed":false},"application":null,"channel":{"id":2745677,"permalink":"shus-tiko","title":"Shus","description":null,"followers_count":188,"following_count":30,"avatar_versions":{"template":"https://coub-anubis-a.akamaized.net/coub_storage/channel/cw_avatar/d458b53f951/035311d776e557e514870/%{version}_1620733873_cropped.jpeg","versions":["medium","medium_2x","profile_pic","profile_pic_new","profile_pic_new_2x","tiny","tiny_2x","small","small_2x","ios_large","ios_small"]}},"file":null,"picture":"https://coub-anubis-a.akamaized.net/coub_storage/coub/simple/cw_image/539a897a9ed/19b652d7de464fb552d84/med_1645654019_00010.jpg","timeline_picture":"https://coub-anubis-a.akamaized.net/coub_storage/coub/simple/cw_timeline_pic/33b1c675696/d9ae4b8ca8fd3f34224f7/ios_large_1645654019_image.jpg","small_picture":"https://coub-anubis-a.akamaized.net/coub_storage/coub/simple/cw_image/539a897a9ed/19b652d7de464fb552d84/ios_mosaic_1645654019_00010.jpg","sharing_picture":null,"percent_done":100,"tags":[{"id":5151979,"title":"черниковская хата - ночное рандеву","value":"%D1%87%D0%B5%D1%80%D0%BD%D0%B8%D0%BA%D0%BE%D0%B2%D1%81%D0%BA%D0%B0%D1%8F%20%D1%85%D0%B0%D1%82%D0%B0%20-%20%D0%BD%D0%BE%D1%87%D0%BD%D0%BE%D0%B5%20%D1%80%D0%B0%D0%BD%D0%B4%D0%B5%D0%B2%D1%83"},{"id":6691297,"title":"6everage","value":"6everage"}],"categories":[{"id":114,"title":"Live Pictures","permalink":"live-pictures","subscriptions_count":2028289,"big_image_url":"https://coub-anubis-a.akamaized.net/coub_storage/category/cw_image/6a781fee541/43bd1211431771697290d/big_1622039067_Live_pictures.png","small_image_url":"https://coub-anubis-a.akamaized.net/coub_storage/category/cw_image/6a781fee541/43bd1211431771697290d/small_1622039067_Live_pictures.png","med_image_url":"https://coub-anubis-a.akamaized.net/coub_storage/category/cw_image/6a781fee541/43bd1211431771697290d/med_1622039067_Live_pictures.png","visible":true}],"communities":[{"id":114,"title":"Live Pictures","permalink":"live-pictures","subscriptions_count":2028289,"big_image_url":"https://coub-anubis-a.akamaized.net/coub_storage/category/cw_image/6a781fee541/43bd1211431771697290d/big_1622039067_Live_pictures.png","small_image_url":"https://coub-anubis-a.akamaized.net/coub_storage/category/cw_image/6a781fee541/43bd1211431771697290d/small_1622039067_Live_pictures.png","med_image_url":"https://coub-anubis-a.akamaized.net/coub_storage/category/cw_image/6a781fee541/43bd1211431771697290d/med_1622039067_Live_pictures.png","i_subscribed":true,"community_notifications_enabled":null,"description":null}],"recoubs_count":8,"remixes_count":1,"likes_count":32,"dislikes_count":0,"raw_video_id":17153503,"uploaded_by_ios_app":false,"uploaded_by_android_app":false,"media_blocks":{"uploaded_raw_videos":[],"external_raw_videos":[{"id":41104656,"title":"1645366756.6everage_deadlines1280.gif","url":"https://d.furaffinity.net/art/6everage/1645366756/1645366756.6everage_deadlines1280.gif","image":"https://coub-anubis-a.akamaized.net/coub_storage/media_block/cw_image/b06d2361fbf/6fb81337f6ad13aa78e41/video_1645653622_2u83ex_1645653614_image.jpg","image_retina":"https://coub-anubis-a.akamaized.net/coub_storage/media_block/cw_image/b06d2361fbf/6fb81337f6ad13aa78e41/video_retina_1645653622_2u83ex_1645653614_image.jpg","meta":{"service":"UrlDownload","duration":"3.04"},"duration":3.04,"raw_video_id":17153503,"has_embed":false}],"remixed_from_coubs":[],"external_video":{"id":41104656,"title":"1645366756.6everage_deadlines1280.gif","url":"https://d.furaffinity.net/art/6everage/1645366756/1645366756.6everage_deadlines1280.gif","image":"https://coub-anubis-a.akamaized.net/coub_storage/media_block/cw_image/b06d2361fbf/6fb81337f6ad13aa78e41/video_1645653622_2u83ex_1645653614_image.jpg","image_retina":"https://coub-anubis-a.akamaized.net/coub_storage/media_block/cw_image/b06d2361fbf/6fb81337f6ad13aa78e41/video_retina_1645653622_2u83ex_1645653614_image.jpg","meta":{"service":"UrlDownload","duration":"3.04"},"duration":3.04,"raw_video_id":17153503,"has_embed":false}},"raw_video_thumbnail_url":"https://coub-anubis-a.akamaized.net/coub_storage/raw_video/cw_image/0b7bf5bfb14/77f4c15b21a24da17e78a/coub_media_1645653614_1645653614_image.jpg","raw_video_title":"1645366756.6everage_deadlines1280.gif","video_block_banned":false,"duration":3.04,"promo_winner":false,"promo_winner_recoubers":null,"editorial_info":{},"promo_hint":null,"beeline_best_2014":null,"from_web_editor":true,"normalize_sound":false,"normalize_change_allowed":false,"best2015_addable":false,"ahmad_promo":null,"promo_data":null,"audio_copyright_claim":null,"ads_disabled":null,"is_safe_for_ads":true,"megafon_contents":[],"position_on_page":4},{"flag":null,"abuses":null,"recoubs_by_users_channels":null,"favourite":false,"promoted_id":null,"recoub":null,"like":null,"dislike":null,"reaction":null,"in_my_best2015":false,"id":182070692,"type":"Coub::Simple","permalink":"301z4i","title":"Titan Fitness","visibility_type":"public","original_visibility_type":"public","channel_id":2227934,"created_at":"2022-01-27T22:24:14Z","updated_at":"2022-03-13T05:43:33Z","is_done":true,"views_count":14066,"cotd":null,"cotd_at":null,"visible_on_explore_root":false,"visible_on_explore":false,"featured":false,"published":true,"published_at":"2022-01-28T09:06:00Z","reversed":false,"from_editor_v2":true,"is_editable":true,"original_sound":false,"has_sound":false,"recoub_to":null,"file_versions":{"html5":{"video":{"higher":{"url":"https://coub-anubis-a.akamaized.net/coub_storage/coub/simple/cw_file/575b9a14330/0b78e9b9873ccf231274c/muted_mp4_huge_size_1643322259_muted_huge.mp4","size":116150},"high":{"url":"https://coub-anubis-a.akamaized.net/coub_storage/coub/simple/cw_file/575b9a14330/0b78e9b9873ccf231274c/muted_mp4_big_size_1643322259_muted_big.mp4","size":77066},"med":{"url":"https://coub-anubis-a.akamaized.net/coub_storage/coub/simple/cw_file/575b9a14330/0b78e9b9873ccf231274c/muted_mp4_med_size_1643322259_muted_med.mp4","size":18901}},"audio":{"high":{"url":"https://coub-anubis-a.akamaized.net/coub_storage/coub/simple/cw_looped_audio_high/e86a209580f/e918f10e294d5b8981868/1643322290_mp3-high.mp3","size":3322255},"med":{"url":"https://coub-anubis-a.akamaized.net/coub_storage/coub/simple/cw_looped_audio_med/76293d9959f/d0f05c5ddcdee88288fd4/1643322287_mp3-med.mp3","size":2250653}}},"mobile":{"video":"https://coub-anubis-a.akamaized.net/coub_storage/coub/simple/cw_file/575b9a14330/0b78e9b9873ccf231274c/muted_mp4_med_size_1643322259_muted_med.mp4","audio":["https://coub-anubis-a.akamaized.net/coub_storage/coub/simple/cw_looped_audio_med/76293d9959f/d0f05c5ddcdee88288fd4/1643322287_mp3-med.mp3"]},"share":{"default":"https://coub-anubis-a.akamaized.net/coub_storage/coub/simple/cw_video_for_sharing/3fc17fee4a6/61a3fefd18ee5608e13ad/1643322315_looped_1643322314.mp4"}},"audio_versions":{"template":"https://coub-anubis-a.akamaized.net/coub_storage/audio_track/cw_file/e01d3c4152a/4c3e5589364f4dd6ec363/mid_1643322263_1u77rq5_edited.mp3","versions":["mid","low"]},"image_versions":{"template":"https://coub-anubis-a.akamaized.net/coub_storage/coub/simple/cw_image/ccfe94a7045/d5bd9fd67b00c00fb513b/%{version}_1643322294_00007.jpg","versions":["micro","tiny","age_restricted","ios_large","ios_mosaic","big","med","small","pinterest"]},"first_frame_versions":{"template":"https://coub-anubis-a.akamaized.net/coub_storage/coub/simple/cw_timeline_pic/3fd9dd356fc/196f8387247aaf213d34a/%{version}_1643322293_image.jpg","versions":["big","med","small","ios_large"]},"dimensions":{"big":[1280,720],"med":[640,360]},"site_w_h":[640,360],"page_w_h":[640,360],"site_w_h_small":[310,174],"size":[1280,720],"age_restricted":false,"age_restricted_by_admin":false,"not_safe_for_work":null,"allow_reuse":false,"dont_crop":true,"banned":false,"global_safe":null,"audio_file_url":"https://coub-anubis-a.akamaized.net/coub_storage/audio_track/cw_file/e01d3c4152a/4c3e5589364f4dd6ec363/low_1643322263_1u77rq5_edited.mp3","external_download":false,"application":null,"channel":{"id":2227934,"permalink":"cinemagraphs","title":"Cinemagraphs 🍒","description":"Pictures of the future 📸 #Cinemagraphs","followers_count":51485,"following_count":25,"avatar_versions":{"template":"https://coub-anubis-a.akamaized.net/coub_storage/channel/cw_avatar/b167cf416ae/e7e9bad8a41580de67e5e/%{version}_1607423119_5o3vhm_1474588843_fonstola.ru-57386.jpg","versions":["medium","medium_2x","profile_pic","profile_pic_new","profile_pic_new_2x","tiny","tiny_2x","small","small_2x","ios_large","ios_small"]}},"file":null,"picture":"https://coub-anubis-a.akamaized.net/coub_storage/coub/simple/cw_image/ccfe94a7045/d5bd9fd67b00c00fb513b/med_1643322294_00007.jpg","timeline_picture":"https://coub-anubis-a.akamaized.net/coub_storage/coub/simple/cw_timeline_pic/3fd9dd356fc/196f8387247aaf213d34a/ios_large_1643322293_image.jpg","small_picture":"https://coub-anubis-a.akamaized.net/coub_storage/coub/simple/cw_image/ccfe94a7045/d5bd9fd67b00c00fb513b/ios_mosaic_1643322294_00007.jpg","sharing_picture":null,"percent_done":100,"tags":[{"id":5327,"title":"room","value":"room"},{"id":3081,"title":"free","value":"free"},{"id":49603,"title":"cinemagraph","value":"cinemagraph"},{"id":379284,"title":"cinemagraphs","value":"cinemagraphs"},{"id":1133540,"title":"eleprimer","value":"eleprimer"}],"categories":[{"id":114,"title":"Live Pictures","permalink":"live-pictures","subscriptions_count":2028289,"big_image_url":"https://coub-anubis-a.akamaized.net/coub_storage/category/cw_image/6a781fee541/43bd1211431771697290d/big_1622039067_Live_pictures.png","small_image_url":"https://coub-anubis-a.akamaized.net/coub_storage/category/cw_image/6a781fee541/43bd1211431771697290d/small_1622039067_Live_pictures.png","med_image_url":"https://coub-anubis-a.akamaized.net/coub_storage/category/cw_image/6a781fee541/43bd1211431771697290d/med_1622039067_Live_pictures.png","visible":true}],"communities":[{"id":114,"title":"Live Pictures","permalink":"live-pictures","subscriptions_count":2028289,"big_image_url":"https://coub-anubis-a.akamaized.net/coub_storage/category/cw_image/6a781fee541/43bd1211431771697290d/big_1622039067_Live_pictures.png","small_image_url":"https://coub-anubis-a.akamaized.net/coub_storage/category/cw_image/6a781fee541/43bd1211431771697290d/small_1622039067_Live_pictures.png","med_image_url":"https://coub-anubis-a.akamaized.net/coub_storage/category/cw_image/6a781fee541/43bd1211431771697290d/med_1622039067_Live_pictures.png","i_subscribed":true,"community_notifications_enabled":null,"description":null}],"recoubs_count":5,"remixes_count":0,"likes_count":32,"dislikes_count":0,"raw_video_id":17092521,"uploaded_by_ios_app":false,"uploaded_by_android_app":false,"media_blocks":{"uploaded_raw_videos":[],"external_raw_videos":[],"remixed_from_coubs":[]},"raw_video_thumbnail_url":"https://coub-anubis-a.akamaized.net/coub_storage/raw_video/cw_image/e467d5cd953/f88b09047ee52e57b3719/coub_media_1643321107_image.jpg","raw_video_title":"A_Mystery_to_Me__Chapter_1_1080p.mp4","video_block_banned":false,"duration":2.2,"promo_winner":false,"promo_winner_recoubers":null,"editorial_info":{},"promo_hint":null,"beeline_best_2014":null,"from_web_editor":true,"normalize_sound":false,"normalize_change_allowed":true,"best2015_addable":false,"ahmad_promo":null,"promo_data":null,"audio_copyright_claim":null,"ads_disabled":null,"is_safe_for_ads":true,"megafon_contents":[],"position_on_page":5},{"flag":null,"abuses":null,"recoubs_by_users_channels":null,"favourite":false,"promoted_id":null,"recoub":null,"like":null,"dislike":null,"reaction":null,"in_my_best2015":false,"id":181847752,"type":"Coub::Simple","permalink":"2zx5k5","title":"Ночь, улица, фонарь, аптека...","visibility_type":"public","original_visibility_type":"public","channel_id":12230769,"created_at":"2022-01-22T21:32:39Z","updated_at":"2022-02-19T18:31:23Z","is_done":true,"views_count":11318,"cotd":null,"cotd_at":null,"visible_on_explore_root":false,"visible_on_explore":false,"featured":false,"published":true,"published_at":"2022-01-22T21:32:39Z","reversed":true,"from_editor_v2":true,"is_editable":true,"original_sound":false,"has_sound":false,"recoub_to":null,"file_versions":{"html5":{"video":{"higher":{"url":"https://coub-anubis-a.akamaized.net/coub_storage/coub/simple/cw_file/0cbc34d31e0/3f34538032d92c277b509/muted_mp4_huge_size_1642936139_muted_huge.mp4","size":5274423},"high":{"url":"https://coub-anubis-a.akamaized.net/coub_storage/coub/simple/cw_file/0cbc34d31e0/3f34538032d92c277b509/muted_mp4_big_size_1642936139_muted_big.mp4","size":3460578},"med":{"url":"https://coub-anubis-a.akamaized.net/coub_storage/coub/simple/cw_file/0cbc34d31e0/3f34538032d92c277b509/muted_mp4_med_size_1642936139_muted_med.mp4","size":682786}},"audio":{"high":{"url":"https://coub-anubis-a.akamaized.net/coub_storage/coub/simple/cw_looped_audio_high/1dfd6e497fa/c569ec2fa25b083cb080f/1642936147_mp3-high.mp3","size":723782},"med":{"url":"https://coub-anubis-a.akamaized.net/coub_storage/coub/simple/cw_looped_audio_med/e1219f97fd6/e1e2ae1be778ab5d13b2b/1642936147_mp3-med.mp3","size":636452}}},"mobile":{"video":"https://coub-anubis-a.akamaized.net/coub_storage/coub/simple/cw_file/0cbc34d31e0/3f34538032d92c277b509/muted_mp4_med_size_1642936139_muted_med.mp4","audio":["https://coub-anubis-a.akamaized.net/coub_storage/coub/simple/cw_looped_audio_med/e1219f97fd6/e1e2ae1be778ab5d13b2b/1642936147_mp3-med.mp3"]},"share":{"default":"https://coub-anubis-a.akamaized.net/coub_storage/coub/simple/cw_video_for_sharing/c3e67d85e5e/1c81e9e775ed8b2dfd00d/1642936190_looped_1642936189.mp4"}},"audio_versions":{"template":"https://coub-anubis-a.akamaized.net/coub_storage/audio_track/cw_normalized_copy/baa71ce3e70/a48ccffd87c4a62cd06cf/mid_1642936144_normalized_1642936140_k3fti6_edited.mp3","versions":["mid","low"]},"image_versions":{"template":"https://coub-anubis-a.akamaized.net/coub_storage/coub/simple/cw_image/43ab97c04e4/78624cde57976fdf3f1e3/%{version}_1642936155_00063.jpg","versions":["micro","tiny","age_restricted","ios_large","ios_mosaic","big","med","small","pinterest"]},"first_frame_versions":{"template":"https://coub-anubis-a.akamaized.net/coub_storage/coub/simple/cw_timeline_pic/3f8b6f6ece3/d26ea1146728f3ed35493/%{version}_1642936153_image.jpg","versions":["big","med","small","ios_large"]},"dimensions":{"big":[1280,720],"med":[640,360]},"site_w_h":[640,360],"page_w_h":[640,360],"site_w_h_small":[310,174],"size":[1280,720],"age_restricted":false,"age_restricted_by_admin":false,"not_safe_for_work":null,"allow_reuse":false,"dont_crop":true,"banned":false,"global_safe":null,"audio_file_url":"https://coub-anubis-a.akamaized.net/coub_storage/audio_track/cw_normalized_copy/baa71ce3e70/a48ccffd87c4a62cd06cf/low_1642936144_normalized_1642936140_k3fti6_edited.mp3","external_download":false,"application":null,"channel":{"id":12230769,"permalink":"darina-mazur","title":"Darina Mazur","description":null,"followers_count":1,"following_count":18,"avatar_versions":{"template":"https://coub-anubis-a.akamaized.net/coub_storage/channel/cw_avatar/4dcc82a3697/66a01d584637f1e867845/%{version}_1629751750_Are_you_a_gril_or_a_trap__ee7278e69457c624f20d9e0a0ec89263.jpg","versions":["medium","medium_2x","profile_pic","profile_pic_new","profile_pic_new_2x","tiny","tiny_2x","small","small_2x","ios_large","ios_small"]}},"file":null,"picture":"https://coub-anubis-a.akamaized.net/coub_storage/coub/simple/cw_image/43ab97c04e4/78624cde57976fdf3f1e3/med_1642936155_00063.jpg","timeline_picture":"https://coub-anubis-a.akamaized.net/coub_storage/coub/simple/cw_timeline_pic/3f8b6f6ece3/d26ea1146728f3ed35493/ios_large_1642936153_image.jpg","small_picture":"https://coub-anubis-a.akamaized.net/coub_storage/coub/simple/cw_image/43ab97c04e4/78624cde57976fdf3f1e3/ios_mosaic_1642936155_00063.jpg","sharing_picture":null,"percent_done":100,"tags":[{"id":191858,"title":"poems","value":"poems"},{"id":6710110,"title":"а. block","value":"%D0%B0.%20block"},{"id":2122,"title":"стихи","value":"%D1%81%D1%82%D0%B8%D1%85%D0%B8"},{"id":6710109,"title":"а. блок","value":"%D0%B0.%20%D0%B1%D0%BB%D0%BE%D0%BA"}],"categories":[{"id":114,"title":"Live Pictures","permalink":"live-pictures","subscriptions_count":2028289,"big_image_url":"https://coub-anubis-a.akamaized.net/coub_storage/category/cw_image/6a781fee541/43bd1211431771697290d/big_1622039067_Live_pictures.png","small_image_url":"https://coub-anubis-a.akamaized.net/coub_storage/category/cw_image/6a781fee541/43bd1211431771697290d/small_1622039067_Live_pictures.png","med_image_url":"https://coub-anubis-a.akamaized.net/coub_storage/category/cw_image/6a781fee541/43bd1211431771697290d/med_1622039067_Live_pictures.png","visible":true}],"communities":[{"id":114,"title":"Live Pictures","permalink":"live-pictures","subscriptions_count":2028289,"big_image_url":"https://coub-anubis-a.akamaized.net/coub_storage/category/cw_image/6a781fee541/43bd1211431771697290d/big_1622039067_Live_pictures.png","small_image_url":"https://coub-anubis-a.akamaized.net/coub_storage/category/cw_image/6a781fee541/43bd1211431771697290d/small_1622039067_Live_pictures.png","med_image_url":"https://coub-anubis-a.akamaized.net/coub_storage/category/cw_image/6a781fee541/43bd1211431771697290d/med_1622039067_Live_pictures.png","i_subscribed":true,"community_notifications_enabled":null,"description":null}],"recoubs_count":7,"remixes_count":0,"likes_count":32,"dislikes_count":0,"raw_video_id":17080791,"uploaded_by_ios_app":false,"uploaded_by_android_app":false,"media_blocks":{"uploaded_raw_videos":[],"external_raw_videos":[],"remixed_from_coubs":[]},"raw_video_thumbnail_url":"https://coub-anubis-a.akamaized.net/coub_storage/raw_video/cw_image/5fbd0de88a8/9a63f3838fccb343fdd61/coub_media_1642886500_image.jpg","raw_video_title":"pexels-gusat-andrei-6527134.mp4","video_block_banned":false,"duration":20.0,"promo_winner":false,"promo_winner_recoubers":null,"editorial_info":{},"promo_hint":null,"beeline_best_2014":null,"from_web_editor":true,"normalize_sound":true,"normalize_change_allowed":true,"best2015_addable":false,"ahmad_promo":null,"promo_data":null,"audio_copyright_claim":null,"ads_disabled":null,"is_safe_for_ads":true,"megafon_contents":[],"position_on_page":6},{"flag":null,"abuses":null,"recoubs_by_users_channels":null,"favourite":false,"promoted_id":null,"recoub":null,"like":null,"dislike":null,"reaction":null,"in_my_best2015":false,"id":181253629,"type":"Coub::Simple","permalink":"2zkf4l","title":"II BROKEN II","visibility_type":"public","original_visibility_type":"public","channel_id":7673267,"created_at":"2022-01-09T21:59:20Z","updated_at":"2022-02-23T15:08:34Z","is_done":true,"views_count":16243,"cotd":null,"cotd_at":null,"visible_on_explore_root":false,"visible_on_explore":false,"featured":false,"published":true,"published_at":"2022-01-09T21:59:19Z","reversed":false,"from_editor_v2":true,"is_editable":true,"original_sound":false,"has_sound":false,"recoub_to":null,"file_versions":{"html5":{"video":{"higher":{"url":"https://coub-anubis-a.akamaized.net/coub_storage/coub/simple/cw_file/4bec47a917d/2e439fd9e0abd7ecd2d81/muted_mp4_huge_size_1641765561_muted_huge.mp4","size":143292},"high":{"url":"https://coub-anubis-a.akamaized.net/coub_storage/coub/simple/cw_file/4bec47a917d/2e439fd9e0abd7ecd2d81/muted_mp4_big_size_1641765561_muted_big.mp4","size":88815},"med":{"url":"https://coub-anubis-a.akamaized.net/coub_storage/coub/simple/cw_file/4bec47a917d/2e439fd9e0abd7ecd2d81/muted_mp4_med_size_1641765561_muted_med.mp4","size":28705}},"audio":{"high":{"url":"https://coub-anubis-a.akamaized.net/coub_storage/coub/simple/cw_looped_audio_high/28f458184d8/e6a3888c5a0a94b9cada8/1641765602_mp3-high.mp3","size":4158074},"med":{"url":"https://coub-anubis-a.akamaized.net/coub_storage/coub/simple/cw_looped_audio_med/ce8b2c16db2/4f6c0087d54577e93935e/1641765599_mp3-med.mp3","size":3285960}}},"mobile":{"video":"https://coub-anubis-a.akamaized.net/coub_storage/coub/simple/cw_file/4bec47a917d/2e439fd9e0abd7ecd2d81/muted_mp4_med_size_1641765561_muted_med.mp4","audio":["https://coub-anubis-a.akamaized.net/coub_storage/coub/simple/cw_looped_audio_med/ce8b2c16db2/4f6c0087d54577e93935e/1641765599_mp3-med.mp3"]},"share":{"default":"https://coub-anubis-a.akamaized.net/coub_storage/coub/simple/cw_video_for_sharing/1ea5b01e592/c348ad2fd3e72a4f4ec8d/1641765617_looped_1641765616.mp4"}},"audio_versions":{"template":"https://coub-anubis-a.akamaized.net/coub_storage/audio_track/cw_normalized_copy/092217c0895/cdfe226e024b769651216/mid_1641765585_normalized_1641765566_5fe877_edited.mp3","versions":["mid","low"]},"image_versions":{"template":"https://coub-anubis-a.akamaized.net/coub_storage/coub/simple/cw_image/e921fc66bf3/6e06dbb0951e3c36f4ce4/%{version}_1641765605_00004.jpg","versions":["micro","tiny","age_restricted","ios_large","ios_mosaic","big","med","small","pinterest"]},"first_frame_versions":{"template":"https://coub-anubis-a.akamaized.net/coub_storage/coub/simple/cw_timeline_pic/214d0057285/cf6a5ee6a3be2a585f7c3/%{version}_1641765605_image.jpg","versions":["big","med","small","ios_large"]},"dimensions":{"big":[1054,960],"med":[526,480]},"site_w_h":[640,583],"page_w_h":[400,364],"site_w_h_small":[310,282],"size":[1054,960],"age_restricted":false,"age_restricted_by_admin":false,"not_safe_for_work":null,"allow_reuse":false,"dont_crop":true,"banned":false,"global_safe":null,"audio_file_url":"https://coub-anubis-a.akamaized.net/coub_storage/audio_track/cw_normalized_copy/092217c0895/cdfe226e024b769651216/low_1641765585_normalized_1641765566_5fe877_edited.mp3","external_download":false,"application":null,"channel":{"id":7673267,"permalink":"soundskull","title":"SoundSkull","description":null,"followers_count":15,"following_count":11,"avatar_versions":{"template":"https://coub-anubis-a.akamaized.net/coub_storage/channel/cw_avatar/9f4b96bd3d7/975609af8bcd6c9182881/%{version}_1607789166_1vpstfg_1580307992_fon-muzyka-smert-18760.jpg","versions":["medium","medium_2x","profile_pic","profile_pic_new","profile_pic_new_2x","tiny","tiny_2x","small","small_2x","ios_large","ios_small"]}},"file":null,"picture":"https://coub-anubis-a.akamaized.net/coub_storage/coub/simple/cw_image/e921fc66bf3/6e06dbb0951e3c36f4ce4/med_1641765605_00004.jpg","timeline_picture":"https://coub-anubis-a.akamaized.net/coub_storage/coub/simple/cw_timeline_pic/214d0057285/cf6a5ee6a3be2a585f7c3/ios_large_1641765605_image.jpg","small_picture":"https://coub-anubis-a.akamaized.net/coub_storage/coub/simple/cw_image/e921fc66bf3/6e06dbb0951e3c36f4ce4/ios_mosaic_1641765605_00004.jpg","sharing_picture":null,"percent_done":100,"tags":[{"id":47561,"title":"broken","value":"broken"},{"id":17004,"title":"madness","value":"madness"},{"id":3363,"title":"sadness","value":"sadness"},{"id":2588,"title":"sad","value":"sad"},{"id":431,"title":"mad","value":"mad"},{"id":4977232,"title":"madskull","value":"madskull"},{"id":972847,"title":"heartbroken","value":"heartbroken"},{"id":898,"title":"heart","value":"heart"},{"id":528,"title":"death","value":"death"},{"id":3833,"title":"killing","value":"killing"},{"id":1629,"title":"kill","value":"kill"},{"id":86,"title":"music","value":"music"},{"id":1161,"title":"musik","value":"musik"},{"id":6917,"title":"hate","value":"hate"},{"id":110629,"title":"hatred","value":"hatred"},{"id":12478,"title":"soul","value":"soul"},{"id":358956,"title":"soulless","value":"soulless"}],"categories":[{"id":114,"title":"Live Pictures","permalink":"live-pictures","subscriptions_count":2028289,"big_image_url":"https://coub-anubis-a.akamaized.net/coub_storage/category/cw_image/6a781fee541/43bd1211431771697290d/big_1622039067_Live_pictures.png","small_image_url":"https://coub-anubis-a.akamaized.net/coub_storage/category/cw_image/6a781fee541/43bd1211431771697290d/small_1622039067_Live_pictures.png","med_image_url":"https://coub-anubis-a.akamaized.net/coub_storage/category/cw_image/6a781fee541/43bd1211431771697290d/med_1622039067_Live_pictures.png","visible":true}],"communities":[{"id":114,"title":"Live Pictures","permalink":"live-pictures","subscriptions_count":2028289,"big_image_url":"https://coub-anubis-a.akamaized.net/coub_storage/category/cw_image/6a781fee541/43bd1211431771697290d/big_1622039067_Live_pictures.png","small_image_url":"https://coub-anubis-a.akamaized.net/coub_storage/category/cw_image/6a781fee541/43bd1211431771697290d/small_1622039067_Live_pictures.png","med_image_url":"https://coub-anubis-a.akamaized.net/coub_storage/category/cw_image/6a781fee541/43bd1211431771697290d/med_1622039067_Live_pictures.png","i_subscribed":true,"community_notifications_enabled":null,"description":null}],"recoubs_count":3,"remixes_count":0,"likes_count":32,"dislikes_count":0,"raw_video_id":17051242,"uploaded_by_ios_app":false,"uploaded_by_android_app":false,"media_blocks":{"uploaded_raw_videos":[],"external_raw_videos":[],"remixed_from_coubs":[]},"raw_video_thumbnail_url":"https://coub-anubis-a.akamaized.net/coub_storage/raw_video/cw_image/b31d6d27a09/a7b842a81353e2196c827/coub_media_1641765173_image.jpg","raw_video_title":"HeartBrokenMk2.gif","video_block_banned":false,"duration":1.24,"promo_winner":false,"promo_winner_recoubers":null,"editorial_info":{},"promo_hint":null,"beeline_best_2014":null,"from_web_editor":true,"normalize_sound":true,"normalize_change_allowed":true,"best2015_addable":false,"ahmad_promo":null,"promo_data":null,"audio_copyright_claim":null,"ads_disabled":null,"is_safe_for_ads":true,"megafon_contents":[],"position_on_page":7},{"flag":null,"abuses":null,"recoubs_by_users_channels":null,"favourite":false,"promoted_id":null,"recoub":null,"like":null,"dislike":null,"reaction":null,"in_my_best2015":false,"id":180947690,"type":"Coub::Simple","permalink":"2zdv28","title":"STALKER / С новым годом!","visibility_type":"public","original_visibility_type":"public","channel_id":1307754,"created_at":"2022-01-02T21:22:28Z","updated_at":"2022-01-27T20:37:08Z","is_done":true,"views_count":11819,"cotd":null,"cotd_at":null,"visible_on_explore_root":false,"visible_on_explore":false,"featured":false,"published":true,"published_at":"2022-01-02T21:22:28Z","reversed":false,"from_editor_v2":true,"is_editable":true,"original_sound":false,"has_sound":false,"recoub_to":null,"file_versions":{"html5":{"video":{"higher":{"url":"https://coub-anubis-a.akamaized.net/coub_storage/coub/simple/cw_file/e5dd3f12008/33d9788c6e60e92cdeadc/muted_mp4_huge_size_1641158559_muted_huge.mp4","size":1194706},"high":{"url":"https://coub-anubis-a.akamaized.net/coub_storage/coub/simple/cw_file/e5dd3f12008/33d9788c6e60e92cdeadc/muted_mp4_big_size_1641158559_muted_big.mp4","size":916617},"med":{"url":"https://coub-anubis-a.akamaized.net/coub_storage/coub/simple/cw_file/e5dd3f12008/33d9788c6e60e92cdeadc/muted_mp4_med_size_1641158559_muted_med.mp4","size":137996}},"audio":{"high":{"url":"https://coub-anubis-a.akamaized.net/coub_storage/coub/simple/cw_looped_audio_high/445ada6aba0/744faf49e1625321aeadb/1641158572_mp3-high.mp3","size":1580829},"med":{"url":"https://coub-anubis-a.akamaized.net/coub_storage/coub/simple/cw_looped_audio_med/1cdafea4a27/b416694ec88643ab9e5c4/1641158571_mp3-med.mp3","size":1580829}}},"mobile":{"video":"https://coub-anubis-a.akamaized.net/coub_storage/coub/simple/cw_file/e5dd3f12008/33d9788c6e60e92cdeadc/muted_mp4_med_size_1641158559_muted_med.mp4","audio":["https://coub-anubis-a.akamaized.net/coub_storage/coub/simple/cw_looped_audio_med/1cdafea4a27/b416694ec88643ab9e5c4/1641158571_mp3-med.mp3"]},"share":{"default":"https://coub-anubis-a.akamaized.net/coub_storage/coub/simple/cw_video_for_sharing/e5e8fae9982/0d14447bc42857c44b54e/1641158596_looped_1641158596.mp4"}},"audio_versions":{"template":"https://coub-anubis-a.akamaized.net/coub_storage/audio_track/cw_normalized_copy/11a584327ee/c745eaa22124d368c6434/mid_1641158565_normalized_1628937116_audio.mp3","versions":["mid","low"]},"image_versions":{"template":"https://coub-anubis-a.akamaized.net/coub_storage/coub/simple/cw_image/3cb507460aa/60b657b11d5fff1fc51ee/%{version}_1641158576_00030.jpg","versions":["micro","tiny","age_restricted","ios_large","ios_mosaic","big","med","small","pinterest"]},"first_frame_versions":{"template":"https://coub-anubis-a.akamaized.net/coub_storage/coub/simple/cw_timeline_pic/0b693a56ef3/453fa1100d3ec71d62c9d/%{version}_1641158575_image.jpg","versions":["big","med","small","ios_large"]},"dimensions":{"big":[1280,720],"med":[640,360]},"site_w_h":[640,360],"page_w_h":[640,360],"site_w_h_small":[310,174],"size":[1280,720],"age_restricted":false,"age_restricted_by_admin":false,"not_safe_for_work":null,"allow_reuse":false,"dont_crop":true,"banned":false,"global_safe":null,"audio_file_url":"https://coub-anubis-a.akamaized.net/coub_storage/audio_track/cw_normalized_copy/11a584327ee/c745eaa22124d368c6434/low_1641158565_normalized_1628937116_audio.mp3","external_download":false,"application":null,"channel":{"id":1307754,"permalink":"rel.rel7","title":"Rel","description":"STALKER, сопутствующее и не очень. И совсем не \"STALKER\". То, что нравится..  Возможно, это будут \"Записи эмоций\"... Музыка будет разная.","followers_count":148,"following_count":46,"avatar_versions":{"template":"https://coub-anubis-a.akamaized.net/coub_storage/channel/cw_avatar/a720670826e/ed6d8cfcfd6759b319ad7/%{version}_1609552634_s04q92_1474582581___________.jpg","versions":["medium","medium_2x","profile_pic","profile_pic_new","profile_pic_new_2x","tiny","tiny_2x","small","small_2x","ios_large","ios_small"]}},"file":null,"picture":"https://coub-anubis-a.akamaized.net/coub_storage/coub/simple/cw_image/3cb507460aa/60b657b11d5fff1fc51ee/med_1641158576_00030.jpg","timeline_picture":"https://coub-anubis-a.akamaized.net/coub_storage/coub/simple/cw_timeline_pic/0b693a56ef3/453fa1100d3ec71d62c9d/ios_large_1641158575_image.jpg","small_picture":"https://coub-anubis-a.akamaized.net/coub_storage/coub/simple/cw_image/3cb507460aa/60b657b11d5fff1fc51ee/ios_mosaic_1641158576_00030.jpg","sharing_picture":null,"percent_done":100,"tags":[{"id":24482,"title":"сталкер","value":"%D1%81%D1%82%D0%B0%D0%BB%D0%BA%D0%B5%D1%80"},{"id":208451,"title":"сталкер тень чернобыля","value":"%D1%81%D1%82%D0%B0%D0%BB%D0%BA%D0%B5%D1%80%20%D1%82%D0%B5%D0%BD%D1%8C%20%D1%87%D0%B5%D1%80%D0%BD%D0%BE%D0%B1%D1%8B%D0%BB%D1%8F"},{"id":3250214,"title":"stalker ost","value":"stalker%20ost"},{"id":1140,"title":"game","value":"game"},{"id":46716,"title":"happy new year","value":"happy%20new%20year"},{"id":6312942,"title":"с новым годом 2022","value":"%D1%81%20%D0%BD%D0%BE%D0%B2%D1%8B%D0%BC%20%D0%B3%D0%BE%D0%B4%D0%BE%D0%BC%202022"}],"categories":[{"id":114,"title":"Live Pictures","permalink":"live-pictures","subscriptions_count":2028289,"big_image_url":"https://coub-anubis-a.akamaized.net/coub_storage/category/cw_image/6a781fee541/43bd1211431771697290d/big_1622039067_Live_pictures.png","small_image_url":"https://coub-anubis-a.akamaized.net/coub_storage/category/cw_image/6a781fee541/43bd1211431771697290d/small_1622039067_Live_pictures.png","med_image_url":"https://coub-anubis-a.akamaized.net/coub_storage/category/cw_image/6a781fee541/43bd1211431771697290d/med_1622039067_Live_pictures.png","visible":true}],"communities":[{"id":114,"title":"Live Pictures","permalink":"live-pictures","subscriptions_count":2028289,"big_image_url":"https://coub-anubis-a.akamaized.net/coub_storage/category/cw_image/6a781fee541/43bd1211431771697290d/big_1622039067_Live_pictures.png","small_image_url":"https://coub-anubis-a.akamaized.net/coub_storage/category/cw_image/6a781fee541/43bd1211431771697290d/small_1622039067_Live_pictures.png","med_image_url":"https://coub-anubis-a.akamaized.net/coub_storage/category/cw_image/6a781fee541/43bd1211431771697290d/med_1622039067_Live_pictures.png","i_subscribed":true,"community_notifications_enabled":null,"description":null}],"recoubs_count":7,"remixes_count":0,"likes_count":32,"dislikes_count":0,"raw_video_id":17035774,"uploaded_by_ios_app":false,"uploaded_by_android_app":false,"media_blocks":{"uploaded_raw_videos":[],"external_raw_videos":[],"remixed_from_coubs":[]},"raw_video_thumbnail_url":"https://coub-anubis-a.akamaized.net/coub_storage/raw_video/cw_image/439fa22d7f2/c975f5823977f1102769e/coub_media_1641157987_image.jpg","raw_video_title":"22.mp4","video_block_banned":false,"duration":9.56,"promo_winner":false,"promo_winner_recoubers":null,"editorial_info":{},"promo_hint":null,"beeline_best_2014":null,"from_web_editor":true,"normalize_sound":true,"normalize_change_allowed":true,"best2015_addable":false,"ahmad_promo":null,"promo_data":null,"audio_copyright_claim":null,"ads_disabled":null,"is_safe_for_ads":true,"megafon_contents":[],"position_on_page":8},{"flag":null,"abuses":null,"recoubs_by_users_channels":null,"favourite":false,"promoted_id":null,"recoub":null,"like":null,"dislike":null,"reaction":null,"in_my_best2015":false,"id":180835567,"type":"Coub::Simple","permalink":"2zbgjp","title":"Undertale - новогодняя ","visibility_type":"public","original_visibility_type":"public","channel_id":2522618,"created_at":"2021-12-31T11:29:27Z","updated_at":"2022-02-27T18:20:44Z","is_done":true,"views_count":10151,"cotd":null,"cotd_at":null,"visible_on_explore_root":false,"visible_on_explore":false,"featured":false,"published":true,"published_at":"2021-12-31T11:29:27Z","reversed":false,"from_editor_v2":true,"is_editable":true,"original_sound":false,"has_sound":false,"recoub_to":null,"file_versions":{"html5":{"video":{"higher":{"url":"https://coub-anubis-a.akamaized.net/coub_storage/coub/simple/cw_file/7caaa63c520/0991b4f9c7551ea1d5efa/muted_mp4_huge_size_1640950405_muted_huge.mp4","size":664395},"high":{"url":"https://coub-anubis-a.akamaized.net/coub_storage/coub/simple/cw_file/7caaa63c520/0991b4f9c7551ea1d5efa/muted_mp4_big_size_1640950405_muted_big.mp4","size":540670},"med":{"url":"https://coub-anubis-a.akamaized.net/coub_storage/coub/simple/cw_file/7caaa63c520/0991b4f9c7551ea1d5efa/muted_mp4_med_size_1640950405_muted_med.mp4","size":176480}},"audio":{"high":{"url":"https://coub-anubis-a.akamaized.net/coub_storage/coub/simple/cw_looped_audio_high/0fedc23fd61/95a253c1b08eecc6f4141/1640950412_mp3-high.mp3","size":1049979},"med":{"url":"https://coub-anubis-a.akamaized.net/coub_storage/coub/simple/cw_looped_audio_med/ed3799d6ba5/bb75172c0c4f6580a3104/1640950411_mp3-med.mp3","size":758940}}},"mobile":{"video":"https://coub-anubis-a.akamaized.net/coub_storage/coub/simple/cw_file/7caaa63c520/0991b4f9c7551ea1d5efa/muted_mp4_med_size_1640950405_muted_med.mp4","audio":["https://coub-anubis-a.akamaized.net/coub_storage/coub/simple/cw_looped_audio_med/ed3799d6ba5/bb75172c0c4f6580a3104/1640950411_mp3-med.mp3"]},"share":{"default":"https://coub-anubis-a.akamaized.net/coub_storage/coub/simple/cw_video_for_sharing/c9f7e7943ee/99d747580a9634290d6b1/1640950425_looped_1640950424.mp4"}},"audio_versions":{"template":"https://coub-anubis-a.akamaized.net/coub_storage/audio_track/cw_normalized_copy/ebce94f4aaa/82d44ecc26d4afb2b2bd0/mid_1640950409_normalized_1640950406_1vntoqg_edited.mp3","versions":["mid","low"]},"image_versions":{"template":"https://coub-anubis-a.akamaized.net/coub_storage/coub/simple/cw_image/d02aedf2278/c76cf6675670fb0fdccdf/%{version}_1640950413_00004.jpg","versions":["micro","tiny","age_restricted","ios_large","ios_mosaic","big","med","small","pinterest"]},"first_frame_versions":{"template":"https://coub-anubis-a.akamaized.net/coub_storage/coub/simple/cw_timeline_pic/a65c10cd449/a030ddebfb9c57f092486/%{version}_1640950413_image.jpg","versions":["big","med","small","ios_large"]},"dimensions":{"big":[1280,720],"med":[640,360]},"site_w_h":[640,360],"page_w_h":[640,360],"site_w_h_small":[310,174],"size":[1280,720],"age_restricted":false,"age_restricted_by_admin":false,"not_safe_for_work":null,"allow_reuse":false,"dont_crop":true,"banned":false,"global_safe":null,"audio_file_url":"https://coub-anubis-a.akamaized.net/coub_storage/audio_track/cw_normalized_copy/ebce94f4aaa/82d44ecc26d4afb2b2bd0/low_1640950409_normalized_1640950406_1vntoqg_edited.mp3","external_download":{"type":"Youtube","service_name":"YouTube","url":"https://www.youtube.com/watch?v=gHfIYu2ASL4","has_embed":true},"application":null,"channel":{"id":2522618,"permalink":"1mbarage","title":"1mba^♥","description":"Коубов не будет у нас война(","followers_count":65,"following_count":8,"avatar_versions":{"template":"https://coub-anubis-a.akamaized.net/coub_storage/channel/cw_avatar/7e97fae50b5/9ff7046e59944c17dc9f3/%{version}_1645007265_4fb5166827e0eb0f2e6c9c9bf18965fe.1000x1000x1.png","versions":["medium","medium_2x","profile_pic","profile_pic_new","profile_pic_new_2x","tiny","tiny_2x","small","small_2x","ios_large","ios_small"]}},"file":null,"picture":"https://coub-anubis-a.akamaized.net/coub_storage/coub/simple/cw_image/d02aedf2278/c76cf6675670fb0fdccdf/med_1640950413_00004.jpg","timeline_picture":"https://coub-anubis-a.akamaized.net/coub_storage/coub/simple/cw_timeline_pic/a65c10cd449/a030ddebfb9c57f092486/ios_large_1640950413_image.jpg","small_picture":"https://coub-anubis-a.akamaized.net/coub_storage/coub/simple/cw_image/d02aedf2278/c76cf6675670fb0fdccdf/ios_mosaic_1640950413_00004.jpg","sharing_picture":null,"percent_done":100,"tags":[{"id":1199449,"title":"андертейл","value":"%D0%B0%D0%BD%D0%B4%D0%B5%D1%80%D1%82%D0%B5%D0%B9%D0%BB"},{"id":1120297,"title":"undertale","value":"undertale"},{"id":9134,"title":"анимация","value":"%D0%B0%D0%BD%D0%B8%D0%BC%D0%B0%D1%86%D0%B8%D1%8F"},{"id":1154660,"title":"undertale sans","value":"undertale%20sans"},{"id":1164170,"title":"undertale toriel","value":"undertale%20toriel"},{"id":1150151,"title":"undertale frisk","value":"undertale%20frisk"},{"id":1556597,"title":"undertale asgore","value":"undertale%20asgore"},{"id":1938637,"title":"азгор","value":"%D0%B0%D0%B7%D0%B3%D0%BE%D1%80"},{"id":1199451,"title":"фриск","value":"%D1%84%D1%80%D0%B8%D1%81%D0%BA"},{"id":1378782,"title":"санс","value":"%D1%81%D0%B0%D0%BD%D1%81"},{"id":21054,"title":"новый год","value":"%D0%BD%D0%BE%D0%B2%D1%8B%D0%B9%20%D0%B3%D0%BE%D0%B4"},{"id":19093,"title":"new year","value":"new%20year"},{"id":2535978,"title":"undertale новый год","value":"undertale%20%D0%BD%D0%BE%D0%B2%D1%8B%D0%B9%20%D0%B3%D0%BE%D0%B4"},{"id":6682586,"title":"undertale new year","value":"undertale%20new%20year"},{"id":46716,"title":"happy new year","value":"happy%20new%20year"},{"id":1779254,"title":"меттатон","value":"%D0%BC%D0%B5%D1%82%D1%82%D0%B0%D1%82%D0%BE%D0%BD"},{"id":3072,"title":"art","value":"art"},{"id":1338859,"title":"pixel art animation","value":"pixel%20art%20animation"},{"id":3563268,"title":"дискотека авария - новогодняя","value":"%D0%B4%D0%B8%D1%81%D0%BA%D0%BE%D1%82%D0%B5%D0%BA%D0%B0%20%D0%B0%D0%B2%D0%B0%D1%80%D0%B8%D1%8F%20-%20%D0%BD%D0%BE%D0%B2%D0%BE%D0%B3%D0%BE%D0%B4%D0%BD%D1%8F%D1%8F"},{"id":9570,"title":"арт","value":"%D0%B0%D1%80%D1%82"},{"id":352108,"title":"пиксель арт","value":"%D0%BF%D0%B8%D0%BA%D1%81%D0%B5%D0%BB%D1%8C%20%D0%B0%D1%80%D1%82"},{"id":301337,"title":"2022","value":"2022"},{"id":13140,"title":"christmas","value":"christmas"},{"id":1038,"title":"winter","value":"winter"},{"id":67966,"title":"art & design","value":"art%20&%20design"}],"categories":[{"id":114,"title":"Live Pictures","permalink":"live-pictures","subscriptions_count":2028289,"big_image_url":"https://coub-anubis-a.akamaized.net/coub_storage/category/cw_image/6a781fee541/43bd1211431771697290d/big_1622039067_Live_pictures.png","small_image_url":"https://coub-anubis-a.akamaized.net/coub_storage/category/cw_image/6a781fee541/43bd1211431771697290d/small_1622039067_Live_pictures.png","med_image_url":"https://coub-anubis-a.akamaized.net/coub_storage/category/cw_image/6a781fee541/43bd1211431771697290d/med_1622039067_Live_pictures.png","visible":true}],"communities":[{"id":114,"title":"Live Pictures","permalink":"live-pictures","subscriptions_count":2028289,"big_image_url":"https://coub-anubis-a.akamaized.net/coub_storage/category/cw_image/6a781fee541/43bd1211431771697290d/big_1622039067_Live_pictures.png","small_image_url":"https://coub-anubis-a.akamaized.net/coub_storage/category/cw_image/6a781fee541/43bd1211431771697290d/small_1622039067_Live_pictures.png","med_image_url":"https://coub-anubis-a.akamaized.net/coub_storage/category/cw_image/6a781fee541/43bd1211431771697290d/med_1622039067_Live_pictures.png","i_subscribed":true,"community_notifications_enabled":null,"description":null}],"recoubs_count":8,"remixes_count":0,"likes_count":32,"dislikes_count":0,"raw_video_id":17030309,"uploaded_by_ios_app":false,"uploaded_by_android_app":false,"media_blocks":{"uploaded_raw_videos":[],"external_raw_videos":[{"id":40714854,"title":"[Rus] Undertale - Что будет, если подменить Санту? [1080p60]","url":"https://www.youtube.com/watch?v=gHfIYu2ASL4","image":"https://coub-anubis-a.akamaized.net/coub_storage/media_block/cw_image/c343a439afd/02ed5addb3b26251fb00a/video_1640947443_nwjrxr_1640946987_1640946982_1aqmsl6_att-url-download.webp","image_retina":"https://coub-anubis-a.akamaized.net/coub_storage/media_block/cw_image/c343a439afd/02ed5addb3b26251fb00a/video_retina_1640947443_nwjrxr_1640946987_1640946982_1aqmsl6_att-url-download.webp","meta":{"service":"Youtube","duration":"999.6"},"duration":999.6,"raw_video_id":17030309,"has_embed":true}],"remixed_from_coubs":[],"external_video":{"id":40714854,"title":"[Rus] Undertale - Что будет, если подменить Санту? [1080p60]","url":"https://www.youtube.com/watch?v=gHfIYu2ASL4","image":"https://coub-anubis-a.akamaized.net/coub_storage/media_block/cw_image/c343a439afd/02ed5addb3b26251fb00a/video_1640947443_nwjrxr_1640946987_1640946982_1aqmsl6_att-url-download.webp","image_retina":"https://coub-anubis-a.akamaized.net/coub_storage/media_block/cw_image/c343a439afd/02ed5addb3b26251fb00a/video_retina_1640947443_nwjrxr_1640946987_1640946982_1aqmsl6_att-url-download.webp","meta":{"service":"Youtube","duration":"999.6"},"duration":999.6,"raw_video_id":17030309,"has_embed":true}},"raw_video_thumbnail_url":"https://coub-anubis-a.akamaized.net/coub_storage/raw_video/cw_image/2d789879b8b/5aeef9163ff90c2486e7c/coub_media_1640946987_1640946982_1aqmsl6_att-url-download.webp","raw_video_title":"[Rus] Undertale - Что будет, если подменить Санту? [1080p60]","video_block_banned":false,"duration":1.2,"promo_winner":false,"promo_winner_recoubers":null,"editorial_info":{},"promo_hint":null,"beeline_best_2014":null,"from_web_editor":true,"normalize_sound":true,"normalize_change_allowed":true,"best2015_addable":false,"ahmad_promo":null,"promo_data":null,"audio_copyright_claim":null,"ads_disabled":null,"is_safe_for_ads":true,"megafon_contents":[],"position_on_page":9},{"flag":null,"abuses":null,"recoubs_by_users_channels":null,"favourite":false,"promoted_id":null,"recoub":null,"like":null,"dislike":null,"reaction":null,"in_my_best2015":false,"id":180807430,"type":"Coub::Simple","permalink":"2zauu4","title":"Awakening","visibility_type":"public","original_visibility_type":"public","channel_id":4209506,"created_at":"2021-12-30T19:34:26Z","updated_at":"2022-02-09T11:23:30Z","is_done":true,"views_count":5827,"cotd":null,"cotd_at":null,"visible_on_explore_root":false,"visible_on_explore":false,"featured":false,"published":true,"published_at":"2021-12-30T19:34:26Z","reversed":true,"from_editor_v2":true,"is_editable":true,"original_sound":false,"has_sound":false,"recoub_to":null,"file_versions":{"html5":{"video":{"higher":{"url":"https://coub-anubis-a.akamaized.net/coub_storage/coub/simple/cw_file/e4368881a25/00dd04a56abc7e7ed6eb1/muted_mp4_huge_size_1640892881_muted_huge.mp4","size":2022865},"high":{"url":"https://coub-anubis-a.akamaized.net/coub_storage/coub/simple/cw_file/e4368881a25/00dd04a56abc7e7ed6eb1/muted_mp4_big_size_1640892881_muted_big.mp4","size":1128090},"med":{"url":"https://coub-anubis-a.akamaized.net/coub_storage/coub/simple/cw_file/e4368881a25/00dd04a56abc7e7ed6eb1/muted_mp4_med_size_1640892881_muted_med.mp4","size":292735}},"audio":{"high":{"url":"https://coub-anubis-a.akamaized.net/coub_storage/coub/simple/cw_looped_audio_high/960ce8a2c95/fc2b19820daf4aa876909/1640892922_mp3-high.mp3","size":4090165},"med":{"url":"https://coub-anubis-a.akamaized.net/coub_storage/coub/simple/cw_looped_audio_med/5f900bd87a3/0309fb683a897f6ab1119/1640892918_mp3-med.mp3","size":2873547}}},"mobile":{"video":"https://coub-anubis-a.akamaized.net/coub_storage/coub/simple/cw_file/e4368881a25/00dd04a56abc7e7ed6eb1/muted_mp4_med_size_1640892881_muted_med.mp4","audio":["https://coub-anubis-a.akamaized.net/coub_storage/coub/simple/cw_looped_audio_med/5f900bd87a3/0309fb683a897f6ab1119/1640892918_mp3-med.mp3"]},"share":{"default":"https://coub-anubis-a.akamaized.net/coub_storage/coub/simple/cw_video_for_sharing/f5e2ceb76df/956babb19c6dda27aa8a4/1640892954_looped_1640892954.mp4"}},"audio_versions":{"template":"https://coub-anubis-a.akamaized.net/coub_storage/audio_track/cw_normalized_copy/5a6496d9b00/c46937cc02f2785128936/mid_1640892905_normalized_1640892886_q2uctl_edited.mp3","versions":["mid","low"]},"image_versions":{"template":"https://coub-anubis-a.akamaized.net/coub_storage/coub/simple/cw_image/84dfa720536/c8ea99b2ddf23164f253b/%{version}_1640892931_00063.jpg","versions":["micro","tiny","age_restricted","ios_large","ios_mosaic","big","med","small","pinterest"]},"first_frame_versions":{"template":"https://coub-anubis-a.akamaized.net/coub_storage/coub/simple/cw_timeline_pic/e788c153887/f270bafdab24ae1d8c99c/%{version}_1640892929_image.jpg","versions":["big","med","small","ios_large"]},"dimensions":{"big":[1280,730],"med":[640,364]},"site_w_h":[640,365],"page_w_h":[640,365],"site_w_h_small":[310,177],"size":[1280,730],"age_restricted":false,"age_restricted_by_admin":false,"not_safe_for_work":null,"allow_reuse":false,"dont_crop":true,"banned":false,"global_safe":null,"audio_file_url":"https://coub-anubis-a.akamaized.net/coub_storage/audio_track/cw_normalized_copy/5a6496d9b00/c46937cc02f2785128936/low_1640892905_normalized_1640892886_q2uctl_edited.mp3","external_download":false,"application":null,"channel":{"id":4209506,"permalink":"baka-lavr","title":"Baka Lavr","description":null,"followers_count":50,"following_count":20,"avatar_versions":{"template":"https://coub-anubis-a.akamaized.net/coub_storage/channel/cw_avatar/8eda81619f7/5d901955940ff80d48888/%{version}_1640945614__________30-12-2021_223151.png","versions":["medium","medium_2x","profile_pic","profile_pic_new","profile_pic_new_2x","tiny","tiny_2x","small","small_2x","ios_large","ios_small"]}},"file":null,"picture":"https://coub-anubis-a.akamaized.net/coub_storage/coub/simple/cw_image/84dfa720536/c8ea99b2ddf23164f253b/med_1640892931_00063.jpg","timeline_picture":"https://coub-anubis-a.akamaized.net/coub_storage/coub/simple/cw_timeline_pic/e788c153887/f270bafdab24ae1d8c99c/ios_large_1640892929_image.jpg","small_picture":"https://coub-anubis-a.akamaized.net/coub_storage/coub/simple/cw_image/84dfa720536/c8ea99b2ddf23164f253b/ios_mosaic_1640892931_00063.jpg","sharing_picture":null,"percent_done":100,"tags":[{"id":6676128,"title":"ender lillies","value":"ender%20lillies"},{"id":32881,"title":"lily","value":"lily"},{"id":291062,"title":"metroidvania","value":"metroidvania"},{"id":84558,"title":"beautiful music","value":"beautiful%20music"},{"id":3232,"title":"piano","value":"piano"}],"categories":[{"id":114,"title":"Live Pictures","permalink":"live-pictures","subscriptions_count":2028289,"big_image_url":"https://coub-anubis-a.akamaized.net/coub_storage/category/cw_image/6a781fee541/43bd1211431771697290d/big_1622039067_Live_pictures.png","small_image_url":"https://coub-anubis-a.akamaized.net/coub_storage/category/cw_image/6a781fee541/43bd1211431771697290d/small_1622039067_Live_pictures.png","med_image_url":"https://coub-anubis-a.akamaized.net/coub_storage/category/cw_image/6a781fee541/43bd1211431771697290d/med_1622039067_Live_pictures.png","visible":true}],"communities":[{"id":114,"title":"Live Pictures","permalink":"live-pictures","subscriptions_count":2028289,"big_image_url":"https://coub-anubis-a.akamaized.net/coub_storage/category/cw_image/6a781fee541/43bd1211431771697290d/big_1622039067_Live_pictures.png","small_image_url":"https://coub-anubis-a.akamaized.net/coub_storage/category/cw_image/6a781fee541/43bd1211431771697290d/small_1622039067_Live_pictures.png","med_image_url":"https://coub-anubis-a.akamaized.net/coub_storage/category/cw_image/6a781fee541/43bd1211431771697290d/med_1622039067_Live_pictures.png","i_subscribed":true,"community_notifications_enabled":null,"description":null}],"recoubs_count":12,"remixes_count":0,"likes_count":32,"dislikes_count":0,"raw_video_id":17029155,"uploaded_by_ios_app":false,"uploaded_by_android_app":false,"media_blocks":{"uploaded_raw_videos":[],"external_raw_videos":[],"remixed_from_coubs":[]},"raw_video_thumbnail_url":"https://coub-anubis-a.akamaized.net/coub_storage/raw_video/cw_image/96242ea940e/682d6b6e9cd007b5d319f/coub_media_1640892452_image.jpg","raw_video_title":"bandicam_2021-12-27_00-56-11-958.mp4","video_block_banned":false,"duration":20.0,"promo_winner":false,"promo_winner_recoubers":null,"editorial_info":{},"promo_hint":null,"beeline_best_2014":null,"from_web_editor":true,"normalize_sound":true,"normalize_change_allowed":true,"best2015_addable":false,"ahmad_promo":null,"promo_data":null,"audio_copyright_claim":null,"ads_disabled":null,"is_safe_for_ads":true,"megafon_contents":[],"position_on_page":10}]}