{"page":469,"per_page":10,"total_pages":500,"coubs":[{"flag":null,"abuses":null,"recoubs_by_users_channels":null,"favourite":false,"promoted_id":null,"recoub":null,"like":null,"dislike":null,"reaction":null,"in_my_best2015":false,"id":178282544,"type":"Coub::Simple","permalink":"2xsqlv","title":"Art by nature","visibility_type":"public","original_visibility_type":"public","channel_id":7536950,"created_at":"2021-11-08T03:20:51Z","updated_at":"2021-11-10T03:58:31Z","is_done":true,"views_count":8832,"cotd":null,"cotd_at":null,"visible_on_explore_root":false,"visible_on_explore":false,"featured":false,"published":true,"published_at":"2021-11-08T03:20:51Z","reversed":false,"from_editor_v2":true,"is_editable":true,"original_sound":false,"has_sound":false,"recoub_to":null,"file_versions":{"html5":{"video":{"higher":{"url":"https://coub-anubis-a.akamaized.net/coub_storage/coub/simple/cw_file/4bc7e726995/698e520cc4cb1203a1a83/muted_mp4_huge_size_1636341654_muted_huge.mp4","size":262086},"high":{"url":"https://coub-anubis-a.akamaized.net/coub_storage/coub/simple/cw_file/4bc7e726995/698e520cc4cb1203a1a83/muted_mp4_big_size_1636341654_muted_big.mp4","size":178855},"med":{"url":"https://coub-anubis-a.akamaized.net/coub_storage/coub/simple/cw_file/4bc7e726995/698e520cc4cb1203a1a83/muted_mp4_med_size_1636341654_muted_med.mp4","size":49492}},"audio":{"high":{"url":"https://coub-anubis-a.akamaized.net/coub_storage/coub/simple/cw_looped_audio_high/2b651c2495f/b73568a048763a1cc5af2/1636341673_mp3-high.mp3","size":2179112},"med":{"url":"https://coub-anubis-a.akamaized.net/coub_storage/coub/simple/cw_looped_audio_med/777a5c90c62/d3aacd73dd2c5b6a18e88/1636341672_mp3-med.mp3","size":1693437}}},"mobile":{"video":"https://coub-anubis-a.akamaized.net/coub_storage/coub/simple/cw_file/4bc7e726995/698e520cc4cb1203a1a83/muted_mp4_med_size_1636341654_muted_med.mp4","audio":["https://coub-anubis-a.akamaized.net/coub_storage/coub/simple/cw_looped_audio_med/777a5c90c62/d3aacd73dd2c5b6a18e88/1636341672_mp3-med.mp3"]},"share":{"default":"https://coub-anubis-a.akamaized.net/coub_storage/coub/simple/cw_video_for_sharing/2564a71f8ee/e83701dfc70fbb83dc718/1636341691_looped_1636341690.mp4"}},"audio_versions":{"template":"https://coub-anubis-a.akamaized.net/coub_storage/audio_track/cw_file/23d22daf04e/7645366f2e045c29c9198/mid_1636341657_9s6cm6_edited.mp3","versions":["mid","low"]},"image_versions":{"template":"https://coub-anubis-a.akamaized.net/coub_storage/coub/simple/cw_image/4c7f6aff178/a3ff80ec6f9d7c0222d7d/%{version}_1636341677_00004.jpg","versions":["micro","tiny","age_restricted","ios_large","ios_mosaic","big","med","small","pinterest"]},"first_frame_versions":{"template":"https://coub-anubis-a.akamaized.net/coub_storage/coub/simple/cw_timeline_pic/1bac7b21096/85c6e1ef0419f4b397f4c/%{version}_1636341677_image.jpg","versions":["big","med","small","ios_large"]},"dimensions":{"big":[1280,720],"med":[640,360]},"site_w_h":[640,360],"page_w_h":[640,360],"site_w_h_small":[310,174],"size":[1280,720],"age_restricted":false,"age_restricted_by_admin":false,"not_safe_for_work":null,"allow_reuse":false,"dont_crop":true,"banned":false,"global_safe":null,"audio_file_url":"https://coub-anubis-a.akamaized.net/coub_storage/audio_track/cw_file/23d22daf04e/7645366f2e045c29c9198/low_1636341657_9s6cm6_edited.mp3","external_download":false,"application":null,"channel":{"id":7536950,"permalink":"2ndaccident","title":"2nd Accident","description":"Aesthetic and sometimes philosophical Coubs with music produced by 2nd Accident and other musicians. (Don’t DM me here)","followers_count":412,"following_count":10,"avatar_versions":{"template":"https://coub-anubis-a.akamaized.net/coub_storage/channel/cw_avatar/f9364386090/de569b26ddde9139748c5/%{version}_1635062853_filename.jpeg","versions":["medium","medium_2x","profile_pic","profile_pic_new","profile_pic_new_2x","tiny","tiny_2x","small","small_2x","ios_large","ios_small"]}},"file":null,"picture":"https://coub-anubis-a.akamaized.net/coub_storage/coub/simple/cw_image/4c7f6aff178/a3ff80ec6f9d7c0222d7d/med_1636341677_00004.jpg","timeline_picture":"https://coub-anubis-a.akamaized.net/coub_storage/coub/simple/cw_timeline_pic/1bac7b21096/85c6e1ef0419f4b397f4c/ios_large_1636341677_image.jpg","small_picture":"https://coub-anubis-a.akamaized.net/coub_storage/coub/simple/cw_image/4c7f6aff178/a3ff80ec6f9d7c0222d7d/ios_mosaic_1636341677_00004.jpg","sharing_picture":null,"percent_done":100,"tags":[{"id":1094,"title":"nature","value":"nature"},{"id":2940,"title":"travel","value":"travel"},{"id":273593,"title":"iguazu falls","value":"iguazu%20falls"},{"id":552532,"title":"microcoub","value":"microcoub"},{"id":1330756,"title":"vangelis - chariots of fire","value":"vangelis%20-%20chariots%20of%20fire"},{"id":38691,"title":"micro","value":"micro"},{"id":50,"title":"coub","value":"coub"},{"id":49603,"title":"cinemagraph","value":"cinemagraph"},{"id":6198,"title":"brazil","value":"brazil"}],"categories":[{"id":114,"title":"Live Pictures","permalink":"live-pictures","subscriptions_count":2028289,"big_image_url":"https://coub-anubis-a.akamaized.net/coub_storage/category/cw_image/6a781fee541/43bd1211431771697290d/big_1622039067_Live_pictures.png","small_image_url":"https://coub-anubis-a.akamaized.net/coub_storage/category/cw_image/6a781fee541/43bd1211431771697290d/small_1622039067_Live_pictures.png","med_image_url":"https://coub-anubis-a.akamaized.net/coub_storage/category/cw_image/6a781fee541/43bd1211431771697290d/med_1622039067_Live_pictures.png","visible":true}],"communities":[{"id":114,"title":"Live Pictures","permalink":"live-pictures","subscriptions_count":2028289,"big_image_url":"https://coub-anubis-a.akamaized.net/coub_storage/category/cw_image/6a781fee541/43bd1211431771697290d/big_1622039067_Live_pictures.png","small_image_url":"https://coub-anubis-a.akamaized.net/coub_storage/category/cw_image/6a781fee541/43bd1211431771697290d/small_1622039067_Live_pictures.png","med_image_url":"https://coub-anubis-a.akamaized.net/coub_storage/category/cw_image/6a781fee541/43bd1211431771697290d/med_1622039067_Live_pictures.png","i_subscribed":true,"community_notifications_enabled":null,"description":null}],"recoubs_count":3,"remixes_count":0,"likes_count":20,"dislikes_count":0,"raw_video_id":"","uploaded_by_ios_app":true,"uploaded_by_android_app":false,"media_blocks":{"uploaded_raw_videos":[],"external_raw_videos":[],"remixed_from_coubs":[{"id":40003254,"title":"Iguazu Falls","url":"https://coub.com/coubs/2xqj4m/remix","image":"https://coub-anubis-a.akamaized.net/coub_storage/media_block/cw_image/219f4162614/64a100c1a2102e78876b8/video_1636161260_p57pnr_1636161250_00004.jpg","image_retina":"https://coub-anubis-a.akamaized.net/coub_storage/media_block/cw_image/219f4162614/64a100c1a2102e78876b8/video_retina_1636161260_p57pnr_1636161250_00004.jpg","meta":{"duration":"1.0"},"duration":null,"coub_channel_title":"Neoland","coub_channel_permalink":"neoland10105","coub_views_count":30640,"coub_permalink":"2xqj4m"}]},"raw_video_thumbnail_url":"","raw_video_title":"","video_block_banned":false,"duration":1.0,"promo_winner":false,"promo_winner_recoubers":null,"editorial_info":{},"promo_hint":null,"beeline_best_2014":null,"from_web_editor":false,"normalize_sound":false,"normalize_change_allowed":true,"best2015_addable":false,"ahmad_promo":null,"promo_data":null,"audio_copyright_claim":null,"ads_disabled":null,"is_safe_for_ads":true,"megafon_contents":[],"position_on_page":1},{"flag":null,"abuses":null,"recoubs_by_users_channels":null,"favourite":false,"promoted_id":null,"recoub":null,"like":null,"dislike":null,"reaction":null,"in_my_best2015":false,"id":177736149,"type":"Coub::Simple","permalink":"2xh104","title":"Stay a while and look","visibility_type":"public","original_visibility_type":"public","channel_id":7536950,"created_at":"2021-10-28T03:34:41Z","updated_at":"2021-11-03T08:54:35Z","is_done":true,"views_count":9846,"cotd":null,"cotd_at":null,"visible_on_explore_root":false,"visible_on_explore":false,"featured":false,"published":true,"published_at":"2021-10-28T03:34:41Z","reversed":false,"from_editor_v2":true,"is_editable":true,"original_sound":false,"has_sound":false,"recoub_to":null,"file_versions":{"html5":{"video":{"higher":{"url":"https://coub-anubis-a.akamaized.net/coub_storage/coub/simple/cw_file/616d028a9e0/e20b2623a21104ed0d751/muted_mp4_huge_size_1635392092_muted_huge.mp4","size":359628},"high":{"url":"https://coub-anubis-a.akamaized.net/coub_storage/coub/simple/cw_file/616d028a9e0/e20b2623a21104ed0d751/muted_mp4_big_size_1635392092_muted_big.mp4","size":222067},"med":{"url":"https://coub-anubis-a.akamaized.net/coub_storage/coub/simple/cw_file/616d028a9e0/e20b2623a21104ed0d751/muted_mp4_med_size_1635392092_muted_med.mp4","size":98047}},"audio":{"high":{"url":"https://coub-anubis-a.akamaized.net/coub_storage/coub/simple/cw_looped_audio_high/992186a159f/c981dc66dbff448d3f37b/1635392107_mp3-high.mp3","size":1501053},"med":{"url":"https://coub-anubis-a.akamaized.net/coub_storage/coub/simple/cw_looped_audio_med/547ed5ecbfa/9cac58dfa09a132972e7c/1635392105_mp3-med.mp3","size":1083783}}},"mobile":{"video":"https://coub-anubis-a.akamaized.net/coub_storage/coub/simple/cw_file/616d028a9e0/e20b2623a21104ed0d751/muted_mp4_med_size_1635392092_muted_med.mp4","audio":["https://coub-anubis-a.akamaized.net/coub_storage/coub/simple/cw_looped_audio_med/547ed5ecbfa/9cac58dfa09a132972e7c/1635392105_mp3-med.mp3"]},"share":{"default":"https://coub-anubis-a.akamaized.net/coub_storage/coub/simple/cw_video_for_sharing/479774db45e/ade34cbaac0578986d14d/1635392139_looped_1635392139.mp4"}},"audio_versions":{"template":"https://coub-anubis-a.akamaized.net/coub_storage/audio_track/cw_file/e536bbc70e6/dcfe95d9947c5bc584c26/mid_1635392095_17co3gm_edited.mp3","versions":["mid","low"]},"image_versions":{"template":"https://coub-anubis-a.akamaized.net/coub_storage/coub/simple/cw_image/4df232f3581/3a4dd1f903519cf89e41d/%{version}_1635392113_00032.jpg","versions":["micro","tiny","age_restricted","ios_large","ios_mosaic","big","med","small","pinterest"]},"first_frame_versions":{"template":"https://coub-anubis-a.akamaized.net/coub_storage/coub/simple/cw_timeline_pic/cc005f7b74e/f48bc7d7ed7993ac8b36a/%{version}_1635392112_image.jpg","versions":["big","med","small","ios_large"]},"dimensions":{"big":[1280,714],"med":[640,356]},"site_w_h":[640,357],"page_w_h":[640,357],"site_w_h_small":[310,173],"size":[1280,714],"age_restricted":false,"age_restricted_by_admin":false,"not_safe_for_work":null,"allow_reuse":false,"dont_crop":true,"banned":false,"global_safe":null,"audio_file_url":"https://coub-anubis-a.akamaized.net/coub_storage/audio_track/cw_file/e536bbc70e6/dcfe95d9947c5bc584c26/low_1635392095_17co3gm_edited.mp3","external_download":false,"application":null,"channel":{"id":7536950,"permalink":"2ndaccident","title":"2nd Accident","description":"Aesthetic and sometimes philosophical Coubs with music produced by 2nd Accident and other musicians. (Don’t DM me here)","followers_count":412,"following_count":10,"avatar_versions":{"template":"https://coub-anubis-a.akamaized.net/coub_storage/channel/cw_avatar/f9364386090/de569b26ddde9139748c5/%{version}_1635062853_filename.jpeg","versions":["medium","medium_2x","profile_pic","profile_pic_new","profile_pic_new_2x","tiny","tiny_2x","small","small_2x","ios_large","ios_small"]}},"file":null,"picture":"https://coub-anubis-a.akamaized.net/coub_storage/coub/simple/cw_image/4df232f3581/3a4dd1f903519cf89e41d/med_1635392113_00032.jpg","timeline_picture":"https://coub-anubis-a.akamaized.net/coub_storage/coub/simple/cw_timeline_pic/cc005f7b74e/f48bc7d7ed7993ac8b36a/ios_large_1635392112_image.jpg","small_picture":"https://coub-anubis-a.akamaized.net/coub_storage/coub/simple/cw_image/4df232f3581/3a4dd1f903519cf89e41d/ios_mosaic_1635392113_00032.jpg","sharing_picture":null,"percent_done":100,"tags":[{"id":939,"title":"relax","value":"relax"},{"id":29606,"title":"resonance","value":"resonance"},{"id":7443,"title":"chiptune","value":"chiptune"},{"id":420,"title":"pixel","value":"pixel"},{"id":3072,"title":"art","value":"art"},{"id":35822,"title":"pixel art","value":"pixel%20art"},{"id":5212,"title":"8bit","value":"8bit"},{"id":1170,"title":"city","value":"city"},{"id":467,"title":"night","value":"night"},{"id":414,"title":"future","value":"future"},{"id":178989,"title":"crypto","value":"crypto"}],"categories":[{"id":114,"title":"Live Pictures","permalink":"live-pictures","subscriptions_count":2028289,"big_image_url":"https://coub-anubis-a.akamaized.net/coub_storage/category/cw_image/6a781fee541/43bd1211431771697290d/big_1622039067_Live_pictures.png","small_image_url":"https://coub-anubis-a.akamaized.net/coub_storage/category/cw_image/6a781fee541/43bd1211431771697290d/small_1622039067_Live_pictures.png","med_image_url":"https://coub-anubis-a.akamaized.net/coub_storage/category/cw_image/6a781fee541/43bd1211431771697290d/med_1622039067_Live_pictures.png","visible":true}],"communities":[{"id":114,"title":"Live Pictures","permalink":"live-pictures","subscriptions_count":2028289,"big_image_url":"https://coub-anubis-a.akamaized.net/coub_storage/category/cw_image/6a781fee541/43bd1211431771697290d/big_1622039067_Live_pictures.png","small_image_url":"https://coub-anubis-a.akamaized.net/coub_storage/category/cw_image/6a781fee541/43bd1211431771697290d/small_1622039067_Live_pictures.png","med_image_url":"https://coub-anubis-a.akamaized.net/coub_storage/category/cw_image/6a781fee541/43bd1211431771697290d/med_1622039067_Live_pictures.png","i_subscribed":true,"community_notifications_enabled":null,"description":null}],"recoubs_count":6,"remixes_count":1,"likes_count":20,"dislikes_count":0,"raw_video_id":"","uploaded_by_ios_app":true,"uploaded_by_android_app":false,"media_blocks":{"uploaded_raw_videos":[],"external_raw_videos":[],"remixed_from_coubs":[{"id":39917111,"title":"CryptoCity 🌃","url":"https://coub.com/coubs/2xetew/remix","image":"https://coub-anubis-a.akamaized.net/coub_storage/media_block/cw_image/89370d17b3a/317df177963b5dff5b440/video_1635196658_10e48w9_1635196642_00032.jpg","image_retina":"https://coub-anubis-a.akamaized.net/coub_storage/media_block/cw_image/89370d17b3a/317df177963b5dff5b440/video_retina_1635196658_10e48w9_1635196642_00032.jpg","meta":{"duration":"10.0"},"duration":null,"coub_channel_title":"Rebel Byte","coub_channel_permalink":"rebelbyte","coub_views_count":36120,"coub_permalink":"2xetew"}]},"raw_video_thumbnail_url":"","raw_video_title":"","video_block_banned":false,"duration":10.0,"promo_winner":false,"promo_winner_recoubers":null,"editorial_info":{},"promo_hint":null,"beeline_best_2014":null,"from_web_editor":false,"normalize_sound":false,"normalize_change_allowed":true,"best2015_addable":false,"ahmad_promo":null,"promo_data":null,"audio_copyright_claim":null,"ads_disabled":null,"is_safe_for_ads":true,"megafon_contents":[],"position_on_page":2},{"flag":null,"abuses":null,"recoubs_by_users_channels":null,"favourite":false,"promoted_id":null,"recoub":null,"like":null,"dislike":null,"reaction":null,"in_my_best2015":false,"id":177270407,"type":"Coub::Simple","permalink":"2x71mr","title":"window","visibility_type":"public","original_visibility_type":"public","channel_id":11490764,"created_at":"2021-10-18T18:18:20Z","updated_at":"2021-11-29T20:40:19Z","is_done":true,"views_count":12023,"cotd":null,"cotd_at":null,"visible_on_explore_root":false,"visible_on_explore":false,"featured":false,"published":true,"published_at":"2021-10-18T18:18:20Z","reversed":false,"from_editor_v2":true,"is_editable":true,"original_sound":false,"has_sound":false,"recoub_to":null,"file_versions":{"html5":{"video":{"higher":{"url":"https://coub-anubis-a.akamaized.net/coub_storage/coub/simple/cw_file/3be227fe1ef/44a54b96650a44e16094c/muted_mp4_huge_size_1634581106_muted_huge.mp4","size":326023},"high":{"url":"https://coub-anubis-a.akamaized.net/coub_storage/coub/simple/cw_file/3be227fe1ef/44a54b96650a44e16094c/muted_mp4_big_size_1634581106_muted_big.mp4","size":238284},"med":{"url":"https://coub-anubis-a.akamaized.net/coub_storage/coub/simple/cw_file/3be227fe1ef/44a54b96650a44e16094c/muted_mp4_med_size_1634581106_muted_med.mp4","size":49895}},"audio":{"high":{"url":"https://coub-anubis-a.akamaized.net/coub_storage/coub/simple/cw_looped_audio_high/4fa92aa7f34/5e909fe07d963f1ab2a36/1634581172_mp3-high.mp3","size":4705684},"med":{"url":"https://coub-anubis-a.akamaized.net/coub_storage/coub/simple/cw_looped_audio_med/e87a7299096/7c79bd6f1e90f69e1254f/1634581167_mp3-med.mp3","size":3411167}}},"mobile":{"video":"https://coub-anubis-a.akamaized.net/coub_storage/coub/simple/cw_file/3be227fe1ef/44a54b96650a44e16094c/muted_mp4_med_size_1634581106_muted_med.mp4","audio":["https://coub-anubis-a.akamaized.net/coub_storage/coub/simple/cw_looped_audio_med/e87a7299096/7c79bd6f1e90f69e1254f/1634581167_mp3-med.mp3"]},"share":{"default":"https://coub-anubis-a.akamaized.net/coub_storage/coub/simple/cw_video_for_sharing/227ab6ddf06/a60ce50a2ccf3540f608c/1634581205_looped_1634581204.mp4"}},"audio_versions":{"template":"https://coub-anubis-a.akamaized.net/coub_storage/audio_track/cw_normalized_copy/6c059db3c0c/3228b1c48a85cd30ad032/mid_1634581145_normalized_1634581114_oawkbs_edited.mp3","versions":["mid","low"]},"image_versions":{"template":"https://coub-anubis-a.akamaized.net/coub_storage/coub/simple/cw_image/71c814f9b9f/7c2115da4a27682f447b1/%{version}_1634581177_00012.jpg","versions":["micro","tiny","age_restricted","ios_large","ios_mosaic","big","med","small","pinterest"]},"first_frame_versions":{"template":"https://coub-anubis-a.akamaized.net/coub_storage/coub/simple/cw_timeline_pic/11f28fe8d99/deabb1c248935eeb47001/%{version}_1634581176_image.jpg","versions":["big","med","small","ios_large"]},"dimensions":{"big":[1280,720],"med":[640,360]},"site_w_h":[640,360],"page_w_h":[640,360],"site_w_h_small":[310,174],"size":[1280,720],"age_restricted":false,"age_restricted_by_admin":false,"not_safe_for_work":null,"allow_reuse":false,"dont_crop":true,"banned":false,"global_safe":null,"audio_file_url":"https://coub-anubis-a.akamaized.net/coub_storage/audio_track/cw_normalized_copy/6c059db3c0c/3228b1c48a85cd30ad032/low_1634581145_normalized_1634581114_oawkbs_edited.mp3","external_download":false,"application":null,"channel":{"id":11490764,"permalink":"twssennn","title":"꧁ohLORDv꧂","description":null,"followers_count":1092,"following_count":39,"avatar_versions":{"template":"https://coub-anubis-a.akamaized.net/coub_storage/channel/cw_avatar/5323132ab20/558284f8137b9dd7e70d8/%{version}_1647007299_XONSzchNLLA.jpg","versions":["medium","medium_2x","profile_pic","profile_pic_new","profile_pic_new_2x","tiny","tiny_2x","small","small_2x","ios_large","ios_small"]}},"file":null,"picture":"https://coub-anubis-a.akamaized.net/coub_storage/coub/simple/cw_image/71c814f9b9f/7c2115da4a27682f447b1/med_1634581177_00012.jpg","timeline_picture":"https://coub-anubis-a.akamaized.net/coub_storage/coub/simple/cw_timeline_pic/11f28fe8d99/deabb1c248935eeb47001/ios_large_1634581176_image.jpg","small_picture":"https://coub-anubis-a.akamaized.net/coub_storage/coub/simple/cw_image/71c814f9b9f/7c2115da4a27682f447b1/ios_mosaic_1634581177_00012.jpg","sharing_picture":null,"percent_done":100,"tags":[{"id":4442,"title":"model","value":"model"},{"id":183,"title":"girl","value":"girl"},{"id":59691,"title":"live photo","value":"live%20photo"},{"id":367,"title":"hot","value":"hot"},{"id":15177,"title":"window","value":"window"}],"categories":[{"id":114,"title":"Live Pictures","permalink":"live-pictures","subscriptions_count":2028289,"big_image_url":"https://coub-anubis-a.akamaized.net/coub_storage/category/cw_image/6a781fee541/43bd1211431771697290d/big_1622039067_Live_pictures.png","small_image_url":"https://coub-anubis-a.akamaized.net/coub_storage/category/cw_image/6a781fee541/43bd1211431771697290d/small_1622039067_Live_pictures.png","med_image_url":"https://coub-anubis-a.akamaized.net/coub_storage/category/cw_image/6a781fee541/43bd1211431771697290d/med_1622039067_Live_pictures.png","visible":true}],"communities":[{"id":114,"title":"Live Pictures","permalink":"live-pictures","subscriptions_count":2028289,"big_image_url":"https://coub-anubis-a.akamaized.net/coub_storage/category/cw_image/6a781fee541/43bd1211431771697290d/big_1622039067_Live_pictures.png","small_image_url":"https://coub-anubis-a.akamaized.net/coub_storage/category/cw_image/6a781fee541/43bd1211431771697290d/small_1622039067_Live_pictures.png","med_image_url":"https://coub-anubis-a.akamaized.net/coub_storage/category/cw_image/6a781fee541/43bd1211431771697290d/med_1622039067_Live_pictures.png","i_subscribed":true,"community_notifications_enabled":null,"description":null}],"recoubs_count":4,"remixes_count":0,"likes_count":20,"dislikes_count":0,"raw_video_id":"","uploaded_by_ios_app":false,"uploaded_by_android_app":false,"media_blocks":{"uploaded_raw_videos":[],"external_raw_videos":[],"remixed_from_coubs":[{"id":22971231,"title":"How many \"W\" do you see?","url":"http://coub.com/coubs/od895/remix","image":"https://coub-anubis-a.akamaized.net/coub_storage/media_block/cw_image/ccc64e5f692/e450f7633fe585d23a1a7/1509022200_1484559921_00012.jpg","image_retina":"https://coub-anubis-a.akamaized.net/coub_storage/media_block/cw_image/ccc64e5f692/e450f7633fe585d23a1a7/1509022200_1484559921_00012.jpg","meta":{"duration":"3.76"},"duration":null,"coub_channel_title":"Static Fanatic","coub_channel_permalink":"robocoop","coub_views_count":35197,"coub_permalink":"od895"}]},"raw_video_thumbnail_url":"","raw_video_title":"","video_block_banned":false,"duration":3.76,"promo_winner":false,"promo_winner_recoubers":null,"editorial_info":{},"promo_hint":null,"beeline_best_2014":null,"from_web_editor":true,"normalize_sound":true,"normalize_change_allowed":true,"best2015_addable":false,"ahmad_promo":null,"promo_data":null,"audio_copyright_claim":null,"ads_disabled":null,"is_safe_for_ads":true,"megafon_contents":[],"position_on_page":3},{"flag":null,"abuses":null,"recoubs_by_users_channels":null,"favourite":false,"promoted_id":null,"recoub":null,"like":null,"dislike":null,"reaction":null,"in_my_best2015":false,"id":177196566,"type":"Coub::Simple","permalink":"2x5gnm","title":"The only one in the whole world","visibility_type":"public","original_visibility_type":"public","channel_id":5462479,"created_at":"2021-10-17T08:40:35Z","updated_at":"2022-01-29T21:11:51Z","is_done":true,"views_count":10701,"cotd":null,"cotd_at":null,"visible_on_explore_root":false,"visible_on_explore":false,"featured":false,"published":true,"published_at":"2021-10-17T08:40:34Z","reversed":false,"from_editor_v2":true,"is_editable":true,"original_sound":false,"has_sound":false,"recoub_to":null,"file_versions":{"html5":{"video":{"higher":{"url":"https://coub-anubis-a.akamaized.net/coub_storage/coub/simple/cw_file/d16ebd5146a/86a5ea080fb8298f0cdd9/muted_mp4_huge_size_1634460061_muted_huge.mp4","size":2312221},"high":{"url":"https://coub-anubis-a.akamaized.net/coub_storage/coub/simple/cw_file/d16ebd5146a/86a5ea080fb8298f0cdd9/muted_mp4_big_size_1634460061_muted_big.mp4","size":1436600},"med":{"url":"https://coub-anubis-a.akamaized.net/coub_storage/coub/simple/cw_file/d16ebd5146a/86a5ea080fb8298f0cdd9/muted_mp4_med_size_1634460061_muted_med.mp4","size":551076}},"audio":{"high":{"url":"https://coub-anubis-a.akamaized.net/coub_storage/coub/simple/cw_looped_audio_high/f2dbdeb028d/50fd252c33667b5fd680e/1634460107_mp3-high.mp3","size":4876990},"med":{"url":"https://coub-anubis-a.akamaized.net/coub_storage/coub/simple/cw_looped_audio_med/cf8036c322c/0ab6ff9f9d22e12650ffc/1634460103_mp3-med.mp3","size":3670746}}},"mobile":{"video":"https://coub-anubis-a.akamaized.net/coub_storage/coub/simple/cw_file/d16ebd5146a/86a5ea080fb8298f0cdd9/muted_mp4_med_size_1634460061_muted_med.mp4","audio":["https://coub-anubis-a.akamaized.net/coub_storage/coub/simple/cw_looped_audio_med/cf8036c322c/0ab6ff9f9d22e12650ffc/1634460103_mp3-med.mp3"]},"share":{"default":"https://coub-anubis-a.akamaized.net/coub_storage/coub/simple/cw_video_for_sharing/20124db6e8e/5f43f3b1916bdb85f78fa/1634460140_looped_1634460139.mp4"}},"audio_versions":{"template":"https://coub-anubis-a.akamaized.net/coub_storage/audio_track/cw_normalized_copy/f603791992c/b80cbd49fa173adb7f27d/mid_1634460088_normalized_1634460066_jkjlrt_edited.mp3","versions":["mid","low"]},"image_versions":{"template":"https://coub-anubis-a.akamaized.net/coub_storage/coub/simple/cw_image/1975a5ac252/8daf6111afd0650c292f0/%{version}_1634460113_00032.jpg","versions":["micro","tiny","age_restricted","ios_large","ios_mosaic","big","med","small","pinterest"]},"first_frame_versions":{"template":"https://coub-anubis-a.akamaized.net/coub_storage/coub/simple/cw_timeline_pic/c7fd5bca5b4/44591d6120053d736d535/%{version}_1634460112_image.jpg","versions":["big","med","small","ios_large"]},"dimensions":{"big":[960,960],"med":[480,480]},"site_w_h":[400,400],"page_w_h":[400,400],"site_w_h_small":[310,310],"size":[960,960],"age_restricted":false,"age_restricted_by_admin":false,"not_safe_for_work":null,"allow_reuse":false,"dont_crop":true,"banned":false,"global_safe":null,"audio_file_url":"https://coub-anubis-a.akamaized.net/coub_storage/audio_track/cw_normalized_copy/f603791992c/b80cbd49fa173adb7f27d/low_1634460088_normalized_1634460066_jkjlrt_edited.mp3","external_download":{"type":"Youtube","service_name":"YouTube","url":"https://youtu.be/EJNh--Fagdo","has_embed":true},"application":null,"channel":{"id":5462479,"permalink":"msvmutniy","title":"MS_VM","description":null,"followers_count":24,"following_count":33,"avatar_versions":{"template":"https://coubsecureassets-a.akamaihd.net/assets/default-avatars/304-c7da482496849c1cc079ac3f1e49da6ea0e0d01ec602ab9a63fd090728dc2fb0.png"}},"file":null,"picture":"https://coub-anubis-a.akamaized.net/coub_storage/coub/simple/cw_image/1975a5ac252/8daf6111afd0650c292f0/med_1634460113_00032.jpg","timeline_picture":"https://coub-anubis-a.akamaized.net/coub_storage/coub/simple/cw_timeline_pic/c7fd5bca5b4/44591d6120053d736d535/ios_large_1634460112_image.jpg","small_picture":"https://coub-anubis-a.akamaized.net/coub_storage/coub/simple/cw_image/1975a5ac252/8daf6111afd0650c292f0/ios_mosaic_1634460113_00032.jpg","sharing_picture":null,"percent_done":100,"tags":[{"id":6309641,"title":"dolor - strange dies","value":"dolor%20-%20strange%20dies"},{"id":20830,"title":"too","value":"too"},{"id":6309642,"title":"strange dies","value":"strange%20dies"},{"id":166442,"title":"dolor","value":"dolor"},{"id":5988474,"title":"dream8bit","value":"dream8bit"},{"id":86,"title":"music","value":"music"},{"id":1160,"title":"музыка","value":"%D0%BC%D1%83%D0%B7%D1%8B%D0%BA%D0%B0"},{"id":4462567,"title":"without memories","value":"without%20memories"},{"id":3072,"title":"art","value":"art"},{"id":177688,"title":"пиксель","value":"%D0%BF%D0%B8%D0%BA%D1%81%D0%B5%D0%BB%D1%8C"},{"id":352108,"title":"пиксель арт","value":"%D0%BF%D0%B8%D0%BA%D1%81%D0%B5%D0%BB%D1%8C%20%D0%B0%D1%80%D1%82"},{"id":35822,"title":"pixel art","value":"pixel%20art"},{"id":420,"title":"pixel","value":"pixel"},{"id":1114,"title":"man","value":"man"},{"id":92858,"title":"solitude","value":"solitude"},{"id":1800,"title":"grass","value":"grass"},{"id":2112,"title":"sunset","value":"sunset"},{"id":1210,"title":"человек","value":"%D1%87%D0%B5%D0%BB%D0%BE%D0%B2%D0%B5%D0%BA"},{"id":28993,"title":"одиночество","value":"%D0%BE%D0%B4%D0%B8%D0%BD%D0%BE%D1%87%D0%B5%D1%81%D1%82%D0%B2%D0%BE"},{"id":5959,"title":"трава","value":"%D1%82%D1%80%D0%B0%D0%B2%D0%B0"},{"id":9255,"title":"закат","value":"%D0%B7%D0%B0%D0%BA%D0%B0%D1%82"},{"id":6309643,"title":"the only one in the whole world","value":"the%20only%20one%20in%20the%20whole%20world"},{"id":6309644,"title":"единственный во всем мире","value":"%D0%B5%D0%B4%D0%B8%D0%BD%D1%81%D1%82%D0%B2%D0%B5%D0%BD%D0%BD%D1%8B%D0%B9%20%D0%B2%D0%BE%20%D0%B2%D1%81%D0%B5%D0%BC%20%D0%BC%D0%B8%D1%80%D0%B5"},{"id":115311,"title":"горшенев","value":"%D0%B3%D0%BE%D1%80%D1%88%D0%B5%D0%BD%D0%B5%D0%B2"}],"categories":[{"id":114,"title":"Live Pictures","permalink":"live-pictures","subscriptions_count":2028289,"big_image_url":"https://coub-anubis-a.akamaized.net/coub_storage/category/cw_image/6a781fee541/43bd1211431771697290d/big_1622039067_Live_pictures.png","small_image_url":"https://coub-anubis-a.akamaized.net/coub_storage/category/cw_image/6a781fee541/43bd1211431771697290d/small_1622039067_Live_pictures.png","med_image_url":"https://coub-anubis-a.akamaized.net/coub_storage/category/cw_image/6a781fee541/43bd1211431771697290d/med_1622039067_Live_pictures.png","visible":true}],"communities":[{"id":114,"title":"Live Pictures","permalink":"live-pictures","subscriptions_count":2028289,"big_image_url":"https://coub-anubis-a.akamaized.net/coub_storage/category/cw_image/6a781fee541/43bd1211431771697290d/big_1622039067_Live_pictures.png","small_image_url":"https://coub-anubis-a.akamaized.net/coub_storage/category/cw_image/6a781fee541/43bd1211431771697290d/small_1622039067_Live_pictures.png","med_image_url":"https://coub-anubis-a.akamaized.net/coub_storage/category/cw_image/6a781fee541/43bd1211431771697290d/med_1622039067_Live_pictures.png","i_subscribed":true,"community_notifications_enabled":null,"description":null}],"recoubs_count":3,"remixes_count":0,"likes_count":20,"dislikes_count":0,"raw_video_id":16440271,"uploaded_by_ios_app":false,"uploaded_by_android_app":false,"media_blocks":{"uploaded_raw_videos":[],"external_raw_videos":[{"id":38860483,"title":"The only one in the whole world","url":"https://www.youtube.com/watch?v=EJNh--Fagdo","image":"https://coub-anubis-a.akamaized.net/coub_storage/media_block/cw_image/9286df830e9/a631feb58bf546554926a/video_1621000781_d4nalq_1621000721_1621000718_p5pp3e_att-url-download.webp","image_retina":"https://coub-anubis-a.akamaized.net/coub_storage/media_block/cw_image/9286df830e9/a631feb58bf546554926a/video_retina_1621000781_d4nalq_1621000721_1621000718_p5pp3e_att-url-download.webp","meta":{"service":"Youtube","duration":"171.621"},"duration":171.621,"raw_video_id":16440271,"has_embed":true}],"remixed_from_coubs":[],"external_video":{"id":38860483,"title":"The only one in the whole world","url":"https://www.youtube.com/watch?v=EJNh--Fagdo","image":"https://coub-anubis-a.akamaized.net/coub_storage/media_block/cw_image/9286df830e9/a631feb58bf546554926a/video_1621000781_d4nalq_1621000721_1621000718_p5pp3e_att-url-download.webp","image_retina":"https://coub-anubis-a.akamaized.net/coub_storage/media_block/cw_image/9286df830e9/a631feb58bf546554926a/video_retina_1621000781_d4nalq_1621000721_1621000718_p5pp3e_att-url-download.webp","meta":{"service":"Youtube","duration":"171.621"},"duration":171.621,"raw_video_id":16440271,"has_embed":true}},"raw_video_thumbnail_url":"https://coub-anubis-a.akamaized.net/coub_storage/raw_video/cw_image/756ff8d4f92/ade8e0a9043719e1a9481/coub_media_1621000721_1621000718_p5pp3e_att-url-download.webp","raw_video_title":"The only one in the whole world","video_block_banned":false,"duration":10.0,"promo_winner":false,"promo_winner_recoubers":null,"editorial_info":{},"promo_hint":null,"beeline_best_2014":null,"from_web_editor":true,"normalize_sound":true,"normalize_change_allowed":true,"best2015_addable":false,"ahmad_promo":null,"promo_data":null,"audio_copyright_claim":null,"ads_disabled":null,"is_safe_for_ads":true,"megafon_contents":[],"position_on_page":4},{"flag":null,"abuses":null,"recoubs_by_users_channels":null,"favourite":false,"promoted_id":null,"recoub":null,"like":null,"dislike":null,"reaction":null,"in_my_best2015":false,"id":176678031,"type":"Coub::Simple","permalink":"2wucjt","title":"X","visibility_type":"public","original_visibility_type":"public","channel_id":12314257,"created_at":"2021-10-07T12:06:45Z","updated_at":"2021-10-22T16:40:15Z","is_done":true,"views_count":8103,"cotd":null,"cotd_at":null,"visible_on_explore_root":false,"visible_on_explore":false,"featured":false,"published":true,"published_at":"2021-10-07T12:06:45Z","reversed":false,"from_editor_v2":true,"is_editable":true,"original_sound":false,"has_sound":false,"recoub_to":null,"file_versions":{"html5":{"video":{"higher":{"url":"https://coub-anubis-a.akamaized.net/coub_storage/coub/simple/cw_file/639b156a55c/40f46433d193e8f528211/muted_mp4_huge_size_1633608419_muted_huge.mp4","size":1307327},"high":{"url":"https://coub-anubis-a.akamaized.net/coub_storage/coub/simple/cw_file/639b156a55c/40f46433d193e8f528211/muted_mp4_big_size_1633608419_muted_big.mp4","size":915479},"med":{"url":"https://coub-anubis-a.akamaized.net/coub_storage/coub/simple/cw_file/639b156a55c/40f46433d193e8f528211/muted_mp4_med_size_1633608419_muted_med.mp4","size":198116}},"audio":{"high":{"url":"https://coub-anubis-a.akamaized.net/coub_storage/coub/simple/cw_looped_audio_high/8cf721fb033/1b0aecff9eafecd8ff68c/1633608439_mp3-high.mp3","size":1465874},"med":{"url":"https://coub-anubis-a.akamaized.net/coub_storage/coub/simple/cw_looped_audio_med/641b8fe5782/6919be610a4a7d325eca7/1633608437_mp3-med.mp3","size":1096754}}},"mobile":{"video":"https://coub-anubis-a.akamaized.net/coub_storage/coub/simple/cw_file/639b156a55c/40f46433d193e8f528211/muted_mp4_med_size_1633608419_muted_med.mp4","audio":["https://coub-anubis-a.akamaized.net/coub_storage/coub/simple/cw_looped_audio_med/641b8fe5782/6919be610a4a7d325eca7/1633608437_mp3-med.mp3"]},"share":{"default":"https://coub-anubis-a.akamaized.net/coub_storage/coub/simple/cw_video_for_sharing/e99e25fe16a/05d1cb194806016c8e0a2/1633608488_looped_1633608487.mp4"}},"audio_versions":{"template":"https://coub-anubis-a.akamaized.net/coub_storage/audio_track/cw_normalized_copy/865b6804e7b/709cbad6a9702fa6bfe5c/mid_1633608431_normalized_1633608421_1jtjrdk_edited.mp3","versions":["mid","low"]},"image_versions":{"template":"https://coub-anubis-a.akamaized.net/coub_storage/coub/simple/cw_image/c23b3605eec/fa509bbf73b2dad9ddcef/%{version}_1633608446_00032.jpg","versions":["micro","tiny","age_restricted","ios_large","ios_mosaic","big","med","small","pinterest"]},"first_frame_versions":{"template":"https://coub-anubis-a.akamaized.net/coub_storage/coub/simple/cw_timeline_pic/2435f051714/5b2794d09cfe6577b9395/%{version}_1633608444_image.jpg","versions":["big","med","small","ios_large"]},"dimensions":{"big":[1280,720],"med":[640,360]},"site_w_h":[640,360],"page_w_h":[640,360],"site_w_h_small":[310,174],"size":[1280,720],"age_restricted":false,"age_restricted_by_admin":false,"not_safe_for_work":null,"allow_reuse":false,"dont_crop":true,"banned":false,"global_safe":null,"audio_file_url":"https://coub-anubis-a.akamaized.net/coub_storage/audio_track/cw_normalized_copy/865b6804e7b/709cbad6a9702fa6bfe5c/low_1633608431_normalized_1633608421_1jtjrdk_edited.mp3","external_download":false,"application":null,"channel":{"id":12314257,"permalink":"inshyi16000","title":"Inshyi","description":null,"followers_count":487,"following_count":3,"avatar_versions":{"template":"https://coub-anubis-a.akamaized.net/coub_storage/channel/cw_avatar/e0b6bf7e7f6/ab1041d3076a9771f5c67/%{version}_1630841329_3c3de243f21904cb7c6a67e6c9fc5055.jpg","versions":["medium","medium_2x","profile_pic","profile_pic_new","profile_pic_new_2x","tiny","tiny_2x","small","small_2x","ios_large","ios_small"]}},"file":null,"picture":"https://coub-anubis-a.akamaized.net/coub_storage/coub/simple/cw_image/c23b3605eec/fa509bbf73b2dad9ddcef/med_1633608446_00032.jpg","timeline_picture":"https://coub-anubis-a.akamaized.net/coub_storage/coub/simple/cw_timeline_pic/2435f051714/5b2794d09cfe6577b9395/ios_large_1633608444_image.jpg","small_picture":"https://coub-anubis-a.akamaized.net/coub_storage/coub/simple/cw_image/c23b3605eec/fa509bbf73b2dad9ddcef/ios_mosaic_1633608446_00032.jpg","sharing_picture":null,"percent_done":100,"tags":[],"categories":[{"id":114,"title":"Live Pictures","permalink":"live-pictures","subscriptions_count":2028289,"big_image_url":"https://coub-anubis-a.akamaized.net/coub_storage/category/cw_image/6a781fee541/43bd1211431771697290d/big_1622039067_Live_pictures.png","small_image_url":"https://coub-anubis-a.akamaized.net/coub_storage/category/cw_image/6a781fee541/43bd1211431771697290d/small_1622039067_Live_pictures.png","med_image_url":"https://coub-anubis-a.akamaized.net/coub_storage/category/cw_image/6a781fee541/43bd1211431771697290d/med_1622039067_Live_pictures.png","visible":true}],"communities":[{"id":114,"title":"Live Pictures","permalink":"live-pictures","subscriptions_count":2028289,"big_image_url":"https://coub-anubis-a.akamaized.net/coub_storage/category/cw_image/6a781fee541/43bd1211431771697290d/big_1622039067_Live_pictures.png","small_image_url":"https://coub-anubis-a.akamaized.net/coub_storage/category/cw_image/6a781fee541/43bd1211431771697290d/small_1622039067_Live_pictures.png","med_image_url":"https://coub-anubis-a.akamaized.net/coub_storage/category/cw_image/6a781fee541/43bd1211431771697290d/med_1622039067_Live_pictures.png","i_subscribed":true,"community_notifications_enabled":null,"description":null}],"recoubs_count":2,"remixes_count":0,"likes_count":20,"dislikes_count":0,"raw_video_id":"","uploaded_by_ios_app":false,"uploaded_by_android_app":false,"media_blocks":{"uploaded_raw_videos":[],"external_raw_videos":[],"remixed_from_coubs":[{"id":38732626,"title":"Dark Souls","url":"https://coub.com/coubs/2rgxky/remix","image":"https://coub-anubis-a.akamaized.net/coub_storage/media_block/cw_image/5deda6c2807/b94f01791173aba60345e/video_1619453559_1ebx3dk_1619453536_00032.jpg","image_retina":"https://coub-anubis-a.akamaized.net/coub_storage/media_block/cw_image/5deda6c2807/b94f01791173aba60345e/video_retina_1619453559_1ebx3dk_1619453536_00032.jpg","meta":{"duration":"10.0"},"duration":null,"coub_channel_title":"Vazeline Online ᵐʸᵗʰ","coub_channel_permalink":"vazeline-online","coub_views_count":138260,"coub_permalink":"2rgxky"}]},"raw_video_thumbnail_url":"","raw_video_title":"","video_block_banned":false,"duration":10.0,"promo_winner":false,"promo_winner_recoubers":null,"editorial_info":{},"promo_hint":null,"beeline_best_2014":null,"from_web_editor":true,"normalize_sound":true,"normalize_change_allowed":true,"best2015_addable":false,"ahmad_promo":null,"promo_data":null,"audio_copyright_claim":null,"ads_disabled":null,"is_safe_for_ads":true,"megafon_contents":[],"position_on_page":5},{"flag":null,"abuses":null,"recoubs_by_users_channels":null,"favourite":false,"promoted_id":null,"recoub":null,"like":null,"dislike":null,"reaction":null,"in_my_best2015":false,"id":174079081,"type":"Coub::Simple","permalink":"2van68","title":"#Afghanistan","visibility_type":"public","original_visibility_type":"public","channel_id":1311488,"created_at":"2021-08-19T10:22:29Z","updated_at":"2021-09-03T22:50:02Z","is_done":true,"views_count":9927,"cotd":null,"cotd_at":null,"visible_on_explore_root":false,"visible_on_explore":false,"featured":false,"published":true,"published_at":"2021-08-19T10:22:29Z","reversed":true,"from_editor_v2":true,"is_editable":true,"original_sound":false,"has_sound":false,"recoub_to":null,"file_versions":{"html5":{"video":{"higher":{"url":"https://coub-anubis-a.akamaized.net/coub_storage/coub/simple/cw_file/ae2564d65e3/af2cfd2cb49acd31a80f0/muted_mp4_huge_size_1629368580_muted_huge.mp4","size":5106029},"high":{"url":"https://coub-anubis-a.akamaized.net/coub_storage/coub/simple/cw_file/ae2564d65e3/af2cfd2cb49acd31a80f0/muted_mp4_big_size_1629368580_muted_big.mp4","size":3341276},"med":{"url":"https://coub-anubis-a.akamaized.net/coub_storage/coub/simple/cw_file/ae2564d65e3/af2cfd2cb49acd31a80f0/muted_mp4_med_size_1629368580_muted_med.mp4","size":951854}},"audio":{"high":{"url":"https://coub-anubis-a.akamaized.net/coub_storage/coub/simple/cw_looped_audio_high/6815b34a112/f6f37efce69a2ac4f68ce/1629368590_mp3-high.mp3","size":1617026},"med":{"url":"https://coub-anubis-a.akamaized.net/coub_storage/coub/simple/cw_looped_audio_med/c31cae13068/0eabbf5ac45d90b62c708/1629368589_mp3-med.mp3","size":1214721}}},"mobile":{"video":"https://coub-anubis-a.akamaized.net/coub_storage/coub/simple/cw_file/ae2564d65e3/af2cfd2cb49acd31a80f0/muted_mp4_med_size_1629368580_muted_med.mp4","audio":["https://coub-anubis-a.akamaized.net/coub_storage/coub/simple/cw_looped_audio_med/c31cae13068/0eabbf5ac45d90b62c708/1629368589_mp3-med.mp3"]},"share":{"default":"https://coub-anubis-a.akamaized.net/coub_storage/coub/simple/cw_video_for_sharing/0cdac88c64b/ecc13fa85836bc16d8b47/1629368643_looped_1629368641.mp4"}},"audio_versions":{"template":"https://coub-anubis-a.akamaized.net/coub_storage/audio_track/cw_normalized_copy/ec8647244d7/6baa55b941aed369170fc/mid_1629368584_normalized_1629368499_audio.mp3","versions":["mid","low"]},"image_versions":{"template":"https://coub-anubis-a.akamaized.net/coub_storage/coub/simple/cw_image/26574c70343/c455ac668cdc45bfe6363/%{version}_1629368601_00063.jpg","versions":["micro","tiny","age_restricted","ios_large","ios_mosaic","big","med","small","pinterest"]},"first_frame_versions":{"template":"https://coub-anubis-a.akamaized.net/coub_storage/coub/simple/cw_timeline_pic/8843d0189e2/eb2151e8b19d10b66e95f/%{version}_1629368600_image.jpg","versions":["big","med","small","ios_large"]},"dimensions":{"big":[1280,720],"med":[640,360]},"site_w_h":[640,360],"page_w_h":[640,360],"site_w_h_small":[310,174],"size":[1280,720],"age_restricted":false,"age_restricted_by_admin":false,"not_safe_for_work":null,"allow_reuse":false,"dont_crop":true,"banned":false,"global_safe":null,"audio_file_url":"https://coub-anubis-a.akamaized.net/coub_storage/audio_track/cw_normalized_copy/ec8647244d7/6baa55b941aed369170fc/low_1629368584_normalized_1629368499_audio.mp3","external_download":{"type":"Youtube","service_name":"YouTube","url":"https://youtu.be/i1_qo1H5yOA","has_embed":true},"application":null,"channel":{"id":1311488,"permalink":"marat308","title":"MatthewSkyWalker","description":null,"followers_count":34,"following_count":9,"avatar_versions":{"template":"https://coub-anubis-a.akamaized.net/coub_storage/channel/cw_avatar/d176a5a7cde/da50a73ebc47daeb6d885/%{version}_1608918782_filename.jpeg","versions":["medium","medium_2x","profile_pic","profile_pic_new","profile_pic_new_2x","tiny","tiny_2x","small","small_2x","ios_large","ios_small"]}},"file":null,"picture":"https://coub-anubis-a.akamaized.net/coub_storage/coub/simple/cw_image/26574c70343/c455ac668cdc45bfe6363/med_1629368601_00063.jpg","timeline_picture":"https://coub-anubis-a.akamaized.net/coub_storage/coub/simple/cw_timeline_pic/8843d0189e2/eb2151e8b19d10b66e95f/ios_large_1629368600_image.jpg","small_picture":"https://coub-anubis-a.akamaized.net/coub_storage/coub/simple/cw_image/26574c70343/c455ac668cdc45bfe6363/ios_mosaic_1629368601_00063.jpg","sharing_picture":null,"percent_done":100,"tags":[{"id":18100,"title":"afghanistan","value":"afghanistan"}],"categories":[{"id":114,"title":"Live Pictures","permalink":"live-pictures","subscriptions_count":2028289,"big_image_url":"https://coub-anubis-a.akamaized.net/coub_storage/category/cw_image/6a781fee541/43bd1211431771697290d/big_1622039067_Live_pictures.png","small_image_url":"https://coub-anubis-a.akamaized.net/coub_storage/category/cw_image/6a781fee541/43bd1211431771697290d/small_1622039067_Live_pictures.png","med_image_url":"https://coub-anubis-a.akamaized.net/coub_storage/category/cw_image/6a781fee541/43bd1211431771697290d/med_1622039067_Live_pictures.png","visible":true}],"communities":[{"id":114,"title":"Live Pictures","permalink":"live-pictures","subscriptions_count":2028289,"big_image_url":"https://coub-anubis-a.akamaized.net/coub_storage/category/cw_image/6a781fee541/43bd1211431771697290d/big_1622039067_Live_pictures.png","small_image_url":"https://coub-anubis-a.akamaized.net/coub_storage/category/cw_image/6a781fee541/43bd1211431771697290d/small_1622039067_Live_pictures.png","med_image_url":"https://coub-anubis-a.akamaized.net/coub_storage/category/cw_image/6a781fee541/43bd1211431771697290d/med_1622039067_Live_pictures.png","i_subscribed":true,"community_notifications_enabled":null,"description":null}],"recoubs_count":2,"remixes_count":0,"likes_count":20,"dislikes_count":0,"raw_video_id":16701667,"uploaded_by_ios_app":false,"uploaded_by_android_app":false,"media_blocks":{"uploaded_raw_videos":[],"external_raw_videos":[{"id":39503661,"title":"#Afghanistan","url":"https://www.youtube.com/watch?v=i1_qo1H5yOA","image":"https://coub-anubis-a.akamaized.net/coub_storage/media_block/cw_image/bacaa76e971/ca0340e7077382d772fa9/video_1629368445_1fm7vt5_1629368386_1629368385_ir3aby_att-url-download.webp","image_retina":"https://coub-anubis-a.akamaized.net/coub_storage/media_block/cw_image/bacaa76e971/ca0340e7077382d772fa9/video_retina_1629368445_1fm7vt5_1629368386_1629368385_ir3aby_att-url-download.webp","meta":{"service":"Youtube","duration":"76.061"},"duration":76.061,"raw_video_id":16701667,"has_embed":true}],"remixed_from_coubs":[],"external_video":{"id":39503661,"title":"#Afghanistan","url":"https://www.youtube.com/watch?v=i1_qo1H5yOA","image":"https://coub-anubis-a.akamaized.net/coub_storage/media_block/cw_image/bacaa76e971/ca0340e7077382d772fa9/video_1629368445_1fm7vt5_1629368386_1629368385_ir3aby_att-url-download.webp","image_retina":"https://coub-anubis-a.akamaized.net/coub_storage/media_block/cw_image/bacaa76e971/ca0340e7077382d772fa9/video_retina_1629368445_1fm7vt5_1629368386_1629368385_ir3aby_att-url-download.webp","meta":{"service":"Youtube","duration":"76.061"},"duration":76.061,"raw_video_id":16701667,"has_embed":true}},"raw_video_thumbnail_url":"https://coub-anubis-a.akamaized.net/coub_storage/raw_video/cw_image/b47838d51fd/585b51badfefd6de0d2e7/coub_media_1629368386_1629368385_ir3aby_att-url-download.webp","raw_video_title":"#Afghanistan","video_block_banned":false,"duration":20.0,"promo_winner":false,"promo_winner_recoubers":null,"editorial_info":{},"promo_hint":null,"beeline_best_2014":null,"from_web_editor":true,"normalize_sound":true,"normalize_change_allowed":true,"best2015_addable":false,"ahmad_promo":null,"promo_data":null,"audio_copyright_claim":null,"ads_disabled":null,"is_safe_for_ads":true,"megafon_contents":[],"position_on_page":6},{"flag":null,"abuses":null,"recoubs_by_users_channels":null,"favourite":false,"promoted_id":null,"recoub":null,"like":null,"dislike":null,"reaction":null,"in_my_best2015":false,"id":173923567,"type":"Coub::Simple","permalink":"2v7b6e","title":"KDA All Out Kai'sa League of Legends Live Wallpaper","visibility_type":"public","original_visibility_type":"public","channel_id":11650347,"created_at":"2021-08-16T11:27:21Z","updated_at":"2021-10-06T13:47:40Z","is_done":true,"views_count":10150,"cotd":null,"cotd_at":null,"visible_on_explore_root":false,"visible_on_explore":false,"featured":false,"published":true,"published_at":"2021-08-16T11:27:21Z","reversed":false,"from_editor_v2":true,"is_editable":true,"original_sound":true,"has_sound":true,"recoub_to":null,"file_versions":{"html5":{"video":{"higher":{"url":"https://coub-anubis-a.akamaized.net/coub_storage/coub/simple/cw_file/a6faa8f4d05/cd4eaf08086213f0da592/muted_mp4_huge_size_1629113296_muted_huge.mp4","size":2050468},"high":{"url":"https://coub-anubis-a.akamaized.net/coub_storage/coub/simple/cw_file/a6faa8f4d05/cd4eaf08086213f0da592/muted_mp4_big_size_1629113296_muted_big.mp4","size":1434017},"med":{"url":"https://coub-anubis-a.akamaized.net/coub_storage/coub/simple/cw_file/a6faa8f4d05/cd4eaf08086213f0da592/muted_mp4_med_size_1629113296_muted_med.mp4","size":362790}},"audio":{"high":{"url":"https://coub-anubis-a.akamaized.net/coub_storage/coub/simple/cw_looped_audio_high/bd06205819b/3e0c50c9883e4636e38b3/1629113298_mp3-high.mp3","size":1062467},"med":{"url":"https://coub-anubis-a.akamaized.net/coub_storage/coub/simple/cw_looped_audio_med/e4ccc6d6ffe/21db9821a85f04e97f627/1629113297_mp3-med.mp3","size":799076},"sample_duration":10.008}},"mobile":{"video":"https://coub-anubis-a.akamaized.net/coub_storage/coub/simple/cw_file/a6faa8f4d05/cd4eaf08086213f0da592/muted_mp4_med_size_1629113296_muted_med.mp4","audio":["https://coub-anubis-a.akamaized.net/coub_storage/coub/simple/cw_looped_audio_med/e4ccc6d6ffe/21db9821a85f04e97f627/1629113297_mp3-med.mp3"]},"share":{"default":"https://coub-anubis-a.akamaized.net/coub_storage/coub/simple/cw_video_for_sharing/a5f1afe82c9/eaeb019dec1469acd9545/1629113333_looped_1629113332.mp4"}},"audio_versions":{},"image_versions":{"template":"https://coub-anubis-a.akamaized.net/coub_storage/coub/simple/cw_image/4949c3944e6/895e4d31d8a2082d03828/%{version}_1629113304_00032.jpg","versions":["micro","tiny","age_restricted","ios_large","ios_mosaic","big","med","small","pinterest"]},"first_frame_versions":{"template":"https://coub-anubis-a.akamaized.net/coub_storage/coub/simple/cw_timeline_pic/8721ff59083/823073df1f5c409a5570c/%{version}_1629113303_image.jpg","versions":["big","med","small","ios_large"]},"dimensions":{"big":[1280,720],"med":[640,360]},"site_w_h":[640,360],"page_w_h":[640,360],"site_w_h_small":[310,174],"size":[1280,720],"age_restricted":false,"age_restricted_by_admin":false,"not_safe_for_work":null,"allow_reuse":false,"dont_crop":true,"banned":false,"global_safe":null,"audio_file_url":null,"external_download":{"type":"Youtube","service_name":"YouTube","url":"https://youtu.be/tAH1MVbvHgI","has_embed":true},"application":null,"channel":{"id":11650347,"permalink":"coub-animated-wallpaper","title":"Andy Live Wallpaper","description":"Hello, my name is Andy and I love to spent my time creating Animated Wallpaper.","followers_count":27,"following_count":11,"avatar_versions":{"template":"https://coub-anubis-a.akamaized.net/coub_storage/channel/cw_avatar/cec5c6aed44/b23ac7064c1a229c8fa74/%{version}_1623389655_cropped.jpeg","versions":["medium","medium_2x","profile_pic","profile_pic_new","profile_pic_new_2x","tiny","tiny_2x","small","small_2x","ios_large","ios_small"]}},"file":null,"picture":"https://coub-anubis-a.akamaized.net/coub_storage/coub/simple/cw_image/4949c3944e6/895e4d31d8a2082d03828/med_1629113304_00032.jpg","timeline_picture":"https://coub-anubis-a.akamaized.net/coub_storage/coub/simple/cw_timeline_pic/8721ff59083/823073df1f5c409a5570c/ios_large_1629113303_image.jpg","small_picture":"https://coub-anubis-a.akamaized.net/coub_storage/coub/simple/cw_image/4949c3944e6/895e4d31d8a2082d03828/ios_mosaic_1629113304_00032.jpg","sharing_picture":null,"percent_done":100,"tags":[],"categories":[{"id":114,"title":"Live Pictures","permalink":"live-pictures","subscriptions_count":2028289,"big_image_url":"https://coub-anubis-a.akamaized.net/coub_storage/category/cw_image/6a781fee541/43bd1211431771697290d/big_1622039067_Live_pictures.png","small_image_url":"https://coub-anubis-a.akamaized.net/coub_storage/category/cw_image/6a781fee541/43bd1211431771697290d/small_1622039067_Live_pictures.png","med_image_url":"https://coub-anubis-a.akamaized.net/coub_storage/category/cw_image/6a781fee541/43bd1211431771697290d/med_1622039067_Live_pictures.png","visible":true}],"communities":[{"id":114,"title":"Live Pictures","permalink":"live-pictures","subscriptions_count":2028289,"big_image_url":"https://coub-anubis-a.akamaized.net/coub_storage/category/cw_image/6a781fee541/43bd1211431771697290d/big_1622039067_Live_pictures.png","small_image_url":"https://coub-anubis-a.akamaized.net/coub_storage/category/cw_image/6a781fee541/43bd1211431771697290d/small_1622039067_Live_pictures.png","med_image_url":"https://coub-anubis-a.akamaized.net/coub_storage/category/cw_image/6a781fee541/43bd1211431771697290d/med_1622039067_Live_pictures.png","i_subscribed":true,"community_notifications_enabled":null,"description":null}],"recoubs_count":3,"remixes_count":0,"likes_count":20,"dislikes_count":0,"raw_video_id":16694062,"uploaded_by_ios_app":false,"uploaded_by_android_app":true,"media_blocks":{"uploaded_raw_videos":[],"external_raw_videos":[{"id":39485016,"title":"KDA All Out Kai'sa League of Legends Live Wallpaper","url":"https://www.youtube.com/watch?v=tAH1MVbvHgI","image":"https://coub-anubis-a.akamaized.net/coub_storage/media_block/cw_image/f3c42e1ce0a/15318be92935114547f1e/video_1629113211_1ovwni3_1629113145_1629113142_bsy0e7_att-url-download.webp","image_retina":"https://coub-anubis-a.akamaized.net/coub_storage/media_block/cw_image/f3c42e1ce0a/15318be92935114547f1e/video_retina_1629113211_1ovwni3_1629113145_1629113142_bsy0e7_att-url-download.webp","meta":{"service":"Youtube","duration":"161.92"},"duration":161.92,"raw_video_id":16694062,"has_embed":true}],"remixed_from_coubs":[],"external_video":{"id":39485016,"title":"KDA All Out Kai'sa League of Legends Live Wallpaper","url":"https://www.youtube.com/watch?v=tAH1MVbvHgI","image":"https://coub-anubis-a.akamaized.net/coub_storage/media_block/cw_image/f3c42e1ce0a/15318be92935114547f1e/video_1629113211_1ovwni3_1629113145_1629113142_bsy0e7_att-url-download.webp","image_retina":"https://coub-anubis-a.akamaized.net/coub_storage/media_block/cw_image/f3c42e1ce0a/15318be92935114547f1e/video_retina_1629113211_1ovwni3_1629113145_1629113142_bsy0e7_att-url-download.webp","meta":{"service":"Youtube","duration":"161.92"},"duration":161.92,"raw_video_id":16694062,"has_embed":true}},"raw_video_thumbnail_url":"https://coub-anubis-a.akamaized.net/coub_storage/raw_video/cw_image/25164f8edc7/92dc81d0643696041cd8d/coub_media_1629113145_1629113142_bsy0e7_att-url-download.webp","raw_video_title":"KDA All Out Kai'sa League of Legends Live Wallpaper","video_block_banned":false,"duration":10.0,"promo_winner":false,"promo_winner_recoubers":null,"editorial_info":{},"promo_hint":null,"beeline_best_2014":null,"from_web_editor":false,"normalize_sound":true,"normalize_change_allowed":true,"best2015_addable":false,"ahmad_promo":null,"promo_data":null,"audio_copyright_claim":null,"ads_disabled":null,"is_safe_for_ads":true,"megafon_contents":[],"position_on_page":7},{"flag":null,"abuses":null,"recoubs_by_users_channels":null,"favourite":false,"promoted_id":null,"recoub":null,"like":null,"dislike":null,"reaction":null,"in_my_best2015":false,"id":173797664,"type":"Coub::Simple","permalink":"2v4m12","title":" We Will Rise Again (Reinterpretation)","visibility_type":"public","original_visibility_type":"public","channel_id":4003941,"created_at":"2021-08-13T23:03:21Z","updated_at":"2021-08-28T13:43:41Z","is_done":true,"views_count":11623,"cotd":null,"cotd_at":null,"visible_on_explore_root":false,"visible_on_explore":false,"featured":false,"published":true,"published_at":"2021-08-13T23:03:21Z","reversed":false,"from_editor_v2":true,"is_editable":true,"original_sound":false,"has_sound":false,"recoub_to":null,"file_versions":{"html5":{"video":{"higher":{"url":"https://coub-anubis-a.akamaized.net/coub_storage/coub/simple/cw_file/984e940a175/bef8f980d4783656046a9/muted_mp4_huge_size_1628896094_muted_huge.mp4","size":1140780},"high":{"url":"https://coub-anubis-a.akamaized.net/coub_storage/coub/simple/cw_file/984e940a175/bef8f980d4783656046a9/muted_mp4_big_size_1628896094_muted_big.mp4","size":848871},"med":{"url":"https://coub-anubis-a.akamaized.net/coub_storage/coub/simple/cw_file/984e940a175/bef8f980d4783656046a9/muted_mp4_med_size_1628896094_muted_med.mp4","size":174597}},"audio":{"high":{"url":"https://coub-anubis-a.akamaized.net/coub_storage/coub/simple/cw_looped_audio_high/1719d31fc57/41e764d53f16f246ac0f3/1628896127_mp3-high.mp3","size":5234831},"med":{"url":"https://coub-anubis-a.akamaized.net/coub_storage/coub/simple/cw_looped_audio_med/f151e6ac625/543ef82cf8ea9a8954134/1628896124_mp3-med.mp3","size":4144679}}},"mobile":{"video":"https://coub-anubis-a.akamaized.net/coub_storage/coub/simple/cw_file/984e940a175/bef8f980d4783656046a9/muted_mp4_med_size_1628896094_muted_med.mp4","audio":["https://coub-anubis-a.akamaized.net/coub_storage/coub/simple/cw_looped_audio_med/f151e6ac625/543ef82cf8ea9a8954134/1628896124_mp3-med.mp3"]},"share":{"default":"https://coub-anubis-a.akamaized.net/coub_storage/coub/simple/cw_video_for_sharing/6cca8494ad5/3c580e1e91c637aa77dc6/1628896147_looped_1628896146.mp4"}},"audio_versions":{"template":"https://coub-anubis-a.akamaized.net/coub_storage/audio_track/cw_normalized_copy/9f0e315c202/065fd07662dcb1ee9d1f0/mid_1628896108_normalized_1628895133_audio.mp3","versions":["mid","low"]},"image_versions":{"template":"https://coub-anubis-a.akamaized.net/coub_storage/coub/simple/cw_image/1c8be7102e1/ee4018a1fb4e26cf7e473/%{version}_1628896131_00026.jpg","versions":["micro","tiny","age_restricted","ios_large","ios_mosaic","big","med","small","pinterest"]},"first_frame_versions":{"template":"https://coub-anubis-a.akamaized.net/coub_storage/coub/simple/cw_timeline_pic/f5a59d5450d/d6942358c565704c0d69d/%{version}_1628896130_image.jpg","versions":["big","med","small","ios_large"]},"dimensions":{"big":[1280,720],"med":[640,360]},"site_w_h":[640,360],"page_w_h":[640,360],"site_w_h_small":[310,174],"size":[1280,720],"age_restricted":false,"age_restricted_by_admin":false,"not_safe_for_work":null,"allow_reuse":false,"dont_crop":true,"banned":false,"global_safe":null,"audio_file_url":"https://coub-anubis-a.akamaized.net/coub_storage/audio_track/cw_normalized_copy/9f0e315c202/065fd07662dcb1ee9d1f0/low_1628896108_normalized_1628895133_audio.mp3","external_download":{"type":"Youtube","service_name":"YouTube","url":"https://www.youtube.com/watch?v=CavBCtOnH0E&ab_channel=YourHonor","has_embed":true},"application":null,"channel":{"id":4003941,"permalink":"night-santa","title":"Night Santa","description":null,"followers_count":92,"following_count":21,"avatar_versions":{"template":"https://coub-anubis-a.akamaized.net/coub_storage/channel/cw_avatar/502fa9fcfd4/5e4be5e2e0d255904eee4/%{version}_1645273369_coub.png","versions":["medium","medium_2x","profile_pic","profile_pic_new","profile_pic_new_2x","tiny","tiny_2x","small","small_2x","ios_large","ios_small"]}},"file":null,"picture":"https://coub-anubis-a.akamaized.net/coub_storage/coub/simple/cw_image/1c8be7102e1/ee4018a1fb4e26cf7e473/med_1628896131_00026.jpg","timeline_picture":"https://coub-anubis-a.akamaized.net/coub_storage/coub/simple/cw_timeline_pic/f5a59d5450d/d6942358c565704c0d69d/ios_large_1628896130_image.jpg","small_picture":"https://coub-anubis-a.akamaized.net/coub_storage/coub/simple/cw_image/1c8be7102e1/ee4018a1fb4e26cf7e473/ios_mosaic_1628896131_00026.jpg","sharing_picture":null,"percent_done":100,"tags":[{"id":28130,"title":"far","value":"far"},{"id":4336,"title":"cry","value":"cry"},{"id":3152,"title":"five","value":"five"},{"id":393260,"title":"far cry 5","value":"far%20cry%205"},{"id":1140,"title":"game","value":"game"},{"id":65929,"title":"loading","value":"loading"},{"id":3845389,"title":"loading screan","value":"loading%20screan"},{"id":3845373,"title":"far cry 5 loading screen","value":"far%20cry%205%20loading%20screen"},{"id":10006,"title":"gameplay","value":"gameplay"},{"id":86,"title":"music","value":"music"},{"id":22217,"title":"calm","value":"calm"},{"id":216749,"title":"calm music","value":"calm%20music"},{"id":939,"title":"relax","value":"relax"},{"id":10784,"title":"relaxing","value":"relaxing"},{"id":4111,"title":"chill","value":"chill"},{"id":2600903,"title":"chilax","value":"chilax"},{"id":3845390,"title":"let the water wash away your sins (reinterpretation)","value":"let%20the%20water%20wash%20away%20your%20sins%20(reinterpretation)"},{"id":3837711,"title":"faith seed","value":"faith%20seed"}],"categories":[{"id":114,"title":"Live Pictures","permalink":"live-pictures","subscriptions_count":2028289,"big_image_url":"https://coub-anubis-a.akamaized.net/coub_storage/category/cw_image/6a781fee541/43bd1211431771697290d/big_1622039067_Live_pictures.png","small_image_url":"https://coub-anubis-a.akamaized.net/coub_storage/category/cw_image/6a781fee541/43bd1211431771697290d/small_1622039067_Live_pictures.png","med_image_url":"https://coub-anubis-a.akamaized.net/coub_storage/category/cw_image/6a781fee541/43bd1211431771697290d/med_1622039067_Live_pictures.png","visible":true}],"communities":[{"id":114,"title":"Live Pictures","permalink":"live-pictures","subscriptions_count":2028289,"big_image_url":"https://coub-anubis-a.akamaized.net/coub_storage/category/cw_image/6a781fee541/43bd1211431771697290d/big_1622039067_Live_pictures.png","small_image_url":"https://coub-anubis-a.akamaized.net/coub_storage/category/cw_image/6a781fee541/43bd1211431771697290d/small_1622039067_Live_pictures.png","med_image_url":"https://coub-anubis-a.akamaized.net/coub_storage/category/cw_image/6a781fee541/43bd1211431771697290d/med_1622039067_Live_pictures.png","i_subscribed":true,"community_notifications_enabled":null,"description":null}],"recoubs_count":6,"remixes_count":0,"likes_count":20,"dislikes_count":0,"raw_video_id":16687761,"uploaded_by_ios_app":false,"uploaded_by_android_app":false,"media_blocks":{"uploaded_raw_videos":[],"external_raw_videos":[{"id":39469886,"title":"Far Cry 5 - Faith's Loading Screen","url":"https://www.youtube.com/watch?v=CavBCtOnH0E","image":"https://coub-anubis-a.akamaized.net/coub_storage/media_block/cw_image/e8033f0029e/337c63e1574cff6c7e903/video_1628894605_iyz3j1_1628894400_1628894395_18rhvpb_att-url-download.webp","image_retina":"https://coub-anubis-a.akamaized.net/coub_storage/media_block/cw_image/e8033f0029e/337c63e1574cff6c7e903/video_retina_1628894605_iyz3j1_1628894400_1628894395_18rhvpb_att-url-download.webp","meta":{"service":"Youtube","duration":"593.261"},"duration":593.261,"raw_video_id":16687761,"has_embed":true}],"remixed_from_coubs":[],"external_video":{"id":39469886,"title":"Far Cry 5 - Faith's Loading Screen","url":"https://www.youtube.com/watch?v=CavBCtOnH0E","image":"https://coub-anubis-a.akamaized.net/coub_storage/media_block/cw_image/e8033f0029e/337c63e1574cff6c7e903/video_1628894605_iyz3j1_1628894400_1628894395_18rhvpb_att-url-download.webp","image_retina":"https://coub-anubis-a.akamaized.net/coub_storage/media_block/cw_image/e8033f0029e/337c63e1574cff6c7e903/video_retina_1628894605_iyz3j1_1628894400_1628894395_18rhvpb_att-url-download.webp","meta":{"service":"Youtube","duration":"593.261"},"duration":593.261,"raw_video_id":16687761,"has_embed":true}},"raw_video_thumbnail_url":"https://coub-anubis-a.akamaized.net/coub_storage/raw_video/cw_image/0da79372ec0/f87961eaa6db9538064e2/coub_media_1628894400_1628894395_18rhvpb_att-url-download.webp","raw_video_title":"Far Cry 5 - Faith's Loading Screen","video_block_banned":false,"duration":8.12,"promo_winner":false,"promo_winner_recoubers":null,"editorial_info":{},"promo_hint":null,"beeline_best_2014":null,"from_web_editor":true,"normalize_sound":true,"normalize_change_allowed":true,"best2015_addable":false,"ahmad_promo":null,"promo_data":null,"audio_copyright_claim":null,"ads_disabled":null,"is_safe_for_ads":true,"megafon_contents":[],"position_on_page":8},{"flag":null,"abuses":null,"recoubs_by_users_channels":null,"favourite":false,"promoted_id":null,"recoub":null,"like":null,"dislike":null,"reaction":null,"in_my_best2015":false,"id":173408067,"type":"Coub::Simple","permalink":"2uw9et","title":"tranquility","visibility_type":"public","original_visibility_type":"public","channel_id":12017310,"created_at":"2021-08-06T17:21:43Z","updated_at":"2021-12-23T16:21:57Z","is_done":true,"views_count":7299,"cotd":null,"cotd_at":null,"visible_on_explore_root":false,"visible_on_explore":false,"featured":false,"published":true,"published_at":"2021-08-06T17:21:42Z","reversed":false,"from_editor_v2":true,"is_editable":true,"original_sound":false,"has_sound":false,"recoub_to":null,"file_versions":{"html5":{"video":{"higher":{"url":"https://coub-anubis-a.akamaized.net/coub_storage/coub/simple/cw_file/df9ddbbe29e/feedbe2475ea8182054fe/muted_mp4_huge_size_1628270524_muted_huge.mp4","size":3793201},"high":{"url":"https://coub-anubis-a.akamaized.net/coub_storage/coub/simple/cw_file/df9ddbbe29e/feedbe2475ea8182054fe/muted_mp4_big_size_1628270524_muted_big.mp4","size":2411172},"med":{"url":"https://coub-anubis-a.akamaized.net/coub_storage/coub/simple/cw_file/df9ddbbe29e/feedbe2475ea8182054fe/muted_mp4_med_size_1628270524_muted_med.mp4","size":503560}},"audio":{"high":{"url":"https://coub-anubis-a.akamaized.net/coub_storage/coub/simple/cw_looped_audio_high/ac62f268672/a9a97ed24ce44c8f1dc79/1628270550_mp3-high.mp3","size":2553593},"med":{"url":"https://coub-anubis-a.akamaized.net/coub_storage/coub/simple/cw_looped_audio_med/d1f16bcdf90/c9ddf96647cddcd2a8aec/1628270548_mp3-med.mp3","size":1915698}}},"mobile":{"video":"https://coub-anubis-a.akamaized.net/coub_storage/coub/simple/cw_file/df9ddbbe29e/feedbe2475ea8182054fe/muted_mp4_med_size_1628270524_muted_med.mp4","audio":["https://coub-anubis-a.akamaized.net/coub_storage/coub/simple/cw_looped_audio_med/d1f16bcdf90/c9ddf96647cddcd2a8aec/1628270548_mp3-med.mp3"]},"share":{"default":"https://coub-anubis-a.akamaized.net/coub_storage/coub/simple/cw_video_for_sharing/ae7c3b812fc/cfe7c050ec68cb41cbc4a/1628270584_looped_1628270583.mp4"}},"audio_versions":{"template":"https://coub-anubis-a.akamaized.net/coub_storage/audio_track/cw_normalized_copy/e45b7d60fe0/472372a4f9b132db8cba5/mid_1628270540_normalized_1628270528_rly6hp_edited.mp3","versions":["mid","low"]},"image_versions":{"template":"https://coub-anubis-a.akamaized.net/coub_storage/coub/simple/cw_image/1db9078e173/5e63375b29d3b859969d4/%{version}_1628270556_00032.jpg","versions":["micro","tiny","age_restricted","ios_large","ios_mosaic","big","med","small","pinterest"]},"first_frame_versions":{"template":"https://coub-anubis-a.akamaized.net/coub_storage/coub/simple/cw_timeline_pic/2e2dbd6f98b/7dafcdb09dbb9dacf2c6b/%{version}_1628270555_image.jpg","versions":["big","med","small","ios_large"]},"dimensions":{"big":[1280,720],"med":[640,360]},"site_w_h":[640,360],"page_w_h":[640,360],"site_w_h_small":[310,174],"size":[1280,720],"age_restricted":false,"age_restricted_by_admin":false,"not_safe_for_work":null,"allow_reuse":false,"dont_crop":true,"banned":false,"global_safe":null,"audio_file_url":"https://coub-anubis-a.akamaized.net/coub_storage/audio_track/cw_normalized_copy/e45b7d60fe0/472372a4f9b132db8cba5/low_1628270540_normalized_1628270528_rly6hp_edited.mp3","external_download":false,"application":null,"channel":{"id":12017310,"permalink":".blackshot","title":"Blackshot","description":null,"followers_count":5,"following_count":16,"avatar_versions":{"template":"https://coub-anubis-a.akamaized.net/coub_storage/channel/cw_avatar/8a439676a4a/0e768fc98d7fbb9b195ad/%{version}_1639156710_saber.jpg","versions":["medium","medium_2x","profile_pic","profile_pic_new","profile_pic_new_2x","tiny","tiny_2x","small","small_2x","ios_large","ios_small"]}},"file":null,"picture":"https://coub-anubis-a.akamaized.net/coub_storage/coub/simple/cw_image/1db9078e173/5e63375b29d3b859969d4/med_1628270556_00032.jpg","timeline_picture":"https://coub-anubis-a.akamaized.net/coub_storage/coub/simple/cw_timeline_pic/2e2dbd6f98b/7dafcdb09dbb9dacf2c6b/ios_large_1628270555_image.jpg","small_picture":"https://coub-anubis-a.akamaized.net/coub_storage/coub/simple/cw_image/1db9078e173/5e63375b29d3b859969d4/ios_mosaic_1628270556_00032.jpg","sharing_picture":null,"percent_done":100,"tags":[{"id":5301446,"title":"skyrim - secunda","value":"skyrim%20-%20secunda"},{"id":467,"title":"night","value":"night"},{"id":86,"title":"music","value":"music"},{"id":939,"title":"relax","value":"relax"},{"id":4109,"title":"night city","value":"night%20city"},{"id":603,"title":"skyrim","value":"skyrim"},{"id":5318,"title":"snow","value":"snow"},{"id":15270,"title":"snowfall","value":"snowfall"},{"id":75184,"title":"атмосфера","value":"%D0%B0%D1%82%D0%BC%D0%BE%D1%81%D1%84%D0%B5%D1%80%D0%B0"},{"id":5178,"title":"ночь","value":"%D0%BD%D0%BE%D1%87%D1%8C"},{"id":7198,"title":"снег","value":"%D1%81%D0%BD%D0%B5%D0%B3"},{"id":6215,"title":"atmosphere","value":"atmosphere"},{"id":6432837,"title":"footage - matthias groeneveld","value":"footage%20-%20matthias%20groeneveld"}],"categories":[{"id":114,"title":"Live Pictures","permalink":"live-pictures","subscriptions_count":2028289,"big_image_url":"https://coub-anubis-a.akamaized.net/coub_storage/category/cw_image/6a781fee541/43bd1211431771697290d/big_1622039067_Live_pictures.png","small_image_url":"https://coub-anubis-a.akamaized.net/coub_storage/category/cw_image/6a781fee541/43bd1211431771697290d/small_1622039067_Live_pictures.png","med_image_url":"https://coub-anubis-a.akamaized.net/coub_storage/category/cw_image/6a781fee541/43bd1211431771697290d/med_1622039067_Live_pictures.png","visible":true}],"communities":[{"id":114,"title":"Live Pictures","permalink":"live-pictures","subscriptions_count":2028289,"big_image_url":"https://coub-anubis-a.akamaized.net/coub_storage/category/cw_image/6a781fee541/43bd1211431771697290d/big_1622039067_Live_pictures.png","small_image_url":"https://coub-anubis-a.akamaized.net/coub_storage/category/cw_image/6a781fee541/43bd1211431771697290d/small_1622039067_Live_pictures.png","med_image_url":"https://coub-anubis-a.akamaized.net/coub_storage/category/cw_image/6a781fee541/43bd1211431771697290d/med_1622039067_Live_pictures.png","i_subscribed":true,"community_notifications_enabled":null,"description":null}],"recoubs_count":8,"remixes_count":0,"likes_count":20,"dislikes_count":0,"raw_video_id":16668626,"uploaded_by_ios_app":false,"uploaded_by_android_app":false,"media_blocks":{"uploaded_raw_videos":[],"external_raw_videos":[],"remixed_from_coubs":[]},"raw_video_thumbnail_url":"https://coub-anubis-a.akamaized.net/coub_storage/raw_video/cw_image/822157f4f04/44c7fdc5e05e6eb252157/coub_media_1628268693_image.jpg","raw_video_title":"pexels-matthias-groeneveld-6554029.mp4","video_block_banned":false,"duration":10.0,"promo_winner":false,"promo_winner_recoubers":null,"editorial_info":{},"promo_hint":null,"beeline_best_2014":null,"from_web_editor":true,"normalize_sound":true,"normalize_change_allowed":true,"best2015_addable":false,"ahmad_promo":null,"promo_data":null,"audio_copyright_claim":null,"ads_disabled":null,"is_safe_for_ads":true,"megafon_contents":[],"position_on_page":9},{"flag":null,"abuses":null,"recoubs_by_users_channels":null,"favourite":false,"promoted_id":null,"recoub":null,"like":null,"dislike":null,"reaction":null,"in_my_best2015":false,"id":173390818,"type":"Coub::Simple","permalink":"2uvw3o","title":"Shot by bestpixels_","visibility_type":"public","original_visibility_type":"public","channel_id":3679646,"created_at":"2021-08-06T11:24:50Z","updated_at":"2021-12-11T21:26:06Z","is_done":true,"views_count":7112,"cotd":null,"cotd_at":null,"visible_on_explore_root":false,"visible_on_explore":false,"featured":false,"published":true,"published_at":"2021-08-06T11:24:50Z","reversed":false,"from_editor_v2":true,"is_editable":true,"original_sound":false,"has_sound":false,"recoub_to":null,"file_versions":{"html5":{"video":{"higher":{"url":"https://coub-anubis-a.akamaized.net/coub_storage/coub/simple/cw_file/b9ca0741485/09a7f92f1760f04523a85/muted_mp4_huge_size_1628249097_muted_huge.mp4","size":630678},"high":{"url":"https://coub-anubis-a.akamaized.net/coub_storage/coub/simple/cw_file/b9ca0741485/09a7f92f1760f04523a85/muted_mp4_big_size_1628249097_muted_big.mp4","size":398373},"med":{"url":"https://coub-anubis-a.akamaized.net/coub_storage/coub/simple/cw_file/b9ca0741485/09a7f92f1760f04523a85/muted_mp4_med_size_1628249097_muted_med.mp4","size":124545}},"audio":{"high":{"url":"https://coub-anubis-a.akamaized.net/coub_storage/coub/simple/cw_looped_audio_high/8765e66b236/56db38dcbe09c86772e14/1628249153_mp3-high.mp3","size":3903191},"med":{"url":"https://coub-anubis-a.akamaized.net/coub_storage/coub/simple/cw_looped_audio_med/ba20871cc83/71f7c4ce3b53b68ba60bb/1628249149_mp3-med.mp3","size":2873547}}},"mobile":{"video":"https://coub-anubis-a.akamaized.net/coub_storage/coub/simple/cw_file/b9ca0741485/09a7f92f1760f04523a85/muted_mp4_med_size_1628249097_muted_med.mp4","audio":["https://coub-anubis-a.akamaized.net/coub_storage/coub/simple/cw_looped_audio_med/ba20871cc83/71f7c4ce3b53b68ba60bb/1628249149_mp3-med.mp3"]},"share":{"default":"https://coub-anubis-a.akamaized.net/coub_storage/coub/simple/cw_video_for_sharing/1723b60674c/f13df36caf401d03f615d/1628249209_looped_1628249206.mp4"}},"audio_versions":{"template":"https://coub-anubis-a.akamaized.net/coub_storage/audio_track/cw_normalized_copy/e78575561bf/547f8a8d8235104b0ad6e/mid_1628249130_normalized_1628249104_1fradc5_edited.mp3","versions":["mid","low"]},"image_versions":{"template":"https://coub-anubis-a.akamaized.net/coub_storage/coub/simple/cw_image/b27f3ed8fa4/527461745cc7623a2f00d/%{version}_1628249163_00032.jpg","versions":["micro","tiny","age_restricted","ios_large","ios_mosaic","big","med","small","pinterest"]},"first_frame_versions":{"template":"https://coub-anubis-a.akamaized.net/coub_storage/coub/simple/cw_timeline_pic/1a33bac65e6/433749594751d363522be/%{version}_1628249162_image.jpg","versions":["big","med","small","ios_large"]},"dimensions":{"big":[1280,906],"med":[640,452]},"site_w_h":[640,453],"page_w_h":[640,453],"site_w_h_small":[310,219],"size":[1280,906],"age_restricted":false,"age_restricted_by_admin":false,"not_safe_for_work":null,"allow_reuse":false,"dont_crop":true,"banned":false,"global_safe":null,"audio_file_url":"https://coub-anubis-a.akamaized.net/coub_storage/audio_track/cw_normalized_copy/e78575561bf/547f8a8d8235104b0ad6e/low_1628249130_normalized_1628249104_1fradc5_edited.mp3","external_download":{"type":"Instagram","service_name":"Instagram","url":"https://www.instagram.com/p/CENLGh9jddh/","has_embed":false},"application":null,"channel":{"id":3679646,"permalink":"semak-47","title":"⎛⎝RUINER⎠⎞","description":null,"followers_count":83,"following_count":15,"avatar_versions":{"template":"https://coub-anubis-a.akamaized.net/coub_storage/channel/cw_avatar/5fff3e3538c/e2a39171bbf658eb95693/%{version}_1642619244_11ab7938454f7aa930d6a0770c43dba3.jpg","versions":["medium","medium_2x","profile_pic","profile_pic_new","profile_pic_new_2x","tiny","tiny_2x","small","small_2x","ios_large","ios_small"]}},"file":null,"picture":"https://coub-anubis-a.akamaized.net/coub_storage/coub/simple/cw_image/b27f3ed8fa4/527461745cc7623a2f00d/med_1628249163_00032.jpg","timeline_picture":"https://coub-anubis-a.akamaized.net/coub_storage/coub/simple/cw_timeline_pic/1a33bac65e6/433749594751d363522be/ios_large_1628249162_image.jpg","small_picture":"https://coub-anubis-a.akamaized.net/coub_storage/coub/simple/cw_image/b27f3ed8fa4/527461745cc7623a2f00d/ios_mosaic_1628249163_00032.jpg","sharing_picture":null,"percent_done":100,"tags":[],"categories":[{"id":114,"title":"Live Pictures","permalink":"live-pictures","subscriptions_count":2028289,"big_image_url":"https://coub-anubis-a.akamaized.net/coub_storage/category/cw_image/6a781fee541/43bd1211431771697290d/big_1622039067_Live_pictures.png","small_image_url":"https://coub-anubis-a.akamaized.net/coub_storage/category/cw_image/6a781fee541/43bd1211431771697290d/small_1622039067_Live_pictures.png","med_image_url":"https://coub-anubis-a.akamaized.net/coub_storage/category/cw_image/6a781fee541/43bd1211431771697290d/med_1622039067_Live_pictures.png","visible":true}],"communities":[{"id":114,"title":"Live Pictures","permalink":"live-pictures","subscriptions_count":2028289,"big_image_url":"https://coub-anubis-a.akamaized.net/coub_storage/category/cw_image/6a781fee541/43bd1211431771697290d/big_1622039067_Live_pictures.png","small_image_url":"https://coub-anubis-a.akamaized.net/coub_storage/category/cw_image/6a781fee541/43bd1211431771697290d/small_1622039067_Live_pictures.png","med_image_url":"https://coub-anubis-a.akamaized.net/coub_storage/category/cw_image/6a781fee541/43bd1211431771697290d/med_1622039067_Live_pictures.png","i_subscribed":true,"community_notifications_enabled":null,"description":null}],"recoubs_count":7,"remixes_count":0,"likes_count":20,"dislikes_count":0,"raw_video_id":16667844,"uploaded_by_ios_app":false,"uploaded_by_android_app":false,"media_blocks":{"uploaded_raw_videos":[],"external_raw_videos":[{"id":39422323,"title":"Shot by bestpixels_","url":"http://instagram.com/p/CENLGh9jddh/","image":"https://coub-anubis-a.akamaized.net/coub_storage/media_block/cw_image/b247863b6b8/e111e8ec995efe7011330/video_1628248997_1ogt4nu_1628248990_image.jpg","image_retina":"https://coub-anubis-a.akamaized.net/coub_storage/media_block/cw_image/b247863b6b8/e111e8ec995efe7011330/video_retina_1628248997_1ogt4nu_1628248990_image.jpg","meta":{"service":"Instagram","duration":"10.0"},"duration":10.0,"raw_video_id":16667844,"has_embed":false}],"remixed_from_coubs":[],"external_video":{"id":39422323,"title":"Shot by bestpixels_","url":"http://instagram.com/p/CENLGh9jddh/","image":"https://coub-anubis-a.akamaized.net/coub_storage/media_block/cw_image/b247863b6b8/e111e8ec995efe7011330/video_1628248997_1ogt4nu_1628248990_image.jpg","image_retina":"https://coub-anubis-a.akamaized.net/coub_storage/media_block/cw_image/b247863b6b8/e111e8ec995efe7011330/video_retina_1628248997_1ogt4nu_1628248990_image.jpg","meta":{"service":"Instagram","duration":"10.0"},"duration":10.0,"raw_video_id":16667844,"has_embed":false}},"raw_video_thumbnail_url":"https://coub-anubis-a.akamaized.net/coub_storage/raw_video/cw_image/6baf83c4c61/8643214164c77635484fc/coub_media_1628248990_1628248990_image.jpg","raw_video_title":"Shot by bestpixels_","video_block_banned":false,"duration":10.0,"promo_winner":false,"promo_winner_recoubers":null,"editorial_info":{},"promo_hint":null,"beeline_best_2014":null,"from_web_editor":true,"normalize_sound":true,"normalize_change_allowed":true,"best2015_addable":false,"ahmad_promo":null,"promo_data":null,"audio_copyright_claim":null,"ads_disabled":null,"is_safe_for_ads":true,"megafon_contents":[],"position_on_page":10}]}