{"page":168,"per_page":10,"total_pages":500,"coubs":[{"flag":null,"abuses":null,"recoubs_by_users_channels":null,"favourite":false,"promoted_id":null,"recoub":null,"like":null,"dislike":null,"reaction":null,"in_my_best2015":false,"id":140335785,"type":"Coub::Simple","permalink":"2b7egl","title":"    ","visibility_type":"public","original_visibility_type":"public","channel_id":31279,"created_at":"2020-03-25T06:35:15Z","updated_at":"2021-12-20T11:10:16Z","is_done":true,"views_count":35795,"cotd":null,"cotd_at":null,"visible_on_explore_root":false,"visible_on_explore":false,"featured":false,"published":true,"published_at":"2020-03-25T06:35:15Z","reversed":false,"from_editor_v2":true,"is_editable":true,"original_sound":false,"has_sound":false,"recoub_to":null,"file_versions":{"html5":{"video":{"higher":{"url":"https://coub-anubis-a.akamaized.net/coub_storage/coub/simple/cw_file/27593633c17/7808b3df6ef16f3c9b648/muted_mp4_huge_size_1585118117_muted_huge.mp4","size":678423},"high":{"url":"https://coub-anubis-a.akamaized.net/coub_storage/coub/simple/cw_file/27593633c17/7808b3df6ef16f3c9b648/muted_mp4_big_size_1585118117_muted_big.mp4","size":468042},"med":{"url":"https://coub-anubis-a.akamaized.net/coub_storage/coub/simple/cw_file/27593633c17/7808b3df6ef16f3c9b648/muted_mp4_med_size_1585118117_muted_med.mp4","size":122527}},"audio":{"high":{"url":"https://coub-anubis-a.akamaized.net/coub_storage/coub/simple/cw_looped_audio_high/7626c0d78ae/da2b3418b752ef21a12cc/1605701371_high_1585118152_high.mp3","size":5248723},"med":{"url":"https://coub-anubis-a.akamaized.net/coub_storage/coub/simple/cw_looped_audio_med/eca409d15b6/67fa7c5595c297fe86bc5/1605701371_med_1585118152_med.mp3","size":3840939}}},"mobile":{"video":"https://coub-anubis-a.akamaized.net/coub_storage/coub/simple/cw_file/27593633c17/7808b3df6ef16f3c9b648/muted_mp4_med_size_1585118117_muted_med.mp4","audio":["https://coub-anubis-a.akamaized.net/coub_storage/coub/simple/cw_looped_audio_med/eca409d15b6/67fa7c5595c297fe86bc5/1605701371_med_1585118152_med.mp3"]},"share":{"default":"https://coub-anubis-a.akamaized.net/coub_storage/coub/simple/cw_video_for_sharing/ee1841ea342/0a18c1e8a837f5ad7cea8/1610927860_looped_1610927860.mp4"}},"audio_versions":{"template":"https://coub-anubis-a.akamaized.net/coub_storage/audio_track/cw_file/05a1b452765/e20319728141bbe939c3d/mid_1585118123_1m61pzn_edited.mp3","versions":["mid","low"]},"image_versions":{"template":"https://coub-anubis-a.akamaized.net/coub_storage/coub/simple/cw_image/0d8e657933b/5b326533af3c1473b3096/1585118170_00007.jpg","versions":["micro","tiny","age_restricted","ios_large","ios_mosaic","big","med","small","pinterest"]},"first_frame_versions":{"template":"https://coub-anubis-a.akamaized.net/coub_storage/coub/simple/cw_timeline_pic/de9c32567b5/69599af32cc332f98c555/%{version}_1585118169_image.jpg","versions":["big","med","small","ios_large"]},"dimensions":{"big":[746,960],"med":[372,480]},"site_w_h":[311,400],"page_w_h":[400,515],"site_w_h_small":[310,399],"size":[746,960],"age_restricted":false,"age_restricted_by_admin":false,"not_safe_for_work":false,"allow_reuse":false,"dont_crop":false,"banned":false,"global_safe":true,"audio_file_url":"https://coub-anubis-a.akamaized.net/coub_storage/audio_track/cw_file/05a1b452765/e20319728141bbe939c3d/low_1585118123_1m61pzn_edited.mp3","external_download":false,"application":null,"channel":{"id":31279,"permalink":"dream2013","title":" ̶D̶ ̶R̶ ̶E̶ ̶A̶ ̶M̶","description":null,"followers_count":8399,"following_count":359,"avatar_versions":{"template":"https://coub-anubis-a.akamaized.net/coub_storage/channel/cw_avatar/a383acb0804/bed737568d61f17b31fe3/%{version}_1620471307_profile_pic_big_1596669646_M86LLTulLAY__1__-________1_.jpg","versions":["medium","medium_2x","profile_pic","profile_pic_new","profile_pic_new_2x","tiny","tiny_2x","small","small_2x","ios_large","ios_small"]}},"file":null,"picture":"https://coub-anubis-a.akamaized.net/coub_storage/coub/simple/cw_image/0d8e657933b/5b326533af3c1473b3096/1585118170_00007.jpg","timeline_picture":"https://coub-anubis-a.akamaized.net/coub_storage/coub/simple/cw_timeline_pic/de9c32567b5/69599af32cc332f98c555/ios_large_1585118169_image.jpg","small_picture":"https://coub-anubis-a.akamaized.net/coub_storage/coub/simple/cw_image/0d8e657933b/5b326533af3c1473b3096/1585118170_00007.jpg","sharing_picture":null,"percent_done":100,"tags":[],"categories":[{"id":114,"title":"Live Pictures","permalink":"live-pictures","subscriptions_count":2028289,"big_image_url":"https://coub-anubis-a.akamaized.net/coub_storage/category/cw_image/6a781fee541/43bd1211431771697290d/big_1622039067_Live_pictures.png","small_image_url":"https://coub-anubis-a.akamaized.net/coub_storage/category/cw_image/6a781fee541/43bd1211431771697290d/small_1622039067_Live_pictures.png","med_image_url":"https://coub-anubis-a.akamaized.net/coub_storage/category/cw_image/6a781fee541/43bd1211431771697290d/med_1622039067_Live_pictures.png","visible":true}],"communities":[{"id":114,"title":"Live Pictures","permalink":"live-pictures","subscriptions_count":2028289,"big_image_url":"https://coub-anubis-a.akamaized.net/coub_storage/category/cw_image/6a781fee541/43bd1211431771697290d/big_1622039067_Live_pictures.png","small_image_url":"https://coub-anubis-a.akamaized.net/coub_storage/category/cw_image/6a781fee541/43bd1211431771697290d/small_1622039067_Live_pictures.png","med_image_url":"https://coub-anubis-a.akamaized.net/coub_storage/category/cw_image/6a781fee541/43bd1211431771697290d/med_1622039067_Live_pictures.png","i_subscribed":true,"community_notifications_enabled":null,"description":null}],"recoubs_count":36,"remixes_count":0,"likes_count":178,"dislikes_count":0,"raw_video_id":14977753,"uploaded_by_ios_app":false,"uploaded_by_android_app":false,"media_blocks":{"uploaded_raw_videos":[],"external_raw_videos":[],"remixed_from_coubs":[]},"raw_video_thumbnail_url":"/missing/missing.png","raw_video_title":"e6ed4bd4863e91801e4d7e0c474d6b4b.gif","video_block_banned":false,"duration":2.04,"promo_winner":false,"promo_winner_recoubers":null,"editorial_info":{},"promo_hint":null,"beeline_best_2014":null,"from_web_editor":true,"normalize_sound":false,"normalize_change_allowed":true,"best2015_addable":false,"ahmad_promo":null,"promo_data":null,"audio_copyright_claim":null,"ads_disabled":false,"is_safe_for_ads":true,"megafon_contents":[],"position_on_page":1},{"flag":null,"abuses":null,"recoubs_by_users_channels":null,"favourite":false,"promoted_id":null,"recoub":null,"like":null,"dislike":null,"reaction":null,"in_my_best2015":false,"id":134845862,"type":"Coub::Simple","permalink":"27xaxp","title":"Let him go","visibility_type":"public","original_visibility_type":"public","channel_id":2468838,"created_at":"2020-01-19T16:18:10Z","updated_at":"2021-12-17T11:30:23Z","is_done":true,"views_count":53793,"cotd":null,"cotd_at":null,"visible_on_explore_root":false,"visible_on_explore":false,"featured":false,"published":true,"published_at":"2020-01-19T16:18:10Z","reversed":false,"from_editor_v2":true,"is_editable":true,"original_sound":false,"has_sound":false,"recoub_to":null,"file_versions":{"html5":{"video":{"higher":{"url":"https://coub-anubis-a.akamaized.net/coub_storage/coub/simple/cw_file/05fc1994c77/2bfbf15748658f4fc240e/muted_mp4_huge_size_1579450694_muted_huge.mp4","size":108339},"high":{"url":"https://coub-anubis-a.akamaized.net/coub_storage/coub/simple/cw_file/05fc1994c77/2bfbf15748658f4fc240e/muted_mp4_big_size_1579450694_muted_big.mp4","size":79777},"med":{"url":"https://coub-anubis-a.akamaized.net/coub_storage/coub/simple/cw_file/05fc1994c77/2bfbf15748658f4fc240e/muted_mp4_med_size_1579450694_muted_med.mp4","size":28156}},"audio":{"high":{"url":"https://coub-anubis-a.akamaized.net/coub_storage/coub/simple/cw_looped_audio_high/2d1aa71cb7a/14eee8211603ba1d71b54/1605704744_high_1579450715_high.mp3","size":1673921},"med":{"url":"https://coub-anubis-a.akamaized.net/coub_storage/coub/simple/cw_looped_audio_med/c5ee923f7f9/86cc1e5aa4e4a7d7453c6/1605704744_med_1579450715_med.mp3","size":1300056}}},"mobile":{"video":"https://coub-anubis-a.akamaized.net/coub_storage/coub/simple/cw_file/05fc1994c77/2bfbf15748658f4fc240e/muted_mp4_med_size_1579450694_muted_med.mp4","audio":["https://coub-anubis-a.akamaized.net/coub_storage/coub/simple/cw_looped_audio_med/c5ee923f7f9/86cc1e5aa4e4a7d7453c6/1605704744_med_1579450715_med.mp3"]},"share":{"default":"https://coub-anubis-a.akamaized.net/coub_storage/coub/simple/cw_video_for_sharing/face919bc1f/1b05feee2b5d895b09c07/1633265447_looped_1633265447.mp4"}},"audio_versions":{"template":"https://coub-anubis-a.akamaized.net/coub_storage/audio_track/cw_file/5707dc28877/fbe73b373a9536f7f4920/mid_1579450698_1nmhz5f_edited.mp3","versions":["mid","low"]},"image_versions":{"template":"https://coub-anubis-a.akamaized.net/coub_storage/coub/simple/cw_image/7a985f31528/b4611a5137cfb7d334640/1579450724_00004.jpg","versions":["micro","tiny","age_restricted","ios_large","ios_mosaic","big","med","small","pinterest"]},"first_frame_versions":{"template":"https://coub-anubis-a.akamaized.net/coub_storage/coub/simple/cw_timeline_pic/e3801d87d67/a8a0000066f4ad21e39b4/%{version}_1579450724_image.jpg","versions":["big","med","small","ios_large"]},"dimensions":{"big":[1280,720],"med":[640,360]},"site_w_h":[640,360],"page_w_h":[640,360],"site_w_h_small":[310,174],"size":[1280,720],"age_restricted":false,"age_restricted_by_admin":false,"not_safe_for_work":false,"allow_reuse":false,"dont_crop":false,"banned":false,"global_safe":true,"audio_file_url":"https://coub-anubis-a.akamaized.net/coub_storage/audio_track/cw_file/5707dc28877/fbe73b373a9536f7f4920/low_1579450698_1nmhz5f_edited.mp3","external_download":false,"application":null,"channel":{"id":2468838,"permalink":"hateanimation","title":"Animation Hate","description":"Animation Hate® 🔸","followers_count":21471,"following_count":18,"avatar_versions":{"template":"https://coub-anubis-a.akamaized.net/coub_storage/channel/cw_avatar/a85b6bb837c/4005c6c2ca4170b89313d/%{version}_1607432453_1hqyn4v_1474706918_cinemagraphs-2-thumb290.jpg","versions":["medium","medium_2x","profile_pic","profile_pic_new","profile_pic_new_2x","tiny","tiny_2x","small","small_2x","ios_large","ios_small"]}},"file":null,"picture":"https://coub-anubis-a.akamaized.net/coub_storage/coub/simple/cw_image/7a985f31528/b4611a5137cfb7d334640/1579450724_00004.jpg","timeline_picture":"https://coub-anubis-a.akamaized.net/coub_storage/coub/simple/cw_timeline_pic/e3801d87d67/a8a0000066f4ad21e39b4/ios_large_1579450724_image.jpg","small_picture":"https://coub-anubis-a.akamaized.net/coub_storage/coub/simple/cw_image/7a985f31528/b4611a5137cfb7d334640/1579450724_00004.jpg","sharing_picture":null,"percent_done":100,"tags":[{"id":21500,"title":"animate","value":"animate"},{"id":239,"title":"robot","value":"robot"},{"id":3072,"title":"art","value":"art"},{"id":49603,"title":"cinemagraph","value":"cinemagraph"},{"id":379284,"title":"cinemagraphs","value":"cinemagraphs"},{"id":1133540,"title":"eleprimer","value":"eleprimer"}],"categories":[{"id":114,"title":"Live Pictures","permalink":"live-pictures","subscriptions_count":2028289,"big_image_url":"https://coub-anubis-a.akamaized.net/coub_storage/category/cw_image/6a781fee541/43bd1211431771697290d/big_1622039067_Live_pictures.png","small_image_url":"https://coub-anubis-a.akamaized.net/coub_storage/category/cw_image/6a781fee541/43bd1211431771697290d/small_1622039067_Live_pictures.png","med_image_url":"https://coub-anubis-a.akamaized.net/coub_storage/category/cw_image/6a781fee541/43bd1211431771697290d/med_1622039067_Live_pictures.png","visible":true}],"communities":[{"id":114,"title":"Live Pictures","permalink":"live-pictures","subscriptions_count":2028289,"big_image_url":"https://coub-anubis-a.akamaized.net/coub_storage/category/cw_image/6a781fee541/43bd1211431771697290d/big_1622039067_Live_pictures.png","small_image_url":"https://coub-anubis-a.akamaized.net/coub_storage/category/cw_image/6a781fee541/43bd1211431771697290d/small_1622039067_Live_pictures.png","med_image_url":"https://coub-anubis-a.akamaized.net/coub_storage/category/cw_image/6a781fee541/43bd1211431771697290d/med_1622039067_Live_pictures.png","i_subscribed":true,"community_notifications_enabled":null,"description":null}],"recoubs_count":33,"remixes_count":0,"likes_count":178,"dislikes_count":0,"raw_video_id":14721099,"uploaded_by_ios_app":false,"uploaded_by_android_app":false,"media_blocks":{"uploaded_raw_videos":[],"external_raw_videos":[],"remixed_from_coubs":[]},"raw_video_thumbnail_url":"/missing/missing.png","raw_video_title":"2738jlpypda41.mp4","video_block_banned":false,"duration":0.96,"promo_winner":false,"promo_winner_recoubers":null,"editorial_info":{},"promo_hint":null,"beeline_best_2014":null,"from_web_editor":true,"normalize_sound":false,"normalize_change_allowed":true,"best2015_addable":false,"ahmad_promo":null,"promo_data":null,"audio_copyright_claim":null,"ads_disabled":false,"is_safe_for_ads":true,"megafon_contents":[],"position_on_page":2},{"flag":null,"abuses":null,"recoubs_by_users_channels":null,"favourite":false,"promoted_id":null,"recoub":null,"like":null,"dislike":null,"reaction":null,"in_my_best2015":false,"id":22277529,"type":"Coub::Simple","permalink":"ctc6y","title":"Forest Underground","visibility_type":"public","original_visibility_type":"public","channel_id":2468838,"created_at":"2016-06-05T23:19:13Z","updated_at":"2021-11-11T11:59:21Z","is_done":true,"views_count":11015,"cotd":null,"cotd_at":null,"visible_on_explore_root":false,"visible_on_explore":false,"featured":false,"published":true,"published_at":"2016-06-05T23:19:13Z","reversed":false,"from_editor_v2":true,"is_editable":true,"original_sound":false,"has_sound":false,"recoub_to":null,"file_versions":{"html5":{"video":{"higher":{"url":"https://coub-anubis-a.akamaized.net/coub_storage/coub/simple/cw_file/5839f9bf666/5df8dce8bc30da92fcb8d/muted_mp4_huge_size_1567893202_muted_huge.mp4","size":870858},"high":{"url":"https://coub-anubis-a.akamaized.net/coub_storage/coub/simple/cw_file/5839f9bf666/5df8dce8bc30da92fcb8d/muted_mp4_big_size_1567893202_muted_big.mp4","size":611041},"med":{"url":"https://coub-anubis-a.akamaized.net/coub_storage/coub/simple/cw_file/5839f9bf666/5df8dce8bc30da92fcb8d/muted_mp4_med_size_1567893202_muted_med.mp4","size":195012}}},"mobile":{"video":"https://coub-anubis-a.akamaized.net/coub_storage/coub/simple/cw_file/5839f9bf666/5df8dce8bc30da92fcb8d/muted_mp4_med_size_1567893202_muted_med.mp4"},"share":{"default":null}},"audio_versions":{},"image_versions":{"template":"https://coub-anubis-a.akamaized.net/coub_storage/coub/simple/cw_image/8d05b7293d4/bffc5159c3dd0a816d803/1471380208_00009.jpg","versions":["micro","tiny","age_restricted","ios_large","ios_mosaic","big","med","small","pinterest"]},"first_frame_versions":{"template":"https://coub-anubis-a.akamaized.net/coub_storage/coub/simple/cw_timeline_pic/8d05b7293d4/bffc5159c3dd0a816d803/%{version}_1471380223_image.jpg","versions":["big","med","small","ios_large"]},"dimensions":{"big":[1234,960],"med":[616,480]},"site_w_h":[640,498],"page_w_h":[640,498],"site_w_h_small":[310,241],"size":[1234,960],"age_restricted":false,"age_restricted_by_admin":false,"not_safe_for_work":null,"allow_reuse":false,"dont_crop":false,"banned":false,"global_safe":true,"audio_file_url":null,"external_download":{"type":"Tumblr","service_name":"Tumblr","url":"http://ira99olyunina.tumblr.com/post/143495723862/httpsvkcomsolis99","has_embed":false},"application":null,"channel":{"id":2468838,"permalink":"hateanimation","title":"Animation Hate","description":"Animation Hate® 🔸","followers_count":21471,"following_count":18,"avatar_versions":{"template":"https://coub-anubis-a.akamaized.net/coub_storage/channel/cw_avatar/a85b6bb837c/4005c6c2ca4170b89313d/%{version}_1607432453_1hqyn4v_1474706918_cinemagraphs-2-thumb290.jpg","versions":["medium","medium_2x","profile_pic","profile_pic_new","profile_pic_new_2x","tiny","tiny_2x","small","small_2x","ios_large","ios_small"]}},"file":null,"picture":"https://coub-anubis-a.akamaized.net/coub_storage/coub/simple/cw_image/8d05b7293d4/bffc5159c3dd0a816d803/1471380208_00009.jpg","timeline_picture":"https://coub-anubis-a.akamaized.net/coub_storage/coub/simple/cw_timeline_pic/8d05b7293d4/bffc5159c3dd0a816d803/ios_large_1471380223_image.jpg","small_picture":"https://coub-anubis-a.akamaized.net/coub_storage/coub/simple/cw_image/8d05b7293d4/bffc5159c3dd0a816d803/1471380208_00009.jpg","sharing_picture":null,"percent_done":100,"tags":[{"id":1365441,"title":"animation hate","value":"animation%20hate"},{"id":94561,"title":"draw","value":"draw"},{"id":3515,"title":"nice","value":"nice"},{"id":171,"title":"wow","value":"wow"},{"id":32471,"title":"deep house","value":"deep%20house"},{"id":15288,"title":"player","value":"player"},{"id":11992,"title":"vocal","value":"vocal"},{"id":1804,"title":"trip","value":"trip"},{"id":379284,"title":"cinemagraphs","value":"cinemagraphs"},{"id":421,"title":"gif","value":"gif"},{"id":168,"title":"loop","value":"loop"},{"id":21500,"title":"animate","value":"animate"},{"id":1259,"title":"forest","value":"forest"}],"categories":[{"id":114,"title":"Live Pictures","permalink":"live-pictures","subscriptions_count":2028289,"big_image_url":"https://coub-anubis-a.akamaized.net/coub_storage/category/cw_image/6a781fee541/43bd1211431771697290d/big_1622039067_Live_pictures.png","small_image_url":"https://coub-anubis-a.akamaized.net/coub_storage/category/cw_image/6a781fee541/43bd1211431771697290d/small_1622039067_Live_pictures.png","med_image_url":"https://coub-anubis-a.akamaized.net/coub_storage/category/cw_image/6a781fee541/43bd1211431771697290d/med_1622039067_Live_pictures.png","visible":true}],"communities":[{"id":114,"title":"Live Pictures","permalink":"live-pictures","subscriptions_count":2028289,"big_image_url":"https://coub-anubis-a.akamaized.net/coub_storage/category/cw_image/6a781fee541/43bd1211431771697290d/big_1622039067_Live_pictures.png","small_image_url":"https://coub-anubis-a.akamaized.net/coub_storage/category/cw_image/6a781fee541/43bd1211431771697290d/small_1622039067_Live_pictures.png","med_image_url":"https://coub-anubis-a.akamaized.net/coub_storage/category/cw_image/6a781fee541/43bd1211431771697290d/med_1622039067_Live_pictures.png","i_subscribed":true,"community_notifications_enabled":null,"description":null}],"recoubs_count":38,"remixes_count":36,"likes_count":178,"dislikes_count":0,"raw_video_id":2756842,"uploaded_by_ios_app":false,"uploaded_by_android_app":false,"media_blocks":{"uploaded_raw_videos":[],"external_raw_videos":[{"id":15497552,"title":"https://vk.com/solis99","url":"http://ira99olyunina.tumblr.com/post/143495723862/httpsvkcomsolis99","image":"https://coub-anubis-a.akamaized.net/coub_storage/media_block/cw_image/d80d84d5635/9ae07cf88a32ef37d7f96/1490986267_1464995851_image.jpg","image_retina":"https://coub-anubis-a.akamaized.net/coub_storage/media_block/cw_image/d80d84d5635/9ae07cf88a32ef37d7f96/1490986267_1464995851_image.jpg","meta":{"service":"Tumblr","duration":"2.68"},"duration":2.68,"raw_video_id":2756842,"has_embed":false}],"remixed_from_coubs":[],"external_video":{"id":15497552,"title":"https://vk.com/solis99","url":"http://ira99olyunina.tumblr.com/post/143495723862/httpsvkcomsolis99","image":"https://coub-anubis-a.akamaized.net/coub_storage/media_block/cw_image/d80d84d5635/9ae07cf88a32ef37d7f96/1490986267_1464995851_image.jpg","image_retina":"https://coub-anubis-a.akamaized.net/coub_storage/media_block/cw_image/d80d84d5635/9ae07cf88a32ef37d7f96/1490986267_1464995851_image.jpg","meta":{"service":"Tumblr","duration":"2.68"},"duration":2.68,"raw_video_id":2756842,"has_embed":false}},"raw_video_thumbnail_url":"/missing/missing.png","raw_video_title":"https://vk.com/solis99","video_block_banned":false,"duration":2.68,"promo_winner":false,"promo_winner_recoubers":null,"editorial_info":{},"promo_hint":null,"beeline_best_2014":null,"from_web_editor":true,"normalize_sound":false,"normalize_change_allowed":true,"best2015_addable":false,"ahmad_promo":null,"promo_data":null,"audio_copyright_claim":"Sony Music Entertainment Russia","ads_disabled":null,"is_safe_for_ads":true,"megafon_contents":[],"position_on_page":3},{"flag":null,"abuses":null,"recoubs_by_users_channels":null,"favourite":false,"promoted_id":null,"recoub":null,"like":null,"dislike":null,"reaction":null,"in_my_best2015":false,"id":20932156,"type":"Coub::Simple","permalink":"c0i2z","title":"In Your Room","visibility_type":"public","original_visibility_type":"public","channel_id":2137656,"created_at":"2016-04-20T22:31:55Z","updated_at":"2022-01-31T11:53:48Z","is_done":true,"views_count":74299,"cotd":null,"cotd_at":null,"visible_on_explore_root":false,"visible_on_explore":false,"featured":false,"published":true,"published_at":"2016-04-20T22:31:55Z","reversed":false,"from_editor_v2":true,"is_editable":true,"original_sound":false,"has_sound":false,"recoub_to":null,"file_versions":{"html5":{"video":{"higher":{"url":"https://coub-anubis-a.akamaized.net/coub_storage/coub/simple/cw_file/1d60f9e8db5/c3c26b2aa1e39ebdf08d4/muted_mp4_huge_size_1567874542_muted_huge.mp4","size":441328},"high":{"url":"https://coub-anubis-a.akamaized.net/coub_storage/coub/simple/cw_file/1d60f9e8db5/c3c26b2aa1e39ebdf08d4/muted_mp4_big_size_1567874542_muted_big.mp4","size":290423},"med":{"url":"https://coub-anubis-a.akamaized.net/coub_storage/coub/simple/cw_file/1d60f9e8db5/c3c26b2aa1e39ebdf08d4/muted_mp4_med_size_1567874542_muted_med.mp4","size":77786}},"audio":{"high":{"url":"https://coub-anubis-a.akamaized.net/coub_storage/coub/simple/cw_looped_audio_high/d01638f922b/b42f6d301023ee243414d/1605482462_high_1470823025_high.mp3","size":2808742},"med":{"url":"https://coub-anubis-a.akamaized.net/coub_storage/coub/simple/cw_looped_audio_med/adbbf315cc9/fbb30f23c9bfe19d95e60/1605482462_med_1470823025_med.mp3","size":2537228}}},"mobile":{"video":"https://coub-anubis-a.akamaized.net/coub_storage/coub/simple/cw_file/1d60f9e8db5/c3c26b2aa1e39ebdf08d4/muted_mp4_med_size_1567874542_muted_med.mp4","audio":["https://coub-anubis-a.akamaized.net/coub_storage/coub/simple/cw_looped_audio_med/adbbf315cc9/fbb30f23c9bfe19d95e60/1605482462_med_1470823025_med.mp3"]},"share":{"default":"https://coub-anubis-a.akamaized.net/coub_storage/coub/simple/cw_video_for_sharing/879c458e2dd/75d413b25d91f83a47cc4/1614960864_looped_1614960863.mp4"}},"audio_versions":{"template":"https://coub-anubis-a.akamaized.net/coub_storage/audio_track/cw_file/8033e7af583/f06671ca9a0a45b535c7c/mid_1461191271_audio.mp3","versions":["mid","low"]},"image_versions":{"template":"https://coub-anubis-a.akamaized.net/coub_storage/coub/simple/cw_image/7fbdeb1bb2a/05ef89c4ce8ba4486128a/1470822985_00010.jpg","versions":["micro","tiny","age_restricted","ios_large","ios_mosaic","big","med","small","pinterest"]},"first_frame_versions":{"template":"https://coub-anubis-a.akamaized.net/coub_storage/coub/simple/cw_timeline_pic/7fbdeb1bb2a/05ef89c4ce8ba4486128a/%{version}_1470823000_image.jpg","versions":["big","med","small","ios_large"]},"dimensions":{"big":[960,960],"med":[480,480]},"site_w_h":[400,400],"page_w_h":[400,400],"site_w_h_small":[310,310],"size":[960,960],"age_restricted":false,"age_restricted_by_admin":false,"not_safe_for_work":false,"allow_reuse":false,"dont_crop":false,"banned":false,"global_safe":true,"audio_file_url":"https://coub-anubis-a.akamaized.net/coub_storage/audio_track/cw_file/8033e7af583/f06671ca9a0a45b535c7c/low_1461191271_audio.mp3","external_download":false,"application":null,"channel":{"id":2137656,"permalink":"neoncoub","title":"Neon","description":"Follow the Glow","followers_count":4408,"following_count":361,"avatar_versions":{"template":"https://coub-anubis-a.akamaized.net/coub_storage/channel/cw_avatar/b580e016af9/2bb0dcd4efa6987063d8f/%{version}_1607812135_1mbo7t7_1470687352_Neon_Big.png","versions":["medium","medium_2x","profile_pic","profile_pic_new","profile_pic_new_2x","tiny","tiny_2x","small","small_2x","ios_large","ios_small"]}},"file":null,"picture":"https://coub-anubis-a.akamaized.net/coub_storage/coub/simple/cw_image/7fbdeb1bb2a/05ef89c4ce8ba4486128a/1470822985_00010.jpg","timeline_picture":"https://coub-anubis-a.akamaized.net/coub_storage/coub/simple/cw_timeline_pic/7fbdeb1bb2a/05ef89c4ce8ba4486128a/ios_large_1470823000_image.jpg","small_picture":"https://coub-anubis-a.akamaized.net/coub_storage/coub/simple/cw_image/7fbdeb1bb2a/05ef89c4ce8ba4486128a/1470822985_00010.jpg","sharing_picture":null,"percent_done":100,"tags":[{"id":1409086,"title":"ahmadteafest","value":"ahmadteafest"},{"id":22406,"title":"in your room","value":"in%20your%20room"},{"id":1449772,"title":"inyourroom","value":"inyourroom"},{"id":3228,"title":"depeche mode","value":"depeche%20mode"},{"id":16905,"title":"depechemode","value":"depechemode"},{"id":39840,"title":"music coub","value":"music%20coub"},{"id":237209,"title":"musiccoub","value":"musiccoub"},{"id":86,"title":"music","value":"music"}],"categories":[{"id":114,"title":"Live Pictures","permalink":"live-pictures","subscriptions_count":2028289,"big_image_url":"https://coub-anubis-a.akamaized.net/coub_storage/category/cw_image/6a781fee541/43bd1211431771697290d/big_1622039067_Live_pictures.png","small_image_url":"https://coub-anubis-a.akamaized.net/coub_storage/category/cw_image/6a781fee541/43bd1211431771697290d/small_1622039067_Live_pictures.png","med_image_url":"https://coub-anubis-a.akamaized.net/coub_storage/category/cw_image/6a781fee541/43bd1211431771697290d/med_1622039067_Live_pictures.png","visible":true}],"communities":[{"id":114,"title":"Live Pictures","permalink":"live-pictures","subscriptions_count":2028289,"big_image_url":"https://coub-anubis-a.akamaized.net/coub_storage/category/cw_image/6a781fee541/43bd1211431771697290d/big_1622039067_Live_pictures.png","small_image_url":"https://coub-anubis-a.akamaized.net/coub_storage/category/cw_image/6a781fee541/43bd1211431771697290d/small_1622039067_Live_pictures.png","med_image_url":"https://coub-anubis-a.akamaized.net/coub_storage/category/cw_image/6a781fee541/43bd1211431771697290d/med_1622039067_Live_pictures.png","i_subscribed":true,"community_notifications_enabled":null,"description":null}],"recoubs_count":52,"remixes_count":0,"likes_count":178,"dislikes_count":0,"raw_video_id":2477267,"uploaded_by_ios_app":false,"uploaded_by_android_app":false,"media_blocks":{"uploaded_raw_videos":[],"external_raw_videos":[],"remixed_from_coubs":[]},"raw_video_thumbnail_url":"/missing/missing.png","raw_video_title":"wrong.gif","video_block_banned":false,"duration":3.16,"promo_winner":true,"promo_winner_recoubers":[[2549925,"ahmadteafest"]],"editorial_info":{},"promo_hint":null,"beeline_best_2014":null,"from_web_editor":true,"normalize_sound":false,"normalize_change_allowed":true,"best2015_addable":false,"ahmad_promo":{"quote":"In your room\nWhere souls disappear\nOnly you exist here\nWill you lead me to your armchair\nOr leave me lying here?","source":"Depeche Mode"},"promo_data":null,"audio_copyright_claim":null,"ads_disabled":null,"is_safe_for_ads":true,"megafon_contents":[],"position_on_page":4},{"flag":null,"abuses":null,"recoubs_by_users_channels":null,"favourite":false,"promoted_id":null,"recoub":null,"like":null,"dislike":null,"reaction":null,"in_my_best2015":false,"id":175148927,"type":"Coub::Simple","permalink":"2vxkof","title":"six colors","visibility_type":"public","original_visibility_type":"public","channel_id":7486761,"created_at":"2021-09-08T07:49:38Z","updated_at":"2021-12-29T19:00:32Z","is_done":true,"views_count":36327,"cotd":null,"cotd_at":null,"visible_on_explore_root":false,"visible_on_explore":false,"featured":false,"published":true,"published_at":"2021-09-08T07:49:38Z","reversed":false,"from_editor_v2":true,"is_editable":true,"original_sound":false,"has_sound":false,"recoub_to":null,"file_versions":{"html5":{"video":{"higher":{"url":"https://coub-anubis-a.akamaized.net/coub_storage/coub/simple/cw_file/2f112d4c7ca/10d2dfd166724460e50fe/muted_mp4_huge_size_1631087380_muted_huge.mp4","size":867542},"high":{"url":"https://coub-anubis-a.akamaized.net/coub_storage/coub/simple/cw_file/2f112d4c7ca/10d2dfd166724460e50fe/muted_mp4_big_size_1631087380_muted_big.mp4","size":435848},"med":{"url":"https://coub-anubis-a.akamaized.net/coub_storage/coub/simple/cw_file/2f112d4c7ca/10d2dfd166724460e50fe/muted_mp4_med_size_1631087380_muted_med.mp4","size":223035}},"audio":{"high":{"url":"https://coub-anubis-a.akamaized.net/coub_storage/coub/simple/cw_looped_audio_high/ec3794ddeeb/ac3752c427bffc3fd4e72/1631087391_mp3-high.mp3","size":1111975},"med":{"url":"https://coub-anubis-a.akamaized.net/coub_storage/coub/simple/cw_looped_audio_med/0e1809cdec7/cc85c7c8198b5c93839e3/1631087390_mp3-med.mp3","size":813567}}},"mobile":{"video":"https://coub-anubis-a.akamaized.net/coub_storage/coub/simple/cw_file/2f112d4c7ca/10d2dfd166724460e50fe/muted_mp4_med_size_1631087380_muted_med.mp4","audio":["https://coub-anubis-a.akamaized.net/coub_storage/coub/simple/cw_looped_audio_med/0e1809cdec7/cc85c7c8198b5c93839e3/1631087390_mp3-med.mp3"]},"share":{"default":"https://coub-anubis-a.akamaized.net/coub_storage/coub/simple/cw_video_for_sharing/0669a2b036f/37418aba71231d381da7f/1631087405_looped_1631087404.mp4"}},"audio_versions":{"template":"https://coub-anubis-a.akamaized.net/coub_storage/audio_track/cw_normalized_copy/d39d084fe6d/478ed65c3a57ed5d965ef/mid_1631087386_normalized_1631087382_3n3ubm_edited.mp3","versions":["mid","low"]},"image_versions":{"template":"https://coub-anubis-a.akamaized.net/coub_storage/coub/simple/cw_image/122a9be95a9/be77915352d5d3e26693f/%{version}_1631087393_00012.jpg","versions":["micro","tiny","age_restricted","ios_large","ios_mosaic","big","med","small","pinterest"]},"first_frame_versions":{"template":"https://coub-anubis-a.akamaized.net/coub_storage/coub/simple/cw_timeline_pic/42f314cae5e/c4cbb616ae5ba8ac619c3/%{version}_1631087392_image.jpg","versions":["big","med","small","ios_large"]},"dimensions":{"big":[1280,800],"med":[640,400]},"site_w_h":[640,400],"page_w_h":[640,400],"site_w_h_small":[310,194],"size":[1280,800],"age_restricted":false,"age_restricted_by_admin":false,"not_safe_for_work":null,"allow_reuse":false,"dont_crop":true,"banned":false,"global_safe":null,"audio_file_url":"https://coub-anubis-a.akamaized.net/coub_storage/audio_track/cw_normalized_copy/d39d084fe6d/478ed65c3a57ed5d965ef/low_1631087386_normalized_1631087382_3n3ubm_edited.mp3","external_download":false,"application":null,"channel":{"id":7486761,"permalink":"youpidor","title":"Nagao","description":null,"followers_count":7,"following_count":32,"avatar_versions":{"template":"https://coub-anubis-a.akamaized.net/coub_storage/channel/cw_avatar/5c57774eb6c/e1859ebe6894dd28c8523/%{version}_1638786527_cropped.jpeg","versions":["medium","medium_2x","profile_pic","profile_pic_new","profile_pic_new_2x","tiny","tiny_2x","small","small_2x","ios_large","ios_small"]}},"file":null,"picture":"https://coub-anubis-a.akamaized.net/coub_storage/coub/simple/cw_image/122a9be95a9/be77915352d5d3e26693f/med_1631087393_00012.jpg","timeline_picture":"https://coub-anubis-a.akamaized.net/coub_storage/coub/simple/cw_timeline_pic/42f314cae5e/c4cbb616ae5ba8ac619c3/ios_large_1631087392_image.jpg","small_picture":"https://coub-anubis-a.akamaized.net/coub_storage/coub/simple/cw_image/122a9be95a9/be77915352d5d3e26693f/ios_mosaic_1631087393_00012.jpg","sharing_picture":null,"percent_done":100,"tags":[{"id":35822,"title":"pixel art","value":"pixel%20art"},{"id":86,"title":"music","value":"music"},{"id":1869,"title":"lake","value":"lake"},{"id":3458,"title":"sunrise","value":"sunrise"},{"id":1094,"title":"nature","value":"nature"},{"id":217502,"title":"beautiful view","value":"beautiful%20view"}],"categories":[{"id":114,"title":"Live Pictures","permalink":"live-pictures","subscriptions_count":2028289,"big_image_url":"https://coub-anubis-a.akamaized.net/coub_storage/category/cw_image/6a781fee541/43bd1211431771697290d/big_1622039067_Live_pictures.png","small_image_url":"https://coub-anubis-a.akamaized.net/coub_storage/category/cw_image/6a781fee541/43bd1211431771697290d/small_1622039067_Live_pictures.png","med_image_url":"https://coub-anubis-a.akamaized.net/coub_storage/category/cw_image/6a781fee541/43bd1211431771697290d/med_1622039067_Live_pictures.png","visible":true}],"communities":[{"id":114,"title":"Live Pictures","permalink":"live-pictures","subscriptions_count":2028289,"big_image_url":"https://coub-anubis-a.akamaized.net/coub_storage/category/cw_image/6a781fee541/43bd1211431771697290d/big_1622039067_Live_pictures.png","small_image_url":"https://coub-anubis-a.akamaized.net/coub_storage/category/cw_image/6a781fee541/43bd1211431771697290d/small_1622039067_Live_pictures.png","med_image_url":"https://coub-anubis-a.akamaized.net/coub_storage/category/cw_image/6a781fee541/43bd1211431771697290d/med_1622039067_Live_pictures.png","i_subscribed":true,"community_notifications_enabled":null,"description":null}],"recoubs_count":21,"remixes_count":0,"likes_count":177,"dislikes_count":0,"raw_video_id":16752027,"uploaded_by_ios_app":false,"uploaded_by_android_app":false,"media_blocks":{"uploaded_raw_videos":[],"external_raw_videos":[],"remixed_from_coubs":[]},"raw_video_thumbnail_url":"https://coub-anubis-a.akamaized.net/coub_storage/raw_video/cw_image/ff5a9ac37c4/d5016a66a564c46946eda/coub_media_1631085294_image.jpg","raw_video_title":"RDT_20210908_0917295410077352116305453.gif","video_block_banned":false,"duration":3.64,"promo_winner":false,"promo_winner_recoubers":null,"editorial_info":{},"promo_hint":null,"beeline_best_2014":null,"from_web_editor":true,"normalize_sound":true,"normalize_change_allowed":true,"best2015_addable":false,"ahmad_promo":null,"promo_data":null,"audio_copyright_claim":null,"ads_disabled":null,"is_safe_for_ads":true,"megafon_contents":[],"position_on_page":5},{"flag":null,"abuses":null,"recoubs_by_users_channels":null,"favourite":false,"promoted_id":null,"recoub":null,"like":null,"dislike":null,"reaction":null,"in_my_best2015":false,"id":169784211,"type":"Coub::Simple","permalink":"2sql7c","title":"Talk About You","visibility_type":"public","original_visibility_type":"public","channel_id":4104046,"created_at":"2021-06-01T19:20:10Z","updated_at":"2022-02-24T09:54:13Z","is_done":true,"views_count":38148,"cotd":null,"cotd_at":null,"visible_on_explore_root":false,"visible_on_explore":false,"featured":false,"published":true,"published_at":"2021-06-01T19:20:10Z","reversed":false,"from_editor_v2":true,"is_editable":true,"original_sound":false,"has_sound":false,"recoub_to":null,"file_versions":{"html5":{"video":{"higher":{"url":"https://coub-anubis-a.akamaized.net/coub_storage/coub/simple/cw_file/f6f62460389/8a3810da919e8e87930b7/muted_mp4_huge_size_1622825423_muted_huge.mp4","size":155158},"high":{"url":"https://coub-anubis-a.akamaized.net/coub_storage/coub/simple/cw_file/f6f62460389/8a3810da919e8e87930b7/muted_mp4_big_size_1622825423_muted_big.mp4","size":101894},"med":{"url":"https://coub-anubis-a.akamaized.net/coub_storage/coub/simple/cw_file/f6f62460389/8a3810da919e8e87930b7/muted_mp4_med_size_1622825423_muted_med.mp4","size":37589}},"audio":{"high":{"url":"https://coub-anubis-a.akamaized.net/coub_storage/coub/simple/cw_looped_audio_high/ec487454c74/dd82ef6844473578def69/1622825442_mp3-high.mp3","size":1799492},"med":{"url":"https://coub-anubis-a.akamaized.net/coub_storage/coub/simple/cw_looped_audio_med/27a18333fcc/93c7d0d8a90bf806ae374/1622825440_mp3-med.mp3","size":1394865}}},"mobile":{"video":"https://coub-anubis-a.akamaized.net/coub_storage/coub/simple/cw_file/f6f62460389/8a3810da919e8e87930b7/muted_mp4_med_size_1622825423_muted_med.mp4","audio":["https://coub-anubis-a.akamaized.net/coub_storage/coub/simple/cw_looped_audio_med/27a18333fcc/93c7d0d8a90bf806ae374/1622825440_mp3-med.mp3"]},"share":{"default":"https://coub-anubis-a.akamaized.net/coub_storage/coub/simple/cw_video_for_sharing/e6d589de5c3/d83aa0986c73f6156886f/1622825456_looped_1622825455.mp4"}},"audio_versions":{"template":"https://coub-anubis-a.akamaized.net/coub_storage/audio_track/cw_normalized_copy/b81ae6e29cb/e1d468686e952e7960b50/mid_1622825434_normalized_1622825425_1wgzgxy_edited.mp3","versions":["mid","low"]},"image_versions":{"template":"https://coub-anubis-a.akamaized.net/coub_storage/coub/simple/cw_image/c35b5204bed/b9dc858c5172724e042b3/%{version}_1622825443_00006.jpg","versions":["micro","tiny","age_restricted","ios_large","ios_mosaic","big","med","small","pinterest"]},"first_frame_versions":{"template":"https://coub-anubis-a.akamaized.net/coub_storage/coub/simple/cw_timeline_pic/78fc60439a1/cd113ef91c49bad3f2fc4/%{version}_1622825443_image.jpg","versions":["big","med","small","ios_large"]},"dimensions":{"big":[676,960],"med":[338,480]},"site_w_h":[282,400],"page_w_h":[400,568],"site_w_h_small":[310,440],"size":[676,960],"age_restricted":false,"age_restricted_by_admin":false,"not_safe_for_work":null,"allow_reuse":false,"dont_crop":true,"banned":false,"global_safe":null,"audio_file_url":"https://coub-anubis-a.akamaized.net/coub_storage/audio_track/cw_normalized_copy/b81ae6e29cb/e1d468686e952e7960b50/low_1622825434_normalized_1622825425_1wgzgxy_edited.mp3","external_download":false,"application":null,"channel":{"id":4104046,"permalink":"lex00001","title":"Lexus","description":"P.S. Музыка из кубов вон в углу повесилась✌ жмякай 😎\r\nМой вк vk.com/lexa_go_1","followers_count":422,"following_count":9,"avatar_versions":{"template":"https://coub-anubis-a.akamaized.net/coub_storage/channel/cw_avatar/e045b33603a/1851c3330a7db05f7eb76/%{version}_1646930266_____________.png","versions":["medium","medium_2x","profile_pic","profile_pic_new","profile_pic_new_2x","tiny","tiny_2x","small","small_2x","ios_large","ios_small"]}},"file":null,"picture":"https://coub-anubis-a.akamaized.net/coub_storage/coub/simple/cw_image/c35b5204bed/b9dc858c5172724e042b3/med_1622825443_00006.jpg","timeline_picture":"https://coub-anubis-a.akamaized.net/coub_storage/coub/simple/cw_timeline_pic/78fc60439a1/cd113ef91c49bad3f2fc4/ios_large_1622825443_image.jpg","small_picture":"https://coub-anubis-a.akamaized.net/coub_storage/coub/simple/cw_image/c35b5204bed/b9dc858c5172724e042b3/ios_mosaic_1622825443_00006.jpg","sharing_picture":null,"percent_done":100,"tags":[],"categories":[{"id":114,"title":"Live Pictures","permalink":"live-pictures","subscriptions_count":2028289,"big_image_url":"https://coub-anubis-a.akamaized.net/coub_storage/category/cw_image/6a781fee541/43bd1211431771697290d/big_1622039067_Live_pictures.png","small_image_url":"https://coub-anubis-a.akamaized.net/coub_storage/category/cw_image/6a781fee541/43bd1211431771697290d/small_1622039067_Live_pictures.png","med_image_url":"https://coub-anubis-a.akamaized.net/coub_storage/category/cw_image/6a781fee541/43bd1211431771697290d/med_1622039067_Live_pictures.png","visible":true}],"communities":[{"id":114,"title":"Live Pictures","permalink":"live-pictures","subscriptions_count":2028289,"big_image_url":"https://coub-anubis-a.akamaized.net/coub_storage/category/cw_image/6a781fee541/43bd1211431771697290d/big_1622039067_Live_pictures.png","small_image_url":"https://coub-anubis-a.akamaized.net/coub_storage/category/cw_image/6a781fee541/43bd1211431771697290d/small_1622039067_Live_pictures.png","med_image_url":"https://coub-anubis-a.akamaized.net/coub_storage/category/cw_image/6a781fee541/43bd1211431771697290d/med_1622039067_Live_pictures.png","i_subscribed":true,"community_notifications_enabled":null,"description":null}],"recoubs_count":40,"remixes_count":1,"likes_count":177,"dislikes_count":0,"raw_video_id":16492433,"uploaded_by_ios_app":false,"uploaded_by_android_app":false,"media_blocks":{"uploaded_raw_videos":[],"external_raw_videos":[],"remixed_from_coubs":[]},"raw_video_thumbnail_url":"https://coub-anubis-a.akamaized.net/coub_storage/raw_video/cw_image/e317a717fb9/3ecb11a6f9b9b10f6ee15/coub_media_1622575017_image.jpg","raw_video_title":"original.gif","video_block_banned":false,"duration":1.68,"promo_winner":false,"promo_winner_recoubers":null,"editorial_info":{},"promo_hint":null,"beeline_best_2014":null,"from_web_editor":true,"normalize_sound":true,"normalize_change_allowed":true,"best2015_addable":false,"ahmad_promo":null,"promo_data":null,"audio_copyright_claim":null,"ads_disabled":null,"is_safe_for_ads":true,"megafon_contents":[],"position_on_page":6},{"flag":null,"abuses":null,"recoubs_by_users_channels":null,"favourite":false,"promoted_id":null,"recoub":null,"like":null,"dislike":null,"reaction":null,"in_my_best2015":false,"id":160957284,"type":"Coub::Simple","permalink":"2nhe91","title":"Spellman","visibility_type":"public","original_visibility_type":"public","channel_id":4164153,"created_at":"2021-01-01T23:28:35Z","updated_at":"2022-02-03T20:07:13Z","is_done":true,"views_count":45984,"cotd":null,"cotd_at":null,"visible_on_explore_root":true,"visible_on_explore":true,"featured":true,"published":true,"published_at":"2021-01-02T04:18:46Z","reversed":false,"from_editor_v2":true,"is_editable":true,"original_sound":false,"has_sound":false,"recoub_to":null,"file_versions":{"html5":{"video":{"higher":{"url":"https://coub-anubis-a.akamaized.net/coub_storage/coub/simple/cw_file/0317921618f/401d1b54b00b3d863521b/muted_mp4_huge_size_1609546015_muted_huge.mp4","size":373132},"high":{"url":"https://coub-anubis-a.akamaized.net/coub_storage/coub/simple/cw_file/0317921618f/401d1b54b00b3d863521b/muted_mp4_big_size_1609546015_muted_big.mp4","size":324065},"med":{"url":"https://coub-anubis-a.akamaized.net/coub_storage/coub/simple/cw_file/0317921618f/401d1b54b00b3d863521b/muted_mp4_med_size_1609546015_muted_med.mp4","size":39554}},"audio":{"high":{"url":"https://coub-anubis-a.akamaized.net/coub_storage/coub/simple/cw_looped_audio_high/61b6c91e3e1/935bfb585dadf2d9a2806/1609546029_mp3-high.mp3","size":3067406},"med":{"url":"https://coub-anubis-a.akamaized.net/coub_storage/coub/simple/cw_looped_audio_med/91f1cb707b3/b3b956d783a9b4ca263c4/1609546026_mp3-med.mp3","size":2099282}}},"mobile":{"video":"https://coub-anubis-a.akamaized.net/coub_storage/coub/simple/cw_file/0317921618f/401d1b54b00b3d863521b/muted_mp4_med_size_1609546015_muted_med.mp4","audio":["https://coub-anubis-a.akamaized.net/coub_storage/coub/simple/cw_looped_audio_med/91f1cb707b3/b3b956d783a9b4ca263c4/1609546026_mp3-med.mp3"]},"share":{"default":"https://coub-anubis-a.akamaized.net/coub_storage/coub/simple/cw_video_for_sharing/40661ddc0dd/966e249058ed78f386c22/1609546046_looped_1609546046.mp4"}},"audio_versions":{"template":"https://coub-anubis-a.akamaized.net/coub_storage/audio_track/cw_file/927032ba464/5f7068f8cae2a5d2ab346/mid_1609545976_audio.mp3","versions":["mid","low"]},"image_versions":{"template":"https://coub-anubis-a.akamaized.net/coub_storage/coub/simple/cw_image/d44b33a86bd/e94a627bd5e923f9f7172/%{version}_1609546031_00006.jpg","versions":["micro","tiny","age_restricted","ios_large","ios_mosaic","big","med","small","pinterest"]},"first_frame_versions":{"template":"https://coub-anubis-a.akamaized.net/coub_storage/coub/simple/cw_timeline_pic/eb828cb6b8a/8f31bf78391d8d2a6cf90/%{version}_1609546031_image.jpg","versions":["big","med","small","ios_large"]},"dimensions":{"big":[1280,580],"med":[640,290]},"site_w_h":[640,290],"page_w_h":[640,290],"site_w_h_small":[310,140],"size":[1280,580],"age_restricted":false,"age_restricted_by_admin":false,"not_safe_for_work":false,"allow_reuse":false,"dont_crop":true,"banned":false,"global_safe":true,"audio_file_url":"https://coub-anubis-a.akamaized.net/coub_storage/audio_track/cw_file/927032ba464/5f7068f8cae2a5d2ab346/low_1609545976_audio.mp3","external_download":false,"application":null,"channel":{"id":4164153,"permalink":"marvellous","title":"Marvellous","description":"to be continued | inst | evgenyarsenev","followers_count":4707,"following_count":245,"avatar_versions":{"template":"https://coub-anubis-a.akamaized.net/coub_storage/channel/cw_avatar/29011479e7a/df7efaed0f59e34f0e7fe/%{version}_1613046345_tumblr_543745393924121cea52aee7c55aa1c7_cd6121cd_250.png","versions":["medium","medium_2x","profile_pic","profile_pic_new","profile_pic_new_2x","tiny","tiny_2x","small","small_2x","ios_large","ios_small"]}},"file":null,"picture":"https://coub-anubis-a.akamaized.net/coub_storage/coub/simple/cw_image/d44b33a86bd/e94a627bd5e923f9f7172/med_1609546031_00006.jpg","timeline_picture":"https://coub-anubis-a.akamaized.net/coub_storage/coub/simple/cw_timeline_pic/eb828cb6b8a/8f31bf78391d8d2a6cf90/ios_large_1609546031_image.jpg","small_picture":"https://coub-anubis-a.akamaized.net/coub_storage/coub/simple/cw_image/d44b33a86bd/e94a627bd5e923f9f7172/ios_mosaic_1609546031_00006.jpg","sharing_picture":null,"percent_done":100,"tags":[{"id":4397785,"title":"леденящие душу приключения сабрины","value":"%D0%BB%D0%B5%D0%B4%D0%B5%D0%BD%D1%8F%D1%89%D0%B8%D0%B5%20%D0%B4%D1%83%D1%88%D1%83%20%D0%BF%D1%80%D0%B8%D0%BA%D0%BB%D1%8E%D1%87%D0%B5%D0%BD%D0%B8%D1%8F%20%D1%81%D0%B0%D0%B1%D1%80%D0%B8%D0%BD%D1%8B"},{"id":4249795,"title":"chilling adventures of sabrina","value":"chilling%20adventures%20of%20sabrina"},{"id":4397786,"title":"кирнан шипка","value":"%D0%BA%D0%B8%D1%80%D0%BD%D0%B0%D0%BD%20%D1%88%D0%B8%D0%BF%D0%BA%D0%B0"},{"id":274073,"title":"kiernan shipka","value":"kiernan%20shipka"},{"id":52069,"title":"netflix","value":"netflix"},{"id":1148705,"title":"netflix and chill","value":"netflix%20and%20chill"},{"id":49603,"title":"cinemagraph","value":"cinemagraph"},{"id":379284,"title":"cinemagraphs","value":"cinemagraphs"},{"id":467,"title":"night","value":"night"},{"id":2761960,"title":"sabrina spellman","value":"sabrina%20spellman"},{"id":318,"title":"sabrina","value":"sabrina"},{"id":6085776,"title":"brillion. imagiro - arrival","value":"brillion.%20imagiro%20-%20arrival"},{"id":8992,"title":"tv series","value":"tv%20series"}],"categories":[{"id":114,"title":"Live Pictures","permalink":"live-pictures","subscriptions_count":2028289,"big_image_url":"https://coub-anubis-a.akamaized.net/coub_storage/category/cw_image/6a781fee541/43bd1211431771697290d/big_1622039067_Live_pictures.png","small_image_url":"https://coub-anubis-a.akamaized.net/coub_storage/category/cw_image/6a781fee541/43bd1211431771697290d/small_1622039067_Live_pictures.png","med_image_url":"https://coub-anubis-a.akamaized.net/coub_storage/category/cw_image/6a781fee541/43bd1211431771697290d/med_1622039067_Live_pictures.png","visible":true}],"communities":[{"id":114,"title":"Live Pictures","permalink":"live-pictures","subscriptions_count":2028289,"big_image_url":"https://coub-anubis-a.akamaized.net/coub_storage/category/cw_image/6a781fee541/43bd1211431771697290d/big_1622039067_Live_pictures.png","small_image_url":"https://coub-anubis-a.akamaized.net/coub_storage/category/cw_image/6a781fee541/43bd1211431771697290d/small_1622039067_Live_pictures.png","med_image_url":"https://coub-anubis-a.akamaized.net/coub_storage/category/cw_image/6a781fee541/43bd1211431771697290d/med_1622039067_Live_pictures.png","i_subscribed":true,"community_notifications_enabled":null,"description":null}],"recoubs_count":43,"remixes_count":0,"likes_count":177,"dislikes_count":0,"raw_video_id":16028194,"uploaded_by_ios_app":false,"uploaded_by_android_app":false,"media_blocks":{"uploaded_raw_videos":[],"external_raw_videos":[],"remixed_from_coubs":[]},"raw_video_thumbnail_url":"/missing/missing.png","raw_video_title":"Chilling.Adventures.Of.Sabrina.S04E01.WEB-DLRip.1080p.IdeaFilm__1___1___1_.mp4","video_block_banned":false,"duration":1.84,"promo_winner":false,"promo_winner_recoubers":null,"editorial_info":{},"promo_hint":null,"beeline_best_2014":null,"from_web_editor":true,"normalize_sound":false,"normalize_change_allowed":true,"best2015_addable":false,"ahmad_promo":null,"promo_data":null,"audio_copyright_claim":null,"ads_disabled":false,"is_safe_for_ads":true,"megafon_contents":[],"position_on_page":7},{"flag":null,"abuses":null,"recoubs_by_users_channels":null,"favourite":false,"promoted_id":null,"recoub":null,"like":null,"dislike":null,"reaction":null,"in_my_best2015":false,"id":144258232,"type":"Coub::Simple","permalink":"2djh2b","title":"This place for us (cover by Swow) ","visibility_type":"public","original_visibility_type":"public","channel_id":2683072,"created_at":"2020-05-06T22:58:31Z","updated_at":"2021-09-21T19:55:09Z","is_done":true,"views_count":31654,"cotd":null,"cotd_at":null,"visible_on_explore_root":false,"visible_on_explore":false,"featured":false,"published":true,"published_at":"2020-05-06T23:00:39Z","reversed":false,"from_editor_v2":true,"is_editable":true,"original_sound":false,"has_sound":false,"recoub_to":null,"file_versions":{"html5":{"video":{"higher":{"url":"https://coub-anubis-a.akamaized.net/coub_storage/coub/simple/cw_file/e44d85b68b7/6e0b6774f16e83d7c14ab/muted_mp4_huge_size_1588805918_muted_huge.mp4","size":1691616},"high":{"url":"https://coub-anubis-a.akamaized.net/coub_storage/coub/simple/cw_file/e44d85b68b7/6e0b6774f16e83d7c14ab/muted_mp4_big_size_1588805918_muted_big.mp4","size":857615},"med":{"url":"https://coub-anubis-a.akamaized.net/coub_storage/coub/simple/cw_file/e44d85b68b7/6e0b6774f16e83d7c14ab/muted_mp4_med_size_1588805918_muted_med.mp4","size":206982}},"audio":{"high":{"url":"https://coub-anubis-a.akamaized.net/coub_storage/coub/simple/cw_looped_audio_high/ea232b987f7/ccd93b6b9f5a44a76fcb5/1605692490_high_1588805942_high.mp3","size":3250379},"med":{"url":"https://coub-anubis-a.akamaized.net/coub_storage/coub/simple/cw_looped_audio_med/82906ad4d9f/6dc4c3de7f9af1d67ec2a/1605692490_med_1588805942_med.mp3","size":3077253}}},"mobile":{"video":"https://coub-anubis-a.akamaized.net/coub_storage/coub/simple/cw_file/e44d85b68b7/6e0b6774f16e83d7c14ab/muted_mp4_med_size_1588805918_muted_med.mp4","audio":["https://coub-anubis-a.akamaized.net/coub_storage/coub/simple/cw_looped_audio_med/82906ad4d9f/6dc4c3de7f9af1d67ec2a/1605692490_med_1588805942_med.mp3"]},"share":{"default":"https://coub-anubis-a.akamaized.net/coub_storage/coub/simple/cw_video_for_sharing/036cb012a99/c9e2215322cb3257908ef/1622802135_looped_1622802134.mp4"}},"audio_versions":{"template":"https://coub-anubis-a.akamaized.net/coub_storage/audio_track/cw_file/5d3814d9bf3/6f750d6c03ee090b7e4e6/mid_1588805922_jkki7a_edited.mp3","versions":["mid","low"]},"image_versions":{"template":"https://coub-anubis-a.akamaized.net/coub_storage/coub/simple/cw_image/4d416050170/1905c5c27137a74321aad/1588805954_00031.jpg","versions":["micro","tiny","age_restricted","ios_large","ios_mosaic","big","med","small","pinterest"]},"first_frame_versions":{"template":"https://coub-anubis-a.akamaized.net/coub_storage/coub/simple/cw_timeline_pic/a9684c346d4/50995e0f023985dc93b9a/%{version}_1588805953_image.jpg","versions":["big","med","small","ios_large"]},"dimensions":{"big":[960,960],"med":[480,480]},"site_w_h":[400,400],"page_w_h":[400,400],"site_w_h_small":[310,310],"size":[960,960],"age_restricted":false,"age_restricted_by_admin":false,"not_safe_for_work":false,"allow_reuse":false,"dont_crop":true,"banned":false,"global_safe":true,"audio_file_url":"https://coub-anubis-a.akamaized.net/coub_storage/audio_track/cw_file/5d3814d9bf3/6f750d6c03ee090b7e4e6/low_1588805922_jkki7a_edited.mp3","external_download":false,"application":null,"channel":{"id":2683072,"permalink":"swow.production","title":"Swow🌱","description":null,"followers_count":998,"following_count":154,"avatar_versions":{"template":"https://coub-anubis-a.akamaized.net/coub_storage/channel/cw_avatar/1fef901cf4f/89337488ce0e9a165bd1c/%{version}_1607421648_ibj138_1544358905____.jpg","versions":["medium","medium_2x","profile_pic","profile_pic_new","profile_pic_new_2x","tiny","tiny_2x","small","small_2x","ios_large","ios_small"]}},"file":null,"picture":"https://coub-anubis-a.akamaized.net/coub_storage/coub/simple/cw_image/4d416050170/1905c5c27137a74321aad/1588805954_00031.jpg","timeline_picture":"https://coub-anubis-a.akamaized.net/coub_storage/coub/simple/cw_timeline_pic/a9684c346d4/50995e0f023985dc93b9a/ios_large_1588805953_image.jpg","small_picture":"https://coub-anubis-a.akamaized.net/coub_storage/coub/simple/cw_image/4d416050170/1905c5c27137a74321aad/1588805954_00031.jpg","sharing_picture":null,"percent_done":100,"tags":[{"id":5645769,"title":"for my darling","value":"for%20my%20darling"},{"id":3072,"title":"art","value":"art"},{"id":49603,"title":"cinemagraph","value":"cinemagraph"},{"id":379284,"title":"cinemagraphs","value":"cinemagraphs"},{"id":5358070,"title":"the weeknd - blinding lights","value":"the%20weeknd%20-%20blinding%20lights"},{"id":5645768,"title":"cover by swow","value":"cover%20by%20swow"},{"id":2645116,"title":"swow","value":"swow"}],"categories":[{"id":114,"title":"Live Pictures","permalink":"live-pictures","subscriptions_count":2028289,"big_image_url":"https://coub-anubis-a.akamaized.net/coub_storage/category/cw_image/6a781fee541/43bd1211431771697290d/big_1622039067_Live_pictures.png","small_image_url":"https://coub-anubis-a.akamaized.net/coub_storage/category/cw_image/6a781fee541/43bd1211431771697290d/small_1622039067_Live_pictures.png","med_image_url":"https://coub-anubis-a.akamaized.net/coub_storage/category/cw_image/6a781fee541/43bd1211431771697290d/med_1622039067_Live_pictures.png","visible":true}],"communities":[{"id":114,"title":"Live Pictures","permalink":"live-pictures","subscriptions_count":2028289,"big_image_url":"https://coub-anubis-a.akamaized.net/coub_storage/category/cw_image/6a781fee541/43bd1211431771697290d/big_1622039067_Live_pictures.png","small_image_url":"https://coub-anubis-a.akamaized.net/coub_storage/category/cw_image/6a781fee541/43bd1211431771697290d/small_1622039067_Live_pictures.png","med_image_url":"https://coub-anubis-a.akamaized.net/coub_storage/category/cw_image/6a781fee541/43bd1211431771697290d/med_1622039067_Live_pictures.png","i_subscribed":true,"community_notifications_enabled":null,"description":null}],"recoubs_count":44,"remixes_count":2,"likes_count":177,"dislikes_count":0,"raw_video_id":15185909,"uploaded_by_ios_app":false,"uploaded_by_android_app":false,"media_blocks":{"uploaded_raw_videos":[],"external_raw_videos":[],"remixed_from_coubs":[]},"raw_video_thumbnail_url":"/missing/missing.png","raw_video_title":"main_2.mp4","video_block_banned":false,"duration":9.64,"promo_winner":false,"promo_winner_recoubers":null,"editorial_info":{},"promo_hint":null,"beeline_best_2014":null,"from_web_editor":true,"normalize_sound":false,"normalize_change_allowed":true,"best2015_addable":false,"ahmad_promo":null,"promo_data":null,"audio_copyright_claim":null,"ads_disabled":false,"is_safe_for_ads":true,"megafon_contents":[],"position_on_page":8},{"flag":null,"abuses":null,"recoubs_by_users_channels":null,"favourite":false,"promoted_id":null,"recoub":null,"like":null,"dislike":null,"reaction":null,"in_my_best2015":false,"id":74667061,"type":"Coub::Simple","permalink":"181cok","title":"Black Lake","visibility_type":"public","original_visibility_type":"public","channel_id":3967412,"created_at":"2018-05-17T11:41:38Z","updated_at":"2022-03-08T14:36:30Z","is_done":true,"views_count":4722,"cotd":null,"cotd_at":null,"visible_on_explore_root":false,"visible_on_explore":false,"featured":false,"published":true,"published_at":"2018-05-17T11:41:38Z","reversed":false,"from_editor_v2":true,"is_editable":true,"original_sound":false,"has_sound":false,"recoub_to":null,"file_versions":{"html5":{"video":{"higher":{"url":"https://coub-anubis-a.akamaized.net/coub_storage/coub/simple/cw_file/98a9ef20725/83dd611dd8848a7ff848f/muted_mp4_huge_size_1575165255_muted_huge.mp4","size":893110},"high":{"url":"https://coub-anubis-a.akamaized.net/coub_storage/coub/simple/cw_file/98a9ef20725/83dd611dd8848a7ff848f/muted_mp4_big_size_1575165255_muted_big.mp4","size":798266},"med":{"url":"https://coub-anubis-a.akamaized.net/coub_storage/coub/simple/cw_file/98a9ef20725/83dd611dd8848a7ff848f/muted_mp4_med_size_1575165255_muted_med.mp4","size":151975}},"audio":{"high":{"url":"https://coub-anubis-a.akamaized.net/coub_storage/coub/simple/cw_looped_audio_high/f0bc394475f/7e08a77e3ab50840d866a/1605653182_high_1526557384_high.mp3","size":9962353},"med":{"url":"https://coub-anubis-a.akamaized.net/coub_storage/coub/simple/cw_looped_audio_med/aa30799e19b/7bd37d57dceec0293cf15/1605653180_med_1526557384_med.mp3","size":7256217}}},"mobile":{"video":"https://coub-anubis-a.akamaized.net/coub_storage/coub/simple/cw_file/98a9ef20725/83dd611dd8848a7ff848f/muted_mp4_med_size_1575165255_muted_med.mp4","audio":["https://coub-anubis-a.akamaized.net/coub_storage/coub/simple/cw_looped_audio_med/aa30799e19b/7bd37d57dceec0293cf15/1605653180_med_1526557384_med.mp3"]},"share":{"default":"https://coub-anubis-a.akamaized.net/coub_storage/coub/simple/cw_video_for_sharing/bebcd717af0/a7bc993c882794e1f0f5a/1609920511_looped_1609920510.mp4"}},"audio_versions":{"template":"https://coub-anubis-a.akamaized.net/coub_storage/audio_track/cw_normalized_copy/a581f4a9849/93822269ccdf8f4db1950/mid_1526557355_pzvulz_normalized_1526557315_1q1nbib_edited.mp3","versions":["mid","low"]},"image_versions":{"template":"https://coub-anubis-a.akamaized.net/coub_storage/coub/simple/cw_image/2a4ba386a01/4ac6558a55965497f1e2f/1526557411_00007.jpg","versions":["micro","tiny","age_restricted","ios_large","ios_mosaic","big","med","small","pinterest"]},"first_frame_versions":{"template":"https://coub-anubis-a.akamaized.net/coub_storage/coub/simple/cw_timeline_pic/2485a44e4d9/31905cc72de771fa48669/%{version}_1526557411_image.jpg","versions":["big","med","small","ios_large"]},"dimensions":{"big":[1280,544],"med":[640,272]},"site_w_h":[640,272],"page_w_h":[640,272],"site_w_h_small":[310,132],"size":[1280,544],"age_restricted":false,"age_restricted_by_admin":false,"not_safe_for_work":false,"allow_reuse":false,"dont_crop":false,"banned":false,"global_safe":true,"audio_file_url":"https://coub-anubis-a.akamaized.net/coub_storage/audio_track/cw_normalized_copy/a581f4a9849/93822269ccdf8f4db1950/low_1526557355_pzvulz_normalized_1526557315_1q1nbib_edited.mp3","external_download":false,"application":null,"channel":{"id":3967412,"permalink":"waxtown0","title":"WaxTown","description":"hi i am waxtown my vidioblog  ᴡᴡᴡⴰwaxtown.okobt.ru","followers_count":7501,"following_count":2165,"avatar_versions":{"template":"https://coub-anubis-a.akamaized.net/coub_storage/channel/cw_avatar/45c170ba165/331dd4d5a030f36af5f5a/%{version}_1607432472_c0rs7z_1513254562_Logo.png","versions":["medium","medium_2x","profile_pic","profile_pic_new","profile_pic_new_2x","tiny","tiny_2x","small","small_2x","ios_large","ios_small"]}},"file":null,"picture":"https://coub-anubis-a.akamaized.net/coub_storage/coub/simple/cw_image/2a4ba386a01/4ac6558a55965497f1e2f/1526557411_00007.jpg","timeline_picture":"https://coub-anubis-a.akamaized.net/coub_storage/coub/simple/cw_timeline_pic/2485a44e4d9/31905cc72de771fa48669/ios_large_1526557411_image.jpg","small_picture":"https://coub-anubis-a.akamaized.net/coub_storage/coub/simple/cw_image/2a4ba386a01/4ac6558a55965497f1e2f/1526557411_00007.jpg","sharing_picture":null,"percent_done":100,"tags":[{"id":2736,"title":"moby","value":"moby"},{"id":151238,"title":"everloving","value":"everloving"},{"id":379284,"title":"cinemagraphs","value":"cinemagraphs"},{"id":1869,"title":"lake","value":"lake"},{"id":26736,"title":"gifs","value":"gifs"},{"id":168,"title":"loop","value":"loop"}],"categories":[{"id":114,"title":"Live Pictures","permalink":"live-pictures","subscriptions_count":2028289,"big_image_url":"https://coub-anubis-a.akamaized.net/coub_storage/category/cw_image/6a781fee541/43bd1211431771697290d/big_1622039067_Live_pictures.png","small_image_url":"https://coub-anubis-a.akamaized.net/coub_storage/category/cw_image/6a781fee541/43bd1211431771697290d/small_1622039067_Live_pictures.png","med_image_url":"https://coub-anubis-a.akamaized.net/coub_storage/category/cw_image/6a781fee541/43bd1211431771697290d/med_1622039067_Live_pictures.png","visible":true}],"communities":[{"id":114,"title":"Live Pictures","permalink":"live-pictures","subscriptions_count":2028289,"big_image_url":"https://coub-anubis-a.akamaized.net/coub_storage/category/cw_image/6a781fee541/43bd1211431771697290d/big_1622039067_Live_pictures.png","small_image_url":"https://coub-anubis-a.akamaized.net/coub_storage/category/cw_image/6a781fee541/43bd1211431771697290d/small_1622039067_Live_pictures.png","med_image_url":"https://coub-anubis-a.akamaized.net/coub_storage/category/cw_image/6a781fee541/43bd1211431771697290d/med_1622039067_Live_pictures.png","i_subscribed":true,"community_notifications_enabled":null,"description":null}],"recoubs_count":19,"remixes_count":0,"likes_count":177,"dislikes_count":0,"raw_video_id":11711391,"uploaded_by_ios_app":false,"uploaded_by_android_app":false,"media_blocks":{"uploaded_raw_videos":[],"external_raw_videos":[],"remixed_from_coubs":[]},"raw_video_thumbnail_url":"/missing/missing.png","raw_video_title":"Lake_BandWfinal.gif","video_block_banned":false,"duration":2.0,"promo_winner":false,"promo_winner_recoubers":null,"editorial_info":{},"promo_hint":null,"beeline_best_2014":null,"from_web_editor":true,"normalize_sound":true,"normalize_change_allowed":true,"best2015_addable":false,"ahmad_promo":null,"promo_data":null,"audio_copyright_claim":null,"ads_disabled":false,"is_safe_for_ads":true,"megafon_contents":[],"position_on_page":9},{"flag":null,"abuses":null,"recoubs_by_users_channels":null,"favourite":false,"promoted_id":null,"recoub":null,"like":null,"dislike":null,"reaction":null,"in_my_best2015":false,"id":50991608,"type":"Coub::Simple","permalink":"twsay","title":"Wandering ☮","visibility_type":"public","original_visibility_type":"public","channel_id":3009505,"created_at":"2017-05-03T15:30:09Z","updated_at":"2021-11-09T12:39:46Z","is_done":true,"views_count":19544,"cotd":null,"cotd_at":null,"visible_on_explore_root":false,"visible_on_explore":false,"featured":false,"published":true,"published_at":"2017-05-03T15:30:09Z","reversed":false,"from_editor_v2":true,"is_editable":true,"original_sound":false,"has_sound":false,"recoub_to":null,"file_versions":{"html5":{"video":{"higher":{"url":"https://coub-anubis-a.akamaized.net/coub_storage/coub/simple/cw_file/a1c0437fd9a/4a1872f89507dd2eb0165/muted_mp4_huge_size_1568108843_muted_huge.mp4","size":617892},"high":{"url":"https://coub-anubis-a.akamaized.net/coub_storage/coub/simple/cw_file/a1c0437fd9a/4a1872f89507dd2eb0165/muted_mp4_big_size_1568108843_muted_big.mp4","size":508937},"med":{"url":"https://coub-anubis-a.akamaized.net/coub_storage/coub/simple/cw_file/a1c0437fd9a/4a1872f89507dd2eb0165/muted_mp4_med_size_1568108843_muted_med.mp4","size":135640}},"audio":{"high":{"url":"https://coub-anubis-a.akamaized.net/coub_storage/coub/simple/cw_looped_audio_high/cae9fef384b/157e8bbb0fb580f55276a/1605595907_high_1493825435_high.mp3","size":2624694},"med":{"url":"https://coub-anubis-a.akamaized.net/coub_storage/coub/simple/cw_looped_audio_med/13365dad397/c6654a3de03bd449e8690/1605595906_med_1493825435_med.mp3","size":2492397}}},"mobile":{"video":"https://coub-anubis-a.akamaized.net/coub_storage/coub/simple/cw_file/a1c0437fd9a/4a1872f89507dd2eb0165/muted_mp4_med_size_1568108843_muted_med.mp4","audio":["https://coub-anubis-a.akamaized.net/coub_storage/coub/simple/cw_looped_audio_med/13365dad397/c6654a3de03bd449e8690/1605595906_med_1493825435_med.mp3"]},"share":{"default":"https://coub-anubis-a.akamaized.net/coub_storage/coub/simple/cw_video_for_sharing/d1a3ce0ce80/71d253ca7f2627c870178/1614671604_looped_1614671603.mp4"}},"audio_versions":{"template":"https://coub-anubis-a.akamaized.net/coub_storage/audio_track/cw_file/cda43bd2cc0/f9dd8bde66a565676fb44/mid_1493825419_1fafqb4_edited.mp3","versions":["mid","low"]},"image_versions":{"template":"https://coub-anubis-a.akamaized.net/coub_storage/coub/simple/cw_image/c9161735866/3d1bb5b4f044827679c16/1493825441_00018.jpg","versions":["micro","tiny","age_restricted","ios_large","ios_mosaic","big","med","small","pinterest"]},"first_frame_versions":{"template":"https://coub-anubis-a.akamaized.net/coub_storage/coub/simple/cw_timeline_pic/c9161735866/3d1bb5b4f044827679c16/%{version}_1493825441_image.jpg","versions":["big","med","small","ios_large"]},"dimensions":{"big":[1280,720],"med":[640,360]},"site_w_h":[640,360],"page_w_h":[640,360],"site_w_h_small":[310,174],"size":[1280,720],"age_restricted":false,"age_restricted_by_admin":false,"not_safe_for_work":null,"allow_reuse":false,"dont_crop":false,"banned":false,"global_safe":true,"audio_file_url":"https://coub-anubis-a.akamaized.net/coub_storage/audio_track/cw_file/cda43bd2cc0/f9dd8bde66a565676fb44/low_1493825419_1fafqb4_edited.mp3","external_download":false,"application":null,"channel":{"id":3009505,"permalink":"some.anime","title":"𝓜𝓪𝓼𝓪𝓶𝓾𝓷𝓮 ☮","description":"Remains","followers_count":1107,"following_count":0,"avatar_versions":{"template":"https://coub-anubis-a.akamaized.net/coub_storage/channel/cw_avatar/31e704e822f/ed944e613d3aec9c18002/%{version}_1607606873_118mjcw_1510753554_u.png","versions":["medium","medium_2x","profile_pic","profile_pic_new","profile_pic_new_2x","tiny","tiny_2x","small","small_2x","ios_large","ios_small"]}},"file":null,"picture":"https://coub-anubis-a.akamaized.net/coub_storage/coub/simple/cw_image/c9161735866/3d1bb5b4f044827679c16/1493825441_00018.jpg","timeline_picture":"https://coub-anubis-a.akamaized.net/coub_storage/coub/simple/cw_timeline_pic/c9161735866/3d1bb5b4f044827679c16/ios_large_1493825441_image.jpg","small_picture":"https://coub-anubis-a.akamaized.net/coub_storage/coub/simple/cw_image/c9161735866/3d1bb5b4f044827679c16/1493825441_00018.jpg","sharing_picture":null,"percent_done":100,"tags":[{"id":2966475,"title":"anigame1","value":"anigame1"},{"id":78958,"title":"paprika","value":"paprika"},{"id":1558,"title":"film","value":"film"},{"id":165,"title":"anime","value":"anime"}],"categories":[{"id":114,"title":"Live Pictures","permalink":"live-pictures","subscriptions_count":2028289,"big_image_url":"https://coub-anubis-a.akamaized.net/coub_storage/category/cw_image/6a781fee541/43bd1211431771697290d/big_1622039067_Live_pictures.png","small_image_url":"https://coub-anubis-a.akamaized.net/coub_storage/category/cw_image/6a781fee541/43bd1211431771697290d/small_1622039067_Live_pictures.png","med_image_url":"https://coub-anubis-a.akamaized.net/coub_storage/category/cw_image/6a781fee541/43bd1211431771697290d/med_1622039067_Live_pictures.png","visible":true}],"communities":[{"id":114,"title":"Live Pictures","permalink":"live-pictures","subscriptions_count":2028289,"big_image_url":"https://coub-anubis-a.akamaized.net/coub_storage/category/cw_image/6a781fee541/43bd1211431771697290d/big_1622039067_Live_pictures.png","small_image_url":"https://coub-anubis-a.akamaized.net/coub_storage/category/cw_image/6a781fee541/43bd1211431771697290d/small_1622039067_Live_pictures.png","med_image_url":"https://coub-anubis-a.akamaized.net/coub_storage/category/cw_image/6a781fee541/43bd1211431771697290d/med_1622039067_Live_pictures.png","i_subscribed":true,"community_notifications_enabled":null,"description":null}],"recoubs_count":48,"remixes_count":1,"likes_count":177,"dislikes_count":0,"raw_video_id":9563651,"uploaded_by_ios_app":false,"uploaded_by_android_app":false,"media_blocks":{"uploaded_raw_videos":[],"external_raw_videos":[],"remixed_from_coubs":[]},"raw_video_thumbnail_url":"/missing/missing.png","raw_video_title":"____________.mp4","video_block_banned":false,"duration":5.44,"promo_winner":false,"promo_winner_recoubers":null,"editorial_info":{},"promo_hint":null,"beeline_best_2014":null,"from_web_editor":true,"normalize_sound":false,"normalize_change_allowed":true,"best2015_addable":false,"ahmad_promo":null,"promo_data":null,"audio_copyright_claim":null,"ads_disabled":null,"is_safe_for_ads":true,"megafon_contents":[],"position_on_page":10}]}