{"page":366,"per_page":10,"total_pages":500,"coubs":[{"flag":null,"abuses":null,"recoubs_by_users_channels":null,"favourite":false,"promoted_id":null,"recoub":null,"like":null,"dislike":null,"reaction":null,"in_my_best2015":false,"id":126056871,"type":"Coub::Simple","permalink":"22nuo9","title":"Happy baby","visibility_type":"public","original_visibility_type":"public","channel_id":2058850,"created_at":"2019-10-11T09:34:59Z","updated_at":"2022-03-12T13:05:27Z","is_done":true,"views_count":72925,"cotd":null,"cotd_at":null,"visible_on_explore_root":false,"visible_on_explore":false,"featured":false,"published":true,"published_at":"2019-10-11T09:34:59Z","reversed":false,"from_editor_v2":true,"is_editable":true,"original_sound":false,"has_sound":false,"recoub_to":null,"file_versions":{"html5":{"video":{"higher":{"url":"https://coub-anubis-a.akamaized.net/coub_storage/coub/simple/cw_file/f9c436def73/dd18d8cc1449e2f1fe4fd/muted_mp4_huge_size_1570786510_muted_huge.mp4","size":4420405},"high":{"url":"https://coub-anubis-a.akamaized.net/coub_storage/coub/simple/cw_file/f9c436def73/dd18d8cc1449e2f1fe4fd/muted_mp4_big_size_1570786510_muted_big.mp4","size":3208369},"med":{"url":"https://coub-anubis-a.akamaized.net/coub_storage/coub/simple/cw_file/f9c436def73/dd18d8cc1449e2f1fe4fd/muted_mp4_med_size_1570786510_muted_med.mp4","size":991213}},"audio":{"high":{"url":"https://coub-anubis-a.akamaized.net/coub_storage/coub/simple/cw_looped_audio_high/42646304f16/dad0fb9942882106e7c80/1605693237_high_1570786520_high.mp3","size":1501977},"med":{"url":"https://coub-anubis-a.akamaized.net/coub_storage/coub/simple/cw_looped_audio_med/dd73358d623/1652efb89f61468c9ffff/1605693237_med_1570786520_med.mp3","size":1090663}}},"mobile":{"video":"https://coub-anubis-a.akamaized.net/coub_storage/coub/simple/cw_file/f9c436def73/dd18d8cc1449e2f1fe4fd/muted_mp4_med_size_1570786510_muted_med.mp4","audio":["https://coub-anubis-a.akamaized.net/coub_storage/coub/simple/cw_looped_audio_med/dd73358d623/1652efb89f61468c9ffff/1605693237_med_1570786520_med.mp3"]},"share":{"default":"https://coub-anubis-a.akamaized.net/coub_storage/coub/simple/cw_video_for_sharing/8b617a9fdfb/49fc289b77c00f2a11fa9/1611444876_looped_1611444875.mp4"}},"audio_versions":{"template":"https://coub-anubis-a.akamaized.net/coub_storage/audio_track/cw_normalized_copy/59149335bf1/d1fd23fe83542927a461c/mid_1583114092_normalized_1570786344_audio.mp3","versions":["mid","low"]},"image_versions":{"template":"https://coub-anubis-a.akamaized.net/coub_storage/coub/simple/cw_image/54e63954058/ef9d402d2c91bf9ad4dc3/1570786529_00030.jpg","versions":["micro","tiny","age_restricted","ios_large","ios_mosaic","big","med","small","pinterest"]},"first_frame_versions":{"template":"https://coub-anubis-a.akamaized.net/coub_storage/coub/simple/cw_timeline_pic/89ad49d785f/b6da3bce380d75d7c91a1/1570786528_image.jpg","versions":["big","med","small","ios_large"]},"dimensions":{"big":[1280,720],"med":[640,360]},"site_w_h":[640,360],"page_w_h":[640,360],"site_w_h_small":[310,174],"size":[1280,720],"age_restricted":false,"age_restricted_by_admin":false,"not_safe_for_work":false,"allow_reuse":false,"dont_crop":false,"banned":false,"global_safe":true,"audio_file_url":"https://coub-anubis-a.akamaized.net/coub_storage/audio_track/cw_normalized_copy/59149335bf1/d1fd23fe83542927a461c/low_1583114092_normalized_1570786344_audio.mp3","external_download":false,"application":null,"channel":{"id":2058850,"permalink":"praskur84","title":"MiP","description":null,"followers_count":23,"following_count":16,"avatar_versions":{"template":"https://coub-anubis-a.akamaized.net/coub_storage/channel/cw_avatar/652d8c03df8/7cbc66f6de48fe4de257d/%{version}_1608938684_18fcdoe_1474692541_1r9rreb_16067947.jpg","versions":["medium","medium_2x","profile_pic","profile_pic_new","profile_pic_new_2x","tiny","tiny_2x","small","small_2x","ios_large","ios_small"]}},"file":null,"picture":"https://coub-anubis-a.akamaized.net/coub_storage/coub/simple/cw_image/54e63954058/ef9d402d2c91bf9ad4dc3/1570786529_00030.jpg","timeline_picture":"https://coub-anubis-a.akamaized.net/coub_storage/coub/simple/cw_timeline_pic/89ad49d785f/b6da3bce380d75d7c91a1/1570786528_image.jpg","small_picture":"https://coub-anubis-a.akamaized.net/coub_storage/coub/simple/cw_image/54e63954058/ef9d402d2c91bf9ad4dc3/1570786529_00030.jpg","sharing_picture":null,"percent_done":100,"tags":[{"id":182,"title":"dance","value":"dance"},{"id":4217,"title":"booty","value":"booty"},{"id":4442,"title":"model","value":"model"},{"id":183,"title":"girl","value":"girl"},{"id":367,"title":"hot","value":"hot"},{"id":5246655,"title":"nevedimka","value":"nevedimka"}],"categories":[{"id":77,"title":"Dance","permalink":"dance","subscriptions_count":10085450,"big_image_url":"https://coub-anubis-a.akamaized.net/coub_storage/category/cw_image/d7afb96f274/3e8dad0b674f8605556f2/big_1545567838_Dance.png","small_image_url":"https://coub-anubis-a.akamaized.net/coub_storage/category/cw_image/d7afb96f274/3e8dad0b674f8605556f2/small_1545567838_Dance.png","med_image_url":"https://coub-anubis-a.akamaized.net/coub_storage/category/cw_image/d7afb96f274/3e8dad0b674f8605556f2/med_1545567838_Dance.png","visible":true}],"communities":[{"id":77,"title":"Dance","permalink":"dance","subscriptions_count":10085450,"big_image_url":"https://coub-anubis-a.akamaized.net/coub_storage/category/cw_image/d7afb96f274/3e8dad0b674f8605556f2/big_1545567838_Dance.png","small_image_url":"https://coub-anubis-a.akamaized.net/coub_storage/category/cw_image/d7afb96f274/3e8dad0b674f8605556f2/small_1545567838_Dance.png","med_image_url":"https://coub-anubis-a.akamaized.net/coub_storage/category/cw_image/d7afb96f274/3e8dad0b674f8605556f2/med_1545567838_Dance.png","i_subscribed":true,"community_notifications_enabled":null,"description":null}],"recoubs_count":137,"remixes_count":3,"likes_count":794,"dislikes_count":0,"raw_video_id":"","uploaded_by_ios_app":false,"uploaded_by_android_app":false,"media_blocks":{"uploaded_raw_videos":[],"external_raw_videos":[],"remixed_from_coubs":[{"id":32513051,"title":"Iskra - bestie (without product placement)","url":"https://coub.com/coubs/1xnu7a/remix","image":"https://coub-anubis-a.akamaized.net/coub_storage/media_block/cw_image/19a0665b1fc/674bffbdf3da43684462f/1562853905_1wcws5t_1562853892_00030.jpg","image_retina":"https://coub-anubis-a.akamaized.net/coub_storage/media_block/cw_image/19a0665b1fc/674bffbdf3da43684462f/1562853905_1wcws5t_1562853892_00030.jpg","meta":{"duration":"9.4"},"duration":null,"coub_channel_title":"DeepMind","coub_channel_permalink":"deepmind","coub_views_count":112399,"coub_permalink":"1xnu7a"}]},"raw_video_thumbnail_url":"","raw_video_title":"","video_block_banned":false,"duration":9.4,"promo_winner":false,"promo_winner_recoubers":null,"editorial_info":{},"promo_hint":null,"beeline_best_2014":null,"from_web_editor":true,"normalize_sound":true,"normalize_change_allowed":true,"best2015_addable":false,"ahmad_promo":null,"promo_data":null,"audio_copyright_claim":null,"ads_disabled":false,"is_safe_for_ads":true,"megafon_contents":[],"position_on_page":1},{"flag":null,"abuses":null,"recoubs_by_users_channels":null,"favourite":false,"promoted_id":null,"recoub":null,"like":null,"dislike":null,"reaction":null,"in_my_best2015":false,"id":106353035,"type":"Coub::Simple","permalink":"1qwvtm","title":"welcome to the club now","visibility_type":"public","original_visibility_type":"public","channel_id":3792716,"created_at":"2019-03-23T06:49:36Z","updated_at":"2022-03-07T10:43:15Z","is_done":true,"views_count":64193,"cotd":null,"cotd_at":null,"visible_on_explore_root":false,"visible_on_explore":false,"featured":false,"published":true,"published_at":"2019-03-23T06:49:36Z","reversed":false,"from_editor_v2":true,"is_editable":true,"original_sound":false,"has_sound":false,"recoub_to":null,"file_versions":{"html5":{"video":{"higher":{"url":"https://coub-anubis-a.akamaized.net/coub_storage/coub/simple/cw_file/c026ccd30ab/e1696f07085c1ed9c38d9/muted_mp4_huge_size_1570303614_muted_huge.mp4","size":2154073},"high":{"url":"https://coub-anubis-a.akamaized.net/coub_storage/coub/simple/cw_file/c026ccd30ab/e1696f07085c1ed9c38d9/muted_mp4_big_size_1570303614_muted_big.mp4","size":1535899},"med":{"url":"https://coub-anubis-a.akamaized.net/coub_storage/coub/simple/cw_file/c026ccd30ab/e1696f07085c1ed9c38d9/muted_mp4_med_size_1570303614_muted_med.mp4","size":523282}},"audio":{"high":{"url":"https://coub-anubis-a.akamaized.net/coub_storage/coub/simple/cw_looped_audio_high/7e609901e10/e29b3db71b6deb4596cd0/1605679430_high_1553323811_high.mp3","size":3857777},"med":{"url":"https://coub-anubis-a.akamaized.net/coub_storage/coub/simple/cw_looped_audio_med/845cf00b513/a1eca8a8bd08ec1d53bc8/1605679429_med_1553323811_med.mp3","size":2848944}}},"mobile":{"video":"https://coub-anubis-a.akamaized.net/coub_storage/coub/simple/cw_file/c026ccd30ab/e1696f07085c1ed9c38d9/muted_mp4_med_size_1570303614_muted_med.mp4","audio":["https://coub-anubis-a.akamaized.net/coub_storage/coub/simple/cw_looped_audio_med/845cf00b513/a1eca8a8bd08ec1d53bc8/1605679429_med_1553323811_med.mp3"]},"share":{"default":"https://coub-anubis-a.akamaized.net/coub_storage/coub/simple/cw_video_for_sharing/f6c9b429e42/2c87813a57757dede7caf/1610479562_looped_1610479561.mp4"}},"audio_versions":{"template":"https://coub-anubis-a.akamaized.net/coub_storage/audio_track/cw_normalized_copy/25dcda5bba6/294a777768e89eb0913d0/mid_1558777821_normalized_1553323342_audio.mp3","versions":["mid","low"]},"image_versions":{"template":"https://coub-anubis-a.akamaized.net/coub_storage/coub/simple/cw_image/d3fe102db37/3322aabc5a6f327099256/1553323825_00017.jpg","versions":["micro","tiny","age_restricted","ios_large","ios_mosaic","big","med","small","pinterest"]},"first_frame_versions":{"template":"https://coub-anubis-a.akamaized.net/coub_storage/coub/simple/cw_timeline_pic/cf1fb87c711/b57f2ab99627702c94312/%{version}_1553323825_image.jpg","versions":["big","med","small","ios_large"]},"dimensions":{"big":[1280,940],"med":[640,470]},"site_w_h":[640,470],"page_w_h":[640,470],"site_w_h_small":[310,228],"size":[1280,940],"age_restricted":false,"age_restricted_by_admin":false,"not_safe_for_work":false,"allow_reuse":false,"dont_crop":false,"banned":false,"global_safe":true,"audio_file_url":"https://coub-anubis-a.akamaized.net/coub_storage/audio_track/cw_normalized_copy/25dcda5bba6/294a777768e89eb0913d0/low_1558777821_normalized_1553323342_audio.mp3","external_download":false,"application":null,"channel":{"id":3792716,"permalink":"night-rise","title":"Night Rise","description":null,"followers_count":48,"following_count":5,"avatar_versions":{"template":"https://coub-anubis-a.akamaized.net/coub_storage/channel/cw_avatar/9b430e36c82/04cf991692abf9d3c0898/%{version}_1607653200_tjjyva_1549392647_Z5qAMyP5gGk.jpg","versions":["medium","medium_2x","profile_pic","profile_pic_new","profile_pic_new_2x","tiny","tiny_2x","small","small_2x","ios_large","ios_small"]}},"file":null,"picture":"https://coub-anubis-a.akamaized.net/coub_storage/coub/simple/cw_image/d3fe102db37/3322aabc5a6f327099256/1553323825_00017.jpg","timeline_picture":"https://coub-anubis-a.akamaized.net/coub_storage/coub/simple/cw_timeline_pic/cf1fb87c711/b57f2ab99627702c94312/ios_large_1553323825_image.jpg","small_picture":"https://coub-anubis-a.akamaized.net/coub_storage/coub/simple/cw_image/d3fe102db37/3322aabc5a6f327099256/1553323825_00017.jpg","sharing_picture":null,"percent_done":100,"tags":[{"id":182,"title":"dance","value":"dance"},{"id":86,"title":"music","value":"music"},{"id":165,"title":"anime","value":"anime"},{"id":29487,"title":"kawaii","value":"kawaii"},{"id":249,"title":"танцы","value":"%D1%82%D0%B0%D0%BD%D1%86%D1%8B"},{"id":164,"title":"аниме","value":"%D0%B0%D0%BD%D0%B8%D0%BC%D0%B5"}],"categories":[{"id":77,"title":"Dance","permalink":"dance","subscriptions_count":10085450,"big_image_url":"https://coub-anubis-a.akamaized.net/coub_storage/category/cw_image/d7afb96f274/3e8dad0b674f8605556f2/big_1545567838_Dance.png","small_image_url":"https://coub-anubis-a.akamaized.net/coub_storage/category/cw_image/d7afb96f274/3e8dad0b674f8605556f2/small_1545567838_Dance.png","med_image_url":"https://coub-anubis-a.akamaized.net/coub_storage/category/cw_image/d7afb96f274/3e8dad0b674f8605556f2/med_1545567838_Dance.png","visible":true}],"communities":[{"id":77,"title":"Dance","permalink":"dance","subscriptions_count":10085450,"big_image_url":"https://coub-anubis-a.akamaized.net/coub_storage/category/cw_image/d7afb96f274/3e8dad0b674f8605556f2/big_1545567838_Dance.png","small_image_url":"https://coub-anubis-a.akamaized.net/coub_storage/category/cw_image/d7afb96f274/3e8dad0b674f8605556f2/small_1545567838_Dance.png","med_image_url":"https://coub-anubis-a.akamaized.net/coub_storage/category/cw_image/d7afb96f274/3e8dad0b674f8605556f2/med_1545567838_Dance.png","i_subscribed":true,"community_notifications_enabled":null,"description":null}],"recoubs_count":135,"remixes_count":2,"likes_count":794,"dislikes_count":0,"raw_video_id":13422853,"uploaded_by_ios_app":false,"uploaded_by_android_app":false,"media_blocks":{"uploaded_raw_videos":[],"external_raw_videos":[],"remixed_from_coubs":[]},"raw_video_thumbnail_url":"/missing/missing.png","raw_video_title":"black_and_white_1.mp4","video_block_banned":false,"duration":5.12,"promo_winner":false,"promo_winner_recoubers":null,"editorial_info":{},"promo_hint":null,"beeline_best_2014":null,"from_web_editor":true,"normalize_sound":true,"normalize_change_allowed":true,"best2015_addable":false,"ahmad_promo":null,"promo_data":null,"audio_copyright_claim":null,"ads_disabled":false,"is_safe_for_ads":true,"megafon_contents":[],"position_on_page":2},{"flag":null,"abuses":null,"recoubs_by_users_channels":null,"favourite":false,"promoted_id":null,"recoub":null,"like":null,"dislike":null,"reaction":null,"in_my_best2015":false,"id":178203853,"type":"Coub::Simple","permalink":"2xr1vz","title":"Bj Haru Hai Phút Hơn","visibility_type":"public","original_visibility_type":"public","channel_id":2126872,"created_at":"2021-11-06T15:31:54Z","updated_at":"2022-03-17T11:28:18Z","is_done":true,"views_count":77576,"cotd":null,"cotd_at":null,"visible_on_explore_root":false,"visible_on_explore":false,"featured":false,"published":true,"published_at":"2021-11-06T16:49:54Z","reversed":false,"from_editor_v2":true,"is_editable":true,"original_sound":false,"has_sound":false,"recoub_to":null,"file_versions":{"html5":{"video":{"higher":{"url":"https://coub-anubis-a.akamaized.net/coub_storage/coub/simple/cw_file/8fa0f2858f2/3eb3f74ee1cf168718642/muted_mp4_huge_size_1636217073_muted_huge.mp4","size":1428902},"high":{"url":"https://coub-anubis-a.akamaized.net/coub_storage/coub/simple/cw_file/8fa0f2858f2/3eb3f74ee1cf168718642/muted_mp4_big_size_1636217073_muted_big.mp4","size":893607},"med":{"url":"https://coub-anubis-a.akamaized.net/coub_storage/coub/simple/cw_file/8fa0f2858f2/3eb3f74ee1cf168718642/muted_mp4_med_size_1636217073_muted_med.mp4","size":299968}},"audio":{"high":{"url":"https://coub-anubis-a.akamaized.net/coub_storage/coub/simple/cw_looped_audio_high/78eb179fcce/4803f0e5071442aebe008/1636217080_mp3-high.mp3","size":1135368},"med":{"url":"https://coub-anubis-a.akamaized.net/coub_storage/coub/simple/cw_looped_audio_med/6b21c21a161/2b62f4c2dd29e420b7132/1636217080_mp3-med.mp3","size":783647}}},"mobile":{"video":"https://coub-anubis-a.akamaized.net/coub_storage/coub/simple/cw_file/8fa0f2858f2/3eb3f74ee1cf168718642/muted_mp4_med_size_1636217073_muted_med.mp4","audio":["https://coub-anubis-a.akamaized.net/coub_storage/coub/simple/cw_looped_audio_med/6b21c21a161/2b62f4c2dd29e420b7132/1636217080_mp3-med.mp3"]},"share":{"default":"https://coub-anubis-a.akamaized.net/coub_storage/coub/simple/cw_video_for_sharing/c19e06e8000/a5522bc6fd111a30121d0/1636217101_looped_1636217099.mp4"}},"audio_versions":{"template":"https://coub-anubis-a.akamaized.net/coub_storage/audio_track/cw_file/4363870f620/8ae845a2ffe59e2f8f2d8/mid_1636217074_14ix17u_edited.mp3","versions":["mid","low"]},"image_versions":{"template":"https://coub-anubis-a.akamaized.net/coub_storage/coub/simple/cw_image/8408d14cabc/9320a063ddb7d71d7baf1/%{version}_1636217083_00031.jpg","versions":["micro","tiny","age_restricted","ios_large","ios_mosaic","big","med","small","pinterest"]},"first_frame_versions":{"template":"https://coub-anubis-a.akamaized.net/coub_storage/coub/simple/cw_timeline_pic/61f3d3de080/a154fe32cd2c7cf1327c6/%{version}_1636217083_image.jpg","versions":["big","med","small","ios_large"]},"dimensions":{"big":[538,960],"med":[268,480]},"site_w_h":[224,400],"page_w_h":[400,714],"site_w_h_small":[310,553],"size":[538,960],"age_restricted":false,"age_restricted_by_admin":false,"not_safe_for_work":false,"allow_reuse":false,"dont_crop":true,"banned":false,"global_safe":null,"audio_file_url":"https://coub-anubis-a.akamaized.net/coub_storage/audio_track/cw_file/4363870f620/8ae845a2ffe59e2f8f2d8/low_1636217074_14ix17u_edited.mp3","external_download":false,"application":null,"channel":{"id":2126872,"permalink":"thescvaer","title":"ScvaeR ツ","description":"My Telegram channel: t.me/girl_hot_dance","followers_count":5749,"following_count":2,"avatar_versions":{"template":"https://coub-anubis-a.akamaized.net/coub_storage/channel/cw_avatar/9659e29fd1d/0fa03e6a730ab6f538073/%{version}_1607421256_1p8zq1q_1588700948_avatar.jpg","versions":["medium","medium_2x","profile_pic","profile_pic_new","profile_pic_new_2x","tiny","tiny_2x","small","small_2x","ios_large","ios_small"]}},"file":null,"picture":"https://coub-anubis-a.akamaized.net/coub_storage/coub/simple/cw_image/8408d14cabc/9320a063ddb7d71d7baf1/med_1636217083_00031.jpg","timeline_picture":"https://coub-anubis-a.akamaized.net/coub_storage/coub/simple/cw_timeline_pic/61f3d3de080/a154fe32cd2c7cf1327c6/ios_large_1636217083_image.jpg","small_picture":"https://coub-anubis-a.akamaized.net/coub_storage/coub/simple/cw_image/8408d14cabc/9320a063ddb7d71d7baf1/ios_mosaic_1636217083_00031.jpg","sharing_picture":null,"percent_done":100,"tags":[{"id":6559944,"title":"song: 2 phút hơn kaiz remix pháo","value":"song:%202%20ph%C3%BAt%20h%C6%A1n%20kaiz%20remix%20ph%C3%A1o"},{"id":6017167,"title":"hai phút hơn","value":"hai%20ph%C3%BAt%20h%C6%A1n"},{"id":182,"title":"dance","value":"dance"},{"id":4212,"title":"korean","value":"korean"},{"id":7399,"title":"asian","value":"asian"},{"id":183,"title":"girl","value":"girl"},{"id":4784858,"title":"kbj dance","value":"kbj%20dance"},{"id":5745866,"title":"zero two dance","value":"zero%20two%20dance"},{"id":1832734,"title":"zero two","value":"zero%20two"},{"id":4501599,"title":"kbj","value":"kbj"},{"id":1282864,"title":"afreecatv","value":"afreecatv"}],"categories":[{"id":77,"title":"Dance","permalink":"dance","subscriptions_count":10085450,"big_image_url":"https://coub-anubis-a.akamaized.net/coub_storage/category/cw_image/d7afb96f274/3e8dad0b674f8605556f2/big_1545567838_Dance.png","small_image_url":"https://coub-anubis-a.akamaized.net/coub_storage/category/cw_image/d7afb96f274/3e8dad0b674f8605556f2/small_1545567838_Dance.png","med_image_url":"https://coub-anubis-a.akamaized.net/coub_storage/category/cw_image/d7afb96f274/3e8dad0b674f8605556f2/med_1545567838_Dance.png","visible":true}],"communities":[{"id":77,"title":"Dance","permalink":"dance","subscriptions_count":10085450,"big_image_url":"https://coub-anubis-a.akamaized.net/coub_storage/category/cw_image/d7afb96f274/3e8dad0b674f8605556f2/big_1545567838_Dance.png","small_image_url":"https://coub-anubis-a.akamaized.net/coub_storage/category/cw_image/d7afb96f274/3e8dad0b674f8605556f2/small_1545567838_Dance.png","med_image_url":"https://coub-anubis-a.akamaized.net/coub_storage/category/cw_image/d7afb96f274/3e8dad0b674f8605556f2/med_1545567838_Dance.png","i_subscribed":true,"community_notifications_enabled":null,"description":null}],"recoubs_count":157,"remixes_count":1,"likes_count":793,"dislikes_count":0,"raw_video_id":16902233,"uploaded_by_ios_app":false,"uploaded_by_android_app":false,"media_blocks":{"uploaded_raw_videos":[],"external_raw_videos":[],"remixed_from_coubs":[]},"raw_video_thumbnail_url":"https://coub-anubis-a.akamaized.net/coub_storage/raw_video/cw_image/df5bc85ca8c/10011fac0a7542b642213/coub_media_1636209589_image.jpg","raw_video_title":"vid21-1_2_.mp4","video_block_banned":false,"duration":9.8,"promo_winner":false,"promo_winner_recoubers":null,"editorial_info":{},"promo_hint":null,"beeline_best_2014":null,"from_web_editor":true,"normalize_sound":false,"normalize_change_allowed":true,"best2015_addable":false,"ahmad_promo":null,"promo_data":null,"audio_copyright_claim":null,"ads_disabled":false,"is_safe_for_ads":true,"megafon_contents":[],"position_on_page":3},{"flag":null,"abuses":null,"recoubs_by_users_channels":null,"favourite":false,"promoted_id":null,"recoub":null,"like":null,"dislike":null,"reaction":null,"in_my_best2015":false,"id":175834723,"type":"Coub::Simple","permalink":"2wc9uh","title":"Epic Boys Dance in Schoolyard","visibility_type":"public","original_visibility_type":"public","channel_id":3578765,"created_at":"2021-09-20T20:59:28Z","updated_at":"2022-03-18T02:39:34Z","is_done":true,"views_count":68295,"cotd":null,"cotd_at":null,"visible_on_explore_root":false,"visible_on_explore":false,"featured":false,"published":true,"published_at":"2021-09-20T20:59:28Z","reversed":false,"from_editor_v2":true,"is_editable":true,"original_sound":true,"has_sound":true,"recoub_to":null,"file_versions":{"html5":{"video":{"higher":{"url":"https://coub-anubis-a.akamaized.net/coub_storage/coub/simple/cw_file/e88c60afdf3/5abecbf58a514c2371767/muted_mp4_huge_size_1632171572_muted_huge.mp4","size":3123395},"high":{"url":"https://coub-anubis-a.akamaized.net/coub_storage/coub/simple/cw_file/e88c60afdf3/5abecbf58a514c2371767/muted_mp4_big_size_1632171572_muted_big.mp4","size":1956586},"med":{"url":"https://coub-anubis-a.akamaized.net/coub_storage/coub/simple/cw_file/e88c60afdf3/5abecbf58a514c2371767/muted_mp4_med_size_1632171572_muted_med.mp4","size":690477}},"audio":{"high":{"url":"https://coub-anubis-a.akamaized.net/coub_storage/coub/simple/cw_looped_audio_high/17cbea5c062/e8ec368739e10166b23df/1632171573_mp3-high.mp3","size":805126},"med":{"url":"https://coub-anubis-a.akamaized.net/coub_storage/coub/simple/cw_looped_audio_med/f477af2fbbd/33cf2b86d09410e48f5c2/1632171572_mp3-med.mp3","size":789924},"sample_duration":10.008}},"mobile":{"video":"https://coub-anubis-a.akamaized.net/coub_storage/coub/simple/cw_file/e88c60afdf3/5abecbf58a514c2371767/muted_mp4_med_size_1632171572_muted_med.mp4","audio":["https://coub-anubis-a.akamaized.net/coub_storage/coub/simple/cw_looped_audio_med/f477af2fbbd/33cf2b86d09410e48f5c2/1632171572_mp3-med.mp3"]},"share":{"default":"https://coub-anubis-a.akamaized.net/coub_storage/coub/simple/cw_video_for_sharing/1392e8c5444/59962e0585f0f34009e25/1632171617_looped_1632171616.mp4"}},"audio_versions":{},"image_versions":{"template":"https://coub-anubis-a.akamaized.net/coub_storage/coub/simple/cw_image/88eacb577b5/87c46aa94c1cef2dfdec0/%{version}_1632171579_00032.jpg","versions":["micro","tiny","age_restricted","ios_large","ios_mosaic","big","med","small","pinterest"]},"first_frame_versions":{"template":"https://coub-anubis-a.akamaized.net/coub_storage/coub/simple/cw_timeline_pic/490799064f3/b7d06b38b17cb1b42f2c8/%{version}_1632171579_image.jpg","versions":["big","med","small","ios_large"]},"dimensions":{"big":[1280,714],"med":[640,356]},"site_w_h":[640,357],"page_w_h":[640,357],"site_w_h_small":[310,173],"size":[1280,714],"age_restricted":false,"age_restricted_by_admin":false,"not_safe_for_work":null,"allow_reuse":false,"dont_crop":true,"banned":false,"global_safe":null,"audio_file_url":null,"external_download":{"type":"Youtube","service_name":"YouTube","url":"https://youtu.be/xsExn4R4b0M","has_embed":true},"application":null,"channel":{"id":3578765,"permalink":"jinquie0","title":"Jinquie","description":null,"followers_count":21,"following_count":6,"avatar_versions":{"template":"https://coub-anubis-a.akamaized.net/coub_storage/channel/cw_avatar/c6110ac8310/801b6748a0a098c409d20/%{version}_1609439636_dvsw7j_1494762830_gf7upu_367791698.jpg","versions":["medium","medium_2x","profile_pic","profile_pic_new","profile_pic_new_2x","tiny","tiny_2x","small","small_2x","ios_large","ios_small"]}},"file":null,"picture":"https://coub-anubis-a.akamaized.net/coub_storage/coub/simple/cw_image/88eacb577b5/87c46aa94c1cef2dfdec0/med_1632171579_00032.jpg","timeline_picture":"https://coub-anubis-a.akamaized.net/coub_storage/coub/simple/cw_timeline_pic/490799064f3/b7d06b38b17cb1b42f2c8/ios_large_1632171579_image.jpg","small_picture":"https://coub-anubis-a.akamaized.net/coub_storage/coub/simple/cw_image/88eacb577b5/87c46aa94c1cef2dfdec0/ios_mosaic_1632171579_00032.jpg","sharing_picture":null,"percent_done":100,"tags":[{"id":4213679,"title":"dancin krono remix aaron smith","value":"dancin%20krono%20remix%20aaron%20smith"},{"id":182,"title":"dance","value":"dance"},{"id":810,"title":"school","value":"school"},{"id":2079424,"title":"ricardo milos","value":"ricardo%20milos"}],"categories":[{"id":77,"title":"Dance","permalink":"dance","subscriptions_count":10085450,"big_image_url":"https://coub-anubis-a.akamaized.net/coub_storage/category/cw_image/d7afb96f274/3e8dad0b674f8605556f2/big_1545567838_Dance.png","small_image_url":"https://coub-anubis-a.akamaized.net/coub_storage/category/cw_image/d7afb96f274/3e8dad0b674f8605556f2/small_1545567838_Dance.png","med_image_url":"https://coub-anubis-a.akamaized.net/coub_storage/category/cw_image/d7afb96f274/3e8dad0b674f8605556f2/med_1545567838_Dance.png","visible":true}],"communities":[{"id":77,"title":"Dance","permalink":"dance","subscriptions_count":10085450,"big_image_url":"https://coub-anubis-a.akamaized.net/coub_storage/category/cw_image/d7afb96f274/3e8dad0b674f8605556f2/big_1545567838_Dance.png","small_image_url":"https://coub-anubis-a.akamaized.net/coub_storage/category/cw_image/d7afb96f274/3e8dad0b674f8605556f2/small_1545567838_Dance.png","med_image_url":"https://coub-anubis-a.akamaized.net/coub_storage/category/cw_image/d7afb96f274/3e8dad0b674f8605556f2/med_1545567838_Dance.png","i_subscribed":true,"community_notifications_enabled":null,"description":null}],"recoubs_count":150,"remixes_count":0,"likes_count":793,"dislikes_count":0,"raw_video_id":16280648,"uploaded_by_ios_app":false,"uploaded_by_android_app":false,"media_blocks":{"uploaded_raw_videos":[],"external_raw_videos":[{"id":38461289,"title":"Epic Boys Dance in Schoolyard","url":"https://www.youtube.com/watch?v=xsExn4R4b0M","image":"https://coub-anubis-a.akamaized.net/coub_storage/media_block/cw_image/13a9c68e4ac/0322b7518429139881c9a/video_1616342429_cotfd4_1616342420_1616342420_1ntn3mk_att-url-download.jpg_sqp_-oaymwEcCNACELwBSFXyq4qpAw4IARUAAIhCGAFwAcABBg___rs_AOn4CLCmQSuEHlTHlOWKSpENHX1ZhbwlXg","image_retina":"https://coub-anubis-a.akamaized.net/coub_storage/media_block/cw_image/13a9c68e4ac/0322b7518429139881c9a/video_retina_1616342429_cotfd4_1616342420_1616342420_1ntn3mk_att-url-download.jpg_sqp_-oaymwEcCNACELwBSFXyq4qpAw4IARUAAIhCGAFwAcABBg___rs_AOn4CLCmQSuEHlTHlOWKSpENHX1ZhbwlXg","meta":{"service":"Youtube","duration":"51.44"},"duration":51.44,"raw_video_id":16280648,"has_embed":true}],"remixed_from_coubs":[],"external_video":{"id":38461289,"title":"Epic Boys Dance in Schoolyard","url":"https://www.youtube.com/watch?v=xsExn4R4b0M","image":"https://coub-anubis-a.akamaized.net/coub_storage/media_block/cw_image/13a9c68e4ac/0322b7518429139881c9a/video_1616342429_cotfd4_1616342420_1616342420_1ntn3mk_att-url-download.jpg_sqp_-oaymwEcCNACELwBSFXyq4qpAw4IARUAAIhCGAFwAcABBg___rs_AOn4CLCmQSuEHlTHlOWKSpENHX1ZhbwlXg","image_retina":"https://coub-anubis-a.akamaized.net/coub_storage/media_block/cw_image/13a9c68e4ac/0322b7518429139881c9a/video_retina_1616342429_cotfd4_1616342420_1616342420_1ntn3mk_att-url-download.jpg_sqp_-oaymwEcCNACELwBSFXyq4qpAw4IARUAAIhCGAFwAcABBg___rs_AOn4CLCmQSuEHlTHlOWKSpENHX1ZhbwlXg","meta":{"service":"Youtube","duration":"51.44"},"duration":51.44,"raw_video_id":16280648,"has_embed":true}},"raw_video_thumbnail_url":"https://coub-anubis-a.akamaized.net/coub_storage/raw_video/cw_image/c3f05329176/af161ebfa9d17e7ce83ab/coub_media_1616342420_1616342420_1ntn3mk_att-url-download.jpg_sqp_-oaymwEcCNACELwBSFXyq4qpAw4IARUAAIhCGAFwAcABBg___rs_AOn4CLCmQSuEHlTHlOWKSpENHX1ZhbwlXg","raw_video_title":"Epic Boys Dance in Schoolyard","video_block_banned":false,"duration":10.0,"promo_winner":false,"promo_winner_recoubers":null,"editorial_info":{},"promo_hint":null,"beeline_best_2014":null,"from_web_editor":true,"normalize_sound":true,"normalize_change_allowed":true,"best2015_addable":false,"ahmad_promo":null,"promo_data":null,"audio_copyright_claim":null,"ads_disabled":null,"is_safe_for_ads":true,"megafon_contents":[],"position_on_page":4},{"flag":null,"abuses":null,"recoubs_by_users_channels":null,"favourite":false,"promoted_id":null,"recoub":null,"like":null,"dislike":null,"reaction":null,"in_my_best2015":false,"id":94906522,"type":"Coub::Simple","permalink":"1k3jkm","title":"shuffle","visibility_type":"public","original_visibility_type":"public","channel_id":449008,"created_at":"2018-12-19T00:14:48Z","updated_at":"2021-07-02T15:55:10Z","is_done":true,"views_count":52056,"cotd":null,"cotd_at":null,"visible_on_explore_root":false,"visible_on_explore":false,"featured":false,"published":true,"published_at":"2018-12-19T00:14:48Z","reversed":false,"from_editor_v2":true,"is_editable":true,"original_sound":false,"has_sound":false,"recoub_to":null,"file_versions":{"html5":{"video":{"higher":{"url":"https://coub-anubis-a.akamaized.net/coub_storage/coub/simple/cw_file/cfd215ca1ab/3de3b63681270880fdef1/muted_mp4_huge_size_1570529759_muted_huge.mp4","size":6670430},"high":{"url":"https://coub-anubis-a.akamaized.net/coub_storage/coub/simple/cw_file/cfd215ca1ab/3de3b63681270880fdef1/muted_mp4_big_size_1570529759_muted_big.mp4","size":4714091},"med":{"url":"https://coub-anubis-a.akamaized.net/coub_storage/coub/simple/cw_file/cfd215ca1ab/3de3b63681270880fdef1/muted_mp4_med_size_1570529759_muted_med.mp4","size":1703154}},"audio":{"high":{"url":"https://coub-anubis-a.akamaized.net/coub_storage/coub/simple/cw_looped_audio_high/4aae20d1788/accef3937ccec62708946/1605662121_high_1545178507_high.mp3","size":1123577},"med":{"url":"https://coub-anubis-a.akamaized.net/coub_storage/coub/simple/cw_looped_audio_med/aa58beb49b1/acdcd6acddb3d486eb175/1605662121_med_1545178507_med.mp3","size":795536}}},"mobile":{"video":"https://coub-anubis-a.akamaized.net/coub_storage/coub/simple/cw_file/cfd215ca1ab/3de3b63681270880fdef1/muted_mp4_med_size_1570529759_muted_med.mp4","audio":["https://coub-anubis-a.akamaized.net/coub_storage/coub/simple/cw_looped_audio_med/aa58beb49b1/acdcd6acddb3d486eb175/1605662121_med_1545178507_med.mp3"]},"share":{"default":"https://coub-anubis-a.akamaized.net/coub_storage/coub/simple/cw_video_for_sharing/b241fd22567/96def5cb1f31bb20ed9c1/1625241310_looped_1625241308.mp4"}},"audio_versions":{"template":"https://coub-anubis-a.akamaized.net/coub_storage/audio_track/cw_normalized_copy/ee31fee457f/c57ba844fe5047cbc5b95/mid_1545178504_normalized_1545178500_1w8q3za_edited.mp3","versions":["mid","low"]},"image_versions":{"template":"https://coub-anubis-a.akamaized.net/coub_storage/coub/simple/cw_image/a8dc151ea17/204a2afc31a6f604fc1e4/1545178518_00032.jpg","versions":["micro","tiny","age_restricted","ios_large","ios_mosaic","big","med","small","pinterest"]},"first_frame_versions":{"template":"https://coub-anubis-a.akamaized.net/coub_storage/coub/simple/cw_timeline_pic/b2c8f592571/9b35c5e3f8630fe2bb641/%{version}_1545178517_image.jpg","versions":["big","med","small","ios_large"]},"dimensions":{"big":[960,960],"med":[480,480]},"site_w_h":[400,400],"page_w_h":[400,400],"site_w_h_small":[310,310],"size":[960,960],"age_restricted":false,"age_restricted_by_admin":false,"not_safe_for_work":false,"allow_reuse":false,"dont_crop":false,"banned":false,"global_safe":true,"audio_file_url":"https://coub-anubis-a.akamaized.net/coub_storage/audio_track/cw_normalized_copy/ee31fee457f/c57ba844fe5047cbc5b95/low_1545178504_normalized_1545178500_1w8q3za_edited.mp3","external_download":false,"application":null,"channel":{"id":449008,"permalink":"premium-line","title":"🅿🆁🅴🅼🅸🆄🅼 🅻🅸🅽🅴","description":null,"followers_count":3837,"following_count":750,"avatar_versions":{"template":"https://coub-anubis-a.akamaized.net/coub_storage/channel/cw_avatar/9a941aa3d2d/c522b4cec50b6fc193c55/%{version}_1639557115_logo.png","versions":["medium","medium_2x","profile_pic","profile_pic_new","profile_pic_new_2x","tiny","tiny_2x","small","small_2x","ios_large","ios_small"]}},"file":null,"picture":"https://coub-anubis-a.akamaized.net/coub_storage/coub/simple/cw_image/a8dc151ea17/204a2afc31a6f604fc1e4/1545178518_00032.jpg","timeline_picture":"https://coub-anubis-a.akamaized.net/coub_storage/coub/simple/cw_timeline_pic/b2c8f592571/9b35c5e3f8630fe2bb641/ios_large_1545178517_image.jpg","small_picture":"https://coub-anubis-a.akamaized.net/coub_storage/coub/simple/cw_image/a8dc151ea17/204a2afc31a6f604fc1e4/1545178518_00032.jpg","sharing_picture":null,"percent_done":100,"tags":[{"id":13905,"title":"shuffle","value":"shuffle"},{"id":209683,"title":"shuffle dance","value":"shuffle%20dance"},{"id":182,"title":"dance","value":"dance"},{"id":174,"title":"funny","value":"funny"},{"id":412997,"title":"funny guys","value":"funny%20guys"},{"id":249,"title":"танцы","value":"%D1%82%D0%B0%D0%BD%D1%86%D1%8B"},{"id":18299,"title":"смешные танцы","value":"%D1%81%D0%BC%D0%B5%D1%88%D0%BD%D1%8B%D0%B5%20%D1%82%D0%B0%D0%BD%D1%86%D1%8B"},{"id":1286435,"title":"kr7","value":"kr7"},{"id":1057059,"title":"coub maker","value":"coub%20maker"},{"id":149335,"title":"best coub","value":"best%20coub"},{"id":105373,"title":"coub of the day","value":"coub%20of%20the%20day"},{"id":104406,"title":"шафл","value":"%D1%88%D0%B0%D1%84%D0%BB"},{"id":1380607,"title":"шафл танец","value":"%D1%88%D0%B0%D1%84%D0%BB%20%D1%82%D0%B0%D0%BD%D0%B5%D1%86"},{"id":1985897,"title":"наряды","value":"%D0%BD%D0%B0%D1%80%D1%8F%D0%B4%D1%8B"},{"id":1195,"title":"угар","value":"%D1%83%D0%B3%D0%B0%D1%80"},{"id":1264,"title":"смех","value":"%D1%81%D0%BC%D0%B5%D1%85"}],"categories":[{"id":77,"title":"Dance","permalink":"dance","subscriptions_count":10085450,"big_image_url":"https://coub-anubis-a.akamaized.net/coub_storage/category/cw_image/d7afb96f274/3e8dad0b674f8605556f2/big_1545567838_Dance.png","small_image_url":"https://coub-anubis-a.akamaized.net/coub_storage/category/cw_image/d7afb96f274/3e8dad0b674f8605556f2/small_1545567838_Dance.png","med_image_url":"https://coub-anubis-a.akamaized.net/coub_storage/category/cw_image/d7afb96f274/3e8dad0b674f8605556f2/med_1545567838_Dance.png","visible":true}],"communities":[{"id":77,"title":"Dance","permalink":"dance","subscriptions_count":10085450,"big_image_url":"https://coub-anubis-a.akamaized.net/coub_storage/category/cw_image/d7afb96f274/3e8dad0b674f8605556f2/big_1545567838_Dance.png","small_image_url":"https://coub-anubis-a.akamaized.net/coub_storage/category/cw_image/d7afb96f274/3e8dad0b674f8605556f2/small_1545567838_Dance.png","med_image_url":"https://coub-anubis-a.akamaized.net/coub_storage/category/cw_image/d7afb96f274/3e8dad0b674f8605556f2/med_1545567838_Dance.png","i_subscribed":true,"community_notifications_enabled":null,"description":null}],"recoubs_count":98,"remixes_count":0,"likes_count":793,"dislikes_count":0,"raw_video_id":"","uploaded_by_ios_app":false,"uploaded_by_android_app":false,"media_blocks":{"uploaded_raw_videos":[],"external_raw_videos":[],"remixed_from_coubs":[{"id":29592497,"title":"Coub # 7937","url":"https://coub.com/coubs/1k0ol2/remix","image":"https://coub-anubis-a.akamaized.net/coub_storage/media_block/cw_image/2c873410d4b/e83ed7642db4f35a71a4d/1545077435_1jh4nji_1545077423_00032.jpg","image_retina":"https://coub-anubis-a.akamaized.net/coub_storage/media_block/cw_image/2c873410d4b/e83ed7642db4f35a71a4d/1545077435_1jh4nji_1545077423_00032.jpg","meta":{"duration":"10.04"},"duration":null,"coub_channel_title":"KR 7","coub_channel_permalink":"kr-70000","coub_views_count":167760,"coub_permalink":"1k0ol2"}]},"raw_video_thumbnail_url":"","raw_video_title":"","video_block_banned":false,"duration":10.0,"promo_winner":false,"promo_winner_recoubers":null,"editorial_info":{},"promo_hint":null,"beeline_best_2014":null,"from_web_editor":true,"normalize_sound":true,"normalize_change_allowed":true,"best2015_addable":false,"ahmad_promo":null,"promo_data":null,"audio_copyright_claim":null,"ads_disabled":false,"is_safe_for_ads":true,"megafon_contents":[],"position_on_page":5},{"flag":null,"abuses":null,"recoubs_by_users_channels":null,"favourite":false,"promoted_id":null,"recoub":null,"like":null,"dislike":null,"reaction":null,"in_my_best2015":false,"id":47008657,"type":"Coub::Simple","permalink":"rjf0g","title":" its my party","visibility_type":"public","original_visibility_type":"public","channel_id":294438,"created_at":"2017-01-30T17:39:47Z","updated_at":"2022-03-17T13:17:00Z","is_done":true,"views_count":36744,"cotd":null,"cotd_at":null,"visible_on_explore_root":false,"visible_on_explore":false,"featured":false,"published":true,"published_at":"2017-01-30T17:39:47Z","reversed":false,"from_editor_v2":true,"is_editable":true,"original_sound":false,"has_sound":false,"recoub_to":null,"file_versions":{"html5":{"video":{"higher":{"url":"https://coub-anubis-a.akamaized.net/coub_storage/coub/simple/cw_file/c738acd4256/244bf07a60bfb8337d138/muted_mp4_huge_size_1568086322_muted_huge.mp4","size":4845629},"high":{"url":"https://coub-anubis-a.akamaized.net/coub_storage/coub/simple/cw_file/c738acd4256/244bf07a60bfb8337d138/muted_mp4_big_size_1568086322_muted_big.mp4","size":3361753},"med":{"url":"https://coub-anubis-a.akamaized.net/coub_storage/coub/simple/cw_file/c738acd4256/244bf07a60bfb8337d138/muted_mp4_med_size_1568086322_muted_med.mp4","size":961320}},"audio":{"high":{"url":"https://coub-anubis-a.akamaized.net/coub_storage/coub/simple/cw_looped_audio_high/946a92c71b5/caee5a317d9ac6f98955d/1605578512_high_1485798033_high.mp3","size":3133989},"med":{"url":"https://coub-anubis-a.akamaized.net/coub_storage/coub/simple/cw_looped_audio_med/a07d7d57d95/ad4038aef5a9c0852a11d/1605578510_med_1485798033_med.mp3","size":2879286}}},"mobile":{"video":"https://coub-anubis-a.akamaized.net/coub_storage/coub/simple/cw_file/c738acd4256/244bf07a60bfb8337d138/muted_mp4_med_size_1568086322_muted_med.mp4","audio":["https://coub-anubis-a.akamaized.net/coub_storage/coub/simple/cw_looped_audio_med/a07d7d57d95/ad4038aef5a9c0852a11d/1605578510_med_1485798033_med.mp3"]},"share":{"default":"https://coub-anubis-a.akamaized.net/coub_storage/coub/simple/cw_video_for_sharing/91305c5e0d0/64be697a2df75c2678f48/1629038209_looped_1629038208.mp4"}},"audio_versions":{"template":"https://coub-anubis-a.akamaized.net/coub_storage/audio_track/cw_normalized_copy/950486621a6/437c46fc0a2226c4be34c/mid_1485798016_18pnrsd_normalized_1485798000_18nv3j9_edited.mp3","versions":["mid","low"]},"image_versions":{"template":"https://coub-anubis-a.akamaized.net/coub_storage/coub/simple/cw_image/7db592c099f/3c44db1eafbce15b27911/1485798046_00030.jpg","versions":["micro","tiny","age_restricted","ios_large","ios_mosaic","big","med","small","pinterest"]},"first_frame_versions":{"template":"https://coub-anubis-a.akamaized.net/coub_storage/coub/simple/cw_timeline_pic/7db592c099f/3c44db1eafbce15b27911/%{version}_1485798046_image.jpg","versions":["big","med","small","ios_large"]},"dimensions":{"big":[1280,718],"med":[640,358]},"site_w_h":[640,359],"page_w_h":[640,359],"site_w_h_small":[310,174],"size":[1280,718],"age_restricted":false,"age_restricted_by_admin":false,"not_safe_for_work":null,"allow_reuse":false,"dont_crop":false,"banned":false,"global_safe":true,"audio_file_url":"https://coub-anubis-a.akamaized.net/coub_storage/audio_track/cw_normalized_copy/950486621a6/437c46fc0a2226c4be34c/low_1485798016_18pnrsd_normalized_1485798000_18nv3j9_edited.mp3","external_download":false,"application":null,"channel":{"id":294438,"permalink":"evgentuz82","title":"ᴇᴠɢᴇɴᴛᴜᴢ 82","description":"телеграм t.me/Evgentuz82","followers_count":8394,"following_count":1979,"avatar_versions":{"template":"https://coub-anubis-a.akamaized.net/coub_storage/channel/cw_avatar/b17f57c0af4/6445724dcb831e6e1f74e/%{version}_1620624944_VfwMRHPVz1M.jpg","versions":["medium","medium_2x","profile_pic","profile_pic_new","profile_pic_new_2x","tiny","tiny_2x","small","small_2x","ios_large","ios_small"]}},"file":null,"picture":"https://coub-anubis-a.akamaized.net/coub_storage/coub/simple/cw_image/7db592c099f/3c44db1eafbce15b27911/1485798046_00030.jpg","timeline_picture":"https://coub-anubis-a.akamaized.net/coub_storage/coub/simple/cw_timeline_pic/7db592c099f/3c44db1eafbce15b27911/ios_large_1485798046_image.jpg","small_picture":"https://coub-anubis-a.akamaized.net/coub_storage/coub/simple/cw_image/7db592c099f/3c44db1eafbce15b27911/1485798046_00030.jpg","sharing_picture":null,"percent_done":100,"tags":[{"id":55457,"title":"супермаркет","value":"%D1%81%D1%83%D0%BF%D0%B5%D1%80%D0%BC%D0%B0%D1%80%D0%BA%D0%B5%D1%82"},{"id":1954,"title":"вечеринка","value":"%D0%B2%D0%B5%D1%87%D0%B5%D1%80%D0%B8%D0%BD%D0%BA%D0%B0"},{"id":4480,"title":"приколы","value":"%D0%BF%D1%80%D0%B8%D0%BA%D0%BE%D0%BB%D1%8B"},{"id":1603,"title":"ржач","value":"%D1%80%D0%B6%D0%B0%D1%87"},{"id":2375634,"title":"моникен","value":"%D0%BC%D0%BE%D0%BD%D0%B8%D0%BA%D0%B5%D0%BD"},{"id":3366,"title":"магазин","value":"%D0%BC%D0%B0%D0%B3%D0%B0%D0%B7%D0%B8%D0%BD"},{"id":530,"title":"танец","value":"%D1%82%D0%B0%D0%BD%D0%B5%D1%86"},{"id":882,"title":"прикол","value":"%D0%BF%D1%80%D0%B8%D0%BA%D0%BE%D0%BB"}],"categories":[{"id":77,"title":"Dance","permalink":"dance","subscriptions_count":10085450,"big_image_url":"https://coub-anubis-a.akamaized.net/coub_storage/category/cw_image/d7afb96f274/3e8dad0b674f8605556f2/big_1545567838_Dance.png","small_image_url":"https://coub-anubis-a.akamaized.net/coub_storage/category/cw_image/d7afb96f274/3e8dad0b674f8605556f2/small_1545567838_Dance.png","med_image_url":"https://coub-anubis-a.akamaized.net/coub_storage/category/cw_image/d7afb96f274/3e8dad0b674f8605556f2/med_1545567838_Dance.png","visible":true}],"communities":[{"id":77,"title":"Dance","permalink":"dance","subscriptions_count":10085450,"big_image_url":"https://coub-anubis-a.akamaized.net/coub_storage/category/cw_image/d7afb96f274/3e8dad0b674f8605556f2/big_1545567838_Dance.png","small_image_url":"https://coub-anubis-a.akamaized.net/coub_storage/category/cw_image/d7afb96f274/3e8dad0b674f8605556f2/small_1545567838_Dance.png","med_image_url":"https://coub-anubis-a.akamaized.net/coub_storage/category/cw_image/d7afb96f274/3e8dad0b674f8605556f2/med_1545567838_Dance.png","i_subscribed":true,"community_notifications_enabled":null,"description":null}],"recoubs_count":194,"remixes_count":0,"likes_count":793,"dislikes_count":0,"raw_video_id":9013664,"uploaded_by_ios_app":false,"uploaded_by_android_app":false,"media_blocks":{"uploaded_raw_videos":[],"external_raw_videos":[],"remixed_from_coubs":[]},"raw_video_thumbnail_url":"/missing/missing.png","raw_video_title":"video.mp4222222.mp4","video_block_banned":false,"duration":9.44,"promo_winner":false,"promo_winner_recoubers":null,"editorial_info":{},"promo_hint":null,"beeline_best_2014":null,"from_web_editor":true,"normalize_sound":true,"normalize_change_allowed":true,"best2015_addable":false,"ahmad_promo":null,"promo_data":null,"audio_copyright_claim":null,"ads_disabled":null,"is_safe_for_ads":true,"megafon_contents":[],"position_on_page":6},{"flag":null,"abuses":null,"recoubs_by_users_channels":null,"favourite":false,"promoted_id":null,"recoub":null,"like":null,"dislike":null,"reaction":null,"in_my_best2015":false,"id":169130342,"type":"Coub::Simple","permalink":"2scko4","title":"We are electric","visibility_type":"public","original_visibility_type":"public","channel_id":7858805,"created_at":"2021-05-21T16:20:31Z","updated_at":"2022-03-09T16:20:10Z","is_done":true,"views_count":71365,"cotd":null,"cotd_at":null,"visible_on_explore_root":false,"visible_on_explore":false,"featured":false,"published":true,"published_at":"2021-05-21T16:20:31Z","reversed":false,"from_editor_v2":true,"is_editable":true,"original_sound":false,"has_sound":false,"recoub_to":null,"file_versions":{"html5":{"video":{"higher":{"url":"https://coub-anubis-a.akamaized.net/coub_storage/coub/simple/cw_file/0808cc36ee7/9356a0c7ff8c198966138/muted_mp4_huge_size_1621614036_muted_huge.mp4","size":1399619},"high":{"url":"https://coub-anubis-a.akamaized.net/coub_storage/coub/simple/cw_file/0808cc36ee7/9356a0c7ff8c198966138/muted_mp4_big_size_1621614036_muted_big.mp4","size":847431},"med":{"url":"https://coub-anubis-a.akamaized.net/coub_storage/coub/simple/cw_file/0808cc36ee7/9356a0c7ff8c198966138/muted_mp4_med_size_1621614036_muted_med.mp4","size":270191}},"audio":{"high":{"url":"https://coub-anubis-a.akamaized.net/coub_storage/coub/simple/cw_looped_audio_high/b76313a021e/21da81212bb00276ac669/1621614067_mp3-high.mp3","size":2545374},"med":{"url":"https://coub-anubis-a.akamaized.net/coub_storage/coub/simple/cw_looped_audio_med/f16f5785a7b/74921b9fadd33cdcacc9b/1621614065_mp3-med.mp3","size":1903605}}},"mobile":{"video":"https://coub-anubis-a.akamaized.net/coub_storage/coub/simple/cw_file/0808cc36ee7/9356a0c7ff8c198966138/muted_mp4_med_size_1621614036_muted_med.mp4","audio":["https://coub-anubis-a.akamaized.net/coub_storage/coub/simple/cw_looped_audio_med/f16f5785a7b/74921b9fadd33cdcacc9b/1621614065_mp3-med.mp3"]},"share":{"default":"https://coub-anubis-a.akamaized.net/coub_storage/coub/simple/cw_video_for_sharing/2888387ce8b/694ce60b2006cb4880c62/1621614097_looped_1621614096.mp4"}},"audio_versions":{"template":"https://coub-anubis-a.akamaized.net/coub_storage/audio_track/cw_normalized_copy/cae13a96580/891044292d5ec69316e48/mid_1621614055_normalized_1621614040_n6ew7v_edited.mp3","versions":["mid","low"]},"image_versions":{"template":"https://coub-anubis-a.akamaized.net/coub_storage/coub/simple/cw_image/b481d506bb2/e28ef00b14b237a48ff56/%{version}_1621614072_00026.jpg","versions":["micro","tiny","age_restricted","ios_large","ios_mosaic","big","med","small","pinterest"]},"first_frame_versions":{"template":"https://coub-anubis-a.akamaized.net/coub_storage/coub/simple/cw_timeline_pic/5daa40bf915/a2e1241310e5f22f811c3/%{version}_1621614071_image.jpg","versions":["big","med","small","ios_large"]},"dimensions":{"big":[768,960],"med":[384,480]},"site_w_h":[320,400],"page_w_h":[400,500],"site_w_h_small":[310,388],"size":[768,960],"age_restricted":false,"age_restricted_by_admin":false,"not_safe_for_work":false,"allow_reuse":false,"dont_crop":true,"banned":false,"global_safe":null,"audio_file_url":"https://coub-anubis-a.akamaized.net/coub_storage/audio_track/cw_normalized_copy/cae13a96580/891044292d5ec69316e48/low_1621614055_normalized_1621614040_n6ew7v_edited.mp3","external_download":false,"application":null,"channel":{"id":7858805,"permalink":"s0n1c19990","title":"s0n1c","description":null,"followers_count":7,"following_count":0,"avatar_versions":{"template":"https://coub-anubis-a.akamaized.net/coub_storage/channel/cw_avatar/058e54935cc/58457b713b18287c1881a/%{version}_1620470540_filename.jpeg","versions":["medium","medium_2x","profile_pic","profile_pic_new","profile_pic_new_2x","tiny","tiny_2x","small","small_2x","ios_large","ios_small"]}},"file":null,"picture":"https://coub-anubis-a.akamaized.net/coub_storage/coub/simple/cw_image/b481d506bb2/e28ef00b14b237a48ff56/med_1621614072_00026.jpg","timeline_picture":"https://coub-anubis-a.akamaized.net/coub_storage/coub/simple/cw_timeline_pic/5daa40bf915/a2e1241310e5f22f811c3/ios_large_1621614071_image.jpg","small_picture":"https://coub-anubis-a.akamaized.net/coub_storage/coub/simple/cw_image/b481d506bb2/e28ef00b14b237a48ff56/ios_mosaic_1621614072_00026.jpg","sharing_picture":null,"percent_done":100,"tags":[{"id":182,"title":"dance","value":"dance"}],"categories":[{"id":77,"title":"Dance","permalink":"dance","subscriptions_count":10085450,"big_image_url":"https://coub-anubis-a.akamaized.net/coub_storage/category/cw_image/d7afb96f274/3e8dad0b674f8605556f2/big_1545567838_Dance.png","small_image_url":"https://coub-anubis-a.akamaized.net/coub_storage/category/cw_image/d7afb96f274/3e8dad0b674f8605556f2/small_1545567838_Dance.png","med_image_url":"https://coub-anubis-a.akamaized.net/coub_storage/category/cw_image/d7afb96f274/3e8dad0b674f8605556f2/med_1545567838_Dance.png","visible":true}],"communities":[{"id":77,"title":"Dance","permalink":"dance","subscriptions_count":10085450,"big_image_url":"https://coub-anubis-a.akamaized.net/coub_storage/category/cw_image/d7afb96f274/3e8dad0b674f8605556f2/big_1545567838_Dance.png","small_image_url":"https://coub-anubis-a.akamaized.net/coub_storage/category/cw_image/d7afb96f274/3e8dad0b674f8605556f2/small_1545567838_Dance.png","med_image_url":"https://coub-anubis-a.akamaized.net/coub_storage/category/cw_image/d7afb96f274/3e8dad0b674f8605556f2/med_1545567838_Dance.png","i_subscribed":true,"community_notifications_enabled":null,"description":null}],"recoubs_count":138,"remixes_count":0,"likes_count":792,"dislikes_count":0,"raw_video_id":"","uploaded_by_ios_app":true,"uploaded_by_android_app":false,"media_blocks":{"uploaded_raw_videos":[],"external_raw_videos":[],"remixed_from_coubs":[{"id":38856769,"title":"Hot boy","url":"https://coub.com/coubs/2s2mzy/remix","image":"https://coub-anubis-a.akamaized.net/coub_storage/media_block/cw_image/fe1a435cdc4/d8105b50c608336377d42/video_1620942475_1ub418x_1620942454_00026.jpg","image_retina":"https://coub-anubis-a.akamaized.net/coub_storage/media_block/cw_image/fe1a435cdc4/d8105b50c608336377d42/video_retina_1620942475_1ub418x_1620942454_00026.jpg","meta":{"duration":"8.0"},"duration":null,"coub_channel_title":"Pixelfocker","coub_channel_permalink":"teddyteddy","coub_views_count":185079,"coub_permalink":"2s2mzy"}]},"raw_video_thumbnail_url":"","raw_video_title":"","video_block_banned":false,"duration":8.0,"promo_winner":false,"promo_winner_recoubers":null,"editorial_info":{},"promo_hint":null,"beeline_best_2014":null,"from_web_editor":false,"normalize_sound":true,"normalize_change_allowed":true,"best2015_addable":false,"ahmad_promo":null,"promo_data":null,"audio_copyright_claim":null,"ads_disabled":false,"is_safe_for_ads":true,"megafon_contents":[],"position_on_page":7},{"flag":null,"abuses":null,"recoubs_by_users_channels":null,"favourite":false,"promoted_id":null,"recoub":null,"like":null,"dislike":null,"reaction":null,"in_my_best2015":false,"id":105953744,"type":"Coub::Simple","permalink":"1qobq3","title":"If your party isn't this lit, don't bother inviting me","visibility_type":"public","original_visibility_type":"public","channel_id":3326789,"created_at":"2019-03-19T17:43:49Z","updated_at":"2022-03-18T01:42:43Z","is_done":true,"views_count":43190,"cotd":null,"cotd_at":null,"visible_on_explore_root":false,"visible_on_explore":false,"featured":false,"published":true,"published_at":"2019-03-19T17:43:49Z","reversed":false,"from_editor_v2":true,"is_editable":true,"original_sound":false,"has_sound":false,"recoub_to":null,"file_versions":{"html5":{"video":{"higher":{"url":"https://coub-anubis-a.akamaized.net/coub_storage/coub/simple/cw_file/531beb69529/9e70524597fb7d04967d4/muted_mp4_huge_size_1572641668_muted_huge.mp4","size":3227636},"high":{"url":"https://coub-anubis-a.akamaized.net/coub_storage/coub/simple/cw_file/531beb69529/9e70524597fb7d04967d4/muted_mp4_big_size_1572641668_muted_big.mp4","size":2158264},"med":{"url":"https://coub-anubis-a.akamaized.net/coub_storage/coub/simple/cw_file/531beb69529/9e70524597fb7d04967d4/muted_mp4_med_size_1572641668_muted_med.mp4","size":629613}},"audio":{"high":{"url":"https://coub-anubis-a.akamaized.net/coub_storage/coub/simple/cw_looped_audio_high/f2561dce155/004b1b4df36793d202496/1605678691_high_1553017442_high.mp3","size":1292695},"med":{"url":"https://coub-anubis-a.akamaized.net/coub_storage/coub/simple/cw_looped_audio_med/ee12b04855d/d1b4783bb2333814d8bf1/1605678691_med_1553017442_med.mp3","size":956702}}},"mobile":{"video":"https://coub-anubis-a.akamaized.net/coub_storage/coub/simple/cw_file/531beb69529/9e70524597fb7d04967d4/muted_mp4_med_size_1572641668_muted_med.mp4","audio":["https://coub-anubis-a.akamaized.net/coub_storage/coub/simple/cw_looped_audio_med/ee12b04855d/d1b4783bb2333814d8bf1/1605678691_med_1553017442_med.mp3"]},"share":{"default":"https://coub-anubis-a.akamaized.net/coub_storage/coub/simple/cw_video_for_sharing/67e86f39f7d/0c3723f0d25f2b4c433f7/1616130370_looped_1616130369.mp4"}},"audio_versions":{"template":"https://coub-anubis-a.akamaized.net/coub_storage/audio_track/cw_normalized_copy/8dde07ab384/b119bc909d468f9b00bd0/mid_1553017440_normalized_1553017439_18e17i8_edited.mp3","versions":["mid","low"]},"image_versions":{"template":"https://coub-anubis-a.akamaized.net/coub_storage/coub/simple/cw_image/d029cf2f521/537a3b6b41ddfa527e130/1553017448_00032.jpg","versions":["micro","tiny","age_restricted","ios_large","ios_mosaic","big","med","small","pinterest"]},"first_frame_versions":{"template":"https://coub-anubis-a.akamaized.net/coub_storage/coub/simple/cw_timeline_pic/08036f78b1f/212f702e05e8533450ef9/%{version}_1553017448_image.jpg","versions":["big","med","small","ios_large"]},"dimensions":{"big":[538,960],"med":[268,480]},"site_w_h":[224,400],"page_w_h":[400,714],"site_w_h_small":[310,553],"size":[538,960],"age_restricted":false,"age_restricted_by_admin":false,"not_safe_for_work":false,"allow_reuse":false,"dont_crop":false,"banned":false,"global_safe":true,"audio_file_url":"https://coub-anubis-a.akamaized.net/coub_storage/audio_track/cw_normalized_copy/8dde07ab384/b119bc909d468f9b00bd0/low_1553017440_normalized_1553017439_18e17i8_edited.mp3","external_download":{"type":"Youtube","service_name":"YouTube","url":"https://www.youtube.com/watch?v=B7Gt2aWs5Bc","has_embed":true},"application":null,"channel":{"id":3326789,"permalink":"damphir0","title":"Damphir","description":null,"followers_count":28,"following_count":8,"avatar_versions":{"template":"https://coub-anubis-a.akamaized.net/coub_storage/channel/cw_avatar/e409d7feb59/a7e86a40510254df9a616/%{version}_1624640454_Vampire-hunter-d.jpg","versions":["medium","medium_2x","profile_pic","profile_pic_new","profile_pic_new_2x","tiny","tiny_2x","small","small_2x","ios_large","ios_small"]}},"file":null,"picture":"https://coub-anubis-a.akamaized.net/coub_storage/coub/simple/cw_image/d029cf2f521/537a3b6b41ddfa527e130/1553017448_00032.jpg","timeline_picture":"https://coub-anubis-a.akamaized.net/coub_storage/coub/simple/cw_timeline_pic/08036f78b1f/212f702e05e8533450ef9/ios_large_1553017448_image.jpg","small_picture":"https://coub-anubis-a.akamaized.net/coub_storage/coub/simple/cw_image/d029cf2f521/537a3b6b41ddfa527e130/1553017448_00032.jpg","sharing_picture":null,"percent_done":100,"tags":[{"id":54673,"title":"2017","value":"2017"},{"id":1071,"title":"cool","value":"cool"},{"id":70339,"title":"feel good","value":"feel%20good"},{"id":292,"title":"humor","value":"humor"},{"id":86,"title":"music","value":"music"},{"id":1081644,"title":"viralhog","value":"viralhog"},{"id":1622,"title":"weird","value":"weird"},{"id":2488,"title":"win","value":"win"},{"id":182,"title":"dance","value":"dance"},{"id":293,"title":"party","value":"party"},{"id":45347,"title":"outside","value":"outside"},{"id":2013,"title":"club","value":"club"},{"id":8171,"title":"bar","value":"bar"},{"id":467,"title":"night","value":"night"},{"id":256558,"title":"newcastle upon tyne","value":"newcastle%20upon%20tyne"},{"id":3555,"title":"england","value":"england"}],"categories":[{"id":77,"title":"Dance","permalink":"dance","subscriptions_count":10085450,"big_image_url":"https://coub-anubis-a.akamaized.net/coub_storage/category/cw_image/d7afb96f274/3e8dad0b674f8605556f2/big_1545567838_Dance.png","small_image_url":"https://coub-anubis-a.akamaized.net/coub_storage/category/cw_image/d7afb96f274/3e8dad0b674f8605556f2/small_1545567838_Dance.png","med_image_url":"https://coub-anubis-a.akamaized.net/coub_storage/category/cw_image/d7afb96f274/3e8dad0b674f8605556f2/med_1545567838_Dance.png","visible":true}],"communities":[{"id":77,"title":"Dance","permalink":"dance","subscriptions_count":10085450,"big_image_url":"https://coub-anubis-a.akamaized.net/coub_storage/category/cw_image/d7afb96f274/3e8dad0b674f8605556f2/big_1545567838_Dance.png","small_image_url":"https://coub-anubis-a.akamaized.net/coub_storage/category/cw_image/d7afb96f274/3e8dad0b674f8605556f2/small_1545567838_Dance.png","med_image_url":"https://coub-anubis-a.akamaized.net/coub_storage/category/cw_image/d7afb96f274/3e8dad0b674f8605556f2/med_1545567838_Dance.png","i_subscribed":true,"community_notifications_enabled":null,"description":null}],"recoubs_count":125,"remixes_count":1,"likes_count":792,"dislikes_count":0,"raw_video_id":13403426,"uploaded_by_ios_app":false,"uploaded_by_android_app":false,"media_blocks":{"uploaded_raw_videos":[],"external_raw_videos":[{"id":30989648,"title":"Dance Party Outside the Club || ViralHog","url":"https://www.youtube.com/watch?v=B7Gt2aWs5Bc","image":"https://coub-anubis-a.akamaized.net/coub_storage/media_block/cw_image/33449a02bf9/92628bbc3c2a4a66a7013/1553016473_1x26r56_1553016461_yaunnf_att-url-download.jpg","image_retina":"https://coub-anubis-a.akamaized.net/coub_storage/media_block/cw_image/33449a02bf9/92628bbc3c2a4a66a7013/1553016473_1x26r56_1553016461_yaunnf_att-url-download.jpg","meta":{"service":"Youtube","duration":"35.12"},"duration":35.12,"raw_video_id":13403426,"has_embed":true}],"remixed_from_coubs":[],"external_video":{"id":30989648,"title":"Dance Party Outside the Club || ViralHog","url":"https://www.youtube.com/watch?v=B7Gt2aWs5Bc","image":"https://coub-anubis-a.akamaized.net/coub_storage/media_block/cw_image/33449a02bf9/92628bbc3c2a4a66a7013/1553016473_1x26r56_1553016461_yaunnf_att-url-download.jpg","image_retina":"https://coub-anubis-a.akamaized.net/coub_storage/media_block/cw_image/33449a02bf9/92628bbc3c2a4a66a7013/1553016473_1x26r56_1553016461_yaunnf_att-url-download.jpg","meta":{"service":"Youtube","duration":"35.12"},"duration":35.12,"raw_video_id":13403426,"has_embed":true}},"raw_video_thumbnail_url":"/missing/missing.png","raw_video_title":"Dance Party Outside the Club || ViralHog","video_block_banned":false,"duration":10.0,"promo_winner":false,"promo_winner_recoubers":null,"editorial_info":{},"promo_hint":null,"beeline_best_2014":null,"from_web_editor":true,"normalize_sound":true,"normalize_change_allowed":true,"best2015_addable":false,"ahmad_promo":null,"promo_data":null,"audio_copyright_claim":null,"ads_disabled":false,"is_safe_for_ads":true,"megafon_contents":[],"position_on_page":8},{"flag":null,"abuses":null,"recoubs_by_users_channels":null,"favourite":false,"promoted_id":null,"recoub":null,"like":null,"dislike":null,"reaction":null,"in_my_best2015":false,"id":162574842,"type":"Coub::Simple","permalink":"2og2dk","title":"Enur - Calabria 2007 ft. Natasja","visibility_type":"public","original_visibility_type":"public","channel_id":10917908,"created_at":"2021-01-27T05:44:24Z","updated_at":"2022-03-16T12:19:08Z","is_done":true,"views_count":91072,"cotd":null,"cotd_at":null,"visible_on_explore_root":false,"visible_on_explore":false,"featured":false,"published":true,"published_at":"2021-01-27T05:44:24Z","reversed":false,"from_editor_v2":true,"is_editable":true,"original_sound":false,"has_sound":false,"recoub_to":null,"file_versions":{"html5":{"video":{"higher":{"url":"https://coub-anubis-a.akamaized.net/coub_storage/coub/simple/cw_file/71f1df768f7/561037fe0bed1325e0986/muted_mp4_huge_size_1611726329_muted_huge.mp4","size":2108761},"high":{"url":"https://coub-anubis-a.akamaized.net/coub_storage/coub/simple/cw_file/71f1df768f7/561037fe0bed1325e0986/muted_mp4_big_size_1611726329_muted_big.mp4","size":1229228},"med":{"url":"https://coub-anubis-a.akamaized.net/coub_storage/coub/simple/cw_file/71f1df768f7/561037fe0bed1325e0986/muted_mp4_med_size_1611726329_muted_med.mp4","size":378841}},"audio":{"high":{"url":"https://coub-anubis-a.akamaized.net/coub_storage/coub/simple/cw_looped_audio_high/4e3e72e8ead/0ef02996e57f062d93b15/1611726351_mp3-high.mp3","size":3554330},"med":{"url":"https://coub-anubis-a.akamaized.net/coub_storage/coub/simple/cw_looped_audio_med/b4ea3e5f652/08474c106836d43ee4b5b/1611726348_mp3-med.mp3","size":2554229}}},"mobile":{"video":"https://coub-anubis-a.akamaized.net/coub_storage/coub/simple/cw_file/71f1df768f7/561037fe0bed1325e0986/muted_mp4_med_size_1611726329_muted_med.mp4","audio":["https://coub-anubis-a.akamaized.net/coub_storage/coub/simple/cw_looped_audio_med/b4ea3e5f652/08474c106836d43ee4b5b/1611726348_mp3-med.mp3"]},"share":{"default":"https://coub-anubis-a.akamaized.net/coub_storage/coub/simple/cw_video_for_sharing/0b9feed851f/cd232769322bb6dd70e50/1611726372_looped_1611726371.mp4"}},"audio_versions":{"template":"https://coub-anubis-a.akamaized.net/coub_storage/audio_track/cw_file/e59c83d2fdf/11cbb3f44f4e212c28802/mid_1611726332_1jbjqwi_edited.mp3","versions":["mid","low"]},"image_versions":{"template":"https://coub-anubis-a.akamaized.net/coub_storage/coub/simple/cw_image/f6403f09a39/20744dba9edbad2cb3381/%{version}_1611726355_00026.jpg","versions":["micro","tiny","age_restricted","ios_large","ios_mosaic","big","med","small","pinterest"]},"first_frame_versions":{"template":"https://coub-anubis-a.akamaized.net/coub_storage/coub/simple/cw_timeline_pic/9c03e80642d/0c2532e96b95ddbb057cf/%{version}_1611726354_image.jpg","versions":["big","med","small","ios_large"]},"dimensions":{"big":[538,960],"med":[268,480]},"site_w_h":[224,400],"page_w_h":[400,714],"site_w_h_small":[310,553],"size":[538,960],"age_restricted":false,"age_restricted_by_admin":false,"not_safe_for_work":false,"allow_reuse":false,"dont_crop":true,"banned":false,"global_safe":null,"audio_file_url":"https://coub-anubis-a.akamaized.net/coub_storage/audio_track/cw_file/e59c83d2fdf/11cbb3f44f4e212c28802/low_1611726332_1jbjqwi_edited.mp3","external_download":false,"application":null,"channel":{"id":10917908,"permalink":"blackandwhitephotoshop","title":"BlackAndWhitePhotoshop","description":"My youtube channel name: \"Maxim Bordyug - copyright free music and videos!\". My email: maximbordyug@gmail.com","followers_count":39,"following_count":11,"avatar_versions":{"template":"https://coub-anubis-a.akamaized.net/coub_storage/channel/cw_avatar/ab8c3c252d9/49bd5ce2b058fc7793561/%{version}_1647464835__from_youtube__Maxim_Bordyug_-_copyright_free_music_and_videos.jpg","versions":["medium","medium_2x","profile_pic","profile_pic_new","profile_pic_new_2x","tiny","tiny_2x","small","small_2x","ios_large","ios_small"]}},"file":null,"picture":"https://coub-anubis-a.akamaized.net/coub_storage/coub/simple/cw_image/f6403f09a39/20744dba9edbad2cb3381/med_1611726355_00026.jpg","timeline_picture":"https://coub-anubis-a.akamaized.net/coub_storage/coub/simple/cw_timeline_pic/9c03e80642d/0c2532e96b95ddbb057cf/ios_large_1611726354_image.jpg","small_picture":"https://coub-anubis-a.akamaized.net/coub_storage/coub/simple/cw_image/f6403f09a39/20744dba9edbad2cb3381/ios_mosaic_1611726355_00026.jpg","sharing_picture":null,"percent_done":100,"tags":[{"id":182,"title":"dance","value":"dance"},{"id":125,"title":"dancing","value":"dancing"},{"id":13078,"title":"whoop","value":"whoop"},{"id":973737,"title":"whoop whoop","value":"whoop%20whoop"},{"id":454923,"title":"whoop whoop whoop","value":"whoop%20whoop%20whoop"},{"id":393614,"title":"chloe bennet","value":"chloe%20bennet"},{"id":71200,"title":"calabria","value":"calabria"},{"id":4922451,"title":"calabria 2007 enur & natasha","value":"calabria%202007%20enur%20&%20natasha"},{"id":698207,"title":"enur","value":"enur"},{"id":4694274,"title":"enur natasja - calabria","value":"enur%20natasja%20-%20calabria"},{"id":3970875,"title":"enur feat. natasja - calabria","value":"enur%20feat.%20natasja%20-%20calabria"},{"id":698208,"title":"enur calabria","value":"enur%20calabria"},{"id":4536404,"title":"calabria 2007","value":"calabria%202007"},{"id":1207542,"title":"natasja","value":"natasja"},{"id":6129857,"title":"enur - calabria 2007 ft. natasja","value":"enur%20-%20calabria%202007%20ft.%20natasja"}],"categories":[{"id":77,"title":"Dance","permalink":"dance","subscriptions_count":10085450,"big_image_url":"https://coub-anubis-a.akamaized.net/coub_storage/category/cw_image/d7afb96f274/3e8dad0b674f8605556f2/big_1545567838_Dance.png","small_image_url":"https://coub-anubis-a.akamaized.net/coub_storage/category/cw_image/d7afb96f274/3e8dad0b674f8605556f2/small_1545567838_Dance.png","med_image_url":"https://coub-anubis-a.akamaized.net/coub_storage/category/cw_image/d7afb96f274/3e8dad0b674f8605556f2/med_1545567838_Dance.png","visible":true}],"communities":[{"id":77,"title":"Dance","permalink":"dance","subscriptions_count":10085450,"big_image_url":"https://coub-anubis-a.akamaized.net/coub_storage/category/cw_image/d7afb96f274/3e8dad0b674f8605556f2/big_1545567838_Dance.png","small_image_url":"https://coub-anubis-a.akamaized.net/coub_storage/category/cw_image/d7afb96f274/3e8dad0b674f8605556f2/small_1545567838_Dance.png","med_image_url":"https://coub-anubis-a.akamaized.net/coub_storage/category/cw_image/d7afb96f274/3e8dad0b674f8605556f2/med_1545567838_Dance.png","i_subscribed":true,"community_notifications_enabled":null,"description":null}],"recoubs_count":122,"remixes_count":1,"likes_count":791,"dislikes_count":0,"raw_video_id":"","uploaded_by_ios_app":false,"uploaded_by_android_app":false,"media_blocks":{"uploaded_raw_videos":[],"external_raw_videos":[],"remixed_from_coubs":[{"id":30932620,"title":"44","url":"https://coub.com/coubs/1qf8ar/remix","image":"https://coub-anubis-a.akamaized.net/coub_storage/media_block/cw_image/cc7da35046c/9c753368bd8a19e114a18/1552698387_1tb12f_1552698378_00026.jpg","image_retina":"https://coub-anubis-a.akamaized.net/coub_storage/media_block/cw_image/cc7da35046c/9c753368bd8a19e114a18/1552698387_1tb12f_1552698378_00026.jpg","meta":{"duration":"8.04"},"duration":null,"coub_channel_title":"李民峰","coub_channel_permalink":"bd71181e5040d4c26a947980a733cd68","coub_views_count":121081,"coub_permalink":"1qf8ar"}]},"raw_video_thumbnail_url":"","raw_video_title":"","video_block_banned":false,"duration":8.0,"promo_winner":false,"promo_winner_recoubers":null,"editorial_info":{},"promo_hint":null,"beeline_best_2014":null,"from_web_editor":true,"normalize_sound":false,"normalize_change_allowed":true,"best2015_addable":false,"ahmad_promo":null,"promo_data":null,"audio_copyright_claim":null,"ads_disabled":false,"is_safe_for_ads":true,"megafon_contents":[],"position_on_page":9},{"flag":null,"abuses":null,"recoubs_by_users_channels":null,"favourite":false,"promoted_id":null,"recoub":null,"like":null,"dislike":null,"reaction":null,"in_my_best2015":false,"id":138846355,"type":"Coub::Simple","permalink":"2abh75","title":"lazer","visibility_type":"public","original_visibility_type":"public","channel_id":7788808,"created_at":"2020-03-07T10:32:23Z","updated_at":"2022-03-17T14:00:00Z","is_done":true,"views_count":64298,"cotd":null,"cotd_at":null,"visible_on_explore_root":false,"visible_on_explore":false,"featured":false,"published":true,"published_at":"2020-03-07T10:32:22Z","reversed":true,"from_editor_v2":true,"is_editable":true,"original_sound":false,"has_sound":false,"recoub_to":null,"file_versions":{"html5":{"video":{"higher":{"url":"https://coub-anubis-a.akamaized.net/coub_storage/coub/simple/cw_file/c37eb7b51c0/27349663260ebd2a6d7dd/muted_mp4_huge_size_1583577151_muted_huge.mp4","size":5021891},"high":{"url":"https://coub-anubis-a.akamaized.net/coub_storage/coub/simple/cw_file/c37eb7b51c0/27349663260ebd2a6d7dd/muted_mp4_big_size_1583577151_muted_big.mp4","size":3694350},"med":{"url":"https://coub-anubis-a.akamaized.net/coub_storage/coub/simple/cw_file/c37eb7b51c0/27349663260ebd2a6d7dd/muted_mp4_med_size_1583577151_muted_med.mp4","size":1226355}},"audio":{"high":{"url":"https://coub-anubis-a.akamaized.net/coub_storage/coub/simple/cw_looped_audio_high/753f1c9e94d/797e34bc3547fbf23488f/1605704975_high_1583577198_high.mp3","size":5096644},"med":{"url":"https://coub-anubis-a.akamaized.net/coub_storage/coub/simple/cw_looped_audio_med/e21097219a3/5e409564ddb9795ad9c73/1605704974_med_1583577198_med.mp3","size":3829833}}},"mobile":{"video":"https://coub-anubis-a.akamaized.net/coub_storage/coub/simple/cw_file/c37eb7b51c0/27349663260ebd2a6d7dd/muted_mp4_med_size_1583577151_muted_med.mp4","audio":["https://coub-anubis-a.akamaized.net/coub_storage/coub/simple/cw_looped_audio_med/e21097219a3/5e409564ddb9795ad9c73/1605704974_med_1583577198_med.mp3"]},"share":{"default":"https://coub-anubis-a.akamaized.net/coub_storage/coub/simple/cw_video_for_sharing/11d731e8e94/5c397b721f3cec65d264e/1608761077_looped_1608761076.mp4"}},"audio_versions":{"template":"https://coub-anubis-a.akamaized.net/coub_storage/audio_track/cw_file/bcadf85cd70/b1f493ef87e6531cb53a8/mid_1583577158_82izt1_edited.mp3","versions":["mid","low"]},"image_versions":{"template":"https://coub-anubis-a.akamaized.net/coub_storage/coub/simple/cw_image/7344484f41b/1d3cc9e60e297cf7fc566/1583577235_00063.jpg","versions":["micro","tiny","age_restricted","ios_large","ios_mosaic","big","med","small","pinterest"]},"first_frame_versions":{"template":"https://coub-anubis-a.akamaized.net/coub_storage/coub/simple/cw_timeline_pic/d2bb84f9757/5b14d2f85e2960ef0693b/%{version}_1583577233_image.jpg","versions":["big","med","small","ios_large"]},"dimensions":{"big":[768,960],"med":[384,480]},"site_w_h":[320,400],"page_w_h":[400,500],"site_w_h_small":[310,388],"size":[768,960],"age_restricted":false,"age_restricted_by_admin":false,"not_safe_for_work":false,"allow_reuse":false,"dont_crop":true,"banned":false,"global_safe":true,"audio_file_url":"https://coub-anubis-a.akamaized.net/coub_storage/audio_track/cw_file/bcadf85cd70/b1f493ef87e6531cb53a8/low_1583577158_82izt1_edited.mp3","external_download":false,"application":null,"channel":{"id":7788808,"permalink":"sohoc18932-mailezee.com","title":"sohoc18932@mailezee","description":null,"followers_count":3,"following_count":14,"avatar_versions":{"template":"https://coubsecureassets-a.akamaihd.net/assets/default-avatars/58-1aaa4ea9408323657f85b50719836438c2af433266bb23386807cefbd36f5ff7.png"}},"file":null,"picture":"https://coub-anubis-a.akamaized.net/coub_storage/coub/simple/cw_image/7344484f41b/1d3cc9e60e297cf7fc566/1583577235_00063.jpg","timeline_picture":"https://coub-anubis-a.akamaized.net/coub_storage/coub/simple/cw_timeline_pic/d2bb84f9757/5b14d2f85e2960ef0693b/ios_large_1583577233_image.jpg","small_picture":"https://coub-anubis-a.akamaized.net/coub_storage/coub/simple/cw_image/7344484f41b/1d3cc9e60e297cf7fc566/1583577235_00063.jpg","sharing_picture":null,"percent_done":100,"tags":[{"id":1243617,"title":"feelsgood","value":"feelsgood"},{"id":440187,"title":"booties","value":"booties"},{"id":126384,"title":"beauties","value":"beauties"},{"id":1003280,"title":"nicegirls","value":"nicegirls"},{"id":265,"title":"girls","value":"girls"},{"id":39114,"title":"sexy girls","value":"sexy%20girls"}],"categories":[{"id":77,"title":"Dance","permalink":"dance","subscriptions_count":10085450,"big_image_url":"https://coub-anubis-a.akamaized.net/coub_storage/category/cw_image/d7afb96f274/3e8dad0b674f8605556f2/big_1545567838_Dance.png","small_image_url":"https://coub-anubis-a.akamaized.net/coub_storage/category/cw_image/d7afb96f274/3e8dad0b674f8605556f2/small_1545567838_Dance.png","med_image_url":"https://coub-anubis-a.akamaized.net/coub_storage/category/cw_image/d7afb96f274/3e8dad0b674f8605556f2/med_1545567838_Dance.png","visible":true}],"communities":[{"id":77,"title":"Dance","permalink":"dance","subscriptions_count":10085450,"big_image_url":"https://coub-anubis-a.akamaized.net/coub_storage/category/cw_image/d7afb96f274/3e8dad0b674f8605556f2/big_1545567838_Dance.png","small_image_url":"https://coub-anubis-a.akamaized.net/coub_storage/category/cw_image/d7afb96f274/3e8dad0b674f8605556f2/small_1545567838_Dance.png","med_image_url":"https://coub-anubis-a.akamaized.net/coub_storage/category/cw_image/d7afb96f274/3e8dad0b674f8605556f2/med_1545567838_Dance.png","i_subscribed":true,"community_notifications_enabled":null,"description":null}],"recoubs_count":104,"remixes_count":0,"likes_count":791,"dislikes_count":0,"raw_video_id":"","uploaded_by_ios_app":false,"uploaded_by_android_app":false,"media_blocks":{"uploaded_raw_videos":[],"external_raw_videos":[],"remixed_from_coubs":[{"id":28543660,"title":"Feels Good!","url":"https://coub.com/coubs/1frhql/remix","image":"https://coub-anubis-a.akamaized.net/coub_storage/media_block/cw_image/2ef28d617f1/b172244ed9bf8c312db06/1539069074_ltywwg_1539069065_00063.jpg","image_retina":"https://coub-anubis-a.akamaized.net/coub_storage/media_block/cw_image/2ef28d617f1/b172244ed9bf8c312db06/1539069074_ltywwg_1539069065_00063.jpg","meta":{"duration":"20.0"},"duration":null,"coub_channel_title":"Steve","coub_channel_permalink":"steve3285","coub_views_count":24935,"coub_permalink":"1frhql"}]},"raw_video_thumbnail_url":"","raw_video_title":"","video_block_banned":false,"duration":20.0,"promo_winner":false,"promo_winner_recoubers":null,"editorial_info":{},"promo_hint":null,"beeline_best_2014":null,"from_web_editor":true,"normalize_sound":false,"normalize_change_allowed":true,"best2015_addable":false,"ahmad_promo":null,"promo_data":null,"audio_copyright_claim":null,"ads_disabled":false,"is_safe_for_ads":true,"megafon_contents":[{"id":75660,"content":{"title":"Ловушка для родителей","year":1998,"kind":"film","season":null,"parental_rating":12,"url":"https://megafon.tv/movies/vods/Lovushka_dlya_roditelei_1998?utm_source=coub&utm_medium=shazam&utm_campaign=ml-tv_megafon-tv_coub-shazam-special_nov-dec_2019","preview_url":"https://static-sesure.cdn.megafon.tv/images/Film/47/c1/84d62a591627ec0fdf9244a554c12f06db40/tile__external.jpeg"},"match_duration":0.8,"max_frame_diff":15,"is_correct":null},{"id":75659,"content":{"title":"Магнолия","year":1999,"kind":"film","season":null,"parental_rating":16,"url":"https://megafon.tv/movies/vods/Magnoliya_1999?utm_source=coub&utm_medium=shazam&utm_campaign=ml-tv_megafon-tv_coub-shazam-special_nov-dec_2019","preview_url":"https://static-sesure.cdn.megafon.tv/images/Film/df/17/e3d9b693a699ee57ac70a4c2a5414cccde72/tile__external.jpeg"},"match_duration":0.67,"max_frame_diff":15,"is_correct":null}],"position_on_page":10}]}