{"page":487,"per_page":10,"total_pages":500,"coubs":[{"flag":null,"abuses":null,"recoubs_by_users_channels":null,"favourite":false,"promoted_id":null,"recoub":null,"like":null,"dislike":null,"reaction":null,"in_my_best2015":false,"id":183595960,"type":"Coub::Simple","permalink":"30yu7n","title":"DeadJxhnYavomagGraveyardPhonk","visibility_type":"public","original_visibility_type":"public","channel_id":5131627,"created_at":"2022-03-08T05:28:43Z","updated_at":"2022-03-18T05:03:11Z","is_done":true,"views_count":57740,"cotd":null,"cotd_at":null,"visible_on_explore_root":false,"visible_on_explore":false,"featured":false,"published":true,"published_at":"2022-03-08T05:28:43Z","reversed":false,"from_editor_v2":true,"is_editable":true,"original_sound":false,"has_sound":false,"recoub_to":null,"file_versions":{"html5":{"video":{"higher":{"url":"https://coub-anubis-a.akamaized.net/coub_storage/coub/simple/cw_file/eb4d0d77178/2bcccb4bf16f02606afa9/muted_mp4_huge_size_1646717329_muted_huge.mp4","size":1729426},"high":{"url":"https://coub-anubis-a.akamaized.net/coub_storage/coub/simple/cw_file/eb4d0d77178/2bcccb4bf16f02606afa9/muted_mp4_big_size_1646717329_muted_big.mp4","size":1130335},"med":{"url":"https://coub-anubis-a.akamaized.net/coub_storage/coub/simple/cw_file/eb4d0d77178/2bcccb4bf16f02606afa9/muted_mp4_med_size_1646717329_muted_med.mp4","size":435632}},"audio":{"high":{"url":"https://coub-anubis-a.akamaized.net/coub_storage/coub/simple/cw_looped_audio_high/f62e6a02bda/98629d3b976e9829fbc25/1646717353_mp3-high.mp3","size":2668439},"med":{"url":"https://coub-anubis-a.akamaized.net/coub_storage/coub/simple/cw_looped_audio_med/dda8068f2c2/b2bca111c7f633423ae85/1646717351_mp3-med.mp3","size":1914213}}},"mobile":{"video":"https://coub-anubis-a.akamaized.net/coub_storage/coub/simple/cw_file/eb4d0d77178/2bcccb4bf16f02606afa9/muted_mp4_med_size_1646717329_muted_med.mp4","audio":["https://coub-anubis-a.akamaized.net/coub_storage/coub/simple/cw_looped_audio_med/dda8068f2c2/b2bca111c7f633423ae85/1646717351_mp3-med.mp3"]},"share":{"default":"https://coub-anubis-a.akamaized.net/coub_storage/coub/simple/cw_video_for_sharing/8881261fa26/771a98a290c2b74c8d231/1646717387_looped_1646717386.mp4"}},"audio_versions":{"template":"https://coub-anubis-a.akamaized.net/coub_storage/audio_track/cw_normalized_copy/a6339acd268/8a63db0c8acd6539ea83f/mid_1646717344_normalized_1646717331_vptfo4_edited.mp3","versions":["mid","low"]},"image_versions":{"template":"https://coub-anubis-a.akamaized.net/coub_storage/coub/simple/cw_image/1cfc9956c2e/e681e2e5288c37c169155/%{version}_1646717358_00023.jpg","versions":["micro","tiny","age_restricted","ios_large","ios_mosaic","big","med","small","pinterest"]},"first_frame_versions":{"template":"https://coub-anubis-a.akamaized.net/coub_storage/coub/simple/cw_timeline_pic/c322a8b783e/52c35a2ce47974e811f8d/%{version}_1646717357_image.jpg","versions":["big","med","small","ios_large"]},"dimensions":{"big":[1088,960],"med":[544,480]},"site_w_h":[640,565],"page_w_h":[640,565],"site_w_h_small":[310,274],"size":[1088,960],"age_restricted":false,"age_restricted_by_admin":false,"not_safe_for_work":null,"allow_reuse":false,"dont_crop":true,"banned":false,"global_safe":null,"audio_file_url":"https://coub-anubis-a.akamaized.net/coub_storage/audio_track/cw_normalized_copy/a6339acd268/8a63db0c8acd6539ea83f/low_1646717344_normalized_1646717331_vptfo4_edited.mp3","external_download":false,"application":null,"channel":{"id":5131627,"permalink":"som-boss","title":"SOM BOSS","description":null,"followers_count":787,"following_count":9,"avatar_versions":{"template":"https://coub-anubis-a.akamaized.net/coub_storage/channel/cw_avatar/3a71838a0b7/ca7e471544b0126509b7a/%{version}_1632647327_1620725319_21-phonoteka_org-p-anime-fon-tma-22.jpg","versions":["medium","medium_2x","profile_pic","profile_pic_new","profile_pic_new_2x","tiny","tiny_2x","small","small_2x","ios_large","ios_small"]}},"file":null,"picture":"https://coub-anubis-a.akamaized.net/coub_storage/coub/simple/cw_image/1cfc9956c2e/e681e2e5288c37c169155/med_1646717358_00023.jpg","timeline_picture":"https://coub-anubis-a.akamaized.net/coub_storage/coub/simple/cw_timeline_pic/c322a8b783e/52c35a2ce47974e811f8d/ios_large_1646717357_image.jpg","small_picture":"https://coub-anubis-a.akamaized.net/coub_storage/coub/simple/cw_image/1cfc9956c2e/e681e2e5288c37c169155/ios_mosaic_1646717358_00023.jpg","sharing_picture":null,"percent_done":100,"tags":[{"id":5271850,"title":"genshin impact","value":"genshin%20impact"},{"id":822,"title":"dance music","value":"dance%20music"},{"id":174,"title":"funny","value":"funny"},{"id":1514454,"title":"a pimp named slickback","value":"a%20pimp%20named%20slickback"}],"categories":[{"id":77,"title":"Dance","permalink":"dance","subscriptions_count":10085450,"big_image_url":"https://coub-anubis-a.akamaized.net/coub_storage/category/cw_image/d7afb96f274/3e8dad0b674f8605556f2/big_1545567838_Dance.png","small_image_url":"https://coub-anubis-a.akamaized.net/coub_storage/category/cw_image/d7afb96f274/3e8dad0b674f8605556f2/small_1545567838_Dance.png","med_image_url":"https://coub-anubis-a.akamaized.net/coub_storage/category/cw_image/d7afb96f274/3e8dad0b674f8605556f2/med_1545567838_Dance.png","visible":true}],"communities":[{"id":77,"title":"Dance","permalink":"dance","subscriptions_count":10085450,"big_image_url":"https://coub-anubis-a.akamaized.net/coub_storage/category/cw_image/d7afb96f274/3e8dad0b674f8605556f2/big_1545567838_Dance.png","small_image_url":"https://coub-anubis-a.akamaized.net/coub_storage/category/cw_image/d7afb96f274/3e8dad0b674f8605556f2/small_1545567838_Dance.png","med_image_url":"https://coub-anubis-a.akamaized.net/coub_storage/category/cw_image/d7afb96f274/3e8dad0b674f8605556f2/med_1545567838_Dance.png","i_subscribed":true,"community_notifications_enabled":null,"description":null}],"recoubs_count":93,"remixes_count":2,"likes_count":571,"dislikes_count":0,"raw_video_id":"","uploaded_by_ios_app":false,"uploaded_by_android_app":false,"media_blocks":{"uploaded_raw_videos":[],"external_raw_videos":[],"remixed_from_coubs":[{"id":41074526,"title":"Саксоразрыв!","url":"https://coub.com/coubs/30lr62/remix","image":"https://coub-anubis-a.akamaized.net/coub_storage/media_block/cw_image/2386f0bb7c0/0e02723a5c1623a44b8a4/video_1645231632_6tyh83_1645231609_00023.jpg","image_retina":"https://coub-anubis-a.akamaized.net/coub_storage/media_block/cw_image/2386f0bb7c0/0e02723a5c1623a44b8a4/video_retina_1645231632_6tyh83_1645231609_00023.jpg","meta":{"duration":"7.12"},"duration":null,"coub_channel_title":"Алексей Михайленко","coub_channel_permalink":"aleksej-mihajlenko3","coub_views_count":65304,"coub_permalink":"30lr62"}]},"raw_video_thumbnail_url":"","raw_video_title":"","video_block_banned":false,"duration":7.12,"promo_winner":false,"promo_winner_recoubers":null,"editorial_info":{},"promo_hint":null,"beeline_best_2014":null,"from_web_editor":true,"normalize_sound":true,"normalize_change_allowed":true,"best2015_addable":false,"ahmad_promo":null,"promo_data":null,"audio_copyright_claim":null,"ads_disabled":null,"is_safe_for_ads":true,"megafon_contents":[],"position_on_page":1},{"flag":null,"abuses":null,"recoubs_by_users_channels":null,"favourite":false,"promoted_id":null,"recoub":null,"like":null,"dislike":null,"reaction":null,"in_my_best2015":false,"id":129402561,"type":"Coub::Simple","permalink":"24nzo4","title":"wilted roses","visibility_type":"public","original_visibility_type":"public","channel_id":1094006,"created_at":"2019-11-18T12:36:32Z","updated_at":"2022-03-17T11:20:32Z","is_done":true,"views_count":57754,"cotd":null,"cotd_at":null,"visible_on_explore_root":false,"visible_on_explore":false,"featured":false,"published":true,"published_at":"2019-11-18T12:36:32Z","reversed":false,"from_editor_v2":true,"is_editable":true,"original_sound":false,"has_sound":false,"recoub_to":null,"file_versions":{"html5":{"video":{"higher":{"url":"https://coub-anubis-a.akamaized.net/coub_storage/coub/simple/cw_file/abac1c8280a/25b22224342c4f9c744b4/muted_mp4_huge_size_1574080677_muted_huge.mp4","size":4424159},"high":{"url":"https://coub-anubis-a.akamaized.net/coub_storage/coub/simple/cw_file/abac1c8280a/25b22224342c4f9c744b4/muted_mp4_big_size_1574080677_muted_big.mp4","size":3321081},"med":{"url":"https://coub-anubis-a.akamaized.net/coub_storage/coub/simple/cw_file/abac1c8280a/25b22224342c4f9c744b4/muted_mp4_med_size_1574080677_muted_med.mp4","size":1123126}},"audio":{"high":{"url":"https://coub-anubis-a.akamaized.net/coub_storage/coub/simple/cw_looped_audio_high/ad059ee51e4/03dddacd18f8cf17ade0a/1605697525_high_1574080711_high.mp3","size":3674124},"med":{"url":"https://coub-anubis-a.akamaized.net/coub_storage/coub/simple/cw_looped_audio_med/258d3644687/0a5e56c7d4280266a1688/1605697524_med_1574080711_med.mp3","size":2686731}}},"mobile":{"video":"https://coub-anubis-a.akamaized.net/coub_storage/coub/simple/cw_file/abac1c8280a/25b22224342c4f9c744b4/muted_mp4_med_size_1574080677_muted_med.mp4","audio":["https://coub-anubis-a.akamaized.net/coub_storage/coub/simple/cw_looped_audio_med/258d3644687/0a5e56c7d4280266a1688/1605697524_med_1574080711_med.mp3"]},"share":{"default":"https://coub-anubis-a.akamaized.net/coub_storage/coub/simple/cw_video_for_sharing/045719b2823/8f90e9f223743ecb0bede/1612652712_looped_1612652711.mp4"}},"audio_versions":{"template":"https://coub-anubis-a.akamaized.net/coub_storage/audio_track/cw_normalized_copy/d2769bb9388/2fc20c36ee9e5db41fe22/mid_1574080700_normalized_1574080681_hmgoam_edited.mp3","versions":["mid","low"]},"image_versions":{"template":"https://coub-anubis-a.akamaized.net/coub_storage/coub/simple/cw_image/c1e6c83d79c/b9f5390283c1215003c4e/1574080724_00032.jpg","versions":["micro","tiny","age_restricted","ios_large","ios_mosaic","big","med","small","pinterest"]},"first_frame_versions":{"template":"https://coub-anubis-a.akamaized.net/coub_storage/coub/simple/cw_timeline_pic/177a64d86cb/c09ad9e0dcc4db5698325/%{version}_1574080723_image.jpg","versions":["big","med","small","ios_large"]},"dimensions":{"big":[1280,720],"med":[640,360]},"site_w_h":[640,360],"page_w_h":[640,360],"site_w_h_small":[310,174],"size":[1280,720],"age_restricted":false,"age_restricted_by_admin":false,"not_safe_for_work":false,"allow_reuse":false,"dont_crop":false,"banned":false,"global_safe":true,"audio_file_url":"https://coub-anubis-a.akamaized.net/coub_storage/audio_track/cw_normalized_copy/d2769bb9388/2fc20c36ee9e5db41fe22/low_1574080700_normalized_1574080681_hmgoam_edited.mp3","external_download":{"type":"Youtube","service_name":"YouTube","url":"https://www.youtube.com/watch?v=6vqqTYCfkRE","has_embed":true},"application":null,"channel":{"id":1094006,"permalink":"hitchhikka","title":"hitchhikka","description":null,"followers_count":8,"following_count":5,"avatar_versions":{"template":"https://coub-anubis-a.akamaized.net/coub_storage/channel/cw_avatar/15be6075e7e/7ac5dcd7a2ed8204cc496/%{version}_1609314737_1979fwc_1474697615_15btpyp_att-url-download.jpg","versions":["medium","medium_2x","profile_pic","profile_pic_new","profile_pic_new_2x","tiny","tiny_2x","small","small_2x","ios_large","ios_small"]}},"file":null,"picture":"https://coub-anubis-a.akamaized.net/coub_storage/coub/simple/cw_image/c1e6c83d79c/b9f5390283c1215003c4e/1574080724_00032.jpg","timeline_picture":"https://coub-anubis-a.akamaized.net/coub_storage/coub/simple/cw_timeline_pic/177a64d86cb/c09ad9e0dcc4db5698325/ios_large_1574080723_image.jpg","small_picture":"https://coub-anubis-a.akamaized.net/coub_storage/coub/simple/cw_image/c1e6c83d79c/b9f5390283c1215003c4e/1574080724_00032.jpg","sharing_picture":null,"percent_done":100,"tags":[{"id":16776,"title":"офис","value":"%D0%BE%D1%84%D0%B8%D1%81"},{"id":182,"title":"dance","value":"dance"},{"id":169,"title":"fun","value":"fun"},{"id":174,"title":"funny","value":"funny"},{"id":8178,"title":"roses","value":"roses"},{"id":86,"title":"music","value":"music"},{"id":39845,"title":"the office","value":"the%20office"},{"id":1537,"title":"office","value":"office"},{"id":401483,"title":"the office funniest moments","value":"the%20office%20funniest%20moments"}],"categories":[{"id":77,"title":"Dance","permalink":"dance","subscriptions_count":10085450,"big_image_url":"https://coub-anubis-a.akamaized.net/coub_storage/category/cw_image/d7afb96f274/3e8dad0b674f8605556f2/big_1545567838_Dance.png","small_image_url":"https://coub-anubis-a.akamaized.net/coub_storage/category/cw_image/d7afb96f274/3e8dad0b674f8605556f2/small_1545567838_Dance.png","med_image_url":"https://coub-anubis-a.akamaized.net/coub_storage/category/cw_image/d7afb96f274/3e8dad0b674f8605556f2/med_1545567838_Dance.png","visible":true}],"communities":[{"id":77,"title":"Dance","permalink":"dance","subscriptions_count":10085450,"big_image_url":"https://coub-anubis-a.akamaized.net/coub_storage/category/cw_image/d7afb96f274/3e8dad0b674f8605556f2/big_1545567838_Dance.png","small_image_url":"https://coub-anubis-a.akamaized.net/coub_storage/category/cw_image/d7afb96f274/3e8dad0b674f8605556f2/small_1545567838_Dance.png","med_image_url":"https://coub-anubis-a.akamaized.net/coub_storage/category/cw_image/d7afb96f274/3e8dad0b674f8605556f2/med_1545567838_Dance.png","i_subscribed":true,"community_notifications_enabled":null,"description":null}],"recoubs_count":89,"remixes_count":0,"likes_count":571,"dislikes_count":0,"raw_video_id":14479851,"uploaded_by_ios_app":false,"uploaded_by_android_app":false,"media_blocks":{"uploaded_raw_videos":[],"external_raw_videos":[{"id":33916378,"title":"Сериал Офис: Подборка Приколов","url":"https://www.youtube.com/watch?v=6vqqTYCfkRE","image":null,"image_retina":null,"meta":{"service":"Youtube","duration":"536.4"},"duration":536.4,"raw_video_id":14479851,"has_embed":true}],"remixed_from_coubs":[],"external_video":{"id":33916378,"title":"Сериал Офис: Подборка Приколов","url":"https://www.youtube.com/watch?v=6vqqTYCfkRE","image":null,"image_retina":null,"meta":{"service":"Youtube","duration":"536.4"},"duration":536.4,"raw_video_id":14479851,"has_embed":true}},"raw_video_thumbnail_url":"/missing/missing.png","raw_video_title":"Сериал Офис: Подборка Приколов","video_block_banned":false,"duration":9.92,"promo_winner":false,"promo_winner_recoubers":null,"editorial_info":{},"promo_hint":null,"beeline_best_2014":null,"from_web_editor":true,"normalize_sound":true,"normalize_change_allowed":true,"best2015_addable":false,"ahmad_promo":null,"promo_data":null,"audio_copyright_claim":null,"ads_disabled":false,"is_safe_for_ads":true,"megafon_contents":[],"position_on_page":2},{"flag":null,"abuses":null,"recoubs_by_users_channels":null,"favourite":false,"promoted_id":null,"recoub":null,"like":null,"dislike":null,"reaction":null,"in_my_best2015":false,"id":79940253,"type":"Coub::Simple","permalink":"1b6rfc","title":"Dangerous Woman by Jojo Gomez","visibility_type":"public","original_visibility_type":"public","channel_id":3560810,"created_at":"2018-07-17T07:33:51Z","updated_at":"2022-01-14T11:31:37Z","is_done":true,"views_count":138033,"cotd":null,"cotd_at":null,"visible_on_explore_root":true,"visible_on_explore":true,"featured":true,"published":true,"published_at":"2018-07-17T07:47:16Z","reversed":false,"from_editor_v2":true,"is_editable":true,"original_sound":false,"has_sound":false,"recoub_to":null,"file_versions":{"html5":{"video":{"higher":{"url":"https://coub-anubis-a.akamaized.net/coub_storage/coub/simple/cw_file/28574162c8d/ee10a8eddcbfdcfb740cb/muted_mp4_huge_size_1568259560_muted_huge.mp4","size":3609723},"high":{"url":"https://coub-anubis-a.akamaized.net/coub_storage/coub/simple/cw_file/28574162c8d/ee10a8eddcbfdcfb740cb/muted_mp4_big_size_1568259560_muted_big.mp4","size":2611619},"med":{"url":"https://coub-anubis-a.akamaized.net/coub_storage/coub/simple/cw_file/28574162c8d/ee10a8eddcbfdcfb740cb/muted_mp4_med_size_1568259560_muted_med.mp4","size":711795}},"audio":{"high":{"url":"https://coub-anubis-a.akamaized.net/coub_storage/coub/simple/cw_looped_audio_high/fa16f4d3c13/95684341a3c72532c722c/1605619254_high_1531812989_high.mp3","size":1294372},"med":{"url":"https://coub-anubis-a.akamaized.net/coub_storage/coub/simple/cw_looped_audio_med/88d9b959abd/8e976d090d6f8e78db9e4/1605619253_med_1531812989_med.mp3","size":954096}}},"mobile":{"video":"https://coub-anubis-a.akamaized.net/coub_storage/coub/simple/cw_file/28574162c8d/ee10a8eddcbfdcfb740cb/muted_mp4_med_size_1568259560_muted_med.mp4","audio":["https://coub-anubis-a.akamaized.net/coub_storage/coub/simple/cw_looped_audio_med/88d9b959abd/8e976d090d6f8e78db9e4/1605619253_med_1531812989_med.mp3"]},"share":{"default":"https://coub-anubis-a.akamaized.net/coub_storage/coub/simple/cw_video_for_sharing/a0821415629/b58f18b56c7e3251571ff/1610885229_looped_1610885228.mp4"}},"audio_versions":{"template":"https://coub-anubis-a.akamaized.net/coub_storage/audio_track/cw_normalized_copy/bab249f5532/5d227430b03ab8abd8071/mid_1531812987_1vrly2b_normalized_1531812985_1m6rqje_edited.mp3","versions":["mid","low"]},"image_versions":{"template":"https://coub-anubis-a.akamaized.net/coub_storage/coub/simple/cw_image/60ee0764a74/b628a411e5e254d1f6f3c/1531812996_00032.jpg","versions":["micro","tiny","age_restricted","ios_large","ios_mosaic","big","med","small","pinterest"]},"first_frame_versions":{"template":"https://coub-anubis-a.akamaized.net/coub_storage/coub/simple/cw_timeline_pic/a8877a8e2f0/738c5d4be5934473c33bf/%{version}_1531812995_image.jpg","versions":["big","med","small","ios_large"]},"dimensions":{"big":[1280,720],"med":[640,360]},"site_w_h":[640,360],"page_w_h":[640,360],"site_w_h_small":[310,174],"size":[1280,720],"age_restricted":false,"age_restricted_by_admin":false,"not_safe_for_work":false,"allow_reuse":false,"dont_crop":false,"banned":false,"global_safe":true,"audio_file_url":"https://coub-anubis-a.akamaized.net/coub_storage/audio_track/cw_normalized_copy/bab249f5532/5d227430b03ab8abd8071/low_1531812987_1vrly2b_normalized_1531812985_1m6rqje_edited.mp3","external_download":{"type":"Youtube","service_name":"YouTube","url":"http://www.youtube.com/watch?v=Go5o0y0Ecjc","has_embed":true},"application":null,"channel":{"id":3560810,"permalink":"kati-pall","title":"KatiPal","description":"I am just a simple Russian girl, I've got vodka in my blood, So I dance with brown bears, And my soul is torn apart..","followers_count":886,"following_count":246,"avatar_versions":{"template":"https://coub-anubis-a.akamaized.net/coub_storage/channel/cw_avatar/b6b24d6065b/6f9b76274336d3cb6b61f/%{version}_1607422352_1icatms_1501755131_fd558d6159b7e60d723cda1b6c7bd336.jpg","versions":["medium","medium_2x","profile_pic","profile_pic_new","profile_pic_new_2x","tiny","tiny_2x","small","small_2x","ios_large","ios_small"]}},"file":null,"picture":"https://coub-anubis-a.akamaized.net/coub_storage/coub/simple/cw_image/60ee0764a74/b628a411e5e254d1f6f3c/1531812996_00032.jpg","timeline_picture":"https://coub-anubis-a.akamaized.net/coub_storage/coub/simple/cw_timeline_pic/a8877a8e2f0/738c5d4be5934473c33bf/ios_large_1531812995_image.jpg","small_picture":"https://coub-anubis-a.akamaized.net/coub_storage/coub/simple/cw_image/60ee0764a74/b628a411e5e254d1f6f3c/1531812996_00032.jpg","sharing_picture":null,"percent_done":100,"tags":[{"id":922229,"title":"dangerous woman","value":"dangerous%20woman"},{"id":182,"title":"dance","value":"dance"},{"id":13003,"title":"choreography","value":"choreography"},{"id":1590955,"title":"jojo gomez","value":"jojo%20gomez"},{"id":17662,"title":"heels","value":"heels"},{"id":41461,"title":"hip hop dance","value":"hip%20hop%20dance"},{"id":246549,"title":"tmilly tv","value":"tmilly%20tv"},{"id":104993,"title":"jojo","value":"jojo"},{"id":68879,"title":"gomez","value":"gomez"},{"id":10616,"title":"ariana","value":"ariana"},{"id":10617,"title":"grande","value":"grande"},{"id":11626,"title":"dangerous","value":"dangerous"},{"id":3443,"title":"woman","value":"woman"},{"id":1371561,"title":"ariana grande dangerous woman","value":"ariana%20grande%20dangerous%20woman"},{"id":23178,"title":"ari","value":"ari"},{"id":4424042,"title":"made by katipal","value":"made%20by%20katipal"}],"categories":[{"id":77,"title":"Dance","permalink":"dance","subscriptions_count":10085450,"big_image_url":"https://coub-anubis-a.akamaized.net/coub_storage/category/cw_image/d7afb96f274/3e8dad0b674f8605556f2/big_1545567838_Dance.png","small_image_url":"https://coub-anubis-a.akamaized.net/coub_storage/category/cw_image/d7afb96f274/3e8dad0b674f8605556f2/small_1545567838_Dance.png","med_image_url":"https://coub-anubis-a.akamaized.net/coub_storage/category/cw_image/d7afb96f274/3e8dad0b674f8605556f2/med_1545567838_Dance.png","visible":true}],"communities":[{"id":77,"title":"Dance","permalink":"dance","subscriptions_count":10085450,"big_image_url":"https://coub-anubis-a.akamaized.net/coub_storage/category/cw_image/d7afb96f274/3e8dad0b674f8605556f2/big_1545567838_Dance.png","small_image_url":"https://coub-anubis-a.akamaized.net/coub_storage/category/cw_image/d7afb96f274/3e8dad0b674f8605556f2/small_1545567838_Dance.png","med_image_url":"https://coub-anubis-a.akamaized.net/coub_storage/category/cw_image/d7afb96f274/3e8dad0b674f8605556f2/med_1545567838_Dance.png","i_subscribed":true,"community_notifications_enabled":null,"description":null}],"recoubs_count":135,"remixes_count":6,"likes_count":571,"dislikes_count":0,"raw_video_id":11884691,"uploaded_by_ios_app":false,"uploaded_by_android_app":false,"media_blocks":{"uploaded_raw_videos":[],"external_raw_videos":[{"id":26871730,"title":"Ariana Grande - Dangerous Woman - Choreography by Jojo Gomez","url":"https://www.youtube.com/watch?v=Go5o0y0Ecjc","image":"https://coub-anubis-a.akamaized.net/coub_storage/media_block/cw_image/b57e88e7302/503d686e8d083a04957d7/1529002103_1529002054_bzboc1_att-url-download.jpg","image_retina":"https://coub-anubis-a.akamaized.net/coub_storage/media_block/cw_image/b57e88e7302/503d686e8d083a04957d7/1529002103_1529002054_bzboc1_att-url-download.jpg","meta":{"service":"Youtube","duration":"375.0"},"duration":375.0,"raw_video_id":11884691,"has_embed":true}],"remixed_from_coubs":[],"external_video":{"id":26871730,"title":"Ariana Grande - Dangerous Woman - Choreography by Jojo Gomez","url":"https://www.youtube.com/watch?v=Go5o0y0Ecjc","image":"https://coub-anubis-a.akamaized.net/coub_storage/media_block/cw_image/b57e88e7302/503d686e8d083a04957d7/1529002103_1529002054_bzboc1_att-url-download.jpg","image_retina":"https://coub-anubis-a.akamaized.net/coub_storage/media_block/cw_image/b57e88e7302/503d686e8d083a04957d7/1529002103_1529002054_bzboc1_att-url-download.jpg","meta":{"service":"Youtube","duration":"375.0"},"duration":375.0,"raw_video_id":11884691,"has_embed":true}},"raw_video_thumbnail_url":"/missing/missing.png","raw_video_title":"Ariana Grande - Dangerous Woman - Choreography by Jojo Gomez","video_block_banned":false,"duration":10.04,"promo_winner":false,"promo_winner_recoubers":null,"editorial_info":{},"promo_hint":null,"beeline_best_2014":null,"from_web_editor":true,"normalize_sound":true,"normalize_change_allowed":true,"best2015_addable":false,"ahmad_promo":null,"promo_data":null,"audio_copyright_claim":null,"ads_disabled":false,"is_safe_for_ads":true,"megafon_contents":[],"position_on_page":3},{"flag":null,"abuses":null,"recoubs_by_users_channels":null,"favourite":false,"promoted_id":null,"recoub":null,"like":null,"dislike":null,"reaction":null,"in_my_best2015":false,"id":74071453,"type":"Coub::Simple","permalink":"17ojk6","title":"Numb","visibility_type":"public","original_visibility_type":"public","channel_id":5118220,"created_at":"2018-05-10T11:24:14Z","updated_at":"2022-03-04T07:38:52Z","is_done":true,"views_count":71703,"cotd":null,"cotd_at":null,"visible_on_explore_root":false,"visible_on_explore":false,"featured":false,"published":true,"published_at":"2018-05-10T11:24:14Z","reversed":false,"from_editor_v2":true,"is_editable":true,"original_sound":false,"has_sound":false,"recoub_to":null,"file_versions":{"html5":{"video":{"higher":{"url":"https://coub-anubis-a.akamaized.net/coub_storage/coub/simple/cw_file/aeb44b6d3ed/68c9162770a9425ced7b6/muted_mp4_huge_size_1568231634_muted_huge.mp4","size":2007369},"high":{"url":"https://coub-anubis-a.akamaized.net/coub_storage/coub/simple/cw_file/aeb44b6d3ed/68c9162770a9425ced7b6/muted_mp4_big_size_1568231634_muted_big.mp4","size":1405442},"med":{"url":"https://coub-anubis-a.akamaized.net/coub_storage/coub/simple/cw_file/aeb44b6d3ed/68c9162770a9425ced7b6/muted_mp4_med_size_1568231634_muted_med.mp4","size":521430}},"audio":{"high":{"url":"https://coub-anubis-a.akamaized.net/coub_storage/coub/simple/cw_looped_audio_high/16bfee59077/744f2bc60f051e61a915b/1605651862_high_1525951463_high.mp3","size":1126268},"med":{"url":"https://coub-anubis-a.akamaized.net/coub_storage/coub/simple/cw_looped_audio_med/1c6646f3366/69a5f969a0acabfb98a49/1605651862_med_1525951463_med.mp3","size":793655}}},"mobile":{"video":"https://coub-anubis-a.akamaized.net/coub_storage/coub/simple/cw_file/aeb44b6d3ed/68c9162770a9425ced7b6/muted_mp4_med_size_1568231634_muted_med.mp4","audio":["https://coub-anubis-a.akamaized.net/coub_storage/coub/simple/cw_looped_audio_med/1c6646f3366/69a5f969a0acabfb98a49/1605651862_med_1525951463_med.mp3"]},"share":{"default":"https://coub-anubis-a.akamaized.net/coub_storage/coub/simple/cw_video_for_sharing/e01c430f244/e2d76bc9e382e20703f33/1612309729_looped_1612309729.mp4"}},"audio_versions":{"template":"https://coub-anubis-a.akamaized.net/coub_storage/audio_track/cw_normalized_copy/ca3834622e1/6f174f177383f6bd1146e/mid_1527021929_12sncxa_normalized_1525951243_audio.mp3","versions":["mid","low"]},"image_versions":{"template":"https://coub-anubis-a.akamaized.net/coub_storage/coub/simple/cw_image/a1556533631/6f57db2280aa620e564b8/1525951470_00032.jpg","versions":["micro","tiny","age_restricted","ios_large","ios_mosaic","big","med","small","pinterest"]},"first_frame_versions":{"template":"https://coub-anubis-a.akamaized.net/coub_storage/coub/simple/cw_timeline_pic/45b0b209759/66007cfcd2a2d66a8b891/%{version}_1525951469_image.jpg","versions":["big","med","small","ios_large"]},"dimensions":{"big":[960,960],"med":[480,480]},"site_w_h":[400,400],"page_w_h":[400,400],"site_w_h_small":[310,310],"size":[960,960],"age_restricted":false,"age_restricted_by_admin":false,"not_safe_for_work":false,"allow_reuse":false,"dont_crop":false,"banned":false,"global_safe":true,"audio_file_url":"https://coub-anubis-a.akamaized.net/coub_storage/audio_track/cw_normalized_copy/ca3834622e1/6f174f177383f6bd1146e/low_1527021929_12sncxa_normalized_1525951243_audio.mp3","external_download":false,"application":null,"channel":{"id":5118220,"permalink":"cutting-shapes","title":"Cutting Shapes","description":null,"followers_count":667,"following_count":13,"avatar_versions":{"template":"https://coub-anubis-a.akamaized.net/coub_storage/channel/cw_avatar/185f279738f/6c45a782d5776c135816d/%{version}_1607424382_fq6la1_1546077566_cropped.jpeg","versions":["medium","medium_2x","profile_pic","profile_pic_new","profile_pic_new_2x","tiny","tiny_2x","small","small_2x","ios_large","ios_small"]}},"file":null,"picture":"https://coub-anubis-a.akamaized.net/coub_storage/coub/simple/cw_image/a1556533631/6f57db2280aa620e564b8/1525951470_00032.jpg","timeline_picture":"https://coub-anubis-a.akamaized.net/coub_storage/coub/simple/cw_timeline_pic/45b0b209759/66007cfcd2a2d66a8b891/ios_large_1525951469_image.jpg","small_picture":"https://coub-anubis-a.akamaized.net/coub_storage/coub/simple/cw_image/a1556533631/6f57db2280aa620e564b8/1525951470_00032.jpg","sharing_picture":null,"percent_done":100,"tags":[{"id":50559,"title":"numb","value":"numb"},{"id":182,"title":"dance","value":"dance"},{"id":569959,"title":"cutting shapes","value":"cutting%20shapes"},{"id":1815641,"title":"cute girl dance","value":"cute%20girl%20dance"},{"id":209683,"title":"shuffle dance","value":"shuffle%20dance"},{"id":2621065,"title":"cutting shapes dance","value":"cutting%20shapes%20dance"},{"id":823,"title":"edm","value":"edm"},{"id":258897,"title":"future house","value":"future%20house"},{"id":3857106,"title":"edm shufflers","value":"edm%20shufflers"},{"id":254,"title":"dancers","value":"dancers"},{"id":129323,"title":"girls dance","value":"girls%20dance"},{"id":259198,"title":"hot girl dance","value":"hot%20girl%20dance"},{"id":3454117,"title":"living electro","value":"living%20electro"},{"id":3916739,"title":"edmcoubs","value":"edmcoubs"},{"id":3723,"title":"linkin park","value":"linkin%20park"},{"id":3951625,"title":"s-pablo","value":"s-pablo"},{"id":3951626,"title":"s-pablo bootleg","value":"s-pablo%20bootleg"},{"id":3410005,"title":"lilspacebabe","value":"lilspacebabe"}],"categories":[{"id":77,"title":"Dance","permalink":"dance","subscriptions_count":10085450,"big_image_url":"https://coub-anubis-a.akamaized.net/coub_storage/category/cw_image/d7afb96f274/3e8dad0b674f8605556f2/big_1545567838_Dance.png","small_image_url":"https://coub-anubis-a.akamaized.net/coub_storage/category/cw_image/d7afb96f274/3e8dad0b674f8605556f2/small_1545567838_Dance.png","med_image_url":"https://coub-anubis-a.akamaized.net/coub_storage/category/cw_image/d7afb96f274/3e8dad0b674f8605556f2/med_1545567838_Dance.png","visible":true}],"communities":[{"id":77,"title":"Dance","permalink":"dance","subscriptions_count":10085450,"big_image_url":"https://coub-anubis-a.akamaized.net/coub_storage/category/cw_image/d7afb96f274/3e8dad0b674f8605556f2/big_1545567838_Dance.png","small_image_url":"https://coub-anubis-a.akamaized.net/coub_storage/category/cw_image/d7afb96f274/3e8dad0b674f8605556f2/small_1545567838_Dance.png","med_image_url":"https://coub-anubis-a.akamaized.net/coub_storage/category/cw_image/d7afb96f274/3e8dad0b674f8605556f2/med_1545567838_Dance.png","i_subscribed":true,"community_notifications_enabled":null,"description":null}],"recoubs_count":123,"remixes_count":2,"likes_count":571,"dislikes_count":0,"raw_video_id":11669675,"uploaded_by_ios_app":false,"uploaded_by_android_app":false,"media_blocks":{"uploaded_raw_videos":[],"external_raw_videos":[],"remixed_from_coubs":[]},"raw_video_thumbnail_url":"/missing/missing.png","raw_video_title":"shapess.mp4","video_block_banned":false,"duration":10.0,"promo_winner":false,"promo_winner_recoubers":null,"editorial_info":{},"promo_hint":null,"beeline_best_2014":null,"from_web_editor":true,"normalize_sound":true,"normalize_change_allowed":true,"best2015_addable":false,"ahmad_promo":null,"promo_data":null,"audio_copyright_claim":null,"ads_disabled":false,"is_safe_for_ads":true,"megafon_contents":[],"position_on_page":4},{"flag":null,"abuses":null,"recoubs_by_users_channels":null,"favourite":false,"promoted_id":null,"recoub":null,"like":null,"dislike":null,"reaction":null,"in_my_best2015":false,"id":172760957,"type":"Coub::Simple","permalink":"2uie3e","title":"Cute korean girl dancing","visibility_type":"public","original_visibility_type":"public","channel_id":11089332,"created_at":"2021-07-25T19:06:25Z","updated_at":"2022-03-17T22:12:06Z","is_done":true,"views_count":46012,"cotd":null,"cotd_at":null,"visible_on_explore_root":false,"visible_on_explore":false,"featured":false,"published":true,"published_at":"2021-07-25T19:06:25Z","reversed":false,"from_editor_v2":true,"is_editable":true,"original_sound":false,"has_sound":false,"recoub_to":null,"file_versions":{"html5":{"video":{"higher":{"url":"https://coub-anubis-a.akamaized.net/coub_storage/coub/simple/cw_file/f68ace7ba69/dfb7c091449bb8dd8dbae/muted_mp4_huge_size_1627239994_muted_huge.mp4","size":2037811},"high":{"url":"https://coub-anubis-a.akamaized.net/coub_storage/coub/simple/cw_file/f68ace7ba69/dfb7c091449bb8dd8dbae/muted_mp4_big_size_1627239994_muted_big.mp4","size":1276772},"med":{"url":"https://coub-anubis-a.akamaized.net/coub_storage/coub/simple/cw_file/f68ace7ba69/dfb7c091449bb8dd8dbae/muted_mp4_med_size_1627239994_muted_med.mp4","size":434388}},"audio":{"high":{"url":"https://coub-anubis-a.akamaized.net/coub_storage/coub/simple/cw_looped_audio_high/773bb22f7ac/a5fbf7b6a54a652207bbe/1627240048_mp3-high.mp3","size":3821091},"med":{"url":"https://coub-anubis-a.akamaized.net/coub_storage/coub/simple/cw_looped_audio_med/ff41783c9ef/ffd36ee260211204af24d/1627240045_mp3-med.mp3","size":2896586}}},"mobile":{"video":"https://coub-anubis-a.akamaized.net/coub_storage/coub/simple/cw_file/f68ace7ba69/dfb7c091449bb8dd8dbae/muted_mp4_med_size_1627239994_muted_med.mp4","audio":["https://coub-anubis-a.akamaized.net/coub_storage/coub/simple/cw_looped_audio_med/ff41783c9ef/ffd36ee260211204af24d/1627240045_mp3-med.mp3"]},"share":{"default":"https://coub-anubis-a.akamaized.net/coub_storage/coub/simple/cw_video_for_sharing/d754e047ab3/252791037241759d2fa7a/1627240085_looped_1627240084.mp4"}},"audio_versions":{"template":"https://coub-anubis-a.akamaized.net/coub_storage/audio_track/cw_normalized_copy/b96b6941345/d811bc438a449d96694c5/mid_1627240027_normalized_1627240001_34o8re_edited.mp3","versions":["mid","low"]},"image_versions":{"template":"https://coub-anubis-a.akamaized.net/coub_storage/coub/simple/cw_image/944aedc27f7/805d289bab5b916577a7f/%{version}_1627240054_00030.jpg","versions":["micro","tiny","age_restricted","ios_large","ios_mosaic","big","med","small","pinterest"]},"first_frame_versions":{"template":"https://coub-anubis-a.akamaized.net/coub_storage/coub/simple/cw_timeline_pic/632f0cd7f13/8d30b0e8f1ee8dedd74ec/%{version}_1627240053_image.jpg","versions":["big","med","small","ios_large"]},"dimensions":{"big":[564,960],"med":[282,480]},"site_w_h":[235,400],"page_w_h":[400,681],"site_w_h_small":[310,528],"size":[564,960],"age_restricted":false,"age_restricted_by_admin":false,"not_safe_for_work":false,"allow_reuse":false,"dont_crop":true,"banned":false,"global_safe":null,"audio_file_url":"https://coub-anubis-a.akamaized.net/coub_storage/audio_track/cw_normalized_copy/b96b6941345/d811bc438a449d96694c5/low_1627240027_normalized_1627240001_34o8re_edited.mp3","external_download":false,"application":null,"channel":{"id":11089332,"permalink":"memousek","title":"Memousek","description":"Random guy who repost a random videos. 👀","followers_count":104,"following_count":1,"avatar_versions":{"template":"https://coub-anubis-a.akamaized.net/coub_storage/channel/cw_avatar/2e08eff6d10/6b70407e38b79d9e62586/%{version}_1627658154_186570642_512206836642379_5603104904655492235_n.jpg","versions":["medium","medium_2x","profile_pic","profile_pic_new","profile_pic_new_2x","tiny","tiny_2x","small","small_2x","ios_large","ios_small"]}},"file":null,"picture":"https://coub-anubis-a.akamaized.net/coub_storage/coub/simple/cw_image/944aedc27f7/805d289bab5b916577a7f/med_1627240054_00030.jpg","timeline_picture":"https://coub-anubis-a.akamaized.net/coub_storage/coub/simple/cw_timeline_pic/632f0cd7f13/8d30b0e8f1ee8dedd74ec/ios_large_1627240053_image.jpg","small_picture":"https://coub-anubis-a.akamaized.net/coub_storage/coub/simple/cw_image/944aedc27f7/805d289bab5b916577a7f/ios_mosaic_1627240054_00030.jpg","sharing_picture":null,"percent_done":100,"tags":[{"id":172327,"title":"dance girl","value":"dance%20girl"},{"id":89837,"title":"girl dancing","value":"girl%20dancing"},{"id":77655,"title":"korean dance","value":"korean%20dance"},{"id":757,"title":"cute","value":"cute"},{"id":7399,"title":"asian","value":"asian"},{"id":367,"title":"hot","value":"hot"},{"id":20552,"title":"korea","value":"korea"},{"id":74393,"title":"asian girl","value":"asian%20girl"},{"id":74397,"title":"korean girl","value":"korean%20girl"},{"id":3541872,"title":"scvaercoub","value":"scvaercoub"},{"id":3037014,"title":"korean girl dance","value":"korean%20girl%20dance"},{"id":4365793,"title":"korean bj dance","value":"korean%20bj%20dance"},{"id":5405811,"title":"asian cute girl","value":"asian%20cute%20girl"},{"id":4145312,"title":"hot dance girl","value":"hot%20dance%20girl"},{"id":170971,"title":"кореянка","value":"%D0%BA%D0%BE%D1%80%D0%B5%D1%8F%D0%BD%D0%BA%D0%B0"},{"id":48605,"title":"nya","value":"nya"},{"id":184,"title":"sexy","value":"sexy"},{"id":67203,"title":"nsfw","value":"nsfw"}],"categories":[{"id":77,"title":"Dance","permalink":"dance","subscriptions_count":10085450,"big_image_url":"https://coub-anubis-a.akamaized.net/coub_storage/category/cw_image/d7afb96f274/3e8dad0b674f8605556f2/big_1545567838_Dance.png","small_image_url":"https://coub-anubis-a.akamaized.net/coub_storage/category/cw_image/d7afb96f274/3e8dad0b674f8605556f2/small_1545567838_Dance.png","med_image_url":"https://coub-anubis-a.akamaized.net/coub_storage/category/cw_image/d7afb96f274/3e8dad0b674f8605556f2/med_1545567838_Dance.png","visible":true}],"communities":[{"id":77,"title":"Dance","permalink":"dance","subscriptions_count":10085450,"big_image_url":"https://coub-anubis-a.akamaized.net/coub_storage/category/cw_image/d7afb96f274/3e8dad0b674f8605556f2/big_1545567838_Dance.png","small_image_url":"https://coub-anubis-a.akamaized.net/coub_storage/category/cw_image/d7afb96f274/3e8dad0b674f8605556f2/small_1545567838_Dance.png","med_image_url":"https://coub-anubis-a.akamaized.net/coub_storage/category/cw_image/d7afb96f274/3e8dad0b674f8605556f2/med_1545567838_Dance.png","i_subscribed":true,"community_notifications_enabled":null,"description":null}],"recoubs_count":80,"remixes_count":1,"likes_count":570,"dislikes_count":0,"raw_video_id":"","uploaded_by_ios_app":false,"uploaded_by_android_app":false,"media_blocks":{"uploaded_raw_videos":[],"external_raw_videos":[],"remixed_from_coubs":[{"id":36836041,"title":"Cute asian girl","url":"https://coub.com/coubs/2iqqbx/remix","image":"https://coub-anubis-a.akamaized.net/coub_storage/media_block/cw_image/dfa1aaf633d/066848da380c167682f84/1599070992_17wyrlh_1599070952_00030.jpg","image_retina":"https://coub-anubis-a.akamaized.net/coub_storage/media_block/cw_image/dfa1aaf633d/066848da380c167682f84/1599070992_17wyrlh_1599070952_00030.jpg","meta":{"duration":"9.52"},"duration":null,"coub_channel_title":"ScvaeR ツ","coub_channel_permalink":"thescvaer","coub_views_count":295468,"coub_permalink":"2iqqbx"}]},"raw_video_thumbnail_url":"","raw_video_title":"","video_block_banned":false,"duration":9.52,"promo_winner":false,"promo_winner_recoubers":null,"editorial_info":{},"promo_hint":null,"beeline_best_2014":null,"from_web_editor":true,"normalize_sound":true,"normalize_change_allowed":true,"best2015_addable":false,"ahmad_promo":null,"promo_data":null,"audio_copyright_claim":null,"ads_disabled":false,"is_safe_for_ads":true,"megafon_contents":[],"position_on_page":5},{"flag":null,"abuses":null,"recoubs_by_users_channels":null,"favourite":false,"promoted_id":null,"recoub":null,"like":null,"dislike":null,"reaction":null,"in_my_best2015":false,"id":163801143,"type":"Coub::Simple","permalink":"2p6clr","title":"Music on my mind","visibility_type":"public","original_visibility_type":"public","channel_id":3964793,"created_at":"2021-02-16T07:45:28Z","updated_at":"2022-03-18T00:52:53Z","is_done":true,"views_count":60879,"cotd":null,"cotd_at":null,"visible_on_explore_root":true,"visible_on_explore":true,"featured":true,"published":true,"published_at":"2021-02-16T07:45:28Z","reversed":false,"from_editor_v2":true,"is_editable":true,"original_sound":false,"has_sound":false,"recoub_to":null,"file_versions":{"html5":{"video":{"higher":{"url":"https://coub-anubis-a.akamaized.net/coub_storage/coub/simple/cw_file/784bf1e3936/0d47cd442aff7aa8efdc9/muted_mp4_huge_size_1613461532_muted_huge.mp4","size":1832884},"high":{"url":"https://coub-anubis-a.akamaized.net/coub_storage/coub/simple/cw_file/784bf1e3936/0d47cd442aff7aa8efdc9/muted_mp4_big_size_1613461532_muted_big.mp4","size":1154355},"med":{"url":"https://coub-anubis-a.akamaized.net/coub_storage/coub/simple/cw_file/784bf1e3936/0d47cd442aff7aa8efdc9/muted_mp4_med_size_1613461532_muted_med.mp4","size":389109}},"audio":{"high":{"url":"https://coub-anubis-a.akamaized.net/coub_storage/coub/simple/cw_looped_audio_high/db14e68e78b/c3c6939f78e962dac7be8/1613461567_mp3-high.mp3","size":3895399},"med":{"url":"https://coub-anubis-a.akamaized.net/coub_storage/coub/simple/cw_looped_audio_med/81a842918e2/8cd674aed38cae7c0e81f/1613461564_mp3-med.mp3","size":2806410}}},"mobile":{"video":"https://coub-anubis-a.akamaized.net/coub_storage/coub/simple/cw_file/784bf1e3936/0d47cd442aff7aa8efdc9/muted_mp4_med_size_1613461532_muted_med.mp4","audio":["https://coub-anubis-a.akamaized.net/coub_storage/coub/simple/cw_looped_audio_med/81a842918e2/8cd674aed38cae7c0e81f/1613461564_mp3-med.mp3"]},"share":{"default":"https://coub-anubis-a.akamaized.net/coub_storage/coub/simple/cw_video_for_sharing/c4013dd94f4/d9dad18ff5f30d3bc01f6/1613461584_looped_1613461584.mp4"}},"audio_versions":{"template":"https://coub-anubis-a.akamaized.net/coub_storage/audio_track/cw_normalized_copy/df818934506/72c1d7007938f87f18218/mid_1613461553_normalized_1613461535_s0pfm3_edited.mp3","versions":["mid","low"]},"image_versions":{"template":"https://coub-anubis-a.akamaized.net/coub_storage/coub/simple/cw_image/b20bd4c8a85/2f7bd62ac61a2b4dd6f62/%{version}_1613461570_00017.jpg","versions":["micro","tiny","age_restricted","ios_large","ios_mosaic","big","med","small","pinterest"]},"first_frame_versions":{"template":"https://coub-anubis-a.akamaized.net/coub_storage/coub/simple/cw_timeline_pic/dc6dee6f93a/acd5b38103cc4bf9867ff/%{version}_1613461569_image.jpg","versions":["big","med","small","ios_large"]},"dimensions":{"big":[538,960],"med":[268,480]},"site_w_h":[224,400],"page_w_h":[400,714],"site_w_h_small":[310,553],"size":[538,960],"age_restricted":false,"age_restricted_by_admin":false,"not_safe_for_work":false,"allow_reuse":false,"dont_crop":true,"banned":false,"global_safe":true,"audio_file_url":"https://coub-anubis-a.akamaized.net/coub_storage/audio_track/cw_normalized_copy/df818934506/72c1d7007938f87f18218/low_1613461553_normalized_1613461535_s0pfm3_edited.mp3","external_download":false,"application":null,"channel":{"id":3964793,"permalink":"coub-usa","title":"CoubUSA","description":"Made in America","followers_count":2284,"following_count":67,"avatar_versions":{"template":"https://coub-anubis-a.akamaized.net/coub_storage/channel/cw_avatar/5f2b5c5011e/5f5cf72e393f5193a6ca8/%{version}_1607428534_vrgwbj_1525563147_transparent.png","versions":["medium","medium_2x","profile_pic","profile_pic_new","profile_pic_new_2x","tiny","tiny_2x","small","small_2x","ios_large","ios_small"]}},"file":null,"picture":"https://coub-anubis-a.akamaized.net/coub_storage/coub/simple/cw_image/b20bd4c8a85/2f7bd62ac61a2b4dd6f62/med_1613461570_00017.jpg","timeline_picture":"https://coub-anubis-a.akamaized.net/coub_storage/coub/simple/cw_timeline_pic/dc6dee6f93a/acd5b38103cc4bf9867ff/ios_large_1613461569_image.jpg","small_picture":"https://coub-anubis-a.akamaized.net/coub_storage/coub/simple/cw_image/b20bd4c8a85/2f7bd62ac61a2b4dd6f62/ios_mosaic_1613461570_00017.jpg","sharing_picture":null,"percent_done":100,"tags":[{"id":182,"title":"dance","value":"dance"},{"id":89838,"title":"dancing girl","value":"dancing%20girl"},{"id":9345,"title":"blonde","value":"blonde"},{"id":674445,"title":"blonde girl","value":"blonde%20girl"},{"id":183,"title":"girl","value":"girl"},{"id":89837,"title":"girl dancing","value":"girl%20dancing"},{"id":6165134,"title":"on my mind - diplo ft sidepiece","value":"on%20my%20mind%20-%20diplo%20ft%20sidepiece"},{"id":168,"title":"loop","value":"loop"},{"id":57138,"title":"looped","value":"looped"},{"id":1231218,"title":"looped coub","value":"looped%20coub"}],"categories":[{"id":77,"title":"Dance","permalink":"dance","subscriptions_count":10085450,"big_image_url":"https://coub-anubis-a.akamaized.net/coub_storage/category/cw_image/d7afb96f274/3e8dad0b674f8605556f2/big_1545567838_Dance.png","small_image_url":"https://coub-anubis-a.akamaized.net/coub_storage/category/cw_image/d7afb96f274/3e8dad0b674f8605556f2/small_1545567838_Dance.png","med_image_url":"https://coub-anubis-a.akamaized.net/coub_storage/category/cw_image/d7afb96f274/3e8dad0b674f8605556f2/med_1545567838_Dance.png","visible":true}],"communities":[{"id":77,"title":"Dance","permalink":"dance","subscriptions_count":10085450,"big_image_url":"https://coub-anubis-a.akamaized.net/coub_storage/category/cw_image/d7afb96f274/3e8dad0b674f8605556f2/big_1545567838_Dance.png","small_image_url":"https://coub-anubis-a.akamaized.net/coub_storage/category/cw_image/d7afb96f274/3e8dad0b674f8605556f2/small_1545567838_Dance.png","med_image_url":"https://coub-anubis-a.akamaized.net/coub_storage/category/cw_image/d7afb96f274/3e8dad0b674f8605556f2/med_1545567838_Dance.png","i_subscribed":true,"community_notifications_enabled":null,"description":null}],"recoubs_count":93,"remixes_count":1,"likes_count":570,"dislikes_count":0,"raw_video_id":16176517,"uploaded_by_ios_app":true,"uploaded_by_android_app":false,"media_blocks":{"uploaded_raw_videos":[],"external_raw_videos":[],"remixed_from_coubs":[]},"raw_video_thumbnail_url":"/missing/missing.png","raw_video_title":"filename.mp4","video_block_banned":false,"duration":5.12,"promo_winner":false,"promo_winner_recoubers":null,"editorial_info":{},"promo_hint":null,"beeline_best_2014":null,"from_web_editor":false,"normalize_sound":true,"normalize_change_allowed":true,"best2015_addable":false,"ahmad_promo":null,"promo_data":null,"audio_copyright_claim":null,"ads_disabled":false,"is_safe_for_ads":true,"megafon_contents":[],"position_on_page":6},{"flag":null,"abuses":null,"recoubs_by_users_channels":null,"favourite":false,"promoted_id":null,"recoub":null,"like":null,"dislike":null,"reaction":null,"in_my_best2015":false,"id":155403082,"type":"Coub::Simple","permalink":"2k6ck8","title":"    ","visibility_type":"public","original_visibility_type":"public","channel_id":31279,"created_at":"2020-10-08T19:58:22Z","updated_at":"2022-03-06T21:59:19Z","is_done":true,"views_count":58479,"cotd":null,"cotd_at":null,"visible_on_explore_root":false,"visible_on_explore":false,"featured":false,"published":true,"published_at":"2020-10-08T19:58:22Z","reversed":false,"from_editor_v2":true,"is_editable":true,"original_sound":false,"has_sound":false,"recoub_to":null,"file_versions":{"html5":{"video":{"higher":{"url":"https://coub-anubis-a.akamaized.net/coub_storage/coub/simple/cw_file/50a82754e1a/463a4b4a6d72ae329a308/muted_mp4_huge_size_1602187575_muted_huge.mp4","size":4441310},"high":{"url":"https://coub-anubis-a.akamaized.net/coub_storage/coub/simple/cw_file/50a82754e1a/463a4b4a6d72ae329a308/muted_mp4_big_size_1602187575_muted_big.mp4","size":2776828},"med":{"url":"https://coub-anubis-a.akamaized.net/coub_storage/coub/simple/cw_file/50a82754e1a/463a4b4a6d72ae329a308/muted_mp4_med_size_1602187575_muted_med.mp4","size":1041398}},"audio":{"high":{"url":"https://coub-anubis-a.akamaized.net/coub_storage/coub/simple/cw_looped_audio_high/2c8ae18cb64/9d6df4988f39171004c12/1602187598_mp3-high.mp3","size":2444869},"med":{"url":"https://coub-anubis-a.akamaized.net/coub_storage/coub/simple/cw_looped_audio_med/45c4830783e/5f33ec0a6691b2e9f76aa/1602187596_mp3-med.mp3","size":1756091}}},"mobile":{"video":"https://coub-anubis-a.akamaized.net/coub_storage/coub/simple/cw_file/50a82754e1a/463a4b4a6d72ae329a308/muted_mp4_med_size_1602187575_muted_med.mp4","audio":["https://coub-anubis-a.akamaized.net/coub_storage/coub/simple/cw_looped_audio_med/45c4830783e/5f33ec0a6691b2e9f76aa/1602187596_mp3-med.mp3"]},"share":{"default":"https://coub-anubis-a.akamaized.net/coub_storage/coub/simple/cw_video_for_sharing/7410cde2293/eb7f0f341c5f2fe74e68e/1610766037_looped_1610766036.mp4"}},"audio_versions":{"template":"https://coub-anubis-a.akamaized.net/coub_storage/audio_track/cw_file/7000aa926e8/cf3979e55459073950e50/mid_1602187578_7yj8j0_edited.mp3","versions":["mid","low"]},"image_versions":{"template":"https://coub-anubis-a.akamaized.net/coub_storage/coub/simple/cw_image/a5aad4a7dca/aea20fb6b82d58ec76d82/1602187605_00032.jpg","versions":["micro","tiny","age_restricted","ios_large","ios_mosaic","big","med","small","pinterest"]},"first_frame_versions":{"template":"https://coub-anubis-a.akamaized.net/coub_storage/coub/simple/cw_timeline_pic/a857d734490/fc7c3ed0fe2c755392d3d/%{version}_1602187604_image.jpg","versions":["big","med","small","ios_large"]},"dimensions":{"big":[1200,960],"med":[600,480]},"site_w_h":[640,512],"page_w_h":[640,512],"site_w_h_small":[310,248],"size":[1200,960],"age_restricted":false,"age_restricted_by_admin":false,"not_safe_for_work":false,"allow_reuse":false,"dont_crop":true,"banned":false,"global_safe":null,"audio_file_url":"https://coub-anubis-a.akamaized.net/coub_storage/audio_track/cw_file/7000aa926e8/cf3979e55459073950e50/low_1602187578_7yj8j0_edited.mp3","external_download":false,"application":null,"channel":{"id":31279,"permalink":"dream2013","title":" ̶D̶ ̶R̶ ̶E̶ ̶A̶ ̶M̶","description":null,"followers_count":8401,"following_count":358,"avatar_versions":{"template":"https://coub-anubis-a.akamaized.net/coub_storage/channel/cw_avatar/a383acb0804/bed737568d61f17b31fe3/%{version}_1620471307_profile_pic_big_1596669646_M86LLTulLAY__1__-________1_.jpg","versions":["medium","medium_2x","profile_pic","profile_pic_new","profile_pic_new_2x","tiny","tiny_2x","small","small_2x","ios_large","ios_small"]}},"file":null,"picture":"https://coub-anubis-a.akamaized.net/coub_storage/coub/simple/cw_image/a5aad4a7dca/aea20fb6b82d58ec76d82/1602187605_00032.jpg","timeline_picture":"https://coub-anubis-a.akamaized.net/coub_storage/coub/simple/cw_timeline_pic/a857d734490/fc7c3ed0fe2c755392d3d/ios_large_1602187604_image.jpg","small_picture":"https://coub-anubis-a.akamaized.net/coub_storage/coub/simple/cw_image/a5aad4a7dca/aea20fb6b82d58ec76d82/1602187605_00032.jpg","sharing_picture":null,"percent_done":100,"tags":[{"id":5939756,"title":"dm-90 - bangin the beat","value":"dm-90%20-%20bangin%20the%20beat"}],"categories":[{"id":77,"title":"Dance","permalink":"dance","subscriptions_count":10085450,"big_image_url":"https://coub-anubis-a.akamaized.net/coub_storage/category/cw_image/d7afb96f274/3e8dad0b674f8605556f2/big_1545567838_Dance.png","small_image_url":"https://coub-anubis-a.akamaized.net/coub_storage/category/cw_image/d7afb96f274/3e8dad0b674f8605556f2/small_1545567838_Dance.png","med_image_url":"https://coub-anubis-a.akamaized.net/coub_storage/category/cw_image/d7afb96f274/3e8dad0b674f8605556f2/med_1545567838_Dance.png","visible":true}],"communities":[{"id":77,"title":"Dance","permalink":"dance","subscriptions_count":10085450,"big_image_url":"https://coub-anubis-a.akamaized.net/coub_storage/category/cw_image/d7afb96f274/3e8dad0b674f8605556f2/big_1545567838_Dance.png","small_image_url":"https://coub-anubis-a.akamaized.net/coub_storage/category/cw_image/d7afb96f274/3e8dad0b674f8605556f2/small_1545567838_Dance.png","med_image_url":"https://coub-anubis-a.akamaized.net/coub_storage/category/cw_image/d7afb96f274/3e8dad0b674f8605556f2/med_1545567838_Dance.png","i_subscribed":true,"community_notifications_enabled":null,"description":null}],"recoubs_count":105,"remixes_count":3,"likes_count":570,"dislikes_count":0,"raw_video_id":15749692,"uploaded_by_ios_app":false,"uploaded_by_android_app":false,"media_blocks":{"uploaded_raw_videos":[],"external_raw_videos":[],"remixed_from_coubs":[]},"raw_video_thumbnail_url":"/missing/missing.png","raw_video_title":"videoplayback__45___online-video-cutter.com___1_.mp4","video_block_banned":false,"duration":9.96,"promo_winner":false,"promo_winner_recoubers":null,"editorial_info":{},"promo_hint":null,"beeline_best_2014":null,"from_web_editor":true,"normalize_sound":false,"normalize_change_allowed":true,"best2015_addable":false,"ahmad_promo":null,"promo_data":null,"audio_copyright_claim":null,"ads_disabled":false,"is_safe_for_ads":true,"megafon_contents":[],"position_on_page":7},{"flag":null,"abuses":null,"recoubs_by_users_channels":null,"favourite":false,"promoted_id":null,"recoub":null,"like":null,"dislike":null,"reaction":null,"in_my_best2015":false,"id":154266095,"type":"Coub::Simple","permalink":"2jhz8y","title":"7w7","visibility_type":"public","original_visibility_type":"public","channel_id":4758583,"created_at":"2020-09-21T05:23:05Z","updated_at":"2022-03-16T16:54:06Z","is_done":true,"views_count":84260,"cotd":null,"cotd_at":null,"visible_on_explore_root":false,"visible_on_explore":false,"featured":false,"published":true,"published_at":"2020-09-21T05:23:05Z","reversed":false,"from_editor_v2":true,"is_editable":true,"original_sound":false,"has_sound":false,"recoub_to":null,"file_versions":{"html5":{"video":{"higher":{"url":"https://coub-anubis-a.akamaized.net/coub_storage/coub/simple/cw_file/3d25cba2211/138a58abe8c9190218046/muted_mp4_huge_size_1600665789_muted_huge.mp4","size":2675265},"high":{"url":"https://coub-anubis-a.akamaized.net/coub_storage/coub/simple/cw_file/3d25cba2211/138a58abe8c9190218046/muted_mp4_big_size_1600665789_muted_big.mp4","size":1776287},"med":{"url":"https://coub-anubis-a.akamaized.net/coub_storage/coub/simple/cw_file/3d25cba2211/138a58abe8c9190218046/muted_mp4_med_size_1600665789_muted_med.mp4","size":652454}},"audio":{"high":{"url":"https://coub-anubis-a.akamaized.net/coub_storage/coub/simple/cw_looped_audio_high/dbc8fb70c28/71dbb4f0e3c547190b6f6/1607275351_high_1600665792_high.mp3","size":1130874},"med":{"url":"https://coub-anubis-a.akamaized.net/coub_storage/coub/simple/cw_looped_audio_med/4920c25a67d/e44264b21e9861bb2b5b4/1607275350_med_1600665792_med.mp3","size":827328}}},"mobile":{"video":"https://coub-anubis-a.akamaized.net/coub_storage/coub/simple/cw_file/3d25cba2211/138a58abe8c9190218046/muted_mp4_med_size_1600665789_muted_med.mp4","audio":["https://coub-anubis-a.akamaized.net/coub_storage/coub/simple/cw_looped_audio_med/4920c25a67d/e44264b21e9861bb2b5b4/1607275350_med_1600665792_med.mp3"]},"share":{"default":"https://coub-anubis-a.akamaized.net/coub_storage/coub/simple/cw_video_for_sharing/2559f4ee4cd/5864c4718a51a9072b5fb/1608186012_looped_1608186010.mp4"}},"audio_versions":{"template":"https://coub-anubis-a.akamaized.net/coub_storage/audio_track/cw_file/e81cc2d03dd/7fc174ee496a05ccb736a/mid_1600665789_1ql22kd_edited.mp3","versions":["mid","low"]},"image_versions":{"template":"https://coub-anubis-a.akamaized.net/coub_storage/coub/simple/cw_image/477ffaa8ddd/122af50a36cfaebc6388b/1600665798_00024.jpg","versions":["micro","tiny","age_restricted","ios_large","ios_mosaic","big","med","small","pinterest"]},"first_frame_versions":{"template":"https://coub-anubis-a.akamaized.net/coub_storage/coub/simple/cw_timeline_pic/a0a384d965a/564299bb73ddb3c7a5575/%{version}_1600665797_image.jpg","versions":["big","med","small","ios_large"]},"dimensions":{"big":[538,960],"med":[268,480]},"site_w_h":[224,400],"page_w_h":[400,714],"site_w_h_small":[310,553],"size":[538,960],"age_restricted":false,"age_restricted_by_admin":false,"not_safe_for_work":false,"allow_reuse":false,"dont_crop":false,"banned":false,"global_safe":null,"audio_file_url":"https://coub-anubis-a.akamaized.net/coub_storage/audio_track/cw_file/e81cc2d03dd/7fc174ee496a05ccb736a/low_1600665789_1ql22kd_edited.mp3","external_download":false,"application":null,"channel":{"id":4758583,"permalink":"zy-on000","title":"Zy-ON","description":null,"followers_count":2564,"following_count":16,"avatar_versions":{"template":"https://coub-anubis-a.akamaized.net/coub_storage/channel/cw_avatar/bba3b4bf9ec/7a5a0009cf6dfbc25c647/%{version}_1607420812_1utnfph_1577211084_cropped.jpeg","versions":["medium","medium_2x","profile_pic","profile_pic_new","profile_pic_new_2x","tiny","tiny_2x","small","small_2x","ios_large","ios_small"]}},"file":null,"picture":"https://coub-anubis-a.akamaized.net/coub_storage/coub/simple/cw_image/477ffaa8ddd/122af50a36cfaebc6388b/1600665798_00024.jpg","timeline_picture":"https://coub-anubis-a.akamaized.net/coub_storage/coub/simple/cw_timeline_pic/a0a384d965a/564299bb73ddb3c7a5575/ios_large_1600665797_image.jpg","small_picture":"https://coub-anubis-a.akamaized.net/coub_storage/coub/simple/cw_image/477ffaa8ddd/122af50a36cfaebc6388b/1600665798_00024.jpg","sharing_picture":null,"percent_done":100,"tags":[{"id":156867,"title":"coub dance","value":"coub%20dance"},{"id":74393,"title":"asian girl","value":"asian%20girl"}],"categories":[{"id":77,"title":"Dance","permalink":"dance","subscriptions_count":10085450,"big_image_url":"https://coub-anubis-a.akamaized.net/coub_storage/category/cw_image/d7afb96f274/3e8dad0b674f8605556f2/big_1545567838_Dance.png","small_image_url":"https://coub-anubis-a.akamaized.net/coub_storage/category/cw_image/d7afb96f274/3e8dad0b674f8605556f2/small_1545567838_Dance.png","med_image_url":"https://coub-anubis-a.akamaized.net/coub_storage/category/cw_image/d7afb96f274/3e8dad0b674f8605556f2/med_1545567838_Dance.png","visible":true}],"communities":[{"id":77,"title":"Dance","permalink":"dance","subscriptions_count":10085450,"big_image_url":"https://coub-anubis-a.akamaized.net/coub_storage/category/cw_image/d7afb96f274/3e8dad0b674f8605556f2/big_1545567838_Dance.png","small_image_url":"https://coub-anubis-a.akamaized.net/coub_storage/category/cw_image/d7afb96f274/3e8dad0b674f8605556f2/small_1545567838_Dance.png","med_image_url":"https://coub-anubis-a.akamaized.net/coub_storage/category/cw_image/d7afb96f274/3e8dad0b674f8605556f2/med_1545567838_Dance.png","i_subscribed":true,"community_notifications_enabled":null,"description":null}],"recoubs_count":109,"remixes_count":4,"likes_count":570,"dislikes_count":0,"raw_video_id":15691524,"uploaded_by_ios_app":false,"uploaded_by_android_app":false,"media_blocks":{"uploaded_raw_videos":[],"external_raw_videos":[],"remixed_from_coubs":[]},"raw_video_thumbnail_url":"/missing/missing.png","raw_video_title":"Snaptik_6850483091358665989_queent017.mp4","video_block_banned":false,"duration":7.36,"promo_winner":false,"promo_winner_recoubers":null,"editorial_info":{},"promo_hint":null,"beeline_best_2014":null,"from_web_editor":true,"normalize_sound":false,"normalize_change_allowed":true,"best2015_addable":false,"ahmad_promo":null,"promo_data":null,"audio_copyright_claim":null,"ads_disabled":false,"is_safe_for_ads":true,"megafon_contents":[],"position_on_page":8},{"flag":null,"abuses":null,"recoubs_by_users_channels":null,"favourite":false,"promoted_id":null,"recoub":null,"like":null,"dislike":null,"reaction":null,"in_my_best2015":false,"id":147998210,"type":"Coub::Simple","permalink":"2frmvf","title":"Korean bj 🍑","visibility_type":"public","original_visibility_type":"public","channel_id":905493,"created_at":"2020-06-23T11:42:11Z","updated_at":"2022-03-16T16:00:58Z","is_done":true,"views_count":57062,"cotd":null,"cotd_at":null,"visible_on_explore_root":false,"visible_on_explore":false,"featured":false,"published":true,"published_at":"2020-06-23T11:42:11Z","reversed":false,"from_editor_v2":true,"is_editable":true,"original_sound":false,"has_sound":false,"recoub_to":null,"file_versions":{"html5":{"video":{"higher":{"url":"https://coub-anubis-a.akamaized.net/coub_storage/coub/simple/cw_file/46e84973eea/4198339c446bac9584a35/muted_mp4_huge_size_1592912593_muted_huge.mp4","size":3796392},"high":{"url":"https://coub-anubis-a.akamaized.net/coub_storage/coub/simple/cw_file/46e84973eea/4198339c446bac9584a35/muted_mp4_big_size_1592912593_muted_big.mp4","size":2518129},"med":{"url":"https://coub-anubis-a.akamaized.net/coub_storage/coub/simple/cw_file/46e84973eea/4198339c446bac9584a35/muted_mp4_med_size_1592912593_muted_med.mp4","size":822439}},"audio":{"high":{"url":"https://coub-anubis-a.akamaized.net/coub_storage/coub/simple/cw_looped_audio_high/c4a3b5c3e14/1b2dec3e522302c0d3eea/1605683471_high_1592912601_high.mp3","size":698371},"med":{"url":"https://coub-anubis-a.akamaized.net/coub_storage/coub/simple/cw_looped_audio_med/8ded86d3229/223d8e15d122f5d2a9d0b/1605683471_med_1592912601_med.mp3","size":480905}}},"mobile":{"video":"https://coub-anubis-a.akamaized.net/coub_storage/coub/simple/cw_file/46e84973eea/4198339c446bac9584a35/muted_mp4_med_size_1592912593_muted_med.mp4","audio":["https://coub-anubis-a.akamaized.net/coub_storage/coub/simple/cw_looped_audio_med/8ded86d3229/223d8e15d122f5d2a9d0b/1605683471_med_1592912601_med.mp3"]},"share":{"default":"https://coub-anubis-a.akamaized.net/coub_storage/coub/simple/cw_video_for_sharing/9651ea394a1/60b1f9822959670d6f9a0/1608659350_looped_1608659349.mp4"}},"audio_versions":{"template":"https://coub-anubis-a.akamaized.net/coub_storage/audio_track/cw_normalized_copy/a811d49b02c/ddefdecfa00568acff8a7/mid_1592912598_normalized_1592912594_bwpbpd_edited.mp3","versions":["mid","low"]},"image_versions":{"template":"https://coub-anubis-a.akamaized.net/coub_storage/coub/simple/cw_image/9c9d2183a1d/6c839b45b35e001988241/1592912609_00031.jpg","versions":["micro","tiny","age_restricted","ios_large","ios_mosaic","big","med","small","pinterest"]},"first_frame_versions":{"template":"https://coub-anubis-a.akamaized.net/coub_storage/coub/simple/cw_timeline_pic/0a82a9cfdc0/f3b7f9e098cb8addc7e9b/%{version}_1592912609_image.jpg","versions":["big","med","small","ios_large"]},"dimensions":{"big":[1280,720],"med":[640,360]},"site_w_h":[640,360],"page_w_h":[640,360],"site_w_h_small":[310,174],"size":[1280,720],"age_restricted":false,"age_restricted_by_admin":false,"not_safe_for_work":false,"allow_reuse":false,"dont_crop":false,"banned":false,"global_safe":true,"audio_file_url":"https://coub-anubis-a.akamaized.net/coub_storage/audio_track/cw_normalized_copy/a811d49b02c/ddefdecfa00568acff8a7/low_1592912598_normalized_1592912594_bwpbpd_edited.mp3","external_download":{"type":"Youtube","service_name":"YouTube","url":"https://youtu.be/PFM4RqZxRqM","has_embed":true},"application":null,"channel":{"id":905493,"permalink":"asian-grill","title":"Asian grill ","description":"BJ, K-POP","followers_count":11868,"following_count":60,"avatar_versions":{"template":"https://coub-anubis-a.akamaized.net/coub_storage/channel/cw_avatar/43c71e8b1a4/f6b7f365abf55c6428adb/%{version}_1532560236_LEYSHA.png","versions":["medium","medium_2x","profile_pic","profile_pic_new","profile_pic_new_2x","tiny","tiny_2x","small","small_2x","ios_large","ios_small"]}},"file":null,"picture":"https://coub-anubis-a.akamaized.net/coub_storage/coub/simple/cw_image/9c9d2183a1d/6c839b45b35e001988241/1592912609_00031.jpg","timeline_picture":"https://coub-anubis-a.akamaized.net/coub_storage/coub/simple/cw_timeline_pic/0a82a9cfdc0/f3b7f9e098cb8addc7e9b/ios_large_1592912609_image.jpg","small_picture":"https://coub-anubis-a.akamaized.net/coub_storage/coub/simple/cw_image/9c9d2183a1d/6c839b45b35e001988241/1592912609_00031.jpg","sharing_picture":null,"percent_done":100,"tags":[{"id":74397,"title":"korean girl","value":"korean%20girl"},{"id":27496,"title":"bj","value":"bj"},{"id":183,"title":"girl","value":"girl"},{"id":4212,"title":"korean","value":"korean"},{"id":182,"title":"dance","value":"dance"},{"id":1282864,"title":"afreecatv","value":"afreecatv"}],"categories":[{"id":77,"title":"Dance","permalink":"dance","subscriptions_count":10085450,"big_image_url":"https://coub-anubis-a.akamaized.net/coub_storage/category/cw_image/d7afb96f274/3e8dad0b674f8605556f2/big_1545567838_Dance.png","small_image_url":"https://coub-anubis-a.akamaized.net/coub_storage/category/cw_image/d7afb96f274/3e8dad0b674f8605556f2/small_1545567838_Dance.png","med_image_url":"https://coub-anubis-a.akamaized.net/coub_storage/category/cw_image/d7afb96f274/3e8dad0b674f8605556f2/med_1545567838_Dance.png","visible":true}],"communities":[{"id":77,"title":"Dance","permalink":"dance","subscriptions_count":10085450,"big_image_url":"https://coub-anubis-a.akamaized.net/coub_storage/category/cw_image/d7afb96f274/3e8dad0b674f8605556f2/big_1545567838_Dance.png","small_image_url":"https://coub-anubis-a.akamaized.net/coub_storage/category/cw_image/d7afb96f274/3e8dad0b674f8605556f2/small_1545567838_Dance.png","med_image_url":"https://coub-anubis-a.akamaized.net/coub_storage/category/cw_image/d7afb96f274/3e8dad0b674f8605556f2/med_1545567838_Dance.png","i_subscribed":true,"community_notifications_enabled":null,"description":null}],"recoubs_count":84,"remixes_count":3,"likes_count":570,"dislikes_count":0,"raw_video_id":15380451,"uploaded_by_ios_app":false,"uploaded_by_android_app":false,"media_blocks":{"uploaded_raw_videos":[],"external_raw_videos":[{"id":36207234,"title":"Korean bj dance","url":"https://www.youtube.com/watch?v=PFM4RqZxRqM","image":"https://coub-anubis-a.akamaized.net/coub_storage/media_block/cw_image/c9f6c058b0c/2b4b88791d9231de1bfb1/1592911944_156xp8w_1592911844_1jlpw17_att-url-download.jpg","image_retina":"https://coub-anubis-a.akamaized.net/coub_storage/media_block/cw_image/c9f6c058b0c/2b4b88791d9231de1bfb1/1592911944_156xp8w_1592911844_1jlpw17_att-url-download.jpg","meta":{"service":"Youtube","duration":"513.661"},"duration":513.661,"raw_video_id":15380451,"has_embed":true}],"remixed_from_coubs":[],"external_video":{"id":36207234,"title":"Korean bj dance","url":"https://www.youtube.com/watch?v=PFM4RqZxRqM","image":"https://coub-anubis-a.akamaized.net/coub_storage/media_block/cw_image/c9f6c058b0c/2b4b88791d9231de1bfb1/1592911944_156xp8w_1592911844_1jlpw17_att-url-download.jpg","image_retina":"https://coub-anubis-a.akamaized.net/coub_storage/media_block/cw_image/c9f6c058b0c/2b4b88791d9231de1bfb1/1592911944_156xp8w_1592911844_1jlpw17_att-url-download.jpg","meta":{"service":"Youtube","duration":"513.661"},"duration":513.661,"raw_video_id":15380451,"has_embed":true}},"raw_video_thumbnail_url":"/missing/missing.png","raw_video_title":"Korean bj dance","video_block_banned":false,"duration":9.64,"promo_winner":false,"promo_winner_recoubers":null,"editorial_info":{},"promo_hint":null,"beeline_best_2014":null,"from_web_editor":true,"normalize_sound":true,"normalize_change_allowed":true,"best2015_addable":false,"ahmad_promo":null,"promo_data":null,"audio_copyright_claim":null,"ads_disabled":false,"is_safe_for_ads":true,"megafon_contents":[],"position_on_page":9},{"flag":null,"abuses":null,"recoubs_by_users_channels":null,"favourite":false,"promoted_id":null,"recoub":null,"like":null,"dislike":null,"reaction":null,"in_my_best2015":false,"id":134968500,"type":"Coub::Simple","permalink":"27zxkd","title":"TREN-D - Candy Boy","visibility_type":"public","original_visibility_type":"public","channel_id":5563154,"created_at":"2020-01-21T00:43:48Z","updated_at":"2022-02-05T18:11:12Z","is_done":true,"views_count":73761,"cotd":null,"cotd_at":null,"visible_on_explore_root":false,"visible_on_explore":false,"featured":false,"published":true,"published_at":"2020-01-21T00:43:48Z","reversed":false,"from_editor_v2":true,"is_editable":true,"original_sound":false,"has_sound":false,"recoub_to":null,"file_versions":{"html5":{"video":{"higher":{"url":"https://coub-anubis-a.akamaized.net/coub_storage/coub/simple/cw_file/92c30dcd64c/13b5523db8112ec0d6002/muted_mp4_huge_size_1579567457_muted_huge.mp4","size":3486039},"high":{"url":"https://coub-anubis-a.akamaized.net/coub_storage/coub/simple/cw_file/92c30dcd64c/13b5523db8112ec0d6002/muted_mp4_big_size_1579567457_muted_big.mp4","size":2685438},"med":{"url":"https://coub-anubis-a.akamaized.net/coub_storage/coub/simple/cw_file/92c30dcd64c/13b5523db8112ec0d6002/muted_mp4_med_size_1579567457_muted_med.mp4","size":782364}},"audio":{"high":{"url":"https://coub-anubis-a.akamaized.net/coub_storage/coub/simple/cw_looped_audio_high/e9a6dc65404/838294096fe8ddd8cb980/1605704891_high_1579567479_high.mp3","size":2252589},"med":{"url":"https://coub-anubis-a.akamaized.net/coub_storage/coub/simple/cw_looped_audio_med/89161ff2e64/402dedbfa972f74bfd56b/1605704890_med_1579567479_med.mp3","size":1655073}}},"mobile":{"video":"https://coub-anubis-a.akamaized.net/coub_storage/coub/simple/cw_file/92c30dcd64c/13b5523db8112ec0d6002/muted_mp4_med_size_1579567457_muted_med.mp4","audio":["https://coub-anubis-a.akamaized.net/coub_storage/coub/simple/cw_looped_audio_med/89161ff2e64/402dedbfa972f74bfd56b/1605704890_med_1579567479_med.mp3"]},"share":{"default":"https://coub-anubis-a.akamaized.net/coub_storage/coub/simple/cw_video_for_sharing/218b6c374a9/45a73f5a3cd208e92951b/1618717034_looped_1618717033.mp4"}},"audio_versions":{"template":"https://coub-anubis-a.akamaized.net/coub_storage/audio_track/cw_normalized_copy/6423de4b3c5/de69d7ec9d89cae6d1d0b/mid_1579567472_normalized_1579567459_1wlolek_edited.mp3","versions":["mid","low"]},"image_versions":{"template":"https://coub-anubis-a.akamaized.net/coub_storage/coub/simple/cw_image/29db82afca8/a0943f1118098ed42bbf5/1579567490_00032.jpg","versions":["micro","tiny","age_restricted","ios_large","ios_mosaic","big","med","small","pinterest"]},"first_frame_versions":{"template":"https://coub-anubis-a.akamaized.net/coub_storage/coub/simple/cw_timeline_pic/15c99449927/3f6a4b52f6ef05dc33d89/%{version}_1579567489_image.jpg","versions":["big","med","small","ios_large"]},"dimensions":{"big":[1280,720],"med":[640,360]},"site_w_h":[640,360],"page_w_h":[640,360],"site_w_h_small":[310,174],"size":[1280,720],"age_restricted":false,"age_restricted_by_admin":false,"not_safe_for_work":false,"allow_reuse":false,"dont_crop":false,"banned":false,"global_safe":true,"audio_file_url":"https://coub-anubis-a.akamaized.net/coub_storage/audio_track/cw_normalized_copy/6423de4b3c5/de69d7ec9d89cae6d1d0b/low_1579567472_normalized_1579567459_1wlolek_edited.mp3","external_download":false,"application":null,"channel":{"id":5563154,"permalink":"mark-amelin2","title":"Mark Amelin","description":null,"followers_count":34,"following_count":82,"avatar_versions":{"template":"https://coub-anubis-a.akamaized.net/coub_storage/channel/cw_avatar/7f85755fb5f/0278ecfb2f78d55080d56/%{version}_1607589844_asdbfs_1577797266_2019-12-31_16-00-42.png","versions":["medium","medium_2x","profile_pic","profile_pic_new","profile_pic_new_2x","tiny","tiny_2x","small","small_2x","ios_large","ios_small"]}},"file":null,"picture":"https://coub-anubis-a.akamaized.net/coub_storage/coub/simple/cw_image/29db82afca8/a0943f1118098ed42bbf5/1579567490_00032.jpg","timeline_picture":"https://coub-anubis-a.akamaized.net/coub_storage/coub/simple/cw_timeline_pic/15c99449927/3f6a4b52f6ef05dc33d89/ios_large_1579567489_image.jpg","small_picture":"https://coub-anubis-a.akamaized.net/coub_storage/coub/simple/cw_image/29db82afca8/a0943f1118098ed42bbf5/1579567490_00032.jpg","sharing_picture":null,"percent_done":100,"tags":[{"id":2279259,"title":"tren-d - candy boy","value":"tren-d%20-%20candy%20boy"},{"id":5433394,"title":"r3hab a touch of class all around the world (la la la)","value":"r3hab%20a%20touch%20of%20class%20all%20around%20the%20world%20(la%20la%20la)"},{"id":182,"title":"dance","value":"dance"},{"id":86,"title":"music","value":"music"},{"id":6514,"title":"japan","value":"japan"},{"id":3174,"title":"япония","value":"%D1%8F%D0%BF%D0%BE%D0%BD%D0%B8%D1%8F"},{"id":530,"title":"танец","value":"%D1%82%D0%B0%D0%BD%D0%B5%D1%86"},{"id":2817,"title":"видео","value":"%D0%B2%D0%B8%D0%B4%D0%B5%D0%BE"},{"id":257922,"title":"2019","value":"2019"}],"categories":[{"id":77,"title":"Dance","permalink":"dance","subscriptions_count":10085450,"big_image_url":"https://coub-anubis-a.akamaized.net/coub_storage/category/cw_image/d7afb96f274/3e8dad0b674f8605556f2/big_1545567838_Dance.png","small_image_url":"https://coub-anubis-a.akamaized.net/coub_storage/category/cw_image/d7afb96f274/3e8dad0b674f8605556f2/small_1545567838_Dance.png","med_image_url":"https://coub-anubis-a.akamaized.net/coub_storage/category/cw_image/d7afb96f274/3e8dad0b674f8605556f2/med_1545567838_Dance.png","visible":true}],"communities":[{"id":77,"title":"Dance","permalink":"dance","subscriptions_count":10085450,"big_image_url":"https://coub-anubis-a.akamaized.net/coub_storage/category/cw_image/d7afb96f274/3e8dad0b674f8605556f2/big_1545567838_Dance.png","small_image_url":"https://coub-anubis-a.akamaized.net/coub_storage/category/cw_image/d7afb96f274/3e8dad0b674f8605556f2/small_1545567838_Dance.png","med_image_url":"https://coub-anubis-a.akamaized.net/coub_storage/category/cw_image/d7afb96f274/3e8dad0b674f8605556f2/med_1545567838_Dance.png","i_subscribed":true,"community_notifications_enabled":null,"description":null}],"recoubs_count":115,"remixes_count":1,"likes_count":570,"dislikes_count":0,"raw_video_id":14726400,"uploaded_by_ios_app":false,"uploaded_by_android_app":false,"media_blocks":{"uploaded_raw_videos":[],"external_raw_videos":[],"remixed_from_coubs":[]},"raw_video_thumbnail_url":"/missing/missing.png","raw_video_title":"__________TREN-D________.mp4","video_block_banned":false,"duration":10.0,"promo_winner":false,"promo_winner_recoubers":null,"editorial_info":{},"promo_hint":null,"beeline_best_2014":null,"from_web_editor":true,"normalize_sound":true,"normalize_change_allowed":true,"best2015_addable":false,"ahmad_promo":null,"promo_data":null,"audio_copyright_claim":null,"ads_disabled":false,"is_safe_for_ads":true,"megafon_contents":[],"position_on_page":10}]}