{"page":418,"per_page":10,"total_pages":500,"coubs":[{"flag":null,"abuses":null,"recoubs_by_users_channels":null,"favourite":false,"promoted_id":null,"recoub":null,"like":null,"dislike":null,"reaction":null,"in_my_best2015":false,"id":151722736,"type":"Coub::Simple","permalink":"2hzgra","title":"Laisse tomber les filles","visibility_type":"public","original_visibility_type":"public","channel_id":3288723,"created_at":"2020-08-14T08:47:10Z","updated_at":"2022-03-17T20:07:40Z","is_done":true,"views_count":46063,"cotd":null,"cotd_at":null,"visible_on_explore_root":false,"visible_on_explore":false,"featured":false,"published":true,"published_at":"2020-08-14T08:47:10Z","reversed":false,"from_editor_v2":true,"is_editable":true,"original_sound":false,"has_sound":false,"recoub_to":null,"file_versions":{"html5":{"video":{"higher":{"url":"https://coub-anubis-a.akamaized.net/coub_storage/coub/simple/cw_file/12573a63688/32963d12c8f1d7a53619f/muted_mp4_huge_size_1597394833_muted_huge.mp4","size":3666131},"high":{"url":"https://coub-anubis-a.akamaized.net/coub_storage/coub/simple/cw_file/12573a63688/32963d12c8f1d7a53619f/muted_mp4_big_size_1597394833_muted_big.mp4","size":2243352},"med":{"url":"https://coub-anubis-a.akamaized.net/coub_storage/coub/simple/cw_file/12573a63688/32963d12c8f1d7a53619f/muted_mp4_med_size_1597394833_muted_med.mp4","size":819830}},"audio":{"high":{"url":"https://coub-anubis-a.akamaized.net/coub_storage/coub/simple/cw_looped_audio_high/01b02cb9bab/90226d0fbc8ebb465b901/1607337972_high_1597394851_high.mp3","size":1717942},"med":{"url":"https://coub-anubis-a.akamaized.net/coub_storage/coub/simple/cw_looped_audio_med/02e6f7a8d47/5ab58cc902397708c9f4e/1607337971_med_1597394851_med.mp3","size":1709716}}},"mobile":{"video":"https://coub-anubis-a.akamaized.net/coub_storage/coub/simple/cw_file/12573a63688/32963d12c8f1d7a53619f/muted_mp4_med_size_1597394833_muted_med.mp4","audio":["https://coub-anubis-a.akamaized.net/coub_storage/coub/simple/cw_looped_audio_med/02e6f7a8d47/5ab58cc902397708c9f4e/1607337971_med_1597394851_med.mp3"]},"share":{"default":"https://coub-anubis-a.akamaized.net/coub_storage/coub/simple/cw_video_for_sharing/506790557b8/354c580d57c11a23b0ed0/1608847585_looped_1608847582.mp4"}},"audio_versions":{"template":"https://coub-anubis-a.akamaized.net/coub_storage/audio_track/cw_normalized_copy/214a9eb9e4b/1333d9b7f3914d5fb901d/mid_1597394845_normalized_1597394835_eiw2hr_edited.mp3","versions":["mid","low"]},"image_versions":{"template":"https://coub-anubis-a.akamaized.net/coub_storage/coub/simple/cw_image/11d74d39f6e/13241368756a85370441a/1597394860_00025.jpg","versions":["micro","tiny","age_restricted","ios_large","ios_mosaic","big","med","small","pinterest"]},"first_frame_versions":{"template":"https://coub-anubis-a.akamaized.net/coub_storage/coub/simple/cw_timeline_pic/9120055161a/dddc5f7e1fc2085c856d7/%{version}_1597394859_image.jpg","versions":["big","med","small","ios_large"]},"dimensions":{"big":[1280,720],"med":[640,360]},"site_w_h":[640,360],"page_w_h":[640,360],"site_w_h_small":[310,174],"size":[1280,720],"age_restricted":false,"age_restricted_by_admin":false,"not_safe_for_work":false,"allow_reuse":false,"dont_crop":true,"banned":false,"global_safe":null,"audio_file_url":"https://coub-anubis-a.akamaized.net/coub_storage/audio_track/cw_normalized_copy/214a9eb9e4b/1333d9b7f3914d5fb901d/low_1597394845_normalized_1597394835_eiw2hr_edited.mp3","external_download":false,"application":null,"channel":{"id":3288723,"permalink":"grafrus77","title":"♔ GraFRus™","description":"#Music #Humor #Dancing #Nature #Relax","followers_count":265,"following_count":0,"avatar_versions":{"template":"https://coub-anubis-a.akamaized.net/coub_storage/channel/cw_avatar/3b4de675940/227a0a31a1f3313bf7c43/%{version}_1647088900_image77777.jpg","versions":["medium","medium_2x","profile_pic","profile_pic_new","profile_pic_new_2x","tiny","tiny_2x","small","small_2x","ios_large","ios_small"]}},"file":null,"picture":"https://coub-anubis-a.akamaized.net/coub_storage/coub/simple/cw_image/11d74d39f6e/13241368756a85370441a/1597394860_00025.jpg","timeline_picture":"https://coub-anubis-a.akamaized.net/coub_storage/coub/simple/cw_timeline_pic/9120055161a/dddc5f7e1fc2085c856d7/ios_large_1597394859_image.jpg","small_picture":"https://coub-anubis-a.akamaized.net/coub_storage/coub/simple/cw_image/11d74d39f6e/13241368756a85370441a/1597394860_00025.jpg","sharing_picture":null,"percent_done":100,"tags":[{"id":182,"title":"dance","value":"dance"}],"categories":[{"id":77,"title":"Dance","permalink":"dance","subscriptions_count":10085450,"big_image_url":"https://coub-anubis-a.akamaized.net/coub_storage/category/cw_image/d7afb96f274/3e8dad0b674f8605556f2/big_1545567838_Dance.png","small_image_url":"https://coub-anubis-a.akamaized.net/coub_storage/category/cw_image/d7afb96f274/3e8dad0b674f8605556f2/small_1545567838_Dance.png","med_image_url":"https://coub-anubis-a.akamaized.net/coub_storage/category/cw_image/d7afb96f274/3e8dad0b674f8605556f2/med_1545567838_Dance.png","visible":true}],"communities":[{"id":77,"title":"Dance","permalink":"dance","subscriptions_count":10085450,"big_image_url":"https://coub-anubis-a.akamaized.net/coub_storage/category/cw_image/d7afb96f274/3e8dad0b674f8605556f2/big_1545567838_Dance.png","small_image_url":"https://coub-anubis-a.akamaized.net/coub_storage/category/cw_image/d7afb96f274/3e8dad0b674f8605556f2/small_1545567838_Dance.png","med_image_url":"https://coub-anubis-a.akamaized.net/coub_storage/category/cw_image/d7afb96f274/3e8dad0b674f8605556f2/med_1545567838_Dance.png","i_subscribed":true,"community_notifications_enabled":null,"description":null}],"recoubs_count":94,"remixes_count":0,"likes_count":678,"dislikes_count":0,"raw_video_id":15564669,"uploaded_by_ios_app":false,"uploaded_by_android_app":false,"media_blocks":{"uploaded_raw_videos":[],"external_raw_videos":[],"remixed_from_coubs":[]},"raw_video_thumbnail_url":"/missing/missing.png","raw_video_title":"video__4_.mp4","video_block_banned":false,"duration":7.72,"promo_winner":false,"promo_winner_recoubers":null,"editorial_info":{},"promo_hint":null,"beeline_best_2014":null,"from_web_editor":true,"normalize_sound":true,"normalize_change_allowed":true,"best2015_addable":false,"ahmad_promo":null,"promo_data":null,"audio_copyright_claim":null,"ads_disabled":false,"is_safe_for_ads":true,"megafon_contents":[],"position_on_page":1},{"flag":null,"abuses":null,"recoubs_by_users_channels":null,"favourite":false,"promoted_id":null,"recoub":null,"like":null,"dislike":null,"reaction":null,"in_my_best2015":false,"id":146837091,"type":"Coub::Simple","permalink":"2f2qxt","title":"@succubusty Music: Carla Morrison - Disfruto (Audioiko Remix)","visibility_type":"public","original_visibility_type":"public","channel_id":776192,"created_at":"2020-06-07T22:33:33Z","updated_at":"2022-03-16T15:14:49Z","is_done":true,"views_count":57629,"cotd":null,"cotd_at":null,"visible_on_explore_root":false,"visible_on_explore":false,"featured":false,"published":true,"published_at":"2020-06-07T22:33:32Z","reversed":false,"from_editor_v2":true,"is_editable":true,"original_sound":false,"has_sound":false,"recoub_to":null,"file_versions":{"html5":{"video":{"higher":{"url":"https://coub-anubis-a.akamaized.net/coub_storage/coub/simple/cw_file/cb4e78f652e/1983ee9e316d782e5ff26/muted_mp4_huge_size_1591569218_muted_huge.mp4","size":2511003},"high":{"url":"https://coub-anubis-a.akamaized.net/coub_storage/coub/simple/cw_file/cb4e78f652e/1983ee9e316d782e5ff26/muted_mp4_big_size_1591569218_muted_big.mp4","size":1568250},"med":{"url":"https://coub-anubis-a.akamaized.net/coub_storage/coub/simple/cw_file/cb4e78f652e/1983ee9e316d782e5ff26/muted_mp4_med_size_1591569218_muted_med.mp4","size":524656}},"audio":{"high":{"url":"https://coub-anubis-a.akamaized.net/coub_storage/coub/simple/cw_looped_audio_high/52d85003bea/38a1c03b870010ae9b999/1605687330_high_1591569221_high.mp3","size":1127912},"med":{"url":"https://coub-anubis-a.akamaized.net/coub_storage/coub/simple/cw_looped_audio_med/9b83e0cd16b/f04b0a64fc979807cdc21/1605687329_med_1591569221_med.mp3","size":907392}}},"mobile":{"video":"https://coub-anubis-a.akamaized.net/coub_storage/coub/simple/cw_file/cb4e78f652e/1983ee9e316d782e5ff26/muted_mp4_med_size_1591569218_muted_med.mp4","audio":["https://coub-anubis-a.akamaized.net/coub_storage/coub/simple/cw_looped_audio_med/9b83e0cd16b/f04b0a64fc979807cdc21/1605687329_med_1591569221_med.mp3"]},"share":{"default":"https://coub-anubis-a.akamaized.net/coub_storage/coub/simple/cw_video_for_sharing/2785c3c3206/9497caa36f704f1cf750b/1609302504_looped_1609302503.mp4"}},"audio_versions":{"template":"https://coub-anubis-a.akamaized.net/coub_storage/audio_track/cw_normalized_copy/714aaaa3e1d/d17023863fc8dce95bbbc/mid_1591569219_normalized_1591569218_59iz2r_edited.mp3","versions":["mid","low"]},"image_versions":{"template":"https://coub-anubis-a.akamaized.net/coub_storage/coub/simple/cw_image/2363fce81af/053d7660b159901d2418c/1591569228_00026.jpg","versions":["micro","tiny","age_restricted","ios_large","ios_mosaic","big","med","small","pinterest"]},"first_frame_versions":{"template":"https://coub-anubis-a.akamaized.net/coub_storage/coub/simple/cw_timeline_pic/c2e2fbcbf3c/fe345eab5b53d0a49f31a/%{version}_1591569228_image.jpg","versions":["big","med","small","ios_large"]},"dimensions":{"big":[960,960],"med":[480,480]},"site_w_h":[400,400],"page_w_h":[400,400],"site_w_h_small":[310,310],"size":[960,960],"age_restricted":false,"age_restricted_by_admin":false,"not_safe_for_work":false,"allow_reuse":false,"dont_crop":false,"banned":false,"global_safe":true,"audio_file_url":"https://coub-anubis-a.akamaized.net/coub_storage/audio_track/cw_normalized_copy/714aaaa3e1d/d17023863fc8dce95bbbc/low_1591569219_normalized_1591569218_59iz2r_edited.mp3","external_download":false,"application":null,"channel":{"id":776192,"permalink":"vladimirovich1398196094","title":"Andrey Kaverzin","description":null,"followers_count":26,"following_count":12,"avatar_versions":{"template":"https://coub-anubis-a.akamaized.net/coub_storage/channel/cw_avatar/d3f6ff95dc8/b98108cf6d52f17b3a5e5/%{version}_1474530103_xx27ci_att-url-download.jpg","versions":["medium","medium_2x","profile_pic","profile_pic_new","profile_pic_new_2x","tiny","tiny_2x","small","small_2x","ios_large","ios_small"]}},"file":null,"picture":"https://coub-anubis-a.akamaized.net/coub_storage/coub/simple/cw_image/2363fce81af/053d7660b159901d2418c/1591569228_00026.jpg","timeline_picture":"https://coub-anubis-a.akamaized.net/coub_storage/coub/simple/cw_timeline_pic/c2e2fbcbf3c/fe345eab5b53d0a49f31a/ios_large_1591569228_image.jpg","small_picture":"https://coub-anubis-a.akamaized.net/coub_storage/coub/simple/cw_image/2363fce81af/053d7660b159901d2418c/1591569228_00026.jpg","sharing_picture":null,"percent_done":100,"tags":[{"id":553897,"title":"раны","value":"%D1%80%D0%B0%D0%BD%D1%8B"},{"id":5533844,"title":"не замечая мои раны","value":"%D0%BD%D0%B5%20%D0%B7%D0%B0%D0%BC%D0%B5%D1%87%D0%B0%D1%8F%20%D0%BC%D0%BE%D0%B8%20%D1%80%D0%B0%D0%BD%D1%8B"},{"id":5533843,"title":"груные романы","value":"%D0%B3%D1%80%D1%83%D0%BD%D1%8B%D0%B5%20%D1%80%D0%BE%D0%BC%D0%B0%D0%BD%D1%8B"},{"id":5533842,"title":"но все тебя","value":"%D0%BD%D0%BE%20%D0%B2%D1%81%D0%B5%20%D1%82%D0%B5%D0%B1%D1%8F"},{"id":5458648,"title":"а ты красивая","value":"%D0%B0%20%D1%82%D1%8B%20%D0%BA%D1%80%D0%B0%D1%81%D0%B8%D0%B2%D0%B0%D1%8F"},{"id":569780,"title":"молоденькая","value":"%D0%BC%D0%BE%D0%BB%D0%BE%D0%B4%D0%B5%D0%BD%D1%8C%D0%BA%D0%B0%D1%8F"},{"id":22074,"title":"красивая","value":"%D0%BA%D1%80%D0%B0%D1%81%D0%B8%D0%B2%D0%B0%D1%8F"},{"id":530,"title":"танец","value":"%D1%82%D0%B0%D0%BD%D0%B5%D1%86"},{"id":270,"title":"девушка","value":"%D0%B4%D0%B5%D0%B2%D1%83%D1%88%D0%BA%D0%B0"},{"id":367,"title":"hot","value":"hot"},{"id":130562,"title":"bestcoub","value":"bestcoub"},{"id":5740,"title":"dream","value":"dream"},{"id":1048488,"title":"dreamgirl","value":"dreamgirl"},{"id":86,"title":"music","value":"music"},{"id":182,"title":"dance","value":"dance"},{"id":172327,"title":"dance girl","value":"dance%20girl"}],"categories":[{"id":77,"title":"Dance","permalink":"dance","subscriptions_count":10085450,"big_image_url":"https://coub-anubis-a.akamaized.net/coub_storage/category/cw_image/d7afb96f274/3e8dad0b674f8605556f2/big_1545567838_Dance.png","small_image_url":"https://coub-anubis-a.akamaized.net/coub_storage/category/cw_image/d7afb96f274/3e8dad0b674f8605556f2/small_1545567838_Dance.png","med_image_url":"https://coub-anubis-a.akamaized.net/coub_storage/category/cw_image/d7afb96f274/3e8dad0b674f8605556f2/med_1545567838_Dance.png","visible":true}],"communities":[{"id":77,"title":"Dance","permalink":"dance","subscriptions_count":10085450,"big_image_url":"https://coub-anubis-a.akamaized.net/coub_storage/category/cw_image/d7afb96f274/3e8dad0b674f8605556f2/big_1545567838_Dance.png","small_image_url":"https://coub-anubis-a.akamaized.net/coub_storage/category/cw_image/d7afb96f274/3e8dad0b674f8605556f2/small_1545567838_Dance.png","med_image_url":"https://coub-anubis-a.akamaized.net/coub_storage/category/cw_image/d7afb96f274/3e8dad0b674f8605556f2/med_1545567838_Dance.png","i_subscribed":true,"community_notifications_enabled":null,"description":null}],"recoubs_count":98,"remixes_count":1,"likes_count":678,"dislikes_count":0,"raw_video_id":"","uploaded_by_ios_app":true,"uploaded_by_android_app":false,"media_blocks":{"uploaded_raw_videos":[],"external_raw_videos":[],"remixed_from_coubs":[{"id":35104103,"title":"Because You Move Me","url":"https://coub.com/coubs/2aqvgo/remix","image":"https://coub-anubis-a.akamaized.net/coub_storage/media_block/cw_image/6575c0efd9b/a05d33138c2f0e93f1fc9/1584528009_1qrk7u3_1584527979_00026.jpg","image_retina":"https://coub-anubis-a.akamaized.net/coub_storage/media_block/cw_image/6575c0efd9b/a05d33138c2f0e93f1fc9/1584528009_1qrk7u3_1584527979_00026.jpg","meta":{"duration":"8.12"},"duration":null,"coub_channel_title":"AreYouReal?","coub_channel_permalink":"areyoureal","coub_views_count":309839,"coub_permalink":"2aqvgo"}]},"raw_video_thumbnail_url":"","raw_video_title":"","video_block_banned":false,"duration":8.12,"promo_winner":false,"promo_winner_recoubers":null,"editorial_info":{},"promo_hint":null,"beeline_best_2014":null,"from_web_editor":false,"normalize_sound":true,"normalize_change_allowed":true,"best2015_addable":false,"ahmad_promo":null,"promo_data":null,"audio_copyright_claim":null,"ads_disabled":false,"is_safe_for_ads":true,"megafon_contents":[],"position_on_page":2},{"flag":null,"abuses":null,"recoubs_by_users_channels":null,"favourite":false,"promoted_id":null,"recoub":null,"like":null,"dislike":null,"reaction":null,"in_my_best2015":false,"id":138486047,"type":"Coub::Simple","permalink":"2a3r6i","title":"Gigi D'Agostino","visibility_type":"public","original_visibility_type":"public","channel_id":7460463,"created_at":"2020-03-02T20:51:12Z","updated_at":"2022-01-08T11:22:35Z","is_done":true,"views_count":60193,"cotd":null,"cotd_at":null,"visible_on_explore_root":false,"visible_on_explore":false,"featured":false,"published":true,"published_at":"2020-03-02T20:51:11Z","reversed":false,"from_editor_v2":true,"is_editable":true,"original_sound":false,"has_sound":false,"recoub_to":null,"file_versions":{"html5":{"video":{"higher":{"url":"https://coub-anubis-a.akamaized.net/coub_storage/coub/simple/cw_file/aa9aa55dd99/2758d695104c35255c993/muted_mp4_huge_size_1583182288_muted_huge.mp4","size":3217402},"high":{"url":"https://coub-anubis-a.akamaized.net/coub_storage/coub/simple/cw_file/aa9aa55dd99/2758d695104c35255c993/muted_mp4_big_size_1583182288_muted_big.mp4","size":2337866},"med":{"url":"https://coub-anubis-a.akamaized.net/coub_storage/coub/simple/cw_file/aa9aa55dd99/2758d695104c35255c993/muted_mp4_med_size_1583182288_muted_med.mp4","size":787133}},"audio":{"high":{"url":"https://coub-anubis-a.akamaized.net/coub_storage/coub/simple/cw_looped_audio_high/8b193cb8d8c/5db61c903a21d779b6d19/1605707096_high_1583182297_high.mp3","size":1078255},"med":{"url":"https://coub-anubis-a.akamaized.net/coub_storage/coub/simple/cw_looped_audio_med/6c5ba658e97/6d14cc3a194d2fa7e11b9/1605707096_med_1583182297_med.mp3","size":839004}}},"mobile":{"video":"https://coub-anubis-a.akamaized.net/coub_storage/coub/simple/cw_file/aa9aa55dd99/2758d695104c35255c993/muted_mp4_med_size_1583182288_muted_med.mp4","audio":["https://coub-anubis-a.akamaized.net/coub_storage/coub/simple/cw_looped_audio_med/6c5ba658e97/6d14cc3a194d2fa7e11b9/1605707096_med_1583182297_med.mp3"]},"share":{"default":"https://coub-anubis-a.akamaized.net/coub_storage/coub/simple/cw_video_for_sharing/66a2a7a7bb5/8319ff8b92deb00c7e963/1609884681_looped_1609884680.mp4"}},"audio_versions":{"template":"https://coub-anubis-a.akamaized.net/coub_storage/audio_track/cw_normalized_copy/e3010ec6773/b63e22d3379f7e80d18cc/mid_1583182291_normalized_1583182216_audio.mp3","versions":["mid","low"]},"image_versions":{"template":"https://coub-anubis-a.akamaized.net/coub_storage/coub/simple/cw_image/3f32efa6f77/7c06bc0754dd1f0f29cb7/1583182311_00024.jpg","versions":["micro","tiny","age_restricted","ios_large","ios_mosaic","big","med","small","pinterest"]},"first_frame_versions":{"template":"https://coub-anubis-a.akamaized.net/coub_storage/coub/simple/cw_timeline_pic/b89dbb6cca2/54460b677da0257c8779e/1583182310_image.jpg","versions":["big","med","small","ios_large"]},"dimensions":{"big":[1280,720],"med":[640,360]},"site_w_h":[640,360],"page_w_h":[640,360],"site_w_h_small":[310,174],"size":[1280,720],"age_restricted":false,"age_restricted_by_admin":false,"not_safe_for_work":false,"allow_reuse":false,"dont_crop":false,"banned":false,"global_safe":true,"audio_file_url":"https://coub-anubis-a.akamaized.net/coub_storage/audio_track/cw_normalized_copy/e3010ec6773/b63e22d3379f7e80d18cc/low_1583182291_normalized_1583182216_audio.mp3","external_download":false,"application":null,"channel":{"id":7460463,"permalink":"vasya.papa88","title":"vasya.papa.88","description":null,"followers_count":844,"following_count":86,"avatar_versions":{"template":"https://coub-anubis-a.akamaized.net/coub_storage/channel/cw_avatar/93e738f79c2/adb9e28ca6d0850d074e6/%{version}_1607414039_ddvmkl_1575964906_Ude43dc00dea040c2acea91e9ad75a0905.jpg","versions":["medium","medium_2x","profile_pic","profile_pic_new","profile_pic_new_2x","tiny","tiny_2x","small","small_2x","ios_large","ios_small"]}},"file":null,"picture":"https://coub-anubis-a.akamaized.net/coub_storage/coub/simple/cw_image/3f32efa6f77/7c06bc0754dd1f0f29cb7/1583182311_00024.jpg","timeline_picture":"https://coub-anubis-a.akamaized.net/coub_storage/coub/simple/cw_timeline_pic/b89dbb6cca2/54460b677da0257c8779e/1583182310_image.jpg","small_picture":"https://coub-anubis-a.akamaized.net/coub_storage/coub/simple/cw_image/3f32efa6f77/7c06bc0754dd1f0f29cb7/1583182311_00024.jpg","sharing_picture":null,"percent_done":100,"tags":[{"id":23983,"title":"dancing girls","value":"dancing%20girls"},{"id":394775,"title":"asian girls","value":"asian%20girls"},{"id":7399,"title":"asian","value":"asian"},{"id":144330,"title":"korean girls","value":"korean%20girls"},{"id":1702033,"title":"muratsan","value":"muratsan"},{"id":75666,"title":"платье","value":"%D0%BF%D0%BB%D0%B0%D1%82%D1%8C%D0%B5"},{"id":7558,"title":"dress","value":"dress"},{"id":152159,"title":"персии","value":"%D0%BF%D0%B5%D1%80%D1%81%D0%B8%D0%B8"},{"id":82836,"title":"принц","value":"%D0%BF%D1%80%D0%B8%D0%BD%D1%86"},{"id":2397,"title":"гитара","value":"%D0%B3%D0%B8%D1%82%D0%B0%D1%80%D0%B0"},{"id":8371,"title":"басс","value":"%D0%B1%D0%B0%D1%81%D1%81"},{"id":1405,"title":"guitar","value":"guitar"},{"id":1345,"title":"bass","value":"bass"},{"id":30342,"title":"persia","value":"persia"},{"id":5839,"title":"of","value":"of"},{"id":6240,"title":"prince","value":"prince"},{"id":1087,"title":"rock","value":"rock"},{"id":1261,"title":"рок","value":"%D1%80%D0%BE%D0%BA"},{"id":11924,"title":"телочки","value":"%D1%82%D0%B5%D0%BB%D0%BE%D1%87%D0%BA%D0%B8"},{"id":1331,"title":"sex","value":"sex"},{"id":4728,"title":"секс","value":"%D1%81%D0%B5%D0%BA%D1%81"},{"id":956037,"title":"кореянки","value":"%D0%BA%D0%BE%D1%80%D0%B5%D1%8F%D0%BD%D0%BA%D0%B8"},{"id":125,"title":"dancing","value":"dancing"},{"id":10793,"title":"pop","value":"pop"},{"id":24098,"title":"stockings","value":"stockings"},{"id":528306,"title":"фетиш","value":"%D1%84%D0%B5%D1%82%D0%B8%D1%88"},{"id":23982,"title":"fetish","value":"fetish"},{"id":112150,"title":"горячее","value":"%D0%B3%D0%BE%D1%80%D1%8F%D1%87%D0%B5%D0%B5"},{"id":5123,"title":"popular","value":"popular"},{"id":148773,"title":"популярно","value":"%D0%BF%D0%BE%D0%BF%D1%83%D0%BB%D1%8F%D1%80%D0%BD%D0%BE"},{"id":367,"title":"hot","value":"hot"},{"id":45324,"title":"фап","value":"%D1%84%D0%B0%D0%BF"},{"id":8020,"title":"fap","value":"fap"},{"id":1822,"title":"legs","value":"legs"},{"id":22083,"title":"ножки","value":"%D0%BD%D0%BE%D0%B6%D0%BA%D0%B8"},{"id":15009,"title":"ноги","value":"%D0%BD%D0%BE%D0%B3%D0%B8"},{"id":4732,"title":"butt","value":"butt"},{"id":72748,"title":"asses","value":"asses"},{"id":122,"title":"ass","value":"ass"},{"id":7733,"title":"попки","value":"%D0%BF%D0%BE%D0%BF%D0%BA%D0%B8"},{"id":4219,"title":"попа","value":"%D0%BF%D0%BE%D0%BF%D0%B0"},{"id":31000,"title":"юбки","value":"%D1%8E%D0%B1%D0%BA%D0%B8"},{"id":58934,"title":"чулки","value":"%D1%87%D1%83%D0%BB%D0%BA%D0%B8"},{"id":511553,"title":"корейские","value":"%D0%BA%D0%BE%D1%80%D0%B5%D0%B9%D1%81%D0%BA%D0%B8%D0%B5"},{"id":7663,"title":"танцуют","value":"%D1%82%D0%B0%D0%BD%D1%86%D1%83%D1%8E%D1%82"},{"id":249,"title":"танцы","value":"%D1%82%D0%B0%D0%BD%D1%86%D1%8B"},{"id":16688,"title":"девочки","value":"%D0%B4%D0%B5%D0%B2%D0%BE%D1%87%D0%BA%D0%B8"},{"id":3103,"title":"девушки","value":"%D0%B4%D0%B5%D0%B2%D1%83%D1%88%D0%BA%D0%B8"},{"id":703733,"title":"кпоп","value":"%D0%BA%D0%BF%D0%BE%D0%BF"},{"id":302660,"title":"к-поп","value":"%D0%BA-%D0%BF%D0%BE%D0%BF"},{"id":5020,"title":"k-pop","value":"k-pop"},{"id":3414,"title":"секси","value":"%D1%81%D0%B5%D0%BA%D1%81%D0%B8"},{"id":64662,"title":"сексуально","value":"%D1%81%D0%B5%D0%BA%D1%81%D1%83%D0%B0%D0%BB%D1%8C%D0%BD%D0%BE"},{"id":30343,"title":"within","value":"within"},{"id":9279,"title":"welcome","value":"welcome"},{"id":1291509,"title":"chatwood","value":"chatwood"},{"id":15650,"title":"stuart","value":"stuart"},{"id":86,"title":"music","value":"music"},{"id":4265,"title":"strip","value":"strip"},{"id":4212,"title":"korean","value":"korean"},{"id":182,"title":"dance","value":"dance"},{"id":34406,"title":"kpop","value":"kpop"},{"id":265,"title":"girls","value":"girls"},{"id":184,"title":"sexy","value":"sexy"},{"id":603103,"title":"vibrato","value":"vibrato"},{"id":10592,"title":"eric","value":"eric"},{"id":1351735,"title":"에릭","value":"%EC%97%90%EB%A6%AD"},{"id":1351734,"title":"g-high","value":"g-high"},{"id":1351733,"title":"지하이","value":"%EC%A7%80%ED%95%98%EC%9D%B4"},{"id":1351732,"title":"이주형","value":"%EC%9D%B4%EC%A3%BC%ED%98%95"},{"id":1351731,"title":"김가영","value":"%EA%B9%80%EA%B0%80%EC%98%81"},{"id":81555,"title":"stellar","value":"stellar"},{"id":1291,"title":"mask","value":"mask"},{"id":1351730,"title":"가면","value":"%EA%B0%80%EB%A9%B4"},{"id":1351729,"title":"마스크","value":"%EB%A7%88%EC%8A%A4%ED%81%AC"},{"id":8298,"title":"mv","value":"mv"},{"id":335308,"title":"1박 2일","value":"1%EB%B0%95%202%EC%9D%BC"},{"id":335307,"title":"일박이일","value":"%EC%9D%BC%EB%B0%95%EC%9D%B4%EC%9D%BC"},{"id":335306,"title":"가영이","value":"%EA%B0%80%EC%98%81%EC%9D%B4"},{"id":335305,"title":"국악고","value":"%EA%B5%AD%EC%95%85%EA%B3%A0"},{"id":335304,"title":"스텔라 마리오네트","value":"%EC%8A%A4%ED%85%94%EB%9D%BC%20%EB%A7%88%EB%A6%AC%EC%98%A4%EB%84%A4%ED%8A%B8"},{"id":335303,"title":"스윗튠","value":"%EC%8A%A4%EC%9C%97%ED%8A%A0"},{"id":335302,"title":"cjenmmusic","value":"cjenmmusic"},{"id":335301,"title":"cj e&m","value":"cj%20e&m"},{"id":183,"title":"girl","value":"girl"},{"id":2705,"title":"rocket","value":"rocket"},{"id":335300,"title":"로켓걸","value":"%EB%A1%9C%EC%BC%93%EA%B1%B8"},{"id":335299,"title":"전율","value":"%EC%A0%84%EC%9C%A8"},{"id":335298,"title":"가영","value":"%EA%B0%80%EC%98%81"},{"id":335297,"title":"민희","value":"%EB%AF%BC%ED%9D%AC"},{"id":335296,"title":"효은","value":"%ED%9A%A8%EC%9D%80"},{"id":324981,"title":"marionette","value":"marionette"},{"id":335295,"title":"마리오네트","value":"%EB%A7%88%EB%A6%AC%EC%98%A4%EB%84%A4%ED%8A%B8"},{"id":57735,"title":"stella","value":"stella"},{"id":335294,"title":"스텔라","value":"%EC%8A%A4%ED%85%94%EB%9D%BC"},{"id":335293,"title":"탑클래스엔터테인먼트","value":"%ED%83%91%ED%81%B4%EB%9E%98%EC%8A%A4%EC%97%94%ED%84%B0%ED%85%8C%EC%9D%B8%EB%A8%BC%ED%8A%B8"}],"categories":[{"id":77,"title":"Dance","permalink":"dance","subscriptions_count":10085450,"big_image_url":"https://coub-anubis-a.akamaized.net/coub_storage/category/cw_image/d7afb96f274/3e8dad0b674f8605556f2/big_1545567838_Dance.png","small_image_url":"https://coub-anubis-a.akamaized.net/coub_storage/category/cw_image/d7afb96f274/3e8dad0b674f8605556f2/small_1545567838_Dance.png","med_image_url":"https://coub-anubis-a.akamaized.net/coub_storage/category/cw_image/d7afb96f274/3e8dad0b674f8605556f2/med_1545567838_Dance.png","visible":true}],"communities":[{"id":77,"title":"Dance","permalink":"dance","subscriptions_count":10085450,"big_image_url":"https://coub-anubis-a.akamaized.net/coub_storage/category/cw_image/d7afb96f274/3e8dad0b674f8605556f2/big_1545567838_Dance.png","small_image_url":"https://coub-anubis-a.akamaized.net/coub_storage/category/cw_image/d7afb96f274/3e8dad0b674f8605556f2/small_1545567838_Dance.png","med_image_url":"https://coub-anubis-a.akamaized.net/coub_storage/category/cw_image/d7afb96f274/3e8dad0b674f8605556f2/med_1545567838_Dance.png","i_subscribed":true,"community_notifications_enabled":null,"description":null}],"recoubs_count":125,"remixes_count":0,"likes_count":678,"dislikes_count":0,"raw_video_id":"","uploaded_by_ios_app":false,"uploaded_by_android_app":false,"media_blocks":{"uploaded_raw_videos":[],"external_raw_videos":[],"remixed_from_coubs":[{"id":30634589,"title":"Welcome Within","url":"https://coub.com/coubs/b8x5h/remix","image":"https://coub-anubis-a.akamaized.net/coub_storage/media_block/cw_image/15e436cf9be/8f6223ae8ab43d555ca49/1550990571_1qsu7xl_1470846822_00029.jpg","image_retina":"https://coub-anubis-a.akamaized.net/coub_storage/media_block/cw_image/15e436cf9be/8f6223ae8ab43d555ca49/1550990571_1qsu7xl_1470846822_00029.jpg","meta":{"duration":"9.24"},"duration":null,"coub_channel_title":"Muratsan","coub_channel_permalink":"muratsan","coub_views_count":221088,"coub_permalink":"b8x5h"}]},"raw_video_thumbnail_url":"","raw_video_title":"","video_block_banned":false,"duration":7.6,"promo_winner":false,"promo_winner_recoubers":null,"editorial_info":{},"promo_hint":null,"beeline_best_2014":null,"from_web_editor":true,"normalize_sound":true,"normalize_change_allowed":true,"best2015_addable":false,"ahmad_promo":null,"promo_data":null,"audio_copyright_claim":null,"ads_disabled":false,"is_safe_for_ads":true,"megafon_contents":[],"position_on_page":3},{"flag":null,"abuses":null,"recoubs_by_users_channels":null,"favourite":false,"promoted_id":null,"recoub":null,"like":null,"dislike":null,"reaction":null,"in_my_best2015":false,"id":131485187,"type":"Coub::Simple","permalink":"25wud5","title":"MARIE MADELEINE - SWIMMING POOL","visibility_type":"public","original_visibility_type":"public","channel_id":5131627,"created_at":"2019-12-11T16:04:55Z","updated_at":"2022-03-15T08:29:05Z","is_done":true,"views_count":83405,"cotd":null,"cotd_at":null,"visible_on_explore_root":false,"visible_on_explore":false,"featured":false,"published":true,"published_at":"2019-12-11T16:04:54Z","reversed":false,"from_editor_v2":true,"is_editable":true,"original_sound":false,"has_sound":false,"recoub_to":null,"file_versions":{"html5":{"video":{"higher":{"url":"https://coub-anubis-a.akamaized.net/coub_storage/coub/simple/cw_file/7372bdd16f9/e82ee7153520c7e78196a/muted_mp4_huge_size_1576080296_muted_huge.mp4","size":219961},"high":{"url":"https://coub-anubis-a.akamaized.net/coub_storage/coub/simple/cw_file/7372bdd16f9/e82ee7153520c7e78196a/muted_mp4_big_size_1576080296_muted_big.mp4","size":167594},"med":{"url":"https://coub-anubis-a.akamaized.net/coub_storage/coub/simple/cw_file/7372bdd16f9/e82ee7153520c7e78196a/muted_mp4_med_size_1576080296_muted_med.mp4","size":77356}},"audio":{"high":{"url":"https://coub-anubis-a.akamaized.net/coub_storage/coub/simple/cw_looped_audio_high/35ac776f425/3cbda96368eeef6215e41/1605700397_high_1576080301_high.mp3","size":1402523},"med":{"url":"https://coub-anubis-a.akamaized.net/coub_storage/coub/simple/cw_looped_audio_med/a68896990af/c4763bca5e33b519accf3/1605700397_med_1576080301_med.mp3","size":1015916}}},"mobile":{"video":"https://coub-anubis-a.akamaized.net/coub_storage/coub/simple/cw_file/7372bdd16f9/e82ee7153520c7e78196a/muted_mp4_med_size_1576080296_muted_med.mp4","audio":["https://coub-anubis-a.akamaized.net/coub_storage/coub/simple/cw_looped_audio_med/a68896990af/c4763bca5e33b519accf3/1605700397_med_1576080301_med.mp3"]},"share":{"default":"https://coub-anubis-a.akamaized.net/coub_storage/coub/simple/cw_video_for_sharing/c55eef892db/dc1c43912a8a21e56f8e4/1610372913_looped_1610372911.mp4"}},"audio_versions":{"template":"https://coub-anubis-a.akamaized.net/coub_storage/audio_track/cw_file/5c6643a6fe7/ad96bd62463f0fb94be45/mid_1576079439_audio.mp3","versions":["mid","low"]},"image_versions":{"template":"https://coub-anubis-a.akamaized.net/coub_storage/coub/simple/cw_image/274b865f5ee/45235694bbbe0c1b6e450/1576080305_00004.jpg","versions":["micro","tiny","age_restricted","ios_large","ios_mosaic","big","med","small","pinterest"]},"first_frame_versions":{"template":"https://coub-anubis-a.akamaized.net/coub_storage/coub/simple/cw_timeline_pic/b444c810e46/18d6d880d9e03d9a9e784/%{version}_1576080305_image.jpg","versions":["big","med","small","ios_large"]},"dimensions":{"big":[960,960],"med":[480,480]},"site_w_h":[400,400],"page_w_h":[400,400],"site_w_h_small":[310,310],"size":[960,960],"age_restricted":false,"age_restricted_by_admin":false,"not_safe_for_work":false,"allow_reuse":false,"dont_crop":false,"banned":false,"global_safe":true,"audio_file_url":"https://coub-anubis-a.akamaized.net/coub_storage/audio_track/cw_file/5c6643a6fe7/ad96bd62463f0fb94be45/low_1576079439_audio.mp3","external_download":false,"application":null,"channel":{"id":5131627,"permalink":"som-boss","title":"SOM BOSS","description":null,"followers_count":787,"following_count":9,"avatar_versions":{"template":"https://coub-anubis-a.akamaized.net/coub_storage/channel/cw_avatar/3a71838a0b7/ca7e471544b0126509b7a/%{version}_1632647327_1620725319_21-phonoteka_org-p-anime-fon-tma-22.jpg","versions":["medium","medium_2x","profile_pic","profile_pic_new","profile_pic_new_2x","tiny","tiny_2x","small","small_2x","ios_large","ios_small"]}},"file":null,"picture":"https://coub-anubis-a.akamaized.net/coub_storage/coub/simple/cw_image/274b865f5ee/45235694bbbe0c1b6e450/1576080305_00004.jpg","timeline_picture":"https://coub-anubis-a.akamaized.net/coub_storage/coub/simple/cw_timeline_pic/b444c810e46/18d6d880d9e03d9a9e784/ios_large_1576080305_image.jpg","small_picture":"https://coub-anubis-a.akamaized.net/coub_storage/coub/simple/cw_image/274b865f5ee/45235694bbbe0c1b6e450/1576080305_00004.jpg","sharing_picture":null,"percent_done":100,"tags":[{"id":182,"title":"dance","value":"dance"},{"id":80570,"title":"how to dance","value":"how%20to%20dance"},{"id":16032,"title":"dances","value":"dances"},{"id":33738,"title":"in real life","value":"in%20real%20life"},{"id":62048,"title":"caramell","value":"caramell"},{"id":60895,"title":"caramelldansen","value":"caramelldansen"},{"id":165,"title":"anime","value":"anime"},{"id":208,"title":"cartoon","value":"cartoon"},{"id":50,"title":"coub","value":"coub"},{"id":13003,"title":"choreography","value":"choreography"},{"id":69468,"title":"dance cover","value":"dance%20cover"},{"id":29487,"title":"kawaii","value":"kawaii"},{"id":164,"title":"аниме","value":"%D0%B0%D0%BD%D0%B8%D0%BC%D0%B5"},{"id":33872,"title":"косплей","value":"%D0%BA%D0%BE%D1%81%D0%BF%D0%BB%D0%B5%D0%B9"},{"id":45417,"title":"アニメ","value":"%E3%82%A2%E3%83%8B%E3%83%A1"},{"id":425780,"title":"コスプレ","value":"%E3%82%B3%E3%82%B9%E3%83%97%E3%83%AC"},{"id":249,"title":"танцы","value":"%D1%82%D0%B0%D0%BD%D1%86%D1%8B"},{"id":8103,"title":"краснодар","value":"%D0%BA%D1%80%D0%B0%D1%81%D0%BD%D0%BE%D0%B4%D0%B0%D1%80"},{"id":61003,"title":"krasnodar","value":"krasnodar"},{"id":822,"title":"dance music","value":"dance%20music"},{"id":530,"title":"танец","value":"%D1%82%D0%B0%D0%BD%D0%B5%D1%86"},{"id":5335308,"title":"танцыкошечка","value":"%D1%82%D0%B0%D0%BD%D1%86%D1%8B%D0%BA%D0%BE%D1%88%D0%B5%D1%87%D0%BA%D0%B0"},{"id":270,"title":"девушка","value":"%D0%B4%D0%B5%D0%B2%D1%83%D1%88%D0%BA%D0%B0"},{"id":3414,"title":"секси","value":"%D1%81%D0%B5%D0%BA%D1%81%D0%B8"},{"id":54460,"title":"кошечка","value":"%D0%BA%D0%BE%D1%88%D0%B5%D1%87%D0%BA%D0%B0"},{"id":558822,"title":"танец кошки","value":"%D1%82%D0%B0%D0%BD%D0%B5%D1%86%20%D0%BA%D0%BE%D1%88%D0%BA%D0%B8"},{"id":184,"title":"sexy","value":"sexy"},{"id":1783621,"title":"ghost dance","value":"ghost%20dance"},{"id":3381165,"title":"косплей танец","value":"%D0%BA%D0%BE%D1%81%D0%BF%D0%BB%D0%B5%D0%B9%20%D1%82%D0%B0%D0%BD%D0%B5%D1%86"},{"id":5335309,"title":"dance to me","value":"dance%20to%20me"},{"id":5365243,"title":"tones and i - dance monkey tones and i","value":"tones%20and%20i%20-%20dance%20monkey%20tones%20and%20i"},{"id":5173414,"title":"tones and i","value":"tones%20and%20i"},{"id":1668519,"title":"dance monkey","value":"dance%20monkey"},{"id":4932569,"title":"genius12000","value":"genius12000"}],"categories":[{"id":77,"title":"Dance","permalink":"dance","subscriptions_count":10085450,"big_image_url":"https://coub-anubis-a.akamaized.net/coub_storage/category/cw_image/d7afb96f274/3e8dad0b674f8605556f2/big_1545567838_Dance.png","small_image_url":"https://coub-anubis-a.akamaized.net/coub_storage/category/cw_image/d7afb96f274/3e8dad0b674f8605556f2/small_1545567838_Dance.png","med_image_url":"https://coub-anubis-a.akamaized.net/coub_storage/category/cw_image/d7afb96f274/3e8dad0b674f8605556f2/med_1545567838_Dance.png","visible":true}],"communities":[{"id":77,"title":"Dance","permalink":"dance","subscriptions_count":10085450,"big_image_url":"https://coub-anubis-a.akamaized.net/coub_storage/category/cw_image/d7afb96f274/3e8dad0b674f8605556f2/big_1545567838_Dance.png","small_image_url":"https://coub-anubis-a.akamaized.net/coub_storage/category/cw_image/d7afb96f274/3e8dad0b674f8605556f2/small_1545567838_Dance.png","med_image_url":"https://coub-anubis-a.akamaized.net/coub_storage/category/cw_image/d7afb96f274/3e8dad0b674f8605556f2/med_1545567838_Dance.png","i_subscribed":true,"community_notifications_enabled":null,"description":null}],"recoubs_count":106,"remixes_count":0,"likes_count":678,"dislikes_count":0,"raw_video_id":"","uploaded_by_ios_app":false,"uploaded_by_android_app":false,"media_blocks":{"uploaded_raw_videos":[],"external_raw_videos":[],"remixed_from_coubs":[{"id":34135165,"title":"Dance Ghost","url":"https://coub.com/coubs/25tp22/remix","image":"https://coub-anubis-a.akamaized.net/coub_storage/media_block/cw_image/812224abdb7/b27fa1003ee1c30bfc51d/1575926268_1bzo859_1575926245_00004.jpg","image_retina":"https://coub-anubis-a.akamaized.net/coub_storage/media_block/cw_image/812224abdb7/b27fa1003ee1c30bfc51d/1575926268_1bzo859_1575926245_00004.jpg","meta":{"duration":"1.08"},"duration":null,"coub_channel_title":"Genius12000","coub_channel_permalink":"genius12000","coub_views_count":65724,"coub_permalink":"25tp22"}]},"raw_video_thumbnail_url":"","raw_video_title":"","video_block_banned":false,"duration":1.08,"promo_winner":false,"promo_winner_recoubers":null,"editorial_info":{},"promo_hint":null,"beeline_best_2014":null,"from_web_editor":true,"normalize_sound":false,"normalize_change_allowed":true,"best2015_addable":false,"ahmad_promo":null,"promo_data":null,"audio_copyright_claim":null,"ads_disabled":false,"is_safe_for_ads":true,"megafon_contents":[],"position_on_page":4},{"flag":null,"abuses":null,"recoubs_by_users_channels":null,"favourite":false,"promoted_id":null,"recoub":null,"like":null,"dislike":null,"reaction":null,"in_my_best2015":false,"id":130972744,"type":"Coub::Simple","permalink":"25luyk","title":"tyga - macarena","visibility_type":"public","original_visibility_type":"public","channel_id":4534351,"created_at":"2019-12-05T23:01:05Z","updated_at":"2022-02-19T06:40:12Z","is_done":true,"views_count":81692,"cotd":null,"cotd_at":null,"visible_on_explore_root":false,"visible_on_explore":false,"featured":false,"published":true,"published_at":"2019-12-05T23:01:04Z","reversed":false,"from_editor_v2":true,"is_editable":true,"original_sound":false,"has_sound":false,"recoub_to":null,"file_versions":{"html5":{"video":{"higher":{"url":"https://coub-anubis-a.akamaized.net/coub_storage/coub/simple/cw_file/ed08bfbc049/f0958d4c73738ae81cb7b/muted_mp4_huge_size_1575586878_muted_huge.mp4","size":3102377},"high":{"url":"https://coub-anubis-a.akamaized.net/coub_storage/coub/simple/cw_file/ed08bfbc049/f0958d4c73738ae81cb7b/muted_mp4_big_size_1575586878_muted_big.mp4","size":2205534},"med":{"url":"https://coub-anubis-a.akamaized.net/coub_storage/coub/simple/cw_file/ed08bfbc049/f0958d4c73738ae81cb7b/muted_mp4_med_size_1575586878_muted_med.mp4","size":780029}},"audio":{"high":{"url":"https://coub-anubis-a.akamaized.net/coub_storage/coub/simple/cw_looped_audio_high/440a392d3d2/29472ee01baf28b035135/1605699617_high_1575586904_high.mp3","size":2883875},"med":{"url":"https://coub-anubis-a.akamaized.net/coub_storage/coub/simple/cw_looped_audio_med/afe018e82d0/005e4e2b151b7985ab663/1605699617_med_1575586904_med.mp3","size":2097618}}},"mobile":{"video":"https://coub-anubis-a.akamaized.net/coub_storage/coub/simple/cw_file/ed08bfbc049/f0958d4c73738ae81cb7b/muted_mp4_med_size_1575586878_muted_med.mp4","audio":["https://coub-anubis-a.akamaized.net/coub_storage/coub/simple/cw_looped_audio_med/afe018e82d0/005e4e2b151b7985ab663/1605699617_med_1575586904_med.mp3"]},"share":{"default":"https://coub-anubis-a.akamaized.net/coub_storage/coub/simple/cw_video_for_sharing/2a51f873c88/ddab267d210f069822336/1608164122_looped_1608164121.mp4"}},"audio_versions":{"template":"https://coub-anubis-a.akamaized.net/coub_storage/audio_track/cw_normalized_copy/4d142201126/873e66bba89ec9695ad49/mid_1575586889_normalized_1575586539_audio.mp3","versions":["mid","low"]},"image_versions":{"template":"https://coub-anubis-a.akamaized.net/coub_storage/coub/simple/cw_image/5b4d9285b6e/0998190ba6c40bbef6e37/1575586924_00025.jpg","versions":["micro","tiny","age_restricted","ios_large","ios_mosaic","big","med","small","pinterest"]},"first_frame_versions":{"template":"https://coub-anubis-a.akamaized.net/coub_storage/coub/simple/cw_timeline_pic/6b7cbef412c/5ad9c1ff4e76a1b35f8f5/%{version}_1575586923_image.jpg","versions":["big","med","small","ios_large"]},"dimensions":{"big":[768,960],"med":[384,480]},"site_w_h":[320,400],"page_w_h":[400,500],"site_w_h_small":[310,388],"size":[768,960],"age_restricted":false,"age_restricted_by_admin":false,"not_safe_for_work":false,"allow_reuse":false,"dont_crop":false,"banned":false,"global_safe":true,"audio_file_url":"https://coub-anubis-a.akamaized.net/coub_storage/audio_track/cw_normalized_copy/4d142201126/873e66bba89ec9695ad49/low_1575586889_normalized_1575586539_audio.mp3","external_download":false,"application":null,"channel":{"id":4534351,"permalink":"lil-flaime","title":"lil_flaime","description":null,"followers_count":31,"following_count":8,"avatar_versions":{"template":"https://coub-anubis-a.akamaized.net/coub_storage/channel/cw_avatar/c7352ccb8be/432779677d694528252fe/%{version}_1607828604_qu373n_1529326540_5XGAdstpP_Q.jpg","versions":["medium","medium_2x","profile_pic","profile_pic_new","profile_pic_new_2x","tiny","tiny_2x","small","small_2x","ios_large","ios_small"]}},"file":null,"picture":"https://coub-anubis-a.akamaized.net/coub_storage/coub/simple/cw_image/5b4d9285b6e/0998190ba6c40bbef6e37/1575586924_00025.jpg","timeline_picture":"https://coub-anubis-a.akamaized.net/coub_storage/coub/simple/cw_timeline_pic/6b7cbef412c/5ad9c1ff4e76a1b35f8f5/ios_large_1575586923_image.jpg","small_picture":"https://coub-anubis-a.akamaized.net/coub_storage/coub/simple/cw_image/5b4d9285b6e/0998190ba6c40bbef6e37/1575586924_00025.jpg","sharing_picture":null,"percent_done":100,"tags":[{"id":1213610,"title":"koreangirl","value":"koreangirl"},{"id":42708,"title":"webcam","value":"webcam"},{"id":2437,"title":"slender","value":"slender"},{"id":4268720,"title":"bj dance","value":"bj%20dance"},{"id":74397,"title":"korean girl","value":"korean%20girl"},{"id":5314085,"title":"korean bj webcam","value":"korean%20bj%20webcam"},{"id":1202508,"title":"korea girl","value":"korea%20girl"},{"id":3777698,"title":"korean teen","value":"korean%20teen"},{"id":122,"title":"ass","value":"ass"},{"id":5020,"title":"k-pop","value":"k-pop"},{"id":34406,"title":"kpop","value":"kpop"},{"id":368392,"title":"aoa","value":"aoa"},{"id":1270961,"title":"seolhyun","value":"seolhyun"},{"id":5277203,"title":"oxythoughtin","value":"oxythoughtin"},{"id":5281338,"title":"avivasofia","value":"avivasofia"},{"id":742267,"title":"язычек","value":"%D1%8F%D0%B7%D1%8B%D1%87%D0%B5%D0%BA"},{"id":49047,"title":"милая","value":"%D0%BC%D0%B8%D0%BB%D0%B0%D1%8F"},{"id":183,"title":"girl","value":"girl"},{"id":84173,"title":"macarena","value":"macarena"},{"id":8926,"title":"nurse","value":"nurse"},{"id":39433,"title":"sexy dance","value":"sexy%20dance"},{"id":184,"title":"sexy","value":"sexy"},{"id":1199960,"title":"brunette girl","value":"brunette%20girl"},{"id":24785,"title":"brunette","value":"brunette"},{"id":952,"title":"pretty","value":"pretty"},{"id":45148,"title":"pretty girl","value":"pretty%20girl"},{"id":96,"title":"hip-hop","value":"hip-hop"},{"id":74,"title":"rap","value":"rap"},{"id":12583,"title":"hot girl","value":"hot%20girl"},{"id":172327,"title":"dance girl","value":"dance%20girl"},{"id":89838,"title":"dancing girl","value":"dancing%20girl"},{"id":37201,"title":"cute girl","value":"cute%20girl"},{"id":757,"title":"cute","value":"cute"},{"id":182,"title":"dance","value":"dance"}],"categories":[{"id":77,"title":"Dance","permalink":"dance","subscriptions_count":10085450,"big_image_url":"https://coub-anubis-a.akamaized.net/coub_storage/category/cw_image/d7afb96f274/3e8dad0b674f8605556f2/big_1545567838_Dance.png","small_image_url":"https://coub-anubis-a.akamaized.net/coub_storage/category/cw_image/d7afb96f274/3e8dad0b674f8605556f2/small_1545567838_Dance.png","med_image_url":"https://coub-anubis-a.akamaized.net/coub_storage/category/cw_image/d7afb96f274/3e8dad0b674f8605556f2/med_1545567838_Dance.png","visible":true}],"communities":[{"id":77,"title":"Dance","permalink":"dance","subscriptions_count":10085450,"big_image_url":"https://coub-anubis-a.akamaized.net/coub_storage/category/cw_image/d7afb96f274/3e8dad0b674f8605556f2/big_1545567838_Dance.png","small_image_url":"https://coub-anubis-a.akamaized.net/coub_storage/category/cw_image/d7afb96f274/3e8dad0b674f8605556f2/small_1545567838_Dance.png","med_image_url":"https://coub-anubis-a.akamaized.net/coub_storage/category/cw_image/d7afb96f274/3e8dad0b674f8605556f2/med_1545567838_Dance.png","i_subscribed":true,"community_notifications_enabled":null,"description":null}],"recoubs_count":117,"remixes_count":8,"likes_count":678,"dislikes_count":0,"raw_video_id":"","uploaded_by_ios_app":false,"uploaded_by_android_app":false,"media_blocks":{"uploaded_raw_videos":[],"external_raw_videos":[],"remixed_from_coubs":[{"id":33920185,"title":"2 cute girls","url":"https://coub.com/coubs/24ojdf/remix","image":"https://coub-anubis-a.akamaized.net/coub_storage/media_block/cw_image/beaca8de982/cb5d08cde0d32f4bb91fb/1574100143_682y5p_1574100130_00027.jpg","image_retina":"https://coub-anubis-a.akamaized.net/coub_storage/media_block/cw_image/beaca8de982/cb5d08cde0d32f4bb91fb/1574100143_682y5p_1574100130_00027.jpg","meta":{"duration":"8.36"},"duration":null,"coub_channel_title":"H0pMaJIbHbIu","coub_channel_permalink":"h0pmajibhbiu","coub_views_count":314005,"coub_permalink":"24ojdf"},{"id":33806002,"title":"Beautiful korean girl","url":"https://coub.com/coubs/244kt9/remix","image":"https://coub-anubis-a.akamaized.net/coub_storage/media_block/cw_image/6f91dd70404/68225d4c5d10a427cf130/1573595111_1cfrg0i_1573595096_00032.jpg","image_retina":"https://coub-anubis-a.akamaized.net/coub_storage/media_block/cw_image/6f91dd70404/68225d4c5d10a427cf130/1573595111_1cfrg0i_1573595096_00032.jpg","meta":{"duration":"10.0"},"duration":null,"coub_channel_title":"ScvaeR ツ","coub_channel_permalink":"thescvaer","coub_views_count":55653,"coub_permalink":"244kt9"},{"id":34094010,"title":"Girl Crush","url":"https://coub.com/coubs/dwp00/remix","image":"https://coub-anubis-a.akamaized.net/coub_storage/media_block/cw_image/5a6ae7802d3/b7f257b91ef57e0f661ee/1575586965_1t3miky_1470105155_00023.jpg","image_retina":"https://coub-anubis-a.akamaized.net/coub_storage/media_block/cw_image/5a6ae7802d3/b7f257b91ef57e0f661ee/1575586965_1t3miky_1470105155_00023.jpg","meta":{"duration":"7.08"},"duration":null,"coub_channel_title":"Versus Zed","coub_channel_permalink":"versuszed","coub_views_count":12402,"coub_permalink":"dwp00"}]},"raw_video_thumbnail_url":"","raw_video_title":"","video_block_banned":false,"duration":7.68,"promo_winner":false,"promo_winner_recoubers":null,"editorial_info":{},"promo_hint":null,"beeline_best_2014":null,"from_web_editor":true,"normalize_sound":true,"normalize_change_allowed":true,"best2015_addable":false,"ahmad_promo":null,"promo_data":null,"audio_copyright_claim":null,"ads_disabled":false,"is_safe_for_ads":true,"megafon_contents":[],"position_on_page":5},{"flag":null,"abuses":null,"recoubs_by_users_channels":null,"favourite":false,"promoted_id":null,"recoub":null,"like":null,"dislike":null,"reaction":null,"in_my_best2015":false,"id":126601200,"type":"Coub::Simple","permalink":"22ziom","title":"Mary Grace O'Connor: another-mix-or-wuteva is out..","visibility_type":"public","original_visibility_type":"public","channel_id":2753994,"created_at":"2019-10-17T10:15:34Z","updated_at":"2022-02-16T19:11:42Z","is_done":true,"views_count":66395,"cotd":null,"cotd_at":null,"visible_on_explore_root":false,"visible_on_explore":false,"featured":false,"published":true,"published_at":"2019-10-17T10:15:34Z","reversed":false,"from_editor_v2":true,"is_editable":true,"original_sound":true,"has_sound":true,"recoub_to":null,"file_versions":{"html5":{"video":{"higher":{"url":"https://coub-anubis-a.akamaized.net/coub_storage/coub/simple/cw_file/c754958aa48/f7b9ca585a992548ebf3f/muted_mp4_huge_size_1571307346_muted_huge.mp4","size":3419486},"high":{"url":"https://coub-anubis-a.akamaized.net/coub_storage/coub/simple/cw_file/c754958aa48/f7b9ca585a992548ebf3f/muted_mp4_big_size_1571307346_muted_big.mp4","size":2473451},"med":{"url":"https://coub-anubis-a.akamaized.net/coub_storage/coub/simple/cw_file/c754958aa48/f7b9ca585a992548ebf3f/muted_mp4_med_size_1571307346_muted_med.mp4","size":866507}},"audio":{"high":{"url":"https://coub-anubis-a.akamaized.net/coub_storage/coub/simple/cw_looped_audio_high/4b260edc4c2/f08a1694ab7af29e3df1a/1605693930_high_1571307346_high.mp3","size":983527},"med":{"url":"https://coub-anubis-a.akamaized.net/coub_storage/coub/simple/cw_looped_audio_med/5ed95a4e02e/5d7a11d173b8d94fa58aa/1605693930_med_1571307346_med.mp3","size":799076},"sample_duration":10.008}},"mobile":{"video":"https://coub-anubis-a.akamaized.net/coub_storage/coub/simple/cw_file/c754958aa48/f7b9ca585a992548ebf3f/muted_mp4_med_size_1571307346_muted_med.mp4","audio":["https://coub-anubis-a.akamaized.net/coub_storage/coub/simple/cw_looped_audio_med/5ed95a4e02e/5d7a11d173b8d94fa58aa/1605693930_med_1571307346_med.mp3"]},"share":{"default":"https://coub-anubis-a.akamaized.net/coub_storage/coub/simple/cw_video_for_sharing/48234217014/f8cbc22a5463c07e2ddb9/1608713813_looped_1608713812.mp4"}},"audio_versions":{},"image_versions":{"template":"https://coub-anubis-a.akamaized.net/coub_storage/coub/simple/cw_image/37386fda85b/a3f45894773a72603d0bf/1571307357_00032.jpg","versions":["micro","tiny","age_restricted","ios_large","ios_mosaic","big","med","small","pinterest"]},"first_frame_versions":{"template":"https://coub-anubis-a.akamaized.net/coub_storage/coub/simple/cw_timeline_pic/fa4615fcbde/a4f45bf4c11d110d536cc/%{version}_1571307356_image.jpg","versions":["big","med","small","ios_large"]},"dimensions":{"big":[768,960],"med":[384,480]},"site_w_h":[320,400],"page_w_h":[400,500],"site_w_h_small":[310,388],"size":[768,960],"age_restricted":false,"age_restricted_by_admin":false,"not_safe_for_work":false,"allow_reuse":false,"dont_crop":false,"banned":false,"global_safe":true,"audio_file_url":null,"external_download":{"type":"Instagram","service_name":"Instagram","url":"https://www.instagram.com/p/B3kMBQFhvt7/","has_embed":false},"application":null,"channel":{"id":2753994,"permalink":"max-g282","title":"𝙼𝚊𝚡","description":"🏃‍♂️🏋️‍♂️🧐🧑‍🔧🦁🕺🎧🎛️🎵🎶🎹👨‍💻🤖👁️","followers_count":361,"following_count":24,"avatar_versions":{"template":"https://coub-anubis-a.akamaized.net/coub_storage/channel/cw_avatar/02b9d579ba0/d5e332e3e84e738088447/%{version}_1646344607_cropped.jpeg","versions":["medium","medium_2x","profile_pic","profile_pic_new","profile_pic_new_2x","tiny","tiny_2x","small","small_2x","ios_large","ios_small"]}},"file":null,"picture":"https://coub-anubis-a.akamaized.net/coub_storage/coub/simple/cw_image/37386fda85b/a3f45894773a72603d0bf/1571307357_00032.jpg","timeline_picture":"https://coub-anubis-a.akamaized.net/coub_storage/coub/simple/cw_timeline_pic/fa4615fcbde/a4f45bf4c11d110d536cc/ios_large_1571307356_image.jpg","small_picture":"https://coub-anubis-a.akamaized.net/coub_storage/coub/simple/cw_image/37386fda85b/a3f45894773a72603d0bf/1571307357_00032.jpg","sharing_picture":null,"percent_done":100,"tags":[{"id":15417,"title":"soundcloud","value":"soundcloud"},{"id":5273376,"title":"mary-grace-oconnor","value":"mary-grace-oconnor"},{"id":5273377,"title":"another-mix-or-wuteva","value":"another-mix-or-wuteva"},{"id":5273378,"title":"queen of shuffle","value":"queen%20of%20shuffle"},{"id":13905,"title":"shuffle","value":"shuffle"},{"id":182,"title":"dance","value":"dance"},{"id":254,"title":"dancers","value":"dancers"}],"categories":[{"id":77,"title":"Dance","permalink":"dance","subscriptions_count":10085450,"big_image_url":"https://coub-anubis-a.akamaized.net/coub_storage/category/cw_image/d7afb96f274/3e8dad0b674f8605556f2/big_1545567838_Dance.png","small_image_url":"https://coub-anubis-a.akamaized.net/coub_storage/category/cw_image/d7afb96f274/3e8dad0b674f8605556f2/small_1545567838_Dance.png","med_image_url":"https://coub-anubis-a.akamaized.net/coub_storage/category/cw_image/d7afb96f274/3e8dad0b674f8605556f2/med_1545567838_Dance.png","visible":true}],"communities":[{"id":77,"title":"Dance","permalink":"dance","subscriptions_count":10085450,"big_image_url":"https://coub-anubis-a.akamaized.net/coub_storage/category/cw_image/d7afb96f274/3e8dad0b674f8605556f2/big_1545567838_Dance.png","small_image_url":"https://coub-anubis-a.akamaized.net/coub_storage/category/cw_image/d7afb96f274/3e8dad0b674f8605556f2/small_1545567838_Dance.png","med_image_url":"https://coub-anubis-a.akamaized.net/coub_storage/category/cw_image/d7afb96f274/3e8dad0b674f8605556f2/med_1545567838_Dance.png","i_subscribed":true,"community_notifications_enabled":null,"description":null}],"recoubs_count":127,"remixes_count":14,"likes_count":678,"dislikes_count":0,"raw_video_id":14357026,"uploaded_by_ios_app":false,"uploaded_by_android_app":false,"media_blocks":{"uploaded_raw_videos":[],"external_raw_videos":[{"id":33585348,"title":"Shot by marygrace___","url":"http://instagram.com/p/B3kMBQFhvt7/","image":null,"image_retina":null,"meta":{"service":"Instagram","duration":"38.52"},"duration":38.52,"raw_video_id":14357026,"has_embed":false}],"remixed_from_coubs":[],"external_video":{"id":33585348,"title":"Shot by marygrace___","url":"http://instagram.com/p/B3kMBQFhvt7/","image":null,"image_retina":null,"meta":{"service":"Instagram","duration":"38.52"},"duration":38.52,"raw_video_id":14357026,"has_embed":false}},"raw_video_thumbnail_url":"/missing/missing.png","raw_video_title":"Shot by marygrace___","video_block_banned":false,"duration":10.0,"promo_winner":false,"promo_winner_recoubers":null,"editorial_info":{},"promo_hint":null,"beeline_best_2014":null,"from_web_editor":true,"normalize_sound":true,"normalize_change_allowed":true,"best2015_addable":false,"ahmad_promo":null,"promo_data":null,"audio_copyright_claim":null,"ads_disabled":false,"is_safe_for_ads":true,"megafon_contents":[],"position_on_page":6},{"flag":null,"abuses":null,"recoubs_by_users_channels":null,"favourite":false,"promoted_id":null,"recoub":null,"like":null,"dislike":null,"reaction":null,"in_my_best2015":false,"id":119495505,"type":"Coub::Simple","permalink":"1yqkp0","title":"kpop","visibility_type":"public","original_visibility_type":"public","channel_id":6988135,"created_at":"2019-07-30T17:18:12Z","updated_at":"2022-03-16T18:26:26Z","is_done":true,"views_count":50114,"cotd":null,"cotd_at":null,"visible_on_explore_root":false,"visible_on_explore":false,"featured":false,"published":true,"published_at":"2019-07-30T17:18:12Z","reversed":false,"from_editor_v2":true,"is_editable":true,"original_sound":true,"has_sound":true,"recoub_to":null,"file_versions":{"html5":{"video":{"higher":{"url":"https://coub-anubis-a.akamaized.net/coub_storage/coub/simple/cw_file/9555b962404/7643f4c905b3973859ba8/muted_mp4_huge_size_1568948532_muted_huge.mp4","size":1427697},"high":{"url":"https://coub-anubis-a.akamaized.net/coub_storage/coub/simple/cw_file/9555b962404/7643f4c905b3973859ba8/muted_mp4_big_size_1568948532_muted_big.mp4","size":986038},"med":{"url":"https://coub-anubis-a.akamaized.net/coub_storage/coub/simple/cw_file/9555b962404/7643f4c905b3973859ba8/muted_mp4_med_size_1568948532_muted_med.mp4","size":318291}},"audio":{"high":{"url":"https://coub-anubis-a.akamaized.net/coub_storage/coub/simple/cw_looped_audio_high/12825251d43/f79fa550cc799526c43a6/1605643443_high_1564507097_high.mp3","size":1046943},"med":{"url":"https://coub-anubis-a.akamaized.net/coub_storage/coub/simple/cw_looped_audio_med/bad01622120/003401b4fe4f5bc6f2981/1605643442_med_1564507097_med.mp3","size":799076},"sample_duration":10.009}},"mobile":{"video":"https://coub-anubis-a.akamaized.net/coub_storage/coub/simple/cw_file/9555b962404/7643f4c905b3973859ba8/muted_mp4_med_size_1568948532_muted_med.mp4","audio":["https://coub-anubis-a.akamaized.net/coub_storage/coub/simple/cw_looped_audio_med/bad01622120/003401b4fe4f5bc6f2981/1605643442_med_1564507097_med.mp3"]},"share":{"default":"https://coub-anubis-a.akamaized.net/coub_storage/coub/simple/cw_video_for_sharing/2f39db3834f/675998c0f3cd9f76df07a/1611405189_looped_1611405188.mp4"}},"audio_versions":{},"image_versions":{"template":"https://coub-anubis-a.akamaized.net/coub_storage/coub/simple/cw_image/c710608dee5/d1154f02a87ebfccc4e8f/1564507106_00032.jpg","versions":["micro","tiny","age_restricted","ios_large","ios_mosaic","big","med","small","pinterest"]},"first_frame_versions":{"template":"https://coub-anubis-a.akamaized.net/coub_storage/coub/simple/cw_timeline_pic/d6149cc6bec/0efbf8d16a236a750bf59/%{version}_1564507106_image.jpg","versions":["big","med","small","ios_large"]},"dimensions":{"big":[722,960],"med":[360,480]},"site_w_h":[301,400],"page_w_h":[400,532],"site_w_h_small":[310,412],"size":[722,960],"age_restricted":false,"age_restricted_by_admin":false,"not_safe_for_work":false,"allow_reuse":false,"dont_crop":false,"banned":false,"global_safe":true,"audio_file_url":null,"external_download":false,"application":null,"channel":{"id":6988135,"permalink":"showme10992","title":"showme","description":null,"followers_count":275,"following_count":4,"avatar_versions":{"template":"https://coub-anubis-a.akamaized.net/coub_storage/channel/cw_avatar/d36066d2ac7/baf570f3a46df1809046f/%{version}_1607736074_1a846t3_1573570812__l0N1mfFX8M.jpg","versions":["medium","medium_2x","profile_pic","profile_pic_new","profile_pic_new_2x","tiny","tiny_2x","small","small_2x","ios_large","ios_small"]}},"file":null,"picture":"https://coub-anubis-a.akamaized.net/coub_storage/coub/simple/cw_image/c710608dee5/d1154f02a87ebfccc4e8f/1564507106_00032.jpg","timeline_picture":"https://coub-anubis-a.akamaized.net/coub_storage/coub/simple/cw_timeline_pic/d6149cc6bec/0efbf8d16a236a750bf59/ios_large_1564507106_image.jpg","small_picture":"https://coub-anubis-a.akamaized.net/coub_storage/coub/simple/cw_image/c710608dee5/d1154f02a87ebfccc4e8f/1564507106_00032.jpg","sharing_picture":null,"percent_done":100,"tags":[],"categories":[{"id":77,"title":"Dance","permalink":"dance","subscriptions_count":10085450,"big_image_url":"https://coub-anubis-a.akamaized.net/coub_storage/category/cw_image/d7afb96f274/3e8dad0b674f8605556f2/big_1545567838_Dance.png","small_image_url":"https://coub-anubis-a.akamaized.net/coub_storage/category/cw_image/d7afb96f274/3e8dad0b674f8605556f2/small_1545567838_Dance.png","med_image_url":"https://coub-anubis-a.akamaized.net/coub_storage/category/cw_image/d7afb96f274/3e8dad0b674f8605556f2/med_1545567838_Dance.png","visible":true}],"communities":[{"id":77,"title":"Dance","permalink":"dance","subscriptions_count":10085450,"big_image_url":"https://coub-anubis-a.akamaized.net/coub_storage/category/cw_image/d7afb96f274/3e8dad0b674f8605556f2/big_1545567838_Dance.png","small_image_url":"https://coub-anubis-a.akamaized.net/coub_storage/category/cw_image/d7afb96f274/3e8dad0b674f8605556f2/small_1545567838_Dance.png","med_image_url":"https://coub-anubis-a.akamaized.net/coub_storage/category/cw_image/d7afb96f274/3e8dad0b674f8605556f2/med_1545567838_Dance.png","i_subscribed":true,"community_notifications_enabled":null,"description":null}],"recoubs_count":122,"remixes_count":1,"likes_count":678,"dislikes_count":0,"raw_video_id":14041435,"uploaded_by_ios_app":false,"uploaded_by_android_app":false,"media_blocks":{"uploaded_raw_videos":[],"external_raw_videos":[],"remixed_from_coubs":[]},"raw_video_thumbnail_url":"/missing/missing.png","raw_video_title":"jelly.webm","video_block_banned":false,"duration":10.0,"promo_winner":false,"promo_winner_recoubers":null,"editorial_info":{},"promo_hint":null,"beeline_best_2014":null,"from_web_editor":true,"normalize_sound":true,"normalize_change_allowed":true,"best2015_addable":false,"ahmad_promo":null,"promo_data":null,"audio_copyright_claim":null,"ads_disabled":false,"is_safe_for_ads":true,"megafon_contents":[],"position_on_page":7},{"flag":null,"abuses":null,"recoubs_by_users_channels":null,"favourite":false,"promoted_id":null,"recoub":null,"like":null,"dislike":null,"reaction":null,"in_my_best2015":false,"id":107821562,"type":"Coub::Simple","permalink":"1rscy9","title":"Fiery Dance","visibility_type":"public","original_visibility_type":"public","channel_id":888837,"created_at":"2019-04-05T15:29:27Z","updated_at":"2022-02-18T16:51:10Z","is_done":true,"views_count":90181,"cotd":null,"cotd_at":null,"visible_on_explore_root":false,"visible_on_explore":false,"featured":false,"published":true,"published_at":"2019-04-05T15:29:27Z","reversed":false,"from_editor_v2":true,"is_editable":true,"original_sound":false,"has_sound":false,"recoub_to":null,"file_versions":{"html5":{"video":{"higher":{"url":"https://coub-anubis-a.akamaized.net/coub_storage/coub/simple/cw_file/2b32c429317/97a22d79fa646847f887f/muted_mp4_huge_size_1572410709_muted_huge.mp4","size":2884127},"high":{"url":"https://coub-anubis-a.akamaized.net/coub_storage/coub/simple/cw_file/2b32c429317/97a22d79fa646847f887f/muted_mp4_big_size_1572410709_muted_big.mp4","size":2064506},"med":{"url":"https://coub-anubis-a.akamaized.net/coub_storage/coub/simple/cw_file/2b32c429317/97a22d79fa646847f887f/muted_mp4_med_size_1572410709_muted_med.mp4","size":736716}},"audio":{"high":{"url":"https://coub-anubis-a.akamaized.net/coub_storage/coub/simple/cw_looped_audio_high/a5cee2a0fc9/bbb0135fdfed9e8239752/1605682105_high_1554478190_high.mp3","size":1293969},"med":{"url":"https://coub-anubis-a.akamaized.net/coub_storage/coub/simple/cw_looped_audio_med/80f748645ab/79a53073bab3a85a7e710/1605682104_med_1554478190_med.mp3","size":905828}}},"mobile":{"video":"https://coub-anubis-a.akamaized.net/coub_storage/coub/simple/cw_file/2b32c429317/97a22d79fa646847f887f/muted_mp4_med_size_1572410709_muted_med.mp4","audio":["https://coub-anubis-a.akamaized.net/coub_storage/coub/simple/cw_looped_audio_med/80f748645ab/79a53073bab3a85a7e710/1605682104_med_1554478190_med.mp3"]},"share":{"default":"https://coub-anubis-a.akamaized.net/coub_storage/coub/simple/cw_video_for_sharing/bee8771d0b8/fb07e24399e460039c541/1608564248_looped_1608564247.mp4"}},"audio_versions":{"template":"https://coub-anubis-a.akamaized.net/coub_storage/audio_track/cw_normalized_copy/802614ed6db/e8e21b3a5507d61066809/mid_1616299587_normalized_1554478035_audio.mp3","versions":["mid","low"]},"image_versions":{"template":"https://coub-anubis-a.akamaized.net/coub_storage/coub/simple/cw_image/72ad6677ae7/f11422e18707677cbf940/1554478201_00032.jpg","versions":["micro","tiny","age_restricted","ios_large","ios_mosaic","big","med","small","pinterest"]},"first_frame_versions":{"template":"https://coub-anubis-a.akamaized.net/coub_storage/coub/simple/cw_timeline_pic/2dd248f2860/3747233183c47714f5a5e/%{version}_1554478200_image.jpg","versions":["big","med","small","ios_large"]},"dimensions":{"big":[1280,728],"med":[640,364]},"site_w_h":[640,364],"page_w_h":[640,364],"site_w_h_small":[310,176],"size":[1280,728],"age_restricted":false,"age_restricted_by_admin":false,"not_safe_for_work":false,"allow_reuse":false,"dont_crop":false,"banned":false,"global_safe":true,"audio_file_url":"https://coub-anubis-a.akamaized.net/coub_storage/audio_track/cw_normalized_copy/802614ed6db/e8e21b3a5507d61066809/low_1616299587_normalized_1554478035_audio.mp3","external_download":false,"application":null,"channel":{"id":888837,"permalink":"pahatvmost","title":"PAHA","description":null,"followers_count":304,"following_count":23,"avatar_versions":{"template":"https://coub-anubis-a.akamaized.net/coub_storage/channel/cw_avatar/d6f4a9ac579/c9e04f7cf414d9a731451/%{version}_1609603907_hog5i3_1474607453_eoj6wg_att-url-download.jpg","versions":["medium","medium_2x","profile_pic","profile_pic_new","profile_pic_new_2x","tiny","tiny_2x","small","small_2x","ios_large","ios_small"]}},"file":null,"picture":"https://coub-anubis-a.akamaized.net/coub_storage/coub/simple/cw_image/72ad6677ae7/f11422e18707677cbf940/1554478201_00032.jpg","timeline_picture":"https://coub-anubis-a.akamaized.net/coub_storage/coub/simple/cw_timeline_pic/2dd248f2860/3747233183c47714f5a5e/ios_large_1554478200_image.jpg","small_picture":"https://coub-anubis-a.akamaized.net/coub_storage/coub/simple/cw_image/72ad6677ae7/f11422e18707677cbf940/1554478201_00032.jpg","sharing_picture":null,"percent_done":100,"tags":[{"id":182,"title":"dance","value":"dance"},{"id":172327,"title":"dance girl","value":"dance%20girl"}],"categories":[{"id":77,"title":"Dance","permalink":"dance","subscriptions_count":10085450,"big_image_url":"https://coub-anubis-a.akamaized.net/coub_storage/category/cw_image/d7afb96f274/3e8dad0b674f8605556f2/big_1545567838_Dance.png","small_image_url":"https://coub-anubis-a.akamaized.net/coub_storage/category/cw_image/d7afb96f274/3e8dad0b674f8605556f2/small_1545567838_Dance.png","med_image_url":"https://coub-anubis-a.akamaized.net/coub_storage/category/cw_image/d7afb96f274/3e8dad0b674f8605556f2/med_1545567838_Dance.png","visible":true}],"communities":[{"id":77,"title":"Dance","permalink":"dance","subscriptions_count":10085450,"big_image_url":"https://coub-anubis-a.akamaized.net/coub_storage/category/cw_image/d7afb96f274/3e8dad0b674f8605556f2/big_1545567838_Dance.png","small_image_url":"https://coub-anubis-a.akamaized.net/coub_storage/category/cw_image/d7afb96f274/3e8dad0b674f8605556f2/small_1545567838_Dance.png","med_image_url":"https://coub-anubis-a.akamaized.net/coub_storage/category/cw_image/d7afb96f274/3e8dad0b674f8605556f2/med_1545567838_Dance.png","i_subscribed":true,"community_notifications_enabled":null,"description":null}],"recoubs_count":141,"remixes_count":0,"likes_count":678,"dislikes_count":0,"raw_video_id":13496209,"uploaded_by_ios_app":false,"uploaded_by_android_app":false,"media_blocks":{"uploaded_raw_videos":[],"external_raw_videos":[],"remixed_from_coubs":[]},"raw_video_thumbnail_url":"/missing/missing.png","raw_video_title":"12.mp4","video_block_banned":false,"duration":9.92,"promo_winner":false,"promo_winner_recoubers":null,"editorial_info":{},"promo_hint":null,"beeline_best_2014":null,"from_web_editor":true,"normalize_sound":true,"normalize_change_allowed":true,"best2015_addable":false,"ahmad_promo":null,"promo_data":null,"audio_copyright_claim":null,"ads_disabled":false,"is_safe_for_ads":true,"megafon_contents":[],"position_on_page":8},{"flag":null,"abuses":null,"recoubs_by_users_channels":null,"favourite":false,"promoted_id":null,"recoub":null,"like":null,"dislike":null,"reaction":null,"in_my_best2015":false,"id":89868831,"type":"Coub::Simple","permalink":"1h3kfi","title":"She is a queen","visibility_type":"public","original_visibility_type":"public","channel_id":4866261,"created_at":"2018-10-31T12:50:37Z","updated_at":"2022-03-17T21:00:54Z","is_done":true,"views_count":42950,"cotd":null,"cotd_at":null,"visible_on_explore_root":false,"visible_on_explore":false,"featured":false,"published":true,"published_at":"2018-10-31T12:50:37Z","reversed":false,"from_editor_v2":true,"is_editable":true,"original_sound":false,"has_sound":false,"recoub_to":null,"file_versions":{"html5":{"video":{"higher":{"url":"https://coub-anubis-a.akamaized.net/coub_storage/coub/simple/cw_file/1b66293dc08/f8fc4e25f4c47b9c37b86/muted_mp4_huge_size_1569943576_muted_huge.mp4","size":2045211},"high":{"url":"https://coub-anubis-a.akamaized.net/coub_storage/coub/simple/cw_file/1b66293dc08/f8fc4e25f4c47b9c37b86/muted_mp4_big_size_1569943576_muted_big.mp4","size":1395769},"med":{"url":"https://coub-anubis-a.akamaized.net/coub_storage/coub/simple/cw_file/1b66293dc08/f8fc4e25f4c47b9c37b86/muted_mp4_med_size_1569943576_muted_med.mp4","size":459348}},"audio":{"high":{"url":"https://coub-anubis-a.akamaized.net/coub_storage/coub/simple/cw_looped_audio_high/5b8b2b17378/b3de437b7c7b1210142b0/1605599152_high_1540990657_high.mp3","size":4141669},"med":{"url":"https://coub-anubis-a.akamaized.net/coub_storage/coub/simple/cw_looped_audio_med/ec939a888c1/a743bd7cd78b6557629b5/1605599151_med_1540990657_med.mp3","size":2976443}}},"mobile":{"video":"https://coub-anubis-a.akamaized.net/coub_storage/coub/simple/cw_file/1b66293dc08/f8fc4e25f4c47b9c37b86/muted_mp4_med_size_1569943576_muted_med.mp4","audio":["https://coub-anubis-a.akamaized.net/coub_storage/coub/simple/cw_looped_audio_med/ec939a888c1/a743bd7cd78b6557629b5/1605599151_med_1540990657_med.mp3"]},"share":{"default":"https://coub-anubis-a.akamaized.net/coub_storage/coub/simple/cw_video_for_sharing/749bae35f00/877fbab45c7b2b401737d/1608205729_looped_1608205728.mp4"}},"audio_versions":{"template":"https://coub-anubis-a.akamaized.net/coub_storage/audio_track/cw_normalized_copy/3522bbacb0a/d6174d6ac361fa0abd9a3/mid_1540990641_normalized_1540990614_1xk7ljx_edited.mp3","versions":["mid","low"]},"image_versions":{"template":"https://coub-anubis-a.akamaized.net/coub_storage/coub/simple/cw_image/7575e0c883a/629374817704b6a745915/1540990677_00032.jpg","versions":["micro","tiny","age_restricted","ios_large","ios_mosaic","big","med","small","pinterest"]},"first_frame_versions":{"template":"https://coub-anubis-a.akamaized.net/coub_storage/coub/simple/cw_timeline_pic/591d3a47891/18dfac8025101bb2b596e/%{version}_1540990677_image.jpg","versions":["big","med","small","ios_large"]},"dimensions":{"big":[768,960],"med":[384,480]},"site_w_h":[320,400],"page_w_h":[400,500],"site_w_h_small":[310,388],"size":[768,960],"age_restricted":false,"age_restricted_by_admin":false,"not_safe_for_work":false,"allow_reuse":false,"dont_crop":false,"banned":false,"global_safe":true,"audio_file_url":"https://coub-anubis-a.akamaized.net/coub_storage/audio_track/cw_normalized_copy/3522bbacb0a/d6174d6ac361fa0abd9a3/low_1540990641_normalized_1540990614_1xk7ljx_edited.mp3","external_download":false,"application":null,"channel":{"id":4866261,"permalink":"watch-more","title":"Watch More","description":"İnstagram - allypasaa","followers_count":39,"following_count":0,"avatar_versions":{"template":"https://coub-anubis-a.akamaized.net/coub_storage/channel/cw_avatar/1016a477418/5a6528eaeb36ccb9410e7/%{version}_1608601273_nc8jqq_1539109212_icmgcj_1048282976000401408.jpg","versions":["medium","medium_2x","profile_pic","profile_pic_new","profile_pic_new_2x","tiny","tiny_2x","small","small_2x","ios_large","ios_small"]}},"file":null,"picture":"https://coub-anubis-a.akamaized.net/coub_storage/coub/simple/cw_image/7575e0c883a/629374817704b6a745915/1540990677_00032.jpg","timeline_picture":"https://coub-anubis-a.akamaized.net/coub_storage/coub/simple/cw_timeline_pic/591d3a47891/18dfac8025101bb2b596e/ios_large_1540990677_image.jpg","small_picture":"https://coub-anubis-a.akamaized.net/coub_storage/coub/simple/cw_image/7575e0c883a/629374817704b6a745915/1540990677_00032.jpg","sharing_picture":null,"percent_done":100,"tags":[],"categories":[{"id":77,"title":"Dance","permalink":"dance","subscriptions_count":10085450,"big_image_url":"https://coub-anubis-a.akamaized.net/coub_storage/category/cw_image/d7afb96f274/3e8dad0b674f8605556f2/big_1545567838_Dance.png","small_image_url":"https://coub-anubis-a.akamaized.net/coub_storage/category/cw_image/d7afb96f274/3e8dad0b674f8605556f2/small_1545567838_Dance.png","med_image_url":"https://coub-anubis-a.akamaized.net/coub_storage/category/cw_image/d7afb96f274/3e8dad0b674f8605556f2/med_1545567838_Dance.png","visible":true}],"communities":[{"id":77,"title":"Dance","permalink":"dance","subscriptions_count":10085450,"big_image_url":"https://coub-anubis-a.akamaized.net/coub_storage/category/cw_image/d7afb96f274/3e8dad0b674f8605556f2/big_1545567838_Dance.png","small_image_url":"https://coub-anubis-a.akamaized.net/coub_storage/category/cw_image/d7afb96f274/3e8dad0b674f8605556f2/small_1545567838_Dance.png","med_image_url":"https://coub-anubis-a.akamaized.net/coub_storage/category/cw_image/d7afb96f274/3e8dad0b674f8605556f2/med_1545567838_Dance.png","i_subscribed":true,"community_notifications_enabled":null,"description":null}],"recoubs_count":114,"remixes_count":2,"likes_count":678,"dislikes_count":0,"raw_video_id":12621701,"uploaded_by_ios_app":true,"uploaded_by_android_app":false,"media_blocks":{"uploaded_raw_videos":[],"external_raw_videos":[],"remixed_from_coubs":[]},"raw_video_thumbnail_url":"/missing/missing.png","raw_video_title":"filename.mp4","video_block_banned":false,"duration":10.08,"promo_winner":false,"promo_winner_recoubers":null,"editorial_info":{},"promo_hint":null,"beeline_best_2014":null,"from_web_editor":false,"normalize_sound":true,"normalize_change_allowed":true,"best2015_addable":false,"ahmad_promo":null,"promo_data":null,"audio_copyright_claim":null,"ads_disabled":false,"is_safe_for_ads":true,"megafon_contents":[],"position_on_page":9},{"flag":null,"abuses":null,"recoubs_by_users_channels":null,"favourite":false,"promoted_id":null,"recoub":null,"like":null,"dislike":null,"reaction":null,"in_my_best2015":false,"id":70398908,"type":"Coub::Simple","permalink":"15hect","title":"First Dance","visibility_type":"public","original_visibility_type":"public","channel_id":361351,"created_at":"2018-03-26T21:00:14Z","updated_at":"2022-03-04T21:35:27Z","is_done":true,"views_count":72265,"cotd":null,"cotd_at":null,"visible_on_explore_root":true,"visible_on_explore":true,"featured":true,"published":true,"published_at":"2018-03-26T21:18:00Z","reversed":false,"from_editor_v2":true,"is_editable":true,"original_sound":false,"has_sound":false,"recoub_to":null,"file_versions":{"html5":{"video":{"higher":{"url":"https://coub-anubis-a.akamaized.net/coub_storage/coub/simple/cw_file/be5200982f5/cc0bb425184b7c20c6fa2/muted_mp4_huge_size_1596245458_muted_huge.mp4","size":3745181},"high":{"url":"https://coub-anubis-a.akamaized.net/coub_storage/coub/simple/cw_file/be5200982f5/cc0bb425184b7c20c6fa2/muted_mp4_big_size_1596245458_muted_big.mp4","size":2489448},"med":{"url":"https://coub-anubis-a.akamaized.net/coub_storage/coub/simple/cw_file/be5200982f5/cc0bb425184b7c20c6fa2/muted_mp4_med_size_1596245458_muted_med.mp4","size":709059}},"audio":{"high":{"url":"https://coub-anubis-a.akamaized.net/coub_storage/coub/simple/cw_looped_audio_high/540193e5402/b2d5e21d9df43bc8cc1cb/1605642182_high_1596245480_high.mp3","size":3038140},"med":{"url":"https://coub-anubis-a.akamaized.net/coub_storage/coub/simple/cw_looped_audio_med/726528217e3/43bd8e9155dc49078daca/1605642181_med_1596245480_med.mp3","size":2235954}}},"mobile":{"video":"https://coub-anubis-a.akamaized.net/coub_storage/coub/simple/cw_file/be5200982f5/cc0bb425184b7c20c6fa2/muted_mp4_med_size_1596245458_muted_med.mp4","audio":["https://coub-anubis-a.akamaized.net/coub_storage/coub/simple/cw_looped_audio_med/726528217e3/43bd8e9155dc49078daca/1605642181_med_1596245480_med.mp3"]},"share":{"default":"https://coub-anubis-a.akamaized.net/coub_storage/coub/simple/cw_video_for_sharing/ee635e8aeb0/e2619bb78f022aea67f0f/1627242121_looped_1627242120.mp4"}},"audio_versions":{"template":"https://coub-anubis-a.akamaized.net/coub_storage/audio_track/cw_file/1f23efe76a8/c9bd7191da0af8226a08b/mid_1596245463_jb4vw0_edited.mp3","versions":["mid","low"]},"image_versions":{"template":"https://coub-anubis-a.akamaized.net/coub_storage/coub/simple/cw_image/7a94ffacbb2/a47bfbfbf3dcc77798f12/1596245495_00032.jpg","versions":["micro","tiny","age_restricted","ios_large","ios_mosaic","big","med","small","pinterest"]},"first_frame_versions":{"template":"https://coub-anubis-a.akamaized.net/coub_storage/coub/simple/cw_timeline_pic/b27a616f99c/6df8e38912a93d3331e1f/%{version}_1596245494_image.jpg","versions":["big","med","small","ios_large"]},"dimensions":{"big":[1280,720],"med":[640,360]},"site_w_h":[640,360],"page_w_h":[640,360],"site_w_h_small":[310,174],"size":[1280,720],"age_restricted":false,"age_restricted_by_admin":false,"not_safe_for_work":false,"allow_reuse":false,"dont_crop":false,"banned":false,"global_safe":true,"audio_file_url":"https://coub-anubis-a.akamaized.net/coub_storage/audio_track/cw_file/1f23efe76a8/c9bd7191da0af8226a08b/low_1596245463_jb4vw0_edited.mp3","external_download":false,"application":null,"channel":{"id":361351,"permalink":"idesignking","title":"Eugene👑Korolev","description":"www.instagram.com/braZZtop","followers_count":6477,"following_count":435,"avatar_versions":{"template":"https://coub-anubis-a.akamaized.net/coub_storage/channel/cw_avatar/e9ef06d1d4c/b2f4818e652d1bf3ef917/%{version}_1624889091_11081102_785561681564341_1716339375554276424_n.jpg","versions":["medium","medium_2x","profile_pic","profile_pic_new","profile_pic_new_2x","tiny","tiny_2x","small","small_2x","ios_large","ios_small"]}},"file":null,"picture":"https://coub-anubis-a.akamaized.net/coub_storage/coub/simple/cw_image/7a94ffacbb2/a47bfbfbf3dcc77798f12/1596245495_00032.jpg","timeline_picture":"https://coub-anubis-a.akamaized.net/coub_storage/coub/simple/cw_timeline_pic/b27a616f99c/6df8e38912a93d3331e1f/ios_large_1596245494_image.jpg","small_picture":"https://coub-anubis-a.akamaized.net/coub_storage/coub/simple/cw_image/7a94ffacbb2/a47bfbfbf3dcc77798f12/1596245495_00032.jpg","sharing_picture":null,"percent_done":100,"tags":[{"id":3826759,"title":"journal of ardency","value":"journal%20of%20ardency"},{"id":441107,"title":"class actress","value":"class%20actress"},{"id":44141,"title":"barry","value":"barry"},{"id":3826760,"title":"barry series","value":"barry%20series"},{"id":408395,"title":"alec berg","value":"alec%20berg"},{"id":70942,"title":"bill hader","value":"bill%20hader"},{"id":854508,"title":"sarah goldberg","value":"sarah%20goldberg"},{"id":182,"title":"dance","value":"dance"},{"id":125,"title":"dancing","value":"dancing"},{"id":2013,"title":"club","value":"club"},{"id":293,"title":"party","value":"party"},{"id":675725,"title":"neon lights","value":"neon%20lights"},{"id":34964,"title":"slowmo","value":"slowmo"},{"id":579,"title":"slow motion","value":"slow%20motion"},{"id":3790949,"title":"braked frames","value":"braked%20frames"},{"id":3826761,"title":"barry 01 season 2018","value":"barry%2001%20season%202018"}],"categories":[{"id":77,"title":"Dance","permalink":"dance","subscriptions_count":10085450,"big_image_url":"https://coub-anubis-a.akamaized.net/coub_storage/category/cw_image/d7afb96f274/3e8dad0b674f8605556f2/big_1545567838_Dance.png","small_image_url":"https://coub-anubis-a.akamaized.net/coub_storage/category/cw_image/d7afb96f274/3e8dad0b674f8605556f2/small_1545567838_Dance.png","med_image_url":"https://coub-anubis-a.akamaized.net/coub_storage/category/cw_image/d7afb96f274/3e8dad0b674f8605556f2/med_1545567838_Dance.png","visible":true}],"communities":[{"id":77,"title":"Dance","permalink":"dance","subscriptions_count":10085450,"big_image_url":"https://coub-anubis-a.akamaized.net/coub_storage/category/cw_image/d7afb96f274/3e8dad0b674f8605556f2/big_1545567838_Dance.png","small_image_url":"https://coub-anubis-a.akamaized.net/coub_storage/category/cw_image/d7afb96f274/3e8dad0b674f8605556f2/small_1545567838_Dance.png","med_image_url":"https://coub-anubis-a.akamaized.net/coub_storage/category/cw_image/d7afb96f274/3e8dad0b674f8605556f2/med_1545567838_Dance.png","i_subscribed":true,"community_notifications_enabled":null,"description":null}],"recoubs_count":145,"remixes_count":1,"likes_count":678,"dislikes_count":0,"raw_video_id":11403067,"uploaded_by_ios_app":false,"uploaded_by_android_app":false,"media_blocks":{"uploaded_raw_videos":[],"external_raw_videos":[],"remixed_from_coubs":[]},"raw_video_thumbnail_url":"/missing/missing.png","raw_video_title":"Barry.S01E01.1080p-002.mkv","video_block_banned":false,"duration":10.0,"promo_winner":false,"promo_winner_recoubers":null,"editorial_info":{},"promo_hint":null,"beeline_best_2014":null,"from_web_editor":true,"normalize_sound":false,"normalize_change_allowed":true,"best2015_addable":false,"ahmad_promo":null,"promo_data":null,"audio_copyright_claim":null,"ads_disabled":false,"is_safe_for_ads":true,"megafon_contents":[],"position_on_page":10}]}