{"page":336,"per_page":10,"total_pages":500,"coubs":[{"flag":null,"abuses":null,"recoubs_by_users_channels":null,"favourite":false,"promoted_id":null,"recoub":null,"like":null,"dislike":null,"reaction":null,"in_my_best2015":false,"id":114391457,"type":"Coub::Simple","permalink":"1vp6cw","title":"Fridayy","visibility_type":"public","original_visibility_type":"public","channel_id":5519557,"created_at":"2019-06-07T21:39:23Z","updated_at":"2022-03-08T19:21:22Z","is_done":true,"views_count":82306,"cotd":null,"cotd_at":null,"visible_on_explore_root":false,"visible_on_explore":false,"featured":false,"published":true,"published_at":"2019-06-07T21:39:22Z","reversed":false,"from_editor_v2":true,"is_editable":true,"original_sound":false,"has_sound":false,"recoub_to":null,"file_versions":{"html5":{"video":{"higher":{"url":"https://coub-anubis-a.akamaized.net/coub_storage/coub/simple/cw_file/6db25eb0fa9/3fba149201659d120b2ea/muted_mp4_huge_size_1587149125_muted_huge.mp4","size":3685886},"high":{"url":"https://coub-anubis-a.akamaized.net/coub_storage/coub/simple/cw_file/6db25eb0fa9/3fba149201659d120b2ea/muted_mp4_big_size_1587149125_muted_big.mp4","size":2621970},"med":{"url":"https://coub-anubis-a.akamaized.net/coub_storage/coub/simple/cw_file/6db25eb0fa9/3fba149201659d120b2ea/muted_mp4_med_size_1587149125_muted_med.mp4","size":911524}},"audio":{"high":{"url":"https://coub-anubis-a.akamaized.net/coub_storage/coub/simple/cw_looped_audio_high/8b5b8a18aea/ae99afdf339c87ee4a7b7/1605661176_high_1559943732_high.mp3","size":717012},"med":{"url":"https://coub-anubis-a.akamaized.net/coub_storage/coub/simple/cw_looped_audio_med/0859a0f1a1e/ca08e8dd59fc25adf8ffa/1605661176_med_1559943732_med.mp3","size":507906}}},"mobile":{"video":"https://coub-anubis-a.akamaized.net/coub_storage/coub/simple/cw_file/6db25eb0fa9/3fba149201659d120b2ea/muted_mp4_med_size_1587149125_muted_med.mp4","audio":["https://coub-anubis-a.akamaized.net/coub_storage/coub/simple/cw_looped_audio_med/0859a0f1a1e/ca08e8dd59fc25adf8ffa/1605661176_med_1559943732_med.mp3"]},"share":{"default":"https://coub-anubis-a.akamaized.net/coub_storage/coub/simple/cw_video_for_sharing/c48ea4a4c30/58dfaace7ac2ea38686c1/1611011630_looped_1611011630.mp4"}},"audio_versions":{"template":"https://coub-anubis-a.akamaized.net/coub_storage/audio_track/cw_file/757afe0906d/1e5b4aeeff127ea16fa74/mid_1559943727_cbfb4d_edited.mp3","versions":["mid","low"]},"image_versions":{"template":"https://coub-anubis-a.akamaized.net/coub_storage/coub/simple/cw_image/6c29c0e7cd4/33bef40c950dd9aeb9ad9/1559943738_00026.jpg","versions":["micro","tiny","age_restricted","ios_large","ios_mosaic","big","med","small","pinterest"]},"first_frame_versions":{"template":"https://coub-anubis-a.akamaized.net/coub_storage/coub/simple/cw_timeline_pic/f9941a607db/57c7dcb1968e932df69aa/1559943737_image.jpg","versions":["big","med","small","ios_large"]},"dimensions":{"big":[1280,630],"med":[640,314]},"site_w_h":[640,315],"page_w_h":[640,315],"site_w_h_small":[310,153],"size":[1280,630],"age_restricted":false,"age_restricted_by_admin":false,"not_safe_for_work":false,"allow_reuse":false,"dont_crop":false,"banned":false,"global_safe":true,"audio_file_url":"https://coub-anubis-a.akamaized.net/coub_storage/audio_track/cw_file/757afe0906d/1e5b4aeeff127ea16fa74/low_1559943727_cbfb4d_edited.mp3","external_download":{"type":"Youtube","service_name":"YouTube","url":"https://www.youtube.com/watch?v=Btkjr6UNb50","has_embed":true},"application":null,"channel":{"id":5519557,"permalink":"9s000000","title":"✭ 9S ✭  ᵏᵒᵈᵒᵏᵘ","description":"Asian Grill <3","followers_count":279,"following_count":7,"avatar_versions":{"template":"https://coub-anubis-a.akamaized.net/coub_storage/channel/cw_avatar/4ca361d325b/8f6068ed1bbb88c63240a/%{version}_1607428121_11r4dmp_1558625722_cropped.jpeg","versions":["medium","medium_2x","profile_pic","profile_pic_new","profile_pic_new_2x","tiny","tiny_2x","small","small_2x","ios_large","ios_small"]}},"file":null,"picture":"https://coub-anubis-a.akamaized.net/coub_storage/coub/simple/cw_image/6c29c0e7cd4/33bef40c950dd9aeb9ad9/1559943738_00026.jpg","timeline_picture":"https://coub-anubis-a.akamaized.net/coub_storage/coub/simple/cw_timeline_pic/f9941a607db/57c7dcb1968e932df69aa/1559943737_image.jpg","small_picture":"https://coub-anubis-a.akamaized.net/coub_storage/coub/simple/cw_image/6c29c0e7cd4/33bef40c950dd9aeb9ad9/1559943738_00026.jpg","sharing_picture":null,"percent_done":100,"tags":[{"id":34406,"title":"kpop","value":"kpop"},{"id":1324664,"title":"clc","value":"clc"},{"id":1912829,"title":"씨엘씨","value":"%EC%94%A8%EC%97%98%EC%94%A8"},{"id":4999519,"title":"디지털싱글","value":"%EB%94%94%EC%A7%80%ED%84%B8%EC%8B%B1%EA%B8%80"},{"id":2303067,"title":"digital single","value":"digital%20single"},{"id":2679571,"title":"d/s","value":"d/s"},{"id":4709,"title":"me","value":"me"},{"id":784863,"title":"美","value":"%E7%BE%8E"},{"id":4978419,"title":"미","value":"%EB%AF%B8"},{"id":43051,"title":"m/v","value":"m/v"},{"id":735,"title":"music video","value":"music%20video"},{"id":34404,"title":"뮤직비디오","value":"%EB%AE%A4%EC%A7%81%EB%B9%84%EB%94%94%EC%98%A4"},{"id":1142799,"title":"승희","value":"%EC%8A%B9%ED%9D%AC"},{"id":1758937,"title":"유진","value":"%EC%9C%A0%EC%A7%84"},{"id":909339,"title":"승연","value":"%EC%8A%B9%EC%97%B0"},{"id":2075889,"title":"손","value":"%EC%86%90"},{"id":1168198,"title":"예은","value":"%EC%98%88%EC%9D%80"},{"id":2606890,"title":"엘키","value":"%EC%97%98%ED%82%A4"},{"id":2606891,"title":"은빈","value":"%EC%9D%80%EB%B9%88"},{"id":1553372,"title":"seunghee","value":"seunghee"},{"id":402478,"title":"yujin","value":"yujin"},{"id":958093,"title":"seungyeon","value":"seungyeon"},{"id":2344874,"title":"sorn","value":"sorn"},{"id":3450401,"title":"yeeun","value":"yeeun"},{"id":3450402,"title":"elkie","value":"elkie"},{"id":3443235,"title":"eunbin","value":"eunbin"},{"id":5203,"title":"cube","value":"cube"},{"id":715758,"title":"큐브","value":"%ED%81%90%EB%B8%8C"},{"id":222792,"title":"girl group","value":"girl%20group"},{"id":126476,"title":"girl band","value":"girl%20band"},{"id":302864,"title":"걸그룹","value":"%EA%B1%B8%EA%B7%B8%EB%A3%B9"},{"id":302863,"title":"아이돌","value":"%EC%95%84%EC%9D%B4%EB%8F%8C"},{"id":73262,"title":"idol","value":"idol"},{"id":184,"title":"sexy","value":"sexy"},{"id":6773,"title":"sexy girl","value":"sexy%20girl"},{"id":367,"title":"hot","value":"hot"},{"id":12583,"title":"hot girl","value":"hot%20girl"},{"id":39433,"title":"sexy dance","value":"sexy%20dance"},{"id":37202,"title":"hot dance","value":"hot%20dance"},{"id":951,"title":"top","value":"top"},{"id":209860,"title":"top girl","value":"top%20girl"},{"id":328957,"title":"top dance","value":"top%20dance"},{"id":7399,"title":"asian","value":"asian"},{"id":74393,"title":"asian girl","value":"asian%20girl"},{"id":4212,"title":"korean","value":"korean"},{"id":74397,"title":"korean girl","value":"korean%20girl"},{"id":4347773,"title":"asian grill","value":"asian%20grill"}],"categories":[{"id":77,"title":"Dance","permalink":"dance","subscriptions_count":10085450,"big_image_url":"https://coub-anubis-a.akamaized.net/coub_storage/category/cw_image/d7afb96f274/3e8dad0b674f8605556f2/big_1545567838_Dance.png","small_image_url":"https://coub-anubis-a.akamaized.net/coub_storage/category/cw_image/d7afb96f274/3e8dad0b674f8605556f2/small_1545567838_Dance.png","med_image_url":"https://coub-anubis-a.akamaized.net/coub_storage/category/cw_image/d7afb96f274/3e8dad0b674f8605556f2/med_1545567838_Dance.png","visible":true}],"communities":[{"id":77,"title":"Dance","permalink":"dance","subscriptions_count":10085450,"big_image_url":"https://coub-anubis-a.akamaized.net/coub_storage/category/cw_image/d7afb96f274/3e8dad0b674f8605556f2/big_1545567838_Dance.png","small_image_url":"https://coub-anubis-a.akamaized.net/coub_storage/category/cw_image/d7afb96f274/3e8dad0b674f8605556f2/small_1545567838_Dance.png","med_image_url":"https://coub-anubis-a.akamaized.net/coub_storage/category/cw_image/d7afb96f274/3e8dad0b674f8605556f2/med_1545567838_Dance.png","i_subscribed":true,"community_notifications_enabled":null,"description":null}],"recoubs_count":160,"remixes_count":0,"likes_count":875,"dislikes_count":0,"raw_video_id":13775477,"uploaded_by_ios_app":false,"uploaded_by_android_app":false,"media_blocks":{"uploaded_raw_videos":[],"external_raw_videos":[{"id":32003888,"title":"CLC(씨엘씨) - 'ME(美)' Official Music Video","url":"https://www.youtube.com/watch?v=Btkjr6UNb50","image":"https://coub-anubis-a.akamaized.net/coub_storage/media_block/cw_image/b2d259ac5a0/89e852f1da7692e33670e/1559136066_u860hz_1559136027_1hadb64_att-url-download.jpg","image_retina":"https://coub-anubis-a.akamaized.net/coub_storage/media_block/cw_image/b2d259ac5a0/89e852f1da7692e33670e/1559136066_u860hz_1559136027_1hadb64_att-url-download.jpg","meta":{"service":"Youtube","duration":"206.68"},"duration":206.68,"raw_video_id":13775477,"has_embed":true}],"remixed_from_coubs":[],"external_video":{"id":32003888,"title":"CLC(씨엘씨) - 'ME(美)' Official Music Video","url":"https://www.youtube.com/watch?v=Btkjr6UNb50","image":"https://coub-anubis-a.akamaized.net/coub_storage/media_block/cw_image/b2d259ac5a0/89e852f1da7692e33670e/1559136066_u860hz_1559136027_1hadb64_att-url-download.jpg","image_retina":"https://coub-anubis-a.akamaized.net/coub_storage/media_block/cw_image/b2d259ac5a0/89e852f1da7692e33670e/1559136066_u860hz_1559136027_1hadb64_att-url-download.jpg","meta":{"service":"Youtube","duration":"206.68"},"duration":206.68,"raw_video_id":13775477,"has_embed":true}},"raw_video_thumbnail_url":"/missing/missing.png","raw_video_title":"CLC(씨엘씨) - 'ME(美)' Official Music Video","video_block_banned":false,"duration":8.28,"promo_winner":false,"promo_winner_recoubers":null,"editorial_info":{},"promo_hint":null,"beeline_best_2014":null,"from_web_editor":true,"normalize_sound":false,"normalize_change_allowed":true,"best2015_addable":false,"ahmad_promo":null,"promo_data":null,"audio_copyright_claim":null,"ads_disabled":false,"is_safe_for_ads":true,"megafon_contents":[],"position_on_page":1},{"flag":null,"abuses":null,"recoubs_by_users_channels":null,"favourite":false,"promoted_id":null,"recoub":null,"like":null,"dislike":null,"reaction":null,"in_my_best2015":false,"id":112809296,"type":"Coub::Simple","permalink":"1ur9jk","title":"✦ worst in me ✦","visibility_type":"public","original_visibility_type":"public","channel_id":3475465,"created_at":"2019-05-23T15:46:09Z","updated_at":"2022-03-17T14:55:47Z","is_done":true,"views_count":66624,"cotd":null,"cotd_at":null,"visible_on_explore_root":false,"visible_on_explore":false,"featured":false,"published":true,"published_at":"2019-05-23T15:48:34Z","reversed":false,"from_editor_v2":true,"is_editable":true,"original_sound":false,"has_sound":false,"recoub_to":null,"file_versions":{"html5":{"video":{"higher":{"url":"https://coub-anubis-a.akamaized.net/coub_storage/coub/simple/cw_file/18de5860f6a/06f2aa73db049588dd2db/muted_mp4_huge_size_1571510645_muted_huge.mp4","size":1893570},"high":{"url":"https://coub-anubis-a.akamaized.net/coub_storage/coub/simple/cw_file/18de5860f6a/06f2aa73db049588dd2db/muted_mp4_big_size_1571510645_muted_big.mp4","size":1435848},"med":{"url":"https://coub-anubis-a.akamaized.net/coub_storage/coub/simple/cw_file/18de5860f6a/06f2aa73db049588dd2db/muted_mp4_med_size_1571510645_muted_med.mp4","size":487405}},"audio":{"high":{"url":"https://coub-anubis-a.akamaized.net/coub_storage/coub/simple/cw_looped_audio_high/9ef5ccad770/f77401edc04c8304f670d/1605669157_high_1558626408_high.mp3","size":4349403},"med":{"url":"https://coub-anubis-a.akamaized.net/coub_storage/coub/simple/cw_looped_audio_med/0dfa68a3f59/0e9d44e5a0247e49aac24/1605669156_med_1558626408_med.mp3","size":3065367}}},"mobile":{"video":"https://coub-anubis-a.akamaized.net/coub_storage/coub/simple/cw_file/18de5860f6a/06f2aa73db049588dd2db/muted_mp4_med_size_1571510645_muted_med.mp4","audio":["https://coub-anubis-a.akamaized.net/coub_storage/coub/simple/cw_looped_audio_med/0dfa68a3f59/0e9d44e5a0247e49aac24/1605669156_med_1558626408_med.mp3"]},"share":{"default":"https://coub-anubis-a.akamaized.net/coub_storage/coub/simple/cw_video_for_sharing/c140a6ce5d7/ece762539ecd1092b3c53/1622908336_looped_1622908335.mp4"}},"audio_versions":{"template":"https://coub-anubis-a.akamaized.net/coub_storage/audio_track/cw_file/ff7f3d3d2eb/05d1e257fb6430cc611d5/mid_1558626384_1fofn35_edited.mp3","versions":["mid","low"]},"image_versions":{"template":"https://coub-anubis-a.akamaized.net/coub_storage/coub/simple/cw_image/4a618743cc9/037984898ba3429d68b5e/1558626423_00019.jpg","versions":["micro","tiny","age_restricted","ios_large","ios_mosaic","big","med","small","pinterest"]},"first_frame_versions":{"template":"https://coub-anubis-a.akamaized.net/coub_storage/coub/simple/cw_timeline_pic/1cf7517c88e/bd8207fbafd211a19e618/%{version}_1558626422_image.jpg","versions":["big","med","small","ios_large"]},"dimensions":{"big":[1280,576],"med":[640,288]},"site_w_h":[640,288],"page_w_h":[640,288],"site_w_h_small":[310,140],"size":[1280,576],"age_restricted":false,"age_restricted_by_admin":false,"not_safe_for_work":false,"allow_reuse":false,"dont_crop":false,"banned":false,"global_safe":true,"audio_file_url":"https://coub-anubis-a.akamaized.net/coub_storage/audio_track/cw_file/ff7f3d3d2eb/05d1e257fb6430cc611d5/low_1558626384_1fofn35_edited.mp3","external_download":false,"application":null,"channel":{"id":3475465,"permalink":"lotarien","title":"lotarien","description":"socprofile.com/twenty_five_unit/","followers_count":2689,"following_count":373,"avatar_versions":{"template":"https://coub-anubis-a.akamaized.net/coub_storage/channel/cw_avatar/a5a01c6a235/0c3fc80d9fb830829e2eb/%{version}_1607421940_1pkmrjt_1596619002_1.png","versions":["medium","medium_2x","profile_pic","profile_pic_new","profile_pic_new_2x","tiny","tiny_2x","small","small_2x","ios_large","ios_small"]}},"file":null,"picture":"https://coub-anubis-a.akamaized.net/coub_storage/coub/simple/cw_image/4a618743cc9/037984898ba3429d68b5e/1558626423_00019.jpg","timeline_picture":"https://coub-anubis-a.akamaized.net/coub_storage/coub/simple/cw_timeline_pic/1cf7517c88e/bd8207fbafd211a19e618/ios_large_1558626422_image.jpg","small_picture":"https://coub-anubis-a.akamaized.net/coub_storage/coub/simple/cw_image/4a618743cc9/037984898ba3429d68b5e/1558626423_00019.jpg","sharing_picture":null,"percent_done":100,"tags":[{"id":2843542,"title":"✦","value":"%E2%9C%A6"},{"id":4961727,"title":"coub_mmd_battle","value":"coub_mmd_battle"}],"categories":[{"id":77,"title":"Dance","permalink":"dance","subscriptions_count":10085450,"big_image_url":"https://coub-anubis-a.akamaized.net/coub_storage/category/cw_image/d7afb96f274/3e8dad0b674f8605556f2/big_1545567838_Dance.png","small_image_url":"https://coub-anubis-a.akamaized.net/coub_storage/category/cw_image/d7afb96f274/3e8dad0b674f8605556f2/small_1545567838_Dance.png","med_image_url":"https://coub-anubis-a.akamaized.net/coub_storage/category/cw_image/d7afb96f274/3e8dad0b674f8605556f2/med_1545567838_Dance.png","visible":true}],"communities":[{"id":77,"title":"Dance","permalink":"dance","subscriptions_count":10085450,"big_image_url":"https://coub-anubis-a.akamaized.net/coub_storage/category/cw_image/d7afb96f274/3e8dad0b674f8605556f2/big_1545567838_Dance.png","small_image_url":"https://coub-anubis-a.akamaized.net/coub_storage/category/cw_image/d7afb96f274/3e8dad0b674f8605556f2/small_1545567838_Dance.png","med_image_url":"https://coub-anubis-a.akamaized.net/coub_storage/category/cw_image/d7afb96f274/3e8dad0b674f8605556f2/med_1545567838_Dance.png","i_subscribed":true,"community_notifications_enabled":null,"description":null}],"recoubs_count":279,"remixes_count":1,"likes_count":875,"dislikes_count":0,"raw_video_id":13747317,"uploaded_by_ios_app":false,"uploaded_by_android_app":false,"media_blocks":{"uploaded_raw_videos":[],"external_raw_videos":[],"remixed_from_coubs":[]},"raw_video_thumbnail_url":"/missing/missing.png","raw_video_title":"1.mp4","video_block_banned":false,"duration":6.0,"promo_winner":false,"promo_winner_recoubers":null,"editorial_info":{},"promo_hint":null,"beeline_best_2014":null,"from_web_editor":true,"normalize_sound":false,"normalize_change_allowed":true,"best2015_addable":false,"ahmad_promo":null,"promo_data":null,"audio_copyright_claim":null,"ads_disabled":false,"is_safe_for_ads":true,"megafon_contents":[],"position_on_page":2},{"flag":null,"abuses":null,"recoubs_by_users_channels":null,"favourite":false,"promoted_id":null,"recoub":null,"like":null,"dislike":null,"reaction":null,"in_my_best2015":false,"id":72681269,"type":"Coub::Simple","permalink":"16uj5x","title":"Feel incide","visibility_type":"public","original_visibility_type":"public","channel_id":1975266,"created_at":"2018-04-23T16:30:51Z","updated_at":"2022-03-17T16:01:39Z","is_done":true,"views_count":100810,"cotd":null,"cotd_at":null,"visible_on_explore_root":true,"visible_on_explore":true,"featured":true,"published":true,"published_at":"2018-04-23T16:30:51Z","reversed":false,"from_editor_v2":true,"is_editable":true,"original_sound":false,"has_sound":false,"recoub_to":null,"file_versions":{"html5":{"video":{"higher":{"url":"https://coub-anubis-a.akamaized.net/coub_storage/coub/simple/cw_file/6b069a9d915/63976aa862a619820b5f1/muted_mp4_huge_size_1568224509_muted_huge.mp4","size":2304329},"high":{"url":"https://coub-anubis-a.akamaized.net/coub_storage/coub/simple/cw_file/6b069a9d915/63976aa862a619820b5f1/muted_mp4_big_size_1568224509_muted_big.mp4","size":1671211},"med":{"url":"https://coub-anubis-a.akamaized.net/coub_storage/coub/simple/cw_file/6b069a9d915/63976aa862a619820b5f1/muted_mp4_med_size_1568224509_muted_med.mp4","size":397447}},"audio":{"high":{"url":"https://coub-anubis-a.akamaized.net/coub_storage/coub/simple/cw_looped_audio_high/96da7141dc7/0e515b44d6e86abc9ff6a/1605648544_high_1524502717_high.mp3","size":1972985},"med":{"url":"https://coub-anubis-a.akamaized.net/coub_storage/coub/simple/cw_looped_audio_med/c15801fd06f/50a9eba0d139e787be264/1605648544_med_1524502717_med.mp3","size":1440526}}},"mobile":{"video":"https://coub-anubis-a.akamaized.net/coub_storage/coub/simple/cw_file/6b069a9d915/63976aa862a619820b5f1/muted_mp4_med_size_1568224509_muted_med.mp4","audio":["https://coub-anubis-a.akamaized.net/coub_storage/coub/simple/cw_looped_audio_med/c15801fd06f/50a9eba0d139e787be264/1605648544_med_1524502717_med.mp3"]},"share":{"default":"https://coub-anubis-a.akamaized.net/coub_storage/coub/simple/cw_video_for_sharing/e1b19ac33be/68a0b6a06803919f3748b/1611086320_looped_1611086316.mp4"}},"audio_versions":{"template":"https://coub-anubis-a.akamaized.net/coub_storage/audio_track/cw_normalized_copy/b9b88b00be9/a3dbff14e36ed47209408/mid_1524502711_n495yd_normalized_1524502703_1n2x20d_edited.mp3","versions":["mid","low"]},"image_versions":{"template":"https://coub-anubis-a.akamaized.net/coub_storage/coub/simple/cw_image/0b1a9e6f301/55ec571a37fb64385b854/1524502726_00031.jpg","versions":["micro","tiny","age_restricted","ios_large","ios_mosaic","big","med","small","pinterest"]},"first_frame_versions":{"template":"https://coub-anubis-a.akamaized.net/coub_storage/coub/simple/cw_timeline_pic/d257ef62ebf/98f26604f20583dde4dfd/1524502725_image.jpg","versions":["big","med","small","ios_large"]},"dimensions":{"big":[1280,720],"med":[640,360]},"site_w_h":[640,360],"page_w_h":[640,360],"site_w_h_small":[310,174],"size":[1280,720],"age_restricted":false,"age_restricted_by_admin":false,"not_safe_for_work":false,"allow_reuse":false,"dont_crop":false,"banned":false,"global_safe":true,"audio_file_url":"https://coub-anubis-a.akamaized.net/coub_storage/audio_track/cw_normalized_copy/b9b88b00be9/a3dbff14e36ed47209408/low_1524502711_n495yd_normalized_1524502703_1n2x20d_edited.mp3","external_download":{"type":"Vimeo","service_name":"Vimeo","url":"http://vimeo.com/259539583","has_embed":true},"application":null,"channel":{"id":1975266,"permalink":"christina.alex","title":"Christina Alex","description":"Art injection","followers_count":148,"following_count":6,"avatar_versions":{"template":"https://coub-anubis-a.akamaized.net/coub_storage/channel/cw_avatar/6d217fc5662/112123ba2e02e57b3b1e0/%{version}_1607574815_xrdmu7_1527429602_red-rose-2560x1707-hd-3926.jpg","versions":["medium","medium_2x","profile_pic","profile_pic_new","profile_pic_new_2x","tiny","tiny_2x","small","small_2x","ios_large","ios_small"]}},"file":null,"picture":"https://coub-anubis-a.akamaized.net/coub_storage/coub/simple/cw_image/0b1a9e6f301/55ec571a37fb64385b854/1524502726_00031.jpg","timeline_picture":"https://coub-anubis-a.akamaized.net/coub_storage/coub/simple/cw_timeline_pic/d257ef62ebf/98f26604f20583dde4dfd/1524502725_image.jpg","small_picture":"https://coub-anubis-a.akamaized.net/coub_storage/coub/simple/cw_image/0b1a9e6f301/55ec571a37fb64385b854/1524502726_00031.jpg","sharing_picture":null,"percent_done":100,"tags":[{"id":298,"title":"love","value":"love"},{"id":5701,"title":"melancholy","value":"melancholy"},{"id":25825,"title":"movement","value":"movement"},{"id":7834,"title":"matilda","value":"matilda"},{"id":1503,"title":"waltz","value":"waltz"},{"id":8946,"title":"slow","value":"slow"},{"id":7571,"title":"feelings","value":"feelings"},{"id":86,"title":"music","value":"music"},{"id":9468,"title":"pool","value":"pool"},{"id":135,"title":"water","value":"water"},{"id":182,"title":"dance","value":"dance"},{"id":3072,"title":"art","value":"art"}],"categories":[{"id":77,"title":"Dance","permalink":"dance","subscriptions_count":10085450,"big_image_url":"https://coub-anubis-a.akamaized.net/coub_storage/category/cw_image/d7afb96f274/3e8dad0b674f8605556f2/big_1545567838_Dance.png","small_image_url":"https://coub-anubis-a.akamaized.net/coub_storage/category/cw_image/d7afb96f274/3e8dad0b674f8605556f2/small_1545567838_Dance.png","med_image_url":"https://coub-anubis-a.akamaized.net/coub_storage/category/cw_image/d7afb96f274/3e8dad0b674f8605556f2/med_1545567838_Dance.png","visible":true}],"communities":[{"id":77,"title":"Dance","permalink":"dance","subscriptions_count":10085450,"big_image_url":"https://coub-anubis-a.akamaized.net/coub_storage/category/cw_image/d7afb96f274/3e8dad0b674f8605556f2/big_1545567838_Dance.png","small_image_url":"https://coub-anubis-a.akamaized.net/coub_storage/category/cw_image/d7afb96f274/3e8dad0b674f8605556f2/small_1545567838_Dance.png","med_image_url":"https://coub-anubis-a.akamaized.net/coub_storage/category/cw_image/d7afb96f274/3e8dad0b674f8605556f2/med_1545567838_Dance.png","i_subscribed":true,"community_notifications_enabled":null,"description":null}],"recoubs_count":241,"remixes_count":4,"likes_count":875,"dislikes_count":0,"raw_video_id":11362693,"uploaded_by_ios_app":false,"uploaded_by_android_app":false,"media_blocks":{"uploaded_raw_videos":[],"external_raw_videos":[{"id":25439410,"title":"AMA - a short film by Julie Gautier","url":"http://vimeo.com/259539583","image":"https://coub-anubis-a.akamaized.net/coub_storage/media_block/cw_image/ae02b4103ea/f3246e94afe618231c165/1521562054_1521561595_1t30gvv_att-url-download.jpg","image_retina":"https://coub-anubis-a.akamaized.net/coub_storage/media_block/cw_image/ae02b4103ea/f3246e94afe618231c165/1521562054_1521561595_1t30gvv_att-url-download.jpg","meta":{"service":"Vimeo","duration":"396.88"},"duration":396.88,"raw_video_id":11362693,"has_embed":true}],"remixed_from_coubs":[],"external_video":{"id":25439410,"title":"AMA - a short film by Julie Gautier","url":"http://vimeo.com/259539583","image":"https://coub-anubis-a.akamaized.net/coub_storage/media_block/cw_image/ae02b4103ea/f3246e94afe618231c165/1521562054_1521561595_1t30gvv_att-url-download.jpg","image_retina":"https://coub-anubis-a.akamaized.net/coub_storage/media_block/cw_image/ae02b4103ea/f3246e94afe618231c165/1521562054_1521561595_1t30gvv_att-url-download.jpg","meta":{"service":"Vimeo","duration":"396.88"},"duration":396.88,"raw_video_id":11362693,"has_embed":true}},"raw_video_thumbnail_url":"/missing/missing.png","raw_video_title":"AMA - a short film by Julie Gautier","video_block_banned":false,"duration":9.8,"promo_winner":false,"promo_winner_recoubers":null,"editorial_info":{},"promo_hint":null,"beeline_best_2014":null,"from_web_editor":true,"normalize_sound":true,"normalize_change_allowed":true,"best2015_addable":false,"ahmad_promo":null,"promo_data":null,"audio_copyright_claim":null,"ads_disabled":false,"is_safe_for_ads":true,"megafon_contents":[],"position_on_page":3},{"flag":null,"abuses":null,"recoubs_by_users_channels":null,"favourite":false,"promoted_id":null,"recoub":null,"like":null,"dislike":null,"reaction":null,"in_my_best2015":false,"id":160356986,"type":"Coub::Simple","permalink":"2n4j1w","title":"Нехитов - Тыл сапера (Пародия на \"Лада Приора\")","visibility_type":"public","original_visibility_type":"public","channel_id":10776180,"created_at":"2020-12-23T15:58:59Z","updated_at":"2022-03-09T18:45:42Z","is_done":true,"views_count":74692,"cotd":null,"cotd_at":null,"visible_on_explore_root":false,"visible_on_explore":false,"featured":false,"published":true,"published_at":"2020-12-23T15:58:59Z","reversed":false,"from_editor_v2":true,"is_editable":true,"original_sound":true,"has_sound":true,"recoub_to":null,"file_versions":{"html5":{"video":{"higher":{"url":"https://coub-anubis-a.akamaized.net/coub_storage/coub/simple/cw_file/657a68737bc/68b239169ebb01b44a72d/muted_mp4_huge_size_1608739145_muted_huge.mp4","size":3363210},"high":{"url":"https://coub-anubis-a.akamaized.net/coub_storage/coub/simple/cw_file/657a68737bc/68b239169ebb01b44a72d/muted_mp4_big_size_1608739145_muted_big.mp4","size":2059910},"med":{"url":"https://coub-anubis-a.akamaized.net/coub_storage/coub/simple/cw_file/657a68737bc/68b239169ebb01b44a72d/muted_mp4_med_size_1608739145_muted_med.mp4","size":895210}},"audio":{"high":{"url":"https://coub-anubis-a.akamaized.net/coub_storage/coub/simple/cw_looped_audio_high/5801e2e238e/6631e9814da8698ea48ea/1608739148_mp3-high.mp3","size":1247766},"med":{"url":"https://coub-anubis-a.akamaized.net/coub_storage/coub/simple/cw_looped_audio_med/6c7a8da7b68/702dccffbcc912aabdd53/1608739147_mp3-med.mp3","size":894830},"sample_duration":8.011}},"mobile":{"video":"https://coub-anubis-a.akamaized.net/coub_storage/coub/simple/cw_file/657a68737bc/68b239169ebb01b44a72d/muted_mp4_med_size_1608739145_muted_med.mp4","audio":["https://coub-anubis-a.akamaized.net/coub_storage/coub/simple/cw_looped_audio_med/6c7a8da7b68/702dccffbcc912aabdd53/1608739147_mp3-med.mp3"]},"share":{"default":"https://coub-anubis-a.akamaized.net/coub_storage/coub/simple/cw_video_for_sharing/c8e943fb272/342380df55bea838b6733/1608739180_looped_1608739179.mp4"}},"audio_versions":{},"image_versions":{"template":"https://coub-anubis-a.akamaized.net/coub_storage/coub/simple/cw_image/9892d4c5dd1/9b68720a4ab4387eaa0ba/%{version}_1608739153_00026.jpg","versions":["micro","tiny","age_restricted","ios_large","ios_mosaic","big","med","small","pinterest"]},"first_frame_versions":{"template":"https://coub-anubis-a.akamaized.net/coub_storage/coub/simple/cw_timeline_pic/de64721f92d/b92089bd2189cb65bd75a/%{version}_1608739153_image.jpg","versions":["big","med","small","ios_large"]},"dimensions":{"big":[1280,720],"med":[640,360]},"site_w_h":[640,360],"page_w_h":[640,360],"site_w_h_small":[310,174],"size":[1280,720],"age_restricted":false,"age_restricted_by_admin":false,"not_safe_for_work":false,"allow_reuse":false,"dont_crop":true,"banned":false,"global_safe":null,"audio_file_url":null,"external_download":{"type":"Instagram","service_name":"Instagram","url":"https://www.instagram.com/p/CG6hEJVD1zp/?igshid=186qh12l978z9","has_embed":false},"application":null,"channel":{"id":10776180,"permalink":"nehitov30508","title":"nehitov","description":"Угарные пародии! insta: nehitov","followers_count":5,"following_count":11,"avatar_versions":{"template":"https://coub-anubis-a.akamaized.net/coub_storage/channel/cw_avatar/300aa112724/c0ed2af0c04fe27eba4fe/%{version}_1608738274_cropped.jpeg","versions":["medium","medium_2x","profile_pic","profile_pic_new","profile_pic_new_2x","tiny","tiny_2x","small","small_2x","ios_large","ios_small"]}},"file":null,"picture":"https://coub-anubis-a.akamaized.net/coub_storage/coub/simple/cw_image/9892d4c5dd1/9b68720a4ab4387eaa0ba/med_1608739153_00026.jpg","timeline_picture":"https://coub-anubis-a.akamaized.net/coub_storage/coub/simple/cw_timeline_pic/de64721f92d/b92089bd2189cb65bd75a/ios_large_1608739153_image.jpg","small_picture":"https://coub-anubis-a.akamaized.net/coub_storage/coub/simple/cw_image/9892d4c5dd1/9b68720a4ab4387eaa0ba/ios_mosaic_1608739153_00026.jpg","sharing_picture":null,"percent_done":100,"tags":[{"id":5777723,"title":"нехитов","value":"%D0%BD%D0%B5%D1%85%D0%B8%D1%82%D0%BE%D0%B2"},{"id":6070827,"title":"тыл сапера","value":"%D1%82%D1%8B%D0%BB%20%D1%81%D0%B0%D0%BF%D0%B5%D1%80%D0%B0"},{"id":8559,"title":"пародия","value":"%D0%BF%D0%B0%D1%80%D0%BE%D0%B4%D0%B8%D1%8F"},{"id":512609,"title":"лада приора","value":"%D0%BB%D0%B0%D0%B4%D0%B0%20%D0%BF%D1%80%D0%B8%D0%BE%D1%80%D0%B0"},{"id":15696,"title":"топ","value":"%D1%82%D0%BE%D0%BF"},{"id":15536,"title":"хит","value":"%D1%85%D0%B8%D1%82"},{"id":361185,"title":"2020","value":"2020"},{"id":1437,"title":"юмор","value":"%D1%8E%D0%BC%D0%BE%D1%80"},{"id":882,"title":"прикол","value":"%D0%BF%D1%80%D0%B8%D0%BA%D0%BE%D0%BB"}],"categories":[{"id":77,"title":"Dance","permalink":"dance","subscriptions_count":10085450,"big_image_url":"https://coub-anubis-a.akamaized.net/coub_storage/category/cw_image/d7afb96f274/3e8dad0b674f8605556f2/big_1545567838_Dance.png","small_image_url":"https://coub-anubis-a.akamaized.net/coub_storage/category/cw_image/d7afb96f274/3e8dad0b674f8605556f2/small_1545567838_Dance.png","med_image_url":"https://coub-anubis-a.akamaized.net/coub_storage/category/cw_image/d7afb96f274/3e8dad0b674f8605556f2/med_1545567838_Dance.png","visible":true}],"communities":[{"id":77,"title":"Dance","permalink":"dance","subscriptions_count":10085450,"big_image_url":"https://coub-anubis-a.akamaized.net/coub_storage/category/cw_image/d7afb96f274/3e8dad0b674f8605556f2/big_1545567838_Dance.png","small_image_url":"https://coub-anubis-a.akamaized.net/coub_storage/category/cw_image/d7afb96f274/3e8dad0b674f8605556f2/small_1545567838_Dance.png","med_image_url":"https://coub-anubis-a.akamaized.net/coub_storage/category/cw_image/d7afb96f274/3e8dad0b674f8605556f2/med_1545567838_Dance.png","i_subscribed":true,"community_notifications_enabled":null,"description":null}],"recoubs_count":173,"remixes_count":0,"likes_count":874,"dislikes_count":0,"raw_video_id":15999369,"uploaded_by_ios_app":false,"uploaded_by_android_app":true,"media_blocks":{"uploaded_raw_videos":[],"external_raw_videos":[{"id":37759474,"title":"Shot by nehitov","url":"http://instagram.com/p/CG6hEJVD1zp/","image":null,"image_retina":null,"meta":{"service":"Instagram","duration":"12.2"},"duration":12.2,"raw_video_id":15999369,"has_embed":false}],"remixed_from_coubs":[],"external_video":{"id":37759474,"title":"Shot by nehitov","url":"http://instagram.com/p/CG6hEJVD1zp/","image":null,"image_retina":null,"meta":{"service":"Instagram","duration":"12.2"},"duration":12.2,"raw_video_id":15999369,"has_embed":false}},"raw_video_thumbnail_url":"/missing/missing.png","raw_video_title":"Shot by nehitov","video_block_banned":false,"duration":8.04,"promo_winner":false,"promo_winner_recoubers":null,"editorial_info":{},"promo_hint":null,"beeline_best_2014":null,"from_web_editor":false,"normalize_sound":true,"normalize_change_allowed":true,"best2015_addable":false,"ahmad_promo":null,"promo_data":null,"audio_copyright_claim":null,"ads_disabled":false,"is_safe_for_ads":true,"megafon_contents":[],"position_on_page":4},{"flag":null,"abuses":null,"recoubs_by_users_channels":null,"favourite":false,"promoted_id":null,"recoub":null,"like":null,"dislike":null,"reaction":null,"in_my_best2015":false,"id":158266116,"type":"Coub::Simple","permalink":"2lvppn","title":"[ThePruld] Praise till you're hollow","visibility_type":"public","original_visibility_type":"public","channel_id":9602169,"created_at":"2020-11-20T19:01:11Z","updated_at":"2022-03-18T02:26:25Z","is_done":true,"views_count":80476,"cotd":null,"cotd_at":null,"visible_on_explore_root":false,"visible_on_explore":false,"featured":false,"published":true,"published_at":"2020-11-20T19:01:11Z","reversed":false,"from_editor_v2":true,"is_editable":true,"original_sound":false,"has_sound":false,"recoub_to":null,"file_versions":{"html5":{"video":{"higher":{"url":"https://coub-anubis-a.akamaized.net/coub_storage/coub/simple/cw_file/53df86476c2/10c9224c46dffbb332c7e/muted_mp4_huge_size_1605898897_muted_huge.mp4","size":5153474},"high":{"url":"https://coub-anubis-a.akamaized.net/coub_storage/coub/simple/cw_file/53df86476c2/10c9224c46dffbb332c7e/muted_mp4_big_size_1605898897_muted_big.mp4","size":3569873},"med":{"url":"https://coub-anubis-a.akamaized.net/coub_storage/coub/simple/cw_file/53df86476c2/10c9224c46dffbb332c7e/muted_mp4_med_size_1605898897_muted_med.mp4","size":1166693}},"audio":{"high":{"url":"https://coub-anubis-a.akamaized.net/coub_storage/coub/simple/cw_looped_audio_high/430bba96163/c3012873ff8a9b78104d5/1605898914_mp3-high.mp3","size":1426273},"med":{"url":"https://coub-anubis-a.akamaized.net/coub_storage/coub/simple/cw_looped_audio_med/2923a25bdbb/6660459c35fe4649cafd4/1605898913_mp3-med.mp3","size":1106111}}},"mobile":{"video":"https://coub-anubis-a.akamaized.net/coub_storage/coub/simple/cw_file/53df86476c2/10c9224c46dffbb332c7e/muted_mp4_med_size_1605898897_muted_med.mp4","audio":["https://coub-anubis-a.akamaized.net/coub_storage/coub/simple/cw_looped_audio_med/2923a25bdbb/6660459c35fe4649cafd4/1605898913_mp3-med.mp3"]},"share":{"default":"https://coub-anubis-a.akamaized.net/coub_storage/coub/simple/cw_video_for_sharing/46dbb7759c4/8ee85688407901c5927dc/1608153638_looped_1608153637.mp4"}},"audio_versions":{"template":"https://coub-anubis-a.akamaized.net/coub_storage/audio_track/cw_normalized_copy/8c2540081dd/051468aee315e7c30ab06/mid_1605898907_normalized_1605898898_1xjo34l_edited.mp3","versions":["mid","low"]},"image_versions":{"template":"https://coub-anubis-a.akamaized.net/coub_storage/coub/simple/cw_image/4821d33ab4b/83f810248b0c758c16808/%{version}_1605898922_00032.jpg","versions":["micro","tiny","age_restricted","ios_large","ios_mosaic","big","med","small","pinterest"]},"first_frame_versions":{"template":"https://coub-anubis-a.akamaized.net/coub_storage/coub/simple/cw_timeline_pic/40c673ca8ce/b61d1d53c51515e036e11/%{version}_1605898921_image.jpg","versions":["big","med","small","ios_large"]},"dimensions":{"big":[1280,720],"med":[640,360]},"site_w_h":[640,360],"page_w_h":[640,360],"site_w_h_small":[310,174],"size":[1280,720],"age_restricted":false,"age_restricted_by_admin":false,"not_safe_for_work":false,"allow_reuse":false,"dont_crop":true,"banned":false,"global_safe":null,"audio_file_url":"https://coub-anubis-a.akamaized.net/coub_storage/audio_track/cw_normalized_copy/8c2540081dd/051468aee315e7c30ab06/low_1605898907_normalized_1605898898_1xjo34l_edited.mp3","external_download":{"type":"Youtube","service_name":"YouTube","url":"https://www.youtube.com/watch?v=mp28JPs25ek&list=PLiqHlW1FGYLRBCzNewheQTUlB5Z2ux0RP&index=3&t=0s","has_embed":true},"application":null,"channel":{"id":9602169,"permalink":"sasha10254","title":"Sasha","description":null,"followers_count":2,"following_count":11,"avatar_versions":{"template":"https://coub-anubis-a.akamaized.net/coub_storage/channel/cw_avatar/234fb859c50/bbe6b43a54fe5e213f53f/%{version}_1607429922_fyrxzs_1591286329_cropped.jpeg","versions":["medium","medium_2x","profile_pic","profile_pic_new","profile_pic_new_2x","tiny","tiny_2x","small","small_2x","ios_large","ios_small"]}},"file":null,"picture":"https://coub-anubis-a.akamaized.net/coub_storage/coub/simple/cw_image/4821d33ab4b/83f810248b0c758c16808/med_1605898922_00032.jpg","timeline_picture":"https://coub-anubis-a.akamaized.net/coub_storage/coub/simple/cw_timeline_pic/40c673ca8ce/b61d1d53c51515e036e11/ios_large_1605898921_image.jpg","small_picture":"https://coub-anubis-a.akamaized.net/coub_storage/coub/simple/cw_image/4821d33ab4b/83f810248b0c758c16808/ios_mosaic_1605898922_00032.jpg","sharing_picture":null,"percent_done":100,"tags":[{"id":545,"title":"dark souls","value":"dark%20souls"},{"id":177946,"title":"solaire","value":"solaire"},{"id":101742,"title":"praise","value":"praise"},{"id":4840,"title":"sfm","value":"sfm"},{"id":28803,"title":"source film maker","value":"source%20film%20maker"},{"id":550899,"title":"sif","value":"sif"},{"id":68467,"title":"artorias","value":"artorias"},{"id":1303622,"title":"gwynn","value":"gwynn"},{"id":46037,"title":"tette","value":"tette"},{"id":2865053,"title":"zuppa","value":"zuppa"},{"id":9024,"title":"ds","value":"ds"},{"id":295376,"title":"ds3","value":"ds3"},{"id":306395,"title":"dark souls 3","value":"dark%20souls%203"},{"id":198665,"title":"boss fight","value":"boss%20fight"},{"id":953829,"title":"siegmeyer","value":"siegmeyer"},{"id":182,"title":"dance","value":"dance"},{"id":2234,"title":"meme","value":"meme"},{"id":2781139,"title":"dance till you're dead","value":"dance%20till%20you're%20dead"}],"categories":[{"id":77,"title":"Dance","permalink":"dance","subscriptions_count":10085450,"big_image_url":"https://coub-anubis-a.akamaized.net/coub_storage/category/cw_image/d7afb96f274/3e8dad0b674f8605556f2/big_1545567838_Dance.png","small_image_url":"https://coub-anubis-a.akamaized.net/coub_storage/category/cw_image/d7afb96f274/3e8dad0b674f8605556f2/small_1545567838_Dance.png","med_image_url":"https://coub-anubis-a.akamaized.net/coub_storage/category/cw_image/d7afb96f274/3e8dad0b674f8605556f2/med_1545567838_Dance.png","visible":true}],"communities":[{"id":77,"title":"Dance","permalink":"dance","subscriptions_count":10085450,"big_image_url":"https://coub-anubis-a.akamaized.net/coub_storage/category/cw_image/d7afb96f274/3e8dad0b674f8605556f2/big_1545567838_Dance.png","small_image_url":"https://coub-anubis-a.akamaized.net/coub_storage/category/cw_image/d7afb96f274/3e8dad0b674f8605556f2/small_1545567838_Dance.png","med_image_url":"https://coub-anubis-a.akamaized.net/coub_storage/category/cw_image/d7afb96f274/3e8dad0b674f8605556f2/med_1545567838_Dance.png","i_subscribed":true,"community_notifications_enabled":null,"description":null}],"recoubs_count":140,"remixes_count":0,"likes_count":874,"dislikes_count":0,"raw_video_id":15534108,"uploaded_by_ios_app":false,"uploaded_by_android_app":false,"media_blocks":{"uploaded_raw_videos":[],"external_raw_videos":[{"id":36596536,"title":"[ThePruld] Praise till you're hollow","url":"https://www.youtube.com/watch?v=mp28JPs25ek","image":null,"image_retina":null,"meta":{"service":"Youtube","duration":"74.56"},"duration":74.56,"raw_video_id":15534108,"has_embed":true}],"remixed_from_coubs":[],"external_video":{"id":36596536,"title":"[ThePruld] Praise till you're hollow","url":"https://www.youtube.com/watch?v=mp28JPs25ek","image":null,"image_retina":null,"meta":{"service":"Youtube","duration":"74.56"},"duration":74.56,"raw_video_id":15534108,"has_embed":true}},"raw_video_thumbnail_url":"/missing/missing.png","raw_video_title":"[ThePruld] Praise till you're hollow","video_block_banned":false,"duration":10.0,"promo_winner":false,"promo_winner_recoubers":null,"editorial_info":{},"promo_hint":null,"beeline_best_2014":null,"from_web_editor":true,"normalize_sound":true,"normalize_change_allowed":true,"best2015_addable":false,"ahmad_promo":null,"promo_data":null,"audio_copyright_claim":null,"ads_disabled":false,"is_safe_for_ads":true,"megafon_contents":[],"position_on_page":5},{"flag":null,"abuses":null,"recoubs_by_users_channels":null,"favourite":false,"promoted_id":null,"recoub":null,"like":null,"dislike":null,"reaction":null,"in_my_best2015":false,"id":153776956,"type":"Coub::Simple","permalink":"2j7htl","title":"Zhonti feat. NN-Beka - ЗЫН ЗЫН","visibility_type":"public","original_visibility_type":"public","channel_id":7331021,"created_at":"2020-09-13T17:52:55Z","updated_at":"2022-03-16T11:59:01Z","is_done":true,"views_count":89836,"cotd":null,"cotd_at":null,"visible_on_explore_root":false,"visible_on_explore":false,"featured":false,"published":true,"published_at":"2020-09-13T17:52:54Z","reversed":false,"from_editor_v2":true,"is_editable":true,"original_sound":false,"has_sound":false,"recoub_to":null,"file_versions":{"html5":{"video":{"higher":{"url":"https://coub-anubis-a.akamaized.net/coub_storage/coub/simple/cw_file/30101871b57/90cbb6d044fef3eb26017/muted_mp4_huge_size_1600019663_muted_huge.mp4","size":2856827},"high":{"url":"https://coub-anubis-a.akamaized.net/coub_storage/coub/simple/cw_file/30101871b57/90cbb6d044fef3eb26017/muted_mp4_big_size_1600019663_muted_big.mp4","size":2073593},"med":{"url":"https://coub-anubis-a.akamaized.net/coub_storage/coub/simple/cw_file/30101871b57/90cbb6d044fef3eb26017/muted_mp4_med_size_1600019663_muted_med.mp4","size":650202}},"audio":{"high":{"url":"https://coub-anubis-a.akamaized.net/coub_storage/coub/simple/cw_looped_audio_high/c098bcefd4f/a160baebc80fe0e1101c9/1607273078_high_1600019674_high.mp3","size":1308045},"med":{"url":"https://coub-anubis-a.akamaized.net/coub_storage/coub/simple/cw_looped_audio_med/c975ea0d37b/683846357e3b4f651edcc/1607273077_med_1600019674_med.mp3","size":956285}}},"mobile":{"video":"https://coub-anubis-a.akamaized.net/coub_storage/coub/simple/cw_file/30101871b57/90cbb6d044fef3eb26017/muted_mp4_med_size_1600019663_muted_med.mp4","audio":["https://coub-anubis-a.akamaized.net/coub_storage/coub/simple/cw_looped_audio_med/c975ea0d37b/683846357e3b4f651edcc/1607273077_med_1600019674_med.mp3"]},"share":{"default":"https://coub-anubis-a.akamaized.net/coub_storage/coub/simple/cw_video_for_sharing/999c030017a/c2e2f9cfc73744b9209be/1609123905_looped_1609123903.mp4"}},"audio_versions":{"template":"https://coub-anubis-a.akamaized.net/coub_storage/audio_track/cw_normalized_copy/19ba9ee4765/1ff769329cb7dd450ae02/mid_1600019668_normalized_1600019664_1hyb21e_edited.mp3","versions":["mid","low"]},"image_versions":{"template":"https://coub-anubis-a.akamaized.net/coub_storage/coub/simple/cw_image/6d8e265f825/453973457fbacac6aecc5/1600019685_00032.jpg","versions":["micro","tiny","age_restricted","ios_large","ios_mosaic","big","med","small","pinterest"]},"first_frame_versions":{"template":"https://coub-anubis-a.akamaized.net/coub_storage/coub/simple/cw_timeline_pic/52efc2f1598/978f060ab10f6d738d72f/1600019684_image.jpg","versions":["big","med","small","ios_large"]},"dimensions":{"big":[1280,720],"med":[640,360]},"site_w_h":[640,360],"page_w_h":[640,360],"site_w_h_small":[310,174],"size":[1280,720],"age_restricted":false,"age_restricted_by_admin":false,"not_safe_for_work":false,"allow_reuse":false,"dont_crop":false,"banned":false,"global_safe":null,"audio_file_url":"https://coub-anubis-a.akamaized.net/coub_storage/audio_track/cw_normalized_copy/19ba9ee4765/1ff769329cb7dd450ae02/low_1600019668_normalized_1600019664_1hyb21e_edited.mp3","external_download":{"type":"Youtube","service_name":"YouTube","url":"https://www.youtube.com/watch?v=ECWwpmP3spY","has_embed":true},"application":null,"channel":{"id":7331021,"permalink":"ilya-dukhovny","title":"Ilya Dukhovny","description":null,"followers_count":15,"following_count":18,"avatar_versions":{"template":"https://coub-anubis-a.akamaized.net/coub_storage/channel/cw_avatar/e72659346e8/4c518c06cfacd176f790e/%{version}_1612761609_filename.jpeg","versions":["medium","medium_2x","profile_pic","profile_pic_new","profile_pic_new_2x","tiny","tiny_2x","small","small_2x","ios_large","ios_small"]}},"file":null,"picture":"https://coub-anubis-a.akamaized.net/coub_storage/coub/simple/cw_image/6d8e265f825/453973457fbacac6aecc5/1600019685_00032.jpg","timeline_picture":"https://coub-anubis-a.akamaized.net/coub_storage/coub/simple/cw_timeline_pic/52efc2f1598/978f060ab10f6d738d72f/1600019684_image.jpg","small_picture":"https://coub-anubis-a.akamaized.net/coub_storage/coub/simple/cw_image/6d8e265f825/453973457fbacac6aecc5/1600019685_00032.jpg","sharing_picture":null,"percent_done":100,"tags":[{"id":1159281,"title":"jokeasses","value":"jokeasses"},{"id":1295386,"title":"jokesses","value":"jokesses"},{"id":1295387,"title":"джокессес","value":"%D0%B4%D0%B6%D0%BE%D0%BA%D0%B5%D1%81%D1%81%D0%B5%D1%81"},{"id":1295388,"title":"джакасс","value":"%D0%B4%D0%B6%D0%B0%D0%BA%D0%B0%D1%81%D1%81"},{"id":3355991,"title":"зын зын","value":"%D0%B7%D1%8B%D0%BD%20%D0%B7%D1%8B%D0%BD"},{"id":3401828,"title":"шымкенттын кыздар","value":"%D1%88%D1%8B%D0%BC%D0%BA%D0%B5%D0%BD%D1%82%D1%82%D1%8B%D0%BD%20%D0%BA%D1%8B%D0%B7%D0%B4%D0%B0%D1%80"},{"id":744007,"title":"атамбаев","value":"%D0%B0%D1%82%D0%B0%D0%BC%D0%B1%D0%B0%D0%B5%D0%B2"},{"id":3401829,"title":"саммит снг","value":"%D1%81%D0%B0%D0%BC%D0%BC%D0%B8%D1%82%20%D1%81%D0%BD%D0%B3"},{"id":84529,"title":"назарбаев","value":"%D0%BD%D0%B0%D0%B7%D0%B0%D1%80%D0%B1%D0%B0%D0%B5%D0%B2"},{"id":3982007,"title":"jokeasses зын зын","value":"jokeasses%20%D0%B7%D1%8B%D0%BD%20%D0%B7%D1%8B%D0%BD"},{"id":3982008,"title":"jokeasses zin zin","value":"jokeasses%20zin%20zin"},{"id":3982009,"title":"зын зын оригинал","value":"%D0%B7%D1%8B%D0%BD%20%D0%B7%D1%8B%D0%BD%20%D0%BE%D1%80%D0%B8%D0%B3%D0%B8%D0%BD%D0%B0%D0%BB"},{"id":3982010,"title":"зын зын авторы","value":"%D0%B7%D1%8B%D0%BD%20%D0%B7%D1%8B%D0%BD%20%D0%B0%D0%B2%D1%82%D0%BE%D1%80%D1%8B"},{"id":3982011,"title":"зын зын песня","value":"%D0%B7%D1%8B%D0%BD%20%D0%B7%D1%8B%D0%BD%20%D0%BF%D0%B5%D1%81%D0%BD%D1%8F"},{"id":3982012,"title":"полная версия зын зын","value":"%D0%BF%D0%BE%D0%BB%D0%BD%D0%B0%D1%8F%20%D0%B2%D0%B5%D1%80%D1%81%D0%B8%D1%8F%20%D0%B7%D1%8B%D0%BD%20%D0%B7%D1%8B%D0%BD"},{"id":3982013,"title":"джокэссэс","value":"%D0%B4%D0%B6%D0%BE%D0%BA%D1%8D%D1%81%D1%81%D1%8D%D1%81"},{"id":3982014,"title":"джокэссес зын зын","value":"%D0%B4%D0%B6%D0%BE%D0%BA%D1%8D%D1%81%D1%81%D0%B5%D1%81%20%D0%B7%D1%8B%D0%BD%20%D0%B7%D1%8B%D0%BD"}],"categories":[{"id":77,"title":"Dance","permalink":"dance","subscriptions_count":10085450,"big_image_url":"https://coub-anubis-a.akamaized.net/coub_storage/category/cw_image/d7afb96f274/3e8dad0b674f8605556f2/big_1545567838_Dance.png","small_image_url":"https://coub-anubis-a.akamaized.net/coub_storage/category/cw_image/d7afb96f274/3e8dad0b674f8605556f2/small_1545567838_Dance.png","med_image_url":"https://coub-anubis-a.akamaized.net/coub_storage/category/cw_image/d7afb96f274/3e8dad0b674f8605556f2/med_1545567838_Dance.png","visible":true}],"communities":[{"id":77,"title":"Dance","permalink":"dance","subscriptions_count":10085450,"big_image_url":"https://coub-anubis-a.akamaized.net/coub_storage/category/cw_image/d7afb96f274/3e8dad0b674f8605556f2/big_1545567838_Dance.png","small_image_url":"https://coub-anubis-a.akamaized.net/coub_storage/category/cw_image/d7afb96f274/3e8dad0b674f8605556f2/small_1545567838_Dance.png","med_image_url":"https://coub-anubis-a.akamaized.net/coub_storage/category/cw_image/d7afb96f274/3e8dad0b674f8605556f2/med_1545567838_Dance.png","i_subscribed":true,"community_notifications_enabled":null,"description":null}],"recoubs_count":145,"remixes_count":0,"likes_count":874,"dislikes_count":0,"raw_video_id":15230830,"uploaded_by_ios_app":false,"uploaded_by_android_app":false,"media_blocks":{"uploaded_raw_videos":[],"external_raw_videos":[{"id":35830383,"title":"Zhonti feat. NN-Beka - ЗЫН ЗЫН (Полная версия by JKS) ZYN ZYN","url":"https://www.youtube.com/watch?v=ECWwpmP3spY","image":"https://coub-anubis-a.akamaized.net/coub_storage/media_block/cw_image/1b64278ea4c/2245649fdea27c0500de9/1589660703_ycwcxm_1589660629_13dkzyj_att-url-download.jpg","image_retina":"https://coub-anubis-a.akamaized.net/coub_storage/media_block/cw_image/1b64278ea4c/2245649fdea27c0500de9/1589660703_ycwcxm_1589660629_13dkzyj_att-url-download.jpg","meta":{"service":"Youtube","duration":"239.761"},"duration":239.761,"raw_video_id":15230830,"has_embed":true}],"remixed_from_coubs":[{"id":36811551,"title":"Zhonti feat. NN-Beka - ЗЫН ЗЫН","url":"https://coub.com/coubs/2imm8n/remix","image":"https://coub-anubis-a.akamaized.net/coub_storage/media_block/cw_image/c76c530940e/752280ae589bb0c9d60dd/1598740405_on3zkn_1598740381_00032.jpg","image_retina":"https://coub-anubis-a.akamaized.net/coub_storage/media_block/cw_image/c76c530940e/752280ae589bb0c9d60dd/1598740405_on3zkn_1598740381_00032.jpg","meta":{"duration":"10.0"},"duration":null,"coub_channel_title":"Банда панд","coub_channel_permalink":"banda-pand3","coub_views_count":106042,"coub_permalink":"2imm8n"}],"external_video":{"id":35830383,"title":"Zhonti feat. NN-Beka - ЗЫН ЗЫН (Полная версия by JKS) ZYN ZYN","url":"https://www.youtube.com/watch?v=ECWwpmP3spY","image":"https://coub-anubis-a.akamaized.net/coub_storage/media_block/cw_image/1b64278ea4c/2245649fdea27c0500de9/1589660703_ycwcxm_1589660629_13dkzyj_att-url-download.jpg","image_retina":"https://coub-anubis-a.akamaized.net/coub_storage/media_block/cw_image/1b64278ea4c/2245649fdea27c0500de9/1589660703_ycwcxm_1589660629_13dkzyj_att-url-download.jpg","meta":{"service":"Youtube","duration":"239.761"},"duration":239.761,"raw_video_id":15230830,"has_embed":true}},"raw_video_thumbnail_url":"/missing/missing.png","raw_video_title":"Zhonti feat. NN-Beka - ЗЫН ЗЫН (Полная версия by JKS) ZYN ZYN","video_block_banned":false,"duration":10.04,"promo_winner":false,"promo_winner_recoubers":null,"editorial_info":{},"promo_hint":null,"beeline_best_2014":null,"from_web_editor":true,"normalize_sound":true,"normalize_change_allowed":true,"best2015_addable":false,"ahmad_promo":null,"promo_data":null,"audio_copyright_claim":null,"ads_disabled":false,"is_safe_for_ads":true,"megafon_contents":[],"position_on_page":6},{"flag":null,"abuses":null,"recoubs_by_users_channels":null,"favourite":false,"promoted_id":null,"recoub":null,"like":null,"dislike":null,"reaction":null,"in_my_best2015":false,"id":81786207,"type":"Coub::Simple","permalink":"1cabsb","title":"Eboy(parody)","visibility_type":"public","original_visibility_type":"public","channel_id":866989,"created_at":"2018-08-08T17:00:11Z","updated_at":"2022-03-16T02:45:29Z","is_done":true,"views_count":81405,"cotd":null,"cotd_at":null,"visible_on_explore_root":false,"visible_on_explore":false,"featured":false,"published":true,"published_at":"2018-08-08T17:00:11Z","reversed":false,"from_editor_v2":true,"is_editable":true,"original_sound":false,"has_sound":false,"recoub_to":null,"file_versions":{"html5":{"video":{"higher":{"url":"https://coub-anubis-a.akamaized.net/coub_storage/coub/simple/cw_file/488190c1c0a/4e779f48c19bd489ff9c3/muted_mp4_huge_size_1568267222_muted_huge.mp4","size":4110499},"high":{"url":"https://coub-anubis-a.akamaized.net/coub_storage/coub/simple/cw_file/488190c1c0a/4e779f48c19bd489ff9c3/muted_mp4_big_size_1568267222_muted_big.mp4","size":2846748},"med":{"url":"https://coub-anubis-a.akamaized.net/coub_storage/coub/simple/cw_file/488190c1c0a/4e779f48c19bd489ff9c3/muted_mp4_med_size_1568267222_muted_med.mp4","size":898317}},"audio":{"high":{"url":"https://coub-anubis-a.akamaized.net/coub_storage/coub/simple/cw_looped_audio_high/074587032e5/c555625931ff3f30298ec/1605615662_high_1533747624_high.mp3","size":1226962},"med":{"url":"https://coub-anubis-a.akamaized.net/coub_storage/coub/simple/cw_looped_audio_med/ff0aedaf833/fd922c42d405e8a48f5a7/1605615661_med_1533747624_med.mp3","size":901554}}},"mobile":{"video":"https://coub-anubis-a.akamaized.net/coub_storage/coub/simple/cw_file/488190c1c0a/4e779f48c19bd489ff9c3/muted_mp4_med_size_1568267222_muted_med.mp4","audio":["https://coub-anubis-a.akamaized.net/coub_storage/coub/simple/cw_looped_audio_med/ff0aedaf833/fd922c42d405e8a48f5a7/1605615661_med_1533747624_med.mp3"]},"share":{"default":"https://coub-anubis-a.akamaized.net/coub_storage/coub/simple/cw_video_for_sharing/96a9651deb8/9c1477e823832577e9a0d/1610057233_looped_1610057232.mp4"}},"audio_versions":{"template":"https://coub-anubis-a.akamaized.net/coub_storage/audio_track/cw_normalized_copy/d362ba4330d/1071bf457bd1abb8a37a7/mid_1533747622_s5rgan_normalized_1533747621_vfldqw_edited.mp3","versions":["mid","low"]},"image_versions":{"template":"https://coub-anubis-a.akamaized.net/coub_storage/coub/simple/cw_image/4acec7e5009/92fbd656bb681c73aba9b/1533747632_00030.jpg","versions":["micro","tiny","age_restricted","ios_large","ios_mosaic","big","med","small","pinterest"]},"first_frame_versions":{"template":"https://coub-anubis-a.akamaized.net/coub_storage/coub/simple/cw_timeline_pic/e686d1b08cc/f7fe2244b1943fd9db1ac/%{version}_1533747631_image.jpg","versions":["big","med","small","ios_large"]},"dimensions":{"big":[1280,720],"med":[640,360]},"site_w_h":[640,360],"page_w_h":[640,360],"site_w_h_small":[310,174],"size":[1280,720],"age_restricted":false,"age_restricted_by_admin":false,"not_safe_for_work":false,"allow_reuse":false,"dont_crop":false,"banned":false,"global_safe":true,"audio_file_url":"https://coub-anubis-a.akamaized.net/coub_storage/audio_track/cw_normalized_copy/d362ba4330d/1071bf457bd1abb8a37a7/low_1533747622_s5rgan_normalized_1533747621_vfldqw_edited.mp3","external_download":false,"application":null,"channel":{"id":866989,"permalink":"vlad-kilian","title":"VLAD_KILIAN","description":null,"followers_count":155,"following_count":75,"avatar_versions":{"template":"https://coub-anubis-a.akamaized.net/coub_storage/channel/cw_avatar/831900df188/00d63c69c8ccc64649ae2/%{version}_1561714641_cropped.jpeg","versions":["medium","medium_2x","profile_pic","profile_pic_new","profile_pic_new_2x","tiny","tiny_2x","small","small_2x","ios_large","ios_small"]}},"file":null,"picture":"https://coub-anubis-a.akamaized.net/coub_storage/coub/simple/cw_image/4acec7e5009/92fbd656bb681c73aba9b/1533747632_00030.jpg","timeline_picture":"https://coub-anubis-a.akamaized.net/coub_storage/coub/simple/cw_timeline_pic/e686d1b08cc/f7fe2244b1943fd9db1ac/ios_large_1533747631_image.jpg","small_picture":"https://coub-anubis-a.akamaized.net/coub_storage/coub/simple/cw_image/4acec7e5009/92fbd656bb681c73aba9b/1533747632_00030.jpg","sharing_picture":null,"percent_done":100,"tags":[{"id":3236733,"title":"eboy","value":"eboy"},{"id":3284447,"title":"ебой","value":"%D0%B5%D0%B1%D0%BE%D0%B9"},{"id":182,"title":"dance","value":"dance"},{"id":265,"title":"girls","value":"girls"},{"id":3994521,"title":"chotki paca","value":"chotki%20paca"},{"id":183,"title":"girl","value":"girl"},{"id":6773,"title":"sexy girl","value":"sexy%20girl"},{"id":2013,"title":"club","value":"club"}],"categories":[{"id":77,"title":"Dance","permalink":"dance","subscriptions_count":10085450,"big_image_url":"https://coub-anubis-a.akamaized.net/coub_storage/category/cw_image/d7afb96f274/3e8dad0b674f8605556f2/big_1545567838_Dance.png","small_image_url":"https://coub-anubis-a.akamaized.net/coub_storage/category/cw_image/d7afb96f274/3e8dad0b674f8605556f2/small_1545567838_Dance.png","med_image_url":"https://coub-anubis-a.akamaized.net/coub_storage/category/cw_image/d7afb96f274/3e8dad0b674f8605556f2/med_1545567838_Dance.png","visible":true}],"communities":[{"id":77,"title":"Dance","permalink":"dance","subscriptions_count":10085450,"big_image_url":"https://coub-anubis-a.akamaized.net/coub_storage/category/cw_image/d7afb96f274/3e8dad0b674f8605556f2/big_1545567838_Dance.png","small_image_url":"https://coub-anubis-a.akamaized.net/coub_storage/category/cw_image/d7afb96f274/3e8dad0b674f8605556f2/small_1545567838_Dance.png","med_image_url":"https://coub-anubis-a.akamaized.net/coub_storage/category/cw_image/d7afb96f274/3e8dad0b674f8605556f2/med_1545567838_Dance.png","i_subscribed":true,"community_notifications_enabled":null,"description":null}],"recoubs_count":176,"remixes_count":1,"likes_count":874,"dislikes_count":0,"raw_video_id":12167762,"uploaded_by_ios_app":false,"uploaded_by_android_app":false,"media_blocks":{"uploaded_raw_videos":[],"external_raw_videos":[],"remixed_from_coubs":[]},"raw_video_thumbnail_url":"/missing/missing.png","raw_video_title":"_______________-________________.mp4","video_block_banned":false,"duration":9.36,"promo_winner":false,"promo_winner_recoubers":null,"editorial_info":{},"promo_hint":null,"beeline_best_2014":null,"from_web_editor":true,"normalize_sound":true,"normalize_change_allowed":true,"best2015_addable":false,"ahmad_promo":null,"promo_data":null,"audio_copyright_claim":null,"ads_disabled":false,"is_safe_for_ads":true,"megafon_contents":[],"position_on_page":7},{"flag":null,"abuses":null,"recoubs_by_users_channels":null,"favourite":false,"promoted_id":null,"recoub":null,"like":null,"dislike":null,"reaction":null,"in_my_best2015":false,"id":78601620,"type":"Coub::Simple","permalink":"1ae2it","title":"Girl dancing ","visibility_type":"public","original_visibility_type":"public","channel_id":3864489,"created_at":"2018-06-30T20:59:01Z","updated_at":"2022-02-06T10:18:07Z","is_done":true,"views_count":98720,"cotd":null,"cotd_at":null,"visible_on_explore_root":false,"visible_on_explore":false,"featured":false,"published":true,"published_at":"2018-06-30T20:59:01Z","reversed":false,"from_editor_v2":true,"is_editable":true,"original_sound":false,"has_sound":false,"recoub_to":null,"file_versions":{"html5":{"video":{"higher":{"url":"https://coub-anubis-a.akamaized.net/coub_storage/coub/simple/cw_file/9984a6abf91/c3479a974b2e092f17cba/muted_mp4_huge_size_1568253149_muted_huge.mp4","size":1994574},"high":{"url":"https://coub-anubis-a.akamaized.net/coub_storage/coub/simple/cw_file/9984a6abf91/c3479a974b2e092f17cba/muted_mp4_big_size_1568253149_muted_big.mp4","size":1438381},"med":{"url":"https://coub-anubis-a.akamaized.net/coub_storage/coub/simple/cw_file/9984a6abf91/c3479a974b2e092f17cba/muted_mp4_med_size_1568253149_muted_med.mp4","size":420395}},"audio":{"high":{"url":"https://coub-anubis-a.akamaized.net/coub_storage/coub/simple/cw_looped_audio_high/ef5e48ac6eb/398b9363aba8a1cfa21bd/1605620820_high_1530392441_high.mp3","size":705007},"med":{"url":"https://coub-anubis-a.akamaized.net/coub_storage/coub/simple/cw_looped_audio_med/e6b57696c00/86284a88c95ed5b1b40c5/1605620819_med_1530392441_med.mp3","size":544289}}},"mobile":{"video":"https://coub-anubis-a.akamaized.net/coub_storage/coub/simple/cw_file/9984a6abf91/c3479a974b2e092f17cba/muted_mp4_med_size_1568253149_muted_med.mp4","audio":["https://coub-anubis-a.akamaized.net/coub_storage/coub/simple/cw_looped_audio_med/e6b57696c00/86284a88c95ed5b1b40c5/1605620819_med_1530392441_med.mp3"]},"share":{"default":"https://coub-anubis-a.akamaized.net/coub_storage/coub/simple/cw_video_for_sharing/8576f8dde08/5476deb005defe9bc3fad/1625932645_looped_1625932643.mp4"}},"audio_versions":{"template":"https://coub-anubis-a.akamaized.net/coub_storage/audio_track/cw_normalized_copy/876407a81b6/ebc83d46d11c040a107e2/mid_1546871324_normalized_1530392140_audio.mp3","versions":["mid","low"]},"image_versions":{"template":"https://coub-anubis-a.akamaized.net/coub_storage/coub/simple/cw_image/31ddaee89cc/b2d675066813da23bef7f/1530392450_00032.jpg","versions":["micro","tiny","age_restricted","ios_large","ios_mosaic","big","med","small","pinterest"]},"first_frame_versions":{"template":"https://coub-anubis-a.akamaized.net/coub_storage/coub/simple/cw_timeline_pic/ab52eac1aae/aee92bfbb6a12e4d447fe/%{version}_1530392449_image.jpg","versions":["big","med","small","ios_large"]},"dimensions":{"big":[1280,720],"med":[640,360]},"site_w_h":[640,360],"page_w_h":[640,360],"site_w_h_small":[310,174],"size":[1280,720],"age_restricted":false,"age_restricted_by_admin":false,"not_safe_for_work":false,"allow_reuse":false,"dont_crop":false,"banned":false,"global_safe":true,"audio_file_url":"https://coub-anubis-a.akamaized.net/coub_storage/audio_track/cw_normalized_copy/876407a81b6/ebc83d46d11c040a107e2/low_1546871324_normalized_1530392140_audio.mp3","external_download":{"type":"Youtube","service_name":"YouTube","url":"http://www.youtube.com/watch?v=444IEF3_KSQ","has_embed":true},"application":null,"channel":{"id":3864489,"permalink":"diana-milkovich","title":"Diana Milkovich","description":null,"followers_count":823,"following_count":30,"avatar_versions":{"template":"https://coub-anubis-a.akamaized.net/coub_storage/channel/cw_avatar/0b23dca6449/07ab1c6945bffe7ebfbe5/%{version}_1607851280_1tvr2pc_1517596728_7qujIIwVA7s.jpg","versions":["medium","medium_2x","profile_pic","profile_pic_new","profile_pic_new_2x","tiny","tiny_2x","small","small_2x","ios_large","ios_small"]}},"file":null,"picture":"https://coub-anubis-a.akamaized.net/coub_storage/coub/simple/cw_image/31ddaee89cc/b2d675066813da23bef7f/1530392450_00032.jpg","timeline_picture":"https://coub-anubis-a.akamaized.net/coub_storage/coub/simple/cw_timeline_pic/ab52eac1aae/aee92bfbb6a12e4d447fe/ios_large_1530392449_image.jpg","small_picture":"https://coub-anubis-a.akamaized.net/coub_storage/coub/simple/cw_image/31ddaee89cc/b2d675066813da23bef7f/1530392450_00032.jpg","sharing_picture":null,"percent_done":100,"tags":[{"id":4591,"title":"dance video","value":"dance%20video"},{"id":182,"title":"dance","value":"dance"},{"id":3899234,"title":"indila dernière danse","value":"indila%20derni%C3%A8re%20danse"},{"id":183,"title":"girl","value":"girl"},{"id":89837,"title":"girl dancing","value":"girl%20dancing"},{"id":602,"title":"beautiful","value":"beautiful"},{"id":11951,"title":"ballet","value":"ballet"},{"id":748751,"title":"beautiful dance","value":"beautiful%20dance"},{"id":1344095,"title":"dramatically","value":"dramatically"},{"id":1754,"title":"talent","value":"talent"},{"id":63756,"title":"девушка танцует","value":"%D0%B4%D0%B5%D0%B2%D1%83%D1%88%D0%BA%D0%B0%20%D1%82%D0%B0%D0%BD%D1%86%D1%83%D0%B5%D1%82"},{"id":64644,"title":"красивый танец","value":"%D0%BA%D1%80%D0%B0%D1%81%D0%B8%D0%B2%D1%8B%D0%B9%20%D1%82%D0%B0%D0%BD%D0%B5%D1%86"},{"id":24679,"title":"балет","value":"%D0%B1%D0%B0%D0%BB%D0%B5%D1%82"},{"id":1107382,"title":"талантливая девушка","value":"%D1%82%D0%B0%D0%BB%D0%B0%D0%BD%D1%82%D0%BB%D0%B8%D0%B2%D0%B0%D1%8F%20%D0%B4%D0%B5%D0%B2%D1%83%D1%88%D0%BA%D0%B0"},{"id":530,"title":"танец","value":"%D1%82%D0%B0%D0%BD%D0%B5%D1%86"}],"categories":[{"id":77,"title":"Dance","permalink":"dance","subscriptions_count":10085450,"big_image_url":"https://coub-anubis-a.akamaized.net/coub_storage/category/cw_image/d7afb96f274/3e8dad0b674f8605556f2/big_1545567838_Dance.png","small_image_url":"https://coub-anubis-a.akamaized.net/coub_storage/category/cw_image/d7afb96f274/3e8dad0b674f8605556f2/small_1545567838_Dance.png","med_image_url":"https://coub-anubis-a.akamaized.net/coub_storage/category/cw_image/d7afb96f274/3e8dad0b674f8605556f2/med_1545567838_Dance.png","visible":true}],"communities":[{"id":77,"title":"Dance","permalink":"dance","subscriptions_count":10085450,"big_image_url":"https://coub-anubis-a.akamaized.net/coub_storage/category/cw_image/d7afb96f274/3e8dad0b674f8605556f2/big_1545567838_Dance.png","small_image_url":"https://coub-anubis-a.akamaized.net/coub_storage/category/cw_image/d7afb96f274/3e8dad0b674f8605556f2/small_1545567838_Dance.png","med_image_url":"https://coub-anubis-a.akamaized.net/coub_storage/category/cw_image/d7afb96f274/3e8dad0b674f8605556f2/med_1545567838_Dance.png","i_subscribed":true,"community_notifications_enabled":null,"description":null}],"recoubs_count":185,"remixes_count":3,"likes_count":874,"dislikes_count":0,"raw_video_id":11973010,"uploaded_by_ios_app":false,"uploaded_by_android_app":false,"media_blocks":{"uploaded_raw_videos":[],"external_raw_videos":[{"id":27112850,"title":"Incomplete - James Bay | Audrey Case - Royal Flux","url":"https://www.youtube.com/watch?v=444IEF3_KSQ","image":"https://coub-anubis-a.akamaized.net/coub_storage/media_block/cw_image/38c85483641/2cfd6312dd7384f14f2f8/1530391895_1530391869_k5txw4_att-url-download.jpg","image_retina":"https://coub-anubis-a.akamaized.net/coub_storage/media_block/cw_image/38c85483641/2cfd6312dd7384f14f2f8/1530391895_1530391869_k5txw4_att-url-download.jpg","meta":{"service":"Youtube","duration":"180.48"},"duration":180.48,"raw_video_id":11973010,"has_embed":true}],"remixed_from_coubs":[],"external_video":{"id":27112850,"title":"Incomplete - James Bay | Audrey Case - Royal Flux","url":"https://www.youtube.com/watch?v=444IEF3_KSQ","image":"https://coub-anubis-a.akamaized.net/coub_storage/media_block/cw_image/38c85483641/2cfd6312dd7384f14f2f8/1530391895_1530391869_k5txw4_att-url-download.jpg","image_retina":"https://coub-anubis-a.akamaized.net/coub_storage/media_block/cw_image/38c85483641/2cfd6312dd7384f14f2f8/1530391895_1530391869_k5txw4_att-url-download.jpg","meta":{"service":"Youtube","duration":"180.48"},"duration":180.48,"raw_video_id":11973010,"has_embed":true}},"raw_video_thumbnail_url":"/missing/missing.png","raw_video_title":"Incomplete - James Bay | Audrey Case - Royal Flux","video_block_banned":false,"duration":10.08,"promo_winner":false,"promo_winner_recoubers":null,"editorial_info":{},"promo_hint":null,"beeline_best_2014":null,"from_web_editor":true,"normalize_sound":true,"normalize_change_allowed":true,"best2015_addable":false,"ahmad_promo":null,"promo_data":null,"audio_copyright_claim":null,"ads_disabled":false,"is_safe_for_ads":true,"megafon_contents":[],"position_on_page":8},{"flag":null,"abuses":null,"recoubs_by_users_channels":null,"favourite":false,"promoted_id":null,"recoub":null,"like":null,"dislike":null,"reaction":null,"in_my_best2015":false,"id":169698716,"type":"Coub::Simple","permalink":"2sor8h","title":"she is Maniac , Kawaii girl !","visibility_type":"public","original_visibility_type":"public","channel_id":4294666,"created_at":"2021-05-31T09:15:49Z","updated_at":"2022-03-16T22:17:36Z","is_done":true,"views_count":88728,"cotd":null,"cotd_at":null,"visible_on_explore_root":false,"visible_on_explore":false,"featured":false,"published":true,"published_at":"2021-05-31T09:15:49Z","reversed":false,"from_editor_v2":true,"is_editable":true,"original_sound":false,"has_sound":false,"recoub_to":null,"file_versions":{"html5":{"video":{"higher":{"url":"https://coub-anubis-a.akamaized.net/coub_storage/coub/simple/cw_file/e6720c3d907/42c939f03fdbf8744de2f/muted_mp4_huge_size_1622452557_muted_huge.mp4","size":2070103},"high":{"url":"https://coub-anubis-a.akamaized.net/coub_storage/coub/simple/cw_file/e6720c3d907/42c939f03fdbf8744de2f/muted_mp4_big_size_1622452557_muted_big.mp4","size":1379781},"med":{"url":"https://coub-anubis-a.akamaized.net/coub_storage/coub/simple/cw_file/e6720c3d907/42c939f03fdbf8744de2f/muted_mp4_med_size_1622452557_muted_med.mp4","size":454392}},"audio":{"high":{"url":"https://coub-anubis-a.akamaized.net/coub_storage/coub/simple/cw_looped_audio_high/69794b10c1c/f145ff39b15bf357107fd/1622452563_mp3-high.mp3","size":1143986},"med":{"url":"https://coub-anubis-a.akamaized.net/coub_storage/coub/simple/cw_looped_audio_med/167070b7fe4/539907eb12bddc3c6c04e/1622452562_mp3-med.mp3","size":826077}}},"mobile":{"video":"https://coub-anubis-a.akamaized.net/coub_storage/coub/simple/cw_file/e6720c3d907/42c939f03fdbf8744de2f/muted_mp4_med_size_1622452557_muted_med.mp4","audio":["https://coub-anubis-a.akamaized.net/coub_storage/coub/simple/cw_looped_audio_med/167070b7fe4/539907eb12bddc3c6c04e/1622452562_mp3-med.mp3"]},"share":{"default":"https://coub-anubis-a.akamaized.net/coub_storage/coub/simple/cw_video_for_sharing/f53e36f4768/a6fd485375d6cec7bd2ea/1622452598_looped_1622452597.mp4"}},"audio_versions":{"template":"https://coub-anubis-a.akamaized.net/coub_storage/audio_track/cw_file/df1865fa6f3/c3f16f4168713ca504bde/mid_1622452558_1oyr2bq_edited.mp3","versions":["mid","low"]},"image_versions":{"template":"https://coub-anubis-a.akamaized.net/coub_storage/coub/simple/cw_image/bf0218b4db6/3cdfe6d5adfa889899d3a/%{version}_1622452570_00027.jpg","versions":["micro","tiny","age_restricted","ios_large","ios_mosaic","big","med","small","pinterest"]},"first_frame_versions":{"template":"https://coub-anubis-a.akamaized.net/coub_storage/coub/simple/cw_timeline_pic/8caa76dac40/5f2046260354929296de0/%{version}_1622452569_image.jpg","versions":["big","med","small","ios_large"]},"dimensions":{"big":[1280,720],"med":[640,360]},"site_w_h":[640,360],"page_w_h":[640,360],"site_w_h_small":[310,174],"size":[1280,720],"age_restricted":false,"age_restricted_by_admin":false,"not_safe_for_work":false,"allow_reuse":false,"dont_crop":true,"banned":false,"global_safe":null,"audio_file_url":"https://coub-anubis-a.akamaized.net/coub_storage/audio_track/cw_file/df1865fa6f3/c3f16f4168713ca504bde/low_1622452558_1oyr2bq_edited.mp3","external_download":false,"application":null,"channel":{"id":4294666,"permalink":"yezze000","title":"yezze","description":null,"followers_count":100,"following_count":14,"avatar_versions":{"template":"https://coub-anubis-a.akamaized.net/coub_storage/channel/cw_avatar/6acaa15659a/b172b08188488f77b053a/%{version}_1607426892_1p8e7z8_1553867435_yezzeICON.JPG","versions":["medium","medium_2x","profile_pic","profile_pic_new","profile_pic_new_2x","tiny","tiny_2x","small","small_2x","ios_large","ios_small"]}},"file":null,"picture":"https://coub-anubis-a.akamaized.net/coub_storage/coub/simple/cw_image/bf0218b4db6/3cdfe6d5adfa889899d3a/med_1622452570_00027.jpg","timeline_picture":"https://coub-anubis-a.akamaized.net/coub_storage/coub/simple/cw_timeline_pic/8caa76dac40/5f2046260354929296de0/ios_large_1622452569_image.jpg","small_picture":"https://coub-anubis-a.akamaized.net/coub_storage/coub/simple/cw_image/bf0218b4db6/3cdfe6d5adfa889899d3a/ios_mosaic_1622452570_00027.jpg","sharing_picture":null,"percent_done":100,"tags":[{"id":3762630,"title":"michael reeves","value":"michael%20reeves"},{"id":7341,"title":"cooking","value":"cooking"},{"id":182,"title":"dance","value":"dance"},{"id":74393,"title":"asian girl","value":"asian%20girl"},{"id":7399,"title":"asian","value":"asian"},{"id":3732082,"title":"asian girl dance","value":"asian%20girl%20dance"},{"id":3265,"title":"sweet","value":"sweet"},{"id":757,"title":"cute","value":"cute"},{"id":73262,"title":"idol","value":"idol"},{"id":391404,"title":"lilypichu","value":"lilypichu"},{"id":45741,"title":"girl dance","value":"girl%20dance"},{"id":6264784,"title":"laverdine","value":"laverdine"},{"id":13870,"title":"flex","value":"flex"},{"id":2234,"title":"meme","value":"meme"}],"categories":[{"id":77,"title":"Dance","permalink":"dance","subscriptions_count":10085450,"big_image_url":"https://coub-anubis-a.akamaized.net/coub_storage/category/cw_image/d7afb96f274/3e8dad0b674f8605556f2/big_1545567838_Dance.png","small_image_url":"https://coub-anubis-a.akamaized.net/coub_storage/category/cw_image/d7afb96f274/3e8dad0b674f8605556f2/small_1545567838_Dance.png","med_image_url":"https://coub-anubis-a.akamaized.net/coub_storage/category/cw_image/d7afb96f274/3e8dad0b674f8605556f2/med_1545567838_Dance.png","visible":true}],"communities":[{"id":77,"title":"Dance","permalink":"dance","subscriptions_count":10085450,"big_image_url":"https://coub-anubis-a.akamaized.net/coub_storage/category/cw_image/d7afb96f274/3e8dad0b674f8605556f2/big_1545567838_Dance.png","small_image_url":"https://coub-anubis-a.akamaized.net/coub_storage/category/cw_image/d7afb96f274/3e8dad0b674f8605556f2/small_1545567838_Dance.png","med_image_url":"https://coub-anubis-a.akamaized.net/coub_storage/category/cw_image/d7afb96f274/3e8dad0b674f8605556f2/med_1545567838_Dance.png","i_subscribed":true,"community_notifications_enabled":null,"description":null}],"recoubs_count":149,"remixes_count":3,"likes_count":873,"dislikes_count":0,"raw_video_id":"","uploaded_by_ios_app":false,"uploaded_by_android_app":false,"media_blocks":{"uploaded_raw_videos":[],"external_raw_videos":[],"remixed_from_coubs":[{"id":38969307,"title":"Japanese LaVerdine Flex","url":"https://coub.com/coubs/2sn9cv/remix","image":"https://coub-anubis-a.akamaized.net/coub_storage/media_block/cw_image/c25dee204c7/e1464b8e9e822848d6e57/video_1622337050_fde814_1622337030_00027.jpg","image_retina":"https://coub-anubis-a.akamaized.net/coub_storage/media_block/cw_image/c25dee204c7/e1464b8e9e822848d6e57/video_retina_1622337050_fde814_1622337030_00027.jpg","meta":{"duration":"8.56"},"duration":null,"coub_channel_title":"LaVerdine","coub_channel_permalink":"laverdine","coub_views_count":46080,"coub_permalink":"2sn9cv"}]},"raw_video_thumbnail_url":"","raw_video_title":"","video_block_banned":false,"duration":8.56,"promo_winner":false,"promo_winner_recoubers":null,"editorial_info":{},"promo_hint":null,"beeline_best_2014":null,"from_web_editor":true,"normalize_sound":false,"normalize_change_allowed":false,"best2015_addable":false,"ahmad_promo":null,"promo_data":null,"audio_copyright_claim":null,"ads_disabled":false,"is_safe_for_ads":true,"megafon_contents":[],"position_on_page":9},{"flag":null,"abuses":null,"recoubs_by_users_channels":null,"favourite":false,"promoted_id":null,"recoub":null,"like":null,"dislike":null,"reaction":null,"in_my_best2015":false,"id":115668875,"type":"Coub::Simple","permalink":"1wgk0z","title":"Delphine dance)","visibility_type":"public","original_visibility_type":"public","channel_id":4190545,"created_at":"2019-06-20T16:54:55Z","updated_at":"2022-03-17T19:27:26Z","is_done":true,"views_count":65003,"cotd":null,"cotd_at":null,"visible_on_explore_root":false,"visible_on_explore":false,"featured":false,"published":true,"published_at":"2019-06-20T16:54:55Z","reversed":true,"from_editor_v2":true,"is_editable":true,"original_sound":false,"has_sound":false,"recoub_to":null,"file_versions":{"html5":{"video":{"higher":{"url":"https://coub-anubis-a.akamaized.net/coub_storage/coub/simple/cw_file/4269ed9fc2b/8d7818992fcdcd17ded34/muted_mp4_huge_size_1570787634_muted_huge.mp4","size":3907841},"high":{"url":"https://coub-anubis-a.akamaized.net/coub_storage/coub/simple/cw_file/4269ed9fc2b/8d7818992fcdcd17ded34/muted_mp4_big_size_1570787634_muted_big.mp4","size":2680031},"med":{"url":"https://coub-anubis-a.akamaized.net/coub_storage/coub/simple/cw_file/4269ed9fc2b/8d7818992fcdcd17ded34/muted_mp4_med_size_1570787634_muted_med.mp4","size":908921}},"audio":{"high":{"url":"https://coub-anubis-a.akamaized.net/coub_storage/coub/simple/cw_looped_audio_high/3d76cd833ae/38fd563ec6f3a3eab0c66/1605657959_high_1561050969_high.mp3","size":3939388},"med":{"url":"https://coub-anubis-a.akamaized.net/coub_storage/coub/simple/cw_looped_audio_med/6f310488016/312cd4624e44a79013b9d/1605657954_med_1561050969_med.mp3","size":2902737}}},"mobile":{"video":"https://coub-anubis-a.akamaized.net/coub_storage/coub/simple/cw_file/4269ed9fc2b/8d7818992fcdcd17ded34/muted_mp4_med_size_1570787634_muted_med.mp4","audio":["https://coub-anubis-a.akamaized.net/coub_storage/coub/simple/cw_looped_audio_med/6f310488016/312cd4624e44a79013b9d/1605657954_med_1561050969_med.mp3"]},"share":{"default":"https://coub-anubis-a.akamaized.net/coub_storage/coub/simple/cw_video_for_sharing/04c25d74351/bf463f76d0a458ddff518/1611688742_looped_1611688740.mp4"}},"audio_versions":{"template":"https://coub-anubis-a.akamaized.net/coub_storage/audio_track/cw_normalized_copy/656b75798bd/69c387394d91b549e465d/mid_1561050956_normalized_1561050934_rwbhx3_edited.mp3","versions":["mid","low"]},"image_versions":{"template":"https://coub-anubis-a.akamaized.net/coub_storage/coub/simple/cw_image/00c92686928/05078def359cd26eb038e/1561050984_00049.jpg","versions":["micro","tiny","age_restricted","ios_large","ios_mosaic","big","med","small","pinterest"]},"first_frame_versions":{"template":"https://coub-anubis-a.akamaized.net/coub_storage/coub/simple/cw_timeline_pic/8432e8a1fe8/2a85c2cbab9490b00b411/%{version}_1561050983_image.jpg","versions":["big","med","small","ios_large"]},"dimensions":{"big":[768,960],"med":[384,480]},"site_w_h":[320,400],"page_w_h":[400,500],"site_w_h_small":[310,388],"size":[768,960],"age_restricted":false,"age_restricted_by_admin":false,"not_safe_for_work":false,"allow_reuse":false,"dont_crop":false,"banned":false,"global_safe":true,"audio_file_url":"https://coub-anubis-a.akamaized.net/coub_storage/audio_track/cw_normalized_copy/656b75798bd/69c387394d91b549e465d/low_1561050956_normalized_1561050934_rwbhx3_edited.mp3","external_download":false,"application":null,"channel":{"id":4190545,"permalink":"timur1994","title":"Timur","description":null,"followers_count":71,"following_count":0,"avatar_versions":{"template":"https://coub-anubis-a.akamaized.net/coub_storage/channel/cw_avatar/4e1dc5acb5d/bf8dd2053cdc11d0691b2/%{version}_1609567940_1v69imo_1547371389_cropped.jpeg","versions":["medium","medium_2x","profile_pic","profile_pic_new","profile_pic_new_2x","tiny","tiny_2x","small","small_2x","ios_large","ios_small"]}},"file":null,"picture":"https://coub-anubis-a.akamaized.net/coub_storage/coub/simple/cw_image/00c92686928/05078def359cd26eb038e/1561050984_00049.jpg","timeline_picture":"https://coub-anubis-a.akamaized.net/coub_storage/coub/simple/cw_timeline_pic/8432e8a1fe8/2a85c2cbab9490b00b411/ios_large_1561050983_image.jpg","small_picture":"https://coub-anubis-a.akamaized.net/coub_storage/coub/simple/cw_image/00c92686928/05078def359cd26eb038e/1561050984_00049.jpg","sharing_picture":null,"percent_done":100,"tags":[{"id":4903831,"title":"timbuy","value":"timbuy"},{"id":183,"title":"girl","value":"girl"},{"id":182,"title":"dance","value":"dance"},{"id":4316857,"title":"belle.delphine","value":"belle.delphine"}],"categories":[{"id":77,"title":"Dance","permalink":"dance","subscriptions_count":10085450,"big_image_url":"https://coub-anubis-a.akamaized.net/coub_storage/category/cw_image/d7afb96f274/3e8dad0b674f8605556f2/big_1545567838_Dance.png","small_image_url":"https://coub-anubis-a.akamaized.net/coub_storage/category/cw_image/d7afb96f274/3e8dad0b674f8605556f2/small_1545567838_Dance.png","med_image_url":"https://coub-anubis-a.akamaized.net/coub_storage/category/cw_image/d7afb96f274/3e8dad0b674f8605556f2/med_1545567838_Dance.png","visible":true}],"communities":[{"id":77,"title":"Dance","permalink":"dance","subscriptions_count":10085450,"big_image_url":"https://coub-anubis-a.akamaized.net/coub_storage/category/cw_image/d7afb96f274/3e8dad0b674f8605556f2/big_1545567838_Dance.png","small_image_url":"https://coub-anubis-a.akamaized.net/coub_storage/category/cw_image/d7afb96f274/3e8dad0b674f8605556f2/small_1545567838_Dance.png","med_image_url":"https://coub-anubis-a.akamaized.net/coub_storage/category/cw_image/d7afb96f274/3e8dad0b674f8605556f2/med_1545567838_Dance.png","i_subscribed":true,"community_notifications_enabled":null,"description":null}],"recoubs_count":113,"remixes_count":1,"likes_count":873,"dislikes_count":0,"raw_video_id":"","uploaded_by_ios_app":false,"uploaded_by_android_app":false,"media_blocks":{"uploaded_raw_videos":[],"external_raw_videos":[],"remixed_from_coubs":[{"id":30541401,"title":"dance","url":"https://coub.com/coubs/1ojomq/remix","image":"https://coub-anubis-a.akamaized.net/coub_storage/media_block/cw_image/6501202d9f5/22c636eda60ffa7551934/1550440085_14jhpkd_1550440077_00025.jpg","image_retina":"https://coub-anubis-a.akamaized.net/coub_storage/media_block/cw_image/6501202d9f5/22c636eda60ffa7551934/1550440085_14jhpkd_1550440077_00025.jpg","meta":{"duration":"7.76"},"duration":null,"coub_channel_title":"Kirikethirik","coub_channel_permalink":"kirikethirik","coub_views_count":679510,"coub_permalink":"1ojomq"}]},"raw_video_thumbnail_url":"","raw_video_title":"","video_block_banned":false,"duration":15.52,"promo_winner":false,"promo_winner_recoubers":null,"editorial_info":{},"promo_hint":null,"beeline_best_2014":null,"from_web_editor":true,"normalize_sound":true,"normalize_change_allowed":true,"best2015_addable":false,"ahmad_promo":null,"promo_data":null,"audio_copyright_claim":null,"ads_disabled":false,"is_safe_for_ads":true,"megafon_contents":[],"position_on_page":10}]}