{"page":7,"per_page":10,"total_pages":500,"coubs":[{"flag":null,"abuses":null,"recoubs_by_users_channels":null,"favourite":false,"promoted_id":null,"recoub":null,"like":null,"dislike":null,"reaction":null,"in_my_best2015":false,"id":97148693,"type":"Coub::Simple","permalink":"1lflng","title":"street singer","visibility_type":"public","original_visibility_type":"public","channel_id":5103089,"created_at":"2019-01-07T12:19:13Z","updated_at":"2022-03-16T04:32:24Z","is_done":true,"views_count":748520,"cotd":null,"cotd_at":null,"visible_on_explore_root":false,"visible_on_explore":false,"featured":false,"published":true,"published_at":"2019-01-07T12:19:13Z","reversed":false,"from_editor_v2":true,"is_editable":true,"original_sound":true,"has_sound":true,"recoub_to":null,"file_versions":{"html5":{"video":{"higher":{"url":"https://coub-anubis-a.akamaized.net/coub_storage/coub/simple/cw_file/c89d5cf650a/c33815bfdf1de7a6d8e2c/muted_mp4_huge_size_1568999101_muted_huge.mp4","size":4723059},"high":{"url":"https://coub-anubis-a.akamaized.net/coub_storage/coub/simple/cw_file/c89d5cf650a/c33815bfdf1de7a6d8e2c/muted_mp4_big_size_1568999101_muted_big.mp4","size":3302131},"med":{"url":"https://coub-anubis-a.akamaized.net/coub_storage/coub/simple/cw_file/c89d5cf650a/c33815bfdf1de7a6d8e2c/muted_mp4_med_size_1568999101_muted_med.mp4","size":1118715}},"audio":{"high":{"url":"https://coub-anubis-a.akamaized.net/coub_storage/coub/simple/cw_looped_audio_high/d0b73a6cd89/81502dd3396438fab9167/1605665572_high_1546863565_high.mp3","size":889074},"med":{"url":"https://coub-anubis-a.akamaized.net/coub_storage/coub/simple/cw_looped_audio_med/4b4c7b1c837/b61867aa220317c37ae46/1605665572_med_1546863565_med.mp3","size":795540},"sample_duration":10.009}},"mobile":{"video":"https://coub-anubis-a.akamaized.net/coub_storage/coub/simple/cw_file/c89d5cf650a/c33815bfdf1de7a6d8e2c/muted_mp4_med_size_1568999101_muted_med.mp4","audio":["https://coub-anubis-a.akamaized.net/coub_storage/coub/simple/cw_looped_audio_med/4b4c7b1c837/b61867aa220317c37ae46/1605665572_med_1546863565_med.mp3"]},"share":{"default":"https://coub-anubis-a.akamaized.net/coub_storage/coub/simple/cw_video_for_sharing/0cbb5188566/4e02a320ab2c3163369a8/1608219513_looped_1608219511.mp4"}},"audio_versions":{},"image_versions":{"template":"https://coub-anubis-a.akamaized.net/coub_storage/coub/simple/cw_image/09b7adeb288/7329c270545269a7d7c9b/1546863574_00032.jpg","versions":["micro","tiny","age_restricted","ios_large","ios_mosaic","big","med","small","pinterest"]},"first_frame_versions":{"template":"https://coub-anubis-a.akamaized.net/coub_storage/coub/simple/cw_timeline_pic/1a096d1aac1/f0ae65641002019eadba7/1546863573_image.jpg","versions":["big","med","small","ios_large"]},"dimensions":{"big":[960,960],"med":[480,480]},"site_w_h":[400,400],"page_w_h":[400,400],"site_w_h_small":[310,310],"size":[960,960],"age_restricted":false,"age_restricted_by_admin":false,"not_safe_for_work":false,"allow_reuse":false,"dont_crop":false,"banned":false,"global_safe":true,"audio_file_url":null,"external_download":false,"application":null,"channel":{"id":5103089,"permalink":"bad---man","title":"BaD MaN","description":null,"followers_count":965,"following_count":141,"avatar_versions":{"template":"https://coub-anubis-a.akamaized.net/coub_storage/channel/cw_avatar/58c706ec06f/bdb7ba5948fa20d3bd15e/%{version}_1607421558_qaqge9_1545757997_1865269d95959d0d8d85b5.jpg","versions":["medium","medium_2x","profile_pic","profile_pic_new","profile_pic_new_2x","tiny","tiny_2x","small","small_2x","ios_large","ios_small"]}},"file":null,"picture":"https://coub-anubis-a.akamaized.net/coub_storage/coub/simple/cw_image/09b7adeb288/7329c270545269a7d7c9b/1546863574_00032.jpg","timeline_picture":"https://coub-anubis-a.akamaized.net/coub_storage/coub/simple/cw_timeline_pic/1a096d1aac1/f0ae65641002019eadba7/1546863573_image.jpg","small_picture":"https://coub-anubis-a.akamaized.net/coub_storage/coub/simple/cw_image/09b7adeb288/7329c270545269a7d7c9b/1546863574_00032.jpg","sharing_picture":null,"percent_done":100,"tags":[{"id":10655,"title":"певец","value":"%D0%BF%D0%B5%D0%B2%D0%B5%D1%86"},{"id":63974,"title":"поет","value":"%D0%BF%D0%BE%D0%B5%D1%82"},{"id":96242,"title":"на улице","value":"%D0%BD%D0%B0%20%D1%83%D0%BB%D0%B8%D1%86%D0%B5"}],"categories":[{"id":8,"title":"Music","permalink":"music","subscriptions_count":10082461,"big_image_url":"https://coub-anubis-a.akamaized.net/coub_storage/category/cw_image/0327247c5ff/85914bdd8e1edc998c480/big_1544760089_Music3.png","small_image_url":"https://coub-anubis-a.akamaized.net/coub_storage/category/cw_image/0327247c5ff/85914bdd8e1edc998c480/small_1544760089_Music3.png","med_image_url":"https://coub-anubis-a.akamaized.net/coub_storage/category/cw_image/0327247c5ff/85914bdd8e1edc998c480/med_1544760089_Music3.png","visible":true}],"communities":[{"id":8,"title":"Music","permalink":"music","subscriptions_count":10082461,"big_image_url":"https://coub-anubis-a.akamaized.net/coub_storage/category/cw_image/0327247c5ff/85914bdd8e1edc998c480/big_1544760089_Music3.png","small_image_url":"https://coub-anubis-a.akamaized.net/coub_storage/category/cw_image/0327247c5ff/85914bdd8e1edc998c480/small_1544760089_Music3.png","med_image_url":"https://coub-anubis-a.akamaized.net/coub_storage/category/cw_image/0327247c5ff/85914bdd8e1edc998c480/med_1544760089_Music3.png","i_subscribed":true,"community_notifications_enabled":null,"description":null}],"recoubs_count":2209,"remixes_count":1,"likes_count":14151,"dislikes_count":0,"raw_video_id":12995533,"uploaded_by_ios_app":false,"uploaded_by_android_app":false,"media_blocks":{"uploaded_raw_videos":[],"external_raw_videos":[],"remixed_from_coubs":[]},"raw_video_thumbnail_url":"/missing/missing.png","raw_video_title":"Arron_Crascall_TikTokGlobal_Video_Community.mp4","video_block_banned":false,"duration":10.0,"promo_winner":false,"promo_winner_recoubers":null,"editorial_info":{},"promo_hint":null,"beeline_best_2014":null,"from_web_editor":true,"normalize_sound":true,"normalize_change_allowed":true,"best2015_addable":false,"ahmad_promo":null,"promo_data":null,"audio_copyright_claim":null,"ads_disabled":false,"is_safe_for_ads":true,"megafon_contents":[],"position_on_page":1},{"flag":null,"abuses":null,"recoubs_by_users_channels":null,"favourite":false,"promoted_id":null,"recoub":null,"like":null,"dislike":null,"reaction":null,"in_my_best2015":false,"id":2676420,"type":"Coub::Simple","permalink":"157qu","title":"Everybody loves Beethoven","visibility_type":"public","original_visibility_type":"public","channel_id":47809,"created_at":"2014-04-01T17:32:29Z","updated_at":"2022-03-12T17:55:43Z","is_done":true,"views_count":1171553,"cotd":true,"cotd_at":"2014-04-02","visible_on_explore_root":true,"visible_on_explore":true,"featured":true,"published":true,"published_at":"2014-04-01T17:32:29Z","reversed":false,"from_editor_v2":true,"is_editable":true,"original_sound":false,"has_sound":false,"recoub_to":null,"file_versions":{"html5":{"video":{"higher":{"url":"https://coub-anubis-a.akamaized.net/coub_storage/coub/simple/cw_file/de4bcf6c3f6/13efd89bb5419dabb2095/muted_mp4_huge_size_1567702312_muted_huge.mp4","size":854509},"high":{"url":"https://coub-anubis-a.akamaized.net/coub_storage/coub/simple/cw_file/de4bcf6c3f6/13efd89bb5419dabb2095/muted_mp4_big_size_1567702312_muted_big.mp4","size":697432},"med":{"url":"https://coub-anubis-a.akamaized.net/coub_storage/coub/simple/cw_file/de4bcf6c3f6/13efd89bb5419dabb2095/muted_mp4_med_size_1567702312_muted_med.mp4","size":147753}},"audio":{"high":{"url":"https://coub-anubis-a.akamaized.net/coub_storage/coub/simple/cw_looped_audio_high/b9b144f8a11/cce800218c3afa1667f9e/1605426103_high_1445497760_high.mp3","size":8434206},"med":{"url":"https://coub-anubis-a.akamaized.net/coub_storage/coub/simple/cw_looped_audio_med/3c057b242dc/875ec1ef74533e8bf0008/1605426102_med_1445497760_med.mp3","size":5622803}}},"mobile":{"video":"https://coub-anubis-a.akamaized.net/coub_storage/coub/simple/cw_file/de4bcf6c3f6/13efd89bb5419dabb2095/muted_mp4_med_size_1567702312_muted_med.mp4","audio":["https://coub-anubis-a.akamaized.net/coub_storage/coub/simple/cw_looped_audio_med/3c057b242dc/875ec1ef74533e8bf0008/1605426102_med_1445497760_med.mp3"]},"share":{"default":"https://coub-anubis-a.akamaized.net/coub_storage/coub/simple/cw_video_for_sharing/bc7cbc245da/e5024f9f9a7af2fdd88cc/1608423929_looped_1608423928.mp4"}},"audio_versions":{"template":"https://coub-anubis-a.akamaized.net/coub_storage/audio_track/cw_normalized_copy/9937cd448e9/d9fb81d52970ab385bb93/mid_1545778046_1414748292_1396373461_audio.mp3","versions":["mid","low"]},"image_versions":{"template":"https://coub-anubis-a.akamaized.net/coub_storage/coub/simple/cw_image/e2ad3239c7a/5d8db328c209e1b9fb686/1434736131_00015.jpg","versions":["micro","tiny","age_restricted","ios_large","ios_mosaic","big","med","small","pinterest"]},"first_frame_versions":{"template":"https://coub-anubis-a.akamaized.net/coub_storage/coub/simple/cw_timeline_pic/22c9267935a/1775a5d975eee024b2f8e/%{version}_1434736130_image.jpg","versions":["big","med","small","ios_large"]},"dimensions":{"big":[1280,720],"med":[640,360]},"site_w_h":[640,360],"page_w_h":[640,360],"site_w_h_small":[310,174],"size":[1280,720],"age_restricted":false,"age_restricted_by_admin":false,"not_safe_for_work":null,"allow_reuse":false,"dont_crop":false,"banned":false,"global_safe":true,"audio_file_url":"https://coub-anubis-a.akamaized.net/coub_storage/audio_track/cw_normalized_copy/9937cd448e9/d9fb81d52970ab385bb93/low_1545778046_1414748292_1396373461_audio.mp3","external_download":{"type":"Vimeo","service_name":"Vimeo","url":"http://vimeo.com/66172735","has_embed":true},"application":null,"channel":{"id":47809,"permalink":"pokazooha","title":"Maxim Bobrov","description":"maximbobrow@gmail.com","followers_count":2334,"following_count":1683,"avatar_versions":{"template":"https://coub-anubis-a.akamaized.net/coub_storage/channel/cw_avatar/03f40a25128/86b5d15210ac046bc21c6/%{version}_1474482602_13ddnge_att-url-download.jpg","versions":["medium","medium_2x","profile_pic","profile_pic_new","profile_pic_new_2x","tiny","tiny_2x","small","small_2x","ios_large","ios_small"]}},"file":null,"picture":"https://coub-anubis-a.akamaized.net/coub_storage/coub/simple/cw_image/e2ad3239c7a/5d8db328c209e1b9fb686/1434736131_00015.jpg","timeline_picture":"https://coub-anubis-a.akamaized.net/coub_storage/coub/simple/cw_timeline_pic/22c9267935a/1775a5d975eee024b2f8e/ios_large_1434736130_image.jpg","small_picture":"https://coub-anubis-a.akamaized.net/coub_storage/coub/simple/cw_image/e2ad3239c7a/5d8db328c209e1b9fb686/1434736131_00015.jpg","sharing_picture":null,"percent_done":100,"tags":[],"categories":[{"id":8,"title":"Music","permalink":"music","subscriptions_count":10082461,"big_image_url":"https://coub-anubis-a.akamaized.net/coub_storage/category/cw_image/0327247c5ff/85914bdd8e1edc998c480/big_1544760089_Music3.png","small_image_url":"https://coub-anubis-a.akamaized.net/coub_storage/category/cw_image/0327247c5ff/85914bdd8e1edc998c480/small_1544760089_Music3.png","med_image_url":"https://coub-anubis-a.akamaized.net/coub_storage/category/cw_image/0327247c5ff/85914bdd8e1edc998c480/med_1544760089_Music3.png","visible":true},{"id":9,"title":"Nature & Travel","permalink":"nature-travel","subscriptions_count":10070807,"big_image_url":"https://coub-anubis-a.akamaized.net/coub_storage/category/cw_image/a4b57370b28/3c9d9a8cf4246d5a30610/big_1545567929_Nature.png","small_image_url":"https://coub-anubis-a.akamaized.net/coub_storage/category/cw_image/a4b57370b28/3c9d9a8cf4246d5a30610/small_1545567929_Nature.png","med_image_url":"https://coub-anubis-a.akamaized.net/coub_storage/category/cw_image/a4b57370b28/3c9d9a8cf4246d5a30610/med_1545567929_Nature.png","visible":true}],"communities":[{"id":8,"title":"Music","permalink":"music","subscriptions_count":10082461,"big_image_url":"https://coub-anubis-a.akamaized.net/coub_storage/category/cw_image/0327247c5ff/85914bdd8e1edc998c480/big_1544760089_Music3.png","small_image_url":"https://coub-anubis-a.akamaized.net/coub_storage/category/cw_image/0327247c5ff/85914bdd8e1edc998c480/small_1544760089_Music3.png","med_image_url":"https://coub-anubis-a.akamaized.net/coub_storage/category/cw_image/0327247c5ff/85914bdd8e1edc998c480/med_1544760089_Music3.png","i_subscribed":true,"community_notifications_enabled":null,"description":null},{"id":9,"title":"Nature & Travel","permalink":"nature-travel","subscriptions_count":10070807,"big_image_url":"https://coub-anubis-a.akamaized.net/coub_storage/category/cw_image/a4b57370b28/3c9d9a8cf4246d5a30610/big_1545567929_Nature.png","small_image_url":"https://coub-anubis-a.akamaized.net/coub_storage/category/cw_image/a4b57370b28/3c9d9a8cf4246d5a30610/small_1545567929_Nature.png","med_image_url":"https://coub-anubis-a.akamaized.net/coub_storage/category/cw_image/a4b57370b28/3c9d9a8cf4246d5a30610/med_1545567929_Nature.png","i_subscribed":true,"community_notifications_enabled":null,"description":null}],"recoubs_count":3303,"remixes_count":7,"likes_count":14130,"dislikes_count":0,"raw_video_id":566066,"uploaded_by_ios_app":false,"uploaded_by_android_app":false,"media_blocks":{"uploaded_raw_videos":[],"external_raw_videos":[{"id":11257188,"title":"Evil Dead Game Cinematic Test","url":"http://vimeo.com/66172735","image":"https://coub-anubis-a.akamaized.net/coub_storage/media_block/cw_image/dfb37a5955b/441a1101d0223478aa61f/1488428679_1407440366_1396372362_13ix76w_att-url-download.jpg","image_retina":"https://coub-anubis-a.akamaized.net/coub_storage/media_block/cw_image/dfb37a5955b/441a1101d0223478aa61f/1488428679_1407440366_1396372362_13ix76w_att-url-download.jpg","meta":{"service":"Vimeo","duration":"19.44"},"duration":19.44,"raw_video_id":566066,"has_embed":true}],"remixed_from_coubs":[],"external_video":{"id":11257188,"title":"Evil Dead Game Cinematic Test","url":"http://vimeo.com/66172735","image":"https://coub-anubis-a.akamaized.net/coub_storage/media_block/cw_image/dfb37a5955b/441a1101d0223478aa61f/1488428679_1407440366_1396372362_13ix76w_att-url-download.jpg","image_retina":"https://coub-anubis-a.akamaized.net/coub_storage/media_block/cw_image/dfb37a5955b/441a1101d0223478aa61f/1488428679_1407440366_1396372362_13ix76w_att-url-download.jpg","meta":{"service":"Vimeo","duration":"19.44"},"duration":19.44,"raw_video_id":566066,"has_embed":true},"audio_track":{"id":19245915,"title":"Соната для фортепиано № 14 (zaycev.net)","url":null,"image":null,"image_retina":null,"meta":{"year":null,"album":null,"title":"Соната для фортепиано № 14 (zaycev.net)","artist":"Людвиг Ван Бетховен","echonest_id":null},"duration":null,"amazon_url":null,"google_play_url":null,"bandcamp_url":null,"soundcloud_url":null,"track_name":null,"track_artist":null,"track_album":null,"itunes_url":null}},"raw_video_thumbnail_url":"/missing/missing.png","raw_video_title":"Evil Dead Game Cinematic Test","video_block_banned":false,"duration":4.52,"promo_winner":false,"promo_winner_recoubers":null,"editorial_info":{},"promo_hint":null,"beeline_best_2014":null,"from_web_editor":true,"normalize_sound":true,"normalize_change_allowed":true,"best2015_addable":false,"ahmad_promo":null,"promo_data":null,"audio_copyright_claim":null,"ads_disabled":null,"is_safe_for_ads":true,"megafon_contents":[],"position_on_page":2},{"flag":null,"abuses":null,"recoubs_by_users_channels":null,"favourite":false,"promoted_id":null,"recoub":null,"like":null,"dislike":null,"reaction":null,"in_my_best2015":false,"id":98117957,"type":"Coub::Simple","permalink":"1m0djs","title":"Rock Symphony Rammstein","visibility_type":"public","original_visibility_type":"public","channel_id":2539750,"created_at":"2019-01-15T08:06:23Z","updated_at":"2022-03-16T02:16:49Z","is_done":true,"views_count":863002,"cotd":null,"cotd_at":null,"visible_on_explore_root":false,"visible_on_explore":false,"featured":false,"published":true,"published_at":"2019-01-15T08:06:23Z","reversed":false,"from_editor_v2":true,"is_editable":true,"original_sound":true,"has_sound":true,"recoub_to":null,"file_versions":{"html5":{"video":{"higher":{"url":"https://coub-anubis-a.akamaized.net/coub_storage/coub/simple/cw_file/6154646ef58/a540821aa0dcdeaaba803/muted_mp4_huge_size_1569203473_muted_huge.mp4","size":5133793},"high":{"url":"https://coub-anubis-a.akamaized.net/coub_storage/coub/simple/cw_file/6154646ef58/a540821aa0dcdeaaba803/muted_mp4_big_size_1569203473_muted_big.mp4","size":3689156},"med":{"url":"https://coub-anubis-a.akamaized.net/coub_storage/coub/simple/cw_file/6154646ef58/a540821aa0dcdeaaba803/muted_mp4_med_size_1569203473_muted_med.mp4","size":1118836}},"audio":{"high":{"url":"https://coub-anubis-a.akamaized.net/coub_storage/coub/simple/cw_looped_audio_high/eb8e67b2e9a/0179a34d8b7405df6c806/1605666997_high_1547539691_high.mp3","size":1111689},"med":{"url":"https://coub-anubis-a.akamaized.net/coub_storage/coub/simple/cw_looped_audio_med/b9a2465e6fc/5aa2608464c29a78d4a3c/1605666996_med_1547539691_med.mp3","size":799076},"sample_duration":10.009}},"mobile":{"video":"https://coub-anubis-a.akamaized.net/coub_storage/coub/simple/cw_file/6154646ef58/a540821aa0dcdeaaba803/muted_mp4_med_size_1569203473_muted_med.mp4","audio":["https://coub-anubis-a.akamaized.net/coub_storage/coub/simple/cw_looped_audio_med/b9a2465e6fc/5aa2608464c29a78d4a3c/1605666996_med_1547539691_med.mp3"]},"share":{"default":"https://coub-anubis-a.akamaized.net/coub_storage/coub/simple/cw_video_for_sharing/06c3a1082da/96eab2bd67dcf1ad92347/1608329526_looped_1608329525.mp4"}},"audio_versions":{},"image_versions":{"template":"https://coub-anubis-a.akamaized.net/coub_storage/coub/simple/cw_image/19641f7e0c9/c34261a2c2b0ff7b2229a/1547539699_00032.jpg","versions":["micro","tiny","age_restricted","ios_large","ios_mosaic","big","med","small","pinterest"]},"first_frame_versions":{"template":"https://coub-anubis-a.akamaized.net/coub_storage/coub/simple/cw_timeline_pic/130f65d3ae7/ae4bf17c28ed3e65118a5/%{version}_1547539698_image.jpg","versions":["big","med","small","ios_large"]},"dimensions":{"big":[1280,720],"med":[640,360]},"site_w_h":[640,360],"page_w_h":[640,360],"site_w_h_small":[310,174],"size":[1280,720],"age_restricted":false,"age_restricted_by_admin":false,"not_safe_for_work":false,"allow_reuse":false,"dont_crop":false,"banned":false,"global_safe":true,"audio_file_url":null,"external_download":{"type":"Youtube","service_name":"YouTube","url":"https://www.youtube.com/watch?v=xZBsaAN6Yh8","has_embed":true},"application":null,"channel":{"id":2539750,"permalink":"mihail-denisov8","title":"Mixie","description":null,"followers_count":82,"following_count":21,"avatar_versions":{"template":"https://coub-anubis-a.akamaized.net/coub_storage/channel/cw_avatar/ea5ea8a35de/4afcf383f587dacbe112c/%{version}_1608446485_a7ci63_1537019687_fight-2.jpg","versions":["medium","medium_2x","profile_pic","profile_pic_new","profile_pic_new_2x","tiny","tiny_2x","small","small_2x","ios_large","ios_small"]}},"file":null,"picture":"https://coub-anubis-a.akamaized.net/coub_storage/coub/simple/cw_image/19641f7e0c9/c34261a2c2b0ff7b2229a/1547539699_00032.jpg","timeline_picture":"https://coub-anubis-a.akamaized.net/coub_storage/coub/simple/cw_timeline_pic/130f65d3ae7/ae4bf17c28ed3e65118a5/ios_large_1547539698_image.jpg","small_picture":"https://coub-anubis-a.akamaized.net/coub_storage/coub/simple/cw_image/19641f7e0c9/c34261a2c2b0ff7b2229a/1547539699_00032.jpg","sharing_picture":null,"percent_done":100,"tags":[{"id":2172,"title":"rammstein","value":"rammstein"},{"id":7211,"title":"sonne","value":"sonne"},{"id":17957,"title":"rock music","value":"rock%20music"}],"categories":[{"id":8,"title":"Music","permalink":"music","subscriptions_count":10082461,"big_image_url":"https://coub-anubis-a.akamaized.net/coub_storage/category/cw_image/0327247c5ff/85914bdd8e1edc998c480/big_1544760089_Music3.png","small_image_url":"https://coub-anubis-a.akamaized.net/coub_storage/category/cw_image/0327247c5ff/85914bdd8e1edc998c480/small_1544760089_Music3.png","med_image_url":"https://coub-anubis-a.akamaized.net/coub_storage/category/cw_image/0327247c5ff/85914bdd8e1edc998c480/med_1544760089_Music3.png","visible":true}],"communities":[{"id":8,"title":"Music","permalink":"music","subscriptions_count":10082461,"big_image_url":"https://coub-anubis-a.akamaized.net/coub_storage/category/cw_image/0327247c5ff/85914bdd8e1edc998c480/big_1544760089_Music3.png","small_image_url":"https://coub-anubis-a.akamaized.net/coub_storage/category/cw_image/0327247c5ff/85914bdd8e1edc998c480/small_1544760089_Music3.png","med_image_url":"https://coub-anubis-a.akamaized.net/coub_storage/category/cw_image/0327247c5ff/85914bdd8e1edc998c480/med_1544760089_Music3.png","i_subscribed":true,"community_notifications_enabled":null,"description":null}],"recoubs_count":2726,"remixes_count":3,"likes_count":14097,"dislikes_count":0,"raw_video_id":13042721,"uploaded_by_ios_app":false,"uploaded_by_android_app":false,"media_blocks":{"uploaded_raw_videos":[],"external_raw_videos":[{"id":30028297,"title":"Rock Symphony 2018 Rammstein and Sweet Dreams","url":"https://www.youtube.com/watch?v=xZBsaAN6Yh8","image":"https://coub-anubis-a.akamaized.net/coub_storage/media_block/cw_image/a63853f7713/16855ba90df7730d192f6/1547539347_48f9h4_1547539225_101n85k_att-url-download.jpg","image_retina":"https://coub-anubis-a.akamaized.net/coub_storage/media_block/cw_image/a63853f7713/16855ba90df7730d192f6/1547539347_48f9h4_1547539225_101n85k_att-url-download.jpg","meta":{"service":"Youtube","duration":"587.72"},"duration":587.72,"raw_video_id":13042721,"has_embed":true}],"remixed_from_coubs":[],"external_video":{"id":30028297,"title":"Rock Symphony 2018 Rammstein and Sweet Dreams","url":"https://www.youtube.com/watch?v=xZBsaAN6Yh8","image":"https://coub-anubis-a.akamaized.net/coub_storage/media_block/cw_image/a63853f7713/16855ba90df7730d192f6/1547539347_48f9h4_1547539225_101n85k_att-url-download.jpg","image_retina":"https://coub-anubis-a.akamaized.net/coub_storage/media_block/cw_image/a63853f7713/16855ba90df7730d192f6/1547539347_48f9h4_1547539225_101n85k_att-url-download.jpg","meta":{"service":"Youtube","duration":"587.72"},"duration":587.72,"raw_video_id":13042721,"has_embed":true}},"raw_video_thumbnail_url":"/missing/missing.png","raw_video_title":"Rock Symphony 2018 Rammstein and Sweet Dreams","video_block_banned":false,"duration":10.0,"promo_winner":false,"promo_winner_recoubers":null,"editorial_info":{},"promo_hint":null,"beeline_best_2014":null,"from_web_editor":true,"normalize_sound":true,"normalize_change_allowed":true,"best2015_addable":false,"ahmad_promo":null,"promo_data":null,"audio_copyright_claim":null,"ads_disabled":false,"is_safe_for_ads":true,"megafon_contents":[],"position_on_page":3},{"flag":null,"abuses":null,"recoubs_by_users_channels":null,"favourite":false,"promoted_id":null,"recoub":null,"like":null,"dislike":null,"reaction":null,"in_my_best2015":false,"id":61647981,"type":"Coub::Simple","permalink":"1096wc","title":" musical pause","visibility_type":"public","original_visibility_type":"public","channel_id":2598634,"created_at":"2017-12-03T16:24:59Z","updated_at":"2022-03-16T01:55:25Z","is_done":true,"views_count":1070519,"cotd":null,"cotd_at":null,"visible_on_explore_root":false,"visible_on_explore":false,"featured":false,"published":true,"published_at":"2017-12-03T16:24:59Z","reversed":false,"from_editor_v2":true,"is_editable":true,"original_sound":true,"has_sound":true,"recoub_to":null,"file_versions":{"html5":{"video":{"higher":{"url":"https://coub-anubis-a.akamaized.net/coub_storage/coub/simple/cw_file/ec2c874fcb3/87652fced0377e893c881/muted_mp4_huge_size_1568169671_muted_huge.mp4","size":1728558},"high":{"url":"https://coub-anubis-a.akamaized.net/coub_storage/coub/simple/cw_file/ec2c874fcb3/87652fced0377e893c881/muted_mp4_big_size_1568169671_muted_big.mp4","size":1149157},"med":{"url":"https://coub-anubis-a.akamaized.net/coub_storage/coub/simple/cw_file/ec2c874fcb3/87652fced0377e893c881/muted_mp4_med_size_1568169671_muted_med.mp4","size":353205}},"audio":{"high":{"url":"https://coub-anubis-a.akamaized.net/coub_storage/coub/simple/cw_looped_audio_high/0755b531096/c6fb7f0c3b8de0e29f41e/1605618841_high_1512318307_high.mp3","size":1083490},"med":{"url":"https://coub-anubis-a.akamaized.net/coub_storage/coub/simple/cw_looped_audio_med/26c19b86e3f/a8ac20f69da15e82d1005/1605618840_med_1512318307_med.mp3","size":799076},"sample_duration":10.009}},"mobile":{"video":"https://coub-anubis-a.akamaized.net/coub_storage/coub/simple/cw_file/ec2c874fcb3/87652fced0377e893c881/muted_mp4_med_size_1568169671_muted_med.mp4","audio":["https://coub-anubis-a.akamaized.net/coub_storage/coub/simple/cw_looped_audio_med/26c19b86e3f/a8ac20f69da15e82d1005/1605618840_med_1512318307_med.mp3"]},"share":{"default":"https://coub-anubis-a.akamaized.net/coub_storage/coub/simple/cw_video_for_sharing/ef6125138ab/f1035223f1cada986a95a/1608854258_looped_1608854257.mp4"}},"audio_versions":{},"image_versions":{"template":"https://coub-anubis-a.akamaized.net/coub_storage/coub/simple/cw_image/07f00094426/46908549c8c6e091aba45/1512318312_00032.jpg","versions":["micro","tiny","age_restricted","ios_large","ios_mosaic","big","med","small","pinterest"]},"first_frame_versions":{"template":"https://coub-anubis-a.akamaized.net/coub_storage/coub/simple/cw_timeline_pic/7a5c5da3082/cc0d777ac906b58ea9402/%{version}_1512318312_image.jpg","versions":["big","med","small","ios_large"]},"dimensions":{"big":[544,960],"med":[272,480]},"site_w_h":[227,400],"page_w_h":[400,706],"site_w_h_small":[310,547],"size":[544,960],"age_restricted":false,"age_restricted_by_admin":false,"not_safe_for_work":false,"allow_reuse":false,"dont_crop":false,"banned":false,"global_safe":true,"audio_file_url":null,"external_download":false,"application":null,"channel":{"id":2598634,"permalink":"sckoxxxx","title":"Sckox","description":"Иногда всплывает  годный контент.","followers_count":2196,"following_count":93,"avatar_versions":{"template":"https://coub-anubis-a.akamaized.net/coub_storage/channel/cw_avatar/ed87b178045/4136efc852e8eebc0a5c3/%{version}_1627915496_jCBI3dCcDnzt4APevVFxFkrFIOt71_ynTcJA39yh9h7LI8dVvVmplr2q_MvbMFGz-dHUatZjQrhPHyci1fkEoR7p.jpg","versions":["medium","medium_2x","profile_pic","profile_pic_new","profile_pic_new_2x","tiny","tiny_2x","small","small_2x","ios_large","ios_small"]}},"file":null,"picture":"https://coub-anubis-a.akamaized.net/coub_storage/coub/simple/cw_image/07f00094426/46908549c8c6e091aba45/1512318312_00032.jpg","timeline_picture":"https://coub-anubis-a.akamaized.net/coub_storage/coub/simple/cw_timeline_pic/7a5c5da3082/cc0d777ac906b58ea9402/ios_large_1512318312_image.jpg","small_picture":"https://coub-anubis-a.akamaized.net/coub_storage/coub/simple/cw_image/07f00094426/46908549c8c6e091aba45/1512318312_00032.jpg","sharing_picture":null,"percent_done":100,"tags":[],"categories":[{"id":8,"title":"Music","permalink":"music","subscriptions_count":10082461,"big_image_url":"https://coub-anubis-a.akamaized.net/coub_storage/category/cw_image/0327247c5ff/85914bdd8e1edc998c480/big_1544760089_Music3.png","small_image_url":"https://coub-anubis-a.akamaized.net/coub_storage/category/cw_image/0327247c5ff/85914bdd8e1edc998c480/small_1544760089_Music3.png","med_image_url":"https://coub-anubis-a.akamaized.net/coub_storage/category/cw_image/0327247c5ff/85914bdd8e1edc998c480/med_1544760089_Music3.png","visible":true}],"communities":[{"id":8,"title":"Music","permalink":"music","subscriptions_count":10082461,"big_image_url":"https://coub-anubis-a.akamaized.net/coub_storage/category/cw_image/0327247c5ff/85914bdd8e1edc998c480/big_1544760089_Music3.png","small_image_url":"https://coub-anubis-a.akamaized.net/coub_storage/category/cw_image/0327247c5ff/85914bdd8e1edc998c480/small_1544760089_Music3.png","med_image_url":"https://coub-anubis-a.akamaized.net/coub_storage/category/cw_image/0327247c5ff/85914bdd8e1edc998c480/med_1544760089_Music3.png","i_subscribed":true,"community_notifications_enabled":null,"description":null}],"recoubs_count":2639,"remixes_count":1,"likes_count":14078,"dislikes_count":0,"raw_video_id":10685908,"uploaded_by_ios_app":false,"uploaded_by_android_app":false,"media_blocks":{"uploaded_raw_videos":[],"external_raw_videos":[],"remixed_from_coubs":[]},"raw_video_thumbnail_url":"/missing/missing.png","raw_video_title":"___________________VHS_Video_.mp4","video_block_banned":false,"duration":10.04,"promo_winner":false,"promo_winner_recoubers":null,"editorial_info":{},"promo_hint":null,"beeline_best_2014":null,"from_web_editor":true,"normalize_sound":true,"normalize_change_allowed":true,"best2015_addable":false,"ahmad_promo":null,"promo_data":null,"audio_copyright_claim":null,"ads_disabled":false,"is_safe_for_ads":true,"megafon_contents":[],"position_on_page":4},{"flag":null,"abuses":null,"recoubs_by_users_channels":null,"favourite":false,"promoted_id":null,"recoub":null,"like":null,"dislike":null,"reaction":null,"in_my_best2015":false,"id":113980525,"type":"Coub::Simple","permalink":"1vgd9x","title":"Better off Kyoto","visibility_type":"public","original_visibility_type":"public","channel_id":337583,"created_at":"2019-06-03T20:08:19Z","updated_at":"2022-03-16T03:59:25Z","is_done":true,"views_count":786850,"cotd":null,"cotd_at":null,"visible_on_explore_root":false,"visible_on_explore":false,"featured":false,"published":true,"published_at":"2019-06-03T20:20:55Z","reversed":false,"from_editor_v2":true,"is_editable":true,"original_sound":false,"has_sound":false,"recoub_to":null,"file_versions":{"html5":{"video":{"higher":{"url":"https://coub-anubis-a.akamaized.net/coub_storage/coub/simple/cw_file/fc7c54f6bf8/9c38b90c6219e1f65f212/muted_mp4_huge_size_1568918652_muted_huge.mp4","size":7130108},"high":{"url":"https://coub-anubis-a.akamaized.net/coub_storage/coub/simple/cw_file/fc7c54f6bf8/9c38b90c6219e1f65f212/muted_mp4_big_size_1568918652_muted_big.mp4","size":4744104},"med":{"url":"https://coub-anubis-a.akamaized.net/coub_storage/coub/simple/cw_file/fc7c54f6bf8/9c38b90c6219e1f65f212/muted_mp4_med_size_1568918652_muted_med.mp4","size":1777383}},"audio":{"high":{"url":"https://coub-anubis-a.akamaized.net/coub_storage/coub/simple/cw_looped_audio_high/2d41d670420/eb74b89d1dd867025bb66/1605665472_high_1559593151_high.mp3","size":1266601},"med":{"url":"https://coub-anubis-a.akamaized.net/coub_storage/coub/simple/cw_looped_audio_med/092d4fa4eec/9568d7800cc95a545dc8d/1605665471_med_1559593151_med.mp3","size":897696}}},"mobile":{"video":"https://coub-anubis-a.akamaized.net/coub_storage/coub/simple/cw_file/fc7c54f6bf8/9c38b90c6219e1f65f212/muted_mp4_med_size_1568918652_muted_med.mp4","audio":["https://coub-anubis-a.akamaized.net/coub_storage/coub/simple/cw_looped_audio_med/092d4fa4eec/9568d7800cc95a545dc8d/1605665471_med_1559593151_med.mp3"]},"share":{"default":"https://coub-anubis-a.akamaized.net/coub_storage/coub/simple/cw_video_for_sharing/b470c1450b8/9b03d13675f3c6cba03db/1608689092_looped_1608689091.mp4"}},"audio_versions":{"template":"https://coub-anubis-a.akamaized.net/coub_storage/audio_track/cw_file/261b5717882/b839329c4ea0c1a6c3f14/mid_1559593138_15cd7oc_edited.mp3","versions":["mid","low"]},"image_versions":{"template":"https://coub-anubis-a.akamaized.net/coub_storage/coub/simple/cw_image/4808f265531/2bad35a5ed42c3f425316/1559593172_00027.jpg","versions":["micro","tiny","age_restricted","ios_large","ios_mosaic","big","med","small","pinterest"]},"first_frame_versions":{"template":"https://coub-anubis-a.akamaized.net/coub_storage/coub/simple/cw_timeline_pic/f87e801d79f/4163b0bb81695b1cf0992/%{version}_1559593170_image.jpg","versions":["big","med","small","ios_large"]},"dimensions":{"big":[1280,720],"med":[640,360]},"site_w_h":[640,360],"page_w_h":[640,360],"site_w_h_small":[310,174],"size":[1280,720],"age_restricted":false,"age_restricted_by_admin":false,"not_safe_for_work":false,"allow_reuse":false,"dont_crop":true,"banned":false,"global_safe":true,"audio_file_url":"https://coub-anubis-a.akamaized.net/coub_storage/audio_track/cw_file/261b5717882/b839329c4ea0c1a6c3f14/low_1559593138_15cd7oc_edited.mp3","external_download":false,"application":null,"channel":{"id":337583,"permalink":"disguiseddude","title":"DisguisedDude","description":null,"followers_count":278,"following_count":8,"avatar_versions":{"template":"https://coub-anubis-a.akamaized.net/coub_storage/channel/cw_avatar/9965734a9c0/12698f7519238068fc3c8/%{version}_1521925998_gy676.jpg","versions":["medium","medium_2x","profile_pic","profile_pic_new","profile_pic_new_2x","tiny","tiny_2x","small","small_2x","ios_large","ios_small"]}},"file":null,"picture":"https://coub-anubis-a.akamaized.net/coub_storage/coub/simple/cw_image/4808f265531/2bad35a5ed42c3f425316/1559593172_00027.jpg","timeline_picture":"https://coub-anubis-a.akamaized.net/coub_storage/coub/simple/cw_timeline_pic/f87e801d79f/4163b0bb81695b1cf0992/ios_large_1559593170_image.jpg","small_picture":"https://coub-anubis-a.akamaized.net/coub_storage/coub/simple/cw_image/4808f265531/2bad35a5ed42c3f425316/1559593172_00027.jpg","sharing_picture":null,"percent_done":100,"tags":[{"id":335751,"title":"better off alone","value":"better%20off%20alone"},{"id":4989744,"title":"kyoto tachibana shs band","value":"kyoto%20tachibana%20shs%20band"}],"categories":[{"id":8,"title":"Music","permalink":"music","subscriptions_count":10082461,"big_image_url":"https://coub-anubis-a.akamaized.net/coub_storage/category/cw_image/0327247c5ff/85914bdd8e1edc998c480/big_1544760089_Music3.png","small_image_url":"https://coub-anubis-a.akamaized.net/coub_storage/category/cw_image/0327247c5ff/85914bdd8e1edc998c480/small_1544760089_Music3.png","med_image_url":"https://coub-anubis-a.akamaized.net/coub_storage/category/cw_image/0327247c5ff/85914bdd8e1edc998c480/med_1544760089_Music3.png","visible":true}],"communities":[{"id":8,"title":"Music","permalink":"music","subscriptions_count":10082461,"big_image_url":"https://coub-anubis-a.akamaized.net/coub_storage/category/cw_image/0327247c5ff/85914bdd8e1edc998c480/big_1544760089_Music3.png","small_image_url":"https://coub-anubis-a.akamaized.net/coub_storage/category/cw_image/0327247c5ff/85914bdd8e1edc998c480/small_1544760089_Music3.png","med_image_url":"https://coub-anubis-a.akamaized.net/coub_storage/category/cw_image/0327247c5ff/85914bdd8e1edc998c480/med_1544760089_Music3.png","i_subscribed":true,"community_notifications_enabled":null,"description":null}],"recoubs_count":2874,"remixes_count":13,"likes_count":14060,"dislikes_count":0,"raw_video_id":13801971,"uploaded_by_ios_app":false,"uploaded_by_android_app":false,"media_blocks":{"uploaded_raw_videos":[],"external_raw_videos":[],"remixed_from_coubs":[]},"raw_video_thumbnail_url":"/missing/missing.png","raw_video_title":"Kyoto_Tachibana_SHS_Band3.mkv","video_block_banned":false,"duration":8.56,"promo_winner":false,"promo_winner_recoubers":null,"editorial_info":{},"promo_hint":null,"beeline_best_2014":null,"from_web_editor":true,"normalize_sound":false,"normalize_change_allowed":true,"best2015_addable":false,"ahmad_promo":null,"promo_data":null,"audio_copyright_claim":null,"ads_disabled":false,"is_safe_for_ads":true,"megafon_contents":[],"position_on_page":5},{"flag":null,"abuses":null,"recoubs_by_users_channels":null,"favourite":false,"promoted_id":null,"recoub":null,"like":null,"dislike":null,"reaction":null,"in_my_best2015":false,"id":131744975,"type":"Coub::Simple","permalink":"262h4w","title":"Gesaffelstein & Gypsy - Belgium (remix) ","visibility_type":"public","original_visibility_type":"public","channel_id":2211051,"created_at":"2019-12-14T05:06:23Z","updated_at":"2022-03-16T07:30:46Z","is_done":true,"views_count":1322775,"cotd":true,"cotd_at":"2019-12-14","visible_on_explore_root":true,"visible_on_explore":true,"featured":true,"published":true,"published_at":"2019-12-14T06:00:00Z","reversed":false,"from_editor_v2":true,"is_editable":true,"original_sound":false,"has_sound":false,"recoub_to":null,"file_versions":{"html5":{"video":{"higher":{"url":"https://coub-anubis-a.akamaized.net/coub_storage/coub/simple/cw_file/07f480250fa/76c2d613c9ed095b09e3d/muted_mp4_huge_size_1576299993_muted_huge.mp4","size":3277749},"high":{"url":"https://coub-anubis-a.akamaized.net/coub_storage/coub/simple/cw_file/07f480250fa/76c2d613c9ed095b09e3d/muted_mp4_big_size_1576299993_muted_big.mp4","size":2374366},"med":{"url":"https://coub-anubis-a.akamaized.net/coub_storage/coub/simple/cw_file/07f480250fa/76c2d613c9ed095b09e3d/muted_mp4_med_size_1576299993_muted_med.mp4","size":725900}},"audio":{"high":{"url":"https://coub-anubis-a.akamaized.net/coub_storage/coub/simple/cw_looped_audio_high/cdd19dfa2ce/9b90751a8a86bb10ce8bd/1605700642_high_1576300003_high.mp3","size":1162640},"med":{"url":"https://coub-anubis-a.akamaized.net/coub_storage/coub/simple/cw_looped_audio_med/23b0f5194a4/eafe55512ef237991d220/1605700642_med_1576300003_med.mp3","size":843174}}},"mobile":{"video":"https://coub-anubis-a.akamaized.net/coub_storage/coub/simple/cw_file/07f480250fa/76c2d613c9ed095b09e3d/muted_mp4_med_size_1576299993_muted_med.mp4","audio":["https://coub-anubis-a.akamaized.net/coub_storage/coub/simple/cw_looped_audio_med/23b0f5194a4/eafe55512ef237991d220/1605700642_med_1576300003_med.mp3"]},"share":{"default":"https://coub-anubis-a.akamaized.net/coub_storage/coub/simple/cw_video_for_sharing/de1c538dce4/f158725ebece38c7482b4/1608227818_looped_1608227817.mp4"}},"audio_versions":{"template":"https://coub-anubis-a.akamaized.net/coub_storage/audio_track/cw_file/de6e2c7ef20/46607eb0db9688792d6c1/mid_1576299995_5sn10m_edited.mp3","versions":["mid","low"]},"image_versions":{"template":"https://coub-anubis-a.akamaized.net/coub_storage/coub/simple/cw_image/37559bb86cf/1e952d8d126b3186338ff/1576300010_00028.jpg","versions":["micro","tiny","age_restricted","ios_large","ios_mosaic","big","med","small","pinterest"]},"first_frame_versions":{"template":"https://coub-anubis-a.akamaized.net/coub_storage/coub/simple/cw_timeline_pic/366a7fb89ae/a9091c1d5e943bdb816ce/%{version}_1576300009_image.jpg","versions":["big","med","small","ios_large"]},"dimensions":{"big":[1280,720],"med":[640,360]},"site_w_h":[640,360],"page_w_h":[640,360],"site_w_h_small":[310,174],"size":[1280,720],"age_restricted":false,"age_restricted_by_admin":false,"not_safe_for_work":false,"allow_reuse":false,"dont_crop":false,"banned":false,"global_safe":true,"audio_file_url":"https://coub-anubis-a.akamaized.net/coub_storage/audio_track/cw_file/de6e2c7ef20/46607eb0db9688792d6c1/low_1576299995_5sn10m_edited.mp3","external_download":false,"application":null,"channel":{"id":2211051,"permalink":"prepixcoub","title":"Prepix ☮","description":"Make us whole","followers_count":1536,"following_count":203,"avatar_versions":{"template":"https://coub-anubis-a.akamaized.net/coub_storage/channel/cw_avatar/537f935e2ba/2202ad1d3cbd94786edfb/%{version}_1607422210_1ja1s4q_1554155273_77B.png","versions":["medium","medium_2x","profile_pic","profile_pic_new","profile_pic_new_2x","tiny","tiny_2x","small","small_2x","ios_large","ios_small"]}},"file":null,"picture":"https://coub-anubis-a.akamaized.net/coub_storage/coub/simple/cw_image/37559bb86cf/1e952d8d126b3186338ff/1576300010_00028.jpg","timeline_picture":"https://coub-anubis-a.akamaized.net/coub_storage/coub/simple/cw_timeline_pic/366a7fb89ae/a9091c1d5e943bdb816ce/ios_large_1576300009_image.jpg","small_picture":"https://coub-anubis-a.akamaized.net/coub_storage/coub/simple/cw_image/37559bb86cf/1e952d8d126b3186338ff/1576300010_00028.jpg","sharing_picture":null,"percent_done":100,"tags":[{"id":57833,"title":"gesaffelstein","value":"gesaffelstein"},{"id":53665,"title":"gypsy","value":"gypsy"},{"id":2235,"title":"memes","value":"memes"},{"id":1379377,"title":"jigubigule","value":"jigubigule"},{"id":752722,"title":"fokume","value":"fokume"},{"id":5371697,"title":"https://www.youtube.com/user/facetubelive","value":"https://www.youtube.com/user/facetubelive"},{"id":3042031,"title":"wait for the mix","value":"wait%20for%20the%20mix"},{"id":3042032,"title":"waitforthemix","value":"waitforthemix"},{"id":3328292,"title":"wftm","value":"wftm"},{"id":689053,"title":"funny mix","value":"funny%20mix"}],"categories":[{"id":8,"title":"Music","permalink":"music","subscriptions_count":10082461,"big_image_url":"https://coub-anubis-a.akamaized.net/coub_storage/category/cw_image/0327247c5ff/85914bdd8e1edc998c480/big_1544760089_Music3.png","small_image_url":"https://coub-anubis-a.akamaized.net/coub_storage/category/cw_image/0327247c5ff/85914bdd8e1edc998c480/small_1544760089_Music3.png","med_image_url":"https://coub-anubis-a.akamaized.net/coub_storage/category/cw_image/0327247c5ff/85914bdd8e1edc998c480/med_1544760089_Music3.png","visible":true}],"communities":[{"id":8,"title":"Music","permalink":"music","subscriptions_count":10082461,"big_image_url":"https://coub-anubis-a.akamaized.net/coub_storage/category/cw_image/0327247c5ff/85914bdd8e1edc998c480/big_1544760089_Music3.png","small_image_url":"https://coub-anubis-a.akamaized.net/coub_storage/category/cw_image/0327247c5ff/85914bdd8e1edc998c480/small_1544760089_Music3.png","med_image_url":"https://coub-anubis-a.akamaized.net/coub_storage/category/cw_image/0327247c5ff/85914bdd8e1edc998c480/med_1544760089_Music3.png","i_subscribed":true,"community_notifications_enabled":null,"description":null}],"recoubs_count":2547,"remixes_count":5,"likes_count":13999,"dislikes_count":0,"raw_video_id":14580378,"uploaded_by_ios_app":false,"uploaded_by_android_app":false,"media_blocks":{"uploaded_raw_videos":[],"external_raw_videos":[],"remixed_from_coubs":[]},"raw_video_thumbnail_url":"/missing/missing.png","raw_video_title":"Gypsy_rapper_singing_Wiggle.mp4","video_block_banned":false,"duration":8.8,"promo_winner":false,"promo_winner_recoubers":null,"editorial_info":{},"promo_hint":null,"beeline_best_2014":null,"from_web_editor":true,"normalize_sound":false,"normalize_change_allowed":true,"best2015_addable":false,"ahmad_promo":null,"promo_data":null,"audio_copyright_claim":null,"ads_disabled":false,"is_safe_for_ads":true,"megafon_contents":[],"position_on_page":6},{"flag":null,"abuses":null,"recoubs_by_users_channels":null,"favourite":false,"promoted_id":null,"recoub":null,"like":null,"dislike":null,"reaction":null,"in_my_best2015":false,"id":56591684,"type":"Coub::Simple","permalink":"x8te6","title":"Breathe The Russian","visibility_type":"public","original_visibility_type":"public","channel_id":2608037,"created_at":"2017-08-30T20:18:25Z","updated_at":"2022-03-16T04:30:47Z","is_done":true,"views_count":1341151,"cotd":null,"cotd_at":null,"visible_on_explore_root":true,"visible_on_explore":true,"featured":true,"published":true,"published_at":"2017-08-30T20:18:25Z","reversed":false,"from_editor_v2":true,"is_editable":true,"original_sound":false,"has_sound":false,"recoub_to":null,"file_versions":{"html5":{"video":{"higher":{"url":"https://coub-anubis-a.akamaized.net/coub_storage/coub/simple/cw_file/5e2079c180f/1220f3dc46a165ccb3a9d/muted_mp4_huge_size_1568142238_muted_huge.mp4","size":2541325},"high":{"url":"https://coub-anubis-a.akamaized.net/coub_storage/coub/simple/cw_file/5e2079c180f/1220f3dc46a165ccb3a9d/muted_mp4_big_size_1568142238_muted_big.mp4","size":1898767},"med":{"url":"https://coub-anubis-a.akamaized.net/coub_storage/coub/simple/cw_file/5e2079c180f/1220f3dc46a165ccb3a9d/muted_mp4_med_size_1568142238_muted_med.mp4","size":641572}},"audio":{"high":{"url":"https://coub-anubis-a.akamaized.net/coub_storage/coub/simple/cw_looped_audio_high/709b982b62d/129e463befb0e36b6a9f1/1605565672_high_1504124343_high.mp3","size":3366011},"med":{"url":"https://coub-anubis-a.akamaized.net/coub_storage/coub/simple/cw_looped_audio_med/14df5628b44/87eba6d380881fd66d74b/1605565672_med_1504124343_med.mp3","size":2405881}}},"mobile":{"video":"https://coub-anubis-a.akamaized.net/coub_storage/coub/simple/cw_file/5e2079c180f/1220f3dc46a165ccb3a9d/muted_mp4_med_size_1568142238_muted_med.mp4","audio":["https://coub-anubis-a.akamaized.net/coub_storage/coub/simple/cw_looped_audio_med/14df5628b44/87eba6d380881fd66d74b/1605565672_med_1504124343_med.mp3"]},"share":{"default":"https://coub-anubis-a.akamaized.net/coub_storage/coub/simple/cw_video_for_sharing/d0a4425bcb6/d05f46968ca30744e247f/1608457506_looped_1608457505.mp4"}},"audio_versions":{"template":"https://coub-anubis-a.akamaized.net/coub_storage/audio_track/cw_file/274e7c01f5b/0d788552e28a64425995d/mid_1504123956_audio.mp3","versions":["mid","low"]},"image_versions":{"template":"https://coub-anubis-a.akamaized.net/coub_storage/coub/simple/cw_image/9ba38cf31d1/b73a802c5f0408ebbeb25/1504124364_00023.jpg","versions":["micro","tiny","age_restricted","ios_large","ios_mosaic","big","med","small","pinterest"]},"first_frame_versions":{"template":"https://coub-anubis-a.akamaized.net/coub_storage/coub/simple/cw_timeline_pic/7cbefcc12da/f6d25e39b55ca052f7351/1504124363_image.jpg","versions":["big","med","small","ios_large"]},"dimensions":{"big":[1280,720],"med":[640,360]},"site_w_h":[640,360],"page_w_h":[640,360],"site_w_h_small":[310,174],"size":[1280,720],"age_restricted":false,"age_restricted_by_admin":false,"not_safe_for_work":false,"allow_reuse":false,"dont_crop":false,"banned":false,"global_safe":true,"audio_file_url":"https://coub-anubis-a.akamaized.net/coub_storage/audio_track/cw_file/274e7c01f5b/0d788552e28a64425995d/low_1504123956_audio.mp3","external_download":false,"application":null,"channel":{"id":2608037,"permalink":"prodigyedition","title":"Prodigy Edition","description":"The Prodigy theme in all its forms","followers_count":5482,"following_count":1,"avatar_versions":{"template":"https://coub-anubis-a.akamaized.net/coub_storage/channel/cw_avatar/c6cdb474e44/0148134b04a14584f4dab/%{version}_1607432469_5699rg_1474604708_2015Prodigy_FireStarter.jpg","versions":["medium","medium_2x","profile_pic","profile_pic_new","profile_pic_new_2x","tiny","tiny_2x","small","small_2x","ios_large","ios_small"]}},"file":null,"picture":"https://coub-anubis-a.akamaized.net/coub_storage/coub/simple/cw_image/9ba38cf31d1/b73a802c5f0408ebbeb25/1504124364_00023.jpg","timeline_picture":"https://coub-anubis-a.akamaized.net/coub_storage/coub/simple/cw_timeline_pic/7cbefcc12da/f6d25e39b55ca052f7351/1504124363_image.jpg","small_picture":"https://coub-anubis-a.akamaized.net/coub_storage/coub/simple/cw_image/9ba38cf31d1/b73a802c5f0408ebbeb25/1504124364_00023.jpg","sharing_picture":null,"percent_done":100,"tags":[{"id":668,"title":"russian","value":"russian"},{"id":148,"title":"балалайка","value":"%D0%B1%D0%B0%D0%BB%D0%B0%D0%BB%D0%B0%D0%B9%D0%BA%D0%B0"},{"id":147,"title":"balalaika","value":"balalaika"},{"id":3291472,"title":"the prodigy - 1996 - breathe","value":"the%20prodigy%20-%201996%20-%20breathe"},{"id":5158,"title":"edition","value":"edition"},{"id":4375,"title":"the prodigy","value":"the%20prodigy"},{"id":199,"title":"prodigy","value":"prodigy"}],"categories":[{"id":8,"title":"Music","permalink":"music","subscriptions_count":10082461,"big_image_url":"https://coub-anubis-a.akamaized.net/coub_storage/category/cw_image/0327247c5ff/85914bdd8e1edc998c480/big_1544760089_Music3.png","small_image_url":"https://coub-anubis-a.akamaized.net/coub_storage/category/cw_image/0327247c5ff/85914bdd8e1edc998c480/small_1544760089_Music3.png","med_image_url":"https://coub-anubis-a.akamaized.net/coub_storage/category/cw_image/0327247c5ff/85914bdd8e1edc998c480/med_1544760089_Music3.png","visible":true}],"communities":[{"id":8,"title":"Music","permalink":"music","subscriptions_count":10082461,"big_image_url":"https://coub-anubis-a.akamaized.net/coub_storage/category/cw_image/0327247c5ff/85914bdd8e1edc998c480/big_1544760089_Music3.png","small_image_url":"https://coub-anubis-a.akamaized.net/coub_storage/category/cw_image/0327247c5ff/85914bdd8e1edc998c480/small_1544760089_Music3.png","med_image_url":"https://coub-anubis-a.akamaized.net/coub_storage/category/cw_image/0327247c5ff/85914bdd8e1edc998c480/med_1544760089_Music3.png","i_subscribed":true,"community_notifications_enabled":null,"description":null}],"recoubs_count":2806,"remixes_count":10,"likes_count":13595,"dislikes_count":0,"raw_video_id":10176929,"uploaded_by_ios_app":false,"uploaded_by_android_app":false,"media_blocks":{"uploaded_raw_videos":[],"external_raw_videos":[],"remixed_from_coubs":[]},"raw_video_thumbnail_url":"/missing/missing.png","raw_video_title":"Russigy.mp4","video_block_banned":false,"duration":7.2,"promo_winner":false,"promo_winner_recoubers":null,"editorial_info":{},"promo_hint":null,"beeline_best_2014":null,"from_web_editor":true,"normalize_sound":false,"normalize_change_allowed":true,"best2015_addable":false,"ahmad_promo":null,"promo_data":null,"audio_copyright_claim":null,"ads_disabled":false,"is_safe_for_ads":true,"megafon_contents":[],"position_on_page":7},{"flag":null,"abuses":null,"recoubs_by_users_channels":null,"favourite":false,"promoted_id":null,"recoub":null,"like":null,"dislike":null,"reaction":null,"in_my_best2015":false,"id":98019268,"type":"Coub::Simple","permalink":"1ly9ed","title":"Pharoahe Monch - Simon Says Live at The Tabernacle for Funk Jazz Kafe'","visibility_type":"public","original_visibility_type":"public","channel_id":4672927,"created_at":"2019-01-14T11:48:36Z","updated_at":"2022-03-16T07:01:27Z","is_done":true,"views_count":759867,"cotd":null,"cotd_at":null,"visible_on_explore_root":false,"visible_on_explore":false,"featured":false,"published":true,"published_at":"2019-01-14T11:48:36Z","reversed":false,"from_editor_v2":true,"is_editable":true,"original_sound":true,"has_sound":true,"recoub_to":null,"file_versions":{"html5":{"video":{"higher":{"url":"https://coub-anubis-a.akamaized.net/coub_storage/coub/simple/cw_file/9ea2fd4a30d/74f0405a9497aec2438b6/muted_mp4_huge_size_1569282630_muted_huge.mp4","size":5852123},"high":{"url":"https://coub-anubis-a.akamaized.net/coub_storage/coub/simple/cw_file/9ea2fd4a30d/74f0405a9497aec2438b6/muted_mp4_big_size_1569282630_muted_big.mp4","size":4301246},"med":{"url":"https://coub-anubis-a.akamaized.net/coub_storage/coub/simple/cw_file/9ea2fd4a30d/74f0405a9497aec2438b6/muted_mp4_med_size_1569282630_muted_med.mp4","size":1423732}},"audio":{"high":{"url":"https://coub-anubis-a.akamaized.net/coub_storage/coub/simple/cw_looped_audio_high/57229c8ea65/ceba18b66c8da9703c864/1605666853_high_1547466540_high.mp3","size":1131971},"med":{"url":"https://coub-anubis-a.akamaized.net/coub_storage/coub/simple/cw_looped_audio_med/619186e161e/415b076d33a730e66fad9/1605666853_med_1547466540_med.mp3","size":799076},"sample_duration":10.009}},"mobile":{"video":"https://coub-anubis-a.akamaized.net/coub_storage/coub/simple/cw_file/9ea2fd4a30d/74f0405a9497aec2438b6/muted_mp4_med_size_1569282630_muted_med.mp4","audio":["https://coub-anubis-a.akamaized.net/coub_storage/coub/simple/cw_looped_audio_med/619186e161e/415b076d33a730e66fad9/1605666853_med_1547466540_med.mp3"]},"share":{"default":"https://coub-anubis-a.akamaized.net/coub_storage/coub/simple/cw_video_for_sharing/96a2d2c84f3/bb497894b4588aaaf2807/1608880474_looped_1608880473.mp4"}},"audio_versions":{},"image_versions":{"template":"https://coub-anubis-a.akamaized.net/coub_storage/coub/simple/cw_image/7fbc1417b21/4a8891d842fb67dcb3240/1547466550_00032.jpg","versions":["micro","tiny","age_restricted","ios_large","ios_mosaic","big","med","small","pinterest"]},"first_frame_versions":{"template":"https://coub-anubis-a.akamaized.net/coub_storage/coub/simple/cw_timeline_pic/a8a0445385f/476bf565f5461e6365e25/%{version}_1547466549_image.jpg","versions":["big","med","small","ios_large"]},"dimensions":{"big":[1280,720],"med":[640,360]},"site_w_h":[640,360],"page_w_h":[640,360],"site_w_h_small":[310,174],"size":[1280,720],"age_restricted":false,"age_restricted_by_admin":false,"not_safe_for_work":false,"allow_reuse":false,"dont_crop":false,"banned":false,"global_safe":true,"audio_file_url":null,"external_download":{"type":"Youtube","service_name":"YouTube","url":"https://www.youtube.com/watch?v=pv_R6VgocXs","has_embed":true},"application":null,"channel":{"id":4672927,"permalink":"miroslav-onischenko","title":"Miroslav Onischenko","description":null,"followers_count":133,"following_count":11,"avatar_versions":{"template":"https://coub-anubis-a.akamaized.net/coub_storage/channel/cw_avatar/528cdb6b7f8/50a64e3fa8ac2d2c53ce5/%{version}_1607792136_18o6r6p_1546774144_1444278900122085684.jpg","versions":["medium","medium_2x","profile_pic","profile_pic_new","profile_pic_new_2x","tiny","tiny_2x","small","small_2x","ios_large","ios_small"]}},"file":null,"picture":"https://coub-anubis-a.akamaized.net/coub_storage/coub/simple/cw_image/7fbc1417b21/4a8891d842fb67dcb3240/1547466550_00032.jpg","timeline_picture":"https://coub-anubis-a.akamaized.net/coub_storage/coub/simple/cw_timeline_pic/a8a0445385f/476bf565f5461e6365e25/ios_large_1547466549_image.jpg","small_picture":"https://coub-anubis-a.akamaized.net/coub_storage/coub/simple/cw_image/7fbc1417b21/4a8891d842fb67dcb3240/1547466550_00032.jpg","sharing_picture":null,"percent_done":100,"tags":[{"id":160038,"title":"pharoahe monch","value":"pharoahe%20monch"},{"id":4199251,"title":"w.a.r. media","value":"w.a.r.%20media"},{"id":673992,"title":"simon says","value":"simon%20says"},{"id":4199252,"title":"internal affairs (musical album)","value":"internal%20affairs%20(musical%20album)"},{"id":4199253,"title":"funk jazz kafe","value":"funk%20jazz%20kafe"}],"categories":[{"id":8,"title":"Music","permalink":"music","subscriptions_count":10082461,"big_image_url":"https://coub-anubis-a.akamaized.net/coub_storage/category/cw_image/0327247c5ff/85914bdd8e1edc998c480/big_1544760089_Music3.png","small_image_url":"https://coub-anubis-a.akamaized.net/coub_storage/category/cw_image/0327247c5ff/85914bdd8e1edc998c480/small_1544760089_Music3.png","med_image_url":"https://coub-anubis-a.akamaized.net/coub_storage/category/cw_image/0327247c5ff/85914bdd8e1edc998c480/med_1544760089_Music3.png","visible":true}],"communities":[{"id":8,"title":"Music","permalink":"music","subscriptions_count":10082461,"big_image_url":"https://coub-anubis-a.akamaized.net/coub_storage/category/cw_image/0327247c5ff/85914bdd8e1edc998c480/big_1544760089_Music3.png","small_image_url":"https://coub-anubis-a.akamaized.net/coub_storage/category/cw_image/0327247c5ff/85914bdd8e1edc998c480/small_1544760089_Music3.png","med_image_url":"https://coub-anubis-a.akamaized.net/coub_storage/category/cw_image/0327247c5ff/85914bdd8e1edc998c480/med_1544760089_Music3.png","i_subscribed":true,"community_notifications_enabled":null,"description":null}],"recoubs_count":2630,"remixes_count":4,"likes_count":13421,"dislikes_count":0,"raw_video_id":12185948,"uploaded_by_ios_app":false,"uploaded_by_android_app":false,"media_blocks":{"uploaded_raw_videos":[],"external_raw_videos":[{"id":27686324,"title":"Pharoahe Monch - Simon Says Live at The Tabernacle for Funk Jazz Kafe'","url":"https://www.youtube.com/watch?v=pv_R6VgocXs","image":"https://coub-anubis-a.akamaized.net/coub_storage/media_block/cw_image/9b2c5a63b08/e92f92339105a732726c7/1534028046_1534028027_q2xacp_att-url-download.jpg","image_retina":"https://coub-anubis-a.akamaized.net/coub_storage/media_block/cw_image/9b2c5a63b08/e92f92339105a732726c7/1534028046_1534028027_q2xacp_att-url-download.jpg","meta":{"service":"Youtube","duration":"102.64"},"duration":102.64,"raw_video_id":12185948,"has_embed":true}],"remixed_from_coubs":[],"external_video":{"id":27686324,"title":"Pharoahe Monch - Simon Says Live at The Tabernacle for Funk Jazz Kafe'","url":"https://www.youtube.com/watch?v=pv_R6VgocXs","image":"https://coub-anubis-a.akamaized.net/coub_storage/media_block/cw_image/9b2c5a63b08/e92f92339105a732726c7/1534028046_1534028027_q2xacp_att-url-download.jpg","image_retina":"https://coub-anubis-a.akamaized.net/coub_storage/media_block/cw_image/9b2c5a63b08/e92f92339105a732726c7/1534028046_1534028027_q2xacp_att-url-download.jpg","meta":{"service":"Youtube","duration":"102.64"},"duration":102.64,"raw_video_id":12185948,"has_embed":true}},"raw_video_thumbnail_url":"/missing/missing.png","raw_video_title":"Pharoahe Monch - Simon Says Live at The Tabernacle for Funk Jazz Kafe'","video_block_banned":false,"duration":10.0,"promo_winner":false,"promo_winner_recoubers":null,"editorial_info":{},"promo_hint":null,"beeline_best_2014":null,"from_web_editor":true,"normalize_sound":true,"normalize_change_allowed":true,"best2015_addable":false,"ahmad_promo":null,"promo_data":null,"audio_copyright_claim":null,"ads_disabled":false,"is_safe_for_ads":true,"megafon_contents":[],"position_on_page":8},{"flag":null,"abuses":null,"recoubs_by_users_channels":null,"favourite":false,"promoted_id":null,"recoub":null,"like":null,"dislike":null,"reaction":null,"in_my_best2015":false,"id":56432786,"type":"Coub::Simple","permalink":"x5es7","title":"Disney Club (x6)","visibility_type":"public","original_visibility_type":"public","channel_id":139504,"created_at":"2017-08-27T14:59:23Z","updated_at":"2022-03-16T07:27:29Z","is_done":true,"views_count":1186500,"cotd":null,"cotd_at":null,"visible_on_explore_root":true,"visible_on_explore":true,"featured":true,"published":true,"published_at":"2017-08-27T14:59:23Z","reversed":false,"from_editor_v2":true,"is_editable":true,"original_sound":false,"has_sound":false,"recoub_to":null,"file_versions":{"html5":{"video":{"higher":{"url":"https://coub-anubis-a.akamaized.net/coub_storage/coub/simple/cw_file/c00696612cf/fcccddc51e330e5e8e1b3/muted_mp4_huge_size_1568141121_muted_huge.mp4","size":5026646},"high":{"url":"https://coub-anubis-a.akamaized.net/coub_storage/coub/simple/cw_file/c00696612cf/fcccddc51e330e5e8e1b3/muted_mp4_big_size_1568141121_muted_big.mp4","size":3424375},"med":{"url":"https://coub-anubis-a.akamaized.net/coub_storage/coub/simple/cw_file/c00696612cf/fcccddc51e330e5e8e1b3/muted_mp4_med_size_1568141121_muted_med.mp4","size":1289866}},"audio":{"high":{"url":"https://coub-anubis-a.akamaized.net/coub_storage/coub/simple/cw_looped_audio_high/249fb508ca9/e5b5839633801ec67783d/1605565087_high_1503845987_high.mp3","size":1148896},"med":{"url":"https://coub-anubis-a.akamaized.net/coub_storage/coub/simple/cw_looped_audio_med/8d18c666427/017517e2958466fd3a7c2/1605565085_med_1503845987_med.mp3","size":893779}}},"mobile":{"video":"https://coub-anubis-a.akamaized.net/coub_storage/coub/simple/cw_file/c00696612cf/fcccddc51e330e5e8e1b3/muted_mp4_med_size_1568141121_muted_med.mp4","audio":["https://coub-anubis-a.akamaized.net/coub_storage/coub/simple/cw_looped_audio_med/8d18c666427/017517e2958466fd3a7c2/1605565085_med_1503845987_med.mp3"]},"share":{"default":"https://coub-anubis-a.akamaized.net/coub_storage/coub/simple/cw_video_for_sharing/1616d21caa9/09af186f7c51c9a27f5c5/1608496419_looped_1608496418.mp4"}},"audio_versions":{"template":"https://coub-anubis-a.akamaized.net/coub_storage/audio_track/cw_normalized_copy/bb5bb26375e/0cedc544c64113b16138e/mid_1503845983_53fbs8_normalized_1503845977_q6357q_edited.mp3","versions":["mid","low"]},"image_versions":{"template":"https://coub-anubis-a.akamaized.net/coub_storage/coub/simple/cw_image/86c9199c2ad/4374a2e00b8188cd58eb1/1503845996_00030.jpg","versions":["micro","tiny","age_restricted","ios_large","ios_mosaic","big","med","small","pinterest"]},"first_frame_versions":{"template":"https://coub-anubis-a.akamaized.net/coub_storage/coub/simple/cw_timeline_pic/04047064ff3/c57207c9f6c3de09246e7/%{version}_1503845995_image.jpg","versions":["big","med","small","ios_large"]},"dimensions":{"big":[1280,720],"med":[640,360]},"site_w_h":[640,360],"page_w_h":[640,360],"site_w_h_small":[310,174],"size":[1280,720],"age_restricted":false,"age_restricted_by_admin":false,"not_safe_for_work":false,"allow_reuse":false,"dont_crop":false,"banned":false,"global_safe":true,"audio_file_url":"https://coub-anubis-a.akamaized.net/coub_storage/audio_track/cw_normalized_copy/bb5bb26375e/0cedc544c64113b16138e/low_1503845983_53fbs8_normalized_1503845977_q6357q_edited.mp3","external_download":false,"application":null,"channel":{"id":139504,"permalink":"patch123","title":"Patch","description":"Dilettant in Coub \r\n                  ( by ✖)","followers_count":3484,"following_count":930,"avatar_versions":{"template":"https://coub-anubis-a.akamaized.net/coub_storage/channel/cw_avatar/d52dbfab108/8f4aba3ada1156b513ce0/%{version}_1551449081___________.jpg","versions":["medium","medium_2x","profile_pic","profile_pic_new","profile_pic_new_2x","tiny","tiny_2x","small","small_2x","ios_large","ios_small"]}},"file":null,"picture":"https://coub-anubis-a.akamaized.net/coub_storage/coub/simple/cw_image/86c9199c2ad/4374a2e00b8188cd58eb1/1503845996_00030.jpg","timeline_picture":"https://coub-anubis-a.akamaized.net/coub_storage/coub/simple/cw_timeline_pic/04047064ff3/c57207c9f6c3de09246e7/ios_large_1503845995_image.jpg","small_picture":"https://coub-anubis-a.akamaized.net/coub_storage/coub/simple/cw_image/86c9199c2ad/4374a2e00b8188cd58eb1/1503845996_00030.jpg","sharing_picture":null,"percent_done":100,"tags":[],"categories":[{"id":8,"title":"Music","permalink":"music","subscriptions_count":10082461,"big_image_url":"https://coub-anubis-a.akamaized.net/coub_storage/category/cw_image/0327247c5ff/85914bdd8e1edc998c480/big_1544760089_Music3.png","small_image_url":"https://coub-anubis-a.akamaized.net/coub_storage/category/cw_image/0327247c5ff/85914bdd8e1edc998c480/small_1544760089_Music3.png","med_image_url":"https://coub-anubis-a.akamaized.net/coub_storage/category/cw_image/0327247c5ff/85914bdd8e1edc998c480/med_1544760089_Music3.png","visible":true}],"communities":[{"id":8,"title":"Music","permalink":"music","subscriptions_count":10082461,"big_image_url":"https://coub-anubis-a.akamaized.net/coub_storage/category/cw_image/0327247c5ff/85914bdd8e1edc998c480/big_1544760089_Music3.png","small_image_url":"https://coub-anubis-a.akamaized.net/coub_storage/category/cw_image/0327247c5ff/85914bdd8e1edc998c480/small_1544760089_Music3.png","med_image_url":"https://coub-anubis-a.akamaized.net/coub_storage/category/cw_image/0327247c5ff/85914bdd8e1edc998c480/med_1544760089_Music3.png","i_subscribed":true,"community_notifications_enabled":null,"description":null}],"recoubs_count":2767,"remixes_count":34,"likes_count":13384,"dislikes_count":0,"raw_video_id":10160424,"uploaded_by_ios_app":false,"uploaded_by_android_app":false,"media_blocks":{"uploaded_raw_videos":[],"external_raw_videos":[],"remixed_from_coubs":[]},"raw_video_thumbnail_url":"/missing/missing.png","raw_video_title":"__________.mp4","video_block_banned":false,"duration":9.52,"promo_winner":false,"promo_winner_recoubers":null,"editorial_info":{},"promo_hint":null,"beeline_best_2014":null,"from_web_editor":true,"normalize_sound":true,"normalize_change_allowed":true,"best2015_addable":false,"ahmad_promo":null,"promo_data":null,"audio_copyright_claim":null,"ads_disabled":false,"is_safe_for_ads":true,"megafon_contents":[],"position_on_page":9},{"flag":null,"abuses":null,"recoubs_by_users_channels":null,"favourite":false,"promoted_id":null,"recoub":null,"like":null,"dislike":null,"reaction":null,"in_my_best2015":false,"id":81102079,"type":"Coub::Simple","permalink":"1bvnwk","title":"Good Music (x6)","visibility_type":"public","original_visibility_type":"public","channel_id":4099441,"created_at":"2018-07-31T16:28:19Z","updated_at":"2022-03-16T06:07:47Z","is_done":true,"views_count":851629,"cotd":null,"cotd_at":null,"visible_on_explore_root":false,"visible_on_explore":false,"featured":false,"published":true,"published_at":"2018-07-31T16:28:19Z","reversed":false,"from_editor_v2":true,"is_editable":true,"original_sound":false,"has_sound":false,"recoub_to":null,"file_versions":{"html5":{"video":{"higher":{"url":"https://coub-anubis-a.akamaized.net/coub_storage/coub/simple/cw_file/f68a10ba1e9/c294b4d8aa7c2e4113853/muted_mp4_huge_size_1568264308_muted_huge.mp4","size":4527962},"high":{"url":"https://coub-anubis-a.akamaized.net/coub_storage/coub/simple/cw_file/f68a10ba1e9/c294b4d8aa7c2e4113853/muted_mp4_big_size_1568264308_muted_big.mp4","size":3248018},"med":{"url":"https://coub-anubis-a.akamaized.net/coub_storage/coub/simple/cw_file/f68a10ba1e9/c294b4d8aa7c2e4113853/muted_mp4_med_size_1568264308_muted_med.mp4","size":1003981}},"audio":{"high":{"url":"https://coub-anubis-a.akamaized.net/coub_storage/coub/simple/cw_looped_audio_high/b304c2015df/ea9ea0db4e10cdec0be60/1605614863_high_1533054508_high.mp3","size":1344731},"med":{"url":"https://coub-anubis-a.akamaized.net/coub_storage/coub/simple/cw_looped_audio_med/a660b8f815f/e41d1f23ce97dec2fd86c/1605614862_med_1533054508_med.mp3","size":958787}}},"mobile":{"video":"https://coub-anubis-a.akamaized.net/coub_storage/coub/simple/cw_file/f68a10ba1e9/c294b4d8aa7c2e4113853/muted_mp4_med_size_1568264308_muted_med.mp4","audio":["https://coub-anubis-a.akamaized.net/coub_storage/coub/simple/cw_looped_audio_med/a660b8f815f/e41d1f23ce97dec2fd86c/1605614862_med_1533054508_med.mp3"]},"share":{"default":"https://coub-anubis-a.akamaized.net/coub_storage/coub/simple/cw_video_for_sharing/5ffaf287ba2/a77332d94cb96b6750937/1608253146_looped_1608253145.mp4"}},"audio_versions":{"template":"https://coub-anubis-a.akamaized.net/coub_storage/audio_track/cw_normalized_copy/9e742476e8a/92d80c324d34dbef0370c/mid_1632604555_1414743182_1389486491_audio.mp3","versions":["mid","low"]},"image_versions":{"template":"https://coub-anubis-a.akamaized.net/coub_storage/coub/simple/cw_image/4c8c852f3d0/fc70f99227ca8de02263c/1533054514_00032.jpg","versions":["micro","tiny","age_restricted","ios_large","ios_mosaic","big","med","small","pinterest"]},"first_frame_versions":{"template":"https://coub-anubis-a.akamaized.net/coub_storage/coub/simple/cw_timeline_pic/93638ff9102/490c05bb1018b8b006b26/%{version}_1533054513_image.jpg","versions":["big","med","small","ios_large"]},"dimensions":{"big":[1280,736],"med":[640,368]},"site_w_h":[640,368],"page_w_h":[640,368],"site_w_h_small":[310,178],"size":[1280,736],"age_restricted":false,"age_restricted_by_admin":false,"not_safe_for_work":false,"allow_reuse":false,"dont_crop":false,"banned":false,"global_safe":true,"audio_file_url":"https://coub-anubis-a.akamaized.net/coub_storage/audio_track/cw_normalized_copy/9e742476e8a/92d80c324d34dbef0370c/low_1632604555_1414743182_1389486491_audio.mp3","external_download":false,"application":null,"channel":{"id":4099441,"permalink":"birthright","title":"Birthright","description":null,"followers_count":340,"following_count":321,"avatar_versions":{"template":"https://coub-anubis-a.akamaized.net/coub_storage/channel/cw_avatar/743c8ad1488/25c22800bbff510e354a0/%{version}_1607420350_et0iue_1518597656_70409.jpg","versions":["medium","medium_2x","profile_pic","profile_pic_new","profile_pic_new_2x","tiny","tiny_2x","small","small_2x","ios_large","ios_small"]}},"file":null,"picture":"https://coub-anubis-a.akamaized.net/coub_storage/coub/simple/cw_image/4c8c852f3d0/fc70f99227ca8de02263c/1533054514_00032.jpg","timeline_picture":"https://coub-anubis-a.akamaized.net/coub_storage/coub/simple/cw_timeline_pic/93638ff9102/490c05bb1018b8b006b26/ios_large_1533054513_image.jpg","small_picture":"https://coub-anubis-a.akamaized.net/coub_storage/coub/simple/cw_image/4c8c852f3d0/fc70f99227ca8de02263c/1533054514_00032.jpg","sharing_picture":null,"percent_done":100,"tags":[{"id":624676,"title":"coub anime","value":"coub%20anime"},{"id":16055,"title":"op","value":"op"},{"id":9847,"title":"opening","value":"opening"},{"id":1048521,"title":"оверлорд","value":"%D0%BE%D0%B2%D0%B5%D1%80%D0%BB%D0%BE%D1%80%D0%B4"},{"id":164,"title":"аниме","value":"%D0%B0%D0%BD%D0%B8%D0%BC%D0%B5"},{"id":1161,"title":"musik","value":"musik"},{"id":627,"title":"recoub","value":"recoub"},{"id":182,"title":"dance","value":"dance"},{"id":424,"title":"animation","value":"animation"},{"id":165,"title":"anime","value":"anime"},{"id":134,"title":"cat","value":"cat"},{"id":372123,"title":"radio coubs","value":"radio%20coubs"}],"categories":[{"id":8,"title":"Music","permalink":"music","subscriptions_count":10082461,"big_image_url":"https://coub-anubis-a.akamaized.net/coub_storage/category/cw_image/0327247c5ff/85914bdd8e1edc998c480/big_1544760089_Music3.png","small_image_url":"https://coub-anubis-a.akamaized.net/coub_storage/category/cw_image/0327247c5ff/85914bdd8e1edc998c480/small_1544760089_Music3.png","med_image_url":"https://coub-anubis-a.akamaized.net/coub_storage/category/cw_image/0327247c5ff/85914bdd8e1edc998c480/med_1544760089_Music3.png","visible":true}],"communities":[{"id":8,"title":"Music","permalink":"music","subscriptions_count":10082461,"big_image_url":"https://coub-anubis-a.akamaized.net/coub_storage/category/cw_image/0327247c5ff/85914bdd8e1edc998c480/big_1544760089_Music3.png","small_image_url":"https://coub-anubis-a.akamaized.net/coub_storage/category/cw_image/0327247c5ff/85914bdd8e1edc998c480/small_1544760089_Music3.png","med_image_url":"https://coub-anubis-a.akamaized.net/coub_storage/category/cw_image/0327247c5ff/85914bdd8e1edc998c480/med_1544760089_Music3.png","i_subscribed":true,"community_notifications_enabled":null,"description":null}],"recoubs_count":2417,"remixes_count":57,"likes_count":13064,"dislikes_count":0,"raw_video_id":"","uploaded_by_ios_app":false,"uploaded_by_android_app":false,"media_blocks":{"uploaded_raw_videos":[],"external_raw_videos":[],"remixed_from_coubs":[{"id":27455605,"title":"Overlord op 3","url":"https://coub.com/coubs/1bmjpw/remix","image":"https://coub-anubis-a.akamaized.net/coub_storage/media_block/cw_image/9d16203d2d6/522bef3fa6578e594b5f7/1532604793_1532604782_00032.jpg","image_retina":"https://coub-anubis-a.akamaized.net/coub_storage/media_block/cw_image/9d16203d2d6/522bef3fa6578e594b5f7/1532604793_1532604782_00032.jpg","meta":{"duration":"10.0"},"duration":null,"coub_channel_title":"ｋｕｍｉｓｈａ | くみしゃ","coub_channel_permalink":"kumishaa","coub_views_count":41763,"coub_permalink":"1bmjpw"}]},"raw_video_thumbnail_url":"","raw_video_title":"","video_block_banned":false,"duration":10.0,"promo_winner":false,"promo_winner_recoubers":null,"editorial_info":{},"promo_hint":null,"beeline_best_2014":null,"from_web_editor":true,"normalize_sound":true,"normalize_change_allowed":true,"best2015_addable":false,"ahmad_promo":null,"promo_data":null,"audio_copyright_claim":null,"ads_disabled":false,"is_safe_for_ads":true,"megafon_contents":[],"position_on_page":10}]}