{"page":237,"per_page":10,"total_pages":500,"coubs":[{"flag":null,"abuses":null,"recoubs_by_users_channels":null,"favourite":false,"promoted_id":null,"recoub":null,"like":null,"dislike":null,"reaction":null,"in_my_best2015":false,"id":93309249,"type":"Coub::Simple","permalink":"1j5b3g","title":"How Russians Party","visibility_type":"public","original_visibility_type":"public","channel_id":4879003,"created_at":"2018-12-04T01:08:44Z","updated_at":"2022-03-08T08:51:31Z","is_done":true,"views_count":143738,"cotd":null,"cotd_at":null,"visible_on_explore_root":false,"visible_on_explore":false,"featured":false,"published":true,"published_at":"2018-12-04T01:08:44Z","reversed":false,"from_editor_v2":true,"is_editable":true,"original_sound":true,"has_sound":true,"recoub_to":null,"file_versions":{"html5":{"video":{"higher":{"url":"https://coub-anubis-a.akamaized.net/coub_storage/coub/simple/cw_file/be3cadfbd9d/711b83b4e8eef517b365d/muted_mp4_huge_size_1573392379_muted_huge.mp4","size":2951445},"high":{"url":"https://coub-anubis-a.akamaized.net/coub_storage/coub/simple/cw_file/be3cadfbd9d/711b83b4e8eef517b365d/muted_mp4_big_size_1573392379_muted_big.mp4","size":2124538},"med":{"url":"https://coub-anubis-a.akamaized.net/coub_storage/coub/simple/cw_file/be3cadfbd9d/711b83b4e8eef517b365d/muted_mp4_med_size_1573392379_muted_med.mp4","size":664027}},"audio":{"high":{"url":"https://coub-anubis-a.akamaized.net/coub_storage/coub/simple/cw_looped_audio_high/68e4a4ea22e/4dc0f2618d0778a7c26c3/1605659487_high_1543885754_high.mp3","size":1268250},"med":{"url":"https://coub-anubis-a.akamaized.net/coub_storage/coub/simple/cw_looped_audio_med/b186504bd1b/f869642821b3a09a5ce04/1605659487_med_1543885754_med.mp3","size":919485},"sample_duration":9.613}},"mobile":{"video":"https://coub-anubis-a.akamaized.net/coub_storage/coub/simple/cw_file/be3cadfbd9d/711b83b4e8eef517b365d/muted_mp4_med_size_1573392379_muted_med.mp4","audio":["https://coub-anubis-a.akamaized.net/coub_storage/coub/simple/cw_looped_audio_med/b186504bd1b/f869642821b3a09a5ce04/1605659487_med_1543885754_med.mp3"]},"share":{"default":"https://coub-anubis-a.akamaized.net/coub_storage/coub/simple/cw_video_for_sharing/f1f83f0cf1d/0efb7a2629c2026f87ac2/1608921517_looped_1608921516.mp4"}},"audio_versions":{},"image_versions":{"template":"https://coub-anubis-a.akamaized.net/coub_storage/coub/simple/cw_image/f64259d156a/572acc77c108b0091ba9d/1543885761_00031.jpg","versions":["micro","tiny","age_restricted","ios_large","ios_mosaic","big","med","small","pinterest"]},"first_frame_versions":{"template":"https://coub-anubis-a.akamaized.net/coub_storage/coub/simple/cw_timeline_pic/cd5233cff66/74d751d47f8b277dcafbb/1543885760_image.jpg","versions":["big","med","small","ios_large"]},"dimensions":{"big":[1280,720],"med":[640,360]},"site_w_h":[640,360],"page_w_h":[640,360],"site_w_h_small":[310,174],"size":[1280,720],"age_restricted":false,"age_restricted_by_admin":false,"not_safe_for_work":false,"allow_reuse":false,"dont_crop":false,"banned":false,"global_safe":true,"audio_file_url":null,"external_download":{"type":"Youtube","service_name":"YouTube","url":"https://www.youtube.com/watch?v=agV86_dFVOE","has_embed":true},"application":null,"channel":{"id":4879003,"permalink":"suporex0","title":"Suporex","description":null,"followers_count":69,"following_count":5,"avatar_versions":{"template":"https://coub-anubis-a.akamaized.net/coub_storage/channel/cw_avatar/06b61ae5cdc/1b6dceb826d4d6ca96086/%{version}_1607987829_12kjv3t_1540323733_god_of_war.jpg","versions":["medium","medium_2x","profile_pic","profile_pic_new","profile_pic_new_2x","tiny","tiny_2x","small","small_2x","ios_large","ios_small"]}},"file":null,"picture":"https://coub-anubis-a.akamaized.net/coub_storage/coub/simple/cw_image/f64259d156a/572acc77c108b0091ba9d/1543885761_00031.jpg","timeline_picture":"https://coub-anubis-a.akamaized.net/coub_storage/coub/simple/cw_timeline_pic/cd5233cff66/74d751d47f8b277dcafbb/1543885760_image.jpg","small_picture":"https://coub-anubis-a.akamaized.net/coub_storage/coub/simple/cw_image/f64259d156a/572acc77c108b0091ba9d/1543885761_00031.jpg","sharing_picture":null,"percent_done":100,"tags":[{"id":6864,"title":"hardbass","value":"hardbass"},{"id":41741,"title":"gopnik","value":"gopnik"},{"id":133,"title":"xs project","value":"xs%20project"},{"id":1258534,"title":"life of boris","value":"life%20of%20boris"},{"id":25975,"title":"boris","value":"boris"},{"id":2437877,"title":"mcblyat","value":"mcblyat"},{"id":119998,"title":"slav","value":"slav"},{"id":1480988,"title":"blyatman","value":"blyatman"},{"id":2982816,"title":"slav king","value":"slav%20king"},{"id":1913,"title":"babushka","value":"babushka"},{"id":416950,"title":"hardbas","value":"hardbas"},{"id":3938517,"title":"russia is rave","value":"russia%20is%20rave"},{"id":3308141,"title":"gopnik drift","value":"gopnik%20drift"},{"id":1263504,"title":"hard bass school","value":"hard%20bass%20school"},{"id":1936527,"title":"russian hardbass","value":"russian%20hardbass"},{"id":4446786,"title":"hardbass mix","value":"hardbass%20mix"},{"id":1035394,"title":"cyka blyat","value":"cyka%20blyat"},{"id":391911,"title":"russian village boys","value":"russian%20village%20boys"},{"id":3138030,"title":"uamee","value":"uamee"},{"id":1616911,"title":"how we party","value":"how%20we%20party"},{"id":275212,"title":"russian club","value":"russian%20club"},{"id":57994,"title":"we love russia","value":"we%20love%20russia"},{"id":3831093,"title":"you laugh you slav","value":"you%20laugh%20you%20slav"},{"id":3904442,"title":"you slav you lose","value":"you%20slav%20you%20lose"},{"id":4388016,"title":"opa blia","value":"opa%20blia"},{"id":3551680,"title":"take me to russia","value":"take%20me%20to%20russia"},{"id":4446788,"title":"cheeki breeki anthem","value":"cheeki%20breeki%20anthem"},{"id":2673353,"title":"apartje","value":"apartje"},{"id":2925361,"title":"dj blyatman","value":"dj%20blyatman"}],"categories":[{"id":8,"title":"Music","permalink":"music","subscriptions_count":10082461,"big_image_url":"https://coub-anubis-a.akamaized.net/coub_storage/category/cw_image/0327247c5ff/85914bdd8e1edc998c480/big_1544760089_Music3.png","small_image_url":"https://coub-anubis-a.akamaized.net/coub_storage/category/cw_image/0327247c5ff/85914bdd8e1edc998c480/small_1544760089_Music3.png","med_image_url":"https://coub-anubis-a.akamaized.net/coub_storage/category/cw_image/0327247c5ff/85914bdd8e1edc998c480/med_1544760089_Music3.png","visible":true}],"communities":[{"id":8,"title":"Music","permalink":"music","subscriptions_count":10082461,"big_image_url":"https://coub-anubis-a.akamaized.net/coub_storage/category/cw_image/0327247c5ff/85914bdd8e1edc998c480/big_1544760089_Music3.png","small_image_url":"https://coub-anubis-a.akamaized.net/coub_storage/category/cw_image/0327247c5ff/85914bdd8e1edc998c480/small_1544760089_Music3.png","med_image_url":"https://coub-anubis-a.akamaized.net/coub_storage/category/cw_image/0327247c5ff/85914bdd8e1edc998c480/med_1544760089_Music3.png","i_subscribed":true,"community_notifications_enabled":null,"description":null}],"recoubs_count":408,"remixes_count":0,"likes_count":1974,"dislikes_count":0,"raw_video_id":12691722,"uploaded_by_ios_app":false,"uploaded_by_android_app":false,"media_blocks":{"uploaded_raw_videos":[],"external_raw_videos":[{"id":29073838,"title":"DJ Blyatman & XS Project - How We Party (Official Video Clip)","url":"https://www.youtube.com/watch?v=agV86_dFVOE","image":"https://coub-anubis-a.akamaized.net/coub_storage/media_block/cw_image/96029d41ff2/855f95dfbf8fd55489827/1542096468_1000gjm_1542096426_1pxibmi_att-url-download.jpg","image_retina":"https://coub-anubis-a.akamaized.net/coub_storage/media_block/cw_image/96029d41ff2/855f95dfbf8fd55489827/1542096468_1000gjm_1542096426_1pxibmi_att-url-download.jpg","meta":{"service":"Youtube","duration":"272.12"},"duration":272.12,"raw_video_id":12691722,"has_embed":true}],"remixed_from_coubs":[],"external_video":{"id":29073838,"title":"DJ Blyatman & XS Project - How We Party (Official Video Clip)","url":"https://www.youtube.com/watch?v=agV86_dFVOE","image":"https://coub-anubis-a.akamaized.net/coub_storage/media_block/cw_image/96029d41ff2/855f95dfbf8fd55489827/1542096468_1000gjm_1542096426_1pxibmi_att-url-download.jpg","image_retina":"https://coub-anubis-a.akamaized.net/coub_storage/media_block/cw_image/96029d41ff2/855f95dfbf8fd55489827/1542096468_1000gjm_1542096426_1pxibmi_att-url-download.jpg","meta":{"service":"Youtube","duration":"272.12"},"duration":272.12,"raw_video_id":12691722,"has_embed":true}},"raw_video_thumbnail_url":"/missing/missing.png","raw_video_title":"DJ Blyatman & XS Project - How We Party (Official Video Clip)","video_block_banned":false,"duration":9.6,"promo_winner":false,"promo_winner_recoubers":null,"editorial_info":{},"promo_hint":null,"beeline_best_2014":null,"from_web_editor":true,"normalize_sound":true,"normalize_change_allowed":true,"best2015_addable":false,"ahmad_promo":null,"promo_data":null,"audio_copyright_claim":null,"ads_disabled":false,"is_safe_for_ads":true,"megafon_contents":[],"position_on_page":1},{"flag":null,"abuses":null,"recoubs_by_users_channels":null,"favourite":false,"promoted_id":null,"recoub":null,"like":null,"dislike":null,"reaction":null,"in_my_best2015":false,"id":51620179,"type":"Coub::Simple","permalink":"ua9be","title":"Everybody Knows Sh*t's F*cked","visibility_type":"public","original_visibility_type":"public","channel_id":202716,"created_at":"2017-05-18T11:51:51Z","updated_at":"2022-03-08T16:45:17Z","is_done":true,"views_count":113857,"cotd":null,"cotd_at":null,"visible_on_explore_root":false,"visible_on_explore":false,"featured":false,"published":true,"published_at":"2017-05-18T11:51:51Z","reversed":false,"from_editor_v2":true,"is_editable":true,"original_sound":false,"has_sound":false,"recoub_to":null,"file_versions":{"html5":{"video":{"higher":{"url":"https://coub-anubis-a.akamaized.net/coub_storage/coub/simple/cw_file/f09546e674a/420cb77ae890037c960f2/muted_mp4_huge_size_1568112954_muted_huge.mp4","size":5357380},"high":{"url":"https://coub-anubis-a.akamaized.net/coub_storage/coub/simple/cw_file/f09546e674a/420cb77ae890037c960f2/muted_mp4_big_size_1568112954_muted_big.mp4","size":3511574},"med":{"url":"https://coub-anubis-a.akamaized.net/coub_storage/coub/simple/cw_file/f09546e674a/420cb77ae890037c960f2/muted_mp4_med_size_1568112954_muted_med.mp4","size":1297197}},"audio":{"high":{"url":"https://coub-anubis-a.akamaized.net/coub_storage/coub/simple/cw_looped_audio_high/4b989fb1b08/13ca956c25c770777d319/1605598150_high_1495120675_high.mp3","size":3764260},"med":{"url":"https://coub-anubis-a.akamaized.net/coub_storage/coub/simple/cw_looped_audio_med/47bfb820057/6918bc6f222b30d6955b4/1605598150_med_1495120675_med.mp3","size":2636691}}},"mobile":{"video":"https://coub-anubis-a.akamaized.net/coub_storage/coub/simple/cw_file/f09546e674a/420cb77ae890037c960f2/muted_mp4_med_size_1568112954_muted_med.mp4","audio":["https://coub-anubis-a.akamaized.net/coub_storage/coub/simple/cw_looped_audio_med/47bfb820057/6918bc6f222b30d6955b4/1605598150_med_1495120675_med.mp3"]},"share":{"default":"https://coub-anubis-a.akamaized.net/coub_storage/coub/simple/cw_video_for_sharing/40ee5da8b5d/7daea48a325995059a7dd/1612865310_looped_1612865309.mp4"}},"audio_versions":{"template":"https://coub-anubis-a.akamaized.net/coub_storage/audio_track/cw_normalized_copy/43ec6dece80/56ad48db0e640386e9e7e/mid_1495120659_1wwdkku_normalized_1495120641_1xi1qjf_edited.mp3","versions":["mid","low"]},"image_versions":{"template":"https://coub-anubis-a.akamaized.net/coub_storage/coub/simple/cw_image/160419e7d78/c967b7625b8025028353e/1495120690_00025.jpg","versions":["micro","tiny","age_restricted","ios_large","ios_mosaic","big","med","small","pinterest"]},"first_frame_versions":{"template":"https://coub-anubis-a.akamaized.net/coub_storage/coub/simple/cw_timeline_pic/d9dc9cf688e/a8e5a2c4be2aa48b705b3/%{version}_1495120690_image.jpg","versions":["big","med","small","ios_large"]},"dimensions":{"big":[1280,720],"med":[640,360]},"site_w_h":[640,360],"page_w_h":[640,360],"site_w_h_small":[310,174],"size":[1280,720],"age_restricted":false,"age_restricted_by_admin":false,"not_safe_for_work":false,"allow_reuse":false,"dont_crop":false,"banned":false,"global_safe":true,"audio_file_url":"https://coub-anubis-a.akamaized.net/coub_storage/audio_track/cw_normalized_copy/43ec6dece80/56ad48db0e640386e9e7e/low_1495120659_1wwdkku_normalized_1495120641_1xi1qjf_edited.mp3","external_download":{"type":"Youtube","service_name":"YouTube","url":"http://youtu.be/SWaQdHoCvYk","has_embed":true},"application":null,"channel":{"id":202716,"permalink":"janusyatko","title":"Vitalii Bilash","description":null,"followers_count":432,"following_count":72,"avatar_versions":{"template":"https://coub-anubis-a.akamaized.net/coub_storage/channel/cw_avatar/43239b91ae8/45643041397d8c9ef6291/%{version}_1473145183_____.jpg","versions":["medium","medium_2x","profile_pic","profile_pic_new","profile_pic_new_2x","tiny","tiny_2x","small","small_2x","ios_large","ios_small"]}},"file":null,"picture":"https://coub-anubis-a.akamaized.net/coub_storage/coub/simple/cw_image/160419e7d78/c967b7625b8025028353e/1495120690_00025.jpg","timeline_picture":"https://coub-anubis-a.akamaized.net/coub_storage/coub/simple/cw_timeline_pic/d9dc9cf688e/a8e5a2c4be2aa48b705b3/ios_large_1495120690_image.jpg","small_picture":"https://coub-anubis-a.akamaized.net/coub_storage/coub/simple/cw_image/160419e7d78/c967b7625b8025028353e/1495120690_00025.jpg","sharing_picture":null,"percent_done":100,"tags":[{"id":623483,"title":"stephen paul taylor","value":"stephen%20paul%20taylor"},{"id":621956,"title":"everybody knows shit fuck","value":"everybody%20knows%20shit%20fuck"},{"id":65824,"title":"grand final","value":"grand%20final"},{"id":967,"title":"kyiv","value":"kyiv"},{"id":3866,"title":"live","value":"live"},{"id":2836640,"title":"hey mamma","value":"hey%20mamma"},{"id":370629,"title":"sunstroke project","value":"sunstroke%20project"},{"id":9883,"title":"moldova","value":"moldova"},{"id":54673,"title":"2017","value":"2017"},{"id":83281,"title":"eurovision song contest","value":"eurovision%20song%20contest"}],"categories":[{"id":8,"title":"Music","permalink":"music","subscriptions_count":10082461,"big_image_url":"https://coub-anubis-a.akamaized.net/coub_storage/category/cw_image/0327247c5ff/85914bdd8e1edc998c480/big_1544760089_Music3.png","small_image_url":"https://coub-anubis-a.akamaized.net/coub_storage/category/cw_image/0327247c5ff/85914bdd8e1edc998c480/small_1544760089_Music3.png","med_image_url":"https://coub-anubis-a.akamaized.net/coub_storage/category/cw_image/0327247c5ff/85914bdd8e1edc998c480/med_1544760089_Music3.png","visible":true}],"communities":[{"id":8,"title":"Music","permalink":"music","subscriptions_count":10082461,"big_image_url":"https://coub-anubis-a.akamaized.net/coub_storage/category/cw_image/0327247c5ff/85914bdd8e1edc998c480/big_1544760089_Music3.png","small_image_url":"https://coub-anubis-a.akamaized.net/coub_storage/category/cw_image/0327247c5ff/85914bdd8e1edc998c480/small_1544760089_Music3.png","med_image_url":"https://coub-anubis-a.akamaized.net/coub_storage/category/cw_image/0327247c5ff/85914bdd8e1edc998c480/med_1544760089_Music3.png","i_subscribed":true,"community_notifications_enabled":null,"description":null}],"recoubs_count":320,"remixes_count":0,"likes_count":1972,"dislikes_count":0,"raw_video_id":9623693,"uploaded_by_ios_app":false,"uploaded_by_android_app":false,"media_blocks":{"uploaded_raw_videos":[],"external_raw_videos":[{"id":20473368,"title":"Sunstroke Project - Hey Mamma (Moldova) LIVE at the Grand Final of the 2017 Eurovision Song Contest","url":"http://www.youtube.com/watch?v=SWaQdHoCvYk","image":"https://coub-anubis-a.akamaized.net/coub_storage/media_block/cw_image/fad06f68138/e6cd4cfb26301219450f5/1494771242_1494771156_cr01px_att-url-download.jpg","image_retina":"https://coub-anubis-a.akamaized.net/coub_storage/media_block/cw_image/fad06f68138/e6cd4cfb26301219450f5/1494771242_1494771156_cr01px_att-url-download.jpg","meta":{"service":"Youtube","duration":"196.84"},"duration":196.84,"raw_video_id":9623693,"has_embed":true}],"remixed_from_coubs":[],"external_video":{"id":20473368,"title":"Sunstroke Project - Hey Mamma (Moldova) LIVE at the Grand Final of the 2017 Eurovision Song Contest","url":"http://www.youtube.com/watch?v=SWaQdHoCvYk","image":"https://coub-anubis-a.akamaized.net/coub_storage/media_block/cw_image/fad06f68138/e6cd4cfb26301219450f5/1494771242_1494771156_cr01px_att-url-download.jpg","image_retina":"https://coub-anubis-a.akamaized.net/coub_storage/media_block/cw_image/fad06f68138/e6cd4cfb26301219450f5/1494771242_1494771156_cr01px_att-url-download.jpg","meta":{"service":"Youtube","duration":"196.84"},"duration":196.84,"raw_video_id":9623693,"has_embed":true}},"raw_video_thumbnail_url":"/missing/missing.png","raw_video_title":"Sunstroke Project - Hey Mamma (Moldova) LIVE at the Grand Final of the 2017 Eurovision Song Contest","video_block_banned":false,"duration":7.76,"promo_winner":false,"promo_winner_recoubers":null,"editorial_info":{},"promo_hint":null,"beeline_best_2014":null,"from_web_editor":true,"normalize_sound":true,"normalize_change_allowed":true,"best2015_addable":false,"ahmad_promo":null,"promo_data":null,"audio_copyright_claim":null,"ads_disabled":false,"is_safe_for_ads":true,"megafon_contents":[],"position_on_page":2},{"flag":null,"abuses":null,"recoubs_by_users_channels":null,"favourite":false,"promoted_id":null,"recoub":null,"like":null,"dislike":null,"reaction":null,"in_my_best2015":false,"id":27809868,"type":"Coub::Simple","permalink":"g3x0g","title":"baby´s on fire ","visibility_type":"public","original_visibility_type":"public","channel_id":1833979,"created_at":"2016-11-04T19:50:08Z","updated_at":"2022-03-16T00:50:02Z","is_done":true,"views_count":146310,"cotd":null,"cotd_at":null,"visible_on_explore_root":false,"visible_on_explore":false,"featured":false,"published":true,"published_at":"2016-11-04T19:50:08Z","reversed":false,"from_editor_v2":true,"is_editable":true,"original_sound":true,"has_sound":true,"recoub_to":null,"file_versions":{"html5":{"video":{"higher":{"url":"https://coub-anubis-a.akamaized.net/coub_storage/coub/simple/cw_file/d5c4d89dc9a/9fa55f281a7b6bf9f6acb/muted_mp4_huge_size_1574197828_muted_huge.mp4","size":3092474},"high":{"url":"https://coub-anubis-a.akamaized.net/coub_storage/coub/simple/cw_file/d5c4d89dc9a/9fa55f281a7b6bf9f6acb/muted_mp4_big_size_1574197828_muted_big.mp4","size":2270487},"med":{"url":"https://coub-anubis-a.akamaized.net/coub_storage/coub/simple/cw_file/d5c4d89dc9a/9fa55f281a7b6bf9f6acb/muted_mp4_med_size_1574197828_muted_med.mp4","size":647657}},"audio":{"high":{"url":"https://coub-anubis-a.akamaized.net/coub_storage/coub/simple/cw_looped_audio_high/a7ddb691ef9/18b1f7e422896373944fd/1605540435_high_1478289040_high.mp3","size":1415636},"med":{"url":"https://coub-anubis-a.akamaized.net/coub_storage/coub/simple/cw_looped_audio_med/c099aede858/b754f79fce346c37ebe06/1605540434_med_1478289040_med.mp3","size":1272434},"sample_duration":7.337}},"mobile":{"video":"https://coub-anubis-a.akamaized.net/coub_storage/coub/simple/cw_file/d5c4d89dc9a/9fa55f281a7b6bf9f6acb/muted_mp4_med_size_1574197828_muted_med.mp4","audio":["https://coub-anubis-a.akamaized.net/coub_storage/coub/simple/cw_looped_audio_med/c099aede858/b754f79fce346c37ebe06/1605540434_med_1478289040_med.mp3"]},"share":{"default":"https://coub-anubis-a.akamaized.net/coub_storage/coub/simple/cw_video_for_sharing/0807e27d25e/264e0e9d710da41410044/1616699550_looped_1616699548.mp4"}},"audio_versions":{},"image_versions":{"template":"https://coub-anubis-a.akamaized.net/coub_storage/coub/simple/cw_image/578baa73b14/7efad46105ed7ae08a4f4/1478289049_00023.jpg","versions":["micro","tiny","age_restricted","ios_large","ios_mosaic","big","med","small","pinterest"]},"first_frame_versions":{"template":"https://coub-anubis-a.akamaized.net/coub_storage/coub/simple/cw_timeline_pic/c12ac9fcd57/b19d4fcb13b34e6d56091/%{version}_1478289048_image.jpg","versions":["big","med","small","ios_large"]},"dimensions":{"big":[1280,720],"med":[640,360]},"site_w_h":[640,360],"page_w_h":[640,360],"site_w_h_small":[310,174],"size":[1280,720],"age_restricted":false,"age_restricted_by_admin":false,"not_safe_for_work":false,"allow_reuse":false,"dont_crop":false,"banned":false,"global_safe":true,"audio_file_url":null,"external_download":{"type":"Youtube","service_name":"YouTube","url":"http://youtu.be/J0zCTRSlGLY","has_embed":true},"application":null,"channel":{"id":1833979,"permalink":"avtogenaka","title":"avtogen-aka","description":"Hmm, just lazyass). \r\nStar wars, Mass effect, sci-fi, action and other stuff. \r\nWelcome!","followers_count":219,"following_count":90,"avatar_versions":{"template":"https://coub-anubis-a.akamaized.net/coub_storage/channel/cw_avatar/096a407a4e4/de9a1d967339af346a15f/%{version}_1607961980_11kh9yh_1474624227_bossk.jpg","versions":["medium","medium_2x","profile_pic","profile_pic_new","profile_pic_new_2x","tiny","tiny_2x","small","small_2x","ios_large","ios_small"]}},"file":null,"picture":"https://coub-anubis-a.akamaized.net/coub_storage/coub/simple/cw_image/578baa73b14/7efad46105ed7ae08a4f4/1478289049_00023.jpg","timeline_picture":"https://coub-anubis-a.akamaized.net/coub_storage/coub/simple/cw_timeline_pic/c12ac9fcd57/b19d4fcb13b34e6d56091/ios_large_1478289048_image.jpg","small_picture":"https://coub-anubis-a.akamaized.net/coub_storage/coub/simple/cw_image/578baa73b14/7efad46105ed7ae08a4f4/1478289049_00023.jpg","sharing_picture":null,"percent_done":100,"tags":[{"id":86,"title":"music","value":"music"},{"id":30387,"title":"baby's on fire","value":"baby's%20on%20fire"},{"id":3094,"title":"die antwoord","value":"die%20antwoord"}],"categories":[{"id":8,"title":"Music","permalink":"music","subscriptions_count":10082461,"big_image_url":"https://coub-anubis-a.akamaized.net/coub_storage/category/cw_image/0327247c5ff/85914bdd8e1edc998c480/big_1544760089_Music3.png","small_image_url":"https://coub-anubis-a.akamaized.net/coub_storage/category/cw_image/0327247c5ff/85914bdd8e1edc998c480/small_1544760089_Music3.png","med_image_url":"https://coub-anubis-a.akamaized.net/coub_storage/category/cw_image/0327247c5ff/85914bdd8e1edc998c480/med_1544760089_Music3.png","visible":true}],"communities":[{"id":8,"title":"Music","permalink":"music","subscriptions_count":10082461,"big_image_url":"https://coub-anubis-a.akamaized.net/coub_storage/category/cw_image/0327247c5ff/85914bdd8e1edc998c480/big_1544760089_Music3.png","small_image_url":"https://coub-anubis-a.akamaized.net/coub_storage/category/cw_image/0327247c5ff/85914bdd8e1edc998c480/small_1544760089_Music3.png","med_image_url":"https://coub-anubis-a.akamaized.net/coub_storage/category/cw_image/0327247c5ff/85914bdd8e1edc998c480/med_1544760089_Music3.png","i_subscribed":true,"community_notifications_enabled":null,"description":null}],"recoubs_count":363,"remixes_count":2,"likes_count":1972,"dislikes_count":0,"raw_video_id":3133536,"uploaded_by_ios_app":false,"uploaded_by_android_app":false,"media_blocks":{"uploaded_raw_videos":[],"external_raw_videos":[{"id":19416453,"title":"DIE ANTWOORD - Baby´s On Fire @ Hurricane 2015, Germany","url":"http://www.youtube.com/watch?v=J0zCTRSlGLY","image":"https://coub-anubis-a.akamaized.net/coub_storage/media_block/cw_image/f92f3f81f5c/4ca035e1c7bc403fa9f28/1492080869_1469545057_zxdo7d_att-url-download.jpg","image_retina":"https://coub-anubis-a.akamaized.net/coub_storage/media_block/cw_image/f92f3f81f5c/4ca035e1c7bc403fa9f28/1492080869_1469545057_zxdo7d_att-url-download.jpg","meta":{"service":"Youtube","duration":"273.96"},"duration":273.96,"raw_video_id":3133536,"has_embed":true}],"remixed_from_coubs":[],"external_video":{"id":19416453,"title":"DIE ANTWOORD - Baby´s On Fire @ Hurricane 2015, Germany","url":"http://www.youtube.com/watch?v=J0zCTRSlGLY","image":"https://coub-anubis-a.akamaized.net/coub_storage/media_block/cw_image/f92f3f81f5c/4ca035e1c7bc403fa9f28/1492080869_1469545057_zxdo7d_att-url-download.jpg","image_retina":"https://coub-anubis-a.akamaized.net/coub_storage/media_block/cw_image/f92f3f81f5c/4ca035e1c7bc403fa9f28/1492080869_1469545057_zxdo7d_att-url-download.jpg","meta":{"service":"Youtube","duration":"273.96"},"duration":273.96,"raw_video_id":3133536,"has_embed":true}},"raw_video_thumbnail_url":"/missing/missing.png","raw_video_title":"DIE ANTWOORD - Baby´s On Fire @ Hurricane 2015, Germany","video_block_banned":false,"duration":7.32,"promo_winner":false,"promo_winner_recoubers":null,"editorial_info":{},"promo_hint":null,"beeline_best_2014":null,"from_web_editor":true,"normalize_sound":true,"normalize_change_allowed":true,"best2015_addable":false,"ahmad_promo":null,"promo_data":null,"audio_copyright_claim":null,"ads_disabled":false,"is_safe_for_ads":true,"megafon_contents":[],"position_on_page":3},{"flag":null,"abuses":null,"recoubs_by_users_channels":null,"favourite":false,"promoted_id":null,"recoub":null,"like":null,"dislike":null,"reaction":null,"in_my_best2015":false,"id":163094256,"type":"Coub::Simple","permalink":"2or75v","title":"ZAZ - Je Veux - Я хочу","visibility_type":"public","original_visibility_type":"public","channel_id":7319728,"created_at":"2021-02-04T15:14:54Z","updated_at":"2022-03-11T18:29:28Z","is_done":true,"views_count":163198,"cotd":null,"cotd_at":null,"visible_on_explore_root":false,"visible_on_explore":false,"featured":false,"published":true,"published_at":"2021-02-04T15:14:54Z","reversed":false,"from_editor_v2":true,"is_editable":true,"original_sound":true,"has_sound":true,"recoub_to":null,"file_versions":{"html5":{"video":{"higher":{"url":"https://coub-anubis-a.akamaized.net/coub_storage/coub/simple/cw_file/2f46cee7a69/76011a78faa72777b17fb/muted_mp4_huge_size_1612451722_muted_huge.mp4","size":3255979},"high":{"url":"https://coub-anubis-a.akamaized.net/coub_storage/coub/simple/cw_file/2f46cee7a69/76011a78faa72777b17fb/muted_mp4_big_size_1612451722_muted_big.mp4","size":2148686},"med":{"url":"https://coub-anubis-a.akamaized.net/coub_storage/coub/simple/cw_file/2f46cee7a69/76011a78faa72777b17fb/muted_mp4_med_size_1612451722_muted_med.mp4","size":646886}},"audio":{"high":{"url":"https://coub-anubis-a.akamaized.net/coub_storage/coub/simple/cw_looped_audio_high/bf795ef3a4e/6224a0b7b018a9092e143/1612451724_mp3-high.mp3","size":1087350},"med":{"url":"https://coub-anubis-a.akamaized.net/coub_storage/coub/simple/cw_looped_audio_med/01b74acefe4/81b1baa1617a36a31ded2/1612451723_mp3-med.mp3","size":799076},"sample_duration":10.008}},"mobile":{"video":"https://coub-anubis-a.akamaized.net/coub_storage/coub/simple/cw_file/2f46cee7a69/76011a78faa72777b17fb/muted_mp4_med_size_1612451722_muted_med.mp4","audio":["https://coub-anubis-a.akamaized.net/coub_storage/coub/simple/cw_looped_audio_med/01b74acefe4/81b1baa1617a36a31ded2/1612451723_mp3-med.mp3"]},"share":{"default":"https://coub-anubis-a.akamaized.net/coub_storage/coub/simple/cw_video_for_sharing/d1e48545e10/b80aec8d38a6c3f27b5e5/1612451769_looped_1612451768.mp4"}},"audio_versions":{},"image_versions":{"template":"https://coub-anubis-a.akamaized.net/coub_storage/coub/simple/cw_image/1607ed5e4e7/d2894c5901ec2c2844a98/%{version}_1612451732_00032.jpg","versions":["micro","tiny","age_restricted","ios_large","ios_mosaic","big","med","small","pinterest"]},"first_frame_versions":{"template":"https://coub-anubis-a.akamaized.net/coub_storage/coub/simple/cw_timeline_pic/ff71b948367/1c05386df370bfcfe8944/%{version}_1612451731_image.jpg","versions":["big","med","small","ios_large"]},"dimensions":{"big":[1280,720],"med":[640,360]},"site_w_h":[640,360],"page_w_h":[640,360],"site_w_h_small":[310,174],"size":[1280,720],"age_restricted":false,"age_restricted_by_admin":false,"not_safe_for_work":false,"allow_reuse":false,"dont_crop":true,"banned":false,"global_safe":null,"audio_file_url":null,"external_download":{"type":"Youtube","service_name":"YouTube","url":"https://www.youtube.com/watch?v=EWRkRBXSvVs","has_embed":true},"application":null,"channel":{"id":7319728,"permalink":"oko-saurona","title":"Oko Saurona","description":null,"followers_count":9,"following_count":41,"avatar_versions":{"template":"https://coub-anubis-a.akamaized.net/coub_storage/channel/cw_avatar/c1f1f6e7f4d/c8e23fa4fee440ed4f212/%{version}_1607753282_17koukl_1586365288_rY2GV2Sl_BE.jpg","versions":["medium","medium_2x","profile_pic","profile_pic_new","profile_pic_new_2x","tiny","tiny_2x","small","small_2x","ios_large","ios_small"]}},"file":null,"picture":"https://coub-anubis-a.akamaized.net/coub_storage/coub/simple/cw_image/1607ed5e4e7/d2894c5901ec2c2844a98/med_1612451732_00032.jpg","timeline_picture":"https://coub-anubis-a.akamaized.net/coub_storage/coub/simple/cw_timeline_pic/ff71b948367/1c05386df370bfcfe8944/ios_large_1612451731_image.jpg","small_picture":"https://coub-anubis-a.akamaized.net/coub_storage/coub/simple/cw_image/1607ed5e4e7/d2894c5901ec2c2844a98/ios_mosaic_1612451732_00032.jpg","sharing_picture":null,"percent_done":100,"tags":[{"id":4419549,"title":"изабель жефруа","value":"%D0%B8%D0%B7%D0%B0%D0%B1%D0%B5%D0%BB%D1%8C%20%D0%B6%D0%B5%D1%84%D1%80%D1%83%D0%B0"},{"id":7675,"title":"zaz","value":"zaz"},{"id":294311,"title":"je veux","value":"je%20veux"}],"categories":[{"id":8,"title":"Music","permalink":"music","subscriptions_count":10082461,"big_image_url":"https://coub-anubis-a.akamaized.net/coub_storage/category/cw_image/0327247c5ff/85914bdd8e1edc998c480/big_1544760089_Music3.png","small_image_url":"https://coub-anubis-a.akamaized.net/coub_storage/category/cw_image/0327247c5ff/85914bdd8e1edc998c480/small_1544760089_Music3.png","med_image_url":"https://coub-anubis-a.akamaized.net/coub_storage/category/cw_image/0327247c5ff/85914bdd8e1edc998c480/med_1544760089_Music3.png","visible":true}],"communities":[{"id":8,"title":"Music","permalink":"music","subscriptions_count":10082461,"big_image_url":"https://coub-anubis-a.akamaized.net/coub_storage/category/cw_image/0327247c5ff/85914bdd8e1edc998c480/big_1544760089_Music3.png","small_image_url":"https://coub-anubis-a.akamaized.net/coub_storage/category/cw_image/0327247c5ff/85914bdd8e1edc998c480/small_1544760089_Music3.png","med_image_url":"https://coub-anubis-a.akamaized.net/coub_storage/category/cw_image/0327247c5ff/85914bdd8e1edc998c480/med_1544760089_Music3.png","i_subscribed":true,"community_notifications_enabled":null,"description":null}],"recoubs_count":294,"remixes_count":0,"likes_count":1969,"dislikes_count":0,"raw_video_id":15787881,"uploaded_by_ios_app":false,"uploaded_by_android_app":false,"media_blocks":{"uploaded_raw_videos":[],"external_raw_videos":[{"id":37237195,"title":"ZAZ - Je Veux - Я хочу","url":"https://www.youtube.com/watch?v=EWRkRBXSvVs","image":null,"image_retina":null,"meta":{"service":"Youtube","duration":"202.88"},"duration":202.88,"raw_video_id":15787881,"has_embed":true}],"remixed_from_coubs":[],"external_video":{"id":37237195,"title":"ZAZ - Je Veux - Я хочу","url":"https://www.youtube.com/watch?v=EWRkRBXSvVs","image":null,"image_retina":null,"meta":{"service":"Youtube","duration":"202.88"},"duration":202.88,"raw_video_id":15787881,"has_embed":true}},"raw_video_thumbnail_url":"/missing/missing.png","raw_video_title":"ZAZ - Je Veux - Я хочу","video_block_banned":false,"duration":10.0,"promo_winner":false,"promo_winner_recoubers":null,"editorial_info":{},"promo_hint":null,"beeline_best_2014":null,"from_web_editor":true,"normalize_sound":true,"normalize_change_allowed":true,"best2015_addable":false,"ahmad_promo":null,"promo_data":null,"audio_copyright_claim":null,"ads_disabled":false,"is_safe_for_ads":true,"megafon_contents":[],"position_on_page":4},{"flag":null,"abuses":null,"recoubs_by_users_channels":null,"favourite":false,"promoted_id":null,"recoub":null,"like":null,"dislike":null,"reaction":null,"in_my_best2015":false,"id":125287687,"type":"Coub::Simple","permalink":"227bm9","title":"Mrs. GREEN APPLE - Inferno (Fire Force OP)┃Cover by Raon Lee","visibility_type":"public","original_visibility_type":"public","channel_id":7103497,"created_at":"2019-10-02T21:54:05Z","updated_at":"2022-03-09T02:56:22Z","is_done":true,"views_count":183336,"cotd":null,"cotd_at":null,"visible_on_explore_root":false,"visible_on_explore":false,"featured":false,"published":true,"published_at":"2019-10-02T21:54:04Z","reversed":false,"from_editor_v2":true,"is_editable":true,"original_sound":true,"has_sound":true,"recoub_to":null,"file_versions":{"html5":{"video":{"higher":{"url":"https://coub-anubis-a.akamaized.net/coub_storage/coub/simple/cw_file/4da2b9a658a/396adb9314e15a0e42f81/muted_mp4_huge_size_1570053314_muted_huge.mp4","size":3571887},"high":{"url":"https://coub-anubis-a.akamaized.net/coub_storage/coub/simple/cw_file/4da2b9a658a/396adb9314e15a0e42f81/muted_mp4_big_size_1570053314_muted_big.mp4","size":2770215},"med":{"url":"https://coub-anubis-a.akamaized.net/coub_storage/coub/simple/cw_file/4da2b9a658a/396adb9314e15a0e42f81/muted_mp4_med_size_1570053314_muted_med.mp4","size":794154}},"audio":{"high":{"url":"https://coub-anubis-a.akamaized.net/coub_storage/coub/simple/cw_looped_audio_high/0f566bbc7e4/f5f3363b823a13a570615/1605692198_high_1570053315_high.mp3","size":1076336},"med":{"url":"https://coub-anubis-a.akamaized.net/coub_storage/coub/simple/cw_looped_audio_med/1b015aa1873/0e6e84bbf42f2a4ab7cd0/1605692198_med_1570053315_med.mp3","size":799076},"sample_duration":10.008}},"mobile":{"video":"https://coub-anubis-a.akamaized.net/coub_storage/coub/simple/cw_file/4da2b9a658a/396adb9314e15a0e42f81/muted_mp4_med_size_1570053314_muted_med.mp4","audio":["https://coub-anubis-a.akamaized.net/coub_storage/coub/simple/cw_looped_audio_med/1b015aa1873/0e6e84bbf42f2a4ab7cd0/1605692198_med_1570053315_med.mp3"]},"share":{"default":"https://coub-anubis-a.akamaized.net/coub_storage/coub/simple/cw_video_for_sharing/04c98296dc6/1b617167cd117afceb741/1619983605_looped_1619983604.mp4"}},"audio_versions":{},"image_versions":{"template":"https://coub-anubis-a.akamaized.net/coub_storage/coub/simple/cw_image/d8953e725b1/627207472aa5dbfa8d3c4/1570053326_00032.jpg","versions":["micro","tiny","age_restricted","ios_large","ios_mosaic","big","med","small","pinterest"]},"first_frame_versions":{"template":"https://coub-anubis-a.akamaized.net/coub_storage/coub/simple/cw_timeline_pic/dba08837cfe/6c17d9e4824359785da51/%{version}_1570053324_image.jpg","versions":["big","med","small","ios_large"]},"dimensions":{"big":[1280,720],"med":[640,360]},"site_w_h":[640,360],"page_w_h":[640,360],"site_w_h_small":[310,174],"size":[1280,720],"age_restricted":false,"age_restricted_by_admin":false,"not_safe_for_work":false,"allow_reuse":false,"dont_crop":false,"banned":false,"global_safe":true,"audio_file_url":null,"external_download":{"type":"Youtube","service_name":"YouTube","url":"https://www.youtube.com/watch?v=yKM3fNn74E4","has_embed":true},"application":null,"channel":{"id":7103497,"permalink":"hlaminamonada","title":"Hlaminamonada","description":null,"followers_count":189,"following_count":15,"avatar_versions":{"template":"https://coub-anubis-a.akamaized.net/coub_storage/channel/cw_avatar/5c9ed4c96fa/0ef808ef6c97576283cdc/%{version}_1607428309_1gshxf_1566618087_images.jpg","versions":["medium","medium_2x","profile_pic","profile_pic_new","profile_pic_new_2x","tiny","tiny_2x","small","small_2x","ios_large","ios_small"]}},"file":null,"picture":"https://coub-anubis-a.akamaized.net/coub_storage/coub/simple/cw_image/d8953e725b1/627207472aa5dbfa8d3c4/1570053326_00032.jpg","timeline_picture":"https://coub-anubis-a.akamaized.net/coub_storage/coub/simple/cw_timeline_pic/dba08837cfe/6c17d9e4824359785da51/ios_large_1570053324_image.jpg","small_picture":"https://coub-anubis-a.akamaized.net/coub_storage/coub/simple/cw_image/d8953e725b1/627207472aa5dbfa8d3c4/1570053326_00032.jpg","sharing_picture":null,"percent_done":100,"tags":[{"id":1083828,"title":"이라온","value":"%EC%9D%B4%EB%9D%BC%EC%98%A8"},{"id":1083827,"title":"라온","value":"%EB%9D%BC%EC%98%A8"},{"id":1083829,"title":"raon lee","value":"raon%20lee"},{"id":1181731,"title":"raon","value":"raon"},{"id":119661,"title":"cover song","value":"cover%20song"},{"id":1992166,"title":"노래유튜버","value":"%EB%85%B8%EB%9E%98%EC%9C%A0%ED%8A%9C%EB%B2%84"},{"id":1992167,"title":"song youtuber","value":"song%20youtuber"},{"id":55219,"title":"inferno","value":"inferno"},{"id":5243852,"title":"inferno cover","value":"inferno%20cover"},{"id":5163749,"title":"fire force inferno","value":"fire%20force%20inferno"},{"id":5085709,"title":"fire force op","value":"fire%20force%20op"},{"id":5243853,"title":"fire force cover","value":"fire%20force%20cover"},{"id":5243854,"title":"raon inferno","value":"raon%20inferno"},{"id":5243855,"title":"raon lee inferno","value":"raon%20lee%20inferno"},{"id":5243856,"title":"raon fire force","value":"raon%20fire%20force"},{"id":5243857,"title":"raon lee fire force","value":"raon%20lee%20fire%20force"},{"id":5243858,"title":"라온 inferno","value":"%EB%9D%BC%EC%98%A8%20inferno"},{"id":5243859,"title":"이라온 inferno","value":"%EC%9D%B4%EB%9D%BC%EC%98%A8%20inferno"},{"id":5243860,"title":"inferno 커버","value":"inferno%20%EC%BB%A4%EB%B2%84"},{"id":5243861,"title":"인페르노","value":"%EC%9D%B8%ED%8E%98%EB%A5%B4%EB%85%B8"},{"id":5243862,"title":"라온 인페르노","value":"%EB%9D%BC%EC%98%A8%20%EC%9D%B8%ED%8E%98%EB%A5%B4%EB%85%B8"},{"id":5243863,"title":"이라온 인페르노","value":"%EC%9D%B4%EB%9D%BC%EC%98%A8%20%EC%9D%B8%ED%8E%98%EB%A5%B4%EB%85%B8"},{"id":5243864,"title":"불꽃소방대","value":"%EB%B6%88%EA%BD%83%EC%86%8C%EB%B0%A9%EB%8C%80"},{"id":5243865,"title":"불꽃소방대 오프닝","value":"%EB%B6%88%EA%BD%83%EC%86%8C%EB%B0%A9%EB%8C%80%20%EC%98%A4%ED%94%84%EB%8B%9D"},{"id":5243866,"title":"불꽃소방대 커버","value":"%EB%B6%88%EA%BD%83%EC%86%8C%EB%B0%A9%EB%8C%80%20%EC%BB%A4%EB%B2%84"},{"id":5243867,"title":"불꽃소방대 cover","value":"%EB%B6%88%EA%BD%83%EC%86%8C%EB%B0%A9%EB%8C%80%20cover"},{"id":5243868,"title":"불꽃소방대 inferno","value":"%EB%B6%88%EA%BD%83%EC%86%8C%EB%B0%A9%EB%8C%80%20inferno"},{"id":5243869,"title":"라온 불꽃소방대 inferno","value":"%EB%9D%BC%EC%98%A8%20%EB%B6%88%EA%BD%83%EC%86%8C%EB%B0%A9%EB%8C%80%20inferno"},{"id":5243870,"title":"라온 불꽃소방대","value":"%EB%9D%BC%EC%98%A8%20%EB%B6%88%EA%BD%83%EC%86%8C%EB%B0%A9%EB%8C%80"},{"id":5243871,"title":"이라온 불꽃소방대","value":"%EC%9D%B4%EB%9D%BC%EC%98%A8%20%EB%B6%88%EA%BD%83%EC%86%8C%EB%B0%A9%EB%8C%80"},{"id":4846870,"title":"炎炎ノ消防隊","value":"%E7%82%8E%E7%82%8E%E3%83%8E%E6%B6%88%E9%98%B2%E9%9A%8A"},{"id":5243872,"title":"炎炎ノ消防隊 inferno","value":"%E7%82%8E%E7%82%8E%E3%83%8E%E6%B6%88%E9%98%B2%E9%9A%8A%20inferno"},{"id":5243873,"title":"raon 炎炎ノ消防隊","value":"raon%20%E7%82%8E%E7%82%8E%E3%83%8E%E6%B6%88%E9%98%B2%E9%9A%8A"},{"id":5243874,"title":"raon lee 炎炎ノ消防隊","value":"raon%20lee%20%E7%82%8E%E7%82%8E%E3%83%8E%E6%B6%88%E9%98%B2%E9%9A%8A"},{"id":5243875,"title":"炎炎ノ消防隊 cvoer","value":"%E7%82%8E%E7%82%8E%E3%83%8E%E6%B6%88%E9%98%B2%E9%9A%8A%20cvoer"}],"categories":[{"id":8,"title":"Music","permalink":"music","subscriptions_count":10082461,"big_image_url":"https://coub-anubis-a.akamaized.net/coub_storage/category/cw_image/0327247c5ff/85914bdd8e1edc998c480/big_1544760089_Music3.png","small_image_url":"https://coub-anubis-a.akamaized.net/coub_storage/category/cw_image/0327247c5ff/85914bdd8e1edc998c480/small_1544760089_Music3.png","med_image_url":"https://coub-anubis-a.akamaized.net/coub_storage/category/cw_image/0327247c5ff/85914bdd8e1edc998c480/med_1544760089_Music3.png","visible":true}],"communities":[{"id":8,"title":"Music","permalink":"music","subscriptions_count":10082461,"big_image_url":"https://coub-anubis-a.akamaized.net/coub_storage/category/cw_image/0327247c5ff/85914bdd8e1edc998c480/big_1544760089_Music3.png","small_image_url":"https://coub-anubis-a.akamaized.net/coub_storage/category/cw_image/0327247c5ff/85914bdd8e1edc998c480/small_1544760089_Music3.png","med_image_url":"https://coub-anubis-a.akamaized.net/coub_storage/category/cw_image/0327247c5ff/85914bdd8e1edc998c480/med_1544760089_Music3.png","i_subscribed":true,"community_notifications_enabled":null,"description":null}],"recoubs_count":336,"remixes_count":0,"likes_count":1968,"dislikes_count":0,"raw_video_id":14278982,"uploaded_by_ios_app":false,"uploaded_by_android_app":false,"media_blocks":{"uploaded_raw_videos":[],"external_raw_videos":[{"id":33371153,"title":"Mrs. GREEN APPLE - Inferno (Fire Force OP)┃Cover by Raon Lee","url":"https://www.youtube.com/watch?v=yKM3fNn74E4","image":"https://coub-anubis-a.akamaized.net/coub_storage/media_block/cw_image/bbd03cfb678/1e4d75b5e5a69acd98393/1569607124_16aawz2_1569607058_w03zan_att-url-download.jpg","image_retina":"https://coub-anubis-a.akamaized.net/coub_storage/media_block/cw_image/bbd03cfb678/1e4d75b5e5a69acd98393/1569607124_16aawz2_1569607058_w03zan_att-url-download.jpg","meta":{"service":"Youtube","duration":"256.4"},"duration":256.4,"raw_video_id":14278982,"has_embed":true}],"remixed_from_coubs":[],"external_video":{"id":33371153,"title":"Mrs. GREEN APPLE - Inferno (Fire Force OP)┃Cover by Raon Lee","url":"https://www.youtube.com/watch?v=yKM3fNn74E4","image":"https://coub-anubis-a.akamaized.net/coub_storage/media_block/cw_image/bbd03cfb678/1e4d75b5e5a69acd98393/1569607124_16aawz2_1569607058_w03zan_att-url-download.jpg","image_retina":"https://coub-anubis-a.akamaized.net/coub_storage/media_block/cw_image/bbd03cfb678/1e4d75b5e5a69acd98393/1569607124_16aawz2_1569607058_w03zan_att-url-download.jpg","meta":{"service":"Youtube","duration":"256.4"},"duration":256.4,"raw_video_id":14278982,"has_embed":true}},"raw_video_thumbnail_url":"/missing/missing.png","raw_video_title":"Mrs. GREEN APPLE - Inferno (Fire Force OP)┃Cover by Raon Lee","video_block_banned":false,"duration":10.0,"promo_winner":false,"promo_winner_recoubers":null,"editorial_info":{},"promo_hint":null,"beeline_best_2014":null,"from_web_editor":true,"normalize_sound":true,"normalize_change_allowed":true,"best2015_addable":false,"ahmad_promo":null,"promo_data":null,"audio_copyright_claim":null,"ads_disabled":false,"is_safe_for_ads":true,"megafon_contents":[],"position_on_page":5},{"flag":null,"abuses":null,"recoubs_by_users_channels":null,"favourite":false,"promoted_id":null,"recoub":null,"like":null,"dislike":null,"reaction":null,"in_my_best2015":false,"id":97446044,"type":"Coub::Simple","permalink":"1llz3a","title":"Tape Fishing","visibility_type":"public","original_visibility_type":"public","channel_id":1366462,"created_at":"2019-01-09T21:44:52Z","updated_at":"2022-03-15T16:37:46Z","is_done":true,"views_count":120017,"cotd":null,"cotd_at":null,"visible_on_explore_root":true,"visible_on_explore":true,"featured":true,"published":true,"published_at":"2019-01-09T21:44:52Z","reversed":false,"from_editor_v2":true,"is_editable":true,"original_sound":true,"has_sound":true,"recoub_to":null,"file_versions":{"html5":{"video":{"higher":{"url":"https://coub-anubis-a.akamaized.net/coub_storage/coub/simple/cw_file/3094c110352/4b5c26417a89c8c8d6530/muted_mp4_huge_size_1571530969_muted_huge.mp4","size":1719522},"high":{"url":"https://coub-anubis-a.akamaized.net/coub_storage/coub/simple/cw_file/3094c110352/4b5c26417a89c8c8d6530/muted_mp4_big_size_1571530969_muted_big.mp4","size":1145663},"med":{"url":"https://coub-anubis-a.akamaized.net/coub_storage/coub/simple/cw_file/3094c110352/4b5c26417a89c8c8d6530/muted_mp4_med_size_1571530969_muted_med.mp4","size":338656}},"audio":{"high":{"url":"https://coub-anubis-a.akamaized.net/coub_storage/coub/simple/cw_looped_audio_high/11840f63986/ec55ba72ddd7464ec5fd9/1605665997_high_1547074435_high.mp3","size":1147718},"med":{"url":"https://coub-anubis-a.akamaized.net/coub_storage/coub/simple/cw_looped_audio_med/efd7d372bc2/d6268d142e72d33ede2fe/1605665996_med_1547074435_med.mp3","size":799076},"sample_duration":10.009}},"mobile":{"video":"https://coub-anubis-a.akamaized.net/coub_storage/coub/simple/cw_file/3094c110352/4b5c26417a89c8c8d6530/muted_mp4_med_size_1571530969_muted_med.mp4","audio":["https://coub-anubis-a.akamaized.net/coub_storage/coub/simple/cw_looped_audio_med/efd7d372bc2/d6268d142e72d33ede2fe/1605665996_med_1547074435_med.mp3"]},"share":{"default":"https://coub-anubis-a.akamaized.net/coub_storage/coub/simple/cw_video_for_sharing/a16b0c6c9ba/fdc77a2039687ba9e2c41/1612717122_looped_1612717120.mp4"}},"audio_versions":{},"image_versions":{"template":"https://coub-anubis-a.akamaized.net/coub_storage/coub/simple/cw_image/78872c5f70c/dba3a74a5d41fa4e1eaf7/1547074449_00032.jpg","versions":["micro","tiny","age_restricted","ios_large","ios_mosaic","big","med","small","pinterest"]},"first_frame_versions":{"template":"https://coub-anubis-a.akamaized.net/coub_storage/coub/simple/cw_timeline_pic/d8db3dc1ebe/161438fa2c451afcdd603/%{version}_1547074447_image.jpg","versions":["big","med","small","ios_large"]},"dimensions":{"big":[1280,732],"med":[640,366]},"site_w_h":[640,366],"page_w_h":[640,366],"site_w_h_small":[310,177],"size":[1280,732],"age_restricted":false,"age_restricted_by_admin":false,"not_safe_for_work":false,"allow_reuse":false,"dont_crop":false,"banned":false,"global_safe":true,"audio_file_url":null,"external_download":{"type":"Facebook","service_name":"Facebook","url":"https://www.facebook.com/Mesmerizingsounds/videos/352100655609773/","has_embed":false},"application":null,"channel":{"id":1366462,"permalink":"circlycircles","title":"○)⃝⃝)⃝⃝○○.⃝.⃝○⃝○⃝○○⃝⃝))⃝⃝","description":null,"followers_count":1311,"following_count":10,"avatar_versions":{"template":"https://coub-anubis-a.akamaized.net/coub_storage/channel/cw_avatar/e97301ea36f/b8872d6565437a8ff7245/%{version}_1607629527_14v5jvo_1474683267_download__9_.jpeg","versions":["medium","medium_2x","profile_pic","profile_pic_new","profile_pic_new_2x","tiny","tiny_2x","small","small_2x","ios_large","ios_small"]}},"file":null,"picture":"https://coub-anubis-a.akamaized.net/coub_storage/coub/simple/cw_image/78872c5f70c/dba3a74a5d41fa4e1eaf7/1547074449_00032.jpg","timeline_picture":"https://coub-anubis-a.akamaized.net/coub_storage/coub/simple/cw_timeline_pic/d8db3dc1ebe/161438fa2c451afcdd603/ios_large_1547074447_image.jpg","small_picture":"https://coub-anubis-a.akamaized.net/coub_storage/coub/simple/cw_image/78872c5f70c/dba3a74a5d41fa4e1eaf7/1547074449_00032.jpg","sharing_picture":null,"percent_done":100,"tags":[{"id":649677,"title":"circly circles","value":"circly%20circles"}],"categories":[{"id":8,"title":"Music","permalink":"music","subscriptions_count":10082461,"big_image_url":"https://coub-anubis-a.akamaized.net/coub_storage/category/cw_image/0327247c5ff/85914bdd8e1edc998c480/big_1544760089_Music3.png","small_image_url":"https://coub-anubis-a.akamaized.net/coub_storage/category/cw_image/0327247c5ff/85914bdd8e1edc998c480/small_1544760089_Music3.png","med_image_url":"https://coub-anubis-a.akamaized.net/coub_storage/category/cw_image/0327247c5ff/85914bdd8e1edc998c480/med_1544760089_Music3.png","visible":true}],"communities":[{"id":8,"title":"Music","permalink":"music","subscriptions_count":10082461,"big_image_url":"https://coub-anubis-a.akamaized.net/coub_storage/category/cw_image/0327247c5ff/85914bdd8e1edc998c480/big_1544760089_Music3.png","small_image_url":"https://coub-anubis-a.akamaized.net/coub_storage/category/cw_image/0327247c5ff/85914bdd8e1edc998c480/small_1544760089_Music3.png","med_image_url":"https://coub-anubis-a.akamaized.net/coub_storage/category/cw_image/0327247c5ff/85914bdd8e1edc998c480/med_1544760089_Music3.png","i_subscribed":true,"community_notifications_enabled":null,"description":null}],"recoubs_count":388,"remixes_count":0,"likes_count":1968,"dislikes_count":0,"raw_video_id":13010823,"uploaded_by_ios_app":false,"uploaded_by_android_app":false,"media_blocks":{"uploaded_raw_videos":[],"external_raw_videos":[{"id":29943341,"title":"*Follow on Instagram: https://www.instagram.com/mesmerizingsounds  This is so...","url":"https://www.facebook.com/Mesmerizingsounds/videos/352100655609773","image":null,"image_retina":null,"meta":{"service":"Facebook","duration":"56.2"},"duration":56.2,"raw_video_id":13010823,"has_embed":false}],"remixed_from_coubs":[],"external_video":{"id":29943341,"title":"*Follow on Instagram: https://www.instagram.com/mesmerizingsounds  This is so...","url":"https://www.facebook.com/Mesmerizingsounds/videos/352100655609773","image":null,"image_retina":null,"meta":{"service":"Facebook","duration":"56.2"},"duration":56.2,"raw_video_id":13010823,"has_embed":false}},"raw_video_thumbnail_url":"/missing/missing.png","raw_video_title":"*Follow on Instagram: https://www.instagram.com/mesmerizingsounds  This is so...","video_block_banned":false,"duration":10.0,"promo_winner":false,"promo_winner_recoubers":null,"editorial_info":{},"promo_hint":null,"beeline_best_2014":null,"from_web_editor":true,"normalize_sound":true,"normalize_change_allowed":true,"best2015_addable":false,"ahmad_promo":null,"promo_data":null,"audio_copyright_claim":null,"ads_disabled":false,"is_safe_for_ads":true,"megafon_contents":[],"position_on_page":6},{"flag":null,"abuses":null,"recoubs_by_users_channels":null,"favourite":false,"promoted_id":null,"recoub":null,"like":null,"dislike":null,"reaction":null,"in_my_best2015":false,"id":96597067,"type":"Coub::Simple","permalink":"1l3s0d","title":"Marilyn Manson","visibility_type":"public","original_visibility_type":"public","channel_id":4248094,"created_at":"2019-01-02T15:49:58Z","updated_at":"2022-02-20T23:08:42Z","is_done":true,"views_count":128012,"cotd":null,"cotd_at":null,"visible_on_explore_root":true,"visible_on_explore":true,"featured":true,"published":true,"published_at":"2019-01-02T15:49:57Z","reversed":false,"from_editor_v2":true,"is_editable":true,"original_sound":true,"has_sound":true,"recoub_to":null,"file_versions":{"html5":{"video":{"higher":{"url":"https://coub-anubis-a.akamaized.net/coub_storage/coub/simple/cw_file/51aa0fa9f74/924df63a642f34b28acb0/muted_mp4_huge_size_1570054500_muted_huge.mp4","size":2776743},"high":{"url":"https://coub-anubis-a.akamaized.net/coub_storage/coub/simple/cw_file/51aa0fa9f74/924df63a642f34b28acb0/muted_mp4_big_size_1570054500_muted_big.mp4","size":1879979},"med":{"url":"https://coub-anubis-a.akamaized.net/coub_storage/coub/simple/cw_file/51aa0fa9f74/924df63a642f34b28acb0/muted_mp4_med_size_1570054500_muted_med.mp4","size":567529}},"audio":{"high":{"url":"https://coub-anubis-a.akamaized.net/coub_storage/coub/simple/cw_looped_audio_high/da42e5d601d/ee3002282744f0d279f9e/1605664587_high_1546444230_high.mp3","size":941676},"med":{"url":"https://coub-anubis-a.akamaized.net/coub_storage/coub/simple/cw_looped_audio_med/baf3a738aa0/9531335c3b3f779199dd4/1605664587_med_1546444230_med.mp3","size":906566},"sample_duration":9.497}},"mobile":{"video":"https://coub-anubis-a.akamaized.net/coub_storage/coub/simple/cw_file/51aa0fa9f74/924df63a642f34b28acb0/muted_mp4_med_size_1570054500_muted_med.mp4","audio":["https://coub-anubis-a.akamaized.net/coub_storage/coub/simple/cw_looped_audio_med/baf3a738aa0/9531335c3b3f779199dd4/1605664587_med_1546444230_med.mp3"]},"share":{"default":"https://coub-anubis-a.akamaized.net/coub_storage/coub/simple/cw_video_for_sharing/553e7e8b553/5281907aab8f7c50f2739/1640698664_looped_1640698662.mp4"}},"audio_versions":{},"image_versions":{"template":"https://coub-anubis-a.akamaized.net/coub_storage/coub/simple/cw_image/4d3c60ea1ed/c737722d156e416412ff9/1546444242_00030.jpg","versions":["micro","tiny","age_restricted","ios_large","ios_mosaic","big","med","small","pinterest"]},"first_frame_versions":{"template":"https://coub-anubis-a.akamaized.net/coub_storage/coub/simple/cw_timeline_pic/7ac347a5163/6a048796a1167309a4db4/%{version}_1546444241_image.jpg","versions":["big","med","small","ios_large"]},"dimensions":{"big":[1280,718],"med":[640,358]},"site_w_h":[640,359],"page_w_h":[640,359],"site_w_h_small":[310,174],"size":[1280,718],"age_restricted":false,"age_restricted_by_admin":false,"not_safe_for_work":false,"allow_reuse":false,"dont_crop":false,"banned":false,"global_safe":true,"audio_file_url":null,"external_download":{"type":"Youtube","service_name":"YouTube","url":"https://www.youtube.com/watch?v=gooI9E4KY4Q","has_embed":true},"application":null,"channel":{"id":4248094,"permalink":"michaelrichter","title":"Michael Richter","description":null,"followers_count":145,"following_count":10,"avatar_versions":{"template":"https://coub-anubis-a.akamaized.net/coub_storage/channel/cw_avatar/74a257ca116/42ebba7c4555ce5f674d9/%{version}_1607913236_13lt351_1582979972_f600c45fc4f562d7395d5f87fd8b1654.jpg","versions":["medium","medium_2x","profile_pic","profile_pic_new","profile_pic_new_2x","tiny","tiny_2x","small","small_2x","ios_large","ios_small"]}},"file":null,"picture":"https://coub-anubis-a.akamaized.net/coub_storage/coub/simple/cw_image/4d3c60ea1ed/c737722d156e416412ff9/1546444242_00030.jpg","timeline_picture":"https://coub-anubis-a.akamaized.net/coub_storage/coub/simple/cw_timeline_pic/7ac347a5163/6a048796a1167309a4db4/ios_large_1546444241_image.jpg","small_picture":"https://coub-anubis-a.akamaized.net/coub_storage/coub/simple/cw_image/4d3c60ea1ed/c737722d156e416412ff9/1546444242_00030.jpg","sharing_picture":null,"percent_done":100,"tags":[{"id":47360,"title":"marilyn manson","value":"marilyn%20manson"},{"id":8623,"title":"manson","value":"manson"},{"id":16522,"title":"perform","value":"perform"},{"id":3866,"title":"live","value":"live"},{"id":85548,"title":"sweet dreams","value":"sweet%20dreams"},{"id":86,"title":"music","value":"music"},{"id":3078759,"title":"canale 5","value":"canale%205"},{"id":8745,"title":"italy","value":"italy"},{"id":54673,"title":"2017","value":"2017"},{"id":247894,"title":"tyler bates","value":"tyler%20bates"},{"id":1087,"title":"rock","value":"rock"},{"id":9314,"title":"rockstar","value":"rockstar"},{"id":9020,"title":"show","value":"show"},{"id":17441,"title":"tv show","value":"tv%20show"},{"id":3581451,"title":"intervies","value":"intervies"},{"id":26397,"title":"singer","value":"singer"},{"id":8890,"title":"acoustic","value":"acoustic"},{"id":385885,"title":"мэрилин мэнсон","value":"%D0%BC%D1%8D%D1%80%D0%B8%D0%BB%D0%B8%D0%BD%20%D0%BC%D1%8D%D0%BD%D1%81%D0%BE%D0%BD"},{"id":1081303,"title":"менсон","value":"%D0%BC%D0%B5%D0%BD%D1%81%D0%BE%D0%BD"},{"id":4528751,"title":"мэрлин менсон","value":"%D0%BC%D1%8D%D1%80%D0%BB%D0%B8%D0%BD%20%D0%BC%D0%B5%D0%BD%D1%81%D0%BE%D0%BD"},{"id":385886,"title":"мерлин менсон","value":"%D0%BC%D0%B5%D1%80%D0%BB%D0%B8%D0%BD%20%D0%BC%D0%B5%D0%BD%D1%81%D0%BE%D0%BD"},{"id":4570969,"title":"мэрлни мэнсон","value":"%D0%BC%D1%8D%D1%80%D0%BB%D0%BD%D0%B8%20%D0%BC%D1%8D%D0%BD%D1%81%D0%BE%D0%BD"},{"id":515801,"title":"мэрлин","value":"%D0%BC%D1%8D%D1%80%D0%BB%D0%B8%D0%BD"},{"id":4570970,"title":"тайлер бэйтс","value":"%D1%82%D0%B0%D0%B9%D0%BB%D0%B5%D1%80%20%D0%B1%D1%8D%D0%B9%D1%82%D1%81"},{"id":3255523,"title":"тайлер бейтс","value":"%D1%82%D0%B0%D0%B9%D0%BB%D0%B5%D1%80%20%D0%B1%D0%B5%D0%B9%D1%82%D1%81"},{"id":254132,"title":"тайлер","value":"%D1%82%D0%B0%D0%B9%D0%BB%D0%B5%D1%80"},{"id":4570971,"title":"бэйтс","value":"%D0%B1%D1%8D%D0%B9%D1%82%D1%81"},{"id":2835611,"title":"бейтс","value":"%D0%B1%D0%B5%D0%B9%D1%82%D1%81"},{"id":54752,"title":"акустика","value":"%D0%B0%D0%BA%D1%83%D1%81%D1%82%D0%B8%D0%BA%D0%B0"},{"id":10186,"title":"шоу","value":"%D1%88%D0%BE%D1%83"},{"id":150,"title":"концерт","value":"%D0%BA%D0%BE%D0%BD%D1%86%D0%B5%D1%80%D1%82"},{"id":50,"title":"coub","value":"coub"},{"id":165,"title":"anime","value":"anime"},{"id":2172,"title":"rammstein","value":"rammstein"},{"id":917,"title":"18+","value":"18+"},{"id":2070,"title":"animals","value":"animals"},{"id":174,"title":"funny","value":"funny"}],"categories":[{"id":8,"title":"Music","permalink":"music","subscriptions_count":10082461,"big_image_url":"https://coub-anubis-a.akamaized.net/coub_storage/category/cw_image/0327247c5ff/85914bdd8e1edc998c480/big_1544760089_Music3.png","small_image_url":"https://coub-anubis-a.akamaized.net/coub_storage/category/cw_image/0327247c5ff/85914bdd8e1edc998c480/small_1544760089_Music3.png","med_image_url":"https://coub-anubis-a.akamaized.net/coub_storage/category/cw_image/0327247c5ff/85914bdd8e1edc998c480/med_1544760089_Music3.png","visible":true}],"communities":[{"id":8,"title":"Music","permalink":"music","subscriptions_count":10082461,"big_image_url":"https://coub-anubis-a.akamaized.net/coub_storage/category/cw_image/0327247c5ff/85914bdd8e1edc998c480/big_1544760089_Music3.png","small_image_url":"https://coub-anubis-a.akamaized.net/coub_storage/category/cw_image/0327247c5ff/85914bdd8e1edc998c480/small_1544760089_Music3.png","med_image_url":"https://coub-anubis-a.akamaized.net/coub_storage/category/cw_image/0327247c5ff/85914bdd8e1edc998c480/med_1544760089_Music3.png","i_subscribed":true,"community_notifications_enabled":null,"description":null}],"recoubs_count":360,"remixes_count":2,"likes_count":1968,"dislikes_count":0,"raw_video_id":12968386,"uploaded_by_ios_app":false,"uploaded_by_android_app":false,"media_blocks":{"uploaded_raw_videos":[],"external_raw_videos":[{"id":29829514,"title":"Marilyn Manson and Tyler Bates performing Sweet Dreams (Acoustic) live on italian TV show MUSIC","url":"https://www.youtube.com/watch?v=gooI9E4KY4Q","image":"https://coub-anubis-a.akamaized.net/coub_storage/media_block/cw_image/8224773cbd9/63ef015f5cc379e36b416/1546444014_1060qv5_1546443982_ayccc0_att-url-download.jpg","image_retina":"https://coub-anubis-a.akamaized.net/coub_storage/media_block/cw_image/8224773cbd9/63ef015f5cc379e36b416/1546444014_1060qv5_1546443982_ayccc0_att-url-download.jpg","meta":{"service":"Youtube","duration":"212.24"},"duration":212.24,"raw_video_id":12968386,"has_embed":true}],"remixed_from_coubs":[],"external_video":{"id":29829514,"title":"Marilyn Manson and Tyler Bates performing Sweet Dreams (Acoustic) live on italian TV show MUSIC","url":"https://www.youtube.com/watch?v=gooI9E4KY4Q","image":"https://coub-anubis-a.akamaized.net/coub_storage/media_block/cw_image/8224773cbd9/63ef015f5cc379e36b416/1546444014_1060qv5_1546443982_ayccc0_att-url-download.jpg","image_retina":"https://coub-anubis-a.akamaized.net/coub_storage/media_block/cw_image/8224773cbd9/63ef015f5cc379e36b416/1546444014_1060qv5_1546443982_ayccc0_att-url-download.jpg","meta":{"service":"Youtube","duration":"212.24"},"duration":212.24,"raw_video_id":12968386,"has_embed":true}},"raw_video_thumbnail_url":"/missing/missing.png","raw_video_title":"Marilyn Manson and Tyler Bates performing Sweet Dreams (Acoustic) live on italian TV show MUSIC","video_block_banned":false,"duration":9.48,"promo_winner":false,"promo_winner_recoubers":null,"editorial_info":{},"promo_hint":null,"beeline_best_2014":null,"from_web_editor":true,"normalize_sound":true,"normalize_change_allowed":true,"best2015_addable":false,"ahmad_promo":null,"promo_data":null,"audio_copyright_claim":null,"ads_disabled":false,"is_safe_for_ads":true,"megafon_contents":[],"position_on_page":7},{"flag":null,"abuses":null,"recoubs_by_users_channels":null,"favourite":false,"promoted_id":null,"recoub":null,"like":null,"dislike":null,"reaction":null,"in_my_best2015":false,"id":66736120,"type":"Coub::Simple","permalink":"13agoc","title":"У ТАНЦА НЕТ ГРАНИЦ 1","visibility_type":"public","original_visibility_type":"public","channel_id":3434630,"created_at":"2018-02-12T07:15:45Z","updated_at":"2022-03-09T07:51:49Z","is_done":true,"views_count":223380,"cotd":null,"cotd_at":null,"visible_on_explore_root":false,"visible_on_explore":false,"featured":false,"published":true,"published_at":"2018-02-12T07:15:45Z","reversed":false,"from_editor_v2":true,"is_editable":true,"original_sound":true,"has_sound":true,"recoub_to":null,"file_versions":{"html5":{"video":{"higher":{"url":"https://coub-anubis-a.akamaized.net/coub_storage/coub/simple/cw_file/af6c125f2c1/26884fb92591529fa526a/muted_mp4_huge_size_1568193326_muted_huge.mp4","size":3533552},"high":{"url":"https://coub-anubis-a.akamaized.net/coub_storage/coub/simple/cw_file/af6c125f2c1/26884fb92591529fa526a/muted_mp4_big_size_1568193326_muted_big.mp4","size":2302628},"med":{"url":"https://coub-anubis-a.akamaized.net/coub_storage/coub/simple/cw_file/af6c125f2c1/26884fb92591529fa526a/muted_mp4_med_size_1568193326_muted_med.mp4","size":829033}},"audio":{"high":{"url":"https://coub-anubis-a.akamaized.net/coub_storage/coub/simple/cw_looped_audio_high/3f06934e352/9b5b8d9590f6f6728098f/1605631201_high_1518419751_high.mp3","size":805081},"med":{"url":"https://coub-anubis-a.akamaized.net/coub_storage/coub/simple/cw_looped_audio_med/54ad8d936a3/9db5b47c58a61958ee9ef/1605631201_med_1518419751_med.mp3","size":803609},"sample_duration":9.752}},"mobile":{"video":"https://coub-anubis-a.akamaized.net/coub_storage/coub/simple/cw_file/af6c125f2c1/26884fb92591529fa526a/muted_mp4_med_size_1568193326_muted_med.mp4","audio":["https://coub-anubis-a.akamaized.net/coub_storage/coub/simple/cw_looped_audio_med/54ad8d936a3/9db5b47c58a61958ee9ef/1605631201_med_1518419751_med.mp3"]},"share":{"default":"https://coub-anubis-a.akamaized.net/coub_storage/coub/simple/cw_video_for_sharing/70fd72b64aa/8e54b191dd9ec4e5fb5a3/1608791779_looped_1608791777.mp4"}},"audio_versions":{},"image_versions":{"template":"https://coub-anubis-a.akamaized.net/coub_storage/coub/simple/cw_image/7439b32c798/41e3aed41f456c4b1a1f5/1518419757_00031.jpg","versions":["micro","tiny","age_restricted","ios_large","ios_mosaic","big","med","small","pinterest"]},"first_frame_versions":{"template":"https://coub-anubis-a.akamaized.net/coub_storage/coub/simple/cw_timeline_pic/d0964b540f3/bb943c4dabc3bdb75ce4d/%{version}_1518419756_image.jpg","versions":["big","med","small","ios_large"]},"dimensions":{"big":[960,960],"med":[480,480]},"site_w_h":[400,400],"page_w_h":[400,400],"site_w_h_small":[310,310],"size":[960,960],"age_restricted":false,"age_restricted_by_admin":false,"not_safe_for_work":false,"allow_reuse":false,"dont_crop":false,"banned":false,"global_safe":false,"audio_file_url":null,"external_download":false,"application":null,"channel":{"id":3434630,"permalink":"taipan1974","title":"TAIPAN1974","description":"НАЙДИТЕ Coub КОТОРЫЙ ВАМ ПОНРАВИТСЯ  ИЩИТЕ И ВЫ НАЙДЕТЕ","followers_count":472,"following_count":999,"avatar_versions":{"template":"https://coub-anubis-a.akamaized.net/coub_storage/channel/cw_avatar/4a4a94706e3/0027ac76842975b3b4d39/%{version}_1608149425_1scdyhc_1590111083_hi-tech-technology-robot.jpg","versions":["medium","medium_2x","profile_pic","profile_pic_new","profile_pic_new_2x","tiny","tiny_2x","small","small_2x","ios_large","ios_small"]}},"file":null,"picture":"https://coub-anubis-a.akamaized.net/coub_storage/coub/simple/cw_image/7439b32c798/41e3aed41f456c4b1a1f5/1518419757_00031.jpg","timeline_picture":"https://coub-anubis-a.akamaized.net/coub_storage/coub/simple/cw_timeline_pic/d0964b540f3/bb943c4dabc3bdb75ce4d/ios_large_1518419756_image.jpg","small_picture":"https://coub-anubis-a.akamaized.net/coub_storage/coub/simple/cw_image/7439b32c798/41e3aed41f456c4b1a1f5/1518419757_00031.jpg","sharing_picture":null,"percent_done":100,"tags":[],"categories":[{"id":8,"title":"Music","permalink":"music","subscriptions_count":10082461,"big_image_url":"https://coub-anubis-a.akamaized.net/coub_storage/category/cw_image/0327247c5ff/85914bdd8e1edc998c480/big_1544760089_Music3.png","small_image_url":"https://coub-anubis-a.akamaized.net/coub_storage/category/cw_image/0327247c5ff/85914bdd8e1edc998c480/small_1544760089_Music3.png","med_image_url":"https://coub-anubis-a.akamaized.net/coub_storage/category/cw_image/0327247c5ff/85914bdd8e1edc998c480/med_1544760089_Music3.png","visible":true}],"communities":[{"id":8,"title":"Music","permalink":"music","subscriptions_count":10082461,"big_image_url":"https://coub-anubis-a.akamaized.net/coub_storage/category/cw_image/0327247c5ff/85914bdd8e1edc998c480/big_1544760089_Music3.png","small_image_url":"https://coub-anubis-a.akamaized.net/coub_storage/category/cw_image/0327247c5ff/85914bdd8e1edc998c480/small_1544760089_Music3.png","med_image_url":"https://coub-anubis-a.akamaized.net/coub_storage/category/cw_image/0327247c5ff/85914bdd8e1edc998c480/med_1544760089_Music3.png","i_subscribed":true,"community_notifications_enabled":null,"description":null}],"recoubs_count":355,"remixes_count":1,"likes_count":1968,"dislikes_count":0,"raw_video_id":11113432,"uploaded_by_ios_app":false,"uploaded_by_android_app":false,"media_blocks":{"uploaded_raw_videos":[],"external_raw_videos":[],"remixed_from_coubs":[]},"raw_video_thumbnail_url":"/missing/missing.png","raw_video_title":"IOR0bC2UjlLWhCSPF8bDbGmfLKkVjBGQ936b0w___0_1512969371.mp4_.mp4","video_block_banned":false,"duration":9.76,"promo_winner":false,"promo_winner_recoubers":null,"editorial_info":{},"promo_hint":null,"beeline_best_2014":null,"from_web_editor":true,"normalize_sound":true,"normalize_change_allowed":true,"best2015_addable":false,"ahmad_promo":null,"promo_data":null,"audio_copyright_claim":null,"ads_disabled":false,"is_safe_for_ads":true,"megafon_contents":[],"position_on_page":8},{"flag":null,"abuses":null,"recoubs_by_users_channels":null,"favourite":false,"promoted_id":null,"recoub":null,"like":null,"dislike":null,"reaction":null,"in_my_best2015":false,"id":154414938,"type":"Coub::Simple","permalink":"2jl63h","title":"Были же раньше песни...","visibility_type":"public","original_visibility_type":"public","channel_id":2887304,"created_at":"2020-09-23T15:01:44Z","updated_at":"2022-03-11T19:02:27Z","is_done":true,"views_count":136860,"cotd":null,"cotd_at":null,"visible_on_explore_root":false,"visible_on_explore":false,"featured":false,"published":true,"published_at":"2020-09-23T15:01:44Z","reversed":false,"from_editor_v2":true,"is_editable":true,"original_sound":true,"has_sound":true,"recoub_to":null,"file_versions":{"html5":{"video":{"higher":{"url":"https://coub-anubis-a.akamaized.net/coub_storage/coub/simple/cw_file/8b2434eb386/136e43f52263b8f8e325b/muted_mp4_huge_size_1600873426_muted_huge.mp4","size":1866543},"high":{"url":"https://coub-anubis-a.akamaized.net/coub_storage/coub/simple/cw_file/8b2434eb386/136e43f52263b8f8e325b/muted_mp4_big_size_1600873426_muted_big.mp4","size":1286548},"med":{"url":"https://coub-anubis-a.akamaized.net/coub_storage/coub/simple/cw_file/8b2434eb386/136e43f52263b8f8e325b/muted_mp4_med_size_1600873426_muted_med.mp4","size":350812}},"audio":{"high":{"url":"https://coub-anubis-a.akamaized.net/coub_storage/coub/simple/cw_looped_audio_high/be65357f5fa/3e797e6bd13dafa01c78a/1600873428_mp3-high.mp3","size":823811},"med":{"url":"https://coub-anubis-a.akamaized.net/coub_storage/coub/simple/cw_looped_audio_med/836cc4f2a6f/cf3c7f4a806bbb69343ad/1600873427_mp3-med.mp3","size":799076},"sample_duration":10.008}},"mobile":{"video":"https://coub-anubis-a.akamaized.net/coub_storage/coub/simple/cw_file/8b2434eb386/136e43f52263b8f8e325b/muted_mp4_med_size_1600873426_muted_med.mp4","audio":["https://coub-anubis-a.akamaized.net/coub_storage/coub/simple/cw_looped_audio_med/836cc4f2a6f/cf3c7f4a806bbb69343ad/1600873427_mp3-med.mp3"]},"share":{"default":"https://coub-anubis-a.akamaized.net/coub_storage/coub/simple/cw_video_for_sharing/ca791bc7958/df639ae0133e0cf60806f/1608154793_looped_1608154792.mp4"}},"audio_versions":{},"image_versions":{"template":"https://coub-anubis-a.akamaized.net/coub_storage/coub/simple/cw_image/a20acc2bc15/f7c7a8add505adc38f713/1600873435_00032.jpg","versions":["micro","tiny","age_restricted","ios_large","ios_mosaic","big","med","small","pinterest"]},"first_frame_versions":{"template":"https://coub-anubis-a.akamaized.net/coub_storage/coub/simple/cw_timeline_pic/78d4bbd3b8f/e80c8a2da2d9071a1246d/%{version}_1600873433_image.jpg","versions":["big","med","small","ios_large"]},"dimensions":{"big":[1280,720],"med":[640,360]},"site_w_h":[640,360],"page_w_h":[640,360],"site_w_h_small":[310,174],"size":[1280,720],"age_restricted":false,"age_restricted_by_admin":false,"not_safe_for_work":false,"allow_reuse":false,"dont_crop":false,"banned":false,"global_safe":null,"audio_file_url":null,"external_download":{"type":"Youtube","service_name":"YouTube","url":"https://www.youtube.com/watch?v=OX8XCDgXRZY","has_embed":true},"application":null,"channel":{"id":2887304,"permalink":"tatarinrus","title":"TatarinRuS","description":"Прежде чем подписываться, ребята, помните, что этот канал ещё та мешанина из разных коубов от аниме до фильмов. \r\nСпасибо за внимание!","followers_count":285,"following_count":14,"avatar_versions":{"template":"https://coub-anubis-a.akamaized.net/coub_storage/channel/cw_avatar/1dd0dd526ac/19c0b6aaae556a548a7c0/%{version}_1607428013_oglxs1_1529868110_1455262584153673665.jpg","versions":["medium","medium_2x","profile_pic","profile_pic_new","profile_pic_new_2x","tiny","tiny_2x","small","small_2x","ios_large","ios_small"]}},"file":null,"picture":"https://coub-anubis-a.akamaized.net/coub_storage/coub/simple/cw_image/a20acc2bc15/f7c7a8add505adc38f713/1600873435_00032.jpg","timeline_picture":"https://coub-anubis-a.akamaized.net/coub_storage/coub/simple/cw_timeline_pic/78d4bbd3b8f/e80c8a2da2d9071a1246d/ios_large_1600873433_image.jpg","small_picture":"https://coub-anubis-a.akamaized.net/coub_storage/coub/simple/cw_image/a20acc2bc15/f7c7a8add505adc38f713/1600873435_00032.jpg","sharing_picture":null,"percent_done":100,"tags":[{"id":2678641,"title":"радио тапок","value":"%D1%80%D0%B0%D0%B4%D0%B8%D0%BE%20%D1%82%D0%B0%D0%BF%D0%BE%D0%BA"},{"id":2678642,"title":"radio tapok","value":"radio%20tapok"},{"id":4025334,"title":"олег абрамов","value":"%D0%BE%D0%BB%D0%B5%D0%B3%20%D0%B0%D0%B1%D1%80%D0%B0%D0%BC%D0%BE%D0%B2"},{"id":21399,"title":"радио","value":"%D1%80%D0%B0%D0%B4%D0%B8%D0%BE"},{"id":2426,"title":"соло","value":"%D1%81%D0%BE%D0%BB%D0%BE"},{"id":2067,"title":"песни","value":"%D0%BF%D0%B5%D1%81%D0%BD%D0%B8"},{"id":1160,"title":"музыка","value":"%D0%BC%D1%83%D0%B7%D1%8B%D0%BA%D0%B0"},{"id":622081,"title":"абрамов","value":"%D0%B0%D0%B1%D1%80%D0%B0%D0%BC%D0%BE%D0%B2"},{"id":10655,"title":"певец","value":"%D0%BF%D0%B5%D0%B2%D0%B5%D1%86"},{"id":2397,"title":"гитара","value":"%D0%B3%D0%B8%D1%82%D0%B0%D1%80%D0%B0"},{"id":179246,"title":"раньше","value":"%D1%80%D0%B0%D0%BD%D1%8C%D1%88%D0%B5"},{"id":2046599,"title":"раньше было лучше","value":"%D1%80%D0%B0%D0%BD%D1%8C%D1%88%D0%B5%20%D0%B1%D1%8B%D0%BB%D0%BE%20%D0%BB%D1%83%D1%87%D1%88%D0%B5"},{"id":61802,"title":"сейчас","value":"%D1%81%D0%B5%D0%B9%D1%87%D0%B0%D1%81"},{"id":4167,"title":"песня","value":"%D0%BF%D0%B5%D1%81%D0%BD%D1%8F"},{"id":44085,"title":"олег","value":"%D0%BE%D0%BB%D0%B5%D0%B3"},{"id":1730,"title":"фейл","value":"%D1%84%D0%B5%D0%B9%D0%BB"},{"id":418333,"title":"возмущение","value":"%D0%B2%D0%BE%D0%B7%D0%BC%D1%83%D1%89%D0%B5%D0%BD%D0%B8%D0%B5"},{"id":3090665,"title":"забано","value":"%D0%B7%D0%B0%D0%B1%D0%B0%D0%BD%D0%BE"},{"id":1212,"title":"смешно","value":"%D1%81%D0%BC%D0%B5%D1%88%D0%BD%D0%BE"},{"id":43355,"title":"ария","value":"%D0%B0%D1%80%D0%B8%D1%8F"},{"id":561534,"title":"потерянный рай","value":"%D0%BF%D0%BE%D1%82%D0%B5%D1%80%D1%8F%D0%BD%D0%BD%D1%8B%D0%B9%20%D1%80%D0%B0%D0%B9"},{"id":15536,"title":"хит","value":"%D1%85%D0%B8%D1%82"}],"categories":[{"id":8,"title":"Music","permalink":"music","subscriptions_count":10082461,"big_image_url":"https://coub-anubis-a.akamaized.net/coub_storage/category/cw_image/0327247c5ff/85914bdd8e1edc998c480/big_1544760089_Music3.png","small_image_url":"https://coub-anubis-a.akamaized.net/coub_storage/category/cw_image/0327247c5ff/85914bdd8e1edc998c480/small_1544760089_Music3.png","med_image_url":"https://coub-anubis-a.akamaized.net/coub_storage/category/cw_image/0327247c5ff/85914bdd8e1edc998c480/med_1544760089_Music3.png","visible":true}],"communities":[{"id":8,"title":"Music","permalink":"music","subscriptions_count":10082461,"big_image_url":"https://coub-anubis-a.akamaized.net/coub_storage/category/cw_image/0327247c5ff/85914bdd8e1edc998c480/big_1544760089_Music3.png","small_image_url":"https://coub-anubis-a.akamaized.net/coub_storage/category/cw_image/0327247c5ff/85914bdd8e1edc998c480/small_1544760089_Music3.png","med_image_url":"https://coub-anubis-a.akamaized.net/coub_storage/category/cw_image/0327247c5ff/85914bdd8e1edc998c480/med_1544760089_Music3.png","i_subscribed":true,"community_notifications_enabled":null,"description":null}],"recoubs_count":323,"remixes_count":0,"likes_count":1967,"dislikes_count":0,"raw_video_id":15689349,"uploaded_by_ios_app":false,"uploaded_by_android_app":false,"media_blocks":{"uploaded_raw_videos":[],"external_raw_videos":[{"id":36989408,"title":"Реакция на MORGENSHTERN & Тимати - El Problema / Даня Милохин & Николай Басков / RADIO TAPOK","url":"https://www.youtube.com/watch?v=OX8XCDgXRZY","image":"https://coub-anubis-a.akamaized.net/coub_storage/media_block/cw_image/4d425b26278/2ca7e65ecee5390cb1623/1600604004_1omjnpi_1600603887_12w0hcc_att-url-download.jpg","image_retina":"https://coub-anubis-a.akamaized.net/coub_storage/media_block/cw_image/4d425b26278/2ca7e65ecee5390cb1623/1600604004_1omjnpi_1600603887_12w0hcc_att-url-download.jpg","meta":{"service":"Youtube","duration":"593.8"},"duration":593.8,"raw_video_id":15689349,"has_embed":true}],"remixed_from_coubs":[],"external_video":{"id":36989408,"title":"Реакция на MORGENSHTERN & Тимати - El Problema / Даня Милохин & Николай Басков / RADIO TAPOK","url":"https://www.youtube.com/watch?v=OX8XCDgXRZY","image":"https://coub-anubis-a.akamaized.net/coub_storage/media_block/cw_image/4d425b26278/2ca7e65ecee5390cb1623/1600604004_1omjnpi_1600603887_12w0hcc_att-url-download.jpg","image_retina":"https://coub-anubis-a.akamaized.net/coub_storage/media_block/cw_image/4d425b26278/2ca7e65ecee5390cb1623/1600604004_1omjnpi_1600603887_12w0hcc_att-url-download.jpg","meta":{"service":"Youtube","duration":"593.8"},"duration":593.8,"raw_video_id":15689349,"has_embed":true}},"raw_video_thumbnail_url":"/missing/missing.png","raw_video_title":"Реакция на MORGENSHTERN & Тимати - El Problema / Даня Милохин & Николай Басков / RADIO TAPOK","video_block_banned":false,"duration":10.0,"promo_winner":false,"promo_winner_recoubers":null,"editorial_info":{},"promo_hint":null,"beeline_best_2014":null,"from_web_editor":true,"normalize_sound":true,"normalize_change_allowed":true,"best2015_addable":false,"ahmad_promo":null,"promo_data":null,"audio_copyright_claim":null,"ads_disabled":false,"is_safe_for_ads":true,"megafon_contents":[],"position_on_page":9},{"flag":null,"abuses":null,"recoubs_by_users_channels":null,"favourite":false,"promoted_id":null,"recoub":null,"like":null,"dislike":null,"reaction":null,"in_my_best2015":false,"id":71399508,"type":"Coub::Simple","permalink":"162wqt","title":"My Oh... My","visibility_type":"public","original_visibility_type":"public","channel_id":348421,"created_at":"2018-04-07T20:41:36Z","updated_at":"2022-03-15T21:56:07Z","is_done":true,"views_count":174580,"cotd":null,"cotd_at":null,"visible_on_explore_root":true,"visible_on_explore":true,"featured":true,"published":true,"published_at":"2018-05-25T06:39:07Z","reversed":false,"from_editor_v2":true,"is_editable":true,"original_sound":true,"has_sound":true,"recoub_to":null,"file_versions":{"html5":{"video":{"higher":{"url":"https://coub-anubis-a.akamaized.net/coub_storage/coub/simple/cw_file/9228dc97f84/ec28f8bc5069553b4cabc/muted_mp4_huge_size_1568217596_muted_huge.mp4","size":3322724},"high":{"url":"https://coub-anubis-a.akamaized.net/coub_storage/coub/simple/cw_file/9228dc97f84/ec28f8bc5069553b4cabc/muted_mp4_big_size_1568217596_muted_big.mp4","size":2516608},"med":{"url":"https://coub-anubis-a.akamaized.net/coub_storage/coub/simple/cw_file/9228dc97f84/ec28f8bc5069553b4cabc/muted_mp4_med_size_1568217596_muted_med.mp4","size":882639}},"audio":{"high":{"url":"https://coub-anubis-a.akamaized.net/coub_storage/coub/simple/cw_looped_audio_high/400118486c9/86fa3ec664ff8255b5316/1605645120_high_1524867590_high.mp3","size":954461},"med":{"url":"https://coub-anubis-a.akamaized.net/coub_storage/coub/simple/cw_looped_audio_med/d3443a46ffc/a54c4b15f0735e6c05dd9/1605645120_med_1524867590_med.mp3","size":921674},"sample_duration":7.221}},"mobile":{"video":"https://coub-anubis-a.akamaized.net/coub_storage/coub/simple/cw_file/9228dc97f84/ec28f8bc5069553b4cabc/muted_mp4_med_size_1568217596_muted_med.mp4","audio":["https://coub-anubis-a.akamaized.net/coub_storage/coub/simple/cw_looped_audio_med/d3443a46ffc/a54c4b15f0735e6c05dd9/1605645120_med_1524867590_med.mp3"]},"share":{"default":"https://coub-anubis-a.akamaized.net/coub_storage/coub/simple/cw_video_for_sharing/b48a06f64d0/a4f288f2edf9a5abcc182/1609020235_looped_1609020235.mp4"}},"audio_versions":{},"image_versions":{"template":"https://coub-anubis-a.akamaized.net/coub_storage/coub/simple/cw_image/280ecbc6610/0bed58483267bab8e4f85/1524867597_00023.jpg","versions":["micro","tiny","age_restricted","ios_large","ios_mosaic","big","med","small","pinterest"]},"first_frame_versions":{"template":"https://coub-anubis-a.akamaized.net/coub_storage/coub/simple/cw_timeline_pic/8ba8bbd9c1d/c4c20db470e51f4ecbdea/%{version}_1524867596_image.jpg","versions":["big","med","small","ios_large"]},"dimensions":{"big":[1280,556],"med":[640,278]},"site_w_h":[640,278],"page_w_h":[640,278],"site_w_h_small":[310,135],"size":[1280,556],"age_restricted":false,"age_restricted_by_admin":false,"not_safe_for_work":false,"allow_reuse":false,"dont_crop":false,"banned":false,"global_safe":true,"audio_file_url":null,"external_download":{"type":"Vimeo","service_name":"Vimeo","url":"http://vimeo.com/46937238","has_embed":true},"application":null,"channel":{"id":348421,"permalink":"retrochannel","title":"Pavel Gl.","description":"Music Loops Radio","followers_count":21031,"following_count":225,"avatar_versions":{"template":"https://coub-anubis-a.akamaized.net/coub_storage/channel/cw_avatar/84cb7a68ef6/8a92ff35dc10b64c16497/%{version}_1515203760_henry_swanson_2.png","versions":["medium","medium_2x","profile_pic","profile_pic_new","profile_pic_new_2x","tiny","tiny_2x","small","small_2x","ios_large","ios_small"]}},"file":null,"picture":"https://coub-anubis-a.akamaized.net/coub_storage/coub/simple/cw_image/280ecbc6610/0bed58483267bab8e4f85/1524867597_00023.jpg","timeline_picture":"https://coub-anubis-a.akamaized.net/coub_storage/coub/simple/cw_timeline_pic/8ba8bbd9c1d/c4c20db470e51f4ecbdea/ios_large_1524867596_image.jpg","small_picture":"https://coub-anubis-a.akamaized.net/coub_storage/coub/simple/cw_image/280ecbc6610/0bed58483267bab8e4f85/1524867597_00023.jpg","sharing_picture":null,"percent_done":100,"tags":[{"id":73847,"title":"aqua","value":"aqua"},{"id":546737,"title":"my oh my","value":"my%20oh%20my"},{"id":1982,"title":"song","value":"song"},{"id":735,"title":"music video","value":"music%20video"},{"id":10610,"title":"pirates","value":"pirates"},{"id":183,"title":"girl","value":"girl"},{"id":118382,"title":"music loop","value":"music%20loop"},{"id":1157,"title":"клип","value":"%D0%BA%D0%BB%D0%B8%D0%BF"},{"id":498999,"title":"аква","value":"%D0%B0%D0%BA%D0%B2%D0%B0"},{"id":367,"title":"hot","value":"hot"}],"categories":[{"id":8,"title":"Music","permalink":"music","subscriptions_count":10082461,"big_image_url":"https://coub-anubis-a.akamaized.net/coub_storage/category/cw_image/0327247c5ff/85914bdd8e1edc998c480/big_1544760089_Music3.png","small_image_url":"https://coub-anubis-a.akamaized.net/coub_storage/category/cw_image/0327247c5ff/85914bdd8e1edc998c480/small_1544760089_Music3.png","med_image_url":"https://coub-anubis-a.akamaized.net/coub_storage/category/cw_image/0327247c5ff/85914bdd8e1edc998c480/med_1544760089_Music3.png","visible":true}],"communities":[{"id":8,"title":"Music","permalink":"music","subscriptions_count":10082461,"big_image_url":"https://coub-anubis-a.akamaized.net/coub_storage/category/cw_image/0327247c5ff/85914bdd8e1edc998c480/big_1544760089_Music3.png","small_image_url":"https://coub-anubis-a.akamaized.net/coub_storage/category/cw_image/0327247c5ff/85914bdd8e1edc998c480/small_1544760089_Music3.png","med_image_url":"https://coub-anubis-a.akamaized.net/coub_storage/category/cw_image/0327247c5ff/85914bdd8e1edc998c480/med_1544760089_Music3.png","i_subscribed":true,"community_notifications_enabled":null,"description":null}],"recoubs_count":266,"remixes_count":2,"likes_count":1967,"dislikes_count":0,"raw_video_id":11479573,"uploaded_by_ios_app":false,"uploaded_by_android_app":false,"media_blocks":{"uploaded_raw_videos":[],"external_raw_videos":[{"id":25769344,"title":"AQUA • My Oh My","url":"http://vimeo.com/46937238","image":"https://coub-anubis-a.akamaized.net/coub_storage/media_block/cw_image/a06bd4dd4d7/313f4338d84d21216e00c/1523133245_1523133169_1231u8n_att-url-download.jpg","image_retina":"https://coub-anubis-a.akamaized.net/coub_storage/media_block/cw_image/a06bd4dd4d7/313f4338d84d21216e00c/1523133245_1523133169_1231u8n_att-url-download.jpg","meta":{"service":"Vimeo","duration":"205.28"},"duration":205.28,"raw_video_id":11479573,"has_embed":true}],"remixed_from_coubs":[],"external_video":{"id":25769344,"title":"AQUA • My Oh My","url":"http://vimeo.com/46937238","image":"https://coub-anubis-a.akamaized.net/coub_storage/media_block/cw_image/a06bd4dd4d7/313f4338d84d21216e00c/1523133245_1523133169_1231u8n_att-url-download.jpg","image_retina":"https://coub-anubis-a.akamaized.net/coub_storage/media_block/cw_image/a06bd4dd4d7/313f4338d84d21216e00c/1523133245_1523133169_1231u8n_att-url-download.jpg","meta":{"service":"Vimeo","duration":"205.28"},"duration":205.28,"raw_video_id":11479573,"has_embed":true}},"raw_video_thumbnail_url":"/missing/missing.png","raw_video_title":"AQUA • My Oh My","video_block_banned":false,"duration":7.2,"promo_winner":false,"promo_winner_recoubers":null,"editorial_info":{},"promo_hint":null,"beeline_best_2014":null,"from_web_editor":true,"normalize_sound":true,"normalize_change_allowed":true,"best2015_addable":false,"ahmad_promo":null,"promo_data":null,"audio_copyright_claim":null,"ads_disabled":false,"is_safe_for_ads":true,"megafon_contents":[],"position_on_page":10}]}