{"page":390,"per_page":10,"total_pages":500,"coubs":[{"flag":null,"abuses":null,"recoubs_by_users_channels":null,"favourite":false,"promoted_id":null,"recoub":null,"like":null,"dislike":null,"reaction":null,"in_my_best2015":false,"id":172554407,"type":"Coub::Simple","permalink":"2udypw","title":"nice music","visibility_type":"public","original_visibility_type":"public","channel_id":11393879,"created_at":"2021-07-21T22:24:52Z","updated_at":"2022-03-16T00:50:28Z","is_done":true,"views_count":109107,"cotd":null,"cotd_at":null,"visible_on_explore_root":false,"visible_on_explore":false,"featured":false,"published":true,"published_at":"2021-07-21T22:24:52Z","reversed":false,"from_editor_v2":true,"is_editable":true,"original_sound":false,"has_sound":false,"recoub_to":null,"file_versions":{"html5":{"video":{"higher":{"url":"https://coub-anubis-a.akamaized.net/coub_storage/coub/simple/cw_file/833bafd3c01/59fd606d5955182818650/muted_mp4_huge_size_1626906305_muted_huge.mp4","size":1968473},"high":{"url":"https://coub-anubis-a.akamaized.net/coub_storage/coub/simple/cw_file/833bafd3c01/59fd606d5955182818650/muted_mp4_big_size_1626906305_muted_big.mp4","size":1322968},"med":{"url":"https://coub-anubis-a.akamaized.net/coub_storage/coub/simple/cw_file/833bafd3c01/59fd606d5955182818650/muted_mp4_med_size_1626906305_muted_med.mp4","size":379627}},"audio":{"high":{"url":"https://coub-anubis-a.akamaized.net/coub_storage/coub/simple/cw_looped_audio_high/edb5aff9088/9a496f3deaf545427de46/1626906308_mp3-high.mp3","size":748516},"med":{"url":"https://coub-anubis-a.akamaized.net/coub_storage/coub/simple/cw_looped_audio_med/e867d476d25/3d24e57d5320bc3026aec/1626906308_mp3-med.mp3","size":573684}}},"mobile":{"video":"https://coub-anubis-a.akamaized.net/coub_storage/coub/simple/cw_file/833bafd3c01/59fd606d5955182818650/muted_mp4_med_size_1626906305_muted_med.mp4","audio":["https://coub-anubis-a.akamaized.net/coub_storage/coub/simple/cw_looped_audio_med/e867d476d25/3d24e57d5320bc3026aec/1626906308_mp3-med.mp3"]},"share":{"default":"https://coub-anubis-a.akamaized.net/coub_storage/coub/simple/cw_video_for_sharing/bb439312362/eec8770f0f6cde49f81cf/1626906340_looped_1626906339.mp4"}},"audio_versions":{"template":"https://coub-anubis-a.akamaized.net/coub_storage/audio_track/cw_file/aeea65ea46a/127a11c3e614ca5c31f68/mid_1626906276_audio.mp3","versions":["mid","low"]},"image_versions":{"template":"https://coub-anubis-a.akamaized.net/coub_storage/coub/simple/cw_image/21071b6d3ae/8dcc16269520b4d0fc3a9/%{version}_1626906314_00032.jpg","versions":["micro","tiny","age_restricted","ios_large","ios_mosaic","big","med","small","pinterest"]},"first_frame_versions":{"template":"https://coub-anubis-a.akamaized.net/coub_storage/coub/simple/cw_timeline_pic/eef72f37698/27965ca01859b4318f273/%{version}_1626906313_image.jpg","versions":["big","med","small","ios_large"]},"dimensions":{"big":[1280,720],"med":[640,360]},"site_w_h":[640,360],"page_w_h":[640,360],"site_w_h_small":[310,174],"size":[1280,720],"age_restricted":false,"age_restricted_by_admin":false,"not_safe_for_work":false,"allow_reuse":false,"dont_crop":true,"banned":false,"global_safe":null,"audio_file_url":"https://coub-anubis-a.akamaized.net/coub_storage/audio_track/cw_file/aeea65ea46a/127a11c3e614ca5c31f68/low_1626906276_audio.mp3","external_download":{"type":"Youtube","service_name":"YouTube","url":"https://m.youtube.com/watch?v=NrchkpvPBfE","has_embed":true},"application":null,"channel":{"id":11393879,"permalink":"dayd-322","title":"DayD_322","description":null,"followers_count":375,"following_count":13,"avatar_versions":{"template":"https://coub-anubis-a.akamaized.net/coub_storage/channel/cw_avatar/70af08afcaa/91524671e30a32b0f127e/%{version}_1619535095_cropped.jpeg","versions":["medium","medium_2x","profile_pic","profile_pic_new","profile_pic_new_2x","tiny","tiny_2x","small","small_2x","ios_large","ios_small"]}},"file":null,"picture":"https://coub-anubis-a.akamaized.net/coub_storage/coub/simple/cw_image/21071b6d3ae/8dcc16269520b4d0fc3a9/med_1626906314_00032.jpg","timeline_picture":"https://coub-anubis-a.akamaized.net/coub_storage/coub/simple/cw_timeline_pic/eef72f37698/27965ca01859b4318f273/ios_large_1626906313_image.jpg","small_picture":"https://coub-anubis-a.akamaized.net/coub_storage/coub/simple/cw_image/21071b6d3ae/8dcc16269520b4d0fc3a9/ios_mosaic_1626906314_00032.jpg","sharing_picture":null,"percent_done":100,"tags":[],"categories":[{"id":8,"title":"Music","permalink":"music","subscriptions_count":10082461,"big_image_url":"https://coub-anubis-a.akamaized.net/coub_storage/category/cw_image/0327247c5ff/85914bdd8e1edc998c480/big_1544760089_Music3.png","small_image_url":"https://coub-anubis-a.akamaized.net/coub_storage/category/cw_image/0327247c5ff/85914bdd8e1edc998c480/small_1544760089_Music3.png","med_image_url":"https://coub-anubis-a.akamaized.net/coub_storage/category/cw_image/0327247c5ff/85914bdd8e1edc998c480/med_1544760089_Music3.png","visible":true}],"communities":[{"id":8,"title":"Music","permalink":"music","subscriptions_count":10082461,"big_image_url":"https://coub-anubis-a.akamaized.net/coub_storage/category/cw_image/0327247c5ff/85914bdd8e1edc998c480/big_1544760089_Music3.png","small_image_url":"https://coub-anubis-a.akamaized.net/coub_storage/category/cw_image/0327247c5ff/85914bdd8e1edc998c480/small_1544760089_Music3.png","med_image_url":"https://coub-anubis-a.akamaized.net/coub_storage/category/cw_image/0327247c5ff/85914bdd8e1edc998c480/med_1544760089_Music3.png","i_subscribed":true,"community_notifications_enabled":null,"description":null}],"recoubs_count":210,"remixes_count":0,"likes_count":1187,"dislikes_count":0,"raw_video_id":16627102,"uploaded_by_ios_app":false,"uploaded_by_android_app":true,"media_blocks":{"uploaded_raw_videos":[],"external_raw_videos":[{"id":39324843,"title":"nice music","url":"https://www.youtube.com/watch?v=NrchkpvPBfE","image":"https://coub-anubis-a.akamaized.net/coub_storage/media_block/cw_image/0220f27fdad/23abc257afd61bce24947/video_1626906209_18dxjn9_1626906196_1626906195_15bkmhh_att-url-download.jpg_sqp_-oaymwEcCNACELwBSFXyq4qpAw4IARUAAIhCGAFwAcABBg___rs_AOn4CLCDtsGIy8muS0lcVafIoHpA6CzzDQ","image_retina":"https://coub-anubis-a.akamaized.net/coub_storage/media_block/cw_image/0220f27fdad/23abc257afd61bce24947/video_retina_1626906209_18dxjn9_1626906196_1626906195_15bkmhh_att-url-download.jpg_sqp_-oaymwEcCNACELwBSFXyq4qpAw4IARUAAIhCGAFwAcABBg___rs_AOn4CLCDtsGIy8muS0lcVafIoHpA6CzzDQ","meta":{"service":"Youtube","duration":"36.2"},"duration":36.2,"raw_video_id":16627102,"has_embed":true}],"remixed_from_coubs":[],"external_video":{"id":39324843,"title":"nice music","url":"https://www.youtube.com/watch?v=NrchkpvPBfE","image":"https://coub-anubis-a.akamaized.net/coub_storage/media_block/cw_image/0220f27fdad/23abc257afd61bce24947/video_1626906209_18dxjn9_1626906196_1626906195_15bkmhh_att-url-download.jpg_sqp_-oaymwEcCNACELwBSFXyq4qpAw4IARUAAIhCGAFwAcABBg___rs_AOn4CLCDtsGIy8muS0lcVafIoHpA6CzzDQ","image_retina":"https://coub-anubis-a.akamaized.net/coub_storage/media_block/cw_image/0220f27fdad/23abc257afd61bce24947/video_retina_1626906209_18dxjn9_1626906196_1626906195_15bkmhh_att-url-download.jpg_sqp_-oaymwEcCNACELwBSFXyq4qpAw4IARUAAIhCGAFwAcABBg___rs_AOn4CLCDtsGIy8muS0lcVafIoHpA6CzzDQ","meta":{"service":"Youtube","duration":"36.2"},"duration":36.2,"raw_video_id":16627102,"has_embed":true}},"raw_video_thumbnail_url":"https://coub-anubis-a.akamaized.net/coub_storage/raw_video/cw_image/8645f2e860b/a3b763aa2acaec9d7ad1a/coub_media_1626906196_1626906195_15bkmhh_att-url-download.jpg_sqp_-oaymwEcCNACELwBSFXyq4qpAw4IARUAAIhCGAFwAcABBg___rs_AOn4CLCDtsGIy8muS0lcVafIoHpA6CzzDQ","raw_video_title":"nice music","video_block_banned":false,"duration":10.04,"promo_winner":false,"promo_winner_recoubers":null,"editorial_info":{},"promo_hint":null,"beeline_best_2014":null,"from_web_editor":false,"normalize_sound":true,"normalize_change_allowed":true,"best2015_addable":false,"ahmad_promo":null,"promo_data":null,"audio_copyright_claim":null,"ads_disabled":false,"is_safe_for_ads":true,"megafon_contents":[],"position_on_page":1},{"flag":null,"abuses":null,"recoubs_by_users_channels":null,"favourite":false,"promoted_id":null,"recoub":null,"like":null,"dislike":null,"reaction":null,"in_my_best2015":false,"id":83028765,"type":"Coub::Simple","permalink":"1d0yk2","title":"when you only know 5 notes but you gotta set the club on fire","visibility_type":"public","original_visibility_type":"public","channel_id":2553008,"created_at":"2018-08-22T04:08:41Z","updated_at":"2022-02-17T21:09:30Z","is_done":true,"views_count":114104,"cotd":null,"cotd_at":null,"visible_on_explore_root":false,"visible_on_explore":false,"featured":false,"published":true,"published_at":"2018-08-22T04:08:40Z","reversed":false,"from_editor_v2":true,"is_editable":true,"original_sound":true,"has_sound":true,"recoub_to":null,"file_versions":{"html5":{"video":{"higher":{"url":"https://coub-anubis-a.akamaized.net/coub_storage/coub/simple/cw_file/4ca871f9d9a/277c14b82e619188a7758/muted_mp4_huge_size_1588541020_muted_huge.mp4","size":2835431},"high":{"url":"https://coub-anubis-a.akamaized.net/coub_storage/coub/simple/cw_file/4ca871f9d9a/277c14b82e619188a7758/muted_mp4_big_size_1588541020_muted_big.mp4","size":1805128},"med":{"url":"https://coub-anubis-a.akamaized.net/coub_storage/coub/simple/cw_file/4ca871f9d9a/277c14b82e619188a7758/muted_mp4_med_size_1588541020_muted_med.mp4","size":617435}},"audio":{"high":{"url":"https://coub-anubis-a.akamaized.net/coub_storage/coub/simple/cw_looped_audio_high/6370c3dfdfb/6a12ccd9a73d1c7aac1c3/1605611187_high_1534910932_high.mp3","size":1056637},"med":{"url":"https://coub-anubis-a.akamaized.net/coub_storage/coub/simple/cw_looped_audio_med/de9dc6295ae/fd7b3b7c1da18ae26860e/1605611186_med_1534910932_med.mp3","size":799076},"sample_duration":10.009}},"mobile":{"video":"https://coub-anubis-a.akamaized.net/coub_storage/coub/simple/cw_file/4ca871f9d9a/277c14b82e619188a7758/muted_mp4_med_size_1588541020_muted_med.mp4","audio":["https://coub-anubis-a.akamaized.net/coub_storage/coub/simple/cw_looped_audio_med/de9dc6295ae/fd7b3b7c1da18ae26860e/1605611186_med_1534910932_med.mp3"]},"share":{"default":"https://coub-anubis-a.akamaized.net/coub_storage/coub/simple/cw_video_for_sharing/a9e32195ce7/710a437ff79e795260f7a/1610301816_looped_1610301816.mp4"}},"audio_versions":{},"image_versions":{"template":"https://coub-anubis-a.akamaized.net/coub_storage/coub/simple/cw_image/b032ce6a64d/06790749f0472cb9b1306/1534910941_00032.jpg","versions":["micro","tiny","age_restricted","ios_large","ios_mosaic","big","med","small","pinterest"]},"first_frame_versions":{"template":"https://coub-anubis-a.akamaized.net/coub_storage/coub/simple/cw_timeline_pic/0d10124439e/35d3aedc98df8ef388aee/%{version}_1534910940_image.jpg","versions":["big","med","small","ios_large"]},"dimensions":{"big":[1280,720],"med":[640,360]},"site_w_h":[640,360],"page_w_h":[640,360],"site_w_h_small":[310,174],"size":[1280,720],"age_restricted":false,"age_restricted_by_admin":false,"not_safe_for_work":false,"allow_reuse":false,"dont_crop":false,"banned":false,"global_safe":true,"audio_file_url":null,"external_download":{"type":"Youtube","service_name":"YouTube","url":"http://www.youtube.com/watch?v=NbXhxn_5nuU&list=LLE8uCnVTZIdPc3ULAoAb1BA&index=5&t=0s","has_embed":true},"application":null,"channel":{"id":2553008,"permalink":"...andjusticeforall","title":"...AndJusticeForAll","description":null,"followers_count":231,"following_count":11,"avatar_versions":{"template":"https://coub-anubis-a.akamaized.net/coub_storage/channel/cw_avatar/008d805f87b/156710b02336cd85d8eb5/%{version}_1607585994_1ronrsq_1518322995_filename.jpeg","versions":["medium","medium_2x","profile_pic","profile_pic_new","profile_pic_new_2x","tiny","tiny_2x","small","small_2x","ios_large","ios_small"]}},"file":null,"picture":"https://coub-anubis-a.akamaized.net/coub_storage/coub/simple/cw_image/b032ce6a64d/06790749f0472cb9b1306/1534910941_00032.jpg","timeline_picture":"https://coub-anubis-a.akamaized.net/coub_storage/coub/simple/cw_timeline_pic/0d10124439e/35d3aedc98df8ef388aee/ios_large_1534910940_image.jpg","small_picture":"https://coub-anubis-a.akamaized.net/coub_storage/coub/simple/cw_image/b032ce6a64d/06790749f0472cb9b1306/1534910941_00032.jpg","sharing_picture":null,"percent_done":100,"tags":[{"id":3868563,"title":"yosuto","value":"yosuto"},{"id":2234,"title":"meme","value":"meme"},{"id":1322289,"title":"seth everman","value":"seth%20everman"},{"id":918850,"title":"davie504","value":"davie504"},{"id":3289642,"title":"kmac2021","value":"kmac2021"},{"id":1056481,"title":"when you","value":"when%20you"},{"id":1870960,"title":"gigi d","value":"gigi%20d"},{"id":249166,"title":"agostino","value":"agostino"},{"id":5385,"title":"l","value":"l"},{"id":1870961,"title":"amour toujours","value":"amour%20toujours"},{"id":17452,"title":"i","value":"i"},{"id":1937495,"title":"m the scatman","value":"m%20the%20scatman"},{"id":2772,"title":"bla bla bla","value":"bla%20bla%20bla"},{"id":127,"title":"electro","value":"electro"},{"id":242,"title":"techno","value":"techno"},{"id":78237,"title":"darude","value":"darude"},{"id":110731,"title":"sandstorm","value":"sandstorm"},{"id":318402,"title":"in the club","value":"in%20the%20club"},{"id":11195,"title":"germany","value":"germany"},{"id":6441,"title":"berlin","value":"berlin"}],"categories":[{"id":8,"title":"Music","permalink":"music","subscriptions_count":10082461,"big_image_url":"https://coub-anubis-a.akamaized.net/coub_storage/category/cw_image/0327247c5ff/85914bdd8e1edc998c480/big_1544760089_Music3.png","small_image_url":"https://coub-anubis-a.akamaized.net/coub_storage/category/cw_image/0327247c5ff/85914bdd8e1edc998c480/small_1544760089_Music3.png","med_image_url":"https://coub-anubis-a.akamaized.net/coub_storage/category/cw_image/0327247c5ff/85914bdd8e1edc998c480/med_1544760089_Music3.png","visible":true}],"communities":[{"id":8,"title":"Music","permalink":"music","subscriptions_count":10082461,"big_image_url":"https://coub-anubis-a.akamaized.net/coub_storage/category/cw_image/0327247c5ff/85914bdd8e1edc998c480/big_1544760089_Music3.png","small_image_url":"https://coub-anubis-a.akamaized.net/coub_storage/category/cw_image/0327247c5ff/85914bdd8e1edc998c480/small_1544760089_Music3.png","med_image_url":"https://coub-anubis-a.akamaized.net/coub_storage/category/cw_image/0327247c5ff/85914bdd8e1edc998c480/med_1544760089_Music3.png","i_subscribed":true,"community_notifications_enabled":null,"description":null}],"recoubs_count":242,"remixes_count":0,"likes_count":1187,"dislikes_count":0,"raw_video_id":12152809,"uploaded_by_ios_app":true,"uploaded_by_android_app":false,"media_blocks":{"uploaded_raw_videos":[],"external_raw_videos":[{"id":27596612,"title":"when you only know 5 notes but you gotta set the club on fire","url":"https://www.youtube.com/watch?v=NbXhxn_5nuU","image":"https://coub-anubis-a.akamaized.net/coub_storage/media_block/cw_image/ec6ae2584d0/cbaa9c11ca8bede3c6fff/1533504591_1533504581_17hr77t_att-url-download.jpg","image_retina":"https://coub-anubis-a.akamaized.net/coub_storage/media_block/cw_image/ec6ae2584d0/cbaa9c11ca8bede3c6fff/1533504591_1533504581_17hr77t_att-url-download.jpg","meta":{"service":"Youtube","duration":"40.16"},"duration":40.16,"raw_video_id":12152809,"has_embed":true}],"remixed_from_coubs":[],"external_video":{"id":27596612,"title":"when you only know 5 notes but you gotta set the club on fire","url":"https://www.youtube.com/watch?v=NbXhxn_5nuU","image":"https://coub-anubis-a.akamaized.net/coub_storage/media_block/cw_image/ec6ae2584d0/cbaa9c11ca8bede3c6fff/1533504591_1533504581_17hr77t_att-url-download.jpg","image_retina":"https://coub-anubis-a.akamaized.net/coub_storage/media_block/cw_image/ec6ae2584d0/cbaa9c11ca8bede3c6fff/1533504591_1533504581_17hr77t_att-url-download.jpg","meta":{"service":"Youtube","duration":"40.16"},"duration":40.16,"raw_video_id":12152809,"has_embed":true}},"raw_video_thumbnail_url":"/missing/missing.png","raw_video_title":"when you only know 5 notes but you gotta set the club on fire","video_block_banned":false,"duration":10.0,"promo_winner":false,"promo_winner_recoubers":null,"editorial_info":{},"promo_hint":null,"beeline_best_2014":null,"from_web_editor":false,"normalize_sound":true,"normalize_change_allowed":true,"best2015_addable":false,"ahmad_promo":null,"promo_data":null,"audio_copyright_claim":null,"ads_disabled":false,"is_safe_for_ads":true,"megafon_contents":[],"position_on_page":2},{"flag":null,"abuses":null,"recoubs_by_users_channels":null,"favourite":false,"promoted_id":null,"recoub":null,"like":null,"dislike":null,"reaction":null,"in_my_best2015":false,"id":80838142,"type":"Coub::Simple","permalink":"1bq08y","title":"Bad Wolves-Zombie","visibility_type":"public","original_visibility_type":"public","channel_id":4621770,"created_at":"2018-07-28T11:44:50Z","updated_at":"2022-03-06T13:37:40Z","is_done":true,"views_count":70829,"cotd":null,"cotd_at":null,"visible_on_explore_root":false,"visible_on_explore":false,"featured":false,"published":true,"published_at":"2018-07-28T11:44:50Z","reversed":false,"from_editor_v2":true,"is_editable":true,"original_sound":true,"has_sound":true,"recoub_to":null,"file_versions":{"html5":{"video":{"higher":{"url":"https://coub-anubis-a.akamaized.net/coub_storage/coub/simple/cw_file/e6e1bbf64ad/7d51ba2f05ae262fa7d0b/muted_mp4_huge_size_1568263301_muted_huge.mp4","size":2490520},"high":{"url":"https://coub-anubis-a.akamaized.net/coub_storage/coub/simple/cw_file/e6e1bbf64ad/7d51ba2f05ae262fa7d0b/muted_mp4_big_size_1568263301_muted_big.mp4","size":1872906},"med":{"url":"https://coub-anubis-a.akamaized.net/coub_storage/coub/simple/cw_file/e6e1bbf64ad/7d51ba2f05ae262fa7d0b/muted_mp4_med_size_1568263301_muted_med.mp4","size":636217}},"audio":{"high":{"url":"https://coub-anubis-a.akamaized.net/coub_storage/coub/simple/cw_looped_audio_high/f5d81b7073b/c080fd9664d8ea77a055c/1605617406_high_1532778319_high.mp3","size":1038601},"med":{"url":"https://coub-anubis-a.akamaized.net/coub_storage/coub/simple/cw_looped_audio_med/0dfa31d143a/2fc6e4b7cc00a8563ab7d/1605617405_med_1532778319_med.mp3","size":799076},"sample_duration":10.009}},"mobile":{"video":"https://coub-anubis-a.akamaized.net/coub_storage/coub/simple/cw_file/e6e1bbf64ad/7d51ba2f05ae262fa7d0b/muted_mp4_med_size_1568263301_muted_med.mp4","audio":["https://coub-anubis-a.akamaized.net/coub_storage/coub/simple/cw_looped_audio_med/0dfa31d143a/2fc6e4b7cc00a8563ab7d/1605617405_med_1532778319_med.mp3"]},"share":{"default":"https://coub-anubis-a.akamaized.net/coub_storage/coub/simple/cw_video_for_sharing/5f00093ef0e/0319bf5e87bb8908c5da5/1618315079_looped_1618315077.mp4"}},"audio_versions":{},"image_versions":{"template":"https://coub-anubis-a.akamaized.net/coub_storage/coub/simple/cw_image/7896f3cfa97/ad0573a6de5a4084d6048/1532778325_00032.jpg","versions":["micro","tiny","age_restricted","ios_large","ios_mosaic","big","med","small","pinterest"]},"first_frame_versions":{"template":"https://coub-anubis-a.akamaized.net/coub_storage/coub/simple/cw_timeline_pic/a17fa55a79f/bc474eedb1f84a774bcbc/1532778324_image.jpg","versions":["big","med","small","ios_large"]},"dimensions":{"big":[1280,714],"med":[640,356]},"site_w_h":[640,357],"page_w_h":[640,357],"site_w_h_small":[310,173],"size":[1280,714],"age_restricted":false,"age_restricted_by_admin":false,"not_safe_for_work":false,"allow_reuse":false,"dont_crop":false,"banned":false,"global_safe":true,"audio_file_url":null,"external_download":{"type":"Youtube","service_name":"YouTube","url":"http://youtu.be/LJyjhPlT7kM","has_embed":true},"application":null,"channel":{"id":4621770,"permalink":"skriten0","title":"Skriten","description":null,"followers_count":52,"following_count":11,"avatar_versions":{"template":"https://coub-anubis-a.akamaized.net/coub_storage/channel/cw_avatar/69a6f0e951e/442f67776366f95b48bb8/%{version}_1607730882_nkzo79_1532006556_1357483507_full_hd_wallpaper_by_cleybi-d5qjv23.png","versions":["medium","medium_2x","profile_pic","profile_pic_new","profile_pic_new_2x","tiny","tiny_2x","small","small_2x","ios_large","ios_small"]}},"file":null,"picture":"https://coub-anubis-a.akamaized.net/coub_storage/coub/simple/cw_image/7896f3cfa97/ad0573a6de5a4084d6048/1532778325_00032.jpg","timeline_picture":"https://coub-anubis-a.akamaized.net/coub_storage/coub/simple/cw_timeline_pic/a17fa55a79f/bc474eedb1f84a774bcbc/1532778324_image.jpg","small_picture":"https://coub-anubis-a.akamaized.net/coub_storage/coub/simple/cw_image/7896f3cfa97/ad0573a6de5a4084d6048/1532778325_00032.jpg","sharing_picture":null,"percent_done":100,"tags":[{"id":4162729,"title":"хиты июля","value":"%D1%85%D0%B8%D1%82%D1%8B%20%D0%B8%D1%8E%D0%BB%D1%8F"},{"id":217447,"title":"лучшие песни","value":"%D0%BB%D1%83%D1%87%D1%88%D0%B8%D0%B5%20%D0%BF%D0%B5%D1%81%D0%BD%D0%B8"},{"id":1160,"title":"музыка","value":"%D0%BC%D1%83%D0%B7%D1%8B%D0%BA%D0%B0"},{"id":2625619,"title":"топ песен","value":"%D1%82%D0%BE%D0%BF%20%D0%BF%D0%B5%D1%81%D0%B5%D0%BD"},{"id":3601400,"title":"песни 2018","value":"%D0%BF%D0%B5%D1%81%D0%BD%D0%B8%202018"},{"id":4162730,"title":"новые песни июль 2018","value":"%D0%BD%D0%BE%D0%B2%D1%8B%D0%B5%20%D0%BF%D0%B5%D1%81%D0%BD%D0%B8%20%D0%B8%D1%8E%D0%BB%D1%8C%202018"},{"id":4162731,"title":"музыка июль 2018","value":"%D0%BC%D1%83%D0%B7%D1%8B%D0%BA%D0%B0%20%D0%B8%D1%8E%D0%BB%D1%8C%202018"},{"id":4162732,"title":"самые лучшие песни июля","value":"%D1%81%D0%B0%D0%BC%D1%8B%D0%B5%20%D0%BB%D1%83%D1%87%D1%88%D0%B8%D0%B5%20%D0%BF%D0%B5%D1%81%D0%BD%D0%B8%20%D0%B8%D1%8E%D0%BB%D1%8F"},{"id":4162733,"title":"хиты июля 2018","value":"%D1%85%D0%B8%D1%82%D1%8B%20%D0%B8%D1%8E%D0%BB%D1%8F%202018"},{"id":4162734,"title":"песни июля 2018","value":"%D0%BF%D0%B5%D1%81%D0%BD%D0%B8%20%D0%B8%D1%8E%D0%BB%D1%8F%202018"},{"id":4140646,"title":"skriten","value":"skriten"},{"id":4128561,"title":"эти песни ищут все","value":"%D1%8D%D1%82%D0%B8%20%D0%BF%D0%B5%D1%81%D0%BD%D0%B8%20%D0%B8%D1%89%D1%83%D1%82%20%D0%B2%D1%81%D0%B5"},{"id":4162735,"title":"муз тренды","value":"%D0%BC%D1%83%D0%B7%20%D1%82%D1%80%D0%B5%D0%BD%D0%B4%D1%8B"},{"id":4162736,"title":"топ крутяк недели","value":"%D1%82%D0%BE%D0%BF%20%D0%BA%D1%80%D1%83%D1%82%D1%8F%D0%BA%20%D0%BD%D0%B5%D0%B4%D0%B5%D0%BB%D0%B8"},{"id":2067,"title":"песни","value":"%D0%BF%D0%B5%D1%81%D0%BD%D0%B8"},{"id":4162737,"title":"суперновинки июля","value":"%D1%81%D1%83%D0%BF%D0%B5%D1%80%D0%BD%D0%BE%D0%B2%D0%B8%D0%BD%D0%BA%D0%B8%20%D0%B8%D1%8E%D0%BB%D1%8F"},{"id":4162738,"title":"новинки музыки июля 2018","value":"%D0%BD%D0%BE%D0%B2%D0%B8%D0%BD%D0%BA%D0%B8%20%D0%BC%D1%83%D0%B7%D1%8B%D0%BA%D0%B8%20%D0%B8%D1%8E%D0%BB%D1%8F%202018"},{"id":4162739,"title":"лучшая музыка 2018","value":"%D0%BB%D1%83%D1%87%D1%88%D0%B0%D1%8F%20%D0%BC%D1%83%D0%B7%D1%8B%D0%BA%D0%B0%202018"},{"id":4162740,"title":"клипы июля 2018","value":"%D0%BA%D0%BB%D0%B8%D0%BF%D1%8B%20%D0%B8%D1%8E%D0%BB%D1%8F%202018"},{"id":4162741,"title":"музыка июля 2018","value":"%D0%BC%D1%83%D0%B7%D1%8B%D0%BA%D0%B0%20%D0%B8%D1%8E%D0%BB%D1%8F%202018"}],"categories":[{"id":8,"title":"Music","permalink":"music","subscriptions_count":10082461,"big_image_url":"https://coub-anubis-a.akamaized.net/coub_storage/category/cw_image/0327247c5ff/85914bdd8e1edc998c480/big_1544760089_Music3.png","small_image_url":"https://coub-anubis-a.akamaized.net/coub_storage/category/cw_image/0327247c5ff/85914bdd8e1edc998c480/small_1544760089_Music3.png","med_image_url":"https://coub-anubis-a.akamaized.net/coub_storage/category/cw_image/0327247c5ff/85914bdd8e1edc998c480/med_1544760089_Music3.png","visible":true}],"communities":[{"id":8,"title":"Music","permalink":"music","subscriptions_count":10082461,"big_image_url":"https://coub-anubis-a.akamaized.net/coub_storage/category/cw_image/0327247c5ff/85914bdd8e1edc998c480/big_1544760089_Music3.png","small_image_url":"https://coub-anubis-a.akamaized.net/coub_storage/category/cw_image/0327247c5ff/85914bdd8e1edc998c480/small_1544760089_Music3.png","med_image_url":"https://coub-anubis-a.akamaized.net/coub_storage/category/cw_image/0327247c5ff/85914bdd8e1edc998c480/med_1544760089_Music3.png","i_subscribed":true,"community_notifications_enabled":null,"description":null}],"recoubs_count":263,"remixes_count":0,"likes_count":1187,"dislikes_count":0,"raw_video_id":12110359,"uploaded_by_ios_app":false,"uploaded_by_android_app":false,"media_blocks":{"uploaded_raw_videos":[],"external_raw_videos":[{"id":27482242,"title":"Хиты недели #2 | Музыкальный топ недели 2018 (июль)","url":"https://www.youtube.com/watch?v=LJyjhPlT7kM","image":"https://coub-anubis-a.akamaized.net/coub_storage/media_block/cw_image/eb4ed86aa19/4132791348725678b75a6/1532777757_1532777638_1nlwy32_att-url-download.jpg","image_retina":"https://coub-anubis-a.akamaized.net/coub_storage/media_block/cw_image/eb4ed86aa19/4132791348725678b75a6/1532777757_1532777638_1nlwy32_att-url-download.jpg","meta":{"service":"Youtube","duration":"233.24"},"duration":233.24,"raw_video_id":12110359,"has_embed":true}],"remixed_from_coubs":[],"external_video":{"id":27482242,"title":"Хиты недели #2 | Музыкальный топ недели 2018 (июль)","url":"https://www.youtube.com/watch?v=LJyjhPlT7kM","image":"https://coub-anubis-a.akamaized.net/coub_storage/media_block/cw_image/eb4ed86aa19/4132791348725678b75a6/1532777757_1532777638_1nlwy32_att-url-download.jpg","image_retina":"https://coub-anubis-a.akamaized.net/coub_storage/media_block/cw_image/eb4ed86aa19/4132791348725678b75a6/1532777757_1532777638_1nlwy32_att-url-download.jpg","meta":{"service":"Youtube","duration":"233.24"},"duration":233.24,"raw_video_id":12110359,"has_embed":true}},"raw_video_thumbnail_url":"/missing/missing.png","raw_video_title":"Хиты недели #2 | Музыкальный топ недели 2018 (июль)","video_block_banned":false,"duration":10.0,"promo_winner":false,"promo_winner_recoubers":null,"editorial_info":{},"promo_hint":null,"beeline_best_2014":null,"from_web_editor":true,"normalize_sound":true,"normalize_change_allowed":true,"best2015_addable":false,"ahmad_promo":null,"promo_data":null,"audio_copyright_claim":null,"ads_disabled":false,"is_safe_for_ads":true,"megafon_contents":[],"position_on_page":3},{"flag":null,"abuses":null,"recoubs_by_users_channels":null,"favourite":false,"promoted_id":null,"recoub":null,"like":null,"dislike":null,"reaction":null,"in_my_best2015":false,"id":78529000,"type":"Coub::Simple","permalink":"1acihl","title":" You Left your Mark","visibility_type":"public","original_visibility_type":"public","channel_id":3485048,"created_at":"2018-06-30T00:18:33Z","updated_at":"2022-03-07T22:03:35Z","is_done":true,"views_count":128184,"cotd":null,"cotd_at":null,"visible_on_explore_root":true,"visible_on_explore":true,"featured":true,"published":true,"published_at":"2018-06-30T09:45:00Z","reversed":false,"from_editor_v2":true,"is_editable":true,"original_sound":true,"has_sound":true,"recoub_to":null,"file_versions":{"html5":{"video":{"higher":{"url":"https://coub-anubis-a.akamaized.net/coub_storage/coub/simple/cw_file/6592e9ef312/71c051e8ec9d3cd2407d1/muted_mp4_huge_size_1579969073_muted_huge.mp4","size":2065446},"high":{"url":"https://coub-anubis-a.akamaized.net/coub_storage/coub/simple/cw_file/6592e9ef312/71c051e8ec9d3cd2407d1/muted_mp4_big_size_1579969073_muted_big.mp4","size":1500144},"med":{"url":"https://coub-anubis-a.akamaized.net/coub_storage/coub/simple/cw_file/6592e9ef312/71c051e8ec9d3cd2407d1/muted_mp4_med_size_1579969073_muted_med.mp4","size":482946}},"audio":{"high":{"url":"https://coub-anubis-a.akamaized.net/coub_storage/coub/simple/cw_looped_audio_high/47a41da6274/240a290f38393e11bde2a/1605620759_high_1579969074_high.mp3","size":1315350},"med":{"url":"https://coub-anubis-a.akamaized.net/coub_storage/coub/simple/cw_looped_audio_med/b8ae78b22ba/36e80ded85559622fdd6c/1605620759_med_1579969074_med.mp3","size":931995},"sample_duration":9.729}},"mobile":{"video":"https://coub-anubis-a.akamaized.net/coub_storage/coub/simple/cw_file/6592e9ef312/71c051e8ec9d3cd2407d1/muted_mp4_med_size_1579969073_muted_med.mp4","audio":["https://coub-anubis-a.akamaized.net/coub_storage/coub/simple/cw_looped_audio_med/b8ae78b22ba/36e80ded85559622fdd6c/1605620759_med_1579969074_med.mp3"]},"share":{"default":"https://coub-anubis-a.akamaized.net/coub_storage/coub/simple/cw_video_for_sharing/23d6679e625/0f71656ed5d51ac344178/1616759121_looped_1616759120.mp4"}},"audio_versions":{},"image_versions":{"template":"https://coub-anubis-a.akamaized.net/coub_storage/coub/simple/cw_image/5bf505cea79/3748fdaa2729d5734d410/1579969083_00031.jpg","versions":["micro","tiny","age_restricted","ios_large","ios_mosaic","big","med","small","pinterest"]},"first_frame_versions":{"template":"https://coub-anubis-a.akamaized.net/coub_storage/coub/simple/cw_timeline_pic/98edc6ae5a2/aaa9bd70f9d656649bdc9/%{version}_1579969082_image.jpg","versions":["big","med","small","ios_large"]},"dimensions":{"big":[1280,536],"med":[640,268]},"site_w_h":[640,268],"page_w_h":[640,268],"site_w_h_small":[310,130],"size":[1280,536],"age_restricted":false,"age_restricted_by_admin":false,"not_safe_for_work":false,"allow_reuse":false,"dont_crop":false,"banned":false,"global_safe":true,"audio_file_url":null,"external_download":false,"application":null,"channel":{"id":3485048,"permalink":"irakli.kvinikadze","title":"irakli Kvinikadze","description":null,"followers_count":23339,"following_count":72,"avatar_versions":{"template":"https://coub-anubis-a.akamaized.net/coub_storage/channel/cw_avatar/8b60a6d051a/df98acf64bafde8b9f28d/%{version}_1607419530_17xb2c2_1568925983_Saoirse_Ronan.png","versions":["medium","medium_2x","profile_pic","profile_pic_new","profile_pic_new_2x","tiny","tiny_2x","small","small_2x","ios_large","ios_small"]}},"file":null,"picture":"https://coub-anubis-a.akamaized.net/coub_storage/coub/simple/cw_image/5bf505cea79/3748fdaa2729d5734d410/1579969083_00031.jpg","timeline_picture":"https://coub-anubis-a.akamaized.net/coub_storage/coub/simple/cw_timeline_pic/98edc6ae5a2/aaa9bd70f9d656649bdc9/ios_large_1579969082_image.jpg","small_picture":"https://coub-anubis-a.akamaized.net/coub_storage/coub/simple/cw_image/5bf505cea79/3748fdaa2729d5734d410/1579969083_00031.jpg","sharing_picture":null,"percent_done":100,"tags":[{"id":4093109,"title":"kygo - remind me to forget","value":"kygo%20-%20remind%20me%20to%20forget"},{"id":287039,"title":"music loops","value":"music%20loops"},{"id":4093110,"title":"best song so far","value":"best%20song%20so%20far"},{"id":119730,"title":"kygo","value":"kygo"}],"categories":[{"id":8,"title":"Music","permalink":"music","subscriptions_count":10082461,"big_image_url":"https://coub-anubis-a.akamaized.net/coub_storage/category/cw_image/0327247c5ff/85914bdd8e1edc998c480/big_1544760089_Music3.png","small_image_url":"https://coub-anubis-a.akamaized.net/coub_storage/category/cw_image/0327247c5ff/85914bdd8e1edc998c480/small_1544760089_Music3.png","med_image_url":"https://coub-anubis-a.akamaized.net/coub_storage/category/cw_image/0327247c5ff/85914bdd8e1edc998c480/med_1544760089_Music3.png","visible":true}],"communities":[{"id":8,"title":"Music","permalink":"music","subscriptions_count":10082461,"big_image_url":"https://coub-anubis-a.akamaized.net/coub_storage/category/cw_image/0327247c5ff/85914bdd8e1edc998c480/big_1544760089_Music3.png","small_image_url":"https://coub-anubis-a.akamaized.net/coub_storage/category/cw_image/0327247c5ff/85914bdd8e1edc998c480/small_1544760089_Music3.png","med_image_url":"https://coub-anubis-a.akamaized.net/coub_storage/category/cw_image/0327247c5ff/85914bdd8e1edc998c480/med_1544760089_Music3.png","i_subscribed":true,"community_notifications_enabled":null,"description":null}],"recoubs_count":205,"remixes_count":1,"likes_count":1187,"dislikes_count":0,"raw_video_id":11968454,"uploaded_by_ios_app":false,"uploaded_by_android_app":false,"media_blocks":{"uploaded_raw_videos":[],"external_raw_videos":[],"remixed_from_coubs":[]},"raw_video_thumbnail_url":"/missing/missing.png","raw_video_title":"2-22-61---2.32.33.mp4","video_block_banned":false,"duration":9.72,"promo_winner":false,"promo_winner_recoubers":null,"editorial_info":{},"promo_hint":null,"beeline_best_2014":null,"from_web_editor":true,"normalize_sound":false,"normalize_change_allowed":true,"best2015_addable":false,"ahmad_promo":null,"promo_data":null,"audio_copyright_claim":null,"ads_disabled":false,"is_safe_for_ads":true,"megafon_contents":[],"position_on_page":4},{"flag":null,"abuses":null,"recoubs_by_users_channels":null,"favourite":false,"promoted_id":null,"recoub":null,"like":null,"dislike":null,"reaction":null,"in_my_best2015":false,"id":16814673,"type":"Coub::Simple","permalink":"9k8zf","title":"Twerk music","visibility_type":"public","original_visibility_type":"public","channel_id":2240993,"created_at":"2015-12-05T05:59:23Z","updated_at":"2022-03-01T19:47:55Z","is_done":true,"views_count":69749,"cotd":null,"cotd_at":null,"visible_on_explore_root":true,"visible_on_explore":true,"featured":true,"published":true,"published_at":"2015-12-05T05:59:23Z","reversed":false,"from_editor_v2":true,"is_editable":true,"original_sound":true,"has_sound":true,"recoub_to":null,"file_versions":{"html5":{"video":{"higher":{"url":"https://coub-anubis-a.akamaized.net/coub_storage/coub/simple/cw_file/822bf638ea1/08df115673c94a869026c/muted_mp4_huge_size_1567827973_muted_huge.mp4","size":4710550},"high":{"url":"https://coub-anubis-a.akamaized.net/coub_storage/coub/simple/cw_file/822bf638ea1/08df115673c94a869026c/muted_mp4_big_size_1567827973_muted_big.mp4","size":3344330},"med":{"url":"https://coub-anubis-a.akamaized.net/coub_storage/coub/simple/cw_file/822bf638ea1/08df115673c94a869026c/muted_mp4_med_size_1567827973_muted_med.mp4","size":1119248}},"audio":{"high":{"url":"https://coub-anubis-a.akamaized.net/coub_storage/coub/simple/cw_looped_audio_high/8c2dac2b89f/13da3b134977f32b23cba/1605466440_high_1449295233_high.mp3","size":1201840},"med":{"url":"https://coub-anubis-a.akamaized.net/coub_storage/coub/simple/cw_looped_audio_med/e15a7147859/1fdc6fb940993d9c4cd9f/1605466440_med_1449295233_med.mp3","size":801226},"sample_duration":10.009}},"mobile":{"video":"https://coub-anubis-a.akamaized.net/coub_storage/coub/simple/cw_file/822bf638ea1/08df115673c94a869026c/muted_mp4_med_size_1567827973_muted_med.mp4","audio":["https://coub-anubis-a.akamaized.net/coub_storage/coub/simple/cw_looped_audio_med/e15a7147859/1fdc6fb940993d9c4cd9f/1605466440_med_1449295233_med.mp3"]},"share":{"default":"https://coub-anubis-a.akamaized.net/coub_storage/coub/simple/cw_video_for_sharing/af8e8add12f/f370e1b4be166fed63af2/1638509024_looped_1638509023.mp4"}},"audio_versions":{},"image_versions":{"template":"https://coub-anubis-a.akamaized.net/coub_storage/coub/simple/cw_image/e0a7590640f/1f83f31d27d1a8d82a975/1449295289_00032.jpg","versions":["micro","tiny","age_restricted","ios_large","ios_mosaic","big","med","small","pinterest"]},"first_frame_versions":{"template":"https://coub-anubis-a.akamaized.net/coub_storage/coub/simple/cw_timeline_pic/0382fcce028/63c02e894922645321c1c/1449295288_image.jpg","versions":["big","med","small","ios_large"]},"dimensions":{"big":[1280,720],"med":[640,360]},"site_w_h":[640,360],"page_w_h":[640,360],"site_w_h_small":[310,174],"size":[1280,720],"age_restricted":false,"age_restricted_by_admin":false,"not_safe_for_work":false,"allow_reuse":false,"dont_crop":false,"banned":false,"global_safe":true,"audio_file_url":null,"external_download":{"type":"Youtube","service_name":"YouTube","url":"http://www.youtube.com/watch?v=NK_e5_fKtIo","has_embed":true},"application":null,"channel":{"id":2240993,"permalink":"asexpert","title":"ASExpert","description":"hi i am asexpert my vidioblog  ᴡᴡᴡⴰasexpert.okivb.ru","followers_count":168,"following_count":1550,"avatar_versions":{"template":"https://coub-anubis-a.akamaized.net/coub_storage/channel/cw_avatar/847644bf485/e8ddf00e0b2c503041b6b/%{version}_1617620343_piper-candless-comfortable-living-pt-1__12_.jpg","versions":["medium","medium_2x","profile_pic","profile_pic_new","profile_pic_new_2x","tiny","tiny_2x","small","small_2x","ios_large","ios_small"]}},"file":null,"picture":"https://coub-anubis-a.akamaized.net/coub_storage/coub/simple/cw_image/e0a7590640f/1f83f31d27d1a8d82a975/1449295289_00032.jpg","timeline_picture":"https://coub-anubis-a.akamaized.net/coub_storage/coub/simple/cw_timeline_pic/0382fcce028/63c02e894922645321c1c/1449295288_image.jpg","small_picture":"https://coub-anubis-a.akamaized.net/coub_storage/coub/simple/cw_image/e0a7590640f/1f83f31d27d1a8d82a975/1449295289_00032.jpg","sharing_picture":null,"percent_done":100,"tags":[{"id":130,"title":"house","value":"house"},{"id":10803,"title":"electronic","value":"electronic"},{"id":18516,"title":"snake","value":"snake"},{"id":1026,"title":"dj","value":"dj"},{"id":1211742,"title":"dj snake twerk freestyle","value":"dj%20snake%20twerk%20freestyle"},{"id":1153988,"title":"lexy panterra lit","value":"lexy%20panterra%20lit"},{"id":219058,"title":"twerk music","value":"twerk%20music"},{"id":680653,"title":"twerkout","value":"twerkout"},{"id":1052251,"title":"lexy panterra twerk","value":"lexy%20panterra%20twerk"},{"id":822,"title":"dance music","value":"dance%20music"},{"id":823,"title":"edm","value":"edm"},{"id":1052253,"title":"twerkoutwithlexy","value":"twerkoutwithlexy"},{"id":33574,"title":"how to twerk","value":"how%20to%20twerk"},{"id":70690,"title":"twerk tutorial","value":"twerk%20tutorial"},{"id":1982,"title":"song","value":"song"},{"id":24129,"title":"new song","value":"new%20song"},{"id":30396,"title":"new music","value":"new%20music"},{"id":1781,"title":"new","value":"new"},{"id":86,"title":"music","value":"music"},{"id":13906,"title":"how to","value":"how%20to"},{"id":19739,"title":"tutorial","value":"tutorial"},{"id":182,"title":"dance","value":"dance"},{"id":125,"title":"dancing","value":"dancing"},{"id":367,"title":"hot","value":"hot"},{"id":184,"title":"sexy","value":"sexy"},{"id":579752,"title":"twerk out","value":"twerk%20out"},{"id":937254,"title":"lex twerkout","value":"lex%20twerkout"},{"id":188475,"title":"twerk dance","value":"twerk%20dance"},{"id":6604,"title":"twerking","value":"twerking"},{"id":1025861,"title":"lexy panterra freestyle","value":"lexy%20panterra%20freestyle"},{"id":937249,"title":"panterra","value":"panterra"},{"id":937248,"title":"lexy","value":"lexy"},{"id":907556,"title":"lexy panterra","value":"lexy%20panterra"},{"id":1782,"title":"freestyle","value":"freestyle"},{"id":845,"title":"twerk","value":"twerk"},{"id":1211741,"title":"dj snake middle","value":"dj%20snake%20middle"},{"id":593586,"title":"lextwerkout","value":"lextwerkout"},{"id":1025856,"title":"twerk freestyle","value":"twerk%20freestyle"},{"id":1211740,"title":"bipolar sunshine","value":"bipolar%20sunshine"},{"id":34483,"title":"middle","value":"middle"},{"id":23528,"title":"dj snake","value":"dj%20snake"}],"categories":[{"id":8,"title":"Music","permalink":"music","subscriptions_count":10082461,"big_image_url":"https://coub-anubis-a.akamaized.net/coub_storage/category/cw_image/0327247c5ff/85914bdd8e1edc998c480/big_1544760089_Music3.png","small_image_url":"https://coub-anubis-a.akamaized.net/coub_storage/category/cw_image/0327247c5ff/85914bdd8e1edc998c480/small_1544760089_Music3.png","med_image_url":"https://coub-anubis-a.akamaized.net/coub_storage/category/cw_image/0327247c5ff/85914bdd8e1edc998c480/med_1544760089_Music3.png","visible":true}],"communities":[{"id":8,"title":"Music","permalink":"music","subscriptions_count":10082461,"big_image_url":"https://coub-anubis-a.akamaized.net/coub_storage/category/cw_image/0327247c5ff/85914bdd8e1edc998c480/big_1544760089_Music3.png","small_image_url":"https://coub-anubis-a.akamaized.net/coub_storage/category/cw_image/0327247c5ff/85914bdd8e1edc998c480/small_1544760089_Music3.png","med_image_url":"https://coub-anubis-a.akamaized.net/coub_storage/category/cw_image/0327247c5ff/85914bdd8e1edc998c480/med_1544760089_Music3.png","i_subscribed":true,"community_notifications_enabled":null,"description":null}],"recoubs_count":341,"remixes_count":4,"likes_count":1187,"dislikes_count":0,"raw_video_id":1931505,"uploaded_by_ios_app":false,"uploaded_by_android_app":false,"media_blocks":{"uploaded_raw_videos":[],"external_raw_videos":[{"id":12229226,"title":"DJ Snake - Middle ft. Bipolar Sunshine | Lexy Panterra Twerk Freestyle (4K)","url":"http://www.youtube.com/watch?v=NK_e5_fKtIo","image":"https://coub-anubis-a.akamaized.net/coub_storage/media_block/cw_image/b7746b3ac40/64c075e329460ff279161/1492548767_1449288390_11eiqnb_att-url-download.jpg","image_retina":"https://coub-anubis-a.akamaized.net/coub_storage/media_block/cw_image/b7746b3ac40/64c075e329460ff279161/1492548767_1449288390_11eiqnb_att-url-download.jpg","meta":{"service":"Youtube","duration":"230.08"},"duration":230.08,"raw_video_id":1931505,"has_embed":true}],"remixed_from_coubs":[],"external_video":{"id":12229226,"title":"DJ Snake - Middle ft. Bipolar Sunshine | Lexy Panterra Twerk Freestyle (4K)","url":"http://www.youtube.com/watch?v=NK_e5_fKtIo","image":"https://coub-anubis-a.akamaized.net/coub_storage/media_block/cw_image/b7746b3ac40/64c075e329460ff279161/1492548767_1449288390_11eiqnb_att-url-download.jpg","image_retina":"https://coub-anubis-a.akamaized.net/coub_storage/media_block/cw_image/b7746b3ac40/64c075e329460ff279161/1492548767_1449288390_11eiqnb_att-url-download.jpg","meta":{"service":"Youtube","duration":"230.08"},"duration":230.08,"raw_video_id":1931505,"has_embed":true}},"raw_video_thumbnail_url":"/missing/missing.png","raw_video_title":"DJ Snake - Middle ft. Bipolar Sunshine | Lexy Panterra Twerk Freestyle (4K)","video_block_banned":false,"duration":10.04,"promo_winner":false,"promo_winner_recoubers":null,"editorial_info":{},"promo_hint":null,"beeline_best_2014":null,"from_web_editor":true,"normalize_sound":true,"normalize_change_allowed":true,"best2015_addable":false,"ahmad_promo":null,"promo_data":null,"audio_copyright_claim":null,"ads_disabled":null,"is_safe_for_ads":true,"megafon_contents":[],"position_on_page":5},{"flag":null,"abuses":null,"recoubs_by_users_channels":null,"favourite":false,"promoted_id":null,"recoub":null,"like":null,"dislike":null,"reaction":null,"in_my_best2015":false,"id":12817576,"type":"Coub::Simple","permalink":"76ks2","title":"­","visibility_type":"public","original_visibility_type":"public","channel_id":61736,"created_at":"2015-07-08T10:26:30Z","updated_at":"2022-02-24T05:02:06Z","is_done":true,"views_count":131679,"cotd":null,"cotd_at":null,"visible_on_explore_root":false,"visible_on_explore":false,"featured":false,"published":true,"published_at":"2015-07-08T10:26:30Z","reversed":false,"from_editor_v2":true,"is_editable":true,"original_sound":false,"has_sound":false,"recoub_to":null,"file_versions":{"html5":{"video":{"higher":{"url":"https://coub-anubis-a.akamaized.net/coub_storage/coub/simple/cw_file/438f9d6d771/44506678917e5a4acf3b4/muted_mp4_huge_size_1567780801_muted_huge.mp4","size":3463256},"high":{"url":"https://coub-anubis-a.akamaized.net/coub_storage/coub/simple/cw_file/438f9d6d771/44506678917e5a4acf3b4/muted_mp4_big_size_1567780801_muted_big.mp4","size":2688352},"med":{"url":"https://coub-anubis-a.akamaized.net/coub_storage/coub/simple/cw_file/438f9d6d771/44506678917e5a4acf3b4/muted_mp4_med_size_1567780801_muted_med.mp4","size":892568}},"audio":{"high":{"url":"https://coub-anubis-a.akamaized.net/coub_storage/coub/simple/cw_looped_audio_high/f69c531ae9c/1dc71efb6dddf076fad11/1605455482_high_1445984254_high.mp3","size":4909556},"med":{"url":"https://coub-anubis-a.akamaized.net/coub_storage/coub/simple/cw_looped_audio_med/81493cd85e1/275d6c9b30d7ae3614ea9/1605455480_med_1445984254_med.mp3","size":3273037}}},"mobile":{"video":"https://coub-anubis-a.akamaized.net/coub_storage/coub/simple/cw_file/438f9d6d771/44506678917e5a4acf3b4/muted_mp4_med_size_1567780801_muted_med.mp4","audio":["https://coub-anubis-a.akamaized.net/coub_storage/coub/simple/cw_looped_audio_med/81493cd85e1/275d6c9b30d7ae3614ea9/1605455480_med_1445984254_med.mp3"]},"share":{"default":"https://coub-anubis-a.akamaized.net/coub_storage/coub/simple/cw_video_for_sharing/d5a9cde5954/eee491c38bf049696a35f/1620820153_looped_1620820152.mp4"}},"audio_versions":{"template":"https://coub-anubis-a.akamaized.net/coub_storage/audio_track/cw_normalized_copy/29921191ce3/d7e033b2b40c08b7e3c18/mid_1488948475_lgd08j_normalized_1471238770_audio.mp3","versions":["mid","low"]},"image_versions":{"template":"https://coub-anubis-a.akamaized.net/coub_storage/coub/simple/cw_image/3bd31431d64/e834d0185060c4df3e89d/1436353601_00032.jpg","versions":["micro","tiny","age_restricted","ios_large","ios_mosaic","big","med","small","pinterest"]},"first_frame_versions":{"template":"https://coub-anubis-a.akamaized.net/coub_storage/coub/simple/cw_timeline_pic/a14ed2310e9/433857c608c912ba69bc1/%{version}_1436353599_image.jpg","versions":["big","med","small","ios_large"]},"dimensions":{"big":[1280,720],"med":[640,360]},"site_w_h":[640,360],"page_w_h":[640,360],"site_w_h_small":[310,174],"size":[1280,720],"age_restricted":false,"age_restricted_by_admin":false,"not_safe_for_work":false,"allow_reuse":false,"dont_crop":false,"banned":false,"global_safe":true,"audio_file_url":"https://coub-anubis-a.akamaized.net/coub_storage/audio_track/cw_normalized_copy/29921191ce3/d7e033b2b40c08b7e3c18/low_1488948475_lgd08j_normalized_1471238770_audio.mp3","external_download":{"type":"Youtube","service_name":"YouTube","url":"http://youtu.be/M8-vje-bq9c","has_embed":true},"application":null,"channel":{"id":61736,"permalink":"xptenshi","title":"XPTenshi","description":"Помянем.","followers_count":10112,"following_count":0,"avatar_versions":{"template":"https://coub-anubis-a.akamaized.net/coub_storage/channel/cw_avatar/5dc25387200/15946474cebe01248bc11/%{version}_1476562365_COUB3.png","versions":["medium","medium_2x","profile_pic","profile_pic_new","profile_pic_new_2x","tiny","tiny_2x","small","small_2x","ios_large","ios_small"]}},"file":null,"picture":"https://coub-anubis-a.akamaized.net/coub_storage/coub/simple/cw_image/3bd31431d64/e834d0185060c4df3e89d/1436353601_00032.jpg","timeline_picture":"https://coub-anubis-a.akamaized.net/coub_storage/coub/simple/cw_timeline_pic/a14ed2310e9/433857c608c912ba69bc1/ios_large_1436353599_image.jpg","small_picture":"https://coub-anubis-a.akamaized.net/coub_storage/coub/simple/cw_image/3bd31431d64/e834d0185060c4df3e89d/1436353601_00032.jpg","sharing_picture":null,"percent_done":100,"tags":[],"categories":[{"id":8,"title":"Music","permalink":"music","subscriptions_count":10082461,"big_image_url":"https://coub-anubis-a.akamaized.net/coub_storage/category/cw_image/0327247c5ff/85914bdd8e1edc998c480/big_1544760089_Music3.png","small_image_url":"https://coub-anubis-a.akamaized.net/coub_storage/category/cw_image/0327247c5ff/85914bdd8e1edc998c480/small_1544760089_Music3.png","med_image_url":"https://coub-anubis-a.akamaized.net/coub_storage/category/cw_image/0327247c5ff/85914bdd8e1edc998c480/med_1544760089_Music3.png","visible":true}],"communities":[{"id":8,"title":"Music","permalink":"music","subscriptions_count":10082461,"big_image_url":"https://coub-anubis-a.akamaized.net/coub_storage/category/cw_image/0327247c5ff/85914bdd8e1edc998c480/big_1544760089_Music3.png","small_image_url":"https://coub-anubis-a.akamaized.net/coub_storage/category/cw_image/0327247c5ff/85914bdd8e1edc998c480/small_1544760089_Music3.png","med_image_url":"https://coub-anubis-a.akamaized.net/coub_storage/category/cw_image/0327247c5ff/85914bdd8e1edc998c480/med_1544760089_Music3.png","i_subscribed":true,"community_notifications_enabled":null,"description":null}],"recoubs_count":319,"remixes_count":1,"likes_count":1187,"dislikes_count":0,"raw_video_id":1504309,"uploaded_by_ios_app":false,"uploaded_by_android_app":false,"media_blocks":{"uploaded_raw_videos":[],"external_raw_videos":[{"id":11944073,"title":"LADYBABY「ニッポン饅頭」Music Clip","url":"http://www.youtube.com/watch?v=M8-vje-bq9c","image":"https://coub-anubis-a.akamaized.net/coub_storage/media_block/cw_image/147b6a19106/7bc6bce9a177650bebf68/1492516149_1436264799_16kpv1s_att-url-download.jpg","image_retina":"https://coub-anubis-a.akamaized.net/coub_storage/media_block/cw_image/147b6a19106/7bc6bce9a177650bebf68/1492516149_1436264799_16kpv1s_att-url-download.jpg","meta":{"service":"Youtube","duration":"270.64"},"duration":270.64,"raw_video_id":1504309,"has_embed":true}],"remixed_from_coubs":[],"external_video":{"id":11944073,"title":"LADYBABY「ニッポン饅頭」Music Clip","url":"http://www.youtube.com/watch?v=M8-vje-bq9c","image":"https://coub-anubis-a.akamaized.net/coub_storage/media_block/cw_image/147b6a19106/7bc6bce9a177650bebf68/1492516149_1436264799_16kpv1s_att-url-download.jpg","image_retina":"https://coub-anubis-a.akamaized.net/coub_storage/media_block/cw_image/147b6a19106/7bc6bce9a177650bebf68/1492516149_1436264799_16kpv1s_att-url-download.jpg","meta":{"service":"Youtube","duration":"270.64"},"duration":270.64,"raw_video_id":1504309,"has_embed":true}},"raw_video_thumbnail_url":"/missing/missing.png","raw_video_title":"LADYBABY「ニッポン饅頭」Music Clip","video_block_banned":false,"duration":10.0,"promo_winner":false,"promo_winner_recoubers":null,"editorial_info":{},"promo_hint":null,"beeline_best_2014":null,"from_web_editor":true,"normalize_sound":true,"normalize_change_allowed":true,"best2015_addable":false,"ahmad_promo":null,"promo_data":null,"audio_copyright_claim":null,"ads_disabled":null,"is_safe_for_ads":true,"megafon_contents":[],"position_on_page":6},{"flag":null,"abuses":null,"recoubs_by_users_channels":null,"favourite":false,"promoted_id":null,"recoub":null,"like":null,"dislike":null,"reaction":null,"in_my_best2015":false,"id":27268659,"type":"Coub::Simple","permalink":"fsbes","title":"Stranger sounds","visibility_type":"public","original_visibility_type":"public","channel_id":1158046,"created_at":"2016-10-27T10:12:58Z","updated_at":"2022-03-06T16:55:25Z","is_done":true,"views_count":99371,"cotd":null,"cotd_at":null,"visible_on_explore_root":true,"visible_on_explore":true,"featured":true,"published":true,"published_at":"2016-10-27T10:12:58Z","reversed":false,"from_editor_v2":true,"is_editable":true,"original_sound":false,"has_sound":false,"recoub_to":null,"file_versions":{"html5":{"video":{"higher":{"url":"https://coub-anubis-a.akamaized.net/coub_storage/coub/simple/cw_file/b245ce34781/13efc40b7264278e0b3c2/muted_mp4_huge_size_1567937765_muted_huge.mp4","size":233317},"high":{"url":"https://coub-anubis-a.akamaized.net/coub_storage/coub/simple/cw_file/b245ce34781/13efc40b7264278e0b3c2/muted_mp4_big_size_1567937765_muted_big.mp4","size":177615},"med":{"url":"https://coub-anubis-a.akamaized.net/coub_storage/coub/simple/cw_file/b245ce34781/13efc40b7264278e0b3c2/muted_mp4_med_size_1567937765_muted_med.mp4","size":80719}},"audio":{"high":{"url":"https://coub-anubis-a.akamaized.net/coub_storage/coub/simple/cw_looped_audio_high/06a1b586519/b7d18b1e328ee8adab5d3/1605536047_high_1477563204_high.mp3","size":5173742},"med":{"url":"https://coub-anubis-a.akamaized.net/coub_storage/coub/simple/cw_looped_audio_med/e4ccb544cb4/28077564f0d733e8c9382/1605536046_med_1477563204_med.mp3","size":4394797}}},"mobile":{"video":"https://coub-anubis-a.akamaized.net/coub_storage/coub/simple/cw_file/b245ce34781/13efc40b7264278e0b3c2/muted_mp4_med_size_1567937765_muted_med.mp4","audio":["https://coub-anubis-a.akamaized.net/coub_storage/coub/simple/cw_looped_audio_med/e4ccb544cb4/28077564f0d733e8c9382/1605536046_med_1477563204_med.mp3"]},"share":{"default":"https://coub-anubis-a.akamaized.net/coub_storage/coub/simple/cw_video_for_sharing/f9bd8cba7e0/a149107558968050d6bd5/1632521927_looped_1632521926.mp4"}},"audio_versions":{"template":"https://coub-anubis-a.akamaized.net/coub_storage/audio_track/cw_normalized_copy/4636a560353/03b7fa7fcde756d717880/mid_1477563188_16jis69_normalized_1477563184_acwkvm_edited.mp3","versions":["mid","low"]},"image_versions":{"template":"https://coub-anubis-a.akamaized.net/coub_storage/coub/simple/cw_image/32a7d3dde10/f5229a52790bacdabb869/1477563214_00002.jpg","versions":["micro","tiny","age_restricted","ios_large","ios_mosaic","big","med","small","pinterest"]},"first_frame_versions":{"template":"https://coub-anubis-a.akamaized.net/coub_storage/coub/simple/cw_timeline_pic/32a7d3dde10/f5229a52790bacdabb869/1477563214_image.jpg","versions":["big","med","small","ios_large"]},"dimensions":{"big":[960,960],"med":[480,480]},"site_w_h":[400,400],"page_w_h":[400,400],"site_w_h_small":[310,310],"size":[960,960],"age_restricted":false,"age_restricted_by_admin":false,"not_safe_for_work":false,"allow_reuse":false,"dont_crop":false,"banned":false,"global_safe":true,"audio_file_url":"https://coub-anubis-a.akamaized.net/coub_storage/audio_track/cw_normalized_copy/4636a560353/03b7fa7fcde756d717880/low_1477563188_16jis69_normalized_1477563184_acwkvm_edited.mp3","external_download":{"type":"UrlDownload","service_name":"UrlDownload","url":"http://media.giphy.com/media/26ufoyLxSc1Ggk8Hm/source.gif","has_embed":false},"application":null,"channel":{"id":1158046,"permalink":"phatpapa","title":"phatpapa","description":"promo punk phat papa 2x2","followers_count":1298,"following_count":86,"avatar_versions":{"template":"https://coub-anubis-a.akamaized.net/coub_storage/channel/cw_avatar/6f54b8eb551/979c9732fd294b225ba9b/%{version}_1607422666_vpte9m_1474693085_107tvvz_att-url-download.jpg","versions":["medium","medium_2x","profile_pic","profile_pic_new","profile_pic_new_2x","tiny","tiny_2x","small","small_2x","ios_large","ios_small"]}},"file":null,"picture":"https://coub-anubis-a.akamaized.net/coub_storage/coub/simple/cw_image/32a7d3dde10/f5229a52790bacdabb869/1477563214_00002.jpg","timeline_picture":"https://coub-anubis-a.akamaized.net/coub_storage/coub/simple/cw_timeline_pic/32a7d3dde10/f5229a52790bacdabb869/1477563214_image.jpg","small_picture":"https://coub-anubis-a.akamaized.net/coub_storage/coub/simple/cw_image/32a7d3dde10/f5229a52790bacdabb869/1477563214_00002.jpg","sharing_picture":null,"percent_done":100,"tags":[],"categories":[{"id":8,"title":"Music","permalink":"music","subscriptions_count":10082461,"big_image_url":"https://coub-anubis-a.akamaized.net/coub_storage/category/cw_image/0327247c5ff/85914bdd8e1edc998c480/big_1544760089_Music3.png","small_image_url":"https://coub-anubis-a.akamaized.net/coub_storage/category/cw_image/0327247c5ff/85914bdd8e1edc998c480/small_1544760089_Music3.png","med_image_url":"https://coub-anubis-a.akamaized.net/coub_storage/category/cw_image/0327247c5ff/85914bdd8e1edc998c480/med_1544760089_Music3.png","visible":true}],"communities":[{"id":8,"title":"Music","permalink":"music","subscriptions_count":10082461,"big_image_url":"https://coub-anubis-a.akamaized.net/coub_storage/category/cw_image/0327247c5ff/85914bdd8e1edc998c480/big_1544760089_Music3.png","small_image_url":"https://coub-anubis-a.akamaized.net/coub_storage/category/cw_image/0327247c5ff/85914bdd8e1edc998c480/small_1544760089_Music3.png","med_image_url":"https://coub-anubis-a.akamaized.net/coub_storage/category/cw_image/0327247c5ff/85914bdd8e1edc998c480/med_1544760089_Music3.png","i_subscribed":true,"community_notifications_enabled":null,"description":null}],"recoubs_count":188,"remixes_count":2,"likes_count":1186,"dislikes_count":0,"raw_video_id":3867711,"uploaded_by_ios_app":false,"uploaded_by_android_app":false,"media_blocks":{"uploaded_raw_videos":[],"external_raw_videos":[{"id":18734747,"title":"source.gif","url":"http://media.giphy.com/media/26ufoyLxSc1Ggk8Hm/source.gif","image":"https://coub-anubis-a.akamaized.net/coub_storage/media_block/cw_image/dacd6dae30c/434e2e52114b792c17474/1491969966_1477563040_image.jpg","image_retina":"https://coub-anubis-a.akamaized.net/coub_storage/media_block/cw_image/dacd6dae30c/434e2e52114b792c17474/1491969966_1477563040_image.jpg","meta":{"service":"UrlDownload","duration":"0.6"},"duration":0.6,"raw_video_id":3867711,"has_embed":false}],"remixed_from_coubs":[],"external_video":{"id":18734747,"title":"source.gif","url":"http://media.giphy.com/media/26ufoyLxSc1Ggk8Hm/source.gif","image":"https://coub-anubis-a.akamaized.net/coub_storage/media_block/cw_image/dacd6dae30c/434e2e52114b792c17474/1491969966_1477563040_image.jpg","image_retina":"https://coub-anubis-a.akamaized.net/coub_storage/media_block/cw_image/dacd6dae30c/434e2e52114b792c17474/1491969966_1477563040_image.jpg","meta":{"service":"UrlDownload","duration":"0.6"},"duration":0.6,"raw_video_id":3867711,"has_embed":false}},"raw_video_thumbnail_url":"/missing/missing.png","raw_video_title":"source.gif","video_block_banned":false,"duration":0.6,"promo_winner":false,"promo_winner_recoubers":null,"editorial_info":{},"promo_hint":null,"beeline_best_2014":null,"from_web_editor":true,"normalize_sound":true,"normalize_change_allowed":true,"best2015_addable":false,"ahmad_promo":null,"promo_data":null,"audio_copyright_claim":null,"ads_disabled":null,"is_safe_for_ads":true,"megafon_contents":[],"position_on_page":7},{"flag":null,"abuses":null,"recoubs_by_users_channels":null,"favourite":false,"promoted_id":null,"recoub":null,"like":null,"dislike":null,"reaction":null,"in_my_best2015":false,"id":142087989,"type":"Coub::Simple","permalink":"2c8yha","title":"Space Oddity (Walter Mitty)","visibility_type":"public","original_visibility_type":"public","channel_id":2290618,"created_at":"2020-04-13T00:26:09Z","updated_at":"2022-02-27T23:29:57Z","is_done":true,"views_count":144701,"cotd":null,"cotd_at":null,"visible_on_explore_root":true,"visible_on_explore":true,"featured":true,"published":true,"published_at":"2020-04-13T00:26:09Z","reversed":false,"from_editor_v2":true,"is_editable":true,"original_sound":false,"has_sound":false,"recoub_to":null,"file_versions":{"html5":{"video":{"higher":{"url":"https://coub-anubis-a.akamaized.net/coub_storage/coub/simple/cw_file/0f1eeb13a2b/68512e8654d990acc3380/muted_mp4_huge_size_1586737587_muted_huge.mp4","size":2256421},"high":{"url":"https://coub-anubis-a.akamaized.net/coub_storage/coub/simple/cw_file/0f1eeb13a2b/68512e8654d990acc3380/muted_mp4_big_size_1586737587_muted_big.mp4","size":1544772},"med":{"url":"https://coub-anubis-a.akamaized.net/coub_storage/coub/simple/cw_file/0f1eeb13a2b/68512e8654d990acc3380/muted_mp4_med_size_1586737587_muted_med.mp4","size":422747}},"audio":{"high":{"url":"https://coub-anubis-a.akamaized.net/coub_storage/coub/simple/cw_looped_audio_high/6273a48538e/e2aff9a5bdaaac642ad76/1605697951_high_1586737616_high.mp3","size":2560170},"med":{"url":"https://coub-anubis-a.akamaized.net/coub_storage/coub/simple/cw_looped_audio_med/b41e1aad114/170b4d68d46c26453bfd9/1605697950_med_1586737616_med.mp3","size":1915698}}},"mobile":{"video":"https://coub-anubis-a.akamaized.net/coub_storage/coub/simple/cw_file/0f1eeb13a2b/68512e8654d990acc3380/muted_mp4_med_size_1586737587_muted_med.mp4","audio":["https://coub-anubis-a.akamaized.net/coub_storage/coub/simple/cw_looped_audio_med/b41e1aad114/170b4d68d46c26453bfd9/1605697950_med_1586737616_med.mp3"]},"share":{"default":"https://coub-anubis-a.akamaized.net/coub_storage/coub/simple/cw_video_for_sharing/7376500b228/045da874e4a1ced605a96/1610188076_looped_1610188075.mp4"}},"audio_versions":{"template":"https://coub-anubis-a.akamaized.net/coub_storage/audio_track/cw_normalized_copy/b40748e69a2/54ad0d021773cd888cf53/mid_1586737606_normalized_1586737590_t4wsjq_edited.mp3","versions":["mid","low"]},"image_versions":{"template":"https://coub-anubis-a.akamaized.net/coub_storage/coub/simple/cw_image/2b7cab91857/9bd78f140042f6f0977dd/1586737629_00032.jpg","versions":["micro","tiny","age_restricted","ios_large","ios_mosaic","big","med","small","pinterest"]},"first_frame_versions":{"template":"https://coub-anubis-a.akamaized.net/coub_storage/coub/simple/cw_timeline_pic/2eae58e6add/9f3e8d0385ff2f6920030/%{version}_1586737628_image.jpg","versions":["big","med","small","ios_large"]},"dimensions":{"big":[1280,532],"med":[640,266]},"site_w_h":[640,266],"page_w_h":[640,266],"site_w_h_small":[310,129],"size":[1280,532],"age_restricted":false,"age_restricted_by_admin":false,"not_safe_for_work":false,"allow_reuse":false,"dont_crop":false,"banned":false,"global_safe":true,"audio_file_url":"https://coub-anubis-a.akamaized.net/coub_storage/audio_track/cw_normalized_copy/b40748e69a2/54ad0d021773cd888cf53/low_1586737606_normalized_1586737590_t4wsjq_edited.mp3","external_download":false,"application":null,"channel":{"id":2290618,"permalink":"baklajanoviy-sirop","title":"Baklazhanovyy sirop","description":null,"followers_count":48,"following_count":0,"avatar_versions":{"template":"https://coub-anubis-a.akamaized.net/coub_storage/channel/cw_avatar/17e263d02a1/9ea7260f6b8c1c09ec332/%{version}_1609464115_1evvj2k_1549665276_8UAsTMZX5Xs.jpg","versions":["medium","medium_2x","profile_pic","profile_pic_new","profile_pic_new_2x","tiny","tiny_2x","small","small_2x","ios_large","ios_small"]}},"file":null,"picture":"https://coub-anubis-a.akamaized.net/coub_storage/coub/simple/cw_image/2b7cab91857/9bd78f140042f6f0977dd/1586737629_00032.jpg","timeline_picture":"https://coub-anubis-a.akamaized.net/coub_storage/coub/simple/cw_timeline_pic/2eae58e6add/9f3e8d0385ff2f6920030/ios_large_1586737628_image.jpg","small_picture":"https://coub-anubis-a.akamaized.net/coub_storage/coub/simple/cw_image/2b7cab91857/9bd78f140042f6f0977dd/1586737629_00032.jpg","sharing_picture":null,"percent_done":100,"tags":[{"id":2094,"title":"space oddity","value":"space%20oddity"},{"id":2093,"title":"david bowie","value":"david%20bowie"},{"id":18457,"title":"walter mitty","value":"walter%20mitty"},{"id":1558,"title":"film","value":"film"}],"categories":[{"id":8,"title":"Music","permalink":"music","subscriptions_count":10082461,"big_image_url":"https://coub-anubis-a.akamaized.net/coub_storage/category/cw_image/0327247c5ff/85914bdd8e1edc998c480/big_1544760089_Music3.png","small_image_url":"https://coub-anubis-a.akamaized.net/coub_storage/category/cw_image/0327247c5ff/85914bdd8e1edc998c480/small_1544760089_Music3.png","med_image_url":"https://coub-anubis-a.akamaized.net/coub_storage/category/cw_image/0327247c5ff/85914bdd8e1edc998c480/med_1544760089_Music3.png","visible":true}],"communities":[{"id":8,"title":"Music","permalink":"music","subscriptions_count":10082461,"big_image_url":"https://coub-anubis-a.akamaized.net/coub_storage/category/cw_image/0327247c5ff/85914bdd8e1edc998c480/big_1544760089_Music3.png","small_image_url":"https://coub-anubis-a.akamaized.net/coub_storage/category/cw_image/0327247c5ff/85914bdd8e1edc998c480/small_1544760089_Music3.png","med_image_url":"https://coub-anubis-a.akamaized.net/coub_storage/category/cw_image/0327247c5ff/85914bdd8e1edc998c480/med_1544760089_Music3.png","i_subscribed":true,"community_notifications_enabled":null,"description":null}],"recoubs_count":214,"remixes_count":2,"likes_count":1185,"dislikes_count":0,"raw_video_id":15068642,"uploaded_by_ios_app":false,"uploaded_by_android_app":false,"media_blocks":{"uploaded_raw_videos":[],"external_raw_videos":[],"remixed_from_coubs":[]},"raw_video_thumbnail_url":"/missing/missing.png","raw_video_title":"Space_Oddity.mp4","video_block_banned":false,"duration":10.0,"promo_winner":false,"promo_winner_recoubers":null,"editorial_info":{},"promo_hint":null,"beeline_best_2014":null,"from_web_editor":true,"normalize_sound":true,"normalize_change_allowed":true,"best2015_addable":false,"ahmad_promo":null,"promo_data":null,"audio_copyright_claim":null,"ads_disabled":false,"is_safe_for_ads":true,"megafon_contents":[],"position_on_page":8},{"flag":null,"abuses":null,"recoubs_by_users_channels":null,"favourite":false,"promoted_id":null,"recoub":null,"like":null,"dislike":null,"reaction":null,"in_my_best2015":false,"id":110582556,"type":"Coub::Simple","permalink":"1tfjd2","title":"Gotta go Fast (9X)","visibility_type":"public","original_visibility_type":"public","channel_id":2228972,"created_at":"2019-05-01T18:54:40Z","updated_at":"2022-03-09T12:10:18Z","is_done":true,"views_count":95205,"cotd":null,"cotd_at":null,"visible_on_explore_root":true,"visible_on_explore":true,"featured":true,"published":true,"published_at":"2019-05-01T18:54:40Z","reversed":false,"from_editor_v2":true,"is_editable":true,"original_sound":false,"has_sound":false,"recoub_to":null,"file_versions":{"html5":{"video":{"higher":{"url":"https://coub-anubis-a.akamaized.net/coub_storage/coub/simple/cw_file/ea56640e4b0/034804884c59d911ef9fb/muted_mp4_huge_size_1583336223_muted_huge.mp4","size":4994548},"high":{"url":"https://coub-anubis-a.akamaized.net/coub_storage/coub/simple/cw_file/ea56640e4b0/034804884c59d911ef9fb/muted_mp4_big_size_1583336223_muted_big.mp4","size":3711885},"med":{"url":"https://coub-anubis-a.akamaized.net/coub_storage/coub/simple/cw_file/ea56640e4b0/034804884c59d911ef9fb/muted_mp4_med_size_1583336223_muted_med.mp4","size":1397858}},"audio":{"high":{"url":"https://coub-anubis-a.akamaized.net/coub_storage/coub/simple/cw_looped_audio_high/48dcfd96c6d/660398a698ece3b097e7d/1605675946_high_1556736901_high.mp3","size":1586308},"med":{"url":"https://coub-anubis-a.akamaized.net/coub_storage/coub/simple/cw_looped_audio_med/a9358c69c6a/a492d3a88f6aafe5eadce/1605675946_med_1556736901_med.mp3","size":1316331}}},"mobile":{"video":"https://coub-anubis-a.akamaized.net/coub_storage/coub/simple/cw_file/ea56640e4b0/034804884c59d911ef9fb/muted_mp4_med_size_1583336223_muted_med.mp4","audio":["https://coub-anubis-a.akamaized.net/coub_storage/coub/simple/cw_looped_audio_med/a9358c69c6a/a492d3a88f6aafe5eadce/1605675946_med_1556736901_med.mp3"]},"share":{"default":"https://coub-anubis-a.akamaized.net/coub_storage/coub/simple/cw_video_for_sharing/5dbf329e613/29101f6b99f2c2c862db8/1617381185_looped_1617381183.mp4"}},"audio_versions":{"template":"https://coub-anubis-a.akamaized.net/coub_storage/audio_track/cw_normalized_copy/fc6717cb5fe/bc1fb386c3832e92a2d98/mid_1556736895_normalized_1556736702_audio.mp3","versions":["mid","low"]},"image_versions":{"template":"https://coub-anubis-a.akamaized.net/coub_storage/coub/simple/cw_image/3e85c224af3/02b133529050596e3fa70/1556736910_00029.jpg","versions":["micro","tiny","age_restricted","ios_large","ios_mosaic","big","med","small","pinterest"]},"first_frame_versions":{"template":"https://coub-anubis-a.akamaized.net/coub_storage/coub/simple/cw_timeline_pic/92c3e20409b/73cf84bc9fbeb8e4c1a74/1556736909_image.jpg","versions":["big","med","small","ios_large"]},"dimensions":{"big":[1280,720],"med":[640,360]},"site_w_h":[640,360],"page_w_h":[640,360],"site_w_h_small":[310,174],"size":[1280,720],"age_restricted":false,"age_restricted_by_admin":false,"not_safe_for_work":false,"allow_reuse":false,"dont_crop":false,"banned":false,"global_safe":true,"audio_file_url":"https://coub-anubis-a.akamaized.net/coub_storage/audio_track/cw_normalized_copy/fc6717cb5fe/bc1fb386c3832e92a2d98/low_1556736895_normalized_1556736702_audio.mp3","external_download":false,"application":null,"channel":{"id":2228972,"permalink":"grigorii2000","title":"Grigorii","description":"I'm BACK???","followers_count":3141,"following_count":406,"avatar_versions":{"template":"https://coub-anubis-a.akamaized.net/coub_storage/channel/cw_avatar/5f5ca9e0b57/395435874534c6c21c784/%{version}_1607425002_99h1zt_1599942437_pgn.png","versions":["medium","medium_2x","profile_pic","profile_pic_new","profile_pic_new_2x","tiny","tiny_2x","small","small_2x","ios_large","ios_small"]}},"file":null,"picture":"https://coub-anubis-a.akamaized.net/coub_storage/coub/simple/cw_image/3e85c224af3/02b133529050596e3fa70/1556736910_00029.jpg","timeline_picture":"https://coub-anubis-a.akamaized.net/coub_storage/coub/simple/cw_timeline_pic/92c3e20409b/73cf84bc9fbeb8e4c1a74/1556736909_image.jpg","small_picture":"https://coub-anubis-a.akamaized.net/coub_storage/coub/simple/cw_image/3e85c224af3/02b133529050596e3fa70/1556736910_00029.jpg","sharing_picture":null,"percent_done":100,"tags":[{"id":3878,"title":"pendulum","value":"pendulum"},{"id":3365,"title":"lmfao","value":"lmfao"},{"id":1789449,"title":"pendulum - watercolour","value":"pendulum%20-%20watercolour"},{"id":3163459,"title":"pendulum - witchcraft","value":"pendulum%20-%20witchcraft"},{"id":50,"title":"coub","value":"coub"},{"id":4901994,"title":"madeon - imperium","value":"madeon%20-%20imperium"},{"id":19967,"title":"sonic the hedgehog","value":"sonic%20the%20hedgehog"},{"id":2004191,"title":"sonic the hedgehog movie","value":"sonic%20the%20hedgehog%20movie"},{"id":951,"title":"top","value":"top"},{"id":174,"title":"funny","value":"funny"},{"id":137824,"title":"radio coub","value":"radio%20coub"}],"categories":[{"id":8,"title":"Music","permalink":"music","subscriptions_count":10082461,"big_image_url":"https://coub-anubis-a.akamaized.net/coub_storage/category/cw_image/0327247c5ff/85914bdd8e1edc998c480/big_1544760089_Music3.png","small_image_url":"https://coub-anubis-a.akamaized.net/coub_storage/category/cw_image/0327247c5ff/85914bdd8e1edc998c480/small_1544760089_Music3.png","med_image_url":"https://coub-anubis-a.akamaized.net/coub_storage/category/cw_image/0327247c5ff/85914bdd8e1edc998c480/med_1544760089_Music3.png","visible":true}],"communities":[{"id":8,"title":"Music","permalink":"music","subscriptions_count":10082461,"big_image_url":"https://coub-anubis-a.akamaized.net/coub_storage/category/cw_image/0327247c5ff/85914bdd8e1edc998c480/big_1544760089_Music3.png","small_image_url":"https://coub-anubis-a.akamaized.net/coub_storage/category/cw_image/0327247c5ff/85914bdd8e1edc998c480/small_1544760089_Music3.png","med_image_url":"https://coub-anubis-a.akamaized.net/coub_storage/category/cw_image/0327247c5ff/85914bdd8e1edc998c480/med_1544760089_Music3.png","i_subscribed":true,"community_notifications_enabled":null,"description":null}],"recoubs_count":170,"remixes_count":0,"likes_count":1185,"dislikes_count":0,"raw_video_id":13635641,"uploaded_by_ios_app":false,"uploaded_by_android_app":false,"media_blocks":{"uploaded_raw_videos":[],"external_raw_videos":[],"remixed_from_coubs":[]},"raw_video_thumbnail_url":"/missing/missing.png","raw_video_title":"Gotta_go_Fast.mp4","video_block_banned":false,"duration":9.12,"promo_winner":false,"promo_winner_recoubers":null,"editorial_info":{},"promo_hint":null,"beeline_best_2014":null,"from_web_editor":true,"normalize_sound":true,"normalize_change_allowed":true,"best2015_addable":false,"ahmad_promo":null,"promo_data":null,"audio_copyright_claim":null,"ads_disabled":false,"is_safe_for_ads":true,"megafon_contents":[],"position_on_page":9},{"flag":null,"abuses":null,"recoubs_by_users_channels":null,"favourite":false,"promoted_id":null,"recoub":null,"like":null,"dislike":null,"reaction":null,"in_my_best2015":false,"id":24634161,"type":"Coub::Simple","permalink":"e7ulm","title":"Check Yo Self","visibility_type":"public","original_visibility_type":"public","channel_id":247349,"created_at":"2016-08-17T17:05:53Z","updated_at":"2022-03-15T22:41:03Z","is_done":true,"views_count":98935,"cotd":null,"cotd_at":null,"visible_on_explore_root":true,"visible_on_explore":true,"featured":true,"published":true,"published_at":"2016-08-17T17:05:53Z","reversed":false,"from_editor_v2":true,"is_editable":true,"original_sound":false,"has_sound":false,"recoub_to":null,"file_versions":{"html5":{"video":{"higher":{"url":"https://coub-anubis-a.akamaized.net/coub_storage/coub/simple/cw_file/fb03ed0597b/858a0d74499081342cddf/muted_mp4_huge_size_1567913427_muted_huge.mp4","size":4109423},"high":{"url":"https://coub-anubis-a.akamaized.net/coub_storage/coub/simple/cw_file/fb03ed0597b/858a0d74499081342cddf/muted_mp4_big_size_1567913427_muted_big.mp4","size":3221222},"med":{"url":"https://coub-anubis-a.akamaized.net/coub_storage/coub/simple/cw_file/fb03ed0597b/858a0d74499081342cddf/muted_mp4_med_size_1567913427_muted_med.mp4","size":1074086}},"audio":{"high":{"url":"https://coub-anubis-a.akamaized.net/coub_storage/coub/simple/cw_looped_audio_high/8b5e6550755/23bee90a143895b4ad6c0/1605513920_high_1471453602_high.mp3","size":1478651},"med":{"url":"https://coub-anubis-a.akamaized.net/coub_storage/coub/simple/cw_looped_audio_med/36e43ca2cc7/3dce04b2392cfca1b0272/1605513919_med_1471453602_med.mp3","size":1287487}}},"mobile":{"video":"https://coub-anubis-a.akamaized.net/coub_storage/coub/simple/cw_file/fb03ed0597b/858a0d74499081342cddf/muted_mp4_med_size_1567913427_muted_med.mp4","audio":["https://coub-anubis-a.akamaized.net/coub_storage/coub/simple/cw_looped_audio_med/36e43ca2cc7/3dce04b2392cfca1b0272/1605513919_med_1471453602_med.mp3"]},"share":{"default":"https://coub-anubis-a.akamaized.net/coub_storage/coub/simple/cw_video_for_sharing/d9ba076d2c2/ead9c09aa4be08ed6d803/1647384063_looped_1647384061.mp4"}},"audio_versions":{"template":"https://coub-anubis-a.akamaized.net/coub_storage/audio_track/cw_normalized_copy/e92e8592fe3/6f59df4d10694a73da603/mid_1471453592_tgl104_normalized_1471453591_1br8vqp_edited.mp3","versions":["mid","low"]},"image_versions":{"template":"https://coub-anubis-a.akamaized.net/coub_storage/coub/simple/cw_image/1de867efbe9/5382eb60c9d4b983a039d/1471453658_00032.jpg","versions":["micro","tiny","age_restricted","ios_large","ios_mosaic","big","med","small","pinterest"]},"first_frame_versions":{"template":"https://coub-anubis-a.akamaized.net/coub_storage/coub/simple/cw_timeline_pic/532c4cac82a/e8b38a4ef481b650d0204/%{version}_1471453657_image.jpg","versions":["big","med","small","ios_large"]},"dimensions":{"big":[1280,628],"med":[640,314]},"site_w_h":[640,314],"page_w_h":[640,314],"site_w_h_small":[310,152],"size":[1280,628],"age_restricted":false,"age_restricted_by_admin":false,"not_safe_for_work":false,"allow_reuse":false,"dont_crop":false,"banned":false,"global_safe":true,"audio_file_url":"https://coub-anubis-a.akamaized.net/coub_storage/audio_track/cw_normalized_copy/e92e8592fe3/6f59df4d10694a73da603/low_1471453592_tgl104_normalized_1471453591_1br8vqp_edited.mp3","external_download":false,"application":null,"channel":{"id":247349,"permalink":"k.g.original.coub","title":"Konstantin Gertner","description":"i make it","followers_count":3375,"following_count":241,"avatar_versions":{"template":"https://coub-anubis-a.akamaized.net/coub_storage/channel/cw_avatar/96e552b62b1/8068309c4e0580788ced2/%{version}_1474494845_logoKosm1.png","versions":["medium","medium_2x","profile_pic","profile_pic_new","profile_pic_new_2x","tiny","tiny_2x","small","small_2x","ios_large","ios_small"]}},"file":null,"picture":"https://coub-anubis-a.akamaized.net/coub_storage/coub/simple/cw_image/1de867efbe9/5382eb60c9d4b983a039d/1471453658_00032.jpg","timeline_picture":"https://coub-anubis-a.akamaized.net/coub_storage/coub/simple/cw_timeline_pic/532c4cac82a/e8b38a4ef481b650d0204/ios_large_1471453657_image.jpg","small_picture":"https://coub-anubis-a.akamaized.net/coub_storage/coub/simple/cw_image/1de867efbe9/5382eb60c9d4b983a039d/1471453658_00032.jpg","sharing_picture":null,"percent_done":100,"tags":[{"id":264179,"title":"check yo self","value":"check%20yo%20self"},{"id":2034,"title":"ice cube","value":"ice%20cube"},{"id":1784238,"title":"https://coub.com/view/dyb28","value":"https://coub.com/view/dyb28"}],"categories":[{"id":8,"title":"Music","permalink":"music","subscriptions_count":10082461,"big_image_url":"https://coub-anubis-a.akamaized.net/coub_storage/category/cw_image/0327247c5ff/85914bdd8e1edc998c480/big_1544760089_Music3.png","small_image_url":"https://coub-anubis-a.akamaized.net/coub_storage/category/cw_image/0327247c5ff/85914bdd8e1edc998c480/small_1544760089_Music3.png","med_image_url":"https://coub-anubis-a.akamaized.net/coub_storage/category/cw_image/0327247c5ff/85914bdd8e1edc998c480/med_1544760089_Music3.png","visible":true}],"communities":[{"id":8,"title":"Music","permalink":"music","subscriptions_count":10082461,"big_image_url":"https://coub-anubis-a.akamaized.net/coub_storage/category/cw_image/0327247c5ff/85914bdd8e1edc998c480/big_1544760089_Music3.png","small_image_url":"https://coub-anubis-a.akamaized.net/coub_storage/category/cw_image/0327247c5ff/85914bdd8e1edc998c480/small_1544760089_Music3.png","med_image_url":"https://coub-anubis-a.akamaized.net/coub_storage/category/cw_image/0327247c5ff/85914bdd8e1edc998c480/med_1544760089_Music3.png","i_subscribed":true,"community_notifications_enabled":null,"description":null}],"recoubs_count":253,"remixes_count":1,"likes_count":1185,"dislikes_count":0,"raw_video_id":3315257,"uploaded_by_ios_app":false,"uploaded_by_android_app":false,"media_blocks":{"uploaded_raw_videos":[],"external_raw_videos":[],"remixed_from_coubs":[]},"raw_video_thumbnail_url":"/missing/missing.png","raw_video_title":"Check_Yo_Self.mp4","video_block_banned":false,"duration":10.0,"promo_winner":false,"promo_winner_recoubers":null,"editorial_info":{},"promo_hint":null,"beeline_best_2014":null,"from_web_editor":true,"normalize_sound":true,"normalize_change_allowed":true,"best2015_addable":false,"ahmad_promo":null,"promo_data":null,"audio_copyright_claim":null,"ads_disabled":null,"is_safe_for_ads":true,"megafon_contents":[],"position_on_page":10}]}