{"page":285,"per_page":10,"total_pages":500,"coubs":[{"flag":null,"abuses":null,"recoubs_by_users_channels":null,"favourite":false,"promoted_id":null,"recoub":null,"like":null,"dislike":null,"reaction":null,"in_my_best2015":false,"id":113248056,"type":"Coub::Simple","permalink":"1v0o3e","title":"Leonardo Cumade e Cumpade (Expotrade Pinhais)","visibility_type":"public","original_visibility_type":"public","channel_id":768157,"created_at":"2019-05-27T18:48:23Z","updated_at":"2022-03-09T04:05:24Z","is_done":true,"views_count":217254,"cotd":null,"cotd_at":null,"visible_on_explore_root":false,"visible_on_explore":false,"featured":false,"published":true,"published_at":"2019-05-27T18:48:23Z","reversed":false,"from_editor_v2":true,"is_editable":true,"original_sound":true,"has_sound":true,"recoub_to":null,"file_versions":{"html5":{"video":{"higher":{"url":"https://coub-anubis-a.akamaized.net/coub_storage/coub/simple/cw_file/8af0de3014e/b4e5242ed39fb31179d65/muted_mp4_huge_size_1569172201_muted_huge.mp4","size":5567253},"high":{"url":"https://coub-anubis-a.akamaized.net/coub_storage/coub/simple/cw_file/8af0de3014e/b4e5242ed39fb31179d65/muted_mp4_big_size_1569172201_muted_big.mp4","size":3955067},"med":{"url":"https://coub-anubis-a.akamaized.net/coub_storage/coub/simple/cw_file/8af0de3014e/b4e5242ed39fb31179d65/muted_mp4_med_size_1569172201_muted_med.mp4","size":1459771}},"audio":{"high":{"url":"https://coub-anubis-a.akamaized.net/coub_storage/coub/simple/cw_looped_audio_high/4ff1d35ac46/c44c0a433ee883fc865ea/1605664693_high_1558982955_high.mp3","size":807238},"med":{"url":"https://coub-anubis-a.akamaized.net/coub_storage/coub/simple/cw_looped_audio_med/2b0ac4c3cd1/d245a574b7ef2554901bf/1605664692_med_1558982955_med.mp3","size":799076},"sample_duration":10.009}},"mobile":{"video":"https://coub-anubis-a.akamaized.net/coub_storage/coub/simple/cw_file/8af0de3014e/b4e5242ed39fb31179d65/muted_mp4_med_size_1569172201_muted_med.mp4","audio":["https://coub-anubis-a.akamaized.net/coub_storage/coub/simple/cw_looped_audio_med/2b0ac4c3cd1/d245a574b7ef2554901bf/1605664692_med_1558982955_med.mp3"]},"share":{"default":"https://coub-anubis-a.akamaized.net/coub_storage/coub/simple/cw_video_for_sharing/f6ae85f7afe/4a454c0876e10fae85193/1609251029_looped_1609251026.mp4"}},"audio_versions":{},"image_versions":{"template":"https://coub-anubis-a.akamaized.net/coub_storage/coub/simple/cw_image/6d2c9d0b1e0/ad96041aeed295f8acb5c/1558982972_00032.jpg","versions":["micro","tiny","age_restricted","ios_large","ios_mosaic","big","med","small","pinterest"]},"first_frame_versions":{"template":"https://coub-anubis-a.akamaized.net/coub_storage/coub/simple/cw_timeline_pic/ef46129b8ea/676c4739284038ab7061c/%{version}_1558982971_image.jpg","versions":["big","med","small","ios_large"]},"dimensions":{"big":[1280,720],"med":[640,360]},"site_w_h":[640,360],"page_w_h":[640,360],"site_w_h_small":[310,174],"size":[1280,720],"age_restricted":false,"age_restricted_by_admin":false,"not_safe_for_work":false,"allow_reuse":false,"dont_crop":false,"banned":false,"global_safe":true,"audio_file_url":null,"external_download":{"type":"Youtube","service_name":"YouTube","url":"https://www.youtube.com/watch?v=Mx7ihhDD8p0","has_embed":true},"application":null,"channel":{"id":768157,"permalink":"stanislavolar","title":"Stanislav Olar","description":null,"followers_count":27,"following_count":12,"avatar_versions":{"template":"https://coub-anubis-a.akamaized.net/coub_storage/channel/cw_avatar/68cd3d97ee4/590770f44f0c433552d3e/%{version}_1609318468_r9bhse_1474529486_31021_100166023362998_4159970_n.jpg","versions":["medium","medium_2x","profile_pic","profile_pic_new","profile_pic_new_2x","tiny","tiny_2x","small","small_2x","ios_large","ios_small"]}},"file":null,"picture":"https://coub-anubis-a.akamaized.net/coub_storage/coub/simple/cw_image/6d2c9d0b1e0/ad96041aeed295f8acb5c/1558982972_00032.jpg","timeline_picture":"https://coub-anubis-a.akamaized.net/coub_storage/coub/simple/cw_timeline_pic/ef46129b8ea/676c4739284038ab7061c/ios_large_1558982971_image.jpg","small_picture":"https://coub-anubis-a.akamaized.net/coub_storage/coub/simple/cw_image/6d2c9d0b1e0/ad96041aeed295f8acb5c/1558982972_00032.jpg","sharing_picture":null,"percent_done":100,"tags":[{"id":4963403,"title":"leonardo cumade cumpade","value":"leonardo%20cumade%20cumpade"},{"id":125,"title":"dancing","value":"dancing"},{"id":254,"title":"dancers","value":"dancers"},{"id":265,"title":"girls","value":"girls"},{"id":3103,"title":"девушки","value":"%D0%B4%D0%B5%D0%B2%D1%83%D1%88%D0%BA%D0%B8"},{"id":12383,"title":"танцовщицы","value":"%D1%82%D0%B0%D0%BD%D1%86%D0%BE%D0%B2%D1%89%D0%B8%D1%86%D1%8B"},{"id":86,"title":"music","value":"music"},{"id":433618,"title":"bonitas","value":"bonitas"},{"id":1157,"title":"клип","value":"%D0%BA%D0%BB%D0%B8%D0%BF"}],"categories":[{"id":8,"title":"Music","permalink":"music","subscriptions_count":10082461,"big_image_url":"https://coub-anubis-a.akamaized.net/coub_storage/category/cw_image/0327247c5ff/85914bdd8e1edc998c480/big_1544760089_Music3.png","small_image_url":"https://coub-anubis-a.akamaized.net/coub_storage/category/cw_image/0327247c5ff/85914bdd8e1edc998c480/small_1544760089_Music3.png","med_image_url":"https://coub-anubis-a.akamaized.net/coub_storage/category/cw_image/0327247c5ff/85914bdd8e1edc998c480/med_1544760089_Music3.png","visible":true}],"communities":[{"id":8,"title":"Music","permalink":"music","subscriptions_count":10082461,"big_image_url":"https://coub-anubis-a.akamaized.net/coub_storage/category/cw_image/0327247c5ff/85914bdd8e1edc998c480/big_1544760089_Music3.png","small_image_url":"https://coub-anubis-a.akamaized.net/coub_storage/category/cw_image/0327247c5ff/85914bdd8e1edc998c480/small_1544760089_Music3.png","med_image_url":"https://coub-anubis-a.akamaized.net/coub_storage/category/cw_image/0327247c5ff/85914bdd8e1edc998c480/med_1544760089_Music3.png","i_subscribed":true,"community_notifications_enabled":null,"description":null}],"recoubs_count":293,"remixes_count":2,"likes_count":1662,"dislikes_count":0,"raw_video_id":13749905,"uploaded_by_ios_app":true,"uploaded_by_android_app":false,"media_blocks":{"uploaded_raw_videos":[],"external_raw_videos":[{"id":31932570,"title":"Leonardo Cumade e Cumpade (Expotrade Pinhais) 14-12-2013 HD","url":"https://www.youtube.com/watch?v=Mx7ihhDD8p0","image":"https://coub-anubis-a.akamaized.net/coub_storage/media_block/cw_image/2a941b46380/75bc5b3b133411124db2a/1558670321_1uadq1g_1558670289_1bjikme_att-url-download.jpg","image_retina":"https://coub-anubis-a.akamaized.net/coub_storage/media_block/cw_image/2a941b46380/75bc5b3b133411124db2a/1558670321_1uadq1g_1558670289_1bjikme_att-url-download.jpg","meta":{"service":"Youtube","duration":"179.68"},"duration":179.68,"raw_video_id":13749905,"has_embed":true}],"remixed_from_coubs":[],"external_video":{"id":31932570,"title":"Leonardo Cumade e Cumpade (Expotrade Pinhais) 14-12-2013 HD","url":"https://www.youtube.com/watch?v=Mx7ihhDD8p0","image":"https://coub-anubis-a.akamaized.net/coub_storage/media_block/cw_image/2a941b46380/75bc5b3b133411124db2a/1558670321_1uadq1g_1558670289_1bjikme_att-url-download.jpg","image_retina":"https://coub-anubis-a.akamaized.net/coub_storage/media_block/cw_image/2a941b46380/75bc5b3b133411124db2a/1558670321_1uadq1g_1558670289_1bjikme_att-url-download.jpg","meta":{"service":"Youtube","duration":"179.68"},"duration":179.68,"raw_video_id":13749905,"has_embed":true}},"raw_video_thumbnail_url":"/missing/missing.png","raw_video_title":"Leonardo Cumade e Cumpade (Expotrade Pinhais) 14-12-2013 HD","video_block_banned":false,"duration":10.0,"promo_winner":false,"promo_winner_recoubers":null,"editorial_info":{},"promo_hint":null,"beeline_best_2014":null,"from_web_editor":false,"normalize_sound":true,"normalize_change_allowed":true,"best2015_addable":false,"ahmad_promo":null,"promo_data":null,"audio_copyright_claim":null,"ads_disabled":false,"is_safe_for_ads":true,"megafon_contents":[],"position_on_page":1},{"flag":null,"abuses":null,"recoubs_by_users_channels":null,"favourite":false,"promoted_id":null,"recoub":null,"like":null,"dislike":null,"reaction":null,"in_my_best2015":false,"id":106577229,"type":"Coub::Simple","permalink":"1r1ot9","title":"Kedr Livanskiy -  No more summer rain","visibility_type":"public","original_visibility_type":"public","channel_id":31279,"created_at":"2019-03-25T02:19:26Z","updated_at":"2022-02-21T17:41:32Z","is_done":true,"views_count":151203,"cotd":null,"cotd_at":null,"visible_on_explore_root":true,"visible_on_explore":true,"featured":true,"published":true,"published_at":"2019-03-25T02:19:26Z","reversed":false,"from_editor_v2":true,"is_editable":true,"original_sound":false,"has_sound":false,"recoub_to":null,"file_versions":{"html5":{"video":{"higher":{"url":"https://coub-anubis-a.akamaized.net/coub_storage/coub/simple/cw_file/c5de815e568/0a3b60251e5e5f709cf91/muted_mp4_huge_size_1572039731_muted_huge.mp4","size":3694391},"high":{"url":"https://coub-anubis-a.akamaized.net/coub_storage/coub/simple/cw_file/c5de815e568/0a3b60251e5e5f709cf91/muted_mp4_big_size_1572039731_muted_big.mp4","size":2692227},"med":{"url":"https://coub-anubis-a.akamaized.net/coub_storage/coub/simple/cw_file/c5de815e568/0a3b60251e5e5f709cf91/muted_mp4_med_size_1572039731_muted_med.mp4","size":949281}},"audio":{"high":{"url":"https://coub-anubis-a.akamaized.net/coub_storage/coub/simple/cw_looped_audio_high/7b053f6d9f8/0821a55c4fc87f69c5c19/1605679899_high_1553480536_high.mp3","size":3277488},"med":{"url":"https://coub-anubis-a.akamaized.net/coub_storage/coub/simple/cw_looped_audio_med/4c98fd201e5/0fc46ad39b57569f4de54/1605679898_med_1553480536_med.mp3","size":2388576}}},"mobile":{"video":"https://coub-anubis-a.akamaized.net/coub_storage/coub/simple/cw_file/c5de815e568/0a3b60251e5e5f709cf91/muted_mp4_med_size_1572039731_muted_med.mp4","audio":["https://coub-anubis-a.akamaized.net/coub_storage/coub/simple/cw_looped_audio_med/4c98fd201e5/0fc46ad39b57569f4de54/1605679898_med_1553480536_med.mp3"]},"share":{"default":"https://coub-anubis-a.akamaized.net/coub_storage/coub/simple/cw_video_for_sharing/cc1809dd27e/f96c5ced1e6af1b6f721c/1608379671_looped_1608379670.mp4"}},"audio_versions":{"template":"https://coub-anubis-a.akamaized.net/coub_storage/audio_track/cw_file/1f5c75c60e0/789307d7b5d180065f1b2/mid_1553480517_19grtci_edited.mp3","versions":["mid","low"]},"image_versions":{"template":"https://coub-anubis-a.akamaized.net/coub_storage/coub/simple/cw_image/96732b6f5c6/797cfd16113f0af3d5ea4/1553480548_00025.jpg","versions":["micro","tiny","age_restricted","ios_large","ios_mosaic","big","med","small","pinterest"]},"first_frame_versions":{"template":"https://coub-anubis-a.akamaized.net/coub_storage/coub/simple/cw_timeline_pic/91ab84d3aef/7b0e9aded4d4a85f340b8/%{version}_1553480548_image.jpg","versions":["big","med","small","ios_large"]},"dimensions":{"big":[1280,720],"med":[640,360]},"site_w_h":[640,360],"page_w_h":[640,360],"site_w_h_small":[310,174],"size":[1280,720],"age_restricted":false,"age_restricted_by_admin":false,"not_safe_for_work":false,"allow_reuse":false,"dont_crop":false,"banned":false,"global_safe":true,"audio_file_url":"https://coub-anubis-a.akamaized.net/coub_storage/audio_track/cw_file/1f5c75c60e0/789307d7b5d180065f1b2/low_1553480517_19grtci_edited.mp3","external_download":{"type":"Youtube","service_name":"YouTube","url":"https://www.youtube.com/watch?v=-GHvTbBWIvQ","has_embed":true},"application":null,"channel":{"id":31279,"permalink":"dream2013","title":" ̶D̶ ̶R̶ ̶E̶ ̶A̶ ̶M̶","description":null,"followers_count":8399,"following_count":359,"avatar_versions":{"template":"https://coub-anubis-a.akamaized.net/coub_storage/channel/cw_avatar/a383acb0804/bed737568d61f17b31fe3/%{version}_1620471307_profile_pic_big_1596669646_M86LLTulLAY__1__-________1_.jpg","versions":["medium","medium_2x","profile_pic","profile_pic_new","profile_pic_new_2x","tiny","tiny_2x","small","small_2x","ios_large","ios_small"]}},"file":null,"picture":"https://coub-anubis-a.akamaized.net/coub_storage/coub/simple/cw_image/96732b6f5c6/797cfd16113f0af3d5ea4/1553480548_00025.jpg","timeline_picture":"https://coub-anubis-a.akamaized.net/coub_storage/coub/simple/cw_timeline_pic/91ab84d3aef/7b0e9aded4d4a85f340b8/ios_large_1553480548_image.jpg","small_picture":"https://coub-anubis-a.akamaized.net/coub_storage/coub/simple/cw_image/96732b6f5c6/797cfd16113f0af3d5ea4/1553480548_00025.jpg","sharing_picture":null,"percent_done":100,"tags":[],"categories":[{"id":8,"title":"Music","permalink":"music","subscriptions_count":10082461,"big_image_url":"https://coub-anubis-a.akamaized.net/coub_storage/category/cw_image/0327247c5ff/85914bdd8e1edc998c480/big_1544760089_Music3.png","small_image_url":"https://coub-anubis-a.akamaized.net/coub_storage/category/cw_image/0327247c5ff/85914bdd8e1edc998c480/small_1544760089_Music3.png","med_image_url":"https://coub-anubis-a.akamaized.net/coub_storage/category/cw_image/0327247c5ff/85914bdd8e1edc998c480/med_1544760089_Music3.png","visible":true}],"communities":[{"id":8,"title":"Music","permalink":"music","subscriptions_count":10082461,"big_image_url":"https://coub-anubis-a.akamaized.net/coub_storage/category/cw_image/0327247c5ff/85914bdd8e1edc998c480/big_1544760089_Music3.png","small_image_url":"https://coub-anubis-a.akamaized.net/coub_storage/category/cw_image/0327247c5ff/85914bdd8e1edc998c480/small_1544760089_Music3.png","med_image_url":"https://coub-anubis-a.akamaized.net/coub_storage/category/cw_image/0327247c5ff/85914bdd8e1edc998c480/med_1544760089_Music3.png","i_subscribed":true,"community_notifications_enabled":null,"description":null}],"recoubs_count":359,"remixes_count":1,"likes_count":1662,"dislikes_count":0,"raw_video_id":13434082,"uploaded_by_ios_app":false,"uploaded_by_android_app":false,"media_blocks":{"uploaded_raw_videos":[],"external_raw_videos":[{"id":31071857,"title":"Kedr Livanskiy -  No more summer rain","url":"https://www.youtube.com/watch?v=-GHvTbBWIvQ","image":"https://coub-anubis-a.akamaized.net/coub_storage/media_block/cw_image/fa75757c3c7/cd076fd12bf9e2800904e/1553479925_1os3hn9_1553479849_1a2n16a_att-url-download.jpg","image_retina":"https://coub-anubis-a.akamaized.net/coub_storage/media_block/cw_image/fa75757c3c7/cd076fd12bf9e2800904e/1553479925_1os3hn9_1553479849_1a2n16a_att-url-download.jpg","meta":{"service":"Youtube","duration":"323.72"},"duration":323.72,"raw_video_id":13434082,"has_embed":true}],"remixed_from_coubs":[],"external_video":{"id":31071857,"title":"Kedr Livanskiy -  No more summer rain","url":"https://www.youtube.com/watch?v=-GHvTbBWIvQ","image":"https://coub-anubis-a.akamaized.net/coub_storage/media_block/cw_image/fa75757c3c7/cd076fd12bf9e2800904e/1553479925_1os3hn9_1553479849_1a2n16a_att-url-download.jpg","image_retina":"https://coub-anubis-a.akamaized.net/coub_storage/media_block/cw_image/fa75757c3c7/cd076fd12bf9e2800904e/1553479925_1os3hn9_1553479849_1a2n16a_att-url-download.jpg","meta":{"service":"Youtube","duration":"323.72"},"duration":323.72,"raw_video_id":13434082,"has_embed":true}},"raw_video_thumbnail_url":"/missing/missing.png","raw_video_title":"Kedr Livanskiy -  No more summer rain","video_block_banned":false,"duration":7.8,"promo_winner":false,"promo_winner_recoubers":null,"editorial_info":{},"promo_hint":null,"beeline_best_2014":null,"from_web_editor":true,"normalize_sound":false,"normalize_change_allowed":true,"best2015_addable":false,"ahmad_promo":null,"promo_data":null,"audio_copyright_claim":null,"ads_disabled":false,"is_safe_for_ads":true,"megafon_contents":[],"position_on_page":2},{"flag":null,"abuses":null,"recoubs_by_users_channels":null,"favourite":false,"promoted_id":null,"recoub":null,"like":null,"dislike":null,"reaction":null,"in_my_best2015":false,"id":181445724,"type":"Coub::Simple","permalink":"2zojcl","title":"Ребята прикиньте тут есть радио","visibility_type":"public","original_visibility_type":"public","channel_id":3083465,"created_at":"2022-01-14T04:57:03Z","updated_at":"2022-03-15T21:07:55Z","is_done":true,"views_count":128144,"cotd":null,"cotd_at":null,"visible_on_explore_root":false,"visible_on_explore":false,"featured":false,"published":true,"published_at":"2022-01-14T04:57:03Z","reversed":false,"from_editor_v2":true,"is_editable":true,"original_sound":true,"has_sound":true,"recoub_to":null,"file_versions":{"html5":{"video":{"higher":{"url":"https://coub-anubis-a.akamaized.net/coub_storage/coub/simple/cw_file/ac02fec5391/9bf0ac1228e12e25f03c5/muted_mp4_huge_size_1642136239_muted_huge.mp4","size":2605348},"high":{"url":"https://coub-anubis-a.akamaized.net/coub_storage/coub/simple/cw_file/ac02fec5391/9bf0ac1228e12e25f03c5/muted_mp4_big_size_1642136239_muted_big.mp4","size":1773169},"med":{"url":"https://coub-anubis-a.akamaized.net/coub_storage/coub/simple/cw_file/ac02fec5391/9bf0ac1228e12e25f03c5/muted_mp4_med_size_1642136239_muted_med.mp4","size":651977}},"audio":{"high":{"url":"https://coub-anubis-a.akamaized.net/coub_storage/coub/simple/cw_looped_audio_high/76efecebca0/7ef4d71304c591d1d6c17/1642136242_mp3-high.mp3","size":1038474},"med":{"url":"https://coub-anubis-a.akamaized.net/coub_storage/coub/simple/cw_looped_audio_med/47930f06eca/ac7d02ee491573b9c5b24/1642136241_mp3-med.mp3","size":791744},"sample_duration":10.008}},"mobile":{"video":"https://coub-anubis-a.akamaized.net/coub_storage/coub/simple/cw_file/ac02fec5391/9bf0ac1228e12e25f03c5/muted_mp4_med_size_1642136239_muted_med.mp4","audio":["https://coub-anubis-a.akamaized.net/coub_storage/coub/simple/cw_looped_audio_med/47930f06eca/ac7d02ee491573b9c5b24/1642136241_mp3-med.mp3"]},"share":{"default":"https://coub-anubis-a.akamaized.net/coub_storage/coub/simple/cw_video_for_sharing/bfa4277e029/79594f2f0c811800f79c5/1642136301_looped_1642136298.mp4"}},"audio_versions":{},"image_versions":{"template":"https://coub-anubis-a.akamaized.net/coub_storage/coub/simple/cw_image/e74e5e8355e/b7364469211a8d199fbf1/%{version}_1642136252_00032.jpg","versions":["micro","tiny","age_restricted","ios_large","ios_mosaic","big","med","small","pinterest"]},"first_frame_versions":{"template":"https://coub-anubis-a.akamaized.net/coub_storage/coub/simple/cw_timeline_pic/3f91c05b5b9/0e77a9a54443e7d6f2d41/%{version}_1642136251_image.jpg","versions":["big","med","small","ios_large"]},"dimensions":{"big":[1280,720],"med":[640,360]},"site_w_h":[640,360],"page_w_h":[640,360],"site_w_h_small":[310,174],"size":[1280,720],"age_restricted":false,"age_restricted_by_admin":false,"not_safe_for_work":false,"allow_reuse":false,"dont_crop":true,"banned":false,"global_safe":null,"audio_file_url":null,"external_download":false,"application":null,"channel":{"id":3083465,"permalink":"-luzius-","title":"CHEEKY BREEKY","description":null,"followers_count":21,"following_count":13,"avatar_versions":{"template":"https://coub-anubis-a.akamaized.net/coub_storage/channel/cw_avatar/551255e0d7a/b62c78c1162718161cb6b/%{version}_1618245635_98012ec60d54d79c998de7dfc78467976e4a170br1-1280-720v2_00.jpg","versions":["medium","medium_2x","profile_pic","profile_pic_new","profile_pic_new_2x","tiny","tiny_2x","small","small_2x","ios_large","ios_small"]}},"file":null,"picture":"https://coub-anubis-a.akamaized.net/coub_storage/coub/simple/cw_image/e74e5e8355e/b7364469211a8d199fbf1/med_1642136252_00032.jpg","timeline_picture":"https://coub-anubis-a.akamaized.net/coub_storage/coub/simple/cw_timeline_pic/3f91c05b5b9/0e77a9a54443e7d6f2d41/ios_large_1642136251_image.jpg","small_picture":"https://coub-anubis-a.akamaized.net/coub_storage/coub/simple/cw_image/e74e5e8355e/b7364469211a8d199fbf1/ios_mosaic_1642136252_00032.jpg","sharing_picture":null,"percent_done":100,"tags":[{"id":21399,"title":"радио","value":"%D1%80%D0%B0%D0%B4%D0%B8%D0%BE"},{"id":1409,"title":"radio","value":"radio"},{"id":101190,"title":"ramstein","value":"ramstein"},{"id":2469,"title":"рамштайн","value":"%D1%80%D0%B0%D0%BC%D1%88%D1%82%D0%B0%D0%B9%D0%BD"},{"id":6698673,"title":"ребята прикиньте","value":"%D1%80%D0%B5%D0%B1%D1%8F%D1%82%D0%B0%20%D0%BF%D1%80%D0%B8%D0%BA%D0%B8%D0%BD%D1%8C%D1%82%D0%B5"},{"id":2678641,"title":"радио тапок","value":"%D1%80%D0%B0%D0%B4%D0%B8%D0%BE%20%D1%82%D0%B0%D0%BF%D0%BE%D0%BA"},{"id":4262788,"title":"тик ток","value":"%D1%82%D0%B8%D0%BA%20%D1%82%D0%BE%D0%BA"}],"categories":[{"id":8,"title":"Music","permalink":"music","subscriptions_count":10082461,"big_image_url":"https://coub-anubis-a.akamaized.net/coub_storage/category/cw_image/0327247c5ff/85914bdd8e1edc998c480/big_1544760089_Music3.png","small_image_url":"https://coub-anubis-a.akamaized.net/coub_storage/category/cw_image/0327247c5ff/85914bdd8e1edc998c480/small_1544760089_Music3.png","med_image_url":"https://coub-anubis-a.akamaized.net/coub_storage/category/cw_image/0327247c5ff/85914bdd8e1edc998c480/med_1544760089_Music3.png","visible":true}],"communities":[{"id":8,"title":"Music","permalink":"music","subscriptions_count":10082461,"big_image_url":"https://coub-anubis-a.akamaized.net/coub_storage/category/cw_image/0327247c5ff/85914bdd8e1edc998c480/big_1544760089_Music3.png","small_image_url":"https://coub-anubis-a.akamaized.net/coub_storage/category/cw_image/0327247c5ff/85914bdd8e1edc998c480/small_1544760089_Music3.png","med_image_url":"https://coub-anubis-a.akamaized.net/coub_storage/category/cw_image/0327247c5ff/85914bdd8e1edc998c480/med_1544760089_Music3.png","i_subscribed":true,"community_notifications_enabled":null,"description":null}],"recoubs_count":290,"remixes_count":0,"likes_count":1661,"dislikes_count":0,"raw_video_id":17060683,"uploaded_by_ios_app":false,"uploaded_by_android_app":false,"media_blocks":{"uploaded_raw_videos":[],"external_raw_videos":[],"remixed_from_coubs":[]},"raw_video_thumbnail_url":"https://coub-anubis-a.akamaized.net/coub_storage/raw_video/cw_image/5e3436bc052/50e61d2f1b706a307567c/coub_media_1642136008_image.jpg","raw_video_title":"_____.mp4","video_block_banned":false,"duration":10.0,"promo_winner":false,"promo_winner_recoubers":null,"editorial_info":{},"promo_hint":null,"beeline_best_2014":null,"from_web_editor":true,"normalize_sound":true,"normalize_change_allowed":true,"best2015_addable":false,"ahmad_promo":null,"promo_data":null,"audio_copyright_claim":null,"ads_disabled":false,"is_safe_for_ads":true,"megafon_contents":[],"position_on_page":3},{"flag":null,"abuses":null,"recoubs_by_users_channels":null,"favourite":false,"promoted_id":null,"recoub":null,"like":null,"dislike":null,"reaction":null,"in_my_best2015":false,"id":74485811,"type":"Coub::Simple","permalink":"17xfa8","title":"This is gladkiy criminal","visibility_type":"public","original_visibility_type":"public","channel_id":330395,"created_at":"2018-05-15T06:13:52Z","updated_at":"2022-03-03T09:18:38Z","is_done":true,"views_count":108940,"cotd":null,"cotd_at":null,"visible_on_explore_root":false,"visible_on_explore":false,"featured":false,"published":true,"published_at":"2018-05-15T06:13:52Z","reversed":false,"from_editor_v2":true,"is_editable":true,"original_sound":false,"has_sound":false,"recoub_to":null,"file_versions":{"html5":{"video":{"higher":{"url":"https://coub-anubis-a.akamaized.net/coub_storage/coub/simple/cw_file/556e342765c/f2908fee9401001367ec1/muted_mp4_huge_size_1568233878_muted_huge.mp4","size":4574999},"high":{"url":"https://coub-anubis-a.akamaized.net/coub_storage/coub/simple/cw_file/556e342765c/f2908fee9401001367ec1/muted_mp4_big_size_1568233878_muted_big.mp4","size":3352661},"med":{"url":"https://coub-anubis-a.akamaized.net/coub_storage/coub/simple/cw_file/556e342765c/f2908fee9401001367ec1/muted_mp4_med_size_1568233878_muted_med.mp4","size":1031137}},"audio":{"high":{"url":"https://coub-anubis-a.akamaized.net/coub_storage/coub/simple/cw_looped_audio_high/4e59db1f050/f810e84e6e55c4c4a9d1b/1605652804_high_1526364876_high.mp3","size":1804543},"med":{"url":"https://coub-anubis-a.akamaized.net/coub_storage/coub/simple/cw_looped_audio_med/392f0a47aad/96090a86e4baa961ba18c/1605652803_med_1526364876_med.mp3","size":1310214}}},"mobile":{"video":"https://coub-anubis-a.akamaized.net/coub_storage/coub/simple/cw_file/556e342765c/f2908fee9401001367ec1/muted_mp4_med_size_1568233878_muted_med.mp4","audio":["https://coub-anubis-a.akamaized.net/coub_storage/coub/simple/cw_looped_audio_med/392f0a47aad/96090a86e4baa961ba18c/1605652803_med_1526364876_med.mp3"]},"share":{"default":"https://coub-anubis-a.akamaized.net/coub_storage/coub/simple/cw_video_for_sharing/1d8ab7b1f86/1292f90839f8c354556a9/1608584750_looped_1608584749.mp4"}},"audio_versions":{"template":"https://coub-anubis-a.akamaized.net/coub_storage/audio_track/cw_normalized_copy/5eb574ad387/8b21c5f54d9d61132a1ac/mid_1526364870_1d0ldzr_normalized_1526364864_1oqqanj_edited.mp3","versions":["mid","low"]},"image_versions":{"template":"https://coub-anubis-a.akamaized.net/coub_storage/coub/simple/cw_image/a36db078017/8a6847f00fb78fbdc9a35/1526364884_00032.jpg","versions":["micro","tiny","age_restricted","ios_large","ios_mosaic","big","med","small","pinterest"]},"first_frame_versions":{"template":"https://coub-anubis-a.akamaized.net/coub_storage/coub/simple/cw_timeline_pic/d1650939695/ea001c5a748965cb850ca/%{version}_1526364883_image.jpg","versions":["big","med","small","ios_large"]},"dimensions":{"big":[1280,720],"med":[640,360]},"site_w_h":[640,360],"page_w_h":[640,360],"site_w_h_small":[310,174],"size":[1280,720],"age_restricted":false,"age_restricted_by_admin":false,"not_safe_for_work":false,"allow_reuse":false,"dont_crop":false,"banned":false,"global_safe":false,"audio_file_url":"https://coub-anubis-a.akamaized.net/coub_storage/audio_track/cw_normalized_copy/5eb574ad387/8b21c5f54d9d61132a1ac/low_1526364870_1d0ldzr_normalized_1526364864_1oqqanj_edited.mp3","external_download":{"type":"Youtube","service_name":"YouTube","url":"http://youtu.be/VYOjWnS4cMY","has_embed":true},"application":null,"channel":{"id":330395,"permalink":"qoba0000","title":"QobA","description":null,"followers_count":46,"following_count":12,"avatar_versions":{"template":"https://coub-anubis-a.akamaized.net/coub_storage/channel/cw_avatar/06a791bbefe/3717cccc42d9a17b66c3a/%{version}_1528747897_X0Ilf5ZAgzM.jpg","versions":["medium","medium_2x","profile_pic","profile_pic_new","profile_pic_new_2x","tiny","tiny_2x","small","small_2x","ios_large","ios_small"]}},"file":null,"picture":"https://coub-anubis-a.akamaized.net/coub_storage/coub/simple/cw_image/a36db078017/8a6847f00fb78fbdc9a35/1526364884_00032.jpg","timeline_picture":"https://coub-anubis-a.akamaized.net/coub_storage/coub/simple/cw_timeline_pic/d1650939695/ea001c5a748965cb850ca/ios_large_1526364883_image.jpg","small_picture":"https://coub-anubis-a.akamaized.net/coub_storage/coub/simple/cw_image/a36db078017/8a6847f00fb78fbdc9a35/1526364884_00032.jpg","sharing_picture":null,"percent_done":100,"tags":[{"id":28248,"title":"childish gambino","value":"childish%20gambino"},{"id":74,"title":"rap","value":"rap"},{"id":2095674,"title":"this is america","value":"this%20is%20america"},{"id":3940505,"title":"mcdj recording/rca records","value":"mcdj%20recording/rca%20records"},{"id":3665544,"title":"саня ты впорядке","value":"%D1%81%D0%B0%D0%BD%D1%8F%20%D1%82%D1%8B%20%D0%B2%D0%BF%D0%BE%D1%80%D1%8F%D0%B4%D0%BA%D0%B5"},{"id":2720530,"title":"гладкий криминал","value":"%D0%B3%D0%BB%D0%B0%D0%B4%D0%BA%D0%B8%D0%B9%20%D0%BA%D1%80%D0%B8%D0%BC%D0%B8%D0%BD%D0%B0%D0%BB"}],"categories":[{"id":8,"title":"Music","permalink":"music","subscriptions_count":10082461,"big_image_url":"https://coub-anubis-a.akamaized.net/coub_storage/category/cw_image/0327247c5ff/85914bdd8e1edc998c480/big_1544760089_Music3.png","small_image_url":"https://coub-anubis-a.akamaized.net/coub_storage/category/cw_image/0327247c5ff/85914bdd8e1edc998c480/small_1544760089_Music3.png","med_image_url":"https://coub-anubis-a.akamaized.net/coub_storage/category/cw_image/0327247c5ff/85914bdd8e1edc998c480/med_1544760089_Music3.png","visible":true}],"communities":[{"id":8,"title":"Music","permalink":"music","subscriptions_count":10082461,"big_image_url":"https://coub-anubis-a.akamaized.net/coub_storage/category/cw_image/0327247c5ff/85914bdd8e1edc998c480/big_1544760089_Music3.png","small_image_url":"https://coub-anubis-a.akamaized.net/coub_storage/category/cw_image/0327247c5ff/85914bdd8e1edc998c480/small_1544760089_Music3.png","med_image_url":"https://coub-anubis-a.akamaized.net/coub_storage/category/cw_image/0327247c5ff/85914bdd8e1edc998c480/med_1544760089_Music3.png","i_subscribed":true,"community_notifications_enabled":null,"description":null}],"recoubs_count":349,"remixes_count":4,"likes_count":1661,"dislikes_count":0,"raw_video_id":11644651,"uploaded_by_ios_app":false,"uploaded_by_android_app":false,"media_blocks":{"uploaded_raw_videos":[],"external_raw_videos":[{"id":26233545,"title":"Childish Gambino - This Is America (Official Video)","url":"http://www.youtube.com/watch?v=VYOjWnS4cMY","image":"https://coub-anubis-a.akamaized.net/coub_storage/media_block/cw_image/9e8f2cf377c/617f3a326325b799448cd/1525580165_1525580112_9b16na_att-url-download.jpg","image_retina":"https://coub-anubis-a.akamaized.net/coub_storage/media_block/cw_image/9e8f2cf377c/617f3a326325b799448cd/1525580165_1525580112_9b16na_att-url-download.jpg","meta":{"service":"Youtube","duration":"244.84"},"duration":244.84,"raw_video_id":11644651,"has_embed":true}],"remixed_from_coubs":[],"external_video":{"id":26233545,"title":"Childish Gambino - This Is America (Official Video)","url":"http://www.youtube.com/watch?v=VYOjWnS4cMY","image":"https://coub-anubis-a.akamaized.net/coub_storage/media_block/cw_image/9e8f2cf377c/617f3a326325b799448cd/1525580165_1525580112_9b16na_att-url-download.jpg","image_retina":"https://coub-anubis-a.akamaized.net/coub_storage/media_block/cw_image/9e8f2cf377c/617f3a326325b799448cd/1525580165_1525580112_9b16na_att-url-download.jpg","meta":{"service":"Youtube","duration":"244.84"},"duration":244.84,"raw_video_id":11644651,"has_embed":true}},"raw_video_thumbnail_url":"/missing/missing.png","raw_video_title":"Childish Gambino - This Is America (Official Video)","video_block_banned":false,"duration":10.0,"promo_winner":false,"promo_winner_recoubers":null,"editorial_info":{},"promo_hint":null,"beeline_best_2014":null,"from_web_editor":true,"normalize_sound":true,"normalize_change_allowed":true,"best2015_addable":false,"ahmad_promo":null,"promo_data":null,"audio_copyright_claim":null,"ads_disabled":false,"is_safe_for_ads":true,"megafon_contents":[],"position_on_page":4},{"flag":null,"abuses":null,"recoubs_by_users_channels":null,"favourite":false,"promoted_id":null,"recoub":null,"like":null,"dislike":null,"reaction":null,"in_my_best2015":false,"id":152414321,"type":"Coub::Simple","permalink":"2ieae6","title":"Riders on the Storm","visibility_type":"public","original_visibility_type":"public","channel_id":3149466,"created_at":"2020-08-24T08:57:42Z","updated_at":"2022-03-16T04:19:22Z","is_done":true,"views_count":142310,"cotd":null,"cotd_at":null,"visible_on_explore_root":false,"visible_on_explore":false,"featured":false,"published":true,"published_at":"2020-08-24T08:57:42Z","reversed":false,"from_editor_v2":true,"is_editable":true,"original_sound":true,"has_sound":true,"recoub_to":null,"file_versions":{"html5":{"video":{"higher":{"url":"https://coub-anubis-a.akamaized.net/coub_storage/coub/simple/cw_file/8ce33649429/dce0d18430d9e644d7ea7/muted_mp4_huge_size_1598259489_muted_huge.mp4","size":2735010},"high":{"url":"https://coub-anubis-a.akamaized.net/coub_storage/coub/simple/cw_file/8ce33649429/dce0d18430d9e644d7ea7/muted_mp4_big_size_1598259489_muted_big.mp4","size":1784877},"med":{"url":"https://coub-anubis-a.akamaized.net/coub_storage/coub/simple/cw_file/8ce33649429/dce0d18430d9e644d7ea7/muted_mp4_med_size_1598259489_muted_med.mp4","size":531595}},"audio":{"high":{"url":"https://coub-anubis-a.akamaized.net/coub_storage/coub/simple/cw_looped_audio_high/9b0fada1da5/517c4dc0bc57aceda6ac0/1607286120_high_1598259489_high.mp3","size":805362},"med":{"url":"https://coub-anubis-a.akamaized.net/coub_storage/coub/simple/cw_looped_audio_med/364d279cab6/db642b635dc2530de2306/1607286120_med_1598259489_med.mp3","size":799024},"sample_duration":10.008}},"mobile":{"video":"https://coub-anubis-a.akamaized.net/coub_storage/coub/simple/cw_file/8ce33649429/dce0d18430d9e644d7ea7/muted_mp4_med_size_1598259489_muted_med.mp4","audio":["https://coub-anubis-a.akamaized.net/coub_storage/coub/simple/cw_looped_audio_med/364d279cab6/db642b635dc2530de2306/1607286120_med_1598259489_med.mp3"]},"share":{"default":"https://coub-anubis-a.akamaized.net/coub_storage/coub/simple/cw_video_for_sharing/83009f3d7a6/d9774b4b68ac5ce20b282/1608650252_looped_1608650250.mp4"}},"audio_versions":{},"image_versions":{"template":"https://coub-anubis-a.akamaized.net/coub_storage/coub/simple/cw_image/e0670583d86/7ec9322eca94ca0d70955/1598259496_00032.jpg","versions":["micro","tiny","age_restricted","ios_large","ios_mosaic","big","med","small","pinterest"]},"first_frame_versions":{"template":"https://coub-anubis-a.akamaized.net/coub_storage/coub/simple/cw_timeline_pic/b64a7c6059e/628776fcb2518ea07d510/1598259495_image.jpg","versions":["big","med","small","ios_large"]},"dimensions":{"big":[1280,720],"med":[640,360]},"site_w_h":[640,360],"page_w_h":[640,360],"site_w_h_small":[310,174],"size":[1280,720],"age_restricted":false,"age_restricted_by_admin":false,"not_safe_for_work":false,"allow_reuse":false,"dont_crop":false,"banned":false,"global_safe":null,"audio_file_url":null,"external_download":{"type":"Youtube","service_name":"YouTube","url":"https://www.youtube.com/watch?v=XLCZwueZyaI","has_embed":true},"application":null,"channel":{"id":3149466,"permalink":"yourlife","title":"YOUR LIFE","description":"This is your life","followers_count":1122,"following_count":1,"avatar_versions":{"template":"https://coub-anubis-a.akamaized.net/coub_storage/channel/cw_avatar/2514ee51fe1/c50094f1dc12e04d1ec25/%{version}_1607419496_nx6s25_1546118736_EEEE.png","versions":["medium","medium_2x","profile_pic","profile_pic_new","profile_pic_new_2x","tiny","tiny_2x","small","small_2x","ios_large","ios_small"]}},"file":null,"picture":"https://coub-anubis-a.akamaized.net/coub_storage/coub/simple/cw_image/e0670583d86/7ec9322eca94ca0d70955/1598259496_00032.jpg","timeline_picture":"https://coub-anubis-a.akamaized.net/coub_storage/coub/simple/cw_timeline_pic/b64a7c6059e/628776fcb2518ea07d510/1598259495_image.jpg","small_picture":"https://coub-anubis-a.akamaized.net/coub_storage/coub/simple/cw_image/e0670583d86/7ec9322eca94ca0d70955/1598259496_00032.jpg","sharing_picture":null,"percent_done":100,"tags":[{"id":8452,"title":"riders on the storm","value":"riders%20on%20the%20storm"},{"id":20708,"title":"riders","value":"riders"},{"id":5859487,"title":"райдерс оф зэ сторм","value":"%D1%80%D0%B0%D0%B9%D0%B4%D0%B5%D1%80%D1%81%20%D0%BE%D1%84%20%D0%B7%D1%8D%20%D1%81%D1%82%D0%BE%D1%80%D0%BC"},{"id":4026572,"title":"райдерс","value":"%D1%80%D0%B0%D0%B9%D0%B4%D0%B5%D1%80%D1%81"},{"id":22941,"title":"old school","value":"old%20school"},{"id":7129,"title":"classical music","value":"classical%20music"},{"id":192,"title":"classic","value":"classic"}],"categories":[{"id":8,"title":"Music","permalink":"music","subscriptions_count":10082461,"big_image_url":"https://coub-anubis-a.akamaized.net/coub_storage/category/cw_image/0327247c5ff/85914bdd8e1edc998c480/big_1544760089_Music3.png","small_image_url":"https://coub-anubis-a.akamaized.net/coub_storage/category/cw_image/0327247c5ff/85914bdd8e1edc998c480/small_1544760089_Music3.png","med_image_url":"https://coub-anubis-a.akamaized.net/coub_storage/category/cw_image/0327247c5ff/85914bdd8e1edc998c480/med_1544760089_Music3.png","visible":true}],"communities":[{"id":8,"title":"Music","permalink":"music","subscriptions_count":10082461,"big_image_url":"https://coub-anubis-a.akamaized.net/coub_storage/category/cw_image/0327247c5ff/85914bdd8e1edc998c480/big_1544760089_Music3.png","small_image_url":"https://coub-anubis-a.akamaized.net/coub_storage/category/cw_image/0327247c5ff/85914bdd8e1edc998c480/small_1544760089_Music3.png","med_image_url":"https://coub-anubis-a.akamaized.net/coub_storage/category/cw_image/0327247c5ff/85914bdd8e1edc998c480/med_1544760089_Music3.png","i_subscribed":true,"community_notifications_enabled":null,"description":null}],"recoubs_count":318,"remixes_count":0,"likes_count":1659,"dislikes_count":0,"raw_video_id":15525029,"uploaded_by_ios_app":false,"uploaded_by_android_app":false,"media_blocks":{"uploaded_raw_videos":[],"external_raw_videos":[{"id":36574128,"title":"Eroğlu Kızlar Orkestrası","url":"https://www.youtube.com/watch?v=XLCZwueZyaI","image":null,"image_retina":null,"meta":{"service":"Youtube","duration":"192.84"},"duration":192.84,"raw_video_id":15525029,"has_embed":true}],"remixed_from_coubs":[],"external_video":{"id":36574128,"title":"Eroğlu Kızlar Orkestrası","url":"https://www.youtube.com/watch?v=XLCZwueZyaI","image":null,"image_retina":null,"meta":{"service":"Youtube","duration":"192.84"},"duration":192.84,"raw_video_id":15525029,"has_embed":true}},"raw_video_thumbnail_url":"/missing/missing.png","raw_video_title":"Eroğlu Kızlar Orkestrası","video_block_banned":false,"duration":10.0,"promo_winner":false,"promo_winner_recoubers":null,"editorial_info":{},"promo_hint":null,"beeline_best_2014":null,"from_web_editor":true,"normalize_sound":true,"normalize_change_allowed":true,"best2015_addable":false,"ahmad_promo":null,"promo_data":null,"audio_copyright_claim":null,"ads_disabled":false,"is_safe_for_ads":true,"megafon_contents":[],"position_on_page":5},{"flag":null,"abuses":null,"recoubs_by_users_channels":null,"favourite":false,"promoted_id":null,"recoub":null,"like":null,"dislike":null,"reaction":null,"in_my_best2015":false,"id":147782844,"type":"Coub::Simple","permalink":"2fn0p0","title":"Duke Dumont - The Giver","visibility_type":"public","original_visibility_type":"public","channel_id":418930,"created_at":"2020-06-20T11:55:22Z","updated_at":"2022-03-09T01:34:30Z","is_done":true,"views_count":118119,"cotd":null,"cotd_at":null,"visible_on_explore_root":false,"visible_on_explore":false,"featured":false,"published":true,"published_at":"2020-06-20T11:55:22Z","reversed":false,"from_editor_v2":true,"is_editable":true,"original_sound":false,"has_sound":false,"recoub_to":null,"file_versions":{"html5":{"video":{"higher":{"url":"https://coub-anubis-a.akamaized.net/coub_storage/coub/simple/cw_file/cb23e9d2930/01ae1feaa5a732c7a65e2/muted_mp4_huge_size_1592654184_muted_huge.mp4","size":2172989},"high":{"url":"https://coub-anubis-a.akamaized.net/coub_storage/coub/simple/cw_file/cb23e9d2930/01ae1feaa5a732c7a65e2/muted_mp4_big_size_1592654184_muted_big.mp4","size":1485426},"med":{"url":"https://coub-anubis-a.akamaized.net/coub_storage/coub/simple/cw_file/cb23e9d2930/01ae1feaa5a732c7a65e2/muted_mp4_med_size_1592654184_muted_med.mp4","size":444875}},"audio":{"high":{"url":"https://coub-anubis-a.akamaized.net/coub_storage/coub/simple/cw_looped_audio_high/5766f160c4a/118f0fb5db89cc8718685/1605683323_high_1592654196_high.mp3","size":1043201},"med":{"url":"https://coub-anubis-a.akamaized.net/coub_storage/coub/simple/cw_looped_audio_med/b9d500c04ff/3f4dd1f37aee49afb6f35/1605683322_med_1592654196_med.mp3","size":915674}}},"mobile":{"video":"https://coub-anubis-a.akamaized.net/coub_storage/coub/simple/cw_file/cb23e9d2930/01ae1feaa5a732c7a65e2/muted_mp4_med_size_1592654184_muted_med.mp4","audio":["https://coub-anubis-a.akamaized.net/coub_storage/coub/simple/cw_looped_audio_med/b9d500c04ff/3f4dd1f37aee49afb6f35/1605683322_med_1592654196_med.mp3"]},"share":{"default":"https://coub-anubis-a.akamaized.net/coub_storage/coub/simple/cw_video_for_sharing/6cd76d65119/e9cf60fd4d271add586df/1609188462_looped_1609188461.mp4"}},"audio_versions":{"template":"https://coub-anubis-a.akamaized.net/coub_storage/audio_track/cw_normalized_copy/b733102b75e/68d2012c50989c2145645/mid_1612954873_normalized_1588939569_audio.mp3","versions":["mid","low"]},"image_versions":{"template":"https://coub-anubis-a.akamaized.net/coub_storage/coub/simple/cw_image/a9fc21d0d93/ba3e6e29ef0c9f1356cff/1592654209_00032.jpg","versions":["micro","tiny","age_restricted","ios_large","ios_mosaic","big","med","small","pinterest"]},"first_frame_versions":{"template":"https://coub-anubis-a.akamaized.net/coub_storage/coub/simple/cw_timeline_pic/8117e692a7e/f526550c51252f4400223/%{version}_1592654208_image.jpg","versions":["big","med","small","ios_large"]},"dimensions":{"big":[1280,544],"med":[640,272]},"site_w_h":[640,272],"page_w_h":[640,272],"site_w_h_small":[310,132],"size":[1280,544],"age_restricted":false,"age_restricted_by_admin":false,"not_safe_for_work":false,"allow_reuse":false,"dont_crop":false,"banned":false,"global_safe":false,"audio_file_url":"https://coub-anubis-a.akamaized.net/coub_storage/audio_track/cw_normalized_copy/b733102b75e/68d2012c50989c2145645/low_1612954873_normalized_1588939569_audio.mp3","external_download":{"type":"Youtube","service_name":"YouTube","url":"https://www.youtube.com/watch?v=6oAqOFz6QsU","has_embed":true},"application":null,"channel":{"id":418930,"permalink":"chudotvoretsivan","title":"Chudotvorets Ivan","description":null,"followers_count":5540,"following_count":37673,"avatar_versions":{"template":"https://coub-anubis-a.akamaized.net/coub_storage/channel/cw_avatar/8ae1638c2fb/582c3b62154dd1c515efb/%{version}_1515437296_pdS49Bq6L7o.jpg","versions":["medium","medium_2x","profile_pic","profile_pic_new","profile_pic_new_2x","tiny","tiny_2x","small","small_2x","ios_large","ios_small"]}},"file":null,"picture":"https://coub-anubis-a.akamaized.net/coub_storage/coub/simple/cw_image/a9fc21d0d93/ba3e6e29ef0c9f1356cff/1592654209_00032.jpg","timeline_picture":"https://coub-anubis-a.akamaized.net/coub_storage/coub/simple/cw_timeline_pic/8117e692a7e/f526550c51252f4400223/ios_large_1592654208_image.jpg","small_picture":"https://coub-anubis-a.akamaized.net/coub_storage/coub/simple/cw_image/a9fc21d0d93/ba3e6e29ef0c9f1356cff/1592654209_00032.jpg","sharing_picture":null,"percent_done":100,"tags":[{"id":324796,"title":"dumont","value":"dumont"},{"id":559099,"title":"giver","value":"giver"},{"id":29034,"title":"reprise","value":"reprise"},{"id":243639,"title":"duke dumont","value":"duke%20dumont"},{"id":2903804,"title":"duke dumont ocean drive","value":"duke%20dumont%20ocean%20drive"},{"id":2903805,"title":"duke dumont i got u","value":"duke%20dumont%20i%20got%20u"},{"id":2903806,"title":"duke dumont the giver","value":"duke%20dumont%20the%20giver"},{"id":2982331,"title":"duke dumont won","value":"duke%20dumont%20won"},{"id":2058177,"title":"t look back","value":"t%20look%20back"},{"id":2903808,"title":"duke dumont be here","value":"duke%20dumont%20be%20here"},{"id":2993195,"title":"giver duke dumont remix","value":"giver%20duke%20dumont%20remix"},{"id":2993197,"title":"giver duke dumont reprise","value":"giver%20duke%20dumont%20reprise"},{"id":2993198,"title":"giver lyrics","value":"giver%20lyrics"},{"id":397442,"title":"blasé boys club","value":"blas%C3%A9%20boys%20club"},{"id":2993200,"title":"duke dumont blasé boys club","value":"duke%20dumont%20blas%C3%A9%20boys%20club"},{"id":734198,"title":"чудотворециван","value":"%D1%87%D1%83%D0%B4%D0%BE%D1%82%D0%B2%D0%BE%D1%80%D0%B5%D1%86%D0%B8%D0%B2%D0%B0%D0%BD"},{"id":3135061,"title":"chudotvoretsivan","value":"chudotvoretsivan"},{"id":5706582,"title":"это господь господь","value":"%D1%8D%D1%82%D0%BE%20%D0%B3%D0%BE%D1%81%D0%BF%D0%BE%D0%B4%D1%8C%20%D0%B3%D0%BE%D1%81%D0%BF%D0%BE%D0%B4%D1%8C"},{"id":5681678,"title":"это господь","value":"%D1%8D%D1%82%D0%BE%20%D0%B3%D0%BE%D1%81%D0%BF%D0%BE%D0%B4%D1%8C"}],"categories":[{"id":8,"title":"Music","permalink":"music","subscriptions_count":10082461,"big_image_url":"https://coub-anubis-a.akamaized.net/coub_storage/category/cw_image/0327247c5ff/85914bdd8e1edc998c480/big_1544760089_Music3.png","small_image_url":"https://coub-anubis-a.akamaized.net/coub_storage/category/cw_image/0327247c5ff/85914bdd8e1edc998c480/small_1544760089_Music3.png","med_image_url":"https://coub-anubis-a.akamaized.net/coub_storage/category/cw_image/0327247c5ff/85914bdd8e1edc998c480/med_1544760089_Music3.png","visible":true}],"communities":[{"id":8,"title":"Music","permalink":"music","subscriptions_count":10082461,"big_image_url":"https://coub-anubis-a.akamaized.net/coub_storage/category/cw_image/0327247c5ff/85914bdd8e1edc998c480/big_1544760089_Music3.png","small_image_url":"https://coub-anubis-a.akamaized.net/coub_storage/category/cw_image/0327247c5ff/85914bdd8e1edc998c480/small_1544760089_Music3.png","med_image_url":"https://coub-anubis-a.akamaized.net/coub_storage/category/cw_image/0327247c5ff/85914bdd8e1edc998c480/med_1544760089_Music3.png","i_subscribed":true,"community_notifications_enabled":null,"description":null}],"recoubs_count":278,"remixes_count":0,"likes_count":1657,"dislikes_count":0,"raw_video_id":15137956,"uploaded_by_ios_app":true,"uploaded_by_android_app":false,"media_blocks":{"uploaded_raw_videos":[],"external_raw_videos":[{"id":35599489,"title":"Duke Dumont - The Giver (Reprise) (Official Music Video)","url":"https://www.youtube.com/watch?v=6oAqOFz6QsU","image":"https://coub-anubis-a.akamaized.net/coub_storage/media_block/cw_image/48d42006b76/f8314df9a1ce66b2690b3/1587923858_11ng7rz_1587923758_8mbbp0_att-url-download.jpg","image_retina":"https://coub-anubis-a.akamaized.net/coub_storage/media_block/cw_image/48d42006b76/f8314df9a1ce66b2690b3/1587923858_11ng7rz_1587923758_8mbbp0_att-url-download.jpg","meta":{"service":"Youtube","duration":"202.88"},"duration":202.88,"raw_video_id":15137956,"has_embed":true}],"remixed_from_coubs":[],"external_video":{"id":35599489,"title":"Duke Dumont - The Giver (Reprise) (Official Music Video)","url":"https://www.youtube.com/watch?v=6oAqOFz6QsU","image":"https://coub-anubis-a.akamaized.net/coub_storage/media_block/cw_image/48d42006b76/f8314df9a1ce66b2690b3/1587923858_11ng7rz_1587923758_8mbbp0_att-url-download.jpg","image_retina":"https://coub-anubis-a.akamaized.net/coub_storage/media_block/cw_image/48d42006b76/f8314df9a1ce66b2690b3/1587923858_11ng7rz_1587923758_8mbbp0_att-url-download.jpg","meta":{"service":"Youtube","duration":"202.88"},"duration":202.88,"raw_video_id":15137956,"has_embed":true}},"raw_video_thumbnail_url":"/missing/missing.png","raw_video_title":"Duke Dumont - The Giver (Reprise) (Official Music Video)","video_block_banned":false,"duration":10.04,"promo_winner":false,"promo_winner_recoubers":null,"editorial_info":{},"promo_hint":null,"beeline_best_2014":null,"from_web_editor":false,"normalize_sound":true,"normalize_change_allowed":true,"best2015_addable":false,"ahmad_promo":null,"promo_data":null,"audio_copyright_claim":null,"ads_disabled":false,"is_safe_for_ads":true,"megafon_contents":[],"position_on_page":6},{"flag":null,"abuses":null,"recoubs_by_users_channels":null,"favourite":false,"promoted_id":null,"recoub":null,"like":null,"dislike":null,"reaction":null,"in_my_best2015":false,"id":84519358,"type":"Coub::Simple","permalink":"1dwwpu","title":"Иду в мокрых кроссах","visibility_type":"public","original_visibility_type":"public","channel_id":875127,"created_at":"2018-09-06T21:14:31Z","updated_at":"2022-03-15T20:08:54Z","is_done":true,"views_count":135832,"cotd":null,"cotd_at":null,"visible_on_explore_root":false,"visible_on_explore":false,"featured":false,"published":true,"published_at":"2018-09-06T21:14:30Z","reversed":false,"from_editor_v2":true,"is_editable":true,"original_sound":false,"has_sound":false,"recoub_to":null,"file_versions":{"html5":{"video":{"higher":{"url":"https://coub-anubis-a.akamaized.net/coub_storage/coub/simple/cw_file/0456c5cdf4e/0d752c4c485d51dcc9312/muted_mp4_huge_size_1569533574_muted_huge.mp4","size":7339775},"high":{"url":"https://coub-anubis-a.akamaized.net/coub_storage/coub/simple/cw_file/0456c5cdf4e/0d752c4c485d51dcc9312/muted_mp4_big_size_1569533574_muted_big.mp4","size":5077101},"med":{"url":"https://coub-anubis-a.akamaized.net/coub_storage/coub/simple/cw_file/0456c5cdf4e/0d752c4c485d51dcc9312/muted_mp4_med_size_1569533574_muted_med.mp4","size":1817516}},"audio":{"high":{"url":"https://coub-anubis-a.akamaized.net/coub_storage/coub/simple/cw_looped_audio_high/3e384d12e9a/3f8a314ad8bb2dfc491cf/1605609912_high_1536268516_high.mp3","size":1205323},"med":{"url":"https://coub-anubis-a.akamaized.net/coub_storage/coub/simple/cw_looped_audio_med/5777fb85f11/27c39e719afdf8ca461c5/1605609912_med_1536268516_med.mp3","size":850263}}},"mobile":{"video":"https://coub-anubis-a.akamaized.net/coub_storage/coub/simple/cw_file/0456c5cdf4e/0d752c4c485d51dcc9312/muted_mp4_med_size_1569533574_muted_med.mp4","audio":["https://coub-anubis-a.akamaized.net/coub_storage/coub/simple/cw_looped_audio_med/5777fb85f11/27c39e719afdf8ca461c5/1605609912_med_1536268516_med.mp3"]},"share":{"default":"https://coub-anubis-a.akamaized.net/coub_storage/coub/simple/cw_video_for_sharing/56d112154a3/296f51b16168a221459ee/1611340051_looped_1611340050.mp4"}},"audio_versions":{"template":"https://coub-anubis-a.akamaized.net/coub_storage/audio_track/cw_normalized_copy/e293eca084f/8ef12610981497b68bf8b/mid_1536268514_505871_normalized_1536268513_a9heia_edited.mp3","versions":["mid","low"]},"image_versions":{"template":"https://coub-anubis-a.akamaized.net/coub_storage/coub/simple/cw_image/000f8c02811/85837bbbe817fcbf317e6/1536268524_00032.jpg","versions":["micro","tiny","age_restricted","ios_large","ios_mosaic","big","med","small","pinterest"]},"first_frame_versions":{"template":"https://coub-anubis-a.akamaized.net/coub_storage/coub/simple/cw_timeline_pic/1a556ffc4e7/cdcb071ff97efd43c5e3e/%{version}_1536268524_image.jpg","versions":["big","med","small","ios_large"]},"dimensions":{"big":[1280,720],"med":[640,360]},"site_w_h":[640,360],"page_w_h":[640,360],"site_w_h_small":[310,174],"size":[1280,720],"age_restricted":false,"age_restricted_by_admin":false,"not_safe_for_work":false,"allow_reuse":false,"dont_crop":false,"banned":false,"global_safe":false,"audio_file_url":"https://coub-anubis-a.akamaized.net/coub_storage/audio_track/cw_normalized_copy/e293eca084f/8ef12610981497b68bf8b/low_1536268514_505871_normalized_1536268513_a9heia_edited.mp3","external_download":{"type":"Youtube","service_name":"YouTube","url":"https://www.youtube.com/watch?v=vRte4W3gTb0","has_embed":true},"application":null,"channel":{"id":875127,"permalink":"se14zha1","title":"se14zha","description":null,"followers_count":71,"following_count":25,"avatar_versions":{"template":"https://coub-anubis-a.akamaized.net/coub_storage/channel/cw_avatar/885086f5d0e/f54cba6bb21805e2268d7/%{version}_1474640151_i8vplc_att-url-download.jpg","versions":["medium","medium_2x","profile_pic","profile_pic_new","profile_pic_new_2x","tiny","tiny_2x","small","small_2x","ios_large","ios_small"]}},"file":null,"picture":"https://coub-anubis-a.akamaized.net/coub_storage/coub/simple/cw_image/000f8c02811/85837bbbe817fcbf317e6/1536268524_00032.jpg","timeline_picture":"https://coub-anubis-a.akamaized.net/coub_storage/coub/simple/cw_timeline_pic/1a556ffc4e7/cdcb071ff97efd43c5e3e/ios_large_1536268524_image.jpg","small_picture":"https://coub-anubis-a.akamaized.net/coub_storage/coub/simple/cw_image/000f8c02811/85837bbbe817fcbf317e6/1536268524_00032.jpg","sharing_picture":null,"percent_done":100,"tags":[{"id":925119,"title":"рамирес","value":"%D1%80%D0%B0%D0%BC%D0%B8%D1%80%D0%B5%D1%81"},{"id":218915,"title":"сидоджи","value":"%D1%81%D0%B8%D0%B4%D0%BE%D0%B4%D0%B6%D0%B8"},{"id":1073172,"title":"грязный рамирес","value":"%D0%B3%D1%80%D1%8F%D0%B7%D0%BD%D1%8B%D0%B9%20%D1%80%D0%B0%D0%BC%D0%B8%D1%80%D0%B5%D1%81"},{"id":1232042,"title":"дубоshit","value":"%D0%B4%D1%83%D0%B1%D0%BEshit"},{"id":25941,"title":"sid","value":"sid"},{"id":20711,"title":"ram","value":"ram"},{"id":950318,"title":"джин грей","value":"%D0%B4%D0%B6%D0%B8%D0%BD%20%D0%B3%D1%80%D0%B5%D0%B9"},{"id":1072590,"title":"токсин","value":"%D1%82%D0%BE%D0%BA%D1%81%D0%B8%D0%BD"},{"id":18571,"title":"реакция","value":"%D1%80%D0%B5%D0%B0%D0%BA%D1%86%D0%B8%D1%8F"},{"id":200229,"title":"toxin","value":"toxin"},{"id":4266394,"title":"рамирес токсин","value":"%D1%80%D0%B0%D0%BC%D0%B8%D1%80%D0%B5%D1%81%20%D1%82%D0%BE%D0%BA%D1%81%D0%B8%D0%BD"},{"id":2873,"title":"дождь","value":"%D0%B4%D0%BE%D0%B6%D0%B4%D1%8C"},{"id":11015,"title":"романтика","value":"%D1%80%D0%BE%D0%BC%D0%B0%D0%BD%D1%82%D0%B8%D0%BA%D0%B0"},{"id":2628,"title":"любовь","value":"%D0%BB%D1%8E%D0%B1%D0%BE%D0%B2%D1%8C"},{"id":72349,"title":"тима","value":"%D1%82%D0%B8%D0%BC%D0%B0"},{"id":1097333,"title":"белорусских","value":"%D0%B1%D0%B5%D0%BB%D0%BE%D1%80%D1%83%D1%81%D1%81%D0%BA%D0%B8%D1%85"},{"id":367748,"title":"кроссы","value":"%D0%BA%D1%80%D0%BE%D1%81%D1%81%D1%8B"},{"id":111264,"title":"иду","value":"%D0%B8%D0%B4%D1%83"},{"id":1160,"title":"музыка","value":"%D0%BC%D1%83%D0%B7%D1%8B%D0%BA%D0%B0"},{"id":86,"title":"music","value":"music"}],"categories":[{"id":8,"title":"Music","permalink":"music","subscriptions_count":10082461,"big_image_url":"https://coub-anubis-a.akamaized.net/coub_storage/category/cw_image/0327247c5ff/85914bdd8e1edc998c480/big_1544760089_Music3.png","small_image_url":"https://coub-anubis-a.akamaized.net/coub_storage/category/cw_image/0327247c5ff/85914bdd8e1edc998c480/small_1544760089_Music3.png","med_image_url":"https://coub-anubis-a.akamaized.net/coub_storage/category/cw_image/0327247c5ff/85914bdd8e1edc998c480/med_1544760089_Music3.png","visible":true}],"communities":[{"id":8,"title":"Music","permalink":"music","subscriptions_count":10082461,"big_image_url":"https://coub-anubis-a.akamaized.net/coub_storage/category/cw_image/0327247c5ff/85914bdd8e1edc998c480/big_1544760089_Music3.png","small_image_url":"https://coub-anubis-a.akamaized.net/coub_storage/category/cw_image/0327247c5ff/85914bdd8e1edc998c480/small_1544760089_Music3.png","med_image_url":"https://coub-anubis-a.akamaized.net/coub_storage/category/cw_image/0327247c5ff/85914bdd8e1edc998c480/med_1544760089_Music3.png","i_subscribed":true,"community_notifications_enabled":null,"description":null}],"recoubs_count":412,"remixes_count":7,"likes_count":1657,"dislikes_count":0,"raw_video_id":12327716,"uploaded_by_ios_app":false,"uploaded_by_android_app":false,"media_blocks":{"uploaded_raw_videos":[],"external_raw_videos":[{"id":28067466,"title":"Грязный Рамирес - Токсин (Prod. by BORIS REDWALL)","url":"https://www.youtube.com/watch?v=vRte4W3gTb0","image":"https://coub-anubis-a.akamaized.net/coub_storage/media_block/cw_image/ba49051d2e1/189b46c2f77efe40e2df1/1536268022_1536267994_1enafp6_att-url-download.jpg","image_retina":"https://coub-anubis-a.akamaized.net/coub_storage/media_block/cw_image/ba49051d2e1/189b46c2f77efe40e2df1/1536268022_1536267994_1enafp6_att-url-download.jpg","meta":{"service":"Youtube","duration":"146.48"},"duration":146.48,"raw_video_id":12327716,"has_embed":true}],"remixed_from_coubs":[],"external_video":{"id":28067466,"title":"Грязный Рамирес - Токсин (Prod. by BORIS REDWALL)","url":"https://www.youtube.com/watch?v=vRte4W3gTb0","image":"https://coub-anubis-a.akamaized.net/coub_storage/media_block/cw_image/ba49051d2e1/189b46c2f77efe40e2df1/1536268022_1536267994_1enafp6_att-url-download.jpg","image_retina":"https://coub-anubis-a.akamaized.net/coub_storage/media_block/cw_image/ba49051d2e1/189b46c2f77efe40e2df1/1536268022_1536267994_1enafp6_att-url-download.jpg","meta":{"service":"Youtube","duration":"146.48"},"duration":146.48,"raw_video_id":12327716,"has_embed":true}},"raw_video_thumbnail_url":"/missing/missing.png","raw_video_title":"Грязный Рамирес - Токсин (Prod. by BORIS REDWALL)","video_block_banned":false,"duration":9.96,"promo_winner":false,"promo_winner_recoubers":null,"editorial_info":{},"promo_hint":null,"beeline_best_2014":null,"from_web_editor":true,"normalize_sound":true,"normalize_change_allowed":true,"best2015_addable":false,"ahmad_promo":null,"promo_data":null,"audio_copyright_claim":null,"ads_disabled":false,"is_safe_for_ads":true,"megafon_contents":[],"position_on_page":7},{"flag":null,"abuses":null,"recoubs_by_users_channels":null,"favourite":false,"promoted_id":null,"recoub":null,"like":null,"dislike":null,"reaction":null,"in_my_best2015":false,"id":79464699,"type":"Coub::Simple","permalink":"1awkhe","title":"Тоска по родине","visibility_type":"public","original_visibility_type":"public","channel_id":4103547,"created_at":"2018-07-11T10:04:41Z","updated_at":"2022-03-08T13:13:42Z","is_done":true,"views_count":109057,"cotd":null,"cotd_at":null,"visible_on_explore_root":false,"visible_on_explore":false,"featured":false,"published":true,"published_at":"2018-07-11T10:04:41Z","reversed":true,"from_editor_v2":true,"is_editable":true,"original_sound":false,"has_sound":false,"recoub_to":null,"file_versions":{"html5":{"video":{"higher":{"url":"https://coub-anubis-a.akamaized.net/coub_storage/coub/simple/cw_file/3f6e64ea21c/844c0041c15908e76d6e0/muted_mp4_huge_size_1568257435_muted_huge.mp4","size":4470283},"high":{"url":"https://coub-anubis-a.akamaized.net/coub_storage/coub/simple/cw_file/3f6e64ea21c/844c0041c15908e76d6e0/muted_mp4_big_size_1568257435_muted_big.mp4","size":3088487},"med":{"url":"https://coub-anubis-a.akamaized.net/coub_storage/coub/simple/cw_file/3f6e64ea21c/844c0041c15908e76d6e0/muted_mp4_med_size_1568257435_muted_med.mp4","size":977920}},"audio":{"high":{"url":"https://coub-anubis-a.akamaized.net/coub_storage/coub/simple/cw_looped_audio_high/bd9365a9666/e5de872f47eb8c2337bd8/1605618824_high_1531303533_high.mp3","size":3846487},"med":{"url":"https://coub-anubis-a.akamaized.net/coub_storage/coub/simple/cw_looped_audio_med/a8cfac210f1/cae8d22b065387c484fbe/1605618820_med_1531303533_med.mp3","size":2728118}}},"mobile":{"video":"https://coub-anubis-a.akamaized.net/coub_storage/coub/simple/cw_file/3f6e64ea21c/844c0041c15908e76d6e0/muted_mp4_med_size_1568257435_muted_med.mp4","audio":["https://coub-anubis-a.akamaized.net/coub_storage/coub/simple/cw_looped_audio_med/a8cfac210f1/cae8d22b065387c484fbe/1605618820_med_1531303533_med.mp3"]},"share":{"default":"https://coub-anubis-a.akamaized.net/coub_storage/coub/simple/cw_video_for_sharing/6c8bae29ab3/fee8103240eb7ceaa13a1/1609297240_looped_1609297239.mp4"}},"audio_versions":{"template":"https://coub-anubis-a.akamaized.net/coub_storage/audio_track/cw_normalized_copy/b26ca787c66/341731f0e81e0bf623400/mid_1531303519_qz62l_normalized_1531303503_437rcz_edited.mp3","versions":["mid","low"]},"image_versions":{"template":"https://coub-anubis-a.akamaized.net/coub_storage/coub/simple/cw_image/96d342eceed/0df1dfb78a119ce00dd3a/1531303549_00042.jpg","versions":["micro","tiny","age_restricted","ios_large","ios_mosaic","big","med","small","pinterest"]},"first_frame_versions":{"template":"https://coub-anubis-a.akamaized.net/coub_storage/coub/simple/cw_timeline_pic/f06aa36c87d/6fd334f7f1653ba1b8e6b/%{version}_1531303549_image.jpg","versions":["big","med","small","ios_large"]},"dimensions":{"big":[960,960],"med":[480,480]},"site_w_h":[400,400],"page_w_h":[400,400],"site_w_h_small":[310,310],"size":[960,960],"age_restricted":false,"age_restricted_by_admin":false,"not_safe_for_work":false,"allow_reuse":false,"dont_crop":false,"banned":false,"global_safe":false,"audio_file_url":"https://coub-anubis-a.akamaized.net/coub_storage/audio_track/cw_normalized_copy/b26ca787c66/341731f0e81e0bf623400/low_1531303519_qz62l_normalized_1531303503_437rcz_edited.mp3","external_download":{"type":"Youtube","service_name":"YouTube","url":"http://www.youtube.com/watch?v=jLi3tlZmwd8","has_embed":true},"application":null,"channel":{"id":4103547,"permalink":"ssh89000","title":"ssh89","description":null,"followers_count":82,"following_count":16,"avatar_versions":{"template":"https://coub-anubis-a.akamaized.net/coub_storage/channel/cw_avatar/d2fdf6da1c3/78ef34f9908c988ca49e3/%{version}_1608027231_1bowjqa_1534821847_OcArlNkGQZQ.jpg","versions":["medium","medium_2x","profile_pic","profile_pic_new","profile_pic_new_2x","tiny","tiny_2x","small","small_2x","ios_large","ios_small"]}},"file":null,"picture":"https://coub-anubis-a.akamaized.net/coub_storage/coub/simple/cw_image/96d342eceed/0df1dfb78a119ce00dd3a/1531303549_00042.jpg","timeline_picture":"https://coub-anubis-a.akamaized.net/coub_storage/coub/simple/cw_timeline_pic/f06aa36c87d/6fd334f7f1653ba1b8e6b/ios_large_1531303549_image.jpg","small_picture":"https://coub-anubis-a.akamaized.net/coub_storage/coub/simple/cw_image/96d342eceed/0df1dfb78a119ce00dd3a/1531303549_00042.jpg","sharing_picture":null,"percent_done":100,"tags":[{"id":1662756,"title":"владимирскийцентрал","value":"%D0%B2%D0%BB%D0%B0%D0%B4%D0%B8%D0%BC%D0%B8%D1%80%D1%81%D0%BA%D0%B8%D0%B9%D1%86%D0%B5%D0%BD%D1%82%D1%80%D0%B0%D0%BB"},{"id":1160,"title":"музыка","value":"%D0%BC%D1%83%D0%B7%D1%8B%D0%BA%D0%B0"},{"id":7702,"title":"круг","value":"%D0%BA%D1%80%D1%83%D0%B3"}],"categories":[{"id":8,"title":"Music","permalink":"music","subscriptions_count":10082461,"big_image_url":"https://coub-anubis-a.akamaized.net/coub_storage/category/cw_image/0327247c5ff/85914bdd8e1edc998c480/big_1544760089_Music3.png","small_image_url":"https://coub-anubis-a.akamaized.net/coub_storage/category/cw_image/0327247c5ff/85914bdd8e1edc998c480/small_1544760089_Music3.png","med_image_url":"https://coub-anubis-a.akamaized.net/coub_storage/category/cw_image/0327247c5ff/85914bdd8e1edc998c480/med_1544760089_Music3.png","visible":true}],"communities":[{"id":8,"title":"Music","permalink":"music","subscriptions_count":10082461,"big_image_url":"https://coub-anubis-a.akamaized.net/coub_storage/category/cw_image/0327247c5ff/85914bdd8e1edc998c480/big_1544760089_Music3.png","small_image_url":"https://coub-anubis-a.akamaized.net/coub_storage/category/cw_image/0327247c5ff/85914bdd8e1edc998c480/small_1544760089_Music3.png","med_image_url":"https://coub-anubis-a.akamaized.net/coub_storage/category/cw_image/0327247c5ff/85914bdd8e1edc998c480/med_1544760089_Music3.png","i_subscribed":true,"community_notifications_enabled":null,"description":null}],"recoubs_count":356,"remixes_count":12,"likes_count":1657,"dislikes_count":0,"raw_video_id":11426528,"uploaded_by_ios_app":false,"uploaded_by_android_app":false,"media_blocks":{"uploaded_raw_videos":[],"external_raw_videos":[{"id":25623982,"title":"Саня ты в порядке? (Мемасная практика)","url":"http://www.youtube.com/watch?v=jLi3tlZmwd8","image":"https://coub-anubis-a.akamaized.net/coub_storage/media_block/cw_image/b46f7a94de5/d5a06de11192fa548249f/1522421709_1522421702_doraok_att-url-download.jpg","image_retina":"https://coub-anubis-a.akamaized.net/coub_storage/media_block/cw_image/b46f7a94de5/d5a06de11192fa548249f/1522421709_1522421702_doraok_att-url-download.jpg","meta":{"service":"Youtube","duration":"6.6"},"duration":6.6,"raw_video_id":11426528,"has_embed":true}],"remixed_from_coubs":[],"external_video":{"id":25623982,"title":"Саня ты в порядке? (Мемасная практика)","url":"http://www.youtube.com/watch?v=jLi3tlZmwd8","image":"https://coub-anubis-a.akamaized.net/coub_storage/media_block/cw_image/b46f7a94de5/d5a06de11192fa548249f/1522421709_1522421702_doraok_att-url-download.jpg","image_retina":"https://coub-anubis-a.akamaized.net/coub_storage/media_block/cw_image/b46f7a94de5/d5a06de11192fa548249f/1522421709_1522421702_doraok_att-url-download.jpg","meta":{"service":"Youtube","duration":"6.6"},"duration":6.6,"raw_video_id":11426528,"has_embed":true}},"raw_video_thumbnail_url":"/missing/missing.png","raw_video_title":"Саня ты в порядке? (Мемасная практика)","video_block_banned":false,"duration":13.28,"promo_winner":false,"promo_winner_recoubers":null,"editorial_info":{},"promo_hint":null,"beeline_best_2014":null,"from_web_editor":true,"normalize_sound":true,"normalize_change_allowed":true,"best2015_addable":false,"ahmad_promo":null,"promo_data":null,"audio_copyright_claim":null,"ads_disabled":false,"is_safe_for_ads":true,"megafon_contents":[],"position_on_page":8},{"flag":null,"abuses":null,"recoubs_by_users_channels":null,"favourite":false,"promoted_id":null,"recoub":null,"like":null,"dislike":null,"reaction":null,"in_my_best2015":false,"id":58056906,"type":"Coub::Simple","permalink":"y47z9","title":"main melody (x7)","visibility_type":"public","original_visibility_type":"public","channel_id":294438,"created_at":"2017-09-30T16:56:33Z","updated_at":"2022-03-09T05:03:28Z","is_done":true,"views_count":86428,"cotd":null,"cotd_at":null,"visible_on_explore_root":true,"visible_on_explore":true,"featured":true,"published":true,"published_at":"2017-09-30T16:58:48Z","reversed":false,"from_editor_v2":true,"is_editable":true,"original_sound":false,"has_sound":false,"recoub_to":null,"file_versions":{"html5":{"video":{"higher":{"url":"https://coub-anubis-a.akamaized.net/coub_storage/coub/simple/cw_file/ed8284d46d7/71ca39382f3d01ed9f449/muted_mp4_huge_size_1568151382_muted_huge.mp4","size":2598663},"high":{"url":"https://coub-anubis-a.akamaized.net/coub_storage/coub/simple/cw_file/ed8284d46d7/71ca39382f3d01ed9f449/muted_mp4_big_size_1568151382_muted_big.mp4","size":1978006},"med":{"url":"https://coub-anubis-a.akamaized.net/coub_storage/coub/simple/cw_file/ed8284d46d7/71ca39382f3d01ed9f449/muted_mp4_med_size_1568151382_muted_med.mp4","size":458133}},"audio":{"high":{"url":"https://coub-anubis-a.akamaized.net/coub_storage/coub/simple/cw_looped_audio_high/aac820cb0e9/bf01c5dae5d754de9d28f/1605571459_high_1506790651_high.mp3","size":1534780},"med":{"url":"https://coub-anubis-a.akamaized.net/coub_storage/coub/simple/cw_looped_audio_med/13afdfab0c8/d18f9bb4b146b2b27660c/1605571457_med_1506790651_med.mp3","size":1117560}}},"mobile":{"video":"https://coub-anubis-a.akamaized.net/coub_storage/coub/simple/cw_file/ed8284d46d7/71ca39382f3d01ed9f449/muted_mp4_med_size_1568151382_muted_med.mp4","audio":["https://coub-anubis-a.akamaized.net/coub_storage/coub/simple/cw_looped_audio_med/13afdfab0c8/d18f9bb4b146b2b27660c/1605571457_med_1506790651_med.mp3"]},"share":{"default":null}},"audio_versions":{"template":"https://coub-anubis-a.akamaized.net/coub_storage/audio_track/cw_normalized_copy/0977442cb91/806bb916c813cf0c56dad/mid_1506790644_18l387t_normalized_1506790636_1xyy46c_edited.mp3","versions":["mid","low"]},"image_versions":{"template":"https://coub-anubis-a.akamaized.net/coub_storage/coub/simple/cw_image/30597a08ded/e0777b6ffec4008b81804/1506790663_00032.jpg","versions":["micro","tiny","age_restricted","ios_large","ios_mosaic","big","med","small","pinterest"]},"first_frame_versions":{"template":"https://coub-anubis-a.akamaized.net/coub_storage/coub/simple/cw_timeline_pic/68292ab86c5/fdff2ab86f83609634ba9/1506790662_image.jpg","versions":["big","med","small","ios_large"]},"dimensions":{"big":[1280,720],"med":[640,360]},"site_w_h":[640,360],"page_w_h":[640,360],"site_w_h_small":[310,174],"size":[1280,720],"age_restricted":false,"age_restricted_by_admin":false,"not_safe_for_work":false,"allow_reuse":false,"dont_crop":false,"banned":false,"global_safe":true,"audio_file_url":"https://coub-anubis-a.akamaized.net/coub_storage/audio_track/cw_normalized_copy/0977442cb91/806bb916c813cf0c56dad/low_1506790644_18l387t_normalized_1506790636_1xyy46c_edited.mp3","external_download":false,"application":null,"channel":{"id":294438,"permalink":"evgentuz82","title":"ᴇᴠɢᴇɴᴛᴜᴢ 82","description":"телеграм t.me/Evgentuz82","followers_count":8400,"following_count":1982,"avatar_versions":{"template":"https://coub-anubis-a.akamaized.net/coub_storage/channel/cw_avatar/b17f57c0af4/6445724dcb831e6e1f74e/%{version}_1620624944_VfwMRHPVz1M.jpg","versions":["medium","medium_2x","profile_pic","profile_pic_new","profile_pic_new_2x","tiny","tiny_2x","small","small_2x","ios_large","ios_small"]}},"file":null,"picture":"https://coub-anubis-a.akamaized.net/coub_storage/coub/simple/cw_image/30597a08ded/e0777b6ffec4008b81804/1506790663_00032.jpg","timeline_picture":"https://coub-anubis-a.akamaized.net/coub_storage/coub/simple/cw_timeline_pic/68292ab86c5/fdff2ab86f83609634ba9/1506790662_image.jpg","small_picture":"https://coub-anubis-a.akamaized.net/coub_storage/coub/simple/cw_image/30597a08ded/e0777b6ffec4008b81804/1506790663_00032.jpg","sharing_picture":null,"percent_done":100,"tags":[{"id":2903,"title":"james franco","value":"james%20franco"},{"id":399281,"title":"джеймс франко","value":"%D0%B4%D0%B6%D0%B5%D0%B9%D0%BC%D1%81%20%D1%84%D1%80%D0%B0%D0%BD%D0%BA%D0%BE"},{"id":93532,"title":"deuce","value":"deuce"},{"id":291805,"title":"двойка","value":"%D0%B4%D0%B2%D0%BE%D0%B9%D0%BA%D0%B0"},{"id":1054006,"title":"радиокоубы","value":"%D1%80%D0%B0%D0%B4%D0%B8%D0%BE%D0%BA%D0%BE%D1%83%D0%B1%D1%8B"},{"id":697004,"title":"радиокоуб","value":"%D1%80%D0%B0%D0%B4%D0%B8%D0%BE%D0%BA%D0%BE%D1%83%D0%B1"},{"id":61817,"title":"radiocoub","value":"radiocoub"}],"categories":[{"id":8,"title":"Music","permalink":"music","subscriptions_count":10082461,"big_image_url":"https://coub-anubis-a.akamaized.net/coub_storage/category/cw_image/0327247c5ff/85914bdd8e1edc998c480/big_1544760089_Music3.png","small_image_url":"https://coub-anubis-a.akamaized.net/coub_storage/category/cw_image/0327247c5ff/85914bdd8e1edc998c480/small_1544760089_Music3.png","med_image_url":"https://coub-anubis-a.akamaized.net/coub_storage/category/cw_image/0327247c5ff/85914bdd8e1edc998c480/med_1544760089_Music3.png","visible":true}],"communities":[{"id":8,"title":"Music","permalink":"music","subscriptions_count":10082461,"big_image_url":"https://coub-anubis-a.akamaized.net/coub_storage/category/cw_image/0327247c5ff/85914bdd8e1edc998c480/big_1544760089_Music3.png","small_image_url":"https://coub-anubis-a.akamaized.net/coub_storage/category/cw_image/0327247c5ff/85914bdd8e1edc998c480/small_1544760089_Music3.png","med_image_url":"https://coub-anubis-a.akamaized.net/coub_storage/category/cw_image/0327247c5ff/85914bdd8e1edc998c480/med_1544760089_Music3.png","i_subscribed":true,"community_notifications_enabled":null,"description":null}],"recoubs_count":303,"remixes_count":1,"likes_count":1657,"dislikes_count":0,"raw_video_id":10327779,"uploaded_by_ios_app":false,"uploaded_by_android_app":false,"media_blocks":{"uploaded_raw_videos":[],"external_raw_videos":[],"remixed_from_coubs":[]},"raw_video_thumbnail_url":"/missing/missing.png","raw_video_title":"The_Deuce_S01E03_1080p-006.mkv","video_block_banned":false,"duration":10.04,"promo_winner":false,"promo_winner_recoubers":null,"editorial_info":{},"promo_hint":null,"beeline_best_2014":null,"from_web_editor":true,"normalize_sound":true,"normalize_change_allowed":true,"best2015_addable":false,"ahmad_promo":null,"promo_data":null,"audio_copyright_claim":null,"ads_disabled":false,"is_safe_for_ads":true,"megafon_contents":[],"position_on_page":9},{"flag":null,"abuses":null,"recoubs_by_users_channels":null,"favourite":false,"promoted_id":null,"recoub":null,"like":null,"dislike":null,"reaction":null,"in_my_best2015":false,"id":166386760,"type":"Coub::Simple","permalink":"2qprov","title":"The Line (Juzzie Smith)","visibility_type":"public","original_visibility_type":"public","channel_id":3857321,"created_at":"2021-04-02T19:56:45Z","updated_at":"2022-03-14T22:45:16Z","is_done":true,"views_count":174801,"cotd":null,"cotd_at":null,"visible_on_explore_root":true,"visible_on_explore":true,"featured":true,"published":true,"published_at":"2021-04-02T19:56:45Z","reversed":false,"from_editor_v2":true,"is_editable":true,"original_sound":true,"has_sound":true,"recoub_to":null,"file_versions":{"html5":{"video":{"higher":{"url":"https://coub-anubis-a.akamaized.net/coub_storage/coub/simple/cw_file/f0b703fe443/57854058857faf893e946/muted_mp4_huge_size_1617393440_muted_huge.mp4","size":1943062},"high":{"url":"https://coub-anubis-a.akamaized.net/coub_storage/coub/simple/cw_file/f0b703fe443/57854058857faf893e946/muted_mp4_big_size_1617393440_muted_big.mp4","size":1377442},"med":{"url":"https://coub-anubis-a.akamaized.net/coub_storage/coub/simple/cw_file/f0b703fe443/57854058857faf893e946/muted_mp4_med_size_1617393440_muted_med.mp4","size":330320}},"audio":{"high":{"url":"https://coub-anubis-a.akamaized.net/coub_storage/coub/simple/cw_looped_audio_high/7a5cace2f8f/77b80a39713e9eb164f9f/1617393442_mp3-high.mp3","size":1168575},"med":{"url":"https://coub-anubis-a.akamaized.net/coub_storage/coub/simple/cw_looped_audio_med/6083826fbcb/b1668a029eeae95b97d61/1617393441_mp3-med.mp3","size":889461},"sample_duration":7.964}},"mobile":{"video":"https://coub-anubis-a.akamaized.net/coub_storage/coub/simple/cw_file/f0b703fe443/57854058857faf893e946/muted_mp4_med_size_1617393440_muted_med.mp4","audio":["https://coub-anubis-a.akamaized.net/coub_storage/coub/simple/cw_looped_audio_med/6083826fbcb/b1668a029eeae95b97d61/1617393441_mp3-med.mp3"]},"share":{"default":"https://coub-anubis-a.akamaized.net/coub_storage/coub/simple/cw_video_for_sharing/a833eaaece1/edd195feacd91e16d44ce/1617393467_looped_1617393466.mp4"}},"audio_versions":{},"image_versions":{"template":"https://coub-anubis-a.akamaized.net/coub_storage/coub/simple/cw_image/9efddadaaa0/497762c9ba8daf0705a6b/%{version}_1617393446_00025.jpg","versions":["micro","tiny","age_restricted","ios_large","ios_mosaic","big","med","small","pinterest"]},"first_frame_versions":{"template":"https://coub-anubis-a.akamaized.net/coub_storage/coub/simple/cw_timeline_pic/2d6a39157b4/56f614c1ade1d3ee4e3d4/%{version}_1617393445_image.jpg","versions":["big","med","small","ios_large"]},"dimensions":{"big":[1280,720],"med":[640,360]},"site_w_h":[640,360],"page_w_h":[640,360],"site_w_h_small":[310,174],"size":[1280,720],"age_restricted":false,"age_restricted_by_admin":false,"not_safe_for_work":false,"allow_reuse":false,"dont_crop":true,"banned":false,"global_safe":true,"audio_file_url":null,"external_download":{"type":"Youtube","service_name":"YouTube","url":"https://youtu.be/FnlX99r5_zA?list=RDUxbLsfK-3TI","has_embed":true},"application":null,"channel":{"id":3857321,"permalink":"constan-ine","title":"CoＮsTAＮ†IＮＥ","description":null,"followers_count":95,"following_count":3,"avatar_versions":{"template":"https://coub-anubis-a.akamaized.net/coub_storage/channel/cw_avatar/944e2189153/ba5154ef75769ed6b7d8a/%{version}_1607427706_16gdho_1539445755_anime-profile-pictures-side3.jpg","versions":["medium","medium_2x","profile_pic","profile_pic_new","profile_pic_new_2x","tiny","tiny_2x","small","small_2x","ios_large","ios_small"]}},"file":null,"picture":"https://coub-anubis-a.akamaized.net/coub_storage/coub/simple/cw_image/9efddadaaa0/497762c9ba8daf0705a6b/med_1617393446_00025.jpg","timeline_picture":"https://coub-anubis-a.akamaized.net/coub_storage/coub/simple/cw_timeline_pic/2d6a39157b4/56f614c1ade1d3ee4e3d4/ios_large_1617393445_image.jpg","small_picture":"https://coub-anubis-a.akamaized.net/coub_storage/coub/simple/cw_image/9efddadaaa0/497762c9ba8daf0705a6b/ios_mosaic_1617393446_00025.jpg","sharing_picture":null,"percent_done":100,"tags":[{"id":86,"title":"music","value":"music"},{"id":1523640,"title":"juzzie","value":"juzzie"},{"id":6968,"title":"smith","value":"smith"},{"id":10793,"title":"pop","value":"pop"},{"id":4387,"title":"studio","value":"studio"},{"id":100195,"title":"harmonica","value":"harmonica"},{"id":1405,"title":"guitar","value":"guitar"},{"id":6243090,"title":"ciguar","value":"ciguar"},{"id":7556,"title":"cigar","value":"cigar"},{"id":6769,"title":"box","value":"box"},{"id":466360,"title":"one man band","value":"one%20man%20band"},{"id":2856,"title":"blues","value":"blues"},{"id":1087,"title":"rock","value":"rock"},{"id":63457,"title":"offical","value":"offical"},{"id":3082,"title":"video","value":"video"},{"id":24855,"title":"the line","value":"the%20line"},{"id":3866,"title":"live","value":"live"},{"id":12843,"title":"album","value":"album"},{"id":6075,"title":"youtube","value":"youtube"},{"id":3891,"title":"shaker","value":"shaker"},{"id":2012,"title":"drums","value":"drums"},{"id":2679,"title":"drum","value":"drum"},{"id":784,"title":"beats","value":"beats"},{"id":5574,"title":"beat","value":"beat"},{"id":10024,"title":"percussion","value":"percussion"},{"id":5318245,"title":"juzzie smith","value":"juzzie%20smith"},{"id":6243091,"title":"rackit","value":"rackit"},{"id":6243092,"title":"rackit microphone","value":"rackit%20microphone"},{"id":1827969,"title":"lee oskar","value":"lee%20oskar"},{"id":6243093,"title":"woodskin drum","value":"woodskin%20drum"},{"id":1990740,"title":"cigar box guitar","value":"cigar%20box%20guitar"},{"id":138840,"title":"cool song","value":"cool%20song"},{"id":7974,"title":"jamming","value":"jamming"},{"id":1277814,"title":"keb mo","value":"keb%20mo"},{"id":409998,"title":"harmonica lesson","value":"harmonica%20lesson"},{"id":1320496,"title":"little walter","value":"little%20walter"},{"id":6243094,"title":"collard green","value":"collard%20green"},{"id":3389764,"title":"kim churchill","value":"kim%20churchill"},{"id":432252,"title":"john butler","value":"john%20butler"},{"id":6243095,"title":"sea sick steve","value":"sea%20sick%20steve"},{"id":25187,"title":"xavier rudd","value":"xavier%20rudd"},{"id":2481766,"title":"the dead south","value":"the%20dead%20south"}],"categories":[{"id":8,"title":"Music","permalink":"music","subscriptions_count":10082461,"big_image_url":"https://coub-anubis-a.akamaized.net/coub_storage/category/cw_image/0327247c5ff/85914bdd8e1edc998c480/big_1544760089_Music3.png","small_image_url":"https://coub-anubis-a.akamaized.net/coub_storage/category/cw_image/0327247c5ff/85914bdd8e1edc998c480/small_1544760089_Music3.png","med_image_url":"https://coub-anubis-a.akamaized.net/coub_storage/category/cw_image/0327247c5ff/85914bdd8e1edc998c480/med_1544760089_Music3.png","visible":true}],"communities":[{"id":8,"title":"Music","permalink":"music","subscriptions_count":10082461,"big_image_url":"https://coub-anubis-a.akamaized.net/coub_storage/category/cw_image/0327247c5ff/85914bdd8e1edc998c480/big_1544760089_Music3.png","small_image_url":"https://coub-anubis-a.akamaized.net/coub_storage/category/cw_image/0327247c5ff/85914bdd8e1edc998c480/small_1544760089_Music3.png","med_image_url":"https://coub-anubis-a.akamaized.net/coub_storage/category/cw_image/0327247c5ff/85914bdd8e1edc998c480/med_1544760089_Music3.png","i_subscribed":true,"community_notifications_enabled":null,"description":null}],"recoubs_count":289,"remixes_count":0,"likes_count":1656,"dislikes_count":0,"raw_video_id":16317876,"uploaded_by_ios_app":false,"uploaded_by_android_app":false,"media_blocks":{"uploaded_raw_videos":[],"external_raw_videos":[{"id":38554519,"title":"The Line (Juzzie Smith)","url":"https://www.youtube.com/watch?v=FnlX99r5_zA","image":"https://coub-anubis-a.akamaized.net/coub_storage/media_block/cw_image/2f7023244b3/46f1518d02fcfc3c68a4a/video_1617388720_1c02luy_1617388675_12jyxc2_att-url-download.jpg","image_retina":"https://coub-anubis-a.akamaized.net/coub_storage/media_block/cw_image/2f7023244b3/46f1518d02fcfc3c68a4a/video_retina_1617388720_1c02luy_1617388675_12jyxc2_att-url-download.jpg","meta":{"service":"Youtube","duration":"172.64"},"duration":172.64,"raw_video_id":16317876,"has_embed":true}],"remixed_from_coubs":[],"external_video":{"id":38554519,"title":"The Line (Juzzie Smith)","url":"https://www.youtube.com/watch?v=FnlX99r5_zA","image":"https://coub-anubis-a.akamaized.net/coub_storage/media_block/cw_image/2f7023244b3/46f1518d02fcfc3c68a4a/video_1617388720_1c02luy_1617388675_12jyxc2_att-url-download.jpg","image_retina":"https://coub-anubis-a.akamaized.net/coub_storage/media_block/cw_image/2f7023244b3/46f1518d02fcfc3c68a4a/video_retina_1617388720_1c02luy_1617388675_12jyxc2_att-url-download.jpg","meta":{"service":"Youtube","duration":"172.64"},"duration":172.64,"raw_video_id":16317876,"has_embed":true}},"raw_video_thumbnail_url":"https://coub-anubis-a.akamaized.net/coub_storage/raw_video/cw_image/9f559dd6e88/9b248c2d524611bddd30f/coub_media_1617388677_1617388675_12jyxc2_att-url-download.jpg","raw_video_title":"The Line (Juzzie Smith)","video_block_banned":false,"duration":7.96,"promo_winner":false,"promo_winner_recoubers":null,"editorial_info":{},"promo_hint":null,"beeline_best_2014":null,"from_web_editor":true,"normalize_sound":false,"normalize_change_allowed":true,"best2015_addable":false,"ahmad_promo":null,"promo_data":null,"audio_copyright_claim":null,"ads_disabled":false,"is_safe_for_ads":true,"megafon_contents":[],"position_on_page":10}]}