{"page":136,"per_page":10,"total_pages":500,"coubs":[{"flag":null,"abuses":null,"recoubs_by_users_channels":null,"favourite":false,"promoted_id":null,"recoub":null,"like":null,"dislike":null,"reaction":null,"in_my_best2015":false,"id":73192984,"type":"Coub::Simple","permalink":"175mn0","title":"Asian song","visibility_type":"public","original_visibility_type":"public","channel_id":4131928,"created_at":"2018-04-29T17:54:40Z","updated_at":"2022-03-16T05:20:15Z","is_done":true,"views_count":173204,"cotd":null,"cotd_at":null,"visible_on_explore_root":false,"visible_on_explore":false,"featured":false,"published":true,"published_at":"2018-04-29T17:54:40Z","reversed":false,"from_editor_v2":true,"is_editable":true,"original_sound":true,"has_sound":true,"recoub_to":null,"file_versions":{"html5":{"video":{"higher":{"url":"https://coub-anubis-a.akamaized.net/coub_storage/coub/simple/cw_file/026fa6219e8/72c60e3ffe57841f5000a/muted_mp4_huge_size_1568227020_muted_huge.mp4","size":2052578},"high":{"url":"https://coub-anubis-a.akamaized.net/coub_storage/coub/simple/cw_file/026fa6219e8/72c60e3ffe57841f5000a/muted_mp4_big_size_1568227020_muted_big.mp4","size":1459808},"med":{"url":"https://coub-anubis-a.akamaized.net/coub_storage/coub/simple/cw_file/026fa6219e8/72c60e3ffe57841f5000a/muted_mp4_med_size_1568227020_muted_med.mp4","size":508741}},"audio":{"high":{"url":"https://coub-anubis-a.akamaized.net/coub_storage/coub/simple/cw_looped_audio_high/aad06c14e19/6c0c706c710f67a7b1017/1605649563_high_1525024505_high.mp3","size":1275806},"med":{"url":"https://coub-anubis-a.akamaized.net/coub_storage/coub/simple/cw_looped_audio_med/fccd3356494/f8d41deca3af5eb00c61d/1605649562_med_1525024505_med.mp3","size":937833},"sample_duration":9.8}},"mobile":{"video":"https://coub-anubis-a.akamaized.net/coub_storage/coub/simple/cw_file/026fa6219e8/72c60e3ffe57841f5000a/muted_mp4_med_size_1568227020_muted_med.mp4","audio":["https://coub-anubis-a.akamaized.net/coub_storage/coub/simple/cw_looped_audio_med/fccd3356494/f8d41deca3af5eb00c61d/1605649562_med_1525024505_med.mp3"]},"share":{"default":"https://coub-anubis-a.akamaized.net/coub_storage/coub/simple/cw_video_for_sharing/37200cce66f/b2e71bb979ea0ba15e417/1609505902_looped_1609505901.mp4"}},"audio_versions":{},"image_versions":{"template":"https://coub-anubis-a.akamaized.net/coub_storage/coub/simple/cw_image/746bd48b19f/111b4f5ce302f08e76fad/1525024512_00031.jpg","versions":["micro","tiny","age_restricted","ios_large","ios_mosaic","big","med","small","pinterest"]},"first_frame_versions":{"template":"https://coub-anubis-a.akamaized.net/coub_storage/coub/simple/cw_timeline_pic/074d4719de0/5d25406833e03a027c0b4/%{version}_1525024511_image.jpg","versions":["big","med","small","ios_large"]},"dimensions":{"big":[1280,720],"med":[640,360]},"site_w_h":[640,360],"page_w_h":[640,360],"site_w_h_small":[310,174],"size":[1280,720],"age_restricted":false,"age_restricted_by_admin":false,"not_safe_for_work":false,"allow_reuse":false,"dont_crop":false,"banned":false,"global_safe":true,"audio_file_url":null,"external_download":{"type":"Youtube","service_name":"YouTube","url":"http://www.youtube.com/watch?time_continue=57&v=2lpPYLw5Q6o","has_embed":true},"application":null,"channel":{"id":4131928,"permalink":"filin316","title":"filin","description":null,"followers_count":68,"following_count":4,"avatar_versions":{"template":"https://coubsecureassets-a.akamaihd.net/assets/default-avatars/38-d39fbeab4faf6ed95efbd917fd43b38df0526eeeaa5700582386dba504a557ca.png"}},"file":null,"picture":"https://coub-anubis-a.akamaized.net/coub_storage/coub/simple/cw_image/746bd48b19f/111b4f5ce302f08e76fad/1525024512_00031.jpg","timeline_picture":"https://coub-anubis-a.akamaized.net/coub_storage/coub/simple/cw_timeline_pic/074d4719de0/5d25406833e03a027c0b4/ios_large_1525024511_image.jpg","small_picture":"https://coub-anubis-a.akamaized.net/coub_storage/coub/simple/cw_image/746bd48b19f/111b4f5ce302f08e76fad/1525024512_00031.jpg","sharing_picture":null,"percent_done":100,"tags":[{"id":902029,"title":"азиаточка","value":"%D0%B0%D0%B7%D0%B8%D0%B0%D1%82%D0%BE%D1%87%D0%BA%D0%B0"},{"id":7399,"title":"asian","value":"asian"},{"id":4167,"title":"песня","value":"%D0%BF%D0%B5%D1%81%D0%BD%D1%8F"},{"id":4407,"title":"милота","value":"%D0%BC%D0%B8%D0%BB%D0%BE%D1%82%D0%B0"}],"categories":[{"id":8,"title":"Music","permalink":"music","subscriptions_count":10082461,"big_image_url":"https://coub-anubis-a.akamaized.net/coub_storage/category/cw_image/0327247c5ff/85914bdd8e1edc998c480/big_1544760089_Music3.png","small_image_url":"https://coub-anubis-a.akamaized.net/coub_storage/category/cw_image/0327247c5ff/85914bdd8e1edc998c480/small_1544760089_Music3.png","med_image_url":"https://coub-anubis-a.akamaized.net/coub_storage/category/cw_image/0327247c5ff/85914bdd8e1edc998c480/med_1544760089_Music3.png","visible":true}],"communities":[{"id":8,"title":"Music","permalink":"music","subscriptions_count":10082461,"big_image_url":"https://coub-anubis-a.akamaized.net/coub_storage/category/cw_image/0327247c5ff/85914bdd8e1edc998c480/big_1544760089_Music3.png","small_image_url":"https://coub-anubis-a.akamaized.net/coub_storage/category/cw_image/0327247c5ff/85914bdd8e1edc998c480/small_1544760089_Music3.png","med_image_url":"https://coub-anubis-a.akamaized.net/coub_storage/category/cw_image/0327247c5ff/85914bdd8e1edc998c480/med_1544760089_Music3.png","i_subscribed":true,"community_notifications_enabled":null,"description":null}],"recoubs_count":539,"remixes_count":3,"likes_count":2944,"dislikes_count":0,"raw_video_id":11606694,"uploaded_by_ios_app":false,"uploaded_by_android_app":false,"media_blocks":{"uploaded_raw_videos":[],"external_raw_videos":[{"id":26129613,"title":"馮提莫唱洗腦神曲《小雞嗶嗶》，動作超可愛超萌","url":"http://www.youtube.com/watch?v=2lpPYLw5Q6o","image":"https://coub-anubis-a.akamaized.net/coub_storage/media_block/cw_image/debe8d387fd/2155c3c3a31d966444a58/1525024077_1525024055_ingfq7_att-url-download.jpg","image_retina":"https://coub-anubis-a.akamaized.net/coub_storage/media_block/cw_image/debe8d387fd/2155c3c3a31d966444a58/1525024077_1525024055_ingfq7_att-url-download.jpg","meta":{"service":"Youtube","duration":"160.96"},"duration":160.96,"raw_video_id":11606694,"has_embed":true}],"remixed_from_coubs":[],"external_video":{"id":26129613,"title":"馮提莫唱洗腦神曲《小雞嗶嗶》，動作超可愛超萌","url":"http://www.youtube.com/watch?v=2lpPYLw5Q6o","image":"https://coub-anubis-a.akamaized.net/coub_storage/media_block/cw_image/debe8d387fd/2155c3c3a31d966444a58/1525024077_1525024055_ingfq7_att-url-download.jpg","image_retina":"https://coub-anubis-a.akamaized.net/coub_storage/media_block/cw_image/debe8d387fd/2155c3c3a31d966444a58/1525024077_1525024055_ingfq7_att-url-download.jpg","meta":{"service":"Youtube","duration":"160.96"},"duration":160.96,"raw_video_id":11606694,"has_embed":true}},"raw_video_thumbnail_url":"/missing/missing.png","raw_video_title":"馮提莫唱洗腦神曲《小雞嗶嗶》，動作超可愛超萌","video_block_banned":false,"duration":9.8,"promo_winner":false,"promo_winner_recoubers":null,"editorial_info":{},"promo_hint":null,"beeline_best_2014":null,"from_web_editor":true,"normalize_sound":true,"normalize_change_allowed":true,"best2015_addable":false,"ahmad_promo":null,"promo_data":null,"audio_copyright_claim":null,"ads_disabled":false,"is_safe_for_ads":true,"megafon_contents":[],"position_on_page":1},{"flag":null,"abuses":null,"recoubs_by_users_channels":null,"favourite":false,"promoted_id":null,"recoub":null,"like":null,"dislike":null,"reaction":null,"in_my_best2015":false,"id":5124098,"type":"Coub::Simple","permalink":"2loej","title":"I wanna ...","visibility_type":"public","original_visibility_type":"public","channel_id":79555,"created_at":"2014-07-24T09:57:47Z","updated_at":"2022-03-11T06:33:53Z","is_done":true,"views_count":350302,"cotd":null,"cotd_at":null,"visible_on_explore_root":false,"visible_on_explore":false,"featured":false,"published":true,"published_at":"2014-07-24T09:57:47Z","reversed":true,"from_editor_v2":true,"is_editable":true,"original_sound":false,"has_sound":false,"recoub_to":null,"file_versions":{"html5":{"video":{"higher":{"url":"https://coub-anubis-a.akamaized.net/coub_storage/coub/simple/cw_file/fc490378d6e/1f1bb5b243cd0630b5599/muted_mp4_huge_size_1567723755_muted_huge.mp4","size":1682711},"high":{"url":"https://coub-anubis-a.akamaized.net/coub_storage/coub/simple/cw_file/fc490378d6e/1f1bb5b243cd0630b5599/muted_mp4_big_size_1567723755_muted_big.mp4","size":1277488},"med":{"url":"https://coub-anubis-a.akamaized.net/coub_storage/coub/simple/cw_file/fc490378d6e/1f1bb5b243cd0630b5599/muted_mp4_med_size_1567723755_muted_med.mp4","size":302444}},"audio":{"high":{"url":"https://coub-anubis-a.akamaized.net/coub_storage/coub/simple/cw_looped_audio_high/523ad7b59e9/b1c67c4eb194fac08df0d/1605432507_high_1501219816_high.mp3","size":4943260},"med":{"url":"https://coub-anubis-a.akamaized.net/coub_storage/coub/simple/cw_looped_audio_med/9c1446ebc07/5cde56b8844156a954e81/1605432506_med_1501219816_med.mp3","size":3373008}}},"mobile":{"video":"https://coub-anubis-a.akamaized.net/coub_storage/coub/simple/cw_file/fc490378d6e/1f1bb5b243cd0630b5599/muted_mp4_med_size_1567723755_muted_med.mp4","audio":["https://coub-anubis-a.akamaized.net/coub_storage/coub/simple/cw_looped_audio_med/9c1446ebc07/5cde56b8844156a954e81/1605432506_med_1501219816_med.mp3"]},"share":{"default":"https://coub-anubis-a.akamaized.net/coub_storage/coub/simple/cw_video_for_sharing/1fa8e6d33f9/fbcaa67b07f367dc16f22/1608805608_looped_1608805607.mp4"}},"audio_versions":{"template":"https://coub-anubis-a.akamaized.net/coub_storage/audio_track/cw_normalized_copy/5f0e7a53628/b04053741810f28e82a36/mid_1501219800_18qqgp1_normalized_1471175866_audio.mp3","versions":["mid","low"]},"image_versions":{"template":"https://coub-anubis-a.akamaized.net/coub_storage/coub/simple/cw_image/12d7dafed04/e9e0810839fc5886bcf63/1501219832_00026.jpg","versions":["micro","tiny","age_restricted","ios_large","ios_mosaic","big","med","small","pinterest"]},"first_frame_versions":{"template":"https://coub-anubis-a.akamaized.net/coub_storage/coub/simple/cw_timeline_pic/fd83348ddff/1ed7f66c5a5585f0e4adf/%{version}_1501219832_image.jpg","versions":["big","med","small","ios_large"]},"dimensions":{"big":[1280,720],"med":[640,360]},"site_w_h":[640,360],"page_w_h":[640,360],"site_w_h_small":[310,174],"size":[1280,720],"age_restricted":false,"age_restricted_by_admin":false,"not_safe_for_work":null,"allow_reuse":false,"dont_crop":false,"banned":false,"global_safe":true,"audio_file_url":"https://coub-anubis-a.akamaized.net/coub_storage/audio_track/cw_normalized_copy/5f0e7a53628/b04053741810f28e82a36/low_1501219800_18qqgp1_normalized_1471175866_audio.mp3","external_download":false,"application":null,"channel":{"id":79555,"permalink":"palikson","title":"Palik Palikson","description":null,"followers_count":57,"following_count":17,"avatar_versions":{"template":"https://coub-anubis-a.akamaized.net/coub_storage/channel/cw_avatar/128ba761886/cb595764c15aa6fa92d41/%{version}_1474484672_SLPhjpAcN8E.jpg","versions":["medium","medium_2x","profile_pic","profile_pic_new","profile_pic_new_2x","tiny","tiny_2x","small","small_2x","ios_large","ios_small"]}},"file":null,"picture":"https://coub-anubis-a.akamaized.net/coub_storage/coub/simple/cw_image/12d7dafed04/e9e0810839fc5886bcf63/1501219832_00026.jpg","timeline_picture":"https://coub-anubis-a.akamaized.net/coub_storage/coub/simple/cw_timeline_pic/fd83348ddff/1ed7f66c5a5585f0e4adf/ios_large_1501219832_image.jpg","small_picture":"https://coub-anubis-a.akamaized.net/coub_storage/coub/simple/cw_image/12d7dafed04/e9e0810839fc5886bcf63/1501219832_00026.jpg","sharing_picture":null,"percent_done":100,"tags":[{"id":572025,"title":"наташа шелягина","value":"%D0%BD%D0%B0%D1%82%D0%B0%D1%88%D0%B0%20%D1%88%D0%B5%D0%BB%D1%8F%D0%B3%D0%B8%D0%BD%D0%B0"},{"id":530231,"title":"шелягина","value":"%D1%88%D0%B5%D0%BB%D1%8F%D0%B3%D0%B8%D0%BD%D0%B0"},{"id":36642,"title":"polo","value":"polo"},{"id":41545,"title":"natasha","value":"natasha"}],"categories":[{"id":8,"title":"Music","permalink":"music","subscriptions_count":10082461,"big_image_url":"https://coub-anubis-a.akamaized.net/coub_storage/category/cw_image/0327247c5ff/85914bdd8e1edc998c480/big_1544760089_Music3.png","small_image_url":"https://coub-anubis-a.akamaized.net/coub_storage/category/cw_image/0327247c5ff/85914bdd8e1edc998c480/small_1544760089_Music3.png","med_image_url":"https://coub-anubis-a.akamaized.net/coub_storage/category/cw_image/0327247c5ff/85914bdd8e1edc998c480/med_1544760089_Music3.png","visible":true}],"communities":[{"id":8,"title":"Music","permalink":"music","subscriptions_count":10082461,"big_image_url":"https://coub-anubis-a.akamaized.net/coub_storage/category/cw_image/0327247c5ff/85914bdd8e1edc998c480/big_1544760089_Music3.png","small_image_url":"https://coub-anubis-a.akamaized.net/coub_storage/category/cw_image/0327247c5ff/85914bdd8e1edc998c480/small_1544760089_Music3.png","med_image_url":"https://coub-anubis-a.akamaized.net/coub_storage/category/cw_image/0327247c5ff/85914bdd8e1edc998c480/med_1544760089_Music3.png","i_subscribed":true,"community_notifications_enabled":null,"description":null}],"recoubs_count":673,"remixes_count":5,"likes_count":2941,"dislikes_count":0,"raw_video_id":761941,"uploaded_by_ios_app":false,"uploaded_by_android_app":false,"media_blocks":{"uploaded_raw_videos":[],"external_raw_videos":[],"remixed_from_coubs":[]},"raw_video_thumbnail_url":"/missing/missing.png","raw_video_title":"сut.mov","video_block_banned":false,"duration":8.08,"promo_winner":false,"promo_winner_recoubers":null,"editorial_info":{},"promo_hint":null,"beeline_best_2014":null,"from_web_editor":true,"normalize_sound":true,"normalize_change_allowed":true,"best2015_addable":false,"ahmad_promo":null,"promo_data":null,"audio_copyright_claim":null,"ads_disabled":null,"is_safe_for_ads":true,"megafon_contents":[],"position_on_page":2},{"flag":null,"abuses":null,"recoubs_by_users_channels":null,"favourite":false,"promoted_id":null,"recoub":null,"like":null,"dislike":null,"reaction":null,"in_my_best2015":false,"id":69309218,"type":"Coub::Simple","permalink":"14tttl","title":"Combat skill [х10]","visibility_type":"public","original_visibility_type":"public","channel_id":294438,"created_at":"2018-03-14T08:35:38Z","updated_at":"2022-03-16T07:35:12Z","is_done":true,"views_count":278199,"cotd":null,"cotd_at":null,"visible_on_explore_root":true,"visible_on_explore":true,"featured":true,"published":true,"published_at":"2018-03-14T08:37:53Z","reversed":false,"from_editor_v2":true,"is_editable":true,"original_sound":false,"has_sound":false,"recoub_to":null,"file_versions":{"html5":{"video":{"higher":{"url":"https://coub-anubis-a.akamaized.net/coub_storage/coub/simple/cw_file/86aa78fb239/0a53a6f78026084e2690f/muted_mp4_huge_size_1568207126_muted_huge.mp4","size":6139402},"high":{"url":"https://coub-anubis-a.akamaized.net/coub_storage/coub/simple/cw_file/86aa78fb239/0a53a6f78026084e2690f/muted_mp4_big_size_1568207126_muted_big.mp4","size":4837531},"med":{"url":"https://coub-anubis-a.akamaized.net/coub_storage/coub/simple/cw_file/86aa78fb239/0a53a6f78026084e2690f/muted_mp4_med_size_1568207126_muted_med.mp4","size":1409795}},"audio":{"high":{"url":"https://coub-anubis-a.akamaized.net/coub_storage/coub/simple/cw_looped_audio_high/418bd2da829/719b6be1189619995fc3e/1605639326_high_1521016576_high.mp3","size":2228216},"med":{"url":"https://coub-anubis-a.akamaized.net/coub_storage/coub/simple/cw_looped_audio_med/5763e898a53/a3778bd164bc166cb8fea/1605639325_med_1521016576_med.mp3","size":1596380}}},"mobile":{"video":"https://coub-anubis-a.akamaized.net/coub_storage/coub/simple/cw_file/86aa78fb239/0a53a6f78026084e2690f/muted_mp4_med_size_1568207126_muted_med.mp4","audio":["https://coub-anubis-a.akamaized.net/coub_storage/coub/simple/cw_looped_audio_med/5763e898a53/a3778bd164bc166cb8fea/1605639325_med_1521016576_med.mp3"]},"share":{"default":"https://coub-anubis-a.akamaized.net/coub_storage/coub/simple/cw_video_for_sharing/491cc0baba4/573010606745925801aea/1610715269_looped_1610715266.mp4"}},"audio_versions":{"template":"https://coub-anubis-a.akamaized.net/coub_storage/audio_track/cw_file/8128a98e698/d57d5063d51f9d66c97c7/mid_1521016558_162jfq8_edited.mp3","versions":["mid","low"]},"image_versions":{"template":"https://coub-anubis-a.akamaized.net/coub_storage/coub/simple/cw_image/7a854c287c9/bd9a182450f671fe1a73a/1521016587_00032.jpg","versions":["micro","tiny","age_restricted","ios_large","ios_mosaic","big","med","small","pinterest"]},"first_frame_versions":{"template":"https://coub-anubis-a.akamaized.net/coub_storage/coub/simple/cw_timeline_pic/e90ddabc4a2/e1470a49a82af086b9294/%{version}_1521016586_image.jpg","versions":["big","med","small","ios_large"]},"dimensions":{"big":[1280,720],"med":[640,360]},"site_w_h":[640,360],"page_w_h":[640,360],"site_w_h_small":[310,174],"size":[1280,720],"age_restricted":false,"age_restricted_by_admin":false,"not_safe_for_work":false,"allow_reuse":false,"dont_crop":false,"banned":false,"global_safe":true,"audio_file_url":"https://coub-anubis-a.akamaized.net/coub_storage/audio_track/cw_file/8128a98e698/d57d5063d51f9d66c97c7/low_1521016558_162jfq8_edited.mp3","external_download":false,"application":null,"channel":{"id":294438,"permalink":"evgentuz82","title":"ᴇᴠɢᴇɴᴛᴜᴢ 82","description":"телеграм t.me/Evgentuz82","followers_count":8400,"following_count":1982,"avatar_versions":{"template":"https://coub-anubis-a.akamaized.net/coub_storage/channel/cw_avatar/b17f57c0af4/6445724dcb831e6e1f74e/%{version}_1620624944_VfwMRHPVz1M.jpg","versions":["medium","medium_2x","profile_pic","profile_pic_new","profile_pic_new_2x","tiny","tiny_2x","small","small_2x","ios_large","ios_small"]}},"file":null,"picture":"https://coub-anubis-a.akamaized.net/coub_storage/coub/simple/cw_image/7a854c287c9/bd9a182450f671fe1a73a/1521016587_00032.jpg","timeline_picture":"https://coub-anubis-a.akamaized.net/coub_storage/coub/simple/cw_timeline_pic/e90ddabc4a2/e1470a49a82af086b9294/ios_large_1521016586_image.jpg","small_picture":"https://coub-anubis-a.akamaized.net/coub_storage/coub/simple/cw_image/7a854c287c9/bd9a182450f671fe1a73a/1521016587_00032.jpg","sharing_picture":null,"percent_done":100,"tags":[{"id":339736,"title":"jumanji","value":"jumanji"},{"id":82946,"title":"джуманджи","value":"%D0%B4%D0%B6%D1%83%D0%BC%D0%B0%D0%BD%D0%B4%D0%B6%D0%B8"},{"id":3138552,"title":"jumanji: welcome to the jungle","value":"jumanji:%20welcome%20to%20the%20jungle"},{"id":3694819,"title":"джуманджи: зов джунглей","value":"%D0%B4%D0%B6%D1%83%D0%BC%D0%B0%D0%BD%D0%B4%D0%B6%D0%B8:%20%D0%B7%D0%BE%D0%B2%20%D0%B4%D0%B6%D1%83%D0%BD%D0%B3%D0%BB%D0%B5%D0%B9"},{"id":137824,"title":"radio coub","value":"radio%20coub"},{"id":50,"title":"coub","value":"coub"},{"id":14586,"title":"dwayne johnson","value":"dwayne%20johnson"},{"id":358615,"title":"дуэйн джонсон","value":"%D0%B4%D1%83%D1%8D%D0%B9%D0%BD%20%D0%B4%D0%B6%D0%BE%D0%BD%D1%81%D0%BE%D0%BD"},{"id":697004,"title":"радиокоуб","value":"%D1%80%D0%B0%D0%B4%D0%B8%D0%BE%D0%BA%D0%BE%D1%83%D0%B1"},{"id":61817,"title":"radiocoub","value":"radiocoub"},{"id":80693,"title":"karen gillan","value":"karen%20gillan"},{"id":533786,"title":"карен гиллан","value":"%D0%BA%D0%B0%D1%80%D0%B5%D0%BD%20%D0%B3%D0%B8%D0%BB%D0%BB%D0%B0%D0%BD"},{"id":9090,"title":"kung fu","value":"kung%20fu"},{"id":7434,"title":"karate","value":"karate"},{"id":102339,"title":"capoeira","value":"capoeira"},{"id":53429,"title":"muay thai","value":"muay%20thai"},{"id":20822,"title":"taekwondo","value":"taekwondo"},{"id":23564,"title":"каратэ","value":"%D0%BA%D0%B0%D1%80%D0%B0%D1%82%D1%8D"},{"id":103807,"title":"кунгфу","value":"%D0%BA%D1%83%D0%BD%D0%B3%D1%84%D1%83"},{"id":485,"title":"fight","value":"fight"}],"categories":[{"id":8,"title":"Music","permalink":"music","subscriptions_count":10082461,"big_image_url":"https://coub-anubis-a.akamaized.net/coub_storage/category/cw_image/0327247c5ff/85914bdd8e1edc998c480/big_1544760089_Music3.png","small_image_url":"https://coub-anubis-a.akamaized.net/coub_storage/category/cw_image/0327247c5ff/85914bdd8e1edc998c480/small_1544760089_Music3.png","med_image_url":"https://coub-anubis-a.akamaized.net/coub_storage/category/cw_image/0327247c5ff/85914bdd8e1edc998c480/med_1544760089_Music3.png","visible":true}],"communities":[{"id":8,"title":"Music","permalink":"music","subscriptions_count":10082461,"big_image_url":"https://coub-anubis-a.akamaized.net/coub_storage/category/cw_image/0327247c5ff/85914bdd8e1edc998c480/big_1544760089_Music3.png","small_image_url":"https://coub-anubis-a.akamaized.net/coub_storage/category/cw_image/0327247c5ff/85914bdd8e1edc998c480/small_1544760089_Music3.png","med_image_url":"https://coub-anubis-a.akamaized.net/coub_storage/category/cw_image/0327247c5ff/85914bdd8e1edc998c480/med_1544760089_Music3.png","i_subscribed":true,"community_notifications_enabled":null,"description":null}],"recoubs_count":458,"remixes_count":3,"likes_count":2940,"dislikes_count":0,"raw_video_id":11318660,"uploaded_by_ios_app":false,"uploaded_by_android_app":false,"media_blocks":{"uploaded_raw_videos":[],"external_raw_videos":[],"remixed_from_coubs":[]},"raw_video_thumbnail_url":"/missing/missing.png","raw_video_title":"_____.mp4","video_block_banned":false,"duration":10.0,"promo_winner":false,"promo_winner_recoubers":null,"editorial_info":{},"promo_hint":null,"beeline_best_2014":null,"from_web_editor":true,"normalize_sound":false,"normalize_change_allowed":true,"best2015_addable":false,"ahmad_promo":null,"promo_data":null,"audio_copyright_claim":null,"ads_disabled":false,"is_safe_for_ads":true,"megafon_contents":[],"position_on_page":3},{"flag":null,"abuses":null,"recoubs_by_users_channels":null,"favourite":false,"promoted_id":null,"recoub":null,"like":null,"dislike":null,"reaction":null,"in_my_best2015":false,"id":140129021,"type":"Coub::Simple","permalink":"2b2yx4","title":"die b!tch!","visibility_type":"public","original_visibility_type":"public","channel_id":578589,"created_at":"2020-03-22T18:02:21Z","updated_at":"2022-03-08T05:43:08Z","is_done":true,"views_count":259442,"cotd":null,"cotd_at":null,"visible_on_explore_root":true,"visible_on_explore":true,"featured":true,"published":true,"published_at":"2020-03-22T18:02:21Z","reversed":false,"from_editor_v2":true,"is_editable":true,"original_sound":false,"has_sound":false,"recoub_to":null,"file_versions":{"html5":{"video":{"higher":{"url":"https://coub-anubis-a.akamaized.net/coub_storage/coub/simple/cw_file/5aa451c843d/b9ddca253ed4058e9f704/muted_mp4_huge_size_1584900146_muted_huge.mp4","size":1168843},"high":{"url":"https://coub-anubis-a.akamaized.net/coub_storage/coub/simple/cw_file/5aa451c843d/b9ddca253ed4058e9f704/muted_mp4_big_size_1584900146_muted_big.mp4","size":939678},"med":{"url":"https://coub-anubis-a.akamaized.net/coub_storage/coub/simple/cw_file/5aa451c843d/b9ddca253ed4058e9f704/muted_mp4_med_size_1584900146_muted_med.mp4","size":303662}},"audio":{"high":{"url":"https://coub-anubis-a.akamaized.net/coub_storage/coub/simple/cw_looped_audio_high/ef5cc77fd38/927b41a246e3a86f20a6a/1605703111_high_1584900173_high.mp3","size":2796615},"med":{"url":"https://coub-anubis-a.akamaized.net/coub_storage/coub/simple/cw_looped_audio_med/7ca5d56a70a/abb2d3994cd10177707de/1605703110_med_1584900173_med.mp3","size":2019114}}},"mobile":{"video":"https://coub-anubis-a.akamaized.net/coub_storage/coub/simple/cw_file/5aa451c843d/b9ddca253ed4058e9f704/muted_mp4_med_size_1584900146_muted_med.mp4","audio":["https://coub-anubis-a.akamaized.net/coub_storage/coub/simple/cw_looped_audio_med/7ca5d56a70a/abb2d3994cd10177707de/1605703110_med_1584900173_med.mp3"]},"share":{"default":"https://coub-anubis-a.akamaized.net/coub_storage/coub/simple/cw_video_for_sharing/8de491d30b0/678725de480872bc9ce12/1609431772_looped_1609431770.mp4"}},"audio_versions":{"template":"https://coub-anubis-a.akamaized.net/coub_storage/audio_track/cw_file/e7f06812548/bc3200e3b3fd05e239ec5/mid_1584900149_13tuyqb_edited.mp3","versions":["mid","low"]},"image_versions":{"template":"https://coub-anubis-a.akamaized.net/coub_storage/coub/simple/cw_image/c1a48ba21e3/b6d6155b306186df5403a/1584900183_00008.jpg","versions":["micro","tiny","age_restricted","ios_large","ios_mosaic","big","med","small","pinterest"]},"first_frame_versions":{"template":"https://coub-anubis-a.akamaized.net/coub_storage/coub/simple/cw_timeline_pic/49bb3afc3a6/e8ec8383e68955420d7b0/1584900183_image.jpg","versions":["big","med","small","ios_large"]},"dimensions":{"big":[1280,720],"med":[640,360]},"site_w_h":[640,360],"page_w_h":[640,360],"site_w_h_small":[310,174],"size":[1280,720],"age_restricted":false,"age_restricted_by_admin":false,"not_safe_for_work":false,"allow_reuse":false,"dont_crop":false,"banned":false,"global_safe":true,"audio_file_url":"https://coub-anubis-a.akamaized.net/coub_storage/audio_track/cw_file/e7f06812548/bc3200e3b3fd05e239ec5/low_1584900149_13tuyqb_edited.mp3","external_download":false,"application":null,"channel":{"id":578589,"permalink":"vitalik.vas","title":"Vitaliy Vasinyuk","description":null,"followers_count":16,"following_count":9,"avatar_versions":{"template":"https://coub-anubis-a.akamaized.net/coub_storage/channel/cw_avatar/eb53f8f275c/375a64d96719bca674f94/%{version}_1608651035_1mza7fs_1474516671_opsp5n_att-url-download.jpg","versions":["medium","medium_2x","profile_pic","profile_pic_new","profile_pic_new_2x","tiny","tiny_2x","small","small_2x","ios_large","ios_small"]}},"file":null,"picture":"https://coub-anubis-a.akamaized.net/coub_storage/coub/simple/cw_image/c1a48ba21e3/b6d6155b306186df5403a/1584900183_00008.jpg","timeline_picture":"https://coub-anubis-a.akamaized.net/coub_storage/coub/simple/cw_timeline_pic/49bb3afc3a6/e8ec8383e68955420d7b0/1584900183_image.jpg","small_picture":"https://coub-anubis-a.akamaized.net/coub_storage/coub/simple/cw_image/c1a48ba21e3/b6d6155b306186df5403a/1584900183_00008.jpg","sharing_picture":null,"percent_done":100,"tags":[{"id":5547212,"title":"healthy as a horse","value":"healthy%20as%20a%20horse"},{"id":5477341,"title":"covid-19","value":"covid-19"},{"id":2082452,"title":"salvatore ganacci","value":"salvatore%20ganacci"},{"id":4869717,"title":"salvatore ganacci - horse","value":"salvatore%20ganacci%20-%20horse"},{"id":5547229,"title":"salvation force","value":"salvation%20force"},{"id":3171,"title":"horse","value":"horse"},{"id":4238227,"title":"coronavirus","value":"coronavirus"}],"categories":[{"id":8,"title":"Music","permalink":"music","subscriptions_count":10082461,"big_image_url":"https://coub-anubis-a.akamaized.net/coub_storage/category/cw_image/0327247c5ff/85914bdd8e1edc998c480/big_1544760089_Music3.png","small_image_url":"https://coub-anubis-a.akamaized.net/coub_storage/category/cw_image/0327247c5ff/85914bdd8e1edc998c480/small_1544760089_Music3.png","med_image_url":"https://coub-anubis-a.akamaized.net/coub_storage/category/cw_image/0327247c5ff/85914bdd8e1edc998c480/med_1544760089_Music3.png","visible":true}],"communities":[{"id":8,"title":"Music","permalink":"music","subscriptions_count":10082461,"big_image_url":"https://coub-anubis-a.akamaized.net/coub_storage/category/cw_image/0327247c5ff/85914bdd8e1edc998c480/big_1544760089_Music3.png","small_image_url":"https://coub-anubis-a.akamaized.net/coub_storage/category/cw_image/0327247c5ff/85914bdd8e1edc998c480/small_1544760089_Music3.png","med_image_url":"https://coub-anubis-a.akamaized.net/coub_storage/category/cw_image/0327247c5ff/85914bdd8e1edc998c480/med_1544760089_Music3.png","i_subscribed":true,"community_notifications_enabled":null,"description":null}],"recoubs_count":505,"remixes_count":0,"likes_count":2938,"dislikes_count":0,"raw_video_id":14967365,"uploaded_by_ios_app":false,"uploaded_by_android_app":false,"media_blocks":{"uploaded_raw_videos":[],"external_raw_videos":[],"remixed_from_coubs":[]},"raw_video_thumbnail_url":"/missing/missing.png","raw_video_title":"Coub_2_v.mp4","video_block_banned":false,"duration":2.48,"promo_winner":false,"promo_winner_recoubers":null,"editorial_info":{},"promo_hint":null,"beeline_best_2014":null,"from_web_editor":true,"normalize_sound":false,"normalize_change_allowed":true,"best2015_addable":false,"ahmad_promo":null,"promo_data":null,"audio_copyright_claim":null,"ads_disabled":false,"is_safe_for_ads":true,"megafon_contents":[],"position_on_page":4},{"flag":null,"abuses":null,"recoubs_by_users_channels":null,"favourite":false,"promoted_id":null,"recoub":null,"like":null,"dislike":null,"reaction":null,"in_my_best2015":false,"id":129909713,"type":"Coub::Simple","permalink":"24yuzu","title":"\"Белая Ночь\" 🤟 COVER 😬🎸 by Pushnoy/Zhuchkov","visibility_type":"public","original_visibility_type":"public","channel_id":1554492,"created_at":"2019-11-24T00:59:44Z","updated_at":"2022-03-09T15:43:46Z","is_done":true,"views_count":176584,"cotd":null,"cotd_at":null,"visible_on_explore_root":false,"visible_on_explore":false,"featured":false,"published":true,"published_at":"2019-11-24T00:59:44Z","reversed":false,"from_editor_v2":true,"is_editable":true,"original_sound":false,"has_sound":false,"recoub_to":null,"file_versions":{"html5":{"video":{"higher":{"url":"https://coub-anubis-a.akamaized.net/coub_storage/coub/simple/cw_file/a0bd85533a3/1b8d3ef5942a88368d5f5/muted_mp4_huge_size_1574557271_muted_huge.mp4","size":3072606},"high":{"url":"https://coub-anubis-a.akamaized.net/coub_storage/coub/simple/cw_file/a0bd85533a3/1b8d3ef5942a88368d5f5/muted_mp4_big_size_1574557271_muted_big.mp4","size":2289242},"med":{"url":"https://coub-anubis-a.akamaized.net/coub_storage/coub/simple/cw_file/a0bd85533a3/1b8d3ef5942a88368d5f5/muted_mp4_med_size_1574557271_muted_med.mp4","size":675325}},"audio":{"high":{"url":"https://coub-anubis-a.akamaized.net/coub_storage/coub/simple/cw_looped_audio_high/8bed76ef843/0a1ce579e3e16ff4c8ea7/1605698388_high_1574557321_high.mp3","size":4071521},"med":{"url":"https://coub-anubis-a.akamaized.net/coub_storage/coub/simple/cw_looped_audio_med/a96767d39b3/57fec18e9e2978bb1730a/1605698387_med_1574557321_med.mp3","size":3033154}}},"mobile":{"video":"https://coub-anubis-a.akamaized.net/coub_storage/coub/simple/cw_file/a0bd85533a3/1b8d3ef5942a88368d5f5/muted_mp4_med_size_1574557271_muted_med.mp4","audio":["https://coub-anubis-a.akamaized.net/coub_storage/coub/simple/cw_looped_audio_med/a96767d39b3/57fec18e9e2978bb1730a/1605698387_med_1574557321_med.mp3"]},"share":{"default":"https://coub-anubis-a.akamaized.net/coub_storage/coub/simple/cw_video_for_sharing/890df8cd4bf/6ea5fedbf54045fa669b1/1608826691_looped_1608826689.mp4"}},"audio_versions":{"template":"https://coub-anubis-a.akamaized.net/coub_storage/audio_track/cw_normalized_copy/d877edfac47/f8f9dbf12405775687de9/mid_1574557304_normalized_1574557276_ytjtvs_edited.mp3","versions":["mid","low"]},"image_versions":{"template":"https://coub-anubis-a.akamaized.net/coub_storage/coub/simple/cw_image/00f6d886b90/d5789abd48e753974a8c9/1574557342_00032.jpg","versions":["micro","tiny","age_restricted","ios_large","ios_mosaic","big","med","small","pinterest"]},"first_frame_versions":{"template":"https://coub-anubis-a.akamaized.net/coub_storage/coub/simple/cw_timeline_pic/7705f429d7f/e720fb262237730aafa2e/%{version}_1574557340_image.jpg","versions":["big","med","small","ios_large"]},"dimensions":{"big":[1280,720],"med":[640,360]},"site_w_h":[640,360],"page_w_h":[640,360],"site_w_h_small":[310,174],"size":[1280,720],"age_restricted":false,"age_restricted_by_admin":false,"not_safe_for_work":false,"allow_reuse":false,"dont_crop":false,"banned":false,"global_safe":false,"audio_file_url":"https://coub-anubis-a.akamaized.net/coub_storage/audio_track/cw_normalized_copy/d877edfac47/f8f9dbf12405775687de9/low_1574557304_normalized_1574557276_ytjtvs_edited.mp3","external_download":{"type":"Youtube","service_name":"YouTube","url":"https://youtu.be/5nXTouZzRmA","has_embed":true},"application":null,"channel":{"id":1554492,"permalink":"kingw0lf","title":"KingWolf","description":null,"followers_count":52,"following_count":18,"avatar_versions":{"template":"https://coub-anubis-a.akamaized.net/coub_storage/channel/cw_avatar/4c89958c8ea/a8a948c6040e7f08d0787/%{version}_1608020972_12cjzle_1553764467_498d8.jpg","versions":["medium","medium_2x","profile_pic","profile_pic_new","profile_pic_new_2x","tiny","tiny_2x","small","small_2x","ios_large","ios_small"]}},"file":null,"picture":"https://coub-anubis-a.akamaized.net/coub_storage/coub/simple/cw_image/00f6d886b90/d5789abd48e753974a8c9/1574557342_00032.jpg","timeline_picture":"https://coub-anubis-a.akamaized.net/coub_storage/coub/simple/cw_timeline_pic/7705f429d7f/e720fb262237730aafa2e/ios_large_1574557340_image.jpg","small_picture":"https://coub-anubis-a.akamaized.net/coub_storage/coub/simple/cw_image/00f6d886b90/d5789abd48e753974a8c9/1574557342_00032.jpg","sharing_picture":null,"percent_done":100,"tags":[{"id":97778,"title":"пушной","value":"%D0%BF%D1%83%D1%88%D0%BD%D0%BE%D0%B9"},{"id":26214,"title":"кавер","value":"%D0%BA%D0%B0%D0%B2%D0%B5%D1%80"},{"id":3685,"title":"белая","value":"%D0%B1%D0%B5%D0%BB%D0%B0%D1%8F"},{"id":5178,"title":"ночь","value":"%D0%BD%D0%BE%D1%87%D1%8C"},{"id":1665,"title":"cover","value":"cover"},{"id":1910,"title":"white","value":"white"},{"id":467,"title":"night","value":"night"},{"id":54990,"title":"каверы","value":"%D0%BA%D0%B0%D0%B2%D0%B5%D1%80%D1%8B"},{"id":3505567,"title":"восьмиструнка","value":"%D0%B2%D0%BE%D1%81%D1%8C%D0%BC%D0%B8%D1%81%D1%82%D1%80%D1%83%D0%BD%D0%BA%D0%B0"},{"id":500909,"title":"белая ночь","value":"%D0%B1%D0%B5%D0%BB%D0%B0%D1%8F%20%D0%BD%D0%BE%D1%87%D1%8C"},{"id":78793,"title":"white nights","value":"white%20nights"}],"categories":[{"id":8,"title":"Music","permalink":"music","subscriptions_count":10082461,"big_image_url":"https://coub-anubis-a.akamaized.net/coub_storage/category/cw_image/0327247c5ff/85914bdd8e1edc998c480/big_1544760089_Music3.png","small_image_url":"https://coub-anubis-a.akamaized.net/coub_storage/category/cw_image/0327247c5ff/85914bdd8e1edc998c480/small_1544760089_Music3.png","med_image_url":"https://coub-anubis-a.akamaized.net/coub_storage/category/cw_image/0327247c5ff/85914bdd8e1edc998c480/med_1544760089_Music3.png","visible":true}],"communities":[{"id":8,"title":"Music","permalink":"music","subscriptions_count":10082461,"big_image_url":"https://coub-anubis-a.akamaized.net/coub_storage/category/cw_image/0327247c5ff/85914bdd8e1edc998c480/big_1544760089_Music3.png","small_image_url":"https://coub-anubis-a.akamaized.net/coub_storage/category/cw_image/0327247c5ff/85914bdd8e1edc998c480/small_1544760089_Music3.png","med_image_url":"https://coub-anubis-a.akamaized.net/coub_storage/category/cw_image/0327247c5ff/85914bdd8e1edc998c480/med_1544760089_Music3.png","i_subscribed":true,"community_notifications_enabled":null,"description":null}],"recoubs_count":490,"remixes_count":0,"likes_count":2933,"dislikes_count":0,"raw_video_id":14485137,"uploaded_by_ios_app":false,"uploaded_by_android_app":false,"media_blocks":{"uploaded_raw_videos":[],"external_raw_videos":[{"id":33930900,"title":"\"Белая Ночь\" 🤟 COVER 😬🎸 by Pushnoy/Zhuchkov","url":"https://www.youtube.com/watch?v=5nXTouZzRmA","image":"https://coub-anubis-a.akamaized.net/coub_storage/media_block/cw_image/f526d787bc8/43d568e68b32298296c57/1574190839_jhaqqd_1574190762_1p5xyoe_att-url-download.jpg","image_retina":"https://coub-anubis-a.akamaized.net/coub_storage/media_block/cw_image/f526d787bc8/43d568e68b32298296c57/1574190839_jhaqqd_1574190762_1p5xyoe_att-url-download.jpg","meta":{"service":"Youtube","duration":"214.68"},"duration":214.68,"raw_video_id":14485137,"has_embed":true}],"remixed_from_coubs":[],"external_video":{"id":33930900,"title":"\"Белая Ночь\" 🤟 COVER 😬🎸 by Pushnoy/Zhuchkov","url":"https://www.youtube.com/watch?v=5nXTouZzRmA","image":"https://coub-anubis-a.akamaized.net/coub_storage/media_block/cw_image/f526d787bc8/43d568e68b32298296c57/1574190839_jhaqqd_1574190762_1p5xyoe_att-url-download.jpg","image_retina":"https://coub-anubis-a.akamaized.net/coub_storage/media_block/cw_image/f526d787bc8/43d568e68b32298296c57/1574190839_jhaqqd_1574190762_1p5xyoe_att-url-download.jpg","meta":{"service":"Youtube","duration":"214.68"},"duration":214.68,"raw_video_id":14485137,"has_embed":true}},"raw_video_thumbnail_url":"/missing/missing.png","raw_video_title":"\"Белая Ночь\" 🤟 COVER 😬🎸 by Pushnoy/Zhuchkov","video_block_banned":false,"duration":10.0,"promo_winner":false,"promo_winner_recoubers":null,"editorial_info":{},"promo_hint":null,"beeline_best_2014":null,"from_web_editor":true,"normalize_sound":true,"normalize_change_allowed":true,"best2015_addable":false,"ahmad_promo":null,"promo_data":null,"audio_copyright_claim":null,"ads_disabled":false,"is_safe_for_ads":true,"megafon_contents":[],"position_on_page":5},{"flag":null,"abuses":null,"recoubs_by_users_channels":null,"favourite":false,"promoted_id":null,"recoub":null,"like":null,"dislike":null,"reaction":null,"in_my_best2015":false,"id":99388259,"type":"Coub::Simple","permalink":"1mrlqb","title":"Пушной о Егорах","visibility_type":"public","original_visibility_type":"public","channel_id":1520137,"created_at":"2019-01-25T18:39:56Z","updated_at":"2022-03-12T22:15:19Z","is_done":true,"views_count":152460,"cotd":null,"cotd_at":null,"visible_on_explore_root":false,"visible_on_explore":false,"featured":false,"published":true,"published_at":"2019-01-25T18:39:56Z","reversed":false,"from_editor_v2":true,"is_editable":true,"original_sound":false,"has_sound":false,"recoub_to":null,"file_versions":{"html5":{"video":{"higher":{"url":"https://coub-anubis-a.akamaized.net/coub_storage/coub/simple/cw_file/4e9fb84c4bc/a4acc6a294be4d49c81b0/muted_mp4_huge_size_1568989278_muted_huge.mp4","size":1258302},"high":{"url":"https://coub-anubis-a.akamaized.net/coub_storage/coub/simple/cw_file/4e9fb84c4bc/a4acc6a294be4d49c81b0/muted_mp4_big_size_1568989278_muted_big.mp4","size":1060754},"med":{"url":"https://coub-anubis-a.akamaized.net/coub_storage/coub/simple/cw_file/4e9fb84c4bc/a4acc6a294be4d49c81b0/muted_mp4_med_size_1568989278_muted_med.mp4","size":203344}},"audio":{"high":{"url":"https://coub-anubis-a.akamaized.net/coub_storage/coub/simple/cw_looped_audio_high/bebc045a4b1/635cac96201d1083f4be2/1605668889_high_1548441613_high.mp3","size":1080374},"med":{"url":"https://coub-anubis-a.akamaized.net/coub_storage/coub/simple/cw_looped_audio_med/335f3501f01/a7b8ed9a53e7b34b513b7/1605668888_med_1548441613_med.mp3","size":921179}}},"mobile":{"video":"https://coub-anubis-a.akamaized.net/coub_storage/coub/simple/cw_file/4e9fb84c4bc/a4acc6a294be4d49c81b0/muted_mp4_med_size_1568989278_muted_med.mp4","audio":["https://coub-anubis-a.akamaized.net/coub_storage/coub/simple/cw_looped_audio_med/335f3501f01/a7b8ed9a53e7b34b513b7/1605668888_med_1548441613_med.mp3"]},"share":{"default":"https://coub-anubis-a.akamaized.net/coub_storage/coub/simple/cw_video_for_sharing/a5555a8de7e/4f45f1ff1b553c8a481a3/1612408933_looped_1612408932.mp4"}},"audio_versions":{"template":"https://coub-anubis-a.akamaized.net/coub_storage/audio_track/cw_normalized_copy/0ca5261eac5/eebd9cda38a3d07c9bf67/mid_1548441611_normalized_1548441429_audio.mp3","versions":["mid","low"]},"image_versions":{"template":"https://coub-anubis-a.akamaized.net/coub_storage/coub/simple/cw_image/ee698b74bfa/2e8c73fe517eb924b7580/1548441621_00032.jpg","versions":["micro","tiny","age_restricted","ios_large","ios_mosaic","big","med","small","pinterest"]},"first_frame_versions":{"template":"https://coub-anubis-a.akamaized.net/coub_storage/coub/simple/cw_timeline_pic/af42a17342a/95375c3f51f99cfcd492d/1548441620_image.jpg","versions":["big","med","small","ios_large"]},"dimensions":{"big":[1280,720],"med":[640,360]},"site_w_h":[640,360],"page_w_h":[640,360],"site_w_h_small":[310,174],"size":[1280,720],"age_restricted":false,"age_restricted_by_admin":false,"not_safe_for_work":false,"allow_reuse":false,"dont_crop":false,"banned":false,"global_safe":false,"audio_file_url":"https://coub-anubis-a.akamaized.net/coub_storage/audio_track/cw_normalized_copy/0ca5261eac5/eebd9cda38a3d07c9bf67/low_1548441611_normalized_1548441429_audio.mp3","external_download":false,"application":null,"channel":{"id":1520137,"permalink":"rumil.basirov","title":"Rumil Basyrov","description":null,"followers_count":28,"following_count":6,"avatar_versions":{"template":"https://coub-anubis-a.akamaized.net/coub_storage/channel/cw_avatar/2d5cf9a4497/2dfcf2fb493e1411191e6/%{version}_1608748796_1jbtt5b_1474667884_33905662.jpg","versions":["medium","medium_2x","profile_pic","profile_pic_new","profile_pic_new_2x","tiny","tiny_2x","small","small_2x","ios_large","ios_small"]}},"file":null,"picture":"https://coub-anubis-a.akamaized.net/coub_storage/coub/simple/cw_image/ee698b74bfa/2e8c73fe517eb924b7580/1548441621_00032.jpg","timeline_picture":"https://coub-anubis-a.akamaized.net/coub_storage/coub/simple/cw_timeline_pic/af42a17342a/95375c3f51f99cfcd492d/1548441620_image.jpg","small_picture":"https://coub-anubis-a.akamaized.net/coub_storage/coub/simple/cw_image/ee698b74bfa/2e8c73fe517eb924b7580/1548441621_00032.jpg","sharing_picture":null,"percent_done":100,"tags":[{"id":97778,"title":"пушной","value":"%D0%BF%D1%83%D1%88%D0%BD%D0%BE%D0%B9"},{"id":1920,"title":"егор летов","value":"%D0%B5%D0%B3%D0%BE%D1%80%20%D0%BB%D0%B5%D1%82%D0%BE%D0%B2"},{"id":507657,"title":"егор крид","value":"%D0%B5%D0%B3%D0%BE%D1%80%20%D0%BA%D1%80%D0%B8%D0%B4"},{"id":4634569,"title":"разные поколения","value":"%D1%80%D0%B0%D0%B7%D0%BD%D1%8B%D0%B5%20%D0%BF%D0%BE%D0%BA%D0%BE%D0%BB%D0%B5%D0%BD%D0%B8%D1%8F"}],"categories":[{"id":8,"title":"Music","permalink":"music","subscriptions_count":10082461,"big_image_url":"https://coub-anubis-a.akamaized.net/coub_storage/category/cw_image/0327247c5ff/85914bdd8e1edc998c480/big_1544760089_Music3.png","small_image_url":"https://coub-anubis-a.akamaized.net/coub_storage/category/cw_image/0327247c5ff/85914bdd8e1edc998c480/small_1544760089_Music3.png","med_image_url":"https://coub-anubis-a.akamaized.net/coub_storage/category/cw_image/0327247c5ff/85914bdd8e1edc998c480/med_1544760089_Music3.png","visible":true}],"communities":[{"id":8,"title":"Music","permalink":"music","subscriptions_count":10082461,"big_image_url":"https://coub-anubis-a.akamaized.net/coub_storage/category/cw_image/0327247c5ff/85914bdd8e1edc998c480/big_1544760089_Music3.png","small_image_url":"https://coub-anubis-a.akamaized.net/coub_storage/category/cw_image/0327247c5ff/85914bdd8e1edc998c480/small_1544760089_Music3.png","med_image_url":"https://coub-anubis-a.akamaized.net/coub_storage/category/cw_image/0327247c5ff/85914bdd8e1edc998c480/med_1544760089_Music3.png","i_subscribed":true,"community_notifications_enabled":null,"description":null}],"recoubs_count":518,"remixes_count":0,"likes_count":2933,"dislikes_count":0,"raw_video_id":13101476,"uploaded_by_ios_app":false,"uploaded_by_android_app":false,"media_blocks":{"uploaded_raw_videos":[],"external_raw_videos":[],"remixed_from_coubs":[]},"raw_video_thumbnail_url":"/missing/missing.png","raw_video_title":"pu0001-0434.mp4","video_block_banned":false,"duration":10.0,"promo_winner":false,"promo_winner_recoubers":null,"editorial_info":{},"promo_hint":null,"beeline_best_2014":null,"from_web_editor":true,"normalize_sound":true,"normalize_change_allowed":true,"best2015_addable":false,"ahmad_promo":null,"promo_data":null,"audio_copyright_claim":null,"ads_disabled":false,"is_safe_for_ads":true,"megafon_contents":[],"position_on_page":6},{"flag":null,"abuses":null,"recoubs_by_users_channels":null,"favourite":false,"promoted_id":null,"recoub":null,"like":null,"dislike":null,"reaction":null,"in_my_best2015":false,"id":176772147,"type":"Coub::Simple","permalink":"2wwd66","title":"party is down","visibility_type":"public","original_visibility_type":"public","channel_id":4663373,"created_at":"2021-10-09T04:23:48Z","updated_at":"2022-03-14T14:10:11Z","is_done":true,"views_count":207701,"cotd":null,"cotd_at":null,"visible_on_explore_root":false,"visible_on_explore":false,"featured":false,"published":true,"published_at":"2021-10-09T04:23:48Z","reversed":false,"from_editor_v2":true,"is_editable":true,"original_sound":true,"has_sound":true,"recoub_to":null,"file_versions":{"html5":{"video":{"higher":{"url":"https://coub-anubis-a.akamaized.net/coub_storage/coub/simple/cw_file/b849cba6341/0c26c42ce09355b6facda/muted_mp4_huge_size_1633753432_muted_huge.mp4","size":1280279},"high":{"url":"https://coub-anubis-a.akamaized.net/coub_storage/coub/simple/cw_file/b849cba6341/0c26c42ce09355b6facda/muted_mp4_big_size_1633753432_muted_big.mp4","size":812986},"med":{"url":"https://coub-anubis-a.akamaized.net/coub_storage/coub/simple/cw_file/b849cba6341/0c26c42ce09355b6facda/muted_mp4_med_size_1633753432_muted_med.mp4","size":251935}},"audio":{"high":{"url":"https://coub-anubis-a.akamaized.net/coub_storage/coub/simple/cw_looped_audio_high/894a1e28580/03c9b556c1c48c230e472/1633753434_mp3-high.mp3","size":879896},"med":{"url":"https://coub-anubis-a.akamaized.net/coub_storage/coub/simple/cw_looped_audio_med/b13a2c2e953/4e06895461809ae654053/1633753433_mp3-med.mp3","size":799076},"sample_duration":10.008}},"mobile":{"video":"https://coub-anubis-a.akamaized.net/coub_storage/coub/simple/cw_file/b849cba6341/0c26c42ce09355b6facda/muted_mp4_med_size_1633753432_muted_med.mp4","audio":["https://coub-anubis-a.akamaized.net/coub_storage/coub/simple/cw_looped_audio_med/b13a2c2e953/4e06895461809ae654053/1633753433_mp3-med.mp3"]},"share":{"default":"https://coub-anubis-a.akamaized.net/coub_storage/coub/simple/cw_video_for_sharing/8f54c27896d/08d6de85bce313994bbe6/1633753467_looped_1633753465.mp4"}},"audio_versions":{},"image_versions":{"template":"https://coub-anubis-a.akamaized.net/coub_storage/coub/simple/cw_image/609899d5f5c/3eac49e52f9af1aaf0ed4/%{version}_1633753439_00032.jpg","versions":["micro","tiny","age_restricted","ios_large","ios_mosaic","big","med","small","pinterest"]},"first_frame_versions":{"template":"https://coub-anubis-a.akamaized.net/coub_storage/coub/simple/cw_timeline_pic/69069d43271/283348877fcac9e9211ce/%{version}_1633753439_image.jpg","versions":["big","med","small","ios_large"]},"dimensions":{"big":[960,960],"med":[480,480]},"site_w_h":[400,400],"page_w_h":[400,400],"site_w_h_small":[310,310],"size":[960,960],"age_restricted":false,"age_restricted_by_admin":false,"not_safe_for_work":false,"allow_reuse":false,"dont_crop":true,"banned":false,"global_safe":null,"audio_file_url":null,"external_download":false,"application":null,"channel":{"id":4663373,"permalink":"fr3ddy00","title":"Fr3ddy","description":null,"followers_count":22,"following_count":35,"avatar_versions":{"template":"https://coub-anubis-a.akamaized.net/coub_storage/channel/cw_avatar/c9f9a75eea0/4d4883ef4750c5592f7bc/%{version}_1608154006_577hs0_1532928855_cropped.jpeg","versions":["medium","medium_2x","profile_pic","profile_pic_new","profile_pic_new_2x","tiny","tiny_2x","small","small_2x","ios_large","ios_small"]}},"file":null,"picture":"https://coub-anubis-a.akamaized.net/coub_storage/coub/simple/cw_image/609899d5f5c/3eac49e52f9af1aaf0ed4/med_1633753439_00032.jpg","timeline_picture":"https://coub-anubis-a.akamaized.net/coub_storage/coub/simple/cw_timeline_pic/69069d43271/283348877fcac9e9211ce/ios_large_1633753439_image.jpg","small_picture":"https://coub-anubis-a.akamaized.net/coub_storage/coub/simple/cw_image/609899d5f5c/3eac49e52f9af1aaf0ed4/ios_mosaic_1633753439_00032.jpg","sharing_picture":null,"percent_done":100,"tags":[{"id":3268,"title":"facebook","value":"facebook"},{"id":1342459,"title":"watsapp","value":"watsapp"},{"id":6075,"title":"youtube","value":"youtube"},{"id":3448019,"title":"is down","value":"is%20down"},{"id":2529,"title":"instagram","value":"instagram"},{"id":5329952,"title":"love tonight","value":"love%20tonight"},{"id":5470010,"title":"love tonight - shouse","value":"love%20tonight%20-%20shouse"}],"categories":[{"id":8,"title":"Music","permalink":"music","subscriptions_count":10082461,"big_image_url":"https://coub-anubis-a.akamaized.net/coub_storage/category/cw_image/0327247c5ff/85914bdd8e1edc998c480/big_1544760089_Music3.png","small_image_url":"https://coub-anubis-a.akamaized.net/coub_storage/category/cw_image/0327247c5ff/85914bdd8e1edc998c480/small_1544760089_Music3.png","med_image_url":"https://coub-anubis-a.akamaized.net/coub_storage/category/cw_image/0327247c5ff/85914bdd8e1edc998c480/med_1544760089_Music3.png","visible":true}],"communities":[{"id":8,"title":"Music","permalink":"music","subscriptions_count":10082461,"big_image_url":"https://coub-anubis-a.akamaized.net/coub_storage/category/cw_image/0327247c5ff/85914bdd8e1edc998c480/big_1544760089_Music3.png","small_image_url":"https://coub-anubis-a.akamaized.net/coub_storage/category/cw_image/0327247c5ff/85914bdd8e1edc998c480/small_1544760089_Music3.png","med_image_url":"https://coub-anubis-a.akamaized.net/coub_storage/category/cw_image/0327247c5ff/85914bdd8e1edc998c480/med_1544760089_Music3.png","i_subscribed":true,"community_notifications_enabled":null,"description":null}],"recoubs_count":478,"remixes_count":0,"likes_count":2932,"dislikes_count":0,"raw_video_id":16830378,"uploaded_by_ios_app":false,"uploaded_by_android_app":false,"media_blocks":{"uploaded_raw_videos":[],"external_raw_videos":[],"remixed_from_coubs":[]},"raw_video_thumbnail_url":"https://coub-anubis-a.akamaized.net/coub_storage/raw_video/cw_image/74e33cb04c5/226a714bf21cf1b13048f/coub_media_1633753194_image.jpg","raw_video_title":"BRUH__91_.mp4","video_block_banned":false,"duration":10.0,"promo_winner":false,"promo_winner_recoubers":null,"editorial_info":{},"promo_hint":null,"beeline_best_2014":null,"from_web_editor":true,"normalize_sound":true,"normalize_change_allowed":true,"best2015_addable":false,"ahmad_promo":null,"promo_data":null,"audio_copyright_claim":null,"ads_disabled":false,"is_safe_for_ads":true,"megafon_contents":[],"position_on_page":7},{"flag":null,"abuses":null,"recoubs_by_users_channels":null,"favourite":false,"promoted_id":null,"recoub":null,"like":null,"dislike":null,"reaction":null,"in_my_best2015":false,"id":172361651,"type":"Coub::Simple","permalink":"2u9tzk","title":"Бре, Петрунько! на русском языке / хор из одного голоса","visibility_type":"public","original_visibility_type":"public","channel_id":2395839,"created_at":"2021-07-18T10:15:39Z","updated_at":"2022-03-16T06:16:00Z","is_done":true,"views_count":175978,"cotd":null,"cotd_at":null,"visible_on_explore_root":true,"visible_on_explore":true,"featured":true,"published":true,"published_at":"2021-07-18T10:15:39Z","reversed":false,"from_editor_v2":true,"is_editable":true,"original_sound":false,"has_sound":false,"recoub_to":null,"file_versions":{"html5":{"video":{"higher":{"url":"https://coub-anubis-a.akamaized.net/coub_storage/coub/simple/cw_file/7134bf1bfd9/53337f14d3e6e10d26b3e/muted_mp4_huge_size_1626603372_muted_huge.mp4","size":907856},"high":{"url":"https://coub-anubis-a.akamaized.net/coub_storage/coub/simple/cw_file/7134bf1bfd9/53337f14d3e6e10d26b3e/muted_mp4_big_size_1626603372_muted_big.mp4","size":629323},"med":{"url":"https://coub-anubis-a.akamaized.net/coub_storage/coub/simple/cw_file/7134bf1bfd9/53337f14d3e6e10d26b3e/muted_mp4_med_size_1626603372_muted_med.mp4","size":181460}},"audio":{"high":{"url":"https://coub-anubis-a.akamaized.net/coub_storage/coub/simple/cw_looped_audio_high/27c54bf0012/6b64e8c58e6cb3e9a293b/1626603395_mp3-high.mp3","size":1820466},"med":{"url":"https://coub-anubis-a.akamaized.net/coub_storage/coub/simple/cw_looped_audio_med/a4cd0d84752/0433e40efde33afbeec56/1626603393_mp3-med.mp3","size":1566669}}},"mobile":{"video":"https://coub-anubis-a.akamaized.net/coub_storage/coub/simple/cw_file/7134bf1bfd9/53337f14d3e6e10d26b3e/muted_mp4_med_size_1626603372_muted_med.mp4","audio":["https://coub-anubis-a.akamaized.net/coub_storage/coub/simple/cw_looped_audio_med/a4cd0d84752/0433e40efde33afbeec56/1626603393_mp3-med.mp3"]},"share":{"default":"https://coub-anubis-a.akamaized.net/coub_storage/coub/simple/cw_video_for_sharing/368adc86487/073cb0e90122f52eb77e3/1626603429_looped_1626603428.mp4"}},"audio_versions":{"template":"https://coub-anubis-a.akamaized.net/coub_storage/audio_track/cw_normalized_copy/1f6bea52caf/d276b013391226cefba2a/mid_1626603387_normalized_1626603375_mgd3xc_edited.mp3","versions":["mid","low"]},"image_versions":{"template":"https://coub-anubis-a.akamaized.net/coub_storage/coub/simple/cw_image/a6d33bbe8b9/ed91915aed3fcc8cb39e1/%{version}_1626603401_00032.jpg","versions":["micro","tiny","age_restricted","ios_large","ios_mosaic","big","med","small","pinterest"]},"first_frame_versions":{"template":"https://coub-anubis-a.akamaized.net/coub_storage/coub/simple/cw_timeline_pic/34248cf3755/f3ae84e794bac54638709/%{version}_1626603399_image.jpg","versions":["big","med","small","ios_large"]},"dimensions":{"big":[1280,720],"med":[640,360]},"site_w_h":[640,360],"page_w_h":[640,360],"site_w_h_small":[310,174],"size":[1280,720],"age_restricted":false,"age_restricted_by_admin":false,"not_safe_for_work":false,"allow_reuse":false,"dont_crop":true,"banned":false,"global_safe":true,"audio_file_url":"https://coub-anubis-a.akamaized.net/coub_storage/audio_track/cw_normalized_copy/1f6bea52caf/d276b013391226cefba2a/low_1626603387_normalized_1626603375_mgd3xc_edited.mp3","external_download":{"type":"Youtube","service_name":"YouTube","url":"https://www.youtube.com/watch?v=u4mySnUpkqM","has_embed":true},"application":null,"channel":{"id":2395839,"permalink":"xyaroslavgtx","title":"長瀞早瀬","description":null,"followers_count":95,"following_count":11,"avatar_versions":{"template":"https://coub-anubis-a.akamaized.net/coub_storage/channel/cw_avatar/cefd0c13c2a/66ff74ed06e8895ea627b/%{version}_1634758292_712_o.jpg","versions":["medium","medium_2x","profile_pic","profile_pic_new","profile_pic_new_2x","tiny","tiny_2x","small","small_2x","ios_large","ios_small"]}},"file":null,"picture":"https://coub-anubis-a.akamaized.net/coub_storage/coub/simple/cw_image/a6d33bbe8b9/ed91915aed3fcc8cb39e1/med_1626603401_00032.jpg","timeline_picture":"https://coub-anubis-a.akamaized.net/coub_storage/coub/simple/cw_timeline_pic/34248cf3755/f3ae84e794bac54638709/ios_large_1626603399_image.jpg","small_picture":"https://coub-anubis-a.akamaized.net/coub_storage/coub/simple/cw_image/a6d33bbe8b9/ed91915aed3fcc8cb39e1/ios_mosaic_1626603401_00032.jpg","sharing_picture":null,"percent_done":100,"tags":[{"id":1296134,"title":"перевод песни","value":"%D0%BF%D0%B5%D1%80%D0%B5%D0%B2%D0%BE%D0%B4%20%D0%BF%D0%B5%D1%81%D0%BD%D0%B8"},{"id":6407688,"title":"перевод песни на русский","value":"%D0%BF%D0%B5%D1%80%D0%B5%D0%B2%D0%BE%D0%B4%20%D0%BF%D0%B5%D1%81%D0%BD%D0%B8%20%D0%BD%D0%B0%20%D1%80%D1%83%D1%81%D1%81%D0%BA%D0%B8%D0%B9"},{"id":2769507,"title":"квашеная","value":"%D0%BA%D0%B2%D0%B0%D1%88%D0%B5%D0%BD%D0%B0%D1%8F"},{"id":652830,"title":"саша капустина","value":"%D1%81%D0%B0%D1%88%D0%B0%20%D0%BA%D0%B0%D0%BF%D1%83%D1%81%D1%82%D0%B8%D0%BD%D0%B0"},{"id":6174373,"title":"хор из одного голоса","value":"%D1%85%D0%BE%D1%80%20%D0%B8%D0%B7%20%D0%BE%D0%B4%D0%BD%D0%BE%D0%B3%D0%BE%20%D0%B3%D0%BE%D0%BB%D0%BE%D1%81%D0%B0"},{"id":4612001,"title":"бре","value":"%D0%B1%D1%80%D0%B5"},{"id":3174536,"title":"петрунько","value":"%D0%BF%D0%B5%D1%82%D1%80%D1%83%D0%BD%D1%8C%D0%BA%D0%BE"},{"id":26214,"title":"кавер","value":"%D0%BA%D0%B0%D0%B2%D0%B5%D1%80"},{"id":1665,"title":"cover","value":"cover"},{"id":192938,"title":"русский кавер","value":"%D1%80%D1%83%D1%81%D1%81%D0%BA%D0%B8%D0%B9%20%D0%BA%D0%B0%D0%B2%D0%B5%D1%80"},{"id":917792,"title":"девушка поёт","value":"%D0%B4%D0%B5%D0%B2%D1%83%D1%88%D0%BA%D0%B0%20%D0%BF%D0%BE%D1%91%D1%82"},{"id":3455534,"title":"bre petrunko","value":"bre%20petrunko"}],"categories":[{"id":8,"title":"Music","permalink":"music","subscriptions_count":10082461,"big_image_url":"https://coub-anubis-a.akamaized.net/coub_storage/category/cw_image/0327247c5ff/85914bdd8e1edc998c480/big_1544760089_Music3.png","small_image_url":"https://coub-anubis-a.akamaized.net/coub_storage/category/cw_image/0327247c5ff/85914bdd8e1edc998c480/small_1544760089_Music3.png","med_image_url":"https://coub-anubis-a.akamaized.net/coub_storage/category/cw_image/0327247c5ff/85914bdd8e1edc998c480/med_1544760089_Music3.png","visible":true}],"communities":[{"id":8,"title":"Music","permalink":"music","subscriptions_count":10082461,"big_image_url":"https://coub-anubis-a.akamaized.net/coub_storage/category/cw_image/0327247c5ff/85914bdd8e1edc998c480/big_1544760089_Music3.png","small_image_url":"https://coub-anubis-a.akamaized.net/coub_storage/category/cw_image/0327247c5ff/85914bdd8e1edc998c480/small_1544760089_Music3.png","med_image_url":"https://coub-anubis-a.akamaized.net/coub_storage/category/cw_image/0327247c5ff/85914bdd8e1edc998c480/med_1544760089_Music3.png","i_subscribed":true,"community_notifications_enabled":null,"description":null}],"recoubs_count":493,"remixes_count":0,"likes_count":2932,"dislikes_count":0,"raw_video_id":16617965,"uploaded_by_ios_app":false,"uploaded_by_android_app":false,"media_blocks":{"uploaded_raw_videos":[],"external_raw_videos":[{"id":39301160,"title":"Бре, Петрунько! на русском языке / хор из одного голоса","url":"https://www.youtube.com/watch?v=u4mySnUpkqM","image":"https://coub-anubis-a.akamaized.net/coub_storage/media_block/cw_image/3b9216b5b00/d30cd28cdc9ad82439adb/video_1626602918_7rpzg5_1626602879_1626602877_1klaauv_att-url-download.webp_v_5fddc486","image_retina":"https://coub-anubis-a.akamaized.net/coub_storage/media_block/cw_image/3b9216b5b00/d30cd28cdc9ad82439adb/video_retina_1626602918_7rpzg5_1626602879_1626602877_1klaauv_att-url-download.webp_v_5fddc486","meta":{"service":"Youtube","duration":"125.32"},"duration":125.32,"raw_video_id":16617965,"has_embed":true}],"remixed_from_coubs":[],"external_video":{"id":39301160,"title":"Бре, Петрунько! на русском языке / хор из одного голоса","url":"https://www.youtube.com/watch?v=u4mySnUpkqM","image":"https://coub-anubis-a.akamaized.net/coub_storage/media_block/cw_image/3b9216b5b00/d30cd28cdc9ad82439adb/video_1626602918_7rpzg5_1626602879_1626602877_1klaauv_att-url-download.webp_v_5fddc486","image_retina":"https://coub-anubis-a.akamaized.net/coub_storage/media_block/cw_image/3b9216b5b00/d30cd28cdc9ad82439adb/video_retina_1626602918_7rpzg5_1626602879_1626602877_1klaauv_att-url-download.webp_v_5fddc486","meta":{"service":"Youtube","duration":"125.32"},"duration":125.32,"raw_video_id":16617965,"has_embed":true}},"raw_video_thumbnail_url":"https://coub-anubis-a.akamaized.net/coub_storage/raw_video/cw_image/c9c1ec832b7/55ddc698cf05441634293/coub_media_1626602879_1626602877_1klaauv_att-url-download.webp_v_5fddc486","raw_video_title":"Бре, Петрунько! на русском языке / хор из одного голоса","video_block_banned":false,"duration":10.0,"promo_winner":false,"promo_winner_recoubers":null,"editorial_info":{},"promo_hint":null,"beeline_best_2014":null,"from_web_editor":true,"normalize_sound":true,"normalize_change_allowed":true,"best2015_addable":false,"ahmad_promo":null,"promo_data":null,"audio_copyright_claim":null,"ads_disabled":false,"is_safe_for_ads":true,"megafon_contents":[],"position_on_page":8},{"flag":null,"abuses":null,"recoubs_by_users_channels":null,"favourite":false,"promoted_id":null,"recoub":null,"like":null,"dislike":null,"reaction":null,"in_my_best2015":false,"id":110211575,"type":"Coub::Simple","permalink":"1t7l3y","title":"Please don't let me blow up","visibility_type":"public","original_visibility_type":"public","channel_id":151847,"created_at":"2019-04-28T04:32:37Z","updated_at":"2022-03-09T09:25:44Z","is_done":true,"views_count":141357,"cotd":null,"cotd_at":null,"visible_on_explore_root":false,"visible_on_explore":false,"featured":false,"published":true,"published_at":"2019-04-28T04:32:37Z","reversed":false,"from_editor_v2":true,"is_editable":true,"original_sound":true,"has_sound":true,"recoub_to":null,"file_versions":{"html5":{"video":{"higher":{"url":"https://coub-anubis-a.akamaized.net/coub_storage/coub/simple/cw_file/161184a0247/fe95c1d42a424370eb390/muted_mp4_huge_size_1569924768_muted_huge.mp4","size":2253818},"high":{"url":"https://coub-anubis-a.akamaized.net/coub_storage/coub/simple/cw_file/161184a0247/fe95c1d42a424370eb390/muted_mp4_big_size_1569924768_muted_big.mp4","size":1554698},"med":{"url":"https://coub-anubis-a.akamaized.net/coub_storage/coub/simple/cw_file/161184a0247/fe95c1d42a424370eb390/muted_mp4_med_size_1569924768_muted_med.mp4","size":482690}},"audio":{"high":{"url":"https://coub-anubis-a.akamaized.net/coub_storage/coub/simple/cw_looped_audio_high/a1aa8933d97/a9b05de34a69d589b3033/1605675493_high_1556425963_high.mp3","size":796105},"med":{"url":"https://coub-anubis-a.akamaized.net/coub_storage/coub/simple/cw_looped_audio_med/8cf01ef4938/72d979500e6941bb723c6/1605675493_med_1556425963_med.mp3","size":788936},"sample_duration":10.009}},"mobile":{"video":"https://coub-anubis-a.akamaized.net/coub_storage/coub/simple/cw_file/161184a0247/fe95c1d42a424370eb390/muted_mp4_med_size_1569924768_muted_med.mp4","audio":["https://coub-anubis-a.akamaized.net/coub_storage/coub/simple/cw_looped_audio_med/8cf01ef4938/72d979500e6941bb723c6/1605675493_med_1556425963_med.mp3"]},"share":{"default":"https://coub-anubis-a.akamaized.net/coub_storage/coub/simple/cw_video_for_sharing/3c40ce52102/8c742d4ff2e66b63fe46f/1610124567_looped_1610124566.mp4"}},"audio_versions":{},"image_versions":{"template":"https://coub-anubis-a.akamaized.net/coub_storage/coub/simple/cw_image/9441d2f0fac/31390f9010703c3435253/1556425969_00032.jpg","versions":["micro","tiny","age_restricted","ios_large","ios_mosaic","big","med","small","pinterest"]},"first_frame_versions":{"template":"https://coub-anubis-a.akamaized.net/coub_storage/coub/simple/cw_timeline_pic/f2ea13b4df0/cf279a66c95931939ced4/%{version}_1556425969_image.jpg","versions":["big","med","small","ios_large"]},"dimensions":{"big":[802,960],"med":[400,480]},"site_w_h":[334,400],"page_w_h":[400,479],"site_w_h_small":[310,371],"size":[802,960],"age_restricted":false,"age_restricted_by_admin":false,"not_safe_for_work":false,"allow_reuse":false,"dont_crop":false,"banned":false,"global_safe":true,"audio_file_url":null,"external_download":{"type":"Facebook","service_name":"Facebook","url":"https://www.facebook.com/9gag/videos/620485861696038/?t=3","has_embed":false},"application":null,"channel":{"id":151847,"permalink":"vgen-gol-chenko","title":"Evgen Golichenko","description":null,"followers_count":139,"following_count":71,"avatar_versions":{"template":"https://coub-anubis-a.akamaized.net/coub_storage/channel/cw_avatar/3b3961df085/425a22e0e547d79bd41eb/%{version}_1607293771_118430533_4321308297940040_5059175307983905926_n.jpg","versions":["medium","medium_2x","profile_pic","profile_pic_new","profile_pic_new_2x","tiny","tiny_2x","small","small_2x","ios_large","ios_small"]}},"file":null,"picture":"https://coub-anubis-a.akamaized.net/coub_storage/coub/simple/cw_image/9441d2f0fac/31390f9010703c3435253/1556425969_00032.jpg","timeline_picture":"https://coub-anubis-a.akamaized.net/coub_storage/coub/simple/cw_timeline_pic/f2ea13b4df0/cf279a66c95931939ced4/ios_large_1556425969_image.jpg","small_picture":"https://coub-anubis-a.akamaized.net/coub_storage/coub/simple/cw_image/9441d2f0fac/31390f9010703c3435253/1556425969_00032.jpg","sharing_picture":null,"percent_done":100,"tags":[],"categories":[{"id":8,"title":"Music","permalink":"music","subscriptions_count":10082461,"big_image_url":"https://coub-anubis-a.akamaized.net/coub_storage/category/cw_image/0327247c5ff/85914bdd8e1edc998c480/big_1544760089_Music3.png","small_image_url":"https://coub-anubis-a.akamaized.net/coub_storage/category/cw_image/0327247c5ff/85914bdd8e1edc998c480/small_1544760089_Music3.png","med_image_url":"https://coub-anubis-a.akamaized.net/coub_storage/category/cw_image/0327247c5ff/85914bdd8e1edc998c480/med_1544760089_Music3.png","visible":true}],"communities":[{"id":8,"title":"Music","permalink":"music","subscriptions_count":10082461,"big_image_url":"https://coub-anubis-a.akamaized.net/coub_storage/category/cw_image/0327247c5ff/85914bdd8e1edc998c480/big_1544760089_Music3.png","small_image_url":"https://coub-anubis-a.akamaized.net/coub_storage/category/cw_image/0327247c5ff/85914bdd8e1edc998c480/small_1544760089_Music3.png","med_image_url":"https://coub-anubis-a.akamaized.net/coub_storage/category/cw_image/0327247c5ff/85914bdd8e1edc998c480/med_1544760089_Music3.png","i_subscribed":true,"community_notifications_enabled":null,"description":null}],"recoubs_count":504,"remixes_count":0,"likes_count":2932,"dislikes_count":0,"raw_video_id":13616563,"uploaded_by_ios_app":false,"uploaded_by_android_app":false,"media_blocks":{"uploaded_raw_videos":[],"external_raw_videos":[{"id":31567266,"title":"That friend who's this supportive.  By ma_bou1209 | TW","url":"https://www.facebook.com/9gag/videos/620485861696038","image":null,"image_retina":null,"meta":{"service":"Facebook","duration":"15.0"},"duration":15.0,"raw_video_id":13616563,"has_embed":false}],"remixed_from_coubs":[],"external_video":{"id":31567266,"title":"That friend who's this supportive.  By ma_bou1209 | TW","url":"https://www.facebook.com/9gag/videos/620485861696038","image":null,"image_retina":null,"meta":{"service":"Facebook","duration":"15.0"},"duration":15.0,"raw_video_id":13616563,"has_embed":false}},"raw_video_thumbnail_url":"/missing/missing.png","raw_video_title":"That friend who's this supportive.  By ma_bou1209 | TW","video_block_banned":false,"duration":10.0,"promo_winner":false,"promo_winner_recoubers":null,"editorial_info":{},"promo_hint":null,"beeline_best_2014":null,"from_web_editor":true,"normalize_sound":true,"normalize_change_allowed":true,"best2015_addable":false,"ahmad_promo":null,"promo_data":null,"audio_copyright_claim":null,"ads_disabled":false,"is_safe_for_ads":true,"megafon_contents":[],"position_on_page":9},{"flag":null,"abuses":null,"recoubs_by_users_channels":null,"favourite":false,"promoted_id":null,"recoub":null,"like":null,"dislike":null,"reaction":null,"in_my_best2015":false,"id":87953571,"type":"Coub::Simple","permalink":"1fyile","title":"Jaroslav Beck - Escape (ft. Summer Haze) vrchat","visibility_type":"public","original_visibility_type":"public","channel_id":4174964,"created_at":"2018-10-12T14:39:14Z","updated_at":"2022-03-15T18:55:04Z","is_done":true,"views_count":521506,"cotd":null,"cotd_at":null,"visible_on_explore_root":false,"visible_on_explore":false,"featured":false,"published":true,"published_at":"2018-10-12T14:39:14Z","reversed":false,"from_editor_v2":true,"is_editable":true,"original_sound":true,"has_sound":true,"recoub_to":null,"file_versions":{"html5":{"video":{"higher":{"url":"https://coub-anubis-a.akamaized.net/coub_storage/coub/simple/cw_file/5c50212f428/6d79ff6a769fcd4296002/muted_mp4_huge_size_1569346966_muted_huge.mp4","size":4517954},"high":{"url":"https://coub-anubis-a.akamaized.net/coub_storage/coub/simple/cw_file/5c50212f428/6d79ff6a769fcd4296002/muted_mp4_big_size_1569346966_muted_big.mp4","size":3286146},"med":{"url":"https://coub-anubis-a.akamaized.net/coub_storage/coub/simple/cw_file/5c50212f428/6d79ff6a769fcd4296002/muted_mp4_med_size_1569346966_muted_med.mp4","size":1186194}},"audio":{"high":{"url":"https://coub-anubis-a.akamaized.net/coub_storage/coub/simple/cw_looped_audio_high/92929ac36fc/8ef7996a5881cbee83bff/1605605390_high_1539355425_high.mp3","size":1073418},"med":{"url":"https://coub-anubis-a.akamaized.net/coub_storage/coub/simple/cw_looped_audio_med/d2cca514b1f/1c05d11bbf273278ad03a/1605605390_med_1539355425_med.mp3","size":805644},"sample_duration":10.1}},"mobile":{"video":"https://coub-anubis-a.akamaized.net/coub_storage/coub/simple/cw_file/5c50212f428/6d79ff6a769fcd4296002/muted_mp4_med_size_1569346966_muted_med.mp4","audio":["https://coub-anubis-a.akamaized.net/coub_storage/coub/simple/cw_looped_audio_med/d2cca514b1f/1c05d11bbf273278ad03a/1605605390_med_1539355425_med.mp3"]},"share":{"default":"https://coub-anubis-a.akamaized.net/coub_storage/coub/simple/cw_video_for_sharing/6896365e21c/06382e6f133d72b3c1070/1609168143_looped_1609168141.mp4"}},"audio_versions":{},"image_versions":{"template":"https://coub-anubis-a.akamaized.net/coub_storage/coub/simple/cw_image/6ef23de14ec/7692e2b38c92aeeafd7b8/1539355453_00032.jpg","versions":["micro","tiny","age_restricted","ios_large","ios_mosaic","big","med","small","pinterest"]},"first_frame_versions":{"template":"https://coub-anubis-a.akamaized.net/coub_storage/coub/simple/cw_timeline_pic/061dba8f2ea/e37c3ecb426bb948e5bfd/%{version}_1539355451_image.jpg","versions":["big","med","small","ios_large"]},"dimensions":{"big":[1280,720],"med":[640,360]},"site_w_h":[640,360],"page_w_h":[640,360],"site_w_h_small":[310,174],"size":[1280,720],"age_restricted":false,"age_restricted_by_admin":false,"not_safe_for_work":false,"allow_reuse":false,"dont_crop":false,"banned":false,"global_safe":true,"audio_file_url":null,"external_download":{"type":"Youtube","service_name":"YouTube","url":"https://www.youtube.com/watch?v=AsIStO2aifE","has_embed":true},"application":null,"channel":{"id":4174964,"permalink":"eugen880","title":"Eugen88","description":null,"followers_count":86,"following_count":11,"avatar_versions":{"template":"https://coub-anubis-a.akamaized.net/coub_storage/channel/cw_avatar/10f335d593b/a207f809282dfc0d46b8b/%{version}_1607428750_1qxgr0v_1576079664_IMG_7081.jpg","versions":["medium","medium_2x","profile_pic","profile_pic_new","profile_pic_new_2x","tiny","tiny_2x","small","small_2x","ios_large","ios_small"]}},"file":null,"picture":"https://coub-anubis-a.akamaized.net/coub_storage/coub/simple/cw_image/6ef23de14ec/7692e2b38c92aeeafd7b8/1539355453_00032.jpg","timeline_picture":"https://coub-anubis-a.akamaized.net/coub_storage/coub/simple/cw_timeline_pic/061dba8f2ea/e37c3ecb426bb948e5bfd/ios_large_1539355451_image.jpg","small_picture":"https://coub-anubis-a.akamaized.net/coub_storage/coub/simple/cw_image/6ef23de14ec/7692e2b38c92aeeafd7b8/1539355453_00032.jpg","sharing_picture":null,"percent_done":100,"tags":[{"id":62044,"title":"sountrack","value":"sountrack"},{"id":3748546,"title":"jaroslavbeck","value":"jaroslavbeck"},{"id":1766,"title":"beck","value":"beck"},{"id":440205,"title":"jaroslav","value":"jaroslav"},{"id":3748545,"title":"rhytmgame","value":"rhytmgame"},{"id":165318,"title":"rhytm","value":"rhytm"},{"id":1082903,"title":"virtualreality","value":"virtualreality"},{"id":1140,"title":"game","value":"game"},{"id":1238998,"title":"vrgame","value":"vrgame"},{"id":30210,"title":"vr","value":"vr"},{"id":3640575,"title":"beatsaber","value":"beatsaber"},{"id":78559,"title":"saber","value":"saber"},{"id":5574,"title":"beat","value":"beat"},{"id":174,"title":"funny","value":"funny"},{"id":3544731,"title":"vr chat funny moments","value":"vr%20chat%20funny%20moments"},{"id":3704752,"title":"funny moments vrchat","value":"funny%20moments%20vrchat"},{"id":2520475,"title":"virtual reality funny moments","value":"virtual%20reality%20funny%20moments"},{"id":3623483,"title":"funny vrchat","value":"funny%20vrchat"},{"id":3647020,"title":"vrchat best moments","value":"vrchat%20best%20moments"},{"id":3528186,"title":"funny vr moments","value":"funny%20vr%20moments"},{"id":3558504,"title":"vrchat highlights","value":"vrchat%20highlights"},{"id":3389869,"title":"vrchat moments","value":"vrchat%20moments"},{"id":17565,"title":"funny moments","value":"funny%20moments"},{"id":3680230,"title":"vrchat funny moments compilation","value":"vrchat%20funny%20moments%20compilation"},{"id":3592845,"title":"vrchat funny moment","value":"vrchat%20funny%20moment"},{"id":3389881,"title":"vrchat funny","value":"vrchat%20funny"},{"id":2520481,"title":"vr funny moments","value":"vr%20funny%20moments"},{"id":3631723,"title":"funny vrchat moments","value":"funny%20vrchat%20moments"},{"id":3389870,"title":"vrchat funny moments","value":"vrchat%20funny%20moments"},{"id":3935325,"title":"foxy vrchat","value":"foxy%20vrchat"},{"id":3935324,"title":"foxykami","value":"foxykami"},{"id":40426,"title":"foxy","value":"foxy"},{"id":3195502,"title":"vrchat","value":"vrchat"}],"categories":[{"id":8,"title":"Music","permalink":"music","subscriptions_count":10082461,"big_image_url":"https://coub-anubis-a.akamaized.net/coub_storage/category/cw_image/0327247c5ff/85914bdd8e1edc998c480/big_1544760089_Music3.png","small_image_url":"https://coub-anubis-a.akamaized.net/coub_storage/category/cw_image/0327247c5ff/85914bdd8e1edc998c480/small_1544760089_Music3.png","med_image_url":"https://coub-anubis-a.akamaized.net/coub_storage/category/cw_image/0327247c5ff/85914bdd8e1edc998c480/med_1544760089_Music3.png","visible":true}],"communities":[{"id":8,"title":"Music","permalink":"music","subscriptions_count":10082461,"big_image_url":"https://coub-anubis-a.akamaized.net/coub_storage/category/cw_image/0327247c5ff/85914bdd8e1edc998c480/big_1544760089_Music3.png","small_image_url":"https://coub-anubis-a.akamaized.net/coub_storage/category/cw_image/0327247c5ff/85914bdd8e1edc998c480/small_1544760089_Music3.png","med_image_url":"https://coub-anubis-a.akamaized.net/coub_storage/category/cw_image/0327247c5ff/85914bdd8e1edc998c480/med_1544760089_Music3.png","i_subscribed":true,"community_notifications_enabled":null,"description":null}],"recoubs_count":654,"remixes_count":1,"likes_count":2932,"dislikes_count":0,"raw_video_id":12517624,"uploaded_by_ios_app":false,"uploaded_by_android_app":false,"media_blocks":{"uploaded_raw_videos":[],"external_raw_videos":[{"id":28593224,"title":"Jaroslav Beck - Escape (ft. Summer Haze) - [Beat Saber Soundtrack]","url":"https://www.youtube.com/watch?v=AsIStO2aifE","image":"https://coub-anubis-a.akamaized.net/coub_storage/media_block/cw_image/11afec80605/5154121f1ae7d580731f2/1539354951_13p45k9_1539354919_mm1wp8_att-url-download.jpg","image_retina":"https://coub-anubis-a.akamaized.net/coub_storage/media_block/cw_image/11afec80605/5154121f1ae7d580731f2/1539354951_13p45k9_1539354919_mm1wp8_att-url-download.jpg","meta":{"service":"Youtube","duration":"161.16"},"duration":161.16,"raw_video_id":12517624,"has_embed":true}],"remixed_from_coubs":[{"id":28392851,"title":":)","url":"https://coub.com/coubs/1f77ur/remix","image":"https://coub-anubis-a.akamaized.net/coub_storage/media_block/cw_image/9d0aa4e8e46/29d7af65cb4b30bb9e5b4/1538226076_1538226066_00032.jpg","image_retina":"https://coub-anubis-a.akamaized.net/coub_storage/media_block/cw_image/9d0aa4e8e46/29d7af65cb4b30bb9e5b4/1538226076_1538226066_00032.jpg","meta":{"duration":"10.0"},"duration":null,"coub_channel_title":"Smile","coub_channel_permalink":"vadimsemin","coub_views_count":327644,"coub_permalink":"1f77ur"}],"external_video":{"id":28593224,"title":"Jaroslav Beck - Escape (ft. Summer Haze) - [Beat Saber Soundtrack]","url":"https://www.youtube.com/watch?v=AsIStO2aifE","image":"https://coub-anubis-a.akamaized.net/coub_storage/media_block/cw_image/11afec80605/5154121f1ae7d580731f2/1539354951_13p45k9_1539354919_mm1wp8_att-url-download.jpg","image_retina":"https://coub-anubis-a.akamaized.net/coub_storage/media_block/cw_image/11afec80605/5154121f1ae7d580731f2/1539354951_13p45k9_1539354919_mm1wp8_att-url-download.jpg","meta":{"service":"Youtube","duration":"161.16"},"duration":161.16,"raw_video_id":12517624,"has_embed":true}},"raw_video_thumbnail_url":"/missing/missing.png","raw_video_title":"Jaroslav Beck - Escape (ft. Summer Haze) - [Beat Saber Soundtrack]","video_block_banned":false,"duration":10.0,"promo_winner":false,"promo_winner_recoubers":null,"editorial_info":{},"promo_hint":null,"beeline_best_2014":null,"from_web_editor":true,"normalize_sound":true,"normalize_change_allowed":true,"best2015_addable":false,"ahmad_promo":null,"promo_data":null,"audio_copyright_claim":null,"ads_disabled":false,"is_safe_for_ads":true,"megafon_contents":[],"position_on_page":10}]}