{"page":77,"per_page":10,"total_pages":500,"coubs":[{"flag":null,"abuses":null,"recoubs_by_users_channels":null,"favourite":false,"promoted_id":null,"recoub":null,"like":null,"dislike":null,"reaction":null,"in_my_best2015":false,"id":94245810,"type":"Coub::Simple","permalink":"1jpdr7","title":"In the Name of God","visibility_type":"public","original_visibility_type":"public","channel_id":451703,"created_at":"2018-12-13T07:21:37Z","updated_at":"2022-03-16T05:16:36Z","is_done":true,"views_count":252501,"cotd":null,"cotd_at":null,"visible_on_explore_root":false,"visible_on_explore":false,"featured":false,"published":true,"published_at":"2018-12-13T07:21:37Z","reversed":false,"from_editor_v2":true,"is_editable":true,"original_sound":true,"has_sound":true,"recoub_to":null,"file_versions":{"html5":{"video":{"higher":{"url":"https://coub-anubis-a.akamaized.net/coub_storage/coub/simple/cw_file/0c314dc5494/fb91c3fa511285c79ec93/muted_mp4_huge_size_1570314818_muted_huge.mp4","size":3081151},"high":{"url":"https://coub-anubis-a.akamaized.net/coub_storage/coub/simple/cw_file/0c314dc5494/fb91c3fa511285c79ec93/muted_mp4_big_size_1570314818_muted_big.mp4","size":2256757},"med":{"url":"https://coub-anubis-a.akamaized.net/coub_storage/coub/simple/cw_file/0c314dc5494/fb91c3fa511285c79ec93/muted_mp4_med_size_1570314818_muted_med.mp4","size":779280}},"audio":{"high":{"url":"https://coub-anubis-a.akamaized.net/coub_storage/coub/simple/cw_looped_audio_high/17141247f3d/02f52f85f7a47d50fe12a/1605661004_high_1544686029_high.mp3","size":1166962},"med":{"url":"https://coub-anubis-a.akamaized.net/coub_storage/coub/simple/cw_looped_audio_med/9b08814165a/6c8a45f7f248009f0a455/1605661003_med_1544686029_med.mp3","size":946277},"sample_duration":9.891}},"mobile":{"video":"https://coub-anubis-a.akamaized.net/coub_storage/coub/simple/cw_file/0c314dc5494/fb91c3fa511285c79ec93/muted_mp4_med_size_1570314818_muted_med.mp4","audio":["https://coub-anubis-a.akamaized.net/coub_storage/coub/simple/cw_looped_audio_med/9b08814165a/6c8a45f7f248009f0a455/1605661003_med_1544686029_med.mp3"]},"share":{"default":"https://coub-anubis-a.akamaized.net/coub_storage/coub/simple/cw_video_for_sharing/b1783ea32a7/b8c429dde5a46ba0a59c0/1608811761_looped_1608811760.mp4"}},"audio_versions":{},"image_versions":{"template":"https://coub-anubis-a.akamaized.net/coub_storage/coub/simple/cw_image/4a8c26cea18/8faeb7c2c28cd9e2ebf5d/1544686035_00031.jpg","versions":["micro","tiny","age_restricted","ios_large","ios_mosaic","big","med","small","pinterest"]},"first_frame_versions":{"template":"https://coub-anubis-a.akamaized.net/coub_storage/coub/simple/cw_timeline_pic/83eafb825ec/015fe31efd63cf49cbdc8/%{version}_1544686035_image.jpg","versions":["big","med","small","ios_large"]},"dimensions":{"big":[1280,720],"med":[640,360]},"site_w_h":[640,360],"page_w_h":[640,360],"site_w_h_small":[310,174],"size":[1280,720],"age_restricted":false,"age_restricted_by_admin":false,"not_safe_for_work":false,"allow_reuse":false,"dont_crop":false,"banned":false,"global_safe":true,"audio_file_url":null,"external_download":{"type":"Youtube","service_name":"YouTube","url":"https://www.youtube.com/watch?v=WzmLZrZJNV4","has_embed":true},"application":null,"channel":{"id":451703,"permalink":"dooggy-vooggy","title":"DooGGy VooGGy","description":null,"followers_count":71,"following_count":10,"avatar_versions":{"template":"https://coub-anubis-a.akamaized.net/coub_storage/channel/cw_avatar/3aa4e8d8b4d/df742ae15191b5e897e0e/%{version}_1544278937_Q03qE-Bmx9Q.jpg","versions":["medium","medium_2x","profile_pic","profile_pic_new","profile_pic_new_2x","tiny","tiny_2x","small","small_2x","ios_large","ios_small"]}},"file":null,"picture":"https://coub-anubis-a.akamaized.net/coub_storage/coub/simple/cw_image/4a8c26cea18/8faeb7c2c28cd9e2ebf5d/1544686035_00031.jpg","timeline_picture":"https://coub-anubis-a.akamaized.net/coub_storage/coub/simple/cw_timeline_pic/83eafb825ec/015fe31efd63cf49cbdc8/ios_large_1544686035_image.jpg","small_picture":"https://coub-anubis-a.akamaized.net/coub_storage/coub/simple/cw_image/4a8c26cea18/8faeb7c2c28cd9e2ebf5d/1544686035_00031.jpg","sharing_picture":null,"percent_done":100,"tags":[{"id":25126,"title":"power metal","value":"power%20metal"},{"id":4574,"title":"power","value":"power"},{"id":2053,"title":"metal","value":"metal"},{"id":155162,"title":"hussars","value":"hussars"},{"id":245623,"title":"crusades","value":"crusades"},{"id":160293,"title":"2018","value":"2018"},{"id":2234,"title":"meme","value":"meme"},{"id":1484707,"title":"in the name of god","value":"in%20the%20name%20of%20god"},{"id":162772,"title":"powerwolf","value":"powerwolf"},{"id":72735,"title":"sabaton","value":"sabaton"},{"id":174,"title":"funny","value":"funny"},{"id":4062239,"title":"bongo cat","value":"bongo%20cat"},{"id":134,"title":"cat","value":"cat"},{"id":40924,"title":"bongo","value":"bongo"},{"id":4282278,"title":"bongocat","value":"bongocat"}],"categories":[{"id":8,"title":"Music","permalink":"music","subscriptions_count":10082461,"big_image_url":"https://coub-anubis-a.akamaized.net/coub_storage/category/cw_image/0327247c5ff/85914bdd8e1edc998c480/big_1544760089_Music3.png","small_image_url":"https://coub-anubis-a.akamaized.net/coub_storage/category/cw_image/0327247c5ff/85914bdd8e1edc998c480/small_1544760089_Music3.png","med_image_url":"https://coub-anubis-a.akamaized.net/coub_storage/category/cw_image/0327247c5ff/85914bdd8e1edc998c480/med_1544760089_Music3.png","visible":true}],"communities":[{"id":8,"title":"Music","permalink":"music","subscriptions_count":10082461,"big_image_url":"https://coub-anubis-a.akamaized.net/coub_storage/category/cw_image/0327247c5ff/85914bdd8e1edc998c480/big_1544760089_Music3.png","small_image_url":"https://coub-anubis-a.akamaized.net/coub_storage/category/cw_image/0327247c5ff/85914bdd8e1edc998c480/small_1544760089_Music3.png","med_image_url":"https://coub-anubis-a.akamaized.net/coub_storage/category/cw_image/0327247c5ff/85914bdd8e1edc998c480/med_1544760089_Music3.png","i_subscribed":true,"community_notifications_enabled":null,"description":null}],"recoubs_count":851,"remixes_count":0,"likes_count":4212,"dislikes_count":0,"raw_video_id":12852129,"uploaded_by_ios_app":false,"uploaded_by_android_app":false,"media_blocks":{"uploaded_raw_videos":[],"external_raw_videos":[{"id":29512798,"title":"Bongo Cat – In the Name of God","url":"https://www.youtube.com/watch?v=WzmLZrZJNV4","image":"https://coub-anubis-a.akamaized.net/coub_storage/media_block/cw_image/35c44c9be03/f729adf05d7c3139f93d6/1544640797_1wjcgtv_1544640786_1llzg8b_att-url-download.jpg","image_retina":"https://coub-anubis-a.akamaized.net/coub_storage/media_block/cw_image/35c44c9be03/f729adf05d7c3139f93d6/1544640797_1wjcgtv_1544640786_1llzg8b_att-url-download.jpg","meta":{"service":"Youtube","duration":"62.08"},"duration":62.08,"raw_video_id":12852129,"has_embed":true}],"remixed_from_coubs":[],"external_video":{"id":29512798,"title":"Bongo Cat – In the Name of God","url":"https://www.youtube.com/watch?v=WzmLZrZJNV4","image":"https://coub-anubis-a.akamaized.net/coub_storage/media_block/cw_image/35c44c9be03/f729adf05d7c3139f93d6/1544640797_1wjcgtv_1544640786_1llzg8b_att-url-download.jpg","image_retina":"https://coub-anubis-a.akamaized.net/coub_storage/media_block/cw_image/35c44c9be03/f729adf05d7c3139f93d6/1544640797_1wjcgtv_1544640786_1llzg8b_att-url-download.jpg","meta":{"service":"Youtube","duration":"62.08"},"duration":62.08,"raw_video_id":12852129,"has_embed":true}},"raw_video_thumbnail_url":"/missing/missing.png","raw_video_title":"Bongo Cat – In the Name of God","video_block_banned":false,"duration":9.88,"promo_winner":false,"promo_winner_recoubers":null,"editorial_info":{},"promo_hint":null,"beeline_best_2014":null,"from_web_editor":true,"normalize_sound":true,"normalize_change_allowed":true,"best2015_addable":false,"ahmad_promo":null,"promo_data":null,"audio_copyright_claim":null,"ads_disabled":false,"is_safe_for_ads":true,"megafon_contents":[],"position_on_page":1},{"flag":null,"abuses":null,"recoubs_by_users_channels":null,"favourite":false,"promoted_id":null,"recoub":null,"like":null,"dislike":null,"reaction":null,"in_my_best2015":false,"id":116573620,"type":"Coub::Simple","permalink":"1wzy4v","title":"Катя Богомолова","visibility_type":"public","original_visibility_type":"public","channel_id":5255676,"created_at":"2019-06-29T18:09:18Z","updated_at":"2022-03-14T17:45:51Z","is_done":true,"views_count":266740,"cotd":null,"cotd_at":null,"visible_on_explore_root":false,"visible_on_explore":false,"featured":false,"published":true,"published_at":"2019-06-29T18:09:18Z","reversed":false,"from_editor_v2":true,"is_editable":true,"original_sound":true,"has_sound":true,"recoub_to":null,"file_versions":{"html5":{"video":{"higher":{"url":"https://coub-anubis-a.akamaized.net/coub_storage/coub/simple/cw_file/c8be606dcbb/ad483d1b1aa9dd4c943fa/muted_mp4_huge_size_1572179949_muted_huge.mp4","size":2659316},"high":{"url":"https://coub-anubis-a.akamaized.net/coub_storage/coub/simple/cw_file/c8be606dcbb/ad483d1b1aa9dd4c943fa/muted_mp4_big_size_1572179949_muted_big.mp4","size":1820393},"med":{"url":"https://coub-anubis-a.akamaized.net/coub_storage/coub/simple/cw_file/c8be606dcbb/ad483d1b1aa9dd4c943fa/muted_mp4_med_size_1572179949_muted_med.mp4","size":566897}},"audio":{"high":{"url":"https://coub-anubis-a.akamaized.net/coub_storage/coub/simple/cw_looped_audio_high/b6625ce7a6d/1ef3ebedcb680fe9699f9/1605654120_high_1561831779_high.mp3","size":977694},"med":{"url":"https://coub-anubis-a.akamaized.net/coub_storage/coub/simple/cw_looped_audio_med/3439675d36f/bc89acf33dd8f1bd36ad0/1605654119_med_1561831779_med.mp3","size":799076},"sample_duration":10.009}},"mobile":{"video":"https://coub-anubis-a.akamaized.net/coub_storage/coub/simple/cw_file/c8be606dcbb/ad483d1b1aa9dd4c943fa/muted_mp4_med_size_1572179949_muted_med.mp4","audio":["https://coub-anubis-a.akamaized.net/coub_storage/coub/simple/cw_looped_audio_med/3439675d36f/bc89acf33dd8f1bd36ad0/1605654119_med_1561831779_med.mp3"]},"share":{"default":"https://coub-anubis-a.akamaized.net/coub_storage/coub/simple/cw_video_for_sharing/81a91221c60/83aef14b29a457790d88b/1609963546_looped_1609963545.mp4"}},"audio_versions":{},"image_versions":{"template":"https://coub-anubis-a.akamaized.net/coub_storage/coub/simple/cw_image/9bacfcd8149/af6ad5b2acb7da311ab84/1561831786_00032.jpg","versions":["micro","tiny","age_restricted","ios_large","ios_mosaic","big","med","small","pinterest"]},"first_frame_versions":{"template":"https://coub-anubis-a.akamaized.net/coub_storage/coub/simple/cw_timeline_pic/6c54eeb986d/8c8088a0e6a120088bcdd/%{version}_1561831785_image.jpg","versions":["big","med","small","ios_large"]},"dimensions":{"big":[1200,960],"med":[600,480]},"site_w_h":[640,512],"page_w_h":[640,512],"site_w_h_small":[310,248],"size":[1200,960],"age_restricted":false,"age_restricted_by_admin":false,"not_safe_for_work":false,"allow_reuse":false,"dont_crop":false,"banned":false,"global_safe":false,"audio_file_url":null,"external_download":false,"application":null,"channel":{"id":5255676,"permalink":"the.monah","title":"The Monah","description":null,"followers_count":45,"following_count":16,"avatar_versions":{"template":"https://coub-anubis-a.akamaized.net/coub_storage/channel/cw_avatar/345a644ac64/a2c1bfa3a645cc5722956/%{version}_1607429202_2l9o1i_1549220428_427855-Kycb_1920x1200.jpg","versions":["medium","medium_2x","profile_pic","profile_pic_new","profile_pic_new_2x","tiny","tiny_2x","small","small_2x","ios_large","ios_small"]}},"file":null,"picture":"https://coub-anubis-a.akamaized.net/coub_storage/coub/simple/cw_image/9bacfcd8149/af6ad5b2acb7da311ab84/1561831786_00032.jpg","timeline_picture":"https://coub-anubis-a.akamaized.net/coub_storage/coub/simple/cw_timeline_pic/6c54eeb986d/8c8088a0e6a120088bcdd/ios_large_1561831785_image.jpg","small_picture":"https://coub-anubis-a.akamaized.net/coub_storage/coub/simple/cw_image/9bacfcd8149/af6ad5b2acb7da311ab84/1561831786_00032.jpg","sharing_picture":null,"percent_done":100,"tags":[{"id":22524,"title":"kurt cobain","value":"kurt%20cobain"},{"id":5000,"title":"nirvana","value":"nirvana"},{"id":374985,"title":"reaction coub","value":"reaction%20coub"},{"id":15819,"title":"reaction","value":"reaction"},{"id":3666089,"title":"random reactions","value":"random%20reactions"}],"categories":[{"id":8,"title":"Music","permalink":"music","subscriptions_count":10082461,"big_image_url":"https://coub-anubis-a.akamaized.net/coub_storage/category/cw_image/0327247c5ff/85914bdd8e1edc998c480/big_1544760089_Music3.png","small_image_url":"https://coub-anubis-a.akamaized.net/coub_storage/category/cw_image/0327247c5ff/85914bdd8e1edc998c480/small_1544760089_Music3.png","med_image_url":"https://coub-anubis-a.akamaized.net/coub_storage/category/cw_image/0327247c5ff/85914bdd8e1edc998c480/med_1544760089_Music3.png","visible":true}],"communities":[{"id":8,"title":"Music","permalink":"music","subscriptions_count":10082461,"big_image_url":"https://coub-anubis-a.akamaized.net/coub_storage/category/cw_image/0327247c5ff/85914bdd8e1edc998c480/big_1544760089_Music3.png","small_image_url":"https://coub-anubis-a.akamaized.net/coub_storage/category/cw_image/0327247c5ff/85914bdd8e1edc998c480/small_1544760089_Music3.png","med_image_url":"https://coub-anubis-a.akamaized.net/coub_storage/category/cw_image/0327247c5ff/85914bdd8e1edc998c480/med_1544760089_Music3.png","i_subscribed":true,"community_notifications_enabled":null,"description":null}],"recoubs_count":723,"remixes_count":0,"likes_count":4198,"dislikes_count":0,"raw_video_id":13913568,"uploaded_by_ios_app":false,"uploaded_by_android_app":false,"media_blocks":{"uploaded_raw_videos":[],"external_raw_videos":[],"remixed_from_coubs":[]},"raw_video_thumbnail_url":"/missing/missing.png","raw_video_title":"_______________.mp4","video_block_banned":false,"duration":10.0,"promo_winner":false,"promo_winner_recoubers":null,"editorial_info":{},"promo_hint":null,"beeline_best_2014":null,"from_web_editor":true,"normalize_sound":true,"normalize_change_allowed":true,"best2015_addable":false,"ahmad_promo":null,"promo_data":null,"audio_copyright_claim":null,"ads_disabled":false,"is_safe_for_ads":true,"megafon_contents":[],"position_on_page":2},{"flag":null,"abuses":null,"recoubs_by_users_channels":null,"favourite":false,"promoted_id":null,"recoub":null,"like":null,"dislike":null,"reaction":null,"in_my_best2015":false,"id":21808033,"type":"Coub::Simple","permalink":"cj9x8","title":"I know why Judas wept!!!","visibility_type":"public","original_visibility_type":"public","channel_id":76045,"created_at":"2016-05-21T15:09:52Z","updated_at":"2022-03-10T13:53:22Z","is_done":true,"views_count":405518,"cotd":null,"cotd_at":null,"visible_on_explore_root":true,"visible_on_explore":true,"featured":true,"published":true,"published_at":"2016-05-21T15:09:52Z","reversed":false,"from_editor_v2":true,"is_editable":true,"original_sound":false,"has_sound":false,"recoub_to":null,"file_versions":{"html5":{"video":{"higher":{"url":"https://coub-anubis-a.akamaized.net/coub_storage/coub/simple/cw_file/dd19063407c/0db7fe42d811166438480/muted_mp4_huge_size_1567886167_muted_huge.mp4","size":2420269},"high":{"url":"https://coub-anubis-a.akamaized.net/coub_storage/coub/simple/cw_file/dd19063407c/0db7fe42d811166438480/muted_mp4_big_size_1567886167_muted_big.mp4","size":1689704},"med":{"url":"https://coub-anubis-a.akamaized.net/coub_storage/coub/simple/cw_file/dd19063407c/0db7fe42d811166438480/muted_mp4_med_size_1567886167_muted_med.mp4","size":482452}},"audio":{"high":{"url":"https://coub-anubis-a.akamaized.net/coub_storage/coub/simple/cw_looped_audio_high/853d83bee95/aacff19987394d5e22427/1605490508_high_1470777739_high.mp3","size":7003881},"med":{"url":"https://coub-anubis-a.akamaized.net/coub_storage/coub/simple/cw_looped_audio_med/16dedb64b1e/c45674d201e7aba038e01/1605490507_med_1470777739_med.mp3","size":6170048}}},"mobile":{"video":"https://coub-anubis-a.akamaized.net/coub_storage/coub/simple/cw_file/dd19063407c/0db7fe42d811166438480/muted_mp4_med_size_1567886167_muted_med.mp4","audio":["https://coub-anubis-a.akamaized.net/coub_storage/coub/simple/cw_looped_audio_med/16dedb64b1e/c45674d201e7aba038e01/1605490507_med_1470777739_med.mp3"]},"share":{"default":"https://coub-anubis-a.akamaized.net/coub_storage/coub/simple/cw_video_for_sharing/908a6be4677/76c035624ec7067ab49bb/1610393278_looped_1610393277.mp4"}},"audio_versions":{"template":"https://coub-anubis-a.akamaized.net/coub_storage/audio_track/cw_normalized_copy/8a5bd509c8f/1750a358847207b310181/mid_1463843431_ksn64l_normalized_1463843423_fok6lc_edited.mp3","versions":["mid","low"]},"image_versions":{"template":"https://coub-anubis-a.akamaized.net/coub_storage/coub/simple/cw_image/24d04e2e9dd/81a328ca528004c26c5e4/1470777695_00012.jpg","versions":["micro","tiny","age_restricted","ios_large","ios_mosaic","big","med","small","pinterest"]},"first_frame_versions":{"template":"https://coub-anubis-a.akamaized.net/coub_storage/coub/simple/cw_timeline_pic/24d04e2e9dd/81a328ca528004c26c5e4/1470777710_image.jpg","versions":["big","med","small","ios_large"]},"dimensions":{"big":[1158,960],"med":[578,480]},"site_w_h":[640,531],"page_w_h":[640,531],"site_w_h_small":[310,257],"size":[1158,960],"age_restricted":false,"age_restricted_by_admin":false,"not_safe_for_work":false,"allow_reuse":false,"dont_crop":false,"banned":false,"global_safe":true,"audio_file_url":"https://coub-anubis-a.akamaized.net/coub_storage/audio_track/cw_normalized_copy/8a5bd509c8f/1750a358847207b310181/low_1463843431_ksn64l_normalized_1463843423_fok6lc_edited.mp3","external_download":{"type":"UrlDownload","service_name":"UrlDownload","url":"http://66.media.tumblr.com/c73595cfe61a96a566c2ceacebb3e694/tumblr_nf7gxhiKo61qe970bo1_500.gif","has_embed":false},"application":null,"channel":{"id":76045,"permalink":"pit-palkin","title":"Peter Palkin","description":"In search of a muse, ideas and inspiration","followers_count":7458,"following_count":1085,"avatar_versions":{"template":"https://coub-anubis-a.akamaized.net/coub_storage/channel/cw_avatar/53e5e36cc36/2293c5816d30ec268fde0/%{version}_1537426402_42301746_2245013408903028_5809398388344487936_n.jpg","versions":["medium","medium_2x","profile_pic","profile_pic_new","profile_pic_new_2x","tiny","tiny_2x","small","small_2x","ios_large","ios_small"]}},"file":null,"picture":"https://coub-anubis-a.akamaized.net/coub_storage/coub/simple/cw_image/24d04e2e9dd/81a328ca528004c26c5e4/1470777695_00012.jpg","timeline_picture":"https://coub-anubis-a.akamaized.net/coub_storage/coub/simple/cw_timeline_pic/24d04e2e9dd/81a328ca528004c26c5e4/1470777710_image.jpg","small_picture":"https://coub-anubis-a.akamaized.net/coub_storage/coub/simple/cw_image/24d04e2e9dd/81a328ca528004c26c5e4/1470777695_00012.jpg","sharing_picture":null,"percent_done":100,"tags":[{"id":55267,"title":"lech","value":"lech"},{"id":4210,"title":"slipknot","value":"slipknot"}],"categories":[{"id":8,"title":"Music","permalink":"music","subscriptions_count":10082461,"big_image_url":"https://coub-anubis-a.akamaized.net/coub_storage/category/cw_image/0327247c5ff/85914bdd8e1edc998c480/big_1544760089_Music3.png","small_image_url":"https://coub-anubis-a.akamaized.net/coub_storage/category/cw_image/0327247c5ff/85914bdd8e1edc998c480/small_1544760089_Music3.png","med_image_url":"https://coub-anubis-a.akamaized.net/coub_storage/category/cw_image/0327247c5ff/85914bdd8e1edc998c480/med_1544760089_Music3.png","visible":true}],"communities":[{"id":8,"title":"Music","permalink":"music","subscriptions_count":10082461,"big_image_url":"https://coub-anubis-a.akamaized.net/coub_storage/category/cw_image/0327247c5ff/85914bdd8e1edc998c480/big_1544760089_Music3.png","small_image_url":"https://coub-anubis-a.akamaized.net/coub_storage/category/cw_image/0327247c5ff/85914bdd8e1edc998c480/small_1544760089_Music3.png","med_image_url":"https://coub-anubis-a.akamaized.net/coub_storage/category/cw_image/0327247c5ff/85914bdd8e1edc998c480/med_1544760089_Music3.png","i_subscribed":true,"community_notifications_enabled":null,"description":null}],"recoubs_count":946,"remixes_count":10,"likes_count":4198,"dislikes_count":0,"raw_video_id":2665265,"uploaded_by_ios_app":false,"uploaded_by_android_app":false,"media_blocks":{"uploaded_raw_videos":[],"external_raw_videos":[{"id":15402420,"title":"tumblr_nf7gxhiKo61qe970bo1_500.gif","url":"http://66.media.tumblr.com/c73595cfe61a96a566c2ceacebb3e694/tumblr_nf7gxhiKo61qe970bo1_500.gif","image":"https://coub-anubis-a.akamaized.net/coub_storage/media_block/cw_image/31a63348d9b/df38e9b7a746c65dec388/1490957220_1463840583_image.jpg","image_retina":"https://coub-anubis-a.akamaized.net/coub_storage/media_block/cw_image/31a63348d9b/df38e9b7a746c65dec388/1490957220_1463840583_image.jpg","meta":{"service":"UrlDownload","duration":"3.04"},"duration":3.04,"raw_video_id":2665265,"has_embed":false}],"remixed_from_coubs":[],"external_video":{"id":15402420,"title":"tumblr_nf7gxhiKo61qe970bo1_500.gif","url":"http://66.media.tumblr.com/c73595cfe61a96a566c2ceacebb3e694/tumblr_nf7gxhiKo61qe970bo1_500.gif","image":"https://coub-anubis-a.akamaized.net/coub_storage/media_block/cw_image/31a63348d9b/df38e9b7a746c65dec388/1490957220_1463840583_image.jpg","image_retina":"https://coub-anubis-a.akamaized.net/coub_storage/media_block/cw_image/31a63348d9b/df38e9b7a746c65dec388/1490957220_1463840583_image.jpg","meta":{"service":"UrlDownload","duration":"3.04"},"duration":3.04,"raw_video_id":2665265,"has_embed":false}},"raw_video_thumbnail_url":"/missing/missing.png","raw_video_title":"tumblr_nf7gxhiKo61qe970bo1_500.gif","video_block_banned":false,"duration":3.6,"promo_winner":false,"promo_winner_recoubers":null,"editorial_info":{},"promo_hint":null,"beeline_best_2014":null,"from_web_editor":true,"normalize_sound":true,"normalize_change_allowed":true,"best2015_addable":false,"ahmad_promo":null,"promo_data":null,"audio_copyright_claim":null,"ads_disabled":null,"is_safe_for_ads":true,"megafon_contents":[],"position_on_page":3},{"flag":null,"abuses":null,"recoubs_by_users_channels":null,"favourite":false,"promoted_id":null,"recoub":null,"like":null,"dislike":null,"reaction":null,"in_my_best2015":false,"id":132999070,"type":"Coub::Simple","permalink":"26ti7p","title":"\"DANCE MONKEY\" - STREET SAX PERFORMANCE","visibility_type":"public","original_visibility_type":"public","channel_id":2920459,"created_at":"2019-12-28T19:26:18Z","updated_at":"2022-03-15T17:50:20Z","is_done":true,"views_count":216241,"cotd":null,"cotd_at":null,"visible_on_explore_root":false,"visible_on_explore":false,"featured":false,"published":true,"published_at":"2019-12-28T19:26:18Z","reversed":false,"from_editor_v2":true,"is_editable":true,"original_sound":false,"has_sound":false,"recoub_to":null,"file_versions":{"html5":{"video":{"higher":{"url":"https://coub-anubis-a.akamaized.net/coub_storage/coub/simple/cw_file/7d221d0b93a/043aad97d4a207208db50/muted_mp4_huge_size_1577561199_muted_huge.mp4","size":3700201},"high":{"url":"https://coub-anubis-a.akamaized.net/coub_storage/coub/simple/cw_file/7d221d0b93a/043aad97d4a207208db50/muted_mp4_big_size_1577561199_muted_big.mp4","size":2609171},"med":{"url":"https://coub-anubis-a.akamaized.net/coub_storage/coub/simple/cw_file/7d221d0b93a/043aad97d4a207208db50/muted_mp4_med_size_1577561199_muted_med.mp4","size":841240}},"audio":{"high":{"url":"https://coub-anubis-a.akamaized.net/coub_storage/coub/simple/cw_looped_audio_high/eb9761d9bef/05aa811e7bc8c1b64b10f/1605702185_high_1577561224_high.mp3","size":2329904},"med":{"url":"https://coub-anubis-a.akamaized.net/coub_storage/coub/simple/cw_looped_audio_med/bb9fd1ad82a/585b3b6ec6ad7ec2618ff/1605702185_med_1577561224_med.mp3","size":1680614}}},"mobile":{"video":"https://coub-anubis-a.akamaized.net/coub_storage/coub/simple/cw_file/7d221d0b93a/043aad97d4a207208db50/muted_mp4_med_size_1577561199_muted_med.mp4","audio":["https://coub-anubis-a.akamaized.net/coub_storage/coub/simple/cw_looped_audio_med/bb9fd1ad82a/585b3b6ec6ad7ec2618ff/1605702185_med_1577561224_med.mp3"]},"share":{"default":"https://coub-anubis-a.akamaized.net/coub_storage/coub/simple/cw_video_for_sharing/275bfce3c60/4b419c0fd671057d5f514/1610003033_looped_1610003032.mp4"}},"audio_versions":{"template":"https://coub-anubis-a.akamaized.net/coub_storage/audio_track/cw_normalized_copy/ff54a9019bc/551374381ffbe44c9fe41/mid_1577561214_normalized_1577561201_130sd7y_edited.mp3","versions":["mid","low"]},"image_versions":{"template":"https://coub-anubis-a.akamaized.net/coub_storage/coub/simple/cw_image/1c96ad02874/c87b8aa8dac2ae212942c/1577561239_00032.jpg","versions":["micro","tiny","age_restricted","ios_large","ios_mosaic","big","med","small","pinterest"]},"first_frame_versions":{"template":"https://coub-anubis-a.akamaized.net/coub_storage/coub/simple/cw_timeline_pic/dddce5166f4/94ee74dc241cb53761c5e/%{version}_1577561238_image.jpg","versions":["big","med","small","ios_large"]},"dimensions":{"big":[1280,720],"med":[640,360]},"site_w_h":[640,360],"page_w_h":[640,360],"site_w_h_small":[310,174],"size":[1280,720],"age_restricted":false,"age_restricted_by_admin":false,"not_safe_for_work":false,"allow_reuse":false,"dont_crop":false,"banned":false,"global_safe":true,"audio_file_url":"https://coub-anubis-a.akamaized.net/coub_storage/audio_track/cw_normalized_copy/ff54a9019bc/551374381ffbe44c9fe41/low_1577561214_normalized_1577561201_130sd7y_edited.mp3","external_download":{"type":"Youtube","service_name":"YouTube","url":"https://www.youtube.com/watch?v=XBWyE1v8--I","has_embed":true},"application":null,"channel":{"id":2920459,"permalink":"koltaidan","title":"DKoltai","description":null,"followers_count":23,"following_count":13,"avatar_versions":{"template":"https://coub-anubis-a.akamaized.net/coub_storage/channel/cw_avatar/110f287f5e2/30ed2773969c730878b3d/%{version}_1607694407_lk5kgl_1576565680_kkkk.PNG","versions":["medium","medium_2x","profile_pic","profile_pic_new","profile_pic_new_2x","tiny","tiny_2x","small","small_2x","ios_large","ios_small"]}},"file":null,"picture":"https://coub-anubis-a.akamaized.net/coub_storage/coub/simple/cw_image/1c96ad02874/c87b8aa8dac2ae212942c/1577561239_00032.jpg","timeline_picture":"https://coub-anubis-a.akamaized.net/coub_storage/coub/simple/cw_timeline_pic/dddce5166f4/94ee74dc241cb53761c5e/ios_large_1577561238_image.jpg","small_picture":"https://coub-anubis-a.akamaized.net/coub_storage/coub/simple/cw_image/1c96ad02874/c87b8aa8dac2ae212942c/1577561239_00032.jpg","sharing_picture":null,"percent_done":100,"tags":[{"id":1668519,"title":"dance monkey","value":"dance%20monkey"},{"id":5394198,"title":"dance monkey sax","value":"dance%20monkey%20sax"},{"id":5394199,"title":"sax busker naples","value":"sax%20busker%20naples"},{"id":5337830,"title":"dance monkey cover","value":"dance%20monkey%20cover"},{"id":5394200,"title":"dance monkey violin","value":"dance%20monkey%20violin"},{"id":5394201,"title":"street sax","value":"street%20sax"},{"id":5264370,"title":"dance monkey remix","value":"dance%20monkey%20remix"},{"id":5394202,"title":"sax mergellina","value":"sax%20mergellina"},{"id":5215609,"title":"tones and i - dance monkey","value":"tones%20and%20i%20-%20dance%20monkey"},{"id":5173414,"title":"tones and i","value":"tones%20and%20i"}],"categories":[{"id":8,"title":"Music","permalink":"music","subscriptions_count":10082461,"big_image_url":"https://coub-anubis-a.akamaized.net/coub_storage/category/cw_image/0327247c5ff/85914bdd8e1edc998c480/big_1544760089_Music3.png","small_image_url":"https://coub-anubis-a.akamaized.net/coub_storage/category/cw_image/0327247c5ff/85914bdd8e1edc998c480/small_1544760089_Music3.png","med_image_url":"https://coub-anubis-a.akamaized.net/coub_storage/category/cw_image/0327247c5ff/85914bdd8e1edc998c480/med_1544760089_Music3.png","visible":true}],"communities":[{"id":8,"title":"Music","permalink":"music","subscriptions_count":10082461,"big_image_url":"https://coub-anubis-a.akamaized.net/coub_storage/category/cw_image/0327247c5ff/85914bdd8e1edc998c480/big_1544760089_Music3.png","small_image_url":"https://coub-anubis-a.akamaized.net/coub_storage/category/cw_image/0327247c5ff/85914bdd8e1edc998c480/small_1544760089_Music3.png","med_image_url":"https://coub-anubis-a.akamaized.net/coub_storage/category/cw_image/0327247c5ff/85914bdd8e1edc998c480/med_1544760089_Music3.png","i_subscribed":true,"community_notifications_enabled":null,"description":null}],"recoubs_count":690,"remixes_count":0,"likes_count":4196,"dislikes_count":0,"raw_video_id":14638483,"uploaded_by_ios_app":false,"uploaded_by_android_app":false,"media_blocks":{"uploaded_raw_videos":[],"external_raw_videos":[{"id":34318695,"title":"\"DANCE MONKEY\" - STREET SAX PERFORMANCE","url":"https://www.youtube.com/watch?v=XBWyE1v8--I","image":"https://coub-anubis-a.akamaized.net/coub_storage/media_block/cw_image/57c16887654/6beeacb0f5ea7626b84c8/1577560233_12gc5ca_1577560204_bfcx48_att-url-download.jpg","image_retina":"https://coub-anubis-a.akamaized.net/coub_storage/media_block/cw_image/57c16887654/6beeacb0f5ea7626b84c8/1577560233_12gc5ca_1577560204_bfcx48_att-url-download.jpg","meta":{"service":"Youtube","duration":"142.32"},"duration":142.32,"raw_video_id":14638483,"has_embed":true}],"remixed_from_coubs":[],"external_video":{"id":34318695,"title":"\"DANCE MONKEY\" - STREET SAX PERFORMANCE","url":"https://www.youtube.com/watch?v=XBWyE1v8--I","image":"https://coub-anubis-a.akamaized.net/coub_storage/media_block/cw_image/57c16887654/6beeacb0f5ea7626b84c8/1577560233_12gc5ca_1577560204_bfcx48_att-url-download.jpg","image_retina":"https://coub-anubis-a.akamaized.net/coub_storage/media_block/cw_image/57c16887654/6beeacb0f5ea7626b84c8/1577560233_12gc5ca_1577560204_bfcx48_att-url-download.jpg","meta":{"service":"Youtube","duration":"142.32"},"duration":142.32,"raw_video_id":14638483,"has_embed":true}},"raw_video_thumbnail_url":"/missing/missing.png","raw_video_title":"\"DANCE MONKEY\" - STREET SAX PERFORMANCE","video_block_banned":false,"duration":10.0,"promo_winner":false,"promo_winner_recoubers":null,"editorial_info":{},"promo_hint":null,"beeline_best_2014":null,"from_web_editor":true,"normalize_sound":true,"normalize_change_allowed":true,"best2015_addable":false,"ahmad_promo":null,"promo_data":null,"audio_copyright_claim":null,"ads_disabled":false,"is_safe_for_ads":true,"megafon_contents":[],"position_on_page":4},{"flag":null,"abuses":null,"recoubs_by_users_channels":null,"favourite":false,"promoted_id":null,"recoub":null,"like":null,"dislike":null,"reaction":null,"in_my_best2015":false,"id":179140449,"type":"Coub::Simple","permalink":"2yb4kq","title":"Девушка с гитарой","visibility_type":"public","original_visibility_type":"public","channel_id":2395592,"created_at":"2021-11-25T21:13:37Z","updated_at":"2022-03-16T04:55:18Z","is_done":true,"views_count":250920,"cotd":null,"cotd_at":null,"visible_on_explore_root":false,"visible_on_explore":false,"featured":false,"published":true,"published_at":"2021-11-25T21:13:37Z","reversed":false,"from_editor_v2":true,"is_editable":true,"original_sound":false,"has_sound":false,"recoub_to":null,"file_versions":{"html5":{"video":{"higher":{"url":"https://coub-anubis-a.akamaized.net/coub_storage/coub/simple/cw_file/4e6b9f04a3b/515ebccb13f2080af997c/muted_mp4_huge_size_1637874822_muted_huge.mp4","size":1004782},"high":{"url":"https://coub-anubis-a.akamaized.net/coub_storage/coub/simple/cw_file/4e6b9f04a3b/515ebccb13f2080af997c/muted_mp4_big_size_1637874822_muted_big.mp4","size":704762},"med":{"url":"https://coub-anubis-a.akamaized.net/coub_storage/coub/simple/cw_file/4e6b9f04a3b/515ebccb13f2080af997c/muted_mp4_med_size_1637874822_muted_med.mp4","size":234240}},"audio":{"high":{"url":"https://coub-anubis-a.akamaized.net/coub_storage/coub/simple/cw_looped_audio_high/37cd1ddb3bd/39531849d02851411fee0/1637874843_mp3-high.mp3","size":1711693},"med":{"url":"https://coub-anubis-a.akamaized.net/coub_storage/coub/simple/cw_looped_audio_med/084a98844d5/24df940f59c96d3b006db/1637874841_mp3-med.mp3","size":1706998}}},"mobile":{"video":"https://coub-anubis-a.akamaized.net/coub_storage/coub/simple/cw_file/4e6b9f04a3b/515ebccb13f2080af997c/muted_mp4_med_size_1637874822_muted_med.mp4","audio":["https://coub-anubis-a.akamaized.net/coub_storage/coub/simple/cw_looped_audio_med/084a98844d5/24df940f59c96d3b006db/1637874841_mp3-med.mp3"]},"share":{"default":"https://coub-anubis-a.akamaized.net/coub_storage/coub/simple/cw_video_for_sharing/80b9229c4d6/beb858c1b69cdd36d8a2c/1637874869_looped_1637874868.mp4"}},"audio_versions":{"template":"https://coub-anubis-a.akamaized.net/coub_storage/audio_track/cw_normalized_copy/c1bc6045e69/414316957fcf92f60f453/mid_1637874835_normalized_1637874824_8kcdc3_edited.mp3","versions":["mid","low"]},"image_versions":{"template":"https://coub-anubis-a.akamaized.net/coub_storage/coub/simple/cw_image/b33c8f507fe/1021658e7ed3117771403/%{version}_1637874846_00014.jpg","versions":["micro","tiny","age_restricted","ios_large","ios_mosaic","big","med","small","pinterest"]},"first_frame_versions":{"template":"https://coub-anubis-a.akamaized.net/coub_storage/coub/simple/cw_timeline_pic/789c165f185/a919e510b137f863da05c/%{version}_1637874846_image.jpg","versions":["big","med","small","ios_large"]},"dimensions":{"big":[1280,720],"med":[640,360]},"site_w_h":[640,360],"page_w_h":[640,360],"site_w_h_small":[310,174],"size":[1280,720],"age_restricted":false,"age_restricted_by_admin":false,"not_safe_for_work":false,"allow_reuse":false,"dont_crop":true,"banned":false,"global_safe":null,"audio_file_url":"https://coub-anubis-a.akamaized.net/coub_storage/audio_track/cw_normalized_copy/c1bc6045e69/414316957fcf92f60f453/low_1637874835_normalized_1637874824_8kcdc3_edited.mp3","external_download":false,"application":null,"channel":{"id":2395592,"permalink":"fox-farkot","title":"Fox Farkot","description":null,"followers_count":32,"following_count":6,"avatar_versions":{"template":"https://coub-anubis-a.akamaized.net/coub_storage/channel/cw_avatar/af8156528c7/fc4f67365947d2153c791/%{version}_1637875492_EgeIfUJ5Pq8.jpg","versions":["medium","medium_2x","profile_pic","profile_pic_new","profile_pic_new_2x","tiny","tiny_2x","small","small_2x","ios_large","ios_small"]}},"file":null,"picture":"https://coub-anubis-a.akamaized.net/coub_storage/coub/simple/cw_image/b33c8f507fe/1021658e7ed3117771403/med_1637874846_00014.jpg","timeline_picture":"https://coub-anubis-a.akamaized.net/coub_storage/coub/simple/cw_timeline_pic/789c165f185/a919e510b137f863da05c/ios_large_1637874846_image.jpg","small_picture":"https://coub-anubis-a.akamaized.net/coub_storage/coub/simple/cw_image/b33c8f507fe/1021658e7ed3117771403/ios_mosaic_1637874846_00014.jpg","sharing_picture":null,"percent_done":100,"tags":[{"id":165,"title":"anime","value":"anime"},{"id":45417,"title":"アニメ","value":"%E3%82%A2%E3%83%8B%E3%83%A1"},{"id":1012476,"title":"p.a.works","value":"p.a.works"},{"id":6605961,"title":"paripi koumei","value":"paripi%20koumei"},{"id":1324134,"title":"я останусь одна","value":"%D1%8F%20%D0%BE%D1%81%D1%82%D0%B0%D0%BD%D1%83%D1%81%D1%8C%20%D0%BE%D0%B4%D0%BD%D0%B0"},{"id":2943371,"title":"екатерина яшникова","value":"%D0%B5%D0%BA%D0%B0%D1%82%D0%B5%D1%80%D0%B8%D0%BD%D0%B0%20%D1%8F%D1%88%D0%BD%D0%B8%D0%BA%D0%BE%D0%B2%D0%B0"}],"categories":[{"id":8,"title":"Music","permalink":"music","subscriptions_count":10082461,"big_image_url":"https://coub-anubis-a.akamaized.net/coub_storage/category/cw_image/0327247c5ff/85914bdd8e1edc998c480/big_1544760089_Music3.png","small_image_url":"https://coub-anubis-a.akamaized.net/coub_storage/category/cw_image/0327247c5ff/85914bdd8e1edc998c480/small_1544760089_Music3.png","med_image_url":"https://coub-anubis-a.akamaized.net/coub_storage/category/cw_image/0327247c5ff/85914bdd8e1edc998c480/med_1544760089_Music3.png","visible":true}],"communities":[{"id":8,"title":"Music","permalink":"music","subscriptions_count":10082461,"big_image_url":"https://coub-anubis-a.akamaized.net/coub_storage/category/cw_image/0327247c5ff/85914bdd8e1edc998c480/big_1544760089_Music3.png","small_image_url":"https://coub-anubis-a.akamaized.net/coub_storage/category/cw_image/0327247c5ff/85914bdd8e1edc998c480/small_1544760089_Music3.png","med_image_url":"https://coub-anubis-a.akamaized.net/coub_storage/category/cw_image/0327247c5ff/85914bdd8e1edc998c480/med_1544760089_Music3.png","i_subscribed":true,"community_notifications_enabled":null,"description":null}],"recoubs_count":760,"remixes_count":4,"likes_count":4193,"dislikes_count":0,"raw_video_id":"","uploaded_by_ios_app":false,"uploaded_by_android_app":false,"media_blocks":{"uploaded_raw_videos":[],"external_raw_videos":[],"remixed_from_coubs":[{"id":40274255,"title":"tsa","url":"https://coub.com/coubs/2y2l9m/remix","image":"https://coub-anubis-a.akamaized.net/coub_storage/media_block/cw_image/cc346b4c237/e0eb1bd7989a3a8a6e801/video_1637182127_t2fzep_1637182114_00014.jpg","image_retina":"https://coub-anubis-a.akamaized.net/coub_storage/media_block/cw_image/cc346b4c237/e0eb1bd7989a3a8a6e801/video_retina_1637182127_t2fzep_1637182114_00014.jpg","meta":{"duration":"4.16"},"duration":null,"coub_channel_title":"Miss Chibi","coub_channel_permalink":"miss.chibi","coub_views_count":265714,"coub_permalink":"2y2l9m"}]},"raw_video_thumbnail_url":"","raw_video_title":"","video_block_banned":false,"duration":4.16,"promo_winner":false,"promo_winner_recoubers":null,"editorial_info":{},"promo_hint":null,"beeline_best_2014":null,"from_web_editor":true,"normalize_sound":true,"normalize_change_allowed":true,"best2015_addable":false,"ahmad_promo":null,"promo_data":null,"audio_copyright_claim":null,"ads_disabled":false,"is_safe_for_ads":true,"megafon_contents":[],"position_on_page":5},{"flag":null,"abuses":null,"recoubs_by_users_channels":null,"favourite":false,"promoted_id":null,"recoub":null,"like":null,"dislike":null,"reaction":null,"in_my_best2015":false,"id":124196835,"type":"Coub::Simple","permalink":"21jrq9","title":"-ДЕВОЧКА С КАРЕ","visibility_type":"public","original_visibility_type":"public","channel_id":430020,"created_at":"2019-09-21T02:09:08Z","updated_at":"2022-03-12T18:52:34Z","is_done":true,"views_count":288627,"cotd":null,"cotd_at":null,"visible_on_explore_root":false,"visible_on_explore":false,"featured":false,"published":true,"published_at":"2019-09-21T02:09:08Z","reversed":false,"from_editor_v2":true,"is_editable":true,"original_sound":true,"has_sound":true,"recoub_to":null,"file_versions":{"html5":{"video":{"higher":{"url":"https://coub-anubis-a.akamaized.net/coub_storage/coub/simple/cw_file/97c7c1ad9e7/a368f41554e15931843e0/muted_mp4_huge_size_1569031793_muted_huge.mp4","size":3530175},"high":{"url":"https://coub-anubis-a.akamaized.net/coub_storage/coub/simple/cw_file/97c7c1ad9e7/a368f41554e15931843e0/muted_mp4_big_size_1569031793_muted_big.mp4","size":2586900},"med":{"url":"https://coub-anubis-a.akamaized.net/coub_storage/coub/simple/cw_file/97c7c1ad9e7/a368f41554e15931843e0/muted_mp4_med_size_1569031793_muted_med.mp4","size":834009}},"audio":{"high":{"url":"https://coub-anubis-a.akamaized.net/coub_storage/coub/simple/cw_looped_audio_high/a8d52dcfdfb/2873a95abff6f0a267d02/1605690796_high_1569031793_high.mp3","size":1225082},"med":{"url":"https://coub-anubis-a.akamaized.net/coub_storage/coub/simple/cw_looped_audio_med/cca0055bf1a/4b85cd0adbdeb28fe18a6/1605690796_med_1569031793_med.mp3","size":935748},"sample_duration":9.776}},"mobile":{"video":"https://coub-anubis-a.akamaized.net/coub_storage/coub/simple/cw_file/97c7c1ad9e7/a368f41554e15931843e0/muted_mp4_med_size_1569031793_muted_med.mp4","audio":["https://coub-anubis-a.akamaized.net/coub_storage/coub/simple/cw_looped_audio_med/cca0055bf1a/4b85cd0adbdeb28fe18a6/1605690796_med_1569031793_med.mp3"]},"share":{"default":"https://coub-anubis-a.akamaized.net/coub_storage/coub/simple/cw_video_for_sharing/8c2c8cfdc59/d05ca6363ebf786b69a07/1608459753_looped_1608459751.mp4"}},"audio_versions":{},"image_versions":{"template":"https://coub-anubis-a.akamaized.net/coub_storage/coub/simple/cw_image/d0dcf18373e/f330dc1cf656a99ecc7d8/1569031802_00031.jpg","versions":["micro","tiny","age_restricted","ios_large","ios_mosaic","big","med","small","pinterest"]},"first_frame_versions":{"template":"https://coub-anubis-a.akamaized.net/coub_storage/coub/simple/cw_timeline_pic/615dc47a8cc/b3520d08eed2cd278ad80/%{version}_1569031801_image.jpg","versions":["big","med","small","ios_large"]},"dimensions":{"big":[1280,640],"med":[640,320]},"site_w_h":[640,320],"page_w_h":[640,320],"site_w_h_small":[310,155],"size":[1280,640],"age_restricted":false,"age_restricted_by_admin":false,"not_safe_for_work":false,"allow_reuse":false,"dont_crop":false,"banned":false,"global_safe":false,"audio_file_url":null,"external_download":{"type":"Youtube","service_name":"YouTube","url":"https://www.youtube.com/watch?v=Z7t3VhUJI_w&list=LLKMWPQOgV_R8qZBwF4H1FmQ&index=2&t=0s","has_embed":true},"application":null,"channel":{"id":430020,"permalink":"kote855rus","title":"Kote855","description":null,"followers_count":49,"following_count":41,"avatar_versions":{"template":"https://coub-anubis-a.akamaized.net/coub_storage/channel/cw_avatar/a4250f3ea8c/101d163ebd6734792e62d/%{version}_1524945928_logobwscoub.png","versions":["medium","medium_2x","profile_pic","profile_pic_new","profile_pic_new_2x","tiny","tiny_2x","small","small_2x","ios_large","ios_small"]}},"file":null,"picture":"https://coub-anubis-a.akamaized.net/coub_storage/coub/simple/cw_image/d0dcf18373e/f330dc1cf656a99ecc7d8/1569031802_00031.jpg","timeline_picture":"https://coub-anubis-a.akamaized.net/coub_storage/coub/simple/cw_timeline_pic/615dc47a8cc/b3520d08eed2cd278ad80/ios_large_1569031801_image.jpg","small_picture":"https://coub-anubis-a.akamaized.net/coub_storage/coub/simple/cw_image/d0dcf18373e/f330dc1cf656a99ecc7d8/1569031802_00031.jpg","sharing_picture":null,"percent_done":100,"tags":[{"id":4706940,"title":"мукка девочка с каре","value":"%D0%BC%D1%83%D0%BA%D0%BA%D0%B0%20%D0%B4%D0%B5%D0%B2%D0%BE%D1%87%D0%BA%D0%B0%20%D1%81%20%D0%BA%D0%B0%D1%80%D0%B5"},{"id":5218311,"title":"девочка с каре клип","value":"%D0%B4%D0%B5%D0%B2%D0%BE%D1%87%D0%BA%D0%B0%20%D1%81%20%D0%BA%D0%B0%D1%80%D0%B5%20%D0%BA%D0%BB%D0%B8%D0%BF"},{"id":4884060,"title":"девочка с каре пародия","value":"%D0%B4%D0%B5%D0%B2%D0%BE%D1%87%D0%BA%D0%B0%20%D1%81%20%D0%BA%D0%B0%D1%80%D0%B5%20%D0%BF%D0%B0%D1%80%D0%BE%D0%B4%D0%B8%D1%8F"},{"id":4884059,"title":"девочка с каре кавер","value":"%D0%B4%D0%B5%D0%B2%D0%BE%D1%87%D0%BA%D0%B0%20%D1%81%20%D0%BA%D0%B0%D1%80%D0%B5%20%D0%BA%D0%B0%D0%B2%D0%B5%D1%80"},{"id":5218312,"title":"мукка девочка с каре песня","value":"%D0%BC%D1%83%D0%BA%D0%BA%D0%B0%20%D0%B4%D0%B5%D0%B2%D0%BE%D1%87%D0%BA%D0%B0%20%D1%81%20%D0%BA%D0%B0%D1%80%D0%B5%20%D0%BF%D0%B5%D1%81%D0%BD%D1%8F"},{"id":5218313,"title":"девочка с каре что происходит в клипе","value":"%D0%B4%D0%B5%D0%B2%D0%BE%D1%87%D0%BA%D0%B0%20%D1%81%20%D0%BA%D0%B0%D1%80%D0%B5%20%D1%87%D1%82%D0%BE%20%D0%BF%D1%80%D0%BE%D0%B8%D1%81%D1%85%D0%BE%D0%B4%D0%B8%D1%82%20%D0%B2%20%D0%BA%D0%BB%D0%B8%D0%BF%D0%B5"},{"id":5218314,"title":"что в клипе творится о том и пою","value":"%D1%87%D1%82%D0%BE%20%D0%B2%20%D0%BA%D0%BB%D0%B8%D0%BF%D0%B5%20%D1%82%D0%B2%D0%BE%D1%80%D0%B8%D1%82%D1%81%D1%8F%20%D0%BE%20%D1%82%D0%BE%D0%BC%20%D0%B8%20%D0%BF%D0%BE%D1%8E"},{"id":3096663,"title":"если бы песня была о том что происходит в клипе","value":"%D0%B5%D1%81%D0%BB%D0%B8%20%D0%B1%D1%8B%20%D0%BF%D0%B5%D1%81%D0%BD%D1%8F%20%D0%B1%D1%8B%D0%BB%D0%B0%20%D0%BE%20%D1%82%D0%BE%D0%BC%20%D1%87%D1%82%D0%BE%20%D0%BF%D1%80%D0%BE%D0%B8%D1%81%D1%85%D0%BE%D0%B4%D0%B8%D1%82%20%D0%B2%20%D0%BA%D0%BB%D0%B8%D0%BF%D0%B5"},{"id":5218315,"title":"yavor девочка с каре пародия","value":"yavor%20%D0%B4%D0%B5%D0%B2%D0%BE%D1%87%D0%BA%D0%B0%20%D1%81%20%D0%BA%D0%B0%D1%80%D0%B5%20%D0%BF%D0%B0%D1%80%D0%BE%D0%B4%D0%B8%D1%8F"},{"id":5207149,"title":"yavor","value":"yavor"},{"id":4680941,"title":"мукка","value":"%D0%BC%D1%83%D0%BA%D0%BA%D0%B0"},{"id":4704047,"title":"мукка - девочка с каре","value":"%D0%BC%D1%83%D0%BA%D0%BA%D0%B0%20-%20%D0%B4%D0%B5%D0%B2%D0%BE%D1%87%D0%BA%D0%B0%20%D1%81%20%D0%BA%D0%B0%D1%80%D0%B5"}],"categories":[{"id":8,"title":"Music","permalink":"music","subscriptions_count":10082461,"big_image_url":"https://coub-anubis-a.akamaized.net/coub_storage/category/cw_image/0327247c5ff/85914bdd8e1edc998c480/big_1544760089_Music3.png","small_image_url":"https://coub-anubis-a.akamaized.net/coub_storage/category/cw_image/0327247c5ff/85914bdd8e1edc998c480/small_1544760089_Music3.png","med_image_url":"https://coub-anubis-a.akamaized.net/coub_storage/category/cw_image/0327247c5ff/85914bdd8e1edc998c480/med_1544760089_Music3.png","visible":true}],"communities":[{"id":8,"title":"Music","permalink":"music","subscriptions_count":10082461,"big_image_url":"https://coub-anubis-a.akamaized.net/coub_storage/category/cw_image/0327247c5ff/85914bdd8e1edc998c480/big_1544760089_Music3.png","small_image_url":"https://coub-anubis-a.akamaized.net/coub_storage/category/cw_image/0327247c5ff/85914bdd8e1edc998c480/small_1544760089_Music3.png","med_image_url":"https://coub-anubis-a.akamaized.net/coub_storage/category/cw_image/0327247c5ff/85914bdd8e1edc998c480/med_1544760089_Music3.png","i_subscribed":true,"community_notifications_enabled":null,"description":null}],"recoubs_count":883,"remixes_count":0,"likes_count":4193,"dislikes_count":0,"raw_video_id":14248262,"uploaded_by_ios_app":false,"uploaded_by_android_app":false,"media_blocks":{"uploaded_raw_videos":[],"external_raw_videos":[{"id":33294900,"title":"ДЕВОЧКА С КАРЕ (пародия) : ЧТО В КЛИПЕ ТВОРИТСЯ - О ТОМ И ПОЮ","url":"https://www.youtube.com/watch?v=Z7t3VhUJI_w","image":"https://coub-anubis-a.akamaized.net/coub_storage/media_block/cw_image/755d7ec5e36/71676899ef13cd0d646f1/1569031490_64c639_1569031429_1j1k3x2_att-url-download.jpg","image_retina":"https://coub-anubis-a.akamaized.net/coub_storage/media_block/cw_image/755d7ec5e36/71676899ef13cd0d646f1/1569031490_64c639_1569031429_1j1k3x2_att-url-download.jpg","meta":{"service":"Youtube","duration":"213.6"},"duration":213.6,"raw_video_id":14248262,"has_embed":true}],"remixed_from_coubs":[],"external_video":{"id":33294900,"title":"ДЕВОЧКА С КАРЕ (пародия) : ЧТО В КЛИПЕ ТВОРИТСЯ - О ТОМ И ПОЮ","url":"https://www.youtube.com/watch?v=Z7t3VhUJI_w","image":"https://coub-anubis-a.akamaized.net/coub_storage/media_block/cw_image/755d7ec5e36/71676899ef13cd0d646f1/1569031490_64c639_1569031429_1j1k3x2_att-url-download.jpg","image_retina":"https://coub-anubis-a.akamaized.net/coub_storage/media_block/cw_image/755d7ec5e36/71676899ef13cd0d646f1/1569031490_64c639_1569031429_1j1k3x2_att-url-download.jpg","meta":{"service":"Youtube","duration":"213.6"},"duration":213.6,"raw_video_id":14248262,"has_embed":true}},"raw_video_thumbnail_url":"/missing/missing.png","raw_video_title":"ДЕВОЧКА С КАРЕ (пародия) : ЧТО В КЛИПЕ ТВОРИТСЯ - О ТОМ И ПОЮ","video_block_banned":false,"duration":9.76,"promo_winner":false,"promo_winner_recoubers":null,"editorial_info":{},"promo_hint":null,"beeline_best_2014":null,"from_web_editor":true,"normalize_sound":true,"normalize_change_allowed":true,"best2015_addable":false,"ahmad_promo":null,"promo_data":null,"audio_copyright_claim":null,"ads_disabled":false,"is_safe_for_ads":true,"megafon_contents":[],"position_on_page":6},{"flag":null,"abuses":null,"recoubs_by_users_channels":null,"favourite":false,"promoted_id":null,"recoub":null,"like":null,"dislike":null,"reaction":null,"in_my_best2015":false,"id":10024798,"type":"Coub::Simple","permalink":"5ipu6","title":"TOMORROWLAND","visibility_type":"public","original_visibility_type":"public","channel_id":1393432,"created_at":"2015-03-20T12:17:38Z","updated_at":"2022-03-07T22:07:07Z","is_done":true,"views_count":155954,"cotd":null,"cotd_at":null,"visible_on_explore_root":true,"visible_on_explore":true,"featured":true,"published":true,"published_at":"2015-03-20T12:17:38Z","reversed":false,"from_editor_v2":true,"is_editable":true,"original_sound":false,"has_sound":false,"recoub_to":null,"file_versions":{"html5":{"video":{"higher":{"url":"https://coub-anubis-a.akamaized.net/coub_storage/coub/simple/cw_file/dfbcaa0a1e3/438f06ff1eb7318b9d40b/muted_mp4_huge_size_1567759510_muted_huge.mp4","size":6165958},"high":{"url":"https://coub-anubis-a.akamaized.net/coub_storage/coub/simple/cw_file/dfbcaa0a1e3/438f06ff1eb7318b9d40b/muted_mp4_big_size_1567759510_muted_big.mp4","size":4240545},"med":{"url":"https://coub-anubis-a.akamaized.net/coub_storage/coub/simple/cw_file/dfbcaa0a1e3/438f06ff1eb7318b9d40b/muted_mp4_med_size_1567759510_muted_med.mp4","size":1564962}},"audio":{"high":{"url":"https://coub-anubis-a.akamaized.net/coub_storage/coub/simple/cw_looped_audio_high/a42670c5911/693279b44c7464de5ef04/1605447907_high_1445979101_high.mp3","size":5543391},"med":{"url":"https://coub-anubis-a.akamaized.net/coub_storage/coub/simple/cw_looped_audio_med/be8b153a423/9b55d2dcf1780f33293f8/1605447907_med_1445979101_med.mp3","size":3695594}}},"mobile":{"video":"https://coub-anubis-a.akamaized.net/coub_storage/coub/simple/cw_file/dfbcaa0a1e3/438f06ff1eb7318b9d40b/muted_mp4_med_size_1567759510_muted_med.mp4","audio":["https://coub-anubis-a.akamaized.net/coub_storage/coub/simple/cw_looped_audio_med/be8b153a423/9b55d2dcf1780f33293f8/1605447907_med_1445979101_med.mp3"]},"share":{"default":"https://coub-anubis-a.akamaized.net/coub_storage/coub/simple/cw_video_for_sharing/cfda9579da4/5a5f5b11ebbc57916615f/1608178603_looped_1608178602.mp4"}},"audio_versions":{"template":"https://coub-anubis-a.akamaized.net/coub_storage/audio_track/cw_normalized_copy/82f76bdadda/219e095c17e294b8cd0b8/mid_1580271009_1471118715_audio.mp3","versions":["mid","low"]},"image_versions":{"template":"https://coub-anubis-a.akamaized.net/coub_storage/coub/simple/cw_image/5dd036a9d69/f325305ed55f750e1407d/1426930993_00031.jpg","versions":["micro","tiny","age_restricted","ios_large","ios_mosaic","big","med","small","pinterest"]},"first_frame_versions":{"template":"https://coub-anubis-a.akamaized.net/coub_storage/coub/simple/cw_timeline_pic/5dd036a9d69/f325305ed55f750e1407d/%{version}_1426930992_image.jpg","versions":["big","med","small","ios_large"]},"dimensions":{"big":[1280,720],"med":[640,360]},"site_w_h":[640,360],"page_w_h":[640,360],"site_w_h_small":[310,174],"size":[1280,720],"age_restricted":false,"age_restricted_by_admin":false,"not_safe_for_work":false,"allow_reuse":false,"dont_crop":false,"banned":false,"global_safe":true,"audio_file_url":"https://coub-anubis-a.akamaized.net/coub_storage/audio_track/cw_normalized_copy/82f76bdadda/219e095c17e294b8cd0b8/low_1580271009_1471118715_audio.mp3","external_download":{"type":"Youtube","service_name":"YouTube","url":"http://www.youtube.com/watch?v=wTcNtgA6gHs&list=PLSSPBo7OVSZvJtRrcF5CVSjRkmH9eNWA3","has_embed":true},"application":null,"channel":{"id":1393432,"permalink":"ammy.ofmarble","title":"Ammy ","description":null,"followers_count":216,"following_count":84,"avatar_versions":{"template":"https://coub-anubis-a.akamaized.net/coub_storage/channel/cw_avatar/eff612e186d/953e53a834de6d2e58b70/%{version}_1608584621_1tjiqbr_1474556180_487609302.jpg","versions":["medium","medium_2x","profile_pic","profile_pic_new","profile_pic_new_2x","tiny","tiny_2x","small","small_2x","ios_large","ios_small"]}},"file":null,"picture":"https://coub-anubis-a.akamaized.net/coub_storage/coub/simple/cw_image/5dd036a9d69/f325305ed55f750e1407d/1426930993_00031.jpg","timeline_picture":"https://coub-anubis-a.akamaized.net/coub_storage/coub/simple/cw_timeline_pic/5dd036a9d69/f325305ed55f750e1407d/ios_large_1426930992_image.jpg","small_picture":"https://coub-anubis-a.akamaized.net/coub_storage/coub/simple/cw_image/5dd036a9d69/f325305ed55f750e1407d/1426930993_00031.jpg","sharing_picture":null,"percent_done":100,"tags":[{"id":782,"title":"hands","value":"hands"},{"id":33610,"title":"person","value":"person"},{"id":8301,"title":"first","value":"first"},{"id":2035,"title":"fireworks","value":"fireworks"},{"id":467,"title":"night","value":"night"},{"id":48224,"title":"remember","value":"remember"},{"id":17452,"title":"i","value":"i"},{"id":739103,"title":"deadmou5e","value":"deadmou5e"},{"id":400968,"title":"deadmouse","value":"deadmouse"},{"id":243,"title":"rave","value":"rave"},{"id":2927,"title":"concert","value":"concert"},{"id":10796,"title":"performance","value":"performance"},{"id":56959,"title":"belgium","value":"belgium"},{"id":28904,"title":"tomorrowland","value":"tomorrowland"},{"id":2940,"title":"travel","value":"travel"},{"id":4153,"title":"adventure","value":"adventure"},{"id":72924,"title":"hd camera","value":"hd%20camera"},{"id":4881,"title":"gopro","value":"gopro"}],"categories":[{"id":8,"title":"Music","permalink":"music","subscriptions_count":10082461,"big_image_url":"https://coub-anubis-a.akamaized.net/coub_storage/category/cw_image/0327247c5ff/85914bdd8e1edc998c480/big_1544760089_Music3.png","small_image_url":"https://coub-anubis-a.akamaized.net/coub_storage/category/cw_image/0327247c5ff/85914bdd8e1edc998c480/small_1544760089_Music3.png","med_image_url":"https://coub-anubis-a.akamaized.net/coub_storage/category/cw_image/0327247c5ff/85914bdd8e1edc998c480/med_1544760089_Music3.png","visible":true},{"id":9,"title":"Nature & Travel","permalink":"nature-travel","subscriptions_count":10070807,"big_image_url":"https://coub-anubis-a.akamaized.net/coub_storage/category/cw_image/a4b57370b28/3c9d9a8cf4246d5a30610/big_1545567929_Nature.png","small_image_url":"https://coub-anubis-a.akamaized.net/coub_storage/category/cw_image/a4b57370b28/3c9d9a8cf4246d5a30610/small_1545567929_Nature.png","med_image_url":"https://coub-anubis-a.akamaized.net/coub_storage/category/cw_image/a4b57370b28/3c9d9a8cf4246d5a30610/med_1545567929_Nature.png","visible":true}],"communities":[{"id":8,"title":"Music","permalink":"music","subscriptions_count":10082461,"big_image_url":"https://coub-anubis-a.akamaized.net/coub_storage/category/cw_image/0327247c5ff/85914bdd8e1edc998c480/big_1544760089_Music3.png","small_image_url":"https://coub-anubis-a.akamaized.net/coub_storage/category/cw_image/0327247c5ff/85914bdd8e1edc998c480/small_1544760089_Music3.png","med_image_url":"https://coub-anubis-a.akamaized.net/coub_storage/category/cw_image/0327247c5ff/85914bdd8e1edc998c480/med_1544760089_Music3.png","i_subscribed":true,"community_notifications_enabled":null,"description":null},{"id":9,"title":"Nature & Travel","permalink":"nature-travel","subscriptions_count":10070807,"big_image_url":"https://coub-anubis-a.akamaized.net/coub_storage/category/cw_image/a4b57370b28/3c9d9a8cf4246d5a30610/big_1545567929_Nature.png","small_image_url":"https://coub-anubis-a.akamaized.net/coub_storage/category/cw_image/a4b57370b28/3c9d9a8cf4246d5a30610/small_1545567929_Nature.png","med_image_url":"https://coub-anubis-a.akamaized.net/coub_storage/category/cw_image/a4b57370b28/3c9d9a8cf4246d5a30610/med_1545567929_Nature.png","i_subscribed":true,"community_notifications_enabled":null,"description":null}],"recoubs_count":874,"remixes_count":6,"likes_count":4193,"dislikes_count":0,"raw_video_id":869022,"uploaded_by_ios_app":false,"uploaded_by_android_app":false,"media_blocks":{"uploaded_raw_videos":[],"external_raw_videos":[{"id":11510043,"title":"GoPro HERO4: The Adventure of Life in 4K","url":"http://www.youtube.com/watch?v=wTcNtgA6gHs","image":"https://coub-anubis-a.akamaized.net/coub_storage/media_block/cw_image/4a887b14ca7/56d5549b64812fe2d70f2/1492481629_1412177998_1x63ioh_att-url-download.jpg","image_retina":"https://coub-anubis-a.akamaized.net/coub_storage/media_block/cw_image/4a887b14ca7/56d5549b64812fe2d70f2/1492481629_1412177998_1x63ioh_att-url-download.jpg","meta":{"service":"Youtube","duration":"253.96"},"duration":253.96,"raw_video_id":869022,"has_embed":true}],"remixed_from_coubs":[],"audio_track":{"id":19546117,"title":"Unknown","url":null,"image":null,"image_retina":null,"meta":{"year":"0","album":null,"title":"Unknown","artist":null,"echonest_id":null},"duration":null,"amazon_url":null,"google_play_url":null,"bandcamp_url":null,"soundcloud_url":null,"track_name":null,"track_artist":null,"track_album":null,"itunes_url":null},"external_video":{"id":11510043,"title":"GoPro HERO4: The Adventure of Life in 4K","url":"http://www.youtube.com/watch?v=wTcNtgA6gHs","image":"https://coub-anubis-a.akamaized.net/coub_storage/media_block/cw_image/4a887b14ca7/56d5549b64812fe2d70f2/1492481629_1412177998_1x63ioh_att-url-download.jpg","image_retina":"https://coub-anubis-a.akamaized.net/coub_storage/media_block/cw_image/4a887b14ca7/56d5549b64812fe2d70f2/1492481629_1412177998_1x63ioh_att-url-download.jpg","meta":{"service":"Youtube","duration":"253.96"},"duration":253.96,"raw_video_id":869022,"has_embed":true}},"raw_video_thumbnail_url":"/missing/missing.png","raw_video_title":"GoPro HERO4: The Adventure of Life in 4K","video_block_banned":false,"duration":9.88,"promo_winner":false,"promo_winner_recoubers":null,"editorial_info":{},"promo_hint":null,"beeline_best_2014":null,"from_web_editor":true,"normalize_sound":true,"normalize_change_allowed":true,"best2015_addable":false,"ahmad_promo":null,"promo_data":null,"audio_copyright_claim":null,"ads_disabled":null,"is_safe_for_ads":true,"megafon_contents":[],"position_on_page":7},{"flag":null,"abuses":null,"recoubs_by_users_channels":null,"favourite":false,"promoted_id":null,"recoub":null,"like":null,"dislike":null,"reaction":null,"in_my_best2015":false,"id":182015016,"type":"Coub::Simple","permalink":"300re6","title":"If SEVEN NATION ARMY was Delta Blues","visibility_type":"public","original_visibility_type":"public","channel_id":1060601,"created_at":"2022-01-26T18:15:22Z","updated_at":"2022-03-16T06:59:02Z","is_done":true,"views_count":643804,"cotd":true,"cotd_at":"2022-01-27","visible_on_explore_root":true,"visible_on_explore":true,"featured":true,"published":true,"published_at":"2022-01-26T18:15:22Z","reversed":false,"from_editor_v2":true,"is_editable":true,"original_sound":true,"has_sound":true,"recoub_to":null,"file_versions":{"html5":{"video":{"higher":{"url":"https://coub-anubis-a.akamaized.net/coub_storage/coub/simple/cw_file/379fe3a3431/2c1f506111344dc241968/muted_mp4_huge_size_1643220985_muted_huge.mp4","size":1501780},"high":{"url":"https://coub-anubis-a.akamaized.net/coub_storage/coub/simple/cw_file/379fe3a3431/2c1f506111344dc241968/muted_mp4_big_size_1643220985_muted_big.mp4","size":1048073},"med":{"url":"https://coub-anubis-a.akamaized.net/coub_storage/coub/simple/cw_file/379fe3a3431/2c1f506111344dc241968/muted_mp4_med_size_1643220985_muted_med.mp4","size":288867}},"audio":{"high":{"url":"https://coub-anubis-a.akamaized.net/coub_storage/coub/simple/cw_looped_audio_high/79598cbf2a2/3d9c57744deaf04369548/1643220987_mp3-high.mp3","size":1113657},"med":{"url":"https://coub-anubis-a.akamaized.net/coub_storage/coub/simple/cw_looped_audio_med/eb4a5fa4edc/7a454ef2be8ed98e5addd/1643220986_mp3-med.mp3","size":938354},"sample_duration":8.406}},"mobile":{"video":"https://coub-anubis-a.akamaized.net/coub_storage/coub/simple/cw_file/379fe3a3431/2c1f506111344dc241968/muted_mp4_med_size_1643220985_muted_med.mp4","audio":["https://coub-anubis-a.akamaized.net/coub_storage/coub/simple/cw_looped_audio_med/eb4a5fa4edc/7a454ef2be8ed98e5addd/1643220986_mp3-med.mp3"]},"share":{"default":"https://coub-anubis-a.akamaized.net/coub_storage/coub/simple/cw_video_for_sharing/ac0472f8d29/24ec536ab0f8ed2e29611/1643221013_looped_1643221013.mp4"}},"audio_versions":{},"image_versions":{"template":"https://coub-anubis-a.akamaized.net/coub_storage/coub/simple/cw_image/fb9f31d1412/81e2593c594d3eaab2e66/%{version}_1643220992_00027.jpg","versions":["micro","tiny","age_restricted","ios_large","ios_mosaic","big","med","small","pinterest"]},"first_frame_versions":{"template":"https://coub-anubis-a.akamaized.net/coub_storage/coub/simple/cw_timeline_pic/cfacbc5e8c6/fc81d7a60aeb95f08b62e/%{version}_1643220991_image.jpg","versions":["big","med","small","ios_large"]},"dimensions":{"big":[1280,720],"med":[640,360]},"site_w_h":[640,360],"page_w_h":[640,360],"site_w_h_small":[310,174],"size":[1280,720],"age_restricted":false,"age_restricted_by_admin":false,"not_safe_for_work":false,"allow_reuse":false,"dont_crop":true,"banned":false,"global_safe":true,"audio_file_url":null,"external_download":{"type":"Youtube","service_name":"YouTube","url":"https://youtu.be/3aho3WE6JU4","has_embed":true},"application":null,"channel":{"id":1060601,"permalink":"kamkam66","title":"kam","description":null,"followers_count":7416,"following_count":505,"avatar_versions":{"template":"https://coub-anubis-a.akamaized.net/coub_storage/channel/cw_avatar/780de8febd6/785c618f01d9f23b43c01/%{version}_1609339009_1f4p6je_1474710214_ui4m9q_att-url-download.jpg","versions":["medium","medium_2x","profile_pic","profile_pic_new","profile_pic_new_2x","tiny","tiny_2x","small","small_2x","ios_large","ios_small"]}},"file":null,"picture":"https://coub-anubis-a.akamaized.net/coub_storage/coub/simple/cw_image/fb9f31d1412/81e2593c594d3eaab2e66/med_1643220992_00027.jpg","timeline_picture":"https://coub-anubis-a.akamaized.net/coub_storage/coub/simple/cw_timeline_pic/cfacbc5e8c6/fc81d7a60aeb95f08b62e/ios_large_1643220991_image.jpg","small_picture":"https://coub-anubis-a.akamaized.net/coub_storage/coub/simple/cw_image/fb9f31d1412/81e2593c594d3eaab2e66/ios_mosaic_1643220992_00027.jpg","sharing_picture":null,"percent_done":100,"tags":[{"id":302776,"title":"justin johnson","value":"justin%20johnson"}],"categories":[{"id":8,"title":"Music","permalink":"music","subscriptions_count":10082461,"big_image_url":"https://coub-anubis-a.akamaized.net/coub_storage/category/cw_image/0327247c5ff/85914bdd8e1edc998c480/big_1544760089_Music3.png","small_image_url":"https://coub-anubis-a.akamaized.net/coub_storage/category/cw_image/0327247c5ff/85914bdd8e1edc998c480/small_1544760089_Music3.png","med_image_url":"https://coub-anubis-a.akamaized.net/coub_storage/category/cw_image/0327247c5ff/85914bdd8e1edc998c480/med_1544760089_Music3.png","visible":true}],"communities":[{"id":8,"title":"Music","permalink":"music","subscriptions_count":10082461,"big_image_url":"https://coub-anubis-a.akamaized.net/coub_storage/category/cw_image/0327247c5ff/85914bdd8e1edc998c480/big_1544760089_Music3.png","small_image_url":"https://coub-anubis-a.akamaized.net/coub_storage/category/cw_image/0327247c5ff/85914bdd8e1edc998c480/small_1544760089_Music3.png","med_image_url":"https://coub-anubis-a.akamaized.net/coub_storage/category/cw_image/0327247c5ff/85914bdd8e1edc998c480/med_1544760089_Music3.png","i_subscribed":true,"community_notifications_enabled":null,"description":null}],"recoubs_count":587,"remixes_count":0,"likes_count":4191,"dislikes_count":0,"raw_video_id":17089793,"uploaded_by_ios_app":false,"uploaded_by_android_app":false,"media_blocks":{"uploaded_raw_videos":[],"external_raw_videos":[{"id":40922089,"title":"If SEVEN NATION ARMY was Delta Blues....  WHITE STRIPES Slide Guitar Cover","url":"https://www.youtube.com/watch?v=3aho3WE6JU4","image":"https://coub-anubis-a.akamaized.net/coub_storage/media_block/cw_image/1eb72797e9c/70cdddf362de63e94917d/video_1643220373_1qa1ni4_1643220212_yv2ymt_att-url-download.jpg","image_retina":"https://coub-anubis-a.akamaized.net/coub_storage/media_block/cw_image/1eb72797e9c/70cdddf362de63e94917d/video_retina_1643220373_1qa1ni4_1643220212_yv2ymt_att-url-download.jpg","meta":{"service":"Youtube","duration":"292.84"},"duration":292.84,"raw_video_id":17089793,"has_embed":true}],"remixed_from_coubs":[],"external_video":{"id":40922089,"title":"If SEVEN NATION ARMY was Delta Blues....  WHITE STRIPES Slide Guitar Cover","url":"https://www.youtube.com/watch?v=3aho3WE6JU4","image":"https://coub-anubis-a.akamaized.net/coub_storage/media_block/cw_image/1eb72797e9c/70cdddf362de63e94917d/video_1643220373_1qa1ni4_1643220212_yv2ymt_att-url-download.jpg","image_retina":"https://coub-anubis-a.akamaized.net/coub_storage/media_block/cw_image/1eb72797e9c/70cdddf362de63e94917d/video_retina_1643220373_1qa1ni4_1643220212_yv2ymt_att-url-download.jpg","meta":{"service":"Youtube","duration":"292.84"},"duration":292.84,"raw_video_id":17089793,"has_embed":true}},"raw_video_thumbnail_url":"https://coub-anubis-a.akamaized.net/coub_storage/raw_video/cw_image/32c3b874e5b/20ec4a9c6a1baee3064bd/coub_media_1643220216_1643220212_yv2ymt_att-url-download.jpg","raw_video_title":"If SEVEN NATION ARMY was Delta Blues....  WHITE STRIPES Slide Guitar Cover","video_block_banned":false,"duration":8.36,"promo_winner":false,"promo_winner_recoubers":null,"editorial_info":{},"promo_hint":null,"beeline_best_2014":null,"from_web_editor":true,"normalize_sound":false,"normalize_change_allowed":true,"best2015_addable":false,"ahmad_promo":null,"promo_data":null,"audio_copyright_claim":null,"ads_disabled":false,"is_safe_for_ads":true,"megafon_contents":[],"position_on_page":8},{"flag":null,"abuses":null,"recoubs_by_users_channels":null,"favourite":false,"promoted_id":null,"recoub":null,"like":null,"dislike":null,"reaction":null,"in_my_best2015":false,"id":740013,"type":"Coub::Simple","permalink":"22pzwu2o","title":"Заехал в садик за сестрой =D","visibility_type":"public","original_visibility_type":"public","channel_id":85339,"created_at":"2013-11-26T07:01:19Z","updated_at":"2022-03-15T14:24:19Z","is_done":true,"views_count":497932,"cotd":null,"cotd_at":null,"visible_on_explore_root":false,"visible_on_explore":false,"featured":false,"published":true,"published_at":"2013-11-26T07:01:19Z","reversed":true,"from_editor_v2":true,"is_editable":true,"original_sound":false,"has_sound":false,"recoub_to":null,"file_versions":{"html5":{"video":{"higher":{"url":"https://coub-anubis-a.akamaized.net/coub_storage/coub/simple/cw_file/840801df4c9/d3c8c58b8d11f6b1a0bb0/muted_mp4_huge_size_1567683473_muted_huge.mp4","size":12979211},"high":{"url":"https://coub-anubis-a.akamaized.net/coub_storage/coub/simple/cw_file/840801df4c9/d3c8c58b8d11f6b1a0bb0/muted_mp4_big_size_1567683473_muted_big.mp4","size":9492849},"med":{"url":"https://coub-anubis-a.akamaized.net/coub_storage/coub/simple/cw_file/840801df4c9/d3c8c58b8d11f6b1a0bb0/muted_mp4_med_size_1567683473_muted_med.mp4","size":3273772}},"audio":{"high":{"url":"https://coub-anubis-a.akamaized.net/coub_storage/coub/simple/cw_looped_audio_high/77b5dde6946/ce29d1cad9ccf1daec861/1605396377_high_1445955581_high.mp3","size":2290833},"med":{"url":"https://coub-anubis-a.akamaized.net/coub_storage/coub/simple/cw_looped_audio_med/4c11c6b37dd/c15f91ad6fb5dd73cf242/1605396376_med_1445955581_med.mp3","size":1527221}}},"mobile":{"video":"https://coub-anubis-a.akamaized.net/coub_storage/coub/simple/cw_file/840801df4c9/d3c8c58b8d11f6b1a0bb0/muted_mp4_med_size_1567683473_muted_med.mp4","audio":["https://coub-anubis-a.akamaized.net/coub_storage/coub/simple/cw_looped_audio_med/4c11c6b37dd/c15f91ad6fb5dd73cf242/1605396376_med_1445955581_med.mp3"]},"share":{"default":"https://coub-anubis-a.akamaized.net/coub_storage/coub/simple/cw_video_for_sharing/82ba5784c75/789b3e428de2880b216be/1610278311_looped_1610278309.mp4"}},"audio_versions":{"template":"https://coub-anubis-a.akamaized.net/coub_storage/coub/simple/cw_audio/75962d4f406/3598c3cd465e0ebcf7867/mid_1406301919_1390826787_out.mp3","versions":["mid","low"]},"image_versions":{"template":"https://coub-anubis-a.akamaized.net/coub_storage/coub/simple/cw_image/75962d4f406/3598c3cd465e0ebcf7867/1409613983_1385449342_00063.jpg","versions":["micro","tiny","age_restricted","ios_large","ios_mosaic","big","med","small","pinterest"]},"first_frame_versions":{"template":"https://coub-anubis-a.akamaized.net/coub_storage/coub/simple/cw_timeline_pic/75962d4f406/3598c3cd465e0ebcf7867/%{version}_1409627041_1385449340_image.jpg","versions":["big","med","small","ios_large"]},"dimensions":{"big":[1280,958],"med":[640,478]},"site_w_h":[640,479],"page_w_h":[640,479],"site_w_h_small":[310,232],"size":[1280,958],"age_restricted":false,"age_restricted_by_admin":false,"not_safe_for_work":null,"allow_reuse":false,"dont_crop":false,"banned":false,"global_safe":false,"audio_file_url":"https://coub-anubis-a.akamaized.net/coub_storage/coub/simple/cw_audio/75962d4f406/3598c3cd465e0ebcf7867/low_1406301919_1390826787_out.mp3","external_download":{"type":"Youtube","service_name":"YouTube","url":"http://www.youtube.com/watch?v=09fuldBZ3DU","has_embed":true},"application":null,"channel":{"id":85339,"permalink":"mr.somebody","title":"MarkII","description":null,"followers_count":1532,"following_count":182,"avatar_versions":{"template":"https://coub-anubis-a.akamaized.net/coub_storage/channel/cw_avatar/25e02887898/04554dc24d61a896beee4/%{version}_1634838666_3bca01bc-ece9-4943-80f8-23c87ce0ef63.jpg","versions":["medium","medium_2x","profile_pic","profile_pic_new","profile_pic_new_2x","tiny","tiny_2x","small","small_2x","ios_large","ios_small"]}},"file":null,"picture":"https://coub-anubis-a.akamaized.net/coub_storage/coub/simple/cw_image/75962d4f406/3598c3cd465e0ebcf7867/1409613983_1385449342_00063.jpg","timeline_picture":"https://coub-anubis-a.akamaized.net/coub_storage/coub/simple/cw_timeline_pic/75962d4f406/3598c3cd465e0ebcf7867/ios_large_1409627041_1385449340_image.jpg","small_picture":"https://coub-anubis-a.akamaized.net/coub_storage/coub/simple/cw_image/75962d4f406/3598c3cd465e0ebcf7867/1409613983_1385449342_00063.jpg","sharing_picture":null,"percent_done":100,"tags":[],"categories":[{"id":8,"title":"Music","permalink":"music","subscriptions_count":10082461,"big_image_url":"https://coub-anubis-a.akamaized.net/coub_storage/category/cw_image/0327247c5ff/85914bdd8e1edc998c480/big_1544760089_Music3.png","small_image_url":"https://coub-anubis-a.akamaized.net/coub_storage/category/cw_image/0327247c5ff/85914bdd8e1edc998c480/small_1544760089_Music3.png","med_image_url":"https://coub-anubis-a.akamaized.net/coub_storage/category/cw_image/0327247c5ff/85914bdd8e1edc998c480/med_1544760089_Music3.png","visible":true}],"communities":[{"id":8,"title":"Music","permalink":"music","subscriptions_count":10082461,"big_image_url":"https://coub-anubis-a.akamaized.net/coub_storage/category/cw_image/0327247c5ff/85914bdd8e1edc998c480/big_1544760089_Music3.png","small_image_url":"https://coub-anubis-a.akamaized.net/coub_storage/category/cw_image/0327247c5ff/85914bdd8e1edc998c480/small_1544760089_Music3.png","med_image_url":"https://coub-anubis-a.akamaized.net/coub_storage/category/cw_image/0327247c5ff/85914bdd8e1edc998c480/med_1544760089_Music3.png","i_subscribed":true,"community_notifications_enabled":null,"description":null}],"recoubs_count":931,"remixes_count":0,"likes_count":4181,"dislikes_count":0,"raw_video_id":305168,"uploaded_by_ios_app":false,"uploaded_by_android_app":false,"media_blocks":{"uploaded_raw_videos":[],"external_raw_videos":[{"id":11098885,"title":"Заехал за сестрой","url":"http://www.youtube.com/watch?v=09fuldBZ3DU","image":"https://coub-anubis-a.akamaized.net/coub_storage/media_block/cw_image/3e3d145632b/15d199353e3d74e9ac76e/1492457146_1407444702_1395316914_xfndld_att-url-download.jpg","image_retina":"https://coub-anubis-a.akamaized.net/coub_storage/media_block/cw_image/3e3d145632b/15d199353e3d74e9ac76e/1492457146_1407444702_1395316914_xfndld_att-url-download.jpg","meta":{"service":"Youtube","duration":"21.4"},"duration":21.4,"raw_video_id":305168,"has_embed":true}],"remixed_from_coubs":[],"external_video":{"id":11098885,"title":"Заехал за сестрой","url":"http://www.youtube.com/watch?v=09fuldBZ3DU","image":"https://coub-anubis-a.akamaized.net/coub_storage/media_block/cw_image/3e3d145632b/15d199353e3d74e9ac76e/1492457146_1407444702_1395316914_xfndld_att-url-download.jpg","image_retina":"https://coub-anubis-a.akamaized.net/coub_storage/media_block/cw_image/3e3d145632b/15d199353e3d74e9ac76e/1492457146_1407444702_1395316914_xfndld_att-url-download.jpg","meta":{"service":"Youtube","duration":"21.4"},"duration":21.4,"raw_video_id":305168,"has_embed":true},"audio_track":{"id":19130708,"title":"Highlander (The One)","url":"https://geo.itunes.apple.com/us/album/highlander-the-one/id477363474?i=477363560&uo=4&at=10l5bB&app=music","image":"https://coub-anubis-a.akamaized.net/coub_storage/media_block/cw_image/d3eb4ddfb64/df473dd9fc1026e288744/1492049688_1407422165_1385449177_att-url-download20131126-15725-1pxwmwm.jpg","image_retina":"https://coub-anubis-a.akamaized.net/coub_storage/media_block/cw_image/d3eb4ddfb64/df473dd9fc1026e288744/1492049688_1407422165_1385449177_att-url-download20131126-15725-1pxwmwm.jpg","meta":{"year":null,"album":null,"title":"Highlander (The One)","artist":"Lost Horizon","echonest_id":null},"duration":null,"amazon_url":null,"google_play_url":null,"bandcamp_url":null,"soundcloud_url":null,"track_name":null,"track_artist":null,"track_album":null,"itunes_url":"https://geo.itunes.apple.com/us/album/highlander-the-one/id477363474?i=477363560&uo=4&at=10l5bB&app=music"}},"raw_video_thumbnail_url":"/missing/missing.png","raw_video_title":"Заехал за сестрой","video_block_banned":false,"duration":20.0,"promo_winner":false,"promo_winner_recoubers":null,"editorial_info":{},"promo_hint":null,"beeline_best_2014":null,"from_web_editor":true,"normalize_sound":true,"normalize_change_allowed":true,"best2015_addable":false,"ahmad_promo":null,"promo_data":null,"audio_copyright_claim":null,"ads_disabled":null,"is_safe_for_ads":true,"megafon_contents":[],"position_on_page":9},{"flag":null,"abuses":null,"recoubs_by_users_channels":null,"favourite":false,"promoted_id":null,"recoub":null,"like":null,"dislike":null,"reaction":null,"in_my_best2015":false,"id":151776889,"type":"Coub::Simple","permalink":"2i0mjj","title":"Musical Hammer","visibility_type":"public","original_visibility_type":"public","channel_id":3149466,"created_at":"2020-08-15T01:44:09Z","updated_at":"2022-03-16T01:52:26Z","is_done":true,"views_count":296358,"cotd":null,"cotd_at":null,"visible_on_explore_root":false,"visible_on_explore":false,"featured":false,"published":true,"published_at":"2020-08-15T01:44:09Z","reversed":false,"from_editor_v2":true,"is_editable":true,"original_sound":true,"has_sound":true,"recoub_to":null,"file_versions":{"html5":{"video":{"higher":{"url":"https://coub-anubis-a.akamaized.net/coub_storage/coub/simple/cw_file/5b22648d0ac/3a892a41a3d7681d18389/muted_mp4_huge_size_1597455855_muted_huge.mp4","size":1287050},"high":{"url":"https://coub-anubis-a.akamaized.net/coub_storage/coub/simple/cw_file/5b22648d0ac/3a892a41a3d7681d18389/muted_mp4_big_size_1597455855_muted_big.mp4","size":758484},"med":{"url":"https://coub-anubis-a.akamaized.net/coub_storage/coub/simple/cw_file/5b22648d0ac/3a892a41a3d7681d18389/muted_mp4_med_size_1597455855_muted_med.mp4","size":213778}},"audio":{"high":{"url":"https://coub-anubis-a.akamaized.net/coub_storage/coub/simple/cw_looped_audio_high/d70b69a0dcb/f6d35d4581fd822b0569c/1607323507_high_1597455855_high.mp3","size":932407},"med":{"url":"https://coub-anubis-a.akamaized.net/coub_storage/coub/simple/cw_looped_audio_med/d6eb87e8692/45578b374b30d6db0cb3a/1607323506_med_1597455855_med.mp3","size":805644},"sample_duration":10.101}},"mobile":{"video":"https://coub-anubis-a.akamaized.net/coub_storage/coub/simple/cw_file/5b22648d0ac/3a892a41a3d7681d18389/muted_mp4_med_size_1597455855_muted_med.mp4","audio":["https://coub-anubis-a.akamaized.net/coub_storage/coub/simple/cw_looped_audio_med/d6eb87e8692/45578b374b30d6db0cb3a/1607323506_med_1597455855_med.mp3"]},"share":{"default":"https://coub-anubis-a.akamaized.net/coub_storage/coub/simple/cw_video_for_sharing/5243a12ec32/c77b9b6f976ae2e1bca85/1608762687_looped_1608762687.mp4"}},"audio_versions":{},"image_versions":{"template":"https://coub-anubis-a.akamaized.net/coub_storage/coub/simple/cw_image/1ee430321c9/f2e5a7534c1bd2a697929/1597455860_00032.jpg","versions":["micro","tiny","age_restricted","ios_large","ios_mosaic","big","med","small","pinterest"]},"first_frame_versions":{"template":"https://coub-anubis-a.akamaized.net/coub_storage/coub/simple/cw_timeline_pic/02a8f3b580a/42989b8eda963ff20805a/%{version}_1597455860_image.jpg","versions":["big","med","small","ios_large"]},"dimensions":{"big":[538,960],"med":[268,480]},"site_w_h":[224,400],"page_w_h":[400,714],"site_w_h_small":[310,553],"size":[538,960],"age_restricted":false,"age_restricted_by_admin":false,"not_safe_for_work":false,"allow_reuse":false,"dont_crop":false,"banned":false,"global_safe":null,"audio_file_url":null,"external_download":{"type":"Imgur","service_name":"Imgur","url":"https://imgur.com/gallery/SnIJklB","has_embed":false},"application":null,"channel":{"id":3149466,"permalink":"yourlife","title":"YOUR LIFE","description":"This is your life","followers_count":1122,"following_count":1,"avatar_versions":{"template":"https://coub-anubis-a.akamaized.net/coub_storage/channel/cw_avatar/2514ee51fe1/c50094f1dc12e04d1ec25/%{version}_1607419496_nx6s25_1546118736_EEEE.png","versions":["medium","medium_2x","profile_pic","profile_pic_new","profile_pic_new_2x","tiny","tiny_2x","small","small_2x","ios_large","ios_small"]}},"file":null,"picture":"https://coub-anubis-a.akamaized.net/coub_storage/coub/simple/cw_image/1ee430321c9/f2e5a7534c1bd2a697929/1597455860_00032.jpg","timeline_picture":"https://coub-anubis-a.akamaized.net/coub_storage/coub/simple/cw_timeline_pic/02a8f3b580a/42989b8eda963ff20805a/ios_large_1597455860_image.jpg","small_picture":"https://coub-anubis-a.akamaized.net/coub_storage/coub/simple/cw_image/1ee430321c9/f2e5a7534c1bd2a697929/1597455860_00032.jpg","sharing_picture":null,"percent_done":100,"tags":[{"id":5842158,"title":"musical hammer","value":"musical%20hammer"},{"id":4918,"title":"hammer","value":"hammer"},{"id":17152,"title":"musical","value":"musical"},{"id":1160,"title":"музыка","value":"%D0%BC%D1%83%D0%B7%D1%8B%D0%BA%D0%B0"},{"id":5842159,"title":"музыкальный молоток","value":"%D0%BC%D1%83%D0%B7%D1%8B%D0%BA%D0%B0%D0%BB%D1%8C%D0%BD%D1%8B%D0%B9%20%D0%BC%D0%BE%D0%BB%D0%BE%D1%82%D0%BE%D0%BA"},{"id":78618,"title":"молоток","value":"%D0%BC%D0%BE%D0%BB%D0%BE%D1%82%D0%BE%D0%BA"},{"id":162856,"title":"клавиши","value":"%D0%BA%D0%BB%D0%B0%D0%B2%D0%B8%D1%88%D0%B8"},{"id":11673,"title":"пианино","value":"%D0%BF%D0%B8%D0%B0%D0%BD%D0%B8%D0%BD%D0%BE"},{"id":5842160,"title":"йоника","value":"%D0%B9%D0%BE%D0%BD%D0%B8%D0%BA%D0%B0"}],"categories":[{"id":8,"title":"Music","permalink":"music","subscriptions_count":10082461,"big_image_url":"https://coub-anubis-a.akamaized.net/coub_storage/category/cw_image/0327247c5ff/85914bdd8e1edc998c480/big_1544760089_Music3.png","small_image_url":"https://coub-anubis-a.akamaized.net/coub_storage/category/cw_image/0327247c5ff/85914bdd8e1edc998c480/small_1544760089_Music3.png","med_image_url":"https://coub-anubis-a.akamaized.net/coub_storage/category/cw_image/0327247c5ff/85914bdd8e1edc998c480/med_1544760089_Music3.png","visible":true}],"communities":[{"id":8,"title":"Music","permalink":"music","subscriptions_count":10082461,"big_image_url":"https://coub-anubis-a.akamaized.net/coub_storage/category/cw_image/0327247c5ff/85914bdd8e1edc998c480/big_1544760089_Music3.png","small_image_url":"https://coub-anubis-a.akamaized.net/coub_storage/category/cw_image/0327247c5ff/85914bdd8e1edc998c480/small_1544760089_Music3.png","med_image_url":"https://coub-anubis-a.akamaized.net/coub_storage/category/cw_image/0327247c5ff/85914bdd8e1edc998c480/med_1544760089_Music3.png","i_subscribed":true,"community_notifications_enabled":null,"description":null}],"recoubs_count":757,"remixes_count":0,"likes_count":4174,"dislikes_count":0,"raw_video_id":15567437,"uploaded_by_ios_app":false,"uploaded_by_android_app":false,"media_blocks":{"uploaded_raw_videos":[],"external_raw_videos":[{"id":36681001,"title":"Imgur","url":"https://imgur.com/gallery/SnIJklB","image":null,"image_retina":null,"meta":{"service":"Imgur","duration":"18.08"},"duration":18.08,"raw_video_id":15567437,"has_embed":false}],"remixed_from_coubs":[],"external_video":{"id":36681001,"title":"Imgur","url":"https://imgur.com/gallery/SnIJklB","image":null,"image_retina":null,"meta":{"service":"Imgur","duration":"18.08"},"duration":18.08,"raw_video_id":15567437,"has_embed":false}},"raw_video_thumbnail_url":"/missing/missing.png","raw_video_title":"Imgur","video_block_banned":false,"duration":10.0,"promo_winner":false,"promo_winner_recoubers":null,"editorial_info":{},"promo_hint":null,"beeline_best_2014":null,"from_web_editor":true,"normalize_sound":true,"normalize_change_allowed":true,"best2015_addable":false,"ahmad_promo":null,"promo_data":null,"audio_copyright_claim":null,"ads_disabled":false,"is_safe_for_ads":true,"megafon_contents":[],"position_on_page":10}]}