{"page":463,"per_page":10,"total_pages":500,"coubs":[{"flag":null,"abuses":null,"recoubs_by_users_channels":null,"favourite":false,"promoted_id":null,"recoub":null,"like":null,"dislike":null,"reaction":null,"in_my_best2015":false,"id":169902436,"type":"Coub::Simple","permalink":"2st4fe","title":"20th  CENTURY FOX","visibility_type":"public","original_visibility_type":"public","channel_id":5166119,"created_at":"2021-06-03T19:03:06Z","updated_at":"2022-03-16T06:59:53Z","is_done":true,"views_count":65601,"cotd":null,"cotd_at":null,"visible_on_explore_root":false,"visible_on_explore":false,"featured":false,"published":true,"published_at":"2021-06-03T19:03:06Z","reversed":false,"from_editor_v2":true,"is_editable":true,"original_sound":true,"has_sound":true,"recoub_to":null,"file_versions":{"html5":{"video":{"higher":{"url":"https://coub-anubis-a.akamaized.net/coub_storage/coub/simple/cw_file/454d9f982dd/87241a99972046ff90343/muted_mp4_huge_size_1622746989_muted_huge.mp4","size":2679867},"high":{"url":"https://coub-anubis-a.akamaized.net/coub_storage/coub/simple/cw_file/454d9f982dd/87241a99972046ff90343/muted_mp4_big_size_1622746989_muted_big.mp4","size":1614411},"med":{"url":"https://coub-anubis-a.akamaized.net/coub_storage/coub/simple/cw_file/454d9f982dd/87241a99972046ff90343/muted_mp4_med_size_1622746989_muted_med.mp4","size":533697}},"audio":{"high":{"url":"https://coub-anubis-a.akamaized.net/coub_storage/coub/simple/cw_looped_audio_high/0629bf15d22/06421b21dd10bf4960049/1622746991_mp3-high.mp3","size":846033},"med":{"url":"https://coub-anubis-a.akamaized.net/coub_storage/coub/simple/cw_looped_audio_med/f5db19c9fe5/01cba4f60c463d179f10a/1622746990_mp3-med.mp3","size":780564},"sample_duration":10.008}},"mobile":{"video":"https://coub-anubis-a.akamaized.net/coub_storage/coub/simple/cw_file/454d9f982dd/87241a99972046ff90343/muted_mp4_med_size_1622746989_muted_med.mp4","audio":["https://coub-anubis-a.akamaized.net/coub_storage/coub/simple/cw_looped_audio_med/f5db19c9fe5/01cba4f60c463d179f10a/1622746990_mp3-med.mp3"]},"share":{"default":"https://coub-anubis-a.akamaized.net/coub_storage/coub/simple/cw_video_for_sharing/673ff5fdf2d/cb9917dbbab6dd878c28c/1622747018_looped_1622747017.mp4"}},"audio_versions":{},"image_versions":{"template":"https://coub-anubis-a.akamaized.net/coub_storage/coub/simple/cw_image/2c774e12469/c5a5899ec78713c55d99e/%{version}_1622746996_00032.jpg","versions":["micro","tiny","age_restricted","ios_large","ios_mosaic","big","med","small","pinterest"]},"first_frame_versions":{"template":"https://coub-anubis-a.akamaized.net/coub_storage/coub/simple/cw_timeline_pic/bc67105c4d4/a808d8f00931146903cf4/%{version}_1622746995_image.jpg","versions":["big","med","small","ios_large"]},"dimensions":{"big":[1280,720],"med":[640,360]},"site_w_h":[640,360],"page_w_h":[640,360],"site_w_h_small":[310,174],"size":[1280,720],"age_restricted":false,"age_restricted_by_admin":false,"not_safe_for_work":false,"allow_reuse":false,"dont_crop":true,"banned":false,"global_safe":null,"audio_file_url":null,"external_download":{"type":"Facebook","service_name":"Facebook","url":"https://www.facebook.com/shahin.ahmedzade.35/videos/1567269690145046/?sfnsn=mo","has_embed":false},"application":null,"channel":{"id":5166119,"permalink":"boomkiboomki","title":"❤️Mega❤️Video❤️","description":null,"followers_count":79,"following_count":45,"avatar_versions":{"template":"https://coub-anubis-a.akamaized.net/coub_storage/channel/cw_avatar/777815e9aa8/deab5347705796f150395/%{version}_1644748788_cropped.jpeg","versions":["medium","medium_2x","profile_pic","profile_pic_new","profile_pic_new_2x","tiny","tiny_2x","small","small_2x","ios_large","ios_small"]}},"file":null,"picture":"https://coub-anubis-a.akamaized.net/coub_storage/coub/simple/cw_image/2c774e12469/c5a5899ec78713c55d99e/med_1622746996_00032.jpg","timeline_picture":"https://coub-anubis-a.akamaized.net/coub_storage/coub/simple/cw_timeline_pic/bc67105c4d4/a808d8f00931146903cf4/ios_large_1622746995_image.jpg","small_picture":"https://coub-anubis-a.akamaized.net/coub_storage/coub/simple/cw_image/2c774e12469/c5a5899ec78713c55d99e/ios_mosaic_1622746996_00032.jpg","sharing_picture":null,"percent_done":100,"tags":[{"id":37849,"title":"20th","value":"20th"},{"id":37848,"title":"century","value":"century"},{"id":319,"title":"fox","value":"fox"}],"categories":[{"id":8,"title":"Music","permalink":"music","subscriptions_count":10082461,"big_image_url":"https://coub-anubis-a.akamaized.net/coub_storage/category/cw_image/0327247c5ff/85914bdd8e1edc998c480/big_1544760089_Music3.png","small_image_url":"https://coub-anubis-a.akamaized.net/coub_storage/category/cw_image/0327247c5ff/85914bdd8e1edc998c480/small_1544760089_Music3.png","med_image_url":"https://coub-anubis-a.akamaized.net/coub_storage/category/cw_image/0327247c5ff/85914bdd8e1edc998c480/med_1544760089_Music3.png","visible":true}],"communities":[{"id":8,"title":"Music","permalink":"music","subscriptions_count":10082461,"big_image_url":"https://coub-anubis-a.akamaized.net/coub_storage/category/cw_image/0327247c5ff/85914bdd8e1edc998c480/big_1544760089_Music3.png","small_image_url":"https://coub-anubis-a.akamaized.net/coub_storage/category/cw_image/0327247c5ff/85914bdd8e1edc998c480/small_1544760089_Music3.png","med_image_url":"https://coub-anubis-a.akamaized.net/coub_storage/category/cw_image/0327247c5ff/85914bdd8e1edc998c480/med_1544760089_Music3.png","i_subscribed":true,"community_notifications_enabled":null,"description":null}],"recoubs_count":152,"remixes_count":0,"likes_count":947,"dislikes_count":0,"raw_video_id":16497984,"uploaded_by_ios_app":false,"uploaded_by_android_app":true,"media_blocks":{"uploaded_raw_videos":[],"external_raw_videos":[{"id":39002074,"title":"Facebook video #1567269690145046","url":"https://www.facebook.com/shahin.ahmedzade.35/videos/1567269690145046","image":"https://coub-anubis-a.akamaized.net/coub_storage/media_block/cw_image/829db1b60cc/fe7e6d2fef1198b48029e/video_1622746798_4o826m_1622746790_fb6xvq_att-url-download.xx_oh_9e546e962d5353ebb337668bb339cf09_oe_60BEBEB7","image_retina":"https://coub-anubis-a.akamaized.net/coub_storage/media_block/cw_image/829db1b60cc/fe7e6d2fef1198b48029e/video_retina_1622746798_4o826m_1622746790_fb6xvq_att-url-download.xx_oh_9e546e962d5353ebb337668bb339cf09_oe_60BEBEB7","meta":{"service":"Facebook","duration":"15.4"},"duration":15.4,"raw_video_id":16497984,"has_embed":false}],"remixed_from_coubs":[],"external_video":{"id":39002074,"title":"Facebook video #1567269690145046","url":"https://www.facebook.com/shahin.ahmedzade.35/videos/1567269690145046","image":"https://coub-anubis-a.akamaized.net/coub_storage/media_block/cw_image/829db1b60cc/fe7e6d2fef1198b48029e/video_1622746798_4o826m_1622746790_fb6xvq_att-url-download.xx_oh_9e546e962d5353ebb337668bb339cf09_oe_60BEBEB7","image_retina":"https://coub-anubis-a.akamaized.net/coub_storage/media_block/cw_image/829db1b60cc/fe7e6d2fef1198b48029e/video_retina_1622746798_4o826m_1622746790_fb6xvq_att-url-download.xx_oh_9e546e962d5353ebb337668bb339cf09_oe_60BEBEB7","meta":{"service":"Facebook","duration":"15.4"},"duration":15.4,"raw_video_id":16497984,"has_embed":false}},"raw_video_thumbnail_url":"https://coub-anubis-a.akamaized.net/coub_storage/raw_video/cw_image/cc53811d9fc/7d6dda0e892c5ac161960/coub_media_1622746790_1622746790_fb6xvq_att-url-download.xx_oh_9e546e962d5353ebb337668bb339cf09_oe_60BEBEB7","raw_video_title":"Facebook video #1567269690145046","video_block_banned":false,"duration":10.0,"promo_winner":false,"promo_winner_recoubers":null,"editorial_info":{},"promo_hint":null,"beeline_best_2014":null,"from_web_editor":false,"normalize_sound":true,"normalize_change_allowed":true,"best2015_addable":false,"ahmad_promo":null,"promo_data":null,"audio_copyright_claim":null,"ads_disabled":false,"is_safe_for_ads":true,"megafon_contents":[],"position_on_page":1},{"flag":null,"abuses":null,"recoubs_by_users_channels":null,"favourite":false,"promoted_id":null,"recoub":null,"like":null,"dislike":null,"reaction":null,"in_my_best2015":false,"id":105265870,"type":"Coub::Simple","permalink":"1q9kya","title":"WAX - Rosana","visibility_type":"public","original_visibility_type":"public","channel_id":4548167,"created_at":"2019-03-13T20:18:54Z","updated_at":"2022-03-05T13:18:13Z","is_done":true,"views_count":64624,"cotd":null,"cotd_at":null,"visible_on_explore_root":false,"visible_on_explore":false,"featured":false,"published":true,"published_at":"2019-03-13T20:18:54Z","reversed":false,"from_editor_v2":true,"is_editable":true,"original_sound":true,"has_sound":true,"recoub_to":null,"file_versions":{"html5":{"video":{"higher":{"url":"https://coub-anubis-a.akamaized.net/coub_storage/coub/simple/cw_file/99453a41215/cf7893bdd58c19ef42990/muted_mp4_huge_size_1570826523_muted_huge.mp4","size":3408843},"high":{"url":"https://coub-anubis-a.akamaized.net/coub_storage/coub/simple/cw_file/99453a41215/cf7893bdd58c19ef42990/muted_mp4_big_size_1570826523_muted_big.mp4","size":2306711},"med":{"url":"https://coub-anubis-a.akamaized.net/coub_storage/coub/simple/cw_file/99453a41215/cf7893bdd58c19ef42990/muted_mp4_med_size_1570826523_muted_med.mp4","size":815854}},"audio":{"high":{"url":"https://coub-anubis-a.akamaized.net/coub_storage/coub/simple/cw_looped_audio_high/2708f67fd5b/cd54ac5e18047db637910/1605677712_high_1552508349_high.mp3","size":1319436},"med":{"url":"https://coub-anubis-a.akamaized.net/coub_storage/coub/simple/cw_looped_audio_med/00f6b5c65e7/8a666e2b65283f81db50e/1605677711_med_1552508349_med.mp3","size":956702},"sample_duration":9.984}},"mobile":{"video":"https://coub-anubis-a.akamaized.net/coub_storage/coub/simple/cw_file/99453a41215/cf7893bdd58c19ef42990/muted_mp4_med_size_1570826523_muted_med.mp4","audio":["https://coub-anubis-a.akamaized.net/coub_storage/coub/simple/cw_looped_audio_med/00f6b5c65e7/8a666e2b65283f81db50e/1605677711_med_1552508349_med.mp3"]},"share":{"default":"https://coub-anubis-a.akamaized.net/coub_storage/coub/simple/cw_video_for_sharing/d4d67b4de62/dea6a004e226c96da2826/1608541453_looped_1608541451.mp4"}},"audio_versions":{},"image_versions":{"template":"https://coub-anubis-a.akamaized.net/coub_storage/coub/simple/cw_image/1bc1f79b291/181ce5c23a7dee4b4ecc1/1552508356_00032.jpg","versions":["micro","tiny","age_restricted","ios_large","ios_mosaic","big","med","small","pinterest"]},"first_frame_versions":{"template":"https://coub-anubis-a.akamaized.net/coub_storage/coub/simple/cw_timeline_pic/6a3cacbda93/1221d03eed0ae0b6e3113/%{version}_1552508356_image.jpg","versions":["big","med","small","ios_large"]},"dimensions":{"big":[1280,720],"med":[640,360]},"site_w_h":[640,360],"page_w_h":[640,360],"site_w_h_small":[310,174],"size":[1280,720],"age_restricted":false,"age_restricted_by_admin":false,"not_safe_for_work":false,"allow_reuse":false,"dont_crop":false,"banned":false,"global_safe":true,"audio_file_url":null,"external_download":{"type":"Youtube","service_name":"YouTube","url":"https://www.youtube.com/watch?v=THLBrLAriZk","has_embed":true},"application":null,"channel":{"id":4548167,"permalink":"mmlinko0","title":"mmlinko","description":null,"followers_count":28,"following_count":13,"avatar_versions":{"template":"https://coub-anubis-a.akamaized.net/coub_storage/channel/cw_avatar/4b4cacad5a0/7a2d693ed2cbb88701e45/%{version}_1607426726_1110vi2_1529750542_f0exgx_100001138450061.jpg","versions":["medium","medium_2x","profile_pic","profile_pic_new","profile_pic_new_2x","tiny","tiny_2x","small","small_2x","ios_large","ios_small"]}},"file":null,"picture":"https://coub-anubis-a.akamaized.net/coub_storage/coub/simple/cw_image/1bc1f79b291/181ce5c23a7dee4b4ecc1/1552508356_00032.jpg","timeline_picture":"https://coub-anubis-a.akamaized.net/coub_storage/coub/simple/cw_timeline_pic/6a3cacbda93/1221d03eed0ae0b6e3113/ios_large_1552508356_image.jpg","small_picture":"https://coub-anubis-a.akamaized.net/coub_storage/coub/simple/cw_image/1bc1f79b291/181ce5c23a7dee4b4ecc1/1552508356_00032.jpg","sharing_picture":null,"percent_done":100,"tags":[{"id":175221,"title":"untouchable","value":"untouchable"},{"id":183,"title":"girl","value":"girl"},{"id":683999,"title":"girl girls beautiful sexy","value":"girl%20girls%20beautiful%20sexy"},{"id":86,"title":"music","value":"music"},{"id":85008,"title":"wax","value":"wax"},{"id":327072,"title":"rosana","value":"rosana"},{"id":18560,"title":"cleaning","value":"cleaning"},{"id":11682,"title":"mexican","value":"mexican"},{"id":4766495,"title":"mexican_music","value":"mexican_music"}],"categories":[{"id":8,"title":"Music","permalink":"music","subscriptions_count":10082461,"big_image_url":"https://coub-anubis-a.akamaized.net/coub_storage/category/cw_image/0327247c5ff/85914bdd8e1edc998c480/big_1544760089_Music3.png","small_image_url":"https://coub-anubis-a.akamaized.net/coub_storage/category/cw_image/0327247c5ff/85914bdd8e1edc998c480/small_1544760089_Music3.png","med_image_url":"https://coub-anubis-a.akamaized.net/coub_storage/category/cw_image/0327247c5ff/85914bdd8e1edc998c480/med_1544760089_Music3.png","visible":true}],"communities":[{"id":8,"title":"Music","permalink":"music","subscriptions_count":10082461,"big_image_url":"https://coub-anubis-a.akamaized.net/coub_storage/category/cw_image/0327247c5ff/85914bdd8e1edc998c480/big_1544760089_Music3.png","small_image_url":"https://coub-anubis-a.akamaized.net/coub_storage/category/cw_image/0327247c5ff/85914bdd8e1edc998c480/small_1544760089_Music3.png","med_image_url":"https://coub-anubis-a.akamaized.net/coub_storage/category/cw_image/0327247c5ff/85914bdd8e1edc998c480/med_1544760089_Music3.png","i_subscribed":true,"community_notifications_enabled":null,"description":null}],"recoubs_count":184,"remixes_count":0,"likes_count":947,"dislikes_count":0,"raw_video_id":13369999,"uploaded_by_ios_app":false,"uploaded_by_android_app":false,"media_blocks":{"uploaded_raw_videos":[],"external_raw_videos":[{"id":30900109,"title":"WAX - Rosana","url":"https://www.youtube.com/watch?v=THLBrLAriZk","image":"https://coub-anubis-a.akamaized.net/coub_storage/media_block/cw_image/1e83e0a3ed1/5e11d51a8b2483d276435/1552508117_1xmrov3_1552508088_1avu2lb_att-url-download.jpg","image_retina":"https://coub-anubis-a.akamaized.net/coub_storage/media_block/cw_image/1e83e0a3ed1/5e11d51a8b2483d276435/1552508117_1xmrov3_1552508088_1avu2lb_att-url-download.jpg","meta":{"service":"Youtube","duration":"233.04"},"duration":233.04,"raw_video_id":13369999,"has_embed":true}],"remixed_from_coubs":[],"external_video":{"id":30900109,"title":"WAX - Rosana","url":"https://www.youtube.com/watch?v=THLBrLAriZk","image":"https://coub-anubis-a.akamaized.net/coub_storage/media_block/cw_image/1e83e0a3ed1/5e11d51a8b2483d276435/1552508117_1xmrov3_1552508088_1avu2lb_att-url-download.jpg","image_retina":"https://coub-anubis-a.akamaized.net/coub_storage/media_block/cw_image/1e83e0a3ed1/5e11d51a8b2483d276435/1552508117_1xmrov3_1552508088_1avu2lb_att-url-download.jpg","meta":{"service":"Youtube","duration":"233.04"},"duration":233.04,"raw_video_id":13369999,"has_embed":true}},"raw_video_thumbnail_url":"/missing/missing.png","raw_video_title":"WAX - Rosana","video_block_banned":false,"duration":10.0,"promo_winner":false,"promo_winner_recoubers":null,"editorial_info":{},"promo_hint":null,"beeline_best_2014":null,"from_web_editor":true,"normalize_sound":true,"normalize_change_allowed":true,"best2015_addable":false,"ahmad_promo":null,"promo_data":null,"audio_copyright_claim":null,"ads_disabled":false,"is_safe_for_ads":true,"megafon_contents":[],"position_on_page":2},{"flag":null,"abuses":null,"recoubs_by_users_channels":null,"favourite":false,"promoted_id":null,"recoub":null,"like":null,"dislike":null,"reaction":null,"in_my_best2015":false,"id":4126764,"type":"Coub::Simple","permalink":"20auo","title":"Hello my baby, Hello my Honey","visibility_type":"public","original_visibility_type":"public","channel_id":491039,"created_at":"2014-06-08T09:47:02Z","updated_at":"2022-02-14T12:00:26Z","is_done":true,"views_count":48207,"cotd":null,"cotd_at":null,"visible_on_explore_root":false,"visible_on_explore":false,"featured":false,"published":true,"published_at":"2014-06-08T09:47:02Z","reversed":false,"from_editor_v2":true,"is_editable":true,"original_sound":true,"has_sound":true,"recoub_to":null,"file_versions":{"html5":{"video":{"higher":{"url":"https://coub-anubis-a.akamaized.net/coub_storage/coub/simple/cw_file/35f292c0759/0cf49f3ea7b727a2404ba/muted_mp4_huge_size_1567715795_muted_huge.mp4","size":4305642},"high":{"url":"https://coub-anubis-a.akamaized.net/coub_storage/coub/simple/cw_file/35f292c0759/0cf49f3ea7b727a2404ba/muted_mp4_big_size_1567715795_muted_big.mp4","size":2983118},"med":{"url":"https://coub-anubis-a.akamaized.net/coub_storage/coub/simple/cw_file/35f292c0759/0cf49f3ea7b727a2404ba/muted_mp4_med_size_1567715795_muted_med.mp4","size":943824}},"audio":{"high":{"url":"https://coub-anubis-a.akamaized.net/coub_storage/coub/simple/cw_looped_audio_high/1a977b45241/f8e2e45cbd11fbbf47c7c/1605430123_high_1445988706_high.mp3","size":1346663},"med":{"url":"https://coub-anubis-a.akamaized.net/coub_storage/coub/simple/cw_looped_audio_med/b01b7e24798/ed446c45c74bd1c8f818b/1605430122_med_1445988706_med.mp3","size":897775},"sample_duration":9.378}},"mobile":{"video":"https://coub-anubis-a.akamaized.net/coub_storage/coub/simple/cw_file/35f292c0759/0cf49f3ea7b727a2404ba/muted_mp4_med_size_1567715795_muted_med.mp4","audio":["https://coub-anubis-a.akamaized.net/coub_storage/coub/simple/cw_looped_audio_med/b01b7e24798/ed446c45c74bd1c8f818b/1605430122_med_1445988706_med.mp3"]},"share":{"default":"https://coub-anubis-a.akamaized.net/coub_storage/coub/simple/cw_video_for_sharing/70fc2c86dd4/89ba2b67ecc12730c77b8/1611083313_looped_1611083312.mp4"}},"audio_versions":{},"image_versions":{"template":"https://coub-anubis-a.akamaized.net/coub_storage/coub/simple/cw_image/82b1473c1b9/5f69ebceead8f85cb90e6/1443478483_00030.jpg","versions":["micro","tiny","age_restricted","ios_large","ios_mosaic","big","med","small","pinterest"]},"first_frame_versions":{"template":"https://coub-anubis-a.akamaized.net/coub_storage/coub/simple/cw_timeline_pic/82b1473c1b9/5f69ebceead8f85cb90e6/%{version}_1443478483_image.jpg","versions":["big","med","small","ios_large"]},"dimensions":{"big":[1254,960],"med":[626,480]},"site_w_h":[640,490],"page_w_h":[640,490],"site_w_h_small":[310,237],"size":[1254,960],"age_restricted":false,"age_restricted_by_admin":false,"not_safe_for_work":null,"allow_reuse":false,"dont_crop":false,"banned":false,"global_safe":true,"audio_file_url":null,"external_download":{"type":"Youtube","service_name":"YouTube","url":"http://www.youtube.com/watch?v=MsROL4Kf8QY","has_embed":true},"application":null,"channel":{"id":491039,"permalink":"sadfsavfsd","title":"Aleksandr Buzhenko","description":null,"followers_count":8,"following_count":16,"avatar_versions":{"template":"https://coub-anubis-a.akamaized.net/coub_storage/channel/cw_avatar/81e7a521e58/981a3477e579846ccbd5f/%{version}_1474510665_1emvh97_att-url-download.jpg","versions":["medium","medium_2x","profile_pic","profile_pic_new","profile_pic_new_2x","tiny","tiny_2x","small","small_2x","ios_large","ios_small"]}},"file":null,"picture":"https://coub-anubis-a.akamaized.net/coub_storage/coub/simple/cw_image/82b1473c1b9/5f69ebceead8f85cb90e6/1443478483_00030.jpg","timeline_picture":"https://coub-anubis-a.akamaized.net/coub_storage/coub/simple/cw_timeline_pic/82b1473c1b9/5f69ebceead8f85cb90e6/ios_large_1443478483_image.jpg","small_picture":"https://coub-anubis-a.akamaized.net/coub_storage/coub/simple/cw_image/82b1473c1b9/5f69ebceead8f85cb90e6/1443478483_00030.jpg","sharing_picture":null,"percent_done":100,"tags":[{"id":433434,"title":"singing frog","value":"singing%20frog"},{"id":82632,"title":"looney tunes","value":"looney%20tunes"},{"id":16522,"title":"perform","value":"perform"},{"id":407279,"title":"michigan j frog","value":"michigan%20j%20frog"}],"categories":[{"id":8,"title":"Music","permalink":"music","subscriptions_count":10082461,"big_image_url":"https://coub-anubis-a.akamaized.net/coub_storage/category/cw_image/0327247c5ff/85914bdd8e1edc998c480/big_1544760089_Music3.png","small_image_url":"https://coub-anubis-a.akamaized.net/coub_storage/category/cw_image/0327247c5ff/85914bdd8e1edc998c480/small_1544760089_Music3.png","med_image_url":"https://coub-anubis-a.akamaized.net/coub_storage/category/cw_image/0327247c5ff/85914bdd8e1edc998c480/med_1544760089_Music3.png","visible":true}],"communities":[{"id":8,"title":"Music","permalink":"music","subscriptions_count":10082461,"big_image_url":"https://coub-anubis-a.akamaized.net/coub_storage/category/cw_image/0327247c5ff/85914bdd8e1edc998c480/big_1544760089_Music3.png","small_image_url":"https://coub-anubis-a.akamaized.net/coub_storage/category/cw_image/0327247c5ff/85914bdd8e1edc998c480/small_1544760089_Music3.png","med_image_url":"https://coub-anubis-a.akamaized.net/coub_storage/category/cw_image/0327247c5ff/85914bdd8e1edc998c480/med_1544760089_Music3.png","i_subscribed":true,"community_notifications_enabled":null,"description":null}],"recoubs_count":6,"remixes_count":0,"likes_count":947,"dislikes_count":0,"raw_video_id":68253,"uploaded_by_ios_app":false,"uploaded_by_android_app":false,"media_blocks":{"uploaded_raw_videos":[],"external_raw_videos":[{"id":10961096,"title":"The Singing Frog Part 1","url":"http://www.youtube.com/watch?v=MsROL4Kf8QY","image":"https://coub-anubis-a.akamaized.net/coub_storage/media_block/cw_image/69422115c64/e97114c8d309b96c63665/1492448057_1407439909_1395322418_cy0nh4_att-url-download.jpg","image_retina":"https://coub-anubis-a.akamaized.net/coub_storage/media_block/cw_image/69422115c64/e97114c8d309b96c63665/1492448057_1407439909_1395322418_cy0nh4_att-url-download.jpg","meta":{"service":"Youtube","duration":"43.44"},"duration":43.44,"raw_video_id":68253,"has_embed":true}],"remixed_from_coubs":[],"external_video":{"id":10961096,"title":"The Singing Frog Part 1","url":"http://www.youtube.com/watch?v=MsROL4Kf8QY","image":"https://coub-anubis-a.akamaized.net/coub_storage/media_block/cw_image/69422115c64/e97114c8d309b96c63665/1492448057_1407439909_1395322418_cy0nh4_att-url-download.jpg","image_retina":"https://coub-anubis-a.akamaized.net/coub_storage/media_block/cw_image/69422115c64/e97114c8d309b96c63665/1492448057_1407439909_1395322418_cy0nh4_att-url-download.jpg","meta":{"service":"Youtube","duration":"43.44"},"duration":43.44,"raw_video_id":68253,"has_embed":true}},"raw_video_thumbnail_url":"/missing/missing.png","raw_video_title":"The Singing Frog Part 1","video_block_banned":false,"duration":9.36,"promo_winner":false,"promo_winner_recoubers":null,"editorial_info":{},"promo_hint":null,"beeline_best_2014":null,"from_web_editor":true,"normalize_sound":true,"normalize_change_allowed":true,"best2015_addable":false,"ahmad_promo":null,"promo_data":null,"audio_copyright_claim":null,"ads_disabled":null,"is_safe_for_ads":true,"megafon_contents":[],"position_on_page":3},{"flag":null,"abuses":null,"recoubs_by_users_channels":null,"favourite":false,"promoted_id":null,"recoub":null,"like":null,"dislike":null,"reaction":null,"in_my_best2015":false,"id":165267895,"type":"Coub::Simple","permalink":"2q1sd5","title":"The Wellerman (Gingertail Cover)","visibility_type":"public","original_visibility_type":"public","channel_id":4584024,"created_at":"2021-03-13T17:54:23Z","updated_at":"2022-03-15T19:18:50Z","is_done":true,"views_count":88026,"cotd":null,"cotd_at":null,"visible_on_explore_root":true,"visible_on_explore":true,"featured":true,"published":true,"published_at":"2021-03-13T17:54:23Z","reversed":false,"from_editor_v2":true,"is_editable":true,"original_sound":true,"has_sound":true,"recoub_to":null,"file_versions":{"html5":{"video":{"higher":{"url":"https://coub-anubis-a.akamaized.net/coub_storage/coub/simple/cw_file/46dbbf92317/8495e29ae4562391e1104/muted_mp4_huge_size_1615658124_muted_huge.mp4","size":2991204},"high":{"url":"https://coub-anubis-a.akamaized.net/coub_storage/coub/simple/cw_file/46dbbf92317/8495e29ae4562391e1104/muted_mp4_big_size_1615658124_muted_big.mp4","size":1966585},"med":{"url":"https://coub-anubis-a.akamaized.net/coub_storage/coub/simple/cw_file/46dbbf92317/8495e29ae4562391e1104/muted_mp4_med_size_1615658124_muted_med.mp4","size":606947}},"audio":{"high":{"url":"https://coub-anubis-a.akamaized.net/coub_storage/coub/simple/cw_looped_audio_high/83930a19dfe/c65e1674c7a34a0a65ad2/1615658127_mp3-high.mp3","size":1222127},"med":{"url":"https://coub-anubis-a.akamaized.net/coub_storage/coub/simple/cw_looped_audio_med/c7e44804135/5c412487015f6e03e9300/1615658126_mp3-med.mp3","size":952949},"sample_duration":9.961}},"mobile":{"video":"https://coub-anubis-a.akamaized.net/coub_storage/coub/simple/cw_file/46dbbf92317/8495e29ae4562391e1104/muted_mp4_med_size_1615658124_muted_med.mp4","audio":["https://coub-anubis-a.akamaized.net/coub_storage/coub/simple/cw_looped_audio_med/c7e44804135/5c412487015f6e03e9300/1615658126_mp3-med.mp3"]},"share":{"default":"https://coub-anubis-a.akamaized.net/coub_storage/coub/simple/cw_video_for_sharing/68bb54ea7b1/136636873f7520032452a/1615658170_looped_1615658169.mp4"}},"audio_versions":{},"image_versions":{"template":"https://coub-anubis-a.akamaized.net/coub_storage/coub/simple/cw_image/1d0a4dcc02d/873c6abf52a3699fef837/%{version}_1615658138_00032.jpg","versions":["micro","tiny","age_restricted","ios_large","ios_mosaic","big","med","small","pinterest"]},"first_frame_versions":{"template":"https://coub-anubis-a.akamaized.net/coub_storage/coub/simple/cw_timeline_pic/92035075b26/09402516023c0bd29e075/%{version}_1615658136_image.jpg","versions":["big","med","small","ios_large"]},"dimensions":{"big":[1280,720],"med":[640,360]},"site_w_h":[640,360],"page_w_h":[640,360],"site_w_h_small":[310,174],"size":[1280,720],"age_restricted":false,"age_restricted_by_admin":false,"not_safe_for_work":false,"allow_reuse":false,"dont_crop":true,"banned":false,"global_safe":true,"audio_file_url":null,"external_download":{"type":"Youtube","service_name":"YouTube","url":"https://www.youtube.com/watch?v=MNmLn6a-jqw","has_embed":true},"application":null,"channel":{"id":4584024,"permalink":"terebonbka","title":"TeReBoNbKa ","description":null,"followers_count":48,"following_count":14,"avatar_versions":{"template":"https://coub-anubis-a.akamaized.net/coub_storage/channel/cw_avatar/d5ebb6000a9/d78fc6ddec0598ba5f642/%{version}_1608027313_fd9emj_1602688301_cropped.jpeg","versions":["medium","medium_2x","profile_pic","profile_pic_new","profile_pic_new_2x","tiny","tiny_2x","small","small_2x","ios_large","ios_small"]}},"file":null,"picture":"https://coub-anubis-a.akamaized.net/coub_storage/coub/simple/cw_image/1d0a4dcc02d/873c6abf52a3699fef837/med_1615658138_00032.jpg","timeline_picture":"https://coub-anubis-a.akamaized.net/coub_storage/coub/simple/cw_timeline_pic/92035075b26/09402516023c0bd29e075/ios_large_1615658136_image.jpg","small_picture":"https://coub-anubis-a.akamaized.net/coub_storage/coub/simple/cw_image/1d0a4dcc02d/873c6abf52a3699fef837/ios_mosaic_1615658138_00032.jpg","sharing_picture":null,"percent_done":100,"tags":[{"id":6098757,"title":"wellerman","value":"wellerman"},{"id":290630,"title":"shanty","value":"shanty"},{"id":1062858,"title":"sea shanty","value":"sea%20shanty"},{"id":6207241,"title":"wellerman folk","value":"wellerman%20folk"},{"id":6207242,"title":"wellerman choir","value":"wellerman%20choir"},{"id":6123454,"title":"nathan evans","value":"nathan%20evans"},{"id":6129448,"title":"the longest johns","value":"the%20longest%20johns"},{"id":11992,"title":"vocal","value":"vocal"},{"id":1945182,"title":"alina gingertail","value":"alina%20gingertail"},{"id":1945183,"title":"алина рыжехвост","value":"%D0%B0%D0%BB%D0%B8%D0%BD%D0%B0%20%D1%80%D1%8B%D0%B6%D0%B5%D1%85%D0%B2%D0%BE%D1%81%D1%82"},{"id":104912,"title":"main theme","value":"main%20theme"},{"id":6294,"title":"soundtrack","value":"soundtrack"},{"id":2640,"title":"ost","value":"ost"},{"id":162412,"title":"game music","value":"game%20music"},{"id":16189,"title":"videogame","value":"videogame"},{"id":3430685,"title":"harp cover","value":"harp%20cover"},{"id":99548,"title":"acoustic cover","value":"acoustic%20cover"},{"id":8890,"title":"acoustic","value":"acoustic"},{"id":5640627,"title":"medieval style","value":"medieval%20style"},{"id":5719590,"title":"medieval style cover","value":"medieval%20style%20cover"},{"id":5719591,"title":"medieval style music","value":"medieval%20style%20music"},{"id":872755,"title":"medieval music","value":"medieval%20music"},{"id":5719594,"title":"medieval version","value":"medieval%20version"},{"id":7202,"title":"flute","value":"flute"},{"id":39,"title":"cats","value":"cats"},{"id":13898,"title":"whistle","value":"whistle"},{"id":615819,"title":"fantasy music","value":"fantasy%20music"},{"id":396837,"title":"bango","value":"bango"},{"id":85122,"title":"mandolin","value":"mandolin"},{"id":692068,"title":"bouzouki","value":"bouzouki"}],"categories":[{"id":8,"title":"Music","permalink":"music","subscriptions_count":10082461,"big_image_url":"https://coub-anubis-a.akamaized.net/coub_storage/category/cw_image/0327247c5ff/85914bdd8e1edc998c480/big_1544760089_Music3.png","small_image_url":"https://coub-anubis-a.akamaized.net/coub_storage/category/cw_image/0327247c5ff/85914bdd8e1edc998c480/small_1544760089_Music3.png","med_image_url":"https://coub-anubis-a.akamaized.net/coub_storage/category/cw_image/0327247c5ff/85914bdd8e1edc998c480/med_1544760089_Music3.png","visible":true}],"communities":[{"id":8,"title":"Music","permalink":"music","subscriptions_count":10082461,"big_image_url":"https://coub-anubis-a.akamaized.net/coub_storage/category/cw_image/0327247c5ff/85914bdd8e1edc998c480/big_1544760089_Music3.png","small_image_url":"https://coub-anubis-a.akamaized.net/coub_storage/category/cw_image/0327247c5ff/85914bdd8e1edc998c480/small_1544760089_Music3.png","med_image_url":"https://coub-anubis-a.akamaized.net/coub_storage/category/cw_image/0327247c5ff/85914bdd8e1edc998c480/med_1544760089_Music3.png","i_subscribed":true,"community_notifications_enabled":null,"description":null}],"recoubs_count":114,"remixes_count":0,"likes_count":946,"dislikes_count":0,"raw_video_id":16255630,"uploaded_by_ios_app":false,"uploaded_by_android_app":false,"media_blocks":{"uploaded_raw_videos":[],"external_raw_videos":[{"id":38399226,"title":"The Wellerman (Gingertail Cover)","url":"https://www.youtube.com/watch?v=MNmLn6a-jqw","image":"https://coub-anubis-a.akamaized.net/coub_storage/media_block/cw_image/63ab899ad9a/45e4368f224a2d0369a37/video_1615649812_1mm5mzy_1615649760_142b5sf_att-url-download.jpg_v_604c9d6f","image_retina":"https://coub-anubis-a.akamaized.net/coub_storage/media_block/cw_image/63ab899ad9a/45e4368f224a2d0369a37/video_retina_1615649812_1mm5mzy_1615649760_142b5sf_att-url-download.jpg_v_604c9d6f","meta":{"service":"Youtube","duration":"201.56"},"duration":201.56,"raw_video_id":16255630,"has_embed":true}],"remixed_from_coubs":[],"external_video":{"id":38399226,"title":"The Wellerman (Gingertail Cover)","url":"https://www.youtube.com/watch?v=MNmLn6a-jqw","image":"https://coub-anubis-a.akamaized.net/coub_storage/media_block/cw_image/63ab899ad9a/45e4368f224a2d0369a37/video_1615649812_1mm5mzy_1615649760_142b5sf_att-url-download.jpg_v_604c9d6f","image_retina":"https://coub-anubis-a.akamaized.net/coub_storage/media_block/cw_image/63ab899ad9a/45e4368f224a2d0369a37/video_retina_1615649812_1mm5mzy_1615649760_142b5sf_att-url-download.jpg_v_604c9d6f","meta":{"service":"Youtube","duration":"201.56"},"duration":201.56,"raw_video_id":16255630,"has_embed":true}},"raw_video_thumbnail_url":"https://coub-anubis-a.akamaized.net/coub_storage/raw_video/cw_image/31d63381fd0/cc0a4098aec315daef1b7/coub_media_1615649763_1615649760_142b5sf_att-url-download.jpg_v_604c9d6f","raw_video_title":"The Wellerman (Gingertail Cover)","video_block_banned":false,"duration":9.96,"promo_winner":false,"promo_winner_recoubers":null,"editorial_info":{},"promo_hint":null,"beeline_best_2014":null,"from_web_editor":true,"normalize_sound":true,"normalize_change_allowed":true,"best2015_addable":false,"ahmad_promo":null,"promo_data":null,"audio_copyright_claim":null,"ads_disabled":false,"is_safe_for_ads":true,"megafon_contents":[],"position_on_page":4},{"flag":null,"abuses":null,"recoubs_by_users_channels":null,"favourite":false,"promoted_id":null,"recoub":null,"like":null,"dislike":null,"reaction":null,"in_my_best2015":false,"id":146605276,"type":"Coub::Simple","permalink":"2exs2c","title":"MARIO THEME on Bottles","visibility_type":"public","original_visibility_type":"public","channel_id":4271749,"created_at":"2020-06-04T22:58:18Z","updated_at":"2022-03-01T23:54:40Z","is_done":true,"views_count":96798,"cotd":null,"cotd_at":null,"visible_on_explore_root":true,"visible_on_explore":true,"featured":true,"published":true,"published_at":"2020-06-04T22:58:18Z","reversed":false,"from_editor_v2":true,"is_editable":true,"original_sound":false,"has_sound":false,"recoub_to":null,"file_versions":{"html5":{"video":{"higher":{"url":"https://coub-anubis-a.akamaized.net/coub_storage/coub/simple/cw_file/59602a930c8/220e9653ece082a2d05aa/muted_mp4_huge_size_1591312753_muted_huge.mp4","size":1645862},"high":{"url":"https://coub-anubis-a.akamaized.net/coub_storage/coub/simple/cw_file/59602a930c8/220e9653ece082a2d05aa/muted_mp4_big_size_1591312753_muted_big.mp4","size":1040623},"med":{"url":"https://coub-anubis-a.akamaized.net/coub_storage/coub/simple/cw_file/59602a930c8/220e9653ece082a2d05aa/muted_mp4_med_size_1591312753_muted_med.mp4","size":371801}},"audio":{"high":{"url":"https://coub-anubis-a.akamaized.net/coub_storage/coub/simple/cw_looped_audio_high/2f9c310b690/64715d30af397635ed979/1605687172_high_1591312760_high.mp3","size":987166},"med":{"url":"https://coub-anubis-a.akamaized.net/coub_storage/coub/simple/cw_looped_audio_med/72b8979a3c8/aca1106b107da9c68e463/1605687171_med_1591312760_med.mp3","size":747368}}},"mobile":{"video":"https://coub-anubis-a.akamaized.net/coub_storage/coub/simple/cw_file/59602a930c8/220e9653ece082a2d05aa/muted_mp4_med_size_1591312753_muted_med.mp4","audio":["https://coub-anubis-a.akamaized.net/coub_storage/coub/simple/cw_looped_audio_med/72b8979a3c8/aca1106b107da9c68e463/1605687171_med_1591312760_med.mp3"]},"share":{"default":"https://coub-anubis-a.akamaized.net/coub_storage/coub/simple/cw_video_for_sharing/e68936fef22/454f8b7acc910a1cea9b2/1611534616_looped_1611534615.mp4"}},"audio_versions":{"template":"https://coub-anubis-a.akamaized.net/coub_storage/audio_track/cw_normalized_copy/1dca6e4c14a/8409fc5c639e42b1e7a74/mid_1591312756_normalized_1591311416_audio.mp3","versions":["mid","low"]},"image_versions":{"template":"https://coub-anubis-a.akamaized.net/coub_storage/coub/simple/cw_image/cdd56ec0f4b/10465911b5e5c842071d1/1591312766_00032.jpg","versions":["micro","tiny","age_restricted","ios_large","ios_mosaic","big","med","small","pinterest"]},"first_frame_versions":{"template":"https://coub-anubis-a.akamaized.net/coub_storage/coub/simple/cw_timeline_pic/1b36387e023/962b1357e60838a6bd3b8/%{version}_1591312766_image.jpg","versions":["big","med","small","ios_large"]},"dimensions":{"big":[538,960],"med":[268,480]},"site_w_h":[224,400],"page_w_h":[400,714],"site_w_h_small":[310,553],"size":[538,960],"age_restricted":false,"age_restricted_by_admin":false,"not_safe_for_work":false,"allow_reuse":false,"dont_crop":false,"banned":false,"global_safe":true,"audio_file_url":"https://coub-anubis-a.akamaized.net/coub_storage/audio_track/cw_normalized_copy/1dca6e4c14a/8409fc5c639e42b1e7a74/low_1591312756_normalized_1591311416_audio.mp3","external_download":{"type":"Youtube","service_name":"YouTube","url":"https://www.youtube.com/watch?v=1EJsJy_sbp8","has_embed":true},"application":null,"channel":{"id":4271749,"permalink":"0-e-a000","title":"Gaag Sama","description":"If you like my work and you want to support me write messages where I will send you a link to the pation.","followers_count":328,"following_count":15,"avatar_versions":{"template":"https://coub-anubis-a.akamaized.net/coub_storage/channel/cw_avatar/de635e0b4c3/e7aa53a5008105225dd5f/%{version}_1627943426_Ashido-Mina-Boku-no-Hero-Academia-Anime-4986952.jpeg","versions":["medium","medium_2x","profile_pic","profile_pic_new","profile_pic_new_2x","tiny","tiny_2x","small","small_2x","ios_large","ios_small"]}},"file":null,"picture":"https://coub-anubis-a.akamaized.net/coub_storage/coub/simple/cw_image/cdd56ec0f4b/10465911b5e5c842071d1/1591312766_00032.jpg","timeline_picture":"https://coub-anubis-a.akamaized.net/coub_storage/coub/simple/cw_timeline_pic/1b36387e023/962b1357e60838a6bd3b8/ios_large_1591312766_image.jpg","small_picture":"https://coub-anubis-a.akamaized.net/coub_storage/coub/simple/cw_image/cdd56ec0f4b/10465911b5e5c842071d1/1591312766_00032.jpg","sharing_picture":null,"percent_done":100,"tags":[{"id":4285594,"title":"super mario cover","value":"super%20mario%20cover"},{"id":300281,"title":"super mario music","value":"super%20mario%20music"},{"id":5708155,"title":"the rhodes brothers","value":"the%20rhodes%20brothers"},{"id":1407694,"title":"game theme","value":"game%20theme"},{"id":13761,"title":"theme","value":"theme"},{"id":1140,"title":"game","value":"game"},{"id":946174,"title":"bottle song","value":"bottle%20song"},{"id":1665,"title":"cover","value":"cover"},{"id":20530,"title":"duo","value":"duo"},{"id":16522,"title":"perform","value":"perform"},{"id":17125,"title":"tune","value":"tune"},{"id":3339,"title":"band","value":"band"},{"id":5708154,"title":"baldsands","value":"baldsands"},{"id":5675335,"title":"goldsands","value":"goldsands"},{"id":235839,"title":"bottle boys","value":"bottle%20boys"},{"id":5919,"title":"nintendo","value":"nintendo"},{"id":287334,"title":"super mario song","value":"super%20mario%20song"},{"id":287338,"title":"mario theme","value":"mario%20theme"},{"id":5675334,"title":"bottle video","value":"bottle%20video"},{"id":4836,"title":"bottle","value":"bottle"}],"categories":[{"id":8,"title":"Music","permalink":"music","subscriptions_count":10082461,"big_image_url":"https://coub-anubis-a.akamaized.net/coub_storage/category/cw_image/0327247c5ff/85914bdd8e1edc998c480/big_1544760089_Music3.png","small_image_url":"https://coub-anubis-a.akamaized.net/coub_storage/category/cw_image/0327247c5ff/85914bdd8e1edc998c480/small_1544760089_Music3.png","med_image_url":"https://coub-anubis-a.akamaized.net/coub_storage/category/cw_image/0327247c5ff/85914bdd8e1edc998c480/med_1544760089_Music3.png","visible":true}],"communities":[{"id":8,"title":"Music","permalink":"music","subscriptions_count":10082461,"big_image_url":"https://coub-anubis-a.akamaized.net/coub_storage/category/cw_image/0327247c5ff/85914bdd8e1edc998c480/big_1544760089_Music3.png","small_image_url":"https://coub-anubis-a.akamaized.net/coub_storage/category/cw_image/0327247c5ff/85914bdd8e1edc998c480/small_1544760089_Music3.png","med_image_url":"https://coub-anubis-a.akamaized.net/coub_storage/category/cw_image/0327247c5ff/85914bdd8e1edc998c480/med_1544760089_Music3.png","i_subscribed":true,"community_notifications_enabled":null,"description":null}],"recoubs_count":164,"remixes_count":1,"likes_count":946,"dislikes_count":0,"raw_video_id":15310591,"uploaded_by_ios_app":false,"uploaded_by_android_app":false,"media_blocks":{"uploaded_raw_videos":[],"external_raw_videos":[{"id":36030420,"title":"MARIO THEME on Bottles","url":"https://www.youtube.com/watch?v=1EJsJy_sbp8","image":"https://coub-anubis-a.akamaized.net/coub_storage/media_block/cw_image/3615882af8b/968469e743698f875137b/1591311331_1ftriuq_1591311309_zmpfig_att-url-download.jpg","image_retina":"https://coub-anubis-a.akamaized.net/coub_storage/media_block/cw_image/3615882af8b/968469e743698f875137b/1591311331_1ftriuq_1591311309_zmpfig_att-url-download.jpg","meta":{"service":"Youtube","duration":"46.801"},"duration":46.801,"raw_video_id":15310591,"has_embed":true}],"remixed_from_coubs":[],"external_video":{"id":36030420,"title":"MARIO THEME on Bottles","url":"https://www.youtube.com/watch?v=1EJsJy_sbp8","image":"https://coub-anubis-a.akamaized.net/coub_storage/media_block/cw_image/3615882af8b/968469e743698f875137b/1591311331_1ftriuq_1591311309_zmpfig_att-url-download.jpg","image_retina":"https://coub-anubis-a.akamaized.net/coub_storage/media_block/cw_image/3615882af8b/968469e743698f875137b/1591311331_1ftriuq_1591311309_zmpfig_att-url-download.jpg","meta":{"service":"Youtube","duration":"46.801"},"duration":46.801,"raw_video_id":15310591,"has_embed":true}},"raw_video_thumbnail_url":"/missing/missing.png","raw_video_title":"MARIO THEME on Bottles","video_block_banned":false,"duration":10.0,"promo_winner":false,"promo_winner_recoubers":null,"editorial_info":{},"promo_hint":null,"beeline_best_2014":null,"from_web_editor":true,"normalize_sound":true,"normalize_change_allowed":true,"best2015_addable":false,"ahmad_promo":null,"promo_data":null,"audio_copyright_claim":null,"ads_disabled":false,"is_safe_for_ads":true,"megafon_contents":[],"position_on_page":5},{"flag":null,"abuses":null,"recoubs_by_users_channels":null,"favourite":false,"promoted_id":null,"recoub":null,"like":null,"dislike":null,"reaction":null,"in_my_best2015":false,"id":143718170,"type":"Coub::Simple","permalink":"2d7wcj","title":"Bersserker Radio (x4)","visibility_type":"public","original_visibility_type":"public","channel_id":4755393,"created_at":"2020-04-30T17:08:34Z","updated_at":"2022-03-08T17:23:17Z","is_done":true,"views_count":82159,"cotd":null,"cotd_at":null,"visible_on_explore_root":false,"visible_on_explore":false,"featured":false,"published":true,"published_at":"2020-04-30T17:08:34Z","reversed":false,"from_editor_v2":true,"is_editable":true,"original_sound":false,"has_sound":false,"recoub_to":null,"file_versions":{"html5":{"video":{"higher":{"url":"https://coub-anubis-a.akamaized.net/coub_storage/coub/simple/cw_file/234c5ad6046/e87dcc45c174e3adda30f/muted_mp4_huge_size_1588266659_muted_huge.mp4","size":622900},"high":{"url":"https://coub-anubis-a.akamaized.net/coub_storage/coub/simple/cw_file/234c5ad6046/e87dcc45c174e3adda30f/muted_mp4_big_size_1588266659_muted_big.mp4","size":428819},"med":{"url":"https://coub-anubis-a.akamaized.net/coub_storage/coub/simple/cw_file/234c5ad6046/e87dcc45c174e3adda30f/muted_mp4_med_size_1588266659_muted_med.mp4","size":108028}},"audio":{"high":{"url":"https://coub-anubis-a.akamaized.net/coub_storage/coub/simple/cw_looped_audio_high/e10f846544e/1a8497c6a905388bdd46f/1605694541_high_1588266663_high.mp3","size":867081},"med":{"url":"https://coub-anubis-a.akamaized.net/coub_storage/coub/simple/cw_looped_audio_med/43396387e59/c2608cf31ff37af873e2d/1605694540_med_1588266663_med.mp3","size":639474}}},"mobile":{"video":"https://coub-anubis-a.akamaized.net/coub_storage/coub/simple/cw_file/234c5ad6046/e87dcc45c174e3adda30f/muted_mp4_med_size_1588266659_muted_med.mp4","audio":["https://coub-anubis-a.akamaized.net/coub_storage/coub/simple/cw_looped_audio_med/43396387e59/c2608cf31ff37af873e2d/1605694540_med_1588266663_med.mp3"]},"share":{"default":"https://coub-anubis-a.akamaized.net/coub_storage/coub/simple/cw_video_for_sharing/ec5b7400ad8/23d35167d5fb6f2f2e73e/1609854046_looped_1609854045.mp4"}},"audio_versions":{"template":"https://coub-anubis-a.akamaized.net/coub_storage/audio_track/cw_file/cdc949625fe/933d25a825ebff7efa9e9/mid_1588266245_audio.mp3","versions":["mid","low"]},"image_versions":{"template":"https://coub-anubis-a.akamaized.net/coub_storage/coub/simple/cw_image/49acec05183/fd22b7468958d10b041e9/1588266671_00032.jpg","versions":["micro","tiny","age_restricted","ios_large","ios_mosaic","big","med","small","pinterest"]},"first_frame_versions":{"template":"https://coub-anubis-a.akamaized.net/coub_storage/coub/simple/cw_timeline_pic/9348b0632d5/2c38eb20c58e1342e06d5/1588266670_image.jpg","versions":["big","med","small","ios_large"]},"dimensions":{"big":[1280,532],"med":[640,266]},"site_w_h":[640,266],"page_w_h":[640,266],"site_w_h_small":[310,129],"size":[1280,532],"age_restricted":false,"age_restricted_by_admin":false,"not_safe_for_work":false,"allow_reuse":false,"dont_crop":false,"banned":false,"global_safe":null,"audio_file_url":"https://coub-anubis-a.akamaized.net/coub_storage/audio_track/cw_file/cdc949625fe/933d25a825ebff7efa9e9/low_1588266245_audio.mp3","external_download":false,"application":null,"channel":{"id":4755393,"permalink":"shao1457","title":"shao.","description":null,"followers_count":42,"following_count":17,"avatar_versions":{"template":"https://coub-anubis-a.akamaized.net/coub_storage/channel/cw_avatar/945d0e8211e/08b731272cb24e5a52ebc/%{version}_1607707371_19wzibp_1558647233_1_58uZVuKlz4bhBJF1BL9qdA.jpeg","versions":["medium","medium_2x","profile_pic","profile_pic_new","profile_pic_new_2x","tiny","tiny_2x","small","small_2x","ios_large","ios_small"]}},"file":null,"picture":"https://coub-anubis-a.akamaized.net/coub_storage/coub/simple/cw_image/49acec05183/fd22b7468958d10b041e9/1588266671_00032.jpg","timeline_picture":"https://coub-anubis-a.akamaized.net/coub_storage/coub/simple/cw_timeline_pic/9348b0632d5/2c38eb20c58e1342e06d5/1588266670_image.jpg","small_picture":"https://coub-anubis-a.akamaized.net/coub_storage/coub/simple/cw_image/49acec05183/fd22b7468958d10b041e9/1588266671_00032.jpg","sharing_picture":null,"percent_done":100,"tags":[{"id":784,"title":"beats","value":"beats"},{"id":2413,"title":"ryan gosling","value":"ryan%20gosling"},{"id":1538,"title":"vhs","value":"vhs"},{"id":1836232,"title":"fonk","value":"fonk"},{"id":31947,"title":"russian music","value":"russian%20music"},{"id":5537973,"title":"selfisolation","value":"selfisolation"},{"id":4917234,"title":"doomer music","value":"doomer%20music"},{"id":1411958,"title":"doomer","value":"doomer"},{"id":1340,"title":"kino","value":"kino"},{"id":154,"title":"movie","value":"movie"},{"id":86,"title":"music","value":"music"},{"id":514,"title":"drive","value":"drive"},{"id":572,"title":"gosling","value":"gosling"},{"id":1409,"title":"radio","value":"radio"},{"id":5593510,"title":"bersserker","value":"bersserker"},{"id":5617990,"title":"bersserker remix","value":"bersserker%20remix"}],"categories":[{"id":8,"title":"Music","permalink":"music","subscriptions_count":10082461,"big_image_url":"https://coub-anubis-a.akamaized.net/coub_storage/category/cw_image/0327247c5ff/85914bdd8e1edc998c480/big_1544760089_Music3.png","small_image_url":"https://coub-anubis-a.akamaized.net/coub_storage/category/cw_image/0327247c5ff/85914bdd8e1edc998c480/small_1544760089_Music3.png","med_image_url":"https://coub-anubis-a.akamaized.net/coub_storage/category/cw_image/0327247c5ff/85914bdd8e1edc998c480/med_1544760089_Music3.png","visible":true}],"communities":[{"id":8,"title":"Music","permalink":"music","subscriptions_count":10082461,"big_image_url":"https://coub-anubis-a.akamaized.net/coub_storage/category/cw_image/0327247c5ff/85914bdd8e1edc998c480/big_1544760089_Music3.png","small_image_url":"https://coub-anubis-a.akamaized.net/coub_storage/category/cw_image/0327247c5ff/85914bdd8e1edc998c480/small_1544760089_Music3.png","med_image_url":"https://coub-anubis-a.akamaized.net/coub_storage/category/cw_image/0327247c5ff/85914bdd8e1edc998c480/med_1544760089_Music3.png","i_subscribed":true,"community_notifications_enabled":null,"description":null}],"recoubs_count":156,"remixes_count":0,"likes_count":946,"dislikes_count":0,"raw_video_id":15156789,"uploaded_by_ios_app":false,"uploaded_by_android_app":false,"media_blocks":{"uploaded_raw_videos":[],"external_raw_videos":[],"remixed_from_coubs":[]},"raw_video_thumbnail_url":"/missing/missing.png","raw_video_title":"Gosling_Radio.mp4","video_block_banned":false,"duration":10.0,"promo_winner":false,"promo_winner_recoubers":null,"editorial_info":{},"promo_hint":null,"beeline_best_2014":null,"from_web_editor":true,"normalize_sound":false,"normalize_change_allowed":true,"best2015_addable":false,"ahmad_promo":null,"promo_data":null,"audio_copyright_claim":null,"ads_disabled":false,"is_safe_for_ads":true,"megafon_contents":[],"position_on_page":6},{"flag":null,"abuses":null,"recoubs_by_users_channels":null,"favourite":false,"promoted_id":null,"recoub":null,"like":null,"dislike":null,"reaction":null,"in_my_best2015":false,"id":82710534,"type":"Coub::Simple","permalink":"1cu508","title":"DARE","visibility_type":"public","original_visibility_type":"public","channel_id":396201,"created_at":"2018-08-18T17:01:42Z","updated_at":"2022-03-13T03:51:24Z","is_done":true,"views_count":128567,"cotd":null,"cotd_at":null,"visible_on_explore_root":true,"visible_on_explore":true,"featured":true,"published":true,"published_at":"2018-08-18T17:01:42Z","reversed":false,"from_editor_v2":true,"is_editable":true,"original_sound":true,"has_sound":true,"recoub_to":null,"file_versions":{"html5":{"video":{"higher":{"url":"https://coub-anubis-a.akamaized.net/coub_storage/coub/simple/cw_file/025a3e9e478/82550f9bf660ed7438e51/muted_mp4_huge_size_1568271074_muted_huge.mp4","size":1738702},"high":{"url":"https://coub-anubis-a.akamaized.net/coub_storage/coub/simple/cw_file/025a3e9e478/82550f9bf660ed7438e51/muted_mp4_big_size_1568271074_muted_big.mp4","size":1193626},"med":{"url":"https://coub-anubis-a.akamaized.net/coub_storage/coub/simple/cw_file/025a3e9e478/82550f9bf660ed7438e51/muted_mp4_med_size_1568271074_muted_med.mp4","size":372324}},"audio":{"high":{"url":"https://coub-anubis-a.akamaized.net/coub_storage/coub/simple/cw_looped_audio_high/da65c7b4625/88c12e72647746a02439a/1605613676_high_1534611743_high.mp3","size":1213072},"med":{"url":"https://coub-anubis-a.akamaized.net/coub_storage/coub/simple/cw_looped_audio_med/eab240b8482/ba1442426c30a02e12c41/1605613676_med_1534611743_med.mp3","size":890399},"sample_duration":7.964}},"mobile":{"video":"https://coub-anubis-a.akamaized.net/coub_storage/coub/simple/cw_file/025a3e9e478/82550f9bf660ed7438e51/muted_mp4_med_size_1568271074_muted_med.mp4","audio":["https://coub-anubis-a.akamaized.net/coub_storage/coub/simple/cw_looped_audio_med/eab240b8482/ba1442426c30a02e12c41/1605613676_med_1534611743_med.mp3"]},"share":{"default":"https://coub-anubis-a.akamaized.net/coub_storage/coub/simple/cw_video_for_sharing/671f6a87a4b/47b39818ee68dfb5c72b8/1613210678_looped_1613210677.mp4"}},"audio_versions":{},"image_versions":{"template":"https://coub-anubis-a.akamaized.net/coub_storage/coub/simple/cw_image/4f695f51d3e/f2ff56d05277be2bf6833/1534611752_00025.jpg","versions":["micro","tiny","age_restricted","ios_large","ios_mosaic","big","med","small","pinterest"]},"first_frame_versions":{"template":"https://coub-anubis-a.akamaized.net/coub_storage/coub/simple/cw_timeline_pic/68a6f34898a/3a31c654c5be40f308392/%{version}_1534611751_image.jpg","versions":["big","med","small","ios_large"]},"dimensions":{"big":[1280,720],"med":[640,360]},"site_w_h":[640,360],"page_w_h":[640,360],"site_w_h_small":[310,174],"size":[1280,720],"age_restricted":false,"age_restricted_by_admin":false,"not_safe_for_work":false,"allow_reuse":false,"dont_crop":false,"banned":false,"global_safe":true,"audio_file_url":null,"external_download":{"type":"Youtube","service_name":"YouTube","url":"https://www.youtube.com/watch?v=uAOR6ib95kQ","has_embed":true},"application":null,"channel":{"id":396201,"permalink":"feragaudia","title":"FeraGaudia","description":null,"followers_count":29,"following_count":5,"avatar_versions":{"template":"https://coub-anubis-a.akamaized.net/coub_storage/channel/cw_avatar/71b9c97414c/7267164814c43ec9cf3a2/%{version}_1474503941_BadChoices.PNG","versions":["medium","medium_2x","profile_pic","profile_pic_new","profile_pic_new_2x","tiny","tiny_2x","small","small_2x","ios_large","ios_small"]}},"file":null,"picture":"https://coub-anubis-a.akamaized.net/coub_storage/coub/simple/cw_image/4f695f51d3e/f2ff56d05277be2bf6833/1534611752_00025.jpg","timeline_picture":"https://coub-anubis-a.akamaized.net/coub_storage/coub/simple/cw_timeline_pic/68a6f34898a/3a31c654c5be40f308392/ios_large_1534611751_image.jpg","small_picture":"https://coub-anubis-a.akamaized.net/coub_storage/coub/simple/cw_image/4f695f51d3e/f2ff56d05277be2bf6833/1534611752_00025.jpg","sharing_picture":null,"percent_done":100,"tags":[{"id":1535,"title":"funk","value":"funk"},{"id":112789,"title":"trip hop","value":"trip%20hop"},{"id":1305060,"title":"shaun ryder","value":"shaun%20ryder"},{"id":22642,"title":"noodle","value":"noodle"},{"id":22225,"title":"days","value":"days"},{"id":10483,"title":"demon","value":"demon"},{"id":1425285,"title":"demon days","value":"demon%20days"},{"id":22172,"title":"dare","value":"dare"},{"id":19248,"title":"gorillaz","value":"gorillaz"}],"categories":[{"id":8,"title":"Music","permalink":"music","subscriptions_count":10082461,"big_image_url":"https://coub-anubis-a.akamaized.net/coub_storage/category/cw_image/0327247c5ff/85914bdd8e1edc998c480/big_1544760089_Music3.png","small_image_url":"https://coub-anubis-a.akamaized.net/coub_storage/category/cw_image/0327247c5ff/85914bdd8e1edc998c480/small_1544760089_Music3.png","med_image_url":"https://coub-anubis-a.akamaized.net/coub_storage/category/cw_image/0327247c5ff/85914bdd8e1edc998c480/med_1544760089_Music3.png","visible":true}],"communities":[{"id":8,"title":"Music","permalink":"music","subscriptions_count":10082461,"big_image_url":"https://coub-anubis-a.akamaized.net/coub_storage/category/cw_image/0327247c5ff/85914bdd8e1edc998c480/big_1544760089_Music3.png","small_image_url":"https://coub-anubis-a.akamaized.net/coub_storage/category/cw_image/0327247c5ff/85914bdd8e1edc998c480/small_1544760089_Music3.png","med_image_url":"https://coub-anubis-a.akamaized.net/coub_storage/category/cw_image/0327247c5ff/85914bdd8e1edc998c480/med_1544760089_Music3.png","i_subscribed":true,"community_notifications_enabled":null,"description":null}],"recoubs_count":148,"remixes_count":1,"likes_count":946,"dislikes_count":0,"raw_video_id":12207641,"uploaded_by_ios_app":false,"uploaded_by_android_app":false,"media_blocks":{"uploaded_raw_videos":[],"external_raw_videos":[{"id":27744752,"title":"Gorillaz - DARE (Official Video)","url":"https://www.youtube.com/watch?v=uAOR6ib95kQ","image":"https://coub-anubis-a.akamaized.net/coub_storage/media_block/cw_image/199671f761c/2141994ade088556d68ae/1534366967_1534366927_o5itwd_att-url-download.jpg","image_retina":"https://coub-anubis-a.akamaized.net/coub_storage/media_block/cw_image/199671f761c/2141994ade088556d68ae/1534366967_1534366927_o5itwd_att-url-download.jpg","meta":{"service":"Youtube","duration":"287.8"},"duration":287.8,"raw_video_id":12207641,"has_embed":true}],"remixed_from_coubs":[],"external_video":{"id":27744752,"title":"Gorillaz - DARE (Official Video)","url":"https://www.youtube.com/watch?v=uAOR6ib95kQ","image":"https://coub-anubis-a.akamaized.net/coub_storage/media_block/cw_image/199671f761c/2141994ade088556d68ae/1534366967_1534366927_o5itwd_att-url-download.jpg","image_retina":"https://coub-anubis-a.akamaized.net/coub_storage/media_block/cw_image/199671f761c/2141994ade088556d68ae/1534366967_1534366927_o5itwd_att-url-download.jpg","meta":{"service":"Youtube","duration":"287.8"},"duration":287.8,"raw_video_id":12207641,"has_embed":true}},"raw_video_thumbnail_url":"/missing/missing.png","raw_video_title":"Gorillaz - DARE (Official Video)","video_block_banned":false,"duration":7.96,"promo_winner":false,"promo_winner_recoubers":null,"editorial_info":{},"promo_hint":null,"beeline_best_2014":null,"from_web_editor":true,"normalize_sound":true,"normalize_change_allowed":true,"best2015_addable":false,"ahmad_promo":null,"promo_data":null,"audio_copyright_claim":null,"ads_disabled":false,"is_safe_for_ads":true,"megafon_contents":[],"position_on_page":7},{"flag":null,"abuses":null,"recoubs_by_users_channels":null,"favourite":false,"promoted_id":null,"recoub":null,"like":null,"dislike":null,"reaction":null,"in_my_best2015":false,"id":80188404,"type":"Coub::Simple","permalink":"1bc2wi","title":"MATRANG - Медуза (ПАРОДИЯ) Колбаса","visibility_type":"public","original_visibility_type":"public","channel_id":64851,"created_at":"2018-07-20T09:30:39Z","updated_at":"2022-02-05T10:35:37Z","is_done":true,"views_count":79726,"cotd":null,"cotd_at":null,"visible_on_explore_root":false,"visible_on_explore":false,"featured":false,"published":true,"published_at":"2018-07-20T09:30:39Z","reversed":false,"from_editor_v2":true,"is_editable":true,"original_sound":false,"has_sound":false,"recoub_to":null,"file_versions":{"html5":{"video":{"higher":{"url":"https://coub-anubis-a.akamaized.net/coub_storage/coub/simple/cw_file/7d430dd6622/ce05a3c10dd6dff860d30/muted_mp4_huge_size_1568260584_muted_huge.mp4","size":1984388},"high":{"url":"https://coub-anubis-a.akamaized.net/coub_storage/coub/simple/cw_file/7d430dd6622/ce05a3c10dd6dff860d30/muted_mp4_big_size_1568260584_muted_big.mp4","size":1473162},"med":{"url":"https://coub-anubis-a.akamaized.net/coub_storage/coub/simple/cw_file/7d430dd6622/ce05a3c10dd6dff860d30/muted_mp4_med_size_1568260584_muted_med.mp4","size":434313}},"audio":{"high":{"url":"https://coub-anubis-a.akamaized.net/coub_storage/coub/simple/cw_looped_audio_high/f266f02ae5e/3e5a5c5d219ac2e166901/1605616747_high_1532079094_high.mp3","size":1018246},"med":{"url":"https://coub-anubis-a.akamaized.net/coub_storage/coub/simple/cw_looped_audio_med/0658bd1848a/df0cf1989e8c4ed159a29/1605616747_med_1532079094_med.mp3","size":716926}}},"mobile":{"video":"https://coub-anubis-a.akamaized.net/coub_storage/coub/simple/cw_file/7d430dd6622/ce05a3c10dd6dff860d30/muted_mp4_med_size_1568260584_muted_med.mp4","audio":["https://coub-anubis-a.akamaized.net/coub_storage/coub/simple/cw_looped_audio_med/0658bd1848a/df0cf1989e8c4ed159a29/1605616747_med_1532079094_med.mp3"]},"share":{"default":"https://coub-anubis-a.akamaized.net/coub_storage/coub/simple/cw_video_for_sharing/aa5ff091adc/689323d6c1933e34912a2/1637380100_looped_1637380099.mp4"}},"audio_versions":{"template":"https://coub-anubis-a.akamaized.net/coub_storage/audio_track/cw_normalized_copy/3ad2fda3dcb/a22ff722f73a27aaca4e7/mid_1532079090_yzbn0e_normalized_1532079085_1klb7ch_edited.mp3","versions":["mid","low"]},"image_versions":{"template":"https://coub-anubis-a.akamaized.net/coub_storage/coub/simple/cw_image/ed80aee2dad/76bf5697b480ca9c20e2c/1532079100_00032.jpg","versions":["micro","tiny","age_restricted","ios_large","ios_mosaic","big","med","small","pinterest"]},"first_frame_versions":{"template":"https://coub-anubis-a.akamaized.net/coub_storage/coub/simple/cw_timeline_pic/6235aea174b/7fb29a9745b97c2d43f16/%{version}_1532079099_image.jpg","versions":["big","med","small","ios_large"]},"dimensions":{"big":[1280,716],"med":[640,358]},"site_w_h":[640,358],"page_w_h":[640,358],"site_w_h_small":[310,173],"size":[1280,716],"age_restricted":false,"age_restricted_by_admin":false,"not_safe_for_work":false,"allow_reuse":false,"dont_crop":false,"banned":false,"global_safe":false,"audio_file_url":"https://coub-anubis-a.akamaized.net/coub_storage/audio_track/cw_normalized_copy/3ad2fda3dcb/a22ff722f73a27aaca4e7/low_1532079090_yzbn0e_normalized_1532079085_1klb7ch_edited.mp3","external_download":{"type":"Youtube","service_name":"YouTube","url":"http://www.youtube.com/watch?v=2isb4DfBg-g","has_embed":true},"application":null,"channel":{"id":64851,"permalink":"alexey-sytyanov","title":"Noisemonk","description":null,"followers_count":100,"following_count":61,"avatar_versions":{"template":"https://coub-anubis-a.akamaized.net/coub_storage/channel/cw_avatar/fed83c4a909/19dcea27ab14a04f1c63a/%{version}_1564146756_67187609_10219753060525248_8394044737107001344_n.jpg","versions":["medium","medium_2x","profile_pic","profile_pic_new","profile_pic_new_2x","tiny","tiny_2x","small","small_2x","ios_large","ios_small"]}},"file":null,"picture":"https://coub-anubis-a.akamaized.net/coub_storage/coub/simple/cw_image/ed80aee2dad/76bf5697b480ca9c20e2c/1532079100_00032.jpg","timeline_picture":"https://coub-anubis-a.akamaized.net/coub_storage/coub/simple/cw_timeline_pic/6235aea174b/7fb29a9745b97c2d43f16/ios_large_1532079099_image.jpg","small_picture":"https://coub-anubis-a.akamaized.net/coub_storage/coub/simple/cw_image/ed80aee2dad/76bf5697b480ca9c20e2c/1532079100_00032.jpg","sharing_picture":null,"percent_done":100,"tags":[{"id":119918,"title":"медуза","value":"%D0%BC%D0%B5%D0%B4%D1%83%D0%B7%D0%B0"},{"id":3528355,"title":"matrang","value":"matrang"},{"id":916441,"title":"gazgolder records","value":"gazgolder%20records"},{"id":907921,"title":"meduza","value":"meduza"},{"id":3623491,"title":"матранг","value":"%D0%BC%D0%B0%D1%82%D1%80%D0%B0%D0%BD%D0%B3"},{"id":3901207,"title":"медуза клип","value":"%D0%BC%D0%B5%D0%B4%D1%83%D0%B7%D0%B0%20%D0%BA%D0%BB%D0%B8%D0%BF"},{"id":3901209,"title":"медуза пародия","value":"%D0%BC%D0%B5%D0%B4%D1%83%D0%B7%D0%B0%20%D0%BF%D0%B0%D1%80%D0%BE%D0%B4%D0%B8%D1%8F"},{"id":3908555,"title":"медуза кавер","value":"%D0%BC%D0%B5%D0%B4%D1%83%D0%B7%D0%B0%20%D0%BA%D0%B0%D0%B2%D0%B5%D1%80"},{"id":3881818,"title":"медуза мы друзья","value":"%D0%BC%D0%B5%D0%B4%D1%83%D0%B7%D0%B0%20%D0%BC%D1%8B%20%D0%B4%D1%80%D1%83%D0%B7%D1%8C%D1%8F"},{"id":8559,"title":"пародия","value":"%D0%BF%D0%B0%D1%80%D0%BE%D0%B4%D0%B8%D1%8F"},{"id":224835,"title":"пародія","value":"%D0%BF%D0%B0%D1%80%D0%BE%D0%B4%D1%96%D1%8F"},{"id":1157,"title":"клип","value":"%D0%BA%D0%BB%D0%B8%D0%BF"},{"id":26214,"title":"кавер","value":"%D0%BA%D0%B0%D0%B2%D0%B5%D1%80"},{"id":1665,"title":"cover","value":"cover"},{"id":1437,"title":"юмор","value":"%D1%8E%D0%BC%D0%BE%D1%80"},{"id":691591,"title":"чоткий паца","value":"%D1%87%D0%BE%D1%82%D0%BA%D0%B8%D0%B9%20%D0%BF%D0%B0%D1%86%D0%B0"},{"id":123867,"title":"чоткий","value":"%D1%87%D0%BE%D1%82%D0%BA%D0%B8%D0%B9"},{"id":152817,"title":"паца","value":"%D0%BF%D0%B0%D1%86%D0%B0"},{"id":35462,"title":"четкий","value":"%D1%87%D0%B5%D1%82%D0%BA%D0%B8%D0%B9"},{"id":2085025,"title":"тьоха","value":"%D1%82%D1%8C%D0%BE%D1%85%D0%B0"}],"categories":[{"id":8,"title":"Music","permalink":"music","subscriptions_count":10082461,"big_image_url":"https://coub-anubis-a.akamaized.net/coub_storage/category/cw_image/0327247c5ff/85914bdd8e1edc998c480/big_1544760089_Music3.png","small_image_url":"https://coub-anubis-a.akamaized.net/coub_storage/category/cw_image/0327247c5ff/85914bdd8e1edc998c480/small_1544760089_Music3.png","med_image_url":"https://coub-anubis-a.akamaized.net/coub_storage/category/cw_image/0327247c5ff/85914bdd8e1edc998c480/med_1544760089_Music3.png","visible":true}],"communities":[{"id":8,"title":"Music","permalink":"music","subscriptions_count":10082461,"big_image_url":"https://coub-anubis-a.akamaized.net/coub_storage/category/cw_image/0327247c5ff/85914bdd8e1edc998c480/big_1544760089_Music3.png","small_image_url":"https://coub-anubis-a.akamaized.net/coub_storage/category/cw_image/0327247c5ff/85914bdd8e1edc998c480/small_1544760089_Music3.png","med_image_url":"https://coub-anubis-a.akamaized.net/coub_storage/category/cw_image/0327247c5ff/85914bdd8e1edc998c480/med_1544760089_Music3.png","i_subscribed":true,"community_notifications_enabled":null,"description":null}],"recoubs_count":215,"remixes_count":0,"likes_count":946,"dislikes_count":0,"raw_video_id":11619182,"uploaded_by_ios_app":false,"uploaded_by_android_app":false,"media_blocks":{"uploaded_raw_videos":[],"external_raw_videos":[{"id":26163936,"title":"MATRANG - Медуза (ПАРОДИЯ)","url":"http://www.youtube.com/watch?v=2isb4DfBg-g","image":"https://coub-anubis-a.akamaized.net/coub_storage/media_block/cw_image/d2d1f59065e/c84b372cd1b1d4f64f629/1525201936_1525201900_n3cn7t_att-url-download.jpg","image_retina":"https://coub-anubis-a.akamaized.net/coub_storage/media_block/cw_image/d2d1f59065e/c84b372cd1b1d4f64f629/1525201936_1525201900_n3cn7t_att-url-download.jpg","meta":{"service":"Youtube","duration":"240.8"},"duration":240.8,"raw_video_id":11619182,"has_embed":true}],"remixed_from_coubs":[],"external_video":{"id":26163936,"title":"MATRANG - Медуза (ПАРОДИЯ)","url":"http://www.youtube.com/watch?v=2isb4DfBg-g","image":"https://coub-anubis-a.akamaized.net/coub_storage/media_block/cw_image/d2d1f59065e/c84b372cd1b1d4f64f629/1525201936_1525201900_n3cn7t_att-url-download.jpg","image_retina":"https://coub-anubis-a.akamaized.net/coub_storage/media_block/cw_image/d2d1f59065e/c84b372cd1b1d4f64f629/1525201936_1525201900_n3cn7t_att-url-download.jpg","meta":{"service":"Youtube","duration":"240.8"},"duration":240.8,"raw_video_id":11619182,"has_embed":true}},"raw_video_thumbnail_url":"/missing/missing.png","raw_video_title":"MATRANG - Медуза (ПАРОДИЯ)","video_block_banned":false,"duration":10.0,"promo_winner":false,"promo_winner_recoubers":null,"editorial_info":{},"promo_hint":null,"beeline_best_2014":null,"from_web_editor":true,"normalize_sound":true,"normalize_change_allowed":true,"best2015_addable":false,"ahmad_promo":null,"promo_data":null,"audio_copyright_claim":null,"ads_disabled":false,"is_safe_for_ads":true,"megafon_contents":[],"position_on_page":8},{"flag":null,"abuses":null,"recoubs_by_users_channels":null,"favourite":false,"promoted_id":null,"recoub":null,"like":null,"dislike":null,"reaction":null,"in_my_best2015":false,"id":142553071,"type":"Coub::Simple","permalink":"2cixcf","title":"Максим / Linkin Park - Отпускаю (Cover by ROCK PRIVET )","visibility_type":"public","original_visibility_type":"public","channel_id":4080107,"created_at":"2020-04-17T22:17:33Z","updated_at":"2022-03-10T15:19:45Z","is_done":true,"views_count":76206,"cotd":null,"cotd_at":null,"visible_on_explore_root":false,"visible_on_explore":false,"featured":false,"published":true,"published_at":"2020-04-17T22:17:33Z","reversed":false,"from_editor_v2":true,"is_editable":true,"original_sound":true,"has_sound":true,"recoub_to":null,"file_versions":{"html5":{"video":{"higher":{"url":"https://coub-anubis-a.akamaized.net/coub_storage/coub/simple/cw_file/f0da93f5919/9d49f1a06656296e21a70/muted_mp4_huge_size_1587161905_muted_huge.mp4","size":2290190},"high":{"url":"https://coub-anubis-a.akamaized.net/coub_storage/coub/simple/cw_file/f0da93f5919/9d49f1a06656296e21a70/muted_mp4_big_size_1587161905_muted_big.mp4","size":1533489},"med":{"url":"https://coub-anubis-a.akamaized.net/coub_storage/coub/simple/cw_file/f0da93f5919/9d49f1a06656296e21a70/muted_mp4_med_size_1587161905_muted_med.mp4","size":459083}},"audio":{"high":{"url":"https://coub-anubis-a.akamaized.net/coub_storage/coub/simple/cw_looped_audio_high/fa5a25c7641/f8a515f03a7c4cfaab863/1605695945_high_1587161905_high.mp3","size":1217739},"med":{"url":"https://coub-anubis-a.akamaized.net/coub_storage/coub/simple/cw_looped_audio_med/fd54db07be5/85bb498f5e52fc536caf3/1605695944_med_1587161905_med.mp3","size":929076},"sample_duration":9.706}},"mobile":{"video":"https://coub-anubis-a.akamaized.net/coub_storage/coub/simple/cw_file/f0da93f5919/9d49f1a06656296e21a70/muted_mp4_med_size_1587161905_muted_med.mp4","audio":["https://coub-anubis-a.akamaized.net/coub_storage/coub/simple/cw_looped_audio_med/fd54db07be5/85bb498f5e52fc536caf3/1605695944_med_1587161905_med.mp3"]},"share":{"default":"https://coub-anubis-a.akamaized.net/coub_storage/coub/simple/cw_video_for_sharing/a110523e0f6/97fa2f9ec6395653b88a2/1610736295_looped_1610736294.mp4"}},"audio_versions":{},"image_versions":{"template":"https://coub-anubis-a.akamaized.net/coub_storage/coub/simple/cw_image/a02c949617a/c3437bd45bb66b73e9716/1587161912_00031.jpg","versions":["micro","tiny","age_restricted","ios_large","ios_mosaic","big","med","small","pinterest"]},"first_frame_versions":{"template":"https://coub-anubis-a.akamaized.net/coub_storage/coub/simple/cw_timeline_pic/0ccc95bec2c/7036588972bf5a362ebb0/%{version}_1587161911_image.jpg","versions":["big","med","small","ios_large"]},"dimensions":{"big":[1280,532],"med":[640,266]},"site_w_h":[640,266],"page_w_h":[640,266],"site_w_h_small":[310,129],"size":[1280,532],"age_restricted":false,"age_restricted_by_admin":false,"not_safe_for_work":false,"allow_reuse":false,"dont_crop":false,"banned":false,"global_safe":false,"audio_file_url":null,"external_download":{"type":"Youtube","service_name":"YouTube","url":"https://youtu.be/48yxxEXxd-w","has_embed":true},"application":null,"channel":{"id":4080107,"permalink":"ruslan-umanskij","title":"Ruslan Umanskiy","description":null,"followers_count":47,"following_count":90,"avatar_versions":{"template":"https://coub-anubis-a.akamaized.net/coub_storage/channel/cw_avatar/5f5decb62f2/149405cfc0a3c0f865de0/%{version}_1607423211_1k3k3ot_1592479284_cropped.jpeg","versions":["medium","medium_2x","profile_pic","profile_pic_new","profile_pic_new_2x","tiny","tiny_2x","small","small_2x","ios_large","ios_small"]}},"file":null,"picture":"https://coub-anubis-a.akamaized.net/coub_storage/coub/simple/cw_image/a02c949617a/c3437bd45bb66b73e9716/1587161912_00031.jpg","timeline_picture":"https://coub-anubis-a.akamaized.net/coub_storage/coub/simple/cw_timeline_pic/0ccc95bec2c/7036588972bf5a362ebb0/ios_large_1587161911_image.jpg","small_picture":"https://coub-anubis-a.akamaized.net/coub_storage/coub/simple/cw_image/a02c949617a/c3437bd45bb66b73e9716/1587161912_00031.jpg","sharing_picture":null,"percent_done":100,"tags":[{"id":3952359,"title":"рокпривет","value":"%D1%80%D0%BE%D0%BA%D0%BF%D1%80%D0%B8%D0%B2%D0%B5%D1%82"},{"id":3194328,"title":"rockprivet","value":"rockprivet"},{"id":10900,"title":"максим","value":"%D0%BC%D0%B0%D0%BA%D1%81%D0%B8%D0%BC"},{"id":1378427,"title":"отпускаю","value":"%D0%BE%D1%82%D0%BF%D1%83%D1%81%D0%BA%D0%B0%D1%8E"}],"categories":[{"id":8,"title":"Music","permalink":"music","subscriptions_count":10082461,"big_image_url":"https://coub-anubis-a.akamaized.net/coub_storage/category/cw_image/0327247c5ff/85914bdd8e1edc998c480/big_1544760089_Music3.png","small_image_url":"https://coub-anubis-a.akamaized.net/coub_storage/category/cw_image/0327247c5ff/85914bdd8e1edc998c480/small_1544760089_Music3.png","med_image_url":"https://coub-anubis-a.akamaized.net/coub_storage/category/cw_image/0327247c5ff/85914bdd8e1edc998c480/med_1544760089_Music3.png","visible":true}],"communities":[{"id":8,"title":"Music","permalink":"music","subscriptions_count":10082461,"big_image_url":"https://coub-anubis-a.akamaized.net/coub_storage/category/cw_image/0327247c5ff/85914bdd8e1edc998c480/big_1544760089_Music3.png","small_image_url":"https://coub-anubis-a.akamaized.net/coub_storage/category/cw_image/0327247c5ff/85914bdd8e1edc998c480/small_1544760089_Music3.png","med_image_url":"https://coub-anubis-a.akamaized.net/coub_storage/category/cw_image/0327247c5ff/85914bdd8e1edc998c480/med_1544760089_Music3.png","i_subscribed":true,"community_notifications_enabled":null,"description":null}],"recoubs_count":190,"remixes_count":0,"likes_count":945,"dislikes_count":0,"raw_video_id":15090574,"uploaded_by_ios_app":false,"uploaded_by_android_app":false,"media_blocks":{"uploaded_raw_videos":[],"external_raw_videos":[{"id":35482596,"title":"Максим / Linkin Park - Отпускаю (Cover by ROCK PRIVET )","url":"https://www.youtube.com/watch?v=48yxxEXxd-w","image":"https://coub-anubis-a.akamaized.net/coub_storage/media_block/cw_image/01ee69fe45a/e37cdde1da706cee34e6b/1587125543_19xe3n0_1587125441_1jxd3d5_att-url-download.jpg","image_retina":"https://coub-anubis-a.akamaized.net/coub_storage/media_block/cw_image/01ee69fe45a/e37cdde1da706cee34e6b/1587125543_19xe3n0_1587125441_1jxd3d5_att-url-download.jpg","meta":{"service":"Youtube","duration":"245.88"},"duration":245.88,"raw_video_id":15090574,"has_embed":true}],"remixed_from_coubs":[],"external_video":{"id":35482596,"title":"Максим / Linkin Park - Отпускаю (Cover by ROCK PRIVET )","url":"https://www.youtube.com/watch?v=48yxxEXxd-w","image":"https://coub-anubis-a.akamaized.net/coub_storage/media_block/cw_image/01ee69fe45a/e37cdde1da706cee34e6b/1587125543_19xe3n0_1587125441_1jxd3d5_att-url-download.jpg","image_retina":"https://coub-anubis-a.akamaized.net/coub_storage/media_block/cw_image/01ee69fe45a/e37cdde1da706cee34e6b/1587125543_19xe3n0_1587125441_1jxd3d5_att-url-download.jpg","meta":{"service":"Youtube","duration":"245.88"},"duration":245.88,"raw_video_id":15090574,"has_embed":true}},"raw_video_thumbnail_url":"/missing/missing.png","raw_video_title":"Максим / Linkin Park - Отпускаю (Cover by ROCK PRIVET )","video_block_banned":false,"duration":9.68,"promo_winner":false,"promo_winner_recoubers":null,"editorial_info":{},"promo_hint":null,"beeline_best_2014":null,"from_web_editor":true,"normalize_sound":true,"normalize_change_allowed":true,"best2015_addable":false,"ahmad_promo":null,"promo_data":null,"audio_copyright_claim":null,"ads_disabled":false,"is_safe_for_ads":true,"megafon_contents":[],"position_on_page":9},{"flag":null,"abuses":null,"recoubs_by_users_channels":null,"favourite":false,"promoted_id":null,"recoub":null,"like":null,"dislike":null,"reaction":null,"in_my_best2015":false,"id":109452204,"type":"Coub::Simple","permalink":"1srb65","title":"Русский QUEEN","visibility_type":"public","original_visibility_type":"public","channel_id":2811451,"created_at":"2019-04-20T18:25:37Z","updated_at":"2022-03-15T22:52:54Z","is_done":true,"views_count":55562,"cotd":null,"cotd_at":null,"visible_on_explore_root":false,"visible_on_explore":false,"featured":false,"published":true,"published_at":"2019-04-20T18:25:37Z","reversed":false,"from_editor_v2":true,"is_editable":true,"original_sound":false,"has_sound":false,"recoub_to":null,"file_versions":{"html5":{"video":{"higher":{"url":"https://coub-anubis-a.akamaized.net/coub_storage/coub/simple/cw_file/6ef933e236f/3e6f74f9fc0648cab4cf2/muted_mp4_huge_size_1571383576_muted_huge.mp4","size":1842811},"high":{"url":"https://coub-anubis-a.akamaized.net/coub_storage/coub/simple/cw_file/6ef933e236f/3e6f74f9fc0648cab4cf2/muted_mp4_big_size_1571383576_muted_big.mp4","size":1220211},"med":{"url":"https://coub-anubis-a.akamaized.net/coub_storage/coub/simple/cw_file/6ef933e236f/3e6f74f9fc0648cab4cf2/muted_mp4_med_size_1571383576_muted_med.mp4","size":478620}},"audio":{"high":{"url":"https://coub-anubis-a.akamaized.net/coub_storage/coub/simple/cw_looped_audio_high/d53704d628d/013664689370b976a5251/1605679278_high_1555784747_high.mp3","size":654758},"med":{"url":"https://coub-anubis-a.akamaized.net/coub_storage/coub/simple/cw_looped_audio_med/0e1f4953c1c/6a015f4ba211800dd4227/1605679277_med_1555784747_med.mp3","size":648279}}},"mobile":{"video":"https://coub-anubis-a.akamaized.net/coub_storage/coub/simple/cw_file/6ef933e236f/3e6f74f9fc0648cab4cf2/muted_mp4_med_size_1571383576_muted_med.mp4","audio":["https://coub-anubis-a.akamaized.net/coub_storage/coub/simple/cw_looped_audio_med/0e1f4953c1c/6a015f4ba211800dd4227/1605679277_med_1555784747_med.mp3"]},"share":{"default":"https://coub-anubis-a.akamaized.net/coub_storage/coub/simple/cw_video_for_sharing/d2ed6bae28a/17246b22955ce7a3aa6bf/1608821649_looped_1608821648.mp4"}},"audio_versions":{"template":"https://coub-anubis-a.akamaized.net/coub_storage/audio_track/cw_normalized_copy/56ed2473e2a/070ae70c263fb236bf89b/mid_1555784745_normalized_1555784535_audio.mp3","versions":["mid","low"]},"image_versions":{"template":"https://coub-anubis-a.akamaized.net/coub_storage/coub/simple/cw_image/e61294d8d3e/fda43098d0fd9c89bfc84/1555784752_00032.jpg","versions":["micro","tiny","age_restricted","ios_large","ios_mosaic","big","med","small","pinterest"]},"first_frame_versions":{"template":"https://coub-anubis-a.akamaized.net/coub_storage/coub/simple/cw_timeline_pic/67c178c031e/f9c219a469354a58b12b7/%{version}_1555784752_image.jpg","versions":["big","med","small","ios_large"]},"dimensions":{"big":[1280,720],"med":[640,360]},"site_w_h":[640,360],"page_w_h":[640,360],"site_w_h_small":[310,174],"size":[1280,720],"age_restricted":false,"age_restricted_by_admin":false,"not_safe_for_work":false,"allow_reuse":false,"dont_crop":false,"banned":false,"global_safe":false,"audio_file_url":"https://coub-anubis-a.akamaized.net/coub_storage/audio_track/cw_normalized_copy/56ed2473e2a/070ae70c263fb236bf89b/low_1555784745_normalized_1555784535_audio.mp3","external_download":false,"application":null,"channel":{"id":2811451,"permalink":"knight-of-sorrow","title":"Knight of sorrow","description":null,"followers_count":59,"following_count":2,"avatar_versions":{"template":"https://coub-anubis-a.akamaized.net/coub_storage/channel/cw_avatar/7e5d6e9fe0d/fa697d177cf713bb7bdc4/%{version}_1608796281_waciin_1551935579_avatar_4445_1324138090.png","versions":["medium","medium_2x","profile_pic","profile_pic_new","profile_pic_new_2x","tiny","tiny_2x","small","small_2x","ios_large","ios_small"]}},"file":null,"picture":"https://coub-anubis-a.akamaized.net/coub_storage/coub/simple/cw_image/e61294d8d3e/fda43098d0fd9c89bfc84/1555784752_00032.jpg","timeline_picture":"https://coub-anubis-a.akamaized.net/coub_storage/coub/simple/cw_timeline_pic/67c178c031e/f9c219a469354a58b12b7/ios_large_1555784752_image.jpg","small_picture":"https://coub-anubis-a.akamaized.net/coub_storage/coub/simple/cw_image/e61294d8d3e/fda43098d0fd9c89bfc84/1555784752_00032.jpg","sharing_picture":null,"percent_done":100,"tags":[],"categories":[{"id":8,"title":"Music","permalink":"music","subscriptions_count":10082461,"big_image_url":"https://coub-anubis-a.akamaized.net/coub_storage/category/cw_image/0327247c5ff/85914bdd8e1edc998c480/big_1544760089_Music3.png","small_image_url":"https://coub-anubis-a.akamaized.net/coub_storage/category/cw_image/0327247c5ff/85914bdd8e1edc998c480/small_1544760089_Music3.png","med_image_url":"https://coub-anubis-a.akamaized.net/coub_storage/category/cw_image/0327247c5ff/85914bdd8e1edc998c480/med_1544760089_Music3.png","visible":true}],"communities":[{"id":8,"title":"Music","permalink":"music","subscriptions_count":10082461,"big_image_url":"https://coub-anubis-a.akamaized.net/coub_storage/category/cw_image/0327247c5ff/85914bdd8e1edc998c480/big_1544760089_Music3.png","small_image_url":"https://coub-anubis-a.akamaized.net/coub_storage/category/cw_image/0327247c5ff/85914bdd8e1edc998c480/small_1544760089_Music3.png","med_image_url":"https://coub-anubis-a.akamaized.net/coub_storage/category/cw_image/0327247c5ff/85914bdd8e1edc998c480/med_1544760089_Music3.png","i_subscribed":true,"community_notifications_enabled":null,"description":null}],"recoubs_count":222,"remixes_count":0,"likes_count":945,"dislikes_count":0,"raw_video_id":13578973,"uploaded_by_ios_app":false,"uploaded_by_android_app":false,"media_blocks":{"uploaded_raw_videos":[],"external_raw_videos":[],"remixed_from_coubs":[]},"raw_video_thumbnail_url":"/missing/missing.png","raw_video_title":"22._We_Will_Rock_You_-_Queen_Live_in_Montreal_1981__1080p_HD_Blu-Ray_Mux_.mp4","video_block_banned":false,"duration":10.0,"promo_winner":false,"promo_winner_recoubers":null,"editorial_info":{},"promo_hint":null,"beeline_best_2014":null,"from_web_editor":true,"normalize_sound":true,"normalize_change_allowed":true,"best2015_addable":false,"ahmad_promo":null,"promo_data":null,"audio_copyright_claim":null,"ads_disabled":false,"is_safe_for_ads":true,"megafon_contents":[],"position_on_page":10}]}