{"page":84,"per_page":10,"total_pages":500,"coubs":[{"flag":null,"abuses":null,"recoubs_by_users_channels":null,"favourite":false,"promoted_id":null,"recoub":null,"like":null,"dislike":null,"reaction":null,"in_my_best2015":false,"id":50760938,"type":"Coub::Simple","permalink":"trubd","title":"TREN-D - Candy Boy *-*","visibility_type":"public","original_visibility_type":"public","channel_id":2223686,"created_at":"2017-04-27T17:16:43Z","updated_at":"2022-03-14T03:13:10Z","is_done":true,"views_count":347802,"cotd":null,"cotd_at":null,"visible_on_explore_root":false,"visible_on_explore":false,"featured":false,"published":true,"published_at":"2017-04-27T17:16:43Z","reversed":false,"from_editor_v2":true,"is_editable":true,"original_sound":true,"has_sound":true,"recoub_to":null,"file_versions":{"html5":{"video":{"higher":{"url":"https://coub-anubis-a.akamaized.net/coub_storage/coub/simple/cw_file/d5724eb5abc/3e88a8db5258c3765d22f/muted_mp4_huge_size_1568107359_muted_huge.mp4","size":5311166},"high":{"url":"https://coub-anubis-a.akamaized.net/coub_storage/coub/simple/cw_file/d5724eb5abc/3e88a8db5258c3765d22f/muted_mp4_big_size_1568107359_muted_big.mp4","size":3693868},"med":{"url":"https://coub-anubis-a.akamaized.net/coub_storage/coub/simple/cw_file/d5724eb5abc/3e88a8db5258c3765d22f/muted_mp4_med_size_1568107359_muted_med.mp4","size":1412612}},"audio":{"high":{"url":"https://coub-anubis-a.akamaized.net/coub_storage/coub/simple/cw_looped_audio_high/e20b8f9342d/b0012dd06fb94b7f8782c/1605594913_high_1493318082_high.mp3","size":1281469},"med":{"url":"https://coub-anubis-a.akamaized.net/coub_storage/coub/simple/cw_looped_audio_med/1d788f8fa41/e5623c492157582b7a90c/1605594912_med_1493318082_med.mp3","size":1123961},"sample_duration":7.546}},"mobile":{"video":"https://coub-anubis-a.akamaized.net/coub_storage/coub/simple/cw_file/d5724eb5abc/3e88a8db5258c3765d22f/muted_mp4_med_size_1568107359_muted_med.mp4","audio":["https://coub-anubis-a.akamaized.net/coub_storage/coub/simple/cw_looped_audio_med/1d788f8fa41/e5623c492157582b7a90c/1605594912_med_1493318082_med.mp3"]},"share":{"default":"https://coub-anubis-a.akamaized.net/coub_storage/coub/simple/cw_video_for_sharing/a5580efc8d0/d2124e8f9b7a8b806ce2e/1608821776_looped_1608821774.mp4"}},"audio_versions":{},"image_versions":{"template":"https://coub-anubis-a.akamaized.net/coub_storage/coub/simple/cw_image/b413505303e/2adcc51b778fc2385dca1/1493318089_00024.jpg","versions":["micro","tiny","age_restricted","ios_large","ios_mosaic","big","med","small","pinterest"]},"first_frame_versions":{"template":"https://coub-anubis-a.akamaized.net/coub_storage/coub/simple/cw_timeline_pic/b413505303e/2adcc51b778fc2385dca1/%{version}_1493318089_image.jpg","versions":["big","med","small","ios_large"]},"dimensions":{"big":[1280,720],"med":[640,360]},"site_w_h":[640,360],"page_w_h":[640,360],"site_w_h_small":[310,174],"size":[1280,720],"age_restricted":false,"age_restricted_by_admin":false,"not_safe_for_work":false,"allow_reuse":false,"dont_crop":false,"banned":false,"global_safe":true,"audio_file_url":null,"external_download":{"type":"Youtube","service_name":"YouTube","url":"http://www.youtube.com/watch?v=EIrKkS2t0qY","has_embed":true},"application":null,"channel":{"id":2223686,"permalink":"fassless","title":"FASSLESS","description":null,"followers_count":506,"following_count":0,"avatar_versions":{"template":"https://coub-anubis-a.akamaized.net/coub_storage/channel/cw_avatar/d519d263632/ffce7f1f7ea6826e43e20/%{version}_1607593612_1xyglaz_1537096569_psCRbbwUhzQ2.jpg","versions":["medium","medium_2x","profile_pic","profile_pic_new","profile_pic_new_2x","tiny","tiny_2x","small","small_2x","ios_large","ios_small"]}},"file":null,"picture":"https://coub-anubis-a.akamaized.net/coub_storage/coub/simple/cw_image/b413505303e/2adcc51b778fc2385dca1/1493318089_00024.jpg","timeline_picture":"https://coub-anubis-a.akamaized.net/coub_storage/coub/simple/cw_timeline_pic/b413505303e/2adcc51b778fc2385dca1/ios_large_1493318089_image.jpg","small_picture":"https://coub-anubis-a.akamaized.net/coub_storage/coub/simple/cw_image/b413505303e/2adcc51b778fc2385dca1/1493318089_00024.jpg","sharing_picture":null,"percent_done":100,"tags":[{"id":182,"title":"dance","value":"dance"},{"id":319082,"title":"korean music","value":"korean%20music"},{"id":4212,"title":"korean","value":"korean"},{"id":565449,"title":"ruru","value":"ruru"},{"id":1056925,"title":"candy boy","value":"candy%20boy"},{"id":101273,"title":"trend","value":"trend"},{"id":1053808,"title":"트렌디","value":"%ED%8A%B8%EB%A0%8C%EB%94%94"},{"id":115096,"title":"트랜디","value":"%ED%8A%B8%EB%9E%9C%EB%94%94"},{"id":1056005,"title":"캔디보이","value":"%EC%BA%94%EB%94%94%EB%B3%B4%EC%9D%B4"}],"categories":[{"id":8,"title":"Music","permalink":"music","subscriptions_count":10082461,"big_image_url":"https://coub-anubis-a.akamaized.net/coub_storage/category/cw_image/0327247c5ff/85914bdd8e1edc998c480/big_1544760089_Music3.png","small_image_url":"https://coub-anubis-a.akamaized.net/coub_storage/category/cw_image/0327247c5ff/85914bdd8e1edc998c480/small_1544760089_Music3.png","med_image_url":"https://coub-anubis-a.akamaized.net/coub_storage/category/cw_image/0327247c5ff/85914bdd8e1edc998c480/med_1544760089_Music3.png","visible":true}],"communities":[{"id":8,"title":"Music","permalink":"music","subscriptions_count":10082461,"big_image_url":"https://coub-anubis-a.akamaized.net/coub_storage/category/cw_image/0327247c5ff/85914bdd8e1edc998c480/big_1544760089_Music3.png","small_image_url":"https://coub-anubis-a.akamaized.net/coub_storage/category/cw_image/0327247c5ff/85914bdd8e1edc998c480/small_1544760089_Music3.png","med_image_url":"https://coub-anubis-a.akamaized.net/coub_storage/category/cw_image/0327247c5ff/85914bdd8e1edc998c480/med_1544760089_Music3.png","i_subscribed":true,"community_notifications_enabled":null,"description":null}],"recoubs_count":724,"remixes_count":29,"likes_count":3987,"dislikes_count":0,"raw_video_id":4015401,"uploaded_by_ios_app":false,"uploaded_by_android_app":false,"media_blocks":{"uploaded_raw_videos":[],"external_raw_videos":[{"id":18045929,"title":"20151024 트랜디(TREN-D) 캔디보이(Candy Boy) @힐링 토크콘서트 직캠 by 참~험하게컸다","url":"http://www.youtube.com/watch?v=EIrKkS2t0qY","image":"https://coub-anubis-a.akamaized.net/coub_storage/media_block/cw_image/fd1631d388c/e92ace2f24aa1aad27f57/1492692018_1478126580_7nkaf7_att-url-download.jpg","image_retina":"https://coub-anubis-a.akamaized.net/coub_storage/media_block/cw_image/fd1631d388c/e92ace2f24aa1aad27f57/1492692018_1478126580_7nkaf7_att-url-download.jpg","meta":{"service":"Youtube","duration":"192.592"},"duration":192.592,"raw_video_id":4015401,"has_embed":true}],"remixed_from_coubs":[],"external_video":{"id":18045929,"title":"20151024 트랜디(TREN-D) 캔디보이(Candy Boy) @힐링 토크콘서트 직캠 by 참~험하게컸다","url":"http://www.youtube.com/watch?v=EIrKkS2t0qY","image":"https://coub-anubis-a.akamaized.net/coub_storage/media_block/cw_image/fd1631d388c/e92ace2f24aa1aad27f57/1492692018_1478126580_7nkaf7_att-url-download.jpg","image_retina":"https://coub-anubis-a.akamaized.net/coub_storage/media_block/cw_image/fd1631d388c/e92ace2f24aa1aad27f57/1492692018_1478126580_7nkaf7_att-url-download.jpg","meta":{"service":"Youtube","duration":"192.592"},"duration":192.592,"raw_video_id":4015401,"has_embed":true}},"raw_video_thumbnail_url":"/missing/missing.png","raw_video_title":"20151024 트랜디(TREN-D) 캔디보이(Candy Boy) @힐링 토크콘서트 직캠 by 참~험하게컸다","video_block_banned":false,"duration":7.56,"promo_winner":false,"promo_winner_recoubers":null,"editorial_info":{},"promo_hint":null,"beeline_best_2014":null,"from_web_editor":true,"normalize_sound":true,"normalize_change_allowed":true,"best2015_addable":false,"ahmad_promo":null,"promo_data":null,"audio_copyright_claim":null,"ads_disabled":false,"is_safe_for_ads":true,"megafon_contents":[],"position_on_page":1},{"flag":null,"abuses":null,"recoubs_by_users_channels":null,"favourite":false,"promoted_id":null,"recoub":null,"like":null,"dislike":null,"reaction":null,"in_my_best2015":false,"id":101929522,"type":"Coub::Simple","permalink":"1oa2lg","title":"🚨 beatbox 🚨","visibility_type":"public","original_visibility_type":"public","channel_id":4975446,"created_at":"2019-02-14T17:35:19Z","updated_at":"2022-03-09T22:59:25Z","is_done":true,"views_count":216633,"cotd":null,"cotd_at":null,"visible_on_explore_root":false,"visible_on_explore":false,"featured":false,"published":true,"published_at":"2019-02-14T17:35:19Z","reversed":false,"from_editor_v2":true,"is_editable":true,"original_sound":true,"has_sound":true,"recoub_to":null,"file_versions":{"html5":{"video":{"higher":{"url":"https://coub-anubis-a.akamaized.net/coub_storage/coub/simple/cw_file/da34a16721b/39f8065c3534266c3c332/muted_mp4_huge_size_1574356098_muted_huge.mp4","size":3119958},"high":{"url":"https://coub-anubis-a.akamaized.net/coub_storage/coub/simple/cw_file/da34a16721b/39f8065c3534266c3c332/muted_mp4_big_size_1574356098_muted_big.mp4","size":2398358},"med":{"url":"https://coub-anubis-a.akamaized.net/coub_storage/coub/simple/cw_file/da34a16721b/39f8065c3534266c3c332/muted_mp4_med_size_1574356098_muted_med.mp4","size":752973}},"audio":{"high":{"url":"https://coub-anubis-a.akamaized.net/coub_storage/coub/simple/cw_looped_audio_high/e952adc5c50/634b4b0dde90ebe4510be/1605672688_high_1550165743_high.mp3","size":1067823},"med":{"url":"https://coub-anubis-a.akamaized.net/coub_storage/coub/simple/cw_looped_audio_med/9b960784fb7/d11e53ac4335b009c1438/1605672687_med_1550165743_med.mp3","size":891600},"sample_duration":9.311}},"mobile":{"video":"https://coub-anubis-a.akamaized.net/coub_storage/coub/simple/cw_file/da34a16721b/39f8065c3534266c3c332/muted_mp4_med_size_1574356098_muted_med.mp4","audio":["https://coub-anubis-a.akamaized.net/coub_storage/coub/simple/cw_looped_audio_med/9b960784fb7/d11e53ac4335b009c1438/1605672687_med_1550165743_med.mp3"]},"share":{"default":"https://coub-anubis-a.akamaized.net/coub_storage/coub/simple/cw_video_for_sharing/ea89be864d3/20a507c58124774db79cd/1609884776_looped_1609884774.mp4"}},"audio_versions":{},"image_versions":{"template":"https://coub-anubis-a.akamaized.net/coub_storage/coub/simple/cw_image/32940b048e8/0d65cc18e75bad3ddaea7/1550165750_00030.jpg","versions":["micro","tiny","age_restricted","ios_large","ios_mosaic","big","med","small","pinterest"]},"first_frame_versions":{"template":"https://coub-anubis-a.akamaized.net/coub_storage/coub/simple/cw_timeline_pic/0eb18d9c2f5/f465045638326b61bea39/%{version}_1550165749_image.jpg","versions":["big","med","small","ios_large"]},"dimensions":{"big":[1280,720],"med":[640,360]},"site_w_h":[640,360],"page_w_h":[640,360],"site_w_h_small":[310,174],"size":[1280,720],"age_restricted":false,"age_restricted_by_admin":false,"not_safe_for_work":false,"allow_reuse":false,"dont_crop":false,"banned":false,"global_safe":true,"audio_file_url":null,"external_download":{"type":"Youtube","service_name":"YouTube","url":"https://youtu.be/SJ5dX-fBa9M?list=PLoGwMs0WfTtg2_TZoYAewFqdg_0-ZIwDy","has_embed":true},"application":null,"channel":{"id":4975446,"permalink":"marton225","title":"Marton","description":null,"followers_count":44,"following_count":13,"avatar_versions":{"template":"https://coub-anubis-a.akamaized.net/coub_storage/channel/cw_avatar/4694da3a9ba/bd144c775573c5c8546ed/%{version}_1607428054_vcmket_1542289427_1vccvtl_118304549553809127950.jpg","versions":["medium","medium_2x","profile_pic","profile_pic_new","profile_pic_new_2x","tiny","tiny_2x","small","small_2x","ios_large","ios_small"]}},"file":null,"picture":"https://coub-anubis-a.akamaized.net/coub_storage/coub/simple/cw_image/32940b048e8/0d65cc18e75bad3ddaea7/1550165750_00030.jpg","timeline_picture":"https://coub-anubis-a.akamaized.net/coub_storage/coub/simple/cw_timeline_pic/0eb18d9c2f5/f465045638326b61bea39/ios_large_1550165749_image.jpg","small_picture":"https://coub-anubis-a.akamaized.net/coub_storage/coub/simple/cw_image/32940b048e8/0d65cc18e75bad3ddaea7/1550165750_00030.jpg","sharing_picture":null,"percent_done":100,"tags":[],"categories":[{"id":8,"title":"Music","permalink":"music","subscriptions_count":10082461,"big_image_url":"https://coub-anubis-a.akamaized.net/coub_storage/category/cw_image/0327247c5ff/85914bdd8e1edc998c480/big_1544760089_Music3.png","small_image_url":"https://coub-anubis-a.akamaized.net/coub_storage/category/cw_image/0327247c5ff/85914bdd8e1edc998c480/small_1544760089_Music3.png","med_image_url":"https://coub-anubis-a.akamaized.net/coub_storage/category/cw_image/0327247c5ff/85914bdd8e1edc998c480/med_1544760089_Music3.png","visible":true}],"communities":[{"id":8,"title":"Music","permalink":"music","subscriptions_count":10082461,"big_image_url":"https://coub-anubis-a.akamaized.net/coub_storage/category/cw_image/0327247c5ff/85914bdd8e1edc998c480/big_1544760089_Music3.png","small_image_url":"https://coub-anubis-a.akamaized.net/coub_storage/category/cw_image/0327247c5ff/85914bdd8e1edc998c480/small_1544760089_Music3.png","med_image_url":"https://coub-anubis-a.akamaized.net/coub_storage/category/cw_image/0327247c5ff/85914bdd8e1edc998c480/med_1544760089_Music3.png","i_subscribed":true,"community_notifications_enabled":null,"description":null}],"recoubs_count":623,"remixes_count":0,"likes_count":3973,"dislikes_count":0,"raw_video_id":13176606,"uploaded_by_ios_app":false,"uploaded_by_android_app":true,"media_blocks":{"uploaded_raw_videos":[],"external_raw_videos":[{"id":30382668,"title":"Best Beatbox reaction ever 😂 - Trung Bao at DASH Radio","url":"https://www.youtube.com/watch?v=SJ5dX-fBa9M","image":"https://coub-anubis-a.akamaized.net/coub_storage/media_block/cw_image/dae910991cf/9c73c2ab9e784a6fd9fb0/1549563928_153q0vp_1549563906_1cuqu8d_att-url-download.jpg","image_retina":"https://coub-anubis-a.akamaized.net/coub_storage/media_block/cw_image/dae910991cf/9c73c2ab9e784a6fd9fb0/1549563928_153q0vp_1549563906_1cuqu8d_att-url-download.jpg","meta":{"service":"Youtube","duration":"90.72"},"duration":90.72,"raw_video_id":13176606,"has_embed":true}],"remixed_from_coubs":[],"external_video":{"id":30382668,"title":"Best Beatbox reaction ever 😂 - Trung Bao at DASH Radio","url":"https://www.youtube.com/watch?v=SJ5dX-fBa9M","image":"https://coub-anubis-a.akamaized.net/coub_storage/media_block/cw_image/dae910991cf/9c73c2ab9e784a6fd9fb0/1549563928_153q0vp_1549563906_1cuqu8d_att-url-download.jpg","image_retina":"https://coub-anubis-a.akamaized.net/coub_storage/media_block/cw_image/dae910991cf/9c73c2ab9e784a6fd9fb0/1549563928_153q0vp_1549563906_1cuqu8d_att-url-download.jpg","meta":{"service":"Youtube","duration":"90.72"},"duration":90.72,"raw_video_id":13176606,"has_embed":true}},"raw_video_thumbnail_url":"/missing/missing.png","raw_video_title":"Best Beatbox reaction ever 😂 - Trung Bao at DASH Radio","video_block_banned":false,"duration":9.32,"promo_winner":false,"promo_winner_recoubers":null,"editorial_info":{},"promo_hint":null,"beeline_best_2014":null,"from_web_editor":false,"normalize_sound":true,"normalize_change_allowed":true,"best2015_addable":false,"ahmad_promo":null,"promo_data":null,"audio_copyright_claim":null,"ads_disabled":false,"is_safe_for_ads":true,"megafon_contents":[],"position_on_page":2},{"flag":null,"abuses":null,"recoubs_by_users_channels":null,"favourite":false,"promoted_id":null,"recoub":null,"like":null,"dislike":null,"reaction":null,"in_my_best2015":false,"id":138971547,"type":"Coub::Simple","permalink":"2ae5sq","title":"The Prodigy Mix - Showhawk Duo","visibility_type":"public","original_visibility_type":"public","channel_id":1060601,"created_at":"2020-03-08T20:08:43Z","updated_at":"2022-03-12T09:22:43Z","is_done":true,"views_count":256885,"cotd":null,"cotd_at":null,"visible_on_explore_root":true,"visible_on_explore":true,"featured":true,"published":true,"published_at":"2020-03-08T20:08:43Z","reversed":false,"from_editor_v2":true,"is_editable":true,"original_sound":true,"has_sound":true,"recoub_to":null,"file_versions":{"html5":{"video":{"higher":{"url":"https://coub-anubis-a.akamaized.net/coub_storage/coub/simple/cw_file/35d10be8028/6e2f398a4cd45065ccd26/muted_mp4_huge_size_1583698191_muted_huge.mp4","size":2280007},"high":{"url":"https://coub-anubis-a.akamaized.net/coub_storage/coub/simple/cw_file/35d10be8028/6e2f398a4cd45065ccd26/muted_mp4_big_size_1583698191_muted_big.mp4","size":1750481},"med":{"url":"https://coub-anubis-a.akamaized.net/coub_storage/coub/simple/cw_file/35d10be8028/6e2f398a4cd45065ccd26/muted_mp4_med_size_1583698191_muted_med.mp4","size":456312}},"audio":{"high":{"url":"https://coub-anubis-a.akamaized.net/coub_storage/coub/simple/cw_looped_audio_high/0baf222ce8b/87df896be19bbb80c3483/1605705061_high_1583698191_high.mp3","size":1236185},"med":{"url":"https://coub-anubis-a.akamaized.net/coub_storage/coub/simple/cw_looped_audio_med/42ef91b7541/a0303c67eb8fbae4f7b5c/1605705060_med_1583698191_med.mp3","size":936269},"sample_duration":5.875}},"mobile":{"video":"https://coub-anubis-a.akamaized.net/coub_storage/coub/simple/cw_file/35d10be8028/6e2f398a4cd45065ccd26/muted_mp4_med_size_1583698191_muted_med.mp4","audio":["https://coub-anubis-a.akamaized.net/coub_storage/coub/simple/cw_looped_audio_med/42ef91b7541/a0303c67eb8fbae4f7b5c/1605705060_med_1583698191_med.mp3"]},"share":{"default":"https://coub-anubis-a.akamaized.net/coub_storage/coub/simple/cw_video_for_sharing/bdfd8256a2d/ed6085d50ead075c22c39/1617213445_looped_1617213445.mp4"}},"audio_versions":{},"image_versions":{"template":"https://coub-anubis-a.akamaized.net/coub_storage/coub/simple/cw_image/9c758fe4e62/90402e4256ba67debf55a/1583698197_00019.jpg","versions":["micro","tiny","age_restricted","ios_large","ios_mosaic","big","med","small","pinterest"]},"first_frame_versions":{"template":"https://coub-anubis-a.akamaized.net/coub_storage/coub/simple/cw_timeline_pic/0e2a57e2c85/392418c1a7b7fa95f3680/%{version}_1583698197_image.jpg","versions":["big","med","small","ios_large"]},"dimensions":{"big":[1280,720],"med":[640,360]},"site_w_h":[640,360],"page_w_h":[640,360],"site_w_h_small":[310,174],"size":[1280,720],"age_restricted":false,"age_restricted_by_admin":false,"not_safe_for_work":false,"allow_reuse":false,"dont_crop":false,"banned":false,"global_safe":true,"audio_file_url":null,"external_download":{"type":"Youtube","service_name":"YouTube","url":"https://www.youtube.com/watch?v=kN3yL2BXoq0","has_embed":true},"application":null,"channel":{"id":1060601,"permalink":"kamkam66","title":"kam","description":null,"followers_count":7416,"following_count":505,"avatar_versions":{"template":"https://coub-anubis-a.akamaized.net/coub_storage/channel/cw_avatar/780de8febd6/785c618f01d9f23b43c01/%{version}_1609339009_1f4p6je_1474710214_ui4m9q_att-url-download.jpg","versions":["medium","medium_2x","profile_pic","profile_pic_new","profile_pic_new_2x","tiny","tiny_2x","small","small_2x","ios_large","ios_small"]}},"file":null,"picture":"https://coub-anubis-a.akamaized.net/coub_storage/coub/simple/cw_image/9c758fe4e62/90402e4256ba67debf55a/1583698197_00019.jpg","timeline_picture":"https://coub-anubis-a.akamaized.net/coub_storage/coub/simple/cw_timeline_pic/0e2a57e2c85/392418c1a7b7fa95f3680/ios_large_1583698197_image.jpg","small_picture":"https://coub-anubis-a.akamaized.net/coub_storage/coub/simple/cw_image/9c758fe4e62/90402e4256ba67debf55a/1583698197_00019.jpg","sharing_picture":null,"percent_done":100,"tags":[{"id":610546,"title":"showhawk duo","value":"showhawk%20duo"},{"id":4704365,"title":"showhawkduo","value":"showhawkduo"}],"categories":[{"id":8,"title":"Music","permalink":"music","subscriptions_count":10082461,"big_image_url":"https://coub-anubis-a.akamaized.net/coub_storage/category/cw_image/0327247c5ff/85914bdd8e1edc998c480/big_1544760089_Music3.png","small_image_url":"https://coub-anubis-a.akamaized.net/coub_storage/category/cw_image/0327247c5ff/85914bdd8e1edc998c480/small_1544760089_Music3.png","med_image_url":"https://coub-anubis-a.akamaized.net/coub_storage/category/cw_image/0327247c5ff/85914bdd8e1edc998c480/med_1544760089_Music3.png","visible":true}],"communities":[{"id":8,"title":"Music","permalink":"music","subscriptions_count":10082461,"big_image_url":"https://coub-anubis-a.akamaized.net/coub_storage/category/cw_image/0327247c5ff/85914bdd8e1edc998c480/big_1544760089_Music3.png","small_image_url":"https://coub-anubis-a.akamaized.net/coub_storage/category/cw_image/0327247c5ff/85914bdd8e1edc998c480/small_1544760089_Music3.png","med_image_url":"https://coub-anubis-a.akamaized.net/coub_storage/category/cw_image/0327247c5ff/85914bdd8e1edc998c480/med_1544760089_Music3.png","i_subscribed":true,"community_notifications_enabled":null,"description":null}],"recoubs_count":726,"remixes_count":1,"likes_count":3969,"dislikes_count":0,"raw_video_id":14910954,"uploaded_by_ios_app":false,"uploaded_by_android_app":false,"media_blocks":{"uploaded_raw_videos":[],"external_raw_videos":[{"id":35028717,"title":"The Prodigy Mix - Showhawk Duo","url":"https://www.youtube.com/watch?v=kN3yL2BXoq0","image":"https://coub-anubis-a.akamaized.net/coub_storage/media_block/cw_image/0072929dcbd/a43bc479ffb7720651290/1583696987_1ja6r1b_1583696899_12nifhk_att-url-download.jpg","image_retina":"https://coub-anubis-a.akamaized.net/coub_storage/media_block/cw_image/0072929dcbd/a43bc479ffb7720651290/1583696987_1ja6r1b_1583696899_12nifhk_att-url-download.jpg","meta":{"service":"Youtube","duration":"350.0"},"duration":350.0,"raw_video_id":14910954,"has_embed":true}],"remixed_from_coubs":[],"external_video":{"id":35028717,"title":"The Prodigy Mix - Showhawk Duo","url":"https://www.youtube.com/watch?v=kN3yL2BXoq0","image":"https://coub-anubis-a.akamaized.net/coub_storage/media_block/cw_image/0072929dcbd/a43bc479ffb7720651290/1583696987_1ja6r1b_1583696899_12nifhk_att-url-download.jpg","image_retina":"https://coub-anubis-a.akamaized.net/coub_storage/media_block/cw_image/0072929dcbd/a43bc479ffb7720651290/1583696987_1ja6r1b_1583696899_12nifhk_att-url-download.jpg","meta":{"service":"Youtube","duration":"350.0"},"duration":350.0,"raw_video_id":14910954,"has_embed":true}},"raw_video_thumbnail_url":"/missing/missing.png","raw_video_title":"The Prodigy Mix - Showhawk Duo","video_block_banned":false,"duration":5.84,"promo_winner":false,"promo_winner_recoubers":null,"editorial_info":{},"promo_hint":null,"beeline_best_2014":null,"from_web_editor":true,"normalize_sound":false,"normalize_change_allowed":true,"best2015_addable":false,"ahmad_promo":null,"promo_data":null,"audio_copyright_claim":null,"ads_disabled":false,"is_safe_for_ads":true,"megafon_contents":[],"position_on_page":3},{"flag":null,"abuses":null,"recoubs_by_users_channels":null,"favourite":false,"promoted_id":null,"recoub":null,"like":null,"dislike":null,"reaction":null,"in_my_best2015":false,"id":179213415,"type":"Coub::Simple","permalink":"2ycovl","title":"Happy Birthday","visibility_type":"public","original_visibility_type":"public","channel_id":1810593,"created_at":"2021-11-27T12:00:49Z","updated_at":"2022-03-16T06:03:12Z","is_done":true,"views_count":215307,"cotd":null,"cotd_at":null,"visible_on_explore_root":false,"visible_on_explore":false,"featured":false,"published":true,"published_at":"2021-11-27T12:00:49Z","reversed":false,"from_editor_v2":true,"is_editable":true,"original_sound":true,"has_sound":true,"recoub_to":null,"file_versions":{"html5":{"video":{"higher":{"url":"https://coub-anubis-a.akamaized.net/coub_storage/coub/simple/cw_file/6b63007dd44/75991d2641914875b5fcf/muted_mp4_huge_size_1638014454_muted_huge.mp4","size":3208484},"high":{"url":"https://coub-anubis-a.akamaized.net/coub_storage/coub/simple/cw_file/6b63007dd44/75991d2641914875b5fcf/muted_mp4_big_size_1638014454_muted_big.mp4","size":1948419},"med":{"url":"https://coub-anubis-a.akamaized.net/coub_storage/coub/simple/cw_file/6b63007dd44/75991d2641914875b5fcf/muted_mp4_med_size_1638014454_muted_med.mp4","size":625599}},"audio":{"high":{"url":"https://coub-anubis-a.akamaized.net/coub_storage/coub/simple/cw_looped_audio_high/ecee6346a77/b064c0f2afd5ebd1dd46e/1638014456_mp3-high.mp3","size":1110699},"med":{"url":"https://coub-anubis-a.akamaized.net/coub_storage/coub/simple/cw_looped_audio_med/94781660537/31e977ee9a2df138db448/1638014455_mp3-med.mp3","size":799076},"sample_duration":10.008}},"mobile":{"video":"https://coub-anubis-a.akamaized.net/coub_storage/coub/simple/cw_file/6b63007dd44/75991d2641914875b5fcf/muted_mp4_med_size_1638014454_muted_med.mp4","audio":["https://coub-anubis-a.akamaized.net/coub_storage/coub/simple/cw_looped_audio_med/94781660537/31e977ee9a2df138db448/1638014455_mp3-med.mp3"]},"share":{"default":"https://coub-anubis-a.akamaized.net/coub_storage/coub/simple/cw_video_for_sharing/325da710899/cafc8ff0bae77bce19599/1638014492_looped_1638014491.mp4"}},"audio_versions":{},"image_versions":{"template":"https://coub-anubis-a.akamaized.net/coub_storage/coub/simple/cw_image/7f91cf13c78/bc6aecc526181fb978194/%{version}_1638014463_00032.jpg","versions":["micro","tiny","age_restricted","ios_large","ios_mosaic","big","med","small","pinterest"]},"first_frame_versions":{"template":"https://coub-anubis-a.akamaized.net/coub_storage/coub/simple/cw_timeline_pic/910bae4be0e/df529c553d50a9014002c/%{version}_1638014463_image.jpg","versions":["big","med","small","ios_large"]},"dimensions":{"big":[1280,714],"med":[640,356]},"site_w_h":[640,357],"page_w_h":[640,357],"site_w_h_small":[310,173],"size":[1280,714],"age_restricted":false,"age_restricted_by_admin":false,"not_safe_for_work":false,"allow_reuse":false,"dont_crop":true,"banned":false,"global_safe":null,"audio_file_url":null,"external_download":{"type":"Youtube","service_name":"YouTube","url":"https://youtu.be/W_jlvimn2QQ","has_embed":true},"application":null,"channel":{"id":1810593,"permalink":"coubismunleashed","title":"ピズ デツ","description":null,"followers_count":311,"following_count":40,"avatar_versions":{"template":"https://coub-anubis-a.akamaized.net/coub_storage/channel/cw_avatar/1db1e656334/dc0357fe13a49296402b2/%{version}_1608085005_ux5kde_1511113826_23131646_10213628235527396_5411758542567873062_n.jpg","versions":["medium","medium_2x","profile_pic","profile_pic_new","profile_pic_new_2x","tiny","tiny_2x","small","small_2x","ios_large","ios_small"]}},"file":null,"picture":"https://coub-anubis-a.akamaized.net/coub_storage/coub/simple/cw_image/7f91cf13c78/bc6aecc526181fb978194/med_1638014463_00032.jpg","timeline_picture":"https://coub-anubis-a.akamaized.net/coub_storage/coub/simple/cw_timeline_pic/910bae4be0e/df529c553d50a9014002c/ios_large_1638014463_image.jpg","small_picture":"https://coub-anubis-a.akamaized.net/coub_storage/coub/simple/cw_image/7f91cf13c78/bc6aecc526181fb978194/ios_mosaic_1638014463_00032.jpg","sharing_picture":null,"percent_done":100,"tags":[],"categories":[{"id":8,"title":"Music","permalink":"music","subscriptions_count":10082461,"big_image_url":"https://coub-anubis-a.akamaized.net/coub_storage/category/cw_image/0327247c5ff/85914bdd8e1edc998c480/big_1544760089_Music3.png","small_image_url":"https://coub-anubis-a.akamaized.net/coub_storage/category/cw_image/0327247c5ff/85914bdd8e1edc998c480/small_1544760089_Music3.png","med_image_url":"https://coub-anubis-a.akamaized.net/coub_storage/category/cw_image/0327247c5ff/85914bdd8e1edc998c480/med_1544760089_Music3.png","visible":true}],"communities":[{"id":8,"title":"Music","permalink":"music","subscriptions_count":10082461,"big_image_url":"https://coub-anubis-a.akamaized.net/coub_storage/category/cw_image/0327247c5ff/85914bdd8e1edc998c480/big_1544760089_Music3.png","small_image_url":"https://coub-anubis-a.akamaized.net/coub_storage/category/cw_image/0327247c5ff/85914bdd8e1edc998c480/small_1544760089_Music3.png","med_image_url":"https://coub-anubis-a.akamaized.net/coub_storage/category/cw_image/0327247c5ff/85914bdd8e1edc998c480/med_1544760089_Music3.png","i_subscribed":true,"community_notifications_enabled":null,"description":null}],"recoubs_count":697,"remixes_count":2,"likes_count":3967,"dislikes_count":0,"raw_video_id":16952063,"uploaded_by_ios_app":false,"uploaded_by_android_app":true,"media_blocks":{"uploaded_raw_videos":[],"external_raw_videos":[{"id":40453392,"title":"Happy Birthday   Indian Style sc","url":"https://www.youtube.com/watch?v=W_jlvimn2QQ","image":"https://coub-anubis-a.akamaized.net/coub_storage/media_block/cw_image/6ccb7a36eec/4556730bf5a768be110bf/video_1638014235_13pt85x_1638014201_1638014200_ei1vta_att-url-download.webp","image_retina":"https://coub-anubis-a.akamaized.net/coub_storage/media_block/cw_image/6ccb7a36eec/4556730bf5a768be110bf/video_retina_1638014235_13pt85x_1638014201_1638014200_ei1vta_att-url-download.webp","meta":{"service":"Youtube","duration":"88.56"},"duration":88.56,"raw_video_id":16952063,"has_embed":true}],"remixed_from_coubs":[],"external_video":{"id":40453392,"title":"Happy Birthday   Indian Style sc","url":"https://www.youtube.com/watch?v=W_jlvimn2QQ","image":"https://coub-anubis-a.akamaized.net/coub_storage/media_block/cw_image/6ccb7a36eec/4556730bf5a768be110bf/video_1638014235_13pt85x_1638014201_1638014200_ei1vta_att-url-download.webp","image_retina":"https://coub-anubis-a.akamaized.net/coub_storage/media_block/cw_image/6ccb7a36eec/4556730bf5a768be110bf/video_retina_1638014235_13pt85x_1638014201_1638014200_ei1vta_att-url-download.webp","meta":{"service":"Youtube","duration":"88.56"},"duration":88.56,"raw_video_id":16952063,"has_embed":true}},"raw_video_thumbnail_url":"https://coub-anubis-a.akamaized.net/coub_storage/raw_video/cw_image/c76c0b0ba90/cb96db7114ab86fa8d9db/coub_media_1638014201_1638014200_ei1vta_att-url-download.webp","raw_video_title":"Happy Birthday   Indian Style sc","video_block_banned":false,"duration":10.0,"promo_winner":false,"promo_winner_recoubers":null,"editorial_info":{},"promo_hint":null,"beeline_best_2014":null,"from_web_editor":false,"normalize_sound":true,"normalize_change_allowed":true,"best2015_addable":false,"ahmad_promo":null,"promo_data":null,"audio_copyright_claim":null,"ads_disabled":false,"is_safe_for_ads":true,"megafon_contents":[],"position_on_page":4},{"flag":null,"abuses":null,"recoubs_by_users_channels":null,"favourite":false,"promoted_id":null,"recoub":null,"like":null,"dislike":null,"reaction":null,"in_my_best2015":false,"id":180008263,"type":"Coub::Simple","permalink":"2ytq6t","title":"Последняя вечеринка перед закрытием COUB","visibility_type":"public","original_visibility_type":"public","channel_id":1448138,"created_at":"2021-12-13T17:38:26Z","updated_at":"2022-03-16T05:57:09Z","is_done":true,"views_count":242642,"cotd":null,"cotd_at":null,"visible_on_explore_root":false,"visible_on_explore":false,"featured":false,"published":true,"published_at":"2021-12-13T17:38:26Z","reversed":false,"from_editor_v2":true,"is_editable":true,"original_sound":true,"has_sound":true,"recoub_to":null,"file_versions":{"html5":{"video":{"higher":{"url":"https://coub-anubis-a.akamaized.net/coub_storage/coub/simple/cw_file/658f9c0436c/63bffc1db8dc5d762650e/muted_mp4_huge_size_1639417152_muted_huge.mp4","size":6473966},"high":{"url":"https://coub-anubis-a.akamaized.net/coub_storage/coub/simple/cw_file/658f9c0436c/63bffc1db8dc5d762650e/muted_mp4_big_size_1639417152_muted_big.mp4","size":4496370},"med":{"url":"https://coub-anubis-a.akamaized.net/coub_storage/coub/simple/cw_file/658f9c0436c/63bffc1db8dc5d762650e/muted_mp4_med_size_1639417152_muted_med.mp4","size":1559570}},"audio":{"high":{"url":"https://coub-anubis-a.akamaized.net/coub_storage/coub/simple/cw_looped_audio_high/2d542b2e8b3/d1dc08c8c1311d09661c2/1639417154_mp3-high.mp3","size":1084302},"med":{"url":"https://coub-anubis-a.akamaized.net/coub_storage/coub/simple/cw_looped_audio_med/424eed136a2/9a06395667a1aed06a193/1639417154_mp3-med.mp3","size":799076},"sample_duration":10.008}},"mobile":{"video":"https://coub-anubis-a.akamaized.net/coub_storage/coub/simple/cw_file/658f9c0436c/63bffc1db8dc5d762650e/muted_mp4_med_size_1639417152_muted_med.mp4","audio":["https://coub-anubis-a.akamaized.net/coub_storage/coub/simple/cw_looped_audio_med/424eed136a2/9a06395667a1aed06a193/1639417154_mp3-med.mp3"]},"share":{"default":"https://coub-anubis-a.akamaized.net/coub_storage/coub/simple/cw_video_for_sharing/517a1cf9a05/0bf46084f10be18a3a135/1639417203_looped_1639417201.mp4"}},"audio_versions":{},"image_versions":{"template":"https://coub-anubis-a.akamaized.net/coub_storage/coub/simple/cw_image/fc1210262b7/0fdc1a6661dbf6ed3c837/%{version}_1639417163_00032.jpg","versions":["micro","tiny","age_restricted","ios_large","ios_mosaic","big","med","small","pinterest"]},"first_frame_versions":{"template":"https://coub-anubis-a.akamaized.net/coub_storage/coub/simple/cw_timeline_pic/344b3166e32/0ca6a996fa44a05580847/%{version}_1639417162_image.jpg","versions":["big","med","small","ios_large"]},"dimensions":{"big":[1280,720],"med":[640,360]},"site_w_h":[640,360],"page_w_h":[640,360],"site_w_h_small":[310,174],"size":[1280,720],"age_restricted":false,"age_restricted_by_admin":false,"not_safe_for_work":false,"allow_reuse":false,"dont_crop":true,"banned":false,"global_safe":null,"audio_file_url":null,"external_download":{"type":"Youtube","service_name":"YouTube","url":"https://youtu.be/D1NdGBldg3w","has_embed":true},"application":null,"channel":{"id":1448138,"permalink":"snow.fall","title":"Ays","description":null,"followers_count":15,"following_count":13,"avatar_versions":{"template":"https://coub-anubis-a.akamaized.net/coub_storage/channel/cw_avatar/1f7c3b992a4/986afa2c50aa3f4ec006d/%{version}_1607833819_3tm6mm_1584644114_evreiskii-anekdot-iz-odessi.orig_-1.jpg","versions":["medium","medium_2x","profile_pic","profile_pic_new","profile_pic_new_2x","tiny","tiny_2x","small","small_2x","ios_large","ios_small"]}},"file":null,"picture":"https://coub-anubis-a.akamaized.net/coub_storage/coub/simple/cw_image/fc1210262b7/0fdc1a6661dbf6ed3c837/med_1639417163_00032.jpg","timeline_picture":"https://coub-anubis-a.akamaized.net/coub_storage/coub/simple/cw_timeline_pic/344b3166e32/0ca6a996fa44a05580847/ios_large_1639417162_image.jpg","small_picture":"https://coub-anubis-a.akamaized.net/coub_storage/coub/simple/cw_image/fc1210262b7/0fdc1a6661dbf6ed3c837/ios_mosaic_1639417163_00032.jpg","sharing_picture":null,"percent_done":100,"tags":[{"id":50,"title":"coub","value":"coub"},{"id":130341,"title":"комитет","value":"%D0%BA%D0%BE%D0%BC%D0%B8%D1%82%D0%B5%D1%82"},{"id":6653919,"title":"продажа coub","value":"%D0%BF%D1%80%D0%BE%D0%B4%D0%B0%D0%B6%D0%B0%20coub"}],"categories":[{"id":8,"title":"Music","permalink":"music","subscriptions_count":10082461,"big_image_url":"https://coub-anubis-a.akamaized.net/coub_storage/category/cw_image/0327247c5ff/85914bdd8e1edc998c480/big_1544760089_Music3.png","small_image_url":"https://coub-anubis-a.akamaized.net/coub_storage/category/cw_image/0327247c5ff/85914bdd8e1edc998c480/small_1544760089_Music3.png","med_image_url":"https://coub-anubis-a.akamaized.net/coub_storage/category/cw_image/0327247c5ff/85914bdd8e1edc998c480/med_1544760089_Music3.png","visible":true}],"communities":[{"id":8,"title":"Music","permalink":"music","subscriptions_count":10082461,"big_image_url":"https://coub-anubis-a.akamaized.net/coub_storage/category/cw_image/0327247c5ff/85914bdd8e1edc998c480/big_1544760089_Music3.png","small_image_url":"https://coub-anubis-a.akamaized.net/coub_storage/category/cw_image/0327247c5ff/85914bdd8e1edc998c480/small_1544760089_Music3.png","med_image_url":"https://coub-anubis-a.akamaized.net/coub_storage/category/cw_image/0327247c5ff/85914bdd8e1edc998c480/med_1544760089_Music3.png","i_subscribed":true,"community_notifications_enabled":null,"description":null}],"recoubs_count":656,"remixes_count":0,"likes_count":3966,"dislikes_count":0,"raw_video_id":16741981,"uploaded_by_ios_app":false,"uploaded_by_android_app":false,"media_blocks":{"uploaded_raw_videos":[],"external_raw_videos":[{"id":39601359,"title":"Eskimo Callboy - WE GOT THE MOVES (OFFICIAL VIDEO)","url":"https://www.youtube.com/watch?v=D1NdGBldg3w","image":"https://coub-anubis-a.akamaized.net/coub_storage/media_block/cw_image/056fac3a5a2/d6ed9faefec5539478900/video_1630711951_nlrthw_1630711889_1630711885_1jjz58n_att-url-download.webp_v_612d627a","image_retina":"https://coub-anubis-a.akamaized.net/coub_storage/media_block/cw_image/056fac3a5a2/d6ed9faefec5539478900/video_retina_1630711951_nlrthw_1630711889_1630711885_1jjz58n_att-url-download.webp_v_612d627a","meta":{"service":"Youtube","duration":"216.76"},"duration":216.76,"raw_video_id":16741981,"has_embed":true}],"remixed_from_coubs":[],"external_video":{"id":39601359,"title":"Eskimo Callboy - WE GOT THE MOVES (OFFICIAL VIDEO)","url":"https://www.youtube.com/watch?v=D1NdGBldg3w","image":"https://coub-anubis-a.akamaized.net/coub_storage/media_block/cw_image/056fac3a5a2/d6ed9faefec5539478900/video_1630711951_nlrthw_1630711889_1630711885_1jjz58n_att-url-download.webp_v_612d627a","image_retina":"https://coub-anubis-a.akamaized.net/coub_storage/media_block/cw_image/056fac3a5a2/d6ed9faefec5539478900/video_retina_1630711951_nlrthw_1630711889_1630711885_1jjz58n_att-url-download.webp_v_612d627a","meta":{"service":"Youtube","duration":"216.76"},"duration":216.76,"raw_video_id":16741981,"has_embed":true}},"raw_video_thumbnail_url":"https://coub-anubis-a.akamaized.net/coub_storage/raw_video/cw_image/16f02f9c7ef/8a428d98f2f66e83c6c17/coub_media_1630711889_1630711885_1jjz58n_att-url-download.webp_v_612d627a","raw_video_title":"Eskimo Callboy - WE GOT THE MOVES (OFFICIAL VIDEO)","video_block_banned":false,"duration":10.0,"promo_winner":false,"promo_winner_recoubers":null,"editorial_info":{},"promo_hint":null,"beeline_best_2014":null,"from_web_editor":true,"normalize_sound":true,"normalize_change_allowed":true,"best2015_addable":false,"ahmad_promo":null,"promo_data":null,"audio_copyright_claim":null,"ads_disabled":false,"is_safe_for_ads":true,"megafon_contents":[],"position_on_page":5},{"flag":null,"abuses":null,"recoubs_by_users_channels":null,"favourite":false,"promoted_id":null,"recoub":null,"like":null,"dislike":null,"reaction":null,"in_my_best2015":false,"id":88780200,"type":"Coub::Simple","permalink":"1gg8fj","title":"Dance up!","visibility_type":"public","original_visibility_type":"public","channel_id":4900340,"created_at":"2018-10-20T19:01:14Z","updated_at":"2022-03-15T20:55:22Z","is_done":true,"views_count":230722,"cotd":null,"cotd_at":null,"visible_on_explore_root":false,"visible_on_explore":false,"featured":false,"published":true,"published_at":"2018-10-20T19:01:14Z","reversed":false,"from_editor_v2":true,"is_editable":true,"original_sound":true,"has_sound":true,"recoub_to":null,"file_versions":{"html5":{"video":{"higher":{"url":"https://coub-anubis-a.akamaized.net/coub_storage/coub/simple/cw_file/4fd3d0e2628/23b7c4aeec8f5d5effa0e/muted_mp4_huge_size_1570702228_muted_huge.mp4","size":2854433},"high":{"url":"https://coub-anubis-a.akamaized.net/coub_storage/coub/simple/cw_file/4fd3d0e2628/23b7c4aeec8f5d5effa0e/muted_mp4_big_size_1570702228_muted_big.mp4","size":2069093},"med":{"url":"https://coub-anubis-a.akamaized.net/coub_storage/coub/simple/cw_file/4fd3d0e2628/23b7c4aeec8f5d5effa0e/muted_mp4_med_size_1570702228_muted_med.mp4","size":674817}},"audio":{"high":{"url":"https://coub-anubis-a.akamaized.net/coub_storage/coub/simple/cw_looped_audio_high/fb61c7bbcc3/4b37d95bce720d10b3ef2/1605602543_high_1540062090_high.mp3","size":1146297},"med":{"url":"https://coub-anubis-a.akamaized.net/coub_storage/coub/simple/cw_looped_audio_med/19975d06db7/c5dc4a81ebbc964a7a814/1605602543_med_1540062090_med.mp3","size":799076},"sample_duration":10.009}},"mobile":{"video":"https://coub-anubis-a.akamaized.net/coub_storage/coub/simple/cw_file/4fd3d0e2628/23b7c4aeec8f5d5effa0e/muted_mp4_med_size_1570702228_muted_med.mp4","audio":["https://coub-anubis-a.akamaized.net/coub_storage/coub/simple/cw_looped_audio_med/19975d06db7/c5dc4a81ebbc964a7a814/1605602543_med_1540062090_med.mp3"]},"share":{"default":"https://coub-anubis-a.akamaized.net/coub_storage/coub/simple/cw_video_for_sharing/2d23b916169/ddb6e70148ec33a726ba7/1609533901_looped_1609533900.mp4"}},"audio_versions":{},"image_versions":{"template":"https://coub-anubis-a.akamaized.net/coub_storage/coub/simple/cw_image/c7f60c57187/3688fd72bba04ed4a59bc/1540062097_00032.jpg","versions":["micro","tiny","age_restricted","ios_large","ios_mosaic","big","med","small","pinterest"]},"first_frame_versions":{"template":"https://coub-anubis-a.akamaized.net/coub_storage/coub/simple/cw_timeline_pic/092a8cea05f/afab08de900a2c5a291ff/%{version}_1540062096_image.jpg","versions":["big","med","small","ios_large"]},"dimensions":{"big":[1280,544],"med":[640,272]},"site_w_h":[640,272],"page_w_h":[640,272],"site_w_h_small":[310,132],"size":[1280,544],"age_restricted":false,"age_restricted_by_admin":false,"not_safe_for_work":false,"allow_reuse":false,"dont_crop":false,"banned":false,"global_safe":true,"audio_file_url":null,"external_download":false,"application":null,"channel":{"id":4900340,"permalink":"pasquil0","title":"Pasquil","description":null,"followers_count":59,"following_count":11,"avatar_versions":{"template":"https://coub-anubis-a.akamaized.net/coub_storage/channel/cw_avatar/568c6d6d234/d7a135ec0032e773b9917/%{version}_1607613867_18yvora_1540061867_____.png","versions":["medium","medium_2x","profile_pic","profile_pic_new","profile_pic_new_2x","tiny","tiny_2x","small","small_2x","ios_large","ios_small"]}},"file":null,"picture":"https://coub-anubis-a.akamaized.net/coub_storage/coub/simple/cw_image/c7f60c57187/3688fd72bba04ed4a59bc/1540062097_00032.jpg","timeline_picture":"https://coub-anubis-a.akamaized.net/coub_storage/coub/simple/cw_timeline_pic/092a8cea05f/afab08de900a2c5a291ff/ios_large_1540062096_image.jpg","small_picture":"https://coub-anubis-a.akamaized.net/coub_storage/coub/simple/cw_image/c7f60c57187/3688fd72bba04ed4a59bc/1540062097_00032.jpg","sharing_picture":null,"percent_done":100,"tags":[{"id":95883,"title":"nathan barnatt","value":"nathan%20barnatt"},{"id":1436995,"title":"would i lie to you","value":"would%20i%20lie%20to%20you"},{"id":8960,"title":"sugar","value":"sugar"},{"id":125,"title":"dancing","value":"dancing"}],"categories":[{"id":8,"title":"Music","permalink":"music","subscriptions_count":10082461,"big_image_url":"https://coub-anubis-a.akamaized.net/coub_storage/category/cw_image/0327247c5ff/85914bdd8e1edc998c480/big_1544760089_Music3.png","small_image_url":"https://coub-anubis-a.akamaized.net/coub_storage/category/cw_image/0327247c5ff/85914bdd8e1edc998c480/small_1544760089_Music3.png","med_image_url":"https://coub-anubis-a.akamaized.net/coub_storage/category/cw_image/0327247c5ff/85914bdd8e1edc998c480/med_1544760089_Music3.png","visible":true}],"communities":[{"id":8,"title":"Music","permalink":"music","subscriptions_count":10082461,"big_image_url":"https://coub-anubis-a.akamaized.net/coub_storage/category/cw_image/0327247c5ff/85914bdd8e1edc998c480/big_1544760089_Music3.png","small_image_url":"https://coub-anubis-a.akamaized.net/coub_storage/category/cw_image/0327247c5ff/85914bdd8e1edc998c480/small_1544760089_Music3.png","med_image_url":"https://coub-anubis-a.akamaized.net/coub_storage/category/cw_image/0327247c5ff/85914bdd8e1edc998c480/med_1544760089_Music3.png","i_subscribed":true,"community_notifications_enabled":null,"description":null}],"recoubs_count":808,"remixes_count":24,"likes_count":3966,"dislikes_count":0,"raw_video_id":12563122,"uploaded_by_ios_app":false,"uploaded_by_android_app":false,"media_blocks":{"uploaded_raw_videos":[],"external_raw_videos":[],"remixed_from_coubs":[]},"raw_video_thumbnail_url":"/missing/missing.png","raw_video_title":"Would_i_lie.mp4","video_block_banned":false,"duration":10.0,"promo_winner":false,"promo_winner_recoubers":null,"editorial_info":{},"promo_hint":null,"beeline_best_2014":null,"from_web_editor":true,"normalize_sound":true,"normalize_change_allowed":true,"best2015_addable":false,"ahmad_promo":null,"promo_data":null,"audio_copyright_claim":null,"ads_disabled":false,"is_safe_for_ads":true,"megafon_contents":[],"position_on_page":6},{"flag":null,"abuses":null,"recoubs_by_users_channels":null,"favourite":false,"promoted_id":null,"recoub":null,"like":null,"dislike":null,"reaction":null,"in_my_best2015":false,"id":2797371,"type":"Coub::Simple","permalink":"17t2n","title":"office theme","visibility_type":"public","original_visibility_type":"public","channel_id":1157857,"created_at":"2014-04-06T18:43:30Z","updated_at":"2022-03-12T15:44:58Z","is_done":true,"views_count":271314,"cotd":null,"cotd_at":null,"visible_on_explore_root":true,"visible_on_explore":true,"featured":true,"published":true,"published_at":"2014-04-06T18:43:30Z","reversed":false,"from_editor_v2":true,"is_editable":true,"original_sound":true,"has_sound":true,"recoub_to":null,"file_versions":{"html5":{"video":{"higher":{"url":"https://coub-anubis-a.akamaized.net/coub_storage/coub/simple/cw_file/c08588a369f/2a5826bd2ede15a1ca1a5/muted_mp4_huge_size_1567703343_muted_huge.mp4","size":2341171},"high":{"url":"https://coub-anubis-a.akamaized.net/coub_storage/coub/simple/cw_file/c08588a369f/2a5826bd2ede15a1ca1a5/muted_mp4_big_size_1567703343_muted_big.mp4","size":1650676},"med":{"url":"https://coub-anubis-a.akamaized.net/coub_storage/coub/simple/cw_file/c08588a369f/2a5826bd2ede15a1ca1a5/muted_mp4_med_size_1567703343_muted_med.mp4","size":556405}},"audio":{"high":{"url":"https://coub-anubis-a.akamaized.net/coub_storage/coub/simple/cw_looped_audio_high/a4d4dca3ecd/68b8c0292ab259575082a/1605426441_high_1470843068_high.mp3","size":1449257},"med":{"url":"https://coub-anubis-a.akamaized.net/coub_storage/coub/simple/cw_looped_audio_med/911ffd896ae/8a949c38941fde1180ea7/1605426440_med_1470843068_med.mp3","size":1160302},"sample_duration":9.938}},"mobile":{"video":"https://coub-anubis-a.akamaized.net/coub_storage/coub/simple/cw_file/c08588a369f/2a5826bd2ede15a1ca1a5/muted_mp4_med_size_1567703343_muted_med.mp4","audio":["https://coub-anubis-a.akamaized.net/coub_storage/coub/simple/cw_looped_audio_med/911ffd896ae/8a949c38941fde1180ea7/1605426440_med_1470843068_med.mp3"]},"share":{"default":"https://coub-anubis-a.akamaized.net/coub_storage/coub/simple/cw_video_for_sharing/bd621942c22/550b94d350a56abbe8feb/1638472366_looped_1638472364.mp4"}},"audio_versions":{},"image_versions":{"template":"https://coub-anubis-a.akamaized.net/coub_storage/coub/simple/cw_image/a1aa687e513/225a27b4f5e84b8555b29/1470842985_00032.jpg","versions":["micro","tiny","age_restricted","ios_large","ios_mosaic","big","med","small","pinterest"]},"first_frame_versions":{"template":"https://coub-anubis-a.akamaized.net/coub_storage/coub/simple/cw_timeline_pic/a1aa687e513/225a27b4f5e84b8555b29/%{version}_1470843003_image.jpg","versions":["big","med","small","ios_large"]},"dimensions":{"big":[1280,960],"med":[640,480]},"site_w_h":[640,480],"page_w_h":[640,480],"site_w_h_small":[310,233],"size":[1280,960],"age_restricted":false,"age_restricted_by_admin":false,"not_safe_for_work":null,"allow_reuse":false,"dont_crop":false,"banned":false,"global_safe":true,"audio_file_url":null,"external_download":{"type":"Youtube","service_name":"YouTube","url":"http://www.youtube.com/watch?v=tD-lufXAFjo","has_embed":true},"application":null,"channel":{"id":1157857,"permalink":"deadflamingoinspace","title":"Dead Flamingo","description":null,"followers_count":8688,"following_count":43,"avatar_versions":{"template":"https://coub-anubis-a.akamaized.net/coub_storage/channel/cw_avatar/dc25b608b70/d5865fa0572554d1babf5/%{version}_1607431957_1daehvv_1474711656_g1jtnz_att-url-download.png","versions":["medium","medium_2x","profile_pic","profile_pic_new","profile_pic_new_2x","tiny","tiny_2x","small","small_2x","ios_large","ios_small"]}},"file":null,"picture":"https://coub-anubis-a.akamaized.net/coub_storage/coub/simple/cw_image/a1aa687e513/225a27b4f5e84b8555b29/1470842985_00032.jpg","timeline_picture":"https://coub-anubis-a.akamaized.net/coub_storage/coub/simple/cw_timeline_pic/a1aa687e513/225a27b4f5e84b8555b29/ios_large_1470843003_image.jpg","small_picture":"https://coub-anubis-a.akamaized.net/coub_storage/coub/simple/cw_image/a1aa687e513/225a27b4f5e84b8555b29/1470842985_00032.jpg","sharing_picture":null,"percent_done":100,"tags":[{"id":775,"title":"got","value":"got"},{"id":11408,"title":"america's","value":"america's"},{"id":1665,"title":"cover","value":"cover"},{"id":17749,"title":"medley","value":"medley"},{"id":1982,"title":"song","value":"song"},{"id":58474,"title":"jenkins","value":"jenkins"},{"id":13685,"title":"kent","value":"kent"},{"id":9020,"title":"show","value":"show"},{"id":1754,"title":"talent","value":"talent"},{"id":274232,"title":"oswego","value":"oswego"},{"id":1869,"title":"lake","value":"lake"},{"id":25501,"title":"pacers","value":"pacers"},{"id":274231,"title":"lhs","value":"lhs"},{"id":810,"title":"school","value":"school"},{"id":2343,"title":"high","value":"high"},{"id":274230,"title":"lakeridge","value":"lakeridge"},{"id":79265,"title":"instrument","value":"instrument"},{"id":141176,"title":"pvc","value":"pvc"},{"id":17656,"title":"group","value":"group"},{"id":1114,"title":"man","value":"man"},{"id":3222,"title":"blue","value":"blue"}],"categories":[{"id":8,"title":"Music","permalink":"music","subscriptions_count":10082461,"big_image_url":"https://coub-anubis-a.akamaized.net/coub_storage/category/cw_image/0327247c5ff/85914bdd8e1edc998c480/big_1544760089_Music3.png","small_image_url":"https://coub-anubis-a.akamaized.net/coub_storage/category/cw_image/0327247c5ff/85914bdd8e1edc998c480/small_1544760089_Music3.png","med_image_url":"https://coub-anubis-a.akamaized.net/coub_storage/category/cw_image/0327247c5ff/85914bdd8e1edc998c480/med_1544760089_Music3.png","visible":true}],"communities":[{"id":8,"title":"Music","permalink":"music","subscriptions_count":10082461,"big_image_url":"https://coub-anubis-a.akamaized.net/coub_storage/category/cw_image/0327247c5ff/85914bdd8e1edc998c480/big_1544760089_Music3.png","small_image_url":"https://coub-anubis-a.akamaized.net/coub_storage/category/cw_image/0327247c5ff/85914bdd8e1edc998c480/small_1544760089_Music3.png","med_image_url":"https://coub-anubis-a.akamaized.net/coub_storage/category/cw_image/0327247c5ff/85914bdd8e1edc998c480/med_1544760089_Music3.png","i_subscribed":true,"community_notifications_enabled":null,"description":null}],"recoubs_count":849,"remixes_count":2,"likes_count":3959,"dislikes_count":0,"raw_video_id":1388679,"uploaded_by_ios_app":false,"uploaded_by_android_app":false,"media_blocks":{"uploaded_raw_videos":[],"external_raw_videos":[{"id":11871755,"title":"My PVC Instrument, Talent Show","url":"http://www.youtube.com/watch?v=tD-lufXAFjo","image":"https://coub-anubis-a.akamaized.net/coub_storage/media_block/cw_image/7b6762dfa23/5e517dcc251b8f7b9f7cf/1492508126_1432582945_zbro2l_att-url-download.jpg","image_retina":"https://coub-anubis-a.akamaized.net/coub_storage/media_block/cw_image/7b6762dfa23/5e517dcc251b8f7b9f7cf/1492508126_1432582945_zbro2l_att-url-download.jpg","meta":{"service":"Youtube","duration":"377.76"},"duration":377.76,"raw_video_id":1388679,"has_embed":true}],"remixed_from_coubs":[],"external_video":{"id":11871755,"title":"My PVC Instrument, Talent Show","url":"http://www.youtube.com/watch?v=tD-lufXAFjo","image":"https://coub-anubis-a.akamaized.net/coub_storage/media_block/cw_image/7b6762dfa23/5e517dcc251b8f7b9f7cf/1492508126_1432582945_zbro2l_att-url-download.jpg","image_retina":"https://coub-anubis-a.akamaized.net/coub_storage/media_block/cw_image/7b6762dfa23/5e517dcc251b8f7b9f7cf/1492508126_1432582945_zbro2l_att-url-download.jpg","meta":{"service":"Youtube","duration":"377.76"},"duration":377.76,"raw_video_id":1388679,"has_embed":true}},"raw_video_thumbnail_url":"/missing/missing.png","raw_video_title":"My PVC Instrument, Talent Show","video_block_banned":false,"duration":9.92,"promo_winner":false,"promo_winner_recoubers":null,"editorial_info":{},"promo_hint":null,"beeline_best_2014":null,"from_web_editor":true,"normalize_sound":true,"normalize_change_allowed":true,"best2015_addable":false,"ahmad_promo":null,"promo_data":null,"audio_copyright_claim":null,"ads_disabled":null,"is_safe_for_ads":true,"megafon_contents":[],"position_on_page":7},{"flag":null,"abuses":null,"recoubs_by_users_channels":null,"favourite":false,"promoted_id":null,"recoub":null,"like":null,"dislike":null,"reaction":null,"in_my_best2015":false,"id":148961368,"type":"Coub::Simple","permalink":"2gca1y","title":"Напрасное далёко | polnalyubvi","visibility_type":"public","original_visibility_type":"public","channel_id":148000,"created_at":"2020-07-06T07:37:56Z","updated_at":"2022-03-15T19:24:14Z","is_done":true,"views_count":299613,"cotd":null,"cotd_at":null,"visible_on_explore_root":false,"visible_on_explore":false,"featured":false,"published":true,"published_at":"2020-07-06T07:37:56Z","reversed":false,"from_editor_v2":true,"is_editable":true,"original_sound":false,"has_sound":false,"recoub_to":null,"file_versions":{"html5":{"video":{"higher":{"url":"https://coub-anubis-a.akamaized.net/coub_storage/coub/simple/cw_file/f2f39ca93cc/331c29232dea443b0983c/muted_mp4_huge_size_1594021088_muted_huge.mp4","size":637680},"high":{"url":"https://coub-anubis-a.akamaized.net/coub_storage/coub/simple/cw_file/f2f39ca93cc/331c29232dea443b0983c/muted_mp4_big_size_1594021088_muted_big.mp4","size":374062},"med":{"url":"https://coub-anubis-a.akamaized.net/coub_storage/coub/simple/cw_file/f2f39ca93cc/331c29232dea443b0983c/muted_mp4_med_size_1594021088_muted_med.mp4","size":84683}},"audio":{"high":{"url":"https://coub-anubis-a.akamaized.net/coub_storage/coub/simple/cw_looped_audio_high/49a12213db6/f7d76e106a28f208258cc/1605681811_high_1594021096_high.mp3","size":1238046},"med":{"url":"https://coub-anubis-a.akamaized.net/coub_storage/coub/simple/cw_looped_audio_med/9da28f487b3/3ab2842edc0d6e6b3e274/1605681810_med_1594021096_med.mp3","size":957119}}},"mobile":{"video":"https://coub-anubis-a.akamaized.net/coub_storage/coub/simple/cw_file/f2f39ca93cc/331c29232dea443b0983c/muted_mp4_med_size_1594021088_muted_med.mp4","audio":["https://coub-anubis-a.akamaized.net/coub_storage/coub/simple/cw_looped_audio_med/9da28f487b3/3ab2842edc0d6e6b3e274/1605681810_med_1594021096_med.mp3"]},"share":{"default":"https://coub-anubis-a.akamaized.net/coub_storage/coub/simple/cw_video_for_sharing/ed3c1ee3f96/f17a53446ad2b5ebb6f6b/1608194652_looped_1608194651.mp4"}},"audio_versions":{"template":"https://coub-anubis-a.akamaized.net/coub_storage/audio_track/cw_file/9271a073d9c/6ac51be5159d033f59073/mid_1594021089_14mr4gm_edited.mp3","versions":["mid","low"]},"image_versions":{"template":"https://coub-anubis-a.akamaized.net/coub_storage/coub/simple/cw_image/6d61e2df2f0/b3260bc1ba32453880350/1594021108_00032.jpg","versions":["micro","tiny","age_restricted","ios_large","ios_mosaic","big","med","small","pinterest"]},"first_frame_versions":{"template":"https://coub-anubis-a.akamaized.net/coub_storage/coub/simple/cw_timeline_pic/fd8c20d06ba/5478c0be8b47c80e94bea/%{version}_1594021107_image.jpg","versions":["big","med","small","ios_large"]},"dimensions":{"big":[538,960],"med":[268,480]},"site_w_h":[224,400],"page_w_h":[400,714],"site_w_h_small":[310,553],"size":[538,960],"age_restricted":false,"age_restricted_by_admin":false,"not_safe_for_work":false,"allow_reuse":false,"dont_crop":false,"banned":false,"global_safe":false,"audio_file_url":"https://coub-anubis-a.akamaized.net/coub_storage/audio_track/cw_file/9271a073d9c/6ac51be5159d033f59073/low_1594021089_14mr4gm_edited.mp3","external_download":false,"application":null,"channel":{"id":148000,"permalink":"..onlyaw","title":"OnlyAW","description":null,"followers_count":987,"following_count":2,"avatar_versions":{"template":"https://coub-anubis-a.akamaized.net/coub_storage/channel/cw_avatar/c5315a020ab/fdd4a18afa64b69ad1be2/%{version}_1474488869_uk3td7_att-url-download.jpg","versions":["medium","medium_2x","profile_pic","profile_pic_new","profile_pic_new_2x","tiny","tiny_2x","small","small_2x","ios_large","ios_small"]}},"file":null,"picture":"https://coub-anubis-a.akamaized.net/coub_storage/coub/simple/cw_image/6d61e2df2f0/b3260bc1ba32453880350/1594021108_00032.jpg","timeline_picture":"https://coub-anubis-a.akamaized.net/coub_storage/coub/simple/cw_timeline_pic/fd8c20d06ba/5478c0be8b47c80e94bea/ios_large_1594021107_image.jpg","small_picture":"https://coub-anubis-a.akamaized.net/coub_storage/coub/simple/cw_image/6d61e2df2f0/b3260bc1ba32453880350/1594021108_00032.jpg","sharing_picture":null,"percent_done":100,"tags":[{"id":3654221,"title":"polnalyubvi","value":"polnalyubvi"},{"id":144577,"title":"прекрасное далеко","value":"%D0%BF%D1%80%D0%B5%D0%BA%D1%80%D0%B0%D1%81%D0%BD%D0%BE%D0%B5%20%D0%B4%D0%B0%D0%BB%D0%B5%D0%BA%D0%BE"},{"id":1598861,"title":"tiktok","value":"tiktok"}],"categories":[{"id":8,"title":"Music","permalink":"music","subscriptions_count":10082461,"big_image_url":"https://coub-anubis-a.akamaized.net/coub_storage/category/cw_image/0327247c5ff/85914bdd8e1edc998c480/big_1544760089_Music3.png","small_image_url":"https://coub-anubis-a.akamaized.net/coub_storage/category/cw_image/0327247c5ff/85914bdd8e1edc998c480/small_1544760089_Music3.png","med_image_url":"https://coub-anubis-a.akamaized.net/coub_storage/category/cw_image/0327247c5ff/85914bdd8e1edc998c480/med_1544760089_Music3.png","visible":true}],"communities":[{"id":8,"title":"Music","permalink":"music","subscriptions_count":10082461,"big_image_url":"https://coub-anubis-a.akamaized.net/coub_storage/category/cw_image/0327247c5ff/85914bdd8e1edc998c480/big_1544760089_Music3.png","small_image_url":"https://coub-anubis-a.akamaized.net/coub_storage/category/cw_image/0327247c5ff/85914bdd8e1edc998c480/small_1544760089_Music3.png","med_image_url":"https://coub-anubis-a.akamaized.net/coub_storage/category/cw_image/0327247c5ff/85914bdd8e1edc998c480/med_1544760089_Music3.png","i_subscribed":true,"community_notifications_enabled":null,"description":null}],"recoubs_count":743,"remixes_count":0,"likes_count":3958,"dislikes_count":0,"raw_video_id":15426392,"uploaded_by_ios_app":false,"uploaded_by_android_app":false,"media_blocks":{"uploaded_raw_videos":[],"external_raw_videos":[],"remixed_from_coubs":[]},"raw_video_thumbnail_url":"/missing/missing.png","raw_video_title":"92358cec0f7a4f0aa65e8ca4662eb669.mp4","video_block_banned":false,"duration":10.0,"promo_winner":false,"promo_winner_recoubers":null,"editorial_info":{},"promo_hint":null,"beeline_best_2014":null,"from_web_editor":true,"normalize_sound":false,"normalize_change_allowed":true,"best2015_addable":false,"ahmad_promo":null,"promo_data":null,"audio_copyright_claim":null,"ads_disabled":false,"is_safe_for_ads":true,"megafon_contents":[],"position_on_page":8},{"flag":null,"abuses":null,"recoubs_by_users_channels":null,"favourite":false,"promoted_id":null,"recoub":null,"like":null,"dislike":null,"reaction":null,"in_my_best2015":false,"id":114231536,"type":"Coub::Simple","permalink":"1vlqyj","title":"чистоплотная","visibility_type":"public","original_visibility_type":"public","channel_id":5620402,"created_at":"2019-06-06T13:25:25Z","updated_at":"2022-03-12T18:36:16Z","is_done":true,"views_count":246611,"cotd":null,"cotd_at":null,"visible_on_explore_root":false,"visible_on_explore":false,"featured":false,"published":true,"published_at":"2019-06-06T13:25:25Z","reversed":false,"from_editor_v2":true,"is_editable":true,"original_sound":false,"has_sound":false,"recoub_to":null,"file_versions":{"html5":{"video":{"higher":{"url":"https://coub-anubis-a.akamaized.net/coub_storage/coub/simple/cw_file/bc121441db6/7dfcdd54efb5a91d2af94/muted_mp4_huge_size_1568956727_muted_huge.mp4","size":6505618},"high":{"url":"https://coub-anubis-a.akamaized.net/coub_storage/coub/simple/cw_file/bc121441db6/7dfcdd54efb5a91d2af94/muted_mp4_big_size_1568956727_muted_big.mp4","size":5110483},"med":{"url":"https://coub-anubis-a.akamaized.net/coub_storage/coub/simple/cw_file/bc121441db6/7dfcdd54efb5a91d2af94/muted_mp4_med_size_1568956727_muted_med.mp4","size":1487553}},"audio":{"high":{"url":"https://coub-anubis-a.akamaized.net/coub_storage/coub/simple/cw_looped_audio_high/e851e686ab2/8c87358161cfbcf0a9085/1605660990_high_1559827554_high.mp3","size":1034520},"med":{"url":"https://coub-anubis-a.akamaized.net/coub_storage/coub/simple/cw_looped_audio_med/bccc27a638a/e5bfee6d088f491314567/1605660989_med_1559827554_med.mp3","size":768531}}},"mobile":{"video":"https://coub-anubis-a.akamaized.net/coub_storage/coub/simple/cw_file/bc121441db6/7dfcdd54efb5a91d2af94/muted_mp4_med_size_1568956727_muted_med.mp4","audio":["https://coub-anubis-a.akamaized.net/coub_storage/coub/simple/cw_looped_audio_med/bccc27a638a/e5bfee6d088f491314567/1605660989_med_1559827554_med.mp3"]},"share":{"default":"https://coub-anubis-a.akamaized.net/coub_storage/coub/simple/cw_video_for_sharing/48baf4c5724/c66438d688e55812d3818/1608839724_looped_1608839723.mp4"}},"audio_versions":{"template":"https://coub-anubis-a.akamaized.net/coub_storage/audio_track/cw_normalized_copy/b49df4bb48b/44949ca6ecb121511f848/mid_1559827551_normalized_1559827546_16fszka_edited.mp3","versions":["mid","low"]},"image_versions":{"template":"https://coub-anubis-a.akamaized.net/coub_storage/coub/simple/cw_image/4bcf5418ccc/111ec879884155c08e375/1559827566_00029.jpg","versions":["micro","tiny","age_restricted","ios_large","ios_mosaic","big","med","small","pinterest"]},"first_frame_versions":{"template":"https://coub-anubis-a.akamaized.net/coub_storage/coub/simple/cw_timeline_pic/701f42d4687/c6e5c873f47702f49fc00/1559827565_image.jpg","versions":["big","med","small","ios_large"]},"dimensions":{"big":[1280,544],"med":[640,272]},"site_w_h":[640,272],"page_w_h":[640,272],"site_w_h_small":[310,132],"size":[1280,544],"age_restricted":false,"age_restricted_by_admin":false,"not_safe_for_work":false,"allow_reuse":false,"dont_crop":false,"banned":false,"global_safe":false,"audio_file_url":"https://coub-anubis-a.akamaized.net/coub_storage/audio_track/cw_normalized_copy/b49df4bb48b/44949ca6ecb121511f848/low_1559827551_normalized_1559827546_16fszka_edited.mp3","external_download":false,"application":null,"channel":{"id":5620402,"permalink":"anvit121","title":"anvit","description":null,"followers_count":47,"following_count":71,"avatar_versions":{"template":"https://coub-anubis-a.akamaized.net/coub_storage/channel/cw_avatar/00f45bd4a2c/18372b1ccbc2833c6af52/%{version}_1607424541_6yv2fj_1558147774_IMG_4650.JPG","versions":["medium","medium_2x","profile_pic","profile_pic_new","profile_pic_new_2x","tiny","tiny_2x","small","small_2x","ios_large","ios_small"]}},"file":null,"picture":"https://coub-anubis-a.akamaized.net/coub_storage/coub/simple/cw_image/4bcf5418ccc/111ec879884155c08e375/1559827566_00029.jpg","timeline_picture":"https://coub-anubis-a.akamaized.net/coub_storage/coub/simple/cw_timeline_pic/701f42d4687/c6e5c873f47702f49fc00/1559827565_image.jpg","small_picture":"https://coub-anubis-a.akamaized.net/coub_storage/coub/simple/cw_image/4bcf5418ccc/111ec879884155c08e375/1559827566_00029.jpg","sharing_picture":null,"percent_done":100,"tags":[{"id":707983,"title":"водица","value":"%D0%B2%D0%BE%D0%B4%D0%B8%D1%86%D0%B0"},{"id":26233,"title":"бузова","value":"%D0%B1%D1%83%D0%B7%D0%BE%D0%B2%D0%B0"},{"id":107685,"title":"ольга бузова","value":"%D0%BE%D0%BB%D1%8C%D0%B3%D0%B0%20%D0%B1%D1%83%D0%B7%D0%BE%D0%B2%D0%B0"},{"id":4940890,"title":"бузова премьера","value":"%D0%B1%D1%83%D0%B7%D0%BE%D0%B2%D0%B0%20%D0%BF%D1%80%D0%B5%D0%BC%D1%8C%D0%B5%D1%80%D0%B0"},{"id":4940891,"title":"бузова смотреть","value":"%D0%B1%D1%83%D0%B7%D0%BE%D0%B2%D0%B0%20%D1%81%D0%BC%D0%BE%D1%82%D1%80%D0%B5%D1%82%D1%8C"},{"id":89601,"title":"поп музыка","value":"%D0%BF%D0%BE%D0%BF%20%D0%BC%D1%83%D0%B7%D1%8B%D0%BA%D0%B0"},{"id":4991022,"title":"с ветки на ветку","value":"%D1%81%20%D0%B2%D0%B5%D1%82%D0%BA%D0%B8%20%D0%BD%D0%B0%20%D0%B2%D0%B5%D1%82%D0%BA%D1%83"},{"id":4991023,"title":"разводиться","value":"%D1%80%D0%B0%D0%B7%D0%B2%D0%BE%D0%B4%D0%B8%D1%82%D1%8C%D1%81%D1%8F"},{"id":4991024,"title":"разводица","value":"%D1%80%D0%B0%D0%B7%D0%B2%D0%BE%D0%B4%D0%B8%D1%86%D0%B0"},{"id":2829155,"title":"клип бузовой","value":"%D0%BA%D0%BB%D0%B8%D0%BF%20%D0%B1%D1%83%D0%B7%D0%BE%D0%B2%D0%BE%D0%B9"},{"id":3143213,"title":"клип бузова","value":"%D0%BA%D0%BB%D0%B8%D0%BF%20%D0%B1%D1%83%D0%B7%D0%BE%D0%B2%D0%B0"},{"id":69779,"title":"русская музыка","value":"%D1%80%D1%83%D1%81%D1%81%D0%BA%D0%B0%D1%8F%20%D0%BC%D1%83%D0%B7%D1%8B%D0%BA%D0%B0"},{"id":1260829,"title":"красивый клип","value":"%D0%BA%D1%80%D0%B0%D1%81%D0%B8%D0%B2%D1%8B%D0%B9%20%D0%BA%D0%BB%D0%B8%D0%BF"},{"id":4610723,"title":"премьера клипа 2019","value":"%D0%BF%D1%80%D0%B5%D0%BC%D1%8C%D0%B5%D1%80%D0%B0%20%D0%BA%D0%BB%D0%B8%D0%BF%D0%B0%202019"},{"id":4991025,"title":"клип водица","value":"%D0%BA%D0%BB%D0%B8%D0%BF%20%D0%B2%D0%BE%D0%B4%D0%B8%D1%86%D0%B0"},{"id":4707060,"title":"новая песня 2019","value":"%D0%BD%D0%BE%D0%B2%D0%B0%D1%8F%20%D0%BF%D0%B5%D1%81%D0%BD%D1%8F%202019"},{"id":1063177,"title":"olga buzova","value":"olga%20buzova"},{"id":2860652,"title":"ольга бузова клип","value":"%D0%BE%D0%BB%D1%8C%D0%B3%D0%B0%20%D0%B1%D1%83%D0%B7%D0%BE%D0%B2%D0%B0%20%D0%BA%D0%BB%D0%B8%D0%BF"},{"id":2829150,"title":"новый клип бузовой","value":"%D0%BD%D0%BE%D0%B2%D1%8B%D0%B9%20%D0%BA%D0%BB%D0%B8%D0%BF%20%D0%B1%D1%83%D0%B7%D0%BE%D0%B2%D0%BE%D0%B9"},{"id":44986,"title":"новая музыка","value":"%D0%BD%D0%BE%D0%B2%D0%B0%D1%8F%20%D0%BC%D1%83%D0%B7%D1%8B%D0%BA%D0%B0"}],"categories":[{"id":8,"title":"Music","permalink":"music","subscriptions_count":10082461,"big_image_url":"https://coub-anubis-a.akamaized.net/coub_storage/category/cw_image/0327247c5ff/85914bdd8e1edc998c480/big_1544760089_Music3.png","small_image_url":"https://coub-anubis-a.akamaized.net/coub_storage/category/cw_image/0327247c5ff/85914bdd8e1edc998c480/small_1544760089_Music3.png","med_image_url":"https://coub-anubis-a.akamaized.net/coub_storage/category/cw_image/0327247c5ff/85914bdd8e1edc998c480/med_1544760089_Music3.png","visible":true}],"communities":[{"id":8,"title":"Music","permalink":"music","subscriptions_count":10082461,"big_image_url":"https://coub-anubis-a.akamaized.net/coub_storage/category/cw_image/0327247c5ff/85914bdd8e1edc998c480/big_1544760089_Music3.png","small_image_url":"https://coub-anubis-a.akamaized.net/coub_storage/category/cw_image/0327247c5ff/85914bdd8e1edc998c480/small_1544760089_Music3.png","med_image_url":"https://coub-anubis-a.akamaized.net/coub_storage/category/cw_image/0327247c5ff/85914bdd8e1edc998c480/med_1544760089_Music3.png","i_subscribed":true,"community_notifications_enabled":null,"description":null}],"recoubs_count":741,"remixes_count":3,"likes_count":3957,"dislikes_count":0,"raw_video_id":"","uploaded_by_ios_app":false,"uploaded_by_android_app":false,"media_blocks":{"uploaded_raw_videos":[],"external_raw_videos":[],"remixed_from_coubs":[{"id":32093510,"title":"В ванночке водица","url":"https://coub.com/coubs/1vjbcu/remix","image":"https://coub-anubis-a.akamaized.net/coub_storage/media_block/cw_image/7df34d36cc7/197af846e707079720f55/1559728102_1llvy6f_1559728089_00032.jpg","image_retina":"https://coub-anubis-a.akamaized.net/coub_storage/media_block/cw_image/7df34d36cc7/197af846e707079720f55/1559728102_1llvy6f_1559728089_00032.jpg","meta":{"duration":"10.0"},"duration":null,"coub_channel_title":"Mila Zhuykova","coub_channel_permalink":"mila-zhuykova","coub_views_count":69290,"coub_permalink":"1vjbcu"}]},"raw_video_thumbnail_url":"","raw_video_title":"","video_block_banned":false,"duration":9.0,"promo_winner":false,"promo_winner_recoubers":null,"editorial_info":{},"promo_hint":null,"beeline_best_2014":null,"from_web_editor":true,"normalize_sound":true,"normalize_change_allowed":true,"best2015_addable":false,"ahmad_promo":null,"promo_data":null,"audio_copyright_claim":null,"ads_disabled":false,"is_safe_for_ads":true,"megafon_contents":[],"position_on_page":9},{"flag":null,"abuses":null,"recoubs_by_users_channels":null,"favourite":false,"promoted_id":null,"recoub":null,"like":null,"dislike":null,"reaction":null,"in_my_best2015":false,"id":108867907,"type":"Coub::Simple","permalink":"1sesbm","title":"Parody of Seth Everman","visibility_type":"public","original_visibility_type":"public","channel_id":3959167,"created_at":"2019-04-15T06:12:54Z","updated_at":"2022-03-15T14:08:55Z","is_done":true,"views_count":247900,"cotd":null,"cotd_at":null,"visible_on_explore_root":false,"visible_on_explore":false,"featured":false,"published":true,"published_at":"2019-04-15T06:12:53Z","reversed":false,"from_editor_v2":true,"is_editable":true,"original_sound":true,"has_sound":true,"recoub_to":null,"file_versions":{"html5":{"video":{"higher":{"url":"https://coub-anubis-a.akamaized.net/coub_storage/coub/simple/cw_file/f61680d92f1/7c97d89559e610889e92f/muted_mp4_huge_size_1569139825_muted_huge.mp4","size":3279992},"high":{"url":"https://coub-anubis-a.akamaized.net/coub_storage/coub/simple/cw_file/f61680d92f1/7c97d89559e610889e92f/muted_mp4_big_size_1569139825_muted_big.mp4","size":2525229},"med":{"url":"https://coub-anubis-a.akamaized.net/coub_storage/coub/simple/cw_file/f61680d92f1/7c97d89559e610889e92f/muted_mp4_med_size_1569139825_muted_med.mp4","size":797824}},"audio":{"high":{"url":"https://coub-anubis-a.akamaized.net/coub_storage/coub/simple/cw_looped_audio_high/972a70229a6/1b5cf1ab77064c8cbaf73/1605684031_high_1555308794_high.mp3","size":1064201},"med":{"url":"https://coub-anubis-a.akamaized.net/coub_storage/coub/simple/cw_looped_audio_med/880d7b7f5f2/872bc682e344a84cc8e70/1605684030_med_1555308794_med.mp3","size":801474},"sample_duration":10.031}},"mobile":{"video":"https://coub-anubis-a.akamaized.net/coub_storage/coub/simple/cw_file/f61680d92f1/7c97d89559e610889e92f/muted_mp4_med_size_1569139825_muted_med.mp4","audio":["https://coub-anubis-a.akamaized.net/coub_storage/coub/simple/cw_looped_audio_med/880d7b7f5f2/872bc682e344a84cc8e70/1605684030_med_1555308794_med.mp3"]},"share":{"default":"https://coub-anubis-a.akamaized.net/coub_storage/coub/simple/cw_video_for_sharing/5d9021832b6/19bbda68d92277e408d72/1608392911_looped_1608392910.mp4"}},"audio_versions":{},"image_versions":{"template":"https://coub-anubis-a.akamaized.net/coub_storage/coub/simple/cw_image/3538e6cc286/f08fc87964d0dc60d8845/1555308802_00032.jpg","versions":["micro","tiny","age_restricted","ios_large","ios_mosaic","big","med","small","pinterest"]},"first_frame_versions":{"template":"https://coub-anubis-a.akamaized.net/coub_storage/coub/simple/cw_timeline_pic/a34dc253633/f7d47189694b297afb58b/1555308801_image.jpg","versions":["big","med","small","ios_large"]},"dimensions":{"big":[1280,720],"med":[640,360]},"site_w_h":[640,360],"page_w_h":[640,360],"site_w_h_small":[310,174],"size":[1280,720],"age_restricted":false,"age_restricted_by_admin":false,"not_safe_for_work":false,"allow_reuse":false,"dont_crop":false,"banned":false,"global_safe":true,"audio_file_url":null,"external_download":{"type":"Youtube","service_name":"YouTube","url":"https://www.youtube.com/watch?v=VSPuRXkUWoU","has_embed":true},"application":null,"channel":{"id":3959167,"permalink":"k.-.s000","title":"k._.s","description":null,"followers_count":37,"following_count":2,"avatar_versions":{"template":"https://coub-anubis-a.akamaized.net/coub_storage/channel/cw_avatar/6faaa34207e/124f0d45e5ace1b4fec6c/%{version}_1607824228_sg3kh0_1555666912_MMEUC_k0w6Y.jpg","versions":["medium","medium_2x","profile_pic","profile_pic_new","profile_pic_new_2x","tiny","tiny_2x","small","small_2x","ios_large","ios_small"]}},"file":null,"picture":"https://coub-anubis-a.akamaized.net/coub_storage/coub/simple/cw_image/3538e6cc286/f08fc87964d0dc60d8845/1555308802_00032.jpg","timeline_picture":"https://coub-anubis-a.akamaized.net/coub_storage/coub/simple/cw_timeline_pic/a34dc253633/f7d47189694b297afb58b/1555308801_image.jpg","small_picture":"https://coub-anubis-a.akamaized.net/coub_storage/coub/simple/cw_image/3538e6cc286/f08fc87964d0dc60d8845/1555308802_00032.jpg","sharing_picture":null,"percent_done":100,"tags":[{"id":1322288,"title":"setheverman","value":"setheverman"},{"id":3232,"title":"piano","value":"piano"},{"id":1415044,"title":"billie eilish","value":"billie%20eilish"},{"id":9216,"title":"bad guy","value":"bad%20guy"},{"id":4815129,"title":"billie eilish bad guy","value":"billie%20eilish%20bad%20guy"},{"id":6574,"title":"remake","value":"remake"},{"id":1237,"title":"remix","value":"remix"},{"id":4853869,"title":"bad guy remix","value":"bad%20guy%20remix"},{"id":4853870,"title":"bad guy remake","value":"bad%20guy%20remake"},{"id":4853871,"title":"bad guy parody","value":"bad%20guy%20parody"},{"id":4853872,"title":"billie eilish parody","value":"billie%20eilish%20parody"},{"id":3719,"title":"parody","value":"parody"},{"id":4853873,"title":"billy eyelash","value":"billy%20eyelash"}],"categories":[{"id":8,"title":"Music","permalink":"music","subscriptions_count":10082461,"big_image_url":"https://coub-anubis-a.akamaized.net/coub_storage/category/cw_image/0327247c5ff/85914bdd8e1edc998c480/big_1544760089_Music3.png","small_image_url":"https://coub-anubis-a.akamaized.net/coub_storage/category/cw_image/0327247c5ff/85914bdd8e1edc998c480/small_1544760089_Music3.png","med_image_url":"https://coub-anubis-a.akamaized.net/coub_storage/category/cw_image/0327247c5ff/85914bdd8e1edc998c480/med_1544760089_Music3.png","visible":true}],"communities":[{"id":8,"title":"Music","permalink":"music","subscriptions_count":10082461,"big_image_url":"https://coub-anubis-a.akamaized.net/coub_storage/category/cw_image/0327247c5ff/85914bdd8e1edc998c480/big_1544760089_Music3.png","small_image_url":"https://coub-anubis-a.akamaized.net/coub_storage/category/cw_image/0327247c5ff/85914bdd8e1edc998c480/small_1544760089_Music3.png","med_image_url":"https://coub-anubis-a.akamaized.net/coub_storage/category/cw_image/0327247c5ff/85914bdd8e1edc998c480/med_1544760089_Music3.png","i_subscribed":true,"community_notifications_enabled":null,"description":null}],"recoubs_count":9,"remixes_count":0,"likes_count":3955,"dislikes_count":0,"raw_video_id":13542424,"uploaded_by_ios_app":false,"uploaded_by_android_app":false,"media_blocks":{"uploaded_raw_videos":[],"external_raw_videos":[{"id":31365304,"title":"how to create billie eilish's \"bad guy\"","url":"https://www.youtube.com/watch?v=VSPuRXkUWoU","image":"https://coub-anubis-a.akamaized.net/coub_storage/media_block/cw_image/ee91221dbd3/2bef847b084d9e9b97b70/1555192811_1v7gstv_1555192796_se76vf_att-url-download.jpg","image_retina":"https://coub-anubis-a.akamaized.net/coub_storage/media_block/cw_image/ee91221dbd3/2bef847b084d9e9b97b70/1555192811_1v7gstv_1555192796_se76vf_att-url-download.jpg","meta":{"service":"Youtube","duration":"46.64"},"duration":46.64,"raw_video_id":13542424,"has_embed":true}],"remixed_from_coubs":[],"external_video":{"id":31365304,"title":"how to create billie eilish's \"bad guy\"","url":"https://www.youtube.com/watch?v=VSPuRXkUWoU","image":"https://coub-anubis-a.akamaized.net/coub_storage/media_block/cw_image/ee91221dbd3/2bef847b084d9e9b97b70/1555192811_1v7gstv_1555192796_se76vf_att-url-download.jpg","image_retina":"https://coub-anubis-a.akamaized.net/coub_storage/media_block/cw_image/ee91221dbd3/2bef847b084d9e9b97b70/1555192811_1v7gstv_1555192796_se76vf_att-url-download.jpg","meta":{"service":"Youtube","duration":"46.64"},"duration":46.64,"raw_video_id":13542424,"has_embed":true}},"raw_video_thumbnail_url":"/missing/missing.png","raw_video_title":"how to create billie eilish's \"bad guy\"","video_block_banned":false,"duration":9.96,"promo_winner":false,"promo_winner_recoubers":null,"editorial_info":{},"promo_hint":null,"beeline_best_2014":null,"from_web_editor":true,"normalize_sound":true,"normalize_change_allowed":true,"best2015_addable":false,"ahmad_promo":null,"promo_data":null,"audio_copyright_claim":null,"ads_disabled":false,"is_safe_for_ads":true,"megafon_contents":[],"position_on_page":10}]}